experiment_id,map_path,scenario_path,num_agents,scenario_index,seed,solved,makespan_success,total_runtime_ms,total_cnf_clauses,total_cnf_variables,total_mdd_build_ms,total_cnf_build_ms,total_lazy_wall_ms,total_lazy_solver_wall_ms,total_lazy_solver_reported_ms
_home_max_Documents_PhD_MAPF_LNS_MAPF_LNS_SAT_mapf-map_room-32-32-4_map-_home_max_Documents_PhD_MAPF_LNS_MAPF_LNS_SAT_mapf-scen-even_scen-even_room-32-32-4-even-1_scen-agents10-idx0-seed42-1783527301769,/home/max/Documents/PhD/MAPF/LNS/MAPF_LNS_SAT/mapf-map/room-32-32-4.map,/home/max/Documents/PhD/MAPF/LNS/MAPF_LNS_SAT/mapf-scen-even/scen-even/room-32-32-4-even-1.scen,10,0,42,1,46,11.625000,259,106,0.000000,0.089000,0.332000,0.245000,0.028197
_home_max_Documents_PhD_MAPF_LNS_MAPF_LNS_SAT_mapf-map_room-32-32-4_map-_home_max_Documents_PhD_MAPF_LNS_MAPF_LNS_SAT_mapf-scen-even_scen-even_room-32-32-4-even-1_scen-agents10-idx1-seed42-1783527301822,/home/max/Documents/PhD/MAPF/LNS/MAPF_LNS_SAT/mapf-map/room-32-32-4.map,/home/max/Documents/PhD/MAPF/LNS/MAPF_LNS_SAT/mapf-scen-even/scen-even/room-32-32-4-even-1.scen,10,1,42,1,50,23.352000,1554,437,0.000000,0.957000,2.401000,1.994000,0.216551
_home_max_Documents_PhD_MAPF_LNS_MAPF_LNS_SAT_mapf-map_room-32-32-4_map-_home_max_Documents_PhD_MAPF_LNS_MAPF_LNS_SAT_mapf-scen-even_scen-even_room-32-32-4-even-1_scen-agents10-idx2-seed42-1783527301874,/home/max/Documents/PhD/MAPF/LNS/MAPF_LNS_SAT/mapf-map/room-32-32-4.map,/home/max/Documents/PhD/MAPF/LNS/MAPF_LNS_SAT/mapf-scen-even/scen-even/room-32-32-4-even-1.scen,10,2,42,1,51,16.742000,148,59,0.000000,0.069000,0.280000,0.206000,0.026582
_home_max_Documents_PhD_MAPF_LNS_MAPF_LNS_SAT_mapf-map_room-32-32-4_map-_home_max_Documents_PhD_MAPF_LNS_MAPF_LNS_SAT_mapf-scen-even_scen-even_room-32-32-4-even-1_scen-agents10-idx3-seed42-1783527301923,/home/max/Documents/PhD/MAPF/LNS/MAPF_LNS_SAT/mapf-map/room-32-32-4.map,/home/max/Documents/PhD/MAPF/LNS/MAPF_LNS_SAT/mapf-scen-even/scen-even/room-32-32-4-even-1.scen,10,3,42,1,47,17.886000,108,46,0.001000,0.094000,0.414000,0.299000,0.045247
_home_max_Documents_PhD_MAPF_LNS_MAPF_LNS_SAT_mapf-map_room-32-32-4_map-_home_max_Documents_PhD_MAPF_LNS_MAPF_LNS_SAT_mapf-scen-even_scen-even_room-32-32-4-even-1_scen-agents10-idx4-seed42-1783527301972,/home/max/Documents/PhD/MAPF/LNS/MAPF_LNS_SAT/mapf-map/room-32-32-4.map,/home/max/Documents/PhD/MAPF/LNS/MAPF_LNS_SAT/mapf-scen-even/scen-even/room-32-32-4-even-1.scen,10,4,42,1,54,23.797000,1235,395,0.000000,0.825000,1.971000,1.610000,0.152040
_home_max_Documents_PhD_MAPF_LNS_MAPF_LNS_SAT_mapf-map_room-32-32-4_map-_home_max_Documents_PhD_MAPF_LNS_MAPF_LNS_SAT_mapf-scen-even_scen-even_room-32-32-4-even-1_scen-agents10-idx5-seed42-1783527302024,/home/max/Documents/PhD/MAPF/LNS/MAPF_LNS_SAT/mapf-map/room-32-32-4.map,/home/max/Documents/PhD/MAPF/LNS/MAPF_LNS_SAT/mapf-scen-even/scen-even/room-32-32-4-even-1.scen,10,5,42,1,53,15.742000,0,0,0.000000,0.000000,0.000000,0.000000,0.000000
_home_max_Documents_PhD_MAPF_LNS_MAPF_LNS_SAT_mapf-map_room-32-32-4_map-_home_max_Documents_PhD_MAPF_LNS_MAPF_LNS_SAT_mapf-scen-even_scen-even_room-32-32-4-even-1_scen-agents10-idx6-seed42-1783527302077,/home/max/Documents/PhD/MAPF/LNS/MAPF_LNS_SAT/mapf-map/room-32-32-4.map,/home/max/Documents/PhD/MAPF/LNS/MAPF_LNS_SAT/mapf-scen-even/scen-even/room-32-32-4-even-1.scen,10,6,42,1,54,19.932000,439,147,0.000000,0.323000,0.913000,0.732000,0.054542
_home_max_Documents_PhD_MAPF_LNS_MAPF_LNS_SAT_mapf-map_room-32-32-4_map-_home_max_Documents_PhD_MAPF_LNS_MAPF_LNS_SAT_mapf-scen-even_scen-even_room-32-32-4-even-1_scen-agents10-idx7-seed42-1783527302125,/home/max/Documents/PhD/MAPF/LNS/MAPF_LNS_SAT/mapf-map/room-32-32-4.map,/home/max/Documents/PhD/MAPF/LNS/MAPF_LNS_SAT/mapf-scen-even/scen-even/room-32-32-4-even-1.scen,10,7,42,1,52,52.647000,33885,3065,0.000000,9.519000,19.524000,18.834000,0.615089
_home_max_Documents_PhD_MAPF_LNS_MAPF_LNS_SAT_mapf-map_room-32-32-4_map-_home_max_Documents_PhD_MAPF_LNS_MAPF_LNS_SAT_mapf-scen-even_scen-even_room-32-32-4-even-1_scen-agents10-idx8-seed42-1783527302226,/home/max/Documents/PhD/MAPF/LNS/MAPF_LNS_SAT/mapf-map/room-32-32-4.map,/home/max/Documents/PhD/MAPF/LNS/MAPF_LNS_SAT/mapf-scen-even/scen-even/room-32-32-4-even-1.scen,10,8,42,1,54,19.297000,311,107,0.000000,0.225000,0.814000,0.594000,0.070032
_home_max_Documents_PhD_MAPF_LNS_MAPF_LNS_SAT_mapf-map_room-32-32-4_map-_home_max_Documents_PhD_MAPF_LNS_MAPF_LNS_SAT_mapf-scen-even_scen-even_room-32-32-4-even-1_scen-agents10-idx9-seed42-1783527302277,/home/max/Documents/PhD/MAPF/LNS/MAPF_LNS_SAT/mapf-map/room-32-32-4.map,/home/max/Documents/PhD/MAPF/LNS/MAPF_LNS_SAT/mapf-scen-even/scen-even/room-32-32-4-even-1.scen,10,9,42,1,55,14.439000,0,0,0.000000,0.000000,0.000000,0.000000,0.000000
_home_max_Documents_PhD_MAPF_LNS_MAPF_LNS_SAT_mapf-map_room-32-32-4_map-_home_max_Documents_PhD_MAPF_LNS_MAPF_LNS_SAT_mapf-scen-even_scen-even_room-32-32-4-even-1_scen-agents10-idx10-seed42-1783527302329,/home/max/Documents/PhD/MAPF/LNS/MAPF_LNS_SAT/mapf-map/room-32-32-4.map,/home/max/Documents/PhD/MAPF/LNS/MAPF_LNS_SAT/mapf-scen-even/scen-even/room-32-32-4-even-1.scen,10,10,42,1,53,18.624000,389,143,0.000000,0.172000,0.632000,0.518000,0.051851
_home_max_Documents_PhD_MAPF_LNS_MAPF_LNS_SAT_mapf-map_room-32-32-4_map-_home_max_Documents_PhD_MAPF_LNS_MAPF_LNS_SAT_mapf-scen-even_scen-even_room-32-32-4-even-1_scen-agents10-idx11-seed42-1783527302375,/home/max/Documents/PhD/MAPF/LNS/MAPF_LNS_SAT/mapf-map/room-32-32-4.map,/home/max/Documents/PhD/MAPF/LNS/MAPF_LNS_SAT/mapf-scen-even/scen-even/room-32-32-4-even-1.scen,10,11,42,1,53,12922.193000,5206097,70409,0.003000,6798.783000,5897.836000,5467.770000,55.403483
_home_max_Documents_PhD_MAPF_LNS_MAPF_LNS_SAT_mapf-map_room-32-32-4_map-_home_max_Documents_PhD_MAPF_LNS_MAPF_LNS_SAT_mapf-scen-even_scen-even_room-32-32-4-even-1_scen-agents10-idx12-seed42-1783527315357,/home/max/Documents/PhD/MAPF/LNS/MAPF_LNS_SAT/mapf-map/room-32-32-4.map,/home/max/Documents/PhD/MAPF/LNS/MAPF_LNS_SAT/mapf-scen-even/scen-even/room-32-32-4-even-1.scen,10,12,42,1,41,19.701000,1112,298,0.000000,0.627000,1.736000,1.397000,0.275418
_home_max_Documents_PhD_MAPF_LNS_MAPF_LNS_SAT_mapf-map_room-32-32-4_map-_home_max_Documents_PhD_MAPF_LNS_MAPF_LNS_SAT_mapf-scen-even_scen-even_room-32-32-4-even-2_scen-agents10-idx0-seed42-1783527315410,/home/max/Documents/PhD/MAPF/LNS/MAPF_LNS_SAT/mapf-map/room-32-32-4.map,/home/max/Documents/PhD/MAPF/LNS/MAPF_LNS_SAT/mapf-scen-even/scen-even/room-32-32-4-even-2.scen,10,0,42,1,51,18.619000,526,165,0.000000,0.282000,0.911000,0.701000,0.072174
_home_max_Documents_PhD_MAPF_LNS_MAPF_LNS_SAT_mapf-map_room-32-32-4_map-_home_max_Documents_PhD_MAPF_LNS_MAPF_LNS_SAT_mapf-scen-even_scen-even_room-32-32-4-even-2_scen-agents10-idx1-seed42-1783527315460,/home/max/Documents/PhD/MAPF/LNS/MAPF_LNS_SAT/mapf-map/room-32-32-4.map,/home/max/Documents/PhD/MAPF/LNS/MAPF_LNS_SAT/mapf-scen-even/scen-even/room-32-32-4-even-2.scen,10,1,42,1,50,26.065000,4407,1181,0.000000,1.487000,3.310000,2.887000,0.225903
_home_max_Documents_PhD_MAPF_LNS_MAPF_LNS_SAT_mapf-map_room-32-32-4_map-_home_max_Documents_PhD_MAPF_LNS_MAPF_LNS_SAT_mapf-scen-even_scen-even_room-32-32-4-even-2_scen-agents10-idx2-seed42-1783527315511,/home/max/Documents/PhD/MAPF/LNS/MAPF_LNS_SAT/mapf-map/room-32-32-4.map,/home/max/Documents/PhD/MAPF/LNS/MAPF_LNS_SAT/mapf-scen-even/scen-even/room-32-32-4-even-2.scen,10,2,42,1,54,21.074000,866,276,0.000000,0.540000,1.445000,1.159000,0.115018
_home_max_Documents_PhD_MAPF_LNS_MAPF_LNS_SAT_mapf-map_room-32-32-4_map-_home_max_Documents_PhD_MAPF_LNS_MAPF_LNS_SAT_mapf-scen-even_scen-even_room-32-32-4-even-2_scen-agents10-idx3-seed42-1783527315561,/home/max/Documents/PhD/MAPF/LNS/MAPF_LNS_SAT/mapf-map/room-32-32-4.map,/home/max/Documents/PhD/MAPF/LNS/MAPF_LNS_SAT/mapf-scen-even/scen-even/room-32-32-4-even-2.scen,10,3,42,1,51,17.265000,422,170,0.000000,0.205000,0.676000,0.499000,0.091063
_home_max_Documents_PhD_MAPF_LNS_MAPF_LNS_SAT_mapf-map_room-32-32-4_map-_home_max_Documents_PhD_MAPF_LNS_MAPF_LNS_SAT_mapf-scen-even_scen-even_room-32-32-4-even-2_scen-agents10-idx4-seed42-1783527315613,/home/max/Documents/PhD/MAPF/LNS/MAPF_LNS_SAT/mapf-map/room-32-32-4.map,/home/max/Documents/PhD/MAPF/LNS/MAPF_LNS_SAT/mapf-scen-even/scen-even/room-32-32-4-even-2.scen,10,4,42,1,53,20.448000,2200,565,0.000000,0.864000,2.382000,2.151000,0.144748
_home_max_Documents_PhD_MAPF_LNS_MAPF_LNS_SAT_mapf-map_room-32-32-4_map-_home_max_Documents_PhD_MAPF_LNS_MAPF_LNS_SAT_mapf-scen-even_scen-even_room-32-32-4-even-2_scen-agents10-idx5-seed42-1783527315664,/home/max/Documents/PhD/MAPF/LNS/MAPF_LNS_SAT/mapf-map/room-32-32-4.map,/home/max/Documents/PhD/MAPF/LNS/MAPF_LNS_SAT/mapf-scen-even/scen-even/room-32-32-4-even-2.scen,10,5,42,1,49,18.274000,495,177,0.000000,0.246000,0.656000,0.493000,0.050536
_home_max_Documents_PhD_MAPF_LNS_MAPF_LNS_SAT_mapf-map_room-32-32-4_map-_home_max_Documents_PhD_MAPF_LNS_MAPF_LNS_SAT_mapf-scen-even_scen-even_room-32-32-4-even-2_scen-agents10-idx6-seed42-1783527315714,/home/max/Documents/PhD/MAPF/LNS/MAPF_LNS_SAT/mapf-map/room-32-32-4.map,/home/max/Documents/PhD/MAPF/LNS/MAPF_LNS_SAT/mapf-scen-even/scen-even/room-32-32-4-even-2.scen,10,6,42,1,55,17.372000,202,88,0.000000,0.108000,0.442000,0.320000,0.033043
_home_max_Documents_PhD_MAPF_LNS_MAPF_LNS_SAT_mapf-map_room-32-32-4_map-_home_max_Documents_PhD_MAPF_LNS_MAPF_LNS_SAT_mapf-scen-even_scen-even_room-32-32-4-even-2_scen-agents10-idx7-seed42-1783527315764,/home/max/Documents/PhD/MAPF/LNS/MAPF_LNS_SAT/mapf-map/room-32-32-4.map,/home/max/Documents/PhD/MAPF/LNS/MAPF_LNS_SAT/mapf-scen-even/scen-even/room-32-32-4-even-2.scen,10,7,42,1,54,16.694000,94,38,0.000000,0.053000,0.237000,0.176000,0.025890
_home_max_Documents_PhD_MAPF_LNS_MAPF_LNS_SAT_mapf-map_room-32-32-4_map-_home_max_Documents_PhD_MAPF_LNS_MAPF_LNS_SAT_mapf-scen-even_scen-even_room-32-32-4-even-2_scen-agents10-idx8-seed42-1783527315816,/home/max/Documents/PhD/MAPF/LNS/MAPF_LNS_SAT/mapf-map/room-32-32-4.map,/home/max/Documents/PhD/MAPF/LNS/MAPF_LNS_SAT/mapf-scen-even/scen-even/room-32-32-4-even-2.scen,10,8,42,1,48,26.111000,6106,1138,0.000000,2.291000,3.975000,3.665000,0.240483
_home_max_Documents_PhD_MAPF_LNS_MAPF_LNS_SAT_mapf-map_room-32-32-4_map-_home_max_Documents_PhD_MAPF_LNS_MAPF_LNS_SAT_mapf-scen-even_scen-even_room-32-32-4-even-2_scen-agents10-idx9-seed42-1783527315866,/home/max/Documents/PhD/MAPF/LNS/MAPF_LNS_SAT/mapf-map/room-32-32-4.map,/home/max/Documents/PhD/MAPF/LNS/MAPF_LNS_SAT/mapf-scen-even/scen-even/room-32-32-4-even-2.scen,10,9,42,1,54,20.717000,1461,414,0.000000,0.901000,1.740000,1.463000,0.205819
_home_max_Documents_PhD_MAPF_LNS_MAPF_LNS_SAT_mapf-map_room-32-32-4_map-_home_max_Documents_PhD_MAPF_LNS_MAPF_LNS_SAT_mapf-scen-even_scen-even_room-32-32-4-even-2_scen-agents10-idx10-seed42-1783527315917,/home/max/Documents/PhD/MAPF/LNS/MAPF_LNS_SAT/mapf-map/room-32-32-4.map,/home/max/Documents/PhD/MAPF/LNS/MAPF_LNS_SAT/mapf-scen-even/scen-even/room-32-32-4-even-2.scen,10,10,42,1,53,27.327000,7693,1740,0.000000,2.318000,5.015000,4.600000,0.235919
_home_max_Documents_PhD_MAPF_LNS_MAPF_LNS_SAT_mapf-map_room-32-32-4_map-_home_max_Documents_PhD_MAPF_LNS_MAPF_LNS_SAT_mapf-scen-even_scen-even_room-32-32-4-even-2_scen-agents10-idx11-seed42-1783527315965,/home/max/Documents/PhD/MAPF/LNS/MAPF_LNS_SAT/mapf-map/room-32-32-4.map,/home/max/Documents/PhD/MAPF/LNS/MAPF_LNS_SAT/mapf-scen-even/scen-even/room-32-32-4-even-2.scen,10,11,42,1,56,17.511000,64,29,0.000000,0.043000,0.226000,0.147000,0.016196
_home_max_Documents_PhD_MAPF_LNS_MAPF_LNS_SAT_mapf-map_room-32-32-4_map-_home_max_Documents_PhD_MAPF_LNS_MAPF_LNS_SAT_mapf-scen-even_scen-even_room-32-32-4-even-2_scen-agents10-idx12-seed42-1783527316018,/home/max/Documents/PhD/MAPF/LNS/MAPF_LNS_SAT/mapf-map/room-32-32-4.map,/home/max/Documents/PhD/MAPF/LNS/MAPF_LNS_SAT/mapf-scen-even/scen-even/room-32-32-4-even-2.scen,10,12,42,1,55,23.520000,6721,826,0.000000,1.812000,3.474000,3.157000,0.229861
_home_max_Documents_PhD_MAPF_LNS_MAPF_LNS_SAT_mapf-map_room-32-32-4_map-_home_max_Documents_PhD_MAPF_LNS_MAPF_LNS_SAT_mapf-scen-even_scen-even_room-32-32-4-even-3_scen-agents10-idx0-seed42-1783527316068,/home/max/Documents/PhD/MAPF/LNS/MAPF_LNS_SAT/mapf-map/room-32-32-4.map,/home/max/Documents/PhD/MAPF/LNS/MAPF_LNS_SAT/mapf-scen-even/scen-even/room-32-32-4-even-3.scen,10,0,42,1,53,26534.584000,9241494,100149,0.003000,15730.365000,10424.471000,9754.793000,85.268863
_home_max_Documents_PhD_MAPF_LNS_MAPF_LNS_SAT_mapf-map_room-32-32-4_map-_home_max_Documents_PhD_MAPF_LNS_MAPF_LNS_SAT_mapf-scen-even_scen-even_room-32-32-4-even-3_scen-agents10-idx1-seed42-1783527342677,/home/max/Documents/PhD/MAPF/LNS/MAPF_LNS_SAT/mapf-map/room-32-32-4.map,/home/max/Documents/PhD/MAPF/LNS/MAPF_LNS_SAT/mapf-scen-even/scen-even/room-32-32-4-even-3.scen,10,1,42,1,50,15.218000,49,20,0.001000,0.031000,0.167000,0.131000,0.022416
_home_max_Documents_PhD_MAPF_LNS_MAPF_LNS_SAT_mapf-map_room-32-32-4_map-_home_max_Documents_PhD_MAPF_LNS_MAPF_LNS_SAT_mapf-scen-even_scen-even_room-32-32-4-even-3_scen-agents10-idx2-seed42-1783527342728,/home/max/Documents/PhD/MAPF/LNS/MAPF_LNS_SAT/mapf-map/room-32-32-4.map,/home/max/Documents/PhD/MAPF/LNS/MAPF_LNS_SAT/mapf-scen-even/scen-even/room-32-32-4-even-3.scen,10,2,42,1,54,17.267000,873,305,0.000000,0.299000,0.854000,0.652000,0.067351
_home_max_Documents_PhD_MAPF_LNS_MAPF_LNS_SAT_mapf-map_room-32-32-4_map-_home_max_Documents_PhD_MAPF_LNS_MAPF_LNS_SAT_mapf-scen-even_scen-even_room-32-32-4-even-3_scen-agents10-idx3-seed42-1783527342779,/home/max/Documents/PhD/MAPF/LNS/MAPF_LNS_SAT/mapf-map/room-32-32-4.map,/home/max/Documents/PhD/MAPF/LNS/MAPF_LNS_SAT/mapf-scen-even/scen-even/room-32-32-4-even-3.scen,10,3,42,1,54,19.718000,297,123,0.000000,0.211000,0.643000,0.504000,0.055432
_home_max_Documents_PhD_MAPF_LNS_MAPF_LNS_SAT_mapf-map_room-32-32-4_map-_home_max_Documents_PhD_MAPF_LNS_MAPF_LNS_SAT_mapf-scen-even_scen-even_room-32-32-4-even-3_scen-agents10-idx4-seed42-1783527342829,/home/max/Documents/PhD/MAPF/LNS/MAPF_LNS_SAT/mapf-map/room-32-32-4.map,/home/max/Documents/PhD/MAPF/LNS/MAPF_LNS_SAT/mapf-scen-even/scen-even/room-32-32-4-even-3.scen,10,4,42,1,46,15.548000,150,48,0.000000,0.066000,0.321000,0.232000,0.036300
_home_max_Documents_PhD_MAPF_LNS_MAPF_LNS_SAT_mapf-map_room-32-32-4_map-_home_max_Documents_PhD_MAPF_LNS_MAPF_LNS_SAT_mapf-scen-even_scen-even_room-32-32-4-even-3_scen-agents10-idx5-seed42-1783527342881,/home/max/Documents/PhD/MAPF/LNS/MAPF_LNS_SAT/mapf-map/room-32-32-4.map,/home/max/Documents/PhD/MAPF/LNS/MAPF_LNS_SAT/mapf-scen-even/scen-even/room-32-32-4-even-3.scen,10,5,42,1,54,20.040000,365,138,0.000000,0.285000,0.974000,0.663000,0.111135
_home_max_Documents_PhD_MAPF_LNS_MAPF_LNS_SAT_mapf-map_room-32-32-4_map-_home_max_Documents_PhD_MAPF_LNS_MAPF_LNS_SAT_mapf-scen-even_scen-even_room-32-32-4-even-3_scen-agents10-idx6-seed42-1783527342929,/home/max/Documents/PhD/MAPF/LNS/MAPF_LNS_SAT/mapf-map/room-32-32-4.map,/home/max/Documents/PhD/MAPF/LNS/MAPF_LNS_SAT/mapf-scen-even/scen-even/room-32-32-4-even-3.scen,10,6,42,1,59,22.031000,3069,795,0.000000,1.054000,2.396000,2.008000,0.175168
_home_max_Documents_PhD_MAPF_LNS_MAPF_LNS_SAT_mapf-map_room-32-32-4_map-_home_max_Documents_PhD_MAPF_LNS_MAPF_LNS_SAT_mapf-scen-even_scen-even_room-32-32-4-even-3_scen-agents10-idx7-seed42-1783527342981,/home/max/Documents/PhD/MAPF/LNS/MAPF_LNS_SAT/mapf-map/room-32-32-4.map,/home/max/Documents/PhD/MAPF/LNS/MAPF_LNS_SAT/mapf-scen-even/scen-even/room-32-32-4-even-3.scen,10,7,42,1,54,21.423000,1817,496,0.000000,1.013000,2.094000,1.821000,0.151791
_home_max_Documents_PhD_MAPF_LNS_MAPF_LNS_SAT_mapf-map_room-32-32-4_map-_home_max_Documents_PhD_MAPF_LNS_MAPF_LNS_SAT_mapf-scen-even_scen-even_room-32-32-4-even-3_scen-agents10-idx8-seed42-1783527343033,/home/max/Documents/PhD/MAPF/LNS/MAPF_LNS_SAT/mapf-map/room-32-32-4.map,/home/max/Documents/PhD/MAPF/LNS/MAPF_LNS_SAT/mapf-scen-even/scen-even/room-32-32-4-even-3.scen,10,8,42,1,50,22.083000,470,184,0.000000,0.329000,1.088000,0.773000,0.080057
_home_max_Documents_PhD_MAPF_LNS_MAPF_LNS_SAT_mapf-map_room-32-32-4_map-_home_max_Documents_PhD_MAPF_LNS_MAPF_LNS_SAT_mapf-scen-even_scen-even_room-32-32-4-even-3_scen-agents10-idx9-seed42-1783527343083,/home/max/Documents/PhD/MAPF/LNS/MAPF_LNS_SAT/mapf-map/room-32-32-4.map,/home/max/Documents/PhD/MAPF/LNS/MAPF_LNS_SAT/mapf-scen-even/scen-even/room-32-32-4-even-3.scen,10,9,42,1,54,17.421000,385,158,0.000000,0.147000,0.496000,0.371000,0.046363
_home_max_Documents_PhD_MAPF_LNS_MAPF_LNS_SAT_mapf-map_room-32-32-4_map-_home_max_Documents_PhD_MAPF_LNS_MAPF_LNS_SAT_mapf-scen-even_scen-even_room-32-32-4-even-3_scen-agents10-idx10-seed42-1783527343134,/home/max/Documents/PhD/MAPF/LNS/MAPF_LNS_SAT/mapf-map/room-32-32-4.map,/home/max/Documents/PhD/MAPF/LNS/MAPF_LNS_SAT/mapf-scen-even/scen-even/room-32-32-4-even-3.scen,10,10,42,1,49,19.279000,3962,1012,0.000000,1.195000,3.073000,2.675000,0.202406
_home_max_Documents_PhD_MAPF_LNS_MAPF_LNS_SAT_mapf-map_room-32-32-4_map-_home_max_Documents_PhD_MAPF_LNS_MAPF_LNS_SAT_mapf-scen-even_scen-even_room-32-32-4-even-3_scen-agents10-idx11-seed42-1783527343185,/home/max/Documents/PhD/MAPF/LNS/MAPF_LNS_SAT/mapf-map/room-32-32-4.map,/home/max/Documents/PhD/MAPF/LNS/MAPF_LNS_SAT/mapf-scen-even/scen-even/room-32-32-4-even-3.scen,10,11,42,1,57,26.117000,2378,645,0.000000,1.635000,3.668000,3.149000,0.334544
_home_max_Documents_PhD_MAPF_LNS_MAPF_LNS_SAT_mapf-map_room-32-32-4_map-_home_max_Documents_PhD_MAPF_LNS_MAPF_LNS_SAT_mapf-scen-even_scen-even_room-32-32-4-even-3_scen-agents10-idx12-seed42-1783527343233,/home/max/Documents/PhD/MAPF/LNS/MAPF_LNS_SAT/mapf-map/room-32-32-4.map,/home/max/Documents/PhD/MAPF/LNS/MAPF_LNS_SAT/mapf-scen-even/scen-even/room-32-32-4-even-3.scen,10,12,42,1,45,13997.945000,5168373,88905,0.003000,7361.502000,6378.566000,6326.448000,52.730018
_home_max_Documents_PhD_MAPF_LNS_MAPF_LNS_SAT_mapf-map_room-32-32-4_map-_home_max_Documents_PhD_MAPF_LNS_MAPF_LNS_SAT_mapf-scen-even_scen-even_room-32-32-4-even-4_scen-agents10-idx0-seed42-1783527357269,/home/max/Documents/PhD/MAPF/LNS/MAPF_LNS_SAT/mapf-map/room-32-32-4.map,/home/max/Documents/PhD/MAPF/LNS/MAPF_LNS_SAT/mapf-scen-even/scen-even/room-32-32-4-even-4.scen,10,0,42,1,51,16.571000,461,122,0.001000,0.196000,0.556000,0.466000,0.056490
_home_max_Documents_PhD_MAPF_LNS_MAPF_LNS_SAT_mapf-map_room-32-32-4_map-_home_max_Documents_PhD_MAPF_LNS_MAPF_LNS_SAT_mapf-scen-even_scen-even_room-32-32-4-even-4_scen-agents10-idx1-seed42-1783527357320,/home/max/Documents/PhD/MAPF/LNS/MAPF_LNS_SAT/mapf-map/room-32-32-4.map,/home/max/Documents/PhD/MAPF/LNS/MAPF_LNS_SAT/mapf-scen-even/scen-even/room-32-32-4-even-4.scen,10,1,42,1,45,17.744000,72,33,0.000000,0.042000,0.213000,0.176000,0.018839
_home_max_Documents_PhD_MAPF_LNS_MAPF_LNS_SAT_mapf-map_room-32-32-4_map-_home_max_Documents_PhD_MAPF_LNS_MAPF_LNS_SAT_mapf-scen-even_scen-even_room-32-32-4-even-4_scen-agents10-idx2-seed42-1783527357371,/home/max/Documents/PhD/MAPF/LNS/MAPF_LNS_SAT/mapf-map/room-32-32-4.map,/home/max/Documents/PhD/MAPF/LNS/MAPF_LNS_SAT/mapf-scen-even/scen-even/room-32-32-4-even-4.scen,10,2,42,1,50,15.531000,68,32,0.000000,0.033000,0.108000,0.083000,0.011998
_home_max_Documents_PhD_MAPF_LNS_MAPF_LNS_SAT_mapf-map_room-32-32-4_map-_home_max_Documents_PhD_MAPF_LNS_MAPF_LNS_SAT_mapf-scen-even_scen-even_room-32-32-4-even-4_scen-agents10-idx3-seed42-1783527357422,/home/max/Documents/PhD/MAPF/LNS/MAPF_LNS_SAT/mapf-map/room-32-32-4.map,/home/max/Documents/PhD/MAPF/LNS/MAPF_LNS_SAT/mapf-scen-even/scen-even/room-32-32-4-even-4.scen,10,3,42,1,44,16.158000,534,193,0.000000,0.208000,0.659000,0.534000,0.063399
_home_max_Documents_PhD_MAPF_LNS_MAPF_LNS_SAT_mapf-map_room-32-32-4_map-_home_max_Documents_PhD_MAPF_LNS_MAPF_LNS_SAT_mapf-scen-even_scen-even_room-32-32-4-even-4_scen-agents10-idx4-seed42-1783527357474,/home/max/Documents/PhD/MAPF/LNS/MAPF_LNS_SAT/mapf-map/room-32-32-4.map,/home/max/Documents/PhD/MAPF/LNS/MAPF_LNS_SAT/mapf-scen-even/scen-even/room-32-32-4-even-4.scen,10,4,42,1,51,24.954000,840,302,0.000000,0.649000,1.706000,1.353000,0.157897
_home_max_Documents_PhD_MAPF_LNS_MAPF_LNS_SAT_mapf-map_room-32-32-4_map-_home_max_Documents_PhD_MAPF_LNS_MAPF_LNS_SAT_mapf-scen-even_scen-even_room-32-32-4-even-4_scen-agents10-idx5-seed42-1783527357523,/home/max/Documents/PhD/MAPF/LNS/MAPF_LNS_SAT/mapf-map/room-32-32-4.map,/home/max/Documents/PhD/MAPF/LNS/MAPF_LNS_SAT/mapf-scen-even/scen-even/room-32-32-4-even-4.scen,10,5,42,1,51,23.891000,799,312,0.000000,0.642000,1.936000,1.452000,0.141352
_home_max_Documents_PhD_MAPF_LNS_MAPF_LNS_SAT_mapf-map_room-32-32-4_map-_home_max_Documents_PhD_MAPF_LNS_MAPF_LNS_SAT_mapf-scen-even_scen-even_room-32-32-4-even-4_scen-agents10-idx6-seed42-1783527357575,/home/max/Documents/PhD/MAPF/LNS/MAPF_LNS_SAT/mapf-map/room-32-32-4.map,/home/max/Documents/PhD/MAPF/LNS/MAPF_LNS_SAT/mapf-scen-even/scen-even/room-32-32-4-even-4.scen,10,6,42,1,44,17.037000,30,16,0.000000,0.029000,0.130000,0.109000,0.016927
_home_max_Documents_PhD_MAPF_LNS_MAPF_LNS_SAT_mapf-map_room-32-32-4_map-_home_max_Documents_PhD_MAPF_LNS_MAPF_LNS_SAT_mapf-scen-even_scen-even_room-32-32-4-even-4_scen-agents10-idx7-seed42-1783527357625,/home/max/Documents/PhD/MAPF/LNS/MAPF_LNS_SAT/mapf-map/room-32-32-4.map,/home/max/Documents/PhD/MAPF/LNS/MAPF_LNS_SAT/mapf-scen-even/scen-even/room-32-32-4-even-4.scen,10,7,42,1,49,16.252000,282,99,0.000000,0.123000,0.458000,0.332000,0.043816
_home_max_Documents_PhD_MAPF_LNS_MAPF_LNS_SAT_mapf-map_room-32-32-4_map-_home_max_Documents_PhD_MAPF_LNS_MAPF_LNS_SAT_mapf-scen-even_scen-even_room-32-32-4-even-4_scen-agents10-idx8-seed42-1783527357677,/home/max/Documents/PhD/MAPF/LNS/MAPF_LNS_SAT/mapf-map/room-32-32-4.map,/home/max/Documents/PhD/MAPF/LNS/MAPF_LNS_SAT/mapf-scen-even/scen-even/room-32-32-4-even-4.scen,10,8,42,1,40,18.779000,1548,438,0.000000,0.573000,1.197000,1.012000,0.077661
_home_max_Documents_PhD_MAPF_LNS_MAPF_LNS_SAT_mapf-map_room-32-32-4_map-_home_max_Documents_PhD_MAPF_LNS_MAPF_LNS_SAT_mapf-scen-even_scen-even_room-32-32-4-even-4_scen-agents10-idx9-seed42-1783527357727,/home/max/Documents/PhD/MAPF/LNS/MAPF_LNS_SAT/mapf-map/room-32-32-4.map,/home/max/Documents/PhD/MAPF/LNS/MAPF_LNS_SAT/mapf-scen-even/scen-even/room-32-32-4-even-4.scen,10,9,42,1,49,16.929000,345,128,0.000000,0.169000,0.578000,0.436000,0.048540
_home_max_Documents_PhD_MAPF_LNS_MAPF_LNS_SAT_mapf-map_room-32-32-4_map-_home_max_Documents_PhD_MAPF_LNS_MAPF_LNS_SAT_mapf-scen-even_scen-even_room-32-32-4-even-4_scen-agents10-idx10-seed42-1783527357779,/home/max/Documents/PhD/MAPF/LNS/MAPF_LNS_SAT/mapf-map/room-32-32-4.map,/home/max/Documents/PhD/MAPF/LNS/MAPF_LNS_SAT/mapf-scen-even/scen-even/room-32-32-4-even-4.scen,10,10,42,1,48,23.321000,1092,432,0.000000,0.846000,2.365000,1.897000,0.157668
_home_max_Documents_PhD_MAPF_LNS_MAPF_LNS_SAT_mapf-map_room-32-32-4_map-_home_max_Documents_PhD_MAPF_LNS_MAPF_LNS_SAT_mapf-scen-even_scen-even_room-32-32-4-even-4_scen-agents10-idx11-seed42-1783527357828,/home/max/Documents/PhD/MAPF/LNS/MAPF_LNS_SAT/mapf-map/room-32-32-4.map,/home/max/Documents/PhD/MAPF/LNS/MAPF_LNS_SAT/mapf-scen-even/scen-even/room-32-32-4-even-4.scen,10,11,42,1,44,16.946000,2462,560,0.000000,0.706000,1.588000,1.443000,0.115512
_home_max_Documents_PhD_MAPF_LNS_MAPF_LNS_SAT_mapf-map_room-32-32-4_map-_home_max_Documents_PhD_MAPF_LNS_MAPF_LNS_SAT_mapf-scen-even_scen-even_room-32-32-4-even-5_scen-agents10-idx0-seed42-1783527357878,/home/max/Documents/PhD/MAPF/LNS/MAPF_LNS_SAT/mapf-map/room-32-32-4.map,/home/max/Documents/PhD/MAPF/LNS/MAPF_LNS_SAT/mapf-scen-even/scen-even/room-32-32-4-even-5.scen,10,0,42,1,52,20.591000,500,193,0.000000,0.359000,1.177000,0.923000,0.077059
_home_max_Documents_PhD_MAPF_LNS_MAPF_LNS_SAT_mapf-map_room-32-32-4_map-_home_max_Documents_PhD_MAPF_LNS_MAPF_LNS_SAT_mapf-scen-even_scen-even_room-32-32-4-even-5_scen-agents10-idx1-seed42-1783527357931,/home/max/Documents/PhD/MAPF/LNS/MAPF_LNS_SAT/mapf-map/room-32-32-4.map,/home/max/Documents/PhD/MAPF/LNS/MAPF_LNS_SAT/mapf-scen-even/scen-even/room-32-32-4-even-5.scen,10,1,42,1,45,20.612000,1903,469,0.000000,0.729000,2.342000,2.060000,0.137750
_home_max_Documents_PhD_MAPF_LNS_MAPF_LNS_SAT_mapf-map_room-32-32-4_map-_home_max_Documents_PhD_MAPF_LNS_MAPF_LNS_SAT_mapf-scen-even_scen-even_room-32-32-4-even-5_scen-agents10-idx2-seed42-1783527357981,/home/max/Documents/PhD/MAPF/LNS/MAPF_LNS_SAT/mapf-map/room-32-32-4.map,/home/max/Documents/PhD/MAPF/LNS/MAPF_LNS_SAT/mapf-scen-even/scen-even/room-32-32-4-even-5.scen,10,2,42,1,46,19.296000,411,130,0.000000,0.241000,0.976000,0.727000,0.086111
_home_max_Documents_PhD_MAPF_LNS_MAPF_LNS_SAT_mapf-map_room-32-32-4_map-_home_max_Documents_PhD_MAPF_LNS_MAPF_LNS_SAT_mapf-scen-even_scen-even_room-32-32-4-even-5_scen-agents10-idx3-seed42-1783527358033,/home/max/Documents/PhD/MAPF/LNS/MAPF_LNS_SAT/mapf-map/room-32-32-4.map,/home/max/Documents/PhD/MAPF/LNS/MAPF_LNS_SAT/mapf-scen-even/scen-even/room-32-32-4-even-5.scen,10,3,42,1,51,17.233000,322,99,0.000000,0.173000,0.520000,0.397000,0.052622
_home_max_Documents_PhD_MAPF_LNS_MAPF_LNS_SAT_mapf-map_room-32-32-4_map-_home_max_Documents_PhD_MAPF_LNS_MAPF_LNS_SAT_mapf-scen-even_scen-even_room-32-32-4-even-5_scen-agents10-idx4-seed42-1783527358083,/home/max/Documents/PhD/MAPF/LNS/MAPF_LNS_SAT/mapf-map/room-32-32-4.map,/home/max/Documents/PhD/MAPF/LNS/MAPF_LNS_SAT/mapf-scen-even/scen-even/room-32-32-4-even-5.scen,10,4,42,1,45,15.486000,72,31,0.000000,0.039000,0.209000,0.157000,0.015622
_home_max_Documents_PhD_MAPF_LNS_MAPF_LNS_SAT_mapf-map_room-32-32-4_map-_home_max_Documents_PhD_MAPF_LNS_MAPF_LNS_SAT_mapf-scen-even_scen-even_room-32-32-4-even-5_scen-agents10-idx5-seed42-1783527358134,/home/max/Documents/PhD/MAPF/LNS/MAPF_LNS_SAT/mapf-map/room-32-32-4.map,/home/max/Documents/PhD/MAPF/LNS/MAPF_LNS_SAT/mapf-scen-even/scen-even/room-32-32-4-even-5.scen,10,5,42,1,52,14.608000,52,25,0.000000,0.028000,0.128000,0.098000,0.012962
_home_max_Documents_PhD_MAPF_LNS_MAPF_LNS_SAT_mapf-map_room-32-32-4_map-_home_max_Documents_PhD_MAPF_LNS_MAPF_LNS_SAT_mapf-scen-even_scen-even_room-32-32-4-even-5_scen-agents10-idx6-seed42-1783527358185,/home/max/Documents/PhD/MAPF/LNS/MAPF_LNS_SAT/mapf-map/room-32-32-4.map,/home/max/Documents/PhD/MAPF/LNS/MAPF_LNS_SAT/mapf-scen-even/scen-even/room-32-32-4-even-5.scen,10,6,42,1,47,20.419000,598,232,0.000000,0.276000,1.177000,0.839000,0.113379
_home_max_Documents_PhD_MAPF_LNS_MAPF_LNS_SAT_mapf-map_room-32-32-4_map-_home_max_Documents_PhD_MAPF_LNS_MAPF_LNS_SAT_mapf-scen-even_scen-even_room-32-32-4-even-5_scen-agents10-idx7-seed42-1783527358236,/home/max/Documents/PhD/MAPF/LNS/MAPF_LNS_SAT/mapf-map/room-32-32-4.map,/home/max/Documents/PhD/MAPF/LNS/MAPF_LNS_SAT/mapf-scen-even/scen-even/room-32-32-4-even-5.scen,10,7,42,1,37,16.854000,122,59,0.000000,0.100000,0.241000,0.179000,0.020115
_home_max_Documents_PhD_MAPF_LNS_MAPF_LNS_SAT_mapf-map_room-32-32-4_map-_home_max_Documents_PhD_MAPF_LNS_MAPF_LNS_SAT_mapf-scen-even_scen-even_room-32-32-4-even-5_scen-agents10-idx8-seed42-1783527358284,/home/max/Documents/PhD/MAPF/LNS/MAPF_LNS_SAT/mapf-map/room-32-32-4.map,/home/max/Documents/PhD/MAPF/LNS/MAPF_LNS_SAT/mapf-scen-even/scen-even/room-32-32-4-even-5.scen,10,8,42,1,53,10908.268000,4765945,60774,0.002000,5796.687000,4899.927000,4480.666000,67.588619
_home_max_Documents_PhD_MAPF_LNS_MAPF_LNS_SAT_mapf-map_room-32-32-4_map-_home_max_Documents_PhD_MAPF_LNS_MAPF_LNS_SAT_mapf-scen-even_scen-even_room-32-32-4-even-5_scen-agents10-idx9-seed42-1783527369261,/home/max/Documents/PhD/MAPF/LNS/MAPF_LNS_SAT/mapf-map/room-32-32-4.map,/home/max/Documents/PhD/MAPF/LNS/MAPF_LNS_SAT/mapf-scen-even/scen-even/room-32-32-4-even-5.scen,10,9,42,1,41,13.505000,193,90,0.000000,0.063000,0.316000,0.211000,0.031641
_home_max_Documents_PhD_MAPF_LNS_MAPF_LNS_SAT_mapf-map_room-32-32-4_map-_home_max_Documents_PhD_MAPF_LNS_MAPF_LNS_SAT_mapf-scen-even_scen-even_room-32-32-4-even-5_scen-agents10-idx10-seed42-1783527369313,/home/max/Documents/PhD/MAPF/LNS/MAPF_LNS_SAT/mapf-map/room-32-32-4.map,/home/max/Documents/PhD/MAPF/LNS/MAPF_LNS_SAT/mapf-scen-even/scen-even/room-32-32-4-even-5.scen,10,10,42,1,49,16.782000,162,61,0.000000,0.062000,0.262000,0.193000,0.031611
_home_max_Documents_PhD_MAPF_LNS_MAPF_LNS_SAT_mapf-map_room-32-32-4_map-_home_max_Documents_PhD_MAPF_LNS_MAPF_LNS_SAT_mapf-scen-even_scen-even_room-32-32-4-even-5_scen-agents10-idx11-seed42-1783527369365,/home/max/Documents/PhD/MAPF/LNS/MAPF_LNS_SAT/mapf-map/room-32-32-4.map,/home/max/Documents/PhD/MAPF/LNS/MAPF_LNS_SAT/mapf-scen-even/scen-even/room-32-32-4-even-5.scen,10,11,42,1,50,17.350000,101,46,0.000000,0.059000,0.151000,0.114000,0.012770
_home_max_Documents_PhD_MAPF_LNS_MAPF_LNS_SAT_mapf-map_room-32-32-4_map-_home_max_Documents_PhD_MAPF_LNS_MAPF_LNS_SAT_mapf-scen-even_scen-even_room-32-32-4-even-6_scen-agents10-idx0-seed42-1783527369414,/home/max/Documents/PhD/MAPF/LNS/MAPF_LNS_SAT/mapf-map/room-32-32-4.map,/home/max/Documents/PhD/MAPF/LNS/MAPF_LNS_SAT/mapf-scen-even/scen-even/room-32-32-4-even-6.scen,10,0,42,1,52,25.877000,6035,1514,0.007000,1.843000,3.665000,3.183000,0.226894
_home_max_Documents_PhD_MAPF_LNS_MAPF_LNS_SAT_mapf-map_room-32-32-4_map-_home_max_Documents_PhD_MAPF_LNS_MAPF_LNS_SAT_mapf-scen-even_scen-even_room-32-32-4-even-6_scen-agents10-idx1-seed42-1783527369466,/home/max/Documents/PhD/MAPF/LNS/MAPF_LNS_SAT/mapf-map/room-32-32-4.map,/home/max/Documents/PhD/MAPF/LNS/MAPF_LNS_SAT/mapf-scen-even/scen-even/room-32-32-4-even-6.scen,10,1,42,1,48,16.429000,224,78,0.000000,0.158000,0.497000,0.385000,0.048883
_home_max_Documents_PhD_MAPF_LNS_MAPF_LNS_SAT_mapf-map_room-32-32-4_map-_home_max_Documents_PhD_MAPF_LNS_MAPF_LNS_SAT_mapf-scen-even_scen-even_room-32-32-4-even-6_scen-agents10-idx2-seed42-1783527369516,/home/max/Documents/PhD/MAPF/LNS/MAPF_LNS_SAT/mapf-map/room-32-32-4.map,/home/max/Documents/PhD/MAPF/LNS/MAPF_LNS_SAT/mapf-scen-even/scen-even/room-32-32-4-even-6.scen,10,2,42,1,46,14.576000,24,10,0.000000,0.019000,0.090000,0.076000,0.012980
_home_max_Documents_PhD_MAPF_LNS_MAPF_LNS_SAT_mapf-map_room-32-32-4_map-_home_max_Documents_PhD_MAPF_LNS_MAPF_LNS_SAT_mapf-scen-even_scen-even_room-32-32-4-even-6_scen-agents10-idx3-seed42-1783527369566,/home/max/Documents/PhD/MAPF/LNS/MAPF_LNS_SAT/mapf-map/room-32-32-4.map,/home/max/Documents/PhD/MAPF/LNS/MAPF_LNS_SAT/mapf-scen-even/scen-even/room-32-32-4-even-6.scen,10,3,42,1,50,15.728000,145,65,0.000000,0.078000,0.298000,0.216000,0.026563
_home_max_Documents_PhD_MAPF_LNS_MAPF_LNS_SAT_mapf-map_room-32-32-4_map-_home_max_Documents_PhD_MAPF_LNS_MAPF_LNS_SAT_mapf-scen-even_scen-even_room-32-32-4-even-6_scen-agents10-idx4-seed42-1783527369618,/home/max/Documents/PhD/MAPF/LNS/MAPF_LNS_SAT/mapf-map/room-32-32-4.map,/home/max/Documents/PhD/MAPF/LNS/MAPF_LNS_SAT/mapf-scen-even/scen-even/room-32-32-4-even-6.scen,10,4,42,1,42,10.989000,273,94,0.000000,0.084000,0.301000,0.225000,0.022925
_home_max_Documents_PhD_MAPF_LNS_MAPF_LNS_SAT_mapf-map_room-32-32-4_map-_home_max_Documents_PhD_MAPF_LNS_MAPF_LNS_SAT_mapf-scen-even_scen-even_room-32-32-4-even-6_scen-agents10-idx5-seed42-1783527369668,/home/max/Documents/PhD/MAPF/LNS/MAPF_LNS_SAT/mapf-map/room-32-32-4.map,/home/max/Documents/PhD/MAPF/LNS/MAPF_LNS_SAT/mapf-scen-even/scen-even/room-32-32-4-even-6.scen,10,5,42,1,48,16.049000,302,107,0.000000,0.159000,0.583000,0.419000,0.046239
_home_max_Documents_PhD_MAPF_LNS_MAPF_LNS_SAT_mapf-map_room-32-32-4_map-_home_max_Documents_PhD_MAPF_LNS_MAPF_LNS_SAT_mapf-scen-even_scen-even_room-32-32-4-even-6_scen-agents10-idx6-seed42-1783527369719,/home/max/Documents/PhD/MAPF/LNS/MAPF_LNS_SAT/mapf-map/room-32-32-4.map,/home/max/Documents/PhD/MAPF/LNS/MAPF_LNS_SAT/mapf-scen-even/scen-even/room-32-32-4-even-6.scen,10,6,42,1,49,19.368000,2033,673,0.000000,0.740000,2.203000,1.858000,0.117490
_home_max_Documents_PhD_MAPF_LNS_MAPF_LNS_SAT_mapf-map_room-32-32-4_map-_home_max_Documents_PhD_MAPF_LNS_MAPF_LNS_SAT_mapf-scen-even_scen-even_room-32-32-4-even-6_scen-agents10-idx7-seed42-1783527369770,/home/max/Documents/PhD/MAPF/LNS/MAPF_LNS_SAT/mapf-map/room-32-32-4.map,/home/max/Documents/PhD/MAPF/LNS/MAPF_LNS_SAT/mapf-scen-even/scen-even/room-32-32-4-even-6.scen,10,7,42,1,48,16.931000,458,191,0.000000,0.246000,0.790000,0.581000,0.052301
_home_max_Documents_PhD_MAPF_LNS_MAPF_LNS_SAT_mapf-map_room-32-32-4_map-_home_max_Documents_PhD_MAPF_LNS_MAPF_LNS_SAT_mapf-scen-even_scen-even_room-32-32-4-even-6_scen-agents10-idx8-seed42-1783527369821,/home/max/Documents/PhD/MAPF/LNS/MAPF_LNS_SAT/mapf-map/room-32-32-4.map,/home/max/Documents/PhD/MAPF/LNS/MAPF_LNS_SAT/mapf-scen-even/scen-even/room-32-32-4-even-6.scen,10,8,42,1,52,14.307000,54,25,0.000000,0.032000,0.194000,0.136000,0.015662
_home_max_Documents_PhD_MAPF_LNS_MAPF_LNS_SAT_mapf-map_room-32-32-4_map-_home_max_Documents_PhD_MAPF_LNS_MAPF_LNS_SAT_mapf-scen-even_scen-even_room-32-32-4-even-6_scen-agents10-idx9-seed42-1783527369871,/home/max/Documents/PhD/MAPF/LNS/MAPF_LNS_SAT/mapf-map/room-32-32-4.map,/home/max/Documents/PhD/MAPF/LNS/MAPF_LNS_SAT/mapf-scen-even/scen-even/room-32-32-4-even-6.scen,10,9,42,1,45,14.492000,43,23,0.000000,0.034000,0.142000,0.097000,0.013429
_home_max_Documents_PhD_MAPF_LNS_MAPF_LNS_SAT_mapf-map_room-32-32-4_map-_home_max_Documents_PhD_MAPF_LNS_MAPF_LNS_SAT_mapf-scen-even_scen-even_room-32-32-4-even-6_scen-agents10-idx10-seed42-1783527369920,/home/max/Documents/PhD/MAPF/LNS/MAPF_LNS_SAT/mapf-map/room-32-32-4.map,/home/max/Documents/PhD/MAPF/LNS/MAPF_LNS_SAT/mapf-scen-even/scen-even/room-32-32-4-even-6.scen,10,10,42,1,52,15.580000,255,109,0.000000,0.111000,0.402000,0.288000,0.024912
_home_max_Documents_PhD_MAPF_LNS_MAPF_LNS_SAT_mapf-map_room-32-32-4_map-_home_max_Documents_PhD_MAPF_LNS_MAPF_LNS_SAT_mapf-scen-even_scen-even_room-32-32-4-even-6_scen-agents10-idx11-seed42-1783527369969,/home/max/Documents/PhD/MAPF/LNS/MAPF_LNS_SAT/mapf-map/room-32-32-4.map,/home/max/Documents/PhD/MAPF/LNS/MAPF_LNS_SAT/mapf-scen-even/scen-even/room-32-32-4-even-6.scen,10,11,42,1,40,10.406000,401,165,0.000000,0.129000,0.449000,0.345000,0.035908
_home_max_Documents_PhD_MAPF_LNS_MAPF_LNS_SAT_mapf-map_room-32-32-4_map-_home_max_Documents_PhD_MAPF_LNS_MAPF_LNS_SAT_mapf-scen-even_scen-even_room-32-32-4-even-7_scen-agents10-idx0-seed42-1783527370022,/home/max/Documents/PhD/MAPF/LNS/MAPF_LNS_SAT/mapf-map/room-32-32-4.map,/home/max/Documents/PhD/MAPF/LNS/MAPF_LNS_SAT/mapf-scen-even/scen-even/room-32-32-4-even-7.scen,10,0,42,1,37,10.143000,354,101,0.000000,0.102000,0.285000,0.240000,0.036020
_home_max_Documents_PhD_MAPF_LNS_MAPF_LNS_SAT_mapf-map_room-32-32-4_map-_home_max_Documents_PhD_MAPF_LNS_MAPF_LNS_SAT_mapf-scen-even_scen-even_room-32-32-4-even-7_scen-agents10-idx1-seed42-1783527370073,/home/max/Documents/PhD/MAPF/LNS/MAPF_LNS_SAT/mapf-map/room-32-32-4.map,/home/max/Documents/PhD/MAPF/LNS/MAPF_LNS_SAT/mapf-scen-even/scen-even/room-32-32-4-even-7.scen,10,1,42,1,39,16.363000,1306,392,0.000000,0.439000,1.055000,0.895000,0.083669
_home_max_Documents_PhD_MAPF_LNS_MAPF_LNS_SAT_mapf-map_room-32-32-4_map-_home_max_Documents_PhD_MAPF_LNS_MAPF_LNS_SAT_mapf-scen-even_scen-even_room-32-32-4-even-7_scen-agents10-idx2-seed42-1783527370122,/home/max/Documents/PhD/MAPF/LNS/MAPF_LNS_SAT/mapf-map/room-32-32-4.map,/home/max/Documents/PhD/MAPF/LNS/MAPF_LNS_SAT/mapf-scen-even/scen-even/room-32-32-4-even-7.scen,10,2,42,1,49,24504.873000,9044780,116282,0.008000,12889.885000,11207.301000,10793.038000,95.447469
_home_max_Documents_PhD_MAPF_LNS_MAPF_LNS_SAT_mapf-map_room-32-32-4_map-_home_max_Documents_PhD_MAPF_LNS_MAPF_LNS_SAT_mapf-scen-even_scen-even_room-32-32-4-even-7_scen-agents10-idx3-seed42-1783527394692,/home/max/Documents/PhD/MAPF/LNS/MAPF_LNS_SAT/mapf-map/room-32-32-4.map,/home/max/Documents/PhD/MAPF/LNS/MAPF_LNS_SAT/mapf-scen-even/scen-even/room-32-32-4-even-7.scen,10,3,42,1,37,9.687000,192,60,0.000000,0.056000,0.209000,0.161000,0.022042
_home_max_Documents_PhD_MAPF_LNS_MAPF_LNS_SAT_mapf-map_room-32-32-4_map-_home_max_Documents_PhD_MAPF_LNS_MAPF_LNS_SAT_mapf-scen-even_scen-even_room-32-32-4-even-7_scen-agents10-idx4-seed42-1783527394741,/home/max/Documents/PhD/MAPF/LNS/MAPF_LNS_SAT/mapf-map/room-32-32-4.map,/home/max/Documents/PhD/MAPF/LNS/MAPF_LNS_SAT/mapf-scen-even/scen-even/room-32-32-4-even-7.scen,10,4,42,1,50,11.165000,295,127,0.000000,0.102000,0.358000,0.260000,0.020865
_home_max_Documents_PhD_MAPF_LNS_MAPF_LNS_SAT_mapf-map_room-32-32-4_map-_home_max_Documents_PhD_MAPF_LNS_MAPF_LNS_SAT_mapf-scen-even_scen-even_room-32-32-4-even-7_scen-agents10-idx5-seed42-1783527394796,/home/max/Documents/PhD/MAPF/LNS/MAPF_LNS_SAT/mapf-map/room-32-32-4.map,/home/max/Documents/PhD/MAPF/LNS/MAPF_LNS_SAT/mapf-scen-even/scen-even/room-32-32-4-even-7.scen,10,5,42,1,50,30730.233000,7667775,80927,0.000000,21132.579000,8929.618000,8042.295000,73.093209
_home_max_Documents_PhD_MAPF_LNS_MAPF_LNS_SAT_mapf-map_room-32-32-4_map-_home_max_Documents_PhD_MAPF_LNS_MAPF_LNS_SAT_mapf-scen-even_scen-even_room-32-32-4-even-7_scen-agents10-idx6-seed42-1783527425568,/home/max/Documents/PhD/MAPF/LNS/MAPF_LNS_SAT/mapf-map/room-32-32-4.map,/home/max/Documents/PhD/MAPF/LNS/MAPF_LNS_SAT/mapf-scen-even/scen-even/room-32-32-4-even-7.scen,10,6,42,1,51,19.042000,731,289,0.000000,0.330000,1.083000,0.790000,0.076546
_home_max_Documents_PhD_MAPF_LNS_MAPF_LNS_SAT_mapf-map_room-32-32-4_map-_home_max_Documents_PhD_MAPF_LNS_MAPF_LNS_SAT_mapf-scen-even_scen-even_room-32-32-4-even-7_scen-agents10-idx7-seed42-1783527425622,/home/max/Documents/PhD/MAPF/LNS/MAPF_LNS_SAT/mapf-map/room-32-32-4.map,/home/max/Documents/PhD/MAPF/LNS/MAPF_LNS_SAT/mapf-scen-even/scen-even/room-32-32-4-even-7.scen,10,7,42,1,43,17.120000,879,278,0.000000,0.384000,0.950000,0.780000,0.062889
_home_max_Documents_PhD_MAPF_LNS_MAPF_LNS_SAT_mapf-map_room-32-32-4_map-_home_max_Documents_PhD_MAPF_LNS_MAPF_LNS_SAT_mapf-scen-even_scen-even_room-32-32-4-even-7_scen-agents10-idx8-seed42-1783527425673,/home/max/Documents/PhD/MAPF/LNS/MAPF_LNS_SAT/mapf-map/room-32-32-4.map,/home/max/Documents/PhD/MAPF/LNS/MAPF_LNS_SAT/mapf-scen-even/scen-even/room-32-32-4-even-7.scen,10,8,42,1,40,14.951000,385,120,0.000000,0.171000,0.436000,0.361000,0.042389
_home_max_Documents_PhD_MAPF_LNS_MAPF_LNS_SAT_mapf-map_room-32-32-4_map-_home_max_Documents_PhD_MAPF_LNS_MAPF_LNS_SAT_mapf-scen-even_scen-even_room-32-32-4-even-7_scen-agents10-idx9-seed42-1783527425724,/home/max/Documents/PhD/MAPF/LNS/MAPF_LNS_SAT/mapf-map/room-32-32-4.map,/home/max/Documents/PhD/MAPF/LNS/MAPF_LNS_SAT/mapf-scen-even/scen-even/room-32-32-4-even-7.scen,10,9,42,1,45,14.765000,243,85,0.000000,0.094000,0.348000,0.261000,0.027575
_home_max_Documents_PhD_MAPF_LNS_MAPF_LNS_SAT_mapf-map_room-32-32-4_map-_home_max_Documents_PhD_MAPF_LNS_MAPF_LNS_SAT_mapf-scen-even_scen-even_room-32-32-4-even-7_scen-agents10-idx10-seed42-1783527425776,/home/max/Documents/PhD/MAPF/LNS/MAPF_LNS_SAT/mapf-map/room-32-32-4.map,/home/max/Documents/PhD/MAPF/LNS/MAPF_LNS_SAT/mapf-scen-even/scen-even/room-32-32-4-even-7.scen,10,10,42,1,50,25575.791000,7294436,86422,0.000000,13916.380000,10929.058000,10438.131000,50.971647
_home_max_Documents_PhD_MAPF_LNS_MAPF_LNS_SAT_mapf-map_room-32-32-4_map-_home_max_Documents_PhD_MAPF_LNS_MAPF_LNS_SAT_mapf-scen-even_scen-even_room-32-32-4-even-7_scen-agents10-idx11-seed42-1783527451386,/home/max/Documents/PhD/MAPF/LNS/MAPF_LNS_SAT/mapf-map/room-32-32-4.map,/home/max/Documents/PhD/MAPF/LNS/MAPF_LNS_SAT/mapf-scen-even/scen-even/room-32-32-4-even-7.scen,10,11,42,1,49,11.177000,244,84,0.000000,0.085000,0.271000,0.220000,0.023198
_home_max_Documents_PhD_MAPF_LNS_MAPF_LNS_SAT_mapf-map_room-32-32-4_map-_home_max_Documents_PhD_MAPF_LNS_MAPF_LNS_SAT_mapf-scen-even_scen-even_room-32-32-4-even-8_scen-agents10-idx0-seed42-1783527451439,/home/max/Documents/PhD/MAPF/LNS/MAPF_LNS_SAT/mapf-map/room-32-32-4.map,/home/max/Documents/PhD/MAPF/LNS/MAPF_LNS_SAT/mapf-scen-even/scen-even/room-32-32-4-even-8.scen,10,0,42,1,46,15.428000,214,80,0.000000,0.107000,0.357000,0.272000,0.029931
_home_max_Documents_PhD_MAPF_LNS_MAPF_LNS_SAT_mapf-map_room-32-32-4_map-_home_max_Documents_PhD_MAPF_LNS_MAPF_LNS_SAT_mapf-scen-even_scen-even_room-32-32-4-even-8_scen-agents10-idx1-seed42-1783527451491,/home/max/Documents/PhD/MAPF/LNS/MAPF_LNS_SAT/mapf-map/room-32-32-4.map,/home/max/Documents/PhD/MAPF/LNS/MAPF_LNS_SAT/mapf-scen-even/scen-even/room-32-32-4-even-8.scen,10,1,42,1,41,13.877000,1801,489,0.000000,0.535000,1.301000,1.104000,0.119123
_home_max_Documents_PhD_MAPF_LNS_MAPF_LNS_SAT_mapf-map_room-32-32-4_map-_home_max_Documents_PhD_MAPF_LNS_MAPF_LNS_SAT_mapf-scen-even_scen-even_room-32-32-4-even-8_scen-agents10-idx2-seed42-1783527451540,/home/max/Documents/PhD/MAPF/LNS/MAPF_LNS_SAT/mapf-map/room-32-32-4.map,/home/max/Documents/PhD/MAPF/LNS/MAPF_LNS_SAT/mapf-scen-even/scen-even/room-32-32-4-even-8.scen,10,2,42,1,56,14.268000,45,19,0.000000,0.025000,0.121000,0.087000,0.011171
_home_max_Documents_PhD_MAPF_LNS_MAPF_LNS_SAT_mapf-map_room-32-32-4_map-_home_max_Documents_PhD_MAPF_LNS_MAPF_LNS_SAT_mapf-scen-even_scen-even_room-32-32-4-even-8_scen-agents10-idx3-seed42-1783527451592,/home/max/Documents/PhD/MAPF/LNS/MAPF_LNS_SAT/mapf-map/room-32-32-4.map,/home/max/Documents/PhD/MAPF/LNS/MAPF_LNS_SAT/mapf-scen-even/scen-even/room-32-32-4-even-8.scen,10,3,42,1,51,16.184000,973,258,0.000000,0.543000,1.289000,1.095000,0.096078
_home_max_Documents_PhD_MAPF_LNS_MAPF_LNS_SAT_mapf-map_room-32-32-4_map-_home_max_Documents_PhD_MAPF_LNS_MAPF_LNS_SAT_mapf-scen-even_scen-even_room-32-32-4-even-8_scen-agents10-idx4-seed42-1783527451641,/home/max/Documents/PhD/MAPF/LNS/MAPF_LNS_SAT/mapf-map/room-32-32-4.map,/home/max/Documents/PhD/MAPF/LNS/MAPF_LNS_SAT/mapf-scen-even/scen-even/room-32-32-4-even-8.scen,10,4,42,1,47,21.390000,3510,857,0.000000,1.527000,2.817000,2.492000,0.205745
_home_max_Documents_PhD_MAPF_LNS_MAPF_LNS_SAT_mapf-map_room-32-32-4_map-_home_max_Documents_PhD_MAPF_LNS_MAPF_LNS_SAT_mapf-scen-even_scen-even_room-32-32-4-even-8_scen-agents10-idx5-seed42-1783527451693,/home/max/Documents/PhD/MAPF/LNS/MAPF_LNS_SAT/mapf-map/room-32-32-4.map,/home/max/Documents/PhD/MAPF/LNS/MAPF_LNS_SAT/mapf-scen-even/scen-even/room-32-32-4-even-8.scen,10,5,42,1,54,17.166000,905,252,0.000000,0.392000,1.057000,0.843000,0.134812
_home_max_Documents_PhD_MAPF_LNS_MAPF_LNS_SAT_mapf-map_room-32-32-4_map-_home_max_Documents_PhD_MAPF_LNS_MAPF_LNS_SAT_mapf-scen-even_scen-even_room-32-32-4-even-8_scen-agents10-idx6-seed42-1783527451743,/home/max/Documents/PhD/MAPF/LNS/MAPF_LNS_SAT/mapf-map/room-32-32-4.map,/home/max/Documents/PhD/MAPF/LNS/MAPF_LNS_SAT/mapf-scen-even/scen-even/room-32-32-4-even-8.scen,10,6,42,1,53,10551.207000,5044523,69363,0.003000,5228.279000,5089.823000,5042.493000,44.973415
_home_max_Documents_PhD_MAPF_LNS_MAPF_LNS_SAT_mapf-map_room-32-32-4_map-_home_max_Documents_PhD_MAPF_LNS_MAPF_LNS_SAT_mapf-scen-even_scen-even_room-32-32-4-even-8_scen-agents10-idx7-seed42-1783527462370,/home/max/Documents/PhD/MAPF/LNS/MAPF_LNS_SAT/mapf-map/room-32-32-4.map,/home/max/Documents/PhD/MAPF/LNS/MAPF_LNS_SAT/mapf-scen-even/scen-even/room-32-32-4-even-8.scen,10,7,42,1,55,16.141000,140,66,0.000000,0.102000,0.503000,0.396000,0.039181
_home_max_Documents_PhD_MAPF_LNS_MAPF_LNS_SAT_mapf-map_room-32-32-4_map-_home_max_Documents_PhD_MAPF_LNS_MAPF_LNS_SAT_mapf-scen-even_scen-even_room-32-32-4-even-8_scen-agents10-idx8-seed42-1783527462418,/home/max/Documents/PhD/MAPF/LNS/MAPF_LNS_SAT/mapf-map/room-32-32-4.map,/home/max/Documents/PhD/MAPF/LNS/MAPF_LNS_SAT/mapf-scen-even/scen-even/room-32-32-4-even-8.scen,10,8,42,1,54,23.132000,1436,440,0.000000,0.884000,2.522000,1.938000,0.282486
_home_max_Documents_PhD_MAPF_LNS_MAPF_LNS_SAT_mapf-map_room-32-32-4_map-_home_max_Documents_PhD_MAPF_LNS_MAPF_LNS_SAT_mapf-scen-even_scen-even_room-32-32-4-even-8_scen-agents10-idx9-seed42-1783527462471,/home/max/Documents/PhD/MAPF/LNS/MAPF_LNS_SAT/mapf-map/room-32-32-4.map,/home/max/Documents/PhD/MAPF/LNS/MAPF_LNS_SAT/mapf-scen-even/scen-even/room-32-32-4-even-8.scen,10,9,42,1,54,15.269000,114,47,0.000000,0.067000,0.296000,0.216000,0.024868
_home_max_Documents_PhD_MAPF_LNS_MAPF_LNS_SAT_mapf-map_room-32-32-4_map-_home_max_Documents_PhD_MAPF_LNS_MAPF_LNS_SAT_mapf-scen-even_scen-even_room-32-32-4-even-8_scen-agents10-idx10-seed42-1783527462521,/home/max/Documents/PhD/MAPF/LNS/MAPF_LNS_SAT/mapf-map/room-32-32-4.map,/home/max/Documents/PhD/MAPF/LNS/MAPF_LNS_SAT/mapf-scen-even/scen-even/room-32-32-4-even-8.scen,10,10,42,1,54,15.794000,351,125,0.000000,0.156000,0.573000,0.427000,0.047165
_home_max_Documents_PhD_MAPF_LNS_MAPF_LNS_SAT_mapf-map_room-32-32-4_map-_home_max_Documents_PhD_MAPF_LNS_MAPF_LNS_SAT_mapf-scen-even_scen-even_room-32-32-4-even-8_scen-agents10-idx11-seed42-1783527462571,/home/max/Documents/PhD/MAPF/LNS/MAPF_LNS_SAT/mapf-map/room-32-32-4.map,/home/max/Documents/PhD/MAPF/LNS/MAPF_LNS_SAT/mapf-scen-even/scen-even/room-32-32-4-even-8.scen,10,11,42,1,42,13.226000,210,79,0.000000,0.091000,0.306000,0.212000,0.032269
_home_max_Documents_PhD_MAPF_LNS_MAPF_LNS_SAT_mapf-map_room-32-32-4_map-_home_max_Documents_PhD_MAPF_LNS_MAPF_LNS_SAT_mapf-scen-even_scen-even_room-32-32-4-even-8_scen-agents10-idx12-seed42-1783527462623,/home/max/Documents/PhD/MAPF/LNS/MAPF_LNS_SAT/mapf-map/room-32-32-4.map,/home/max/Documents/PhD/MAPF/LNS/MAPF_LNS_SAT/mapf-scen-even/scen-even/room-32-32-4-even-8.scen,10,12,42,1,53,16.697000,345,131,0.000000,0.195000,0.872000,0.659000,0.097399
_home_max_Documents_PhD_MAPF_LNS_MAPF_LNS_SAT_mapf-map_room-32-32-4_map-_home_max_Documents_PhD_MAPF_LNS_MAPF_LNS_SAT_mapf-scen-even_scen-even_room-32-32-4-even-1_scen-agents20-idx0-seed42-1783527462675,/home/max/Documents/PhD/MAPF/LNS/MAPF_LNS_SAT/mapf-map/room-32-32-4.map,/home/max/Documents/PhD/MAPF/LNS/MAPF_LNS_SAT/mapf-scen-even/scen-even/room-32-32-4-even-1.scen,20,0,42,1,50,108.421000,67796,8941,0.000000,19.414000,49.154000,47.738000,1.584618
_home_max_Documents_PhD_MAPF_LNS_MAPF_LNS_SAT_mapf-map_room-32-32-4_map-_home_max_Documents_PhD_MAPF_LNS_MAPF_LNS_SAT_mapf-scen-even_scen-even_room-32-32-4-even-1_scen-agents20-idx1-seed42-1783527462827,/home/max/Documents/PhD/MAPF/LNS/MAPF_LNS_SAT/mapf-map/room-32-32-4.map,/home/max/Documents/PhD/MAPF/LNS/MAPF_LNS_SAT/mapf-scen-even/scen-even/room-32-32-4-even-1.scen,20,1,42,1,51,25.596000,1922,639,0.000000,0.625000,1.723000,1.293000,0.181692
_home_max_Documents_PhD_MAPF_LNS_MAPF_LNS_SAT_mapf-map_room-32-32-4_map-_home_max_Documents_PhD_MAPF_LNS_MAPF_LNS_SAT_mapf-scen-even_scen-even_room-32-32-4-even-1_scen-agents20-idx2-seed42-1783527462876,/home/max/Documents/PhD/MAPF/LNS/MAPF_LNS_SAT/mapf-map/room-32-32-4.map,/home/max/Documents/PhD/MAPF/LNS/MAPF_LNS_SAT/mapf-scen-even/scen-even/room-32-32-4-even-1.scen,20,2,42,1,54,44.085000,9851,2606,0.000000,3.069000,6.772000,5.733000,0.582515
_home_max_Documents_PhD_MAPF_LNS_MAPF_LNS_SAT_mapf-map_room-32-32-4_map-_home_max_Documents_PhD_MAPF_LNS_MAPF_LNS_SAT_mapf-scen-even_scen-even_room-32-32-4-even-1_scen-agents20-idx3-seed42-1783527462924,/home/max/Documents/PhD/MAPF/LNS/MAPF_LNS_SAT/mapf-map/room-32-32-4.map,/home/max/Documents/PhD/MAPF/LNS/MAPF_LNS_SAT/mapf-scen-even/scen-even/room-32-32-4-even-1.scen,20,3,42,1,54,33.527000,5319,1475,0.000000,1.825000,3.661000,3.150000,0.260821
_home_max_Documents_PhD_MAPF_LNS_MAPF_LNS_SAT_mapf-map_room-32-32-4_map-_home_max_Documents_PhD_MAPF_LNS_MAPF_LNS_SAT_mapf-scen-even_scen-even_room-32-32-4-even-1_scen-agents20-idx4-seed42-1783527462975,/home/max/Documents/PhD/MAPF/LNS/MAPF_LNS_SAT/mapf-map/room-32-32-4.map,/home/max/Documents/PhD/MAPF/LNS/MAPF_LNS_SAT/mapf-scen-even/scen-even/room-32-32-4-even-1.scen,20,4,42,1,55,29.475000,1196,440,0.000000,0.396000,1.327000,0.949000,0.128613
_home_max_Documents_PhD_MAPF_LNS_MAPF_LNS_SAT_mapf-map_room-32-32-4_map-_home_max_Documents_PhD_MAPF_LNS_MAPF_LNS_SAT_mapf-scen-even_scen-even_room-32-32-4-even-1_scen-agents20-idx5-seed42-1783527463025,/home/max/Documents/PhD/MAPF/LNS/MAPF_LNS_SAT/mapf-map/room-32-32-4.map,/home/max/Documents/PhD/MAPF/LNS/MAPF_LNS_SAT/mapf-scen-even/scen-even/room-32-32-4-even-1.scen,20,5,42,1,53,18029.810000,5759865,117142,0.011000,10562.755000,7121.224000,7080.369000,56.786258
_home_max_Documents_PhD_MAPF_LNS_MAPF_LNS_SAT_mapf-map_room-32-32-4_map-_home_max_Documents_PhD_MAPF_LNS_MAPF_LNS_SAT_mapf-scen-even_scen-even_room-32-32-4-even-2_scen-agents20-idx0-seed42-1783527481076,/home/max/Documents/PhD/MAPF/LNS/MAPF_LNS_SAT/mapf-map/room-32-32-4.map,/home/max/Documents/PhD/MAPF/LNS/MAPF_LNS_SAT/mapf-scen-even/scen-even/room-32-32-4-even-2.scen,20,0,42,1,51,133186.546000,11098954,137840,0.010000,35970.725000,95803.916000,85051.782000,1060.908923
_home_max_Documents_PhD_MAPF_LNS_MAPF_LNS_SAT_mapf-map_room-32-32-4_map-_home_max_Documents_PhD_MAPF_LNS_MAPF_LNS_SAT_mapf-scen-even_scen-even_room-32-32-4-even-2_scen-agents20-idx1-seed42-1783527614316,/home/max/Documents/PhD/MAPF/LNS/MAPF_LNS_SAT/mapf-map/room-32-32-4.map,/home/max/Documents/PhD/MAPF/LNS/MAPF_LNS_SAT/mapf-scen-even/scen-even/room-32-32-4-even-2.scen,20,1,42,1,54,429.245000,380876,17656,0.003000,132.914000,246.739000,243.814000,5.777753
_home_max_Documents_PhD_MAPF_LNS_MAPF_LNS_SAT_mapf-map_room-32-32-4_map-_home_max_Documents_PhD_MAPF_LNS_MAPF_LNS_SAT_mapf-scen-even_scen-even_room-32-32-4-even-2_scen-agents20-idx2-seed42-1783527614769,/home/max/Documents/PhD/MAPF/LNS/MAPF_LNS_SAT/mapf-map/room-32-32-4.map,/home/max/Documents/PhD/MAPF/LNS/MAPF_LNS_SAT/mapf-scen-even/scen-even/room-32-32-4-even-2.scen,20,2,42,1,53,26.717000,1267,490,0.000000,0.388000,1.253000,0.924000,0.089195
_home_max_Documents_PhD_MAPF_LNS_MAPF_LNS_SAT_mapf-map_room-32-32-4_map-_home_max_Documents_PhD_MAPF_LNS_MAPF_LNS_SAT_mapf-scen-even_scen-even_room-32-32-4-even-2_scen-agents20-idx3-seed42-1783527614822,/home/max/Documents/PhD/MAPF/LNS/MAPF_LNS_SAT/mapf-map/room-32-32-4.map,/home/max/Documents/PhD/MAPF/LNS/MAPF_LNS_SAT/mapf-scen-even/scen-even/room-32-32-4-even-2.scen,20,3,42,1,55,29.017000,1095,444,0.000000,0.353000,1.121000,0.812000,0.077212
_home_max_Documents_PhD_MAPF_LNS_MAPF_LNS_SAT_mapf-map_room-32-32-4_map-_home_max_Documents_PhD_MAPF_LNS_MAPF_LNS_SAT_mapf-scen-even_scen-even_room-32-32-4-even-2_scen-agents20-idx4-seed42-1783527614869,/home/max/Documents/PhD/MAPF/LNS/MAPF_LNS_SAT/mapf-map/room-32-32-4.map,/home/max/Documents/PhD/MAPF/LNS/MAPF_LNS_SAT/mapf-scen-even/scen-even/room-32-32-4-even-2.scen,20,4,42,1,54,78.728000,39271,6372,0.000000,14.021000,25.322000,23.630000,1.762353
_home_max_Documents_PhD_MAPF_LNS_MAPF_LNS_SAT_mapf-map_room-32-32-4_map-_home_max_Documents_PhD_MAPF_LNS_MAPF_LNS_SAT_mapf-scen-even_scen-even_room-32-32-4-even-2_scen-agents20-idx5-seed42-1783527614970,/home/max/Documents/PhD/MAPF/LNS/MAPF_LNS_SAT/mapf-map/room-32-32-4.map,/home/max/Documents/PhD/MAPF/LNS/MAPF_LNS_SAT/mapf-scen-even/scen-even/room-32-32-4-even-2.scen,20,5,42,1,56,49.527000,14379,3560,0.000000,4.373000,9.342000,8.386000,0.520125
_home_max_Documents_PhD_MAPF_LNS_MAPF_LNS_SAT_mapf-map_room-32-32-4_map-_home_max_Documents_PhD_MAPF_LNS_MAPF_LNS_SAT_mapf-scen-even_scen-even_room-32-32-4-even-3_scen-agents20-idx0-seed42-1783527615072,/home/max/Documents/PhD/MAPF/LNS/MAPF_LNS_SAT/mapf-map/room-32-32-4.map,/home/max/Documents/PhD/MAPF/LNS/MAPF_LNS_SAT/mapf-scen-even/scen-even/room-32-32-4-even-3.scen,20,0,42,1,53,11244.875000,4518867,56890,0.002000,7119.850000,3918.085000,3405.483000,67.990387
_home_max_Documents_PhD_MAPF_LNS_MAPF_LNS_SAT_mapf-map_room-32-32-4_map-_home_max_Documents_PhD_MAPF_LNS_MAPF_LNS_SAT_mapf-scen-even_scen-even_room-32-32-4-even-3_scen-agents20-idx1-seed42-1783527626363,/home/max/Documents/PhD/MAPF/LNS/MAPF_LNS_SAT/mapf-map/room-32-32-4.map,/home/max/Documents/PhD/MAPF/LNS/MAPF_LNS_SAT/mapf-scen-even/scen-even/room-32-32-4-even-3.scen,20,1,42,1,54,305.015000,224627,22195,0.003000,98.455000,149.156000,143.096000,11.326640
_home_max_Documents_PhD_MAPF_LNS_MAPF_LNS_SAT_mapf-map_room-32-32-4_map-_home_max_Documents_PhD_MAPF_LNS_MAPF_LNS_SAT_mapf-scen-even_scen-even_room-32-32-4-even-3_scen-agents20-idx2-seed42-1783527626717,/home/max/Documents/PhD/MAPF/LNS/MAPF_LNS_SAT/mapf-map/room-32-32-4.map,/home/max/Documents/PhD/MAPF/LNS/MAPF_LNS_SAT/mapf-scen-even/scen-even/room-32-32-4-even-3.scen,20,2,42,1,54,45.372000,14257,2887,0.000000,4.565000,8.679000,7.693000,1.433293
_home_max_Documents_PhD_MAPF_LNS_MAPF_LNS_SAT_mapf-map_room-32-32-4_map-_home_max_Documents_PhD_MAPF_LNS_MAPF_LNS_SAT_mapf-scen-even_scen-even_room-32-32-4-even-3_scen-agents20-idx3-seed42-1783527626817,/home/max/Documents/PhD/MAPF/LNS/MAPF_LNS_SAT/mapf-map/room-32-32-4.map,/home/max/Documents/PhD/MAPF/LNS/MAPF_LNS_SAT/mapf-scen-even/scen-even/room-32-32-4-even-3.scen,20,3,42,1,59,32.457000,10512,2220,0.000000,3.095000,5.641000,5.115000,0.385314
_home_max_Documents_PhD_MAPF_LNS_MAPF_LNS_SAT_mapf-map_room-32-32-4_map-_home_max_Documents_PhD_MAPF_LNS_MAPF_LNS_SAT_mapf-scen-even_scen-even_room-32-32-4-even-3_scen-agents20-idx4-seed42-1783527626866,/home/max/Documents/PhD/MAPF/LNS/MAPF_LNS_SAT/mapf-map/room-32-32-4.map,/home/max/Documents/PhD/MAPF/LNS/MAPF_LNS_SAT/mapf-scen-even/scen-even/room-32-32-4-even-3.scen,20,4,42,1,54,131.837000,91808,7958,0.000000,36.583000,56.857000,55.412000,2.829291
_home_max_Documents_PhD_MAPF_LNS_MAPF_LNS_SAT_mapf-map_room-32-32-4_map-_home_max_Documents_PhD_MAPF_LNS_MAPF_LNS_SAT_mapf-scen-even_scen-even_room-32-32-4-even-3_scen-agents20-idx5-seed42-1783527627016,/home/max/Documents/PhD/MAPF/LNS/MAPF_LNS_SAT/mapf-map/room-32-32-4.map,/home/max/Documents/PhD/MAPF/LNS/MAPF_LNS_SAT/mapf-scen-even/scen-even/room-32-32-4-even-3.scen,20,5,42,1,57,40.199000,13262,3121,0.000000,3.899000,8.035000,7.102000,0.546752
_home_max_Documents_PhD_MAPF_LNS_MAPF_LNS_SAT_mapf-map_room-32-32-4_map-_home_max_Documents_PhD_MAPF_LNS_MAPF_LNS_SAT_mapf-scen-even_scen-even_room-32-32-4-even-4_scen-agents20-idx0-seed42-1783527627066,/home/max/Documents/PhD/MAPF/LNS/MAPF_LNS_SAT/mapf-map/room-32-32-4.map,/home/max/Documents/PhD/MAPF/LNS/MAPF_LNS_SAT/mapf-scen-even/scen-even/room-32-32-4-even-4.scen,20,0,42,1,51,24.704000,1241,402,0.000000,0.436000,1.120000,0.871000,0.082662
_home_max_Documents_PhD_MAPF_LNS_MAPF_LNS_SAT_mapf-map_room-32-32-4_map-_home_max_Documents_PhD_MAPF_LNS_MAPF_LNS_SAT_mapf-scen-even_scen-even_room-32-32-4-even-4_scen-agents20-idx1-seed42-1783527627121,/home/max/Documents/PhD/MAPF/LNS/MAPF_LNS_SAT/mapf-map/room-32-32-4.map,/home/max/Documents/PhD/MAPF/LNS/MAPF_LNS_SAT/mapf-scen-even/scen-even/room-32-32-4-even-4.scen,20,1,42,1,50,30.786000,1571,589,0.000000,0.701000,2.227000,1.818000,0.175833
_home_max_Documents_PhD_MAPF_LNS_MAPF_LNS_SAT_mapf-map_room-32-32-4_map-_home_max_Documents_PhD_MAPF_LNS_MAPF_LNS_SAT_mapf-scen-even_scen-even_room-32-32-4-even-4_scen-agents20-idx2-seed42-1783527627169,/home/max/Documents/PhD/MAPF/LNS/MAPF_LNS_SAT/mapf-map/room-32-32-4.map,/home/max/Documents/PhD/MAPF/LNS/MAPF_LNS_SAT/mapf-scen-even/scen-even/room-32-32-4-even-4.scen,20,2,42,1,51,40.098000,12329,2674,0.000000,3.702000,8.996000,7.848000,0.977120
_home_max_Documents_PhD_MAPF_LNS_MAPF_LNS_SAT_mapf-map_room-32-32-4_map-_home_max_Documents_PhD_MAPF_LNS_MAPF_LNS_SAT_mapf-scen-even_scen-even_room-32-32-4-even-4_scen-agents20-idx3-seed42-1783527627218,/home/max/Documents/PhD/MAPF/LNS/MAPF_LNS_SAT/mapf-map/room-32-32-4.map,/home/max/Documents/PhD/MAPF/LNS/MAPF_LNS_SAT/mapf-scen-even/scen-even/room-32-32-4-even-4.scen,20,3,42,1,49,21.086000,821,277,0.000000,0.244000,0.830000,0.618000,0.065648
_home_max_Documents_PhD_MAPF_LNS_MAPF_LNS_SAT_mapf-map_room-32-32-4_map-_home_max_Documents_PhD_MAPF_LNS_MAPF_LNS_SAT_mapf-scen-even_scen-even_room-32-32-4-even-4_scen-agents20-idx4-seed42-1783527627272,/home/max/Documents/PhD/MAPF/LNS/MAPF_LNS_SAT/mapf-map/room-32-32-4.map,/home/max/Documents/PhD/MAPF/LNS/MAPF_LNS_SAT/mapf-scen-even/scen-even/room-32-32-4-even-4.scen,20,4,42,1,49,25.768000,1710,581,0.000000,0.554000,1.467000,1.123000,0.122807
_home_max_Documents_PhD_MAPF_LNS_MAPF_LNS_SAT_mapf-map_room-32-32-4_map-_home_max_Documents_PhD_MAPF_LNS_MAPF_LNS_SAT_mapf-scen-even_scen-even_room-32-32-4-even-4_scen-agents20-idx5-seed42-1783527627320,/home/max/Documents/PhD/MAPF/LNS/MAPF_LNS_SAT/mapf-map/room-32-32-4.map,/home/max/Documents/PhD/MAPF/LNS/MAPF_LNS_SAT/mapf-scen-even/scen-even/room-32-32-4-even-4.scen,20,5,42,1,48,42.037000,10712,2561,0.000000,3.383000,7.181000,6.491000,0.418888
_home_max_Documents_PhD_MAPF_LNS_MAPF_LNS_SAT_mapf-map_room-32-32-4_map-_home_max_Documents_PhD_MAPF_LNS_MAPF_LNS_SAT_mapf-scen-even_scen-even_room-32-32-4-even-5_scen-agents20-idx0-seed42-1783527627369,/home/max/Documents/PhD/MAPF/LNS/MAPF_LNS_SAT/mapf-map/room-32-32-4.map,/home/max/Documents/PhD/MAPF/LNS/MAPF_LNS_SAT/mapf-scen-even/scen-even/room-32-32-4-even-5.scen,20,0,42,1,52,30.314000,7210,1836,0.000000,2.162000,5.390000,4.783000,0.360395
_home_max_Documents_PhD_MAPF_LNS_MAPF_LNS_SAT_mapf-map_room-32-32-4_map-_home_max_Documents_PhD_MAPF_LNS_MAPF_LNS_SAT_mapf-scen-even_scen-even_room-32-32-4-even-5_scen-agents20-idx1-seed42-1783527627421,/home/max/Documents/PhD/MAPF/LNS/MAPF_LNS_SAT/mapf-map/room-32-32-4.map,/home/max/Documents/PhD/MAPF/LNS/MAPF_LNS_SAT/mapf-scen-even/scen-even/room-32-32-4-even-5.scen,20,1,42,1,51,42.260000,5847,1636,0.000000,1.783000,4.350000,3.679000,0.291236
_home_max_Documents_PhD_MAPF_LNS_MAPF_LNS_SAT_mapf-map_room-32-32-4_map-_home_max_Documents_PhD_MAPF_LNS_MAPF_LNS_SAT_mapf-scen-even_scen-even_room-32-32-4-even-5_scen-agents20-idx2-seed42-1783527627470,/home/max/Documents/PhD/MAPF/LNS/MAPF_LNS_SAT/mapf-map/room-32-32-4.map,/home/max/Documents/PhD/MAPF/LNS/MAPF_LNS_SAT/mapf-scen-even/scen-even/room-32-32-4-even-5.scen,20,2,42,1,52,30.976000,4110,1099,0.000000,1.427000,3.241000,2.642000,0.317870
_home_max_Documents_PhD_MAPF_LNS_MAPF_LNS_SAT_mapf-map_room-32-32-4_map-_home_max_Documents_PhD_MAPF_LNS_MAPF_LNS_SAT_mapf-scen-even_scen-even_room-32-32-4-even-5_scen-agents20-idx3-seed42-1783527627524,/home/max/Documents/PhD/MAPF/LNS/MAPF_LNS_SAT/mapf-map/room-32-32-4.map,/home/max/Documents/PhD/MAPF/LNS/MAPF_LNS_SAT/mapf-scen-even/scen-even/room-32-32-4-even-5.scen,20,3,42,1,47,39.562000,6016,1675,0.000000,1.875000,5.856000,4.650000,0.825018
_home_max_Documents_PhD_MAPF_LNS_MAPF_LNS_SAT_mapf-map_room-32-32-4_map-_home_max_Documents_PhD_MAPF_LNS_MAPF_LNS_SAT_mapf-scen-even_scen-even_room-32-32-4-even-5_scen-agents20-idx4-seed42-1783527627570,/home/max/Documents/PhD/MAPF/LNS/MAPF_LNS_SAT/mapf-map/room-32-32-4.map,/home/max/Documents/PhD/MAPF/LNS/MAPF_LNS_SAT/mapf-scen-even/scen-even/room-32-32-4-even-5.scen,20,4,42,1,53,58712.981000,10087845,123081,0.002000,48168.718000,10105.438000,8838.940000,280.032886
_home_max_Documents_PhD_MAPF_LNS_MAPF_LNS_SAT_mapf-map_room-32-32-4_map-_home_max_Documents_PhD_MAPF_LNS_MAPF_LNS_SAT_mapf-scen-even_scen-even_room-32-32-4-even-5_scen-agents20-idx5-seed42-1783527686329,/home/max/Documents/PhD/MAPF/LNS/MAPF_LNS_SAT/mapf-map/room-32-32-4.map,/home/max/Documents/PhD/MAPF/LNS/MAPF_LNS_SAT/mapf-scen-even/scen-even/room-32-32-4-even-5.scen,20,5,42,1,50,25.507000,5129,1418,0.000000,1.596000,3.691000,3.026000,0.400219
_home_max_Documents_PhD_MAPF_LNS_MAPF_LNS_SAT_mapf-map_room-32-32-4_map-_home_max_Documents_PhD_MAPF_LNS_MAPF_LNS_SAT_mapf-scen-even_scen-even_room-32-32-4-even-6_scen-agents20-idx0-seed42-1783527686384,/home/max/Documents/PhD/MAPF/LNS/MAPF_LNS_SAT/mapf-map/room-32-32-4.map,/home/max/Documents/PhD/MAPF/LNS/MAPF_LNS_SAT/mapf-scen-even/scen-even/room-32-32-4-even-6.scen,20,0,42,1,52,43.254000,9570,2391,0.000000,3.045000,7.392000,6.184000,0.489383
_home_max_Documents_PhD_MAPF_LNS_MAPF_LNS_SAT_mapf-map_room-32-32-4_map-_home_max_Documents_PhD_MAPF_LNS_MAPF_LNS_SAT_mapf-scen-even_scen-even_room-32-32-4-even-6_scen-agents20-idx1-seed42-1783527686486,/home/max/Documents/PhD/MAPF/LNS/MAPF_LNS_SAT/mapf-map/room-32-32-4.map,/home/max/Documents/PhD/MAPF/LNS/MAPF_LNS_SAT/mapf-scen-even/scen-even/room-32-32-4-even-6.scen,20,1,42,1,50,39.223000,7935,1526,0.000000,2.455000,4.765000,4.226000,0.355592
_home_max_Documents_PhD_MAPF_LNS_MAPF_LNS_SAT_mapf-map_room-32-32-4_map-_home_max_Documents_PhD_MAPF_LNS_MAPF_LNS_SAT_mapf-scen-even_scen-even_room-32-32-4-even-6_scen-agents20-idx2-seed42-1783527686531,/home/max/Documents/PhD/MAPF/LNS/MAPF_LNS_SAT/mapf-map/room-32-32-4.map,/home/max/Documents/PhD/MAPF/LNS/MAPF_LNS_SAT/mapf-scen-even/scen-even/room-32-32-4-even-6.scen,20,2,42,1,48,29.234000,4205,1247,0.000000,1.311000,3.105000,2.594000,0.205859
_home_max_Documents_PhD_MAPF_LNS_MAPF_LNS_SAT_mapf-map_room-32-32-4_map-_home_max_Documents_PhD_MAPF_LNS_MAPF_LNS_SAT_mapf-scen-even_scen-even_room-32-32-4-even-6_scen-agents20-idx3-seed42-1783527686583,/home/max/Documents/PhD/MAPF/LNS/MAPF_LNS_SAT/mapf-map/room-32-32-4.map,/home/max/Documents/PhD/MAPF/LNS/MAPF_LNS_SAT/mapf-scen-even/scen-even/room-32-32-4-even-6.scen,20,3,42,1,49,33.111000,8196,1854,0.000000,2.604000,6.319000,5.663000,0.254639
_home_max_Documents_PhD_MAPF_LNS_MAPF_LNS_SAT_mapf-map_room-32-32-4_map-_home_max_Documents_PhD_MAPF_LNS_MAPF_LNS_SAT_mapf-scen-even_scen-even_room-32-32-4-even-6_scen-agents20-idx4-seed42-1783527686633,/home/max/Documents/PhD/MAPF/LNS/MAPF_LNS_SAT/mapf-map/room-32-32-4.map,/home/max/Documents/PhD/MAPF/LNS/MAPF_LNS_SAT/mapf-scen-even/scen-even/room-32-32-4-even-6.scen,20,4,42,1,52,30.797000,986,397,0.000000,0.476000,1.590000,1.184000,0.095216
_home_max_Documents_PhD_MAPF_LNS_MAPF_LNS_SAT_mapf-map_room-32-32-4_map-_home_max_Documents_PhD_MAPF_LNS_MAPF_LNS_SAT_mapf-scen-even_scen-even_room-32-32-4-even-6_scen-agents20-idx5-seed42-1783527686686,/home/max/Documents/PhD/MAPF/LNS/MAPF_LNS_SAT/mapf-map/room-32-32-4.map,/home/max/Documents/PhD/MAPF/LNS/MAPF_LNS_SAT/mapf-scen-even/scen-even/room-32-32-4-even-6.scen,20,5,42,1,52,34.922000,4352,1292,0.000000,1.307000,3.382000,2.885000,0.195715
_home_max_Documents_PhD_MAPF_LNS_MAPF_LNS_SAT_mapf-map_room-32-32-4_map-_home_max_Documents_PhD_MAPF_LNS_MAPF_LNS_SAT_mapf-scen-even_scen-even_room-32-32-4-even-7_scen-agents20-idx0-seed42-1783527686733,/home/max/Documents/PhD/MAPF/LNS/MAPF_LNS_SAT/mapf-map/room-32-32-4.map,/home/max/Documents/PhD/MAPF/LNS/MAPF_LNS_SAT/mapf-scen-even/scen-even/room-32-32-4-even-7.scen,20,0,42,1,39,45.960000,16123,2423,0.000000,5.173000,9.701000,9.072000,0.689558
_home_max_Documents_PhD_MAPF_LNS_MAPF_LNS_SAT_mapf-map_room-32-32-4_map-_home_max_Documents_PhD_MAPF_LNS_MAPF_LNS_SAT_mapf-scen-even_scen-even_room-32-32-4-even-7_scen-agents20-idx1-seed42-1783527686783,/home/max/Documents/PhD/MAPF/LNS/MAPF_LNS_SAT/mapf-map/room-32-32-4.map,/home/max/Documents/PhD/MAPF/LNS/MAPF_LNS_SAT/mapf-scen-even/scen-even/room-32-32-4-even-7.scen,20,1,42,1,49,58304.410000,10871740,145229,0.007000,46349.790000,11463.469000,10409.904000,194.540255
_home_max_Documents_PhD_MAPF_LNS_MAPF_LNS_SAT_mapf-map_room-32-32-4_map-_home_max_Documents_PhD_MAPF_LNS_MAPF_LNS_SAT_mapf-scen-even_scen-even_room-32-32-4-even-7_scen-agents20-idx2-seed42-1783527745131,/home/max/Documents/PhD/MAPF/LNS/MAPF_LNS_SAT/mapf-map/room-32-32-4.map,/home/max/Documents/PhD/MAPF/LNS/MAPF_LNS_SAT/mapf-scen-even/scen-even/room-32-32-4-even-7.scen,20,2,42,1,50,45683.529000,8378501,100452,0.005000,35330.065000,9971.522000,9145.674000,111.622825
_home_max_Documents_PhD_MAPF_LNS_MAPF_LNS_SAT_mapf-map_room-32-32-4_map-_home_max_Documents_PhD_MAPF_LNS_MAPF_LNS_SAT_mapf-scen-even_scen-even_room-32-32-4-even-7_scen-agents20-idx3-seed42-1783527790899,/home/max/Documents/PhD/MAPF/LNS/MAPF_LNS_SAT/mapf-map/room-32-32-4.map,/home/max/Documents/PhD/MAPF/LNS/MAPF_LNS_SAT/mapf-scen-even/scen-even/room-32-32-4-even-7.scen,20,3,42,1,51,36.749000,2298,826,0.000000,0.735000,2.003000,1.527000,0.128380
_home_max_Documents_PhD_MAPF_LNS_MAPF_LNS_SAT_mapf-map_room-32-32-4_map-_home_max_Documents_PhD_MAPF_LNS_MAPF_LNS_SAT_mapf-scen-even_scen-even_room-32-32-4-even-7_scen-agents20-idx4-seed42-1783527790945,/home/max/Documents/PhD/MAPF/LNS/MAPF_LNS_SAT/mapf-map/room-32-32-4.map,/home/max/Documents/PhD/MAPF/LNS/MAPF_LNS_SAT/mapf-scen-even/scen-even/room-32-32-4-even-7.scen,20,4,42,1,45,31.628000,6819,1461,0.001000,1.978000,4.107000,3.655000,0.269338
_home_max_Documents_PhD_MAPF_LNS_MAPF_LNS_SAT_mapf-map_room-32-32-4_map-_home_max_Documents_PhD_MAPF_LNS_MAPF_LNS_SAT_mapf-scen-even_scen-even_room-32-32-4-even-7_scen-agents20-idx5-seed42-1783527790995,/home/max/Documents/PhD/MAPF/LNS/MAPF_LNS_SAT/mapf-map/room-32-32-4.map,/home/max/Documents/PhD/MAPF/LNS/MAPF_LNS_SAT/mapf-scen-even/scen-even/room-32-32-4-even-7.scen,20,5,42,1,51,194752.933000,34948469,478044,0.018000,131901.469000,58138.798000,54477.412000,592.972161
_home_max_Documents_PhD_MAPF_LNS_MAPF_LNS_SAT_mapf-map_room-32-32-4_map-_home_max_Documents_PhD_MAPF_LNS_MAPF_LNS_SAT_mapf-scen-even_scen-even_room-32-32-4-even-8_scen-agents20-idx0-seed42-1783527985812,/home/max/Documents/PhD/MAPF/LNS/MAPF_LNS_SAT/mapf-map/room-32-32-4.map,/home/max/Documents/PhD/MAPF/LNS/MAPF_LNS_SAT/mapf-scen-even/scen-even/room-32-32-4-even-8.scen,20,0,42,1,46,38.115000,7479,1804,0.000000,2.254000,6.629000,5.630000,0.884502
_home_max_Documents_PhD_MAPF_LNS_MAPF_LNS_SAT_mapf-map_room-32-32-4_map-_home_max_Documents_PhD_MAPF_LNS_MAPF_LNS_SAT_mapf-scen-even_scen-even_room-32-32-4-even-8_scen-agents20-idx1-seed42-1783527985859,/home/max/Documents/PhD/MAPF/LNS/MAPF_LNS_SAT/mapf-map/room-32-32-4.map,/home/max/Documents/PhD/MAPF/LNS/MAPF_LNS_SAT/mapf-scen-even/scen-even/room-32-32-4-even-8.scen,20,1,42,1,56,24.993000,2160,596,0.000000,0.664000,1.582000,1.275000,0.142322
_home_max_Documents_PhD_MAPF_LNS_MAPF_LNS_SAT_mapf-map_room-32-32-4_map-_home_max_Documents_PhD_MAPF_LNS_MAPF_LNS_SAT_mapf-scen-even_scen-even_room-32-32-4-even-8_scen-agents20-idx2-seed42-1783527985915,/home/max/Documents/PhD/MAPF/LNS/MAPF_LNS_SAT/mapf-map/room-32-32-4.map,/home/max/Documents/PhD/MAPF/LNS/MAPF_LNS_SAT/mapf-scen-even/scen-even/room-32-32-4-even-8.scen,20,2,42,1,54,683.134000,473571,16773,0.001000,310.911000,308.232000,300.497000,7.869707
_home_max_Documents_PhD_MAPF_LNS_MAPF_LNS_SAT_mapf-map_room-32-32-4_map-_home_max_Documents_PhD_MAPF_LNS_MAPF_LNS_SAT_mapf-scen-even_scen-even_room-32-32-4-even-8_scen-agents20-idx3-seed42-1783527986611,/home/max/Documents/PhD/MAPF/LNS/MAPF_LNS_SAT/mapf-map/room-32-32-4.map,/home/max/Documents/PhD/MAPF/LNS/MAPF_LNS_SAT/mapf-scen-even/scen-even/room-32-32-4-even-8.scen,20,3,42,1,55,35.454000,8446,1861,0.000000,2.638000,4.791000,4.142000,0.317287
_home_max_Documents_PhD_MAPF_LNS_MAPF_LNS_SAT_mapf-map_room-32-32-4_map-_home_max_Documents_PhD_MAPF_LNS_MAPF_LNS_SAT_mapf-scen-even_scen-even_room-32-32-4-even-8_scen-agents20-idx4-seed42-1783527986661,/home/max/Documents/PhD/MAPF/LNS/MAPF_LNS_SAT/mapf-map/room-32-32-4.map,/home/max/Documents/PhD/MAPF/LNS/MAPF_LNS_SAT/mapf-scen-even/scen-even/room-32-32-4-even-8.scen,20,4,42,1,54,65.744000,33898,5361,0.000000,10.189000,21.834000,20.370000,1.755806
_home_max_Documents_PhD_MAPF_LNS_MAPF_LNS_SAT_mapf-map_room-32-32-4_map-_home_max_Documents_PhD_MAPF_LNS_MAPF_LNS_SAT_mapf-scen-even_scen-even_room-32-32-4-even-8_scen-agents20-idx5-seed42-1783527986767,/home/max/Documents/PhD/MAPF/LNS/MAPF_LNS_SAT/mapf-map/room-32-32-4.map,/home/max/Documents/PhD/MAPF/LNS/MAPF_LNS_SAT/mapf-scen-even/scen-even/room-32-32-4-even-8.scen,20,5,42,1,54,45.739000,14372,2051,0.000000,4.277000,10.486000,9.644000,0.536992
_home_max_Documents_PhD_MAPF_LNS_MAPF_LNS_SAT_mapf-map_room-32-32-4_map-_home_max_Documents_PhD_MAPF_LNS_MAPF_LNS_SAT_mapf-scen-even_scen-even_room-32-32-4-even-9_scen-agents20-idx0-seed42-1783527986867,/home/max/Documents/PhD/MAPF/LNS/MAPF_LNS_SAT/mapf-map/room-32-32-4.map,/home/max/Documents/PhD/MAPF/LNS/MAPF_LNS_SAT/mapf-scen-even/scen-even/room-32-32-4-even-9.scen,20,0,42,1,56,38.521000,5504,1587,0.000000,1.808000,3.954000,3.339000,0.281944
_home_max_Documents_PhD_MAPF_LNS_MAPF_LNS_SAT_mapf-map_room-32-32-4_map-_home_max_Documents_PhD_MAPF_LNS_MAPF_LNS_SAT_mapf-scen-even_scen-even_room-32-32-4-even-9_scen-agents20-idx1-seed42-1783527986913,/home/max/Documents/PhD/MAPF/LNS/MAPF_LNS_SAT/mapf-map/room-32-32-4.map,/home/max/Documents/PhD/MAPF/LNS/MAPF_LNS_SAT/mapf-scen-even/scen-even/room-32-32-4-even-9.scen,20,1,42,1,55,22.703000,2639,760,0.000000,0.744000,2.282000,1.917000,0.146249
_home_max_Documents_PhD_MAPF_LNS_MAPF_LNS_SAT_mapf-map_room-32-32-4_map-_home_max_Documents_PhD_MAPF_LNS_MAPF_LNS_SAT_mapf-scen-even_scen-even_room-32-32-4-even-9_scen-agents20-idx2-seed42-1783527986968,/home/max/Documents/PhD/MAPF/LNS/MAPF_LNS_SAT/mapf-map/room-32-32-4.map,/home/max/Documents/PhD/MAPF/LNS/MAPF_LNS_SAT/mapf-scen-even/scen-even/room-32-32-4-even-9.scen,20,2,42,1,54,39.117000,4408,1395,0.000000,1.412000,3.480000,2.777000,0.280337
_home_max_Documents_PhD_MAPF_LNS_MAPF_LNS_SAT_mapf-map_room-32-32-4_map-_home_max_Documents_PhD_MAPF_LNS_MAPF_LNS_SAT_mapf-scen-even_scen-even_room-32-32-4-even-9_scen-agents20-idx3-seed42-1783527987014,/home/max/Documents/PhD/MAPF/LNS/MAPF_LNS_SAT/mapf-map/room-32-32-4.map,/home/max/Documents/PhD/MAPF/LNS/MAPF_LNS_SAT/mapf-scen-even/scen-even/room-32-32-4-even-9.scen,20,3,42,1,55,43.785000,11081,2274,0.000000,4.022000,7.071000,6.262000,0.425188
_home_max_Documents_PhD_MAPF_LNS_MAPF_LNS_SAT_mapf-map_room-64-64-16_map-_home_max_Documents_PhD_MAPF_LNS_MAPF_LNS_SAT_mapf-scen-even_scen-even_room-64-64-16-even-1_scen-agents10-idx0-seed42-1783528661194,/home/max/Documents/PhD/MAPF/LNS/MAPF_LNS_SAT/mapf-map/room-64-64-16.map,/home/max/Documents/PhD/MAPF/LNS/MAPF_LNS_SAT/mapf-scen-even/scen-even/room-64-64-16-even-1.scen,10,0,42,1,186,59.678000,728,292,0.000000,0.345000,0.994000,0.746000,0.052935
_home_max_Documents_PhD_MAPF_LNS_MAPF_LNS_SAT_mapf-map_room-64-64-16_map-_home_max_Documents_PhD_MAPF_LNS_MAPF_LNS_SAT_mapf-scen-even_scen-even_room-64-64-16-even-1_scen-agents10-idx1-seed42-1783528661300,/home/max/Documents/PhD/MAPF/LNS/MAPF_LNS_SAT/mapf-map/room-64-64-16.map,/home/max/Documents/PhD/MAPF/LNS/MAPF_LNS_SAT/mapf-scen-even/scen-even/room-64-64-16-even-1.scen,10,1,42,1,189,67.585000,162,81,0.000000,0.075000,0.242000,0.166000,0.019821
_home_max_Documents_PhD_MAPF_LNS_MAPF_LNS_SAT_mapf-map_room-64-64-16_map-_home_max_Documents_PhD_MAPF_LNS_MAPF_LNS_SAT_mapf-scen-even_scen-even_room-64-64-16-even-1_scen-agents10-idx2-seed42-1783528661399,/home/max/Documents/PhD/MAPF/LNS/MAPF_LNS_SAT/mapf-map/room-64-64-16.map,/home/max/Documents/PhD/MAPF/LNS/MAPF_LNS_SAT/mapf-scen-even/scen-even/room-64-64-16-even-1.scen,10,2,42,1,164,59.185000,383,144,0.000000,0.151000,0.369000,0.286000,0.039479
_home_max_Documents_PhD_MAPF_LNS_MAPF_LNS_SAT_mapf-map_room-64-64-16_map-_home_max_Documents_PhD_MAPF_LNS_MAPF_LNS_SAT_mapf-scen-even_scen-even_room-64-64-16-even-1_scen-agents10-idx3-seed42-1783528661501,/home/max/Documents/PhD/MAPF/LNS/MAPF_LNS_SAT/mapf-map/room-64-64-16.map,/home/max/Documents/PhD/MAPF/LNS/MAPF_LNS_SAT/mapf-scen-even/scen-even/room-64-64-16-even-1.scen,10,3,42,1,181,63.344000,845,287,0.000000,0.342000,0.632000,0.515000,0.040193
_home_max_Documents_PhD_MAPF_LNS_MAPF_LNS_SAT_mapf-map_room-64-64-16_map-_home_max_Documents_PhD_MAPF_LNS_MAPF_LNS_SAT_mapf-scen-even_scen-even_room-64-64-16-even-1_scen-agents10-idx4-seed42-1783528661600,/home/max/Documents/PhD/MAPF/LNS/MAPF_LNS_SAT/mapf-map/room-64-64-16.map,/home/max/Documents/PhD/MAPF/LNS/MAPF_LNS_SAT/mapf-scen-even/scen-even/room-64-64-16-even-1.scen,10,4,42,1,189,62.522000,499,158,0.000000,0.163000,0.433000,0.344000,0.034982
_home_max_Documents_PhD_MAPF_LNS_MAPF_LNS_SAT_mapf-map_room-64-64-16_map-_home_max_Documents_PhD_MAPF_LNS_MAPF_LNS_SAT_mapf-scen-even_scen-even_room-64-64-16-even-1_scen-agents10-idx5-seed42-1783528661701,/home/max/Documents/PhD/MAPF/LNS/MAPF_LNS_SAT/mapf-map/room-64-64-16.map,/home/max/Documents/PhD/MAPF/LNS/MAPF_LNS_SAT/mapf-scen-even/scen-even/room-64-64-16-even-1.scen,10,5,42,1,168,65.501000,240,87,0.000000,0.123000,0.374000,0.266000,0.034517
_home_max_Documents_PhD_MAPF_LNS_MAPF_LNS_SAT_mapf-map_room-64-64-16_map-_home_max_Documents_PhD_MAPF_LNS_MAPF_LNS_SAT_mapf-scen-even_scen-even_room-64-64-16-even-1_scen-agents10-idx6-seed42-1783528661801,/home/max/Documents/PhD/MAPF/LNS/MAPF_LNS_SAT/mapf-map/room-64-64-16.map,/home/max/Documents/PhD/MAPF/LNS/MAPF_LNS_SAT/mapf-scen-even/scen-even/room-64-64-16-even-1.scen,10,6,42,1,154,70.321000,239,86,0.000000,0.090000,0.314000,0.233000,0.028662
_home_max_Documents_PhD_MAPF_LNS_MAPF_LNS_SAT_mapf-map_room-64-64-16_map-_home_max_Documents_PhD_MAPF_LNS_MAPF_LNS_SAT_mapf-scen-even_scen-even_room-64-64-16-even-1_scen-agents10-idx7-seed42-1783528661898,/home/max/Documents/PhD/MAPF/LNS/MAPF_LNS_SAT/mapf-map/room-64-64-16.map,/home/max/Documents/PhD/MAPF/LNS/MAPF_LNS_SAT/mapf-scen-even/scen-even/room-64-64-16-even-1.scen,10,7,42,1,168,60.702000,527,196,0.000000,0.190000,0.482000,0.386000,0.039018
_home_max_Documents_PhD_MAPF_LNS_MAPF_LNS_SAT_mapf-map_room-64-64-16_map-_home_max_Documents_PhD_MAPF_LNS_MAPF_LNS_SAT_mapf-scen-even_scen-even_room-64-64-16-even-1_scen-agents10-idx8-seed42-1783528662003,/home/max/Documents/PhD/MAPF/LNS/MAPF_LNS_SAT/mapf-map/room-64-64-16.map,/home/max/Documents/PhD/MAPF/LNS/MAPF_LNS_SAT/mapf-scen-even/scen-even/room-64-64-16-even-1.scen,10,8,42,1,184,64.796000,3242,759,0.000000,0.997000,1.996000,1.728000,0.156161
_home_max_Documents_PhD_MAPF_LNS_MAPF_LNS_SAT_mapf-map_room-64-64-16_map-_home_max_Documents_PhD_MAPF_LNS_MAPF_LNS_SAT_mapf-scen-even_scen-even_room-64-64-16-even-1_scen-agents10-idx9-seed42-1783528662102,/home/max/Documents/PhD/MAPF/LNS/MAPF_LNS_SAT/mapf-map/room-64-64-16.map,/home/max/Documents/PhD/MAPF/LNS/MAPF_LNS_SAT/mapf-scen-even/scen-even/room-64-64-16-even-1.scen,10,9,42,1,172,66.214000,819,309,0.000000,0.355000,0.818000,0.636000,0.058707
_home_max_Documents_PhD_MAPF_LNS_MAPF_LNS_SAT_mapf-map_room-64-64-16_map-_home_max_Documents_PhD_MAPF_LNS_MAPF_LNS_SAT_mapf-scen-even_scen-even_room-64-64-16-even-1_scen-agents10-idx10-seed42-1783528662203,/home/max/Documents/PhD/MAPF/LNS/MAPF_LNS_SAT/mapf-map/room-64-64-16.map,/home/max/Documents/PhD/MAPF/LNS/MAPF_LNS_SAT/mapf-scen-even/scen-even/room-64-64-16-even-1.scen,10,10,42,1,162,59.091000,243,98,0.000000,0.096000,0.264000,0.208000,0.017687
_home_max_Documents_PhD_MAPF_LNS_MAPF_LNS_SAT_mapf-map_room-64-64-16_map-_home_max_Documents_PhD_MAPF_LNS_MAPF_LNS_SAT_mapf-scen-even_scen-even_room-64-64-16-even-1_scen-agents10-idx11-seed42-1783528662301,/home/max/Documents/PhD/MAPF/LNS/MAPF_LNS_SAT/mapf-map/room-64-64-16.map,/home/max/Documents/PhD/MAPF/LNS/MAPF_LNS_SAT/mapf-scen-even/scen-even/room-64-64-16-even-1.scen,10,11,42,1,182,61.801000,3433,734,0.000000,1.076000,2.010000,1.766000,0.127617
_home_max_Documents_PhD_MAPF_LNS_MAPF_LNS_SAT_mapf-map_room-64-64-16_map-_home_max_Documents_PhD_MAPF_LNS_MAPF_LNS_SAT_mapf-scen-even_scen-even_room-64-64-16-even-1_scen-agents10-idx12-seed42-1783528662404,/home/max/Documents/PhD/MAPF/LNS/MAPF_LNS_SAT/mapf-map/room-64-64-16.map,/home/max/Documents/PhD/MAPF/LNS/MAPF_LNS_SAT/mapf-scen-even/scen-even/room-64-64-16-even-1.scen,10,12,42,1,171,58.714000,867,353,0.000000,0.411000,0.643000,0.510000,0.043868
_home_max_Documents_PhD_MAPF_LNS_MAPF_LNS_SAT_mapf-map_room-64-64-16_map-_home_max_Documents_PhD_MAPF_LNS_MAPF_LNS_SAT_mapf-scen-even_scen-even_room-64-64-16-even-1_scen-agents10-idx13-seed42-1783528662506,/home/max/Documents/PhD/MAPF/LNS/MAPF_LNS_SAT/mapf-map/room-64-64-16.map,/home/max/Documents/PhD/MAPF/LNS/MAPF_LNS_SAT/mapf-scen-even/scen-even/room-64-64-16-even-1.scen,10,13,42,1,172,60.420000,3342,658,0.000000,0.988000,1.754000,1.589000,0.108733
_home_max_Documents_PhD_MAPF_LNS_MAPF_LNS_SAT_mapf-map_room-64-64-16_map-_home_max_Documents_PhD_MAPF_LNS_MAPF_LNS_SAT_mapf-scen-even_scen-even_room-64-64-16-even-1_scen-agents10-idx14-seed42-1783528662607,/home/max/Documents/PhD/MAPF/LNS/MAPF_LNS_SAT/mapf-map/room-64-64-16.map,/home/max/Documents/PhD/MAPF/LNS/MAPF_LNS_SAT/mapf-scen-even/scen-even/room-64-64-16-even-1.scen,10,14,42,1,181,59.525000,147,54,0.000000,0.073000,0.208000,0.150000,0.020491
_home_max_Documents_PhD_MAPF_LNS_MAPF_LNS_SAT_mapf-map_room-64-64-16_map-_home_max_Documents_PhD_MAPF_LNS_MAPF_LNS_SAT_mapf-scen-even_scen-even_room-64-64-16-even-1_scen-agents10-idx15-seed42-1783528662708,/home/max/Documents/PhD/MAPF/LNS/MAPF_LNS_SAT/mapf-map/room-64-64-16.map,/home/max/Documents/PhD/MAPF/LNS/MAPF_LNS_SAT/mapf-scen-even/scen-even/room-64-64-16-even-1.scen,10,15,42,1,177,58.563000,120,44,0.000000,0.052000,0.151000,0.119000,0.015091
_home_max_Documents_PhD_MAPF_LNS_MAPF_LNS_SAT_mapf-map_room-64-64-16_map-_home_max_Documents_PhD_MAPF_LNS_MAPF_LNS_SAT_mapf-scen-even_scen-even_room-64-64-16-even-1_scen-agents10-idx16-seed42-1783528662805,/home/max/Documents/PhD/MAPF/LNS/MAPF_LNS_SAT/mapf-map/room-64-64-16.map,/home/max/Documents/PhD/MAPF/LNS/MAPF_LNS_SAT/mapf-scen-even/scen-even/room-64-64-16-even-1.scen,10,16,42,1,185,63.043000,4220,997,0.000000,1.337000,2.534000,2.213000,0.155045
_home_max_Documents_PhD_MAPF_LNS_MAPF_LNS_SAT_mapf-map_room-64-64-16_map-_home_max_Documents_PhD_MAPF_LNS_MAPF_LNS_SAT_mapf-scen-even_scen-even_room-64-64-16-even-1_scen-agents10-idx17-seed42-1783528662910,/home/max/Documents/PhD/MAPF/LNS/MAPF_LNS_SAT/mapf-map/room-64-64-16.map,/home/max/Documents/PhD/MAPF/LNS/MAPF_LNS_SAT/mapf-scen-even/scen-even/room-64-64-16-even-1.scen,10,17,42,1,187,98.465000,40508,2654,0.000000,11.139000,16.683000,16.113000,0.556679
_home_max_Documents_PhD_MAPF_LNS_MAPF_LNS_SAT_mapf-map_room-64-64-16_map-_home_max_Documents_PhD_MAPF_LNS_MAPF_LNS_SAT_mapf-scen-even_scen-even_room-64-64-16-even-1_scen-agents10-idx18-seed42-1783528663060,/home/max/Documents/PhD/MAPF/LNS/MAPF_LNS_SAT/mapf-map/room-64-64-16.map,/home/max/Documents/PhD/MAPF/LNS/MAPF_LNS_SAT/mapf-scen-even/scen-even/room-64-64-16-even-1.scen,10,18,42,1,169,58.287000,142,52,0.000000,0.063000,0.183000,0.139000,0.020453
_home_max_Documents_PhD_MAPF_LNS_MAPF_LNS_SAT_mapf-map_room-64-64-16_map-_home_max_Documents_PhD_MAPF_LNS_MAPF_LNS_SAT_mapf-scen-even_scen-even_room-64-64-16-even-1_scen-agents10-idx19-seed42-1783528663161,/home/max/Documents/PhD/MAPF/LNS/MAPF_LNS_SAT/mapf-map/room-64-64-16.map,/home/max/Documents/PhD/MAPF/LNS/MAPF_LNS_SAT/mapf-scen-even/scen-even/room-64-64-16-even-1.scen,10,19,42,1,166,63.661000,906,327,0.000000,0.387000,0.748000,0.604000,0.053035
_home_max_Documents_PhD_MAPF_LNS_MAPF_LNS_SAT_mapf-map_room-64-64-16_map-_home_max_Documents_PhD_MAPF_LNS_MAPF_LNS_SAT_mapf-scen-even_scen-even_room-64-64-16-even-1_scen-agents10-idx20-seed42-1783528663260,/home/max/Documents/PhD/MAPF/LNS/MAPF_LNS_SAT/mapf-map/room-64-64-16.map,/home/max/Documents/PhD/MAPF/LNS/MAPF_LNS_SAT/mapf-scen-even/scen-even/room-64-64-16-even-1.scen,10,20,42,1,136,54.970000,254,103,0.000000,0.106000,0.270000,0.207000,0.022092
_home_max_Documents_PhD_MAPF_LNS_MAPF_LNS_SAT_mapf-map_room-64-64-16_map-_home_max_Documents_PhD_MAPF_LNS_MAPF_LNS_SAT_mapf-scen-even_scen-even_room-64-64-16-even-1_scen-agents10-idx21-seed42-1783528663363,/home/max/Documents/PhD/MAPF/LNS/MAPF_LNS_SAT/mapf-map/room-64-64-16.map,/home/max/Documents/PhD/MAPF/LNS/MAPF_LNS_SAT/mapf-scen-even/scen-even/room-64-64-16-even-1.scen,10,21,42,1,171,68.279000,2337,819,0.000000,0.908000,1.144000,1.017000,0.060950
_home_max_Documents_PhD_MAPF_LNS_MAPF_LNS_SAT_mapf-map_room-64-64-16_map-_home_max_Documents_PhD_MAPF_LNS_MAPF_LNS_SAT_mapf-scen-even_scen-even_room-64-64-16-even-1_scen-agents10-idx22-seed42-1783528663460,/home/max/Documents/PhD/MAPF/LNS/MAPF_LNS_SAT/mapf-map/room-64-64-16.map,/home/max/Documents/PhD/MAPF/LNS/MAPF_LNS_SAT/mapf-scen-even/scen-even/room-64-64-16-even-1.scen,10,22,42,1,152,52.939000,44,18,0.000000,0.023000,0.130000,0.087000,0.012169
_home_max_Documents_PhD_MAPF_LNS_MAPF_LNS_SAT_mapf-map_room-64-64-16_map-_home_max_Documents_PhD_MAPF_LNS_MAPF_LNS_SAT_mapf-scen-even_scen-even_room-64-64-16-even-1_scen-agents10-idx23-seed42-1783528663563,/home/max/Documents/PhD/MAPF/LNS/MAPF_LNS_SAT/mapf-map/room-64-64-16.map,/home/max/Documents/PhD/MAPF/LNS/MAPF_LNS_SAT/mapf-scen-even/scen-even/room-64-64-16-even-1.scen,10,23,42,1,167,59.079000,611,229,0.000000,0.207000,0.618000,0.470000,0.047029
_home_max_Documents_PhD_MAPF_LNS_MAPF_LNS_SAT_mapf-map_room-64-64-16_map-_home_max_Documents_PhD_MAPF_LNS_MAPF_LNS_SAT_mapf-scen-even_scen-even_room-64-64-16-even-1_scen-agents10-idx24-seed42-1783528663665,/home/max/Documents/PhD/MAPF/LNS/MAPF_LNS_SAT/mapf-map/room-64-64-16.map,/home/max/Documents/PhD/MAPF/LNS/MAPF_LNS_SAT/mapf-scen-even/scen-even/room-64-64-16-even-1.scen,10,24,42,1,176,65.026000,1879,539,0.000000,0.692000,1.230000,1.054000,0.103733
_home_max_Documents_PhD_MAPF_LNS_MAPF_LNS_SAT_mapf-map_room-64-64-16_map-_home_max_Documents_PhD_MAPF_LNS_MAPF_LNS_SAT_mapf-scen-even_scen-even_room-64-64-16-even-1_scen-agents10-idx25-seed42-1783528663765,/home/max/Documents/PhD/MAPF/LNS/MAPF_LNS_SAT/mapf-map/room-64-64-16.map,/home/max/Documents/PhD/MAPF/LNS/MAPF_LNS_SAT/mapf-scen-even/scen-even/room-64-64-16-even-1.scen,10,25,42,1,183,58.933000,842,313,0.000000,0.350000,0.778000,0.603000,0.058010
_home_max_Documents_PhD_MAPF_LNS_MAPF_LNS_SAT_mapf-map_room-64-64-16_map-_home_max_Documents_PhD_MAPF_LNS_MAPF_LNS_SAT_mapf-scen-even_scen-even_room-64-64-16-even-1_scen-agents10-idx26-seed42-1783528663865,/home/max/Documents/PhD/MAPF/LNS/MAPF_LNS_SAT/mapf-map/room-64-64-16.map,/home/max/Documents/PhD/MAPF/LNS/MAPF_LNS_SAT/mapf-scen-even/scen-even/room-64-64-16-even-1.scen,10,26,42,1,141,60.135000,229,106,0.000000,0.116000,0.246000,0.185000,0.016260
_home_max_Documents_PhD_MAPF_LNS_MAPF_LNS_SAT_mapf-map_room-64-64-16_map-_home_max_Documents_PhD_MAPF_LNS_MAPF_LNS_SAT_mapf-scen-even_scen-even_room-64-64-16-even-1_scen-agents10-idx27-seed42-1783528663967,/home/max/Documents/PhD/MAPF/LNS/MAPF_LNS_SAT/mapf-map/room-64-64-16.map,/home/max/Documents/PhD/MAPF/LNS/MAPF_LNS_SAT/mapf-scen-even/scen-even/room-64-64-16-even-1.scen,10,27,42,1,188,83.638000,17570,1985,0.000000,5.343000,8.095000,7.688000,0.468706
_home_max_Documents_PhD_MAPF_LNS_MAPF_LNS_SAT_mapf-map_room-64-64-16_map-_home_max_Documents_PhD_MAPF_LNS_MAPF_LNS_SAT_mapf-scen-even_scen-even_room-64-64-16-even-1_scen-agents10-idx28-seed42-1783528664063,/home/max/Documents/PhD/MAPF/LNS/MAPF_LNS_SAT/mapf-map/room-64-64-16.map,/home/max/Documents/PhD/MAPF/LNS/MAPF_LNS_SAT/mapf-scen-even/scen-even/room-64-64-16-even-1.scen,10,28,42,1,180,58.824000,1063,412,0.000000,0.491000,0.957000,0.738000,0.058091
_home_max_Documents_PhD_MAPF_LNS_MAPF_LNS_SAT_mapf-map_room-64-64-16_map-_home_max_Documents_PhD_MAPF_LNS_MAPF_LNS_SAT_mapf-scen-even_scen-even_room-64-64-16-even-1_scen-agents10-idx29-seed42-1783528664168,/home/max/Documents/PhD/MAPF/LNS/MAPF_LNS_SAT/mapf-map/room-64-64-16.map,/home/max/Documents/PhD/MAPF/LNS/MAPF_LNS_SAT/mapf-scen-even/scen-even/room-64-64-16-even-1.scen,10,29,42,1,170,64.307000,217,93,0.000000,0.089000,0.263000,0.196000,0.017864
_home_max_Documents_PhD_MAPF_LNS_MAPF_LNS_SAT_mapf-map_room-64-64-16_map-_home_max_Documents_PhD_MAPF_LNS_MAPF_LNS_SAT_mapf-scen-even_scen-even_room-64-64-16-even-1_scen-agents10-idx30-seed42-1783528664266,/home/max/Documents/PhD/MAPF/LNS/MAPF_LNS_SAT/mapf-map/room-64-64-16.map,/home/max/Documents/PhD/MAPF/LNS/MAPF_LNS_SAT/mapf-scen-even/scen-even/room-64-64-16-even-1.scen,10,30,42,1,184,61.382000,236,90,0.000000,0.097000,0.311000,0.227000,0.030066
_home_max_Documents_PhD_MAPF_LNS_MAPF_LNS_SAT_mapf-map_room-64-64-16_map-_home_max_Documents_PhD_MAPF_LNS_MAPF_LNS_SAT_mapf-scen-even_scen-even_room-64-64-16-even-1_scen-agents10-idx31-seed42-1783528664369,/home/max/Documents/PhD/MAPF/LNS/MAPF_LNS_SAT/mapf-map/room-64-64-16.map,/home/max/Documents/PhD/MAPF/LNS/MAPF_LNS_SAT/mapf-scen-even/scen-even/room-64-64-16-even-1.scen,10,31,42,1,185,56.144000,0,0,0.000000,0.000000,0.000000,0.000000,0.000000
_home_max_Documents_PhD_MAPF_LNS_MAPF_LNS_SAT_mapf-map_room-64-64-16_map-_home_max_Documents_PhD_MAPF_LNS_MAPF_LNS_SAT_mapf-scen-even_scen-even_room-64-64-16-even-1_scen-agents10-idx32-seed42-1783528664470,/home/max/Documents/PhD/MAPF/LNS/MAPF_LNS_SAT/mapf-map/room-64-64-16.map,/home/max/Documents/PhD/MAPF/LNS/MAPF_LNS_SAT/mapf-scen-even/scen-even/room-64-64-16-even-1.scen,10,32,42,1,172,67.384000,895,285,0.000000,0.314000,0.737000,0.594000,0.054892
_home_max_Documents_PhD_MAPF_LNS_MAPF_LNS_SAT_mapf-map_room-64-64-16_map-_home_max_Documents_PhD_MAPF_LNS_MAPF_LNS_SAT_mapf-scen-even_scen-even_room-64-64-16-even-1_scen-agents10-idx33-seed42-1783528664570,/home/max/Documents/PhD/MAPF/LNS/MAPF_LNS_SAT/mapf-map/room-64-64-16.map,/home/max/Documents/PhD/MAPF/LNS/MAPF_LNS_SAT/mapf-scen-even/scen-even/room-64-64-16-even-1.scen,10,33,42,1,178,56.804000,986,310,0.000000,0.372000,0.764000,0.621000,0.063075
_home_max_Documents_PhD_MAPF_LNS_MAPF_LNS_SAT_mapf-map_room-64-64-16_map-_home_max_Documents_PhD_MAPF_LNS_MAPF_LNS_SAT_mapf-scen-even_scen-even_room-64-64-16-even-1_scen-agents10-idx34-seed42-1783528664670,/home/max/Documents/PhD/MAPF/LNS/MAPF_LNS_SAT/mapf-map/room-64-64-16.map,/home/max/Documents/PhD/MAPF/LNS/MAPF_LNS_SAT/mapf-scen-even/scen-even/room-64-64-16-even-1.scen,10,34,42,1,175,65.545000,748,293,0.000000,0.289000,0.648000,0.515000,0.041026
_home_max_Documents_PhD_MAPF_LNS_MAPF_LNS_SAT_mapf-map_room-64-64-16_map-_home_max_Documents_PhD_MAPF_LNS_MAPF_LNS_SAT_mapf-scen-even_scen-even_room-64-64-16-even-1_scen-agents10-idx35-seed42-1783528664772,/home/max/Documents/PhD/MAPF/LNS/MAPF_LNS_SAT/mapf-map/room-64-64-16.map,/home/max/Documents/PhD/MAPF/LNS/MAPF_LNS_SAT/mapf-scen-even/scen-even/room-64-64-16-even-1.scen,10,35,42,1,177,65.523000,1053,369,0.000000,0.437000,0.783000,0.646000,0.035265
_home_max_Documents_PhD_MAPF_LNS_MAPF_LNS_SAT_mapf-map_room-64-64-16_map-_home_max_Documents_PhD_MAPF_LNS_MAPF_LNS_SAT_mapf-scen-even_scen-even_room-64-64-16-even-1_scen-agents10-idx36-seed42-1783528664873,/home/max/Documents/PhD/MAPF/LNS/MAPF_LNS_SAT/mapf-map/room-64-64-16.map,/home/max/Documents/PhD/MAPF/LNS/MAPF_LNS_SAT/mapf-scen-even/scen-even/room-64-64-16-even-1.scen,10,36,42,1,146,64.531000,280,120,0.000000,0.117000,0.380000,0.279000,0.024769
_home_max_Documents_PhD_MAPF_LNS_MAPF_LNS_SAT_mapf-map_room-64-64-16_map-_home_max_Documents_PhD_MAPF_LNS_MAPF_LNS_SAT_mapf-scen-even_scen-even_room-64-64-16-even-1_scen-agents10-idx37-seed42-1783528664973,/home/max/Documents/PhD/MAPF/LNS/MAPF_LNS_SAT/mapf-map/room-64-64-16.map,/home/max/Documents/PhD/MAPF/LNS/MAPF_LNS_SAT/mapf-scen-even/scen-even/room-64-64-16-even-1.scen,10,37,42,1,155,56.841000,601,235,0.000000,0.270000,0.530000,0.424000,0.036435
_home_max_Documents_PhD_MAPF_LNS_MAPF_LNS_SAT_mapf-map_room-64-64-16_map-_home_max_Documents_PhD_MAPF_LNS_MAPF_LNS_SAT_mapf-scen-even_scen-even_room-64-64-16-even-1_scen-agents10-idx38-seed42-1783528665074,/home/max/Documents/PhD/MAPF/LNS/MAPF_LNS_SAT/mapf-map/room-64-64-16.map,/home/max/Documents/PhD/MAPF/LNS/MAPF_LNS_SAT/mapf-scen-even/scen-even/room-64-64-16-even-1.scen,10,38,42,1,134,58.027000,24,10,0.000000,0.011000,0.055000,0.046000,0.007507
_home_max_Documents_PhD_MAPF_LNS_MAPF_LNS_SAT_mapf-map_room-64-64-16_map-_home_max_Documents_PhD_MAPF_LNS_MAPF_LNS_SAT_mapf-scen-even_scen-even_room-64-64-16-even-1_scen-agents10-idx39-seed42-1783528665174,/home/max/Documents/PhD/MAPF/LNS/MAPF_LNS_SAT/mapf-map/room-64-64-16.map,/home/max/Documents/PhD/MAPF/LNS/MAPF_LNS_SAT/mapf-scen-even/scen-even/room-64-64-16-even-1.scen,10,39,42,1,179,63.676000,332,137,0.000000,0.171000,0.467000,0.344000,0.040071
_home_max_Documents_PhD_MAPF_LNS_MAPF_LNS_SAT_mapf-map_room-64-64-16_map-_home_max_Documents_PhD_MAPF_LNS_MAPF_LNS_SAT_mapf-scen-even_scen-even_room-64-64-16-even-2_scen-agents10-idx0-seed42-1783528665275,/home/max/Documents/PhD/MAPF/LNS/MAPF_LNS_SAT/mapf-map/room-64-64-16.map,/home/max/Documents/PhD/MAPF/LNS/MAPF_LNS_SAT/mapf-scen-even/scen-even/room-64-64-16-even-2.scen,10,0,42,1,181,63.695000,849,292,0.000000,0.344000,0.847000,0.641000,0.061356
_home_max_Documents_PhD_MAPF_LNS_MAPF_LNS_SAT_mapf-map_room-64-64-16_map-_home_max_Documents_PhD_MAPF_LNS_MAPF_LNS_SAT_mapf-scen-even_scen-even_room-64-64-16-even-2_scen-agents10-idx1-seed42-1783528665374,/home/max/Documents/PhD/MAPF/LNS/MAPF_LNS_SAT/mapf-map/room-64-64-16.map,/home/max/Documents/PhD/MAPF/LNS/MAPF_LNS_SAT/mapf-scen-even/scen-even/room-64-64-16-even-2.scen,10,1,42,1,186,62.372000,392,166,0.000000,0.170000,0.466000,0.337000,0.032869
_home_max_Documents_PhD_MAPF_LNS_MAPF_LNS_SAT_mapf-map_room-64-64-16_map-_home_max_Documents_PhD_MAPF_LNS_MAPF_LNS_SAT_mapf-scen-even_scen-even_room-64-64-16-even-2_scen-agents10-idx2-seed42-1783528665475,/home/max/Documents/PhD/MAPF/LNS/MAPF_LNS_SAT/mapf-map/room-64-64-16.map,/home/max/Documents/PhD/MAPF/LNS/MAPF_LNS_SAT/mapf-scen-even/scen-even/room-64-64-16-even-2.scen,10,2,42,1,168,52.648000,0,0,0.000000,0.000000,0.000000,0.000000,0.000000
_home_max_Documents_PhD_MAPF_LNS_MAPF_LNS_SAT_mapf-map_room-64-64-16_map-_home_max_Documents_PhD_MAPF_LNS_MAPF_LNS_SAT_mapf-scen-even_scen-even_room-64-64-16-even-2_scen-agents10-idx3-seed42-1783528665577,/home/max/Documents/PhD/MAPF/LNS/MAPF_LNS_SAT/mapf-map/room-64-64-16.map,/home/max/Documents/PhD/MAPF/LNS/MAPF_LNS_SAT/mapf-scen-even/scen-even/room-64-64-16-even-2.scen,10,3,42,1,173,59.464000,333,126,0.000000,0.116000,0.316000,0.252000,0.027057
_home_max_Documents_PhD_MAPF_LNS_MAPF_LNS_SAT_mapf-map_room-64-64-16_map-_home_max_Documents_PhD_MAPF_LNS_MAPF_LNS_SAT_mapf-scen-even_scen-even_room-64-64-16-even-2_scen-agents10-idx4-seed42-1783528665678,/home/max/Documents/PhD/MAPF/LNS/MAPF_LNS_SAT/mapf-map/room-64-64-16.map,/home/max/Documents/PhD/MAPF/LNS/MAPF_LNS_SAT/mapf-scen-even/scen-even/room-64-64-16-even-2.scen,10,4,42,1,172,57.749000,75,30,0.000000,0.038000,0.144000,0.105000,0.013583
_home_max_Documents_PhD_MAPF_LNS_MAPF_LNS_SAT_mapf-map_room-64-64-16_map-_home_max_Documents_PhD_MAPF_LNS_MAPF_LNS_SAT_mapf-scen-even_scen-even_room-64-64-16-even-2_scen-agents10-idx5-seed42-1783528665779,/home/max/Documents/PhD/MAPF/LNS/MAPF_LNS_SAT/mapf-map/room-64-64-16.map,/home/max/Documents/PhD/MAPF/LNS/MAPF_LNS_SAT/mapf-scen-even/scen-even/room-64-64-16-even-2.scen,10,5,42,1,173,59.450000,478,174,0.000000,0.175000,0.447000,0.349000,0.038402
_home_max_Documents_PhD_MAPF_LNS_MAPF_LNS_SAT_mapf-map_room-64-64-16_map-_home_max_Documents_PhD_MAPF_LNS_MAPF_LNS_SAT_mapf-scen-even_scen-even_room-64-64-16-even-2_scen-agents10-idx6-seed42-1783528665880,/home/max/Documents/PhD/MAPF/LNS/MAPF_LNS_SAT/mapf-map/room-64-64-16.map,/home/max/Documents/PhD/MAPF/LNS/MAPF_LNS_SAT/mapf-scen-even/scen-even/room-64-64-16-even-2.scen,10,6,42,1,179,67.109000,1142,369,0.000000,0.417000,1.011000,0.781000,0.074011
_home_max_Documents_PhD_MAPF_LNS_MAPF_LNS_SAT_mapf-map_room-64-64-16_map-_home_max_Documents_PhD_MAPF_LNS_MAPF_LNS_SAT_mapf-scen-even_scen-even_room-64-64-16-even-2_scen-agents10-idx7-seed42-1783528665979,/home/max/Documents/PhD/MAPF/LNS/MAPF_LNS_SAT/mapf-map/room-64-64-16.map,/home/max/Documents/PhD/MAPF/LNS/MAPF_LNS_SAT/mapf-scen-even/scen-even/room-64-64-16-even-2.scen,10,7,42,1,130,53.791000,114,55,0.000000,0.047000,0.160000,0.117000,0.014697
_home_max_Documents_PhD_MAPF_LNS_MAPF_LNS_SAT_mapf-map_room-64-64-16_map-_home_max_Documents_PhD_MAPF_LNS_MAPF_LNS_SAT_mapf-scen-even_scen-even_room-64-64-16-even-2_scen-agents10-idx8-seed42-1783528666082,/home/max/Documents/PhD/MAPF/LNS/MAPF_LNS_SAT/mapf-map/room-64-64-16.map,/home/max/Documents/PhD/MAPF/LNS/MAPF_LNS_SAT/mapf-scen-even/scen-even/room-64-64-16-even-2.scen,10,8,42,1,177,61.061000,174,75,0.000000,0.077000,0.238000,0.178000,0.019245
_home_max_Documents_PhD_MAPF_LNS_MAPF_LNS_SAT_mapf-map_room-64-64-16_map-_home_max_Documents_PhD_MAPF_LNS_MAPF_LNS_SAT_mapf-scen-even_scen-even_room-64-64-16-even-2_scen-agents10-idx9-seed42-1783528666182,/home/max/Documents/PhD/MAPF/LNS/MAPF_LNS_SAT/mapf-map/room-64-64-16.map,/home/max/Documents/PhD/MAPF/LNS/MAPF_LNS_SAT/mapf-scen-even/scen-even/room-64-64-16-even-2.scen,10,9,42,1,161,61.092000,299,143,0.000000,0.153000,0.292000,0.226000,0.021856
_home_max_Documents_PhD_MAPF_LNS_MAPF_LNS_SAT_mapf-map_room-64-64-16_map-_home_max_Documents_PhD_MAPF_LNS_MAPF_LNS_SAT_mapf-scen-even_scen-even_room-64-64-16-even-2_scen-agents10-idx10-seed42-1783528666284,/home/max/Documents/PhD/MAPF/LNS/MAPF_LNS_SAT/mapf-map/room-64-64-16.map,/home/max/Documents/PhD/MAPF/LNS/MAPF_LNS_SAT/mapf-scen-even/scen-even/room-64-64-16-even-2.scen,10,10,42,1,184,60.939000,407,154,0.000000,0.174000,0.447000,0.342000,0.035642
_home_max_Documents_PhD_MAPF_LNS_MAPF_LNS_SAT_mapf-map_room-64-64-16_map-_home_max_Documents_PhD_MAPF_LNS_MAPF_LNS_SAT_mapf-scen-even_scen-even_room-64-64-16-even-2_scen-agents10-idx11-seed42-1783528666377,/home/max/Documents/PhD/MAPF/LNS/MAPF_LNS_SAT/mapf-map/room-64-64-16.map,/home/max/Documents/PhD/MAPF/LNS/MAPF_LNS_SAT/mapf-scen-even/scen-even/room-64-64-16-even-2.scen,10,11,42,1,186,55.572000,462,170,0.000000,0.181000,0.421000,0.336000,0.031095
_home_max_Documents_PhD_MAPF_LNS_MAPF_LNS_SAT_mapf-map_room-64-64-16_map-_home_max_Documents_PhD_MAPF_LNS_MAPF_LNS_SAT_mapf-scen-even_scen-even_room-64-64-16-even-2_scen-agents10-idx12-seed42-1783528666486,/home/max/Documents/PhD/MAPF/LNS/MAPF_LNS_SAT/mapf-map/room-64-64-16.map,/home/max/Documents/PhD/MAPF/LNS/MAPF_LNS_SAT/mapf-scen-even/scen-even/room-64-64-16-even-2.scen,10,12,42,1,170,62.282000,689,271,0.000000,0.248000,0.609000,0.490000,0.041572
_home_max_Documents_PhD_MAPF_LNS_MAPF_LNS_SAT_mapf-map_room-64-64-16_map-_home_max_Documents_PhD_MAPF_LNS_MAPF_LNS_SAT_mapf-scen-even_scen-even_room-64-64-16-even-2_scen-agents10-idx13-seed42-1783528666584,/home/max/Documents/PhD/MAPF/LNS/MAPF_LNS_SAT/mapf-map/room-64-64-16.map,/home/max/Documents/PhD/MAPF/LNS/MAPF_LNS_SAT/mapf-scen-even/scen-even/room-64-64-16-even-2.scen,10,13,42,1,155,56.527000,487,179,0.000000,0.177000,0.462000,0.360000,0.038706
_home_max_Documents_PhD_MAPF_LNS_MAPF_LNS_SAT_mapf-map_room-64-64-16_map-_home_max_Documents_PhD_MAPF_LNS_MAPF_LNS_SAT_mapf-scen-even_scen-even_room-64-64-16-even-2_scen-agents10-idx14-seed42-1783528666684,/home/max/Documents/PhD/MAPF/LNS/MAPF_LNS_SAT/mapf-map/room-64-64-16.map,/home/max/Documents/PhD/MAPF/LNS/MAPF_LNS_SAT/mapf-scen-even/scen-even/room-64-64-16-even-2.scen,10,14,42,1,174,59.439000,166,69,0.000000,0.069000,0.233000,0.169000,0.020373
_home_max_Documents_PhD_MAPF_LNS_MAPF_LNS_SAT_mapf-map_room-64-64-16_map-_home_max_Documents_PhD_MAPF_LNS_MAPF_LNS_SAT_mapf-scen-even_scen-even_room-64-64-16-even-2_scen-agents10-idx15-seed42-1783528666785,/home/max/Documents/PhD/MAPF/LNS/MAPF_LNS_SAT/mapf-map/room-64-64-16.map,/home/max/Documents/PhD/MAPF/LNS/MAPF_LNS_SAT/mapf-scen-even/scen-even/room-64-64-16-even-2.scen,10,15,42,1,173,84.935000,3383,862,0.000000,1.036000,2.182000,1.854000,0.163401
_home_max_Documents_PhD_MAPF_LNS_MAPF_LNS_SAT_mapf-map_room-64-64-16_map-_home_max_Documents_PhD_MAPF_LNS_MAPF_LNS_SAT_mapf-scen-even_scen-even_room-64-64-16-even-2_scen-agents10-idx16-seed42-1783528666882,/home/max/Documents/PhD/MAPF/LNS/MAPF_LNS_SAT/mapf-map/room-64-64-16.map,/home/max/Documents/PhD/MAPF/LNS/MAPF_LNS_SAT/mapf-scen-even/scen-even/room-64-64-16-even-2.scen,10,16,42,1,179,64.479000,1282,425,0.000000,0.478000,1.125000,0.886000,0.114473
_home_max_Documents_PhD_MAPF_LNS_MAPF_LNS_SAT_mapf-map_room-64-64-16_map-_home_max_Documents_PhD_MAPF_LNS_MAPF_LNS_SAT_mapf-scen-even_scen-even_room-64-64-16-even-2_scen-agents10-idx17-seed42-1783528666986,/home/max/Documents/PhD/MAPF/LNS/MAPF_LNS_SAT/mapf-map/room-64-64-16.map,/home/max/Documents/PhD/MAPF/LNS/MAPF_LNS_SAT/mapf-scen-even/scen-even/room-64-64-16-even-2.scen,10,17,42,1,185,67.974000,162,69,0.000000,0.091000,0.173000,0.136000,0.018422
_home_max_Documents_PhD_MAPF_LNS_MAPF_LNS_SAT_mapf-map_room-64-64-16_map-_home_max_Documents_PhD_MAPF_LNS_MAPF_LNS_SAT_mapf-scen-even_scen-even_room-64-64-16-even-2_scen-agents10-idx18-seed42-1783528667087,/home/max/Documents/PhD/MAPF/LNS/MAPF_LNS_SAT/mapf-map/room-64-64-16.map,/home/max/Documents/PhD/MAPF/LNS/MAPF_LNS_SAT/mapf-scen-even/scen-even/room-64-64-16-even-2.scen,10,18,42,1,157,57.189000,847,294,0.000000,0.295000,0.737000,0.563000,0.057572
_home_max_Documents_PhD_MAPF_LNS_MAPF_LNS_SAT_mapf-map_room-64-64-16_map-_home_max_Documents_PhD_MAPF_LNS_MAPF_LNS_SAT_mapf-scen-even_scen-even_room-64-64-16-even-2_scen-agents10-idx19-seed42-1783528667186,/home/max/Documents/PhD/MAPF/LNS/MAPF_LNS_SAT/mapf-map/room-64-64-16.map,/home/max/Documents/PhD/MAPF/LNS/MAPF_LNS_SAT/mapf-scen-even/scen-even/room-64-64-16-even-2.scen,10,19,42,1,184,60.812000,401,149,0.000000,0.167000,0.444000,0.328000,0.036209
_home_max_Documents_PhD_MAPF_LNS_MAPF_LNS_SAT_mapf-map_room-64-64-16_map-_home_max_Documents_PhD_MAPF_LNS_MAPF_LNS_SAT_mapf-scen-even_scen-even_room-64-64-16-even-2_scen-agents10-idx20-seed42-1783528667288,/home/max/Documents/PhD/MAPF/LNS/MAPF_LNS_SAT/mapf-map/room-64-64-16.map,/home/max/Documents/PhD/MAPF/LNS/MAPF_LNS_SAT/mapf-scen-even/scen-even/room-64-64-16-even-2.scen,10,20,42,1,173,58.101000,0,0,0.000000,0.000000,0.000000,0.000000,0.000000
_home_max_Documents_PhD_MAPF_LNS_MAPF_LNS_SAT_mapf-map_room-64-64-16_map-_home_max_Documents_PhD_MAPF_LNS_MAPF_LNS_SAT_mapf-scen-even_scen-even_room-64-64-16-even-2_scen-agents10-idx21-seed42-1783528667389,/home/max/Documents/PhD/MAPF/LNS/MAPF_LNS_SAT/mapf-map/room-64-64-16.map,/home/max/Documents/PhD/MAPF/LNS/MAPF_LNS_SAT/mapf-scen-even/scen-even/room-64-64-16-even-2.scen,10,21,42,1,168,62.586000,75,34,0.000000,0.034000,0.160000,0.110000,0.013770
_home_max_Documents_PhD_MAPF_LNS_MAPF_LNS_SAT_mapf-map_room-64-64-16_map-_home_max_Documents_PhD_MAPF_LNS_MAPF_LNS_SAT_mapf-scen-even_scen-even_room-64-64-16-even-2_scen-agents10-idx22-seed42-1783528667491,/home/max/Documents/PhD/MAPF/LNS/MAPF_LNS_SAT/mapf-map/room-64-64-16.map,/home/max/Documents/PhD/MAPF/LNS/MAPF_LNS_SAT/mapf-scen-even/scen-even/room-64-64-16-even-2.scen,10,22,42,1,169,64.837000,1260,476,0.000000,0.488000,1.135000,0.888000,0.081559
_home_max_Documents_PhD_MAPF_LNS_MAPF_LNS_SAT_mapf-map_room-64-64-16_map-_home_max_Documents_PhD_MAPF_LNS_MAPF_LNS_SAT_mapf-scen-even_scen-even_room-64-64-16-even-2_scen-agents10-idx23-seed42-1783528667591,/home/max/Documents/PhD/MAPF/LNS/MAPF_LNS_SAT/mapf-map/room-64-64-16.map,/home/max/Documents/PhD/MAPF/LNS/MAPF_LNS_SAT/mapf-scen-even/scen-even/room-64-64-16-even-2.scen,10,23,42,1,173,57.691000,405,126,0.000000,0.136000,0.404000,0.318000,0.037365
_home_max_Documents_PhD_MAPF_LNS_MAPF_LNS_SAT_mapf-map_room-64-64-16_map-_home_max_Documents_PhD_MAPF_LNS_MAPF_LNS_SAT_mapf-scen-even_scen-even_room-64-64-16-even-2_scen-agents10-idx24-seed42-1783528667691,/home/max/Documents/PhD/MAPF/LNS/MAPF_LNS_SAT/mapf-map/room-64-64-16.map,/home/max/Documents/PhD/MAPF/LNS/MAPF_LNS_SAT/mapf-scen-even/scen-even/room-64-64-16-even-2.scen,10,24,42,1,144,59.354000,140,57,0.000000,0.066000,0.261000,0.174000,0.016391
_home_max_Documents_PhD_MAPF_LNS_MAPF_LNS_SAT_mapf-map_room-64-64-16_map-_home_max_Documents_PhD_MAPF_LNS_MAPF_LNS_SAT_mapf-scen-even_scen-even_room-64-64-16-even-2_scen-agents10-idx25-seed42-1783528667794,/home/max/Documents/PhD/MAPF/LNS/MAPF_LNS_SAT/mapf-map/room-64-64-16.map,/home/max/Documents/PhD/MAPF/LNS/MAPF_LNS_SAT/mapf-scen-even/scen-even/room-64-64-16-even-2.scen,10,25,42,1,185,61.004000,0,0,0.000000,0.000000,0.000000,0.000000,0.000000
_home_max_Documents_PhD_MAPF_LNS_MAPF_LNS_SAT_mapf-map_room-64-64-16_map-_home_max_Documents_PhD_MAPF_LNS_MAPF_LNS_SAT_mapf-scen-even_scen-even_room-64-64-16-even-2_scen-agents10-idx26-seed42-1783528667891,/home/max/Documents/PhD/MAPF/LNS/MAPF_LNS_SAT/mapf-map/room-64-64-16.map,/home/max/Documents/PhD/MAPF/LNS/MAPF_LNS_SAT/mapf-scen-even/scen-even/room-64-64-16-even-2.scen,10,26,42,1,157,58.962000,339,143,0.000000,0.135000,0.350000,0.268000,0.021896
_home_max_Documents_PhD_MAPF_LNS_MAPF_LNS_SAT_mapf-map_room-64-64-16_map-_home_max_Documents_PhD_MAPF_LNS_MAPF_LNS_SAT_mapf-scen-even_scen-even_room-64-64-16-even-2_scen-agents10-idx27-seed42-1783528667993,/home/max/Documents/PhD/MAPF/LNS/MAPF_LNS_SAT/mapf-map/room-64-64-16.map,/home/max/Documents/PhD/MAPF/LNS/MAPF_LNS_SAT/mapf-scen-even/scen-even/room-64-64-16-even-2.scen,10,27,42,1,178,59.705000,2368,583,0.000000,0.787000,1.363000,1.205000,0.082666
_home_max_Documents_PhD_MAPF_LNS_MAPF_LNS_SAT_mapf-map_room-64-64-16_map-_home_max_Documents_PhD_MAPF_LNS_MAPF_LNS_SAT_mapf-scen-even_scen-even_room-64-64-16-even-2_scen-agents10-idx28-seed42-1783528668094,/home/max/Documents/PhD/MAPF/LNS/MAPF_LNS_SAT/mapf-map/room-64-64-16.map,/home/max/Documents/PhD/MAPF/LNS/MAPF_LNS_SAT/mapf-scen-even/scen-even/room-64-64-16-even-2.scen,10,28,42,1,171,63.059000,834,276,0.000000,0.304000,0.707000,0.564000,0.056692
_home_max_Documents_PhD_MAPF_LNS_MAPF_LNS_SAT_mapf-map_room-64-64-16_map-_home_max_Documents_PhD_MAPF_LNS_MAPF_LNS_SAT_mapf-scen-even_scen-even_room-64-64-16-even-2_scen-agents10-idx29-seed42-1783528668195,/home/max/Documents/PhD/MAPF/LNS/MAPF_LNS_SAT/mapf-map/room-64-64-16.map,/home/max/Documents/PhD/MAPF/LNS/MAPF_LNS_SAT/mapf-scen-even/scen-even/room-64-64-16-even-2.scen,10,29,42,1,189,65.792000,489,187,0.000000,0.227000,0.505000,0.379000,0.034098
_home_max_Documents_PhD_MAPF_LNS_MAPF_LNS_SAT_mapf-map_room-64-64-16_map-_home_max_Documents_PhD_MAPF_LNS_MAPF_LNS_SAT_mapf-scen-even_scen-even_room-64-64-16-even-2_scen-agents10-idx30-seed42-1783528668296,/home/max/Documents/PhD/MAPF/LNS/MAPF_LNS_SAT/mapf-map/room-64-64-16.map,/home/max/Documents/PhD/MAPF/LNS/MAPF_LNS_SAT/mapf-scen-even/scen-even/room-64-64-16-even-2.scen,10,30,42,1,182,61.708000,2210,597,0.000000,0.763000,1.387000,1.213000,0.122803
_home_max_Documents_PhD_MAPF_LNS_MAPF_LNS_SAT_mapf-map_room-64-64-16_map-_home_max_Documents_PhD_MAPF_LNS_MAPF_LNS_SAT_mapf-scen-even_scen-even_room-64-64-16-even-2_scen-agents10-idx31-seed42-1783528668396,/home/max/Documents/PhD/MAPF/LNS/MAPF_LNS_SAT/mapf-map/room-64-64-16.map,/home/max/Documents/PhD/MAPF/LNS/MAPF_LNS_SAT/mapf-scen-even/scen-even/room-64-64-16-even-2.scen,10,31,42,1,164,58.770000,3245,654,0.000000,1.027000,1.696000,1.546000,0.107350
_home_max_Documents_PhD_MAPF_LNS_MAPF_LNS_SAT_mapf-map_room-64-64-16_map-_home_max_Documents_PhD_MAPF_LNS_MAPF_LNS_SAT_mapf-scen-even_scen-even_room-64-64-16-even-2_scen-agents10-idx32-seed42-1783528668498,/home/max/Documents/PhD/MAPF/LNS/MAPF_LNS_SAT/mapf-map/room-64-64-16.map,/home/max/Documents/PhD/MAPF/LNS/MAPF_LNS_SAT/mapf-scen-even/scen-even/room-64-64-16-even-2.scen,10,32,42,1,170,63.452000,298,119,0.000000,0.116000,0.367000,0.263000,0.029196
_home_max_Documents_PhD_MAPF_LNS_MAPF_LNS_SAT_mapf-map_room-64-64-16_map-_home_max_Documents_PhD_MAPF_LNS_MAPF_LNS_SAT_mapf-scen-even_scen-even_room-64-64-16-even-2_scen-agents10-idx33-seed42-1783528668598,/home/max/Documents/PhD/MAPF/LNS/MAPF_LNS_SAT/mapf-map/room-64-64-16.map,/home/max/Documents/PhD/MAPF/LNS/MAPF_LNS_SAT/mapf-scen-even/scen-even/room-64-64-16-even-2.scen,10,33,42,1,185,59.351000,394,163,0.000000,0.164000,0.548000,0.386000,0.036428
_home_max_Documents_PhD_MAPF_LNS_MAPF_LNS_SAT_mapf-map_room-64-64-16_map-_home_max_Documents_PhD_MAPF_LNS_MAPF_LNS_SAT_mapf-scen-even_scen-even_room-64-64-16-even-2_scen-agents10-idx34-seed42-1783528668699,/home/max/Documents/PhD/MAPF/LNS/MAPF_LNS_SAT/mapf-map/room-64-64-16.map,/home/max/Documents/PhD/MAPF/LNS/MAPF_LNS_SAT/mapf-scen-even/scen-even/room-64-64-16-even-2.scen,10,34,42,1,187,67.046000,244,103,0.000000,0.113000,0.279000,0.209000,0.023450
_home_max_Documents_PhD_MAPF_LNS_MAPF_LNS_SAT_mapf-map_room-64-64-16_map-_home_max_Documents_PhD_MAPF_LNS_MAPF_LNS_SAT_mapf-scen-even_scen-even_room-64-64-16-even-2_scen-agents10-idx35-seed42-1783528668797,/home/max/Documents/PhD/MAPF/LNS/MAPF_LNS_SAT/mapf-map/room-64-64-16.map,/home/max/Documents/PhD/MAPF/LNS/MAPF_LNS_SAT/mapf-scen-even/scen-even/room-64-64-16-even-2.scen,10,35,42,1,186,67.241000,3373,634,0.000000,0.978000,1.715000,1.586000,0.097703
_home_max_Documents_PhD_MAPF_LNS_MAPF_LNS_SAT_mapf-map_room-64-64-16_map-_home_max_Documents_PhD_MAPF_LNS_MAPF_LNS_SAT_mapf-scen-even_scen-even_room-64-64-16-even-2_scen-agents10-idx36-seed42-1783528668899,/home/max/Documents/PhD/MAPF/LNS/MAPF_LNS_SAT/mapf-map/room-64-64-16.map,/home/max/Documents/PhD/MAPF/LNS/MAPF_LNS_SAT/mapf-scen-even/scen-even/room-64-64-16-even-2.scen,10,36,42,1,183,57.972000,118,42,0.000000,0.046000,0.161000,0.122000,0.021221
_home_max_Documents_PhD_MAPF_LNS_MAPF_LNS_SAT_mapf-map_room-64-64-16_map-_home_max_Documents_PhD_MAPF_LNS_MAPF_LNS_SAT_mapf-scen-even_scen-even_room-64-64-16-even-2_scen-agents10-idx37-seed42-1783528669001,/home/max/Documents/PhD/MAPF/LNS/MAPF_LNS_SAT/mapf-map/room-64-64-16.map,/home/max/Documents/PhD/MAPF/LNS/MAPF_LNS_SAT/mapf-scen-even/scen-even/room-64-64-16-even-2.scen,10,37,42,1,175,73.231000,7539,1167,0.000000,2.091000,3.459000,3.227000,0.173469
_home_max_Documents_PhD_MAPF_LNS_MAPF_LNS_SAT_mapf-map_room-64-64-16_map-_home_max_Documents_PhD_MAPF_LNS_MAPF_LNS_SAT_mapf-scen-even_scen-even_room-64-64-16-even-2_scen-agents10-idx38-seed42-1783528669097,/home/max/Documents/PhD/MAPF/LNS/MAPF_LNS_SAT/mapf-map/room-64-64-16.map,/home/max/Documents/PhD/MAPF/LNS/MAPF_LNS_SAT/mapf-scen-even/scen-even/room-64-64-16-even-2.scen,10,38,42,1,172,54.226000,794,290,0.000000,0.311000,0.689000,0.547000,0.050376
_home_max_Documents_PhD_MAPF_LNS_MAPF_LNS_SAT_mapf-map_room-64-64-16_map-_home_max_Documents_PhD_MAPF_LNS_MAPF_LNS_SAT_mapf-scen-even_scen-even_room-64-64-16-even-2_scen-agents10-idx39-seed42-1783528669202,/home/max/Documents/PhD/MAPF/LNS/MAPF_LNS_SAT/mapf-map/room-64-64-16.map,/home/max/Documents/PhD/MAPF/LNS/MAPF_LNS_SAT/mapf-scen-even/scen-even/room-64-64-16-even-2.scen,10,39,42,1,174,61.075000,219,73,0.000000,0.095000,0.227000,0.178000,0.022070
_home_max_Documents_PhD_MAPF_LNS_MAPF_LNS_SAT_mapf-map_room-64-64-16_map-_home_max_Documents_PhD_MAPF_LNS_MAPF_LNS_SAT_mapf-scen-even_scen-even_room-64-64-16-even-3_scen-agents10-idx0-seed42-1783528669302,/home/max/Documents/PhD/MAPF/LNS/MAPF_LNS_SAT/mapf-map/room-64-64-16.map,/home/max/Documents/PhD/MAPF/LNS/MAPF_LNS_SAT/mapf-scen-even/scen-even/room-64-64-16-even-3.scen,10,0,42,1,181,53.584000,24,10,0.000000,0.016000,0.063000,0.054000,0.010398
_home_max_Documents_PhD_MAPF_LNS_MAPF_LNS_SAT_mapf-map_room-64-64-16_map-_home_max_Documents_PhD_MAPF_LNS_MAPF_LNS_SAT_mapf-scen-even_scen-even_room-64-64-16-even-3_scen-agents10-idx1-seed42-1783528669404,/home/max/Documents/PhD/MAPF/LNS/MAPF_LNS_SAT/mapf-map/room-64-64-16.map,/home/max/Documents/PhD/MAPF/LNS/MAPF_LNS_SAT/mapf-scen-even/scen-even/room-64-64-16-even-3.scen,10,1,42,1,150,59.545000,120,44,0.000000,0.043000,0.156000,0.123000,0.014271
_home_max_Documents_PhD_MAPF_LNS_MAPF_LNS_SAT_mapf-map_room-64-64-16_map-_home_max_Documents_PhD_MAPF_LNS_MAPF_LNS_SAT_mapf-scen-even_scen-even_room-64-64-16-even-3_scen-agents10-idx2-seed42-1783528669503,/home/max/Documents/PhD/MAPF/LNS/MAPF_LNS_SAT/mapf-map/room-64-64-16.map,/home/max/Documents/PhD/MAPF/LNS/MAPF_LNS_SAT/mapf-scen-even/scen-even/room-64-64-16-even-3.scen,10,2,42,1,169,59.430000,202,80,0.000000,0.097000,0.268000,0.205000,0.020827
_home_max_Documents_PhD_MAPF_LNS_MAPF_LNS_SAT_mapf-map_room-64-64-16_map-_home_max_Documents_PhD_MAPF_LNS_MAPF_LNS_SAT_mapf-scen-even_scen-even_room-64-64-16-even-3_scen-agents10-idx3-seed42-1783528669604,/home/max/Documents/PhD/MAPF/LNS/MAPF_LNS_SAT/mapf-map/room-64-64-16.map,/home/max/Documents/PhD/MAPF/LNS/MAPF_LNS_SAT/mapf-scen-even/scen-even/room-64-64-16-even-3.scen,10,3,42,1,180,61.962000,4732,877,0.000000,1.364000,2.311000,2.151000,0.118610
_home_max_Documents_PhD_MAPF_LNS_MAPF_LNS_SAT_mapf-map_room-64-64-16_map-_home_max_Documents_PhD_MAPF_LNS_MAPF_LNS_SAT_mapf-scen-even_scen-even_room-64-64-16-even-3_scen-agents10-idx4-seed42-1783528669705,/home/max/Documents/PhD/MAPF/LNS/MAPF_LNS_SAT/mapf-map/room-64-64-16.map,/home/max/Documents/PhD/MAPF/LNS/MAPF_LNS_SAT/mapf-scen-even/scen-even/room-64-64-16-even-3.scen,10,4,42,1,164,63.888000,229,104,0.000000,0.094000,0.285000,0.212000,0.019289
_home_max_Documents_PhD_MAPF_LNS_MAPF_LNS_SAT_mapf-map_room-64-64-16_map-_home_max_Documents_PhD_MAPF_LNS_MAPF_LNS_SAT_mapf-scen-even_scen-even_room-64-64-16-even-3_scen-agents10-idx5-seed42-1783528669807,/home/max/Documents/PhD/MAPF/LNS/MAPF_LNS_SAT/mapf-map/room-64-64-16.map,/home/max/Documents/PhD/MAPF/LNS/MAPF_LNS_SAT/mapf-scen-even/scen-even/room-64-64-16-even-3.scen,10,5,42,1,138,60.729000,458,154,0.000000,0.155000,0.440000,0.344000,0.041183
_home_max_Documents_PhD_MAPF_LNS_MAPF_LNS_SAT_mapf-map_room-64-64-16_map-_home_max_Documents_PhD_MAPF_LNS_MAPF_LNS_SAT_mapf-scen-even_scen-even_room-64-64-16-even-3_scen-agents10-idx6-seed42-1783528669907,/home/max/Documents/PhD/MAPF/LNS/MAPF_LNS_SAT/mapf-map/room-64-64-16.map,/home/max/Documents/PhD/MAPF/LNS/MAPF_LNS_SAT/mapf-scen-even/scen-even/room-64-64-16-even-3.scen,10,6,42,1,173,62.985000,694,226,0.000000,0.271000,0.529000,0.429000,0.048113
_home_max_Documents_PhD_MAPF_LNS_MAPF_LNS_SAT_mapf-map_room-64-64-16_map-_home_max_Documents_PhD_MAPF_LNS_MAPF_LNS_SAT_mapf-scen-even_scen-even_room-64-64-16-even-3_scen-agents10-idx7-seed42-1783528670008,/home/max/Documents/PhD/MAPF/LNS/MAPF_LNS_SAT/mapf-map/room-64-64-16.map,/home/max/Documents/PhD/MAPF/LNS/MAPF_LNS_SAT/mapf-scen-even/scen-even/room-64-64-16-even-3.scen,10,7,42,1,155,63.558000,1862,449,0.000000,0.579000,1.096000,0.955000,0.068436
_home_max_Documents_PhD_MAPF_LNS_MAPF_LNS_SAT_mapf-map_room-64-64-16_map-_home_max_Documents_PhD_MAPF_LNS_MAPF_LNS_SAT_mapf-scen-even_scen-even_room-64-64-16-even-3_scen-agents10-idx8-seed42-1783528670109,/home/max/Documents/PhD/MAPF/LNS/MAPF_LNS_SAT/mapf-map/room-64-64-16.map,/home/max/Documents/PhD/MAPF/LNS/MAPF_LNS_SAT/mapf-scen-even/scen-even/room-64-64-16-even-3.scen,10,8,42,1,158,65.375000,3033,617,0.000000,0.947000,1.812000,1.606000,0.116851
_home_max_Documents_PhD_MAPF_LNS_MAPF_LNS_SAT_mapf-map_room-64-64-16_map-_home_max_Documents_PhD_MAPF_LNS_MAPF_LNS_SAT_mapf-scen-even_scen-even_room-64-64-16-even-3_scen-agents10-idx9-seed42-1783528670209,/home/max/Documents/PhD/MAPF/LNS/MAPF_LNS_SAT/mapf-map/room-64-64-16.map,/home/max/Documents/PhD/MAPF/LNS/MAPF_LNS_SAT/mapf-scen-even/scen-even/room-64-64-16-even-3.scen,10,9,42,1,192,53.686000,0,0,0.000000,0.000000,0.000000,0.000000,0.000000
_home_max_Documents_PhD_MAPF_LNS_MAPF_LNS_SAT_mapf-map_room-64-64-16_map-_home_max_Documents_PhD_MAPF_LNS_MAPF_LNS_SAT_mapf-scen-even_scen-even_room-64-64-16-even-3_scen-agents10-idx10-seed42-1783528670310,/home/max/Documents/PhD/MAPF/LNS/MAPF_LNS_SAT/mapf-map/room-64-64-16.map,/home/max/Documents/PhD/MAPF/LNS/MAPF_LNS_SAT/mapf-scen-even/scen-even/room-64-64-16-even-3.scen,10,10,42,1,190,67.150000,3628,771,0.000000,1.145000,2.039000,1.799000,0.130903
_home_max_Documents_PhD_MAPF_LNS_MAPF_LNS_SAT_mapf-map_room-64-64-16_map-_home_max_Documents_PhD_MAPF_LNS_MAPF_LNS_SAT_mapf-scen-even_scen-even_room-64-64-16-even-3_scen-agents10-idx11-seed42-1783528670408,/home/max/Documents/PhD/MAPF/LNS/MAPF_LNS_SAT/mapf-map/room-64-64-16.map,/home/max/Documents/PhD/MAPF/LNS/MAPF_LNS_SAT/mapf-scen-even/scen-even/room-64-64-16-even-3.scen,10,11,42,1,167,52.176000,0,0,0.000000,0.000000,0.000000,0.000000,0.000000
_home_max_Documents_PhD_MAPF_LNS_MAPF_LNS_SAT_mapf-map_room-64-64-16_map-_home_max_Documents_PhD_MAPF_LNS_MAPF_LNS_SAT_mapf-scen-even_scen-even_room-64-64-16-even-1_scen-agents20-idx0-seed42-1783529260836,/home/max/Documents/PhD/MAPF/LNS/MAPF_LNS_SAT/mapf-map/room-64-64-16.map,/home/max/Documents/PhD/MAPF/LNS/MAPF_LNS_SAT/mapf-scen-even/scen-even/room-64-64-16-even-1.scen,20,0,42,1,189,141.371000,19388,2646,0.000000,5.494000,9.082000,8.394000,0.528881
_home_max_Documents_PhD_MAPF_LNS_MAPF_LNS_SAT_mapf-map_room-64-64-16_map-_home_max_Documents_PhD_MAPF_LNS_MAPF_LNS_SAT_mapf-scen-even_scen-even_room-64-64-16-even-1_scen-agents20-idx1-seed42-1783529260987,/home/max/Documents/PhD/MAPF/LNS/MAPF_LNS_SAT/mapf-map/room-64-64-16.map,/home/max/Documents/PhD/MAPF/LNS/MAPF_LNS_SAT/mapf-scen-even/scen-even/room-64-64-16-even-1.scen,20,1,42,1,181,140.264000,6382,2020,0.002000,2.491000,4.490000,3.666000,0.306243
_home_max_Documents_PhD_MAPF_LNS_MAPF_LNS_SAT_mapf-map_room-64-64-16_map-_home_max_Documents_PhD_MAPF_LNS_MAPF_LNS_SAT_mapf-scen-even_scen-even_room-64-64-16-even-1_scen-agents20-idx2-seed42-1783529261138,/home/max/Documents/PhD/MAPF/LNS/MAPF_LNS_SAT/mapf-map/room-64-64-16.map,/home/max/Documents/PhD/MAPF/LNS/MAPF_LNS_SAT/mapf-scen-even/scen-even/room-64-64-16-even-1.scen,20,2,42,1,189,113.954000,1327,482,0.000000,0.536000,1.204000,0.947000,0.083701
_home_max_Documents_PhD_MAPF_LNS_MAPF_LNS_SAT_mapf-map_room-64-64-16_map-_home_max_Documents_PhD_MAPF_LNS_MAPF_LNS_SAT_mapf-scen-even_scen-even_room-64-64-16-even-1_scen-agents20-idx3-seed42-1783529261291,/home/max/Documents/PhD/MAPF/LNS/MAPF_LNS_SAT/mapf-map/room-64-64-16.map,/home/max/Documents/PhD/MAPF/LNS/MAPF_LNS_SAT/mapf-scen-even/scen-even/room-64-64-16-even-1.scen,20,3,42,1,168,138.820000,5414,1631,0.000000,1.944000,3.686000,3.105000,0.215692
_home_max_Documents_PhD_MAPF_LNS_MAPF_LNS_SAT_mapf-map_room-64-64-16_map-_home_max_Documents_PhD_MAPF_LNS_MAPF_LNS_SAT_mapf-scen-even_scen-even_room-64-64-16-even-1_scen-agents20-idx4-seed42-1783529261439,/home/max/Documents/PhD/MAPF/LNS/MAPF_LNS_SAT/mapf-map/room-64-64-16.map,/home/max/Documents/PhD/MAPF/LNS/MAPF_LNS_SAT/mapf-scen-even/scen-even/room-64-64-16-even-1.scen,20,4,42,1,184,157.693000,10567,2615,0.000000,3.454000,6.960000,5.881000,0.764647
_home_max_Documents_PhD_MAPF_LNS_MAPF_LNS_SAT_mapf-map_room-64-64-16_map-_home_max_Documents_PhD_MAPF_LNS_MAPF_LNS_SAT_mapf-scen-even_scen-even_room-64-64-16-even-1_scen-agents20-idx5-seed42-1783529261645,/home/max/Documents/PhD/MAPF/LNS/MAPF_LNS_SAT/mapf-map/room-64-64-16.map,/home/max/Documents/PhD/MAPF/LNS/MAPF_LNS_SAT/mapf-scen-even/scen-even/room-64-64-16-even-1.scen,20,5,42,1,182,147.666000,9230,1992,0.000000,2.912000,5.185000,4.597000,0.323713
_home_max_Documents_PhD_MAPF_LNS_MAPF_LNS_SAT_mapf-map_room-64-64-16_map-_home_max_Documents_PhD_MAPF_LNS_MAPF_LNS_SAT_mapf-scen-even_scen-even_room-64-64-16-even-1_scen-agents20-idx6-seed42-1783529261844,/home/max/Documents/PhD/MAPF/LNS/MAPF_LNS_SAT/mapf-map/room-64-64-16.map,/home/max/Documents/PhD/MAPF/LNS/MAPF_LNS_SAT/mapf-scen-even/scen-even/room-64-64-16-even-1.scen,20,6,42,1,172,136.634000,8381,1754,0.000000,3.329000,4.467000,4.013000,0.226601
_home_max_Documents_PhD_MAPF_LNS_MAPF_LNS_SAT_mapf-map_room-64-64-16_map-_home_max_Documents_PhD_MAPF_LNS_MAPF_LNS_SAT_mapf-scen-even_scen-even_room-64-64-16-even-1_scen-agents20-idx7-seed42-1783529261991,/home/max/Documents/PhD/MAPF/LNS/MAPF_LNS_SAT/mapf-map/room-64-64-16.map,/home/max/Documents/PhD/MAPF/LNS/MAPF_LNS_SAT/mapf-scen-even/scen-even/room-64-64-16-even-1.scen,20,7,42,1,181,126.090000,16278,3220,0.000000,5.755000,7.490000,6.996000,0.326483
_home_max_Documents_PhD_MAPF_LNS_MAPF_LNS_SAT_mapf-map_room-64-64-16_map-_home_max_Documents_PhD_MAPF_LNS_MAPF_LNS_SAT_mapf-scen-even_scen-even_room-64-64-16-even-1_scen-agents20-idx8-seed42-1783529262144,/home/max/Documents/PhD/MAPF/LNS/MAPF_LNS_SAT/mapf-map/room-64-64-16.map,/home/max/Documents/PhD/MAPF/LNS/MAPF_LNS_SAT/mapf-scen-even/scen-even/room-64-64-16-even-1.scen,20,8,42,1,187,175.387000,5554,1807,0.000000,2.140000,4.196000,3.392000,0.338868
_home_max_Documents_PhD_MAPF_LNS_MAPF_LNS_SAT_mapf-map_room-64-64-16_map-_home_max_Documents_PhD_MAPF_LNS_MAPF_LNS_SAT_mapf-scen-even_scen-even_room-64-64-16-even-1_scen-agents50-idx0-seed42-1783529860456,/home/max/Documents/PhD/MAPF/LNS/MAPF_LNS_SAT/mapf-map/room-64-64-16.map,/home/max/Documents/PhD/MAPF/LNS/MAPF_LNS_SAT/mapf-scen-even/scen-even/room-64-64-16-even-1.scen,50,0,42,1,189,3808.143000,2377566,98034,0.019000,1768.920000,1268.292000,1253.879000,30.422690
_home_max_Documents_PhD_MAPF_LNS_MAPF_LNS_SAT_mapf-map_room-64-64-16_map-_home_max_Documents_PhD_MAPF_LNS_MAPF_LNS_SAT_mapf-scen-even_scen-even_room-64-64-16-even-1_scen-agents50-idx1-seed42-1783529864317,/home/max/Documents/PhD/MAPF/LNS/MAPF_LNS_SAT/mapf-map/room-64-64-16.map,/home/max/Documents/PhD/MAPF/LNS/MAPF_LNS_SAT/mapf-scen-even/scen-even/room-64-64-16-even-1.scen,50,1,42,1,184,47117.910000,16109392,420867,0.073000,28977.247000,16450.740000,15792.162000,456.449756
_home_max_Documents_PhD_MAPF_LNS_MAPF_LNS_SAT_mapf-map_room-64-64-16_map-_home_max_Documents_PhD_MAPF_LNS_MAPF_LNS_SAT_mapf-scen-even_scen-even_room-64-64-16-even-1_scen-agents50-idx2-seed42-1783529911476,/home/max/Documents/PhD/MAPF/LNS/MAPF_LNS_SAT/mapf-map/room-64-64-16.map,/home/max/Documents/PhD/MAPF/LNS/MAPF_LNS_SAT/mapf-scen-even/scen-even/room-64-64-16-even-1.scen,50,2,42,1,182,1139.662000,631381,44524,0.015000,302.339000,276.425000,270.505000,8.073875
