experiment_id,makespan_attempt,zone_attempt,zone_positions,zone_fraction,conflicts,agents,start_t,end_t,waiting_attempts,total_lazy_iterations,total_cnf_clauses,total_cnf_variables,total_mdd_build_ms,total_cnf_build_ms,total_lazy_wall_ms,total_lazy_solver_wall_ms,total_lazy_solver_reported_ms,solved
_home_max_Documents_PhD_MAPF_LNS_MAPF_LNS_SAT_mapf-map_room-32-32-4_map-_home_max_Documents_PhD_MAPF_LNS_MAPF_LNS_SAT_mapf-scen-even_scen-even_room-32-32-4-even-1_scen-agents10-idx0-seed42-1783527301769,0,0,7,0.010264,1,2,1,3,3,7,99,40,0.000000,0.032000,0.164000,0.121000,0.015997,1
_home_max_Documents_PhD_MAPF_LNS_MAPF_LNS_SAT_mapf-map_room-32-32-4_map-_home_max_Documents_PhD_MAPF_LNS_MAPF_LNS_SAT_mapf-scen-even_scen-even_room-32-32-4-even-1_scen-agents10-idx0-seed42-1783527301769,0,0,9,0.013196,1,2,7,9,3,6,120,44,0.000000,0.044000,0.117000,0.089000,0.010109,1
_home_max_Documents_PhD_MAPF_LNS_MAPF_LNS_SAT_mapf-map_room-32-32-4_map-_home_max_Documents_PhD_MAPF_LNS_MAPF_LNS_SAT_mapf-scen-even_scen-even_room-32-32-4-even-1_scen-agents10-idx0-seed42-1783527301769,0,0,8,0.011730,1,2,11,13,1,1,12,7,0.000000,0.005000,0.017000,0.012000,0.000728,1
_home_max_Documents_PhD_MAPF_LNS_MAPF_LNS_SAT_mapf-map_room-32-32-4_map-_home_max_Documents_PhD_MAPF_LNS_MAPF_LNS_SAT_mapf-scen-even_scen-even_room-32-32-4-even-1_scen-agents10-idx0-seed42-1783527301769,0,0,5,0.007331,1,2,12,14,2,3,28,15,0.000000,0.008000,0.034000,0.023000,0.001363,1
_home_max_Documents_PhD_MAPF_LNS_MAPF_LNS_SAT_mapf-map_room-32-32-4_map-_home_max_Documents_PhD_MAPF_LNS_MAPF_LNS_SAT_mapf-scen-even_scen-even_room-32-32-4-even-1_scen-agents10-idx1-seed42-1783527301822,0,0,9,0.013196,2,3,8,11,4,10,646,182,0.000000,0.398000,1.108000,0.927000,0.118132,1
_home_max_Documents_PhD_MAPF_LNS_MAPF_LNS_SAT_mapf-map_room-32-32-4_map-_home_max_Documents_PhD_MAPF_LNS_MAPF_LNS_SAT_mapf-scen-even_scen-even_room-32-32-4-even-1_scen-agents10-idx1-seed42-1783527301822,0,0,9,0.013196,1,2,14,16,5,12,799,207,0.000000,0.484000,1.053000,0.898000,0.078515,1
_home_max_Documents_PhD_MAPF_LNS_MAPF_LNS_SAT_mapf-map_room-32-32-4_map-_home_max_Documents_PhD_MAPF_LNS_MAPF_LNS_SAT_mapf-scen-even_scen-even_room-32-32-4-even-1_scen-agents10-idx1-seed42-1783527301822,0,0,8,0.011730,1,2,19,21,1,1,12,7,0.000000,0.009000,0.035000,0.024000,0.001674,1
_home_max_Documents_PhD_MAPF_LNS_MAPF_LNS_SAT_mapf-map_room-32-32-4_map-_home_max_Documents_PhD_MAPF_LNS_MAPF_LNS_SAT_mapf-scen-even_scen-even_room-32-32-4-even-1_scen-agents10-idx1-seed42-1783527301822,0,0,9,0.013196,1,3,21,23,3,7,97,41,0.000000,0.066000,0.205000,0.145000,0.018230,1
_home_max_Documents_PhD_MAPF_LNS_MAPF_LNS_SAT_mapf-map_room-32-32-4_map-_home_max_Documents_PhD_MAPF_LNS_MAPF_LNS_SAT_mapf-scen-even_scen-even_room-32-32-4-even-1_scen-agents10-idx2-seed42-1783527301874,0,0,8,0.011730,1,2,2,4,3,7,118,42,0.000000,0.054000,0.226000,0.171000,0.024016,1
_home_max_Documents_PhD_MAPF_LNS_MAPF_LNS_SAT_mapf-map_room-32-32-4_map-_home_max_Documents_PhD_MAPF_LNS_MAPF_LNS_SAT_mapf-scen-even_scen-even_room-32-32-4-even-1_scen-agents10-idx2-seed42-1783527301874,0,0,5,0.007331,1,3,5,7,2,3,30,17,0.000000,0.015000,0.054000,0.035000,0.002566,1
_home_max_Documents_PhD_MAPF_LNS_MAPF_LNS_SAT_mapf-map_room-32-32-4_map-_home_max_Documents_PhD_MAPF_LNS_MAPF_LNS_SAT_mapf-scen-even_scen-even_room-32-32-4-even-1_scen-agents10-idx3-seed42-1783527301923,0,0,7,0.010264,1,2,20,22,3,7,83,36,0.001000,0.076000,0.340000,0.249000,0.040940,1
_home_max_Documents_PhD_MAPF_LNS_MAPF_LNS_SAT_mapf-map_room-32-32-4_map-_home_max_Documents_PhD_MAPF_LNS_MAPF_LNS_SAT_mapf-scen-even_scen-even_room-32-32-4-even-1_scen-agents10-idx3-seed42-1783527301923,0,0,5,0.007331,1,2,32,34,1,2,25,10,0.000000,0.018000,0.074000,0.050000,0.004307,1
_home_max_Documents_PhD_MAPF_LNS_MAPF_LNS_SAT_mapf-map_room-32-32-4_map-_home_max_Documents_PhD_MAPF_LNS_MAPF_LNS_SAT_mapf-scen-even_scen-even_room-32-32-4-even-1_scen-agents10-idx4-seed42-1783527301972,0,0,5,0.007331,1,2,3,5,1,1,24,10,0.000000,0.019000,0.110000,0.092000,0.015052,1
_home_max_Documents_PhD_MAPF_LNS_MAPF_LNS_SAT_mapf-map_room-32-32-4_map-_home_max_Documents_PhD_MAPF_LNS_MAPF_LNS_SAT_mapf-scen-even_scen-even_room-32-32-4-even-1_scen-agents10-idx4-seed42-1783527301972,0,0,9,0.013196,1,2,9,11,4,8,356,103,0.000000,0.244000,0.579000,0.484000,0.049485,1
_home_max_Documents_PhD_MAPF_LNS_MAPF_LNS_SAT_mapf-map_room-32-32-4_map-_home_max_Documents_PhD_MAPF_LNS_MAPF_LNS_SAT_mapf-scen-even_scen-even_room-32-32-4-even-1_scen-agents10-idx4-seed42-1783527301972,0,0,7,0.010264,1,3,13,15,4,9,267,95,0.000000,0.201000,0.509000,0.400000,0.034984,1
_home_max_Documents_PhD_MAPF_LNS_MAPF_LNS_SAT_mapf-map_room-32-32-4_map-_home_max_Documents_PhD_MAPF_LNS_MAPF_LNS_SAT_mapf-scen-even_scen-even_room-32-32-4-even-1_scen-agents10-idx4-seed42-1783527301972,0,0,9,0.013196,2,3,19,22,4,9,539,167,0.000000,0.337000,0.678000,0.567000,0.047993,1
_home_max_Documents_PhD_MAPF_LNS_MAPF_LNS_SAT_mapf-map_room-32-32-4_map-_home_max_Documents_PhD_MAPF_LNS_MAPF_LNS_SAT_mapf-scen-even_scen-even_room-32-32-4-even-1_scen-agents10-idx4-seed42-1783527301972,0,0,5,0.007331,1,2,22,24,1,2,25,10,0.000000,0.013000,0.058000,0.038000,0.002969,1
_home_max_Documents_PhD_MAPF_LNS_MAPF_LNS_SAT_mapf-map_room-32-32-4_map-_home_max_Documents_PhD_MAPF_LNS_MAPF_LNS_SAT_mapf-scen-even_scen-even_room-32-32-4-even-1_scen-agents10-idx4-seed42-1783527301972,0,0,5,0.007331,1,2,30,32,1,1,24,10,0.000000,0.011000,0.037000,0.029000,0.001557,1
_home_max_Documents_PhD_MAPF_LNS_MAPF_LNS_SAT_mapf-map_room-32-32-4_map-_home_max_Documents_PhD_MAPF_LNS_MAPF_LNS_SAT_mapf-scen-even_scen-even_room-32-32-4-even-1_scen-agents10-idx6-seed42-1783527302077,0,0,9,0.013196,3,2,5,9,2,3,54,25,0.000000,0.045000,0.223000,0.171000,0.021411,1
_home_max_Documents_PhD_MAPF_LNS_MAPF_LNS_SAT_mapf-map_room-32-32-4_map-_home_max_Documents_PhD_MAPF_LNS_MAPF_LNS_SAT_mapf-scen-even_scen-even_room-32-32-4-even-1_scen-agents10-idx6-seed42-1783527302077,0,0,5,0.007331,2,3,26,29,3,10,222,74,0.000000,0.160000,0.478000,0.366000,0.021654,0
_home_max_Documents_PhD_MAPF_LNS_MAPF_LNS_SAT_mapf-map_room-32-32-4_map-_home_max_Documents_PhD_MAPF_LNS_MAPF_LNS_SAT_mapf-scen-even_scen-even_room-32-32-4-even-1_scen-agents10-idx6-seed42-1783527302077,0,1,9,0.013196,2,3,25,30,1,1,163,48,0.000000,0.118000,0.212000,0.195000,0.011477,1
_home_max_Documents_PhD_MAPF_LNS_MAPF_LNS_SAT_mapf-map_room-32-32-4_map-_home_max_Documents_PhD_MAPF_LNS_MAPF_LNS_SAT_mapf-scen-even_scen-even_room-32-32-4-even-1_scen-agents10-idx7-seed42-1783527302125,0,0,7,0.010264,4,5,9,13,3,6,265,106,0.000000,0.191000,0.442000,0.350000,0.037922,0
_home_max_Documents_PhD_MAPF_LNS_MAPF_LNS_SAT_mapf-map_room-32-32-4_map-_home_max_Documents_PhD_MAPF_LNS_MAPF_LNS_SAT_mapf-scen-even_scen-even_room-32-32-4-even-1_scen-agents10-idx7-seed42-1783527302125,0,1,14,0.020528,4,5,8,14,3,7,736,218,0.000000,0.413000,0.781000,0.671000,0.058633,0
_home_max_Documents_PhD_MAPF_LNS_MAPF_LNS_SAT_mapf-map_room-32-32-4_map-_home_max_Documents_PhD_MAPF_LNS_MAPF_LNS_SAT_mapf-scen-even_scen-even_room-32-32-4-even-1_scen-agents10-idx7-seed42-1783527302125,0,2,31,0.045455,4,5,6,16,3,7,2067,436,0.000000,0.762000,1.683000,1.571000,0.066295,0
_home_max_Documents_PhD_MAPF_LNS_MAPF_LNS_SAT_mapf-map_room-32-32-4_map-_home_max_Documents_PhD_MAPF_LNS_MAPF_LNS_SAT_mapf-scen-even_scen-even_room-32-32-4-even-1_scen-agents10-idx7-seed42-1783527302125,0,3,73,0.107038,4,7,3,19,3,7,9708,1077,0.000000,2.489000,7.586000,7.398000,0.176904,0
_home_max_Documents_PhD_MAPF_LNS_MAPF_LNS_SAT_mapf-map_room-32-32-4_map-_home_max_Documents_PhD_MAPF_LNS_MAPF_LNS_SAT_mapf-scen-even_scen-even_room-32-32-4-even-1_scen-agents10-idx7-seed42-1783527302125,0,4,147,0.215543,4,9,0,23,1,2,21109,1228,0.000000,5.664000,9.032000,8.844000,0.275335,1
_home_max_Documents_PhD_MAPF_LNS_MAPF_LNS_SAT_mapf-map_room-32-32-4_map-_home_max_Documents_PhD_MAPF_LNS_MAPF_LNS_SAT_mapf-scen-even_scen-even_room-32-32-4-even-1_scen-agents10-idx8-seed42-1783527302226,0,0,7,0.010264,1,3,33,35,3,9,137,49,0.000000,0.106000,0.401000,0.295000,0.044068,1
_home_max_Documents_PhD_MAPF_LNS_MAPF_LNS_SAT_mapf-map_room-32-32-4_map-_home_max_Documents_PhD_MAPF_LNS_MAPF_LNS_SAT_mapf-scen-even_scen-even_room-32-32-4-even-1_scen-agents10-idx8-seed42-1783527302226,0,0,8,0.011730,1,2,41,43,3,7,148,48,0.000000,0.098000,0.298000,0.224000,0.020569,1
_home_max_Documents_PhD_MAPF_LNS_MAPF_LNS_SAT_mapf-map_room-32-32-4_map-_home_max_Documents_PhD_MAPF_LNS_MAPF_LNS_SAT_mapf-scen-even_scen-even_room-32-32-4-even-1_scen-agents10-idx8-seed42-1783527302226,0,0,5,0.007331,1,2,44,46,1,3,26,10,0.000000,0.021000,0.115000,0.075000,0.005395,1
_home_max_Documents_PhD_MAPF_LNS_MAPF_LNS_SAT_mapf-map_room-32-32-4_map-_home_max_Documents_PhD_MAPF_LNS_MAPF_LNS_SAT_mapf-scen-even_scen-even_room-32-32-4-even-1_scen-agents10-idx10-seed42-1783527302329,0,0,7,0.010264,1,2,1,3,4,8,258,87,0.000000,0.113000,0.445000,0.380000,0.042915,1
_home_max_Documents_PhD_MAPF_LNS_MAPF_LNS_SAT_mapf-map_room-32-32-4_map-_home_max_Documents_PhD_MAPF_LNS_MAPF_LNS_SAT_mapf-scen-even_scen-even_room-32-32-4-even-1_scen-agents10-idx10-seed42-1783527302329,0,0,9,0.013196,1,2,17,19,3,5,92,38,0.000000,0.041000,0.118000,0.091000,0.005516,1
_home_max_Documents_PhD_MAPF_LNS_MAPF_LNS_SAT_mapf-map_room-32-32-4_map-_home_max_Documents_PhD_MAPF_LNS_MAPF_LNS_SAT_mapf-scen-even_scen-even_room-32-32-4-even-1_scen-agents10-idx10-seed42-1783527302329,0,0,7,0.010264,1,2,17,19,1,1,14,8,0.000000,0.007000,0.023000,0.017000,0.001056,1
_home_max_Documents_PhD_MAPF_LNS_MAPF_LNS_SAT_mapf-map_room-32-32-4_map-_home_max_Documents_PhD_MAPF_LNS_MAPF_LNS_SAT_mapf-scen-even_scen-even_room-32-32-4-even-1_scen-agents10-idx10-seed42-1783527302329,0,0,5,0.007331,1,2,50,52,1,2,25,10,0.000000,0.011000,0.046000,0.030000,0.002364,1
_home_max_Documents_PhD_MAPF_LNS_MAPF_LNS_SAT_mapf-map_room-32-32-4_map-_home_max_Documents_PhD_MAPF_LNS_MAPF_LNS_SAT_mapf-scen-even_scen-even_room-32-32-4-even-1_scen-agents10-idx11-seed42-1783527302375,0,0,4,0.005865,1,2,4,6,1,2,20,9,0.000000,0.009000,0.057000,0.042000,0.006945,1
_home_max_Documents_PhD_MAPF_LNS_MAPF_LNS_SAT_mapf-map_room-32-32-4_map-_home_max_Documents_PhD_MAPF_LNS_MAPF_LNS_SAT_mapf-scen-even_scen-even_room-32-32-4-even-1_scen-agents10-idx11-seed42-1783527302375,0,0,12,0.017595,3,4,23,26,3,7,335,115,0.000000,0.113000,0.251000,0.200000,0.026109,0
_home_max_Documents_PhD_MAPF_LNS_MAPF_LNS_SAT_mapf-map_room-32-32-4_map-_home_max_Documents_PhD_MAPF_LNS_MAPF_LNS_SAT_mapf-scen-even_scen-even_room-32-32-4-even-1_scen-agents10-idx11-seed42-1783527302375,0,1,18,0.026393,3,4,22,27,3,7,521,174,0.000000,0.194000,0.341000,0.282000,0.035905,0
_home_max_Documents_PhD_MAPF_LNS_MAPF_LNS_SAT_mapf-map_room-32-32-4_map-_home_max_Documents_PhD_MAPF_LNS_MAPF_LNS_SAT_mapf-scen-even_scen-even_room-32-32-4-even-1_scen-agents10-idx11-seed42-1783527302375,0,2,29,0.042522,3,4,20,29,3,7,901,297,0.000000,0.307000,0.572000,0.491000,0.058487,0
_home_max_Documents_PhD_MAPF_LNS_MAPF_LNS_SAT_mapf-map_room-32-32-4_map-_home_max_Documents_PhD_MAPF_LNS_MAPF_LNS_SAT_mapf-scen-even_scen-even_room-32-32-4-even-1_scen-agents10-idx11-seed42-1783527302375,0,3,69,0.101173,3,6,17,32,3,7,1450,494,0.000000,0.575000,0.858000,0.751000,0.082653,0
_home_max_Documents_PhD_MAPF_LNS_MAPF_LNS_SAT_mapf-map_room-32-32-4_map-_home_max_Documents_PhD_MAPF_LNS_MAPF_LNS_SAT_mapf-scen-even_scen-even_room-32-32-4-even-1_scen-agents10-idx11-seed42-1783527302375,0,4,147,0.215543,3,6,13,36,3,7,2602,847,0.000000,1.072000,1.448000,1.303000,0.163666,0
_home_max_Documents_PhD_MAPF_LNS_MAPF_LNS_SAT_mapf-map_room-32-32-4_map-_home_max_Documents_PhD_MAPF_LNS_MAPF_LNS_SAT_mapf-scen-even_scen-even_room-32-32-4-even-1_scen-agents10-idx11-seed42-1783527302375,0,5,260,0.381232,3,7,8,41,3,7,165506,6023,0.003000,75.439000,128.674000,127.611000,2.215732,0
_home_max_Documents_PhD_MAPF_LNS_MAPF_LNS_SAT_mapf-map_room-32-32-4_map-_home_max_Documents_PhD_MAPF_LNS_MAPF_LNS_SAT_mapf-scen-even_scen-even_room-32-32-4-even-1_scen-agents10-idx11-seed42-1783527302375,0,6,560,0.821114,4,9,2,53,1,2,1952264,25798,0.000000,2063.942000,3023.700000,3003.219000,13.830230,0
_home_max_Documents_PhD_MAPF_LNS_MAPF_LNS_SAT_mapf-map_room-32-32-4_map-_home_max_Documents_PhD_MAPF_LNS_MAPF_LNS_SAT_mapf-scen-even_scen-even_room-32-32-4-even-1_scen-agents10-idx11-seed42-1783527302375,0,7,682,1.000000,5,10,0,53,1,9,3082498,36652,0.000000,4657.132000,2741.935000,2333.871000,38.983756,1
_home_max_Documents_PhD_MAPF_LNS_MAPF_LNS_SAT_mapf-map_room-32-32-4_map-_home_max_Documents_PhD_MAPF_LNS_MAPF_LNS_SAT_mapf-scen-even_scen-even_room-32-32-4-even-1_scen-agents10-idx12-seed42-1783527315357,0,0,9,0.013196,2,3,4,7,5,21,1112,298,0.000000,0.627000,1.736000,1.397000,0.275418,1
_home_max_Documents_PhD_MAPF_LNS_MAPF_LNS_SAT_mapf-map_room-32-32-4_map-_home_max_Documents_PhD_MAPF_LNS_MAPF_LNS_SAT_mapf-scen-even_scen-even_room-32-32-4-even-2_scen-agents10-idx0-seed42-1783527315410,0,0,5,0.007331,1,2,13,15,2,3,28,15,0.000000,0.021000,0.108000,0.082000,0.012690,1
_home_max_Documents_PhD_MAPF_LNS_MAPF_LNS_SAT_mapf-map_room-32-32-4_map-_home_max_Documents_PhD_MAPF_LNS_MAPF_LNS_SAT_mapf-scen-even_scen-even_room-32-32-4-even-2_scen-agents10-idx0-seed42-1783527315410,0,0,9,0.013196,1,2,16,18,3,7,166,50,0.000000,0.068000,0.241000,0.181000,0.017459,1
_home_max_Documents_PhD_MAPF_LNS_MAPF_LNS_SAT_mapf-map_room-32-32-4_map-_home_max_Documents_PhD_MAPF_LNS_MAPF_LNS_SAT_mapf-scen-even_scen-even_room-32-32-4-even-2_scen-agents10-idx0-seed42-1783527315410,0,0,9,0.013196,1,2,23,25,3,7,166,50,0.000000,0.087000,0.265000,0.209000,0.020998,1
_home_max_Documents_PhD_MAPF_LNS_MAPF_LNS_SAT_mapf-map_room-32-32-4_map-_home_max_Documents_PhD_MAPF_LNS_MAPF_LNS_SAT_mapf-scen-even_scen-even_room-32-32-4-even-2_scen-agents10-idx0-seed42-1783527315410,0,0,9,0.013196,1,2,44,46,3,7,166,50,0.000000,0.106000,0.297000,0.229000,0.021027,1
_home_max_Documents_PhD_MAPF_LNS_MAPF_LNS_SAT_mapf-map_room-32-32-4_map-_home_max_Documents_PhD_MAPF_LNS_MAPF_LNS_SAT_mapf-scen-even_scen-even_room-32-32-4-even-2_scen-agents10-idx1-seed42-1783527315460,0,0,5,0.007331,1,2,14,16,4,7,179,68,0.000000,0.099000,0.291000,0.238000,0.019515,0
_home_max_Documents_PhD_MAPF_LNS_MAPF_LNS_SAT_mapf-map_room-32-32-4_map-_home_max_Documents_PhD_MAPF_LNS_MAPF_LNS_SAT_mapf-scen-even_scen-even_room-32-32-4-even-2_scen-agents10-idx1-seed42-1783527315460,0,1,10,0.014663,1,2,13,17,5,10,907,227,0.000000,0.369000,0.744000,0.676000,0.050308,0
_home_max_Documents_PhD_MAPF_LNS_MAPF_LNS_SAT_mapf-map_room-32-32-4_map-_home_max_Documents_PhD_MAPF_LNS_MAPF_LNS_SAT_mapf-scen-even_scen-even_room-32-32-4-even-2_scen-agents10-idx1-seed42-1783527315460,0,2,23,0.033724,1,3,11,19,4,9,1048,253,0.000000,0.333000,0.683000,0.601000,0.046298,1
_home_max_Documents_PhD_MAPF_LNS_MAPF_LNS_SAT_mapf-map_room-32-32-4_map-_home_max_Documents_PhD_MAPF_LNS_MAPF_LNS_SAT_mapf-scen-even_scen-even_room-32-32-4-even-2_scen-agents10-idx1-seed42-1783527315460,0,0,9,0.013196,1,2,19,21,3,5,92,38,0.000000,0.031000,0.090000,0.069000,0.004196,1
_home_max_Documents_PhD_MAPF_LNS_MAPF_LNS_SAT_mapf-map_room-32-32-4_map-_home_max_Documents_PhD_MAPF_LNS_MAPF_LNS_SAT_mapf-scen-even_scen-even_room-32-32-4-even-2_scen-agents10-idx1-seed42-1783527315460,0,0,9,0.013196,1,2,23,25,4,8,353,101,0.000000,0.103000,0.236000,0.200000,0.014300,1
_home_max_Documents_PhD_MAPF_LNS_MAPF_LNS_SAT_mapf-map_room-32-32-4_map-_home_max_Documents_PhD_MAPF_LNS_MAPF_LNS_SAT_mapf-scen-even_scen-even_room-32-32-4-even-2_scen-agents10-idx1-seed42-1783527315460,0,0,7,0.010264,1,2,41,43,3,7,101,41,0.000000,0.034000,0.105000,0.076000,0.006609,0
_home_max_Documents_PhD_MAPF_LNS_MAPF_LNS_SAT_mapf-map_room-32-32-4_map-_home_max_Documents_PhD_MAPF_LNS_MAPF_LNS_SAT_mapf-scen-even_scen-even_room-32-32-4-even-2_scen-agents10-idx1-seed42-1783527315460,0,1,15,0.021994,1,2,40,44,3,7,181,67,0.000000,0.058000,0.149000,0.117000,0.012096,0
_home_max_Documents_PhD_MAPF_LNS_MAPF_LNS_SAT_mapf-map_room-32-32-4_map-_home_max_Documents_PhD_MAPF_LNS_MAPF_LNS_SAT_mapf-scen-even_scen-even_room-32-32-4-even-2_scen-agents10-idx1-seed42-1783527315460,0,2,31,0.045455,1,2,38,46,3,7,449,139,0.000000,0.148000,0.421000,0.377000,0.028311,0
_home_max_Documents_PhD_MAPF_LNS_MAPF_LNS_SAT_mapf-map_room-32-32-4_map-_home_max_Documents_PhD_MAPF_LNS_MAPF_LNS_SAT_mapf-scen-even_scen-even_room-32-32-4-even-2_scen-agents10-idx1-seed42-1783527315460,0,3,48,0.070381,1,2,35,49,2,6,1097,247,0.000000,0.312000,0.591000,0.533000,0.044270,1
_home_max_Documents_PhD_MAPF_LNS_MAPF_LNS_SAT_mapf-map_room-32-32-4_map-_home_max_Documents_PhD_MAPF_LNS_MAPF_LNS_SAT_mapf-scen-even_scen-even_room-32-32-4-even-2_scen-agents10-idx2-seed42-1783527315511,0,0,6,0.008798,1,2,0,2,2,4,33,17,0.000000,0.029000,0.201000,0.145000,0.020037,1
_home_max_Documents_PhD_MAPF_LNS_MAPF_LNS_SAT_mapf-map_room-32-32-4_map-_home_max_Documents_PhD_MAPF_LNS_MAPF_LNS_SAT_mapf-scen-even_scen-even_room-32-32-4-even-2_scen-agents10-idx2-seed42-1783527315511,0,0,7,0.010264,3,2,1,5,2,3,54,25,0.000000,0.037000,0.123000,0.085000,0.005493,1
_home_max_Documents_PhD_MAPF_LNS_MAPF_LNS_SAT_mapf-map_room-32-32-4_map-_home_max_Documents_PhD_MAPF_LNS_MAPF_LNS_SAT_mapf-scen-even_scen-even_room-32-32-4-even-2_scen-agents10-idx2-seed42-1783527315511,0,0,9,0.013196,1,2,11,13,4,8,353,101,0.000000,0.208000,0.534000,0.452000,0.051623,1
_home_max_Documents_PhD_MAPF_LNS_MAPF_LNS_SAT_mapf-map_room-32-32-4_map-_home_max_Documents_PhD_MAPF_LNS_MAPF_LNS_SAT_mapf-scen-even_scen-even_room-32-32-4-even-2_scen-agents10-idx2-seed42-1783527315511,0,0,9,0.013196,2,3,19,22,4,8,406,124,0.000000,0.252000,0.526000,0.435000,0.035065,1
_home_max_Documents_PhD_MAPF_LNS_MAPF_LNS_SAT_mapf-map_room-32-32-4_map-_home_max_Documents_PhD_MAPF_LNS_MAPF_LNS_SAT_mapf-scen-even_scen-even_room-32-32-4-even-2_scen-agents10-idx2-seed42-1783527315511,0,0,4,0.005865,1,2,40,42,1,2,20,9,0.000000,0.014000,0.061000,0.042000,0.002800,1
_home_max_Documents_PhD_MAPF_LNS_MAPF_LNS_SAT_mapf-map_room-32-32-4_map-_home_max_Documents_PhD_MAPF_LNS_MAPF_LNS_SAT_mapf-scen-even_scen-even_room-32-32-4-even-2_scen-agents10-idx3-seed42-1783527315561,0,0,7,0.010264,1,2,10,12,4,15,228,85,0.000000,0.108000,0.492000,0.353000,0.082723,1
_home_max_Documents_PhD_MAPF_LNS_MAPF_LNS_SAT_mapf-map_room-32-32-4_map-_home_max_Documents_PhD_MAPF_LNS_MAPF_LNS_SAT_mapf-scen-even_scen-even_room-32-32-4-even-2_scen-agents10-idx3-seed42-1783527315561,0,0,33,0.048387,14,2,19,34,2,3,194,85,0.000000,0.097000,0.184000,0.146000,0.008340,1
_home_max_Documents_PhD_MAPF_LNS_MAPF_LNS_SAT_mapf-map_room-32-32-4_map-_home_max_Documents_PhD_MAPF_LNS_MAPF_LNS_SAT_mapf-scen-even_scen-even_room-32-32-4-even-2_scen-agents10-idx4-seed42-1783527315613,0,0,5,0.007331,1,2,4,6,4,7,179,68,0.000000,0.109000,0.308000,0.256000,0.022423,0
_home_max_Documents_PhD_MAPF_LNS_MAPF_LNS_SAT_mapf-map_room-32-32-4_map-_home_max_Documents_PhD_MAPF_LNS_MAPF_LNS_SAT_mapf-scen-even_scen-even_room-32-32-4-even-2_scen-agents10-idx4-seed42-1783527315613,0,1,9,0.013196,1,2,3,7,5,10,874,228,0.000000,0.371000,1.065000,0.985000,0.065944,0
_home_max_Documents_PhD_MAPF_LNS_MAPF_LNS_SAT_mapf-map_room-32-32-4_map-_home_max_Documents_PhD_MAPF_LNS_MAPF_LNS_SAT_mapf-scen-even_scen-even_room-32-32-4-even-2_scen-agents10-idx4-seed42-1783527315613,0,2,21,0.030792,1,2,1,9,4,8,1101,250,0.000000,0.368000,0.934000,0.862000,0.053160,1
_home_max_Documents_PhD_MAPF_LNS_MAPF_LNS_SAT_mapf-map_room-32-32-4_map-_home_max_Documents_PhD_MAPF_LNS_MAPF_LNS_SAT_mapf-scen-even_scen-even_room-32-32-4-even-2_scen-agents10-idx4-seed42-1783527315613,0,0,5,0.007331,1,2,26,28,1,1,24,10,0.000000,0.009000,0.028000,0.021000,0.001380,1
_home_max_Documents_PhD_MAPF_LNS_MAPF_LNS_SAT_mapf-map_room-32-32-4_map-_home_max_Documents_PhD_MAPF_LNS_MAPF_LNS_SAT_mapf-scen-even_scen-even_room-32-32-4-even-2_scen-agents10-idx4-seed42-1783527315613,0,0,4,0.005865,1,2,41,43,1,4,22,9,0.000000,0.007000,0.047000,0.027000,0.001841,1
_home_max_Documents_PhD_MAPF_LNS_MAPF_LNS_SAT_mapf-map_room-32-32-4_map-_home_max_Documents_PhD_MAPF_LNS_MAPF_LNS_SAT_mapf-scen-even_scen-even_room-32-32-4-even-2_scen-agents10-idx5-seed42-1783527315664,0,0,9,0.013196,3,3,7,11,2,3,56,28,0.000000,0.035000,0.133000,0.099000,0.013111,1
_home_max_Documents_PhD_MAPF_LNS_MAPF_LNS_SAT_mapf-map_room-32-32-4_map-_home_max_Documents_PhD_MAPF_LNS_MAPF_LNS_SAT_mapf-scen-even_scen-even_room-32-32-4-even-2_scen-agents10-idx5-seed42-1783527315664,0,0,9,0.013196,1,2,12,14,3,6,121,45,0.000000,0.054000,0.174000,0.130000,0.010456,1
_home_max_Documents_PhD_MAPF_LNS_MAPF_LNS_SAT_mapf-map_room-32-32-4_map-_home_max_Documents_PhD_MAPF_LNS_MAPF_LNS_SAT_mapf-scen-even_scen-even_room-32-32-4-even-2_scen-agents10-idx5-seed42-1783527315664,0,0,9,0.013196,1,4,17,19,4,9,318,104,0.000000,0.157000,0.349000,0.264000,0.026969,1
_home_max_Documents_PhD_MAPF_LNS_MAPF_LNS_SAT_mapf-map_room-32-32-4_map-_home_max_Documents_PhD_MAPF_LNS_MAPF_LNS_SAT_mapf-scen-even_scen-even_room-32-32-4-even-2_scen-agents10-idx6-seed42-1783527315714,0,0,5,0.007331,1,2,8,10,3,5,69,32,0.000000,0.045000,0.186000,0.141000,0.016857,1
_home_max_Documents_PhD_MAPF_LNS_MAPF_LNS_SAT_mapf-map_room-32-32-4_map-_home_max_Documents_PhD_MAPF_LNS_MAPF_LNS_SAT_mapf-scen-even_scen-even_room-32-32-4-even-2_scen-agents10-idx6-seed42-1783527315714,0,0,9,0.013196,1,2,14,16,3,7,94,38,0.000000,0.044000,0.178000,0.125000,0.012459,1
_home_max_Documents_PhD_MAPF_LNS_MAPF_LNS_SAT_mapf-map_room-32-32-4_map-_home_max_Documents_PhD_MAPF_LNS_MAPF_LNS_SAT_mapf-scen-even_scen-even_room-32-32-4-even-2_scen-agents10-idx6-seed42-1783527315714,0,0,5,0.007331,1,2,14,16,1,1,24,10,0.000000,0.012000,0.040000,0.031000,0.002075,1
_home_max_Documents_PhD_MAPF_LNS_MAPF_LNS_SAT_mapf-map_room-32-32-4_map-_home_max_Documents_PhD_MAPF_LNS_MAPF_LNS_SAT_mapf-scen-even_scen-even_room-32-32-4-even-2_scen-agents10-idx6-seed42-1783527315714,0,0,8,0.011730,1,2,20,22,1,2,15,8,0.000000,0.007000,0.038000,0.023000,0.001652,1
_home_max_Documents_PhD_MAPF_LNS_MAPF_LNS_SAT_mapf-map_room-32-32-4_map-_home_max_Documents_PhD_MAPF_LNS_MAPF_LNS_SAT_mapf-scen-even_scen-even_room-32-32-4-even-2_scen-agents10-idx7-seed42-1783527315764,0,0,9,0.013196,1,2,2,4,3,7,94,38,0.000000,0.053000,0.237000,0.176000,0.025890,1
_home_max_Documents_PhD_MAPF_LNS_MAPF_LNS_SAT_mapf-map_room-32-32-4_map-_home_max_Documents_PhD_MAPF_LNS_MAPF_LNS_SAT_mapf-scen-even_scen-even_room-32-32-4-even-2_scen-agents10-idx8-seed42-1783527315816,0,0,9,0.013196,1,3,13,15,4,8,471,140,0.000000,0.297000,0.657000,0.571000,0.038658,0
_home_max_Documents_PhD_MAPF_LNS_MAPF_LNS_SAT_mapf-map_room-32-32-4_map-_home_max_Documents_PhD_MAPF_LNS_MAPF_LNS_SAT_mapf-scen-even_scen-even_room-32-32-4-even-2_scen-agents10-idx8-seed42-1783527315816,0,1,16,0.023460,1,3,12,16,6,14,5479,933,0.000000,1.932000,3.147000,2.973000,0.190039,1
_home_max_Documents_PhD_MAPF_LNS_MAPF_LNS_SAT_mapf-map_room-32-32-4_map-_home_max_Documents_PhD_MAPF_LNS_MAPF_LNS_SAT_mapf-scen-even_scen-even_room-32-32-4-even-2_scen-agents10-idx8-seed42-1783527315816,0,0,9,0.013196,1,3,18,20,3,8,144,58,0.000000,0.056000,0.155000,0.110000,0.011000,1
_home_max_Documents_PhD_MAPF_LNS_MAPF_LNS_SAT_mapf-map_room-32-32-4_map-_home_max_Documents_PhD_MAPF_LNS_MAPF_LNS_SAT_mapf-scen-even_scen-even_room-32-32-4-even-2_scen-agents10-idx8-seed42-1783527315816,0,0,5,0.007331,1,2,29,31,1,1,12,7,0.000000,0.006000,0.016000,0.011000,0.000786,1
_home_max_Documents_PhD_MAPF_LNS_MAPF_LNS_SAT_mapf-map_room-32-32-4_map-_home_max_Documents_PhD_MAPF_LNS_MAPF_LNS_SAT_mapf-scen-even_scen-even_room-32-32-4-even-2_scen-agents10-idx9-seed42-1783527315866,0,0,7,0.010264,3,4,12,16,5,16,1461,414,0.000000,0.901000,1.740000,1.463000,0.205819,1
_home_max_Documents_PhD_MAPF_LNS_MAPF_LNS_SAT_mapf-map_room-32-32-4_map-_home_max_Documents_PhD_MAPF_LNS_MAPF_LNS_SAT_mapf-scen-even_scen-even_room-32-32-4-even-2_scen-agents10-idx10-seed42-1783527315917,0,0,8,0.011730,3,2,6,10,2,3,54,25,0.000000,0.025000,0.113000,0.083000,0.010884,1
_home_max_Documents_PhD_MAPF_LNS_MAPF_LNS_SAT_mapf-map_room-32-32-4_map-_home_max_Documents_PhD_MAPF_LNS_MAPF_LNS_SAT_mapf-scen-even_scen-even_room-32-32-4-even-2_scen-agents10-idx10-seed42-1783527315917,0,0,9,0.013196,2,3,6,9,5,10,1169,318,0.000000,0.435000,0.937000,0.860000,0.032431,0
_home_max_Documents_PhD_MAPF_LNS_MAPF_LNS_SAT_mapf-map_room-32-32-4_map-_home_max_Documents_PhD_MAPF_LNS_MAPF_LNS_SAT_mapf-scen-even_scen-even_room-32-32-4-even-2_scen-agents10-idx10-seed42-1783527315917,0,1,16,0.023460,2,3,5,10,5,10,3258,616,0.000000,0.905000,1.932000,1.863000,0.044412,0
_home_max_Documents_PhD_MAPF_LNS_MAPF_LNS_SAT_mapf-map_room-32-32-4_map-_home_max_Documents_PhD_MAPF_LNS_MAPF_LNS_SAT_mapf-scen-even_scen-even_room-32-32-4-even-2_scen-agents10-idx10-seed42-1783527315917,0,2,27,0.039589,2,5,3,12,4,10,2511,534,0.000000,0.712000,1.504000,1.379000,0.103239,1
_home_max_Documents_PhD_MAPF_LNS_MAPF_LNS_SAT_mapf-map_room-32-32-4_map-_home_max_Documents_PhD_MAPF_LNS_MAPF_LNS_SAT_mapf-scen-even_scen-even_room-32-32-4-even-2_scen-agents10-idx10-seed42-1783527315917,0,0,9,0.013196,2,4,21,24,3,5,180,75,0.000000,0.075000,0.125000,0.103000,0.004055,0
_home_max_Documents_PhD_MAPF_LNS_MAPF_LNS_SAT_mapf-map_room-32-32-4_map-_home_max_Documents_PhD_MAPF_LNS_MAPF_LNS_SAT_mapf-scen-even_scen-even_room-32-32-4-even-2_scen-agents10-idx10-seed42-1783527315917,0,1,15,0.021994,2,4,20,25,3,9,496,162,0.000000,0.157000,0.368000,0.288000,0.038894,1
_home_max_Documents_PhD_MAPF_LNS_MAPF_LNS_SAT_mapf-map_room-32-32-4_map-_home_max_Documents_PhD_MAPF_LNS_MAPF_LNS_SAT_mapf-scen-even_scen-even_room-32-32-4-even-2_scen-agents10-idx10-seed42-1783527315917,0,0,5,0.007331,1,2,46,48,1,2,25,10,0.000000,0.009000,0.036000,0.024000,0.002004,1
_home_max_Documents_PhD_MAPF_LNS_MAPF_LNS_SAT_mapf-map_room-32-32-4_map-_home_max_Documents_PhD_MAPF_LNS_MAPF_LNS_SAT_mapf-scen-even_scen-even_room-32-32-4-even-2_scen-agents10-idx11-seed42-1783527315965,0,0,4,0.005865,1,3,17,19,1,2,21,10,0.000000,0.017000,0.100000,0.072000,0.011277,1
_home_max_Documents_PhD_MAPF_LNS_MAPF_LNS_SAT_mapf-map_room-32-32-4_map-_home_max_Documents_PhD_MAPF_LNS_MAPF_LNS_SAT_mapf-scen-even_scen-even_room-32-32-4-even-2_scen-agents10-idx11-seed42-1783527315965,0,0,4,0.005865,1,3,19,21,1,2,21,10,0.000000,0.013000,0.054000,0.035000,0.002459,1
_home_max_Documents_PhD_MAPF_LNS_MAPF_LNS_SAT_mapf-map_room-32-32-4_map-_home_max_Documents_PhD_MAPF_LNS_MAPF_LNS_SAT_mapf-scen-even_scen-even_room-32-32-4-even-2_scen-agents10-idx11-seed42-1783527315965,0,0,4,0.005865,1,2,54,56,1,4,22,9,0.000000,0.013000,0.072000,0.040000,0.002460,1
_home_max_Documents_PhD_MAPF_LNS_MAPF_LNS_SAT_mapf-map_room-32-32-4_map-_home_max_Documents_PhD_MAPF_LNS_MAPF_LNS_SAT_mapf-scen-even_scen-even_room-32-32-4-even-2_scen-agents10-idx12-seed42-1783527316018,0,0,9,0.013196,1,2,20,22,3,9,169,51,0.000000,0.073000,0.310000,0.231000,0.033692,1
_home_max_Documents_PhD_MAPF_LNS_MAPF_LNS_SAT_mapf-map_room-32-32-4_map-_home_max_Documents_PhD_MAPF_LNS_MAPF_LNS_SAT_mapf-scen-even_scen-even_room-32-32-4-even-2_scen-agents10-idx12-seed42-1783527316018,0,0,5,0.007331,1,2,23,25,3,6,80,34,0.000000,0.037000,0.121000,0.089000,0.007249,0
_home_max_Documents_PhD_MAPF_LNS_MAPF_LNS_SAT_mapf-map_room-32-32-4_map-_home_max_Documents_PhD_MAPF_LNS_MAPF_LNS_SAT_mapf-scen-even_scen-even_room-32-32-4-even-2_scen-agents10-idx12-seed42-1783527316018,0,1,9,0.013196,1,3,22,26,3,6,174,68,0.000000,0.082000,0.180000,0.142000,0.010063,0
_home_max_Documents_PhD_MAPF_LNS_MAPF_LNS_SAT_mapf-map_room-32-32-4_map-_home_max_Documents_PhD_MAPF_LNS_MAPF_LNS_SAT_mapf-scen-even_scen-even_room-32-32-4-even-2_scen-agents10-idx12-seed42-1783527316018,0,2,33,0.048387,2,4,20,31,3,11,6298,673,0.000000,1.620000,2.863000,2.695000,0.178857,1
_home_max_Documents_PhD_MAPF_LNS_MAPF_LNS_SAT_mapf-map_room-32-32-4_map-_home_max_Documents_PhD_MAPF_LNS_MAPF_LNS_SAT_mapf-scen-even_scen-even_room-32-32-4-even-3_scen-agents10-idx0-seed42-1783527316068,0,0,4,0.005865,1,2,12,14,1,4,22,9,0.000000,0.013000,0.116000,0.079000,0.012606,1
_home_max_Documents_PhD_MAPF_LNS_MAPF_LNS_SAT_mapf-map_room-32-32-4_map-_home_max_Documents_PhD_MAPF_LNS_MAPF_LNS_SAT_mapf-scen-even_scen-even_room-32-32-4-even-3_scen-agents10-idx0-seed42-1783527316068,0,0,7,0.010264,1,2,25,27,2,4,31,16,0.000000,0.019000,0.070000,0.046000,0.002426,0
_home_max_Documents_PhD_MAPF_LNS_MAPF_LNS_SAT_mapf-map_room-32-32-4_map-_home_max_Documents_PhD_MAPF_LNS_MAPF_LNS_SAT_mapf-scen-even_scen-even_room-32-32-4-even-3_scen-agents10-idx0-seed42-1783527316068,0,1,12,0.017595,1,3,24,28,2,4,152,60,0.000000,0.083000,0.171000,0.138000,0.010441,0
_home_max_Documents_PhD_MAPF_LNS_MAPF_LNS_SAT_mapf-map_room-32-32-4_map-_home_max_Documents_PhD_MAPF_LNS_MAPF_LNS_SAT_mapf-scen-even_scen-even_room-32-32-4-even-3_scen-agents10-idx0-seed42-1783527316068,0,2,27,0.039589,1,3,22,30,2,4,861,185,0.000000,0.327000,0.568000,0.526000,0.031937,0
_home_max_Documents_PhD_MAPF_LNS_MAPF_LNS_SAT_mapf-map_room-32-32-4_map-_home_max_Documents_PhD_MAPF_LNS_MAPF_LNS_SAT_mapf-scen-even_scen-even_room-32-32-4-even-3_scen-agents10-idx0-seed42-1783527316068,0,3,63,0.092375,1,3,19,33,2,4,6064,556,0.000000,1.447000,2.533000,2.392000,0.089658,0
_home_max_Documents_PhD_MAPF_LNS_MAPF_LNS_SAT_mapf-map_room-32-32-4_map-_home_max_Documents_PhD_MAPF_LNS_MAPF_LNS_SAT_mapf-scen-even_scen-even_room-32-32-4-even-3_scen-agents10-idx0-seed42-1783527316068,0,4,121,0.177419,1,4,15,37,2,4,38861,1598,0.000000,10.430000,28.451000,28.220000,0.377829,0
_home_max_Documents_PhD_MAPF_LNS_MAPF_LNS_SAT_mapf-map_room-32-32-4_map-_home_max_Documents_PhD_MAPF_LNS_MAPF_LNS_SAT_mapf-scen-even_scen-even_room-32-32-4-even-3_scen-agents10-idx0-seed42-1783527316068,0,5,260,0.381232,1,7,10,42,2,4,302918,7576,0.001000,125.929000,234.793000,233.179000,2.654122,0
_home_max_Documents_PhD_MAPF_LNS_MAPF_LNS_SAT_mapf-map_room-32-32-4_map-_home_max_Documents_PhD_MAPF_LNS_MAPF_LNS_SAT_mapf-scen-even_scen-even_room-32-32-4-even-3_scen-agents10-idx0-seed42-1783527316068,0,6,447,0.655425,1,9,4,48,2,4,3597490,43216,0.002000,4091.065000,5532.284000,5512.169000,27.863118,0
_home_max_Documents_PhD_MAPF_LNS_MAPF_LNS_SAT_mapf-map_room-32-32-4_map-_home_max_Documents_PhD_MAPF_LNS_MAPF_LNS_SAT_mapf-scen-even_scen-even_room-32-32-4-even-3_scen-agents10-idx0-seed42-1783527316068,0,7,614,0.900293,1,10,0,53,1,4,5295095,46933,0.000000,11501.052000,4625.485000,3978.044000,54.226726,1
_home_max_Documents_PhD_MAPF_LNS_MAPF_LNS_SAT_mapf-map_room-32-32-4_map-_home_max_Documents_PhD_MAPF_LNS_MAPF_LNS_SAT_mapf-scen-even_scen-even_room-32-32-4-even-3_scen-agents10-idx1-seed42-1783527342677,0,0,5,0.007331,1,2,12,14,1,2,25,10,0.001000,0.019000,0.130000,0.102000,0.020529,1
_home_max_Documents_PhD_MAPF_LNS_MAPF_LNS_SAT_mapf-map_room-32-32-4_map-_home_max_Documents_PhD_MAPF_LNS_MAPF_LNS_SAT_mapf-scen-even_scen-even_room-32-32-4-even-3_scen-agents10-idx1-seed42-1783527342677,0,0,5,0.007331,1,2,21,23,1,1,24,10,0.000000,0.012000,0.037000,0.029000,0.001887,1
_home_max_Documents_PhD_MAPF_LNS_MAPF_LNS_SAT_mapf-map_room-32-32-4_map-_home_max_Documents_PhD_MAPF_LNS_MAPF_LNS_SAT_mapf-scen-even_scen-even_room-32-32-4-even-3_scen-agents10-idx2-seed42-1783527342728,0,0,9,0.013196,1,2,8,10,4,8,353,101,0.000000,0.117000,0.330000,0.278000,0.031264,1
_home_max_Documents_PhD_MAPF_LNS_MAPF_LNS_SAT_mapf-map_room-32-32-4_map-_home_max_Documents_PhD_MAPF_LNS_MAPF_LNS_SAT_mapf-scen-even_scen-even_room-32-32-4-even-3_scen-agents10-idx2-seed42-1783527342728,0,0,9,0.013196,2,3,13,16,3,7,174,69,0.000000,0.061000,0.173000,0.127000,0.014196,1
_home_max_Documents_PhD_MAPF_LNS_MAPF_LNS_SAT_mapf-map_room-32-32-4_map-_home_max_Documents_PhD_MAPF_LNS_MAPF_LNS_SAT_mapf-scen-even_scen-even_room-32-32-4-even-3_scen-agents10-idx2-seed42-1783527342728,0,0,9,0.013196,1,3,21,23,3,6,124,48,0.000000,0.043000,0.119000,0.086000,0.006571,1
_home_max_Documents_PhD_MAPF_LNS_MAPF_LNS_SAT_mapf-map_room-32-32-4_map-_home_max_Documents_PhD_MAPF_LNS_MAPF_LNS_SAT_mapf-scen-even_scen-even_room-32-32-4-even-3_scen-agents10-idx2-seed42-1783527342728,0,0,8,0.011730,1,3,26,28,3,7,128,49,0.000000,0.047000,0.129000,0.089000,0.008290,1
_home_max_Documents_PhD_MAPF_LNS_MAPF_LNS_SAT_mapf-map_room-32-32-4_map-_home_max_Documents_PhD_MAPF_LNS_MAPF_LNS_SAT_mapf-scen-even_scen-even_room-32-32-4-even-3_scen-agents10-idx2-seed42-1783527342728,0,0,9,0.013196,1,2,30,32,3,7,94,38,0.000000,0.031000,0.103000,0.072000,0.007030,1
_home_max_Documents_PhD_MAPF_LNS_MAPF_LNS_SAT_mapf-map_room-32-32-4_map-_home_max_Documents_PhD_MAPF_LNS_MAPF_LNS_SAT_mapf-scen-even_scen-even_room-32-32-4-even-3_scen-agents10-idx3-seed42-1783527342779,0,0,7,0.010264,1,2,5,7,4,8,231,87,0.000000,0.184000,0.529000,0.433000,0.049686,1
_home_max_Documents_PhD_MAPF_LNS_MAPF_LNS_SAT_mapf-map_room-32-32-4_map-_home_max_Documents_PhD_MAPF_LNS_MAPF_LNS_SAT_mapf-scen-even_scen-even_room-32-32-4-even-3_scen-agents10-idx3-seed42-1783527342779,0,0,8,0.011730,1,2,8,10,1,2,13,7,0.000000,0.005000,0.030000,0.017000,0.001098,1
_home_max_Documents_PhD_MAPF_LNS_MAPF_LNS_SAT_mapf-map_room-32-32-4_map-_home_max_Documents_PhD_MAPF_LNS_MAPF_LNS_SAT_mapf-scen-even_scen-even_room-32-32-4-even-3_scen-agents10-idx3-seed42-1783527342779,0,0,6,0.008798,1,2,18,20,1,2,13,7,0.000000,0.005000,0.027000,0.016000,0.000769,1
_home_max_Documents_PhD_MAPF_LNS_MAPF_LNS_SAT_mapf-map_room-32-32-4_map-_home_max_Documents_PhD_MAPF_LNS_MAPF_LNS_SAT_mapf-scen-even_scen-even_room-32-32-4-even-3_scen-agents10-idx3-seed42-1783527342779,0,0,7,0.010264,1,2,24,26,1,1,12,7,0.000000,0.005000,0.016000,0.011000,0.000485,1
_home_max_Documents_PhD_MAPF_LNS_MAPF_LNS_SAT_mapf-map_room-32-32-4_map-_home_max_Documents_PhD_MAPF_LNS_MAPF_LNS_SAT_mapf-scen-even_scen-even_room-32-32-4-even-3_scen-agents10-idx3-seed42-1783527342779,0,0,5,0.007331,1,2,32,34,2,3,28,15,0.000000,0.012000,0.041000,0.027000,0.003394,1
_home_max_Documents_PhD_MAPF_LNS_MAPF_LNS_SAT_mapf-map_room-32-32-4_map-_home_max_Documents_PhD_MAPF_LNS_MAPF_LNS_SAT_mapf-scen-even_scen-even_room-32-32-4-even-3_scen-agents10-idx4-seed42-1783527342829,0,0,8,0.011730,1,2,16,18,3,9,150,48,0.000000,0.066000,0.321000,0.232000,0.036300,1
_home_max_Documents_PhD_MAPF_LNS_MAPF_LNS_SAT_mapf-map_room-32-32-4_map-_home_max_Documents_PhD_MAPF_LNS_MAPF_LNS_SAT_mapf-scen-even_scen-even_room-32-32-4-even-3_scen-agents10-idx5-seed42-1783527342881,0,0,11,0.016129,3,4,21,25,3,12,311,113,0.000000,0.245000,0.782000,0.543000,0.102876,1
_home_max_Documents_PhD_MAPF_LNS_MAPF_LNS_SAT_mapf-map_room-32-32-4_map-_home_max_Documents_PhD_MAPF_LNS_MAPF_LNS_SAT_mapf-scen-even_scen-even_room-32-32-4-even-3_scen-agents10-idx5-seed42-1783527342881,0,0,7,0.010264,1,2,23,25,1,1,12,7,0.000000,0.013000,0.042000,0.029000,0.002055,1
_home_max_Documents_PhD_MAPF_LNS_MAPF_LNS_SAT_mapf-map_room-32-32-4_map-_home_max_Documents_PhD_MAPF_LNS_MAPF_LNS_SAT_mapf-scen-even_scen-even_room-32-32-4-even-3_scen-agents10-idx5-seed42-1783527342881,0,0,4,0.005865,1,2,33,35,1,2,20,9,0.000000,0.014000,0.062000,0.040000,0.003274,1
_home_max_Documents_PhD_MAPF_LNS_MAPF_LNS_SAT_mapf-map_room-32-32-4_map-_home_max_Documents_PhD_MAPF_LNS_MAPF_LNS_SAT_mapf-scen-even_scen-even_room-32-32-4-even-3_scen-agents10-idx5-seed42-1783527342881,0,0,4,0.005865,1,2,38,40,1,4,22,9,0.000000,0.013000,0.088000,0.051000,0.002930,1
_home_max_Documents_PhD_MAPF_LNS_MAPF_LNS_SAT_mapf-map_room-32-32-4_map-_home_max_Documents_PhD_MAPF_LNS_MAPF_LNS_SAT_mapf-scen-even_scen-even_room-32-32-4-even-3_scen-agents10-idx6-seed42-1783527342929,0,0,5,0.007331,1,2,8,10,4,7,179,68,0.000000,0.089000,0.266000,0.216000,0.019860,0
_home_max_Documents_PhD_MAPF_LNS_MAPF_LNS_SAT_mapf-map_room-32-32-4_map-_home_max_Documents_PhD_MAPF_LNS_MAPF_LNS_SAT_mapf-scen-even_scen-even_room-32-32-4-even-3_scen-agents10-idx6-seed42-1783527342929,0,1,9,0.013196,1,2,7,11,3,6,154,58,0.000000,0.075000,0.223000,0.164000,0.023968,1
_home_max_Documents_PhD_MAPF_LNS_MAPF_LNS_SAT_mapf-map_room-32-32-4_map-_home_max_Documents_PhD_MAPF_LNS_MAPF_LNS_SAT_mapf-scen-even_scen-even_room-32-32-4-even-3_scen-agents10-idx6-seed42-1783527342929,0,0,9,0.013196,1,2,17,19,3,6,120,44,0.000000,0.048000,0.166000,0.121000,0.010700,1
_home_max_Documents_PhD_MAPF_LNS_MAPF_LNS_SAT_mapf-map_room-32-32-4_map-_home_max_Documents_PhD_MAPF_LNS_MAPF_LNS_SAT_mapf-scen-even_scen-even_room-32-32-4-even-3_scen-agents10-idx6-seed42-1783527342929,0,0,4,0.005865,1,2,19,21,4,7,144,61,0.000000,0.059000,0.170000,0.133000,0.007120,0
_home_max_Documents_PhD_MAPF_LNS_MAPF_LNS_SAT_mapf-map_room-32-32-4_map-_home_max_Documents_PhD_MAPF_LNS_MAPF_LNS_SAT_mapf-scen-even_scen-even_room-32-32-4-even-3_scen-agents10-idx6-seed42-1783527342929,0,1,9,0.013196,1,2,18,22,5,10,797,213,0.000000,0.253000,0.530000,0.468000,0.044270,0
_home_max_Documents_PhD_MAPF_LNS_MAPF_LNS_SAT_mapf-map_room-32-32-4_map-_home_max_Documents_PhD_MAPF_LNS_MAPF_LNS_SAT_mapf-scen-even_scen-even_room-32-32-4-even-3_scen-agents10-idx6-seed42-1783527342929,0,2,23,0.033724,1,2,16,24,4,9,1581,313,0.000000,0.494000,0.887000,0.801000,0.057412,1
_home_max_Documents_PhD_MAPF_LNS_MAPF_LNS_SAT_mapf-map_room-32-32-4_map-_home_max_Documents_PhD_MAPF_LNS_MAPF_LNS_SAT_mapf-scen-even_scen-even_room-32-32-4-even-3_scen-agents10-idx6-seed42-1783527342929,0,0,9,0.013196,1,2,26,28,3,7,94,38,0.000000,0.036000,0.154000,0.105000,0.011838,1
_home_max_Documents_PhD_MAPF_LNS_MAPF_LNS_SAT_mapf-map_room-32-32-4_map-_home_max_Documents_PhD_MAPF_LNS_MAPF_LNS_SAT_mapf-scen-even_scen-even_room-32-32-4-even-3_scen-agents10-idx7-seed42-1783527342981,0,0,7,0.010264,1,2,3,5,2,3,32,17,0.000000,0.032000,0.171000,0.133000,0.018330,1
_home_max_Documents_PhD_MAPF_LNS_MAPF_LNS_SAT_mapf-map_room-32-32-4_map-_home_max_Documents_PhD_MAPF_LNS_MAPF_LNS_SAT_mapf-scen-even_scen-even_room-32-32-4-even-3_scen-agents10-idx7-seed42-1783527342981,0,0,4,0.005865,1,2,17,19,4,7,144,61,0.000000,0.110000,0.270000,0.218000,0.012301,0
_home_max_Documents_PhD_MAPF_LNS_MAPF_LNS_SAT_mapf-map_room-32-32-4_map-_home_max_Documents_PhD_MAPF_LNS_MAPF_LNS_SAT_mapf-scen-even_scen-even_room-32-32-4-even-3_scen-agents10-idx7-seed42-1783527342981,0,1,8,0.011730,1,2,16,20,5,10,661,192,0.000000,0.413000,0.764000,0.681000,0.050838,0
_home_max_Documents_PhD_MAPF_LNS_MAPF_LNS_SAT_mapf-map_room-32-32-4_map-_home_max_Documents_PhD_MAPF_LNS_MAPF_LNS_SAT_mapf-scen-even_scen-even_room-32-32-4-even-3_scen-agents10-idx7-seed42-1783527342981,0,2,21,0.030792,1,2,14,22,4,10,980,226,0.000000,0.458000,0.889000,0.789000,0.070322,1
_home_max_Documents_PhD_MAPF_LNS_MAPF_LNS_SAT_mapf-map_room-32-32-4_map-_home_max_Documents_PhD_MAPF_LNS_MAPF_LNS_SAT_mapf-scen-even_scen-even_room-32-32-4-even-3_scen-agents10-idx8-seed42-1783527343033,0,0,7,0.010264,1,2,15,17,3,7,105,40,0.000000,0.081000,0.325000,0.243000,0.030026,1
_home_max_Documents_PhD_MAPF_LNS_MAPF_LNS_SAT_mapf-map_room-32-32-4_map-_home_max_Documents_PhD_MAPF_LNS_MAPF_LNS_SAT_mapf-scen-even_scen-even_room-32-32-4-even-3_scen-agents10-idx8-seed42-1783527343033,0,0,7,0.010264,1,3,20,22,3,7,151,65,0.000000,0.092000,0.248000,0.181000,0.020454,1
_home_max_Documents_PhD_MAPF_LNS_MAPF_LNS_SAT_mapf-map_room-32-32-4_map-_home_max_Documents_PhD_MAPF_LNS_MAPF_LNS_SAT_mapf-scen-even_scen-even_room-32-32-4-even-3_scen-agents10-idx8-seed42-1783527343033,0,0,4,0.005865,1,2,25,27,1,1,19,9,0.000000,0.013000,0.040000,0.030000,0.001938,1
_home_max_Documents_PhD_MAPF_LNS_MAPF_LNS_SAT_mapf-map_room-32-32-4_map-_home_max_Documents_PhD_MAPF_LNS_MAPF_LNS_SAT_mapf-scen-even_scen-even_room-32-32-4-even-3_scen-agents10-idx8-seed42-1783527343033,0,0,4,0.005865,1,2,33,35,1,2,20,9,0.000000,0.011000,0.054000,0.036000,0.002130,1
_home_max_Documents_PhD_MAPF_LNS_MAPF_LNS_SAT_mapf-map_room-32-32-4_map-_home_max_Documents_PhD_MAPF_LNS_MAPF_LNS_SAT_mapf-scen-even_scen-even_room-32-32-4-even-3_scen-agents10-idx8-seed42-1783527343033,0,0,4,0.005865,1,2,39,41,1,2,20,9,0.000000,0.011000,0.046000,0.030000,0.001599,1
_home_max_Documents_PhD_MAPF_LNS_MAPF_LNS_SAT_mapf-map_room-32-32-4_map-_home_max_Documents_PhD_MAPF_LNS_MAPF_LNS_SAT_mapf-scen-even_scen-even_room-32-32-4-even-3_scen-agents10-idx8-seed42-1783527343033,0,0,8,0.011730,1,2,48,50,1,4,18,8,0.000000,0.012000,0.071000,0.041000,0.002552,0
_home_max_Documents_PhD_MAPF_LNS_MAPF_LNS_SAT_mapf-map_room-32-32-4_map-_home_max_Documents_PhD_MAPF_LNS_MAPF_LNS_SAT_mapf-scen-even_scen-even_room-32-32-4-even-3_scen-agents10-idx8-seed42-1783527343033,0,1,16,0.023460,1,2,47,50,1,4,28,12,0.000000,0.020000,0.092000,0.056000,0.003500,0
_home_max_Documents_PhD_MAPF_LNS_MAPF_LNS_SAT_mapf-map_room-32-32-4_map-_home_max_Documents_PhD_MAPF_LNS_MAPF_LNS_SAT_mapf-scen-even_scen-even_room-32-32-4-even-3_scen-agents10-idx8-seed42-1783527343033,0,2,34,0.049853,1,2,45,50,1,4,109,32,0.000000,0.089000,0.212000,0.156000,0.017858,1
_home_max_Documents_PhD_MAPF_LNS_MAPF_LNS_SAT_mapf-map_room-32-32-4_map-_home_max_Documents_PhD_MAPF_LNS_MAPF_LNS_SAT_mapf-scen-even_scen-even_room-32-32-4-even-3_scen-agents10-idx9-seed42-1783527343083,0,0,11,0.016129,4,2,3,8,2,3,68,32,0.000000,0.040000,0.155000,0.116000,0.015293,1
_home_max_Documents_PhD_MAPF_LNS_MAPF_LNS_SAT_mapf-map_room-32-32-4_map-_home_max_Documents_PhD_MAPF_LNS_MAPF_LNS_SAT_mapf-scen-even_scen-even_room-32-32-4-even-3_scen-agents10-idx9-seed42-1783527343083,0,0,7,0.010264,1,2,12,14,1,1,17,9,0.000000,0.008000,0.031000,0.023000,0.002850,1
_home_max_Documents_PhD_MAPF_LNS_MAPF_LNS_SAT_mapf-map_room-32-32-4_map-_home_max_Documents_PhD_MAPF_LNS_MAPF_LNS_SAT_mapf-scen-even_scen-even_room-32-32-4-even-3_scen-agents10-idx9-seed42-1783527343083,0,0,7,0.010264,2,3,14,17,3,8,243,90,0.000000,0.079000,0.229000,0.177000,0.024305,1
_home_max_Documents_PhD_MAPF_LNS_MAPF_LNS_SAT_mapf-map_room-32-32-4_map-_home_max_Documents_PhD_MAPF_LNS_MAPF_LNS_SAT_mapf-scen-even_scen-even_room-32-32-4-even-3_scen-agents10-idx9-seed42-1783527343083,0,0,7,0.010264,1,2,18,20,1,2,18,9,0.000000,0.006000,0.030000,0.020000,0.001535,1
_home_max_Documents_PhD_MAPF_LNS_MAPF_LNS_SAT_mapf-map_room-32-32-4_map-_home_max_Documents_PhD_MAPF_LNS_MAPF_LNS_SAT_mapf-scen-even_scen-even_room-32-32-4-even-3_scen-agents10-idx9-seed42-1783527343083,0,0,4,0.005865,1,2,28,30,1,2,20,9,0.000000,0.007000,0.031000,0.020000,0.001616,1
_home_max_Documents_PhD_MAPF_LNS_MAPF_LNS_SAT_mapf-map_room-32-32-4_map-_home_max_Documents_PhD_MAPF_LNS_MAPF_LNS_SAT_mapf-scen-even_scen-even_room-32-32-4-even-3_scen-agents10-idx9-seed42-1783527343083,0,0,4,0.005865,1,2,49,51,1,1,19,9,0.000000,0.007000,0.020000,0.015000,0.000764,1
_home_max_Documents_PhD_MAPF_LNS_MAPF_LNS_SAT_mapf-map_room-32-32-4_map-_home_max_Documents_PhD_MAPF_LNS_MAPF_LNS_SAT_mapf-scen-even_scen-even_room-32-32-4-even-3_scen-agents10-idx10-seed42-1783527343134,0,0,5,0.007331,1,2,4,6,1,2,25,10,0.000000,0.009000,0.061000,0.046000,0.007928,1
_home_max_Documents_PhD_MAPF_LNS_MAPF_LNS_SAT_mapf-map_room-32-32-4_map-_home_max_Documents_PhD_MAPF_LNS_MAPF_LNS_SAT_mapf-scen-even_scen-even_room-32-32-4-even-3_scen-agents10-idx10-seed42-1783527343134,0,0,4,0.005865,1,2,7,9,4,7,144,61,0.000000,0.047000,0.121000,0.097000,0.005739,0
_home_max_Documents_PhD_MAPF_LNS_MAPF_LNS_SAT_mapf-map_room-32-32-4_map-_home_max_Documents_PhD_MAPF_LNS_MAPF_LNS_SAT_mapf-scen-even_scen-even_room-32-32-4-even-3_scen-agents10-idx10-seed42-1783527343134,0,1,9,0.013196,1,2,6,10,4,9,458,132,0.000000,0.134000,0.294000,0.256000,0.020127,0
_home_max_Documents_PhD_MAPF_LNS_MAPF_LNS_SAT_mapf-map_room-32-32-4_map-_home_max_Documents_PhD_MAPF_LNS_MAPF_LNS_SAT_mapf-scen-even_scen-even_room-32-32-4-even-3_scen-agents10-idx10-seed42-1783527343134,0,2,21,0.030792,1,3,4,12,3,8,2102,419,0.000000,0.639000,1.547000,1.462000,0.093580,1
_home_max_Documents_PhD_MAPF_LNS_MAPF_LNS_SAT_mapf-map_room-32-32-4_map-_home_max_Documents_PhD_MAPF_LNS_MAPF_LNS_SAT_mapf-scen-even_scen-even_room-32-32-4-even-3_scen-agents10-idx10-seed42-1783527343134,0,0,10,0.014663,2,4,13,16,3,7,312,101,0.000000,0.097000,0.244000,0.194000,0.016972,1
_home_max_Documents_PhD_MAPF_LNS_MAPF_LNS_SAT_mapf-map_room-32-32-4_map-_home_max_Documents_PhD_MAPF_LNS_MAPF_LNS_SAT_mapf-scen-even_scen-even_room-32-32-4-even-3_scen-agents10-idx10-seed42-1783527343134,0,0,5,0.007331,1,2,15,17,1,2,25,10,0.000000,0.008000,0.034000,0.022000,0.001716,1
_home_max_Documents_PhD_MAPF_LNS_MAPF_LNS_SAT_mapf-map_room-32-32-4_map-_home_max_Documents_PhD_MAPF_LNS_MAPF_LNS_SAT_mapf-scen-even_scen-even_room-32-32-4-even-3_scen-agents10-idx10-seed42-1783527343134,0,0,9,0.013196,1,2,19,21,4,8,353,101,0.000000,0.106000,0.234000,0.199000,0.015266,1
_home_max_Documents_PhD_MAPF_LNS_MAPF_LNS_SAT_mapf-map_room-32-32-4_map-_home_max_Documents_PhD_MAPF_LNS_MAPF_LNS_SAT_mapf-scen-even_scen-even_room-32-32-4-even-3_scen-agents10-idx10-seed42-1783527343134,0,0,7,0.010264,1,2,19,21,3,7,132,46,0.000000,0.038000,0.124000,0.095000,0.010017,1
_home_max_Documents_PhD_MAPF_LNS_MAPF_LNS_SAT_mapf-map_room-32-32-4_map-_home_max_Documents_PhD_MAPF_LNS_MAPF_LNS_SAT_mapf-scen-even_scen-even_room-32-32-4-even-3_scen-agents10-idx10-seed42-1783527343134,0,0,5,0.007331,1,3,22,24,1,3,27,11,0.000000,0.009000,0.047000,0.027000,0.002183,1
_home_max_Documents_PhD_MAPF_LNS_MAPF_LNS_SAT_mapf-map_room-32-32-4_map-_home_max_Documents_PhD_MAPF_LNS_MAPF_LNS_SAT_mapf-scen-even_scen-even_room-32-32-4-even-3_scen-agents10-idx10-seed42-1783527343134,0,0,7,0.010264,1,2,26,28,3,9,134,46,0.000000,0.039000,0.149000,0.109000,0.011689,1
_home_max_Documents_PhD_MAPF_LNS_MAPF_LNS_SAT_mapf-map_room-32-32-4_map-_home_max_Documents_PhD_MAPF_LNS_MAPF_LNS_SAT_mapf-scen-even_scen-even_room-32-32-4-even-3_scen-agents10-idx10-seed42-1783527343134,0,0,9,0.013196,1,2,44,46,2,6,46,20,0.000000,0.014000,0.061000,0.038000,0.002725,0
_home_max_Documents_PhD_MAPF_LNS_MAPF_LNS_SAT_mapf-map_room-32-32-4_map-_home_max_Documents_PhD_MAPF_LNS_MAPF_LNS_SAT_mapf-scen-even_scen-even_room-32-32-4-even-3_scen-agents10-idx10-seed42-1783527343134,0,1,16,0.023460,1,2,43,47,2,5,204,55,0.000000,0.055000,0.157000,0.130000,0.014464,1
_home_max_Documents_PhD_MAPF_LNS_MAPF_LNS_SAT_mapf-map_room-32-32-4_map-_home_max_Documents_PhD_MAPF_LNS_MAPF_LNS_SAT_mapf-scen-even_scen-even_room-32-32-4-even-3_scen-agents10-idx11-seed42-1783527343185,0,0,5,0.007331,1,2,0,2,2,3,28,15,0.000000,0.020000,0.140000,0.112000,0.012093,1
_home_max_Documents_PhD_MAPF_LNS_MAPF_LNS_SAT_mapf-map_room-32-32-4_map-_home_max_Documents_PhD_MAPF_LNS_MAPF_LNS_SAT_mapf-scen-even_scen-even_room-32-32-4-even-3_scen-agents10-idx11-seed42-1783527343185,0,0,4,0.005865,1,2,8,10,1,2,20,9,0.000000,0.013000,0.068000,0.045000,0.004473,1
_home_max_Documents_PhD_MAPF_LNS_MAPF_LNS_SAT_mapf-map_room-32-32-4_map-_home_max_Documents_PhD_MAPF_LNS_MAPF_LNS_SAT_mapf-scen-even_scen-even_room-32-32-4-even-3_scen-agents10-idx11-seed42-1783527343185,0,0,7,0.010264,2,3,16,18,5,15,998,288,0.000000,0.644000,1.439000,1.246000,0.174307,0
_home_max_Documents_PhD_MAPF_LNS_MAPF_LNS_SAT_mapf-map_room-32-32-4_map-_home_max_Documents_PhD_MAPF_LNS_MAPF_LNS_SAT_mapf-scen-even_scen-even_room-32-32-4-even-3_scen-agents10-idx11-seed42-1783527343185,0,1,15,0.021994,2,3,15,19,4,8,1172,273,0.000000,0.851000,1.593000,1.453000,0.118886,1
_home_max_Documents_PhD_MAPF_LNS_MAPF_LNS_SAT_mapf-map_room-32-32-4_map-_home_max_Documents_PhD_MAPF_LNS_MAPF_LNS_SAT_mapf-scen-even_scen-even_room-32-32-4-even-3_scen-agents10-idx11-seed42-1783527343185,0,0,4,0.005865,1,2,22,24,1,4,22,9,0.000000,0.017000,0.120000,0.070000,0.004418,1
_home_max_Documents_PhD_MAPF_LNS_MAPF_LNS_SAT_mapf-map_room-32-32-4_map-_home_max_Documents_PhD_MAPF_LNS_MAPF_LNS_SAT_mapf-scen-even_scen-even_room-32-32-4-even-3_scen-agents10-idx11-seed42-1783527343185,0,0,8,0.011730,1,2,26,28,3,7,118,42,0.000000,0.077000,0.252000,0.186000,0.017611,1
_home_max_Documents_PhD_MAPF_LNS_MAPF_LNS_SAT_mapf-map_room-32-32-4_map-_home_max_Documents_PhD_MAPF_LNS_MAPF_LNS_SAT_mapf-scen-even_scen-even_room-32-32-4-even-3_scen-agents10-idx11-seed42-1783527343185,0,0,4,0.005865,1,2,30,32,1,2,20,9,0.000000,0.013000,0.056000,0.037000,0.002756,1
_home_max_Documents_PhD_MAPF_LNS_MAPF_LNS_SAT_mapf-map_room-32-32-4_map-_home_max_Documents_PhD_MAPF_LNS_MAPF_LNS_SAT_mapf-scen-even_scen-even_room-32-32-4-even-3_scen-agents10-idx12-seed42-1783527343233,0,0,8,0.011730,1,2,17,19,3,7,148,48,0.000000,0.083000,0.322000,0.258000,0.033285,1
_home_max_Documents_PhD_MAPF_LNS_MAPF_LNS_SAT_mapf-map_room-32-32-4_map-_home_max_Documents_PhD_MAPF_LNS_MAPF_LNS_SAT_mapf-scen-even_scen-even_room-32-32-4-even-3_scen-agents10-idx12-seed42-1783527343233,0,0,4,0.005865,1,2,26,28,2,4,29,15,0.000000,0.025000,0.092000,0.061000,0.003641,0
_home_max_Documents_PhD_MAPF_LNS_MAPF_LNS_SAT_mapf-map_room-32-32-4_map-_home_max_Documents_PhD_MAPF_LNS_MAPF_LNS_SAT_mapf-scen-even_scen-even_room-32-32-4-even-3_scen-agents10-idx12-seed42-1783527343233,0,1,8,0.011730,1,2,25,29,2,4,49,25,0.000000,0.043000,0.108000,0.076000,0.005322,0
_home_max_Documents_PhD_MAPF_LNS_MAPF_LNS_SAT_mapf-map_room-32-32-4_map-_home_max_Documents_PhD_MAPF_LNS_MAPF_LNS_SAT_mapf-scen-even_scen-even_room-32-32-4-even-3_scen-agents10-idx12-seed42-1783527343233,0,2,18,0.026393,1,2,23,31,2,4,114,55,0.000000,0.111000,0.236000,0.185000,0.024697,0
_home_max_Documents_PhD_MAPF_LNS_MAPF_LNS_SAT_mapf-map_room-32-32-4_map-_home_max_Documents_PhD_MAPF_LNS_MAPF_LNS_SAT_mapf-scen-even_scen-even_room-32-32-4-even-3_scen-agents10-idx12-seed42-1783527343233,0,3,41,0.060117,1,3,20,34,2,4,188,92,0.000000,0.207000,0.304000,0.241000,0.019516,0
_home_max_Documents_PhD_MAPF_LNS_MAPF_LNS_SAT_mapf-map_room-32-32-4_map-_home_max_Documents_PhD_MAPF_LNS_MAPF_LNS_SAT_mapf-scen-even_scen-even_room-32-32-4-even-3_scen-agents10-idx12-seed42-1783527343233,0,4,101,0.148094,1,7,16,38,2,4,21241,1318,0.000000,10.187000,17.027000,16.814000,0.236216,0
_home_max_Documents_PhD_MAPF_LNS_MAPF_LNS_SAT_mapf-map_room-32-32-4_map-_home_max_Documents_PhD_MAPF_LNS_MAPF_LNS_SAT_mapf-scen-even_scen-even_room-32-32-4-even-3_scen-agents10-idx12-seed42-1783527343233,0,5,224,0.328446,1,8,11,43,2,5,285238,5450,0.001000,152.055000,219.075000,217.410000,2.305795,0
_home_max_Documents_PhD_MAPF_LNS_MAPF_LNS_SAT_mapf-map_room-32-32-4_map-_home_max_Documents_PhD_MAPF_LNS_MAPF_LNS_SAT_mapf-scen-even_scen-even_room-32-32-4-even-3_scen-agents10-idx12-seed42-1783527343233,0,6,396,0.580645,1,10,5,44,1,4,702803,12639,0.000000,941.495000,841.953000,833.692000,6.696539,0
_home_max_Documents_PhD_MAPF_LNS_MAPF_LNS_SAT_mapf-map_room-32-32-4_map-_home_max_Documents_PhD_MAPF_LNS_MAPF_LNS_SAT_mapf-scen-even_scen-even_room-32-32-4-even-3_scen-agents10-idx12-seed42-1783527343233,0,7,537,0.787390,1,10,0,44,1,4,1373045,20875,0.000000,1797.845000,1901.901000,1886.012000,13.229930,0
_home_max_Documents_PhD_MAPF_LNS_MAPF_LNS_SAT_mapf-map_room-32-32-4_map-_home_max_Documents_PhD_MAPF_LNS_MAPF_LNS_SAT_mapf-scen-even_scen-even_room-32-32-4-even-3_scen-agents10-idx12-seed42-1783527343233,0,8,682,1.000000,1,10,0,44,1,4,1645803,25072,0.000000,3183.797000,2584.314000,2566.889000,15.760823,0
_home_max_Documents_PhD_MAPF_LNS_MAPF_LNS_SAT_mapf-map_room-32-32-4_map-_home_max_Documents_PhD_MAPF_LNS_MAPF_LNS_SAT_mapf-scen-even_scen-even_room-32-32-4-even-3_scen-agents10-idx12-seed42-1783527343233,1,0,9,0.013196,2,3,17,19,4,8,388,116,0.000000,0.110000,0.275000,0.230000,0.023405,1
_home_max_Documents_PhD_MAPF_LNS_MAPF_LNS_SAT_mapf-map_room-32-32-4_map-_home_max_Documents_PhD_MAPF_LNS_MAPF_LNS_SAT_mapf-scen-even_scen-even_room-32-32-4-even-3_scen-agents10-idx12-seed42-1783527343233,1,0,8,0.011730,1,2,17,19,3,7,148,48,0.000000,0.040000,0.135000,0.105000,0.011039,1
_home_max_Documents_PhD_MAPF_LNS_MAPF_LNS_SAT_mapf-map_room-32-32-4_map-_home_max_Documents_PhD_MAPF_LNS_MAPF_LNS_SAT_mapf-scen-even_scen-even_room-32-32-4-even-3_scen-agents10-idx12-seed42-1783527343233,1,0,4,0.005865,1,2,26,28,3,6,70,32,0.000000,0.025000,0.076000,0.055000,0.004930,0
_home_max_Documents_PhD_MAPF_LNS_MAPF_LNS_SAT_mapf-map_room-32-32-4_map-_home_max_Documents_PhD_MAPF_LNS_MAPF_LNS_SAT_mapf-scen-even_scen-even_room-32-32-4-even-3_scen-agents10-idx12-seed42-1783527343233,1,1,8,0.011730,1,2,25,29,3,7,164,64,0.000000,0.063000,0.147000,0.116000,0.012903,0
_home_max_Documents_PhD_MAPF_LNS_MAPF_LNS_SAT_mapf-map_room-32-32-4_map-_home_max_Documents_PhD_MAPF_LNS_MAPF_LNS_SAT_mapf-scen-even_scen-even_room-32-32-4-even-3_scen-agents10-idx12-seed42-1783527343233,1,2,18,0.026393,1,2,23,31,3,7,346,122,0.000000,0.126000,0.239000,0.201000,0.023092,0
_home_max_Documents_PhD_MAPF_LNS_MAPF_LNS_SAT_mapf-map_room-32-32-4_map-_home_max_Documents_PhD_MAPF_LNS_MAPF_LNS_SAT_mapf-scen-even_scen-even_room-32-32-4-even-3_scen-agents10-idx12-seed42-1783527343233,1,3,41,0.060117,1,4,20,34,3,7,607,213,0.000000,0.230000,0.366000,0.311000,0.028990,0
_home_max_Documents_PhD_MAPF_LNS_MAPF_LNS_SAT_mapf-map_room-32-32-4_map-_home_max_Documents_PhD_MAPF_LNS_MAPF_LNS_SAT_mapf-scen-even_scen-even_room-32-32-4-even-3_scen-agents10-idx12-seed42-1783527343233,1,4,101,0.148094,1,7,16,38,3,7,40128,2600,0.000000,12.382000,29.052000,28.853000,0.689852,0
_home_max_Documents_PhD_MAPF_LNS_MAPF_LNS_SAT_mapf-map_room-32-32-4_map-_home_max_Documents_PhD_MAPF_LNS_MAPF_LNS_SAT_mapf-scen-even_scen-even_room-32-32-4-even-3_scen-agents10-idx12-seed42-1783527343233,1,5,224,0.328446,1,8,11,43,2,5,292019,6020,0.001000,169.575000,219.790000,218.539000,2.360149,0
_home_max_Documents_PhD_MAPF_LNS_MAPF_LNS_SAT_mapf-map_room-32-32-4_map-_home_max_Documents_PhD_MAPF_LNS_MAPF_LNS_SAT_mapf-scen-even_scen-even_room-32-32-4-even-3_scen-agents10-idx12-seed42-1783527343233,1,6,396,0.580645,1,10,5,45,1,7,805845,14101,0.001000,1093.103000,563.154000,556.400000,11.259894,1
_home_max_Documents_PhD_MAPF_LNS_MAPF_LNS_SAT_mapf-map_room-32-32-4_map-_home_max_Documents_PhD_MAPF_LNS_MAPF_LNS_SAT_mapf-scen-even_scen-even_room-32-32-4-even-4_scen-agents10-idx0-seed42-1783527357269,0,0,9,0.013196,1,3,36,38,4,10,461,122,0.001000,0.196000,0.556000,0.466000,0.056490,1
_home_max_Documents_PhD_MAPF_LNS_MAPF_LNS_SAT_mapf-map_room-32-32-4_map-_home_max_Documents_PhD_MAPF_LNS_MAPF_LNS_SAT_mapf-scen-even_scen-even_room-32-32-4-even-4_scen-agents10-idx1-seed42-1783527357320,0,0,9,0.013196,4,2,0,5,2,3,72,33,0.000000,0.042000,0.213000,0.176000,0.018839,1
_home_max_Documents_PhD_MAPF_LNS_MAPF_LNS_SAT_mapf-map_room-32-32-4_map-_home_max_Documents_PhD_MAPF_LNS_MAPF_LNS_SAT_mapf-scen-even_scen-even_room-32-32-4-even-4_scen-agents10-idx2-seed42-1783527357371,0,0,9,0.013196,4,2,6,11,2,3,68,32,0.000000,0.033000,0.108000,0.083000,0.011998,1
_home_max_Documents_PhD_MAPF_LNS_MAPF_LNS_SAT_mapf-map_room-32-32-4_map-_home_max_Documents_PhD_MAPF_LNS_MAPF_LNS_SAT_mapf-scen-even_scen-even_room-32-32-4-even-4_scen-agents10-idx3-seed42-1783527357422,0,0,7,0.010264,2,3,2,4,4,9,426,147,0.000000,0.167000,0.509000,0.433000,0.053901,1
_home_max_Documents_PhD_MAPF_LNS_MAPF_LNS_SAT_mapf-map_room-32-32-4_map-_home_max_Documents_PhD_MAPF_LNS_MAPF_LNS_SAT_mapf-scen-even_scen-even_room-32-32-4-even-4_scen-agents10-idx3-seed42-1783527357422,0,0,5,0.007331,1,2,9,11,1,2,25,10,0.000000,0.010000,0.040000,0.027000,0.002034,1
_home_max_Documents_PhD_MAPF_LNS_MAPF_LNS_SAT_mapf-map_room-32-32-4_map-_home_max_Documents_PhD_MAPF_LNS_MAPF_LNS_SAT_mapf-scen-even_scen-even_room-32-32-4-even-4_scen-agents10-idx3-seed42-1783527357422,0,0,7,0.010264,1,2,21,23,3,7,83,36,0.000000,0.031000,0.110000,0.074000,0.007464,1
_home_max_Documents_PhD_MAPF_LNS_MAPF_LNS_SAT_mapf-map_room-32-32-4_map-_home_max_Documents_PhD_MAPF_LNS_MAPF_LNS_SAT_mapf-scen-even_scen-even_room-32-32-4-even-4_scen-agents10-idx4-seed42-1783527357474,0,0,5,0.007331,1,2,6,8,4,7,181,70,0.000000,0.161000,0.433000,0.360000,0.028977,0
_home_max_Documents_PhD_MAPF_LNS_MAPF_LNS_SAT_mapf-map_room-32-32-4_map-_home_max_Documents_PhD_MAPF_LNS_MAPF_LNS_SAT_mapf-scen-even_scen-even_room-32-32-4-even-4_scen-agents10-idx4-seed42-1783527357474,0,1,19,0.027859,2,3,5,11,3,7,394,133,0.000000,0.299000,0.686000,0.557000,0.086366,1
_home_max_Documents_PhD_MAPF_LNS_MAPF_LNS_SAT_mapf-map_room-32-32-4_map-_home_max_Documents_PhD_MAPF_LNS_MAPF_LNS_SAT_mapf-scen-even_scen-even_room-32-32-4-even-4_scen-agents10-idx4-seed42-1783527357474,0,0,9,0.013196,1,3,24,26,3,6,123,47,0.000000,0.099000,0.290000,0.218000,0.023376,1
_home_max_Documents_PhD_MAPF_LNS_MAPF_LNS_SAT_mapf-map_room-32-32-4_map-_home_max_Documents_PhD_MAPF_LNS_MAPF_LNS_SAT_mapf-scen-even_scen-even_room-32-32-4-even-4_scen-agents10-idx4-seed42-1783527357474,0,0,8,0.011730,1,2,24,26,3,7,118,42,0.000000,0.074000,0.251000,0.184000,0.016881,1
_home_max_Documents_PhD_MAPF_LNS_MAPF_LNS_SAT_mapf-map_room-32-32-4_map-_home_max_Documents_PhD_MAPF_LNS_MAPF_LNS_SAT_mapf-scen-even_scen-even_room-32-32-4-even-4_scen-agents10-idx4-seed42-1783527357474,0,0,5,0.007331,1,2,40,42,1,1,24,10,0.000000,0.016000,0.046000,0.034000,0.002297,1
_home_max_Documents_PhD_MAPF_LNS_MAPF_LNS_SAT_mapf-map_room-32-32-4_map-_home_max_Documents_PhD_MAPF_LNS_MAPF_LNS_SAT_mapf-scen-even_scen-even_room-32-32-4-even-4_scen-agents10-idx5-seed42-1783527357523,0,0,9,0.013196,1,2,0,1,3,7,78,32,0.000000,0.055000,0.314000,0.230000,0.029544,1
_home_max_Documents_PhD_MAPF_LNS_MAPF_LNS_SAT_mapf-map_room-32-32-4_map-_home_max_Documents_PhD_MAPF_LNS_MAPF_LNS_SAT_mapf-scen-even_scen-even_room-32-32-4-even-4_scen-agents10-idx5-seed42-1783527357523,0,0,9,0.013196,1,2,8,10,3,6,120,44,0.000000,0.077000,0.261000,0.204000,0.022634,1
_home_max_Documents_PhD_MAPF_LNS_MAPF_LNS_SAT_mapf-map_room-32-32-4_map-_home_max_Documents_PhD_MAPF_LNS_MAPF_LNS_SAT_mapf-scen-even_scen-even_room-32-32-4-even-4_scen-agents10-idx5-seed42-1783527357523,0,0,5,0.007331,1,2,22,24,1,2,25,10,0.000000,0.016000,0.079000,0.053000,0.004708,1
_home_max_Documents_PhD_MAPF_LNS_MAPF_LNS_SAT_mapf-map_room-32-32-4_map-_home_max_Documents_PhD_MAPF_LNS_MAPF_LNS_SAT_mapf-scen-even_scen-even_room-32-32-4-even-4_scen-agents10-idx5-seed42-1783527357523,0,0,5,0.007331,1,3,25,27,4,7,195,77,0.000000,0.164000,0.338000,0.278000,0.012309,0
_home_max_Documents_PhD_MAPF_LNS_MAPF_LNS_SAT_mapf-map_room-32-32-4_map-_home_max_Documents_PhD_MAPF_LNS_MAPF_LNS_SAT_mapf-scen-even_scen-even_room-32-32-4-even-4_scen-agents10-idx5-seed42-1783527357523,0,1,10,0.014663,1,3,24,28,3,7,167,70,0.000000,0.156000,0.404000,0.290000,0.036972,1
_home_max_Documents_PhD_MAPF_LNS_MAPF_LNS_SAT_mapf-map_room-32-32-4_map-_home_max_Documents_PhD_MAPF_LNS_MAPF_LNS_SAT_mapf-scen-even_scen-even_room-32-32-4-even-4_scen-agents10-idx5-seed42-1783527357523,0,0,5,0.007331,1,3,28,30,1,2,26,11,0.000000,0.025000,0.098000,0.067000,0.005055,1
_home_max_Documents_PhD_MAPF_LNS_MAPF_LNS_SAT_mapf-map_room-32-32-4_map-_home_max_Documents_PhD_MAPF_LNS_MAPF_LNS_SAT_mapf-scen-even_scen-even_room-32-32-4-even-4_scen-agents10-idx5-seed42-1783527357523,0,0,5,0.007331,1,3,30,32,1,1,25,11,0.000000,0.022000,0.060000,0.046000,0.002689,1
_home_max_Documents_PhD_MAPF_LNS_MAPF_LNS_SAT_mapf-map_room-32-32-4_map-_home_max_Documents_PhD_MAPF_LNS_MAPF_LNS_SAT_mapf-scen-even_scen-even_room-32-32-4-even-4_scen-agents10-idx5-seed42-1783527357523,0,0,7,0.010264,1,2,34,36,3,9,163,57,0.000000,0.127000,0.382000,0.284000,0.027441,1
_home_max_Documents_PhD_MAPF_LNS_MAPF_LNS_SAT_mapf-map_room-32-32-4_map-_home_max_Documents_PhD_MAPF_LNS_MAPF_LNS_SAT_mapf-scen-even_scen-even_room-32-32-4-even-4_scen-agents10-idx6-seed42-1783527357575,0,0,9,0.013196,4,2,4,9,1,1,30,16,0.000000,0.029000,0.130000,0.109000,0.016927,1
_home_max_Documents_PhD_MAPF_LNS_MAPF_LNS_SAT_mapf-map_room-32-32-4_map-_home_max_Documents_PhD_MAPF_LNS_MAPF_LNS_SAT_mapf-scen-even_scen-even_room-32-32-4-even-4_scen-agents10-idx7-seed42-1783527357625,0,0,4,0.005865,1,2,3,5,1,2,20,9,0.000000,0.012000,0.076000,0.057000,0.009711,1
_home_max_Documents_PhD_MAPF_LNS_MAPF_LNS_SAT_mapf-map_room-32-32-4_map-_home_max_Documents_PhD_MAPF_LNS_MAPF_LNS_SAT_mapf-scen-even_scen-even_room-32-32-4-even-4_scen-agents10-idx7-seed42-1783527357625,0,0,9,0.013196,1,2,12,14,3,9,168,50,0.000000,0.067000,0.232000,0.170000,0.020383,1
_home_max_Documents_PhD_MAPF_LNS_MAPF_LNS_SAT_mapf-map_room-32-32-4_map-_home_max_Documents_PhD_MAPF_LNS_MAPF_LNS_SAT_mapf-scen-even_scen-even_room-32-32-4-even-4_scen-agents10-idx7-seed42-1783527357625,0,0,8,0.011730,1,2,20,22,3,8,94,40,0.000000,0.044000,0.150000,0.105000,0.013722,1
_home_max_Documents_PhD_MAPF_LNS_MAPF_LNS_SAT_mapf-map_room-32-32-4_map-_home_max_Documents_PhD_MAPF_LNS_MAPF_LNS_SAT_mapf-scen-even_scen-even_room-32-32-4-even-4_scen-agents10-idx8-seed42-1783527357677,0,0,8,0.011730,1,2,10,12,2,4,33,17,0.000000,0.019000,0.110000,0.079000,0.012751,1
_home_max_Documents_PhD_MAPF_LNS_MAPF_LNS_SAT_mapf-map_room-32-32-4_map-_home_max_Documents_PhD_MAPF_LNS_MAPF_LNS_SAT_mapf-scen-even_scen-even_room-32-32-4-even-4_scen-agents10-idx8-seed42-1783527357677,0,0,4,0.005865,1,2,15,17,4,7,144,61,0.000000,0.065000,0.162000,0.130000,0.007084,0
_home_max_Documents_PhD_MAPF_LNS_MAPF_LNS_SAT_mapf-map_room-32-32-4_map-_home_max_Documents_PhD_MAPF_LNS_MAPF_LNS_SAT_mapf-scen-even_scen-even_room-32-32-4-even-4_scen-agents10-idx8-seed42-1783527357677,0,1,9,0.013196,1,2,14,18,4,9,372,114,0.000000,0.142000,0.319000,0.270000,0.021073,0
_home_max_Documents_PhD_MAPF_LNS_MAPF_LNS_SAT_mapf-map_room-32-32-4_map-_home_max_Documents_PhD_MAPF_LNS_MAPF_LNS_SAT_mapf-scen-even_scen-even_room-32-32-4-even-4_scen-agents10-idx8-seed42-1783527357677,0,2,21,0.030792,1,4,12,20,4,9,975,236,0.000000,0.338000,0.579000,0.512000,0.035407,1
_home_max_Documents_PhD_MAPF_LNS_MAPF_LNS_SAT_mapf-map_room-32-32-4_map-_home_max_Documents_PhD_MAPF_LNS_MAPF_LNS_SAT_mapf-scen-even_scen-even_room-32-32-4-even-4_scen-agents10-idx8-seed42-1783527357677,0,0,5,0.007331,1,2,23,25,1,1,24,10,0.000000,0.009000,0.027000,0.021000,0.001346,1
_home_max_Documents_PhD_MAPF_LNS_MAPF_LNS_SAT_mapf-map_room-32-32-4_map-_home_max_Documents_PhD_MAPF_LNS_MAPF_LNS_SAT_mapf-scen-even_scen-even_room-32-32-4-even-4_scen-agents10-idx9-seed42-1783527357727,0,0,6,0.008798,1,2,4,6,3,7,93,38,0.000000,0.052000,0.222000,0.165000,0.023449,1
_home_max_Documents_PhD_MAPF_LNS_MAPF_LNS_SAT_mapf-map_room-32-32-4_map-_home_max_Documents_PhD_MAPF_LNS_MAPF_LNS_SAT_mapf-scen-even_scen-even_room-32-32-4-even-4_scen-agents10-idx9-seed42-1783527357727,0,0,9,0.013196,1,2,23,25,3,6,120,44,0.000000,0.060000,0.171000,0.130000,0.010421,1
_home_max_Documents_PhD_MAPF_LNS_MAPF_LNS_SAT_mapf-map_room-32-32-4_map-_home_max_Documents_PhD_MAPF_LNS_MAPF_LNS_SAT_mapf-scen-even_scen-even_room-32-32-4-even-4_scen-agents10-idx9-seed42-1783527357727,0,0,7,0.010264,1,2,28,30,3,7,132,46,0.000000,0.057000,0.185000,0.141000,0.014670,1
_home_max_Documents_PhD_MAPF_LNS_MAPF_LNS_SAT_mapf-map_room-32-32-4_map-_home_max_Documents_PhD_MAPF_LNS_MAPF_LNS_SAT_mapf-scen-even_scen-even_room-32-32-4-even-4_scen-agents10-idx10-seed42-1783527357779,0,0,9,0.013196,1,3,6,8,3,8,137,53,0.000000,0.070000,0.312000,0.227000,0.032714,1
_home_max_Documents_PhD_MAPF_LNS_MAPF_LNS_SAT_mapf-map_room-32-32-4_map-_home_max_Documents_PhD_MAPF_LNS_MAPF_LNS_SAT_mapf-scen-even_scen-even_room-32-32-4-even-4_scen-agents10-idx10-seed42-1783527357779,0,0,7,0.010264,1,3,19,21,3,7,104,44,0.000000,0.072000,0.235000,0.177000,0.014146,0
_home_max_Documents_PhD_MAPF_LNS_MAPF_LNS_SAT_mapf-map_room-32-32-4_map-_home_max_Documents_PhD_MAPF_LNS_MAPF_LNS_SAT_mapf-scen-even_scen-even_room-32-32-4-even-4_scen-agents10-idx10-seed42-1783527357779,0,1,15,0.021994,1,3,18,22,3,7,202,79,0.000000,0.151000,0.334000,0.263000,0.028412,0
_home_max_Documents_PhD_MAPF_LNS_MAPF_LNS_SAT_mapf-map_room-32-32-4_map-_home_max_Documents_PhD_MAPF_LNS_MAPF_LNS_SAT_mapf-scen-even_scen-even_room-32-32-4-even-4_scen-agents10-idx10-seed42-1783527357779,0,2,30,0.043988,1,3,16,24,3,7,459,166,0.000000,0.374000,0.671000,0.565000,0.056606,0
_home_max_Documents_PhD_MAPF_LNS_MAPF_LNS_SAT_mapf-map_room-32-32-4_map-_home_max_Documents_PhD_MAPF_LNS_MAPF_LNS_SAT_mapf-scen-even_scen-even_room-32-32-4-even-4_scen-agents10-idx10-seed42-1783527357779,0,3,68,0.099707,1,4,13,27,1,2,142,71,0.000000,0.144000,0.620000,0.553000,0.017223,1
_home_max_Documents_PhD_MAPF_LNS_MAPF_LNS_SAT_mapf-map_room-32-32-4_map-_home_max_Documents_PhD_MAPF_LNS_MAPF_LNS_SAT_mapf-scen-even_scen-even_room-32-32-4-even-4_scen-agents10-idx10-seed42-1783527357779,0,0,4,0.005865,1,2,37,39,1,4,22,9,0.000000,0.018000,0.108000,0.059000,0.004484,1
_home_max_Documents_PhD_MAPF_LNS_MAPF_LNS_SAT_mapf-map_room-32-32-4_map-_home_max_Documents_PhD_MAPF_LNS_MAPF_LNS_SAT_mapf-scen-even_scen-even_room-32-32-4-even-4_scen-agents10-idx10-seed42-1783527357779,0,0,5,0.007331,1,2,42,44,1,3,26,10,0.000000,0.017000,0.085000,0.053000,0.004083,1
_home_max_Documents_PhD_MAPF_LNS_MAPF_LNS_SAT_mapf-map_room-32-32-4_map-_home_max_Documents_PhD_MAPF_LNS_MAPF_LNS_SAT_mapf-scen-even_scen-even_room-32-32-4-even-4_scen-agents10-idx11-seed42-1783527357828,0,0,4,0.005865,1,2,17,19,4,7,144,61,0.000000,0.056000,0.178000,0.147000,0.013646,0
_home_max_Documents_PhD_MAPF_LNS_MAPF_LNS_SAT_mapf-map_room-32-32-4_map-_home_max_Documents_PhD_MAPF_LNS_MAPF_LNS_SAT_mapf-scen-even_scen-even_room-32-32-4-even-4_scen-agents10-idx11-seed42-1783527357828,0,1,9,0.013196,1,2,16,20,5,10,787,208,0.000000,0.242000,0.604000,0.557000,0.033132,0
_home_max_Documents_PhD_MAPF_LNS_MAPF_LNS_SAT_mapf-map_room-32-32-4_map-_home_max_Documents_PhD_MAPF_LNS_MAPF_LNS_SAT_mapf-scen-even_scen-even_room-32-32-4-even-4_scen-agents10-idx11-seed42-1783527357828,0,2,24,0.035191,1,2,14,22,4,10,1531,291,0.000000,0.408000,0.806000,0.739000,0.068734,1
_home_max_Documents_PhD_MAPF_LNS_MAPF_LNS_SAT_mapf-map_room-32-32-4_map-_home_max_Documents_PhD_MAPF_LNS_MAPF_LNS_SAT_mapf-scen-even_scen-even_room-32-32-4-even-5_scen-agents10-idx0-seed42-1783527357878,0,0,5,0.007331,1,2,3,5,4,7,180,69,0.000000,0.133000,0.454000,0.392000,0.029862,0
_home_max_Documents_PhD_MAPF_LNS_MAPF_LNS_SAT_mapf-map_room-32-32-4_map-_home_max_Documents_PhD_MAPF_LNS_MAPF_LNS_SAT_mapf-scen-even_scen-even_room-32-32-4-even-5_scen-agents10-idx0-seed42-1783527357878,0,1,11,0.016129,1,2,2,6,3,6,178,62,0.000000,0.125000,0.343000,0.271000,0.029903,1
_home_max_Documents_PhD_MAPF_LNS_MAPF_LNS_SAT_mapf-map_room-32-32-4_map-_home_max_Documents_PhD_MAPF_LNS_MAPF_LNS_SAT_mapf-scen-even_scen-even_room-32-32-4-even-5_scen-agents10-idx0-seed42-1783527357878,0,0,9,0.013196,1,2,8,10,3,5,92,38,0.000000,0.067000,0.196000,0.149000,0.009471,1
_home_max_Documents_PhD_MAPF_LNS_MAPF_LNS_SAT_mapf-map_room-32-32-4_map-_home_max_Documents_PhD_MAPF_LNS_MAPF_LNS_SAT_mapf-scen-even_scen-even_room-32-32-4-even-5_scen-agents10-idx0-seed42-1783527357878,0,0,4,0.005865,1,2,11,13,1,4,22,9,0.000000,0.015000,0.110000,0.063000,0.004555,1
_home_max_Documents_PhD_MAPF_LNS_MAPF_LNS_SAT_mapf-map_room-32-32-4_map-_home_max_Documents_PhD_MAPF_LNS_MAPF_LNS_SAT_mapf-scen-even_scen-even_room-32-32-4-even-5_scen-agents10-idx0-seed42-1783527357878,0,0,5,0.007331,1,2,18,20,2,3,28,15,0.000000,0.019000,0.074000,0.048000,0.003268,1
_home_max_Documents_PhD_MAPF_LNS_MAPF_LNS_SAT_mapf-map_room-32-32-4_map-_home_max_Documents_PhD_MAPF_LNS_MAPF_LNS_SAT_mapf-scen-even_scen-even_room-32-32-4-even-5_scen-agents10-idx1-seed42-1783527357931,0,0,5,0.007331,1,2,0,2,4,7,179,68,0.000000,0.114000,0.465000,0.393000,0.020966,0
_home_max_Documents_PhD_MAPF_LNS_MAPF_LNS_SAT_mapf-map_room-32-32-4_map-_home_max_Documents_PhD_MAPF_LNS_MAPF_LNS_SAT_mapf-scen-even_scen-even_room-32-32-4-even-5_scen-agents10-idx1-seed42-1783527357931,0,1,9,0.013196,1,2,0,3,5,10,801,200,0.000000,0.323000,1.013000,0.914000,0.050561,0
_home_max_Documents_PhD_MAPF_LNS_MAPF_LNS_SAT_mapf-map_room-32-32-4_map-_home_max_Documents_PhD_MAPF_LNS_MAPF_LNS_SAT_mapf-scen-even_scen-even_room-32-32-4-even-5_scen-agents10-idx1-seed42-1783527357931,0,2,21,0.030792,1,3,0,5,4,10,899,191,0.000000,0.280000,0.823000,0.721000,0.064785,1
_home_max_Documents_PhD_MAPF_LNS_MAPF_LNS_SAT_mapf-map_room-32-32-4_map-_home_max_Documents_PhD_MAPF_LNS_MAPF_LNS_SAT_mapf-scen-even_scen-even_room-32-32-4-even-5_scen-agents10-idx1-seed42-1783527357931,0,0,5,0.007331,1,2,21,23,1,1,24,10,0.000000,0.012000,0.041000,0.032000,0.001438,1
_home_max_Documents_PhD_MAPF_LNS_MAPF_LNS_SAT_mapf-map_room-32-32-4_map-_home_max_Documents_PhD_MAPF_LNS_MAPF_LNS_SAT_mapf-scen-even_scen-even_room-32-32-4-even-5_scen-agents10-idx2-seed42-1783527357981,0,0,9,0.013196,1,2,10,12,3,9,168,50,0.000000,0.101000,0.439000,0.343000,0.047086,1
_home_max_Documents_PhD_MAPF_LNS_MAPF_LNS_SAT_mapf-map_room-32-32-4_map-_home_max_Documents_PhD_MAPF_LNS_MAPF_LNS_SAT_mapf-scen-even_scen-even_room-32-32-4-even-5_scen-agents10-idx2-seed42-1783527357981,0,0,5,0.007331,1,2,19,21,1,2,25,10,0.000000,0.018000,0.079000,0.053000,0.003983,1
_home_max_Documents_PhD_MAPF_LNS_MAPF_LNS_SAT_mapf-map_room-32-32-4_map-_home_max_Documents_PhD_MAPF_LNS_MAPF_LNS_SAT_mapf-scen-even_scen-even_room-32-32-4-even-5_scen-agents10-idx2-seed42-1783527357981,0,0,9,0.013196,1,2,27,29,3,9,168,50,0.000000,0.092000,0.334000,0.246000,0.029236,1
_home_max_Documents_PhD_MAPF_LNS_MAPF_LNS_SAT_mapf-map_room-32-32-4_map-_home_max_Documents_PhD_MAPF_LNS_MAPF_LNS_SAT_mapf-scen-even_scen-even_room-32-32-4-even-5_scen-agents10-idx2-seed42-1783527357981,0,0,5,0.007331,1,2,27,29,1,2,25,10,0.000000,0.015000,0.066000,0.045000,0.003247,1
_home_max_Documents_PhD_MAPF_LNS_MAPF_LNS_SAT_mapf-map_room-32-32-4_map-_home_max_Documents_PhD_MAPF_LNS_MAPF_LNS_SAT_mapf-scen-even_scen-even_room-32-32-4-even-5_scen-agents10-idx2-seed42-1783527357981,0,0,5,0.007331,1,2,36,38,1,2,25,10,0.000000,0.015000,0.058000,0.040000,0.002559,1
_home_max_Documents_PhD_MAPF_LNS_MAPF_LNS_SAT_mapf-map_room-32-32-4_map-_home_max_Documents_PhD_MAPF_LNS_MAPF_LNS_SAT_mapf-scen-even_scen-even_room-32-32-4-even-5_scen-agents10-idx3-seed42-1783527358033,0,0,9,0.013196,1,3,18,20,4,11,322,99,0.000000,0.173000,0.520000,0.397000,0.052622,1
_home_max_Documents_PhD_MAPF_LNS_MAPF_LNS_SAT_mapf-map_room-32-32-4_map-_home_max_Documents_PhD_MAPF_LNS_MAPF_LNS_SAT_mapf-scen-even_scen-even_room-32-32-4-even-5_scen-agents10-idx4-seed42-1783527358083,0,0,5,0.007331,1,3,10,12,1,1,25,11,0.000000,0.015000,0.088000,0.075000,0.010473,1
_home_max_Documents_PhD_MAPF_LNS_MAPF_LNS_SAT_mapf-map_room-32-32-4_map-_home_max_Documents_PhD_MAPF_LNS_MAPF_LNS_SAT_mapf-scen-even_scen-even_room-32-32-4-even-5_scen-agents10-idx4-seed42-1783527358083,0,0,5,0.007331,1,3,12,14,1,1,25,11,0.000000,0.015000,0.048000,0.039000,0.002237,1
_home_max_Documents_PhD_MAPF_LNS_MAPF_LNS_SAT_mapf-map_room-32-32-4_map-_home_max_Documents_PhD_MAPF_LNS_MAPF_LNS_SAT_mapf-scen-even_scen-even_room-32-32-4-even-5_scen-agents10-idx4-seed42-1783527358083,0,0,4,0.005865,1,2,12,14,1,4,22,9,0.000000,0.009000,0.073000,0.043000,0.002912,1
_home_max_Documents_PhD_MAPF_LNS_MAPF_LNS_SAT_mapf-map_room-32-32-4_map-_home_max_Documents_PhD_MAPF_LNS_MAPF_LNS_SAT_mapf-scen-even_scen-even_room-32-32-4-even-5_scen-agents10-idx5-seed42-1783527358134,0,0,5,0.007331,1,2,16,18,2,3,28,15,0.000000,0.017000,0.093000,0.071000,0.010591,1
_home_max_Documents_PhD_MAPF_LNS_MAPF_LNS_SAT_mapf-map_room-32-32-4_map-_home_max_Documents_PhD_MAPF_LNS_MAPF_LNS_SAT_mapf-scen-even_scen-even_room-32-32-4-even-5_scen-agents10-idx5-seed42-1783527358134,0,0,5,0.007331,1,2,22,24,1,1,24,10,0.000000,0.011000,0.035000,0.027000,0.002371,1
_home_max_Documents_PhD_MAPF_LNS_MAPF_LNS_SAT_mapf-map_room-32-32-4_map-_home_max_Documents_PhD_MAPF_LNS_MAPF_LNS_SAT_mapf-scen-even_scen-even_room-32-32-4-even-5_scen-agents10-idx6-seed42-1783527358185,0,0,8,0.011730,3,3,0,4,2,3,64,32,0.000000,0.044000,0.191000,0.149000,0.014807,1
_home_max_Documents_PhD_MAPF_LNS_MAPF_LNS_SAT_mapf-map_room-32-32-4_map-_home_max_Documents_PhD_MAPF_LNS_MAPF_LNS_SAT_mapf-scen-even_scen-even_room-32-32-4-even-5_scen-agents10-idx6-seed42-1783527358185,0,0,7,0.010264,1,2,0,2,1,1,12,7,0.000000,0.009000,0.031000,0.022000,0.002091,1
_home_max_Documents_PhD_MAPF_LNS_MAPF_LNS_SAT_mapf-map_room-32-32-4_map-_home_max_Documents_PhD_MAPF_LNS_MAPF_LNS_SAT_mapf-scen-even_scen-even_room-32-32-4-even-5_scen-agents10-idx6-seed42-1783527358185,0,0,6,0.008798,1,2,0,2,1,1,12,7,0.000000,0.007000,0.029000,0.020000,0.000969,1
_home_max_Documents_PhD_MAPF_LNS_MAPF_LNS_SAT_mapf-map_room-32-32-4_map-_home_max_Documents_PhD_MAPF_LNS_MAPF_LNS_SAT_mapf-scen-even_scen-even_room-32-32-4-even-5_scen-agents10-idx6-seed42-1783527358185,0,0,8,0.011730,1,3,2,4,4,15,258,92,0.000000,0.121000,0.523000,0.385000,0.066116,1
_home_max_Documents_PhD_MAPF_LNS_MAPF_LNS_SAT_mapf-map_room-32-32-4_map-_home_max_Documents_PhD_MAPF_LNS_MAPF_LNS_SAT_mapf-scen-even_scen-even_room-32-32-4-even-5_scen-agents10-idx6-seed42-1783527358185,0,0,5,0.007331,1,2,8,10,1,1,24,10,0.000000,0.010000,0.075000,0.032000,0.002215,1
_home_max_Documents_PhD_MAPF_LNS_MAPF_LNS_SAT_mapf-map_room-32-32-4_map-_home_max_Documents_PhD_MAPF_LNS_MAPF_LNS_SAT_mapf-scen-even_scen-even_room-32-32-4-even-5_scen-agents10-idx6-seed42-1783527358185,0,0,9,0.013196,1,2,21,23,3,7,94,38,0.000000,0.042000,0.153000,0.105000,0.011105,1
_home_max_Documents_PhD_MAPF_LNS_MAPF_LNS_SAT_mapf-map_room-32-32-4_map-_home_max_Documents_PhD_MAPF_LNS_MAPF_LNS_SAT_mapf-scen-even_scen-even_room-32-32-4-even-5_scen-agents10-idx6-seed42-1783527358185,0,0,7,0.010264,1,2,28,30,3,9,134,46,0.000000,0.043000,0.175000,0.126000,0.016076,1
_home_max_Documents_PhD_MAPF_LNS_MAPF_LNS_SAT_mapf-map_room-32-32-4_map-_home_max_Documents_PhD_MAPF_LNS_MAPF_LNS_SAT_mapf-scen-even_scen-even_room-32-32-4-even-5_scen-agents10-idx7-seed42-1783527358236,0,0,14,0.020528,6,4,1,8,2,3,122,59,0.000000,0.100000,0.241000,0.179000,0.020115,1
_home_max_Documents_PhD_MAPF_LNS_MAPF_LNS_SAT_mapf-map_room-32-32-4_map-_home_max_Documents_PhD_MAPF_LNS_MAPF_LNS_SAT_mapf-scen-even_scen-even_room-32-32-4-even-5_scen-agents10-idx8-seed42-1783527358284,0,0,8,0.011730,2,2,1,4,1,1,18,10,0.000000,0.012000,0.071000,0.056000,0.009743,1
_home_max_Documents_PhD_MAPF_LNS_MAPF_LNS_SAT_mapf-map_room-32-32-4_map-_home_max_Documents_PhD_MAPF_LNS_MAPF_LNS_SAT_mapf-scen-even_scen-even_room-32-32-4-even-5_scen-agents10-idx8-seed42-1783527358284,0,0,9,0.013196,1,2,22,24,3,7,94,38,0.000000,0.049000,0.166000,0.115000,0.012154,1
_home_max_Documents_PhD_MAPF_LNS_MAPF_LNS_SAT_mapf-map_room-32-32-4_map-_home_max_Documents_PhD_MAPF_LNS_MAPF_LNS_SAT_mapf-scen-even_scen-even_room-32-32-4-even-5_scen-agents10-idx8-seed42-1783527358284,0,0,5,0.007331,1,2,27,29,3,6,80,34,0.000000,0.032000,0.104000,0.076000,0.007007,0
_home_max_Documents_PhD_MAPF_LNS_MAPF_LNS_SAT_mapf-map_room-32-32-4_map-_home_max_Documents_PhD_MAPF_LNS_MAPF_LNS_SAT_mapf-scen-even_scen-even_room-32-32-4-even-5_scen-agents10-idx8-seed42-1783527358284,0,1,10,0.014663,1,2,26,30,3,7,142,56,0.000000,0.059000,0.166000,0.127000,0.014079,0
_home_max_Documents_PhD_MAPF_LNS_MAPF_LNS_SAT_mapf-map_room-32-32-4_map-_home_max_Documents_PhD_MAPF_LNS_MAPF_LNS_SAT_mapf-scen-even_scen-even_room-32-32-4-even-5_scen-agents10-idx8-seed42-1783527358284,0,2,23,0.033724,1,3,24,32,3,7,294,109,0.000000,0.122000,0.230000,0.183000,0.016991,0
_home_max_Documents_PhD_MAPF_LNS_MAPF_LNS_SAT_mapf-map_room-32-32-4_map-_home_max_Documents_PhD_MAPF_LNS_MAPF_LNS_SAT_mapf-scen-even_scen-even_room-32-32-4-even-5_scen-agents10-idx8-seed42-1783527358284,0,3,49,0.071848,1,4,21,35,3,7,1386,397,0.000000,0.478000,0.794000,0.712000,0.053436,0
_home_max_Documents_PhD_MAPF_LNS_MAPF_LNS_SAT_mapf-map_room-32-32-4_map-_home_max_Documents_PhD_MAPF_LNS_MAPF_LNS_SAT_mapf-scen-even_scen-even_room-32-32-4-even-5_scen-agents10-idx8-seed42-1783527358284,0,4,111,0.162757,1,4,17,39,3,7,2490,717,0.000000,0.839000,1.311000,1.203000,0.094998,0
_home_max_Documents_PhD_MAPF_LNS_MAPF_LNS_SAT_mapf-map_room-32-32-4_map-_home_max_Documents_PhD_MAPF_LNS_MAPF_LNS_SAT_mapf-scen-even_scen-even_room-32-32-4-even-5_scen-agents10-idx8-seed42-1783527358284,0,5,372,0.545455,2,8,12,53,3,7,1688613,22179,0.002000,1159.474000,1921.076000,1912.988000,15.795201,0
_home_max_Documents_PhD_MAPF_LNS_MAPF_LNS_SAT_mapf-map_room-32-32-4_map-_home_max_Documents_PhD_MAPF_LNS_MAPF_LNS_SAT_mapf-scen-even_scen-even_room-32-32-4-even-5_scen-agents10-idx8-seed42-1783527358284,0,6,646,0.947214,3,10,6,53,1,12,3072828,37234,0.000000,4635.622000,2976.009000,2565.206000,51.585010,1
_home_max_Documents_PhD_MAPF_LNS_MAPF_LNS_SAT_mapf-map_room-32-32-4_map-_home_max_Documents_PhD_MAPF_LNS_MAPF_LNS_SAT_mapf-scen-even_scen-even_room-32-32-4-even-5_scen-agents10-idx9-seed42-1783527369261,0,0,4,0.005865,1,2,1,3,2,3,28,15,0.000000,0.012000,0.067000,0.050000,0.008793,1
_home_max_Documents_PhD_MAPF_LNS_MAPF_LNS_SAT_mapf-map_room-32-32-4_map-_home_max_Documents_PhD_MAPF_LNS_MAPF_LNS_SAT_mapf-scen-even_scen-even_room-32-32-4-even-5_scen-agents10-idx9-seed42-1783527369261,0,0,7,0.010264,1,2,6,8,3,7,84,37,0.000000,0.027000,0.113000,0.078000,0.008313,1
_home_max_Documents_PhD_MAPF_LNS_MAPF_LNS_SAT_mapf-map_room-32-32-4_map-_home_max_Documents_PhD_MAPF_LNS_MAPF_LNS_SAT_mapf-scen-even_scen-even_room-32-32-4-even-5_scen-agents10-idx9-seed42-1783527369261,0,0,8,0.011730,1,2,14,16,1,2,13,7,0.000000,0.005000,0.026000,0.015000,0.000997,1
_home_max_Documents_PhD_MAPF_LNS_MAPF_LNS_SAT_mapf-map_room-32-32-4_map-_home_max_Documents_PhD_MAPF_LNS_MAPF_LNS_SAT_mapf-scen-even_scen-even_room-32-32-4-even-5_scen-agents10-idx9-seed42-1783527369261,0,0,4,0.005865,1,2,18,20,3,9,68,31,0.000000,0.019000,0.110000,0.068000,0.013538,1
_home_max_Documents_PhD_MAPF_LNS_MAPF_LNS_SAT_mapf-map_room-32-32-4_map-_home_max_Documents_PhD_MAPF_LNS_MAPF_LNS_SAT_mapf-scen-even_scen-even_room-32-32-4-even-5_scen-agents10-idx10-seed42-1783527369313,0,0,5,0.007331,1,2,7,9,2,3,28,15,0.000000,0.014000,0.082000,0.063000,0.011174,1
_home_max_Documents_PhD_MAPF_LNS_MAPF_LNS_SAT_mapf-map_room-32-32-4_map-_home_max_Documents_PhD_MAPF_LNS_MAPF_LNS_SAT_mapf-scen-even_scen-even_room-32-32-4-even-5_scen-agents10-idx10-seed42-1783527369313,0,0,7,0.010264,1,2,42,44,3,9,134,46,0.000000,0.048000,0.180000,0.130000,0.020437,1
_home_max_Documents_PhD_MAPF_LNS_MAPF_LNS_SAT_mapf-map_room-32-32-4_map-_home_max_Documents_PhD_MAPF_LNS_MAPF_LNS_SAT_mapf-scen-even_scen-even_room-32-32-4-even-5_scen-agents10-idx11-seed42-1783527369365,0,0,15,0.021994,7,2,19,27,2,3,101,46,0.000000,0.059000,0.151000,0.114000,0.012770,1
_home_max_Documents_PhD_MAPF_LNS_MAPF_LNS_SAT_mapf-map_room-32-32-4_map-_home_max_Documents_PhD_MAPF_LNS_MAPF_LNS_SAT_mapf-scen-even_scen-even_room-32-32-4-even-6_scen-agents10-idx0-seed42-1783527369414,0,0,8,0.011730,3,3,1,5,2,3,60,30,0.007000,0.032000,0.117000,0.088000,0.012395,1
_home_max_Documents_PhD_MAPF_LNS_MAPF_LNS_SAT_mapf-map_room-32-32-4_map-_home_max_Documents_PhD_MAPF_LNS_MAPF_LNS_SAT_mapf-scen-even_scen-even_room-32-32-4-even-6_scen-agents10-idx0-seed42-1783527369414,0,0,9,0.013196,3,2,6,10,2,3,52,25,0.000000,0.021000,0.072000,0.050000,0.002669,1
_home_max_Documents_PhD_MAPF_LNS_MAPF_LNS_SAT_mapf-map_room-32-32-4_map-_home_max_Documents_PhD_MAPF_LNS_MAPF_LNS_SAT_mapf-scen-even_scen-even_room-32-32-4-even-6_scen-agents10-idx0-seed42-1783527369414,0,0,5,0.007331,1,2,9,11,1,2,25,10,0.000000,0.010000,0.048000,0.032000,0.003252,1
_home_max_Documents_PhD_MAPF_LNS_MAPF_LNS_SAT_mapf-map_room-32-32-4_map-_home_max_Documents_PhD_MAPF_LNS_MAPF_LNS_SAT_mapf-scen-even_scen-even_room-32-32-4-even-6_scen-agents10-idx0-seed42-1783527369414,0,0,8,0.011730,2,3,10,12,4,7,353,112,0.000000,0.131000,0.262000,0.226000,0.009191,0
_home_max_Documents_PhD_MAPF_LNS_MAPF_LNS_SAT_mapf-map_room-32-32-4_map-_home_max_Documents_PhD_MAPF_LNS_MAPF_LNS_SAT_mapf-scen-even_scen-even_room-32-32-4-even-6_scen-agents10-idx0-seed42-1783527369414,0,1,13,0.019062,2,3,9,13,5,10,1690,350,0.000000,0.534000,0.879000,0.813000,0.029658,0
_home_max_Documents_PhD_MAPF_LNS_MAPF_LNS_SAT_mapf-map_room-32-32-4_map-_home_max_Documents_PhD_MAPF_LNS_MAPF_LNS_SAT_mapf-scen-even_scen-even_room-32-32-4-even-6_scen-agents10-idx0-seed42-1783527369414,0,2,29,0.042522,2,4,7,15,3,9,1301,283,0.000000,0.365000,0.703000,0.612000,0.044921,1
_home_max_Documents_PhD_MAPF_LNS_MAPF_LNS_SAT_mapf-map_room-32-32-4_map-_home_max_Documents_PhD_MAPF_LNS_MAPF_LNS_SAT_mapf-scen-even_scen-even_room-32-32-4-even-6_scen-agents10-idx0-seed42-1783527369414,0,0,9,0.013196,1,2,17,19,6,14,1526,371,0.000000,0.427000,0.856000,0.772000,0.070953,1
_home_max_Documents_PhD_MAPF_LNS_MAPF_LNS_SAT_mapf-map_room-32-32-4_map-_home_max_Documents_PhD_MAPF_LNS_MAPF_LNS_SAT_mapf-scen-even_scen-even_room-32-32-4-even-6_scen-agents10-idx0-seed42-1783527369414,0,0,9,0.013196,2,3,23,26,4,10,711,201,0.000000,0.208000,0.451000,0.388000,0.041054,1
_home_max_Documents_PhD_MAPF_LNS_MAPF_LNS_SAT_mapf-map_room-32-32-4_map-_home_max_Documents_PhD_MAPF_LNS_MAPF_LNS_SAT_mapf-scen-even_scen-even_room-32-32-4-even-6_scen-agents10-idx0-seed42-1783527369414,0,0,5,0.007331,2,3,30,33,1,3,51,18,0.000000,0.017000,0.065000,0.041000,0.003358,1
_home_max_Documents_PhD_MAPF_LNS_MAPF_LNS_SAT_mapf-map_room-32-32-4_map-_home_max_Documents_PhD_MAPF_LNS_MAPF_LNS_SAT_mapf-scen-even_scen-even_room-32-32-4-even-6_scen-agents10-idx0-seed42-1783527369414,0,0,5,0.007331,1,3,34,36,4,7,191,76,0.000000,0.067000,0.137000,0.111000,0.004902,0
_home_max_Documents_PhD_MAPF_LNS_MAPF_LNS_SAT_mapf-map_room-32-32-4_map-_home_max_Documents_PhD_MAPF_LNS_MAPF_LNS_SAT_mapf-scen-even_scen-even_room-32-32-4-even-6_scen-agents10-idx0-seed42-1783527369414,0,1,10,0.014663,1,3,33,37,2,4,75,38,0.000000,0.031000,0.075000,0.050000,0.004541,1
_home_max_Documents_PhD_MAPF_LNS_MAPF_LNS_SAT_mapf-map_room-32-32-4_map-_home_max_Documents_PhD_MAPF_LNS_MAPF_LNS_SAT_mapf-scen-even_scen-even_room-32-32-4-even-6_scen-agents10-idx1-seed42-1783527369466,0,0,5,0.007331,1,2,7,9,2,3,28,15,0.000000,0.024000,0.134000,0.100000,0.013362,1
_home_max_Documents_PhD_MAPF_LNS_MAPF_LNS_SAT_mapf-map_room-32-32-4_map-_home_max_Documents_PhD_MAPF_LNS_MAPF_LNS_SAT_mapf-scen-even_scen-even_room-32-32-4-even-6_scen-agents10-idx1-seed42-1783527369466,0,0,9,0.013196,2,3,36,39,2,6,196,63,0.000000,0.134000,0.363000,0.285000,0.035521,1
_home_max_Documents_PhD_MAPF_LNS_MAPF_LNS_SAT_mapf-map_room-32-32-4_map-_home_max_Documents_PhD_MAPF_LNS_MAPF_LNS_SAT_mapf-scen-even_scen-even_room-32-32-4-even-6_scen-agents10-idx2-seed42-1783527369516,0,0,5,0.007331,1,2,25,27,1,1,24,10,0.000000,0.019000,0.090000,0.076000,0.012980,1
_home_max_Documents_PhD_MAPF_LNS_MAPF_LNS_SAT_mapf-map_room-32-32-4_map-_home_max_Documents_PhD_MAPF_LNS_MAPF_LNS_SAT_mapf-scen-even_scen-even_room-32-32-4-even-6_scen-agents10-idx3-seed42-1783527369566,0,0,7,0.010264,1,2,17,19,3,6,98,40,0.000000,0.052000,0.202000,0.153000,0.021524,1
_home_max_Documents_PhD_MAPF_LNS_MAPF_LNS_SAT_mapf-map_room-32-32-4_map-_home_max_Documents_PhD_MAPF_LNS_MAPF_LNS_SAT_mapf-scen-even_scen-even_room-32-32-4-even-6_scen-agents10-idx3-seed42-1783527369566,0,0,5,0.007331,1,2,22,24,2,3,29,16,0.000000,0.016000,0.054000,0.036000,0.002181,1
_home_max_Documents_PhD_MAPF_LNS_MAPF_LNS_SAT_mapf-map_room-32-32-4_map-_home_max_Documents_PhD_MAPF_LNS_MAPF_LNS_SAT_mapf-scen-even_scen-even_room-32-32-4-even-6_scen-agents10-idx3-seed42-1783527369566,0,0,7,0.010264,1,2,30,32,1,2,18,9,0.000000,0.010000,0.042000,0.027000,0.002858,1
_home_max_Documents_PhD_MAPF_LNS_MAPF_LNS_SAT_mapf-map_room-32-32-4_map-_home_max_Documents_PhD_MAPF_LNS_MAPF_LNS_SAT_mapf-scen-even_scen-even_room-32-32-4-even-6_scen-agents10-idx4-seed42-1783527369618,0,0,5,0.007331,1,2,4,6,1,3,26,10,0.000000,0.008000,0.068000,0.048000,0.007777,1
_home_max_Documents_PhD_MAPF_LNS_MAPF_LNS_SAT_mapf-map_room-32-32-4_map-_home_max_Documents_PhD_MAPF_LNS_MAPF_LNS_SAT_mapf-scen-even_scen-even_room-32-32-4-even-6_scen-agents10-idx4-seed42-1783527369618,0,0,5,0.007331,1,2,6,8,1,1,24,10,0.000000,0.008000,0.025000,0.019000,0.001261,1
_home_max_Documents_PhD_MAPF_LNS_MAPF_LNS_SAT_mapf-map_room-32-32-4_map-_home_max_Documents_PhD_MAPF_LNS_MAPF_LNS_SAT_mapf-scen-even_scen-even_room-32-32-4-even-6_scen-agents10-idx4-seed42-1783527369618,0,0,9,0.013196,1,2,22,24,3,7,166,50,0.000000,0.047000,0.139000,0.110000,0.010435,1
_home_max_Documents_PhD_MAPF_LNS_MAPF_LNS_SAT_mapf-map_room-32-32-4_map-_home_max_Documents_PhD_MAPF_LNS_MAPF_LNS_SAT_mapf-scen-even_scen-even_room-32-32-4-even-6_scen-agents10-idx4-seed42-1783527369618,0,0,5,0.007331,1,2,27,29,1,3,26,10,0.000000,0.009000,0.042000,0.026000,0.002081,1
_home_max_Documents_PhD_MAPF_LNS_MAPF_LNS_SAT_mapf-map_room-32-32-4_map-_home_max_Documents_PhD_MAPF_LNS_MAPF_LNS_SAT_mapf-scen-even_scen-even_room-32-32-4-even-6_scen-agents10-idx4-seed42-1783527369618,0,0,5,0.007331,1,3,37,39,1,1,31,14,0.000000,0.012000,0.027000,0.022000,0.001371,1
_home_max_Documents_PhD_MAPF_LNS_MAPF_LNS_SAT_mapf-map_room-32-32-4_map-_home_max_Documents_PhD_MAPF_LNS_MAPF_LNS_SAT_mapf-scen-even_scen-even_room-32-32-4-even-6_scen-agents10-idx5-seed42-1783527369668,0,0,7,0.010264,1,2,2,4,3,7,83,36,0.000000,0.051000,0.229000,0.163000,0.021701,1
_home_max_Documents_PhD_MAPF_LNS_MAPF_LNS_SAT_mapf-map_room-32-32-4_map-_home_max_Documents_PhD_MAPF_LNS_MAPF_LNS_SAT_mapf-scen-even_scen-even_room-32-32-4-even-6_scen-agents10-idx5-seed42-1783527369668,0,0,5,0.007331,1,3,15,17,1,3,28,11,0.000000,0.016000,0.079000,0.048000,0.003666,1
_home_max_Documents_PhD_MAPF_LNS_MAPF_LNS_SAT_mapf-map_room-32-32-4_map-_home_max_Documents_PhD_MAPF_LNS_MAPF_LNS_SAT_mapf-scen-even_scen-even_room-32-32-4-even-6_scen-agents10-idx5-seed42-1783527369668,0,0,9,0.013196,1,2,23,25,3,7,166,50,0.000000,0.079000,0.222000,0.173000,0.018331,1
_home_max_Documents_PhD_MAPF_LNS_MAPF_LNS_SAT_mapf-map_room-32-32-4_map-_home_max_Documents_PhD_MAPF_LNS_MAPF_LNS_SAT_mapf-scen-even_scen-even_room-32-32-4-even-6_scen-agents10-idx5-seed42-1783527369668,0,0,5,0.007331,1,2,28,30,1,2,25,10,0.000000,0.013000,0.053000,0.035000,0.002541,1
_home_max_Documents_PhD_MAPF_LNS_MAPF_LNS_SAT_mapf-map_room-32-32-4_map-_home_max_Documents_PhD_MAPF_LNS_MAPF_LNS_SAT_mapf-scen-even_scen-even_room-32-32-4-even-6_scen-agents10-idx6-seed42-1783527369719,0,0,9,0.013196,1,2,0,1,3,7,80,31,0.000000,0.036000,0.229000,0.179000,0.015864,0
_home_max_Documents_PhD_MAPF_LNS_MAPF_LNS_SAT_mapf-map_room-32-32-4_map-_home_max_Documents_PhD_MAPF_LNS_MAPF_LNS_SAT_mapf-scen-even_scen-even_room-32-32-4-even-6_scen-agents10-idx6-seed42-1783527369719,0,1,16,0.023460,1,2,0,2,3,7,105,41,0.000000,0.046000,0.235000,0.181000,0.006850,0
_home_max_Documents_PhD_MAPF_LNS_MAPF_LNS_SAT_mapf-map_room-32-32-4_map-_home_max_Documents_PhD_MAPF_LNS_MAPF_LNS_SAT_mapf-scen-even_scen-even_room-32-32-4-even-6_scen-agents10-idx6-seed42-1783527369719,0,2,30,0.043988,1,2,0,4,3,7,211,72,0.000000,0.081000,0.337000,0.289000,0.020036,0
_home_max_Documents_PhD_MAPF_LNS_MAPF_LNS_SAT_mapf-map_room-32-32-4_map-_home_max_Documents_PhD_MAPF_LNS_MAPF_LNS_SAT_mapf-scen-even_scen-even_room-32-32-4-even-6_scen-agents10-idx6-seed42-1783527369719,0,3,62,0.090909,1,4,0,7,3,7,369,130,0.000000,0.147000,0.457000,0.400000,0.018621,0
_home_max_Documents_PhD_MAPF_LNS_MAPF_LNS_SAT_mapf-map_room-32-32-4_map-_home_max_Documents_PhD_MAPF_LNS_MAPF_LNS_SAT_mapf-scen-even_scen-even_room-32-32-4-even-6_scen-agents10-idx6-seed42-1783527369719,0,4,98,0.143695,1,4,0,11,3,6,873,280,0.000000,0.318000,0.629000,0.559000,0.037107,1
_home_max_Documents_PhD_MAPF_LNS_MAPF_LNS_SAT_mapf-map_room-32-32-4_map-_home_max_Documents_PhD_MAPF_LNS_MAPF_LNS_SAT_mapf-scen-even_scen-even_room-32-32-4-even-6_scen-agents10-idx6-seed42-1783527369719,0,0,9,0.013196,1,2,15,17,4,8,353,101,0.000000,0.099000,0.242000,0.206000,0.015956,1
_home_max_Documents_PhD_MAPF_LNS_MAPF_LNS_SAT_mapf-map_room-32-32-4_map-_home_max_Documents_PhD_MAPF_LNS_MAPF_LNS_SAT_mapf-scen-even_scen-even_room-32-32-4-even-6_scen-agents10-idx6-seed42-1783527369719,0,0,4,0.005865,1,2,19,21,1,4,22,9,0.000000,0.007000,0.046000,0.026000,0.001849,1
_home_max_Documents_PhD_MAPF_LNS_MAPF_LNS_SAT_mapf-map_room-32-32-4_map-_home_max_Documents_PhD_MAPF_LNS_MAPF_LNS_SAT_mapf-scen-even_scen-even_room-32-32-4-even-6_scen-agents10-idx6-seed42-1783527369719,0,0,4,0.005865,1,2,28,30,1,2,20,9,0.000000,0.006000,0.028000,0.018000,0.001207,1
_home_max_Documents_PhD_MAPF_LNS_MAPF_LNS_SAT_mapf-map_room-32-32-4_map-_home_max_Documents_PhD_MAPF_LNS_MAPF_LNS_SAT_mapf-scen-even_scen-even_room-32-32-4-even-6_scen-agents10-idx7-seed42-1783527369770,0,0,7,0.010264,1,2,1,3,3,7,83,36,0.000000,0.048000,0.251000,0.185000,0.022272,1
_home_max_Documents_PhD_MAPF_LNS_MAPF_LNS_SAT_mapf-map_room-32-32-4_map-_home_max_Documents_PhD_MAPF_LNS_MAPF_LNS_SAT_mapf-scen-even_scen-even_room-32-32-4-even-6_scen-agents10-idx7-seed42-1783527369770,0,0,5,0.007331,1,2,19,21,2,3,28,15,0.000000,0.017000,0.058000,0.038000,0.002670,1
_home_max_Documents_PhD_MAPF_LNS_MAPF_LNS_SAT_mapf-map_room-32-32-4_map-_home_max_Documents_PhD_MAPF_LNS_MAPF_LNS_SAT_mapf-scen-even_scen-even_room-32-32-4-even-6_scen-agents10-idx7-seed42-1783527369770,0,0,9,0.013196,1,4,25,27,3,7,158,67,0.000000,0.095000,0.241000,0.174000,0.018383,1
_home_max_Documents_PhD_MAPF_LNS_MAPF_LNS_SAT_mapf-map_room-32-32-4_map-_home_max_Documents_PhD_MAPF_LNS_MAPF_LNS_SAT_mapf-scen-even_scen-even_room-32-32-4-even-6_scen-agents10-idx7-seed42-1783527369770,0,0,5,0.007331,1,2,27,29,3,6,108,41,0.000000,0.049000,0.136000,0.102000,0.003496,0
_home_max_Documents_PhD_MAPF_LNS_MAPF_LNS_SAT_mapf-map_room-32-32-4_map-_home_max_Documents_PhD_MAPF_LNS_MAPF_LNS_SAT_mapf-scen-even_scen-even_room-32-32-4-even-6_scen-agents10-idx7-seed42-1783527369770,0,1,10,0.014663,1,2,26,30,1,1,61,23,0.000000,0.028000,0.065000,0.057000,0.003767,1
_home_max_Documents_PhD_MAPF_LNS_MAPF_LNS_SAT_mapf-map_room-32-32-4_map-_home_max_Documents_PhD_MAPF_LNS_MAPF_LNS_SAT_mapf-scen-even_scen-even_room-32-32-4-even-6_scen-agents10-idx7-seed42-1783527369770,0,0,4,0.005865,1,2,36,38,1,2,20,9,0.000000,0.009000,0.039000,0.025000,0.001713,1
_home_max_Documents_PhD_MAPF_LNS_MAPF_LNS_SAT_mapf-map_room-32-32-4_map-_home_max_Documents_PhD_MAPF_LNS_MAPF_LNS_SAT_mapf-scen-even_scen-even_room-32-32-4-even-6_scen-agents10-idx8-seed42-1783527369821,0,0,5,0.007331,1,2,5,7,2,3,28,15,0.000000,0.018000,0.115000,0.086000,0.010802,1
_home_max_Documents_PhD_MAPF_LNS_MAPF_LNS_SAT_mapf-map_room-32-32-4_map-_home_max_Documents_PhD_MAPF_LNS_MAPF_LNS_SAT_mapf-scen-even_scen-even_room-32-32-4-even-6_scen-agents10-idx8-seed42-1783527369821,0,0,5,0.007331,1,2,19,21,1,3,26,10,0.000000,0.014000,0.079000,0.050000,0.004860,1
_home_max_Documents_PhD_MAPF_LNS_MAPF_LNS_SAT_mapf-map_room-32-32-4_map-_home_max_Documents_PhD_MAPF_LNS_MAPF_LNS_SAT_mapf-scen-even_scen-even_room-32-32-4-even-6_scen-agents10-idx9-seed42-1783527369871,0,0,7,0.010264,1,2,11,13,1,2,15,8,0.000000,0.011000,0.079000,0.055000,0.010249,1
_home_max_Documents_PhD_MAPF_LNS_MAPF_LNS_SAT_mapf-map_room-32-32-4_map-_home_max_Documents_PhD_MAPF_LNS_MAPF_LNS_SAT_mapf-scen-even_scen-even_room-32-32-4-even-6_scen-agents10-idx9-seed42-1783527369871,0,0,5,0.007331,1,2,16,18,2,3,28,15,0.000000,0.023000,0.063000,0.042000,0.003180,1
_home_max_Documents_PhD_MAPF_LNS_MAPF_LNS_SAT_mapf-map_room-32-32-4_map-_home_max_Documents_PhD_MAPF_LNS_MAPF_LNS_SAT_mapf-scen-even_scen-even_room-32-32-4-even-6_scen-agents10-idx10-seed42-1783527369920,0,0,7,0.010264,3,2,1,5,2,3,52,25,0.000000,0.024000,0.112000,0.084000,0.009135,1
_home_max_Documents_PhD_MAPF_LNS_MAPF_LNS_SAT_mapf-map_room-32-32-4_map-_home_max_Documents_PhD_MAPF_LNS_MAPF_LNS_SAT_mapf-scen-even_scen-even_room-32-32-4-even-6_scen-agents10-idx10-seed42-1783527369920,0,0,5,0.007331,1,2,4,6,1,2,25,10,0.000000,0.010000,0.056000,0.038000,0.003594,1
_home_max_Documents_PhD_MAPF_LNS_MAPF_LNS_SAT_mapf-map_room-32-32-4_map-_home_max_Documents_PhD_MAPF_LNS_MAPF_LNS_SAT_mapf-scen-even_scen-even_room-32-32-4-even-6_scen-agents10-idx10-seed42-1783527369920,0,0,4,0.005865,1,2,17,19,2,3,28,15,0.000000,0.012000,0.046000,0.031000,0.001952,1
_home_max_Documents_PhD_MAPF_LNS_MAPF_LNS_SAT_mapf-map_room-32-32-4_map-_home_max_Documents_PhD_MAPF_LNS_MAPF_LNS_SAT_mapf-scen-even_scen-even_room-32-32-4-even-6_scen-agents10-idx10-seed42-1783527369920,0,0,9,0.013196,1,3,21,23,3,6,125,49,0.000000,0.056000,0.149000,0.109000,0.008269,1
_home_max_Documents_PhD_MAPF_LNS_MAPF_LNS_SAT_mapf-map_room-32-32-4_map-_home_max_Documents_PhD_MAPF_LNS_MAPF_LNS_SAT_mapf-scen-even_scen-even_room-32-32-4-even-6_scen-agents10-idx10-seed42-1783527369920,0,0,5,0.007331,1,2,36,38,1,2,25,10,0.000000,0.009000,0.039000,0.026000,0.001962,1
_home_max_Documents_PhD_MAPF_LNS_MAPF_LNS_SAT_mapf-map_room-32-32-4_map-_home_max_Documents_PhD_MAPF_LNS_MAPF_LNS_SAT_mapf-scen-even_scen-even_room-32-32-4-even-6_scen-agents10-idx11-seed42-1783527369969,0,0,4,0.005865,1,2,3,5,4,7,144,61,0.000000,0.048000,0.182000,0.148000,0.012312,0
_home_max_Documents_PhD_MAPF_LNS_MAPF_LNS_SAT_mapf-map_room-32-32-4_map-_home_max_Documents_PhD_MAPF_LNS_MAPF_LNS_SAT_mapf-scen-even_scen-even_room-32-32-4-even-6_scen-agents10-idx11-seed42-1783527369969,0,1,9,0.013196,1,2,2,6,3,6,140,56,0.000000,0.044000,0.132000,0.101000,0.013603,1
_home_max_Documents_PhD_MAPF_LNS_MAPF_LNS_SAT_mapf-map_room-32-32-4_map-_home_max_Documents_PhD_MAPF_LNS_MAPF_LNS_SAT_mapf-scen-even_scen-even_room-32-32-4-even-6_scen-agents10-idx11-seed42-1783527369969,0,0,6,0.008798,1,2,17,19,3,7,93,38,0.000000,0.029000,0.111000,0.077000,0.008807,1
_home_max_Documents_PhD_MAPF_LNS_MAPF_LNS_SAT_mapf-map_room-32-32-4_map-_home_max_Documents_PhD_MAPF_LNS_MAPF_LNS_SAT_mapf-scen-even_scen-even_room-32-32-4-even-6_scen-agents10-idx11-seed42-1783527369969,0,0,5,0.007331,1,2,35,37,1,1,24,10,0.000000,0.008000,0.024000,0.019000,0.001186,1
_home_max_Documents_PhD_MAPF_LNS_MAPF_LNS_SAT_mapf-map_room-32-32-4_map-_home_max_Documents_PhD_MAPF_LNS_MAPF_LNS_SAT_mapf-scen-even_scen-even_room-32-32-4-even-7_scen-agents10-idx0-seed42-1783527370022,0,0,9,0.013196,1,2,14,16,4,9,354,101,0.000000,0.102000,0.285000,0.240000,0.036020,1
_home_max_Documents_PhD_MAPF_LNS_MAPF_LNS_SAT_mapf-map_room-32-32-4_map-_home_max_Documents_PhD_MAPF_LNS_MAPF_LNS_SAT_mapf-scen-even_scen-even_room-32-32-4-even-7_scen-agents10-idx1-seed42-1783527370073,0,0,8,0.011730,1,2,10,12,4,8,309,97,0.000000,0.122000,0.341000,0.287000,0.035702,1
_home_max_Documents_PhD_MAPF_LNS_MAPF_LNS_SAT_mapf-map_room-32-32-4_map-_home_max_Documents_PhD_MAPF_LNS_MAPF_LNS_SAT_mapf-scen-even_scen-even_room-32-32-4-even-7_scen-agents10-idx1-seed42-1783527370073,0,0,4,0.005865,1,2,26,28,1,4,22,9,0.000000,0.010000,0.062000,0.035000,0.002835,1
_home_max_Documents_PhD_MAPF_LNS_MAPF_LNS_SAT_mapf-map_room-32-32-4_map-_home_max_Documents_PhD_MAPF_LNS_MAPF_LNS_SAT_mapf-scen-even_scen-even_room-32-32-4-even-7_scen-agents10-idx1-seed42-1783527370073,0,0,4,0.005865,1,2,26,28,4,7,144,61,0.000000,0.056000,0.137000,0.111000,0.006211,0
_home_max_Documents_PhD_MAPF_LNS_MAPF_LNS_SAT_mapf-map_room-32-32-4_map-_home_max_Documents_PhD_MAPF_LNS_MAPF_LNS_SAT_mapf-scen-even_scen-even_room-32-32-4-even-7_scen-agents10-idx1-seed42-1783527370073,0,1,9,0.013196,1,2,25,29,5,10,831,225,0.000000,0.251000,0.515000,0.462000,0.038921,1
_home_max_Documents_PhD_MAPF_LNS_MAPF_LNS_SAT_mapf-map_room-32-32-4_map-_home_max_Documents_PhD_MAPF_LNS_MAPF_LNS_SAT_mapf-scen-even_scen-even_room-32-32-4-even-7_scen-agents10-idx2-seed42-1783527370122,0,0,9,0.013196,1,2,21,23,3,7,123,45,0.000000,0.056000,0.209000,0.161000,0.021200,0
_home_max_Documents_PhD_MAPF_LNS_MAPF_LNS_SAT_mapf-map_room-32-32-4_map-_home_max_Documents_PhD_MAPF_LNS_MAPF_LNS_SAT_mapf-scen-even_scen-even_room-32-32-4-even-7_scen-agents10-idx2-seed42-1783527370122,0,1,16,0.023460,1,2,20,24,3,7,197,69,0.000000,0.081000,0.207000,0.164000,0.018298,0
_home_max_Documents_PhD_MAPF_LNS_MAPF_LNS_SAT_mapf-map_room-32-32-4_map-_home_max_Documents_PhD_MAPF_LNS_MAPF_LNS_SAT_mapf-scen-even_scen-even_room-32-32-4-even-7_scen-agents10-idx2-seed42-1783527370122,0,2,29,0.042522,1,3,18,26,3,7,871,258,0.000000,0.307000,0.593000,0.537000,0.050552,0
_home_max_Documents_PhD_MAPF_LNS_MAPF_LNS_SAT_mapf-map_room-32-32-4_map-_home_max_Documents_PhD_MAPF_LNS_MAPF_LNS_SAT_mapf-scen-even_scen-even_room-32-32-4-even-7_scen-agents10-idx2-seed42-1783527370122,0,3,69,0.101173,1,5,15,29,3,7,15167,1602,0.000000,4.295000,10.556000,10.313000,0.292033,0
_home_max_Documents_PhD_MAPF_LNS_MAPF_LNS_SAT_mapf-map_room-32-32-4_map-_home_max_Documents_PhD_MAPF_LNS_MAPF_LNS_SAT_mapf-scen-even_scen-even_room-32-32-4-even-7_scen-agents10-idx2-seed42-1783527370122,0,4,164,0.240469,1,7,11,33,3,7,177345,5986,0.002000,63.676000,137.229000,136.476000,2.159801,0
_home_max_Documents_PhD_MAPF_LNS_MAPF_LNS_SAT_mapf-map_room-32-32-4_map-_home_max_Documents_PhD_MAPF_LNS_MAPF_LNS_SAT_mapf-scen-even_scen-even_room-32-32-4-even-7_scen-agents10-idx2-seed42-1783527370122,0,5,297,0.435484,1,9,6,38,3,7,1276516,24200,0.003000,1009.199000,1508.806000,1501.582000,14.182450,0
_home_max_Documents_PhD_MAPF_LNS_MAPF_LNS_SAT_mapf-map_room-32-32-4_map-_home_max_Documents_PhD_MAPF_LNS_MAPF_LNS_SAT_mapf-scen-even_scen-even_room-32-32-4-even-7_scen-agents10-idx2-seed42-1783527370122,0,6,435,0.637830,1,9,0,44,3,7,4593558,54126,0.003000,6335.884000,6843.646000,6822.372000,44.578043,0
_home_max_Documents_PhD_MAPF_LNS_MAPF_LNS_SAT_mapf-map_room-32-32-4_map-_home_max_Documents_PhD_MAPF_LNS_MAPF_LNS_SAT_mapf-scen-even_scen-even_room-32-32-4-even-7_scen-agents10-idx2-seed42-1783527370122,0,7,583,0.854839,1,10,0,49,1,5,2981003,29996,0.000000,5476.387000,2706.055000,2321.433000,34.145092,1
_home_max_Documents_PhD_MAPF_LNS_MAPF_LNS_SAT_mapf-map_room-32-32-4_map-_home_max_Documents_PhD_MAPF_LNS_MAPF_LNS_SAT_mapf-scen-even_scen-even_room-32-32-4-even-7_scen-agents10-idx3-seed42-1783527394692,0,0,9,0.013196,1,2,11,13,3,9,168,50,0.000000,0.048000,0.185000,0.142000,0.020678,1
_home_max_Documents_PhD_MAPF_LNS_MAPF_LNS_SAT_mapf-map_room-32-32-4_map-_home_max_Documents_PhD_MAPF_LNS_MAPF_LNS_SAT_mapf-scen-even_scen-even_room-32-32-4-even-7_scen-agents10-idx3-seed42-1783527394692,0,0,5,0.007331,1,2,31,33,1,1,24,10,0.000000,0.008000,0.024000,0.019000,0.001364,1
_home_max_Documents_PhD_MAPF_LNS_MAPF_LNS_SAT_mapf-map_room-32-32-4_map-_home_max_Documents_PhD_MAPF_LNS_MAPF_LNS_SAT_mapf-scen-even_scen-even_room-32-32-4-even-7_scen-agents10-idx4-seed42-1783527394741,0,0,5,0.007331,1,2,12,14,1,3,26,10,0.000000,0.009000,0.080000,0.062000,0.008050,1
_home_max_Documents_PhD_MAPF_LNS_MAPF_LNS_SAT_mapf-map_room-32-32-4_map-_home_max_Documents_PhD_MAPF_LNS_MAPF_LNS_SAT_mapf-scen-even_scen-even_room-32-32-4-even-7_scen-agents10-idx4-seed42-1783527394741,0,0,8,0.011730,2,2,15,18,1,2,20,10,0.000000,0.009000,0.037000,0.024000,0.001341,1
_home_max_Documents_PhD_MAPF_LNS_MAPF_LNS_SAT_mapf-map_room-32-32-4_map-_home_max_Documents_PhD_MAPF_LNS_MAPF_LNS_SAT_mapf-scen-even_scen-even_room-32-32-4-even-7_scen-agents10-idx4-seed42-1783527394741,0,0,14,0.020528,6,2,18,25,2,3,88,40,0.000000,0.031000,0.069000,0.049000,0.002946,1
_home_max_Documents_PhD_MAPF_LNS_MAPF_LNS_SAT_mapf-map_room-32-32-4_map-_home_max_Documents_PhD_MAPF_LNS_MAPF_LNS_SAT_mapf-scen-even_scen-even_room-32-32-4-even-7_scen-agents10-idx4-seed42-1783527394741,0,0,8,0.011730,1,2,19,21,3,5,92,38,0.000000,0.030000,0.085000,0.065000,0.004302,1
_home_max_Documents_PhD_MAPF_LNS_MAPF_LNS_SAT_mapf-map_room-32-32-4_map-_home_max_Documents_PhD_MAPF_LNS_MAPF_LNS_SAT_mapf-scen-even_scen-even_room-32-32-4-even-7_scen-agents10-idx4-seed42-1783527394741,0,0,5,0.007331,1,2,29,31,1,1,24,10,0.000000,0.008000,0.024000,0.019000,0.001269,1
_home_max_Documents_PhD_MAPF_LNS_MAPF_LNS_SAT_mapf-map_room-32-32-4_map-_home_max_Documents_PhD_MAPF_LNS_MAPF_LNS_SAT_mapf-scen-even_scen-even_room-32-32-4-even-7_scen-agents10-idx4-seed42-1783527394741,0,0,5,0.007331,1,2,32,34,1,2,25,10,0.000000,0.008000,0.032000,0.021000,0.001469,1
_home_max_Documents_PhD_MAPF_LNS_MAPF_LNS_SAT_mapf-map_room-32-32-4_map-_home_max_Documents_PhD_MAPF_LNS_MAPF_LNS_SAT_mapf-scen-even_scen-even_room-32-32-4-even-7_scen-agents10-idx4-seed42-1783527394741,0,0,4,0.005865,1,2,38,40,1,2,20,9,0.000000,0.007000,0.031000,0.020000,0.001488,1
_home_max_Documents_PhD_MAPF_LNS_MAPF_LNS_SAT_mapf-map_room-32-32-4_map-_home_max_Documents_PhD_MAPF_LNS_MAPF_LNS_SAT_mapf-scen-even_scen-even_room-32-32-4-even-7_scen-agents10-idx5-seed42-1783527394796,0,0,5,0.007331,1,2,7,9,2,3,28,15,0.000000,0.022000,0.128000,0.097000,0.015688,1
_home_max_Documents_PhD_MAPF_LNS_MAPF_LNS_SAT_mapf-map_room-32-32-4_map-_home_max_Documents_PhD_MAPF_LNS_MAPF_LNS_SAT_mapf-scen-even_scen-even_room-32-32-4-even-7_scen-agents10-idx5-seed42-1783527394796,0,0,4,0.005865,1,2,17,19,1,1,19,9,0.000000,0.016000,0.058000,0.047000,0.003503,1
_home_max_Documents_PhD_MAPF_LNS_MAPF_LNS_SAT_mapf-map_room-32-32-4_map-_home_max_Documents_PhD_MAPF_LNS_MAPF_LNS_SAT_mapf-scen-even_scen-even_room-32-32-4-even-7_scen-agents10-idx5-seed42-1783527394796,0,0,8,0.011730,1,2,23,25,1,2,11,6,0.000000,0.008000,0.036000,0.023000,0.000682,0
_home_max_Documents_PhD_MAPF_LNS_MAPF_LNS_SAT_mapf-map_room-32-32-4_map-_home_max_Documents_PhD_MAPF_LNS_MAPF_LNS_SAT_mapf-scen-even_scen-even_room-32-32-4-even-7_scen-agents10-idx5-seed42-1783527394796,0,1,12,0.017595,1,2,22,26,1,2,19,10,0.000000,0.016000,0.042000,0.027000,0.000636,0
_home_max_Documents_PhD_MAPF_LNS_MAPF_LNS_SAT_mapf-map_room-32-32-4_map-_home_max_Documents_PhD_MAPF_LNS_MAPF_LNS_SAT_mapf-scen-even_scen-even_room-32-32-4-even-7_scen-agents10-idx5-seed42-1783527394796,0,2,23,0.033724,1,2,20,28,1,2,35,18,0.000000,0.028000,0.068000,0.050000,0.000775,0
_home_max_Documents_PhD_MAPF_LNS_MAPF_LNS_SAT_mapf-map_room-32-32-4_map-_home_max_Documents_PhD_MAPF_LNS_MAPF_LNS_SAT_mapf-scen-even_scen-even_room-32-32-4-even-7_scen-agents10-idx5-seed42-1783527394796,0,3,83,0.121701,2,4,17,38,1,2,20840,828,0.000000,8.961000,15.824000,15.706000,0.167705,0
_home_max_Documents_PhD_MAPF_LNS_MAPF_LNS_SAT_mapf-map_room-32-32-4_map-_home_max_Documents_PhD_MAPF_LNS_MAPF_LNS_SAT_mapf-scen-even_scen-even_room-32-32-4-even-7_scen-agents10-idx5-seed42-1783527394796,0,4,171,0.250733,2,6,13,42,1,2,104732,2109,0.000000,37.041000,82.290000,81.301000,0.738814,0
_home_max_Documents_PhD_MAPF_LNS_MAPF_LNS_SAT_mapf-map_room-32-32-4_map-_home_max_Documents_PhD_MAPF_LNS_MAPF_LNS_SAT_mapf-scen-even_scen-even_room-32-32-4-even-7_scen-agents10-idx5-seed42-1783527394796,0,5,300,0.439883,2,9,8,47,1,2,539144,7297,0.000000,414.712000,603.463000,597.485000,3.702665,0
_home_max_Documents_PhD_MAPF_LNS_MAPF_LNS_SAT_mapf-map_room-32-32-4_map-_home_max_Documents_PhD_MAPF_LNS_MAPF_LNS_SAT_mapf-scen-even_scen-even_room-32-32-4-even-7_scen-agents10-idx5-seed42-1783527394796,0,6,544,0.797654,2,10,2,50,1,2,2969209,31639,0.000000,8640.708000,4852.969000,4471.472000,20.367411,0
_home_max_Documents_PhD_MAPF_LNS_MAPF_LNS_SAT_mapf-map_room-32-32-4_map-_home_max_Documents_PhD_MAPF_LNS_MAPF_LNS_SAT_mapf-scen-even_scen-even_room-32-32-4-even-7_scen-agents10-idx5-seed42-1783527394796,0,7,682,1.000000,2,10,0,50,1,6,4033738,38996,0.000000,12031.067000,3374.740000,2876.087000,48.095330,1
_home_max_Documents_PhD_MAPF_LNS_MAPF_LNS_SAT_mapf-map_room-32-32-4_map-_home_max_Documents_PhD_MAPF_LNS_MAPF_LNS_SAT_mapf-scen-even_scen-even_room-32-32-4-even-7_scen-agents10-idx6-seed42-1783527425568,0,0,9,0.013196,1,2,11,13,3,7,121,44,0.000000,0.067000,0.252000,0.187000,0.026545,1
_home_max_Documents_PhD_MAPF_LNS_MAPF_LNS_SAT_mapf-map_room-32-32-4_map-_home_max_Documents_PhD_MAPF_LNS_MAPF_LNS_SAT_mapf-scen-even_scen-even_room-32-32-4-even-7_scen-agents10-idx6-seed42-1783527425568,0,0,8,0.011730,1,2,16,18,3,7,118,42,0.000000,0.055000,0.193000,0.141000,0.013642,1
_home_max_Documents_PhD_MAPF_LNS_MAPF_LNS_SAT_mapf-map_room-32-32-4_map-_home_max_Documents_PhD_MAPF_LNS_MAPF_LNS_SAT_mapf-scen-even_scen-even_room-32-32-4-even-7_scen-agents10-idx6-seed42-1783527425568,0,0,7,0.010264,1,2,17,19,3,7,99,40,0.000000,0.046000,0.164000,0.119000,0.012156,1
_home_max_Documents_PhD_MAPF_LNS_MAPF_LNS_SAT_mapf-map_room-32-32-4_map-_home_max_Documents_PhD_MAPF_LNS_MAPF_LNS_SAT_mapf-scen-even_scen-even_room-32-32-4-even-7_scen-agents10-idx6-seed42-1783527425568,0,0,5,0.007331,1,2,20,22,2,3,28,15,0.000000,0.013000,0.049000,0.031000,0.001903,1
_home_max_Documents_PhD_MAPF_LNS_MAPF_LNS_SAT_mapf-map_room-32-32-4_map-_home_max_Documents_PhD_MAPF_LNS_MAPF_LNS_SAT_mapf-scen-even_scen-even_room-32-32-4-even-7_scen-agents10-idx6-seed42-1783527425568,0,0,7,0.010264,1,2,26,28,3,7,106,41,0.000000,0.042000,0.145000,0.101000,0.009508,1
_home_max_Documents_PhD_MAPF_LNS_MAPF_LNS_SAT_mapf-map_room-32-32-4_map-_home_max_Documents_PhD_MAPF_LNS_MAPF_LNS_SAT_mapf-scen-even_scen-even_room-32-32-4-even-7_scen-agents10-idx6-seed42-1783527425568,0,0,4,0.005865,1,2,28,30,1,4,22,9,0.000000,0.016000,0.060000,0.035000,0.002806,1
_home_max_Documents_PhD_MAPF_LNS_MAPF_LNS_SAT_mapf-map_room-32-32-4_map-_home_max_Documents_PhD_MAPF_LNS_MAPF_LNS_SAT_mapf-scen-even_scen-even_room-32-32-4-even-7_scen-agents10-idx6-seed42-1783527425568,0,0,5,0.007331,1,2,29,31,4,7,179,68,0.000000,0.064000,0.147000,0.121000,0.005798,0
_home_max_Documents_PhD_MAPF_LNS_MAPF_LNS_SAT_mapf-map_room-32-32-4_map-_home_max_Documents_PhD_MAPF_LNS_MAPF_LNS_SAT_mapf-scen-even_scen-even_room-32-32-4-even-7_scen-agents10-idx6-seed42-1783527425568,0,1,9,0.013196,1,3,28,32,2,3,58,30,0.000000,0.027000,0.073000,0.055000,0.004188,1
_home_max_Documents_PhD_MAPF_LNS_MAPF_LNS_SAT_mapf-map_room-32-32-4_map-_home_max_Documents_PhD_MAPF_LNS_MAPF_LNS_SAT_mapf-scen-even_scen-even_room-32-32-4-even-7_scen-agents10-idx7-seed42-1783527425622,0,0,9,0.013196,1,2,18,20,4,9,354,101,0.000000,0.173000,0.429000,0.358000,0.035325,1
_home_max_Documents_PhD_MAPF_LNS_MAPF_LNS_SAT_mapf-map_room-32-32-4_map-_home_max_Documents_PhD_MAPF_LNS_MAPF_LNS_SAT_mapf-scen-even_scen-even_room-32-32-4-even-7_scen-agents10-idx7-seed42-1783527425622,0,0,4,0.005865,1,2,20,22,4,7,144,61,0.000000,0.068000,0.177000,0.144000,0.007079,0
_home_max_Documents_PhD_MAPF_LNS_MAPF_LNS_SAT_mapf-map_room-32-32-4_map-_home_max_Documents_PhD_MAPF_LNS_MAPF_LNS_SAT_mapf-scen-even_scen-even_room-32-32-4-even-7_scen-agents10-idx7-seed42-1783527425622,0,1,8,0.011730,1,3,19,23,1,2,28,15,0.000000,0.016000,0.052000,0.033000,0.002859,1
_home_max_Documents_PhD_MAPF_LNS_MAPF_LNS_SAT_mapf-map_room-32-32-4_map-_home_max_Documents_PhD_MAPF_LNS_MAPF_LNS_SAT_mapf-scen-even_scen-even_room-32-32-4-even-7_scen-agents10-idx7-seed42-1783527425622,0,0,9,0.013196,1,2,33,35,4,8,353,101,0.000000,0.127000,0.292000,0.245000,0.017626,1
_home_max_Documents_PhD_MAPF_LNS_MAPF_LNS_SAT_mapf-map_room-32-32-4_map-_home_max_Documents_PhD_MAPF_LNS_MAPF_LNS_SAT_mapf-scen-even_scen-even_room-32-32-4-even-7_scen-agents10-idx8-seed42-1783527425673,0,0,5,0.007331,1,2,8,10,2,3,28,15,0.000000,0.017000,0.087000,0.065000,0.009719,1
_home_max_Documents_PhD_MAPF_LNS_MAPF_LNS_SAT_mapf-map_room-32-32-4_map-_home_max_Documents_PhD_MAPF_LNS_MAPF_LNS_SAT_mapf-scen-even_scen-even_room-32-32-4-even-7_scen-agents10-idx8-seed42-1783527425673,0,0,9,0.013196,1,3,10,12,4,8,357,105,0.000000,0.154000,0.349000,0.296000,0.032670,1
_home_max_Documents_PhD_MAPF_LNS_MAPF_LNS_SAT_mapf-map_room-32-32-4_map-_home_max_Documents_PhD_MAPF_LNS_MAPF_LNS_SAT_mapf-scen-even_scen-even_room-32-32-4-even-7_scen-agents10-idx9-seed42-1783527425724,0,0,5,0.007331,1,2,5,7,1,1,24,10,0.000000,0.013000,0.065000,0.053000,0.009082,1
_home_max_Documents_PhD_MAPF_LNS_MAPF_LNS_SAT_mapf-map_room-32-32-4_map-_home_max_Documents_PhD_MAPF_LNS_MAPF_LNS_SAT_mapf-scen-even_scen-even_room-32-32-4-even-7_scen-agents10-idx9-seed42-1783527425724,0,0,5,0.007331,1,2,11,13,1,2,25,10,0.000000,0.011000,0.056000,0.037000,0.003040,1
_home_max_Documents_PhD_MAPF_LNS_MAPF_LNS_SAT_mapf-map_room-32-32-4_map-_home_max_Documents_PhD_MAPF_LNS_MAPF_LNS_SAT_mapf-scen-even_scen-even_room-32-32-4-even-7_scen-agents10-idx9-seed42-1783527425724,0,0,5,0.007331,1,2,13,15,2,3,28,15,0.000000,0.014000,0.052000,0.034000,0.002424,1
_home_max_Documents_PhD_MAPF_LNS_MAPF_LNS_SAT_mapf-map_room-32-32-4_map-_home_max_Documents_PhD_MAPF_LNS_MAPF_LNS_SAT_mapf-scen-even_scen-even_room-32-32-4-even-7_scen-agents10-idx9-seed42-1783527425724,0,0,9,0.013196,1,2,22,24,3,7,166,50,0.000000,0.056000,0.175000,0.137000,0.013029,1
_home_max_Documents_PhD_MAPF_LNS_MAPF_LNS_SAT_mapf-map_room-32-32-4_map-_home_max_Documents_PhD_MAPF_LNS_MAPF_LNS_SAT_mapf-scen-even_scen-even_room-32-32-4-even-7_scen-agents10-idx10-seed42-1783527425776,0,0,9,0.013196,1,2,10,12,3,7,166,50,0.000000,0.083000,0.301000,0.238000,0.028496,1
_home_max_Documents_PhD_MAPF_LNS_MAPF_LNS_SAT_mapf-map_room-32-32-4_map-_home_max_Documents_PhD_MAPF_LNS_MAPF_LNS_SAT_mapf-scen-even_scen-even_room-32-32-4-even-7_scen-agents10-idx10-seed42-1783527425776,0,0,9,0.013196,3,3,37,41,1,2,23,11,0.000000,0.019000,0.050000,0.030000,0.000865,0
_home_max_Documents_PhD_MAPF_LNS_MAPF_LNS_SAT_mapf-map_room-32-32-4_map-_home_max_Documents_PhD_MAPF_LNS_MAPF_LNS_SAT_mapf-scen-even_scen-even_room-32-32-4-even-7_scen-agents10-idx10-seed42-1783527425776,0,1,18,0.026393,4,3,36,44,1,2,58,28,0.000000,0.045000,0.077000,0.053000,0.002983,0
_home_max_Documents_PhD_MAPF_LNS_MAPF_LNS_SAT_mapf-map_room-32-32-4_map-_home_max_Documents_PhD_MAPF_LNS_MAPF_LNS_SAT_mapf-scen-even_scen-even_room-32-32-4-even-7_scen-agents10-idx10-seed42-1783527425776,0,2,53,0.077713,6,4,34,49,1,2,304,102,0.000000,0.168000,0.259000,0.220000,0.011727,0
_home_max_Documents_PhD_MAPF_LNS_MAPF_LNS_SAT_mapf-map_room-32-32-4_map-_home_max_Documents_PhD_MAPF_LNS_MAPF_LNS_SAT_mapf-scen-even_scen-even_room-32-32-4-even-7_scen-agents10-idx10-seed42-1783527425776,0,3,91,0.133431,6,4,31,49,1,2,942,182,0.000000,0.390000,0.622000,0.565000,0.019819,0
_home_max_Documents_PhD_MAPF_LNS_MAPF_LNS_SAT_mapf-map_room-32-32-4_map-_home_max_Documents_PhD_MAPF_LNS_MAPF_LNS_SAT_mapf-scen-even_scen-even_room-32-32-4-even-7_scen-agents10-idx10-seed42-1783527425776,0,4,140,0.205279,6,5,27,49,1,2,14779,928,0.000000,5.438000,6.114000,5.958000,0.150321,0
_home_max_Documents_PhD_MAPF_LNS_MAPF_LNS_SAT_mapf-map_room-32-32-4_map-_home_max_Documents_PhD_MAPF_LNS_MAPF_LNS_SAT_mapf-scen-even_scen-even_room-32-32-4-even-7_scen-agents10-idx10-seed42-1783527425776,0,5,203,0.297654,6,6,22,49,1,2,40157,1576,0.000000,16.062000,30.153000,29.767000,0.349925,0
_home_max_Documents_PhD_MAPF_LNS_MAPF_LNS_SAT_mapf-map_room-32-32-4_map-_home_max_Documents_PhD_MAPF_LNS_MAPF_LNS_SAT_mapf-scen-even_scen-even_room-32-32-4-even-7_scen-agents10-idx10-seed42-1783527425776,0,6,310,0.454545,6,7,16,49,1,2,138226,3998,0.000000,76.357000,114.349000,112.985000,1.187734,0
_home_max_Documents_PhD_MAPF_LNS_MAPF_LNS_SAT_mapf-map_room-32-32-4_map-_home_max_Documents_PhD_MAPF_LNS_MAPF_LNS_SAT_mapf-scen-even_scen-even_room-32-32-4-even-7_scen-agents10-idx10-seed42-1783527425776,0,7,446,0.653959,6,9,9,49,1,2,519395,11018,0.000000,328.769000,600.870000,594.876000,3.928233,0
_home_max_Documents_PhD_MAPF_LNS_MAPF_LNS_SAT_mapf-map_room-32-32-4_map-_home_max_Documents_PhD_MAPF_LNS_MAPF_LNS_SAT_mapf-scen-even_scen-even_room-32-32-4-even-7_scen-agents10-idx10-seed42-1783527425776,0,8,621,0.910557,6,10,1,49,1,2,2906383,32282,0.000000,5547.900000,4465.477000,4434.993000,20.162002,0
_home_max_Documents_PhD_MAPF_LNS_MAPF_LNS_SAT_mapf-map_room-32-32-4_map-_home_max_Documents_PhD_MAPF_LNS_MAPF_LNS_SAT_mapf-scen-even_scen-even_room-32-32-4-even-7_scen-agents10-idx10-seed42-1783527425776,0,9,682,1.000000,11,10,0,49,1,2,3673779,36169,0.000000,7941.081000,5710.573000,5258.283000,25.114540,0
_home_max_Documents_PhD_MAPF_LNS_MAPF_LNS_SAT_mapf-map_room-32-32-4_map-_home_max_Documents_PhD_MAPF_LNS_MAPF_LNS_SAT_mapf-scen-even_scen-even_room-32-32-4-even-7_scen-agents10-idx10-seed42-1783527425776,1,0,9,0.013196,1,2,10,12,3,7,166,50,0.000000,0.044000,0.159000,0.125000,0.013113,1
_home_max_Documents_PhD_MAPF_LNS_MAPF_LNS_SAT_mapf-map_room-32-32-4_map-_home_max_Documents_PhD_MAPF_LNS_MAPF_LNS_SAT_mapf-scen-even_scen-even_room-32-32-4-even-7_scen-agents10-idx10-seed42-1783527425776,1,0,9,0.013196,3,3,37,41,2,3,58,28,0.000000,0.024000,0.054000,0.038000,0.001889,1
_home_max_Documents_PhD_MAPF_LNS_MAPF_LNS_SAT_mapf-map_room-32-32-4_map-_home_max_Documents_PhD_MAPF_LNS_MAPF_LNS_SAT_mapf-scen-even_scen-even_room-32-32-4-even-7_scen-agents10-idx11-seed42-1783527451386,0,0,8,0.011730,1,2,22,24,1,1,14,8,0.000000,0.008000,0.058000,0.050000,0.008058,1
_home_max_Documents_PhD_MAPF_LNS_MAPF_LNS_SAT_mapf-map_room-32-32-4_map-_home_max_Documents_PhD_MAPF_LNS_MAPF_LNS_SAT_mapf-scen-even_scen-even_room-32-32-4-even-7_scen-agents10-idx11-seed42-1783527451386,0,0,9,0.013196,1,3,37,39,3,7,230,76,0.000000,0.077000,0.213000,0.170000,0.015140,1
_home_max_Documents_PhD_MAPF_LNS_MAPF_LNS_SAT_mapf-map_room-32-32-4_map-_home_max_Documents_PhD_MAPF_LNS_MAPF_LNS_SAT_mapf-scen-even_scen-even_room-32-32-4-even-8_scen-agents10-idx0-seed42-1783527451439,0,0,9,0.013196,4,2,3,8,2,3,66,32,0.000000,0.039000,0.140000,0.106000,0.014354,1
_home_max_Documents_PhD_MAPF_LNS_MAPF_LNS_SAT_mapf-map_room-32-32-4_map-_home_max_Documents_PhD_MAPF_LNS_MAPF_LNS_SAT_mapf-scen-even_scen-even_room-32-32-4-even-8_scen-agents10-idx0-seed42-1783527451439,0,0,8,0.011730,1,2,33,35,3,7,148,48,0.000000,0.068000,0.217000,0.166000,0.015577,1
_home_max_Documents_PhD_MAPF_LNS_MAPF_LNS_SAT_mapf-map_room-32-32-4_map-_home_max_Documents_PhD_MAPF_LNS_MAPF_LNS_SAT_mapf-scen-even_scen-even_room-32-32-4-even-8_scen-agents10-idx1-seed42-1783527451491,0,0,6,0.008798,1,2,6,8,3,7,93,38,0.000000,0.030000,0.208000,0.174000,0.013059,1
_home_max_Documents_PhD_MAPF_LNS_MAPF_LNS_SAT_mapf-map_room-32-32-4_map-_home_max_Documents_PhD_MAPF_LNS_MAPF_LNS_SAT_mapf-scen-even_scen-even_room-32-32-4-even-8_scen-agents10-idx1-seed42-1783527451491,0,0,7,0.010264,2,3,7,10,4,7,382,139,0.000000,0.123000,0.232000,0.202000,0.011085,0
_home_max_Documents_PhD_MAPF_LNS_MAPF_LNS_SAT_mapf-map_room-32-32-4_map-_home_max_Documents_PhD_MAPF_LNS_MAPF_LNS_SAT_mapf-scen-even_scen-even_room-32-32-4-even-8_scen-agents10-idx1-seed42-1783527451491,0,1,15,0.021994,2,3,6,11,4,13,1302,302,0.000000,0.373000,0.831000,0.704000,0.093456,1
_home_max_Documents_PhD_MAPF_LNS_MAPF_LNS_SAT_mapf-map_room-32-32-4_map-_home_max_Documents_PhD_MAPF_LNS_MAPF_LNS_SAT_mapf-scen-even_scen-even_room-32-32-4-even-8_scen-agents10-idx1-seed42-1783527451491,0,0,5,0.007331,1,2,21,23,1,1,24,10,0.000000,0.009000,0.030000,0.024000,0.001523,1
_home_max_Documents_PhD_MAPF_LNS_MAPF_LNS_SAT_mapf-map_room-32-32-4_map-_home_max_Documents_PhD_MAPF_LNS_MAPF_LNS_SAT_mapf-scen-even_scen-even_room-32-32-4-even-8_scen-agents10-idx2-seed42-1783527451540,0,0,4,0.005865,1,2,11,13,1,2,20,9,0.000000,0.011000,0.071000,0.053000,0.008573,1
_home_max_Documents_PhD_MAPF_LNS_MAPF_LNS_SAT_mapf-map_room-32-32-4_map-_home_max_Documents_PhD_MAPF_LNS_MAPF_LNS_SAT_mapf-scen-even_scen-even_room-32-32-4-even-8_scen-agents10-idx2-seed42-1783527451540,0,0,5,0.007331,1,2,43,45,1,2,25,10,0.000000,0.014000,0.050000,0.034000,0.002598,1
_home_max_Documents_PhD_MAPF_LNS_MAPF_LNS_SAT_mapf-map_room-32-32-4_map-_home_max_Documents_PhD_MAPF_LNS_MAPF_LNS_SAT_mapf-scen-even_scen-even_room-32-32-4-even-8_scen-agents10-idx3-seed42-1783527451592,0,0,5,0.007331,1,3,4,6,1,2,26,11,0.000000,0.018000,0.117000,0.086000,0.012827,1
_home_max_Documents_PhD_MAPF_LNS_MAPF_LNS_SAT_mapf-map_room-32-32-4_map-_home_max_Documents_PhD_MAPF_LNS_MAPF_LNS_SAT_mapf-scen-even_scen-even_room-32-32-4-even-8_scen-agents10-idx3-seed42-1783527451592,0,0,9,0.013196,1,2,23,25,5,12,947,247,0.000000,0.525000,1.172000,1.009000,0.083251,1
_home_max_Documents_PhD_MAPF_LNS_MAPF_LNS_SAT_mapf-map_room-32-32-4_map-_home_max_Documents_PhD_MAPF_LNS_MAPF_LNS_SAT_mapf-scen-even_scen-even_room-32-32-4-even-8_scen-agents10-idx4-seed42-1783527451641,0,0,4,0.005865,1,2,13,15,4,7,144,61,0.000000,0.092000,0.270000,0.221000,0.018699,0
_home_max_Documents_PhD_MAPF_LNS_MAPF_LNS_SAT_mapf-map_room-32-32-4_map-_home_max_Documents_PhD_MAPF_LNS_MAPF_LNS_SAT_mapf-scen-even_scen-even_room-32-32-4-even-8_scen-agents10-idx4-seed42-1783527451641,0,1,8,0.011730,1,2,12,16,5,10,739,211,0.000000,0.434000,0.746000,0.672000,0.053793,0
_home_max_Documents_PhD_MAPF_LNS_MAPF_LNS_SAT_mapf-map_room-32-32-4_map-_home_max_Documents_PhD_MAPF_LNS_MAPF_LNS_SAT_mapf-scen-even_scen-even_room-32-32-4-even-8_scen-agents10-idx4-seed42-1783527451641,0,2,18,0.026393,1,3,10,18,5,13,2359,463,0.000000,0.913000,1.542000,1.403000,0.116385,1
_home_max_Documents_PhD_MAPF_LNS_MAPF_LNS_SAT_mapf-map_room-32-32-4_map-_home_max_Documents_PhD_MAPF_LNS_MAPF_LNS_SAT_mapf-scen-even_scen-even_room-32-32-4-even-8_scen-agents10-idx4-seed42-1783527451641,0,0,4,0.005865,1,2,16,18,4,7,144,61,0.000000,0.047000,0.118000,0.095000,0.005194,0
_home_max_Documents_PhD_MAPF_LNS_MAPF_LNS_SAT_mapf-map_room-32-32-4_map-_home_max_Documents_PhD_MAPF_LNS_MAPF_LNS_SAT_mapf-scen-even_scen-even_room-32-32-4-even-8_scen-agents10-idx4-seed42-1783527451641,0,1,9,0.013196,1,2,15,19,2,3,52,27,0.000000,0.016000,0.055000,0.041000,0.007275,1
_home_max_Documents_PhD_MAPF_LNS_MAPF_LNS_SAT_mapf-map_room-32-32-4_map-_home_max_Documents_PhD_MAPF_LNS_MAPF_LNS_SAT_mapf-scen-even_scen-even_room-32-32-4-even-8_scen-agents10-idx4-seed42-1783527451641,0,0,5,0.007331,1,2,29,31,1,1,24,10,0.000000,0.008000,0.023000,0.018000,0.001327,1
_home_max_Documents_PhD_MAPF_LNS_MAPF_LNS_SAT_mapf-map_room-32-32-4_map-_home_max_Documents_PhD_MAPF_LNS_MAPF_LNS_SAT_mapf-scen-even_scen-even_room-32-32-4-even-8_scen-agents10-idx4-seed42-1783527451641,0,0,4,0.005865,1,2,32,34,2,3,28,15,0.000000,0.010000,0.033000,0.022000,0.001471,1
_home_max_Documents_PhD_MAPF_LNS_MAPF_LNS_SAT_mapf-map_room-32-32-4_map-_home_max_Documents_PhD_MAPF_LNS_MAPF_LNS_SAT_mapf-scen-even_scen-even_room-32-32-4-even-8_scen-agents10-idx4-seed42-1783527451641,0,0,4,0.005865,1,2,43,45,1,2,20,9,0.000000,0.007000,0.030000,0.020000,0.001601,1
_home_max_Documents_PhD_MAPF_LNS_MAPF_LNS_SAT_mapf-map_room-32-32-4_map-_home_max_Documents_PhD_MAPF_LNS_MAPF_LNS_SAT_mapf-scen-even_scen-even_room-32-32-4-even-8_scen-agents10-idx5-seed42-1783527451693,0,0,5,0.007331,1,2,0,2,2,3,28,15,0.000000,0.019000,0.112000,0.083000,0.010071,1
_home_max_Documents_PhD_MAPF_LNS_MAPF_LNS_SAT_mapf-map_room-32-32-4_map-_home_max_Documents_PhD_MAPF_LNS_MAPF_LNS_SAT_mapf-scen-even_scen-even_room-32-32-4-even-8_scen-agents10-idx5-seed42-1783527451693,0,0,9,0.013196,1,2,21,23,5,17,877,237,0.000000,0.373000,0.945000,0.760000,0.124741,1
_home_max_Documents_PhD_MAPF_LNS_MAPF_LNS_SAT_mapf-map_room-32-32-4_map-_home_max_Documents_PhD_MAPF_LNS_MAPF_LNS_SAT_mapf-scen-even_scen-even_room-32-32-4-even-8_scen-agents10-idx6-seed42-1783527451743,0,0,8,0.011730,1,2,13,15,1,1,12,7,0.000000,0.010000,0.052000,0.041000,0.007379,1
_home_max_Documents_PhD_MAPF_LNS_MAPF_LNS_SAT_mapf-map_room-32-32-4_map-_home_max_Documents_PhD_MAPF_LNS_MAPF_LNS_SAT_mapf-scen-even_scen-even_room-32-32-4-even-8_scen-agents10-idx6-seed42-1783527451743,0,0,11,0.016129,2,4,23,26,2,4,155,57,0.000000,0.087000,0.181000,0.147000,0.011297,0
_home_max_Documents_PhD_MAPF_LNS_MAPF_LNS_SAT_mapf-map_room-32-32-4_map-_home_max_Documents_PhD_MAPF_LNS_MAPF_LNS_SAT_mapf-scen-even_scen-even_room-32-32-4-even-8_scen-agents10-idx6-seed42-1783527451743,0,1,19,0.027859,2,4,22,27,2,4,356,104,0.000000,0.158000,0.283000,0.243000,0.015792,0
_home_max_Documents_PhD_MAPF_LNS_MAPF_LNS_SAT_mapf-map_room-32-32-4_map-_home_max_Documents_PhD_MAPF_LNS_MAPF_LNS_SAT_mapf-scen-even_scen-even_room-32-32-4-even-8_scen-agents10-idx6-seed42-1783527451743,0,2,35,0.051320,2,5,20,29,2,4,1380,265,0.000000,0.462000,0.740000,0.697000,0.035766,0
_home_max_Documents_PhD_MAPF_LNS_MAPF_LNS_SAT_mapf-map_room-32-32-4_map-_home_max_Documents_PhD_MAPF_LNS_MAPF_LNS_SAT_mapf-scen-even_scen-even_room-32-32-4-even-8_scen-agents10-idx6-seed42-1783527451743,0,3,64,0.093842,2,6,17,32,2,4,5289,638,0.000000,1.531000,2.242000,2.102000,0.076298,0
_home_max_Documents_PhD_MAPF_LNS_MAPF_LNS_SAT_mapf-map_room-32-32-4_map-_home_max_Documents_PhD_MAPF_LNS_MAPF_LNS_SAT_mapf-scen-even_scen-even_room-32-32-4-even-8_scen-agents10-idx6-seed42-1783527451743,0,4,131,0.192082,2,7,13,36,2,4,29858,1635,0.000000,10.334000,22.144000,21.937000,0.297965,0
_home_max_Documents_PhD_MAPF_LNS_MAPF_LNS_SAT_mapf-map_room-32-32-4_map-_home_max_Documents_PhD_MAPF_LNS_MAPF_LNS_SAT_mapf-scen-even_scen-even_room-32-32-4-even-8_scen-agents10-idx6-seed42-1783527451743,0,5,366,0.536657,3,10,8,43,2,4,202259,6399,0.001000,79.634000,160.964000,159.200000,1.711830,0
_home_max_Documents_PhD_MAPF_LNS_MAPF_LNS_SAT_mapf-map_room-32-32-4_map-_home_max_Documents_PhD_MAPF_LNS_MAPF_LNS_SAT_mapf-scen-even_scen-even_room-32-32-4-even-8_scen-agents10-idx6-seed42-1783527451743,0,6,548,0.803519,3,10,2,49,2,4,2001234,29876,0.002000,1720.692000,2687.455000,2673.716000,15.034993,0
_home_max_Documents_PhD_MAPF_LNS_MAPF_LNS_SAT_mapf-map_room-32-32-4_map-_home_max_Documents_PhD_MAPF_LNS_MAPF_LNS_SAT_mapf-scen-even_scen-even_room-32-32-4-even-8_scen-agents10-idx6-seed42-1783527451743,0,7,682,1.000000,7,10,0,53,1,5,2803980,30382,0.000000,3415.371000,2215.762000,2184.410000,27.782095,1
_home_max_Documents_PhD_MAPF_LNS_MAPF_LNS_SAT_mapf-map_room-32-32-4_map-_home_max_Documents_PhD_MAPF_LNS_MAPF_LNS_SAT_mapf-scen-even_scen-even_room-32-32-4-even-8_scen-agents10-idx7-seed42-1783527462370,0,0,4,0.005865,1,2,1,3,3,7,66,31,0.000000,0.049000,0.366000,0.293000,0.028928,1
_home_max_Documents_PhD_MAPF_LNS_MAPF_LNS_SAT_mapf-map_room-32-32-4_map-_home_max_Documents_PhD_MAPF_LNS_MAPF_LNS_SAT_mapf-scen-even_scen-even_room-32-32-4-even-8_scen-agents10-idx7-seed42-1783527462370,0,0,12,0.017595,4,2,18,23,2,3,74,35,0.000000,0.053000,0.137000,0.103000,0.010253,1
_home_max_Documents_PhD_MAPF_LNS_MAPF_LNS_SAT_mapf-map_room-32-32-4_map-_home_max_Documents_PhD_MAPF_LNS_MAPF_LNS_SAT_mapf-scen-even_scen-even_room-32-32-4-even-8_scen-agents10-idx8-seed42-1783527462418,0,0,9,0.013196,1,2,19,21,5,18,684,196,0.000000,0.452000,1.321000,1.046000,0.190159,1
_home_max_Documents_PhD_MAPF_LNS_MAPF_LNS_SAT_mapf-map_room-32-32-4_map-_home_max_Documents_PhD_MAPF_LNS_MAPF_LNS_SAT_mapf-scen-even_scen-even_room-32-32-4-even-8_scen-agents10-idx8-seed42-1783527462418,0,0,5,0.007331,1,2,23,25,1,2,25,10,0.000000,0.019000,0.078000,0.054000,0.004166,1
_home_max_Documents_PhD_MAPF_LNS_MAPF_LNS_SAT_mapf-map_room-32-32-4_map-_home_max_Documents_PhD_MAPF_LNS_MAPF_LNS_SAT_mapf-scen-even_scen-even_room-32-32-4-even-8_scen-agents10-idx8-seed42-1783527462418,0,0,5,0.007331,1,2,27,29,1,2,25,10,0.000000,0.018000,0.070000,0.047000,0.003081,1
_home_max_Documents_PhD_MAPF_LNS_MAPF_LNS_SAT_mapf-map_room-32-32-4_map-_home_max_Documents_PhD_MAPF_LNS_MAPF_LNS_SAT_mapf-scen-even_scen-even_room-32-32-4-even-8_scen-agents10-idx8-seed42-1783527462418,0,0,9,0.013196,3,3,38,42,2,3,56,27,0.000000,0.049000,0.102000,0.071000,0.004508,1
_home_max_Documents_PhD_MAPF_LNS_MAPF_LNS_SAT_mapf-map_room-32-32-4_map-_home_max_Documents_PhD_MAPF_LNS_MAPF_LNS_SAT_mapf-scen-even_scen-even_room-32-32-4-even-8_scen-agents10-idx8-seed42-1783527462418,0,0,9,0.013196,1,2,46,48,3,8,173,54,0.000000,0.096000,0.268000,0.206000,0.020911,0
_home_max_Documents_PhD_MAPF_LNS_MAPF_LNS_SAT_mapf-map_room-32-32-4_map-_home_max_Documents_PhD_MAPF_LNS_MAPF_LNS_SAT_mapf-scen-even_scen-even_room-32-32-4-even-8_scen-agents10-idx8-seed42-1783527462418,0,1,17,0.024927,1,3,45,49,2,7,212,60,0.000000,0.109000,0.311000,0.237000,0.029943,1
_home_max_Documents_PhD_MAPF_LNS_MAPF_LNS_SAT_mapf-map_room-32-32-4_map-_home_max_Documents_PhD_MAPF_LNS_MAPF_LNS_SAT_mapf-scen-even_scen-even_room-32-32-4-even-8_scen-agents10-idx8-seed42-1783527462418,0,0,9,0.013196,1,2,50,52,2,6,46,20,0.000000,0.025000,0.096000,0.061000,0.004094,0
_home_max_Documents_PhD_MAPF_LNS_MAPF_LNS_SAT_mapf-map_room-32-32-4_map-_home_max_Documents_PhD_MAPF_LNS_MAPF_LNS_SAT_mapf-scen-even_scen-even_room-32-32-4-even-8_scen-agents10-idx8-seed42-1783527462418,0,1,17,0.024927,1,4,49,53,2,7,215,63,0.000000,0.116000,0.276000,0.216000,0.025624,1
_home_max_Documents_PhD_MAPF_LNS_MAPF_LNS_SAT_mapf-map_room-32-32-4_map-_home_max_Documents_PhD_MAPF_LNS_MAPF_LNS_SAT_mapf-scen-even_scen-even_room-32-32-4-even-8_scen-agents10-idx9-seed42-1783527462471,0,0,4,0.005865,1,2,10,12,1,2,20,9,0.000000,0.014000,0.098000,0.074000,0.011182,1
_home_max_Documents_PhD_MAPF_LNS_MAPF_LNS_SAT_mapf-map_room-32-32-4_map-_home_max_Documents_PhD_MAPF_LNS_MAPF_LNS_SAT_mapf-scen-even_scen-even_room-32-32-4-even-8_scen-agents10-idx9-seed42-1783527462471,0,0,9,0.013196,1,2,18,20,3,7,94,38,0.000000,0.053000,0.198000,0.142000,0.013686,1
_home_max_Documents_PhD_MAPF_LNS_MAPF_LNS_SAT_mapf-map_room-32-32-4_map-_home_max_Documents_PhD_MAPF_LNS_MAPF_LNS_SAT_mapf-scen-even_scen-even_room-32-32-4-even-8_scen-agents10-idx10-seed42-1783527462521,0,0,7,0.010264,1,2,3,5,3,5,103,40,0.000000,0.054000,0.194000,0.157000,0.017260,1
_home_max_Documents_PhD_MAPF_LNS_MAPF_LNS_SAT_mapf-map_room-32-32-4_map-_home_max_Documents_PhD_MAPF_LNS_MAPF_LNS_SAT_mapf-scen-even_scen-even_room-32-32-4-even-8_scen-agents10-idx10-seed42-1783527462521,0,0,8,0.011730,3,2,7,11,2,3,54,25,0.000000,0.024000,0.080000,0.055000,0.003414,1
_home_max_Documents_PhD_MAPF_LNS_MAPF_LNS_SAT_mapf-map_room-32-32-4_map-_home_max_Documents_PhD_MAPF_LNS_MAPF_LNS_SAT_mapf-scen-even_scen-even_room-32-32-4-even-8_scen-agents10-idx10-seed42-1783527462521,0,0,9,0.013196,1,2,17,19,3,9,168,50,0.000000,0.065000,0.237000,0.176000,0.023189,1
_home_max_Documents_PhD_MAPF_LNS_MAPF_LNS_SAT_mapf-map_room-32-32-4_map-_home_max_Documents_PhD_MAPF_LNS_MAPF_LNS_SAT_mapf-scen-even_scen-even_room-32-32-4-even-8_scen-agents10-idx10-seed42-1783527462521,0,0,5,0.007331,1,2,41,43,1,3,26,10,0.000000,0.013000,0.062000,0.039000,0.003302,1
_home_max_Documents_PhD_MAPF_LNS_MAPF_LNS_SAT_mapf-map_room-32-32-4_map-_home_max_Documents_PhD_MAPF_LNS_MAPF_LNS_SAT_mapf-scen-even_scen-even_room-32-32-4-even-8_scen-agents10-idx11-seed42-1783527462571,0,0,4,0.005865,1,2,14,16,1,4,22,9,0.000000,0.010000,0.079000,0.052000,0.008555,1
_home_max_Documents_PhD_MAPF_LNS_MAPF_LNS_SAT_mapf-map_room-32-32-4_map-_home_max_Documents_PhD_MAPF_LNS_MAPF_LNS_SAT_mapf-scen-even_scen-even_room-32-32-4-even-8_scen-agents10-idx11-seed42-1783527462571,0,0,9,0.013196,1,3,22,24,3,9,188,70,0.000000,0.081000,0.227000,0.160000,0.023714,1
_home_max_Documents_PhD_MAPF_LNS_MAPF_LNS_SAT_mapf-map_room-32-32-4_map-_home_max_Documents_PhD_MAPF_LNS_MAPF_LNS_SAT_mapf-scen-even_scen-even_room-32-32-4-even-8_scen-agents10-idx12-seed42-1783527462623,0,0,7,0.010264,1,2,0,2,4,14,237,87,0.000000,0.130000,0.676000,0.519000,0.087750,1
_home_max_Documents_PhD_MAPF_LNS_MAPF_LNS_SAT_mapf-map_room-32-32-4_map-_home_max_Documents_PhD_MAPF_LNS_MAPF_LNS_SAT_mapf-scen-even_scen-even_room-32-32-4-even-8_scen-agents10-idx12-seed42-1783527462623,0,0,5,0.007331,1,2,14,16,1,2,25,10,0.000000,0.013000,0.060000,0.040000,0.002996,1
_home_max_Documents_PhD_MAPF_LNS_MAPF_LNS_SAT_mapf-map_room-32-32-4_map-_home_max_Documents_PhD_MAPF_LNS_MAPF_LNS_SAT_mapf-scen-even_scen-even_room-32-32-4-even-8_scen-agents10-idx12-seed42-1783527462623,0,0,5,0.007331,3,3,30,32,2,4,83,34,0.000000,0.052000,0.136000,0.100000,0.006653,1
_home_max_Documents_PhD_MAPF_LNS_MAPF_LNS_SAT_mapf-map_room-32-32-4_map-_home_max_Documents_PhD_MAPF_LNS_MAPF_LNS_SAT_mapf-scen-even_scen-even_room-32-32-4-even-1_scen-agents20-idx0-seed42-1783527462675,0,0,7,0.010264,1,2,1,3,3,7,99,40,0.000000,0.039000,0.179000,0.135000,0.017807,1
_home_max_Documents_PhD_MAPF_LNS_MAPF_LNS_SAT_mapf-map_room-32-32-4_map-_home_max_Documents_PhD_MAPF_LNS_MAPF_LNS_SAT_mapf-scen-even_scen-even_room-32-32-4-even-1_scen-agents20-idx0-seed42-1783527462675,0,0,4,0.005865,1,2,5,7,4,7,151,66,0.000000,0.062000,0.149000,0.118000,0.005623,0
_home_max_Documents_PhD_MAPF_LNS_MAPF_LNS_SAT_mapf-map_room-32-32-4_map-_home_max_Documents_PhD_MAPF_LNS_MAPF_LNS_SAT_mapf-scen-even_scen-even_room-32-32-4-even-1_scen-agents20-idx0-seed42-1783527462675,0,1,9,0.013196,1,3,4,8,1,2,27,14,0.000000,0.011000,0.045000,0.026000,0.001674,1
_home_max_Documents_PhD_MAPF_LNS_MAPF_LNS_SAT_mapf-map_room-32-32-4_map-_home_max_Documents_PhD_MAPF_LNS_MAPF_LNS_SAT_mapf-scen-even_scen-even_room-32-32-4-even-1_scen-agents20-idx0-seed42-1783527462675,0,0,9,0.013196,1,2,7,9,3,6,120,44,0.000000,0.042000,0.118000,0.090000,0.010486,1
_home_max_Documents_PhD_MAPF_LNS_MAPF_LNS_SAT_mapf-map_room-32-32-4_map-_home_max_Documents_PhD_MAPF_LNS_MAPF_LNS_SAT_mapf-scen-even_scen-even_room-32-32-4-even-1_scen-agents20-idx0-seed42-1783527462675,0,0,12,0.017595,4,5,8,11,5,9,3738,776,0.000000,1.015000,2.123000,2.046000,0.044535,0
_home_max_Documents_PhD_MAPF_LNS_MAPF_LNS_SAT_mapf-map_room-32-32-4_map-_home_max_Documents_PhD_MAPF_LNS_MAPF_LNS_SAT_mapf-scen-even_scen-even_room-32-32-4-even-1_scen-agents20-idx0-seed42-1783527462675,0,1,18,0.026393,4,6,7,12,8,16,40646,5217,0.000000,11.805000,32.205000,31.758000,0.595849,0
_home_max_Documents_PhD_MAPF_LNS_MAPF_LNS_SAT_mapf-map_room-32-32-4_map-_home_max_Documents_PhD_MAPF_LNS_MAPF_LNS_SAT_mapf-scen-even_scen-even_room-32-32-4-even-1_scen-agents20-idx0-seed42-1783527462675,0,2,33,0.048387,4,6,5,14,5,19,21758,2356,0.000000,6.027000,13.161000,12.694000,0.790838,1
_home_max_Documents_PhD_MAPF_LNS_MAPF_LNS_SAT_mapf-map_room-32-32-4_map-_home_max_Documents_PhD_MAPF_LNS_MAPF_LNS_SAT_mapf-scen-even_scen-even_room-32-32-4-even-1_scen-agents20-idx0-seed42-1783527462675,0,0,8,0.011730,1,2,11,13,3,7,119,43,0.000000,0.038000,0.127000,0.091000,0.009255,1
_home_max_Documents_PhD_MAPF_LNS_MAPF_LNS_SAT_mapf-map_room-32-32-4_map-_home_max_Documents_PhD_MAPF_LNS_MAPF_LNS_SAT_mapf-scen-even_scen-even_room-32-32-4-even-1_scen-agents20-idx0-seed42-1783527462675,0,0,5,0.007331,1,2,12,14,2,3,28,15,0.000000,0.010000,0.041000,0.025000,0.001995,1
_home_max_Documents_PhD_MAPF_LNS_MAPF_LNS_SAT_mapf-map_room-32-32-4_map-_home_max_Documents_PhD_MAPF_LNS_MAPF_LNS_SAT_mapf-scen-even_scen-even_room-32-32-4-even-1_scen-agents20-idx0-seed42-1783527462675,0,0,8,0.011730,1,2,15,17,4,8,328,99,0.000000,0.100000,0.231000,0.188000,0.015236,1
_home_max_Documents_PhD_MAPF_LNS_MAPF_LNS_SAT_mapf-map_room-32-32-4_map-_home_max_Documents_PhD_MAPF_LNS_MAPF_LNS_SAT_mapf-scen-even_scen-even_room-32-32-4-even-1_scen-agents20-idx0-seed42-1783527462675,0,0,9,0.013196,1,2,17,19,3,7,124,46,0.000000,0.038000,0.120000,0.086000,0.008912,1
_home_max_Documents_PhD_MAPF_LNS_MAPF_LNS_SAT_mapf-map_room-32-32-4_map-_home_max_Documents_PhD_MAPF_LNS_MAPF_LNS_SAT_mapf-scen-even_scen-even_room-32-32-4-even-1_scen-agents20-idx0-seed42-1783527462675,0,0,9,0.013196,1,5,21,23,4,14,303,111,0.000000,0.105000,0.328000,0.230000,0.046035,1
_home_max_Documents_PhD_MAPF_LNS_MAPF_LNS_SAT_mapf-map_room-32-32-4_map-_home_max_Documents_PhD_MAPF_LNS_MAPF_LNS_SAT_mapf-scen-even_scen-even_room-32-32-4-even-1_scen-agents20-idx0-seed42-1783527462675,0,0,7,0.010264,1,3,33,35,4,12,335,105,0.000000,0.114000,0.295000,0.229000,0.034529,1
_home_max_Documents_PhD_MAPF_LNS_MAPF_LNS_SAT_mapf-map_room-32-32-4_map-_home_max_Documents_PhD_MAPF_LNS_MAPF_LNS_SAT_mapf-scen-even_scen-even_room-32-32-4-even-1_scen-agents20-idx0-seed42-1783527462675,0,0,4,0.005865,1,2,46,48,1,2,20,9,0.000000,0.008000,0.032000,0.022000,0.001844,1
_home_max_Documents_PhD_MAPF_LNS_MAPF_LNS_SAT_mapf-map_room-32-32-4_map-_home_max_Documents_PhD_MAPF_LNS_MAPF_LNS_SAT_mapf-scen-even_scen-even_room-32-32-4-even-1_scen-agents20-idx1-seed42-1783527462827,0,0,8,0.011730,1,2,2,4,3,7,118,42,0.000000,0.036000,0.145000,0.111000,0.015445,1
_home_max_Documents_PhD_MAPF_LNS_MAPF_LNS_SAT_mapf-map_room-32-32-4_map-_home_max_Documents_PhD_MAPF_LNS_MAPF_LNS_SAT_mapf-scen-even_scen-even_room-32-32-4-even-1_scen-agents20-idx1-seed42-1783527462827,0,0,5,0.007331,1,4,5,7,3,5,87,42,0.000000,0.032000,0.078000,0.058000,0.002139,0
_home_max_Documents_PhD_MAPF_LNS_MAPF_LNS_SAT_mapf-map_room-32-32-4_map-_home_max_Documents_PhD_MAPF_LNS_MAPF_LNS_SAT_mapf-scen-even_scen-even_room-32-32-4-even-1_scen-agents20-idx1-seed42-1783527462827,0,1,10,0.014663,1,4,4,8,3,6,243,94,0.000000,0.088000,0.184000,0.146000,0.016410,1
_home_max_Documents_PhD_MAPF_LNS_MAPF_LNS_SAT_mapf-map_room-32-32-4_map-_home_max_Documents_PhD_MAPF_LNS_MAPF_LNS_SAT_mapf-scen-even_scen-even_room-32-32-4-even-1_scen-agents20-idx1-seed42-1783527462827,0,0,7,0.010264,1,2,8,10,2,4,33,17,0.000000,0.010000,0.053000,0.034000,0.002955,1
_home_max_Documents_PhD_MAPF_LNS_MAPF_LNS_SAT_mapf-map_room-32-32-4_map-_home_max_Documents_PhD_MAPF_LNS_MAPF_LNS_SAT_mapf-scen-even_scen-even_room-32-32-4-even-1_scen-agents20-idx1-seed42-1783527462827,0,0,9,0.013196,1,2,11,13,3,6,120,44,0.000000,0.036000,0.114000,0.087000,0.006883,1
_home_max_Documents_PhD_MAPF_LNS_MAPF_LNS_SAT_mapf-map_room-32-32-4_map-_home_max_Documents_PhD_MAPF_LNS_MAPF_LNS_SAT_mapf-scen-even_scen-even_room-32-32-4-even-1_scen-agents20-idx1-seed42-1783527462827,0,0,5,0.007331,1,2,15,17,1,2,25,10,0.000000,0.008000,0.037000,0.024000,0.001956,1
_home_max_Documents_PhD_MAPF_LNS_MAPF_LNS_SAT_mapf-map_room-32-32-4_map-_home_max_Documents_PhD_MAPF_LNS_MAPF_LNS_SAT_mapf-scen-even_scen-even_room-32-32-4-even-1_scen-agents20-idx1-seed42-1783527462827,0,0,7,0.010264,1,2,17,19,1,2,15,8,0.000000,0.005000,0.027000,0.016000,0.001259,1
_home_max_Documents_PhD_MAPF_LNS_MAPF_LNS_SAT_mapf-map_room-32-32-4_map-_home_max_Documents_PhD_MAPF_LNS_MAPF_LNS_SAT_mapf-scen-even_scen-even_room-32-32-4-even-1_scen-agents20-idx1-seed42-1783527462827,0,0,8,0.011730,2,5,25,28,4,15,959,275,0.000000,0.312000,0.720000,0.564000,0.094722,1
_home_max_Documents_PhD_MAPF_LNS_MAPF_LNS_SAT_mapf-map_room-32-32-4_map-_home_max_Documents_PhD_MAPF_LNS_MAPF_LNS_SAT_mapf-scen-even_scen-even_room-32-32-4-even-1_scen-agents20-idx1-seed42-1783527462827,0,0,5,0.007331,1,3,33,35,1,6,38,14,0.000000,0.013000,0.080000,0.041000,0.003322,1
_home_max_Documents_PhD_MAPF_LNS_MAPF_LNS_SAT_mapf-map_room-32-32-4_map-_home_max_Documents_PhD_MAPF_LNS_MAPF_LNS_SAT_mapf-scen-even_scen-even_room-32-32-4-even-1_scen-agents20-idx1-seed42-1783527462827,0,0,9,0.013196,1,2,37,39,4,14,284,93,0.000000,0.085000,0.285000,0.212000,0.036601,1
_home_max_Documents_PhD_MAPF_LNS_MAPF_LNS_SAT_mapf-map_room-32-32-4_map-_home_max_Documents_PhD_MAPF_LNS_MAPF_LNS_SAT_mapf-scen-even_scen-even_room-32-32-4-even-1_scen-agents20-idx2-seed42-1783527462876,0,0,12,0.017595,4,3,0,5,2,3,74,37,0.000000,0.031000,0.106000,0.082000,0.010225,1
_home_max_Documents_PhD_MAPF_LNS_MAPF_LNS_SAT_mapf-map_room-32-32-4_map-_home_max_Documents_PhD_MAPF_LNS_MAPF_LNS_SAT_mapf-scen-even_scen-even_room-32-32-4-even-1_scen-agents20-idx2-seed42-1783527462876,0,0,9,0.013196,1,2,2,4,3,7,94,38,0.000000,0.028000,0.114000,0.078000,0.008843,1
_home_max_Documents_PhD_MAPF_LNS_MAPF_LNS_SAT_mapf-map_room-32-32-4_map-_home_max_Documents_PhD_MAPF_LNS_MAPF_LNS_SAT_mapf-scen-even_scen-even_room-32-32-4-even-1_scen-agents20-idx2-seed42-1783527462876,0,0,5,0.007331,1,2,2,4,4,7,179,68,0.000000,0.053000,0.164000,0.138000,0.005726,0
_home_max_Documents_PhD_MAPF_LNS_MAPF_LNS_SAT_mapf-map_room-32-32-4_map-_home_max_Documents_PhD_MAPF_LNS_MAPF_LNS_SAT_mapf-scen-even_scen-even_room-32-32-4-even-1_scen-agents20-idx2-seed42-1783527462876,0,1,9,0.013196,1,2,1,5,5,10,874,228,0.000000,0.257000,0.701000,0.651000,0.042908,0
_home_max_Documents_PhD_MAPF_LNS_MAPF_LNS_SAT_mapf-map_room-32-32-4_map-_home_max_Documents_PhD_MAPF_LNS_MAPF_LNS_SAT_mapf-scen-even_scen-even_room-32-32-4-even-1_scen-agents20-idx2-seed42-1783527462876,0,2,21,0.030792,1,2,0,7,4,9,1111,237,0.000000,0.322000,0.760000,0.697000,0.046415,1
_home_max_Documents_PhD_MAPF_LNS_MAPF_LNS_SAT_mapf-map_room-32-32-4_map-_home_max_Documents_PhD_MAPF_LNS_MAPF_LNS_SAT_mapf-scen-even_scen-even_room-32-32-4-even-1_scen-agents20-idx2-seed42-1783527462876,0,0,5,0.007331,1,2,3,5,1,1,24,10,0.000000,0.007000,0.026000,0.020000,0.001399,1
_home_max_Documents_PhD_MAPF_LNS_MAPF_LNS_SAT_mapf-map_room-32-32-4_map-_home_max_Documents_PhD_MAPF_LNS_MAPF_LNS_SAT_mapf-scen-even_scen-even_room-32-32-4-even-1_scen-agents20-idx2-seed42-1783527462876,0,0,5,0.007331,1,3,5,7,4,7,193,77,0.000000,0.064000,0.145000,0.118000,0.005992,0
_home_max_Documents_PhD_MAPF_LNS_MAPF_LNS_SAT_mapf-map_room-32-32-4_map-_home_max_Documents_PhD_MAPF_LNS_MAPF_LNS_SAT_mapf-scen-even_scen-even_room-32-32-4-even-1_scen-agents20-idx2-seed42-1783527462876,0,1,11,0.016129,1,3,4,8,3,7,175,70,0.000000,0.054000,0.164000,0.117000,0.015641,1
_home_max_Documents_PhD_MAPF_LNS_MAPF_LNS_SAT_mapf-map_room-32-32-4_map-_home_max_Documents_PhD_MAPF_LNS_MAPF_LNS_SAT_mapf-scen-even_scen-even_room-32-32-4-even-1_scen-agents20-idx2-seed42-1783527462876,0,0,9,0.013196,1,2,9,11,4,8,356,103,0.000000,0.105000,0.241000,0.203000,0.015670,1
_home_max_Documents_PhD_MAPF_LNS_MAPF_LNS_SAT_mapf-map_room-32-32-4_map-_home_max_Documents_PhD_MAPF_LNS_MAPF_LNS_SAT_mapf-scen-even_scen-even_room-32-32-4-even-1_scen-agents20-idx2-seed42-1783527462876,0,0,5,0.007331,1,2,11,13,4,7,179,68,0.000000,0.057000,0.132000,0.111000,0.005090,0
_home_max_Documents_PhD_MAPF_LNS_MAPF_LNS_SAT_mapf-map_room-32-32-4_map-_home_max_Documents_PhD_MAPF_LNS_MAPF_LNS_SAT_mapf-scen-even_scen-even_room-32-32-4-even-1_scen-agents20-idx2-seed42-1783527462876,0,1,10,0.014663,1,2,10,14,5,10,1015,242,0.000000,0.289000,0.557000,0.511000,0.036604,0
_home_max_Documents_PhD_MAPF_LNS_MAPF_LNS_SAT_mapf-map_room-32-32-4_map-_home_max_Documents_PhD_MAPF_LNS_MAPF_LNS_SAT_mapf-scen-even_scen-even_room-32-32-4-even-1_scen-agents20-idx2-seed42-1783527462876,0,2,23,0.033724,1,4,8,16,3,9,929,226,0.000000,0.285000,0.560000,0.485000,0.058704,1
_home_max_Documents_PhD_MAPF_LNS_MAPF_LNS_SAT_mapf-map_room-32-32-4_map-_home_max_Documents_PhD_MAPF_LNS_MAPF_LNS_SAT_mapf-scen-even_scen-even_room-32-32-4-even-1_scen-agents20-idx2-seed42-1783527462876,0,0,7,0.010264,1,3,13,15,5,25,696,217,0.000000,0.218000,0.784000,0.556000,0.167146,1
_home_max_Documents_PhD_MAPF_LNS_MAPF_LNS_SAT_mapf-map_room-32-32-4_map-_home_max_Documents_PhD_MAPF_LNS_MAPF_LNS_SAT_mapf-scen-even_scen-even_room-32-32-4-even-1_scen-agents20-idx2-seed42-1783527462876,0,0,5,0.007331,1,2,14,16,1,2,25,10,0.000000,0.009000,0.038000,0.025000,0.002093,1
_home_max_Documents_PhD_MAPF_LNS_MAPF_LNS_SAT_mapf-map_room-32-32-4_map-_home_max_Documents_PhD_MAPF_LNS_MAPF_LNS_SAT_mapf-scen-even_scen-even_room-32-32-4-even-1_scen-agents20-idx2-seed42-1783527462876,0,0,9,0.013196,2,3,19,22,4,9,542,169,0.000000,0.182000,0.364000,0.303000,0.027245,1
_home_max_Documents_PhD_MAPF_LNS_MAPF_LNS_SAT_mapf-map_room-32-32-4_map-_home_max_Documents_PhD_MAPF_LNS_MAPF_LNS_SAT_mapf-scen-even_scen-even_room-32-32-4-even-1_scen-agents20-idx2-seed42-1783527462876,0,0,9,0.013196,1,3,24,26,3,7,124,47,0.000000,0.043000,0.129000,0.090000,0.009018,1
_home_max_Documents_PhD_MAPF_LNS_MAPF_LNS_SAT_mapf-map_room-32-32-4_map-_home_max_Documents_PhD_MAPF_LNS_MAPF_LNS_SAT_mapf-scen-even_scen-even_room-32-32-4-even-1_scen-agents20-idx2-seed42-1783527462876,0,0,5,0.007331,1,2,26,28,1,2,25,10,0.000000,0.007000,0.033000,0.022000,0.001832,1
_home_max_Documents_PhD_MAPF_LNS_MAPF_LNS_SAT_mapf-map_room-32-32-4_map-_home_max_Documents_PhD_MAPF_LNS_MAPF_LNS_SAT_mapf-scen-even_scen-even_room-32-32-4-even-1_scen-agents20-idx2-seed42-1783527462876,0,0,9,0.013196,1,2,28,30,2,4,31,16,0.000000,0.011000,0.040000,0.026000,0.001245,0
_home_max_Documents_PhD_MAPF_LNS_MAPF_LNS_SAT_mapf-map_room-32-32-4_map-_home_max_Documents_PhD_MAPF_LNS_MAPF_LNS_SAT_mapf-scen-even_scen-even_room-32-32-4-even-1_scen-agents20-idx2-seed42-1783527462876,0,1,16,0.023460,1,3,27,31,2,4,55,30,0.000000,0.026000,0.056000,0.036000,0.001514,0
_home_max_Documents_PhD_MAPF_LNS_MAPF_LNS_SAT_mapf-map_room-32-32-4_map-_home_max_Documents_PhD_MAPF_LNS_MAPF_LNS_SAT_mapf-scen-even_scen-even_room-32-32-4-even-1_scen-agents20-idx2-seed42-1783527462876,0,2,30,0.043988,1,7,25,33,2,5,244,107,0.000000,0.120000,0.178000,0.134000,0.008356,0
_home_max_Documents_PhD_MAPF_LNS_MAPF_LNS_SAT_mapf-map_room-32-32-4_map-_home_max_Documents_PhD_MAPF_LNS_MAPF_LNS_SAT_mapf-scen-even_scen-even_room-32-32-4-even-1_scen-agents20-idx2-seed42-1783527462876,0,3,76,0.111437,1,8,22,36,2,6,2882,586,0.000000,0.892000,1.451000,1.307000,0.108803,1
_home_max_Documents_PhD_MAPF_LNS_MAPF_LNS_SAT_mapf-map_room-32-32-4_map-_home_max_Documents_PhD_MAPF_LNS_MAPF_LNS_SAT_mapf-scen-even_scen-even_room-32-32-4-even-1_scen-agents20-idx2-seed42-1783527462876,0,0,5,0.007331,1,2,30,32,1,1,24,10,0.000000,0.009000,0.029000,0.023000,0.002046,1
_home_max_Documents_PhD_MAPF_LNS_MAPF_LNS_SAT_mapf-map_room-32-32-4_map-_home_max_Documents_PhD_MAPF_LNS_MAPF_LNS_SAT_mapf-scen-even_scen-even_room-32-32-4-even-1_scen-agents20-idx3-seed42-1783527462924,0,0,5,0.007331,1,2,3,5,2,3,28,15,0.000000,0.018000,0.215000,0.183000,0.012526,1
_home_max_Documents_PhD_MAPF_LNS_MAPF_LNS_SAT_mapf-map_room-32-32-4_map-_home_max_Documents_PhD_MAPF_LNS_MAPF_LNS_SAT_mapf-scen-even_scen-even_room-32-32-4-even-1_scen-agents20-idx3-seed42-1783527462924,0,0,9,0.013196,3,2,5,9,2,3,54,25,0.000000,0.023000,0.083000,0.057000,0.003186,1
_home_max_Documents_PhD_MAPF_LNS_MAPF_LNS_SAT_mapf-map_room-32-32-4_map-_home_max_Documents_PhD_MAPF_LNS_MAPF_LNS_SAT_mapf-scen-even_scen-even_room-32-32-4-even-1_scen-agents20-idx3-seed42-1783527462924,0,0,7,0.010264,4,5,9,13,3,5,262,106,0.000000,0.138000,0.232000,0.194000,0.009322,0
_home_max_Documents_PhD_MAPF_LNS_MAPF_LNS_SAT_mapf-map_room-32-32-4_map-_home_max_Documents_PhD_MAPF_LNS_MAPF_LNS_SAT_mapf-scen-even_scen-even_room-32-32-4-even-1_scen-agents20-idx3-seed42-1783527462924,0,1,14,0.020528,4,5,8,14,4,10,1600,392,0.000000,0.577000,0.983000,0.867000,0.075832,1
_home_max_Documents_PhD_MAPF_LNS_MAPF_LNS_SAT_mapf-map_room-32-32-4_map-_home_max_Documents_PhD_MAPF_LNS_MAPF_LNS_SAT_mapf-scen-even_scen-even_room-32-32-4-even-1_scen-agents20-idx3-seed42-1783527462924,0,0,5,0.007331,1,2,18,20,4,7,179,68,0.000000,0.059000,0.140000,0.115000,0.005302,0
_home_max_Documents_PhD_MAPF_LNS_MAPF_LNS_SAT_mapf-map_room-32-32-4_map-_home_max_Documents_PhD_MAPF_LNS_MAPF_LNS_SAT_mapf-scen-even_scen-even_room-32-32-4-even-1_scen-agents20-idx3-seed42-1783527462924,0,1,10,0.014663,1,2,17,21,5,10,939,229,0.000000,0.273000,0.518000,0.475000,0.034567,0
_home_max_Documents_PhD_MAPF_LNS_MAPF_LNS_SAT_mapf-map_room-32-32-4_map-_home_max_Documents_PhD_MAPF_LNS_MAPF_LNS_SAT_mapf-scen-even_scen-even_room-32-32-4-even-1_scen-agents20-idx3-seed42-1783527462924,0,2,24,0.035191,1,2,15,23,4,10,1198,261,0.000000,0.374000,0.665000,0.599000,0.071504,1
_home_max_Documents_PhD_MAPF_LNS_MAPF_LNS_SAT_mapf-map_room-32-32-4_map-_home_max_Documents_PhD_MAPF_LNS_MAPF_LNS_SAT_mapf-scen-even_scen-even_room-32-32-4-even-1_scen-agents20-idx3-seed42-1783527462924,0,0,5,0.007331,2,3,26,29,3,10,222,74,0.000000,0.072000,0.193000,0.144000,0.008127,0
_home_max_Documents_PhD_MAPF_LNS_MAPF_LNS_SAT_mapf-map_room-32-32-4_map-_home_max_Documents_PhD_MAPF_LNS_MAPF_LNS_SAT_mapf-scen-even_scen-even_room-32-32-4-even-1_scen-agents20-idx3-seed42-1783527462924,0,1,9,0.013196,2,3,25,30,1,1,163,48,0.000000,0.057000,0.098000,0.089000,0.005472,1
_home_max_Documents_PhD_MAPF_LNS_MAPF_LNS_SAT_mapf-map_room-32-32-4_map-_home_max_Documents_PhD_MAPF_LNS_MAPF_LNS_SAT_mapf-scen-even_scen-even_room-32-32-4-even-1_scen-agents20-idx3-seed42-1783527462924,0,0,5,0.007331,1,2,26,28,4,7,180,69,0.000000,0.059000,0.135000,0.111000,0.005302,0
_home_max_Documents_PhD_MAPF_LNS_MAPF_LNS_SAT_mapf-map_room-32-32-4_map-_home_max_Documents_PhD_MAPF_LNS_MAPF_LNS_SAT_mapf-scen-even_scen-even_room-32-32-4-even-1_scen-agents20-idx3-seed42-1783527462924,0,1,10,0.014663,1,2,25,29,3,6,155,59,0.000000,0.050000,0.129000,0.101000,0.012100,1
_home_max_Documents_PhD_MAPF_LNS_MAPF_LNS_SAT_mapf-map_room-32-32-4_map-_home_max_Documents_PhD_MAPF_LNS_MAPF_LNS_SAT_mapf-scen-even_scen-even_room-32-32-4-even-1_scen-agents20-idx3-seed42-1783527462924,0,0,8,0.011730,1,3,29,31,3,5,96,45,0.000000,0.039000,0.088000,0.065000,0.003849,1
_home_max_Documents_PhD_MAPF_LNS_MAPF_LNS_SAT_mapf-map_room-32-32-4_map-_home_max_Documents_PhD_MAPF_LNS_MAPF_LNS_SAT_mapf-scen-even_scen-even_room-32-32-4-even-1_scen-agents20-idx3-seed42-1783527462924,0,0,12,0.017595,4,3,39,44,2,4,243,84,0.000000,0.086000,0.182000,0.150000,0.013732,1
_home_max_Documents_PhD_MAPF_LNS_MAPF_LNS_SAT_mapf-map_room-32-32-4_map-_home_max_Documents_PhD_MAPF_LNS_MAPF_LNS_SAT_mapf-scen-even_scen-even_room-32-32-4-even-1_scen-agents20-idx4-seed42-1783527462975,0,0,7,0.010264,1,2,4,6,3,7,83,36,0.000000,0.027000,0.128000,0.093000,0.014329,1
_home_max_Documents_PhD_MAPF_LNS_MAPF_LNS_SAT_mapf-map_room-32-32-4_map-_home_max_Documents_PhD_MAPF_LNS_MAPF_LNS_SAT_mapf-scen-even_scen-even_room-32-32-4-even-1_scen-agents20-idx4-seed42-1783527462975,0,0,7,0.010264,1,3,12,14,4,14,228,87,0.000000,0.079000,0.257000,0.178000,0.032095,1
_home_max_Documents_PhD_MAPF_LNS_MAPF_LNS_SAT_mapf-map_room-32-32-4_map-_home_max_Documents_PhD_MAPF_LNS_MAPF_LNS_SAT_mapf-scen-even_scen-even_room-32-32-4-even-1_scen-agents20-idx4-seed42-1783527462975,0,0,9,0.013196,3,2,15,19,2,3,52,25,0.000000,0.017000,0.055000,0.038000,0.002316,1
_home_max_Documents_PhD_MAPF_LNS_MAPF_LNS_SAT_mapf-map_room-32-32-4_map-_home_max_Documents_PhD_MAPF_LNS_MAPF_LNS_SAT_mapf-scen-even_scen-even_room-32-32-4-even-1_scen-agents20-idx4-seed42-1783527462975,0,0,9,0.013196,1,2,19,21,4,13,291,98,0.000000,0.091000,0.295000,0.221000,0.038120,1
_home_max_Documents_PhD_MAPF_LNS_MAPF_LNS_SAT_mapf-map_room-32-32-4_map-_home_max_Documents_PhD_MAPF_LNS_MAPF_LNS_SAT_mapf-scen-even_scen-even_room-32-32-4-even-1_scen-agents20-idx4-seed42-1783527462975,0,0,9,0.013196,1,3,24,26,3,7,97,41,0.000000,0.036000,0.112000,0.077000,0.007428,1
_home_max_Documents_PhD_MAPF_LNS_MAPF_LNS_SAT_mapf-map_room-32-32-4_map-_home_max_Documents_PhD_MAPF_LNS_MAPF_LNS_SAT_mapf-scen-even_scen-even_room-32-32-4-even-1_scen-agents20-idx4-seed42-1783527462975,0,0,7,0.010264,1,3,33,35,3,9,137,49,0.000000,0.046000,0.156000,0.109000,0.011909,1
_home_max_Documents_PhD_MAPF_LNS_MAPF_LNS_SAT_mapf-map_room-32-32-4_map-_home_max_Documents_PhD_MAPF_LNS_MAPF_LNS_SAT_mapf-scen-even_scen-even_room-32-32-4-even-1_scen-agents20-idx4-seed42-1783527462975,0,0,7,0.010264,1,2,40,42,3,9,134,46,0.000000,0.046000,0.144000,0.102000,0.010696,1
_home_max_Documents_PhD_MAPF_LNS_MAPF_LNS_SAT_mapf-map_room-32-32-4_map-_home_max_Documents_PhD_MAPF_LNS_MAPF_LNS_SAT_mapf-scen-even_scen-even_room-32-32-4-even-1_scen-agents20-idx4-seed42-1783527462975,0,0,8,0.011730,1,2,41,43,3,7,148,48,0.000000,0.045000,0.135000,0.104000,0.009445,1
_home_max_Documents_PhD_MAPF_LNS_MAPF_LNS_SAT_mapf-map_room-32-32-4_map-_home_max_Documents_PhD_MAPF_LNS_MAPF_LNS_SAT_mapf-scen-even_scen-even_room-32-32-4-even-1_scen-agents20-idx4-seed42-1783527462975,0,0,5,0.007331,1,2,44,46,1,3,26,10,0.000000,0.009000,0.045000,0.027000,0.002275,1
_home_max_Documents_PhD_MAPF_LNS_MAPF_LNS_SAT_mapf-map_room-32-32-4_map-_home_max_Documents_PhD_MAPF_LNS_MAPF_LNS_SAT_mapf-scen-even_scen-even_room-32-32-4-even-1_scen-agents20-idx5-seed42-1783527463025,0,0,8,0.011730,3,3,1,5,2,4,156,59,0.000000,0.053000,0.192000,0.159000,0.014055,1
_home_max_Documents_PhD_MAPF_LNS_MAPF_LNS_SAT_mapf-map_room-32-32-4_map-_home_max_Documents_PhD_MAPF_LNS_MAPF_LNS_SAT_mapf-scen-even_scen-even_room-32-32-4-even-1_scen-agents20-idx5-seed42-1783527463025,0,0,7,0.010264,1,2,1,3,4,8,258,87,0.000000,0.073000,0.259000,0.217000,0.021321,1
_home_max_Documents_PhD_MAPF_LNS_MAPF_LNS_SAT_mapf-map_room-32-32-4_map-_home_max_Documents_PhD_MAPF_LNS_MAPF_LNS_SAT_mapf-scen-even_scen-even_room-32-32-4-even-1_scen-agents20-idx5-seed42-1783527463025,0,0,7,0.010264,3,3,14,18,2,3,63,31,0.000000,0.022000,0.059000,0.041000,0.002364,1
_home_max_Documents_PhD_MAPF_LNS_MAPF_LNS_SAT_mapf-map_room-32-32-4_map-_home_max_Documents_PhD_MAPF_LNS_MAPF_LNS_SAT_mapf-scen-even_scen-even_room-32-32-4-even-1_scen-agents20-idx5-seed42-1783527463025,0,0,9,0.013196,1,2,17,19,3,5,93,39,0.000000,0.031000,0.087000,0.067000,0.004118,1
_home_max_Documents_PhD_MAPF_LNS_MAPF_LNS_SAT_mapf-map_room-32-32-4_map-_home_max_Documents_PhD_MAPF_LNS_MAPF_LNS_SAT_mapf-scen-even_scen-even_room-32-32-4-even-1_scen-agents20-idx5-seed42-1783527463025,0,0,7,0.010264,1,2,17,19,1,1,14,8,0.000000,0.006000,0.019000,0.014000,0.000825,1
_home_max_Documents_PhD_MAPF_LNS_MAPF_LNS_SAT_mapf-map_room-32-32-4_map-_home_max_Documents_PhD_MAPF_LNS_MAPF_LNS_SAT_mapf-scen-even_scen-even_room-32-32-4-even-1_scen-agents20-idx5-seed42-1783527463025,0,0,8,0.011730,1,4,20,22,1,2,19,11,0.000000,0.009000,0.031000,0.018000,0.000828,1
_home_max_Documents_PhD_MAPF_LNS_MAPF_LNS_SAT_mapf-map_room-32-32-4_map-_home_max_Documents_PhD_MAPF_LNS_MAPF_LNS_SAT_mapf-scen-even_scen-even_room-32-32-4-even-1_scen-agents20-idx5-seed42-1783527463025,0,0,5,0.007331,1,2,20,22,4,7,179,68,0.000000,0.059000,0.143000,0.118000,0.005129,0
_home_max_Documents_PhD_MAPF_LNS_MAPF_LNS_SAT_mapf-map_room-32-32-4_map-_home_max_Documents_PhD_MAPF_LNS_MAPF_LNS_SAT_mapf-scen-even_scen-even_room-32-32-4-even-1_scen-agents20-idx5-seed42-1783527463025,0,1,9,0.013196,1,3,19,23,5,10,834,219,0.000000,0.242000,0.471000,0.426000,0.032554,0
_home_max_Documents_PhD_MAPF_LNS_MAPF_LNS_SAT_mapf-map_room-32-32-4_map-_home_max_Documents_PhD_MAPF_LNS_MAPF_LNS_SAT_mapf-scen-even_scen-even_room-32-32-4-even-1_scen-agents20-idx5-seed42-1783527463025,0,2,21,0.030792,1,5,17,25,4,10,1434,356,0.000000,0.475000,0.812000,0.716000,0.081044,1
_home_max_Documents_PhD_MAPF_LNS_MAPF_LNS_SAT_mapf-map_room-32-32-4_map-_home_max_Documents_PhD_MAPF_LNS_MAPF_LNS_SAT_mapf-scen-even_scen-even_room-32-32-4-even-1_scen-agents20-idx5-seed42-1783527463025,0,0,5,0.007331,1,3,22,24,2,3,30,17,0.000000,0.013000,0.041000,0.028000,0.001888,1
_home_max_Documents_PhD_MAPF_LNS_MAPF_LNS_SAT_mapf-map_room-32-32-4_map-_home_max_Documents_PhD_MAPF_LNS_MAPF_LNS_SAT_mapf-scen-even_scen-even_room-32-32-4-even-1_scen-agents20-idx5-seed42-1783527463025,0,0,12,0.017595,6,6,23,27,3,7,559,185,0.000000,0.195000,0.372000,0.304000,0.034918,0
_home_max_Documents_PhD_MAPF_LNS_MAPF_LNS_SAT_mapf-map_room-32-32-4_map-_home_max_Documents_PhD_MAPF_LNS_MAPF_LNS_SAT_mapf-scen-even_scen-even_room-32-32-4-even-1_scen-agents20-idx5-seed42-1783527463025,0,1,18,0.026393,6,6,22,28,3,7,896,288,0.000000,0.326000,0.550000,0.465000,0.054331,0
_home_max_Documents_PhD_MAPF_LNS_MAPF_LNS_SAT_mapf-map_room-32-32-4_map-_home_max_Documents_PhD_MAPF_LNS_MAPF_LNS_SAT_mapf-scen-even_scen-even_room-32-32-4-even-1_scen-agents20-idx5-seed42-1783527463025,0,2,29,0.042522,6,6,20,30,3,6,1731,535,0.000000,0.630000,0.907000,0.821000,0.047608,0
_home_max_Documents_PhD_MAPF_LNS_MAPF_LNS_SAT_mapf-map_room-32-32-4_map-_home_max_Documents_PhD_MAPF_LNS_MAPF_LNS_SAT_mapf-scen-even_scen-even_room-32-32-4-even-1_scen-agents20-idx5-seed42-1783527463025,0,3,69,0.101173,6,11,17,33,3,6,2978,948,0.000000,1.307000,1.514000,1.353000,0.075543,0
_home_max_Documents_PhD_MAPF_LNS_MAPF_LNS_SAT_mapf-map_room-32-32-4_map-_home_max_Documents_PhD_MAPF_LNS_MAPF_LNS_SAT_mapf-scen-even_scen-even_room-32-32-4-even-1_scen-agents20-idx5-seed42-1783527463025,0,4,147,0.215543,6,13,13,37,3,6,15058,2843,0.001000,6.512000,6.800000,6.481000,0.358070,0
_home_max_Documents_PhD_MAPF_LNS_MAPF_LNS_SAT_mapf-map_room-32-32-4_map-_home_max_Documents_PhD_MAPF_LNS_MAPF_LNS_SAT_mapf-scen-even_scen-even_room-32-32-4-even-1_scen-agents20-idx5-seed42-1783527463025,0,5,260,0.381232,6,15,8,42,3,6,264952,12989,0.003000,123.311000,223.149000,220.980000,2.891954,0
_home_max_Documents_PhD_MAPF_LNS_MAPF_LNS_SAT_mapf-map_room-32-32-4_map-_home_max_Documents_PhD_MAPF_LNS_MAPF_LNS_SAT_mapf-scen-even_scen-even_room-32-32-4-even-1_scen-agents20-idx5-seed42-1783527463025,0,6,493,0.722874,6,19,2,48,3,9,5470567,98440,0.007000,10429.471000,6885.743000,6848.107000,53.154173,1
_home_max_Documents_PhD_MAPF_LNS_MAPF_LNS_SAT_mapf-map_room-32-32-4_map-_home_max_Documents_PhD_MAPF_LNS_MAPF_LNS_SAT_mapf-scen-even_scen-even_room-32-32-4-even-1_scen-agents20-idx5-seed42-1783527463025,0,0,4,0.005865,1,2,44,46,1,1,19,9,0.000000,0.011000,0.037000,0.028000,0.003573,1
_home_max_Documents_PhD_MAPF_LNS_MAPF_LNS_SAT_mapf-map_room-32-32-4_map-_home_max_Documents_PhD_MAPF_LNS_MAPF_LNS_SAT_mapf-scen-even_scen-even_room-32-32-4-even-1_scen-agents20-idx5-seed42-1783527463025,0,0,5,0.007331,1,2,50,52,1,2,25,10,0.000000,0.009000,0.038000,0.026000,0.001962,1
_home_max_Documents_PhD_MAPF_LNS_MAPF_LNS_SAT_mapf-map_room-32-32-4_map-_home_max_Documents_PhD_MAPF_LNS_MAPF_LNS_SAT_mapf-scen-even_scen-even_room-32-32-4-even-2_scen-agents20-idx0-seed42-1783527481076,0,0,4,0.005865,1,2,1,3,4,7,147,63,0.000000,0.056000,0.183000,0.151000,0.012836,0
_home_max_Documents_PhD_MAPF_LNS_MAPF_LNS_SAT_mapf-map_room-32-32-4_map-_home_max_Documents_PhD_MAPF_LNS_MAPF_LNS_SAT_mapf-scen-even_scen-even_room-32-32-4-even-2_scen-agents20-idx0-seed42-1783527481076,0,1,9,0.013196,1,2,0,4,5,10,812,223,0.000000,0.246000,0.647000,0.594000,0.036216,0
_home_max_Documents_PhD_MAPF_LNS_MAPF_LNS_SAT_mapf-map_room-32-32-4_map-_home_max_Documents_PhD_MAPF_LNS_MAPF_LNS_SAT_mapf-scen-even_scen-even_room-32-32-4-even-2_scen-agents20-idx0-seed42-1783527481076,0,2,24,0.035191,1,3,0,6,4,9,1016,236,0.000000,0.307000,0.968000,0.897000,0.033819,0
_home_max_Documents_PhD_MAPF_LNS_MAPF_LNS_SAT_mapf-map_room-32-32-4_map-_home_max_Documents_PhD_MAPF_LNS_MAPF_LNS_SAT_mapf-scen-even_scen-even_room-32-32-4-even-2_scen-agents20-idx0-seed42-1783527481076,0,3,59,0.086510,1,8,0,9,3,6,540,229,0.000000,0.237000,0.568000,0.497000,0.015064,0
_home_max_Documents_PhD_MAPF_LNS_MAPF_LNS_SAT_mapf-map_room-32-32-4_map-_home_max_Documents_PhD_MAPF_LNS_MAPF_LNS_SAT_mapf-scen-even_scen-even_room-32-32-4-even-2_scen-agents20-idx0-seed42-1783527481076,0,4,188,0.275660,2,17,0,21,2,4,75499,3455,0.001000,22.223000,58.076000,57.383000,0.718016,0
_home_max_Documents_PhD_MAPF_LNS_MAPF_LNS_SAT_mapf-map_room-32-32-4_map-_home_max_Documents_PhD_MAPF_LNS_MAPF_LNS_SAT_mapf-scen-even_scen-even_room-32-32-4-even-2_scen-agents20-idx0-seed42-1783527481076,0,5,504,0.739003,5,20,0,41,2,4,3859742,58434,0.008000,7157.553000,5954.122000,5927.356000,28.261683,0
_home_max_Documents_PhD_MAPF_LNS_MAPF_LNS_SAT_mapf-map_room-32-32-4_map-_home_max_Documents_PhD_MAPF_LNS_MAPF_LNS_SAT_mapf-scen-even_scen-even_room-32-32-4-even-2_scen-agents20-idx0-seed42-1783527481076,0,6,630,0.923754,6,20,0,51,1,18,7161198,75200,0.001000,28790.103000,89789.352000,79064.904000,1031.831289,1
_home_max_Documents_PhD_MAPF_LNS_MAPF_LNS_SAT_mapf-map_room-32-32-4_map-_home_max_Documents_PhD_MAPF_LNS_MAPF_LNS_SAT_mapf-scen-even_scen-even_room-32-32-4-even-2_scen-agents20-idx1-seed42-1783527614316,0,0,6,0.008798,1,2,0,2,2,4,33,17,0.000000,0.013000,0.083000,0.060000,0.008706,1
_home_max_Documents_PhD_MAPF_LNS_MAPF_LNS_SAT_mapf-map_room-32-32-4_map-_home_max_Documents_PhD_MAPF_LNS_MAPF_LNS_SAT_mapf-scen-even_scen-even_room-32-32-4-even-2_scen-agents20-idx1-seed42-1783527614316,0,0,7,0.010264,3,2,1,5,2,3,54,25,0.000000,0.015000,0.054000,0.038000,0.002451,1
_home_max_Documents_PhD_MAPF_LNS_MAPF_LNS_SAT_mapf-map_room-32-32-4_map-_home_max_Documents_PhD_MAPF_LNS_MAPF_LNS_SAT_mapf-scen-even_scen-even_room-32-32-4-even-2_scen-agents20-idx1-seed42-1783527614316,0,0,9,0.013196,1,2,8,10,3,7,166,50,0.000000,0.046000,0.143000,0.113000,0.011907,1
_home_max_Documents_PhD_MAPF_LNS_MAPF_LNS_SAT_mapf-map_room-32-32-4_map-_home_max_Documents_PhD_MAPF_LNS_MAPF_LNS_SAT_mapf-scen-even_scen-even_room-32-32-4-even-2_scen-agents20-idx1-seed42-1783527614316,0,0,9,0.013196,1,2,9,11,3,5,92,38,0.000000,0.028000,0.089000,0.068000,0.004302,1
_home_max_Documents_PhD_MAPF_LNS_MAPF_LNS_SAT_mapf-map_room-32-32-4_map-_home_max_Documents_PhD_MAPF_LNS_MAPF_LNS_SAT_mapf-scen-even_scen-even_room-32-32-4-even-2_scen-agents20-idx1-seed42-1783527614316,0,0,7,0.010264,1,2,10,12,4,15,228,85,0.000000,0.065000,0.276000,0.192000,0.042752,1
_home_max_Documents_PhD_MAPF_LNS_MAPF_LNS_SAT_mapf-map_room-32-32-4_map-_home_max_Documents_PhD_MAPF_LNS_MAPF_LNS_SAT_mapf-scen-even_scen-even_room-32-32-4-even-2_scen-agents20-idx1-seed42-1783527614316,0,0,9,0.013196,1,2,11,13,4,8,353,101,0.000000,0.097000,0.238000,0.200000,0.015992,1
_home_max_Documents_PhD_MAPF_LNS_MAPF_LNS_SAT_mapf-map_room-32-32-4_map-_home_max_Documents_PhD_MAPF_LNS_MAPF_LNS_SAT_mapf-scen-even_scen-even_room-32-32-4-even-2_scen-agents20-idx1-seed42-1783527614316,0,0,9,0.013196,1,2,11,13,4,8,353,101,0.000000,0.094000,0.243000,0.206000,0.022408,1
_home_max_Documents_PhD_MAPF_LNS_MAPF_LNS_SAT_mapf-map_room-32-32-4_map-_home_max_Documents_PhD_MAPF_LNS_MAPF_LNS_SAT_mapf-scen-even_scen-even_room-32-32-4-even-2_scen-agents20-idx1-seed42-1783527614316,0,0,7,0.010264,1,3,17,19,1,1,13,8,0.000000,0.007000,0.020000,0.014000,0.000727,1
_home_max_Documents_PhD_MAPF_LNS_MAPF_LNS_SAT_mapf-map_room-32-32-4_map-_home_max_Documents_PhD_MAPF_LNS_MAPF_LNS_SAT_mapf-scen-even_scen-even_room-32-32-4-even-2_scen-agents20-idx1-seed42-1783527614316,0,0,48,0.070381,27,6,19,39,4,14,5468,1266,0.000000,1.850000,3.144000,2.808000,0.404884,0
_home_max_Documents_PhD_MAPF_LNS_MAPF_LNS_SAT_mapf-map_room-32-32-4_map-_home_max_Documents_PhD_MAPF_LNS_MAPF_LNS_SAT_mapf-scen-even_scen-even_room-32-32-4-even-2_scen-agents20-idx1-seed42-1783527614316,0,1,65,0.095308,27,8,18,40,4,14,7769,1681,0.000000,2.824000,4.100000,3.720000,0.518448,0
_home_max_Documents_PhD_MAPF_LNS_MAPF_LNS_SAT_mapf-map_room-32-32-4_map-_home_max_Documents_PhD_MAPF_LNS_MAPF_LNS_SAT_mapf-scen-even_scen-even_room-32-32-4-even-2_scen-agents20-idx1-seed42-1783527614316,0,2,130,0.190616,30,10,16,46,4,10,366327,14275,0.003000,127.865000,238.301000,236.364000,4.741168,1
_home_max_Documents_PhD_MAPF_LNS_MAPF_LNS_SAT_mapf-map_room-32-32-4_map-_home_max_Documents_PhD_MAPF_LNS_MAPF_LNS_SAT_mapf-scen-even_scen-even_room-32-32-4-even-2_scen-agents20-idx1-seed42-1783527614316,0,0,4,0.005865,1,2,44,46,1,2,20,9,0.000000,0.010000,0.048000,0.031000,0.004008,1
_home_max_Documents_PhD_MAPF_LNS_MAPF_LNS_SAT_mapf-map_room-32-32-4_map-_home_max_Documents_PhD_MAPF_LNS_MAPF_LNS_SAT_mapf-scen-even_scen-even_room-32-32-4-even-2_scen-agents20-idx2-seed42-1783527614769,0,0,7,0.010264,3,2,0,4,2,3,54,25,0.000000,0.017000,0.088000,0.068000,0.007549,1
_home_max_Documents_PhD_MAPF_LNS_MAPF_LNS_SAT_mapf-map_room-32-32-4_map-_home_max_Documents_PhD_MAPF_LNS_MAPF_LNS_SAT_mapf-scen-even_scen-even_room-32-32-4-even-2_scen-agents20-idx2-seed42-1783527614769,0,0,5,0.007331,1,2,2,4,2,3,28,15,0.000000,0.009000,0.038000,0.024000,0.001406,1
_home_max_Documents_PhD_MAPF_LNS_MAPF_LNS_SAT_mapf-map_room-32-32-4_map-_home_max_Documents_PhD_MAPF_LNS_MAPF_LNS_SAT_mapf-scen-even_scen-even_room-32-32-4-even-2_scen-agents20-idx2-seed42-1783527614769,0,0,11,0.016129,4,2,3,8,2,3,64,30,0.000000,0.019000,0.058000,0.041000,0.001932,1
_home_max_Documents_PhD_MAPF_LNS_MAPF_LNS_SAT_mapf-map_room-32-32-4_map-_home_max_Documents_PhD_MAPF_LNS_MAPF_LNS_SAT_mapf-scen-even_scen-even_room-32-32-4-even-2_scen-agents20-idx2-seed42-1783527614769,0,0,8,0.011730,1,2,3,5,3,7,149,49,0.000000,0.043000,0.149000,0.118000,0.010647,1
_home_max_Documents_PhD_MAPF_LNS_MAPF_LNS_SAT_mapf-map_room-32-32-4_map-_home_max_Documents_PhD_MAPF_LNS_MAPF_LNS_SAT_mapf-scen-even_scen-even_room-32-32-4-even-2_scen-agents20-idx2-seed42-1783527614769,0,0,9,0.013196,1,4,4,6,4,13,421,128,0.000000,0.116000,0.361000,0.273000,0.042195,1
_home_max_Documents_PhD_MAPF_LNS_MAPF_LNS_SAT_mapf-map_room-32-32-4_map-_home_max_Documents_PhD_MAPF_LNS_MAPF_LNS_SAT_mapf-scen-even_scen-even_room-32-32-4-even-2_scen-agents20-idx2-seed42-1783527614769,0,0,9,0.013196,3,3,7,11,2,3,57,29,0.000000,0.019000,0.055000,0.038000,0.002314,1
_home_max_Documents_PhD_MAPF_LNS_MAPF_LNS_SAT_mapf-map_room-32-32-4_map-_home_max_Documents_PhD_MAPF_LNS_MAPF_LNS_SAT_mapf-scen-even_scen-even_room-32-32-4-even-2_scen-agents20-idx2-seed42-1783527614769,0,0,9,0.013196,1,2,12,14,3,6,121,45,0.000000,0.036000,0.111000,0.083000,0.006458,1
_home_max_Documents_PhD_MAPF_LNS_MAPF_LNS_SAT_mapf-map_room-32-32-4_map-_home_max_Documents_PhD_MAPF_LNS_MAPF_LNS_SAT_mapf-scen-even_scen-even_room-32-32-4-even-2_scen-agents20-idx2-seed42-1783527614769,0,0,8,0.011730,1,3,12,14,3,5,101,44,0.000000,0.032000,0.090000,0.068000,0.003858,1
_home_max_Documents_PhD_MAPF_LNS_MAPF_LNS_SAT_mapf-map_room-32-32-4_map-_home_max_Documents_PhD_MAPF_LNS_MAPF_LNS_SAT_mapf-scen-even_scen-even_room-32-32-4-even-2_scen-agents20-idx2-seed42-1783527614769,0,0,7,0.010264,1,3,14,16,3,5,88,43,0.000000,0.034000,0.086000,0.064000,0.003619,1
_home_max_Documents_PhD_MAPF_LNS_MAPF_LNS_SAT_mapf-map_room-32-32-4_map-_home_max_Documents_PhD_MAPF_LNS_MAPF_LNS_SAT_mapf-scen-even_scen-even_room-32-32-4-even-2_scen-agents20-idx2-seed42-1783527614769,0,0,9,0.013196,1,4,17,19,3,5,100,46,0.000000,0.038000,0.091000,0.068000,0.003766,1
_home_max_Documents_PhD_MAPF_LNS_MAPF_LNS_SAT_mapf-map_room-32-32-4_map-_home_max_Documents_PhD_MAPF_LNS_MAPF_LNS_SAT_mapf-scen-even_scen-even_room-32-32-4-even-2_scen-agents20-idx2-seed42-1783527614769,0,0,7,0.010264,1,2,18,20,1,2,13,7,0.000000,0.004000,0.024000,0.013000,0.000801,1
_home_max_Documents_PhD_MAPF_LNS_MAPF_LNS_SAT_mapf-map_room-32-32-4_map-_home_max_Documents_PhD_MAPF_LNS_MAPF_LNS_SAT_mapf-scen-even_scen-even_room-32-32-4-even-2_scen-agents20-idx2-seed42-1783527614769,0,0,5,0.007331,1,2,26,28,1,1,24,10,0.000000,0.007000,0.025000,0.019000,0.001278,1
_home_max_Documents_PhD_MAPF_LNS_MAPF_LNS_SAT_mapf-map_room-32-32-4_map-_home_max_Documents_PhD_MAPF_LNS_MAPF_LNS_SAT_mapf-scen-even_scen-even_room-32-32-4-even-2_scen-agents20-idx2-seed42-1783527614769,0,0,5,0.007331,1,2,30,32,1,2,25,10,0.000000,0.007000,0.034000,0.022000,0.001636,1
_home_max_Documents_PhD_MAPF_LNS_MAPF_LNS_SAT_mapf-map_room-32-32-4_map-_home_max_Documents_PhD_MAPF_LNS_MAPF_LNS_SAT_mapf-scen-even_scen-even_room-32-32-4-even-2_scen-agents20-idx2-seed42-1783527614769,0,0,4,0.005865,1,2,41,43,1,4,22,9,0.000000,0.007000,0.043000,0.025000,0.001736,1
_home_max_Documents_PhD_MAPF_LNS_MAPF_LNS_SAT_mapf-map_room-32-32-4_map-_home_max_Documents_PhD_MAPF_LNS_MAPF_LNS_SAT_mapf-scen-even_scen-even_room-32-32-4-even-2_scen-agents20-idx3-seed42-1783527614822,0,0,12,0.017595,6,2,1,8,2,3,109,50,0.000000,0.038000,0.110000,0.088000,0.012636,1
_home_max_Documents_PhD_MAPF_LNS_MAPF_LNS_SAT_mapf-map_room-32-32-4_map-_home_max_Documents_PhD_MAPF_LNS_MAPF_LNS_SAT_mapf-scen-even_scen-even_room-32-32-4-even-2_scen-agents20-idx3-seed42-1783527614822,0,0,9,0.013196,1,2,2,4,3,5,92,38,0.000000,0.028000,0.093000,0.069000,0.004501,1
_home_max_Documents_PhD_MAPF_LNS_MAPF_LNS_SAT_mapf-map_room-32-32-4_map-_home_max_Documents_PhD_MAPF_LNS_MAPF_LNS_SAT_mapf-scen-even_scen-even_room-32-32-4-even-2_scen-agents20-idx3-seed42-1783527614822,0,0,5,0.007331,1,2,8,10,3,5,69,32,0.000000,0.021000,0.072000,0.051000,0.003779,1
_home_max_Documents_PhD_MAPF_LNS_MAPF_LNS_SAT_mapf-map_room-32-32-4_map-_home_max_Documents_PhD_MAPF_LNS_MAPF_LNS_SAT_mapf-scen-even_scen-even_room-32-32-4-even-2_scen-agents20-idx3-seed42-1783527614822,0,0,9,0.013196,1,2,14,16,3,7,95,39,0.000000,0.029000,0.111000,0.076000,0.007643,1
_home_max_Documents_PhD_MAPF_LNS_MAPF_LNS_SAT_mapf-map_room-32-32-4_map-_home_max_Documents_PhD_MAPF_LNS_MAPF_LNS_SAT_mapf-scen-even_scen-even_room-32-32-4-even-2_scen-agents20-idx3-seed42-1783527614822,0,0,5,0.007331,1,2,14,16,1,1,24,10,0.000000,0.008000,0.025000,0.019000,0.001275,1
_home_max_Documents_PhD_MAPF_LNS_MAPF_LNS_SAT_mapf-map_room-32-32-4_map-_home_max_Documents_PhD_MAPF_LNS_MAPF_LNS_SAT_mapf-scen-even_scen-even_room-32-32-4-even-2_scen-agents20-idx3-seed42-1783527614822,0,0,4,0.005865,1,2,15,17,4,7,144,61,0.000000,0.046000,0.117000,0.091000,0.004752,0
_home_max_Documents_PhD_MAPF_LNS_MAPF_LNS_SAT_mapf-map_room-32-32-4_map-_home_max_Documents_PhD_MAPF_LNS_MAPF_LNS_SAT_mapf-scen-even_scen-even_room-32-32-4-even-2_scen-agents20-idx3-seed42-1783527614822,0,1,9,0.013196,1,2,14,18,3,6,138,56,0.000000,0.043000,0.128000,0.096000,0.012186,1
_home_max_Documents_PhD_MAPF_LNS_MAPF_LNS_SAT_mapf-map_room-32-32-4_map-_home_max_Documents_PhD_MAPF_LNS_MAPF_LNS_SAT_mapf-scen-even_scen-even_room-32-32-4-even-2_scen-agents20-idx3-seed42-1783527614822,0,0,8,0.011730,1,2,20,22,1,2,15,8,0.000000,0.005000,0.027000,0.016000,0.001263,1
_home_max_Documents_PhD_MAPF_LNS_MAPF_LNS_SAT_mapf-map_room-32-32-4_map-_home_max_Documents_PhD_MAPF_LNS_MAPF_LNS_SAT_mapf-scen-even_scen-even_room-32-32-4-even-2_scen-agents20-idx3-seed42-1783527614822,0,0,9,0.013196,1,2,23,25,3,7,122,45,0.000000,0.038000,0.126000,0.090000,0.009268,1
_home_max_Documents_PhD_MAPF_LNS_MAPF_LNS_SAT_mapf-map_room-32-32-4_map-_home_max_Documents_PhD_MAPF_LNS_MAPF_LNS_SAT_mapf-scen-even_scen-even_room-32-32-4-even-2_scen-agents20-idx3-seed42-1783527614822,0,0,8,0.011730,1,2,27,29,3,7,119,43,0.000000,0.038000,0.122000,0.086000,0.008504,1
_home_max_Documents_PhD_MAPF_LNS_MAPF_LNS_SAT_mapf-map_room-32-32-4_map-_home_max_Documents_PhD_MAPF_LNS_MAPF_LNS_SAT_mapf-scen-even_scen-even_room-32-32-4-even-2_scen-agents20-idx3-seed42-1783527614822,0,0,8,0.011730,1,2,31,33,3,7,118,42,0.000000,0.040000,0.124000,0.087000,0.008180,1
_home_max_Documents_PhD_MAPF_LNS_MAPF_LNS_SAT_mapf-map_room-32-32-4_map-_home_max_Documents_PhD_MAPF_LNS_MAPF_LNS_SAT_mapf-scen-even_scen-even_room-32-32-4-even-2_scen-agents20-idx3-seed42-1783527614822,0,0,5,0.007331,1,2,32,34,1,1,24,10,0.000000,0.008000,0.024000,0.019000,0.001205,1
_home_max_Documents_PhD_MAPF_LNS_MAPF_LNS_SAT_mapf-map_room-32-32-4_map-_home_max_Documents_PhD_MAPF_LNS_MAPF_LNS_SAT_mapf-scen-even_scen-even_room-32-32-4-even-2_scen-agents20-idx3-seed42-1783527614822,0,0,5,0.007331,1,2,50,52,1,3,26,10,0.000000,0.011000,0.042000,0.024000,0.002020,1
_home_max_Documents_PhD_MAPF_LNS_MAPF_LNS_SAT_mapf-map_room-32-32-4_map-_home_max_Documents_PhD_MAPF_LNS_MAPF_LNS_SAT_mapf-scen-even_scen-even_room-32-32-4-even-2_scen-agents20-idx4-seed42-1783527614869,0,0,4,0.005865,1,2,3,5,3,6,88,37,0.000000,0.028000,0.115000,0.089000,0.007706,0
_home_max_Documents_PhD_MAPF_LNS_MAPF_LNS_SAT_mapf-map_room-32-32-4_map-_home_max_Documents_PhD_MAPF_LNS_MAPF_LNS_SAT_mapf-scen-even_scen-even_room-32-32-4-even-2_scen-agents20-idx4-seed42-1783527614869,0,1,8,0.011730,1,2,2,6,1,3,40,17,0.000000,0.012000,0.057000,0.037000,0.005753,1
_home_max_Documents_PhD_MAPF_LNS_MAPF_LNS_SAT_mapf-map_room-32-32-4_map-_home_max_Documents_PhD_MAPF_LNS_MAPF_LNS_SAT_mapf-scen-even_scen-even_room-32-32-4-even-2_scen-agents20-idx4-seed42-1783527614869,0,0,7,0.010264,3,4,12,16,5,17,1463,414,0.000000,0.486000,1.031000,0.858000,0.130079,1
_home_max_Documents_PhD_MAPF_LNS_MAPF_LNS_SAT_mapf-map_room-32-32-4_map-_home_max_Documents_PhD_MAPF_LNS_MAPF_LNS_SAT_mapf-scen-even_scen-even_room-32-32-4-even-2_scen-agents20-idx4-seed42-1783527614869,0,0,9,0.013196,5,5,13,17,4,7,967,277,0.000000,0.310000,0.516000,0.468000,0.015698,0
_home_max_Documents_PhD_MAPF_LNS_MAPF_LNS_SAT_mapf-map_room-32-32-4_map-_home_max_Documents_PhD_MAPF_LNS_MAPF_LNS_SAT_mapf-scen-even_scen-even_room-32-32-4-even-2_scen-agents20-idx4-seed42-1783527614869,0,1,16,0.023460,5,5,12,18,5,13,5098,936,0.000000,1.500000,2.643000,2.470000,0.170201,1
_home_max_Documents_PhD_MAPF_LNS_MAPF_LNS_SAT_mapf-map_room-32-32-4_map-_home_max_Documents_PhD_MAPF_LNS_MAPF_LNS_SAT_mapf-scen-even_scen-even_room-32-32-4-even-2_scen-agents20-idx4-seed42-1783527614869,0,0,9,0.013196,2,4,18,20,4,9,401,127,0.000000,0.136000,0.308000,0.244000,0.018570,1
_home_max_Documents_PhD_MAPF_LNS_MAPF_LNS_SAT_mapf-map_room-32-32-4_map-_home_max_Documents_PhD_MAPF_LNS_MAPF_LNS_SAT_mapf-scen-even_scen-even_room-32-32-4-even-2_scen-agents20-idx4-seed42-1783527614869,0,0,9,0.013196,1,3,18,20,6,12,2365,573,0.000000,0.708000,1.225000,1.143000,0.058710,0
_home_max_Documents_PhD_MAPF_LNS_MAPF_LNS_SAT_mapf-map_room-32-32-4_map-_home_max_Documents_PhD_MAPF_LNS_MAPF_LNS_SAT_mapf-scen-even_scen-even_room-32-32-4-even-2_scen-agents20-idx4-seed42-1783527614869,0,1,15,0.021994,1,5,17,21,4,11,1012,262,0.000000,0.359000,0.665000,0.567000,0.067037,0
_home_max_Documents_PhD_MAPF_LNS_MAPF_LNS_SAT_mapf-map_room-32-32-4_map-_home_max_Documents_PhD_MAPF_LNS_MAPF_LNS_SAT_mapf-scen-even_scen-even_room-32-32-4-even-2_scen-agents20-idx4-seed42-1783527614869,0,2,24,0.035191,1,5,15,23,4,11,3551,761,0.000000,1.233000,1.916000,1.755000,0.175780,0
_home_max_Documents_PhD_MAPF_LNS_MAPF_LNS_SAT_mapf-map_room-32-32-4_map-_home_max_Documents_PhD_MAPF_LNS_MAPF_LNS_SAT_mapf-scen-even_scen-even_room-32-32-4-even-2_scen-agents20-idx4-seed42-1783527614869,0,3,56,0.082111,1,9,12,26,4,18,23778,2771,0.000000,9.080000,16.303000,15.603000,1.062432,1
_home_max_Documents_PhD_MAPF_LNS_MAPF_LNS_SAT_mapf-map_room-32-32-4_map-_home_max_Documents_PhD_MAPF_LNS_MAPF_LNS_SAT_mapf-scen-even_scen-even_room-32-32-4-even-2_scen-agents20-idx4-seed42-1783527614869,0,0,9,0.013196,1,2,22,24,4,14,292,97,0.000000,0.087000,0.316000,0.237000,0.039519,1
_home_max_Documents_PhD_MAPF_LNS_MAPF_LNS_SAT_mapf-map_room-32-32-4_map-_home_max_Documents_PhD_MAPF_LNS_MAPF_LNS_SAT_mapf-scen-even_scen-even_room-32-32-4-even-2_scen-agents20-idx4-seed42-1783527614869,0,0,5,0.007331,1,2,32,34,1,1,24,10,0.000000,0.008000,0.025000,0.019000,0.001226,1
_home_max_Documents_PhD_MAPF_LNS_MAPF_LNS_SAT_mapf-map_room-32-32-4_map-_home_max_Documents_PhD_MAPF_LNS_MAPF_LNS_SAT_mapf-scen-even_scen-even_room-32-32-4-even-2_scen-agents20-idx4-seed42-1783527614869,0,0,8,0.011730,2,2,33,36,1,2,33,14,0.000000,0.012000,0.038000,0.026000,0.002005,1
_home_max_Documents_PhD_MAPF_LNS_MAPF_LNS_SAT_mapf-map_room-32-32-4_map-_home_max_Documents_PhD_MAPF_LNS_MAPF_LNS_SAT_mapf-scen-even_scen-even_room-32-32-4-even-2_scen-agents20-idx4-seed42-1783527614869,0,0,9,0.013196,3,3,34,38,2,3,68,33,0.000000,0.028000,0.062000,0.043000,0.002941,1
_home_max_Documents_PhD_MAPF_LNS_MAPF_LNS_SAT_mapf-map_room-32-32-4_map-_home_max_Documents_PhD_MAPF_LNS_MAPF_LNS_SAT_mapf-scen-even_scen-even_room-32-32-4-even-2_scen-agents20-idx4-seed42-1783527614869,0,0,8,0.011730,3,2,36,40,2,3,52,25,0.000000,0.021000,0.053000,0.037000,0.001976,1
_home_max_Documents_PhD_MAPF_LNS_MAPF_LNS_SAT_mapf-map_room-32-32-4_map-_home_max_Documents_PhD_MAPF_LNS_MAPF_LNS_SAT_mapf-scen-even_scen-even_room-32-32-4-even-2_scen-agents20-idx4-seed42-1783527614869,0,0,4,0.005865,1,2,42,44,1,2,20,9,0.000000,0.007000,0.030000,0.020000,0.001782,1
_home_max_Documents_PhD_MAPF_LNS_MAPF_LNS_SAT_mapf-map_room-32-32-4_map-_home_max_Documents_PhD_MAPF_LNS_MAPF_LNS_SAT_mapf-scen-even_scen-even_room-32-32-4-even-2_scen-agents20-idx4-seed42-1783527614869,0,0,4,0.005865,1,2,46,48,1,1,19,9,0.000000,0.006000,0.019000,0.014000,0.000938,1
_home_max_Documents_PhD_MAPF_LNS_MAPF_LNS_SAT_mapf-map_room-32-32-4_map-_home_max_Documents_PhD_MAPF_LNS_MAPF_LNS_SAT_mapf-scen-even_scen-even_room-32-32-4-even-2_scen-agents20-idx5-seed42-1783527614970,0,0,8,0.011730,1,2,0,1,4,8,250,75,0.000000,0.093000,0.303000,0.254000,0.021225,1
_home_max_Documents_PhD_MAPF_LNS_MAPF_LNS_SAT_mapf-map_room-32-32-4_map-_home_max_Documents_PhD_MAPF_LNS_MAPF_LNS_SAT_mapf-scen-even_scen-even_room-32-32-4-even-2_scen-agents20-idx5-seed42-1783527614970,0,0,7,0.010264,3,3,0,4,2,3,56,27,0.000000,0.020000,0.077000,0.054000,0.002342,1
_home_max_Documents_PhD_MAPF_LNS_MAPF_LNS_SAT_mapf-map_room-32-32-4_map-_home_max_Documents_PhD_MAPF_LNS_MAPF_LNS_SAT_mapf-scen-even_scen-even_room-32-32-4-even-2_scen-agents20-idx5-seed42-1783527614970,0,0,8,0.011730,3,3,6,10,3,5,176,70,0.000000,0.054000,0.135000,0.106000,0.008776,1
_home_max_Documents_PhD_MAPF_LNS_MAPF_LNS_SAT_mapf-map_room-32-32-4_map-_home_max_Documents_PhD_MAPF_LNS_MAPF_LNS_SAT_mapf-scen-even_scen-even_room-32-32-4-even-2_scen-agents20-idx5-seed42-1783527614970,0,0,9,0.013196,2,4,6,9,6,11,2392,603,0.000000,0.702000,1.631000,1.559000,0.046160,0
_home_max_Documents_PhD_MAPF_LNS_MAPF_LNS_SAT_mapf-map_room-32-32-4_map-_home_max_Documents_PhD_MAPF_LNS_MAPF_LNS_SAT_mapf-scen-even_scen-even_room-32-32-4-even-2_scen-agents20-idx5-seed42-1783527614970,0,1,16,0.023460,2,4,5,10,5,9,3356,660,0.000000,0.933000,1.938000,1.866000,0.034997,0
_home_max_Documents_PhD_MAPF_LNS_MAPF_LNS_SAT_mapf-map_room-32-32-4_map-_home_max_Documents_PhD_MAPF_LNS_MAPF_LNS_SAT_mapf-scen-even_scen-even_room-32-32-4-even-2_scen-agents20-idx5-seed42-1783527614970,0,2,27,0.039589,2,6,3,12,4,9,2847,644,0.000000,0.841000,1.728000,1.598000,0.088687,1
_home_max_Documents_PhD_MAPF_LNS_MAPF_LNS_SAT_mapf-map_room-32-32-4_map-_home_max_Documents_PhD_MAPF_LNS_MAPF_LNS_SAT_mapf-scen-even_scen-even_room-32-32-4-even-2_scen-agents20-idx5-seed42-1783527614970,0,0,6,0.008798,1,2,15,17,1,2,15,8,0.000000,0.007000,0.031000,0.019000,0.001459,1
_home_max_Documents_PhD_MAPF_LNS_MAPF_LNS_SAT_mapf-map_room-32-32-4_map-_home_max_Documents_PhD_MAPF_LNS_MAPF_LNS_SAT_mapf-scen-even_scen-even_room-32-32-4-even-2_scen-agents20-idx5-seed42-1783527614970,0,0,9,0.013196,3,5,21,24,3,5,243,96,0.000000,0.094000,0.163000,0.135000,0.003741,0
_home_max_Documents_PhD_MAPF_LNS_MAPF_LNS_SAT_mapf-map_room-32-32-4_map-_home_max_Documents_PhD_MAPF_LNS_MAPF_LNS_SAT_mapf-scen-even_scen-even_room-32-32-4-even-2_scen-agents20-idx5-seed42-1783527614970,0,1,15,0.021994,3,5,20,25,4,11,1153,326,0.000000,0.376000,0.737000,0.625000,0.074819,1
_home_max_Documents_PhD_MAPF_LNS_MAPF_LNS_SAT_mapf-map_room-32-32-4_map-_home_max_Documents_PhD_MAPF_LNS_MAPF_LNS_SAT_mapf-scen-even_scen-even_room-32-32-4-even-2_scen-agents20-idx5-seed42-1783527614970,0,0,5,0.007331,1,2,21,23,4,7,179,68,0.000000,0.057000,0.145000,0.122000,0.005230,0
_home_max_Documents_PhD_MAPF_LNS_MAPF_LNS_SAT_mapf-map_room-32-32-4_map-_home_max_Documents_PhD_MAPF_LNS_MAPF_LNS_SAT_mapf-scen-even_scen-even_room-32-32-4-even-2_scen-agents20-idx5-seed42-1783527614970,0,1,10,0.014663,1,2,20,24,5,10,890,218,0.000000,0.260000,0.492000,0.448000,0.028327,0
_home_max_Documents_PhD_MAPF_LNS_MAPF_LNS_SAT_mapf-map_room-32-32-4_map-_home_max_Documents_PhD_MAPF_LNS_MAPF_LNS_SAT_mapf-scen-even_scen-even_room-32-32-4-even-2_scen-agents20-idx5-seed42-1783527614970,0,2,41,0.060117,2,5,18,29,4,14,2105,518,0.000000,0.715000,1.261000,1.084000,0.152450,1
_home_max_Documents_PhD_MAPF_LNS_MAPF_LNS_SAT_mapf-map_room-32-32-4_map-_home_max_Documents_PhD_MAPF_LNS_MAPF_LNS_SAT_mapf-scen-even_scen-even_room-32-32-4-even-2_scen-agents20-idx5-seed42-1783527614970,0,0,8,0.011730,1,2,32,34,3,7,149,49,0.000000,0.049000,0.144000,0.112000,0.013745,1
_home_max_Documents_PhD_MAPF_LNS_MAPF_LNS_SAT_mapf-map_room-32-32-4_map-_home_max_Documents_PhD_MAPF_LNS_MAPF_LNS_SAT_mapf-scen-even_scen-even_room-32-32-4-even-2_scen-agents20-idx5-seed42-1783527614970,0,0,4,0.005865,1,2,36,38,1,2,20,9,0.000000,0.007000,0.032000,0.020000,0.001665,1
_home_max_Documents_PhD_MAPF_LNS_MAPF_LNS_SAT_mapf-map_room-32-32-4_map-_home_max_Documents_PhD_MAPF_LNS_MAPF_LNS_SAT_mapf-scen-even_scen-even_room-32-32-4-even-2_scen-agents20-idx5-seed42-1783527614970,0,0,8,0.011730,1,2,39,41,3,7,151,50,0.000000,0.044000,0.130000,0.100000,0.009993,1
_home_max_Documents_PhD_MAPF_LNS_MAPF_LNS_SAT_mapf-map_room-32-32-4_map-_home_max_Documents_PhD_MAPF_LNS_MAPF_LNS_SAT_mapf-scen-even_scen-even_room-32-32-4-even-2_scen-agents20-idx5-seed42-1783527614970,0,0,8,0.011730,1,2,41,43,3,7,148,48,0.000000,0.043000,0.129000,0.096000,0.009903,1
_home_max_Documents_PhD_MAPF_LNS_MAPF_LNS_SAT_mapf-map_room-32-32-4_map-_home_max_Documents_PhD_MAPF_LNS_MAPF_LNS_SAT_mapf-scen-even_scen-even_room-32-32-4-even-2_scen-agents20-idx5-seed42-1783527614970,0,0,8,0.011730,1,2,44,46,3,7,148,48,0.000000,0.040000,0.124000,0.095000,0.009065,1
_home_max_Documents_PhD_MAPF_LNS_MAPF_LNS_SAT_mapf-map_room-32-32-4_map-_home_max_Documents_PhD_MAPF_LNS_MAPF_LNS_SAT_mapf-scen-even_scen-even_room-32-32-4-even-2_scen-agents20-idx5-seed42-1783527614970,0,0,5,0.007331,1,2,46,48,1,2,25,10,0.000000,0.009000,0.044000,0.029000,0.003090,1
_home_max_Documents_PhD_MAPF_LNS_MAPF_LNS_SAT_mapf-map_room-32-32-4_map-_home_max_Documents_PhD_MAPF_LNS_MAPF_LNS_SAT_mapf-scen-even_scen-even_room-32-32-4-even-2_scen-agents20-idx5-seed42-1783527614970,0,0,5,0.007331,1,2,47,49,1,1,24,10,0.000000,0.009000,0.024000,0.019000,0.001181,1
_home_max_Documents_PhD_MAPF_LNS_MAPF_LNS_SAT_mapf-map_room-32-32-4_map-_home_max_Documents_PhD_MAPF_LNS_MAPF_LNS_SAT_mapf-scen-even_scen-even_room-32-32-4-even-2_scen-agents20-idx5-seed42-1783527614970,0,0,5,0.007331,1,3,52,54,1,2,32,14,0.000000,0.013000,0.044000,0.026000,0.001864,1
_home_max_Documents_PhD_MAPF_LNS_MAPF_LNS_SAT_mapf-map_room-32-32-4_map-_home_max_Documents_PhD_MAPF_LNS_MAPF_LNS_SAT_mapf-scen-even_scen-even_room-32-32-4-even-2_scen-agents20-idx5-seed42-1783527614970,0,0,4,0.005865,1,2,54,56,1,2,20,9,0.000000,0.007000,0.030000,0.019000,0.001406,1
_home_max_Documents_PhD_MAPF_LNS_MAPF_LNS_SAT_mapf-map_room-32-32-4_map-_home_max_Documents_PhD_MAPF_LNS_MAPF_LNS_SAT_mapf-scen-even_scen-even_room-32-32-4-even-3_scen-agents20-idx0-seed42-1783527615072,0,0,5,0.007331,1,2,7,9,3,6,70,32,0.000000,0.025000,0.120000,0.089000,0.016484,1
_home_max_Documents_PhD_MAPF_LNS_MAPF_LNS_SAT_mapf-map_room-32-32-4_map-_home_max_Documents_PhD_MAPF_LNS_MAPF_LNS_SAT_mapf-scen-even_scen-even_room-32-32-4-even-3_scen-agents20-idx0-seed42-1783527615072,0,0,5,0.007331,1,2,12,14,1,2,25,10,0.000000,0.008000,0.036000,0.024000,0.001852,1
_home_max_Documents_PhD_MAPF_LNS_MAPF_LNS_SAT_mapf-map_room-32-32-4_map-_home_max_Documents_PhD_MAPF_LNS_MAPF_LNS_SAT_mapf-scen-even_scen-even_room-32-32-4-even-3_scen-agents20-idx0-seed42-1783527615072,0,0,5,0.007331,1,2,12,14,1,3,26,10,0.000000,0.007000,0.048000,0.026000,0.002107,1
_home_max_Documents_PhD_MAPF_LNS_MAPF_LNS_SAT_mapf-map_room-32-32-4_map-_home_max_Documents_PhD_MAPF_LNS_MAPF_LNS_SAT_mapf-scen-even_scen-even_room-32-32-4-even-3_scen-agents20-idx0-seed42-1783527615072,0,0,4,0.005865,1,2,12,14,1,4,22,9,0.000000,0.006000,0.045000,0.026000,0.001879,1
_home_max_Documents_PhD_MAPF_LNS_MAPF_LNS_SAT_mapf-map_room-32-32-4_map-_home_max_Documents_PhD_MAPF_LNS_MAPF_LNS_SAT_mapf-scen-even_scen-even_room-32-32-4-even-3_scen-agents20-idx0-seed42-1783527615072,0,0,5,0.007331,1,2,16,18,1,1,24,10,0.000000,0.007000,0.023000,0.018000,0.001088,1
_home_max_Documents_PhD_MAPF_LNS_MAPF_LNS_SAT_mapf-map_room-32-32-4_map-_home_max_Documents_PhD_MAPF_LNS_MAPF_LNS_SAT_mapf-scen-even_scen-even_room-32-32-4-even-3_scen-agents20-idx0-seed42-1783527615072,0,0,5,0.007331,1,2,18,20,1,1,24,10,0.000000,0.006000,0.022000,0.017000,0.000889,1
_home_max_Documents_PhD_MAPF_LNS_MAPF_LNS_SAT_mapf-map_room-32-32-4_map-_home_max_Documents_PhD_MAPF_LNS_MAPF_LNS_SAT_mapf-scen-even_scen-even_room-32-32-4-even-3_scen-agents20-idx0-seed42-1783527615072,0,0,5,0.007331,1,2,21,23,1,1,24,10,0.000000,0.006000,0.022000,0.017000,0.000905,1
_home_max_Documents_PhD_MAPF_LNS_MAPF_LNS_SAT_mapf-map_room-32-32-4_map-_home_max_Documents_PhD_MAPF_LNS_MAPF_LNS_SAT_mapf-scen-even_scen-even_room-32-32-4-even-3_scen-agents20-idx0-seed42-1783527615072,0,0,5,0.007331,1,2,22,24,1,1,24,10,0.000000,0.006000,0.021000,0.016000,0.000764,1
_home_max_Documents_PhD_MAPF_LNS_MAPF_LNS_SAT_mapf-map_room-32-32-4_map-_home_max_Documents_PhD_MAPF_LNS_MAPF_LNS_SAT_mapf-scen-even_scen-even_room-32-32-4-even-3_scen-agents20-idx0-seed42-1783527615072,0,0,7,0.010264,1,2,25,27,2,4,31,16,0.000000,0.010000,0.041000,0.026000,0.001259,0
_home_max_Documents_PhD_MAPF_LNS_MAPF_LNS_SAT_mapf-map_room-32-32-4_map-_home_max_Documents_PhD_MAPF_LNS_MAPF_LNS_SAT_mapf-scen-even_scen-even_room-32-32-4-even-3_scen-agents20-idx0-seed42-1783527615072,0,1,12,0.017595,1,3,24,28,2,4,152,60,0.000000,0.057000,0.116000,0.094000,0.007380,0
_home_max_Documents_PhD_MAPF_LNS_MAPF_LNS_SAT_mapf-map_room-32-32-4_map-_home_max_Documents_PhD_MAPF_LNS_MAPF_LNS_SAT_mapf-scen-even_scen-even_room-32-32-4-even-3_scen-agents20-idx0-seed42-1783527615072,0,2,27,0.039589,1,3,22,30,2,4,861,185,0.000000,0.236000,0.412000,0.380000,0.022316,0
_home_max_Documents_PhD_MAPF_LNS_MAPF_LNS_SAT_mapf-map_room-32-32-4_map-_home_max_Documents_PhD_MAPF_LNS_MAPF_LNS_SAT_mapf-scen-even_scen-even_room-32-32-4-even-3_scen-agents20-idx0-seed42-1783527615072,0,3,63,0.092375,1,4,19,33,2,4,7477,779,0.000000,1.693000,3.096000,2.926000,0.109009,0
_home_max_Documents_PhD_MAPF_LNS_MAPF_LNS_SAT_mapf-map_room-32-32-4_map-_home_max_Documents_PhD_MAPF_LNS_MAPF_LNS_SAT_mapf-scen-even_scen-even_room-32-32-4-even-3_scen-agents20-idx0-seed42-1783527615072,0,4,181,0.265396,2,7,15,46,2,4,500268,10940,0.001000,228.449000,439.970000,436.789000,3.749416,0
_home_max_Documents_PhD_MAPF_LNS_MAPF_LNS_SAT_mapf-map_room-32-32-4_map-_home_max_Documents_PhD_MAPF_LNS_MAPF_LNS_SAT_mapf-scen-even_scen-even_room-32-32-4-even-3_scen-agents20-idx0-seed42-1783527615072,0,5,459,0.673021,3,16,10,53,1,10,4009839,44809,0.001000,6889.334000,3474.113000,2965.035000,64.075039,1
_home_max_Documents_PhD_MAPF_LNS_MAPF_LNS_SAT_mapf-map_room-32-32-4_map-_home_max_Documents_PhD_MAPF_LNS_MAPF_LNS_SAT_mapf-scen-even_scen-even_room-32-32-4-even-3_scen-agents20-idx1-seed42-1783527626363,0,0,6,0.008798,1,2,0,1,2,3,22,12,0.000000,0.009000,0.076000,0.055000,0.007485,1
_home_max_Documents_PhD_MAPF_LNS_MAPF_LNS_SAT_mapf-map_room-32-32-4_map-_home_max_Documents_PhD_MAPF_LNS_MAPF_LNS_SAT_mapf-scen-even_scen-even_room-32-32-4-even-3_scen-agents20-idx1-seed42-1783527626363,0,0,9,0.013196,1,2,8,10,4,8,355,103,0.000000,0.094000,0.242000,0.201000,0.016970,1
_home_max_Documents_PhD_MAPF_LNS_MAPF_LNS_SAT_mapf-map_room-32-32-4_map-_home_max_Documents_PhD_MAPF_LNS_MAPF_LNS_SAT_mapf-scen-even_scen-even_room-32-32-4-even-3_scen-agents20-idx1-seed42-1783527626363,0,0,9,0.013196,4,5,13,16,3,5,297,115,0.000000,0.109000,0.179000,0.152000,0.005306,0
_home_max_Documents_PhD_MAPF_LNS_MAPF_LNS_SAT_mapf-map_room-32-32-4_map-_home_max_Documents_PhD_MAPF_LNS_MAPF_LNS_SAT_mapf-scen-even_scen-even_room-32-32-4-even-3_scen-agents20-idx1-seed42-1783527626363,0,1,16,0.023460,4,6,12,17,6,15,9142,1621,0.000000,2.909000,5.993000,5.711000,0.251727,0
_home_max_Documents_PhD_MAPF_LNS_MAPF_LNS_SAT_mapf-map_room-32-32-4_map-_home_max_Documents_PhD_MAPF_LNS_MAPF_LNS_SAT_mapf-scen-even_scen-even_room-32-32-4-even-3_scen-agents20-idx1-seed42-1783527626363,0,2,36,0.052786,5,10,10,23,4,9,5456,1310,0.000000,2.041000,2.621000,2.418000,0.185091,0
_home_max_Documents_PhD_MAPF_LNS_MAPF_LNS_SAT_mapf-map_room-32-32-4_map-_home_max_Documents_PhD_MAPF_LNS_MAPF_LNS_SAT_mapf-scen-even_scen-even_room-32-32-4-even-3_scen-agents20-idx1-seed42-1783527626363,0,3,106,0.155425,6,14,7,27,5,16,45088,5464,0.000000,17.315000,32.729000,31.718000,2.277698,0
_home_max_Documents_PhD_MAPF_LNS_MAPF_LNS_SAT_mapf-map_room-32-32-4_map-_home_max_Documents_PhD_MAPF_LNS_MAPF_LNS_SAT_mapf-scen-even_scen-even_room-32-32-4-even-3_scen-agents20-idx1-seed42-1783527626363,0,4,270,0.395894,7,16,3,40,4,22,164267,13570,0.003000,75.978000,107.316000,102.841000,8.582363,1
_home_max_Documents_PhD_MAPF_LNS_MAPF_LNS_SAT_mapf-map_room-32-32-4_map-_home_max_Documents_PhD_MAPF_LNS_MAPF_LNS_SAT_mapf-scen-even_scen-even_room-32-32-4-even-3_scen-agents20-idx2-seed42-1783527626717,0,0,8,0.011730,1,2,16,18,3,9,150,48,0.000000,0.043000,0.188000,0.142000,0.021487,1
_home_max_Documents_PhD_MAPF_LNS_MAPF_LNS_SAT_mapf-map_room-32-32-4_map-_home_max_Documents_PhD_MAPF_LNS_MAPF_LNS_SAT_mapf-scen-even_scen-even_room-32-32-4-even-3_scen-agents20-idx2-seed42-1783527626717,0,0,4,0.005865,1,2,17,19,1,4,22,9,0.000000,0.007000,0.048000,0.027000,0.002029,1
_home_max_Documents_PhD_MAPF_LNS_MAPF_LNS_SAT_mapf-map_room-32-32-4_map-_home_max_Documents_PhD_MAPF_LNS_MAPF_LNS_SAT_mapf-scen-even_scen-even_room-32-32-4-even-3_scen-agents20-idx2-seed42-1783527626717,0,0,5,0.007331,1,2,20,22,4,7,182,70,0.000000,0.062000,0.138000,0.113000,0.005615,0
_home_max_Documents_PhD_MAPF_LNS_MAPF_LNS_SAT_mapf-map_room-32-32-4_map-_home_max_Documents_PhD_MAPF_LNS_MAPF_LNS_SAT_mapf-scen-even_scen-even_room-32-32-4-even-3_scen-agents20-idx2-seed42-1783527626717,0,1,10,0.014663,1,2,19,23,1,2,21,11,0.000000,0.008000,0.030000,0.018000,0.000866,1
_home_max_Documents_PhD_MAPF_LNS_MAPF_LNS_SAT_mapf-map_room-32-32-4_map-_home_max_Documents_PhD_MAPF_LNS_MAPF_LNS_SAT_mapf-scen-even_scen-even_room-32-32-4-even-3_scen-agents20-idx2-seed42-1783527626717,0,0,11,0.016129,3,4,21,25,4,7,926,258,0.000000,0.312000,0.465000,0.425000,0.010456,0
_home_max_Documents_PhD_MAPF_LNS_MAPF_LNS_SAT_mapf-map_room-32-32-4_map-_home_max_Documents_PhD_MAPF_LNS_MAPF_LNS_SAT_mapf-scen-even_scen-even_room-32-32-4-even-3_scen-agents20-idx2-seed42-1783527626717,0,1,13,0.019062,3,4,20,26,5,12,3355,732,0.000000,1.058000,1.678000,1.555000,0.106274,0
_home_max_Documents_PhD_MAPF_LNS_MAPF_LNS_SAT_mapf-map_room-32-32-4_map-_home_max_Documents_PhD_MAPF_LNS_MAPF_LNS_SAT_mapf-scen-even_scen-even_room-32-32-4-even-3_scen-agents20-idx2-seed42-1783527626717,0,2,48,0.070381,5,9,18,30,4,20,9454,1696,0.000000,3.027000,5.887000,5.265000,1.276256,1
_home_max_Documents_PhD_MAPF_LNS_MAPF_LNS_SAT_mapf-map_room-32-32-4_map-_home_max_Documents_PhD_MAPF_LNS_MAPF_LNS_SAT_mapf-scen-even_scen-even_room-32-32-4-even-3_scen-agents20-idx2-seed42-1783527626717,0,0,4,0.005865,1,2,21,23,1,1,19,9,0.000000,0.010000,0.026000,0.020000,0.001648,1
_home_max_Documents_PhD_MAPF_LNS_MAPF_LNS_SAT_mapf-map_room-32-32-4_map-_home_max_Documents_PhD_MAPF_LNS_MAPF_LNS_SAT_mapf-scen-even_scen-even_room-32-32-4-even-3_scen-agents20-idx2-seed42-1783527626717,0,0,7,0.010264,1,2,23,25,1,2,13,7,0.000000,0.005000,0.027000,0.015000,0.000950,1
_home_max_Documents_PhD_MAPF_LNS_MAPF_LNS_SAT_mapf-map_room-32-32-4_map-_home_max_Documents_PhD_MAPF_LNS_MAPF_LNS_SAT_mapf-scen-even_scen-even_room-32-32-4-even-3_scen-agents20-idx2-seed42-1783527626717,0,0,4,0.005865,1,2,26,28,1,4,22,9,0.000000,0.006000,0.045000,0.026000,0.001795,1
_home_max_Documents_PhD_MAPF_LNS_MAPF_LNS_SAT_mapf-map_room-32-32-4_map-_home_max_Documents_PhD_MAPF_LNS_MAPF_LNS_SAT_mapf-scen-even_scen-even_room-32-32-4-even-3_scen-agents20-idx2-seed42-1783527626717,0,0,4,0.005865,1,2,36,38,1,2,20,9,0.000000,0.006000,0.029000,0.018000,0.001299,1
_home_max_Documents_PhD_MAPF_LNS_MAPF_LNS_SAT_mapf-map_room-32-32-4_map-_home_max_Documents_PhD_MAPF_LNS_MAPF_LNS_SAT_mapf-scen-even_scen-even_room-32-32-4-even-3_scen-agents20-idx2-seed42-1783527626717,0,0,4,0.005865,1,2,38,40,1,4,22,9,0.000000,0.006000,0.042000,0.024000,0.001300,1
_home_max_Documents_PhD_MAPF_LNS_MAPF_LNS_SAT_mapf-map_room-32-32-4_map-_home_max_Documents_PhD_MAPF_LNS_MAPF_LNS_SAT_mapf-scen-even_scen-even_room-32-32-4-even-3_scen-agents20-idx2-seed42-1783527626717,0,0,5,0.007331,1,2,40,42,1,3,26,10,0.000000,0.007000,0.042000,0.024000,0.001847,1
_home_max_Documents_PhD_MAPF_LNS_MAPF_LNS_SAT_mapf-map_room-32-32-4_map-_home_max_Documents_PhD_MAPF_LNS_MAPF_LNS_SAT_mapf-scen-even_scen-even_room-32-32-4-even-3_scen-agents20-idx2-seed42-1783527626717,0,0,5,0.007331,1,2,43,45,1,2,25,10,0.000000,0.008000,0.034000,0.021000,0.001471,1
_home_max_Documents_PhD_MAPF_LNS_MAPF_LNS_SAT_mapf-map_room-32-32-4_map-_home_max_Documents_PhD_MAPF_LNS_MAPF_LNS_SAT_mapf-scen-even_scen-even_room-32-32-4-even-3_scen-agents20-idx3-seed42-1783527626817,0,0,7,0.010264,1,2,3,5,3,5,103,40,0.000000,0.034000,0.120000,0.095000,0.011622,1
_home_max_Documents_PhD_MAPF_LNS_MAPF_LNS_SAT_mapf-map_room-32-32-4_map-_home_max_Documents_PhD_MAPF_LNS_MAPF_LNS_SAT_mapf-scen-even_scen-even_room-32-32-4-even-3_scen-agents20-idx3-seed42-1783527626817,0,0,5,0.007331,1,2,8,10,4,7,180,69,0.000000,0.060000,0.141000,0.115000,0.006143,0
_home_max_Documents_PhD_MAPF_LNS_MAPF_LNS_SAT_mapf-map_room-32-32-4_map-_home_max_Documents_PhD_MAPF_LNS_MAPF_LNS_SAT_mapf-scen-even_scen-even_room-32-32-4-even-3_scen-agents20-idx3-seed42-1783527626817,0,1,9,0.013196,1,2,7,11,3,6,154,58,0.000000,0.049000,0.133000,0.104000,0.013066,1
_home_max_Documents_PhD_MAPF_LNS_MAPF_LNS_SAT_mapf-map_room-32-32-4_map-_home_max_Documents_PhD_MAPF_LNS_MAPF_LNS_SAT_mapf-scen-even_scen-even_room-32-32-4-even-3_scen-agents20-idx3-seed42-1783527626817,0,0,8,0.011730,1,2,13,15,1,1,12,7,0.000000,0.008000,0.019000,0.013000,0.000826,1
_home_max_Documents_PhD_MAPF_LNS_MAPF_LNS_SAT_mapf-map_room-32-32-4_map-_home_max_Documents_PhD_MAPF_LNS_MAPF_LNS_SAT_mapf-scen-even_scen-even_room-32-32-4-even-3_scen-agents20-idx3-seed42-1783527626817,0,0,9,0.013196,1,2,17,19,3,6,120,44,0.000000,0.037000,0.114000,0.085000,0.006798,1
_home_max_Documents_PhD_MAPF_LNS_MAPF_LNS_SAT_mapf-map_room-32-32-4_map-_home_max_Documents_PhD_MAPF_LNS_MAPF_LNS_SAT_mapf-scen-even_scen-even_room-32-32-4-even-3_scen-agents20-idx3-seed42-1783527626817,0,0,5,0.007331,1,2,17,19,1,2,25,10,0.000000,0.007000,0.040000,0.023000,0.002018,1
_home_max_Documents_PhD_MAPF_LNS_MAPF_LNS_SAT_mapf-map_room-32-32-4_map-_home_max_Documents_PhD_MAPF_LNS_MAPF_LNS_SAT_mapf-scen-even_scen-even_room-32-32-4-even-3_scen-agents20-idx3-seed42-1783527626817,0,0,4,0.005865,1,2,19,21,4,7,145,62,0.000000,0.052000,0.118000,0.095000,0.004855,0
_home_max_Documents_PhD_MAPF_LNS_MAPF_LNS_SAT_mapf-map_room-32-32-4_map-_home_max_Documents_PhD_MAPF_LNS_MAPF_LNS_SAT_mapf-scen-even_scen-even_room-32-32-4-even-3_scen-agents20-idx3-seed42-1783527626817,0,1,9,0.013196,1,3,18,22,5,10,1921,472,0.000000,0.574000,0.986000,0.925000,0.060685,0
_home_max_Documents_PhD_MAPF_LNS_MAPF_LNS_SAT_mapf-map_room-32-32-4_map-_home_max_Documents_PhD_MAPF_LNS_MAPF_LNS_SAT_mapf-scen-even_scen-even_room-32-32-4-even-3_scen-agents20-idx3-seed42-1783527626817,0,2,23,0.033724,1,4,16,24,4,11,5395,812,0.000000,1.489000,2.509000,2.386000,0.158827,1
_home_max_Documents_PhD_MAPF_LNS_MAPF_LNS_SAT_mapf-map_room-32-32-4_map-_home_max_Documents_PhD_MAPF_LNS_MAPF_LNS_SAT_mapf-scen-even_scen-even_room-32-32-4-even-3_scen-agents20-idx3-seed42-1783527626817,0,0,4,0.005865,1,2,20,22,4,7,146,63,0.000000,0.053000,0.126000,0.100000,0.005384,0
_home_max_Documents_PhD_MAPF_LNS_MAPF_LNS_SAT_mapf-map_room-32-32-4_map-_home_max_Documents_PhD_MAPF_LNS_MAPF_LNS_SAT_mapf-scen-even_scen-even_room-32-32-4-even-3_scen-agents20-idx3-seed42-1783527626817,0,1,9,0.013196,1,2,19,23,5,10,895,244,0.000000,0.286000,0.507000,0.459000,0.028261,0
_home_max_Documents_PhD_MAPF_LNS_MAPF_LNS_SAT_mapf-map_room-32-32-4_map-_home_max_Documents_PhD_MAPF_LNS_MAPF_LNS_SAT_mapf-scen-even_scen-even_room-32-32-4-even-3_scen-agents20-idx3-seed42-1783527626817,0,2,24,0.035191,1,5,17,25,4,10,1391,329,0.000000,0.437000,0.790000,0.690000,0.084764,1
_home_max_Documents_PhD_MAPF_LNS_MAPF_LNS_SAT_mapf-map_room-32-32-4_map-_home_max_Documents_PhD_MAPF_LNS_MAPF_LNS_SAT_mapf-scen-even_scen-even_room-32-32-4-even-3_scen-agents20-idx3-seed42-1783527626817,0,0,5,0.007331,1,2,35,37,1,2,25,10,0.000000,0.009000,0.038000,0.025000,0.002065,1
_home_max_Documents_PhD_MAPF_LNS_MAPF_LNS_SAT_mapf-map_room-32-32-4_map-_home_max_Documents_PhD_MAPF_LNS_MAPF_LNS_SAT_mapf-scen-even_scen-even_room-32-32-4-even-3_scen-agents20-idx4-seed42-1783527626866,0,0,8,0.011730,3,2,3,7,2,3,52,25,0.000000,0.035000,0.138000,0.103000,0.012513,1
_home_max_Documents_PhD_MAPF_LNS_MAPF_LNS_SAT_mapf-map_room-32-32-4_map-_home_max_Documents_PhD_MAPF_LNS_MAPF_LNS_SAT_mapf-scen-even_scen-even_room-32-32-4-even-3_scen-agents20-idx4-seed42-1783527626866,0,0,9,0.013196,1,2,9,11,3,7,101,43,0.000000,0.069000,0.227000,0.156000,0.015922,1
_home_max_Documents_PhD_MAPF_LNS_MAPF_LNS_SAT_mapf-map_room-32-32-4_map-_home_max_Documents_PhD_MAPF_LNS_MAPF_LNS_SAT_mapf-scen-even_scen-even_room-32-32-4-even-3_scen-agents20-idx4-seed42-1783527626866,0,0,7,0.010264,1,3,12,14,1,2,21,11,0.000000,0.016000,0.066000,0.041000,0.003479,1
_home_max_Documents_PhD_MAPF_LNS_MAPF_LNS_SAT_mapf-map_room-32-32-4_map-_home_max_Documents_PhD_MAPF_LNS_MAPF_LNS_SAT_mapf-scen-even_scen-even_room-32-32-4-even-3_scen-agents20-idx4-seed42-1783527626866,0,0,10,0.014663,6,5,14,19,4,7,1448,365,0.000000,0.866000,1.141000,1.054000,0.034718,0
_home_max_Documents_PhD_MAPF_LNS_MAPF_LNS_SAT_mapf-map_room-32-32-4_map-_home_max_Documents_PhD_MAPF_LNS_MAPF_LNS_SAT_mapf-scen-even_scen-even_room-32-32-4-even-3_scen-agents20-idx4-seed42-1783527626866,0,1,17,0.024927,6,6,13,20,5,10,8947,1452,0.000000,3.588000,4.104000,3.966000,0.180746,0
_home_max_Documents_PhD_MAPF_LNS_MAPF_LNS_SAT_mapf-map_room-32-32-4_map-_home_max_Documents_PhD_MAPF_LNS_MAPF_LNS_SAT_mapf-scen-even_scen-even_room-32-32-4-even-3_scen-agents20-idx4-seed42-1783527626866,0,2,64,0.093842,10,10,11,26,4,19,80935,5958,0.000000,31.902000,50.817000,49.838000,2.552657,1
_home_max_Documents_PhD_MAPF_LNS_MAPF_LNS_SAT_mapf-map_room-32-32-4_map-_home_max_Documents_PhD_MAPF_LNS_MAPF_LNS_SAT_mapf-scen-even_scen-even_room-32-32-4-even-3_scen-agents20-idx4-seed42-1783527626866,0,0,4,0.005865,1,2,28,30,1,4,22,9,0.000000,0.010000,0.051000,0.030000,0.002678,1
_home_max_Documents_PhD_MAPF_LNS_MAPF_LNS_SAT_mapf-map_room-32-32-4_map-_home_max_Documents_PhD_MAPF_LNS_MAPF_LNS_SAT_mapf-scen-even_scen-even_room-32-32-4-even-3_scen-agents20-idx4-seed42-1783527626866,0,0,4,0.005865,1,2,33,35,1,2,20,9,0.000000,0.007000,0.029000,0.019000,0.001306,1
_home_max_Documents_PhD_MAPF_LNS_MAPF_LNS_SAT_mapf-map_room-32-32-4_map-_home_max_Documents_PhD_MAPF_LNS_MAPF_LNS_SAT_mapf-scen-even_scen-even_room-32-32-4-even-3_scen-agents20-idx4-seed42-1783527626866,0,0,4,0.005865,1,2,39,41,1,2,20,9,0.000000,0.008000,0.029000,0.019000,0.001128,1
_home_max_Documents_PhD_MAPF_LNS_MAPF_LNS_SAT_mapf-map_room-32-32-4_map-_home_max_Documents_PhD_MAPF_LNS_MAPF_LNS_SAT_mapf-scen-even_scen-even_room-32-32-4-even-3_scen-agents20-idx4-seed42-1783527626866,0,0,8,0.011730,1,2,48,50,3,13,223,68,0.000000,0.073000,0.232000,0.168000,0.023077,1
_home_max_Documents_PhD_MAPF_LNS_MAPF_LNS_SAT_mapf-map_room-32-32-4_map-_home_max_Documents_PhD_MAPF_LNS_MAPF_LNS_SAT_mapf-scen-even_scen-even_room-32-32-4-even-3_scen-agents20-idx4-seed42-1783527626866,0,0,4,0.005865,1,2,49,51,1,1,19,9,0.000000,0.009000,0.023000,0.018000,0.001067,1
_home_max_Documents_PhD_MAPF_LNS_MAPF_LNS_SAT_mapf-map_room-32-32-4_map-_home_max_Documents_PhD_MAPF_LNS_MAPF_LNS_SAT_mapf-scen-even_scen-even_room-32-32-4-even-3_scen-agents20-idx5-seed42-1783527627016,0,0,5,0.007331,1,2,0,2,2,3,28,15,0.000000,0.011000,0.071000,0.051000,0.007426,1
_home_max_Documents_PhD_MAPF_LNS_MAPF_LNS_SAT_mapf-map_room-32-32-4_map-_home_max_Documents_PhD_MAPF_LNS_MAPF_LNS_SAT_mapf-scen-even_scen-even_room-32-32-4-even-3_scen-agents20-idx5-seed42-1783527627016,0,0,9,0.013196,1,2,3,5,3,7,121,44,0.000000,0.035000,0.125000,0.090000,0.009912,1
_home_max_Documents_PhD_MAPF_LNS_MAPF_LNS_SAT_mapf-map_room-32-32-4_map-_home_max_Documents_PhD_MAPF_LNS_MAPF_LNS_SAT_mapf-scen-even_scen-even_room-32-32-4-even-3_scen-agents20-idx5-seed42-1783527627016,0,0,5,0.007331,1,2,4,6,1,2,25,10,0.000000,0.007000,0.036000,0.024000,0.002062,1
_home_max_Documents_PhD_MAPF_LNS_MAPF_LNS_SAT_mapf-map_room-32-32-4_map-_home_max_Documents_PhD_MAPF_LNS_MAPF_LNS_SAT_mapf-scen-even_scen-even_room-32-32-4-even-3_scen-agents20-idx5-seed42-1783527627016,0,0,12,0.017595,4,2,5,10,2,3,68,32,0.000000,0.021000,0.062000,0.044000,0.003432,1
_home_max_Documents_PhD_MAPF_LNS_MAPF_LNS_SAT_mapf-map_room-32-32-4_map-_home_max_Documents_PhD_MAPF_LNS_MAPF_LNS_SAT_mapf-scen-even_scen-even_room-32-32-4-even-3_scen-agents20-idx5-seed42-1783527627016,0,0,4,0.005865,1,2,7,9,4,7,144,61,0.000000,0.046000,0.120000,0.095000,0.004631,0
_home_max_Documents_PhD_MAPF_LNS_MAPF_LNS_SAT_mapf-map_room-32-32-4_map-_home_max_Documents_PhD_MAPF_LNS_MAPF_LNS_SAT_mapf-scen-even_scen-even_room-32-32-4-even-3_scen-agents20-idx5-seed42-1783527627016,0,1,9,0.013196,1,2,6,10,4,9,458,132,0.000000,0.136000,0.296000,0.258000,0.019103,0
_home_max_Documents_PhD_MAPF_LNS_MAPF_LNS_SAT_mapf-map_room-32-32-4_map-_home_max_Documents_PhD_MAPF_LNS_MAPF_LNS_SAT_mapf-scen-even_scen-even_room-32-32-4-even-3_scen-agents20-idx5-seed42-1783527627016,0,2,21,0.030792,1,3,4,12,3,8,2102,419,0.000000,0.635000,1.516000,1.429000,0.091844,1
_home_max_Documents_PhD_MAPF_LNS_MAPF_LNS_SAT_mapf-map_room-32-32-4_map-_home_max_Documents_PhD_MAPF_LNS_MAPF_LNS_SAT_mapf-scen-even_scen-even_room-32-32-4-even-3_scen-agents20-idx5-seed42-1783527627016,0,0,8,0.011730,1,2,8,10,4,8,304,94,0.000000,0.089000,0.226000,0.189000,0.021012,1
_home_max_Documents_PhD_MAPF_LNS_MAPF_LNS_SAT_mapf-map_room-32-32-4_map-_home_max_Documents_PhD_MAPF_LNS_MAPF_LNS_SAT_mapf-scen-even_scen-even_room-32-32-4-even-3_scen-agents20-idx5-seed42-1783527627016,0,0,7,0.010264,1,3,11,13,5,11,801,242,0.000000,0.247000,0.462000,0.404000,0.017296,0
_home_max_Documents_PhD_MAPF_LNS_MAPF_LNS_SAT_mapf-map_room-32-32-4_map-_home_max_Documents_PhD_MAPF_LNS_MAPF_LNS_SAT_mapf-scen-even_scen-even_room-32-32-4-even-3_scen-agents20-idx5-seed42-1783527627016,0,1,24,0.035191,2,7,10,16,4,10,3619,591,0.000000,1.002000,1.724000,1.587000,0.101586,1
_home_max_Documents_PhD_MAPF_LNS_MAPF_LNS_SAT_mapf-map_room-32-32-4_map-_home_max_Documents_PhD_MAPF_LNS_MAPF_LNS_SAT_mapf-scen-even_scen-even_room-32-32-4-even-3_scen-agents20-idx5-seed42-1783527627016,0,0,5,0.007331,1,2,15,17,1,2,25,10,0.000000,0.008000,0.039000,0.026000,0.002108,1
_home_max_Documents_PhD_MAPF_LNS_MAPF_LNS_SAT_mapf-map_room-32-32-4_map-_home_max_Documents_PhD_MAPF_LNS_MAPF_LNS_SAT_mapf-scen-even_scen-even_room-32-32-4-even-3_scen-agents20-idx5-seed42-1783527627016,0,0,7,0.010264,2,3,16,18,5,15,998,288,0.000000,0.292000,0.661000,0.568000,0.081106,0
_home_max_Documents_PhD_MAPF_LNS_MAPF_LNS_SAT_mapf-map_room-32-32-4_map-_home_max_Documents_PhD_MAPF_LNS_MAPF_LNS_SAT_mapf-scen-even_scen-even_room-32-32-4-even-3_scen-agents20-idx5-seed42-1783527627016,0,1,15,0.021994,2,3,15,19,4,8,1255,288,0.000000,0.370000,0.657000,0.602000,0.048324,1
_home_max_Documents_PhD_MAPF_LNS_MAPF_LNS_SAT_mapf-map_room-32-32-4_map-_home_max_Documents_PhD_MAPF_LNS_MAPF_LNS_SAT_mapf-scen-even_scen-even_room-32-32-4-even-3_scen-agents20-idx5-seed42-1783527627016,0,0,9,0.013196,2,4,18,21,7,16,2413,601,0.000000,0.716000,1.286000,1.149000,0.086697,1
_home_max_Documents_PhD_MAPF_LNS_MAPF_LNS_SAT_mapf-map_room-32-32-4_map-_home_max_Documents_PhD_MAPF_LNS_MAPF_LNS_SAT_mapf-scen-even_scen-even_room-32-32-4-even-3_scen-agents20-idx5-seed42-1783527627016,0,0,7,0.010264,1,2,22,24,4,9,322,102,0.000000,0.100000,0.237000,0.195000,0.018372,1
_home_max_Documents_PhD_MAPF_LNS_MAPF_LNS_SAT_mapf-map_room-32-32-4_map-_home_max_Documents_PhD_MAPF_LNS_MAPF_LNS_SAT_mapf-scen-even_scen-even_room-32-32-4-even-3_scen-agents20-idx5-seed42-1783527627016,0,0,5,0.007331,1,2,22,24,1,3,26,10,0.000000,0.008000,0.044000,0.027000,0.002357,1
_home_max_Documents_PhD_MAPF_LNS_MAPF_LNS_SAT_mapf-map_room-32-32-4_map-_home_max_Documents_PhD_MAPF_LNS_MAPF_LNS_SAT_mapf-scen-even_scen-even_room-32-32-4-even-3_scen-agents20-idx5-seed42-1783527627016,0,0,4,0.005865,1,2,22,24,1,2,20,9,0.000000,0.006000,0.030000,0.020000,0.001452,1
_home_max_Documents_PhD_MAPF_LNS_MAPF_LNS_SAT_mapf-map_room-32-32-4_map-_home_max_Documents_PhD_MAPF_LNS_MAPF_LNS_SAT_mapf-scen-even_scen-even_room-32-32-4-even-3_scen-agents20-idx5-seed42-1783527627016,0,0,9,0.013196,1,3,24,26,4,7,320,104,0.000000,0.107000,0.220000,0.185000,0.010639,1
_home_max_Documents_PhD_MAPF_LNS_MAPF_LNS_SAT_mapf-map_room-32-32-4_map-_home_max_Documents_PhD_MAPF_LNS_MAPF_LNS_SAT_mapf-scen-even_scen-even_room-32-32-4-even-3_scen-agents20-idx5-seed42-1783527627016,0,0,4,0.005865,1,2,30,32,1,2,20,9,0.000000,0.007000,0.032000,0.021000,0.001734,1
_home_max_Documents_PhD_MAPF_LNS_MAPF_LNS_SAT_mapf-map_room-32-32-4_map-_home_max_Documents_PhD_MAPF_LNS_MAPF_LNS_SAT_mapf-scen-even_scen-even_room-32-32-4-even-3_scen-agents20-idx5-seed42-1783527627016,0,0,5,0.007331,1,2,32,34,1,2,25,10,0.000000,0.008000,0.033000,0.022000,0.001760,1
_home_max_Documents_PhD_MAPF_LNS_MAPF_LNS_SAT_mapf-map_room-32-32-4_map-_home_max_Documents_PhD_MAPF_LNS_MAPF_LNS_SAT_mapf-scen-even_scen-even_room-32-32-4-even-3_scen-agents20-idx5-seed42-1783527627016,0,0,9,0.013196,1,2,44,46,3,9,168,50,0.000000,0.048000,0.158000,0.116000,0.013899,1
_home_max_Documents_PhD_MAPF_LNS_MAPF_LNS_SAT_mapf-map_room-32-32-4_map-_home_max_Documents_PhD_MAPF_LNS_MAPF_LNS_SAT_mapf-scen-even_scen-even_room-32-32-4-even-4_scen-agents20-idx0-seed42-1783527627066,0,0,9,0.013196,4,2,0,5,2,3,72,33,0.000000,0.034000,0.140000,0.112000,0.014771,1
_home_max_Documents_PhD_MAPF_LNS_MAPF_LNS_SAT_mapf-map_room-32-32-4_map-_home_max_Documents_PhD_MAPF_LNS_MAPF_LNS_SAT_mapf-scen-even_scen-even_room-32-32-4-even-4_scen-agents20-idx0-seed42-1783527627066,0,0,5,0.007331,1,2,2,4,3,6,70,32,0.000000,0.027000,0.117000,0.080000,0.009379,1
_home_max_Documents_PhD_MAPF_LNS_MAPF_LNS_SAT_mapf-map_room-32-32-4_map-_home_max_Documents_PhD_MAPF_LNS_MAPF_LNS_SAT_mapf-scen-even_scen-even_room-32-32-4-even-4_scen-agents20-idx0-seed42-1783527627066,0,0,5,0.007331,1,2,14,16,2,3,28,15,0.000000,0.012000,0.046000,0.030000,0.001861,1
_home_max_Documents_PhD_MAPF_LNS_MAPF_LNS_SAT_mapf-map_room-32-32-4_map-_home_max_Documents_PhD_MAPF_LNS_MAPF_LNS_SAT_mapf-scen-even_scen-even_room-32-32-4-even-4_scen-agents20-idx0-seed42-1783527627066,0,0,4,0.005865,1,2,22,24,1,2,20,9,0.000000,0.007000,0.037000,0.025000,0.002110,1
_home_max_Documents_PhD_MAPF_LNS_MAPF_LNS_SAT_mapf-map_room-32-32-4_map-_home_max_Documents_PhD_MAPF_LNS_MAPF_LNS_SAT_mapf-scen-even_scen-even_room-32-32-4-even-4_scen-agents20-idx0-seed42-1783527627066,0,0,4,0.005865,1,2,24,26,1,4,22,9,0.000000,0.007000,0.047000,0.027000,0.001710,1
_home_max_Documents_PhD_MAPF_LNS_MAPF_LNS_SAT_mapf-map_room-32-32-4_map-_home_max_Documents_PhD_MAPF_LNS_MAPF_LNS_SAT_mapf-scen-even_scen-even_room-32-32-4-even-4_scen-agents20-idx0-seed42-1783527627066,0,0,4,0.005865,1,4,31,33,3,8,180,73,0.000000,0.076000,0.154000,0.116000,0.004961,0
_home_max_Documents_PhD_MAPF_LNS_MAPF_LNS_SAT_mapf-map_room-32-32-4_map-_home_max_Documents_PhD_MAPF_LNS_MAPF_LNS_SAT_mapf-scen-even_scen-even_room-32-32-4-even-4_scen-agents20-idx0-seed42-1783527627066,0,1,9,0.013196,1,4,30,34,2,6,388,109,0.000000,0.142000,0.266000,0.219000,0.022576,1
_home_max_Documents_PhD_MAPF_LNS_MAPF_LNS_SAT_mapf-map_room-32-32-4_map-_home_max_Documents_PhD_MAPF_LNS_MAPF_LNS_SAT_mapf-scen-even_scen-even_room-32-32-4-even-4_scen-agents20-idx0-seed42-1783527627066,0,0,9,0.013196,1,3,36,38,4,10,461,122,0.000000,0.131000,0.313000,0.262000,0.025294,1
_home_max_Documents_PhD_MAPF_LNS_MAPF_LNS_SAT_mapf-map_room-32-32-4_map-_home_max_Documents_PhD_MAPF_LNS_MAPF_LNS_SAT_mapf-scen-even_scen-even_room-32-32-4-even-4_scen-agents20-idx1-seed42-1783527627121,0,0,7,0.010264,2,3,2,4,4,7,358,140,0.000000,0.204000,0.630000,0.569000,0.025066,0
_home_max_Documents_PhD_MAPF_LNS_MAPF_LNS_SAT_mapf-map_room-32-32-4_map-_home_max_Documents_PhD_MAPF_LNS_MAPF_LNS_SAT_mapf-scen-even_scen-even_room-32-32-4-even-4_scen-agents20-idx1-seed42-1783527627121,0,1,13,0.019062,2,3,1,5,4,10,726,251,0.000000,0.336000,0.872000,0.743000,0.065210,1
_home_max_Documents_PhD_MAPF_LNS_MAPF_LNS_SAT_mapf-map_room-32-32-4_map-_home_max_Documents_PhD_MAPF_LNS_MAPF_LNS_SAT_mapf-scen-even_scen-even_room-32-32-4-even-4_scen-agents20-idx1-seed42-1783527627121,0,0,7,0.010264,1,2,2,4,4,14,237,87,0.000000,0.083000,0.371000,0.279000,0.057327,1
_home_max_Documents_PhD_MAPF_LNS_MAPF_LNS_SAT_mapf-map_room-32-32-4_map-_home_max_Documents_PhD_MAPF_LNS_MAPF_LNS_SAT_mapf-scen-even_scen-even_room-32-32-4-even-4_scen-agents20-idx1-seed42-1783527627121,0,0,5,0.007331,1,2,9,11,1,2,25,10,0.000000,0.008000,0.037000,0.024000,0.001924,1
_home_max_Documents_PhD_MAPF_LNS_MAPF_LNS_SAT_mapf-map_room-32-32-4_map-_home_max_Documents_PhD_MAPF_LNS_MAPF_LNS_SAT_mapf-scen-even_scen-even_room-32-32-4-even-4_scen-agents20-idx1-seed42-1783527627121,0,0,5,0.007331,1,2,14,16,2,3,28,15,0.000000,0.010000,0.037000,0.024000,0.001809,1
_home_max_Documents_PhD_MAPF_LNS_MAPF_LNS_SAT_mapf-map_room-32-32-4_map-_home_max_Documents_PhD_MAPF_LNS_MAPF_LNS_SAT_mapf-scen-even_scen-even_room-32-32-4-even-4_scen-agents20-idx1-seed42-1783527627121,0,0,4,0.005865,1,2,15,17,1,1,19,9,0.000000,0.007000,0.021000,0.015000,0.001173,1
_home_max_Documents_PhD_MAPF_LNS_MAPF_LNS_SAT_mapf-map_room-32-32-4_map-_home_max_Documents_PhD_MAPF_LNS_MAPF_LNS_SAT_mapf-scen-even_scen-even_room-32-32-4-even-4_scen-agents20-idx1-seed42-1783527627121,0,0,4,0.005865,1,2,18,20,1,4,22,9,0.000000,0.006000,0.044000,0.023000,0.001671,1
_home_max_Documents_PhD_MAPF_LNS_MAPF_LNS_SAT_mapf-map_room-32-32-4_map-_home_max_Documents_PhD_MAPF_LNS_MAPF_LNS_SAT_mapf-scen-even_scen-even_room-32-32-4-even-4_scen-agents20-idx1-seed42-1783527627121,0,0,7,0.010264,1,2,21,23,3,7,83,36,0.000000,0.025000,0.099000,0.068000,0.007047,1
_home_max_Documents_PhD_MAPF_LNS_MAPF_LNS_SAT_mapf-map_room-32-32-4_map-_home_max_Documents_PhD_MAPF_LNS_MAPF_LNS_SAT_mapf-scen-even_scen-even_room-32-32-4-even-4_scen-agents20-idx1-seed42-1783527627121,0,0,5,0.007331,1,2,28,30,3,9,73,32,0.000000,0.022000,0.116000,0.073000,0.014606,1
_home_max_Documents_PhD_MAPF_LNS_MAPF_LNS_SAT_mapf-map_room-32-32-4_map-_home_max_Documents_PhD_MAPF_LNS_MAPF_LNS_SAT_mapf-scen-even_scen-even_room-32-32-4-even-4_scen-agents20-idx2-seed42-1783527627169,0,0,9,0.013196,1,2,0,1,3,7,78,32,0.000000,0.023000,0.138000,0.100000,0.012705,1
_home_max_Documents_PhD_MAPF_LNS_MAPF_LNS_SAT_mapf-map_room-32-32-4_map-_home_max_Documents_PhD_MAPF_LNS_MAPF_LNS_SAT_mapf-scen-even_scen-even_room-32-32-4-even-4_scen-agents20-idx2-seed42-1783527627169,0,0,19,0.027859,15,5,3,11,5,15,5302,970,0.000000,1.541000,3.525000,3.332000,0.248688,0
_home_max_Documents_PhD_MAPF_LNS_MAPF_LNS_SAT_mapf-map_room-32-32-4_map-_home_max_Documents_PhD_MAPF_LNS_MAPF_LNS_SAT_mapf-scen-even_scen-even_room-32-32-4-even-4_scen-agents20-idx2-seed42-1783527627169,0,1,29,0.042522,15,5,2,12,4,12,4019,801,0.000000,1.209000,2.416000,2.222000,0.197564,1
_home_max_Documents_PhD_MAPF_LNS_MAPF_LNS_SAT_mapf-map_room-32-32-4_map-_home_max_Documents_PhD_MAPF_LNS_MAPF_LNS_SAT_mapf-scen-even_scen-even_room-32-32-4-even-4_scen-agents20-idx2-seed42-1783527627169,0,0,4,0.005865,1,2,3,5,4,11,143,60,0.000000,0.046000,0.201000,0.145000,0.018635,1
_home_max_Documents_PhD_MAPF_LNS_MAPF_LNS_SAT_mapf-map_room-32-32-4_map-_home_max_Documents_PhD_MAPF_LNS_MAPF_LNS_SAT_mapf-scen-even_scen-even_room-32-32-4-even-4_scen-agents20-idx2-seed42-1783527627169,0,0,7,0.010264,1,2,15,17,3,9,134,46,0.000000,0.039000,0.150000,0.108000,0.012985,1
_home_max_Documents_PhD_MAPF_LNS_MAPF_LNS_SAT_mapf-map_room-32-32-4_map-_home_max_Documents_PhD_MAPF_LNS_MAPF_LNS_SAT_mapf-scen-even_scen-even_room-32-32-4-even-4_scen-agents20-idx2-seed42-1783527627169,0,0,9,0.013196,1,2,20,22,3,7,121,44,0.000000,0.037000,0.123000,0.091000,0.011150,1
_home_max_Documents_PhD_MAPF_LNS_MAPF_LNS_SAT_mapf-map_room-32-32-4_map-_home_max_Documents_PhD_MAPF_LNS_MAPF_LNS_SAT_mapf-scen-even_scen-even_room-32-32-4-even-4_scen-agents20-idx2-seed42-1783527627169,0,0,9,0.013196,1,3,22,24,3,7,100,43,0.000000,0.036000,0.112000,0.076000,0.007376,1
_home_max_Documents_PhD_MAPF_LNS_MAPF_LNS_SAT_mapf-map_room-32-32-4_map-_home_max_Documents_PhD_MAPF_LNS_MAPF_LNS_SAT_mapf-scen-even_scen-even_room-32-32-4-even-4_scen-agents20-idx2-seed42-1783527627169,0,0,8,0.011730,1,3,24,26,3,7,121,45,0.000000,0.039000,0.125000,0.090000,0.008427,1
_home_max_Documents_PhD_MAPF_LNS_MAPF_LNS_SAT_mapf-map_room-32-32-4_map-_home_max_Documents_PhD_MAPF_LNS_MAPF_LNS_SAT_mapf-scen-even_scen-even_room-32-32-4-even-4_scen-agents20-idx2-seed42-1783527627169,0,0,11,0.016129,3,4,25,29,4,22,1345,337,0.000000,0.440000,1.175000,0.931000,0.279819,1
_home_max_Documents_PhD_MAPF_LNS_MAPF_LNS_SAT_mapf-map_room-32-32-4_map-_home_max_Documents_PhD_MAPF_LNS_MAPF_LNS_SAT_mapf-scen-even_scen-even_room-32-32-4-even-4_scen-agents20-idx2-seed42-1783527627169,0,0,9,0.013196,2,3,25,28,4,20,566,166,0.000000,0.170000,0.598000,0.443000,0.133167,1
_home_max_Documents_PhD_MAPF_LNS_MAPF_LNS_SAT_mapf-map_room-32-32-4_map-_home_max_Documents_PhD_MAPF_LNS_MAPF_LNS_SAT_mapf-scen-even_scen-even_room-32-32-4-even-4_scen-agents20-idx2-seed42-1783527627169,0,0,7,0.010264,1,2,40,42,3,9,163,57,0.000000,0.055000,0.171000,0.122000,0.012155,1
_home_max_Documents_PhD_MAPF_LNS_MAPF_LNS_SAT_mapf-map_room-32-32-4_map-_home_max_Documents_PhD_MAPF_LNS_MAPF_LNS_SAT_mapf-scen-even_scen-even_room-32-32-4-even-4_scen-agents20-idx2-seed42-1783527627169,0,0,5,0.007331,1,2,40,42,1,1,24,10,0.000000,0.008000,0.023000,0.018000,0.001245,1
_home_max_Documents_PhD_MAPF_LNS_MAPF_LNS_SAT_mapf-map_room-32-32-4_map-_home_max_Documents_PhD_MAPF_LNS_MAPF_LNS_SAT_mapf-scen-even_scen-even_room-32-32-4-even-4_scen-agents20-idx2-seed42-1783527627169,0,0,9,0.013196,1,2,43,45,3,13,213,63,0.000000,0.059000,0.239000,0.170000,0.033204,1
_home_max_Documents_PhD_MAPF_LNS_MAPF_LNS_SAT_mapf-map_room-32-32-4_map-_home_max_Documents_PhD_MAPF_LNS_MAPF_LNS_SAT_mapf-scen-even_scen-even_room-32-32-4-even-4_scen-agents20-idx3-seed42-1783527627218,0,0,4,0.005865,1,2,3,5,1,4,22,9,0.000000,0.009000,0.080000,0.054000,0.008263,1
_home_max_Documents_PhD_MAPF_LNS_MAPF_LNS_SAT_mapf-map_room-32-32-4_map-_home_max_Documents_PhD_MAPF_LNS_MAPF_LNS_SAT_mapf-scen-even_scen-even_room-32-32-4-even-4_scen-agents20-idx3-seed42-1783527627218,0,0,9,0.013196,4,2,4,9,1,1,30,16,0.000000,0.013000,0.032000,0.025000,0.001786,1
_home_max_Documents_PhD_MAPF_LNS_MAPF_LNS_SAT_mapf-map_room-32-32-4_map-_home_max_Documents_PhD_MAPF_LNS_MAPF_LNS_SAT_mapf-scen-even_scen-even_room-32-32-4-even-4_scen-agents20-idx3-seed42-1783527627218,0,0,5,0.007331,1,2,6,8,1,2,25,10,0.000000,0.008000,0.041000,0.027000,0.002310,1
_home_max_Documents_PhD_MAPF_LNS_MAPF_LNS_SAT_mapf-map_room-32-32-4_map-_home_max_Documents_PhD_MAPF_LNS_MAPF_LNS_SAT_mapf-scen-even_scen-even_room-32-32-4-even-4_scen-agents20-idx3-seed42-1783527627218,0,0,8,0.011730,1,2,10,12,3,6,109,42,0.000000,0.037000,0.124000,0.094000,0.010730,1
_home_max_Documents_PhD_MAPF_LNS_MAPF_LNS_SAT_mapf-map_room-32-32-4_map-_home_max_Documents_PhD_MAPF_LNS_MAPF_LNS_SAT_mapf-scen-even_scen-even_room-32-32-4-even-4_scen-agents20-idx3-seed42-1783527627218,0,0,9,0.013196,1,2,12,14,3,9,168,50,0.000000,0.045000,0.160000,0.118000,0.013791,1
_home_max_Documents_PhD_MAPF_LNS_MAPF_LNS_SAT_mapf-map_room-32-32-4_map-_home_max_Documents_PhD_MAPF_LNS_MAPF_LNS_SAT_mapf-scen-even_scen-even_room-32-32-4-even-4_scen-agents20-idx3-seed42-1783527627218,0,0,9,0.013196,1,2,13,15,4,9,354,101,0.000000,0.092000,0.249000,0.203000,0.017206,1
_home_max_Documents_PhD_MAPF_LNS_MAPF_LNS_SAT_mapf-map_room-32-32-4_map-_home_max_Documents_PhD_MAPF_LNS_MAPF_LNS_SAT_mapf-scen-even_scen-even_room-32-32-4-even-4_scen-agents20-idx3-seed42-1783527627218,0,0,8,0.011730,1,2,20,22,3,8,94,40,0.000000,0.032000,0.122000,0.081000,0.010362,1
_home_max_Documents_PhD_MAPF_LNS_MAPF_LNS_SAT_mapf-map_room-32-32-4_map-_home_max_Documents_PhD_MAPF_LNS_MAPF_LNS_SAT_mapf-scen-even_scen-even_room-32-32-4-even-4_scen-agents20-idx3-seed42-1783527627218,0,0,4,0.005865,1,2,40,42,1,1,19,9,0.000000,0.008000,0.022000,0.016000,0.001200,1
_home_max_Documents_PhD_MAPF_LNS_MAPF_LNS_SAT_mapf-map_room-32-32-4_map-_home_max_Documents_PhD_MAPF_LNS_MAPF_LNS_SAT_mapf-scen-even_scen-even_room-32-32-4-even-4_scen-agents20-idx4-seed42-1783527627272,0,0,8,0.011730,2,3,3,6,1,2,51,20,0.000000,0.017000,0.074000,0.056000,0.008983,1
_home_max_Documents_PhD_MAPF_LNS_MAPF_LNS_SAT_mapf-map_room-32-32-4_map-_home_max_Documents_PhD_MAPF_LNS_MAPF_LNS_SAT_mapf-scen-even_scen-even_room-32-32-4-even-4_scen-agents20-idx4-seed42-1783527627272,0,0,6,0.008798,1,2,4,6,3,7,93,38,0.000000,0.032000,0.109000,0.076000,0.008709,1
_home_max_Documents_PhD_MAPF_LNS_MAPF_LNS_SAT_mapf-map_room-32-32-4_map-_home_max_Documents_PhD_MAPF_LNS_MAPF_LNS_SAT_mapf-scen-even_scen-even_room-32-32-4-even-4_scen-agents20-idx4-seed42-1783527627272,0,0,12,0.017595,2,3,10,13,3,6,176,68,0.000000,0.059000,0.149000,0.114000,0.009270,1
_home_max_Documents_PhD_MAPF_LNS_MAPF_LNS_SAT_mapf-map_room-32-32-4_map-_home_max_Documents_PhD_MAPF_LNS_MAPF_LNS_SAT_mapf-scen-even_scen-even_room-32-32-4-even-4_scen-agents20-idx4-seed42-1783527627272,0,0,4,0.005865,1,2,15,17,4,7,144,61,0.000000,0.047000,0.116000,0.093000,0.005122,0
_home_max_Documents_PhD_MAPF_LNS_MAPF_LNS_SAT_mapf-map_room-32-32-4_map-_home_max_Documents_PhD_MAPF_LNS_MAPF_LNS_SAT_mapf-scen-even_scen-even_room-32-32-4-even-4_scen-agents20-idx4-seed42-1783527627272,0,1,9,0.013196,1,2,14,18,5,14,726,202,0.000000,0.226000,0.489000,0.407000,0.047684,1
_home_max_Documents_PhD_MAPF_LNS_MAPF_LNS_SAT_mapf-map_room-32-32-4_map-_home_max_Documents_PhD_MAPF_LNS_MAPF_LNS_SAT_mapf-scen-even_scen-even_room-32-32-4-even-4_scen-agents20-idx4-seed42-1783527627272,0,0,5,0.007331,1,2,21,23,1,3,26,10,0.000000,0.009000,0.047000,0.028000,0.002498,1
_home_max_Documents_PhD_MAPF_LNS_MAPF_LNS_SAT_mapf-map_room-32-32-4_map-_home_max_Documents_PhD_MAPF_LNS_MAPF_LNS_SAT_mapf-scen-even_scen-even_room-32-32-4-even-4_scen-agents20-idx4-seed42-1783527627272,0,0,9,0.013196,2,3,22,25,3,8,168,67,0.000000,0.061000,0.173000,0.123000,0.016465,1
_home_max_Documents_PhD_MAPF_LNS_MAPF_LNS_SAT_mapf-map_room-32-32-4_map-_home_max_Documents_PhD_MAPF_LNS_MAPF_LNS_SAT_mapf-scen-even_scen-even_room-32-32-4-even-4_scen-agents20-idx4-seed42-1783527627272,0,0,5,0.007331,1,2,27,29,1,1,24,10,0.000000,0.008000,0.025000,0.020000,0.001215,1
_home_max_Documents_PhD_MAPF_LNS_MAPF_LNS_SAT_mapf-map_room-32-32-4_map-_home_max_Documents_PhD_MAPF_LNS_MAPF_LNS_SAT_mapf-scen-even_scen-even_room-32-32-4-even-4_scen-agents20-idx4-seed42-1783527627272,0,0,7,0.010264,1,2,28,30,3,7,142,51,0.000000,0.045000,0.113000,0.087000,0.002646,0
_home_max_Documents_PhD_MAPF_LNS_MAPF_LNS_SAT_mapf-map_room-32-32-4_map-_home_max_Documents_PhD_MAPF_LNS_MAPF_LNS_SAT_mapf-scen-even_scen-even_room-32-32-4-even-4_scen-agents20-idx4-seed42-1783527627272,0,1,15,0.021994,1,3,27,31,2,8,160,54,0.000000,0.050000,0.172000,0.119000,0.020215,1
_home_max_Documents_PhD_MAPF_LNS_MAPF_LNS_SAT_mapf-map_room-32-32-4_map-_home_max_Documents_PhD_MAPF_LNS_MAPF_LNS_SAT_mapf-scen-even_scen-even_room-32-32-4-even-4_scen-agents20-idx5-seed42-1783527627320,0,0,12,0.017595,4,2,0,5,2,3,74,33,0.000000,0.027000,0.109000,0.088000,0.011146,1
_home_max_Documents_PhD_MAPF_LNS_MAPF_LNS_SAT_mapf-map_room-32-32-4_map-_home_max_Documents_PhD_MAPF_LNS_MAPF_LNS_SAT_mapf-scen-even_scen-even_room-32-32-4-even-4_scen-agents20-idx5-seed42-1783527627320,0,0,21,0.030792,10,6,1,10,5,12,6293,1225,0.000000,1.939000,4.199000,4.012000,0.175732,1
_home_max_Documents_PhD_MAPF_LNS_MAPF_LNS_SAT_mapf-map_room-32-32-4_map-_home_max_Documents_PhD_MAPF_LNS_MAPF_LNS_SAT_mapf-scen-even_scen-even_room-32-32-4-even-4_scen-agents20-idx5-seed42-1783527627320,0,0,5,0.007331,1,2,2,4,2,3,28,15,0.000000,0.009000,0.043000,0.028000,0.002357,1
_home_max_Documents_PhD_MAPF_LNS_MAPF_LNS_SAT_mapf-map_room-32-32-4_map-_home_max_Documents_PhD_MAPF_LNS_MAPF_LNS_SAT_mapf-scen-even_scen-even_room-32-32-4-even-4_scen-agents20-idx5-seed42-1783527627320,0,0,8,0.011730,1,2,12,14,3,7,93,40,0.000000,0.029000,0.119000,0.084000,0.012195,1
_home_max_Documents_PhD_MAPF_LNS_MAPF_LNS_SAT_mapf-map_room-32-32-4_map-_home_max_Documents_PhD_MAPF_LNS_MAPF_LNS_SAT_mapf-scen-even_scen-even_room-32-32-4-even-4_scen-agents20-idx5-seed42-1783527627320,0,0,8,0.011730,1,2,16,18,3,7,110,42,0.000000,0.033000,0.123000,0.089000,0.011767,1
_home_max_Documents_PhD_MAPF_LNS_MAPF_LNS_SAT_mapf-map_room-32-32-4_map-_home_max_Documents_PhD_MAPF_LNS_MAPF_LNS_SAT_mapf-scen-even_scen-even_room-32-32-4-even-4_scen-agents20-idx5-seed42-1783527627320,0,0,4,0.005865,1,2,17,19,4,7,144,61,0.000000,0.045000,0.117000,0.092000,0.004659,0
_home_max_Documents_PhD_MAPF_LNS_MAPF_LNS_SAT_mapf-map_room-32-32-4_map-_home_max_Documents_PhD_MAPF_LNS_MAPF_LNS_SAT_mapf-scen-even_scen-even_room-32-32-4-even-4_scen-agents20-idx5-seed42-1783527627320,0,1,9,0.013196,1,2,16,20,5,10,787,208,0.000000,0.229000,0.452000,0.411000,0.031477,0
_home_max_Documents_PhD_MAPF_LNS_MAPF_LNS_SAT_mapf-map_room-32-32-4_map-_home_max_Documents_PhD_MAPF_LNS_MAPF_LNS_SAT_mapf-scen-even_scen-even_room-32-32-4-even-4_scen-agents20-idx5-seed42-1783527627320,0,2,24,0.035191,1,2,14,22,4,10,1531,291,0.000000,0.418000,0.783000,0.715000,0.068121,1
_home_max_Documents_PhD_MAPF_LNS_MAPF_LNS_SAT_mapf-map_room-32-32-4_map-_home_max_Documents_PhD_MAPF_LNS_MAPF_LNS_SAT_mapf-scen-even_scen-even_room-32-32-4-even-4_scen-agents20-idx5-seed42-1783527627320,0,0,7,0.010264,1,2,19,21,3,7,103,43,0.000000,0.040000,0.110000,0.077000,0.007591,0
_home_max_Documents_PhD_MAPF_LNS_MAPF_LNS_SAT_mapf-map_room-32-32-4_map-_home_max_Documents_PhD_MAPF_LNS_MAPF_LNS_SAT_mapf-scen-even_scen-even_room-32-32-4-even-4_scen-agents20-idx5-seed42-1783527627320,0,1,15,0.021994,1,3,18,22,3,7,201,79,0.000000,0.072000,0.163000,0.126000,0.013486,0
_home_max_Documents_PhD_MAPF_LNS_MAPF_LNS_SAT_mapf-map_room-32-32-4_map-_home_max_Documents_PhD_MAPF_LNS_MAPF_LNS_SAT_mapf-scen-even_scen-even_room-32-32-4-even-4_scen-agents20-idx5-seed42-1783527627320,0,2,39,0.057185,2,4,16,28,3,7,620,242,0.000000,0.252000,0.394000,0.331000,0.036932,0
_home_max_Documents_PhD_MAPF_LNS_MAPF_LNS_SAT_mapf-map_room-32-32-4_map-_home_max_Documents_PhD_MAPF_LNS_MAPF_LNS_SAT_mapf-scen-even_scen-even_room-32-32-4-even-4_scen-agents20-idx5-seed42-1783527627320,0,3,87,0.127566,2,7,13,31,1,2,280,134,0.000000,0.152000,0.187000,0.145000,0.019261,1
_home_max_Documents_PhD_MAPF_LNS_MAPF_LNS_SAT_mapf-map_room-32-32-4_map-_home_max_Documents_PhD_MAPF_LNS_MAPF_LNS_SAT_mapf-scen-even_scen-even_room-32-32-4-even-4_scen-agents20-idx5-seed42-1783527627320,0,0,9,0.013196,1,2,20,22,4,9,354,101,0.000000,0.106000,0.256000,0.212000,0.017962,1
_home_max_Documents_PhD_MAPF_LNS_MAPF_LNS_SAT_mapf-map_room-32-32-4_map-_home_max_Documents_PhD_MAPF_LNS_MAPF_LNS_SAT_mapf-scen-even_scen-even_room-32-32-4-even-4_scen-agents20-idx5-seed42-1783527627320,0,0,4,0.005865,1,2,23,25,2,3,28,15,0.000000,0.010000,0.036000,0.024000,0.001832,1
_home_max_Documents_PhD_MAPF_LNS_MAPF_LNS_SAT_mapf-map_room-32-32-4_map-_home_max_Documents_PhD_MAPF_LNS_MAPF_LNS_SAT_mapf-scen-even_scen-even_room-32-32-4-even-4_scen-agents20-idx5-seed42-1783527627320,0,0,5,0.007331,1,2,28,30,2,3,28,15,0.000000,0.009000,0.033000,0.022000,0.001304,1
_home_max_Documents_PhD_MAPF_LNS_MAPF_LNS_SAT_mapf-map_room-32-32-4_map-_home_max_Documents_PhD_MAPF_LNS_MAPF_LNS_SAT_mapf-scen-even_scen-even_room-32-32-4-even-4_scen-agents20-idx5-seed42-1783527627320,0,0,4,0.005865,1,2,37,39,1,1,12,7,0.000000,0.005000,0.015000,0.010000,0.000680,1
_home_max_Documents_PhD_MAPF_LNS_MAPF_LNS_SAT_mapf-map_room-32-32-4_map-_home_max_Documents_PhD_MAPF_LNS_MAPF_LNS_SAT_mapf-scen-even_scen-even_room-32-32-4-even-4_scen-agents20-idx5-seed42-1783527627320,0,0,5,0.007331,1,2,42,44,1,3,26,10,0.000000,0.008000,0.042000,0.025000,0.002386,1
_home_max_Documents_PhD_MAPF_LNS_MAPF_LNS_SAT_mapf-map_room-32-32-4_map-_home_max_Documents_PhD_MAPF_LNS_MAPF_LNS_SAT_mapf-scen-even_scen-even_room-32-32-4-even-5_scen-agents20-idx0-seed42-1783527627369,0,0,5,0.007331,1,2,0,2,4,7,188,73,0.000000,0.064000,0.225000,0.191000,0.012214,0
_home_max_Documents_PhD_MAPF_LNS_MAPF_LNS_SAT_mapf-map_room-32-32-4_map-_home_max_Documents_PhD_MAPF_LNS_MAPF_LNS_SAT_mapf-scen-even_scen-even_room-32-32-4-even-5_scen-agents20-idx0-seed42-1783527627369,0,1,9,0.013196,1,3,0,3,5,10,852,228,0.000000,0.248000,0.673000,0.620000,0.036370,0
_home_max_Documents_PhD_MAPF_LNS_MAPF_LNS_SAT_mapf-map_room-32-32-4_map-_home_max_Documents_PhD_MAPF_LNS_MAPF_LNS_SAT_mapf-scen-even_scen-even_room-32-32-4-even-5_scen-agents20-idx0-seed42-1783527627369,0,2,21,0.030792,1,5,0,5,5,12,2631,468,0.000000,0.753000,1.778000,1.664000,0.127294,1
_home_max_Documents_PhD_MAPF_LNS_MAPF_LNS_SAT_mapf-map_room-32-32-4_map-_home_max_Documents_PhD_MAPF_LNS_MAPF_LNS_SAT_mapf-scen-even_scen-even_room-32-32-4-even-5_scen-agents20-idx0-seed42-1783527627369,0,0,8,0.011730,1,2,1,3,5,11,625,185,0.000000,0.195000,0.577000,0.511000,0.051421,1
_home_max_Documents_PhD_MAPF_LNS_MAPF_LNS_SAT_mapf-map_room-32-32-4_map-_home_max_Documents_PhD_MAPF_LNS_MAPF_LNS_SAT_mapf-scen-even_scen-even_room-32-32-4-even-5_scen-agents20-idx0-seed42-1783527627369,0,0,5,0.007331,1,2,3,5,4,7,180,69,0.000000,0.058000,0.166000,0.142000,0.005743,0
_home_max_Documents_PhD_MAPF_LNS_MAPF_LNS_SAT_mapf-map_room-32-32-4_map-_home_max_Documents_PhD_MAPF_LNS_MAPF_LNS_SAT_mapf-scen-even_scen-even_room-32-32-4-even-5_scen-agents20-idx0-seed42-1783527627369,0,1,11,0.016129,1,3,2,6,3,6,526,148,0.000000,0.156000,0.422000,0.381000,0.019567,1
_home_max_Documents_PhD_MAPF_LNS_MAPF_LNS_SAT_mapf-map_room-32-32-4_map-_home_max_Documents_PhD_MAPF_LNS_MAPF_LNS_SAT_mapf-scen-even_scen-even_room-32-32-4-even-5_scen-agents20-idx0-seed42-1783527627369,0,0,9,0.013196,1,2,8,10,2,4,38,19,0.000000,0.012000,0.053000,0.035000,0.002401,1
_home_max_Documents_PhD_MAPF_LNS_MAPF_LNS_SAT_mapf-map_room-32-32-4_map-_home_max_Documents_PhD_MAPF_LNS_MAPF_LNS_SAT_mapf-scen-even_scen-even_room-32-32-4-even-5_scen-agents20-idx0-seed42-1783527627369,0,0,4,0.005865,1,3,10,12,4,7,148,65,0.000000,0.050000,0.118000,0.093000,0.005928,0
_home_max_Documents_PhD_MAPF_LNS_MAPF_LNS_SAT_mapf-map_room-32-32-4_map-_home_max_Documents_PhD_MAPF_LNS_MAPF_LNS_SAT_mapf-scen-even_scen-even_room-32-32-4-even-5_scen-agents20-idx0-seed42-1783527627369,0,1,9,0.013196,1,3,9,13,1,2,26,14,0.000000,0.010000,0.034000,0.019000,0.000911,1
_home_max_Documents_PhD_MAPF_LNS_MAPF_LNS_SAT_mapf-map_room-32-32-4_map-_home_max_Documents_PhD_MAPF_LNS_MAPF_LNS_SAT_mapf-scen-even_scen-even_room-32-32-4-even-5_scen-agents20-idx0-seed42-1783527627369,0,0,4,0.005865,1,2,11,13,1,4,22,9,0.000000,0.007000,0.045000,0.024000,0.001864,1
_home_max_Documents_PhD_MAPF_LNS_MAPF_LNS_SAT_mapf-map_room-32-32-4_map-_home_max_Documents_PhD_MAPF_LNS_MAPF_LNS_SAT_mapf-scen-even_scen-even_room-32-32-4-even-5_scen-agents20-idx0-seed42-1783527627369,0,0,6,0.008798,1,2,13,15,1,2,13,7,0.000000,0.004000,0.023000,0.013000,0.000733,1
_home_max_Documents_PhD_MAPF_LNS_MAPF_LNS_SAT_mapf-map_room-32-32-4_map-_home_max_Documents_PhD_MAPF_LNS_MAPF_LNS_SAT_mapf-scen-even_scen-even_room-32-32-4-even-5_scen-agents20-idx0-seed42-1783527627369,0,0,6,0.008798,1,2,14,16,1,1,12,7,0.000000,0.004000,0.014000,0.009000,0.000450,1
_home_max_Documents_PhD_MAPF_LNS_MAPF_LNS_SAT_mapf-map_room-32-32-4_map-_home_max_Documents_PhD_MAPF_LNS_MAPF_LNS_SAT_mapf-scen-even_scen-even_room-32-32-4-even-5_scen-agents20-idx0-seed42-1783527627369,0,0,5,0.007331,1,2,18,20,2,3,28,15,0.000000,0.008000,0.034000,0.022000,0.001735,1
_home_max_Documents_PhD_MAPF_LNS_MAPF_LNS_SAT_mapf-map_room-32-32-4_map-_home_max_Documents_PhD_MAPF_LNS_MAPF_LNS_SAT_mapf-scen-even_scen-even_room-32-32-4-even-5_scen-agents20-idx0-seed42-1783527627369,0,0,5,0.007331,1,2,20,22,4,7,179,68,0.000000,0.061000,0.131000,0.110000,0.005179,0
_home_max_Documents_PhD_MAPF_LNS_MAPF_LNS_SAT_mapf-map_room-32-32-4_map-_home_max_Documents_PhD_MAPF_LNS_MAPF_LNS_SAT_mapf-scen-even_scen-even_room-32-32-4-even-5_scen-agents20-idx0-seed42-1783527627369,0,1,9,0.013196,1,2,19,23,4,9,434,129,0.000000,0.134000,0.290000,0.249000,0.020441,0
_home_max_Documents_PhD_MAPF_LNS_MAPF_LNS_SAT_mapf-map_room-32-32-4_map-_home_max_Documents_PhD_MAPF_LNS_MAPF_LNS_SAT_mapf-scen-even_scen-even_room-32-32-4-even-5_scen-agents20-idx0-seed42-1783527627369,0,2,20,0.029326,1,2,17,25,4,10,1098,255,0.000000,0.332000,0.615000,0.552000,0.058135,1
_home_max_Documents_PhD_MAPF_LNS_MAPF_LNS_SAT_mapf-map_room-32-32-4_map-_home_max_Documents_PhD_MAPF_LNS_MAPF_LNS_SAT_mapf-scen-even_scen-even_room-32-32-4-even-5_scen-agents20-idx0-seed42-1783527627369,0,0,5,0.007331,1,2,21,23,1,1,24,10,0.000000,0.008000,0.025000,0.020000,0.001312,1
_home_max_Documents_PhD_MAPF_LNS_MAPF_LNS_SAT_mapf-map_room-32-32-4_map-_home_max_Documents_PhD_MAPF_LNS_MAPF_LNS_SAT_mapf-scen-even_scen-even_room-32-32-4-even-5_scen-agents20-idx0-seed42-1783527627369,0,0,7,0.010264,1,2,29,31,3,7,161,57,0.000000,0.050000,0.135000,0.106000,0.007145,1
_home_max_Documents_PhD_MAPF_LNS_MAPF_LNS_SAT_mapf-map_room-32-32-4_map-_home_max_Documents_PhD_MAPF_LNS_MAPF_LNS_SAT_mapf-scen-even_scen-even_room-32-32-4-even-5_scen-agents20-idx0-seed42-1783527627369,0,0,5,0.007331,1,2,36,38,1,2,25,10,0.000000,0.008000,0.032000,0.022000,0.001552,1
_home_max_Documents_PhD_MAPF_LNS_MAPF_LNS_SAT_mapf-map_room-32-32-4_map-_home_max_Documents_PhD_MAPF_LNS_MAPF_LNS_SAT_mapf-scen-even_scen-even_room-32-32-4-even-5_scen-agents20-idx1-seed42-1783527627421,0,0,7,0.010264,3,2,1,5,2,3,54,25,0.000000,0.018000,0.087000,0.064000,0.008131,1
_home_max_Documents_PhD_MAPF_LNS_MAPF_LNS_SAT_mapf-map_room-32-32-4_map-_home_max_Documents_PhD_MAPF_LNS_MAPF_LNS_SAT_mapf-scen-even_scen-even_room-32-32-4-even-5_scen-agents20-idx1-seed42-1783527627421,0,0,4,0.005865,1,2,8,10,4,7,148,63,0.000000,0.049000,0.135000,0.110000,0.005419,0
_home_max_Documents_PhD_MAPF_LNS_MAPF_LNS_SAT_mapf-map_room-32-32-4_map-_home_max_Documents_PhD_MAPF_LNS_MAPF_LNS_SAT_mapf-scen-even_scen-even_room-32-32-4-even-5_scen-agents20-idx1-seed42-1783527627421,0,1,9,0.013196,1,2,7,11,5,10,813,224,0.000000,0.249000,0.519000,0.471000,0.034253,0
_home_max_Documents_PhD_MAPF_LNS_MAPF_LNS_SAT_mapf-map_room-32-32-4_map-_home_max_Documents_PhD_MAPF_LNS_MAPF_LNS_SAT_mapf-scen-even_scen-even_room-32-32-4-even-5_scen-agents20-idx1-seed42-1783527627421,0,2,23,0.033724,1,3,5,13,4,8,1344,322,0.000000,0.408000,0.794000,0.724000,0.040611,1
_home_max_Documents_PhD_MAPF_LNS_MAPF_LNS_SAT_mapf-map_room-32-32-4_map-_home_max_Documents_PhD_MAPF_LNS_MAPF_LNS_SAT_mapf-scen-even_scen-even_room-32-32-4-even-5_scen-agents20-idx1-seed42-1783527627421,0,0,9,0.013196,1,2,10,12,3,9,168,50,0.000000,0.043000,0.182000,0.140000,0.016044,1
_home_max_Documents_PhD_MAPF_LNS_MAPF_LNS_SAT_mapf-map_room-32-32-4_map-_home_max_Documents_PhD_MAPF_LNS_MAPF_LNS_SAT_mapf-scen-even_scen-even_room-32-32-4-even-5_scen-agents20-idx1-seed42-1783527627421,0,0,5,0.007331,1,2,12,14,1,2,25,10,0.000000,0.007000,0.036000,0.024000,0.001958,1
_home_max_Documents_PhD_MAPF_LNS_MAPF_LNS_SAT_mapf-map_room-32-32-4_map-_home_max_Documents_PhD_MAPF_LNS_MAPF_LNS_SAT_mapf-scen-even_scen-even_room-32-32-4-even-5_scen-agents20-idx1-seed42-1783527627421,0,0,5,0.007331,1,2,17,19,1,3,26,10,0.000000,0.006000,0.044000,0.028000,0.001804,1
_home_max_Documents_PhD_MAPF_LNS_MAPF_LNS_SAT_mapf-map_room-32-32-4_map-_home_max_Documents_PhD_MAPF_LNS_MAPF_LNS_SAT_mapf-scen-even_scen-even_room-32-32-4-even-5_scen-agents20-idx1-seed42-1783527627421,0,0,5,0.007331,1,2,19,21,1,2,25,10,0.000000,0.006000,0.033000,0.022000,0.001297,1
_home_max_Documents_PhD_MAPF_LNS_MAPF_LNS_SAT_mapf-map_room-32-32-4_map-_home_max_Documents_PhD_MAPF_LNS_MAPF_LNS_SAT_mapf-scen-even_scen-even_room-32-32-4-even-5_scen-agents20-idx1-seed42-1783527627421,0,0,9,0.013196,1,2,20,22,3,5,92,38,0.000000,0.029000,0.093000,0.074000,0.004445,1
_home_max_Documents_PhD_MAPF_LNS_MAPF_LNS_SAT_mapf-map_room-32-32-4_map-_home_max_Documents_PhD_MAPF_LNS_MAPF_LNS_SAT_mapf-scen-even_scen-even_room-32-32-4-even-5_scen-agents20-idx1-seed42-1783527627421,0,0,5,0.007331,1,2,20,22,4,7,180,69,0.000000,0.058000,0.149000,0.126000,0.005263,0
_home_max_Documents_PhD_MAPF_LNS_MAPF_LNS_SAT_mapf-map_room-32-32-4_map-_home_max_Documents_PhD_MAPF_LNS_MAPF_LNS_SAT_mapf-scen-even_scen-even_room-32-32-4-even-5_scen-agents20-idx1-seed42-1783527627421,0,1,9,0.013196,1,2,19,23,5,10,870,235,0.000000,0.271000,0.560000,0.511000,0.035826,0
_home_max_Documents_PhD_MAPF_LNS_MAPF_LNS_SAT_mapf-map_room-32-32-4_map-_home_max_Documents_PhD_MAPF_LNS_MAPF_LNS_SAT_mapf-scen-even_scen-even_room-32-32-4-even-5_scen-agents20-idx1-seed42-1783527627421,0,2,23,0.033724,1,3,17,25,4,9,1202,277,0.000000,0.381000,0.704000,0.632000,0.038014,1
_home_max_Documents_PhD_MAPF_LNS_MAPF_LNS_SAT_mapf-map_room-32-32-4_map-_home_max_Documents_PhD_MAPF_LNS_MAPF_LNS_SAT_mapf-scen-even_scen-even_room-32-32-4-even-5_scen-agents20-idx1-seed42-1783527627421,0,0,9,0.013196,3,3,21,25,2,3,58,29,0.000000,0.021000,0.057000,0.040000,0.002103,1
_home_max_Documents_PhD_MAPF_LNS_MAPF_LNS_SAT_mapf-map_room-32-32-4_map-_home_max_Documents_PhD_MAPF_LNS_MAPF_LNS_SAT_mapf-scen-even_scen-even_room-32-32-4-even-5_scen-agents20-idx1-seed42-1783527627421,0,0,9,0.013196,1,2,22,24,3,6,121,45,0.000000,0.037000,0.123000,0.095000,0.009946,1
_home_max_Documents_PhD_MAPF_LNS_MAPF_LNS_SAT_mapf-map_room-32-32-4_map-_home_max_Documents_PhD_MAPF_LNS_MAPF_LNS_SAT_mapf-scen-even_scen-even_room-32-32-4-even-5_scen-agents20-idx1-seed42-1783527627421,0,0,5,0.007331,1,2,25,27,1,2,25,10,0.000000,0.007000,0.038000,0.025000,0.002132,1
_home_max_Documents_PhD_MAPF_LNS_MAPF_LNS_SAT_mapf-map_room-32-32-4_map-_home_max_Documents_PhD_MAPF_LNS_MAPF_LNS_SAT_mapf-scen-even_scen-even_room-32-32-4-even-5_scen-agents20-idx1-seed42-1783527627421,0,0,9,0.013196,1,2,27,29,3,9,168,50,0.000000,0.042000,0.173000,0.132000,0.015033,1
_home_max_Documents_PhD_MAPF_LNS_MAPF_LNS_SAT_mapf-map_room-32-32-4_map-_home_max_Documents_PhD_MAPF_LNS_MAPF_LNS_SAT_mapf-scen-even_scen-even_room-32-32-4-even-5_scen-agents20-idx1-seed42-1783527627421,0,0,5,0.007331,1,3,30,32,1,2,26,11,0.000000,0.009000,0.038000,0.025000,0.001759,1
_home_max_Documents_PhD_MAPF_LNS_MAPF_LNS_SAT_mapf-map_room-32-32-4_map-_home_max_Documents_PhD_MAPF_LNS_MAPF_LNS_SAT_mapf-scen-even_scen-even_room-32-32-4-even-5_scen-agents20-idx1-seed42-1783527627421,0,0,5,0.007331,1,3,32,34,1,2,26,11,0.000000,0.009000,0.034000,0.023000,0.001472,1
_home_max_Documents_PhD_MAPF_LNS_MAPF_LNS_SAT_mapf-map_room-32-32-4_map-_home_max_Documents_PhD_MAPF_LNS_MAPF_LNS_SAT_mapf-scen-even_scen-even_room-32-32-4-even-5_scen-agents20-idx1-seed42-1783527627421,0,0,9,0.013196,1,2,34,36,3,7,205,63,0.000000,0.060000,0.170000,0.141000,0.007732,1
_home_max_Documents_PhD_MAPF_LNS_MAPF_LNS_SAT_mapf-map_room-32-32-4_map-_home_max_Documents_PhD_MAPF_LNS_MAPF_LNS_SAT_mapf-scen-even_scen-even_room-32-32-4-even-5_scen-agents20-idx1-seed42-1783527627421,0,0,8,0.011730,3,3,36,39,1,4,57,21,0.000000,0.019000,0.083000,0.055000,0.005195,1
_home_max_Documents_PhD_MAPF_LNS_MAPF_LNS_SAT_mapf-map_room-32-32-4_map-_home_max_Documents_PhD_MAPF_LNS_MAPF_LNS_SAT_mapf-scen-even_scen-even_room-32-32-4-even-5_scen-agents20-idx1-seed42-1783527627421,0,0,9,0.013196,1,2,37,39,3,16,214,63,0.000000,0.054000,0.298000,0.217000,0.052799,1
_home_max_Documents_PhD_MAPF_LNS_MAPF_LNS_SAT_mapf-map_room-32-32-4_map-_home_max_Documents_PhD_MAPF_LNS_MAPF_LNS_SAT_mapf-scen-even_scen-even_room-32-32-4-even-5_scen-agents20-idx2-seed42-1783527627470,0,0,4,0.005865,1,2,3,5,4,12,145,60,0.000000,0.079000,0.394000,0.289000,0.043194,1
_home_max_Documents_PhD_MAPF_LNS_MAPF_LNS_SAT_mapf-map_room-32-32-4_map-_home_max_Documents_PhD_MAPF_LNS_MAPF_LNS_SAT_mapf-scen-even_scen-even_room-32-32-4-even-5_scen-agents20-idx2-seed42-1783527627470,0,0,4,0.005865,1,2,8,10,4,7,144,61,0.000000,0.065000,0.172000,0.137000,0.007137,0
_home_max_Documents_PhD_MAPF_LNS_MAPF_LNS_SAT_mapf-map_room-32-32-4_map-_home_max_Documents_PhD_MAPF_LNS_MAPF_LNS_SAT_mapf-scen-even_scen-even_room-32-32-4-even-5_scen-agents20-idx2-seed42-1783527627470,0,1,8,0.011730,1,2,7,11,5,10,664,194,0.000000,0.262000,0.513000,0.453000,0.033012,0
_home_max_Documents_PhD_MAPF_LNS_MAPF_LNS_SAT_mapf-map_room-32-32-4_map-_home_max_Documents_PhD_MAPF_LNS_MAPF_LNS_SAT_mapf-scen-even_scen-even_room-32-32-4-even-5_scen-agents20-idx2-seed42-1783527627470,0,2,21,0.030792,1,4,5,13,3,16,977,250,0.000000,0.333000,0.769000,0.608000,0.098987,1
_home_max_Documents_PhD_MAPF_LNS_MAPF_LNS_SAT_mapf-map_room-32-32-4_map-_home_max_Documents_PhD_MAPF_LNS_MAPF_LNS_SAT_mapf-scen-even_scen-even_room-32-32-4-even-5_scen-agents20-idx2-seed42-1783527627470,0,0,5,0.007331,2,3,11,14,3,9,232,81,0.000000,0.084000,0.196000,0.149000,0.008074,0
_home_max_Documents_PhD_MAPF_LNS_MAPF_LNS_SAT_mapf-map_room-32-32-4_map-_home_max_Documents_PhD_MAPF_LNS_MAPF_LNS_SAT_mapf-scen-even_scen-even_room-32-32-4-even-5_scen-agents20-idx2-seed42-1783527627470,0,1,19,0.027859,4,6,10,17,3,10,1829,404,0.000000,0.564000,1.043000,0.903000,0.120590,1
_home_max_Documents_PhD_MAPF_LNS_MAPF_LNS_SAT_mapf-map_room-32-32-4_map-_home_max_Documents_PhD_MAPF_LNS_MAPF_LNS_SAT_mapf-scen-even_scen-even_room-32-32-4-even-5_scen-agents20-idx2-seed42-1783527627470,0,0,4,0.005865,1,2,12,14,1,4,22,9,0.000000,0.010000,0.050000,0.028000,0.002060,1
_home_max_Documents_PhD_MAPF_LNS_MAPF_LNS_SAT_mapf-map_room-32-32-4_map-_home_max_Documents_PhD_MAPF_LNS_MAPF_LNS_SAT_mapf-scen-even_scen-even_room-32-32-4-even-5_scen-agents20-idx2-seed42-1783527627470,0,0,5,0.007331,1,2,13,15,1,1,24,10,0.000000,0.007000,0.026000,0.021000,0.001343,1
_home_max_Documents_PhD_MAPF_LNS_MAPF_LNS_SAT_mapf-map_room-32-32-4_map-_home_max_Documents_PhD_MAPF_LNS_MAPF_LNS_SAT_mapf-scen-even_scen-even_room-32-32-4-even-5_scen-agents20-idx2-seed42-1783527627470,0,0,5,0.007331,1,2,22,24,1,1,24,10,0.000000,0.007000,0.023000,0.017000,0.001048,1
_home_max_Documents_PhD_MAPF_LNS_MAPF_LNS_SAT_mapf-map_room-32-32-4_map-_home_max_Documents_PhD_MAPF_LNS_MAPF_LNS_SAT_mapf-scen-even_scen-even_room-32-32-4-even-5_scen-agents20-idx2-seed42-1783527627470,0,0,5,0.007331,1,2,43,45,1,1,24,10,0.000000,0.008000,0.023000,0.017000,0.000945,1
_home_max_Documents_PhD_MAPF_LNS_MAPF_LNS_SAT_mapf-map_room-32-32-4_map-_home_max_Documents_PhD_MAPF_LNS_MAPF_LNS_SAT_mapf-scen-even_scen-even_room-32-32-4-even-5_scen-agents20-idx2-seed42-1783527627470,0,0,5,0.007331,1,2,43,45,1,2,25,10,0.000000,0.008000,0.032000,0.020000,0.001480,1
_home_max_Documents_PhD_MAPF_LNS_MAPF_LNS_SAT_mapf-map_room-32-32-4_map-_home_max_Documents_PhD_MAPF_LNS_MAPF_LNS_SAT_mapf-scen-even_scen-even_room-32-32-4-even-5_scen-agents20-idx3-seed42-1783527627524,0,0,10,0.014663,8,4,0,5,4,27,1398,388,0.000000,0.446000,2.124000,1.631000,0.482408,1
_home_max_Documents_PhD_MAPF_LNS_MAPF_LNS_SAT_mapf-map_room-32-32-4_map-_home_max_Documents_PhD_MAPF_LNS_MAPF_LNS_SAT_mapf-scen-even_scen-even_room-32-32-4-even-5_scen-agents20-idx3-seed42-1783527627524,0,0,8,0.011730,3,5,0,4,2,3,68,36,0.000000,0.038000,0.137000,0.098000,0.004853,1
_home_max_Documents_PhD_MAPF_LNS_MAPF_LNS_SAT_mapf-map_room-32-32-4_map-_home_max_Documents_PhD_MAPF_LNS_MAPF_LNS_SAT_mapf-scen-even_scen-even_room-32-32-4-even-5_scen-agents20-idx3-seed42-1783527627524,0,0,7,0.010264,1,3,0,2,2,4,48,24,0.000000,0.024000,0.129000,0.090000,0.004852,1
_home_max_Documents_PhD_MAPF_LNS_MAPF_LNS_SAT_mapf-map_room-32-32-4_map-_home_max_Documents_PhD_MAPF_LNS_MAPF_LNS_SAT_mapf-scen-even_scen-even_room-32-32-4-even-5_scen-agents20-idx3-seed42-1783527627524,0,0,16,0.023460,9,6,1,9,3,7,400,161,0.000000,0.163000,0.440000,0.332000,0.035255,1
_home_max_Documents_PhD_MAPF_LNS_MAPF_LNS_SAT_mapf-map_room-32-32-4_map-_home_max_Documents_PhD_MAPF_LNS_MAPF_LNS_SAT_mapf-scen-even_scen-even_room-32-32-4-even-5_scen-agents20-idx3-seed42-1783527627524,0,0,5,0.007331,1,3,5,7,1,2,26,11,0.000000,0.013000,0.063000,0.040000,0.002505,1
_home_max_Documents_PhD_MAPF_LNS_MAPF_LNS_SAT_mapf-map_room-32-32-4_map-_home_max_Documents_PhD_MAPF_LNS_MAPF_LNS_SAT_mapf-scen-even_scen-even_room-32-32-4-even-5_scen-agents20-idx3-seed42-1783527627524,0,0,5,0.007331,1,2,8,10,1,1,24,10,0.000000,0.011000,0.039000,0.031000,0.001777,1
_home_max_Documents_PhD_MAPF_LNS_MAPF_LNS_SAT_mapf-map_room-32-32-4_map-_home_max_Documents_PhD_MAPF_LNS_MAPF_LNS_SAT_mapf-scen-even_scen-even_room-32-32-4-even-5_scen-agents20-idx3-seed42-1783527627524,0,0,10,0.014663,2,4,15,18,4,11,862,253,0.000000,0.292000,0.717000,0.585000,0.084327,1
_home_max_Documents_PhD_MAPF_LNS_MAPF_LNS_SAT_mapf-map_room-32-32-4_map-_home_max_Documents_PhD_MAPF_LNS_MAPF_LNS_SAT_mapf-scen-even_scen-even_room-32-32-4-even-5_scen-agents20-idx3-seed42-1783527627524,0,0,9,0.013196,5,4,20,24,4,10,1437,363,0.000000,0.396000,0.914000,0.796000,0.064288,0
_home_max_Documents_PhD_MAPF_LNS_MAPF_LNS_SAT_mapf-map_room-32-32-4_map-_home_max_Documents_PhD_MAPF_LNS_MAPF_LNS_SAT_mapf-scen-even_scen-even_room-32-32-4-even-5_scen-agents20-idx3-seed42-1783527627524,0,1,15,0.021994,5,4,19,25,3,11,1461,327,0.000000,0.404000,0.968000,0.813000,0.116936,1
_home_max_Documents_PhD_MAPF_LNS_MAPF_LNS_SAT_mapf-map_room-32-32-4_map-_home_max_Documents_PhD_MAPF_LNS_MAPF_LNS_SAT_mapf-scen-even_scen-even_room-32-32-4-even-5_scen-agents20-idx3-seed42-1783527627524,0,0,7,0.010264,1,2,28,30,3,9,134,46,0.000000,0.039000,0.155000,0.110000,0.014090,1
_home_max_Documents_PhD_MAPF_LNS_MAPF_LNS_SAT_mapf-map_room-32-32-4_map-_home_max_Documents_PhD_MAPF_LNS_MAPF_LNS_SAT_mapf-scen-even_scen-even_room-32-32-4-even-5_scen-agents20-idx3-seed42-1783527627524,0,0,5,0.007331,1,2,29,31,1,1,24,10,0.000000,0.009000,0.025000,0.020000,0.001288,1
_home_max_Documents_PhD_MAPF_LNS_MAPF_LNS_SAT_mapf-map_room-32-32-4_map-_home_max_Documents_PhD_MAPF_LNS_MAPF_LNS_SAT_mapf-scen-even_scen-even_room-32-32-4-even-5_scen-agents20-idx3-seed42-1783527627524,0,0,7,0.010264,1,2,32,34,3,9,134,46,0.000000,0.040000,0.145000,0.104000,0.012439,1
_home_max_Documents_PhD_MAPF_LNS_MAPF_LNS_SAT_mapf-map_room-32-32-4_map-_home_max_Documents_PhD_MAPF_LNS_MAPF_LNS_SAT_mapf-scen-even_scen-even_room-32-32-4-even-5_scen-agents20-idx4-seed42-1783527627570,0,0,8,0.011730,2,2,1,4,1,1,18,10,0.000000,0.010000,0.057000,0.047000,0.007326,1
_home_max_Documents_PhD_MAPF_LNS_MAPF_LNS_SAT_mapf-map_room-32-32-4_map-_home_max_Documents_PhD_MAPF_LNS_MAPF_LNS_SAT_mapf-scen-even_scen-even_room-32-32-4-even-5_scen-agents20-idx4-seed42-1783527627570,0,0,4,0.005865,1,3,1,3,2,3,32,18,0.000000,0.020000,0.058000,0.038000,0.002875,1
_home_max_Documents_PhD_MAPF_LNS_MAPF_LNS_SAT_mapf-map_room-32-32-4_map-_home_max_Documents_PhD_MAPF_LNS_MAPF_LNS_SAT_mapf-scen-even_scen-even_room-32-32-4-even-5_scen-agents20-idx4-seed42-1783527627570,0,0,7,0.010264,1,2,6,8,3,7,84,37,0.000000,0.038000,0.140000,0.093000,0.009412,1
_home_max_Documents_PhD_MAPF_LNS_MAPF_LNS_SAT_mapf-map_room-32-32-4_map-_home_max_Documents_PhD_MAPF_LNS_MAPF_LNS_SAT_mapf-scen-even_scen-even_room-32-32-4-even-5_scen-agents20-idx4-seed42-1783527627570,0,0,4,0.005865,1,3,8,10,4,7,153,68,0.000000,0.084000,0.210000,0.161000,0.009881,0
_home_max_Documents_PhD_MAPF_LNS_MAPF_LNS_SAT_mapf-map_room-32-32-4_map-_home_max_Documents_PhD_MAPF_LNS_MAPF_LNS_SAT_mapf-scen-even_scen-even_room-32-32-4-even-5_scen-agents20-idx4-seed42-1783527627570,0,1,9,0.013196,1,3,7,11,1,1,35,19,0.000000,0.014000,0.037000,0.028000,0.003304,1
_home_max_Documents_PhD_MAPF_LNS_MAPF_LNS_SAT_mapf-map_room-32-32-4_map-_home_max_Documents_PhD_MAPF_LNS_MAPF_LNS_SAT_mapf-scen-even_scen-even_room-32-32-4-even-5_scen-agents20-idx4-seed42-1783527627570,0,0,4,0.005865,1,2,11,13,4,7,147,63,0.000000,0.060000,0.142000,0.112000,0.006411,0
_home_max_Documents_PhD_MAPF_LNS_MAPF_LNS_SAT_mapf-map_room-32-32-4_map-_home_max_Documents_PhD_MAPF_LNS_MAPF_LNS_SAT_mapf-scen-even_scen-even_room-32-32-4-even-5_scen-agents20-idx4-seed42-1783527627570,0,1,9,0.013196,1,2,10,14,7,45,3802,884,0.000000,1.607000,5.359000,4.659000,1.108784,1
_home_max_Documents_PhD_MAPF_LNS_MAPF_LNS_SAT_mapf-map_room-32-32-4_map-_home_max_Documents_PhD_MAPF_LNS_MAPF_LNS_SAT_mapf-scen-even_scen-even_room-32-32-4-even-5_scen-agents20-idx4-seed42-1783527627570,0,0,5,0.007331,1,2,12,14,1,2,25,10,0.000000,0.008000,0.037000,0.025000,0.002310,1
_home_max_Documents_PhD_MAPF_LNS_MAPF_LNS_SAT_mapf-map_room-32-32-4_map-_home_max_Documents_PhD_MAPF_LNS_MAPF_LNS_SAT_mapf-scen-even_scen-even_room-32-32-4-even-5_scen-agents20-idx4-seed42-1783527627570,0,0,9,0.013196,1,2,22,24,3,7,95,39,0.000000,0.034000,0.108000,0.073000,0.007487,1
_home_max_Documents_PhD_MAPF_LNS_MAPF_LNS_SAT_mapf-map_room-32-32-4_map-_home_max_Documents_PhD_MAPF_LNS_MAPF_LNS_SAT_mapf-scen-even_scen-even_room-32-32-4-even-5_scen-agents20-idx4-seed42-1783527627570,0,0,5,0.007331,1,2,27,29,3,6,80,34,0.000000,0.025000,0.082000,0.058000,0.005489,0
_home_max_Documents_PhD_MAPF_LNS_MAPF_LNS_SAT_mapf-map_room-32-32-4_map-_home_max_Documents_PhD_MAPF_LNS_MAPF_LNS_SAT_mapf-scen-even_scen-even_room-32-32-4-even-5_scen-agents20-idx4-seed42-1783527627570,0,1,10,0.014663,1,2,26,30,3,7,142,56,0.000000,0.045000,0.129000,0.098000,0.010569,0
_home_max_Documents_PhD_MAPF_LNS_MAPF_LNS_SAT_mapf-map_room-32-32-4_map-_home_max_Documents_PhD_MAPF_LNS_MAPF_LNS_SAT_mapf-scen-even_scen-even_room-32-32-4-even-5_scen-agents20-idx4-seed42-1783527627570,0,2,23,0.033724,1,3,24,32,3,7,294,109,0.000000,0.102000,0.208000,0.167000,0.015541,0
_home_max_Documents_PhD_MAPF_LNS_MAPF_LNS_SAT_mapf-map_room-32-32-4_map-_home_max_Documents_PhD_MAPF_LNS_MAPF_LNS_SAT_mapf-scen-even_scen-even_room-32-32-4-even-5_scen-agents20-idx4-seed42-1783527627570,0,3,49,0.071848,1,7,21,35,3,7,2212,586,0.000000,0.802000,1.140000,1.050000,0.070954,0
_home_max_Documents_PhD_MAPF_LNS_MAPF_LNS_SAT_mapf-map_room-32-32-4_map-_home_max_Documents_PhD_MAPF_LNS_MAPF_LNS_SAT_mapf-scen-even_scen-even_room-32-32-4-even-5_scen-agents20-idx4-seed42-1783527627570,0,4,111,0.162757,1,7,17,39,3,7,29160,2234,0.000000,8.179000,11.392000,11.153000,0.384209,0
_home_max_Documents_PhD_MAPF_LNS_MAPF_LNS_SAT_mapf-map_room-32-32-4_map-_home_max_Documents_PhD_MAPF_LNS_MAPF_LNS_SAT_mapf-scen-even_scen-even_room-32-32-4-even-5_scen-agents20-idx4-seed42-1783527627570,0,5,434,0.636364,3,14,12,53,1,2,1270047,20407,0.001000,1320.663000,1750.181000,1735.932000,9.156173,0
_home_max_Documents_PhD_MAPF_LNS_MAPF_LNS_SAT_mapf-map_room-32-32-4_map-_home_max_Documents_PhD_MAPF_LNS_MAPF_LNS_SAT_mapf-scen-even_scen-even_room-32-32-4-even-5_scen-agents20-idx4-seed42-1783527627570,0,6,682,1.000000,5,20,0,53,1,22,8781519,98507,0.001000,46837.027000,8336.158000,7085.246000,269.232161,1
_home_max_Documents_PhD_MAPF_LNS_MAPF_LNS_SAT_mapf-map_room-32-32-4_map-_home_max_Documents_PhD_MAPF_LNS_MAPF_LNS_SAT_mapf-scen-even_scen-even_room-32-32-4-even-5_scen-agents20-idx5-seed42-1783527686329,0,0,8,0.011730,1,4,0,2,4,10,338,110,0.000000,0.101000,0.375000,0.304000,0.036369,1
_home_max_Documents_PhD_MAPF_LNS_MAPF_LNS_SAT_mapf-map_room-32-32-4_map-_home_max_Documents_PhD_MAPF_LNS_MAPF_LNS_SAT_mapf-scen-even_scen-even_room-32-32-4-even-5_scen-agents20-idx5-seed42-1783527686329,0,0,8,0.011730,1,2,2,4,2,3,32,17,0.000000,0.010000,0.043000,0.029000,0.001758,1
_home_max_Documents_PhD_MAPF_LNS_MAPF_LNS_SAT_mapf-map_room-32-32-4_map-_home_max_Documents_PhD_MAPF_LNS_MAPF_LNS_SAT_mapf-scen-even_scen-even_room-32-32-4-even-5_scen-agents20-idx5-seed42-1783527686329,0,0,7,0.010264,1,2,2,4,3,5,103,40,0.000000,0.032000,0.098000,0.076000,0.004470,1
_home_max_Documents_PhD_MAPF_LNS_MAPF_LNS_SAT_mapf-map_room-32-32-4_map-_home_max_Documents_PhD_MAPF_LNS_MAPF_LNS_SAT_mapf-scen-even_scen-even_room-32-32-4-even-5_scen-agents20-idx5-seed42-1783527686329,0,0,9,0.013196,3,5,7,10,4,13,676,202,0.000000,0.221000,0.519000,0.408000,0.077704,0
_home_max_Documents_PhD_MAPF_LNS_MAPF_LNS_SAT_mapf-map_room-32-32-4_map-_home_max_Documents_PhD_MAPF_LNS_MAPF_LNS_SAT_mapf-scen-even_scen-even_room-32-32-4-even-5_scen-agents20-idx5-seed42-1783527686329,0,1,16,0.023460,3,6,6,11,4,15,1513,362,0.000000,0.485000,1.016000,0.840000,0.161602,1
_home_max_Documents_PhD_MAPF_LNS_MAPF_LNS_SAT_mapf-map_room-32-32-4_map-_home_max_Documents_PhD_MAPF_LNS_MAPF_LNS_SAT_mapf-scen-even_scen-even_room-32-32-4-even-5_scen-agents20-idx5-seed42-1783527686329,0,0,4,0.005865,1,2,10,12,4,7,144,61,0.000000,0.048000,0.129000,0.102000,0.005550,0
_home_max_Documents_PhD_MAPF_LNS_MAPF_LNS_SAT_mapf-map_room-32-32-4_map-_home_max_Documents_PhD_MAPF_LNS_MAPF_LNS_SAT_mapf-scen-even_scen-even_room-32-32-4-even-5_scen-agents20-idx5-seed42-1783527686329,0,1,9,0.013196,1,2,9,13,5,10,790,210,0.000000,0.231000,0.453000,0.411000,0.027645,0
_home_max_Documents_PhD_MAPF_LNS_MAPF_LNS_SAT_mapf-map_room-32-32-4_map-_home_max_Documents_PhD_MAPF_LNS_MAPF_LNS_SAT_mapf-scen-even_scen-even_room-32-32-4-even-5_scen-agents20-idx5-seed42-1783527686329,0,2,24,0.035191,1,2,7,15,4,10,995,228,0.000000,0.281000,0.547000,0.478000,0.036762,1
_home_max_Documents_PhD_MAPF_LNS_MAPF_LNS_SAT_mapf-map_room-32-32-4_map-_home_max_Documents_PhD_MAPF_LNS_MAPF_LNS_SAT_mapf-scen-even_scen-even_room-32-32-4-even-5_scen-agents20-idx5-seed42-1783527686329,0,0,7,0.010264,1,2,24,26,3,7,83,36,0.000000,0.028000,0.103000,0.070000,0.007051,1
_home_max_Documents_PhD_MAPF_LNS_MAPF_LNS_SAT_mapf-map_room-32-32-4_map-_home_max_Documents_PhD_MAPF_LNS_MAPF_LNS_SAT_mapf-scen-even_scen-even_room-32-32-4-even-5_scen-agents20-idx5-seed42-1783527686329,0,0,9,0.013196,3,2,27,31,2,3,52,25,0.000000,0.017000,0.051000,0.035000,0.002661,1
_home_max_Documents_PhD_MAPF_LNS_MAPF_LNS_SAT_mapf-map_room-32-32-4_map-_home_max_Documents_PhD_MAPF_LNS_MAPF_LNS_SAT_mapf-scen-even_scen-even_room-32-32-4-even-5_scen-agents20-idx5-seed42-1783527686329,0,0,4,0.005865,1,2,37,39,1,4,22,9,0.000000,0.008000,0.049000,0.027000,0.002181,1
_home_max_Documents_PhD_MAPF_LNS_MAPF_LNS_SAT_mapf-map_room-32-32-4_map-_home_max_Documents_PhD_MAPF_LNS_MAPF_LNS_SAT_mapf-scen-even_scen-even_room-32-32-4-even-5_scen-agents20-idx5-seed42-1783527686329,0,0,7,0.010264,2,3,41,44,3,9,381,118,0.000000,0.134000,0.308000,0.246000,0.036466,1
_home_max_Documents_PhD_MAPF_LNS_MAPF_LNS_SAT_mapf-map_room-32-32-4_map-_home_max_Documents_PhD_MAPF_LNS_MAPF_LNS_SAT_mapf-scen-even_scen-even_room-32-32-4-even-6_scen-agents20-idx0-seed42-1783527686384,0,0,7,0.010264,1,3,0,2,3,7,88,39,0.000000,0.039000,0.324000,0.260000,0.016714,1
_home_max_Documents_PhD_MAPF_LNS_MAPF_LNS_SAT_mapf-map_room-32-32-4_map-_home_max_Documents_PhD_MAPF_LNS_MAPF_LNS_SAT_mapf-scen-even_scen-even_room-32-32-4-even-6_scen-agents20-idx0-seed42-1783527686384,0,0,8,0.011730,3,3,1,5,2,3,60,30,0.000000,0.027000,0.091000,0.064000,0.002735,1
_home_max_Documents_PhD_MAPF_LNS_MAPF_LNS_SAT_mapf-map_room-32-32-4_map-_home_max_Documents_PhD_MAPF_LNS_MAPF_LNS_SAT_mapf-scen-even_scen-even_room-32-32-4-even-6_scen-agents20-idx0-seed42-1783527686384,0,0,9,0.013196,5,4,6,10,4,8,438,153,0.000000,0.164000,0.339000,0.272000,0.008838,0
_home_max_Documents_PhD_MAPF_LNS_MAPF_LNS_SAT_mapf-map_room-32-32-4_map-_home_max_Documents_PhD_MAPF_LNS_MAPF_LNS_SAT_mapf-scen-even_scen-even_room-32-32-4-even-6_scen-agents20-idx0-seed42-1783527686384,0,1,26,0.038123,9,6,5,13,4,8,2416,557,0.000000,0.754000,1.529000,1.227000,0.098412,1
_home_max_Documents_PhD_MAPF_LNS_MAPF_LNS_SAT_mapf-map_room-32-32-4_map-_home_max_Documents_PhD_MAPF_LNS_MAPF_LNS_SAT_mapf-scen-even_scen-even_room-32-32-4-even-6_scen-agents20-idx0-seed42-1783527686384,0,0,9,0.013196,1,3,7,9,3,7,169,53,0.000000,0.058000,0.211000,0.158000,0.015047,1
_home_max_Documents_PhD_MAPF_LNS_MAPF_LNS_SAT_mapf-map_room-32-32-4_map-_home_max_Documents_PhD_MAPF_LNS_MAPF_LNS_SAT_mapf-scen-even_scen-even_room-32-32-4-even-6_scen-agents20-idx0-seed42-1783527686384,0,0,5,0.007331,1,2,9,11,1,2,25,10,0.000000,0.012000,0.059000,0.039000,0.002312,1
_home_max_Documents_PhD_MAPF_LNS_MAPF_LNS_SAT_mapf-map_room-32-32-4_map-_home_max_Documents_PhD_MAPF_LNS_MAPF_LNS_SAT_mapf-scen-even_scen-even_room-32-32-4-even-6_scen-agents20-idx0-seed42-1783527686384,0,0,9,0.013196,1,2,17,19,7,15,3279,737,0.000000,0.976000,2.395000,2.212000,0.095243,0
_home_max_Documents_PhD_MAPF_LNS_MAPF_LNS_SAT_mapf-map_room-32-32-4_map-_home_max_Documents_PhD_MAPF_LNS_MAPF_LNS_SAT_mapf-scen-even_scen-even_room-32-32-4-even-6_scen-agents20-idx0-seed42-1783527686384,0,1,16,0.023460,1,2,16,20,4,9,693,162,0.000000,0.219000,0.504000,0.421000,0.039221,1
_home_max_Documents_PhD_MAPF_LNS_MAPF_LNS_SAT_mapf-map_room-32-32-4_map-_home_max_Documents_PhD_MAPF_LNS_MAPF_LNS_SAT_mapf-scen-even_scen-even_room-32-32-4-even-6_scen-agents20-idx0-seed42-1783527686384,0,0,9,0.013196,2,3,23,26,4,10,711,201,0.000000,0.231000,0.557000,0.460000,0.057027,1
_home_max_Documents_PhD_MAPF_LNS_MAPF_LNS_SAT_mapf-map_room-32-32-4_map-_home_max_Documents_PhD_MAPF_LNS_MAPF_LNS_SAT_mapf-scen-even_scen-even_room-32-32-4-even-6_scen-agents20-idx0-seed42-1783527686384,0,0,12,0.017595,3,4,30,33,4,11,1174,279,0.000000,0.409000,0.756000,0.642000,0.062554,1
_home_max_Documents_PhD_MAPF_LNS_MAPF_LNS_SAT_mapf-map_room-32-32-4_map-_home_max_Documents_PhD_MAPF_LNS_MAPF_LNS_SAT_mapf-scen-even_scen-even_room-32-32-4-even-6_scen-agents20-idx0-seed42-1783527686384,0,0,8,0.011730,1,2,30,32,3,8,92,40,0.000000,0.031000,0.121000,0.081000,0.011665,1
_home_max_Documents_PhD_MAPF_LNS_MAPF_LNS_SAT_mapf-map_room-32-32-4_map-_home_max_Documents_PhD_MAPF_LNS_MAPF_LNS_SAT_mapf-scen-even_scen-even_room-32-32-4-even-6_scen-agents20-idx0-seed42-1783527686384,0,0,9,0.013196,2,3,36,39,2,10,203,63,0.000000,0.059000,0.212000,0.148000,0.022238,1
_home_max_Documents_PhD_MAPF_LNS_MAPF_LNS_SAT_mapf-map_room-32-32-4_map-_home_max_Documents_PhD_MAPF_LNS_MAPF_LNS_SAT_mapf-scen-even_scen-even_room-32-32-4-even-6_scen-agents20-idx0-seed42-1783527686384,0,0,9,0.013196,2,3,48,51,2,14,222,67,0.000000,0.066000,0.294000,0.200000,0.057377,1
_home_max_Documents_PhD_MAPF_LNS_MAPF_LNS_SAT_mapf-map_room-32-32-4_map-_home_max_Documents_PhD_MAPF_LNS_MAPF_LNS_SAT_mapf-scen-even_scen-even_room-32-32-4-even-6_scen-agents20-idx1-seed42-1783527686486,0,0,11,0.016129,2,3,10,13,3,10,378,105,0.000000,0.129000,0.429000,0.321000,0.050091,1
_home_max_Documents_PhD_MAPF_LNS_MAPF_LNS_SAT_mapf-map_room-32-32-4_map-_home_max_Documents_PhD_MAPF_LNS_MAPF_LNS_SAT_mapf-scen-even_scen-even_room-32-32-4-even-6_scen-agents20-idx1-seed42-1783527686486,0,0,7,0.010264,1,2,15,17,1,2,18,9,0.000000,0.010000,0.054000,0.034000,0.002748,1
_home_max_Documents_PhD_MAPF_LNS_MAPF_LNS_SAT_mapf-map_room-32-32-4_map-_home_max_Documents_PhD_MAPF_LNS_MAPF_LNS_SAT_mapf-scen-even_scen-even_room-32-32-4-even-6_scen-agents20-idx1-seed42-1783527686486,0,0,7,0.010264,1,2,17,19,3,6,98,40,0.000000,0.040000,0.160000,0.115000,0.012059,1
_home_max_Documents_PhD_MAPF_LNS_MAPF_LNS_SAT_mapf-map_room-32-32-4_map-_home_max_Documents_PhD_MAPF_LNS_MAPF_LNS_SAT_mapf-scen-even_scen-even_room-32-32-4-even-6_scen-agents20-idx1-seed42-1783527686486,0,0,12,0.017595,5,2,18,24,2,3,84,39,0.000000,0.040000,0.106000,0.077000,0.005849,1
_home_max_Documents_PhD_MAPF_LNS_MAPF_LNS_SAT_mapf-map_room-32-32-4_map-_home_max_Documents_PhD_MAPF_LNS_MAPF_LNS_SAT_mapf-scen-even_scen-even_room-32-32-4-even-6_scen-agents20-idx1-seed42-1783527686486,0,0,5,0.007331,1,2,25,27,1,1,24,10,0.000000,0.013000,0.042000,0.033000,0.002038,1
_home_max_Documents_PhD_MAPF_LNS_MAPF_LNS_SAT_mapf-map_room-32-32-4_map-_home_max_Documents_PhD_MAPF_LNS_MAPF_LNS_SAT_mapf-scen-even_scen-even_room-32-32-4-even-6_scen-agents20-idx1-seed42-1783527686486,0,0,5,0.007331,1,3,28,30,4,7,333,125,0.000000,0.144000,0.281000,0.237000,0.011819,0
_home_max_Documents_PhD_MAPF_LNS_MAPF_LNS_SAT_mapf-map_room-32-32-4_map-_home_max_Documents_PhD_MAPF_LNS_MAPF_LNS_SAT_mapf-scen-even_scen-even_room-32-32-4-even-6_scen-agents20-idx1-seed42-1783527686486,0,1,9,0.013196,1,3,27,31,5,10,1905,466,0.000000,0.639000,1.102000,1.013000,0.064602,0
_home_max_Documents_PhD_MAPF_LNS_MAPF_LNS_SAT_mapf-map_room-32-32-4_map-_home_max_Documents_PhD_MAPF_LNS_MAPF_LNS_SAT_mapf-scen-even_scen-even_room-32-32-4-even-6_scen-agents20-idx1-seed42-1783527686486,0,2,22,0.032258,1,3,25,33,4,11,5070,722,0.000000,1.428000,2.532000,2.358000,0.203786,1
_home_max_Documents_PhD_MAPF_LNS_MAPF_LNS_SAT_mapf-map_room-32-32-4_map-_home_max_Documents_PhD_MAPF_LNS_MAPF_LNS_SAT_mapf-scen-even_scen-even_room-32-32-4-even-6_scen-agents20-idx1-seed42-1783527686486,0,0,5,0.007331,1,2,34,36,1,2,25,10,0.000000,0.012000,0.059000,0.038000,0.002600,1
_home_max_Documents_PhD_MAPF_LNS_MAPF_LNS_SAT_mapf-map_room-32-32-4_map-_home_max_Documents_PhD_MAPF_LNS_MAPF_LNS_SAT_mapf-scen-even_scen-even_room-32-32-4-even-6_scen-agents20-idx2-seed42-1783527686531,0,0,5,0.007331,1,2,0,2,4,7,183,70,0.000000,0.058000,0.205000,0.175000,0.010771,0
_home_max_Documents_PhD_MAPF_LNS_MAPF_LNS_SAT_mapf-map_room-32-32-4_map-_home_max_Documents_PhD_MAPF_LNS_MAPF_LNS_SAT_mapf-scen-even_scen-even_room-32-32-4-even-6_scen-agents20-idx2-seed42-1783527686531,0,1,19,0.027859,2,3,0,5,3,6,765,196,0.000000,0.232000,0.565000,0.518000,0.035613,1
_home_max_Documents_PhD_MAPF_LNS_MAPF_LNS_SAT_mapf-map_room-32-32-4_map-_home_max_Documents_PhD_MAPF_LNS_MAPF_LNS_SAT_mapf-scen-even_scen-even_room-32-32-4-even-6_scen-agents20-idx2-seed42-1783527686531,0,0,4,0.005865,1,2,2,4,1,2,20,9,0.000000,0.006000,0.033000,0.022000,0.001857,1
_home_max_Documents_PhD_MAPF_LNS_MAPF_LNS_SAT_mapf-map_room-32-32-4_map-_home_max_Documents_PhD_MAPF_LNS_MAPF_LNS_SAT_mapf-scen-even_scen-even_room-32-32-4-even-6_scen-agents20-idx2-seed42-1783527686531,0,0,5,0.007331,1,3,4,6,1,3,27,11,0.000000,0.008000,0.043000,0.025000,0.002064,1
_home_max_Documents_PhD_MAPF_LNS_MAPF_LNS_SAT_mapf-map_room-32-32-4_map-_home_max_Documents_PhD_MAPF_LNS_MAPF_LNS_SAT_mapf-scen-even_scen-even_room-32-32-4-even-6_scen-agents20-idx2-seed42-1783527686531,0,0,5,0.007331,1,2,6,8,1,1,24,10,0.000000,0.007000,0.022000,0.017000,0.000944,1
_home_max_Documents_PhD_MAPF_LNS_MAPF_LNS_SAT_mapf-map_room-32-32-4_map-_home_max_Documents_PhD_MAPF_LNS_MAPF_LNS_SAT_mapf-scen-even_scen-even_room-32-32-4-even-6_scen-agents20-idx2-seed42-1783527686531,0,0,8,0.011730,1,2,11,13,3,7,118,42,0.000000,0.033000,0.119000,0.085000,0.008719,1
_home_max_Documents_PhD_MAPF_LNS_MAPF_LNS_SAT_mapf-map_room-32-32-4_map-_home_max_Documents_PhD_MAPF_LNS_MAPF_LNS_SAT_mapf-scen-even_scen-even_room-32-32-4-even-6_scen-agents20-idx2-seed42-1783527686531,0,0,4,0.005865,1,2,12,14,4,7,144,61,0.000000,0.048000,0.119000,0.095000,0.005204,0
_home_max_Documents_PhD_MAPF_LNS_MAPF_LNS_SAT_mapf-map_room-32-32-4_map-_home_max_Documents_PhD_MAPF_LNS_MAPF_LNS_SAT_mapf-scen-even_scen-even_room-32-32-4-even-6_scen-agents20-idx2-seed42-1783527686531,0,1,8,0.011730,1,2,11,15,5,10,661,192,0.000000,0.198000,0.393000,0.354000,0.028413,0
_home_max_Documents_PhD_MAPF_LNS_MAPF_LNS_SAT_mapf-map_room-32-32-4_map-_home_max_Documents_PhD_MAPF_LNS_MAPF_LNS_SAT_mapf-scen-even_scen-even_room-32-32-4-even-6_scen-agents20-idx2-seed42-1783527686531,0,2,21,0.030792,1,2,9,17,4,9,951,232,0.000000,0.299000,0.520000,0.464000,0.035079,1
_home_max_Documents_PhD_MAPF_LNS_MAPF_LNS_SAT_mapf-map_room-32-32-4_map-_home_max_Documents_PhD_MAPF_LNS_MAPF_LNS_SAT_mapf-scen-even_scen-even_room-32-32-4-even-6_scen-agents20-idx2-seed42-1783527686531,0,0,5,0.007331,1,2,13,15,4,7,180,69,0.000000,0.057000,0.144000,0.117000,0.005890,0
_home_max_Documents_PhD_MAPF_LNS_MAPF_LNS_SAT_mapf-map_room-32-32-4_map-_home_max_Documents_PhD_MAPF_LNS_MAPF_LNS_SAT_mapf-scen-even_scen-even_room-32-32-4-even-6_scen-agents20-idx2-seed42-1783527686531,0,1,10,0.014663,1,2,12,16,1,1,26,14,0.000000,0.010000,0.026000,0.019000,0.001727,1
_home_max_Documents_PhD_MAPF_LNS_MAPF_LNS_SAT_mapf-map_room-32-32-4_map-_home_max_Documents_PhD_MAPF_LNS_MAPF_LNS_SAT_mapf-scen-even_scen-even_room-32-32-4-even-6_scen-agents20-idx2-seed42-1783527686531,0,0,5,0.007331,1,3,17,19,1,3,27,11,0.000000,0.009000,0.046000,0.027000,0.002277,1
_home_max_Documents_PhD_MAPF_LNS_MAPF_LNS_SAT_mapf-map_room-32-32-4_map-_home_max_Documents_PhD_MAPF_LNS_MAPF_LNS_SAT_mapf-scen-even_scen-even_room-32-32-4-even-6_scen-agents20-idx2-seed42-1783527686531,0,0,9,0.013196,2,5,19,22,4,10,659,176,0.000000,0.212000,0.437000,0.363000,0.041866,1
_home_max_Documents_PhD_MAPF_LNS_MAPF_LNS_SAT_mapf-map_room-32-32-4_map-_home_max_Documents_PhD_MAPF_LNS_MAPF_LNS_SAT_mapf-scen-even_scen-even_room-32-32-4-even-6_scen-agents20-idx2-seed42-1783527686531,0,0,5,0.007331,1,2,20,22,1,1,24,10,0.000000,0.008000,0.025000,0.020000,0.001502,1
_home_max_Documents_PhD_MAPF_LNS_MAPF_LNS_SAT_mapf-map_room-32-32-4_map-_home_max_Documents_PhD_MAPF_LNS_MAPF_LNS_SAT_mapf-scen-even_scen-even_room-32-32-4-even-6_scen-agents20-idx2-seed42-1783527686531,0,0,9,0.013196,1,3,23,25,3,7,230,76,0.000000,0.071000,0.186000,0.148000,0.012764,1
_home_max_Documents_PhD_MAPF_LNS_MAPF_LNS_SAT_mapf-map_room-32-32-4_map-_home_max_Documents_PhD_MAPF_LNS_MAPF_LNS_SAT_mapf-scen-even_scen-even_room-32-32-4-even-6_scen-agents20-idx2-seed42-1783527686531,0,0,5,0.007331,1,2,24,26,1,3,26,10,0.000000,0.008000,0.043000,0.027000,0.002621,1
_home_max_Documents_PhD_MAPF_LNS_MAPF_LNS_SAT_mapf-map_room-32-32-4_map-_home_max_Documents_PhD_MAPF_LNS_MAPF_LNS_SAT_mapf-scen-even_scen-even_room-32-32-4-even-6_scen-agents20-idx2-seed42-1783527686531,0,0,5,0.007331,1,2,27,29,1,3,26,10,0.000000,0.008000,0.041000,0.027000,0.001916,1
_home_max_Documents_PhD_MAPF_LNS_MAPF_LNS_SAT_mapf-map_room-32-32-4_map-_home_max_Documents_PhD_MAPF_LNS_MAPF_LNS_SAT_mapf-scen-even_scen-even_room-32-32-4-even-6_scen-agents20-idx2-seed42-1783527686531,0,0,5,0.007331,1,2,28,30,1,2,25,10,0.000000,0.008000,0.032000,0.020000,0.001566,1
_home_max_Documents_PhD_MAPF_LNS_MAPF_LNS_SAT_mapf-map_room-32-32-4_map-_home_max_Documents_PhD_MAPF_LNS_MAPF_LNS_SAT_mapf-scen-even_scen-even_room-32-32-4-even-6_scen-agents20-idx2-seed42-1783527686531,0,0,5,0.007331,1,3,34,36,1,3,33,14,0.000000,0.012000,0.047000,0.028000,0.002086,1
_home_max_Documents_PhD_MAPF_LNS_MAPF_LNS_SAT_mapf-map_room-32-32-4_map-_home_max_Documents_PhD_MAPF_LNS_MAPF_LNS_SAT_mapf-scen-even_scen-even_room-32-32-4-even-6_scen-agents20-idx2-seed42-1783527686531,0,0,5,0.007331,1,3,37,39,1,1,31,14,0.000000,0.012000,0.027000,0.021000,0.001336,1
_home_max_Documents_PhD_MAPF_LNS_MAPF_LNS_SAT_mapf-map_room-32-32-4_map-_home_max_Documents_PhD_MAPF_LNS_MAPF_LNS_SAT_mapf-scen-even_scen-even_room-32-32-4-even-6_scen-agents20-idx2-seed42-1783527686531,0,0,5,0.007331,1,2,39,41,1,2,25,10,0.000000,0.007000,0.032000,0.022000,0.001644,1
_home_max_Documents_PhD_MAPF_LNS_MAPF_LNS_SAT_mapf-map_room-32-32-4_map-_home_max_Documents_PhD_MAPF_LNS_MAPF_LNS_SAT_mapf-scen-even_scen-even_room-32-32-4-even-6_scen-agents20-idx3-seed42-1783527686583,0,0,9,0.013196,1,2,0,1,3,7,80,31,0.000000,0.025000,0.163000,0.128000,0.011236,0
_home_max_Documents_PhD_MAPF_LNS_MAPF_LNS_SAT_mapf-map_room-32-32-4_map-_home_max_Documents_PhD_MAPF_LNS_MAPF_LNS_SAT_mapf-scen-even_scen-even_room-32-32-4-even-6_scen-agents20-idx3-seed42-1783527686583,0,1,16,0.023460,1,2,0,2,3,7,111,45,0.000000,0.034000,0.168000,0.132000,0.005299,0
_home_max_Documents_PhD_MAPF_LNS_MAPF_LNS_SAT_mapf-map_room-32-32-4_map-_home_max_Documents_PhD_MAPF_LNS_MAPF_LNS_SAT_mapf-scen-even_scen-even_room-32-32-4-even-6_scen-agents20-idx3-seed42-1783527686583,0,2,30,0.043988,1,3,0,4,3,7,246,91,0.000000,0.078000,0.310000,0.263000,0.013366,0
_home_max_Documents_PhD_MAPF_LNS_MAPF_LNS_SAT_mapf-map_room-32-32-4_map-_home_max_Documents_PhD_MAPF_LNS_MAPF_LNS_SAT_mapf-scen-even_scen-even_room-32-32-4-even-6_scen-agents20-idx3-seed42-1783527686583,0,3,62,0.090909,1,5,0,7,3,7,436,165,0.000000,0.161000,0.495000,0.436000,0.018367,0
_home_max_Documents_PhD_MAPF_LNS_MAPF_LNS_SAT_mapf-map_room-32-32-4_map-_home_max_Documents_PhD_MAPF_LNS_MAPF_LNS_SAT_mapf-scen-even_scen-even_room-32-32-4-even-6_scen-agents20-idx3-seed42-1783527686583,0,4,127,0.186217,4,7,0,16,3,6,5952,1042,0.000000,1.872000,3.976000,3.790000,0.125567,1
_home_max_Documents_PhD_MAPF_LNS_MAPF_LNS_SAT_mapf-map_room-32-32-4_map-_home_max_Documents_PhD_MAPF_LNS_MAPF_LNS_SAT_mapf-scen-even_scen-even_room-32-32-4-even-6_scen-agents20-idx3-seed42-1783527686583,0,0,7,0.010264,1,2,1,3,3,7,83,36,0.000000,0.027000,0.129000,0.091000,0.008058,1
_home_max_Documents_PhD_MAPF_LNS_MAPF_LNS_SAT_mapf-map_room-32-32-4_map-_home_max_Documents_PhD_MAPF_LNS_MAPF_LNS_SAT_mapf-scen-even_scen-even_room-32-32-4-even-6_scen-agents20-idx3-seed42-1783527686583,0,0,5,0.007331,1,2,13,15,2,3,28,15,0.000000,0.009000,0.037000,0.025000,0.001716,1
_home_max_Documents_PhD_MAPF_LNS_MAPF_LNS_SAT_mapf-map_room-32-32-4_map-_home_max_Documents_PhD_MAPF_LNS_MAPF_LNS_SAT_mapf-scen-even_scen-even_room-32-32-4-even-6_scen-agents20-idx3-seed42-1783527686583,0,0,9,0.013196,2,3,15,18,4,9,413,127,0.000000,0.125000,0.285000,0.229000,0.019335,1
_home_max_Documents_PhD_MAPF_LNS_MAPF_LNS_SAT_mapf-map_room-32-32-4_map-_home_max_Documents_PhD_MAPF_LNS_MAPF_LNS_SAT_mapf-scen-even_scen-even_room-32-32-4-even-6_scen-agents20-idx3-seed42-1783527686583,0,0,9,0.013196,2,3,19,22,4,9,392,120,0.000000,0.119000,0.282000,0.229000,0.018611,1
_home_max_Documents_PhD_MAPF_LNS_MAPF_LNS_SAT_mapf-map_room-32-32-4_map-_home_max_Documents_PhD_MAPF_LNS_MAPF_LNS_SAT_mapf-scen-even_scen-even_room-32-32-4-even-6_scen-agents20-idx3-seed42-1783527686583,0,0,4,0.005865,1,2,19,21,1,4,22,9,0.000000,0.007000,0.049000,0.027000,0.002067,1
_home_max_Documents_PhD_MAPF_LNS_MAPF_LNS_SAT_mapf-map_room-32-32-4_map-_home_max_Documents_PhD_MAPF_LNS_MAPF_LNS_SAT_mapf-scen-even_scen-even_room-32-32-4-even-6_scen-agents20-idx3-seed42-1783527686583,0,0,4,0.005865,1,2,22,24,1,2,20,9,0.000000,0.006000,0.030000,0.020000,0.001260,1
_home_max_Documents_PhD_MAPF_LNS_MAPF_LNS_SAT_mapf-map_room-32-32-4_map-_home_max_Documents_PhD_MAPF_LNS_MAPF_LNS_SAT_mapf-scen-even_scen-even_room-32-32-4-even-6_scen-agents20-idx3-seed42-1783527686583,0,0,9,0.013196,1,4,25,27,3,7,158,67,0.000000,0.057000,0.150000,0.110000,0.011765,1
_home_max_Documents_PhD_MAPF_LNS_MAPF_LNS_SAT_mapf-map_room-32-32-4_map-_home_max_Documents_PhD_MAPF_LNS_MAPF_LNS_SAT_mapf-scen-even_scen-even_room-32-32-4-even-6_scen-agents20-idx3-seed42-1783527686583,0,0,4,0.005865,1,2,28,30,1,2,20,9,0.000000,0.007000,0.030000,0.020000,0.001437,1
_home_max_Documents_PhD_MAPF_LNS_MAPF_LNS_SAT_mapf-map_room-32-32-4_map-_home_max_Documents_PhD_MAPF_LNS_MAPF_LNS_SAT_mapf-scen-even_scen-even_room-32-32-4-even-6_scen-agents20-idx3-seed42-1783527686583,0,0,7,0.010264,1,2,29,31,4,10,235,88,0.000000,0.077000,0.215000,0.163000,0.016555,1
_home_max_Documents_PhD_MAPF_LNS_MAPF_LNS_SAT_mapf-map_room-32-32-4_map-_home_max_Documents_PhD_MAPF_LNS_MAPF_LNS_SAT_mapf-scen-even_scen-even_room-32-32-4-even-6_scen-agents20-idx4-seed42-1783527686633,0,0,4,0.005865,1,2,2,4,2,3,28,15,0.000000,0.029000,0.157000,0.113000,0.013365,1
_home_max_Documents_PhD_MAPF_LNS_MAPF_LNS_SAT_mapf-map_room-32-32-4_map-_home_max_Documents_PhD_MAPF_LNS_MAPF_LNS_SAT_mapf-scen-even_scen-even_room-32-32-4-even-6_scen-agents20-idx4-seed42-1783527686633,0,0,4,0.005865,1,2,3,5,4,7,144,61,0.000000,0.101000,0.336000,0.268000,0.009776,0
_home_max_Documents_PhD_MAPF_LNS_MAPF_LNS_SAT_mapf-map_room-32-32-4_map-_home_max_Documents_PhD_MAPF_LNS_MAPF_LNS_SAT_mapf-scen-even_scen-even_room-32-32-4-even-6_scen-agents20-idx4-seed42-1783527686633,0,1,9,0.013196,1,2,2,6,3,6,140,56,0.000000,0.081000,0.281000,0.211000,0.026246,1
_home_max_Documents_PhD_MAPF_LNS_MAPF_LNS_SAT_mapf-map_room-32-32-4_map-_home_max_Documents_PhD_MAPF_LNS_MAPF_LNS_SAT_mapf-scen-even_scen-even_room-32-32-4-even-6_scen-agents20-idx4-seed42-1783527686633,0,0,5,0.007331,1,2,10,12,1,2,25,10,0.000000,0.015000,0.076000,0.051000,0.003017,1
_home_max_Documents_PhD_MAPF_LNS_MAPF_LNS_SAT_mapf-map_room-32-32-4_map-_home_max_Documents_PhD_MAPF_LNS_MAPF_LNS_SAT_mapf-scen-even_scen-even_room-32-32-4-even-6_scen-agents20-idx4-seed42-1783527686633,0,0,5,0.007331,1,2,11,13,2,3,28,15,0.000000,0.017000,0.078000,0.053000,0.003000,1
_home_max_Documents_PhD_MAPF_LNS_MAPF_LNS_SAT_mapf-map_room-32-32-4_map-_home_max_Documents_PhD_MAPF_LNS_MAPF_LNS_SAT_mapf-scen-even_scen-even_room-32-32-4-even-6_scen-agents20-idx4-seed42-1783527686633,0,0,5,0.007331,1,2,18,20,1,1,24,10,0.000000,0.011000,0.044000,0.034000,0.001597,1
_home_max_Documents_PhD_MAPF_LNS_MAPF_LNS_SAT_mapf-map_room-32-32-4_map-_home_max_Documents_PhD_MAPF_LNS_MAPF_LNS_SAT_mapf-scen-even_scen-even_room-32-32-4-even-6_scen-agents20-idx4-seed42-1783527686633,0,0,9,0.013196,1,2,19,21,3,7,121,44,0.000000,0.049000,0.168000,0.121000,0.012585,1
_home_max_Documents_PhD_MAPF_LNS_MAPF_LNS_SAT_mapf-map_room-32-32-4_map-_home_max_Documents_PhD_MAPF_LNS_MAPF_LNS_SAT_mapf-scen-even_scen-even_room-32-32-4-even-6_scen-agents20-idx4-seed42-1783527686633,0,0,5,0.007331,1,2,19,21,1,3,26,10,0.000000,0.008000,0.044000,0.027000,0.002212,1
_home_max_Documents_PhD_MAPF_LNS_MAPF_LNS_SAT_mapf-map_room-32-32-4_map-_home_max_Documents_PhD_MAPF_LNS_MAPF_LNS_SAT_mapf-scen-even_scen-even_room-32-32-4-even-6_scen-agents20-idx4-seed42-1783527686633,0,0,5,0.007331,1,2,25,27,4,7,230,88,0.000000,0.086000,0.162000,0.135000,0.005094,0
_home_max_Documents_PhD_MAPF_LNS_MAPF_LNS_SAT_mapf-map_room-32-32-4_map-_home_max_Documents_PhD_MAPF_LNS_MAPF_LNS_SAT_mapf-scen-even_scen-even_room-32-32-4-even-6_scen-agents20-idx4-seed42-1783527686633,0,1,10,0.014663,1,3,24,28,3,6,173,69,0.000000,0.064000,0.161000,0.122000,0.014573,1
_home_max_Documents_PhD_MAPF_LNS_MAPF_LNS_SAT_mapf-map_room-32-32-4_map-_home_max_Documents_PhD_MAPF_LNS_MAPF_LNS_SAT_mapf-scen-even_scen-even_room-32-32-4-even-6_scen-agents20-idx4-seed42-1783527686633,0,0,4,0.005865,1,2,33,35,1,4,22,9,0.000000,0.007000,0.049000,0.027000,0.002108,1
_home_max_Documents_PhD_MAPF_LNS_MAPF_LNS_SAT_mapf-map_room-32-32-4_map-_home_max_Documents_PhD_MAPF_LNS_MAPF_LNS_SAT_mapf-scen-even_scen-even_room-32-32-4-even-6_scen-agents20-idx4-seed42-1783527686633,0,0,5,0.007331,1,2,34,36,1,2,25,10,0.000000,0.008000,0.034000,0.022000,0.001643,1
_home_max_Documents_PhD_MAPF_LNS_MAPF_LNS_SAT_mapf-map_room-32-32-4_map-_home_max_Documents_PhD_MAPF_LNS_MAPF_LNS_SAT_mapf-scen-even_scen-even_room-32-32-4-even-6_scen-agents20-idx5-seed42-1783527686686,0,0,7,0.010264,3,2,1,5,2,3,52,25,0.000000,0.016000,0.070000,0.053000,0.006971,1
_home_max_Documents_PhD_MAPF_LNS_MAPF_LNS_SAT_mapf-map_room-32-32-4_map-_home_max_Documents_PhD_MAPF_LNS_MAPF_LNS_SAT_mapf-scen-even_scen-even_room-32-32-4-even-6_scen-agents20-idx5-seed42-1783527686686,0,0,5,0.007331,1,2,3,5,4,7,179,68,0.000000,0.056000,0.175000,0.148000,0.005730,0
_home_max_Documents_PhD_MAPF_LNS_MAPF_LNS_SAT_mapf-map_room-32-32-4_map-_home_max_Documents_PhD_MAPF_LNS_MAPF_LNS_SAT_mapf-scen-even_scen-even_room-32-32-4-even-6_scen-agents20-idx5-seed42-1783527686686,0,1,10,0.014663,1,2,2,6,5,10,964,233,0.000000,0.278000,0.725000,0.676000,0.046035,0
_home_max_Documents_PhD_MAPF_LNS_MAPF_LNS_SAT_mapf-map_room-32-32-4_map-_home_max_Documents_PhD_MAPF_LNS_MAPF_LNS_SAT_mapf-scen-even_scen-even_room-32-32-4-even-6_scen-agents20-idx5-seed42-1783527686686,0,2,24,0.035191,1,3,0,8,4,8,1226,272,0.000000,0.353000,0.828000,0.772000,0.047139,1
_home_max_Documents_PhD_MAPF_LNS_MAPF_LNS_SAT_mapf-map_room-32-32-4_map-_home_max_Documents_PhD_MAPF_LNS_MAPF_LNS_SAT_mapf-scen-even_scen-even_room-32-32-4-even-6_scen-agents20-idx5-seed42-1783527686686,0,0,4,0.005865,1,2,3,5,4,7,144,61,0.000000,0.046000,0.147000,0.119000,0.005643,0
_home_max_Documents_PhD_MAPF_LNS_MAPF_LNS_SAT_mapf-map_room-32-32-4_map-_home_max_Documents_PhD_MAPF_LNS_MAPF_LNS_SAT_mapf-scen-even_scen-even_room-32-32-4-even-6_scen-agents20-idx5-seed42-1783527686686,0,1,9,0.013196,1,2,2,6,3,6,140,56,0.000000,0.043000,0.135000,0.100000,0.013346,1
_home_max_Documents_PhD_MAPF_LNS_MAPF_LNS_SAT_mapf-map_room-32-32-4_map-_home_max_Documents_PhD_MAPF_LNS_MAPF_LNS_SAT_mapf-scen-even_scen-even_room-32-32-4-even-6_scen-agents20-idx5-seed42-1783527686686,0,0,5,0.007331,1,2,4,6,1,2,25,10,0.000000,0.007000,0.037000,0.023000,0.001916,1
_home_max_Documents_PhD_MAPF_LNS_MAPF_LNS_SAT_mapf-map_room-32-32-4_map-_home_max_Documents_PhD_MAPF_LNS_MAPF_LNS_SAT_mapf-scen-even_scen-even_room-32-32-4-even-6_scen-agents20-idx5-seed42-1783527686686,0,0,4,0.005865,1,2,6,8,1,2,20,9,0.000000,0.006000,0.030000,0.019000,0.001469,1
_home_max_Documents_PhD_MAPF_LNS_MAPF_LNS_SAT_mapf-map_room-32-32-4_map-_home_max_Documents_PhD_MAPF_LNS_MAPF_LNS_SAT_mapf-scen-even_scen-even_room-32-32-4-even-6_scen-agents20-idx5-seed42-1783527686686,0,0,8,0.011730,2,3,12,15,4,7,604,170,0.000000,0.174000,0.329000,0.298000,0.008236,0
_home_max_Documents_PhD_MAPF_LNS_MAPF_LNS_SAT_mapf-map_room-32-32-4_map-_home_max_Documents_PhD_MAPF_LNS_MAPF_LNS_SAT_mapf-scen-even_scen-even_room-32-32-4-even-6_scen-agents20-idx5-seed42-1783527686686,0,1,12,0.017595,2,3,11,16,3,6,353,116,0.000000,0.110000,0.246000,0.204000,0.023813,1
_home_max_Documents_PhD_MAPF_LNS_MAPF_LNS_SAT_mapf-map_room-32-32-4_map-_home_max_Documents_PhD_MAPF_LNS_MAPF_LNS_SAT_mapf-scen-even_scen-even_room-32-32-4-even-6_scen-agents20-idx5-seed42-1783527686686,0,0,6,0.008798,1,2,17,19,3,7,93,38,0.000000,0.030000,0.108000,0.076000,0.008602,1
_home_max_Documents_PhD_MAPF_LNS_MAPF_LNS_SAT_mapf-map_room-32-32-4_map-_home_max_Documents_PhD_MAPF_LNS_MAPF_LNS_SAT_mapf-scen-even_scen-even_room-32-32-4-even-6_scen-agents20-idx5-seed42-1783527686686,0,0,4,0.005865,1,2,17,19,4,7,144,61,0.000000,0.046000,0.116000,0.092000,0.005478,0
_home_max_Documents_PhD_MAPF_LNS_MAPF_LNS_SAT_mapf-map_room-32-32-4_map-_home_max_Documents_PhD_MAPF_LNS_MAPF_LNS_SAT_mapf-scen-even_scen-even_room-32-32-4-even-6_scen-agents20-idx5-seed42-1783527686686,0,1,8,0.011730,1,2,16,20,1,2,27,14,0.000000,0.010000,0.036000,0.022000,0.002213,1
_home_max_Documents_PhD_MAPF_LNS_MAPF_LNS_SAT_mapf-map_room-32-32-4_map-_home_max_Documents_PhD_MAPF_LNS_MAPF_LNS_SAT_mapf-scen-even_scen-even_room-32-32-4-even-6_scen-agents20-idx5-seed42-1783527686686,0,0,4,0.005865,1,2,17,19,2,3,28,15,0.000000,0.009000,0.035000,0.022000,0.001447,1
_home_max_Documents_PhD_MAPF_LNS_MAPF_LNS_SAT_mapf-map_room-32-32-4_map-_home_max_Documents_PhD_MAPF_LNS_MAPF_LNS_SAT_mapf-scen-even_scen-even_room-32-32-4-even-6_scen-agents20-idx5-seed42-1783527686686,0,0,9,0.013196,1,3,21,23,3,6,125,49,0.000000,0.045000,0.119000,0.087000,0.006704,1
_home_max_Documents_PhD_MAPF_LNS_MAPF_LNS_SAT_mapf-map_room-32-32-4_map-_home_max_Documents_PhD_MAPF_LNS_MAPF_LNS_SAT_mapf-scen-even_scen-even_room-32-32-4-even-6_scen-agents20-idx5-seed42-1783527686686,0,0,4,0.005865,1,2,28,30,1,1,19,9,0.000000,0.008000,0.021000,0.016000,0.001082,1
_home_max_Documents_PhD_MAPF_LNS_MAPF_LNS_SAT_mapf-map_room-32-32-4_map-_home_max_Documents_PhD_MAPF_LNS_MAPF_LNS_SAT_mapf-scen-even_scen-even_room-32-32-4-even-6_scen-agents20-idx5-seed42-1783527686686,0,0,6,0.008798,1,2,29,31,1,2,13,7,0.000000,0.005000,0.023000,0.013000,0.000832,1
_home_max_Documents_PhD_MAPF_LNS_MAPF_LNS_SAT_mapf-map_room-32-32-4_map-_home_max_Documents_PhD_MAPF_LNS_MAPF_LNS_SAT_mapf-scen-even_scen-even_room-32-32-4-even-6_scen-agents20-idx5-seed42-1783527686686,0,0,5,0.007331,1,2,29,31,1,1,24,10,0.000000,0.007000,0.023000,0.018000,0.001143,1
_home_max_Documents_PhD_MAPF_LNS_MAPF_LNS_SAT_mapf-map_room-32-32-4_map-_home_max_Documents_PhD_MAPF_LNS_MAPF_LNS_SAT_mapf-scen-even_scen-even_room-32-32-4-even-6_scen-agents20-idx5-seed42-1783527686686,0,0,7,0.010264,1,2,35,37,3,5,103,40,0.000000,0.035000,0.092000,0.070000,0.004026,1
_home_max_Documents_PhD_MAPF_LNS_MAPF_LNS_SAT_mapf-map_room-32-32-4_map-_home_max_Documents_PhD_MAPF_LNS_MAPF_LNS_SAT_mapf-scen-even_scen-even_room-32-32-4-even-6_scen-agents20-idx5-seed42-1783527686686,0,0,5,0.007331,1,2,35,37,1,1,24,10,0.000000,0.008000,0.023000,0.017000,0.001112,1
_home_max_Documents_PhD_MAPF_LNS_MAPF_LNS_SAT_mapf-map_room-32-32-4_map-_home_max_Documents_PhD_MAPF_LNS_MAPF_LNS_SAT_mapf-scen-even_scen-even_room-32-32-4-even-6_scen-agents20-idx5-seed42-1783527686686,0,0,5,0.007331,1,2,36,38,1,2,25,10,0.000000,0.008000,0.034000,0.021000,0.001482,1
_home_max_Documents_PhD_MAPF_LNS_MAPF_LNS_SAT_mapf-map_room-32-32-4_map-_home_max_Documents_PhD_MAPF_LNS_MAPF_LNS_SAT_mapf-scen-even_scen-even_room-32-32-4-even-6_scen-agents20-idx5-seed42-1783527686686,0,0,4,0.005865,1,2,39,41,1,2,20,9,0.000000,0.007000,0.030000,0.019000,0.001296,1
_home_max_Documents_PhD_MAPF_LNS_MAPF_LNS_SAT_mapf-map_room-32-32-4_map-_home_max_Documents_PhD_MAPF_LNS_MAPF_LNS_SAT_mapf-scen-even_scen-even_room-32-32-4-even-7_scen-agents20-idx0-seed42-1783527686733,0,0,4,0.005865,1,2,13,15,2,3,28,15,0.000000,0.026000,0.130000,0.097000,0.014924,1
_home_max_Documents_PhD_MAPF_LNS_MAPF_LNS_SAT_mapf-map_room-32-32-4_map-_home_max_Documents_PhD_MAPF_LNS_MAPF_LNS_SAT_mapf-scen-even_scen-even_room-32-32-4-even-7_scen-agents20-idx0-seed42-1783527686733,0,0,9,0.013196,1,2,14,16,4,9,355,102,0.000000,0.203000,0.544000,0.439000,0.056867,1
_home_max_Documents_PhD_MAPF_LNS_MAPF_LNS_SAT_mapf-map_room-32-32-4_map-_home_max_Documents_PhD_MAPF_LNS_MAPF_LNS_SAT_mapf-scen-even_scen-even_room-32-32-4-even-7_scen-agents20-idx0-seed42-1783527686733,0,0,12,0.017595,2,4,15,18,4,7,1086,281,0.000000,0.535000,0.853000,0.786000,0.022674,0
_home_max_Documents_PhD_MAPF_LNS_MAPF_LNS_SAT_mapf-map_room-32-32-4_map-_home_max_Documents_PhD_MAPF_LNS_MAPF_LNS_SAT_mapf-scen-even_scen-even_room-32-32-4-even-7_scen-agents20-idx0-seed42-1783527686733,0,1,20,0.029326,2,5,14,19,4,8,2287,473,0.000000,0.806000,1.286000,1.210000,0.045453,0
_home_max_Documents_PhD_MAPF_LNS_MAPF_LNS_SAT_mapf-map_room-32-32-4_map-_home_max_Documents_PhD_MAPF_LNS_MAPF_LNS_SAT_mapf-scen-even_scen-even_room-32-32-4-even-7_scen-agents20-idx0-seed42-1783527686733,0,2,37,0.054252,2,8,12,21,4,15,12348,1543,0.000000,3.595000,6.860000,6.519000,0.548029,1
_home_max_Documents_PhD_MAPF_LNS_MAPF_LNS_SAT_mapf-map_room-32-32-4_map-_home_max_Documents_PhD_MAPF_LNS_MAPF_LNS_SAT_mapf-scen-even_scen-even_room-32-32-4-even-7_scen-agents20-idx0-seed42-1783527686733,0,0,4,0.005865,1,2,26,28,1,1,19,9,0.000000,0.008000,0.028000,0.021000,0.001611,1
_home_max_Documents_PhD_MAPF_LNS_MAPF_LNS_SAT_mapf-map_room-32-32-4_map-_home_max_Documents_PhD_MAPF_LNS_MAPF_LNS_SAT_mapf-scen-even_scen-even_room-32-32-4-even-7_scen-agents20-idx1-seed42-1783527686783,0,0,9,0.013196,3,2,1,5,2,3,52,25,0.000000,0.028000,0.082000,0.061000,0.008463,1
_home_max_Documents_PhD_MAPF_LNS_MAPF_LNS_SAT_mapf-map_room-32-32-4_map-_home_max_Documents_PhD_MAPF_LNS_MAPF_LNS_SAT_mapf-scen-even_scen-even_room-32-32-4-even-7_scen-agents20-idx1-seed42-1783527686783,0,0,19,0.027859,7,4,4,12,2,3,108,52,0.000000,0.041000,0.085000,0.059000,0.002642,1
_home_max_Documents_PhD_MAPF_LNS_MAPF_LNS_SAT_mapf-map_room-32-32-4_map-_home_max_Documents_PhD_MAPF_LNS_MAPF_LNS_SAT_mapf-scen-even_scen-even_room-32-32-4-even-7_scen-agents20-idx1-seed42-1783527686783,0,0,9,0.013196,1,2,11,13,3,7,166,50,0.000000,0.045000,0.150000,0.115000,0.011636,1
_home_max_Documents_PhD_MAPF_LNS_MAPF_LNS_SAT_mapf-map_room-32-32-4_map-_home_max_Documents_PhD_MAPF_LNS_MAPF_LNS_SAT_mapf-scen-even_scen-even_room-32-32-4-even-7_scen-agents20-idx1-seed42-1783527686783,0,0,6,0.008798,1,3,17,19,3,8,173,69,0.000000,0.064000,0.177000,0.126000,0.014205,1
_home_max_Documents_PhD_MAPF_LNS_MAPF_LNS_SAT_mapf-map_room-32-32-4_map-_home_max_Documents_PhD_MAPF_LNS_MAPF_LNS_SAT_mapf-scen-even_scen-even_room-32-32-4-even-7_scen-agents20-idx1-seed42-1783527686783,0,0,9,0.013196,1,2,21,23,3,7,124,46,0.000000,0.039000,0.122000,0.090000,0.008040,0
_home_max_Documents_PhD_MAPF_LNS_MAPF_LNS_SAT_mapf-map_room-32-32-4_map-_home_max_Documents_PhD_MAPF_LNS_MAPF_LNS_SAT_mapf-scen-even_scen-even_room-32-32-4-even-7_scen-agents20-idx1-seed42-1783527686783,0,1,16,0.023460,1,2,20,24,3,6,203,73,0.000000,0.069000,0.151000,0.121000,0.007500,0
_home_max_Documents_PhD_MAPF_LNS_MAPF_LNS_SAT_mapf-map_room-32-32-4_map-_home_max_Documents_PhD_MAPF_LNS_MAPF_LNS_SAT_mapf-scen-even_scen-even_room-32-32-4-even-7_scen-agents20-idx1-seed42-1783527686783,0,2,29,0.042522,1,5,18,26,3,7,781,270,0.000000,0.329000,0.484000,0.420000,0.046385,0
_home_max_Documents_PhD_MAPF_LNS_MAPF_LNS_SAT_mapf-map_room-32-32-4_map-_home_max_Documents_PhD_MAPF_LNS_MAPF_LNS_SAT_mapf-scen-even_scen-even_room-32-32-4-even-7_scen-agents20-idx1-seed42-1783527686783,0,3,69,0.101173,1,7,15,29,3,7,18210,1997,0.000000,6.188000,13.256000,12.997000,0.383783,0
_home_max_Documents_PhD_MAPF_LNS_MAPF_LNS_SAT_mapf-map_room-32-32-4_map-_home_max_Documents_PhD_MAPF_LNS_MAPF_LNS_SAT_mapf-scen-even_scen-even_room-32-32-4-even-7_scen-agents20-idx1-seed42-1783527686783,0,4,164,0.240469,1,13,11,33,3,7,167997,6695,0.000000,62.724000,128.004000,127.162000,2.141460,0
_home_max_Documents_PhD_MAPF_LNS_MAPF_LNS_SAT_mapf-map_room-32-32-4_map-_home_max_Documents_PhD_MAPF_LNS_MAPF_LNS_SAT_mapf-scen-even_scen-even_room-32-32-4-even-7_scen-agents20-idx1-seed42-1783527686783,0,5,402,0.589443,2,17,6,40,3,7,3130043,54892,0.006000,5307.861000,4263.910000,4245.287000,35.440777,0
_home_max_Documents_PhD_MAPF_LNS_MAPF_LNS_SAT_mapf-map_room-32-32-4_map-_home_max_Documents_PhD_MAPF_LNS_MAPF_LNS_SAT_mapf-scen-even_scen-even_room-32-32-4-even-7_scen-agents20-idx1-seed42-1783527686783,0,6,682,1.000000,8,20,0,49,1,13,7553883,81060,0.001000,40972.402000,7057.048000,6023.466000,156.475364,1
_home_max_Documents_PhD_MAPF_LNS_MAPF_LNS_SAT_mapf-map_room-32-32-4_map-_home_max_Documents_PhD_MAPF_LNS_MAPF_LNS_SAT_mapf-scen-even_scen-even_room-32-32-4-even-7_scen-agents20-idx2-seed42-1783527745131,0,0,4,0.005865,1,2,4,6,4,7,144,61,0.003000,0.080000,0.262000,0.212000,0.028843,0
_home_max_Documents_PhD_MAPF_LNS_MAPF_LNS_SAT_mapf-map_room-32-32-4_map-_home_max_Documents_PhD_MAPF_LNS_MAPF_LNS_SAT_mapf-scen-even_scen-even_room-32-32-4-even-7_scen-agents20-idx2-seed42-1783527745131,0,1,9,0.013196,1,2,3,7,3,6,138,56,0.000000,0.068000,0.225000,0.172000,0.019830,1
_home_max_Documents_PhD_MAPF_LNS_MAPF_LNS_SAT_mapf-map_room-32-32-4_map-_home_max_Documents_PhD_MAPF_LNS_MAPF_LNS_SAT_mapf-scen-even_scen-even_room-32-32-4-even-7_scen-agents20-idx2-seed42-1783527745131,0,0,12,0.017595,5,4,7,13,2,3,100,49,0.000000,0.058000,0.137000,0.096000,0.009059,1
_home_max_Documents_PhD_MAPF_LNS_MAPF_LNS_SAT_mapf-map_room-32-32-4_map-_home_max_Documents_PhD_MAPF_LNS_MAPF_LNS_SAT_mapf-scen-even_scen-even_room-32-32-4-even-7_scen-agents20-idx2-seed42-1783527745131,0,0,8,0.011730,1,2,7,9,3,6,109,42,0.000000,0.035000,0.124000,0.092000,0.008983,1
_home_max_Documents_PhD_MAPF_LNS_MAPF_LNS_SAT_mapf-map_room-32-32-4_map-_home_max_Documents_PhD_MAPF_LNS_MAPF_LNS_SAT_mapf-scen-even_scen-even_room-32-32-4-even-7_scen-agents20-idx2-seed42-1783527745131,0,0,5,0.007331,2,5,11,14,1,3,50,20,0.000000,0.018000,0.062000,0.039000,0.003520,1
_home_max_Documents_PhD_MAPF_LNS_MAPF_LNS_SAT_mapf-map_room-32-32-4_map-_home_max_Documents_PhD_MAPF_LNS_MAPF_LNS_SAT_mapf-scen-even_scen-even_room-32-32-4-even-7_scen-agents20-idx2-seed42-1783527745131,0,0,8,0.011730,2,2,15,18,1,2,20,10,0.000000,0.008000,0.033000,0.020000,0.001125,1
_home_max_Documents_PhD_MAPF_LNS_MAPF_LNS_SAT_mapf-map_room-32-32-4_map-_home_max_Documents_PhD_MAPF_LNS_MAPF_LNS_SAT_mapf-scen-even_scen-even_room-32-32-4-even-7_scen-agents20-idx2-seed42-1783527745131,0,0,14,0.020528,10,4,18,25,1,2,58,26,0.000000,0.022000,0.042000,0.024000,0.000406,0
_home_max_Documents_PhD_MAPF_LNS_MAPF_LNS_SAT_mapf-map_room-32-32-4_map-_home_max_Documents_PhD_MAPF_LNS_MAPF_LNS_SAT_mapf-scen-even_scen-even_room-32-32-4-even-7_scen-agents20-idx2-seed42-1783527745131,0,1,23,0.033724,10,6,17,26,1,2,89,42,0.000000,0.047000,0.063000,0.041000,0.001404,0
_home_max_Documents_PhD_MAPF_LNS_MAPF_LNS_SAT_mapf-map_room-32-32-4_map-_home_max_Documents_PhD_MAPF_LNS_MAPF_LNS_SAT_mapf-scen-even_scen-even_room-32-32-4-even-7_scen-agents20-idx2-seed42-1783527745131,0,2,36,0.052786,10,7,15,28,1,2,168,80,0.000000,0.087000,0.099000,0.071000,0.003638,0
_home_max_Documents_PhD_MAPF_LNS_MAPF_LNS_SAT_mapf-map_room-32-32-4_map-_home_max_Documents_PhD_MAPF_LNS_MAPF_LNS_SAT_mapf-scen-even_scen-even_room-32-32-4-even-7_scen-agents20-idx2-seed42-1783527745131,0,3,115,0.168622,11,11,12,36,1,2,38891,1597,0.000000,16.457000,29.625000,29.221000,0.310854,0
_home_max_Documents_PhD_MAPF_LNS_MAPF_LNS_SAT_mapf-map_room-32-32-4_map-_home_max_Documents_PhD_MAPF_LNS_MAPF_LNS_SAT_mapf-scen-even_scen-even_room-32-32-4-even-7_scen-agents20-idx2-seed42-1783527745131,0,4,391,0.573314,19,17,8,50,1,2,2571178,34280,0.001000,6771.303000,4665.596000,4629.842000,18.458940,0
_home_max_Documents_PhD_MAPF_LNS_MAPF_LNS_SAT_mapf-map_room-32-32-4_map-_home_max_Documents_PhD_MAPF_LNS_MAPF_LNS_SAT_mapf-scen-even_scen-even_room-32-32-4-even-7_scen-agents20-idx2-seed42-1783527745131,0,5,545,0.799120,19,20,3,50,1,10,5767556,64189,0.001000,28541.882000,5275.254000,4485.844000,92.776223,1
_home_max_Documents_PhD_MAPF_LNS_MAPF_LNS_SAT_mapf-map_room-32-32-4_map-_home_max_Documents_PhD_MAPF_LNS_MAPF_LNS_SAT_mapf-scen-even_scen-even_room-32-32-4-even-7_scen-agents20-idx3-seed42-1783527790899,0,0,4,0.005865,1,3,3,5,3,5,74,35,0.000000,0.025000,0.100000,0.078000,0.008616,0
_home_max_Documents_PhD_MAPF_LNS_MAPF_LNS_SAT_mapf-map_room-32-32-4_map-_home_max_Documents_PhD_MAPF_LNS_MAPF_LNS_SAT_mapf-scen-even_scen-even_room-32-32-4-even-7_scen-agents20-idx3-seed42-1783527790899,0,1,9,0.013196,1,3,2,6,3,6,163,68,0.000000,0.056000,0.141000,0.104000,0.010027,1
_home_max_Documents_PhD_MAPF_LNS_MAPF_LNS_SAT_mapf-map_room-32-32-4_map-_home_max_Documents_PhD_MAPF_LNS_MAPF_LNS_SAT_mapf-scen-even_scen-even_room-32-32-4-even-7_scen-agents20-idx3-seed42-1783527790899,0,0,9,0.013196,1,2,11,13,3,7,121,44,0.000000,0.038000,0.131000,0.095000,0.009739,1
_home_max_Documents_PhD_MAPF_LNS_MAPF_LNS_SAT_mapf-map_room-32-32-4_map-_home_max_Documents_PhD_MAPF_LNS_MAPF_LNS_SAT_mapf-scen-even_scen-even_room-32-32-4-even-7_scen-agents20-idx3-seed42-1783527790899,0,0,8,0.011730,1,2,16,18,3,7,126,46,0.000000,0.040000,0.131000,0.092000,0.007049,1
_home_max_Documents_PhD_MAPF_LNS_MAPF_LNS_SAT_mapf-map_room-32-32-4_map-_home_max_Documents_PhD_MAPF_LNS_MAPF_LNS_SAT_mapf-scen-even_scen-even_room-32-32-4-even-7_scen-agents20-idx3-seed42-1783527790899,0,0,7,0.010264,1,2,17,19,3,7,102,42,0.000000,0.035000,0.118000,0.081000,0.008296,1
_home_max_Documents_PhD_MAPF_LNS_MAPF_LNS_SAT_mapf-map_room-32-32-4_map-_home_max_Documents_PhD_MAPF_LNS_MAPF_LNS_SAT_mapf-scen-even_scen-even_room-32-32-4-even-7_scen-agents20-idx3-seed42-1783527790899,0,0,9,0.013196,1,2,18,20,4,8,353,101,0.000000,0.103000,0.238000,0.197000,0.015223,1
_home_max_Documents_PhD_MAPF_LNS_MAPF_LNS_SAT_mapf-map_room-32-32-4_map-_home_max_Documents_PhD_MAPF_LNS_MAPF_LNS_SAT_mapf-scen-even_scen-even_room-32-32-4-even-7_scen-agents20-idx3-seed42-1783527790899,0,0,4,0.005865,1,2,18,20,4,7,145,62,0.000000,0.049000,0.122000,0.095000,0.005158,0
_home_max_Documents_PhD_MAPF_LNS_MAPF_LNS_SAT_mapf-map_room-32-32-4_map-_home_max_Documents_PhD_MAPF_LNS_MAPF_LNS_SAT_mapf-scen-even_scen-even_room-32-32-4-even-7_scen-agents20-idx3-seed42-1783527790899,0,1,8,0.011730,1,3,17,21,1,2,26,14,0.000000,0.011000,0.037000,0.022000,0.001906,1
_home_max_Documents_PhD_MAPF_LNS_MAPF_LNS_SAT_mapf-map_room-32-32-4_map-_home_max_Documents_PhD_MAPF_LNS_MAPF_LNS_SAT_mapf-scen-even_scen-even_room-32-32-4-even-7_scen-agents20-idx3-seed42-1783527790899,0,0,9,0.013196,1,3,19,21,4,9,363,108,0.000000,0.114000,0.263000,0.214000,0.018371,1
_home_max_Documents_PhD_MAPF_LNS_MAPF_LNS_SAT_mapf-map_room-32-32-4_map-_home_max_Documents_PhD_MAPF_LNS_MAPF_LNS_SAT_mapf-scen-even_scen-even_room-32-32-4-even-7_scen-agents20-idx3-seed42-1783527790899,0,0,9,0.013196,2,3,20,23,4,8,328,112,0.000000,0.102000,0.241000,0.195000,0.015005,1
_home_max_Documents_PhD_MAPF_LNS_MAPF_LNS_SAT_mapf-map_room-32-32-4_map-_home_max_Documents_PhD_MAPF_LNS_MAPF_LNS_SAT_mapf-scen-even_scen-even_room-32-32-4-even-7_scen-agents20-idx3-seed42-1783527790899,0,0,7,0.010264,1,2,26,28,3,7,106,41,0.000000,0.035000,0.118000,0.084000,0.007896,1
_home_max_Documents_PhD_MAPF_LNS_MAPF_LNS_SAT_mapf-map_room-32-32-4_map-_home_max_Documents_PhD_MAPF_LNS_MAPF_LNS_SAT_mapf-scen-even_scen-even_room-32-32-4-even-7_scen-agents20-idx3-seed42-1783527790899,0,0,4,0.005865,1,2,28,30,1,4,22,9,0.000000,0.006000,0.046000,0.026000,0.001900,1
_home_max_Documents_PhD_MAPF_LNS_MAPF_LNS_SAT_mapf-map_room-32-32-4_map-_home_max_Documents_PhD_MAPF_LNS_MAPF_LNS_SAT_mapf-scen-even_scen-even_room-32-32-4-even-7_scen-agents20-idx3-seed42-1783527790899,0,0,5,0.007331,1,2,29,31,4,7,179,68,0.000000,0.057000,0.132000,0.108000,0.005221,0
_home_max_Documents_PhD_MAPF_LNS_MAPF_LNS_SAT_mapf-map_room-32-32-4_map-_home_max_Documents_PhD_MAPF_LNS_MAPF_LNS_SAT_mapf-scen-even_scen-even_room-32-32-4-even-7_scen-agents20-idx3-seed42-1783527790899,0,1,9,0.013196,1,3,28,32,2,3,58,30,0.000000,0.025000,0.059000,0.041000,0.003703,1
_home_max_Documents_PhD_MAPF_LNS_MAPF_LNS_SAT_mapf-map_room-32-32-4_map-_home_max_Documents_PhD_MAPF_LNS_MAPF_LNS_SAT_mapf-scen-even_scen-even_room-32-32-4-even-7_scen-agents20-idx3-seed42-1783527790899,0,0,7,0.010264,1,2,35,37,3,7,132,46,0.000000,0.039000,0.126000,0.095000,0.010270,1
_home_max_Documents_PhD_MAPF_LNS_MAPF_LNS_SAT_mapf-map_room-32-32-4_map-_home_max_Documents_PhD_MAPF_LNS_MAPF_LNS_SAT_mapf-scen-even_scen-even_room-32-32-4-even-7_scen-agents20-idx4-seed42-1783527790945,0,0,7,0.010264,2,3,0,3,2,3,52,27,0.001000,0.018000,0.102000,0.080000,0.010309,1
_home_max_Documents_PhD_MAPF_LNS_MAPF_LNS_SAT_mapf-map_room-32-32-4_map-_home_max_Documents_PhD_MAPF_LNS_MAPF_LNS_SAT_mapf-scen-even_scen-even_room-32-32-4-even-7_scen-agents20-idx4-seed42-1783527790945,0,0,5,0.007331,1,2,2,4,2,3,28,15,0.000000,0.009000,0.039000,0.025000,0.001924,1
_home_max_Documents_PhD_MAPF_LNS_MAPF_LNS_SAT_mapf-map_room-32-32-4_map-_home_max_Documents_PhD_MAPF_LNS_MAPF_LNS_SAT_mapf-scen-even_scen-even_room-32-32-4-even-7_scen-agents20-idx4-seed42-1783527790945,0,0,5,0.007331,1,2,3,5,1,3,26,10,0.000000,0.006000,0.043000,0.026000,0.002440,1
_home_max_Documents_PhD_MAPF_LNS_MAPF_LNS_SAT_mapf-map_room-32-32-4_map-_home_max_Documents_PhD_MAPF_LNS_MAPF_LNS_SAT_mapf-scen-even_scen-even_room-32-32-4-even-7_scen-agents20-idx4-seed42-1783527790945,0,0,4,0.005865,2,3,6,9,3,7,169,64,0.000000,0.050000,0.135000,0.105000,0.004748,0
_home_max_Documents_PhD_MAPF_LNS_MAPF_LNS_SAT_mapf-map_room-32-32-4_map-_home_max_Documents_PhD_MAPF_LNS_MAPF_LNS_SAT_mapf-scen-even_scen-even_room-32-32-4-even-7_scen-agents20-idx4-seed42-1783527790945,0,1,8,0.011730,2,3,5,10,1,5,124,37,0.000000,0.039000,0.128000,0.089000,0.016590,1
_home_max_Documents_PhD_MAPF_LNS_MAPF_LNS_SAT_mapf-map_room-32-32-4_map-_home_max_Documents_PhD_MAPF_LNS_MAPF_LNS_SAT_mapf-scen-even_scen-even_room-32-32-4-even-7_scen-agents20-idx4-seed42-1783527790945,0,0,5,0.007331,1,2,6,8,1,1,24,10,0.000000,0.008000,0.024000,0.019000,0.001266,1
_home_max_Documents_PhD_MAPF_LNS_MAPF_LNS_SAT_mapf-map_room-32-32-4_map-_home_max_Documents_PhD_MAPF_LNS_MAPF_LNS_SAT_mapf-scen-even_scen-even_room-32-32-4-even-7_scen-agents20-idx4-seed42-1783527790945,0,0,5,0.007331,1,2,8,10,2,3,28,15,0.000000,0.008000,0.035000,0.023000,0.001485,1
_home_max_Documents_PhD_MAPF_LNS_MAPF_LNS_SAT_mapf-map_room-32-32-4_map-_home_max_Documents_PhD_MAPF_LNS_MAPF_LNS_SAT_mapf-scen-even_scen-even_room-32-32-4-even-7_scen-agents20-idx4-seed42-1783527790945,0,0,9,0.013196,1,3,10,12,5,16,824,217,0.000000,0.239000,0.597000,0.485000,0.084579,1
_home_max_Documents_PhD_MAPF_LNS_MAPF_LNS_SAT_mapf-map_room-32-32-4_map-_home_max_Documents_PhD_MAPF_LNS_MAPF_LNS_SAT_mapf-scen-even_scen-even_room-32-32-4-even-7_scen-agents20-idx4-seed42-1783527790945,0,0,5,0.007331,3,3,11,13,4,7,426,146,0.000000,0.123000,0.264000,0.234000,0.013042,0
_home_max_Documents_PhD_MAPF_LNS_MAPF_LNS_SAT_mapf-map_room-32-32-4_map-_home_max_Documents_PhD_MAPF_LNS_MAPF_LNS_SAT_mapf-scen-even_scen-even_room-32-32-4-even-7_scen-agents20-idx4-seed42-1783527790945,0,1,10,0.014663,3,3,10,14,5,10,2449,522,0.000000,0.700000,1.473000,1.416000,0.073524,0
_home_max_Documents_PhD_MAPF_LNS_MAPF_LNS_SAT_mapf-map_room-32-32-4_map-_home_max_Documents_PhD_MAPF_LNS_MAPF_LNS_SAT_mapf-scen-even_scen-even_room-32-32-4-even-7_scen-agents20-idx4-seed42-1783527790945,0,2,42,0.061584,4,8,8,19,1,1,2274,244,0.000000,0.655000,0.887000,0.870000,0.031465,1
_home_max_Documents_PhD_MAPF_LNS_MAPF_LNS_SAT_mapf-map_room-32-32-4_map-_home_max_Documents_PhD_MAPF_LNS_MAPF_LNS_SAT_mapf-scen-even_scen-even_room-32-32-4-even-7_scen-agents20-idx4-seed42-1783527790945,0,0,5,0.007331,1,2,13,15,2,3,28,15,0.000000,0.011000,0.038000,0.025000,0.001757,1
_home_max_Documents_PhD_MAPF_LNS_MAPF_LNS_SAT_mapf-map_room-32-32-4_map-_home_max_Documents_PhD_MAPF_LNS_MAPF_LNS_SAT_mapf-scen-even_scen-even_room-32-32-4-even-7_scen-agents20-idx4-seed42-1783527790945,0,0,4,0.005865,1,2,15,17,3,6,70,32,0.000000,0.022000,0.077000,0.054000,0.004616,0
_home_max_Documents_PhD_MAPF_LNS_MAPF_LNS_SAT_mapf-map_room-32-32-4_map-_home_max_Documents_PhD_MAPF_LNS_MAPF_LNS_SAT_mapf-scen-even_scen-even_room-32-32-4-even-7_scen-agents20-idx4-seed42-1783527790945,0,1,8,0.011730,1,3,14,18,3,6,131,57,0.000000,0.047000,0.125000,0.093000,0.011031,1
_home_max_Documents_PhD_MAPF_LNS_MAPF_LNS_SAT_mapf-map_room-32-32-4_map-_home_max_Documents_PhD_MAPF_LNS_MAPF_LNS_SAT_mapf-scen-even_scen-even_room-32-32-4-even-7_scen-agents20-idx4-seed42-1783527790945,0,0,9,0.013196,1,2,22,24,3,7,166,50,0.000000,0.043000,0.140000,0.111000,0.010562,1
_home_max_Documents_PhD_MAPF_LNS_MAPF_LNS_SAT_mapf-map_room-32-32-4_map-_home_max_Documents_PhD_MAPF_LNS_MAPF_LNS_SAT_mapf-scen-even_scen-even_room-32-32-4-even-7_scen-agents20-idx5-seed42-1783527790995,0,0,9,0.013196,1,2,9,11,3,6,120,44,0.000000,0.038000,0.174000,0.141000,0.022412,1
_home_max_Documents_PhD_MAPF_LNS_MAPF_LNS_SAT_mapf-map_room-32-32-4_map-_home_max_Documents_PhD_MAPF_LNS_MAPF_LNS_SAT_mapf-scen-even_scen-even_room-32-32-4-even-7_scen-agents20-idx5-seed42-1783527790995,0,0,9,0.013196,1,2,10,12,3,7,166,50,0.000000,0.044000,0.142000,0.110000,0.010566,1
_home_max_Documents_PhD_MAPF_LNS_MAPF_LNS_SAT_mapf-map_room-32-32-4_map-_home_max_Documents_PhD_MAPF_LNS_MAPF_LNS_SAT_mapf-scen-even_scen-even_room-32-32-4-even-7_scen-agents20-idx5-seed42-1783527790995,0,0,8,0.011730,3,3,14,18,1,2,22,11,0.000000,0.007000,0.024000,0.014000,0.000413,0
_home_max_Documents_PhD_MAPF_LNS_MAPF_LNS_SAT_mapf-map_room-32-32-4_map-_home_max_Documents_PhD_MAPF_LNS_MAPF_LNS_SAT_mapf-scen-even_scen-even_room-32-32-4-even-7_scen-agents20-idx5-seed42-1783527790995,0,1,15,0.021994,3,3,13,19,1,2,39,19,0.000000,0.014000,0.033000,0.022000,0.000946,0
_home_max_Documents_PhD_MAPF_LNS_MAPF_LNS_SAT_mapf-map_room-32-32-4_map-_home_max_Documents_PhD_MAPF_LNS_MAPF_LNS_SAT_mapf-scen-even_scen-even_room-32-32-4-even-7_scen-agents20-idx5-seed42-1783527790995,0,2,51,0.074780,4,6,11,25,1,2,170,83,0.000000,0.072000,0.103000,0.078000,0.004144,0
_home_max_Documents_PhD_MAPF_LNS_MAPF_LNS_SAT_mapf-map_room-32-32-4_map-_home_max_Documents_PhD_MAPF_LNS_MAPF_LNS_SAT_mapf-scen-even_scen-even_room-32-32-4-even-7_scen-agents20-idx5-seed42-1783527790995,0,3,90,0.131965,4,11,8,28,1,2,8029,812,0.000000,2.726000,6.399000,6.273000,0.090055,0
_home_max_Documents_PhD_MAPF_LNS_MAPF_LNS_SAT_mapf-map_room-32-32-4_map-_home_max_Documents_PhD_MAPF_LNS_MAPF_LNS_SAT_mapf-scen-even_scen-even_room-32-32-4-even-7_scen-agents20-idx5-seed42-1783527790995,0,4,340,0.498534,7,17,4,38,1,2,325664,10601,0.001000,277.727000,346.590000,341.831000,2.731096,0
_home_max_Documents_PhD_MAPF_LNS_MAPF_LNS_SAT_mapf-map_room-32-32-4_map-_home_max_Documents_PhD_MAPF_LNS_MAPF_LNS_SAT_mapf-scen-even_scen-even_room-32-32-4-even-7_scen-agents20-idx5-seed42-1783527790995,0,5,513,0.752199,7,19,0,43,1,2,1881772,32527,0.001000,4350.249000,3120.291000,3097.737000,14.337945,0
_home_max_Documents_PhD_MAPF_LNS_MAPF_LNS_SAT_mapf-map_room-32-32-4_map-_home_max_Documents_PhD_MAPF_LNS_MAPF_LNS_SAT_mapf-scen-even_scen-even_room-32-32-4-even-7_scen-agents20-idx5-seed42-1783527790995,0,6,635,0.931085,7,19,0,49,1,2,5437559,64133,0.001000,22566.417000,9026.312000,8336.720000,38.246928,0
_home_max_Documents_PhD_MAPF_LNS_MAPF_LNS_SAT_mapf-map_room-32-32-4_map-_home_max_Documents_PhD_MAPF_LNS_MAPF_LNS_SAT_mapf-scen-even_scen-even_room-32-32-4-even-7_scen-agents20-idx5-seed42-1783527790995,0,7,682,1.000000,19,20,0,49,1,2,6271553,73180,0.001000,31515.369000,11687.647000,10804.856000,44.671199,0
_home_max_Documents_PhD_MAPF_LNS_MAPF_LNS_SAT_mapf-map_room-32-32-4_map-_home_max_Documents_PhD_MAPF_LNS_MAPF_LNS_SAT_mapf-scen-even_scen-even_room-32-32-4-even-7_scen-agents20-idx5-seed42-1783527790995,1,0,9,0.013196,1,2,2,4,3,7,121,44,0.000000,0.036000,0.154000,0.113000,0.014697,1
_home_max_Documents_PhD_MAPF_LNS_MAPF_LNS_SAT_mapf-map_room-32-32-4_map-_home_max_Documents_PhD_MAPF_LNS_MAPF_LNS_SAT_mapf-scen-even_scen-even_room-32-32-4-even-7_scen-agents20-idx5-seed42-1783527790995,1,0,9,0.013196,1,2,10,12,3,7,166,50,0.000000,0.043000,0.147000,0.113000,0.010888,1
_home_max_Documents_PhD_MAPF_LNS_MAPF_LNS_SAT_mapf-map_room-32-32-4_map-_home_max_Documents_PhD_MAPF_LNS_MAPF_LNS_SAT_mapf-scen-even_scen-even_room-32-32-4-even-7_scen-agents20-idx5-seed42-1783527790995,1,0,8,0.011730,1,2,11,13,1,2,13,7,0.000000,0.005000,0.029000,0.018000,0.001002,1
_home_max_Documents_PhD_MAPF_LNS_MAPF_LNS_SAT_mapf-map_room-32-32-4_map-_home_max_Documents_PhD_MAPF_LNS_MAPF_LNS_SAT_mapf-scen-even_scen-even_room-32-32-4-even-7_scen-agents20-idx5-seed42-1783527790995,1,0,4,0.005865,1,2,14,16,4,7,144,61,0.000000,0.048000,0.119000,0.095000,0.005562,0
_home_max_Documents_PhD_MAPF_LNS_MAPF_LNS_SAT_mapf-map_room-32-32-4_map-_home_max_Documents_PhD_MAPF_LNS_MAPF_LNS_SAT_mapf-scen-even_scen-even_room-32-32-4-even-7_scen-agents20-idx5-seed42-1783527790995,1,1,8,0.011730,1,2,13,17,2,3,56,28,0.000000,0.019000,0.059000,0.045000,0.003967,1
_home_max_Documents_PhD_MAPF_LNS_MAPF_LNS_SAT_mapf-map_room-32-32-4_map-_home_max_Documents_PhD_MAPF_LNS_MAPF_LNS_SAT_mapf-scen-even_scen-even_room-32-32-4-even-7_scen-agents20-idx5-seed42-1783527790995,1,0,8,0.011730,1,2,20,22,3,6,115,45,0.000000,0.038000,0.105000,0.079000,0.005013,0
_home_max_Documents_PhD_MAPF_LNS_MAPF_LNS_SAT_mapf-map_room-32-32-4_map-_home_max_Documents_PhD_MAPF_LNS_MAPF_LNS_SAT_mapf-scen-even_scen-even_room-32-32-4-even-7_scen-agents20-idx5-seed42-1783527790995,1,1,16,0.023460,1,4,19,23,3,7,223,86,0.000000,0.081000,0.179000,0.140000,0.014848,0
_home_max_Documents_PhD_MAPF_LNS_MAPF_LNS_SAT_mapf-map_room-32-32-4_map-_home_max_Documents_PhD_MAPF_LNS_MAPF_LNS_SAT_mapf-scen-even_scen-even_room-32-32-4-even-7_scen-agents20-idx5-seed42-1783527790995,1,2,45,0.065982,2,6,17,25,3,7,703,262,0.000000,0.277000,0.427000,0.361000,0.034518,0
_home_max_Documents_PhD_MAPF_LNS_MAPF_LNS_SAT_mapf-map_room-32-32-4_map-_home_max_Documents_PhD_MAPF_LNS_MAPF_LNS_SAT_mapf-scen-even_scen-even_room-32-32-4-even-7_scen-agents20-idx5-seed42-1783527790995,1,3,80,0.117302,2,9,14,28,3,7,9709,1492,0.000000,3.273000,7.816000,7.630000,0.276823,0
_home_max_Documents_PhD_MAPF_LNS_MAPF_LNS_SAT_mapf-map_room-32-32-4_map-_home_max_Documents_PhD_MAPF_LNS_MAPF_LNS_SAT_mapf-scen-even_scen-even_room-32-32-4-even-7_scen-agents20-idx5-seed42-1783527790995,1,4,213,0.312317,3,14,10,38,4,15,585704,21211,0.005000,295.163000,507.375000,503.275000,10.264952,0
_home_max_Documents_PhD_MAPF_LNS_MAPF_LNS_SAT_mapf-map_room-32-32-4_map-_home_max_Documents_PhD_MAPF_LNS_MAPF_LNS_SAT_mapf-scen-even_scen-even_room-32-32-4-even-7_scen-agents20-idx5-seed42-1783527790995,1,5,507,0.743402,10,19,5,50,1,3,2616260,41175,0.001000,4261.516000,4397.164000,4365.592000,23.822211,0
_home_max_Documents_PhD_MAPF_LNS_MAPF_LNS_SAT_mapf-map_room-32-32-4_map-_home_max_Documents_PhD_MAPF_LNS_MAPF_LNS_SAT_mapf-scen-even_scen-even_room-32-32-4-even-7_scen-agents20-idx5-seed42-1783527790995,1,6,635,0.931085,10,19,0,50,1,12,6045412,69160,0.001000,24547.835000,11358.535000,10437.269000,165.451874,0
_home_max_Documents_PhD_MAPF_LNS_MAPF_LNS_SAT_mapf-map_room-32-32-4_map-_home_max_Documents_PhD_MAPF_LNS_MAPF_LNS_SAT_mapf-scen-even_scen-even_room-32-32-4-even-7_scen-agents20-idx5-seed42-1783527790995,1,7,682,1.000000,16,20,0,50,1,12,6984208,78802,0.001000,34515.243000,12741.570000,11715.958000,175.566377,0
_home_max_Documents_PhD_MAPF_LNS_MAPF_LNS_SAT_mapf-map_room-32-32-4_map-_home_max_Documents_PhD_MAPF_LNS_MAPF_LNS_SAT_mapf-scen-even_scen-even_room-32-32-4-even-7_scen-agents20-idx5-seed42-1783527790995,2,0,9,0.013196,1,2,2,4,3,7,121,44,0.000000,0.036000,0.150000,0.110000,0.014842,1
_home_max_Documents_PhD_MAPF_LNS_MAPF_LNS_SAT_mapf-map_room-32-32-4_map-_home_max_Documents_PhD_MAPF_LNS_MAPF_LNS_SAT_mapf-scen-even_scen-even_room-32-32-4-even-7_scen-agents20-idx5-seed42-1783527790995,2,0,9,0.013196,1,2,10,12,3,7,166,50,0.000000,0.042000,0.144000,0.112000,0.010881,1
_home_max_Documents_PhD_MAPF_LNS_MAPF_LNS_SAT_mapf-map_room-32-32-4_map-_home_max_Documents_PhD_MAPF_LNS_MAPF_LNS_SAT_mapf-scen-even_scen-even_room-32-32-4-even-7_scen-agents20-idx5-seed42-1783527790995,2,0,8,0.011730,1,2,11,13,3,7,119,43,0.000000,0.036000,0.133000,0.097000,0.009359,1
_home_max_Documents_PhD_MAPF_LNS_MAPF_LNS_SAT_mapf-map_room-32-32-4_map-_home_max_Documents_PhD_MAPF_LNS_MAPF_LNS_SAT_mapf-scen-even_scen-even_room-32-32-4-even-7_scen-agents20-idx5-seed42-1783527790995,2,0,7,0.010264,1,2,15,17,1,2,13,7,0.000000,0.005000,0.027000,0.017000,0.000881,1
_home_max_Documents_PhD_MAPF_LNS_MAPF_LNS_SAT_mapf-map_room-32-32-4_map-_home_max_Documents_PhD_MAPF_LNS_MAPF_LNS_SAT_mapf-scen-even_scen-even_room-32-32-4-even-7_scen-agents20-idx5-seed42-1783527790995,2,0,5,0.007331,1,2,16,18,2,3,28,15,0.000000,0.009000,0.037000,0.025000,0.001689,1
_home_max_Documents_PhD_MAPF_LNS_MAPF_LNS_SAT_mapf-map_room-32-32-4_map-_home_max_Documents_PhD_MAPF_LNS_MAPF_LNS_SAT_mapf-scen-even_scen-even_room-32-32-4-even-7_scen-agents20-idx5-seed42-1783527790995,2,0,8,0.011730,1,3,18,20,2,4,34,19,0.000000,0.013000,0.044000,0.028000,0.001261,0
_home_max_Documents_PhD_MAPF_LNS_MAPF_LNS_SAT_mapf-map_room-32-32-4_map-_home_max_Documents_PhD_MAPF_LNS_MAPF_LNS_SAT_mapf-scen-even_scen-even_room-32-32-4-even-7_scen-agents20-idx5-seed42-1783527790995,2,1,28,0.041056,3,5,17,23,2,4,203,100,0.000000,0.089000,0.145000,0.112000,0.009507,0
_home_max_Documents_PhD_MAPF_LNS_MAPF_LNS_SAT_mapf-map_room-32-32-4_map-_home_max_Documents_PhD_MAPF_LNS_MAPF_LNS_SAT_mapf-scen-even_scen-even_room-32-32-4-even-7_scen-agents20-idx5-seed42-1783527790995,2,2,51,0.074780,3,7,15,25,2,4,1397,365,0.000000,0.511000,0.694000,0.637000,0.042289,0
_home_max_Documents_PhD_MAPF_LNS_MAPF_LNS_SAT_mapf-map_room-32-32-4_map-_home_max_Documents_PhD_MAPF_LNS_MAPF_LNS_SAT_mapf-scen-even_scen-even_room-32-32-4-even-7_scen-agents20-idx5-seed42-1783527790995,2,3,118,0.173021,4,13,12,34,4,16,132907,7323,0.003000,49.460000,101.993000,100.784000,3.083205,0
_home_max_Documents_PhD_MAPF_LNS_MAPF_LNS_SAT_mapf-map_room-32-32-4_map-_home_max_Documents_PhD_MAPF_LNS_MAPF_LNS_SAT_mapf-scen-even_scen-even_room-32-32-4-even-7_scen-agents20-idx5-seed42-1783527790995,2,4,252,0.369501,5,14,8,49,2,12,1236511,26007,0.002000,913.264000,1585.335000,1576.280000,24.589637,0
_home_max_Documents_PhD_MAPF_LNS_MAPF_LNS_SAT_mapf-map_room-32-32-4_map-_home_max_Documents_PhD_MAPF_LNS_MAPF_LNS_SAT_mapf-scen-even_scen-even_room-32-32-4-even-7_scen-agents20-idx5-seed42-1783527790995,2,5,534,0.782991,15,19,3,51,1,16,3409042,50188,0.001000,8601.764000,3248.702000,3180.740000,89.620174,1
_home_max_Documents_PhD_MAPF_LNS_MAPF_LNS_SAT_mapf-map_room-32-32-4_map-_home_max_Documents_PhD_MAPF_LNS_MAPF_LNS_SAT_mapf-scen-even_scen-even_room-32-32-4-even-8_scen-agents20-idx0-seed42-1783527985812,0,0,9,0.013196,6,3,3,8,6,30,2193,568,0.000000,0.670000,2.367000,2.005000,0.347464,0
_home_max_Documents_PhD_MAPF_LNS_MAPF_LNS_SAT_mapf-map_room-32-32-4_map-_home_max_Documents_PhD_MAPF_LNS_MAPF_LNS_SAT_mapf-scen-even_scen-even_room-32-32-4-even-8_scen-agents20-idx0-seed42-1783527985812,0,1,17,0.024927,6,3,2,9,4,19,1304,344,0.000000,0.416000,1.197000,0.979000,0.217960,1
_home_max_Documents_PhD_MAPF_LNS_MAPF_LNS_SAT_mapf-map_room-32-32-4_map-_home_max_Documents_PhD_MAPF_LNS_MAPF_LNS_SAT_mapf-scen-even_scen-even_room-32-32-4-even-8_scen-agents20-idx0-seed42-1783527985812,0,0,7,0.010264,2,3,7,10,4,7,383,140,0.000000,0.123000,0.242000,0.210000,0.011572,0
_home_max_Documents_PhD_MAPF_LNS_MAPF_LNS_SAT_mapf-map_room-32-32-4_map-_home_max_Documents_PhD_MAPF_LNS_MAPF_LNS_SAT_mapf-scen-even_scen-even_room-32-32-4-even-8_scen-agents20-idx0-seed42-1783527985812,0,1,15,0.021994,2,3,6,11,5,21,3205,604,0.000000,0.871000,2.335000,2.069000,0.277479,1
_home_max_Documents_PhD_MAPF_LNS_MAPF_LNS_SAT_mapf-map_room-32-32-4_map-_home_max_Documents_PhD_MAPF_LNS_MAPF_LNS_SAT_mapf-scen-even_scen-even_room-32-32-4-even-8_scen-agents20-idx0-seed42-1783527985812,0,0,5,0.007331,1,2,12,14,4,7,180,69,0.000000,0.069000,0.191000,0.150000,0.010655,0
_home_max_Documents_PhD_MAPF_LNS_MAPF_LNS_SAT_mapf-map_room-32-32-4_map-_home_max_Documents_PhD_MAPF_LNS_MAPF_LNS_SAT_mapf-scen-even_scen-even_room-32-32-4-even-8_scen-agents20-idx0-seed42-1783527985812,0,1,12,0.017595,1,2,11,15,1,1,22,12,0.000000,0.012000,0.033000,0.023000,0.001417,1
_home_max_Documents_PhD_MAPF_LNS_MAPF_LNS_SAT_mapf-map_room-32-32-4_map-_home_max_Documents_PhD_MAPF_LNS_MAPF_LNS_SAT_mapf-scen-even_scen-even_room-32-32-4-even-8_scen-agents20-idx0-seed42-1783527985812,0,0,5,0.007331,1,2,25,27,1,1,24,10,0.000000,0.011000,0.035000,0.027000,0.001849,1
_home_max_Documents_PhD_MAPF_LNS_MAPF_LNS_SAT_mapf-map_room-32-32-4_map-_home_max_Documents_PhD_MAPF_LNS_MAPF_LNS_SAT_mapf-scen-even_scen-even_room-32-32-4-even-8_scen-agents20-idx0-seed42-1783527985812,0,0,4,0.005865,1,2,25,27,1,2,20,9,0.000000,0.009000,0.048000,0.032000,0.002243,1
_home_max_Documents_PhD_MAPF_LNS_MAPF_LNS_SAT_mapf-map_room-32-32-4_map-_home_max_Documents_PhD_MAPF_LNS_MAPF_LNS_SAT_mapf-scen-even_scen-even_room-32-32-4-even-8_scen-agents20-idx0-seed42-1783527985812,0,0,8,0.011730,1,2,33,35,3,7,148,48,0.000000,0.073000,0.181000,0.135000,0.013863,1
_home_max_Documents_PhD_MAPF_LNS_MAPF_LNS_SAT_mapf-map_room-32-32-4_map-_home_max_Documents_PhD_MAPF_LNS_MAPF_LNS_SAT_mapf-scen-even_scen-even_room-32-32-4-even-8_scen-agents20-idx1-seed42-1783527985859,0,0,5,0.007331,2,3,3,6,1,4,48,18,0.000000,0.020000,0.116000,0.080000,0.012914,1
_home_max_Documents_PhD_MAPF_LNS_MAPF_LNS_SAT_mapf-map_room-32-32-4_map-_home_max_Documents_PhD_MAPF_LNS_MAPF_LNS_SAT_mapf-scen-even_scen-even_room-32-32-4-even-8_scen-agents20-idx1-seed42-1783527985859,0,0,4,0.005865,1,2,11,13,1,2,20,9,0.000000,0.007000,0.046000,0.032000,0.002062,1
_home_max_Documents_PhD_MAPF_LNS_MAPF_LNS_SAT_mapf-map_room-32-32-4_map-_home_max_Documents_PhD_MAPF_LNS_MAPF_LNS_SAT_mapf-scen-even_scen-even_room-32-32-4-even-8_scen-agents20-idx1-seed42-1783527985859,0,0,8,0.011730,1,2,13,15,4,8,330,100,0.000000,0.107000,0.261000,0.214000,0.019033,1
_home_max_Documents_PhD_MAPF_LNS_MAPF_LNS_SAT_mapf-map_room-32-32-4_map-_home_max_Documents_PhD_MAPF_LNS_MAPF_LNS_SAT_mapf-scen-even_scen-even_room-32-32-4-even-8_scen-agents20-idx1-seed42-1783527985859,0,0,9,0.013196,4,3,21,26,2,3,84,39,0.000000,0.034000,0.077000,0.055000,0.004769,1
_home_max_Documents_PhD_MAPF_LNS_MAPF_LNS_SAT_mapf-map_room-32-32-4_map-_home_max_Documents_PhD_MAPF_LNS_MAPF_LNS_SAT_mapf-scen-even_scen-even_room-32-32-4-even-8_scen-agents20-idx1-seed42-1783527985859,0,0,9,0.013196,1,3,22,24,6,19,1615,405,0.000000,0.470000,1.012000,0.844000,0.097467,1
_home_max_Documents_PhD_MAPF_LNS_MAPF_LNS_SAT_mapf-map_room-32-32-4_map-_home_max_Documents_PhD_MAPF_LNS_MAPF_LNS_SAT_mapf-scen-even_scen-even_room-32-32-4-even-8_scen-agents20-idx1-seed42-1783527985859,0,0,7,0.010264,2,3,43,46,1,3,63,25,0.000000,0.026000,0.070000,0.050000,0.006077,1
_home_max_Documents_PhD_MAPF_LNS_MAPF_LNS_SAT_mapf-map_room-32-32-4_map-_home_max_Documents_PhD_MAPF_LNS_MAPF_LNS_SAT_mapf-scen-even_scen-even_room-32-32-4-even-8_scen-agents20-idx2-seed42-1783527985915,0,0,5,0.007331,1,2,0,2,2,3,28,15,0.000000,0.011000,0.080000,0.062000,0.009650,1
_home_max_Documents_PhD_MAPF_LNS_MAPF_LNS_SAT_mapf-map_room-32-32-4_map-_home_max_Documents_PhD_MAPF_LNS_MAPF_LNS_SAT_mapf-scen-even_scen-even_room-32-32-4-even-8_scen-agents20-idx2-seed42-1783527985915,0,0,8,0.011730,3,3,1,5,2,3,60,30,0.000000,0.020000,0.057000,0.039000,0.002109,1
_home_max_Documents_PhD_MAPF_LNS_MAPF_LNS_SAT_mapf-map_room-32-32-4_map-_home_max_Documents_PhD_MAPF_LNS_MAPF_LNS_SAT_mapf-scen-even_scen-even_room-32-32-4-even-8_scen-agents20-idx2-seed42-1783527985915,0,0,7,0.010264,1,2,9,11,3,8,113,44,0.000000,0.035000,0.141000,0.095000,0.010180,1
_home_max_Documents_PhD_MAPF_LNS_MAPF_LNS_SAT_mapf-map_room-32-32-4_map-_home_max_Documents_PhD_MAPF_LNS_MAPF_LNS_SAT_mapf-scen-even_scen-even_room-32-32-4-even-8_scen-agents20-idx2-seed42-1783527985915,0,0,4,0.005865,1,3,13,15,4,7,168,73,0.000000,0.065000,0.130000,0.101000,0.005139,0
_home_max_Documents_PhD_MAPF_LNS_MAPF_LNS_SAT_mapf-map_room-32-32-4_map-_home_max_Documents_PhD_MAPF_LNS_MAPF_LNS_SAT_mapf-scen-even_scen-even_room-32-32-4-even-8_scen-agents20-idx2-seed42-1783527985915,0,1,8,0.011730,1,3,12,16,5,10,819,245,0.000000,0.270000,0.458000,0.398000,0.020775,0
_home_max_Documents_PhD_MAPF_LNS_MAPF_LNS_SAT_mapf-map_room-32-32-4_map-_home_max_Documents_PhD_MAPF_LNS_MAPF_LNS_SAT_mapf-scen-even_scen-even_room-32-32-4-even-8_scen-agents20-idx2-seed42-1783527985915,0,2,36,0.052786,2,6,10,22,5,14,5731,920,0.000000,1.672000,2.798000,2.577000,0.172819,1
_home_max_Documents_PhD_MAPF_LNS_MAPF_LNS_SAT_mapf-map_room-32-32-4_map-_home_max_Documents_PhD_MAPF_LNS_MAPF_LNS_SAT_mapf-scen-even_scen-even_room-32-32-4-even-8_scen-agents20-idx2-seed42-1783527985915,0,0,4,0.005865,1,2,16,18,4,7,144,61,0.000000,0.059000,0.127000,0.100000,0.005461,0
_home_max_Documents_PhD_MAPF_LNS_MAPF_LNS_SAT_mapf-map_room-32-32-4_map-_home_max_Documents_PhD_MAPF_LNS_MAPF_LNS_SAT_mapf-scen-even_scen-even_room-32-32-4-even-8_scen-agents20-idx2-seed42-1783527985915,0,1,9,0.013196,1,2,15,19,2,3,52,27,0.000000,0.016000,0.052000,0.036000,0.003273,1
_home_max_Documents_PhD_MAPF_LNS_MAPF_LNS_SAT_mapf-map_room-32-32-4_map-_home_max_Documents_PhD_MAPF_LNS_MAPF_LNS_SAT_mapf-scen-even_scen-even_room-32-32-4-even-8_scen-agents20-idx2-seed42-1783527985915,0,0,9,0.013196,2,4,21,24,5,11,978,293,0.000000,0.350000,0.606000,0.515000,0.042371,1
_home_max_Documents_PhD_MAPF_LNS_MAPF_LNS_SAT_mapf-map_room-32-32-4_map-_home_max_Documents_PhD_MAPF_LNS_MAPF_LNS_SAT_mapf-scen-even_scen-even_room-32-32-4-even-8_scen-agents20-idx2-seed42-1783527985915,0,0,5,0.007331,1,4,29,31,4,7,187,76,0.000000,0.074000,0.147000,0.118000,0.005373,0
_home_max_Documents_PhD_MAPF_LNS_MAPF_LNS_SAT_mapf-map_room-32-32-4_map-_home_max_Documents_PhD_MAPF_LNS_MAPF_LNS_SAT_mapf-scen-even_scen-even_room-32-32-4-even-8_scen-agents20-idx2-seed42-1783527985915,0,1,9,0.013196,1,5,28,32,3,11,338,128,0.000000,0.140000,0.320000,0.233000,0.037036,0
_home_max_Documents_PhD_MAPF_LNS_MAPF_LNS_SAT_mapf-map_room-32-32-4_map-_home_max_Documents_PhD_MAPF_LNS_MAPF_LNS_SAT_mapf-scen-even_scen-even_room-32-32-4-even-8_scen-agents20-idx2-seed42-1783527985915,0,2,22,0.032258,1,7,26,34,2,8,1138,322,0.000000,0.422000,0.728000,0.608000,0.082363,0
_home_max_Documents_PhD_MAPF_LNS_MAPF_LNS_SAT_mapf-map_room-32-32-4_map-_home_max_Documents_PhD_MAPF_LNS_MAPF_LNS_SAT_mapf-scen-even_scen-even_room-32-32-4-even-8_scen-agents20-idx2-seed42-1783527985915,0,3,101,0.148094,5,13,23,42,2,11,54798,3606,0.000000,15.105000,24.028000,23.210000,1.436356,0
_home_max_Documents_PhD_MAPF_LNS_MAPF_LNS_SAT_mapf-map_room-32-32-4_map-_home_max_Documents_PhD_MAPF_LNS_MAPF_LNS_SAT_mapf-scen-even_scen-even_room-32-32-4-even-8_scen-agents20-idx2-seed42-1783527985915,0,4,246,0.360704,7,17,19,49,1,6,409017,10933,0.001000,292.672000,278.560000,272.405000,6.036802,1
_home_max_Documents_PhD_MAPF_LNS_MAPF_LNS_SAT_mapf-map_room-32-32-4_map-_home_max_Documents_PhD_MAPF_LNS_MAPF_LNS_SAT_mapf-scen-even_scen-even_room-32-32-4-even-8_scen-agents20-idx3-seed42-1783527986611,0,0,4,0.005865,1,2,0,1,3,7,59,26,0.000000,0.020000,0.155000,0.115000,0.026326,1
_home_max_Documents_PhD_MAPF_LNS_MAPF_LNS_SAT_mapf-map_room-32-32-4_map-_home_max_Documents_PhD_MAPF_LNS_MAPF_LNS_SAT_mapf-scen-even_scen-even_room-32-32-4-even-8_scen-agents20-idx3-seed42-1783527986611,0,0,4,0.005865,1,2,1,3,2,3,28,15,0.000000,0.009000,0.036000,0.023000,0.001686,1
_home_max_Documents_PhD_MAPF_LNS_MAPF_LNS_SAT_mapf-map_room-32-32-4_map-_home_max_Documents_PhD_MAPF_LNS_MAPF_LNS_SAT_mapf-scen-even_scen-even_room-32-32-4-even-8_scen-agents20-idx3-seed42-1783527986611,0,0,12,0.017595,4,3,4,9,2,3,86,41,0.000000,0.029000,0.075000,0.054000,0.004142,1
_home_max_Documents_PhD_MAPF_LNS_MAPF_LNS_SAT_mapf-map_room-32-32-4_map-_home_max_Documents_PhD_MAPF_LNS_MAPF_LNS_SAT_mapf-scen-even_scen-even_room-32-32-4-even-8_scen-agents20-idx3-seed42-1783527986611,0,0,5,0.007331,1,2,9,11,4,7,179,68,0.000000,0.056000,0.137000,0.112000,0.005455,0
_home_max_Documents_PhD_MAPF_LNS_MAPF_LNS_SAT_mapf-map_room-32-32-4_map-_home_max_Documents_PhD_MAPF_LNS_MAPF_LNS_SAT_mapf-scen-even_scen-even_room-32-32-4-even-8_scen-agents20-idx3-seed42-1783527986611,0,1,11,0.016129,1,2,8,12,3,7,142,56,0.000000,0.045000,0.144000,0.105000,0.014550,1
_home_max_Documents_PhD_MAPF_LNS_MAPF_LNS_SAT_mapf-map_room-32-32-4_map-_home_max_Documents_PhD_MAPF_LNS_MAPF_LNS_SAT_mapf-scen-even_scen-even_room-32-32-4-even-8_scen-agents20-idx3-seed42-1783527986611,0,0,8,0.011730,1,2,13,15,1,1,12,7,0.000000,0.005000,0.020000,0.013000,0.001128,1
_home_max_Documents_PhD_MAPF_LNS_MAPF_LNS_SAT_mapf-map_room-32-32-4_map-_home_max_Documents_PhD_MAPF_LNS_MAPF_LNS_SAT_mapf-scen-even_scen-even_room-32-32-4-even-8_scen-agents20-idx3-seed42-1783527986611,0,0,5,0.007331,1,2,16,18,1,1,24,10,0.000000,0.008000,0.026000,0.021000,0.001566,1
_home_max_Documents_PhD_MAPF_LNS_MAPF_LNS_SAT_mapf-map_room-32-32-4_map-_home_max_Documents_PhD_MAPF_LNS_MAPF_LNS_SAT_mapf-scen-even_scen-even_room-32-32-4-even-8_scen-agents20-idx3-seed42-1783527986611,0,0,10,0.014663,4,2,19,24,2,3,72,33,0.000000,0.023000,0.068000,0.049000,0.004670,1
_home_max_Documents_PhD_MAPF_LNS_MAPF_LNS_SAT_mapf-map_room-32-32-4_map-_home_max_Documents_PhD_MAPF_LNS_MAPF_LNS_SAT_mapf-scen-even_scen-even_room-32-32-4-even-8_scen-agents20-idx3-seed42-1783527986611,0,0,11,0.016129,2,4,23,26,3,6,393,128,0.000000,0.145000,0.253000,0.214000,0.015277,0
_home_max_Documents_PhD_MAPF_LNS_MAPF_LNS_SAT_mapf-map_room-32-32-4_map-_home_max_Documents_PhD_MAPF_LNS_MAPF_LNS_SAT_mapf-scen-even_scen-even_room-32-32-4-even-8_scen-agents20-idx3-seed42-1783527986611,0,1,19,0.027859,2,5,22,27,3,6,864,232,0.000000,0.295000,0.456000,0.404000,0.024097,0
_home_max_Documents_PhD_MAPF_LNS_MAPF_LNS_SAT_mapf-map_room-32-32-4_map-_home_max_Documents_PhD_MAPF_LNS_MAPF_LNS_SAT_mapf-scen-even_scen-even_room-32-32-4-even-8_scen-agents20-idx3-seed42-1783527986611,0,2,35,0.051320,2,8,20,29,3,9,3834,728,0.000000,1.192000,1.940000,1.788000,0.154052,1
_home_max_Documents_PhD_MAPF_LNS_MAPF_LNS_SAT_mapf-map_room-32-32-4_map-_home_max_Documents_PhD_MAPF_LNS_MAPF_LNS_SAT_mapf-scen-even_scen-even_room-32-32-4-even-8_scen-agents20-idx3-seed42-1783527986611,0,0,6,0.008798,1,2,24,26,2,4,32,17,0.000000,0.015000,0.053000,0.033000,0.002002,0
_home_max_Documents_PhD_MAPF_LNS_MAPF_LNS_SAT_mapf-map_room-32-32-4_map-_home_max_Documents_PhD_MAPF_LNS_MAPF_LNS_SAT_mapf-scen-even_scen-even_room-32-32-4-even-8_scen-agents20-idx3-seed42-1783527986611,0,1,10,0.014663,1,3,23,27,3,6,154,72,0.000000,0.057000,0.136000,0.100000,0.009670,1
_home_max_Documents_PhD_MAPF_LNS_MAPF_LNS_SAT_mapf-map_room-32-32-4_map-_home_max_Documents_PhD_MAPF_LNS_MAPF_LNS_SAT_mapf-scen-even_scen-even_room-32-32-4-even-8_scen-agents20-idx3-seed42-1783527986611,0,0,5,0.007331,1,2,33,35,1,1,12,7,0.000000,0.005000,0.017000,0.012000,0.000653,1
_home_max_Documents_PhD_MAPF_LNS_MAPF_LNS_SAT_mapf-map_room-32-32-4_map-_home_max_Documents_PhD_MAPF_LNS_MAPF_LNS_SAT_mapf-scen-even_scen-even_room-32-32-4-even-8_scen-agents20-idx3-seed42-1783527986611,0,0,7,0.010264,1,2,38,40,2,4,31,16,0.000000,0.011000,0.040000,0.025000,0.001931,0
_home_max_Documents_PhD_MAPF_LNS_MAPF_LNS_SAT_mapf-map_room-32-32-4_map-_home_max_Documents_PhD_MAPF_LNS_MAPF_LNS_SAT_mapf-scen-even_scen-even_room-32-32-4-even-8_scen-agents20-idx3-seed42-1783527986611,0,1,14,0.020528,1,2,37,41,2,4,51,26,0.000000,0.018000,0.051000,0.034000,0.002757,0
_home_max_Documents_PhD_MAPF_LNS_MAPF_LNS_SAT_mapf-map_room-32-32-4_map-_home_max_Documents_PhD_MAPF_LNS_MAPF_LNS_SAT_mapf-scen-even_scen-even_room-32-32-4-even-8_scen-agents20-idx3-seed42-1783527986611,0,2,28,0.041056,1,3,35,43,2,4,316,114,0.000000,0.118000,0.206000,0.178000,0.009964,0
_home_max_Documents_PhD_MAPF_LNS_MAPF_LNS_SAT_mapf-map_room-32-32-4_map-_home_max_Documents_PhD_MAPF_LNS_MAPF_LNS_SAT_mapf-scen-even_scen-even_room-32-32-4-even-8_scen-agents20-idx3-seed42-1783527986611,0,3,59,0.086510,1,3,32,46,1,2,2085,236,0.000000,0.562000,0.855000,0.785000,0.032025,1
_home_max_Documents_PhD_MAPF_LNS_MAPF_LNS_SAT_mapf-map_room-32-32-4_map-_home_max_Documents_PhD_MAPF_LNS_MAPF_LNS_SAT_mapf-scen-even_scen-even_room-32-32-4-even-8_scen-agents20-idx3-seed42-1783527986611,0,0,5,0.007331,1,2,39,41,1,2,25,10,0.000000,0.009000,0.036000,0.024000,0.001936,1
_home_max_Documents_PhD_MAPF_LNS_MAPF_LNS_SAT_mapf-map_room-32-32-4_map-_home_max_Documents_PhD_MAPF_LNS_MAPF_LNS_SAT_mapf-scen-even_scen-even_room-32-32-4-even-8_scen-agents20-idx3-seed42-1783527986611,0,0,5,0.007331,1,2,45,47,1,2,25,10,0.000000,0.009000,0.035000,0.023000,0.001687,1
_home_max_Documents_PhD_MAPF_LNS_MAPF_LNS_SAT_mapf-map_room-32-32-4_map-_home_max_Documents_PhD_MAPF_LNS_MAPF_LNS_SAT_mapf-scen-even_scen-even_room-32-32-4-even-8_scen-agents20-idx3-seed42-1783527986611,0,0,4,0.005865,1,2,46,48,1,4,22,9,0.000000,0.007000,0.052000,0.030000,0.001713,1
_home_max_Documents_PhD_MAPF_LNS_MAPF_LNS_SAT_mapf-map_room-32-32-4_map-_home_max_Documents_PhD_MAPF_LNS_MAPF_LNS_SAT_mapf-scen-even_scen-even_room-32-32-4-even-8_scen-agents20-idx4-seed42-1783527986661,0,0,4,0.005865,1,2,10,12,1,2,20,9,0.000000,0.008000,0.065000,0.049000,0.009326,1
_home_max_Documents_PhD_MAPF_LNS_MAPF_LNS_SAT_mapf-map_room-32-32-4_map-_home_max_Documents_PhD_MAPF_LNS_MAPF_LNS_SAT_mapf-scen-even_scen-even_room-32-32-4-even-8_scen-agents20-idx4-seed42-1783527986661,0,0,14,0.020528,6,4,11,18,1,1,56,30,0.000000,0.025000,0.042000,0.032000,0.001910,1
_home_max_Documents_PhD_MAPF_LNS_MAPF_LNS_SAT_mapf-map_room-32-32-4_map-_home_max_Documents_PhD_MAPF_LNS_MAPF_LNS_SAT_mapf-scen-even_scen-even_room-32-32-4-even-8_scen-agents20-idx4-seed42-1783527986661,0,0,7,0.010264,1,2,12,14,4,8,264,91,0.000000,0.079000,0.215000,0.171000,0.020666,1
_home_max_Documents_PhD_MAPF_LNS_MAPF_LNS_SAT_mapf-map_room-32-32-4_map-_home_max_Documents_PhD_MAPF_LNS_MAPF_LNS_SAT_mapf-scen-even_scen-even_room-32-32-4-even-8_scen-agents20-idx4-seed42-1783527986661,0,0,5,0.007331,1,2,16,18,4,7,179,68,0.000000,0.059000,0.146000,0.117000,0.006759,0
_home_max_Documents_PhD_MAPF_LNS_MAPF_LNS_SAT_mapf-map_room-32-32-4_map-_home_max_Documents_PhD_MAPF_LNS_MAPF_LNS_SAT_mapf-scen-even_scen-even_room-32-32-4-even-8_scen-agents20-idx4-seed42-1783527986661,0,1,10,0.014663,1,3,15,19,1,1,34,18,0.000000,0.015000,0.030000,0.023000,0.001842,1
_home_max_Documents_PhD_MAPF_LNS_MAPF_LNS_SAT_mapf-map_room-32-32-4_map-_home_max_Documents_PhD_MAPF_LNS_MAPF_LNS_SAT_mapf-scen-even_scen-even_room-32-32-4-even-8_scen-agents20-idx4-seed42-1783527986661,0,0,9,0.013196,1,3,18,20,6,11,2017,520,0.000000,0.606000,0.958000,0.897000,0.029724,0
_home_max_Documents_PhD_MAPF_LNS_MAPF_LNS_SAT_mapf-map_room-32-32-4_map-_home_max_Documents_PhD_MAPF_LNS_MAPF_LNS_SAT_mapf-scen-even_scen-even_room-32-32-4-even-8_scen-agents20-idx4-seed42-1783527986661,0,1,16,0.023460,1,4,17,21,3,5,366,136,0.000000,0.141000,0.213000,0.185000,0.006434,0
_home_max_Documents_PhD_MAPF_LNS_MAPF_LNS_SAT_mapf-map_room-32-32-4_map-_home_max_Documents_PhD_MAPF_LNS_MAPF_LNS_SAT_mapf-scen-even_scen-even_room-32-32-4-even-8_scen-agents20-idx4-seed42-1783527986661,0,2,27,0.039589,1,6,15,23,5,10,6366,1059,0.000000,1.871000,2.846000,2.721000,0.140648,0
_home_max_Documents_PhD_MAPF_LNS_MAPF_LNS_SAT_mapf-map_room-32-32-4_map-_home_max_Documents_PhD_MAPF_LNS_MAPF_LNS_SAT_mapf-scen-even_scen-even_room-32-32-4-even-8_scen-agents20-idx4-seed42-1783527986661,0,3,56,0.082111,1,8,12,26,4,22,23146,3003,0.000000,6.886000,16.059000,15.227000,1.430428,1
_home_max_Documents_PhD_MAPF_LNS_MAPF_LNS_SAT_mapf-map_room-32-32-4_map-_home_max_Documents_PhD_MAPF_LNS_MAPF_LNS_SAT_mapf-scen-even_scen-even_room-32-32-4-even-8_scen-agents20-idx4-seed42-1783527986661,0,0,5,0.007331,1,2,23,25,1,2,25,10,0.000000,0.010000,0.041000,0.028000,0.002702,1
_home_max_Documents_PhD_MAPF_LNS_MAPF_LNS_SAT_mapf-map_room-32-32-4_map-_home_max_Documents_PhD_MAPF_LNS_MAPF_LNS_SAT_mapf-scen-even_scen-even_room-32-32-4-even-8_scen-agents20-idx4-seed42-1783527986661,0,0,5,0.007331,1,2,27,29,1,2,25,10,0.000000,0.008000,0.037000,0.025000,0.001778,1
_home_max_Documents_PhD_MAPF_LNS_MAPF_LNS_SAT_mapf-map_room-32-32-4_map-_home_max_Documents_PhD_MAPF_LNS_MAPF_LNS_SAT_mapf-scen-even_scen-even_room-32-32-4-even-8_scen-agents20-idx4-seed42-1783527986661,0,0,5,0.007331,1,2,36,38,1,2,25,10,0.000000,0.011000,0.032000,0.021000,0.001278,1
_home_max_Documents_PhD_MAPF_LNS_MAPF_LNS_SAT_mapf-map_room-32-32-4_map-_home_max_Documents_PhD_MAPF_LNS_MAPF_LNS_SAT_mapf-scen-even_scen-even_room-32-32-4-even-8_scen-agents20-idx4-seed42-1783527986661,0,0,9,0.013196,3,3,38,42,2,3,56,27,0.000000,0.024000,0.055000,0.038000,0.002773,1
_home_max_Documents_PhD_MAPF_LNS_MAPF_LNS_SAT_mapf-map_room-32-32-4_map-_home_max_Documents_PhD_MAPF_LNS_MAPF_LNS_SAT_mapf-scen-even_scen-even_room-32-32-4-even-8_scen-agents20-idx4-seed42-1783527986661,0,0,9,0.013196,1,2,46,48,3,8,173,54,0.000000,0.054000,0.157000,0.121000,0.012468,0
_home_max_Documents_PhD_MAPF_LNS_MAPF_LNS_SAT_mapf-map_room-32-32-4_map-_home_max_Documents_PhD_MAPF_LNS_MAPF_LNS_SAT_mapf-scen-even_scen-even_room-32-32-4-even-8_scen-agents20-idx4-seed42-1783527986661,0,1,17,0.024927,1,3,45,49,2,7,212,60,0.000000,0.066000,0.184000,0.143000,0.018565,1
_home_max_Documents_PhD_MAPF_LNS_MAPF_LNS_SAT_mapf-map_room-32-32-4_map-_home_max_Documents_PhD_MAPF_LNS_MAPF_LNS_SAT_mapf-scen-even_scen-even_room-32-32-4-even-8_scen-agents20-idx4-seed42-1783527986661,0,0,9,0.013196,1,2,50,52,2,6,46,20,0.000000,0.018000,0.070000,0.045000,0.003083,0
_home_max_Documents_PhD_MAPF_LNS_MAPF_LNS_SAT_mapf-map_room-32-32-4_map-_home_max_Documents_PhD_MAPF_LNS_MAPF_LNS_SAT_mapf-scen-even_scen-even_room-32-32-4-even-8_scen-agents20-idx4-seed42-1783527986661,0,1,17,0.024927,1,4,49,53,2,7,215,63,0.000000,0.076000,0.189000,0.145000,0.018260,1
_home_max_Documents_PhD_MAPF_LNS_MAPF_LNS_SAT_mapf-map_room-32-32-4_map-_home_max_Documents_PhD_MAPF_LNS_MAPF_LNS_SAT_mapf-scen-even_scen-even_room-32-32-4-even-8_scen-agents20-idx4-seed42-1783527986661,0,0,9,0.013196,1,3,51,53,2,6,48,22,0.000000,0.022000,0.073000,0.046000,0.003178,0
_home_max_Documents_PhD_MAPF_LNS_MAPF_LNS_SAT_mapf-map_room-32-32-4_map-_home_max_Documents_PhD_MAPF_LNS_MAPF_LNS_SAT_mapf-scen-even_scen-even_room-32-32-4-even-8_scen-agents20-idx4-seed42-1783527986661,0,1,15,0.021994,1,5,50,54,1,4,87,29,0.000000,0.037000,0.092000,0.061000,0.007653,0
_home_max_Documents_PhD_MAPF_LNS_MAPF_LNS_SAT_mapf-map_room-32-32-4_map-_home_max_Documents_PhD_MAPF_LNS_MAPF_LNS_SAT_mapf-scen-even_scen-even_room-32-32-4-even-8_scen-agents20-idx4-seed42-1783527986661,0,2,25,0.036657,1,5,48,54,1,4,538,122,0.000000,0.173000,0.330000,0.275000,0.036331,1
_home_max_Documents_PhD_MAPF_LNS_MAPF_LNS_SAT_mapf-map_room-32-32-4_map-_home_max_Documents_PhD_MAPF_LNS_MAPF_LNS_SAT_mapf-scen-even_scen-even_room-32-32-4-even-8_scen-agents20-idx5-seed42-1783527986767,0,0,7,0.010264,1,2,0,2,3,5,81,36,0.000000,0.035000,0.181000,0.136000,0.014082,1
_home_max_Documents_PhD_MAPF_LNS_MAPF_LNS_SAT_mapf-map_room-32-32-4_map-_home_max_Documents_PhD_MAPF_LNS_MAPF_LNS_SAT_mapf-scen-even_scen-even_room-32-32-4-even-8_scen-agents20-idx5-seed42-1783527986767,0,0,7,0.010264,1,2,3,5,3,5,103,40,0.000000,0.038000,0.125000,0.094000,0.006504,1
_home_max_Documents_PhD_MAPF_LNS_MAPF_LNS_SAT_mapf-map_room-32-32-4_map-_home_max_Documents_PhD_MAPF_LNS_MAPF_LNS_SAT_mapf-scen-even_scen-even_room-32-32-4-even-8_scen-agents20-idx5-seed42-1783527986767,0,0,9,0.013196,1,2,6,8,3,9,169,51,0.000000,0.051000,0.224000,0.156000,0.021280,1
_home_max_Documents_PhD_MAPF_LNS_MAPF_LNS_SAT_mapf-map_room-32-32-4_map-_home_max_Documents_PhD_MAPF_LNS_MAPF_LNS_SAT_mapf-scen-even_scen-even_room-32-32-4-even-8_scen-agents20-idx5-seed42-1783527986767,0,0,8,0.011730,3,2,7,11,2,3,54,25,0.000000,0.021000,0.076000,0.052000,0.003093,1
_home_max_Documents_PhD_MAPF_LNS_MAPF_LNS_SAT_mapf-map_room-32-32-4_map-_home_max_Documents_PhD_MAPF_LNS_MAPF_LNS_SAT_mapf-scen-even_scen-even_room-32-32-4-even-8_scen-agents20-idx5-seed42-1783527986767,0,0,36,0.052786,17,7,9,25,4,14,13271,1678,0.000000,3.881000,9.044000,8.602000,0.433724,1
_home_max_Documents_PhD_MAPF_LNS_MAPF_LNS_SAT_mapf-map_room-32-32-4_map-_home_max_Documents_PhD_MAPF_LNS_MAPF_LNS_SAT_mapf-scen-even_scen-even_room-32-32-4-even-8_scen-agents20-idx5-seed42-1783527986767,0,0,7,0.010264,1,2,9,11,3,5,103,40,0.000000,0.042000,0.136000,0.099000,0.007481,1
_home_max_Documents_PhD_MAPF_LNS_MAPF_LNS_SAT_mapf-map_room-32-32-4_map-_home_max_Documents_PhD_MAPF_LNS_MAPF_LNS_SAT_mapf-scen-even_scen-even_room-32-32-4-even-8_scen-agents20-idx5-seed42-1783527986767,0,0,4,0.005865,1,3,12,14,1,1,20,10,0.000000,0.011000,0.034000,0.024000,0.001811,1
_home_max_Documents_PhD_MAPF_LNS_MAPF_LNS_SAT_mapf-map_room-32-32-4_map-_home_max_Documents_PhD_MAPF_LNS_MAPF_LNS_SAT_mapf-scen-even_scen-even_room-32-32-4-even-8_scen-agents20-idx5-seed42-1783527986767,0,0,9,0.013196,1,2,13,15,4,9,354,101,0.000000,0.114000,0.295000,0.237000,0.021632,1
_home_max_Documents_PhD_MAPF_LNS_MAPF_LNS_SAT_mapf-map_room-32-32-4_map-_home_max_Documents_PhD_MAPF_LNS_MAPF_LNS_SAT_mapf-scen-even_scen-even_room-32-32-4-even-8_scen-agents20-idx5-seed42-1783527986767,0,0,4,0.005865,1,3,14,16,1,4,23,10,0.000000,0.013000,0.078000,0.044000,0.002977,1
_home_max_Documents_PhD_MAPF_LNS_MAPF_LNS_SAT_mapf-map_room-32-32-4_map-_home_max_Documents_PhD_MAPF_LNS_MAPF_LNS_SAT_mapf-scen-even_scen-even_room-32-32-4-even-8_scen-agents20-idx5-seed42-1783527986767,0,0,9,0.013196,1,2,17,19,3,9,168,50,0.000000,0.057000,0.229000,0.162000,0.021136,1
_home_max_Documents_PhD_MAPF_LNS_MAPF_LNS_SAT_mapf-map_room-32-32-4_map-_home_max_Documents_PhD_MAPF_LNS_MAPF_LNS_SAT_mapf-scen-even_scen-even_room-32-32-4-even-8_scen-agents20-idx5-seed42-1783527986767,0,0,5,0.007331,1,2,41,43,1,3,26,10,0.000000,0.014000,0.064000,0.038000,0.003272,1
_home_max_Documents_PhD_MAPF_LNS_MAPF_LNS_SAT_mapf-map_room-32-32-4_map-_home_max_Documents_PhD_MAPF_LNS_MAPF_LNS_SAT_mapf-scen-even_scen-even_room-32-32-4-even-9_scen-agents20-idx0-seed42-1783527986867,0,0,9,0.013196,1,2,1,3,5,12,796,204,0.000000,0.227000,0.743000,0.660000,0.063934,1
_home_max_Documents_PhD_MAPF_LNS_MAPF_LNS_SAT_mapf-map_room-32-32-4_map-_home_max_Documents_PhD_MAPF_LNS_MAPF_LNS_SAT_mapf-scen-even_scen-even_room-32-32-4-even-9_scen-agents20-idx0-seed42-1783527986867,0,0,8,0.011730,1,2,6,8,3,7,118,42,0.000000,0.041000,0.132000,0.096000,0.009179,1
_home_max_Documents_PhD_MAPF_LNS_MAPF_LNS_SAT_mapf-map_room-32-32-4_map-_home_max_Documents_PhD_MAPF_LNS_MAPF_LNS_SAT_mapf-scen-even_scen-even_room-32-32-4-even-9_scen-agents20-idx0-seed42-1783527986867,0,0,7,0.010264,1,2,10,12,3,7,84,37,0.000000,0.030000,0.115000,0.076000,0.007516,1
_home_max_Documents_PhD_MAPF_LNS_MAPF_LNS_SAT_mapf-map_room-32-32-4_map-_home_max_Documents_PhD_MAPF_LNS_MAPF_LNS_SAT_mapf-scen-even_scen-even_room-32-32-4-even-9_scen-agents20-idx0-seed42-1783527986867,0,0,5,0.007331,1,2,11,13,4,7,182,70,0.000000,0.061000,0.147000,0.120000,0.006090,0
_home_max_Documents_PhD_MAPF_LNS_MAPF_LNS_SAT_mapf-map_room-32-32-4_map-_home_max_Documents_PhD_MAPF_LNS_MAPF_LNS_SAT_mapf-scen-even_scen-even_room-32-32-4-even-9_scen-agents20-idx0-seed42-1783527986867,0,1,9,0.013196,1,2,10,14,3,6,155,59,0.000000,0.055000,0.155000,0.120000,0.013022,1
_home_max_Documents_PhD_MAPF_LNS_MAPF_LNS_SAT_mapf-map_room-32-32-4_map-_home_max_Documents_PhD_MAPF_LNS_MAPF_LNS_SAT_mapf-scen-even_scen-even_room-32-32-4-even-9_scen-agents20-idx0-seed42-1783527986867,0,0,9,0.013196,1,4,12,14,6,12,1734,431,0.000000,0.592000,0.955000,0.862000,0.077141,1
_home_max_Documents_PhD_MAPF_LNS_MAPF_LNS_SAT_mapf-map_room-32-32-4_map-_home_max_Documents_PhD_MAPF_LNS_MAPF_LNS_SAT_mapf-scen-even_scen-even_room-32-32-4-even-9_scen-agents20-idx0-seed42-1783527986867,0,0,4,0.005865,1,2,13,15,4,7,144,61,0.000000,0.054000,0.144000,0.113000,0.006964,0
_home_max_Documents_PhD_MAPF_LNS_MAPF_LNS_SAT_mapf-map_room-32-32-4_map-_home_max_Documents_PhD_MAPF_LNS_MAPF_LNS_SAT_mapf-scen-even_scen-even_room-32-32-4-even-9_scen-agents20-idx0-seed42-1783527986867,0,1,8,0.011730,1,2,12,16,5,10,662,193,0.000000,0.226000,0.417000,0.369000,0.027080,0
_home_max_Documents_PhD_MAPF_LNS_MAPF_LNS_SAT_mapf-map_room-32-32-4_map-_home_max_Documents_PhD_MAPF_LNS_MAPF_LNS_SAT_mapf-scen-even_scen-even_room-32-32-4-even-9_scen-agents20-idx0-seed42-1783527986867,0,2,21,0.030792,1,2,10,18,4,8,979,227,0.000000,0.301000,0.520000,0.470000,0.029506,1
_home_max_Documents_PhD_MAPF_LNS_MAPF_LNS_SAT_mapf-map_room-32-32-4_map-_home_max_Documents_PhD_MAPF_LNS_MAPF_LNS_SAT_mapf-scen-even_scen-even_room-32-32-4-even-9_scen-agents20-idx0-seed42-1783527986867,0,0,12,0.017595,2,5,14,17,3,7,276,102,0.000000,0.094000,0.221000,0.168000,0.017181,1
_home_max_Documents_PhD_MAPF_LNS_MAPF_LNS_SAT_mapf-map_room-32-32-4_map-_home_max_Documents_PhD_MAPF_LNS_MAPF_LNS_SAT_mapf-scen-even_scen-even_room-32-32-4-even-9_scen-agents20-idx0-seed42-1783527986867,0,0,6,0.008798,1,2,15,17,1,2,13,7,0.000000,0.005000,0.028000,0.017000,0.001037,1
_home_max_Documents_PhD_MAPF_LNS_MAPF_LNS_SAT_mapf-map_room-32-32-4_map-_home_max_Documents_PhD_MAPF_LNS_MAPF_LNS_SAT_mapf-scen-even_scen-even_room-32-32-4-even-9_scen-agents20-idx0-seed42-1783527986867,0,0,4,0.005865,1,2,17,19,4,7,145,62,0.000000,0.049000,0.113000,0.091000,0.004859,0
_home_max_Documents_PhD_MAPF_LNS_MAPF_LNS_SAT_mapf-map_room-32-32-4_map-_home_max_Documents_PhD_MAPF_LNS_MAPF_LNS_SAT_mapf-scen-even_scen-even_room-32-32-4-even-9_scen-agents20-idx0-seed42-1783527986867,0,1,9,0.013196,1,2,16,20,3,6,141,57,0.000000,0.048000,0.130000,0.100000,0.012790,1
_home_max_Documents_PhD_MAPF_LNS_MAPF_LNS_SAT_mapf-map_room-32-32-4_map-_home_max_Documents_PhD_MAPF_LNS_MAPF_LNS_SAT_mapf-scen-even_scen-even_room-32-32-4-even-9_scen-agents20-idx0-seed42-1783527986867,0,0,4,0.005865,1,2,18,20,1,2,20,9,0.000000,0.007000,0.030000,0.020000,0.001546,1
_home_max_Documents_PhD_MAPF_LNS_MAPF_LNS_SAT_mapf-map_room-32-32-4_map-_home_max_Documents_PhD_MAPF_LNS_MAPF_LNS_SAT_mapf-scen-even_scen-even_room-32-32-4-even-9_scen-agents20-idx0-seed42-1783527986867,0,0,4,0.005865,1,2,25,27,1,4,22,9,0.000000,0.006000,0.042000,0.022000,0.001462,1
_home_max_Documents_PhD_MAPF_LNS_MAPF_LNS_SAT_mapf-map_room-32-32-4_map-_home_max_Documents_PhD_MAPF_LNS_MAPF_LNS_SAT_mapf-scen-even_scen-even_room-32-32-4-even-9_scen-agents20-idx0-seed42-1783527986867,0,0,8,0.011730,1,2,29,31,1,2,15,8,0.000000,0.006000,0.033000,0.017000,0.001242,1
_home_max_Documents_PhD_MAPF_LNS_MAPF_LNS_SAT_mapf-map_room-32-32-4_map-_home_max_Documents_PhD_MAPF_LNS_MAPF_LNS_SAT_mapf-scen-even_scen-even_room-32-32-4-even-9_scen-agents20-idx0-seed42-1783527986867,0,0,7,0.010264,1,2,32,34,1,2,18,9,0.000000,0.006000,0.029000,0.018000,0.001395,1
_home_max_Documents_PhD_MAPF_LNS_MAPF_LNS_SAT_mapf-map_room-32-32-4_map-_home_max_Documents_PhD_MAPF_LNS_MAPF_LNS_SAT_mapf-scen-even_scen-even_room-32-32-4-even-9_scen-agents20-idx1-seed42-1783527986913,0,0,12,0.017595,6,3,0,5,4,11,1126,270,0.000000,0.314000,0.937000,0.843000,0.054722,1
_home_max_Documents_PhD_MAPF_LNS_MAPF_LNS_SAT_mapf-map_room-32-32-4_map-_home_max_Documents_PhD_MAPF_LNS_MAPF_LNS_SAT_mapf-scen-even_scen-even_room-32-32-4-even-9_scen-agents20-idx1-seed42-1783527986913,0,0,4,0.005865,1,2,1,3,1,1,19,9,0.000000,0.007000,0.026000,0.019000,0.001470,1
_home_max_Documents_PhD_MAPF_LNS_MAPF_LNS_SAT_mapf-map_room-32-32-4_map-_home_max_Documents_PhD_MAPF_LNS_MAPF_LNS_SAT_mapf-scen-even_scen-even_room-32-32-4-even-9_scen-agents20-idx1-seed42-1783527986913,0,0,9,0.013196,1,2,2,4,3,9,168,50,0.000000,0.043000,0.192000,0.145000,0.013731,1
_home_max_Documents_PhD_MAPF_LNS_MAPF_LNS_SAT_mapf-map_room-32-32-4_map-_home_max_Documents_PhD_MAPF_LNS_MAPF_LNS_SAT_mapf-scen-even_scen-even_room-32-32-4-even-9_scen-agents20-idx1-seed42-1783527986913,0,0,8,0.011730,1,2,2,4,4,9,305,94,0.000000,0.081000,0.281000,0.237000,0.022543,1
_home_max_Documents_PhD_MAPF_LNS_MAPF_LNS_SAT_mapf-map_room-32-32-4_map-_home_max_Documents_PhD_MAPF_LNS_MAPF_LNS_SAT_mapf-scen-even_scen-even_room-32-32-4-even-9_scen-agents20-idx1-seed42-1783527986913,0,0,5,0.007331,1,2,3,5,4,7,179,68,0.000000,0.055000,0.165000,0.140000,0.005048,0
_home_max_Documents_PhD_MAPF_LNS_MAPF_LNS_SAT_mapf-map_room-32-32-4_map-_home_max_Documents_PhD_MAPF_LNS_MAPF_LNS_SAT_mapf-scen-even_scen-even_room-32-32-4-even-9_scen-agents20-idx1-seed42-1783527986913,0,1,11,0.016129,1,2,2,6,3,6,178,62,0.000000,0.052000,0.146000,0.118000,0.012828,1
_home_max_Documents_PhD_MAPF_LNS_MAPF_LNS_SAT_mapf-map_room-32-32-4_map-_home_max_Documents_PhD_MAPF_LNS_MAPF_LNS_SAT_mapf-scen-even_scen-even_room-32-32-4-even-9_scen-agents20-idx1-seed42-1783527986913,0,0,9,0.013196,1,3,13,15,4,10,457,122,0.000000,0.122000,0.306000,0.257000,0.022505,1
_home_max_Documents_PhD_MAPF_LNS_MAPF_LNS_SAT_mapf-map_room-32-32-4_map-_home_max_Documents_PhD_MAPF_LNS_MAPF_LNS_SAT_mapf-scen-even_scen-even_room-32-32-4-even-9_scen-agents20-idx1-seed42-1783527986913,0,0,5,0.007331,1,2,15,17,1,2,25,10,0.000000,0.008000,0.037000,0.024000,0.002123,1
_home_max_Documents_PhD_MAPF_LNS_MAPF_LNS_SAT_mapf-map_room-32-32-4_map-_home_max_Documents_PhD_MAPF_LNS_MAPF_LNS_SAT_mapf-scen-even_scen-even_room-32-32-4-even-9_scen-agents20-idx1-seed42-1783527986913,0,0,7,0.010264,2,3,26,29,3,7,143,57,0.000000,0.048000,0.142000,0.099000,0.008905,1
_home_max_Documents_PhD_MAPF_LNS_MAPF_LNS_SAT_mapf-map_room-32-32-4_map-_home_max_Documents_PhD_MAPF_LNS_MAPF_LNS_SAT_mapf-scen-even_scen-even_room-32-32-4-even-9_scen-agents20-idx1-seed42-1783527986913,0,0,4,0.005865,1,2,36,38,1,2,20,9,0.000000,0.007000,0.030000,0.020000,0.001620,1
_home_max_Documents_PhD_MAPF_LNS_MAPF_LNS_SAT_mapf-map_room-32-32-4_map-_home_max_Documents_PhD_MAPF_LNS_MAPF_LNS_SAT_mapf-scen-even_scen-even_room-32-32-4-even-9_scen-agents20-idx1-seed42-1783527986913,0,0,4,0.005865,1,2,40,42,1,1,19,9,0.000000,0.007000,0.020000,0.015000,0.000754,1
_home_max_Documents_PhD_MAPF_LNS_MAPF_LNS_SAT_mapf-map_room-32-32-4_map-_home_max_Documents_PhD_MAPF_LNS_MAPF_LNS_SAT_mapf-scen-even_scen-even_room-32-32-4-even-9_scen-agents20-idx2-seed42-1783527986968,0,0,5,0.007331,1,2,0,2,2,3,28,15,0.000000,0.012000,0.080000,0.062000,0.008179,1
_home_max_Documents_PhD_MAPF_LNS_MAPF_LNS_SAT_mapf-map_room-32-32-4_map-_home_max_Documents_PhD_MAPF_LNS_MAPF_LNS_SAT_mapf-scen-even_scen-even_room-32-32-4-even-9_scen-agents20-idx2-seed42-1783527986968,0,0,10,0.014663,4,2,1,6,2,3,70,33,0.000000,0.023000,0.067000,0.050000,0.004876,1
_home_max_Documents_PhD_MAPF_LNS_MAPF_LNS_SAT_mapf-map_room-32-32-4_map-_home_max_Documents_PhD_MAPF_LNS_MAPF_LNS_SAT_mapf-scen-even_scen-even_room-32-32-4-even-9_scen-agents20-idx2-seed42-1783527986968,0,0,9,0.013196,1,2,1,3,4,11,301,100,0.000000,0.088000,0.338000,0.276000,0.039946,1
_home_max_Documents_PhD_MAPF_LNS_MAPF_LNS_SAT_mapf-map_room-32-32-4_map-_home_max_Documents_PhD_MAPF_LNS_MAPF_LNS_SAT_mapf-scen-even_scen-even_room-32-32-4-even-9_scen-agents20-idx2-seed42-1783527986968,0,0,8,0.011730,1,2,6,8,3,7,118,42,0.000000,0.034000,0.122000,0.087000,0.008308,1
_home_max_Documents_PhD_MAPF_LNS_MAPF_LNS_SAT_mapf-map_room-32-32-4_map-_home_max_Documents_PhD_MAPF_LNS_MAPF_LNS_SAT_mapf-scen-even_scen-even_room-32-32-4-even-9_scen-agents20-idx2-seed42-1783527986968,0,0,7,0.010264,1,2,7,9,1,2,18,9,0.000000,0.006000,0.034000,0.021000,0.001752,1
_home_max_Documents_PhD_MAPF_LNS_MAPF_LNS_SAT_mapf-map_room-32-32-4_map-_home_max_Documents_PhD_MAPF_LNS_MAPF_LNS_SAT_mapf-scen-even_scen-even_room-32-32-4-even-9_scen-agents20-idx2-seed42-1783527986968,0,0,9,0.013196,2,3,8,10,3,9,198,71,0.000000,0.053000,0.204000,0.147000,0.020979,1
_home_max_Documents_PhD_MAPF_LNS_MAPF_LNS_SAT_mapf-map_room-32-32-4_map-_home_max_Documents_PhD_MAPF_LNS_MAPF_LNS_SAT_mapf-scen-even_scen-even_room-32-32-4-even-9_scen-agents20-idx2-seed42-1783527986968,0,0,9,0.013196,3,2,9,13,2,3,52,25,0.000000,0.017000,0.053000,0.036000,0.002231,1
_home_max_Documents_PhD_MAPF_LNS_MAPF_LNS_SAT_mapf-map_room-32-32-4_map-_home_max_Documents_PhD_MAPF_LNS_MAPF_LNS_SAT_mapf-scen-even_scen-even_room-32-32-4-even-9_scen-agents20-idx2-seed42-1783527986968,0,0,5,0.007331,1,2,12,14,1,1,12,7,0.000000,0.004000,0.017000,0.011000,0.000831,1
_home_max_Documents_PhD_MAPF_LNS_MAPF_LNS_SAT_mapf-map_room-32-32-4_map-_home_max_Documents_PhD_MAPF_LNS_MAPF_LNS_SAT_mapf-scen-even_scen-even_room-32-32-4-even-9_scen-agents20-idx2-seed42-1783527986968,0,0,4,0.005865,1,2,13,15,4,7,152,66,0.000000,0.049000,0.123000,0.098000,0.004880,0
_home_max_Documents_PhD_MAPF_LNS_MAPF_LNS_SAT_mapf-map_room-32-32-4_map-_home_max_Documents_PhD_MAPF_LNS_MAPF_LNS_SAT_mapf-scen-even_scen-even_room-32-32-4-even-9_scen-agents20-idx2-seed42-1783527986968,0,1,9,0.013196,1,3,12,16,2,3,60,31,0.000000,0.021000,0.058000,0.043000,0.003537,1
_home_max_Documents_PhD_MAPF_LNS_MAPF_LNS_SAT_mapf-map_room-32-32-4_map-_home_max_Documents_PhD_MAPF_LNS_MAPF_LNS_SAT_mapf-scen-even_scen-even_room-32-32-4-even-9_scen-agents20-idx2-seed42-1783527986968,0,0,9,0.013196,1,2,14,16,4,9,357,103,0.000000,0.097000,0.253000,0.208000,0.018906,1
_home_max_Documents_PhD_MAPF_LNS_MAPF_LNS_SAT_mapf-map_room-32-32-4_map-_home_max_Documents_PhD_MAPF_LNS_MAPF_LNS_SAT_mapf-scen-even_scen-even_room-32-32-4-even-9_scen-agents20-idx2-seed42-1783527986968,0,0,7,0.010264,1,2,15,17,3,5,82,37,0.000000,0.028000,0.082000,0.061000,0.003942,1
_home_max_Documents_PhD_MAPF_LNS_MAPF_LNS_SAT_mapf-map_room-32-32-4_map-_home_max_Documents_PhD_MAPF_LNS_MAPF_LNS_SAT_mapf-scen-even_scen-even_room-32-32-4-even-9_scen-agents20-idx2-seed42-1783527986968,0,0,6,0.008798,1,3,18,20,3,7,96,41,0.000000,0.032000,0.113000,0.077000,0.008225,1
_home_max_Documents_PhD_MAPF_LNS_MAPF_LNS_SAT_mapf-map_room-32-32-4_map-_home_max_Documents_PhD_MAPF_LNS_MAPF_LNS_SAT_mapf-scen-even_scen-even_room-32-32-4-even-9_scen-agents20-idx2-seed42-1783527986968,0,0,4,0.005865,1,2,18,20,2,3,28,15,0.000000,0.011000,0.039000,0.025000,0.002112,1
_home_max_Documents_PhD_MAPF_LNS_MAPF_LNS_SAT_mapf-map_room-32-32-4_map-_home_max_Documents_PhD_MAPF_LNS_MAPF_LNS_SAT_mapf-scen-even_scen-even_room-32-32-4-even-9_scen-agents20-idx2-seed42-1783527986968,0,0,5,0.007331,1,2,19,21,2,3,28,15,0.000000,0.009000,0.034000,0.023000,0.001479,1
_home_max_Documents_PhD_MAPF_LNS_MAPF_LNS_SAT_mapf-map_room-32-32-4_map-_home_max_Documents_PhD_MAPF_LNS_MAPF_LNS_SAT_mapf-scen-even_scen-even_room-32-32-4-even-9_scen-agents20-idx2-seed42-1783527986968,0,0,5,0.007331,1,2,20,22,1,2,25,10,0.000000,0.007000,0.036000,0.023000,0.002477,1
_home_max_Documents_PhD_MAPF_LNS_MAPF_LNS_SAT_mapf-map_room-32-32-4_map-_home_max_Documents_PhD_MAPF_LNS_MAPF_LNS_SAT_mapf-scen-even_scen-even_room-32-32-4-even-9_scen-agents20-idx2-seed42-1783527986968,0,0,5,0.007331,1,3,22,24,4,7,191,76,0.000000,0.065000,0.144000,0.119000,0.005152,0
_home_max_Documents_PhD_MAPF_LNS_MAPF_LNS_SAT_mapf-map_room-32-32-4_map-_home_max_Documents_PhD_MAPF_LNS_MAPF_LNS_SAT_mapf-scen-even_scen-even_room-32-32-4-even-9_scen-agents20-idx2-seed42-1783527986968,0,1,10,0.014663,1,3,21,25,5,10,975,250,0.000000,0.312000,0.531000,0.480000,0.032556,0
_home_max_Documents_PhD_MAPF_LNS_MAPF_LNS_SAT_mapf-map_room-32-32-4_map-_home_max_Documents_PhD_MAPF_LNS_MAPF_LNS_SAT_mapf-scen-even_scen-even_room-32-32-4-even-9_scen-agents20-idx2-seed42-1783527986968,0,2,22,0.032258,1,4,19,27,4,10,1189,304,0.000000,0.421000,0.683000,0.593000,0.060410,1
_home_max_Documents_PhD_MAPF_LNS_MAPF_LNS_SAT_mapf-map_room-32-32-4_map-_home_max_Documents_PhD_MAPF_LNS_MAPF_LNS_SAT_mapf-scen-even_scen-even_room-32-32-4-even-9_scen-agents20-idx2-seed42-1783527986968,0,0,8,0.011730,1,2,24,26,3,5,81,36,0.000000,0.028000,0.083000,0.061000,0.004205,1
_home_max_Documents_PhD_MAPF_LNS_MAPF_LNS_SAT_mapf-map_room-32-32-4_map-_home_max_Documents_PhD_MAPF_LNS_MAPF_LNS_SAT_mapf-scen-even_scen-even_room-32-32-4-even-9_scen-agents20-idx2-seed42-1783527986968,0,0,7,0.010264,1,2,24,26,3,9,134,46,0.000000,0.035000,0.146000,0.105000,0.011750,1
_home_max_Documents_PhD_MAPF_LNS_MAPF_LNS_SAT_mapf-map_room-32-32-4_map-_home_max_Documents_PhD_MAPF_LNS_MAPF_LNS_SAT_mapf-scen-even_scen-even_room-32-32-4-even-9_scen-agents20-idx2-seed42-1783527986968,0,0,9,0.013196,1,2,41,43,3,13,213,63,0.000000,0.060000,0.240000,0.171000,0.033604,1
_home_max_Documents_PhD_MAPF_LNS_MAPF_LNS_SAT_mapf-map_room-32-32-4_map-_home_max_Documents_PhD_MAPF_LNS_MAPF_LNS_SAT_mapf-scen-even_scen-even_room-32-32-4-even-9_scen-agents20-idx3-seed42-1783527987014,0,0,6,0.008798,1,3,5,7,1,2,14,8,0.000000,0.008000,0.059000,0.042000,0.007982,1
_home_max_Documents_PhD_MAPF_LNS_MAPF_LNS_SAT_mapf-map_room-32-32-4_map-_home_max_Documents_PhD_MAPF_LNS_MAPF_LNS_SAT_mapf-scen-even_scen-even_room-32-32-4-even-9_scen-agents20-idx3-seed42-1783527987014,0,0,8,0.011730,1,2,9,11,3,7,118,42,0.000000,0.039000,0.158000,0.118000,0.011947,1
_home_max_Documents_PhD_MAPF_LNS_MAPF_LNS_SAT_mapf-map_room-32-32-4_map-_home_max_Documents_PhD_MAPF_LNS_MAPF_LNS_SAT_mapf-scen-even_scen-even_room-32-32-4-even-9_scen-agents20-idx3-seed42-1783527987014,0,0,9,0.013196,3,3,11,14,4,11,868,233,0.000000,0.258000,0.575000,0.498000,0.062143,1
_home_max_Documents_PhD_MAPF_LNS_MAPF_LNS_SAT_mapf-map_room-32-32-4_map-_home_max_Documents_PhD_MAPF_LNS_MAPF_LNS_SAT_mapf-scen-even_scen-even_room-32-32-4-even-9_scen-agents20-idx3-seed42-1783527987014,0,0,7,0.010264,1,2,11,13,3,7,105,40,0.000000,0.036000,0.128000,0.093000,0.009439,1
_home_max_Documents_PhD_MAPF_LNS_MAPF_LNS_SAT_mapf-map_room-32-32-4_map-_home_max_Documents_PhD_MAPF_LNS_MAPF_LNS_SAT_mapf-scen-even_scen-even_room-32-32-4-even-9_scen-agents20-idx3-seed42-1783527987014,0,0,5,0.007331,1,2,11,13,1,1,12,7,0.000000,0.005000,0.018000,0.012000,0.000755,1
_home_max_Documents_PhD_MAPF_LNS_MAPF_LNS_SAT_mapf-map_room-32-32-4_map-_home_max_Documents_PhD_MAPF_LNS_MAPF_LNS_SAT_mapf-scen-even_scen-even_room-32-32-4-even-9_scen-agents20-idx3-seed42-1783527987014,0,0,7,0.010264,3,4,12,16,2,3,79,40,0.000000,0.040000,0.079000,0.056000,0.003074,1
_home_max_Documents_PhD_MAPF_LNS_MAPF_LNS_SAT_mapf-map_room-32-32-4_map-_home_max_Documents_PhD_MAPF_LNS_MAPF_LNS_SAT_mapf-scen-even_scen-even_room-32-32-4-even-9_scen-agents20-idx3-seed42-1783527987014,0,0,7,0.010264,1,2,15,17,3,7,105,40,0.000000,0.044000,0.156000,0.113000,0.011625,1
_home_max_Documents_PhD_MAPF_LNS_MAPF_LNS_SAT_mapf-map_room-32-32-4_map-_home_max_Documents_PhD_MAPF_LNS_MAPF_LNS_SAT_mapf-scen-even_scen-even_room-32-32-4-even-9_scen-agents20-idx3-seed42-1783527987014,0,0,10,0.014663,2,5,17,20,4,7,669,198,0.000000,0.354000,0.565000,0.512000,0.017656,0
_home_max_Documents_PhD_MAPF_LNS_MAPF_LNS_SAT_mapf-map_room-32-32-4_map-_home_max_Documents_PhD_MAPF_LNS_MAPF_LNS_SAT_mapf-scen-even_scen-even_room-32-32-4-even-9_scen-agents20-idx3-seed42-1783527987014,0,1,14,0.020528,2,5,16,21,5,10,2039,470,0.000000,1.001000,1.507000,1.395000,0.082772,0
_home_max_Documents_PhD_MAPF_LNS_MAPF_LNS_SAT_mapf-map_room-32-32-4_map-_home_max_Documents_PhD_MAPF_LNS_MAPF_LNS_SAT_mapf-scen-even_scen-even_room-32-32-4-even-9_scen-agents20-idx3-seed42-1783527987014,0,2,33,0.048387,2,7,14,23,5,13,6504,980,0.000000,2.050000,3.189000,2.978000,0.176214,1
_home_max_Documents_PhD_MAPF_LNS_MAPF_LNS_SAT_mapf-map_room-32-32-4_map-_home_max_Documents_PhD_MAPF_LNS_MAPF_LNS_SAT_mapf-scen-even_scen-even_room-32-32-4-even-9_scen-agents20-idx3-seed42-1783527987014,0,0,5,0.007331,1,2,20,22,1,1,24,10,0.000000,0.010000,0.028000,0.023000,0.001690,1
_home_max_Documents_PhD_MAPF_LNS_MAPF_LNS_SAT_mapf-map_room-32-32-4_map-_home_max_Documents_PhD_MAPF_LNS_MAPF_LNS_SAT_mapf-scen-even_scen-even_room-32-32-4-even-9_scen-agents20-idx3-seed42-1783527987014,0,0,7,0.010264,1,2,22,24,3,9,134,46,0.000000,0.043000,0.144000,0.104000,0.012480,1
_home_max_Documents_PhD_MAPF_LNS_MAPF_LNS_SAT_mapf-map_room-32-32-4_map-_home_max_Documents_PhD_MAPF_LNS_MAPF_LNS_SAT_mapf-scen-even_scen-even_room-32-32-4-even-9_scen-agents20-idx3-seed42-1783527987014,0,0,5,0.007331,1,3,23,25,1,1,25,11,0.000000,0.009000,0.025000,0.019000,0.001427,1
_home_max_Documents_PhD_MAPF_LNS_MAPF_LNS_SAT_mapf-map_room-32-32-4_map-_home_max_Documents_PhD_MAPF_LNS_MAPF_LNS_SAT_mapf-scen-even_scen-even_room-32-32-4-even-9_scen-agents20-idx3-seed42-1783527987014,0,0,5,0.007331,1,3,25,27,1,1,25,11,0.000000,0.009000,0.021000,0.016000,0.001047,1
_home_max_Documents_PhD_MAPF_LNS_MAPF_LNS_SAT_mapf-map_room-32-32-4_map-_home_max_Documents_PhD_MAPF_LNS_MAPF_LNS_SAT_mapf-scen-even_scen-even_room-32-32-4-even-9_scen-agents20-idx3-seed42-1783527987014,0,0,8,0.011730,1,3,26,28,3,6,106,45,0.000000,0.040000,0.106000,0.077000,0.005472,1
_home_max_Documents_PhD_MAPF_LNS_MAPF_LNS_SAT_mapf-map_room-32-32-4_map-_home_max_Documents_PhD_MAPF_LNS_MAPF_LNS_SAT_mapf-scen-even_scen-even_room-32-32-4-even-9_scen-agents20-idx3-seed42-1783527987014,0,0,7,0.010264,1,2,29,31,3,9,135,47,0.000000,0.039000,0.142000,0.100000,0.011358,1
_home_max_Documents_PhD_MAPF_LNS_MAPF_LNS_SAT_mapf-map_room-32-32-4_map-_home_max_Documents_PhD_MAPF_LNS_MAPF_LNS_SAT_mapf-scen-even_scen-even_room-32-32-4-even-9_scen-agents20-idx3-seed42-1783527987014,0,0,5,0.007331,1,2,33,35,1,1,24,10,0.000000,0.007000,0.022000,0.017000,0.001183,1
_home_max_Documents_PhD_MAPF_LNS_MAPF_LNS_SAT_mapf-map_room-32-32-4_map-_home_max_Documents_PhD_MAPF_LNS_MAPF_LNS_SAT_mapf-scen-even_scen-even_room-32-32-4-even-9_scen-agents20-idx3-seed42-1783527987014,0,0,4,0.005865,1,2,33,35,1,4,22,9,0.000000,0.007000,0.044000,0.024000,0.001783,1
_home_max_Documents_PhD_MAPF_LNS_MAPF_LNS_SAT_mapf-map_room-32-32-4_map-_home_max_Documents_PhD_MAPF_LNS_MAPF_LNS_SAT_mapf-scen-even_scen-even_room-32-32-4-even-9_scen-agents20-idx3-seed42-1783527987014,0,0,5,0.007331,2,3,38,41,1,3,51,18,0.000000,0.015000,0.061000,0.040000,0.003270,1
_home_max_Documents_PhD_MAPF_LNS_MAPF_LNS_SAT_mapf-map_room-32-32-4_map-_home_max_Documents_PhD_MAPF_LNS_MAPF_LNS_SAT_mapf-scen-even_scen-even_room-32-32-4-even-9_scen-agents20-idx3-seed42-1783527987014,0,0,4,0.005865,1,2,41,43,1,4,22,9,0.000000,0.008000,0.044000,0.025000,0.001871,1
_home_max_Documents_PhD_MAPF_LNS_MAPF_LNS_SAT_mapf-map_room-32-32-4_map-_home_max_Documents_PhD_MAPF_LNS_MAPF_LNS_SAT_mapf-scen-even_scen-even_room-32-32-4-even-9_scen-agents20-idx4-seed42-1783527987065,0,0,14,0.020528,2,4,6,8,4,18,738,210,0.000000,0.211000,0.715000,0.539000,0.150159,1
_home_max_Documents_PhD_MAPF_LNS_MAPF_LNS_SAT_mapf-map_room-32-32-4_map-_home_max_Documents_PhD_MAPF_LNS_MAPF_LNS_SAT_mapf-scen-even_scen-even_room-32-32-4-even-9_scen-agents20-idx4-seed42-1783527987065,0,0,27,0.039589,12,3,8,21,2,3,204,93,0.000000,0.076000,0.130000,0.101000,0.006254,1
_home_max_Documents_PhD_MAPF_LNS_MAPF_LNS_SAT_mapf-map_room-32-32-4_map-_home_max_Documents_PhD_MAPF_LNS_MAPF_LNS_SAT_mapf-scen-even_scen-even_room-32-32-4-even-9_scen-agents20-idx4-seed42-1783527987065,0,0,7,0.010264,1,2,14,16,3,7,132,46,0.000000,0.036000,0.128000,0.097000,0.010272,1
_home_max_Documents_PhD_MAPF_LNS_MAPF_LNS_SAT_mapf-map_room-32-32-4_map-_home_max_Documents_PhD_MAPF_LNS_MAPF_LNS_SAT_mapf-scen-even_scen-even_room-32-32-4-even-9_scen-agents20-idx4-seed42-1783527987065,0,0,5,0.007331,1,2,15,17,2,3,28,15,0.000000,0.010000,0.036000,0.024000,0.001575,1
_home_max_Documents_PhD_MAPF_LNS_MAPF_LNS_SAT_mapf-map_room-32-32-4_map-_home_max_Documents_PhD_MAPF_LNS_MAPF_LNS_SAT_mapf-scen-even_scen-even_room-32-32-4-even-9_scen-agents20-idx4-seed42-1783527987065,0,0,12,0.017595,4,5,18,23,4,8,2171,520,0.000000,0.648000,1.083000,0.988000,0.049680,0
_home_max_Documents_PhD_MAPF_LNS_MAPF_LNS_SAT_mapf-map_room-32-32-4_map-_home_max_Documents_PhD_MAPF_LNS_MAPF_LNS_SAT_mapf-scen-even_scen-even_room-32-32-4-even-9_scen-agents20-idx4-seed42-1783527987065,0,1,29,0.042522,6,9,17,26,3,6,5712,943,0.000000,1.564000,2.526000,2.370000,0.108038,0
_home_max_Documents_PhD_MAPF_LNS_MAPF_LNS_SAT_mapf-map_room-32-32-4_map-_home_max_Documents_PhD_MAPF_LNS_MAPF_LNS_SAT_mapf-scen-even_scen-even_room-32-32-4-even-9_scen-agents20-idx4-seed42-1783527987065,0,2,47,0.068915,6,9,15,28,3,7,16726,1913,0.000000,4.650000,10.024000,9.677000,0.413895,0
_home_max_Documents_PhD_MAPF_LNS_MAPF_LNS_SAT_mapf-map_room-32-32-4_map-_home_max_Documents_PhD_MAPF_LNS_MAPF_LNS_SAT_mapf-scen-even_scen-even_room-32-32-4-even-9_scen-agents20-idx4-seed42-1783527987065,0,3,98,0.143695,6,10,12,31,3,7,72215,4300,0.000000,24.240000,55.178000,54.639000,1.162023,0
_home_max_Documents_PhD_MAPF_LNS_MAPF_LNS_SAT_mapf-map_room-32-32-4_map-_home_max_Documents_PhD_MAPF_LNS_MAPF_LNS_SAT_mapf-scen-even_scen-even_room-32-32-4-even-9_scen-agents20-idx4-seed42-1783527987065,0,4,188,0.275660,6,15,8,35,3,7,674406,21054,0.006000,438.325000,706.863000,702.640000,9.511131,0
_home_max_Documents_PhD_MAPF_LNS_MAPF_LNS_SAT_mapf-map_room-32-32-4_map-_home_max_Documents_PhD_MAPF_LNS_MAPF_LNS_SAT_mapf-scen-even_scen-even_room-32-32-4-even-9_scen-agents20-idx4-seed42-1783527987065,0,5,319,0.467742,6,17,3,40,3,7,2533429,49968,0.006000,3101.309000,3623.615000,3608.497000,31.055823,0
_home_max_Documents_PhD_MAPF_LNS_MAPF_LNS_SAT_mapf-map_room-32-32-4_map-_home_max_Documents_PhD_MAPF_LNS_MAPF_LNS_SAT_mapf-scen-even_scen-even_room-32-32-4-even-1_scen-agents50-idx0-seed42-1783528062106,0,0,8,0.011730,2,4,0,2,2,4,70,30,0.000000,0.026000,0.117000,0.090000,0.010654,1
_home_max_Documents_PhD_MAPF_LNS_MAPF_LNS_SAT_mapf-map_room-32-32-4_map-_home_max_Documents_PhD_MAPF_LNS_MAPF_LNS_SAT_mapf-scen-even_scen-even_room-32-32-4-even-1_scen-agents50-idx0-seed42-1783528062106,0,0,10,0.014663,4,5,0,5,2,3,101,53,0.000000,0.039000,0.100000,0.074000,0.003520,1
_home_max_Documents_PhD_MAPF_LNS_MAPF_LNS_SAT_mapf-map_room-32-32-4_map-_home_max_Documents_PhD_MAPF_LNS_MAPF_LNS_SAT_mapf-scen-even_scen-even_room-32-32-4-even-1_scen-agents50-idx0-seed42-1783528062106,0,0,7,0.010264,2,4,1,4,4,7,468,161,0.000000,0.137000,0.372000,0.336000,0.010122,0
_home_max_Documents_PhD_MAPF_LNS_MAPF_LNS_SAT_mapf-map_room-32-32-4_map-_home_max_Documents_PhD_MAPF_LNS_MAPF_LNS_SAT_mapf-scen-even_scen-even_room-32-32-4-even-1_scen-agents50-idx0-seed42-1783528062106,0,1,14,0.020528,2,4,0,5,4,8,1199,309,0.000000,0.326000,0.825000,0.751000,0.040609,1
_home_max_Documents_PhD_MAPF_LNS_MAPF_LNS_SAT_mapf-map_room-32-32-4_map-_home_max_Documents_PhD_MAPF_LNS_MAPF_LNS_SAT_mapf-scen-even_scen-even_room-32-32-4-even-1_scen-agents50-idx0-seed42-1783528062106,0,0,4,0.005865,1,2,1,3,4,7,144,61,0.000000,0.046000,0.157000,0.129000,0.005117,0
_home_max_Documents_PhD_MAPF_LNS_MAPF_LNS_SAT_mapf-map_room-32-32-4_map-_home_max_Documents_PhD_MAPF_LNS_MAPF_LNS_SAT_mapf-scen-even_scen-even_room-32-32-4-even-1_scen-agents50-idx0-seed42-1783528062106,0,1,9,0.013196,1,2,0,4,2,3,56,28,0.000000,0.018000,0.066000,0.051000,0.003745,1
_home_max_Documents_PhD_MAPF_LNS_MAPF_LNS_SAT_mapf-map_room-32-32-4_map-_home_max_Documents_PhD_MAPF_LNS_MAPF_LNS_SAT_mapf-scen-even_scen-even_room-32-32-4-even-1_scen-agents50-idx0-seed42-1783528062106,0,0,8,0.011730,2,3,2,5,2,5,125,50,0.000000,0.042000,0.150000,0.115000,0.010591,1
_home_max_Documents_PhD_MAPF_LNS_MAPF_LNS_SAT_mapf-map_room-32-32-4_map-_home_max_Documents_PhD_MAPF_LNS_MAPF_LNS_SAT_mapf-scen-even_scen-even_room-32-32-4-even-1_scen-agents50-idx0-seed42-1783528062106,0,0,8,0.011730,1,4,2,4,3,7,218,81,0.000000,0.070000,0.237000,0.186000,0.015327,1
_home_max_Documents_PhD_MAPF_LNS_MAPF_LNS_SAT_mapf-map_room-32-32-4_map-_home_max_Documents_PhD_MAPF_LNS_MAPF_LNS_SAT_mapf-scen-even_scen-even_room-32-32-4-even-1_scen-agents50-idx0-seed42-1783528062106,0,0,8,0.011730,2,4,5,8,5,11,768,233,0.000000,0.237000,0.577000,0.501000,0.014981,0
_home_max_Documents_PhD_MAPF_LNS_MAPF_LNS_SAT_mapf-map_room-32-32-4_map-_home_max_Documents_PhD_MAPF_LNS_MAPF_LNS_SAT_mapf-scen-even_scen-even_room-32-32-4-even-1_scen-agents50-idx0-seed42-1783528062106,0,1,15,0.021994,2,5,4,9,4,8,773,223,0.000000,0.237000,0.450000,0.379000,0.026333,1
_home_max_Documents_PhD_MAPF_LNS_MAPF_LNS_SAT_mapf-map_room-32-32-4_map-_home_max_Documents_PhD_MAPF_LNS_MAPF_LNS_SAT_mapf-scen-even_scen-even_room-32-32-4-even-1_scen-agents50-idx0-seed42-1783528062106,0,0,7,0.010264,1,4,5,7,2,3,38,22,0.000000,0.015000,0.048000,0.032000,0.001825,1
_home_max_Documents_PhD_MAPF_LNS_MAPF_LNS_SAT_mapf-map_room-32-32-4_map-_home_max_Documents_PhD_MAPF_LNS_MAPF_LNS_SAT_mapf-scen-even_scen-even_room-32-32-4-even-1_scen-agents50-idx0-seed42-1783528062106,0,0,64,0.093842,72,26,6,27,3,6,62978,5758,0.006000,25.865000,48.916000,48.177000,0.822016,0
_home_max_Documents_PhD_MAPF_LNS_MAPF_LNS_SAT_mapf-map_room-32-32-4_map-_home_max_Documents_PhD_MAPF_LNS_MAPF_LNS_SAT_mapf-scen-even_scen-even_room-32-32-4-even-1_scen-agents50-idx0-seed42-1783528062106,0,1,145,0.212610,94,35,5,29,3,7,291570,17234,0.012000,183.980000,253.455000,249.786000,5.168748,0
_home_max_Documents_PhD_MAPF_LNS_MAPF_LNS_SAT_mapf-map_room-32-32-4_map-_home_max_Documents_PhD_MAPF_LNS_MAPF_LNS_SAT_mapf-scen-even_scen-even_room-32-32-4-even-1_scen-agents50-idx0-seed42-1783528062106,0,2,254,0.372434,105,41,3,31,3,6,1165246,40394,0.009000,1410.659000,1450.525000,1438.910000,15.388144,0
_home_max_Documents_PhD_MAPF_LNS_MAPF_LNS_SAT_mapf-map_room-32-32-4_map-_home_max_Documents_PhD_MAPF_LNS_MAPF_LNS_SAT_mapf-scen-even_scen-even_room-32-32-4-even-1_scen-agents50-idx0-seed42-1783528062106,0,3,418,0.612903,106,49,0,34,3,6,4805051,107251,0.012000,13431.265000,8004.953000,7962.846000,51.157593,0
_home_max_Documents_PhD_MAPF_LNS_MAPF_LNS_SAT_mapf-map_room-32-32-4_map-_home_max_Documents_PhD_MAPF_LNS_MAPF_LNS_SAT_mapf-scen-even_scen-even_room-32-32-4-even-1_scen-agents50-idx0-seed42-1783528062106,0,4,595,0.872434,109,50,0,38,3,6,15694167,253598,0.018000,124101.998000,27551.603000,25471.511000,150.439712,0
_home_max_Documents_PhD_MAPF_LNS_MAPF_LNS_SAT_mapf-map_room-64-64-16_map-_home_max_Documents_PhD_MAPF_LNS_MAPF_LNS_SAT_mapf-scen-even_scen-even_room-64-64-16-even-1_scen-agents10-idx0-seed42-1783528661194,0,0,5,0.001371,1,2,15,17,4,7,179,68,0.000000,0.075000,0.231000,0.184000,0.014956,0
_home_max_Documents_PhD_MAPF_LNS_MAPF_LNS_SAT_mapf-map_room-64-64-16_map-_home_max_Documents_PhD_MAPF_LNS_MAPF_LNS_SAT_mapf-scen-even_scen-even_room-64-64-16-even-1_scen-agents10-idx0-seed42-1783528661194,0,1,11,0.003017,1,2,14,18,2,4,53,27,0.000000,0.027000,0.086000,0.057000,0.005216,1
_home_max_Documents_PhD_MAPF_LNS_MAPF_LNS_SAT_mapf-map_room-64-64-16_map-_home_max_Documents_PhD_MAPF_LNS_MAPF_LNS_SAT_mapf-scen-even_scen-even_room-64-64-16-even-1_scen-agents10-idx0-seed42-1783528661194,0,0,5,0.001371,1,2,26,28,4,7,179,68,0.000000,0.082000,0.209000,0.166000,0.009874,0
_home_max_Documents_PhD_MAPF_LNS_MAPF_LNS_SAT_mapf-map_room-64-64-16_map-_home_max_Documents_PhD_MAPF_LNS_MAPF_LNS_SAT_mapf-scen-even_scen-even_room-64-64-16-even-1_scen-agents10-idx0-seed42-1783528661194,0,1,13,0.003566,1,2,25,29,1,1,36,18,0.000000,0.023000,0.048000,0.039000,0.002356,1
_home_max_Documents_PhD_MAPF_LNS_MAPF_LNS_SAT_mapf-map_room-64-64-16_map-_home_max_Documents_PhD_MAPF_LNS_MAPF_LNS_SAT_mapf-scen-even_scen-even_room-64-64-16-even-1_scen-agents10-idx0-seed42-1783528661194,0,0,5,0.001371,1,2,28,30,1,1,24,10,0.000000,0.014000,0.043000,0.034000,0.001741,1
_home_max_Documents_PhD_MAPF_LNS_MAPF_LNS_SAT_mapf-map_room-64-64-16_map-_home_max_Documents_PhD_MAPF_LNS_MAPF_LNS_SAT_mapf-scen-even_scen-even_room-64-64-16-even-1_scen-agents10-idx0-seed42-1783528661194,0,0,9,0.002468,1,2,32,34,3,6,120,44,0.000000,0.045000,0.125000,0.092000,0.007956,1
_home_max_Documents_PhD_MAPF_LNS_MAPF_LNS_SAT_mapf-map_room-64-64-16_map-_home_max_Documents_PhD_MAPF_LNS_MAPF_LNS_SAT_mapf-scen-even_scen-even_room-64-64-16-even-1_scen-agents10-idx0-seed42-1783528661194,0,0,5,0.001371,1,2,39,41,1,2,25,10,0.000000,0.010000,0.037000,0.025000,0.002046,1
_home_max_Documents_PhD_MAPF_LNS_MAPF_LNS_SAT_mapf-map_room-64-64-16_map-_home_max_Documents_PhD_MAPF_LNS_MAPF_LNS_SAT_mapf-scen-even_scen-even_room-64-64-16-even-1_scen-agents10-idx0-seed42-1783528661194,0,0,7,0.001920,1,2,56,58,1,1,12,7,0.000000,0.008000,0.018000,0.012000,0.000762,1
_home_max_Documents_PhD_MAPF_LNS_MAPF_LNS_SAT_mapf-map_room-64-64-16_map-_home_max_Documents_PhD_MAPF_LNS_MAPF_LNS_SAT_mapf-scen-even_scen-even_room-64-64-16-even-1_scen-agents10-idx0-seed42-1783528661194,0,0,5,0.001371,1,2,72,74,1,3,26,10,0.000000,0.010000,0.044000,0.027000,0.002246,1
_home_max_Documents_PhD_MAPF_LNS_MAPF_LNS_SAT_mapf-map_room-64-64-16_map-_home_max_Documents_PhD_MAPF_LNS_MAPF_LNS_SAT_mapf-scen-even_scen-even_room-64-64-16-even-1_scen-agents10-idx0-seed42-1783528661194,0,0,5,0.001371,1,2,123,125,1,2,25,10,0.000000,0.017000,0.055000,0.037000,0.002103,1
_home_max_Documents_PhD_MAPF_LNS_MAPF_LNS_SAT_mapf-map_room-64-64-16_map-_home_max_Documents_PhD_MAPF_LNS_MAPF_LNS_SAT_mapf-scen-even_scen-even_room-64-64-16-even-1_scen-agents10-idx0-seed42-1783528661194,0,0,5,0.001371,1,2,125,127,1,2,25,10,0.000000,0.016000,0.060000,0.043000,0.002366,1
_home_max_Documents_PhD_MAPF_LNS_MAPF_LNS_SAT_mapf-map_room-64-64-16_map-_home_max_Documents_PhD_MAPF_LNS_MAPF_LNS_SAT_mapf-scen-even_scen-even_room-64-64-16-even-1_scen-agents10-idx0-seed42-1783528661194,0,0,5,0.001371,1,2,136,138,1,1,24,10,0.000000,0.018000,0.038000,0.030000,0.001313,1
_home_max_Documents_PhD_MAPF_LNS_MAPF_LNS_SAT_mapf-map_room-64-64-16_map-_home_max_Documents_PhD_MAPF_LNS_MAPF_LNS_SAT_mapf-scen-even_scen-even_room-64-64-16-even-1_scen-agents10-idx1-seed42-1783528661300,0,0,8,0.002194,1,2,39,41,2,3,32,17,0.000000,0.016000,0.071000,0.054000,0.008391,1
_home_max_Documents_PhD_MAPF_LNS_MAPF_LNS_SAT_mapf-map_room-64-64-16_map-_home_max_Documents_PhD_MAPF_LNS_MAPF_LNS_SAT_mapf-scen-even_scen-even_room-64-64-16-even-1_scen-agents10-idx1-seed42-1783528661300,0,0,8,0.002194,1,3,43,45,2,4,37,20,0.000000,0.018000,0.058000,0.036000,0.003513,1
_home_max_Documents_PhD_MAPF_LNS_MAPF_LNS_SAT_mapf-map_room-64-64-16_map-_home_max_Documents_PhD_MAPF_LNS_MAPF_LNS_SAT_mapf-scen-even_scen-even_room-64-64-16-even-1_scen-agents10-idx1-seed42-1783528661300,0,0,19,0.005211,6,2,53,60,1,3,65,29,0.000000,0.027000,0.073000,0.049000,0.005712,1
_home_max_Documents_PhD_MAPF_LNS_MAPF_LNS_SAT_mapf-map_room-64-64-16_map-_home_max_Documents_PhD_MAPF_LNS_MAPF_LNS_SAT_mapf-scen-even_scen-even_room-64-64-16-even-1_scen-agents10-idx1-seed42-1783528661300,0,0,5,0.001371,1,2,63,65,2,3,28,15,0.000000,0.014000,0.040000,0.027000,0.002205,1
_home_max_Documents_PhD_MAPF_LNS_MAPF_LNS_SAT_mapf-map_room-64-64-16_map-_home_max_Documents_PhD_MAPF_LNS_MAPF_LNS_SAT_mapf-scen-even_scen-even_room-64-64-16-even-1_scen-agents10-idx2-seed42-1783528661399,0,0,9,0.002468,3,3,29,33,2,3,60,29,0.000000,0.026000,0.091000,0.067000,0.008532,1
_home_max_Documents_PhD_MAPF_LNS_MAPF_LNS_SAT_mapf-map_room-64-64-16_map-_home_max_Documents_PhD_MAPF_LNS_MAPF_LNS_SAT_mapf-scen-even_scen-even_room-64-64-16-even-1_scen-agents10-idx2-seed42-1783528661399,0,0,7,0.001920,2,3,62,65,4,10,323,115,0.000000,0.125000,0.278000,0.219000,0.030947,1
_home_max_Documents_PhD_MAPF_LNS_MAPF_LNS_SAT_mapf-map_room-64-64-16_map-_home_max_Documents_PhD_MAPF_LNS_MAPF_LNS_SAT_mapf-scen-even_scen-even_room-64-64-16-even-1_scen-agents10-idx3-seed42-1783528661501,0,0,7,0.001920,2,3,76,79,5,11,605,192,0.000000,0.228000,0.422000,0.359000,0.024079,0
_home_max_Documents_PhD_MAPF_LNS_MAPF_LNS_SAT_mapf-map_room-64-64-16_map-_home_max_Documents_PhD_MAPF_LNS_MAPF_LNS_SAT_mapf-scen-even_scen-even_room-64-64-16-even-1_scen-agents10-idx3-seed42-1783528661501,0,1,14,0.003840,2,3,75,80,3,7,240,95,0.000000,0.114000,0.210000,0.156000,0.016114,1
_home_max_Documents_PhD_MAPF_LNS_MAPF_LNS_SAT_mapf-map_room-64-64-16_map-_home_max_Documents_PhD_MAPF_LNS_MAPF_LNS_SAT_mapf-scen-even_scen-even_room-64-64-16-even-1_scen-agents10-idx4-seed42-1783528661600,0,0,9,0.002468,1,2,28,30,4,8,353,101,0.000000,0.107000,0.271000,0.228000,0.023190,1
_home_max_Documents_PhD_MAPF_LNS_MAPF_LNS_SAT_mapf-map_room-64-64-16_map-_home_max_Documents_PhD_MAPF_LNS_MAPF_LNS_SAT_mapf-scen-even_scen-even_room-64-64-16-even-1_scen-agents10-idx4-seed42-1783528661600,0,0,5,0.001371,1,2,46,48,2,3,28,15,0.000000,0.014000,0.042000,0.029000,0.002242,1
_home_max_Documents_PhD_MAPF_LNS_MAPF_LNS_SAT_mapf-map_room-64-64-16_map-_home_max_Documents_PhD_MAPF_LNS_MAPF_LNS_SAT_mapf-scen-even_scen-even_room-64-64-16-even-1_scen-agents10-idx4-seed42-1783528661600,0,0,8,0.002194,1,2,52,54,3,7,118,42,0.000000,0.042000,0.120000,0.087000,0.009550,1
_home_max_Documents_PhD_MAPF_LNS_MAPF_LNS_SAT_mapf-map_room-64-64-16_map-_home_max_Documents_PhD_MAPF_LNS_MAPF_LNS_SAT_mapf-scen-even_scen-even_room-64-64-16-even-1_scen-agents10-idx5-seed42-1783528661701,0,0,9,0.002468,1,2,79,81,3,7,122,45,0.000000,0.062000,0.206000,0.147000,0.021605,1
_home_max_Documents_PhD_MAPF_LNS_MAPF_LNS_SAT_mapf-map_room-64-64-16_map-_home_max_Documents_PhD_MAPF_LNS_MAPF_LNS_SAT_mapf-scen-even_scen-even_room-64-64-16-even-1_scen-agents10-idx5-seed42-1783528661701,0,0,8,0.002194,1,2,83,85,3,7,118,42,0.000000,0.061000,0.168000,0.119000,0.012912,1
_home_max_Documents_PhD_MAPF_LNS_MAPF_LNS_SAT_mapf-map_room-64-64-16_map-_home_max_Documents_PhD_MAPF_LNS_MAPF_LNS_SAT_mapf-scen-even_scen-even_room-64-64-16-even-1_scen-agents10-idx6-seed42-1783528661801,0,0,9,0.002468,1,2,36,38,3,7,121,44,0.000000,0.043000,0.185000,0.140000,0.018742,1
_home_max_Documents_PhD_MAPF_LNS_MAPF_LNS_SAT_mapf-map_room-64-64-16_map-_home_max_Documents_PhD_MAPF_LNS_MAPF_LNS_SAT_mapf-scen-even_scen-even_room-64-64-16-even-1_scen-agents10-idx6-seed42-1783528661801,0,0,8,0.002194,1,2,67,69,3,7,118,42,0.000000,0.047000,0.129000,0.093000,0.009920,1
_home_max_Documents_PhD_MAPF_LNS_MAPF_LNS_SAT_mapf-map_room-64-64-16_map-_home_max_Documents_PhD_MAPF_LNS_MAPF_LNS_SAT_mapf-scen-even_scen-even_room-64-64-16-even-1_scen-agents10-idx7-seed42-1783528661898,0,0,5,0.001371,1,2,34,36,4,8,170,66,0.000000,0.061000,0.193000,0.152000,0.019476,1
_home_max_Documents_PhD_MAPF_LNS_MAPF_LNS_SAT_mapf-map_room-64-64-16_map-_home_max_Documents_PhD_MAPF_LNS_MAPF_LNS_SAT_mapf-scen-even_scen-even_room-64-64-16-even-1_scen-agents10-idx7-seed42-1783528661898,0,0,5,0.001371,1,2,41,43,4,7,179,68,0.000000,0.065000,0.141000,0.115000,0.005718,0
_home_max_Documents_PhD_MAPF_LNS_MAPF_LNS_SAT_mapf-map_room-64-64-16_map-_home_max_Documents_PhD_MAPF_LNS_MAPF_LNS_SAT_mapf-scen-even_scen-even_room-64-64-16-even-1_scen-agents10-idx7-seed42-1783528661898,0,1,13,0.003566,1,2,40,44,3,6,178,62,0.000000,0.064000,0.148000,0.119000,0.013824,1
_home_max_Documents_PhD_MAPF_LNS_MAPF_LNS_SAT_mapf-map_room-64-64-16_map-_home_max_Documents_PhD_MAPF_LNS_MAPF_LNS_SAT_mapf-scen-even_scen-even_room-64-64-16-even-1_scen-agents10-idx8-seed42-1783528662003,0,0,5,0.001371,1,2,25,27,4,7,179,68,0.000000,0.061000,0.174000,0.143000,0.013023,0
_home_max_Documents_PhD_MAPF_LNS_MAPF_LNS_SAT_mapf-map_room-64-64-16_map-_home_max_Documents_PhD_MAPF_LNS_MAPF_LNS_SAT_mapf-scen-even_scen-even_room-64-64-16-even-1_scen-agents10-idx8-seed42-1783528662003,0,1,11,0.003017,1,2,24,28,5,10,1062,247,0.000000,0.308000,0.577000,0.529000,0.037946,0
_home_max_Documents_PhD_MAPF_LNS_MAPF_LNS_SAT_mapf-map_room-64-64-16_map-_home_max_Documents_PhD_MAPF_LNS_MAPF_LNS_SAT_mapf-scen-even_scen-even_room-64-64-16-even-1_scen-agents10-idx8-seed42-1783528662003,0,2,35,0.009600,1,3,22,30,4,10,1675,304,0.000000,0.484000,0.878000,0.793000,0.086656,1
_home_max_Documents_PhD_MAPF_LNS_MAPF_LNS_SAT_mapf-map_room-64-64-16_map-_home_max_Documents_PhD_MAPF_LNS_MAPF_LNS_SAT_mapf-scen-even_scen-even_room-64-64-16-even-1_scen-agents10-idx8-seed42-1783528662003,0,0,4,0.001097,1,2,50,52,4,7,145,62,0.000000,0.060000,0.126000,0.101000,0.005276,0
_home_max_Documents_PhD_MAPF_LNS_MAPF_LNS_SAT_mapf-map_room-64-64-16_map-_home_max_Documents_PhD_MAPF_LNS_MAPF_LNS_SAT_mapf-scen-even_scen-even_room-64-64-16-even-1_scen-agents10-idx8-seed42-1783528662003,0,1,9,0.002468,1,2,49,53,1,2,23,12,0.000000,0.011000,0.034000,0.021000,0.001154,1
_home_max_Documents_PhD_MAPF_LNS_MAPF_LNS_SAT_mapf-map_room-64-64-16_map-_home_max_Documents_PhD_MAPF_LNS_MAPF_LNS_SAT_mapf-scen-even_scen-even_room-64-64-16-even-1_scen-agents10-idx8-seed42-1783528662003,0,0,7,0.001920,1,2,66,68,3,7,83,36,0.000000,0.038000,0.104000,0.072000,0.007070,1
_home_max_Documents_PhD_MAPF_LNS_MAPF_LNS_SAT_mapf-map_room-64-64-16_map-_home_max_Documents_PhD_MAPF_LNS_MAPF_LNS_SAT_mapf-scen-even_scen-even_room-64-64-16-even-1_scen-agents10-idx8-seed42-1783528662003,0,0,5,0.001371,1,2,84,86,1,3,26,10,0.000000,0.010000,0.043000,0.026000,0.002351,1
_home_max_Documents_PhD_MAPF_LNS_MAPF_LNS_SAT_mapf-map_room-64-64-16_map-_home_max_Documents_PhD_MAPF_LNS_MAPF_LNS_SAT_mapf-scen-even_scen-even_room-64-64-16-even-1_scen-agents10-idx8-seed42-1783528662003,0,0,5,0.001371,1,2,118,120,1,1,24,10,0.000000,0.012000,0.026000,0.020000,0.001182,1
_home_max_Documents_PhD_MAPF_LNS_MAPF_LNS_SAT_mapf-map_room-64-64-16_map-_home_max_Documents_PhD_MAPF_LNS_MAPF_LNS_SAT_mapf-scen-even_scen-even_room-64-64-16-even-1_scen-agents10-idx8-seed42-1783528662003,0,0,5,0.001371,1,2,126,128,1,2,25,10,0.000000,0.013000,0.034000,0.023000,0.001503,1
_home_max_Documents_PhD_MAPF_LNS_MAPF_LNS_SAT_mapf-map_room-64-64-16_map-_home_max_Documents_PhD_MAPF_LNS_MAPF_LNS_SAT_mapf-scen-even_scen-even_room-64-64-16-even-1_scen-agents10-idx9-seed42-1783528662102,0,0,5,0.001371,1,2,55,57,4,7,179,68,0.000000,0.083000,0.189000,0.157000,0.013464,0
_home_max_Documents_PhD_MAPF_LNS_MAPF_LNS_SAT_mapf-map_room-64-64-16_map-_home_max_Documents_PhD_MAPF_LNS_MAPF_LNS_SAT_mapf-scen-even_scen-even_room-64-64-16-even-1_scen-agents10-idx9-seed42-1783528662102,0,1,13,0.003566,1,2,54,58,3,6,178,62,0.000000,0.067000,0.155000,0.120000,0.014458,1
_home_max_Documents_PhD_MAPF_LNS_MAPF_LNS_SAT_mapf-map_room-64-64-16_map-_home_max_Documents_PhD_MAPF_LNS_MAPF_LNS_SAT_mapf-scen-even_scen-even_room-64-64-16-even-1_scen-agents10-idx9-seed42-1783528662102,0,0,8,0.002194,1,2,67,69,3,7,119,43,0.000000,0.048000,0.138000,0.102000,0.010013,1
_home_max_Documents_PhD_MAPF_LNS_MAPF_LNS_SAT_mapf-map_room-64-64-16_map-_home_max_Documents_PhD_MAPF_LNS_MAPF_LNS_SAT_mapf-scen-even_scen-even_room-64-64-16-even-1_scen-agents10-idx9-seed42-1783528662102,0,0,8,0.002194,1,2,71,73,3,7,118,42,0.000000,0.048000,0.127000,0.092000,0.009230,1
_home_max_Documents_PhD_MAPF_LNS_MAPF_LNS_SAT_mapf-map_room-64-64-16_map-_home_max_Documents_PhD_MAPF_LNS_MAPF_LNS_SAT_mapf-scen-even_scen-even_room-64-64-16-even-1_scen-agents10-idx9-seed42-1783528662102,0,0,5,0.001371,1,2,77,79,1,1,24,10,0.000000,0.011000,0.027000,0.021000,0.001464,1
_home_max_Documents_PhD_MAPF_LNS_MAPF_LNS_SAT_mapf-map_room-64-64-16_map-_home_max_Documents_PhD_MAPF_LNS_MAPF_LNS_SAT_mapf-scen-even_scen-even_room-64-64-16-even-1_scen-agents10-idx9-seed42-1783528662102,0,0,5,0.001371,1,2,82,84,1,1,24,10,0.000000,0.010000,0.026000,0.020000,0.001203,1
_home_max_Documents_PhD_MAPF_LNS_MAPF_LNS_SAT_mapf-map_room-64-64-16_map-_home_max_Documents_PhD_MAPF_LNS_MAPF_LNS_SAT_mapf-scen-even_scen-even_room-64-64-16-even-1_scen-agents10-idx9-seed42-1783528662102,0,0,9,0.002468,1,3,84,86,3,5,153,64,0.000000,0.077000,0.130000,0.104000,0.007431,1
_home_max_Documents_PhD_MAPF_LNS_MAPF_LNS_SAT_mapf-map_room-64-64-16_map-_home_max_Documents_PhD_MAPF_LNS_MAPF_LNS_SAT_mapf-scen-even_scen-even_room-64-64-16-even-1_scen-agents10-idx9-seed42-1783528662102,0,0,5,0.001371,1,2,90,92,1,1,24,10,0.000000,0.011000,0.026000,0.020000,0.001444,1
_home_max_Documents_PhD_MAPF_LNS_MAPF_LNS_SAT_mapf-map_room-64-64-16_map-_home_max_Documents_PhD_MAPF_LNS_MAPF_LNS_SAT_mapf-scen-even_scen-even_room-64-64-16-even-1_scen-agents10-idx10-seed42-1783528662203,0,0,5,0.001371,1,2,26,28,4,7,179,68,0.000000,0.066000,0.182000,0.151000,0.013291,0
_home_max_Documents_PhD_MAPF_LNS_MAPF_LNS_SAT_mapf-map_room-64-64-16_map-_home_max_Documents_PhD_MAPF_LNS_MAPF_LNS_SAT_mapf-scen-even_scen-even_room-64-64-16-even-1_scen-agents10-idx10-seed42-1783528662203,0,1,13,0.003566,1,2,25,29,1,1,20,11,0.000000,0.009000,0.023000,0.016000,0.000898,1
_home_max_Documents_PhD_MAPF_LNS_MAPF_LNS_SAT_mapf-map_room-64-64-16_map-_home_max_Documents_PhD_MAPF_LNS_MAPF_LNS_SAT_mapf-scen-even_scen-even_room-64-64-16-even-1_scen-agents10-idx10-seed42-1783528662203,0,0,5,0.001371,1,2,81,83,1,1,24,10,0.000000,0.011000,0.025000,0.019000,0.001690,1
_home_max_Documents_PhD_MAPF_LNS_MAPF_LNS_SAT_mapf-map_room-64-64-16_map-_home_max_Documents_PhD_MAPF_LNS_MAPF_LNS_SAT_mapf-scen-even_scen-even_room-64-64-16-even-1_scen-agents10-idx10-seed42-1783528662203,0,0,4,0.001097,1,2,114,116,1,2,20,9,0.000000,0.010000,0.034000,0.022000,0.001808,1
_home_max_Documents_PhD_MAPF_LNS_MAPF_LNS_SAT_mapf-map_room-64-64-16_map-_home_max_Documents_PhD_MAPF_LNS_MAPF_LNS_SAT_mapf-scen-even_scen-even_room-64-64-16-even-1_scen-agents10-idx11-seed42-1783528662301,0,0,5,0.001371,1,2,46,48,4,7,179,68,0.000000,0.072000,0.200000,0.165000,0.015892,0
_home_max_Documents_PhD_MAPF_LNS_MAPF_LNS_SAT_mapf-map_room-64-64-16_map-_home_max_Documents_PhD_MAPF_LNS_MAPF_LNS_SAT_mapf-scen-even_scen-even_room-64-64-16-even-1_scen-agents10-idx11-seed42-1783528662301,0,1,11,0.003017,1,2,45,49,5,10,1000,228,0.000000,0.299000,0.553000,0.506000,0.034503,0
_home_max_Documents_PhD_MAPF_LNS_MAPF_LNS_SAT_mapf-map_room-64-64-16_map-_home_max_Documents_PhD_MAPF_LNS_MAPF_LNS_SAT_mapf-scen-even_scen-even_room-64-64-16-even-1_scen-agents10-idx11-seed42-1783528662301,0,2,36,0.009874,1,2,43,51,4,9,1884,303,0.000000,0.556000,0.885000,0.821000,0.050732,1
_home_max_Documents_PhD_MAPF_LNS_MAPF_LNS_SAT_mapf-map_room-64-64-16_map-_home_max_Documents_PhD_MAPF_LNS_MAPF_LNS_SAT_mapf-scen-even_scen-even_room-64-64-16-even-1_scen-agents10-idx11-seed42-1783528662301,0,0,7,0.001920,1,2,70,72,3,7,86,38,0.000000,0.044000,0.112000,0.075000,0.007242,1
_home_max_Documents_PhD_MAPF_LNS_MAPF_LNS_SAT_mapf-map_room-64-64-16_map-_home_max_Documents_PhD_MAPF_LNS_MAPF_LNS_SAT_mapf-scen-even_scen-even_room-64-64-16-even-1_scen-agents10-idx11-seed42-1783528662301,0,0,7,0.001920,1,2,74,76,4,9,259,87,0.000000,0.093000,0.222000,0.174000,0.017247,1
_home_max_Documents_PhD_MAPF_LNS_MAPF_LNS_SAT_mapf-map_room-64-64-16_map-_home_max_Documents_PhD_MAPF_LNS_MAPF_LNS_SAT_mapf-scen-even_scen-even_room-64-64-16-even-1_scen-agents10-idx11-seed42-1783528662301,0,0,5,0.001371,1,2,81,83,1,2,25,10,0.000000,0.012000,0.038000,0.025000,0.002001,1
_home_max_Documents_PhD_MAPF_LNS_MAPF_LNS_SAT_mapf-map_room-64-64-16_map-_home_max_Documents_PhD_MAPF_LNS_MAPF_LNS_SAT_mapf-scen-even_scen-even_room-64-64-16-even-1_scen-agents10-idx12-seed42-1783528662404,0,0,21,0.005760,8,4,10,19,2,3,227,104,0.000000,0.091000,0.183000,0.150000,0.021996,1
_home_max_Documents_PhD_MAPF_LNS_MAPF_LNS_SAT_mapf-map_room-64-64-16_map-_home_max_Documents_PhD_MAPF_LNS_MAPF_LNS_SAT_mapf-scen-even_scen-even_room-64-64-16-even-1_scen-agents10-idx12-seed42-1783528662404,0,0,7,0.001920,3,4,53,56,4,7,482,166,0.000000,0.211000,0.293000,0.251000,0.010518,0
_home_max_Documents_PhD_MAPF_LNS_MAPF_LNS_SAT_mapf-map_room-64-64-16_map-_home_max_Documents_PhD_MAPF_LNS_MAPF_LNS_SAT_mapf-scen-even_scen-even_room-64-64-16-even-1_scen-agents10-idx12-seed42-1783528662404,0,1,14,0.003840,3,5,52,57,2,5,132,68,0.000000,0.087000,0.128000,0.085000,0.009864,1
_home_max_Documents_PhD_MAPF_LNS_MAPF_LNS_SAT_mapf-map_room-64-64-16_map-_home_max_Documents_PhD_MAPF_LNS_MAPF_LNS_SAT_mapf-scen-even_scen-even_room-64-64-16-even-1_scen-agents10-idx12-seed42-1783528662404,0,0,8,0.002194,2,5,58,61,1,2,26,15,0.000000,0.022000,0.039000,0.024000,0.001490,1
_home_max_Documents_PhD_MAPF_LNS_MAPF_LNS_SAT_mapf-map_room-64-64-16_map-_home_max_Documents_PhD_MAPF_LNS_MAPF_LNS_SAT_mapf-scen-even_scen-even_room-64-64-16-even-1_scen-agents10-idx13-seed42-1783528662506,0,0,5,0.001371,1,2,66,68,4,7,182,70,0.000000,0.081000,0.185000,0.153000,0.015469,0
_home_max_Documents_PhD_MAPF_LNS_MAPF_LNS_SAT_mapf-map_room-64-64-16_map-_home_max_Documents_PhD_MAPF_LNS_MAPF_LNS_SAT_mapf-scen-even_scen-even_room-64-64-16-even-1_scen-agents10-idx13-seed42-1783528662506,0,1,11,0.003017,1,2,65,69,5,10,1060,244,0.000000,0.339000,0.569000,0.519000,0.035278,0
_home_max_Documents_PhD_MAPF_LNS_MAPF_LNS_SAT_mapf-map_room-64-64-16_map-_home_max_Documents_PhD_MAPF_LNS_MAPF_LNS_SAT_mapf-scen-even_scen-even_room-64-64-16-even-1_scen-agents10-idx13-seed42-1783528662506,0,2,36,0.009874,1,3,63,71,4,9,2088,337,0.000000,0.560000,0.977000,0.903000,0.057014,1
_home_max_Documents_PhD_MAPF_LNS_MAPF_LNS_SAT_mapf-map_room-64-64-16_map-_home_max_Documents_PhD_MAPF_LNS_MAPF_LNS_SAT_mapf-scen-even_scen-even_room-64-64-16-even-1_scen-agents10-idx13-seed42-1783528662506,0,0,6,0.001646,1,2,67,69,1,1,12,7,0.000000,0.008000,0.023000,0.014000,0.000972,1
_home_max_Documents_PhD_MAPF_LNS_MAPF_LNS_SAT_mapf-map_room-64-64-16_map-_home_max_Documents_PhD_MAPF_LNS_MAPF_LNS_SAT_mapf-scen-even_scen-even_room-64-64-16-even-1_scen-agents10-idx14-seed42-1783528662607,0,0,9,0.002468,1,2,78,80,3,7,121,44,0.000000,0.060000,0.161000,0.120000,0.017692,1
_home_max_Documents_PhD_MAPF_LNS_MAPF_LNS_SAT_mapf-map_room-64-64-16_map-_home_max_Documents_PhD_MAPF_LNS_MAPF_LNS_SAT_mapf-scen-even_scen-even_room-64-64-16-even-1_scen-agents10-idx14-seed42-1783528662607,0,0,5,0.001371,1,2,121,123,1,3,26,10,0.000000,0.013000,0.047000,0.030000,0.002799,1
_home_max_Documents_PhD_MAPF_LNS_MAPF_LNS_SAT_mapf-map_room-64-64-16_map-_home_max_Documents_PhD_MAPF_LNS_MAPF_LNS_SAT_mapf-scen-even_scen-even_room-64-64-16-even-1_scen-agents10-idx15-seed42-1783528662708,0,0,9,0.002468,1,2,84,86,3,6,120,44,0.000000,0.052000,0.151000,0.119000,0.015091,1
_home_max_Documents_PhD_MAPF_LNS_MAPF_LNS_SAT_mapf-map_room-64-64-16_map-_home_max_Documents_PhD_MAPF_LNS_MAPF_LNS_SAT_mapf-scen-even_scen-even_room-64-64-16-even-1_scen-agents10-idx16-seed42-1783528662805,0,0,5,0.001371,1,2,20,22,4,7,179,68,0.000000,0.062000,0.178000,0.148000,0.014045,0
_home_max_Documents_PhD_MAPF_LNS_MAPF_LNS_SAT_mapf-map_room-64-64-16_map-_home_max_Documents_PhD_MAPF_LNS_MAPF_LNS_SAT_mapf-scen-even_scen-even_room-64-64-16-even-1_scen-agents10-idx16-seed42-1783528662805,0,1,11,0.003017,1,2,19,23,3,6,154,58,0.000000,0.051000,0.140000,0.106000,0.013658,1
_home_max_Documents_PhD_MAPF_LNS_MAPF_LNS_SAT_mapf-map_room-64-64-16_map-_home_max_Documents_PhD_MAPF_LNS_MAPF_LNS_SAT_mapf-scen-even_scen-even_room-64-64-16-even-1_scen-agents10-idx16-seed42-1783528662805,0,0,5,0.001371,1,2,33,35,4,7,179,68,0.000000,0.064000,0.150000,0.127000,0.005549,0
_home_max_Documents_PhD_MAPF_LNS_MAPF_LNS_SAT_mapf-map_room-64-64-16_map-_home_max_Documents_PhD_MAPF_LNS_MAPF_LNS_SAT_mapf-scen-even_scen-even_room-64-64-16-even-1_scen-agents10-idx16-seed42-1783528662805,0,1,11,0.003017,1,2,32,36,2,3,52,27,0.000000,0.022000,0.054000,0.039000,0.003605,1
_home_max_Documents_PhD_MAPF_LNS_MAPF_LNS_SAT_mapf-map_room-64-64-16_map-_home_max_Documents_PhD_MAPF_LNS_MAPF_LNS_SAT_mapf-scen-even_scen-even_room-64-64-16-even-1_scen-agents10-idx16-seed42-1783528662805,0,0,9,0.002468,1,2,39,41,4,9,354,101,0.000000,0.102000,0.257000,0.210000,0.018825,1
_home_max_Documents_PhD_MAPF_LNS_MAPF_LNS_SAT_mapf-map_room-64-64-16_map-_home_max_Documents_PhD_MAPF_LNS_MAPF_LNS_SAT_mapf-scen-even_scen-even_room-64-64-16-even-1_scen-agents10-idx16-seed42-1783528662805,0,0,5,0.001371,1,2,51,53,2,3,28,15,0.000000,0.014000,0.040000,0.027000,0.001934,1
_home_max_Documents_PhD_MAPF_LNS_MAPF_LNS_SAT_mapf-map_room-64-64-16_map-_home_max_Documents_PhD_MAPF_LNS_MAPF_LNS_SAT_mapf-scen-even_scen-even_room-64-64-16-even-1_scen-agents10-idx16-seed42-1783528662805,0,0,5,0.001371,1,2,54,56,4,7,179,68,0.000000,0.067000,0.137000,0.114000,0.005180,0
_home_max_Documents_PhD_MAPF_LNS_MAPF_LNS_SAT_mapf-map_room-64-64-16_map-_home_max_Documents_PhD_MAPF_LNS_MAPF_LNS_SAT_mapf-scen-even_scen-even_room-64-64-16-even-1_scen-agents10-idx16-seed42-1783528662805,0,1,11,0.003017,1,2,53,57,5,10,1000,228,0.000000,0.311000,0.539000,0.496000,0.030485,0
_home_max_Documents_PhD_MAPF_LNS_MAPF_LNS_SAT_mapf-map_room-64-64-16_map-_home_max_Documents_PhD_MAPF_LNS_MAPF_LNS_SAT_mapf-scen-even_scen-even_room-64-64-16-even-1_scen-agents10-idx16-seed42-1783528662805,0,2,35,0.009600,1,3,51,59,4,9,2044,344,0.000000,0.619000,0.958000,0.893000,0.057844,1
_home_max_Documents_PhD_MAPF_LNS_MAPF_LNS_SAT_mapf-map_room-64-64-16_map-_home_max_Documents_PhD_MAPF_LNS_MAPF_LNS_SAT_mapf-scen-even_scen-even_room-64-64-16-even-1_scen-agents10-idx16-seed42-1783528662805,0,0,5,0.001371,1,2,105,107,1,3,26,10,0.000000,0.012000,0.046000,0.029000,0.002409,1
_home_max_Documents_PhD_MAPF_LNS_MAPF_LNS_SAT_mapf-map_room-64-64-16_map-_home_max_Documents_PhD_MAPF_LNS_MAPF_LNS_SAT_mapf-scen-even_scen-even_room-64-64-16-even-1_scen-agents10-idx16-seed42-1783528662805,0,0,5,0.001371,1,2,127,129,1,2,25,10,0.000000,0.013000,0.035000,0.024000,0.001511,1
_home_max_Documents_PhD_MAPF_LNS_MAPF_LNS_SAT_mapf-map_room-64-64-16_map-_home_max_Documents_PhD_MAPF_LNS_MAPF_LNS_SAT_mapf-scen-even_scen-even_room-64-64-16-even-1_scen-agents10-idx17-seed42-1783528662910,0,0,9,0.002468,1,2,27,29,3,5,92,38,0.000000,0.037000,0.126000,0.100000,0.014314,1
_home_max_Documents_PhD_MAPF_LNS_MAPF_LNS_SAT_mapf-map_room-64-64-16_map-_home_max_Documents_PhD_MAPF_LNS_MAPF_LNS_SAT_mapf-scen-even_scen-even_room-64-64-16-even-1_scen-agents10-idx17-seed42-1783528662910,0,0,11,0.003017,3,4,39,42,3,7,223,80,0.000000,0.095000,0.191000,0.141000,0.012044,1
_home_max_Documents_PhD_MAPF_LNS_MAPF_LNS_SAT_mapf-map_room-64-64-16_map-_home_max_Documents_PhD_MAPF_LNS_MAPF_LNS_SAT_mapf-scen-even_scen-even_room-64-64-16-even-1_scen-agents10-idx17-seed42-1783528662910,0,0,10,0.002743,3,4,72,75,5,13,2488,573,0.000000,0.786000,1.315000,1.207000,0.133049,0
_home_max_Documents_PhD_MAPF_LNS_MAPF_LNS_SAT_mapf-map_room-64-64-16_map-_home_max_Documents_PhD_MAPF_LNS_MAPF_LNS_SAT_mapf-scen-even_scen-even_room-64-64-16-even-1_scen-agents10-idx17-seed42-1783528662910,0,1,17,0.004663,3,4,71,76,4,10,1577,382,0.000000,0.537000,0.848000,0.755000,0.068386,1
_home_max_Documents_PhD_MAPF_LNS_MAPF_LNS_SAT_mapf-map_room-64-64-16_map-_home_max_Documents_PhD_MAPF_LNS_MAPF_LNS_SAT_mapf-scen-even_scen-even_room-64-64-16-even-1_scen-agents10-idx17-seed42-1783528662910,0,0,8,0.002194,1,3,92,94,2,4,33,18,0.000000,0.029000,0.055000,0.035000,0.003657,0
_home_max_Documents_PhD_MAPF_LNS_MAPF_LNS_SAT_mapf-map_room-64-64-16_map-_home_max_Documents_PhD_MAPF_LNS_MAPF_LNS_SAT_mapf-scen-even_scen-even_room-64-64-16-even-1_scen-agents10-idx17-seed42-1783528662910,0,1,16,0.004388,1,3,91,95,2,4,73,38,0.000000,0.050000,0.074000,0.054000,0.003966,0
_home_max_Documents_PhD_MAPF_LNS_MAPF_LNS_SAT_mapf-map_room-64-64-16_map-_home_max_Documents_PhD_MAPF_LNS_MAPF_LNS_SAT_mapf-scen-even_scen-even_room-64-64-16-even-1_scen-agents10-idx17-seed42-1783528662910,0,2,60,0.016456,2,4,89,101,2,4,8300,623,0.000000,1.834000,3.138000,2.962000,0.098438,0
_home_max_Documents_PhD_MAPF_LNS_MAPF_LNS_SAT_mapf-map_room-64-64-16_map-_home_max_Documents_PhD_MAPF_LNS_MAPF_LNS_SAT_mapf-scen-even_scen-even_room-64-64-16-even-1_scen-agents10-idx17-seed42-1783528662910,0,3,126,0.034558,2,4,86,104,1,1,27645,870,0.000000,7.723000,10.823000,10.783000,0.216670,1
_home_max_Documents_PhD_MAPF_LNS_MAPF_LNS_SAT_mapf-map_room-64-64-16_map-_home_max_Documents_PhD_MAPF_LNS_MAPF_LNS_SAT_mapf-scen-even_scen-even_room-64-64-16-even-1_scen-agents10-idx17-seed42-1783528662910,0,0,5,0.001371,1,2,112,114,1,2,25,10,0.000000,0.014000,0.041000,0.028000,0.002718,1
_home_max_Documents_PhD_MAPF_LNS_MAPF_LNS_SAT_mapf-map_room-64-64-16_map-_home_max_Documents_PhD_MAPF_LNS_MAPF_LNS_SAT_mapf-scen-even_scen-even_room-64-64-16-even-1_scen-agents10-idx17-seed42-1783528662910,0,0,5,0.001371,1,3,142,144,1,2,26,11,0.000000,0.017000,0.035000,0.024000,0.001728,1
_home_max_Documents_PhD_MAPF_LNS_MAPF_LNS_SAT_mapf-map_room-64-64-16_map-_home_max_Documents_PhD_MAPF_LNS_MAPF_LNS_SAT_mapf-scen-even_scen-even_room-64-64-16-even-1_scen-agents10-idx17-seed42-1783528662910,0,0,5,0.001371,1,3,144,146,1,2,26,11,0.000000,0.017000,0.037000,0.024000,0.001709,1
_home_max_Documents_PhD_MAPF_LNS_MAPF_LNS_SAT_mapf-map_room-64-64-16_map-_home_max_Documents_PhD_MAPF_LNS_MAPF_LNS_SAT_mapf-scen-even_scen-even_room-64-64-16-even-1_scen-agents10-idx18-seed42-1783528663060,0,0,8,0.002194,1,2,67,69,3,7,118,42,0.000000,0.049000,0.157000,0.118000,0.018874,1
_home_max_Documents_PhD_MAPF_LNS_MAPF_LNS_SAT_mapf-map_room-64-64-16_map-_home_max_Documents_PhD_MAPF_LNS_MAPF_LNS_SAT_mapf-scen-even_scen-even_room-64-64-16-even-1_scen-agents10-idx18-seed42-1783528663060,0,0,5,0.001371,1,2,153,155,1,1,24,10,0.000000,0.014000,0.026000,0.021000,0.001579,1
_home_max_Documents_PhD_MAPF_LNS_MAPF_LNS_SAT_mapf-map_room-64-64-16_map-_home_max_Documents_PhD_MAPF_LNS_MAPF_LNS_SAT_mapf-scen-even_scen-even_room-64-64-16-even-1_scen-agents10-idx19-seed42-1783528663161,0,0,5,0.001371,1,2,63,65,1,1,24,10,0.000000,0.012000,0.052000,0.044000,0.007224,1
_home_max_Documents_PhD_MAPF_LNS_MAPF_LNS_SAT_mapf-map_room-64-64-16_map-_home_max_Documents_PhD_MAPF_LNS_MAPF_LNS_SAT_mapf-scen-even_scen-even_room-64-64-16-even-1_scen-agents10-idx19-seed42-1783528663161,0,0,5,0.001371,1,2,67,69,4,7,179,68,0.000000,0.074000,0.145000,0.117000,0.006193,0
_home_max_Documents_PhD_MAPF_LNS_MAPF_LNS_SAT_mapf-map_room-64-64-16_map-_home_max_Documents_PhD_MAPF_LNS_MAPF_LNS_SAT_mapf-scen-even_scen-even_room-64-64-16-even-1_scen-agents10-idx19-seed42-1783528663161,0,1,13,0.003566,1,2,66,70,3,6,178,62,0.000000,0.068000,0.151000,0.120000,0.013977,1
_home_max_Documents_PhD_MAPF_LNS_MAPF_LNS_SAT_mapf-map_room-64-64-16_map-_home_max_Documents_PhD_MAPF_LNS_MAPF_LNS_SAT_mapf-scen-even_scen-even_room-64-64-16-even-1_scen-agents10-idx19-seed42-1783528663161,0,0,5,0.001371,1,2,80,82,4,7,187,72,0.000000,0.084000,0.144000,0.119000,0.005382,0
_home_max_Documents_PhD_MAPF_LNS_MAPF_LNS_SAT_mapf-map_room-64-64-16_map-_home_max_Documents_PhD_MAPF_LNS_MAPF_LNS_SAT_mapf-scen-even_scen-even_room-64-64-16-even-1_scen-agents10-idx19-seed42-1783528663161,0,1,24,0.006583,2,3,79,85,3,6,314,105,0.000000,0.138000,0.228000,0.182000,0.018547,1
_home_max_Documents_PhD_MAPF_LNS_MAPF_LNS_SAT_mapf-map_room-64-64-16_map-_home_max_Documents_PhD_MAPF_LNS_MAPF_LNS_SAT_mapf-scen-even_scen-even_room-64-64-16-even-1_scen-agents10-idx19-seed42-1783528663161,0,0,5,0.001371,1,2,83,85,1,1,24,10,0.000000,0.011000,0.028000,0.022000,0.001712,1
_home_max_Documents_PhD_MAPF_LNS_MAPF_LNS_SAT_mapf-map_room-64-64-16_map-_home_max_Documents_PhD_MAPF_LNS_MAPF_LNS_SAT_mapf-scen-even_scen-even_room-64-64-16-even-1_scen-agents10-idx20-seed42-1783528663260,0,0,15,0.004114,5,2,13,19,2,3,86,39,0.000000,0.045000,0.104000,0.082000,0.011867,1
_home_max_Documents_PhD_MAPF_LNS_MAPF_LNS_SAT_mapf-map_room-64-64-16_map-_home_max_Documents_PhD_MAPF_LNS_MAPF_LNS_SAT_mapf-scen-even_scen-even_room-64-64-16-even-1_scen-agents10-idx20-seed42-1783528663260,0,0,9,0.002468,1,2,30,32,3,6,120,44,0.000000,0.042000,0.117000,0.087000,0.007553,1
_home_max_Documents_PhD_MAPF_LNS_MAPF_LNS_SAT_mapf-map_room-64-64-16_map-_home_max_Documents_PhD_MAPF_LNS_MAPF_LNS_SAT_mapf-scen-even_scen-even_room-64-64-16-even-1_scen-agents10-idx20-seed42-1783528663260,0,0,5,0.001371,1,2,47,49,1,1,24,10,0.000000,0.009000,0.025000,0.019000,0.001438,1
_home_max_Documents_PhD_MAPF_LNS_MAPF_LNS_SAT_mapf-map_room-64-64-16_map-_home_max_Documents_PhD_MAPF_LNS_MAPF_LNS_SAT_mapf-scen-even_scen-even_room-64-64-16-even-1_scen-agents10-idx20-seed42-1783528663260,0,0,5,0.001371,1,2,67,69,1,1,24,10,0.000000,0.010000,0.024000,0.019000,0.001234,1
_home_max_Documents_PhD_MAPF_LNS_MAPF_LNS_SAT_mapf-map_room-64-64-16_map-_home_max_Documents_PhD_MAPF_LNS_MAPF_LNS_SAT_mapf-scen-even_scen-even_room-64-64-16-even-1_scen-agents10-idx21-seed42-1783528663363,0,0,77,0.021119,27,5,6,34,3,5,2289,795,0.000000,0.890000,1.086000,0.976000,0.057826,1
_home_max_Documents_PhD_MAPF_LNS_MAPF_LNS_SAT_mapf-map_room-64-64-16_map-_home_max_Documents_PhD_MAPF_LNS_MAPF_LNS_SAT_mapf-scen-even_scen-even_room-64-64-16-even-1_scen-agents10-idx21-seed42-1783528663363,0,0,8,0.002194,2,2,14,17,2,3,48,24,0.000000,0.018000,0.058000,0.041000,0.003124,1
_home_max_Documents_PhD_MAPF_LNS_MAPF_LNS_SAT_mapf-map_room-64-64-16_map-_home_max_Documents_PhD_MAPF_LNS_MAPF_LNS_SAT_mapf-scen-even_scen-even_room-64-64-16-even-1_scen-agents10-idx22-seed42-1783528663460,0,0,4,0.001097,1,2,84,86,1,4,22,9,0.000000,0.012000,0.081000,0.058000,0.009995,1
_home_max_Documents_PhD_MAPF_LNS_MAPF_LNS_SAT_mapf-map_room-64-64-16_map-_home_max_Documents_PhD_MAPF_LNS_MAPF_LNS_SAT_mapf-scen-even_scen-even_room-64-64-16-even-1_scen-agents10-idx22-seed42-1783528663460,0,0,4,0.001097,1,2,108,110,1,4,22,9,0.000000,0.011000,0.049000,0.029000,0.002174,1
_home_max_Documents_PhD_MAPF_LNS_MAPF_LNS_SAT_mapf-map_room-64-64-16_map-_home_max_Documents_PhD_MAPF_LNS_MAPF_LNS_SAT_mapf-scen-even_scen-even_room-64-64-16-even-1_scen-agents10-idx23-seed42-1783528663563,0,0,5,0.001371,1,2,4,6,4,7,179,68,0.000000,0.060000,0.175000,0.142000,0.013201,0
_home_max_Documents_PhD_MAPF_LNS_MAPF_LNS_SAT_mapf-map_room-64-64-16_map-_home_max_Documents_PhD_MAPF_LNS_MAPF_LNS_SAT_mapf-scen-even_scen-even_room-64-64-16-even-1_scen-agents10-idx23-seed42-1783528663563,0,1,13,0.003566,1,2,3,7,3,6,178,62,0.000000,0.055000,0.160000,0.124000,0.014927,1
_home_max_Documents_PhD_MAPF_LNS_MAPF_LNS_SAT_mapf-map_room-64-64-16_map-_home_max_Documents_PhD_MAPF_LNS_MAPF_LNS_SAT_mapf-scen-even_scen-even_room-64-64-16-even-1_scen-agents10-idx23-seed42-1783528663563,0,0,5,0.001371,1,2,22,24,2,3,28,15,0.000000,0.011000,0.039000,0.026000,0.001768,1
_home_max_Documents_PhD_MAPF_LNS_MAPF_LNS_SAT_mapf-map_room-64-64-16_map-_home_max_Documents_PhD_MAPF_LNS_MAPF_LNS_SAT_mapf-scen-even_scen-even_room-64-64-16-even-1_scen-agents10-idx23-seed42-1783528663563,0,0,9,0.002468,1,2,29,31,3,7,121,44,0.000000,0.041000,0.123000,0.091000,0.009263,1
_home_max_Documents_PhD_MAPF_LNS_MAPF_LNS_SAT_mapf-map_room-64-64-16_map-_home_max_Documents_PhD_MAPF_LNS_MAPF_LNS_SAT_mapf-scen-even_scen-even_room-64-64-16-even-1_scen-agents10-idx23-seed42-1783528663563,0,0,7,0.001920,1,2,58,60,3,7,105,40,0.000000,0.040000,0.121000,0.087000,0.007870,1
_home_max_Documents_PhD_MAPF_LNS_MAPF_LNS_SAT_mapf-map_room-64-64-16_map-_home_max_Documents_PhD_MAPF_LNS_MAPF_LNS_SAT_mapf-scen-even_scen-even_room-64-64-16-even-1_scen-agents10-idx24-seed42-1783528663665,0,0,4,0.001097,1,2,53,55,4,7,144,61,0.000000,0.062000,0.157000,0.127000,0.011780,0
_home_max_Documents_PhD_MAPF_LNS_MAPF_LNS_SAT_mapf-map_room-64-64-16_map-_home_max_Documents_PhD_MAPF_LNS_MAPF_LNS_SAT_mapf-scen-even_scen-even_room-64-64-16-even-1_scen-agents10-idx24-seed42-1783528663665,0,1,8,0.002194,1,3,52,56,5,10,676,202,0.000000,0.253000,0.420000,0.368000,0.029797,0
_home_max_Documents_PhD_MAPF_LNS_MAPF_LNS_SAT_mapf-map_room-64-64-16_map-_home_max_Documents_PhD_MAPF_LNS_MAPF_LNS_SAT_mapf-scen-even_scen-even_room-64-64-16-even-1_scen-agents10-idx24-seed42-1783528663665,0,2,23,0.006308,1,3,50,58,4,10,1046,269,0.000000,0.369000,0.623000,0.541000,0.061034,1
_home_max_Documents_PhD_MAPF_LNS_MAPF_LNS_SAT_mapf-map_room-64-64-16_map-_home_max_Documents_PhD_MAPF_LNS_MAPF_LNS_SAT_mapf-scen-even_scen-even_room-64-64-16-even-1_scen-agents10-idx24-seed42-1783528663665,0,0,8,0.002194,1,2,61,63,1,2,13,7,0.000000,0.008000,0.030000,0.018000,0.001122,1
_home_max_Documents_PhD_MAPF_LNS_MAPF_LNS_SAT_mapf-map_room-64-64-16_map-_home_max_Documents_PhD_MAPF_LNS_MAPF_LNS_SAT_mapf-scen-even_scen-even_room-64-64-16-even-1_scen-agents10-idx25-seed42-1783528663765,0,0,12,0.003291,4,3,4,9,2,3,82,38,0.000000,0.031000,0.108000,0.086000,0.012984,1
_home_max_Documents_PhD_MAPF_LNS_MAPF_LNS_SAT_mapf-map_room-64-64-16_map-_home_max_Documents_PhD_MAPF_LNS_MAPF_LNS_SAT_mapf-scen-even_scen-even_room-64-64-16-even-1_scen-agents10-idx25-seed42-1783528663765,0,0,8,0.002194,2,3,69,71,3,7,219,75,0.000000,0.087000,0.187000,0.143000,0.015422,1
_home_max_Documents_PhD_MAPF_LNS_MAPF_LNS_SAT_mapf-map_room-64-64-16_map-_home_max_Documents_PhD_MAPF_LNS_MAPF_LNS_SAT_mapf-scen-even_scen-even_room-64-64-16-even-1_scen-agents10-idx25-seed42-1783528663765,0,0,9,0.002468,1,2,73,75,3,6,120,44,0.000000,0.045000,0.116000,0.088000,0.007379,1
_home_max_Documents_PhD_MAPF_LNS_MAPF_LNS_SAT_mapf-map_room-64-64-16_map-_home_max_Documents_PhD_MAPF_LNS_MAPF_LNS_SAT_mapf-scen-even_scen-even_room-64-64-16-even-1_scen-agents10-idx25-seed42-1783528663765,0,0,8,0.002194,2,4,76,78,3,7,219,76,0.000000,0.097000,0.190000,0.147000,0.015064,1
_home_max_Documents_PhD_MAPF_LNS_MAPF_LNS_SAT_mapf-map_room-64-64-16_map-_home_max_Documents_PhD_MAPF_LNS_MAPF_LNS_SAT_mapf-scen-even_scen-even_room-64-64-16-even-1_scen-agents10-idx25-seed42-1783528663765,0,0,5,0.001371,1,2,80,82,4,7,179,68,0.000000,0.073000,0.142000,0.117000,0.005673,0
_home_max_Documents_PhD_MAPF_LNS_MAPF_LNS_SAT_mapf-map_room-64-64-16_map-_home_max_Documents_PhD_MAPF_LNS_MAPF_LNS_SAT_mapf-scen-even_scen-even_room-64-64-16-even-1_scen-agents10-idx25-seed42-1783528663765,0,1,13,0.003566,1,2,79,83,1,2,23,12,0.000000,0.017000,0.035000,0.022000,0.001488,1
_home_max_Documents_PhD_MAPF_LNS_MAPF_LNS_SAT_mapf-map_room-64-64-16_map-_home_max_Documents_PhD_MAPF_LNS_MAPF_LNS_SAT_mapf-scen-even_scen-even_room-64-64-16-even-1_scen-agents10-idx26-seed42-1783528663865,0,0,5,0.001371,1,3,36,38,2,3,32,18,0.000000,0.022000,0.073000,0.055000,0.009322,1
_home_max_Documents_PhD_MAPF_LNS_MAPF_LNS_SAT_mapf-map_room-64-64-16_map-_home_max_Documents_PhD_MAPF_LNS_MAPF_LNS_SAT_mapf-scen-even_scen-even_room-64-64-16-even-1_scen-agents10-idx26-seed42-1783528663865,0,0,4,0.001097,1,3,56,58,4,7,167,72,0.000000,0.076000,0.135000,0.107000,0.005415,0
_home_max_Documents_PhD_MAPF_LNS_MAPF_LNS_SAT_mapf-map_room-64-64-16_map-_home_max_Documents_PhD_MAPF_LNS_MAPF_LNS_SAT_mapf-scen-even_scen-even_room-64-64-16-even-1_scen-agents10-idx26-seed42-1783528663865,0,1,9,0.002468,1,3,55,59,1,2,30,16,0.000000,0.018000,0.038000,0.023000,0.001523,1
_home_max_Documents_PhD_MAPF_LNS_MAPF_LNS_SAT_mapf-map_room-64-64-16_map-_home_max_Documents_PhD_MAPF_LNS_MAPF_LNS_SAT_mapf-scen-even_scen-even_room-64-64-16-even-1_scen-agents10-idx27-seed42-1783528663967,0,0,9,0.002468,3,2,8,12,2,3,54,25,0.000000,0.019000,0.087000,0.070000,0.009953,1
_home_max_Documents_PhD_MAPF_LNS_MAPF_LNS_SAT_mapf-map_room-64-64-16_map-_home_max_Documents_PhD_MAPF_LNS_MAPF_LNS_SAT_mapf-scen-even_scen-even_room-64-64-16-even-1_scen-agents10-idx27-seed42-1783528663967,0,0,9,0.002468,1,2,54,56,3,5,92,38,0.000000,0.036000,0.090000,0.068000,0.005535,1
_home_max_Documents_PhD_MAPF_LNS_MAPF_LNS_SAT_mapf-map_room-64-64-16_map-_home_max_Documents_PhD_MAPF_LNS_MAPF_LNS_SAT_mapf-scen-even_scen-even_room-64-64-16-even-1_scen-agents10-idx27-seed42-1783528663967,0,0,8,0.002194,1,2,65,67,1,2,13,7,0.000000,0.007000,0.027000,0.016000,0.001054,1
_home_max_Documents_PhD_MAPF_LNS_MAPF_LNS_SAT_mapf-map_room-64-64-16_map-_home_max_Documents_PhD_MAPF_LNS_MAPF_LNS_SAT_mapf-scen-even_scen-even_room-64-64-16-even-1_scen-agents10-idx27-seed42-1783528663967,0,0,8,0.002194,2,3,67,69,4,7,526,152,0.000000,0.183000,0.300000,0.270000,0.009525,0
_home_max_Documents_PhD_MAPF_LNS_MAPF_LNS_SAT_mapf-map_room-64-64-16_map-_home_max_Documents_PhD_MAPF_LNS_MAPF_LNS_SAT_mapf-scen-even_scen-even_room-64-64-16-even-1_scen-agents10-idx27-seed42-1783528663967,0,1,16,0.004388,2,3,66,70,5,10,2688,474,0.000000,0.805000,1.220000,1.166000,0.063143,0
_home_max_Documents_PhD_MAPF_LNS_MAPF_LNS_SAT_mapf-map_room-64-64-16_map-_home_max_Documents_PhD_MAPF_LNS_MAPF_LNS_SAT_mapf-scen-even_scen-even_room-64-64-16-even-1_scen-agents10-idx27-seed42-1783528663967,0,2,45,0.012342,2,3,64,72,5,17,14079,1247,0.000000,4.247000,6.243000,6.004000,0.370278,1
_home_max_Documents_PhD_MAPF_LNS_MAPF_LNS_SAT_mapf-map_room-64-64-16_map-_home_max_Documents_PhD_MAPF_LNS_MAPF_LNS_SAT_mapf-scen-even_scen-even_room-64-64-16-even-1_scen-agents10-idx27-seed42-1783528663967,0,0,8,0.002194,1,2,88,90,3,7,118,42,0.000000,0.046000,0.128000,0.094000,0.009218,1
_home_max_Documents_PhD_MAPF_LNS_MAPF_LNS_SAT_mapf-map_room-64-64-16_map-_home_max_Documents_PhD_MAPF_LNS_MAPF_LNS_SAT_mapf-scen-even_scen-even_room-64-64-16-even-1_scen-agents10-idx28-seed42-1783528664063,0,0,4,0.001097,1,3,59,61,4,7,148,65,0.000000,0.076000,0.155000,0.123000,0.012378,0
_home_max_Documents_PhD_MAPF_LNS_MAPF_LNS_SAT_mapf-map_room-64-64-16_map-_home_max_Documents_PhD_MAPF_LNS_MAPF_LNS_SAT_mapf-scen-even_scen-even_room-64-64-16-even-1_scen-agents10-idx28-seed42-1783528664063,0,1,9,0.002468,1,3,58,62,3,6,156,67,0.000000,0.078000,0.144000,0.104000,0.012804,1
_home_max_Documents_PhD_MAPF_LNS_MAPF_LNS_SAT_mapf-map_room-64-64-16_map-_home_max_Documents_PhD_MAPF_LNS_MAPF_LNS_SAT_mapf-scen-even_scen-even_room-64-64-16-even-1_scen-agents10-idx28-seed42-1783528664063,0,0,8,0.002194,2,4,61,64,4,7,351,113,0.000000,0.148000,0.232000,0.203000,0.007924,0
_home_max_Documents_PhD_MAPF_LNS_MAPF_LNS_SAT_mapf-map_room-64-64-16_map-_home_max_Documents_PhD_MAPF_LNS_MAPF_LNS_SAT_mapf-scen-even_scen-even_room-64-64-16-even-1_scen-agents10-idx28-seed42-1783528664063,0,1,16,0.004388,2,4,60,65,2,5,159,68,0.000000,0.078000,0.138000,0.101000,0.008689,1
_home_max_Documents_PhD_MAPF_LNS_MAPF_LNS_SAT_mapf-map_room-64-64-16_map-_home_max_Documents_PhD_MAPF_LNS_MAPF_LNS_SAT_mapf-scen-even_scen-even_room-64-64-16-even-1_scen-agents10-idx28-seed42-1783528664063,0,0,7,0.001920,1,2,65,67,3,7,105,40,0.000000,0.044000,0.120000,0.085000,0.008140,1
_home_max_Documents_PhD_MAPF_LNS_MAPF_LNS_SAT_mapf-map_room-64-64-16_map-_home_max_Documents_PhD_MAPF_LNS_MAPF_LNS_SAT_mapf-scen-even_scen-even_room-64-64-16-even-1_scen-agents10-idx28-seed42-1783528664063,0,0,5,0.001371,1,3,71,73,1,2,27,11,0.000000,0.013000,0.040000,0.027000,0.001915,1
_home_max_Documents_PhD_MAPF_LNS_MAPF_LNS_SAT_mapf-map_room-64-64-16_map-_home_max_Documents_PhD_MAPF_LNS_MAPF_LNS_SAT_mapf-scen-even_scen-even_room-64-64-16-even-1_scen-agents10-idx28-seed42-1783528664063,0,0,9,0.002468,1,2,87,89,3,5,92,38,0.000000,0.041000,0.092000,0.071000,0.004408,1
_home_max_Documents_PhD_MAPF_LNS_MAPF_LNS_SAT_mapf-map_room-64-64-16_map-_home_max_Documents_PhD_MAPF_LNS_MAPF_LNS_SAT_mapf-scen-even_scen-even_room-64-64-16-even-1_scen-agents10-idx28-seed42-1783528664063,0,0,5,0.001371,1,2,137,139,1,2,25,10,0.000000,0.013000,0.036000,0.024000,0.001833,1
_home_max_Documents_PhD_MAPF_LNS_MAPF_LNS_SAT_mapf-map_room-64-64-16_map-_home_max_Documents_PhD_MAPF_LNS_MAPF_LNS_SAT_mapf-scen-even_scen-even_room-64-64-16-even-1_scen-agents10-idx29-seed42-1783528664168,0,0,4,0.001097,1,2,35,37,4,7,144,61,0.000000,0.058000,0.159000,0.128000,0.012557,0
_home_max_Documents_PhD_MAPF_LNS_MAPF_LNS_SAT_mapf-map_room-64-64-16_map-_home_max_Documents_PhD_MAPF_LNS_MAPF_LNS_SAT_mapf-scen-even_scen-even_room-64-64-16-even-1_scen-agents10-idx29-seed42-1783528664168,0,1,9,0.002468,1,2,34,38,1,2,23,12,0.000000,0.010000,0.034000,0.020000,0.001413,1
_home_max_Documents_PhD_MAPF_LNS_MAPF_LNS_SAT_mapf-map_room-64-64-16_map-_home_max_Documents_PhD_MAPF_LNS_MAPF_LNS_SAT_mapf-scen-even_scen-even_room-64-64-16-even-1_scen-agents10-idx29-seed42-1783528664168,0,0,5,0.001371,1,2,58,60,1,3,26,10,0.000000,0.010000,0.045000,0.028000,0.002638,1
_home_max_Documents_PhD_MAPF_LNS_MAPF_LNS_SAT_mapf-map_room-64-64-16_map-_home_max_Documents_PhD_MAPF_LNS_MAPF_LNS_SAT_mapf-scen-even_scen-even_room-64-64-16-even-1_scen-agents10-idx29-seed42-1783528664168,0,0,5,0.001371,1,2,114,116,1,1,24,10,0.000000,0.011000,0.025000,0.020000,0.001256,1
_home_max_Documents_PhD_MAPF_LNS_MAPF_LNS_SAT_mapf-map_room-64-64-16_map-_home_max_Documents_PhD_MAPF_LNS_MAPF_LNS_SAT_mapf-scen-even_scen-even_room-64-64-16-even-1_scen-agents10-idx30-seed42-1783528664266,0,0,8,0.002194,1,2,54,56,3,7,118,42,0.000000,0.047000,0.162000,0.124000,0.018892,1
_home_max_Documents_PhD_MAPF_LNS_MAPF_LNS_SAT_mapf-map_room-64-64-16_map-_home_max_Documents_PhD_MAPF_LNS_MAPF_LNS_SAT_mapf-scen-even_scen-even_room-64-64-16-even-1_scen-agents10-idx30-seed42-1783528664266,0,0,6,0.001646,1,2,78,80,3,7,93,38,0.000000,0.039000,0.112000,0.078000,0.009229,1
_home_max_Documents_PhD_MAPF_LNS_MAPF_LNS_SAT_mapf-map_room-64-64-16_map-_home_max_Documents_PhD_MAPF_LNS_MAPF_LNS_SAT_mapf-scen-even_scen-even_room-64-64-16-even-1_scen-agents10-idx30-seed42-1783528664266,0,0,5,0.001371,1,2,82,84,1,2,25,10,0.000000,0.011000,0.037000,0.025000,0.001945,1
_home_max_Documents_PhD_MAPF_LNS_MAPF_LNS_SAT_mapf-map_room-64-64-16_map-_home_max_Documents_PhD_MAPF_LNS_MAPF_LNS_SAT_mapf-scen-even_scen-even_room-64-64-16-even-1_scen-agents10-idx32-seed42-1783528664470,0,0,9,0.002468,1,2,18,20,4,8,353,101,0.000000,0.109000,0.282000,0.239000,0.023957,1
_home_max_Documents_PhD_MAPF_LNS_MAPF_LNS_SAT_mapf-map_room-64-64-16_map-_home_max_Documents_PhD_MAPF_LNS_MAPF_LNS_SAT_mapf-scen-even_scen-even_room-64-64-16-even-1_scen-agents10-idx32-seed42-1783528664470,0,0,9,0.002468,1,2,38,40,4,8,353,101,0.000000,0.105000,0.243000,0.205000,0.016782,1
_home_max_Documents_PhD_MAPF_LNS_MAPF_LNS_SAT_mapf-map_room-64-64-16_map-_home_max_Documents_PhD_MAPF_LNS_MAPF_LNS_SAT_mapf-scen-even_scen-even_room-64-64-16-even-1_scen-agents10-idx32-seed42-1783528664470,0,0,6,0.001646,1,2,40,42,2,4,33,17,0.000000,0.014000,0.055000,0.034000,0.003545,1
_home_max_Documents_PhD_MAPF_LNS_MAPF_LNS_SAT_mapf-map_room-64-64-16_map-_home_max_Documents_PhD_MAPF_LNS_MAPF_LNS_SAT_mapf-scen-even_scen-even_room-64-64-16-even-1_scen-agents10-idx32-seed42-1783528664470,0,0,8,0.002194,2,4,75,78,3,7,156,66,0.000000,0.086000,0.157000,0.116000,0.010608,1
_home_max_Documents_PhD_MAPF_LNS_MAPF_LNS_SAT_mapf-map_room-64-64-16_map-_home_max_Documents_PhD_MAPF_LNS_MAPF_LNS_SAT_mapf-scen-even_scen-even_room-64-64-16-even-1_scen-agents10-idx33-seed42-1783528664570,0,0,8,0.002194,1,2,52,54,3,7,118,42,0.000000,0.042000,0.154000,0.116000,0.015651,1
_home_max_Documents_PhD_MAPF_LNS_MAPF_LNS_SAT_mapf-map_room-64-64-16_map-_home_max_Documents_PhD_MAPF_LNS_MAPF_LNS_SAT_mapf-scen-even_scen-even_room-64-64-16-even-1_scen-agents10-idx33-seed42-1783528664570,0,0,7,0.001920,1,2,76,78,5,12,560,172,0.000000,0.199000,0.399000,0.327000,0.036363,1
_home_max_Documents_PhD_MAPF_LNS_MAPF_LNS_SAT_mapf-map_room-64-64-16_map-_home_max_Documents_PhD_MAPF_LNS_MAPF_LNS_SAT_mapf-scen-even_scen-even_room-64-64-16-even-1_scen-agents10-idx33-seed42-1783528664570,0,0,9,0.002468,1,2,96,98,4,7,308,96,0.000000,0.131000,0.211000,0.178000,0.011061,1
_home_max_Documents_PhD_MAPF_LNS_MAPF_LNS_SAT_mapf-map_room-64-64-16_map-_home_max_Documents_PhD_MAPF_LNS_MAPF_LNS_SAT_mapf-scen-even_scen-even_room-64-64-16-even-1_scen-agents10-idx34-seed42-1783528664670,0,0,19,0.005211,8,2,6,15,2,3,133,61,0.000000,0.046000,0.141000,0.113000,0.015165,1
_home_max_Documents_PhD_MAPF_LNS_MAPF_LNS_SAT_mapf-map_room-64-64-16_map-_home_max_Documents_PhD_MAPF_LNS_MAPF_LNS_SAT_mapf-scen-even_scen-even_room-64-64-16-even-1_scen-agents10-idx34-seed42-1783528664670,0,0,8,0.002194,2,3,40,42,3,6,214,73,0.000000,0.071000,0.175000,0.137000,0.012942,1
_home_max_Documents_PhD_MAPF_LNS_MAPF_LNS_SAT_mapf-map_room-64-64-16_map-_home_max_Documents_PhD_MAPF_LNS_MAPF_LNS_SAT_mapf-scen-even_scen-even_room-64-64-16-even-1_scen-agents10-idx34-seed42-1783528664670,0,0,5,0.001371,1,2,70,72,4,7,179,68,0.000000,0.072000,0.136000,0.112000,0.005502,0
_home_max_Documents_PhD_MAPF_LNS_MAPF_LNS_SAT_mapf-map_room-64-64-16_map-_home_max_Documents_PhD_MAPF_LNS_MAPF_LNS_SAT_mapf-scen-even_scen-even_room-64-64-16-even-1_scen-agents10-idx34-seed42-1783528664670,0,1,10,0.002743,1,2,69,73,1,1,20,11,0.000000,0.011000,0.022000,0.016000,0.000781,1
_home_max_Documents_PhD_MAPF_LNS_MAPF_LNS_SAT_mapf-map_room-64-64-16_map-_home_max_Documents_PhD_MAPF_LNS_MAPF_LNS_SAT_mapf-scen-even_scen-even_room-64-64-16-even-1_scen-agents10-idx34-seed42-1783528664670,0,0,5,0.001371,1,2,90,92,4,7,179,68,0.000000,0.076000,0.139000,0.116000,0.005318,0
_home_max_Documents_PhD_MAPF_LNS_MAPF_LNS_SAT_mapf-map_room-64-64-16_map-_home_max_Documents_PhD_MAPF_LNS_MAPF_LNS_SAT_mapf-scen-even_scen-even_room-64-64-16-even-1_scen-agents10-idx34-seed42-1783528664670,0,1,13,0.003566,1,2,89,93,1,2,23,12,0.000000,0.013000,0.035000,0.021000,0.001318,1
_home_max_Documents_PhD_MAPF_LNS_MAPF_LNS_SAT_mapf-map_room-64-64-16_map-_home_max_Documents_PhD_MAPF_LNS_MAPF_LNS_SAT_mapf-scen-even_scen-even_room-64-64-16-even-1_scen-agents10-idx35-seed42-1783528664772,0,0,5,0.001371,1,2,30,32,1,1,24,10,0.000000,0.011000,0.064000,0.054000,0.009195,1
_home_max_Documents_PhD_MAPF_LNS_MAPF_LNS_SAT_mapf-map_room-64-64-16_map-_home_max_Documents_PhD_MAPF_LNS_MAPF_LNS_SAT_mapf-scen-even_scen-even_room-64-64-16-even-1_scen-agents10-idx35-seed42-1783528664772,0,0,8,0.002194,1,2,59,61,2,4,33,17,0.000000,0.017000,0.058000,0.037000,0.004208,1
_home_max_Documents_PhD_MAPF_LNS_MAPF_LNS_SAT_mapf-map_room-64-64-16_map-_home_max_Documents_PhD_MAPF_LNS_MAPF_LNS_SAT_mapf-scen-even_scen-even_room-64-64-16-even-1_scen-agents10-idx35-seed42-1783528664772,0,0,5,0.001371,1,2,65,67,4,7,180,69,0.000000,0.072000,0.139000,0.115000,0.005487,0
_home_max_Documents_PhD_MAPF_LNS_MAPF_LNS_SAT_mapf-map_room-64-64-16_map-_home_max_Documents_PhD_MAPF_LNS_MAPF_LNS_SAT_mapf-scen-even_scen-even_room-64-64-16-even-1_scen-agents10-idx35-seed42-1783528664772,0,1,10,0.002743,1,2,64,68,1,1,20,11,0.000000,0.011000,0.022000,0.016000,0.000789,1
_home_max_Documents_PhD_MAPF_LNS_MAPF_LNS_SAT_mapf-map_room-64-64-16_map-_home_max_Documents_PhD_MAPF_LNS_MAPF_LNS_SAT_mapf-scen-even_scen-even_room-64-64-16-even-1_scen-agents10-idx35-seed42-1783528664772,0,0,6,0.001646,1,2,68,70,3,5,101,43,0.000000,0.050000,0.083000,0.065000,0.001452,0
_home_max_Documents_PhD_MAPF_LNS_MAPF_LNS_SAT_mapf-map_room-64-64-16_map-_home_max_Documents_PhD_MAPF_LNS_MAPF_LNS_SAT_mapf-scen-even_scen-even_room-64-64-16-even-1_scen-agents10-idx35-seed42-1783528664772,0,1,11,0.003017,1,3,67,71,4,7,611,178,0.000000,0.219000,0.331000,0.300000,0.010804,0
_home_max_Documents_PhD_MAPF_LNS_MAPF_LNS_SAT_mapf-map_room-64-64-16_map-_home_max_Documents_PhD_MAPF_LNS_MAPF_LNS_SAT_mapf-scen-even_scen-even_room-64-64-16-even-1_scen-agents10-idx35-seed42-1783528664772,0,2,28,0.007680,1,4,65,73,1,2,60,31,0.000000,0.045000,0.059000,0.038000,0.001914,1
_home_max_Documents_PhD_MAPF_LNS_MAPF_LNS_SAT_mapf-map_room-64-64-16_map-_home_max_Documents_PhD_MAPF_LNS_MAPF_LNS_SAT_mapf-scen-even_scen-even_room-64-64-16-even-1_scen-agents10-idx35-seed42-1783528664772,0,0,5,0.001371,1,2,115,117,1,1,24,10,0.000000,0.012000,0.027000,0.021000,0.001416,1
_home_max_Documents_PhD_MAPF_LNS_MAPF_LNS_SAT_mapf-map_room-64-64-16_map-_home_max_Documents_PhD_MAPF_LNS_MAPF_LNS_SAT_mapf-scen-even_scen-even_room-64-64-16-even-1_scen-agents10-idx36-seed42-1783528664873,0,0,8,0.002194,1,2,31,33,3,5,92,38,0.000000,0.036000,0.128000,0.102000,0.011396,1
_home_max_Documents_PhD_MAPF_LNS_MAPF_LNS_SAT_mapf-map_room-64-64-16_map-_home_max_Documents_PhD_MAPF_LNS_MAPF_LNS_SAT_mapf-scen-even_scen-even_room-64-64-16-even-1_scen-agents10-idx36-seed42-1783528664873,0,0,5,0.001371,1,2,40,42,1,1,24,10,0.000000,0.010000,0.027000,0.021000,0.001737,1
_home_max_Documents_PhD_MAPF_LNS_MAPF_LNS_SAT_mapf-map_room-64-64-16_map-_home_max_Documents_PhD_MAPF_LNS_MAPF_LNS_SAT_mapf-scen-even_scen-even_room-64-64-16-even-1_scen-agents10-idx36-seed42-1783528664873,0,0,5,0.001371,1,2,43,45,2,3,28,15,0.000000,0.012000,0.039000,0.026000,0.002242,1
_home_max_Documents_PhD_MAPF_LNS_MAPF_LNS_SAT_mapf-map_room-64-64-16_map-_home_max_Documents_PhD_MAPF_LNS_MAPF_LNS_SAT_mapf-scen-even_scen-even_room-64-64-16-even-1_scen-agents10-idx36-seed42-1783528664873,0,0,5,0.001371,1,2,47,49,1,2,25,10,0.000000,0.009000,0.035000,0.023000,0.002044,1
_home_max_Documents_PhD_MAPF_LNS_MAPF_LNS_SAT_mapf-map_room-64-64-16_map-_home_max_Documents_PhD_MAPF_LNS_MAPF_LNS_SAT_mapf-scen-even_scen-even_room-64-64-16-even-1_scen-agents10-idx36-seed42-1783528664873,0,0,6,0.001646,1,2,63,65,1,1,12,7,0.000000,0.007000,0.019000,0.013000,0.000984,1
_home_max_Documents_PhD_MAPF_LNS_MAPF_LNS_SAT_mapf-map_room-64-64-16_map-_home_max_Documents_PhD_MAPF_LNS_MAPF_LNS_SAT_mapf-scen-even_scen-even_room-64-64-16-even-1_scen-agents10-idx36-seed42-1783528664873,0,0,5,0.001371,1,2,81,83,1,2,25,10,0.000000,0.010000,0.035000,0.024000,0.001865,1
_home_max_Documents_PhD_MAPF_LNS_MAPF_LNS_SAT_mapf-map_room-64-64-16_map-_home_max_Documents_PhD_MAPF_LNS_MAPF_LNS_SAT_mapf-scen-even_scen-even_room-64-64-16-even-1_scen-agents10-idx36-seed42-1783528664873,0,0,5,0.001371,1,2,87,89,1,2,25,10,0.000000,0.011000,0.035000,0.024000,0.001726,1
_home_max_Documents_PhD_MAPF_LNS_MAPF_LNS_SAT_mapf-map_room-64-64-16_map-_home_max_Documents_PhD_MAPF_LNS_MAPF_LNS_SAT_mapf-scen-even_scen-even_room-64-64-16-even-1_scen-agents10-idx36-seed42-1783528664873,0,0,5,0.001371,1,2,97,99,1,2,25,10,0.000000,0.011000,0.038000,0.027000,0.001581,1
_home_max_Documents_PhD_MAPF_LNS_MAPF_LNS_SAT_mapf-map_room-64-64-16_map-_home_max_Documents_PhD_MAPF_LNS_MAPF_LNS_SAT_mapf-scen-even_scen-even_room-64-64-16-even-1_scen-agents10-idx36-seed42-1783528664873,0,0,5,0.001371,1,2,107,109,1,1,24,10,0.000000,0.011000,0.024000,0.019000,0.001194,1
_home_max_Documents_PhD_MAPF_LNS_MAPF_LNS_SAT_mapf-map_room-64-64-16_map-_home_max_Documents_PhD_MAPF_LNS_MAPF_LNS_SAT_mapf-scen-even_scen-even_room-64-64-16-even-1_scen-agents10-idx37-seed42-1783528664973,0,0,5,0.001371,1,2,29,31,4,7,179,68,0.000000,0.066000,0.181000,0.151000,0.013690,0
_home_max_Documents_PhD_MAPF_LNS_MAPF_LNS_SAT_mapf-map_room-64-64-16_map-_home_max_Documents_PhD_MAPF_LNS_MAPF_LNS_SAT_mapf-scen-even_scen-even_room-64-64-16-even-1_scen-agents10-idx37-seed42-1783528664973,0,1,12,0.003291,1,3,28,32,1,2,26,14,0.000000,0.013000,0.039000,0.024000,0.001831,1
_home_max_Documents_PhD_MAPF_LNS_MAPF_LNS_SAT_mapf-map_room-64-64-16_map-_home_max_Documents_PhD_MAPF_LNS_MAPF_LNS_SAT_mapf-scen-even_scen-even_room-64-64-16-even-1_scen-agents10-idx37-seed42-1783528664973,0,0,5,0.001371,1,3,76,78,4,7,191,76,0.000000,0.090000,0.145000,0.118000,0.005674,0
_home_max_Documents_PhD_MAPF_LNS_MAPF_LNS_SAT_mapf-map_room-64-64-16_map-_home_max_Documents_PhD_MAPF_LNS_MAPF_LNS_SAT_mapf-scen-even_scen-even_room-64-64-16-even-1_scen-agents10-idx37-seed42-1783528664973,0,1,13,0.003566,1,3,75,79,3,6,205,77,0.000000,0.101000,0.165000,0.131000,0.015240,1
_home_max_Documents_PhD_MAPF_LNS_MAPF_LNS_SAT_mapf-map_room-64-64-16_map-_home_max_Documents_PhD_MAPF_LNS_MAPF_LNS_SAT_mapf-scen-even_scen-even_room-64-64-16-even-1_scen-agents10-idx38-seed42-1783528665074,0,0,5,0.001371,1,2,31,33,1,1,24,10,0.000000,0.011000,0.055000,0.046000,0.007507,1
_home_max_Documents_PhD_MAPF_LNS_MAPF_LNS_SAT_mapf-map_room-64-64-16_map-_home_max_Documents_PhD_MAPF_LNS_MAPF_LNS_SAT_mapf-scen-even_scen-even_room-64-64-16-even-1_scen-agents10-idx39-seed42-1783528665174,0,0,4,0.001097,1,2,59,61,4,7,144,61,0.000000,0.070000,0.190000,0.149000,0.016588,0
_home_max_Documents_PhD_MAPF_LNS_MAPF_LNS_SAT_mapf-map_room-64-64-16_map-_home_max_Documents_PhD_MAPF_LNS_MAPF_LNS_SAT_mapf-scen-even_scen-even_room-64-64-16-even-1_scen-agents10-idx39-seed42-1783528665174,0,1,9,0.002468,1,2,58,62,3,6,138,56,0.000000,0.065000,0.180000,0.131000,0.018268,1
_home_max_Documents_PhD_MAPF_LNS_MAPF_LNS_SAT_mapf-map_room-64-64-16_map-_home_max_Documents_PhD_MAPF_LNS_MAPF_LNS_SAT_mapf-scen-even_scen-even_room-64-64-16-even-1_scen-agents10-idx39-seed42-1783528665174,0,0,5,0.001371,1,2,89,91,1,1,24,10,0.000000,0.020000,0.035000,0.026000,0.002210,1
_home_max_Documents_PhD_MAPF_LNS_MAPF_LNS_SAT_mapf-map_room-64-64-16_map-_home_max_Documents_PhD_MAPF_LNS_MAPF_LNS_SAT_mapf-scen-even_scen-even_room-64-64-16-even-1_scen-agents10-idx39-seed42-1783528665174,0,0,5,0.001371,1,2,125,127,1,3,26,10,0.000000,0.016000,0.062000,0.038000,0.003005,1
_home_max_Documents_PhD_MAPF_LNS_MAPF_LNS_SAT_mapf-map_room-64-64-16_map-_home_max_Documents_PhD_MAPF_LNS_MAPF_LNS_SAT_mapf-scen-even_scen-even_room-64-64-16-even-2_scen-agents10-idx0-seed42-1783528665275,0,0,8,0.002194,1,2,38,40,3,7,118,42,0.000000,0.043000,0.170000,0.129000,0.018968,1
_home_max_Documents_PhD_MAPF_LNS_MAPF_LNS_SAT_mapf-map_room-64-64-16_map-_home_max_Documents_PhD_MAPF_LNS_MAPF_LNS_SAT_mapf-scen-even_scen-even_room-64-64-16-even-2_scen-agents10-idx0-seed42-1783528665275,0,0,9,0.002468,1,2,45,47,3,6,120,44,0.000000,0.045000,0.115000,0.087000,0.007680,1
_home_max_Documents_PhD_MAPF_LNS_MAPF_LNS_SAT_mapf-map_room-64-64-16_map-_home_max_Documents_PhD_MAPF_LNS_MAPF_LNS_SAT_mapf-scen-even_scen-even_room-64-64-16-even-2_scen-agents10-idx0-seed42-1783528665275,0,0,5,0.001371,1,2,77,79,2,3,28,15,0.000000,0.015000,0.043000,0.030000,0.001697,1
_home_max_Documents_PhD_MAPF_LNS_MAPF_LNS_SAT_mapf-map_room-64-64-16_map-_home_max_Documents_PhD_MAPF_LNS_MAPF_LNS_SAT_mapf-scen-even_scen-even_room-64-64-16-even-2_scen-agents10-idx0-seed42-1783528665275,0,0,9,0.002468,1,2,83,85,4,8,356,103,0.000000,0.125000,0.243000,0.203000,0.016864,1
_home_max_Documents_PhD_MAPF_LNS_MAPF_LNS_SAT_mapf-map_room-64-64-16_map-_home_max_Documents_PhD_MAPF_LNS_MAPF_LNS_SAT_mapf-scen-even_scen-even_room-64-64-16-even-2_scen-agents10-idx0-seed42-1783528665275,0,0,8,0.002194,1,3,92,94,3,7,127,48,0.000000,0.065000,0.133000,0.095000,0.009092,1
_home_max_Documents_PhD_MAPF_LNS_MAPF_LNS_SAT_mapf-map_room-64-64-16_map-_home_max_Documents_PhD_MAPF_LNS_MAPF_LNS_SAT_mapf-scen-even_scen-even_room-64-64-16-even-2_scen-agents10-idx0-seed42-1783528665275,0,0,5,0.001371,1,2,111,113,1,2,25,10,0.000000,0.012000,0.039000,0.026000,0.002222,1
_home_max_Documents_PhD_MAPF_LNS_MAPF_LNS_SAT_mapf-map_room-64-64-16_map-_home_max_Documents_PhD_MAPF_LNS_MAPF_LNS_SAT_mapf-scen-even_scen-even_room-64-64-16-even-2_scen-agents10-idx0-seed42-1783528665275,0,0,5,0.001371,1,2,132,134,1,2,25,10,0.000000,0.013000,0.036000,0.024000,0.001668,1
_home_max_Documents_PhD_MAPF_LNS_MAPF_LNS_SAT_mapf-map_room-64-64-16_map-_home_max_Documents_PhD_MAPF_LNS_MAPF_LNS_SAT_mapf-scen-even_scen-even_room-64-64-16-even-2_scen-agents10-idx0-seed42-1783528665275,0,0,5,0.001371,1,2,135,137,1,2,25,10,0.000000,0.013000,0.034000,0.024000,0.001659,1
_home_max_Documents_PhD_MAPF_LNS_MAPF_LNS_SAT_mapf-map_room-64-64-16_map-_home_max_Documents_PhD_MAPF_LNS_MAPF_LNS_SAT_mapf-scen-even_scen-even_room-64-64-16-even-2_scen-agents10-idx0-seed42-1783528665275,0,0,5,0.001371,1,2,139,141,1,2,25,10,0.000000,0.013000,0.034000,0.023000,0.001506,1
_home_max_Documents_PhD_MAPF_LNS_MAPF_LNS_SAT_mapf-map_room-64-64-16_map-_home_max_Documents_PhD_MAPF_LNS_MAPF_LNS_SAT_mapf-scen-even_scen-even_room-64-64-16-even-2_scen-agents10-idx1-seed42-1783528665374,0,0,4,0.001097,1,2,62,64,4,7,144,61,0.000000,0.061000,0.156000,0.121000,0.011846,0
_home_max_Documents_PhD_MAPF_LNS_MAPF_LNS_SAT_mapf-map_room-64-64-16_map-_home_max_Documents_PhD_MAPF_LNS_MAPF_LNS_SAT_mapf-scen-even_scen-even_room-64-64-16-even-2_scen-agents10-idx1-seed42-1783528665374,0,1,11,0.003017,1,2,61,65,1,1,22,12,0.000000,0.011000,0.023000,0.017000,0.001225,1
_home_max_Documents_PhD_MAPF_LNS_MAPF_LNS_SAT_mapf-map_room-64-64-16_map-_home_max_Documents_PhD_MAPF_LNS_MAPF_LNS_SAT_mapf-scen-even_scen-even_room-64-64-16-even-2_scen-agents10-idx1-seed42-1783528665374,0,0,9,0.002468,1,2,68,70,3,7,94,38,0.000000,0.039000,0.113000,0.079000,0.008423,1
_home_max_Documents_PhD_MAPF_LNS_MAPF_LNS_SAT_mapf-map_room-64-64-16_map-_home_max_Documents_PhD_MAPF_LNS_MAPF_LNS_SAT_mapf-scen-even_scen-even_room-64-64-16-even-2_scen-agents10-idx1-seed42-1783528665374,0,0,8,0.002194,1,2,74,76,1,1,12,7,0.000000,0.008000,0.019000,0.013000,0.000945,1
_home_max_Documents_PhD_MAPF_LNS_MAPF_LNS_SAT_mapf-map_room-64-64-16_map-_home_max_Documents_PhD_MAPF_LNS_MAPF_LNS_SAT_mapf-scen-even_scen-even_room-64-64-16-even-2_scen-agents10-idx1-seed42-1783528665374,0,0,9,0.002468,1,2,84,86,3,7,94,38,0.000000,0.040000,0.110000,0.079000,0.007933,1
_home_max_Documents_PhD_MAPF_LNS_MAPF_LNS_SAT_mapf-map_room-64-64-16_map-_home_max_Documents_PhD_MAPF_LNS_MAPF_LNS_SAT_mapf-scen-even_scen-even_room-64-64-16-even-2_scen-agents10-idx1-seed42-1783528665374,0,0,5,0.001371,1,2,96,98,1,3,26,10,0.000000,0.011000,0.045000,0.028000,0.002497,1
_home_max_Documents_PhD_MAPF_LNS_MAPF_LNS_SAT_mapf-map_room-64-64-16_map-_home_max_Documents_PhD_MAPF_LNS_MAPF_LNS_SAT_mapf-scen-even_scen-even_room-64-64-16-even-2_scen-agents10-idx3-seed42-1783528665577,0,0,5,0.001371,1,2,21,23,4,7,179,68,0.000000,0.064000,0.174000,0.143000,0.012899,0
_home_max_Documents_PhD_MAPF_LNS_MAPF_LNS_SAT_mapf-map_room-64-64-16_map-_home_max_Documents_PhD_MAPF_LNS_MAPF_LNS_SAT_mapf-scen-even_scen-even_room-64-64-16-even-2_scen-agents10-idx3-seed42-1783528665577,0,1,11,0.003017,1,2,20,24,3,6,154,58,0.000000,0.052000,0.142000,0.109000,0.014158,1
_home_max_Documents_PhD_MAPF_LNS_MAPF_LNS_SAT_mapf-map_room-64-64-16_map-_home_max_Documents_PhD_MAPF_LNS_MAPF_LNS_SAT_mapf-scen-even_scen-even_room-64-64-16-even-2_scen-agents10-idx4-seed42-1783528665678,0,0,5,0.001371,1,2,91,93,1,2,25,10,0.000000,0.014000,0.073000,0.057000,0.010109,1
_home_max_Documents_PhD_MAPF_LNS_MAPF_LNS_SAT_mapf-map_room-64-64-16_map-_home_max_Documents_PhD_MAPF_LNS_MAPF_LNS_SAT_mapf-scen-even_scen-even_room-64-64-16-even-2_scen-agents10-idx4-seed42-1783528665678,0,0,5,0.001371,1,2,109,111,1,2,25,10,0.000000,0.012000,0.037000,0.025000,0.001910,1
_home_max_Documents_PhD_MAPF_LNS_MAPF_LNS_SAT_mapf-map_room-64-64-16_map-_home_max_Documents_PhD_MAPF_LNS_MAPF_LNS_SAT_mapf-scen-even_scen-even_room-64-64-16-even-2_scen-agents10-idx4-seed42-1783528665678,0,0,5,0.001371,1,2,120,122,1,2,25,10,0.000000,0.012000,0.034000,0.023000,0.001564,1
_home_max_Documents_PhD_MAPF_LNS_MAPF_LNS_SAT_mapf-map_room-64-64-16_map-_home_max_Documents_PhD_MAPF_LNS_MAPF_LNS_SAT_mapf-scen-even_scen-even_room-64-64-16-even-2_scen-agents10-idx5-seed42-1783528665779,0,0,5,0.001371,1,2,43,45,4,7,179,68,0.000000,0.068000,0.167000,0.137000,0.012909,0
_home_max_Documents_PhD_MAPF_LNS_MAPF_LNS_SAT_mapf-map_room-64-64-16_map-_home_max_Documents_PhD_MAPF_LNS_MAPF_LNS_SAT_mapf-scen-even_scen-even_room-64-64-16-even-2_scen-agents10-idx5-seed42-1783528665779,0,1,13,0.003566,1,2,42,46,3,6,178,62,0.000000,0.061000,0.152000,0.119000,0.015484,1
_home_max_Documents_PhD_MAPF_LNS_MAPF_LNS_SAT_mapf-map_room-64-64-16_map-_home_max_Documents_PhD_MAPF_LNS_MAPF_LNS_SAT_mapf-scen-even_scen-even_room-64-64-16-even-2_scen-agents10-idx5-seed42-1783528665779,0,0,9,0.002468,1,2,73,75,3,7,121,44,0.000000,0.046000,0.128000,0.093000,0.010009,1
_home_max_Documents_PhD_MAPF_LNS_MAPF_LNS_SAT_mapf-map_room-64-64-16_map-_home_max_Documents_PhD_MAPF_LNS_MAPF_LNS_SAT_mapf-scen-even_scen-even_room-64-64-16-even-2_scen-agents10-idx6-seed42-1783528665880,0,0,9,0.002468,1,2,50,52,3,7,97,40,0.000000,0.043000,0.151000,0.108000,0.015527,1
_home_max_Documents_PhD_MAPF_LNS_MAPF_LNS_SAT_mapf-map_room-64-64-16_map-_home_max_Documents_PhD_MAPF_LNS_MAPF_LNS_SAT_mapf-scen-even_scen-even_room-64-64-16-even-2_scen-agents10-idx6-seed42-1783528665880,0,0,9,0.002468,1,2,54,56,4,8,353,101,0.000000,0.107000,0.244000,0.205000,0.017259,1
_home_max_Documents_PhD_MAPF_LNS_MAPF_LNS_SAT_mapf-map_room-64-64-16_map-_home_max_Documents_PhD_MAPF_LNS_MAPF_LNS_SAT_mapf-scen-even_scen-even_room-64-64-16-even-2_scen-agents10-idx6-seed42-1783528665880,0,0,9,0.002468,2,3,71,74,4,9,407,124,0.000000,0.149000,0.291000,0.235000,0.020932,1
_home_max_Documents_PhD_MAPF_LNS_MAPF_LNS_SAT_mapf-map_room-64-64-16_map-_home_max_Documents_PhD_MAPF_LNS_MAPF_LNS_SAT_mapf-scen-even_scen-even_room-64-64-16-even-2_scen-agents10-idx6-seed42-1783528665880,0,0,8,0.002194,1,2,81,83,3,7,118,42,0.000000,0.045000,0.124000,0.091000,0.008581,1
_home_max_Documents_PhD_MAPF_LNS_MAPF_LNS_SAT_mapf-map_room-64-64-16_map-_home_max_Documents_PhD_MAPF_LNS_MAPF_LNS_SAT_mapf-scen-even_scen-even_room-64-64-16-even-2_scen-agents10-idx6-seed42-1783528665880,0,0,8,0.002194,1,2,84,86,3,7,118,42,0.000000,0.044000,0.118000,0.086000,0.008412,1
_home_max_Documents_PhD_MAPF_LNS_MAPF_LNS_SAT_mapf-map_room-64-64-16_map-_home_max_Documents_PhD_MAPF_LNS_MAPF_LNS_SAT_mapf-scen-even_scen-even_room-64-64-16-even-2_scen-agents10-idx6-seed42-1783528665880,0,0,5,0.001371,1,2,117,119,1,2,25,10,0.000000,0.017000,0.060000,0.038000,0.002179,1
_home_max_Documents_PhD_MAPF_LNS_MAPF_LNS_SAT_mapf-map_room-64-64-16_map-_home_max_Documents_PhD_MAPF_LNS_MAPF_LNS_SAT_mapf-scen-even_scen-even_room-64-64-16-even-2_scen-agents10-idx6-seed42-1783528665880,0,0,5,0.001371,1,2,127,129,1,1,24,10,0.000000,0.012000,0.023000,0.018000,0.001121,1
_home_max_Documents_PhD_MAPF_LNS_MAPF_LNS_SAT_mapf-map_room-64-64-16_map-_home_max_Documents_PhD_MAPF_LNS_MAPF_LNS_SAT_mapf-scen-even_scen-even_room-64-64-16-even-2_scen-agents10-idx7-seed42-1783528665979,0,0,9,0.002468,3,3,7,11,2,3,62,30,0.000000,0.025000,0.096000,0.071000,0.011121,1
_home_max_Documents_PhD_MAPF_LNS_MAPF_LNS_SAT_mapf-map_room-64-64-16_map-_home_max_Documents_PhD_MAPF_LNS_MAPF_LNS_SAT_mapf-scen-even_scen-even_room-64-64-16-even-2_scen-agents10-idx7-seed42-1783528665979,0,0,5,0.001371,1,2,15,17,2,3,28,15,0.000000,0.011000,0.039000,0.026000,0.001626,1
_home_max_Documents_PhD_MAPF_LNS_MAPF_LNS_SAT_mapf-map_room-64-64-16_map-_home_max_Documents_PhD_MAPF_LNS_MAPF_LNS_SAT_mapf-scen-even_scen-even_room-64-64-16-even-2_scen-agents10-idx7-seed42-1783528665979,0,0,5,0.001371,1,2,96,98,1,1,24,10,0.000000,0.011000,0.025000,0.020000,0.001950,1
_home_max_Documents_PhD_MAPF_LNS_MAPF_LNS_SAT_mapf-map_room-64-64-16_map-_home_max_Documents_PhD_MAPF_LNS_MAPF_LNS_SAT_mapf-scen-even_scen-even_room-64-64-16-even-2_scen-agents10-idx8-seed42-1783528666082,0,0,5,0.001371,1,2,30,32,1,1,24,10,0.000000,0.011000,0.059000,0.050000,0.008609,1
_home_max_Documents_PhD_MAPF_LNS_MAPF_LNS_SAT_mapf-map_room-64-64-16_map-_home_max_Documents_PhD_MAPF_LNS_MAPF_LNS_SAT_mapf-scen-even_scen-even_room-64-64-16-even-2_scen-agents10-idx8-seed42-1783528666082,0,0,5,0.001371,1,2,55,57,2,3,28,15,0.000000,0.015000,0.045000,0.030000,0.002535,1
_home_max_Documents_PhD_MAPF_LNS_MAPF_LNS_SAT_mapf-map_room-64-64-16_map-_home_max_Documents_PhD_MAPF_LNS_MAPF_LNS_SAT_mapf-scen-even_scen-even_room-64-64-16-even-2_scen-agents10-idx8-seed42-1783528666082,0,0,7,0.001920,1,2,75,77,3,6,98,40,0.000000,0.039000,0.108000,0.078000,0.006508,1
_home_max_Documents_PhD_MAPF_LNS_MAPF_LNS_SAT_mapf-map_room-64-64-16_map-_home_max_Documents_PhD_MAPF_LNS_MAPF_LNS_SAT_mapf-scen-even_scen-even_room-64-64-16-even-2_scen-agents10-idx8-seed42-1783528666082,0,0,5,0.001371,1,2,129,131,1,1,24,10,0.000000,0.012000,0.026000,0.020000,0.001593,1
_home_max_Documents_PhD_MAPF_LNS_MAPF_LNS_SAT_mapf-map_room-64-64-16_map-_home_max_Documents_PhD_MAPF_LNS_MAPF_LNS_SAT_mapf-scen-even_scen-even_room-64-64-16-even-2_scen-agents10-idx9-seed42-1783528666182,0,0,35,0.009600,12,3,19,32,2,3,232,108,0.000000,0.114000,0.189000,0.157000,0.015516,1
_home_max_Documents_PhD_MAPF_LNS_MAPF_LNS_SAT_mapf-map_room-64-64-16_map-_home_max_Documents_PhD_MAPF_LNS_MAPF_LNS_SAT_mapf-scen-even_scen-even_room-64-64-16-even-2_scen-agents10-idx9-seed42-1783528666182,0,0,8,0.002194,1,2,33,35,1,1,14,8,0.000000,0.008000,0.023000,0.017000,0.001236,1
_home_max_Documents_PhD_MAPF_LNS_MAPF_LNS_SAT_mapf-map_room-64-64-16_map-_home_max_Documents_PhD_MAPF_LNS_MAPF_LNS_SAT_mapf-scen-even_scen-even_room-64-64-16-even-2_scen-agents10-idx9-seed42-1783528666182,0,0,4,0.001097,1,3,72,74,1,1,20,10,0.000000,0.012000,0.025000,0.019000,0.001401,1
_home_max_Documents_PhD_MAPF_LNS_MAPF_LNS_SAT_mapf-map_room-64-64-16_map-_home_max_Documents_PhD_MAPF_LNS_MAPF_LNS_SAT_mapf-scen-even_scen-even_room-64-64-16-even-2_scen-agents10-idx9-seed42-1783528666182,0,0,8,0.002194,1,2,89,91,2,4,33,17,0.000000,0.019000,0.055000,0.033000,0.003703,1
_home_max_Documents_PhD_MAPF_LNS_MAPF_LNS_SAT_mapf-map_room-64-64-16_map-_home_max_Documents_PhD_MAPF_LNS_MAPF_LNS_SAT_mapf-scen-even_scen-even_room-64-64-16-even-2_scen-agents10-idx10-seed42-1783528666284,0,0,5,0.001371,1,2,59,61,2,3,28,15,0.000000,0.018000,0.088000,0.068000,0.011378,1
_home_max_Documents_PhD_MAPF_LNS_MAPF_LNS_SAT_mapf-map_room-64-64-16_map-_home_max_Documents_PhD_MAPF_LNS_MAPF_LNS_SAT_mapf-scen-even_scen-even_room-64-64-16-even-2_scen-agents10-idx10-seed42-1783528666284,0,0,4,0.001097,1,2,63,65,1,4,22,9,0.000000,0.010000,0.053000,0.031000,0.003289,1
_home_max_Documents_PhD_MAPF_LNS_MAPF_LNS_SAT_mapf-map_room-64-64-16_map-_home_max_Documents_PhD_MAPF_LNS_MAPF_LNS_SAT_mapf-scen-even_scen-even_room-64-64-16-even-2_scen-agents10-idx10-seed42-1783528666284,0,0,5,0.001371,1,2,78,80,4,7,179,68,0.000000,0.075000,0.147000,0.115000,0.006528,0
_home_max_Documents_PhD_MAPF_LNS_MAPF_LNS_SAT_mapf-map_room-64-64-16_map-_home_max_Documents_PhD_MAPF_LNS_MAPF_LNS_SAT_mapf-scen-even_scen-even_room-64-64-16-even-2_scen-agents10-idx10-seed42-1783528666284,0,1,13,0.003566,1,2,77,81,3,6,178,62,0.000000,0.071000,0.159000,0.128000,0.014447,1
_home_max_Documents_PhD_MAPF_LNS_MAPF_LNS_SAT_mapf-map_room-64-64-16_map-_home_max_Documents_PhD_MAPF_LNS_MAPF_LNS_SAT_mapf-scen-even_scen-even_room-64-64-16-even-2_scen-agents10-idx11-seed42-1783528666377,0,0,5,0.001371,1,2,55,57,4,7,179,68,0.000000,0.072000,0.173000,0.143000,0.011983,0
_home_max_Documents_PhD_MAPF_LNS_MAPF_LNS_SAT_mapf-map_room-64-64-16_map-_home_max_Documents_PhD_MAPF_LNS_MAPF_LNS_SAT_mapf-scen-even_scen-even_room-64-64-16-even-2_scen-agents10-idx11-seed42-1783528666377,0,1,13,0.003566,1,2,54,58,1,1,20,11,0.000000,0.011000,0.029000,0.020000,0.001926,1
_home_max_Documents_PhD_MAPF_LNS_MAPF_LNS_SAT_mapf-map_room-64-64-16_map-_home_max_Documents_PhD_MAPF_LNS_MAPF_LNS_SAT_mapf-scen-even_scen-even_room-64-64-16-even-2_scen-agents10-idx11-seed42-1783528666377,0,0,7,0.001920,1,3,62,64,4,9,263,91,0.000000,0.098000,0.219000,0.173000,0.017186,1
_home_max_Documents_PhD_MAPF_LNS_MAPF_LNS_SAT_mapf-map_room-64-64-16_map-_home_max_Documents_PhD_MAPF_LNS_MAPF_LNS_SAT_mapf-scen-even_scen-even_room-64-64-16-even-2_scen-agents10-idx12-seed42-1783528666486,0,0,19,0.005211,6,3,5,12,2,3,130,61,0.000000,0.048000,0.132000,0.106000,0.013542,1
_home_max_Documents_PhD_MAPF_LNS_MAPF_LNS_SAT_mapf-map_room-64-64-16_map-_home_max_Documents_PhD_MAPF_LNS_MAPF_LNS_SAT_mapf-scen-even_scen-even_room-64-64-16-even-2_scen-agents10-idx12-seed42-1783528666486,0,0,5,0.001371,1,2,35,37,4,7,179,68,0.000000,0.065000,0.149000,0.122000,0.006756,0
_home_max_Documents_PhD_MAPF_LNS_MAPF_LNS_SAT_mapf-map_room-64-64-16_map-_home_max_Documents_PhD_MAPF_LNS_MAPF_LNS_SAT_mapf-scen-even_scen-even_room-64-64-16-even-2_scen-agents10-idx12-seed42-1783528666486,0,1,13,0.003566,1,2,34,38,3,6,178,62,0.000000,0.063000,0.152000,0.122000,0.014516,1
_home_max_Documents_PhD_MAPF_LNS_MAPF_LNS_SAT_mapf-map_room-64-64-16_map-_home_max_Documents_PhD_MAPF_LNS_MAPF_LNS_SAT_mapf-scen-even_scen-even_room-64-64-16-even-2_scen-agents10-idx12-seed42-1783528666486,0,0,5,0.001371,1,2,43,45,4,7,179,68,0.000000,0.062000,0.141000,0.118000,0.005552,0
_home_max_Documents_PhD_MAPF_LNS_MAPF_LNS_SAT_mapf-map_room-64-64-16_map-_home_max_Documents_PhD_MAPF_LNS_MAPF_LNS_SAT_mapf-scen-even_scen-even_room-64-64-16-even-2_scen-agents10-idx12-seed42-1783528666486,0,1,13,0.003566,1,2,42,46,1,2,23,12,0.000000,0.010000,0.035000,0.022000,0.001206,1
_home_max_Documents_PhD_MAPF_LNS_MAPF_LNS_SAT_mapf-map_room-64-64-16_map-_home_max_Documents_PhD_MAPF_LNS_MAPF_LNS_SAT_mapf-scen-even_scen-even_room-64-64-16-even-2_scen-agents10-idx13-seed42-1783528666584,0,0,7,0.001920,1,2,16,18,1,1,12,7,0.000000,0.008000,0.051000,0.042000,0.009443,1
_home_max_Documents_PhD_MAPF_LNS_MAPF_LNS_SAT_mapf-map_room-64-64-16_map-_home_max_Documents_PhD_MAPF_LNS_MAPF_LNS_SAT_mapf-scen-even_scen-even_room-64-64-16-even-2_scen-agents10-idx13-seed42-1783528666584,0,0,8,0.002194,1,2,38,40,3,7,118,42,0.000000,0.039000,0.126000,0.091000,0.009935,1
_home_max_Documents_PhD_MAPF_LNS_MAPF_LNS_SAT_mapf-map_room-64-64-16_map-_home_max_Documents_PhD_MAPF_LNS_MAPF_LNS_SAT_mapf-scen-even_scen-even_room-64-64-16-even-2_scen-agents10-idx13-seed42-1783528666584,0,0,5,0.001371,1,2,43,45,4,7,179,68,0.000000,0.067000,0.136000,0.112000,0.005659,0
_home_max_Documents_PhD_MAPF_LNS_MAPF_LNS_SAT_mapf-map_room-64-64-16_map-_home_max_Documents_PhD_MAPF_LNS_MAPF_LNS_SAT_mapf-scen-even_scen-even_room-64-64-16-even-2_scen-agents10-idx13-seed42-1783528666584,0,1,13,0.003566,1,2,42,46,3,6,178,62,0.000000,0.063000,0.149000,0.115000,0.013669,1
_home_max_Documents_PhD_MAPF_LNS_MAPF_LNS_SAT_mapf-map_room-64-64-16_map-_home_max_Documents_PhD_MAPF_LNS_MAPF_LNS_SAT_mapf-scen-even_scen-even_room-64-64-16-even-2_scen-agents10-idx14-seed42-1783528666684,0,0,8,0.002194,1,2,25,27,3,7,121,44,0.000000,0.046000,0.167000,0.124000,0.017320,1
_home_max_Documents_PhD_MAPF_LNS_MAPF_LNS_SAT_mapf-map_room-64-64-16_map-_home_max_Documents_PhD_MAPF_LNS_MAPF_LNS_SAT_mapf-scen-even_scen-even_room-64-64-16-even-2_scen-agents10-idx14-seed42-1783528666684,0,0,8,0.002194,1,3,27,29,1,1,13,8,0.000000,0.008000,0.022000,0.015000,0.001106,1
_home_max_Documents_PhD_MAPF_LNS_MAPF_LNS_SAT_mapf-map_room-64-64-16_map-_home_max_Documents_PhD_MAPF_LNS_MAPF_LNS_SAT_mapf-scen-even_scen-even_room-64-64-16-even-2_scen-agents10-idx14-seed42-1783528666684,0,0,6,0.001646,1,2,61,63,2,3,32,17,0.000000,0.015000,0.044000,0.030000,0.001947,1
_home_max_Documents_PhD_MAPF_LNS_MAPF_LNS_SAT_mapf-map_room-64-64-16_map-_home_max_Documents_PhD_MAPF_LNS_MAPF_LNS_SAT_mapf-scen-even_scen-even_room-64-64-16-even-2_scen-agents10-idx15-seed42-1783528666785,0,0,4,0.001097,1,2,15,17,4,7,144,61,0.000000,0.053000,0.162000,0.131000,0.013760,0
_home_max_Documents_PhD_MAPF_LNS_MAPF_LNS_SAT_mapf-map_room-64-64-16_map-_home_max_Documents_PhD_MAPF_LNS_MAPF_LNS_SAT_mapf-scen-even_scen-even_room-64-64-16-even-2_scen-agents10-idx15-seed42-1783528666785,0,1,9,0.002468,1,2,14,18,5,10,787,208,0.000000,0.242000,0.454000,0.409000,0.028421,0
_home_max_Documents_PhD_MAPF_LNS_MAPF_LNS_SAT_mapf-map_room-64-64-16_map-_home_max_Documents_PhD_MAPF_LNS_MAPF_LNS_SAT_mapf-scen-even_scen-even_room-64-64-16-even-2_scen-agents10-idx15-seed42-1783528666785,0,2,24,0.006583,1,2,12,20,4,8,1370,270,0.000000,0.366000,0.678000,0.621000,0.039716,1
_home_max_Documents_PhD_MAPF_LNS_MAPF_LNS_SAT_mapf-map_room-64-64-16_map-_home_max_Documents_PhD_MAPF_LNS_MAPF_LNS_SAT_mapf-scen-even_scen-even_room-64-64-16-even-2_scen-agents10-idx15-seed42-1783528666785,0,0,5,0.001371,1,2,54,56,2,3,28,15,0.000000,0.014000,0.046000,0.031000,0.002670,1
_home_max_Documents_PhD_MAPF_LNS_MAPF_LNS_SAT_mapf-map_room-64-64-16_map-_home_max_Documents_PhD_MAPF_LNS_MAPF_LNS_SAT_mapf-scen-even_scen-even_room-64-64-16-even-2_scen-agents10-idx15-seed42-1783528666785,0,0,9,0.002468,2,3,71,74,4,11,714,201,0.000000,0.225000,0.472000,0.397000,0.047573,1
_home_max_Documents_PhD_MAPF_LNS_MAPF_LNS_SAT_mapf-map_room-64-64-16_map-_home_max_Documents_PhD_MAPF_LNS_MAPF_LNS_SAT_mapf-scen-even_scen-even_room-64-64-16-even-2_scen-agents10-idx15-seed42-1783528666785,0,0,9,0.002468,1,2,114,116,3,9,168,50,0.000000,0.061000,0.166000,0.123000,0.015168,1
_home_max_Documents_PhD_MAPF_LNS_MAPF_LNS_SAT_mapf-map_room-64-64-16_map-_home_max_Documents_PhD_MAPF_LNS_MAPF_LNS_SAT_mapf-scen-even_scen-even_room-64-64-16-even-2_scen-agents10-idx15-seed42-1783528666785,0,0,8,0.002194,1,2,148,150,3,9,150,48,0.000000,0.062000,0.157000,0.114000,0.013985,1
_home_max_Documents_PhD_MAPF_LNS_MAPF_LNS_SAT_mapf-map_room-64-64-16_map-_home_max_Documents_PhD_MAPF_LNS_MAPF_LNS_SAT_mapf-scen-even_scen-even_room-64-64-16-even-2_scen-agents10-idx15-seed42-1783528666785,0,0,4,0.001097,1,2,159,161,1,4,22,9,0.000000,0.013000,0.047000,0.028000,0.002108,1
_home_max_Documents_PhD_MAPF_LNS_MAPF_LNS_SAT_mapf-map_room-64-64-16_map-_home_max_Documents_PhD_MAPF_LNS_MAPF_LNS_SAT_mapf-scen-even_scen-even_room-64-64-16-even-2_scen-agents10-idx16-seed42-1783528666882,0,0,9,0.002468,3,2,17,21,2,3,54,25,0.000000,0.020000,0.098000,0.077000,0.011512,1
_home_max_Documents_PhD_MAPF_LNS_MAPF_LNS_SAT_mapf-map_room-64-64-16_map-_home_max_Documents_PhD_MAPF_LNS_MAPF_LNS_SAT_mapf-scen-even_scen-even_room-64-64-16-even-2_scen-agents10-idx16-seed42-1783528666882,0,0,9,0.002468,1,2,49,51,3,7,94,38,0.000000,0.035000,0.114000,0.080000,0.009288,1
_home_max_Documents_PhD_MAPF_LNS_MAPF_LNS_SAT_mapf-map_room-64-64-16_map-_home_max_Documents_PhD_MAPF_LNS_MAPF_LNS_SAT_mapf-scen-even_scen-even_room-64-64-16-even-2_scen-agents10-idx16-seed42-1783528666882,0,0,9,0.002468,2,3,68,70,4,13,638,176,0.000000,0.214000,0.493000,0.395000,0.070670,1
_home_max_Documents_PhD_MAPF_LNS_MAPF_LNS_SAT_mapf-map_room-64-64-16_map-_home_max_Documents_PhD_MAPF_LNS_MAPF_LNS_SAT_mapf-scen-even_scen-even_room-64-64-16-even-2_scen-agents10-idx16-seed42-1783528666882,0,0,5,0.001371,1,3,72,74,4,7,183,72,0.000000,0.086000,0.151000,0.124000,0.005683,0
_home_max_Documents_PhD_MAPF_LNS_MAPF_LNS_SAT_mapf-map_room-64-64-16_map-_home_max_Documents_PhD_MAPF_LNS_MAPF_LNS_SAT_mapf-scen-even_scen-even_room-64-64-16-even-2_scen-agents10-idx16-seed42-1783528666882,0,1,13,0.003566,1,4,71,75,1,2,31,17,0.000000,0.023000,0.040000,0.025000,0.001840,1
_home_max_Documents_PhD_MAPF_LNS_MAPF_LNS_SAT_mapf-map_room-64-64-16_map-_home_max_Documents_PhD_MAPF_LNS_MAPF_LNS_SAT_mapf-scen-even_scen-even_room-64-64-16-even-2_scen-agents10-idx16-seed42-1783528666882,0,0,7,0.001920,1,2,73,75,4,8,258,87,0.000000,0.088000,0.202000,0.164000,0.014123,1
_home_max_Documents_PhD_MAPF_LNS_MAPF_LNS_SAT_mapf-map_room-64-64-16_map-_home_max_Documents_PhD_MAPF_LNS_MAPF_LNS_SAT_mapf-scen-even_scen-even_room-64-64-16-even-2_scen-agents10-idx16-seed42-1783528666882,0,0,5,0.001371,1,2,100,102,1,1,24,10,0.000000,0.012000,0.027000,0.021000,0.001357,1
_home_max_Documents_PhD_MAPF_LNS_MAPF_LNS_SAT_mapf-map_room-64-64-16_map-_home_max_Documents_PhD_MAPF_LNS_MAPF_LNS_SAT_mapf-scen-even_scen-even_room-64-64-16-even-2_scen-agents10-idx17-seed42-1783528666986,0,0,21,0.005760,7,3,10,18,2,3,137,59,0.000000,0.076000,0.135000,0.110000,0.016140,1
_home_max_Documents_PhD_MAPF_LNS_MAPF_LNS_SAT_mapf-map_room-64-64-16_map-_home_max_Documents_PhD_MAPF_LNS_MAPF_LNS_SAT_mapf-scen-even_scen-even_room-64-64-16-even-2_scen-agents10-idx17-seed42-1783528666986,0,0,5,0.001371,1,2,173,175,1,2,25,10,0.000000,0.015000,0.038000,0.026000,0.002282,1
_home_max_Documents_PhD_MAPF_LNS_MAPF_LNS_SAT_mapf-map_room-64-64-16_map-_home_max_Documents_PhD_MAPF_LNS_MAPF_LNS_SAT_mapf-scen-even_scen-even_room-64-64-16-even-2_scen-agents10-idx18-seed42-1783528667087,0,0,27,0.007405,9,3,8,18,3,6,584,192,0.000000,0.167000,0.394000,0.333000,0.035965,1
_home_max_Documents_PhD_MAPF_LNS_MAPF_LNS_SAT_mapf-map_room-64-64-16_map-_home_max_Documents_PhD_MAPF_LNS_MAPF_LNS_SAT_mapf-scen-even_scen-even_room-64-64-16-even-2_scen-agents10-idx18-seed42-1783528667087,0,0,6,0.001646,1,2,76,78,3,7,93,38,0.000000,0.041000,0.116000,0.081000,0.009961,1
_home_max_Documents_PhD_MAPF_LNS_MAPF_LNS_SAT_mapf-map_room-64-64-16_map-_home_max_Documents_PhD_MAPF_LNS_MAPF_LNS_SAT_mapf-scen-even_scen-even_room-64-64-16-even-2_scen-agents10-idx18-seed42-1783528667087,0,0,4,0.001097,1,2,82,84,1,4,22,9,0.000000,0.014000,0.047000,0.027000,0.001920,1
_home_max_Documents_PhD_MAPF_LNS_MAPF_LNS_SAT_mapf-map_room-64-64-16_map-_home_max_Documents_PhD_MAPF_LNS_MAPF_LNS_SAT_mapf-scen-even_scen-even_room-64-64-16-even-2_scen-agents10-idx18-seed42-1783528667087,0,0,8,0.002194,1,2,89,91,3,7,126,46,0.000000,0.063000,0.130000,0.093000,0.007578,1
_home_max_Documents_PhD_MAPF_LNS_MAPF_LNS_SAT_mapf-map_room-64-64-16_map-_home_max_Documents_PhD_MAPF_LNS_MAPF_LNS_SAT_mapf-scen-even_scen-even_room-64-64-16-even-2_scen-agents10-idx18-seed42-1783528667087,0,0,4,0.001097,1,2,113,115,1,4,22,9,0.000000,0.010000,0.050000,0.029000,0.002148,1
_home_max_Documents_PhD_MAPF_LNS_MAPF_LNS_SAT_mapf-map_room-64-64-16_map-_home_max_Documents_PhD_MAPF_LNS_MAPF_LNS_SAT_mapf-scen-even_scen-even_room-64-64-16-even-2_scen-agents10-idx19-seed42-1783528667186,0,0,8,0.002194,1,2,47,49,3,7,118,42,0.000000,0.045000,0.147000,0.111000,0.016131,1
_home_max_Documents_PhD_MAPF_LNS_MAPF_LNS_SAT_mapf-map_room-64-64-16_map-_home_max_Documents_PhD_MAPF_LNS_MAPF_LNS_SAT_mapf-scen-even_scen-even_room-64-64-16-even-2_scen-agents10-idx19-seed42-1783528667186,0,0,8,0.002194,1,3,52,54,3,7,127,48,0.000000,0.054000,0.143000,0.105000,0.009995,1
_home_max_Documents_PhD_MAPF_LNS_MAPF_LNS_SAT_mapf-map_room-64-64-16_map-_home_max_Documents_PhD_MAPF_LNS_MAPF_LNS_SAT_mapf-scen-even_scen-even_room-64-64-16-even-2_scen-agents10-idx19-seed42-1783528667186,0,0,8,0.002194,2,3,59,62,3,7,156,59,0.000000,0.068000,0.154000,0.112000,0.010083,1
_home_max_Documents_PhD_MAPF_LNS_MAPF_LNS_SAT_mapf-map_room-64-64-16_map-_home_max_Documents_PhD_MAPF_LNS_MAPF_LNS_SAT_mapf-scen-even_scen-even_room-64-64-16-even-2_scen-agents10-idx21-seed42-1783528667389,0,0,4,0.001097,1,2,26,28,1,4,22,9,0.000000,0.010000,0.078000,0.054000,0.009184,1
_home_max_Documents_PhD_MAPF_LNS_MAPF_LNS_SAT_mapf-map_room-64-64-16_map-_home_max_Documents_PhD_MAPF_LNS_MAPF_LNS_SAT_mapf-scen-even_scen-even_room-64-64-16-even-2_scen-agents10-idx21-seed42-1783528667389,0,0,5,0.001371,1,2,33,35,2,3,28,15,0.000000,0.013000,0.043000,0.029000,0.002422,1
_home_max_Documents_PhD_MAPF_LNS_MAPF_LNS_SAT_mapf-map_room-64-64-16_map-_home_max_Documents_PhD_MAPF_LNS_MAPF_LNS_SAT_mapf-scen-even_scen-even_room-64-64-16-even-2_scen-agents10-idx21-seed42-1783528667389,0,0,5,0.001371,1,2,116,118,1,2,25,10,0.000000,0.011000,0.039000,0.027000,0.002164,1
_home_max_Documents_PhD_MAPF_LNS_MAPF_LNS_SAT_mapf-map_room-64-64-16_map-_home_max_Documents_PhD_MAPF_LNS_MAPF_LNS_SAT_mapf-scen-even_scen-even_room-64-64-16-even-2_scen-agents10-idx22-seed42-1783528667491,0,0,4,0.001097,1,2,9,11,4,7,144,61,0.000000,0.056000,0.164000,0.134000,0.013617,0
_home_max_Documents_PhD_MAPF_LNS_MAPF_LNS_SAT_mapf-map_room-64-64-16_map-_home_max_Documents_PhD_MAPF_LNS_MAPF_LNS_SAT_mapf-scen-even_scen-even_room-64-64-16-even-2_scen-agents10-idx22-seed42-1783528667491,0,1,9,0.002468,1,2,8,12,3,6,138,56,0.000000,0.047000,0.123000,0.092000,0.012698,1
_home_max_Documents_PhD_MAPF_LNS_MAPF_LNS_SAT_mapf-map_room-64-64-16_map-_home_max_Documents_PhD_MAPF_LNS_MAPF_LNS_SAT_mapf-scen-even_scen-even_room-64-64-16-even-2_scen-agents10-idx22-seed42-1783528667491,0,0,4,0.001097,1,2,73,75,2,3,28,15,0.000000,0.015000,0.039000,0.026000,0.001618,1
_home_max_Documents_PhD_MAPF_LNS_MAPF_LNS_SAT_mapf-map_room-64-64-16_map-_home_max_Documents_PhD_MAPF_LNS_MAPF_LNS_SAT_mapf-scen-even_scen-even_room-64-64-16-even-2_scen-agents10-idx22-seed42-1783528667491,0,0,5,0.001371,1,2,75,77,4,7,179,68,0.000000,0.074000,0.136000,0.113000,0.005025,0
_home_max_Documents_PhD_MAPF_LNS_MAPF_LNS_SAT_mapf-map_room-64-64-16_map-_home_max_Documents_PhD_MAPF_LNS_MAPF_LNS_SAT_mapf-scen-even_scen-even_room-64-64-16-even-2_scen-agents10-idx22-seed42-1783528667491,0,1,13,0.003566,1,2,74,78,3,6,178,62,0.000000,0.068000,0.146000,0.116000,0.013264,1
_home_max_Documents_PhD_MAPF_LNS_MAPF_LNS_SAT_mapf-map_room-64-64-16_map-_home_max_Documents_PhD_MAPF_LNS_MAPF_LNS_SAT_mapf-scen-even_scen-even_room-64-64-16-even-2_scen-agents10-idx22-seed42-1783528667491,0,0,8,0.002194,1,2,83,85,3,7,118,42,0.000000,0.048000,0.120000,0.088000,0.008725,1
_home_max_Documents_PhD_MAPF_LNS_MAPF_LNS_SAT_mapf-map_room-64-64-16_map-_home_max_Documents_PhD_MAPF_LNS_MAPF_LNS_SAT_mapf-scen-even_scen-even_room-64-64-16-even-2_scen-agents10-idx22-seed42-1783528667491,0,0,5,0.001371,1,2,84,86,4,7,179,68,0.000000,0.068000,0.135000,0.110000,0.005271,0
_home_max_Documents_PhD_MAPF_LNS_MAPF_LNS_SAT_mapf-map_room-64-64-16_map-_home_max_Documents_PhD_MAPF_LNS_MAPF_LNS_SAT_mapf-scen-even_scen-even_room-64-64-16-even-2_scen-agents10-idx22-seed42-1783528667491,0,1,13,0.003566,1,2,83,87,3,6,178,62,0.000000,0.066000,0.150000,0.119000,0.012970,1
_home_max_Documents_PhD_MAPF_LNS_MAPF_LNS_SAT_mapf-map_room-64-64-16_map-_home_max_Documents_PhD_MAPF_LNS_MAPF_LNS_SAT_mapf-scen-even_scen-even_room-64-64-16-even-2_scen-agents10-idx22-seed42-1783528667491,0,0,8,0.002194,1,2,92,94,3,7,118,42,0.000000,0.046000,0.122000,0.090000,0.008371,1
_home_max_Documents_PhD_MAPF_LNS_MAPF_LNS_SAT_mapf-map_room-64-64-16_map-_home_max_Documents_PhD_MAPF_LNS_MAPF_LNS_SAT_mapf-scen-even_scen-even_room-64-64-16-even-2_scen-agents10-idx23-seed42-1783528667591,0,0,9,0.002468,3,2,13,17,2,3,52,25,0.000000,0.026000,0.105000,0.075000,0.012154,1
_home_max_Documents_PhD_MAPF_LNS_MAPF_LNS_SAT_mapf-map_room-64-64-16_map-_home_max_Documents_PhD_MAPF_LNS_MAPF_LNS_SAT_mapf-scen-even_scen-even_room-64-64-16-even-2_scen-agents10-idx23-seed42-1783528667591,0,0,9,0.002468,1,2,34,36,4,8,353,101,0.000000,0.110000,0.299000,0.243000,0.025211,1
_home_max_Documents_PhD_MAPF_LNS_MAPF_LNS_SAT_mapf-map_room-64-64-16_map-_home_max_Documents_PhD_MAPF_LNS_MAPF_LNS_SAT_mapf-scen-even_scen-even_room-64-64-16-even-2_scen-agents10-idx24-seed42-1783528667691,0,0,4,0.001097,1,2,43,45,1,4,22,9,0.000000,0.010000,0.076000,0.053000,0.008622,1
_home_max_Documents_PhD_MAPF_LNS_MAPF_LNS_SAT_mapf-map_room-64-64-16_map-_home_max_Documents_PhD_MAPF_LNS_MAPF_LNS_SAT_mapf-scen-even_scen-even_room-64-64-16-even-2_scen-agents10-idx24-seed42-1783528667691,0,0,4,0.001097,1,2,49,51,1,4,22,9,0.000000,0.009000,0.047000,0.028000,0.001922,1
_home_max_Documents_PhD_MAPF_LNS_MAPF_LNS_SAT_mapf-map_room-64-64-16_map-_home_max_Documents_PhD_MAPF_LNS_MAPF_LNS_SAT_mapf-scen-even_scen-even_room-64-64-16-even-2_scen-agents10-idx24-seed42-1783528667691,0,0,5,0.001371,1,2,53,55,1,2,25,10,0.000000,0.017000,0.036000,0.025000,0.001794,1
_home_max_Documents_PhD_MAPF_LNS_MAPF_LNS_SAT_mapf-map_room-64-64-16_map-_home_max_Documents_PhD_MAPF_LNS_MAPF_LNS_SAT_mapf-scen-even_scen-even_room-64-64-16-even-2_scen-agents10-idx24-seed42-1783528667691,0,0,5,0.001371,1,2,64,66,1,2,25,10,0.000000,0.010000,0.034000,0.023000,0.001496,1
_home_max_Documents_PhD_MAPF_LNS_MAPF_LNS_SAT_mapf-map_room-64-64-16_map-_home_max_Documents_PhD_MAPF_LNS_MAPF_LNS_SAT_mapf-scen-even_scen-even_room-64-64-16-even-2_scen-agents10-idx24-seed42-1783528667691,0,0,4,0.001097,1,2,80,82,1,4,22,9,0.000000,0.009000,0.045000,0.027000,0.001537,1
_home_max_Documents_PhD_MAPF_LNS_MAPF_LNS_SAT_mapf-map_room-64-64-16_map-_home_max_Documents_PhD_MAPF_LNS_MAPF_LNS_SAT_mapf-scen-even_scen-even_room-64-64-16-even-2_scen-agents10-idx24-seed42-1783528667691,0,0,5,0.001371,1,2,101,103,1,1,24,10,0.000000,0.011000,0.023000,0.018000,0.001020,1
_home_max_Documents_PhD_MAPF_LNS_MAPF_LNS_SAT_mapf-map_room-64-64-16_map-_home_max_Documents_PhD_MAPF_LNS_MAPF_LNS_SAT_mapf-scen-even_scen-even_room-64-64-16-even-2_scen-agents10-idx26-seed42-1783528667891,0,0,9,0.002468,1,3,16,18,3,5,101,44,0.000000,0.039000,0.129000,0.100000,0.011954,1
_home_max_Documents_PhD_MAPF_LNS_MAPF_LNS_SAT_mapf-map_room-64-64-16_map-_home_max_Documents_PhD_MAPF_LNS_MAPF_LNS_SAT_mapf-scen-even_scen-even_room-64-64-16-even-2_scen-agents10-idx26-seed42-1783528667891,0,0,8,0.002194,1,2,21,23,2,3,32,17,0.000000,0.017000,0.045000,0.030000,0.001837,1
_home_max_Documents_PhD_MAPF_LNS_MAPF_LNS_SAT_mapf-map_room-64-64-16_map-_home_max_Documents_PhD_MAPF_LNS_MAPF_LNS_SAT_mapf-scen-even_scen-even_room-64-64-16-even-2_scen-agents10-idx26-seed42-1783528667891,0,0,5,0.001371,1,2,38,40,4,7,179,68,0.000000,0.066000,0.137000,0.113000,0.005787,0
_home_max_Documents_PhD_MAPF_LNS_MAPF_LNS_SAT_mapf-map_room-64-64-16_map-_home_max_Documents_PhD_MAPF_LNS_MAPF_LNS_SAT_mapf-scen-even_scen-even_room-64-64-16-even-2_scen-agents10-idx26-seed42-1783528667891,0,1,13,0.003566,1,2,37,41,1,2,27,14,0.000000,0.013000,0.039000,0.025000,0.002318,1
_home_max_Documents_PhD_MAPF_LNS_MAPF_LNS_SAT_mapf-map_room-64-64-16_map-_home_max_Documents_PhD_MAPF_LNS_MAPF_LNS_SAT_mapf-scen-even_scen-even_room-64-64-16-even-2_scen-agents10-idx27-seed42-1783528667993,0,0,7,0.001920,1,3,26,28,4,8,262,91,0.000000,0.088000,0.235000,0.189000,0.021811,1
_home_max_Documents_PhD_MAPF_LNS_MAPF_LNS_SAT_mapf-map_room-64-64-16_map-_home_max_Documents_PhD_MAPF_LNS_MAPF_LNS_SAT_mapf-scen-even_scen-even_room-64-64-16-even-2_scen-agents10-idx27-seed42-1783528667993,0,0,9,0.002468,1,2,69,71,5,9,999,259,0.000000,0.346000,0.514000,0.474000,0.013868,0
_home_max_Documents_PhD_MAPF_LNS_MAPF_LNS_SAT_mapf-map_room-64-64-16_map-_home_max_Documents_PhD_MAPF_LNS_MAPF_LNS_SAT_mapf-scen-even_scen-even_room-64-64-16-even-2_scen-agents10-idx27-seed42-1783528667993,0,1,19,0.005211,1,3,68,72,4,10,1107,233,0.000000,0.353000,0.614000,0.542000,0.046987,1
_home_max_Documents_PhD_MAPF_LNS_MAPF_LNS_SAT_mapf-map_room-64-64-16_map-_home_max_Documents_PhD_MAPF_LNS_MAPF_LNS_SAT_mapf-scen-even_scen-even_room-64-64-16-even-2_scen-agents10-idx28-seed42-1783528668094,0,0,5,0.001371,1,2,49,51,4,7,179,68,0.000000,0.070000,0.178000,0.148000,0.014134,0
_home_max_Documents_PhD_MAPF_LNS_MAPF_LNS_SAT_mapf-map_room-64-64-16_map-_home_max_Documents_PhD_MAPF_LNS_MAPF_LNS_SAT_mapf-scen-even_scen-even_room-64-64-16-even-2_scen-agents10-idx28-seed42-1783528668094,0,1,13,0.003566,1,2,48,52,3,6,178,62,0.000000,0.065000,0.150000,0.118000,0.014487,1
_home_max_Documents_PhD_MAPF_LNS_MAPF_LNS_SAT_mapf-map_room-64-64-16_map-_home_max_Documents_PhD_MAPF_LNS_MAPF_LNS_SAT_mapf-scen-even_scen-even_room-64-64-16-even-2_scen-agents10-idx28-seed42-1783528668094,0,0,8,0.002194,1,2,58,60,3,7,118,42,0.000000,0.047000,0.124000,0.089000,0.009014,1
_home_max_Documents_PhD_MAPF_LNS_MAPF_LNS_SAT_mapf-map_room-64-64-16_map-_home_max_Documents_PhD_MAPF_LNS_MAPF_LNS_SAT_mapf-scen-even_scen-even_room-64-64-16-even-2_scen-agents10-idx28-seed42-1783528668094,0,0,9,0.002468,1,2,69,71,4,9,359,104,0.000000,0.122000,0.255000,0.209000,0.019057,1
_home_max_Documents_PhD_MAPF_LNS_MAPF_LNS_SAT_mapf-map_room-64-64-16_map-_home_max_Documents_PhD_MAPF_LNS_MAPF_LNS_SAT_mapf-scen-even_scen-even_room-64-64-16-even-2_scen-agents10-idx29-seed42-1783528668195,0,0,6,0.001646,1,2,0,1,3,7,77,30,0.000000,0.028000,0.144000,0.104000,0.015026,1
_home_max_Documents_PhD_MAPF_LNS_MAPF_LNS_SAT_mapf-map_room-64-64-16_map-_home_max_Documents_PhD_MAPF_LNS_MAPF_LNS_SAT_mapf-scen-even_scen-even_room-64-64-16-even-2_scen-agents10-idx29-seed42-1783528668195,0,0,11,0.003017,2,3,79,82,3,7,191,66,0.000000,0.087000,0.170000,0.127000,0.012127,1
_home_max_Documents_PhD_MAPF_LNS_MAPF_LNS_SAT_mapf-map_room-64-64-16_map-_home_max_Documents_PhD_MAPF_LNS_MAPF_LNS_SAT_mapf-scen-even_scen-even_room-64-64-16-even-2_scen-agents10-idx29-seed42-1783528668195,0,0,5,0.001371,1,3,83,85,4,7,195,77,0.000000,0.094000,0.153000,0.127000,0.005676,0
_home_max_Documents_PhD_MAPF_LNS_MAPF_LNS_SAT_mapf-map_room-64-64-16_map-_home_max_Documents_PhD_MAPF_LNS_MAPF_LNS_SAT_mapf-scen-even_scen-even_room-64-64-16-even-2_scen-agents10-idx29-seed42-1783528668195,0,1,13,0.003566,1,3,82,86,1,2,26,14,0.000000,0.018000,0.038000,0.021000,0.001269,1
_home_max_Documents_PhD_MAPF_LNS_MAPF_LNS_SAT_mapf-map_room-64-64-16_map-_home_max_Documents_PhD_MAPF_LNS_MAPF_LNS_SAT_mapf-scen-even_scen-even_room-64-64-16-even-2_scen-agents10-idx30-seed42-1783528668296,0,0,5,0.001371,1,2,30,32,1,1,24,10,0.000000,0.012000,0.058000,0.050000,0.011018,1
_home_max_Documents_PhD_MAPF_LNS_MAPF_LNS_SAT_mapf-map_room-64-64-16_map-_home_max_Documents_PhD_MAPF_LNS_MAPF_LNS_SAT_mapf-scen-even_scen-even_room-64-64-16-even-2_scen-agents10-idx30-seed42-1783528668296,0,0,5,0.001371,1,2,55,57,2,3,28,15,0.000000,0.017000,0.050000,0.035000,0.003552,1
_home_max_Documents_PhD_MAPF_LNS_MAPF_LNS_SAT_mapf-map_room-64-64-16_map-_home_max_Documents_PhD_MAPF_LNS_MAPF_LNS_SAT_mapf-scen-even_scen-even_room-64-64-16-even-2_scen-agents10-idx30-seed42-1783528668296,0,0,4,0.001097,1,2,73,75,4,7,144,61,0.000000,0.059000,0.122000,0.098000,0.005291,0
_home_max_Documents_PhD_MAPF_LNS_MAPF_LNS_SAT_mapf-map_room-64-64-16_map-_home_max_Documents_PhD_MAPF_LNS_MAPF_LNS_SAT_mapf-scen-even_scen-even_room-64-64-16-even-2_scen-agents10-idx30-seed42-1783528668296,0,1,8,0.002194,1,3,72,76,5,10,676,202,0.000000,0.239000,0.404000,0.360000,0.030737,0
_home_max_Documents_PhD_MAPF_LNS_MAPF_LNS_SAT_mapf-map_room-64-64-16_map-_home_max_Documents_PhD_MAPF_LNS_MAPF_LNS_SAT_mapf-scen-even_scen-even_room-64-64-16-even-2_scen-agents10-idx30-seed42-1783528668296,0,2,23,0.006308,1,3,70,78,4,9,1313,299,0.000000,0.421000,0.714000,0.644000,0.069972,1
_home_max_Documents_PhD_MAPF_LNS_MAPF_LNS_SAT_mapf-map_room-64-64-16_map-_home_max_Documents_PhD_MAPF_LNS_MAPF_LNS_SAT_mapf-scen-even_scen-even_room-64-64-16-even-2_scen-agents10-idx30-seed42-1783528668296,0,0,5,0.001371,1,2,156,158,1,2,25,10,0.000000,0.015000,0.039000,0.026000,0.002233,1
_home_max_Documents_PhD_MAPF_LNS_MAPF_LNS_SAT_mapf-map_room-64-64-16_map-_home_max_Documents_PhD_MAPF_LNS_MAPF_LNS_SAT_mapf-scen-even_scen-even_room-64-64-16-even-2_scen-agents10-idx31-seed42-1783528668396,0,0,5,0.001371,1,2,92,94,4,7,182,70,0.000000,0.080000,0.173000,0.144000,0.013828,0
_home_max_Documents_PhD_MAPF_LNS_MAPF_LNS_SAT_mapf-map_room-64-64-16_map-_home_max_Documents_PhD_MAPF_LNS_MAPF_LNS_SAT_mapf-scen-even_scen-even_room-64-64-16-even-2_scen-agents10-idx31-seed42-1783528668396,0,1,11,0.003017,1,2,91,95,5,10,1139,259,0.000000,0.372000,0.611000,0.561000,0.041676,0
_home_max_Documents_PhD_MAPF_LNS_MAPF_LNS_SAT_mapf-map_room-64-64-16_map-_home_max_Documents_PhD_MAPF_LNS_MAPF_LNS_SAT_mapf-scen-even_scen-even_room-64-64-16-even-2_scen-agents10-idx31-seed42-1783528668396,0,2,36,0.009874,1,3,89,97,4,9,1924,325,0.000000,0.575000,0.912000,0.841000,0.051846,1
_home_max_Documents_PhD_MAPF_LNS_MAPF_LNS_SAT_mapf-map_room-64-64-16_map-_home_max_Documents_PhD_MAPF_LNS_MAPF_LNS_SAT_mapf-scen-even_scen-even_room-64-64-16-even-2_scen-agents10-idx32-seed42-1783528668498,0,0,8,0.002194,3,2,5,9,2,3,54,25,0.000000,0.019000,0.090000,0.068000,0.011104,1
_home_max_Documents_PhD_MAPF_LNS_MAPF_LNS_SAT_mapf-map_room-64-64-16_map-_home_max_Documents_PhD_MAPF_LNS_MAPF_LNS_SAT_mapf-scen-even_scen-even_room-64-64-16-even-2_scen-agents10-idx32-seed42-1783528668498,0,0,8,0.002194,1,2,26,28,3,8,126,46,0.000000,0.046000,0.141000,0.097000,0.010944,1
_home_max_Documents_PhD_MAPF_LNS_MAPF_LNS_SAT_mapf-map_room-64-64-16_map-_home_max_Documents_PhD_MAPF_LNS_MAPF_LNS_SAT_mapf-scen-even_scen-even_room-64-64-16-even-2_scen-agents10-idx32-seed42-1783528668498,0,0,9,0.002468,1,2,69,71,3,5,92,38,0.000000,0.038000,0.090000,0.070000,0.004814,1
_home_max_Documents_PhD_MAPF_LNS_MAPF_LNS_SAT_mapf-map_room-64-64-16_map-_home_max_Documents_PhD_MAPF_LNS_MAPF_LNS_SAT_mapf-scen-even_scen-even_room-64-64-16-even-2_scen-agents10-idx32-seed42-1783528668498,0,0,5,0.001371,1,2,137,139,1,3,26,10,0.000000,0.013000,0.046000,0.028000,0.002334,1
_home_max_Documents_PhD_MAPF_LNS_MAPF_LNS_SAT_mapf-map_room-64-64-16_map-_home_max_Documents_PhD_MAPF_LNS_MAPF_LNS_SAT_mapf-scen-even_scen-even_room-64-64-16-even-2_scen-agents10-idx33-seed42-1783528668598,0,0,5,0.001371,1,2,5,7,2,3,28,15,0.000000,0.013000,0.084000,0.062000,0.010155,1
_home_max_Documents_PhD_MAPF_LNS_MAPF_LNS_SAT_mapf-map_room-64-64-16_map-_home_max_Documents_PhD_MAPF_LNS_MAPF_LNS_SAT_mapf-scen-even_scen-even_room-64-64-16-even-2_scen-agents10-idx33-seed42-1783528668598,0,0,5,0.001371,1,2,27,29,1,2,25,10,0.000000,0.009000,0.040000,0.027000,0.002765,1
_home_max_Documents_PhD_MAPF_LNS_MAPF_LNS_SAT_mapf-map_room-64-64-16_map-_home_max_Documents_PhD_MAPF_LNS_MAPF_LNS_SAT_mapf-scen-even_scen-even_room-64-64-16-even-2_scen-agents10-idx33-seed42-1783528668598,0,0,5,0.001371,1,2,30,32,1,2,25,10,0.000000,0.008000,0.037000,0.024000,0.002047,1
_home_max_Documents_PhD_MAPF_LNS_MAPF_LNS_SAT_mapf-map_room-64-64-16_map-_home_max_Documents_PhD_MAPF_LNS_MAPF_LNS_SAT_mapf-scen-even_scen-even_room-64-64-16-even-2_scen-agents10-idx33-seed42-1783528668598,0,0,5,0.001371,1,2,42,44,1,2,25,10,0.000000,0.009000,0.035000,0.023000,0.001568,1
_home_max_Documents_PhD_MAPF_LNS_MAPF_LNS_SAT_mapf-map_room-64-64-16_map-_home_max_Documents_PhD_MAPF_LNS_MAPF_LNS_SAT_mapf-scen-even_scen-even_room-64-64-16-even-2_scen-agents10-idx33-seed42-1783528668598,0,0,5,0.001371,1,2,48,50,1,2,25,10,0.000000,0.009000,0.034000,0.023000,0.001359,1
_home_max_Documents_PhD_MAPF_LNS_MAPF_LNS_SAT_mapf-map_room-64-64-16_map-_home_max_Documents_PhD_MAPF_LNS_MAPF_LNS_SAT_mapf-scen-even_scen-even_room-64-64-16-even-2_scen-agents10-idx33-seed42-1783528668598,0,0,9,0.002468,1,2,54,56,3,5,92,38,0.000000,0.037000,0.093000,0.071000,0.004530,1
_home_max_Documents_PhD_MAPF_LNS_MAPF_LNS_SAT_mapf-map_room-64-64-16_map-_home_max_Documents_PhD_MAPF_LNS_MAPF_LNS_SAT_mapf-scen-even_scen-even_room-64-64-16-even-2_scen-agents10-idx33-seed42-1783528668598,0,0,7,0.001920,1,2,76,78,3,7,99,40,0.000000,0.041000,0.119000,0.084000,0.008900,1
_home_max_Documents_PhD_MAPF_LNS_MAPF_LNS_SAT_mapf-map_room-64-64-16_map-_home_max_Documents_PhD_MAPF_LNS_MAPF_LNS_SAT_mapf-scen-even_scen-even_room-64-64-16-even-2_scen-agents10-idx33-seed42-1783528668598,0,0,5,0.001371,1,2,107,109,1,2,25,10,0.000000,0.012000,0.036000,0.025000,0.001999,1
_home_max_Documents_PhD_MAPF_LNS_MAPF_LNS_SAT_mapf-map_room-64-64-16_map-_home_max_Documents_PhD_MAPF_LNS_MAPF_LNS_SAT_mapf-scen-even_scen-even_room-64-64-16-even-2_scen-agents10-idx33-seed42-1783528668598,0,0,5,0.001371,1,2,156,158,1,2,25,10,0.000000,0.013000,0.036000,0.024000,0.001796,1
_home_max_Documents_PhD_MAPF_LNS_MAPF_LNS_SAT_mapf-map_room-64-64-16_map-_home_max_Documents_PhD_MAPF_LNS_MAPF_LNS_SAT_mapf-scen-even_scen-even_room-64-64-16-even-2_scen-agents10-idx33-seed42-1783528668598,0,0,5,0.001371,1,2,179,181,1,2,25,10,0.000000,0.013000,0.034000,0.023000,0.001309,1
_home_max_Documents_PhD_MAPF_LNS_MAPF_LNS_SAT_mapf-map_room-64-64-16_map-_home_max_Documents_PhD_MAPF_LNS_MAPF_LNS_SAT_mapf-scen-even_scen-even_room-64-64-16-even-2_scen-agents10-idx34-seed42-1783528668699,0,0,9,0.002468,3,2,11,15,2,3,54,25,0.000000,0.019000,0.090000,0.071000,0.010370,1
_home_max_Documents_PhD_MAPF_LNS_MAPF_LNS_SAT_mapf-map_room-64-64-16_map-_home_max_Documents_PhD_MAPF_LNS_MAPF_LNS_SAT_mapf-scen-even_scen-even_room-64-64-16-even-2_scen-agents10-idx34-seed42-1783528668699,0,0,5,0.001371,1,2,81,83,2,3,28,15,0.000000,0.017000,0.042000,0.029000,0.002094,1
_home_max_Documents_PhD_MAPF_LNS_MAPF_LNS_SAT_mapf-map_room-64-64-16_map-_home_max_Documents_PhD_MAPF_LNS_MAPF_LNS_SAT_mapf-scen-even_scen-even_room-64-64-16-even-2_scen-agents10-idx34-seed42-1783528668699,0,0,8,0.002194,2,3,92,95,3,7,162,63,0.000000,0.077000,0.147000,0.109000,0.010986,1
_home_max_Documents_PhD_MAPF_LNS_MAPF_LNS_SAT_mapf-map_room-64-64-16_map-_home_max_Documents_PhD_MAPF_LNS_MAPF_LNS_SAT_mapf-scen-even_scen-even_room-64-64-16-even-2_scen-agents10-idx35-seed42-1783528668797,0,0,5,0.001371,1,2,55,57,4,7,179,68,0.000000,0.068000,0.169000,0.139000,0.012740,0
_home_max_Documents_PhD_MAPF_LNS_MAPF_LNS_SAT_mapf-map_room-64-64-16_map-_home_max_Documents_PhD_MAPF_LNS_MAPF_LNS_SAT_mapf-scen-even_scen-even_room-64-64-16-even-2_scen-agents10-idx35-seed42-1783528668797,0,1,11,0.003017,1,2,54,58,5,10,1122,249,0.000000,0.332000,0.596000,0.553000,0.034891,0
_home_max_Documents_PhD_MAPF_LNS_MAPF_LNS_SAT_mapf-map_room-64-64-16_map-_home_max_Documents_PhD_MAPF_LNS_MAPF_LNS_SAT_mapf-scen-even_scen-even_room-64-64-16-even-2_scen-agents10-idx35-seed42-1783528668797,0,2,35,0.009600,1,2,52,60,4,8,2072,317,0.000000,0.578000,0.950000,0.894000,0.050072,1
_home_max_Documents_PhD_MAPF_LNS_MAPF_LNS_SAT_mapf-map_room-64-64-16_map-_home_max_Documents_PhD_MAPF_LNS_MAPF_LNS_SAT_mapf-scen-even_scen-even_room-64-64-16-even-2_scen-agents10-idx36-seed42-1783528668899,0,0,8,0.002194,1,2,68,70,3,7,118,42,0.000000,0.046000,0.161000,0.122000,0.021221,1
_home_max_Documents_PhD_MAPF_LNS_MAPF_LNS_SAT_mapf-map_room-64-64-16_map-_home_max_Documents_PhD_MAPF_LNS_MAPF_LNS_SAT_mapf-scen-even_scen-even_room-64-64-16-even-2_scen-agents10-idx37-seed42-1783528669001,0,0,7,0.001920,1,2,65,67,3,7,105,40,0.000000,0.046000,0.150000,0.112000,0.014699,1
_home_max_Documents_PhD_MAPF_LNS_MAPF_LNS_SAT_mapf-map_room-64-64-16_map-_home_max_Documents_PhD_MAPF_LNS_MAPF_LNS_SAT_mapf-scen-even_scen-even_room-64-64-16-even-2_scen-agents10-idx37-seed42-1783528669001,0,0,4,0.001097,1,2,74,76,4,7,144,61,0.000000,0.064000,0.121000,0.096000,0.005432,0
_home_max_Documents_PhD_MAPF_LNS_MAPF_LNS_SAT_mapf-map_room-64-64-16_map-_home_max_Documents_PhD_MAPF_LNS_MAPF_LNS_SAT_mapf-scen-even_scen-even_room-64-64-16-even-2_scen-agents10-idx37-seed42-1783528669001,0,1,9,0.002468,1,2,73,77,3,6,138,56,0.000000,0.057000,0.123000,0.095000,0.012068,1
_home_max_Documents_PhD_MAPF_LNS_MAPF_LNS_SAT_mapf-map_room-64-64-16_map-_home_max_Documents_PhD_MAPF_LNS_MAPF_LNS_SAT_mapf-scen-even_scen-even_room-64-64-16-even-2_scen-agents10-idx37-seed42-1783528669001,0,0,5,0.001371,1,2,91,93,4,7,179,68,0.000000,0.074000,0.137000,0.114000,0.005208,0
_home_max_Documents_PhD_MAPF_LNS_MAPF_LNS_SAT_mapf-map_room-64-64-16_map-_home_max_Documents_PhD_MAPF_LNS_MAPF_LNS_SAT_mapf-scen-even_scen-even_room-64-64-16-even-2_scen-agents10-idx37-seed42-1783528669001,0,1,11,0.003017,1,2,90,94,4,9,437,120,0.000000,0.145000,0.283000,0.244000,0.022536,0
_home_max_Documents_PhD_MAPF_LNS_MAPF_LNS_SAT_mapf-map_room-64-64-16_map-_home_max_Documents_PhD_MAPF_LNS_MAPF_LNS_SAT_mapf-scen-even_scen-even_room-64-64-16-even-2_scen-agents10-idx37-seed42-1783528669001,0,2,36,0.009874,1,3,88,96,4,8,6512,812,0.000000,1.689000,2.613000,2.540000,0.111723,1
_home_max_Documents_PhD_MAPF_LNS_MAPF_LNS_SAT_mapf-map_room-64-64-16_map-_home_max_Documents_PhD_MAPF_LNS_MAPF_LNS_SAT_mapf-scen-even_scen-even_room-64-64-16-even-2_scen-agents10-idx37-seed42-1783528669001,0,0,5,0.001371,1,2,144,146,1,1,24,10,0.000000,0.016000,0.032000,0.026000,0.001803,1
_home_max_Documents_PhD_MAPF_LNS_MAPF_LNS_SAT_mapf-map_room-64-64-16_map-_home_max_Documents_PhD_MAPF_LNS_MAPF_LNS_SAT_mapf-scen-even_scen-even_room-64-64-16-even-2_scen-agents10-idx38-seed42-1783528669097,0,0,9,0.002468,1,2,58,60,4,9,354,101,0.000000,0.113000,0.286000,0.238000,0.026109,1
_home_max_Documents_PhD_MAPF_LNS_MAPF_LNS_SAT_mapf-map_room-64-64-16_map-_home_max_Documents_PhD_MAPF_LNS_MAPF_LNS_SAT_mapf-scen-even_scen-even_room-64-64-16-even-2_scen-agents10-idx38-seed42-1783528669097,0,0,4,0.001097,1,2,76,78,4,7,145,62,0.000000,0.067000,0.127000,0.101000,0.005651,0
_home_max_Documents_PhD_MAPF_LNS_MAPF_LNS_SAT_mapf-map_room-64-64-16_map-_home_max_Documents_PhD_MAPF_LNS_MAPF_LNS_SAT_mapf-scen-even_scen-even_room-64-64-16-even-2_scen-agents10-idx38-seed42-1783528669097,0,1,9,0.002468,1,2,75,79,1,2,23,12,0.000000,0.013000,0.033000,0.020000,0.001452,1
_home_max_Documents_PhD_MAPF_LNS_MAPF_LNS_SAT_mapf-map_room-64-64-16_map-_home_max_Documents_PhD_MAPF_LNS_MAPF_LNS_SAT_mapf-scen-even_scen-even_room-64-64-16-even-2_scen-agents10-idx38-seed42-1783528669097,0,0,4,0.001097,1,2,80,82,4,7,144,61,0.000000,0.066000,0.122000,0.096000,0.005291,0
_home_max_Documents_PhD_MAPF_LNS_MAPF_LNS_SAT_mapf-map_room-64-64-16_map-_home_max_Documents_PhD_MAPF_LNS_MAPF_LNS_SAT_mapf-scen-even_scen-even_room-64-64-16-even-2_scen-agents10-idx38-seed42-1783528669097,0,1,8,0.002194,1,2,79,83,3,6,128,54,0.000000,0.052000,0.121000,0.092000,0.011873,1
_home_max_Documents_PhD_MAPF_LNS_MAPF_LNS_SAT_mapf-map_room-64-64-16_map-_home_max_Documents_PhD_MAPF_LNS_MAPF_LNS_SAT_mapf-scen-even_scen-even_room-64-64-16-even-2_scen-agents10-idx39-seed42-1783528669202,0,0,8,0.002194,2,3,83,85,3,7,219,73,0.000000,0.095000,0.227000,0.178000,0.022070,1
_home_max_Documents_PhD_MAPF_LNS_MAPF_LNS_SAT_mapf-map_room-64-64-16_map-_home_max_Documents_PhD_MAPF_LNS_MAPF_LNS_SAT_mapf-scen-even_scen-even_room-64-64-16-even-3_scen-agents10-idx0-seed42-1783528669302,0,0,5,0.001371,1,2,162,164,1,1,24,10,0.000000,0.016000,0.063000,0.054000,0.010398,1
_home_max_Documents_PhD_MAPF_LNS_MAPF_LNS_SAT_mapf-map_room-64-64-16_map-_home_max_Documents_PhD_MAPF_LNS_MAPF_LNS_SAT_mapf-scen-even_scen-even_room-64-64-16-even-3_scen-agents10-idx1-seed42-1783528669404,0,0,9,0.002468,1,2,42,44,3,6,120,44,0.000000,0.043000,0.156000,0.123000,0.014271,1
_home_max_Documents_PhD_MAPF_LNS_MAPF_LNS_SAT_mapf-map_room-64-64-16_map-_home_max_Documents_PhD_MAPF_LNS_MAPF_LNS_SAT_mapf-scen-even_scen-even_room-64-64-16-even-3_scen-agents10-idx2-seed42-1783528669503,0,0,5,0.001371,1,2,72,74,4,7,179,68,0.000000,0.081000,0.217000,0.174000,0.018453,0
_home_max_Documents_PhD_MAPF_LNS_MAPF_LNS_SAT_mapf-map_room-64-64-16_map-_home_max_Documents_PhD_MAPF_LNS_MAPF_LNS_SAT_mapf-scen-even_scen-even_room-64-64-16-even-3_scen-agents10-idx2-seed42-1783528669503,0,1,13,0.003566,1,2,71,75,1,2,23,12,0.000000,0.016000,0.051000,0.031000,0.002374,1
_home_max_Documents_PhD_MAPF_LNS_MAPF_LNS_SAT_mapf-map_room-64-64-16_map-_home_max_Documents_PhD_MAPF_LNS_MAPF_LNS_SAT_mapf-scen-even_scen-even_room-64-64-16-even-3_scen-agents10-idx3-seed42-1783528669604,0,0,9,0.002468,1,2,37,39,3,6,120,44,0.000000,0.043000,0.144000,0.112000,0.014259,1
_home_max_Documents_PhD_MAPF_LNS_MAPF_LNS_SAT_mapf-map_room-64-64-16_map-_home_max_Documents_PhD_MAPF_LNS_MAPF_LNS_SAT_mapf-scen-even_scen-even_room-64-64-16-even-3_scen-agents10-idx3-seed42-1783528669604,0,0,5,0.001371,1,2,87,89,4,7,179,68,0.000000,0.073000,0.141000,0.115000,0.005638,0
_home_max_Documents_PhD_MAPF_LNS_MAPF_LNS_SAT_mapf-map_room-64-64-16_map-_home_max_Documents_PhD_MAPF_LNS_MAPF_LNS_SAT_mapf-scen-even_scen-even_room-64-64-16-even-3_scen-agents10-idx3-seed42-1783528669604,0,1,11,0.003017,1,2,86,90,5,10,1053,241,0.000000,0.332000,0.551000,0.509000,0.034623,0
_home_max_Documents_PhD_MAPF_LNS_MAPF_LNS_SAT_mapf-map_room-64-64-16_map-_home_max_Documents_PhD_MAPF_LNS_MAPF_LNS_SAT_mapf-scen-even_scen-even_room-64-64-16-even-3_scen-agents10-idx3-seed42-1783528669604,0,2,36,0.009874,1,2,84,92,5,9,3380,524,0.000000,0.916000,1.475000,1.415000,0.064090,1
_home_max_Documents_PhD_MAPF_LNS_MAPF_LNS_SAT_mapf-map_room-64-64-16_map-_home_max_Documents_PhD_MAPF_LNS_MAPF_LNS_SAT_mapf-scen-even_scen-even_room-64-64-16-even-3_scen-agents10-idx4-seed42-1783528669705,0,0,5,0.001371,1,2,27,29,2,3,28,15,0.000000,0.014000,0.074000,0.057000,0.008573,1
_home_max_Documents_PhD_MAPF_LNS_MAPF_LNS_SAT_mapf-map_room-64-64-16_map-_home_max_Documents_PhD_MAPF_LNS_MAPF_LNS_SAT_mapf-scen-even_scen-even_room-64-64-16-even-3_scen-agents10-idx4-seed42-1783528669705,0,0,8,0.002194,1,2,46,48,3,5,81,36,0.000000,0.033000,0.086000,0.064000,0.004742,1
_home_max_Documents_PhD_MAPF_LNS_MAPF_LNS_SAT_mapf-map_room-64-64-16_map-_home_max_Documents_PhD_MAPF_LNS_MAPF_LNS_SAT_mapf-scen-even_scen-even_room-64-64-16-even-3_scen-agents10-idx4-seed42-1783528669705,0,0,9,0.002468,1,2,48,50,3,5,92,38,0.000000,0.034000,0.087000,0.066000,0.004221,1
_home_max_Documents_PhD_MAPF_LNS_MAPF_LNS_SAT_mapf-map_room-64-64-16_map-_home_max_Documents_PhD_MAPF_LNS_MAPF_LNS_SAT_mapf-scen-even_scen-even_room-64-64-16-even-3_scen-agents10-idx4-seed42-1783528669705,0,0,4,0.001097,1,2,67,69,2,3,28,15,0.000000,0.013000,0.038000,0.025000,0.001753,1
_home_max_Documents_PhD_MAPF_LNS_MAPF_LNS_SAT_mapf-map_room-64-64-16_map-_home_max_Documents_PhD_MAPF_LNS_MAPF_LNS_SAT_mapf-scen-even_scen-even_room-64-64-16-even-3_scen-agents10-idx5-seed42-1783528669807,0,0,5,0.001371,1,2,20,22,1,1,24,10,0.000000,0.010000,0.058000,0.050000,0.008040,1
_home_max_Documents_PhD_MAPF_LNS_MAPF_LNS_SAT_mapf-map_room-64-64-16_map-_home_max_Documents_PhD_MAPF_LNS_MAPF_LNS_SAT_mapf-scen-even_scen-even_room-64-64-16-even-3_scen-agents10-idx5-seed42-1783528669807,0,0,5,0.001371,1,2,32,34,1,1,24,10,0.000000,0.009000,0.027000,0.021000,0.002167,1
_home_max_Documents_PhD_MAPF_LNS_MAPF_LNS_SAT_mapf-map_room-64-64-16_map-_home_max_Documents_PhD_MAPF_LNS_MAPF_LNS_SAT_mapf-scen-even_scen-even_room-64-64-16-even-3_scen-agents10-idx5-seed42-1783528669807,0,0,8,0.002194,1,2,40,42,4,9,305,94,0.000000,0.095000,0.237000,0.190000,0.022199,1
_home_max_Documents_PhD_MAPF_LNS_MAPF_LNS_SAT_mapf-map_room-64-64-16_map-_home_max_Documents_PhD_MAPF_LNS_MAPF_LNS_SAT_mapf-scen-even_scen-even_room-64-64-16-even-3_scen-agents10-idx5-seed42-1783528669807,0,0,7,0.001920,1,2,53,55,3,7,105,40,0.000000,0.041000,0.118000,0.083000,0.008777,1
_home_max_Documents_PhD_MAPF_LNS_MAPF_LNS_SAT_mapf-map_room-64-64-16_map-_home_max_Documents_PhD_MAPF_LNS_MAPF_LNS_SAT_mapf-scen-even_scen-even_room-64-64-16-even-3_scen-agents10-idx6-seed42-1783528669907,0,0,15,0.004114,6,2,4,11,1,1,50,26,0.000000,0.021000,0.071000,0.061000,0.009651,1
_home_max_Documents_PhD_MAPF_LNS_MAPF_LNS_SAT_mapf-map_room-64-64-16_map-_home_max_Documents_PhD_MAPF_LNS_MAPF_LNS_SAT_mapf-scen-even_scen-even_room-64-64-16-even-3_scen-agents10-idx6-seed42-1783528669907,0,0,9,0.002468,2,3,71,74,4,10,618,190,0.000000,0.238000,0.415000,0.341000,0.036202,1
_home_max_Documents_PhD_MAPF_LNS_MAPF_LNS_SAT_mapf-map_room-64-64-16_map-_home_max_Documents_PhD_MAPF_LNS_MAPF_LNS_SAT_mapf-scen-even_scen-even_room-64-64-16-even-3_scen-agents10-idx6-seed42-1783528669907,0,0,5,0.001371,1,2,96,98,1,3,26,10,0.000000,0.012000,0.043000,0.027000,0.002260,1
_home_max_Documents_PhD_MAPF_LNS_MAPF_LNS_SAT_mapf-map_room-64-64-16_map-_home_max_Documents_PhD_MAPF_LNS_MAPF_LNS_SAT_mapf-scen-even_scen-even_room-64-64-16-even-3_scen-agents10-idx7-seed42-1783528670008,0,0,9,0.002468,1,2,51,53,3,5,92,38,0.000000,0.042000,0.125000,0.096000,0.011642,1
_home_max_Documents_PhD_MAPF_LNS_MAPF_LNS_SAT_mapf-map_room-64-64-16_map-_home_max_Documents_PhD_MAPF_LNS_MAPF_LNS_SAT_mapf-scen-even_scen-even_room-64-64-16-even-3_scen-agents10-idx7-seed42-1783528670008,0,0,9,0.002468,1,3,54,56,4,8,470,139,0.000000,0.159000,0.293000,0.250000,0.011243,0
_home_max_Documents_PhD_MAPF_LNS_MAPF_LNS_SAT_mapf-map_room-64-64-16_map-_home_max_Documents_PhD_MAPF_LNS_MAPF_LNS_SAT_mapf-scen-even_scen-even_room-64-64-16-even-3_scen-agents10-idx7-seed42-1783528670008,0,1,19,0.005211,1,3,53,57,4,9,1276,262,0.000000,0.363000,0.650000,0.587000,0.043994,1
_home_max_Documents_PhD_MAPF_LNS_MAPF_LNS_SAT_mapf-map_room-64-64-16_map-_home_max_Documents_PhD_MAPF_LNS_MAPF_LNS_SAT_mapf-scen-even_scen-even_room-64-64-16-even-3_scen-agents10-idx7-seed42-1783528670008,0,0,5,0.001371,1,2,152,154,1,1,24,10,0.000000,0.015000,0.028000,0.022000,0.001557,1
_home_max_Documents_PhD_MAPF_LNS_MAPF_LNS_SAT_mapf-map_room-64-64-16_map-_home_max_Documents_PhD_MAPF_LNS_MAPF_LNS_SAT_mapf-scen-even_scen-even_room-64-64-16-even-3_scen-agents10-idx8-seed42-1783528670109,0,0,9,0.002468,3,2,9,13,2,3,54,25,0.000000,0.024000,0.109000,0.080000,0.010913,1
_home_max_Documents_PhD_MAPF_LNS_MAPF_LNS_SAT_mapf-map_room-64-64-16_map-_home_max_Documents_PhD_MAPF_LNS_MAPF_LNS_SAT_mapf-scen-even_scen-even_room-64-64-16-even-3_scen-agents10-idx8-seed42-1783528670109,0,0,5,0.001371,1,2,71,73,4,7,179,68,0.000000,0.083000,0.183000,0.147000,0.007584,0
_home_max_Documents_PhD_MAPF_LNS_MAPF_LNS_SAT_mapf-map_room-64-64-16_map-_home_max_Documents_PhD_MAPF_LNS_MAPF_LNS_SAT_mapf-scen-even_scen-even_room-64-64-16-even-3_scen-agents10-idx8-seed42-1783528670109,0,1,11,0.003017,1,2,70,74,5,10,1000,228,0.000000,0.329000,0.608000,0.544000,0.041057,0
_home_max_Documents_PhD_MAPF_LNS_MAPF_LNS_SAT_mapf-map_room-64-64-16_map-_home_max_Documents_PhD_MAPF_LNS_MAPF_LNS_SAT_mapf-scen-even_scen-even_room-64-64-16-even-3_scen-agents10-idx8-seed42-1783528670109,0,2,35,0.009600,1,2,68,76,4,8,1800,296,0.000000,0.511000,0.912000,0.835000,0.057297,1
_home_max_Documents_PhD_MAPF_LNS_MAPF_LNS_SAT_mapf-map_room-64-64-16_map-_home_max_Documents_PhD_MAPF_LNS_MAPF_LNS_SAT_mapf-scen-even_scen-even_room-64-64-16-even-3_scen-agents10-idx10-seed42-1783528670310,0,0,5,0.001371,1,2,54,56,4,7,184,71,0.000000,0.077000,0.180000,0.148000,0.013011,0
_home_max_Documents_PhD_MAPF_LNS_MAPF_LNS_SAT_mapf-map_room-64-64-16_map-_home_max_Documents_PhD_MAPF_LNS_MAPF_LNS_SAT_mapf-scen-even_scen-even_room-64-64-16-even-3_scen-agents10-idx10-seed42-1783528670310,0,1,11,0.003017,1,2,53,57,5,10,1068,246,0.000000,0.343000,0.571000,0.521000,0.032457,0
_home_max_Documents_PhD_MAPF_LNS_MAPF_LNS_SAT_mapf-map_room-64-64-16_map-_home_max_Documents_PhD_MAPF_LNS_MAPF_LNS_SAT_mapf-scen-even_scen-even_room-64-64-16-even-3_scen-agents10-idx10-seed42-1783528670310,0,2,36,0.009874,1,3,51,59,4,10,2091,338,0.000000,0.599000,1.004000,0.918000,0.071730,1
_home_max_Documents_PhD_MAPF_LNS_MAPF_LNS_SAT_mapf-map_room-64-64-16_map-_home_max_Documents_PhD_MAPF_LNS_MAPF_LNS_SAT_mapf-scen-even_scen-even_room-64-64-16-even-3_scen-agents10-idx10-seed42-1783528670310,0,0,7,0.001920,1,2,74,76,3,7,83,36,0.000000,0.038000,0.109000,0.074000,0.007177,1
_home_max_Documents_PhD_MAPF_LNS_MAPF_LNS_SAT_mapf-map_room-64-64-16_map-_home_max_Documents_PhD_MAPF_LNS_MAPF_LNS_SAT_mapf-scen-even_scen-even_room-64-64-16-even-3_scen-agents10-idx10-seed42-1783528670310,0,0,5,0.001371,1,2,96,98,4,7,179,68,0.000000,0.074000,0.140000,0.117000,0.005302,0
_home_max_Documents_PhD_MAPF_LNS_MAPF_LNS_SAT_mapf-map_room-64-64-16_map-_home_max_Documents_PhD_MAPF_LNS_MAPF_LNS_SAT_mapf-scen-even_scen-even_room-64-64-16-even-3_scen-agents10-idx10-seed42-1783528670310,0,1,13,0.003566,1,2,95,99,1,2,23,12,0.000000,0.014000,0.035000,0.021000,0.001226,1
_home_max_Documents_PhD_MAPF_LNS_MAPF_LNS_SAT_mapf-map_room-64-64-16_map-_home_max_Documents_PhD_MAPF_LNS_MAPF_LNS_SAT_mapf-scen-even_scen-even_room-64-64-16-even-3_scen-agents10-idx12-seed42-1783528670511,0,0,9,0.002468,5,3,61,65,4,11,477,153,0.000000,0.180000,0.404000,0.318000,0.041844,1
_home_max_Documents_PhD_MAPF_LNS_MAPF_LNS_SAT_mapf-map_room-64-64-16_map-_home_max_Documents_PhD_MAPF_LNS_MAPF_LNS_SAT_mapf-scen-even_scen-even_room-64-64-16-even-3_scen-agents10-idx12-seed42-1783528670511,0,0,4,0.001097,1,2,70,72,1,2,20,9,0.000000,0.010000,0.036000,0.024000,0.001852,1
_home_max_Documents_PhD_MAPF_LNS_MAPF_LNS_SAT_mapf-map_room-64-64-16_map-_home_max_Documents_PhD_MAPF_LNS_MAPF_LNS_SAT_mapf-scen-even_scen-even_room-64-64-16-even-3_scen-agents10-idx12-seed42-1783528670511,0,0,9,0.002468,2,3,89,91,1,2,17,9,0.000000,0.016000,0.023000,0.014000,0.000480,0
_home_max_Documents_PhD_MAPF_LNS_MAPF_LNS_SAT_mapf-map_room-64-64-16_map-_home_max_Documents_PhD_MAPF_LNS_MAPF_LNS_SAT_mapf-scen-even_scen-even_room-64-64-16-even-3_scen-agents10-idx12-seed42-1783528670511,0,1,19,0.005211,2,3,88,92,1,2,29,15,0.000000,0.020000,0.029000,0.019000,0.000597,0
_home_max_Documents_PhD_MAPF_LNS_MAPF_LNS_SAT_mapf-map_room-64-64-16_map-_home_max_Documents_PhD_MAPF_LNS_MAPF_LNS_SAT_mapf-scen-even_scen-even_room-64-64-16-even-3_scen-agents10-idx12-seed42-1783528670511,0,2,52,0.014262,2,3,86,94,1,2,59,30,0.000000,0.042000,0.046000,0.033000,0.001490,0
_home_max_Documents_PhD_MAPF_LNS_MAPF_LNS_SAT_mapf-map_room-64-64-16_map-_home_max_Documents_PhD_MAPF_LNS_MAPF_LNS_SAT_mapf-scen-even_scen-even_room-64-64-16-even-3_scen-agents10-idx12-seed42-1783528670511,0,3,118,0.032364,2,3,83,97,1,2,158,72,0.000000,0.091000,0.095000,0.077000,0.005046,0
_home_max_Documents_PhD_MAPF_LNS_MAPF_LNS_SAT_mapf-map_room-64-64-16_map-_home_max_Documents_PhD_MAPF_LNS_MAPF_LNS_SAT_mapf-scen-even_scen-even_room-64-64-16-even-3_scen-agents10-idx12-seed42-1783528670511,0,4,232,0.063631,2,5,79,101,1,2,380,160,0.000000,0.225000,0.207000,0.177000,0.009337,0
_home_max_Documents_PhD_MAPF_LNS_MAPF_LNS_SAT_mapf-map_room-64-64-16_map-_home_max_Documents_PhD_MAPF_LNS_MAPF_LNS_SAT_mapf-scen-even_scen-even_room-64-64-16-even-3_scen-agents10-idx12-seed42-1783528670511,0,5,377,0.103401,2,5,74,106,1,2,881,332,0.000000,0.453000,0.407000,0.364000,0.018482,0
_home_max_Documents_PhD_MAPF_LNS_MAPF_LNS_SAT_mapf-map_room-64-64-16_map-_home_max_Documents_PhD_MAPF_LNS_MAPF_LNS_SAT_mapf-scen-even_scen-even_room-64-64-16-even-3_scen-agents10-idx12-seed42-1783528670511,0,6,505,0.138508,2,5,68,112,1,2,1436,525,0.000000,0.745000,0.652000,0.591000,0.029102,0
_home_max_Documents_PhD_MAPF_LNS_MAPF_LNS_SAT_mapf-map_room-64-64-16_map-_home_max_Documents_PhD_MAPF_LNS_MAPF_LNS_SAT_mapf-scen-even_scen-even_room-64-64-16-even-3_scen-agents10-idx12-seed42-1783528670511,0,7,679,0.186231,2,7,61,119,1,2,4676,1132,0.000000,2.242000,2.271000,2.114000,0.157815,0
_home_max_Documents_PhD_MAPF_LNS_MAPF_LNS_SAT_mapf-map_room-64-64-16_map-_home_max_Documents_PhD_MAPF_LNS_MAPF_LNS_SAT_mapf-scen-even_scen-even_room-64-64-16-even-3_scen-agents10-idx12-seed42-1783528670511,0,8,973,0.266868,2,7,53,127,1,2,14881,2157,0.000000,6.959000,6.740000,6.504000,0.331654,0
_home_max_Documents_PhD_MAPF_LNS_MAPF_LNS_SAT_mapf-map_room-64-64-16_map-_home_max_Documents_PhD_MAPF_LNS_MAPF_LNS_SAT_mapf-scen-even_scen-even_room-64-64-16-even-3_scen-agents10-idx12-seed42-1783528670511,0,9,1390,0.381240,2,9,44,136,1,2,50522,4052,0.000000,24.603000,22.595000,21.915000,0.553138,0
_home_max_Documents_PhD_MAPF_LNS_MAPF_LNS_SAT_mapf-map_room-64-64-16_map-_home_max_Documents_PhD_MAPF_LNS_MAPF_LNS_SAT_mapf-scen-even_scen-even_room-64-64-16-even-3_scen-agents10-idx12-seed42-1783528670511,0,10,1971,0.540592,2,9,34,146,1,2,172888,8988,0.000000,103.837000,82.920000,80.714000,1.598196,0
_home_max_Documents_PhD_MAPF_LNS_MAPF_LNS_SAT_mapf-map_room-64-64-16_map-_home_max_Documents_PhD_MAPF_LNS_MAPF_LNS_SAT_mapf-scen-even_scen-even_room-64-64-16-even-1_scen-agents20-idx0-seed42-1783529260836,0,0,5,0.001371,1,2,9,11,2,3,28,15,0.000000,0.013000,0.083000,0.066000,0.012700,1
_home_max_Documents_PhD_MAPF_LNS_MAPF_LNS_SAT_mapf-map_room-64-64-16_map-_home_max_Documents_PhD_MAPF_LNS_MAPF_LNS_SAT_mapf-scen-even_scen-even_room-64-64-16-even-1_scen-agents20-idx0-seed42-1783529260836,0,0,5,0.001371,1,2,15,17,4,7,179,68,0.000000,0.061000,0.144000,0.119000,0.006101,0
_home_max_Documents_PhD_MAPF_LNS_MAPF_LNS_SAT_mapf-map_room-64-64-16_map-_home_max_Documents_PhD_MAPF_LNS_MAPF_LNS_SAT_mapf-scen-even_scen-even_room-64-64-16-even-1_scen-agents20-idx0-seed42-1783529260836,0,1,11,0.003017,1,2,14,18,2,4,53,27,0.000000,0.020000,0.069000,0.045000,0.004332,1
_home_max_Documents_PhD_MAPF_LNS_MAPF_LNS_SAT_mapf-map_room-64-64-16_map-_home_max_Documents_PhD_MAPF_LNS_MAPF_LNS_SAT_mapf-scen-even_scen-even_room-64-64-16-even-1_scen-agents20-idx0-seed42-1783529260836,0,0,5,0.001371,1,2,24,26,4,7,221,84,0.000000,0.081000,0.167000,0.141000,0.005911,0
_home_max_Documents_PhD_MAPF_LNS_MAPF_LNS_SAT_mapf-map_room-64-64-16_map-_home_max_Documents_PhD_MAPF_LNS_MAPF_LNS_SAT_mapf-scen-even_scen-even_room-64-64-16-even-1_scen-agents20-idx0-seed42-1783529260836,0,1,18,0.004937,2,3,23,29,1,1,60,30,0.000000,0.027000,0.050000,0.041000,0.003286,1
_home_max_Documents_PhD_MAPF_LNS_MAPF_LNS_SAT_mapf-map_room-64-64-16_map-_home_max_Documents_PhD_MAPF_LNS_MAPF_LNS_SAT_mapf-scen-even_scen-even_room-64-64-16-even-1_scen-agents20-idx0-seed42-1783529260836,0,0,9,0.002468,3,3,28,31,4,17,891,237,0.000000,0.265000,0.718000,0.566000,0.101992,1
_home_max_Documents_PhD_MAPF_LNS_MAPF_LNS_SAT_mapf-map_room-64-64-16_map-_home_max_Documents_PhD_MAPF_LNS_MAPF_LNS_SAT_mapf-scen-even_scen-even_room-64-64-16-even-1_scen-agents20-idx0-seed42-1783529260836,0,0,9,0.002468,1,2,32,34,3,6,120,44,0.000000,0.044000,0.117000,0.089000,0.007041,1
_home_max_Documents_PhD_MAPF_LNS_MAPF_LNS_SAT_mapf-map_room-64-64-16_map-_home_max_Documents_PhD_MAPF_LNS_MAPF_LNS_SAT_mapf-scen-even_scen-even_room-64-64-16-even-1_scen-agents20-idx0-seed42-1783529260836,0,0,5,0.001371,1,5,37,39,1,1,27,13,0.000000,0.014000,0.030000,0.023000,0.001502,1
_home_max_Documents_PhD_MAPF_LNS_MAPF_LNS_SAT_mapf-map_room-64-64-16_map-_home_max_Documents_PhD_MAPF_LNS_MAPF_LNS_SAT_mapf-scen-even_scen-even_room-64-64-16-even-1_scen-agents20-idx0-seed42-1783529260836,0,0,5,0.001371,3,4,39,41,4,7,434,150,0.000000,0.166000,0.275000,0.241000,0.013598,0
_home_max_Documents_PhD_MAPF_LNS_MAPF_LNS_SAT_mapf-map_room-64-64-16_map-_home_max_Documents_PhD_MAPF_LNS_MAPF_LNS_SAT_mapf-scen-even_scen-even_room-64-64-16-even-1_scen-agents20-idx0-seed42-1783529260836,0,1,11,0.003017,3,5,38,42,5,10,2897,594,0.000000,0.941000,1.376000,1.303000,0.062583,0
_home_max_Documents_PhD_MAPF_LNS_MAPF_LNS_SAT_mapf-map_room-64-64-16_map-_home_max_Documents_PhD_MAPF_LNS_MAPF_LNS_SAT_mapf-scen-even_scen-even_room-64-64-16-even-1_scen-agents20-idx0-seed42-1783529260836,0,2,36,0.009874,3,5,36,44,4,10,14080,1219,0.000000,3.681000,5.603000,5.441000,0.282594,1
_home_max_Documents_PhD_MAPF_LNS_MAPF_LNS_SAT_mapf-map_room-64-64-16_map-_home_max_Documents_PhD_MAPF_LNS_MAPF_LNS_SAT_mapf-scen-even_scen-even_room-64-64-16-even-1_scen-agents20-idx0-seed42-1783529260836,0,0,8,0.002194,1,2,46,48,2,4,33,17,0.000000,0.015000,0.057000,0.036000,0.003541,1
_home_max_Documents_PhD_MAPF_LNS_MAPF_LNS_SAT_mapf-map_room-64-64-16_map-_home_max_Documents_PhD_MAPF_LNS_MAPF_LNS_SAT_mapf-scen-even_scen-even_room-64-64-16-even-1_scen-agents20-idx0-seed42-1783529260836,0,0,5,0.001371,1,2,50,52,1,1,24,10,0.000000,0.010000,0.027000,0.021000,0.001533,1
_home_max_Documents_PhD_MAPF_LNS_MAPF_LNS_SAT_mapf-map_room-64-64-16_map-_home_max_Documents_PhD_MAPF_LNS_MAPF_LNS_SAT_mapf-scen-even_scen-even_room-64-64-16-even-1_scen-agents20-idx0-seed42-1783529260836,0,0,7,0.001920,1,2,56,58,1,1,12,7,0.000000,0.010000,0.018000,0.013000,0.000759,1
_home_max_Documents_PhD_MAPF_LNS_MAPF_LNS_SAT_mapf-map_room-64-64-16_map-_home_max_Documents_PhD_MAPF_LNS_MAPF_LNS_SAT_mapf-scen-even_scen-even_room-64-64-16-even-1_scen-agents20-idx0-seed42-1783529260836,0,0,27,0.007405,9,2,67,77,2,3,179,73,0.000000,0.071000,0.126000,0.102000,0.009253,1
_home_max_Documents_PhD_MAPF_LNS_MAPF_LNS_SAT_mapf-map_room-64-64-16_map-_home_max_Documents_PhD_MAPF_LNS_MAPF_LNS_SAT_mapf-scen-even_scen-even_room-64-64-16-even-1_scen-agents20-idx0-seed42-1783529260836,0,0,5,0.001371,1,2,72,74,1,3,26,10,0.000000,0.011000,0.048000,0.031000,0.003057,1
_home_max_Documents_PhD_MAPF_LNS_MAPF_LNS_SAT_mapf-map_room-64-64-16_map-_home_max_Documents_PhD_MAPF_LNS_MAPF_LNS_SAT_mapf-scen-even_scen-even_room-64-64-16-even-1_scen-agents20-idx0-seed42-1783529260836,0,0,5,0.001371,1,2,123,125,1,2,25,10,0.000000,0.013000,0.039000,0.026000,0.001985,1
_home_max_Documents_PhD_MAPF_LNS_MAPF_LNS_SAT_mapf-map_room-64-64-16_map-_home_max_Documents_PhD_MAPF_LNS_MAPF_LNS_SAT_mapf-scen-even_scen-even_room-64-64-16-even-1_scen-agents20-idx0-seed42-1783529260836,0,0,5,0.001371,1,2,125,127,1,2,25,10,0.000000,0.012000,0.035000,0.024000,0.001616,1
_home_max_Documents_PhD_MAPF_LNS_MAPF_LNS_SAT_mapf-map_room-64-64-16_map-_home_max_Documents_PhD_MAPF_LNS_MAPF_LNS_SAT_mapf-scen-even_scen-even_room-64-64-16-even-1_scen-agents20-idx0-seed42-1783529260836,0,0,5,0.001371,2,3,136,139,1,4,50,18,0.000000,0.027000,0.073000,0.045000,0.004187,1
_home_max_Documents_PhD_MAPF_LNS_MAPF_LNS_SAT_mapf-map_room-64-64-16_map-_home_max_Documents_PhD_MAPF_LNS_MAPF_LNS_SAT_mapf-scen-even_scen-even_room-64-64-16-even-1_scen-agents20-idx0-seed42-1783529260836,0,0,5,0.001371,1,2,136,138,1,1,24,10,0.000000,0.012000,0.027000,0.021000,0.001310,1
_home_max_Documents_PhD_MAPF_LNS_MAPF_LNS_SAT_mapf-map_room-64-64-16_map-_home_max_Documents_PhD_MAPF_LNS_MAPF_LNS_SAT_mapf-scen-even_scen-even_room-64-64-16-even-1_scen-agents20-idx1-seed42-1783529260987,0,0,9,0.002468,1,2,4,6,4,8,354,102,0.000000,0.111000,0.282000,0.240000,0.028434,1
_home_max_Documents_PhD_MAPF_LNS_MAPF_LNS_SAT_mapf-map_room-64-64-16_map-_home_max_Documents_PhD_MAPF_LNS_MAPF_LNS_SAT_mapf-scen-even_scen-even_room-64-64-16-even-1_scen-agents20-idx1-seed42-1783529260987,0,0,9,0.002468,3,3,5,9,2,3,58,29,0.000000,0.021000,0.060000,0.042000,0.002629,1
_home_max_Documents_PhD_MAPF_LNS_MAPF_LNS_SAT_mapf-map_room-64-64-16_map-_home_max_Documents_PhD_MAPF_LNS_MAPF_LNS_SAT_mapf-scen-even_scen-even_room-64-64-16-even-1_scen-agents20-idx1-seed42-1783529260987,0,0,7,0.001920,1,2,11,13,3,7,112,44,0.000000,0.037000,0.129000,0.089000,0.009126,1
_home_max_Documents_PhD_MAPF_LNS_MAPF_LNS_SAT_mapf-map_room-64-64-16_map-_home_max_Documents_PhD_MAPF_LNS_MAPF_LNS_SAT_mapf-scen-even_scen-even_room-64-64-16-even-1_scen-agents20-idx1-seed42-1783529260987,0,0,9,0.002468,3,3,12,16,2,3,58,29,0.000000,0.021000,0.065000,0.041000,0.002351,1
_home_max_Documents_PhD_MAPF_LNS_MAPF_LNS_SAT_mapf-map_room-64-64-16_map-_home_max_Documents_PhD_MAPF_LNS_MAPF_LNS_SAT_mapf-scen-even_scen-even_room-64-64-16-even-1_scen-agents20-idx1-seed42-1783529260987,0,0,9,0.002468,3,4,29,33,3,5,166,74,0.000000,0.069000,0.132000,0.103000,0.009672,1
_home_max_Documents_PhD_MAPF_LNS_MAPF_LNS_SAT_mapf-map_room-64-64-16_map-_home_max_Documents_PhD_MAPF_LNS_MAPF_LNS_SAT_mapf-scen-even_scen-even_room-64-64-16-even-1_scen-agents20-idx1-seed42-1783529260987,0,0,7,0.001920,1,2,43,45,4,9,260,88,0.000000,0.083000,0.217000,0.170000,0.016115,1
_home_max_Documents_PhD_MAPF_LNS_MAPF_LNS_SAT_mapf-map_room-64-64-16_map-_home_max_Documents_PhD_MAPF_LNS_MAPF_LNS_SAT_mapf-scen-even_scen-even_room-64-64-16-even-1_scen-agents20-idx1-seed42-1783529260987,0,0,6,0.001646,1,2,50,52,1,1,12,7,0.000000,0.007000,0.020000,0.014000,0.000836,1
_home_max_Documents_PhD_MAPF_LNS_MAPF_LNS_SAT_mapf-map_room-64-64-16_map-_home_max_Documents_PhD_MAPF_LNS_MAPF_LNS_SAT_mapf-scen-even_scen-even_room-64-64-16-even-1_scen-agents20-idx1-seed42-1783529260987,0,0,9,0.002468,1,2,56,58,4,8,356,103,0.000000,0.110000,0.247000,0.206000,0.016795,1
_home_max_Documents_PhD_MAPF_LNS_MAPF_LNS_SAT_mapf-map_room-64-64-16_map-_home_max_Documents_PhD_MAPF_LNS_MAPF_LNS_SAT_mapf-scen-even_scen-even_room-64-64-16-even-1_scen-agents20-idx1-seed42-1783529260987,0,0,7,0.001920,3,4,62,66,5,13,709,234,0.002000,0.298000,0.485000,0.393000,0.043081,0
_home_max_Documents_PhD_MAPF_LNS_MAPF_LNS_SAT_mapf-map_room-64-64-16_map-_home_max_Documents_PhD_MAPF_LNS_MAPF_LNS_SAT_mapf-scen-even_scen-even_room-64-64-16-even-1_scen-agents20-idx1-seed42-1783529260987,0,1,14,0.003840,3,4,61,67,4,9,760,228,0.000000,0.298000,0.469000,0.392000,0.034940,1
_home_max_Documents_PhD_MAPF_LNS_MAPF_LNS_SAT_mapf-map_room-64-64-16_map-_home_max_Documents_PhD_MAPF_LNS_MAPF_LNS_SAT_mapf-scen-even_scen-even_room-64-64-16-even-1_scen-agents20-idx1-seed42-1783529260987,0,0,5,0.001371,1,2,69,71,4,7,179,68,0.000000,0.073000,0.146000,0.119000,0.006378,0
_home_max_Documents_PhD_MAPF_LNS_MAPF_LNS_SAT_mapf-map_room-64-64-16_map-_home_max_Documents_PhD_MAPF_LNS_MAPF_LNS_SAT_mapf-scen-even_scen-even_room-64-64-16-even-1_scen-agents20-idx1-seed42-1783529260987,0,1,13,0.003566,1,3,68,72,1,1,32,17,0.000000,0.019000,0.031000,0.023000,0.001945,1
_home_max_Documents_PhD_MAPF_LNS_MAPF_LNS_SAT_mapf-map_room-64-64-16_map-_home_max_Documents_PhD_MAPF_LNS_MAPF_LNS_SAT_mapf-scen-even_scen-even_room-64-64-16-even-1_scen-agents20-idx1-seed42-1783529260987,0,0,8,0.002194,1,2,71,73,3,5,124,47,0.000000,0.056000,0.109000,0.086000,0.005465,1
_home_max_Documents_PhD_MAPF_LNS_MAPF_LNS_SAT_mapf-map_room-64-64-16_map-_home_max_Documents_PhD_MAPF_LNS_MAPF_LNS_SAT_mapf-scen-even_scen-even_room-64-64-16-even-1_scen-agents20-idx1-seed42-1783529260987,0,0,11,0.003017,2,4,75,78,5,10,1271,292,0.000000,0.430000,0.683000,0.621000,0.041304,1
_home_max_Documents_PhD_MAPF_LNS_MAPF_LNS_SAT_mapf-map_room-64-64-16_map-_home_max_Documents_PhD_MAPF_LNS_MAPF_LNS_SAT_mapf-scen-even_scen-even_room-64-64-16-even-1_scen-agents20-idx1-seed42-1783529260987,0,0,7,0.001920,2,3,76,79,5,11,605,192,0.000000,0.225000,0.386000,0.327000,0.016532,0
_home_max_Documents_PhD_MAPF_LNS_MAPF_LNS_SAT_mapf-map_room-64-64-16_map-_home_max_Documents_PhD_MAPF_LNS_MAPF_LNS_SAT_mapf-scen-even_scen-even_room-64-64-16-even-1_scen-agents20-idx1-seed42-1783529260987,0,1,14,0.003840,2,3,75,80,3,8,227,92,0.000000,0.107000,0.202000,0.145000,0.016260,1
_home_max_Documents_PhD_MAPF_LNS_MAPF_LNS_SAT_mapf-map_room-64-64-16_map-_home_max_Documents_PhD_MAPF_LNS_MAPF_LNS_SAT_mapf-scen-even_scen-even_room-64-64-16-even-1_scen-agents20-idx1-seed42-1783529260987,0,0,9,0.002468,2,4,83,86,4,9,531,166,0.000000,0.209000,0.349000,0.299000,0.018318,0
_home_max_Documents_PhD_MAPF_LNS_MAPF_LNS_SAT_mapf-map_room-64-64-16_map-_home_max_Documents_PhD_MAPF_LNS_MAPF_LNS_SAT_mapf-scen-even_scen-even_room-64-64-16-even-1_scen-agents20-idx1-seed42-1783529260987,0,1,19,0.005211,2,6,82,87,3,8,451,160,0.000000,0.263000,0.333000,0.253000,0.025339,1
_home_max_Documents_PhD_MAPF_LNS_MAPF_LNS_SAT_mapf-map_room-64-64-16_map-_home_max_Documents_PhD_MAPF_LNS_MAPF_LNS_SAT_mapf-scen-even_scen-even_room-64-64-16-even-1_scen-agents20-idx1-seed42-1783529260987,0,0,6,0.001646,1,2,87,89,3,7,93,38,0.000000,0.042000,0.118000,0.082000,0.009302,1
_home_max_Documents_PhD_MAPF_LNS_MAPF_LNS_SAT_mapf-map_room-64-64-16_map-_home_max_Documents_PhD_MAPF_LNS_MAPF_LNS_SAT_mapf-scen-even_scen-even_room-64-64-16-even-1_scen-agents20-idx1-seed42-1783529260987,0,0,5,0.001371,1,2,88,90,1,1,24,10,0.000000,0.012000,0.027000,0.021000,0.001421,1
_home_max_Documents_PhD_MAPF_LNS_MAPF_LNS_SAT_mapf-map_room-64-64-16_map-_home_max_Documents_PhD_MAPF_LNS_MAPF_LNS_SAT_mapf-scen-even_scen-even_room-64-64-16-even-1_scen-agents20-idx2-seed42-1783529261138,0,0,12,0.003291,4,3,5,10,2,3,82,40,0.000000,0.071000,0.114000,0.088000,0.012725,1
_home_max_Documents_PhD_MAPF_LNS_MAPF_LNS_SAT_mapf-map_room-64-64-16_map-_home_max_Documents_PhD_MAPF_LNS_MAPF_LNS_SAT_mapf-scen-even_scen-even_room-64-64-16-even-1_scen-agents20-idx2-seed42-1783529261138,0,0,9,0.002468,1,2,28,30,4,8,356,103,0.000000,0.111000,0.265000,0.223000,0.017129,1
_home_max_Documents_PhD_MAPF_LNS_MAPF_LNS_SAT_mapf-map_room-64-64-16_map-_home_max_Documents_PhD_MAPF_LNS_MAPF_LNS_SAT_mapf-scen-even_scen-even_room-64-64-16-even-1_scen-agents20-idx2-seed42-1783529261138,0,0,4,0.001097,1,2,37,39,4,7,144,61,0.000000,0.054000,0.125000,0.100000,0.005922,0
_home_max_Documents_PhD_MAPF_LNS_MAPF_LNS_SAT_mapf-map_room-64-64-16_map-_home_max_Documents_PhD_MAPF_LNS_MAPF_LNS_SAT_mapf-scen-even_scen-even_room-64-64-16-even-1_scen-agents20-idx2-seed42-1783529261138,0,1,9,0.002468,1,3,36,40,1,1,25,14,0.000000,0.013000,0.026000,0.019000,0.001584,1
_home_max_Documents_PhD_MAPF_LNS_MAPF_LNS_SAT_mapf-map_room-64-64-16_map-_home_max_Documents_PhD_MAPF_LNS_MAPF_LNS_SAT_mapf-scen-even_scen-even_room-64-64-16-even-1_scen-agents20-idx2-seed42-1783529261138,0,0,5,0.001371,1,2,43,45,4,7,180,69,0.000000,0.068000,0.143000,0.118000,0.005538,0
_home_max_Documents_PhD_MAPF_LNS_MAPF_LNS_SAT_mapf-map_room-64-64-16_map-_home_max_Documents_PhD_MAPF_LNS_MAPF_LNS_SAT_mapf-scen-even_scen-even_room-64-64-16-even-1_scen-agents20-idx2-seed42-1783529261138,0,1,13,0.003566,1,2,42,46,3,6,181,64,0.000000,0.068000,0.156000,0.124000,0.014831,1
_home_max_Documents_PhD_MAPF_LNS_MAPF_LNS_SAT_mapf-map_room-64-64-16_map-_home_max_Documents_PhD_MAPF_LNS_MAPF_LNS_SAT_mapf-scen-even_scen-even_room-64-64-16-even-1_scen-agents20-idx2-seed42-1783529261138,0,0,8,0.002194,1,2,44,46,3,7,120,44,0.000000,0.053000,0.130000,0.094000,0.009498,1
_home_max_Documents_PhD_MAPF_LNS_MAPF_LNS_SAT_mapf-map_room-64-64-16_map-_home_max_Documents_PhD_MAPF_LNS_MAPF_LNS_SAT_mapf-scen-even_scen-even_room-64-64-16-even-1_scen-agents20-idx2-seed42-1783529261138,0,0,8,0.002194,1,2,52,54,3,7,118,42,0.000000,0.044000,0.127000,0.092000,0.009021,1
_home_max_Documents_PhD_MAPF_LNS_MAPF_LNS_SAT_mapf-map_room-64-64-16_map-_home_max_Documents_PhD_MAPF_LNS_MAPF_LNS_SAT_mapf-scen-even_scen-even_room-64-64-16-even-1_scen-agents20-idx2-seed42-1783529261138,0,0,9,0.002468,1,2,79,81,3,6,121,45,0.000000,0.054000,0.118000,0.089000,0.007453,1
_home_max_Documents_PhD_MAPF_LNS_MAPF_LNS_SAT_mapf-map_room-64-64-16_map-_home_max_Documents_PhD_MAPF_LNS_MAPF_LNS_SAT_mapf-scen-even_scen-even_room-64-64-16-even-1_scen-agents20-idx3-seed42-1783529261291,0,0,5,0.001371,1,2,21,23,4,7,182,70,0.000000,0.065000,0.177000,0.147000,0.014263,0
_home_max_Documents_PhD_MAPF_LNS_MAPF_LNS_SAT_mapf-map_room-64-64-16_map-_home_max_Documents_PhD_MAPF_LNS_MAPF_LNS_SAT_mapf-scen-even_scen-even_room-64-64-16-even-1_scen-agents20-idx3-seed42-1783529261291,0,1,13,0.003566,1,2,20,24,1,1,22,12,0.000000,0.009000,0.025000,0.018000,0.001349,1
_home_max_Documents_PhD_MAPF_LNS_MAPF_LNS_SAT_mapf-map_room-64-64-16_map-_home_max_Documents_PhD_MAPF_LNS_MAPF_LNS_SAT_mapf-scen-even_scen-even_room-64-64-16-even-1_scen-agents20-idx3-seed42-1783529261291,0,0,5,0.001371,1,2,34,36,4,8,170,66,0.000000,0.060000,0.160000,0.125000,0.012110,1
_home_max_Documents_PhD_MAPF_LNS_MAPF_LNS_SAT_mapf-map_room-64-64-16_map-_home_max_Documents_PhD_MAPF_LNS_MAPF_LNS_SAT_mapf-scen-even_scen-even_room-64-64-16-even-1_scen-agents20-idx3-seed42-1783529261291,0,0,9,0.002468,1,2,36,38,3,7,121,44,0.000000,0.045000,0.125000,0.092000,0.009602,1
_home_max_Documents_PhD_MAPF_LNS_MAPF_LNS_SAT_mapf-map_room-64-64-16_map-_home_max_Documents_PhD_MAPF_LNS_MAPF_LNS_SAT_mapf-scen-even_scen-even_room-64-64-16-even-1_scen-agents20-idx3-seed42-1783529261291,0,0,11,0.003017,2,3,39,42,4,7,531,141,0.000000,0.169000,0.300000,0.271000,0.010582,0
_home_max_Documents_PhD_MAPF_LNS_MAPF_LNS_SAT_mapf-map_room-64-64-16_map-_home_max_Documents_PhD_MAPF_LNS_MAPF_LNS_SAT_mapf-scen-even_scen-even_room-64-64-16-even-1_scen-agents20-idx3-seed42-1783529261291,0,1,23,0.006308,2,3,38,43,1,1,54,27,0.000000,0.026000,0.047000,0.038000,0.002712,1
_home_max_Documents_PhD_MAPF_LNS_MAPF_LNS_SAT_mapf-map_room-64-64-16_map-_home_max_Documents_PhD_MAPF_LNS_MAPF_LNS_SAT_mapf-scen-even_scen-even_room-64-64-16-even-1_scen-agents20-idx3-seed42-1783529261291,0,0,5,0.001371,1,2,41,43,4,7,179,68,0.000000,0.065000,0.143000,0.118000,0.005407,0
_home_max_Documents_PhD_MAPF_LNS_MAPF_LNS_SAT_mapf-map_room-64-64-16_map-_home_max_Documents_PhD_MAPF_LNS_MAPF_LNS_SAT_mapf-scen-even_scen-even_room-64-64-16-even-1_scen-agents20-idx3-seed42-1783529261291,0,1,13,0.003566,1,2,40,44,3,6,178,62,0.000000,0.059000,0.146000,0.117000,0.013560,1
_home_max_Documents_PhD_MAPF_LNS_MAPF_LNS_SAT_mapf-map_room-64-64-16_map-_home_max_Documents_PhD_MAPF_LNS_MAPF_LNS_SAT_mapf-scen-even_scen-even_room-64-64-16-even-1_scen-agents20-idx3-seed42-1783529261291,0,0,5,0.001371,1,2,50,52,4,7,179,68,0.000000,0.065000,0.142000,0.118000,0.005439,0
_home_max_Documents_PhD_MAPF_LNS_MAPF_LNS_SAT_mapf-map_room-64-64-16_map-_home_max_Documents_PhD_MAPF_LNS_MAPF_LNS_SAT_mapf-scen-even_scen-even_room-64-64-16-even-1_scen-agents20-idx3-seed42-1783529261291,0,1,13,0.003566,1,2,49,53,1,2,23,12,0.000000,0.011000,0.033000,0.020000,0.001411,1
_home_max_Documents_PhD_MAPF_LNS_MAPF_LNS_SAT_mapf-map_room-64-64-16_map-_home_max_Documents_PhD_MAPF_LNS_MAPF_LNS_SAT_mapf-scen-even_scen-even_room-64-64-16-even-1_scen-agents20-idx3-seed42-1783529261291,0,0,5,0.001371,1,2,56,58,4,7,195,75,0.000000,0.084000,0.150000,0.122000,0.006071,0
_home_max_Documents_PhD_MAPF_LNS_MAPF_LNS_SAT_mapf-map_room-64-64-16_map-_home_max_Documents_PhD_MAPF_LNS_MAPF_LNS_SAT_mapf-scen-even_scen-even_room-64-64-16-even-1_scen-agents20-idx3-seed42-1783529261291,0,1,13,0.003566,1,3,55,59,1,2,26,14,0.000000,0.016000,0.037000,0.023000,0.001498,1
_home_max_Documents_PhD_MAPF_LNS_MAPF_LNS_SAT_mapf-map_room-64-64-16_map-_home_max_Documents_PhD_MAPF_LNS_MAPF_LNS_SAT_mapf-scen-even_scen-even_room-64-64-16-even-1_scen-agents20-idx3-seed42-1783529261291,0,0,4,0.001097,1,2,56,58,2,3,28,15,0.000000,0.014000,0.040000,0.027000,0.001658,1
_home_max_Documents_PhD_MAPF_LNS_MAPF_LNS_SAT_mapf-map_room-64-64-16_map-_home_max_Documents_PhD_MAPF_LNS_MAPF_LNS_SAT_mapf-scen-even_scen-even_room-64-64-16-even-1_scen-agents20-idx3-seed42-1783529261291,0,0,4,0.001097,1,2,61,63,4,7,147,63,0.000000,0.063000,0.124000,0.099000,0.005217,0
_home_max_Documents_PhD_MAPF_LNS_MAPF_LNS_SAT_mapf-map_room-64-64-16_map-_home_max_Documents_PhD_MAPF_LNS_MAPF_LNS_SAT_mapf-scen-even_scen-even_room-64-64-16-even-1_scen-agents20-idx3-seed42-1783529261291,0,1,9,0.002468,1,2,60,64,5,10,884,233,0.000000,0.286000,0.497000,0.451000,0.032181,0
_home_max_Documents_PhD_MAPF_LNS_MAPF_LNS_SAT_mapf-map_room-64-64-16_map-_home_max_Documents_PhD_MAPF_LNS_MAPF_LNS_SAT_mapf-scen-even_scen-even_room-64-64-16-even-1_scen-agents20-idx3-seed42-1783529261291,0,2,24,0.006583,1,4,58,66,4,8,1344,290,0.000000,0.442000,0.674000,0.611000,0.038185,1
_home_max_Documents_PhD_MAPF_LNS_MAPF_LNS_SAT_mapf-map_room-64-64-16_map-_home_max_Documents_PhD_MAPF_LNS_MAPF_LNS_SAT_mapf-scen-even_scen-even_room-64-64-16-even-1_scen-agents20-idx3-seed42-1783529261291,0,0,8,0.002194,1,2,67,69,3,7,119,43,0.000000,0.050000,0.130000,0.095000,0.009570,1
_home_max_Documents_PhD_MAPF_LNS_MAPF_LNS_SAT_mapf-map_room-64-64-16_map-_home_max_Documents_PhD_MAPF_LNS_MAPF_LNS_SAT_mapf-scen-even_scen-even_room-64-64-16-even-1_scen-agents20-idx3-seed42-1783529261291,0,0,8,0.002194,1,2,71,73,3,7,126,46,0.000000,0.055000,0.130000,0.094000,0.007541,1
_home_max_Documents_PhD_MAPF_LNS_MAPF_LNS_SAT_mapf-map_room-64-64-16_map-_home_max_Documents_PhD_MAPF_LNS_MAPF_LNS_SAT_mapf-scen-even_scen-even_room-64-64-16-even-1_scen-agents20-idx3-seed42-1783529261291,0,0,9,0.002468,1,3,74,76,5,10,789,234,0.000000,0.306000,0.478000,0.423000,0.030564,1
_home_max_Documents_PhD_MAPF_LNS_MAPF_LNS_SAT_mapf-map_room-64-64-16_map-_home_max_Documents_PhD_MAPF_LNS_MAPF_LNS_SAT_mapf-scen-even_scen-even_room-64-64-16-even-1_scen-agents20-idx3-seed42-1783529261291,0,0,9,0.002468,1,2,85,87,3,5,92,38,0.000000,0.041000,0.094000,0.072000,0.004715,1
_home_max_Documents_PhD_MAPF_LNS_MAPF_LNS_SAT_mapf-map_room-64-64-16_map-_home_max_Documents_PhD_MAPF_LNS_MAPF_LNS_SAT_mapf-scen-even_scen-even_room-64-64-16-even-1_scen-agents20-idx3-seed42-1783529261291,0,0,5,0.001371,1,2,118,120,1,2,25,10,0.000000,0.013000,0.034000,0.024000,0.002057,1
_home_max_Documents_PhD_MAPF_LNS_MAPF_LNS_SAT_mapf-map_room-64-64-16_map-_home_max_Documents_PhD_MAPF_LNS_MAPF_LNS_SAT_mapf-scen-even_scen-even_room-64-64-16-even-1_scen-agents20-idx4-seed42-1783529261439,0,0,8,0.002194,1,2,16,18,1,1,12,7,0.000000,0.008000,0.051000,0.042000,0.009048,1
_home_max_Documents_PhD_MAPF_LNS_MAPF_LNS_SAT_mapf-map_room-64-64-16_map-_home_max_Documents_PhD_MAPF_LNS_MAPF_LNS_SAT_mapf-scen-even_scen-even_room-64-64-16-even-1_scen-agents20-idx4-seed42-1783529261439,0,0,5,0.001371,1,2,25,27,4,7,182,70,0.000000,0.070000,0.150000,0.124000,0.006802,0
_home_max_Documents_PhD_MAPF_LNS_MAPF_LNS_SAT_mapf-map_room-64-64-16_map-_home_max_Documents_PhD_MAPF_LNS_MAPF_LNS_SAT_mapf-scen-even_scen-even_room-64-64-16-even-1_scen-agents20-idx4-seed42-1783529261439,0,1,11,0.003017,1,2,24,28,5,10,1079,257,0.000000,0.317000,0.584000,0.538000,0.039186,0
_home_max_Documents_PhD_MAPF_LNS_MAPF_LNS_SAT_mapf-map_room-64-64-16_map-_home_max_Documents_PhD_MAPF_LNS_MAPF_LNS_SAT_mapf-scen-even_scen-even_room-64-64-16-even-1_scen-agents20-idx4-seed42-1783529261439,0,2,35,0.009600,1,4,22,30,4,10,1707,322,0.000000,0.474000,0.895000,0.804000,0.089393,1
_home_max_Documents_PhD_MAPF_LNS_MAPF_LNS_SAT_mapf-map_room-64-64-16_map-_home_max_Documents_PhD_MAPF_LNS_MAPF_LNS_SAT_mapf-scen-even_scen-even_room-64-64-16-even-1_scen-agents20-idx4-seed42-1783529261439,0,0,7,0.001920,1,2,42,44,3,6,98,40,0.000000,0.037000,0.114000,0.082000,0.009623,1
_home_max_Documents_PhD_MAPF_LNS_MAPF_LNS_SAT_mapf-map_room-64-64-16_map-_home_max_Documents_PhD_MAPF_LNS_MAPF_LNS_SAT_mapf-scen-even_scen-even_room-64-64-16-even-1_scen-agents20-idx4-seed42-1783529261439,0,0,4,0.001097,1,2,47,49,4,7,144,61,0.000000,0.056000,0.124000,0.100000,0.005564,0
_home_max_Documents_PhD_MAPF_LNS_MAPF_LNS_SAT_mapf-map_room-64-64-16_map-_home_max_Documents_PhD_MAPF_LNS_MAPF_LNS_SAT_mapf-scen-even_scen-even_room-64-64-16-even-1_scen-agents20-idx4-seed42-1783529261439,0,1,9,0.002468,1,2,46,50,1,2,23,12,0.000000,0.010000,0.034000,0.020000,0.001586,1
_home_max_Documents_PhD_MAPF_LNS_MAPF_LNS_SAT_mapf-map_room-64-64-16_map-_home_max_Documents_PhD_MAPF_LNS_MAPF_LNS_SAT_mapf-scen-even_scen-even_room-64-64-16-even-1_scen-agents20-idx4-seed42-1783529261439,0,0,4,0.001097,1,2,50,52,4,7,146,63,0.000000,0.064000,0.127000,0.102000,0.005460,0
_home_max_Documents_PhD_MAPF_LNS_MAPF_LNS_SAT_mapf-map_room-64-64-16_map-_home_max_Documents_PhD_MAPF_LNS_MAPF_LNS_SAT_mapf-scen-even_scen-even_room-64-64-16-even-1_scen-agents20-idx4-seed42-1783529261439,0,1,9,0.002468,1,2,49,53,1,2,23,12,0.000000,0.011000,0.035000,0.022000,0.001521,1
_home_max_Documents_PhD_MAPF_LNS_MAPF_LNS_SAT_mapf-map_room-64-64-16_map-_home_max_Documents_PhD_MAPF_LNS_MAPF_LNS_SAT_mapf-scen-even_scen-even_room-64-64-16-even-1_scen-agents20-idx4-seed42-1783529261439,0,0,5,0.001371,1,2,55,57,4,7,179,68,0.000000,0.067000,0.140000,0.115000,0.005887,0
_home_max_Documents_PhD_MAPF_LNS_MAPF_LNS_SAT_mapf-map_room-64-64-16_map-_home_max_Documents_PhD_MAPF_LNS_MAPF_LNS_SAT_mapf-scen-even_scen-even_room-64-64-16-even-1_scen-agents20-idx4-seed42-1783529261439,0,1,13,0.003566,1,2,54,58,3,6,178,62,0.000000,0.064000,0.151000,0.119000,0.013904,1
_home_max_Documents_PhD_MAPF_LNS_MAPF_LNS_SAT_mapf-map_room-64-64-16_map-_home_max_Documents_PhD_MAPF_LNS_MAPF_LNS_SAT_mapf-scen-even_scen-even_room-64-64-16-even-1_scen-agents20-idx4-seed42-1783529261439,0,0,7,0.001920,1,2,58,60,3,7,99,40,0.000000,0.038000,0.118000,0.081000,0.008759,1
_home_max_Documents_PhD_MAPF_LNS_MAPF_LNS_SAT_mapf-map_room-64-64-16_map-_home_max_Documents_PhD_MAPF_LNS_MAPF_LNS_SAT_mapf-scen-even_scen-even_room-64-64-16-even-1_scen-agents20-idx4-seed42-1783529261439,0,0,7,0.001920,2,3,63,65,4,7,294,98,0.000000,0.119000,0.202000,0.170000,0.006801,0
_home_max_Documents_PhD_MAPF_LNS_MAPF_LNS_SAT_mapf-map_room-64-64-16_map-_home_max_Documents_PhD_MAPF_LNS_MAPF_LNS_SAT_mapf-scen-even_scen-even_room-64-64-16-even-1_scen-agents20-idx4-seed42-1783529261439,0,1,14,0.003840,2,3,62,66,3,7,224,83,0.000000,0.100000,0.192000,0.139000,0.016369,1
_home_max_Documents_PhD_MAPF_LNS_MAPF_LNS_SAT_mapf-map_room-64-64-16_map-_home_max_Documents_PhD_MAPF_LNS_MAPF_LNS_SAT_mapf-scen-even_scen-even_room-64-64-16-even-1_scen-agents20-idx4-seed42-1783529261439,0,0,7,0.001920,2,4,66,68,4,7,261,97,0.000000,0.120000,0.184000,0.151000,0.005874,0
_home_max_Documents_PhD_MAPF_LNS_MAPF_LNS_SAT_mapf-map_room-64-64-16_map-_home_max_Documents_PhD_MAPF_LNS_MAPF_LNS_SAT_mapf-scen-even_scen-even_room-64-64-16-even-1_scen-agents20-idx4-seed42-1783529261439,0,1,14,0.003840,2,4,65,69,3,6,214,93,0.000000,0.113000,0.173000,0.130000,0.011098,1
_home_max_Documents_PhD_MAPF_LNS_MAPF_LNS_SAT_mapf-map_room-64-64-16_map-_home_max_Documents_PhD_MAPF_LNS_MAPF_LNS_SAT_mapf-scen-even_scen-even_room-64-64-16-even-1_scen-agents20-idx4-seed42-1783529261439,0,0,8,0.002194,1,2,67,69,3,7,119,43,0.000000,0.046000,0.130000,0.094000,0.009566,1
_home_max_Documents_PhD_MAPF_LNS_MAPF_LNS_SAT_mapf-map_room-64-64-16_map-_home_max_Documents_PhD_MAPF_LNS_MAPF_LNS_SAT_mapf-scen-even_scen-even_room-64-64-16-even-1_scen-agents20-idx4-seed42-1783529261439,0,0,8,0.002194,1,2,71,73,3,7,118,42,0.000000,0.049000,0.127000,0.092000,0.009202,1
_home_max_Documents_PhD_MAPF_LNS_MAPF_LNS_SAT_mapf-map_room-64-64-16_map-_home_max_Documents_PhD_MAPF_LNS_MAPF_LNS_SAT_mapf-scen-even_scen-even_room-64-64-16-even-1_scen-agents20-idx4-seed42-1783529261439,0,0,5,0.001371,1,3,71,73,4,7,183,72,0.000000,0.080000,0.147000,0.120000,0.005880,0
_home_max_Documents_PhD_MAPF_LNS_MAPF_LNS_SAT_mapf-map_room-64-64-16_map-_home_max_Documents_PhD_MAPF_LNS_MAPF_LNS_SAT_mapf-scen-even_scen-even_room-64-64-16-even-1_scen-agents20-idx4-seed42-1783529261439,0,1,12,0.003291,1,3,70,74,1,1,36,19,0.000000,0.022000,0.035000,0.027000,0.001956,1
_home_max_Documents_PhD_MAPF_LNS_MAPF_LNS_SAT_mapf-map_room-64-64-16_map-_home_max_Documents_PhD_MAPF_LNS_MAPF_LNS_SAT_mapf-scen-even_scen-even_room-64-64-16-even-1_scen-agents20-idx4-seed42-1783529261439,0,0,12,0.003291,2,3,77,80,6,27,5148,1014,0.000000,1.540000,3.101000,2.710000,0.493552,1
_home_max_Documents_PhD_MAPF_LNS_MAPF_LNS_SAT_mapf-map_room-64-64-16_map-_home_max_Documents_PhD_MAPF_LNS_MAPF_LNS_SAT_mapf-scen-even_scen-even_room-64-64-16-even-1_scen-agents20-idx4-seed42-1783529261439,0,0,5,0.001371,1,2,84,86,1,3,26,10,0.000000,0.012000,0.048000,0.030000,0.002687,1
_home_max_Documents_PhD_MAPF_LNS_MAPF_LNS_SAT_mapf-map_room-64-64-16_map-_home_max_Documents_PhD_MAPF_LNS_MAPF_LNS_SAT_mapf-scen-even_scen-even_room-64-64-16-even-1_scen-agents20-idx4-seed42-1783529261439,0,0,5,0.001371,1,2,116,118,1,2,25,10,0.000000,0.011000,0.037000,0.025000,0.001826,1
_home_max_Documents_PhD_MAPF_LNS_MAPF_LNS_SAT_mapf-map_room-64-64-16_map-_home_max_Documents_PhD_MAPF_LNS_MAPF_LNS_SAT_mapf-scen-even_scen-even_room-64-64-16-even-1_scen-agents20-idx4-seed42-1783529261439,0,0,5,0.001371,1,2,118,120,1,1,24,10,0.000000,0.012000,0.026000,0.020000,0.001374,1
_home_max_Documents_PhD_MAPF_LNS_MAPF_LNS_SAT_mapf-map_room-64-64-16_map-_home_max_Documents_PhD_MAPF_LNS_MAPF_LNS_SAT_mapf-scen-even_scen-even_room-64-64-16-even-1_scen-agents20-idx4-seed42-1783529261439,0,0,5,0.001371,1,2,126,128,1,2,25,10,0.000000,0.014000,0.035000,0.024000,0.001729,1
_home_max_Documents_PhD_MAPF_LNS_MAPF_LNS_SAT_mapf-map_room-64-64-16_map-_home_max_Documents_PhD_MAPF_LNS_MAPF_LNS_SAT_mapf-scen-even_scen-even_room-64-64-16-even-1_scen-agents20-idx5-seed42-1783529261645,0,0,4,0.001097,1,2,3,5,4,7,144,61,0.000000,0.059000,0.191000,0.157000,0.015773,0
_home_max_Documents_PhD_MAPF_LNS_MAPF_LNS_SAT_mapf-map_room-64-64-16_map-_home_max_Documents_PhD_MAPF_LNS_MAPF_LNS_SAT_mapf-scen-even_scen-even_room-64-64-16-even-1_scen-agents20-idx5-seed42-1783529261645,0,1,11,0.003017,1,2,2,6,1,1,24,13,0.000000,0.009000,0.026000,0.020000,0.001465,1
_home_max_Documents_PhD_MAPF_LNS_MAPF_LNS_SAT_mapf-map_room-64-64-16_map-_home_max_Documents_PhD_MAPF_LNS_MAPF_LNS_SAT_mapf-scen-even_scen-even_room-64-64-16-even-1_scen-agents20-idx5-seed42-1783529261645,0,0,5,0.001371,1,2,26,28,4,7,179,68,0.000000,0.063000,0.139000,0.114000,0.005535,0
_home_max_Documents_PhD_MAPF_LNS_MAPF_LNS_SAT_mapf-map_room-64-64-16_map-_home_max_Documents_PhD_MAPF_LNS_MAPF_LNS_SAT_mapf-scen-even_scen-even_room-64-64-16-even-1_scen-agents20-idx5-seed42-1783529261645,0,1,13,0.003566,1,2,25,29,1,1,20,11,0.000000,0.009000,0.022000,0.016000,0.000806,1
_home_max_Documents_PhD_MAPF_LNS_MAPF_LNS_SAT_mapf-map_room-64-64-16_map-_home_max_Documents_PhD_MAPF_LNS_MAPF_LNS_SAT_mapf-scen-even_scen-even_room-64-64-16-even-1_scen-agents20-idx5-seed42-1783529261645,0,0,4,0.001097,1,3,41,43,1,4,23,10,0.000000,0.010000,0.048000,0.028000,0.002132,1
_home_max_Documents_PhD_MAPF_LNS_MAPF_LNS_SAT_mapf-map_room-64-64-16_map-_home_max_Documents_PhD_MAPF_LNS_MAPF_LNS_SAT_mapf-scen-even_scen-even_room-64-64-16-even-1_scen-agents20-idx5-seed42-1783529261645,0,0,5,0.001371,1,2,46,48,4,7,179,68,0.000000,0.071000,0.142000,0.118000,0.005773,0
_home_max_Documents_PhD_MAPF_LNS_MAPF_LNS_SAT_mapf-map_room-64-64-16_map-_home_max_Documents_PhD_MAPF_LNS_MAPF_LNS_SAT_mapf-scen-even_scen-even_room-64-64-16-even-1_scen-agents20-idx5-seed42-1783529261645,0,1,11,0.003017,1,2,45,49,5,10,1122,249,0.000000,0.333000,0.599000,0.557000,0.038467,0
_home_max_Documents_PhD_MAPF_LNS_MAPF_LNS_SAT_mapf-map_room-64-64-16_map-_home_max_Documents_PhD_MAPF_LNS_MAPF_LNS_SAT_mapf-scen-even_scen-even_room-64-64-16-even-1_scen-agents20-idx5-seed42-1783529261645,0,2,36,0.009874,1,2,43,51,4,9,2054,319,0.000000,0.586000,0.937000,0.879000,0.054762,1
_home_max_Documents_PhD_MAPF_LNS_MAPF_LNS_SAT_mapf-map_room-64-64-16_map-_home_max_Documents_PhD_MAPF_LNS_MAPF_LNS_SAT_mapf-scen-even_scen-even_room-64-64-16-even-1_scen-agents20-idx5-seed42-1783529261645,0,0,4,0.001097,1,2,47,49,4,7,144,61,0.000000,0.057000,0.127000,0.102000,0.005382,0
_home_max_Documents_PhD_MAPF_LNS_MAPF_LNS_SAT_mapf-map_room-64-64-16_map-_home_max_Documents_PhD_MAPF_LNS_MAPF_LNS_SAT_mapf-scen-even_scen-even_room-64-64-16-even-1_scen-agents20-idx5-seed42-1783529261645,0,1,9,0.002468,1,2,46,50,1,2,23,12,0.000000,0.011000,0.033000,0.020000,0.001414,1
_home_max_Documents_PhD_MAPF_LNS_MAPF_LNS_SAT_mapf-map_room-64-64-16_map-_home_max_Documents_PhD_MAPF_LNS_MAPF_LNS_SAT_mapf-scen-even_scen-even_room-64-64-16-even-1_scen-agents20-idx5-seed42-1783529261645,0,0,7,0.001920,1,3,51,53,3,6,101,43,0.000000,0.044000,0.103000,0.075000,0.006068,1
_home_max_Documents_PhD_MAPF_LNS_MAPF_LNS_SAT_mapf-map_room-64-64-16_map-_home_max_Documents_PhD_MAPF_LNS_MAPF_LNS_SAT_mapf-scen-even_scen-even_room-64-64-16-even-1_scen-agents20-idx5-seed42-1783529261645,0,0,5,0.001371,1,2,56,58,1,1,24,10,0.000000,0.010000,0.026000,0.021000,0.001389,1
_home_max_Documents_PhD_MAPF_LNS_MAPF_LNS_SAT_mapf-map_room-64-64-16_map-_home_max_Documents_PhD_MAPF_LNS_MAPF_LNS_SAT_mapf-scen-even_scen-even_room-64-64-16-even-1_scen-agents20-idx5-seed42-1783529261645,0,0,5,0.001371,1,2,60,62,1,1,24,10,0.000000,0.010000,0.024000,0.019000,0.001210,1
_home_max_Documents_PhD_MAPF_LNS_MAPF_LNS_SAT_mapf-map_room-64-64-16_map-_home_max_Documents_PhD_MAPF_LNS_MAPF_LNS_SAT_mapf-scen-even_scen-even_room-64-64-16-even-1_scen-agents20-idx5-seed42-1783529261645,0,0,6,0.001646,1,2,69,71,1,1,12,7,0.000000,0.007000,0.018000,0.012000,0.000892,1
_home_max_Documents_PhD_MAPF_LNS_MAPF_LNS_SAT_mapf-map_room-64-64-16_map-_home_max_Documents_PhD_MAPF_LNS_MAPF_LNS_SAT_mapf-scen-even_scen-even_room-64-64-16-even-1_scen-agents20-idx5-seed42-1783529261645,0,0,7,0.001920,1,2,70,72,3,5,84,38,0.000000,0.042000,0.098000,0.070000,0.006529,1
_home_max_Documents_PhD_MAPF_LNS_MAPF_LNS_SAT_mapf-map_room-64-64-16_map-_home_max_Documents_PhD_MAPF_LNS_MAPF_LNS_SAT_mapf-scen-even_scen-even_room-64-64-16-even-1_scen-agents20-idx5-seed42-1783529261645,0,0,7,0.001920,1,2,74,76,4,9,292,93,0.000000,0.100000,0.230000,0.188000,0.017719,1
_home_max_Documents_PhD_MAPF_LNS_MAPF_LNS_SAT_mapf-map_room-64-64-16_map-_home_max_Documents_PhD_MAPF_LNS_MAPF_LNS_SAT_mapf-scen-even_scen-even_room-64-64-16-even-1_scen-agents20-idx5-seed42-1783529261645,0,0,5,0.001371,1,2,81,83,1,1,24,10,0.000000,0.011000,0.027000,0.021000,0.001432,1
_home_max_Documents_PhD_MAPF_LNS_MAPF_LNS_SAT_mapf-map_room-64-64-16_map-_home_max_Documents_PhD_MAPF_LNS_MAPF_LNS_SAT_mapf-scen-even_scen-even_room-64-64-16-even-1_scen-agents20-idx5-seed42-1783529261645,0,0,5,0.001371,1,2,84,86,1,1,24,10,0.000000,0.010000,0.025000,0.020000,0.001268,1
_home_max_Documents_PhD_MAPF_LNS_MAPF_LNS_SAT_mapf-map_room-64-64-16_map-_home_max_Documents_PhD_MAPF_LNS_MAPF_LNS_SAT_mapf-scen-even_scen-even_room-64-64-16-even-1_scen-agents20-idx5-seed42-1783529261645,0,0,9,0.002468,2,3,90,93,4,7,652,188,0.000000,0.253000,0.351000,0.316000,0.012633,0
_home_max_Documents_PhD_MAPF_LNS_MAPF_LNS_SAT_mapf-map_room-64-64-16_map-_home_max_Documents_PhD_MAPF_LNS_MAPF_LNS_SAT_mapf-scen-even_scen-even_room-64-64-16-even-1_scen-agents20-idx5-seed42-1783529261645,0,1,19,0.005211,2,5,89,94,5,13,3969,663,0.000000,1.156000,1.860000,1.734000,0.135128,1
_home_max_Documents_PhD_MAPF_LNS_MAPF_LNS_SAT_mapf-map_room-64-64-16_map-_home_max_Documents_PhD_MAPF_LNS_MAPF_LNS_SAT_mapf-scen-even_scen-even_room-64-64-16-even-1_scen-agents20-idx5-seed42-1783529261645,0,0,4,0.001097,1,2,93,95,1,2,20,9,0.000000,0.015000,0.053000,0.029000,0.002769,1
_home_max_Documents_PhD_MAPF_LNS_MAPF_LNS_SAT_mapf-map_room-64-64-16_map-_home_max_Documents_PhD_MAPF_LNS_MAPF_LNS_SAT_mapf-scen-even_scen-even_room-64-64-16-even-1_scen-agents20-idx5-seed42-1783529261645,0,0,5,0.001371,1,2,103,105,1,1,24,10,0.000000,0.011000,0.025000,0.020000,0.001250,1
_home_max_Documents_PhD_MAPF_LNS_MAPF_LNS_SAT_mapf-map_room-64-64-16_map-_home_max_Documents_PhD_MAPF_LNS_MAPF_LNS_SAT_mapf-scen-even_scen-even_room-64-64-16-even-1_scen-agents20-idx5-seed42-1783529261645,0,0,5,0.001371,1,2,108,110,1,1,24,10,0.000000,0.012000,0.025000,0.020000,0.001254,1
_home_max_Documents_PhD_MAPF_LNS_MAPF_LNS_SAT_mapf-map_room-64-64-16_map-_home_max_Documents_PhD_MAPF_LNS_MAPF_LNS_SAT_mapf-scen-even_scen-even_room-64-64-16-even-1_scen-agents20-idx5-seed42-1783529261645,0,0,4,0.001097,1,2,114,116,1,2,20,9,0.000000,0.011000,0.031000,0.021000,0.001544,1
_home_max_Documents_PhD_MAPF_LNS_MAPF_LNS_SAT_mapf-map_room-64-64-16_map-_home_max_Documents_PhD_MAPF_LNS_MAPF_LNS_SAT_mapf-scen-even_scen-even_room-64-64-16-even-1_scen-agents20-idx5-seed42-1783529261645,0,0,5,0.001371,1,2,124,126,1,1,24,10,0.000000,0.012000,0.025000,0.020000,0.001119,1
_home_max_Documents_PhD_MAPF_LNS_MAPF_LNS_SAT_mapf-map_room-64-64-16_map-_home_max_Documents_PhD_MAPF_LNS_MAPF_LNS_SAT_mapf-scen-even_scen-even_room-64-64-16-even-1_scen-agents20-idx6-seed42-1783529261844,0,0,21,0.005760,8,5,10,19,2,3,243,113,0.000000,0.103000,0.188000,0.153000,0.022910,1
_home_max_Documents_PhD_MAPF_LNS_MAPF_LNS_SAT_mapf-map_room-64-64-16_map-_home_max_Documents_PhD_MAPF_LNS_MAPF_LNS_SAT_mapf-scen-even_scen-even_room-64-64-16-even-1_scen-agents20-idx6-seed42-1783529261844,0,0,5,0.001371,1,2,14,16,4,7,179,68,0.000000,0.065000,0.143000,0.118000,0.005837,0
_home_max_Documents_PhD_MAPF_LNS_MAPF_LNS_SAT_mapf-map_room-64-64-16_map-_home_max_Documents_PhD_MAPF_LNS_MAPF_LNS_SAT_mapf-scen-even_scen-even_room-64-64-16-even-1_scen-agents20-idx6-seed42-1783529261844,0,1,11,0.003017,1,2,13,17,3,6,198,67,0.000000,0.064000,0.162000,0.130000,0.016015,1
_home_max_Documents_PhD_MAPF_LNS_MAPF_LNS_SAT_mapf-map_room-64-64-16_map-_home_max_Documents_PhD_MAPF_LNS_MAPF_LNS_SAT_mapf-scen-even_scen-even_room-64-64-16-even-1_scen-agents20-idx6-seed42-1783529261844,0,0,7,0.001920,1,2,44,46,4,9,259,87,0.000000,0.090000,0.214000,0.169000,0.016348,1
_home_max_Documents_PhD_MAPF_LNS_MAPF_LNS_SAT_mapf-map_room-64-64-16_map-_home_max_Documents_PhD_MAPF_LNS_MAPF_LNS_SAT_mapf-scen-even_scen-even_room-64-64-16-even-1_scen-agents20-idx6-seed42-1783529261844,0,0,7,0.001920,3,4,53,56,4,7,488,170,0.000000,0.231000,0.295000,0.255000,0.009693,0
_home_max_Documents_PhD_MAPF_LNS_MAPF_LNS_SAT_mapf-map_room-64-64-16_map-_home_max_Documents_PhD_MAPF_LNS_MAPF_LNS_SAT_mapf-scen-even_scen-even_room-64-64-16-even-1_scen-agents20-idx6-seed42-1783529261844,0,1,14,0.003840,3,6,52,57,2,5,139,73,0.000000,0.105000,0.139000,0.091000,0.010207,1
_home_max_Documents_PhD_MAPF_LNS_MAPF_LNS_SAT_mapf-map_room-64-64-16_map-_home_max_Documents_PhD_MAPF_LNS_MAPF_LNS_SAT_mapf-scen-even_scen-even_room-64-64-16-even-1_scen-agents20-idx6-seed42-1783529261844,0,0,5,0.001371,1,2,56,58,2,3,28,15,0.000000,0.015000,0.051000,0.037000,0.002299,1
_home_max_Documents_PhD_MAPF_LNS_MAPF_LNS_SAT_mapf-map_room-64-64-16_map-_home_max_Documents_PhD_MAPF_LNS_MAPF_LNS_SAT_mapf-scen-even_scen-even_room-64-64-16-even-1_scen-agents20-idx6-seed42-1783529261844,0,0,5,0.001371,1,2,66,68,4,7,182,70,0.000000,0.074000,0.144000,0.121000,0.005648,0
_home_max_Documents_PhD_MAPF_LNS_MAPF_LNS_SAT_mapf-map_room-64-64-16_map-_home_max_Documents_PhD_MAPF_LNS_MAPF_LNS_SAT_mapf-scen-even_scen-even_room-64-64-16-even-1_scen-agents20-idx6-seed42-1783529261844,0,1,11,0.003017,1,2,65,69,6,11,2053,449,0.000000,0.858000,1.078000,1.011000,0.061080,0
_home_max_Documents_PhD_MAPF_LNS_MAPF_LNS_SAT_mapf-map_room-64-64-16_map-_home_max_Documents_PhD_MAPF_LNS_MAPF_LNS_SAT_mapf-scen-even_scen-even_room-64-64-16-even-1_scen-agents20-idx6-seed42-1783529261844,0,2,68,0.018651,2,7,63,74,4,8,4612,642,0.000000,1.724000,2.053000,1.928000,0.076564,1
_home_max_Documents_PhD_MAPF_LNS_MAPF_LNS_SAT_mapf-map_room-64-64-16_map-_home_max_Documents_PhD_MAPF_LNS_MAPF_LNS_SAT_mapf-scen-even_scen-even_room-64-64-16-even-1_scen-agents20-idx7-seed42-1783529261991,0,0,9,0.002468,1,2,8,10,3,6,120,44,0.000000,0.040000,0.149000,0.115000,0.016922,1
_home_max_Documents_PhD_MAPF_LNS_MAPF_LNS_SAT_mapf-map_room-64-64-16_map-_home_max_Documents_PhD_MAPF_LNS_MAPF_LNS_SAT_mapf-scen-even_scen-even_room-64-64-16-even-1_scen-agents20-idx7-seed42-1783529261991,0,0,6,0.001646,2,3,66,69,4,7,269,102,0.000000,0.121000,0.189000,0.160000,0.008070,0
_home_max_Documents_PhD_MAPF_LNS_MAPF_LNS_SAT_mapf-map_room-64-64-16_map-_home_max_Documents_PhD_MAPF_LNS_MAPF_LNS_SAT_mapf-scen-even_scen-even_room-64-64-16-even-1_scen-agents20-idx7-seed42-1783529261991,0,1,11,0.003017,2,3,65,70,10,19,15304,2881,0.000000,5.343000,6.638000,6.329000,0.266585,1
_home_max_Documents_PhD_MAPF_LNS_MAPF_LNS_SAT_mapf-map_room-64-64-16_map-_home_max_Documents_PhD_MAPF_LNS_MAPF_LNS_SAT_mapf-scen-even_scen-even_room-64-64-16-even-1_scen-agents20-idx7-seed42-1783529261991,0,0,9,0.002468,1,2,78,80,3,7,121,44,0.000000,0.051000,0.136000,0.100000,0.010254,1
_home_max_Documents_PhD_MAPF_LNS_MAPF_LNS_SAT_mapf-map_room-64-64-16_map-_home_max_Documents_PhD_MAPF_LNS_MAPF_LNS_SAT_mapf-scen-even_scen-even_room-64-64-16-even-1_scen-agents20-idx7-seed42-1783529261991,0,0,9,0.002468,2,3,84,87,4,9,412,127,0.000000,0.168000,0.301000,0.242000,0.020757,1
_home_max_Documents_PhD_MAPF_LNS_MAPF_LNS_SAT_mapf-map_room-64-64-16_map-_home_max_Documents_PhD_MAPF_LNS_MAPF_LNS_SAT_mapf-scen-even_scen-even_room-64-64-16-even-1_scen-agents20-idx7-seed42-1783529261991,0,0,5,0.001371,1,3,119,121,1,1,25,11,0.000000,0.016000,0.032000,0.022000,0.001643,1
_home_max_Documents_PhD_MAPF_LNS_MAPF_LNS_SAT_mapf-map_room-64-64-16_map-_home_max_Documents_PhD_MAPF_LNS_MAPF_LNS_SAT_mapf-scen-even_scen-even_room-64-64-16-even-1_scen-agents20-idx7-seed42-1783529261991,0,0,5,0.001371,1,3,121,123,1,3,27,11,0.000000,0.016000,0.045000,0.028000,0.002252,1
_home_max_Documents_PhD_MAPF_LNS_MAPF_LNS_SAT_mapf-map_room-64-64-16_map-_home_max_Documents_PhD_MAPF_LNS_MAPF_LNS_SAT_mapf-scen-even_scen-even_room-64-64-16-even-1_scen-agents20-idx8-seed42-1783529262144,0,0,33,0.009051,11,3,9,21,2,4,237,111,0.000000,0.123000,0.205000,0.155000,0.019088,1
_home_max_Documents_PhD_MAPF_LNS_MAPF_LNS_SAT_mapf-map_room-64-64-16_map-_home_max_Documents_PhD_MAPF_LNS_MAPF_LNS_SAT_mapf-scen-even_scen-even_room-64-64-16-even-1_scen-agents20-idx8-seed42-1783529262144,0,0,5,0.001371,1,2,20,22,4,7,179,68,0.000000,0.059000,0.144000,0.119000,0.006367,0
_home_max_Documents_PhD_MAPF_LNS_MAPF_LNS_SAT_mapf-map_room-64-64-16_map-_home_max_Documents_PhD_MAPF_LNS_MAPF_LNS_SAT_mapf-scen-even_scen-even_room-64-64-16-even-1_scen-agents20-idx8-seed42-1783529262144,0,1,11,0.003017,1,2,19,23,3,6,154,58,0.000000,0.050000,0.137000,0.106000,0.013227,1
_home_max_Documents_PhD_MAPF_LNS_MAPF_LNS_SAT_mapf-map_room-64-64-16_map-_home_max_Documents_PhD_MAPF_LNS_MAPF_LNS_SAT_mapf-scen-even_scen-even_room-64-64-16-even-1_scen-agents20-idx8-seed42-1783529262144,0,0,8,0.002194,3,2,21,25,2,3,54,25,0.000000,0.019000,0.056000,0.040000,0.002394,1
_home_max_Documents_PhD_MAPF_LNS_MAPF_LNS_SAT_mapf-map_room-64-64-16_map-_home_max_Documents_PhD_MAPF_LNS_MAPF_LNS_SAT_mapf-scen-even_scen-even_room-64-64-16-even-1_scen-agents20-idx8-seed42-1783529262144,0,0,8,0.002194,1,2,31,33,3,7,118,42,0.000000,0.040000,0.128000,0.094000,0.009862,1
_home_max_Documents_PhD_MAPF_LNS_MAPF_LNS_SAT_mapf-map_room-64-64-16_map-_home_max_Documents_PhD_MAPF_LNS_MAPF_LNS_SAT_mapf-scen-even_scen-even_room-64-64-16-even-1_scen-agents20-idx8-seed42-1783529262144,0,0,5,0.001371,1,2,33,35,4,7,179,68,0.000000,0.066000,0.150000,0.124000,0.005813,0
_home_max_Documents_PhD_MAPF_LNS_MAPF_LNS_SAT_mapf-map_room-64-64-16_map-_home_max_Documents_PhD_MAPF_LNS_MAPF_LNS_SAT_mapf-scen-even_scen-even_room-64-64-16-even-1_scen-agents20-idx8-seed42-1783529262144,0,1,11,0.003017,1,3,32,36,2,3,54,29,0.000000,0.028000,0.064000,0.047000,0.004976,1
_home_max_Documents_PhD_MAPF_LNS_MAPF_LNS_SAT_mapf-map_room-64-64-16_map-_home_max_Documents_PhD_MAPF_LNS_MAPF_LNS_SAT_mapf-scen-even_scen-even_room-64-64-16-even-1_scen-agents20-idx8-seed42-1783529262144,0,0,9,0.002468,1,2,39,41,4,9,354,101,0.000000,0.106000,0.263000,0.215000,0.019474,1
_home_max_Documents_PhD_MAPF_LNS_MAPF_LNS_SAT_mapf-map_room-64-64-16_map-_home_max_Documents_PhD_MAPF_LNS_MAPF_LNS_SAT_mapf-scen-even_scen-even_room-64-64-16-even-1_scen-agents20-idx8-seed42-1783529262144,0,0,8,0.002194,3,4,41,44,4,7,394,127,0.000000,0.148000,0.244000,0.209000,0.007861,0
_home_max_Documents_PhD_MAPF_LNS_MAPF_LNS_SAT_mapf-map_room-64-64-16_map-_home_max_Documents_PhD_MAPF_LNS_MAPF_LNS_SAT_mapf-scen-even_scen-even_room-64-64-16-even-1_scen-agents20-idx8-seed42-1783529262144,0,1,18,0.004937,3,4,40,45,3,6,297,108,0.000000,0.128000,0.214000,0.167000,0.015206,1
_home_max_Documents_PhD_MAPF_LNS_MAPF_LNS_SAT_mapf-map_room-64-64-16_map-_home_max_Documents_PhD_MAPF_LNS_MAPF_LNS_SAT_mapf-scen-even_scen-even_room-64-64-16-even-1_scen-agents20-idx8-seed42-1783529262144,0,0,9,0.002468,2,3,51,53,5,12,718,218,0.000000,0.272000,0.513000,0.423000,0.058110,1
_home_max_Documents_PhD_MAPF_LNS_MAPF_LNS_SAT_mapf-map_room-64-64-16_map-_home_max_Documents_PhD_MAPF_LNS_MAPF_LNS_SAT_mapf-scen-even_scen-even_room-64-64-16-even-1_scen-agents20-idx8-seed42-1783529262144,0,0,7,0.001920,2,4,73,75,5,15,1013,298,0.000000,0.354000,0.693000,0.589000,0.086797,0
_home_max_Documents_PhD_MAPF_LNS_MAPF_LNS_SAT_mapf-map_room-64-64-16_map-_home_max_Documents_PhD_MAPF_LNS_MAPF_LNS_SAT_mapf-scen-even_scen-even_room-64-64-16-even-1_scen-agents20-idx8-seed42-1783529262144,0,1,14,0.003840,2,4,72,76,4,8,1108,279,0.000000,0.385000,0.611000,0.550000,0.043235,1
_home_max_Documents_PhD_MAPF_LNS_MAPF_LNS_SAT_mapf-map_room-64-64-16_map-_home_max_Documents_PhD_MAPF_LNS_MAPF_LNS_SAT_mapf-scen-even_scen-even_room-64-64-16-even-1_scen-agents20-idx8-seed42-1783529262144,0,0,5,0.001371,1,2,80,82,1,2,25,10,0.000000,0.012000,0.040000,0.027000,0.002669,1
_home_max_Documents_PhD_MAPF_LNS_MAPF_LNS_SAT_mapf-map_room-64-64-16_map-_home_max_Documents_PhD_MAPF_LNS_MAPF_LNS_SAT_mapf-scen-even_scen-even_room-64-64-16-even-1_scen-agents20-idx8-seed42-1783529262144,0,0,8,0.002194,1,3,92,94,2,4,37,20,0.000000,0.028000,0.050000,0.032000,0.001604,0
_home_max_Documents_PhD_MAPF_LNS_MAPF_LNS_SAT_mapf-map_room-64-64-16_map-_home_max_Documents_PhD_MAPF_LNS_MAPF_LNS_SAT_mapf-scen-even_scen-even_room-64-64-16-even-1_scen-agents20-idx8-seed42-1783529262144,0,1,16,0.004388,1,3,91,95,2,3,76,40,0.000000,0.056000,0.069000,0.050000,0.003244,1
_home_max_Documents_PhD_MAPF_LNS_MAPF_LNS_SAT_mapf-map_room-64-64-16_map-_home_max_Documents_PhD_MAPF_LNS_MAPF_LNS_SAT_mapf-scen-even_scen-even_room-64-64-16-even-1_scen-agents20-idx8-seed42-1783529262144,0,0,8,0.002194,1,3,96,98,2,4,58,29,0.000000,0.038000,0.065000,0.048000,0.004002,0
_home_max_Documents_PhD_MAPF_LNS_MAPF_LNS_SAT_mapf-map_room-64-64-16_map-_home_max_Documents_PhD_MAPF_LNS_MAPF_LNS_SAT_mapf-scen-even_scen-even_room-64-64-16-even-1_scen-agents20-idx8-seed42-1783529262144,0,1,16,0.004388,1,3,95,99,2,5,270,84,0.000000,0.108000,0.198000,0.164000,0.016400,1
_home_max_Documents_PhD_MAPF_LNS_MAPF_LNS_SAT_mapf-map_room-64-64-16_map-_home_max_Documents_PhD_MAPF_LNS_MAPF_LNS_SAT_mapf-scen-even_scen-even_room-64-64-16-even-1_scen-agents20-idx8-seed42-1783529262144,0,0,5,0.001371,1,2,105,107,1,3,26,10,0.000000,0.013000,0.046000,0.029000,0.002591,1
_home_max_Documents_PhD_MAPF_LNS_MAPF_LNS_SAT_mapf-map_room-64-64-16_map-_home_max_Documents_PhD_MAPF_LNS_MAPF_LNS_SAT_mapf-scen-even_scen-even_room-64-64-16-even-1_scen-agents20-idx8-seed42-1783529262144,0,0,5,0.001371,1,2,112,114,1,2,25,10,0.000000,0.012000,0.036000,0.025000,0.001857,1
_home_max_Documents_PhD_MAPF_LNS_MAPF_LNS_SAT_mapf-map_room-64-64-16_map-_home_max_Documents_PhD_MAPF_LNS_MAPF_LNS_SAT_mapf-scen-even_scen-even_room-64-64-16-even-1_scen-agents20-idx8-seed42-1783529262144,0,0,5,0.001371,1,2,128,130,1,2,25,10,0.000000,0.012000,0.035000,0.024000,0.001709,1
_home_max_Documents_PhD_MAPF_LNS_MAPF_LNS_SAT_mapf-map_room-64-64-16_map-_home_max_Documents_PhD_MAPF_LNS_MAPF_LNS_SAT_mapf-scen-even_scen-even_room-64-64-16-even-1_scen-agents20-idx8-seed42-1783529262144,0,0,5,0.001371,1,2,129,131,1,2,25,10,0.000000,0.012000,0.036000,0.024000,0.001687,1
_home_max_Documents_PhD_MAPF_LNS_MAPF_LNS_SAT_mapf-map_room-64-64-16_map-_home_max_Documents_PhD_MAPF_LNS_MAPF_LNS_SAT_mapf-scen-even_scen-even_room-64-64-16-even-1_scen-agents20-idx8-seed42-1783529262144,0,0,5,0.001371,1,2,133,135,1,3,26,10,0.000000,0.012000,0.042000,0.026000,0.001847,1
_home_max_Documents_PhD_MAPF_LNS_MAPF_LNS_SAT_mapf-map_room-64-64-16_map-_home_max_Documents_PhD_MAPF_LNS_MAPF_LNS_SAT_mapf-scen-even_scen-even_room-64-64-16-even-1_scen-agents20-idx8-seed42-1783529262144,0,0,5,0.001371,1,2,134,136,1,2,25,10,0.000000,0.012000,0.035000,0.024000,0.001599,1
_home_max_Documents_PhD_MAPF_LNS_MAPF_LNS_SAT_mapf-map_room-64-64-16_map-_home_max_Documents_PhD_MAPF_LNS_MAPF_LNS_SAT_mapf-scen-even_scen-even_room-64-64-16-even-1_scen-agents20-idx8-seed42-1783529262144,0,0,5,0.001371,1,3,142,144,1,2,26,11,0.000000,0.017000,0.048000,0.032000,0.003576,1
_home_max_Documents_PhD_MAPF_LNS_MAPF_LNS_SAT_mapf-map_room-64-64-16_map-_home_max_Documents_PhD_MAPF_LNS_MAPF_LNS_SAT_mapf-scen-even_scen-even_room-64-64-16-even-1_scen-agents20-idx8-seed42-1783529262144,0,0,5,0.001371,1,3,144,146,1,2,26,11,0.000000,0.017000,0.038000,0.025000,0.001798,1
_home_max_Documents_PhD_MAPF_LNS_MAPF_LNS_SAT_mapf-map_room-64-64-16_map-_home_max_Documents_PhD_MAPF_LNS_MAPF_LNS_SAT_mapf-scen-even_scen-even_room-64-64-16-even-1_scen-agents20-idx8-seed42-1783529262144,0,0,5,0.001371,1,2,152,154,1,2,25,10,0.000000,0.013000,0.036000,0.024000,0.001875,1
_home_max_Documents_PhD_MAPF_LNS_MAPF_LNS_SAT_mapf-map_room-64-64-16_map-_home_max_Documents_PhD_MAPF_LNS_MAPF_LNS_SAT_mapf-scen-even_scen-even_room-64-64-16-even-1_scen-agents20-idx9-seed42-1783529262344,0,0,19,0.005211,8,2,1,10,2,3,132,60,0.000000,0.073000,0.133000,0.105000,0.015726,1
_home_max_Documents_PhD_MAPF_LNS_MAPF_LNS_SAT_mapf-map_room-64-64-16_map-_home_max_Documents_PhD_MAPF_LNS_MAPF_LNS_SAT_mapf-scen-even_scen-even_room-64-64-16-even-1_scen-agents20-idx9-seed42-1783529262344,0,0,9,0.002468,3,3,9,13,2,3,58,28,0.000000,0.019000,0.064000,0.047000,0.002422,1
_home_max_Documents_PhD_MAPF_LNS_MAPF_LNS_SAT_mapf-map_room-64-64-16_map-_home_max_Documents_PhD_MAPF_LNS_MAPF_LNS_SAT_mapf-scen-even_scen-even_room-64-64-16-even-1_scen-agents20-idx9-seed42-1783529262344,0,0,4,0.001097,1,2,29,31,4,7,150,65,0.000000,0.057000,0.129000,0.104000,0.005423,0
_home_max_Documents_PhD_MAPF_LNS_MAPF_LNS_SAT_mapf-map_room-64-64-16_map-_home_max_Documents_PhD_MAPF_LNS_MAPF_LNS_SAT_mapf-scen-even_scen-even_room-64-64-16-even-1_scen-agents20-idx9-seed42-1783529262344,0,1,9,0.002468,1,2,28,32,5,10,777,216,0.000000,0.249000,0.450000,0.401000,0.029483,0
_home_max_Documents_PhD_MAPF_LNS_MAPF_LNS_SAT_mapf-map_room-64-64-16_map-_home_max_Documents_PhD_MAPF_LNS_MAPF_LNS_SAT_mapf-scen-even_scen-even_room-64-64-16-even-1_scen-agents20-idx9-seed42-1783529262344,0,2,24,0.006583,1,3,26,34,5,13,3489,544,0.000000,0.989000,1.631000,1.516000,0.109408,1
_home_max_Documents_PhD_MAPF_LNS_MAPF_LNS_SAT_mapf-map_room-64-64-16_map-_home_max_Documents_PhD_MAPF_LNS_MAPF_LNS_SAT_mapf-scen-even_scen-even_room-64-64-16-even-1_scen-agents20-idx9-seed42-1783529262344,0,0,5,0.001371,1,2,48,50,1,1,24,10,0.000000,0.011000,0.029000,0.023000,0.001606,1
_home_max_Documents_PhD_MAPF_LNS_MAPF_LNS_SAT_mapf-map_room-64-64-16_map-_home_max_Documents_PhD_MAPF_LNS_MAPF_LNS_SAT_mapf-scen-even_scen-even_room-64-64-16-even-1_scen-agents20-idx9-seed42-1783529262344,0,0,5,0.001371,1,2,53,55,1,1,24,10,0.000000,0.010000,0.026000,0.020000,0.001294,1
_home_max_Documents_PhD_MAPF_LNS_MAPF_LNS_SAT_mapf-map_room-64-64-16_map-_home_max_Documents_PhD_MAPF_LNS_MAPF_LNS_SAT_mapf-scen-even_scen-even_room-64-64-16-even-1_scen-agents20-idx9-seed42-1783529262344,0,0,5,0.001371,1,2,58,60,4,7,179,68,0.000000,0.066000,0.141000,0.115000,0.005852,0
_home_max_Documents_PhD_MAPF_LNS_MAPF_LNS_SAT_mapf-map_room-64-64-16_map-_home_max_Documents_PhD_MAPF_LNS_MAPF_LNS_SAT_mapf-scen-even_scen-even_room-64-64-16-even-1_scen-agents20-idx9-seed42-1783529262344,0,1,13,0.003566,1,3,57,61,1,1,23,13,0.000000,0.015000,0.025000,0.018000,0.001148,1
_home_max_Documents_PhD_MAPF_LNS_MAPF_LNS_SAT_mapf-map_room-64-64-16_map-_home_max_Documents_PhD_MAPF_LNS_MAPF_LNS_SAT_mapf-scen-even_scen-even_room-64-64-16-even-1_scen-agents20-idx9-seed42-1783529262344,0,0,5,0.001371,1,2,62,64,4,7,179,68,0.000000,0.067000,0.142000,0.116000,0.005589,0
_home_max_Documents_PhD_MAPF_LNS_MAPF_LNS_SAT_mapf-map_room-64-64-16_map-_home_max_Documents_PhD_MAPF_LNS_MAPF_LNS_SAT_mapf-scen-even_scen-even_room-64-64-16-even-1_scen-agents20-idx9-seed42-1783529262344,0,1,13,0.003566,1,2,61,65,3,6,178,62,0.000000,0.060000,0.150000,0.119000,0.014739,1
_home_max_Documents_PhD_MAPF_LNS_MAPF_LNS_SAT_mapf-map_room-64-64-16_map-_home_max_Documents_PhD_MAPF_LNS_MAPF_LNS_SAT_mapf-scen-even_scen-even_room-64-64-16-even-1_scen-agents20-idx9-seed42-1783529262344,0,0,5,0.001371,1,2,63,65,1,1,24,10,0.000000,0.010000,0.027000,0.022000,0.001472,1
_home_max_Documents_PhD_MAPF_LNS_MAPF_LNS_SAT_mapf-map_room-64-64-16_map-_home_max_Documents_PhD_MAPF_LNS_MAPF_LNS_SAT_mapf-scen-even_scen-even_room-64-64-16-even-1_scen-agents20-idx9-seed42-1783529262344,0,0,5,0.001371,1,2,67,69,4,7,179,68,0.000000,0.072000,0.153000,0.126000,0.006597,0
_home_max_Documents_PhD_MAPF_LNS_MAPF_LNS_SAT_mapf-map_room-64-64-16_map-_home_max_Documents_PhD_MAPF_LNS_MAPF_LNS_SAT_mapf-scen-even_scen-even_room-64-64-16-even-1_scen-agents20-idx9-seed42-1783529262344,0,1,13,0.003566,1,2,66,70,3,6,178,62,0.000000,0.071000,0.161000,0.128000,0.015510,1
_home_max_Documents_PhD_MAPF_LNS_MAPF_LNS_SAT_mapf-map_room-64-64-16_map-_home_max_Documents_PhD_MAPF_LNS_MAPF_LNS_SAT_mapf-scen-even_scen-even_room-64-64-16-even-1_scen-agents20-idx9-seed42-1783529262344,0,0,5,0.001371,1,2,69,71,4,7,179,68,0.000000,0.068000,0.143000,0.117000,0.005673,0
_home_max_Documents_PhD_MAPF_LNS_MAPF_LNS_SAT_mapf-map_room-64-64-16_map-_home_max_Documents_PhD_MAPF_LNS_MAPF_LNS_SAT_mapf-scen-even_scen-even_room-64-64-16-even-1_scen-agents20-idx9-seed42-1783529262344,0,1,13,0.003566,1,2,68,72,3,6,178,62,0.000000,0.062000,0.149000,0.119000,0.013841,1
_home_max_Documents_PhD_MAPF_LNS_MAPF_LNS_SAT_mapf-map_room-64-64-16_map-_home_max_Documents_PhD_MAPF_LNS_MAPF_LNS_SAT_mapf-scen-even_scen-even_room-64-64-16-even-1_scen-agents20-idx9-seed42-1783529262344,0,0,5,0.001371,1,2,74,76,4,7,179,68,0.000000,0.072000,0.142000,0.118000,0.005705,0
_home_max_Documents_PhD_MAPF_LNS_MAPF_LNS_SAT_mapf-map_room-64-64-16_map-_home_max_Documents_PhD_MAPF_LNS_MAPF_LNS_SAT_mapf-scen-even_scen-even_room-64-64-16-even-1_scen-agents20-idx9-seed42-1783529262344,0,1,13,0.003566,1,2,73,77,3,6,178,62,0.000000,0.066000,0.148000,0.118000,0.013319,1
_home_max_Documents_PhD_MAPF_LNS_MAPF_LNS_SAT_mapf-map_room-64-64-16_map-_home_max_Documents_PhD_MAPF_LNS_MAPF_LNS_SAT_mapf-scen-even_scen-even_room-64-64-16-even-1_scen-agents20-idx9-seed42-1783529262344,0,0,9,0.002468,1,2,76,78,3,7,97,40,0.000000,0.043000,0.119000,0.081000,0.008138,1
_home_max_Documents_PhD_MAPF_LNS_MAPF_LNS_SAT_mapf-map_room-64-64-16_map-_home_max_Documents_PhD_MAPF_LNS_MAPF_LNS_SAT_mapf-scen-even_scen-even_room-64-64-16-even-1_scen-agents20-idx9-seed42-1783529262344,0,0,9,0.002468,1,2,80,82,4,8,358,104,0.000000,0.120000,0.250000,0.210000,0.016945,1
_home_max_Documents_PhD_MAPF_LNS_MAPF_LNS_SAT_mapf-map_room-64-64-16_map-_home_max_Documents_PhD_MAPF_LNS_MAPF_LNS_SAT_mapf-scen-even_scen-even_room-64-64-16-even-1_scen-agents20-idx9-seed42-1783529262344,0,0,8,0.002194,1,2,81,83,3,7,119,43,0.000000,0.053000,0.132000,0.095000,0.010014,1
_home_max_Documents_PhD_MAPF_LNS_MAPF_LNS_SAT_mapf-map_room-64-64-16_map-_home_max_Documents_PhD_MAPF_LNS_MAPF_LNS_SAT_mapf-scen-even_scen-even_room-64-64-16-even-1_scen-agents20-idx9-seed42-1783529262344,0,0,5,0.001371,2,4,83,86,1,3,49,19,0.000000,0.027000,0.062000,0.039000,0.003358,1
_home_max_Documents_PhD_MAPF_LNS_MAPF_LNS_SAT_mapf-map_room-64-64-16_map-_home_max_Documents_PhD_MAPF_LNS_MAPF_LNS_SAT_mapf-scen-even_scen-even_room-64-64-16-even-1_scen-agents20-idx9-seed42-1783529262344,0,0,8,0.002194,1,2,85,87,3,7,118,42,0.000000,0.044000,0.124000,0.091000,0.008913,1
_home_max_Documents_PhD_MAPF_LNS_MAPF_LNS_SAT_mapf-map_room-64-64-16_map-_home_max_Documents_PhD_MAPF_LNS_MAPF_LNS_SAT_mapf-scen-even_scen-even_room-64-64-16-even-1_scen-agents20-idx9-seed42-1783529262344,0,0,8,0.002194,2,3,92,95,3,6,355,112,0.000000,0.162000,0.242000,0.207000,0.012456,0
_home_max_Documents_PhD_MAPF_LNS_MAPF_LNS_SAT_mapf-map_room-64-64-16_map-_home_max_Documents_PhD_MAPF_LNS_MAPF_LNS_SAT_mapf-scen-even_scen-even_room-64-64-16-even-1_scen-agents20-idx9-seed42-1783529262344,0,1,29,0.007954,3,5,91,98,3,7,2921,467,0.000000,0.888000,1.315000,1.235000,0.084372,0
_home_max_Documents_PhD_MAPF_LNS_MAPF_LNS_SAT_mapf-map_room-64-64-16_map-_home_max_Documents_PhD_MAPF_LNS_MAPF_LNS_SAT_mapf-scen-even_scen-even_room-64-64-16-even-1_scen-agents20-idx9-seed42-1783529262344,0,2,70,0.019199,3,7,89,100,3,7,20254,1324,0.000000,4.826000,7.590000,7.411000,0.252227,0
_home_max_Documents_PhD_MAPF_LNS_MAPF_LNS_SAT_mapf-map_room-64-64-16_map-_home_max_Documents_PhD_MAPF_LNS_MAPF_LNS_SAT_mapf-scen-even_scen-even_room-64-64-16-even-1_scen-agents20-idx9-seed42-1783529262344,0,3,142,0.038947,3,8,86,103,3,7,127837,3739,0.000000,37.672000,47.860000,47.399000,1.075342,0
_home_max_Documents_PhD_MAPF_LNS_MAPF_LNS_SAT_mapf-map_room-64-64-16_map-_home_max_Documents_PhD_MAPF_LNS_MAPF_LNS_SAT_mapf-scen-even_scen-even_room-64-64-16-even-1_scen-agents20-idx9-seed42-1783529262344,0,4,262,0.071860,3,11,82,107,3,7,845523,14386,0.002000,360.656000,396.821000,393.858000,6.592549,0
_home_max_Documents_PhD_MAPF_LNS_MAPF_LNS_SAT_mapf-map_room-64-64-16_map-_home_max_Documents_PhD_MAPF_LNS_MAPF_LNS_SAT_mapf-scen-even_scen-even_room-64-64-16-even-1_scen-agents20-idx9-seed42-1783529262344,0,5,400,0.109709,3,13,77,112,3,7,4548702,48104,0.004000,3335.018000,3759.722000,3740.691000,35.025543,0
_home_max_Documents_PhD_MAPF_LNS_MAPF_LNS_SAT_mapf-map_room-64-64-16_map-_home_max_Documents_PhD_MAPF_LNS_MAPF_LNS_SAT_mapf-scen-even_scen-even_room-64-64-16-even-1_scen-agents20-idx9-seed42-1783529262344,0,6,525,0.143993,3,14,71,118,3,7,14044126,102956,0.057000,20981.756000,12536.161000,11977.916000,101.189047,0
_home_max_Documents_PhD_MAPF_LNS_MAPF_LNS_SAT_mapf-map_room-64-64-16_map-_home_max_Documents_PhD_MAPF_LNS_MAPF_LNS_SAT_mapf-scen-even_scen-even_room-64-64-16-even-1_scen-agents20-idx9-seed42-1783529262344,0,7,714,0.195831,3,14,64,125,3,7,36467935,192780,0.035000,121790.032000,46430.693000,43144.178000,334.177601,0
_home_max_Documents_PhD_MAPF_LNS_MAPF_LNS_SAT_mapf-map_room-64-64-16_map-_home_max_Documents_PhD_MAPF_LNS_MAPF_LNS_SAT_mapf-scen-even_scen-even_room-64-64-16-even-1_scen-agents50-idx0-seed42-1783529860456,0,0,9,0.002468,1,2,4,6,4,9,355,102,0.000000,0.114000,0.300000,0.248000,0.027713,1
_home_max_Documents_PhD_MAPF_LNS_MAPF_LNS_SAT_mapf-map_room-64-64-16_map-_home_max_Documents_PhD_MAPF_LNS_MAPF_LNS_SAT_mapf-scen-even_scen-even_room-64-64-16-even-1_scen-agents50-idx0-seed42-1783529860456,0,0,9,0.002468,3,6,5,9,4,7,510,178,0.000000,0.174000,0.301000,0.258000,0.010175,0
_home_max_Documents_PhD_MAPF_LNS_MAPF_LNS_SAT_mapf-map_room-64-64-16_map-_home_max_Documents_PhD_MAPF_LNS_MAPF_LNS_SAT_mapf-scen-even_scen-even_room-64-64-16-even-1_scen-agents50-idx0-seed42-1783529860456,0,1,19,0.005211,3,6,4,10,3,6,402,160,0.000000,0.143000,0.277000,0.212000,0.021762,1
_home_max_Documents_PhD_MAPF_LNS_MAPF_LNS_SAT_mapf-map_room-64-64-16_map-_home_max_Documents_PhD_MAPF_LNS_MAPF_LNS_SAT_mapf-scen-even_scen-even_room-64-64-16-even-1_scen-agents50-idx0-seed42-1783529860456,0,0,5,0.001371,1,3,9,11,2,3,30,17,0.000000,0.013000,0.044000,0.029000,0.002060,1
_home_max_Documents_PhD_MAPF_LNS_MAPF_LNS_SAT_mapf-map_room-64-64-16_map-_home_max_Documents_PhD_MAPF_LNS_MAPF_LNS_SAT_mapf-scen-even_scen-even_room-64-64-16-even-1_scen-agents50-idx0-seed42-1783529860456,0,0,5,0.001371,1,2,10,12,1,1,24,10,0.000000,0.009000,0.027000,0.021000,0.001709,1
_home_max_Documents_PhD_MAPF_LNS_MAPF_LNS_SAT_mapf-map_room-64-64-16_map-_home_max_Documents_PhD_MAPF_LNS_MAPF_LNS_SAT_mapf-scen-even_scen-even_room-64-64-16-even-1_scen-agents50-idx0-seed42-1783529860456,0,0,7,0.001920,3,2,11,15,2,3,52,25,0.000000,0.018000,0.055000,0.039000,0.002402,1
_home_max_Documents_PhD_MAPF_LNS_MAPF_LNS_SAT_mapf-map_room-64-64-16_map-_home_max_Documents_PhD_MAPF_LNS_MAPF_LNS_SAT_mapf-scen-even_scen-even_room-64-64-16-even-1_scen-agents50-idx0-seed42-1783529860456,0,0,7,0.001920,1,2,11,13,3,7,112,44,0.000000,0.040000,0.131000,0.091000,0.009030,1
_home_max_Documents_PhD_MAPF_LNS_MAPF_LNS_SAT_mapf-map_room-64-64-16_map-_home_max_Documents_PhD_MAPF_LNS_MAPF_LNS_SAT_mapf-scen-even_scen-even_room-64-64-16-even-1_scen-agents50-idx0-seed42-1783529860456,0,0,12,0.003291,4,4,12,17,2,3,102,51,0.000000,0.045000,0.084000,0.063000,0.005168,1
_home_max_Documents_PhD_MAPF_LNS_MAPF_LNS_SAT_mapf-map_room-64-64-16_map-_home_max_Documents_PhD_MAPF_LNS_MAPF_LNS_SAT_mapf-scen-even_scen-even_room-64-64-16-even-1_scen-agents50-idx0-seed42-1783529860456,0,0,5,0.001371,1,2,12,14,1,3,26,10,0.000000,0.009000,0.045000,0.028000,0.002607,1
_home_max_Documents_PhD_MAPF_LNS_MAPF_LNS_SAT_mapf-map_room-64-64-16_map-_home_max_Documents_PhD_MAPF_LNS_MAPF_LNS_SAT_mapf-scen-even_scen-even_room-64-64-16-even-1_scen-agents50-idx0-seed42-1783529860456,0,0,5,0.001371,1,2,15,17,4,7,192,75,0.000000,0.067000,0.150000,0.124000,0.005677,0
_home_max_Documents_PhD_MAPF_LNS_MAPF_LNS_SAT_mapf-map_room-64-64-16_map-_home_max_Documents_PhD_MAPF_LNS_MAPF_LNS_SAT_mapf-scen-even_scen-even_room-64-64-16-even-1_scen-agents50-idx0-seed42-1783529860456,0,1,11,0.003017,1,3,14,18,2,4,61,32,0.000000,0.024000,0.073000,0.050000,0.004299,1
_home_max_Documents_PhD_MAPF_LNS_MAPF_LNS_SAT_mapf-map_room-64-64-16_map-_home_max_Documents_PhD_MAPF_LNS_MAPF_LNS_SAT_mapf-scen-even_scen-even_room-64-64-16-even-1_scen-agents50-idx0-seed42-1783529860456,0,0,25,0.006857,12,3,17,30,2,3,240,99,0.000000,0.092000,0.152000,0.126000,0.010112,1
_home_max_Documents_PhD_MAPF_LNS_MAPF_LNS_SAT_mapf-map_room-64-64-16_map-_home_max_Documents_PhD_MAPF_LNS_MAPF_LNS_SAT_mapf-scen-even_scen-even_room-64-64-16-even-1_scen-agents50-idx0-seed42-1783529860456,0,0,8,0.002194,2,2,19,22,2,4,57,26,0.000000,0.023000,0.073000,0.051000,0.005469,1
_home_max_Documents_PhD_MAPF_LNS_MAPF_LNS_SAT_mapf-map_room-64-64-16_map-_home_max_Documents_PhD_MAPF_LNS_MAPF_LNS_SAT_mapf-scen-even_scen-even_room-64-64-16-even-1_scen-agents50-idx0-seed42-1783529860456,0,0,9,0.002468,1,2,21,23,3,7,122,45,0.000000,0.042000,0.132000,0.095000,0.009955,1
_home_max_Documents_PhD_MAPF_LNS_MAPF_LNS_SAT_mapf-map_room-64-64-16_map-_home_max_Documents_PhD_MAPF_LNS_MAPF_LNS_SAT_mapf-scen-even_scen-even_room-64-64-16-even-1_scen-agents50-idx0-seed42-1783529860456,0,0,5,0.001371,1,2,23,25,1,1,24,10,0.000000,0.009000,0.027000,0.022000,0.001616,1
_home_max_Documents_PhD_MAPF_LNS_MAPF_LNS_SAT_mapf-map_room-64-64-16_map-_home_max_Documents_PhD_MAPF_LNS_MAPF_LNS_SAT_mapf-scen-even_scen-even_room-64-64-16-even-1_scen-agents50-idx0-seed42-1783529860456,0,0,5,0.001371,1,2,24,26,4,7,221,84,0.000000,0.082000,0.166000,0.139000,0.005583,0
_home_max_Documents_PhD_MAPF_LNS_MAPF_LNS_SAT_mapf-map_room-64-64-16_map-_home_max_Documents_PhD_MAPF_LNS_MAPF_LNS_SAT_mapf-scen-even_scen-even_room-64-64-16-even-1_scen-agents50-idx0-seed42-1783529860456,0,1,18,0.004937,2,4,23,29,1,1,62,32,0.000000,0.031000,0.049000,0.040000,0.003223,1
_home_max_Documents_PhD_MAPF_LNS_MAPF_LNS_SAT_mapf-map_room-64-64-16_map-_home_max_Documents_PhD_MAPF_LNS_MAPF_LNS_SAT_mapf-scen-even_scen-even_room-64-64-16-even-1_scen-agents50-idx0-seed42-1783529860456,0,0,8,0.002194,1,2,25,27,2,3,32,17,0.000000,0.012000,0.045000,0.031000,0.001988,1
_home_max_Documents_PhD_MAPF_LNS_MAPF_LNS_SAT_mapf-map_room-64-64-16_map-_home_max_Documents_PhD_MAPF_LNS_MAPF_LNS_SAT_mapf-scen-even_scen-even_room-64-64-16-even-1_scen-agents50-idx0-seed42-1783529860456,0,0,17,0.004663,16,8,26,32,9,33,55025,7270,0.000000,19.194000,34.644000,33.038000,3.276135,1
_home_max_Documents_PhD_MAPF_LNS_MAPF_LNS_SAT_mapf-map_room-64-64-16_map-_home_max_Documents_PhD_MAPF_LNS_MAPF_LNS_SAT_mapf-scen-even_scen-even_room-64-64-16-even-1_scen-agents50-idx0-seed42-1783529860456,0,0,9,0.002468,1,3,28,30,6,15,1533,379,0.000000,0.493000,0.902000,0.789000,0.075237,1
_home_max_Documents_PhD_MAPF_LNS_MAPF_LNS_SAT_mapf-map_room-64-64-16_map-_home_max_Documents_PhD_MAPF_LNS_MAPF_LNS_SAT_mapf-scen-even_scen-even_room-64-64-16-even-1_scen-agents50-idx0-seed42-1783529860456,0,0,9,0.002468,2,3,30,33,4,9,411,126,0.000000,0.135000,0.313000,0.255000,0.028755,1
_home_max_Documents_PhD_MAPF_LNS_MAPF_LNS_SAT_mapf-map_room-64-64-16_map-_home_max_Documents_PhD_MAPF_LNS_MAPF_LNS_SAT_mapf-scen-even_scen-even_room-64-64-16-even-1_scen-agents50-idx0-seed42-1783529860456,0,0,9,0.002468,2,3,32,34,3,9,197,71,0.000000,0.070000,0.203000,0.149000,0.022204,1
_home_max_Documents_PhD_MAPF_LNS_MAPF_LNS_SAT_mapf-map_room-64-64-16_map-_home_max_Documents_PhD_MAPF_LNS_MAPF_LNS_SAT_mapf-scen-even_scen-even_room-64-64-16-even-1_scen-agents50-idx0-seed42-1783529860456,0,0,8,0.002194,1,4,33,35,6,15,2401,608,0.000000,0.849000,1.327000,1.198000,0.106786,0
_home_max_Documents_PhD_MAPF_LNS_MAPF_LNS_SAT_mapf-map_room-64-64-16_map-_home_max_Documents_PhD_MAPF_LNS_MAPF_LNS_SAT_mapf-scen-even_scen-even_room-64-64-16-even-1_scen-agents50-idx0-seed42-1783529860456,0,1,18,0.004937,1,6,32,36,3,6,371,144,0.000000,0.177000,0.274000,0.222000,0.024623,1
_home_max_Documents_PhD_MAPF_LNS_MAPF_LNS_SAT_mapf-map_room-64-64-16_map-_home_max_Documents_PhD_MAPF_LNS_MAPF_LNS_SAT_mapf-scen-even_scen-even_room-64-64-16-even-1_scen-agents50-idx0-seed42-1783529860456,0,0,8,0.002194,1,2,39,41,3,7,118,42,0.000000,0.042000,0.129000,0.093000,0.009377,1
_home_max_Documents_PhD_MAPF_LNS_MAPF_LNS_SAT_mapf-map_room-64-64-16_map-_home_max_Documents_PhD_MAPF_LNS_MAPF_LNS_SAT_mapf-scen-even_scen-even_room-64-64-16-even-1_scen-agents50-idx0-seed42-1783529860456,0,0,7,0.001920,1,2,43,45,4,8,260,89,0.000000,0.098000,0.223000,0.174000,0.015539,1
_home_max_Documents_PhD_MAPF_LNS_MAPF_LNS_SAT_mapf-map_room-64-64-16_map-_home_max_Documents_PhD_MAPF_LNS_MAPF_LNS_SAT_mapf-scen-even_scen-even_room-64-64-16-even-1_scen-agents50-idx0-seed42-1783529860456,0,0,5,0.001371,1,2,45,47,4,7,208,82,0.000000,0.096000,0.164000,0.135000,0.006589,0
_home_max_Documents_PhD_MAPF_LNS_MAPF_LNS_SAT_mapf-map_room-64-64-16_map-_home_max_Documents_PhD_MAPF_LNS_MAPF_LNS_SAT_mapf-scen-even_scen-even_room-64-64-16-even-1_scen-agents50-idx0-seed42-1783529860456,0,1,13,0.003566,1,3,44,48,1,1,40,19,0.000000,0.020000,0.035000,0.028000,0.002342,1
_home_max_Documents_PhD_MAPF_LNS_MAPF_LNS_SAT_mapf-map_room-64-64-16_map-_home_max_Documents_PhD_MAPF_LNS_MAPF_LNS_SAT_mapf-scen-even_scen-even_room-64-64-16-even-1_scen-agents50-idx0-seed42-1783529860456,0,0,8,0.002194,4,6,46,49,2,4,86,45,0.000000,0.059000,0.099000,0.066000,0.007830,1
_home_max_Documents_PhD_MAPF_LNS_MAPF_LNS_SAT_mapf-map_room-64-64-16_map-_home_max_Documents_PhD_MAPF_LNS_MAPF_LNS_SAT_mapf-scen-even_scen-even_room-64-64-16-even-1_scen-agents50-idx0-seed42-1783529860456,0,0,5,0.001371,1,3,48,50,4,7,184,73,0.000000,0.080000,0.152000,0.122000,0.005844,0
_home_max_Documents_PhD_MAPF_LNS_MAPF_LNS_SAT_mapf-map_room-64-64-16_map-_home_max_Documents_PhD_MAPF_LNS_MAPF_LNS_SAT_mapf-scen-even_scen-even_room-64-64-16-even-1_scen-agents50-idx0-seed42-1783529860456,0,1,13,0.003566,1,4,47,51,1,2,50,24,0.000000,0.028000,0.060000,0.041000,0.005622,1
_home_max_Documents_PhD_MAPF_LNS_MAPF_LNS_SAT_mapf-map_room-64-64-16_map-_home_max_Documents_PhD_MAPF_LNS_MAPF_LNS_SAT_mapf-scen-even_scen-even_room-64-64-16-even-1_scen-agents50-idx0-seed42-1783529860456,0,0,11,0.003017,4,4,52,55,3,6,223,83,0.000000,0.103000,0.182000,0.139000,0.010645,1
_home_max_Documents_PhD_MAPF_LNS_MAPF_LNS_SAT_mapf-map_room-64-64-16_map-_home_max_Documents_PhD_MAPF_LNS_MAPF_LNS_SAT_mapf-scen-even_scen-even_room-64-64-16-even-1_scen-agents50-idx0-seed42-1783529860456,0,0,7,0.001920,2,4,52,55,4,9,320,116,0.000000,0.142000,0.267000,0.207000,0.021978,1
_home_max_Documents_PhD_MAPF_LNS_MAPF_LNS_SAT_mapf-map_room-64-64-16_map-_home_max_Documents_PhD_MAPF_LNS_MAPF_LNS_SAT_mapf-scen-even_scen-even_room-64-64-16-even-1_scen-agents50-idx0-seed42-1783529860456,0,0,5,0.001371,1,2,54,56,2,3,28,15,0.000000,0.015000,0.041000,0.028000,0.001847,1
_home_max_Documents_PhD_MAPF_LNS_MAPF_LNS_SAT_mapf-map_room-64-64-16_map-_home_max_Documents_PhD_MAPF_LNS_MAPF_LNS_SAT_mapf-scen-even_scen-even_room-64-64-16-even-1_scen-agents50-idx0-seed42-1783529860456,0,0,9,0.002468,2,3,55,58,8,15,7045,1641,0.000000,2.885000,3.070000,2.931000,0.087969,0
_home_max_Documents_PhD_MAPF_LNS_MAPF_LNS_SAT_mapf-map_room-64-64-16_map-_home_max_Documents_PhD_MAPF_LNS_MAPF_LNS_SAT_mapf-scen-even_scen-even_room-64-64-16-even-1_scen-agents50-idx0-seed42-1783529860456,0,1,29,0.007954,3,6,54,61,9,21,135536,11211,0.003000,55.097000,56.473000,55.490000,1.545366,0
_home_max_Documents_PhD_MAPF_LNS_MAPF_LNS_SAT_mapf-map_room-64-64-16_map-_home_max_Documents_PhD_MAPF_LNS_MAPF_LNS_SAT_mapf-scen-even_scen-even_room-64-64-16-even-1_scen-agents50-idx0-seed42-1783529860456,0,2,102,0.027976,4,9,52,64,9,18,1448360,42220,0.009000,1313.094000,855.036000,850.474000,12.318233,0
_home_max_Documents_PhD_MAPF_LNS_MAPF_LNS_SAT_mapf-map_room-64-64-16_map-_home_max_Documents_PhD_MAPF_LNS_MAPF_LNS_SAT_mapf-scen-even_scen-even_room-64-64-16-even-1_scen-agents50-idx0-seed42-1783529860456,0,3,254,0.069665,5,20,49,72,5,17,605161,18464,0.005000,329.254000,259.036000,256.350000,8.445133,1
_home_max_Documents_PhD_MAPF_LNS_MAPF_LNS_SAT_mapf-map_room-64-64-16_map-_home_max_Documents_PhD_MAPF_LNS_MAPF_LNS_SAT_mapf-scen-even_scen-even_room-64-64-16-even-1_scen-agents50-idx0-seed42-1783529860456,0,0,7,0.001920,1,3,56,58,1,1,13,8,0.000000,0.011000,0.028000,0.020000,0.002656,1
_home_max_Documents_PhD_MAPF_LNS_MAPF_LNS_SAT_mapf-map_room-64-64-16_map-_home_max_Documents_PhD_MAPF_LNS_MAPF_LNS_SAT_mapf-scen-even_scen-even_room-64-64-16-even-1_scen-agents50-idx0-seed42-1783529860456,0,0,9,0.002468,1,2,58,60,4,9,354,101,0.000000,0.131000,0.295000,0.241000,0.022051,1
_home_max_Documents_PhD_MAPF_LNS_MAPF_LNS_SAT_mapf-map_room-64-64-16_map-_home_max_Documents_PhD_MAPF_LNS_MAPF_LNS_SAT_mapf-scen-even_scen-even_room-64-64-16-even-1_scen-agents50-idx0-seed42-1783529860456,0,0,10,0.002743,6,7,62,67,6,13,2852,741,0.000000,1.480000,1.455000,1.309000,0.060697,0
_home_max_Documents_PhD_MAPF_LNS_MAPF_LNS_SAT_mapf-map_room-64-64-16_map-_home_max_Documents_PhD_MAPF_LNS_MAPF_LNS_SAT_mapf-scen-even_scen-even_room-64-64-16-even-1_scen-agents50-idx0-seed42-1783529860456,0,1,17,0.004663,6,8,61,68,7,16,11430,1965,0.000000,4.829000,4.903000,4.658000,0.134648,0
_home_max_Documents_PhD_MAPF_LNS_MAPF_LNS_SAT_mapf-map_room-64-64-16_map-_home_max_Documents_PhD_MAPF_LNS_MAPF_LNS_SAT_mapf-scen-even_scen-even_room-64-64-16-even-1_scen-agents50-idx0-seed42-1783529860456,0,2,38,0.010422,6,9,59,70,7,25,74621,6813,0.002000,29.405000,32.001000,30.744000,2.534165,1
_home_max_Documents_PhD_MAPF_LNS_MAPF_LNS_SAT_mapf-map_room-64-64-16_map-_home_max_Documents_PhD_MAPF_LNS_MAPF_LNS_SAT_mapf-scen-even_scen-even_room-64-64-16-even-1_scen-agents50-idx0-seed42-1783529860456,0,0,23,0.006308,9,5,67,75,2,4,202,94,0.000000,0.136000,0.162000,0.119000,0.009295,1
_home_max_Documents_PhD_MAPF_LNS_MAPF_LNS_SAT_mapf-map_room-64-64-16_map-_home_max_Documents_PhD_MAPF_LNS_MAPF_LNS_SAT_mapf-scen-even_scen-even_room-64-64-16-even-1_scen-agents50-idx0-seed42-1783529860456,0,0,4,0.001097,1,2,67,69,4,7,144,61,0.000000,0.066000,0.133000,0.105000,0.006849,0
_home_max_Documents_PhD_MAPF_LNS_MAPF_LNS_SAT_mapf-map_room-64-64-16_map-_home_max_Documents_PhD_MAPF_LNS_MAPF_LNS_SAT_mapf-scen-even_scen-even_room-64-64-16-even-1_scen-agents50-idx0-seed42-1783529860456,0,1,8,0.002194,1,3,66,70,1,1,27,15,0.000000,0.018000,0.028000,0.021000,0.001715,1
_home_max_Documents_PhD_MAPF_LNS_MAPF_LNS_SAT_mapf-map_room-64-64-16_map-_home_max_Documents_PhD_MAPF_LNS_MAPF_LNS_SAT_mapf-scen-even_scen-even_room-64-64-16-even-1_scen-agents50-idx0-seed42-1783529860456,0,0,5,0.001371,1,2,72,74,1,3,26,10,0.000000,0.011000,0.047000,0.029000,0.002435,1
_home_max_Documents_PhD_MAPF_LNS_MAPF_LNS_SAT_mapf-map_room-64-64-16_map-_home_max_Documents_PhD_MAPF_LNS_MAPF_LNS_SAT_mapf-scen-even_scen-even_room-64-64-16-even-1_scen-agents50-idx0-seed42-1783529860456,0,0,8,0.002194,1,2,81,83,3,7,122,45,0.000000,0.057000,0.136000,0.097000,0.009927,1
_home_max_Documents_PhD_MAPF_LNS_MAPF_LNS_SAT_mapf-map_room-64-64-16_map-_home_max_Documents_PhD_MAPF_LNS_MAPF_LNS_SAT_mapf-scen-even_scen-even_room-64-64-16-even-1_scen-agents50-idx0-seed42-1783529860456,0,0,8,0.002194,1,2,81,83,2,5,61,24,0.000000,0.027000,0.081000,0.056000,0.004918,1
_home_max_Documents_PhD_MAPF_LNS_MAPF_LNS_SAT_mapf-map_room-64-64-16_map-_home_max_Documents_PhD_MAPF_LNS_MAPF_LNS_SAT_mapf-scen-even_scen-even_room-64-64-16-even-1_scen-agents50-idx0-seed42-1783529860456,0,0,5,0.001371,1,3,84,86,4,7,191,76,0.000000,0.095000,0.151000,0.124000,0.006242,0
_home_max_Documents_PhD_MAPF_LNS_MAPF_LNS_SAT_mapf-map_room-64-64-16_map-_home_max_Documents_PhD_MAPF_LNS_MAPF_LNS_SAT_mapf-scen-even_scen-even_room-64-64-16-even-1_scen-agents50-idx0-seed42-1783529860456,0,1,10,0.002743,1,3,83,87,5,10,933,243,0.000000,0.363000,0.564000,0.507000,0.039373,0
_home_max_Documents_PhD_MAPF_LNS_MAPF_LNS_SAT_mapf-map_room-64-64-16_map-_home_max_Documents_PhD_MAPF_LNS_MAPF_LNS_SAT_mapf-scen-even_scen-even_room-64-64-16-even-1_scen-agents50-idx0-seed42-1783529860456,0,2,29,0.007954,1,5,81,89,4,8,2044,399,0.000000,0.845000,0.985000,0.899000,0.051436,1
_home_max_Documents_PhD_MAPF_LNS_MAPF_LNS_SAT_mapf-map_room-64-64-16_map-_home_max_Documents_PhD_MAPF_LNS_MAPF_LNS_SAT_mapf-scen-even_scen-even_room-64-64-16-even-1_scen-agents50-idx0-seed42-1783529860456,0,0,9,0.002468,4,6,85,88,5,9,1535,418,0.000000,0.719000,0.788000,0.719000,0.024063,0
_home_max_Documents_PhD_MAPF_LNS_MAPF_LNS_SAT_mapf-map_room-64-64-16_map-_home_max_Documents_PhD_MAPF_LNS_MAPF_LNS_SAT_mapf-scen-even_scen-even_room-64-64-16-even-1_scen-agents50-idx0-seed42-1783529860456,0,1,19,0.005211,4,8,84,89,7,29,21644,2855,0.000000,7.257000,10.524000,9.737000,1.289467,1
_home_max_Documents_PhD_MAPF_LNS_MAPF_LNS_SAT_mapf-map_room-64-64-16_map-_home_max_Documents_PhD_MAPF_LNS_MAPF_LNS_SAT_mapf-scen-even_scen-even_room-64-64-16-even-1_scen-agents50-idx0-seed42-1783529860456,0,0,8,0.002194,1,3,85,87,3,7,121,45,0.000000,0.060000,0.138000,0.096000,0.010389,1
_home_max_Documents_PhD_MAPF_LNS_MAPF_LNS_SAT_mapf-map_room-64-64-16_map-_home_max_Documents_PhD_MAPF_LNS_MAPF_LNS_SAT_mapf-scen-even_scen-even_room-64-64-16-even-1_scen-agents50-idx0-seed42-1783529860456,0,0,8,0.002194,2,3,86,88,1,3,23,12,0.000000,0.015000,0.051000,0.030000,0.005454,1
_home_max_Documents_PhD_MAPF_LNS_MAPF_LNS_SAT_mapf-map_room-64-64-16_map-_home_max_Documents_PhD_MAPF_LNS_MAPF_LNS_SAT_mapf-scen-even_scen-even_room-64-64-16-even-1_scen-agents50-idx0-seed42-1783529860456,0,0,8,0.002194,2,3,90,92,4,7,346,106,0.000000,0.150000,0.222000,0.190000,0.007146,0
_home_max_Documents_PhD_MAPF_LNS_MAPF_LNS_SAT_mapf-map_room-64-64-16_map-_home_max_Documents_PhD_MAPF_LNS_MAPF_LNS_SAT_mapf-scen-even_scen-even_room-64-64-16-even-1_scen-agents50-idx0-seed42-1783529860456,0,1,18,0.004937,2,3,89,93,3,7,250,86,0.000000,0.125000,0.204000,0.153000,0.017354,1
_home_max_Documents_PhD_MAPF_LNS_MAPF_LNS_SAT_mapf-map_room-64-64-16_map-_home_max_Documents_PhD_MAPF_LNS_MAPF_LNS_SAT_mapf-scen-even_scen-even_room-64-64-16-even-1_scen-agents50-idx0-seed42-1783529860456,0,0,8,0.002194,1,3,90,92,1,1,27,12,0.000000,0.017000,0.031000,0.025000,0.002127,1
_home_max_Documents_PhD_MAPF_LNS_MAPF_LNS_SAT_mapf-map_room-64-64-16_map-_home_max_Documents_PhD_MAPF_LNS_MAPF_LNS_SAT_mapf-scen-even_scen-even_room-64-64-16-even-1_scen-agents50-idx0-seed42-1783529860456,0,0,5,0.001371,1,2,97,99,1,3,26,10,0.000000,0.011000,0.046000,0.028000,0.002439,1
_home_max_Documents_PhD_MAPF_LNS_MAPF_LNS_SAT_mapf-map_room-64-64-16_map-_home_max_Documents_PhD_MAPF_LNS_MAPF_LNS_SAT_mapf-scen-even_scen-even_room-64-64-16-even-1_scen-agents50-idx0-seed42-1783529860456,0,0,5,0.001371,1,2,103,105,1,1,24,10,0.000000,0.012000,0.027000,0.021000,0.001340,1
_home_max_Documents_PhD_MAPF_LNS_MAPF_LNS_SAT_mapf-map_room-64-64-16_map-_home_max_Documents_PhD_MAPF_LNS_MAPF_LNS_SAT_mapf-scen-even_scen-even_room-64-64-16-even-1_scen-agents50-idx0-seed42-1783529860456,0,0,5,0.001371,1,2,111,113,1,1,24,10,0.000000,0.012000,0.025000,0.020000,0.001296,1
_home_max_Documents_PhD_MAPF_LNS_MAPF_LNS_SAT_mapf-map_room-64-64-16_map-_home_max_Documents_PhD_MAPF_LNS_MAPF_LNS_SAT_mapf-scen-even_scen-even_room-64-64-16-even-1_scen-agents50-idx0-seed42-1783529860456,0,0,5,0.001371,2,3,121,124,1,4,50,18,0.000000,0.026000,0.074000,0.045000,0.004271,1
_home_max_Documents_PhD_MAPF_LNS_MAPF_LNS_SAT_mapf-map_room-64-64-16_map-_home_max_Documents_PhD_MAPF_LNS_MAPF_LNS_SAT_mapf-scen-even_scen-even_room-64-64-16-even-1_scen-agents50-idx0-seed42-1783529860456,0,0,5,0.001371,1,2,128,130,1,1,24,10,0.000000,0.013000,0.026000,0.020000,0.001295,1
_home_max_Documents_PhD_MAPF_LNS_MAPF_LNS_SAT_mapf-map_room-64-64-16_map-_home_max_Documents_PhD_MAPF_LNS_MAPF_LNS_SAT_mapf-scen-even_scen-even_room-64-64-16-even-1_scen-agents50-idx0-seed42-1783529860456,0,0,5,0.001371,1,2,129,131,1,2,25,10,0.000000,0.012000,0.035000,0.024000,0.001861,1
_home_max_Documents_PhD_MAPF_LNS_MAPF_LNS_SAT_mapf-map_room-64-64-16_map-_home_max_Documents_PhD_MAPF_LNS_MAPF_LNS_SAT_mapf-scen-even_scen-even_room-64-64-16-even-1_scen-agents50-idx0-seed42-1783529860456,0,0,5,0.001371,1,2,131,133,1,2,25,10,0.000000,0.014000,0.037000,0.025000,0.001846,1
_home_max_Documents_PhD_MAPF_LNS_MAPF_LNS_SAT_mapf-map_room-64-64-16_map-_home_max_Documents_PhD_MAPF_LNS_MAPF_LNS_SAT_mapf-scen-even_scen-even_room-64-64-16-even-1_scen-agents50-idx0-seed42-1783529860456,0,0,5,0.001371,2,3,134,137,1,5,52,18,0.000000,0.027000,0.084000,0.049000,0.004182,1
_home_max_Documents_PhD_MAPF_LNS_MAPF_LNS_SAT_mapf-map_room-64-64-16_map-_home_max_Documents_PhD_MAPF_LNS_MAPF_LNS_SAT_mapf-scen-even_scen-even_room-64-64-16-even-1_scen-agents50-idx0-seed42-1783529860456,0,0,5,0.001371,1,2,134,136,1,2,25,10,0.000000,0.013000,0.051000,0.034000,0.002545,1
_home_max_Documents_PhD_MAPF_LNS_MAPF_LNS_SAT_mapf-map_room-64-64-16_map-_home_max_Documents_PhD_MAPF_LNS_MAPF_LNS_SAT_mapf-scen-even_scen-even_room-64-64-16-even-1_scen-agents50-idx0-seed42-1783529860456,0,0,5,0.001371,1,2,140,142,1,2,25,10,0.000000,0.013000,0.039000,0.026000,0.002257,1
_home_max_Documents_PhD_MAPF_LNS_MAPF_LNS_SAT_mapf-map_room-64-64-16_map-_home_max_Documents_PhD_MAPF_LNS_MAPF_LNS_SAT_mapf-scen-even_scen-even_room-64-64-16-even-1_scen-agents50-idx0-seed42-1783529860456,0,0,5,0.001371,1,3,145,147,1,1,25,11,0.000000,0.018000,0.028000,0.021000,0.001494,1
_home_max_Documents_PhD_MAPF_LNS_MAPF_LNS_SAT_mapf-map_room-64-64-16_map-_home_max_Documents_PhD_MAPF_LNS_MAPF_LNS_SAT_mapf-scen-even_scen-even_room-64-64-16-even-1_scen-agents50-idx0-seed42-1783529860456,0,0,5,0.001371,1,2,147,149,1,1,24,10,0.000000,0.014000,0.027000,0.021000,0.001525,1
_home_max_Documents_PhD_MAPF_LNS_MAPF_LNS_SAT_mapf-map_room-64-64-16_map-_home_max_Documents_PhD_MAPF_LNS_MAPF_LNS_SAT_mapf-scen-even_scen-even_room-64-64-16-even-1_scen-agents50-idx0-seed42-1783529860456,0,0,5,0.001371,1,2,153,155,1,2,25,10,0.000000,0.014000,0.036000,0.024000,0.001868,1
_home_max_Documents_PhD_MAPF_LNS_MAPF_LNS_SAT_mapf-map_room-64-64-16_map-_home_max_Documents_PhD_MAPF_LNS_MAPF_LNS_SAT_mapf-scen-even_scen-even_room-64-64-16-even-1_scen-agents50-idx0-seed42-1783529860456,0,0,5,0.001371,1,2,157,159,1,2,25,10,0.000000,0.013000,0.035000,0.024000,0.001601,1
_home_max_Documents_PhD_MAPF_LNS_MAPF_LNS_SAT_mapf-map_room-64-64-16_map-_home_max_Documents_PhD_MAPF_LNS_MAPF_LNS_SAT_mapf-scen-even_scen-even_room-64-64-16-even-1_scen-agents50-idx0-seed42-1783529860456,0,0,4,0.001097,1,2,174,176,1,2,20,9,0.000000,0.013000,0.034000,0.022000,0.001861,1
_home_max_Documents_PhD_MAPF_LNS_MAPF_LNS_SAT_mapf-map_room-64-64-16_map-_home_max_Documents_PhD_MAPF_LNS_MAPF_LNS_SAT_mapf-scen-even_scen-even_room-64-64-16-even-1_scen-agents50-idx1-seed42-1783529864317,0,0,11,0.003017,3,2,2,6,1,1,26,14,0.000000,0.012000,0.058000,0.048000,0.010585,1
_home_max_Documents_PhD_MAPF_LNS_MAPF_LNS_SAT_mapf-map_room-64-64-16_map-_home_max_Documents_PhD_MAPF_LNS_MAPF_LNS_SAT_mapf-scen-even_scen-even_room-64-64-16-even-1_scen-agents50-idx1-seed42-1783529864317,0,0,5,0.001371,1,3,2,4,3,5,94,42,0.000000,0.032000,0.083000,0.063000,0.002781,0
_home_max_Documents_PhD_MAPF_LNS_MAPF_LNS_SAT_mapf-map_room-64-64-16_map-_home_max_Documents_PhD_MAPF_LNS_MAPF_LNS_SAT_mapf-scen-even_scen-even_room-64-64-16-even-1_scen-agents50-idx1-seed42-1783529864317,0,1,13,0.003566,1,4,1,5,2,6,115,54,0.000000,0.043000,0.135000,0.087000,0.012531,1
_home_max_Documents_PhD_MAPF_LNS_MAPF_LNS_SAT_mapf-map_room-64-64-16_map-_home_max_Documents_PhD_MAPF_LNS_MAPF_LNS_SAT_mapf-scen-even_scen-even_room-64-64-16-even-1_scen-agents50-idx1-seed42-1783529864317,0,0,5,0.001371,1,2,2,4,2,3,28,15,0.000000,0.010000,0.041000,0.027000,0.002125,1
_home_max_Documents_PhD_MAPF_LNS_MAPF_LNS_SAT_mapf-map_room-64-64-16_map-_home_max_Documents_PhD_MAPF_LNS_MAPF_LNS_SAT_mapf-scen-even_scen-even_room-64-64-16-even-1_scen-agents50-idx1-seed42-1783529864317,0,0,9,0.002468,3,4,7,11,2,3,70,35,0.000000,0.027000,0.066000,0.045000,0.002754,1
_home_max_Documents_PhD_MAPF_LNS_MAPF_LNS_SAT_mapf-map_room-64-64-16_map-_home_max_Documents_PhD_MAPF_LNS_MAPF_LNS_SAT_mapf-scen-even_scen-even_room-64-64-16-even-1_scen-agents50-idx1-seed42-1783529864317,0,0,8,0.002194,1,2,8,10,1,1,12,7,0.000000,0.005000,0.022000,0.016000,0.001028,1
_home_max_Documents_PhD_MAPF_LNS_MAPF_LNS_SAT_mapf-map_room-64-64-16_map-_home_max_Documents_PhD_MAPF_LNS_MAPF_LNS_SAT_mapf-scen-even_scen-even_room-64-64-16-even-1_scen-agents50-idx1-seed42-1783529864317,0,0,9,0.002468,3,2,10,14,2,3,54,25,0.000000,0.017000,0.055000,0.039000,0.002178,1
_home_max_Documents_PhD_MAPF_LNS_MAPF_LNS_SAT_mapf-map_room-64-64-16_map-_home_max_Documents_PhD_MAPF_LNS_MAPF_LNS_SAT_mapf-scen-even_scen-even_room-64-64-16-even-1_scen-agents50-idx1-seed42-1783529864317,0,0,9,0.002468,5,4,19,23,8,24,3920,927,0.000000,1.221000,2.704000,2.360000,0.250588,1
_home_max_Documents_PhD_MAPF_LNS_MAPF_LNS_SAT_mapf-map_room-64-64-16_map-_home_max_Documents_PhD_MAPF_LNS_MAPF_LNS_SAT_mapf-scen-even_scen-even_room-64-64-16-even-1_scen-agents50-idx1-seed42-1783529864317,0,0,9,0.002468,2,5,22,25,3,7,235,92,0.000000,0.100000,0.214000,0.161000,0.021464,1
_home_max_Documents_PhD_MAPF_LNS_MAPF_LNS_SAT_mapf-map_room-64-64-16_map-_home_max_Documents_PhD_MAPF_LNS_MAPF_LNS_SAT_mapf-scen-even_scen-even_room-64-64-16-even-1_scen-agents50-idx1-seed42-1783529864317,0,0,9,0.002468,1,2,28,30,3,5,95,40,0.000000,0.043000,0.108000,0.084000,0.006720,1
_home_max_Documents_PhD_MAPF_LNS_MAPF_LNS_SAT_mapf-map_room-64-64-16_map-_home_max_Documents_PhD_MAPF_LNS_MAPF_LNS_SAT_mapf-scen-even_scen-even_room-64-64-16-even-1_scen-agents50-idx1-seed42-1783529864317,0,0,9,0.002468,1,2,30,32,5,16,752,205,0.000000,0.226000,0.573000,0.468000,0.074495,1
_home_max_Documents_PhD_MAPF_LNS_MAPF_LNS_SAT_mapf-map_room-64-64-16_map-_home_max_Documents_PhD_MAPF_LNS_MAPF_LNS_SAT_mapf-scen-even_scen-even_room-64-64-16-even-1_scen-agents50-idx1-seed42-1783529864317,0,0,8,0.002194,1,2,30,32,3,7,118,42,0.000000,0.044000,0.127000,0.091000,0.009473,1
_home_max_Documents_PhD_MAPF_LNS_MAPF_LNS_SAT_mapf-map_room-64-64-16_map-_home_max_Documents_PhD_MAPF_LNS_MAPF_LNS_SAT_mapf-scen-even_scen-even_room-64-64-16-even-1_scen-agents50-idx1-seed42-1783529864317,0,0,5,0.001371,1,2,30,32,4,7,179,68,0.000000,0.066000,0.149000,0.123000,0.005834,0
_home_max_Documents_PhD_MAPF_LNS_MAPF_LNS_SAT_mapf-map_room-64-64-16_map-_home_max_Documents_PhD_MAPF_LNS_MAPF_LNS_SAT_mapf-scen-even_scen-even_room-64-64-16-even-1_scen-agents50-idx1-seed42-1783529864317,0,1,11,0.003017,1,3,29,33,5,10,1045,254,0.000000,0.347000,0.570000,0.520000,0.033143,0
_home_max_Documents_PhD_MAPF_LNS_MAPF_LNS_SAT_mapf-map_room-64-64-16_map-_home_max_Documents_PhD_MAPF_LNS_MAPF_LNS_SAT_mapf-scen-even_scen-even_room-64-64-16-even-1_scen-agents50-idx1-seed42-1783529864317,0,2,35,0.009600,1,7,27,35,7,17,37598,3127,0.001000,11.748000,14.669000,14.398000,0.251547,0
_home_max_Documents_PhD_MAPF_LNS_MAPF_LNS_SAT_mapf-map_room-64-64-16_map-_home_max_Documents_PhD_MAPF_LNS_MAPF_LNS_SAT_mapf-scen-even_scen-even_room-64-64-16-even-1_scen-agents50-idx1-seed42-1783529864317,0,3,95,0.026056,1,13,24,38,1,3,2342,461,0.000000,0.806000,1.137000,1.010000,0.097033,1
_home_max_Documents_PhD_MAPF_LNS_MAPF_LNS_SAT_mapf-map_room-64-64-16_map-_home_max_Documents_PhD_MAPF_LNS_MAPF_LNS_SAT_mapf-scen-even_scen-even_room-64-64-16-even-1_scen-agents50-idx1-seed42-1783529864317,0,0,8,0.002194,2,3,32,35,2,3,69,33,0.000000,0.033000,0.071000,0.054000,0.004273,1
_home_max_Documents_PhD_MAPF_LNS_MAPF_LNS_SAT_mapf-map_room-64-64-16_map-_home_max_Documents_PhD_MAPF_LNS_MAPF_LNS_SAT_mapf-scen-even_scen-even_room-64-64-16-even-1_scen-agents50-idx1-seed42-1783529864317,0,0,8,0.002194,2,3,34,37,4,8,433,130,0.000000,0.144000,0.303000,0.252000,0.021910,1
_home_max_Documents_PhD_MAPF_LNS_MAPF_LNS_SAT_mapf-map_room-64-64-16_map-_home_max_Documents_PhD_MAPF_LNS_MAPF_LNS_SAT_mapf-scen-even_scen-even_room-64-64-16-even-1_scen-agents50-idx1-seed42-1783529864317,0,0,29,0.007954,11,5,35,45,3,8,714,225,0.000000,0.274000,0.461000,0.380000,0.039815,1
_home_max_Documents_PhD_MAPF_LNS_MAPF_LNS_SAT_mapf-map_room-64-64-16_map-_home_max_Documents_PhD_MAPF_LNS_MAPF_LNS_SAT_mapf-scen-even_scen-even_room-64-64-16-even-1_scen-agents50-idx1-seed42-1783529864317,0,0,9,0.002468,1,2,36,38,3,7,95,39,0.000000,0.037000,0.118000,0.082000,0.008255,1
_home_max_Documents_PhD_MAPF_LNS_MAPF_LNS_SAT_mapf-map_room-64-64-16_map-_home_max_Documents_PhD_MAPF_LNS_MAPF_LNS_SAT_mapf-scen-even_scen-even_room-64-64-16-even-1_scen-agents50-idx1-seed42-1783529864317,0,0,9,0.002468,2,4,39,42,9,86,14328,2914,0.000000,4.717000,14.069000,11.599000,5.585229,1
_home_max_Documents_PhD_MAPF_LNS_MAPF_LNS_SAT_mapf-map_room-64-64-16_map-_home_max_Documents_PhD_MAPF_LNS_MAPF_LNS_SAT_mapf-scen-even_scen-even_room-64-64-16-even-1_scen-agents50-idx1-seed42-1783529864317,0,0,5,0.001371,1,2,41,43,1,3,26,10,0.000000,0.011000,0.047000,0.030000,0.003153,1
_home_max_Documents_PhD_MAPF_LNS_MAPF_LNS_SAT_mapf-map_room-64-64-16_map-_home_max_Documents_PhD_MAPF_LNS_MAPF_LNS_SAT_mapf-scen-even_scen-even_room-64-64-16-even-1_scen-agents50-idx1-seed42-1783529864317,0,0,5,0.001371,1,2,41,43,4,7,179,68,0.000000,0.066000,0.145000,0.120000,0.006308,0
_home_max_Documents_PhD_MAPF_LNS_MAPF_LNS_SAT_mapf-map_room-64-64-16_map-_home_max_Documents_PhD_MAPF_LNS_MAPF_LNS_SAT_mapf-scen-even_scen-even_room-64-64-16-even-1_scen-agents50-idx1-seed42-1783529864317,0,1,11,0.003017,1,2,40,44,5,10,1012,235,0.000000,0.311000,0.555000,0.507000,0.032863,0
_home_max_Documents_PhD_MAPF_LNS_MAPF_LNS_SAT_mapf-map_room-64-64-16_map-_home_max_Documents_PhD_MAPF_LNS_MAPF_LNS_SAT_mapf-scen-even_scen-even_room-64-64-16-even-1_scen-agents50-idx1-seed42-1783529864317,0,2,36,0.009874,1,4,38,46,1,2,64,34,0.000000,0.041000,0.063000,0.042000,0.003034,1
_home_max_Documents_PhD_MAPF_LNS_MAPF_LNS_SAT_mapf-map_room-64-64-16_map-_home_max_Documents_PhD_MAPF_LNS_MAPF_LNS_SAT_mapf-scen-even_scen-even_room-64-64-16-even-1_scen-agents50-idx1-seed42-1783529864317,0,0,7,0.001920,2,3,42,44,7,17,3243,926,0.001000,1.482000,1.644000,1.508000,0.099851,0
_home_max_Documents_PhD_MAPF_LNS_MAPF_LNS_SAT_mapf-map_room-64-64-16_map-_home_max_Documents_PhD_MAPF_LNS_MAPF_LNS_SAT_mapf-scen-even_scen-even_room-64-64-16-even-1_scen-agents50-idx1-seed42-1783529864317,0,1,14,0.003840,2,4,41,45,4,18,1328,331,0.000000,0.434000,1.022000,0.844000,0.180247,1
_home_max_Documents_PhD_MAPF_LNS_MAPF_LNS_SAT_mapf-map_room-64-64-16_map-_home_max_Documents_PhD_MAPF_LNS_MAPF_LNS_SAT_mapf-scen-even_scen-even_room-64-64-16-even-1_scen-agents50-idx1-seed42-1783529864317,0,0,5,0.001371,1,2,44,46,2,3,28,15,0.000000,0.014000,0.043000,0.029000,0.002100,1
_home_max_Documents_PhD_MAPF_LNS_MAPF_LNS_SAT_mapf-map_room-64-64-16_map-_home_max_Documents_PhD_MAPF_LNS_MAPF_LNS_SAT_mapf-scen-even_scen-even_room-64-64-16-even-1_scen-agents50-idx1-seed42-1783529864317,0,0,8,0.002194,1,2,46,48,1,2,13,7,0.000000,0.007000,0.027000,0.016000,0.001158,1
_home_max_Documents_PhD_MAPF_LNS_MAPF_LNS_SAT_mapf-map_room-64-64-16_map-_home_max_Documents_PhD_MAPF_LNS_MAPF_LNS_SAT_mapf-scen-even_scen-even_room-64-64-16-even-1_scen-agents50-idx1-seed42-1783529864317,0,0,6,0.001646,1,2,48,50,2,4,33,17,0.000000,0.015000,0.055000,0.036000,0.003785,1
_home_max_Documents_PhD_MAPF_LNS_MAPF_LNS_SAT_mapf-map_room-64-64-16_map-_home_max_Documents_PhD_MAPF_LNS_MAPF_LNS_SAT_mapf-scen-even_scen-even_room-64-64-16-even-1_scen-agents50-idx1-seed42-1783529864317,0,0,5,0.001371,1,2,48,50,1,2,25,10,0.000000,0.011000,0.036000,0.025000,0.002166,1
_home_max_Documents_PhD_MAPF_LNS_MAPF_LNS_SAT_mapf-map_room-64-64-16_map-_home_max_Documents_PhD_MAPF_LNS_MAPF_LNS_SAT_mapf-scen-even_scen-even_room-64-64-16-even-1_scen-agents50-idx1-seed42-1783529864317,0,0,5,0.001371,1,2,49,51,4,7,179,68,0.000000,0.065000,0.145000,0.119000,0.005892,0
_home_max_Documents_PhD_MAPF_LNS_MAPF_LNS_SAT_mapf-map_room-64-64-16_map-_home_max_Documents_PhD_MAPF_LNS_MAPF_LNS_SAT_mapf-scen-even_scen-even_room-64-64-16-even-1_scen-agents50-idx1-seed42-1783529864317,0,1,13,0.003566,1,2,48,52,3,6,178,62,0.000000,0.059000,0.150000,0.120000,0.013808,1
_home_max_Documents_PhD_MAPF_LNS_MAPF_LNS_SAT_mapf-map_room-64-64-16_map-_home_max_Documents_PhD_MAPF_LNS_MAPF_LNS_SAT_mapf-scen-even_scen-even_room-64-64-16-even-1_scen-agents50-idx1-seed42-1783529864317,0,0,11,0.003017,2,4,50,53,3,6,207,84,0.000000,0.099000,0.173000,0.134000,0.012415,1
_home_max_Documents_PhD_MAPF_LNS_MAPF_LNS_SAT_mapf-map_room-64-64-16_map-_home_max_Documents_PhD_MAPF_LNS_MAPF_LNS_SAT_mapf-scen-even_scen-even_room-64-64-16-even-1_scen-agents50-idx1-seed42-1783529864317,0,0,10,0.002743,2,3,50,53,4,7,900,247,0.000000,0.365000,0.473000,0.431000,0.010250,0
_home_max_Documents_PhD_MAPF_LNS_MAPF_LNS_SAT_mapf-map_room-64-64-16_map-_home_max_Documents_PhD_MAPF_LNS_MAPF_LNS_SAT_mapf-scen-even_scen-even_room-64-64-16-even-1_scen-agents50-idx1-seed42-1783529864317,0,1,24,0.006583,3,10,49,56,6,11,24647,3148,0.001000,9.528000,9.622000,9.420000,0.173953,0
_home_max_Documents_PhD_MAPF_LNS_MAPF_LNS_SAT_mapf-map_room-64-64-16_map-_home_max_Documents_PhD_MAPF_LNS_MAPF_LNS_SAT_mapf-scen-even_scen-even_room-64-64-16-even-1_scen-agents50-idx1-seed42-1783529864317,0,2,48,0.013165,3,13,47,58,13,26,1940810,94140,0.030000,1624.491000,1720.041000,1710.349000,18.219559,0
_home_max_Documents_PhD_MAPF_LNS_MAPF_LNS_SAT_mapf-map_room-64-64-16_map-_home_max_Documents_PhD_MAPF_LNS_MAPF_LNS_SAT_mapf-scen-even_scen-even_room-64-64-16-even-1_scen-agents50-idx1-seed42-1783529864317,0,3,137,0.037575,4,16,44,65,12,64,12659850,251611,0.026000,26374.861000,14016.422000,13382.280000,407.399862,1
_home_max_Documents_PhD_MAPF_LNS_MAPF_LNS_SAT_mapf-map_room-64-64-16_map-_home_max_Documents_PhD_MAPF_LNS_MAPF_LNS_SAT_mapf-scen-even_scen-even_room-64-64-16-even-1_scen-agents50-idx1-seed42-1783529864317,0,0,11,0.003017,2,4,55,58,4,7,530,144,0.000000,0.244000,0.344000,0.307000,0.013647,0
_home_max_Documents_PhD_MAPF_LNS_MAPF_LNS_SAT_mapf-map_room-64-64-16_map-_home_max_Documents_PhD_MAPF_LNS_MAPF_LNS_SAT_mapf-scen-even_scen-even_room-64-64-16-even-1_scen-agents50-idx1-seed42-1783529864317,0,1,23,0.006308,2,4,54,59,3,7,328,116,0.000000,0.167000,0.281000,0.217000,0.021546,1
_home_max_Documents_PhD_MAPF_LNS_MAPF_LNS_SAT_mapf-map_room-64-64-16_map-_home_max_Documents_PhD_MAPF_LNS_MAPF_LNS_SAT_mapf-scen-even_scen-even_room-64-64-16-even-1_scen-agents50-idx1-seed42-1783529864317,0,0,5,0.001371,1,3,56,58,4,7,183,72,0.000000,0.084000,0.158000,0.130000,0.006151,0
_home_max_Documents_PhD_MAPF_LNS_MAPF_LNS_SAT_mapf-map_room-64-64-16_map-_home_max_Documents_PhD_MAPF_LNS_MAPF_LNS_SAT_mapf-scen-even_scen-even_room-64-64-16-even-1_scen-agents50-idx1-seed42-1783529864317,0,1,11,0.003017,1,3,55,59,5,10,1106,272,0.000000,0.423000,0.630000,0.572000,0.033578,0
_home_max_Documents_PhD_MAPF_LNS_MAPF_LNS_SAT_mapf-map_room-64-64-16_map-_home_max_Documents_PhD_MAPF_LNS_MAPF_LNS_SAT_mapf-scen-even_scen-even_room-64-64-16-even-1_scen-agents50-idx1-seed42-1783529864317,0,2,73,0.020022,2,10,53,65,5,17,18928,1808,0.001000,6.594000,8.279000,7.799000,0.704921,1
_home_max_Documents_PhD_MAPF_LNS_MAPF_LNS_SAT_mapf-map_room-64-64-16_map-_home_max_Documents_PhD_MAPF_LNS_MAPF_LNS_SAT_mapf-scen-even_scen-even_room-64-64-16-even-1_scen-agents50-idx1-seed42-1783529864317,0,0,9,0.002468,2,3,62,65,4,7,399,123,0.000000,0.151000,0.264000,0.225000,0.009048,0
_home_max_Documents_PhD_MAPF_LNS_MAPF_LNS_SAT_mapf-map_room-64-64-16_map-_home_max_Documents_PhD_MAPF_LNS_MAPF_LNS_SAT_mapf-scen-even_scen-even_room-64-64-16-even-1_scen-agents50-idx1-seed42-1783529864317,0,1,19,0.005211,2,4,61,66,3,7,298,107,0.000000,0.142000,0.250000,0.192000,0.021614,1
_home_max_Documents_PhD_MAPF_LNS_MAPF_LNS_SAT_mapf-map_room-64-64-16_map-_home_max_Documents_PhD_MAPF_LNS_MAPF_LNS_SAT_mapf-scen-even_scen-even_room-64-64-16-even-1_scen-agents50-idx1-seed42-1783529864317,0,0,12,0.003291,4,7,74,77,7,13,14081,2688,0.000000,5.680000,6.061000,5.803000,0.140748,0
_home_max_Documents_PhD_MAPF_LNS_MAPF_LNS_SAT_mapf-map_room-64-64-16_map-_home_max_Documents_PhD_MAPF_LNS_MAPF_LNS_SAT_mapf-scen-even_scen-even_room-64-64-16-even-1_scen-agents50-idx1-seed42-1783529864317,0,1,24,0.006583,4,9,73,78,8,16,83897,8672,0.003000,30.564000,34.255000,33.571000,1.078326,0
_home_max_Documents_PhD_MAPF_LNS_MAPF_LNS_SAT_mapf-map_room-64-64-16_map-_home_max_Documents_PhD_MAPF_LNS_MAPF_LNS_SAT_mapf-scen-even_scen-even_room-64-64-16-even-1_scen-agents50-idx1-seed42-1783529864317,0,2,61,0.016731,4,12,71,80,7,14,268269,14245,0.003000,123.575000,105.825000,104.739000,2.445398,0
_home_max_Documents_PhD_MAPF_LNS_MAPF_LNS_SAT_mapf-map_room-64-64-16_map-_home_max_Documents_PhD_MAPF_LNS_MAPF_LNS_SAT_mapf-scen-even_scen-even_room-64-64-16-even-1_scen-agents50-idx1-seed42-1783529864317,0,3,297,0.081459,8,24,68,90,4,24,1021084,31328,0.007000,774.186000,502.377000,496.560000,18.118899,1
_home_max_Documents_PhD_MAPF_LNS_MAPF_LNS_SAT_mapf-map_room-64-64-16_map-_home_max_Documents_PhD_MAPF_LNS_MAPF_LNS_SAT_mapf-scen-even_scen-even_room-64-64-16-even-1_scen-agents50-idx1-seed42-1783529864317,0,0,5,0.001371,1,2,97,99,1,2,25,10,0.000000,0.014000,0.054000,0.036000,0.004644,1
_home_max_Documents_PhD_MAPF_LNS_MAPF_LNS_SAT_mapf-map_room-64-64-16_map-_home_max_Documents_PhD_MAPF_LNS_MAPF_LNS_SAT_mapf-scen-even_scen-even_room-64-64-16-even-1_scen-agents50-idx1-seed42-1783529864317,0,0,5,0.001371,2,3,98,101,1,2,46,18,0.000000,0.025000,0.056000,0.039000,0.003538,1
_home_max_Documents_PhD_MAPF_LNS_MAPF_LNS_SAT_mapf-map_room-64-64-16_map-_home_max_Documents_PhD_MAPF_LNS_MAPF_LNS_SAT_mapf-scen-even_scen-even_room-64-64-16-even-1_scen-agents50-idx1-seed42-1783529864317,0,0,4,0.001097,1,3,98,100,4,7,180,81,0.000000,0.146000,0.153000,0.120000,0.007257,0
_home_max_Documents_PhD_MAPF_LNS_MAPF_LNS_SAT_mapf-map_room-64-64-16_map-_home_max_Documents_PhD_MAPF_LNS_MAPF_LNS_SAT_mapf-scen-even_scen-even_room-64-64-16-even-1_scen-agents50-idx1-seed42-1783529864317,0,1,9,0.002468,1,5,97,101,1,4,91,36,0.000000,0.052000,0.113000,0.074000,0.013673,1
_home_max_Documents_PhD_MAPF_LNS_MAPF_LNS_SAT_mapf-map_room-64-64-16_map-_home_max_Documents_PhD_MAPF_LNS_MAPF_LNS_SAT_mapf-scen-even_scen-even_room-64-64-16-even-1_scen-agents50-idx1-seed42-1783529864317,0,0,4,0.001097,1,3,102,104,1,4,23,10,0.000000,0.014000,0.053000,0.030000,0.002068,1
_home_max_Documents_PhD_MAPF_LNS_MAPF_LNS_SAT_mapf-map_room-64-64-16_map-_home_max_Documents_PhD_MAPF_LNS_MAPF_LNS_SAT_mapf-scen-even_scen-even_room-64-64-16-even-1_scen-agents50-idx1-seed42-1783529864317,0,0,8,0.002194,3,10,104,108,1,5,163,62,0.000000,0.144000,0.184000,0.113000,0.013165,1
_home_max_Documents_PhD_MAPF_LNS_MAPF_LNS_SAT_mapf-map_room-64-64-16_map-_home_max_Documents_PhD_MAPF_LNS_MAPF_LNS_SAT_mapf-scen-even_scen-even_room-64-64-16-even-1_scen-agents50-idx1-seed42-1783529864317,0,0,5,0.001371,1,8,109,111,1,2,33,17,0.000000,0.044000,0.063000,0.039000,0.004286,1
_home_max_Documents_PhD_MAPF_LNS_MAPF_LNS_SAT_mapf-map_room-64-64-16_map-_home_max_Documents_PhD_MAPF_LNS_MAPF_LNS_SAT_mapf-scen-even_scen-even_room-64-64-16-even-1_scen-agents50-idx1-seed42-1783529864317,0,0,14,0.003840,9,12,110,114,4,36,3102,771,0.000000,2.330000,3.490000,2.571000,1.059801,1
_home_max_Documents_PhD_MAPF_LNS_MAPF_LNS_SAT_mapf-map_room-64-64-16_map-_home_max_Documents_PhD_MAPF_LNS_MAPF_LNS_SAT_mapf-scen-even_scen-even_room-64-64-16-even-1_scen-agents50-idx1-seed42-1783529864317,0,0,5,0.001371,1,3,119,121,1,2,27,11,0.000000,0.017000,0.044000,0.029000,0.002572,1
_home_max_Documents_PhD_MAPF_LNS_MAPF_LNS_SAT_mapf-map_room-64-64-16_map-_home_max_Documents_PhD_MAPF_LNS_MAPF_LNS_SAT_mapf-scen-even_scen-even_room-64-64-16-even-1_scen-agents50-idx1-seed42-1783529864317,0,0,8,0.002194,1,2,122,124,1,1,24,10,0.000000,0.012000,0.027000,0.021000,0.001419,1
_home_max_Documents_PhD_MAPF_LNS_MAPF_LNS_SAT_mapf-map_room-64-64-16_map-_home_max_Documents_PhD_MAPF_LNS_MAPF_LNS_SAT_mapf-scen-even_scen-even_room-64-64-16-even-1_scen-agents50-idx1-seed42-1783529864317,0,0,5,0.001371,1,2,122,124,1,1,24,10,0.000000,0.012000,0.029000,0.022000,0.001357,1
_home_max_Documents_PhD_MAPF_LNS_MAPF_LNS_SAT_mapf-map_room-64-64-16_map-_home_max_Documents_PhD_MAPF_LNS_MAPF_LNS_SAT_mapf-scen-even_scen-even_room-64-64-16-even-1_scen-agents50-idx1-seed42-1783529864317,0,0,8,0.002194,1,5,123,125,1,3,33,15,0.000000,0.029000,0.056000,0.033000,0.002236,1
_home_max_Documents_PhD_MAPF_LNS_MAPF_LNS_SAT_mapf-map_room-64-64-16_map-_home_max_Documents_PhD_MAPF_LNS_MAPF_LNS_SAT_mapf-scen-even_scen-even_room-64-64-16-even-1_scen-agents50-idx1-seed42-1783529864317,0,0,5,0.001371,1,5,125,127,2,4,67,32,0.000000,0.069000,0.091000,0.061000,0.007111,1
_home_max_Documents_PhD_MAPF_LNS_MAPF_LNS_SAT_mapf-map_room-64-64-16_map-_home_max_Documents_PhD_MAPF_LNS_MAPF_LNS_SAT_mapf-scen-even_scen-even_room-64-64-16-even-1_scen-agents50-idx1-seed42-1783529864317,0,0,5,0.001371,2,3,126,129,1,4,50,18,0.000000,0.027000,0.077000,0.046000,0.004462,1
_home_max_Documents_PhD_MAPF_LNS_MAPF_LNS_SAT_mapf-map_room-64-64-16_map-_home_max_Documents_PhD_MAPF_LNS_MAPF_LNS_SAT_mapf-scen-even_scen-even_room-64-64-16-even-1_scen-agents50-idx1-seed42-1783529864317,0,0,5,0.001371,1,2,129,131,1,1,24,10,0.000000,0.013000,0.028000,0.022000,0.001634,1
_home_max_Documents_PhD_MAPF_LNS_MAPF_LNS_SAT_mapf-map_room-64-64-16_map-_home_max_Documents_PhD_MAPF_LNS_MAPF_LNS_SAT_mapf-scen-even_scen-even_room-64-64-16-even-1_scen-agents50-idx1-seed42-1783529864317,0,0,5,0.001371,1,2,130,132,1,1,24,10,0.000000,0.012000,0.026000,0.020000,0.001299,1
_home_max_Documents_PhD_MAPF_LNS_MAPF_LNS_SAT_mapf-map_room-64-64-16_map-_home_max_Documents_PhD_MAPF_LNS_MAPF_LNS_SAT_mapf-scen-even_scen-even_room-64-64-16-even-1_scen-agents50-idx1-seed42-1783529864317,0,0,12,0.003291,4,3,131,136,1,3,85,33,0.000000,0.049000,0.095000,0.067000,0.007688,1
_home_max_Documents_PhD_MAPF_LNS_MAPF_LNS_SAT_mapf-map_room-64-64-16_map-_home_max_Documents_PhD_MAPF_LNS_MAPF_LNS_SAT_mapf-scen-even_scen-even_room-64-64-16-even-1_scen-agents50-idx1-seed42-1783529864317,0,0,4,0.001097,1,2,132,134,4,7,176,75,0.000000,0.105000,0.150000,0.122000,0.006480,0
_home_max_Documents_PhD_MAPF_LNS_MAPF_LNS_SAT_mapf-map_room-64-64-16_map-_home_max_Documents_PhD_MAPF_LNS_MAPF_LNS_SAT_mapf-scen-even_scen-even_room-64-64-16-even-1_scen-agents50-idx1-seed42-1783529864317,0,1,14,0.003840,2,4,131,137,4,12,976,272,0.000000,0.467000,0.686000,0.571000,0.090056,1
_home_max_Documents_PhD_MAPF_LNS_MAPF_LNS_SAT_mapf-map_room-64-64-16_map-_home_max_Documents_PhD_MAPF_LNS_MAPF_LNS_SAT_mapf-scen-even_scen-even_room-64-64-16-even-1_scen-agents50-idx1-seed42-1783529864317,0,0,4,0.001097,1,2,140,142,1,4,22,9,0.000000,0.012000,0.051000,0.030000,0.002243,1
_home_max_Documents_PhD_MAPF_LNS_MAPF_LNS_SAT_mapf-map_room-64-64-16_map-_home_max_Documents_PhD_MAPF_LNS_MAPF_LNS_SAT_mapf-scen-even_scen-even_room-64-64-16-even-1_scen-agents50-idx1-seed42-1783529864317,0,0,5,0.001371,1,2,154,156,1,2,25,10,0.000000,0.018000,0.053000,0.036000,0.002718,1
_home_max_Documents_PhD_MAPF_LNS_MAPF_LNS_SAT_mapf-map_room-64-64-16_map-_home_max_Documents_PhD_MAPF_LNS_MAPF_LNS_SAT_mapf-scen-even_scen-even_room-64-64-16-even-1_scen-agents50-idx1-seed42-1783529864317,0,0,5,0.001371,1,2,158,160,1,2,25,10,0.000000,0.014000,0.041000,0.028000,0.002008,1
_home_max_Documents_PhD_MAPF_LNS_MAPF_LNS_SAT_mapf-map_room-64-64-16_map-_home_max_Documents_PhD_MAPF_LNS_MAPF_LNS_SAT_mapf-scen-even_scen-even_room-64-64-16-even-1_scen-agents50-idx2-seed42-1783529911476,0,0,41,0.011245,21,7,1,20,4,9,2277,774,0.000000,0.852000,1.704000,1.522000,0.109447,1
_home_max_Documents_PhD_MAPF_LNS_MAPF_LNS_SAT_mapf-map_room-64-64-16_map-_home_max_Documents_PhD_MAPF_LNS_MAPF_LNS_SAT_mapf-scen-even_scen-even_room-64-64-16-even-1_scen-agents50-idx2-seed42-1783529911476,0,0,4,0.001097,1,2,3,5,4,7,144,61,0.000000,0.054000,0.156000,0.129000,0.006152,0
_home_max_Documents_PhD_MAPF_LNS_MAPF_LNS_SAT_mapf-map_room-64-64-16_map-_home_max_Documents_PhD_MAPF_LNS_MAPF_LNS_SAT_mapf-scen-even_scen-even_room-64-64-16-even-1_scen-agents50-idx2-seed42-1783529911476,0,1,11,0.003017,1,3,2,6,1,1,25,14,0.000000,0.011000,0.026000,0.019000,0.001446,1
_home_max_Documents_PhD_MAPF_LNS_MAPF_LNS_SAT_mapf-map_room-64-64-16_map-_home_max_Documents_PhD_MAPF_LNS_MAPF_LNS_SAT_mapf-scen-even_scen-even_room-64-64-16-even-1_scen-agents50-idx2-seed42-1783529911476,0,0,12,0.003291,4,4,7,12,2,3,102,50,0.000000,0.039000,0.086000,0.063000,0.003995,1
_home_max_Documents_PhD_MAPF_LNS_MAPF_LNS_SAT_mapf-map_room-64-64-16_map-_home_max_Documents_PhD_MAPF_LNS_MAPF_LNS_SAT_mapf-scen-even_scen-even_room-64-64-16-even-1_scen-agents50-idx2-seed42-1783529911476,0,0,9,0.002468,1,2,9,11,3,7,121,44,0.000000,0.038000,0.131000,0.097000,0.009602,1
_home_max_Documents_PhD_MAPF_LNS_MAPF_LNS_SAT_mapf-map_room-64-64-16_map-_home_max_Documents_PhD_MAPF_LNS_MAPF_LNS_SAT_mapf-scen-even_scen-even_room-64-64-16-even-1_scen-agents50-idx2-seed42-1783529911476,0,0,12,0.003291,4,4,10,15,2,3,76,39,0.000000,0.032000,0.074000,0.054000,0.003871,1
_home_max_Documents_PhD_MAPF_LNS_MAPF_LNS_SAT_mapf-map_room-64-64-16_map-_home_max_Documents_PhD_MAPF_LNS_MAPF_LNS_SAT_mapf-scen-even_scen-even_room-64-64-16-even-1_scen-agents50-idx2-seed42-1783529911476,0,0,5,0.001371,1,2,12,14,4,7,179,68,0.000000,0.062000,0.144000,0.118000,0.005472,0
_home_max_Documents_PhD_MAPF_LNS_MAPF_LNS_SAT_mapf-map_room-64-64-16_map-_home_max_Documents_PhD_MAPF_LNS_MAPF_LNS_SAT_mapf-scen-even_scen-even_room-64-64-16-even-1_scen-agents50-idx2-seed42-1783529911476,0,1,13,0.003566,1,2,11,15,3,6,178,62,0.000000,0.058000,0.152000,0.122000,0.013630,1
_home_max_Documents_PhD_MAPF_LNS_MAPF_LNS_SAT_mapf-map_room-64-64-16_map-_home_max_Documents_PhD_MAPF_LNS_MAPF_LNS_SAT_mapf-scen-even_scen-even_room-64-64-16-even-1_scen-agents50-idx2-seed42-1783529911476,0,0,11,0.003017,4,4,16,21,2,5,283,93,0.000000,0.097000,0.206000,0.161000,0.011882,1
_home_max_Documents_PhD_MAPF_LNS_MAPF_LNS_SAT_mapf-map_room-64-64-16_map-_home_max_Documents_PhD_MAPF_LNS_MAPF_LNS_SAT_mapf-scen-even_scen-even_room-64-64-16-even-1_scen-agents50-idx2-seed42-1783529911476,0,0,5,0.001371,1,2,24,26,4,7,179,68,0.000000,0.063000,0.147000,0.121000,0.006244,0
_home_max_Documents_PhD_MAPF_LNS_MAPF_LNS_SAT_mapf-map_room-64-64-16_map-_home_max_Documents_PhD_MAPF_LNS_MAPF_LNS_SAT_mapf-scen-even_scen-even_room-64-64-16-even-1_scen-agents50-idx2-seed42-1783529911476,0,1,13,0.003566,1,2,23,27,1,2,21,11,0.000000,0.009000,0.033000,0.019000,0.001276,1
_home_max_Documents_PhD_MAPF_LNS_MAPF_LNS_SAT_mapf-map_room-64-64-16_map-_home_max_Documents_PhD_MAPF_LNS_MAPF_LNS_SAT_mapf-scen-even_scen-even_room-64-64-16-even-1_scen-agents50-idx2-seed42-1783529911476,0,0,5,0.001371,1,2,26,28,4,7,179,68,0.000000,0.064000,0.150000,0.124000,0.006048,0
_home_max_Documents_PhD_MAPF_LNS_MAPF_LNS_SAT_mapf-map_room-64-64-16_map-_home_max_Documents_PhD_MAPF_LNS_MAPF_LNS_SAT_mapf-scen-even_scen-even_room-64-64-16-even-1_scen-agents50-idx2-seed42-1783529911476,0,1,13,0.003566,1,2,25,29,1,1,20,11,0.000000,0.009000,0.022000,0.016000,0.000845,1
_home_max_Documents_PhD_MAPF_LNS_MAPF_LNS_SAT_mapf-map_room-64-64-16_map-_home_max_Documents_PhD_MAPF_LNS_MAPF_LNS_SAT_mapf-scen-even_scen-even_room-64-64-16-even-1_scen-agents50-idx2-seed42-1783529911476,0,0,4,0.001097,1,2,27,29,4,7,144,61,0.000000,0.054000,0.128000,0.104000,0.005328,0
_home_max_Documents_PhD_MAPF_LNS_MAPF_LNS_SAT_mapf-map_room-64-64-16_map-_home_max_Documents_PhD_MAPF_LNS_MAPF_LNS_SAT_mapf-scen-even_scen-even_room-64-64-16-even-1_scen-agents50-idx2-seed42-1783529911476,0,1,9,0.002468,1,2,26,30,1,2,23,12,0.000000,0.009000,0.034000,0.020000,0.001608,1
_home_max_Documents_PhD_MAPF_LNS_MAPF_LNS_SAT_mapf-map_room-64-64-16_map-_home_max_Documents_PhD_MAPF_LNS_MAPF_LNS_SAT_mapf-scen-even_scen-even_room-64-64-16-even-1_scen-agents50-idx2-seed42-1783529911476,0,0,5,0.001371,1,2,30,32,2,3,28,15,0.000000,0.011000,0.040000,0.026000,0.001766,1
_home_max_Documents_PhD_MAPF_LNS_MAPF_LNS_SAT_mapf-map_room-64-64-16_map-_home_max_Documents_PhD_MAPF_LNS_MAPF_LNS_SAT_mapf-scen-even_scen-even_room-64-64-16-even-1_scen-agents50-idx2-seed42-1783529911476,0,0,5,0.001371,1,3,35,37,1,2,27,11,0.000000,0.011000,0.041000,0.027000,0.002193,1
_home_max_Documents_PhD_MAPF_LNS_MAPF_LNS_SAT_mapf-map_room-64-64-16_map-_home_max_Documents_PhD_MAPF_LNS_MAPF_LNS_SAT_mapf-scen-even_scen-even_room-64-64-16-even-1_scen-agents50-idx2-seed42-1783529911476,0,0,11,0.003017,4,5,41,46,2,5,298,102,0.000000,0.133000,0.217000,0.167000,0.012319,1
_home_max_Documents_PhD_MAPF_LNS_MAPF_LNS_SAT_mapf-map_room-64-64-16_map-_home_max_Documents_PhD_MAPF_LNS_MAPF_LNS_SAT_mapf-scen-even_scen-even_room-64-64-16-even-1_scen-agents50-idx2-seed42-1783529911476,0,0,7,0.001920,2,3,43,46,7,19,3842,1029,0.000000,1.398000,2.153000,1.921000,0.243946,0
_home_max_Documents_PhD_MAPF_LNS_MAPF_LNS_SAT_mapf-map_room-64-64-16_map-_home_max_Documents_PhD_MAPF_LNS_MAPF_LNS_SAT_mapf-scen-even_scen-even_room-64-64-16-even-1_scen-agents50-idx2-seed42-1783529911476,0,1,14,0.003840,2,5,42,47,6,19,6144,1142,0.000000,1.930000,3.101000,2.803000,0.290927,1
_home_max_Documents_PhD_MAPF_LNS_MAPF_LNS_SAT_mapf-map_room-64-64-16_map-_home_max_Documents_PhD_MAPF_LNS_MAPF_LNS_SAT_mapf-scen-even_scen-even_room-64-64-16-even-1_scen-agents50-idx2-seed42-1783529911476,0,0,9,0.002468,2,3,45,48,4,9,407,124,0.000000,0.149000,0.302000,0.244000,0.021093,1
_home_max_Documents_PhD_MAPF_LNS_MAPF_LNS_SAT_mapf-map_room-64-64-16_map-_home_max_Documents_PhD_MAPF_LNS_MAPF_LNS_SAT_mapf-scen-even_scen-even_room-64-64-16-even-1_scen-agents50-idx2-seed42-1783529911476,0,0,9,0.002468,1,2,47,49,4,8,353,101,0.000000,0.112000,0.254000,0.214000,0.016765,1
_home_max_Documents_PhD_MAPF_LNS_MAPF_LNS_SAT_mapf-map_room-64-64-16_map-_home_max_Documents_PhD_MAPF_LNS_MAPF_LNS_SAT_mapf-scen-even_scen-even_room-64-64-16-even-1_scen-agents50-idx2-seed42-1783529911476,0,0,5,0.001371,1,2,48,50,1,3,26,10,0.000000,0.011000,0.048000,0.031000,0.002476,1
_home_max_Documents_PhD_MAPF_LNS_MAPF_LNS_SAT_mapf-map_room-64-64-16_map-_home_max_Documents_PhD_MAPF_LNS_MAPF_LNS_SAT_mapf-scen-even_scen-even_room-64-64-16-even-1_scen-agents50-idx2-seed42-1783529911476,0,0,7,0.001920,2,4,53,56,2,5,77,40,0.000000,0.050000,0.104000,0.065000,0.006845,1
_home_max_Documents_PhD_MAPF_LNS_MAPF_LNS_SAT_mapf-map_room-64-64-16_map-_home_max_Documents_PhD_MAPF_LNS_MAPF_LNS_SAT_mapf-scen-even_scen-even_room-64-64-16-even-1_scen-agents50-idx2-seed42-1783529911476,0,0,5,0.001371,1,2,55,57,4,7,182,70,0.000000,0.073000,0.149000,0.125000,0.005651,0
_home_max_Documents_PhD_MAPF_LNS_MAPF_LNS_SAT_mapf-map_room-64-64-16_map-_home_max_Documents_PhD_MAPF_LNS_MAPF_LNS_SAT_mapf-scen-even_scen-even_room-64-64-16-even-1_scen-agents50-idx2-seed42-1783529911476,0,1,12,0.003291,1,2,54,58,5,11,1267,273,0.000000,0.409000,0.701000,0.625000,0.040356,1
_home_max_Documents_PhD_MAPF_LNS_MAPF_LNS_SAT_mapf-map_room-64-64-16_map-_home_max_Documents_PhD_MAPF_LNS_MAPF_LNS_SAT_mapf-scen-even_scen-even_room-64-64-16-even-1_scen-agents50-idx2-seed42-1783529911476,0,0,5,0.001371,1,2,56,58,1,1,24,10,0.001000,0.011000,0.030000,0.023000,0.001757,1
_home_max_Documents_PhD_MAPF_LNS_MAPF_LNS_SAT_mapf-map_room-64-64-16_map-_home_max_Documents_PhD_MAPF_LNS_MAPF_LNS_SAT_mapf-scen-even_scen-even_room-64-64-16-even-1_scen-agents50-idx2-seed42-1783529911476,0,0,5,0.001371,1,2,59,61,1,3,26,10,0.000000,0.010000,0.046000,0.029000,0.002210,1
_home_max_Documents_PhD_MAPF_LNS_MAPF_LNS_SAT_mapf-map_room-64-64-16_map-_home_max_Documents_PhD_MAPF_LNS_MAPF_LNS_SAT_mapf-scen-even_scen-even_room-64-64-16-even-1_scen-agents50-idx2-seed42-1783529911476,0,0,10,0.002743,2,4,61,64,2,5,103,43,0.000000,0.055000,0.118000,0.081000,0.006696,1
_home_max_Documents_PhD_MAPF_LNS_MAPF_LNS_SAT_mapf-map_room-64-64-16_map-_home_max_Documents_PhD_MAPF_LNS_MAPF_LNS_SAT_mapf-scen-even_scen-even_room-64-64-16-even-1_scen-agents50-idx2-seed42-1783529911476,0,0,9,0.002468,2,3,66,69,8,16,9209,2092,0.001000,4.455000,4.070000,3.842000,0.117844,0
_home_max_Documents_PhD_MAPF_LNS_MAPF_LNS_SAT_mapf-map_room-64-64-16_map-_home_max_Documents_PhD_MAPF_LNS_MAPF_LNS_SAT_mapf-scen-even_scen-even_room-64-64-16-even-1_scen-agents50-idx2-seed42-1783529911476,0,1,19,0.005211,2,4,65,70,9,19,66126,7874,0.003000,26.109000,26.886000,26.009000,0.877565,0
_home_max_Documents_PhD_MAPF_LNS_MAPF_LNS_SAT_mapf-map_room-64-64-16_map-_home_max_Documents_PhD_MAPF_LNS_MAPF_LNS_SAT_mapf-scen-even_scen-even_room-64-64-16-even-1_scen-agents50-idx2-seed42-1783529911476,0,2,52,0.014262,2,7,63,72,5,15,11897,1255,0.000000,4.211000,5.039000,4.707000,0.314832,1
_home_max_Documents_PhD_MAPF_LNS_MAPF_LNS_SAT_mapf-map_room-64-64-16_map-_home_max_Documents_PhD_MAPF_LNS_MAPF_LNS_SAT_mapf-scen-even_scen-even_room-64-64-16-even-1_scen-agents50-idx2-seed42-1783529911476,0,0,8,0.002194,5,6,68,71,2,4,114,57,0.000000,0.095000,0.116000,0.078000,0.006180,1
_home_max_Documents_PhD_MAPF_LNS_MAPF_LNS_SAT_mapf-map_room-64-64-16_map-_home_max_Documents_PhD_MAPF_LNS_MAPF_LNS_SAT_mapf-scen-even_scen-even_room-64-64-16-even-1_scen-agents50-idx2-seed42-1783529911476,0,0,7,0.001920,1,2,70,72,3,5,84,38,0.000000,0.041000,0.089000,0.066000,0.004153,1
_home_max_Documents_PhD_MAPF_LNS_MAPF_LNS_SAT_mapf-map_room-64-64-16_map-_home_max_Documents_PhD_MAPF_LNS_MAPF_LNS_SAT_mapf-scen-even_scen-even_room-64-64-16-even-1_scen-agents50-idx2-seed42-1783529911476,0,0,9,0.002468,1,3,71,73,4,8,370,110,0.000000,0.140000,0.267000,0.224000,0.023781,1
_home_max_Documents_PhD_MAPF_LNS_MAPF_LNS_SAT_mapf-map_room-64-64-16_map-_home_max_Documents_PhD_MAPF_LNS_MAPF_LNS_SAT_mapf-scen-even_scen-even_room-64-64-16-even-1_scen-agents50-idx2-seed42-1783529911476,0,0,5,0.001371,1,2,72,74,1,1,24,10,0.000000,0.011000,0.027000,0.021000,0.001352,1
_home_max_Documents_PhD_MAPF_LNS_MAPF_LNS_SAT_mapf-map_room-64-64-16_map-_home_max_Documents_PhD_MAPF_LNS_MAPF_LNS_SAT_mapf-scen-even_scen-even_room-64-64-16-even-1_scen-agents50-idx2-seed42-1783529911476,0,0,7,0.001920,1,2,74,76,4,9,292,93,0.000000,0.104000,0.235000,0.192000,0.016375,1
_home_max_Documents_PhD_MAPF_LNS_MAPF_LNS_SAT_mapf-map_room-64-64-16_map-_home_max_Documents_PhD_MAPF_LNS_MAPF_LNS_SAT_mapf-scen-even_scen-even_room-64-64-16-even-1_scen-agents50-idx2-seed42-1783529911476,0,0,5,0.001371,1,2,78,80,1,1,24,10,0.000000,0.013000,0.029000,0.022000,0.001587,1
_home_max_Documents_PhD_MAPF_LNS_MAPF_LNS_SAT_mapf-map_room-64-64-16_map-_home_max_Documents_PhD_MAPF_LNS_MAPF_LNS_SAT_mapf-scen-even_scen-even_room-64-64-16-even-1_scen-agents50-idx2-seed42-1783529911476,0,0,15,0.004114,3,7,81,85,1,2,83,35,0.000000,0.065000,0.078000,0.056000,0.003768,1
_home_max_Documents_PhD_MAPF_LNS_MAPF_LNS_SAT_mapf-map_room-64-64-16_map-_home_max_Documents_PhD_MAPF_LNS_MAPF_LNS_SAT_mapf-scen-even_scen-even_room-64-64-16-even-1_scen-agents50-idx2-seed42-1783529911476,0,0,5,0.001371,1,2,81,83,1,1,24,10,0.000000,0.012000,0.028000,0.022000,0.002275,1
_home_max_Documents_PhD_MAPF_LNS_MAPF_LNS_SAT_mapf-map_room-64-64-16_map-_home_max_Documents_PhD_MAPF_LNS_MAPF_LNS_SAT_mapf-scen-even_scen-even_room-64-64-16-even-1_scen-agents50-idx2-seed42-1783529911476,0,0,5,0.001371,1,3,83,85,4,7,237,93,0.000000,0.136000,0.175000,0.146000,0.005977,0
_home_max_Documents_PhD_MAPF_LNS_MAPF_LNS_SAT_mapf-map_room-64-64-16_map-_home_max_Documents_PhD_MAPF_LNS_MAPF_LNS_SAT_mapf-scen-even_scen-even_room-64-64-16-even-1_scen-agents50-idx2-seed42-1783529911476,0,1,19,0.005211,2,9,82,88,4,7,1464,376,0.000000,1.005000,0.695000,0.631000,0.015005,0
_home_max_Documents_PhD_MAPF_LNS_MAPF_LNS_SAT_mapf-map_room-64-64-16_map-_home_max_Documents_PhD_MAPF_LNS_MAPF_LNS_SAT_mapf-scen-even_scen-even_room-64-64-16-even-1_scen-agents50-idx2-seed42-1783529911476,0,2,75,0.020570,3,18,80,93,7,14,462981,20537,0.006000,228.653000,200.772000,199.219000,4.030694,0
_home_max_Documents_PhD_MAPF_LNS_MAPF_LNS_SAT_mapf-map_room-64-64-16_map-_home_max_Documents_PhD_MAPF_LNS_MAPF_LNS_SAT_mapf-scen-even_scen-even_room-64-64-16-even-1_scen-agents50-idx2-seed42-1783529911476,0,3,152,0.041690,3,20,77,96,4,12,60522,7153,0.004000,30.979000,26.392000,25.407000,1.744166,1
_home_max_Documents_PhD_MAPF_LNS_MAPF_LNS_SAT_mapf-map_room-64-64-16_map-_home_max_Documents_PhD_MAPF_LNS_MAPF_LNS_SAT_mapf-scen-even_scen-even_room-64-64-16-even-1_scen-agents50-idx2-seed42-1783529911476,0,0,9,0.002468,1,3,84,86,5,13,825,217,0.000000,0.310000,0.549000,0.458000,0.043357,1
_home_max_Documents_PhD_MAPF_LNS_MAPF_LNS_SAT_mapf-map_room-64-64-16_map-_home_max_Documents_PhD_MAPF_LNS_MAPF_LNS_SAT_mapf-scen-even_scen-even_room-64-64-16-even-1_scen-agents50-idx2-seed42-1783529911476,0,0,5,0.001371,1,2,84,86,1,1,24,10,0.000000,0.012000,0.027000,0.021000,0.001438,1
_home_max_Documents_PhD_MAPF_LNS_MAPF_LNS_SAT_mapf-map_room-64-64-16_map-_home_max_Documents_PhD_MAPF_LNS_MAPF_LNS_SAT_mapf-scen-even_scen-even_room-64-64-16-even-1_scen-agents50-idx2-seed42-1783529911476,0,0,4,0.001097,1,2,84,86,1,2,20,9,0.000000,0.010000,0.032000,0.021000,0.001699,1
_home_max_Documents_PhD_MAPF_LNS_MAPF_LNS_SAT_mapf-map_room-64-64-16_map-_home_max_Documents_PhD_MAPF_LNS_MAPF_LNS_SAT_mapf-scen-even_scen-even_room-64-64-16-even-1_scen-agents50-idx2-seed42-1783529911476,0,0,4,0.001097,1,3,92,94,1,2,21,10,0.000000,0.013000,0.035000,0.023000,0.001701,1
_home_max_Documents_PhD_MAPF_LNS_MAPF_LNS_SAT_mapf-map_room-64-64-16_map-_home_max_Documents_PhD_MAPF_LNS_MAPF_LNS_SAT_mapf-scen-even_scen-even_room-64-64-16-even-1_scen-agents50-idx2-seed42-1783529911476,0,0,5,0.001371,1,2,94,96,1,1,24,10,0.000000,0.011000,0.025000,0.019000,0.001157,1
_home_max_Documents_PhD_MAPF_LNS_MAPF_LNS_SAT_mapf-map_room-64-64-16_map-_home_max_Documents_PhD_MAPF_LNS_MAPF_LNS_SAT_mapf-scen-even_scen-even_room-64-64-16-even-1_scen-agents50-idx2-seed42-1783529911476,0,0,4,0.001097,1,3,94,96,1,2,21,10,0.000000,0.014000,0.034000,0.023000,0.001706,1
_home_max_Documents_PhD_MAPF_LNS_MAPF_LNS_SAT_mapf-map_room-64-64-16_map-_home_max_Documents_PhD_MAPF_LNS_MAPF_LNS_SAT_mapf-scen-even_scen-even_room-64-64-16-even-1_scen-agents50-idx2-seed42-1783529911476,0,0,5,0.001371,1,2,99,101,1,1,24,10,0.000000,0.012000,0.025000,0.020000,0.001286,1
_home_max_Documents_PhD_MAPF_LNS_MAPF_LNS_SAT_mapf-map_room-64-64-16_map-_home_max_Documents_PhD_MAPF_LNS_MAPF_LNS_SAT_mapf-scen-even_scen-even_room-64-64-16-even-1_scen-agents50-idx2-seed42-1783529911476,0,0,5,0.001371,1,2,103,105,1,1,24,10,0.000000,0.012000,0.026000,0.020000,0.001301,1
_home_max_Documents_PhD_MAPF_LNS_MAPF_LNS_SAT_mapf-map_room-64-64-16_map-_home_max_Documents_PhD_MAPF_LNS_MAPF_LNS_SAT_mapf-scen-even_scen-even_room-64-64-16-even-1_scen-agents50-idx2-seed42-1783529911476,0,0,5,0.001371,1,2,108,110,1,1,24,10,0.000000,0.012000,0.024000,0.019000,0.001018,1
_home_max_Documents_PhD_MAPF_LNS_MAPF_LNS_SAT_mapf-map_room-64-64-16_map-_home_max_Documents_PhD_MAPF_LNS_MAPF_LNS_SAT_mapf-scen-even_scen-even_room-64-64-16-even-1_scen-agents50-idx2-seed42-1783529911476,0,0,4,0.001097,1,2,110,112,1,4,22,9,0.000000,0.011000,0.047000,0.027000,0.001796,1
_home_max_Documents_PhD_MAPF_LNS_MAPF_LNS_SAT_mapf-map_room-64-64-16_map-_home_max_Documents_PhD_MAPF_LNS_MAPF_LNS_SAT_mapf-scen-even_scen-even_room-64-64-16-even-1_scen-agents50-idx2-seed42-1783529911476,0,0,5,0.001371,1,2,113,115,1,3,26,10,0.000000,0.013000,0.044000,0.028000,0.002535,1
_home_max_Documents_PhD_MAPF_LNS_MAPF_LNS_SAT_mapf-map_room-64-64-16_map-_home_max_Documents_PhD_MAPF_LNS_MAPF_LNS_SAT_mapf-scen-even_scen-even_room-64-64-16-even-1_scen-agents50-idx2-seed42-1783529911476,0,0,4,0.001097,1,2,114,116,1,2,20,9,0.000000,0.011000,0.031000,0.021000,0.001458,1
_home_max_Documents_PhD_MAPF_LNS_MAPF_LNS_SAT_mapf-map_room-64-64-16_map-_home_max_Documents_PhD_MAPF_LNS_MAPF_LNS_SAT_mapf-scen-even_scen-even_room-64-64-16-even-1_scen-agents50-idx2-seed42-1783529911476,0,0,5,0.001371,1,2,124,126,1,1,24,10,0.000000,0.012000,0.025000,0.020000,0.001156,1
_home_max_Documents_PhD_MAPF_LNS_MAPF_LNS_SAT_mapf-map_room-64-64-16_map-_home_max_Documents_PhD_MAPF_LNS_MAPF_LNS_SAT_mapf-scen-even_scen-even_room-64-64-16-even-1_scen-agents50-idx2-seed42-1783529911476,0,0,5,0.001371,1,3,125,127,1,3,27,11,0.000000,0.016000,0.044000,0.028000,0.002113,1
_home_max_Documents_PhD_MAPF_LNS_MAPF_LNS_SAT_mapf-map_room-64-64-16_map-_home_max_Documents_PhD_MAPF_LNS_MAPF_LNS_SAT_mapf-scen-even_scen-even_room-64-64-16-even-1_scen-agents50-idx2-seed42-1783529911476,0,0,5,0.001371,1,2,126,128,1,1,24,10,0.000000,0.013000,0.027000,0.021000,0.001187,1
_home_max_Documents_PhD_MAPF_LNS_MAPF_LNS_SAT_mapf-map_room-64-64-16_map-_home_max_Documents_PhD_MAPF_LNS_MAPF_LNS_SAT_mapf-scen-even_scen-even_room-64-64-16-even-1_scen-agents50-idx2-seed42-1783529911476,0,0,5,0.001371,1,2,139,141,1,2,25,10,0.000000,0.014000,0.035000,0.024000,0.001567,1
_home_max_Documents_PhD_MAPF_LNS_MAPF_LNS_SAT_mapf-map_room-64-64-16_map-_home_max_Documents_PhD_MAPF_LNS_MAPF_LNS_SAT_mapf-scen-even_scen-even_room-64-64-16-even-1_scen-agents50-idx3-seed42-1783529912682,0,0,5,0.001371,1,2,0,2,2,3,28,15,0.000000,0.012000,0.080000,0.061000,0.010249,1
_home_max_Documents_PhD_MAPF_LNS_MAPF_LNS_SAT_mapf-map_room-64-64-16_map-_home_max_Documents_PhD_MAPF_LNS_MAPF_LNS_SAT_mapf-scen-even_scen-even_room-64-64-16-even-1_scen-agents50-idx3-seed42-1783529912682,0,0,8,0.002194,2,2,3,6,2,4,57,26,0.000000,0.030000,0.109000,0.076000,0.007615,1
_home_max_Documents_PhD_MAPF_LNS_MAPF_LNS_SAT_mapf-map_room-64-64-16_map-_home_max_Documents_PhD_MAPF_LNS_MAPF_LNS_SAT_mapf-scen-even_scen-even_room-64-64-16-even-1_scen-agents50-idx3-seed42-1783529912682,0,0,5,0.001371,1,2,4,6,2,3,28,15,0.000000,0.015000,0.072000,0.047000,0.003031,1
_home_max_Documents_PhD_MAPF_LNS_MAPF_LNS_SAT_mapf-map_room-64-64-16_map-_home_max_Documents_PhD_MAPF_LNS_MAPF_LNS_SAT_mapf-scen-even_scen-even_room-64-64-16-even-1_scen-agents50-idx3-seed42-1783529912682,0,0,8,0.002194,1,3,5,7,3,5,131,50,0.000000,0.055000,0.156000,0.119000,0.007432,1
_home_max_Documents_PhD_MAPF_LNS_MAPF_LNS_SAT_mapf-map_room-64-64-16_map-_home_max_Documents_PhD_MAPF_LNS_MAPF_LNS_SAT_mapf-scen-even_scen-even_room-64-64-16-even-1_scen-agents50-idx3-seed42-1783529912682,0,0,7,0.001920,3,3,7,11,2,3,62,31,0.000000,0.031000,0.091000,0.064000,0.002807,1
_home_max_Documents_PhD_MAPF_LNS_MAPF_LNS_SAT_mapf-map_room-64-64-16_map-_home_max_Documents_PhD_MAPF_LNS_MAPF_LNS_SAT_mapf-scen-even_scen-even_room-64-64-16-even-1_scen-agents50-idx3-seed42-1783529912682,0,0,5,0.001371,1,2,12,14,2,3,29,16,0.000000,0.017000,0.072000,0.048000,0.002756,1
_home_max_Documents_PhD_MAPF_LNS_MAPF_LNS_SAT_mapf-map_room-64-64-16_map-_home_max_Documents_PhD_MAPF_LNS_MAPF_LNS_SAT_mapf-scen-even_scen-even_room-64-64-16-even-1_scen-agents50-idx3-seed42-1783529912682,0,0,14,0.003840,5,3,15,21,2,4,95,45,0.000000,0.051000,0.149000,0.104000,0.009941,1
_home_max_Documents_PhD_MAPF_LNS_MAPF_LNS_SAT_mapf-map_room-64-64-16_map-_home_max_Documents_PhD_MAPF_LNS_MAPF_LNS_SAT_mapf-scen-even_scen-even_room-64-64-16-even-1_scen-agents50-idx3-seed42-1783529912682,0,0,9,0.002468,3,4,15,19,2,3,73,37,0.000000,0.040000,0.100000,0.068000,0.002740,1
_home_max_Documents_PhD_MAPF_LNS_MAPF_LNS_SAT_mapf-map_room-64-64-16_map-_home_max_Documents_PhD_MAPF_LNS_MAPF_LNS_SAT_mapf-scen-even_scen-even_room-64-64-16-even-1_scen-agents50-idx3-seed42-1783529912682,0,0,8,0.002194,3,2,21,25,2,3,52,25,0.000000,0.027000,0.085000,0.060000,0.002690,1
_home_max_Documents_PhD_MAPF_LNS_MAPF_LNS_SAT_mapf-map_room-64-64-16_map-_home_max_Documents_PhD_MAPF_LNS_MAPF_LNS_SAT_mapf-scen-even_scen-even_room-64-64-16-even-1_scen-agents50-idx3-seed42-1783529912682,0,0,4,0.001097,1,2,29,31,4,7,152,65,0.000000,0.074000,0.184000,0.144000,0.006888,0
_home_max_Documents_PhD_MAPF_LNS_MAPF_LNS_SAT_mapf-map_room-64-64-16_map-_home_max_Documents_PhD_MAPF_LNS_MAPF_LNS_SAT_mapf-scen-even_scen-even_room-64-64-16-even-1_scen-agents50-idx3-seed42-1783529912682,0,1,9,0.002468,1,2,28,32,5,10,833,227,0.000000,0.277000,0.590000,0.510000,0.042931,0
_home_max_Documents_PhD_MAPF_LNS_MAPF_LNS_SAT_mapf-map_room-64-64-16_map-_home_max_Documents_PhD_MAPF_LNS_MAPF_LNS_SAT_mapf-scen-even_scen-even_room-64-64-16-even-1_scen-agents50-idx3-seed42-1783529912682,0,2,24,0.006583,1,3,26,34,5,13,3828,589,0.000000,1.098000,1.953000,1.787000,0.151650,1
_home_max_Documents_PhD_MAPF_LNS_MAPF_LNS_SAT_mapf-map_room-64-64-16_map-_home_max_Documents_PhD_MAPF_LNS_MAPF_LNS_SAT_mapf-scen-even_scen-even_room-64-64-16-even-1_scen-agents50-idx3-seed42-1783529912682,0,0,4,0.001097,1,3,29,31,2,3,30,17,0.000000,0.021000,0.072000,0.047000,0.002935,1
_home_max_Documents_PhD_MAPF_LNS_MAPF_LNS_SAT_mapf-map_room-64-64-16_map-_home_max_Documents_PhD_MAPF_LNS_MAPF_LNS_SAT_mapf-scen-even_scen-even_room-64-64-16-even-1_scen-agents50-idx3-seed42-1783529912682,0,0,8,0.002194,1,3,31,33,3,7,127,48,0.000000,0.058000,0.198000,0.139000,0.012323,1
_home_max_Documents_PhD_MAPF_LNS_MAPF_LNS_SAT_mapf-map_room-64-64-16_map-_home_max_Documents_PhD_MAPF_LNS_MAPF_LNS_SAT_mapf-scen-even_scen-even_room-64-64-16-even-1_scen-agents50-idx3-seed42-1783529912682,0,0,9,0.002468,1,2,32,34,3,7,121,44,0.000000,0.050000,0.192000,0.139000,0.013425,1
_home_max_Documents_PhD_MAPF_LNS_MAPF_LNS_SAT_mapf-map_room-64-64-16_map-_home_max_Documents_PhD_MAPF_LNS_MAPF_LNS_SAT_mapf-scen-even_scen-even_room-64-64-16-even-1_scen-agents50-idx3-seed42-1783529912682,0,0,8,0.002194,1,2,39,41,4,8,352,111,0.000000,0.144000,0.286000,0.226000,0.017884,1
_home_max_Documents_PhD_MAPF_LNS_MAPF_LNS_SAT_mapf-map_room-64-64-16_map-_home_max_Documents_PhD_MAPF_LNS_MAPF_LNS_SAT_mapf-scen-even_scen-even_room-64-64-16-even-1_scen-agents50-idx3-seed42-1783529912682,0,0,9,0.002468,3,4,41,45,3,5,203,84,0.000000,0.098000,0.162000,0.126000,0.010239,1
_home_max_Documents_PhD_MAPF_LNS_MAPF_LNS_SAT_mapf-map_room-64-64-16_map-_home_max_Documents_PhD_MAPF_LNS_MAPF_LNS_SAT_mapf-scen-even_scen-even_room-64-64-16-even-1_scen-agents50-idx3-seed42-1783529912682,0,0,12,0.003291,4,7,48,53,3,5,968,277,0.000000,0.376000,0.503000,0.463000,0.013944,0
_home_max_Documents_PhD_MAPF_LNS_MAPF_LNS_SAT_mapf-map_room-64-64-16_map-_home_max_Documents_PhD_MAPF_LNS_MAPF_LNS_SAT_mapf-scen-even_scen-even_room-64-64-16-even-1_scen-agents50-idx3-seed42-1783529912682,0,1,24,0.006583,4,7,47,54,10,27,235024,21903,0.004000,94.532000,130.829000,129.102000,2.995932,0
_home_max_Documents_PhD_MAPF_LNS_MAPF_LNS_SAT_mapf-map_room-64-64-16_map-_home_max_Documents_PhD_MAPF_LNS_MAPF_LNS_SAT_mapf-scen-even_scen-even_room-64-64-16-even-1_scen-agents50-idx3-seed42-1783529912682,0,2,61,0.016731,4,7,45,56,4,12,41800,2765,0.000000,12.202000,16.229000,15.847000,0.783115,1
_home_max_Documents_PhD_MAPF_LNS_MAPF_LNS_SAT_mapf-map_room-64-64-16_map-_home_max_Documents_PhD_MAPF_LNS_MAPF_LNS_SAT_mapf-scen-even_scen-even_room-64-64-16-even-1_scen-agents50-idx3-seed42-1783529912682,0,0,9,0.002468,4,6,51,55,4,8,534,184,0.000000,0.284000,0.338000,0.276000,0.010802,0
_home_max_Documents_PhD_MAPF_LNS_MAPF_LNS_SAT_mapf-map_room-64-64-16_map-_home_max_Documents_PhD_MAPF_LNS_MAPF_LNS_SAT_mapf-scen-even_scen-even_room-64-64-16-even-1_scen-agents50-idx3-seed42-1783529912682,0,1,24,0.006583,5,7,50,58,8,36,22253,2597,0.000000,7.410000,10.242000,9.473000,0.936115,1
_home_max_Documents_PhD_MAPF_LNS_MAPF_LNS_SAT_mapf-map_room-64-64-16_map-_home_max_Documents_PhD_MAPF_LNS_MAPF_LNS_SAT_mapf-scen-even_scen-even_room-64-64-16-even-1_scen-agents50-idx3-seed42-1783529912682,0,0,9,0.002468,1,2,53,55,3,6,120,44,0.000000,0.046000,0.125000,0.093000,0.008016,1
_home_max_Documents_PhD_MAPF_LNS_MAPF_LNS_SAT_mapf-map_room-64-64-16_map-_home_max_Documents_PhD_MAPF_LNS_MAPF_LNS_SAT_mapf-scen-even_scen-even_room-64-64-16-even-1_scen-agents50-idx3-seed42-1783529912682,0,0,5,0.001371,1,3,54,56,1,1,13,8,0.000000,0.009000,0.021000,0.014000,0.001146,1
_home_max_Documents_PhD_MAPF_LNS_MAPF_LNS_SAT_mapf-map_room-64-64-16_map-_home_max_Documents_PhD_MAPF_LNS_MAPF_LNS_SAT_mapf-scen-even_scen-even_room-64-64-16-even-1_scen-agents50-idx3-seed42-1783529912682,0,0,8,0.002194,1,3,56,58,2,4,39,21,0.000000,0.022000,0.062000,0.040000,0.003720,1
_home_max_Documents_PhD_MAPF_LNS_MAPF_LNS_SAT_mapf-map_room-64-64-16_map-_home_max_Documents_PhD_MAPF_LNS_MAPF_LNS_SAT_mapf-scen-even_scen-even_room-64-64-16-even-1_scen-agents50-idx3-seed42-1783529912682,0,0,5,0.001371,1,4,56,58,1,2,27,12,0.000000,0.016000,0.048000,0.034000,0.002493,1
_home_max_Documents_PhD_MAPF_LNS_MAPF_LNS_SAT_mapf-map_room-64-64-16_map-_home_max_Documents_PhD_MAPF_LNS_MAPF_LNS_SAT_mapf-scen-even_scen-even_room-64-64-16-even-1_scen-agents50-idx3-seed42-1783529912682,0,0,8,0.002194,1,2,59,61,3,7,120,44,0.000000,0.055000,0.134000,0.097000,0.009541,1
_home_max_Documents_PhD_MAPF_LNS_MAPF_LNS_SAT_mapf-map_room-64-64-16_map-_home_max_Documents_PhD_MAPF_LNS_MAPF_LNS_SAT_mapf-scen-even_scen-even_room-64-64-16-even-1_scen-agents50-idx3-seed42-1783529912682,0,0,5,0.001371,1,2,59,61,2,3,28,15,0.000000,0.015000,0.044000,0.030000,0.002440,1
_home_max_Documents_PhD_MAPF_LNS_MAPF_LNS_SAT_mapf-map_room-64-64-16_map-_home_max_Documents_PhD_MAPF_LNS_MAPF_LNS_SAT_mapf-scen-even_scen-even_room-64-64-16-even-1_scen-agents50-idx3-seed42-1783529912682,0,0,5,0.001371,2,3,62,65,1,3,51,18,0.000000,0.022000,0.069000,0.045000,0.003888,1
_home_max_Documents_PhD_MAPF_LNS_MAPF_LNS_SAT_mapf-map_room-64-64-16_map-_home_max_Documents_PhD_MAPF_LNS_MAPF_LNS_SAT_mapf-scen-even_scen-even_room-64-64-16-even-1_scen-agents50-idx3-seed42-1783529912682,0,0,5,0.001371,1,2,63,65,1,1,24,10,0.000000,0.011000,0.027000,0.021000,0.001519,1
_home_max_Documents_PhD_MAPF_LNS_MAPF_LNS_SAT_mapf-map_room-64-64-16_map-_home_max_Documents_PhD_MAPF_LNS_MAPF_LNS_SAT_mapf-scen-even_scen-even_room-64-64-16-even-1_scen-agents50-idx3-seed42-1783529912682,0,0,5,0.001371,1,2,64,66,4,7,188,74,0.000000,0.088000,0.151000,0.125000,0.006144,0
_home_max_Documents_PhD_MAPF_LNS_MAPF_LNS_SAT_mapf-map_room-64-64-16_map-_home_max_Documents_PhD_MAPF_LNS_MAPF_LNS_SAT_mapf-scen-even_scen-even_room-64-64-16-even-1_scen-agents50-idx3-seed42-1783529912682,0,1,13,0.003566,1,2,63,67,9,17,19028,3086,0.001000,7.132000,7.712000,7.502000,0.204035,0
_home_max_Documents_PhD_MAPF_LNS_MAPF_LNS_SAT_mapf-map_room-64-64-16_map-_home_max_Documents_PhD_MAPF_LNS_MAPF_LNS_SAT_mapf-scen-even_scen-even_room-64-64-16-even-1_scen-agents50-idx3-seed42-1783529912682,0,2,93,0.025507,3,11,61,72,9,18,1244315,39046,0.007000,1120.050000,653.950000,649.867000,10.238215,0
_home_max_Documents_PhD_MAPF_LNS_MAPF_LNS_SAT_mapf-map_room-64-64-16_map-_home_max_Documents_PhD_MAPF_LNS_MAPF_LNS_SAT_mapf-scen-even_scen-even_room-64-64-16-even-1_scen-agents50-idx3-seed42-1783529912682,0,3,230,0.063083,4,25,58,82,6,13,2674350,58176,0.016000,2813.971000,1601.709000,1594.675000,20.972920,0
_home_max_Documents_PhD_MAPF_LNS_MAPF_LNS_SAT_mapf-map_room-64-64-16_map-_home_max_Documents_PhD_MAPF_LNS_MAPF_LNS_SAT_mapf-scen-even_scen-even_room-64-64-16-even-1_scen-agents50-idx3-seed42-1783529912682,0,4,383,0.105047,4,29,54,86,5,10,8568902,126143,0.044000,11911.631000,6633.329000,6246.901000,62.203436,0
