experiment_id,map_path,scenario_path,num_agents,scenario_index,seed,solved,makespan_success,total_runtime_ms,total_cnf_clauses,total_cnf_variables,total_mdd_build_ms,total_cnf_build_ms,total_lazy_wall_ms,total_lazy_solver_wall_ms,total_lazy_solver_reported_ms
_home_max_Documents_PhD_MAPF_LNS_MAPF_LNS_SAT_mapf-map_room-32-32-4_map-_home_max_Documents_PhD_MAPF_LNS_MAPF_LNS_SAT_mapf-scen-even_scen-even_room-32-32-4-even-1_scen-agents10-idx0-seed42-1783510281438,/home/max/Documents/PhD/MAPF/LNS/MAPF_LNS_SAT/mapf-map/room-32-32-4.map,/home/max/Documents/PhD/MAPF/LNS/MAPF_LNS_SAT/mapf-scen-even/scen-even/room-32-32-4-even-1.scen,10,0,42,1,46,17.949000,259,106,0.000000,0.183000,0.770000,0.572000,0.059801
_home_max_Documents_PhD_MAPF_LNS_MAPF_LNS_SAT_mapf-map_room-32-32-4_map-_home_max_Documents_PhD_MAPF_LNS_MAPF_LNS_SAT_mapf-scen-even_scen-even_room-32-32-4-even-1_scen-agents10-idx1-seed42-1783510281489,/home/max/Documents/PhD/MAPF/LNS/MAPF_LNS_SAT/mapf-map/room-32-32-4.map,/home/max/Documents/PhD/MAPF/LNS/MAPF_LNS_SAT/mapf-scen-even/scen-even/room-32-32-4-even-1.scen,10,1,42,1,50,12.540000,1554,437,0.000000,0.452000,1.134000,0.932000,0.103085
_home_max_Documents_PhD_MAPF_LNS_MAPF_LNS_SAT_mapf-map_room-32-32-4_map-_home_max_Documents_PhD_MAPF_LNS_MAPF_LNS_SAT_mapf-scen-even_scen-even_room-32-32-4-even-1_scen-agents10-idx2-seed42-1783510281543,/home/max/Documents/PhD/MAPF/LNS/MAPF_LNS_SAT/mapf-map/room-32-32-4.map,/home/max/Documents/PhD/MAPF/LNS/MAPF_LNS_SAT/mapf-scen-even/scen-even/room-32-32-4-even-1.scen,10,2,42,1,51,18.840000,148,59,0.000000,0.120000,0.478000,0.350000,0.040967
_home_max_Documents_PhD_MAPF_LNS_MAPF_LNS_SAT_mapf-map_room-32-32-4_map-_home_max_Documents_PhD_MAPF_LNS_MAPF_LNS_SAT_mapf-scen-even_scen-even_room-32-32-4-even-1_scen-agents10-idx3-seed42-1783510281594,/home/max/Documents/PhD/MAPF/LNS/MAPF_LNS_SAT/mapf-map/room-32-32-4.map,/home/max/Documents/PhD/MAPF/LNS/MAPF_LNS_SAT/mapf-scen-even/scen-even/room-32-32-4-even-1.scen,10,3,42,1,47,17.806000,108,46,0.000000,0.060000,0.268000,0.195000,0.025592
_home_max_Documents_PhD_MAPF_LNS_MAPF_LNS_SAT_mapf-map_room-32-32-4_map-_home_max_Documents_PhD_MAPF_LNS_MAPF_LNS_SAT_mapf-scen-even_scen-even_room-32-32-4-even-1_scen-agents10-idx4-seed42-1783510281645,/home/max/Documents/PhD/MAPF/LNS/MAPF_LNS_SAT/mapf-map/room-32-32-4.map,/home/max/Documents/PhD/MAPF/LNS/MAPF_LNS_SAT/mapf-scen-even/scen-even/room-32-32-4-even-1.scen,10,4,42,1,54,19.195000,1235,395,0.000000,0.479000,1.133000,0.922000,0.087904
_home_max_Documents_PhD_MAPF_LNS_MAPF_LNS_SAT_mapf-map_room-32-32-4_map-_home_max_Documents_PhD_MAPF_LNS_MAPF_LNS_SAT_mapf-scen-even_scen-even_room-32-32-4-even-1_scen-agents10-idx5-seed42-1783510281695,/home/max/Documents/PhD/MAPF/LNS/MAPF_LNS_SAT/mapf-map/room-32-32-4.map,/home/max/Documents/PhD/MAPF/LNS/MAPF_LNS_SAT/mapf-scen-even/scen-even/room-32-32-4-even-1.scen,10,5,42,1,53,15.815000,0,0,0.000000,0.000000,0.000000,0.000000,0.000000
_home_max_Documents_PhD_MAPF_LNS_MAPF_LNS_SAT_mapf-map_room-32-32-4_map-_home_max_Documents_PhD_MAPF_LNS_MAPF_LNS_SAT_mapf-scen-even_scen-even_room-32-32-4-even-1_scen-agents10-idx6-seed42-1783510281746,/home/max/Documents/PhD/MAPF/LNS/MAPF_LNS_SAT/mapf-map/room-32-32-4.map,/home/max/Documents/PhD/MAPF/LNS/MAPF_LNS_SAT/mapf-scen-even/scen-even/room-32-32-4-even-1.scen,10,6,42,1,54,17.808000,631,177,0.000000,0.273000,0.616000,0.497000,0.034488
_home_max_Documents_PhD_MAPF_LNS_MAPF_LNS_SAT_mapf-map_room-32-32-4_map-_home_max_Documents_PhD_MAPF_LNS_MAPF_LNS_SAT_mapf-scen-even_scen-even_room-32-32-4-even-1_scen-agents10-idx7-seed42-1783510281798,/home/max/Documents/PhD/MAPF/LNS/MAPF_LNS_SAT/mapf-map/room-32-32-4.map,/home/max/Documents/PhD/MAPF/LNS/MAPF_LNS_SAT/mapf-scen-even/scen-even/room-32-32-4-even-1.scen,10,7,42,1,52,67.344000,43868,4568,0.000000,11.707000,29.062000,28.191000,0.782403
_home_max_Documents_PhD_MAPF_LNS_MAPF_LNS_SAT_mapf-map_room-32-32-4_map-_home_max_Documents_PhD_MAPF_LNS_MAPF_LNS_SAT_mapf-scen-even_scen-even_room-32-32-4-even-1_scen-agents10-idx8-seed42-1783510281897,/home/max/Documents/PhD/MAPF/LNS/MAPF_LNS_SAT/mapf-map/room-32-32-4.map,/home/max/Documents/PhD/MAPF/LNS/MAPF_LNS_SAT/mapf-scen-even/scen-even/room-32-32-4-even-1.scen,10,8,42,1,54,12.070000,311,107,0.000000,0.103000,0.369000,0.270000,0.033573
_home_max_Documents_PhD_MAPF_LNS_MAPF_LNS_SAT_mapf-map_room-32-32-4_map-_home_max_Documents_PhD_MAPF_LNS_MAPF_LNS_SAT_mapf-scen-even_scen-even_room-32-32-4-even-1_scen-agents10-idx9-seed42-1783510281948,/home/max/Documents/PhD/MAPF/LNS/MAPF_LNS_SAT/mapf-map/room-32-32-4.map,/home/max/Documents/PhD/MAPF/LNS/MAPF_LNS_SAT/mapf-scen-even/scen-even/room-32-32-4-even-1.scen,10,9,42,1,55,14.874000,0,0,0.000000,0.000000,0.000000,0.000000,0.000000
_home_max_Documents_PhD_MAPF_LNS_MAPF_LNS_SAT_mapf-map_room-32-32-4_map-_home_max_Documents_PhD_MAPF_LNS_MAPF_LNS_SAT_mapf-scen-even_scen-even_room-32-32-4-even-1_scen-agents10-idx10-seed42-1783510281999,/home/max/Documents/PhD/MAPF/LNS/MAPF_LNS_SAT/mapf-map/room-32-32-4.map,/home/max/Documents/PhD/MAPF/LNS/MAPF_LNS_SAT/mapf-scen-even/scen-even/room-32-32-4-even-1.scen,10,10,42,1,53,17.069000,389,143,0.000000,0.128000,0.484000,0.388000,0.039747
_home_max_Documents_PhD_MAPF_LNS_MAPF_LNS_SAT_mapf-map_room-32-32-4_map-_home_max_Documents_PhD_MAPF_LNS_MAPF_LNS_SAT_mapf-scen-even_scen-even_room-32-32-4-even-1_scen-agents10-idx11-seed42-1783510282046,/home/max/Documents/PhD/MAPF/LNS/MAPF_LNS_SAT/mapf-map/room-32-32-4.map,/home/max/Documents/PhD/MAPF/LNS/MAPF_LNS_SAT/mapf-scen-even/scen-even/room-32-32-4-even-1.scen,10,11,42,1,53,1576.951000,1158626,36196,0.005000,598.734000,884.806000,877.285000,13.051432
_home_max_Documents_PhD_MAPF_LNS_MAPF_LNS_SAT_mapf-map_room-32-32-4_map-_home_max_Documents_PhD_MAPF_LNS_MAPF_LNS_SAT_mapf-scen-even_scen-even_room-32-32-4-even-1_scen-agents10-idx12-seed42-1783510283651,/home/max/Documents/PhD/MAPF/LNS/MAPF_LNS_SAT/mapf-map/room-32-32-4.map,/home/max/Documents/PhD/MAPF/LNS/MAPF_LNS_SAT/mapf-scen-even/scen-even/room-32-32-4-even-1.scen,10,12,42,1,41,12.811000,1112,298,0.000000,0.318000,0.965000,0.782000,0.155107
_home_max_Documents_PhD_MAPF_LNS_MAPF_LNS_SAT_mapf-map_room-32-32-4_map-_home_max_Documents_PhD_MAPF_LNS_MAPF_LNS_SAT_mapf-scen-even_scen-even_room-32-32-4-even-2_scen-agents10-idx0-seed42-1783510283702,/home/max/Documents/PhD/MAPF/LNS/MAPF_LNS_SAT/mapf-map/room-32-32-4.map,/home/max/Documents/PhD/MAPF/LNS/MAPF_LNS_SAT/mapf-scen-even/scen-even/room-32-32-4-even-2.scen,10,0,42,1,51,15.789000,526,165,0.000000,0.170000,0.597000,0.460000,0.056537
_home_max_Documents_PhD_MAPF_LNS_MAPF_LNS_SAT_mapf-map_room-32-32-4_map-_home_max_Documents_PhD_MAPF_LNS_MAPF_LNS_SAT_mapf-scen-even_scen-even_room-32-32-4-even-2_scen-agents10-idx1-seed42-1783510283756,/home/max/Documents/PhD/MAPF/LNS/MAPF_LNS_SAT/mapf-map/room-32-32-4.map,/home/max/Documents/PhD/MAPF/LNS/MAPF_LNS_SAT/mapf-scen-even/scen-even/room-32-32-4-even-2.scen,10,1,42,1,50,28.023000,3114,880,0.000000,1.762000,3.797000,3.220000,0.264920
_home_max_Documents_PhD_MAPF_LNS_MAPF_LNS_SAT_mapf-map_room-32-32-4_map-_home_max_Documents_PhD_MAPF_LNS_MAPF_LNS_SAT_mapf-scen-even_scen-even_room-32-32-4-even-2_scen-agents10-idx2-seed42-1783510283805,/home/max/Documents/PhD/MAPF/LNS/MAPF_LNS_SAT/mapf-map/room-32-32-4.map,/home/max/Documents/PhD/MAPF/LNS/MAPF_LNS_SAT/mapf-scen-even/scen-even/room-32-32-4-even-2.scen,10,2,42,1,54,26.765000,866,276,0.001000,0.664000,2.128000,1.668000,0.157090
_home_max_Documents_PhD_MAPF_LNS_MAPF_LNS_SAT_mapf-map_room-32-32-4_map-_home_max_Documents_PhD_MAPF_LNS_MAPF_LNS_SAT_mapf-scen-even_scen-even_room-32-32-4-even-2_scen-agents10-idx3-seed42-1783510283857,/home/max/Documents/PhD/MAPF/LNS/MAPF_LNS_SAT/mapf-map/room-32-32-4.map,/home/max/Documents/PhD/MAPF/LNS/MAPF_LNS_SAT/mapf-scen-even/scen-even/room-32-32-4-even-2.scen,10,3,42,1,51,17.474000,422,170,0.000000,0.286000,0.918000,0.685000,0.113283
_home_max_Documents_PhD_MAPF_LNS_MAPF_LNS_SAT_mapf-map_room-32-32-4_map-_home_max_Documents_PhD_MAPF_LNS_MAPF_LNS_SAT_mapf-scen-even_scen-even_room-32-32-4-even-2_scen-agents10-idx4-seed42-1783510283908,/home/max/Documents/PhD/MAPF/LNS/MAPF_LNS_SAT/mapf-map/room-32-32-4.map,/home/max/Documents/PhD/MAPF/LNS/MAPF_LNS_SAT/mapf-scen-even/scen-even/room-32-32-4-even-2.scen,10,4,42,1,53,18.587000,1027,283,0.000000,0.408000,1.088000,0.940000,0.076438
_home_max_Documents_PhD_MAPF_LNS_MAPF_LNS_SAT_mapf-map_room-32-32-4_map-_home_max_Documents_PhD_MAPF_LNS_MAPF_LNS_SAT_mapf-scen-even_scen-even_room-32-32-4-even-2_scen-agents10-idx5-seed42-1783510283959,/home/max/Documents/PhD/MAPF/LNS/MAPF_LNS_SAT/mapf-map/room-32-32-4.map,/home/max/Documents/PhD/MAPF/LNS/MAPF_LNS_SAT/mapf-scen-even/scen-even/room-32-32-4-even-2.scen,10,5,42,1,49,17.447000,495,177,0.000000,0.255000,0.659000,0.502000,0.050581
_home_max_Documents_PhD_MAPF_LNS_MAPF_LNS_SAT_mapf-map_room-32-32-4_map-_home_max_Documents_PhD_MAPF_LNS_MAPF_LNS_SAT_mapf-scen-even_scen-even_room-32-32-4-even-2_scen-agents10-idx6-seed42-1783510284009,/home/max/Documents/PhD/MAPF/LNS/MAPF_LNS_SAT/mapf-map/room-32-32-4.map,/home/max/Documents/PhD/MAPF/LNS/MAPF_LNS_SAT/mapf-scen-even/scen-even/room-32-32-4-even-2.scen,10,6,42,1,55,16.578000,202,88,0.000000,0.090000,0.358000,0.260000,0.028679
_home_max_Documents_PhD_MAPF_LNS_MAPF_LNS_SAT_mapf-map_room-32-32-4_map-_home_max_Documents_PhD_MAPF_LNS_MAPF_LNS_SAT_mapf-scen-even_scen-even_room-32-32-4-even-2_scen-agents10-idx7-seed42-1783510284061,/home/max/Documents/PhD/MAPF/LNS/MAPF_LNS_SAT/mapf-map/room-32-32-4.map,/home/max/Documents/PhD/MAPF/LNS/MAPF_LNS_SAT/mapf-scen-even/scen-even/room-32-32-4-even-2.scen,10,7,42,1,54,14.728000,94,38,0.000000,0.043000,0.197000,0.138000,0.020011
_home_max_Documents_PhD_MAPF_LNS_MAPF_LNS_SAT_mapf-map_room-32-32-4_map-_home_max_Documents_PhD_MAPF_LNS_MAPF_LNS_SAT_mapf-scen-even_scen-even_room-32-32-4-even-2_scen-agents10-idx8-seed42-1783510284108,/home/max/Documents/PhD/MAPF/LNS/MAPF_LNS_SAT/mapf-map/room-32-32-4.map,/home/max/Documents/PhD/MAPF/LNS/MAPF_LNS_SAT/mapf-scen-even/scen-even/room-32-32-4-even-2.scen,10,8,42,1,48,21.522000,5530,1162,0.000000,2.476000,4.067000,3.748000,0.218568
_home_max_Documents_PhD_MAPF_LNS_MAPF_LNS_SAT_mapf-map_room-32-32-4_map-_home_max_Documents_PhD_MAPF_LNS_MAPF_LNS_SAT_mapf-scen-even_scen-even_room-32-32-4-even-2_scen-agents10-idx9-seed42-1783510284162,/home/max/Documents/PhD/MAPF/LNS/MAPF_LNS_SAT/mapf-map/room-32-32-4.map,/home/max/Documents/PhD/MAPF/LNS/MAPF_LNS_SAT/mapf-scen-even/scen-even/room-32-32-4-even-2.scen,10,9,42,1,54,18.976000,1461,414,0.000000,0.794000,1.613000,1.358000,0.190558
_home_max_Documents_PhD_MAPF_LNS_MAPF_LNS_SAT_mapf-map_room-32-32-4_map-_home_max_Documents_PhD_MAPF_LNS_MAPF_LNS_SAT_mapf-scen-even_scen-even_room-32-32-4-even-2_scen-agents10-idx10-seed42-1783510284212,/home/max/Documents/PhD/MAPF/LNS/MAPF_LNS_SAT/mapf-map/room-32-32-4.map,/home/max/Documents/PhD/MAPF/LNS/MAPF_LNS_SAT/mapf-scen-even/scen-even/room-32-32-4-even-2.scen,10,10,42,1,53,27.242000,7075,1678,0.000000,2.253000,4.705000,4.277000,0.275217
_home_max_Documents_PhD_MAPF_LNS_MAPF_LNS_SAT_mapf-map_room-32-32-4_map-_home_max_Documents_PhD_MAPF_LNS_MAPF_LNS_SAT_mapf-scen-even_scen-even_room-32-32-4-even-2_scen-agents10-idx11-seed42-1783510284261,/home/max/Documents/PhD/MAPF/LNS/MAPF_LNS_SAT/mapf-map/room-32-32-4.map,/home/max/Documents/PhD/MAPF/LNS/MAPF_LNS_SAT/mapf-scen-even/scen-even/room-32-32-4-even-2.scen,10,11,42,1,56,15.307000,64,29,0.000000,0.034000,0.186000,0.132000,0.012407
_home_max_Documents_PhD_MAPF_LNS_MAPF_LNS_SAT_mapf-map_room-32-32-4_map-_home_max_Documents_PhD_MAPF_LNS_MAPF_LNS_SAT_mapf-scen-even_scen-even_room-32-32-4-even-2_scen-agents10-idx12-seed42-1783510284314,/home/max/Documents/PhD/MAPF/LNS/MAPF_LNS_SAT/mapf-map/room-32-32-4.map,/home/max/Documents/PhD/MAPF/LNS/MAPF_LNS_SAT/mapf-scen-even/scen-even/room-32-32-4-even-2.scen,10,12,42,1,55,21.035000,3682,538,0.000000,1.134000,2.250000,2.038000,0.114718
_home_max_Documents_PhD_MAPF_LNS_MAPF_LNS_SAT_mapf-map_room-32-32-4_map-_home_max_Documents_PhD_MAPF_LNS_MAPF_LNS_SAT_mapf-scen-even_scen-even_room-32-32-4-even-3_scen-agents10-idx0-seed42-1783510284364,/home/max/Documents/PhD/MAPF/LNS/MAPF_LNS_SAT/mapf-map/room-32-32-4.map,/home/max/Documents/PhD/MAPF/LNS/MAPF_LNS_SAT/mapf-scen-even/scen-even/room-32-32-4-even-3.scen,10,0,42,1,53,15768.082000,7249375,108217,0.009000,7362.920000,8044.174000,7989.623000,61.934461
_home_max_Documents_PhD_MAPF_LNS_MAPF_LNS_SAT_mapf-map_room-32-32-4_map-_home_max_Documents_PhD_MAPF_LNS_MAPF_LNS_SAT_mapf-scen-even_scen-even_room-32-32-4-even-3_scen-agents10-idx1-seed42-1783510300154,/home/max/Documents/PhD/MAPF/LNS/MAPF_LNS_SAT/mapf-map/room-32-32-4.map,/home/max/Documents/PhD/MAPF/LNS/MAPF_LNS_SAT/mapf-scen-even/scen-even/room-32-32-4-even-3.scen,10,1,42,1,50,9.281000,49,20,0.000000,0.020000,0.099000,0.078000,0.010756
_home_max_Documents_PhD_MAPF_LNS_MAPF_LNS_SAT_mapf-map_room-32-32-4_map-_home_max_Documents_PhD_MAPF_LNS_MAPF_LNS_SAT_mapf-scen-even_scen-even_room-32-32-4-even-3_scen-agents10-idx2-seed42-1783510300210,/home/max/Documents/PhD/MAPF/LNS/MAPF_LNS_SAT/mapf-map/room-32-32-4.map,/home/max/Documents/PhD/MAPF/LNS/MAPF_LNS_SAT/mapf-scen-even/scen-even/room-32-32-4-even-3.scen,10,2,42,1,54,19.376000,873,305,0.000000,0.370000,1.070000,0.819000,0.083898
_home_max_Documents_PhD_MAPF_LNS_MAPF_LNS_SAT_mapf-map_room-32-32-4_map-_home_max_Documents_PhD_MAPF_LNS_MAPF_LNS_SAT_mapf-scen-even_scen-even_room-32-32-4-even-3_scen-agents10-idx3-seed42-1783510300259,/home/max/Documents/PhD/MAPF/LNS/MAPF_LNS_SAT/mapf-map/room-32-32-4.map,/home/max/Documents/PhD/MAPF/LNS/MAPF_LNS_SAT/mapf-scen-even/scen-even/room-32-32-4-even-3.scen,10,3,42,1,54,19.156000,297,123,0.000000,0.226000,0.723000,0.548000,0.058242
_home_max_Documents_PhD_MAPF_LNS_MAPF_LNS_SAT_mapf-map_room-32-32-4_map-_home_max_Documents_PhD_MAPF_LNS_MAPF_LNS_SAT_mapf-scen-even_scen-even_room-32-32-4-even-3_scen-agents10-idx4-seed42-1783510300310,/home/max/Documents/PhD/MAPF/LNS/MAPF_LNS_SAT/mapf-map/room-32-32-4.map,/home/max/Documents/PhD/MAPF/LNS/MAPF_LNS_SAT/mapf-scen-even/scen-even/room-32-32-4-even-3.scen,10,4,42,1,46,16.644000,150,48,0.000000,0.102000,0.463000,0.345000,0.049770
_home_max_Documents_PhD_MAPF_LNS_MAPF_LNS_SAT_mapf-map_room-32-32-4_map-_home_max_Documents_PhD_MAPF_LNS_MAPF_LNS_SAT_mapf-scen-even_scen-even_room-32-32-4-even-3_scen-agents10-idx5-seed42-1783510300361,/home/max/Documents/PhD/MAPF/LNS/MAPF_LNS_SAT/mapf-map/room-32-32-4.map,/home/max/Documents/PhD/MAPF/LNS/MAPF_LNS_SAT/mapf-scen-even/scen-even/room-32-32-4-even-3.scen,10,5,42,1,54,20.111000,365,138,0.000000,0.293000,1.003000,0.691000,0.117814
_home_max_Documents_PhD_MAPF_LNS_MAPF_LNS_SAT_mapf-map_room-32-32-4_map-_home_max_Documents_PhD_MAPF_LNS_MAPF_LNS_SAT_mapf-scen-even_scen-even_room-32-32-4-even-3_scen-agents10-idx6-seed42-1783510300410,/home/max/Documents/PhD/MAPF/LNS/MAPF_LNS_SAT/mapf-map/room-32-32-4.map,/home/max/Documents/PhD/MAPF/LNS/MAPF_LNS_SAT/mapf-scen-even/scen-even/room-32-32-4-even-3.scen,10,6,42,1,59,18.601000,1476,475,0.000000,0.517000,1.253000,1.023000,0.107376
_home_max_Documents_PhD_MAPF_LNS_MAPF_LNS_SAT_mapf-map_room-32-32-4_map-_home_max_Documents_PhD_MAPF_LNS_MAPF_LNS_SAT_mapf-scen-even_scen-even_room-32-32-4-even-3_scen-agents10-idx7-seed42-1783510300462,/home/max/Documents/PhD/MAPF/LNS/MAPF_LNS_SAT/mapf-map/room-32-32-4.map,/home/max/Documents/PhD/MAPF/LNS/MAPF_LNS_SAT/mapf-scen-even/scen-even/room-32-32-4-even-3.scen,10,7,42,1,54,16.662000,811,245,0.000000,0.335000,0.777000,0.648000,0.062141
_home_max_Documents_PhD_MAPF_LNS_MAPF_LNS_SAT_mapf-map_room-32-32-4_map-_home_max_Documents_PhD_MAPF_LNS_MAPF_LNS_SAT_mapf-scen-even_scen-even_room-32-32-4-even-3_scen-agents10-idx8-seed42-1783510300513,/home/max/Documents/PhD/MAPF/LNS/MAPF_LNS_SAT/mapf-map/room-32-32-4.map,/home/max/Documents/PhD/MAPF/LNS/MAPF_LNS_SAT/mapf-scen-even/scen-even/room-32-32-4-even-3.scen,10,8,42,1,50,17.399000,401,162,0.000000,0.180000,0.661000,0.469000,0.052964
_home_max_Documents_PhD_MAPF_LNS_MAPF_LNS_SAT_mapf-map_room-32-32-4_map-_home_max_Documents_PhD_MAPF_LNS_MAPF_LNS_SAT_mapf-scen-even_scen-even_room-32-32-4-even-3_scen-agents10-idx9-seed42-1783510300563,/home/max/Documents/PhD/MAPF/LNS/MAPF_LNS_SAT/mapf-map/room-32-32-4.map,/home/max/Documents/PhD/MAPF/LNS/MAPF_LNS_SAT/mapf-scen-even/scen-even/room-32-32-4-even-3.scen,10,9,42,1,54,18.311000,385,158,0.000000,0.203000,0.654000,0.489000,0.060347
_home_max_Documents_PhD_MAPF_LNS_MAPF_LNS_SAT_mapf-map_room-32-32-4_map-_home_max_Documents_PhD_MAPF_LNS_MAPF_LNS_SAT_mapf-scen-even_scen-even_room-32-32-4-even-3_scen-agents10-idx10-seed42-1783510300614,/home/max/Documents/PhD/MAPF/LNS/MAPF_LNS_SAT/mapf-map/room-32-32-4.map,/home/max/Documents/PhD/MAPF/LNS/MAPF_LNS_SAT/mapf-scen-even/scen-even/room-32-32-4-even-3.scen,10,10,42,1,49,21.662000,2083,642,0.000000,0.715000,1.933000,1.572000,0.147796
_home_max_Documents_PhD_MAPF_LNS_MAPF_LNS_SAT_mapf-map_room-32-32-4_map-_home_max_Documents_PhD_MAPF_LNS_MAPF_LNS_SAT_mapf-scen-even_scen-even_room-32-32-4-even-3_scen-agents10-idx11-seed42-1783510300665,/home/max/Documents/PhD/MAPF/LNS/MAPF_LNS_SAT/mapf-map/room-32-32-4.map,/home/max/Documents/PhD/MAPF/LNS/MAPF_LNS_SAT/mapf-scen-even/scen-even/room-32-32-4-even-3.scen,10,11,42,1,57,23.473000,3222,790,0.000000,1.290000,2.625000,2.270000,0.244501
_home_max_Documents_PhD_MAPF_LNS_MAPF_LNS_SAT_mapf-map_room-32-32-4_map-_home_max_Documents_PhD_MAPF_LNS_MAPF_LNS_SAT_mapf-scen-even_scen-even_room-32-32-4-even-3_scen-agents10-idx12-seed42-1783510300714,/home/max/Documents/PhD/MAPF/LNS/MAPF_LNS_SAT/mapf-map/room-32-32-4.map,/home/max/Documents/PhD/MAPF/LNS/MAPF_LNS_SAT/mapf-scen-even/scen-even/room-32-32-4-even-3.scen,10,12,42,1,45,37542.864000,12711966,215499,0.003000,18200.501000,18727.607000,18582.928000,129.820660
_home_max_Documents_PhD_MAPF_LNS_MAPF_LNS_SAT_mapf-map_room-32-32-4_map-_home_max_Documents_PhD_MAPF_LNS_MAPF_LNS_SAT_mapf-scen-even_scen-even_room-32-32-4-even-4_scen-agents10-idx0-seed42-1783510338313,/home/max/Documents/PhD/MAPF/LNS/MAPF_LNS_SAT/mapf-map/room-32-32-4.map,/home/max/Documents/PhD/MAPF/LNS/MAPF_LNS_SAT/mapf-scen-even/scen-even/room-32-32-4-even-4.scen,10,0,42,1,51,21.447000,461,122,0.000000,0.318000,0.844000,0.706000,0.076358
_home_max_Documents_PhD_MAPF_LNS_MAPF_LNS_SAT_mapf-map_room-32-32-4_map-_home_max_Documents_PhD_MAPF_LNS_MAPF_LNS_SAT_mapf-scen-even_scen-even_room-32-32-4-even-4_scen-agents10-idx1-seed42-1783510338363,/home/max/Documents/PhD/MAPF/LNS/MAPF_LNS_SAT/mapf-map/room-32-32-4.map,/home/max/Documents/PhD/MAPF/LNS/MAPF_LNS_SAT/mapf-scen-even/scen-even/room-32-32-4-even-4.scen,10,1,42,1,45,17.681000,72,33,0.000000,0.037000,0.153000,0.123000,0.015815
_home_max_Documents_PhD_MAPF_LNS_MAPF_LNS_SAT_mapf-map_room-32-32-4_map-_home_max_Documents_PhD_MAPF_LNS_MAPF_LNS_SAT_mapf-scen-even_scen-even_room-32-32-4-even-4_scen-agents10-idx2-seed42-1783510338415,/home/max/Documents/PhD/MAPF/LNS/MAPF_LNS_SAT/mapf-map/room-32-32-4.map,/home/max/Documents/PhD/MAPF/LNS/MAPF_LNS_SAT/mapf-scen-even/scen-even/room-32-32-4-even-4.scen,10,2,42,1,50,17.836000,68,32,0.000000,0.037000,0.119000,0.092000,0.013727
_home_max_Documents_PhD_MAPF_LNS_MAPF_LNS_SAT_mapf-map_room-32-32-4_map-_home_max_Documents_PhD_MAPF_LNS_MAPF_LNS_SAT_mapf-scen-even_scen-even_room-32-32-4-even-4_scen-agents10-idx3-seed42-1783510338465,/home/max/Documents/PhD/MAPF/LNS/MAPF_LNS_SAT/mapf-map/room-32-32-4.map,/home/max/Documents/PhD/MAPF/LNS/MAPF_LNS_SAT/mapf-scen-even/scen-even/room-32-32-4-even-4.scen,10,3,42,1,44,24.687000,534,193,0.001000,0.454000,1.440000,1.172000,0.132817
_home_max_Documents_PhD_MAPF_LNS_MAPF_LNS_SAT_mapf-map_room-32-32-4_map-_home_max_Documents_PhD_MAPF_LNS_MAPF_LNS_SAT_mapf-scen-even_scen-even_room-32-32-4-even-4_scen-agents10-idx4-seed42-1783510338517,/home/max/Documents/PhD/MAPF/LNS/MAPF_LNS_SAT/mapf-map/room-32-32-4.map,/home/max/Documents/PhD/MAPF/LNS/MAPF_LNS_SAT/mapf-scen-even/scen-even/room-32-32-4-even-4.scen,10,4,42,1,51,34.291000,1171,383,0.001000,1.083000,2.566000,2.169000,0.194695
_home_max_Documents_PhD_MAPF_LNS_MAPF_LNS_SAT_mapf-map_room-32-32-4_map-_home_max_Documents_PhD_MAPF_LNS_MAPF_LNS_SAT_mapf-scen-even_scen-even_room-32-32-4-even-4_scen-agents10-idx5-seed42-1783510338566,/home/max/Documents/PhD/MAPF/LNS/MAPF_LNS_SAT/mapf-map/room-32-32-4.map,/home/max/Documents/PhD/MAPF/LNS/MAPF_LNS_SAT/mapf-scen-even/scen-even/room-32-32-4-even-4.scen,10,5,42,1,51,20.774000,2968,633,0.000000,0.948000,1.969000,1.704000,0.125452
_home_max_Documents_PhD_MAPF_LNS_MAPF_LNS_SAT_mapf-map_room-32-32-4_map-_home_max_Documents_PhD_MAPF_LNS_MAPF_LNS_SAT_mapf-scen-even_scen-even_room-32-32-4-even-4_scen-agents10-idx6-seed42-1783510338615,/home/max/Documents/PhD/MAPF/LNS/MAPF_LNS_SAT/mapf-map/room-32-32-4.map,/home/max/Documents/PhD/MAPF/LNS/MAPF_LNS_SAT/mapf-scen-even/scen-even/room-32-32-4-even-4.scen,10,6,42,1,44,15.522000,30,16,0.000000,0.022000,0.143000,0.128000,0.038063
_home_max_Documents_PhD_MAPF_LNS_MAPF_LNS_SAT_mapf-map_room-32-32-4_map-_home_max_Documents_PhD_MAPF_LNS_MAPF_LNS_SAT_mapf-scen-even_scen-even_room-32-32-4-even-4_scen-agents10-idx7-seed42-1783510338667,/home/max/Documents/PhD/MAPF/LNS/MAPF_LNS_SAT/mapf-map/room-32-32-4.map,/home/max/Documents/PhD/MAPF/LNS/MAPF_LNS_SAT/mapf-scen-even/scen-even/room-32-32-4-even-4.scen,10,7,42,1,49,15.080000,282,99,0.000000,0.105000,0.390000,0.283000,0.038418
_home_max_Documents_PhD_MAPF_LNS_MAPF_LNS_SAT_mapf-map_room-32-32-4_map-_home_max_Documents_PhD_MAPF_LNS_MAPF_LNS_SAT_mapf-scen-even_scen-even_room-32-32-4-even-4_scen-agents10-idx8-seed42-1783510338717,/home/max/Documents/PhD/MAPF/LNS/MAPF_LNS_SAT/mapf-map/room-32-32-4.map,/home/max/Documents/PhD/MAPF/LNS/MAPF_LNS_SAT/mapf-scen-even/scen-even/room-32-32-4-even-4.scen,10,8,42,1,40,14.708000,822,251,0.000000,0.263000,0.608000,0.503000,0.048349
_home_max_Documents_PhD_MAPF_LNS_MAPF_LNS_SAT_mapf-map_room-32-32-4_map-_home_max_Documents_PhD_MAPF_LNS_MAPF_LNS_SAT_mapf-scen-even_scen-even_room-32-32-4-even-4_scen-agents10-idx9-seed42-1783510338767,/home/max/Documents/PhD/MAPF/LNS/MAPF_LNS_SAT/mapf-map/room-32-32-4.map,/home/max/Documents/PhD/MAPF/LNS/MAPF_LNS_SAT/mapf-scen-even/scen-even/room-32-32-4-even-4.scen,10,9,42,1,49,17.833000,345,128,0.000000,0.143000,0.522000,0.386000,0.043968
_home_max_Documents_PhD_MAPF_LNS_MAPF_LNS_SAT_mapf-map_room-32-32-4_map-_home_max_Documents_PhD_MAPF_LNS_MAPF_LNS_SAT_mapf-scen-even_scen-even_room-32-32-4-even-4_scen-agents10-idx10-seed42-1783510338818,/home/max/Documents/PhD/MAPF/LNS/MAPF_LNS_SAT/mapf-map/room-32-32-4.map,/home/max/Documents/PhD/MAPF/LNS/MAPF_LNS_SAT/mapf-scen-even/scen-even/room-32-32-4-even-4.scen,10,10,42,1,48,24.920000,669,279,0.001000,0.638000,1.750000,1.293000,0.137037
_home_max_Documents_PhD_MAPF_LNS_MAPF_LNS_SAT_mapf-map_room-32-32-4_map-_home_max_Documents_PhD_MAPF_LNS_MAPF_LNS_SAT_mapf-scen-even_scen-even_room-32-32-4-even-4_scen-agents10-idx11-seed42-1783510338871,/home/max/Documents/PhD/MAPF/LNS/MAPF_LNS_SAT/mapf-map/room-32-32-4.map,/home/max/Documents/PhD/MAPF/LNS/MAPF_LNS_SAT/mapf-scen-even/scen-even/room-32-32-4-even-4.scen,10,11,42,1,44,22.835000,827,231,0.001000,0.749000,1.842000,1.553000,0.197527
_home_max_Documents_PhD_MAPF_LNS_MAPF_LNS_SAT_mapf-map_room-32-32-4_map-_home_max_Documents_PhD_MAPF_LNS_MAPF_LNS_SAT_mapf-scen-even_scen-even_room-32-32-4-even-5_scen-agents10-idx0-seed42-1783510338922,/home/max/Documents/PhD/MAPF/LNS/MAPF_LNS_SAT/mapf-map/room-32-32-4.map,/home/max/Documents/PhD/MAPF/LNS/MAPF_LNS_SAT/mapf-scen-even/scen-even/room-32-32-4-even-5.scen,10,0,42,1,52,32.047000,6067,1262,0.000000,1.915000,6.155000,5.430000,0.790143
_home_max_Documents_PhD_MAPF_LNS_MAPF_LNS_SAT_mapf-map_room-32-32-4_map-_home_max_Documents_PhD_MAPF_LNS_MAPF_LNS_SAT_mapf-scen-even_scen-even_room-32-32-4-even-5_scen-agents10-idx1-seed42-1783510338968,/home/max/Documents/PhD/MAPF/LNS/MAPF_LNS_SAT/mapf-map/room-32-32-4.map,/home/max/Documents/PhD/MAPF/LNS/MAPF_LNS_SAT/mapf-scen-even/scen-even/room-32-32-4-even-5.scen,10,1,42,1,45,17.908000,899,236,0.001000,0.401000,1.202000,1.059000,0.086481
_home_max_Documents_PhD_MAPF_LNS_MAPF_LNS_SAT_mapf-map_room-32-32-4_map-_home_max_Documents_PhD_MAPF_LNS_MAPF_LNS_SAT_mapf-scen-even_scen-even_room-32-32-4-even-5_scen-agents10-idx2-seed42-1783510339023,/home/max/Documents/PhD/MAPF/LNS/MAPF_LNS_SAT/mapf-map/room-32-32-4.map,/home/max/Documents/PhD/MAPF/LNS/MAPF_LNS_SAT/mapf-scen-even/scen-even/room-32-32-4-even-5.scen,10,2,42,1,46,17.868000,411,130,0.000000,0.126000,0.539000,0.394000,0.050139
_home_max_Documents_PhD_MAPF_LNS_MAPF_LNS_SAT_mapf-map_room-32-32-4_map-_home_max_Documents_PhD_MAPF_LNS_MAPF_LNS_SAT_mapf-scen-even_scen-even_room-32-32-4-even-5_scen-agents10-idx3-seed42-1783510339073,/home/max/Documents/PhD/MAPF/LNS/MAPF_LNS_SAT/mapf-map/room-32-32-4.map,/home/max/Documents/PhD/MAPF/LNS/MAPF_LNS_SAT/mapf-scen-even/scen-even/room-32-32-4-even-5.scen,10,3,42,1,51,18.037000,322,99,0.000000,0.110000,0.364000,0.284000,0.035406
_home_max_Documents_PhD_MAPF_LNS_MAPF_LNS_SAT_mapf-map_room-32-32-4_map-_home_max_Documents_PhD_MAPF_LNS_MAPF_LNS_SAT_mapf-scen-even_scen-even_room-32-32-4-even-5_scen-agents10-idx4-seed42-1783510339123,/home/max/Documents/PhD/MAPF/LNS/MAPF_LNS_SAT/mapf-map/room-32-32-4.map,/home/max/Documents/PhD/MAPF/LNS/MAPF_LNS_SAT/mapf-scen-even/scen-even/room-32-32-4-even-5.scen,10,4,42,1,45,18.385000,72,31,0.000000,0.044000,0.228000,0.168000,0.025881
_home_max_Documents_PhD_MAPF_LNS_MAPF_LNS_SAT_mapf-map_room-32-32-4_map-_home_max_Documents_PhD_MAPF_LNS_MAPF_LNS_SAT_mapf-scen-even_scen-even_room-32-32-4-even-5_scen-agents10-idx5-seed42-1783510339175,/home/max/Documents/PhD/MAPF/LNS/MAPF_LNS_SAT/mapf-map/room-32-32-4.map,/home/max/Documents/PhD/MAPF/LNS/MAPF_LNS_SAT/mapf-scen-even/scen-even/room-32-32-4-even-5.scen,10,5,42,1,52,17.480000,52,25,0.000000,0.045000,0.165000,0.122000,0.016596
_home_max_Documents_PhD_MAPF_LNS_MAPF_LNS_SAT_mapf-map_room-32-32-4_map-_home_max_Documents_PhD_MAPF_LNS_MAPF_LNS_SAT_mapf-scen-even_scen-even_room-32-32-4-even-5_scen-agents10-idx6-seed42-1783510339225,/home/max/Documents/PhD/MAPF/LNS/MAPF_LNS_SAT/mapf-map/room-32-32-4.map,/home/max/Documents/PhD/MAPF/LNS/MAPF_LNS_SAT/mapf-scen-even/scen-even/room-32-32-4-even-5.scen,10,6,42,1,47,34.791000,598,232,0.000000,0.345000,1.442000,1.060000,0.140152
_home_max_Documents_PhD_MAPF_LNS_MAPF_LNS_SAT_mapf-map_room-32-32-4_map-_home_max_Documents_PhD_MAPF_LNS_MAPF_LNS_SAT_mapf-scen-even_scen-even_room-32-32-4-even-5_scen-agents10-idx7-seed42-1783510339276,/home/max/Documents/PhD/MAPF/LNS/MAPF_LNS_SAT/mapf-map/room-32-32-4.map,/home/max/Documents/PhD/MAPF/LNS/MAPF_LNS_SAT/mapf-scen-even/scen-even/room-32-32-4-even-5.scen,10,7,42,1,37,19.351000,122,59,0.001000,0.123000,0.565000,0.467000,0.058089
_home_max_Documents_PhD_MAPF_LNS_MAPF_LNS_SAT_mapf-map_room-32-32-4_map-_home_max_Documents_PhD_MAPF_LNS_MAPF_LNS_SAT_mapf-scen-even_scen-even_room-32-32-4-even-5_scen-agents10-idx8-seed42-1783510339326,/home/max/Documents/PhD/MAPF/LNS/MAPF_LNS_SAT/mapf-map/room-32-32-4.map,/home/max/Documents/PhD/MAPF/LNS/MAPF_LNS_SAT/mapf-scen-even/scen-even/room-32-32-4-even-5.scen,10,8,42,1,53,26438.942000,10150688,137656,0.013000,10777.499000,15230.461000,15139.691000,111.535765
_home_max_Documents_PhD_MAPF_LNS_MAPF_LNS_SAT_mapf-map_room-32-32-4_map-_home_max_Documents_PhD_MAPF_LNS_MAPF_LNS_SAT_mapf-scen-even_scen-even_room-32-32-4-even-5_scen-agents10-idx9-seed42-1783510365833,/home/max/Documents/PhD/MAPF/LNS/MAPF_LNS_SAT/mapf-map/room-32-32-4.map,/home/max/Documents/PhD/MAPF/LNS/MAPF_LNS_SAT/mapf-scen-even/scen-even/room-32-32-4-even-5.scen,10,9,42,1,41,17.039000,193,90,0.000000,0.102000,0.523000,0.374000,0.078986
_home_max_Documents_PhD_MAPF_LNS_MAPF_LNS_SAT_mapf-map_room-32-32-4_map-_home_max_Documents_PhD_MAPF_LNS_MAPF_LNS_SAT_mapf-scen-even_scen-even_room-32-32-4-even-5_scen-agents10-idx10-seed42-1783510365885,/home/max/Documents/PhD/MAPF/LNS/MAPF_LNS_SAT/mapf-map/room-32-32-4.map,/home/max/Documents/PhD/MAPF/LNS/MAPF_LNS_SAT/mapf-scen-even/scen-even/room-32-32-4-even-5.scen,10,10,42,1,49,14.752000,162,61,0.000000,0.065000,0.271000,0.193000,0.026681
_home_max_Documents_PhD_MAPF_LNS_MAPF_LNS_SAT_mapf-map_room-32-32-4_map-_home_max_Documents_PhD_MAPF_LNS_MAPF_LNS_SAT_mapf-scen-even_scen-even_room-32-32-4-even-5_scen-agents10-idx11-seed42-1783510365937,/home/max/Documents/PhD/MAPF/LNS/MAPF_LNS_SAT/mapf-map/room-32-32-4.map,/home/max/Documents/PhD/MAPF/LNS/MAPF_LNS_SAT/mapf-scen-even/scen-even/room-32-32-4-even-5.scen,10,11,42,1,50,14.364000,101,46,0.000000,0.042000,0.141000,0.116000,0.009277
_home_max_Documents_PhD_MAPF_LNS_MAPF_LNS_SAT_mapf-map_room-32-32-4_map-_home_max_Documents_PhD_MAPF_LNS_MAPF_LNS_SAT_mapf-scen-even_scen-even_room-32-32-4-even-6_scen-agents10-idx0-seed42-1783510365987,/home/max/Documents/PhD/MAPF/LNS/MAPF_LNS_SAT/mapf-map/room-32-32-4.map,/home/max/Documents/PhD/MAPF/LNS/MAPF_LNS_SAT/mapf-scen-even/scen-even/room-32-32-4-even-6.scen,10,0,42,1,52,24.808000,4860,1271,0.000000,1.587000,3.219000,2.782000,0.220360
_home_max_Documents_PhD_MAPF_LNS_MAPF_LNS_SAT_mapf-map_room-32-32-4_map-_home_max_Documents_PhD_MAPF_LNS_MAPF_LNS_SAT_mapf-scen-even_scen-even_room-32-32-4-even-6_scen-agents10-idx1-seed42-1783510366037,/home/max/Documents/PhD/MAPF/LNS/MAPF_LNS_SAT/mapf-map/room-32-32-4.map,/home/max/Documents/PhD/MAPF/LNS/MAPF_LNS_SAT/mapf-scen-even/scen-even/room-32-32-4-even-6.scen,10,1,42,1,48,17.849000,224,78,0.000000,0.160000,0.493000,0.386000,0.049887
_home_max_Documents_PhD_MAPF_LNS_MAPF_LNS_SAT_mapf-map_room-32-32-4_map-_home_max_Documents_PhD_MAPF_LNS_MAPF_LNS_SAT_mapf-scen-even_scen-even_room-32-32-4-even-6_scen-agents10-idx2-seed42-1783510366088,/home/max/Documents/PhD/MAPF/LNS/MAPF_LNS_SAT/mapf-map/room-32-32-4.map,/home/max/Documents/PhD/MAPF/LNS/MAPF_LNS_SAT/mapf-scen-even/scen-even/room-32-32-4-even-6.scen,10,2,42,1,46,16.040000,24,10,0.000000,0.023000,0.110000,0.092000,0.015573
_home_max_Documents_PhD_MAPF_LNS_MAPF_LNS_SAT_mapf-map_room-32-32-4_map-_home_max_Documents_PhD_MAPF_LNS_MAPF_LNS_SAT_mapf-scen-even_scen-even_room-32-32-4-even-6_scen-agents10-idx3-seed42-1783510366137,/home/max/Documents/PhD/MAPF/LNS/MAPF_LNS_SAT/mapf-map/room-32-32-4.map,/home/max/Documents/PhD/MAPF/LNS/MAPF_LNS_SAT/mapf-scen-even/scen-even/room-32-32-4-even-6.scen,10,3,42,1,50,17.968000,145,65,0.000000,0.111000,0.438000,0.324000,0.045505
_home_max_Documents_PhD_MAPF_LNS_MAPF_LNS_SAT_mapf-map_room-32-32-4_map-_home_max_Documents_PhD_MAPF_LNS_MAPF_LNS_SAT_mapf-scen-even_scen-even_room-32-32-4-even-6_scen-agents10-idx4-seed42-1783510366189,/home/max/Documents/PhD/MAPF/LNS/MAPF_LNS_SAT/mapf-map/room-32-32-4.map,/home/max/Documents/PhD/MAPF/LNS/MAPF_LNS_SAT/mapf-scen-even/scen-even/room-32-32-4-even-6.scen,10,4,42,1,42,16.552000,273,94,0.000000,0.123000,0.453000,0.337000,0.033965
_home_max_Documents_PhD_MAPF_LNS_MAPF_LNS_SAT_mapf-map_room-32-32-4_map-_home_max_Documents_PhD_MAPF_LNS_MAPF_LNS_SAT_mapf-scen-even_scen-even_room-32-32-4-even-6_scen-agents10-idx5-seed42-1783510366239,/home/max/Documents/PhD/MAPF/LNS/MAPF_LNS_SAT/mapf-map/room-32-32-4.map,/home/max/Documents/PhD/MAPF/LNS/MAPF_LNS_SAT/mapf-scen-even/scen-even/room-32-32-4-even-6.scen,10,5,42,1,48,16.952000,302,107,0.000000,0.137000,0.510000,0.365000,0.042977
_home_max_Documents_PhD_MAPF_LNS_MAPF_LNS_SAT_mapf-map_room-32-32-4_map-_home_max_Documents_PhD_MAPF_LNS_MAPF_LNS_SAT_mapf-scen-even_scen-even_room-32-32-4-even-6_scen-agents10-idx6-seed42-1783510366291,/home/max/Documents/PhD/MAPF/LNS/MAPF_LNS_SAT/mapf-map/room-32-32-4.map,/home/max/Documents/PhD/MAPF/LNS/MAPF_LNS_SAT/mapf-scen-even/scen-even/room-32-32-4-even-6.scen,10,6,42,1,49,22.010000,2675,901,0.000000,0.970000,2.820000,2.429000,0.140739
_home_max_Documents_PhD_MAPF_LNS_MAPF_LNS_SAT_mapf-map_room-32-32-4_map-_home_max_Documents_PhD_MAPF_LNS_MAPF_LNS_SAT_mapf-scen-even_scen-even_room-32-32-4-even-6_scen-agents10-idx7-seed42-1783510366341,/home/max/Documents/PhD/MAPF/LNS/MAPF_LNS_SAT/mapf-map/room-32-32-4.map,/home/max/Documents/PhD/MAPF/LNS/MAPF_LNS_SAT/mapf-scen-even/scen-even/room-32-32-4-even-6.scen,10,7,42,1,48,18.518000,514,205,0.000000,0.235000,0.723000,0.545000,0.051807
_home_max_Documents_PhD_MAPF_LNS_MAPF_LNS_SAT_mapf-map_room-32-32-4_map-_home_max_Documents_PhD_MAPF_LNS_MAPF_LNS_SAT_mapf-scen-even_scen-even_room-32-32-4-even-6_scen-agents10-idx8-seed42-1783510366392,/home/max/Documents/PhD/MAPF/LNS/MAPF_LNS_SAT/mapf-map/room-32-32-4.map,/home/max/Documents/PhD/MAPF/LNS/MAPF_LNS_SAT/mapf-scen-even/scen-even/room-32-32-4-even-6.scen,10,8,42,1,52,17.243000,54,25,0.000000,0.043000,0.252000,0.180000,0.030035
_home_max_Documents_PhD_MAPF_LNS_MAPF_LNS_SAT_mapf-map_room-32-32-4_map-_home_max_Documents_PhD_MAPF_LNS_MAPF_LNS_SAT_mapf-scen-even_scen-even_room-32-32-4-even-6_scen-agents10-idx9-seed42-1783510366443,/home/max/Documents/PhD/MAPF/LNS/MAPF_LNS_SAT/mapf-map/room-32-32-4.map,/home/max/Documents/PhD/MAPF/LNS/MAPF_LNS_SAT/mapf-scen-even/scen-even/room-32-32-4-even-6.scen,10,9,42,1,45,16.783000,43,23,0.000000,0.033000,0.184000,0.133000,0.016737
_home_max_Documents_PhD_MAPF_LNS_MAPF_LNS_SAT_mapf-map_room-32-32-4_map-_home_max_Documents_PhD_MAPF_LNS_MAPF_LNS_SAT_mapf-scen-even_scen-even_room-32-32-4-even-6_scen-agents10-idx10-seed42-1783510366491,/home/max/Documents/PhD/MAPF/LNS/MAPF_LNS_SAT/mapf-map/room-32-32-4.map,/home/max/Documents/PhD/MAPF/LNS/MAPF_LNS_SAT/mapf-scen-even/scen-even/room-32-32-4-even-6.scen,10,10,42,1,52,18.499000,255,109,0.000000,0.143000,0.483000,0.348000,0.033456
_home_max_Documents_PhD_MAPF_LNS_MAPF_LNS_SAT_mapf-map_room-32-32-4_map-_home_max_Documents_PhD_MAPF_LNS_MAPF_LNS_SAT_mapf-scen-even_scen-even_room-32-32-4-even-6_scen-agents10-idx11-seed42-1783510366542,/home/max/Documents/PhD/MAPF/LNS/MAPF_LNS_SAT/mapf-map/room-32-32-4.map,/home/max/Documents/PhD/MAPF/LNS/MAPF_LNS_SAT/mapf-scen-even/scen-even/room-32-32-4-even-6.scen,10,11,42,1,40,17.060000,458,187,0.000000,0.207000,0.660000,0.516000,0.051757
_home_max_Documents_PhD_MAPF_LNS_MAPF_LNS_SAT_mapf-map_room-32-32-4_map-_home_max_Documents_PhD_MAPF_LNS_MAPF_LNS_SAT_mapf-scen-even_scen-even_room-32-32-4-even-7_scen-agents10-idx0-seed42-1783510366594,/home/max/Documents/PhD/MAPF/LNS/MAPF_LNS_SAT/mapf-map/room-32-32-4.map,/home/max/Documents/PhD/MAPF/LNS/MAPF_LNS_SAT/mapf-scen-even/scen-even/room-32-32-4-even-7.scen,10,0,42,1,37,16.193000,354,101,0.000000,0.172000,0.485000,0.406000,0.056482
_home_max_Documents_PhD_MAPF_LNS_MAPF_LNS_SAT_mapf-map_room-32-32-4_map-_home_max_Documents_PhD_MAPF_LNS_MAPF_LNS_SAT_mapf-scen-even_scen-even_room-32-32-4-even-7_scen-agents10-idx1-seed42-1783510366645,/home/max/Documents/PhD/MAPF/LNS/MAPF_LNS_SAT/mapf-map/room-32-32-4.map,/home/max/Documents/PhD/MAPF/LNS/MAPF_LNS_SAT/mapf-scen-even/scen-even/room-32-32-4-even-7.scen,10,1,42,1,39,21.585000,1115,359,0.000000,0.771000,1.893000,1.569000,0.188782
_home_max_Documents_PhD_MAPF_LNS_MAPF_LNS_SAT_mapf-map_room-32-32-4_map-_home_max_Documents_PhD_MAPF_LNS_MAPF_LNS_SAT_mapf-scen-even_scen-even_room-32-32-4-even-7_scen-agents10-idx2-seed42-1783510366697,/home/max/Documents/PhD/MAPF/LNS/MAPF_LNS_SAT/mapf-map/room-32-32-4.map,/home/max/Documents/PhD/MAPF/LNS/MAPF_LNS_SAT/mapf-scen-even/scen-even/room-32-32-4-even-7.scen,10,2,42,1,49,12780.874000,5964042,110787,0.018000,5568.816000,6851.529000,6818.285000,60.807278
_home_max_Documents_PhD_MAPF_LNS_MAPF_LNS_SAT_mapf-map_room-32-32-4_map-_home_max_Documents_PhD_MAPF_LNS_MAPF_LNS_SAT_mapf-scen-even_scen-even_room-32-32-4-even-7_scen-agents10-idx3-seed42-1783510379525,/home/max/Documents/PhD/MAPF/LNS/MAPF_LNS_SAT/mapf-map/room-32-32-4.map,/home/max/Documents/PhD/MAPF/LNS/MAPF_LNS_SAT/mapf-scen-even/scen-even/room-32-32-4-even-7.scen,10,3,42,1,37,19.621000,192,60,0.000000,0.165000,0.789000,0.519000,0.062435
_home_max_Documents_PhD_MAPF_LNS_MAPF_LNS_SAT_mapf-map_room-32-32-4_map-_home_max_Documents_PhD_MAPF_LNS_MAPF_LNS_SAT_mapf-scen-even_scen-even_room-32-32-4-even-7_scen-agents10-idx4-seed42-1783510379575,/home/max/Documents/PhD/MAPF/LNS/MAPF_LNS_SAT/mapf-map/room-32-32-4.map,/home/max/Documents/PhD/MAPF/LNS/MAPF_LNS_SAT/mapf-scen-even/scen-even/room-32-32-4-even-7.scen,10,4,42,1,50,21.790000,295,127,0.002000,0.301000,1.045000,0.740000,0.063349
_home_max_Documents_PhD_MAPF_LNS_MAPF_LNS_SAT_mapf-map_room-32-32-4_map-_home_max_Documents_PhD_MAPF_LNS_MAPF_LNS_SAT_mapf-scen-even_scen-even_room-32-32-4-even-7_scen-agents10-idx5-seed42-1783510379627,/home/max/Documents/PhD/MAPF/LNS/MAPF_LNS_SAT/mapf-map/room-32-32-4.map,/home/max/Documents/PhD/MAPF/LNS/MAPF_LNS_SAT/mapf-scen-even/scen-even/room-32-32-4-even-7.scen,10,5,42,1,50,43866.065000,12028459,130637,0.000000,26450.782000,16514.973000,15504.234000,103.573822
_home_max_Documents_PhD_MAPF_LNS_MAPF_LNS_SAT_mapf-map_room-32-32-4_map-_home_max_Documents_PhD_MAPF_LNS_MAPF_LNS_SAT_mapf-scen-even_scen-even_room-32-32-4-even-7_scen-agents10-idx6-seed42-1783510423532,/home/max/Documents/PhD/MAPF/LNS/MAPF_LNS_SAT/mapf-map/room-32-32-4.map,/home/max/Documents/PhD/MAPF/LNS/MAPF_LNS_SAT/mapf-scen-even/scen-even/room-32-32-4-even-7.scen,10,6,42,1,51,17.056000,827,325,0.000000,0.495000,1.601000,1.201000,0.119580
_home_max_Documents_PhD_MAPF_LNS_MAPF_LNS_SAT_mapf-map_room-32-32-4_map-_home_max_Documents_PhD_MAPF_LNS_MAPF_LNS_SAT_mapf-scen-even_scen-even_room-32-32-4-even-7_scen-agents10-idx7-seed42-1783510423586,/home/max/Documents/PhD/MAPF/LNS/MAPF_LNS_SAT/mapf-map/room-32-32-4.map,/home/max/Documents/PhD/MAPF/LNS/MAPF_LNS_SAT/mapf-scen-even/scen-even/room-32-32-4-even-7.scen,10,7,42,1,43,18.116000,903,289,0.000000,0.390000,0.968000,0.790000,0.067397
_home_max_Documents_PhD_MAPF_LNS_MAPF_LNS_SAT_mapf-map_room-32-32-4_map-_home_max_Documents_PhD_MAPF_LNS_MAPF_LNS_SAT_mapf-scen-even_scen-even_room-32-32-4-even-7_scen-agents10-idx8-seed42-1783510423636,/home/max/Documents/PhD/MAPF/LNS/MAPF_LNS_SAT/mapf-map/room-32-32-4.map,/home/max/Documents/PhD/MAPF/LNS/MAPF_LNS_SAT/mapf-scen-even/scen-even/room-32-32-4-even-7.scen,10,8,42,1,40,19.118000,385,120,0.000000,0.265000,0.768000,0.632000,0.075827
_home_max_Documents_PhD_MAPF_LNS_MAPF_LNS_SAT_mapf-map_room-32-32-4_map-_home_max_Documents_PhD_MAPF_LNS_MAPF_LNS_SAT_mapf-scen-even_scen-even_room-32-32-4-even-7_scen-agents10-idx9-seed42-1783510423687,/home/max/Documents/PhD/MAPF/LNS/MAPF_LNS_SAT/mapf-map/room-32-32-4.map,/home/max/Documents/PhD/MAPF/LNS/MAPF_LNS_SAT/mapf-scen-even/scen-even/room-32-32-4-even-7.scen,10,9,42,1,45,17.426000,243,85,0.000000,0.219000,0.872000,0.645000,0.058122
_home_max_Documents_PhD_MAPF_LNS_MAPF_LNS_SAT_mapf-map_room-32-32-4_map-_home_max_Documents_PhD_MAPF_LNS_MAPF_LNS_SAT_mapf-scen-even_scen-even_room-32-32-4-even-7_scen-agents10-idx10-seed42-1783510423738,/home/max/Documents/PhD/MAPF/LNS/MAPF_LNS_SAT/mapf-map/room-32-32-4.map,/home/max/Documents/PhD/MAPF/LNS/MAPF_LNS_SAT/mapf-scen-even/scen-even/room-32-32-4-even-7.scen,10,10,42,1,50,54603.230000,15968981,208565,0.000000,27342.602000,25733.600000,24731.805000,113.745946
_home_max_Documents_PhD_MAPF_LNS_MAPF_LNS_SAT_mapf-map_room-32-32-4_map-_home_max_Documents_PhD_MAPF_LNS_MAPF_LNS_SAT_mapf-scen-even_scen-even_room-32-32-4-even-7_scen-agents10-idx11-seed42-1783510478405,/home/max/Documents/PhD/MAPF/LNS/MAPF_LNS_SAT/mapf-map/room-32-32-4.map,/home/max/Documents/PhD/MAPF/LNS/MAPF_LNS_SAT/mapf-scen-even/scen-even/room-32-32-4-even-7.scen,10,11,42,1,49,17.540000,244,84,0.000000,0.199000,0.532000,0.425000,0.044741
_home_max_Documents_PhD_MAPF_LNS_MAPF_LNS_SAT_mapf-map_room-32-32-4_map-_home_max_Documents_PhD_MAPF_LNS_MAPF_LNS_SAT_mapf-scen-even_scen-even_room-32-32-4-even-8_scen-agents10-idx0-seed42-1783510478454,/home/max/Documents/PhD/MAPF/LNS/MAPF_LNS_SAT/mapf-map/room-32-32-4.map,/home/max/Documents/PhD/MAPF/LNS/MAPF_LNS_SAT/mapf-scen-even/scen-even/room-32-32-4-even-8.scen,10,0,42,1,46,17.117000,214,80,0.000000,0.151000,0.513000,0.398000,0.046001
_home_max_Documents_PhD_MAPF_LNS_MAPF_LNS_SAT_mapf-map_room-32-32-4_map-_home_max_Documents_PhD_MAPF_LNS_MAPF_LNS_SAT_mapf-scen-even_scen-even_room-32-32-4-even-8_scen-agents10-idx1-seed42-1783510478507,/home/max/Documents/PhD/MAPF/LNS/MAPF_LNS_SAT/mapf-map/room-32-32-4.map,/home/max/Documents/PhD/MAPF/LNS/MAPF_LNS_SAT/mapf-scen-even/scen-even/room-32-32-4-even-8.scen,10,1,42,1,41,19.841000,1367,470,0.000000,0.661000,1.341000,1.150000,0.107004
_home_max_Documents_PhD_MAPF_LNS_MAPF_LNS_SAT_mapf-map_room-32-32-4_map-_home_max_Documents_PhD_MAPF_LNS_MAPF_LNS_SAT_mapf-scen-even_scen-even_room-32-32-4-even-8_scen-agents10-idx2-seed42-1783510478556,/home/max/Documents/PhD/MAPF/LNS/MAPF_LNS_SAT/mapf-map/room-32-32-4.map,/home/max/Documents/PhD/MAPF/LNS/MAPF_LNS_SAT/mapf-scen-even/scen-even/room-32-32-4-even-8.scen,10,2,42,1,56,16.009000,45,19,0.000000,0.038000,0.190000,0.140000,0.019526
_home_max_Documents_PhD_MAPF_LNS_MAPF_LNS_SAT_mapf-map_room-32-32-4_map-_home_max_Documents_PhD_MAPF_LNS_MAPF_LNS_SAT_mapf-scen-even_scen-even_room-32-32-4-even-8_scen-agents10-idx3-seed42-1783510478608,/home/max/Documents/PhD/MAPF/LNS/MAPF_LNS_SAT/mapf-map/room-32-32-4.map,/home/max/Documents/PhD/MAPF/LNS/MAPF_LNS_SAT/mapf-scen-even/scen-even/room-32-32-4-even-8.scen,10,3,42,1,51,19.216000,973,258,0.000000,0.549000,1.185000,0.999000,0.090720
_home_max_Documents_PhD_MAPF_LNS_MAPF_LNS_SAT_mapf-map_room-32-32-4_map-_home_max_Documents_PhD_MAPF_LNS_MAPF_LNS_SAT_mapf-scen-even_scen-even_room-32-32-4-even-8_scen-agents10-idx4-seed42-1783510478656,/home/max/Documents/PhD/MAPF/LNS/MAPF_LNS_SAT/mapf-map/room-32-32-4.map,/home/max/Documents/PhD/MAPF/LNS/MAPF_LNS_SAT/mapf-scen-even/scen-even/room-32-32-4-even-8.scen,10,4,42,1,47,19.276000,1827,532,0.000000,0.787000,1.580000,1.366000,0.102094
_home_max_Documents_PhD_MAPF_LNS_MAPF_LNS_SAT_mapf-map_room-32-32-4_map-_home_max_Documents_PhD_MAPF_LNS_MAPF_LNS_SAT_mapf-scen-even_scen-even_room-32-32-4-even-8_scen-agents10-idx5-seed42-1783510478710,/home/max/Documents/PhD/MAPF/LNS/MAPF_LNS_SAT/mapf-map/room-32-32-4.map,/home/max/Documents/PhD/MAPF/LNS/MAPF_LNS_SAT/mapf-scen-even/scen-even/room-32-32-4-even-8.scen,10,5,42,1,54,17.130000,905,252,0.000000,0.343000,0.877000,0.709000,0.114475
_home_max_Documents_PhD_MAPF_LNS_MAPF_LNS_SAT_mapf-map_room-32-32-4_map-_home_max_Documents_PhD_MAPF_LNS_MAPF_LNS_SAT_mapf-scen-even_scen-even_room-32-32-4-even-8_scen-agents10-idx6-seed42-1783510478760,/home/max/Documents/PhD/MAPF/LNS/MAPF_LNS_SAT/mapf-map/room-32-32-4.map,/home/max/Documents/PhD/MAPF/LNS/MAPF_LNS_SAT/mapf-scen-even/scen-even/room-32-32-4-even-8.scen,10,6,42,1,53,21529.996000,9530182,145455,0.009000,8588.335000,12465.930000,12397.921000,83.368160
_home_max_Documents_PhD_MAPF_LNS_MAPF_LNS_SAT_mapf-map_room-32-32-4_map-_home_max_Documents_PhD_MAPF_LNS_MAPF_LNS_SAT_mapf-scen-even_scen-even_room-32-32-4-even-8_scen-agents10-idx7-seed42-1783510500361,/home/max/Documents/PhD/MAPF/LNS/MAPF_LNS_SAT/mapf-map/room-32-32-4.map,/home/max/Documents/PhD/MAPF/LNS/MAPF_LNS_SAT/mapf-scen-even/scen-even/room-32-32-4-even-8.scen,10,7,42,1,55,18.688000,140,66,0.000000,0.099000,0.408000,0.301000,0.041238
_home_max_Documents_PhD_MAPF_LNS_MAPF_LNS_SAT_mapf-map_room-32-32-4_map-_home_max_Documents_PhD_MAPF_LNS_MAPF_LNS_SAT_mapf-scen-even_scen-even_room-32-32-4-even-8_scen-agents10-idx8-seed42-1783510500412,/home/max/Documents/PhD/MAPF/LNS/MAPF_LNS_SAT/mapf-map/room-32-32-4.map,/home/max/Documents/PhD/MAPF/LNS/MAPF_LNS_SAT/mapf-scen-even/scen-even/room-32-32-4-even-8.scen,10,8,42,1,54,19.699000,1602,451,0.000000,0.531000,1.426000,1.167000,0.139937
_home_max_Documents_PhD_MAPF_LNS_MAPF_LNS_SAT_mapf-map_room-32-32-4_map-_home_max_Documents_PhD_MAPF_LNS_MAPF_LNS_SAT_mapf-scen-even_scen-even_room-32-32-4-even-8_scen-agents10-idx9-seed42-1783510500465,/home/max/Documents/PhD/MAPF/LNS/MAPF_LNS_SAT/mapf-map/room-32-32-4.map,/home/max/Documents/PhD/MAPF/LNS/MAPF_LNS_SAT/mapf-scen-even/scen-even/room-32-32-4-even-8.scen,10,9,42,1,54,17.195000,114,47,0.000000,0.071000,0.309000,0.221000,0.026803
_home_max_Documents_PhD_MAPF_LNS_MAPF_LNS_SAT_mapf-map_room-32-32-4_map-_home_max_Documents_PhD_MAPF_LNS_MAPF_LNS_SAT_mapf-scen-even_scen-even_room-32-32-4-even-8_scen-agents10-idx10-seed42-1783510500515,/home/max/Documents/PhD/MAPF/LNS/MAPF_LNS_SAT/mapf-map/room-32-32-4.map,/home/max/Documents/PhD/MAPF/LNS/MAPF_LNS_SAT/mapf-scen-even/scen-even/room-32-32-4-even-8.scen,10,10,42,1,54,18.381000,351,125,0.000000,0.162000,0.620000,0.462000,0.049086
_home_max_Documents_PhD_MAPF_LNS_MAPF_LNS_SAT_mapf-map_room-32-32-4_map-_home_max_Documents_PhD_MAPF_LNS_MAPF_LNS_SAT_mapf-scen-even_scen-even_room-32-32-4-even-8_scen-agents10-idx11-seed42-1783510500566,/home/max/Documents/PhD/MAPF/LNS/MAPF_LNS_SAT/mapf-map/room-32-32-4.map,/home/max/Documents/PhD/MAPF/LNS/MAPF_LNS_SAT/mapf-scen-even/scen-even/room-32-32-4-even-8.scen,10,11,42,1,42,10.089000,210,79,0.000000,0.071000,0.269000,0.189000,0.027833
_home_max_Documents_PhD_MAPF_LNS_MAPF_LNS_SAT_mapf-map_room-32-32-4_map-_home_max_Documents_PhD_MAPF_LNS_MAPF_LNS_SAT_mapf-scen-even_scen-even_room-32-32-4-even-8_scen-agents10-idx12-seed42-1783510500617,/home/max/Documents/PhD/MAPF/LNS/MAPF_LNS_SAT/mapf-map/room-32-32-4.map,/home/max/Documents/PhD/MAPF/LNS/MAPF_LNS_SAT/mapf-scen-even/scen-even/room-32-32-4-even-8.scen,10,12,42,1,53,19.691000,345,131,0.000000,0.153000,0.681000,0.516000,0.076624
_home_max_Documents_PhD_MAPF_LNS_MAPF_LNS_SAT_mapf-map_room-32-32-4_map-_home_max_Documents_PhD_MAPF_LNS_MAPF_LNS_SAT_mapf-scen-even_scen-even_room-32-32-4-even-1_scen-agents20-idx0-seed42-1783510500671,/home/max/Documents/PhD/MAPF/LNS/MAPF_LNS_SAT/mapf-map/room-32-32-4.map,/home/max/Documents/PhD/MAPF/LNS/MAPF_LNS_SAT/mapf-scen-even/scen-even/room-32-32-4-even-1.scen,20,0,42,1,50,66.301000,37208,4195,0.000000,10.823000,22.783000,21.811000,0.995395
_home_max_Documents_PhD_MAPF_LNS_MAPF_LNS_SAT_mapf-map_room-32-32-4_map-_home_max_Documents_PhD_MAPF_LNS_MAPF_LNS_SAT_mapf-scen-even_scen-even_room-32-32-4-even-1_scen-agents20-idx1-seed42-1783510500772,/home/max/Documents/PhD/MAPF/LNS/MAPF_LNS_SAT/mapf-map/room-32-32-4.map,/home/max/Documents/PhD/MAPF/LNS/MAPF_LNS_SAT/mapf-scen-even/scen-even/room-32-32-4-even-1.scen,20,1,42,1,51,29.693000,2048,684,0.000000,0.655000,1.879000,1.386000,0.197414
_home_max_Documents_PhD_MAPF_LNS_MAPF_LNS_SAT_mapf-map_room-32-32-4_map-_home_max_Documents_PhD_MAPF_LNS_MAPF_LNS_SAT_mapf-scen-even_scen-even_room-32-32-4-even-1_scen-agents20-idx2-seed42-1783510500824,/home/max/Documents/PhD/MAPF/LNS/MAPF_LNS_SAT/mapf-map/room-32-32-4.map,/home/max/Documents/PhD/MAPF/LNS/MAPF_LNS_SAT/mapf-scen-even/scen-even/room-32-32-4-even-1.scen,20,2,42,1,54,47.844000,8162,2226,0.000000,2.615000,5.730000,4.744000,0.537017
_home_max_Documents_PhD_MAPF_LNS_MAPF_LNS_SAT_mapf-map_room-32-32-4_map-_home_max_Documents_PhD_MAPF_LNS_MAPF_LNS_SAT_mapf-scen-even_scen-even_room-32-32-4-even-1_scen-agents20-idx3-seed42-1783510500924,/home/max/Documents/PhD/MAPF/LNS/MAPF_LNS_SAT/mapf-map/room-32-32-4.map,/home/max/Documents/PhD/MAPF/LNS/MAPF_LNS_SAT/mapf-scen-even/scen-even/room-32-32-4-even-1.scen,20,3,42,1,54,36.581000,9434,1957,0.000000,2.915000,5.105000,4.605000,0.388337
_home_max_Documents_PhD_MAPF_LNS_MAPF_LNS_SAT_mapf-map_room-32-32-4_map-_home_max_Documents_PhD_MAPF_LNS_MAPF_LNS_SAT_mapf-scen-even_scen-even_room-32-32-4-even-1_scen-agents20-idx4-seed42-1783510500972,/home/max/Documents/PhD/MAPF/LNS/MAPF_LNS_SAT/mapf-map/room-32-32-4.map,/home/max/Documents/PhD/MAPF/LNS/MAPF_LNS_SAT/mapf-scen-even/scen-even/room-32-32-4-even-1.scen,20,4,42,1,55,23.855000,1196,440,0.000000,0.389000,1.305000,0.938000,0.127977
_home_max_Documents_PhD_MAPF_LNS_MAPF_LNS_SAT_mapf-map_room-32-32-4_map-_home_max_Documents_PhD_MAPF_LNS_MAPF_LNS_SAT_mapf-scen-even_scen-even_room-32-32-4-even-1_scen-agents20-idx5-seed42-1783510501027,/home/max/Documents/PhD/MAPF/LNS/MAPF_LNS_SAT/mapf-map/room-32-32-4.map,/home/max/Documents/PhD/MAPF/LNS/MAPF_LNS_SAT/mapf-scen-even/scen-even/room-32-32-4-even-1.scen,20,5,42,1,53,3690.321000,2168947,78474,0.014000,1428.675000,2046.077000,2026.077000,27.515415
_home_max_Documents_PhD_MAPF_LNS_MAPF_LNS_SAT_mapf-map_room-32-32-4_map-_home_max_Documents_PhD_MAPF_LNS_MAPF_LNS_SAT_mapf-scen-even_scen-even_room-32-32-4-even-2_scen-agents20-idx0-seed42-1783510504732,/home/max/Documents/PhD/MAPF/LNS/MAPF_LNS_SAT/mapf-map/room-32-32-4.map,/home/max/Documents/PhD/MAPF/LNS/MAPF_LNS_SAT/mapf-scen-even/scen-even/room-32-32-4-even-2.scen,20,0,42,1,51,50714.536000,13903254,205905,0.018000,32146.542000,17883.724000,17035.288000,218.698534
_home_max_Documents_PhD_MAPF_LNS_MAPF_LNS_SAT_mapf-map_room-32-32-4_map-_home_max_Documents_PhD_MAPF_LNS_MAPF_LNS_SAT_mapf-scen-even_scen-even_room-32-32-4-even-2_scen-agents20-idx1-seed42-1783510555502,/home/max/Documents/PhD/MAPF/LNS/MAPF_LNS_SAT/mapf-map/room-32-32-4.map,/home/max/Documents/PhD/MAPF/LNS/MAPF_LNS_SAT/mapf-scen-even/scen-even/room-32-32-4-even-2.scen,20,1,42,1,54,763.588000,633539,23941,0.008000,233.149000,450.970000,445.449000,11.217033
_home_max_Documents_PhD_MAPF_LNS_MAPF_LNS_SAT_mapf-map_room-32-32-4_map-_home_max_Documents_PhD_MAPF_LNS_MAPF_LNS_SAT_mapf-scen-even_scen-even_room-32-32-4-even-2_scen-agents20-idx2-seed42-1783510556302,/home/max/Documents/PhD/MAPF/LNS/MAPF_LNS_SAT/mapf-map/room-32-32-4.map,/home/max/Documents/PhD/MAPF/LNS/MAPF_LNS_SAT/mapf-scen-even/scen-even/room-32-32-4-even-2.scen,20,2,42,1,53,22.663000,1267,490,0.000000,0.382000,1.250000,0.920000,0.089665
_home_max_Documents_PhD_MAPF_LNS_MAPF_LNS_SAT_mapf-map_room-32-32-4_map-_home_max_Documents_PhD_MAPF_LNS_MAPF_LNS_SAT_mapf-scen-even_scen-even_room-32-32-4-even-2_scen-agents20-idx3-seed42-1783510556353,/home/max/Documents/PhD/MAPF/LNS/MAPF_LNS_SAT/mapf-map/room-32-32-4.map,/home/max/Documents/PhD/MAPF/LNS/MAPF_LNS_SAT/mapf-scen-even/scen-even/room-32-32-4-even-2.scen,20,3,42,1,55,21.587000,1144,464,0.000000,0.368000,1.141000,0.845000,0.085166
_home_max_Documents_PhD_MAPF_LNS_MAPF_LNS_SAT_mapf-map_room-32-32-4_map-_home_max_Documents_PhD_MAPF_LNS_MAPF_LNS_SAT_mapf-scen-even_scen-even_room-32-32-4-even-2_scen-agents20-idx4-seed42-1783510556403,/home/max/Documents/PhD/MAPF/LNS/MAPF_LNS_SAT/mapf-map/room-32-32-4.map,/home/max/Documents/PhD/MAPF/LNS/MAPF_LNS_SAT/mapf-scen-even/scen-even/room-32-32-4-even-2.scen,20,4,42,1,54,164.069000,113730,14182,0.000000,41.900000,78.987000,76.941000,3.064251
_home_max_Documents_PhD_MAPF_LNS_MAPF_LNS_SAT_mapf-map_room-32-32-4_map-_home_max_Documents_PhD_MAPF_LNS_MAPF_LNS_SAT_mapf-scen-even_scen-even_room-32-32-4-even-2_scen-agents20-idx5-seed42-1783510556606,/home/max/Documents/PhD/MAPF/LNS/MAPF_LNS_SAT/mapf-map/room-32-32-4.map,/home/max/Documents/PhD/MAPF/LNS/MAPF_LNS_SAT/mapf-scen-even/scen-even/room-32-32-4-even-2.scen,20,5,42,1,56,44.949000,15153,3595,0.000000,4.545000,9.231000,8.254000,0.662941
_home_max_Documents_PhD_MAPF_LNS_MAPF_LNS_SAT_mapf-map_room-32-32-4_map-_home_max_Documents_PhD_MAPF_LNS_MAPF_LNS_SAT_mapf-scen-even_scen-even_room-32-32-4-even-3_scen-agents20-idx0-seed42-1783510556707,/home/max/Documents/PhD/MAPF/LNS/MAPF_LNS_SAT/mapf-map/room-32-32-4.map,/home/max/Documents/PhD/MAPF/LNS/MAPF_LNS_SAT/mapf-scen-even/scen-even/room-32-32-4-even-3.scen,20,0,42,1,53,34893.103000,11032840,142287,0.005000,19832.384000,14181.886000,13070.227000,135.683835
_home_max_Documents_PhD_MAPF_LNS_MAPF_LNS_SAT_mapf-map_room-32-32-4_map-_home_max_Documents_PhD_MAPF_LNS_MAPF_LNS_SAT_mapf-scen-even_scen-even_room-32-32-4-even-3_scen-agents20-idx1-seed42-1783510591644,/home/max/Documents/PhD/MAPF/LNS/MAPF_LNS_SAT/mapf-map/room-32-32-4.map,/home/max/Documents/PhD/MAPF/LNS/MAPF_LNS_SAT/mapf-scen-even/scen-even/room-32-32-4-even-3.scen,20,1,42,1,54,31.078000,6189,1563,0.000000,2.210000,4.259000,3.562000,0.591785
_home_max_Documents_PhD_MAPF_LNS_MAPF_LNS_SAT_mapf-map_room-32-32-4_map-_home_max_Documents_PhD_MAPF_LNS_MAPF_LNS_SAT_mapf-scen-even_scen-even_room-32-32-4-even-3_scen-agents20-idx2-seed42-1783510591694,/home/max/Documents/PhD/MAPF/LNS/MAPF_LNS_SAT/mapf-map/room-32-32-4.map,/home/max/Documents/PhD/MAPF/LNS/MAPF_LNS_SAT/mapf-scen-even/scen-even/room-32-32-4-even-3.scen,20,2,42,1,54,42.889000,9459,2058,0.000000,3.105000,6.922000,5.865000,1.224240
_home_max_Documents_PhD_MAPF_LNS_MAPF_LNS_SAT_mapf-map_room-32-32-4_map-_home_max_Documents_PhD_MAPF_LNS_MAPF_LNS_SAT_mapf-scen-even_scen-even_room-32-32-4-even-3_scen-agents20-idx3-seed42-1783510591744,/home/max/Documents/PhD/MAPF/LNS/MAPF_LNS_SAT/mapf-map/room-32-32-4.map,/home/max/Documents/PhD/MAPF/LNS/MAPF_LNS_SAT/mapf-scen-even/scen-even/room-32-32-4-even-3.scen,20,3,42,1,59,43.555000,14097,2543,0.000000,4.041000,9.647000,9.096000,0.451928
_home_max_Documents_PhD_MAPF_LNS_MAPF_LNS_SAT_mapf-map_room-32-32-4_map-_home_max_Documents_PhD_MAPF_LNS_MAPF_LNS_SAT_mapf-scen-even_scen-even_room-32-32-4-even-3_scen-agents20-idx4-seed42-1783510591794,/home/max/Documents/PhD/MAPF/LNS/MAPF_LNS_SAT/mapf-map/room-32-32-4.map,/home/max/Documents/PhD/MAPF/LNS/MAPF_LNS_SAT/mapf-scen-even/scen-even/room-32-32-4-even-3.scen,20,4,42,1,54,113.883000,72903,6742,0.002000,30.078000,48.795000,46.842000,4.076170
_home_max_Documents_PhD_MAPF_LNS_MAPF_LNS_SAT_mapf-map_room-32-32-4_map-_home_max_Documents_PhD_MAPF_LNS_MAPF_LNS_SAT_mapf-scen-even_scen-even_room-32-32-4-even-3_scen-agents20-idx5-seed42-1783510591950,/home/max/Documents/PhD/MAPF/LNS/MAPF_LNS_SAT/mapf-map/room-32-32-4.map,/home/max/Documents/PhD/MAPF/LNS/MAPF_LNS_SAT/mapf-scen-even/scen-even/room-32-32-4-even-3.scen,20,5,42,1,57,214.412000,175811,12715,0.004000,55.697000,110.278000,108.186000,2.913189
_home_max_Documents_PhD_MAPF_LNS_MAPF_LNS_SAT_mapf-map_room-32-32-4_map-_home_max_Documents_PhD_MAPF_LNS_MAPF_LNS_SAT_mapf-scen-even_scen-even_room-32-32-4-even-4_scen-agents20-idx0-seed42-1783510592199,/home/max/Documents/PhD/MAPF/LNS/MAPF_LNS_SAT/mapf-map/room-32-32-4.map,/home/max/Documents/PhD/MAPF/LNS/MAPF_LNS_SAT/mapf-scen-even/scen-even/room-32-32-4-even-4.scen,20,0,42,1,51,28.202000,1284,387,0.000000,0.399000,1.042000,0.804000,0.074728
_home_max_Documents_PhD_MAPF_LNS_MAPF_LNS_SAT_mapf-map_room-32-32-4_map-_home_max_Documents_PhD_MAPF_LNS_MAPF_LNS_SAT_mapf-scen-even_scen-even_room-32-32-4-even-4_scen-agents20-idx1-seed42-1783510592248,/home/max/Documents/PhD/MAPF/LNS/MAPF_LNS_SAT/mapf-map/room-32-32-4.map,/home/max/Documents/PhD/MAPF/LNS/MAPF_LNS_SAT/mapf-scen-even/scen-even/room-32-32-4-even-4.scen,20,1,42,1,50,35.288000,3158,1032,0.000000,1.120000,2.978000,2.411000,0.313042
_home_max_Documents_PhD_MAPF_LNS_MAPF_LNS_SAT_mapf-map_room-32-32-4_map-_home_max_Documents_PhD_MAPF_LNS_MAPF_LNS_SAT_mapf-scen-even_scen-even_room-32-32-4-even-4_scen-agents20-idx2-seed42-1783510592297,/home/max/Documents/PhD/MAPF/LNS/MAPF_LNS_SAT/mapf-map/room-32-32-4.map,/home/max/Documents/PhD/MAPF/LNS/MAPF_LNS_SAT/mapf-scen-even/scen-even/room-32-32-4-even-4.scen,20,2,42,1,51,57.323000,13926,2903,0.000000,5.810000,14.204000,12.661000,1.241980
_home_max_Documents_PhD_MAPF_LNS_MAPF_LNS_SAT_mapf-map_room-32-32-4_map-_home_max_Documents_PhD_MAPF_LNS_MAPF_LNS_SAT_mapf-scen-even_scen-even_room-32-32-4-even-4_scen-agents20-idx3-seed42-1783510592401,/home/max/Documents/PhD/MAPF/LNS/MAPF_LNS_SAT/mapf-map/room-32-32-4.map,/home/max/Documents/PhD/MAPF/LNS/MAPF_LNS_SAT/mapf-scen-even/scen-even/room-32-32-4-even-4.scen,20,3,42,1,49,26.843000,821,277,0.000000,0.279000,1.079000,0.774000,0.089289
_home_max_Documents_PhD_MAPF_LNS_MAPF_LNS_SAT_mapf-map_room-32-32-4_map-_home_max_Documents_PhD_MAPF_LNS_MAPF_LNS_SAT_mapf-scen-even_scen-even_room-32-32-4-even-4_scen-agents20-idx4-seed42-1783510592450,/home/max/Documents/PhD/MAPF/LNS/MAPF_LNS_SAT/mapf-map/room-32-32-4.map,/home/max/Documents/PhD/MAPF/LNS/MAPF_LNS_SAT/mapf-scen-even/scen-even/room-32-32-4-even-4.scen,20,4,42,1,49,37.572000,3630,811,0.000000,0.988000,2.142000,1.826000,0.119747
_home_max_Documents_PhD_MAPF_LNS_MAPF_LNS_SAT_mapf-map_room-32-32-4_map-_home_max_Documents_PhD_MAPF_LNS_MAPF_LNS_SAT_mapf-scen-even_scen-even_room-32-32-4-even-4_scen-agents20-idx5-seed42-1783510592497,/home/max/Documents/PhD/MAPF/LNS/MAPF_LNS_SAT/mapf-map/room-32-32-4.map,/home/max/Documents/PhD/MAPF/LNS/MAPF_LNS_SAT/mapf-scen-even/scen-even/room-32-32-4-even-4.scen,20,5,42,1,48,36.150000,8419,1962,0.000000,2.662000,6.331000,5.676000,0.356920
_home_max_Documents_PhD_MAPF_LNS_MAPF_LNS_SAT_mapf-map_room-32-32-4_map-_home_max_Documents_PhD_MAPF_LNS_MAPF_LNS_SAT_mapf-scen-even_scen-even_room-32-32-4-even-5_scen-agents20-idx0-seed42-1783510592548,/home/max/Documents/PhD/MAPF/LNS/MAPF_LNS_SAT/mapf-map/room-32-32-4.map,/home/max/Documents/PhD/MAPF/LNS/MAPF_LNS_SAT/mapf-scen-even/scen-even/room-32-32-4-even-5.scen,20,0,42,1,52,56.354000,21654,3848,0.000000,5.619000,15.962000,14.864000,1.265019
_home_max_Documents_PhD_MAPF_LNS_MAPF_LNS_SAT_mapf-map_room-32-32-4_map-_home_max_Documents_PhD_MAPF_LNS_MAPF_LNS_SAT_mapf-scen-even_scen-even_room-32-32-4-even-5_scen-agents20-idx1-seed42-1783510592651,/home/max/Documents/PhD/MAPF/LNS/MAPF_LNS_SAT/mapf-map/room-32-32-4.map,/home/max/Documents/PhD/MAPF/LNS/MAPF_LNS_SAT/mapf-scen-even/scen-even/room-32-32-4-even-5.scen,20,1,42,1,51,48.968000,4403,1261,0.000000,1.439000,3.542000,2.891000,0.304268
_home_max_Documents_PhD_MAPF_LNS_MAPF_LNS_SAT_mapf-map_room-32-32-4_map-_home_max_Documents_PhD_MAPF_LNS_MAPF_LNS_SAT_mapf-scen-even_scen-even_room-32-32-4-even-5_scen-agents20-idx2-seed42-1783510592753,/home/max/Documents/PhD/MAPF/LNS/MAPF_LNS_SAT/mapf-map/room-32-32-4.map,/home/max/Documents/PhD/MAPF/LNS/MAPF_LNS_SAT/mapf-scen-even/scen-even/room-32-32-4-even-5.scen,20,2,42,1,52,36.757000,7419,1368,0.000000,1.954000,5.764000,5.076000,0.637340
_home_max_Documents_PhD_MAPF_LNS_MAPF_LNS_SAT_mapf-map_room-32-32-4_map-_home_max_Documents_PhD_MAPF_LNS_MAPF_LNS_SAT_mapf-scen-even_scen-even_room-32-32-4-even-5_scen-agents20-idx3-seed42-1783510592799,/home/max/Documents/PhD/MAPF/LNS/MAPF_LNS_SAT/mapf-map/room-32-32-4.map,/home/max/Documents/PhD/MAPF/LNS/MAPF_LNS_SAT/mapf-scen-even/scen-even/room-32-32-4-even-5.scen,20,3,42,1,47,30.378000,7181,1830,0.000000,2.004000,5.401000,4.483000,0.731990
_home_max_Documents_PhD_MAPF_LNS_MAPF_LNS_SAT_mapf-map_room-32-32-4_map-_home_max_Documents_PhD_MAPF_LNS_MAPF_LNS_SAT_mapf-scen-even_scen-even_room-32-32-4-even-5_scen-agents20-idx4-seed42-1783510592852,/home/max/Documents/PhD/MAPF/LNS/MAPF_LNS_SAT/mapf-map/room-32-32-4.map,/home/max/Documents/PhD/MAPF/LNS/MAPF_LNS_SAT/mapf-scen-even/scen-even/room-32-32-4-even-5.scen,20,4,42,1,53,53775.121000,13823900,191100,0.005000,33387.833000,18777.242000,17608.303000,187.265668
_home_max_Documents_PhD_MAPF_LNS_MAPF_LNS_SAT_mapf-map_room-32-32-4_map-_home_max_Documents_PhD_MAPF_LNS_MAPF_LNS_SAT_mapf-scen-even_scen-even_room-32-32-4-even-5_scen-agents20-idx5-seed42-1783510646676,/home/max/Documents/PhD/MAPF/LNS/MAPF_LNS_SAT/mapf-map/room-32-32-4.map,/home/max/Documents/PhD/MAPF/LNS/MAPF_LNS_SAT/mapf-scen-even/scen-even/room-32-32-4-even-5.scen,20,5,42,1,50,33.300000,5251,1399,0.000000,1.723000,3.818000,3.155000,0.485104
_home_max_Documents_PhD_MAPF_LNS_MAPF_LNS_SAT_mapf-map_room-32-32-4_map-_home_max_Documents_PhD_MAPF_LNS_MAPF_LNS_SAT_mapf-scen-even_scen-even_room-32-32-4-even-6_scen-agents20-idx0-seed42-1783510646727,/home/max/Documents/PhD/MAPF/LNS/MAPF_LNS_SAT/mapf-map/room-32-32-4.map,/home/max/Documents/PhD/MAPF/LNS/MAPF_LNS_SAT/mapf-scen-even/scen-even/room-32-32-4-even-6.scen,20,0,42,1,52,38.991000,9641,2441,0.000000,2.859000,6.411000,5.594000,0.430074
_home_max_Documents_PhD_MAPF_LNS_MAPF_LNS_SAT_mapf-map_room-32-32-4_map-_home_max_Documents_PhD_MAPF_LNS_MAPF_LNS_SAT_mapf-scen-even_scen-even_room-32-32-4-even-6_scen-agents20-idx1-seed42-1783510646776,/home/max/Documents/PhD/MAPF/LNS/MAPF_LNS_SAT/mapf-map/room-32-32-4.map,/home/max/Documents/PhD/MAPF/LNS/MAPF_LNS_SAT/mapf-scen-even/scen-even/room-32-32-4-even-6.scen,20,1,42,1,50,20.993000,3648,826,0.000000,1.111000,2.170000,1.895000,0.193940
_home_max_Documents_PhD_MAPF_LNS_MAPF_LNS_SAT_mapf-map_room-32-32-4_map-_home_max_Documents_PhD_MAPF_LNS_MAPF_LNS_SAT_mapf-scen-even_scen-even_room-32-32-4-even-6_scen-agents20-idx2-seed42-1783510646830,/home/max/Documents/PhD/MAPF/LNS/MAPF_LNS_SAT/mapf-map/room-32-32-4.map,/home/max/Documents/PhD/MAPF/LNS/MAPF_LNS_SAT/mapf-scen-even/scen-even/room-32-32-4-even-6.scen,20,2,42,1,48,29.321000,3598,1051,0.000000,1.129000,2.908000,2.386000,0.198707
_home_max_Documents_PhD_MAPF_LNS_MAPF_LNS_SAT_mapf-map_room-32-32-4_map-_home_max_Documents_PhD_MAPF_LNS_MAPF_LNS_SAT_mapf-scen-even_scen-even_room-32-32-4-even-6_scen-agents20-idx3-seed42-1783510646877,/home/max/Documents/PhD/MAPF/LNS/MAPF_LNS_SAT/mapf-map/room-32-32-4.map,/home/max/Documents/PhD/MAPF/LNS/MAPF_LNS_SAT/mapf-scen-even/scen-even/room-32-32-4-even-6.scen,20,3,42,1,49,43.025000,12216,2670,0.000000,4.042000,9.790000,9.014000,0.364083
_home_max_Documents_PhD_MAPF_LNS_MAPF_LNS_SAT_mapf-map_room-32-32-4_map-_home_max_Documents_PhD_MAPF_LNS_MAPF_LNS_SAT_mapf-scen-even_scen-even_room-32-32-4-even-6_scen-agents20-idx4-seed42-1783510646927,/home/max/Documents/PhD/MAPF/LNS/MAPF_LNS_SAT/mapf-map/room-32-32-4.map,/home/max/Documents/PhD/MAPF/LNS/MAPF_LNS_SAT/mapf-scen-even/scen-even/room-32-32-4-even-6.scen,20,4,42,1,52,24.170000,1031,416,0.000000,0.365000,1.069000,0.804000,0.068982
_home_max_Documents_PhD_MAPF_LNS_MAPF_LNS_SAT_mapf-map_room-32-32-4_map-_home_max_Documents_PhD_MAPF_LNS_MAPF_LNS_SAT_mapf-scen-even_scen-even_room-32-32-4-even-6_scen-agents20-idx5-seed42-1783510646982,/home/max/Documents/PhD/MAPF/LNS/MAPF_LNS_SAT/mapf-map/room-32-32-4.map,/home/max/Documents/PhD/MAPF/LNS/MAPF_LNS_SAT/mapf-scen-even/scen-even/room-32-32-4-even-6.scen,20,5,42,1,52,38.708000,3192,1060,0.000000,0.989000,2.644000,2.177000,0.187640
_home_max_Documents_PhD_MAPF_LNS_MAPF_LNS_SAT_mapf-map_room-32-32-4_map-_home_max_Documents_PhD_MAPF_LNS_MAPF_LNS_SAT_mapf-scen-even_scen-even_room-32-32-4-even-7_scen-agents20-idx0-seed42-1783510647028,/home/max/Documents/PhD/MAPF/LNS/MAPF_LNS_SAT/mapf-map/room-32-32-4.map,/home/max/Documents/PhD/MAPF/LNS/MAPF_LNS_SAT/mapf-scen-even/scen-even/room-32-32-4-even-7.scen,20,0,42,1,39,35.279000,10693,1732,0.000000,2.949000,7.082000,6.557000,0.707090
_home_max_Documents_PhD_MAPF_LNS_MAPF_LNS_SAT_mapf-map_room-32-32-4_map-_home_max_Documents_PhD_MAPF_LNS_MAPF_LNS_SAT_mapf-scen-even_scen-even_room-32-32-4-even-7_scen-agents20-idx1-seed42-1783510647079,/home/max/Documents/PhD/MAPF/LNS/MAPF_LNS_SAT/mapf-map/room-32-32-4.map,/home/max/Documents/PhD/MAPF/LNS/MAPF_LNS_SAT/mapf-scen-even/scen-even/room-32-32-4-even-7.scen,20,1,42,1,49,34448.086000,9522243,162289,0.018000,23315.219000,10632.515000,9960.747000,133.059698
_home_max_Documents_PhD_MAPF_LNS_MAPF_LNS_SAT_mapf-map_room-32-32-4_map-_home_max_Documents_PhD_MAPF_LNS_MAPF_LNS_SAT_mapf-scen-even_scen-even_room-32-32-4-even-7_scen-agents20-idx2-seed42-1783510681609,/home/max/Documents/PhD/MAPF/LNS/MAPF_LNS_SAT/mapf-map/room-32-32-4.map,/home/max/Documents/PhD/MAPF/LNS/MAPF_LNS_SAT/mapf-scen-even/scen-even/room-32-32-4-even-7.scen,20,2,42,1,50,15168.606000,4145237,67255,0.003000,10223.664000,4720.958000,4656.345000,53.858627
_home_max_Documents_PhD_MAPF_LNS_MAPF_LNS_SAT_mapf-map_room-32-32-4_map-_home_max_Documents_PhD_MAPF_LNS_MAPF_LNS_SAT_mapf-scen-even_scen-even_room-32-32-4-even-7_scen-agents20-idx3-seed42-1783510696842,/home/max/Documents/PhD/MAPF/LNS/MAPF_LNS_SAT/mapf-map/room-32-32-4.map,/home/max/Documents/PhD/MAPF/LNS/MAPF_LNS_SAT/mapf-scen-even/scen-even/room-32-32-4-even-7.scen,20,3,42,1,51,37.740000,2356,858,0.000000,0.777000,2.079000,1.605000,0.137457
_home_max_Documents_PhD_MAPF_LNS_MAPF_LNS_SAT_mapf-map_room-32-32-4_map-_home_max_Documents_PhD_MAPF_LNS_MAPF_LNS_SAT_mapf-scen-even_scen-even_room-32-32-4-even-7_scen-agents20-idx4-seed42-1783510696888,/home/max/Documents/PhD/MAPF/LNS/MAPF_LNS_SAT/mapf-map/room-32-32-4.map,/home/max/Documents/PhD/MAPF/LNS/MAPF_LNS_SAT/mapf-scen-even/scen-even/room-32-32-4-even-7.scen,20,4,42,1,45,26.065000,3470,926,0.000000,1.010000,2.304000,1.911000,0.178893
_home_max_Documents_PhD_MAPF_LNS_MAPF_LNS_SAT_mapf-map_room-32-32-4_map-_home_max_Documents_PhD_MAPF_LNS_MAPF_LNS_SAT_mapf-scen-even_scen-even_room-32-32-4-even-7_scen-agents20-idx5-seed42-1783510696943,/home/max/Documents/PhD/MAPF/LNS/MAPF_LNS_SAT/mapf-map/room-32-32-4.map,/home/max/Documents/PhD/MAPF/LNS/MAPF_LNS_SAT/mapf-scen-even/scen-even/room-32-32-4-even-7.scen,20,5,42,1,51,330860.742000,62302557,898249,0.055000,221084.999000,102021.731000,96996.473000,1063.657662
_home_max_Documents_PhD_MAPF_LNS_MAPF_LNS_SAT_mapf-map_room-32-32-4_map-_home_max_Documents_PhD_MAPF_LNS_MAPF_LNS_SAT_mapf-scen-even_scen-even_room-32-32-4-even-8_scen-agents20-idx0-seed42-1783511027851,/home/max/Documents/PhD/MAPF/LNS/MAPF_LNS_SAT/mapf-map/room-32-32-4.map,/home/max/Documents/PhD/MAPF/LNS/MAPF_LNS_SAT/mapf-scen-even/scen-even/room-32-32-4-even-8.scen,20,0,42,1,46,32.463000,6067,1672,0.000000,2.070000,5.585000,4.796000,0.687053
_home_max_Documents_PhD_MAPF_LNS_MAPF_LNS_SAT_mapf-map_room-32-32-4_map-_home_max_Documents_PhD_MAPF_LNS_MAPF_LNS_SAT_mapf-scen-even_scen-even_room-32-32-4-even-8_scen-agents20-idx1-seed42-1783511027904,/home/max/Documents/PhD/MAPF/LNS/MAPF_LNS_SAT/mapf-map/room-32-32-4.map,/home/max/Documents/PhD/MAPF/LNS/MAPF_LNS_SAT/mapf-scen-even/scen-even/room-32-32-4-even-8.scen,20,1,42,1,56,31.090000,2160,596,0.000000,0.651000,1.580000,1.281000,0.141112
_home_max_Documents_PhD_MAPF_LNS_MAPF_LNS_SAT_mapf-map_room-32-32-4_map-_home_max_Documents_PhD_MAPF_LNS_MAPF_LNS_SAT_mapf-scen-even_scen-even_room-32-32-4-even-8_scen-agents20-idx2-seed42-1783511027953,/home/max/Documents/PhD/MAPF/LNS/MAPF_LNS_SAT/mapf-map/room-32-32-4.map,/home/max/Documents/PhD/MAPF/LNS/MAPF_LNS_SAT/mapf-scen-even/scen-even/room-32-32-4-even-8.scen,20,2,42,1,54,843.838000,622577,23322,0.003000,360.137000,410.197000,400.271000,12.139098
_home_max_Documents_PhD_MAPF_LNS_MAPF_LNS_SAT_mapf-map_room-32-32-4_map-_home_max_Documents_PhD_MAPF_LNS_MAPF_LNS_SAT_mapf-scen-even_scen-even_room-32-32-4-even-8_scen-agents20-idx3-seed42-1783511028805,/home/max/Documents/PhD/MAPF/LNS/MAPF_LNS_SAT/mapf-map/room-32-32-4.map,/home/max/Documents/PhD/MAPF/LNS/MAPF_LNS_SAT/mapf-scen-even/scen-even/room-32-32-4-even-8.scen,20,3,42,1,55,37.016000,13176,2489,0.000000,4.026000,6.693000,6.004000,0.353706
_home_max_Documents_PhD_MAPF_LNS_MAPF_LNS_SAT_mapf-map_room-32-32-4_map-_home_max_Documents_PhD_MAPF_LNS_MAPF_LNS_SAT_mapf-scen-even_scen-even_room-32-32-4-even-8_scen-agents20-idx4-seed42-1783511028855,/home/max/Documents/PhD/MAPF/LNS/MAPF_LNS_SAT/mapf-map/room-32-32-4.map,/home/max/Documents/PhD/MAPF/LNS/MAPF_LNS_SAT/mapf-scen-even/scen-even/room-32-32-4-even-8.scen,20,4,42,1,54,42.809000,15523,2776,0.000000,4.379000,7.906000,7.239000,0.443410
_home_max_Documents_PhD_MAPF_LNS_MAPF_LNS_SAT_mapf-map_room-32-32-4_map-_home_max_Documents_PhD_MAPF_LNS_MAPF_LNS_SAT_mapf-scen-even_scen-even_room-32-32-4-even-8_scen-agents20-idx5-seed42-1783511028906,/home/max/Documents/PhD/MAPF/LNS/MAPF_LNS_SAT/mapf-map/room-32-32-4.map,/home/max/Documents/PhD/MAPF/LNS/MAPF_LNS_SAT/mapf-scen-even/scen-even/room-32-32-4-even-8.scen,20,5,42,1,54,35.897000,14372,2051,0.000000,4.154000,9.937000,9.326000,0.470046
_home_max_Documents_PhD_MAPF_LNS_MAPF_LNS_SAT_mapf-map_room-32-32-4_map-_home_max_Documents_PhD_MAPF_LNS_MAPF_LNS_SAT_mapf-scen-even_scen-even_room-32-32-4-even-9_scen-agents20-idx0-seed42-1783511028956,/home/max/Documents/PhD/MAPF/LNS/MAPF_LNS_SAT/mapf-map/room-32-32-4.map,/home/max/Documents/PhD/MAPF/LNS/MAPF_LNS_SAT/mapf-scen-even/scen-even/room-32-32-4-even-9.scen,20,0,42,1,56,217.634000,158094,14691,0.003000,62.604000,113.193000,110.510000,4.231310
_home_max_Documents_PhD_MAPF_LNS_MAPF_LNS_SAT_mapf-map_room-32-32-4_map-_home_max_Documents_PhD_MAPF_LNS_MAPF_LNS_SAT_mapf-scen-even_scen-even_room-32-32-4-even-9_scen-agents20-idx1-seed42-1783511029211,/home/max/Documents/PhD/MAPF/LNS/MAPF_LNS_SAT/mapf-map/room-32-32-4.map,/home/max/Documents/PhD/MAPF/LNS/MAPF_LNS_SAT/mapf-scen-even/scen-even/room-32-32-4-even-9.scen,20,1,42,1,55,27.391000,2690,780,0.000000,0.739000,2.338000,1.954000,0.148790
_home_max_Documents_PhD_MAPF_LNS_MAPF_LNS_SAT_mapf-map_room-32-32-4_map-_home_max_Documents_PhD_MAPF_LNS_MAPF_LNS_SAT_mapf-scen-even_scen-even_room-32-32-4-even-9_scen-agents20-idx2-seed42-1783511029260,/home/max/Documents/PhD/MAPF/LNS/MAPF_LNS_SAT/mapf-map/room-32-32-4.map,/home/max/Documents/PhD/MAPF/LNS/MAPF_LNS_SAT/mapf-scen-even/scen-even/room-32-32-4-even-9.scen,20,2,42,1,54,35.593000,3160,1086,0.000000,0.977000,2.867000,2.228000,0.233947
_home_max_Documents_PhD_MAPF_LNS_MAPF_LNS_SAT_mapf-map_room-32-32-4_map-_home_max_Documents_PhD_MAPF_LNS_MAPF_LNS_SAT_mapf-scen-even_scen-even_room-32-32-4-even-9_scen-agents20-idx3-seed42-1783511029308,/home/max/Documents/PhD/MAPF/LNS/MAPF_LNS_SAT/mapf-map/room-32-32-4.map,/home/max/Documents/PhD/MAPF/LNS/MAPF_LNS_SAT/mapf-scen-even/scen-even/room-32-32-4-even-9.scen,20,3,42,1,55,33.219000,6817,1572,0.000000,1.972000,4.073000,3.493000,0.272427
_home_max_Documents_PhD_MAPF_LNS_MAPF_LNS_SAT_mapf-map_room-32-32-4_map-_home_max_Documents_PhD_MAPF_LNS_MAPF_LNS_SAT_mapf-scen-even_scen-even_room-32-32-4-even-9_scen-agents20-idx4-seed42-1783511029360,/home/max/Documents/PhD/MAPF/LNS/MAPF_LNS_SAT/mapf-map/room-32-32-4.map,/home/max/Documents/PhD/MAPF/LNS/MAPF_LNS_SAT/mapf-scen-even/scen-even/room-32-32-4-even-9.scen,20,4,42,1,52,53161.642000,14414166,271079,0.048000,33331.012000,19017.162000,18903.138000,206.426929
_home_max_Documents_PhD_MAPF_LNS_MAPF_LNS_SAT_mapf-map_room-32-32-4_map-_home_max_Documents_PhD_MAPF_LNS_MAPF_LNS_SAT_mapf-scen-even_scen-even_room-32-32-4-even-1_scen-agents50-idx0-seed42-1783511100644,/home/max/Documents/PhD/MAPF/LNS/MAPF_LNS_SAT/mapf-map/room-32-32-4.map,/home/max/Documents/PhD/MAPF/LNS/MAPF_LNS_SAT/mapf-scen-even/scen-even/room-32-32-4-even-1.scen,50,0,42,1,54,481025.249000,50640265,840600,0.094000,389979.049000,83916.395000,76754.678000,2316.933608
_home_max_Documents_PhD_MAPF_LNS_MAPF_LNS_SAT_mapf-map_room-64-64-16_map-_home_max_Documents_PhD_MAPF_LNS_MAPF_LNS_SAT_mapf-scen-even_scen-even_room-64-64-16-even-1_scen-agents10-idx0-seed42-1783511699789,/home/max/Documents/PhD/MAPF/LNS/MAPF_LNS_SAT/mapf-map/room-64-64-16.map,/home/max/Documents/PhD/MAPF/LNS/MAPF_LNS_SAT/mapf-scen-even/scen-even/room-64-64-16-even-1.scen,10,0,42,1,186,65.372000,513,207,0.000000,0.222000,0.643000,0.471000,0.042026
_home_max_Documents_PhD_MAPF_LNS_MAPF_LNS_SAT_mapf-map_room-64-64-16_map-_home_max_Documents_PhD_MAPF_LNS_MAPF_LNS_SAT_mapf-scen-even_scen-even_room-64-64-16-even-1_scen-agents10-idx1-seed42-1783511699894,/home/max/Documents/PhD/MAPF/LNS/MAPF_LNS_SAT/mapf-map/room-64-64-16.map,/home/max/Documents/PhD/MAPF/LNS/MAPF_LNS_SAT/mapf-scen-even/scen-even/room-64-64-16-even-1.scen,10,1,42,1,189,67.480000,162,81,0.000000,0.075000,0.248000,0.168000,0.020299
_home_max_Documents_PhD_MAPF_LNS_MAPF_LNS_SAT_mapf-map_room-64-64-16_map-_home_max_Documents_PhD_MAPF_LNS_MAPF_LNS_SAT_mapf-scen-even_scen-even_room-64-64-16-even-1_scen-agents10-idx2-seed42-1783511699995,/home/max/Documents/PhD/MAPF/LNS/MAPF_LNS_SAT/mapf-map/room-64-64-16.map,/home/max/Documents/PhD/MAPF/LNS/MAPF_LNS_SAT/mapf-scen-even/scen-even/room-64-64-16-even-1.scen,10,2,42,1,164,74.692000,383,144,0.000000,0.152000,0.380000,0.294000,0.040253
_home_max_Documents_PhD_MAPF_LNS_MAPF_LNS_SAT_mapf-map_room-64-64-16_map-_home_max_Documents_PhD_MAPF_LNS_MAPF_LNS_SAT_mapf-scen-even_scen-even_room-64-64-16-even-1_scen-agents10-idx3-seed42-1783511700092,/home/max/Documents/PhD/MAPF/LNS/MAPF_LNS_SAT/mapf-map/room-64-64-16.map,/home/max/Documents/PhD/MAPF/LNS/MAPF_LNS_SAT/mapf-scen-even/scen-even/room-64-64-16-even-1.scen,10,3,42,1,181,66.912000,971,327,0.000000,0.395000,0.686000,0.570000,0.047700
_home_max_Documents_PhD_MAPF_LNS_MAPF_LNS_SAT_mapf-map_room-64-64-16_map-_home_max_Documents_PhD_MAPF_LNS_MAPF_LNS_SAT_mapf-scen-even_scen-even_room-64-64-16-even-1_scen-agents10-idx4-seed42-1783511700194,/home/max/Documents/PhD/MAPF/LNS/MAPF_LNS_SAT/mapf-map/room-64-64-16.map,/home/max/Documents/PhD/MAPF/LNS/MAPF_LNS_SAT/mapf-scen-even/scen-even/room-64-64-16-even-1.scen,10,4,42,1,189,67.131000,499,158,0.000000,0.163000,0.439000,0.347000,0.034803
_home_max_Documents_PhD_MAPF_LNS_MAPF_LNS_SAT_mapf-map_room-64-64-16_map-_home_max_Documents_PhD_MAPF_LNS_MAPF_LNS_SAT_mapf-scen-even_scen-even_room-64-64-16-even-1_scen-agents10-idx5-seed42-1783511700293,/home/max/Documents/PhD/MAPF/LNS/MAPF_LNS_SAT/mapf-map/room-64-64-16.map,/home/max/Documents/PhD/MAPF/LNS/MAPF_LNS_SAT/mapf-scen-even/scen-even/room-64-64-16-even-1.scen,10,5,42,1,168,61.852000,240,87,0.000000,0.101000,0.283000,0.211000,0.027079
_home_max_Documents_PhD_MAPF_LNS_MAPF_LNS_SAT_mapf-map_room-64-64-16_map-_home_max_Documents_PhD_MAPF_LNS_MAPF_LNS_SAT_mapf-scen-even_scen-even_room-64-64-16-even-1_scen-agents10-idx6-seed42-1783511700397,/home/max/Documents/PhD/MAPF/LNS/MAPF_LNS_SAT/mapf-map/room-64-64-16.map,/home/max/Documents/PhD/MAPF/LNS/MAPF_LNS_SAT/mapf-scen-even/scen-even/room-64-64-16-even-1.scen,10,6,42,1,154,57.043000,239,86,0.000000,0.085000,0.290000,0.220000,0.026678
_home_max_Documents_PhD_MAPF_LNS_MAPF_LNS_SAT_mapf-map_room-64-64-16_map-_home_max_Documents_PhD_MAPF_LNS_MAPF_LNS_SAT_mapf-scen-even_scen-even_room-64-64-16-even-1_scen-agents10-idx7-seed42-1783511700498,/home/max/Documents/PhD/MAPF/LNS/MAPF_LNS_SAT/mapf-map/room-64-64-16.map,/home/max/Documents/PhD/MAPF/LNS/MAPF_LNS_SAT/mapf-scen-even/scen-even/room-64-64-16-even-1.scen,10,7,42,1,168,56.916000,625,224,0.000000,0.214000,0.537000,0.434000,0.045822
_home_max_Documents_PhD_MAPF_LNS_MAPF_LNS_SAT_mapf-map_room-64-64-16_map-_home_max_Documents_PhD_MAPF_LNS_MAPF_LNS_SAT_mapf-scen-even_scen-even_room-64-64-16-even-1_scen-agents10-idx8-seed42-1783511700600,/home/max/Documents/PhD/MAPF/LNS/MAPF_LNS_SAT/mapf-map/room-64-64-16.map,/home/max/Documents/PhD/MAPF/LNS/MAPF_LNS_SAT/mapf-scen-even/scen-even/room-64-64-16-even-1.scen,10,8,42,1,184,66.039000,1529,426,0.000000,0.477000,1.118000,0.922000,0.088287
_home_max_Documents_PhD_MAPF_LNS_MAPF_LNS_SAT_mapf-map_room-64-64-16_map-_home_max_Documents_PhD_MAPF_LNS_MAPF_LNS_SAT_mapf-scen-even_scen-even_room-64-64-16-even-1_scen-agents10-idx9-seed42-1783511700700,/home/max/Documents/PhD/MAPF/LNS/MAPF_LNS_SAT/mapf-map/room-64-64-16.map,/home/max/Documents/PhD/MAPF/LNS/MAPF_LNS_SAT/mapf-scen-even/scen-even/room-64-64-16-even-1.scen,10,9,42,1,172,61.185000,894,334,0.000000,0.369000,0.816000,0.641000,0.060669
_home_max_Documents_PhD_MAPF_LNS_MAPF_LNS_SAT_mapf-map_room-64-64-16_map-_home_max_Documents_PhD_MAPF_LNS_MAPF_LNS_SAT_mapf-scen-even_scen-even_room-64-64-16-even-1_scen-agents10-idx10-seed42-1783511700799,/home/max/Documents/PhD/MAPF/LNS/MAPF_LNS_SAT/mapf-map/room-64-64-16.map,/home/max/Documents/PhD/MAPF/LNS/MAPF_LNS_SAT/mapf-scen-even/scen-even/room-64-64-16-even-1.scen,10,10,42,1,162,55.598000,269,110,0.000000,0.113000,0.375000,0.291000,0.046298
_home_max_Documents_PhD_MAPF_LNS_MAPF_LNS_SAT_mapf-map_room-64-64-16_map-_home_max_Documents_PhD_MAPF_LNS_MAPF_LNS_SAT_mapf-scen-even_scen-even_room-64-64-16-even-1_scen-agents10-idx11-seed42-1783511700897,/home/max/Documents/PhD/MAPF/LNS/MAPF_LNS_SAT/mapf-map/room-64-64-16.map,/home/max/Documents/PhD/MAPF/LNS/MAPF_LNS_SAT/mapf-scen-even/scen-even/room-64-64-16-even-1.scen,10,11,42,1,182,61.029000,1436,388,0.000000,0.476000,1.054000,0.881000,0.072428
_home_max_Documents_PhD_MAPF_LNS_MAPF_LNS_SAT_mapf-map_room-64-64-16_map-_home_max_Documents_PhD_MAPF_LNS_MAPF_LNS_SAT_mapf-scen-even_scen-even_room-64-64-16-even-1_scen-agents10-idx12-seed42-1783511701003,/home/max/Documents/PhD/MAPF/LNS/MAPF_LNS_SAT/mapf-map/room-64-64-16.map,/home/max/Documents/PhD/MAPF/LNS/MAPF_LNS_SAT/mapf-scen-even/scen-even/room-64-64-16-even-1.scen,10,12,42,1,171,73.959000,929,383,0.000000,0.442000,0.680000,0.543000,0.045443
_home_max_Documents_PhD_MAPF_LNS_MAPF_LNS_SAT_mapf-map_room-64-64-16_map-_home_max_Documents_PhD_MAPF_LNS_MAPF_LNS_SAT_mapf-scen-even_scen-even_room-64-64-16-even-1_scen-agents10-idx13-seed42-1783511701099,/home/max/Documents/PhD/MAPF/LNS/MAPF_LNS_SAT/mapf-map/room-64-64-16.map,/home/max/Documents/PhD/MAPF/LNS/MAPF_LNS_SAT/mapf-scen-even/scen-even/room-64-64-16-even-1.scen,10,13,42,1,172,67.268000,1395,308,0.000000,0.432000,0.837000,0.737000,0.056869
_home_max_Documents_PhD_MAPF_LNS_MAPF_LNS_SAT_mapf-map_room-64-64-16_map-_home_max_Documents_PhD_MAPF_LNS_MAPF_LNS_SAT_mapf-scen-even_scen-even_room-64-64-16-even-1_scen-agents10-idx14-seed42-1783511701204,/home/max/Documents/PhD/MAPF/LNS/MAPF_LNS_SAT/mapf-map/room-64-64-16.map,/home/max/Documents/PhD/MAPF/LNS/MAPF_LNS_SAT/mapf-scen-even/scen-even/room-64-64-16-even-1.scen,10,14,42,1,181,57.200000,147,54,0.000000,0.069000,0.204000,0.148000,0.019693
_home_max_Documents_PhD_MAPF_LNS_MAPF_LNS_SAT_mapf-map_room-64-64-16_map-_home_max_Documents_PhD_MAPF_LNS_MAPF_LNS_SAT_mapf-scen-even_scen-even_room-64-64-16-even-1_scen-agents10-idx15-seed42-1783511701304,/home/max/Documents/PhD/MAPF/LNS/MAPF_LNS_SAT/mapf-map/room-64-64-16.map,/home/max/Documents/PhD/MAPF/LNS/MAPF_LNS_SAT/mapf-scen-even/scen-even/room-64-64-16-even-1.scen,10,15,42,1,177,60.878000,120,44,0.000000,0.051000,0.153000,0.120000,0.014576
_home_max_Documents_PhD_MAPF_LNS_MAPF_LNS_SAT_mapf-map_room-64-64-16_map-_home_max_Documents_PhD_MAPF_LNS_MAPF_LNS_SAT_mapf-scen-even_scen-even_room-64-64-16-even-1_scen-agents10-idx16-seed42-1783511701404,/home/max/Documents/PhD/MAPF/LNS/MAPF_LNS_SAT/mapf-map/room-64-64-16.map,/home/max/Documents/PhD/MAPF/LNS/MAPF_LNS_SAT/mapf-scen-even/scen-even/room-64-64-16-even-1.scen,10,16,42,1,185,66.238000,2176,661,0.000000,0.746000,1.602000,1.319000,0.111914
_home_max_Documents_PhD_MAPF_LNS_MAPF_LNS_SAT_mapf-map_room-64-64-16_map-_home_max_Documents_PhD_MAPF_LNS_MAPF_LNS_SAT_mapf-scen-even_scen-even_room-64-64-16-even-1_scen-agents10-idx17-seed42-1783511701507,/home/max/Documents/PhD/MAPF/LNS/MAPF_LNS_SAT/mapf-map/room-64-64-16.map,/home/max/Documents/PhD/MAPF/LNS/MAPF_LNS_SAT/mapf-scen-even/scen-even/room-64-64-16-even-1.scen,10,17,42,1,187,81.600000,8985,1793,0.000000,2.816000,4.629000,4.174000,0.328138
_home_max_Documents_PhD_MAPF_LNS_MAPF_LNS_SAT_mapf-map_room-64-64-16_map-_home_max_Documents_PhD_MAPF_LNS_MAPF_LNS_SAT_mapf-scen-even_scen-even_room-64-64-16-even-1_scen-agents10-idx18-seed42-1783511701602,/home/max/Documents/PhD/MAPF/LNS/MAPF_LNS_SAT/mapf-map/room-64-64-16.map,/home/max/Documents/PhD/MAPF/LNS/MAPF_LNS_SAT/mapf-scen-even/scen-even/room-64-64-16-even-1.scen,10,18,42,1,169,54.882000,142,52,0.000000,0.061000,0.186000,0.142000,0.018472
_home_max_Documents_PhD_MAPF_LNS_MAPF_LNS_SAT_mapf-map_room-64-64-16_map-_home_max_Documents_PhD_MAPF_LNS_MAPF_LNS_SAT_mapf-scen-even_scen-even_room-64-64-16-even-1_scen-agents10-idx19-seed42-1783511701705,/home/max/Documents/PhD/MAPF/LNS/MAPF_LNS_SAT/mapf-map/room-64-64-16.map,/home/max/Documents/PhD/MAPF/LNS/MAPF_LNS_SAT/mapf-scen-even/scen-even/room-64-64-16-even-1.scen,10,19,42,1,166,62.720000,1084,385,0.001000,0.461000,0.831000,0.688000,0.070984
_home_max_Documents_PhD_MAPF_LNS_MAPF_LNS_SAT_mapf-map_room-64-64-16_map-_home_max_Documents_PhD_MAPF_LNS_MAPF_LNS_SAT_mapf-scen-even_scen-even_room-64-64-16-even-1_scen-agents10-idx20-seed42-1783511701806,/home/max/Documents/PhD/MAPF/LNS/MAPF_LNS_SAT/mapf-map/room-64-64-16.map,/home/max/Documents/PhD/MAPF/LNS/MAPF_LNS_SAT/mapf-scen-even/scen-even/room-64-64-16-even-1.scen,10,20,42,1,136,54.103000,254,103,0.000000,0.100000,0.279000,0.219000,0.025845
_home_max_Documents_PhD_MAPF_LNS_MAPF_LNS_SAT_mapf-map_room-64-64-16_map-_home_max_Documents_PhD_MAPF_LNS_MAPF_LNS_SAT_mapf-scen-even_scen-even_room-64-64-16-even-1_scen-agents10-idx21-seed42-1783511701906,/home/max/Documents/PhD/MAPF/LNS/MAPF_LNS_SAT/mapf-map/room-64-64-16.map,/home/max/Documents/PhD/MAPF/LNS/MAPF_LNS_SAT/mapf-scen-even/scen-even/room-64-64-16-even-1.scen,10,21,42,1,171,70.241000,2337,819,0.000000,0.891000,1.332000,1.202000,0.062602
_home_max_Documents_PhD_MAPF_LNS_MAPF_LNS_SAT_mapf-map_room-64-64-16_map-_home_max_Documents_PhD_MAPF_LNS_MAPF_LNS_SAT_mapf-scen-even_scen-even_room-64-64-16-even-1_scen-agents10-idx22-seed42-1783511702006,/home/max/Documents/PhD/MAPF/LNS/MAPF_LNS_SAT/mapf-map/room-64-64-16.map,/home/max/Documents/PhD/MAPF/LNS/MAPF_LNS_SAT/mapf-scen-even/scen-even/room-64-64-16-even-1.scen,10,22,42,1,152,59.148000,44,18,0.000000,0.024000,0.132000,0.087000,0.011665
_home_max_Documents_PhD_MAPF_LNS_MAPF_LNS_SAT_mapf-map_room-64-64-16_map-_home_max_Documents_PhD_MAPF_LNS_MAPF_LNS_SAT_mapf-scen-even_scen-even_room-64-64-16-even-1_scen-agents10-idx23-seed42-1783511702109,/home/max/Documents/PhD/MAPF/LNS/MAPF_LNS_SAT/mapf-map/room-64-64-16.map,/home/max/Documents/PhD/MAPF/LNS/MAPF_LNS_SAT/mapf-scen-even/scen-even/room-64-64-16-even-1.scen,10,23,42,1,167,63.906000,685,253,0.000000,0.228000,0.661000,0.515000,0.054417
_home_max_Documents_PhD_MAPF_LNS_MAPF_LNS_SAT_mapf-map_room-64-64-16_map-_home_max_Documents_PhD_MAPF_LNS_MAPF_LNS_SAT_mapf-scen-even_scen-even_room-64-64-16-even-1_scen-agents10-idx24-seed42-1783511702209,/home/max/Documents/PhD/MAPF/LNS/MAPF_LNS_SAT/mapf-map/room-64-64-16.map,/home/max/Documents/PhD/MAPF/LNS/MAPF_LNS_SAT/mapf-scen-even/scen-even/room-64-64-16-even-1.scen,10,24,42,1,176,55.896000,791,253,0.000000,0.317000,0.653000,0.531000,0.068073
_home_max_Documents_PhD_MAPF_LNS_MAPF_LNS_SAT_mapf-map_room-64-64-16_map-_home_max_Documents_PhD_MAPF_LNS_MAPF_LNS_SAT_mapf-scen-even_scen-even_room-64-64-16-even-1_scen-agents10-idx25-seed42-1783511702313,/home/max/Documents/PhD/MAPF/LNS/MAPF_LNS_SAT/mapf-map/room-64-64-16.map,/home/max/Documents/PhD/MAPF/LNS/MAPF_LNS_SAT/mapf-scen-even/scen-even/room-64-64-16-even-1.scen,10,25,42,1,183,67.782000,857,321,0.000000,0.353000,0.771000,0.594000,0.056794
_home_max_Documents_PhD_MAPF_LNS_MAPF_LNS_SAT_mapf-map_room-64-64-16_map-_home_max_Documents_PhD_MAPF_LNS_MAPF_LNS_SAT_mapf-scen-even_scen-even_room-64-64-16-even-1_scen-agents10-idx26-seed42-1783511702410,/home/max/Documents/PhD/MAPF/LNS/MAPF_LNS_SAT/mapf-map/room-64-64-16.map,/home/max/Documents/PhD/MAPF/LNS/MAPF_LNS_SAT/mapf-scen-even/scen-even/room-64-64-16-even-1.scen,10,26,42,1,141,63.742000,243,113,0.000000,0.126000,0.256000,0.195000,0.016461
_home_max_Documents_PhD_MAPF_LNS_MAPF_LNS_SAT_mapf-map_room-64-64-16_map-_home_max_Documents_PhD_MAPF_LNS_MAPF_LNS_SAT_mapf-scen-even_scen-even_room-64-64-16-even-1_scen-agents10-idx27-seed42-1783511702511,/home/max/Documents/PhD/MAPF/LNS/MAPF_LNS_SAT/mapf-map/room-64-64-16.map,/home/max/Documents/PhD/MAPF/LNS/MAPF_LNS_SAT/mapf-scen-even/scen-even/room-64-64-16-even-1.scen,10,27,42,1,188,72.740000,3980,938,0.000000,1.380000,2.948000,2.456000,0.322275
_home_max_Documents_PhD_MAPF_LNS_MAPF_LNS_SAT_mapf-map_room-64-64-16_map-_home_max_Documents_PhD_MAPF_LNS_MAPF_LNS_SAT_mapf-scen-even_scen-even_room-64-64-16-even-1_scen-agents10-idx28-seed42-1783511702611,/home/max/Documents/PhD/MAPF/LNS/MAPF_LNS_SAT/mapf-map/room-64-64-16.map,/home/max/Documents/PhD/MAPF/LNS/MAPF_LNS_SAT/mapf-scen-even/scen-even/room-64-64-16-even-1.scen,10,28,42,1,180,67.041000,641,272,0.000000,0.310000,0.669000,0.498000,0.050178
_home_max_Documents_PhD_MAPF_LNS_MAPF_LNS_SAT_mapf-map_room-64-64-16_map-_home_max_Documents_PhD_MAPF_LNS_MAPF_LNS_SAT_mapf-scen-even_scen-even_room-64-64-16-even-1_scen-agents10-idx29-seed42-1783511702712,/home/max/Documents/PhD/MAPF/LNS/MAPF_LNS_SAT/mapf-map/room-64-64-16.map,/home/max/Documents/PhD/MAPF/LNS/MAPF_LNS_SAT/mapf-scen-even/scen-even/room-64-64-16-even-1.scen,10,29,42,1,170,55.444000,227,98,0.000000,0.100000,0.285000,0.213000,0.020355
_home_max_Documents_PhD_MAPF_LNS_MAPF_LNS_SAT_mapf-map_room-64-64-16_map-_home_max_Documents_PhD_MAPF_LNS_MAPF_LNS_SAT_mapf-scen-even_scen-even_room-64-64-16-even-1_scen-agents10-idx30-seed42-1783511702813,/home/max/Documents/PhD/MAPF/LNS/MAPF_LNS_SAT/mapf-map/room-64-64-16.map,/home/max/Documents/PhD/MAPF/LNS/MAPF_LNS_SAT/mapf-scen-even/scen-even/room-64-64-16-even-1.scen,10,30,42,1,184,64.878000,236,90,0.000000,0.098000,0.322000,0.237000,0.028747
_home_max_Documents_PhD_MAPF_LNS_MAPF_LNS_SAT_mapf-map_room-64-64-16_map-_home_max_Documents_PhD_MAPF_LNS_MAPF_LNS_SAT_mapf-scen-even_scen-even_room-64-64-16-even-1_scen-agents10-idx31-seed42-1783511702914,/home/max/Documents/PhD/MAPF/LNS/MAPF_LNS_SAT/mapf-map/room-64-64-16.map,/home/max/Documents/PhD/MAPF/LNS/MAPF_LNS_SAT/mapf-scen-even/scen-even/room-64-64-16-even-1.scen,10,31,42,1,185,55.173000,0,0,0.000000,0.000000,0.000000,0.000000,0.000000
_home_max_Documents_PhD_MAPF_LNS_MAPF_LNS_SAT_mapf-map_room-64-64-16_map-_home_max_Documents_PhD_MAPF_LNS_MAPF_LNS_SAT_mapf-scen-even_scen-even_room-64-64-16-even-1_scen-agents10-idx32-seed42-1783511703015,/home/max/Documents/PhD/MAPF/LNS/MAPF_LNS_SAT/mapf-map/room-64-64-16.map,/home/max/Documents/PhD/MAPF/LNS/MAPF_LNS_SAT/mapf-scen-even/scen-even/room-64-64-16-even-1.scen,10,32,42,1,172,66.617000,895,285,0.000000,0.338000,0.760000,0.614000,0.058222
_home_max_Documents_PhD_MAPF_LNS_MAPF_LNS_SAT_mapf-map_room-64-64-16_map-_home_max_Documents_PhD_MAPF_LNS_MAPF_LNS_SAT_mapf-scen-even_scen-even_room-64-64-16-even-1_scen-agents10-idx33-seed42-1783511703117,/home/max/Documents/PhD/MAPF/LNS/MAPF_LNS_SAT/mapf-map/room-64-64-16.map,/home/max/Documents/PhD/MAPF/LNS/MAPF_LNS_SAT/mapf-scen-even/scen-even/room-64-64-16-even-1.scen,10,33,42,1,178,63.305000,986,310,0.000000,0.385000,0.794000,0.650000,0.066662
_home_max_Documents_PhD_MAPF_LNS_MAPF_LNS_SAT_mapf-map_room-64-64-16_map-_home_max_Documents_PhD_MAPF_LNS_MAPF_LNS_SAT_mapf-scen-even_scen-even_room-64-64-16-even-1_scen-agents10-idx34-seed42-1783511703217,/home/max/Documents/PhD/MAPF/LNS/MAPF_LNS_SAT/mapf-map/room-64-64-16.map,/home/max/Documents/PhD/MAPF/LNS/MAPF_LNS_SAT/mapf-scen-even/scen-even/room-64-64-16-even-1.scen,10,34,42,1,175,69.728000,771,304,0.000000,0.319000,0.685000,0.552000,0.043577
_home_max_Documents_PhD_MAPF_LNS_MAPF_LNS_SAT_mapf-map_room-64-64-16_map-_home_max_Documents_PhD_MAPF_LNS_MAPF_LNS_SAT_mapf-scen-even_scen-even_room-64-64-16-even-1_scen-agents10-idx35-seed42-1783511703317,/home/max/Documents/PhD/MAPF/LNS/MAPF_LNS_SAT/mapf-map/room-64-64-16.map,/home/max/Documents/PhD/MAPF/LNS/MAPF_LNS_SAT/mapf-scen-even/scen-even/room-64-64-16-even-1.scen,10,35,42,1,177,67.013000,408,181,0.000000,0.217000,0.410000,0.316000,0.026550
_home_max_Documents_PhD_MAPF_LNS_MAPF_LNS_SAT_mapf-map_room-64-64-16_map-_home_max_Documents_PhD_MAPF_LNS_MAPF_LNS_SAT_mapf-scen-even_scen-even_room-64-64-16-even-1_scen-agents10-idx36-seed42-1783511703417,/home/max/Documents/PhD/MAPF/LNS/MAPF_LNS_SAT/mapf-map/room-64-64-16.map,/home/max/Documents/PhD/MAPF/LNS/MAPF_LNS_SAT/mapf-scen-even/scen-even/room-64-64-16-even-1.scen,10,36,42,1,146,62.410000,280,120,0.000000,0.118000,0.378000,0.278000,0.024203
_home_max_Documents_PhD_MAPF_LNS_MAPF_LNS_SAT_mapf-map_room-64-64-16_map-_home_max_Documents_PhD_MAPF_LNS_MAPF_LNS_SAT_mapf-scen-even_scen-even_room-64-64-16-even-1_scen-agents10-idx37-seed42-1783511703520,/home/max/Documents/PhD/MAPF/LNS/MAPF_LNS_SAT/mapf-map/room-64-64-16.map,/home/max/Documents/PhD/MAPF/LNS/MAPF_LNS_SAT/mapf-scen-even/scen-even/room-64-64-16-even-1.scen,10,37,42,1,155,65.254000,774,297,0.000000,0.338000,0.655000,0.526000,0.051477
_home_max_Documents_PhD_MAPF_LNS_MAPF_LNS_SAT_mapf-map_room-64-64-16_map-_home_max_Documents_PhD_MAPF_LNS_MAPF_LNS_SAT_mapf-scen-even_scen-even_room-64-64-16-even-1_scen-agents10-idx38-seed42-1783511703618,/home/max/Documents/PhD/MAPF/LNS/MAPF_LNS_SAT/mapf-map/room-64-64-16.map,/home/max/Documents/PhD/MAPF/LNS/MAPF_LNS_SAT/mapf-scen-even/scen-even/room-64-64-16-even-1.scen,10,38,42,1,134,58.605000,24,10,0.000000,0.015000,0.065000,0.053000,0.009375
_home_max_Documents_PhD_MAPF_LNS_MAPF_LNS_SAT_mapf-map_room-64-64-16_map-_home_max_Documents_PhD_MAPF_LNS_MAPF_LNS_SAT_mapf-scen-even_scen-even_room-64-64-16-even-1_scen-agents10-idx39-seed42-1783511703721,/home/max/Documents/PhD/MAPF/LNS/MAPF_LNS_SAT/mapf-map/room-64-64-16.map,/home/max/Documents/PhD/MAPF/LNS/MAPF_LNS_SAT/mapf-scen-even/scen-even/room-64-64-16-even-1.scen,10,39,42,1,179,66.582000,228,99,0.000000,0.113000,0.264000,0.202000,0.019190
_home_max_Documents_PhD_MAPF_LNS_MAPF_LNS_SAT_mapf-map_room-64-64-16_map-_home_max_Documents_PhD_MAPF_LNS_MAPF_LNS_SAT_mapf-scen-even_scen-even_room-64-64-16-even-2_scen-agents10-idx0-seed42-1783511703818,/home/max/Documents/PhD/MAPF/LNS/MAPF_LNS_SAT/mapf-map/room-64-64-16.map,/home/max/Documents/PhD/MAPF/LNS/MAPF_LNS_SAT/mapf-scen-even/scen-even/room-64-64-16-even-2.scen,10,0,42,1,181,69.527000,849,292,0.000000,0.342000,0.837000,0.633000,0.059397
_home_max_Documents_PhD_MAPF_LNS_MAPF_LNS_SAT_mapf-map_room-64-64-16_map-_home_max_Documents_PhD_MAPF_LNS_MAPF_LNS_SAT_mapf-scen-even_scen-even_room-64-64-16-even-2_scen-agents10-idx1-seed42-1783511703919,/home/max/Documents/PhD/MAPF/LNS/MAPF_LNS_SAT/mapf-map/room-64-64-16.map,/home/max/Documents/PhD/MAPF/LNS/MAPF_LNS_SAT/mapf-scen-even/scen-even/room-64-64-16-even-2.scen,10,1,42,1,186,57.761000,404,172,0.000000,0.179000,0.480000,0.353000,0.035406
_home_max_Documents_PhD_MAPF_LNS_MAPF_LNS_SAT_mapf-map_room-64-64-16_map-_home_max_Documents_PhD_MAPF_LNS_MAPF_LNS_SAT_mapf-scen-even_scen-even_room-64-64-16-even-2_scen-agents10-idx2-seed42-1783511704021,/home/max/Documents/PhD/MAPF/LNS/MAPF_LNS_SAT/mapf-map/room-64-64-16.map,/home/max/Documents/PhD/MAPF/LNS/MAPF_LNS_SAT/mapf-scen-even/scen-even/room-64-64-16-even-2.scen,10,2,42,1,168,62.936000,0,0,0.000000,0.000000,0.000000,0.000000,0.000000
_home_max_Documents_PhD_MAPF_LNS_MAPF_LNS_SAT_mapf-map_room-64-64-16_map-_home_max_Documents_PhD_MAPF_LNS_MAPF_LNS_SAT_mapf-scen-even_scen-even_room-64-64-16-even-2_scen-agents10-idx3-seed42-1783511704124,/home/max/Documents/PhD/MAPF/LNS/MAPF_LNS_SAT/mapf-map/room-64-64-16.map,/home/max/Documents/PhD/MAPF/LNS/MAPF_LNS_SAT/mapf-scen-even/scen-even/room-64-64-16-even-2.scen,10,3,42,1,173,60.532000,425,154,0.000000,0.158000,0.392000,0.310000,0.034508
_home_max_Documents_PhD_MAPF_LNS_MAPF_LNS_SAT_mapf-map_room-64-64-16_map-_home_max_Documents_PhD_MAPF_LNS_MAPF_LNS_SAT_mapf-scen-even_scen-even_room-64-64-16-even-2_scen-agents10-idx4-seed42-1783511704223,/home/max/Documents/PhD/MAPF/LNS/MAPF_LNS_SAT/mapf-map/room-64-64-16.map,/home/max/Documents/PhD/MAPF/LNS/MAPF_LNS_SAT/mapf-scen-even/scen-even/room-64-64-16-even-2.scen,10,4,42,1,172,57.997000,75,30,0.000000,0.037000,0.146000,0.103000,0.013339
_home_max_Documents_PhD_MAPF_LNS_MAPF_LNS_SAT_mapf-map_room-64-64-16_map-_home_max_Documents_PhD_MAPF_LNS_MAPF_LNS_SAT_mapf-scen-even_scen-even_room-64-64-16-even-2_scen-agents10-idx5-seed42-1783511704326,/home/max/Documents/PhD/MAPF/LNS/MAPF_LNS_SAT/mapf-map/room-64-64-16.map,/home/max/Documents/PhD/MAPF/LNS/MAPF_LNS_SAT/mapf-scen-even/scen-even/room-64-64-16-even-2.scen,10,5,42,1,173,64.394000,576,202,0.000000,0.210000,0.512000,0.411000,0.044968
_home_max_Documents_PhD_MAPF_LNS_MAPF_LNS_SAT_mapf-map_room-64-64-16_map-_home_max_Documents_PhD_MAPF_LNS_MAPF_LNS_SAT_mapf-scen-even_scen-even_room-64-64-16-even-2_scen-agents10-idx6-seed42-1783511704428,/home/max/Documents/PhD/MAPF/LNS/MAPF_LNS_SAT/mapf-map/room-64-64-16.map,/home/max/Documents/PhD/MAPF/LNS/MAPF_LNS_SAT/mapf-scen-even/scen-even/room-64-64-16-even-2.scen,10,6,42,1,179,74.504000,1142,369,0.001000,0.415000,1.031000,0.808000,0.076525
_home_max_Documents_PhD_MAPF_LNS_MAPF_LNS_SAT_mapf-map_room-64-64-16_map-_home_max_Documents_PhD_MAPF_LNS_MAPF_LNS_SAT_mapf-scen-even_scen-even_room-64-64-16-even-2_scen-agents10-idx7-seed42-1783511704521,/home/max/Documents/PhD/MAPF/LNS/MAPF_LNS_SAT/mapf-map/room-64-64-16.map,/home/max/Documents/PhD/MAPF/LNS/MAPF_LNS_SAT/mapf-scen-even/scen-even/room-64-64-16-even-2.scen,10,7,42,1,130,49.106000,114,55,0.000000,0.051000,0.167000,0.123000,0.014576
_home_max_Documents_PhD_MAPF_LNS_MAPF_LNS_SAT_mapf-map_room-64-64-16_map-_home_max_Documents_PhD_MAPF_LNS_MAPF_LNS_SAT_mapf-scen-even_scen-even_room-64-64-16-even-2_scen-agents10-idx8-seed42-1783511704626,/home/max/Documents/PhD/MAPF/LNS/MAPF_LNS_SAT/mapf-map/room-64-64-16.map,/home/max/Documents/PhD/MAPF/LNS/MAPF_LNS_SAT/mapf-scen-even/scen-even/room-64-64-16-even-2.scen,10,8,42,1,177,62.271000,174,75,0.000000,0.103000,0.359000,0.263000,0.028172
_home_max_Documents_PhD_MAPF_LNS_MAPF_LNS_SAT_mapf-map_room-64-64-16_map-_home_max_Documents_PhD_MAPF_LNS_MAPF_LNS_SAT_mapf-scen-even_scen-even_room-64-64-16-even-2_scen-agents10-idx9-seed42-1783511704727,/home/max/Documents/PhD/MAPF/LNS/MAPF_LNS_SAT/mapf-map/room-64-64-16.map,/home/max/Documents/PhD/MAPF/LNS/MAPF_LNS_SAT/mapf-scen-even/scen-even/room-64-64-16-even-2.scen,10,9,42,1,161,57.664000,299,143,0.000000,0.176000,0.366000,0.273000,0.032041
_home_max_Documents_PhD_MAPF_LNS_MAPF_LNS_SAT_mapf-map_room-64-64-16_map-_home_max_Documents_PhD_MAPF_LNS_MAPF_LNS_SAT_mapf-scen-even_scen-even_room-64-64-16-even-2_scen-agents10-idx10-seed42-1783511704827,/home/max/Documents/PhD/MAPF/LNS/MAPF_LNS_SAT/mapf-map/room-64-64-16.map,/home/max/Documents/PhD/MAPF/LNS/MAPF_LNS_SAT/mapf-scen-even/scen-even/room-64-64-16-even-2.scen,10,10,42,1,184,67.577000,505,182,0.000000,0.208000,0.514000,0.396000,0.042638
_home_max_Documents_PhD_MAPF_LNS_MAPF_LNS_SAT_mapf-map_room-64-64-16_map-_home_max_Documents_PhD_MAPF_LNS_MAPF_LNS_SAT_mapf-scen-even_scen-even_room-64-64-16-even-2_scen-agents10-idx11-seed42-1783511704929,/home/max/Documents/PhD/MAPF/LNS/MAPF_LNS_SAT/mapf-map/room-64-64-16.map,/home/max/Documents/PhD/MAPF/LNS/MAPF_LNS_SAT/mapf-scen-even/scen-even/room-64-64-16-even-2.scen,10,11,42,1,186,62.765000,477,177,0.000000,0.185000,0.418000,0.339000,0.030408
_home_max_Documents_PhD_MAPF_LNS_MAPF_LNS_SAT_mapf-map_room-64-64-16_map-_home_max_Documents_PhD_MAPF_LNS_MAPF_LNS_SAT_mapf-scen-even_scen-even_room-64-64-16-even-2_scen-agents10-idx12-seed42-1783511705029,/home/max/Documents/PhD/MAPF/LNS/MAPF_LNS_SAT/mapf-map/room-64-64-16.map,/home/max/Documents/PhD/MAPF/LNS/MAPF_LNS_SAT/mapf-scen-even/scen-even/room-64-64-16-even-2.scen,10,12,42,1,170,63.260000,800,305,0.000000,0.372000,0.915000,0.727000,0.070314
_home_max_Documents_PhD_MAPF_LNS_MAPF_LNS_SAT_mapf-map_room-64-64-16_map-_home_max_Documents_PhD_MAPF_LNS_MAPF_LNS_SAT_mapf-scen-even_scen-even_room-64-64-16-even-2_scen-agents10-idx13-seed42-1783511705127,/home/max/Documents/PhD/MAPF/LNS/MAPF_LNS_SAT/mapf-map/room-64-64-16.map,/home/max/Documents/PhD/MAPF/LNS/MAPF_LNS_SAT/mapf-scen-even/scen-even/room-64-64-16-even-2.scen,10,13,42,1,155,61.544000,345,136,0.000000,0.142000,0.395000,0.306000,0.029133
_home_max_Documents_PhD_MAPF_LNS_MAPF_LNS_SAT_mapf-map_room-64-64-16_map-_home_max_Documents_PhD_MAPF_LNS_MAPF_LNS_SAT_mapf-scen-even_scen-even_room-64-64-16-even-2_scen-agents10-idx14-seed42-1783511705232,/home/max/Documents/PhD/MAPF/LNS/MAPF_LNS_SAT/mapf-map/room-64-64-16.map,/home/max/Documents/PhD/MAPF/LNS/MAPF_LNS_SAT/mapf-scen-even/scen-even/room-64-64-16-even-2.scen,10,14,42,1,174,64.029000,166,69,0.000000,0.068000,0.234000,0.172000,0.020294
_home_max_Documents_PhD_MAPF_LNS_MAPF_LNS_SAT_mapf-map_room-64-64-16_map-_home_max_Documents_PhD_MAPF_LNS_MAPF_LNS_SAT_mapf-scen-even_scen-even_room-64-64-16-even-2_scen-agents10-idx15-seed42-1783511705332,/home/max/Documents/PhD/MAPF/LNS/MAPF_LNS_SAT/mapf-map/room-64-64-16.map,/home/max/Documents/PhD/MAPF/LNS/MAPF_LNS_SAT/mapf-scen-even/scen-even/room-64-64-16-even-2.scen,10,15,42,1,173,68.056000,1883,552,0.000000,0.616000,1.457000,1.170000,0.120813
_home_max_Documents_PhD_MAPF_LNS_MAPF_LNS_SAT_mapf-map_room-64-64-16_map-_home_max_Documents_PhD_MAPF_LNS_MAPF_LNS_SAT_mapf-scen-even_scen-even_room-64-64-16-even-2_scen-agents10-idx16-seed42-1783511705431,/home/max/Documents/PhD/MAPF/LNS/MAPF_LNS_SAT/mapf-map/room-64-64-16.map,/home/max/Documents/PhD/MAPF/LNS/MAPF_LNS_SAT/mapf-scen-even/scen-even/room-64-64-16-even-2.scen,10,16,42,1,179,74.372000,1392,460,0.000000,0.545000,1.225000,0.978000,0.122651
_home_max_Documents_PhD_MAPF_LNS_MAPF_LNS_SAT_mapf-map_room-64-64-16_map-_home_max_Documents_PhD_MAPF_LNS_MAPF_LNS_SAT_mapf-scen-even_scen-even_room-64-64-16-even-2_scen-agents10-idx17-seed42-1783511705529,/home/max/Documents/PhD/MAPF/LNS/MAPF_LNS_SAT/mapf-map/room-64-64-16.map,/home/max/Documents/PhD/MAPF/LNS/MAPF_LNS_SAT/mapf-scen-even/scen-even/room-64-64-16-even-2.scen,10,17,42,1,185,54.891000,162,69,0.000000,0.092000,0.182000,0.142000,0.019424
_home_max_Documents_PhD_MAPF_LNS_MAPF_LNS_SAT_mapf-map_room-64-64-16_map-_home_max_Documents_PhD_MAPF_LNS_MAPF_LNS_SAT_mapf-scen-even_scen-even_room-64-64-16-even-2_scen-agents10-idx18-seed42-1783511705634,/home/max/Documents/PhD/MAPF/LNS/MAPF_LNS_SAT/mapf-map/room-64-64-16.map,/home/max/Documents/PhD/MAPF/LNS/MAPF_LNS_SAT/mapf-scen-even/scen-even/room-64-64-16-even-2.scen,10,18,42,1,157,74.786000,847,294,0.000000,0.473000,1.323000,0.972000,0.102277
_home_max_Documents_PhD_MAPF_LNS_MAPF_LNS_SAT_mapf-map_room-64-64-16_map-_home_max_Documents_PhD_MAPF_LNS_MAPF_LNS_SAT_mapf-scen-even_scen-even_room-64-64-16-even-2_scen-agents10-idx19-seed42-1783511705735,/home/max/Documents/PhD/MAPF/LNS/MAPF_LNS_SAT/mapf-map/room-64-64-16.map,/home/max/Documents/PhD/MAPF/LNS/MAPF_LNS_SAT/mapf-scen-even/scen-even/room-64-64-16-even-2.scen,10,19,42,1,184,67.124000,401,149,0.000000,0.164000,0.440000,0.326000,0.039640
_home_max_Documents_PhD_MAPF_LNS_MAPF_LNS_SAT_mapf-map_room-64-64-16_map-_home_max_Documents_PhD_MAPF_LNS_MAPF_LNS_SAT_mapf-scen-even_scen-even_room-64-64-16-even-2_scen-agents10-idx20-seed42-1783511705833,/home/max/Documents/PhD/MAPF/LNS/MAPF_LNS_SAT/mapf-map/room-64-64-16.map,/home/max/Documents/PhD/MAPF/LNS/MAPF_LNS_SAT/mapf-scen-even/scen-even/room-64-64-16-even-2.scen,10,20,42,1,173,57.493000,0,0,0.000000,0.000000,0.000000,0.000000,0.000000
_home_max_Documents_PhD_MAPF_LNS_MAPF_LNS_SAT_mapf-map_room-64-64-16_map-_home_max_Documents_PhD_MAPF_LNS_MAPF_LNS_SAT_mapf-scen-even_scen-even_room-64-64-16-even-2_scen-agents10-idx21-seed42-1783511705937,/home/max/Documents/PhD/MAPF/LNS/MAPF_LNS_SAT/mapf-map/room-64-64-16.map,/home/max/Documents/PhD/MAPF/LNS/MAPF_LNS_SAT/mapf-scen-even/scen-even/room-64-64-16-even-2.scen,10,21,42,1,168,64.293000,75,34,0.000000,0.035000,0.192000,0.135000,0.019977
_home_max_Documents_PhD_MAPF_LNS_MAPF_LNS_SAT_mapf-map_room-64-64-16_map-_home_max_Documents_PhD_MAPF_LNS_MAPF_LNS_SAT_mapf-scen-even_scen-even_room-64-64-16-even-2_scen-agents10-idx22-seed42-1783511706037,/home/max/Documents/PhD/MAPF/LNS/MAPF_LNS_SAT/mapf-map/room-64-64-16.map,/home/max/Documents/PhD/MAPF/LNS/MAPF_LNS_SAT/mapf-scen-even/scen-even/room-64-64-16-even-2.scen,10,22,42,1,169,72.931000,1536,558,0.000000,0.597000,1.309000,1.046000,0.108465
_home_max_Documents_PhD_MAPF_LNS_MAPF_LNS_SAT_mapf-map_room-64-64-16_map-_home_max_Documents_PhD_MAPF_LNS_MAPF_LNS_SAT_mapf-scen-even_scen-even_room-64-64-16-even-2_scen-agents10-idx23-seed42-1783511706132,/home/max/Documents/PhD/MAPF/LNS/MAPF_LNS_SAT/mapf-map/room-64-64-16.map,/home/max/Documents/PhD/MAPF/LNS/MAPF_LNS_SAT/mapf-scen-even/scen-even/room-64-64-16-even-2.scen,10,23,42,1,173,52.732000,405,126,0.000000,0.121000,0.351000,0.287000,0.039638
_home_max_Documents_PhD_MAPF_LNS_MAPF_LNS_SAT_mapf-map_room-64-64-16_map-_home_max_Documents_PhD_MAPF_LNS_MAPF_LNS_SAT_mapf-scen-even_scen-even_room-64-64-16-even-2_scen-agents10-idx24-seed42-1783511706240,/home/max/Documents/PhD/MAPF/LNS/MAPF_LNS_SAT/mapf-map/room-64-64-16.map,/home/max/Documents/PhD/MAPF/LNS/MAPF_LNS_SAT/mapf-scen-even/scen-even/room-64-64-16-even-2.scen,10,24,42,1,144,62.225000,140,57,0.000000,0.063000,0.334000,0.232000,0.034183
_home_max_Documents_PhD_MAPF_LNS_MAPF_LNS_SAT_mapf-map_room-64-64-16_map-_home_max_Documents_PhD_MAPF_LNS_MAPF_LNS_SAT_mapf-scen-even_scen-even_room-64-64-16-even-2_scen-agents10-idx25-seed42-1783511706338,/home/max/Documents/PhD/MAPF/LNS/MAPF_LNS_SAT/mapf-map/room-64-64-16.map,/home/max/Documents/PhD/MAPF/LNS/MAPF_LNS_SAT/mapf-scen-even/scen-even/room-64-64-16-even-2.scen,10,25,42,1,185,61.033000,0,0,0.000000,0.000000,0.000000,0.000000,0.000000
_home_max_Documents_PhD_MAPF_LNS_MAPF_LNS_SAT_mapf-map_room-64-64-16_map-_home_max_Documents_PhD_MAPF_LNS_MAPF_LNS_SAT_mapf-scen-even_scen-even_room-64-64-16-even-2_scen-agents10-idx26-seed42-1783511706439,/home/max/Documents/PhD/MAPF/LNS/MAPF_LNS_SAT/mapf-map/room-64-64-16.map,/home/max/Documents/PhD/MAPF/LNS/MAPF_LNS_SAT/mapf-scen-even/scen-even/room-64-64-16-even-2.scen,10,26,42,1,157,57.671000,358,152,0.000000,0.141000,0.386000,0.302000,0.025853
_home_max_Documents_PhD_MAPF_LNS_MAPF_LNS_SAT_mapf-map_room-64-64-16_map-_home_max_Documents_PhD_MAPF_LNS_MAPF_LNS_SAT_mapf-scen-even_scen-even_room-64-64-16-even-2_scen-agents10-idx27-seed42-1783511706541,/home/max/Documents/PhD/MAPF/LNS/MAPF_LNS_SAT/mapf-map/room-64-64-16.map,/home/max/Documents/PhD/MAPF/LNS/MAPF_LNS_SAT/mapf-scen-even/scen-even/room-64-64-16-even-2.scen,10,27,42,1,178,69.776000,2857,655,0.000000,0.941000,1.570000,1.407000,0.089185
_home_max_Documents_PhD_MAPF_LNS_MAPF_LNS_SAT_mapf-map_room-64-64-16_map-_home_max_Documents_PhD_MAPF_LNS_MAPF_LNS_SAT_mapf-scen-even_scen-even_room-64-64-16-even-2_scen-agents10-idx28-seed42-1783511706639,/home/max/Documents/PhD/MAPF/LNS/MAPF_LNS_SAT/mapf-map/room-64-64-16.map,/home/max/Documents/PhD/MAPF/LNS/MAPF_LNS_SAT/mapf-scen-even/scen-even/room-64-64-16-even-2.scen,10,28,42,1,171,64.530000,908,300,0.000000,0.340000,0.772000,0.625000,0.060449
_home_max_Documents_PhD_MAPF_LNS_MAPF_LNS_SAT_mapf-map_room-64-64-16_map-_home_max_Documents_PhD_MAPF_LNS_MAPF_LNS_SAT_mapf-scen-even_scen-even_room-64-64-16-even-2_scen-agents10-idx29-seed42-1783511706737,/home/max/Documents/PhD/MAPF/LNS/MAPF_LNS_SAT/mapf-map/room-64-64-16.map,/home/max/Documents/PhD/MAPF/LNS/MAPF_LNS_SAT/mapf-scen-even/scen-even/room-64-64-16-even-2.scen,10,29,42,1,189,58.000000,678,232,0.000000,0.295000,0.612000,0.476000,0.041490
_home_max_Documents_PhD_MAPF_LNS_MAPF_LNS_SAT_mapf-map_room-64-64-16_map-_home_max_Documents_PhD_MAPF_LNS_MAPF_LNS_SAT_mapf-scen-even_scen-even_room-64-64-16-even-2_scen-agents10-idx30-seed42-1783511706840,/home/max/Documents/PhD/MAPF/LNS/MAPF_LNS_SAT/mapf-map/room-64-64-16.map,/home/max/Documents/PhD/MAPF/LNS/MAPF_LNS_SAT/mapf-scen-even/scen-even/room-64-64-16-even-2.scen,10,30,42,1,182,62.879000,1001,305,0.000000,0.372000,0.759000,0.633000,0.079108
_home_max_Documents_PhD_MAPF_LNS_MAPF_LNS_SAT_mapf-map_room-64-64-16_map-_home_max_Documents_PhD_MAPF_LNS_MAPF_LNS_SAT_mapf-scen-even_scen-even_room-64-64-16-even-2_scen-agents10-idx31-seed42-1783511706941,/home/max/Documents/PhD/MAPF/LNS/MAPF_LNS_SAT/mapf-map/room-64-64-16.map,/home/max/Documents/PhD/MAPF/LNS/MAPF_LNS_SAT/mapf-scen-even/scen-even/room-64-64-16-even-2.scen,10,31,42,1,164,60.509000,1343,297,0.000000,0.442000,0.798000,0.707000,0.052575
_home_max_Documents_PhD_MAPF_LNS_MAPF_LNS_SAT_mapf-map_room-64-64-16_map-_home_max_Documents_PhD_MAPF_LNS_MAPF_LNS_SAT_mapf-scen-even_scen-even_room-64-64-16-even-2_scen-agents10-idx32-seed42-1783511707041,/home/max/Documents/PhD/MAPF/LNS/MAPF_LNS_SAT/mapf-map/room-64-64-16.map,/home/max/Documents/PhD/MAPF/LNS/MAPF_LNS_SAT/mapf-scen-even/scen-even/room-64-64-16-even-2.scen,10,32,42,1,170,64.079000,298,119,0.000000,0.144000,0.524000,0.356000,0.044130
_home_max_Documents_PhD_MAPF_LNS_MAPF_LNS_SAT_mapf-map_room-64-64-16_map-_home_max_Documents_PhD_MAPF_LNS_MAPF_LNS_SAT_mapf-scen-even_scen-even_room-64-64-16-even-2_scen-agents10-idx33-seed42-1783511707143,/home/max/Documents/PhD/MAPF/LNS/MAPF_LNS_SAT/mapf-map/room-64-64-16.map,/home/max/Documents/PhD/MAPF/LNS/MAPF_LNS_SAT/mapf-scen-even/scen-even/room-64-64-16-even-2.scen,10,33,42,1,185,62.094000,394,163,0.000000,0.162000,0.534000,0.376000,0.036105
_home_max_Documents_PhD_MAPF_LNS_MAPF_LNS_SAT_mapf-map_room-64-64-16_map-_home_max_Documents_PhD_MAPF_LNS_MAPF_LNS_SAT_mapf-scen-even_scen-even_room-64-64-16-even-2_scen-agents10-idx34-seed42-1783511707244,/home/max/Documents/PhD/MAPF/LNS/MAPF_LNS_SAT/mapf-map/room-64-64-16.map,/home/max/Documents/PhD/MAPF/LNS/MAPF_LNS_SAT/mapf-scen-even/scen-even/room-64-64-16-even-2.scen,10,34,42,1,187,64.488000,244,103,0.000000,0.110000,0.283000,0.214000,0.022702
_home_max_Documents_PhD_MAPF_LNS_MAPF_LNS_SAT_mapf-map_room-64-64-16_map-_home_max_Documents_PhD_MAPF_LNS_MAPF_LNS_SAT_mapf-scen-even_scen-even_room-64-64-16-even-2_scen-agents10-idx35-seed42-1783511707344,/home/max/Documents/PhD/MAPF/LNS/MAPF_LNS_SAT/mapf-map/room-64-64-16.map,/home/max/Documents/PhD/MAPF/LNS/MAPF_LNS_SAT/mapf-scen-even/scen-even/room-64-64-16-even-2.scen,10,35,42,1,186,56.384000,1340,288,0.000000,0.407000,0.779000,0.694000,0.058032
_home_max_Documents_PhD_MAPF_LNS_MAPF_LNS_SAT_mapf-map_room-64-64-16_map-_home_max_Documents_PhD_MAPF_LNS_MAPF_LNS_SAT_mapf-scen-even_scen-even_room-64-64-16-even-2_scen-agents10-idx36-seed42-1783511707445,/home/max/Documents/PhD/MAPF/LNS/MAPF_LNS_SAT/mapf-map/room-64-64-16.map,/home/max/Documents/PhD/MAPF/LNS/MAPF_LNS_SAT/mapf-scen-even/scen-even/room-64-64-16-even-2.scen,10,36,42,1,183,62.993000,118,42,0.000000,0.088000,0.295000,0.219000,0.029748
_home_max_Documents_PhD_MAPF_LNS_MAPF_LNS_SAT_mapf-map_room-64-64-16_map-_home_max_Documents_PhD_MAPF_LNS_MAPF_LNS_SAT_mapf-scen-even_scen-even_room-64-64-16-even-2_scen-agents10-idx37-seed42-1783511707547,/home/max/Documents/PhD/MAPF/LNS/MAPF_LNS_SAT/mapf-map/room-64-64-16.map,/home/max/Documents/PhD/MAPF/LNS/MAPF_LNS_SAT/mapf-scen-even/scen-even/room-64-64-16-even-2.scen,10,37,42,1,175,65.636000,1629,413,0.000000,0.545000,1.069000,0.908000,0.067932
_home_max_Documents_PhD_MAPF_LNS_MAPF_LNS_SAT_mapf-map_room-64-64-16_map-_home_max_Documents_PhD_MAPF_LNS_MAPF_LNS_SAT_mapf-scen-even_scen-even_room-64-64-16-even-2_scen-agents10-idx38-seed42-1783511707645,/home/max/Documents/PhD/MAPF/LNS/MAPF_LNS_SAT/mapf-map/room-64-64-16.map,/home/max/Documents/PhD/MAPF/LNS/MAPF_LNS_SAT/mapf-scen-even/scen-even/room-64-64-16-even-2.scen,10,38,42,1,172,62.899000,882,325,0.000000,0.348000,0.774000,0.631000,0.061911
_home_max_Documents_PhD_MAPF_LNS_MAPF_LNS_SAT_mapf-map_room-64-64-16_map-_home_max_Documents_PhD_MAPF_LNS_MAPF_LNS_SAT_mapf-scen-even_scen-even_room-64-64-16-even-2_scen-agents10-idx39-seed42-1783511707746,/home/max/Documents/PhD/MAPF/LNS/MAPF_LNS_SAT/mapf-map/room-64-64-16.map,/home/max/Documents/PhD/MAPF/LNS/MAPF_LNS_SAT/mapf-scen-even/scen-even/room-64-64-16-even-2.scen,10,39,42,1,174,61.209000,219,73,0.000000,0.100000,0.226000,0.174000,0.022543
_home_max_Documents_PhD_MAPF_LNS_MAPF_LNS_SAT_mapf-map_room-64-64-16_map-_home_max_Documents_PhD_MAPF_LNS_MAPF_LNS_SAT_mapf-scen-even_scen-even_room-64-64-16-even-3_scen-agents10-idx0-seed42-1783511707850,/home/max/Documents/PhD/MAPF/LNS/MAPF_LNS_SAT/mapf-map/room-64-64-16.map,/home/max/Documents/PhD/MAPF/LNS/MAPF_LNS_SAT/mapf-scen-even/scen-even/room-64-64-16-even-3.scen,10,0,42,1,181,52.267000,24,10,0.000000,0.029000,0.064000,0.056000,0.008211
_home_max_Documents_PhD_MAPF_LNS_MAPF_LNS_SAT_mapf-map_room-64-64-16_map-_home_max_Documents_PhD_MAPF_LNS_MAPF_LNS_SAT_mapf-scen-even_scen-even_room-64-64-16-even-3_scen-agents10-idx1-seed42-1783511707949,/home/max/Documents/PhD/MAPF/LNS/MAPF_LNS_SAT/mapf-map/room-64-64-16.map,/home/max/Documents/PhD/MAPF/LNS/MAPF_LNS_SAT/mapf-scen-even/scen-even/room-64-64-16-even-3.scen,10,1,42,1,150,53.070000,120,44,0.000000,0.045000,0.164000,0.129000,0.015886
_home_max_Documents_PhD_MAPF_LNS_MAPF_LNS_SAT_mapf-map_room-64-64-16_map-_home_max_Documents_PhD_MAPF_LNS_MAPF_LNS_SAT_mapf-scen-even_scen-even_room-64-64-16-even-3_scen-agents10-idx2-seed42-1783511708051,/home/max/Documents/PhD/MAPF/LNS/MAPF_LNS_SAT/mapf-map/room-64-64-16.map,/home/max/Documents/PhD/MAPF/LNS/MAPF_LNS_SAT/mapf-scen-even/scen-even/room-64-64-16-even-3.scen,10,2,42,1,169,52.971000,213,86,0.001000,0.113000,0.251000,0.208000,0.025768
_home_max_Documents_PhD_MAPF_LNS_MAPF_LNS_SAT_mapf-map_room-64-64-16_map-_home_max_Documents_PhD_MAPF_LNS_MAPF_LNS_SAT_mapf-scen-even_scen-even_room-64-64-16-even-3_scen-agents10-idx3-seed42-1783511708151,/home/max/Documents/PhD/MAPF/LNS/MAPF_LNS_SAT/mapf-map/room-64-64-16.map,/home/max/Documents/PhD/MAPF/LNS/MAPF_LNS_SAT/mapf-scen-even/scen-even/room-64-64-16-even-3.scen,10,3,42,1,180,70.521000,5806,858,0.000000,1.597000,2.932000,2.767000,0.142178
_home_max_Documents_PhD_MAPF_LNS_MAPF_LNS_SAT_mapf-map_room-64-64-16_map-_home_max_Documents_PhD_MAPF_LNS_MAPF_LNS_SAT_mapf-scen-even_scen-even_room-64-64-16-even-3_scen-agents10-idx4-seed42-1783511708250,/home/max/Documents/PhD/MAPF/LNS/MAPF_LNS_SAT/mapf-map/room-64-64-16.map,/home/max/Documents/PhD/MAPF/LNS/MAPF_LNS_SAT/mapf-scen-even/scen-even/room-64-64-16-even-3.scen,10,4,42,1,164,61.815000,229,104,0.000000,0.099000,0.283000,0.213000,0.019947
_home_max_Documents_PhD_MAPF_LNS_MAPF_LNS_SAT_mapf-map_room-64-64-16_map-_home_max_Documents_PhD_MAPF_LNS_MAPF_LNS_SAT_mapf-scen-even_scen-even_room-64-64-16-even-3_scen-agents10-idx5-seed42-1783511708353,/home/max/Documents/PhD/MAPF/LNS/MAPF_LNS_SAT/mapf-map/room-64-64-16.map,/home/max/Documents/PhD/MAPF/LNS/MAPF_LNS_SAT/mapf-scen-even/scen-even/room-64-64-16-even-3.scen,10,5,42,1,138,60.781000,458,154,0.000000,0.156000,0.437000,0.341000,0.037162
_home_max_Documents_PhD_MAPF_LNS_MAPF_LNS_SAT_mapf-map_room-64-64-16_map-_home_max_Documents_PhD_MAPF_LNS_MAPF_LNS_SAT_mapf-scen-even_scen-even_room-64-64-16-even-3_scen-agents10-idx6-seed42-1783511708452,/home/max/Documents/PhD/MAPF/LNS/MAPF_LNS_SAT/mapf-map/room-64-64-16.map,/home/max/Documents/PhD/MAPF/LNS/MAPF_LNS_SAT/mapf-scen-even/scen-even/room-64-64-16-even-3.scen,10,6,42,1,173,61.181000,694,226,0.000000,0.274000,0.535000,0.431000,0.047181
_home_max_Documents_PhD_MAPF_LNS_MAPF_LNS_SAT_mapf-map_room-64-64-16_map-_home_max_Documents_PhD_MAPF_LNS_MAPF_LNS_SAT_mapf-scen-even_scen-even_room-64-64-16-even-3_scen-agents10-idx7-seed42-1783511708554,/home/max/Documents/PhD/MAPF/LNS/MAPF_LNS_SAT/mapf-map/room-64-64-16.map,/home/max/Documents/PhD/MAPF/LNS/MAPF_LNS_SAT/mapf-scen-even/scen-even/room-64-64-16-even-3.scen,10,7,42,1,155,67.705000,2891,668,0.000000,0.976000,1.739000,1.419000,0.100233
_home_max_Documents_PhD_MAPF_LNS_MAPF_LNS_SAT_mapf-map_room-64-64-16_map-_home_max_Documents_PhD_MAPF_LNS_MAPF_LNS_SAT_mapf-scen-even_scen-even_room-64-64-16-even-3_scen-agents10-idx8-seed42-1783511708654,/home/max/Documents/PhD/MAPF/LNS/MAPF_LNS_SAT/mapf-map/room-64-64-16.map,/home/max/Documents/PhD/MAPF/LNS/MAPF_LNS_SAT/mapf-scen-even/scen-even/room-64-64-16-even-3.scen,10,8,42,1,158,62.672000,1099,277,0.000000,0.354000,0.721000,0.621000,0.053872
_home_max_Documents_PhD_MAPF_LNS_MAPF_LNS_SAT_mapf-map_room-64-64-16_map-_home_max_Documents_PhD_MAPF_LNS_MAPF_LNS_SAT_mapf-scen-even_scen-even_room-64-64-16-even-3_scen-agents10-idx9-seed42-1783511708755,/home/max/Documents/PhD/MAPF/LNS/MAPF_LNS_SAT/mapf-map/room-64-64-16.map,/home/max/Documents/PhD/MAPF/LNS/MAPF_LNS_SAT/mapf-scen-even/scen-even/room-64-64-16-even-3.scen,10,9,42,1,192,55.372000,0,0,0.000000,0.000000,0.000000,0.000000,0.000000
_home_max_Documents_PhD_MAPF_LNS_MAPF_LNS_SAT_mapf-map_room-64-64-16_map-_home_max_Documents_PhD_MAPF_LNS_MAPF_LNS_SAT_mapf-scen-even_scen-even_room-64-64-16-even-3_scen-agents10-idx10-seed42-1783511708857,/home/max/Documents/PhD/MAPF/LNS/MAPF_LNS_SAT/mapf-map/room-64-64-16.map,/home/max/Documents/PhD/MAPF/LNS/MAPF_LNS_SAT/mapf-scen-even/scen-even/room-64-64-16-even-3.scen,10,10,42,1,190,68.915000,1692,428,0.000000,0.610000,1.305000,1.071000,0.097099
_home_max_Documents_PhD_MAPF_LNS_MAPF_LNS_SAT_mapf-map_room-64-64-16_map-_home_max_Documents_PhD_MAPF_LNS_MAPF_LNS_SAT_mapf-scen-even_scen-even_room-64-64-16-even-3_scen-agents10-idx11-seed42-1783511708957,/home/max/Documents/PhD/MAPF/LNS/MAPF_LNS_SAT/mapf-map/room-64-64-16.map,/home/max/Documents/PhD/MAPF/LNS/MAPF_LNS_SAT/mapf-scen-even/scen-even/room-64-64-16-even-3.scen,10,11,42,1,167,62.195000,0,0,0.000000,0.000000,0.000000,0.000000,0.000000
_home_max_Documents_PhD_MAPF_LNS_MAPF_LNS_SAT_mapf-map_room-64-64-16_map-_home_max_Documents_PhD_MAPF_LNS_MAPF_LNS_SAT_mapf-scen-even_scen-even_room-64-64-16-even-1_scen-agents20-idx0-seed42-1783512299248,/home/max/Documents/PhD/MAPF/LNS/MAPF_LNS_SAT/mapf-map/room-64-64-16.map,/home/max/Documents/PhD/MAPF/LNS/MAPF_LNS_SAT/mapf-scen-even/scen-even/room-64-64-16-even-1.scen,20,0,42,1,189,135.751000,7339,1422,0.000000,2.206000,4.187000,3.621000,0.321203
_home_max_Documents_PhD_MAPF_LNS_MAPF_LNS_SAT_mapf-map_room-64-64-16_map-_home_max_Documents_PhD_MAPF_LNS_MAPF_LNS_SAT_mapf-scen-even_scen-even_room-64-64-16-even-1_scen-agents20-idx1-seed42-1783512299399,/home/max/Documents/PhD/MAPF/LNS/MAPF_LNS_SAT/mapf-map/room-64-64-16.map,/home/max/Documents/PhD/MAPF/LNS/MAPF_LNS_SAT/mapf-scen-even/scen-even/room-64-64-16-even-1.scen,20,1,42,1,181,139.048000,6899,2157,0.000000,2.698000,4.762000,3.913000,0.319353
_home_max_Documents_PhD_MAPF_LNS_MAPF_LNS_SAT_mapf-map_room-64-64-16_map-_home_max_Documents_PhD_MAPF_LNS_MAPF_LNS_SAT_mapf-scen-even_scen-even_room-64-64-16-even-1_scen-agents20-idx2-seed42-1783512299550,/home/max/Documents/PhD/MAPF/LNS/MAPF_LNS_SAT/mapf-map/room-64-64-16.map,/home/max/Documents/PhD/MAPF/LNS/MAPF_LNS_SAT/mapf-scen-even/scen-even/room-64-64-16-even-1.scen,20,2,42,1,189,122.339000,1270,479,0.000000,0.519000,1.160000,0.894000,0.077196
_home_max_Documents_PhD_MAPF_LNS_MAPF_LNS_SAT_mapf-map_room-64-64-16_map-_home_max_Documents_PhD_MAPF_LNS_MAPF_LNS_SAT_mapf-scen-even_scen-even_room-64-64-16-even-1_scen-agents20-idx3-seed42-1783512299701,/home/max/Documents/PhD/MAPF/LNS/MAPF_LNS_SAT/mapf-map/room-64-64-16.map,/home/max/Documents/PhD/MAPF/LNS/MAPF_LNS_SAT/mapf-scen-even/scen-even/room-64-64-16-even-1.scen,20,3,42,1,168,140.718000,4218,1387,0.000000,1.799000,3.585000,2.950000,0.257945
_home_max_Documents_PhD_MAPF_LNS_MAPF_LNS_SAT_mapf-map_room-64-64-16_map-_home_max_Documents_PhD_MAPF_LNS_MAPF_LNS_SAT_mapf-scen-even_scen-even_room-64-64-16-even-1_scen-agents20-idx4-seed42-1783512299850,/home/max/Documents/PhD/MAPF/LNS/MAPF_LNS_SAT/mapf-map/room-64-64-16.map,/home/max/Documents/PhD/MAPF/LNS/MAPF_LNS_SAT/mapf-scen-even/scen-even/room-64-64-16-even-1.scen,20,4,42,1,184,140.857000,8784,2240,0.000000,2.974000,5.948000,5.004000,0.691932
_home_max_Documents_PhD_MAPF_LNS_MAPF_LNS_SAT_mapf-map_room-64-64-16_map-_home_max_Documents_PhD_MAPF_LNS_MAPF_LNS_SAT_mapf-scen-even_scen-even_room-64-64-16-even-1_scen-agents20-idx5-seed42-1783512300000,/home/max/Documents/PhD/MAPF/LNS/MAPF_LNS_SAT/mapf-map/room-64-64-16.map,/home/max/Documents/PhD/MAPF/LNS/MAPF_LNS_SAT/mapf-scen-even/scen-even/room-64-64-16-even-1.scen,20,5,42,1,182,139.330000,6725,1567,0.000000,2.202000,4.034000,3.525000,0.257639
_home_max_Documents_PhD_MAPF_LNS_MAPF_LNS_SAT_mapf-map_room-64-64-16_map-_home_max_Documents_PhD_MAPF_LNS_MAPF_LNS_SAT_mapf-scen-even_scen-even_room-64-64-16-even-1_scen-agents20-idx6-seed42-1783512300151,/home/max/Documents/PhD/MAPF/LNS/MAPF_LNS_SAT/mapf-map/room-64-64-16.map,/home/max/Documents/PhD/MAPF/LNS/MAPF_LNS_SAT/mapf-scen-even/scen-even/room-64-64-16-even-1.scen,20,6,42,1,172,116.665000,5213,1225,0.000000,1.894000,2.869000,2.516000,0.157061
_home_max_Documents_PhD_MAPF_LNS_MAPF_LNS_SAT_mapf-map_room-64-64-16_map-_home_max_Documents_PhD_MAPF_LNS_MAPF_LNS_SAT_mapf-scen-even_scen-even_room-64-64-16-even-1_scen-agents20-idx7-seed42-1783512300303,/home/max/Documents/PhD/MAPF/LNS/MAPF_LNS_SAT/mapf-map/room-64-64-16.map,/home/max/Documents/PhD/MAPF/LNS/MAPF_LNS_SAT/mapf-scen-even/scen-even/room-64-64-16-even-1.scen,20,7,42,1,181,119.786000,1127,415,0.000000,0.499000,0.989000,0.770000,0.069386
_home_max_Documents_PhD_MAPF_LNS_MAPF_LNS_SAT_mapf-map_room-64-64-16_map-_home_max_Documents_PhD_MAPF_LNS_MAPF_LNS_SAT_mapf-scen-even_scen-even_room-64-64-16-even-1_scen-agents20-idx8-seed42-1783512300452,/home/max/Documents/PhD/MAPF/LNS/MAPF_LNS_SAT/mapf-map/room-64-64-16.map,/home/max/Documents/PhD/MAPF/LNS/MAPF_LNS_SAT/mapf-scen-even/scen-even/room-64-64-16-even-1.scen,20,8,42,1,187,147.097000,6742,2030,0.000000,2.532000,4.714000,3.873000,0.371011
_home_max_Documents_PhD_MAPF_LNS_MAPF_LNS_SAT_mapf-map_room-64-64-16_map-_home_max_Documents_PhD_MAPF_LNS_MAPF_LNS_SAT_mapf-scen-even_scen-even_room-64-64-16-even-1_scen-agents50-idx0-seed42-1783512898769,/home/max/Documents/PhD/MAPF/LNS/MAPF_LNS_SAT/mapf-map/room-64-64-16.map,/home/max/Documents/PhD/MAPF/LNS/MAPF_LNS_SAT/mapf-scen-even/scen-even/room-64-64-16-even-1.scen,50,0,42,1,189,4448.599000,3027498,134831,0.035000,2033.336000,1568.869000,1550.249000,42.023515
_home_max_Documents_PhD_MAPF_LNS_MAPF_LNS_SAT_mapf-map_room-64-64-16_map-_home_max_Documents_PhD_MAPF_LNS_MAPF_LNS_SAT_mapf-scen-even_scen-even_room-64-64-16-even-1_scen-agents50-idx1-seed42-1783512903283,/home/max/Documents/PhD/MAPF/LNS/MAPF_LNS_SAT/mapf-map/room-64-64-16.map,/home/max/Documents/PhD/MAPF/LNS/MAPF_LNS_SAT/mapf-scen-even/scen-even/room-64-64-16-even-1.scen,50,1,42,1,184,61727.934000,23304634,636267,0.111000,37186.859000,22161.548000,22052.454000,251.370748
_home_max_Documents_PhD_MAPF_LNS_MAPF_LNS_SAT_mapf-map_room-64-64-16_map-_home_max_Documents_PhD_MAPF_LNS_MAPF_LNS_SAT_mapf-scen-even_scen-even_room-64-64-16-even-1_scen-agents50-idx2-seed42-1783512965076,/home/max/Documents/PhD/MAPF/LNS/MAPF_LNS_SAT/mapf-map/room-64-64-16.map,/home/max/Documents/PhD/MAPF/LNS/MAPF_LNS_SAT/mapf-scen-even/scen-even/room-64-64-16-even-1.scen,50,2,42,1,182,230384.624000,46737740,620296,0.116000,183570.269000,43789.781000,38334.390000,531.863493
_home_max_Documents_PhD_MAPF_LNS_MAPF_LNS_SAT_mapf-map_room-64-64-8_map-_home_max_Documents_PhD_MAPF_LNS_MAPF_LNS_SAT_mapf-scen-even_scen-even_room-64-64-8-even-1_scen-agents10-idx0-seed42-1783617171872,/home/max/Documents/PhD/MAPF/LNS/MAPF_LNS_SAT/mapf-map/room-64-64-8.map,/home/max/Documents/PhD/MAPF/LNS/MAPF_LNS_SAT/mapf-scen-even/scen-even/room-64-64-8-even-1.scen,10,0,42,1,111,80.287000,0,0,0.000000,0.000000,0.000000,0.000000,0.000000
_home_max_Documents_PhD_MAPF_LNS_MAPF_LNS_SAT_mapf-map_room-64-64-8_map-_home_max_Documents_PhD_MAPF_LNS_MAPF_LNS_SAT_mapf-scen-even_scen-even_room-64-64-8-even-1_scen-agents10-idx1-seed42-1783617171972,/home/max/Documents/PhD/MAPF/LNS/MAPF_LNS_SAT/mapf-map/room-64-64-8.map,/home/max/Documents/PhD/MAPF/LNS/MAPF_LNS_SAT/mapf-scen-even/scen-even/room-64-64-8-even-1.scen,10,1,42,1,140,87.645000,11656,2816,0.000000,3.479000,8.309000,7.048000,1.603036
_home_max_Documents_PhD_MAPF_LNS_MAPF_LNS_SAT_mapf-map_room-64-64-8_map-_home_max_Documents_PhD_MAPF_LNS_MAPF_LNS_SAT_mapf-scen-even_scen-even_room-64-64-8-even-1_scen-agents10-idx2-seed42-1783617172072,/home/max/Documents/PhD/MAPF/LNS/MAPF_LNS_SAT/mapf-map/room-64-64-8.map,/home/max/Documents/PhD/MAPF/LNS/MAPF_LNS_SAT/mapf-scen-even/scen-even/room-64-64-8-even-1.scen,10,2,42,1,139,55.974000,3018,611,0.000000,0.914000,1.748000,1.537000,0.186050
_home_max_Documents_PhD_MAPF_LNS_MAPF_LNS_SAT_mapf-map_room-64-64-8_map-_home_max_Documents_PhD_MAPF_LNS_MAPF_LNS_SAT_mapf-scen-even_scen-even_room-64-64-8-even-1_scen-agents10-idx3-seed42-1783617172176,/home/max/Documents/PhD/MAPF/LNS/MAPF_LNS_SAT/mapf-map/room-64-64-8.map,/home/max/Documents/PhD/MAPF/LNS/MAPF_LNS_SAT/mapf-scen-even/scen-even/room-64-64-8-even-1.scen,10,3,42,1,137,57.182000,20,9,0.000000,0.013000,0.064000,0.050000,0.010361
_home_max_Documents_PhD_MAPF_LNS_MAPF_LNS_SAT_mapf-map_room-64-64-8_map-_home_max_Documents_PhD_MAPF_LNS_MAPF_LNS_SAT_mapf-scen-even_scen-even_room-64-64-8-even-1_scen-agents10-idx4-seed42-1783617172278,/home/max/Documents/PhD/MAPF/LNS/MAPF_LNS_SAT/mapf-map/room-64-64-8.map,/home/max/Documents/PhD/MAPF/LNS/MAPF_LNS_SAT/mapf-scen-even/scen-even/room-64-64-8-even-1.scen,10,4,42,1,137,68.068000,526,194,0.000000,0.184000,0.554000,0.423000,0.049673
_home_max_Documents_PhD_MAPF_LNS_MAPF_LNS_SAT_mapf-map_room-64-64-8_map-_home_max_Documents_PhD_MAPF_LNS_MAPF_LNS_SAT_mapf-scen-even_scen-even_room-64-64-8-even-1_scen-agents10-idx5-seed42-1783617172377,/home/max/Documents/PhD/MAPF/LNS/MAPF_LNS_SAT/mapf-map/room-64-64-8.map,/home/max/Documents/PhD/MAPF/LNS/MAPF_LNS_SAT/mapf-scen-even/scen-even/room-64-64-8-even-1.scen,10,5,42,1,114,44.505000,644,215,0.000000,0.208000,0.585000,0.453000,0.045364
_home_max_Documents_PhD_MAPF_LNS_MAPF_LNS_SAT_mapf-map_room-64-64-8_map-_home_max_Documents_PhD_MAPF_LNS_MAPF_LNS_SAT_mapf-scen-even_scen-even_room-64-64-8-even-1_scen-agents10-idx6-seed42-1783617172476,/home/max/Documents/PhD/MAPF/LNS/MAPF_LNS_SAT/mapf-map/room-64-64-8.map,/home/max/Documents/PhD/MAPF/LNS/MAPF_LNS_SAT/mapf-scen-even/scen-even/room-64-64-8-even-1.scen,10,6,42,1,128,48.014000,891,286,0.000000,0.310000,0.690000,0.573000,0.060038
_home_max_Documents_PhD_MAPF_LNS_MAPF_LNS_SAT_mapf-map_room-64-64-8_map-_home_max_Documents_PhD_MAPF_LNS_MAPF_LNS_SAT_mapf-scen-even_scen-even_room-64-64-8-even-1_scen-agents10-idx7-seed42-1783617172579,/home/max/Documents/PhD/MAPF/LNS/MAPF_LNS_SAT/mapf-map/room-64-64-8.map,/home/max/Documents/PhD/MAPF/LNS/MAPF_LNS_SAT/mapf-scen-even/scen-even/room-64-64-8-even-1.scen,10,7,42,1,129,60.034000,4599,1051,0.000000,1.395000,2.671000,2.352000,0.190374
_home_max_Documents_PhD_MAPF_LNS_MAPF_LNS_SAT_mapf-map_room-64-64-8_map-_home_max_Documents_PhD_MAPF_LNS_MAPF_LNS_SAT_mapf-scen-even_scen-even_room-64-64-8-even-1_scen-agents10-idx8-seed42-1783617172681,/home/max/Documents/PhD/MAPF/LNS/MAPF_LNS_SAT/mapf-map/room-64-64-8.map,/home/max/Documents/PhD/MAPF/LNS/MAPF_LNS_SAT/mapf-scen-even/scen-even/room-64-64-8-even-1.scen,10,8,42,1,107,62.912000,7254,1301,0.000000,2.261000,3.668000,3.385000,0.258507
_home_max_Documents_PhD_MAPF_LNS_MAPF_LNS_SAT_mapf-map_room-64-64-8_map-_home_max_Documents_PhD_MAPF_LNS_MAPF_LNS_SAT_mapf-scen-even_scen-even_room-64-64-8-even-1_scen-agents10-idx9-seed42-1783617172781,/home/max/Documents/PhD/MAPF/LNS/MAPF_LNS_SAT/mapf-map/room-64-64-8.map,/home/max/Documents/PhD/MAPF/LNS/MAPF_LNS_SAT/mapf-scen-even/scen-even/room-64-64-8-even-1.scen,10,9,42,1,130,45.583000,412,135,0.000000,0.125000,0.448000,0.341000,0.047242
_home_max_Documents_PhD_MAPF_LNS_MAPF_LNS_SAT_mapf-map_room-64-64-8_map-_home_max_Documents_PhD_MAPF_LNS_MAPF_LNS_SAT_mapf-scen-even_scen-even_room-64-64-8-even-1_scen-agents10-idx10-seed42-1783617172879,/home/max/Documents/PhD/MAPF/LNS/MAPF_LNS_SAT/mapf-map/room-64-64-8.map,/home/max/Documents/PhD/MAPF/LNS/MAPF_LNS_SAT/mapf-scen-even/scen-even/room-64-64-8-even-1.scen,10,10,42,1,116,44.008000,0,0,0.000000,0.000000,0.000000,0.000000,0.000000
_home_max_Documents_PhD_MAPF_LNS_MAPF_LNS_SAT_mapf-map_room-64-64-8_map-_home_max_Documents_PhD_MAPF_LNS_MAPF_LNS_SAT_mapf-scen-even_scen-even_room-64-64-8-even-1_scen-agents10-idx11-seed42-1783617172929,/home/max/Documents/PhD/MAPF/LNS/MAPF_LNS_SAT/mapf-map/room-64-64-8.map,/home/max/Documents/PhD/MAPF/LNS/MAPF_LNS_SAT/mapf-scen-even/scen-even/room-64-64-8-even-1.scen,10,11,42,1,122,46.998000,359,160,0.000000,0.142000,0.400000,0.303000,0.029603
_home_max_Documents_PhD_MAPF_LNS_MAPF_LNS_SAT_mapf-map_room-64-64-8_map-_home_max_Documents_PhD_MAPF_LNS_MAPF_LNS_SAT_mapf-scen-even_scen-even_room-64-64-8-even-1_scen-agents10-idx12-seed42-1783617172979,/home/max/Documents/PhD/MAPF/LNS/MAPF_LNS_SAT/mapf-map/room-64-64-8.map,/home/max/Documents/PhD/MAPF/LNS/MAPF_LNS_SAT/mapf-scen-even/scen-even/room-64-64-8-even-1.scen,10,12,42,1,136,44.448000,841,252,0.000000,0.287000,0.778000,0.602000,0.076400
_home_max_Documents_PhD_MAPF_LNS_MAPF_LNS_SAT_mapf-map_room-64-64-8_map-_home_max_Documents_PhD_MAPF_LNS_MAPF_LNS_SAT_mapf-scen-even_scen-even_room-64-64-8-even-1_scen-agents10-idx13-seed42-1783617173029,/home/max/Documents/PhD/MAPF/LNS/MAPF_LNS_SAT/mapf-map/room-64-64-8.map,/home/max/Documents/PhD/MAPF/LNS/MAPF_LNS_SAT/mapf-scen-even/scen-even/room-64-64-8-even-1.scen,10,13,42,1,138,41.138000,120,44,0.000000,0.042000,0.151000,0.117000,0.014622
_home_max_Documents_PhD_MAPF_LNS_MAPF_LNS_SAT_mapf-map_room-64-64-8_map-_home_max_Documents_PhD_MAPF_LNS_MAPF_LNS_SAT_mapf-scen-even_scen-even_room-64-64-8-even-1_scen-agents10-idx14-seed42-1783617173079,/home/max/Documents/PhD/MAPF/LNS/MAPF_LNS_SAT/mapf-map/room-64-64-8.map,/home/max/Documents/PhD/MAPF/LNS/MAPF_LNS_SAT/mapf-scen-even/scen-even/room-64-64-8-even-1.scen,10,14,42,1,129,45.111000,691,232,0.000000,0.240000,0.637000,0.491000,0.051265
_home_max_Documents_PhD_MAPF_LNS_MAPF_LNS_SAT_mapf-map_room-64-64-8_map-_home_max_Documents_PhD_MAPF_LNS_MAPF_LNS_SAT_mapf-scen-even_scen-even_room-64-64-8-even-1_scen-agents10-idx15-seed42-1783617173130,/home/max/Documents/PhD/MAPF/LNS/MAPF_LNS_SAT/mapf-map/room-64-64-8.map,/home/max/Documents/PhD/MAPF/LNS/MAPF_LNS_SAT/mapf-scen-even/scen-even/room-64-64-8-even-1.scen,10,15,42,1,133,7062.999000,4766018,171615,0.002000,3553.012000,2944.571000,2845.496000,119.759706
_home_max_Documents_PhD_MAPF_LNS_MAPF_LNS_SAT_mapf-map_room-64-64-8_map-_home_max_Documents_PhD_MAPF_LNS_MAPF_LNS_SAT_mapf-scen-even_scen-even_room-64-64-8-even-1_scen-agents10-idx16-seed42-1783617180252,/home/max/Documents/PhD/MAPF/LNS/MAPF_LNS_SAT/mapf-map/room-64-64-8.map,/home/max/Documents/PhD/MAPF/LNS/MAPF_LNS_SAT/mapf-scen-even/scen-even/room-64-64-8-even-1.scen,10,16,42,1,137,54.645000,839,345,0.000000,0.334000,0.749000,0.586000,0.051809
_home_max_Documents_PhD_MAPF_LNS_MAPF_LNS_SAT_mapf-map_room-64-64-8_map-_home_max_Documents_PhD_MAPF_LNS_MAPF_LNS_SAT_mapf-scen-even_scen-even_room-64-64-8-even-1_scen-agents10-idx17-seed42-1783617180353,/home/max/Documents/PhD/MAPF/LNS/MAPF_LNS_SAT/mapf-map/room-64-64-8.map,/home/max/Documents/PhD/MAPF/LNS/MAPF_LNS_SAT/mapf-scen-even/scen-even/room-64-64-8-even-1.scen,10,17,42,1,103,54.393000,857,321,0.000000,0.313000,0.782000,0.603000,0.069303
_home_max_Documents_PhD_MAPF_LNS_MAPF_LNS_SAT_mapf-map_room-64-64-8_map-_home_max_Documents_PhD_MAPF_LNS_MAPF_LNS_SAT_mapf-scen-even_scen-even_room-64-64-8-even-1_scen-agents10-idx18-seed42-1783617180455,/home/max/Documents/PhD/MAPF/LNS/MAPF_LNS_SAT/mapf-map/room-64-64-8.map,/home/max/Documents/PhD/MAPF/LNS/MAPF_LNS_SAT/mapf-scen-even/scen-even/room-64-64-8-even-1.scen,10,18,42,1,123,46.127000,31,16,0.000000,0.017000,0.077000,0.063000,0.012865
_home_max_Documents_PhD_MAPF_LNS_MAPF_LNS_SAT_mapf-map_room-64-64-8_map-_home_max_Documents_PhD_MAPF_LNS_MAPF_LNS_SAT_mapf-scen-even_scen-even_room-64-64-8-even-1_scen-agents10-idx19-seed42-1783617180556,/home/max/Documents/PhD/MAPF/LNS/MAPF_LNS_SAT/mapf-map/room-64-64-8.map,/home/max/Documents/PhD/MAPF/LNS/MAPF_LNS_SAT/mapf-scen-even/scen-even/room-64-64-8-even-1.scen,10,19,42,1,131,59.439000,1598,546,0.000000,0.600000,1.156000,0.964000,0.086681
_home_max_Documents_PhD_MAPF_LNS_MAPF_LNS_SAT_mapf-map_room-64-64-8_map-_home_max_Documents_PhD_MAPF_LNS_MAPF_LNS_SAT_mapf-scen-even_scen-even_room-64-64-8-even-1_scen-agents10-idx20-seed42-1783617180657,/home/max/Documents/PhD/MAPF/LNS/MAPF_LNS_SAT/mapf-map/room-64-64-8.map,/home/max/Documents/PhD/MAPF/LNS/MAPF_LNS_SAT/mapf-scen-even/scen-even/room-64-64-8-even-1.scen,10,20,42,1,126,48.801000,0,0,0.000000,0.000000,0.000000,0.000000,0.000000
_home_max_Documents_PhD_MAPF_LNS_MAPF_LNS_SAT_mapf-map_room-64-64-8_map-_home_max_Documents_PhD_MAPF_LNS_MAPF_LNS_SAT_mapf-scen-even_scen-even_room-64-64-8-even-1_scen-agents10-idx21-seed42-1783617180757,/home/max/Documents/PhD/MAPF/LNS/MAPF_LNS_SAT/mapf-map/room-64-64-8.map,/home/max/Documents/PhD/MAPF/LNS/MAPF_LNS_SAT/mapf-scen-even/scen-even/room-64-64-8-even-1.scen,10,21,42,1,140,46.879000,568,210,0.000000,0.214000,0.540000,0.422000,0.049053
_home_max_Documents_PhD_MAPF_LNS_MAPF_LNS_SAT_mapf-map_room-64-64-8_map-_home_max_Documents_PhD_MAPF_LNS_MAPF_LNS_SAT_mapf-scen-even_scen-even_room-64-64-8-even-1_scen-agents10-idx22-seed42-1783617180858,/home/max/Documents/PhD/MAPF/LNS/MAPF_LNS_SAT/mapf-map/room-64-64-8.map,/home/max/Documents/PhD/MAPF/LNS/MAPF_LNS_SAT/mapf-scen-even/scen-even/room-64-64-8-even-1.scen,10,22,42,1,127,50.218000,663,236,0.000000,0.244000,0.653000,0.486000,0.060086
_home_max_Documents_PhD_MAPF_LNS_MAPF_LNS_SAT_mapf-map_room-64-64-8_map-_home_max_Documents_PhD_MAPF_LNS_MAPF_LNS_SAT_mapf-scen-even_scen-even_room-64-64-8-even-1_scen-agents10-idx23-seed42-1783617180959,/home/max/Documents/PhD/MAPF/LNS/MAPF_LNS_SAT/mapf-map/room-64-64-8.map,/home/max/Documents/PhD/MAPF/LNS/MAPF_LNS_SAT/mapf-scen-even/scen-even/room-64-64-8-even-1.scen,10,23,42,1,115,42.292000,0,0,0.000000,0.000000,0.000000,0.000000,0.000000
_home_max_Documents_PhD_MAPF_LNS_MAPF_LNS_SAT_mapf-map_room-64-64-8_map-_home_max_Documents_PhD_MAPF_LNS_MAPF_LNS_SAT_mapf-scen-even_scen-even_room-64-64-8-even-1_scen-agents10-idx24-seed42-1783617181007,/home/max/Documents/PhD/MAPF/LNS/MAPF_LNS_SAT/mapf-map/room-64-64-8.map,/home/max/Documents/PhD/MAPF/LNS/MAPF_LNS_SAT/mapf-scen-even/scen-even/room-64-64-8-even-1.scen,10,24,42,1,134,46.277000,388,157,0.000000,0.141000,0.418000,0.314000,0.030802
_home_max_Documents_PhD_MAPF_LNS_MAPF_LNS_SAT_mapf-map_room-64-64-8_map-_home_max_Documents_PhD_MAPF_LNS_MAPF_LNS_SAT_mapf-scen-even_scen-even_room-64-64-8-even-1_scen-agents10-idx25-seed42-1783617181057,/home/max/Documents/PhD/MAPF/LNS/MAPF_LNS_SAT/mapf-map/room-64-64-8.map,/home/max/Documents/PhD/MAPF/LNS/MAPF_LNS_SAT/mapf-scen-even/scen-even/room-64-64-8-even-1.scen,10,25,42,1,128,40.204000,93,38,0.000000,0.035000,0.148000,0.110000,0.016634
_home_max_Documents_PhD_MAPF_LNS_MAPF_LNS_SAT_mapf-map_room-64-64-8_map-_home_max_Documents_PhD_MAPF_LNS_MAPF_LNS_SAT_mapf-scen-even_scen-even_room-64-64-8-even-1_scen-agents10-idx26-seed42-1783617181107,/home/max/Documents/PhD/MAPF/LNS/MAPF_LNS_SAT/mapf-map/room-64-64-8.map,/home/max/Documents/PhD/MAPF/LNS/MAPF_LNS_SAT/mapf-scen-even/scen-even/room-64-64-8-even-1.scen,10,26,42,1,98,41.424000,118,42,0.000000,0.039000,0.163000,0.126000,0.018750
_home_max_Documents_PhD_MAPF_LNS_MAPF_LNS_SAT_mapf-map_room-64-64-8_map-_home_max_Documents_PhD_MAPF_LNS_MAPF_LNS_SAT_mapf-scen-even_scen-even_room-64-64-8-even-1_scen-agents10-idx27-seed42-1783617181158,/home/max/Documents/PhD/MAPF/LNS/MAPF_LNS_SAT/mapf-map/room-64-64-8.map,/home/max/Documents/PhD/MAPF/LNS/MAPF_LNS_SAT/mapf-scen-even/scen-even/room-64-64-8-even-1.scen,10,27,42,1,137,55.343000,2138,623,0.000000,0.733000,1.567000,1.283000,0.158928
_home_max_Documents_PhD_MAPF_LNS_MAPF_LNS_SAT_mapf-map_room-64-64-8_map-_home_max_Documents_PhD_MAPF_LNS_MAPF_LNS_SAT_mapf-scen-even_scen-even_room-64-64-8-even-1_scen-agents10-idx28-seed42-1783617181260,/home/max/Documents/PhD/MAPF/LNS/MAPF_LNS_SAT/mapf-map/room-64-64-8.map,/home/max/Documents/PhD/MAPF/LNS/MAPF_LNS_SAT/mapf-scen-even/scen-even/room-64-64-8-even-1.scen,10,28,42,1,135,58.350000,9096,1522,0.000000,2.552000,4.424000,4.077000,0.292310
_home_max_Documents_PhD_MAPF_LNS_MAPF_LNS_SAT_mapf-map_room-64-64-8_map-_home_max_Documents_PhD_MAPF_LNS_MAPF_LNS_SAT_mapf-scen-even_scen-even_room-64-64-8-even-1_scen-agents10-idx29-seed42-1783617181363,/home/max/Documents/PhD/MAPF/LNS/MAPF_LNS_SAT/mapf-map/room-64-64-8.map,/home/max/Documents/PhD/MAPF/LNS/MAPF_LNS_SAT/mapf-scen-even/scen-even/room-64-64-8-even-1.scen,10,29,42,1,132,65.140000,2715,820,0.000000,0.953000,2.223000,1.772000,0.181445
_home_max_Documents_PhD_MAPF_LNS_MAPF_LNS_SAT_mapf-map_room-64-64-8_map-_home_max_Documents_PhD_MAPF_LNS_MAPF_LNS_SAT_mapf-scen-even_scen-even_room-64-64-8-even-1_scen-agents10-idx30-seed42-1783617181463,/home/max/Documents/PhD/MAPF/LNS/MAPF_LNS_SAT/mapf-map/room-64-64-8.map,/home/max/Documents/PhD/MAPF/LNS/MAPF_LNS_SAT/mapf-scen-even/scen-even/room-64-64-8-even-1.scen,10,30,42,1,122,56.281000,403,167,0.000000,0.153000,0.440000,0.337000,0.031918
_home_max_Documents_PhD_MAPF_LNS_MAPF_LNS_SAT_mapf-map_room-64-64-8_map-_home_max_Documents_PhD_MAPF_LNS_MAPF_LNS_SAT_mapf-scen-even_scen-even_room-64-64-8-even-1_scen-agents20-idx0-seed42-1783617771665,/home/max/Documents/PhD/MAPF/LNS/MAPF_LNS_SAT/mapf-map/room-64-64-8.map,/home/max/Documents/PhD/MAPF/LNS/MAPF_LNS_SAT/mapf-scen-even/scen-even/room-64-64-8-even-1.scen,20,0,42,1,140,231.150000,97485,14196,0.000000,29.630000,79.179000,73.598000,18.495009
