# Batch started 2026-07-08 13:45:00 | map=/home/max/Documents/PhD/MAPF/LNS/MAPF_LNS_SAT/mapf-map/room-32-32-4.map | agents=50 | total_time_limit=600s

# Run 0 | scenario="/home/max/Documents/PhD/MAPF/LNS/MAPF_LNS_SAT/mapf-scen-even/scen-even/room-32-32-4-even-1.scen" | scenario_index=0
# Command: /home/max/Documents/PhD/MAPF/LNS/MAPF_LNS_SAT/lns_clean/main_clean_lns /home/max/Documents/PhD/MAPF/LNS/MAPF_LNS_SAT/mapf-map/room-32-32-4.map /home/max/Documents/PhD/MAPF/LNS/MAPF_LNS_SAT/mapf-scen-even/scen-even/room-32-32-4-even-1.scen 50 0 minisat 42
# Remaining time budget: 599 seconds
[LNS] Loaded map 32x32, agents: 50
[LNS] Map:
@@@.@.@@@.@@@.@@@.@@@.@@@.@@@.@@
@...@.......@...@.......@...@...
@...@...@...@.......@...@.......
....@...@.......@...@.......@...
@@@.@@.@@@@.@@.@@@@@@@@@@@@.@@.@
@.......@...........@...@...@...
....@.......@...@...@...@.......
@...@...@...@...@.......@...@...
@@@@@@.@@@@@@@.@@@.@@@@.@.@@@@@.
....@.......@.......@.......@...
@.......@...@...@...@...@.......
@...@...@.......@.......@...@...
@@@@@.@@@.@@@@@@@@.@@@.@@@@.@@@.
@...@.......@...@.......@...@...
@...@...@...........@...@.......
....@...@...@...@...@...@...@...
@@.@@@.@@@@.@@@@@@.@@@.@@@@.@@@.
....@...@...@...@.......@...@...
@...@.......@.......@...........
@.......@...@...@...@...@...@...
@@.@@@@@@.@@@@@@@@@@@@.@@@@.@@@.
@...@.......@...@.......@...@...
@.......@...@.......@...@...@...
....@...@.......@...@...@.......
@.@@@@@@@@@.@@@.@.@@@@@.@@@.@@.@
@...@...@...@...@...@.......@...
........@...@...@.......@...@...
@...@...@...........@...@...@...
@@@.@@@@@@.@@@@@@@.@@@@.@@@.@@@.
....@...@...@...@...@...@...@...
@...........@...@...@...@...@...
@...@...@...@...................
[LNS] Number of agents: 50
[LNS] Agents (start -> goal):
  Agent 0: (1,9) -> (21,29)
  Agent 1: (22,31) -> (23,5)
  Agent 2: (6,17) -> (1,17)
  Agent 3: (13,15) -> (14,30)
  Agent 4: (3,24) -> (21,11)
  Agent 5: (9,11) -> (29,29)
  Agent 6: (14,26) -> (19,25)
  Agent 7: (26,18) -> (25,26)
  Agent 8: (6,15) -> (5,31)
  Agent 9: (1,25) -> (1,29)
  Agent 10: (11,29) -> (11,31)
  Agent 11: (23,25) -> (1,1)
  Agent 12: (15,19) -> (20,27)
  Agent 13: (13,21) -> (20,31)
  Agent 14: (5,6) -> (31,23)
  Agent 15: (10,23) -> (23,0)
  Agent 16: (13,11) -> (16,6)
  Agent 17: (5,2) -> (26,26)
  Agent 18: (17,0) -> (18,1)
  Agent 19: (8,18) -> (13,25)
  Agent 20: (15,10) -> (13,15)
  Agent 21: (21,2) -> (15,2)
  Agent 22: (30,13) -> (3,30)
  Agent 23: (6,1) -> (13,18)
  Agent 24: (15,1) -> (13,17)
  Agent 25: (17,27) -> (6,29)
  Agent 26: (0,5) -> (25,31)
  Agent 27: (6,3) -> (27,22)
  Agent 28: (18,31) -> (25,17)
  Agent 29: (26,0) -> (17,0)
  Agent 30: (13,14) -> (15,17)
  Agent 31: (6,18) -> (7,18)
  Agent 32: (21,26) -> (27,6)
  Agent 33: (21,9) -> (3,29)
  Agent 34: (25,7) -> (18,29)
  Agent 35: (31,27) -> (3,14)
  Agent 36: (26,5) -> (14,3)
  Agent 37: (2,2) -> (21,15)
  Agent 38: (26,10) -> (4,6)
  Agent 39: (26,6) -> (14,14)
  Agent 40: (23,26) -> (21,19)
  Agent 41: (16,2) -> (27,30)
  Agent 42: (28,18) -> (10,15)
  Agent 43: (19,7) -> (10,19)
  Agent 44: (7,18) -> (6,5)
  Agent 45: (11,27) -> (2,23)
  Agent 46: (10,31) -> (25,6)
  Agent 47: (9,18) -> (31,10)
  Agent 48: (3,18) -> (31,13)
  Agent 49: (20,9) -> (18,10)
[LNS] Base makespan: 54

[LNS] === Attempt with max_timesteps=54 ===
[SAT] Creating MDDs with shortest paths + waiting time...
[SAT] Created 50 MDDs with waiting time structure
[LNS] Built MDDs with waiting time structure for 50 agents at makespan 54
[Current_Solution] Calculating waiting times for agents...
[Current_Solution] Agent 49 reaches goal at t=3, waiting time=51
[Current_Solution] Agent 48 reaches goal at t=53, waiting time=1
[Current_Solution] Agent 47 reaches goal at t=34, waiting time=20
[Current_Solution] Agent 46 reaches goal at t=54, waiting time=0
[Current_Solution] Agent 45 reaches goal at t=17, waiting time=37
[Current_Solution] Agent 44 reaches goal at t=16, waiting time=38
[Current_Solution] Agent 43 reaches goal at t=21, waiting time=33
[Current_Solution] Agent 42 reaches goal at t=33, waiting time=21
[Current_Solution] Agent 41 reaches goal at t=49, waiting time=5
[Current_Solution] Agent 40 reaches goal at t=15, waiting time=39
[Current_Solution] Agent 39 reaches goal at t=30, waiting time=24
[Current_Solution] Agent 38 reaches goal at t=30, waiting time=24
[Current_Solution] Agent 37 reaches goal at t=38, waiting time=16
[Current_Solution] Agent 36 reaches goal at t=18, waiting time=36
[Current_Solution] Agent 35 reaches goal at t=41, waiting time=13
[Current_Solution] Agent 34 reaches goal at t=47, waiting time=7
[Current_Solution] Agent 33 reaches goal at t=40, waiting time=14
[Current_Solution] Agent 32 reaches goal at t=42, waiting time=12
[Current_Solution] Agent 31 reaches goal at t=1, waiting time=53
[Current_Solution] Agent 30 reaches goal at t=5, waiting time=49
[Current_Solution] Agent 29 reaches goal at t=13, waiting time=41
[Current_Solution] Agent 28 reaches goal at t=21, waiting time=33
[Current_Solution] Agent 27 reaches goal at t=44, waiting time=10
[Current_Solution] Agent 26 reaches goal at t=51, waiting time=3
[Current_Solution] Agent 25 reaches goal at t=17, waiting time=37
[Current_Solution] Agent 24 reaches goal at t=26, waiting time=28
[Current_Solution] Agent 23 reaches goal at t=28, waiting time=26
[Current_Solution] Agent 22 reaches goal at t=48, waiting time=6
[Current_Solution] Agent 21 reaches goal at t=6, waiting time=48
[Current_Solution] Agent 20 reaches goal at t=7, waiting time=47
[Current_Solution] Agent 19 reaches goal at t=18, waiting time=36
[Current_Solution] Agent 18 reaches goal at t=2, waiting time=52
[Current_Solution] Agent 17 reaches goal at t=45, waiting time=9
[Current_Solution] Agent 16 reaches goal at t=8, waiting time=46
[Current_Solution] Agent 15 reaches goal at t=36, waiting time=18
[Current_Solution] Agent 14 reaches goal at t=43, waiting time=11
[Current_Solution] Agent 13 reaches goal at t=17, waiting time=37
[Current_Solution] Agent 12 reaches goal at t=15, waiting time=39
[Current_Solution] Agent 11 reaches goal at t=50, waiting time=4
[Current_Solution] Agent 10 reaches goal at t=2, waiting time=52
[Current_Solution] Agent 9 reaches goal at t=6, waiting time=48
[Current_Solution] Agent 8 reaches goal at t=25, waiting time=29
[Current_Solution] Agent 7 reaches goal at t=9, waiting time=45
[Current_Solution] Agent 6 reaches goal at t=8, waiting time=46
[Current_Solution] Agent 5 reaches goal at t=46, waiting time=8
[Current_Solution] Agent 4 reaches goal at t=41, waiting time=13
[Current_Solution] Agent 3 reaches goal at t=24, waiting time=30
[Current_Solution] Agent 2 reaches goal at t=11, waiting time=43
[Current_Solution] Agent 1 reaches goal at t=39, waiting time=15
[Current_Solution] Agent 0 reaches goal at t=44, waiting time=10
[Current_Solution] Waiting time calculation complete
[LNS] Created current solution with 50 agent paths on a map of size 32x32
[LNS] Analyzing conflicts...
[LNS] Current solution: vertex collisions=155, edge collisions=36
[LNS] Creating conflict buckets...
[LOCAL ZONE] Building diamond bucket for conflict 155
[LOCAL ZONE] Built diamond bucket for conflict 155 with 8 positions, 2 conflicts, 0 - 1 time window
[LNS] Selected most relevant bucket 0 with time window: 0 - 1, 2 conflicts and 8 positions.
[LNS] Solving the best bucket Local Zone...
[Solve_local_zone] Current local zone size: 8 (1.17302% of all walkable positions)
[Solve_local_zone] Local zone time window: [0, 2]
[Current_Solution] Agent 31 used 1 waiting timesteps, 52 remaining
[Waiting_time_Solve] Agent 0 has waiting time 10
[Waiting_time_Solve] Agent 1 has waiting time 15
[Waiting_time_Solve] Agent 2 has waiting time 43
[Waiting_time_Solve] Agent 3 has waiting time 30
[Waiting_time_Solve] Agent 4 has waiting time 13
[Waiting_time_Solve] Agent 5 has waiting time 8
[Waiting_time_Solve] Agent 6 has waiting time 46
[Waiting_time_Solve] Agent 7 has waiting time 45
[Waiting_time_Solve] Agent 8 has waiting time 29
[Waiting_time_Solve] Agent 9 has waiting time 48
[Waiting_time_Solve] Agent 10 has waiting time 52
[Waiting_time_Solve] Agent 11 has waiting time 4
[Waiting_time_Solve] Agent 12 has waiting time 39
[Waiting_time_Solve] Agent 13 has waiting time 37
[Waiting_time_Solve] Agent 14 has waiting time 11
[Waiting_time_Solve] Agent 15 has waiting time 18
[Waiting_time_Solve] Agent 16 has waiting time 46
[Waiting_time_Solve] Agent 17 has waiting time 9
[Waiting_time_Solve] Agent 18 has waiting time 52
[Waiting_time_Solve] Agent 19 has waiting time 36
[Waiting_time_Solve] Agent 20 has waiting time 47
[Waiting_time_Solve] Agent 21 has waiting time 48
[Waiting_time_Solve] Agent 22 has waiting time 6
[Waiting_time_Solve] Agent 23 has waiting time 26
[Waiting_time_Solve] Agent 24 has waiting time 28
[Waiting_time_Solve] Agent 25 has waiting time 37
[Waiting_time_Solve] Agent 26 has waiting time 3
[Waiting_time_Solve] Agent 27 has waiting time 10
[Waiting_time_Solve] Agent 28 has waiting time 33
[Waiting_time_Solve] Agent 29 has waiting time 41
[Waiting_time_Solve] Agent 30 has waiting time 49
[Waiting_time_Solve] Agent 31 has waiting time 52
[Waiting_time_Solve] Agent 32 has waiting time 12
[Waiting_time_Solve] Agent 33 has waiting time 14
[Waiting_time_Solve] Agent 34 has waiting time 7
[Waiting_time_Solve] Agent 35 has waiting time 13
[Waiting_time_Solve] Agent 36 has waiting time 36
[Waiting_time_Solve] Agent 37 has waiting time 16
[Waiting_time_Solve] Agent 38 has waiting time 24
[Waiting_time_Solve] Agent 39 has waiting time 24
[Waiting_time_Solve] Agent 40 has waiting time 39
[Waiting_time_Solve] Agent 41 has waiting time 5
[Waiting_time_Solve] Agent 42 has waiting time 21
[Waiting_time_Solve] Agent 43 has waiting time 33
[Waiting_time_Solve] Agent 44 has waiting time 38
[Waiting_time_Solve] Agent 45 has waiting time 37
[Waiting_time_Solve] Agent 46 has waiting time 0
[Waiting_time_Solve] Agent 47 has waiting time 20
[Waiting_time_Solve] Agent 48 has waiting time 1
[Waiting_time_Solve] Agent 49 has waiting time 51
[Waiting_time_Solve] Total available waiting time: 1362
[Waiting_time_Solve] Max iterations: 1362
[Waiting_time_Solve] Iteration 0...
[SAT] Start solving CNF: 18 clauses and 11 variables
[SAT] Agent 44 entry time: 0 exit time: 2
[SAT] Agent 31 entry time: 0 exit time: 2
[SAT] Agent 19 entry time: 0 exit time: 2
[SAT] Agent 2 entry time: 0 exit time: 0

[SAT] Start time: 0 End time: 2

[SAT] Solving local zone with SAT iteration 1...
[SAT] Local CNF: 18 clauses 

DEBUG: Adding 18 new clauses to MiniSAT (incremental run)
DEBUG: Clause load summary: input=18, added=18, tautologies_skipped=0, duplicates_skipped=0, unit_clauses=9, empties=0, intra_clause_literals_removed=0, added_but_db_unchanged=6
DEBUG: After adding clauses, solver has 3 clauses and 11 variables
DEBUG: MiniSAT found 11 variables
DEBUG: Assignment size: 11
DEBUG: First few assignment values: 1 1 1 1 0 1 1 1 1 1 

=== DEBUG: cnf_assignment_to_paths ===
Input assignment size: 11

=== END DEBUG ===
[SAT] Found 1 vertex collisions and 0 edge collisions
[SAT] Adding collision clauses and solving again...
[SAT] Solving local zone with SAT iteration 2...
[SAT] Local CNF: 19 clauses 

DEBUG: Adding 1 new clauses to MiniSAT (incremental run)
DEBUG: Clause load summary: input=1, added=1, tautologies_skipped=0, duplicates_skipped=0, unit_clauses=0, empties=0, intra_clause_literals_removed=0, added_but_db_unchanged=1
DEBUG: After adding clauses, solver has 3 clauses and 11 variables
DEBUG: MiniSAT found 11 variables
DEBUG: Assignment size: 11
DEBUG: First few assignment values: 1 1 1 1 1 0 1 1 1 1 

=== DEBUG: cnf_assignment_to_paths ===
Input assignment size: 11

=== END DEBUG ===
[SAT] Found 1 vertex collisions and 1 edge collisions
[SAT] Adding collision clauses and solving again...
[SAT] Solving local zone with SAT iteration 3...
[SAT] Local CNF: 21 clauses 

DEBUG: Adding 2 new clauses to MiniSAT (incremental run)
[SAT] Previous assignment invalidated by new clauses, reset solver and retrying without assumptions...
DEBUG: Adding 21 new clauses to MiniSAT (incremental run)
[SAT] Local problem appears to be unsatisfiable in current zone
[Waiting_time_Solve] No solution found, trying to apply waiting time:1
[Waiting_time_Solve] Applying waiting time 1 to agent 31 who has waiting time 52
[Current_Solution] Agent 31 used 1 waiting timesteps, 51 remaining
[Waiting_time_Solve] New path is consistent after applying waiting time for agent 31
[Current_Solution] Agent 31 used 1 waiting timesteps, 50 remaining
[Waiting_time_Solve] Applied 1 waiting time  for agent 31 who has waiting time 50
[Waiting_time_Solve] ALL Waiting time applied
[Waiting_time_Solve] Extended Zone end time from 2 to 3
[Waiting_time_Solve] Iteration 1...
[SAT] Start solving CNF: 46 clauses and 19 variables
[SAT] Agent 44 entry time: 0 exit time: 2
[SAT] Agent 31 entry time: 0 exit time: 3
[SAT] Agent 19 entry time: 0 exit time: 2
[SAT] Agent 2 entry time: 0 exit time: 0

[SAT] Start time: 0 End time: 3

[SAT] Solving local zone with SAT iteration 1...
[SAT] Local CNF: 49 clauses 

DEBUG: Adding 49 new clauses to MiniSAT (incremental run)
DEBUG: Clause load summary: input=49, added=49, tautologies_skipped=0, duplicates_skipped=0, unit_clauses=9, empties=0, intra_clause_literals_removed=0, added_but_db_unchanged=12
DEBUG: After adding clauses, solver has 28 clauses and 19 variables
DEBUG: MiniSAT found 19 variables
DEBUG: Assignment size: 19
DEBUG: First few assignment values: 1 1 1 1 0 0 1 0 0 1 

=== DEBUG: cnf_assignment_to_paths ===
Input assignment size: 19

=== END DEBUG ===
[SAT] Found 0 vertex collisions and 0 edge collisions
[SAT] Found collision-free local solution!
[Waiting_time_Solve] Solution found, updating global solution
[LNS] Updating global solution with pseudo-agent local paths...
[Current_Solution] Updating global solution for agent 44
[Current_Solution] Global solution is consistent after updating with local path
[LNS] Successfully updated global solution with pseudo-agent local paths!
[Current_Solution] Updating global solution for agent 31
[Current_Solution] INFO: Segment 31 exit adjusted from 2 to 3 due to waiting time
[Current_Solution] Segment 31 lengthened by 1 timesteps; shifting suffix
[Current_Solution] Global solution is consistent before shifting suffix
[Current_Solution] Global solution is consistent after shifting suffix
[Current_Solution] Global solution is consistent after updating with local path
[LNS] Successfully updated global solution with pseudo-agent local paths!
[Current_Solution] Updating global solution for agent 19
[Current_Solution] Global solution is consistent after updating with local path
[LNS] Successfully updated global solution with pseudo-agent local paths!
[Current_Solution] Updating global solution for agent 2
[Current_Solution] Global solution is consistent after updating with local path
[LNS] Successfully updated global solution with pseudo-agent local paths!
[LNS] Updating path map with new local paths...
[LNS] Successfully updated global solution with local paths and pseudo agents!
[Solve_local_zone] Successfully solved local zone
[Solve_local_zone] Final local zone size: 8 (1.17302% of all walkable positions)
[LNS] Successfully solved local zone
[LNS] Analyzing conflicts...
[LNS] Current solution: vertex collisions=154, edge collisions=35
[LNS] Creating conflict buckets...
[LOCAL ZONE] Building diamond bucket for conflict 0
[LOCAL ZONE] Built diamond bucket for conflict 0 with 10 positions, 4 conflicts, 1 - 4 time window
[LNS] Selected most relevant bucket 0 with time window: 1 - 4, 4 conflicts and 10 positions.
[LNS] Solving the best bucket Local Zone...
[Solve_local_zone] Current local zone size: 10 (1.46628% of all walkable positions)
[Solve_local_zone] Local zone time window: [0, 5]
[Waiting_time_Solve] Agent 0 has waiting time 10
[Waiting_time_Solve] Agent 1 has waiting time 15
[Waiting_time_Solve] Agent 2 has waiting time 43
[Waiting_time_Solve] Agent 3 has waiting time 30
[Waiting_time_Solve] Agent 4 has waiting time 13
[Waiting_time_Solve] Agent 5 has waiting time 8
[Waiting_time_Solve] Agent 6 has waiting time 46
[Waiting_time_Solve] Agent 7 has waiting time 45
[Waiting_time_Solve] Agent 8 has waiting time 29
[Waiting_time_Solve] Agent 9 has waiting time 48
[Waiting_time_Solve] Agent 10 has waiting time 52
[Waiting_time_Solve] Agent 11 has waiting time 4
[Waiting_time_Solve] Agent 12 has waiting time 39
[Waiting_time_Solve] Agent 13 has waiting time 37
[Waiting_time_Solve] Agent 14 has waiting time 11
[Waiting_time_Solve] Agent 15 has waiting time 18
[Waiting_time_Solve] Agent 16 has waiting time 46
[Waiting_time_Solve] Agent 17 has waiting time 9
[Waiting_time_Solve] Agent 18 has waiting time 52
[Waiting_time_Solve] Agent 19 has waiting time 36
[Waiting_time_Solve] Agent 20 has waiting time 47
[Waiting_time_Solve] Agent 21 has waiting time 48
[Waiting_time_Solve] Agent 22 has waiting time 6
[Waiting_time_Solve] Agent 23 has waiting time 26
[Waiting_time_Solve] Agent 24 has waiting time 28
[Waiting_time_Solve] Agent 25 has waiting time 37
[Waiting_time_Solve] Agent 26 has waiting time 3
[Waiting_time_Solve] Agent 27 has waiting time 10
[Waiting_time_Solve] Agent 28 has waiting time 33
[Waiting_time_Solve] Agent 29 has waiting time 41
[Waiting_time_Solve] Agent 30 has waiting time 49
[Waiting_time_Solve] Agent 31 has waiting time 50
[Waiting_time_Solve] Agent 32 has waiting time 12
[Waiting_time_Solve] Agent 33 has waiting time 14
[Waiting_time_Solve] Agent 34 has waiting time 7
[Waiting_time_Solve] Agent 35 has waiting time 13
[Waiting_time_Solve] Agent 36 has waiting time 36
[Waiting_time_Solve] Agent 37 has waiting time 16
[Waiting_time_Solve] Agent 38 has waiting time 24
[Waiting_time_Solve] Agent 39 has waiting time 24
[Waiting_time_Solve] Agent 40 has waiting time 39
[Waiting_time_Solve] Agent 41 has waiting time 5
[Waiting_time_Solve] Agent 42 has waiting time 21
[Waiting_time_Solve] Agent 43 has waiting time 33
[Waiting_time_Solve] Agent 44 has waiting time 38
[Waiting_time_Solve] Agent 45 has waiting time 37
[Waiting_time_Solve] Agent 46 has waiting time 0
[Waiting_time_Solve] Agent 47 has waiting time 20
[Waiting_time_Solve] Agent 48 has waiting time 1
[Waiting_time_Solve] Agent 49 has waiting time 51
[Waiting_time_Solve] Total available waiting time: 1360
[Waiting_time_Solve] Max iterations: 1360
[Waiting_time_Solve] Iteration 0...
[SAT] Start solving CNF: 39 clauses and 22 variables
[SAT] Agent 37 entry time: 3 exit time: 5
[SAT] Agent 23 entry time: 2 exit time: 5
[SAT] Agent 17 entry time: 0 exit time: 5
[SAT] Agent 27 entry time: 0 exit time: 5
[SAT] Agent 14 entry time: 0 exit time: 1

[SAT] Start time: 0 End time: 5

[SAT] Solving local zone with SAT iteration 1...
[SAT] Local CNF: 39 clauses 

DEBUG: Adding 39 new clauses to MiniSAT (incremental run)
DEBUG: Clause load summary: input=39, added=39, tautologies_skipped=0, duplicates_skipped=0, unit_clauses=20, empties=0, intra_clause_literals_removed=0, added_but_db_unchanged=16
DEBUG: After adding clauses, solver has 3 clauses and 22 variables
DEBUG: MiniSAT found 22 variables
DEBUG: Assignment size: 22
DEBUG: First few assignment values: 1 1 1 1 1 1 1 1 1 1 

=== DEBUG: cnf_assignment_to_paths ===
Input assignment size: 22

=== END DEBUG ===
[SAT] Found 3 vertex collisions and 0 edge collisions
[SAT] Adding collision clauses and solving again...
[SAT] Solving local zone with SAT iteration 2...
[SAT] Local CNF: 42 clauses 

DEBUG: Adding 3 new clauses to MiniSAT (incremental run)
[SAT] Previous assignment invalidated by new clauses, reset solver and retrying without assumptions...
DEBUG: Adding 42 new clauses to MiniSAT (incremental run)
[SAT] Local problem appears to be unsatisfiable in current zone
[Waiting_time_Solve] No solution found, trying to apply waiting time:1
[Waiting_time_Solve] Applying waiting time 1 to agent 27 who has waiting time 10
[Waiting_time_Solve] New path is consistent after applying waiting time for agent 27
[Current_Solution] Agent 27 used 1 waiting timesteps, 9 remaining
[Waiting_time_Solve] Applied 1 waiting time  for agent 27 who has waiting time 9
[Waiting_time_Solve] ALL Waiting time applied
[Waiting_time_Solve] Extended Zone end time from 5 to 6
[Create_Local_Problem] Agent 26 is new in the zone
[Waiting_time_Solve] Iteration 1...
[SAT] Start solving CNF: 56 clauses and 31 variables
[SAT] Agent 26 entry time: 6 exit time: 6
[SAT] Agent 37 entry time: 3 exit time: 6
[SAT] Agent 23 entry time: 2 exit time: 6
[SAT] Agent 17 entry time: 0 exit time: 5
[SAT] Agent 27 entry time: 0 exit time: 6
[SAT] Agent 14 entry time: 0 exit time: 1

[SAT] Start time: 0 End time: 6

[SAT] Solving local zone with SAT iteration 1...
[SAT] Local CNF: 59 clauses 

DEBUG: Adding 59 new clauses to MiniSAT (incremental run)
DEBUG: Clause load summary: input=59, added=59, tautologies_skipped=0, duplicates_skipped=0, unit_clauses=19, empties=0, intra_clause_literals_removed=0, added_but_db_unchanged=18
DEBUG: After adding clauses, solver has 22 clauses and 31 variables
DEBUG: MiniSAT found 31 variables
DEBUG: Assignment size: 31
DEBUG: First few assignment values: 1 1 1 1 1 1 1 1 1 1 

=== DEBUG: cnf_assignment_to_paths ===
Input assignment size: 31

=== END DEBUG ===
[SAT] Found 0 vertex collisions and 0 edge collisions
[SAT] Found collision-free local solution!
[Waiting_time_Solve] Solution found, updating global solution
[LNS] Updating global solution with pseudo-agent local paths...
[Current_Solution] Updating global solution for agent 26
[Current_Solution] Global solution is consistent after updating with local path
[LNS] Successfully updated global solution with pseudo-agent local paths!
[Current_Solution] Updating global solution for agent 37
[Current_Solution] INFO: Segment 37 exit adjusted from 5 to 6 due to waiting time
[Current_Solution] Segment 37 lengthened by 1 timesteps; shifting suffix
[Current_Solution] Global solution is consistent before shifting suffix
[Current_Solution] Global solution is consistent after shifting suffix
[Current_Solution] Global solution is consistent after updating with local path
[LNS] Successfully updated global solution with pseudo-agent local paths!
[Current_Solution] Updating global solution for agent 23
[Current_Solution] INFO: Segment 23 exit adjusted from 5 to 6 due to waiting time
[Current_Solution] Segment 23 lengthened by 1 timesteps; shifting suffix
[Current_Solution] Global solution is consistent before shifting suffix
[Current_Solution] Global solution is consistent after shifting suffix
[Current_Solution] Global solution is consistent after updating with local path
[LNS] Successfully updated global solution with pseudo-agent local paths!
[Current_Solution] Updating global solution for agent 17
[Current_Solution] Global solution is consistent after updating with local path
[LNS] Successfully updated global solution with pseudo-agent local paths!
[Current_Solution] Updating global solution for agent 27
[Current_Solution] INFO: Segment 27 exit adjusted from 5 to 6 due to waiting time
[Current_Solution] Segment 27 lengthened by 1 timesteps; shifting suffix
[Current_Solution] Global solution is consistent before shifting suffix
[Current_Solution] Global solution is consistent after shifting suffix
[Current_Solution] Global solution is consistent after updating with local path
[LNS] Successfully updated global solution with pseudo-agent local paths!
[Current_Solution] Updating global solution for agent 14
[Current_Solution] Global solution is consistent after updating with local path
[LNS] Successfully updated global solution with pseudo-agent local paths!
[LNS] Updating path map with new local paths...
[LNS] Successfully updated global solution with local paths and pseudo agents!
[Solve_local_zone] Successfully solved local zone
[Solve_local_zone] Final local zone size: 10 (1.46628% of all walkable positions)
[LNS] Successfully solved local zone
[LNS] Analyzing conflicts...
[LNS] Current solution: vertex collisions=124, edge collisions=36
[LNS] Creating conflict buckets...
[LOCAL ZONE] Building diamond bucket for conflict 0
[LOCAL ZONE] Built diamond bucket for conflict 0 with 4 positions, 1 conflicts, 2 - 2 time window
[LOCAL ZONE] Building diamond bucket for conflict 1
[LOCAL ZONE] Built diamond bucket for conflict 1 with 7 positions, 2 conflicts, 2 - 3 time window
[LNS] Selected most relevant bucket 1 with time window: 2 - 3, 2 conflicts and 7 positions.
[LNS] Solving the best bucket Local Zone...
[Solve_local_zone] Current local zone size: 7 (1.02639% of all walkable positions)
[Solve_local_zone] Local zone time window: [1, 4]
[Waiting_time_Solve] Agent 0 has waiting time 10
[Waiting_time_Solve] Agent 1 has waiting time 15
[Waiting_time_Solve] Agent 2 has waiting time 43
[Waiting_time_Solve] Agent 3 has waiting time 30
[Waiting_time_Solve] Agent 4 has waiting time 13
[Waiting_time_Solve] Agent 5 has waiting time 8
[Waiting_time_Solve] Agent 6 has waiting time 46
[Waiting_time_Solve] Agent 7 has waiting time 45
[Waiting_time_Solve] Agent 8 has waiting time 29
[Waiting_time_Solve] Agent 9 has waiting time 48
[Waiting_time_Solve] Agent 10 has waiting time 52
[Waiting_time_Solve] Agent 11 has waiting time 4
[Waiting_time_Solve] Agent 12 has waiting time 39
[Waiting_time_Solve] Agent 13 has waiting time 37
[Waiting_time_Solve] Agent 14 has waiting time 11
[Waiting_time_Solve] Agent 15 has waiting time 18
[Waiting_time_Solve] Agent 16 has waiting time 46
[Waiting_time_Solve] Agent 17 has waiting time 9
[Waiting_time_Solve] Agent 18 has waiting time 52
[Waiting_time_Solve] Agent 19 has waiting time 36
[Waiting_time_Solve] Agent 20 has waiting time 47
[Waiting_time_Solve] Agent 21 has waiting time 48
[Waiting_time_Solve] Agent 22 has waiting time 6
[Waiting_time_Solve] Agent 23 has waiting time 26
[Waiting_time_Solve] Agent 24 has waiting time 28
[Waiting_time_Solve] Agent 25 has waiting time 37
[Waiting_time_Solve] Agent 26 has waiting time 3
[Waiting_time_Solve] Agent 27 has waiting time 9
[Waiting_time_Solve] Agent 28 has waiting time 33
[Waiting_time_Solve] Agent 29 has waiting time 41
[Waiting_time_Solve] Agent 30 has waiting time 49
[Waiting_time_Solve] Agent 31 has waiting time 50
[Waiting_time_Solve] Agent 32 has waiting time 12
[Waiting_time_Solve] Agent 33 has waiting time 14
[Waiting_time_Solve] Agent 34 has waiting time 7
[Waiting_time_Solve] Agent 35 has waiting time 13
[Waiting_time_Solve] Agent 36 has waiting time 36
[Waiting_time_Solve] Agent 37 has waiting time 16
[Waiting_time_Solve] Agent 38 has waiting time 24
[Waiting_time_Solve] Agent 39 has waiting time 24
[Waiting_time_Solve] Agent 40 has waiting time 39
[Waiting_time_Solve] Agent 41 has waiting time 5
[Waiting_time_Solve] Agent 42 has waiting time 21
[Waiting_time_Solve] Agent 43 has waiting time 33
[Waiting_time_Solve] Agent 44 has waiting time 38
[Waiting_time_Solve] Agent 45 has waiting time 37
[Waiting_time_Solve] Agent 46 has waiting time 0
[Waiting_time_Solve] Agent 47 has waiting time 20
[Waiting_time_Solve] Agent 48 has waiting time 1
[Waiting_time_Solve] Agent 49 has waiting time 51
[Waiting_time_Solve] Total available waiting time: 1359
[Waiting_time_Solve] Max iterations: 1359
[Waiting_time_Solve] Iteration 0...
[SAT] Start solving CNF: 20 clauses and 12 variables
[SAT] Agent 44 entry time: 2 exit time: 4
[SAT] Agent 31 entry time: 1 exit time: 1
[SAT] Agent 8 entry time: 1 exit time: 4
[SAT] Agent 2 entry time: 1 exit time: 4

[SAT] Start time: 1 End time: 4

[SAT] Solving local zone with SAT iteration 1...
[SAT] Local CNF: 20 clauses 

DEBUG: Adding 20 new clauses to MiniSAT (incremental run)
DEBUG: Clause load summary: input=20, added=20, tautologies_skipped=0, duplicates_skipped=0, unit_clauses=12, empties=0, intra_clause_literals_removed=0, added_but_db_unchanged=8
DEBUG: After adding clauses, solver has 0 clauses and 12 variables
DEBUG: MiniSAT found 12 variables
DEBUG: Assignment size: 12
DEBUG: First few assignment values: 1 1 1 1 1 1 1 1 1 1 

=== DEBUG: cnf_assignment_to_paths ===
Input assignment size: 12

=== END DEBUG ===
[SAT] Found 2 vertex collisions and 0 edge collisions
[SAT] Adding collision clauses and solving again...
[SAT] Solving local zone with SAT iteration 2...
[SAT] Local CNF: 22 clauses 

DEBUG: Adding 2 new clauses to MiniSAT (incremental run)
[SAT] Local problem appears to be unsatisfiable in current zone
[Waiting_time_Solve] No solution found, trying to apply waiting time:1
[Waiting_time_Solve] Applying waiting time 1 to agent 2 who has waiting time 43
[Waiting_time_Solve] New path is consistent after applying waiting time for agent 2
[Current_Solution] Agent 2 used 1 waiting timesteps, 42 remaining
[Waiting_time_Solve] Applied 1 waiting time  for agent 2 who has waiting time 42
[Waiting_time_Solve] Applying waiting time 1 to agent 44 who has waiting time 38
[Waiting_time_Solve] New path is consistent after applying waiting time for agent 44
[Current_Solution] Agent 44 used 1 waiting timesteps, 37 remaining
[Waiting_time_Solve] Applied 1 waiting time  for agent 44 who has waiting time 37
[Waiting_time_Solve] ALL Waiting time applied
[Waiting_time_Solve] Extended Zone end time from 4 to 5
[Waiting_time_Solve] Iteration 1...
[SAT] Start solving CNF: 34 clauses and 19 variables
[SAT] Agent 44 entry time: 2 exit time: 5
[SAT] Agent 31 entry time: 1 exit time: 1
[SAT] Agent 8 entry time: 1 exit time: 4
[SAT] Agent 2 entry time: 1 exit time: 5

[SAT] Start time: 1 End time: 5

[SAT] Solving local zone with SAT iteration 1...
[SAT] Local CNF: 36 clauses 

DEBUG: Adding 36 new clauses to MiniSAT (incremental run)
DEBUG: Clause load summary: input=36, added=36, tautologies_skipped=0, duplicates_skipped=0, unit_clauses=9, empties=0, intra_clause_literals_removed=0, added_but_db_unchanged=9
DEBUG: After adding clauses, solver has 18 clauses and 19 variables
DEBUG: MiniSAT found 19 variables
DEBUG: Assignment size: 19
DEBUG: First few assignment values: 1 0 1 0 1 1 1 1 1 1 

=== DEBUG: cnf_assignment_to_paths ===
Input assignment size: 19

=== END DEBUG ===
[SAT] Found 0 vertex collisions and 2 edge collisions
[SAT] Adding collision clauses and solving again...
[SAT] Solving local zone with SAT iteration 2...
[SAT] Local CNF: 38 clauses 

DEBUG: Adding 2 new clauses to MiniSAT (incremental run)
[SAT] Previous assignment invalidated by new clauses, reset solver and retrying without assumptions...
DEBUG: Adding 38 new clauses to MiniSAT (incremental run)
[SAT] Local problem appears to be unsatisfiable in current zone
[Waiting_time_Solve] No solution found, trying to apply waiting time:2
[Waiting_time_Solve] Applying waiting time 2 to agent 2 who has waiting time 42
[Waiting_time_Solve] New path is consistent after applying waiting time for agent 2
[Current_Solution] Agent 2 used 2 waiting timesteps, 40 remaining
[Waiting_time_Solve] Applied 2 waiting time  for agent 2 who has waiting time 40
[Waiting_time_Solve] Applying waiting time 2 to agent 44 who has waiting time 37
[Waiting_time_Solve] New path is consistent after applying waiting time for agent 44
[Current_Solution] Agent 44 used 2 waiting timesteps, 35 remaining
[Waiting_time_Solve] Applied 2 waiting time  for agent 44 who has waiting time 35
[Waiting_time_Solve] ALL Waiting time applied
[Waiting_time_Solve] Extended Zone end time from 5 to 7
[Waiting_time_Solve] Iteration 2...
[SAT] Start solving CNF: 110 clauses and 43 variables
[SAT] Agent 44 entry time: 2 exit time: 7
[SAT] Agent 31 entry time: 1 exit time: 1
[SAT] Agent 8 entry time: 1 exit time: 4
[SAT] Agent 2 entry time: 1 exit time: 7

[SAT] Start time: 1 End time: 7

[SAT] Solving local zone with SAT iteration 1...
[SAT] Local CNF: 114 clauses 

DEBUG: Adding 114 new clauses to MiniSAT (incremental run)
DEBUG: Clause load summary: input=114, added=114, tautologies_skipped=0, duplicates_skipped=0, unit_clauses=9, empties=0, intra_clause_literals_removed=0, added_but_db_unchanged=11
DEBUG: After adding clauses, solver has 94 clauses and 43 variables
DEBUG: MiniSAT found 43 variables
DEBUG: Assignment size: 43
DEBUG: First few assignment values: 1 0 1 0 0 1 0 0 0 0 

=== DEBUG: cnf_assignment_to_paths ===
Input assignment size: 43

=== END DEBUG ===
[SAT] Found 2 vertex collisions and 0 edge collisions
[SAT] Adding collision clauses and solving again...
[SAT] Solving local zone with SAT iteration 2...
[SAT] Local CNF: 116 clauses 

DEBUG: Adding 2 new clauses to MiniSAT (incremental run)
[SAT] Previous assignment invalidated by new clauses, reset solver and retrying without assumptions...
DEBUG: Adding 116 new clauses to MiniSAT (incremental run)
[SAT] Local problem appears to be unsatisfiable in current zone
[Waiting_time_Solve] No solution found, trying to apply waiting time:3
[Waiting_time_Solve] Applying waiting time 3 to agent 2 who has waiting time 40
[Waiting_time_Solve] New path is consistent after applying waiting time for agent 2
[Current_Solution] Agent 2 used 3 waiting timesteps, 37 remaining
[Waiting_time_Solve] Applied 3 waiting time  for agent 2 who has waiting time 37
[Waiting_time_Solve] Applying waiting time 3 to agent 44 who has waiting time 35
[Waiting_time_Solve] New path is consistent after applying waiting time for agent 44
[Current_Solution] Agent 44 used 3 waiting timesteps, 32 remaining
[Waiting_time_Solve] Applied 3 waiting time  for agent 44 who has waiting time 32
[Waiting_time_Solve] ALL Waiting time applied
[Waiting_time_Solve] Extended Zone end time from 7 to 10
[Create_Local_Problem] Agent 0 is new in the zone
[Create_Local_Problem] Agent 48 is new in the zone
[Waiting_time_Solve] Iteration 3...
[SAT] Start solving CNF: 286 clauses and 87 variables
[SAT] Agent 48 entry time: 8 exit time: 8
[SAT] Agent 0 entry time: 9 exit time: 9
[SAT] Agent 44 entry time: 2 exit time: 10
[SAT] Agent 31 entry time: 1 exit time: 1
[SAT] Agent 8 entry time: 1 exit time: 4
[SAT] Agent 2 entry time: 1 exit time: 10

[SAT] Start time: 1 End time: 10

[SAT] Solving local zone with SAT iteration 1...
[SAT] Local CNF: 292 clauses 

DEBUG: Adding 292 new clauses to MiniSAT (incremental run)
[SAT] Local problem appears to be unsatisfiable in current zone
[Waiting_time_Solve] No solution found, trying to apply waiting time:4
[Waiting_time_Solve] No waiting time applied
[Waiting_time_Solve] No solution found
[Waiting_time_Solve] Restoring original paths
[Waiting_time_Solve] Restoring waiting times
[Current_Solution] Restored waiting times from backup
[Current_Solution] Restored paths from backup
[Solve_local_zone] Zone with expansion factor 0failed
[Solve_local_zone] Expanding zone with offset 3 (original: 1)
[LOCAL ZONE] Found newly touched conflict 7 at position (3,14)
[Solve_local_zone] Final expanded zone contains 31 positions with 3 conflicts 
[Solve_local_zone] New time window: [0, 9]
[Solve_local_zone] Current local zone size: 31 (4.54545% of all walkable positions)
[Solve_local_zone] Local zone time window: [0, 9]
[Current_Solution] Agent 31 used 5 waiting timesteps, 45 remaining
[Waiting_time_Solve] Agent 0 has waiting time 10
[Waiting_time_Solve] Agent 1 has waiting time 15
[Waiting_time_Solve] Agent 2 has waiting time 43
[Waiting_time_Solve] Agent 3 has waiting time 30
[Waiting_time_Solve] Agent 4 has waiting time 13
[Waiting_time_Solve] Agent 5 has waiting time 8
[Waiting_time_Solve] Agent 6 has waiting time 46
[Waiting_time_Solve] Agent 7 has waiting time 45
[Waiting_time_Solve] Agent 8 has waiting time 29
[Waiting_time_Solve] Agent 9 has waiting time 48
[Waiting_time_Solve] Agent 10 has waiting time 52
[Waiting_time_Solve] Agent 11 has waiting time 4
[Waiting_time_Solve] Agent 12 has waiting time 39
[Waiting_time_Solve] Agent 13 has waiting time 37
[Waiting_time_Solve] Agent 14 has waiting time 11
[Waiting_time_Solve] Agent 15 has waiting time 18
[Waiting_time_Solve] Agent 16 has waiting time 46
[Waiting_time_Solve] Agent 17 has waiting time 9
[Waiting_time_Solve] Agent 18 has waiting time 52
[Waiting_time_Solve] Agent 19 has waiting time 36
[Waiting_time_Solve] Agent 20 has waiting time 47
[Waiting_time_Solve] Agent 21 has waiting time 48
[Waiting_time_Solve] Agent 22 has waiting time 6
[Waiting_time_Solve] Agent 23 has waiting time 26
[Waiting_time_Solve] Agent 24 has waiting time 28
[Waiting_time_Solve] Agent 25 has waiting time 37
[Waiting_time_Solve] Agent 26 has waiting time 3
[Waiting_time_Solve] Agent 27 has waiting time 9
[Waiting_time_Solve] Agent 28 has waiting time 33
[Waiting_time_Solve] Agent 29 has waiting time 41
[Waiting_time_Solve] Agent 30 has waiting time 49
[Waiting_time_Solve] Agent 31 has waiting time 45
[Waiting_time_Solve] Agent 32 has waiting time 12
[Waiting_time_Solve] Agent 33 has waiting time 14
[Waiting_time_Solve] Agent 34 has waiting time 7
[Waiting_time_Solve] Agent 35 has waiting time 13
[Waiting_time_Solve] Agent 36 has waiting time 36
[Waiting_time_Solve] Agent 37 has waiting time 16
[Waiting_time_Solve] Agent 38 has waiting time 24
[Waiting_time_Solve] Agent 39 has waiting time 24
[Waiting_time_Solve] Agent 40 has waiting time 39
[Waiting_time_Solve] Agent 41 has waiting time 5
[Waiting_time_Solve] Agent 42 has waiting time 21
[Waiting_time_Solve] Agent 43 has waiting time 33
[Waiting_time_Solve] Agent 44 has waiting time 38
[Waiting_time_Solve] Agent 45 has waiting time 37
[Waiting_time_Solve] Agent 46 has waiting time 0
[Waiting_time_Solve] Agent 47 has waiting time 20
[Waiting_time_Solve] Agent 48 has waiting time 1
[Waiting_time_Solve] Agent 49 has waiting time 51
[Waiting_time_Solve] Total available waiting time: 1354
[Waiting_time_Solve] Max iterations: 1354
[Waiting_time_Solve] Iteration 0...
[SAT] Start solving CNF: 356 clauses and 106 variables
[SAT] Agent 48 entry time: 3 exit time: 9
[SAT] Agent 44 entry time: 0 exit time: 8
[SAT] Agent 31 entry time: 0 exit time: 9
[SAT] Agent 19 entry time: 1 exit time: 1
[SAT] Agent 8 entry time: 0 exit time: 6
[SAT] Agent 2 entry time: 0 exit time: 9
[SAT] Agent 0 entry time: 4 exit time: 9

[SAT] Start time: 0 End time: 9

[SAT] Solving local zone with SAT iteration 1...
[SAT] Local CNF: 356 clauses 

DEBUG: Adding 356 new clauses to MiniSAT (incremental run)
DEBUG: Clause load summary: input=356, added=356, tautologies_skipped=0, duplicates_skipped=0, unit_clauses=36, empties=0, intra_clause_literals_removed=0, added_but_db_unchanged=35
DEBUG: After adding clauses, solver has 285 clauses and 106 variables
DEBUG: MiniSAT found 106 variables
DEBUG: Assignment size: 106
DEBUG: First few assignment values: 1 1 0 1 1 1 1 1 1 1 

=== DEBUG: cnf_assignment_to_paths ===
Input assignment size: 106

=== END DEBUG ===
[SAT] Found 3 vertex collisions and 1 edge collisions
[SAT] Adding collision clauses and solving again...
[SAT] Solving local zone with SAT iteration 2...
[SAT] Local CNF: 360 clauses 

DEBUG: Adding 4 new clauses to MiniSAT (incremental run)
[SAT] Previous assignment invalidated by new clauses, reset solver and retrying without assumptions...
DEBUG: Adding 360 new clauses to MiniSAT (incremental run)
[SAT] Local problem appears to be unsatisfiable in current zone
[Waiting_time_Solve] No solution found, trying to apply waiting time:1
[Waiting_time_Solve] Applying waiting time 1 to agent 2 who has waiting time 43
[Waiting_time_Solve] New path is consistent after applying waiting time for agent 2
[Current_Solution] Agent 2 used 1 waiting timesteps, 42 remaining
[Waiting_time_Solve] Applied 1 waiting time  for agent 2 who has waiting time 42
[Waiting_time_Solve] Applying waiting time 1 to agent 44 who has waiting time 38
[Waiting_time_Solve] New path is consistent after applying waiting time for agent 44
[Current_Solution] Agent 44 used 1 waiting timesteps, 37 remaining
[Waiting_time_Solve] Applied 1 waiting time  for agent 44 who has waiting time 37
[Waiting_time_Solve] ALL Waiting time applied
[Waiting_time_Solve] Extended Zone end time from 9 to 10
[Current_Solution] Agent 31 used 1 waiting timesteps, 44 remaining
[Waiting_time_Solve] Iteration 1...
[SAT] Start solving CNF: 467 clauses and 140 variables
[SAT] Agent 48 entry time: 3 exit time: 10
[SAT] Agent 44 entry time: 0 exit time: 9
[SAT] Agent 31 entry time: 0 exit time: 10
[SAT] Agent 19 entry time: 1 exit time: 1
[SAT] Agent 8 entry time: 0 exit time: 6
[SAT] Agent 2 entry time: 0 exit time: 10
[SAT] Agent 0 entry time: 4 exit time: 10

[SAT] Start time: 0 End time: 10

[SAT] Solving local zone with SAT iteration 1...
[SAT] Local CNF: 471 clauses 

DEBUG: Adding 471 new clauses to MiniSAT (incremental run)
DEBUG: Clause load summary: input=471, added=471, tautologies_skipped=0, duplicates_skipped=0, unit_clauses=26, empties=0, intra_clause_literals_removed=0, added_but_db_unchanged=28
DEBUG: After adding clauses, solver has 417 clauses and 140 variables
DEBUG: MiniSAT found 140 variables
DEBUG: Assignment size: 140
DEBUG: First few assignment values: 1 1 0 1 1 1 1 1 1 1 

=== DEBUG: cnf_assignment_to_paths ===
Input assignment size: 140

=== END DEBUG ===
[SAT] Found 4 vertex collisions and 2 edge collisions
[SAT] Adding collision clauses and solving again...
[SAT] Solving local zone with SAT iteration 2...
[SAT] Local CNF: 477 clauses 

DEBUG: Adding 6 new clauses to MiniSAT (incremental run)
[SAT] Previous assignment invalidated by new clauses, reset solver and retrying without assumptions...
DEBUG: Adding 477 new clauses to MiniSAT (incremental run)
[SAT] Local problem appears to be unsatisfiable in current zone
[Waiting_time_Solve] No solution found, trying to apply waiting time:2
[Waiting_time_Solve] Applying waiting time 2 to agent 2 who has waiting time 42
[Waiting_time_Solve] New path is consistent after applying waiting time for agent 2
[Current_Solution] Agent 2 used 2 waiting timesteps, 40 remaining
[Waiting_time_Solve] Applied 2 waiting time  for agent 2 who has waiting time 40
[Waiting_time_Solve] Applying waiting time 2 to agent 44 who has waiting time 37
[Waiting_time_Solve] New path is consistent after applying waiting time for agent 44
[Current_Solution] Agent 44 used 2 waiting timesteps, 35 remaining
[Waiting_time_Solve] Applied 2 waiting time  for agent 44 who has waiting time 35
[Waiting_time_Solve] ALL Waiting time applied
[Waiting_time_Solve] Extended Zone end time from 10 to 12
[Current_Solution] Agent 31 used 2 waiting timesteps, 42 remaining
[Waiting_time_Solve] Iteration 2...
[SAT] Start solving CNF: 972 clauses and 241 variables
[SAT] Agent 48 entry time: 3 exit time: 10
[SAT] Agent 44 entry time: 0 exit time: 11
[SAT] Agent 31 entry time: 0 exit time: 12
[SAT] Agent 19 entry time: 1 exit time: 1
[SAT] Agent 8 entry time: 0 exit time: 6
[SAT] Agent 2 entry time: 0 exit time: 12
[SAT] Agent 0 entry time: 4 exit time: 11

[SAT] Start time: 0 End time: 12

[SAT] Solving local zone with SAT iteration 1...
[SAT] Local CNF: 982 clauses 

DEBUG: Adding 982 new clauses to MiniSAT (incremental run)
DEBUG: Clause load summary: input=982, added=982, tautologies_skipped=0, duplicates_skipped=0, unit_clauses=27, empties=0, intra_clause_literals_removed=0, added_but_db_unchanged=32
DEBUG: After adding clauses, solver has 923 clauses and 241 variables
DEBUG: MiniSAT found 241 variables
DEBUG: Assignment size: 241
DEBUG: First few assignment values: 1 1 0 1 1 1 1 1 1 1 

=== DEBUG: cnf_assignment_to_paths ===
Input assignment size: 241

=== END DEBUG ===
[SAT] Found 3 vertex collisions and 2 edge collisions
[SAT] Adding collision clauses and solving again...
[SAT] Solving local zone with SAT iteration 2...
[SAT] Local CNF: 987 clauses 

DEBUG: Adding 5 new clauses to MiniSAT (incremental run)
DEBUG: Clause load summary: input=5, added=5, tautologies_skipped=0, duplicates_skipped=0, unit_clauses=0, empties=0, intra_clause_literals_removed=0, added_but_db_unchanged=4
DEBUG: After adding clauses, solver has 895 clauses and 241 variables
DEBUG: MiniSAT found 241 variables
DEBUG: Assignment size: 241
DEBUG: First few assignment values: 1 1 0 1 1 1 1 1 1 1 

=== DEBUG: cnf_assignment_to_paths ===
Input assignment size: 241

=== END DEBUG ===
[SAT] Found 4 vertex collisions and 3 edge collisions
[SAT] Adding collision clauses and solving again...
[SAT] Solving local zone with SAT iteration 3...
[SAT] Local CNF: 994 clauses 

DEBUG: Adding 7 new clauses to MiniSAT (incremental run)
[SAT] Previous assignment invalidated by new clauses, reset solver and retrying without assumptions...
DEBUG: Adding 994 new clauses to MiniSAT (incremental run)
[SAT] Local problem appears to be unsatisfiable in current zone
[Waiting_time_Solve] No solution found, trying to apply waiting time:3
[Waiting_time_Solve] Applying waiting time 3 to agent 2 who has waiting time 40
[Waiting_time_Solve] New path is consistent after applying waiting time for agent 2
[Current_Solution] Agent 2 used 3 waiting timesteps, 37 remaining
[Waiting_time_Solve] Applied 3 waiting time  for agent 2 who has waiting time 37
[Waiting_time_Solve] Applying waiting time 3 to agent 44 who has waiting time 35
[Waiting_time_Solve] New path is consistent after applying waiting time for agent 44
[Current_Solution] Agent 44 used 3 waiting timesteps, 32 remaining
[Waiting_time_Solve] Applied 3 waiting time  for agent 44 who has waiting time 32
[Waiting_time_Solve] ALL Waiting time applied
[Waiting_time_Solve] Extended Zone end time from 12 to 15
[Current_Solution] Agent 31 used 3 waiting timesteps, 39 remaining
[Waiting_time_Solve] Iteration 3...
[SAT] Start solving CNF: 2836 clauses and 447 variables
[SAT] Agent 48 entry time: 3 exit time: 10
[SAT] Agent 44 entry time: 0 exit time: 14
[SAT] Agent 31 entry time: 0 exit time: 15
[SAT] Agent 19 entry time: 1 exit time: 1
[SAT] Agent 8 entry time: 0 exit time: 6
[SAT] Agent 2 entry time: 0 exit time: 15
[SAT] Agent 0 entry time: 4 exit time: 11

[SAT] Start time: 0 End time: 15

[SAT] Solving local zone with SAT iteration 1...
[SAT] Local CNF: 2858 clauses 

DEBUG: Adding 2858 new clauses to MiniSAT (incremental run)
DEBUG: Clause load summary: input=2858, added=2858, tautologies_skipped=0, duplicates_skipped=0, unit_clauses=27, empties=0, intra_clause_literals_removed=0, added_but_db_unchanged=39
DEBUG: After adding clauses, solver has 2792 clauses and 447 variables
DEBUG: MiniSAT found 447 variables
DEBUG: Assignment size: 447
DEBUG: First few assignment values: 1 1 0 1 1 1 1 1 1 1 

=== DEBUG: cnf_assignment_to_paths ===
Input assignment size: 447

=== END DEBUG ===
[SAT] Found 2 vertex collisions and 4 edge collisions
[SAT] Adding collision clauses and solving again...
[SAT] Solving local zone with SAT iteration 2...
[SAT] Local CNF: 2864 clauses 

DEBUG: Adding 6 new clauses to MiniSAT (incremental run)
DEBUG: Clause load summary: input=6, added=6, tautologies_skipped=0, duplicates_skipped=0, unit_clauses=0, empties=0, intra_clause_literals_removed=0, added_but_db_unchanged=0
DEBUG: After adding clauses, solver has 2674 clauses and 447 variables
DEBUG: MiniSAT found 447 variables
DEBUG: Assignment size: 447
DEBUG: First few assignment values: 1 1 0 1 1 1 1 1 1 1 

=== DEBUG: cnf_assignment_to_paths ===
Input assignment size: 447

=== END DEBUG ===
[SAT] Found 3 vertex collisions and 1 edge collisions
[SAT] Adding collision clauses and solving again...
[SAT] Solving local zone with SAT iteration 3...
[SAT] Local CNF: 2868 clauses 

DEBUG: Adding 4 new clauses to MiniSAT (incremental run)
DEBUG: Clause load summary: input=4, added=4, tautologies_skipped=0, duplicates_skipped=0, unit_clauses=0, empties=0, intra_clause_literals_removed=0, added_but_db_unchanged=0
DEBUG: After adding clauses, solver has 2678 clauses and 447 variables
DEBUG: MiniSAT found 447 variables
DEBUG: Assignment size: 447
DEBUG: First few assignment values: 1 1 0 1 1 1 1 1 1 1 

=== DEBUG: cnf_assignment_to_paths ===
Input assignment size: 447

=== END DEBUG ===
[SAT] Found 0 vertex collisions and 1 edge collisions
[SAT] Adding collision clauses and solving again...
[SAT] Solving local zone with SAT iteration 4...
[SAT] Local CNF: 2869 clauses 

DEBUG: Adding 1 new clauses to MiniSAT (incremental run)
DEBUG: Clause load summary: input=1, added=1, tautologies_skipped=0, duplicates_skipped=0, unit_clauses=0, empties=0, intra_clause_literals_removed=0, added_but_db_unchanged=0
DEBUG: After adding clauses, solver has 2679 clauses and 447 variables
DEBUG: MiniSAT found 447 variables
DEBUG: Assignment size: 447
DEBUG: First few assignment values: 1 1 0 1 1 1 1 1 1 1 

=== DEBUG: cnf_assignment_to_paths ===
Input assignment size: 447

=== END DEBUG ===
[SAT] Found 0 vertex collisions and 0 edge collisions
[SAT] Found collision-free local solution!
[Waiting_time_Solve] Solution found, updating global solution
[LNS] Updating global solution with pseudo-agent local paths...
[Current_Solution] Updating global solution for agent 48
[Current_Solution] INFO: Segment 48 exit adjusted from 9 to 10 due to waiting time
[Current_Solution] Segment 48 lengthened by 1 timesteps; shifting suffix
[Current_Solution] Global solution is consistent before shifting suffix
[Current_Solution] Global solution is consistent after shifting suffix
[Current_Solution] Global solution is consistent after updating with local path
[LNS] Successfully updated global solution with pseudo-agent local paths!
[Current_Solution] Updating global solution for agent 44
[Current_Solution] INFO: Segment 44 exit adjusted from 8 to 14 due to waiting time
[Current_Solution] Segment 44 lengthened by 6 timesteps; shifting suffix
[Current_Solution] Global solution is consistent before shifting suffix
[Current_Solution] Global solution is consistent after shifting suffix
[Current_Solution] Global solution is consistent after updating with local path
[LNS] Successfully updated global solution with pseudo-agent local paths!
[Current_Solution] Updating global solution for agent 31
[Current_Solution] INFO: Segment 31 exit adjusted from 9 to 15 due to waiting time
[Current_Solution] Segment 31 lengthened by 6 timesteps; shifting suffix
[Current_Solution] Global solution is consistent before shifting suffix
[Current_Solution] Global solution is consistent after shifting suffix
[Current_Solution] Global solution is consistent after updating with local path
[LNS] Successfully updated global solution with pseudo-agent local paths!
[Current_Solution] Updating global solution for agent 19
[Current_Solution] Global solution is consistent after updating with local path
[LNS] Successfully updated global solution with pseudo-agent local paths!
[Current_Solution] Updating global solution for agent 8
[Current_Solution] Global solution is consistent after updating with local path
[LNS] Successfully updated global solution with pseudo-agent local paths!
[Current_Solution] Updating global solution for agent 2
[Current_Solution] INFO: Segment 2 exit adjusted from 9 to 15 due to waiting time
[Current_Solution] Segment 2 lengthened by 6 timesteps; shifting suffix
[Current_Solution] Global solution is consistent before shifting suffix
[Current_Solution] Global solution is consistent after shifting suffix
[Current_Solution] Global solution is consistent after updating with local path
[LNS] Successfully updated global solution with pseudo-agent local paths!
[Current_Solution] Updating global solution for agent 0
[Current_Solution] INFO: Segment 0 exit adjusted from 9 to 11 due to waiting time
[Current_Solution] Segment 0 lengthened by 2 timesteps; shifting suffix
[Current_Solution] Global solution is consistent before shifting suffix
[Current_Solution] Global solution is consistent after shifting suffix
[Current_Solution] Global solution is consistent after updating with local path
[LNS] Successfully updated global solution with pseudo-agent local paths!
[LNS] Updating path map with new local paths...
[LNS] Successfully updated global solution with local paths and pseudo agents!
[Solve_local_zone] Successfully solved local zone
[Solve_local_zone] Final local zone size: 31 (4.54545% of all walkable positions)
[LNS] Successfully solved local zone
[LNS] Analyzing conflicts...
[LNS] Current solution: vertex collisions=121, edge collisions=36
[LNS] Creating conflict buckets...
[LOCAL ZONE] Building diamond bucket for conflict 0
[LOCAL ZONE] Built diamond bucket for conflict 0 with 4 positions, 1 conflicts, 2 - 2 time window
[LNS] Selected most relevant bucket 0 with time window: 2 - 2, 1 conflicts and 4 positions.
[LNS] Solving the best bucket Local Zone...
[Solve_local_zone] Current local zone size: 4 (0.58651% of all walkable positions)
[Solve_local_zone] Local zone time window: [1, 3]
[Waiting_time_Solve] Agent 0 has waiting time 10
[Waiting_time_Solve] Agent 1 has waiting time 15
[Waiting_time_Solve] Agent 2 has waiting time 37
[Waiting_time_Solve] Agent 3 has waiting time 30
[Waiting_time_Solve] Agent 4 has waiting time 13
[Waiting_time_Solve] Agent 5 has waiting time 8
[Waiting_time_Solve] Agent 6 has waiting time 46
[Waiting_time_Solve] Agent 7 has waiting time 45
[Waiting_time_Solve] Agent 8 has waiting time 29
[Waiting_time_Solve] Agent 9 has waiting time 48
[Waiting_time_Solve] Agent 10 has waiting time 52
[Waiting_time_Solve] Agent 11 has waiting time 4
[Waiting_time_Solve] Agent 12 has waiting time 39
[Waiting_time_Solve] Agent 13 has waiting time 37
[Waiting_time_Solve] Agent 14 has waiting time 11
[Waiting_time_Solve] Agent 15 has waiting time 18
[Waiting_time_Solve] Agent 16 has waiting time 46
[Waiting_time_Solve] Agent 17 has waiting time 9
[Waiting_time_Solve] Agent 18 has waiting time 52
[Waiting_time_Solve] Agent 19 has waiting time 36
[Waiting_time_Solve] Agent 20 has waiting time 47
[Waiting_time_Solve] Agent 21 has waiting time 48
[Waiting_time_Solve] Agent 22 has waiting time 6
[Waiting_time_Solve] Agent 23 has waiting time 26
[Waiting_time_Solve] Agent 24 has waiting time 28
[Waiting_time_Solve] Agent 25 has waiting time 37
[Waiting_time_Solve] Agent 26 has waiting time 3
[Waiting_time_Solve] Agent 27 has waiting time 9
[Waiting_time_Solve] Agent 28 has waiting time 33
[Waiting_time_Solve] Agent 29 has waiting time 41
[Waiting_time_Solve] Agent 30 has waiting time 49
[Waiting_time_Solve] Agent 31 has waiting time 39
[Waiting_time_Solve] Agent 32 has waiting time 12
[Waiting_time_Solve] Agent 33 has waiting time 14
[Waiting_time_Solve] Agent 34 has waiting time 7
[Waiting_time_Solve] Agent 35 has waiting time 13
[Waiting_time_Solve] Agent 36 has waiting time 36
[Waiting_time_Solve] Agent 37 has waiting time 16
[Waiting_time_Solve] Agent 38 has waiting time 24
[Waiting_time_Solve] Agent 39 has waiting time 24
[Waiting_time_Solve] Agent 40 has waiting time 39
[Waiting_time_Solve] Agent 41 has waiting time 5
[Waiting_time_Solve] Agent 42 has waiting time 21
[Waiting_time_Solve] Agent 43 has waiting time 33
[Waiting_time_Solve] Agent 44 has waiting time 32
[Waiting_time_Solve] Agent 45 has waiting time 37
[Waiting_time_Solve] Agent 46 has waiting time 0
[Waiting_time_Solve] Agent 47 has waiting time 20
[Waiting_time_Solve] Agent 48 has waiting time 1
[Waiting_time_Solve] Agent 49 has waiting time 51
[Waiting_time_Solve] Total available waiting time: 1336
[Waiting_time_Solve] Max iterations: 1336
[Waiting_time_Solve] Iteration 0...
[SAT] Start solving CNF: 10 clauses and 6 variables
[SAT] Agent 25 entry time: 1 exit time: 3
[SAT] Agent 6 entry time: 1 exit time: 3

[SAT] Start time: 1 End time: 3

[SAT] Solving local zone with SAT iteration 1...
[SAT] Local CNF: 10 clauses 

DEBUG: Adding 10 new clauses to MiniSAT (incremental run)
DEBUG: Clause load summary: input=10, added=10, tautologies_skipped=0, duplicates_skipped=0, unit_clauses=6, empties=0, intra_clause_literals_removed=0, added_but_db_unchanged=4
DEBUG: After adding clauses, solver has 0 clauses and 6 variables
DEBUG: MiniSAT found 6 variables
DEBUG: Assignment size: 6
DEBUG: First few assignment values: 1 1 1 1 1 1 

=== DEBUG: cnf_assignment_to_paths ===
Input assignment size: 6

=== END DEBUG ===
[SAT] Found 1 vertex collisions and 0 edge collisions
[SAT] Adding collision clauses and solving again...
[SAT] Solving local zone with SAT iteration 2...
[SAT] Local CNF: 11 clauses 

DEBUG: Adding 1 new clauses to MiniSAT (incremental run)
[SAT] Local problem appears to be unsatisfiable in current zone
[Waiting_time_Solve] No solution found, trying to apply waiting time:1
[Waiting_time_Solve] Applying waiting time 1 to agent 6 who has waiting time 46
[Waiting_time_Solve] New path is consistent after applying waiting time for agent 6
[Current_Solution] Agent 6 used 1 waiting timesteps, 45 remaining
[Waiting_time_Solve] Applied 1 waiting time  for agent 6 who has waiting time 45
[Waiting_time_Solve] ALL Waiting time applied
[Waiting_time_Solve] Extended Zone end time from 3 to 4
[Waiting_time_Solve] Iteration 1...
[SAT] Start solving CNF: 16 clauses and 9 variables
[SAT] Agent 25 entry time: 1 exit time: 3
[SAT] Agent 6 entry time: 1 exit time: 4

[SAT] Start time: 1 End time: 4

[SAT] Solving local zone with SAT iteration 1...
[SAT] Local CNF: 17 clauses 

DEBUG: Adding 17 new clauses to MiniSAT (incremental run)
DEBUG: Clause load summary: input=17, added=17, tautologies_skipped=0, duplicates_skipped=0, unit_clauses=5, empties=0, intra_clause_literals_removed=0, added_but_db_unchanged=5
DEBUG: After adding clauses, solver has 7 clauses and 9 variables
DEBUG: MiniSAT found 9 variables
DEBUG: Assignment size: 9
DEBUG: First few assignment values: 1 1 1 1 0 1 0 1 1 

=== DEBUG: cnf_assignment_to_paths ===
Input assignment size: 9

=== END DEBUG ===
[SAT] Found 0 vertex collisions and 1 edge collisions
[SAT] Adding collision clauses and solving again...
[SAT] Solving local zone with SAT iteration 2...
[SAT] Local CNF: 18 clauses 

DEBUG: Adding 1 new clauses to MiniSAT (incremental run)
[SAT] Previous assignment invalidated by new clauses, reset solver and retrying without assumptions...
DEBUG: Adding 18 new clauses to MiniSAT (incremental run)
[SAT] Local problem appears to be unsatisfiable in current zone
[Waiting_time_Solve] No solution found, trying to apply waiting time:2
[Waiting_time_Solve] Applying waiting time 2 to agent 6 who has waiting time 45
[Waiting_time_Solve] New path is consistent after applying waiting time for agent 6
[Current_Solution] Agent 6 used 2 waiting timesteps, 43 remaining
[Waiting_time_Solve] Applied 2 waiting time  for agent 6 who has waiting time 43
[Waiting_time_Solve] ALL Waiting time applied
[Waiting_time_Solve] Extended Zone end time from 4 to 6
[Waiting_time_Solve] Iteration 2...
[SAT] Start solving CNF: 38 clauses and 17 variables
[SAT] Agent 25 entry time: 1 exit time: 3
[SAT] Agent 6 entry time: 1 exit time: 6

[SAT] Start time: 1 End time: 6

[SAT] Solving local zone with SAT iteration 1...
[SAT] Local CNF: 40 clauses 

DEBUG: Adding 40 new clauses to MiniSAT (incremental run)
DEBUG: Clause load summary: input=40, added=40, tautologies_skipped=0, duplicates_skipped=0, unit_clauses=5, empties=0, intra_clause_literals_removed=0, added_but_db_unchanged=6
DEBUG: After adding clauses, solver has 29 clauses and 17 variables
DEBUG: MiniSAT found 17 variables
DEBUG: Assignment size: 17
DEBUG: First few assignment values: 1 1 1 1 0 1 1 0 0 0 

=== DEBUG: cnf_assignment_to_paths ===
Input assignment size: 17

=== END DEBUG ===
[SAT] Found 1 vertex collisions and 0 edge collisions
[SAT] Adding collision clauses and solving again...
[SAT] Solving local zone with SAT iteration 2...
[SAT] Local CNF: 41 clauses 

DEBUG: Adding 1 new clauses to MiniSAT (incremental run)
[SAT] Previous assignment invalidated by new clauses, reset solver and retrying without assumptions...
DEBUG: Adding 41 new clauses to MiniSAT (incremental run)
[SAT] Local problem appears to be unsatisfiable in current zone
[Waiting_time_Solve] No solution found, trying to apply waiting time:3
[Waiting_time_Solve] Applying waiting time 3 to agent 6 who has waiting time 43
[Waiting_time_Solve] New path is consistent after applying waiting time for agent 6
[Current_Solution] Agent 6 used 3 waiting timesteps, 40 remaining
[Waiting_time_Solve] Applied 3 waiting time  for agent 6 who has waiting time 40
[Waiting_time_Solve] ALL Waiting time applied
[Waiting_time_Solve] Extended Zone end time from 6 to 9
[Waiting_time_Solve] Iteration 3...
[SAT] Start solving CNF: 71 clauses and 29 variables
[SAT] Agent 25 entry time: 1 exit time: 3
[SAT] Agent 6 entry time: 1 exit time: 9

[SAT] Start time: 1 End time: 9

[SAT] Solving local zone with SAT iteration 1...
[SAT] Local CNF: 74 clauses 

DEBUG: Adding 74 new clauses to MiniSAT (incremental run)
[SAT] Local problem appears to be unsatisfiable in current zone
[Waiting_time_Solve] No solution found, trying to apply waiting time:4
[Waiting_time_Solve] No waiting time applied
[Waiting_time_Solve] No solution found
[Waiting_time_Solve] Restoring original paths
[Waiting_time_Solve] Restoring waiting times
[Current_Solution] Restored waiting times from backup
[Current_Solution] Restored paths from backup
[Solve_local_zone] Zone with expansion factor 0failed
[Solve_local_zone] Expanding zone with offset 3 (original: 1)
[Solve_local_zone] Final expanded zone contains 15 positions with 1 conflicts 
[Solve_local_zone] New time window: [0, 5]
[Solve_local_zone] Current local zone size: 15 (2.19941% of all walkable positions)
[Solve_local_zone] Local zone time window: [0, 5]
[Waiting_time_Solve] Agent 0 has waiting time 10
[Waiting_time_Solve] Agent 1 has waiting time 15
[Waiting_time_Solve] Agent 2 has waiting time 37
[Waiting_time_Solve] Agent 3 has waiting time 30
[Waiting_time_Solve] Agent 4 has waiting time 13
[Waiting_time_Solve] Agent 5 has waiting time 8
[Waiting_time_Solve] Agent 6 has waiting time 46
[Waiting_time_Solve] Agent 7 has waiting time 45
[Waiting_time_Solve] Agent 8 has waiting time 29
[Waiting_time_Solve] Agent 9 has waiting time 48
[Waiting_time_Solve] Agent 10 has waiting time 52
[Waiting_time_Solve] Agent 11 has waiting time 4
[Waiting_time_Solve] Agent 12 has waiting time 39
[Waiting_time_Solve] Agent 13 has waiting time 37
[Waiting_time_Solve] Agent 14 has waiting time 11
[Waiting_time_Solve] Agent 15 has waiting time 18
[Waiting_time_Solve] Agent 16 has waiting time 46
[Waiting_time_Solve] Agent 17 has waiting time 9
[Waiting_time_Solve] Agent 18 has waiting time 52
[Waiting_time_Solve] Agent 19 has waiting time 36
[Waiting_time_Solve] Agent 20 has waiting time 47
[Waiting_time_Solve] Agent 21 has waiting time 48
[Waiting_time_Solve] Agent 22 has waiting time 6
[Waiting_time_Solve] Agent 23 has waiting time 26
[Waiting_time_Solve] Agent 24 has waiting time 28
[Waiting_time_Solve] Agent 25 has waiting time 37
[Waiting_time_Solve] Agent 26 has waiting time 3
[Waiting_time_Solve] Agent 27 has waiting time 9
[Waiting_time_Solve] Agent 28 has waiting time 33
[Waiting_time_Solve] Agent 29 has waiting time 41
[Waiting_time_Solve] Agent 30 has waiting time 49
[Waiting_time_Solve] Agent 31 has waiting time 39
[Waiting_time_Solve] Agent 32 has waiting time 12
[Waiting_time_Solve] Agent 33 has waiting time 14
[Waiting_time_Solve] Agent 34 has waiting time 7
[Waiting_time_Solve] Agent 35 has waiting time 13
[Waiting_time_Solve] Agent 36 has waiting time 36
[Waiting_time_Solve] Agent 37 has waiting time 16
[Waiting_time_Solve] Agent 38 has waiting time 24
[Waiting_time_Solve] Agent 39 has waiting time 24
[Waiting_time_Solve] Agent 40 has waiting time 39
[Waiting_time_Solve] Agent 41 has waiting time 5
[Waiting_time_Solve] Agent 42 has waiting time 21
[Waiting_time_Solve] Agent 43 has waiting time 33
[Waiting_time_Solve] Agent 44 has waiting time 32
[Waiting_time_Solve] Agent 45 has waiting time 37
[Waiting_time_Solve] Agent 46 has waiting time 0
[Waiting_time_Solve] Agent 47 has waiting time 20
[Waiting_time_Solve] Agent 48 has waiting time 1
[Waiting_time_Solve] Agent 49 has waiting time 51
[Waiting_time_Solve] Total available waiting time: 1336
[Waiting_time_Solve] Max iterations: 1336
[Waiting_time_Solve] Iteration 0...
[SAT] Start solving CNF: 25 clauses and 14 variables
[SAT] Agent 28 entry time: 4 exit time: 4
[SAT] Agent 25 entry time: 0 exit time: 5
[SAT] Agent 6 entry time: 0 exit time: 5

[SAT] Start time: 0 End time: 5

[SAT] Solving local zone with SAT iteration 1...
[SAT] Local CNF: 25 clauses 

DEBUG: Adding 25 new clauses to MiniSAT (incremental run)
DEBUG: Clause load summary: input=25, added=25, tautologies_skipped=0, duplicates_skipped=0, unit_clauses=12, empties=0, intra_clause_literals_removed=0, added_but_db_unchanged=10
DEBUG: After adding clauses, solver has 3 clauses and 14 variables
DEBUG: MiniSAT found 14 variables
DEBUG: Assignment size: 14
DEBUG: First few assignment values: 1 1 1 1 1 1 1 1 0 1 

=== DEBUG: cnf_assignment_to_paths ===
Input assignment size: 14

=== END DEBUG ===
[SAT] Found 1 vertex collisions and 0 edge collisions
[SAT] Adding collision clauses and solving again...
[SAT] Solving local zone with SAT iteration 2...
[SAT] Local CNF: 26 clauses 

DEBUG: Adding 1 new clauses to MiniSAT (incremental run)
[SAT] Previous assignment invalidated by new clauses, reset solver and retrying without assumptions...
DEBUG: Adding 26 new clauses to MiniSAT (incremental run)
[SAT] Local problem appears to be unsatisfiable in current zone
[Waiting_time_Solve] No solution found, trying to apply waiting time:1
[Waiting_time_Solve] Applying waiting time 1 to agent 6 who has waiting time 46
[Waiting_time_Solve] New path is consistent after applying waiting time for agent 6
[Current_Solution] Agent 6 used 1 waiting timesteps, 45 remaining
[Waiting_time_Solve] Applied 1 waiting time  for agent 6 who has waiting time 45
[Waiting_time_Solve] ALL Waiting time applied
[Waiting_time_Solve] Extended Zone end time from 5 to 6
[Waiting_time_Solve] Iteration 1...
[SAT] Start solving CNF: 41 clauses and 21 variables
[SAT] Agent 28 entry time: 4 exit time: 4
[SAT] Agent 25 entry time: 0 exit time: 5
[SAT] Agent 6 entry time: 0 exit time: 6

[SAT] Start time: 0 End time: 6

[SAT] Solving local zone with SAT iteration 1...
[SAT] Local CNF: 42 clauses 

DEBUG: Adding 42 new clauses to MiniSAT (incremental run)
DEBUG: Clause load summary: input=42, added=42, tautologies_skipped=0, duplicates_skipped=0, unit_clauses=9, empties=0, intra_clause_literals_removed=0, added_but_db_unchanged=8
DEBUG: After adding clauses, solver has 25 clauses and 21 variables
DEBUG: MiniSAT found 21 variables
DEBUG: Assignment size: 21
DEBUG: First few assignment values: 1 1 1 1 1 1 1 1 1 0 

=== DEBUG: cnf_assignment_to_paths ===
Input assignment size: 21

=== END DEBUG ===
[SAT] Found 0 vertex collisions and 0 edge collisions
[SAT] Found collision-free local solution!
[Waiting_time_Solve] Solution found, updating global solution
[LNS] Updating global solution with pseudo-agent local paths...
[Current_Solution] Updating global solution for agent 28
[Current_Solution] Global solution is consistent after updating with local path
[LNS] Successfully updated global solution with pseudo-agent local paths!
[Current_Solution] Updating global solution for agent 25
[Current_Solution] Global solution is consistent after updating with local path
[LNS] Successfully updated global solution with pseudo-agent local paths!
[Current_Solution] Updating global solution for agent 6
[Current_Solution] INFO: Segment 6 exit adjusted from 5 to 6 due to waiting time
[Current_Solution] Segment 6 lengthened by 1 timesteps; shifting suffix
[Current_Solution] Global solution is consistent before shifting suffix
[Current_Solution] Global solution is consistent after shifting suffix
[Current_Solution] Global solution is consistent after updating with local path
[LNS] Successfully updated global solution with pseudo-agent local paths!
[LNS] Updating path map with new local paths...
[LNS] Successfully updated global solution with local paths and pseudo agents!
[Solve_local_zone] Successfully solved local zone
[Solve_local_zone] Final local zone size: 15 (2.19941% of all walkable positions)
[LNS] Successfully solved local zone
[LNS] Analyzing conflicts...
[LNS] Current solution: vertex collisions=119, edge collisions=37
[LNS] Creating conflict buckets...
[LOCAL ZONE] Building diamond bucket for conflict 0
[LOCAL ZONE] Built diamond bucket for conflict 0 with 8 positions, 2 conflicts, 3 - 4 time window
[LOCAL ZONE] Building diamond bucket for conflict 119
[LOCAL ZONE] Built diamond bucket for conflict 119 with 8 positions, 1 conflicts, 3 - 3 time window
[LNS] Selected most relevant bucket 0 with time window: 3 - 4, 2 conflicts and 8 positions.
[LNS] Solving the best bucket Local Zone...
[Solve_local_zone] Current local zone size: 8 (1.17302% of all walkable positions)
[Solve_local_zone] Local zone time window: [2, 5]
[Current_Solution] Agent 49 used 2 waiting timesteps, 49 remaining
[Waiting_time_Solve] Agent 0 has waiting time 10
[Waiting_time_Solve] Agent 1 has waiting time 15
[Waiting_time_Solve] Agent 2 has waiting time 37
[Waiting_time_Solve] Agent 3 has waiting time 30
[Waiting_time_Solve] Agent 4 has waiting time 13
[Waiting_time_Solve] Agent 5 has waiting time 8
[Waiting_time_Solve] Agent 6 has waiting time 45
[Waiting_time_Solve] Agent 7 has waiting time 45
[Waiting_time_Solve] Agent 8 has waiting time 29
[Waiting_time_Solve] Agent 9 has waiting time 48
[Waiting_time_Solve] Agent 10 has waiting time 52
[Waiting_time_Solve] Agent 11 has waiting time 4
[Waiting_time_Solve] Agent 12 has waiting time 39
[Waiting_time_Solve] Agent 13 has waiting time 37
[Waiting_time_Solve] Agent 14 has waiting time 11
[Waiting_time_Solve] Agent 15 has waiting time 18
[Waiting_time_Solve] Agent 16 has waiting time 46
[Waiting_time_Solve] Agent 17 has waiting time 9
[Waiting_time_Solve] Agent 18 has waiting time 52
[Waiting_time_Solve] Agent 19 has waiting time 36
[Waiting_time_Solve] Agent 20 has waiting time 47
[Waiting_time_Solve] Agent 21 has waiting time 48
[Waiting_time_Solve] Agent 22 has waiting time 6
[Waiting_time_Solve] Agent 23 has waiting time 26
[Waiting_time_Solve] Agent 24 has waiting time 28
[Waiting_time_Solve] Agent 25 has waiting time 37
[Waiting_time_Solve] Agent 26 has waiting time 3
[Waiting_time_Solve] Agent 27 has waiting time 9
[Waiting_time_Solve] Agent 28 has waiting time 33
[Waiting_time_Solve] Agent 29 has waiting time 41
[Waiting_time_Solve] Agent 30 has waiting time 49
[Waiting_time_Solve] Agent 31 has waiting time 39
[Waiting_time_Solve] Agent 32 has waiting time 12
[Waiting_time_Solve] Agent 33 has waiting time 14
[Waiting_time_Solve] Agent 34 has waiting time 7
[Waiting_time_Solve] Agent 35 has waiting time 13
[Waiting_time_Solve] Agent 36 has waiting time 36
[Waiting_time_Solve] Agent 37 has waiting time 16
[Waiting_time_Solve] Agent 38 has waiting time 24
[Waiting_time_Solve] Agent 39 has waiting time 24
[Waiting_time_Solve] Agent 40 has waiting time 39
[Waiting_time_Solve] Agent 41 has waiting time 5
[Waiting_time_Solve] Agent 42 has waiting time 21
[Waiting_time_Solve] Agent 43 has waiting time 33
[Waiting_time_Solve] Agent 44 has waiting time 32
[Waiting_time_Solve] Agent 45 has waiting time 37
[Waiting_time_Solve] Agent 46 has waiting time 0
[Waiting_time_Solve] Agent 47 has waiting time 20
[Waiting_time_Solve] Agent 48 has waiting time 1
[Waiting_time_Solve] Agent 49 has waiting time 49
[Waiting_time_Solve] Total available waiting time: 1333
[Waiting_time_Solve] Max iterations: 1333
[Waiting_time_Solve] Iteration 0...
[SAT] Start solving CNF: 44 clauses and 20 variables
[SAT] Agent 49 entry time: 2 exit time: 5
[SAT] Agent 43 entry time: 2 exit time: 5
[SAT] Agent 33 entry time: 2 exit time: 5

[SAT] Start time: 2 End time: 5

[SAT] Solving local zone with SAT iteration 1...
[SAT] Local CNF: 44 clauses 

DEBUG: Adding 44 new clauses to MiniSAT (incremental run)
DEBUG: Clause load summary: input=44, added=44, tautologies_skipped=0, duplicates_skipped=0, unit_clauses=8, empties=0, intra_clause_literals_removed=0, added_but_db_unchanged=10
DEBUG: After adding clauses, solver has 26 clauses and 20 variables
DEBUG: MiniSAT found 20 variables
DEBUG: Assignment size: 20
DEBUG: First few assignment values: 1 0 1 0 0 1 0 0 0 1 

=== DEBUG: cnf_assignment_to_paths ===
Input assignment size: 20

=== END DEBUG ===
[SAT] Found 1 vertex collisions and 0 edge collisions
[SAT] Adding collision clauses and solving again...
[SAT] Solving local zone with SAT iteration 2...
[SAT] Local CNF: 45 clauses 

DEBUG: Adding 1 new clauses to MiniSAT (incremental run)
DEBUG: Clause load summary: input=1, added=1, tautologies_skipped=0, duplicates_skipped=0, unit_clauses=0, empties=0, intra_clause_literals_removed=0, added_but_db_unchanged=1
DEBUG: After adding clauses, solver has 26 clauses and 20 variables
DEBUG: MiniSAT found 20 variables
DEBUG: Assignment size: 20
DEBUG: First few assignment values: 1 0 1 0 0 1 0 0 0 1 

=== DEBUG: cnf_assignment_to_paths ===
Input assignment size: 20

=== END DEBUG ===
[SAT] Found 1 vertex collisions and 1 edge collisions
[SAT] Adding collision clauses and solving again...
[SAT] Solving local zone with SAT iteration 3...
[SAT] Local CNF: 47 clauses 

DEBUG: Adding 2 new clauses to MiniSAT (incremental run)
[SAT] Previous assignment invalidated by new clauses, reset solver and retrying without assumptions...
DEBUG: Adding 47 new clauses to MiniSAT (incremental run)
[SAT] Local problem appears to be unsatisfiable in current zone
[Waiting_time_Solve] No solution found, trying to apply waiting time:1
[Waiting_time_Solve] Applying waiting time 1 to agent 43 who has waiting time 33
[Waiting_time_Solve] New path is consistent after applying waiting time for agent 43
[Current_Solution] Agent 43 used 1 waiting timesteps, 32 remaining
[Waiting_time_Solve] Applied 1 waiting time  for agent 43 who has waiting time 32
[Waiting_time_Solve] Applying waiting time 1 to agent 49 who has waiting time 49
[Current_Solution] Agent 49 used 1 waiting timesteps, 48 remaining
[Waiting_time_Solve] New path is consistent after applying waiting time for agent 49
[Current_Solution] Agent 49 used 1 waiting timesteps, 47 remaining
[Waiting_time_Solve] Applied 1 waiting time  for agent 49 who has waiting time 47
[Waiting_time_Solve] ALL Waiting time applied
[Waiting_time_Solve] Extended Zone end time from 5 to 6
[Waiting_time_Solve] Iteration 1...
[SAT] Start solving CNF: 74 clauses and 30 variables
[SAT] Agent 49 entry time: 2 exit time: 6
[SAT] Agent 43 entry time: 2 exit time: 6
[SAT] Agent 33 entry time: 2 exit time: 5

[SAT] Start time: 2 End time: 6

[SAT] Solving local zone with SAT iteration 1...
[SAT] Local CNF: 77 clauses 

DEBUG: Adding 77 new clauses to MiniSAT (incremental run)
DEBUG: Clause load summary: input=77, added=77, tautologies_skipped=0, duplicates_skipped=0, unit_clauses=6, empties=0, intra_clause_literals_removed=0, added_but_db_unchanged=9
DEBUG: After adding clauses, solver has 62 clauses and 30 variables
DEBUG: MiniSAT found 30 variables
DEBUG: Assignment size: 30
DEBUG: First few assignment values: 1 0 1 0 0 1 0 0 0 0 

=== DEBUG: cnf_assignment_to_paths ===
Input assignment size: 30

=== END DEBUG ===
[SAT] Found 1 vertex collisions and 0 edge collisions
[SAT] Adding collision clauses and solving again...
[SAT] Solving local zone with SAT iteration 2...
[SAT] Local CNF: 78 clauses 

DEBUG: Adding 1 new clauses to MiniSAT (incremental run)
DEBUG: Clause load summary: input=1, added=1, tautologies_skipped=0, duplicates_skipped=0, unit_clauses=0, empties=0, intra_clause_literals_removed=0, added_but_db_unchanged=0
DEBUG: After adding clauses, solver has 63 clauses and 30 variables
DEBUG: MiniSAT found 30 variables
DEBUG: Assignment size: 30
DEBUG: First few assignment values: 1 0 1 0 0 1 0 0 0 0 

=== DEBUG: cnf_assignment_to_paths ===
Input assignment size: 30

=== END DEBUG ===
[SAT] Found 0 vertex collisions and 0 edge collisions
[SAT] Found collision-free local solution!
[Waiting_time_Solve] Solution found, updating global solution
[LNS] Updating global solution with pseudo-agent local paths...
[Current_Solution] Updating global solution for agent 49
[Current_Solution] INFO: Segment 49 exit adjusted from 5 to 6 due to waiting time
[Current_Solution] Segment 49 lengthened by 1 timesteps; shifting suffix
[Current_Solution] Global solution is consistent before shifting suffix
[Current_Solution] Global solution is consistent after shifting suffix
[Current_Solution] Global solution is consistent after updating with local path
[LNS] Successfully updated global solution with pseudo-agent local paths!
[Current_Solution] Updating global solution for agent 43
[Current_Solution] INFO: Segment 43 exit adjusted from 5 to 6 due to waiting time
[Current_Solution] Segment 43 lengthened by 1 timesteps; shifting suffix
[Current_Solution] Global solution is consistent before shifting suffix
[Current_Solution] Global solution is consistent after shifting suffix
[Current_Solution] Global solution is consistent after updating with local path
[LNS] Successfully updated global solution with pseudo-agent local paths!
[Current_Solution] Updating global solution for agent 33
[Current_Solution] Global solution is consistent after updating with local path
[LNS] Successfully updated global solution with pseudo-agent local paths!
[LNS] Updating path map with new local paths...
[LNS] Successfully updated global solution with local paths and pseudo agents!
[Solve_local_zone] Successfully solved local zone
[Solve_local_zone] Final local zone size: 8 (1.17302% of all walkable positions)
[LNS] Successfully solved local zone
[LNS] Analyzing conflicts...
[LNS] Current solution: vertex collisions=101, edge collisions=35
[LNS] Creating conflict buckets...
[LOCAL ZONE] Building diamond bucket for conflict 101
[LOCAL ZONE] Built diamond bucket for conflict 101 with 8 positions, 1 conflicts, 3 - 3 time window
[LNS] Selected most relevant bucket 101 with time window: 3 - 3, 1 conflicts and 8 positions.
[LNS] Solving the best bucket Local Zone...
[Solve_local_zone] Current local zone size: 8 (1.17302% of all walkable positions)
[Solve_local_zone] Local zone time window: [2, 4]
[Current_Solution] Agent 18 used 2 waiting timesteps, 50 remaining
[Waiting_time_Solve] Agent 0 has waiting time 10
[Waiting_time_Solve] Agent 1 has waiting time 15
[Waiting_time_Solve] Agent 2 has waiting time 37
[Waiting_time_Solve] Agent 3 has waiting time 30
[Waiting_time_Solve] Agent 4 has waiting time 13
[Waiting_time_Solve] Agent 5 has waiting time 8
[Waiting_time_Solve] Agent 6 has waiting time 45
[Waiting_time_Solve] Agent 7 has waiting time 45
[Waiting_time_Solve] Agent 8 has waiting time 29
[Waiting_time_Solve] Agent 9 has waiting time 48
[Waiting_time_Solve] Agent 10 has waiting time 52
[Waiting_time_Solve] Agent 11 has waiting time 4
[Waiting_time_Solve] Agent 12 has waiting time 39
[Waiting_time_Solve] Agent 13 has waiting time 37
[Waiting_time_Solve] Agent 14 has waiting time 11
[Waiting_time_Solve] Agent 15 has waiting time 18
[Waiting_time_Solve] Agent 16 has waiting time 46
[Waiting_time_Solve] Agent 17 has waiting time 9
[Waiting_time_Solve] Agent 18 has waiting time 50
[Waiting_time_Solve] Agent 19 has waiting time 36
[Waiting_time_Solve] Agent 20 has waiting time 47
[Waiting_time_Solve] Agent 21 has waiting time 48
[Waiting_time_Solve] Agent 22 has waiting time 6
[Waiting_time_Solve] Agent 23 has waiting time 26
[Waiting_time_Solve] Agent 24 has waiting time 28
[Waiting_time_Solve] Agent 25 has waiting time 37
[Waiting_time_Solve] Agent 26 has waiting time 3
[Waiting_time_Solve] Agent 27 has waiting time 9
[Waiting_time_Solve] Agent 28 has waiting time 33
[Waiting_time_Solve] Agent 29 has waiting time 41
[Waiting_time_Solve] Agent 30 has waiting time 49
[Waiting_time_Solve] Agent 31 has waiting time 39
[Waiting_time_Solve] Agent 32 has waiting time 12
[Waiting_time_Solve] Agent 33 has waiting time 14
[Waiting_time_Solve] Agent 34 has waiting time 7
[Waiting_time_Solve] Agent 35 has waiting time 13
[Waiting_time_Solve] Agent 36 has waiting time 36
[Waiting_time_Solve] Agent 37 has waiting time 16
[Waiting_time_Solve] Agent 38 has waiting time 24
[Waiting_time_Solve] Agent 39 has waiting time 24
[Waiting_time_Solve] Agent 40 has waiting time 39
[Waiting_time_Solve] Agent 41 has waiting time 5
[Waiting_time_Solve] Agent 42 has waiting time 21
[Waiting_time_Solve] Agent 43 has waiting time 32
[Waiting_time_Solve] Agent 44 has waiting time 32
[Waiting_time_Solve] Agent 45 has waiting time 37
[Waiting_time_Solve] Agent 46 has waiting time 0
[Waiting_time_Solve] Agent 47 has waiting time 20
[Waiting_time_Solve] Agent 48 has waiting time 1
[Waiting_time_Solve] Agent 49 has waiting time 47
[Waiting_time_Solve] Total available waiting time: 1328
[Waiting_time_Solve] Max iterations: 1328
[Waiting_time_Solve] Iteration 0...
[SAT] Start solving CNF: 23 clauses and 13 variables
[SAT] Agent 41 entry time: 2 exit time: 3
[SAT] Agent 24 entry time: 2 exit time: 4
[SAT] Agent 21 entry time: 2 exit time: 4
[SAT] Agent 18 entry time: 2 exit time: 4

[SAT] Start time: 2 End time: 4

[SAT] Solving local zone with SAT iteration 1...
[SAT] Local CNF: 23 clauses 

DEBUG: Adding 23 new clauses to MiniSAT (incremental run)
DEBUG: Clause load summary: input=23, added=23, tautologies_skipped=0, duplicates_skipped=0, unit_clauses=10, empties=0, intra_clause_literals_removed=0, added_but_db_unchanged=8
DEBUG: After adding clauses, solver has 5 clauses and 13 variables
DEBUG: MiniSAT found 13 variables
DEBUG: Assignment size: 13
DEBUG: First few assignment values: 1 1 1 1 1 1 1 1 1 0 

=== DEBUG: cnf_assignment_to_paths ===
Input assignment size: 13

=== END DEBUG ===
[SAT] Found 1 vertex collisions and 1 edge collisions
[SAT] Adding collision clauses and solving again...
[SAT] Solving local zone with SAT iteration 2...
[SAT] Local CNF: 25 clauses 

DEBUG: Adding 2 new clauses to MiniSAT (incremental run)
[SAT] Previous assignment invalidated by new clauses, reset solver and retrying without assumptions...
DEBUG: Adding 25 new clauses to MiniSAT (incremental run)
[SAT] Local problem appears to be unsatisfiable in current zone
[Waiting_time_Solve] No solution found, trying to apply waiting time:1
[Waiting_time_Solve] Applying waiting time 1 to agent 18 who has waiting time 50
[Current_Solution] Agent 18 used 1 waiting timesteps, 49 remaining
[Waiting_time_Solve] New path is consistent after applying waiting time for agent 18
[Current_Solution] Agent 18 used 1 waiting timesteps, 48 remaining
[Waiting_time_Solve] Applied 1 waiting time  for agent 18 who has waiting time 48
[Waiting_time_Solve] Applying waiting time 1 to agent 21 who has waiting time 48
[Waiting_time_Solve] New path is consistent after applying waiting time for agent 21
[Current_Solution] Agent 21 used 1 waiting timesteps, 47 remaining
[Waiting_time_Solve] Applied 1 waiting time  for agent 21 who has waiting time 47
[Waiting_time_Solve] ALL Waiting time applied
[Waiting_time_Solve] Extended Zone end time from 4 to 5
[Waiting_time_Solve] Iteration 1...
[SAT] Start solving CNF: 38 clauses and 20 variables
[SAT] Agent 41 entry time: 2 exit time: 3
[SAT] Agent 24 entry time: 2 exit time: 5
[SAT] Agent 21 entry time: 2 exit time: 5
[SAT] Agent 18 entry time: 2 exit time: 5

[SAT] Start time: 2 End time: 5

[SAT] Solving local zone with SAT iteration 1...
[SAT] Local CNF: 40 clauses 

DEBUG: Adding 40 new clauses to MiniSAT (incremental run)
DEBUG: Clause load summary: input=40, added=40, tautologies_skipped=0, duplicates_skipped=0, unit_clauses=10, empties=0, intra_clause_literals_removed=0, added_but_db_unchanged=9
DEBUG: After adding clauses, solver has 21 clauses and 20 variables
DEBUG: MiniSAT found 20 variables
DEBUG: Assignment size: 20
DEBUG: First few assignment values: 1 1 1 1 1 1 1 0 1 0 

=== DEBUG: cnf_assignment_to_paths ===
Input assignment size: 20

=== END DEBUG ===
[SAT] Found 1 vertex collisions and 0 edge collisions
[SAT] Adding collision clauses and solving again...
[SAT] Solving local zone with SAT iteration 2...
[SAT] Local CNF: 41 clauses 

DEBUG: Adding 1 new clauses to MiniSAT (incremental run)
[SAT] Previous assignment invalidated by new clauses, reset solver and retrying without assumptions...
DEBUG: Adding 41 new clauses to MiniSAT (incremental run)
[SAT] Local problem appears to be unsatisfiable in current zone
[Waiting_time_Solve] No solution found, trying to apply waiting time:2
[Waiting_time_Solve] Applying waiting time 2 to agent 21 who has waiting time 47
[Waiting_time_Solve] New path is consistent after applying waiting time for agent 21
[Current_Solution] Agent 21 used 2 waiting timesteps, 45 remaining
[Waiting_time_Solve] Applied 2 waiting time  for agent 21 who has waiting time 45
[Waiting_time_Solve] ALL Waiting time applied
[Waiting_time_Solve] Extended Zone end time from 5 to 7
[Current_Solution] Agent 18 used 1 waiting timesteps, 47 remaining
[Waiting_time_Solve] Iteration 2...
[SAT] Start solving CNF: 147 clauses and 48 variables
[SAT] Agent 41 entry time: 2 exit time: 3
[SAT] Agent 24 entry time: 2 exit time: 5
[SAT] Agent 21 entry time: 2 exit time: 7
[SAT] Agent 18 entry time: 2 exit time: 7

[SAT] Start time: 2 End time: 7

[SAT] Solving local zone with SAT iteration 1...
[SAT] Local CNF: 150 clauses 

DEBUG: Adding 150 new clauses to MiniSAT (incremental run)
DEBUG: Clause load summary: input=150, added=150, tautologies_skipped=0, duplicates_skipped=0, unit_clauses=10, empties=0, intra_clause_literals_removed=0, added_but_db_unchanged=13
DEBUG: After adding clauses, solver has 127 clauses and 48 variables
DEBUG: MiniSAT found 48 variables
DEBUG: Assignment size: 48
DEBUG: First few assignment values: 1 1 1 1 1 1 1 0 1 0 

=== DEBUG: cnf_assignment_to_paths ===
Input assignment size: 48

=== END DEBUG ===
[SAT] Found 0 vertex collisions and 1 edge collisions
[SAT] Adding collision clauses and solving again...
[SAT] Solving local zone with SAT iteration 2...
[SAT] Local CNF: 151 clauses 

DEBUG: Adding 1 new clauses to MiniSAT (incremental run)
DEBUG: Clause load summary: input=1, added=1, tautologies_skipped=0, duplicates_skipped=0, unit_clauses=0, empties=0, intra_clause_literals_removed=0, added_but_db_unchanged=0
DEBUG: After adding clauses, solver has 123 clauses and 48 variables
DEBUG: MiniSAT found 48 variables
DEBUG: Assignment size: 48
DEBUG: First few assignment values: 1 1 1 1 1 1 1 0 1 0 

=== DEBUG: cnf_assignment_to_paths ===
Input assignment size: 48

=== END DEBUG ===
[SAT] Found 1 vertex collisions and 0 edge collisions
[SAT] Adding collision clauses and solving again...
[SAT] Solving local zone with SAT iteration 3...
[SAT] Local CNF: 152 clauses 

DEBUG: Adding 1 new clauses to MiniSAT (incremental run)
DEBUG: Clause load summary: input=1, added=1, tautologies_skipped=0, duplicates_skipped=0, unit_clauses=0, empties=0, intra_clause_literals_removed=0, added_but_db_unchanged=1
DEBUG: After adding clauses, solver has 123 clauses and 48 variables
DEBUG: MiniSAT found 48 variables
DEBUG: Assignment size: 48
DEBUG: First few assignment values: 1 1 1 1 1 1 1 1 0 0 

=== DEBUG: cnf_assignment_to_paths ===
Input assignment size: 48

=== END DEBUG ===
[SAT] Found 0 vertex collisions and 0 edge collisions
[SAT] Found collision-free local solution!
[Waiting_time_Solve] Solution found, updating global solution
[LNS] Updating global solution with pseudo-agent local paths...
[Current_Solution] Updating global solution for agent 41
[Current_Solution] Global solution is consistent after updating with local path
[LNS] Successfully updated global solution with pseudo-agent local paths!
[Current_Solution] Updating global solution for agent 24
[Current_Solution] INFO: Segment 24 exit adjusted from 4 to 5 due to waiting time
[Current_Solution] Segment 24 lengthened by 1 timesteps; shifting suffix
[Current_Solution] Global solution is consistent before shifting suffix
[Current_Solution] Global solution is consistent after shifting suffix
[Current_Solution] Global solution is consistent after updating with local path
[LNS] Successfully updated global solution with pseudo-agent local paths!
[Current_Solution] Updating global solution for agent 21
[Current_Solution] INFO: Segment 21 exit adjusted from 4 to 7 due to waiting time
[Current_Solution] Segment 21 lengthened by 3 timesteps; shifting suffix
[Current_Solution] Global solution is consistent before shifting suffix
[Current_Solution] Global solution is consistent after shifting suffix
[Current_Solution] Global solution is consistent after updating with local path
[LNS] Successfully updated global solution with pseudo-agent local paths!
[Current_Solution] Updating global solution for agent 18
[Current_Solution] INFO: Segment 18 exit adjusted from 4 to 7 due to waiting time
[Current_Solution] Segment 18 lengthened by 3 timesteps; shifting suffix
[Current_Solution] Global solution is consistent before shifting suffix
[Current_Solution] Global solution is consistent after shifting suffix
[Current_Solution] Global solution is consistent after updating with local path
[LNS] Successfully updated global solution with pseudo-agent local paths!
[LNS] Updating path map with new local paths...
[LNS] Successfully updated global solution with local paths and pseudo agents!
[Solve_local_zone] Successfully solved local zone
[Solve_local_zone] Final local zone size: 8 (1.17302% of all walkable positions)
[LNS] Successfully solved local zone
[LNS] Analyzing conflicts...
[LNS] Current solution: vertex collisions=101, edge collisions=34
[LNS] Creating conflict buckets...
[LOCAL ZONE] Building diamond bucket for conflict 101
[LOCAL ZONE] Built diamond bucket for conflict 101 with 8 positions, 2 conflicts, 6 - 7 time window
[LOCAL ZONE] Building diamond bucket for conflict 102
[LOCAL ZONE] Built diamond bucket for conflict 102 with 7 positions, 1 conflicts, 6 - 6 time window
[LNS] Selected most relevant bucket 101 with time window: 6 - 7, 2 conflicts and 8 positions.
[LNS] Solving the best bucket Local Zone...
[Solve_local_zone] Current local zone size: 8 (1.17302% of all walkable positions)
[Solve_local_zone] Local zone time window: [5, 8]
[Waiting_time_Solve] Agent 0 has waiting time 10
[Waiting_time_Solve] Agent 1 has waiting time 15
[Waiting_time_Solve] Agent 2 has waiting time 37
[Waiting_time_Solve] Agent 3 has waiting time 30
[Waiting_time_Solve] Agent 4 has waiting time 13
[Waiting_time_Solve] Agent 5 has waiting time 8
[Waiting_time_Solve] Agent 6 has waiting time 45
[Waiting_time_Solve] Agent 7 has waiting time 45
[Waiting_time_Solve] Agent 8 has waiting time 29
[Waiting_time_Solve] Agent 9 has waiting time 48
[Waiting_time_Solve] Agent 10 has waiting time 52
[Waiting_time_Solve] Agent 11 has waiting time 4
[Waiting_time_Solve] Agent 12 has waiting time 39
[Waiting_time_Solve] Agent 13 has waiting time 37
[Waiting_time_Solve] Agent 14 has waiting time 11
[Waiting_time_Solve] Agent 15 has waiting time 18
[Waiting_time_Solve] Agent 16 has waiting time 46
[Waiting_time_Solve] Agent 17 has waiting time 9
[Waiting_time_Solve] Agent 18 has waiting time 47
[Waiting_time_Solve] Agent 19 has waiting time 36
[Waiting_time_Solve] Agent 20 has waiting time 47
[Waiting_time_Solve] Agent 21 has waiting time 45
[Waiting_time_Solve] Agent 22 has waiting time 6
[Waiting_time_Solve] Agent 23 has waiting time 26
[Waiting_time_Solve] Agent 24 has waiting time 28
[Waiting_time_Solve] Agent 25 has waiting time 37
[Waiting_time_Solve] Agent 26 has waiting time 3
[Waiting_time_Solve] Agent 27 has waiting time 9
[Waiting_time_Solve] Agent 28 has waiting time 33
[Waiting_time_Solve] Agent 29 has waiting time 41
[Waiting_time_Solve] Agent 30 has waiting time 49
[Waiting_time_Solve] Agent 31 has waiting time 39
[Waiting_time_Solve] Agent 32 has waiting time 12
[Waiting_time_Solve] Agent 33 has waiting time 14
[Waiting_time_Solve] Agent 34 has waiting time 7
[Waiting_time_Solve] Agent 35 has waiting time 13
[Waiting_time_Solve] Agent 36 has waiting time 36
[Waiting_time_Solve] Agent 37 has waiting time 16
[Waiting_time_Solve] Agent 38 has waiting time 24
[Waiting_time_Solve] Agent 39 has waiting time 24
[Waiting_time_Solve] Agent 40 has waiting time 39
[Waiting_time_Solve] Agent 41 has waiting time 5
[Waiting_time_Solve] Agent 42 has waiting time 21
[Waiting_time_Solve] Agent 43 has waiting time 32
[Waiting_time_Solve] Agent 44 has waiting time 32
[Waiting_time_Solve] Agent 45 has waiting time 37
[Waiting_time_Solve] Agent 46 has waiting time 0
[Waiting_time_Solve] Agent 47 has waiting time 20
[Waiting_time_Solve] Agent 48 has waiting time 1
[Waiting_time_Solve] Agent 49 has waiting time 47
[Waiting_time_Solve] Total available waiting time: 1322
[Waiting_time_Solve] Max iterations: 1322
[Waiting_time_Solve] Iteration 0...
[SAT] Start solving CNF: 22 clauses and 13 variables
[SAT] Agent 42 entry time: 7 exit time: 8
[SAT] Agent 40 entry time: 5 exit time: 8
[SAT] Agent 32 entry time: 6 exit time: 8
[SAT] Agent 7 entry time: 5 exit time: 8

[SAT] Start time: 5 End time: 8

[SAT] Solving local zone with SAT iteration 1...
[SAT] Local CNF: 22 clauses 

DEBUG: Adding 22 new clauses to MiniSAT (incremental run)
DEBUG: Clause load summary: input=22, added=22, tautologies_skipped=0, duplicates_skipped=0, unit_clauses=13, empties=0, intra_clause_literals_removed=0, added_but_db_unchanged=9
DEBUG: After adding clauses, solver has 0 clauses and 13 variables
DEBUG: MiniSAT found 13 variables
DEBUG: Assignment size: 13
DEBUG: First few assignment values: 1 1 1 1 1 1 1 1 1 1 

=== DEBUG: cnf_assignment_to_paths ===
Input assignment size: 13

=== END DEBUG ===
[SAT] Found 0 vertex collisions and 2 edge collisions
[SAT] Adding collision clauses and solving again...
[SAT] Solving local zone with SAT iteration 2...
[SAT] Local CNF: 24 clauses 

DEBUG: Adding 2 new clauses to MiniSAT (incremental run)
[SAT] Local problem appears to be unsatisfiable in current zone
[Waiting_time_Solve] No solution found, trying to apply waiting time:1
[Waiting_time_Solve] Applying waiting time 1 to agent 7 who has waiting time 45
[Waiting_time_Solve] New path is consistent after applying waiting time for agent 7
[Current_Solution] Agent 7 used 1 waiting timesteps, 44 remaining
[Waiting_time_Solve] Applied 1 waiting time  for agent 7 who has waiting time 44
[Waiting_time_Solve] ALL Waiting time applied
[Waiting_time_Solve] Extended Zone end time from 8 to 9
[Create_Local_Problem] Agent 35 is new in the zone
[Waiting_time_Solve] Iteration 1...
[SAT] Start solving CNF: 35 clauses and 20 variables
[SAT] Agent 35 entry time: 9 exit time: 9
[SAT] Agent 42 entry time: 7 exit time: 9
[SAT] Agent 40 entry time: 5 exit time: 8
[SAT] Agent 32 entry time: 6 exit time: 9
[SAT] Agent 7 entry time: 5 exit time: 9

[SAT] Start time: 5 End time: 9

[SAT] Solving local zone with SAT iteration 1...
[SAT] Local CNF: 37 clauses 

DEBUG: Adding 37 new clauses to MiniSAT (incremental run)
DEBUG: Clause load summary: input=37, added=37, tautologies_skipped=0, duplicates_skipped=0, unit_clauses=14, empties=0, intra_clause_literals_removed=0, added_but_db_unchanged=10
DEBUG: After adding clauses, solver has 13 clauses and 20 variables
DEBUG: MiniSAT found 20 variables
DEBUG: Assignment size: 20
DEBUG: First few assignment values: 1 1 1 1 1 1 1 1 1 1 

=== DEBUG: cnf_assignment_to_paths ===
Input assignment size: 20

=== END DEBUG ===
[SAT] Found 2 vertex collisions and 0 edge collisions
[SAT] Adding collision clauses and solving again...
[SAT] Solving local zone with SAT iteration 2...
[SAT] Local CNF: 39 clauses 

DEBUG: Adding 2 new clauses to MiniSAT (incremental run)
[SAT] Local problem appears to be unsatisfiable in current zone
[Waiting_time_Solve] No solution found, trying to apply waiting time:2
[Waiting_time_Solve] Applying waiting time 2 to agent 7 who has waiting time 44
[Waiting_time_Solve] New path is consistent after applying waiting time for agent 7
[Current_Solution] Agent 7 used 2 waiting timesteps, 42 remaining
[Waiting_time_Solve] Applied 2 waiting time  for agent 7 who has waiting time 42
[Waiting_time_Solve] ALL Waiting time applied
[Waiting_time_Solve] Extended Zone end time from 9 to 11
[Waiting_time_Solve] Iteration 2...
[SAT] Start solving CNF: 98 clauses and 39 variables
[SAT] Agent 35 entry time: 9 exit time: 11
[SAT] Agent 42 entry time: 7 exit time: 9
[SAT] Agent 40 entry time: 5 exit time: 8
[SAT] Agent 32 entry time: 6 exit time: 10
[SAT] Agent 7 entry time: 5 exit time: 11

[SAT] Start time: 5 End time: 11

[SAT] Solving local zone with SAT iteration 1...
[SAT] Local CNF: 102 clauses 

DEBUG: Adding 102 new clauses to MiniSAT (incremental run)
DEBUG: Clause load summary: input=102, added=102, tautologies_skipped=0, duplicates_skipped=0, unit_clauses=17, empties=0, intra_clause_literals_removed=0, added_but_db_unchanged=17
DEBUG: After adding clauses, solver has 68 clauses and 39 variables
DEBUG: MiniSAT found 39 variables
DEBUG: Assignment size: 39
DEBUG: First few assignment values: 1 1 1 1 1 1 1 1 1 1 

=== DEBUG: cnf_assignment_to_paths ===
Input assignment size: 39

=== END DEBUG ===
[SAT] Found 2 vertex collisions and 1 edge collisions
[SAT] Adding collision clauses and solving again...
[SAT] Solving local zone with SAT iteration 2...
[SAT] Local CNF: 105 clauses 

DEBUG: Adding 3 new clauses to MiniSAT (incremental run)
DEBUG: Clause load summary: input=3, added=3, tautologies_skipped=0, duplicates_skipped=0, unit_clauses=0, empties=0, intra_clause_literals_removed=0, added_but_db_unchanged=3
DEBUG: After adding clauses, solver has 57 clauses and 39 variables
DEBUG: MiniSAT found 39 variables
DEBUG: Assignment size: 39
DEBUG: First few assignment values: 1 1 1 1 1 1 1 1 1 1 

=== DEBUG: cnf_assignment_to_paths ===
Input assignment size: 39

=== END DEBUG ===
[SAT] Found 1 vertex collisions and 0 edge collisions
[SAT] Adding collision clauses and solving again...
[SAT] Solving local zone with SAT iteration 3...
[SAT] Local CNF: 106 clauses 

DEBUG: Adding 1 new clauses to MiniSAT (incremental run)
[SAT] Local problem appears to be unsatisfiable in current zone
[Waiting_time_Solve] No solution found, trying to apply waiting time:3
[Waiting_time_Solve] Applying waiting time 3 to agent 7 who has waiting time 42
[Waiting_time_Solve] New path is consistent after applying waiting time for agent 7
[Current_Solution] Agent 7 used 3 waiting timesteps, 39 remaining
[Waiting_time_Solve] Applied 3 waiting time  for agent 7 who has waiting time 39
[Waiting_time_Solve] ALL Waiting time applied
[Waiting_time_Solve] Extended Zone end time from 11 to 14
[Waiting_time_Solve] Iteration 3...
[SAT] Start solving CNF: 209 clauses and 63 variables
[SAT] Agent 35 entry time: 9 exit time: 11
[SAT] Agent 42 entry time: 7 exit time: 9
[SAT] Agent 40 entry time: 5 exit time: 8
[SAT] Agent 32 entry time: 6 exit time: 10
[SAT] Agent 7 entry time: 5 exit time: 14

[SAT] Start time: 5 End time: 14

[SAT] Solving local zone with SAT iteration 1...
[SAT] Local CNF: 217 clauses 

DEBUG: Adding 217 new clauses to MiniSAT (incremental run)
DEBUG: Clause load summary: input=217, added=217, tautologies_skipped=0, duplicates_skipped=0, unit_clauses=17, empties=0, intra_clause_literals_removed=0, added_but_db_unchanged=22
DEBUG: After adding clauses, solver has 178 clauses and 63 variables
DEBUG: MiniSAT found 63 variables
DEBUG: Assignment size: 63
DEBUG: First few assignment values: 1 1 1 1 1 1 1 1 1 1 

=== DEBUG: cnf_assignment_to_paths ===
Input assignment size: 63

=== END DEBUG ===
[SAT] Found 3 vertex collisions and 0 edge collisions
[SAT] Adding collision clauses and solving again...
[SAT] Solving local zone with SAT iteration 2...
[SAT] Local CNF: 220 clauses 

DEBUG: Adding 3 new clauses to MiniSAT (incremental run)
DEBUG: Clause load summary: input=3, added=3, tautologies_skipped=0, duplicates_skipped=0, unit_clauses=0, empties=0, intra_clause_literals_removed=0, added_but_db_unchanged=3
DEBUG: After adding clauses, solver has 142 clauses and 63 variables
DEBUG: MiniSAT found 63 variables
DEBUG: Assignment size: 63
DEBUG: First few assignment values: 1 1 1 1 1 1 1 1 1 1 

=== DEBUG: cnf_assignment_to_paths ===
Input assignment size: 63

=== END DEBUG ===
[SAT] Found 2 vertex collisions and 1 edge collisions
[SAT] Adding collision clauses and solving again...
[SAT] Solving local zone with SAT iteration 3...
[SAT] Local CNF: 223 clauses 

DEBUG: Adding 3 new clauses to MiniSAT (incremental run)
[SAT] Previous assignment invalidated by new clauses, reset solver and retrying without assumptions...
DEBUG: Adding 223 new clauses to MiniSAT (incremental run)
[SAT] Local problem appears to be unsatisfiable in current zone
[Waiting_time_Solve] No solution found, trying to apply waiting time:4
[Waiting_time_Solve] Applying waiting time 4 to agent 7 who has waiting time 39
[Waiting_time_Solve] New path is consistent after applying waiting time for agent 7
[Current_Solution] Agent 7 used 4 waiting timesteps, 35 remaining
[Waiting_time_Solve] Applied 4 waiting time  for agent 7 who has waiting time 35
[Waiting_time_Solve] ALL Waiting time applied
[Waiting_time_Solve] Extended Zone end time from 14 to 18
[Create_Local_Problem] Agent 22 is new in the zone
[Waiting_time_Solve] Iteration 4...
[SAT] Start solving CNF: 362 clauses and 98 variables
[SAT] Agent 22 entry time: 16 exit time: 18
[SAT] Agent 35 entry time: 9 exit time: 11
[SAT] Agent 42 entry time: 7 exit time: 9
[SAT] Agent 40 entry time: 5 exit time: 8
[SAT] Agent 32 entry time: 6 exit time: 10
[SAT] Agent 7 entry time: 5 exit time: 18

[SAT] Start time: 5 End time: 18

[SAT] Solving local zone with SAT iteration 1...
[SAT] Local CNF: 376 clauses 

DEBUG: Adding 376 new clauses to MiniSAT (incremental run)
[SAT] Local problem appears to be unsatisfiable in current zone
[Waiting_time_Solve] No solution found, trying to apply waiting time:5
[Waiting_time_Solve] No waiting time applied
[Waiting_time_Solve] No solution found
[Waiting_time_Solve] Restoring original paths
[Waiting_time_Solve] Restoring waiting times
[Current_Solution] Restored waiting times from backup
[Current_Solution] Restored paths from backup
[Solve_local_zone] Zone with expansion factor 0failed
[Solve_local_zone] Expanding zone with offset 3 (original: 1)
[Solve_local_zone] Final expanded zone contains 23 positions with 2 conflicts 
[Solve_local_zone] New time window: [3, 10]
[Solve_local_zone] Current local zone size: 23 (3.37243% of all walkable positions)
[Solve_local_zone] Local zone time window: [3, 10]
[Current_Solution] Agent 7 used 1 waiting timesteps, 44 remaining
[Waiting_time_Solve] Agent 0 has waiting time 10
[Waiting_time_Solve] Agent 1 has waiting time 15
[Waiting_time_Solve] Agent 2 has waiting time 37
[Waiting_time_Solve] Agent 3 has waiting time 30
[Waiting_time_Solve] Agent 4 has waiting time 13
[Waiting_time_Solve] Agent 5 has waiting time 8
[Waiting_time_Solve] Agent 6 has waiting time 45
[Waiting_time_Solve] Agent 7 has waiting time 44
[Waiting_time_Solve] Agent 8 has waiting time 29
[Waiting_time_Solve] Agent 9 has waiting time 48
[Waiting_time_Solve] Agent 10 has waiting time 52
[Waiting_time_Solve] Agent 11 has waiting time 4
[Waiting_time_Solve] Agent 12 has waiting time 39
[Waiting_time_Solve] Agent 13 has waiting time 37
[Waiting_time_Solve] Agent 14 has waiting time 11
[Waiting_time_Solve] Agent 15 has waiting time 18
[Waiting_time_Solve] Agent 16 has waiting time 46
[Waiting_time_Solve] Agent 17 has waiting time 9
[Waiting_time_Solve] Agent 18 has waiting time 47
[Waiting_time_Solve] Agent 19 has waiting time 36
[Waiting_time_Solve] Agent 20 has waiting time 47
[Waiting_time_Solve] Agent 21 has waiting time 45
[Waiting_time_Solve] Agent 22 has waiting time 6
[Waiting_time_Solve] Agent 23 has waiting time 26
[Waiting_time_Solve] Agent 24 has waiting time 28
[Waiting_time_Solve] Agent 25 has waiting time 37
[Waiting_time_Solve] Agent 26 has waiting time 3
[Waiting_time_Solve] Agent 27 has waiting time 9
[Waiting_time_Solve] Agent 28 has waiting time 33
[Waiting_time_Solve] Agent 29 has waiting time 41
[Waiting_time_Solve] Agent 30 has waiting time 49
[Waiting_time_Solve] Agent 31 has waiting time 39
[Waiting_time_Solve] Agent 32 has waiting time 12
[Waiting_time_Solve] Agent 33 has waiting time 14
[Waiting_time_Solve] Agent 34 has waiting time 7
[Waiting_time_Solve] Agent 35 has waiting time 13
[Waiting_time_Solve] Agent 36 has waiting time 36
[Waiting_time_Solve] Agent 37 has waiting time 16
[Waiting_time_Solve] Agent 38 has waiting time 24
[Waiting_time_Solve] Agent 39 has waiting time 24
[Waiting_time_Solve] Agent 40 has waiting time 39
[Waiting_time_Solve] Agent 41 has waiting time 5
[Waiting_time_Solve] Agent 42 has waiting time 21
[Waiting_time_Solve] Agent 43 has waiting time 32
[Waiting_time_Solve] Agent 44 has waiting time 32
[Waiting_time_Solve] Agent 45 has waiting time 37
[Waiting_time_Solve] Agent 46 has waiting time 0
[Waiting_time_Solve] Agent 47 has waiting time 20
[Waiting_time_Solve] Agent 48 has waiting time 1
[Waiting_time_Solve] Agent 49 has waiting time 47
[Waiting_time_Solve] Total available waiting time: 1321
[Waiting_time_Solve] Max iterations: 1321
[Waiting_time_Solve] Iteration 0...
[SAT] Start solving CNF: 90 clauses and 45 variables
[SAT] Agent 42 entry time: 5 exit time: 10
[SAT] Agent 40 entry time: 3 exit time: 10
[SAT] Agent 35 entry time: 7 exit time: 10
[SAT] Agent 32 entry time: 4 exit time: 10
[SAT] Agent 7 entry time: 3 exit time: 10

[SAT] Start time: 3 End time: 10

[SAT] Solving local zone with SAT iteration 1...
[SAT] Local CNF: 90 clauses 

DEBUG: Adding 90 new clauses to MiniSAT (incremental run)
DEBUG: Clause load summary: input=90, added=90, tautologies_skipped=0, duplicates_skipped=0, unit_clauses=25, empties=0, intra_clause_literals_removed=0, added_but_db_unchanged=22
DEBUG: After adding clauses, solver has 43 clauses and 45 variables
DEBUG: MiniSAT found 45 variables
DEBUG: Assignment size: 45
DEBUG: First few assignment values: 1 0 1 1 0 1 1 1 1 1 

=== DEBUG: cnf_assignment_to_paths ===
Input assignment size: 45

=== END DEBUG ===
[SAT] Found 0 vertex collisions and 2 edge collisions
[SAT] Adding collision clauses and solving again...
[SAT] Solving local zone with SAT iteration 2...
[SAT] Local CNF: 92 clauses 

DEBUG: Adding 2 new clauses to MiniSAT (incremental run)
DEBUG: Clause load summary: input=2, added=2, tautologies_skipped=0, duplicates_skipped=0, unit_clauses=0, empties=0, intra_clause_literals_removed=0, added_but_db_unchanged=0
DEBUG: After adding clauses, solver has 45 clauses and 45 variables
DEBUG: MiniSAT found 45 variables
DEBUG: Assignment size: 45
DEBUG: First few assignment values: 1 0 1 1 0 1 1 1 1 1 

=== DEBUG: cnf_assignment_to_paths ===
Input assignment size: 45

=== END DEBUG ===
[SAT] Found 2 vertex collisions and 0 edge collisions
[SAT] Adding collision clauses and solving again...
[SAT] Solving local zone with SAT iteration 3...
[SAT] Local CNF: 94 clauses 

DEBUG: Adding 2 new clauses to MiniSAT (incremental run)
[SAT] Local problem appears to be unsatisfiable in current zone
[Waiting_time_Solve] No solution found, trying to apply waiting time:1
[Waiting_time_Solve] Applying waiting time 1 to agent 7 who has waiting time 44
[Current_Solution] Agent 7 used 1 waiting timesteps, 43 remaining
[Waiting_time_Solve] New path is consistent after applying waiting time for agent 7
[Current_Solution] Agent 7 used 1 waiting timesteps, 42 remaining
[Waiting_time_Solve] Applied 1 waiting time  for agent 7 who has waiting time 42
[Waiting_time_Solve] ALL Waiting time applied
[Waiting_time_Solve] Extended Zone end time from 10 to 11
[Waiting_time_Solve] Iteration 1...
[SAT] Start solving CNF: 155 clauses and 63 variables
[SAT] Agent 42 entry time: 5 exit time: 11
[SAT] Agent 40 entry time: 3 exit time: 10
[SAT] Agent 35 entry time: 7 exit time: 11
[SAT] Agent 32 entry time: 4 exit time: 11
[SAT] Agent 7 entry time: 3 exit time: 11

[SAT] Start time: 3 End time: 11

[SAT] Solving local zone with SAT iteration 1...
[SAT] Local CNF: 159 clauses 

DEBUG: Adding 159 new clauses to MiniSAT (incremental run)
DEBUG: Clause load summary: input=159, added=159, tautologies_skipped=0, duplicates_skipped=0, unit_clauses=28, empties=0, intra_clause_literals_removed=0, added_but_db_unchanged=29
DEBUG: After adding clauses, solver has 102 clauses and 63 variables
DEBUG: MiniSAT found 63 variables
DEBUG: Assignment size: 63
DEBUG: First few assignment values: 1 0 1 1 0 1 1 1 1 1 

=== DEBUG: cnf_assignment_to_paths ===
Input assignment size: 63

=== END DEBUG ===
[SAT] Found 3 vertex collisions and 1 edge collisions
[SAT] Adding collision clauses and solving again...
[SAT] Solving local zone with SAT iteration 2...
[SAT] Local CNF: 163 clauses 

DEBUG: Adding 4 new clauses to MiniSAT (incremental run)
[SAT] Local problem appears to be unsatisfiable in current zone
[Waiting_time_Solve] No solution found, trying to apply waiting time:2
[Waiting_time_Solve] Applying waiting time 2 to agent 7 who has waiting time 42
[Current_Solution] Agent 7 used 1 waiting timesteps, 41 remaining
[Waiting_time_Solve] New path is consistent after applying waiting time for agent 7
[Current_Solution] Agent 7 used 2 waiting timesteps, 39 remaining
[Waiting_time_Solve] Applied 2 waiting time  for agent 7 who has waiting time 39
[Waiting_time_Solve] ALL Waiting time applied
[Waiting_time_Solve] Extended Zone end time from 11 to 13
[Waiting_time_Solve] Iteration 2...
[SAT] Start solving CNF: 389 clauses and 104 variables
[SAT] Agent 42 entry time: 5 exit time: 11
[SAT] Agent 40 entry time: 3 exit time: 10
[SAT] Agent 35 entry time: 7 exit time: 13
[SAT] Agent 32 entry time: 4 exit time: 12
[SAT] Agent 7 entry time: 3 exit time: 13

[SAT] Start time: 3 End time: 13

[SAT] Solving local zone with SAT iteration 1...
[SAT] Local CNF: 397 clauses 

DEBUG: Adding 397 new clauses to MiniSAT (incremental run)
DEBUG: Clause load summary: input=397, added=397, tautologies_skipped=0, duplicates_skipped=0, unit_clauses=29, empties=0, intra_clause_literals_removed=0, added_but_db_unchanged=34
DEBUG: After adding clauses, solver has 334 clauses and 104 variables
DEBUG: MiniSAT found 104 variables
DEBUG: Assignment size: 104
DEBUG: First few assignment values: 1 0 1 1 0 1 1 1 1 1 

=== DEBUG: cnf_assignment_to_paths ===
Input assignment size: 104

=== END DEBUG ===
[SAT] Found 1 vertex collisions and 1 edge collisions
[SAT] Adding collision clauses and solving again...
[SAT] Solving local zone with SAT iteration 2...
[SAT] Local CNF: 399 clauses 

DEBUG: Adding 2 new clauses to MiniSAT (incremental run)
DEBUG: Clause load summary: input=2, added=2, tautologies_skipped=0, duplicates_skipped=0, unit_clauses=0, empties=0, intra_clause_literals_removed=0, added_but_db_unchanged=2
DEBUG: After adding clauses, solver has 298 clauses and 104 variables
DEBUG: MiniSAT found 104 variables
DEBUG: Assignment size: 104
DEBUG: First few assignment values: 1 0 1 1 0 1 1 1 1 1 

=== DEBUG: cnf_assignment_to_paths ===
Input assignment size: 104

=== END DEBUG ===
[SAT] Found 1 vertex collisions and 1 edge collisions
[SAT] Adding collision clauses and solving again...
[SAT] Solving local zone with SAT iteration 3...
[SAT] Local CNF: 401 clauses 

DEBUG: Adding 2 new clauses to MiniSAT (incremental run)
[SAT] Previous assignment invalidated by new clauses, reset solver and retrying without assumptions...
DEBUG: Adding 401 new clauses to MiniSAT (incremental run)
[SAT] Local problem appears to be unsatisfiable in current zone
[Waiting_time_Solve] No solution found, trying to apply waiting time:3
[Waiting_time_Solve] Applying waiting time 3 to agent 7 who has waiting time 39
[Current_Solution] Agent 7 used 1 waiting timesteps, 38 remaining
[Waiting_time_Solve] New path is consistent after applying waiting time for agent 7
[Current_Solution] Agent 7 used 3 waiting timesteps, 35 remaining
[Waiting_time_Solve] Applied 3 waiting time  for agent 7 who has waiting time 35
[Waiting_time_Solve] Applying waiting time 3 to agent 35 who has waiting time 13
[Waiting_time_Solve] New path is consistent after applying waiting time for agent 35
[Current_Solution] Agent 35 used 3 waiting timesteps, 10 remaining
[Waiting_time_Solve] Applied 3 waiting time  for agent 35 who has waiting time 10
[Waiting_time_Solve] ALL Waiting time applied
[Waiting_time_Solve] Extended Zone end time from 13 to 16
[Create_Local_Problem] Agent 22 is new in the zone
[Waiting_time_Solve] Iteration 3...
[SAT] Start solving CNF: 1177 clauses and 206 variables
[SAT] Agent 42 entry time: 5 exit time: 11
[SAT] Agent 40 entry time: 3 exit time: 10
[SAT] Agent 22 entry time: 14 exit time: 16
[SAT] Agent 35 entry time: 7 exit time: 16
[SAT] Agent 32 entry time: 4 exit time: 12
[SAT] Agent 7 entry time: 3 exit time: 16

[SAT] Start time: 3 End time: 16

[SAT] Solving local zone with SAT iteration 1...
[SAT] Local CNF: 1189 clauses 

DEBUG: Adding 1189 new clauses to MiniSAT (incremental run)
DEBUG: Clause load summary: input=1189, added=1189, tautologies_skipped=0, duplicates_skipped=0, unit_clauses=26, empties=0, intra_clause_literals_removed=0, added_but_db_unchanged=33
DEBUG: After adding clauses, solver has 1130 clauses and 206 variables
DEBUG: MiniSAT found 206 variables
DEBUG: Assignment size: 206
DEBUG: First few assignment values: 1 0 1 1 0 1 1 1 1 1 

=== DEBUG: cnf_assignment_to_paths ===
Input assignment size: 206

=== END DEBUG ===
[SAT] Found 1 vertex collisions and 0 edge collisions
[SAT] Adding collision clauses and solving again...
[SAT] Solving local zone with SAT iteration 2...
[SAT] Local CNF: 1190 clauses 

DEBUG: Adding 1 new clauses to MiniSAT (incremental run)
DEBUG: Clause load summary: input=1, added=1, tautologies_skipped=0, duplicates_skipped=0, unit_clauses=0, empties=0, intra_clause_literals_removed=0, added_but_db_unchanged=0
DEBUG: After adding clauses, solver has 1072 clauses and 206 variables
DEBUG: MiniSAT found 206 variables
DEBUG: Assignment size: 206
DEBUG: First few assignment values: 1 0 1 1 0 1 1 1 1 1 

=== DEBUG: cnf_assignment_to_paths ===
Input assignment size: 206

=== END DEBUG ===
[SAT] Found 0 vertex collisions and 0 edge collisions
[SAT] Found collision-free local solution!
[Waiting_time_Solve] Solution found, updating global solution
[LNS] Updating global solution with pseudo-agent local paths...
[Current_Solution] Updating global solution for agent 42
[Current_Solution] INFO: Segment 42 exit adjusted from 10 to 11 due to waiting time
[Current_Solution] Segment 42 lengthened by 1 timesteps; shifting suffix
[Current_Solution] Global solution is consistent before shifting suffix
[Current_Solution] Global solution is consistent after shifting suffix
[Current_Solution] Global solution is consistent after updating with local path
[LNS] Successfully updated global solution with pseudo-agent local paths!
[Current_Solution] Updating global solution for agent 40
[Current_Solution] Global solution is consistent after updating with local path
[LNS] Successfully updated global solution with pseudo-agent local paths!
[Current_Solution] Updating global solution for agent 22
[Current_Solution] Global solution is consistent after updating with local path
[LNS] Successfully updated global solution with pseudo-agent local paths!
[Current_Solution] Updating global solution for agent 35
[Current_Solution] INFO: Segment 35 exit adjusted from 10 to 16 due to waiting time
[Current_Solution] Segment 35 lengthened by 6 timesteps; shifting suffix
[Current_Solution] Global solution is consistent before shifting suffix
[Current_Solution] Global solution is consistent after shifting suffix
[Current_Solution] Global solution is consistent after updating with local path
[LNS] Successfully updated global solution with pseudo-agent local paths!
[Current_Solution] Updating global solution for agent 32
[Current_Solution] INFO: Segment 32 exit adjusted from 10 to 12 due to waiting time
[Current_Solution] Segment 32 lengthened by 2 timesteps; shifting suffix
[Current_Solution] Global solution is consistent before shifting suffix
[Current_Solution] Global solution is consistent after shifting suffix
[Current_Solution] Global solution is consistent after updating with local path
[LNS] Successfully updated global solution with pseudo-agent local paths!
[Current_Solution] Updating global solution for agent 7
[Current_Solution] INFO: Segment 7 exit adjusted from 10 to 16 due to waiting time
[Current_Solution] Segment 7 lengthened by 6 timesteps; shifting suffix
[Current_Solution] Global solution is consistent before shifting suffix
[Current_Solution] Global solution is consistent after shifting suffix
[Current_Solution] Global solution is consistent after updating with local path
[LNS] Successfully updated global solution with pseudo-agent local paths!
[LNS] Updating path map with new local paths...
[LNS] Successfully updated global solution with local paths and pseudo agents!
[Solve_local_zone] Successfully solved local zone
[Solve_local_zone] Final local zone size: 23 (3.37243% of all walkable positions)
[LNS] Successfully solved local zone
[LNS] Analyzing conflicts...
[LNS] Current solution: vertex collisions=103, edge collisions=32
[LNS] Creating conflict buckets...
[LOCAL ZONE] Building diamond bucket for conflict 103
[LOCAL ZONE] Built diamond bucket for conflict 103 with 7 positions, 1 conflicts, 6 - 6 time window
[LNS] Selected most relevant bucket 103 with time window: 6 - 6, 1 conflicts and 7 positions.
[LNS] Solving the best bucket Local Zone...
[Solve_local_zone] Current local zone size: 7 (1.02639% of all walkable positions)
[Solve_local_zone] Local zone time window: [5, 7]
[Waiting_time_Solve] Agent 0 has waiting time 10
[Waiting_time_Solve] Agent 1 has waiting time 15
[Waiting_time_Solve] Agent 2 has waiting time 37
[Waiting_time_Solve] Agent 3 has waiting time 30
[Waiting_time_Solve] Agent 4 has waiting time 13
[Waiting_time_Solve] Agent 5 has waiting time 8
[Waiting_time_Solve] Agent 6 has waiting time 45
[Waiting_time_Solve] Agent 7 has waiting time 35
[Waiting_time_Solve] Agent 8 has waiting time 29
[Waiting_time_Solve] Agent 9 has waiting time 48
[Waiting_time_Solve] Agent 10 has waiting time 52
[Waiting_time_Solve] Agent 11 has waiting time 4
[Waiting_time_Solve] Agent 12 has waiting time 39
[Waiting_time_Solve] Agent 13 has waiting time 37
[Waiting_time_Solve] Agent 14 has waiting time 11
[Waiting_time_Solve] Agent 15 has waiting time 18
[Waiting_time_Solve] Agent 16 has waiting time 46
[Waiting_time_Solve] Agent 17 has waiting time 9
[Waiting_time_Solve] Agent 18 has waiting time 47
[Waiting_time_Solve] Agent 19 has waiting time 36
[Waiting_time_Solve] Agent 20 has waiting time 47
[Waiting_time_Solve] Agent 21 has waiting time 45
[Waiting_time_Solve] Agent 22 has waiting time 6
[Waiting_time_Solve] Agent 23 has waiting time 26
[Waiting_time_Solve] Agent 24 has waiting time 28
[Waiting_time_Solve] Agent 25 has waiting time 37
[Waiting_time_Solve] Agent 26 has waiting time 3
[Waiting_time_Solve] Agent 27 has waiting time 9
[Waiting_time_Solve] Agent 28 has waiting time 33
[Waiting_time_Solve] Agent 29 has waiting time 41
[Waiting_time_Solve] Agent 30 has waiting time 49
[Waiting_time_Solve] Agent 31 has waiting time 39
[Waiting_time_Solve] Agent 32 has waiting time 12
[Waiting_time_Solve] Agent 33 has waiting time 14
[Waiting_time_Solve] Agent 34 has waiting time 7
[Waiting_time_Solve] Agent 35 has waiting time 10
[Waiting_time_Solve] Agent 36 has waiting time 36
[Waiting_time_Solve] Agent 37 has waiting time 16
[Waiting_time_Solve] Agent 38 has waiting time 24
[Waiting_time_Solve] Agent 39 has waiting time 24
[Waiting_time_Solve] Agent 40 has waiting time 39
[Waiting_time_Solve] Agent 41 has waiting time 5
[Waiting_time_Solve] Agent 42 has waiting time 21
[Waiting_time_Solve] Agent 43 has waiting time 32
[Waiting_time_Solve] Agent 44 has waiting time 32
[Waiting_time_Solve] Agent 45 has waiting time 37
[Waiting_time_Solve] Agent 46 has waiting time 0
[Waiting_time_Solve] Agent 47 has waiting time 20
[Waiting_time_Solve] Agent 48 has waiting time 1
[Waiting_time_Solve] Agent 49 has waiting time 47
[Waiting_time_Solve] Total available waiting time: 1309
[Waiting_time_Solve] Max iterations: 1309
[Waiting_time_Solve] Iteration 0...
[SAT] Start solving CNF: 12 clauses and 8 variables
[SAT] Agent 28 entry time: 5 exit time: 5
[SAT] Agent 11 entry time: 5 exit time: 7
[SAT] Agent 6 entry time: 5 exit time: 7
[SAT] Agent 1 entry time: 7 exit time: 7

[SAT] Start time: 5 End time: 7

[SAT] Solving local zone with SAT iteration 1...
[SAT] Local CNF: 12 clauses 

DEBUG: Adding 12 new clauses to MiniSAT (incremental run)
DEBUG: Clause load summary: input=12, added=12, tautologies_skipped=0, duplicates_skipped=0, unit_clauses=8, empties=0, intra_clause_literals_removed=0, added_but_db_unchanged=4
DEBUG: After adding clauses, solver has 0 clauses and 8 variables
DEBUG: MiniSAT found 8 variables
DEBUG: Assignment size: 8
DEBUG: First few assignment values: 1 1 1 1 1 1 1 1 

=== DEBUG: cnf_assignment_to_paths ===
Input assignment size: 8

=== END DEBUG ===
[SAT] Found 0 vertex collisions and 1 edge collisions
[SAT] Adding collision clauses and solving again...
[SAT] Solving local zone with SAT iteration 2...
[SAT] Local CNF: 13 clauses 

DEBUG: Adding 1 new clauses to MiniSAT (incremental run)
[SAT] Local problem appears to be unsatisfiable in current zone
[Waiting_time_Solve] No solution found, trying to apply waiting time:1
[Waiting_time_Solve] Applying waiting time 1 to agent 6 who has waiting time 45
[Waiting_time_Solve] New path is consistent after applying waiting time for agent 6
[Current_Solution] Agent 6 used 1 waiting timesteps, 44 remaining
[Waiting_time_Solve] Applied 1 waiting time  for agent 6 who has waiting time 44
[Waiting_time_Solve] ALL Waiting time applied
[Waiting_time_Solve] Extended Zone end time from 7 to 8
[Waiting_time_Solve] Iteration 1...
[SAT] Start solving CNF: 24 clauses and 14 variables
[SAT] Agent 28 entry time: 5 exit time: 5
[SAT] Agent 11 entry time: 5 exit time: 8
[SAT] Agent 6 entry time: 5 exit time: 8
[SAT] Agent 1 entry time: 7 exit time: 8

[SAT] Start time: 5 End time: 8

[SAT] Solving local zone with SAT iteration 1...
[SAT] Local CNF: 25 clauses 

DEBUG: Adding 25 new clauses to MiniSAT (incremental run)
DEBUG: Clause load summary: input=25, added=25, tautologies_skipped=0, duplicates_skipped=0, unit_clauses=8, empties=0, intra_clause_literals_removed=0, added_but_db_unchanged=6
DEBUG: After adding clauses, solver has 11 clauses and 14 variables
DEBUG: MiniSAT found 14 variables
DEBUG: Assignment size: 14
DEBUG: First few assignment values: 1 1 1 0 1 1 1 1 0 1 

=== DEBUG: cnf_assignment_to_paths ===
Input assignment size: 14

=== END DEBUG ===
[SAT] Found 0 vertex collisions and 0 edge collisions
[SAT] Found collision-free local solution!
[Waiting_time_Solve] Solution found, updating global solution
[LNS] Updating global solution with pseudo-agent local paths...
[Current_Solution] Updating global solution for agent 28
[Current_Solution] Global solution is consistent after updating with local path
[LNS] Successfully updated global solution with pseudo-agent local paths!
[Current_Solution] Updating global solution for agent 11
[Current_Solution] INFO: Segment 11 exit adjusted from 7 to 8 due to waiting time
[Current_Solution] Segment 11 lengthened by 1 timesteps; shifting suffix
[Current_Solution] Global solution is consistent before shifting suffix
[Current_Solution] Global solution is consistent after shifting suffix
[Current_Solution] Global solution is consistent after updating with local path
[LNS] Successfully updated global solution with pseudo-agent local paths!
[Current_Solution] Updating global solution for agent 6
[Current_Solution] INFO: Segment 6 exit adjusted from 7 to 8 due to waiting time
[Current_Solution] Segment 6 lengthened by 1 timesteps; shifting suffix
[Current_Solution] Global solution is consistent before shifting suffix
[Current_Solution] Global solution is consistent after shifting suffix
[Current_Solution] Global solution is consistent after updating with local path
[LNS] Successfully updated global solution with pseudo-agent local paths!
[Current_Solution] Updating global solution for agent 1
[Current_Solution] INFO: Segment 1 exit adjusted from 7 to 8 due to waiting time
[Current_Solution] Segment 1 lengthened by 1 timesteps; shifting suffix
[Current_Solution] Global solution is consistent before shifting suffix
[Current_Solution] Global solution is consistent after shifting suffix
[Current_Solution] Global solution is consistent after updating with local path
[LNS] Successfully updated global solution with pseudo-agent local paths!
[LNS] Updating path map with new local paths...
[LNS] Successfully updated global solution with local paths and pseudo agents!
[Solve_local_zone] Successfully solved local zone
[Solve_local_zone] Final local zone size: 7 (1.02639% of all walkable positions)
[LNS] Successfully solved local zone
[LNS] Analyzing conflicts...
[LNS] Current solution: vertex collisions=103, edge collisions=31
[LNS] Creating conflict buckets...
[LOCAL ZONE] Building diamond bucket for conflict 0
[LOCAL ZONE] Built diamond bucket for conflict 0 with 61 positions, 73 conflicts, 7 - 27 time window
[LOCAL ZONE] Building diamond bucket for conflict 103
[LOCAL ZONE] Built diamond bucket for conflict 103 with 9 positions, 1 conflicts, 7 - 7 time window
[LNS] Selected most relevant bucket 0 with time window: 7 - 27, 73 conflicts and 61 positions.
[LNS] Solving the best bucket Local Zone...
[Solve_local_zone] Current local zone size: 61 (8.94428% of all walkable positions)
[Solve_local_zone] Local zone time window: [6, 28]
[Current_Solution] Agent 20 used 21 waiting timesteps, 26 remaining
[Current_Solution] Agent 24 used 2 waiting timesteps, 26 remaining
[Current_Solution] Agent 30 used 23 waiting timesteps, 26 remaining
[Current_Solution] Agent 44 used 6 waiting timesteps, 26 remaining
[Waiting_time_Solve] Agent 0 has waiting time 10
[Waiting_time_Solve] Agent 1 has waiting time 15
[Waiting_time_Solve] Agent 2 has waiting time 37
[Waiting_time_Solve] Agent 3 has waiting time 30
[Waiting_time_Solve] Agent 4 has waiting time 13
[Waiting_time_Solve] Agent 5 has waiting time 8
[Waiting_time_Solve] Agent 6 has waiting time 44
[Waiting_time_Solve] Agent 7 has waiting time 35
[Waiting_time_Solve] Agent 8 has waiting time 29
[Waiting_time_Solve] Agent 9 has waiting time 48
[Waiting_time_Solve] Agent 10 has waiting time 52
[Waiting_time_Solve] Agent 11 has waiting time 4
[Waiting_time_Solve] Agent 12 has waiting time 39
[Waiting_time_Solve] Agent 13 has waiting time 37
[Waiting_time_Solve] Agent 14 has waiting time 11
[Waiting_time_Solve] Agent 15 has waiting time 18
[Waiting_time_Solve] Agent 16 has waiting time 46
[Waiting_time_Solve] Agent 17 has waiting time 9
[Waiting_time_Solve] Agent 18 has waiting time 47
[Waiting_time_Solve] Agent 19 has waiting time 36
[Waiting_time_Solve] Agent 20 has waiting time 26
[Waiting_time_Solve] Agent 21 has waiting time 45
[Waiting_time_Solve] Agent 22 has waiting time 6
[Waiting_time_Solve] Agent 23 has waiting time 26
[Waiting_time_Solve] Agent 24 has waiting time 26
[Waiting_time_Solve] Agent 25 has waiting time 37
[Waiting_time_Solve] Agent 26 has waiting time 3
[Waiting_time_Solve] Agent 27 has waiting time 9
[Waiting_time_Solve] Agent 28 has waiting time 33
[Waiting_time_Solve] Agent 29 has waiting time 41
[Waiting_time_Solve] Agent 30 has waiting time 26
[Waiting_time_Solve] Agent 31 has waiting time 39
[Waiting_time_Solve] Agent 32 has waiting time 12
[Waiting_time_Solve] Agent 33 has waiting time 14
[Waiting_time_Solve] Agent 34 has waiting time 7
[Waiting_time_Solve] Agent 35 has waiting time 10
[Waiting_time_Solve] Agent 36 has waiting time 36
[Waiting_time_Solve] Agent 37 has waiting time 16
[Waiting_time_Solve] Agent 38 has waiting time 24
[Waiting_time_Solve] Agent 39 has waiting time 24
[Waiting_time_Solve] Agent 40 has waiting time 39
[Waiting_time_Solve] Agent 41 has waiting time 5
[Waiting_time_Solve] Agent 42 has waiting time 21
[Waiting_time_Solve] Agent 43 has waiting time 32
[Waiting_time_Solve] Agent 44 has waiting time 26
[Waiting_time_Solve] Agent 45 has waiting time 37
[Waiting_time_Solve] Agent 46 has waiting time 0
[Waiting_time_Solve] Agent 47 has waiting time 20
[Waiting_time_Solve] Agent 48 has waiting time 1
[Waiting_time_Solve] Agent 49 has waiting time 47
[Waiting_time_Solve] Total available waiting time: 1256
[Waiting_time_Solve] Max iterations: 1256
[Waiting_time_Solve] Iteration 0...
[SAT] Start solving CNF: 16900 clauses and 1391 variables
[SAT] Agent 47 entry time: 6 exit time: 16
[SAT] Agent 42 entry time: 19 exit time: 25
[SAT] Agent 41 entry time: 13 exit time: 28
[SAT] Agent 39 entry time: 23 exit time: 28
[SAT] Agent 38 entry time: 24 exit time: 28
[SAT] Agent 37 entry time: 7 exit time: 12
[SAT] Agent 35 entry time: 24 exit time: 28
[SAT] Agent 3 entry time: 6 exit time: 9
[SAT] Agent 33 entry time: 6 exit time: 17
[SAT] Agent 4 entry time: 22 exit time: 28
[SAT] Agent 46 entry time: 18 exit time: 28
[SAT] Agent 17 entry time: 6 exit time: 28
[SAT] Agent 30 entry time: 6 exit time: 28
[SAT] Agent 5 entry time: 6 exit time: 21
[SAT] Agent 11 entry time: 15 exit time: 28
[SAT] Agent 24 entry time: 15 exit time: 28
[SAT] Agent 43 entry time: 6 exit time: 18
[SAT] Agent 14 entry time: 6 exit time: 26
[SAT] Agent 27 entry time: 6 exit time: 28
[SAT] Agent 44 entry time: 20 exit time: 28
[SAT] Agent 15 entry time: 8 exit time: 20
[SAT] Agent 20 entry time: 6 exit time: 28
[SAT] Agent 23 entry time: 6 exit time: 28
[SAT] Agent 26 entry time: 6 exit time: 28

[SAT] Start time: 6 End time: 28

[SAT] Solving local zone with SAT iteration 1...
[SAT] Local CNF: 16900 clauses 

DEBUG: Adding 16900 new clauses to MiniSAT (incremental run)
DEBUG: Clause load summary: input=16900, added=16900, tautologies_skipped=0, duplicates_skipped=0, unit_clauses=242, empties=0, intra_clause_literals_removed=0, added_but_db_unchanged=245
DEBUG: After adding clauses, solver has 16413 clauses and 1391 variables
DEBUG: MiniSAT found 1391 variables
DEBUG: Assignment size: 1391
DEBUG: First few assignment values: 1 1 1 1 1 1 1 1 1 1 

=== DEBUG: cnf_assignment_to_paths ===
Input assignment size: 1391

=== END DEBUG ===
[SAT] Found 63 vertex collisions and 22 edge collisions
[SAT] Adding collision clauses and solving again...
[SAT] Solving local zone with SAT iteration 2...
[SAT] Local CNF: 16985 clauses 

DEBUG: Adding 85 new clauses to MiniSAT (incremental run)
[SAT] Previous assignment invalidated by new clauses, reset solver and retrying without assumptions...
DEBUG: Adding 16985 new clauses to MiniSAT (incremental run)
[SAT] Local problem appears to be unsatisfiable in current zone
[Waiting_time_Solve] No solution found, trying to apply waiting time:1
[Waiting_time_Solve] Applying waiting time 1 to agent 20 who has waiting time 26
[Current_Solution] Agent 20 used 1 waiting timesteps, 25 remaining
[Waiting_time_Solve] New path is consistent after applying waiting time for agent 20
[Current_Solution] Agent 20 used 1 waiting timesteps, 24 remaining
[Waiting_time_Solve] Applied 1 waiting time  for agent 20 who has waiting time 24
[Waiting_time_Solve] Applying waiting time 1 to agent 23 who has waiting time 26
[Current_Solution] Agent 23 used 1 waiting timesteps, 25 remaining
[Waiting_time_Solve] New path is consistent after applying waiting time for agent 23
[Current_Solution] Agent 23 used 1 waiting timesteps, 24 remaining
[Waiting_time_Solve] Applied 1 waiting time  for agent 23 who has waiting time 24
[Waiting_time_Solve] Applying waiting time 1 to agent 4 who has waiting time 13
[Waiting_time_Solve] New path is consistent after applying waiting time for agent 4
[Current_Solution] Agent 4 used 1 waiting timesteps, 12 remaining
[Waiting_time_Solve] Applied 1 waiting time  for agent 4 who has waiting time 12
[Waiting_time_Solve] Applying waiting time 1 to agent 5 who has waiting time 8
[Waiting_time_Solve] New path is consistent after applying waiting time for agent 5
[Current_Solution] Agent 5 used 1 waiting timesteps, 7 remaining
[Waiting_time_Solve] Applied 1 waiting time  for agent 5 who has waiting time 7
[Waiting_time_Solve] Applying waiting time 1 to agent 15 who has waiting time 18
[Waiting_time_Solve] New path is consistent after applying waiting time for agent 15
[Current_Solution] Agent 15 used 1 waiting timesteps, 17 remaining
[Waiting_time_Solve] Applied 1 waiting time  for agent 15 who has waiting time 17
[Waiting_time_Solve] Applying waiting time 1 to agent 35 who has waiting time 10
[Waiting_time_Solve] New path is consistent after applying waiting time for agent 35
[Current_Solution] Agent 35 used 1 waiting timesteps, 9 remaining
[Waiting_time_Solve] Applied 1 waiting time  for agent 35 who has waiting time 9
[Waiting_time_Solve] Applying waiting time 1 to agent 17 who has waiting time 9
[Waiting_time_Solve] New path is consistent after applying waiting time for agent 17
[Current_Solution] Agent 17 used 1 waiting timesteps, 8 remaining
[Waiting_time_Solve] Applied 1 waiting time  for agent 17 who has waiting time 8
[Waiting_time_Solve] Applying waiting time 1 to agent 24 who has waiting time 26
[Current_Solution] Agent 24 used 1 waiting timesteps, 25 remaining
[Waiting_time_Solve] New path is consistent after applying waiting time for agent 24
[Current_Solution] Agent 24 used 1 waiting timesteps, 24 remaining
[Waiting_time_Solve] Applied 1 waiting time  for agent 24 who has waiting time 24
[Waiting_time_Solve] Applying waiting time 1 to agent 27 who has waiting time 9
[Waiting_time_Solve] New path is consistent after applying waiting time for agent 27
[Current_Solution] Agent 27 used 1 waiting timesteps, 8 remaining
[Waiting_time_Solve] Applied 1 waiting time  for agent 27 who has waiting time 8
[Waiting_time_Solve] Applying waiting time 1 to agent 30 who has waiting time 26
[Current_Solution] Agent 30 used 1 waiting timesteps, 25 remaining
[Waiting_time_Solve] New path is consistent after applying waiting time for agent 30
[Current_Solution] Agent 30 used 1 waiting timesteps, 24 remaining
[Waiting_time_Solve] Applied 1 waiting time  for agent 30 who has waiting time 24
[Waiting_time_Solve] Applying waiting time 1 to agent 39 who has waiting time 24
[Waiting_time_Solve] New path is consistent after applying waiting time for agent 39
[Current_Solution] Agent 39 used 1 waiting timesteps, 23 remaining
[Waiting_time_Solve] Applied 1 waiting time  for agent 39 who has waiting time 23
[Waiting_time_Solve] Applying waiting time 1 to agent 41 who has waiting time 5
[Waiting_time_Solve] New path is consistent after applying waiting time for agent 41
[Current_Solution] Agent 41 used 1 waiting timesteps, 4 remaining
[Waiting_time_Solve] Applied 1 waiting time  for agent 41 who has waiting time 4
[Waiting_time_Solve] Applying waiting time 1 to agent 43 who has waiting time 32
[Waiting_time_Solve] New path is consistent after applying waiting time for agent 43
[Current_Solution] Agent 43 used 1 waiting timesteps, 31 remaining
[Waiting_time_Solve] Applied 1 waiting time  for agent 43 who has waiting time 31
[Waiting_time_Solve] Applying waiting time 1 to agent 14 who has waiting time 11
[Waiting_time_Solve] New path is consistent after applying waiting time for agent 14
[Current_Solution] Agent 14 used 1 waiting timesteps, 10 remaining
[Waiting_time_Solve] Applied 1 waiting time  for agent 14 who has waiting time 10
[Waiting_time_Solve] Applying waiting time 1 to agent 26 who has waiting time 3
[Waiting_time_Solve] New path is consistent after applying waiting time for agent 26
[Current_Solution] Agent 26 used 1 waiting timesteps, 2 remaining
[Waiting_time_Solve] Applied 1 waiting time  for agent 26 who has waiting time 2
[Waiting_time_Solve] Applying waiting time 1 to agent 47 who has waiting time 20
[Waiting_time_Solve] New path is consistent after applying waiting time for agent 47
[Current_Solution] Agent 47 used 1 waiting timesteps, 19 remaining
[Waiting_time_Solve] Applied 1 waiting time  for agent 47 who has waiting time 19
[Waiting_time_Solve] ALL Waiting time applied
[Waiting_time_Solve] Extended Zone end time from 28 to 29
[Current_Solution] Agent 44 used 1 waiting timesteps, 25 remaining
[Waiting_time_Solve] Iteration 1...
[SAT] Start solving CNF: 19529 clauses and 1739 variables
[SAT] Agent 47 entry time: 6 exit time: 17
[SAT] Agent 42 entry time: 19 exit time: 25
[SAT] Agent 41 entry time: 13 exit time: 29
[SAT] Agent 39 entry time: 23 exit time: 29
[SAT] Agent 38 entry time: 24 exit time: 29
[SAT] Agent 37 entry time: 7 exit time: 12
[SAT] Agent 35 entry time: 24 exit time: 29
[SAT] Agent 3 entry time: 6 exit time: 9
[SAT] Agent 33 entry time: 6 exit time: 17
[SAT] Agent 4 entry time: 22 exit time: 29
[SAT] Agent 46 entry time: 18 exit time: 29
[SAT] Agent 17 entry time: 6 exit time: 29
[SAT] Agent 30 entry time: 6 exit time: 29
[SAT] Agent 5 entry time: 6 exit time: 22
[SAT] Agent 11 entry time: 15 exit time: 29
[SAT] Agent 24 entry time: 15 exit time: 29
[SAT] Agent 43 entry time: 6 exit time: 19
[SAT] Agent 14 entry time: 6 exit time: 27
[SAT] Agent 27 entry time: 6 exit time: 29
[SAT] Agent 44 entry time: 20 exit time: 29
[SAT] Agent 15 entry time: 8 exit time: 21
[SAT] Agent 20 entry time: 6 exit time: 29
[SAT] Agent 23 entry time: 6 exit time: 29
[SAT] Agent 26 entry time: 6 exit time: 29

[SAT] Start time: 6 End time: 29

[SAT] Solving local zone with SAT iteration 1...
[SAT] Local CNF: 19614 clauses 

DEBUG: Adding 19614 new clauses to MiniSAT (incremental run)
DEBUG: Clause load summary: input=19614, added=19614, tautologies_skipped=0, duplicates_skipped=0, unit_clauses=93, empties=0, intra_clause_literals_removed=0, added_but_db_unchanged=130
DEBUG: After adding clauses, solver has 19391 clauses and 1739 variables
DEBUG: MiniSAT found 1739 variables
DEBUG: Assignment size: 1739
DEBUG: First few assignment values: 1 0 1 0 1 0 1 0 1 0 

=== DEBUG: cnf_assignment_to_paths ===
Input assignment size: 1739

=== END DEBUG ===
[SAT] Found 62 vertex collisions and 18 edge collisions
[SAT] Adding collision clauses and solving again...
[SAT] Solving local zone with SAT iteration 2...
[SAT] Local CNF: 19694 clauses 

DEBUG: Adding 80 new clauses to MiniSAT (incremental run)
[SAT] Previous assignment invalidated by new clauses, reset solver and retrying without assumptions...
DEBUG: Adding 19694 new clauses to MiniSAT (incremental run)
[SAT] Local problem appears to be unsatisfiable in current zone
[Waiting_time_Solve] No solution found, trying to apply waiting time:2
[Waiting_time_Solve] Applying waiting time 2 to agent 23 who has waiting time 24
[Current_Solution] Agent 23 used 1 waiting timesteps, 23 remaining
[Waiting_time_Solve] New path is consistent after applying waiting time for agent 23
[Current_Solution] Agent 23 used 2 waiting timesteps, 21 remaining
[Waiting_time_Solve] Applied 2 waiting time  for agent 23 who has waiting time 21
[Waiting_time_Solve] Applying waiting time 2 to agent 24 who has waiting time 24
[Current_Solution] Agent 24 used 1 waiting timesteps, 23 remaining
[Waiting_time_Solve] New path is consistent after applying waiting time for agent 24
[Current_Solution] Agent 24 used 2 waiting timesteps, 21 remaining
[Waiting_time_Solve] Applied 2 waiting time  for agent 24 who has waiting time 21
[Waiting_time_Solve] Applying waiting time 2 to agent 4 who has waiting time 12
[Waiting_time_Solve] New path is consistent after applying waiting time for agent 4
[Current_Solution] Agent 4 used 2 waiting timesteps, 10 remaining
[Waiting_time_Solve] Applied 2 waiting time  for agent 4 who has waiting time 10
[Waiting_time_Solve] Applying waiting time 2 to agent 43 who has waiting time 31
[Waiting_time_Solve] New path is consistent after applying waiting time for agent 43
[Current_Solution] Agent 43 used 2 waiting timesteps, 29 remaining
[Waiting_time_Solve] Applied 2 waiting time  for agent 43 who has waiting time 29
[Waiting_time_Solve] Applying waiting time 2 to agent 14 who has waiting time 10
[Waiting_time_Solve] New path is consistent after applying waiting time for agent 14
[Current_Solution] Agent 14 used 2 waiting timesteps, 8 remaining
[Waiting_time_Solve] Applied 2 waiting time  for agent 14 who has waiting time 8
[Waiting_time_Solve] Applying waiting time 2 to agent 17 who has waiting time 8
[Waiting_time_Solve] New path is consistent after applying waiting time for agent 17
[Current_Solution] Agent 17 used 2 waiting timesteps, 6 remaining
[Waiting_time_Solve] Applied 2 waiting time  for agent 17 who has waiting time 6
[Waiting_time_Solve] Applying waiting time 2 to agent 20 who has waiting time 24
[Current_Solution] Agent 20 used 1 waiting timesteps, 23 remaining
[Waiting_time_Solve] New path is consistent after applying waiting time for agent 20
[Current_Solution] Agent 20 used 2 waiting timesteps, 21 remaining
[Waiting_time_Solve] Applied 2 waiting time  for agent 20 who has waiting time 21
[Waiting_time_Solve] Applying waiting time 2 to agent 11 who has waiting time 4
[Waiting_time_Solve] New path is consistent after applying waiting time for agent 11
[Current_Solution] Agent 11 used 2 waiting timesteps, 2 remaining
[Waiting_time_Solve] Applied 2 waiting time  for agent 11 who has waiting time 2
[Waiting_time_Solve] Applying waiting time 2 to agent 30 who has waiting time 24
[Current_Solution] Agent 30 used 1 waiting timesteps, 23 remaining
[Waiting_time_Solve] New path is consistent after applying waiting time for agent 30
[Current_Solution] Agent 30 used 2 waiting timesteps, 21 remaining
[Waiting_time_Solve] Applied 2 waiting time  for agent 30 who has waiting time 21
[Waiting_time_Solve] Applying waiting time 2 to agent 15 who has waiting time 17
[Waiting_time_Solve] New path is consistent after applying waiting time for agent 15
[Current_Solution] Agent 15 used 2 waiting timesteps, 15 remaining
[Waiting_time_Solve] Applied 2 waiting time  for agent 15 who has waiting time 15
[Waiting_time_Solve] Applying waiting time 2 to agent 47 who has waiting time 19
[Waiting_time_Solve] New path is consistent after applying waiting time for agent 47
[Current_Solution] Agent 47 used 2 waiting timesteps, 17 remaining
[Waiting_time_Solve] Applied 2 waiting time  for agent 47 who has waiting time 17
[Waiting_time_Solve] Applying waiting time 2 to agent 35 who has waiting time 9
[Waiting_time_Solve] New path is consistent after applying waiting time for agent 35
[Current_Solution] Agent 35 used 2 waiting timesteps, 7 remaining
[Waiting_time_Solve] Applied 2 waiting time  for agent 35 who has waiting time 7
[Waiting_time_Solve] Applying waiting time 2 to agent 27 who has waiting time 8
[Waiting_time_Solve] New path is consistent after applying waiting time for agent 27
[Current_Solution] Agent 27 used 2 waiting timesteps, 6 remaining
[Waiting_time_Solve] Applied 2 waiting time  for agent 27 who has waiting time 6
[Waiting_time_Solve] Applying waiting time 2 to agent 39 who has waiting time 23
[Waiting_time_Solve] New path is consistent after applying waiting time for agent 39
[Current_Solution] Agent 39 used 2 waiting timesteps, 21 remaining
[Waiting_time_Solve] Applied 2 waiting time  for agent 39 who has waiting time 21
[Waiting_time_Solve] Applying waiting time 2 to agent 41 who has waiting time 4
[Waiting_time_Solve] New path is consistent after applying waiting time for agent 41
[Current_Solution] Agent 41 used 2 waiting timesteps, 2 remaining
[Waiting_time_Solve] Applied 2 waiting time  for agent 41 who has waiting time 2
[Waiting_time_Solve] Applying waiting time 2 to agent 42 who has waiting time 21
[Waiting_time_Solve] New path is consistent after applying waiting time for agent 42
[Current_Solution] Agent 42 used 2 waiting timesteps, 19 remaining
[Waiting_time_Solve] Applied 2 waiting time  for agent 42 who has waiting time 19
[Waiting_time_Solve] Applying waiting time 2 to agent 26 who has waiting time 2
[Waiting_time_Solve] New path is consistent after applying waiting time for agent 26
[Current_Solution] Agent 26 used 2 waiting timesteps, 0 remaining
[Waiting_time_Solve] Applied 2 waiting time  for agent 26 who has waiting time 0
[Waiting_time_Solve] ALL Waiting time applied
[Waiting_time_Solve] Extended Zone end time from 29 to 31
[Current_Solution] Agent 44 used 2 waiting timesteps, 23 remaining
[Waiting_time_Solve] Iteration 2...
[SAT] Start solving CNF: 28292 clauses and 2875 variables
[SAT] Agent 47 entry time: 6 exit time: 19
[SAT] Agent 42 entry time: 19 exit time: 27
[SAT] Agent 41 entry time: 13 exit time: 31
[SAT] Agent 39 entry time: 23 exit time: 31
[SAT] Agent 38 entry time: 24 exit time: 29
[SAT] Agent 37 entry time: 7 exit time: 12
[SAT] Agent 35 entry time: 24 exit time: 31
[SAT] Agent 3 entry time: 6 exit time: 9
[SAT] Agent 33 entry time: 6 exit time: 17
[SAT] Agent 4 entry time: 22 exit time: 31
[SAT] Agent 46 entry time: 18 exit time: 30
[SAT] Agent 17 entry time: 6 exit time: 31
[SAT] Agent 30 entry time: 6 exit time: 31
[SAT] Agent 5 entry time: 6 exit time: 22
[SAT] Agent 11 entry time: 15 exit time: 31
[SAT] Agent 24 entry time: 15 exit time: 31
[SAT] Agent 43 entry time: 6 exit time: 21
[SAT] Agent 14 entry time: 6 exit time: 29
[SAT] Agent 27 entry time: 6 exit time: 31
[SAT] Agent 44 entry time: 20 exit time: 31
[SAT] Agent 15 entry time: 8 exit time: 23
[SAT] Agent 20 entry time: 6 exit time: 31
[SAT] Agent 23 entry time: 6 exit time: 31
[SAT] Agent 26 entry time: 6 exit time: 31

[SAT] Start time: 6 End time: 31

[SAT] Solving local zone with SAT iteration 1...
[SAT] Local CNF: 28457 clauses 

DEBUG: Adding 28457 new clauses to MiniSAT (incremental run)
DEBUG: Clause load summary: input=28457, added=28457, tautologies_skipped=0, duplicates_skipped=0, unit_clauses=78, empties=0, intra_clause_literals_removed=0, added_but_db_unchanged=133
DEBUG: After adding clauses, solver has 28246 clauses and 2875 variables
DEBUG: MiniSAT found 2875 variables
DEBUG: Assignment size: 2875
DEBUG: First few assignment values: 1 1 0 0 0 0 1 0 0 0 

=== DEBUG: cnf_assignment_to_paths ===
Input assignment size: 2875

=== END DEBUG ===
[SAT] Found 61 vertex collisions and 27 edge collisions
[SAT] Adding collision clauses and solving again...
[SAT] Solving local zone with SAT iteration 2...
[SAT] Local CNF: 28545 clauses 

DEBUG: Adding 88 new clauses to MiniSAT (incremental run)
[SAT] Previous assignment invalidated by new clauses, reset solver and retrying without assumptions...
DEBUG: Adding 28545 new clauses to MiniSAT (incremental run)
[SAT] Local problem appears to be unsatisfiable in current zone
[Waiting_time_Solve] No solution found, trying to apply waiting time:3
[Waiting_time_Solve] Applying waiting time 3 to agent 4 who has waiting time 10
[Waiting_time_Solve] New path is consistent after applying waiting time for agent 4
[Current_Solution] Agent 4 used 3 waiting timesteps, 7 remaining
[Waiting_time_Solve] Applied 3 waiting time  for agent 4 who has waiting time 7
[Waiting_time_Solve] Applying waiting time 3 to agent 47 who has waiting time 17
[Waiting_time_Solve] New path is consistent after applying waiting time for agent 47
[Current_Solution] Agent 47 used 3 waiting timesteps, 14 remaining
[Waiting_time_Solve] Applied 3 waiting time  for agent 47 who has waiting time 14
[Waiting_time_Solve] Applying waiting time 3 to agent 15 who has waiting time 15
[Waiting_time_Solve] New path is consistent after applying waiting time for agent 15
[Current_Solution] Agent 15 used 3 waiting timesteps, 12 remaining
[Waiting_time_Solve] Applied 3 waiting time  for agent 15 who has waiting time 12
[Waiting_time_Solve] Applying waiting time 3 to agent 20 who has waiting time 21
[Current_Solution] Agent 20 used 1 waiting timesteps, 20 remaining
[Waiting_time_Solve] New path is consistent after applying waiting time for agent 20
[Current_Solution] Agent 20 used 3 waiting timesteps, 17 remaining
[Waiting_time_Solve] Applied 3 waiting time  for agent 20 who has waiting time 17
[Waiting_time_Solve] Applying waiting time 3 to agent 17 who has waiting time 6
[Waiting_time_Solve] New path is consistent after applying waiting time for agent 17
[Current_Solution] Agent 17 used 3 waiting timesteps, 3 remaining
[Waiting_time_Solve] Applied 3 waiting time  for agent 17 who has waiting time 3
[Waiting_time_Solve] Applying waiting time 3 to agent 24 who has waiting time 21
[Current_Solution] Agent 24 used 1 waiting timesteps, 20 remaining
[Waiting_time_Solve] New path is consistent after applying waiting time for agent 24
[Current_Solution] Agent 24 used 3 waiting timesteps, 17 remaining
[Waiting_time_Solve] Applied 3 waiting time  for agent 24 who has waiting time 17
[Waiting_time_Solve] Applying waiting time 3 to agent 23 who has waiting time 21
[Current_Solution] Agent 23 used 1 waiting timesteps, 20 remaining
[Waiting_time_Solve] New path is consistent after applying waiting time for agent 23
[Current_Solution] Agent 23 used 3 waiting timesteps, 17 remaining
[Waiting_time_Solve] Applied 3 waiting time  for agent 23 who has waiting time 17
[Waiting_time_Solve] Applying waiting time 3 to agent 27 who has waiting time 6
[Waiting_time_Solve] New path is consistent after applying waiting time for agent 27
[Current_Solution] Agent 27 used 3 waiting timesteps, 3 remaining
[Waiting_time_Solve] Applied 3 waiting time  for agent 27 who has waiting time 3
[Waiting_time_Solve] Applying waiting time 3 to agent 30 who has waiting time 21
[Current_Solution] Agent 30 used 1 waiting timesteps, 20 remaining
[Waiting_time_Solve] New path is consistent after applying waiting time for agent 30
[Current_Solution] Agent 30 used 3 waiting timesteps, 17 remaining
[Waiting_time_Solve] Applied 3 waiting time  for agent 30 who has waiting time 17
[Waiting_time_Solve] Applying waiting time 3 to agent 14 who has waiting time 8
[Waiting_time_Solve] New path is consistent after applying waiting time for agent 14
[Current_Solution] Agent 14 used 3 waiting timesteps, 5 remaining
[Waiting_time_Solve] Applied 3 waiting time  for agent 14 who has waiting time 5
[Waiting_time_Solve] Applying waiting time 3 to agent 35 who has waiting time 7
[Waiting_time_Solve] New path is consistent after applying waiting time for agent 35
[Current_Solution] Agent 35 used 3 waiting timesteps, 4 remaining
[Waiting_time_Solve] Applied 3 waiting time  for agent 35 who has waiting time 4
[Waiting_time_Solve] Applying waiting time 3 to agent 39 who has waiting time 21
[Waiting_time_Solve] New path is consistent after applying waiting time for agent 39
[Current_Solution] Agent 39 used 3 waiting timesteps, 18 remaining
[Waiting_time_Solve] Applied 3 waiting time  for agent 39 who has waiting time 18
[Waiting_time_Solve] INFO: not enough waiting time for agent 41 (needs 3, available: 2)
[Waiting_time_Solve] Applying waiting time 3 to agent 5 who has waiting time 7
[Waiting_time_Solve] New path is consistent after applying waiting time for agent 5
[Current_Solution] Agent 5 used 3 waiting timesteps, 4 remaining
[Waiting_time_Solve] Applied 3 waiting time  for agent 5 who has waiting time 4
[Waiting_time_Solve] INFO: not enough waiting time for agent 11 (needs 3, available: 2)
[Waiting_time_Solve] ALL Waiting time applied
[Waiting_time_Solve] Out of waiting time
[Waiting_time_Solve] No solution found
[Waiting_time_Solve] Restoring original paths
[Waiting_time_Solve] Restoring waiting times
[Current_Solution] Restored waiting times from backup
[Current_Solution] Restored paths from backup
[Solve_local_zone] Zone with expansion factor 0failed
[Solve_local_zone] Expanding zone with offset 3 (original: 1)
[LOCAL ZONE] Found newly touched conflict 51 at position (11,18)
[LOCAL ZONE] Found newly touched conflict 84 at position (17,22)
[LOCAL ZONE] Found newly touched conflict 10 at position (18,9)
[LOCAL ZONE] Found newly touched conflict 14 at position (18,10)
[LOCAL ZONE] Found newly touched conflict 27 at position (18,10)
[LOCAL ZONE] Found newly touched conflict 54 at position (18,10)
[LOCAL ZONE] Found newly touched conflict 43 at position (11,19)
[LOCAL ZONE] Found newly touched conflict 131 at position (15,22)
[LOCAL ZONE] Found newly touched conflict 80 at position (16,22)
[LOCAL ZONE] Found newly touched conflict 16 at position (18,8)
[LOCAL ZONE] Found newly touched conflict 85 at position (18,22)
[LOCAL ZONE] Found newly touched conflict 112 at position (18,22)
[LOCAL ZONE] Found newly touched conflict 103 at position (18,23)
[LOCAL ZONE] Found newly touched conflict 7 at position (18,24)
[LOCAL ZONE] Found newly touched conflict 109 at position (18,24)
[LOCAL ZONE] Found newly touched conflict 117 at position (19,9)
[LOCAL ZONE] Found newly touched conflict 87 at position (19,22)
[LOCAL ZONE] Found newly touched conflict 114 at position (19,22)
[LOCAL ZONE] Found newly touched conflict 66 at position (11,22)
[LOCAL ZONE] Found newly touched conflict 119 at position (11,22)
[LOCAL ZONE] Found newly touched conflict 36 at position (16,6)
[LOCAL ZONE] Found newly touched conflict 47 at position (16,6)
[LOCAL ZONE] Found newly touched conflict 3 at position (18,25)
[LOCAL ZONE] Found newly touched conflict 105 at position (18,25)
[LOCAL ZONE] Found newly touched conflict 18 at position (19,25)
[LOCAL ZONE] Found newly touched conflict 30 at position (21,19)
[LOCAL ZONE] Found newly touched conflict 44 at position (21,19)
[LOCAL ZONE] Found newly touched conflict 26 at position (21,20)
[LOCAL ZONE] Found newly touched conflict 20 at position (21,21)
[LOCAL ZONE] Found newly touched conflict 15 at position (21,22)
[LOCAL ZONE] Found newly touched conflict 25 at position (9,23)
[LOCAL ZONE] Found newly touched conflict 104 at position (9,23)
[LOCAL ZONE] Found newly touched conflict 38 at position (14,6)
[LOCAL ZONE] Found newly touched conflict 108 at position (8,25)
[LOCAL ZONE] Found newly touched conflict 6 at position (9,25)
[Solve_local_zone] Final expanded zone contains 221 positions with 108 conflicts 
[Solve_local_zone] New time window: [4, 33]
[Solve_local_zone] Current local zone size: 221 (32.4047% of all walkable positions)
[Solve_local_zone] Local zone time window: [4, 33]
[Create_Local_problem] Agent 1 returned to the zone 1 times within time window
[Current_Solution] Agent 6 used 23 waiting timesteps, 21 remaining
[Current_Solution] Agent 12 used 18 waiting timesteps, 21 remaining
[Current_Solution] Agent 16 used 25 waiting timesteps, 21 remaining
[Current_Solution] Agent 20 used 26 waiting timesteps, 21 remaining
[Current_Solution] Agent 23 used 5 waiting timesteps, 21 remaining
[Current_Solution] Agent 24 used 7 waiting timesteps, 21 remaining
[Current_Solution] Agent 30 used 28 waiting timesteps, 21 remaining
[Create_Local_problem] Agent 34 returned to the zone 1 times within time window
[Current_Solution] Agent 38 used 3 waiting timesteps, 21 remaining
[Current_Solution] Agent 39 used 3 waiting timesteps, 21 remaining
[Current_Solution] Agent 40 used 18 waiting timesteps, 21 remaining
[Current_Solution] Agent 43 used 11 waiting timesteps, 21 remaining
[Current_Solution] Agent 44 used 11 waiting timesteps, 21 remaining
[Current_Solution] Agent 49 used 26 waiting timesteps, 21 remaining
[Waiting_time_Solve] Agent 0 has waiting time 10
[Waiting_time_Solve] Agent 1 has waiting time 15
[Waiting_time_Solve] Agent 2 has waiting time 37
[Waiting_time_Solve] Agent 3 has waiting time 30
[Waiting_time_Solve] Agent 4 has waiting time 13
[Waiting_time_Solve] Agent 5 has waiting time 8
[Waiting_time_Solve] Agent 6 has waiting time 21
[Waiting_time_Solve] Agent 7 has waiting time 35
[Waiting_time_Solve] Agent 8 has waiting time 29
[Waiting_time_Solve] Agent 9 has waiting time 48
[Waiting_time_Solve] Agent 10 has waiting time 52
[Waiting_time_Solve] Agent 11 has waiting time 4
[Waiting_time_Solve] Agent 12 has waiting time 21
[Waiting_time_Solve] Agent 13 has waiting time 37
[Waiting_time_Solve] Agent 14 has waiting time 11
[Waiting_time_Solve] Agent 15 has waiting time 18
[Waiting_time_Solve] Agent 16 has waiting time 21
[Waiting_time_Solve] Agent 17 has waiting time 9
[Waiting_time_Solve] Agent 18 has waiting time 47
[Waiting_time_Solve] Agent 19 has waiting time 36
[Waiting_time_Solve] Agent 20 has waiting time 21
[Waiting_time_Solve] Agent 21 has waiting time 45
[Waiting_time_Solve] Agent 22 has waiting time 6
[Waiting_time_Solve] Agent 23 has waiting time 21
[Waiting_time_Solve] Agent 24 has waiting time 21
[Waiting_time_Solve] Agent 25 has waiting time 37
[Waiting_time_Solve] Agent 26 has waiting time 3
[Waiting_time_Solve] Agent 27 has waiting time 9
[Waiting_time_Solve] Agent 28 has waiting time 33
[Waiting_time_Solve] Agent 29 has waiting time 41
[Waiting_time_Solve] Agent 30 has waiting time 21
[Waiting_time_Solve] Agent 31 has waiting time 39
[Waiting_time_Solve] Agent 32 has waiting time 12
[Waiting_time_Solve] Agent 33 has waiting time 14
[Waiting_time_Solve] Agent 34 has waiting time 7
[Waiting_time_Solve] Agent 35 has waiting time 10
[Waiting_time_Solve] Agent 36 has waiting time 36
[Waiting_time_Solve] Agent 37 has waiting time 16
[Waiting_time_Solve] Agent 38 has waiting time 21
[Waiting_time_Solve] Agent 39 has waiting time 21
[Waiting_time_Solve] Agent 40 has waiting time 21
[Waiting_time_Solve] Agent 41 has waiting time 5
[Waiting_time_Solve] Agent 42 has waiting time 21
[Waiting_time_Solve] Agent 43 has waiting time 21
[Waiting_time_Solve] Agent 44 has waiting time 21
[Waiting_time_Solve] Agent 45 has waiting time 37
[Waiting_time_Solve] Agent 46 has waiting time 0
[Waiting_time_Solve] Agent 47 has waiting time 20
[Waiting_time_Solve] Agent 48 has waiting time 1
[Waiting_time_Solve] Agent 49 has waiting time 21
[Waiting_time_Solve] Total available waiting time: 1104
[Waiting_time_Solve] Max iterations: 1104
[Waiting_time_Solve] Iteration 0...
[Waiting_time_Solve] Agent 34 pseudo agents: 51 
[Waiting_time_Solve] Agent 1 pseudo agents: 50 
[SAT] Start solving CNF: 329423 clauses and 11328 variables
[SAT] Agent 49 entry time: 4 exit time: 33
[SAT] Agent 48 entry time: 15 exit time: 33
[SAT] Agent 47 entry time: 4 exit time: 24
[SAT] Agent 46 entry time: 4 exit time: 33
[SAT] Agent 45 entry time: 4 exit time: 9
[SAT] Agent 44 entry time: 18 exit time: 33
[SAT] Agent 43 entry time: 4 exit time: 33
[SAT] Agent 42 entry time: 10 exit time: 30
[SAT] Agent 41 entry time: 6 exit time: 33
[SAT] Agent 40 entry time: 9 exit time: 33
[SAT] Agent 39 entry time: 15 exit time: 33
[SAT] Agent 38 entry time: 5 exit time: 33
[SAT] Agent 37 entry time: 5 exit time: 31
[SAT] Agent 15 entry time: 4 exit time: 28
[SAT] Agent 12 entry time: 4 exit time: 33
[SAT] Agent 8 entry time: 10 exit time: 20
[SAT] Agent 6 entry time: 4 exit time: 33
[SAT] Agent 35 entry time: 14 exit time: 33
[SAT] Agent 5 entry time: 4 exit time: 32
[SAT] Agent 34 entry time: 17 exit time: 23
[SAT] Agent 4 entry time: 6 exit time: 33
[SAT] Agent 33 entry time: 4 exit time: 33
[SAT] Agent 3 entry time: 4 exit time: 19
[SAT] Agent 11 entry time: 4 exit time: 33
[SAT] Agent 50 entry time: 30 exit time: 33
[SAT] Agent 14 entry time: 4 exit time: 33
[SAT] Agent 1 entry time: 6 exit time: 22
[SAT] Agent 30 entry time: 4 exit time: 33
[SAT] Agent 13 entry time: 4 exit time: 13
[SAT] Agent 0 entry time: 16 exit time: 33
[SAT] Agent 16 entry time: 4 exit time: 33
[SAT] Agent 17 entry time: 4 exit time: 33
[SAT] Agent 19 entry time: 5 exit time: 13
[SAT] Agent 20 entry time: 4 exit time: 33
[SAT] Agent 22 entry time: 19 exit time: 33
[SAT] Agent 51 entry time: 31 exit time: 33
[SAT] Agent 23 entry time: 4 exit time: 33
[SAT] Agent 24 entry time: 8 exit time: 33
[SAT] Agent 25 entry time: 7 exit time: 15
[SAT] Agent 26 entry time: 4 exit time: 33
[SAT] Agent 27 entry time: 4 exit time: 33
[SAT] Agent 28 entry time: 4 exit time: 18

[SAT] Start time: 4 End time: 33

[SAT] Solving local zone with SAT iteration 1...
[SAT] Local CNF: 329423 clauses 

DEBUG: Adding 329423 new clauses to MiniSAT (incremental run)
DEBUG: Clause load summary: input=329423, added=329423, tautologies_skipped=0, duplicates_skipped=0, unit_clauses=409, empties=0, intra_clause_literals_removed=0, added_but_db_unchanged=464
DEBUG: After adding clauses, solver has 328550 clauses and 11328 variables
DEBUG: MiniSAT found 11328 variables
DEBUG: Assignment size: 11328
DEBUG: First few assignment values: 1 0 1 0 0 0 1 0 0 0 

=== DEBUG: cnf_assignment_to_paths ===
Input assignment size: 11328

=== END DEBUG ===
[SAT] Found 76 vertex collisions and 33 edge collisions
[SAT] Adding collision clauses and solving again...
[SAT] Solving local zone with SAT iteration 2...
[SAT] Local CNF: 329532 clauses 

DEBUG: Adding 109 new clauses to MiniSAT (incremental run)
[SAT] Previous assignment invalidated by new clauses, reset solver and retrying without assumptions...
DEBUG: Adding 329532 new clauses to MiniSAT (incremental run)
[SAT] Local problem appears to be unsatisfiable in current zone
[Waiting_time_Solve] No solution found, trying to apply waiting time:1
[Waiting_time_Solve] Applying waiting time 1 to agent 3 who has waiting time 30
[Waiting_time_Solve] New path is consistent after applying waiting time for agent 3
[Current_Solution] Agent 3 used 1 waiting timesteps, 29 remaining
[Waiting_time_Solve] Applied 1 waiting time  for agent 3 who has waiting time 29
[Waiting_time_Solve] Applying waiting time 1 to agent 8 who has waiting time 29
[Waiting_time_Solve] New path is consistent after applying waiting time for agent 8
[Current_Solution] Agent 8 used 1 waiting timesteps, 28 remaining
[Waiting_time_Solve] Applied 1 waiting time  for agent 8 who has waiting time 28
[Waiting_time_Solve] Applying waiting time 1 to agent 4 who has waiting time 13
[Waiting_time_Solve] New path is consistent after applying waiting time for agent 4
[Current_Solution] Agent 4 used 1 waiting timesteps, 12 remaining
[Waiting_time_Solve] Applied 1 waiting time  for agent 4 who has waiting time 12
[Waiting_time_Solve] Applying waiting time 1 to agent 5 who has waiting time 8
[Waiting_time_Solve] New path is consistent after applying waiting time for agent 5
[Current_Solution] Agent 5 used 1 waiting timesteps, 7 remaining
[Waiting_time_Solve] Applied 1 waiting time  for agent 5 who has waiting time 7
[Waiting_time_Solve] Applying waiting time 1 to agent 12 who has waiting time 21
[Current_Solution] Agent 12 used 1 waiting timesteps, 20 remaining
[Waiting_time_Solve] New path is consistent after applying waiting time for agent 12
[Current_Solution] Agent 12 used 1 waiting timesteps, 19 remaining
[Waiting_time_Solve] Applied 1 waiting time  for agent 12 who has waiting time 19
[Waiting_time_Solve] Applying waiting time 1 to agent 13 who has waiting time 37
[Waiting_time_Solve] New path is consistent after applying waiting time for agent 13
[Current_Solution] Agent 13 used 1 waiting timesteps, 36 remaining
[Waiting_time_Solve] Applied 1 waiting time  for agent 13 who has waiting time 36
[Waiting_time_Solve] Applying waiting time 1 to agent 41 who has waiting time 5
[Waiting_time_Solve] New path is consistent after applying waiting time for agent 41
[Current_Solution] Agent 41 used 1 waiting timesteps, 4 remaining
[Waiting_time_Solve] Applied 1 waiting time  for agent 41 who has waiting time 4
[Waiting_time_Solve] Applying waiting time 1 to agent 15 who has waiting time 18
[Waiting_time_Solve] New path is consistent after applying waiting time for agent 15
[Current_Solution] Agent 15 used 1 waiting timesteps, 17 remaining
[Waiting_time_Solve] Applied 1 waiting time  for agent 15 who has waiting time 17
[Waiting_time_Solve] Applying waiting time 1 to agent 20 who has waiting time 21
[Current_Solution] Agent 20 used 1 waiting timesteps, 20 remaining
[Waiting_time_Solve] New path is consistent after applying waiting time for agent 20
[Current_Solution] Agent 20 used 1 waiting timesteps, 19 remaining
[Waiting_time_Solve] Applied 1 waiting time  for agent 20 who has waiting time 19
[Waiting_time_Solve] Applying waiting time 1 to agent 17 who has waiting time 9
[Waiting_time_Solve] New path is consistent after applying waiting time for agent 17
[Current_Solution] Agent 17 used 1 waiting timesteps, 8 remaining
[Waiting_time_Solve] Applied 1 waiting time  for agent 17 who has waiting time 8
[Waiting_time_Solve] Applying waiting time 1 to agent 25 who has waiting time 37
[Waiting_time_Solve] New path is consistent after applying waiting time for agent 25
[Current_Solution] Agent 25 used 1 waiting timesteps, 36 remaining
[Waiting_time_Solve] Applied 1 waiting time  for agent 25 who has waiting time 36
[Waiting_time_Solve] Applying waiting time 1 to agent 40 who has waiting time 21
[Current_Solution] Agent 40 used 1 waiting timesteps, 20 remaining
[Waiting_time_Solve] New path is consistent after applying waiting time for agent 40
[Current_Solution] Agent 40 used 1 waiting timesteps, 19 remaining
[Waiting_time_Solve] Applied 1 waiting time  for agent 40 who has waiting time 19
[Waiting_time_Solve] Applying waiting time 1 to agent 24 who has waiting time 21
[Current_Solution] Agent 24 used 1 waiting timesteps, 20 remaining
[Waiting_time_Solve] New path is consistent after applying waiting time for agent 24
[Current_Solution] Agent 24 used 1 waiting timesteps, 19 remaining
[Waiting_time_Solve] Applied 1 waiting time  for agent 24 who has waiting time 19
[Waiting_time_Solve] Applying waiting time 1 to agent 43 who has waiting time 21
[Current_Solution] Agent 43 used 1 waiting timesteps, 20 remaining
[Waiting_time_Solve] New path is consistent after applying waiting time for agent 43
[Current_Solution] Agent 43 used 1 waiting timesteps, 19 remaining
[Waiting_time_Solve] Applied 1 waiting time  for agent 43 who has waiting time 19
[Waiting_time_Solve] Applying waiting time 1 to agent 27 who has waiting time 9
[Waiting_time_Solve] New path is consistent after applying waiting time for agent 27
[Current_Solution] Agent 27 used 1 waiting timesteps, 8 remaining
[Waiting_time_Solve] Applied 1 waiting time  for agent 27 who has waiting time 8
[Waiting_time_Solve] Applying waiting time 1 to agent 30 who has waiting time 21
[Current_Solution] Agent 30 used 1 waiting timesteps, 20 remaining
[Waiting_time_Solve] New path is consistent after applying waiting time for agent 30
[Current_Solution] Agent 30 used 1 waiting timesteps, 19 remaining
[Waiting_time_Solve] Applied 1 waiting time  for agent 30 who has waiting time 19
[Waiting_time_Solve] Applying waiting time 1 to agent 33 who has waiting time 14
[Waiting_time_Solve] New path is consistent after applying waiting time for agent 33
[Current_Solution] Agent 33 used 1 waiting timesteps, 13 remaining
[Waiting_time_Solve] Applied 1 waiting time  for agent 33 who has waiting time 13
[Waiting_time_Solve] Applying waiting time 1 to agent 39 who has waiting time 21
[Current_Solution] Agent 39 used 1 waiting timesteps, 20 remaining
[Waiting_time_Solve] New path is consistent after applying waiting time for agent 39
[Current_Solution] Agent 39 used 1 waiting timesteps, 19 remaining
[Waiting_time_Solve] Applied 1 waiting time  for agent 39 who has waiting time 19
[Waiting_time_Solve] Applying waiting time 1 to agent 38 who has waiting time 21
[Current_Solution] Agent 38 used 1 waiting timesteps, 20 remaining
[Waiting_time_Solve] New path is consistent after applying waiting time for agent 38
[Current_Solution] Agent 38 used 1 waiting timesteps, 19 remaining
[Waiting_time_Solve] Applied 1 waiting time  for agent 38 who has waiting time 19
[Waiting_time_Solve] Applying waiting time 1 to agent 14 who has waiting time 11
[Waiting_time_Solve] New path is consistent after applying waiting time for agent 14
[Current_Solution] Agent 14 used 1 waiting timesteps, 10 remaining
[Waiting_time_Solve] Applied 1 waiting time  for agent 14 who has waiting time 10
[Waiting_time_Solve] Applying waiting time 1 to agent 23 who has waiting time 21
[Current_Solution] Agent 23 used 1 waiting timesteps, 20 remaining
[Waiting_time_Solve] New path is consistent after applying waiting time for agent 23
[Current_Solution] Agent 23 used 1 waiting timesteps, 19 remaining
[Waiting_time_Solve] Applied 1 waiting time  for agent 23 who has waiting time 19
[Waiting_time_Solve] Applying waiting time 1 to agent 26 who has waiting time 3
[Waiting_time_Solve] New path is consistent after applying waiting time for agent 26
[Current_Solution] Agent 26 used 1 waiting timesteps, 2 remaining
[Waiting_time_Solve] Applied 1 waiting time  for agent 26 who has waiting time 2
[Waiting_time_Solve] Applying waiting time 1 to agent 49 who has waiting time 21
[Current_Solution] Agent 49 used 1 waiting timesteps, 20 remaining
[Waiting_time_Solve] New path is consistent after applying waiting time for agent 49
[Current_Solution] Agent 49 used 1 waiting timesteps, 19 remaining
[Waiting_time_Solve] Applied 1 waiting time  for agent 49 who has waiting time 19
[Waiting_time_Solve] Applying waiting time 1 to agent 42 who has waiting time 21
[Waiting_time_Solve] New path is consistent after applying waiting time for agent 42
[Current_Solution] Agent 42 used 1 waiting timesteps, 20 remaining
[Waiting_time_Solve] Applied 1 waiting time  for agent 42 who has waiting time 20
[Waiting_time_Solve] Applying waiting time 1 to agent 19 who has waiting time 36
[Waiting_time_Solve] New path is consistent after applying waiting time for agent 19
[Current_Solution] Agent 19 used 1 waiting timesteps, 35 remaining
[Waiting_time_Solve] Applied 1 waiting time  for agent 19 who has waiting time 35
[Waiting_time_Solve] ALL Waiting time applied
[Waiting_time_Solve] Extended Zone end time from 33 to 34
[Current_Solution] Agent 6 used 1 waiting timesteps, 20 remaining
[Current_Solution] Agent 16 used 1 waiting timesteps, 20 remaining
[Current_Solution] Agent 44 used 1 waiting timesteps, 20 remaining
[Waiting_time_Solve] Iteration 1...
[Waiting_time_Solve] Agent 34 pseudo agents: 51 
[Waiting_time_Solve] Agent 1 pseudo agents: 50 
[SAT] Start solving CNF: 382727 clauses and 12968 variables
[SAT] Agent 49 entry time: 4 exit time: 34
[SAT] Agent 48 entry time: 15 exit time: 34
[SAT] Agent 47 entry time: 4 exit time: 24
[SAT] Agent 46 entry time: 4 exit time: 34
[SAT] Agent 45 entry time: 4 exit time: 9
[SAT] Agent 44 entry time: 18 exit time: 34
[SAT] Agent 43 entry time: 4 exit time: 34
[SAT] Agent 42 entry time: 10 exit time: 31
[SAT] Agent 41 entry time: 6 exit time: 34
[SAT] Agent 40 entry time: 9 exit time: 34
[SAT] Agent 39 entry time: 15 exit time: 34
[SAT] Agent 38 entry time: 5 exit time: 34
[SAT] Agent 37 entry time: 5 exit time: 31
[SAT] Agent 15 entry time: 4 exit time: 29
[SAT] Agent 12 entry time: 4 exit time: 34
[SAT] Agent 8 entry time: 10 exit time: 21
[SAT] Agent 6 entry time: 4 exit time: 34
[SAT] Agent 35 entry time: 14 exit time: 34
[SAT] Agent 5 entry time: 4 exit time: 33
[SAT] Agent 34 entry time: 17 exit time: 23
[SAT] Agent 4 entry time: 6 exit time: 34
[SAT] Agent 33 entry time: 4 exit time: 34
[SAT] Agent 3 entry time: 4 exit time: 20
[SAT] Agent 11 entry time: 4 exit time: 34
[SAT] Agent 50 entry time: 30 exit time: 34
[SAT] Agent 14 entry time: 4 exit time: 34
[SAT] Agent 1 entry time: 6 exit time: 22
[SAT] Agent 30 entry time: 4 exit time: 34
[SAT] Agent 13 entry time: 4 exit time: 14
[SAT] Agent 0 entry time: 16 exit time: 34
[SAT] Agent 16 entry time: 4 exit time: 34
[SAT] Agent 17 entry time: 4 exit time: 34
[SAT] Agent 19 entry time: 5 exit time: 14
[SAT] Agent 20 entry time: 4 exit time: 34
[SAT] Agent 22 entry time: 19 exit time: 34
[SAT] Agent 51 entry time: 31 exit time: 34
[SAT] Agent 23 entry time: 4 exit time: 34
[SAT] Agent 24 entry time: 8 exit time: 34
[SAT] Agent 25 entry time: 7 exit time: 16
[SAT] Agent 26 entry time: 4 exit time: 34
[SAT] Agent 27 entry time: 4 exit time: 34
[SAT] Agent 28 entry time: 4 exit time: 18

[SAT] Start time: 4 End time: 34

[SAT] Solving local zone with SAT iteration 1...
[SAT] Local CNF: 382836 clauses 

DEBUG: Adding 382836 new clauses to MiniSAT (incremental run)
DEBUG: Clause load summary: input=382836, added=382836, tautologies_skipped=0, duplicates_skipped=0, unit_clauses=196, empties=0, intra_clause_literals_removed=0, added_but_db_unchanged=275
DEBUG: After adding clauses, solver has 382365 clauses and 12968 variables
DEBUG: MiniSAT found 12968 variables
DEBUG: Assignment size: 12968
DEBUG: First few assignment values: 1 0 1 0 0 0 0 0 0 0 

=== DEBUG: cnf_assignment_to_paths ===
Input assignment size: 12968

=== END DEBUG ===
[SAT] Found 83 vertex collisions and 25 edge collisions
[SAT] Adding collision clauses and solving again...
[SAT] Solving local zone with SAT iteration 2...
[SAT] Local CNF: 382944 clauses 

DEBUG: Adding 108 new clauses to MiniSAT (incremental run)
[SAT] Previous assignment invalidated by new clauses, reset solver and retrying without assumptions...
DEBUG: Adding 382944 new clauses to MiniSAT (incremental run)
[SAT] Local problem appears to be unsatisfiable in current zone
[Waiting_time_Solve] No solution found, trying to apply waiting time:2
[Waiting_time_Solve] Applying waiting time 2 to agent 0 who has waiting time 10
[Waiting_time_Solve] New path is consistent after applying waiting time for agent 0
[Current_Solution] Agent 0 used 2 waiting timesteps, 8 remaining
[Waiting_time_Solve] Applied 2 waiting time  for agent 0 who has waiting time 8
[Waiting_time_Solve] Applying waiting time 2 to agent 13 who has waiting time 36
[Waiting_time_Solve] New path is consistent after applying waiting time for agent 13
[Current_Solution] Agent 13 used 2 waiting timesteps, 34 remaining
[Waiting_time_Solve] Applied 2 waiting time  for agent 13 who has waiting time 34
[Waiting_time_Solve] Applying waiting time 2 to agent 42 who has waiting time 20
[Waiting_time_Solve] New path is consistent after applying waiting time for agent 42
[Current_Solution] Agent 42 used 2 waiting timesteps, 18 remaining
[Waiting_time_Solve] Applied 2 waiting time  for agent 42 who has waiting time 18
[Waiting_time_Solve] Applying waiting time 2 to agent 3 who has waiting time 29
[Waiting_time_Solve] New path is consistent after applying waiting time for agent 3
[Current_Solution] Agent 3 used 2 waiting timesteps, 27 remaining
[Waiting_time_Solve] Applied 2 waiting time  for agent 3 who has waiting time 27
[Waiting_time_Solve] Applying waiting time 2 to agent 4 who has waiting time 12
[Waiting_time_Solve] New path is consistent after applying waiting time for agent 4
[Current_Solution] Agent 4 used 2 waiting timesteps, 10 remaining
[Waiting_time_Solve] Applied 2 waiting time  for agent 4 who has waiting time 10
[Waiting_time_Solve] Applying waiting time 2 to agent 6 who has waiting time 20
[Current_Solution] Agent 6 used 2 waiting timesteps, 18 remaining
[Waiting_time_Solve] New path is consistent after applying waiting time for agent 6
[Current_Solution] Agent 6 used 2 waiting timesteps, 16 remaining
[Waiting_time_Solve] Applied 2 waiting time  for agent 6 who has waiting time 16
[Waiting_time_Solve] Applying waiting time 2 to agent 20 who has waiting time 19
[Current_Solution] Agent 20 used 1 waiting timesteps, 18 remaining
[Waiting_time_Solve] New path is consistent after applying waiting time for agent 20
[Current_Solution] Agent 20 used 2 waiting timesteps, 16 remaining
[Waiting_time_Solve] Applied 2 waiting time  for agent 20 who has waiting time 16
[Waiting_time_Solve] Applying waiting time 2 to agent 5 who has waiting time 7
[Waiting_time_Solve] New path is consistent after applying waiting time for agent 5
[Current_Solution] Agent 5 used 2 waiting timesteps, 5 remaining
[Waiting_time_Solve] Applied 2 waiting time  for agent 5 who has waiting time 5
[Waiting_time_Solve] Applying waiting time 2 to agent 14 who has waiting time 10
[Waiting_time_Solve] New path is consistent after applying waiting time for agent 14
[Current_Solution] Agent 14 used 2 waiting timesteps, 8 remaining
[Waiting_time_Solve] Applied 2 waiting time  for agent 14 who has waiting time 8
[Waiting_time_Solve] Applying waiting time 2 to agent 17 who has waiting time 8
[Waiting_time_Solve] New path is consistent after applying waiting time for agent 17
[Current_Solution] Agent 17 used 2 waiting timesteps, 6 remaining
[Waiting_time_Solve] Applied 2 waiting time  for agent 17 who has waiting time 6
[Waiting_time_Solve] Applying waiting time 2 to agent 40 who has waiting time 19
[Current_Solution] Agent 40 used 1 waiting timesteps, 18 remaining
[Waiting_time_Solve] New path is consistent after applying waiting time for agent 40
[Current_Solution] Agent 40 used 2 waiting timesteps, 16 remaining
[Waiting_time_Solve] Applied 2 waiting time  for agent 40 who has waiting time 16
[Waiting_time_Solve] Applying waiting time 2 to agent 24 who has waiting time 19
[Current_Solution] Agent 24 used 1 waiting timesteps, 18 remaining
[Waiting_time_Solve] New path is consistent after applying waiting time for agent 24
[Current_Solution] Agent 24 used 2 waiting timesteps, 16 remaining
[Waiting_time_Solve] Applied 2 waiting time  for agent 24 who has waiting time 16
[Waiting_time_Solve] Applying waiting time 2 to agent 11 who has waiting time 4
[Waiting_time_Solve] New path is consistent after applying waiting time for agent 11
[Current_Solution] Agent 11 used 2 waiting timesteps, 2 remaining
[Waiting_time_Solve] Applied 2 waiting time  for agent 11 who has waiting time 2
[Waiting_time_Solve] Applying waiting time 2 to agent 43 who has waiting time 19
[Current_Solution] Agent 43 used 1 waiting timesteps, 18 remaining
[Waiting_time_Solve] New path is consistent after applying waiting time for agent 43
[Current_Solution] Agent 43 used 2 waiting timesteps, 16 remaining
[Waiting_time_Solve] Applied 2 waiting time  for agent 43 who has waiting time 16
[Waiting_time_Solve] Applying waiting time 2 to agent 30 who has waiting time 19
[Current_Solution] Agent 30 used 1 waiting timesteps, 18 remaining
[Waiting_time_Solve] New path is consistent after applying waiting time for agent 30
[Current_Solution] Agent 30 used 2 waiting timesteps, 16 remaining
[Waiting_time_Solve] Applied 2 waiting time  for agent 30 who has waiting time 16
[Waiting_time_Solve] Applying waiting time 2 to agent 47 who has waiting time 20
[Waiting_time_Solve] New path is consistent after applying waiting time for agent 47
[Current_Solution] Agent 47 used 2 waiting timesteps, 18 remaining
[Waiting_time_Solve] Applied 2 waiting time  for agent 47 who has waiting time 18
[Waiting_time_Solve] Applying waiting time 2 to agent 33 who has waiting time 13
[Waiting_time_Solve] New path is consistent after applying waiting time for agent 33
[Current_Solution] Agent 33 used 2 waiting timesteps, 11 remaining
[Waiting_time_Solve] Applied 2 waiting time  for agent 33 who has waiting time 11
[Waiting_time_Solve] Applying waiting time 2 to agent 38 who has waiting time 19
[Current_Solution] Agent 38 used 1 waiting timesteps, 18 remaining
[Waiting_time_Solve] New path is consistent after applying waiting time for agent 38
[Current_Solution] Agent 38 used 2 waiting timesteps, 16 remaining
[Waiting_time_Solve] Applied 2 waiting time  for agent 38 who has waiting time 16
[Waiting_time_Solve] Applying waiting time 2 to agent 39 who has waiting time 19
[Current_Solution] Agent 39 used 1 waiting timesteps, 18 remaining
[Waiting_time_Solve] New path is consistent after applying waiting time for agent 39
[Current_Solution] Agent 39 used 2 waiting timesteps, 16 remaining
[Waiting_time_Solve] Applied 2 waiting time  for agent 39 who has waiting time 16
[Waiting_time_Solve] Applying waiting time 2 to agent 19 who has waiting time 35
[Waiting_time_Solve] New path is consistent after applying waiting time for agent 19
[Current_Solution] Agent 19 used 2 waiting timesteps, 33 remaining
[Waiting_time_Solve] Applied 2 waiting time  for agent 19 who has waiting time 33
[Waiting_time_Solve] Applying waiting time 2 to agent 23 who has waiting time 19
[Current_Solution] Agent 23 used 1 waiting timesteps, 18 remaining
[Waiting_time_Solve] New path is consistent after applying waiting time for agent 23
[Current_Solution] Agent 23 used 2 waiting timesteps, 16 remaining
[Waiting_time_Solve] Applied 2 waiting time  for agent 23 who has waiting time 16
[Waiting_time_Solve] Applying waiting time 2 to agent 27 who has waiting time 8
[Waiting_time_Solve] New path is consistent after applying waiting time for agent 27
[Current_Solution] Agent 27 used 2 waiting timesteps, 6 remaining
[Waiting_time_Solve] Applied 2 waiting time  for agent 27 who has waiting time 6
[Waiting_time_Solve] Applying waiting time 2 to agent 41 who has waiting time 4
[Waiting_time_Solve] New path is consistent after applying waiting time for agent 41
[Current_Solution] Agent 41 used 2 waiting timesteps, 2 remaining
[Waiting_time_Solve] Applied 2 waiting time  for agent 41 who has waiting time 2
[Waiting_time_Solve] Applying waiting time 2 to agent 22 who has waiting time 6
[Waiting_time_Solve] New path is consistent after applying waiting time for agent 22
[Current_Solution] Agent 22 used 2 waiting timesteps, 4 remaining
[Waiting_time_Solve] Applied 2 waiting time  for agent 22 who has waiting time 4
[Waiting_time_Solve] Applying waiting time 2 to agent 26 who has waiting time 2
[Waiting_time_Solve] New path is consistent after applying waiting time for agent 26
[Current_Solution] Agent 26 used 2 waiting timesteps, 0 remaining
[Waiting_time_Solve] Applied 2 waiting time  for agent 26 who has waiting time 0
[Waiting_time_Solve] ALL Waiting time applied
[Waiting_time_Solve] Extended Zone end time from 34 to 36
[Current_Solution] Agent 12 used 1 waiting timesteps, 18 remaining
[Current_Solution] Agent 16 used 2 waiting timesteps, 18 remaining
[Current_Solution] Agent 44 used 2 waiting timesteps, 18 remaining
[Current_Solution] Agent 49 used 1 waiting timesteps, 18 remaining
[Waiting_time_Solve] Iteration 2...
[Waiting_time_Solve] Agent 34 pseudo agents: 51 
[Waiting_time_Solve] Agent 1 pseudo agents: 50 
[SAT] Start solving CNF: 515836 clauses and 17389 variables
[SAT] Agent 49 entry time: 4 exit time: 36
[SAT] Agent 48 entry time: 15 exit time: 36
[SAT] Agent 47 entry time: 4 exit time: 26
[SAT] Agent 46 entry time: 4 exit time: 36
[SAT] Agent 45 entry time: 4 exit time: 9
[SAT] Agent 44 entry time: 18 exit time: 36
[SAT] Agent 43 entry time: 4 exit time: 36
[SAT] Agent 42 entry time: 10 exit time: 33
[SAT] Agent 41 entry time: 6 exit time: 36
[SAT] Agent 40 entry time: 9 exit time: 36
[SAT] Agent 39 entry time: 15 exit time: 36
[SAT] Agent 38 entry time: 5 exit time: 36
[SAT] Agent 37 entry time: 5 exit time: 31
[SAT] Agent 15 entry time: 4 exit time: 29
[SAT] Agent 12 entry time: 4 exit time: 36
[SAT] Agent 8 entry time: 10 exit time: 21
[SAT] Agent 6 entry time: 4 exit time: 36
[SAT] Agent 35 entry time: 14 exit time: 35
[SAT] Agent 5 entry time: 4 exit time: 35
[SAT] Agent 34 entry time: 17 exit time: 23
[SAT] Agent 4 entry time: 6 exit time: 36
[SAT] Agent 33 entry time: 4 exit time: 36
[SAT] Agent 3 entry time: 4 exit time: 22
[SAT] Agent 11 entry time: 4 exit time: 36
[SAT] Agent 50 entry time: 30 exit time: 36
[SAT] Agent 14 entry time: 4 exit time: 36
[SAT] Agent 1 entry time: 6 exit time: 22
[SAT] Agent 30 entry time: 4 exit time: 36
[SAT] Agent 13 entry time: 4 exit time: 16
[SAT] Agent 0 entry time: 16 exit time: 36
[SAT] Agent 16 entry time: 4 exit time: 36
[SAT] Agent 17 entry time: 4 exit time: 36
[SAT] Agent 19 entry time: 5 exit time: 16
[SAT] Agent 20 entry time: 4 exit time: 36
[SAT] Agent 22 entry time: 19 exit time: 36
[SAT] Agent 51 entry time: 31 exit time: 36
[SAT] Agent 23 entry time: 4 exit time: 36
[SAT] Agent 24 entry time: 8 exit time: 36
[SAT] Agent 25 entry time: 7 exit time: 16
[SAT] Agent 26 entry time: 4 exit time: 36
[SAT] Agent 27 entry time: 4 exit time: 36
[SAT] Agent 28 entry time: 4 exit time: 18

[SAT] Start time: 4 End time: 36

[SAT] Solving local zone with SAT iteration 1...
[SAT] Local CNF: 516053 clauses 

DEBUG: Adding 516053 new clauses to MiniSAT (incremental run)
DEBUG: Clause load summary: input=516053, added=516053, tautologies_skipped=0, duplicates_skipped=0, unit_clauses=155, empties=0, intra_clause_literals_removed=0, added_but_db_unchanged=252
DEBUG: After adding clauses, solver has 515646 clauses and 17389 variables
DEBUG: MiniSAT found 17389 variables
DEBUG: Assignment size: 17389
DEBUG: First few assignment values: 1 0 0 1 0 0 1 0 0 0 

=== DEBUG: cnf_assignment_to_paths ===
Input assignment size: 17389

=== END DEBUG ===
[SAT] Found 61 vertex collisions and 30 edge collisions
[SAT] Adding collision clauses and solving again...
[SAT] Solving local zone with SAT iteration 2...
[SAT] Local CNF: 516144 clauses 

DEBUG: Adding 91 new clauses to MiniSAT (incremental run)
[SAT] Previous assignment invalidated by new clauses, reset solver and retrying without assumptions...
DEBUG: Adding 516144 new clauses to MiniSAT (incremental run)
[SAT] Local problem appears to be unsatisfiable in current zone
[Waiting_time_Solve] No solution found, trying to apply waiting time:3
[Waiting_time_Solve] Applying waiting time 3 to agent 3 who has waiting time 27
[Waiting_time_Solve] New path is consistent after applying waiting time for agent 3
[Current_Solution] Agent 3 used 3 waiting timesteps, 24 remaining
[Waiting_time_Solve] Applied 3 waiting time  for agent 3 who has waiting time 24
[Waiting_time_Solve] Applying waiting time 3 to agent 8 who has waiting time 28
[Waiting_time_Solve] New path is consistent after applying waiting time for agent 8
[Current_Solution] Agent 8 used 3 waiting timesteps, 25 remaining
[Waiting_time_Solve] Applied 3 waiting time  for agent 8 who has waiting time 25
[Waiting_time_Solve] Applying waiting time 3 to agent 4 who has waiting time 10
[Waiting_time_Solve] New path is consistent after applying waiting time for agent 4
[Current_Solution] Agent 4 used 3 waiting timesteps, 7 remaining
[Waiting_time_Solve] Applied 3 waiting time  for agent 4 who has waiting time 7
[Waiting_time_Solve] Applying waiting time 3 to agent 5 who has waiting time 5
[Waiting_time_Solve] New path is consistent after applying waiting time for agent 5
[Current_Solution] Agent 5 used 3 waiting timesteps, 2 remaining
[Waiting_time_Solve] Applied 3 waiting time  for agent 5 who has waiting time 2
[Waiting_time_Solve] Applying waiting time 3 to agent 12 who has waiting time 18
[Current_Solution] Agent 12 used 3 waiting timesteps, 15 remaining
[Waiting_time_Solve] New path is consistent after applying waiting time for agent 12
[Current_Solution] Agent 12 used 3 waiting timesteps, 12 remaining
[Waiting_time_Solve] Applied 3 waiting time  for agent 12 who has waiting time 12
[Waiting_time_Solve] Applying waiting time 3 to agent 13 who has waiting time 34
[Waiting_time_Solve] New path is consistent after applying waiting time for agent 13
[Current_Solution] Agent 13 used 3 waiting timesteps, 31 remaining
[Waiting_time_Solve] Applied 3 waiting time  for agent 13 who has waiting time 31
[Waiting_time_Solve] INFO: not enough waiting time for agent 11 (needs 3, available: 2)
[Waiting_time_Solve] Applying waiting time 3 to agent 42 who has waiting time 18
[Waiting_time_Solve] New path is consistent after applying waiting time for agent 42
[Current_Solution] Agent 42 used 3 waiting timesteps, 15 remaining
[Waiting_time_Solve] Applied 3 waiting time  for agent 42 who has waiting time 15
[Waiting_time_Solve] Applying waiting time 3 to agent 43 who has waiting time 16
[Current_Solution] Agent 43 used 1 waiting timesteps, 15 remaining
[Waiting_time_Solve] New path is consistent after applying waiting time for agent 43
[Current_Solution] Agent 43 used 3 waiting timesteps, 12 remaining
[Waiting_time_Solve] Applied 3 waiting time  for agent 43 who has waiting time 12
[Waiting_time_Solve] Applying waiting time 3 to agent 15 who has waiting time 17
[Waiting_time_Solve] New path is consistent after applying waiting time for agent 15
[Current_Solution] Agent 15 used 3 waiting timesteps, 14 remaining
[Waiting_time_Solve] Applied 3 waiting time  for agent 15 who has waiting time 14
[Waiting_time_Solve] Applying waiting time 3 to agent 17 who has waiting time 6
[Waiting_time_Solve] New path is consistent after applying waiting time for agent 17
[Current_Solution] Agent 17 used 3 waiting timesteps, 3 remaining
[Waiting_time_Solve] Applied 3 waiting time  for agent 17 who has waiting time 3
[Waiting_time_Solve] Applying waiting time 3 to agent 23 who has waiting time 16
[Current_Solution] Agent 23 used 1 waiting timesteps, 15 remaining
[Waiting_time_Solve] New path is consistent after applying waiting time for agent 23
[Current_Solution] Agent 23 used 3 waiting timesteps, 12 remaining
[Waiting_time_Solve] Applied 3 waiting time  for agent 23 who has waiting time 12
[Waiting_time_Solve] INFO: not enough waiting time for agent 11 (needs 3, available: 2)
[Waiting_time_Solve] ALL Waiting time applied
[Waiting_time_Solve] Out of waiting time
[Waiting_time_Solve] No solution found
[Waiting_time_Solve] Restoring original paths
[Waiting_time_Solve] Restoring waiting times
[Current_Solution] Restored waiting times from backup
[Current_Solution] Restored paths from backup
[Solve_local_zone] Zone with expansion factor 2failed
[Solve_local_zone] Expanding zone with offset 5 (original: 1)
[LOCAL ZONE] Found newly touched conflict 59 at position (6,29)
[Solve_local_zone] Final expanded zone contains 314 positions with 109 conflicts 
[Solve_local_zone] New time window: [2, 35]
[Solve_local_zone] Current local zone size: 314 (46.0411% of all walkable positions)
[Solve_local_zone] Local zone time window: [2, 35]
[Create_Local_problem] Agent 1 returned to the zone 1 times within time window
[Current_Solution] Agent 6 used 25 waiting timesteps, 19 remaining
[Create_Local_problem] Agent 8 returned to the zone 1 times within time window
[Current_Solution] Agent 8 used 10 waiting timesteps, 19 remaining
[Current_Solution] Agent 12 used 20 waiting timesteps, 19 remaining
[Current_Solution] Agent 16 used 27 waiting timesteps, 19 remaining
[Current_Solution] Agent 20 used 28 waiting timesteps, 19 remaining
[Current_Solution] Agent 23 used 7 waiting timesteps, 19 remaining
[Current_Solution] Agent 24 used 9 waiting timesteps, 19 remaining
[Create_Local_problem] Agent 25 returned to the zone 1 times within time window
[Current_Solution] Agent 25 used 18 waiting timesteps, 19 remaining
[Current_Solution] Agent 30 used 30 waiting timesteps, 19 remaining
[Create_Local_problem] Agent 31 returned to the zone 5 times within time window
[Current_Solution] Agent 31 used 20 waiting timesteps, 19 remaining
[Create_Local_problem] Agent 32 returned to the zone 1 times within time window
[Create_Local_problem] Agent 34 returned to the zone 1 times within time window
[Current_Solution] Agent 38 used 5 waiting timesteps, 19 remaining
[Current_Solution] Agent 39 used 5 waiting timesteps, 19 remaining
[Current_Solution] Agent 40 used 20 waiting timesteps, 19 remaining
[Current_Solution] Agent 43 used 13 waiting timesteps, 19 remaining
[Current_Solution] Agent 44 used 13 waiting timesteps, 19 remaining
[Current_Solution] Agent 49 used 28 waiting timesteps, 19 remaining
[Waiting_time_Solve] Agent 0 has waiting time 10
[Waiting_time_Solve] Agent 1 has waiting time 15
[Waiting_time_Solve] Agent 2 has waiting time 37
[Waiting_time_Solve] Agent 3 has waiting time 30
[Waiting_time_Solve] Agent 4 has waiting time 13
[Waiting_time_Solve] Agent 5 has waiting time 8
[Waiting_time_Solve] Agent 6 has waiting time 19
[Waiting_time_Solve] Agent 7 has waiting time 35
[Waiting_time_Solve] Agent 8 has waiting time 19
[Waiting_time_Solve] Agent 9 has waiting time 48
[Waiting_time_Solve] Agent 10 has waiting time 52
[Waiting_time_Solve] Agent 11 has waiting time 4
[Waiting_time_Solve] Agent 12 has waiting time 19
[Waiting_time_Solve] Agent 13 has waiting time 37
[Waiting_time_Solve] Agent 14 has waiting time 11
[Waiting_time_Solve] Agent 15 has waiting time 18
[Waiting_time_Solve] Agent 16 has waiting time 19
[Waiting_time_Solve] Agent 17 has waiting time 9
[Waiting_time_Solve] Agent 18 has waiting time 47
[Waiting_time_Solve] Agent 19 has waiting time 36
[Waiting_time_Solve] Agent 20 has waiting time 19
[Waiting_time_Solve] Agent 21 has waiting time 45
[Waiting_time_Solve] Agent 22 has waiting time 6
[Waiting_time_Solve] Agent 23 has waiting time 19
[Waiting_time_Solve] Agent 24 has waiting time 19
[Waiting_time_Solve] Agent 25 has waiting time 19
[Waiting_time_Solve] Agent 26 has waiting time 3
[Waiting_time_Solve] Agent 27 has waiting time 9
[Waiting_time_Solve] Agent 28 has waiting time 33
[Waiting_time_Solve] Agent 29 has waiting time 41
[Waiting_time_Solve] Agent 30 has waiting time 19
[Waiting_time_Solve] Agent 31 has waiting time 19
[Waiting_time_Solve] Agent 32 has waiting time 12
[Waiting_time_Solve] Agent 33 has waiting time 14
[Waiting_time_Solve] Agent 34 has waiting time 7
[Waiting_time_Solve] Agent 35 has waiting time 10
[Waiting_time_Solve] Agent 36 has waiting time 36
[Waiting_time_Solve] Agent 37 has waiting time 16
[Waiting_time_Solve] Agent 38 has waiting time 19
[Waiting_time_Solve] Agent 39 has waiting time 19
[Waiting_time_Solve] Agent 40 has waiting time 19
[Waiting_time_Solve] Agent 41 has waiting time 5
[Waiting_time_Solve] Agent 42 has waiting time 21
[Waiting_time_Solve] Agent 43 has waiting time 19
[Waiting_time_Solve] Agent 44 has waiting time 19
[Waiting_time_Solve] Agent 45 has waiting time 37
[Waiting_time_Solve] Agent 46 has waiting time 0
[Waiting_time_Solve] Agent 47 has waiting time 20
[Waiting_time_Solve] Agent 48 has waiting time 1
[Waiting_time_Solve] Agent 49 has waiting time 19
[Waiting_time_Solve] Total available waiting time: 1030
[Waiting_time_Solve] Max iterations: 1030
[Waiting_time_Solve] Iteration 0...
[Waiting_time_Solve] Agent 34 pseudo agents: 59 
[Waiting_time_Solve] Agent 8 pseudo agents: 51 
[Waiting_time_Solve] Agent 32 pseudo agents: 58 
[Waiting_time_Solve] Agent 31 pseudo agents: 53 54 55 56 57 
[Waiting_time_Solve] Agent 1 pseudo agents: 50 
[Waiting_time_Solve] Agent 25 pseudo agents: 52 
[SAT] Start solving CNF: 706157 clauses and 19182 variables
[SAT] Agent 49 entry time: 2 exit time: 35
[SAT] Agent 48 entry time: 13 exit time: 35
[SAT] Agent 47 entry time: 2 exit time: 26
[SAT] Agent 46 entry time: 2 exit time: 35
[SAT] Agent 45 entry time: 2 exit time: 12
[SAT] Agent 44 entry time: 16 exit time: 35
[SAT] Agent 43 entry time: 2 exit time: 35
[SAT] Agent 42 entry time: 8 exit time: 32
[SAT] Agent 41 entry time: 4 exit time: 35
[SAT] Agent 40 entry time: 7 exit time: 35
[SAT] Agent 39 entry time: 13 exit time: 35
[SAT] Agent 38 entry time: 3 exit time: 35
[SAT] Agent 37 entry time: 3 exit time: 33
[SAT] Agent 35 entry time: 12 exit time: 35
[SAT] Agent 34 entry time: 15 exit time: 25
[SAT] Agent 33 entry time: 2 exit time: 35
[SAT] Agent 58 entry time: 9 exit time: 9
[SAT] Agent 32 entry time: 2 exit time: 3
[SAT] Agent 57 entry time: 14 exit time: 35
[SAT] Agent 56 entry time: 12 exit time: 12
[SAT] Agent 55 entry time: 10 exit time: 10
[SAT] Agent 54 entry time: 8 exit time: 8
[SAT] Agent 53 entry time: 6 exit time: 6
[SAT] Agent 31 entry time: 2 exit time: 2
[SAT] Agent 12 entry time: 2 exit time: 35
[SAT] Agent 51 entry time: 7 exit time: 35
[SAT] Agent 22 entry time: 17 exit time: 35
[SAT] Agent 8 entry time: 5 exit time: 5
[SAT] Agent 7 entry time: 10 exit time: 10
[SAT] Agent 6 entry time: 2 exit time: 35
[SAT] Agent 5 entry time: 2 exit time: 34
[SAT] Agent 4 entry time: 3 exit time: 35
[SAT] Agent 3 entry time: 2 exit time: 21
[SAT] Agent 2 entry time: 3 exit time: 3
[SAT] Agent 11 entry time: 2 exit time: 35
[SAT] Agent 50 entry time: 28 exit time: 35
[SAT] Agent 1 entry time: 4 exit time: 24
[SAT] Agent 30 entry time: 2 exit time: 35
[SAT] Agent 59 entry time: 29 exit time: 35
[SAT] Agent 0 entry time: 14 exit time: 35
[SAT] Agent 13 entry time: 2 exit time: 15
[SAT] Agent 14 entry time: 2 exit time: 35
[SAT] Agent 15 entry time: 2 exit time: 30
[SAT] Agent 16 entry time: 2 exit time: 35
[SAT] Agent 17 entry time: 2 exit time: 35
[SAT] Agent 19 entry time: 2 exit time: 15
[SAT] Agent 20 entry time: 2 exit time: 35
[SAT] Agent 23 entry time: 2 exit time: 35
[SAT] Agent 52 entry time: 5 exit time: 35
[SAT] Agent 24 entry time: 6 exit time: 35
[SAT] Agent 25 entry time: 2 exit time: 3
[SAT] Agent 26 entry time: 2 exit time: 35
[SAT] Agent 27 entry time: 2 exit time: 35
[SAT] Agent 28 entry time: 2 exit time: 20

[SAT] Start time: 2 End time: 35

[SAT] Solving local zone with SAT iteration 1...
[SAT] Local CNF: 706157 clauses 

DEBUG: Adding 706157 new clauses to MiniSAT (incremental run)
DEBUG: Clause load summary: input=706157, added=706157, tautologies_skipped=0, duplicates_skipped=0, unit_clauses=485, empties=0, intra_clause_literals_removed=0, added_but_db_unchanged=546
DEBUG: After adding clauses, solver has 705126 clauses and 19182 variables
DEBUG: MiniSAT found 19182 variables
DEBUG: Assignment size: 19182
DEBUG: First few assignment values: 1 0 1 0 0 0 1 0 0 0 

=== DEBUG: cnf_assignment_to_paths ===
Input assignment size: 19182

=== END DEBUG ===
[SAT] Found 74 vertex collisions and 41 edge collisions
[SAT] Adding collision clauses and solving again...
[SAT] Solving local zone with SAT iteration 2...
[SAT] Local CNF: 706272 clauses 

DEBUG: Adding 115 new clauses to MiniSAT (incremental run)
[SAT] Previous assignment invalidated by new clauses, reset solver and retrying without assumptions...
DEBUG: Adding 706272 new clauses to MiniSAT (incremental run)
[SAT] Local problem appears to be unsatisfiable in current zone
[Waiting_time_Solve] No solution found, trying to apply waiting time:1
[Waiting_time_Solve] Applying waiting time 1 to agent 5 who has waiting time 8
[Waiting_time_Solve] New path is consistent after applying waiting time for agent 5
[Current_Solution] Agent 5 used 1 waiting timesteps, 7 remaining
[Waiting_time_Solve] Applied 1 waiting time  for agent 5 who has waiting time 7
[Waiting_time_Solve] Applying waiting time 1 to agent 12 who has waiting time 19
[Current_Solution] Agent 12 used 1 waiting timesteps, 18 remaining
[Waiting_time_Solve] New path is consistent after applying waiting time for agent 12
[Current_Solution] Agent 12 used 1 waiting timesteps, 17 remaining
[Waiting_time_Solve] Applied 1 waiting time  for agent 12 who has waiting time 17
[Waiting_time_Solve] Applying waiting time 1 to agent 13 who has waiting time 37
[Waiting_time_Solve] New path is consistent after applying waiting time for agent 13
[Current_Solution] Agent 13 used 1 waiting timesteps, 36 remaining
[Waiting_time_Solve] Applied 1 waiting time  for agent 13 who has waiting time 36
[Waiting_time_Solve] Applying waiting time 1 to agent 15 who has waiting time 18
[Waiting_time_Solve] New path is consistent after applying waiting time for agent 15
[Current_Solution] Agent 15 used 1 waiting timesteps, 17 remaining
[Waiting_time_Solve] Applied 1 waiting time  for agent 15 who has waiting time 17
[Waiting_time_Solve] Applying waiting time 1 to agent 30 who has waiting time 19
[Current_Solution] Agent 30 used 1 waiting timesteps, 18 remaining
[Waiting_time_Solve] New path is consistent after applying waiting time for agent 30
[Current_Solution] Agent 30 used 1 waiting timesteps, 17 remaining
[Waiting_time_Solve] Applied 1 waiting time  for agent 30 who has waiting time 17
[Waiting_time_Solve] Applying waiting time 1 to agent 16 who has waiting time 19
[Current_Solution] Agent 16 used 1 waiting timesteps, 18 remaining
[Waiting_time_Solve] New path is consistent after applying waiting time for agent 16
[Current_Solution] Agent 16 used 1 waiting timesteps, 17 remaining
[Waiting_time_Solve] Applied 1 waiting time  for agent 16 who has waiting time 17
[Waiting_time_Solve] Applying waiting time 1 to agent 4 who has waiting time 13
[Waiting_time_Solve] New path is consistent after applying waiting time for agent 4
[Current_Solution] Agent 4 used 1 waiting timesteps, 12 remaining
[Waiting_time_Solve] Applied 1 waiting time  for agent 4 who has waiting time 12
[Waiting_time_Solve] Applying waiting time 1 to agent 20 who has waiting time 19
[Current_Solution] Agent 20 used 1 waiting timesteps, 18 remaining
[Waiting_time_Solve] New path is consistent after applying waiting time for agent 20
[Current_Solution] Agent 20 used 1 waiting timesteps, 17 remaining
[Waiting_time_Solve] Applied 1 waiting time  for agent 20 who has waiting time 17
[Waiting_time_Solve] Applying waiting time 1 to agent 40 who has waiting time 19
[Current_Solution] Agent 40 used 1 waiting timesteps, 18 remaining
[Waiting_time_Solve] New path is consistent after applying waiting time for agent 40
[Current_Solution] Agent 40 used 1 waiting timesteps, 17 remaining
[Waiting_time_Solve] Applied 1 waiting time  for agent 40 who has waiting time 17
[Waiting_time_Solve] Applying waiting time 1 to agent 24 who has waiting time 19
[Current_Solution] Agent 24 used 1 waiting timesteps, 18 remaining
[Waiting_time_Solve] New path is consistent after applying waiting time for agent 24
[Current_Solution] Agent 24 used 1 waiting timesteps, 17 remaining
[Waiting_time_Solve] Applied 1 waiting time  for agent 24 who has waiting time 17
[Waiting_time_Solve] Applying waiting time 1 to agent 27 who has waiting time 9
[Waiting_time_Solve] New path is consistent after applying waiting time for agent 27
[Current_Solution] Agent 27 used 1 waiting timesteps, 8 remaining
[Waiting_time_Solve] Applied 1 waiting time  for agent 27 who has waiting time 8
[Waiting_time_Solve] Applying waiting time 1 to agent 33 who has waiting time 14
[Waiting_time_Solve] New path is consistent after applying waiting time for agent 33
[Current_Solution] Agent 33 used 1 waiting timesteps, 13 remaining
[Waiting_time_Solve] Applied 1 waiting time  for agent 33 who has waiting time 13
[Waiting_time_Solve] Applying waiting time 1 to agent 39 who has waiting time 19
[Current_Solution] Agent 39 used 1 waiting timesteps, 18 remaining
[Waiting_time_Solve] New path is consistent after applying waiting time for agent 39
[Current_Solution] Agent 39 used 1 waiting timesteps, 17 remaining
[Waiting_time_Solve] Applied 1 waiting time  for agent 39 who has waiting time 17
[Waiting_time_Solve] Applying waiting time 1 to agent 38 who has waiting time 19
[Current_Solution] Agent 38 used 1 waiting timesteps, 18 remaining
[Waiting_time_Solve] New path is consistent after applying waiting time for agent 38
[Current_Solution] Agent 38 used 1 waiting timesteps, 17 remaining
[Waiting_time_Solve] Applied 1 waiting time  for agent 38 who has waiting time 17
[Waiting_time_Solve] Applying waiting time 1 to agent 41 who has waiting time 5
[Waiting_time_Solve] New path is consistent after applying waiting time for agent 41
[Current_Solution] Agent 41 used 1 waiting timesteps, 4 remaining
[Waiting_time_Solve] Applied 1 waiting time  for agent 41 who has waiting time 4
[Waiting_time_Solve] Applying waiting time 1 to agent 43 who has waiting time 19
[Current_Solution] Agent 43 used 1 waiting timesteps, 18 remaining
[Waiting_time_Solve] New path is consistent after applying waiting time for agent 43
[Current_Solution] Agent 43 used 1 waiting timesteps, 17 remaining
[Waiting_time_Solve] Applied 1 waiting time  for agent 43 who has waiting time 17
[Waiting_time_Solve] Applying waiting time 1 to agent 14 who has waiting time 11
[Waiting_time_Solve] New path is consistent after applying waiting time for agent 14
[Current_Solution] Agent 14 used 1 waiting timesteps, 10 remaining
[Waiting_time_Solve] Applied 1 waiting time  for agent 14 who has waiting time 10
[Waiting_time_Solve] Applying waiting time 1 to agent 17 who has waiting time 9
[Waiting_time_Solve] New path is consistent after applying waiting time for agent 17
[Current_Solution] Agent 17 used 1 waiting timesteps, 8 remaining
[Waiting_time_Solve] Applied 1 waiting time  for agent 17 who has waiting time 8
[Waiting_time_Solve] Applying waiting time 1 to agent 23 who has waiting time 19
[Current_Solution] Agent 23 used 1 waiting timesteps, 18 remaining
[Waiting_time_Solve] New path is consistent after applying waiting time for agent 23
[Current_Solution] Agent 23 used 1 waiting timesteps, 17 remaining
[Waiting_time_Solve] Applied 1 waiting time  for agent 23 who has waiting time 17
[Waiting_time_Solve] Applying waiting time 1 to agent 26 who has waiting time 3
[Waiting_time_Solve] New path is consistent after applying waiting time for agent 26
[Current_Solution] Agent 26 used 1 waiting timesteps, 2 remaining
[Waiting_time_Solve] Applied 1 waiting time  for agent 26 who has waiting time 2
[Waiting_time_Solve] Applying waiting time 1 to agent 49 who has waiting time 19
[Current_Solution] Agent 49 used 1 waiting timesteps, 18 remaining
[Waiting_time_Solve] New path is consistent after applying waiting time for agent 49
[Current_Solution] Agent 49 used 1 waiting timesteps, 17 remaining
[Waiting_time_Solve] Applied 1 waiting time  for agent 49 who has waiting time 17
[Waiting_time_Solve] Applying waiting time 1 to agent 3 who has waiting time 30
[Waiting_time_Solve] New path is consistent after applying waiting time for agent 3
[Current_Solution] Agent 3 used 1 waiting timesteps, 29 remaining
[Waiting_time_Solve] Applied 1 waiting time  for agent 3 who has waiting time 29
[Waiting_time_Solve] Applying waiting time 1 to agent 42 who has waiting time 21
[Waiting_time_Solve] New path is consistent after applying waiting time for agent 42
[Current_Solution] Agent 42 used 1 waiting timesteps, 20 remaining
[Waiting_time_Solve] Applied 1 waiting time  for agent 42 who has waiting time 20
[Waiting_time_Solve] Applying waiting time 1 to agent 19 who has waiting time 36
[Waiting_time_Solve] New path is consistent after applying waiting time for agent 19
[Current_Solution] Agent 19 used 1 waiting timesteps, 35 remaining
[Waiting_time_Solve] Applied 1 waiting time  for agent 19 who has waiting time 35
[Waiting_time_Solve] Applying waiting time 1 to agent 34 who has waiting time 7
[Waiting_time_Solve] New path is consistent after applying waiting time for agent 34
[Current_Solution] Agent 34 used 1 waiting timesteps, 6 remaining
[Waiting_time_Solve] Applied 1 waiting time  for agent 34 who has waiting time 6
[Waiting_time_Solve] Applying waiting time 1 to agent 8 who has waiting time 19
[Current_Solution] Agent 8 used 1 waiting timesteps, 18 remaining
[Waiting_time_Solve] New path is consistent after applying waiting time for agent 8
[Current_Solution] Agent 8 used 1 waiting timesteps, 17 remaining
[Waiting_time_Solve] Applied 1 waiting time  for agent 8 who has waiting time 17
[Waiting_time_Solve] ALL Waiting time applied
[Waiting_time_Solve] Extended Zone end time from 35 to 36
[Current_Solution] Agent 6 used 1 waiting timesteps, 18 remaining
[Current_Solution] Agent 25 used 1 waiting timesteps, 18 remaining
[Current_Solution] Agent 31 used 1 waiting timesteps, 18 remaining
[Current_Solution] Agent 44 used 1 waiting timesteps, 18 remaining
[Waiting_time_Solve] Iteration 1...
[Waiting_time_Solve] Agent 34 pseudo agents: 59 
[Waiting_time_Solve] Agent 8 pseudo agents: 51 
[Waiting_time_Solve] Agent 32 pseudo agents: 58 
[Waiting_time_Solve] Agent 31 pseudo agents: 53 54 55 56 57 
[Waiting_time_Solve] Agent 1 pseudo agents: 50 
[Waiting_time_Solve] Agent 25 pseudo agents: 52 
[SAT] Start solving CNF: 809901 clauses and 21504 variables
[SAT] Agent 49 entry time: 2 exit time: 36
[SAT] Agent 48 entry time: 13 exit time: 36
[SAT] Agent 47 entry time: 2 exit time: 26
[SAT] Agent 46 entry time: 2 exit time: 36
[SAT] Agent 45 entry time: 2 exit time: 12
[SAT] Agent 44 entry time: 16 exit time: 36
[SAT] Agent 43 entry time: 2 exit time: 36
[SAT] Agent 42 entry time: 8 exit time: 33
[SAT] Agent 41 entry time: 4 exit time: 36
[SAT] Agent 40 entry time: 7 exit time: 36
[SAT] Agent 39 entry time: 13 exit time: 36
[SAT] Agent 38 entry time: 3 exit time: 36
[SAT] Agent 37 entry time: 3 exit time: 33
[SAT] Agent 35 entry time: 12 exit time: 36
[SAT] Agent 34 entry time: 15 exit time: 25
[SAT] Agent 33 entry time: 2 exit time: 36
[SAT] Agent 58 entry time: 9 exit time: 9
[SAT] Agent 32 entry time: 2 exit time: 3
[SAT] Agent 57 entry time: 14 exit time: 36
[SAT] Agent 56 entry time: 12 exit time: 12
[SAT] Agent 55 entry time: 10 exit time: 10
[SAT] Agent 54 entry time: 8 exit time: 8
[SAT] Agent 53 entry time: 6 exit time: 6
[SAT] Agent 31 entry time: 2 exit time: 2
[SAT] Agent 12 entry time: 2 exit time: 36
[SAT] Agent 51 entry time: 7 exit time: 36
[SAT] Agent 22 entry time: 17 exit time: 36
[SAT] Agent 8 entry time: 5 exit time: 5
[SAT] Agent 7 entry time: 10 exit time: 10
[SAT] Agent 6 entry time: 2 exit time: 36
[SAT] Agent 5 entry time: 2 exit time: 35
[SAT] Agent 4 entry time: 3 exit time: 36
[SAT] Agent 3 entry time: 2 exit time: 22
[SAT] Agent 2 entry time: 3 exit time: 3
[SAT] Agent 11 entry time: 2 exit time: 36
[SAT] Agent 50 entry time: 28 exit time: 36
[SAT] Agent 1 entry time: 4 exit time: 24
[SAT] Agent 30 entry time: 2 exit time: 36
[SAT] Agent 59 entry time: 29 exit time: 36
[SAT] Agent 0 entry time: 14 exit time: 36
[SAT] Agent 13 entry time: 2 exit time: 16
[SAT] Agent 14 entry time: 2 exit time: 36
[SAT] Agent 15 entry time: 2 exit time: 31
[SAT] Agent 16 entry time: 2 exit time: 36
[SAT] Agent 17 entry time: 2 exit time: 36
[SAT] Agent 19 entry time: 2 exit time: 16
[SAT] Agent 20 entry time: 2 exit time: 36
[SAT] Agent 23 entry time: 2 exit time: 36
[SAT] Agent 52 entry time: 5 exit time: 36
[SAT] Agent 24 entry time: 6 exit time: 36
[SAT] Agent 25 entry time: 2 exit time: 3
[SAT] Agent 26 entry time: 2 exit time: 36
[SAT] Agent 27 entry time: 2 exit time: 36
[SAT] Agent 28 entry time: 2 exit time: 20

[SAT] Start time: 2 End time: 36

[SAT] Solving local zone with SAT iteration 1...
[SAT] Local CNF: 810016 clauses 

DEBUG: Adding 810016 new clauses to MiniSAT (incremental run)
DEBUG: Clause load summary: input=810016, added=810016, tautologies_skipped=0, duplicates_skipped=0, unit_clauses=248, empties=0, intra_clause_literals_removed=0, added_but_db_unchanged=324
DEBUG: After adding clauses, solver has 809444 clauses and 21504 variables
DEBUG: MiniSAT found 21504 variables
DEBUG: Assignment size: 21504
DEBUG: First few assignment values: 1 0 0 1 0 0 0 0 0 0 

=== DEBUG: cnf_assignment_to_paths ===
Input assignment size: 21504

=== END DEBUG ===
[SAT] Found 80 vertex collisions and 24 edge collisions
[SAT] Adding collision clauses and solving again...
[SAT] Solving local zone with SAT iteration 2...
[SAT] Local CNF: 810120 clauses 

DEBUG: Adding 104 new clauses to MiniSAT (incremental run)
[SAT] Previous assignment invalidated by new clauses, reset solver and retrying without assumptions...
DEBUG: Adding 810120 new clauses to MiniSAT (incremental run)
[SAT] Local problem appears to be unsatisfiable in current zone
[Waiting_time_Solve] No solution found, trying to apply waiting time:2
[Waiting_time_Solve] Applying waiting time 2 to agent 39 who has waiting time 17
[Current_Solution] Agent 39 used 1 waiting timesteps, 16 remaining
[Waiting_time_Solve] New path is consistent after applying waiting time for agent 39
[Current_Solution] Agent 39 used 2 waiting timesteps, 14 remaining
[Waiting_time_Solve] Applied 2 waiting time  for agent 39 who has waiting time 14
[Waiting_time_Solve] Applying waiting time 2 to agent 6 who has waiting time 18
[Current_Solution] Agent 6 used 2 waiting timesteps, 16 remaining
[Waiting_time_Solve] New path is consistent after applying waiting time for agent 6
[Current_Solution] Agent 6 used 2 waiting timesteps, 14 remaining
[Waiting_time_Solve] Applied 2 waiting time  for agent 6 who has waiting time 14
[Waiting_time_Solve] Applying waiting time 2 to agent 12 who has waiting time 17
[Current_Solution] Agent 12 used 1 waiting timesteps, 16 remaining
[Waiting_time_Solve] New path is consistent after applying waiting time for agent 12
[Current_Solution] Agent 12 used 2 waiting timesteps, 14 remaining
[Waiting_time_Solve] Applied 2 waiting time  for agent 12 who has waiting time 14
[Waiting_time_Solve] Applying waiting time 2 to agent 13 who has waiting time 36
[Waiting_time_Solve] New path is consistent after applying waiting time for agent 13
[Current_Solution] Agent 13 used 2 waiting timesteps, 34 remaining
[Waiting_time_Solve] Applied 2 waiting time  for agent 13 who has waiting time 34
[Waiting_time_Solve] Applying waiting time 2 to agent 14 who has waiting time 10
[Waiting_time_Solve] New path is consistent after applying waiting time for agent 14
[Current_Solution] Agent 14 used 2 waiting timesteps, 8 remaining
[Waiting_time_Solve] Applied 2 waiting time  for agent 14 who has waiting time 8
[Waiting_time_Solve] Applying waiting time 2 to agent 15 who has waiting time 17
[Waiting_time_Solve] New path is consistent after applying waiting time for agent 15
[Current_Solution] Agent 15 used 2 waiting timesteps, 15 remaining
[Waiting_time_Solve] Applied 2 waiting time  for agent 15 who has waiting time 15
[Waiting_time_Solve] Applying waiting time 2 to agent 16 who has waiting time 17
[Current_Solution] Agent 16 used 1 waiting timesteps, 16 remaining
[Waiting_time_Solve] New path is consistent after applying waiting time for agent 16
[Current_Solution] Agent 16 used 2 waiting timesteps, 14 remaining
[Waiting_time_Solve] Applied 2 waiting time  for agent 16 who has waiting time 14
[Waiting_time_Solve] Applying waiting time 2 to agent 17 who has waiting time 8
[Waiting_time_Solve] New path is consistent after applying waiting time for agent 17
[Current_Solution] Agent 17 used 2 waiting timesteps, 6 remaining
[Waiting_time_Solve] Applied 2 waiting time  for agent 17 who has waiting time 6
[Waiting_time_Solve] Applying waiting time 2 to agent 19 who has waiting time 35
[Waiting_time_Solve] New path is consistent after applying waiting time for agent 19
[Current_Solution] Agent 19 used 2 waiting timesteps, 33 remaining
[Waiting_time_Solve] Applied 2 waiting time  for agent 19 who has waiting time 33
[Waiting_time_Solve] Applying waiting time 2 to agent 20 who has waiting time 17
[Current_Solution] Agent 20 used 1 waiting timesteps, 16 remaining
[Waiting_time_Solve] New path is consistent after applying waiting time for agent 20
[Current_Solution] Agent 20 used 2 waiting timesteps, 14 remaining
[Waiting_time_Solve] Applied 2 waiting time  for agent 20 who has waiting time 14
[Waiting_time_Solve] Applying waiting time 2 to agent 5 who has waiting time 7
[Waiting_time_Solve] New path is consistent after applying waiting time for agent 5
[Current_Solution] Agent 5 used 2 waiting timesteps, 5 remaining
[Waiting_time_Solve] Applied 2 waiting time  for agent 5 who has waiting time 5
[Waiting_time_Solve] Applying waiting time 2 to agent 40 who has waiting time 17
[Current_Solution] Agent 40 used 1 waiting timesteps, 16 remaining
[Waiting_time_Solve] New path is consistent after applying waiting time for agent 40
[Current_Solution] Agent 40 used 2 waiting timesteps, 14 remaining
[Waiting_time_Solve] Applied 2 waiting time  for agent 40 who has waiting time 14
[Waiting_time_Solve] Applying waiting time 2 to agent 22 who has waiting time 6
[Waiting_time_Solve] New path is consistent after applying waiting time for agent 22
[Current_Solution] Agent 22 used 2 waiting timesteps, 4 remaining
[Waiting_time_Solve] Applied 2 waiting time  for agent 22 who has waiting time 4
[Waiting_time_Solve] Applying waiting time 2 to agent 23 who has waiting time 17
[Current_Solution] Agent 23 used 1 waiting timesteps, 16 remaining
[Waiting_time_Solve] New path is consistent after applying waiting time for agent 23
[Current_Solution] Agent 23 used 2 waiting timesteps, 14 remaining
[Waiting_time_Solve] Applied 2 waiting time  for agent 23 who has waiting time 14
[Waiting_time_Solve] Applying waiting time 2 to agent 24 who has waiting time 17
[Current_Solution] Agent 24 used 1 waiting timesteps, 16 remaining
[Waiting_time_Solve] New path is consistent after applying waiting time for agent 24
[Current_Solution] Agent 24 used 2 waiting timesteps, 14 remaining
[Waiting_time_Solve] Applied 2 waiting time  for agent 24 who has waiting time 14
[Waiting_time_Solve] Applying waiting time 2 to agent 4 who has waiting time 12
[Waiting_time_Solve] New path is consistent after applying waiting time for agent 4
[Current_Solution] Agent 4 used 2 waiting timesteps, 10 remaining
[Waiting_time_Solve] Applied 2 waiting time  for agent 4 who has waiting time 10
[Waiting_time_Solve] Applying waiting time 2 to agent 11 who has waiting time 4
[Waiting_time_Solve] New path is consistent after applying waiting time for agent 11
[Current_Solution] Agent 11 used 2 waiting timesteps, 2 remaining
[Waiting_time_Solve] Applied 2 waiting time  for agent 11 who has waiting time 2
[Waiting_time_Solve] Applying waiting time 2 to agent 30 who has waiting time 17
[Current_Solution] Agent 30 used 1 waiting timesteps, 16 remaining
[Waiting_time_Solve] New path is consistent after applying waiting time for agent 30
[Current_Solution] Agent 30 used 2 waiting timesteps, 14 remaining
[Waiting_time_Solve] Applied 2 waiting time  for agent 30 who has waiting time 14
[Waiting_time_Solve] Applying waiting time 2 to agent 33 who has waiting time 13
[Waiting_time_Solve] New path is consistent after applying waiting time for agent 33
[Current_Solution] Agent 33 used 2 waiting timesteps, 11 remaining
[Waiting_time_Solve] Applied 2 waiting time  for agent 33 who has waiting time 11
[Waiting_time_Solve] Applying waiting time 2 to agent 38 who has waiting time 17
[Current_Solution] Agent 38 used 1 waiting timesteps, 16 remaining
[Waiting_time_Solve] New path is consistent after applying waiting time for agent 38
[Current_Solution] Agent 38 used 2 waiting timesteps, 14 remaining
[Waiting_time_Solve] Applied 2 waiting time  for agent 38 who has waiting time 14
[Waiting_time_Solve] Applying waiting time 2 to agent 42 who has waiting time 20
[Waiting_time_Solve] New path is consistent after applying waiting time for agent 42
[Current_Solution] Agent 42 used 2 waiting timesteps, 18 remaining
[Waiting_time_Solve] Applied 2 waiting time  for agent 42 who has waiting time 18
[Waiting_time_Solve] Applying waiting time 2 to agent 43 who has waiting time 17
[Current_Solution] Agent 43 used 1 waiting timesteps, 16 remaining
[Waiting_time_Solve] New path is consistent after applying waiting time for agent 43
[Current_Solution] Agent 43 used 2 waiting timesteps, 14 remaining
[Waiting_time_Solve] Applied 2 waiting time  for agent 43 who has waiting time 14
[Waiting_time_Solve] Applying waiting time 2 to agent 27 who has waiting time 8
[Waiting_time_Solve] New path is consistent after applying waiting time for agent 27
[Current_Solution] Agent 27 used 2 waiting timesteps, 6 remaining
[Waiting_time_Solve] Applied 2 waiting time  for agent 27 who has waiting time 6
[Waiting_time_Solve] Applying waiting time 2 to agent 41 who has waiting time 4
[Waiting_time_Solve] New path is consistent after applying waiting time for agent 41
[Current_Solution] Agent 41 used 2 waiting timesteps, 2 remaining
[Waiting_time_Solve] Applied 2 waiting time  for agent 41 who has waiting time 2
[Waiting_time_Solve] Applying waiting time 2 to agent 34 who has waiting time 6
[Waiting_time_Solve] New path is consistent after applying waiting time for agent 34
[Current_Solution] Agent 34 used 2 waiting timesteps, 4 remaining
[Waiting_time_Solve] Applied 2 waiting time  for agent 34 who has waiting time 4
[Waiting_time_Solve] Applying waiting time 2 to agent 49 who has waiting time 17
[Current_Solution] Agent 49 used 1 waiting timesteps, 16 remaining
[Waiting_time_Solve] New path is consistent after applying waiting time for agent 49
[Current_Solution] Agent 49 used 2 waiting timesteps, 14 remaining
[Waiting_time_Solve] Applied 2 waiting time  for agent 49 who has waiting time 14
[Waiting_time_Solve] Applying waiting time 2 to agent 31 who has waiting time 18
[Current_Solution] Agent 31 used 2 waiting timesteps, 16 remaining
[Waiting_time_Solve] New path is consistent after applying waiting time for agent 31
[Current_Solution] Agent 31 used 2 waiting timesteps, 14 remaining
[Waiting_time_Solve] Applied 2 waiting time  for agent 31 who has waiting time 14
[Waiting_time_Solve] Applying waiting time 2 to agent 26 who has waiting time 2
[Waiting_time_Solve] New path is consistent after applying waiting time for agent 26
[Current_Solution] Agent 26 used 2 waiting timesteps, 0 remaining
[Waiting_time_Solve] Applied 2 waiting time  for agent 26 who has waiting time 0
[Waiting_time_Solve] ALL Waiting time applied
[Waiting_time_Solve] Extended Zone end time from 36 to 38
[Current_Solution] Agent 8 used 1 waiting timesteps, 16 remaining
[Current_Solution] Agent 25 used 2 waiting timesteps, 16 remaining
[Current_Solution] Agent 44 used 2 waiting timesteps, 16 remaining
[Waiting_time_Solve] Iteration 2...
[Waiting_time_Solve] Agent 34 pseudo agents: 59 
[Waiting_time_Solve] Agent 8 pseudo agents: 51 
[Waiting_time_Solve] Agent 32 pseudo agents: 58 
[Waiting_time_Solve] Agent 31 pseudo agents: 53 54 55 56 57 
[Waiting_time_Solve] Agent 1 pseudo agents: 50 
[Waiting_time_Solve] Agent 25 pseudo agents: 52 
[SAT] Start solving CNF: 1067462 clauses and 27470 variables
[SAT] Agent 49 entry time: 2 exit time: 38
[SAT] Agent 48 entry time: 13 exit time: 38
[SAT] Agent 47 entry time: 2 exit time: 26
[SAT] Agent 46 entry time: 2 exit time: 38
[SAT] Agent 45 entry time: 2 exit time: 12
[SAT] Agent 44 entry time: 16 exit time: 38
[SAT] Agent 43 entry time: 2 exit time: 38
[SAT] Agent 42 entry time: 8 exit time: 35
[SAT] Agent 41 entry time: 4 exit time: 38
[SAT] Agent 40 entry time: 7 exit time: 38
[SAT] Agent 39 entry time: 13 exit time: 38
[SAT] Agent 38 entry time: 3 exit time: 38
[SAT] Agent 37 entry time: 3 exit time: 33
[SAT] Agent 35 entry time: 12 exit time: 37
[SAT] Agent 34 entry time: 15 exit time: 25
[SAT] Agent 33 entry time: 2 exit time: 38
[SAT] Agent 58 entry time: 9 exit time: 9
[SAT] Agent 32 entry time: 2 exit time: 3
[SAT] Agent 57 entry time: 14 exit time: 38
[SAT] Agent 56 entry time: 12 exit time: 12
[SAT] Agent 55 entry time: 10 exit time: 10
[SAT] Agent 54 entry time: 8 exit time: 8
[SAT] Agent 53 entry time: 6 exit time: 6
[SAT] Agent 31 entry time: 2 exit time: 2
[SAT] Agent 12 entry time: 2 exit time: 38
[SAT] Agent 51 entry time: 7 exit time: 38
[SAT] Agent 22 entry time: 17 exit time: 38
[SAT] Agent 8 entry time: 5 exit time: 5
[SAT] Agent 7 entry time: 10 exit time: 10
[SAT] Agent 6 entry time: 2 exit time: 38
[SAT] Agent 5 entry time: 2 exit time: 37
[SAT] Agent 4 entry time: 3 exit time: 38
[SAT] Agent 3 entry time: 2 exit time: 22
[SAT] Agent 2 entry time: 3 exit time: 3
[SAT] Agent 11 entry time: 2 exit time: 38
[SAT] Agent 50 entry time: 28 exit time: 38
[SAT] Agent 1 entry time: 4 exit time: 24
[SAT] Agent 30 entry time: 2 exit time: 38
[SAT] Agent 59 entry time: 29 exit time: 38
[SAT] Agent 0 entry time: 14 exit time: 38
[SAT] Agent 13 entry time: 2 exit time: 18
[SAT] Agent 14 entry time: 2 exit time: 38
[SAT] Agent 15 entry time: 2 exit time: 33
[SAT] Agent 16 entry time: 2 exit time: 38
[SAT] Agent 17 entry time: 2 exit time: 38
[SAT] Agent 19 entry time: 2 exit time: 18
[SAT] Agent 20 entry time: 2 exit time: 38
[SAT] Agent 23 entry time: 2 exit time: 38
[SAT] Agent 52 entry time: 5 exit time: 38
[SAT] Agent 24 entry time: 6 exit time: 38
[SAT] Agent 25 entry time: 2 exit time: 3
[SAT] Agent 26 entry time: 2 exit time: 38
[SAT] Agent 27 entry time: 2 exit time: 38
[SAT] Agent 28 entry time: 2 exit time: 20

[SAT] Start time: 2 End time: 38

[SAT] Solving local zone with SAT iteration 1...
[SAT] Local CNF: 1067681 clauses 

DEBUG: Adding 1067681 new clauses to MiniSAT (incremental run)
DEBUG: Clause load summary: input=1067681, added=1067681, tautologies_skipped=0, duplicates_skipped=0, unit_clauses=210, empties=0, intra_clause_literals_removed=0, added_but_db_unchanged=303
DEBUG: After adding clauses, solver has 1067168 clauses and 27470 variables
DEBUG: MiniSAT found 27470 variables
DEBUG: Assignment size: 27470
DEBUG: First few assignment values: 1 0 0 1 0 0 1 0 0 0 

=== DEBUG: cnf_assignment_to_paths ===
Input assignment size: 27470

=== END DEBUG ===
[SAT] Found 94 vertex collisions and 33 edge collisions
[SAT] Adding collision clauses and solving again...
[SAT] Solving local zone with SAT iteration 2...
[SAT] Local CNF: 1067808 clauses 

DEBUG: Adding 127 new clauses to MiniSAT (incremental run)
DEBUG: Clause load summary: input=127, added=127, tautologies_skipped=0, duplicates_skipped=0, unit_clauses=0, empties=0, intra_clause_literals_removed=0, added_but_db_unchanged=26
DEBUG: After adding clauses, solver has 1066405 clauses and 27470 variables
DEBUG: MiniSAT found 27470 variables
DEBUG: Assignment size: 27470
DEBUG: First few assignment values: 1 0 0 1 0 0 1 0 0 0 

=== DEBUG: cnf_assignment_to_paths ===
Input assignment size: 27470

=== END DEBUG ===
[SAT] Found 74 vertex collisions and 17 edge collisions
[SAT] Adding collision clauses and solving again...
[SAT] Solving local zone with SAT iteration 3...
[SAT] Local CNF: 1067899 clauses 

DEBUG: Adding 91 new clauses to MiniSAT (incremental run)
[SAT] Previous assignment invalidated by new clauses, reset solver and retrying without assumptions...
DEBUG: Adding 1067899 new clauses to MiniSAT (incremental run)
DEBUG: Clause load summary: input=1067899, added=1067899, tautologies_skipped=0, duplicates_skipped=0, unit_clauses=210, empties=0, intra_clause_literals_removed=0, added_but_db_unchanged=341
DEBUG: After adding clauses, solver has 1067348 clauses and 27470 variables
[SAT] Local problem appears to be unsatisfiable in current zone
[Waiting_time_Solve] No solution found, trying to apply waiting time:3
[Waiting_time_Solve] Applying waiting time 3 to agent 0 who has waiting time 10
[Waiting_time_Solve] New path is consistent after applying waiting time for agent 0
[Current_Solution] Agent 0 used 3 waiting timesteps, 7 remaining
[Waiting_time_Solve] Applied 3 waiting time  for agent 0 who has waiting time 7
[Waiting_time_Solve] Applying waiting time 3 to agent 3 who has waiting time 29
[Waiting_time_Solve] New path is consistent after applying waiting time for agent 3
[Current_Solution] Agent 3 used 3 waiting timesteps, 26 remaining
[Waiting_time_Solve] Applied 3 waiting time  for agent 3 who has waiting time 26
[Waiting_time_Solve] Applying waiting time 3 to agent 39 who has waiting time 14
[Current_Solution] Agent 39 used 1 waiting timesteps, 13 remaining
[Waiting_time_Solve] New path is consistent after applying waiting time for agent 39
[Current_Solution] Agent 39 used 3 waiting timesteps, 10 remaining
[Waiting_time_Solve] Applied 3 waiting time  for agent 39 who has waiting time 10
[Waiting_time_Solve] Applying waiting time 3 to agent 5 who has waiting time 5
[Waiting_time_Solve] New path is consistent after applying waiting time for agent 5
[Current_Solution] Agent 5 used 3 waiting timesteps, 2 remaining
[Waiting_time_Solve] Applied 3 waiting time  for agent 5 who has waiting time 2
[Waiting_time_Solve] Applying waiting time 3 to agent 12 who has waiting time 14
[Current_Solution] Agent 12 used 1 waiting timesteps, 13 remaining
[Waiting_time_Solve] New path is consistent after applying waiting time for agent 12
[Current_Solution] Agent 12 used 3 waiting timesteps, 10 remaining
[Waiting_time_Solve] Applied 3 waiting time  for agent 12 who has waiting time 10
[Waiting_time_Solve] Applying waiting time 3 to agent 13 who has waiting time 34
[Waiting_time_Solve] New path is consistent after applying waiting time for agent 13
[Current_Solution] Agent 13 used 3 waiting timesteps, 31 remaining
[Waiting_time_Solve] Applied 3 waiting time  for agent 13 who has waiting time 31
[Waiting_time_Solve] Applying waiting time 3 to agent 14 who has waiting time 8
[Waiting_time_Solve] New path is consistent after applying waiting time for agent 14
[Current_Solution] Agent 14 used 3 waiting timesteps, 5 remaining
[Waiting_time_Solve] Applied 3 waiting time  for agent 14 who has waiting time 5
[Waiting_time_Solve] Applying waiting time 3 to agent 15 who has waiting time 15
[Waiting_time_Solve] New path is consistent after applying waiting time for agent 15
[Current_Solution] Agent 15 used 3 waiting timesteps, 12 remaining
[Waiting_time_Solve] Applied 3 waiting time  for agent 15 who has waiting time 12
[Waiting_time_Solve] Applying waiting time 3 to agent 16 who has waiting time 14
[Current_Solution] Agent 16 used 1 waiting timesteps, 13 remaining
[Waiting_time_Solve] New path is consistent after applying waiting time for agent 16
[Current_Solution] Agent 16 used 3 waiting timesteps, 10 remaining
[Waiting_time_Solve] Applied 3 waiting time  for agent 16 who has waiting time 10
[Waiting_time_Solve] Applying waiting time 3 to agent 4 who has waiting time 10
[Waiting_time_Solve] New path is consistent after applying waiting time for agent 4
[Current_Solution] Agent 4 used 3 waiting timesteps, 7 remaining
[Waiting_time_Solve] Applied 3 waiting time  for agent 4 who has waiting time 7
[Waiting_time_Solve] Applying waiting time 3 to agent 17 who has waiting time 6
[Waiting_time_Solve] New path is consistent after applying waiting time for agent 17
[Current_Solution] Agent 17 used 3 waiting timesteps, 3 remaining
[Waiting_time_Solve] Applied 3 waiting time  for agent 17 who has waiting time 3
[Waiting_time_Solve] Applying waiting time 3 to agent 20 who has waiting time 14
[Current_Solution] Agent 20 used 1 waiting timesteps, 13 remaining
[Waiting_time_Solve] New path is consistent after applying waiting time for agent 20
[Current_Solution] Agent 20 used 3 waiting timesteps, 10 remaining
[Waiting_time_Solve] Applied 3 waiting time  for agent 20 who has waiting time 10
[Waiting_time_Solve] Applying waiting time 3 to agent 40 who has waiting time 14
[Current_Solution] Agent 40 used 1 waiting timesteps, 13 remaining
[Waiting_time_Solve] New path is consistent after applying waiting time for agent 40
[Current_Solution] Agent 40 used 3 waiting timesteps, 10 remaining
[Waiting_time_Solve] Applied 3 waiting time  for agent 40 who has waiting time 10
[Waiting_time_Solve] Applying waiting time 3 to agent 23 who has waiting time 14
[Current_Solution] Agent 23 used 1 waiting timesteps, 13 remaining
[Waiting_time_Solve] New path is consistent after applying waiting time for agent 23
[Current_Solution] Agent 23 used 3 waiting timesteps, 10 remaining
[Waiting_time_Solve] Applied 3 waiting time  for agent 23 who has waiting time 10
[Waiting_time_Solve] Applying waiting time 3 to agent 37 who has waiting time 16
[Waiting_time_Solve] New path is consistent after applying waiting time for agent 37
[Current_Solution] Agent 37 used 3 waiting timesteps, 13 remaining
[Waiting_time_Solve] Applied 3 waiting time  for agent 37 who has waiting time 13
[Waiting_time_Solve] Applying waiting time 3 to agent 30 who has waiting time 14
[Current_Solution] Agent 30 used 1 waiting timesteps, 13 remaining
[Waiting_time_Solve] New path is consistent after applying waiting time for agent 30
[Current_Solution] Agent 30 used 3 waiting timesteps, 10 remaining
[Waiting_time_Solve] Applied 3 waiting time  for agent 30 who has waiting time 10
[Waiting_time_Solve] Applying waiting time 3 to agent 27 who has waiting time 6
[Waiting_time_Solve] New path is consistent after applying waiting time for agent 27
[Current_Solution] Agent 27 used 3 waiting timesteps, 3 remaining
[Waiting_time_Solve] Applied 3 waiting time  for agent 27 who has waiting time 3
[Waiting_time_Solve] Applying waiting time 3 to agent 43 who has waiting time 14
[Current_Solution] Agent 43 used 1 waiting timesteps, 13 remaining
[Waiting_time_Solve] New path is consistent after applying waiting time for agent 43
[Current_Solution] Agent 43 used 3 waiting timesteps, 10 remaining
[Waiting_time_Solve] Applied 3 waiting time  for agent 43 who has waiting time 10
[Waiting_time_Solve] Applying waiting time 3 to agent 47 who has waiting time 20
[Waiting_time_Solve] New path is consistent after applying waiting time for agent 47
[Current_Solution] Agent 47 used 3 waiting timesteps, 17 remaining
[Waiting_time_Solve] Applied 3 waiting time  for agent 47 who has waiting time 17
[Waiting_time_Solve] Applying waiting time 3 to agent 33 who has waiting time 11
[Waiting_time_Solve] New path is consistent after applying waiting time for agent 33
[Current_Solution] Agent 33 used 3 waiting timesteps, 8 remaining
[Waiting_time_Solve] Applied 3 waiting time  for agent 33 who has waiting time 8
[Waiting_time_Solve] INFO: not enough waiting time for agent 41 (needs 3, available: 2)
[Waiting_time_Solve] Applying waiting time 3 to agent 24 who has waiting time 14
[Current_Solution] Agent 24 used 1 waiting timesteps, 13 remaining
[Waiting_time_Solve] New path is consistent after applying waiting time for agent 24
[Current_Solution] Agent 24 used 3 waiting timesteps, 10 remaining
[Waiting_time_Solve] Applied 3 waiting time  for agent 24 who has waiting time 10
[Waiting_time_Solve] INFO: not enough waiting time for agent 11 (needs 3, available: 2)
[Waiting_time_Solve] ALL Waiting time applied
[Waiting_time_Solve] Out of waiting time
[Waiting_time_Solve] No solution found
[Waiting_time_Solve] Restoring original paths
[Waiting_time_Solve] Restoring waiting times
[Current_Solution] Restored waiting times from backup
[Current_Solution] Restored paths from backup
[Solve_local_zone] Zone with expansion factor 4failed
[Solve_local_zone] Expanding zone with offset 7 (original: 1)
[Solve_local_zone] Final expanded zone contains 418 positions with 109 conflicts 
[Solve_local_zone] New time window: [0, 37]
[Solve_local_zone] Current local zone size: 418 (61.2903% of all walkable positions)
[Solve_local_zone] Local zone time window: [0, 37]
[Current_Solution] Agent 6 used 27 waiting timesteps, 17 remaining
[Create_Local_problem] Agent 7 returned to the zone 1 times within time window
[Current_Solution] Agent 8 used 12 waiting timesteps, 17 remaining
[Current_Solution] Agent 9 used 31 waiting timesteps, 17 remaining
[Current_Solution] Agent 10 used 35 waiting timesteps, 17 remaining
[Current_Solution] Agent 12 used 22 waiting timesteps, 17 remaining
[Current_Solution] Agent 13 used 20 waiting timesteps, 17 remaining
[Current_Solution] Agent 16 used 29 waiting timesteps, 17 remaining
[Current_Solution] Agent 20 used 30 waiting timesteps, 17 remaining
[Current_Solution] Agent 23 used 9 waiting timesteps, 17 remaining
[Current_Solution] Agent 24 used 11 waiting timesteps, 17 remaining
[Current_Solution] Agent 25 used 20 waiting timesteps, 17 remaining
[Current_Solution] Agent 28 used 16 waiting timesteps, 17 remaining
[Current_Solution] Agent 30 used 32 waiting timesteps, 17 remaining
[Current_Solution] Agent 31 used 22 waiting timesteps, 17 remaining
[Create_Local_problem] Agent 32 returned to the zone 2 times within time window
[Current_Solution] Agent 38 used 7 waiting timesteps, 17 remaining
[Current_Solution] Agent 39 used 7 waiting timesteps, 17 remaining
[Create_Local_problem] Agent 40 returned to the zone 1 times within time window
[Current_Solution] Agent 40 used 22 waiting timesteps, 17 remaining
[Current_Solution] Agent 42 used 4 waiting timesteps, 17 remaining
[Current_Solution] Agent 43 used 15 waiting timesteps, 17 remaining
[Create_Local_problem] Agent 44 returned to the zone 1 times within time window
[Current_Solution] Agent 44 used 15 waiting timesteps, 17 remaining
[Current_Solution] Agent 49 used 30 waiting timesteps, 17 remaining
[Waiting_time_Solve] Agent 0 has waiting time 10
[Waiting_time_Solve] Agent 1 has waiting time 15
[Waiting_time_Solve] Agent 2 has waiting time 37
[Waiting_time_Solve] Agent 3 has waiting time 30
[Waiting_time_Solve] Agent 4 has waiting time 13
[Waiting_time_Solve] Agent 5 has waiting time 8
[Waiting_time_Solve] Agent 6 has waiting time 17
[Waiting_time_Solve] Agent 7 has waiting time 35
[Waiting_time_Solve] Agent 8 has waiting time 17
[Waiting_time_Solve] Agent 9 has waiting time 17
[Waiting_time_Solve] Agent 10 has waiting time 17
[Waiting_time_Solve] Agent 11 has waiting time 4
[Waiting_time_Solve] Agent 12 has waiting time 17
[Waiting_time_Solve] Agent 13 has waiting time 17
[Waiting_time_Solve] Agent 14 has waiting time 11
[Waiting_time_Solve] Agent 15 has waiting time 18
[Waiting_time_Solve] Agent 16 has waiting time 17
[Waiting_time_Solve] Agent 17 has waiting time 9
[Waiting_time_Solve] Agent 18 has waiting time 47
[Waiting_time_Solve] Agent 19 has waiting time 36
[Waiting_time_Solve] Agent 20 has waiting time 17
[Waiting_time_Solve] Agent 21 has waiting time 45
[Waiting_time_Solve] Agent 22 has waiting time 6
[Waiting_time_Solve] Agent 23 has waiting time 17
[Waiting_time_Solve] Agent 24 has waiting time 17
[Waiting_time_Solve] Agent 25 has waiting time 17
[Waiting_time_Solve] Agent 26 has waiting time 3
[Waiting_time_Solve] Agent 27 has waiting time 9
[Waiting_time_Solve] Agent 28 has waiting time 17
[Waiting_time_Solve] Agent 29 has waiting time 41
[Waiting_time_Solve] Agent 30 has waiting time 17
[Waiting_time_Solve] Agent 31 has waiting time 17
[Waiting_time_Solve] Agent 32 has waiting time 12
[Waiting_time_Solve] Agent 33 has waiting time 14
[Waiting_time_Solve] Agent 34 has waiting time 7
[Waiting_time_Solve] Agent 35 has waiting time 10
[Waiting_time_Solve] Agent 36 has waiting time 36
[Waiting_time_Solve] Agent 37 has waiting time 16
[Waiting_time_Solve] Agent 38 has waiting time 17
[Waiting_time_Solve] Agent 39 has waiting time 17
[Waiting_time_Solve] Agent 40 has waiting time 17
[Waiting_time_Solve] Agent 41 has waiting time 5
[Waiting_time_Solve] Agent 42 has waiting time 17
[Waiting_time_Solve] Agent 43 has waiting time 17
[Waiting_time_Solve] Agent 44 has waiting time 17
[Waiting_time_Solve] Agent 45 has waiting time 37
[Waiting_time_Solve] Agent 46 has waiting time 0
[Waiting_time_Solve] Agent 47 has waiting time 20
[Waiting_time_Solve] Agent 48 has waiting time 1
[Waiting_time_Solve] Agent 49 has waiting time 17
[Waiting_time_Solve] Total available waiting time: 892
[Waiting_time_Solve] Max iterations: 892
[Waiting_time_Solve] Iteration 0...
[Waiting_time_Solve] Agent 44 pseudo agents: 54 
[Waiting_time_Solve] Agent 40 pseudo agents: 53 
[Waiting_time_Solve] Agent 32 pseudo agents: 51 52 
[Waiting_time_Solve] Agent 7 pseudo agents: 50 
[SAT] Start solving CNF: 2000639 clauses and 40109 variables
[SAT] Agent 49 entry time: 0 exit time: 37
[SAT] Agent 48 entry time: 11 exit time: 37
[SAT] Agent 47 entry time: 0 exit time: 28
[SAT] Agent 46 entry time: 0 exit time: 37
[SAT] Agent 45 entry time: 0 exit time: 14
[SAT] Agent 54 entry time: 14 exit time: 37
[SAT] Agent 44 entry time: 0 exit time: 9
[SAT] Agent 43 entry time: 0 exit time: 37
[SAT] Agent 42 entry time: 6 exit time: 37
[SAT] Agent 41 entry time: 2 exit time: 37
[SAT] Agent 53 entry time: 5 exit time: 37
[SAT] Agent 40 entry time: 0 exit time: 3
[SAT] Agent 39 entry time: 11 exit time: 37
[SAT] Agent 38 entry time: 1 exit time: 37
[SAT] Agent 37 entry time: 1 exit time: 37
[SAT] Agent 36 entry time: 11 exit time: 13
[SAT] Agent 35 entry time: 9 exit time: 37
[SAT] Agent 34 entry time: 13 exit time: 37
[SAT] Agent 33 entry time: 0 exit time: 37
[SAT] Agent 52 entry time: 16 exit time: 16
[SAT] Agent 51 entry time: 7 exit time: 11
[SAT] Agent 32 entry time: 0 exit time: 5
[SAT] Agent 31 entry time: 0 exit time: 37
[SAT] Agent 30 entry time: 0 exit time: 37
[SAT] Agent 29 entry time: 8 exit time: 10
[SAT] Agent 10 entry time: 0 exit time: 37
[SAT] Agent 9 entry time: 2 exit time: 37
[SAT] Agent 8 entry time: 3 exit time: 37
[SAT] Agent 11 entry time: 0 exit time: 37
[SAT] Agent 50 entry time: 8 exit time: 14
[SAT] Agent 21 entry time: 1 exit time: 6
[SAT] Agent 7 entry time: 4 exit time: 6
[SAT] Agent 6 entry time: 0 exit time: 37
[SAT] Agent 5 entry time: 0 exit time: 36
[SAT] Agent 4 entry time: 1 exit time: 37
[SAT] Agent 3 entry time: 0 exit time: 23
[SAT] Agent 2 entry time: 0 exit time: 7
[SAT] Agent 1 entry time: 2 exit time: 37
[SAT] Agent 0 entry time: 12 exit time: 37
[SAT] Agent 12 entry time: 0 exit time: 37
[SAT] Agent 13 entry time: 0 exit time: 37
[SAT] Agent 14 entry time: 0 exit time: 37
[SAT] Agent 15 entry time: 0 exit time: 32
[SAT] Agent 16 entry time: 0 exit time: 37
[SAT] Agent 17 entry time: 0 exit time: 37
[SAT] Agent 19 entry time: 0 exit time: 17
[SAT] Agent 20 entry time: 0 exit time: 37
[SAT] Agent 22 entry time: 15 exit time: 37
[SAT] Agent 23 entry time: 0 exit time: 37
[SAT] Agent 24 entry time: 4 exit time: 37
[SAT] Agent 25 entry time: 0 exit time: 37
[SAT] Agent 26 entry time: 0 exit time: 37
[SAT] Agent 27 entry time: 0 exit time: 37
[SAT] Agent 28 entry time: 0 exit time: 37

[SAT] Start time: 0 End time: 37

[SAT] Solving local zone with SAT iteration 1...
[SAT] Local CNF: 2000639 clauses 

DEBUG: Adding 2000639 new clauses to MiniSAT (incremental run)
DEBUG: Clause load summary: input=2000639, added=2000639, tautologies_skipped=0, duplicates_skipped=0, unit_clauses=492, empties=0, intra_clause_literals_removed=0, added_but_db_unchanged=576
DEBUG: After adding clauses, solver has 1999571 clauses and 40109 variables
DEBUG: MiniSAT found 40109 variables
DEBUG: Assignment size: 40109
DEBUG: First few assignment values: 1 0 1 0 0 1 0 0 0 0 

=== DEBUG: cnf_assignment_to_paths ===
Input assignment size: 40109

=== END DEBUG ===
[SAT] Found 130 vertex collisions and 42 edge collisions
[SAT] Adding collision clauses and solving again...
[SAT] Solving local zone with SAT iteration 2...
[SAT] Local CNF: 2000811 clauses 

DEBUG: Adding 172 new clauses to MiniSAT (incremental run)
[SAT] Previous assignment invalidated by new clauses, reset solver and retrying without assumptions...
DEBUG: Adding 2000811 new clauses to MiniSAT (incremental run)
[SAT] Local problem appears to be unsatisfiable in current zone
[Waiting_time_Solve] No solution found, trying to apply waiting time:1
[Waiting_time_Solve] Applying waiting time 1 to agent 6 who has waiting time 17
[Current_Solution] Agent 6 used 1 waiting timesteps, 16 remaining
[Waiting_time_Solve] New path is consistent after applying waiting time for agent 6
[Current_Solution] Agent 6 used 1 waiting timesteps, 15 remaining
[Waiting_time_Solve] Applied 1 waiting time  for agent 6 who has waiting time 15
[Waiting_time_Solve] Applying waiting time 1 to agent 5 who has waiting time 8
[Waiting_time_Solve] New path is consistent after applying waiting time for agent 5
[Current_Solution] Agent 5 used 1 waiting timesteps, 7 remaining
[Waiting_time_Solve] Applied 1 waiting time  for agent 5 who has waiting time 7
[Waiting_time_Solve] Applying waiting time 1 to agent 2 who has waiting time 37
[Waiting_time_Solve] New path is consistent after applying waiting time for agent 2
[Current_Solution] Agent 2 used 1 waiting timesteps, 36 remaining
[Waiting_time_Solve] Applied 1 waiting time  for agent 2 who has waiting time 36
[Waiting_time_Solve] Applying waiting time 1 to agent 8 who has waiting time 17
[Current_Solution] Agent 8 used 1 waiting timesteps, 16 remaining
[Waiting_time_Solve] New path is consistent after applying waiting time for agent 8
[Current_Solution] Agent 8 used 1 waiting timesteps, 15 remaining
[Waiting_time_Solve] Applied 1 waiting time  for agent 8 who has waiting time 15
[Waiting_time_Solve] Applying waiting time 1 to agent 45 who has waiting time 37
[Waiting_time_Solve] New path is consistent after applying waiting time for agent 45
[Current_Solution] Agent 45 used 1 waiting timesteps, 36 remaining
[Waiting_time_Solve] Applied 1 waiting time  for agent 45 who has waiting time 36
[Waiting_time_Solve] Applying waiting time 1 to agent 12 who has waiting time 17
[Current_Solution] Agent 12 used 1 waiting timesteps, 16 remaining
[Waiting_time_Solve] New path is consistent after applying waiting time for agent 12
[Current_Solution] Agent 12 used 1 waiting timesteps, 15 remaining
[Waiting_time_Solve] Applied 1 waiting time  for agent 12 who has waiting time 15
[Waiting_time_Solve] Applying waiting time 1 to agent 15 who has waiting time 18
[Waiting_time_Solve] New path is consistent after applying waiting time for agent 15
[Current_Solution] Agent 15 used 1 waiting timesteps, 17 remaining
[Waiting_time_Solve] Applied 1 waiting time  for agent 15 who has waiting time 17
[Waiting_time_Solve] Applying waiting time 1 to agent 16 who has waiting time 17
[Current_Solution] Agent 16 used 1 waiting timesteps, 16 remaining
[Waiting_time_Solve] New path is consistent after applying waiting time for agent 16
[Current_Solution] Agent 16 used 1 waiting timesteps, 15 remaining
[Waiting_time_Solve] Applied 1 waiting time  for agent 16 who has waiting time 15
[Waiting_time_Solve] Applying waiting time 1 to agent 4 who has waiting time 13
[Waiting_time_Solve] New path is consistent after applying waiting time for agent 4
[Current_Solution] Agent 4 used 1 waiting timesteps, 12 remaining
[Waiting_time_Solve] Applied 1 waiting time  for agent 4 who has waiting time 12
[Waiting_time_Solve] Applying waiting time 1 to agent 20 who has waiting time 17
[Current_Solution] Agent 20 used 1 waiting timesteps, 16 remaining
[Waiting_time_Solve] New path is consistent after applying waiting time for agent 20
[Current_Solution] Agent 20 used 1 waiting timesteps, 15 remaining
[Waiting_time_Solve] Applied 1 waiting time  for agent 20 who has waiting time 15
[Waiting_time_Solve] Applying waiting time 1 to agent 17 who has waiting time 9
[Waiting_time_Solve] New path is consistent after applying waiting time for agent 17
[Current_Solution] Agent 17 used 1 waiting timesteps, 8 remaining
[Waiting_time_Solve] Applied 1 waiting time  for agent 17 who has waiting time 8
[Waiting_time_Solve] Applying waiting time 1 to agent 21 who has waiting time 45
[Waiting_time_Solve] New path is consistent after applying waiting time for agent 21
[Current_Solution] Agent 21 used 1 waiting timesteps, 44 remaining
[Waiting_time_Solve] Applied 1 waiting time  for agent 21 who has waiting time 44
[Waiting_time_Solve] Applying waiting time 1 to agent 29 who has waiting time 41
[Waiting_time_Solve] New path is consistent after applying waiting time for agent 29
[Current_Solution] Agent 29 used 1 waiting timesteps, 40 remaining
[Waiting_time_Solve] Applied 1 waiting time  for agent 29 who has waiting time 40
[Waiting_time_Solve] Applying waiting time 1 to agent 30 who has waiting time 17
[Current_Solution] Agent 30 used 1 waiting timesteps, 16 remaining
[Waiting_time_Solve] New path is consistent after applying waiting time for agent 30
[Current_Solution] Agent 30 used 1 waiting timesteps, 15 remaining
[Waiting_time_Solve] Applied 1 waiting time  for agent 30 who has waiting time 15
[Waiting_time_Solve] Applying waiting time 1 to agent 33 who has waiting time 14
[Waiting_time_Solve] New path is consistent after applying waiting time for agent 33
[Current_Solution] Agent 33 used 1 waiting timesteps, 13 remaining
[Waiting_time_Solve] Applied 1 waiting time  for agent 33 who has waiting time 13
[Waiting_time_Solve] Applying waiting time 1 to agent 27 who has waiting time 9
[Waiting_time_Solve] New path is consistent after applying waiting time for agent 27
[Current_Solution] Agent 27 used 1 waiting timesteps, 8 remaining
[Waiting_time_Solve] Applied 1 waiting time  for agent 27 who has waiting time 8
[Waiting_time_Solve] Applying waiting time 1 to agent 39 who has waiting time 17
[Current_Solution] Agent 39 used 1 waiting timesteps, 16 remaining
[Waiting_time_Solve] New path is consistent after applying waiting time for agent 39
[Current_Solution] Agent 39 used 1 waiting timesteps, 15 remaining
[Waiting_time_Solve] Applied 1 waiting time  for agent 39 who has waiting time 15
[Waiting_time_Solve] Applying waiting time 1 to agent 40 who has waiting time 17
[Current_Solution] Agent 40 used 1 waiting timesteps, 16 remaining
[Waiting_time_Solve] New path is consistent after applying waiting time for agent 40
[Current_Solution] Agent 40 used 1 waiting timesteps, 15 remaining
[Waiting_time_Solve] Applied 1 waiting time  for agent 40 who has waiting time 15
[Waiting_time_Solve] Applying waiting time 1 to agent 38 who has waiting time 17
[Current_Solution] Agent 38 used 1 waiting timesteps, 16 remaining
[Waiting_time_Solve] New path is consistent after applying waiting time for agent 38
[Current_Solution] Agent 38 used 1 waiting timesteps, 15 remaining
[Waiting_time_Solve] Applied 1 waiting time  for agent 38 who has waiting time 15
[Waiting_time_Solve] Applying waiting time 1 to agent 41 who has waiting time 5
[Waiting_time_Solve] New path is consistent after applying waiting time for agent 41
[Current_Solution] Agent 41 used 1 waiting timesteps, 4 remaining
[Waiting_time_Solve] Applied 1 waiting time  for agent 41 who has waiting time 4
[Waiting_time_Solve] Applying waiting time 1 to agent 42 who has waiting time 17
[Current_Solution] Agent 42 used 1 waiting timesteps, 16 remaining
[Waiting_time_Solve] New path is consistent after applying waiting time for agent 42
[Current_Solution] Agent 42 used 1 waiting timesteps, 15 remaining
[Waiting_time_Solve] Applied 1 waiting time  for agent 42 who has waiting time 15
[Waiting_time_Solve] Applying waiting time 1 to agent 43 who has waiting time 17
[Current_Solution] Agent 43 used 1 waiting timesteps, 16 remaining
[Waiting_time_Solve] New path is consistent after applying waiting time for agent 43
[Current_Solution] Agent 43 used 1 waiting timesteps, 15 remaining
[Waiting_time_Solve] Applied 1 waiting time  for agent 43 who has waiting time 15
[Waiting_time_Solve] Applying waiting time 1 to agent 14 who has waiting time 11
[Waiting_time_Solve] New path is consistent after applying waiting time for agent 14
[Current_Solution] Agent 14 used 1 waiting timesteps, 10 remaining
[Waiting_time_Solve] Applied 1 waiting time  for agent 14 who has waiting time 10
[Waiting_time_Solve] Applying waiting time 1 to agent 26 who has waiting time 3
[Waiting_time_Solve] New path is consistent after applying waiting time for agent 26
[Current_Solution] Agent 26 used 1 waiting timesteps, 2 remaining
[Waiting_time_Solve] Applied 1 waiting time  for agent 26 who has waiting time 2
[Waiting_time_Solve] Applying waiting time 1 to agent 49 who has waiting time 17
[Current_Solution] Agent 49 used 1 waiting timesteps, 16 remaining
[Waiting_time_Solve] New path is consistent after applying waiting time for agent 49
[Current_Solution] Agent 49 used 1 waiting timesteps, 15 remaining
[Waiting_time_Solve] Applied 1 waiting time  for agent 49 who has waiting time 15
[Waiting_time_Solve] Applying waiting time 1 to agent 32 who has waiting time 12
[Waiting_time_Solve] New path is consistent after applying waiting time for agent 32
[Current_Solution] Agent 32 used 1 waiting timesteps, 11 remaining
[Waiting_time_Solve] Applied 1 waiting time  for agent 32 who has waiting time 11
[Waiting_time_Solve] Applying waiting time 1 to agent 13 who has waiting time 17
[Current_Solution] Agent 13 used 1 waiting timesteps, 16 remaining
[Waiting_time_Solve] New path is consistent after applying waiting time for agent 13
[Current_Solution] Agent 13 used 1 waiting timesteps, 15 remaining
[Waiting_time_Solve] Applied 1 waiting time  for agent 13 who has waiting time 15
[Waiting_time_Solve] Applying waiting time 1 to agent 31 who has waiting time 17
[Current_Solution] Agent 31 used 1 waiting timesteps, 16 remaining
[Waiting_time_Solve] New path is consistent after applying waiting time for agent 31
[Current_Solution] Agent 31 used 1 waiting timesteps, 15 remaining
[Waiting_time_Solve] Applied 1 waiting time  for agent 31 who has waiting time 15
[Waiting_time_Solve] Applying waiting time 1 to agent 34 who has waiting time 7
[Waiting_time_Solve] New path is consistent after applying waiting time for agent 34
[Current_Solution] Agent 34 used 1 waiting timesteps, 6 remaining
[Waiting_time_Solve] Applied 1 waiting time  for agent 34 who has waiting time 6
[Waiting_time_Solve] Applying waiting time 1 to agent 36 who has waiting time 36
[Waiting_time_Solve] New path is consistent after applying waiting time for agent 36
[Current_Solution] Agent 36 used 1 waiting timesteps, 35 remaining
[Waiting_time_Solve] Applied 1 waiting time  for agent 36 who has waiting time 35
[Waiting_time_Solve] Applying waiting time 1 to agent 19 who has waiting time 36
[Waiting_time_Solve] New path is consistent after applying waiting time for agent 19
[Current_Solution] Agent 19 used 1 waiting timesteps, 35 remaining
[Waiting_time_Solve] Applied 1 waiting time  for agent 19 who has waiting time 35
[Waiting_time_Solve] Applying waiting time 1 to agent 24 who has waiting time 17
[Current_Solution] Agent 24 used 1 waiting timesteps, 16 remaining
[Waiting_time_Solve] New path is consistent after applying waiting time for agent 24
[Current_Solution] Agent 24 used 1 waiting timesteps, 15 remaining
[Waiting_time_Solve] Applied 1 waiting time  for agent 24 who has waiting time 15
[Waiting_time_Solve] ALL Waiting time applied
[Waiting_time_Solve] Extended Zone end time from 37 to 38
[Current_Solution] Agent 9 used 1 waiting timesteps, 16 remaining
[Current_Solution] Agent 10 used 1 waiting timesteps, 16 remaining
[Current_Solution] Agent 23 used 1 waiting timesteps, 16 remaining
[Current_Solution] Agent 25 used 1 waiting timesteps, 16 remaining
[Current_Solution] Agent 28 used 1 waiting timesteps, 16 remaining
[Current_Solution] Agent 44 used 1 waiting timesteps, 16 remaining
[Waiting_time_Solve] Iteration 1...
[Waiting_time_Solve] Agent 44 pseudo agents: 54 
[Waiting_time_Solve] Agent 40 pseudo agents: 53 
[Waiting_time_Solve] Agent 32 pseudo agents: 51 52 
[Waiting_time_Solve] Agent 7 pseudo agents: 50 
[SAT] Start solving CNF: 2290749 clauses and 44309 variables
[SAT] Agent 49 entry time: 0 exit time: 38
[SAT] Agent 48 entry time: 11 exit time: 38
[SAT] Agent 47 entry time: 0 exit time: 28
[SAT] Agent 46 entry time: 0 exit time: 38
[SAT] Agent 45 entry time: 0 exit time: 15
[SAT] Agent 54 entry time: 14 exit time: 38
[SAT] Agent 44 entry time: 0 exit time: 9
[SAT] Agent 43 entry time: 0 exit time: 38
[SAT] Agent 42 entry time: 6 exit time: 38
[SAT] Agent 41 entry time: 2 exit time: 38
[SAT] Agent 53 entry time: 5 exit time: 38
[SAT] Agent 40 entry time: 0 exit time: 3
[SAT] Agent 39 entry time: 11 exit time: 38
[SAT] Agent 38 entry time: 1 exit time: 38
[SAT] Agent 37 entry time: 1 exit time: 38
[SAT] Agent 36 entry time: 11 exit time: 14
[SAT] Agent 35 entry time: 9 exit time: 38
[SAT] Agent 34 entry time: 13 exit time: 38
[SAT] Agent 33 entry time: 0 exit time: 38
[SAT] Agent 52 entry time: 17 exit time: 17
[SAT] Agent 51 entry time: 7 exit time: 12
[SAT] Agent 32 entry time: 0 exit time: 5
[SAT] Agent 31 entry time: 0 exit time: 38
[SAT] Agent 30 entry time: 0 exit time: 38
[SAT] Agent 29 entry time: 8 exit time: 11
[SAT] Agent 10 entry time: 0 exit time: 38
[SAT] Agent 9 entry time: 2 exit time: 38
[SAT] Agent 8 entry time: 3 exit time: 38
[SAT] Agent 11 entry time: 0 exit time: 38
[SAT] Agent 50 entry time: 8 exit time: 14
[SAT] Agent 21 entry time: 1 exit time: 7
[SAT] Agent 7 entry time: 4 exit time: 6
[SAT] Agent 6 entry time: 0 exit time: 38
[SAT] Agent 5 entry time: 0 exit time: 37
[SAT] Agent 4 entry time: 1 exit time: 38
[SAT] Agent 3 entry time: 0 exit time: 23
[SAT] Agent 2 entry time: 0 exit time: 8
[SAT] Agent 1 entry time: 2 exit time: 38
[SAT] Agent 0 entry time: 12 exit time: 38
[SAT] Agent 12 entry time: 0 exit time: 38
[SAT] Agent 13 entry time: 0 exit time: 38
[SAT] Agent 14 entry time: 0 exit time: 38
[SAT] Agent 15 entry time: 0 exit time: 33
[SAT] Agent 16 entry time: 0 exit time: 38
[SAT] Agent 17 entry time: 0 exit time: 38
[SAT] Agent 19 entry time: 0 exit time: 18
[SAT] Agent 20 entry time: 0 exit time: 38
[SAT] Agent 22 entry time: 15 exit time: 38
[SAT] Agent 23 entry time: 0 exit time: 38
[SAT] Agent 24 entry time: 4 exit time: 38
[SAT] Agent 25 entry time: 0 exit time: 38
[SAT] Agent 26 entry time: 0 exit time: 38
[SAT] Agent 27 entry time: 0 exit time: 38
[SAT] Agent 28 entry time: 0 exit time: 38

[SAT] Start time: 0 End time: 38

[SAT] Solving local zone with SAT iteration 1...
[SAT] Local CNF: 2290921 clauses 

DEBUG: Adding 2290921 new clauses to MiniSAT (incremental run)
DEBUG: Clause load summary: input=2290921, added=2290921, tautologies_skipped=0, duplicates_skipped=0, unit_clauses=278, empties=0, intra_clause_literals_removed=0, added_but_db_unchanged=378
DEBUG: After adding clauses, solver has 2290265 clauses and 44309 variables
DEBUG: MiniSAT found 44309 variables
DEBUG: Assignment size: 44309
DEBUG: First few assignment values: 1 1 0 0 0 0 1 0 0 0 

=== DEBUG: cnf_assignment_to_paths ===
Input assignment size: 44309

=== END DEBUG ===
[SAT] Found 89 vertex collisions and 33 edge collisions
[SAT] Adding collision clauses and solving again...
[SAT] Solving local zone with SAT iteration 2...
[SAT] Local CNF: 2291043 clauses 

DEBUG: Adding 122 new clauses to MiniSAT (incremental run)
[SAT] Previous assignment invalidated by new clauses, reset solver and retrying without assumptions...
DEBUG: Adding 2291043 new clauses to MiniSAT (incremental run)
[SAT] Local problem appears to be unsatisfiable in current zone
[Waiting_time_Solve] No solution found, trying to apply waiting time:2
[Waiting_time_Solve] Applying waiting time 2 to agent 6 who has waiting time 15
[Current_Solution] Agent 6 used 1 waiting timesteps, 14 remaining
[Waiting_time_Solve] New path is consistent after applying waiting time for agent 6
[Current_Solution] Agent 6 used 2 waiting timesteps, 12 remaining
[Waiting_time_Solve] Applied 2 waiting time  for agent 6 who has waiting time 12
[Waiting_time_Solve] Applying waiting time 2 to agent 44 who has waiting time 16
[Waiting_time_Solve] New path is consistent after applying waiting time for agent 44
[Current_Solution] Agent 44 used 2 waiting timesteps, 14 remaining
[Waiting_time_Solve] Applied 2 waiting time  for agent 44 who has waiting time 14
[Waiting_time_Solve] Applying waiting time 2 to agent 12 who has waiting time 15
[Current_Solution] Agent 12 used 1 waiting timesteps, 14 remaining
[Waiting_time_Solve] New path is consistent after applying waiting time for agent 12
[Current_Solution] Agent 12 used 2 waiting timesteps, 12 remaining
[Waiting_time_Solve] Applied 2 waiting time  for agent 12 who has waiting time 12
[Waiting_time_Solve] Applying waiting time 2 to agent 13 who has waiting time 15
[Current_Solution] Agent 13 used 1 waiting timesteps, 14 remaining
[Waiting_time_Solve] New path is consistent after applying waiting time for agent 13
[Current_Solution] Agent 13 used 2 waiting timesteps, 12 remaining
[Waiting_time_Solve] Applied 2 waiting time  for agent 13 who has waiting time 12
[Waiting_time_Solve] Applying waiting time 2 to agent 14 who has waiting time 10
[Waiting_time_Solve] New path is consistent after applying waiting time for agent 14
[Current_Solution] Agent 14 used 2 waiting timesteps, 8 remaining
[Waiting_time_Solve] Applied 2 waiting time  for agent 14 who has waiting time 8
[Waiting_time_Solve] Applying waiting time 2 to agent 16 who has waiting time 15
[Current_Solution] Agent 16 used 1 waiting timesteps, 14 remaining
[Waiting_time_Solve] New path is consistent after applying waiting time for agent 16
[Current_Solution] Agent 16 used 2 waiting timesteps, 12 remaining
[Waiting_time_Solve] Applied 2 waiting time  for agent 16 who has waiting time 12
[Waiting_time_Solve] Applying waiting time 2 to agent 17 who has waiting time 8
[Waiting_time_Solve] New path is consistent after applying waiting time for agent 17
[Current_Solution] Agent 17 used 2 waiting timesteps, 6 remaining
[Waiting_time_Solve] Applied 2 waiting time  for agent 17 who has waiting time 6
[Waiting_time_Solve] Applying waiting time 2 to agent 19 who has waiting time 35
[Waiting_time_Solve] New path is consistent after applying waiting time for agent 19
[Current_Solution] Agent 19 used 2 waiting timesteps, 33 remaining
[Waiting_time_Solve] Applied 2 waiting time  for agent 19 who has waiting time 33
[Waiting_time_Solve] Applying waiting time 2 to agent 23 who has waiting time 16
[Current_Solution] Agent 23 used 2 waiting timesteps, 14 remaining
[Waiting_time_Solve] New path is consistent after applying waiting time for agent 23
[Current_Solution] Agent 23 used 2 waiting timesteps, 12 remaining
[Waiting_time_Solve] Applied 2 waiting time  for agent 23 who has waiting time 12
[Waiting_time_Solve] Applying waiting time 2 to agent 11 who has waiting time 4
[Waiting_time_Solve] New path is consistent after applying waiting time for agent 11
[Current_Solution] Agent 11 used 2 waiting timesteps, 2 remaining
[Waiting_time_Solve] Applied 2 waiting time  for agent 11 who has waiting time 2
[Waiting_time_Solve] Applying waiting time 2 to agent 27 who has waiting time 8
[Waiting_time_Solve] New path is consistent after applying waiting time for agent 27
[Current_Solution] Agent 27 used 2 waiting timesteps, 6 remaining
[Waiting_time_Solve] Applied 2 waiting time  for agent 27 who has waiting time 6
[Waiting_time_Solve] Applying waiting time 2 to agent 30 who has waiting time 15
[Current_Solution] Agent 30 used 1 waiting timesteps, 14 remaining
[Waiting_time_Solve] New path is consistent after applying waiting time for agent 30
[Current_Solution] Agent 30 used 2 waiting timesteps, 12 remaining
[Waiting_time_Solve] Applied 2 waiting time  for agent 30 who has waiting time 12
[Waiting_time_Solve] Applying waiting time 2 to agent 15 who has waiting time 17
[Waiting_time_Solve] New path is consistent after applying waiting time for agent 15
[Current_Solution] Agent 15 used 2 waiting timesteps, 15 remaining
[Waiting_time_Solve] Applied 2 waiting time  for agent 15 who has waiting time 15
[Waiting_time_Solve] Applying waiting time 2 to agent 33 who has waiting time 13
[Waiting_time_Solve] New path is consistent after applying waiting time for agent 33
[Current_Solution] Agent 33 used 2 waiting timesteps, 11 remaining
[Waiting_time_Solve] Applied 2 waiting time  for agent 33 who has waiting time 11
[Waiting_time_Solve] Applying waiting time 2 to agent 34 who has waiting time 6
[Waiting_time_Solve] New path is consistent after applying waiting time for agent 34
[Current_Solution] Agent 34 used 2 waiting timesteps, 4 remaining
[Waiting_time_Solve] Applied 2 waiting time  for agent 34 who has waiting time 4
[Waiting_time_Solve] Applying waiting time 2 to agent 40 who has waiting time 15
[Current_Solution] Agent 40 used 1 waiting timesteps, 14 remaining
[Waiting_time_Solve] New path is consistent after applying waiting time for agent 40
[Current_Solution] Agent 40 used 2 waiting timesteps, 12 remaining
[Waiting_time_Solve] Applied 2 waiting time  for agent 40 who has waiting time 12
[Waiting_time_Solve] Applying waiting time 2 to agent 36 who has waiting time 35
[Waiting_time_Solve] New path is consistent after applying waiting time for agent 36
[Current_Solution] Agent 36 used 2 waiting timesteps, 33 remaining
[Waiting_time_Solve] Applied 2 waiting time  for agent 36 who has waiting time 33
[Waiting_time_Solve] Applying waiting time 2 to agent 37 who has waiting time 16
[Current_Solution] Agent 37 used 2 waiting timesteps, 14 remaining
[Waiting_time_Solve] New path is consistent after applying waiting time for agent 37
[Current_Solution] Agent 37 used 2 waiting timesteps, 12 remaining
[Waiting_time_Solve] Applied 2 waiting time  for agent 37 who has waiting time 12
[Waiting_time_Solve] Applying waiting time 2 to agent 4 who has waiting time 12
[Waiting_time_Solve] New path is consistent after applying waiting time for agent 4
[Current_Solution] Agent 4 used 2 waiting timesteps, 10 remaining
[Waiting_time_Solve] Applied 2 waiting time  for agent 4 who has waiting time 10
[Waiting_time_Solve] Applying waiting time 2 to agent 42 who has waiting time 15
[Current_Solution] Agent 42 used 1 waiting timesteps, 14 remaining
[Waiting_time_Solve] New path is consistent after applying waiting time for agent 42
[Current_Solution] Agent 42 used 2 waiting timesteps, 12 remaining
[Waiting_time_Solve] Applied 2 waiting time  for agent 42 who has waiting time 12
[Waiting_time_Solve] Applying waiting time 2 to agent 43 who has waiting time 15
[Current_Solution] Agent 43 used 1 waiting timesteps, 14 remaining
[Waiting_time_Solve] New path is consistent after applying waiting time for agent 43
[Current_Solution] Agent 43 used 2 waiting timesteps, 12 remaining
[Waiting_time_Solve] Applied 2 waiting time  for agent 43 who has waiting time 12
[Waiting_time_Solve] Applying waiting time 2 to agent 41 who has waiting time 4
[Waiting_time_Solve] New path is consistent after applying waiting time for agent 41
[Current_Solution] Agent 41 used 2 waiting timesteps, 2 remaining
[Waiting_time_Solve] Applied 2 waiting time  for agent 41 who has waiting time 2
[Waiting_time_Solve] Applying waiting time 2 to agent 22 who has waiting time 6
[Waiting_time_Solve] New path is consistent after applying waiting time for agent 22
[Current_Solution] Agent 22 used 2 waiting timesteps, 4 remaining
[Waiting_time_Solve] Applied 2 waiting time  for agent 22 who has waiting time 4
[Waiting_time_Solve] Applying waiting time 2 to agent 21 who has waiting time 44
[Waiting_time_Solve] New path is consistent after applying waiting time for agent 21
[Current_Solution] Agent 21 used 2 waiting timesteps, 42 remaining
[Waiting_time_Solve] Applied 2 waiting time  for agent 21 who has waiting time 42
[Waiting_time_Solve] Applying waiting time 2 to agent 31 who has waiting time 15
[Current_Solution] Agent 31 used 1 waiting timesteps, 14 remaining
[Waiting_time_Solve] New path is consistent after applying waiting time for agent 31
[Current_Solution] Agent 31 used 2 waiting timesteps, 12 remaining
[Waiting_time_Solve] Applied 2 waiting time  for agent 31 who has waiting time 12
[Waiting_time_Solve] Applying waiting time 2 to agent 35 who has waiting time 10
[Waiting_time_Solve] New path is consistent after applying waiting time for agent 35
[Current_Solution] Agent 35 used 2 waiting timesteps, 8 remaining
[Waiting_time_Solve] Applied 2 waiting time  for agent 35 who has waiting time 8
[Waiting_time_Solve] Applying waiting time 2 to agent 24 who has waiting time 15
[Current_Solution] Agent 24 used 1 waiting timesteps, 14 remaining
[Waiting_time_Solve] New path is consistent after applying waiting time for agent 24
[Current_Solution] Agent 24 used 2 waiting timesteps, 12 remaining
[Waiting_time_Solve] Applied 2 waiting time  for agent 24 who has waiting time 12
[Waiting_time_Solve] Applying waiting time 2 to agent 26 who has waiting time 2
[Waiting_time_Solve] New path is consistent after applying waiting time for agent 26
[Current_Solution] Agent 26 used 2 waiting timesteps, 0 remaining
[Waiting_time_Solve] Applied 2 waiting time  for agent 26 who has waiting time 0
[Waiting_time_Solve] ALL Waiting time applied
[Waiting_time_Solve] Extended Zone end time from 38 to 40
[Current_Solution] Agent 1 used 1 waiting timesteps, 14 remaining
[Current_Solution] Agent 8 used 1 waiting timesteps, 14 remaining
[Current_Solution] Agent 9 used 2 waiting timesteps, 14 remaining
[Current_Solution] Agent 10 used 2 waiting timesteps, 14 remaining
[Current_Solution] Agent 20 used 1 waiting timesteps, 14 remaining
[Current_Solution] Agent 25 used 2 waiting timesteps, 14 remaining
[Current_Solution] Agent 28 used 2 waiting timesteps, 14 remaining
[Current_Solution] Agent 38 used 1 waiting timesteps, 14 remaining
[Current_Solution] Agent 39 used 1 waiting timesteps, 14 remaining
[Current_Solution] Agent 49 used 1 waiting timesteps, 14 remaining
[Waiting_time_Solve] Iteration 2...
[Waiting_time_Solve] Agent 44 pseudo agents: 54 
[Waiting_time_Solve] Agent 40 pseudo agents: 53 
[Waiting_time_Solve] Agent 32 pseudo agents: 51 52 
[Waiting_time_Solve] Agent 7 pseudo agents: 50 
[SAT] Start solving CNF: 2983229 clauses and 54305 variables
[SAT] Agent 49 entry time: 0 exit time: 40
[SAT] Agent 48 entry time: 11 exit time: 40
[SAT] Agent 47 entry time: 0 exit time: 28
[SAT] Agent 46 entry time: 0 exit time: 40
[SAT] Agent 45 entry time: 0 exit time: 15
[SAT] Agent 54 entry time: 16 exit time: 40
[SAT] Agent 44 entry time: 0 exit time: 11
[SAT] Agent 43 entry time: 0 exit time: 40
[SAT] Agent 42 entry time: 6 exit time: 40
[SAT] Agent 41 entry time: 2 exit time: 40
[SAT] Agent 53 entry time: 5 exit time: 40
[SAT] Agent 40 entry time: 0 exit time: 3
[SAT] Agent 39 entry time: 11 exit time: 40
[SAT] Agent 38 entry time: 1 exit time: 40
[SAT] Agent 37 entry time: 1 exit time: 40
[SAT] Agent 36 entry time: 11 exit time: 16
[SAT] Agent 35 entry time: 9 exit time: 40
[SAT] Agent 34 entry time: 13 exit time: 40
[SAT] Agent 33 entry time: 0 exit time: 40
[SAT] Agent 52 entry time: 17 exit time: 17
[SAT] Agent 51 entry time: 7 exit time: 12
[SAT] Agent 32 entry time: 0 exit time: 5
[SAT] Agent 31 entry time: 0 exit time: 40
[SAT] Agent 30 entry time: 0 exit time: 40
[SAT] Agent 29 entry time: 8 exit time: 11
[SAT] Agent 10 entry time: 0 exit time: 40
[SAT] Agent 9 entry time: 2 exit time: 40
[SAT] Agent 8 entry time: 3 exit time: 40
[SAT] Agent 11 entry time: 0 exit time: 40
[SAT] Agent 50 entry time: 8 exit time: 14
[SAT] Agent 21 entry time: 1 exit time: 9
[SAT] Agent 7 entry time: 4 exit time: 6
[SAT] Agent 6 entry time: 0 exit time: 40
[SAT] Agent 5 entry time: 0 exit time: 37
[SAT] Agent 4 entry time: 1 exit time: 40
[SAT] Agent 3 entry time: 0 exit time: 23
[SAT] Agent 2 entry time: 0 exit time: 8
[SAT] Agent 1 entry time: 2 exit time: 40
[SAT] Agent 0 entry time: 12 exit time: 40
[SAT] Agent 12 entry time: 0 exit time: 40
[SAT] Agent 13 entry time: 0 exit time: 40
[SAT] Agent 14 entry time: 0 exit time: 40
[SAT] Agent 15 entry time: 0 exit time: 35
[SAT] Agent 16 entry time: 0 exit time: 40
[SAT] Agent 17 entry time: 0 exit time: 40
[SAT] Agent 19 entry time: 0 exit time: 20
[SAT] Agent 20 entry time: 0 exit time: 40
[SAT] Agent 22 entry time: 15 exit time: 40
[SAT] Agent 23 entry time: 0 exit time: 40
[SAT] Agent 24 entry time: 4 exit time: 40
[SAT] Agent 25 entry time: 0 exit time: 40
[SAT] Agent 26 entry time: 0 exit time: 40
[SAT] Agent 27 entry time: 0 exit time: 40
[SAT] Agent 28 entry time: 0 exit time: 40

[SAT] Start time: 0 End time: 40

[SAT] Solving local zone with SAT iteration 1...
[SAT] Local CNF: 2983523 clauses 

DEBUG: Adding 2983523 new clauses to MiniSAT (incremental run)
DEBUG: Clause load summary: input=2983523, added=2983523, tautologies_skipped=0, duplicates_skipped=0, unit_clauses=193, empties=0, intra_clause_literals_removed=0, added_but_db_unchanged=297
DEBUG: After adding clauses, solver has 2983033 clauses and 54305 variables
DEBUG: MiniSAT found 54305 variables
DEBUG: Assignment size: 54305
DEBUG: First few assignment values: 1 0 1 0 0 0 0 0 1 0 

=== DEBUG: cnf_assignment_to_paths ===
Input assignment size: 54305

=== END DEBUG ===
[SAT] Found 87 vertex collisions and 38 edge collisions
[SAT] Adding collision clauses and solving again...
[SAT] Solving local zone with SAT iteration 2...
[SAT] Local CNF: 2983648 clauses 

DEBUG: Adding 125 new clauses to MiniSAT (incremental run)
[SAT] Previous assignment invalidated by new clauses, reset solver and retrying without assumptions...
DEBUG: Adding 2983648 new clauses to MiniSAT (incremental run)
[SAT] Local problem appears to be unsatisfiable in current zone
[Waiting_time_Solve] No solution found, trying to apply waiting time:3
[Waiting_time_Solve] Applying waiting time 3 to agent 0 who has waiting time 10
[Waiting_time_Solve] New path is consistent after applying waiting time for agent 0
[Current_Solution] Agent 0 used 3 waiting timesteps, 7 remaining
[Waiting_time_Solve] Applied 3 waiting time  for agent 0 who has waiting time 7
[Waiting_time_Solve] Applying waiting time 3 to agent 3 who has waiting time 30
[Waiting_time_Solve] New path is consistent after applying waiting time for agent 3
[Current_Solution] Agent 3 used 3 waiting timesteps, 27 remaining
[Waiting_time_Solve] Applied 3 waiting time  for agent 3 who has waiting time 27
[Waiting_time_Solve] Applying waiting time 3 to agent 5 who has waiting time 7
[Waiting_time_Solve] New path is consistent after applying waiting time for agent 5
[Current_Solution] Agent 5 used 3 waiting timesteps, 4 remaining
[Waiting_time_Solve] Applied 3 waiting time  for agent 5 who has waiting time 4
[Waiting_time_Solve] Applying waiting time 3 to agent 8 who has waiting time 14
[Current_Solution] Agent 8 used 3 waiting timesteps, 11 remaining
[Waiting_time_Solve] New path is consistent after applying waiting time for agent 8
[Current_Solution] Agent 8 used 3 waiting timesteps, 8 remaining
[Waiting_time_Solve] Applied 3 waiting time  for agent 8 who has waiting time 8
[Waiting_time_Solve] Applying waiting time 3 to agent 12 who has waiting time 12
[Current_Solution] Agent 12 used 1 waiting timesteps, 11 remaining
[Waiting_time_Solve] New path is consistent after applying waiting time for agent 12
[Current_Solution] Agent 12 used 3 waiting timesteps, 8 remaining
[Waiting_time_Solve] Applied 3 waiting time  for agent 12 who has waiting time 8
[Waiting_time_Solve] Applying waiting time 3 to agent 15 who has waiting time 15
[Waiting_time_Solve] New path is consistent after applying waiting time for agent 15
[Current_Solution] Agent 15 used 3 waiting timesteps, 12 remaining
[Waiting_time_Solve] Applied 3 waiting time  for agent 15 who has waiting time 12
[Waiting_time_Solve] Applying waiting time 3 to agent 16 who has waiting time 12
[Current_Solution] Agent 16 used 1 waiting timesteps, 11 remaining
[Waiting_time_Solve] New path is consistent after applying waiting time for agent 16
[Current_Solution] Agent 16 used 3 waiting timesteps, 8 remaining
[Waiting_time_Solve] Applied 3 waiting time  for agent 16 who has waiting time 8
[Waiting_time_Solve] Applying waiting time 3 to agent 4 who has waiting time 10
[Waiting_time_Solve] New path is consistent after applying waiting time for agent 4
[Current_Solution] Agent 4 used 3 waiting timesteps, 7 remaining
[Waiting_time_Solve] Applied 3 waiting time  for agent 4 who has waiting time 7
[Waiting_time_Solve] Applying waiting time 3 to agent 20 who has waiting time 14
[Current_Solution] Agent 20 used 3 waiting timesteps, 11 remaining
[Waiting_time_Solve] New path is consistent after applying waiting time for agent 20
[Current_Solution] Agent 20 used 3 waiting timesteps, 8 remaining
[Waiting_time_Solve] Applied 3 waiting time  for agent 20 who has waiting time 8
[Waiting_time_Solve] Applying waiting time 3 to agent 19 who has waiting time 33
[Waiting_time_Solve] New path is consistent after applying waiting time for agent 19
[Current_Solution] Agent 19 used 3 waiting timesteps, 30 remaining
[Waiting_time_Solve] Applied 3 waiting time  for agent 19 who has waiting time 30
[Waiting_time_Solve] Applying waiting time 3 to agent 27 who has waiting time 6
[Waiting_time_Solve] New path is consistent after applying waiting time for agent 27
[Current_Solution] Agent 27 used 3 waiting timesteps, 3 remaining
[Waiting_time_Solve] Applied 3 waiting time  for agent 27 who has waiting time 3
[Waiting_time_Solve] Applying waiting time 3 to agent 30 who has waiting time 12
[Current_Solution] Agent 30 used 1 waiting timesteps, 11 remaining
[Waiting_time_Solve] New path is consistent after applying waiting time for agent 30
[Current_Solution] Agent 30 used 3 waiting timesteps, 8 remaining
[Waiting_time_Solve] Applied 3 waiting time  for agent 30 who has waiting time 8
[Waiting_time_Solve] Applying waiting time 3 to agent 49 who has waiting time 14
[Current_Solution] Agent 49 used 3 waiting timesteps, 11 remaining
[Waiting_time_Solve] New path is consistent after applying waiting time for agent 49
[Current_Solution] Agent 49 used 3 waiting timesteps, 8 remaining
[Waiting_time_Solve] Applied 3 waiting time  for agent 49 who has waiting time 8
[Waiting_time_Solve] Applying waiting time 3 to agent 39 who has waiting time 14
[Current_Solution] Agent 39 used 3 waiting timesteps, 11 remaining
[Waiting_time_Solve] New path is consistent after applying waiting time for agent 39
[Current_Solution] Agent 39 used 3 waiting timesteps, 8 remaining
[Waiting_time_Solve] Applied 3 waiting time  for agent 39 who has waiting time 8
[Waiting_time_Solve] Applying waiting time 3 to agent 40 who has waiting time 12
[Current_Solution] Agent 40 used 1 waiting timesteps, 11 remaining
[Waiting_time_Solve] New path is consistent after applying waiting time for agent 40
[Current_Solution] Agent 40 used 3 waiting timesteps, 8 remaining
[Waiting_time_Solve] Applied 3 waiting time  for agent 40 who has waiting time 8
[Waiting_time_Solve] Applying waiting time 3 to agent 36 who has waiting time 33
[Waiting_time_Solve] New path is consistent after applying waiting time for agent 36
[Current_Solution] Agent 36 used 3 waiting timesteps, 30 remaining
[Waiting_time_Solve] Applied 3 waiting time  for agent 36 who has waiting time 30
[Waiting_time_Solve] Applying waiting time 3 to agent 37 who has waiting time 12
[Current_Solution] Agent 37 used 1 waiting timesteps, 11 remaining
[Waiting_time_Solve] New path is consistent after applying waiting time for agent 37
[Current_Solution] Agent 37 used 3 waiting timesteps, 8 remaining
[Waiting_time_Solve] Applied 3 waiting time  for agent 37 who has waiting time 8
[Waiting_time_Solve] Applying waiting time 3 to agent 6 who has waiting time 12
[Current_Solution] Agent 6 used 1 waiting timesteps, 11 remaining
[Waiting_time_Solve] New path is consistent after applying waiting time for agent 6
[Current_Solution] Agent 6 used 3 waiting timesteps, 8 remaining
[Waiting_time_Solve] Applied 3 waiting time  for agent 6 who has waiting time 8
[Waiting_time_Solve] INFO: not enough waiting time for agent 41 (needs 3, available: 2)
[Waiting_time_Solve] Applying waiting time 3 to agent 17 who has waiting time 6
[Waiting_time_Solve] New path is consistent after applying waiting time for agent 17
[Current_Solution] Agent 17 used 3 waiting timesteps, 3 remaining
[Waiting_time_Solve] Applied 3 waiting time  for agent 17 who has waiting time 3
[Waiting_time_Solve] Applying waiting time 3 to agent 13 who has waiting time 12
[Current_Solution] Agent 13 used 1 waiting timesteps, 11 remaining
[Waiting_time_Solve] New path is consistent after applying waiting time for agent 13
[Current_Solution] Agent 13 used 3 waiting timesteps, 8 remaining
[Waiting_time_Solve] Applied 3 waiting time  for agent 13 who has waiting time 8
[Waiting_time_Solve] Applying waiting time 3 to agent 21 who has waiting time 42
[Waiting_time_Solve] New path is consistent after applying waiting time for agent 21
[Current_Solution] Agent 21 used 3 waiting timesteps, 39 remaining
[Waiting_time_Solve] Applied 3 waiting time  for agent 21 who has waiting time 39
[Waiting_time_Solve] INFO: not enough waiting time for agent 11 (needs 3, available: 2)
[Waiting_time_Solve] ALL Waiting time applied
[Waiting_time_Solve] Out of waiting time
[Waiting_time_Solve] No solution found
[Waiting_time_Solve] Restoring original paths
[Waiting_time_Solve] Restoring waiting times
[Current_Solution] Restored waiting times from backup
[Current_Solution] Restored paths from backup
[Solve_local_zone] Zone with expansion factor 6failed
[Solve_local_zone] Expanding zone with offset 9 (original: 1)
[LOCAL ZONE] Found newly touched conflict 12 at position (18,1)
[LOCAL ZONE] Found newly touched conflict 22 at position (26,20)
[LOCAL ZONE] Found newly touched conflict 35 at position (15,2)
[Solve_local_zone] Final expanded zone contains 555 positions with 112 conflicts 
[Solve_local_zone] New time window: [0, 39]
[Solve_local_zone] Current local zone size: 555 (81.3783% of all walkable positions)
[Solve_local_zone] Local zone time window: [0, 39]
[Create_Local_problem] Agent 0 returned to the zone 2 times within time window
[Current_Solution] Agent 3 used 15 waiting timesteps, 15 remaining
[Current_Solution] Agent 6 used 29 waiting timesteps, 15 remaining
[Current_Solution] Agent 7 used 20 waiting timesteps, 15 remaining
[Current_Solution] Agent 8 used 14 waiting timesteps, 15 remaining
[Current_Solution] Agent 9 used 33 waiting timesteps, 15 remaining
[Current_Solution] Agent 10 used 37 waiting timesteps, 15 remaining
[Current_Solution] Agent 12 used 24 waiting timesteps, 15 remaining
[Current_Solution] Agent 13 used 22 waiting timesteps, 15 remaining
[Current_Solution] Agent 15 used 3 waiting timesteps, 15 remaining
[Current_Solution] Agent 16 used 31 waiting timesteps, 15 remaining
[Current_Solution] Agent 18 used 32 waiting timesteps, 15 remaining
[Current_Solution] Agent 19 used 21 waiting timesteps, 15 remaining
[Current_Solution] Agent 20 used 32 waiting timesteps, 15 remaining
[Current_Solution] Agent 21 used 30 waiting timesteps, 15 remaining
[Current_Solution] Agent 23 used 11 waiting timesteps, 15 remaining
[Current_Solution] Agent 24 used 13 waiting timesteps, 15 remaining
[Current_Solution] Agent 25 used 22 waiting timesteps, 15 remaining
[Current_Solution] Agent 28 used 18 waiting timesteps, 15 remaining
[Current_Solution] Agent 29 used 26 waiting timesteps, 15 remaining
[Current_Solution] Agent 30 used 34 waiting timesteps, 15 remaining
[Current_Solution] Agent 31 used 24 waiting timesteps, 15 remaining
[Current_Solution] Agent 36 used 21 waiting timesteps, 15 remaining
[Current_Solution] Agent 37 used 1 waiting timesteps, 15 remaining
[Current_Solution] Agent 38 used 9 waiting timesteps, 15 remaining
[Current_Solution] Agent 39 used 9 waiting timesteps, 15 remaining
[Current_Solution] Agent 40 used 24 waiting timesteps, 15 remaining
[Current_Solution] Agent 42 used 6 waiting timesteps, 15 remaining
[Current_Solution] Agent 43 used 17 waiting timesteps, 15 remaining
[Current_Solution] Agent 44 used 17 waiting timesteps, 15 remaining
[Current_Solution] Agent 49 used 32 waiting timesteps, 15 remaining
[Waiting_time_Solve] Agent 0 has waiting time 10
[Waiting_time_Solve] Agent 1 has waiting time 15
[Waiting_time_Solve] Agent 2 has waiting time 37
[Waiting_time_Solve] Agent 3 has waiting time 15
[Waiting_time_Solve] Agent 4 has waiting time 13
[Waiting_time_Solve] Agent 5 has waiting time 8
[Waiting_time_Solve] Agent 6 has waiting time 15
[Waiting_time_Solve] Agent 7 has waiting time 15
[Waiting_time_Solve] Agent 8 has waiting time 15
[Waiting_time_Solve] Agent 9 has waiting time 15
[Waiting_time_Solve] Agent 10 has waiting time 15
[Waiting_time_Solve] Agent 11 has waiting time 4
[Waiting_time_Solve] Agent 12 has waiting time 15
[Waiting_time_Solve] Agent 13 has waiting time 15
[Waiting_time_Solve] Agent 14 has waiting time 11
[Waiting_time_Solve] Agent 15 has waiting time 15
[Waiting_time_Solve] Agent 16 has waiting time 15
[Waiting_time_Solve] Agent 17 has waiting time 9
[Waiting_time_Solve] Agent 18 has waiting time 15
[Waiting_time_Solve] Agent 19 has waiting time 15
[Waiting_time_Solve] Agent 20 has waiting time 15
[Waiting_time_Solve] Agent 21 has waiting time 15
[Waiting_time_Solve] Agent 22 has waiting time 6
[Waiting_time_Solve] Agent 23 has waiting time 15
[Waiting_time_Solve] Agent 24 has waiting time 15
[Waiting_time_Solve] Agent 25 has waiting time 15
[Waiting_time_Solve] Agent 26 has waiting time 3
[Waiting_time_Solve] Agent 27 has waiting time 9
[Waiting_time_Solve] Agent 28 has waiting time 15
[Waiting_time_Solve] Agent 29 has waiting time 15
[Waiting_time_Solve] Agent 30 has waiting time 15
[Waiting_time_Solve] Agent 31 has waiting time 15
[Waiting_time_Solve] Agent 32 has waiting time 12
[Waiting_time_Solve] Agent 33 has waiting time 14
[Waiting_time_Solve] Agent 34 has waiting time 7
[Waiting_time_Solve] Agent 35 has waiting time 10
[Waiting_time_Solve] Agent 36 has waiting time 15
[Waiting_time_Solve] Agent 37 has waiting time 15
[Waiting_time_Solve] Agent 38 has waiting time 15
[Waiting_time_Solve] Agent 39 has waiting time 15
[Waiting_time_Solve] Agent 40 has waiting time 15
[Waiting_time_Solve] Agent 41 has waiting time 5
[Waiting_time_Solve] Agent 42 has waiting time 15
[Waiting_time_Solve] Agent 43 has waiting time 15
[Waiting_time_Solve] Agent 44 has waiting time 15
[Waiting_time_Solve] Agent 45 has waiting time 37
[Waiting_time_Solve] Agent 46 has waiting time 0
[Waiting_time_Solve] Agent 47 has waiting time 20
[Waiting_time_Solve] Agent 48 has waiting time 1
[Waiting_time_Solve] Agent 49 has waiting time 15
[Waiting_time_Solve] Total available waiting time: 681
[Waiting_time_Solve] Max iterations: 681
[Waiting_time_Solve] Iteration 0...
[Waiting_time_Solve] Agent 0 pseudo agents: 50 51 
[SAT] Start solving CNF: 4569954 clauses and 76192 variables
[SAT] Agent 49 entry time: 0 exit time: 39
[SAT] Agent 48 entry time: 8 exit time: 39
[SAT] Agent 47 entry time: 0 exit time: 30
[SAT] Agent 46 entry time: 0 exit time: 39
[SAT] Agent 45 entry time: 0 exit time: 16
[SAT] Agent 44 entry time: 0 exit time: 39
[SAT] Agent 43 entry time: 0 exit time: 39
[SAT] Agent 42 entry time: 0 exit time: 39
[SAT] Agent 41 entry time: 0 exit time: 39
[SAT] Agent 40 entry time: 0 exit time: 39
[SAT] Agent 39 entry time: 6 exit time: 39
[SAT] Agent 38 entry time: 0 exit time: 39
[SAT] Agent 37 entry time: 0 exit time: 39
[SAT] Agent 36 entry time: 5 exit time: 39
[SAT] Agent 35 entry time: 2 exit time: 39
[SAT] Agent 34 entry time: 8 exit time: 39
[SAT] Agent 33 entry time: 0 exit time: 39
[SAT] Agent 32 entry time: 0 exit time: 24
[SAT] Agent 31 entry time: 0 exit time: 39
[SAT] Agent 30 entry time: 0 exit time: 39
[SAT] Agent 29 entry time: 2 exit time: 39
[SAT] Agent 28 entry time: 0 exit time: 39
[SAT] Agent 27 entry time: 0 exit time: 39
[SAT] Agent 10 entry time: 0 exit time: 39
[SAT] Agent 9 entry time: 0 exit time: 39
[SAT] Agent 8 entry time: 1 exit time: 39
[SAT] Agent 7 entry time: 0 exit time: 39
[SAT] Agent 6 entry time: 0 exit time: 39
[SAT] Agent 5 entry time: 0 exit time: 38
[SAT] Agent 4 entry time: 0 exit time: 39
[SAT] Agent 3 entry time: 0 exit time: 39
[SAT] Agent 2 entry time: 0 exit time: 10
[SAT] Agent 1 entry time: 0 exit time: 39
[SAT] Agent 51 entry time: 9 exit time: 39
[SAT] Agent 22 entry time: 3 exit time: 39
[SAT] Agent 50 entry time: 3 exit time: 5
[SAT] Agent 21 entry time: 0 exit time: 39
[SAT] Agent 0 entry time: 0 exit time: 1
[SAT] Agent 11 entry time: 0 exit time: 39
[SAT] Agent 12 entry time: 0 exit time: 39
[SAT] Agent 13 entry time: 0 exit time: 39
[SAT] Agent 14 entry time: 0 exit time: 39
[SAT] Agent 15 entry time: 0 exit time: 39
[SAT] Agent 16 entry time: 0 exit time: 39
[SAT] Agent 17 entry time: 0 exit time: 39
[SAT] Agent 18 entry time: 0 exit time: 39
[SAT] Agent 19 entry time: 0 exit time: 39
[SAT] Agent 20 entry time: 0 exit time: 39
[SAT] Agent 23 entry time: 0 exit time: 39
[SAT] Agent 24 entry time: 0 exit time: 39
[SAT] Agent 25 entry time: 0 exit time: 39
[SAT] Agent 26 entry time: 0 exit time: 39

[SAT] Start time: 0 End time: 39

[SAT] Solving local zone with SAT iteration 1...
[SAT] Local CNF: 4569954 clauses 

DEBUG: Adding 4569954 new clauses to MiniSAT (incremental run)
DEBUG: Clause load summary: input=4569954, added=4569954, tautologies_skipped=0, duplicates_skipped=0, unit_clauses=423, empties=0, intra_clause_literals_removed=0, added_but_db_unchanged=519
DEBUG: After adding clauses, solver has 4569012 clauses and 76192 variables
DEBUG: MiniSAT found 76192 variables
DEBUG: Assignment size: 76192
DEBUG: First few assignment values: 1 0 1 0 0 1 0 0 0 0 

=== DEBUG: cnf_assignment_to_paths ===
Input assignment size: 76192

=== END DEBUG ===
[SAT] Found 164 vertex collisions and 106 edge collisions
[SAT] Adding collision clauses and solving again...
[SAT] Solving local zone with SAT iteration 2...
[SAT] Local CNF: 4570224 clauses 

DEBUG: Adding 270 new clauses to MiniSAT (incremental run)
[SAT] Previous assignment invalidated by new clauses, reset solver and retrying without assumptions...
DEBUG: Adding 4570224 new clauses to MiniSAT (incremental run)
[SAT] Local problem appears to be unsatisfiable in current zone
[Waiting_time_Solve] No solution found, trying to apply waiting time:1
[Waiting_time_Solve] Applying waiting time 1 to agent 2 who has waiting time 37
[Waiting_time_Solve] New path is consistent after applying waiting time for agent 2
[Current_Solution] Agent 2 used 1 waiting timesteps, 36 remaining
[Waiting_time_Solve] Applied 1 waiting time  for agent 2 who has waiting time 36
[Waiting_time_Solve] Applying waiting time 1 to agent 3 who has waiting time 15
[Current_Solution] Agent 3 used 1 waiting timesteps, 14 remaining
[Waiting_time_Solve] New path is consistent after applying waiting time for agent 3
[Current_Solution] Agent 3 used 1 waiting timesteps, 13 remaining
[Waiting_time_Solve] Applied 1 waiting time  for agent 3 who has waiting time 13
[Waiting_time_Solve] Applying waiting time 1 to agent 5 who has waiting time 8
[Waiting_time_Solve] New path is consistent after applying waiting time for agent 5
[Current_Solution] Agent 5 used 1 waiting timesteps, 7 remaining
[Waiting_time_Solve] Applied 1 waiting time  for agent 5 who has waiting time 7
[Waiting_time_Solve] Applying waiting time 1 to agent 6 who has waiting time 15
[Current_Solution] Agent 6 used 1 waiting timesteps, 14 remaining
[Waiting_time_Solve] New path is consistent after applying waiting time for agent 6
[Current_Solution] Agent 6 used 1 waiting timesteps, 13 remaining
[Waiting_time_Solve] Applied 1 waiting time  for agent 6 who has waiting time 13
[Waiting_time_Solve] Applying waiting time 1 to agent 7 who has waiting time 15
[Current_Solution] Agent 7 used 1 waiting timesteps, 14 remaining
[Waiting_time_Solve] New path is consistent after applying waiting time for agent 7
[Current_Solution] Agent 7 used 1 waiting timesteps, 13 remaining
[Waiting_time_Solve] Applied 1 waiting time  for agent 7 who has waiting time 13
[Waiting_time_Solve] Applying waiting time 1 to agent 15 who has waiting time 15
[Current_Solution] Agent 15 used 1 waiting timesteps, 14 remaining
[Waiting_time_Solve] New path is consistent after applying waiting time for agent 15
[Current_Solution] Agent 15 used 1 waiting timesteps, 13 remaining
[Waiting_time_Solve] Applied 1 waiting time  for agent 15 who has waiting time 13
[Waiting_time_Solve] Applying waiting time 1 to agent 20 who has waiting time 15
[Current_Solution] Agent 20 used 1 waiting timesteps, 14 remaining
[Waiting_time_Solve] New path is consistent after applying waiting time for agent 20
[Current_Solution] Agent 20 used 1 waiting timesteps, 13 remaining
[Waiting_time_Solve] Applied 1 waiting time  for agent 20 who has waiting time 13
[Waiting_time_Solve] Applying waiting time 1 to agent 16 who has waiting time 15
[Current_Solution] Agent 16 used 1 waiting timesteps, 14 remaining
[Waiting_time_Solve] New path is consistent after applying waiting time for agent 16
[Current_Solution] Agent 16 used 1 waiting timesteps, 13 remaining
[Waiting_time_Solve] Applied 1 waiting time  for agent 16 who has waiting time 13
[Waiting_time_Solve] Applying waiting time 1 to agent 4 who has waiting time 13
[Waiting_time_Solve] New path is consistent after applying waiting time for agent 4
[Current_Solution] Agent 4 used 1 waiting timesteps, 12 remaining
[Waiting_time_Solve] Applied 1 waiting time  for agent 4 who has waiting time 12
[Waiting_time_Solve] Applying waiting time 1 to agent 1 who has waiting time 15
[Current_Solution] Agent 1 used 1 waiting timesteps, 14 remaining
[Waiting_time_Solve] New path is consistent after applying waiting time for agent 1
[Current_Solution] Agent 1 used 1 waiting timesteps, 13 remaining
[Waiting_time_Solve] Applied 1 waiting time  for agent 1 who has waiting time 13
[Waiting_time_Solve] Applying waiting time 1 to agent 24 who has waiting time 15
[Current_Solution] Agent 24 used 1 waiting timesteps, 14 remaining
[Waiting_time_Solve] New path is consistent after applying waiting time for agent 24
[Current_Solution] Agent 24 used 1 waiting timesteps, 13 remaining
[Waiting_time_Solve] Applied 1 waiting time  for agent 24 who has waiting time 13
[Waiting_time_Solve] Applying waiting time 1 to agent 27 who has waiting time 9
[Waiting_time_Solve] New path is consistent after applying waiting time for agent 27
[Current_Solution] Agent 27 used 1 waiting timesteps, 8 remaining
[Waiting_time_Solve] Applied 1 waiting time  for agent 27 who has waiting time 8
[Waiting_time_Solve] Applying waiting time 1 to agent 29 who has waiting time 15
[Current_Solution] Agent 29 used 1 waiting timesteps, 14 remaining
[Waiting_time_Solve] New path is consistent after applying waiting time for agent 29
[Current_Solution] Agent 29 used 1 waiting timesteps, 13 remaining
[Waiting_time_Solve] Applied 1 waiting time  for agent 29 who has waiting time 13
[Waiting_time_Solve] Applying waiting time 1 to agent 30 who has waiting time 15
[Current_Solution] Agent 30 used 1 waiting timesteps, 14 remaining
[Waiting_time_Solve] New path is consistent after applying waiting time for agent 30
[Current_Solution] Agent 30 used 1 waiting timesteps, 13 remaining
[Waiting_time_Solve] Applied 1 waiting time  for agent 30 who has waiting time 13
[Waiting_time_Solve] Applying waiting time 1 to agent 31 who has waiting time 15
[Current_Solution] Agent 31 used 1 waiting timesteps, 14 remaining
[Waiting_time_Solve] New path is consistent after applying waiting time for agent 31
[Current_Solution] Agent 31 used 1 waiting timesteps, 13 remaining
[Waiting_time_Solve] Applied 1 waiting time  for agent 31 who has waiting time 13
[Waiting_time_Solve] Applying waiting time 1 to agent 40 who has waiting time 15
[Current_Solution] Agent 40 used 1 waiting timesteps, 14 remaining
[Waiting_time_Solve] New path is consistent after applying waiting time for agent 40
[Current_Solution] Agent 40 used 1 waiting timesteps, 13 remaining
[Waiting_time_Solve] Applied 1 waiting time  for agent 40 who has waiting time 13
[Waiting_time_Solve] Applying waiting time 1 to agent 33 who has waiting time 14
[Waiting_time_Solve] New path is consistent after applying waiting time for agent 33
[Current_Solution] Agent 33 used 1 waiting timesteps, 13 remaining
[Waiting_time_Solve] Applied 1 waiting time  for agent 33 who has waiting time 13
[Waiting_time_Solve] Applying waiting time 1 to agent 39 who has waiting time 15
[Current_Solution] Agent 39 used 1 waiting timesteps, 14 remaining
[Waiting_time_Solve] New path is consistent after applying waiting time for agent 39
[Current_Solution] Agent 39 used 1 waiting timesteps, 13 remaining
[Waiting_time_Solve] Applied 1 waiting time  for agent 39 who has waiting time 13
[Waiting_time_Solve] Applying waiting time 1 to agent 36 who has waiting time 15
[Current_Solution] Agent 36 used 1 waiting timesteps, 14 remaining
[Waiting_time_Solve] New path is consistent after applying waiting time for agent 36
[Current_Solution] Agent 36 used 1 waiting timesteps, 13 remaining
[Waiting_time_Solve] Applied 1 waiting time  for agent 36 who has waiting time 13
[Waiting_time_Solve] Applying waiting time 1 to agent 41 who has waiting time 5
[Waiting_time_Solve] New path is consistent after applying waiting time for agent 41
[Current_Solution] Agent 41 used 1 waiting timesteps, 4 remaining
[Waiting_time_Solve] Applied 1 waiting time  for agent 41 who has waiting time 4
[Waiting_time_Solve] Applying waiting time 1 to agent 42 who has waiting time 15
[Current_Solution] Agent 42 used 1 waiting timesteps, 14 remaining
[Waiting_time_Solve] New path is consistent after applying waiting time for agent 42
[Current_Solution] Agent 42 used 1 waiting timesteps, 13 remaining
[Waiting_time_Solve] Applied 1 waiting time  for agent 42 who has waiting time 13
[Waiting_time_Solve] Applying waiting time 1 to agent 43 who has waiting time 15
[Current_Solution] Agent 43 used 1 waiting timesteps, 14 remaining
[Waiting_time_Solve] New path is consistent after applying waiting time for agent 43
[Current_Solution] Agent 43 used 1 waiting timesteps, 13 remaining
[Waiting_time_Solve] Applied 1 waiting time  for agent 43 who has waiting time 13
[Waiting_time_Solve] Applying waiting time 1 to agent 14 who has waiting time 11
[Waiting_time_Solve] New path is consistent after applying waiting time for agent 14
[Current_Solution] Agent 14 used 1 waiting timesteps, 10 remaining
[Waiting_time_Solve] Applied 1 waiting time  for agent 14 who has waiting time 10
[Waiting_time_Solve] Applying waiting time 1 to agent 17 who has waiting time 9
[Waiting_time_Solve] New path is consistent after applying waiting time for agent 17
[Current_Solution] Agent 17 used 1 waiting timesteps, 8 remaining
[Waiting_time_Solve] Applied 1 waiting time  for agent 17 who has waiting time 8
[Waiting_time_Solve] Applying waiting time 1 to agent 26 who has waiting time 3
[Waiting_time_Solve] New path is consistent after applying waiting time for agent 26
[Current_Solution] Agent 26 used 1 waiting timesteps, 2 remaining
[Waiting_time_Solve] Applied 1 waiting time  for agent 26 who has waiting time 2
[Waiting_time_Solve] Applying waiting time 1 to agent 8 who has waiting time 15
[Current_Solution] Agent 8 used 1 waiting timesteps, 14 remaining
[Waiting_time_Solve] New path is consistent after applying waiting time for agent 8
[Current_Solution] Agent 8 used 1 waiting timesteps, 13 remaining
[Waiting_time_Solve] Applied 1 waiting time  for agent 8 who has waiting time 13
[Waiting_time_Solve] Applying waiting time 1 to agent 49 who has waiting time 15
[Current_Solution] Agent 49 used 1 waiting timesteps, 14 remaining
[Waiting_time_Solve] New path is consistent after applying waiting time for agent 49
[Current_Solution] Agent 49 used 1 waiting timesteps, 13 remaining
[Waiting_time_Solve] Applied 1 waiting time  for agent 49 who has waiting time 13
[Waiting_time_Solve] Applying waiting time 1 to agent 13 who has waiting time 15
[Current_Solution] Agent 13 used 1 waiting timesteps, 14 remaining
[Waiting_time_Solve] New path is consistent after applying waiting time for agent 13
[Current_Solution] Agent 13 used 1 waiting timesteps, 13 remaining
[Waiting_time_Solve] Applied 1 waiting time  for agent 13 who has waiting time 13
[Waiting_time_Solve] Applying waiting time 1 to agent 32 who has waiting time 12
[Waiting_time_Solve] New path is consistent after applying waiting time for agent 32
[Current_Solution] Agent 32 used 1 waiting timesteps, 11 remaining
[Waiting_time_Solve] Applied 1 waiting time  for agent 32 who has waiting time 11
[Waiting_time_Solve] Applying waiting time 1 to agent 34 who has waiting time 7
[Waiting_time_Solve] New path is consistent after applying waiting time for agent 34
[Current_Solution] Agent 34 used 1 waiting timesteps, 6 remaining
[Waiting_time_Solve] Applied 1 waiting time  for agent 34 who has waiting time 6
[Waiting_time_Solve] Applying waiting time 1 to agent 44 who has waiting time 15
[Current_Solution] Agent 44 used 1 waiting timesteps, 14 remaining
[Waiting_time_Solve] New path is consistent after applying waiting time for agent 44
[Current_Solution] Agent 44 used 1 waiting timesteps, 13 remaining
[Waiting_time_Solve] Applied 1 waiting time  for agent 44 who has waiting time 13
[Waiting_time_Solve] Applying waiting time 1 to agent 12 who has waiting time 15
[Current_Solution] Agent 12 used 1 waiting timesteps, 14 remaining
[Waiting_time_Solve] New path is consistent after applying waiting time for agent 12
[Current_Solution] Agent 12 used 1 waiting timesteps, 13 remaining
[Waiting_time_Solve] Applied 1 waiting time  for agent 12 who has waiting time 13
[Waiting_time_Solve] ALL Waiting time applied
[Waiting_time_Solve] Extended Zone end time from 39 to 40
[Current_Solution] Agent 9 used 1 waiting timesteps, 14 remaining
[Current_Solution] Agent 10 used 1 waiting timesteps, 14 remaining
[Current_Solution] Agent 18 used 1 waiting timesteps, 14 remaining
[Current_Solution] Agent 19 used 1 waiting timesteps, 14 remaining
[Current_Solution] Agent 21 used 1 waiting timesteps, 14 remaining
[Current_Solution] Agent 23 used 1 waiting timesteps, 14 remaining
[Current_Solution] Agent 25 used 1 waiting timesteps, 14 remaining
[Current_Solution] Agent 28 used 1 waiting timesteps, 14 remaining
[Current_Solution] Agent 37 used 1 waiting timesteps, 14 remaining
[Current_Solution] Agent 38 used 1 waiting timesteps, 14 remaining
[Waiting_time_Solve] Iteration 1...
[Waiting_time_Solve] Agent 0 pseudo agents: 50 51 
[SAT] Start solving CNF: 5209973 clauses and 83500 variables
[SAT] Agent 49 entry time: 0 exit time: 40
[SAT] Agent 48 entry time: 8 exit time: 40
[SAT] Agent 47 entry time: 0 exit time: 30
[SAT] Agent 46 entry time: 0 exit time: 40
[SAT] Agent 45 entry time: 0 exit time: 16
[SAT] Agent 44 entry time: 0 exit time: 40
[SAT] Agent 43 entry time: 0 exit time: 40
[SAT] Agent 42 entry time: 0 exit time: 40
[SAT] Agent 41 entry time: 0 exit time: 40
[SAT] Agent 40 entry time: 0 exit time: 40
[SAT] Agent 39 entry time: 6 exit time: 40
[SAT] Agent 38 entry time: 0 exit time: 40
[SAT] Agent 37 entry time: 0 exit time: 40
[SAT] Agent 36 entry time: 5 exit time: 40
[SAT] Agent 35 entry time: 2 exit time: 40
[SAT] Agent 34 entry time: 8 exit time: 40
[SAT] Agent 33 entry time: 0 exit time: 40
[SAT] Agent 32 entry time: 0 exit time: 25
[SAT] Agent 31 entry time: 0 exit time: 40
[SAT] Agent 30 entry time: 0 exit time: 40
[SAT] Agent 29 entry time: 2 exit time: 40
[SAT] Agent 28 entry time: 0 exit time: 40
[SAT] Agent 27 entry time: 0 exit time: 40
[SAT] Agent 10 entry time: 0 exit time: 40
[SAT] Agent 9 entry time: 0 exit time: 40
[SAT] Agent 8 entry time: 1 exit time: 40
[SAT] Agent 7 entry time: 0 exit time: 40
[SAT] Agent 6 entry time: 0 exit time: 40
[SAT] Agent 5 entry time: 0 exit time: 39
[SAT] Agent 4 entry time: 0 exit time: 40
[SAT] Agent 3 entry time: 0 exit time: 40
[SAT] Agent 2 entry time: 0 exit time: 11
[SAT] Agent 1 entry time: 0 exit time: 40
[SAT] Agent 51 entry time: 9 exit time: 40
[SAT] Agent 22 entry time: 3 exit time: 40
[SAT] Agent 50 entry time: 3 exit time: 5
[SAT] Agent 21 entry time: 0 exit time: 40
[SAT] Agent 0 entry time: 0 exit time: 1
[SAT] Agent 11 entry time: 0 exit time: 40
[SAT] Agent 12 entry time: 0 exit time: 40
[SAT] Agent 13 entry time: 0 exit time: 40
[SAT] Agent 14 entry time: 0 exit time: 40
[SAT] Agent 15 entry time: 0 exit time: 40
[SAT] Agent 16 entry time: 0 exit time: 40
[SAT] Agent 17 entry time: 0 exit time: 40
[SAT] Agent 18 entry time: 0 exit time: 40
[SAT] Agent 19 entry time: 0 exit time: 40
[SAT] Agent 20 entry time: 0 exit time: 40
[SAT] Agent 23 entry time: 0 exit time: 40
[SAT] Agent 24 entry time: 0 exit time: 40
[SAT] Agent 25 entry time: 0 exit time: 40
[SAT] Agent 26 entry time: 0 exit time: 40

[SAT] Start time: 0 End time: 40

[SAT] Solving local zone with SAT iteration 1...
[SAT] Local CNF: 5210243 clauses 

DEBUG: Adding 5210243 new clauses to MiniSAT (incremental run)
DEBUG: Clause load summary: input=5210243, added=5210243, tautologies_skipped=0, duplicates_skipped=0, unit_clauses=215, empties=0, intra_clause_literals_removed=0, added_but_db_unchanged=311
DEBUG: After adding clauses, solver has 5209717 clauses and 83500 variables
DEBUG: MiniSAT found 83500 variables
DEBUG: Assignment size: 83500
DEBUG: First few assignment values: 1 0 0 1 0 0 0 1 0 0 

=== DEBUG: cnf_assignment_to_paths ===
Input assignment size: 83500

=== END DEBUG ===
[SAT] Found 106 vertex collisions and 37 edge collisions
[SAT] Adding collision clauses and solving again...
[SAT] Solving local zone with SAT iteration 2...
[SAT] Local CNF: 5210386 clauses 

DEBUG: Adding 143 new clauses to MiniSAT (incremental run)
[SAT] Previous assignment invalidated by new clauses, reset solver and retrying without assumptions...
DEBUG: Adding 5210386 new clauses to MiniSAT (incremental run)
[SAT] Local problem appears to be unsatisfiable in current zone
[Waiting_time_Solve] No solution found, trying to apply waiting time:2
[Waiting_time_Solve] Applying waiting time 2 to agent 12 who has waiting time 13
[Current_Solution] Agent 12 used 1 waiting timesteps, 12 remaining
[Waiting_time_Solve] New path is consistent after applying waiting time for agent 12
[Current_Solution] Agent 12 used 2 waiting timesteps, 10 remaining
[Waiting_time_Solve] Applied 2 waiting time  for agent 12 who has waiting time 10
[Waiting_time_Solve] Applying waiting time 2 to agent 13 who has waiting time 13
[Current_Solution] Agent 13 used 1 waiting timesteps, 12 remaining
[Waiting_time_Solve] New path is consistent after applying waiting time for agent 13
[Current_Solution] Agent 13 used 2 waiting timesteps, 10 remaining
[Waiting_time_Solve] Applied 2 waiting time  for agent 13 who has waiting time 10
[Waiting_time_Solve] Applying waiting time 2 to agent 35 who has waiting time 10
[Waiting_time_Solve] New path is consistent after applying waiting time for agent 35
[Current_Solution] Agent 35 used 2 waiting timesteps, 8 remaining
[Waiting_time_Solve] Applied 2 waiting time  for agent 35 who has waiting time 8
[Waiting_time_Solve] Applying waiting time 2 to agent 42 who has waiting time 13
[Current_Solution] Agent 42 used 1 waiting timesteps, 12 remaining
[Waiting_time_Solve] New path is consistent after applying waiting time for agent 42
[Current_Solution] Agent 42 used 2 waiting timesteps, 10 remaining
[Waiting_time_Solve] Applied 2 waiting time  for agent 42 who has waiting time 10
[Waiting_time_Solve] Applying waiting time 2 to agent 6 who has waiting time 13
[Current_Solution] Agent 6 used 1 waiting timesteps, 12 remaining
[Waiting_time_Solve] New path is consistent after applying waiting time for agent 6
[Current_Solution] Agent 6 used 2 waiting timesteps, 10 remaining
[Waiting_time_Solve] Applied 2 waiting time  for agent 6 who has waiting time 10
[Waiting_time_Solve] Applying waiting time 2 to agent 14 who has waiting time 10
[Waiting_time_Solve] New path is consistent after applying waiting time for agent 14
[Current_Solution] Agent 14 used 2 waiting timesteps, 8 remaining
[Waiting_time_Solve] Applied 2 waiting time  for agent 14 who has waiting time 8
[Waiting_time_Solve] Applying waiting time 2 to agent 15 who has waiting time 13
[Current_Solution] Agent 15 used 1 waiting timesteps, 12 remaining
[Waiting_time_Solve] New path is consistent after applying waiting time for agent 15
[Current_Solution] Agent 15 used 2 waiting timesteps, 10 remaining
[Waiting_time_Solve] Applied 2 waiting time  for agent 15 who has waiting time 10
[Waiting_time_Solve] Applying waiting time 2 to agent 17 who has waiting time 8
[Waiting_time_Solve] New path is consistent after applying waiting time for agent 17
[Current_Solution] Agent 17 used 2 waiting timesteps, 6 remaining
[Waiting_time_Solve] Applied 2 waiting time  for agent 17 who has waiting time 6
[Waiting_time_Solve] Applying waiting time 2 to agent 19 who has waiting time 14
[Current_Solution] Agent 19 used 2 waiting timesteps, 12 remaining
[Waiting_time_Solve] New path is consistent after applying waiting time for agent 19
[Current_Solution] Agent 19 used 2 waiting timesteps, 10 remaining
[Waiting_time_Solve] Applied 2 waiting time  for agent 19 who has waiting time 10
[Waiting_time_Solve] Applying waiting time 2 to agent 23 who has waiting time 14
[Current_Solution] Agent 23 used 2 waiting timesteps, 12 remaining
[Waiting_time_Solve] New path is consistent after applying waiting time for agent 23
[Current_Solution] Agent 23 used 2 waiting timesteps, 10 remaining
[Waiting_time_Solve] Applied 2 waiting time  for agent 23 who has waiting time 10
[Waiting_time_Solve] Applying waiting time 2 to agent 37 who has waiting time 14
[Current_Solution] Agent 37 used 2 waiting timesteps, 12 remaining
[Waiting_time_Solve] New path is consistent after applying waiting time for agent 37
[Current_Solution] Agent 37 used 2 waiting timesteps, 10 remaining
[Waiting_time_Solve] Applied 2 waiting time  for agent 37 who has waiting time 10
[Waiting_time_Solve] Applying waiting time 2 to agent 11 who has waiting time 4
[Waiting_time_Solve] New path is consistent after applying waiting time for agent 11
[Current_Solution] Agent 11 used 2 waiting timesteps, 2 remaining
[Waiting_time_Solve] Applied 2 waiting time  for agent 11 who has waiting time 2
[Waiting_time_Solve] Applying waiting time 2 to agent 4 who has waiting time 12
[Waiting_time_Solve] New path is consistent after applying waiting time for agent 4
[Current_Solution] Agent 4 used 2 waiting timesteps, 10 remaining
[Waiting_time_Solve] Applied 2 waiting time  for agent 4 who has waiting time 10
[Waiting_time_Solve] Applying waiting time 2 to agent 27 who has waiting time 8
[Waiting_time_Solve] New path is consistent after applying waiting time for agent 27
[Current_Solution] Agent 27 used 2 waiting timesteps, 6 remaining
[Waiting_time_Solve] Applied 2 waiting time  for agent 27 who has waiting time 6
[Waiting_time_Solve] Applying waiting time 2 to agent 28 who has waiting time 14
[Current_Solution] Agent 28 used 2 waiting timesteps, 12 remaining
[Waiting_time_Solve] New path is consistent after applying waiting time for agent 28
[Current_Solution] Agent 28 used 2 waiting timesteps, 10 remaining
[Waiting_time_Solve] Applied 2 waiting time  for agent 28 who has waiting time 10
[Waiting_time_Solve] Applying waiting time 2 to agent 29 who has waiting time 13
[Current_Solution] Agent 29 used 1 waiting timesteps, 12 remaining
[Waiting_time_Solve] New path is consistent after applying waiting time for agent 29
[Current_Solution] Agent 29 used 2 waiting timesteps, 10 remaining
[Waiting_time_Solve] Applied 2 waiting time  for agent 29 who has waiting time 10
[Waiting_time_Solve] Applying waiting time 2 to agent 30 who has waiting time 13
[Current_Solution] Agent 30 used 1 waiting timesteps, 12 remaining
[Waiting_time_Solve] New path is consistent after applying waiting time for agent 30
[Current_Solution] Agent 30 used 2 waiting timesteps, 10 remaining
[Waiting_time_Solve] Applied 2 waiting time  for agent 30 who has waiting time 10
[Waiting_time_Solve] Applying waiting time 2 to agent 40 who has waiting time 13
[Current_Solution] Agent 40 used 1 waiting timesteps, 12 remaining
[Waiting_time_Solve] New path is consistent after applying waiting time for agent 40
[Current_Solution] Agent 40 used 2 waiting timesteps, 10 remaining
[Waiting_time_Solve] Applied 2 waiting time  for agent 40 who has waiting time 10
[Waiting_time_Solve] Applying waiting time 2 to agent 33 who has waiting time 13
[Waiting_time_Solve] New path is consistent after applying waiting time for agent 33
[Current_Solution] Agent 33 used 2 waiting timesteps, 11 remaining
[Waiting_time_Solve] Applied 2 waiting time  for agent 33 who has waiting time 11
[Waiting_time_Solve] Applying waiting time 2 to agent 39 who has waiting time 13
[Current_Solution] Agent 39 used 1 waiting timesteps, 12 remaining
[Waiting_time_Solve] New path is consistent after applying waiting time for agent 39
[Current_Solution] Agent 39 used 2 waiting timesteps, 10 remaining
[Waiting_time_Solve] Applied 2 waiting time  for agent 39 who has waiting time 10
[Waiting_time_Solve] Applying waiting time 2 to agent 34 who has waiting time 6
[Waiting_time_Solve] New path is consistent after applying waiting time for agent 34
[Current_Solution] Agent 34 used 2 waiting timesteps, 4 remaining
[Waiting_time_Solve] Applied 2 waiting time  for agent 34 who has waiting time 4
[Waiting_time_Solve] Applying waiting time 2 to agent 21 who has waiting time 14
[Current_Solution] Agent 21 used 2 waiting timesteps, 12 remaining
[Waiting_time_Solve] New path is consistent after applying waiting time for agent 21
[Current_Solution] Agent 21 used 2 waiting timesteps, 10 remaining
[Waiting_time_Solve] Applied 2 waiting time  for agent 21 who has waiting time 10
[Waiting_time_Solve] Applying waiting time 2 to agent 43 who has waiting time 13
[Current_Solution] Agent 43 used 1 waiting timesteps, 12 remaining
[Waiting_time_Solve] New path is consistent after applying waiting time for agent 43
[Current_Solution] Agent 43 used 2 waiting timesteps, 10 remaining
[Waiting_time_Solve] Applied 2 waiting time  for agent 43 who has waiting time 10
[Waiting_time_Solve] Applying waiting time 2 to agent 2 who has waiting time 36
[Waiting_time_Solve] New path is consistent after applying waiting time for agent 2
[Current_Solution] Agent 2 used 2 waiting timesteps, 34 remaining
[Waiting_time_Solve] Applied 2 waiting time  for agent 2 who has waiting time 34
[Waiting_time_Solve] Applying waiting time 2 to agent 44 who has waiting time 13
[Current_Solution] Agent 44 used 1 waiting timesteps, 12 remaining
[Waiting_time_Solve] New path is consistent after applying waiting time for agent 44
[Current_Solution] Agent 44 used 2 waiting timesteps, 10 remaining
[Waiting_time_Solve] Applied 2 waiting time  for agent 44 who has waiting time 10
[Waiting_time_Solve] Applying waiting time 2 to agent 41 who has waiting time 4
[Waiting_time_Solve] New path is consistent after applying waiting time for agent 41
[Current_Solution] Agent 41 used 2 waiting timesteps, 2 remaining
[Waiting_time_Solve] Applied 2 waiting time  for agent 41 who has waiting time 2
[Waiting_time_Solve] Applying waiting time 2 to agent 22 who has waiting time 6
[Waiting_time_Solve] New path is consistent after applying waiting time for agent 22
[Current_Solution] Agent 22 used 2 waiting timesteps, 4 remaining
[Waiting_time_Solve] Applied 2 waiting time  for agent 22 who has waiting time 4
[Waiting_time_Solve] Applying waiting time 2 to agent 31 who has waiting time 13
[Current_Solution] Agent 31 used 1 waiting timesteps, 12 remaining
[Waiting_time_Solve] New path is consistent after applying waiting time for agent 31
[Current_Solution] Agent 31 used 2 waiting timesteps, 10 remaining
[Waiting_time_Solve] Applied 2 waiting time  for agent 31 who has waiting time 10
[Waiting_time_Solve] Applying waiting time 2 to agent 26 who has waiting time 2
[Waiting_time_Solve] New path is consistent after applying waiting time for agent 26
[Current_Solution] Agent 26 used 2 waiting timesteps, 0 remaining
[Waiting_time_Solve] Applied 2 waiting time  for agent 26 who has waiting time 0
[Waiting_time_Solve] Applying waiting time 2 to agent 47 who has waiting time 20
[Waiting_time_Solve] New path is consistent after applying waiting time for agent 47
[Current_Solution] Agent 47 used 2 waiting timesteps, 18 remaining
[Waiting_time_Solve] Applied 2 waiting time  for agent 47 who has waiting time 18
[Waiting_time_Solve] Applying waiting time 2 to agent 49 who has waiting time 13
[Current_Solution] Agent 49 used 1 waiting timesteps, 12 remaining
[Waiting_time_Solve] New path is consistent after applying waiting time for agent 49
[Current_Solution] Agent 49 used 2 waiting timesteps, 10 remaining
[Waiting_time_Solve] Applied 2 waiting time  for agent 49 who has waiting time 10
[Waiting_time_Solve] Applying waiting time 2 to agent 8 who has waiting time 13
[Current_Solution] Agent 8 used 1 waiting timesteps, 12 remaining
[Waiting_time_Solve] New path is consistent after applying waiting time for agent 8
[Current_Solution] Agent 8 used 2 waiting timesteps, 10 remaining
[Waiting_time_Solve] Applied 2 waiting time  for agent 8 who has waiting time 10
[Waiting_time_Solve] ALL Waiting time applied
[Waiting_time_Solve] Extended Zone end time from 40 to 42
[Current_Solution] Agent 1 used 1 waiting timesteps, 12 remaining
[Current_Solution] Agent 3 used 1 waiting timesteps, 12 remaining
[Current_Solution] Agent 7 used 1 waiting timesteps, 12 remaining
[Current_Solution] Agent 9 used 2 waiting timesteps, 12 remaining
[Current_Solution] Agent 10 used 2 waiting timesteps, 12 remaining
[Current_Solution] Agent 16 used 1 waiting timesteps, 12 remaining
[Current_Solution] Agent 18 used 2 waiting timesteps, 12 remaining
[Current_Solution] Agent 20 used 1 waiting timesteps, 12 remaining
[Current_Solution] Agent 24 used 1 waiting timesteps, 12 remaining
[Current_Solution] Agent 25 used 2 waiting timesteps, 12 remaining
[Current_Solution] Agent 36 used 1 waiting timesteps, 12 remaining
[Current_Solution] Agent 38 used 2 waiting timesteps, 12 remaining
[Waiting_time_Solve] Iteration 2...
[Waiting_time_Solve] Agent 0 pseudo agents: 50 51 
[SAT] Start solving CNF: 6733054 clauses and 100645 variables
[SAT] Agent 49 entry time: 0 exit time: 42
[SAT] Agent 48 entry time: 8 exit time: 42
[SAT] Agent 47 entry time: 0 exit time: 32
[SAT] Agent 46 entry time: 0 exit time: 42
[SAT] Agent 45 entry time: 0 exit time: 16
[SAT] Agent 44 entry time: 0 exit time: 42
[SAT] Agent 43 entry time: 0 exit time: 42
[SAT] Agent 42 entry time: 0 exit time: 42
[SAT] Agent 41 entry time: 0 exit time: 42
[SAT] Agent 40 entry time: 0 exit time: 42
[SAT] Agent 39 entry time: 6 exit time: 42
[SAT] Agent 38 entry time: 0 exit time: 42
[SAT] Agent 37 entry time: 0 exit time: 42
[SAT] Agent 36 entry time: 5 exit time: 42
[SAT] Agent 35 entry time: 2 exit time: 42
[SAT] Agent 34 entry time: 8 exit time: 42
[SAT] Agent 33 entry time: 0 exit time: 42
[SAT] Agent 32 entry time: 0 exit time: 25
[SAT] Agent 31 entry time: 0 exit time: 42
[SAT] Agent 30 entry time: 0 exit time: 42
[SAT] Agent 29 entry time: 2 exit time: 42
[SAT] Agent 28 entry time: 0 exit time: 42
[SAT] Agent 27 entry time: 0 exit time: 42
[SAT] Agent 10 entry time: 0 exit time: 42
[SAT] Agent 9 entry time: 0 exit time: 42
[SAT] Agent 8 entry time: 1 exit time: 42
[SAT] Agent 7 entry time: 0 exit time: 42
[SAT] Agent 6 entry time: 0 exit time: 42
[SAT] Agent 5 entry time: 0 exit time: 39
[SAT] Agent 4 entry time: 0 exit time: 42
[SAT] Agent 3 entry time: 0 exit time: 42
[SAT] Agent 2 entry time: 0 exit time: 13
[SAT] Agent 1 entry time: 0 exit time: 42
[SAT] Agent 51 entry time: 9 exit time: 42
[SAT] Agent 22 entry time: 3 exit time: 42
[SAT] Agent 50 entry time: 3 exit time: 5
[SAT] Agent 21 entry time: 0 exit time: 42
[SAT] Agent 0 entry time: 0 exit time: 1
[SAT] Agent 11 entry time: 0 exit time: 42
[SAT] Agent 12 entry time: 0 exit time: 42
[SAT] Agent 13 entry time: 0 exit time: 42
[SAT] Agent 14 entry time: 0 exit time: 42
[SAT] Agent 15 entry time: 0 exit time: 42
[SAT] Agent 16 entry time: 0 exit time: 42
[SAT] Agent 17 entry time: 0 exit time: 42
[SAT] Agent 18 entry time: 0 exit time: 42
[SAT] Agent 19 entry time: 0 exit time: 42
[SAT] Agent 20 entry time: 0 exit time: 42
[SAT] Agent 23 entry time: 0 exit time: 42
[SAT] Agent 24 entry time: 0 exit time: 42
[SAT] Agent 25 entry time: 0 exit time: 42
[SAT] Agent 26 entry time: 0 exit time: 42

[SAT] Start time: 0 End time: 42

[SAT] Solving local zone with SAT iteration 1...
[SAT] Local CNF: 6733467 clauses 

DEBUG: Adding 6733467 new clauses to MiniSAT (incremental run)
DEBUG: Clause load summary: input=6733467, added=6733467, tautologies_skipped=0, duplicates_skipped=0, unit_clauses=154, empties=0, intra_clause_literals_removed=0, added_but_db_unchanged=257
DEBUG: After adding clauses, solver has 6733056 clauses and 100645 variables
DEBUG: MiniSAT found 100645 variables
DEBUG: Assignment size: 100645
DEBUG: First few assignment values: 1 0 0 1 0 0 0 1 0 0 

=== DEBUG: cnf_assignment_to_paths ===
Input assignment size: 100645

=== END DEBUG ===
[SAT] Found 138 vertex collisions and 46 edge collisions
[SAT] Adding collision clauses and solving again...
[SAT] Solving local zone with SAT iteration 2...
[SAT] Local CNF: 6733651 clauses 

DEBUG: Adding 184 new clauses to MiniSAT (incremental run)
[SAT] Previous assignment invalidated by new clauses, reset solver and retrying without assumptions...
DEBUG: Adding 6733651 new clauses to MiniSAT (incremental run)
[SAT] Local problem appears to be unsatisfiable in current zone
[Waiting_time_Solve] No solution found, trying to apply waiting time:3
[Waiting_time_Solve] Applying waiting time 3 to agent 2 who has waiting time 34
[Waiting_time_Solve] New path is consistent after applying waiting time for agent 2
[Current_Solution] Agent 2 used 3 waiting timesteps, 31 remaining
[Waiting_time_Solve] Applied 3 waiting time  for agent 2 who has waiting time 31
[Waiting_time_Solve] Applying waiting time 3 to agent 5 who has waiting time 7
[Waiting_time_Solve] New path is consistent after applying waiting time for agent 5
[Current_Solution] Agent 5 used 3 waiting timesteps, 4 remaining
[Waiting_time_Solve] Applied 3 waiting time  for agent 5 who has waiting time 4
[Waiting_time_Solve] Applying waiting time 3 to agent 3 who has waiting time 12
[Current_Solution] Agent 3 used 3 waiting timesteps, 9 remaining
[Waiting_time_Solve] New path is consistent after applying waiting time for agent 3
[Current_Solution] Agent 3 used 3 waiting timesteps, 6 remaining
[Waiting_time_Solve] Applied 3 waiting time  for agent 3 who has waiting time 6
[Waiting_time_Solve] Applying waiting time 3 to agent 6 who has waiting time 10
[Current_Solution] Agent 6 used 1 waiting timesteps, 9 remaining
[Waiting_time_Solve] New path is consistent after applying waiting time for agent 6
[Current_Solution] Agent 6 used 3 waiting timesteps, 6 remaining
[Waiting_time_Solve] Applied 3 waiting time  for agent 6 who has waiting time 6
[Waiting_time_Solve] Applying waiting time 3 to agent 7 who has waiting time 12
[Current_Solution] Agent 7 used 3 waiting timesteps, 9 remaining
[Waiting_time_Solve] New path is consistent after applying waiting time for agent 7
[Current_Solution] Agent 7 used 3 waiting timesteps, 6 remaining
[Waiting_time_Solve] Applied 3 waiting time  for agent 7 who has waiting time 6
[Waiting_time_Solve] Applying waiting time 3 to agent 0 who has waiting time 10
[Waiting_time_Solve] New path is consistent after applying waiting time for agent 0
[Current_Solution] Agent 0 used 3 waiting timesteps, 7 remaining
[Waiting_time_Solve] Applied 3 waiting time  for agent 0 who has waiting time 7
[Waiting_time_Solve] Applying waiting time 3 to agent 15 who has waiting time 10
[Current_Solution] Agent 15 used 1 waiting timesteps, 9 remaining
[Waiting_time_Solve] New path is consistent after applying waiting time for agent 15
[Current_Solution] Agent 15 used 3 waiting timesteps, 6 remaining
[Waiting_time_Solve] Applied 3 waiting time  for agent 15 who has waiting time 6
[Waiting_time_Solve] Applying waiting time 3 to agent 20 who has waiting time 12
[Current_Solution] Agent 20 used 3 waiting timesteps, 9 remaining
[Waiting_time_Solve] New path is consistent after applying waiting time for agent 20
[Current_Solution] Agent 20 used 3 waiting timesteps, 6 remaining
[Waiting_time_Solve] Applied 3 waiting time  for agent 20 who has waiting time 6
[Waiting_time_Solve] Applying waiting time 3 to agent 16 who has waiting time 12
[Current_Solution] Agent 16 used 3 waiting timesteps, 9 remaining
[Waiting_time_Solve] New path is consistent after applying waiting time for agent 16
[Current_Solution] Agent 16 used 3 waiting timesteps, 6 remaining
[Waiting_time_Solve] Applied 3 waiting time  for agent 16 who has waiting time 6
[Waiting_time_Solve] Applying waiting time 3 to agent 4 who has waiting time 10
[Waiting_time_Solve] New path is consistent after applying waiting time for agent 4
[Current_Solution] Agent 4 used 3 waiting timesteps, 7 remaining
[Waiting_time_Solve] Applied 3 waiting time  for agent 4 who has waiting time 7
[Waiting_time_Solve] Applying waiting time 3 to agent 25 who has waiting time 12
[Current_Solution] Agent 25 used 3 waiting timesteps, 9 remaining
[Waiting_time_Solve] New path is consistent after applying waiting time for agent 25
[Current_Solution] Agent 25 used 3 waiting timesteps, 6 remaining
[Waiting_time_Solve] Applied 3 waiting time  for agent 25 who has waiting time 6
[Waiting_time_Solve] Applying waiting time 3 to agent 1 who has waiting time 12
[Current_Solution] Agent 1 used 3 waiting timesteps, 9 remaining
[Waiting_time_Solve] New path is consistent after applying waiting time for agent 1
[Current_Solution] Agent 1 used 3 waiting timesteps, 6 remaining
[Waiting_time_Solve] Applied 3 waiting time  for agent 1 who has waiting time 6
[Waiting_time_Solve] Applying waiting time 3 to agent 24 who has waiting time 12
[Current_Solution] Agent 24 used 3 waiting timesteps, 9 remaining
[Waiting_time_Solve] New path is consistent after applying waiting time for agent 24
[Current_Solution] Agent 24 used 3 waiting timesteps, 6 remaining
[Waiting_time_Solve] Applied 3 waiting time  for agent 24 who has waiting time 6
[Waiting_time_Solve] Applying waiting time 3 to agent 27 who has waiting time 6
[Waiting_time_Solve] New path is consistent after applying waiting time for agent 27
[Current_Solution] Agent 27 used 3 waiting timesteps, 3 remaining
[Waiting_time_Solve] Applied 3 waiting time  for agent 27 who has waiting time 3
[Waiting_time_Solve] Applying waiting time 3 to agent 28 who has waiting time 10
[Current_Solution] Agent 28 used 1 waiting timesteps, 9 remaining
[Waiting_time_Solve] New path is consistent after applying waiting time for agent 28
[Current_Solution] Agent 28 used 3 waiting timesteps, 6 remaining
[Waiting_time_Solve] Applied 3 waiting time  for agent 28 who has waiting time 6
[Waiting_time_Solve] Applying waiting time 3 to agent 29 who has waiting time 10
[Current_Solution] Agent 29 used 1 waiting timesteps, 9 remaining
[Waiting_time_Solve] New path is consistent after applying waiting time for agent 29
[Current_Solution] Agent 29 used 3 waiting timesteps, 6 remaining
[Waiting_time_Solve] Applied 3 waiting time  for agent 29 who has waiting time 6
[Waiting_time_Solve] Applying waiting time 3 to agent 30 who has waiting time 10
[Current_Solution] Agent 30 used 1 waiting timesteps, 9 remaining
[Waiting_time_Solve] New path is consistent after applying waiting time for agent 30
[Current_Solution] Agent 30 used 3 waiting timesteps, 6 remaining
[Waiting_time_Solve] Applied 3 waiting time  for agent 30 who has waiting time 6
[Waiting_time_Solve] Applying waiting time 3 to agent 31 who has waiting time 10
[Current_Solution] Agent 31 used 1 waiting timesteps, 9 remaining
[Waiting_time_Solve] New path is consistent after applying waiting time for agent 31
[Current_Solution] Agent 31 used 3 waiting timesteps, 6 remaining
[Waiting_time_Solve] Applied 3 waiting time  for agent 31 who has waiting time 6
[Waiting_time_Solve] Applying waiting time 3 to agent 9 who has waiting time 12
[Current_Solution] Agent 9 used 3 waiting timesteps, 9 remaining
[Waiting_time_Solve] New path is consistent after applying waiting time for agent 9
[Current_Solution] Agent 9 used 3 waiting timesteps, 6 remaining
[Waiting_time_Solve] Applied 3 waiting time  for agent 9 who has waiting time 6
[Waiting_time_Solve] Applying waiting time 3 to agent 33 who has waiting time 11
[Waiting_time_Solve] New path is consistent after applying waiting time for agent 33
[Current_Solution] Agent 33 used 3 waiting timesteps, 8 remaining
[Waiting_time_Solve] Applied 3 waiting time  for agent 33 who has waiting time 8
[Waiting_time_Solve] Applying waiting time 3 to agent 39 who has waiting time 10
[Current_Solution] Agent 39 used 1 waiting timesteps, 9 remaining
[Waiting_time_Solve] New path is consistent after applying waiting time for agent 39
[Current_Solution] Agent 39 used 3 waiting timesteps, 6 remaining
[Waiting_time_Solve] Applied 3 waiting time  for agent 39 who has waiting time 6
[Waiting_time_Solve] Applying waiting time 3 to agent 36 who has waiting time 12
[Current_Solution] Agent 36 used 3 waiting timesteps, 9 remaining
[Waiting_time_Solve] New path is consistent after applying waiting time for agent 36
[Current_Solution] Agent 36 used 3 waiting timesteps, 6 remaining
[Waiting_time_Solve] Applied 3 waiting time  for agent 36 who has waiting time 6
[Waiting_time_Solve] Applying waiting time 3 to agent 40 who has waiting time 10
[Current_Solution] Agent 40 used 1 waiting timesteps, 9 remaining
[Waiting_time_Solve] New path is consistent after applying waiting time for agent 40
[Current_Solution] Agent 40 used 3 waiting timesteps, 6 remaining
[Waiting_time_Solve] Applied 3 waiting time  for agent 40 who has waiting time 6
[Waiting_time_Solve] INFO: not enough waiting time for agent 41 (needs 3, available: 2)
[Waiting_time_Solve] Applying waiting time 3 to agent 13 who has waiting time 10
[Current_Solution] Agent 13 used 1 waiting timesteps, 9 remaining
[Waiting_time_Solve] New path is consistent after applying waiting time for agent 13
[Current_Solution] Agent 13 used 3 waiting timesteps, 6 remaining
[Waiting_time_Solve] Applied 3 waiting time  for agent 13 who has waiting time 6
[Waiting_time_Solve] Applying waiting time 3 to agent 17 who has waiting time 6
[Waiting_time_Solve] New path is consistent after applying waiting time for agent 17
[Current_Solution] Agent 17 used 3 waiting timesteps, 3 remaining
[Waiting_time_Solve] Applied 3 waiting time  for agent 17 who has waiting time 3
[Waiting_time_Solve] INFO: not enough waiting time for agent 11 (needs 3, available: 2)
[Waiting_time_Solve] ALL Waiting time applied
[Waiting_time_Solve] Out of waiting time
[Waiting_time_Solve] No solution found
[Waiting_time_Solve] Restoring original paths
[Waiting_time_Solve] Restoring waiting times
[Current_Solution] Restored waiting times from backup
[Current_Solution] Restored paths from backup
[Solve_local_zone] Zone with expansion factor 8failed
[Solve_local_zone] Expanding zone with offset 11 (original: 1)
[Solve_local_zone] Final expanded zone contains 595 positions with 112 conflicts 
[Solve_local_zone] New time window: [0, 41]
[Solve_local_zone] Current local zone size: 595 (87.2434% of all walkable positions)
[Solve_local_zone] Local zone time window: [0, 41]
[Current_Solution] Agent 1 used 2 waiting timesteps, 13 remaining
[Current_Solution] Agent 3 used 17 waiting timesteps, 13 remaining
[Current_Solution] Agent 6 used 31 waiting timesteps, 13 remaining
[Current_Solution] Agent 7 used 22 waiting timesteps, 13 remaining
[Current_Solution] Agent 8 used 16 waiting timesteps, 13 remaining
[Current_Solution] Agent 9 used 35 waiting timesteps, 13 remaining
[Current_Solution] Agent 10 used 39 waiting timesteps, 13 remaining
[Current_Solution] Agent 12 used 26 waiting timesteps, 13 remaining
[Current_Solution] Agent 13 used 24 waiting timesteps, 13 remaining
[Current_Solution] Agent 15 used 5 waiting timesteps, 13 remaining
[Current_Solution] Agent 16 used 33 waiting timesteps, 13 remaining
[Current_Solution] Agent 18 used 34 waiting timesteps, 13 remaining
[Current_Solution] Agent 19 used 23 waiting timesteps, 13 remaining
[Current_Solution] Agent 20 used 34 waiting timesteps, 13 remaining
[Current_Solution] Agent 21 used 32 waiting timesteps, 13 remaining
[Current_Solution] Agent 23 used 13 waiting timesteps, 13 remaining
[Current_Solution] Agent 24 used 15 waiting timesteps, 13 remaining
[Current_Solution] Agent 25 used 24 waiting timesteps, 13 remaining
[Current_Solution] Agent 28 used 20 waiting timesteps, 13 remaining
[Current_Solution] Agent 29 used 28 waiting timesteps, 13 remaining
[Current_Solution] Agent 30 used 36 waiting timesteps, 13 remaining
[Current_Solution] Agent 31 used 26 waiting timesteps, 13 remaining
[Current_Solution] Agent 33 used 1 waiting timesteps, 13 remaining
[Current_Solution] Agent 36 used 23 waiting timesteps, 13 remaining
[Current_Solution] Agent 37 used 3 waiting timesteps, 13 remaining
[Current_Solution] Agent 38 used 11 waiting timesteps, 13 remaining
[Current_Solution] Agent 39 used 11 waiting timesteps, 13 remaining
[Current_Solution] Agent 40 used 26 waiting timesteps, 13 remaining
[Current_Solution] Agent 42 used 8 waiting timesteps, 13 remaining
[Current_Solution] Agent 43 used 19 waiting timesteps, 13 remaining
[Current_Solution] Agent 44 used 19 waiting timesteps, 13 remaining
[Current_Solution] Agent 45 used 24 waiting timesteps, 13 remaining
[Current_Solution] Agent 49 used 34 waiting timesteps, 13 remaining
[Waiting_time_Solve] Agent 0 has waiting time 10
[Waiting_time_Solve] Agent 1 has waiting time 13
[Waiting_time_Solve] Agent 2 has waiting time 37
[Waiting_time_Solve] Agent 3 has waiting time 13
[Waiting_time_Solve] Agent 4 has waiting time 13
[Waiting_time_Solve] Agent 5 has waiting time 8
[Waiting_time_Solve] Agent 6 has waiting time 13
[Waiting_time_Solve] Agent 7 has waiting time 13
[Waiting_time_Solve] Agent 8 has waiting time 13
[Waiting_time_Solve] Agent 9 has waiting time 13
[Waiting_time_Solve] Agent 10 has waiting time 13
[Waiting_time_Solve] Agent 11 has waiting time 4
[Waiting_time_Solve] Agent 12 has waiting time 13
[Waiting_time_Solve] Agent 13 has waiting time 13
[Waiting_time_Solve] Agent 14 has waiting time 11
[Waiting_time_Solve] Agent 15 has waiting time 13
[Waiting_time_Solve] Agent 16 has waiting time 13
[Waiting_time_Solve] Agent 17 has waiting time 9
[Waiting_time_Solve] Agent 18 has waiting time 13
[Waiting_time_Solve] Agent 19 has waiting time 13
[Waiting_time_Solve] Agent 20 has waiting time 13
[Waiting_time_Solve] Agent 21 has waiting time 13
[Waiting_time_Solve] Agent 22 has waiting time 6
[Waiting_time_Solve] Agent 23 has waiting time 13
[Waiting_time_Solve] Agent 24 has waiting time 13
[Waiting_time_Solve] Agent 25 has waiting time 13
[Waiting_time_Solve] Agent 26 has waiting time 3
[Waiting_time_Solve] Agent 27 has waiting time 9
[Waiting_time_Solve] Agent 28 has waiting time 13
[Waiting_time_Solve] Agent 29 has waiting time 13
[Waiting_time_Solve] Agent 30 has waiting time 13
[Waiting_time_Solve] Agent 31 has waiting time 13
[Waiting_time_Solve] Agent 32 has waiting time 12
[Waiting_time_Solve] Agent 33 has waiting time 13
[Waiting_time_Solve] Agent 34 has waiting time 7
[Waiting_time_Solve] Agent 35 has waiting time 10
[Waiting_time_Solve] Agent 36 has waiting time 13
[Waiting_time_Solve] Agent 37 has waiting time 13
[Waiting_time_Solve] Agent 38 has waiting time 13
[Waiting_time_Solve] Agent 39 has waiting time 13
[Waiting_time_Solve] Agent 40 has waiting time 13
[Waiting_time_Solve] Agent 41 has waiting time 5
[Waiting_time_Solve] Agent 42 has waiting time 13
[Waiting_time_Solve] Agent 43 has waiting time 13
[Waiting_time_Solve] Agent 44 has waiting time 13
[Waiting_time_Solve] Agent 45 has waiting time 13
[Waiting_time_Solve] Agent 46 has waiting time 0
[Waiting_time_Solve] Agent 47 has waiting time 20
[Waiting_time_Solve] Agent 48 has waiting time 1
[Waiting_time_Solve] Agent 49 has waiting time 13
[Waiting_time_Solve] Total available waiting time: 594
[Waiting_time_Solve] Max iterations: 594
[Waiting_time_Solve] Iteration 0...
[SAT] Start solving CNF: 6424408 clauses and 95593 variables
[SAT] Agent 49 entry time: 0 exit time: 41
[SAT] Agent 48 entry time: 6 exit time: 41
[SAT] Agent 47 entry time: 0 exit time: 32
[SAT] Agent 46 entry time: 0 exit time: 41
[SAT] Agent 45 entry time: 0 exit time: 41
[SAT] Agent 44 entry time: 0 exit time: 41
[SAT] Agent 43 entry time: 0 exit time: 41
[SAT] Agent 42 entry time: 0 exit time: 41
[SAT] Agent 41 entry time: 0 exit time: 41
[SAT] Agent 40 entry time: 0 exit time: 41
[SAT] Agent 39 entry time: 4 exit time: 41
[SAT] Agent 38 entry time: 0 exit time: 41
[SAT] Agent 37 entry time: 0 exit time: 41
[SAT] Agent 36 entry time: 3 exit time: 41
[SAT] Agent 35 entry time: 0 exit time: 41
[SAT] Agent 34 entry time: 6 exit time: 41
[SAT] Agent 33 entry time: 0 exit time: 41
[SAT] Agent 32 entry time: 0 exit time: 26
[SAT] Agent 31 entry time: 0 exit time: 41
[SAT] Agent 30 entry time: 0 exit time: 41
[SAT] Agent 29 entry time: 0 exit time: 41
[SAT] Agent 12 entry time: 0 exit time: 41
[SAT] Agent 11 entry time: 0 exit time: 41
[SAT] Agent 10 entry time: 0 exit time: 41
[SAT] Agent 9 entry time: 0 exit time: 41
[SAT] Agent 8 entry time: 0 exit time: 41
[SAT] Agent 7 entry time: 0 exit time: 41
[SAT] Agent 6 entry time: 0 exit time: 41
[SAT] Agent 5 entry time: 0 exit time: 40
[SAT] Agent 4 entry time: 0 exit time: 41
[SAT] Agent 3 entry time: 0 exit time: 41
[SAT] Agent 2 entry time: 0 exit time: 12
[SAT] Agent 1 entry time: 0 exit time: 41
[SAT] Agent 0 entry time: 0 exit time: 41
[SAT] Agent 13 entry time: 0 exit time: 41
[SAT] Agent 14 entry time: 0 exit time: 41
[SAT] Agent 15 entry time: 0 exit time: 41
[SAT] Agent 16 entry time: 0 exit time: 41
[SAT] Agent 17 entry time: 0 exit time: 41
[SAT] Agent 18 entry time: 0 exit time: 41
[SAT] Agent 19 entry time: 0 exit time: 41
[SAT] Agent 20 entry time: 0 exit time: 41
[SAT] Agent 21 entry time: 0 exit time: 41
[SAT] Agent 22 entry time: 1 exit time: 41
[SAT] Agent 23 entry time: 0 exit time: 41
[SAT] Agent 24 entry time: 0 exit time: 41
[SAT] Agent 25 entry time: 0 exit time: 41
[SAT] Agent 26 entry time: 0 exit time: 41
[SAT] Agent 27 entry time: 0 exit time: 41
[SAT] Agent 28 entry time: 0 exit time: 41

[SAT] Start time: 0 End time: 41

[SAT] Solving local zone with SAT iteration 1...
[SAT] Local CNF: 6424408 clauses 

DEBUG: Adding 6424408 new clauses to MiniSAT (incremental run)
DEBUG: Clause load summary: input=6424408, added=6424408, tautologies_skipped=0, duplicates_skipped=0, unit_clauses=369, empties=0, intra_clause_literals_removed=0, added_but_db_unchanged=466
DEBUG: After adding clauses, solver has 6423573 clauses and 95593 variables
DEBUG: MiniSAT found 95593 variables
DEBUG: Assignment size: 95593
DEBUG: First few assignment values: 1 0 1 0 0 1 0 0 0 0 

=== DEBUG: cnf_assignment_to_paths ===
Input assignment size: 95593

=== END DEBUG ===
[SAT] Found 194 vertex collisions and 93 edge collisions
[SAT] Adding collision clauses and solving again...
[SAT] Solving local zone with SAT iteration 2...
[SAT] Local CNF: 6424695 clauses 

DEBUG: Adding 287 new clauses to MiniSAT (incremental run)
[SAT] Previous assignment invalidated by new clauses, reset solver and retrying without assumptions...
DEBUG: Adding 6424695 new clauses to MiniSAT (incremental run)
[SAT] Local problem appears to be unsatisfiable in current zone
[Waiting_time_Solve] No solution found, trying to apply waiting time:1
[Waiting_time_Solve] Applying waiting time 1 to agent 2 who has waiting time 37
[Waiting_time_Solve] New path is consistent after applying waiting time for agent 2
[Current_Solution] Agent 2 used 1 waiting timesteps, 36 remaining
[Waiting_time_Solve] Applied 1 waiting time  for agent 2 who has waiting time 36
[Waiting_time_Solve] Applying waiting time 1 to agent 3 who has waiting time 13
[Current_Solution] Agent 3 used 1 waiting timesteps, 12 remaining
[Waiting_time_Solve] New path is consistent after applying waiting time for agent 3
[Current_Solution] Agent 3 used 1 waiting timesteps, 11 remaining
[Waiting_time_Solve] Applied 1 waiting time  for agent 3 who has waiting time 11
[Waiting_time_Solve] Applying waiting time 1 to agent 5 who has waiting time 8
[Waiting_time_Solve] New path is consistent after applying waiting time for agent 5
[Current_Solution] Agent 5 used 1 waiting timesteps, 7 remaining
[Waiting_time_Solve] Applied 1 waiting time  for agent 5 who has waiting time 7
[Waiting_time_Solve] Applying waiting time 1 to agent 6 who has waiting time 13
[Current_Solution] Agent 6 used 1 waiting timesteps, 12 remaining
[Waiting_time_Solve] New path is consistent after applying waiting time for agent 6
[Current_Solution] Agent 6 used 1 waiting timesteps, 11 remaining
[Waiting_time_Solve] Applied 1 waiting time  for agent 6 who has waiting time 11
[Waiting_time_Solve] Applying waiting time 1 to agent 7 who has waiting time 13
[Current_Solution] Agent 7 used 1 waiting timesteps, 12 remaining
[Waiting_time_Solve] New path is consistent after applying waiting time for agent 7
[Current_Solution] Agent 7 used 1 waiting timesteps, 11 remaining
[Waiting_time_Solve] Applied 1 waiting time  for agent 7 who has waiting time 11
[Waiting_time_Solve] Applying waiting time 1 to agent 13 who has waiting time 13
[Current_Solution] Agent 13 used 1 waiting timesteps, 12 remaining
[Waiting_time_Solve] New path is consistent after applying waiting time for agent 13
[Current_Solution] Agent 13 used 1 waiting timesteps, 11 remaining
[Waiting_time_Solve] Applied 1 waiting time  for agent 13 who has waiting time 11
[Waiting_time_Solve] Applying waiting time 1 to agent 15 who has waiting time 13
[Current_Solution] Agent 15 used 1 waiting timesteps, 12 remaining
[Waiting_time_Solve] New path is consistent after applying waiting time for agent 15
[Current_Solution] Agent 15 used 1 waiting timesteps, 11 remaining
[Waiting_time_Solve] Applied 1 waiting time  for agent 15 who has waiting time 11
[Waiting_time_Solve] Applying waiting time 1 to agent 16 who has waiting time 13
[Current_Solution] Agent 16 used 1 waiting timesteps, 12 remaining
[Waiting_time_Solve] New path is consistent after applying waiting time for agent 16
[Current_Solution] Agent 16 used 1 waiting timesteps, 11 remaining
[Waiting_time_Solve] Applied 1 waiting time  for agent 16 who has waiting time 11
[Waiting_time_Solve] Applying waiting time 1 to agent 20 who has waiting time 13
[Current_Solution] Agent 20 used 1 waiting timesteps, 12 remaining
[Waiting_time_Solve] New path is consistent after applying waiting time for agent 20
[Current_Solution] Agent 20 used 1 waiting timesteps, 11 remaining
[Waiting_time_Solve] Applied 1 waiting time  for agent 20 who has waiting time 11
[Waiting_time_Solve] Applying waiting time 1 to agent 17 who has waiting time 9
[Waiting_time_Solve] New path is consistent after applying waiting time for agent 17
[Current_Solution] Agent 17 used 1 waiting timesteps, 8 remaining
[Waiting_time_Solve] Applied 1 waiting time  for agent 17 who has waiting time 8
[Waiting_time_Solve] Applying waiting time 1 to agent 1 who has waiting time 13
[Current_Solution] Agent 1 used 1 waiting timesteps, 12 remaining
[Waiting_time_Solve] New path is consistent after applying waiting time for agent 1
[Current_Solution] Agent 1 used 1 waiting timesteps, 11 remaining
[Waiting_time_Solve] Applied 1 waiting time  for agent 1 who has waiting time 11
[Waiting_time_Solve] Applying waiting time 1 to agent 4 who has waiting time 13
[Current_Solution] Agent 4 used 1 waiting timesteps, 12 remaining
[Waiting_time_Solve] New path is consistent after applying waiting time for agent 4
[Current_Solution] Agent 4 used 1 waiting timesteps, 11 remaining
[Waiting_time_Solve] Applied 1 waiting time  for agent 4 who has waiting time 11
[Waiting_time_Solve] Applying waiting time 1 to agent 24 who has waiting time 13
[Current_Solution] Agent 24 used 1 waiting timesteps, 12 remaining
[Waiting_time_Solve] New path is consistent after applying waiting time for agent 24
[Current_Solution] Agent 24 used 1 waiting timesteps, 11 remaining
[Waiting_time_Solve] Applied 1 waiting time  for agent 24 who has waiting time 11
[Waiting_time_Solve] Applying waiting time 1 to agent 28 who has waiting time 13
[Current_Solution] Agent 28 used 1 waiting timesteps, 12 remaining
[Waiting_time_Solve] New path is consistent after applying waiting time for agent 28
[Current_Solution] Agent 28 used 1 waiting timesteps, 11 remaining
[Waiting_time_Solve] Applied 1 waiting time  for agent 28 who has waiting time 11
[Waiting_time_Solve] Applying waiting time 1 to agent 29 who has waiting time 13
[Current_Solution] Agent 29 used 1 waiting timesteps, 12 remaining
[Waiting_time_Solve] New path is consistent after applying waiting time for agent 29
[Current_Solution] Agent 29 used 1 waiting timesteps, 11 remaining
[Waiting_time_Solve] Applied 1 waiting time  for agent 29 who has waiting time 11
[Waiting_time_Solve] Applying waiting time 1 to agent 30 who has waiting time 13
[Current_Solution] Agent 30 used 1 waiting timesteps, 12 remaining
[Waiting_time_Solve] New path is consistent after applying waiting time for agent 30
[Current_Solution] Agent 30 used 1 waiting timesteps, 11 remaining
[Waiting_time_Solve] Applied 1 waiting time  for agent 30 who has waiting time 11
[Waiting_time_Solve] Applying waiting time 1 to agent 31 who has waiting time 13
[Current_Solution] Agent 31 used 1 waiting timesteps, 12 remaining
[Waiting_time_Solve] New path is consistent after applying waiting time for agent 31
[Current_Solution] Agent 31 used 1 waiting timesteps, 11 remaining
[Waiting_time_Solve] Applied 1 waiting time  for agent 31 who has waiting time 11
[Waiting_time_Solve] Applying waiting time 1 to agent 40 who has waiting time 13
[Current_Solution] Agent 40 used 1 waiting timesteps, 12 remaining
[Waiting_time_Solve] New path is consistent after applying waiting time for agent 40
[Current_Solution] Agent 40 used 1 waiting timesteps, 11 remaining
[Waiting_time_Solve] Applied 1 waiting time  for agent 40 who has waiting time 11
[Waiting_time_Solve] Applying waiting time 1 to agent 33 who has waiting time 13
[Current_Solution] Agent 33 used 1 waiting timesteps, 12 remaining
[Waiting_time_Solve] New path is consistent after applying waiting time for agent 33
[Current_Solution] Agent 33 used 1 waiting timesteps, 11 remaining
[Waiting_time_Solve] Applied 1 waiting time  for agent 33 who has waiting time 11
[Waiting_time_Solve] Applying waiting time 1 to agent 39 who has waiting time 13
[Current_Solution] Agent 39 used 1 waiting timesteps, 12 remaining
[Waiting_time_Solve] New path is consistent after applying waiting time for agent 39
[Current_Solution] Agent 39 used 1 waiting timesteps, 11 remaining
[Waiting_time_Solve] Applied 1 waiting time  for agent 39 who has waiting time 11
[Waiting_time_Solve] Applying waiting time 1 to agent 36 who has waiting time 13
[Current_Solution] Agent 36 used 1 waiting timesteps, 12 remaining
[Waiting_time_Solve] New path is consistent after applying waiting time for agent 36
[Current_Solution] Agent 36 used 1 waiting timesteps, 11 remaining
[Waiting_time_Solve] Applied 1 waiting time  for agent 36 who has waiting time 11
[Waiting_time_Solve] Applying waiting time 1 to agent 41 who has waiting time 5
[Waiting_time_Solve] New path is consistent after applying waiting time for agent 41
[Current_Solution] Agent 41 used 1 waiting timesteps, 4 remaining
[Waiting_time_Solve] Applied 1 waiting time  for agent 41 who has waiting time 4
[Waiting_time_Solve] Applying waiting time 1 to agent 43 who has waiting time 13
[Current_Solution] Agent 43 used 1 waiting timesteps, 12 remaining
[Waiting_time_Solve] New path is consistent after applying waiting time for agent 43
[Current_Solution] Agent 43 used 1 waiting timesteps, 11 remaining
[Waiting_time_Solve] Applied 1 waiting time  for agent 43 who has waiting time 11
[Waiting_time_Solve] Applying waiting time 1 to agent 44 who has waiting time 13
[Current_Solution] Agent 44 used 1 waiting timesteps, 12 remaining
[Waiting_time_Solve] New path is consistent after applying waiting time for agent 44
[Current_Solution] Agent 44 used 1 waiting timesteps, 11 remaining
[Waiting_time_Solve] Applied 1 waiting time  for agent 44 who has waiting time 11
[Waiting_time_Solve] Applying waiting time 1 to agent 45 who has waiting time 13
[Current_Solution] Agent 45 used 1 waiting timesteps, 12 remaining
[Waiting_time_Solve] New path is consistent after applying waiting time for agent 45
[Current_Solution] Agent 45 used 1 waiting timesteps, 11 remaining
[Waiting_time_Solve] Applied 1 waiting time  for agent 45 who has waiting time 11
[Waiting_time_Solve] Applying waiting time 1 to agent 14 who has waiting time 11
[Waiting_time_Solve] New path is consistent after applying waiting time for agent 14
[Current_Solution] Agent 14 used 1 waiting timesteps, 10 remaining
[Waiting_time_Solve] Applied 1 waiting time  for agent 14 who has waiting time 10
[Waiting_time_Solve] Applying waiting time 1 to agent 26 who has waiting time 3
[Waiting_time_Solve] New path is consistent after applying waiting time for agent 26
[Current_Solution] Agent 26 used 1 waiting timesteps, 2 remaining
[Waiting_time_Solve] Applied 1 waiting time  for agent 26 who has waiting time 2
[Waiting_time_Solve] Applying waiting time 1 to agent 27 who has waiting time 9
[Waiting_time_Solve] New path is consistent after applying waiting time for agent 27
[Current_Solution] Agent 27 used 1 waiting timesteps, 8 remaining
[Waiting_time_Solve] Applied 1 waiting time  for agent 27 who has waiting time 8
[Waiting_time_Solve] Applying waiting time 1 to agent 49 who has waiting time 13
[Current_Solution] Agent 49 used 1 waiting timesteps, 12 remaining
[Waiting_time_Solve] New path is consistent after applying waiting time for agent 49
[Current_Solution] Agent 49 used 1 waiting timesteps, 11 remaining
[Waiting_time_Solve] Applied 1 waiting time  for agent 49 who has waiting time 11
[Waiting_time_Solve] Applying waiting time 1 to agent 34 who has waiting time 7
[Waiting_time_Solve] New path is consistent after applying waiting time for agent 34
[Current_Solution] Agent 34 used 1 waiting timesteps, 6 remaining
[Waiting_time_Solve] Applied 1 waiting time  for agent 34 who has waiting time 6
[Waiting_time_Solve] Applying waiting time 1 to agent 12 who has waiting time 13
[Current_Solution] Agent 12 used 1 waiting timesteps, 12 remaining
[Waiting_time_Solve] New path is consistent after applying waiting time for agent 12
[Current_Solution] Agent 12 used 1 waiting timesteps, 11 remaining
[Waiting_time_Solve] Applied 1 waiting time  for agent 12 who has waiting time 11
[Waiting_time_Solve] Applying waiting time 1 to agent 47 who has waiting time 20
[Waiting_time_Solve] New path is consistent after applying waiting time for agent 47
[Current_Solution] Agent 47 used 1 waiting timesteps, 19 remaining
[Waiting_time_Solve] Applied 1 waiting time  for agent 47 who has waiting time 19
[Waiting_time_Solve] ALL Waiting time applied
[Waiting_time_Solve] Extended Zone end time from 41 to 42
[Current_Solution] Agent 8 used 1 waiting timesteps, 12 remaining
[Current_Solution] Agent 9 used 1 waiting timesteps, 12 remaining
[Current_Solution] Agent 10 used 1 waiting timesteps, 12 remaining
[Current_Solution] Agent 18 used 1 waiting timesteps, 12 remaining
[Current_Solution] Agent 19 used 1 waiting timesteps, 12 remaining
[Current_Solution] Agent 21 used 1 waiting timesteps, 12 remaining
[Current_Solution] Agent 23 used 1 waiting timesteps, 12 remaining
[Current_Solution] Agent 25 used 1 waiting timesteps, 12 remaining
[Current_Solution] Agent 37 used 1 waiting timesteps, 12 remaining
[Current_Solution] Agent 38 used 1 waiting timesteps, 12 remaining
[Current_Solution] Agent 42 used 1 waiting timesteps, 12 remaining
[Waiting_time_Solve] Iteration 1...
[SAT] Start solving CNF: 7278055 clauses and 104249 variables
[SAT] Agent 49 entry time: 0 exit time: 42
[SAT] Agent 48 entry time: 6 exit time: 42
[SAT] Agent 47 entry time: 0 exit time: 33
[SAT] Agent 46 entry time: 0 exit time: 42
[SAT] Agent 45 entry time: 0 exit time: 42
[SAT] Agent 44 entry time: 0 exit time: 42
[SAT] Agent 43 entry time: 0 exit time: 42
[SAT] Agent 42 entry time: 0 exit time: 42
[SAT] Agent 41 entry time: 0 exit time: 42
[SAT] Agent 40 entry time: 0 exit time: 42
[SAT] Agent 39 entry time: 4 exit time: 42
[SAT] Agent 38 entry time: 0 exit time: 42
[SAT] Agent 37 entry time: 0 exit time: 42
[SAT] Agent 36 entry time: 3 exit time: 42
[SAT] Agent 35 entry time: 0 exit time: 42
[SAT] Agent 34 entry time: 6 exit time: 42
[SAT] Agent 33 entry time: 0 exit time: 42
[SAT] Agent 32 entry time: 0 exit time: 26
[SAT] Agent 31 entry time: 0 exit time: 42
[SAT] Agent 30 entry time: 0 exit time: 42
[SAT] Agent 29 entry time: 0 exit time: 42
[SAT] Agent 12 entry time: 0 exit time: 42
[SAT] Agent 11 entry time: 0 exit time: 42
[SAT] Agent 10 entry time: 0 exit time: 42
[SAT] Agent 9 entry time: 0 exit time: 42
[SAT] Agent 8 entry time: 0 exit time: 42
[SAT] Agent 7 entry time: 0 exit time: 42
[SAT] Agent 6 entry time: 0 exit time: 42
[SAT] Agent 5 entry time: 0 exit time: 41
[SAT] Agent 4 entry time: 0 exit time: 42
[SAT] Agent 3 entry time: 0 exit time: 42
[SAT] Agent 2 entry time: 0 exit time: 13
[SAT] Agent 1 entry time: 0 exit time: 42
[SAT] Agent 0 entry time: 0 exit time: 42
[SAT] Agent 13 entry time: 0 exit time: 42
[SAT] Agent 14 entry time: 0 exit time: 42
[SAT] Agent 15 entry time: 0 exit time: 42
[SAT] Agent 16 entry time: 0 exit time: 42
[SAT] Agent 17 entry time: 0 exit time: 42
[SAT] Agent 18 entry time: 0 exit time: 42
[SAT] Agent 19 entry time: 0 exit time: 42
[SAT] Agent 20 entry time: 0 exit time: 42
[SAT] Agent 21 entry time: 0 exit time: 42
[SAT] Agent 22 entry time: 1 exit time: 42
[SAT] Agent 23 entry time: 0 exit time: 42
[SAT] Agent 24 entry time: 0 exit time: 42
[SAT] Agent 25 entry time: 0 exit time: 42
[SAT] Agent 26 entry time: 0 exit time: 42
[SAT] Agent 27 entry time: 0 exit time: 42
[SAT] Agent 28 entry time: 0 exit time: 42

[SAT] Start time: 0 End time: 42

[SAT] Solving local zone with SAT iteration 1...
[SAT] Local CNF: 7278342 clauses 

DEBUG: Adding 7278342 new clauses to MiniSAT (incremental run)
DEBUG: Clause load summary: input=7278342, added=7278342, tautologies_skipped=0, duplicates_skipped=0, unit_clauses=211, empties=0, intra_clause_literals_removed=0, added_but_db_unchanged=319
DEBUG: After adding clauses, solver has 7277812 clauses and 104249 variables
DEBUG: MiniSAT found 104249 variables
DEBUG: Assignment size: 104249
DEBUG: First few assignment values: 1 1 0 0 0 1 0 0 0 0 

=== DEBUG: cnf_assignment_to_paths ===
Input assignment size: 104249

=== END DEBUG ===
[SAT] Found 96 vertex collisions and 46 edge collisions
[SAT] Adding collision clauses and solving again...
[SAT] Solving local zone with SAT iteration 2...
[SAT] Local CNF: 7278484 clauses 

DEBUG: Adding 142 new clauses to MiniSAT (incremental run)
[SAT] Previous assignment invalidated by new clauses, reset solver and retrying without assumptions...
DEBUG: Adding 7278484 new clauses to MiniSAT (incremental run)
[SAT] Local problem appears to be unsatisfiable in current zone
[Waiting_time_Solve] No solution found, trying to apply waiting time:2
[Waiting_time_Solve] Applying waiting time 2 to agent 3 who has waiting time 11
[Current_Solution] Agent 3 used 1 waiting timesteps, 10 remaining
[Waiting_time_Solve] New path is consistent after applying waiting time for agent 3
[Current_Solution] Agent 3 used 2 waiting timesteps, 8 remaining
[Waiting_time_Solve] Applied 2 waiting time  for agent 3 who has waiting time 8
[Waiting_time_Solve] Applying waiting time 2 to agent 12 who has waiting time 11
[Current_Solution] Agent 12 used 1 waiting timesteps, 10 remaining
[Waiting_time_Solve] New path is consistent after applying waiting time for agent 12
[Current_Solution] Agent 12 used 2 waiting timesteps, 8 remaining
[Waiting_time_Solve] Applied 2 waiting time  for agent 12 who has waiting time 8
[Waiting_time_Solve] Applying waiting time 2 to agent 13 who has waiting time 11
[Current_Solution] Agent 13 used 1 waiting timesteps, 10 remaining
[Waiting_time_Solve] New path is consistent after applying waiting time for agent 13
[Current_Solution] Agent 13 used 2 waiting timesteps, 8 remaining
[Waiting_time_Solve] Applied 2 waiting time  for agent 13 who has waiting time 8
[Waiting_time_Solve] Applying waiting time 2 to agent 35 who has waiting time 10
[Waiting_time_Solve] New path is consistent after applying waiting time for agent 35
[Current_Solution] Agent 35 used 2 waiting timesteps, 8 remaining
[Waiting_time_Solve] Applied 2 waiting time  for agent 35 who has waiting time 8
[Waiting_time_Solve] Applying waiting time 2 to agent 7 who has waiting time 11
[Current_Solution] Agent 7 used 1 waiting timesteps, 10 remaining
[Waiting_time_Solve] New path is consistent after applying waiting time for agent 7
[Current_Solution] Agent 7 used 2 waiting timesteps, 8 remaining
[Waiting_time_Solve] Applied 2 waiting time  for agent 7 who has waiting time 8
[Waiting_time_Solve] Applying waiting time 2 to agent 14 who has waiting time 10
[Waiting_time_Solve] New path is consistent after applying waiting time for agent 14
[Current_Solution] Agent 14 used 2 waiting timesteps, 8 remaining
[Waiting_time_Solve] Applied 2 waiting time  for agent 14 who has waiting time 8
[Waiting_time_Solve] Applying waiting time 2 to agent 16 who has waiting time 11
[Current_Solution] Agent 16 used 1 waiting timesteps, 10 remaining
[Waiting_time_Solve] New path is consistent after applying waiting time for agent 16
[Current_Solution] Agent 16 used 2 waiting timesteps, 8 remaining
[Waiting_time_Solve] Applied 2 waiting time  for agent 16 who has waiting time 8
[Waiting_time_Solve] Applying waiting time 2 to agent 17 who has waiting time 8
[Waiting_time_Solve] New path is consistent after applying waiting time for agent 17
[Current_Solution] Agent 17 used 2 waiting timesteps, 6 remaining
[Waiting_time_Solve] Applied 2 waiting time  for agent 17 who has waiting time 6
[Waiting_time_Solve] Applying waiting time 2 to agent 19 who has waiting time 12
[Current_Solution] Agent 19 used 2 waiting timesteps, 10 remaining
[Waiting_time_Solve] New path is consistent after applying waiting time for agent 19
[Current_Solution] Agent 19 used 2 waiting timesteps, 8 remaining
[Waiting_time_Solve] Applied 2 waiting time  for agent 19 who has waiting time 8
[Waiting_time_Solve] Applying waiting time 2 to agent 23 who has waiting time 12
[Current_Solution] Agent 23 used 2 waiting timesteps, 10 remaining
[Waiting_time_Solve] New path is consistent after applying waiting time for agent 23
[Current_Solution] Agent 23 used 2 waiting timesteps, 8 remaining
[Waiting_time_Solve] Applied 2 waiting time  for agent 23 who has waiting time 8
[Waiting_time_Solve] Applying waiting time 2 to agent 20 who has waiting time 11
[Current_Solution] Agent 20 used 1 waiting timesteps, 10 remaining
[Waiting_time_Solve] New path is consistent after applying waiting time for agent 20
[Current_Solution] Agent 20 used 2 waiting timesteps, 8 remaining
[Waiting_time_Solve] Applied 2 waiting time  for agent 20 who has waiting time 8
[Waiting_time_Solve] Applying waiting time 2 to agent 1 who has waiting time 11
[Current_Solution] Agent 1 used 1 waiting timesteps, 10 remaining
[Waiting_time_Solve] New path is consistent after applying waiting time for agent 1
[Current_Solution] Agent 1 used 2 waiting timesteps, 8 remaining
[Waiting_time_Solve] Applied 2 waiting time  for agent 1 who has waiting time 8
[Waiting_time_Solve] Applying waiting time 2 to agent 37 who has waiting time 12
[Current_Solution] Agent 37 used 2 waiting timesteps, 10 remaining
[Waiting_time_Solve] New path is consistent after applying waiting time for agent 37
[Current_Solution] Agent 37 used 2 waiting timesteps, 8 remaining
[Waiting_time_Solve] Applied 2 waiting time  for agent 37 who has waiting time 8
[Waiting_time_Solve] Applying waiting time 2 to agent 27 who has waiting time 8
[Waiting_time_Solve] New path is consistent after applying waiting time for agent 27
[Current_Solution] Agent 27 used 2 waiting timesteps, 6 remaining
[Waiting_time_Solve] Applied 2 waiting time  for agent 27 who has waiting time 6
[Waiting_time_Solve] Applying waiting time 2 to agent 29 who has waiting time 11
[Current_Solution] Agent 29 used 1 waiting timesteps, 10 remaining
[Waiting_time_Solve] New path is consistent after applying waiting time for agent 29
[Current_Solution] Agent 29 used 2 waiting timesteps, 8 remaining
[Waiting_time_Solve] Applied 2 waiting time  for agent 29 who has waiting time 8
[Waiting_time_Solve] Applying waiting time 2 to agent 30 who has waiting time 11
[Current_Solution] Agent 30 used 1 waiting timesteps, 10 remaining
[Waiting_time_Solve] New path is consistent after applying waiting time for agent 30
[Current_Solution] Agent 30 used 2 waiting timesteps, 8 remaining
[Waiting_time_Solve] Applied 2 waiting time  for agent 30 who has waiting time 8
[Waiting_time_Solve] Applying waiting time 2 to agent 31 who has waiting time 11
[Current_Solution] Agent 31 used 1 waiting timesteps, 10 remaining
[Waiting_time_Solve] New path is consistent after applying waiting time for agent 31
[Current_Solution] Agent 31 used 2 waiting timesteps, 8 remaining
[Waiting_time_Solve] Applied 2 waiting time  for agent 31 who has waiting time 8
[Waiting_time_Solve] Applying waiting time 2 to agent 32 who has waiting time 12
[Waiting_time_Solve] New path is consistent after applying waiting time for agent 32
[Current_Solution] Agent 32 used 2 waiting timesteps, 10 remaining
[Waiting_time_Solve] Applied 2 waiting time  for agent 32 who has waiting time 10
[Waiting_time_Solve] Applying waiting time 2 to agent 9 who has waiting time 12
[Current_Solution] Agent 9 used 2 waiting timesteps, 10 remaining
[Waiting_time_Solve] New path is consistent after applying waiting time for agent 9
[Current_Solution] Agent 9 used 2 waiting timesteps, 8 remaining
[Waiting_time_Solve] Applied 2 waiting time  for agent 9 who has waiting time 8
[Waiting_time_Solve] Applying waiting time 2 to agent 47 who has waiting time 19
[Waiting_time_Solve] New path is consistent after applying waiting time for agent 47
[Current_Solution] Agent 47 used 2 waiting timesteps, 17 remaining
[Waiting_time_Solve] Applied 2 waiting time  for agent 47 who has waiting time 17
[Waiting_time_Solve] Applying waiting time 2 to agent 28 who has waiting time 11
[Current_Solution] Agent 28 used 1 waiting timesteps, 10 remaining
[Waiting_time_Solve] New path is consistent after applying waiting time for agent 28
[Current_Solution] Agent 28 used 2 waiting timesteps, 8 remaining
[Waiting_time_Solve] Applied 2 waiting time  for agent 28 who has waiting time 8
[Waiting_time_Solve] Applying waiting time 2 to agent 38 who has waiting time 12
[Current_Solution] Agent 38 used 2 waiting timesteps, 10 remaining
[Waiting_time_Solve] New path is consistent after applying waiting time for agent 38
[Current_Solution] Agent 38 used 2 waiting timesteps, 8 remaining
[Waiting_time_Solve] Applied 2 waiting time  for agent 38 who has waiting time 8
[Waiting_time_Solve] Applying waiting time 2 to agent 39 who has waiting time 11
[Current_Solution] Agent 39 used 1 waiting timesteps, 10 remaining
[Waiting_time_Solve] New path is consistent after applying waiting time for agent 39
[Current_Solution] Agent 39 used 2 waiting timesteps, 8 remaining
[Waiting_time_Solve] Applied 2 waiting time  for agent 39 who has waiting time 8
[Waiting_time_Solve] Applying waiting time 2 to agent 40 who has waiting time 11
[Current_Solution] Agent 40 used 1 waiting timesteps, 10 remaining
[Waiting_time_Solve] New path is consistent after applying waiting time for agent 40
[Current_Solution] Agent 40 used 2 waiting timesteps, 8 remaining
[Waiting_time_Solve] Applied 2 waiting time  for agent 40 who has waiting time 8
[Waiting_time_Solve] Applying waiting time 2 to agent 34 who has waiting time 6
[Waiting_time_Solve] New path is consistent after applying waiting time for agent 34
[Current_Solution] Agent 34 used 2 waiting timesteps, 4 remaining
[Waiting_time_Solve] Applied 2 waiting time  for agent 34 who has waiting time 4
[Waiting_time_Solve] Applying waiting time 2 to agent 21 who has waiting time 12
[Current_Solution] Agent 21 used 2 waiting timesteps, 10 remaining
[Waiting_time_Solve] New path is consistent after applying waiting time for agent 21
[Current_Solution] Agent 21 used 2 waiting timesteps, 8 remaining
[Waiting_time_Solve] Applied 2 waiting time  for agent 21 who has waiting time 8
[Waiting_time_Solve] Applying waiting time 2 to agent 4 who has waiting time 11
[Current_Solution] Agent 4 used 1 waiting timesteps, 10 remaining
[Waiting_time_Solve] New path is consistent after applying waiting time for agent 4
[Current_Solution] Agent 4 used 2 waiting timesteps, 8 remaining
[Waiting_time_Solve] Applied 2 waiting time  for agent 4 who has waiting time 8
[Waiting_time_Solve] Applying waiting time 2 to agent 15 who has waiting time 11
[Current_Solution] Agent 15 used 1 waiting timesteps, 10 remaining
[Waiting_time_Solve] New path is consistent after applying waiting time for agent 15
[Current_Solution] Agent 15 used 2 waiting timesteps, 8 remaining
[Waiting_time_Solve] Applied 2 waiting time  for agent 15 who has waiting time 8
[Waiting_time_Solve] Applying waiting time 2 to agent 43 who has waiting time 11
[Current_Solution] Agent 43 used 1 waiting timesteps, 10 remaining
[Waiting_time_Solve] New path is consistent after applying waiting time for agent 43
[Current_Solution] Agent 43 used 2 waiting timesteps, 8 remaining
[Waiting_time_Solve] Applied 2 waiting time  for agent 43 who has waiting time 8
[Waiting_time_Solve] Applying waiting time 2 to agent 8 who has waiting time 12
[Current_Solution] Agent 8 used 2 waiting timesteps, 10 remaining
[Waiting_time_Solve] New path is consistent after applying waiting time for agent 8
[Current_Solution] Agent 8 used 2 waiting timesteps, 8 remaining
[Waiting_time_Solve] Applied 2 waiting time  for agent 8 who has waiting time 8
[Waiting_time_Solve] Applying waiting time 2 to agent 41 who has waiting time 4
[Waiting_time_Solve] New path is consistent after applying waiting time for agent 41
[Current_Solution] Agent 41 used 2 waiting timesteps, 2 remaining
[Waiting_time_Solve] Applied 2 waiting time  for agent 41 who has waiting time 2
[Waiting_time_Solve] Applying waiting time 2 to agent 22 who has waiting time 6
[Waiting_time_Solve] New path is consistent after applying waiting time for agent 22
[Current_Solution] Agent 22 used 2 waiting timesteps, 4 remaining
[Waiting_time_Solve] Applied 2 waiting time  for agent 22 who has waiting time 4
[Waiting_time_Solve] Applying waiting time 2 to agent 2 who has waiting time 36
[Waiting_time_Solve] New path is consistent after applying waiting time for agent 2
[Current_Solution] Agent 2 used 2 waiting timesteps, 34 remaining
[Waiting_time_Solve] Applied 2 waiting time  for agent 2 who has waiting time 34
[Waiting_time_Solve] Applying waiting time 2 to agent 6 who has waiting time 11
[Current_Solution] Agent 6 used 1 waiting timesteps, 10 remaining
[Waiting_time_Solve] New path is consistent after applying waiting time for agent 6
[Current_Solution] Agent 6 used 2 waiting timesteps, 8 remaining
[Waiting_time_Solve] Applied 2 waiting time  for agent 6 who has waiting time 8
[Waiting_time_Solve] Applying waiting time 2 to agent 33 who has waiting time 11
[Current_Solution] Agent 33 used 1 waiting timesteps, 10 remaining
[Waiting_time_Solve] New path is consistent after applying waiting time for agent 33
[Current_Solution] Agent 33 used 2 waiting timesteps, 8 remaining
[Waiting_time_Solve] Applied 2 waiting time  for agent 33 who has waiting time 8
[Waiting_time_Solve] Applying waiting time 2 to agent 42 who has waiting time 12
[Current_Solution] Agent 42 used 2 waiting timesteps, 10 remaining
[Waiting_time_Solve] New path is consistent after applying waiting time for agent 42
[Current_Solution] Agent 42 used 2 waiting timesteps, 8 remaining
[Waiting_time_Solve] Applied 2 waiting time  for agent 42 who has waiting time 8
[Waiting_time_Solve] Applying waiting time 2 to agent 49 who has waiting time 11
[Current_Solution] Agent 49 used 1 waiting timesteps, 10 remaining
[Waiting_time_Solve] New path is consistent after applying waiting time for agent 49
[Current_Solution] Agent 49 used 2 waiting timesteps, 8 remaining
[Waiting_time_Solve] Applied 2 waiting time  for agent 49 who has waiting time 8
[Waiting_time_Solve] ALL Waiting time applied
[Waiting_time_Solve] Extended Zone end time from 42 to 44
[Current_Solution] Agent 10 used 2 waiting timesteps, 10 remaining
[Current_Solution] Agent 18 used 2 waiting timesteps, 10 remaining
[Current_Solution] Agent 24 used 1 waiting timesteps, 10 remaining
[Current_Solution] Agent 25 used 2 waiting timesteps, 10 remaining
[Current_Solution] Agent 36 used 1 waiting timesteps, 10 remaining
[Current_Solution] Agent 44 used 1 waiting timesteps, 10 remaining
[Current_Solution] Agent 45 used 1 waiting timesteps, 10 remaining
[Waiting_time_Solve] Iteration 2...
[SAT] Start solving CNF: 9258265 clauses and 123755 variables
[SAT] Agent 49 entry time: 0 exit time: 44
[SAT] Agent 48 entry time: 6 exit time: 44
[SAT] Agent 47 entry time: 0 exit time: 35
[SAT] Agent 46 entry time: 0 exit time: 44
[SAT] Agent 45 entry time: 0 exit time: 44
[SAT] Agent 44 entry time: 0 exit time: 44
[SAT] Agent 43 entry time: 0 exit time: 44
[SAT] Agent 42 entry time: 0 exit time: 44
[SAT] Agent 41 entry time: 0 exit time: 44
[SAT] Agent 40 entry time: 0 exit time: 44
[SAT] Agent 39 entry time: 4 exit time: 44
[SAT] Agent 38 entry time: 0 exit time: 44
[SAT] Agent 37 entry time: 0 exit time: 44
[SAT] Agent 36 entry time: 3 exit time: 44
[SAT] Agent 35 entry time: 0 exit time: 44
[SAT] Agent 34 entry time: 6 exit time: 44
[SAT] Agent 33 entry time: 0 exit time: 44
[SAT] Agent 32 entry time: 0 exit time: 28
[SAT] Agent 31 entry time: 0 exit time: 44
[SAT] Agent 30 entry time: 0 exit time: 44
[SAT] Agent 29 entry time: 0 exit time: 44
[SAT] Agent 12 entry time: 0 exit time: 44
[SAT] Agent 11 entry time: 0 exit time: 44
[SAT] Agent 10 entry time: 0 exit time: 44
[SAT] Agent 9 entry time: 0 exit time: 44
[SAT] Agent 8 entry time: 0 exit time: 44
[SAT] Agent 7 entry time: 0 exit time: 44
[SAT] Agent 6 entry time: 0 exit time: 44
[SAT] Agent 5 entry time: 0 exit time: 41
[SAT] Agent 4 entry time: 0 exit time: 44
[SAT] Agent 3 entry time: 0 exit time: 44
[SAT] Agent 2 entry time: 0 exit time: 15
[SAT] Agent 1 entry time: 0 exit time: 44
[SAT] Agent 0 entry time: 0 exit time: 44
[SAT] Agent 13 entry time: 0 exit time: 44
[SAT] Agent 14 entry time: 0 exit time: 44
[SAT] Agent 15 entry time: 0 exit time: 44
[SAT] Agent 16 entry time: 0 exit time: 44
[SAT] Agent 17 entry time: 0 exit time: 44
[SAT] Agent 18 entry time: 0 exit time: 44
[SAT] Agent 19 entry time: 0 exit time: 44
[SAT] Agent 20 entry time: 0 exit time: 44
[SAT] Agent 21 entry time: 0 exit time: 44
[SAT] Agent 22 entry time: 1 exit time: 44
[SAT] Agent 23 entry time: 0 exit time: 44
[SAT] Agent 24 entry time: 0 exit time: 44
[SAT] Agent 25 entry time: 0 exit time: 44
[SAT] Agent 26 entry time: 0 exit time: 44
[SAT] Agent 27 entry time: 0 exit time: 44
[SAT] Agent 28 entry time: 0 exit time: 44

[SAT] Start time: 0 End time: 44

[SAT] Solving local zone with SAT iteration 1...
[SAT] Local CNF: 9258694 clauses 

DEBUG: Adding 9258694 new clauses to MiniSAT (incremental run)
DEBUG: Clause load summary: input=9258694, added=9258694, tautologies_skipped=0, duplicates_skipped=0, unit_clauses=154, empties=0, intra_clause_literals_removed=0, added_but_db_unchanged=273
DEBUG: After adding clauses, solver has 9258267 clauses and 123755 variables
DEBUG: MiniSAT found 123755 variables
DEBUG: Assignment size: 123755
DEBUG: First few assignment values: 1 0 0 1 0 0 0 0 0 0 

=== DEBUG: cnf_assignment_to_paths ===
Input assignment size: 123755

=== END DEBUG ===
[SAT] Found 85 vertex collisions and 48 edge collisions
[SAT] Adding collision clauses and solving again...
[SAT] Solving local zone with SAT iteration 2...
[SAT] Local CNF: 9258827 clauses 

DEBUG: Adding 133 new clauses to MiniSAT (incremental run)
DEBUG: Clause load summary: input=133, added=133, tautologies_skipped=0, duplicates_skipped=0, unit_clauses=0, empties=0, intra_clause_literals_removed=0, added_but_db_unchanged=11
DEBUG: After adding clauses, solver has 9256818 clauses and 123755 variables
DEBUG: MiniSAT found 123755 variables
DEBUG: Assignment size: 123755
DEBUG: First few assignment values: 1 1 0 0 0 0 1 0 0 0 

=== DEBUG: cnf_assignment_to_paths ===
Input assignment size: 123755

=== END DEBUG ===
[SAT] Found 83 vertex collisions and 23 edge collisions
[SAT] Adding collision clauses and solving again...
[SAT] Solving local zone with SAT iteration 3...
[SAT] Local CNF: 9258933 clauses 

DEBUG: Adding 106 new clauses to MiniSAT (incremental run)
DEBUG: Clause load summary: input=106, added=106, tautologies_skipped=0, duplicates_skipped=0, unit_clauses=0, empties=0, intra_clause_literals_removed=0, added_but_db_unchanged=6
DEBUG: After adding clauses, solver has 9256918 clauses and 123755 variables
DEBUG: MiniSAT found 123755 variables
DEBUG: Assignment size: 123755
DEBUG: First few assignment values: 1 1 0 0 0 0 1 0 0 0 

=== DEBUG: cnf_assignment_to_paths ===
Input assignment size: 123755

=== END DEBUG ===
[SAT] Found 63 vertex collisions and 21 edge collisions
[SAT] Adding collision clauses and solving again...
[SAT] Solving local zone with SAT iteration 4...
[SAT] Local CNF: 9259017 clauses 

DEBUG: Adding 84 new clauses to MiniSAT (incremental run)
DEBUG: Clause load summary: input=84, added=84, tautologies_skipped=0, duplicates_skipped=0, unit_clauses=0, empties=0, intra_clause_literals_removed=0, added_but_db_unchanged=5
DEBUG: After adding clauses, solver has 9256997 clauses and 123755 variables
DEBUG: MiniSAT found 123755 variables
DEBUG: Assignment size: 123755
DEBUG: First few assignment values: 1 1 0 0 0 0 1 0 0 0 

=== DEBUG: cnf_assignment_to_paths ===
Input assignment size: 123755

=== END DEBUG ===
[SAT] Found 35 vertex collisions and 15 edge collisions
[SAT] Adding collision clauses and solving again...
[SAT] Solving local zone with SAT iteration 5...
[SAT] Local CNF: 9259067 clauses 

DEBUG: Adding 50 new clauses to MiniSAT (incremental run)
DEBUG: Clause load summary: input=50, added=50, tautologies_skipped=0, duplicates_skipped=0, unit_clauses=0, empties=0, intra_clause_literals_removed=0, added_but_db_unchanged=1
DEBUG: After adding clauses, solver has 9257046 clauses and 123755 variables
DEBUG: MiniSAT found 123755 variables
DEBUG: Assignment size: 123755
DEBUG: First few assignment values: 1 1 0 0 0 0 1 0 0 0 

=== DEBUG: cnf_assignment_to_paths ===
Input assignment size: 123755

=== END DEBUG ===
[SAT] Found 51 vertex collisions and 15 edge collisions
[SAT] Adding collision clauses and solving again...
[SAT] Solving local zone with SAT iteration 6...
[SAT] Local CNF: 9259133 clauses 

DEBUG: Adding 66 new clauses to MiniSAT (incremental run)
DEBUG: Clause load summary: input=66, added=66, tautologies_skipped=0, duplicates_skipped=0, unit_clauses=0, empties=0, intra_clause_literals_removed=0, added_but_db_unchanged=7
DEBUG: After adding clauses, solver has 9257105 clauses and 123755 variables
DEBUG: MiniSAT found 123755 variables
DEBUG: Assignment size: 123755
DEBUG: First few assignment values: 1 1 0 0 0 0 1 0 0 0 

=== DEBUG: cnf_assignment_to_paths ===
Input assignment size: 123755

=== END DEBUG ===
[SAT] Found 69 vertex collisions and 24 edge collisions
[SAT] Adding collision clauses and solving again...
[SAT] Solving local zone with SAT iteration 7...
[SAT] Local CNF: 9259226 clauses 

DEBUG: Adding 93 new clauses to MiniSAT (incremental run)
DEBUG: Clause load summary: input=93, added=93, tautologies_skipped=0, duplicates_skipped=0, unit_clauses=0, empties=0, intra_clause_literals_removed=0, added_but_db_unchanged=9
DEBUG: After adding clauses, solver has 9257189 clauses and 123755 variables
DEBUG: MiniSAT found 123755 variables
DEBUG: Assignment size: 123755
DEBUG: First few assignment values: 1 1 0 0 0 0 1 0 0 0 

=== DEBUG: cnf_assignment_to_paths ===
Input assignment size: 123755

=== END DEBUG ===
[SAT] Found 52 vertex collisions and 18 edge collisions
[SAT] Adding collision clauses and solving again...
[SAT] Solving local zone with SAT iteration 8...
[SAT] Local CNF: 9259296 clauses 

DEBUG: Adding 70 new clauses to MiniSAT (incremental run)
DEBUG: Clause load summary: input=70, added=70, tautologies_skipped=0, duplicates_skipped=0, unit_clauses=0, empties=0, intra_clause_literals_removed=0, added_but_db_unchanged=4
DEBUG: After adding clauses, solver has 9257255 clauses and 123755 variables
DEBUG: MiniSAT found 123755 variables
DEBUG: Assignment size: 123755
DEBUG: First few assignment values: 1 1 0 0 0 0 1 0 0 0 

=== DEBUG: cnf_assignment_to_paths ===
Input assignment size: 123755

=== END DEBUG ===
[SAT] Found 30 vertex collisions and 21 edge collisions
[SAT] Adding collision clauses and solving again...
[SAT] Solving local zone with SAT iteration 9...
[SAT] Local CNF: 9259347 clauses 

DEBUG: Adding 51 new clauses to MiniSAT (incremental run)
DEBUG: Clause load summary: input=51, added=51, tautologies_skipped=0, duplicates_skipped=0, unit_clauses=0, empties=0, intra_clause_literals_removed=0, added_but_db_unchanged=3
DEBUG: After adding clauses, solver has 9257303 clauses and 123755 variables
DEBUG: MiniSAT found 123755 variables
DEBUG: Assignment size: 123755
DEBUG: First few assignment values: 1 1 0 0 0 0 1 0 0 0 

=== DEBUG: cnf_assignment_to_paths ===
Input assignment size: 123755

=== END DEBUG ===
[SAT] Found 39 vertex collisions and 21 edge collisions
[SAT] Adding collision clauses and solving again...
[SAT] Solving local zone with SAT iteration 10...
[SAT] Local CNF: 9259407 clauses 

DEBUG: Adding 60 new clauses to MiniSAT (incremental run)
DEBUG: Clause load summary: input=60, added=60, tautologies_skipped=0, duplicates_skipped=0, unit_clauses=0, empties=0, intra_clause_literals_removed=0, added_but_db_unchanged=3
DEBUG: After adding clauses, solver has 9257360 clauses and 123755 variables
DEBUG: MiniSAT found 123755 variables
DEBUG: Assignment size: 123755
DEBUG: First few assignment values: 1 1 0 0 0 0 1 0 0 0 

=== DEBUG: cnf_assignment_to_paths ===
Input assignment size: 123755

=== END DEBUG ===
[SAT] Found 29 vertex collisions and 16 edge collisions
[SAT] Adding collision clauses and solving again...
[SAT] Solving local zone with SAT iteration 11...
[SAT] Local CNF: 9259452 clauses 

DEBUG: Adding 45 new clauses to MiniSAT (incremental run)
DEBUG: Clause load summary: input=45, added=45, tautologies_skipped=0, duplicates_skipped=0, unit_clauses=0, empties=0, intra_clause_literals_removed=0, added_but_db_unchanged=2
DEBUG: After adding clauses, solver has 9257403 clauses and 123755 variables
DEBUG: MiniSAT found 123755 variables
DEBUG: Assignment size: 123755
DEBUG: First few assignment values: 1 1 0 0 0 0 1 0 0 0 

=== DEBUG: cnf_assignment_to_paths ===
Input assignment size: 123755

=== END DEBUG ===
[SAT] Found 43 vertex collisions and 18 edge collisions
[SAT] Adding collision clauses and solving again...
[SAT] Solving local zone with SAT iteration 12...
[SAT] Local CNF: 9259513 clauses 

DEBUG: Adding 61 new clauses to MiniSAT (incremental run)
DEBUG: Clause load summary: input=61, added=61, tautologies_skipped=0, duplicates_skipped=0, unit_clauses=0, empties=0, intra_clause_literals_removed=0, added_but_db_unchanged=0
DEBUG: After adding clauses, solver has 9257464 clauses and 123755 variables
DEBUG: MiniSAT found 123755 variables
DEBUG: Assignment size: 123755
DEBUG: First few assignment values: 1 1 0 0 0 0 1 0 0 0 

=== DEBUG: cnf_assignment_to_paths ===
Input assignment size: 123755

=== END DEBUG ===
[SAT] Found 47 vertex collisions and 16 edge collisions
[SAT] Adding collision clauses and solving again...
[SAT] Solving local zone with SAT iteration 13...
[SAT] Local CNF: 9259576 clauses 

DEBUG: Adding 63 new clauses to MiniSAT (incremental run)
DEBUG: Clause load summary: input=63, added=63, tautologies_skipped=0, duplicates_skipped=0, unit_clauses=0, empties=0, intra_clause_literals_removed=0, added_but_db_unchanged=1
DEBUG: After adding clauses, solver has 9257526 clauses and 123755 variables
DEBUG: MiniSAT found 123755 variables
DEBUG: Assignment size: 123755
DEBUG: First few assignment values: 1 1 0 0 0 0 1 0 0 0 

=== DEBUG: cnf_assignment_to_paths ===
Input assignment size: 123755

=== END DEBUG ===
[SAT] Found 29 vertex collisions and 19 edge collisions
[SAT] Adding collision clauses and solving again...
[SAT] Solving local zone with SAT iteration 14...
[SAT] Local CNF: 9259624 clauses 

DEBUG: Adding 48 new clauses to MiniSAT (incremental run)
DEBUG: Clause load summary: input=48, added=48, tautologies_skipped=0, duplicates_skipped=0, unit_clauses=0, empties=0, intra_clause_literals_removed=0, added_but_db_unchanged=0
DEBUG: After adding clauses, solver has 9257574 clauses and 123755 variables
DEBUG: MiniSAT found 123755 variables
DEBUG: Assignment size: 123755
DEBUG: First few assignment values: 1 1 0 0 0 0 1 0 0 0 

=== DEBUG: cnf_assignment_to_paths ===
Input assignment size: 123755

=== END DEBUG ===
[SAT] Found 37 vertex collisions and 12 edge collisions
[SAT] Adding collision clauses and solving again...
[SAT] Solving local zone with SAT iteration 15...
[SAT] Local CNF: 9259673 clauses 

DEBUG: Adding 49 new clauses to MiniSAT (incremental run)
DEBUG: Clause load summary: input=49, added=49, tautologies_skipped=0, duplicates_skipped=0, unit_clauses=0, empties=0, intra_clause_literals_removed=0, added_but_db_unchanged=0
DEBUG: After adding clauses, solver has 9257623 clauses and 123755 variables
DEBUG: MiniSAT found 123755 variables
DEBUG: Assignment size: 123755
DEBUG: First few assignment values: 1 1 0 0 0 0 1 0 0 0 

=== DEBUG: cnf_assignment_to_paths ===
Input assignment size: 123755

=== END DEBUG ===
[SAT] Found 36 vertex collisions and 13 edge collisions
[SAT] Adding collision clauses and solving again...
[SAT] Solving local zone with SAT iteration 16...
[SAT] Local CNF: 9259722 clauses 

DEBUG: Adding 49 new clauses to MiniSAT (incremental run)
DEBUG: Clause load summary: input=49, added=49, tautologies_skipped=0, duplicates_skipped=0, unit_clauses=0, empties=0, intra_clause_literals_removed=0, added_but_db_unchanged=2
DEBUG: After adding clauses, solver has 9257670 clauses and 123755 variables
DEBUG: MiniSAT found 123755 variables
DEBUG: Assignment size: 123755
DEBUG: First few assignment values: 1 1 0 0 0 0 1 0 0 0 

=== DEBUG: cnf_assignment_to_paths ===
Input assignment size: 123755

=== END DEBUG ===
[SAT] Found 23 vertex collisions and 11 edge collisions
[SAT] Adding collision clauses and solving again...
[SAT] Solving local zone with SAT iteration 17...
[SAT] Local CNF: 9259756 clauses 

DEBUG: Adding 34 new clauses to MiniSAT (incremental run)
DEBUG: Clause load summary: input=34, added=34, tautologies_skipped=0, duplicates_skipped=0, unit_clauses=0, empties=0, intra_clause_literals_removed=0, added_but_db_unchanged=1
DEBUG: After adding clauses, solver has 9257703 clauses and 123755 variables
DEBUG: MiniSAT found 123755 variables
DEBUG: Assignment size: 123755
DEBUG: First few assignment values: 1 1 0 0 0 0 1 0 0 0 

=== DEBUG: cnf_assignment_to_paths ===
Input assignment size: 123755

=== END DEBUG ===
[SAT] Found 13 vertex collisions and 6 edge collisions
[SAT] Adding collision clauses and solving again...
[SAT] Solving local zone with SAT iteration 18...
[SAT] Local CNF: 9259775 clauses 

DEBUG: Adding 19 new clauses to MiniSAT (incremental run)
DEBUG: Clause load summary: input=19, added=19, tautologies_skipped=0, duplicates_skipped=0, unit_clauses=0, empties=0, intra_clause_literals_removed=0, added_but_db_unchanged=1
DEBUG: After adding clauses, solver has 9257721 clauses and 123755 variables
DEBUG: MiniSAT found 123755 variables
DEBUG: Assignment size: 123755
DEBUG: First few assignment values: 1 1 0 0 0 0 1 0 0 0 

=== DEBUG: cnf_assignment_to_paths ===
Input assignment size: 123755

=== END DEBUG ===
[SAT] Found 28 vertex collisions and 10 edge collisions
[SAT] Adding collision clauses and solving again...
[SAT] Solving local zone with SAT iteration 19...
[SAT] Local CNF: 9259813 clauses 

DEBUG: Adding 38 new clauses to MiniSAT (incremental run)
DEBUG: Clause load summary: input=38, added=38, tautologies_skipped=0, duplicates_skipped=0, unit_clauses=0, empties=0, intra_clause_literals_removed=0, added_but_db_unchanged=2
DEBUG: After adding clauses, solver has 9257757 clauses and 123755 variables
DEBUG: MiniSAT found 123755 variables
DEBUG: Assignment size: 123755
DEBUG: First few assignment values: 1 1 0 0 0 0 1 0 0 0 

=== DEBUG: cnf_assignment_to_paths ===
Input assignment size: 123755

=== END DEBUG ===
[SAT] Found 37 vertex collisions and 15 edge collisions
[SAT] Adding collision clauses and solving again...
[SAT] Solving local zone with SAT iteration 20...
[SAT] Local CNF: 9259865 clauses 

DEBUG: Adding 52 new clauses to MiniSAT (incremental run)
DEBUG: Clause load summary: input=52, added=52, tautologies_skipped=0, duplicates_skipped=0, unit_clauses=0, empties=0, intra_clause_literals_removed=0, added_but_db_unchanged=1
DEBUG: After adding clauses, solver has 9257808 clauses and 123755 variables
DEBUG: MiniSAT found 123755 variables
DEBUG: Assignment size: 123755
DEBUG: First few assignment values: 1 1 0 0 0 0 1 0 0 0 

=== DEBUG: cnf_assignment_to_paths ===
Input assignment size: 123755

=== END DEBUG ===
[SAT] Found 37 vertex collisions and 10 edge collisions
[SAT] Adding collision clauses and solving again...
[SAT] Solving local zone with SAT iteration 21...
[SAT] Local CNF: 9259912 clauses 

DEBUG: Adding 47 new clauses to MiniSAT (incremental run)
DEBUG: Clause load summary: input=47, added=47, tautologies_skipped=0, duplicates_skipped=0, unit_clauses=0, empties=0, intra_clause_literals_removed=0, added_but_db_unchanged=0
DEBUG: After adding clauses, solver has 9257855 clauses and 123755 variables
DEBUG: MiniSAT found 123755 variables
DEBUG: Assignment size: 123755
DEBUG: First few assignment values: 1 1 0 0 0 0 1 0 0 0 

=== DEBUG: cnf_assignment_to_paths ===
Input assignment size: 123755

=== END DEBUG ===
[SAT] Found 41 vertex collisions and 12 edge collisions
[SAT] Adding collision clauses and solving again...
[SAT] Solving local zone with SAT iteration 22...
[SAT] Local CNF: 9259965 clauses 

DEBUG: Adding 53 new clauses to MiniSAT (incremental run)
DEBUG: Clause load summary: input=53, added=53, tautologies_skipped=0, duplicates_skipped=0, unit_clauses=0, empties=0, intra_clause_literals_removed=0, added_but_db_unchanged=1
DEBUG: After adding clauses, solver has 9257907 clauses and 123755 variables
DEBUG: MiniSAT found 123755 variables
DEBUG: Assignment size: 123755
DEBUG: First few assignment values: 1 1 0 0 0 0 1 0 0 0 

=== DEBUG: cnf_assignment_to_paths ===
Input assignment size: 123755

=== END DEBUG ===
[SAT] Found 22 vertex collisions and 17 edge collisions
[SAT] Adding collision clauses and solving again...
[SAT] Solving local zone with SAT iteration 23...
[SAT] Local CNF: 9260004 clauses 

DEBUG: Adding 39 new clauses to MiniSAT (incremental run)
DEBUG: Clause load summary: input=39, added=39, tautologies_skipped=0, duplicates_skipped=0, unit_clauses=0, empties=0, intra_clause_literals_removed=0, added_but_db_unchanged=0
DEBUG: After adding clauses, solver has 9257946 clauses and 123755 variables
DEBUG: MiniSAT found 123755 variables
DEBUG: Assignment size: 123755
DEBUG: First few assignment values: 1 1 0 0 0 0 1 0 0 0 

=== DEBUG: cnf_assignment_to_paths ===
Input assignment size: 123755

=== END DEBUG ===
[SAT] Found 25 vertex collisions and 8 edge collisions
[SAT] Adding collision clauses and solving again...
[SAT] Solving local zone with SAT iteration 24...
[SAT] Local CNF: 9260037 clauses 

DEBUG: Adding 33 new clauses to MiniSAT (incremental run)
DEBUG: Clause load summary: input=33, added=33, tautologies_skipped=0, duplicates_skipped=0, unit_clauses=0, empties=0, intra_clause_literals_removed=0, added_but_db_unchanged=0
DEBUG: After adding clauses, solver has 9257979 clauses and 123755 variables
DEBUG: MiniSAT found 123755 variables
DEBUG: Assignment size: 123755
DEBUG: First few assignment values: 1 1 0 0 0 0 1 0 0 0 

=== DEBUG: cnf_assignment_to_paths ===
Input assignment size: 123755

=== END DEBUG ===
[SAT] Found 15 vertex collisions and 11 edge collisions
[SAT] Adding collision clauses and solving again...
[SAT] Solving local zone with SAT iteration 25...
[SAT] Local CNF: 9260063 clauses 

DEBUG: Adding 26 new clauses to MiniSAT (incremental run)
DEBUG: Clause load summary: input=26, added=26, tautologies_skipped=0, duplicates_skipped=0, unit_clauses=0, empties=0, intra_clause_literals_removed=0, added_but_db_unchanged=0
DEBUG: After adding clauses, solver has 9258005 clauses and 123755 variables
DEBUG: MiniSAT found 123755 variables
DEBUG: Assignment size: 123755
DEBUG: First few assignment values: 1 1 0 0 0 0 1 0 0 0 

=== DEBUG: cnf_assignment_to_paths ===
Input assignment size: 123755

=== END DEBUG ===
[SAT] Found 9 vertex collisions and 7 edge collisions
[SAT] Adding collision clauses and solving again...
[SAT] Solving local zone with SAT iteration 26...
[SAT] Local CNF: 9260079 clauses 

DEBUG: Adding 16 new clauses to MiniSAT (incremental run)
DEBUG: Clause load summary: input=16, added=16, tautologies_skipped=0, duplicates_skipped=0, unit_clauses=0, empties=0, intra_clause_literals_removed=0, added_but_db_unchanged=0
DEBUG: After adding clauses, solver has 9258021 clauses and 123755 variables
DEBUG: MiniSAT found 123755 variables
DEBUG: Assignment size: 123755
DEBUG: First few assignment values: 1 1 0 0 0 0 1 0 0 0 

=== DEBUG: cnf_assignment_to_paths ===
Input assignment size: 123755

=== END DEBUG ===
[SAT] Found 15 vertex collisions and 10 edge collisions
[SAT] Adding collision clauses and solving again...
[SAT] Solving local zone with SAT iteration 27...
[SAT] Local CNF: 9260104 clauses 

DEBUG: Adding 25 new clauses to MiniSAT (incremental run)
DEBUG: Clause load summary: input=25, added=25, tautologies_skipped=0, duplicates_skipped=0, unit_clauses=0, empties=0, intra_clause_literals_removed=0, added_but_db_unchanged=0
DEBUG: After adding clauses, solver has 9258046 clauses and 123755 variables
DEBUG: MiniSAT found 123755 variables
DEBUG: Assignment size: 123755
DEBUG: First few assignment values: 1 1 0 0 0 0 1 0 0 0 

=== DEBUG: cnf_assignment_to_paths ===
Input assignment size: 123755

=== END DEBUG ===
[SAT] Found 19 vertex collisions and 6 edge collisions
[SAT] Adding collision clauses and solving again...
[SAT] Solving local zone with SAT iteration 28...
[SAT] Local CNF: 9260129 clauses 

DEBUG: Adding 25 new clauses to MiniSAT (incremental run)
DEBUG: Clause load summary: input=25, added=25, tautologies_skipped=0, duplicates_skipped=0, unit_clauses=0, empties=0, intra_clause_literals_removed=0, added_but_db_unchanged=1
DEBUG: After adding clauses, solver has 9258070 clauses and 123755 variables
DEBUG: MiniSAT found 123755 variables
DEBUG: Assignment size: 123755
DEBUG: First few assignment values: 1 1 0 0 0 0 1 0 0 0 

=== DEBUG: cnf_assignment_to_paths ===
Input assignment size: 123755

=== END DEBUG ===
[SAT] Found 29 vertex collisions and 5 edge collisions
[SAT] Adding collision clauses and solving again...
[SAT] Solving local zone with SAT iteration 29...
[SAT] Local CNF: 9260163 clauses 

DEBUG: Adding 34 new clauses to MiniSAT (incremental run)
DEBUG: Clause load summary: input=34, added=34, tautologies_skipped=0, duplicates_skipped=0, unit_clauses=0, empties=0, intra_clause_literals_removed=0, added_but_db_unchanged=2
DEBUG: After adding clauses, solver has 9258102 clauses and 123755 variables
DEBUG: MiniSAT found 123755 variables
DEBUG: Assignment size: 123755
DEBUG: First few assignment values: 1 1 0 0 0 0 1 0 0 0 

=== DEBUG: cnf_assignment_to_paths ===
Input assignment size: 123755

=== END DEBUG ===
[SAT] Found 16 vertex collisions and 13 edge collisions
[SAT] Adding collision clauses and solving again...
[SAT] Solving local zone with SAT iteration 30...
[SAT] Local CNF: 9260192 clauses 

DEBUG: Adding 29 new clauses to MiniSAT (incremental run)
DEBUG: Clause load summary: input=29, added=29, tautologies_skipped=0, duplicates_skipped=0, unit_clauses=0, empties=0, intra_clause_literals_removed=0, added_but_db_unchanged=0
DEBUG: After adding clauses, solver has 9258131 clauses and 123755 variables
DEBUG: MiniSAT found 123755 variables
DEBUG: Assignment size: 123755
DEBUG: First few assignment values: 1 1 0 0 0 0 1 0 0 0 

=== DEBUG: cnf_assignment_to_paths ===
Input assignment size: 123755

=== END DEBUG ===
[SAT] Found 11 vertex collisions and 6 edge collisions
[SAT] Adding collision clauses and solving again...
[SAT] Solving local zone with SAT iteration 31...
[SAT] Local CNF: 9260209 clauses 

DEBUG: Adding 17 new clauses to MiniSAT (incremental run)
DEBUG: Clause load summary: input=17, added=17, tautologies_skipped=0, duplicates_skipped=0, unit_clauses=0, empties=0, intra_clause_literals_removed=0, added_but_db_unchanged=0
DEBUG: After adding clauses, solver has 9258148 clauses and 123755 variables
DEBUG: MiniSAT found 123755 variables
DEBUG: Assignment size: 123755
DEBUG: First few assignment values: 1 1 0 0 0 0 1 0 0 0 

=== DEBUG: cnf_assignment_to_paths ===
Input assignment size: 123755

=== END DEBUG ===
[SAT] Found 6 vertex collisions and 9 edge collisions
[SAT] Adding collision clauses and solving again...
[SAT] Solving local zone with SAT iteration 32...
[SAT] Local CNF: 9260224 clauses 

DEBUG: Adding 15 new clauses to MiniSAT (incremental run)
DEBUG: Clause load summary: input=15, added=15, tautologies_skipped=0, duplicates_skipped=0, unit_clauses=0, empties=0, intra_clause_literals_removed=0, added_but_db_unchanged=1
DEBUG: After adding clauses, solver has 9258162 clauses and 123755 variables
DEBUG: MiniSAT found 123755 variables
DEBUG: Assignment size: 123755
DEBUG: First few assignment values: 1 1 0 0 0 0 1 0 0 0 

=== DEBUG: cnf_assignment_to_paths ===
Input assignment size: 123755

=== END DEBUG ===
[SAT] Found 13 vertex collisions and 5 edge collisions
[SAT] Adding collision clauses and solving again...
[SAT] Solving local zone with SAT iteration 33...
[SAT] Local CNF: 9260242 clauses 

DEBUG: Adding 18 new clauses to MiniSAT (incremental run)
DEBUG: Clause load summary: input=18, added=18, tautologies_skipped=0, duplicates_skipped=0, unit_clauses=0, empties=0, intra_clause_literals_removed=0, added_but_db_unchanged=0
DEBUG: After adding clauses, solver has 9258180 clauses and 123755 variables
DEBUG: MiniSAT found 123755 variables
DEBUG: Assignment size: 123755
DEBUG: First few assignment values: 1 1 0 0 0 0 1 0 0 0 

=== DEBUG: cnf_assignment_to_paths ===
Input assignment size: 123755

=== END DEBUG ===
[SAT] Found 8 vertex collisions and 6 edge collisions
[SAT] Adding collision clauses and solving again...
[SAT] Solving local zone with SAT iteration 34...
[SAT] Local CNF: 9260256 clauses 

DEBUG: Adding 14 new clauses to MiniSAT (incremental run)
DEBUG: Clause load summary: input=14, added=14, tautologies_skipped=0, duplicates_skipped=0, unit_clauses=0, empties=0, intra_clause_literals_removed=0, added_but_db_unchanged=0
DEBUG: After adding clauses, solver has 9258194 clauses and 123755 variables
DEBUG: MiniSAT found 123755 variables
DEBUG: Assignment size: 123755
DEBUG: First few assignment values: 1 1 0 0 0 0 1 0 0 0 

=== DEBUG: cnf_assignment_to_paths ===
Input assignment size: 123755

=== END DEBUG ===
[SAT] Found 14 vertex collisions and 7 edge collisions
[SAT] Adding collision clauses and solving again...
[SAT] Solving local zone with SAT iteration 35...
[SAT] Local CNF: 9260277 clauses 

DEBUG: Adding 21 new clauses to MiniSAT (incremental run)
DEBUG: Clause load summary: input=21, added=21, tautologies_skipped=0, duplicates_skipped=0, unit_clauses=0, empties=0, intra_clause_literals_removed=0, added_but_db_unchanged=0
DEBUG: After adding clauses, solver has 9258215 clauses and 123755 variables
DEBUG: MiniSAT found 123755 variables
DEBUG: Assignment size: 123755
DEBUG: First few assignment values: 1 1 0 0 0 0 1 0 0 0 

=== DEBUG: cnf_assignment_to_paths ===
Input assignment size: 123755

=== END DEBUG ===
[SAT] Found 19 vertex collisions and 6 edge collisions
[SAT] Adding collision clauses and solving again...
[SAT] Solving local zone with SAT iteration 36...
[SAT] Local CNF: 9260302 clauses 

DEBUG: Adding 25 new clauses to MiniSAT (incremental run)
DEBUG: Clause load summary: input=25, added=25, tautologies_skipped=0, duplicates_skipped=0, unit_clauses=0, empties=0, intra_clause_literals_removed=0, added_but_db_unchanged=0
DEBUG: After adding clauses, solver has 9258240 clauses and 123755 variables
DEBUG: MiniSAT found 123755 variables
DEBUG: Assignment size: 123755
DEBUG: First few assignment values: 1 1 0 0 0 0 1 0 0 0 

=== DEBUG: cnf_assignment_to_paths ===
Input assignment size: 123755

=== END DEBUG ===
[SAT] Found 6 vertex collisions and 6 edge collisions
[SAT] Adding collision clauses and solving again...
[SAT] Solving local zone with SAT iteration 37...
[SAT] Local CNF: 9260314 clauses 

DEBUG: Adding 12 new clauses to MiniSAT (incremental run)
DEBUG: Clause load summary: input=12, added=12, tautologies_skipped=0, duplicates_skipped=0, unit_clauses=0, empties=0, intra_clause_literals_removed=0, added_but_db_unchanged=0
DEBUG: After adding clauses, solver has 9258252 clauses and 123755 variables
DEBUG: MiniSAT found 123755 variables
DEBUG: Assignment size: 123755
DEBUG: First few assignment values: 1 1 0 0 0 0 1 0 0 0 

=== DEBUG: cnf_assignment_to_paths ===
Input assignment size: 123755

=== END DEBUG ===
[SAT] Found 14 vertex collisions and 2 edge collisions
[SAT] Adding collision clauses and solving again...
[SAT] Solving local zone with SAT iteration 38...
[SAT] Local CNF: 9260330 clauses 

DEBUG: Adding 16 new clauses to MiniSAT (incremental run)
DEBUG: Clause load summary: input=16, added=16, tautologies_skipped=0, duplicates_skipped=0, unit_clauses=0, empties=0, intra_clause_literals_removed=0, added_but_db_unchanged=0
DEBUG: After adding clauses, solver has 9258268 clauses and 123755 variables
DEBUG: MiniSAT found 123755 variables
DEBUG: Assignment size: 123755
DEBUG: First few assignment values: 1 1 0 0 0 0 1 0 0 0 

=== DEBUG: cnf_assignment_to_paths ===
Input assignment size: 123755

=== END DEBUG ===
[SAT] Found 6 vertex collisions and 3 edge collisions
[SAT] Adding collision clauses and solving again...
[SAT] Solving local zone with SAT iteration 39...
[SAT] Local CNF: 9260339 clauses 

DEBUG: Adding 9 new clauses to MiniSAT (incremental run)
DEBUG: Clause load summary: input=9, added=9, tautologies_skipped=0, duplicates_skipped=0, unit_clauses=0, empties=0, intra_clause_literals_removed=0, added_but_db_unchanged=0
DEBUG: After adding clauses, solver has 9258277 clauses and 123755 variables
DEBUG: MiniSAT found 123755 variables
DEBUG: Assignment size: 123755
DEBUG: First few assignment values: 1 1 0 0 0 0 1 0 0 0 

=== DEBUG: cnf_assignment_to_paths ===
Input assignment size: 123755

=== END DEBUG ===
[SAT] Found 17 vertex collisions and 7 edge collisions
[SAT] Adding collision clauses and solving again...
[SAT] Solving local zone with SAT iteration 40...
[SAT] Local CNF: 9260363 clauses 

DEBUG: Adding 24 new clauses to MiniSAT (incremental run)
DEBUG: Clause load summary: input=24, added=24, tautologies_skipped=0, duplicates_skipped=0, unit_clauses=0, empties=0, intra_clause_literals_removed=0, added_but_db_unchanged=0
DEBUG: After adding clauses, solver has 9258301 clauses and 123755 variables
DEBUG: MiniSAT found 123755 variables
DEBUG: Assignment size: 123755
DEBUG: First few assignment values: 1 1 0 0 0 0 1 0 0 0 

=== DEBUG: cnf_assignment_to_paths ===
Input assignment size: 123755

=== END DEBUG ===
[SAT] Found 9 vertex collisions and 5 edge collisions
[SAT] Adding collision clauses and solving again...
[SAT] Solving local zone with SAT iteration 41...
[SAT] Local CNF: 9260377 clauses 

DEBUG: Adding 14 new clauses to MiniSAT (incremental run)
DEBUG: Clause load summary: input=14, added=14, tautologies_skipped=0, duplicates_skipped=0, unit_clauses=0, empties=0, intra_clause_literals_removed=0, added_but_db_unchanged=0
DEBUG: After adding clauses, solver has 9258315 clauses and 123755 variables
DEBUG: MiniSAT found 123755 variables
DEBUG: Assignment size: 123755
DEBUG: First few assignment values: 1 1 0 0 0 0 1 0 0 0 

=== DEBUG: cnf_assignment_to_paths ===
Input assignment size: 123755

=== END DEBUG ===
[SAT] Found 10 vertex collisions and 3 edge collisions
[SAT] Adding collision clauses and solving again...
[SAT] Solving local zone with SAT iteration 42...
[SAT] Local CNF: 9260390 clauses 

DEBUG: Adding 13 new clauses to MiniSAT (incremental run)
DEBUG: Clause load summary: input=13, added=13, tautologies_skipped=0, duplicates_skipped=0, unit_clauses=0, empties=0, intra_clause_literals_removed=0, added_but_db_unchanged=0
DEBUG: After adding clauses, solver has 9258328 clauses and 123755 variables
DEBUG: MiniSAT found 123755 variables
DEBUG: Assignment size: 123755
DEBUG: First few assignment values: 1 1 0 0 0 0 1 0 0 0 

=== DEBUG: cnf_assignment_to_paths ===
Input assignment size: 123755

=== END DEBUG ===
[SAT] Found 4 vertex collisions and 3 edge collisions
[SAT] Adding collision clauses and solving again...
[SAT] Solving local zone with SAT iteration 43...
[SAT] Local CNF: 9260397 clauses 

DEBUG: Adding 7 new clauses to MiniSAT (incremental run)
DEBUG: Clause load summary: input=7, added=7, tautologies_skipped=0, duplicates_skipped=0, unit_clauses=0, empties=0, intra_clause_literals_removed=0, added_but_db_unchanged=1
DEBUG: After adding clauses, solver has 9258334 clauses and 123755 variables
DEBUG: MiniSAT found 123755 variables
DEBUG: Assignment size: 123755
DEBUG: First few assignment values: 1 1 0 0 0 0 1 0 0 0 

=== DEBUG: cnf_assignment_to_paths ===
Input assignment size: 123755

=== END DEBUG ===
[SAT] Found 7 vertex collisions and 3 edge collisions
[SAT] Adding collision clauses and solving again...
[SAT] Solving local zone with SAT iteration 44...
[SAT] Local CNF: 9260407 clauses 

DEBUG: Adding 10 new clauses to MiniSAT (incremental run)
DEBUG: Clause load summary: input=10, added=10, tautologies_skipped=0, duplicates_skipped=0, unit_clauses=0, empties=0, intra_clause_literals_removed=0, added_but_db_unchanged=0
DEBUG: After adding clauses, solver has 9258344 clauses and 123755 variables
DEBUG: MiniSAT found 123755 variables
DEBUG: Assignment size: 123755
DEBUG: First few assignment values: 1 1 0 0 0 0 1 0 0 0 

=== DEBUG: cnf_assignment_to_paths ===
Input assignment size: 123755

=== END DEBUG ===
[SAT] Found 10 vertex collisions and 2 edge collisions
[SAT] Adding collision clauses and solving again...
[SAT] Solving local zone with SAT iteration 45...
[SAT] Local CNF: 9260419 clauses 

DEBUG: Adding 12 new clauses to MiniSAT (incremental run)
DEBUG: Clause load summary: input=12, added=12, tautologies_skipped=0, duplicates_skipped=0, unit_clauses=0, empties=0, intra_clause_literals_removed=0, added_but_db_unchanged=1
DEBUG: After adding clauses, solver has 9258355 clauses and 123755 variables
DEBUG: MiniSAT found 123755 variables
DEBUG: Assignment size: 123755
DEBUG: First few assignment values: 1 1 0 0 0 0 1 0 0 0 

=== DEBUG: cnf_assignment_to_paths ===
Input assignment size: 123755

=== END DEBUG ===
[SAT] Found 7 vertex collisions and 3 edge collisions
[SAT] Adding collision clauses and solving again...
[SAT] Solving local zone with SAT iteration 46...
[SAT] Local CNF: 9260429 clauses 

DEBUG: Adding 10 new clauses to MiniSAT (incremental run)
DEBUG: Clause load summary: input=10, added=10, tautologies_skipped=0, duplicates_skipped=0, unit_clauses=0, empties=0, intra_clause_literals_removed=0, added_but_db_unchanged=0
DEBUG: After adding clauses, solver has 9258365 clauses and 123755 variables
DEBUG: MiniSAT found 123755 variables
DEBUG: Assignment size: 123755
DEBUG: First few assignment values: 1 1 0 0 0 0 1 0 0 0 

=== DEBUG: cnf_assignment_to_paths ===
Input assignment size: 123755

=== END DEBUG ===
[SAT] Found 11 vertex collisions and 4 edge collisions
[SAT] Adding collision clauses and solving again...
[SAT] Solving local zone with SAT iteration 47...
[SAT] Local CNF: 9260444 clauses 

DEBUG: Adding 15 new clauses to MiniSAT (incremental run)
DEBUG: Clause load summary: input=15, added=15, tautologies_skipped=0, duplicates_skipped=0, unit_clauses=0, empties=0, intra_clause_literals_removed=0, added_but_db_unchanged=0
DEBUG: After adding clauses, solver has 9258380 clauses and 123755 variables
DEBUG: MiniSAT found 123755 variables
DEBUG: Assignment size: 123755
DEBUG: First few assignment values: 1 1 0 0 0 0 1 0 0 0 

=== DEBUG: cnf_assignment_to_paths ===
Input assignment size: 123755

=== END DEBUG ===
[SAT] Found 8 vertex collisions and 3 edge collisions
[SAT] Adding collision clauses and solving again...
[SAT] Solving local zone with SAT iteration 48...
[SAT] Local CNF: 9260455 clauses 

DEBUG: Adding 11 new clauses to MiniSAT (incremental run)
DEBUG: Clause load summary: input=11, added=11, tautologies_skipped=0, duplicates_skipped=0, unit_clauses=0, empties=0, intra_clause_literals_removed=0, added_but_db_unchanged=0
DEBUG: After adding clauses, solver has 9258391 clauses and 123755 variables
DEBUG: MiniSAT found 123755 variables
DEBUG: Assignment size: 123755
DEBUG: First few assignment values: 1 1 0 0 0 0 1 0 0 0 

=== DEBUG: cnf_assignment_to_paths ===
Input assignment size: 123755

=== END DEBUG ===
[SAT] Found 8 vertex collisions and 2 edge collisions
[SAT] Adding collision clauses and solving again...
[SAT] Solving local zone with SAT iteration 49...
[SAT] Local CNF: 9260465 clauses 

DEBUG: Adding 10 new clauses to MiniSAT (incremental run)
DEBUG: Clause load summary: input=10, added=10, tautologies_skipped=0, duplicates_skipped=0, unit_clauses=0, empties=0, intra_clause_literals_removed=0, added_but_db_unchanged=0
DEBUG: After adding clauses, solver has 9258401 clauses and 123755 variables
DEBUG: MiniSAT found 123755 variables
DEBUG: Assignment size: 123755
DEBUG: First few assignment values: 1 1 0 0 0 0 1 0 0 0 

=== DEBUG: cnf_assignment_to_paths ===
Input assignment size: 123755

=== END DEBUG ===
[SAT] Found 7 vertex collisions and 6 edge collisions
[SAT] Adding collision clauses and solving again...
[SAT] Solving local zone with SAT iteration 50...
[SAT] Local CNF: 9260478 clauses 

DEBUG: Adding 13 new clauses to MiniSAT (incremental run)
DEBUG: Clause load summary: input=13, added=13, tautologies_skipped=0, duplicates_skipped=0, unit_clauses=0, empties=0, intra_clause_literals_removed=0, added_but_db_unchanged=0
DEBUG: After adding clauses, solver has 9258414 clauses and 123755 variables
DEBUG: MiniSAT found 123755 variables
DEBUG: Assignment size: 123755
DEBUG: First few assignment values: 1 1 0 0 0 0 1 0 0 0 

=== DEBUG: cnf_assignment_to_paths ===
Input assignment size: 123755

=== END DEBUG ===
[SAT] Found 13 vertex collisions and 3 edge collisions
[SAT] Adding collision clauses and solving again...
[SAT] Solving local zone with SAT iteration 51...
[SAT] Local CNF: 9260494 clauses 

DEBUG: Adding 16 new clauses to MiniSAT (incremental run)
DEBUG: Clause load summary: input=16, added=16, tautologies_skipped=0, duplicates_skipped=0, unit_clauses=0, empties=0, intra_clause_literals_removed=0, added_but_db_unchanged=0
DEBUG: After adding clauses, solver has 9258430 clauses and 123755 variables
DEBUG: MiniSAT found 123755 variables
DEBUG: Assignment size: 123755
DEBUG: First few assignment values: 1 1 0 0 0 0 1 0 0 0 

=== DEBUG: cnf_assignment_to_paths ===
Input assignment size: 123755

=== END DEBUG ===
[SAT] Found 17 vertex collisions and 9 edge collisions
[SAT] Adding collision clauses and solving again...
[SAT] Solving local zone with SAT iteration 52...
[SAT] Local CNF: 9260520 clauses 

DEBUG: Adding 26 new clauses to MiniSAT (incremental run)
DEBUG: Clause load summary: input=26, added=26, tautologies_skipped=0, duplicates_skipped=0, unit_clauses=0, empties=0, intra_clause_literals_removed=0, added_but_db_unchanged=0
DEBUG: After adding clauses, solver has 9258456 clauses and 123755 variables
DEBUG: MiniSAT found 123755 variables
DEBUG: Assignment size: 123755
DEBUG: First few assignment values: 1 1 0 0 0 0 1 0 0 0 

=== DEBUG: cnf_assignment_to_paths ===
Input assignment size: 123755

=== END DEBUG ===
[SAT] Found 14 vertex collisions and 4 edge collisions
[SAT] Adding collision clauses and solving again...
[SAT] Solving local zone with SAT iteration 53...
[SAT] Local CNF: 9260538 clauses 

DEBUG: Adding 18 new clauses to MiniSAT (incremental run)
DEBUG: Clause load summary: input=18, added=18, tautologies_skipped=0, duplicates_skipped=0, unit_clauses=0, empties=0, intra_clause_literals_removed=0, added_but_db_unchanged=2
DEBUG: After adding clauses, solver has 9258472 clauses and 123755 variables
DEBUG: MiniSAT found 123755 variables
DEBUG: Assignment size: 123755
DEBUG: First few assignment values: 1 1 0 0 0 0 1 0 0 0 

=== DEBUG: cnf_assignment_to_paths ===
Input assignment size: 123755

=== END DEBUG ===
[SAT] Found 13 vertex collisions and 3 edge collisions
[SAT] Adding collision clauses and solving again...
[SAT] Solving local zone with SAT iteration 54...
[SAT] Local CNF: 9260554 clauses 

DEBUG: Adding 16 new clauses to MiniSAT (incremental run)
DEBUG: Clause load summary: input=16, added=16, tautologies_skipped=0, duplicates_skipped=0, unit_clauses=0, empties=0, intra_clause_literals_removed=0, added_but_db_unchanged=2
DEBUG: After adding clauses, solver has 9258486 clauses and 123755 variables
DEBUG: MiniSAT found 123755 variables
DEBUG: Assignment size: 123755
DEBUG: First few assignment values: 1 1 0 0 0 0 1 0 0 0 

=== DEBUG: cnf_assignment_to_paths ===
Input assignment size: 123755

=== END DEBUG ===
[SAT] Found 10 vertex collisions and 1 edge collisions
[SAT] Adding collision clauses and solving again...
[SAT] Solving local zone with SAT iteration 55...
[SAT] Local CNF: 9260565 clauses 

DEBUG: Adding 11 new clauses to MiniSAT (incremental run)
DEBUG: Clause load summary: input=11, added=11, tautologies_skipped=0, duplicates_skipped=0, unit_clauses=0, empties=0, intra_clause_literals_removed=0, added_but_db_unchanged=2
DEBUG: After adding clauses, solver has 9258495 clauses and 123755 variables
DEBUG: MiniSAT found 123755 variables
DEBUG: Assignment size: 123755
DEBUG: First few assignment values: 1 1 0 0 0 0 1 0 0 0 

=== DEBUG: cnf_assignment_to_paths ===
Input assignment size: 123755

=== END DEBUG ===
[SAT] Found 5 vertex collisions and 2 edge collisions
[SAT] Adding collision clauses and solving again...
[SAT] Solving local zone with SAT iteration 56...
[SAT] Local CNF: 9260572 clauses 

DEBUG: Adding 7 new clauses to MiniSAT (incremental run)
DEBUG: Clause load summary: input=7, added=7, tautologies_skipped=0, duplicates_skipped=0, unit_clauses=0, empties=0, intra_clause_literals_removed=0, added_but_db_unchanged=2
DEBUG: After adding clauses, solver has 9258500 clauses and 123755 variables
DEBUG: MiniSAT found 123755 variables
DEBUG: Assignment size: 123755
DEBUG: First few assignment values: 1 1 0 0 0 0 1 0 0 0 

=== DEBUG: cnf_assignment_to_paths ===
Input assignment size: 123755

=== END DEBUG ===
[SAT] Found 6 vertex collisions and 1 edge collisions
[SAT] Adding collision clauses and solving again...
[SAT] Solving local zone with SAT iteration 57...
[SAT] Local CNF: 9260579 clauses 

DEBUG: Adding 7 new clauses to MiniSAT (incremental run)
DEBUG: Clause load summary: input=7, added=7, tautologies_skipped=0, duplicates_skipped=0, unit_clauses=0, empties=0, intra_clause_literals_removed=0, added_but_db_unchanged=0
DEBUG: After adding clauses, solver has 9258507 clauses and 123755 variables
DEBUG: MiniSAT found 123755 variables
DEBUG: Assignment size: 123755
DEBUG: First few assignment values: 1 1 0 0 0 0 1 0 0 0 

=== DEBUG: cnf_assignment_to_paths ===
Input assignment size: 123755

=== END DEBUG ===
[SAT] Found 4 vertex collisions and 2 edge collisions
[SAT] Adding collision clauses and solving again...
[SAT] Solving local zone with SAT iteration 58...
[SAT] Local CNF: 9260585 clauses 

DEBUG: Adding 6 new clauses to MiniSAT (incremental run)
DEBUG: Clause load summary: input=6, added=6, tautologies_skipped=0, duplicates_skipped=0, unit_clauses=0, empties=0, intra_clause_literals_removed=0, added_but_db_unchanged=2
DEBUG: After adding clauses, solver has 9258511 clauses and 123755 variables
DEBUG: MiniSAT found 123755 variables
DEBUG: Assignment size: 123755
DEBUG: First few assignment values: 1 1 0 0 0 0 1 0 0 0 

=== DEBUG: cnf_assignment_to_paths ===
Input assignment size: 123755

=== END DEBUG ===
[SAT] Found 3 vertex collisions and 3 edge collisions
[SAT] Adding collision clauses and solving again...
[SAT] Solving local zone with SAT iteration 59...
[SAT] Local CNF: 9260591 clauses 

DEBUG: Adding 6 new clauses to MiniSAT (incremental run)
DEBUG: Clause load summary: input=6, added=6, tautologies_skipped=0, duplicates_skipped=0, unit_clauses=0, empties=0, intra_clause_literals_removed=0, added_but_db_unchanged=0
DEBUG: After adding clauses, solver has 9258517 clauses and 123755 variables
DEBUG: MiniSAT found 123755 variables
DEBUG: Assignment size: 123755
DEBUG: First few assignment values: 1 1 0 0 0 0 1 0 0 0 

=== DEBUG: cnf_assignment_to_paths ===
Input assignment size: 123755

=== END DEBUG ===
[SAT] Found 1 vertex collisions and 0 edge collisions
[SAT] Adding collision clauses and solving again...
[SAT] Solving local zone with SAT iteration 60...
[SAT] Local CNF: 9260592 clauses 

DEBUG: Adding 1 new clauses to MiniSAT (incremental run)
DEBUG: Clause load summary: input=1, added=1, tautologies_skipped=0, duplicates_skipped=0, unit_clauses=0, empties=0, intra_clause_literals_removed=0, added_but_db_unchanged=0
DEBUG: After adding clauses, solver has 9258518 clauses and 123755 variables
DEBUG: MiniSAT found 123755 variables
DEBUG: Assignment size: 123755
DEBUG: First few assignment values: 1 1 0 0 0 0 1 0 0 0 

=== DEBUG: cnf_assignment_to_paths ===
Input assignment size: 123755

=== END DEBUG ===
[SAT] Found 1 vertex collisions and 1 edge collisions
[SAT] Adding collision clauses and solving again...
[SAT] Solving local zone with SAT iteration 61...
[SAT] Local CNF: 9260594 clauses 

DEBUG: Adding 2 new clauses to MiniSAT (incremental run)
DEBUG: Clause load summary: input=2, added=2, tautologies_skipped=0, duplicates_skipped=0, unit_clauses=0, empties=0, intra_clause_literals_removed=0, added_but_db_unchanged=0
DEBUG: After adding clauses, solver has 9258520 clauses and 123755 variables
DEBUG: MiniSAT found 123755 variables
DEBUG: Assignment size: 123755
DEBUG: First few assignment values: 1 1 0 0 0 0 1 0 0 0 

=== DEBUG: cnf_assignment_to_paths ===
Input assignment size: 123755

=== END DEBUG ===
[SAT] Found 1 vertex collisions and 0 edge collisions
[SAT] Adding collision clauses and solving again...
[SAT] Solving local zone with SAT iteration 62...
[SAT] Local CNF: 9260595 clauses 

DEBUG: Adding 1 new clauses to MiniSAT (incremental run)
DEBUG: Clause load summary: input=1, added=1, tautologies_skipped=0, duplicates_skipped=0, unit_clauses=0, empties=0, intra_clause_literals_removed=0, added_but_db_unchanged=0
DEBUG: After adding clauses, solver has 9258521 clauses and 123755 variables
DEBUG: MiniSAT found 123755 variables
DEBUG: Assignment size: 123755
DEBUG: First few assignment values: 1 1 0 0 0 0 1 0 0 0 

=== DEBUG: cnf_assignment_to_paths ===
Input assignment size: 123755

=== END DEBUG ===
[SAT] Found 0 vertex collisions and 1 edge collisions
[SAT] Adding collision clauses and solving again...
[SAT] Solving local zone with SAT iteration 63...
[SAT] Local CNF: 9260596 clauses 

DEBUG: Adding 1 new clauses to MiniSAT (incremental run)
DEBUG: Clause load summary: input=1, added=1, tautologies_skipped=0, duplicates_skipped=0, unit_clauses=0, empties=0, intra_clause_literals_removed=0, added_but_db_unchanged=0
DEBUG: After adding clauses, solver has 9198134 clauses and 123755 variables
DEBUG: MiniSAT found 123755 variables
DEBUG: Assignment size: 123755
DEBUG: First few assignment values: 1 1 0 0 0 0 1 0 0 0 

=== DEBUG: cnf_assignment_to_paths ===
Input assignment size: 123755

=== END DEBUG ===
[SAT] Found 0 vertex collisions and 0 edge collisions
[SAT] Found collision-free local solution!
[Waiting_time_Solve] Solution found, updating global solution
[LNS] Updating global solution with pseudo-agent local paths...
[Current_Solution] Updating global solution for agent 49
[Current_Solution] INFO: Segment 49 exit adjusted from 41 to 44 due to waiting time
[Current_Solution] Segment 49 lengthened by 3 timesteps; shifting suffix
[Current_Solution] Global solution is consistent before shifting suffix
[Current_Solution] Global solution is consistent after shifting suffix
[Current_Solution] Global solution is consistent after updating with local path
[LNS] Successfully updated global solution with pseudo-agent local paths!
[Current_Solution] Updating global solution for agent 48
[Current_Solution] INFO: Segment 48 exit adjusted from 41 to 44 due to waiting time
[Current_Solution] Segment 48 lengthened by 3 timesteps; shifting suffix
[Current_Solution] Global solution is consistent before shifting suffix
[Current_Solution] Global solution is consistent after shifting suffix
[Current_Solution] Global solution is consistent after updating with local path
[LNS] Successfully updated global solution with pseudo-agent local paths!
[Current_Solution] Updating global solution for agent 47
[Current_Solution] INFO: Segment 47 exit adjusted from 32 to 35 due to waiting time
[Current_Solution] Segment 47 lengthened by 3 timesteps; shifting suffix
[Current_Solution] Global solution is consistent before shifting suffix
[Current_Solution] Global solution is consistent after shifting suffix
[Current_Solution] Global solution is consistent after updating with local path
[LNS] Successfully updated global solution with pseudo-agent local paths!
[Current_Solution] Updating global solution for agent 46
[Current_Solution] INFO: Segment 46 exit adjusted from 41 to 44 due to waiting time
[Current_Solution] Segment 46 lengthened by 3 timesteps; shifting suffix
[Current_Solution] Global solution is consistent before shifting suffix
[Current_Solution] Global solution is consistent after shifting suffix
[Current_Solution] Global solution is consistent after updating with local path
[LNS] Successfully updated global solution with pseudo-agent local paths!
[Current_Solution] Updating global solution for agent 45
[Current_Solution] INFO: Segment 45 exit adjusted from 41 to 44 due to waiting time
[Current_Solution] Segment 45 lengthened by 3 timesteps; shifting suffix
[Current_Solution] Global solution is consistent before shifting suffix
[Current_Solution] Global solution is consistent after shifting suffix
[Current_Solution] Global solution is consistent after updating with local path
[LNS] Successfully updated global solution with pseudo-agent local paths!
[Current_Solution] Updating global solution for agent 44
[Current_Solution] INFO: Segment 44 exit adjusted from 41 to 44 due to waiting time
[Current_Solution] Segment 44 lengthened by 3 timesteps; shifting suffix
[Current_Solution] Global solution is consistent before shifting suffix
[Current_Solution] Global solution is consistent after shifting suffix
[Current_Solution] Global solution is consistent after updating with local path
[LNS] Successfully updated global solution with pseudo-agent local paths!
[Current_Solution] Updating global solution for agent 43
[Current_Solution] INFO: Segment 43 exit adjusted from 41 to 44 due to waiting time
[Current_Solution] Segment 43 lengthened by 3 timesteps; shifting suffix
[Current_Solution] Global solution is consistent before shifting suffix
[Current_Solution] Global solution is consistent after shifting suffix
[Current_Solution] Global solution is consistent after updating with local path
[LNS] Successfully updated global solution with pseudo-agent local paths!
[Current_Solution] Updating global solution for agent 42
[Current_Solution] INFO: Segment 42 exit adjusted from 41 to 44 due to waiting time
[Current_Solution] Segment 42 lengthened by 3 timesteps; shifting suffix
[Current_Solution] Global solution is consistent before shifting suffix
[Current_Solution] Global solution is consistent after shifting suffix
[Current_Solution] Global solution is consistent after updating with local path
[LNS] Successfully updated global solution with pseudo-agent local paths!
[Current_Solution] Updating global solution for agent 41
[Current_Solution] INFO: Segment 41 exit adjusted from 41 to 44 due to waiting time
[Current_Solution] Segment 41 lengthened by 3 timesteps; shifting suffix
[Current_Solution] Global solution is consistent before shifting suffix
[Current_Solution] Global solution is consistent after shifting suffix
[Current_Solution] Global solution is consistent after updating with local path
[LNS] Successfully updated global solution with pseudo-agent local paths!
[Current_Solution] Updating global solution for agent 40
[Current_Solution] INFO: Segment 40 exit adjusted from 41 to 44 due to waiting time
[Current_Solution] Segment 40 lengthened by 3 timesteps; shifting suffix
[Current_Solution] Global solution is consistent before shifting suffix
[Current_Solution] Global solution is consistent after shifting suffix
[Current_Solution] Global solution is consistent after updating with local path
[LNS] Successfully updated global solution with pseudo-agent local paths!
[Current_Solution] Updating global solution for agent 39
[Current_Solution] INFO: Segment 39 exit adjusted from 41 to 44 due to waiting time
[Current_Solution] Segment 39 lengthened by 3 timesteps; shifting suffix
[Current_Solution] Global solution is consistent before shifting suffix
[Current_Solution] Global solution is consistent after shifting suffix
[Current_Solution] Global solution is consistent after updating with local path
[LNS] Successfully updated global solution with pseudo-agent local paths!
[Current_Solution] Updating global solution for agent 38
[Current_Solution] INFO: Segment 38 exit adjusted from 41 to 44 due to waiting time
[Current_Solution] Segment 38 lengthened by 3 timesteps; shifting suffix
[Current_Solution] Global solution is consistent before shifting suffix
[Current_Solution] Global solution is consistent after shifting suffix
[Current_Solution] Global solution is consistent after updating with local path
[LNS] Successfully updated global solution with pseudo-agent local paths!
[Current_Solution] Updating global solution for agent 37
[Current_Solution] INFO: Segment 37 exit adjusted from 41 to 44 due to waiting time
[Current_Solution] Segment 37 lengthened by 3 timesteps; shifting suffix
[Current_Solution] Global solution is consistent before shifting suffix
[Current_Solution] Global solution is consistent after shifting suffix
[Current_Solution] Global solution is consistent after updating with local path
[LNS] Successfully updated global solution with pseudo-agent local paths!
[Current_Solution] Updating global solution for agent 36
[Current_Solution] INFO: Segment 36 exit adjusted from 41 to 44 due to waiting time
[Current_Solution] Segment 36 lengthened by 3 timesteps; shifting suffix
[Current_Solution] Global solution is consistent before shifting suffix
[Current_Solution] Global solution is consistent after shifting suffix
[Current_Solution] Global solution is consistent after updating with local path
[LNS] Successfully updated global solution with pseudo-agent local paths!
[Current_Solution] Updating global solution for agent 35
[Current_Solution] INFO: Segment 35 exit adjusted from 41 to 44 due to waiting time
[Current_Solution] Segment 35 lengthened by 3 timesteps; shifting suffix
[Current_Solution] Global solution is consistent before shifting suffix
[Current_Solution] Global solution is consistent after shifting suffix
[Current_Solution] Global solution is consistent after updating with local path
[LNS] Successfully updated global solution with pseudo-agent local paths!
[Current_Solution] Updating global solution for agent 34
[Current_Solution] INFO: Segment 34 exit adjusted from 41 to 44 due to waiting time
[Current_Solution] Segment 34 lengthened by 3 timesteps; shifting suffix
[Current_Solution] Global solution is consistent before shifting suffix
[Current_Solution] Global solution is consistent after shifting suffix
[Current_Solution] Global solution is consistent after updating with local path
[LNS] Successfully updated global solution with pseudo-agent local paths!
[Current_Solution] Updating global solution for agent 33
[Current_Solution] INFO: Segment 33 exit adjusted from 41 to 44 due to waiting time
[Current_Solution] Segment 33 lengthened by 3 timesteps; shifting suffix
[Current_Solution] Global solution is consistent before shifting suffix
[Current_Solution] Global solution is consistent after shifting suffix
[Current_Solution] Global solution is consistent after updating with local path
[LNS] Successfully updated global solution with pseudo-agent local paths!
[Current_Solution] Updating global solution for agent 32
[Current_Solution] INFO: Segment 32 exit adjusted from 26 to 28 due to waiting time
[Current_Solution] Segment 32 lengthened by 2 timesteps; shifting suffix
[Current_Solution] Global solution is consistent before shifting suffix
[Current_Solution] Global solution is consistent after shifting suffix
[Current_Solution] Global solution is consistent after updating with local path
[LNS] Successfully updated global solution with pseudo-agent local paths!
[Current_Solution] Updating global solution for agent 31
[Current_Solution] INFO: Segment 31 exit adjusted from 41 to 44 due to waiting time
[Current_Solution] Segment 31 lengthened by 3 timesteps; shifting suffix
[Current_Solution] Global solution is consistent before shifting suffix
[Current_Solution] Global solution is consistent after shifting suffix
[Current_Solution] Global solution is consistent after updating with local path
[LNS] Successfully updated global solution with pseudo-agent local paths!
[Current_Solution] Updating global solution for agent 30
[Current_Solution] INFO: Segment 30 exit adjusted from 41 to 44 due to waiting time
[Current_Solution] Segment 30 lengthened by 3 timesteps; shifting suffix
[Current_Solution] Global solution is consistent before shifting suffix
[Current_Solution] Global solution is consistent after shifting suffix
[Current_Solution] Global solution is consistent after updating with local path
[LNS] Successfully updated global solution with pseudo-agent local paths!
[Current_Solution] Updating global solution for agent 29
[Current_Solution] INFO: Segment 29 exit adjusted from 41 to 44 due to waiting time
[Current_Solution] Segment 29 lengthened by 3 timesteps; shifting suffix
[Current_Solution] Global solution is consistent before shifting suffix
[Current_Solution] Global solution is consistent after shifting suffix
[Current_Solution] Global solution is consistent after updating with local path
[LNS] Successfully updated global solution with pseudo-agent local paths!
[Current_Solution] Updating global solution for agent 12
[Current_Solution] INFO: Segment 12 exit adjusted from 41 to 44 due to waiting time
[Current_Solution] Segment 12 lengthened by 3 timesteps; shifting suffix
[Current_Solution] Global solution is consistent before shifting suffix
[Current_Solution] Global solution is consistent after shifting suffix
[Current_Solution] Global solution is consistent after updating with local path
[LNS] Successfully updated global solution with pseudo-agent local paths!
[Current_Solution] Updating global solution for agent 11
[Current_Solution] INFO: Segment 11 exit adjusted from 41 to 44 due to waiting time
[Current_Solution] Segment 11 lengthened by 3 timesteps; shifting suffix
[Current_Solution] Global solution is consistent before shifting suffix
[Current_Solution] Global solution is consistent after shifting suffix
[Current_Solution] Global solution is consistent after updating with local path
[LNS] Successfully updated global solution with pseudo-agent local paths!
[Current_Solution] Updating global solution for agent 10
[Current_Solution] INFO: Segment 10 exit adjusted from 41 to 44 due to waiting time
[Current_Solution] Segment 10 lengthened by 3 timesteps; shifting suffix
[Current_Solution] Global solution is consistent before shifting suffix
[Current_Solution] Global solution is consistent after shifting suffix
[Current_Solution] Global solution is consistent after updating with local path
[LNS] Successfully updated global solution with pseudo-agent local paths!
[Current_Solution] Updating global solution for agent 9
[Current_Solution] INFO: Segment 9 exit adjusted from 41 to 44 due to waiting time
[Current_Solution] Segment 9 lengthened by 3 timesteps; shifting suffix
[Current_Solution] Global solution is consistent before shifting suffix
[Current_Solution] Global solution is consistent after shifting suffix
[Current_Solution] Global solution is consistent after updating with local path
[LNS] Successfully updated global solution with pseudo-agent local paths!
[Current_Solution] Updating global solution for agent 8
[Current_Solution] INFO: Segment 8 exit adjusted from 41 to 44 due to waiting time
[Current_Solution] Segment 8 lengthened by 3 timesteps; shifting suffix
[Current_Solution] Global solution is consistent before shifting suffix
[Current_Solution] Global solution is consistent after shifting suffix
[Current_Solution] Global solution is consistent after updating with local path
[LNS] Successfully updated global solution with pseudo-agent local paths!
[Current_Solution] Updating global solution for agent 7
[Current_Solution] INFO: Segment 7 exit adjusted from 41 to 44 due to waiting time
[Current_Solution] Segment 7 lengthened by 3 timesteps; shifting suffix
[Current_Solution] Global solution is consistent before shifting suffix
[Current_Solution] Global solution is consistent after shifting suffix
[Current_Solution] Global solution is consistent after updating with local path
[LNS] Successfully updated global solution with pseudo-agent local paths!
[Current_Solution] Updating global solution for agent 6
[Current_Solution] INFO: Segment 6 exit adjusted from 41 to 44 due to waiting time
[Current_Solution] Segment 6 lengthened by 3 timesteps; shifting suffix
[Current_Solution] Global solution is consistent before shifting suffix
[Current_Solution] Global solution is consistent after shifting suffix
[Current_Solution] Global solution is consistent after updating with local path
[LNS] Successfully updated global solution with pseudo-agent local paths!
[Current_Solution] Updating global solution for agent 5
[Current_Solution] INFO: Segment 5 exit adjusted from 40 to 41 due to waiting time
[Current_Solution] Segment 5 lengthened by 1 timesteps; shifting suffix
[Current_Solution] Global solution is consistent before shifting suffix
[Current_Solution] Global solution is consistent after shifting suffix
[Current_Solution] Global solution is consistent after updating with local path
[LNS] Successfully updated global solution with pseudo-agent local paths!
[Current_Solution] Updating global solution for agent 4
[Current_Solution] INFO: Segment 4 exit adjusted from 41 to 44 due to waiting time
[Current_Solution] Segment 4 lengthened by 3 timesteps; shifting suffix
[Current_Solution] Global solution is consistent before shifting suffix
[Current_Solution] Global solution is consistent after shifting suffix
[Current_Solution] Global solution is consistent after updating with local path
[LNS] Successfully updated global solution with pseudo-agent local paths!
[Current_Solution] Updating global solution for agent 3
[Current_Solution] INFO: Segment 3 exit adjusted from 41 to 44 due to waiting time
[Current_Solution] Segment 3 lengthened by 3 timesteps; shifting suffix
[Current_Solution] Global solution is consistent before shifting suffix
[Current_Solution] Global solution is consistent after shifting suffix
[Current_Solution] Global solution is consistent after updating with local path
[LNS] Successfully updated global solution with pseudo-agent local paths!
[Current_Solution] Updating global solution for agent 2
[Current_Solution] INFO: Segment 2 exit adjusted from 12 to 15 due to waiting time
[Current_Solution] Segment 2 lengthened by 3 timesteps; shifting suffix
[Current_Solution] Global solution is consistent before shifting suffix
[Current_Solution] Global solution is consistent after shifting suffix
[Current_Solution] Global solution is consistent after updating with local path
[LNS] Successfully updated global solution with pseudo-agent local paths!
[Current_Solution] Updating global solution for agent 1
[Current_Solution] INFO: Segment 1 exit adjusted from 41 to 44 due to waiting time
[Current_Solution] Segment 1 lengthened by 3 timesteps; shifting suffix
[Current_Solution] Global solution is consistent before shifting suffix
[Current_Solution] Global solution is consistent after shifting suffix
[Current_Solution] Global solution is consistent after updating with local path
[LNS] Successfully updated global solution with pseudo-agent local paths!
[Current_Solution] Updating global solution for agent 0
[Current_Solution] INFO: Segment 0 exit adjusted from 41 to 44 due to waiting time
[Current_Solution] Segment 0 lengthened by 3 timesteps; shifting suffix
[Current_Solution] Global solution is consistent before shifting suffix
[Current_Solution] Global solution is consistent after shifting suffix
[Current_Solution] Global solution is consistent after updating with local path
[LNS] Successfully updated global solution with pseudo-agent local paths!
[Current_Solution] Updating global solution for agent 13
[Current_Solution] INFO: Segment 13 exit adjusted from 41 to 44 due to waiting time
[Current_Solution] Segment 13 lengthened by 3 timesteps; shifting suffix
[Current_Solution] Global solution is consistent before shifting suffix
[Current_Solution] Global solution is consistent after shifting suffix
[Current_Solution] Global solution is consistent after updating with local path
[LNS] Successfully updated global solution with pseudo-agent local paths!
[Current_Solution] Updating global solution for agent 14
[Current_Solution] INFO: Segment 14 exit adjusted from 41 to 44 due to waiting time
[Current_Solution] Segment 14 lengthened by 3 timesteps; shifting suffix
[Current_Solution] Global solution is consistent before shifting suffix
[Current_Solution] Global solution is consistent after shifting suffix
[Current_Solution] Global solution is consistent after updating with local path
[LNS] Successfully updated global solution with pseudo-agent local paths!
[Current_Solution] Updating global solution for agent 15
[Current_Solution] INFO: Segment 15 exit adjusted from 41 to 44 due to waiting time
[Current_Solution] Segment 15 lengthened by 3 timesteps; shifting suffix
[Current_Solution] Global solution is consistent before shifting suffix
[Current_Solution] Global solution is consistent after shifting suffix
[Current_Solution] Global solution is consistent after updating with local path
[LNS] Successfully updated global solution with pseudo-agent local paths!
[Current_Solution] Updating global solution for agent 16
[Current_Solution] INFO: Segment 16 exit adjusted from 41 to 44 due to waiting time
[Current_Solution] Segment 16 lengthened by 3 timesteps; shifting suffix
[Current_Solution] Global solution is consistent before shifting suffix
[Current_Solution] Global solution is consistent after shifting suffix
[Current_Solution] Global solution is consistent after updating with local path
[LNS] Successfully updated global solution with pseudo-agent local paths!
[Current_Solution] Updating global solution for agent 17
[Current_Solution] INFO: Segment 17 exit adjusted from 41 to 44 due to waiting time
[Current_Solution] Segment 17 lengthened by 3 timesteps; shifting suffix
[Current_Solution] Global solution is consistent before shifting suffix
[Current_Solution] Global solution is consistent after shifting suffix
[Current_Solution] Global solution is consistent after updating with local path
[LNS] Successfully updated global solution with pseudo-agent local paths!
[Current_Solution] Updating global solution for agent 18
[Current_Solution] INFO: Segment 18 exit adjusted from 41 to 44 due to waiting time
[Current_Solution] Segment 18 lengthened by 3 timesteps; shifting suffix
[Current_Solution] Global solution is consistent before shifting suffix
[Current_Solution] Global solution is consistent after shifting suffix
[Current_Solution] Global solution is consistent after updating with local path
[LNS] Successfully updated global solution with pseudo-agent local paths!
[Current_Solution] Updating global solution for agent 19
[Current_Solution] INFO: Segment 19 exit adjusted from 41 to 44 due to waiting time
[Current_Solution] Segment 19 lengthened by 3 timesteps; shifting suffix
[Current_Solution] Global solution is consistent before shifting suffix
[Current_Solution] Global solution is consistent after shifting suffix
[Current_Solution] Global solution is consistent after updating with local path
[LNS] Successfully updated global solution with pseudo-agent local paths!
[Current_Solution] Updating global solution for agent 20
[Current_Solution] INFO: Segment 20 exit adjusted from 41 to 44 due to waiting time
[Current_Solution] Segment 20 lengthened by 3 timesteps; shifting suffix
[Current_Solution] Global solution is consistent before shifting suffix
[Current_Solution] Global solution is consistent after shifting suffix
[Current_Solution] Global solution is consistent after updating with local path
[LNS] Successfully updated global solution with pseudo-agent local paths!
[Current_Solution] Updating global solution for agent 21
[Current_Solution] INFO: Segment 21 exit adjusted from 41 to 44 due to waiting time
[Current_Solution] Segment 21 lengthened by 3 timesteps; shifting suffix
[Current_Solution] Global solution is consistent before shifting suffix
[Current_Solution] Global solution is consistent after shifting suffix
[Current_Solution] Global solution is consistent after updating with local path
[LNS] Successfully updated global solution with pseudo-agent local paths!
[Current_Solution] Updating global solution for agent 22
[Current_Solution] INFO: Segment 22 exit adjusted from 41 to 44 due to waiting time
[Current_Solution] Segment 22 lengthened by 3 timesteps; shifting suffix
[Current_Solution] Global solution is consistent before shifting suffix
[Current_Solution] Global solution is consistent after shifting suffix
[Current_Solution] Global solution is consistent after updating with local path
[LNS] Successfully updated global solution with pseudo-agent local paths!
[Current_Solution] Updating global solution for agent 23
[Current_Solution] INFO: Segment 23 exit adjusted from 41 to 44 due to waiting time
[Current_Solution] Segment 23 lengthened by 3 timesteps; shifting suffix
[Current_Solution] Global solution is consistent before shifting suffix
[Current_Solution] Global solution is consistent after shifting suffix
[Current_Solution] Global solution is consistent after updating with local path
[LNS] Successfully updated global solution with pseudo-agent local paths!
[Current_Solution] Updating global solution for agent 24
[Current_Solution] INFO: Segment 24 exit adjusted from 41 to 44 due to waiting time
[Current_Solution] Segment 24 lengthened by 3 timesteps; shifting suffix
[Current_Solution] Global solution is consistent before shifting suffix
[Current_Solution] Global solution is consistent after shifting suffix
[Current_Solution] Global solution is consistent after updating with local path
[LNS] Successfully updated global solution with pseudo-agent local paths!
[Current_Solution] Updating global solution for agent 25
[Current_Solution] INFO: Segment 25 exit adjusted from 41 to 44 due to waiting time
[Current_Solution] Segment 25 lengthened by 3 timesteps; shifting suffix
[Current_Solution] Global solution is consistent before shifting suffix
[Current_Solution] Global solution is consistent after shifting suffix
[Current_Solution] Global solution is consistent after updating with local path
[LNS] Successfully updated global solution with pseudo-agent local paths!
[Current_Solution] Updating global solution for agent 26
[Current_Solution] INFO: Segment 26 exit adjusted from 41 to 44 due to waiting time
[Current_Solution] Segment 26 lengthened by 3 timesteps; shifting suffix
[Current_Solution] Global solution is consistent before shifting suffix
[Current_Solution] Global solution is consistent after shifting suffix
[Current_Solution] Global solution is consistent after updating with local path
[LNS] Successfully updated global solution with pseudo-agent local paths!
[Current_Solution] Updating global solution for agent 27
[Current_Solution] INFO: Segment 27 exit adjusted from 41 to 44 due to waiting time
[Current_Solution] Segment 27 lengthened by 3 timesteps; shifting suffix
[Current_Solution] Global solution is consistent before shifting suffix
[Current_Solution] Global solution is consistent after shifting suffix
[Current_Solution] Global solution is consistent after updating with local path
[LNS] Successfully updated global solution with pseudo-agent local paths!
[Current_Solution] Updating global solution for agent 28
[Current_Solution] INFO: Segment 28 exit adjusted from 41 to 44 due to waiting time
[Current_Solution] Segment 28 lengthened by 3 timesteps; shifting suffix
[Current_Solution] Global solution is consistent before shifting suffix
[Current_Solution] Global solution is consistent after shifting suffix
[Current_Solution] Global solution is consistent after updating with local path
[LNS] Successfully updated global solution with pseudo-agent local paths!
[LNS] Updating path map with new local paths...
[LNS] Successfully updated global solution with local paths and pseudo agents!
[Solve_local_zone] Successfully solved local zone
[Solve_local_zone] Final local zone size: 595 (87.2434% of all walkable positions)
[LNS] Successfully solved local zone
[LNS] Analyzing conflicts...
[LNS] Current solution: vertex collisions=2, edge collisions=0
[LNS] Creating conflict buckets...
[LOCAL ZONE] Building diamond bucket for conflict 0
[LOCAL ZONE] Built diamond bucket for conflict 0 with 5 positions, 1 conflicts, 46 - 46 time window
[LNS] Selected most relevant bucket 0 with time window: 46 - 46, 1 conflicts and 5 positions.
[LNS] Solving the best bucket Local Zone...
[Solve_local_zone] Current local zone size: 5 (0.733138% of all walkable positions)
[Solve_local_zone] Local zone time window: [45, 47]
[Current_Solution] Agent 25 used 3 waiting timesteps, 7 remaining
[Waiting_time_Solve] Agent 0 has waiting time 10
[Waiting_time_Solve] Agent 1 has waiting time 8
[Waiting_time_Solve] Agent 2 has waiting time 34
[Waiting_time_Solve] Agent 3 has waiting time 8
[Waiting_time_Solve] Agent 4 has waiting time 8
[Waiting_time_Solve] Agent 5 has waiting time 7
[Waiting_time_Solve] Agent 6 has waiting time 8
[Waiting_time_Solve] Agent 7 has waiting time 8
[Waiting_time_Solve] Agent 8 has waiting time 8
[Waiting_time_Solve] Agent 9 has waiting time 8
[Waiting_time_Solve] Agent 10 has waiting time 10
[Waiting_time_Solve] Agent 11 has waiting time 4
[Waiting_time_Solve] Agent 12 has waiting time 8
[Waiting_time_Solve] Agent 13 has waiting time 8
[Waiting_time_Solve] Agent 14 has waiting time 8
[Waiting_time_Solve] Agent 15 has waiting time 8
[Waiting_time_Solve] Agent 16 has waiting time 8
[Waiting_time_Solve] Agent 17 has waiting time 6
[Waiting_time_Solve] Agent 18 has waiting time 10
[Waiting_time_Solve] Agent 19 has waiting time 8
[Waiting_time_Solve] Agent 20 has waiting time 8
[Waiting_time_Solve] Agent 21 has waiting time 8
[Waiting_time_Solve] Agent 22 has waiting time 4
[Waiting_time_Solve] Agent 23 has waiting time 8
[Waiting_time_Solve] Agent 24 has waiting time 10
[Waiting_time_Solve] Agent 25 has waiting time 7
[Waiting_time_Solve] Agent 26 has waiting time 2
[Waiting_time_Solve] Agent 27 has waiting time 6
[Waiting_time_Solve] Agent 28 has waiting time 8
[Waiting_time_Solve] Agent 29 has waiting time 8
[Waiting_time_Solve] Agent 30 has waiting time 8
[Waiting_time_Solve] Agent 31 has waiting time 8
[Waiting_time_Solve] Agent 32 has waiting time 10
[Waiting_time_Solve] Agent 33 has waiting time 8
[Waiting_time_Solve] Agent 34 has waiting time 4
[Waiting_time_Solve] Agent 35 has waiting time 8
[Waiting_time_Solve] Agent 36 has waiting time 10
[Waiting_time_Solve] Agent 37 has waiting time 8
[Waiting_time_Solve] Agent 38 has waiting time 8
[Waiting_time_Solve] Agent 39 has waiting time 8
[Waiting_time_Solve] Agent 40 has waiting time 8
[Waiting_time_Solve] Agent 41 has waiting time 2
[Waiting_time_Solve] Agent 42 has waiting time 8
[Waiting_time_Solve] Agent 43 has waiting time 8
[Waiting_time_Solve] Agent 44 has waiting time 10
[Waiting_time_Solve] Agent 45 has waiting time 10
[Waiting_time_Solve] Agent 46 has waiting time 0
[Waiting_time_Solve] Agent 47 has waiting time 17
[Waiting_time_Solve] Agent 48 has waiting time 1
[Waiting_time_Solve] Agent 49 has waiting time 8
[Waiting_time_Solve] Total available waiting time: 406
[Waiting_time_Solve] Max iterations: 406
[Waiting_time_Solve] Iteration 0...
[SAT] Start solving CNF: 24 clauses and 10 variables
[SAT] Agent 25 entry time: 45 exit time: 47
[SAT] Agent 22 entry time: 45 exit time: 47

[SAT] Start time: 45 End time: 47

[SAT] Solving local zone with SAT iteration 1...
[SAT] Local CNF: 24 clauses 

DEBUG: Adding 24 new clauses to MiniSAT (incremental run)
DEBUG: Clause load summary: input=24, added=24, tautologies_skipped=0, duplicates_skipped=0, unit_clauses=5, empties=0, intra_clause_literals_removed=0, added_but_db_unchanged=7
DEBUG: After adding clauses, solver has 12 clauses and 10 variables
DEBUG: MiniSAT found 10 variables
DEBUG: Assignment size: 10
DEBUG: First few assignment values: 1 0 1 0 0 0 1 1 1 1 

=== DEBUG: cnf_assignment_to_paths ===
Input assignment size: 10

=== END DEBUG ===
[SAT] Found 0 vertex collisions and 0 edge collisions
[SAT] Found collision-free local solution!
[Waiting_time_Solve] Solution found, updating global solution
[LNS] Updating global solution with pseudo-agent local paths...
[Current_Solution] Updating global solution for agent 25
[Current_Solution] Global solution is consistent after updating with local path
[LNS] Successfully updated global solution with pseudo-agent local paths!
[Current_Solution] Updating global solution for agent 22
[Current_Solution] Global solution is consistent after updating with local path
[LNS] Successfully updated global solution with pseudo-agent local paths!
[LNS] Updating path map with new local paths...
[LNS] Successfully updated global solution with local paths and pseudo agents!
[Solve_local_zone] Successfully solved local zone
[Solve_local_zone] Final local zone size: 5 (0.733138% of all walkable positions)
[LNS] Successfully solved local zone
[LNS] Analyzing conflicts...
[LNS] Current solution: vertex collisions=1, edge collisions=0
[LNS] Creating conflict buckets...
[LOCAL ZONE] Building diamond bucket for conflict 0
[LOCAL ZONE] Built diamond bucket for conflict 0 with 4 positions, 1 conflicts, 47 - 47 time window
[LNS] Selected most relevant bucket 0 with time window: 47 - 47, 1 conflicts and 4 positions.
[LNS] Solving the best bucket Local Zone...
[Solve_local_zone] Current local zone size: 4 (0.58651% of all walkable positions)
[Solve_local_zone] Local zone time window: [46, 48]
[Current_Solution] Agent 7 used 2 waiting timesteps, 6 remaining
[Waiting_time_Solve] Agent 0 has waiting time 10
[Waiting_time_Solve] Agent 1 has waiting time 8
[Waiting_time_Solve] Agent 2 has waiting time 34
[Waiting_time_Solve] Agent 3 has waiting time 8
[Waiting_time_Solve] Agent 4 has waiting time 8
[Waiting_time_Solve] Agent 5 has waiting time 7
[Waiting_time_Solve] Agent 6 has waiting time 8
[Waiting_time_Solve] Agent 7 has waiting time 6
[Waiting_time_Solve] Agent 8 has waiting time 8
[Waiting_time_Solve] Agent 9 has waiting time 8
[Waiting_time_Solve] Agent 10 has waiting time 10
[Waiting_time_Solve] Agent 11 has waiting time 4
[Waiting_time_Solve] Agent 12 has waiting time 8
[Waiting_time_Solve] Agent 13 has waiting time 8
[Waiting_time_Solve] Agent 14 has waiting time 8
[Waiting_time_Solve] Agent 15 has waiting time 8
[Waiting_time_Solve] Agent 16 has waiting time 8
[Waiting_time_Solve] Agent 17 has waiting time 6
[Waiting_time_Solve] Agent 18 has waiting time 10
[Waiting_time_Solve] Agent 19 has waiting time 8
[Waiting_time_Solve] Agent 20 has waiting time 8
[Waiting_time_Solve] Agent 21 has waiting time 8
[Waiting_time_Solve] Agent 22 has waiting time 4
[Waiting_time_Solve] Agent 23 has waiting time 8
[Waiting_time_Solve] Agent 24 has waiting time 10
[Waiting_time_Solve] Agent 25 has waiting time 7
[Waiting_time_Solve] Agent 26 has waiting time 2
[Waiting_time_Solve] Agent 27 has waiting time 6
[Waiting_time_Solve] Agent 28 has waiting time 8
[Waiting_time_Solve] Agent 29 has waiting time 8
[Waiting_time_Solve] Agent 30 has waiting time 8
[Waiting_time_Solve] Agent 31 has waiting time 8
[Waiting_time_Solve] Agent 32 has waiting time 10
[Waiting_time_Solve] Agent 33 has waiting time 8
[Waiting_time_Solve] Agent 34 has waiting time 4
[Waiting_time_Solve] Agent 35 has waiting time 8
[Waiting_time_Solve] Agent 36 has waiting time 10
[Waiting_time_Solve] Agent 37 has waiting time 8
[Waiting_time_Solve] Agent 38 has waiting time 8
[Waiting_time_Solve] Agent 39 has waiting time 8
[Waiting_time_Solve] Agent 40 has waiting time 8
[Waiting_time_Solve] Agent 41 has waiting time 2
[Waiting_time_Solve] Agent 42 has waiting time 8
[Waiting_time_Solve] Agent 43 has waiting time 8
[Waiting_time_Solve] Agent 44 has waiting time 10
[Waiting_time_Solve] Agent 45 has waiting time 10
[Waiting_time_Solve] Agent 46 has waiting time 0
[Waiting_time_Solve] Agent 47 has waiting time 17
[Waiting_time_Solve] Agent 48 has waiting time 1
[Waiting_time_Solve] Agent 49 has waiting time 8
[Waiting_time_Solve] Total available waiting time: 404
[Waiting_time_Solve] Max iterations: 404
[Waiting_time_Solve] Iteration 0...
[SAT] Start solving CNF: 19 clauses and 9 variables
[SAT] Agent 17 entry time: 46 exit time: 48
[SAT] Agent 7 entry time: 46 exit time: 48

[SAT] Start time: 46 End time: 48

[SAT] Solving local zone with SAT iteration 1...
[SAT] Local CNF: 19 clauses 

DEBUG: Adding 19 new clauses to MiniSAT (incremental run)
DEBUG: Clause load summary: input=19, added=19, tautologies_skipped=0, duplicates_skipped=0, unit_clauses=5, empties=0, intra_clause_literals_removed=0, added_but_db_unchanged=6
DEBUG: After adding clauses, solver has 8 clauses and 9 variables
DEBUG: MiniSAT found 9 variables
DEBUG: Assignment size: 9
DEBUG: First few assignment values: 1 1 1 1 0 1 0 0 1 

=== DEBUG: cnf_assignment_to_paths ===
Input assignment size: 9

=== END DEBUG ===
[SAT] Found 0 vertex collisions and 1 edge collisions
[SAT] Adding collision clauses and solving again...
[SAT] Solving local zone with SAT iteration 2...
[SAT] Local CNF: 20 clauses 

DEBUG: Adding 1 new clauses to MiniSAT (incremental run)
DEBUG: Clause load summary: input=1, added=1, tautologies_skipped=0, duplicates_skipped=0, unit_clauses=0, empties=0, intra_clause_literals_removed=0, added_but_db_unchanged=1
DEBUG: After adding clauses, solver has 8 clauses and 9 variables
DEBUG: MiniSAT found 9 variables
DEBUG: Assignment size: 9
DEBUG: First few assignment values: 1 1 1 1 0 0 1 0 1 

=== DEBUG: cnf_assignment_to_paths ===
Input assignment size: 9

=== END DEBUG ===
[SAT] Found 0 vertex collisions and 0 edge collisions
[SAT] Found collision-free local solution!
[Waiting_time_Solve] Solution found, updating global solution
[LNS] Updating global solution with pseudo-agent local paths...
[Current_Solution] Updating global solution for agent 17
[Current_Solution] Global solution is consistent after updating with local path
[LNS] Successfully updated global solution with pseudo-agent local paths!
[Current_Solution] Updating global solution for agent 7
[Current_Solution] Global solution is consistent after updating with local path
[LNS] Successfully updated global solution with pseudo-agent local paths!
[LNS] Updating path map with new local paths...
[LNS] Successfully updated global solution with local paths and pseudo agents!
[Solve_local_zone] Successfully solved local zone
[Solve_local_zone] Final local zone size: 4 (0.58651% of all walkable positions)
[LNS] Successfully solved local zone
[LNS] Analyzing conflicts...
[LNS] Current solution: vertex collisions=0, edge collisions=0
[LNS] Collision-free solution found at makespan 54
[LNS] Final agent paths:

=== Agent Paths ===
Agent 49 path:
  Time 0: (20, 9)
  Time 1: (19, 9)
  Time 2: (19, 10)
  Time 3: (19, 9)
  Time 4: (19, 9)
  Time 5: (18, 9)
  Time 6: (18, 10)
  Time 7: (18, 11)
  Time 8: (17, 11)
  Time 9: (16, 11)
  Time 10: (15, 11)
  Time 11: (15, 10)
  Time 12: (15, 10)
  Time 13: (14, 10)
  Time 14: (14, 9)
  Time 15: (14, 9)
  Time 16: (14, 10)
  Time 17: (14, 11)
  Time 18: (13, 11)
  Time 19: (13, 10)
  Time 20: (13, 11)
  Time 21: (13, 10)
  Time 22: (13, 11)
  Time 23: (14, 11)
  Time 24: (14, 11)
  Time 25: (15, 11)
  Time 26: (16, 11)
  Time 27: (17, 11)
  Time 28: (17, 11)
  Time 29: (18, 11)
  Time 30: (19, 11)
  Time 31: (18, 11)
  Time 32: (18, 11)
  Time 33: (18, 10)
  Time 34: (18, 9)
  Time 35: (18, 8)
  Time 36: (18, 9)
  Time 37: (18, 10)
  Time 38: (17, 10)
  Time 39: (17, 9)
  Time 40: (18, 9)
  Time 41: (17, 9)
  Time 42: (18, 9)
  Time 43: (18, 10)
  Time 44: (18, 10)
  Time 45: (18, 10)
  Time 46: (18, 10)
  Time 47: (18, 10)
  Time 48: (18, 10)
  Time 49: (18, 10)
  Time 50: (18, 10)
  Time 51: (18, 10)
  Time 52: (18, 10)
  Time 53: (18, 10)
  Time 54: (18, 10)

Agent 48 path:
  Time 0: (3, 18)
  Time 1: (3, 17)
  Time 2: (2, 17)
  Time 3: (2, 16)
  Time 4: (2, 15)
  Time 5: (2, 14)
  Time 6: (3, 14)
  Time 7: (4, 14)
  Time 8: (5, 14)
  Time 9: (6, 14)
  Time 10: (7, 14)
  Time 11: (8, 14)
  Time 12: (9, 14)
  Time 13: (9, 15)
  Time 14: (9, 16)
  Time 15: (9, 17)
  Time 16: (9, 18)
  Time 17: (10, 18)
  Time 18: (11, 18)
  Time 19: (12, 18)
  Time 20: (13, 18)
  Time 21: (13, 19)
  Time 22: (13, 20)
  Time 23: (13, 21)
  Time 24: (14, 21)
  Time 25: (15, 21)
  Time 26: (15, 22)
  Time 27: (16, 22)
  Time 28: (17, 22)
  Time 29: (18, 22)
  Time 30: (19, 22)
  Time 31: (20, 22)
  Time 32: (21, 22)
  Time 33: (21, 21)
  Time 34: (21, 20)
  Time 35: (21, 19)
  Time 36: (21, 18)
  Time 37: (21, 17)
  Time 38: (22, 17)
  Time 39: (23, 17)
  Time 40: (24, 17)
  Time 41: (25, 17)
  Time 42: (25, 18)
  Time 43: (26, 18)
  Time 44: (27, 18)
  Time 45: (28, 18)
  Time 46: (29, 18)
  Time 47: (30, 18)
  Time 48: (31, 18)
  Time 49: (31, 17)
  Time 50: (31, 16)
  Time 51: (31, 15)
  Time 52: (31, 14)
  Time 53: (31, 13)
  Time 54: (31, 13)

Agent 47 path:
  Time 0: (9, 18)
  Time 1: (10, 18)
  Time 2: (11, 18)
  Time 3: (12, 18)
  Time 4: (13, 18)
  Time 5: (14, 18)
  Time 6: (14, 17)
  Time 7: (14, 16)
  Time 8: (14, 15)
  Time 9: (13, 15)
  Time 10: (13, 15)
  Time 11: (13, 14)
  Time 12: (13, 13)
  Time 13: (14, 13)
  Time 14: (14, 12)
  Time 15: (14, 11)
  Time 16: (15, 11)
  Time 17: (16, 11)
  Time 18: (17, 11)
  Time 19: (17, 10)
  Time 20: (18, 10)
  Time 21: (19, 10)
  Time 22: (19, 9)
  Time 23: (20, 9)
  Time 24: (21, 9)
  Time 25: (22, 9)
  Time 26: (23, 9)
  Time 27: (23, 10)
  Time 28: (23, 11)
  Time 29: (24, 11)
  Time 30: (25, 11)
  Time 31: (26, 11)
  Time 32: (27, 11)
  Time 33: (27, 10)
  Time 34: (28, 10)
  Time 35: (29, 10)
  Time 36: (30, 10)
  Time 37: (31, 10)
  Time 38: (31, 10)
  Time 39: (31, 10)
  Time 40: (31, 10)
  Time 41: (31, 10)
  Time 42: (31, 10)
  Time 43: (31, 10)
  Time 44: (31, 10)
  Time 45: (31, 10)
  Time 46: (31, 10)
  Time 47: (31, 10)
  Time 48: (31, 10)
  Time 49: (31, 10)
  Time 50: (31, 10)
  Time 51: (31, 10)
  Time 52: (31, 10)
  Time 53: (31, 10)
  Time 54: (31, 10)

Agent 46 path:
  Time 0: (10, 31)
  Time 1: (10, 30)
  Time 2: (10, 29)
  Time 3: (10, 28)
  Time 4: (10, 27)
  Time 5: (10, 26)
  Time 6: (9, 26)
  Time 7: (9, 25)
  Time 8: (9, 24)
  Time 9: (9, 23)
  Time 10: (10, 23)
  Time 11: (11, 23)
  Time 12: (11, 22)
  Time 13: (11, 21)
  Time 14: (11, 20)
  Time 15: (11, 19)
  Time 16: (11, 18)
  Time 17: (12, 18)
  Time 18: (13, 18)
  Time 19: (14, 18)
  Time 20: (14, 17)
  Time 21: (14, 16)
  Time 22: (14, 15)
  Time 23: (14, 14)
  Time 24: (14, 13)
  Time 25: (14, 12)
  Time 26: (14, 11)
  Time 27: (15, 11)
  Time 28: (16, 11)
  Time 29: (17, 11)
  Time 30: (17, 10)
  Time 31: (18, 10)
  Time 32: (18, 9)
  Time 33: (18, 8)
  Time 34: (18, 7)
  Time 35: (18, 6)
  Time 36: (18, 5)
  Time 37: (19, 5)
  Time 38: (19, 4)
  Time 39: (19, 3)
  Time 40: (19, 2)
  Time 41: (20, 2)
  Time 42: (21, 2)
  Time 43: (22, 2)
  Time 44: (22, 1)
  Time 45: (23, 1)
  Time 46: (24, 1)
  Time 47: (25, 1)
  Time 48: (26, 1)
  Time 49: (26, 2)
  Time 50: (26, 3)
  Time 51: (26, 4)
  Time 52: (26, 5)
  Time 53: (26, 6)
  Time 54: (25, 6)

Agent 45 path:
  Time 0: (11, 27)
  Time 1: (12, 27)
  Time 2: (13, 27)
  Time 3: (13, 27)
  Time 4: (12, 27)
  Time 5: (11, 27)
  Time 6: (11, 26)
  Time 7: (11, 26)
  Time 8: (11, 27)
  Time 9: (12, 27)
  Time 10: (11, 27)
  Time 11: (12, 27)
  Time 12: (11, 27)
  Time 13: (12, 27)
  Time 14: (11, 27)
  Time 15: (12, 27)
  Time 16: (12, 27)
  Time 17: (11, 27)
  Time 18: (11, 26)
  Time 19: (11, 25)
  Time 20: (10, 25)
  Time 21: (9, 25)
  Time 22: (8, 25)
  Time 23: (7, 25)
  Time 24: (6, 25)
  Time 25: (5, 25)
  Time 26: (5, 26)
  Time 27: (5, 27)
  Time 28: (4, 27)
  Time 29: (4, 27)
  Time 30: (5, 27)
  Time 31: (5, 26)
  Time 32: (5, 25)
  Time 33: (6, 25)
  Time 34: (5, 25)
  Time 35: (5, 26)
  Time 36: (5, 27)
  Time 37: (4, 27)
  Time 38: (3, 27)
  Time 39: (3, 26)
  Time 40: (3, 25)
  Time 41: (3, 24)
  Time 42: (3, 23)
  Time 43: (2, 23)
  Time 44: (2, 23)
  Time 45: (2, 23)
  Time 46: (2, 23)
  Time 47: (2, 23)
  Time 48: (2, 23)
  Time 49: (2, 23)
  Time 50: (2, 23)
  Time 51: (2, 23)
  Time 52: (2, 23)
  Time 53: (2, 23)
  Time 54: (2, 23)

Agent 44 path:
  Time 0: (7, 18)
  Time 1: (7, 17)
  Time 2: (7, 17)
  Time 3: (7, 18)
  Time 4: (6, 18)
  Time 5: (5, 18)
  Time 6: (5, 19)
  Time 7: (6, 19)
  Time 8: (6, 19)
  Time 9: (7, 19)
  Time 10: (7, 18)
  Time 11: (7, 18)
  Time 12: (6, 18)
  Time 13: (6, 19)
  Time 14: (7, 19)
  Time 15: (7, 19)
  Time 16: (6, 19)
  Time 17: (5, 19)
  Time 18: (6, 19)
  Time 19: (5, 19)
  Time 20: (5, 18)
  Time 21: (6, 18)
  Time 22: (6, 17)
  Time 23: (6, 18)
  Time 24: (5, 18)
  Time 25: (5, 17)
  Time 26: (5, 16)
  Time 27: (5, 15)
  Time 28: (5, 16)
  Time 29: (5, 16)
  Time 30: (5, 17)
  Time 31: (5, 16)
  Time 32: (5, 15)
  Time 33: (5, 14)
  Time 34: (5, 13)
  Time 35: (5, 12)
  Time 36: (5, 11)
  Time 37: (6, 11)
  Time 38: (6, 10)
  Time 39: (6, 9)
  Time 40: (6, 9)
  Time 41: (6, 8)
  Time 42: (6, 7)
  Time 43: (6, 6)
  Time 44: (6, 5)
  Time 45: (6, 5)
  Time 46: (6, 5)
  Time 47: (6, 5)
  Time 48: (6, 5)
  Time 49: (6, 5)
  Time 50: (6, 5)
  Time 51: (6, 5)
  Time 52: (6, 5)
  Time 53: (6, 5)
  Time 54: (6, 5)

Agent 43 path:
  Time 0: (19, 7)
  Time 1: (18, 7)
  Time 2: (17, 7)
  Time 3: (18, 7)
  Time 4: (17, 7)
  Time 5: (18, 7)
  Time 6: (17, 7)
  Time 7: (18, 7)
  Time 8: (18, 7)
  Time 9: (18, 8)
  Time 10: (18, 9)
  Time 11: (18, 10)
  Time 12: (18, 11)
  Time 13: (17, 11)
  Time 14: (16, 11)
  Time 15: (15, 11)
  Time 16: (15, 10)
  Time 17: (15, 11)
  Time 18: (15, 10)
  Time 19: (15, 10)
  Time 20: (15, 11)
  Time 21: (14, 11)
  Time 22: (14, 12)
  Time 23: (14, 13)
  Time 24: (13, 13)
  Time 25: (13, 13)
  Time 26: (14, 13)
  Time 27: (14, 12)
  Time 28: (14, 13)
  Time 29: (14, 14)
  Time 30: (15, 14)
  Time 31: (14, 14)
  Time 32: (14, 13)
  Time 33: (14, 12)
  Time 34: (14, 13)
  Time 35: (14, 14)
  Time 36: (14, 15)
  Time 37: (14, 16)
  Time 38: (14, 17)
  Time 39: (14, 18)
  Time 40: (13, 18)
  Time 41: (12, 18)
  Time 42: (11, 18)
  Time 43: (10, 18)
  Time 44: (10, 19)
  Time 45: (10, 19)
  Time 46: (10, 19)
  Time 47: (10, 19)
  Time 48: (10, 19)
  Time 49: (10, 19)
  Time 50: (10, 19)
  Time 51: (10, 19)
  Time 52: (10, 19)
  Time 53: (10, 19)
  Time 54: (10, 19)

Agent 42 path:
  Time 0: (28, 18)
  Time 1: (27, 18)
  Time 2: (27, 19)
  Time 3: (26, 19)
  Time 4: (26, 20)
  Time 5: (26, 21)
  Time 6: (26, 22)
  Time 7: (26, 23)
  Time 8: (25, 23)
  Time 9: (24, 23)
  Time 10: (23, 23)
  Time 11: (23, 22)
  Time 12: (22, 22)
  Time 13: (21, 22)
  Time 14: (20, 22)
  Time 15: (19, 22)
  Time 16: (18, 22)
  Time 17: (17, 22)
  Time 18: (17, 21)
  Time 19: (17, 20)
  Time 20: (17, 19)
  Time 21: (18, 19)
  Time 22: (18, 19)
  Time 23: (18, 19)
  Time 24: (19, 19)
  Time 25: (18, 19)
  Time 26: (18, 19)
  Time 27: (17, 19)
  Time 28: (17, 18)
  Time 29: (17, 18)
  Time 30: (18, 18)
  Time 31: (18, 18)
  Time 32: (17, 18)
  Time 33: (16, 18)
  Time 34: (15, 18)
  Time 35: (14, 18)
  Time 36: (13, 18)
  Time 37: (12, 18)
  Time 38: (11, 18)
  Time 39: (11, 17)
  Time 40: (10, 17)
  Time 41: (9, 17)
  Time 42: (9, 16)
  Time 43: (9, 15)
  Time 44: (10, 15)
  Time 45: (10, 15)
  Time 46: (10, 15)
  Time 47: (10, 15)
  Time 48: (10, 15)
  Time 49: (10, 15)
  Time 50: (10, 15)
  Time 51: (10, 15)
  Time 52: (10, 15)
  Time 53: (10, 15)
  Time 54: (10, 15)

Agent 41 path:
  Time 0: (16, 2)
  Time 1: (17, 2)
  Time 2: (18, 2)
  Time 3: (19, 2)
  Time 4: (20, 2)
  Time 5: (21, 2)
  Time 6: (21, 3)
  Time 7: (22, 3)
  Time 8: (22, 4)
  Time 9: (22, 5)
  Time 10: (22, 6)
  Time 11: (21, 6)
  Time 12: (21, 7)
  Time 13: (21, 8)
  Time 14: (21, 9)
  Time 15: (22, 9)
  Time 16: (23, 9)
  Time 17: (23, 10)
  Time 18: (23, 11)
  Time 19: (23, 12)
  Time 20: (23, 13)
  Time 21: (23, 14)
  Time 22: (23, 15)
  Time 23: (24, 15)
  Time 24: (25, 15)
  Time 25: (26, 15)
  Time 26: (27, 15)
  Time 27: (27, 16)
  Time 28: (27, 17)
  Time 29: (27, 18)
  Time 30: (27, 19)
  Time 31: (26, 19)
  Time 32: (26, 20)
  Time 33: (26, 21)
  Time 34: (25, 21)
  Time 35: (25, 22)
  Time 36: (25, 23)
  Time 37: (25, 24)
  Time 38: (25, 25)
  Time 39: (25, 26)
  Time 40: (25, 27)
  Time 41: (24, 27)
  Time 42: (23, 27)
  Time 43: (22, 27)
  Time 44: (22, 27)
  Time 45: (23, 27)
  Time 46: (23, 28)
  Time 47: (23, 29)
  Time 48: (23, 30)
  Time 49: (24, 30)
  Time 50: (25, 30)
  Time 51: (26, 30)
  Time 52: (27, 30)
  Time 53: (27, 30)
  Time 54: (27, 30)

Agent 40 path:
  Time 0: (23, 26)
  Time 1: (23, 26)
  Time 2: (23, 26)
  Time 3: (23, 26)
  Time 4: (23, 26)
  Time 5: (22, 26)
  Time 6: (21, 26)
  Time 7: (22, 26)
  Time 8: (23, 26)
  Time 9: (23, 27)
  Time 10: (23, 28)
  Time 11: (23, 29)
  Time 12: (23, 30)
  Time 13: (23, 31)
  Time 14: (22, 31)
  Time 15: (23, 31)
  Time 16: (23, 30)
  Time 17: (23, 29)
  Time 18: (23, 29)
  Time 19: (23, 28)
  Time 20: (23, 27)
  Time 21: (24, 27)
  Time 22: (23, 27)
  Time 23: (23, 28)
  Time 24: (23, 27)
  Time 25: (22, 27)
  Time 26: (23, 27)
  Time 27: (24, 27)
  Time 28: (25, 27)
  Time 29: (25, 27)
  Time 30: (26, 27)
  Time 31: (25, 27)
  Time 32: (25, 26)
  Time 33: (25, 25)
  Time 34: (25, 24)
  Time 35: (25, 23)
  Time 36: (24, 23)
  Time 37: (23, 23)
  Time 38: (23, 22)
  Time 39: (23, 22)
  Time 40: (23, 21)
  Time 41: (22, 21)
  Time 42: (21, 21)
  Time 43: (21, 20)
  Time 44: (21, 19)
  Time 45: (21, 19)
  Time 46: (21, 19)
  Time 47: (21, 19)
  Time 48: (21, 19)
  Time 49: (21, 19)
  Time 50: (21, 19)
  Time 51: (21, 19)
  Time 52: (21, 19)
  Time 53: (21, 19)
  Time 54: (21, 19)

Agent 39 path:
  Time 0: (26, 6)
  Time 1: (26, 5)
  Time 2: (26, 4)
  Time 3: (26, 3)
  Time 4: (26, 2)
  Time 5: (26, 1)
  Time 6: (26, 1)
  Time 7: (26, 2)
  Time 8: (25, 2)
  Time 9: (25, 2)
  Time 10: (25, 1)
  Time 11: (25, 2)
  Time 12: (25, 1)
  Time 13: (25, 2)
  Time 14: (25, 1)
  Time 15: (25, 2)
  Time 16: (25, 1)
  Time 17: (25, 2)
  Time 18: (25, 1)
  Time 19: (24, 1)
  Time 20: (23, 1)
  Time 21: (23, 2)
  Time 22: (22, 2)
  Time 23: (21, 2)
  Time 24: (22, 2)
  Time 25: (22, 3)
  Time 26: (22, 4)
  Time 27: (22, 5)
  Time 28: (21, 5)
  Time 29: (21, 6)
  Time 30: (21, 7)
  Time 31: (21, 8)
  Time 32: (21, 9)
  Time 33: (20, 9)
  Time 34: (19, 9)
  Time 35: (18, 9)
  Time 36: (18, 10)
  Time 37: (17, 10)
  Time 38: (17, 11)
  Time 39: (16, 11)
  Time 40: (15, 11)
  Time 41: (14, 11)
  Time 42: (14, 12)
  Time 43: (14, 13)
  Time 44: (14, 14)
  Time 45: (14, 14)
  Time 46: (14, 14)
  Time 47: (14, 14)
  Time 48: (14, 14)
  Time 49: (14, 14)
  Time 50: (14, 14)
  Time 51: (14, 14)
  Time 52: (14, 14)
  Time 53: (14, 14)
  Time 54: (14, 14)

Agent 38 path:
  Time 0: (26, 10)
  Time 1: (25, 10)
  Time 2: (25, 11)
  Time 3: (24, 11)
  Time 4: (23, 11)
  Time 5: (23, 10)
  Time 6: (22, 10)
  Time 7: (21, 10)
  Time 8: (21, 9)
  Time 9: (21, 8)
  Time 10: (21, 7)
  Time 11: (22, 7)
  Time 12: (22, 6)
  Time 13: (21, 6)
  Time 14: (21, 7)
  Time 15: (21, 8)
  Time 16: (21, 8)
  Time 17: (21, 8)
  Time 18: (21, 9)
  Time 19: (20, 9)
  Time 20: (19, 9)
  Time 21: (18, 9)
  Time 22: (18, 8)
  Time 23: (18, 7)
  Time 24: (17, 7)
  Time 25: (17, 6)
  Time 26: (17, 7)
  Time 27: (18, 7)
  Time 28: (17, 7)
  Time 29: (17, 6)
  Time 30: (16, 6)
  Time 31: (15, 6)
  Time 32: (14, 6)
  Time 33: (13, 6)
  Time 34: (13, 5)
  Time 35: (12, 5)
  Time 36: (11, 5)
  Time 37: (10, 5)
  Time 38: (9, 5)
  Time 39: (9, 6)
  Time 40: (8, 6)
  Time 41: (7, 6)
  Time 42: (6, 6)
  Time 43: (5, 6)
  Time 44: (4, 6)
  Time 45: (4, 6)
  Time 46: (4, 6)
  Time 47: (4, 6)
  Time 48: (4, 6)
  Time 49: (4, 6)
  Time 50: (4, 6)
  Time 51: (4, 6)
  Time 52: (4, 6)
  Time 53: (4, 6)
  Time 54: (4, 6)

Agent 37 path:
  Time 0: (2, 2)
  Time 1: (3, 2)
  Time 2: (3, 3)
  Time 3: (4, 3)
  Time 4: (5, 3)
  Time 5: (5, 4)
  Time 6: (5, 5)
  Time 7: (5, 6)
  Time 8: (6, 6)
  Time 9: (7, 6)
  Time 10: (8, 6)
  Time 11: (9, 6)
  Time 12: (9, 7)
  Time 13: (10, 7)
  Time 14: (11, 7)
  Time 15: (11, 6)
  Time 16: (11, 5)
  Time 17: (12, 5)
  Time 18: (13, 5)
  Time 19: (13, 6)
  Time 20: (14, 6)
  Time 21: (15, 6)
  Time 22: (16, 6)
  Time 23: (17, 6)
  Time 24: (18, 6)
  Time 25: (18, 7)
  Time 26: (18, 8)
  Time 27: (18, 9)
  Time 28: (19, 9)
  Time 29: (20, 9)
  Time 30: (21, 9)
  Time 31: (22, 9)
  Time 32: (22, 9)
  Time 33: (22, 10)
  Time 34: (22, 11)
  Time 35: (23, 11)
  Time 36: (23, 12)
  Time 37: (23, 13)
  Time 38: (23, 14)
  Time 39: (22, 14)
  Time 40: (21, 14)
  Time 41: (21, 14)
  Time 42: (21, 13)
  Time 43: (21, 14)
  Time 44: (21, 15)
  Time 45: (21, 15)
  Time 46: (21, 15)
  Time 47: (21, 15)
  Time 48: (21, 15)
  Time 49: (21, 15)
  Time 50: (21, 15)
  Time 51: (21, 15)
  Time 52: (21, 15)
  Time 53: (21, 15)
  Time 54: (21, 15)

Agent 36 path:
  Time 0: (26, 5)
  Time 1: (26, 4)
  Time 2: (26, 3)
  Time 3: (26, 2)
  Time 4: (25, 2)
  Time 5: (26, 2)
  Time 6: (25, 2)
  Time 7: (25, 1)
  Time 8: (26, 1)
  Time 9: (26, 2)
  Time 10: (25, 2)
  Time 11: (26, 2)
  Time 12: (25, 2)
  Time 13: (26, 2)
  Time 14: (25, 2)
  Time 15: (26, 2)
  Time 16: (25, 2)
  Time 17: (26, 2)
  Time 18: (25, 2)
  Time 19: (26, 2)
  Time 20: (25, 2)
  Time 21: (26, 2)
  Time 22: (25, 2)
  Time 23: (26, 2)
  Time 24: (25, 2)
  Time 25: (25, 1)
  Time 26: (25, 1)
  Time 27: (24, 1)
  Time 28: (23, 1)
  Time 29: (23, 2)
  Time 30: (22, 2)
  Time 31: (21, 2)
  Time 32: (20, 2)
  Time 33: (19, 2)
  Time 34: (19, 3)
  Time 35: (18, 3)
  Time 36: (17, 3)
  Time 37: (17, 2)
  Time 38: (18, 2)
  Time 39: (18, 2)
  Time 40: (17, 2)
  Time 41: (16, 2)
  Time 42: (15, 2)
  Time 43: (15, 3)
  Time 44: (14, 3)
  Time 45: (14, 3)
  Time 46: (14, 3)
  Time 47: (14, 3)
  Time 48: (14, 3)
  Time 49: (14, 3)
  Time 50: (14, 3)
  Time 51: (14, 3)
  Time 52: (14, 3)
  Time 53: (14, 3)
  Time 54: (14, 3)

Agent 35 path:
  Time 0: (31, 27)
  Time 1: (31, 26)
  Time 2: (31, 25)
  Time 3: (31, 24)
  Time 4: (31, 23)
  Time 5: (30, 23)
  Time 6: (29, 23)
  Time 7: (28, 23)
  Time 8: (27, 23)
  Time 9: (26, 23)
  Time 10: (25, 23)
  Time 11: (24, 23)
  Time 12: (23, 23)
  Time 13: (23, 22)
  Time 14: (22, 22)
  Time 15: (21, 22)
  Time 16: (20, 22)
  Time 17: (19, 22)
  Time 18: (18, 22)
  Time 19: (17, 22)
  Time 20: (16, 22)
  Time 21: (17, 22)
  Time 22: (17, 21)
  Time 23: (17, 21)
  Time 24: (17, 20)
  Time 25: (17, 19)
  Time 26: (17, 18)
  Time 27: (16, 18)
  Time 28: (15, 18)
  Time 29: (15, 17)
  Time 30: (15, 18)
  Time 31: (14, 18)
  Time 32: (13, 18)
  Time 33: (12, 18)
  Time 34: (11, 18)
  Time 35: (10, 18)
  Time 36: (9, 18)
  Time 37: (8, 18)
  Time 38: (7, 18)
  Time 39: (7, 17)
  Time 40: (6, 17)
  Time 41: (5, 17)
  Time 42: (5, 16)
  Time 43: (5, 15)
  Time 44: (5, 14)
  Time 45: (4, 14)
  Time 46: (3, 14)
  Time 47: (3, 14)
  Time 48: (3, 14)
  Time 49: (3, 14)
  Time 50: (3, 14)
  Time 51: (3, 14)
  Time 52: (3, 14)
  Time 53: (3, 14)
  Time 54: (3, 14)

Agent 34 path:
  Time 0: (25, 7)
  Time 1: (25, 6)
  Time 2: (25, 5)
  Time 3: (26, 5)
  Time 4: (26, 4)
  Time 5: (26, 3)
  Time 6: (25, 3)
  Time 7: (25, 2)
  Time 8: (25, 1)
  Time 9: (24, 1)
  Time 10: (23, 1)
  Time 11: (23, 2)
  Time 12: (22, 2)
  Time 13: (22, 3)
  Time 14: (22, 4)
  Time 15: (22, 5)
  Time 16: (21, 5)
  Time 17: (21, 6)
  Time 18: (21, 7)
  Time 19: (21, 8)
  Time 20: (21, 9)
  Time 21: (22, 9)
  Time 22: (23, 9)
  Time 23: (23, 10)
  Time 24: (23, 11)
  Time 25: (23, 12)
  Time 26: (23, 13)
  Time 27: (23, 14)
  Time 28: (22, 14)
  Time 29: (22, 15)
  Time 30: (22, 16)
  Time 31: (22, 17)
  Time 32: (23, 17)
  Time 33: (23, 18)
  Time 34: (23, 19)
  Time 35: (22, 19)
  Time 36: (21, 19)
  Time 37: (21, 20)
  Time 38: (21, 21)
  Time 39: (21, 21)
  Time 40: (21, 22)
  Time 41: (20, 22)
  Time 42: (19, 22)
  Time 43: (19, 23)
  Time 44: (18, 23)
  Time 45: (18, 24)
  Time 46: (18, 25)
  Time 47: (18, 26)
  Time 48: (18, 27)
  Time 49: (18, 28)
  Time 50: (18, 29)
  Time 51: (18, 29)
  Time 52: (18, 29)
  Time 53: (18, 29)
  Time 54: (18, 29)

Agent 33 path:
  Time 0: (21, 9)
  Time 1: (20, 9)
  Time 2: (19, 9)
  Time 3: (18, 9)
  Time 4: (18, 10)
  Time 5: (18, 11)
  Time 6: (17, 11)
  Time 7: (16, 11)
  Time 8: (15, 11)
  Time 9: (14, 11)
  Time 10: (14, 12)
  Time 11: (14, 13)
  Time 12: (14, 14)
  Time 13: (14, 14)
  Time 14: (14, 15)
  Time 15: (14, 16)
  Time 16: (14, 17)
  Time 17: (14, 18)
  Time 18: (14, 19)
  Time 19: (13, 19)
  Time 20: (13, 20)
  Time 21: (13, 21)
  Time 22: (13, 22)
  Time 23: (12, 22)
  Time 24: (11, 22)
  Time 25: (11, 23)
  Time 26: (10, 23)
  Time 27: (9, 23)
  Time 28: (9, 24)
  Time 29: (9, 24)
  Time 30: (9, 25)
  Time 31: (9, 24)
  Time 32: (9, 25)
  Time 33: (8, 25)
  Time 34: (7, 25)
  Time 35: (6, 25)
  Time 36: (5, 25)
  Time 37: (5, 26)
  Time 38: (5, 27)
  Time 39: (4, 27)
  Time 40: (3, 27)
  Time 41: (2, 27)
  Time 42: (2, 28)
  Time 43: (2, 29)
  Time 44: (3, 29)
  Time 45: (3, 29)
  Time 46: (3, 29)
  Time 47: (3, 29)
  Time 48: (3, 29)
  Time 49: (3, 29)
  Time 50: (3, 29)
  Time 51: (3, 29)
  Time 52: (3, 29)
  Time 53: (3, 29)
  Time 54: (3, 29)

Agent 32 path:
  Time 0: (21, 26)
  Time 1: (22, 26)
  Time 2: (22, 27)
  Time 3: (23, 27)
  Time 4: (24, 27)
  Time 5: (25, 27)
  Time 6: (25, 26)
  Time 7: (25, 25)
  Time 8: (25, 24)
  Time 9: (25, 23)
  Time 10: (25, 22)
  Time 11: (26, 22)
  Time 12: (26, 21)
  Time 13: (26, 20)
  Time 14: (26, 19)
  Time 15: (26, 18)
  Time 16: (27, 18)
  Time 17: (27, 17)
  Time 18: (27, 16)
  Time 19: (27, 15)
  Time 20: (27, 14)
  Time 21: (27, 13)
  Time 22: (27, 12)
  Time 23: (27, 11)
  Time 24: (27, 12)
  Time 25: (27, 11)
  Time 26: (27, 10)
  Time 27: (28, 10)
  Time 28: (29, 10)
  Time 29: (30, 10)
  Time 30: (30, 9)
  Time 31: (30, 8)
  Time 32: (30, 7)
  Time 33: (30, 6)
  Time 34: (30, 5)
  Time 35: (30, 4)
  Time 36: (30, 3)
  Time 37: (29, 3)
  Time 38: (28, 3)
  Time 39: (27, 3)
  Time 40: (26, 3)
  Time 41: (26, 4)
  Time 42: (26, 5)
  Time 43: (26, 6)
  Time 44: (27, 6)
  Time 45: (27, 6)
  Time 46: (27, 6)
  Time 47: (27, 6)
  Time 48: (27, 6)
  Time 49: (27, 6)
  Time 50: (27, 6)
  Time 51: (27, 6)
  Time 52: (27, 6)
  Time 53: (27, 6)
  Time 54: (27, 6)

Agent 31 path:
  Time 0: (6, 18)
  Time 1: (5, 18)
  Time 2: (6, 18)
  Time 3: (6, 18)
  Time 4: (6, 19)
  Time 5: (6, 18)
  Time 6: (6, 17)
  Time 7: (5, 17)
  Time 8: (5, 18)
  Time 9: (5, 19)
  Time 10: (5, 18)
  Time 11: (6, 18)
  Time 12: (5, 18)
  Time 13: (6, 18)
  Time 14: (5, 18)
  Time 15: (5, 19)
  Time 16: (5, 18)
  Time 17: (6, 18)
  Time 18: (6, 18)
  Time 19: (6, 19)
  Time 20: (6, 19)
  Time 21: (7, 19)
  Time 22: (7, 19)
  Time 23: (7, 18)
  Time 24: (7, 18)
  Time 25: (7, 19)
  Time 26: (7, 20)
  Time 27: (7, 19)
  Time 28: (7, 18)
  Time 29: (7, 18)
  Time 30: (6, 18)
  Time 31: (5, 18)
  Time 32: (6, 18)
  Time 33: (5, 18)
  Time 34: (6, 18)
  Time 35: (5, 18)
  Time 36: (6, 18)
  Time 37: (5, 18)
  Time 38: (6, 18)
  Time 39: (5, 18)
  Time 40: (6, 18)
  Time 41: (5, 18)
  Time 42: (6, 18)
  Time 43: (7, 18)
  Time 44: (7, 18)
  Time 45: (7, 18)
  Time 46: (7, 18)
  Time 47: (7, 18)
  Time 48: (7, 18)
  Time 49: (7, 18)
  Time 50: (7, 18)
  Time 51: (7, 18)
  Time 52: (7, 18)
  Time 53: (7, 18)
  Time 54: (7, 18)

Agent 30 path:
  Time 0: (13, 14)
  Time 1: (14, 14)
  Time 2: (13, 14)
  Time 3: (14, 14)
  Time 4: (13, 14)
  Time 5: (14, 14)
  Time 6: (13, 14)
  Time 7: (13, 14)
  Time 8: (14, 14)
  Time 9: (14, 15)
  Time 10: (14, 16)
  Time 11: (14, 15)
  Time 12: (13, 15)
  Time 13: (13, 14)
  Time 14: (13, 13)
  Time 15: (13, 14)
  Time 16: (13, 15)
  Time 17: (13, 14)
  Time 18: (14, 14)
  Time 19: (15, 14)
  Time 20: (14, 14)
  Time 21: (13, 14)
  Time 22: (14, 14)
  Time 23: (15, 14)
  Time 24: (15, 15)
  Time 25: (15, 15)
  Time 26: (14, 15)
  Time 27: (14, 16)
  Time 28: (14, 15)
  Time 29: (13, 15)
  Time 30: (13, 14)
  Time 31: (13, 14)
  Time 32: (13, 14)
  Time 33: (14, 14)
  Time 34: (14, 14)
  Time 35: (14, 15)
  Time 36: (13, 15)
  Time 37: (13, 15)
  Time 38: (14, 15)
  Time 39: (14, 16)
  Time 40: (14, 17)
  Time 41: (15, 17)
  Time 42: (15, 18)
  Time 43: (15, 17)
  Time 44: (15, 17)
  Time 45: (15, 17)
  Time 46: (15, 17)
  Time 47: (15, 17)
  Time 48: (15, 17)
  Time 49: (15, 17)
  Time 50: (15, 17)
  Time 51: (15, 17)
  Time 52: (15, 17)
  Time 53: (15, 17)
  Time 54: (15, 17)

Agent 29 path:
  Time 0: (26, 0)
  Time 1: (26, 1)
  Time 2: (25, 1)
  Time 3: (24, 1)
  Time 4: (23, 1)
  Time 5: (22, 1)
  Time 6: (21, 1)
  Time 7: (22, 1)
  Time 8: (21, 1)
  Time 9: (22, 1)
  Time 10: (21, 1)
  Time 11: (22, 1)
  Time 12: (21, 1)
  Time 13: (22, 1)
  Time 14: (21, 1)
  Time 15: (22, 1)
  Time 16: (21, 1)
  Time 17: (22, 1)
  Time 18: (21, 1)
  Time 19: (22, 1)
  Time 20: (21, 1)
  Time 21: (22, 1)
  Time 22: (21, 1)
  Time 23: (22, 1)
  Time 24: (21, 1)
  Time 25: (22, 1)
  Time 26: (21, 1)
  Time 27: (22, 1)
  Time 28: (21, 1)
  Time 29: (22, 1)
  Time 30: (21, 1)
  Time 31: (22, 1)
  Time 32: (22, 1)
  Time 33: (22, 2)
  Time 34: (21, 2)
  Time 35: (21, 2)
  Time 36: (20, 2)
  Time 37: (19, 2)
  Time 38: (19, 1)
  Time 39: (19, 2)
  Time 40: (18, 2)
  Time 41: (17, 2)
  Time 42: (17, 1)
  Time 43: (17, 0)
  Time 44: (17, 0)
  Time 45: (17, 0)
  Time 46: (17, 0)
  Time 47: (17, 0)
  Time 48: (17, 0)
  Time 49: (17, 0)
  Time 50: (17, 0)
  Time 51: (17, 0)
  Time 52: (17, 0)
  Time 53: (17, 0)
  Time 54: (17, 0)

Agent 28 path:
  Time 0: (18, 31)
  Time 1: (18, 30)
  Time 2: (18, 29)
  Time 3: (18, 28)
  Time 4: (18, 27)
  Time 5: (18, 26)
  Time 6: (18, 25)
  Time 7: (18, 24)
  Time 8: (18, 23)
  Time 9: (18, 22)
  Time 10: (19, 22)
  Time 11: (20, 22)
  Time 12: (21, 22)
  Time 13: (21, 21)
  Time 14: (21, 20)
  Time 15: (21, 20)
  Time 16: (21, 19)
  Time 17: (21, 18)
  Time 18: (21, 17)
  Time 19: (22, 17)
  Time 20: (22, 16)
  Time 21: (22, 16)
  Time 22: (22, 15)
  Time 23: (22, 14)
  Time 24: (23, 14)
  Time 25: (23, 13)
  Time 26: (22, 13)
  Time 27: (23, 13)
  Time 28: (22, 13)
  Time 29: (21, 13)
  Time 30: (21, 14)
  Time 31: (22, 14)
  Time 32: (22, 15)
  Time 33: (22, 15)
  Time 34: (21, 15)
  Time 35: (21, 15)
  Time 36: (22, 15)
  Time 37: (21, 15)
  Time 38: (21, 15)
  Time 39: (22, 15)
  Time 40: (22, 16)
  Time 41: (22, 17)
  Time 42: (23, 17)
  Time 43: (24, 17)
  Time 44: (25, 17)
  Time 45: (25, 17)
  Time 46: (25, 17)
  Time 47: (25, 17)
  Time 48: (25, 17)
  Time 49: (25, 17)
  Time 50: (25, 17)
  Time 51: (25, 17)
  Time 52: (25, 17)
  Time 53: (25, 17)
  Time 54: (25, 17)

Agent 27 path:
  Time 0: (6, 3)
  Time 1: (6, 3)
  Time 2: (5, 3)
  Time 3: (5, 4)
  Time 4: (5, 5)
  Time 5: (5, 6)
  Time 6: (6, 6)
  Time 7: (7, 6)
  Time 8: (8, 6)
  Time 9: (9, 6)
  Time 10: (9, 7)
  Time 11: (9, 8)
  Time 12: (9, 9)
  Time 13: (10, 9)
  Time 14: (11, 9)
  Time 15: (12, 9)
  Time 16: (13, 9)
  Time 17: (14, 9)
  Time 18: (14, 10)
  Time 19: (14, 11)
  Time 20: (14, 12)
  Time 21: (14, 13)
  Time 22: (13, 13)
  Time 23: (13, 14)
  Time 24: (13, 15)
  Time 25: (14, 15)
  Time 26: (14, 16)
  Time 27: (14, 17)
  Time 28: (14, 18)
  Time 29: (15, 18)
  Time 30: (16, 18)
  Time 31: (17, 18)
  Time 32: (17, 19)
  Time 33: (17, 20)
  Time 34: (17, 21)
  Time 35: (18, 21)
  Time 36: (18, 22)
  Time 37: (19, 22)
  Time 38: (20, 22)
  Time 39: (21, 22)
  Time 40: (21, 23)
  Time 41: (21, 23)
  Time 42: (22, 23)
  Time 43: (23, 23)
  Time 44: (24, 23)
  Time 45: (25, 23)
  Time 46: (25, 22)
  Time 47: (26, 22)
  Time 48: (27, 22)
  Time 49: (27, 22)
  Time 50: (27, 22)
  Time 51: (27, 22)
  Time 52: (27, 22)
  Time 53: (27, 22)
  Time 54: (27, 22)

Agent 26 path:
  Time 0: (0, 5)
  Time 1: (1, 5)
  Time 2: (1, 6)
  Time 3: (1, 7)
  Time 4: (1, 8)
  Time 5: (1, 9)
  Time 6: (1, 10)
  Time 7: (1, 11)
  Time 8: (2, 11)
  Time 9: (3, 11)
  Time 10: (3, 11)
  Time 11: (4, 11)
  Time 12: (5, 11)
  Time 13: (5, 12)
  Time 14: (5, 13)
  Time 15: (5, 14)
  Time 16: (6, 14)
  Time 17: (7, 14)
  Time 18: (8, 14)
  Time 19: (9, 14)
  Time 20: (9, 15)
  Time 21: (9, 16)
  Time 22: (9, 17)
  Time 23: (9, 18)
  Time 24: (9, 19)
  Time 25: (10, 19)
  Time 26: (11, 19)
  Time 27: (11, 20)
  Time 28: (11, 21)
  Time 29: (11, 22)
  Time 30: (12, 22)
  Time 31: (13, 22)
  Time 32: (14, 22)
  Time 33: (15, 22)
  Time 34: (16, 22)
  Time 35: (17, 22)
  Time 36: (17, 23)
  Time 37: (18, 23)
  Time 38: (18, 24)
  Time 39: (18, 25)
  Time 40: (19, 25)
  Time 41: (19, 26)
  Time 42: (19, 27)
  Time 43: (20, 27)
  Time 44: (21, 27)
  Time 45: (22, 27)
  Time 46: (23, 27)
  Time 47: (23, 28)
  Time 48: (23, 29)
  Time 49: (23, 30)
  Time 50: (24, 30)
  Time 51: (25, 30)
  Time 52: (25, 31)
  Time 53: (25, 31)
  Time 54: (25, 31)

Agent 25 path:
  Time 0: (17, 27)
  Time 1: (16, 27)
  Time 2: (15, 27)
  Time 3: (14, 27)
  Time 4: (13, 27)
  Time 5: (12, 27)
  Time 6: (11, 27)
  Time 7: (10, 27)
  Time 8: (9, 27)
  Time 9: (10, 27)
  Time 10: (9, 27)
  Time 11: (10, 27)
  Time 12: (9, 27)
  Time 13: (10, 27)
  Time 14: (9, 27)
  Time 15: (10, 27)
  Time 16: (9, 27)
  Time 17: (10, 27)
  Time 18: (9, 27)
  Time 19: (10, 27)
  Time 20: (9, 27)
  Time 21: (10, 27)
  Time 22: (9, 27)
  Time 23: (10, 27)
  Time 24: (9, 27)
  Time 25: (10, 27)
  Time 26: (10, 27)
  Time 27: (9, 27)
  Time 28: (10, 27)
  Time 29: (10, 26)
  Time 30: (10, 25)
  Time 31: (11, 25)
  Time 32: (10, 25)
  Time 33: (10, 25)
  Time 34: (11, 25)
  Time 35: (10, 25)
  Time 36: (10, 25)
  Time 37: (9, 25)
  Time 38: (8, 25)
  Time 39: (7, 25)
  Time 40: (7, 26)
  Time 41: (6, 26)
  Time 42: (6, 27)
  Time 43: (6, 28)
  Time 44: (6, 29)
  Time 45: (6, 29)
  Time 46: (7, 29)
  Time 47: (6, 29)
  Time 48: (6, 29)
  Time 49: (6, 29)
  Time 50: (6, 29)
  Time 51: (6, 29)
  Time 52: (6, 29)
  Time 53: (6, 29)
  Time 54: (6, 29)

Agent 24 path:
  Time 0: (15, 1)
  Time 1: (14, 1)
  Time 2: (13, 1)
  Time 3: (14, 1)
  Time 4: (13, 1)
  Time 5: (14, 1)
  Time 6: (13, 1)
  Time 7: (14, 1)
  Time 8: (13, 1)
  Time 9: (13, 1)
  Time 10: (14, 1)
  Time 11: (14, 2)
  Time 12: (14, 3)
  Time 13: (15, 3)
  Time 14: (15, 2)
  Time 15: (15, 1)
  Time 16: (15, 2)
  Time 17: (16, 2)
  Time 18: (17, 2)
  Time 19: (18, 2)
  Time 20: (19, 2)
  Time 21: (19, 3)
  Time 22: (19, 4)
  Time 23: (19, 5)
  Time 24: (18, 5)
  Time 25: (18, 6)
  Time 26: (18, 7)
  Time 27: (18, 8)
  Time 28: (18, 9)
  Time 29: (18, 10)
  Time 30: (18, 11)
  Time 31: (17, 11)
  Time 32: (16, 11)
  Time 33: (15, 11)
  Time 34: (15, 10)
  Time 35: (15, 11)
  Time 36: (15, 11)
  Time 37: (14, 11)
  Time 38: (14, 12)
  Time 39: (14, 13)
  Time 40: (14, 14)
  Time 41: (14, 15)
  Time 42: (14, 16)
  Time 43: (14, 17)
  Time 44: (13, 17)
  Time 45: (13, 17)
  Time 46: (13, 17)
  Time 47: (13, 17)
  Time 48: (13, 17)
  Time 49: (13, 17)
  Time 50: (13, 17)
  Time 51: (13, 17)
  Time 52: (13, 17)
  Time 53: (13, 17)
  Time 54: (13, 17)

Agent 23 path:
  Time 0: (6, 1)
  Time 1: (5, 1)
  Time 2: (5, 2)
  Time 3: (5, 3)
  Time 4: (5, 4)
  Time 5: (5, 5)
  Time 6: (5, 6)
  Time 7: (6, 6)
  Time 8: (7, 6)
  Time 9: (8, 6)
  Time 10: (9, 6)
  Time 11: (9, 7)
  Time 12: (9, 8)
  Time 13: (9, 9)
  Time 14: (9, 10)
  Time 15: (9, 10)
  Time 16: (10, 10)
  Time 17: (11, 10)
  Time 18: (11, 11)
  Time 19: (11, 12)
  Time 20: (11, 13)
  Time 21: (11, 12)
  Time 22: (11, 12)
  Time 23: (11, 11)
  Time 24: (11, 10)
  Time 25: (11, 9)
  Time 26: (12, 9)
  Time 27: (13, 9)
  Time 28: (12, 9)
  Time 29: (13, 9)
  Time 30: (13, 8)
  Time 31: (13, 9)
  Time 32: (14, 9)
  Time 33: (13, 9)
  Time 34: (14, 9)
  Time 35: (14, 10)
  Time 36: (14, 11)
  Time 37: (14, 12)
  Time 38: (14, 13)
  Time 39: (14, 14)
  Time 40: (14, 15)
  Time 41: (14, 16)
  Time 42: (14, 17)
  Time 43: (13, 17)
  Time 44: (13, 18)
  Time 45: (13, 18)
  Time 46: (13, 18)
  Time 47: (13, 18)
  Time 48: (13, 18)
  Time 49: (13, 18)
  Time 50: (13, 18)
  Time 51: (13, 18)
  Time 52: (13, 18)
  Time 53: (13, 18)
  Time 54: (13, 18)

Agent 22 path:
  Time 0: (30, 13)
  Time 1: (31, 13)
  Time 2: (31, 14)
  Time 3: (31, 15)
  Time 4: (31, 16)
  Time 5: (31, 17)
  Time 6: (31, 18)
  Time 7: (31, 19)
  Time 8: (31, 20)
  Time 9: (31, 21)
  Time 10: (30, 21)
  Time 11: (30, 22)
  Time 12: (30, 23)
  Time 13: (29, 23)
  Time 14: (28, 23)
  Time 15: (27, 23)
  Time 16: (26, 23)
  Time 17: (25, 23)
  Time 18: (25, 24)
  Time 19: (25, 25)
  Time 20: (25, 26)
  Time 21: (25, 27)
  Time 22: (24, 27)
  Time 23: (23, 27)
  Time 24: (22, 27)
  Time 25: (21, 27)
  Time 26: (20, 27)
  Time 27: (19, 27)
  Time 28: (18, 27)
  Time 29: (17, 27)
  Time 30: (16, 27)
  Time 31: (15, 27)
  Time 32: (14, 27)
  Time 33: (13, 27)
  Time 34: (12, 27)
  Time 35: (11, 27)
  Time 36: (10, 27)
  Time 37: (9, 27)
  Time 38: (9, 26)
  Time 39: (9, 25)
  Time 40: (8, 25)
  Time 41: (7, 25)
  Time 42: (6, 25)
  Time 43: (6, 26)
  Time 44: (6, 27)
  Time 45: (6, 28)
  Time 46: (6, 29)
  Time 47: (6, 30)
  Time 48: (5, 30)
  Time 49: (4, 30)
  Time 50: (3, 30)
  Time 51: (3, 30)
  Time 52: (3, 30)
  Time 53: (3, 30)
  Time 54: (3, 30)

Agent 21 path:
  Time 0: (21, 2)
  Time 1: (20, 2)
  Time 2: (19, 2)
  Time 3: (19, 3)
  Time 4: (19, 2)
  Time 5: (18, 2)
  Time 6: (18, 1)
  Time 7: (19, 1)
  Time 8: (19, 2)
  Time 9: (19, 1)
  Time 10: (18, 1)
  Time 11: (18, 2)
  Time 12: (17, 2)
  Time 13: (16, 2)
  Time 14: (16, 2)
  Time 15: (15, 2)
  Time 16: (15, 3)
  Time 17: (14, 3)
  Time 18: (14, 3)
  Time 19: (15, 3)
  Time 20: (15, 3)
  Time 21: (15, 2)
  Time 22: (16, 2)
  Time 23: (15, 2)
  Time 24: (14, 2)
  Time 25: (14, 2)
  Time 26: (13, 2)
  Time 27: (14, 2)
  Time 28: (13, 2)
  Time 29: (14, 2)
  Time 30: (13, 2)
  Time 31: (14, 2)
  Time 32: (13, 2)
  Time 33: (14, 2)
  Time 34: (13, 2)
  Time 35: (14, 2)
  Time 36: (13, 2)
  Time 37: (14, 2)
  Time 38: (13, 2)
  Time 39: (14, 2)
  Time 40: (13, 2)
  Time 41: (14, 2)
  Time 42: (13, 2)
  Time 43: (14, 2)
  Time 44: (15, 2)
  Time 45: (15, 2)
  Time 46: (15, 2)
  Time 47: (15, 2)
  Time 48: (15, 2)
  Time 49: (15, 2)
  Time 50: (15, 2)
  Time 51: (15, 2)
  Time 52: (15, 2)
  Time 53: (15, 2)
  Time 54: (15, 2)

Agent 20 path:
  Time 0: (15, 10)
  Time 1: (14, 10)
  Time 2: (13, 10)
  Time 3: (14, 10)
  Time 4: (13, 10)
  Time 5: (14, 10)
  Time 6: (13, 10)
  Time 7: (14, 10)
  Time 8: (13, 10)
  Time 9: (13, 10)
  Time 10: (13, 10)
  Time 11: (14, 10)
  Time 12: (14, 11)
  Time 13: (14, 11)
  Time 14: (14, 11)
  Time 15: (14, 10)
  Time 16: (14, 11)
  Time 17: (13, 11)
  Time 18: (13, 10)
  Time 19: (13, 9)
  Time 20: (13, 8)
  Time 21: (13, 7)
  Time 22: (13, 8)
  Time 23: (13, 8)
  Time 24: (13, 9)
  Time 25: (13, 9)
  Time 26: (14, 9)
  Time 27: (14, 9)
  Time 28: (15, 9)
  Time 29: (15, 9)
  Time 30: (15, 10)
  Time 31: (15, 9)
  Time 32: (15, 10)
  Time 33: (14, 10)
  Time 34: (13, 10)
  Time 35: (13, 9)
  Time 36: (13, 10)
  Time 37: (14, 10)
  Time 38: (14, 11)
  Time 39: (14, 12)
  Time 40: (14, 13)
  Time 41: (13, 13)
  Time 42: (13, 14)
  Time 43: (13, 15)
  Time 44: (13, 15)
  Time 45: (13, 15)
  Time 46: (13, 15)
  Time 47: (13, 15)
  Time 48: (13, 15)
  Time 49: (13, 15)
  Time 50: (13, 15)
  Time 51: (13, 15)
  Time 52: (13, 15)
  Time 53: (13, 15)
  Time 54: (13, 15)

Agent 19 path:
  Time 0: (8, 18)
  Time 1: (7, 18)
  Time 2: (7, 19)
  Time 3: (6, 19)
  Time 4: (5, 19)
  Time 5: (5, 19)
  Time 6: (6, 19)
  Time 7: (6, 18)
  Time 8: (6, 17)
  Time 9: (5, 17)
  Time 10: (5, 17)
  Time 11: (5, 16)
  Time 12: (5, 16)
  Time 13: (5, 17)
  Time 14: (5, 17)
  Time 15: (6, 17)
  Time 16: (6, 17)
  Time 17: (5, 17)
  Time 18: (5, 16)
  Time 19: (5, 16)
  Time 20: (5, 17)
  Time 21: (5, 18)
  Time 22: (5, 19)
  Time 23: (6, 19)
  Time 24: (7, 19)
  Time 25: (7, 20)
  Time 26: (7, 21)
  Time 27: (7, 22)
  Time 28: (7, 23)
  Time 29: (8, 23)
  Time 30: (9, 23)
  Time 31: (10, 23)
  Time 32: (9, 23)
  Time 33: (8, 23)
  Time 34: (9, 23)
  Time 35: (9, 24)
  Time 36: (9, 25)
  Time 37: (9, 26)
  Time 38: (10, 26)
  Time 39: (11, 26)
  Time 40: (11, 27)
  Time 41: (12, 27)
  Time 42: (13, 27)
  Time 43: (13, 26)
  Time 44: (13, 25)
  Time 45: (13, 25)
  Time 46: (13, 25)
  Time 47: (13, 25)
  Time 48: (13, 25)
  Time 49: (13, 25)
  Time 50: (13, 25)
  Time 51: (13, 25)
  Time 52: (13, 25)
  Time 53: (13, 25)
  Time 54: (13, 25)

Agent 18 path:
  Time 0: (17, 0)
  Time 1: (17, 1)
  Time 2: (18, 1)
  Time 3: (17, 1)
  Time 4: (18, 1)
  Time 5: (17, 1)
  Time 6: (17, 1)
  Time 7: (17, 2)
  Time 8: (17, 1)
  Time 9: (17, 1)
  Time 10: (17, 1)
  Time 11: (17, 2)
  Time 12: (17, 3)
  Time 13: (17, 2)
  Time 14: (18, 2)
  Time 15: (17, 2)
  Time 16: (16, 2)
  Time 17: (17, 2)
  Time 18: (17, 1)
  Time 19: (17, 1)
  Time 20: (18, 1)
  Time 21: (17, 1)
  Time 22: (18, 1)
  Time 23: (17, 1)
  Time 24: (18, 1)
  Time 25: (17, 1)
  Time 26: (18, 1)
  Time 27: (17, 1)
  Time 28: (18, 1)
  Time 29: (17, 1)
  Time 30: (18, 1)
  Time 31: (17, 1)
  Time 32: (18, 1)
  Time 33: (17, 1)
  Time 34: (18, 1)
  Time 35: (17, 1)
  Time 36: (18, 1)
  Time 37: (17, 1)
  Time 38: (18, 1)
  Time 39: (17, 1)
  Time 40: (18, 1)
  Time 41: (17, 1)
  Time 42: (18, 1)
  Time 43: (17, 1)
  Time 44: (18, 1)
  Time 45: (18, 1)
  Time 46: (18, 1)
  Time 47: (18, 1)
  Time 48: (18, 1)
  Time 49: (18, 1)
  Time 50: (18, 1)
  Time 51: (18, 1)
  Time 52: (18, 1)
  Time 53: (18, 1)
  Time 54: (18, 1)

Agent 17 path:
  Time 0: (5, 2)
  Time 1: (5, 3)
  Time 2: (5, 4)
  Time 3: (5, 5)
  Time 4: (5, 6)
  Time 5: (5, 7)
  Time 6: (6, 7)
  Time 7: (6, 8)
  Time 8: (6, 9)
  Time 9: (5, 9)
  Time 10: (5, 10)
  Time 11: (5, 11)
  Time 12: (5, 12)
  Time 13: (5, 13)
  Time 14: (6, 13)
  Time 15: (7, 13)
  Time 16: (7, 14)
  Time 17: (8, 14)
  Time 18: (9, 14)
  Time 19: (9, 15)
  Time 20: (9, 16)
  Time 21: (9, 17)
  Time 22: (9, 18)
  Time 23: (10, 18)
  Time 24: (11, 18)
  Time 25: (12, 18)
  Time 26: (13, 18)
  Time 27: (13, 19)
  Time 28: (13, 20)
  Time 29: (13, 21)
  Time 30: (14, 21)
  Time 31: (15, 21)
  Time 32: (15, 22)
  Time 33: (16, 22)
  Time 34: (17, 22)
  Time 35: (18, 22)
  Time 36: (19, 22)
  Time 37: (20, 22)
  Time 38: (21, 22)
  Time 39: (22, 22)
  Time 40: (22, 22)
  Time 41: (23, 22)
  Time 42: (23, 23)
  Time 43: (24, 23)
  Time 44: (25, 23)
  Time 45: (25, 24)
  Time 46: (25, 25)
  Time 47: (25, 26)
  Time 48: (26, 26)
  Time 49: (26, 26)
  Time 50: (26, 26)
  Time 51: (26, 26)
  Time 52: (26, 26)
  Time 53: (26, 26)
  Time 54: (26, 26)

Agent 16 path:
  Time 0: (13, 11)
  Time 1: (14, 11)
  Time 2: (13, 11)
  Time 3: (14, 11)
  Time 4: (13, 11)
  Time 5: (14, 11)
  Time 6: (13, 11)
  Time 7: (14, 11)
  Time 8: (13, 11)
  Time 9: (13, 11)
  Time 10: (13, 11)
  Time 11: (14, 11)
  Time 12: (13, 11)
  Time 13: (13, 10)
  Time 14: (13, 9)
  Time 15: (13, 10)
  Time 16: (13, 11)
  Time 17: (13, 10)
  Time 18: (13, 9)
  Time 19: (14, 9)
  Time 20: (14, 10)
  Time 21: (15, 10)
  Time 22: (15, 9)
  Time 23: (14, 9)
  Time 24: (15, 9)
  Time 25: (14, 9)
  Time 26: (14, 10)
  Time 27: (13, 10)
  Time 28: (13, 9)
  Time 29: (13, 8)
  Time 30: (13, 7)
  Time 31: (14, 7)
  Time 32: (14, 7)
  Time 33: (15, 7)
  Time 34: (15, 6)
  Time 35: (15, 5)
  Time 36: (14, 5)
  Time 37: (14, 5)
  Time 38: (14, 6)
  Time 39: (14, 7)
  Time 40: (13, 7)
  Time 41: (14, 7)
  Time 42: (15, 7)
  Time 43: (15, 6)
  Time 44: (16, 6)
  Time 45: (16, 6)
  Time 46: (16, 6)
  Time 47: (16, 6)
  Time 48: (16, 6)
  Time 49: (16, 6)
  Time 50: (16, 6)
  Time 51: (16, 6)
  Time 52: (16, 6)
  Time 53: (16, 6)
  Time 54: (16, 6)

Agent 15 path:
  Time 0: (10, 23)
  Time 1: (10, 22)
  Time 2: (11, 22)
  Time 3: (12, 22)
  Time 4: (13, 22)
  Time 5: (13, 21)
  Time 6: (13, 20)
  Time 7: (13, 19)
  Time 8: (14, 19)
  Time 9: (14, 18)
  Time 10: (14, 17)
  Time 11: (14, 16)
  Time 12: (14, 15)
  Time 13: (15, 15)
  Time 14: (15, 14)
  Time 15: (15, 13)
  Time 16: (14, 13)
  Time 17: (14, 12)
  Time 18: (14, 11)
  Time 19: (15, 11)
  Time 20: (16, 11)
  Time 21: (15, 11)
  Time 22: (14, 11)
  Time 23: (15, 11)
  Time 24: (16, 11)
  Time 25: (17, 11)
  Time 26: (18, 11)
  Time 27: (19, 11)
  Time 28: (19, 10)
  Time 29: (19, 9)
  Time 30: (20, 9)
  Time 31: (21, 9)
  Time 32: (21, 10)
  Time 33: (21, 9)
  Time 34: (21, 8)
  Time 35: (21, 7)
  Time 36: (21, 6)
  Time 37: (21, 5)
  Time 38: (22, 5)
  Time 39: (22, 4)
  Time 40: (22, 3)
  Time 41: (22, 2)
  Time 42: (23, 2)
  Time 43: (23, 1)
  Time 44: (23, 0)
  Time 45: (23, 0)
  Time 46: (23, 0)
  Time 47: (23, 0)
  Time 48: (23, 0)
  Time 49: (23, 0)
  Time 50: (23, 0)
  Time 51: (23, 0)
  Time 52: (23, 0)
  Time 53: (23, 0)
  Time 54: (23, 0)

Agent 14 path:
  Time 0: (5, 6)
  Time 1: (6, 6)
  Time 2: (6, 7)
  Time 3: (6, 8)
  Time 4: (6, 9)
  Time 5: (6, 10)
  Time 6: (5, 10)
  Time 7: (5, 11)
  Time 8: (5, 12)
  Time 9: (5, 13)
  Time 10: (6, 13)
  Time 11: (7, 13)
  Time 12: (7, 14)
  Time 13: (8, 14)
  Time 14: (9, 14)
  Time 15: (9, 15)
  Time 16: (9, 16)
  Time 17: (9, 17)
  Time 18: (9, 18)
  Time 19: (10, 18)
  Time 20: (11, 18)
  Time 21: (12, 18)
  Time 22: (13, 18)
  Time 23: (13, 19)
  Time 24: (13, 20)
  Time 25: (13, 21)
  Time 26: (14, 21)
  Time 27: (15, 21)
  Time 28: (15, 22)
  Time 29: (16, 22)
  Time 30: (17, 22)
  Time 31: (18, 22)
  Time 32: (19, 22)
  Time 33: (19, 22)
  Time 34: (20, 22)
  Time 35: (21, 22)
  Time 36: (21, 23)
  Time 37: (22, 23)
  Time 38: (23, 23)
  Time 39: (24, 23)
  Time 40: (25, 23)
  Time 41: (26, 23)
  Time 42: (27, 23)
  Time 43: (28, 23)
  Time 44: (29, 23)
  Time 45: (30, 23)
  Time 46: (31, 23)
  Time 47: (31, 23)
  Time 48: (31, 23)
  Time 49: (31, 23)
  Time 50: (31, 23)
  Time 51: (31, 23)
  Time 52: (31, 23)
  Time 53: (31, 23)
  Time 54: (31, 23)

Agent 13 path:
  Time 0: (13, 21)
  Time 1: (14, 21)
  Time 2: (15, 21)
  Time 3: (15, 22)
  Time 4: (16, 22)
  Time 5: (17, 22)
  Time 6: (17, 21)
  Time 7: (17, 20)
  Time 8: (17, 19)
  Time 9: (17, 18)
  Time 10: (17, 19)
  Time 11: (17, 20)
  Time 12: (17, 19)
  Time 13: (17, 18)
  Time 14: (17, 18)
  Time 15: (17, 19)
  Time 16: (17, 18)
  Time 17: (18, 18)
  Time 18: (18, 19)
  Time 19: (19, 19)
  Time 20: (19, 18)
  Time 21: (18, 18)
  Time 22: (17, 18)
  Time 23: (18, 18)
  Time 24: (18, 18)
  Time 25: (18, 18)
  Time 26: (18, 18)
  Time 27: (18, 19)
  Time 28: (17, 19)
  Time 29: (17, 20)
  Time 30: (17, 21)
  Time 31: (18, 21)
  Time 32: (18, 21)
  Time 33: (18, 22)
  Time 34: (18, 23)
  Time 35: (18, 24)
  Time 36: (18, 25)
  Time 37: (18, 26)
  Time 38: (18, 27)
  Time 39: (18, 28)
  Time 40: (18, 29)
  Time 41: (19, 29)
  Time 42: (19, 30)
  Time 43: (19, 31)
  Time 44: (20, 31)
  Time 45: (20, 31)
  Time 46: (20, 31)
  Time 47: (20, 31)
  Time 48: (20, 31)
  Time 49: (20, 31)
  Time 50: (20, 31)
  Time 51: (20, 31)
  Time 52: (20, 31)
  Time 53: (20, 31)
  Time 54: (20, 31)

Agent 12 path:
  Time 0: (15, 19)
  Time 1: (14, 19)
  Time 2: (13, 19)
  Time 3: (14, 19)
  Time 4: (13, 19)
  Time 5: (14, 19)
  Time 6: (13, 19)
  Time 7: (14, 19)
  Time 8: (15, 19)
  Time 9: (14, 19)
  Time 10: (13, 19)
  Time 11: (14, 19)
  Time 12: (13, 19)
  Time 13: (13, 20)
  Time 14: (13, 21)
  Time 15: (14, 21)
  Time 16: (14, 22)
  Time 17: (15, 22)
  Time 18: (15, 23)
  Time 19: (14, 23)
  Time 20: (13, 23)
  Time 21: (14, 23)
  Time 22: (13, 23)
  Time 23: (14, 23)
  Time 24: (15, 23)
  Time 25: (14, 23)
  Time 26: (14, 23)
  Time 27: (13, 23)
  Time 28: (14, 23)
  Time 29: (14, 23)
  Time 30: (15, 23)
  Time 31: (14, 23)
  Time 32: (14, 23)
  Time 33: (15, 23)
  Time 34: (15, 22)
  Time 35: (16, 22)
  Time 36: (17, 22)
  Time 37: (17, 23)
  Time 38: (18, 23)
  Time 39: (18, 24)
  Time 40: (18, 25)
  Time 41: (18, 26)
  Time 42: (18, 27)
  Time 43: (19, 27)
  Time 44: (20, 27)
  Time 45: (20, 27)
  Time 46: (20, 27)
  Time 47: (20, 27)
  Time 48: (20, 27)
  Time 49: (20, 27)
  Time 50: (20, 27)
  Time 51: (20, 27)
  Time 52: (20, 27)
  Time 53: (20, 27)
  Time 54: (20, 27)

Agent 11 path:
  Time 0: (23, 25)
  Time 1: (22, 25)
  Time 2: (21, 25)
  Time 3: (21, 26)
  Time 4: (21, 27)
  Time 5: (20, 27)
  Time 6: (19, 27)
  Time 7: (18, 27)
  Time 8: (18, 26)
  Time 9: (18, 25)
  Time 10: (18, 24)
  Time 11: (18, 23)
  Time 12: (17, 23)
  Time 13: (17, 22)
  Time 14: (17, 21)
  Time 15: (17, 20)
  Time 16: (17, 19)
  Time 17: (17, 18)
  Time 18: (16, 18)
  Time 19: (15, 18)
  Time 20: (15, 17)
  Time 21: (14, 17)
  Time 22: (14, 16)
  Time 23: (14, 15)
  Time 24: (14, 14)
  Time 25: (14, 13)
  Time 26: (14, 12)
  Time 27: (14, 11)
  Time 28: (13, 11)
  Time 29: (13, 10)
  Time 30: (13, 9)
  Time 31: (12, 9)
  Time 32: (11, 9)
  Time 33: (10, 9)
  Time 34: (9, 9)
  Time 35: (9, 8)
  Time 36: (9, 7)
  Time 37: (9, 6)
  Time 38: (8, 6)
  Time 39: (7, 6)
  Time 40: (6, 6)
  Time 41: (5, 6)
  Time 42: (5, 5)
  Time 43: (5, 4)
  Time 44: (5, 3)
  Time 45: (4, 3)
  Time 46: (3, 3)
  Time 47: (3, 2)
  Time 48: (2, 2)
  Time 49: (2, 1)
  Time 50: (1, 1)
  Time 51: (1, 1)
  Time 52: (1, 1)
  Time 53: (1, 1)
  Time 54: (1, 1)

Agent 10 path:
  Time 0: (11, 29)
  Time 1: (10, 29)
  Time 2: (9, 29)
  Time 3: (10, 29)
  Time 4: (9, 29)
  Time 5: (10, 29)
  Time 6: (9, 29)
  Time 7: (10, 29)
  Time 8: (9, 29)
  Time 9: (10, 29)
  Time 10: (9, 29)
  Time 11: (10, 29)
  Time 12: (9, 29)
  Time 13: (10, 29)
  Time 14: (9, 29)
  Time 15: (10, 29)
  Time 16: (9, 29)
  Time 17: (10, 29)
  Time 18: (9, 29)
  Time 19: (10, 29)
  Time 20: (9, 29)
  Time 21: (10, 29)
  Time 22: (9, 29)
  Time 23: (10, 29)
  Time 24: (9, 29)
  Time 25: (10, 29)
  Time 26: (9, 29)
  Time 27: (10, 29)
  Time 28: (9, 29)
  Time 29: (9, 30)
  Time 30: (9, 29)
  Time 31: (10, 29)
  Time 32: (9, 29)
  Time 33: (10, 29)
  Time 34: (9, 29)
  Time 35: (10, 29)
  Time 36: (9, 29)
  Time 37: (10, 29)
  Time 38: (9, 29)
  Time 39: (10, 29)
  Time 40: (9, 29)
  Time 41: (10, 29)
  Time 42: (11, 29)
  Time 43: (11, 30)
  Time 44: (11, 31)
  Time 45: (11, 31)
  Time 46: (11, 31)
  Time 47: (11, 31)
  Time 48: (11, 31)
  Time 49: (11, 31)
  Time 50: (11, 31)
  Time 51: (11, 31)
  Time 52: (11, 31)
  Time 53: (11, 31)
  Time 54: (11, 31)

Agent 9 path:
  Time 0: (1, 25)
  Time 1: (0, 25)
  Time 2: (1, 25)
  Time 3: (0, 25)
  Time 4: (1, 25)
  Time 5: (0, 25)
  Time 6: (1, 25)
  Time 7: (0, 25)
  Time 8: (1, 25)
  Time 9: (0, 25)
  Time 10: (1, 25)
  Time 11: (0, 25)
  Time 12: (1, 25)
  Time 13: (0, 25)
  Time 14: (1, 25)
  Time 15: (0, 25)
  Time 16: (1, 25)
  Time 17: (0, 25)
  Time 18: (1, 25)
  Time 19: (0, 25)
  Time 20: (1, 25)
  Time 21: (0, 25)
  Time 22: (1, 25)
  Time 23: (0, 25)
  Time 24: (1, 25)
  Time 25: (0, 25)
  Time 26: (1, 25)
  Time 27: (0, 25)
  Time 28: (1, 25)
  Time 29: (0, 25)
  Time 30: (1, 25)
  Time 31: (0, 25)
  Time 32: (1, 25)
  Time 33: (0, 25)
  Time 34: (1, 25)
  Time 35: (0, 25)
  Time 36: (1, 25)
  Time 37: (2, 25)
  Time 38: (2, 26)
  Time 39: (2, 27)
  Time 40: (2, 28)
  Time 41: (2, 29)
  Time 42: (1, 29)
  Time 43: (0, 29)
  Time 44: (1, 29)
  Time 45: (1, 29)
  Time 46: (1, 29)
  Time 47: (1, 29)
  Time 48: (1, 29)
  Time 49: (1, 29)
  Time 50: (1, 29)
  Time 51: (1, 29)
  Time 52: (1, 29)
  Time 53: (1, 29)
  Time 54: (1, 29)

Agent 8 path:
  Time 0: (6, 15)
  Time 1: (5, 15)
  Time 2: (5, 15)
  Time 3: (5, 16)
  Time 4: (5, 17)
  Time 5: (6, 17)
  Time 6: (5, 17)
  Time 7: (5, 18)
  Time 8: (5, 19)
  Time 9: (6, 19)
  Time 10: (5, 19)
  Time 11: (5, 18)
  Time 12: (5, 17)
  Time 13: (6, 17)
  Time 14: (6, 18)
  Time 15: (6, 18)
  Time 16: (7, 18)
  Time 17: (7, 18)
  Time 18: (7, 19)
  Time 19: (7, 20)
  Time 20: (7, 21)
  Time 21: (7, 22)
  Time 22: (7, 23)
  Time 23: (8, 23)
  Time 24: (8, 23)
  Time 25: (8, 23)
  Time 26: (9, 23)
  Time 27: (9, 24)
  Time 28: (9, 25)
  Time 29: (9, 25)
  Time 30: (9, 26)
  Time 31: (9, 25)
  Time 32: (9, 26)
  Time 33: (9, 25)
  Time 34: (8, 25)
  Time 35: (7, 25)
  Time 36: (6, 25)
  Time 37: (6, 26)
  Time 38: (6, 27)
  Time 39: (6, 28)
  Time 40: (6, 29)
  Time 41: (5, 29)
  Time 42: (5, 30)
  Time 43: (5, 31)
  Time 44: (5, 31)
  Time 45: (5, 31)
  Time 46: (5, 31)
  Time 47: (5, 31)
  Time 48: (5, 31)
  Time 49: (5, 31)
  Time 50: (5, 31)
  Time 51: (5, 31)
  Time 52: (5, 31)
  Time 53: (5, 31)
  Time 54: (5, 31)

Agent 7 path:
  Time 0: (26, 18)
  Time 1: (26, 18)
  Time 2: (27, 18)
  Time 3: (28, 18)
  Time 4: (29, 18)
  Time 5: (29, 19)
  Time 6: (30, 19)
  Time 7: (30, 19)
  Time 8: (31, 19)
  Time 9: (31, 20)
  Time 10: (31, 20)
  Time 11: (31, 19)
  Time 12: (31, 19)
  Time 13: (31, 18)
  Time 14: (31, 17)
  Time 15: (31, 16)
  Time 16: (31, 17)
  Time 17: (31, 18)
  Time 18: (30, 18)
  Time 19: (29, 18)
  Time 20: (28, 18)
  Time 21: (29, 18)
  Time 22: (30, 18)
  Time 23: (30, 17)
  Time 24: (31, 17)
  Time 25: (30, 17)
  Time 26: (30, 18)
  Time 27: (30, 19)
  Time 28: (30, 18)
  Time 29: (30, 17)
  Time 30: (29, 17)
  Time 31: (29, 17)
  Time 32: (29, 18)
  Time 33: (28, 18)
  Time 34: (27, 18)
  Time 35: (27, 19)
  Time 36: (26, 19)
  Time 37: (26, 20)
  Time 38: (26, 21)
  Time 39: (26, 22)
  Time 40: (25, 22)
  Time 41: (25, 23)
  Time 42: (25, 24)
  Time 43: (25, 25)
  Time 44: (25, 26)
  Time 45: (25, 26)
  Time 46: (25, 26)
  Time 47: (25, 27)
  Time 48: (25, 26)
  Time 49: (25, 26)
  Time 50: (25, 26)
  Time 51: (25, 26)
  Time 52: (25, 26)
  Time 53: (25, 26)
  Time 54: (25, 26)

Agent 6 path:
  Time 0: (14, 26)
  Time 1: (13, 26)
  Time 2: (14, 26)
  Time 3: (13, 26)
  Time 4: (14, 26)
  Time 5: (13, 26)
  Time 6: (14, 26)
  Time 7: (13, 26)
  Time 8: (14, 26)
  Time 9: (13, 26)
  Time 10: (14, 26)
  Time 11: (13, 26)
  Time 12: (14, 26)
  Time 13: (13, 26)
  Time 14: (14, 26)
  Time 15: (13, 26)
  Time 16: (14, 26)
  Time 17: (13, 26)
  Time 18: (14, 26)
  Time 19: (13, 26)
  Time 20: (14, 26)
  Time 21: (13, 26)
  Time 22: (14, 26)
  Time 23: (13, 26)
  Time 24: (14, 26)
  Time 25: (13, 26)
  Time 26: (14, 26)
  Time 27: (13, 26)
  Time 28: (14, 26)
  Time 29: (13, 26)
  Time 30: (14, 26)
  Time 31: (15, 26)
  Time 32: (15, 27)
  Time 33: (15, 27)
  Time 34: (15, 27)
  Time 35: (15, 27)
  Time 36: (16, 27)
  Time 37: (17, 27)
  Time 38: (17, 26)
  Time 39: (17, 25)
  Time 40: (17, 25)
  Time 41: (18, 25)
  Time 42: (18, 24)
  Time 43: (18, 25)
  Time 44: (19, 25)
  Time 45: (19, 25)
  Time 46: (19, 25)
  Time 47: (19, 25)
  Time 48: (19, 25)
  Time 49: (19, 25)
  Time 50: (19, 25)
  Time 51: (19, 25)
  Time 52: (19, 25)
  Time 53: (19, 25)
  Time 54: (19, 25)

Agent 5 path:
  Time 0: (9, 11)
  Time 1: (10, 11)
  Time 2: (11, 11)
  Time 3: (11, 12)
  Time 4: (11, 13)
  Time 5: (11, 14)
  Time 6: (11, 15)
  Time 7: (10, 15)
  Time 8: (9, 15)
  Time 9: (9, 16)
  Time 10: (9, 17)
  Time 11: (9, 18)
  Time 12: (10, 18)
  Time 13: (11, 18)
  Time 14: (12, 18)
  Time 15: (13, 18)
  Time 16: (13, 19)
  Time 17: (13, 20)
  Time 18: (13, 21)
  Time 19: (14, 21)
  Time 20: (15, 21)
  Time 21: (15, 22)
  Time 22: (16, 22)
  Time 23: (16, 22)
  Time 24: (17, 22)
  Time 25: (17, 23)
  Time 26: (18, 23)
  Time 27: (18, 24)
  Time 28: (18, 25)
  Time 29: (18, 26)
  Time 30: (19, 26)
  Time 31: (19, 27)
  Time 32: (20, 27)
  Time 33: (21, 27)
  Time 34: (22, 27)
  Time 35: (23, 27)
  Time 36: (23, 28)
  Time 37: (23, 29)
  Time 38: (23, 30)
  Time 39: (24, 30)
  Time 40: (25, 30)
  Time 41: (26, 30)
  Time 42: (27, 30)
  Time 43: (27, 31)
  Time 44: (28, 31)
  Time 45: (29, 31)
  Time 46: (29, 30)
  Time 47: (29, 29)
  Time 48: (29, 29)
  Time 49: (29, 29)
  Time 50: (29, 29)
  Time 51: (29, 29)
  Time 52: (29, 29)
  Time 53: (29, 29)
  Time 54: (29, 29)

Agent 4 path:
  Time 0: (3, 24)
  Time 1: (3, 25)
  Time 2: (3, 26)
  Time 3: (3, 27)
  Time 4: (4, 27)
  Time 5: (5, 27)
  Time 6: (6, 27)
  Time 7: (7, 27)
  Time 8: (7, 26)
  Time 9: (7, 25)
  Time 10: (8, 25)
  Time 11: (9, 25)
  Time 12: (9, 24)
  Time 13: (9, 23)
  Time 14: (10, 23)
  Time 15: (11, 23)
  Time 16: (11, 22)
  Time 17: (12, 22)
  Time 18: (13, 22)
  Time 19: (14, 22)
  Time 20: (15, 22)
  Time 21: (16, 22)
  Time 22: (17, 22)
  Time 23: (18, 22)
  Time 24: (19, 22)
  Time 25: (20, 22)
  Time 26: (21, 22)
  Time 27: (21, 21)
  Time 28: (21, 20)
  Time 29: (21, 19)
  Time 30: (21, 18)
  Time 31: (21, 17)
  Time 32: (21, 17)
  Time 33: (21, 17)
  Time 34: (22, 17)
  Time 35: (22, 17)
  Time 36: (22, 16)
  Time 37: (22, 15)
  Time 38: (22, 14)
  Time 39: (22, 13)
  Time 40: (23, 13)
  Time 41: (23, 12)
  Time 42: (23, 11)
  Time 43: (22, 11)
  Time 44: (21, 11)
  Time 45: (21, 11)
  Time 46: (21, 11)
  Time 47: (21, 11)
  Time 48: (21, 11)
  Time 49: (21, 11)
  Time 50: (21, 11)
  Time 51: (21, 11)
  Time 52: (21, 11)
  Time 53: (21, 11)
  Time 54: (21, 11)

Agent 3 path:
  Time 0: (13, 15)
  Time 1: (14, 15)
  Time 2: (14, 16)
  Time 3: (14, 17)
  Time 4: (13, 17)
  Time 5: (13, 18)
  Time 6: (13, 17)
  Time 7: (14, 17)
  Time 8: (14, 18)
  Time 9: (13, 18)
  Time 10: (13, 18)
  Time 11: (13, 19)
  Time 12: (13, 20)
  Time 13: (13, 21)
  Time 14: (13, 22)
  Time 15: (13, 21)
  Time 16: (14, 21)
  Time 17: (15, 21)
  Time 18: (15, 22)
  Time 19: (15, 22)
  Time 20: (15, 23)
  Time 21: (15, 23)
  Time 22: (15, 23)
  Time 23: (15, 22)
  Time 24: (16, 22)
  Time 25: (15, 22)
  Time 26: (16, 22)
  Time 27: (17, 22)
  Time 28: (17, 23)
  Time 29: (17, 23)
  Time 30: (18, 23)
  Time 31: (19, 23)
  Time 32: (19, 23)
  Time 33: (18, 23)
  Time 34: (18, 24)
  Time 35: (18, 25)
  Time 36: (18, 26)
  Time 37: (18, 27)
  Time 38: (17, 27)
  Time 39: (16, 27)
  Time 40: (15, 27)
  Time 41: (14, 27)
  Time 42: (14, 28)
  Time 43: (14, 29)
  Time 44: (14, 30)
  Time 45: (14, 30)
  Time 46: (14, 30)
  Time 47: (14, 30)
  Time 48: (14, 30)
  Time 49: (14, 30)
  Time 50: (14, 30)
  Time 51: (14, 30)
  Time 52: (14, 30)
  Time 53: (14, 30)
  Time 54: (14, 30)

Agent 2 path:
  Time 0: (6, 17)
  Time 1: (6, 18)
  Time 2: (6, 19)
  Time 3: (5, 19)
  Time 4: (5, 18)
  Time 5: (5, 17)
  Time 6: (5, 16)
  Time 7: (5, 16)
  Time 8: (5, 16)
  Time 9: (5, 15)
  Time 10: (5, 14)
  Time 11: (4, 14)
  Time 12: (5, 14)
  Time 13: (5, 14)
  Time 14: (4, 14)
  Time 15: (3, 14)
  Time 16: (2, 14)
  Time 17: (2, 15)
  Time 18: (2, 16)
  Time 19: (2, 17)
  Time 20: (1, 17)
  Time 21: (1, 17)
  Time 22: (1, 17)
  Time 23: (1, 17)
  Time 24: (1, 17)
  Time 25: (1, 17)
  Time 26: (1, 17)
  Time 27: (1, 17)
  Time 28: (1, 17)
  Time 29: (1, 17)
  Time 30: (1, 17)
  Time 31: (1, 17)
  Time 32: (1, 17)
  Time 33: (1, 17)
  Time 34: (1, 17)
  Time 35: (1, 17)
  Time 36: (1, 17)
  Time 37: (1, 17)
  Time 38: (1, 17)
  Time 39: (1, 17)
  Time 40: (1, 17)
  Time 41: (1, 17)
  Time 42: (1, 17)
  Time 43: (1, 17)
  Time 44: (1, 17)
  Time 45: (1, 17)
  Time 46: (1, 17)
  Time 47: (1, 17)
  Time 48: (1, 17)
  Time 49: (1, 17)
  Time 50: (1, 17)
  Time 51: (1, 17)
  Time 52: (1, 17)
  Time 53: (1, 17)
  Time 54: (1, 17)

Agent 1 path:
  Time 0: (22, 31)
  Time 1: (22, 30)
  Time 2: (22, 29)
  Time 3: (23, 29)
  Time 4: (23, 28)
  Time 5: (23, 27)
  Time 6: (24, 27)
  Time 7: (25, 27)
  Time 8: (25, 26)
  Time 9: (25, 26)
  Time 10: (25, 25)
  Time 11: (25, 24)
  Time 12: (25, 24)
  Time 13: (25, 23)
  Time 14: (25, 23)
  Time 15: (26, 23)
  Time 16: (26, 22)
  Time 17: (26, 22)
  Time 18: (26, 21)
  Time 19: (26, 20)
  Time 20: (26, 19)
  Time 21: (25, 19)
  Time 22: (25, 18)
  Time 23: (25, 17)
  Time 24: (24, 17)
  Time 25: (23, 17)
  Time 26: (22, 17)
  Time 27: (22, 16)
  Time 28: (22, 15)
  Time 29: (23, 15)
  Time 30: (23, 14)
  Time 31: (23, 13)
  Time 32: (23, 12)
  Time 33: (23, 11)
  Time 34: (23, 10)
  Time 35: (22, 10)
  Time 36: (21, 10)
  Time 37: (21, 9)
  Time 38: (21, 8)
  Time 39: (21, 7)
  Time 40: (22, 7)
  Time 41: (23, 7)
  Time 42: (23, 6)
  Time 43: (23, 5)
  Time 44: (23, 5)
  Time 45: (23, 5)
  Time 46: (23, 5)
  Time 47: (23, 5)
  Time 48: (23, 5)
  Time 49: (23, 5)
  Time 50: (23, 5)
  Time 51: (23, 5)
  Time 52: (23, 5)
  Time 53: (23, 5)
  Time 54: (23, 5)

Agent 0 path:
  Time 0: (1, 9)
  Time 1: (2, 9)
  Time 2: (3, 9)
  Time 3: (3, 10)
  Time 4: (3, 11)
  Time 5: (4, 11)
  Time 6: (5, 11)
  Time 7: (5, 12)
  Time 8: (5, 13)
  Time 9: (6, 13)
  Time 10: (6, 14)
  Time 11: (7, 14)
  Time 12: (8, 14)
  Time 13: (9, 14)
  Time 14: (9, 15)
  Time 15: (9, 16)
  Time 16: (9, 17)
  Time 17: (10, 17)
  Time 18: (11, 17)
  Time 19: (11, 18)
  Time 20: (12, 18)
  Time 21: (13, 18)
  Time 22: (13, 19)
  Time 23: (13, 20)
  Time 24: (13, 21)
  Time 25: (14, 21)
  Time 26: (15, 21)
  Time 27: (15, 22)
  Time 28: (16, 22)
  Time 29: (17, 22)
  Time 30: (18, 22)
  Time 31: (18, 23)
  Time 32: (18, 24)
  Time 33: (18, 25)
  Time 34: (19, 25)
  Time 35: (19, 26)
  Time 36: (19, 27)
  Time 37: (20, 27)
  Time 38: (21, 27)
  Time 39: (22, 27)
  Time 40: (23, 27)
  Time 41: (23, 28)
  Time 42: (23, 29)
  Time 43: (22, 29)
  Time 44: (21, 29)
  Time 45: (21, 29)
  Time 46: (21, 29)
  Time 47: (21, 29)
  Time 48: (21, 29)
  Time 49: (21, 29)
  Time 50: (21, 29)
  Time 51: (21, 29)
  Time 52: (21, 29)
  Time 53: (21, 29)
  Time 54: (21, 29)

[LNS] All conflicts resolved
[LNS] Collision-free solution found at makespan 54
[LNS] Final agent paths:
[LNS] Verified Final agent paths:
[LNS] IT WORKED I THINK

# Run 1 | scenario="/home/max/Documents/PhD/MAPF/LNS/MAPF_LNS_SAT/mapf-scen-even/scen-even/room-32-32-4-even-1.scen" | scenario_index=1
# Command: /home/max/Documents/PhD/MAPF/LNS/MAPF_LNS_SAT/lns_clean/main_clean_lns /home/max/Documents/PhD/MAPF/LNS/MAPF_LNS_SAT/mapf-map/room-32-32-4.map /home/max/Documents/PhD/MAPF/LNS/MAPF_LNS_SAT/mapf-scen-even/scen-even/room-32-32-4-even-1.scen 50 1 minisat 42
# Remaining time budget: 118 seconds
[LNS] Loaded map 32x32, agents: 50
[LNS] Map:
@@@.@.@@@.@@@.@@@.@@@.@@@.@@@.@@
@...@.......@...@.......@...@...
@...@...@...@.......@...@.......
....@...@.......@...@.......@...
@@@.@@.@@@@.@@.@@@@@@@@@@@@.@@.@
@.......@...........@...@...@...
....@.......@...@...@...@.......
@...@...@...@...@.......@...@...
@@@@@@.@@@@@@@.@@@.@@@@.@.@@@@@.
....@.......@.......@.......@...
@.......@...@...@...@...@.......
@...@...@.......@.......@...@...
@@@@@.@@@.@@@@@@@@.@@@.@@@@.@@@.
@...@.......@...@.......@...@...
@...@...@...........@...@.......
....@...@...@...@...@...@...@...
@@.@@@.@@@@.@@@@@@.@@@.@@@@.@@@.
....@...@...@...@.......@...@...
@...@.......@.......@...........
@.......@...@...@...@...@...@...
@@.@@@@@@.@@@@@@@@@@@@.@@@@.@@@.
@...@.......@...@.......@...@...
@.......@...@.......@...@...@...
....@...@.......@...@...@.......
@.@@@@@@@@@.@@@.@.@@@@@.@@@.@@.@
@...@...@...@...@...@.......@...
........@...@...@.......@...@...
@...@...@...........@...@...@...
@@@.@@@@@@.@@@@@@@.@@@@.@@@.@@@.
....@...@...@...@...@...@...@...
@...........@...@...@...@...@...
@...@...@...@...................
[LNS] Number of agents: 50
[LNS] Agents (start -> goal):
  Agent 0: (9,30) -> (21,25)
  Agent 1: (19,25) -> (21,31)
  Agent 2: (25,21) -> (30,2)
  Agent 3: (2,25) -> (1,9)
  Agent 4: (30,6) -> (7,15)
  Agent 5: (16,18) -> (6,19)
  Agent 6: (31,13) -> (2,19)
  Agent 7: (2,17) -> (30,14)
  Agent 8: (30,29) -> (31,31)
  Agent 9: (29,10) -> (6,17)
  Agent 10: (29,14) -> (3,18)
  Agent 11: (6,23) -> (2,31)
  Agent 12: (2,22) -> (30,15)
  Agent 13: (2,5) -> (29,15)
  Agent 14: (27,11) -> (19,6)
  Agent 15: (6,11) -> (29,9)
  Agent 16: (5,15) -> (6,0)
  Agent 17: (9,9) -> (22,10)
  Agent 18: (27,5) -> (22,17)
  Agent 19: (1,13) -> (2,3)
  Agent 20: (9,24) -> (11,27)
  Agent 21: (27,9) -> (28,31)
  Agent 22: (27,29) -> (3,3)
  Agent 23: (21,20) -> (19,27)
  Agent 24: (18,26) -> (17,5)
  Agent 25: (26,31) -> (3,7)
  Agent 26: (23,15) -> (1,20)
  Agent 27: (9,29) -> (30,11)
  Agent 28: (15,30) -> (27,2)
  Agent 29: (14,6) -> (9,13)
  Agent 30: (31,28) -> (0,5)
  Agent 31: (0,29) -> (5,12)
  Agent 32: (28,3) -> (1,23)
  Agent 33: (8,6) -> (3,31)
  Agent 34: (19,19) -> (3,11)
  Agent 35: (25,5) -> (13,30)
  Agent 36: (24,30) -> (31,30)
  Agent 37: (26,25) -> (9,16)
  Agent 38: (13,30) -> (26,18)
  Agent 39: (31,17) -> (26,10)
  Agent 40: (12,9) -> (6,30)
  Agent 41: (14,9) -> (10,14)
  Agent 42: (1,17) -> (19,18)
  Agent 43: (27,18) -> (5,9)
  Agent 44: (24,15) -> (6,28)
  Agent 45: (29,13) -> (0,17)
  Agent 46: (29,6) -> (21,1)
  Agent 47: (19,14) -> (17,14)
  Agent 48: (12,27) -> (6,2)
  Agent 49: (26,11) -> (18,19)
[LNS] Base makespan: 55

[LNS] === Attempt with max_timesteps=55 ===
[SAT] Creating MDDs with shortest paths + waiting time...
[SAT] Created 50 MDDs with waiting time structure
[LNS] Built MDDs with waiting time structure for 50 agents at makespan 55
[Current_Solution] Calculating waiting times for agents...
[Current_Solution] Agent 49 reaches goal at t=24, waiting time=31
[Current_Solution] Agent 48 reaches goal at t=35, waiting time=20
[Current_Solution] Agent 47 reaches goal at t=2, waiting time=53
[Current_Solution] Agent 46 reaches goal at t=15, waiting time=40
[Current_Solution] Agent 45 reaches goal at t=55, waiting time=0
[Current_Solution] Agent 44 reaches goal at t=31, waiting time=24
[Current_Solution] Agent 43 reaches goal at t=39, waiting time=16
[Current_Solution] Agent 42 reaches goal at t=25, waiting time=30
[Current_Solution] Agent 41 reaches goal at t=9, waiting time=46
[Current_Solution] Agent 40 reaches goal at t=31, waiting time=24
[Current_Solution] Agent 39 reaches goal at t=14, waiting time=41
[Current_Solution] Agent 38 reaches goal at t=25, waiting time=30
[Current_Solution] Agent 37 reaches goal at t=26, waiting time=29
[Current_Solution] Agent 36 reaches goal at t=9, waiting time=46
[Current_Solution] Agent 35 reaches goal at t=51, waiting time=4
[Current_Solution] Agent 34 reaches goal at t=24, waiting time=31
[Current_Solution] Agent 33 reaches goal at t=36, waiting time=19
[Current_Solution] Agent 32 reaches goal at t=51, waiting time=4
[Current_Solution] Agent 31 reaches goal at t=26, waiting time=29
[Current_Solution] Agent 30 reaches goal at t=54, waiting time=1
[Current_Solution] Agent 29 reaches goal at t=12, waiting time=43
[Current_Solution] Agent 28 reaches goal at t=48, waiting time=7
[Current_Solution] Agent 27 reaches goal at t=41, waiting time=14
[Current_Solution] Agent 26 reaches goal at t=41, waiting time=14
[Current_Solution] Agent 25 reaches goal at t=49, waiting time=6
[Current_Solution] Agent 24 reaches goal at t=30, waiting time=25
[Current_Solution] Agent 23 reaches goal at t=11, waiting time=44
[Current_Solution] Agent 22 reaches goal at t=52, waiting time=3
[Current_Solution] Agent 21 reaches goal at t=29, waiting time=26
[Current_Solution] Agent 20 reaches goal at t=5, waiting time=50
[Current_Solution] Agent 19 reaches goal at t=19, waiting time=36
[Current_Solution] Agent 18 reaches goal at t=29, waiting time=26
[Current_Solution] Agent 17 reaches goal at t=18, waiting time=37
[Current_Solution] Agent 16 reaches goal at t=18, waiting time=37
[Current_Solution] Agent 15 reaches goal at t=37, waiting time=18
[Current_Solution] Agent 14 reaches goal at t=15, waiting time=40
[Current_Solution] Agent 13 reaches goal at t=49, waiting time=6
[Current_Solution] Agent 12 reaches goal at t=49, waiting time=6
[Current_Solution] Agent 11 reaches goal at t=18, waiting time=37
[Current_Solution] Agent 10 reaches goal at t=54, waiting time=1
[Current_Solution] Agent 9 reaches goal at t=36, waiting time=19
[Current_Solution] Agent 8 reaches goal at t=3, waiting time=52
[Current_Solution] Agent 7 reaches goal at t=51, waiting time=4
[Current_Solution] Agent 6 reaches goal at t=53, waiting time=2
[Current_Solution] Agent 5 reaches goal at t=11, waiting time=44
[Current_Solution] Agent 4 reaches goal at t=40, waiting time=15
[Current_Solution] Agent 3 reaches goal at t=23, waiting time=32
[Current_Solution] Agent 2 reaches goal at t=24, waiting time=31
[Current_Solution] Agent 1 reaches goal at t=10, waiting time=45
[Current_Solution] Agent 0 reaches goal at t=17, waiting time=38
[Current_Solution] Waiting time calculation complete
[LNS] Created current solution with 50 agent paths on a map of size 32x32
[LNS] Analyzing conflicts...
[LNS] Current solution: vertex collisions=115, edge collisions=20
[LNS] Creating conflict buckets...
[LOCAL ZONE] Building diamond bucket for conflict 0
[LOCAL ZONE] Built diamond bucket for conflict 0 with 9 positions, 3 conflicts, 1 - 3 time window
[LOCAL ZONE] Building diamond bucket for conflict 1
[LOCAL ZONE] Built diamond bucket for conflict 1 with 5 positions, 1 conflicts, 1 - 1 time window
[LOCAL ZONE] Building diamond bucket for conflict 115
[LOCAL ZONE] Built diamond bucket for conflict 115 with 8 positions, 2 conflicts, 1 - 2 time window
[LNS] Selected most relevant bucket 0 with time window: 1 - 3, 3 conflicts and 9 positions.
[LNS] Solving the best bucket Local Zone...
[Solve_local_zone] Current local zone size: 9 (1.31965% of all walkable positions)
[Solve_local_zone] Local zone time window: [0, 4]
[Create_Local_problem] Agent 32 returned to the zone 1 times within time window
[Waiting_time_Solve] Agent 0 has waiting time 38
[Waiting_time_Solve] Agent 1 has waiting time 45
[Waiting_time_Solve] Agent 2 has waiting time 31
[Waiting_time_Solve] Agent 3 has waiting time 32
[Waiting_time_Solve] Agent 4 has waiting time 15
[Waiting_time_Solve] Agent 5 has waiting time 44
[Waiting_time_Solve] Agent 6 has waiting time 2
[Waiting_time_Solve] Agent 7 has waiting time 4
[Waiting_time_Solve] Agent 8 has waiting time 52
[Waiting_time_Solve] Agent 9 has waiting time 19
[Waiting_time_Solve] Agent 10 has waiting time 1
[Waiting_time_Solve] Agent 11 has waiting time 37
[Waiting_time_Solve] Agent 12 has waiting time 6
[Waiting_time_Solve] Agent 13 has waiting time 6
[Waiting_time_Solve] Agent 14 has waiting time 40
[Waiting_time_Solve] Agent 15 has waiting time 18
[Waiting_time_Solve] Agent 16 has waiting time 37
[Waiting_time_Solve] Agent 17 has waiting time 37
[Waiting_time_Solve] Agent 18 has waiting time 26
[Waiting_time_Solve] Agent 19 has waiting time 36
[Waiting_time_Solve] Agent 20 has waiting time 50
[Waiting_time_Solve] Agent 21 has waiting time 26
[Waiting_time_Solve] Agent 22 has waiting time 3
[Waiting_time_Solve] Agent 23 has waiting time 44
[Waiting_time_Solve] Agent 24 has waiting time 25
[Waiting_time_Solve] Agent 25 has waiting time 6
[Waiting_time_Solve] Agent 26 has waiting time 14
[Waiting_time_Solve] Agent 27 has waiting time 14
[Waiting_time_Solve] Agent 28 has waiting time 7
[Waiting_time_Solve] Agent 29 has waiting time 43
[Waiting_time_Solve] Agent 30 has waiting time 1
[Waiting_time_Solve] Agent 31 has waiting time 29
[Waiting_time_Solve] Agent 32 has waiting time 4
[Waiting_time_Solve] Agent 33 has waiting time 19
[Waiting_time_Solve] Agent 34 has waiting time 31
[Waiting_time_Solve] Agent 35 has waiting time 4
[Waiting_time_Solve] Agent 36 has waiting time 46
[Waiting_time_Solve] Agent 37 has waiting time 29
[Waiting_time_Solve] Agent 38 has waiting time 30
[Waiting_time_Solve] Agent 39 has waiting time 41
[Waiting_time_Solve] Agent 40 has waiting time 24
[Waiting_time_Solve] Agent 41 has waiting time 46
[Waiting_time_Solve] Agent 42 has waiting time 30
[Waiting_time_Solve] Agent 43 has waiting time 16
[Waiting_time_Solve] Agent 44 has waiting time 24
[Waiting_time_Solve] Agent 45 has waiting time 0
[Waiting_time_Solve] Agent 46 has waiting time 40
[Waiting_time_Solve] Agent 47 has waiting time 53
[Waiting_time_Solve] Agent 48 has waiting time 20
[Waiting_time_Solve] Agent 49 has waiting time 31
[Waiting_time_Solve] Total available waiting time: 1276
[Waiting_time_Solve] Max iterations: 1276
[Waiting_time_Solve] Iteration 0...
[Waiting_time_Solve] Agent 32 pseudo agents: 50 
[SAT] Start solving CNF: 20 clauses and 12 variables
[SAT] Agent 35 entry time: 0 exit time: 4
[SAT] Agent 50 entry time: 3 exit time: 3
[SAT] Agent 32 entry time: 1 exit time: 1
[SAT] Agent 18 entry time: 0 exit time: 4

[SAT] Start time: 0 End time: 4

[SAT] Solving local zone with SAT iteration 1...
[SAT] Local CNF: 20 clauses 

DEBUG: Adding 20 new clauses to MiniSAT (incremental run)
DEBUG: Clause load summary: input=20, added=20, tautologies_skipped=0, duplicates_skipped=0, unit_clauses=12, empties=0, intra_clause_literals_removed=0, added_but_db_unchanged=8
DEBUG: After adding clauses, solver has 0 clauses and 12 variables
DEBUG: MiniSAT found 12 variables
DEBUG: Assignment size: 12
DEBUG: First few assignment values: 1 1 1 1 1 1 1 1 1 1 

=== DEBUG: cnf_assignment_to_paths ===
Input assignment size: 12

=== END DEBUG ===
[SAT] Found 3 vertex collisions and 0 edge collisions
[SAT] Adding collision clauses and solving again...
[SAT] Solving local zone with SAT iteration 2...
[SAT] Local CNF: 23 clauses 

DEBUG: Adding 3 new clauses to MiniSAT (incremental run)
[SAT] Previous assignment invalidated by new clauses, reset solver and retrying without assumptions...
DEBUG: Adding 23 new clauses to MiniSAT (incremental run)
[SAT] Local problem appears to be unsatisfiable in current zone
[Waiting_time_Solve] No solution found, trying to apply waiting time:1
[Waiting_time_Solve] Applying waiting time 1 to agent 18 who has waiting time 26
[Waiting_time_Solve] New path is consistent after applying waiting time for agent 18
[Current_Solution] Agent 18 used 1 waiting timesteps, 25 remaining
[Waiting_time_Solve] Applied 1 waiting time  for agent 18 who has waiting time 25
[Waiting_time_Solve] ALL Waiting time applied
[Waiting_time_Solve] Extended Zone end time from 4 to 5
[Waiting_time_Solve] Iteration 1...
[Waiting_time_Solve] Agent 32 pseudo agents: 50 
[SAT] Start solving CNF: 30 clauses and 17 variables
[SAT] Agent 35 entry time: 0 exit time: 4
[SAT] Agent 50 entry time: 3 exit time: 3
[SAT] Agent 32 entry time: 1 exit time: 1
[SAT] Agent 18 entry time: 0 exit time: 5

[SAT] Start time: 0 End time: 5

[SAT] Solving local zone with SAT iteration 1...
[SAT] Local CNF: 33 clauses 

DEBUG: Adding 33 new clauses to MiniSAT (incremental run)
DEBUG: Clause load summary: input=33, added=33, tautologies_skipped=0, duplicates_skipped=0, unit_clauses=9, empties=0, intra_clause_literals_removed=0, added_but_db_unchanged=9
DEBUG: After adding clauses, solver has 15 clauses and 17 variables
DEBUG: MiniSAT found 17 variables
DEBUG: Assignment size: 17
DEBUG: First few assignment values: 1 1 1 1 1 1 1 1 0 1 

=== DEBUG: cnf_assignment_to_paths ===
Input assignment size: 17

=== END DEBUG ===
[SAT] Found 0 vertex collisions and 0 edge collisions
[SAT] Found collision-free local solution!
[Waiting_time_Solve] Solution found, updating global solution
[LNS] Updating global solution with pseudo-agent local paths...
[Current_Solution] Updating global solution for agent 35
[Current_Solution] Global solution is consistent after updating with local path
[LNS] Successfully updated global solution with pseudo-agent local paths!
[Current_Solution] Updating global solution for agent 32
[Current_Solution] Global solution is consistent after updating with local path
[Current_Solution] Global solution is consistent after updating with local path
[LNS] Successfully updated global solution with pseudo-agent local paths!
[Current_Solution] Updating global solution for agent 18
[Current_Solution] INFO: Segment 18 exit adjusted from 4 to 5 due to waiting time
[Current_Solution] Segment 18 lengthened by 1 timesteps; shifting suffix
[Current_Solution] Global solution is consistent before shifting suffix
[Current_Solution] Global solution is consistent after shifting suffix
[Current_Solution] Global solution is consistent after updating with local path
[LNS] Successfully updated global solution with pseudo-agent local paths!
[LNS] Updating path map with new local paths...
[LNS] Successfully updated global solution with local paths and pseudo agents!
[Solve_local_zone] Successfully solved local zone
[Solve_local_zone] Final local zone size: 9 (1.31965% of all walkable positions)
[LNS] Successfully solved local zone
[LNS] Analyzing conflicts...
[LNS] Current solution: vertex collisions=95, edge collisions=20
[LNS] Creating conflict buckets...
[LOCAL ZONE] Building diamond bucket for conflict 0
[LOCAL ZONE] Built diamond bucket for conflict 0 with 5 positions, 1 conflicts, 1 - 1 time window
[LOCAL ZONE] Building diamond bucket for conflict 95
[LOCAL ZONE] Built diamond bucket for conflict 95 with 8 positions, 2 conflicts, 1 - 2 time window
[LNS] Selected most relevant bucket 2 with time window: 1 - 2, 2 conflicts and 8 positions.
[LNS] Solving the best bucket Local Zone...
[Solve_local_zone] Current local zone size: 8 (1.17302% of all walkable positions)
[Solve_local_zone] Local zone time window: [0, 3]
[Waiting_time_Solve] Agent 0 has waiting time 38
[Waiting_time_Solve] Agent 1 has waiting time 45
[Waiting_time_Solve] Agent 2 has waiting time 31
[Waiting_time_Solve] Agent 3 has waiting time 32
[Waiting_time_Solve] Agent 4 has waiting time 15
[Waiting_time_Solve] Agent 5 has waiting time 44
[Waiting_time_Solve] Agent 6 has waiting time 2
[Waiting_time_Solve] Agent 7 has waiting time 4
[Waiting_time_Solve] Agent 8 has waiting time 52
[Waiting_time_Solve] Agent 9 has waiting time 19
[Waiting_time_Solve] Agent 10 has waiting time 1
[Waiting_time_Solve] Agent 11 has waiting time 37
[Waiting_time_Solve] Agent 12 has waiting time 6
[Waiting_time_Solve] Agent 13 has waiting time 6
[Waiting_time_Solve] Agent 14 has waiting time 40
[Waiting_time_Solve] Agent 15 has waiting time 18
[Waiting_time_Solve] Agent 16 has waiting time 37
[Waiting_time_Solve] Agent 17 has waiting time 37
[Waiting_time_Solve] Agent 18 has waiting time 25
[Waiting_time_Solve] Agent 19 has waiting time 36
[Waiting_time_Solve] Agent 20 has waiting time 50
[Waiting_time_Solve] Agent 21 has waiting time 26
[Waiting_time_Solve] Agent 22 has waiting time 3
[Waiting_time_Solve] Agent 23 has waiting time 44
[Waiting_time_Solve] Agent 24 has waiting time 25
[Waiting_time_Solve] Agent 25 has waiting time 6
[Waiting_time_Solve] Agent 26 has waiting time 14
[Waiting_time_Solve] Agent 27 has waiting time 14
[Waiting_time_Solve] Agent 28 has waiting time 7
[Waiting_time_Solve] Agent 29 has waiting time 43
[Waiting_time_Solve] Agent 30 has waiting time 1
[Waiting_time_Solve] Agent 31 has waiting time 29
[Waiting_time_Solve] Agent 32 has waiting time 4
[Waiting_time_Solve] Agent 33 has waiting time 19
[Waiting_time_Solve] Agent 34 has waiting time 31
[Waiting_time_Solve] Agent 35 has waiting time 4
[Waiting_time_Solve] Agent 36 has waiting time 46
[Waiting_time_Solve] Agent 37 has waiting time 29
[Waiting_time_Solve] Agent 38 has waiting time 30
[Waiting_time_Solve] Agent 39 has waiting time 41
[Waiting_time_Solve] Agent 40 has waiting time 24
[Waiting_time_Solve] Agent 41 has waiting time 46
[Waiting_time_Solve] Agent 42 has waiting time 30
[Waiting_time_Solve] Agent 43 has waiting time 16
[Waiting_time_Solve] Agent 44 has waiting time 24
[Waiting_time_Solve] Agent 45 has waiting time 0
[Waiting_time_Solve] Agent 46 has waiting time 40
[Waiting_time_Solve] Agent 47 has waiting time 53
[Waiting_time_Solve] Agent 48 has waiting time 20
[Waiting_time_Solve] Agent 49 has waiting time 31
[Waiting_time_Solve] Total available waiting time: 1275
[Waiting_time_Solve] Max iterations: 1275
[Waiting_time_Solve] Iteration 0...
[SAT] Start solving CNF: 23 clauses and 13 variables
[SAT] Agent 36 entry time: 0 exit time: 3
[SAT] Agent 25 entry time: 0 exit time: 3
[SAT] Agent 22 entry time: 1 exit time: 3

[SAT] Start time: 0 End time: 3

[SAT] Solving local zone with SAT iteration 1...
[SAT] Local CNF: 23 clauses 

DEBUG: Adding 23 new clauses to MiniSAT (incremental run)
DEBUG: Clause load summary: input=23, added=23, tautologies_skipped=0, duplicates_skipped=0, unit_clauses=9, empties=0, intra_clause_literals_removed=0, added_but_db_unchanged=8
DEBUG: After adding clauses, solver has 6 clauses and 13 variables
DEBUG: MiniSAT found 13 variables
DEBUG: Assignment size: 13
DEBUG: First few assignment values: 1 1 0 1 1 1 1 0 1 1 

=== DEBUG: cnf_assignment_to_paths ===
Input assignment size: 13

=== END DEBUG ===
[SAT] Found 0 vertex collisions and 1 edge collisions
[SAT] Adding collision clauses and solving again...
[SAT] Solving local zone with SAT iteration 2...
[SAT] Local CNF: 24 clauses 

DEBUG: Adding 1 new clauses to MiniSAT (incremental run)
DEBUG: Clause load summary: input=1, added=1, tautologies_skipped=0, duplicates_skipped=0, unit_clauses=0, empties=0, intra_clause_literals_removed=0, added_but_db_unchanged=0
DEBUG: After adding clauses, solver has 7 clauses and 13 variables
DEBUG: MiniSAT found 13 variables
DEBUG: Assignment size: 13
DEBUG: First few assignment values: 1 1 1 0 1 1 1 0 1 1 

=== DEBUG: cnf_assignment_to_paths ===
Input assignment size: 13

=== END DEBUG ===
[SAT] Found 1 vertex collisions and 0 edge collisions
[SAT] Adding collision clauses and solving again...
[SAT] Solving local zone with SAT iteration 3...
[SAT] Local CNF: 25 clauses 

DEBUG: Adding 1 new clauses to MiniSAT (incremental run)
DEBUG: Clause load summary: input=1, added=1, tautologies_skipped=0, duplicates_skipped=0, unit_clauses=0, empties=0, intra_clause_literals_removed=0, added_but_db_unchanged=1
DEBUG: After adding clauses, solver has 7 clauses and 13 variables
DEBUG: MiniSAT found 13 variables
DEBUG: Assignment size: 13
DEBUG: First few assignment values: 1 1 0 1 1 1 0 1 1 1 

=== DEBUG: cnf_assignment_to_paths ===
Input assignment size: 13

=== END DEBUG ===
[SAT] Found 0 vertex collisions and 0 edge collisions
[SAT] Found collision-free local solution!
[Waiting_time_Solve] Solution found, updating global solution
[LNS] Updating global solution with pseudo-agent local paths...
[Current_Solution] Updating global solution for agent 36
[Current_Solution] Global solution is consistent after updating with local path
[LNS] Successfully updated global solution with pseudo-agent local paths!
[Current_Solution] Updating global solution for agent 25
[Current_Solution] Global solution is consistent after updating with local path
[LNS] Successfully updated global solution with pseudo-agent local paths!
[Current_Solution] Updating global solution for agent 22
[Current_Solution] Global solution is consistent after updating with local path
[LNS] Successfully updated global solution with pseudo-agent local paths!
[LNS] Updating path map with new local paths...
[LNS] Successfully updated global solution with local paths and pseudo agents!
[Solve_local_zone] Successfully solved local zone
[Solve_local_zone] Final local zone size: 8 (1.17302% of all walkable positions)
[LNS] Successfully solved local zone
[LNS] Analyzing conflicts...
[LNS] Current solution: vertex collisions=94, edge collisions=19
[LNS] Creating conflict buckets...
[LOCAL ZONE] Building diamond bucket for conflict 0
[LOCAL ZONE] Built diamond bucket for conflict 0 with 5 positions, 1 conflicts, 1 - 1 time window
[LNS] Selected most relevant bucket 0 with time window: 1 - 1, 1 conflicts and 5 positions.
[LNS] Solving the best bucket Local Zone...
[Solve_local_zone] Current local zone size: 5 (0.733138% of all walkable positions)
[Solve_local_zone] Local zone time window: [0, 2]
[Waiting_time_Solve] Agent 0 has waiting time 38
[Waiting_time_Solve] Agent 1 has waiting time 45
[Waiting_time_Solve] Agent 2 has waiting time 31
[Waiting_time_Solve] Agent 3 has waiting time 32
[Waiting_time_Solve] Agent 4 has waiting time 15
[Waiting_time_Solve] Agent 5 has waiting time 44
[Waiting_time_Solve] Agent 6 has waiting time 2
[Waiting_time_Solve] Agent 7 has waiting time 4
[Waiting_time_Solve] Agent 8 has waiting time 52
[Waiting_time_Solve] Agent 9 has waiting time 19
[Waiting_time_Solve] Agent 10 has waiting time 1
[Waiting_time_Solve] Agent 11 has waiting time 37
[Waiting_time_Solve] Agent 12 has waiting time 6
[Waiting_time_Solve] Agent 13 has waiting time 6
[Waiting_time_Solve] Agent 14 has waiting time 40
[Waiting_time_Solve] Agent 15 has waiting time 18
[Waiting_time_Solve] Agent 16 has waiting time 37
[Waiting_time_Solve] Agent 17 has waiting time 37
[Waiting_time_Solve] Agent 18 has waiting time 25
[Waiting_time_Solve] Agent 19 has waiting time 36
[Waiting_time_Solve] Agent 20 has waiting time 50
[Waiting_time_Solve] Agent 21 has waiting time 26
[Waiting_time_Solve] Agent 22 has waiting time 3
[Waiting_time_Solve] Agent 23 has waiting time 44
[Waiting_time_Solve] Agent 24 has waiting time 25
[Waiting_time_Solve] Agent 25 has waiting time 6
[Waiting_time_Solve] Agent 26 has waiting time 14
[Waiting_time_Solve] Agent 27 has waiting time 14
[Waiting_time_Solve] Agent 28 has waiting time 7
[Waiting_time_Solve] Agent 29 has waiting time 43
[Waiting_time_Solve] Agent 30 has waiting time 1
[Waiting_time_Solve] Agent 31 has waiting time 29
[Waiting_time_Solve] Agent 32 has waiting time 4
[Waiting_time_Solve] Agent 33 has waiting time 19
[Waiting_time_Solve] Agent 34 has waiting time 31
[Waiting_time_Solve] Agent 35 has waiting time 4
[Waiting_time_Solve] Agent 36 has waiting time 46
[Waiting_time_Solve] Agent 37 has waiting time 29
[Waiting_time_Solve] Agent 38 has waiting time 30
[Waiting_time_Solve] Agent 39 has waiting time 41
[Waiting_time_Solve] Agent 40 has waiting time 24
[Waiting_time_Solve] Agent 41 has waiting time 46
[Waiting_time_Solve] Agent 42 has waiting time 30
[Waiting_time_Solve] Agent 43 has waiting time 16
[Waiting_time_Solve] Agent 44 has waiting time 24
[Waiting_time_Solve] Agent 45 has waiting time 0
[Waiting_time_Solve] Agent 46 has waiting time 40
[Waiting_time_Solve] Agent 47 has waiting time 53
[Waiting_time_Solve] Agent 48 has waiting time 20
[Waiting_time_Solve] Agent 49 has waiting time 31
[Waiting_time_Solve] Total available waiting time: 1275
[Waiting_time_Solve] Max iterations: 1275
[Waiting_time_Solve] Iteration 0...
[SAT] Start solving CNF: 10 clauses and 6 variables
[SAT] Agent 24 entry time: 0 exit time: 2
[SAT] Agent 1 entry time: 0 exit time: 2

[SAT] Start time: 0 End time: 2

[SAT] Solving local zone with SAT iteration 1...
[SAT] Local CNF: 10 clauses 

DEBUG: Adding 10 new clauses to MiniSAT (incremental run)
DEBUG: Clause load summary: input=10, added=10, tautologies_skipped=0, duplicates_skipped=0, unit_clauses=6, empties=0, intra_clause_literals_removed=0, added_but_db_unchanged=4
DEBUG: After adding clauses, solver has 0 clauses and 6 variables
DEBUG: MiniSAT found 6 variables
DEBUG: Assignment size: 6
DEBUG: First few assignment values: 1 1 1 1 1 1 

=== DEBUG: cnf_assignment_to_paths ===
Input assignment size: 6

=== END DEBUG ===
[SAT] Found 1 vertex collisions and 0 edge collisions
[SAT] Adding collision clauses and solving again...
[SAT] Solving local zone with SAT iteration 2...
[SAT] Local CNF: 11 clauses 

DEBUG: Adding 1 new clauses to MiniSAT (incremental run)
[SAT] Previous assignment invalidated by new clauses, reset solver and retrying without assumptions...
DEBUG: Adding 11 new clauses to MiniSAT (incremental run)
[SAT] Local problem appears to be unsatisfiable in current zone
[Waiting_time_Solve] No solution found, trying to apply waiting time:1
[Waiting_time_Solve] Applying waiting time 1 to agent 1 who has waiting time 45
[Waiting_time_Solve] New path is consistent after applying waiting time for agent 1
[Current_Solution] Agent 1 used 1 waiting timesteps, 44 remaining
[Waiting_time_Solve] Applied 1 waiting time  for agent 1 who has waiting time 44
[Waiting_time_Solve] ALL Waiting time applied
[Waiting_time_Solve] Extended Zone end time from 2 to 3
[Waiting_time_Solve] Iteration 1...
[SAT] Start solving CNF: 16 clauses and 9 variables
[SAT] Agent 24 entry time: 0 exit time: 2
[SAT] Agent 1 entry time: 0 exit time: 3

[SAT] Start time: 0 End time: 3

[SAT] Solving local zone with SAT iteration 1...
[SAT] Local CNF: 17 clauses 

DEBUG: Adding 17 new clauses to MiniSAT (incremental run)
DEBUG: Clause load summary: input=17, added=17, tautologies_skipped=0, duplicates_skipped=0, unit_clauses=5, empties=0, intra_clause_literals_removed=0, added_but_db_unchanged=5
DEBUG: After adding clauses, solver has 7 clauses and 9 variables
DEBUG: MiniSAT found 9 variables
DEBUG: Assignment size: 9
DEBUG: First few assignment values: 1 1 1 1 0 1 0 1 1 

=== DEBUG: cnf_assignment_to_paths ===
Input assignment size: 9

=== END DEBUG ===
[SAT] Found 0 vertex collisions and 0 edge collisions
[SAT] Found collision-free local solution!
[Waiting_time_Solve] Solution found, updating global solution
[LNS] Updating global solution with pseudo-agent local paths...
[Current_Solution] Updating global solution for agent 24
[Current_Solution] Global solution is consistent after updating with local path
[LNS] Successfully updated global solution with pseudo-agent local paths!
[Current_Solution] Updating global solution for agent 1
[Current_Solution] INFO: Segment 1 exit adjusted from 2 to 3 due to waiting time
[Current_Solution] Segment 1 lengthened by 1 timesteps; shifting suffix
[Current_Solution] Global solution is consistent before shifting suffix
[Current_Solution] Global solution is consistent after shifting suffix
[Current_Solution] Global solution is consistent after updating with local path
[LNS] Successfully updated global solution with pseudo-agent local paths!
[LNS] Updating path map with new local paths...
[LNS] Successfully updated global solution with local paths and pseudo agents!
[Solve_local_zone] Successfully solved local zone
[Solve_local_zone] Final local zone size: 5 (0.733138% of all walkable positions)
[LNS] Successfully solved local zone
[LNS] Analyzing conflicts...
[LNS] Current solution: vertex collisions=93, edge collisions=19
[LNS] Creating conflict buckets...
[LOCAL ZONE] Building diamond bucket for conflict 0
[LOCAL ZONE] Built diamond bucket for conflict 0 with 14 positions, 6 conflicts, 2 - 7 time window
[LOCAL ZONE] Building diamond bucket for conflict 93
[LOCAL ZONE] Built diamond bucket for conflict 93 with 8 positions, 1 conflicts, 2 - 2 time window
[LOCAL ZONE] Building diamond bucket for conflict 94
[LOCAL ZONE] Built diamond bucket for conflict 94 with 7 positions, 1 conflicts, 2 - 2 time window
[LNS] Selected most relevant bucket 0 with time window: 2 - 7, 6 conflicts and 14 positions.
[LNS] Solving the best bucket Local Zone...
[Solve_local_zone] Current local zone size: 14 (2.05279% of all walkable positions)
[Solve_local_zone] Local zone time window: [1, 8]
[Waiting_time_Solve] Agent 0 has waiting time 38
[Waiting_time_Solve] Agent 1 has waiting time 44
[Waiting_time_Solve] Agent 2 has waiting time 31
[Waiting_time_Solve] Agent 3 has waiting time 32
[Waiting_time_Solve] Agent 4 has waiting time 15
[Waiting_time_Solve] Agent 5 has waiting time 44
[Waiting_time_Solve] Agent 6 has waiting time 2
[Waiting_time_Solve] Agent 7 has waiting time 4
[Waiting_time_Solve] Agent 8 has waiting time 52
[Waiting_time_Solve] Agent 9 has waiting time 19
[Waiting_time_Solve] Agent 10 has waiting time 1
[Waiting_time_Solve] Agent 11 has waiting time 37
[Waiting_time_Solve] Agent 12 has waiting time 6
[Waiting_time_Solve] Agent 13 has waiting time 6
[Waiting_time_Solve] Agent 14 has waiting time 40
[Waiting_time_Solve] Agent 15 has waiting time 18
[Waiting_time_Solve] Agent 16 has waiting time 37
[Waiting_time_Solve] Agent 17 has waiting time 37
[Waiting_time_Solve] Agent 18 has waiting time 25
[Waiting_time_Solve] Agent 19 has waiting time 36
[Waiting_time_Solve] Agent 20 has waiting time 50
[Waiting_time_Solve] Agent 21 has waiting time 26
[Waiting_time_Solve] Agent 22 has waiting time 3
[Waiting_time_Solve] Agent 23 has waiting time 44
[Waiting_time_Solve] Agent 24 has waiting time 25
[Waiting_time_Solve] Agent 25 has waiting time 6
[Waiting_time_Solve] Agent 26 has waiting time 14
[Waiting_time_Solve] Agent 27 has waiting time 14
[Waiting_time_Solve] Agent 28 has waiting time 7
[Waiting_time_Solve] Agent 29 has waiting time 43
[Waiting_time_Solve] Agent 30 has waiting time 1
[Waiting_time_Solve] Agent 31 has waiting time 29
[Waiting_time_Solve] Agent 32 has waiting time 4
[Waiting_time_Solve] Agent 33 has waiting time 19
[Waiting_time_Solve] Agent 34 has waiting time 31
[Waiting_time_Solve] Agent 35 has waiting time 4
[Waiting_time_Solve] Agent 36 has waiting time 46
[Waiting_time_Solve] Agent 37 has waiting time 29
[Waiting_time_Solve] Agent 38 has waiting time 30
[Waiting_time_Solve] Agent 39 has waiting time 41
[Waiting_time_Solve] Agent 40 has waiting time 24
[Waiting_time_Solve] Agent 41 has waiting time 46
[Waiting_time_Solve] Agent 42 has waiting time 30
[Waiting_time_Solve] Agent 43 has waiting time 16
[Waiting_time_Solve] Agent 44 has waiting time 24
[Waiting_time_Solve] Agent 45 has waiting time 0
[Waiting_time_Solve] Agent 46 has waiting time 40
[Waiting_time_Solve] Agent 47 has waiting time 53
[Waiting_time_Solve] Agent 48 has waiting time 20
[Waiting_time_Solve] Agent 49 has waiting time 31
[Waiting_time_Solve] Total available waiting time: 1274
[Waiting_time_Solve] Max iterations: 1274
[Waiting_time_Solve] Iteration 0...
[SAT] Start solving CNF: 39 clauses and 22 variables
[SAT] Agent 38 entry time: 1 exit time: 8
[SAT] Agent 28 entry time: 1 exit time: 8
[SAT] Agent 27 entry time: 6 exit time: 8
[SAT] Agent 1 entry time: 4 exit time: 4
[SAT] Agent 0 entry time: 7 exit time: 8

[SAT] Start time: 1 End time: 8

[SAT] Solving local zone with SAT iteration 1...
[SAT] Local CNF: 39 clauses 

DEBUG: Adding 39 new clauses to MiniSAT (incremental run)
DEBUG: Clause load summary: input=39, added=39, tautologies_skipped=0, duplicates_skipped=0, unit_clauses=22, empties=0, intra_clause_literals_removed=0, added_but_db_unchanged=17
DEBUG: After adding clauses, solver has 0 clauses and 22 variables
DEBUG: MiniSAT found 22 variables
DEBUG: Assignment size: 22
DEBUG: First few assignment values: 1 1 1 1 1 1 1 1 1 1 

=== DEBUG: cnf_assignment_to_paths ===
Input assignment size: 22

=== END DEBUG ===
[SAT] Found 6 vertex collisions and 0 edge collisions
[SAT] Adding collision clauses and solving again...
[SAT] Solving local zone with SAT iteration 2...
[SAT] Local CNF: 45 clauses 

DEBUG: Adding 6 new clauses to MiniSAT (incremental run)
[SAT] Local problem appears to be unsatisfiable in current zone
[Waiting_time_Solve] No solution found, trying to apply waiting time:1
[Waiting_time_Solve] Applying waiting time 1 to agent 38 who has waiting time 30
[Waiting_time_Solve] New path is consistent after applying waiting time for agent 38
[Current_Solution] Agent 38 used 1 waiting timesteps, 29 remaining
[Waiting_time_Solve] Applied 1 waiting time  for agent 38 who has waiting time 29
[Waiting_time_Solve] ALL Waiting time applied
[Waiting_time_Solve] Extended Zone end time from 8 to 9
[Waiting_time_Solve] Iteration 1...
[SAT] Start solving CNF: 59 clauses and 32 variables
[SAT] Agent 38 entry time: 1 exit time: 9
[SAT] Agent 28 entry time: 1 exit time: 8
[SAT] Agent 27 entry time: 6 exit time: 9
[SAT] Agent 1 entry time: 4 exit time: 4
[SAT] Agent 0 entry time: 7 exit time: 9

[SAT] Start time: 1 End time: 9

[SAT] Solving local zone with SAT iteration 1...
[SAT] Local CNF: 65 clauses 

DEBUG: Adding 65 new clauses to MiniSAT (incremental run)
DEBUG: Clause load summary: input=65, added=65, tautologies_skipped=0, duplicates_skipped=0, unit_clauses=18, empties=0, intra_clause_literals_removed=0, added_but_db_unchanged=20
DEBUG: After adding clauses, solver has 27 clauses and 32 variables
DEBUG: MiniSAT found 32 variables
DEBUG: Assignment size: 32
DEBUG: First few assignment values: 1 0 1 0 1 0 1 0 1 0 

=== DEBUG: cnf_assignment_to_paths ===
Input assignment size: 32

=== END DEBUG ===
[SAT] Found 0 vertex collisions and 0 edge collisions
[SAT] Found collision-free local solution!
[Waiting_time_Solve] Solution found, updating global solution
[LNS] Updating global solution with pseudo-agent local paths...
[Current_Solution] Updating global solution for agent 38
[Current_Solution] INFO: Segment 38 exit adjusted from 8 to 9 due to waiting time
[Current_Solution] Segment 38 lengthened by 1 timesteps; shifting suffix
[Current_Solution] Global solution is consistent before shifting suffix
[Current_Solution] Global solution is consistent after shifting suffix
[Current_Solution] Global solution is consistent after updating with local path
[LNS] Successfully updated global solution with pseudo-agent local paths!
[Current_Solution] Updating global solution for agent 28
[Current_Solution] Global solution is consistent after updating with local path
[LNS] Successfully updated global solution with pseudo-agent local paths!
[Current_Solution] Updating global solution for agent 27
[Current_Solution] INFO: Segment 27 exit adjusted from 8 to 9 due to waiting time
[Current_Solution] Segment 27 lengthened by 1 timesteps; shifting suffix
[Current_Solution] Global solution is consistent before shifting suffix
[Current_Solution] Global solution is consistent after shifting suffix
[Current_Solution] Global solution is consistent after updating with local path
[LNS] Successfully updated global solution with pseudo-agent local paths!
[Current_Solution] Updating global solution for agent 1
[Current_Solution] Global solution is consistent after updating with local path
[LNS] Successfully updated global solution with pseudo-agent local paths!
[Current_Solution] Updating global solution for agent 0
[Current_Solution] INFO: Segment 0 exit adjusted from 8 to 9 due to waiting time
[Current_Solution] Segment 0 lengthened by 1 timesteps; shifting suffix
[Current_Solution] Global solution is consistent before shifting suffix
[Current_Solution] Global solution is consistent after shifting suffix
[Current_Solution] Global solution is consistent after updating with local path
[LNS] Successfully updated global solution with pseudo-agent local paths!
[LNS] Updating path map with new local paths...
[LNS] Successfully updated global solution with local paths and pseudo agents!
[Solve_local_zone] Successfully solved local zone
[Solve_local_zone] Final local zone size: 14 (2.05279% of all walkable positions)
[LNS] Successfully solved local zone
[LNS] Analyzing conflicts...
[LNS] Current solution: vertex collisions=87, edge collisions=19
[LNS] Creating conflict buckets...
[LOCAL ZONE] Building diamond bucket for conflict 87
[LOCAL ZONE] Built diamond bucket for conflict 87 with 8 positions, 1 conflicts, 2 - 2 time window
[LOCAL ZONE] Building diamond bucket for conflict 88
[LOCAL ZONE] Built diamond bucket for conflict 88 with 7 positions, 1 conflicts, 2 - 2 time window
[LNS] Selected most relevant bucket 87 with time window: 2 - 2, 1 conflicts and 8 positions.
[LNS] Solving the best bucket Local Zone...
[Solve_local_zone] Current local zone size: 8 (1.17302% of all walkable positions)
[Solve_local_zone] Local zone time window: [1, 3]
[Waiting_time_Solve] Agent 0 has waiting time 38
[Waiting_time_Solve] Agent 1 has waiting time 44
[Waiting_time_Solve] Agent 2 has waiting time 31
[Waiting_time_Solve] Agent 3 has waiting time 32
[Waiting_time_Solve] Agent 4 has waiting time 15
[Waiting_time_Solve] Agent 5 has waiting time 44
[Waiting_time_Solve] Agent 6 has waiting time 2
[Waiting_time_Solve] Agent 7 has waiting time 4
[Waiting_time_Solve] Agent 8 has waiting time 52
[Waiting_time_Solve] Agent 9 has waiting time 19
[Waiting_time_Solve] Agent 10 has waiting time 1
[Waiting_time_Solve] Agent 11 has waiting time 37
[Waiting_time_Solve] Agent 12 has waiting time 6
[Waiting_time_Solve] Agent 13 has waiting time 6
[Waiting_time_Solve] Agent 14 has waiting time 40
[Waiting_time_Solve] Agent 15 has waiting time 18
[Waiting_time_Solve] Agent 16 has waiting time 37
[Waiting_time_Solve] Agent 17 has waiting time 37
[Waiting_time_Solve] Agent 18 has waiting time 25
[Waiting_time_Solve] Agent 19 has waiting time 36
[Waiting_time_Solve] Agent 20 has waiting time 50
[Waiting_time_Solve] Agent 21 has waiting time 26
[Waiting_time_Solve] Agent 22 has waiting time 3
[Waiting_time_Solve] Agent 23 has waiting time 44
[Waiting_time_Solve] Agent 24 has waiting time 25
[Waiting_time_Solve] Agent 25 has waiting time 6
[Waiting_time_Solve] Agent 26 has waiting time 14
[Waiting_time_Solve] Agent 27 has waiting time 14
[Waiting_time_Solve] Agent 28 has waiting time 7
[Waiting_time_Solve] Agent 29 has waiting time 43
[Waiting_time_Solve] Agent 30 has waiting time 1
[Waiting_time_Solve] Agent 31 has waiting time 29
[Waiting_time_Solve] Agent 32 has waiting time 4
[Waiting_time_Solve] Agent 33 has waiting time 19
[Waiting_time_Solve] Agent 34 has waiting time 31
[Waiting_time_Solve] Agent 35 has waiting time 4
[Waiting_time_Solve] Agent 36 has waiting time 46
[Waiting_time_Solve] Agent 37 has waiting time 29
[Waiting_time_Solve] Agent 38 has waiting time 29
[Waiting_time_Solve] Agent 39 has waiting time 41
[Waiting_time_Solve] Agent 40 has waiting time 24
[Waiting_time_Solve] Agent 41 has waiting time 46
[Waiting_time_Solve] Agent 42 has waiting time 30
[Waiting_time_Solve] Agent 43 has waiting time 16
[Waiting_time_Solve] Agent 44 has waiting time 24
[Waiting_time_Solve] Agent 45 has waiting time 0
[Waiting_time_Solve] Agent 46 has waiting time 40
[Waiting_time_Solve] Agent 47 has waiting time 53
[Waiting_time_Solve] Agent 48 has waiting time 20
[Waiting_time_Solve] Agent 49 has waiting time 31
[Waiting_time_Solve] Total available waiting time: 1273
[Waiting_time_Solve] Max iterations: 1273
[Waiting_time_Solve] Iteration 0...
[SAT] Start solving CNF: 14 clauses and 9 variables
[SAT] Agent 41 entry time: 1 exit time: 3
[SAT] Agent 40 entry time: 1 exit time: 2
[SAT] Agent 29 entry time: 3 exit time: 3
[SAT] Agent 17 entry time: 1 exit time: 3

[SAT] Start time: 1 End time: 3

[SAT] Solving local zone with SAT iteration 1...
[SAT] Local CNF: 14 clauses 

DEBUG: Adding 14 new clauses to MiniSAT (incremental run)
DEBUG: Clause load summary: input=14, added=14, tautologies_skipped=0, duplicates_skipped=0, unit_clauses=9, empties=0, intra_clause_literals_removed=0, added_but_db_unchanged=5
DEBUG: After adding clauses, solver has 0 clauses and 9 variables
DEBUG: MiniSAT found 9 variables
DEBUG: Assignment size: 9
DEBUG: First few assignment values: 1 1 1 1 1 1 1 1 1 

=== DEBUG: cnf_assignment_to_paths ===
Input assignment size: 9

=== END DEBUG ===
[SAT] Found 0 vertex collisions and 1 edge collisions
[SAT] Adding collision clauses and solving again...
[SAT] Solving local zone with SAT iteration 2...
[SAT] Local CNF: 15 clauses 

DEBUG: Adding 1 new clauses to MiniSAT (incremental run)
[SAT] Local problem appears to be unsatisfiable in current zone
[Waiting_time_Solve] No solution found, trying to apply waiting time:1
[Waiting_time_Solve] Applying waiting time 1 to agent 41 who has waiting time 46
[Waiting_time_Solve] New path is consistent after applying waiting time for agent 41
[Current_Solution] Agent 41 used 1 waiting timesteps, 45 remaining
[Waiting_time_Solve] Applied 1 waiting time  for agent 41 who has waiting time 45
[Waiting_time_Solve] ALL Waiting time applied
[Waiting_time_Solve] Extended Zone end time from 3 to 4
[Waiting_time_Solve] Iteration 1...
[SAT] Start solving CNF: 24 clauses and 14 variables
[SAT] Agent 41 entry time: 1 exit time: 4
[SAT] Agent 40 entry time: 1 exit time: 2
[SAT] Agent 29 entry time: 3 exit time: 4
[SAT] Agent 17 entry time: 1 exit time: 4

[SAT] Start time: 1 End time: 4

[SAT] Solving local zone with SAT iteration 1...
[SAT] Local CNF: 25 clauses 

DEBUG: Adding 25 new clauses to MiniSAT (incremental run)
DEBUG: Clause load summary: input=25, added=25, tautologies_skipped=0, duplicates_skipped=0, unit_clauses=10, empties=0, intra_clause_literals_removed=0, added_but_db_unchanged=7
DEBUG: After adding clauses, solver has 8 clauses and 14 variables
DEBUG: MiniSAT found 14 variables
DEBUG: Assignment size: 14
DEBUG: First few assignment values: 1 0 1 0 1 1 1 1 1 1 

=== DEBUG: cnf_assignment_to_paths ===
Input assignment size: 14

=== END DEBUG ===
[SAT] Found 2 vertex collisions and 0 edge collisions
[SAT] Adding collision clauses and solving again...
[SAT] Solving local zone with SAT iteration 2...
[SAT] Local CNF: 27 clauses 

DEBUG: Adding 2 new clauses to MiniSAT (incremental run)
[SAT] Previous assignment invalidated by new clauses, reset solver and retrying without assumptions...
DEBUG: Adding 27 new clauses to MiniSAT (incremental run)
[SAT] Local problem appears to be unsatisfiable in current zone
[Waiting_time_Solve] No solution found, trying to apply waiting time:2
[Waiting_time_Solve] Applying waiting time 2 to agent 29 who has waiting time 43
[Waiting_time_Solve] New path is consistent after applying waiting time for agent 29
[Current_Solution] Agent 29 used 2 waiting timesteps, 41 remaining
[Waiting_time_Solve] Applied 2 waiting time  for agent 29 who has waiting time 41
[Waiting_time_Solve] Applying waiting time 2 to agent 41 who has waiting time 45
[Waiting_time_Solve] New path is consistent after applying waiting time for agent 41
[Current_Solution] Agent 41 used 2 waiting timesteps, 43 remaining
[Waiting_time_Solve] Applied 2 waiting time  for agent 41 who has waiting time 43
[Waiting_time_Solve] ALL Waiting time applied
[Waiting_time_Solve] Extended Zone end time from 4 to 6
[Waiting_time_Solve] Iteration 2...
[SAT] Start solving CNF: 103 clauses and 38 variables
[SAT] Agent 41 entry time: 1 exit time: 6
[SAT] Agent 40 entry time: 1 exit time: 2
[SAT] Agent 29 entry time: 3 exit time: 6
[SAT] Agent 17 entry time: 1 exit time: 5

[SAT] Start time: 1 End time: 6

[SAT] Solving local zone with SAT iteration 1...
[SAT] Local CNF: 106 clauses 

DEBUG: Adding 106 new clauses to MiniSAT (incremental run)
DEBUG: Clause load summary: input=106, added=106, tautologies_skipped=0, duplicates_skipped=0, unit_clauses=11, empties=0, intra_clause_literals_removed=0, added_but_db_unchanged=16
DEBUG: After adding clauses, solver has 79 clauses and 38 variables
DEBUG: MiniSAT found 38 variables
DEBUG: Assignment size: 38
DEBUG: First few assignment values: 1 0 0 0 0 1 0 1 0 0 

=== DEBUG: cnf_assignment_to_paths ===
Input assignment size: 38

=== END DEBUG ===
[SAT] Found 0 vertex collisions and 1 edge collisions
[SAT] Adding collision clauses and solving again...
[SAT] Solving local zone with SAT iteration 2...
[SAT] Local CNF: 107 clauses 

DEBUG: Adding 1 new clauses to MiniSAT (incremental run)
DEBUG: Clause load summary: input=1, added=1, tautologies_skipped=0, duplicates_skipped=0, unit_clauses=0, empties=0, intra_clause_literals_removed=0, added_but_db_unchanged=0
DEBUG: After adding clauses, solver has 70 clauses and 38 variables
DEBUG: MiniSAT found 38 variables
DEBUG: Assignment size: 38
DEBUG: First few assignment values: 1 0 0 0 0 1 0 1 0 0 

=== DEBUG: cnf_assignment_to_paths ===
Input assignment size: 38

=== END DEBUG ===
[SAT] Found 1 vertex collisions and 0 edge collisions
[SAT] Adding collision clauses and solving again...
[SAT] Solving local zone with SAT iteration 3...
[SAT] Local CNF: 108 clauses 

DEBUG: Adding 1 new clauses to MiniSAT (incremental run)
DEBUG: Clause load summary: input=1, added=1, tautologies_skipped=0, duplicates_skipped=0, unit_clauses=0, empties=0, intra_clause_literals_removed=0, added_but_db_unchanged=1
DEBUG: After adding clauses, solver has 70 clauses and 38 variables
[SAT] Previous assignment invalidated by new clauses, reset solver and retrying without assumptions...
DEBUG: Adding 108 new clauses to MiniSAT (incremental run)
DEBUG: Clause load summary: input=108, added=108, tautologies_skipped=0, duplicates_skipped=0, unit_clauses=11, empties=0, intra_clause_literals_removed=0, added_but_db_unchanged=17
DEBUG: After adding clauses, solver has 80 clauses and 38 variables
[SAT] Local problem appears to be unsatisfiable in current zone
[Waiting_time_Solve] No solution found, trying to apply waiting time:3
[Waiting_time_Solve] Applying waiting time 3 to agent 41 who has waiting time 43
[Waiting_time_Solve] New path is consistent after applying waiting time for agent 41
[Current_Solution] Agent 41 used 3 waiting timesteps, 40 remaining
[Waiting_time_Solve] Applied 3 waiting time  for agent 41 who has waiting time 40
[Waiting_time_Solve] ALL Waiting time applied
[Waiting_time_Solve] Extended Zone end time from 6 to 9
[Waiting_time_Solve] Iteration 3...
[SAT] Start solving CNF: 236 clauses and 71 variables
[SAT] Agent 41 entry time: 1 exit time: 9
[SAT] Agent 40 entry time: 1 exit time: 2
[SAT] Agent 29 entry time: 3 exit time: 9
[SAT] Agent 17 entry time: 1 exit time: 5

[SAT] Start time: 1 End time: 9

[SAT] Solving local zone with SAT iteration 1...
[SAT] Local CNF: 241 clauses 

DEBUG: Adding 241 new clauses to MiniSAT (incremental run)
DEBUG: Clause load summary: input=241, added=241, tautologies_skipped=0, duplicates_skipped=0, unit_clauses=11, empties=0, intra_clause_literals_removed=0, added_but_db_unchanged=14
DEBUG: After adding clauses, solver has 216 clauses and 71 variables
DEBUG: MiniSAT found 71 variables
DEBUG: Assignment size: 71
DEBUG: First few assignment values: 1 0 0 0 0 1 0 0 0 1 

=== DEBUG: cnf_assignment_to_paths ===
Input assignment size: 71

=== END DEBUG ===
[SAT] Found 0 vertex collisions and 0 edge collisions
[SAT] Found collision-free local solution!
[Waiting_time_Solve] Solution found, updating global solution
[LNS] Updating global solution with pseudo-agent local paths...
[Current_Solution] Updating global solution for agent 41
[Current_Solution] INFO: Segment 41 exit adjusted from 3 to 9 due to waiting time
[Current_Solution] Segment 41 lengthened by 6 timesteps; shifting suffix
[Current_Solution] Global solution is consistent before shifting suffix
[Current_Solution] Global solution is consistent after shifting suffix
[Current_Solution] Global solution is consistent after updating with local path
[LNS] Successfully updated global solution with pseudo-agent local paths!
[Current_Solution] Updating global solution for agent 40
[Current_Solution] Global solution is consistent after updating with local path
[LNS] Successfully updated global solution with pseudo-agent local paths!
[Current_Solution] Updating global solution for agent 29
[Current_Solution] INFO: Segment 29 exit adjusted from 3 to 9 due to waiting time
[Current_Solution] Segment 29 lengthened by 6 timesteps; shifting suffix
[Current_Solution] Global solution is consistent before shifting suffix
[Current_Solution] Global solution is consistent after shifting suffix
[Current_Solution] Global solution is consistent after updating with local path
[LNS] Successfully updated global solution with pseudo-agent local paths!
[Current_Solution] Updating global solution for agent 17
[Current_Solution] INFO: Segment 17 exit adjusted from 3 to 5 due to waiting time
[Current_Solution] Segment 17 lengthened by 2 timesteps; shifting suffix
[Current_Solution] Global solution is consistent before shifting suffix
[Current_Solution] Global solution is consistent after shifting suffix
[Current_Solution] Global solution is consistent after updating with local path
[LNS] Successfully updated global solution with pseudo-agent local paths!
[LNS] Updating path map with new local paths...
[LNS] Successfully updated global solution with local paths and pseudo agents!
[Solve_local_zone] Successfully solved local zone
[Solve_local_zone] Final local zone size: 8 (1.17302% of all walkable positions)
[LNS] Successfully solved local zone
[LNS] Analyzing conflicts...
[LNS] Current solution: vertex collisions=86, edge collisions=18
[LNS] Creating conflict buckets...
[LOCAL ZONE] Building diamond bucket for conflict 86
[LOCAL ZONE] Built diamond bucket for conflict 86 with 7 positions, 1 conflicts, 2 - 2 time window
[LNS] Selected most relevant bucket 86 with time window: 2 - 2, 1 conflicts and 7 positions.
[LNS] Solving the best bucket Local Zone...
[Solve_local_zone] Current local zone size: 7 (1.02639% of all walkable positions)
[Solve_local_zone] Local zone time window: [1, 3]
[Waiting_time_Solve] Agent 0 has waiting time 38
[Waiting_time_Solve] Agent 1 has waiting time 44
[Waiting_time_Solve] Agent 2 has waiting time 31
[Waiting_time_Solve] Agent 3 has waiting time 32
[Waiting_time_Solve] Agent 4 has waiting time 15
[Waiting_time_Solve] Agent 5 has waiting time 44
[Waiting_time_Solve] Agent 6 has waiting time 2
[Waiting_time_Solve] Agent 7 has waiting time 4
[Waiting_time_Solve] Agent 8 has waiting time 52
[Waiting_time_Solve] Agent 9 has waiting time 19
[Waiting_time_Solve] Agent 10 has waiting time 1
[Waiting_time_Solve] Agent 11 has waiting time 37
[Waiting_time_Solve] Agent 12 has waiting time 6
[Waiting_time_Solve] Agent 13 has waiting time 6
[Waiting_time_Solve] Agent 14 has waiting time 40
[Waiting_time_Solve] Agent 15 has waiting time 18
[Waiting_time_Solve] Agent 16 has waiting time 37
[Waiting_time_Solve] Agent 17 has waiting time 37
[Waiting_time_Solve] Agent 18 has waiting time 25
[Waiting_time_Solve] Agent 19 has waiting time 36
[Waiting_time_Solve] Agent 20 has waiting time 50
[Waiting_time_Solve] Agent 21 has waiting time 26
[Waiting_time_Solve] Agent 22 has waiting time 3
[Waiting_time_Solve] Agent 23 has waiting time 44
[Waiting_time_Solve] Agent 24 has waiting time 25
[Waiting_time_Solve] Agent 25 has waiting time 6
[Waiting_time_Solve] Agent 26 has waiting time 14
[Waiting_time_Solve] Agent 27 has waiting time 14
[Waiting_time_Solve] Agent 28 has waiting time 7
[Waiting_time_Solve] Agent 29 has waiting time 41
[Waiting_time_Solve] Agent 30 has waiting time 1
[Waiting_time_Solve] Agent 31 has waiting time 29
[Waiting_time_Solve] Agent 32 has waiting time 4
[Waiting_time_Solve] Agent 33 has waiting time 19
[Waiting_time_Solve] Agent 34 has waiting time 31
[Waiting_time_Solve] Agent 35 has waiting time 4
[Waiting_time_Solve] Agent 36 has waiting time 46
[Waiting_time_Solve] Agent 37 has waiting time 29
[Waiting_time_Solve] Agent 38 has waiting time 29
[Waiting_time_Solve] Agent 39 has waiting time 41
[Waiting_time_Solve] Agent 40 has waiting time 24
[Waiting_time_Solve] Agent 41 has waiting time 40
[Waiting_time_Solve] Agent 42 has waiting time 30
[Waiting_time_Solve] Agent 43 has waiting time 16
[Waiting_time_Solve] Agent 44 has waiting time 24
[Waiting_time_Solve] Agent 45 has waiting time 0
[Waiting_time_Solve] Agent 46 has waiting time 40
[Waiting_time_Solve] Agent 47 has waiting time 53
[Waiting_time_Solve] Agent 48 has waiting time 20
[Waiting_time_Solve] Agent 49 has waiting time 31
[Waiting_time_Solve] Total available waiting time: 1265
[Waiting_time_Solve] Max iterations: 1265
[Waiting_time_Solve] Iteration 0...
[SAT] Start solving CNF: 10 clauses and 6 variables
[SAT] Agent 12 entry time: 1 exit time: 3
[SAT] Agent 3 entry time: 1 exit time: 3

[SAT] Start time: 1 End time: 3

[SAT] Solving local zone with SAT iteration 1...
[SAT] Local CNF: 10 clauses 

DEBUG: Adding 10 new clauses to MiniSAT (incremental run)
DEBUG: Clause load summary: input=10, added=10, tautologies_skipped=0, duplicates_skipped=0, unit_clauses=6, empties=0, intra_clause_literals_removed=0, added_but_db_unchanged=4
DEBUG: After adding clauses, solver has 0 clauses and 6 variables
DEBUG: MiniSAT found 6 variables
DEBUG: Assignment size: 6
DEBUG: First few assignment values: 1 1 1 1 1 1 

=== DEBUG: cnf_assignment_to_paths ===
Input assignment size: 6

=== END DEBUG ===
[SAT] Found 0 vertex collisions and 1 edge collisions
[SAT] Adding collision clauses and solving again...
[SAT] Solving local zone with SAT iteration 2...
[SAT] Local CNF: 11 clauses 

DEBUG: Adding 1 new clauses to MiniSAT (incremental run)
[SAT] Local problem appears to be unsatisfiable in current zone
[Waiting_time_Solve] No solution found, trying to apply waiting time:1
[Waiting_time_Solve] Applying waiting time 1 to agent 3 who has waiting time 32
[Waiting_time_Solve] New path is consistent after applying waiting time for agent 3
[Current_Solution] Agent 3 used 1 waiting timesteps, 31 remaining
[Waiting_time_Solve] Applied 1 waiting time  for agent 3 who has waiting time 31
[Waiting_time_Solve] ALL Waiting time applied
[Waiting_time_Solve] Extended Zone end time from 3 to 4
[Waiting_time_Solve] Iteration 1...
[SAT] Start solving CNF: 18 clauses and 10 variables
[SAT] Agent 12 entry time: 1 exit time: 4
[SAT] Agent 3 entry time: 1 exit time: 4

[SAT] Start time: 1 End time: 4

[SAT] Solving local zone with SAT iteration 1...
[SAT] Local CNF: 19 clauses 

DEBUG: Adding 19 new clauses to MiniSAT (incremental run)
DEBUG: Clause load summary: input=19, added=19, tautologies_skipped=0, duplicates_skipped=0, unit_clauses=6, empties=0, intra_clause_literals_removed=0, added_but_db_unchanged=5
DEBUG: After adding clauses, solver has 8 clauses and 10 variables
DEBUG: MiniSAT found 10 variables
DEBUG: Assignment size: 10
DEBUG: First few assignment values: 1 1 1 1 1 0 1 0 1 1 

=== DEBUG: cnf_assignment_to_paths ===
Input assignment size: 10

=== END DEBUG ===
[SAT] Found 1 vertex collisions and 0 edge collisions
[SAT] Adding collision clauses and solving again...
[SAT] Solving local zone with SAT iteration 2...
[SAT] Local CNF: 20 clauses 

DEBUG: Adding 1 new clauses to MiniSAT (incremental run)
[SAT] Previous assignment invalidated by new clauses, reset solver and retrying without assumptions...
DEBUG: Adding 20 new clauses to MiniSAT (incremental run)
[SAT] Local problem appears to be unsatisfiable in current zone
[Waiting_time_Solve] No solution found, trying to apply waiting time:2
[Waiting_time_Solve] Applying waiting time 2 to agent 3 who has waiting time 31
[Waiting_time_Solve] New path is consistent after applying waiting time for agent 3
[Current_Solution] Agent 3 used 2 waiting timesteps, 29 remaining
[Waiting_time_Solve] Applied 2 waiting time  for agent 3 who has waiting time 29
[Waiting_time_Solve] ALL Waiting time applied
[Waiting_time_Solve] Extended Zone end time from 4 to 6
[Create_Local_Problem] Agent 31 is new in the zone
[Waiting_time_Solve] Iteration 2...
[SAT] Start solving CNF: 67 clauses and 26 variables
[SAT] Agent 31 entry time: 6 exit time: 6
[SAT] Agent 12 entry time: 1 exit time: 5
[SAT] Agent 3 entry time: 1 exit time: 6

[SAT] Start time: 1 End time: 6

[SAT] Solving local zone with SAT iteration 1...
[SAT] Local CNF: 69 clauses 

DEBUG: Adding 69 new clauses to MiniSAT (incremental run)
DEBUG: Clause load summary: input=69, added=69, tautologies_skipped=0, duplicates_skipped=0, unit_clauses=8, empties=0, intra_clause_literals_removed=0, added_but_db_unchanged=9
DEBUG: After adding clauses, solver has 52 clauses and 26 variables
DEBUG: MiniSAT found 26 variables
DEBUG: Assignment size: 26
DEBUG: First few assignment values: 1 1 1 1 1 1 1 0 1 0 

=== DEBUG: cnf_assignment_to_paths ===
Input assignment size: 26

=== END DEBUG ===
[SAT] Found 0 vertex collisions and 1 edge collisions
[SAT] Adding collision clauses and solving again...
[SAT] Solving local zone with SAT iteration 2...
[SAT] Local CNF: 70 clauses 

DEBUG: Adding 1 new clauses to MiniSAT (incremental run)
DEBUG: Clause load summary: input=1, added=1, tautologies_skipped=0, duplicates_skipped=0, unit_clauses=0, empties=0, intra_clause_literals_removed=0, added_but_db_unchanged=0
DEBUG: After adding clauses, solver has 48 clauses and 26 variables
DEBUG: MiniSAT found 26 variables
DEBUG: Assignment size: 26
DEBUG: First few assignment values: 1 1 1 1 1 1 1 0 1 0 

=== DEBUG: cnf_assignment_to_paths ===
Input assignment size: 26

=== END DEBUG ===
[SAT] Found 1 vertex collisions and 0 edge collisions
[SAT] Adding collision clauses and solving again...
[SAT] Solving local zone with SAT iteration 3...
[SAT] Local CNF: 71 clauses 

DEBUG: Adding 1 new clauses to MiniSAT (incremental run)
DEBUG: Clause load summary: input=1, added=1, tautologies_skipped=0, duplicates_skipped=0, unit_clauses=0, empties=0, intra_clause_literals_removed=0, added_but_db_unchanged=1
DEBUG: After adding clauses, solver has 48 clauses and 26 variables
[SAT] Previous assignment invalidated by new clauses, reset solver and retrying without assumptions...
DEBUG: Adding 71 new clauses to MiniSAT (incremental run)
DEBUG: Clause load summary: input=71, added=71, tautologies_skipped=0, duplicates_skipped=0, unit_clauses=8, empties=0, intra_clause_literals_removed=0, added_but_db_unchanged=10
DEBUG: After adding clauses, solver has 53 clauses and 26 variables
[SAT] Local problem appears to be unsatisfiable in current zone
[Waiting_time_Solve] No solution found, trying to apply waiting time:3
[Waiting_time_Solve] Applying waiting time 3 to agent 3 who has waiting time 29
[Waiting_time_Solve] New path is consistent after applying waiting time for agent 3
[Current_Solution] Agent 3 used 3 waiting timesteps, 26 remaining
[Waiting_time_Solve] Applied 3 waiting time  for agent 3 who has waiting time 26
[Waiting_time_Solve] ALL Waiting time applied
[Waiting_time_Solve] Extended Zone end time from 6 to 9
[Waiting_time_Solve] Iteration 3...
[SAT] Start solving CNF: 160 clauses and 50 variables
[SAT] Agent 31 entry time: 6 exit time: 9
[SAT] Agent 12 entry time: 1 exit time: 5
[SAT] Agent 3 entry time: 1 exit time: 9

[SAT] Start time: 1 End time: 9

[SAT] Solving local zone with SAT iteration 1...
[SAT] Local CNF: 164 clauses 

DEBUG: Adding 164 new clauses to MiniSAT (incremental run)
DEBUG: Clause load summary: input=164, added=164, tautologies_skipped=0, duplicates_skipped=0, unit_clauses=11, empties=0, intra_clause_literals_removed=0, added_but_db_unchanged=13
DEBUG: After adding clauses, solver has 140 clauses and 50 variables
DEBUG: MiniSAT found 50 variables
DEBUG: Assignment size: 50
DEBUG: First few assignment values: 1 1 1 1 1 1 1 1 1 1 

=== DEBUG: cnf_assignment_to_paths ===
Input assignment size: 50

=== END DEBUG ===
[SAT] Found 4 vertex collisions and 0 edge collisions
[SAT] Adding collision clauses and solving again...
[SAT] Solving local zone with SAT iteration 2...
[SAT] Local CNF: 168 clauses 

DEBUG: Adding 4 new clauses to MiniSAT (incremental run)
[SAT] Previous assignment invalidated by new clauses, reset solver and retrying without assumptions...
DEBUG: Adding 168 new clauses to MiniSAT (incremental run)
[SAT] Local problem appears to be unsatisfiable in current zone
[Waiting_time_Solve] No solution found, trying to apply waiting time:4
[Waiting_time_Solve] Applying waiting time 4 to agent 31 who has waiting time 29
[Waiting_time_Solve] New path is consistent after applying waiting time for agent 31
[Current_Solution] Agent 31 used 4 waiting timesteps, 25 remaining
[Waiting_time_Solve] Applied 4 waiting time  for agent 31 who has waiting time 25
[Waiting_time_Solve] ALL Waiting time applied
[Waiting_time_Solve] Extended Zone end time from 9 to 13
[Waiting_time_Solve] Iteration 4...
[SAT] Start solving CNF: 247 clauses and 77 variables
[SAT] Agent 31 entry time: 6 exit time: 13
[SAT] Agent 12 entry time: 1 exit time: 5
[SAT] Agent 3 entry time: 1 exit time: 10

[SAT] Start time: 1 End time: 13

[SAT] Solving local zone with SAT iteration 1...
[SAT] Local CNF: 255 clauses 

DEBUG: Adding 255 new clauses to MiniSAT (incremental run)
DEBUG: Clause load summary: input=255, added=255, tautologies_skipped=0, duplicates_skipped=0, unit_clauses=9, empties=0, intra_clause_literals_removed=0, added_but_db_unchanged=13
DEBUG: After adding clauses, solver has 233 clauses and 77 variables
DEBUG: MiniSAT found 77 variables
DEBUG: Assignment size: 77
DEBUG: First few assignment values: 1 0 1 1 0 0 0 1 0 0 

=== DEBUG: cnf_assignment_to_paths ===
Input assignment size: 77

=== END DEBUG ===
[SAT] Found 0 vertex collisions and 0 edge collisions
[SAT] Found collision-free local solution!
[Waiting_time_Solve] Solution found, updating global solution
[LNS] Updating global solution with pseudo-agent local paths...
[Current_Solution] Updating global solution for agent 31
[Current_Solution] INFO: Segment 31 exit adjusted from 6 to 13 due to waiting time
[Current_Solution] Segment 31 lengthened by 7 timesteps; shifting suffix
[Current_Solution] Global solution is consistent before shifting suffix
[Current_Solution] Global solution is consistent after shifting suffix
[Current_Solution] Global solution is consistent after updating with local path
[LNS] Successfully updated global solution with pseudo-agent local paths!
[Current_Solution] Updating global solution for agent 12
[Current_Solution] INFO: Segment 12 exit adjusted from 3 to 5 due to waiting time
[Current_Solution] Segment 12 lengthened by 2 timesteps; shifting suffix
[Current_Solution] Global solution is consistent before shifting suffix
[Current_Solution] Global solution is consistent after shifting suffix
[Current_Solution] Global solution is consistent after updating with local path
[LNS] Successfully updated global solution with pseudo-agent local paths!
[Current_Solution] Updating global solution for agent 3
[Current_Solution] INFO: Segment 3 exit adjusted from 3 to 10 due to waiting time
[Current_Solution] Segment 3 lengthened by 7 timesteps; shifting suffix
[Current_Solution] Global solution is consistent before shifting suffix
[Current_Solution] Global solution is consistent after shifting suffix
[Current_Solution] Global solution is consistent after updating with local path
[LNS] Successfully updated global solution with pseudo-agent local paths!
[LNS] Updating path map with new local paths...
[LNS] Successfully updated global solution with local paths and pseudo agents!
[Solve_local_zone] Successfully solved local zone
[Solve_local_zone] Final local zone size: 7 (1.02639% of all walkable positions)
[LNS] Successfully solved local zone
[LNS] Analyzing conflicts...
[LNS] Current solution: vertex collisions=87, edge collisions=17
[LNS] Creating conflict buckets...
[LOCAL ZONE] Building diamond bucket for conflict 87
[LOCAL ZONE] Built diamond bucket for conflict 87 with 9 positions, 1 conflicts, 3 - 3 time window
[LNS] Selected most relevant bucket 87 with time window: 3 - 3, 1 conflicts and 9 positions.
[LNS] Solving the best bucket Local Zone...
[Solve_local_zone] Current local zone size: 9 (1.31965% of all walkable positions)
[Solve_local_zone] Local zone time window: [2, 4]
[Waiting_time_Solve] Agent 0 has waiting time 38
[Waiting_time_Solve] Agent 1 has waiting time 44
[Waiting_time_Solve] Agent 2 has waiting time 31
[Waiting_time_Solve] Agent 3 has waiting time 26
[Waiting_time_Solve] Agent 4 has waiting time 15
[Waiting_time_Solve] Agent 5 has waiting time 44
[Waiting_time_Solve] Agent 6 has waiting time 2
[Waiting_time_Solve] Agent 7 has waiting time 4
[Waiting_time_Solve] Agent 8 has waiting time 52
[Waiting_time_Solve] Agent 9 has waiting time 19
[Waiting_time_Solve] Agent 10 has waiting time 1
[Waiting_time_Solve] Agent 11 has waiting time 37
[Waiting_time_Solve] Agent 12 has waiting time 6
[Waiting_time_Solve] Agent 13 has waiting time 6
[Waiting_time_Solve] Agent 14 has waiting time 40
[Waiting_time_Solve] Agent 15 has waiting time 18
[Waiting_time_Solve] Agent 16 has waiting time 37
[Waiting_time_Solve] Agent 17 has waiting time 37
[Waiting_time_Solve] Agent 18 has waiting time 25
[Waiting_time_Solve] Agent 19 has waiting time 36
[Waiting_time_Solve] Agent 20 has waiting time 50
[Waiting_time_Solve] Agent 21 has waiting time 26
[Waiting_time_Solve] Agent 22 has waiting time 3
[Waiting_time_Solve] Agent 23 has waiting time 44
[Waiting_time_Solve] Agent 24 has waiting time 25
[Waiting_time_Solve] Agent 25 has waiting time 6
[Waiting_time_Solve] Agent 26 has waiting time 14
[Waiting_time_Solve] Agent 27 has waiting time 14
[Waiting_time_Solve] Agent 28 has waiting time 7
[Waiting_time_Solve] Agent 29 has waiting time 41
[Waiting_time_Solve] Agent 30 has waiting time 1
[Waiting_time_Solve] Agent 31 has waiting time 25
[Waiting_time_Solve] Agent 32 has waiting time 4
[Waiting_time_Solve] Agent 33 has waiting time 19
[Waiting_time_Solve] Agent 34 has waiting time 31
[Waiting_time_Solve] Agent 35 has waiting time 4
[Waiting_time_Solve] Agent 36 has waiting time 46
[Waiting_time_Solve] Agent 37 has waiting time 29
[Waiting_time_Solve] Agent 38 has waiting time 29
[Waiting_time_Solve] Agent 39 has waiting time 41
[Waiting_time_Solve] Agent 40 has waiting time 24
[Waiting_time_Solve] Agent 41 has waiting time 40
[Waiting_time_Solve] Agent 42 has waiting time 30
[Waiting_time_Solve] Agent 43 has waiting time 16
[Waiting_time_Solve] Agent 44 has waiting time 24
[Waiting_time_Solve] Agent 45 has waiting time 0
[Waiting_time_Solve] Agent 46 has waiting time 40
[Waiting_time_Solve] Agent 47 has waiting time 53
[Waiting_time_Solve] Agent 48 has waiting time 20
[Waiting_time_Solve] Agent 49 has waiting time 31
[Waiting_time_Solve] Total available waiting time: 1255
[Waiting_time_Solve] Max iterations: 1255
[Waiting_time_Solve] Iteration 0...
[SAT] Start solving CNF: 10 clauses and 6 variables
[SAT] Agent 33 entry time: 2 exit time: 4
[SAT] Agent 15 entry time: 2 exit time: 4

[SAT] Start time: 2 End time: 4

[SAT] Solving local zone with SAT iteration 1...
[SAT] Local CNF: 10 clauses 

DEBUG: Adding 10 new clauses to MiniSAT (incremental run)
DEBUG: Clause load summary: input=10, added=10, tautologies_skipped=0, duplicates_skipped=0, unit_clauses=6, empties=0, intra_clause_literals_removed=0, added_but_db_unchanged=4
DEBUG: After adding clauses, solver has 0 clauses and 6 variables
DEBUG: MiniSAT found 6 variables
DEBUG: Assignment size: 6
DEBUG: First few assignment values: 1 1 1 1 1 1 

=== DEBUG: cnf_assignment_to_paths ===
Input assignment size: 6

=== END DEBUG ===
[SAT] Found 0 vertex collisions and 1 edge collisions
[SAT] Adding collision clauses and solving again...
[SAT] Solving local zone with SAT iteration 2...
[SAT] Local CNF: 11 clauses 

DEBUG: Adding 1 new clauses to MiniSAT (incremental run)
[SAT] Local problem appears to be unsatisfiable in current zone
[Waiting_time_Solve] No solution found, trying to apply waiting time:1
[Waiting_time_Solve] Applying waiting time 1 to agent 33 who has waiting time 19
[Waiting_time_Solve] New path is consistent after applying waiting time for agent 33
[Current_Solution] Agent 33 used 1 waiting timesteps, 18 remaining
[Waiting_time_Solve] Applied 1 waiting time  for agent 33 who has waiting time 18
[Waiting_time_Solve] ALL Waiting time applied
[Waiting_time_Solve] Extended Zone end time from 4 to 5
[Create_Local_Problem] Agent 13 is new in the zone
[Waiting_time_Solve] Iteration 1...
[SAT] Start solving CNF: 19 clauses and 11 variables
[SAT] Agent 13 entry time: 5 exit time: 5
[SAT] Agent 33 entry time: 2 exit time: 5
[SAT] Agent 15 entry time: 2 exit time: 5

[SAT] Start time: 2 End time: 5

[SAT] Solving local zone with SAT iteration 1...
[SAT] Local CNF: 20 clauses 

DEBUG: Adding 20 new clauses to MiniSAT (incremental run)
DEBUG: Clause load summary: input=20, added=20, tautologies_skipped=0, duplicates_skipped=0, unit_clauses=7, empties=0, intra_clause_literals_removed=0, added_but_db_unchanged=5
DEBUG: After adding clauses, solver has 8 clauses and 11 variables
DEBUG: MiniSAT found 11 variables
DEBUG: Assignment size: 11
DEBUG: First few assignment values: 1 1 0 1 0 1 1 1 1 1 

=== DEBUG: cnf_assignment_to_paths ===
Input assignment size: 11

=== END DEBUG ===
[SAT] Found 2 vertex collisions and 0 edge collisions
[SAT] Adding collision clauses and solving again...
[SAT] Solving local zone with SAT iteration 2...
[SAT] Local CNF: 22 clauses 

DEBUG: Adding 2 new clauses to MiniSAT (incremental run)
[SAT] Local problem appears to be unsatisfiable in current zone
[Waiting_time_Solve] No solution found, trying to apply waiting time:2
[Waiting_time_Solve] Applying waiting time 2 to agent 15 who has waiting time 18
[Waiting_time_Solve] New path is consistent after applying waiting time for agent 15
[Current_Solution] Agent 15 used 2 waiting timesteps, 16 remaining
[Waiting_time_Solve] Applied 2 waiting time  for agent 15 who has waiting time 16
[Waiting_time_Solve] ALL Waiting time applied
[Waiting_time_Solve] Extended Zone end time from 5 to 7
[Create_Local_Problem] Agent 16 is new in the zone
[Waiting_time_Solve] Iteration 2...
[SAT] Start solving CNF: 69 clauses and 30 variables
[SAT] Agent 16 entry time: 6 exit time: 7
[SAT] Agent 13 entry time: 5 exit time: 5
[SAT] Agent 33 entry time: 2 exit time: 7
[SAT] Agent 15 entry time: 2 exit time: 7

[SAT] Start time: 2 End time: 7

[SAT] Solving local zone with SAT iteration 1...
[SAT] Local CNF: 72 clauses 

DEBUG: Adding 72 new clauses to MiniSAT (incremental run)
DEBUG: Clause load summary: input=72, added=72, tautologies_skipped=0, duplicates_skipped=0, unit_clauses=7, empties=0, intra_clause_literals_removed=0, added_but_db_unchanged=6
DEBUG: After adding clauses, solver has 59 clauses and 30 variables
DEBUG: MiniSAT found 30 variables
DEBUG: Assignment size: 30
DEBUG: First few assignment values: 1 1 1 1 0 1 0 1 0 1 

=== DEBUG: cnf_assignment_to_paths ===
Input assignment size: 30

=== END DEBUG ===
[SAT] Found 1 vertex collisions and 1 edge collisions
[SAT] Adding collision clauses and solving again...
[SAT] Solving local zone with SAT iteration 2...
[SAT] Local CNF: 74 clauses 

DEBUG: Adding 2 new clauses to MiniSAT (incremental run)
DEBUG: Clause load summary: input=2, added=2, tautologies_skipped=0, duplicates_skipped=0, unit_clauses=0, empties=0, intra_clause_literals_removed=0, added_but_db_unchanged=1
DEBUG: After adding clauses, solver has 55 clauses and 30 variables
DEBUG: MiniSAT found 30 variables
DEBUG: Assignment size: 30
DEBUG: First few assignment values: 1 1 1 1 1 0 1 0 1 0 

=== DEBUG: cnf_assignment_to_paths ===
Input assignment size: 30

=== END DEBUG ===
[SAT] Found 1 vertex collisions and 1 edge collisions
[SAT] Adding collision clauses and solving again...
[SAT] Solving local zone with SAT iteration 3...
[SAT] Local CNF: 76 clauses 

DEBUG: Adding 2 new clauses to MiniSAT (incremental run)
[SAT] Previous assignment invalidated by new clauses, reset solver and retrying without assumptions...
DEBUG: Adding 76 new clauses to MiniSAT (incremental run)
[SAT] Local problem appears to be unsatisfiable in current zone
[Waiting_time_Solve] No solution found, trying to apply waiting time:3
[Waiting_time_Solve] Applying waiting time 3 to agent 16 who has waiting time 37
[Waiting_time_Solve] New path is consistent after applying waiting time for agent 16
[Current_Solution] Agent 16 used 3 waiting timesteps, 34 remaining
[Waiting_time_Solve] Applied 3 waiting time  for agent 16 who has waiting time 34
[Waiting_time_Solve] Applying waiting time 3 to agent 33 who has waiting time 18
[Waiting_time_Solve] New path is consistent after applying waiting time for agent 33
[Current_Solution] Agent 33 used 3 waiting timesteps, 15 remaining
[Waiting_time_Solve] Applied 3 waiting time  for agent 33 who has waiting time 15
[Waiting_time_Solve] ALL Waiting time applied
[Waiting_time_Solve] Extended Zone end time from 7 to 10
[Create_Local_Problem] Agent 19 is new in the zone
[Waiting_time_Solve] Iteration 3...
[SAT] Start solving CNF: 224 clauses and 72 variables
[SAT] Agent 19 entry time: 8 exit time: 10
[SAT] Agent 16 entry time: 6 exit time: 10
[SAT] Agent 13 entry time: 5 exit time: 5
[SAT] Agent 33 entry time: 2 exit time: 10
[SAT] Agent 15 entry time: 2 exit time: 7

[SAT] Start time: 2 End time: 10

[SAT] Solving local zone with SAT iteration 1...
[SAT] Local CNF: 231 clauses 

DEBUG: Adding 231 new clauses to MiniSAT (incremental run)
DEBUG: Clause load summary: input=231, added=231, tautologies_skipped=0, duplicates_skipped=0, unit_clauses=10, empties=0, intra_clause_literals_removed=0, added_but_db_unchanged=13
DEBUG: After adding clauses, solver has 208 clauses and 72 variables
DEBUG: MiniSAT found 72 variables
DEBUG: Assignment size: 72
DEBUG: First few assignment values: 1 1 1 1 0 1 1 0 0 0 

=== DEBUG: cnf_assignment_to_paths ===
Input assignment size: 72

=== END DEBUG ===
[SAT] Found 3 vertex collisions and 0 edge collisions
[SAT] Adding collision clauses and solving again...
[SAT] Solving local zone with SAT iteration 2...
[SAT] Local CNF: 234 clauses 

DEBUG: Adding 3 new clauses to MiniSAT (incremental run)
DEBUG: Clause load summary: input=3, added=3, tautologies_skipped=0, duplicates_skipped=0, unit_clauses=0, empties=0, intra_clause_literals_removed=0, added_but_db_unchanged=3
DEBUG: After adding clauses, solver has 194 clauses and 72 variables
DEBUG: MiniSAT found 72 variables
DEBUG: Assignment size: 72
DEBUG: First few assignment values: 1 1 1 1 0 1 1 0 0 0 

=== DEBUG: cnf_assignment_to_paths ===
Input assignment size: 72

=== END DEBUG ===
[SAT] Found 2 vertex collisions and 1 edge collisions
[SAT] Adding collision clauses and solving again...
[SAT] Solving local zone with SAT iteration 3...
[SAT] Local CNF: 237 clauses 

DEBUG: Adding 3 new clauses to MiniSAT (incremental run)
DEBUG: Clause load summary: input=3, added=3, tautologies_skipped=0, duplicates_skipped=0, unit_clauses=0, empties=0, intra_clause_literals_removed=0, added_but_db_unchanged=1
DEBUG: After adding clauses, solver has 196 clauses and 72 variables
DEBUG: MiniSAT found 72 variables
DEBUG: Assignment size: 72
DEBUG: First few assignment values: 1 1 1 1 0 1 0 0 0 0 

=== DEBUG: cnf_assignment_to_paths ===
Input assignment size: 72

=== END DEBUG ===
[SAT] Found 2 vertex collisions and 1 edge collisions
[SAT] Adding collision clauses and solving again...
[SAT] Solving local zone with SAT iteration 4...
[SAT] Local CNF: 240 clauses 

DEBUG: Adding 3 new clauses to MiniSAT (incremental run)
DEBUG: Clause load summary: input=3, added=3, tautologies_skipped=0, duplicates_skipped=0, unit_clauses=0, empties=0, intra_clause_literals_removed=0, added_but_db_unchanged=1
DEBUG: After adding clauses, solver has 198 clauses and 72 variables
DEBUG: MiniSAT found 72 variables
DEBUG: Assignment size: 72
DEBUG: First few assignment values: 1 1 1 1 0 1 0 0 0 0 

=== DEBUG: cnf_assignment_to_paths ===
Input assignment size: 72

=== END DEBUG ===
[SAT] Found 1 vertex collisions and 1 edge collisions
[SAT] Adding collision clauses and solving again...
[SAT] Solving local zone with SAT iteration 5...
[SAT] Local CNF: 242 clauses 

DEBUG: Adding 2 new clauses to MiniSAT (incremental run)
DEBUG: Clause load summary: input=2, added=2, tautologies_skipped=0, duplicates_skipped=0, unit_clauses=0, empties=0, intra_clause_literals_removed=0, added_but_db_unchanged=0
DEBUG: After adding clauses, solver has 200 clauses and 72 variables
DEBUG: MiniSAT found 72 variables
DEBUG: Assignment size: 72
DEBUG: First few assignment values: 1 1 1 1 1 0 0 0 0 0 

=== DEBUG: cnf_assignment_to_paths ===
Input assignment size: 72

=== END DEBUG ===
[SAT] Found 1 vertex collisions and 1 edge collisions
[SAT] Adding collision clauses and solving again...
[SAT] Solving local zone with SAT iteration 6...
[SAT] Local CNF: 244 clauses 

DEBUG: Adding 2 new clauses to MiniSAT (incremental run)
DEBUG: Clause load summary: input=2, added=2, tautologies_skipped=0, duplicates_skipped=0, unit_clauses=0, empties=0, intra_clause_literals_removed=0, added_but_db_unchanged=0
DEBUG: After adding clauses, solver has 202 clauses and 72 variables
DEBUG: MiniSAT found 72 variables
DEBUG: Assignment size: 72
DEBUG: First few assignment values: 1 1 1 1 1 0 0 1 0 0 

=== DEBUG: cnf_assignment_to_paths ===
Input assignment size: 72

=== END DEBUG ===
[SAT] Found 1 vertex collisions and 0 edge collisions
[SAT] Adding collision clauses and solving again...
[SAT] Solving local zone with SAT iteration 7...
[SAT] Local CNF: 245 clauses 

DEBUG: Adding 1 new clauses to MiniSAT (incremental run)
DEBUG: Clause load summary: input=1, added=1, tautologies_skipped=0, duplicates_skipped=0, unit_clauses=0, empties=0, intra_clause_literals_removed=0, added_but_db_unchanged=0
DEBUG: After adding clauses, solver has 203 clauses and 72 variables
DEBUG: MiniSAT found 72 variables
DEBUG: Assignment size: 72
DEBUG: First few assignment values: 1 1 1 1 1 0 0 1 0 0 

=== DEBUG: cnf_assignment_to_paths ===
Input assignment size: 72

=== END DEBUG ===
[SAT] Found 0 vertex collisions and 1 edge collisions
[SAT] Adding collision clauses and solving again...
[SAT] Solving local zone with SAT iteration 8...
[SAT] Local CNF: 246 clauses 

DEBUG: Adding 1 new clauses to MiniSAT (incremental run)
DEBUG: Clause load summary: input=1, added=1, tautologies_skipped=0, duplicates_skipped=0, unit_clauses=0, empties=0, intra_clause_literals_removed=0, added_but_db_unchanged=0
DEBUG: After adding clauses, solver has 204 clauses and 72 variables
DEBUG: MiniSAT found 72 variables
DEBUG: Assignment size: 72
DEBUG: First few assignment values: 1 1 1 1 1 0 0 1 0 0 

=== DEBUG: cnf_assignment_to_paths ===
Input assignment size: 72

=== END DEBUG ===
[SAT] Found 0 vertex collisions and 0 edge collisions
[SAT] Found collision-free local solution!
[Waiting_time_Solve] Solution found, updating global solution
[LNS] Updating global solution with pseudo-agent local paths...
[Current_Solution] Updating global solution for agent 19
[Current_Solution] Global solution is consistent after updating with local path
[LNS] Successfully updated global solution with pseudo-agent local paths!
[Current_Solution] Updating global solution for agent 16
[Current_Solution] INFO: Segment 16 exit adjusted from 7 to 10 due to waiting time
[Current_Solution] Segment 16 lengthened by 3 timesteps; shifting suffix
[Current_Solution] Global solution is consistent before shifting suffix
[Current_Solution] Global solution is consistent after shifting suffix
[Current_Solution] Global solution is consistent after updating with local path
[LNS] Successfully updated global solution with pseudo-agent local paths!
[Current_Solution] Updating global solution for agent 13
[Current_Solution] Global solution is consistent after updating with local path
[LNS] Successfully updated global solution with pseudo-agent local paths!
[Current_Solution] Updating global solution for agent 33
[Current_Solution] INFO: Segment 33 exit adjusted from 4 to 10 due to waiting time
[Current_Solution] Segment 33 lengthened by 6 timesteps; shifting suffix
[Current_Solution] Global solution is consistent before shifting suffix
[Current_Solution] Global solution is consistent after shifting suffix
[Current_Solution] Global solution is consistent after updating with local path
[LNS] Successfully updated global solution with pseudo-agent local paths!
[Current_Solution] Updating global solution for agent 15
[Current_Solution] INFO: Segment 15 exit adjusted from 4 to 7 due to waiting time
[Current_Solution] Segment 15 lengthened by 3 timesteps; shifting suffix
[Current_Solution] Global solution is consistent before shifting suffix
[Current_Solution] Global solution is consistent after shifting suffix
[Current_Solution] Global solution is consistent after updating with local path
[LNS] Successfully updated global solution with pseudo-agent local paths!
[LNS] Updating path map with new local paths...
[LNS] Successfully updated global solution with local paths and pseudo agents!
[Solve_local_zone] Successfully solved local zone
[Solve_local_zone] Final local zone size: 9 (1.31965% of all walkable positions)
[LNS] Successfully solved local zone
[LNS] Analyzing conflicts...
[LNS] Current solution: vertex collisions=57, edge collisions=17
[LNS] Creating conflict buckets...
[LOCAL ZONE] Building diamond bucket for conflict 0
[LOCAL ZONE] Built diamond bucket for conflict 0 with 7 positions, 2 conflicts, 4 - 5 time window
[LNS] Selected most relevant bucket 0 with time window: 4 - 5, 2 conflicts and 7 positions.
[LNS] Solving the best bucket Local Zone...
[Solve_local_zone] Current local zone size: 7 (1.02639% of all walkable positions)
[Solve_local_zone] Local zone time window: [3, 6]
[Current_Solution] Agent 20 used 1 waiting timesteps, 49 remaining
[Waiting_time_Solve] Agent 0 has waiting time 38
[Waiting_time_Solve] Agent 1 has waiting time 44
[Waiting_time_Solve] Agent 2 has waiting time 31
[Waiting_time_Solve] Agent 3 has waiting time 26
[Waiting_time_Solve] Agent 4 has waiting time 15
[Waiting_time_Solve] Agent 5 has waiting time 44
[Waiting_time_Solve] Agent 6 has waiting time 2
[Waiting_time_Solve] Agent 7 has waiting time 4
[Waiting_time_Solve] Agent 8 has waiting time 52
[Waiting_time_Solve] Agent 9 has waiting time 19
[Waiting_time_Solve] Agent 10 has waiting time 1
[Waiting_time_Solve] Agent 11 has waiting time 37
[Waiting_time_Solve] Agent 12 has waiting time 6
[Waiting_time_Solve] Agent 13 has waiting time 6
[Waiting_time_Solve] Agent 14 has waiting time 40
[Waiting_time_Solve] Agent 15 has waiting time 16
[Waiting_time_Solve] Agent 16 has waiting time 34
[Waiting_time_Solve] Agent 17 has waiting time 37
[Waiting_time_Solve] Agent 18 has waiting time 25
[Waiting_time_Solve] Agent 19 has waiting time 36
[Waiting_time_Solve] Agent 20 has waiting time 49
[Waiting_time_Solve] Agent 21 has waiting time 26
[Waiting_time_Solve] Agent 22 has waiting time 3
[Waiting_time_Solve] Agent 23 has waiting time 44
[Waiting_time_Solve] Agent 24 has waiting time 25
[Waiting_time_Solve] Agent 25 has waiting time 6
[Waiting_time_Solve] Agent 26 has waiting time 14
[Waiting_time_Solve] Agent 27 has waiting time 14
[Waiting_time_Solve] Agent 28 has waiting time 7
[Waiting_time_Solve] Agent 29 has waiting time 41
[Waiting_time_Solve] Agent 30 has waiting time 1
[Waiting_time_Solve] Agent 31 has waiting time 25
[Waiting_time_Solve] Agent 32 has waiting time 4
[Waiting_time_Solve] Agent 33 has waiting time 15
[Waiting_time_Solve] Agent 34 has waiting time 31
[Waiting_time_Solve] Agent 35 has waiting time 4
[Waiting_time_Solve] Agent 36 has waiting time 46
[Waiting_time_Solve] Agent 37 has waiting time 29
[Waiting_time_Solve] Agent 38 has waiting time 29
[Waiting_time_Solve] Agent 39 has waiting time 41
[Waiting_time_Solve] Agent 40 has waiting time 24
[Waiting_time_Solve] Agent 41 has waiting time 40
[Waiting_time_Solve] Agent 42 has waiting time 30
[Waiting_time_Solve] Agent 43 has waiting time 16
[Waiting_time_Solve] Agent 44 has waiting time 24
[Waiting_time_Solve] Agent 45 has waiting time 0
[Waiting_time_Solve] Agent 46 has waiting time 40
[Waiting_time_Solve] Agent 47 has waiting time 53
[Waiting_time_Solve] Agent 48 has waiting time 20
[Waiting_time_Solve] Agent 49 has waiting time 31
[Waiting_time_Solve] Total available waiting time: 1245
[Waiting_time_Solve] Max iterations: 1245
[Waiting_time_Solve] Iteration 0...
[SAT] Start solving CNF: 30 clauses and 16 variables
[SAT] Agent 48 entry time: 3 exit time: 3
[SAT] Agent 27 entry time: 3 exit time: 5
[SAT] Agent 20 entry time: 3 exit time: 6
[SAT] Agent 0 entry time: 3 exit time: 6

[SAT] Start time: 3 End time: 6

[SAT] Solving local zone with SAT iteration 1...
[SAT] Local CNF: 30 clauses 

DEBUG: Adding 30 new clauses to MiniSAT (incremental run)
DEBUG: Clause load summary: input=30, added=30, tautologies_skipped=0, duplicates_skipped=0, unit_clauses=10, empties=0, intra_clause_literals_removed=0, added_but_db_unchanged=8
DEBUG: After adding clauses, solver has 12 clauses and 16 variables
DEBUG: MiniSAT found 16 variables
DEBUG: Assignment size: 16
DEBUG: First few assignment values: 1 1 1 1 1 0 1 0 1 0 

=== DEBUG: cnf_assignment_to_paths ===
Input assignment size: 16

=== END DEBUG ===
[SAT] Found 2 vertex collisions and 0 edge collisions
[SAT] Adding collision clauses and solving again...
[SAT] Solving local zone with SAT iteration 2...
[SAT] Local CNF: 32 clauses 

DEBUG: Adding 2 new clauses to MiniSAT (incremental run)
DEBUG: Clause load summary: input=2, added=2, tautologies_skipped=0, duplicates_skipped=0, unit_clauses=0, empties=0, intra_clause_literals_removed=0, added_but_db_unchanged=2
DEBUG: After adding clauses, solver has 12 clauses and 16 variables
DEBUG: MiniSAT found 16 variables
DEBUG: Assignment size: 16
DEBUG: First few assignment values: 1 1 1 1 1 0 0 1 0 1 

=== DEBUG: cnf_assignment_to_paths ===
Input assignment size: 16

=== END DEBUG ===
[SAT] Found 0 vertex collisions and 0 edge collisions
[SAT] Found collision-free local solution!
[Waiting_time_Solve] Solution found, updating global solution
[LNS] Updating global solution with pseudo-agent local paths...
[Current_Solution] Updating global solution for agent 48
[Current_Solution] Global solution is consistent after updating with local path
[LNS] Successfully updated global solution with pseudo-agent local paths!
[Current_Solution] Updating global solution for agent 27
[Current_Solution] Global solution is consistent after updating with local path
[LNS] Successfully updated global solution with pseudo-agent local paths!
[Current_Solution] Updating global solution for agent 20
[Current_Solution] Global solution is consistent after updating with local path
[LNS] Successfully updated global solution with pseudo-agent local paths!
[Current_Solution] Updating global solution for agent 0
[Current_Solution] Global solution is consistent after updating with local path
[LNS] Successfully updated global solution with pseudo-agent local paths!
[LNS] Updating path map with new local paths...
[LNS] Successfully updated global solution with local paths and pseudo agents!
[Solve_local_zone] Successfully solved local zone
[Solve_local_zone] Final local zone size: 7 (1.02639% of all walkable positions)
[LNS] Successfully solved local zone
[LNS] Analyzing conflicts...
[LNS] Current solution: vertex collisions=55, edge collisions=17
[LNS] Creating conflict buckets...
[LOCAL ZONE] Building diamond bucket for conflict 0
[LOCAL ZONE] Built diamond bucket for conflict 0 with 5 positions, 1 conflicts, 5 - 5 time window
[LOCAL ZONE] Building diamond bucket for conflict 1
[LOCAL ZONE] Built diamond bucket for conflict 1 with 10 positions, 6 conflicts, 5 - 8 time window
[LNS] Selected most relevant bucket 1 with time window: 5 - 8, 6 conflicts and 10 positions.
[LNS] Solving the best bucket Local Zone...
[Solve_local_zone] Current local zone size: 10 (1.46628% of all walkable positions)
[Solve_local_zone] Local zone time window: [4, 9]
[Waiting_time_Solve] Agent 0 has waiting time 38
[Waiting_time_Solve] Agent 1 has waiting time 44
[Waiting_time_Solve] Agent 2 has waiting time 31
[Waiting_time_Solve] Agent 3 has waiting time 26
[Waiting_time_Solve] Agent 4 has waiting time 15
[Waiting_time_Solve] Agent 5 has waiting time 44
[Waiting_time_Solve] Agent 6 has waiting time 2
[Waiting_time_Solve] Agent 7 has waiting time 4
[Waiting_time_Solve] Agent 8 has waiting time 52
[Waiting_time_Solve] Agent 9 has waiting time 19
[Waiting_time_Solve] Agent 10 has waiting time 1
[Waiting_time_Solve] Agent 11 has waiting time 37
[Waiting_time_Solve] Agent 12 has waiting time 6
[Waiting_time_Solve] Agent 13 has waiting time 6
[Waiting_time_Solve] Agent 14 has waiting time 40
[Waiting_time_Solve] Agent 15 has waiting time 16
[Waiting_time_Solve] Agent 16 has waiting time 34
[Waiting_time_Solve] Agent 17 has waiting time 37
[Waiting_time_Solve] Agent 18 has waiting time 25
[Waiting_time_Solve] Agent 19 has waiting time 36
[Waiting_time_Solve] Agent 20 has waiting time 49
[Waiting_time_Solve] Agent 21 has waiting time 26
[Waiting_time_Solve] Agent 22 has waiting time 3
[Waiting_time_Solve] Agent 23 has waiting time 44
[Waiting_time_Solve] Agent 24 has waiting time 25
[Waiting_time_Solve] Agent 25 has waiting time 6
[Waiting_time_Solve] Agent 26 has waiting time 14
[Waiting_time_Solve] Agent 27 has waiting time 14
[Waiting_time_Solve] Agent 28 has waiting time 7
[Waiting_time_Solve] Agent 29 has waiting time 41
[Waiting_time_Solve] Agent 30 has waiting time 1
[Waiting_time_Solve] Agent 31 has waiting time 25
[Waiting_time_Solve] Agent 32 has waiting time 4
[Waiting_time_Solve] Agent 33 has waiting time 15
[Waiting_time_Solve] Agent 34 has waiting time 31
[Waiting_time_Solve] Agent 35 has waiting time 4
[Waiting_time_Solve] Agent 36 has waiting time 46
[Waiting_time_Solve] Agent 37 has waiting time 29
[Waiting_time_Solve] Agent 38 has waiting time 29
[Waiting_time_Solve] Agent 39 has waiting time 41
[Waiting_time_Solve] Agent 40 has waiting time 24
[Waiting_time_Solve] Agent 41 has waiting time 40
[Waiting_time_Solve] Agent 42 has waiting time 30
[Waiting_time_Solve] Agent 43 has waiting time 16
[Waiting_time_Solve] Agent 44 has waiting time 24
[Waiting_time_Solve] Agent 45 has waiting time 0
[Waiting_time_Solve] Agent 46 has waiting time 40
[Waiting_time_Solve] Agent 47 has waiting time 53
[Waiting_time_Solve] Agent 48 has waiting time 20
[Waiting_time_Solve] Agent 49 has waiting time 31
[Waiting_time_Solve] Total available waiting time: 1245
[Waiting_time_Solve] Max iterations: 1245
[Waiting_time_Solve] Iteration 0...
[SAT] Start solving CNF: 32 clauses and 18 variables
[SAT] Agent 43 entry time: 4 exit time: 4
[SAT] Agent 39 entry time: 4 exit time: 9
[SAT] Agent 21 entry time: 5 exit time: 9
[SAT] Agent 2 entry time: 4 exit time: 9

[SAT] Start time: 4 End time: 9

[SAT] Solving local zone with SAT iteration 1...
[SAT] Local CNF: 32 clauses 

DEBUG: Adding 32 new clauses to MiniSAT (incremental run)
DEBUG: Clause load summary: input=32, added=32, tautologies_skipped=0, duplicates_skipped=0, unit_clauses=18, empties=0, intra_clause_literals_removed=0, added_but_db_unchanged=14
DEBUG: After adding clauses, solver has 0 clauses and 18 variables
DEBUG: MiniSAT found 18 variables
DEBUG: Assignment size: 18
DEBUG: First few assignment values: 1 1 1 1 1 1 1 1 1 1 

=== DEBUG: cnf_assignment_to_paths ===
Input assignment size: 18

=== END DEBUG ===
[SAT] Found 7 vertex collisions and 0 edge collisions
[SAT] Adding collision clauses and solving again...
[SAT] Solving local zone with SAT iteration 2...
[SAT] Local CNF: 39 clauses 

DEBUG: Adding 7 new clauses to MiniSAT (incremental run)
[SAT] Local problem appears to be unsatisfiable in current zone
[Waiting_time_Solve] No solution found, trying to apply waiting time:1
[Waiting_time_Solve] Applying waiting time 1 to agent 2 who has waiting time 31
[Waiting_time_Solve] New path is consistent after applying waiting time for agent 2
[Current_Solution] Agent 2 used 1 waiting timesteps, 30 remaining
[Waiting_time_Solve] Applied 1 waiting time  for agent 2 who has waiting time 30
[Waiting_time_Solve] Applying waiting time 1 to agent 39 who has waiting time 41
[Waiting_time_Solve] New path is consistent after applying waiting time for agent 39
[Current_Solution] Agent 39 used 1 waiting timesteps, 40 remaining
[Waiting_time_Solve] Applied 1 waiting time  for agent 39 who has waiting time 40
[Waiting_time_Solve] ALL Waiting time applied
[Waiting_time_Solve] Extended Zone end time from 9 to 10
[Waiting_time_Solve] Iteration 1...
[SAT] Start solving CNF: 58 clauses and 31 variables
[SAT] Agent 43 entry time: 4 exit time: 4
[SAT] Agent 39 entry time: 4 exit time: 10
[SAT] Agent 21 entry time: 5 exit time: 10
[SAT] Agent 2 entry time: 4 exit time: 10

[SAT] Start time: 4 End time: 10

[SAT] Solving local zone with SAT iteration 1...
[SAT] Local CNF: 65 clauses 

DEBUG: Adding 65 new clauses to MiniSAT (incremental run)
DEBUG: Clause load summary: input=65, added=65, tautologies_skipped=0, duplicates_skipped=0, unit_clauses=11, empties=0, intra_clause_literals_removed=0, added_but_db_unchanged=14
DEBUG: After adding clauses, solver has 40 clauses and 31 variables
DEBUG: MiniSAT found 31 variables
DEBUG: Assignment size: 31
DEBUG: First few assignment values: 1 1 0 1 0 1 0 1 0 1 

=== DEBUG: cnf_assignment_to_paths ===
Input assignment size: 31

=== END DEBUG ===
[SAT] Found 4 vertex collisions and 2 edge collisions
[SAT] Adding collision clauses and solving again...
[SAT] Solving local zone with SAT iteration 2...
[SAT] Local CNF: 71 clauses 

DEBUG: Adding 6 new clauses to MiniSAT (incremental run)
[SAT] Local problem appears to be unsatisfiable in current zone
[Waiting_time_Solve] No solution found, trying to apply waiting time:2
[Waiting_time_Solve] Applying waiting time 2 to agent 39 who has waiting time 40
[Waiting_time_Solve] New path is consistent after applying waiting time for agent 39
[Current_Solution] Agent 39 used 2 waiting timesteps, 38 remaining
[Waiting_time_Solve] Applied 2 waiting time  for agent 39 who has waiting time 38
[Waiting_time_Solve] Applying waiting time 2 to agent 2 who has waiting time 30
[Waiting_time_Solve] New path is consistent after applying waiting time for agent 2
[Current_Solution] Agent 2 used 2 waiting timesteps, 28 remaining
[Waiting_time_Solve] Applied 2 waiting time  for agent 2 who has waiting time 28
[Waiting_time_Solve] ALL Waiting time applied
[Waiting_time_Solve] Extended Zone end time from 10 to 12
[Waiting_time_Solve] Iteration 2...
[SAT] Start solving CNF: 210 clauses and 71 variables
[SAT] Agent 43 entry time: 4 exit time: 4
[SAT] Agent 39 entry time: 4 exit time: 12
[SAT] Agent 21 entry time: 5 exit time: 10
[SAT] Agent 2 entry time: 4 exit time: 12

[SAT] Start time: 4 End time: 12

[SAT] Solving local zone with SAT iteration 1...
[SAT] Local CNF: 223 clauses 

DEBUG: Adding 223 new clauses to MiniSAT (incremental run)
DEBUG: Clause load summary: input=223, added=223, tautologies_skipped=0, duplicates_skipped=0, unit_clauses=11, empties=0, intra_clause_literals_removed=0, added_but_db_unchanged=12
DEBUG: After adding clauses, solver has 200 clauses and 71 variables
DEBUG: MiniSAT found 71 variables
DEBUG: Assignment size: 71
DEBUG: First few assignment values: 1 1 0 1 0 1 0 0 0 1 

=== DEBUG: cnf_assignment_to_paths ===
Input assignment size: 71

=== END DEBUG ===
[SAT] Found 8 vertex collisions and 0 edge collisions
[SAT] Adding collision clauses and solving again...
[SAT] Solving local zone with SAT iteration 2...
[SAT] Local CNF: 231 clauses 

DEBUG: Adding 8 new clauses to MiniSAT (incremental run)
[SAT] Local problem appears to be unsatisfiable in current zone
[Waiting_time_Solve] No solution found, trying to apply waiting time:3
[Waiting_time_Solve] Applying waiting time 3 to agent 2 who has waiting time 28
[Waiting_time_Solve] New path is consistent after applying waiting time for agent 2
[Current_Solution] Agent 2 used 3 waiting timesteps, 25 remaining
[Waiting_time_Solve] Applied 3 waiting time  for agent 2 who has waiting time 25
[Waiting_time_Solve] Applying waiting time 3 to agent 39 who has waiting time 38
[Waiting_time_Solve] New path is consistent after applying waiting time for agent 39
[Current_Solution] Agent 39 used 3 waiting timesteps, 35 remaining
[Waiting_time_Solve] Applied 3 waiting time  for agent 39 who has waiting time 35
[Waiting_time_Solve] ALL Waiting time applied
[Waiting_time_Solve] Extended Zone end time from 12 to 15
[Waiting_time_Solve] Iteration 3...
[SAT] Start solving CNF: 534 clauses and 131 variables
[SAT] Agent 43 entry time: 4 exit time: 4
[SAT] Agent 39 entry time: 4 exit time: 15
[SAT] Agent 21 entry time: 5 exit time: 10
[SAT] Agent 2 entry time: 4 exit time: 15

[SAT] Start time: 4 End time: 15

[SAT] Solving local zone with SAT iteration 1...
[SAT] Local CNF: 555 clauses 

DEBUG: Adding 555 new clauses to MiniSAT (incremental run)
DEBUG: Clause load summary: input=555, added=555, tautologies_skipped=0, duplicates_skipped=0, unit_clauses=11, empties=0, intra_clause_literals_removed=0, added_but_db_unchanged=15
DEBUG: After adding clauses, solver has 529 clauses and 131 variables
DEBUG: MiniSAT found 131 variables
DEBUG: Assignment size: 131
DEBUG: First few assignment values: 1 1 0 1 0 0 0 0 1 0 

=== DEBUG: cnf_assignment_to_paths ===
Input assignment size: 131

=== END DEBUG ===
[SAT] Found 10 vertex collisions and 1 edge collisions
[SAT] Adding collision clauses and solving again...
[SAT] Solving local zone with SAT iteration 2...
[SAT] Local CNF: 566 clauses 

DEBUG: Adding 11 new clauses to MiniSAT (incremental run)
[SAT] Previous assignment invalidated by new clauses, reset solver and retrying without assumptions...
DEBUG: Adding 566 new clauses to MiniSAT (incremental run)
[SAT] Local problem appears to be unsatisfiable in current zone
[Waiting_time_Solve] No solution found, trying to apply waiting time:4
[Waiting_time_Solve] Applying waiting time 4 to agent 21 who has waiting time 26
[Waiting_time_Solve] New path is consistent after applying waiting time for agent 21
[Current_Solution] Agent 21 used 4 waiting timesteps, 22 remaining
[Waiting_time_Solve] Applied 4 waiting time  for agent 21 who has waiting time 22
[Waiting_time_Solve] Applying waiting time 4 to agent 39 who has waiting time 35
[Waiting_time_Solve] New path is consistent after applying waiting time for agent 39
[Current_Solution] Agent 39 used 4 waiting timesteps, 31 remaining
[Waiting_time_Solve] Applied 4 waiting time  for agent 39 who has waiting time 31
[Waiting_time_Solve] ALL Waiting time applied
[Waiting_time_Solve] Extended Zone end time from 15 to 19
[Waiting_time_Solve] Iteration 4...
[SAT] Start solving CNF: 896 clauses and 207 variables
[SAT] Agent 43 entry time: 4 exit time: 4
[SAT] Agent 39 entry time: 4 exit time: 19
[SAT] Agent 21 entry time: 5 exit time: 14
[SAT] Agent 2 entry time: 4 exit time: 15

[SAT] Start time: 4 End time: 19

[SAT] Solving local zone with SAT iteration 1...
[SAT] Local CNF: 928 clauses 

DEBUG: Adding 928 new clauses to MiniSAT (incremental run)
DEBUG: Clause load summary: input=928, added=928, tautologies_skipped=0, duplicates_skipped=0, unit_clauses=7, empties=0, intra_clause_literals_removed=0, added_but_db_unchanged=7
DEBUG: After adding clauses, solver has 914 clauses and 207 variables
DEBUG: MiniSAT found 207 variables
DEBUG: Assignment size: 207
DEBUG: First few assignment values: 1 1 0 1 0 0 0 0 1 0 

=== DEBUG: cnf_assignment_to_paths ===
Input assignment size: 207

=== END DEBUG ===
[SAT] Found 2 vertex collisions and 0 edge collisions
[SAT] Adding collision clauses and solving again...
[SAT] Solving local zone with SAT iteration 2...
[SAT] Local CNF: 930 clauses 

DEBUG: Adding 2 new clauses to MiniSAT (incremental run)
DEBUG: Clause load summary: input=2, added=2, tautologies_skipped=0, duplicates_skipped=0, unit_clauses=0, empties=0, intra_clause_literals_removed=0, added_but_db_unchanged=0
DEBUG: After adding clauses, solver has 909 clauses and 207 variables
DEBUG: MiniSAT found 207 variables
DEBUG: Assignment size: 207
DEBUG: First few assignment values: 1 1 0 1 0 0 0 0 1 0 

=== DEBUG: cnf_assignment_to_paths ===
Input assignment size: 207

=== END DEBUG ===
[SAT] Found 3 vertex collisions and 0 edge collisions
[SAT] Adding collision clauses and solving again...
[SAT] Solving local zone with SAT iteration 3...
[SAT] Local CNF: 933 clauses 

DEBUG: Adding 3 new clauses to MiniSAT (incremental run)
DEBUG: Clause load summary: input=3, added=3, tautologies_skipped=0, duplicates_skipped=0, unit_clauses=0, empties=0, intra_clause_literals_removed=0, added_but_db_unchanged=0
DEBUG: After adding clauses, solver has 912 clauses and 207 variables
DEBUG: MiniSAT found 207 variables
DEBUG: Assignment size: 207
DEBUG: First few assignment values: 1 1 0 1 0 0 0 0 1 0 

=== DEBUG: cnf_assignment_to_paths ===
Input assignment size: 207

=== END DEBUG ===
[SAT] Found 0 vertex collisions and 1 edge collisions
[SAT] Adding collision clauses and solving again...
[SAT] Solving local zone with SAT iteration 4...
[SAT] Local CNF: 934 clauses 

DEBUG: Adding 1 new clauses to MiniSAT (incremental run)
DEBUG: Clause load summary: input=1, added=1, tautologies_skipped=0, duplicates_skipped=0, unit_clauses=0, empties=0, intra_clause_literals_removed=0, added_but_db_unchanged=0
DEBUG: After adding clauses, solver has 913 clauses and 207 variables
DEBUG: MiniSAT found 207 variables
DEBUG: Assignment size: 207
DEBUG: First few assignment values: 1 1 0 1 0 0 0 0 1 0 

=== DEBUG: cnf_assignment_to_paths ===
Input assignment size: 207

=== END DEBUG ===
[SAT] Found 0 vertex collisions and 1 edge collisions
[SAT] Adding collision clauses and solving again...
[SAT] Solving local zone with SAT iteration 5...
[SAT] Local CNF: 935 clauses 

DEBUG: Adding 1 new clauses to MiniSAT (incremental run)
DEBUG: Clause load summary: input=1, added=1, tautologies_skipped=0, duplicates_skipped=0, unit_clauses=0, empties=0, intra_clause_literals_removed=0, added_but_db_unchanged=0
DEBUG: After adding clauses, solver has 914 clauses and 207 variables
DEBUG: MiniSAT found 207 variables
DEBUG: Assignment size: 207
DEBUG: First few assignment values: 1 1 0 1 0 0 0 0 1 0 

=== DEBUG: cnf_assignment_to_paths ===
Input assignment size: 207

=== END DEBUG ===
[SAT] Found 1 vertex collisions and 0 edge collisions
[SAT] Adding collision clauses and solving again...
[SAT] Solving local zone with SAT iteration 6...
[SAT] Local CNF: 936 clauses 

DEBUG: Adding 1 new clauses to MiniSAT (incremental run)
DEBUG: Clause load summary: input=1, added=1, tautologies_skipped=0, duplicates_skipped=0, unit_clauses=0, empties=0, intra_clause_literals_removed=0, added_but_db_unchanged=1
DEBUG: After adding clauses, solver has 914 clauses and 207 variables
DEBUG: MiniSAT found 207 variables
DEBUG: Assignment size: 207
DEBUG: First few assignment values: 1 1 0 1 0 0 0 0 1 0 

=== DEBUG: cnf_assignment_to_paths ===
Input assignment size: 207

=== END DEBUG ===
[SAT] Found 0 vertex collisions and 0 edge collisions
[SAT] Found collision-free local solution!
[Waiting_time_Solve] Solution found, updating global solution
[LNS] Updating global solution with pseudo-agent local paths...
[Current_Solution] Updating global solution for agent 43
[Current_Solution] Global solution is consistent after updating with local path
[LNS] Successfully updated global solution with pseudo-agent local paths!
[Current_Solution] Updating global solution for agent 39
[Current_Solution] INFO: Segment 39 exit adjusted from 9 to 19 due to waiting time
[Current_Solution] Segment 39 lengthened by 10 timesteps; shifting suffix
[Current_Solution] Global solution is consistent before shifting suffix
[Current_Solution] Global solution is consistent after shifting suffix
[Current_Solution] Global solution is consistent after updating with local path
[LNS] Successfully updated global solution with pseudo-agent local paths!
[Current_Solution] Updating global solution for agent 21
[Current_Solution] INFO: Segment 21 exit adjusted from 9 to 14 due to waiting time
[Current_Solution] Segment 21 lengthened by 5 timesteps; shifting suffix
[Current_Solution] Global solution is consistent before shifting suffix
[Current_Solution] Global solution is consistent after shifting suffix
[Current_Solution] Global solution is consistent after updating with local path
[LNS] Successfully updated global solution with pseudo-agent local paths!
[Current_Solution] Updating global solution for agent 2
[Current_Solution] INFO: Segment 2 exit adjusted from 9 to 15 due to waiting time
[Current_Solution] Segment 2 lengthened by 6 timesteps; shifting suffix
[Current_Solution] Global solution is consistent before shifting suffix
[Current_Solution] Global solution is consistent after shifting suffix
[Current_Solution] Global solution is consistent after updating with local path
[LNS] Successfully updated global solution with pseudo-agent local paths!
[LNS] Updating path map with new local paths...
[LNS] Successfully updated global solution with local paths and pseudo agents!
[Solve_local_zone] Successfully solved local zone
[Solve_local_zone] Final local zone size: 10 (1.46628% of all walkable positions)
[LNS] Successfully solved local zone
[LNS] Analyzing conflicts...
[LNS] Current solution: vertex collisions=45, edge collisions=17
[LNS] Creating conflict buckets...
[LOCAL ZONE] Building diamond bucket for conflict 0
[LOCAL ZONE] Built diamond bucket for conflict 0 with 5 positions, 1 conflicts, 5 - 5 time window
[LNS] Selected most relevant bucket 0 with time window: 5 - 5, 1 conflicts and 5 positions.
[LNS] Solving the best bucket Local Zone...
[Solve_local_zone] Current local zone size: 5 (0.733138% of all walkable positions)
[Solve_local_zone] Local zone time window: [4, 6]
[Waiting_time_Solve] Agent 0 has waiting time 38
[Waiting_time_Solve] Agent 1 has waiting time 44
[Waiting_time_Solve] Agent 2 has waiting time 25
[Waiting_time_Solve] Agent 3 has waiting time 26
[Waiting_time_Solve] Agent 4 has waiting time 15
[Waiting_time_Solve] Agent 5 has waiting time 44
[Waiting_time_Solve] Agent 6 has waiting time 2
[Waiting_time_Solve] Agent 7 has waiting time 4
[Waiting_time_Solve] Agent 8 has waiting time 52
[Waiting_time_Solve] Agent 9 has waiting time 19
[Waiting_time_Solve] Agent 10 has waiting time 1
[Waiting_time_Solve] Agent 11 has waiting time 37
[Waiting_time_Solve] Agent 12 has waiting time 6
[Waiting_time_Solve] Agent 13 has waiting time 6
[Waiting_time_Solve] Agent 14 has waiting time 40
[Waiting_time_Solve] Agent 15 has waiting time 16
[Waiting_time_Solve] Agent 16 has waiting time 34
[Waiting_time_Solve] Agent 17 has waiting time 37
[Waiting_time_Solve] Agent 18 has waiting time 25
[Waiting_time_Solve] Agent 19 has waiting time 36
[Waiting_time_Solve] Agent 20 has waiting time 49
[Waiting_time_Solve] Agent 21 has waiting time 22
[Waiting_time_Solve] Agent 22 has waiting time 3
[Waiting_time_Solve] Agent 23 has waiting time 44
[Waiting_time_Solve] Agent 24 has waiting time 25
[Waiting_time_Solve] Agent 25 has waiting time 6
[Waiting_time_Solve] Agent 26 has waiting time 14
[Waiting_time_Solve] Agent 27 has waiting time 14
[Waiting_time_Solve] Agent 28 has waiting time 7
[Waiting_time_Solve] Agent 29 has waiting time 41
[Waiting_time_Solve] Agent 30 has waiting time 1
[Waiting_time_Solve] Agent 31 has waiting time 25
[Waiting_time_Solve] Agent 32 has waiting time 4
[Waiting_time_Solve] Agent 33 has waiting time 15
[Waiting_time_Solve] Agent 34 has waiting time 31
[Waiting_time_Solve] Agent 35 has waiting time 4
[Waiting_time_Solve] Agent 36 has waiting time 46
[Waiting_time_Solve] Agent 37 has waiting time 29
[Waiting_time_Solve] Agent 38 has waiting time 29
[Waiting_time_Solve] Agent 39 has waiting time 31
[Waiting_time_Solve] Agent 40 has waiting time 24
[Waiting_time_Solve] Agent 41 has waiting time 40
[Waiting_time_Solve] Agent 42 has waiting time 30
[Waiting_time_Solve] Agent 43 has waiting time 16
[Waiting_time_Solve] Agent 44 has waiting time 24
[Waiting_time_Solve] Agent 45 has waiting time 0
[Waiting_time_Solve] Agent 46 has waiting time 40
[Waiting_time_Solve] Agent 47 has waiting time 53
[Waiting_time_Solve] Agent 48 has waiting time 20
[Waiting_time_Solve] Agent 49 has waiting time 31
[Waiting_time_Solve] Total available waiting time: 1225
[Waiting_time_Solve] Max iterations: 1225
[Waiting_time_Solve] Iteration 0...
[SAT] Start solving CNF: 10 clauses and 6 variables
[SAT] Agent 48 entry time: 4 exit time: 6
[SAT] Agent 11 entry time: 4 exit time: 6

[SAT] Start time: 4 End time: 6

[SAT] Solving local zone with SAT iteration 1...
[SAT] Local CNF: 10 clauses 

DEBUG: Adding 10 new clauses to MiniSAT (incremental run)
DEBUG: Clause load summary: input=10, added=10, tautologies_skipped=0, duplicates_skipped=0, unit_clauses=6, empties=0, intra_clause_literals_removed=0, added_but_db_unchanged=4
DEBUG: After adding clauses, solver has 0 clauses and 6 variables
DEBUG: MiniSAT found 6 variables
DEBUG: Assignment size: 6
DEBUG: First few assignment values: 1 1 1 1 1 1 

=== DEBUG: cnf_assignment_to_paths ===
Input assignment size: 6

=== END DEBUG ===
[SAT] Found 1 vertex collisions and 0 edge collisions
[SAT] Adding collision clauses and solving again...
[SAT] Solving local zone with SAT iteration 2...
[SAT] Local CNF: 11 clauses 

DEBUG: Adding 1 new clauses to MiniSAT (incremental run)
[SAT] Local problem appears to be unsatisfiable in current zone
[Waiting_time_Solve] No solution found, trying to apply waiting time:1
[Waiting_time_Solve] Applying waiting time 1 to agent 11 who has waiting time 37
[Waiting_time_Solve] New path is consistent after applying waiting time for agent 11
[Current_Solution] Agent 11 used 1 waiting timesteps, 36 remaining
[Waiting_time_Solve] Applied 1 waiting time  for agent 11 who has waiting time 36
[Waiting_time_Solve] ALL Waiting time applied
[Waiting_time_Solve] Extended Zone end time from 6 to 7
[Waiting_time_Solve] Iteration 1...
[SAT] Start solving CNF: 16 clauses and 9 variables
[SAT] Agent 48 entry time: 4 exit time: 6
[SAT] Agent 11 entry time: 4 exit time: 7

[SAT] Start time: 4 End time: 7

[SAT] Solving local zone with SAT iteration 1...
[SAT] Local CNF: 17 clauses 

DEBUG: Adding 17 new clauses to MiniSAT (incremental run)
DEBUG: Clause load summary: input=17, added=17, tautologies_skipped=0, duplicates_skipped=0, unit_clauses=5, empties=0, intra_clause_literals_removed=0, added_but_db_unchanged=5
DEBUG: After adding clauses, solver has 7 clauses and 9 variables
DEBUG: MiniSAT found 9 variables
DEBUG: Assignment size: 9
DEBUG: First few assignment values: 1 1 1 1 0 1 0 1 1 

=== DEBUG: cnf_assignment_to_paths ===
Input assignment size: 9

=== END DEBUG ===
[SAT] Found 0 vertex collisions and 1 edge collisions
[SAT] Adding collision clauses and solving again...
[SAT] Solving local zone with SAT iteration 2...
[SAT] Local CNF: 18 clauses 

DEBUG: Adding 1 new clauses to MiniSAT (incremental run)
[SAT] Local problem appears to be unsatisfiable in current zone
[Waiting_time_Solve] No solution found, trying to apply waiting time:2
[Waiting_time_Solve] Applying waiting time 2 to agent 11 who has waiting time 36
[Waiting_time_Solve] New path is consistent after applying waiting time for agent 11
[Current_Solution] Agent 11 used 2 waiting timesteps, 34 remaining
[Waiting_time_Solve] Applied 2 waiting time  for agent 11 who has waiting time 34
[Waiting_time_Solve] ALL Waiting time applied
[Waiting_time_Solve] Extended Zone end time from 7 to 9
[Waiting_time_Solve] Iteration 2...
[SAT] Start solving CNF: 48 clauses and 19 variables
[SAT] Agent 48 entry time: 4 exit time: 6
[SAT] Agent 11 entry time: 4 exit time: 9

[SAT] Start time: 4 End time: 9

[SAT] Solving local zone with SAT iteration 1...
[SAT] Local CNF: 50 clauses 

DEBUG: Adding 50 new clauses to MiniSAT (incremental run)
DEBUG: Clause load summary: input=50, added=50, tautologies_skipped=0, duplicates_skipped=0, unit_clauses=5, empties=0, intra_clause_literals_removed=0, added_but_db_unchanged=6
DEBUG: After adding clauses, solver has 39 clauses and 19 variables
DEBUG: MiniSAT found 19 variables
DEBUG: Assignment size: 19
DEBUG: First few assignment values: 1 1 1 1 0 1 0 0 1 0 

=== DEBUG: cnf_assignment_to_paths ===
Input assignment size: 19

=== END DEBUG ===
[SAT] Found 1 vertex collisions and 0 edge collisions
[SAT] Adding collision clauses and solving again...
[SAT] Solving local zone with SAT iteration 2...
[SAT] Local CNF: 51 clauses 

DEBUG: Adding 1 new clauses to MiniSAT (incremental run)
[SAT] Local problem appears to be unsatisfiable in current zone
[Waiting_time_Solve] No solution found, trying to apply waiting time:3
[Waiting_time_Solve] Applying waiting time 3 to agent 11 who has waiting time 34
[Waiting_time_Solve] New path is consistent after applying waiting time for agent 11
[Current_Solution] Agent 11 used 3 waiting timesteps, 31 remaining
[Waiting_time_Solve] Applied 3 waiting time  for agent 11 who has waiting time 31
[Waiting_time_Solve] ALL Waiting time applied
[Waiting_time_Solve] Extended Zone end time from 9 to 12
[Waiting_time_Solve] Iteration 3...
[SAT] Start solving CNF: 96 clauses and 34 variables
[SAT] Agent 48 entry time: 4 exit time: 6
[SAT] Agent 11 entry time: 4 exit time: 12

[SAT] Start time: 4 End time: 12

[SAT] Solving local zone with SAT iteration 1...
[SAT] Local CNF: 99 clauses 

DEBUG: Adding 99 new clauses to MiniSAT (incremental run)
[SAT] Local problem appears to be unsatisfiable in current zone
[Waiting_time_Solve] No solution found, trying to apply waiting time:4
[Waiting_time_Solve] No waiting time applied
[Waiting_time_Solve] No solution found
[Waiting_time_Solve] Restoring original paths
[Waiting_time_Solve] Restoring waiting times
[Current_Solution] Restored waiting times from backup
[Current_Solution] Restored paths from backup
[Solve_local_zone] Zone with expansion factor 0failed
[Solve_local_zone] Expanding zone with offset 3 (original: 1)
[Solve_local_zone] Final expanded zone contains 17 positions with 1 conflicts 
[Solve_local_zone] New time window: [2, 8]
[Solve_local_zone] Current local zone size: 17 (2.49267% of all walkable positions)
[Solve_local_zone] Local zone time window: [2, 8]
[Waiting_time_Solve] Agent 0 has waiting time 38
[Waiting_time_Solve] Agent 1 has waiting time 44
[Waiting_time_Solve] Agent 2 has waiting time 25
[Waiting_time_Solve] Agent 3 has waiting time 26
[Waiting_time_Solve] Agent 4 has waiting time 15
[Waiting_time_Solve] Agent 5 has waiting time 44
[Waiting_time_Solve] Agent 6 has waiting time 2
[Waiting_time_Solve] Agent 7 has waiting time 4
[Waiting_time_Solve] Agent 8 has waiting time 52
[Waiting_time_Solve] Agent 9 has waiting time 19
[Waiting_time_Solve] Agent 10 has waiting time 1
[Waiting_time_Solve] Agent 11 has waiting time 37
[Waiting_time_Solve] Agent 12 has waiting time 6
[Waiting_time_Solve] Agent 13 has waiting time 6
[Waiting_time_Solve] Agent 14 has waiting time 40
[Waiting_time_Solve] Agent 15 has waiting time 16
[Waiting_time_Solve] Agent 16 has waiting time 34
[Waiting_time_Solve] Agent 17 has waiting time 37
[Waiting_time_Solve] Agent 18 has waiting time 25
[Waiting_time_Solve] Agent 19 has waiting time 36
[Waiting_time_Solve] Agent 20 has waiting time 49
[Waiting_time_Solve] Agent 21 has waiting time 22
[Waiting_time_Solve] Agent 22 has waiting time 3
[Waiting_time_Solve] Agent 23 has waiting time 44
[Waiting_time_Solve] Agent 24 has waiting time 25
[Waiting_time_Solve] Agent 25 has waiting time 6
[Waiting_time_Solve] Agent 26 has waiting time 14
[Waiting_time_Solve] Agent 27 has waiting time 14
[Waiting_time_Solve] Agent 28 has waiting time 7
[Waiting_time_Solve] Agent 29 has waiting time 41
[Waiting_time_Solve] Agent 30 has waiting time 1
[Waiting_time_Solve] Agent 31 has waiting time 25
[Waiting_time_Solve] Agent 32 has waiting time 4
[Waiting_time_Solve] Agent 33 has waiting time 15
[Waiting_time_Solve] Agent 34 has waiting time 31
[Waiting_time_Solve] Agent 35 has waiting time 4
[Waiting_time_Solve] Agent 36 has waiting time 46
[Waiting_time_Solve] Agent 37 has waiting time 29
[Waiting_time_Solve] Agent 38 has waiting time 29
[Waiting_time_Solve] Agent 39 has waiting time 31
[Waiting_time_Solve] Agent 40 has waiting time 24
[Waiting_time_Solve] Agent 41 has waiting time 40
[Waiting_time_Solve] Agent 42 has waiting time 30
[Waiting_time_Solve] Agent 43 has waiting time 16
[Waiting_time_Solve] Agent 44 has waiting time 24
[Waiting_time_Solve] Agent 45 has waiting time 0
[Waiting_time_Solve] Agent 46 has waiting time 40
[Waiting_time_Solve] Agent 47 has waiting time 53
[Waiting_time_Solve] Agent 48 has waiting time 20
[Waiting_time_Solve] Agent 49 has waiting time 31
[Waiting_time_Solve] Total available waiting time: 1225
[Waiting_time_Solve] Max iterations: 1225
[Waiting_time_Solve] Iteration 0...
[SAT] Start solving CNF: 43 clauses and 24 variables
[SAT] Agent 48 entry time: 2 exit time: 8
[SAT] Agent 27 entry time: 3 exit time: 3
[SAT] Agent 20 entry time: 2 exit time: 5
[SAT] Agent 11 entry time: 2 exit time: 8
[SAT] Agent 0 entry time: 4 exit time: 4

[SAT] Start time: 2 End time: 8

[SAT] Solving local zone with SAT iteration 1...
[SAT] Local CNF: 43 clauses 

DEBUG: Adding 43 new clauses to MiniSAT (incremental run)
DEBUG: Clause load summary: input=43, added=43, tautologies_skipped=0, duplicates_skipped=0, unit_clauses=16, empties=0, intra_clause_literals_removed=0, added_but_db_unchanged=13
DEBUG: After adding clauses, solver has 14 clauses and 24 variables
DEBUG: MiniSAT found 24 variables
DEBUG: Assignment size: 24
DEBUG: First few assignment values: 1 0 1 1 0 1 1 1 1 1 

=== DEBUG: cnf_assignment_to_paths ===
Input assignment size: 24

=== END DEBUG ===
[SAT] Found 2 vertex collisions and 0 edge collisions
[SAT] Adding collision clauses and solving again...
[SAT] Solving local zone with SAT iteration 2...
[SAT] Local CNF: 45 clauses 

DEBUG: Adding 2 new clauses to MiniSAT (incremental run)
[SAT] Local problem appears to be unsatisfiable in current zone
[Waiting_time_Solve] No solution found, trying to apply waiting time:1
[Waiting_time_Solve] Applying waiting time 1 to agent 11 who has waiting time 37
[Waiting_time_Solve] New path is consistent after applying waiting time for agent 11
[Current_Solution] Agent 11 used 1 waiting timesteps, 36 remaining
[Waiting_time_Solve] Applied 1 waiting time  for agent 11 who has waiting time 36
[Waiting_time_Solve] Applying waiting time 1 to agent 20 who has waiting time 49
[Waiting_time_Solve] New path is consistent after applying waiting time for agent 20
[Current_Solution] Agent 20 used 1 waiting timesteps, 48 remaining
[Waiting_time_Solve] Applied 1 waiting time  for agent 20 who has waiting time 48
[Waiting_time_Solve] ALL Waiting time applied
[Waiting_time_Solve] Extended Zone end time from 8 to 9
[Waiting_time_Solve] Iteration 1...
[SAT] Start solving CNF: 83 clauses and 39 variables
[SAT] Agent 48 entry time: 2 exit time: 8
[SAT] Agent 27 entry time: 3 exit time: 3
[SAT] Agent 20 entry time: 2 exit time: 6
[SAT] Agent 11 entry time: 2 exit time: 9
[SAT] Agent 0 entry time: 4 exit time: 4

[SAT] Start time: 2 End time: 9

[SAT] Solving local zone with SAT iteration 1...
[SAT] Local CNF: 85 clauses 

DEBUG: Adding 85 new clauses to MiniSAT (incremental run)
DEBUG: Clause load summary: input=85, added=85, tautologies_skipped=0, duplicates_skipped=0, unit_clauses=11, empties=0, intra_clause_literals_removed=0, added_but_db_unchanged=11
DEBUG: After adding clauses, solver has 63 clauses and 39 variables
DEBUG: MiniSAT found 39 variables
DEBUG: Assignment size: 39
DEBUG: First few assignment values: 1 0 1 1 0 1 1 1 1 1 

=== DEBUG: cnf_assignment_to_paths ===
Input assignment size: 39

=== END DEBUG ===
[SAT] Found 1 vertex collisions and 1 edge collisions
[SAT] Adding collision clauses and solving again...
[SAT] Solving local zone with SAT iteration 2...
[SAT] Local CNF: 87 clauses 

DEBUG: Adding 2 new clauses to MiniSAT (incremental run)
[SAT] Previous assignment invalidated by new clauses, reset solver and retrying without assumptions...
DEBUG: Adding 87 new clauses to MiniSAT (incremental run)
[SAT] Local problem appears to be unsatisfiable in current zone
[Waiting_time_Solve] No solution found, trying to apply waiting time:2
[Waiting_time_Solve] Applying waiting time 2 to agent 20 who has waiting time 48
[Waiting_time_Solve] New path is consistent after applying waiting time for agent 20
[Current_Solution] Agent 20 used 2 waiting timesteps, 46 remaining
[Waiting_time_Solve] Applied 2 waiting time  for agent 20 who has waiting time 46
[Waiting_time_Solve] Applying waiting time 2 to agent 11 who has waiting time 36
[Waiting_time_Solve] New path is consistent after applying waiting time for agent 11
[Current_Solution] Agent 11 used 2 waiting timesteps, 34 remaining
[Waiting_time_Solve] Applied 2 waiting time  for agent 11 who has waiting time 34
[Waiting_time_Solve] ALL Waiting time applied
[Waiting_time_Solve] Extended Zone end time from 9 to 11
[Create_Local_Problem] Agent 12 is new in the zone
[Waiting_time_Solve] Iteration 2...
[SAT] Start solving CNF: 266 clauses and 82 variables
[SAT] Agent 12 entry time: 11 exit time: 11
[SAT] Agent 48 entry time: 2 exit time: 8
[SAT] Agent 27 entry time: 3 exit time: 3
[SAT] Agent 20 entry time: 2 exit time: 8
[SAT] Agent 11 entry time: 2 exit time: 11
[SAT] Agent 0 entry time: 4 exit time: 4

[SAT] Start time: 2 End time: 11

[SAT] Solving local zone with SAT iteration 1...
[SAT] Local CNF: 270 clauses 

DEBUG: Adding 270 new clauses to MiniSAT (incremental run)
DEBUG: Clause load summary: input=270, added=270, tautologies_skipped=0, duplicates_skipped=0, unit_clauses=12, empties=0, intra_clause_literals_removed=0, added_but_db_unchanged=11
DEBUG: After adding clauses, solver has 247 clauses and 82 variables
DEBUG: MiniSAT found 82 variables
DEBUG: Assignment size: 82
DEBUG: First few assignment values: 1 1 0 1 0 1 1 1 1 1 

=== DEBUG: cnf_assignment_to_paths ===
Input assignment size: 82

=== END DEBUG ===
[SAT] Found 2 vertex collisions and 0 edge collisions
[SAT] Adding collision clauses and solving again...
[SAT] Solving local zone with SAT iteration 2...
[SAT] Local CNF: 272 clauses 

DEBUG: Adding 2 new clauses to MiniSAT (incremental run)
[SAT] Previous assignment invalidated by new clauses, reset solver and retrying without assumptions...
DEBUG: Adding 272 new clauses to MiniSAT (incremental run)
[SAT] Local problem appears to be unsatisfiable in current zone
[Waiting_time_Solve] No solution found, trying to apply waiting time:3
[Waiting_time_Solve] Applying waiting time 3 to agent 11 who has waiting time 34
[Waiting_time_Solve] New path is consistent after applying waiting time for agent 11
[Current_Solution] Agent 11 used 3 waiting timesteps, 31 remaining
[Waiting_time_Solve] Applied 3 waiting time  for agent 11 who has waiting time 31
[Waiting_time_Solve] ALL Waiting time applied
[Waiting_time_Solve] Extended Zone end time from 11 to 14
[Waiting_time_Solve] Iteration 3...
[SAT] Start solving CNF: 636 clauses and 132 variables
[SAT] Agent 12 entry time: 11 exit time: 14
[SAT] Agent 48 entry time: 2 exit time: 8
[SAT] Agent 27 entry time: 3 exit time: 3
[SAT] Agent 20 entry time: 2 exit time: 8
[SAT] Agent 11 entry time: 2 exit time: 14
[SAT] Agent 0 entry time: 4 exit time: 4

[SAT] Start time: 2 End time: 14

[SAT] Solving local zone with SAT iteration 1...
[SAT] Local CNF: 642 clauses 

DEBUG: Adding 642 new clauses to MiniSAT (incremental run)
DEBUG: Clause load summary: input=642, added=642, tautologies_skipped=0, duplicates_skipped=0, unit_clauses=15, empties=0, intra_clause_literals_removed=0, added_but_db_unchanged=16
DEBUG: After adding clauses, solver has 611 clauses and 132 variables
DEBUG: MiniSAT found 132 variables
DEBUG: Assignment size: 132
DEBUG: First few assignment values: 1 1 1 1 1 0 1 0 1 1 

=== DEBUG: cnf_assignment_to_paths ===
Input assignment size: 132

=== END DEBUG ===
[SAT] Found 2 vertex collisions and 1 edge collisions
[SAT] Adding collision clauses and solving again...
[SAT] Solving local zone with SAT iteration 2...
[SAT] Local CNF: 645 clauses 

DEBUG: Adding 3 new clauses to MiniSAT (incremental run)
DEBUG: Clause load summary: input=3, added=3, tautologies_skipped=0, duplicates_skipped=0, unit_clauses=0, empties=0, intra_clause_literals_removed=0, added_but_db_unchanged=2
DEBUG: After adding clauses, solver has 592 clauses and 132 variables
DEBUG: MiniSAT found 132 variables
DEBUG: Assignment size: 132
DEBUG: First few assignment values: 1 1 1 1 1 0 1 0 1 1 

=== DEBUG: cnf_assignment_to_paths ===
Input assignment size: 132

=== END DEBUG ===
[SAT] Found 0 vertex collisions and 1 edge collisions
[SAT] Adding collision clauses and solving again...
[SAT] Solving local zone with SAT iteration 3...
[SAT] Local CNF: 646 clauses 

DEBUG: Adding 1 new clauses to MiniSAT (incremental run)
DEBUG: Clause load summary: input=1, added=1, tautologies_skipped=0, duplicates_skipped=0, unit_clauses=0, empties=0, intra_clause_literals_removed=0, added_but_db_unchanged=0
DEBUG: After adding clauses, solver has 593 clauses and 132 variables
DEBUG: MiniSAT found 132 variables
DEBUG: Assignment size: 132
DEBUG: First few assignment values: 1 1 1 1 1 0 1 0 1 1 

=== DEBUG: cnf_assignment_to_paths ===
Input assignment size: 132

=== END DEBUG ===
[SAT] Found 1 vertex collisions and 1 edge collisions
[SAT] Adding collision clauses and solving again...
[SAT] Solving local zone with SAT iteration 4...
[SAT] Local CNF: 648 clauses 

DEBUG: Adding 2 new clauses to MiniSAT (incremental run)
DEBUG: Clause load summary: input=2, added=2, tautologies_skipped=0, duplicates_skipped=0, unit_clauses=0, empties=0, intra_clause_literals_removed=0, added_but_db_unchanged=1
DEBUG: After adding clauses, solver has 594 clauses and 132 variables
[SAT] Previous assignment invalidated by new clauses, reset solver and retrying without assumptions...
DEBUG: Adding 648 new clauses to MiniSAT (incremental run)
DEBUG: Clause load summary: input=648, added=648, tautologies_skipped=0, duplicates_skipped=0, unit_clauses=15, empties=0, intra_clause_literals_removed=0, added_but_db_unchanged=19
DEBUG: After adding clauses, solver has 614 clauses and 132 variables
[SAT] Local problem appears to be unsatisfiable in current zone
[Waiting_time_Solve] No solution found, trying to apply waiting time:4
[Waiting_time_Solve] Applying waiting time 4 to agent 11 who has waiting time 31
[Waiting_time_Solve] New path is consistent after applying waiting time for agent 11
[Current_Solution] Agent 11 used 4 waiting timesteps, 27 remaining
[Waiting_time_Solve] Applied 4 waiting time  for agent 11 who has waiting time 27
[Waiting_time_Solve] ALL Waiting time applied
[Waiting_time_Solve] Extended Zone end time from 14 to 18
[Waiting_time_Solve] Iteration 4...
[SAT] Start solving CNF: 1258 clauses and 203 variables
[SAT] Agent 12 entry time: 11 exit time: 17
[SAT] Agent 48 entry time: 2 exit time: 8
[SAT] Agent 27 entry time: 3 exit time: 3
[SAT] Agent 20 entry time: 2 exit time: 8
[SAT] Agent 11 entry time: 2 exit time: 18
[SAT] Agent 0 entry time: 4 exit time: 4

[SAT] Start time: 2 End time: 18

[SAT] Solving local zone with SAT iteration 1...
[SAT] Local CNF: 1270 clauses 

DEBUG: Adding 1270 new clauses to MiniSAT (incremental run)
DEBUG: Clause load summary: input=1270, added=1270, tautologies_skipped=0, duplicates_skipped=0, unit_clauses=18, empties=0, intra_clause_literals_removed=0, added_but_db_unchanged=22
DEBUG: After adding clauses, solver has 1230 clauses and 203 variables
DEBUG: MiniSAT found 203 variables
DEBUG: Assignment size: 203
DEBUG: First few assignment values: 1 1 1 1 1 1 1 1 0 1 

=== DEBUG: cnf_assignment_to_paths ===
Input assignment size: 203

=== END DEBUG ===
[SAT] Found 0 vertex collisions and 1 edge collisions
[SAT] Adding collision clauses and solving again...
[SAT] Solving local zone with SAT iteration 2...
[SAT] Local CNF: 1271 clauses 

DEBUG: Adding 1 new clauses to MiniSAT (incremental run)
DEBUG: Clause load summary: input=1, added=1, tautologies_skipped=0, duplicates_skipped=0, unit_clauses=0, empties=0, intra_clause_literals_removed=0, added_but_db_unchanged=0
DEBUG: After adding clauses, solver has 1152 clauses and 203 variables
DEBUG: MiniSAT found 203 variables
DEBUG: Assignment size: 203
DEBUG: First few assignment values: 1 1 1 1 1 1 1 1 0 1 

=== DEBUG: cnf_assignment_to_paths ===
Input assignment size: 203

=== END DEBUG ===
[SAT] Found 0 vertex collisions and 1 edge collisions
[SAT] Adding collision clauses and solving again...
[SAT] Solving local zone with SAT iteration 3...
[SAT] Local CNF: 1272 clauses 

DEBUG: Adding 1 new clauses to MiniSAT (incremental run)
DEBUG: Clause load summary: input=1, added=1, tautologies_skipped=0, duplicates_skipped=0, unit_clauses=0, empties=0, intra_clause_literals_removed=0, added_but_db_unchanged=0
DEBUG: After adding clauses, solver has 1153 clauses and 203 variables
DEBUG: MiniSAT found 203 variables
DEBUG: Assignment size: 203
DEBUG: First few assignment values: 1 1 1 1 1 1 1 1 0 1 

=== DEBUG: cnf_assignment_to_paths ===
Input assignment size: 203

=== END DEBUG ===
[SAT] Found 1 vertex collisions and 0 edge collisions
[SAT] Adding collision clauses and solving again...
[SAT] Solving local zone with SAT iteration 4...
[SAT] Local CNF: 1273 clauses 

DEBUG: Adding 1 new clauses to MiniSAT (incremental run)
DEBUG: Clause load summary: input=1, added=1, tautologies_skipped=0, duplicates_skipped=0, unit_clauses=0, empties=0, intra_clause_literals_removed=0, added_but_db_unchanged=1
DEBUG: After adding clauses, solver has 1153 clauses and 203 variables
DEBUG: MiniSAT found 203 variables
DEBUG: Assignment size: 203
DEBUG: First few assignment values: 1 1 1 1 1 1 1 1 0 1 

=== DEBUG: cnf_assignment_to_paths ===
Input assignment size: 203

=== END DEBUG ===
[SAT] Found 0 vertex collisions and 0 edge collisions
[SAT] Found collision-free local solution!
[Waiting_time_Solve] Solution found, updating global solution
[LNS] Updating global solution with pseudo-agent local paths...
[Current_Solution] Updating global solution for agent 12
[Current_Solution] INFO: Segment 12 exit adjusted from 11 to 17 due to waiting time
[Current_Solution] Segment 12 lengthened by 6 timesteps; shifting suffix
[Current_Solution] Global solution is consistent before shifting suffix
[Current_Solution] Global solution is consistent after shifting suffix
[Current_Solution] Global solution is consistent after updating with local path
[LNS] Successfully updated global solution with pseudo-agent local paths!
[Current_Solution] Updating global solution for agent 48
[Current_Solution] Global solution is consistent after updating with local path
[LNS] Successfully updated global solution with pseudo-agent local paths!
[Current_Solution] Updating global solution for agent 27
[Current_Solution] Global solution is consistent after updating with local path
[LNS] Successfully updated global solution with pseudo-agent local paths!
[Current_Solution] Updating global solution for agent 20
[Current_Solution] INFO: Segment 20 exit adjusted from 5 to 8 due to waiting time
[Current_Solution] Segment 20 lengthened by 3 timesteps; shifting suffix
[Current_Solution] Global solution is consistent before shifting suffix
[Current_Solution] Global solution is consistent after shifting suffix
[Current_Solution] Global solution is consistent after updating with local path
[LNS] Successfully updated global solution with pseudo-agent local paths!
[Current_Solution] Updating global solution for agent 11
[Current_Solution] INFO: Segment 11 exit adjusted from 8 to 18 due to waiting time
[Current_Solution] Segment 11 lengthened by 10 timesteps; shifting suffix
[Current_Solution] Global solution is consistent before shifting suffix
[Current_Solution] Global solution is consistent after shifting suffix
[Current_Solution] Global solution is consistent after updating with local path
[LNS] Successfully updated global solution with pseudo-agent local paths!
[Current_Solution] Updating global solution for agent 0
[Current_Solution] Global solution is consistent after updating with local path
[LNS] Successfully updated global solution with pseudo-agent local paths!
[LNS] Updating path map with new local paths...
[LNS] Successfully updated global solution with local paths and pseudo agents!
[Solve_local_zone] Successfully solved local zone
[Solve_local_zone] Final local zone size: 17 (2.49267% of all walkable positions)
[LNS] Successfully solved local zone
[LNS] Analyzing conflicts...
[LNS] Current solution: vertex collisions=44, edge collisions=17
[LNS] Creating conflict buckets...
[LOCAL ZONE] Building diamond bucket for conflict 44
[LOCAL ZONE] Built diamond bucket for conflict 44 with 10 positions, 6 conflicts, 10 - 13 time window
[LNS] Selected most relevant bucket 0 with time window: 10 - 13, 6 conflicts and 10 positions.
[LNS] Solving the best bucket Local Zone...
[Solve_local_zone] Current local zone size: 10 (1.46628% of all walkable positions)
[Solve_local_zone] Local zone time window: [9, 14]
[Current_Solution] Agent 23 used 3 waiting timesteps, 41 remaining
[Waiting_time_Solve] Agent 0 has waiting time 38
[Waiting_time_Solve] Agent 1 has waiting time 44
[Waiting_time_Solve] Agent 2 has waiting time 25
[Waiting_time_Solve] Agent 3 has waiting time 26
[Waiting_time_Solve] Agent 4 has waiting time 15
[Waiting_time_Solve] Agent 5 has waiting time 44
[Waiting_time_Solve] Agent 6 has waiting time 2
[Waiting_time_Solve] Agent 7 has waiting time 4
[Waiting_time_Solve] Agent 8 has waiting time 52
[Waiting_time_Solve] Agent 9 has waiting time 19
[Waiting_time_Solve] Agent 10 has waiting time 1
[Waiting_time_Solve] Agent 11 has waiting time 27
[Waiting_time_Solve] Agent 12 has waiting time 6
[Waiting_time_Solve] Agent 13 has waiting time 6
[Waiting_time_Solve] Agent 14 has waiting time 40
[Waiting_time_Solve] Agent 15 has waiting time 16
[Waiting_time_Solve] Agent 16 has waiting time 34
[Waiting_time_Solve] Agent 17 has waiting time 37
[Waiting_time_Solve] Agent 18 has waiting time 25
[Waiting_time_Solve] Agent 19 has waiting time 36
[Waiting_time_Solve] Agent 20 has waiting time 46
[Waiting_time_Solve] Agent 21 has waiting time 22
[Waiting_time_Solve] Agent 22 has waiting time 3
[Waiting_time_Solve] Agent 23 has waiting time 41
[Waiting_time_Solve] Agent 24 has waiting time 25
[Waiting_time_Solve] Agent 25 has waiting time 6
[Waiting_time_Solve] Agent 26 has waiting time 14
[Waiting_time_Solve] Agent 27 has waiting time 14
[Waiting_time_Solve] Agent 28 has waiting time 7
[Waiting_time_Solve] Agent 29 has waiting time 41
[Waiting_time_Solve] Agent 30 has waiting time 1
[Waiting_time_Solve] Agent 31 has waiting time 25
[Waiting_time_Solve] Agent 32 has waiting time 4
[Waiting_time_Solve] Agent 33 has waiting time 15
[Waiting_time_Solve] Agent 34 has waiting time 31
[Waiting_time_Solve] Agent 35 has waiting time 4
[Waiting_time_Solve] Agent 36 has waiting time 46
[Waiting_time_Solve] Agent 37 has waiting time 29
[Waiting_time_Solve] Agent 38 has waiting time 29
[Waiting_time_Solve] Agent 39 has waiting time 31
[Waiting_time_Solve] Agent 40 has waiting time 24
[Waiting_time_Solve] Agent 41 has waiting time 40
[Waiting_time_Solve] Agent 42 has waiting time 30
[Waiting_time_Solve] Agent 43 has waiting time 16
[Waiting_time_Solve] Agent 44 has waiting time 24
[Waiting_time_Solve] Agent 45 has waiting time 0
[Waiting_time_Solve] Agent 46 has waiting time 40
[Waiting_time_Solve] Agent 47 has waiting time 53
[Waiting_time_Solve] Agent 48 has waiting time 20
[Waiting_time_Solve] Agent 49 has waiting time 31
[Waiting_time_Solve] Total available waiting time: 1209
[Waiting_time_Solve] Max iterations: 1209
[Waiting_time_Solve] Iteration 0...
[SAT] Start solving CNF: 82 clauses and 39 variables
[SAT] Agent 27 entry time: 10 exit time: 12
[SAT] Agent 38 entry time: 9 exit time: 13
[SAT] Agent 25 entry time: 9 exit time: 13
[SAT] Agent 23 entry time: 10 exit time: 14
[SAT] Agent 22 entry time: 9 exit time: 14
[SAT] Agent 0 entry time: 11 exit time: 14

[SAT] Start time: 9 End time: 14

[SAT] Solving local zone with SAT iteration 1...
[SAT] Local CNF: 82 clauses 

DEBUG: Adding 82 new clauses to MiniSAT (incremental run)
DEBUG: Clause load summary: input=82, added=82, tautologies_skipped=0, duplicates_skipped=0, unit_clauses=23, empties=0, intra_clause_literals_removed=0, added_but_db_unchanged=22
DEBUG: After adding clauses, solver has 37 clauses and 39 variables
DEBUG: MiniSAT found 39 variables
DEBUG: Assignment size: 39
DEBUG: First few assignment values: 1 1 1 1 1 1 1 1 1 1 

=== DEBUG: cnf_assignment_to_paths ===
Input assignment size: 39

=== END DEBUG ===
[SAT] Found 3 vertex collisions and 2 edge collisions
[SAT] Adding collision clauses and solving again...
[SAT] Solving local zone with SAT iteration 2...
[SAT] Local CNF: 87 clauses 

DEBUG: Adding 5 new clauses to MiniSAT (incremental run)
[SAT] Local problem appears to be unsatisfiable in current zone
[Waiting_time_Solve] No solution found, trying to apply waiting time:1
[Waiting_time_Solve] Applying waiting time 1 to agent 23 who has waiting time 41
[Current_Solution] Agent 23 used 1 waiting timesteps, 40 remaining
[Waiting_time_Solve] New path is consistent after applying waiting time for agent 23
[Current_Solution] Agent 23 used 1 waiting timesteps, 39 remaining
[Waiting_time_Solve] Applied 1 waiting time  for agent 23 who has waiting time 39
[Waiting_time_Solve] Applying waiting time 1 to agent 38 who has waiting time 29
[Waiting_time_Solve] New path is consistent after applying waiting time for agent 38
[Current_Solution] Agent 38 used 1 waiting timesteps, 28 remaining
[Waiting_time_Solve] Applied 1 waiting time  for agent 38 who has waiting time 28
[Waiting_time_Solve] Applying waiting time 1 to agent 0 who has waiting time 38
[Waiting_time_Solve] New path is consistent after applying waiting time for agent 0
[Current_Solution] Agent 0 used 1 waiting timesteps, 37 remaining
[Waiting_time_Solve] Applied 1 waiting time  for agent 0 who has waiting time 37
[Waiting_time_Solve] ALL Waiting time applied
[Waiting_time_Solve] Extended Zone end time from 14 to 15
[Waiting_time_Solve] Iteration 1...
[SAT] Start solving CNF: 137 clauses and 56 variables
[SAT] Agent 27 entry time: 10 exit time: 12
[SAT] Agent 38 entry time: 9 exit time: 14
[SAT] Agent 25 entry time: 9 exit time: 13
[SAT] Agent 23 entry time: 10 exit time: 15
[SAT] Agent 22 entry time: 9 exit time: 14
[SAT] Agent 0 entry time: 11 exit time: 15

[SAT] Start time: 9 End time: 15

[SAT] Solving local zone with SAT iteration 1...
[SAT] Local CNF: 142 clauses 

DEBUG: Adding 142 new clauses to MiniSAT (incremental run)
DEBUG: Clause load summary: input=142, added=142, tautologies_skipped=0, duplicates_skipped=0, unit_clauses=18, empties=0, intra_clause_literals_removed=0, added_but_db_unchanged=21
DEBUG: After adding clauses, solver has 103 clauses and 56 variables
DEBUG: MiniSAT found 56 variables
DEBUG: Assignment size: 56
DEBUG: First few assignment values: 1 1 1 1 0 1 0 1 0 1 

=== DEBUG: cnf_assignment_to_paths ===
Input assignment size: 56

=== END DEBUG ===
[SAT] Found 3 vertex collisions and 2 edge collisions
[SAT] Adding collision clauses and solving again...
[SAT] Solving local zone with SAT iteration 2...
[SAT] Local CNF: 147 clauses 

DEBUG: Adding 5 new clauses to MiniSAT (incremental run)
[SAT] Local problem appears to be unsatisfiable in current zone
[Waiting_time_Solve] No solution found, trying to apply waiting time:2
[Waiting_time_Solve] Applying waiting time 2 to agent 0 who has waiting time 37
[Waiting_time_Solve] New path is consistent after applying waiting time for agent 0
[Current_Solution] Agent 0 used 2 waiting timesteps, 35 remaining
[Waiting_time_Solve] Applied 2 waiting time  for agent 0 who has waiting time 35
[Waiting_time_Solve] Applying waiting time 2 to agent 23 who has waiting time 39
[Current_Solution] Agent 23 used 1 waiting timesteps, 38 remaining
[Waiting_time_Solve] New path is consistent after applying waiting time for agent 23
[Current_Solution] Agent 23 used 2 waiting timesteps, 36 remaining
[Waiting_time_Solve] Applied 2 waiting time  for agent 23 who has waiting time 36
[Waiting_time_Solve] Applying waiting time 2 to agent 38 who has waiting time 28
[Waiting_time_Solve] New path is consistent after applying waiting time for agent 38
[Current_Solution] Agent 38 used 2 waiting timesteps, 26 remaining
[Waiting_time_Solve] Applied 2 waiting time  for agent 38 who has waiting time 26
[Waiting_time_Solve] ALL Waiting time applied
[Waiting_time_Solve] Extended Zone end time from 15 to 17
[Waiting_time_Solve] Iteration 2...
[SAT] Start solving CNF: 366 clauses and 110 variables
[SAT] Agent 27 entry time: 10 exit time: 12
[SAT] Agent 38 entry time: 9 exit time: 16
[SAT] Agent 25 entry time: 9 exit time: 13
[SAT] Agent 23 entry time: 10 exit time: 17
[SAT] Agent 22 entry time: 9 exit time: 14
[SAT] Agent 0 entry time: 11 exit time: 17

[SAT] Start time: 9 End time: 17

[SAT] Solving local zone with SAT iteration 1...
[SAT] Local CNF: 376 clauses 

DEBUG: Adding 376 new clauses to MiniSAT (incremental run)
DEBUG: Clause load summary: input=376, added=376, tautologies_skipped=0, duplicates_skipped=0, unit_clauses=18, empties=0, intra_clause_literals_removed=0, added_but_db_unchanged=26
DEBUG: After adding clauses, solver has 332 clauses and 110 variables
DEBUG: MiniSAT found 110 variables
DEBUG: Assignment size: 110
DEBUG: First few assignment values: 1 1 1 1 0 1 0 0 0 1 

=== DEBUG: cnf_assignment_to_paths ===
Input assignment size: 110

=== END DEBUG ===
[SAT] Found 3 vertex collisions and 2 edge collisions
[SAT] Adding collision clauses and solving again...
[SAT] Solving local zone with SAT iteration 2...
[SAT] Local CNF: 381 clauses 

DEBUG: Adding 5 new clauses to MiniSAT (incremental run)
DEBUG: Clause load summary: input=5, added=5, tautologies_skipped=0, duplicates_skipped=0, unit_clauses=0, empties=0, intra_clause_literals_removed=0, added_but_db_unchanged=2
DEBUG: After adding clauses, solver has 314 clauses and 110 variables
DEBUG: MiniSAT found 110 variables
DEBUG: Assignment size: 110
DEBUG: First few assignment values: 1 1 1 1 0 1 0 0 0 0 

=== DEBUG: cnf_assignment_to_paths ===
Input assignment size: 110

=== END DEBUG ===
[SAT] Found 3 vertex collisions and 2 edge collisions
[SAT] Adding collision clauses and solving again...
[SAT] Solving local zone with SAT iteration 3...
[SAT] Local CNF: 386 clauses 

DEBUG: Adding 5 new clauses to MiniSAT (incremental run)
DEBUG: Clause load summary: input=5, added=5, tautologies_skipped=0, duplicates_skipped=0, unit_clauses=0, empties=0, intra_clause_literals_removed=0, added_but_db_unchanged=3
DEBUG: After adding clauses, solver has 316 clauses and 110 variables
DEBUG: MiniSAT found 110 variables
DEBUG: Assignment size: 110
DEBUG: First few assignment values: 1 1 1 1 0 1 0 0 0 0 

=== DEBUG: cnf_assignment_to_paths ===
Input assignment size: 110

=== END DEBUG ===
[SAT] Found 2 vertex collisions and 1 edge collisions
[SAT] Adding collision clauses and solving again...
[SAT] Solving local zone with SAT iteration 4...
[SAT] Local CNF: 389 clauses 

DEBUG: Adding 3 new clauses to MiniSAT (incremental run)
DEBUG: Clause load summary: input=3, added=3, tautologies_skipped=0, duplicates_skipped=0, unit_clauses=0, empties=0, intra_clause_literals_removed=0, added_but_db_unchanged=2
DEBUG: After adding clauses, solver has 317 clauses and 110 variables
DEBUG: MiniSAT found 110 variables
DEBUG: Assignment size: 110
DEBUG: First few assignment values: 1 1 1 1 0 0 0 0 1 0 

=== DEBUG: cnf_assignment_to_paths ===
Input assignment size: 110

=== END DEBUG ===
[SAT] Found 2 vertex collisions and 1 edge collisions
[SAT] Adding collision clauses and solving again...
[SAT] Solving local zone with SAT iteration 5...
[SAT] Local CNF: 392 clauses 

DEBUG: Adding 3 new clauses to MiniSAT (incremental run)
DEBUG: Clause load summary: input=3, added=3, tautologies_skipped=0, duplicates_skipped=0, unit_clauses=0, empties=0, intra_clause_literals_removed=0, added_but_db_unchanged=1
DEBUG: After adding clauses, solver has 319 clauses and 110 variables
DEBUG: MiniSAT found 110 variables
DEBUG: Assignment size: 110
DEBUG: First few assignment values: 1 1 1 1 0 0 0 0 1 0 

=== DEBUG: cnf_assignment_to_paths ===
Input assignment size: 110

=== END DEBUG ===
[SAT] Found 1 vertex collisions and 0 edge collisions
[SAT] Adding collision clauses and solving again...
[SAT] Solving local zone with SAT iteration 6...
[SAT] Local CNF: 393 clauses 

DEBUG: Adding 1 new clauses to MiniSAT (incremental run)
DEBUG: Clause load summary: input=1, added=1, tautologies_skipped=0, duplicates_skipped=0, unit_clauses=0, empties=0, intra_clause_literals_removed=0, added_but_db_unchanged=0
DEBUG: After adding clauses, solver has 320 clauses and 110 variables
[SAT] Local problem appears to be unsatisfiable in current zone
[Waiting_time_Solve] No solution found, trying to apply waiting time:3
[Waiting_time_Solve] Applying waiting time 3 to agent 23 who has waiting time 36
[Current_Solution] Agent 23 used 1 waiting timesteps, 35 remaining
[Waiting_time_Solve] New path is consistent after applying waiting time for agent 23
[Current_Solution] Agent 23 used 3 waiting timesteps, 32 remaining
[Waiting_time_Solve] Applied 3 waiting time  for agent 23 who has waiting time 32
[Waiting_time_Solve] Applying waiting time 3 to agent 38 who has waiting time 26
[Waiting_time_Solve] New path is consistent after applying waiting time for agent 38
[Current_Solution] Agent 38 used 3 waiting timesteps, 23 remaining
[Waiting_time_Solve] Applied 3 waiting time  for agent 38 who has waiting time 23
[Waiting_time_Solve] ALL Waiting time applied
[Waiting_time_Solve] Extended Zone end time from 17 to 20
[Waiting_time_Solve] Iteration 3...
[SAT] Start solving CNF: 720 clauses and 178 variables
[SAT] Agent 27 entry time: 10 exit time: 12
[SAT] Agent 38 entry time: 9 exit time: 19
[SAT] Agent 25 entry time: 9 exit time: 13
[SAT] Agent 23 entry time: 10 exit time: 20
[SAT] Agent 22 entry time: 9 exit time: 14
[SAT] Agent 0 entry time: 11 exit time: 19

[SAT] Start time: 9 End time: 20

[SAT] Solving local zone with SAT iteration 1...
[SAT] Local CNF: 747 clauses 

DEBUG: Adding 747 new clauses to MiniSAT (incremental run)
DEBUG: Clause load summary: input=747, added=747, tautologies_skipped=0, duplicates_skipped=0, unit_clauses=18, empties=0, intra_clause_literals_removed=0, added_but_db_unchanged=33
DEBUG: After adding clauses, solver has 696 clauses and 178 variables
DEBUG: MiniSAT found 178 variables
DEBUG: Assignment size: 178
DEBUG: First few assignment values: 1 1 1 1 0 0 0 0 1 0 

=== DEBUG: cnf_assignment_to_paths ===
Input assignment size: 178

=== END DEBUG ===
[SAT] Found 4 vertex collisions and 1 edge collisions
[SAT] Adding collision clauses and solving again...
[SAT] Solving local zone with SAT iteration 2...
[SAT] Local CNF: 752 clauses 

DEBUG: Adding 5 new clauses to MiniSAT (incremental run)
DEBUG: Clause load summary: input=5, added=5, tautologies_skipped=0, duplicates_skipped=0, unit_clauses=0, empties=0, intra_clause_literals_removed=0, added_but_db_unchanged=2
DEBUG: After adding clauses, solver has 653 clauses and 178 variables
DEBUG: MiniSAT found 178 variables
DEBUG: Assignment size: 178
DEBUG: First few assignment values: 1 1 1 1 0 0 0 0 1 0 

=== DEBUG: cnf_assignment_to_paths ===
Input assignment size: 178

=== END DEBUG ===
[SAT] Found 0 vertex collisions and 0 edge collisions
[SAT] Found collision-free local solution!
[Waiting_time_Solve] Solution found, updating global solution
[LNS] Updating global solution with pseudo-agent local paths...
[Current_Solution] Updating global solution for agent 27
[Current_Solution] Global solution is consistent after updating with local path
[LNS] Successfully updated global solution with pseudo-agent local paths!
[Current_Solution] Updating global solution for agent 38
[Current_Solution] INFO: Segment 38 exit adjusted from 13 to 19 due to waiting time
[Current_Solution] Segment 38 lengthened by 6 timesteps; shifting suffix
[Current_Solution] Global solution is consistent before shifting suffix
[Current_Solution] Global solution is consistent after shifting suffix
[Current_Solution] Global solution is consistent after updating with local path
[LNS] Successfully updated global solution with pseudo-agent local paths!
[Current_Solution] Updating global solution for agent 25
[Current_Solution] Global solution is consistent after updating with local path
[LNS] Successfully updated global solution with pseudo-agent local paths!
[Current_Solution] Updating global solution for agent 23
[Current_Solution] INFO: Segment 23 exit adjusted from 14 to 20 due to waiting time
[Current_Solution] Segment 23 lengthened by 6 timesteps; shifting suffix
[Current_Solution] Global solution is consistent before shifting suffix
[Current_Solution] Global solution is consistent after shifting suffix
[Current_Solution] Global solution is consistent after updating with local path
[LNS] Successfully updated global solution with pseudo-agent local paths!
[Current_Solution] Updating global solution for agent 22
[Current_Solution] Global solution is consistent after updating with local path
[LNS] Successfully updated global solution with pseudo-agent local paths!
[Current_Solution] Updating global solution for agent 0
[Current_Solution] INFO: Segment 0 exit adjusted from 14 to 19 due to waiting time
[Current_Solution] Segment 0 lengthened by 5 timesteps; shifting suffix
[Current_Solution] Global solution is consistent before shifting suffix
[Current_Solution] Global solution is consistent after shifting suffix
[Current_Solution] Global solution is consistent after updating with local path
[LNS] Successfully updated global solution with pseudo-agent local paths!
[LNS] Updating path map with new local paths...
[LNS] Successfully updated global solution with local paths and pseudo agents!
[Solve_local_zone] Successfully solved local zone
[Solve_local_zone] Final local zone size: 10 (1.46628% of all walkable positions)
[LNS] Successfully solved local zone
[LNS] Analyzing conflicts...
[LNS] Current solution: vertex collisions=39, edge collisions=15
[LNS] Creating conflict buckets...
[LOCAL ZONE] Building diamond bucket for conflict 39
[LOCAL ZONE] Built diamond bucket for conflict 39 with 6 positions, 1 conflicts, 11 - 11 time window
[LNS] Selected most relevant bucket 39 with time window: 11 - 11, 1 conflicts and 6 positions.
[LNS] Solving the best bucket Local Zone...
[Solve_local_zone] Current local zone size: 6 (0.879765% of all walkable positions)
[Solve_local_zone] Local zone time window: [10, 12]
[Waiting_time_Solve] Agent 0 has waiting time 35
[Waiting_time_Solve] Agent 1 has waiting time 44
[Waiting_time_Solve] Agent 2 has waiting time 25
[Waiting_time_Solve] Agent 3 has waiting time 26
[Waiting_time_Solve] Agent 4 has waiting time 15
[Waiting_time_Solve] Agent 5 has waiting time 44
[Waiting_time_Solve] Agent 6 has waiting time 2
[Waiting_time_Solve] Agent 7 has waiting time 4
[Waiting_time_Solve] Agent 8 has waiting time 52
[Waiting_time_Solve] Agent 9 has waiting time 19
[Waiting_time_Solve] Agent 10 has waiting time 1
[Waiting_time_Solve] Agent 11 has waiting time 27
[Waiting_time_Solve] Agent 12 has waiting time 6
[Waiting_time_Solve] Agent 13 has waiting time 6
[Waiting_time_Solve] Agent 14 has waiting time 40
[Waiting_time_Solve] Agent 15 has waiting time 16
[Waiting_time_Solve] Agent 16 has waiting time 34
[Waiting_time_Solve] Agent 17 has waiting time 37
[Waiting_time_Solve] Agent 18 has waiting time 25
[Waiting_time_Solve] Agent 19 has waiting time 36
[Waiting_time_Solve] Agent 20 has waiting time 46
[Waiting_time_Solve] Agent 21 has waiting time 22
[Waiting_time_Solve] Agent 22 has waiting time 3
[Waiting_time_Solve] Agent 23 has waiting time 32
[Waiting_time_Solve] Agent 24 has waiting time 25
[Waiting_time_Solve] Agent 25 has waiting time 6
[Waiting_time_Solve] Agent 26 has waiting time 14
[Waiting_time_Solve] Agent 27 has waiting time 14
[Waiting_time_Solve] Agent 28 has waiting time 7
[Waiting_time_Solve] Agent 29 has waiting time 41
[Waiting_time_Solve] Agent 30 has waiting time 1
[Waiting_time_Solve] Agent 31 has waiting time 25
[Waiting_time_Solve] Agent 32 has waiting time 4
[Waiting_time_Solve] Agent 33 has waiting time 15
[Waiting_time_Solve] Agent 34 has waiting time 31
[Waiting_time_Solve] Agent 35 has waiting time 4
[Waiting_time_Solve] Agent 36 has waiting time 46
[Waiting_time_Solve] Agent 37 has waiting time 29
[Waiting_time_Solve] Agent 38 has waiting time 23
[Waiting_time_Solve] Agent 39 has waiting time 31
[Waiting_time_Solve] Agent 40 has waiting time 24
[Waiting_time_Solve] Agent 41 has waiting time 40
[Waiting_time_Solve] Agent 42 has waiting time 30
[Waiting_time_Solve] Agent 43 has waiting time 16
[Waiting_time_Solve] Agent 44 has waiting time 24
[Waiting_time_Solve] Agent 45 has waiting time 0
[Waiting_time_Solve] Agent 46 has waiting time 40
[Waiting_time_Solve] Agent 47 has waiting time 53
[Waiting_time_Solve] Agent 48 has waiting time 20
[Waiting_time_Solve] Agent 49 has waiting time 31
[Waiting_time_Solve] Total available waiting time: 1191
[Waiting_time_Solve] Max iterations: 1191
[Waiting_time_Solve] Iteration 0...
[SAT] Start solving CNF: 10 clauses and 6 variables
[SAT] Agent 40 entry time: 10 exit time: 12
[SAT] Agent 34 entry time: 10 exit time: 12

[SAT] Start time: 10 End time: 12

[SAT] Solving local zone with SAT iteration 1...
[SAT] Local CNF: 10 clauses 

DEBUG: Adding 10 new clauses to MiniSAT (incremental run)
DEBUG: Clause load summary: input=10, added=10, tautologies_skipped=0, duplicates_skipped=0, unit_clauses=6, empties=0, intra_clause_literals_removed=0, added_but_db_unchanged=4
DEBUG: After adding clauses, solver has 0 clauses and 6 variables
DEBUG: MiniSAT found 6 variables
DEBUG: Assignment size: 6
DEBUG: First few assignment values: 1 1 1 1 1 1 

=== DEBUG: cnf_assignment_to_paths ===
Input assignment size: 6

=== END DEBUG ===
[SAT] Found 0 vertex collisions and 1 edge collisions
[SAT] Adding collision clauses and solving again...
[SAT] Solving local zone with SAT iteration 2...
[SAT] Local CNF: 11 clauses 

DEBUG: Adding 1 new clauses to MiniSAT (incremental run)
[SAT] Local problem appears to be unsatisfiable in current zone
[Waiting_time_Solve] No solution found, trying to apply waiting time:1
[Waiting_time_Solve] Applying waiting time 1 to agent 34 who has waiting time 31
[Waiting_time_Solve] New path is consistent after applying waiting time for agent 34
[Current_Solution] Agent 34 used 1 waiting timesteps, 30 remaining
[Waiting_time_Solve] Applied 1 waiting time  for agent 34 who has waiting time 30
[Waiting_time_Solve] ALL Waiting time applied
[Waiting_time_Solve] Extended Zone end time from 12 to 13
[Create_Local_Problem] Agent 42 is new in the zone
[Waiting_time_Solve] Iteration 1...
[SAT] Start solving CNF: 19 clauses and 11 variables
[SAT] Agent 42 entry time: 13 exit time: 13
[SAT] Agent 40 entry time: 10 exit time: 13
[SAT] Agent 34 entry time: 10 exit time: 13

[SAT] Start time: 10 End time: 13

[SAT] Solving local zone with SAT iteration 1...
[SAT] Local CNF: 20 clauses 

DEBUG: Adding 20 new clauses to MiniSAT (incremental run)
DEBUG: Clause load summary: input=20, added=20, tautologies_skipped=0, duplicates_skipped=0, unit_clauses=7, empties=0, intra_clause_literals_removed=0, added_but_db_unchanged=5
DEBUG: After adding clauses, solver has 8 clauses and 11 variables
DEBUG: MiniSAT found 11 variables
DEBUG: Assignment size: 11
DEBUG: First few assignment values: 1 1 1 1 1 1 0 1 0 1 

=== DEBUG: cnf_assignment_to_paths ===
Input assignment size: 11

=== END DEBUG ===
[SAT] Found 1 vertex collisions and 0 edge collisions
[SAT] Adding collision clauses and solving again...
[SAT] Solving local zone with SAT iteration 2...
[SAT] Local CNF: 21 clauses 

DEBUG: Adding 1 new clauses to MiniSAT (incremental run)
[SAT] Local problem appears to be unsatisfiable in current zone
[Waiting_time_Solve] No solution found, trying to apply waiting time:2
[Waiting_time_Solve] Applying waiting time 2 to agent 34 who has waiting time 30
[Waiting_time_Solve] New path is consistent after applying waiting time for agent 34
[Current_Solution] Agent 34 used 2 waiting timesteps, 28 remaining
[Waiting_time_Solve] Applied 2 waiting time  for agent 34 who has waiting time 28
[Waiting_time_Solve] ALL Waiting time applied
[Waiting_time_Solve] Extended Zone end time from 13 to 15
[Create_Local_Problem] Agent 7 is new in the zone
[Waiting_time_Solve] Iteration 2...
[SAT] Start solving CNF: 64 clauses and 26 variables
[SAT] Agent 7 entry time: 14 exit time: 14
[SAT] Agent 42 entry time: 13 exit time: 15
[SAT] Agent 40 entry time: 10 exit time: 13
[SAT] Agent 34 entry time: 10 exit time: 15

[SAT] Start time: 10 End time: 15

[SAT] Solving local zone with SAT iteration 1...
[SAT] Local CNF: 66 clauses 

DEBUG: Adding 66 new clauses to MiniSAT (incremental run)
DEBUG: Clause load summary: input=66, added=66, tautologies_skipped=0, duplicates_skipped=0, unit_clauses=10, empties=0, intra_clause_literals_removed=0, added_but_db_unchanged=10
DEBUG: After adding clauses, solver has 46 clauses and 26 variables
DEBUG: MiniSAT found 26 variables
DEBUG: Assignment size: 26
DEBUG: First few assignment values: 1 1 1 1 1 1 1 1 1 0 

=== DEBUG: cnf_assignment_to_paths ===
Input assignment size: 26

=== END DEBUG ===
[SAT] Found 1 vertex collisions and 1 edge collisions
[SAT] Adding collision clauses and solving again...
[SAT] Solving local zone with SAT iteration 2...
[SAT] Local CNF: 68 clauses 

DEBUG: Adding 2 new clauses to MiniSAT (incremental run)
DEBUG: Clause load summary: input=2, added=2, tautologies_skipped=0, duplicates_skipped=0, unit_clauses=0, empties=0, intra_clause_literals_removed=0, added_but_db_unchanged=1
DEBUG: After adding clauses, solver has 43 clauses and 26 variables
DEBUG: MiniSAT found 26 variables
DEBUG: Assignment size: 26
DEBUG: First few assignment values: 1 1 1 1 1 1 1 1 1 0 

=== DEBUG: cnf_assignment_to_paths ===
Input assignment size: 26

=== END DEBUG ===
[SAT] Found 1 vertex collisions and 0 edge collisions
[SAT] Adding collision clauses and solving again...
[SAT] Solving local zone with SAT iteration 3...
[SAT] Local CNF: 69 clauses 

DEBUG: Adding 1 new clauses to MiniSAT (incremental run)
DEBUG: Clause load summary: input=1, added=1, tautologies_skipped=0, duplicates_skipped=0, unit_clauses=0, empties=0, intra_clause_literals_removed=0, added_but_db_unchanged=1
DEBUG: After adding clauses, solver has 43 clauses and 26 variables
DEBUG: MiniSAT found 26 variables
DEBUG: Assignment size: 26
DEBUG: First few assignment values: 1 1 1 1 1 1 1 1 1 1 

=== DEBUG: cnf_assignment_to_paths ===
Input assignment size: 26

=== END DEBUG ===
[SAT] Found 0 vertex collisions and 0 edge collisions
[SAT] Found collision-free local solution!
[Waiting_time_Solve] Solution found, updating global solution
[LNS] Updating global solution with pseudo-agent local paths...
[Current_Solution] Updating global solution for agent 7
[Current_Solution] Global solution is consistent after updating with local path
[LNS] Successfully updated global solution with pseudo-agent local paths!
[Current_Solution] Updating global solution for agent 42
[Current_Solution] INFO: Segment 42 exit adjusted from 13 to 15 due to waiting time
[Current_Solution] Segment 42 lengthened by 2 timesteps; shifting suffix
[Current_Solution] Global solution is consistent before shifting suffix
[Current_Solution] Global solution is consistent after shifting suffix
[Current_Solution] Global solution is consistent after updating with local path
[LNS] Successfully updated global solution with pseudo-agent local paths!
[Current_Solution] Updating global solution for agent 40
[Current_Solution] INFO: Segment 40 exit adjusted from 12 to 13 due to waiting time
[Current_Solution] Segment 40 lengthened by 1 timesteps; shifting suffix
[Current_Solution] Global solution is consistent before shifting suffix
[Current_Solution] Global solution is consistent after shifting suffix
[Current_Solution] Global solution is consistent after updating with local path
[LNS] Successfully updated global solution with pseudo-agent local paths!
[Current_Solution] Updating global solution for agent 34
[Current_Solution] INFO: Segment 34 exit adjusted from 12 to 15 due to waiting time
[Current_Solution] Segment 34 lengthened by 3 timesteps; shifting suffix
[Current_Solution] Global solution is consistent before shifting suffix
[Current_Solution] Global solution is consistent after shifting suffix
[Current_Solution] Global solution is consistent after updating with local path
[LNS] Successfully updated global solution with pseudo-agent local paths!
[LNS] Updating path map with new local paths...
[LNS] Successfully updated global solution with local paths and pseudo agents!
[Solve_local_zone] Successfully solved local zone
[Solve_local_zone] Final local zone size: 6 (0.879765% of all walkable positions)
[LNS] Successfully solved local zone
[LNS] Analyzing conflicts...
[LNS] Current solution: vertex collisions=37, edge collisions=14
[LNS] Creating conflict buckets...
[LOCAL ZONE] Building diamond bucket for conflict 37
[LOCAL ZONE] Built diamond bucket for conflict 37 with 6 positions, 1 conflicts, 13 - 13 time window
[LNS] Selected most relevant bucket 37 with time window: 13 - 13, 1 conflicts and 6 positions.
[LNS] Solving the best bucket Local Zone...
[Solve_local_zone] Current local zone size: 6 (0.879765% of all walkable positions)
[Solve_local_zone] Local zone time window: [12, 14]
[Waiting_time_Solve] Agent 0 has waiting time 35
[Waiting_time_Solve] Agent 1 has waiting time 44
[Waiting_time_Solve] Agent 2 has waiting time 25
[Waiting_time_Solve] Agent 3 has waiting time 26
[Waiting_time_Solve] Agent 4 has waiting time 15
[Waiting_time_Solve] Agent 5 has waiting time 44
[Waiting_time_Solve] Agent 6 has waiting time 2
[Waiting_time_Solve] Agent 7 has waiting time 4
[Waiting_time_Solve] Agent 8 has waiting time 52
[Waiting_time_Solve] Agent 9 has waiting time 19
[Waiting_time_Solve] Agent 10 has waiting time 1
[Waiting_time_Solve] Agent 11 has waiting time 27
[Waiting_time_Solve] Agent 12 has waiting time 6
[Waiting_time_Solve] Agent 13 has waiting time 6
[Waiting_time_Solve] Agent 14 has waiting time 40
[Waiting_time_Solve] Agent 15 has waiting time 16
[Waiting_time_Solve] Agent 16 has waiting time 34
[Waiting_time_Solve] Agent 17 has waiting time 37
[Waiting_time_Solve] Agent 18 has waiting time 25
[Waiting_time_Solve] Agent 19 has waiting time 36
[Waiting_time_Solve] Agent 20 has waiting time 46
[Waiting_time_Solve] Agent 21 has waiting time 22
[Waiting_time_Solve] Agent 22 has waiting time 3
[Waiting_time_Solve] Agent 23 has waiting time 32
[Waiting_time_Solve] Agent 24 has waiting time 25
[Waiting_time_Solve] Agent 25 has waiting time 6
[Waiting_time_Solve] Agent 26 has waiting time 14
[Waiting_time_Solve] Agent 27 has waiting time 14
[Waiting_time_Solve] Agent 28 has waiting time 7
[Waiting_time_Solve] Agent 29 has waiting time 41
[Waiting_time_Solve] Agent 30 has waiting time 1
[Waiting_time_Solve] Agent 31 has waiting time 25
[Waiting_time_Solve] Agent 32 has waiting time 4
[Waiting_time_Solve] Agent 33 has waiting time 15
[Waiting_time_Solve] Agent 34 has waiting time 28
[Waiting_time_Solve] Agent 35 has waiting time 4
[Waiting_time_Solve] Agent 36 has waiting time 46
[Waiting_time_Solve] Agent 37 has waiting time 29
[Waiting_time_Solve] Agent 38 has waiting time 23
[Waiting_time_Solve] Agent 39 has waiting time 31
[Waiting_time_Solve] Agent 40 has waiting time 24
[Waiting_time_Solve] Agent 41 has waiting time 40
[Waiting_time_Solve] Agent 42 has waiting time 30
[Waiting_time_Solve] Agent 43 has waiting time 16
[Waiting_time_Solve] Agent 44 has waiting time 24
[Waiting_time_Solve] Agent 45 has waiting time 0
[Waiting_time_Solve] Agent 46 has waiting time 40
[Waiting_time_Solve] Agent 47 has waiting time 53
[Waiting_time_Solve] Agent 48 has waiting time 20
[Waiting_time_Solve] Agent 49 has waiting time 31
[Waiting_time_Solve] Total available waiting time: 1188
[Waiting_time_Solve] Max iterations: 1188
[Waiting_time_Solve] Iteration 0...
[SAT] Start solving CNF: 10 clauses and 6 variables
[SAT] Agent 17 entry time: 12 exit time: 14
[SAT] Agent 9 entry time: 12 exit time: 14

[SAT] Start time: 12 End time: 14

[SAT] Solving local zone with SAT iteration 1...
[SAT] Local CNF: 10 clauses 

DEBUG: Adding 10 new clauses to MiniSAT (incremental run)
DEBUG: Clause load summary: input=10, added=10, tautologies_skipped=0, duplicates_skipped=0, unit_clauses=6, empties=0, intra_clause_literals_removed=0, added_but_db_unchanged=4
DEBUG: After adding clauses, solver has 0 clauses and 6 variables
DEBUG: MiniSAT found 6 variables
DEBUG: Assignment size: 6
DEBUG: First few assignment values: 1 1 1 1 1 1 

=== DEBUG: cnf_assignment_to_paths ===
Input assignment size: 6

=== END DEBUG ===
[SAT] Found 0 vertex collisions and 1 edge collisions
[SAT] Adding collision clauses and solving again...
[SAT] Solving local zone with SAT iteration 2...
[SAT] Local CNF: 11 clauses 

DEBUG: Adding 1 new clauses to MiniSAT (incremental run)
[SAT] Local problem appears to be unsatisfiable in current zone
[Waiting_time_Solve] No solution found, trying to apply waiting time:1
[Waiting_time_Solve] Applying waiting time 1 to agent 17 who has waiting time 37
[Waiting_time_Solve] New path is consistent after applying waiting time for agent 17
[Current_Solution] Agent 17 used 1 waiting timesteps, 36 remaining
[Waiting_time_Solve] Applied 1 waiting time  for agent 17 who has waiting time 36
[Waiting_time_Solve] ALL Waiting time applied
[Waiting_time_Solve] Extended Zone end time from 14 to 15
[Waiting_time_Solve] Iteration 1...
[SAT] Start solving CNF: 20 clauses and 11 variables
[SAT] Agent 17 entry time: 12 exit time: 15
[SAT] Agent 9 entry time: 12 exit time: 15

[SAT] Start time: 12 End time: 15

[SAT] Solving local zone with SAT iteration 1...
[SAT] Local CNF: 21 clauses 

DEBUG: Adding 21 new clauses to MiniSAT (incremental run)
DEBUG: Clause load summary: input=21, added=21, tautologies_skipped=0, duplicates_skipped=0, unit_clauses=5, empties=0, intra_clause_literals_removed=0, added_but_db_unchanged=5
DEBUG: After adding clauses, solver has 11 clauses and 11 variables
DEBUG: MiniSAT found 11 variables
DEBUG: Assignment size: 11
DEBUG: First few assignment values: 1 0 1 0 1 1 1 1 1 0 

=== DEBUG: cnf_assignment_to_paths ===
Input assignment size: 11

=== END DEBUG ===
[SAT] Found 0 vertex collisions and 0 edge collisions
[SAT] Found collision-free local solution!
[Waiting_time_Solve] Solution found, updating global solution
[LNS] Updating global solution with pseudo-agent local paths...
[Current_Solution] Updating global solution for agent 17
[Current_Solution] INFO: Segment 17 exit adjusted from 14 to 15 due to waiting time
[Current_Solution] Segment 17 lengthened by 1 timesteps; shifting suffix
[Current_Solution] Global solution is consistent before shifting suffix
[Current_Solution] Global solution is consistent after shifting suffix
[Current_Solution] Global solution is consistent after updating with local path
[LNS] Successfully updated global solution with pseudo-agent local paths!
[Current_Solution] Updating global solution for agent 9
[Current_Solution] INFO: Segment 9 exit adjusted from 14 to 15 due to waiting time
[Current_Solution] Segment 9 lengthened by 1 timesteps; shifting suffix
[Current_Solution] Global solution is consistent before shifting suffix
[Current_Solution] Global solution is consistent after shifting suffix
[Current_Solution] Global solution is consistent after updating with local path
[LNS] Successfully updated global solution with pseudo-agent local paths!
[LNS] Updating path map with new local paths...
[LNS] Successfully updated global solution with local paths and pseudo agents!
[Solve_local_zone] Successfully solved local zone
[Solve_local_zone] Final local zone size: 6 (0.879765% of all walkable positions)
[LNS] Successfully solved local zone
[LNS] Analyzing conflicts...
[LNS] Current solution: vertex collisions=37, edge collisions=13
[LNS] Creating conflict buckets...
[LOCAL ZONE] Building diamond bucket for conflict 0
[LOCAL ZONE] Built diamond bucket for conflict 0 with 4 positions, 1 conflicts, 14 - 14 time window
[LNS] Selected most relevant bucket 0 with time window: 14 - 14, 1 conflicts and 4 positions.
[LNS] Solving the best bucket Local Zone...
[Solve_local_zone] Current local zone size: 4 (0.58651% of all walkable positions)
[Solve_local_zone] Local zone time window: [13, 15]
[Current_Solution] Agent 5 used 4 waiting timesteps, 40 remaining
[Waiting_time_Solve] Agent 0 has waiting time 35
[Waiting_time_Solve] Agent 1 has waiting time 44
[Waiting_time_Solve] Agent 2 has waiting time 25
[Waiting_time_Solve] Agent 3 has waiting time 26
[Waiting_time_Solve] Agent 4 has waiting time 15
[Waiting_time_Solve] Agent 5 has waiting time 40
[Waiting_time_Solve] Agent 6 has waiting time 2
[Waiting_time_Solve] Agent 7 has waiting time 4
[Waiting_time_Solve] Agent 8 has waiting time 52
[Waiting_time_Solve] Agent 9 has waiting time 19
[Waiting_time_Solve] Agent 10 has waiting time 1
[Waiting_time_Solve] Agent 11 has waiting time 27
[Waiting_time_Solve] Agent 12 has waiting time 6
[Waiting_time_Solve] Agent 13 has waiting time 6
[Waiting_time_Solve] Agent 14 has waiting time 40
[Waiting_time_Solve] Agent 15 has waiting time 16
[Waiting_time_Solve] Agent 16 has waiting time 34
[Waiting_time_Solve] Agent 17 has waiting time 36
[Waiting_time_Solve] Agent 18 has waiting time 25
[Waiting_time_Solve] Agent 19 has waiting time 36
[Waiting_time_Solve] Agent 20 has waiting time 46
[Waiting_time_Solve] Agent 21 has waiting time 22
[Waiting_time_Solve] Agent 22 has waiting time 3
[Waiting_time_Solve] Agent 23 has waiting time 32
[Waiting_time_Solve] Agent 24 has waiting time 25
[Waiting_time_Solve] Agent 25 has waiting time 6
[Waiting_time_Solve] Agent 26 has waiting time 14
[Waiting_time_Solve] Agent 27 has waiting time 14
[Waiting_time_Solve] Agent 28 has waiting time 7
[Waiting_time_Solve] Agent 29 has waiting time 41
[Waiting_time_Solve] Agent 30 has waiting time 1
[Waiting_time_Solve] Agent 31 has waiting time 25
[Waiting_time_Solve] Agent 32 has waiting time 4
[Waiting_time_Solve] Agent 33 has waiting time 15
[Waiting_time_Solve] Agent 34 has waiting time 28
[Waiting_time_Solve] Agent 35 has waiting time 4
[Waiting_time_Solve] Agent 36 has waiting time 46
[Waiting_time_Solve] Agent 37 has waiting time 29
[Waiting_time_Solve] Agent 38 has waiting time 23
[Waiting_time_Solve] Agent 39 has waiting time 31
[Waiting_time_Solve] Agent 40 has waiting time 24
[Waiting_time_Solve] Agent 41 has waiting time 40
[Waiting_time_Solve] Agent 42 has waiting time 30
[Waiting_time_Solve] Agent 43 has waiting time 16
[Waiting_time_Solve] Agent 44 has waiting time 24
[Waiting_time_Solve] Agent 45 has waiting time 0
[Waiting_time_Solve] Agent 46 has waiting time 40
[Waiting_time_Solve] Agent 47 has waiting time 53
[Waiting_time_Solve] Agent 48 has waiting time 20
[Waiting_time_Solve] Agent 49 has waiting time 31
[Waiting_time_Solve] Total available waiting time: 1183
[Waiting_time_Solve] Max iterations: 1183
[Waiting_time_Solve] Iteration 0...
[SAT] Start solving CNF: 19 clauses and 9 variables
[SAT] Agent 48 entry time: 13 exit time: 15
[SAT] Agent 5 entry time: 13 exit time: 15

[SAT] Start time: 13 End time: 15

[SAT] Solving local zone with SAT iteration 1...
[SAT] Local CNF: 19 clauses 

DEBUG: Adding 19 new clauses to MiniSAT (incremental run)
DEBUG: Clause load summary: input=19, added=19, tautologies_skipped=0, duplicates_skipped=0, unit_clauses=5, empties=0, intra_clause_literals_removed=0, added_but_db_unchanged=6
DEBUG: After adding clauses, solver has 8 clauses and 9 variables
DEBUG: MiniSAT found 9 variables
DEBUG: Assignment size: 9
DEBUG: First few assignment values: 1 1 1 1 0 1 0 0 1 

=== DEBUG: cnf_assignment_to_paths ===
Input assignment size: 9

=== END DEBUG ===
[SAT] Found 0 vertex collisions and 1 edge collisions
[SAT] Adding collision clauses and solving again...
[SAT] Solving local zone with SAT iteration 2...
[SAT] Local CNF: 20 clauses 

DEBUG: Adding 1 new clauses to MiniSAT (incremental run)
DEBUG: Clause load summary: input=1, added=1, tautologies_skipped=0, duplicates_skipped=0, unit_clauses=0, empties=0, intra_clause_literals_removed=0, added_but_db_unchanged=1
DEBUG: After adding clauses, solver has 8 clauses and 9 variables
DEBUG: MiniSAT found 9 variables
DEBUG: Assignment size: 9
DEBUG: First few assignment values: 1 1 1 1 0 0 1 0 1 

=== DEBUG: cnf_assignment_to_paths ===
Input assignment size: 9

=== END DEBUG ===
[SAT] Found 0 vertex collisions and 0 edge collisions
[SAT] Found collision-free local solution!
[Waiting_time_Solve] Solution found, updating global solution
[LNS] Updating global solution with pseudo-agent local paths...
[Current_Solution] Updating global solution for agent 48
[Current_Solution] Global solution is consistent after updating with local path
[LNS] Successfully updated global solution with pseudo-agent local paths!
[Current_Solution] Updating global solution for agent 5
[Current_Solution] Global solution is consistent after updating with local path
[LNS] Successfully updated global solution with pseudo-agent local paths!
[LNS] Updating path map with new local paths...
[LNS] Successfully updated global solution with local paths and pseudo agents!
[Solve_local_zone] Successfully solved local zone
[Solve_local_zone] Final local zone size: 4 (0.58651% of all walkable positions)
[LNS] Successfully solved local zone
[LNS] Analyzing conflicts...
[LNS] Current solution: vertex collisions=36, edge collisions=13
[LNS] Creating conflict buckets...
[LOCAL ZONE] Building diamond bucket for conflict 0
[LOCAL ZONE] Built diamond bucket for conflict 0 with 9 positions, 7 conflicts, 16 - 18 time window
[LOCAL ZONE] Building diamond bucket for conflict 3
[LOCAL ZONE] Built diamond bucket for conflict 3 with 8 positions, 2 conflicts, 16 - 16 time window
[LOCAL ZONE] Building diamond bucket for conflict 4
[LOCAL ZONE] Built diamond bucket for conflict 4 with 4 positions, 1 conflicts, 16 - 16 time window
[LNS] Selected most relevant bucket 0 with time window: 16 - 18, 7 conflicts and 9 positions.
[LNS] Solving the best bucket Local Zone...
[Solve_local_zone] Current local zone size: 9 (1.31965% of all walkable positions)
[Solve_local_zone] Local zone time window: [15, 19]
[Waiting_time_Solve] Agent 0 has waiting time 35
[Waiting_time_Solve] Agent 1 has waiting time 44
[Waiting_time_Solve] Agent 2 has waiting time 25
[Waiting_time_Solve] Agent 3 has waiting time 26
[Waiting_time_Solve] Agent 4 has waiting time 15
[Waiting_time_Solve] Agent 5 has waiting time 40
[Waiting_time_Solve] Agent 6 has waiting time 2
[Waiting_time_Solve] Agent 7 has waiting time 4
[Waiting_time_Solve] Agent 8 has waiting time 52
[Waiting_time_Solve] Agent 9 has waiting time 19
[Waiting_time_Solve] Agent 10 has waiting time 1
[Waiting_time_Solve] Agent 11 has waiting time 27
[Waiting_time_Solve] Agent 12 has waiting time 6
[Waiting_time_Solve] Agent 13 has waiting time 6
[Waiting_time_Solve] Agent 14 has waiting time 40
[Waiting_time_Solve] Agent 15 has waiting time 16
[Waiting_time_Solve] Agent 16 has waiting time 34
[Waiting_time_Solve] Agent 17 has waiting time 36
[Waiting_time_Solve] Agent 18 has waiting time 25
[Waiting_time_Solve] Agent 19 has waiting time 36
[Waiting_time_Solve] Agent 20 has waiting time 46
[Waiting_time_Solve] Agent 21 has waiting time 22
[Waiting_time_Solve] Agent 22 has waiting time 3
[Waiting_time_Solve] Agent 23 has waiting time 32
[Waiting_time_Solve] Agent 24 has waiting time 25
[Waiting_time_Solve] Agent 25 has waiting time 6
[Waiting_time_Solve] Agent 26 has waiting time 14
[Waiting_time_Solve] Agent 27 has waiting time 14
[Waiting_time_Solve] Agent 28 has waiting time 7
[Waiting_time_Solve] Agent 29 has waiting time 41
[Waiting_time_Solve] Agent 30 has waiting time 1
[Waiting_time_Solve] Agent 31 has waiting time 25
[Waiting_time_Solve] Agent 32 has waiting time 4
[Waiting_time_Solve] Agent 33 has waiting time 15
[Waiting_time_Solve] Agent 34 has waiting time 28
[Waiting_time_Solve] Agent 35 has waiting time 4
[Waiting_time_Solve] Agent 36 has waiting time 46
[Waiting_time_Solve] Agent 37 has waiting time 29
[Waiting_time_Solve] Agent 38 has waiting time 23
[Waiting_time_Solve] Agent 39 has waiting time 31
[Waiting_time_Solve] Agent 40 has waiting time 24
[Waiting_time_Solve] Agent 41 has waiting time 40
[Waiting_time_Solve] Agent 42 has waiting time 30
[Waiting_time_Solve] Agent 43 has waiting time 16
[Waiting_time_Solve] Agent 44 has waiting time 24
[Waiting_time_Solve] Agent 45 has waiting time 0
[Waiting_time_Solve] Agent 46 has waiting time 40
[Waiting_time_Solve] Agent 47 has waiting time 53
[Waiting_time_Solve] Agent 48 has waiting time 20
[Waiting_time_Solve] Agent 49 has waiting time 31
[Waiting_time_Solve] Total available waiting time: 1183
[Waiting_time_Solve] Max iterations: 1183
[Waiting_time_Solve] Iteration 0...
[SAT] Start solving CNF: 31 clauses and 18 variables
[SAT] Agent 49 entry time: 15 exit time: 19
[SAT] Agent 30 entry time: 15 exit time: 19
[SAT] Agent 28 entry time: 15 exit time: 17
[SAT] Agent 27 entry time: 16 exit time: 19
[SAT] Agent 25 entry time: 17 exit time: 17

[SAT] Start time: 15 End time: 19

[SAT] Solving local zone with SAT iteration 1...
[SAT] Local CNF: 31 clauses 

DEBUG: Adding 31 new clauses to MiniSAT (incremental run)
DEBUG: Clause load summary: input=31, added=31, tautologies_skipped=0, duplicates_skipped=0, unit_clauses=18, empties=0, intra_clause_literals_removed=0, added_but_db_unchanged=13
DEBUG: After adding clauses, solver has 0 clauses and 18 variables
DEBUG: MiniSAT found 18 variables
DEBUG: Assignment size: 18
DEBUG: First few assignment values: 1 1 1 1 1 1 1 1 1 1 

=== DEBUG: cnf_assignment_to_paths ===
Input assignment size: 18

=== END DEBUG ===
[SAT] Found 6 vertex collisions and 2 edge collisions
[SAT] Adding collision clauses and solving again...
[SAT] Solving local zone with SAT iteration 2...
[SAT] Local CNF: 39 clauses 

DEBUG: Adding 8 new clauses to MiniSAT (incremental run)
[SAT] Local problem appears to be unsatisfiable in current zone
[Waiting_time_Solve] No solution found, trying to apply waiting time:1
[Waiting_time_Solve] Applying waiting time 1 to agent 28 who has waiting time 7
[Waiting_time_Solve] New path is consistent after applying waiting time for agent 28
[Current_Solution] Agent 28 used 1 waiting timesteps, 6 remaining
[Waiting_time_Solve] Applied 1 waiting time  for agent 28 who has waiting time 6
[Waiting_time_Solve] Applying waiting time 1 to agent 49 who has waiting time 31
[Waiting_time_Solve] New path is consistent after applying waiting time for agent 49
[Current_Solution] Agent 49 used 1 waiting timesteps, 30 remaining
[Waiting_time_Solve] Applied 1 waiting time  for agent 49 who has waiting time 30
[Waiting_time_Solve] Applying waiting time 1 to agent 27 who has waiting time 14
[Waiting_time_Solve] New path is consistent after applying waiting time for agent 27
[Current_Solution] Agent 27 used 1 waiting timesteps, 13 remaining
[Waiting_time_Solve] Applied 1 waiting time  for agent 27 who has waiting time 13
[Waiting_time_Solve] ALL Waiting time applied
[Waiting_time_Solve] Extended Zone end time from 19 to 20
[Create_Local_Problem] Agent 6 is new in the zone
[Waiting_time_Solve] Iteration 1...
[SAT] Start solving CNF: 56 clauses and 31 variables
[SAT] Agent 6 entry time: 20 exit time: 20
[SAT] Agent 49 entry time: 15 exit time: 20
[SAT] Agent 30 entry time: 15 exit time: 19
[SAT] Agent 28 entry time: 15 exit time: 18
[SAT] Agent 27 entry time: 16 exit time: 20
[SAT] Agent 25 entry time: 17 exit time: 17

[SAT] Start time: 15 End time: 20

[SAT] Solving local zone with SAT iteration 1...
[SAT] Local CNF: 64 clauses 

DEBUG: Adding 64 new clauses to MiniSAT (incremental run)
DEBUG: Clause load summary: input=64, added=64, tautologies_skipped=0, duplicates_skipped=0, unit_clauses=13, empties=0, intra_clause_literals_removed=0, added_but_db_unchanged=17
DEBUG: After adding clauses, solver has 34 clauses and 31 variables
DEBUG: MiniSAT found 31 variables
DEBUG: Assignment size: 31
DEBUG: First few assignment values: 1 1 0 1 0 1 0 1 0 1 

=== DEBUG: cnf_assignment_to_paths ===
Input assignment size: 31

=== END DEBUG ===
[SAT] Found 3 vertex collisions and 2 edge collisions
[SAT] Adding collision clauses and solving again...
[SAT] Solving local zone with SAT iteration 2...
[SAT] Local CNF: 69 clauses 

DEBUG: Adding 5 new clauses to MiniSAT (incremental run)
[SAT] Local problem appears to be unsatisfiable in current zone
[Waiting_time_Solve] No solution found, trying to apply waiting time:2
[Waiting_time_Solve] Applying waiting time 2 to agent 27 who has waiting time 13
[Waiting_time_Solve] New path is consistent after applying waiting time for agent 27
[Current_Solution] Agent 27 used 2 waiting timesteps, 11 remaining
[Waiting_time_Solve] Applied 2 waiting time  for agent 27 who has waiting time 11
[Waiting_time_Solve] Applying waiting time 2 to agent 49 who has waiting time 30
[Waiting_time_Solve] New path is consistent after applying waiting time for agent 49
[Current_Solution] Agent 49 used 2 waiting timesteps, 28 remaining
[Waiting_time_Solve] Applied 2 waiting time  for agent 49 who has waiting time 28
[Waiting_time_Solve] Applying waiting time 2 to agent 28 who has waiting time 6
[Waiting_time_Solve] New path is consistent after applying waiting time for agent 28
[Current_Solution] Agent 28 used 2 waiting timesteps, 4 remaining
[Waiting_time_Solve] Applied 2 waiting time  for agent 28 who has waiting time 4
[Waiting_time_Solve] ALL Waiting time applied
[Waiting_time_Solve] Extended Zone end time from 20 to 22
[Create_Local_Problem] Agent 10 is new in the zone
[Create_Local_Problem] Agent 45 is new in the zone
[Waiting_time_Solve] Iteration 2...
[SAT] Start solving CNF: 241 clauses and 84 variables
[SAT] Agent 45 entry time: 22 exit time: 22
[SAT] Agent 6 entry time: 20 exit time: 22
[SAT] Agent 10 entry time: 21 exit time: 22
[SAT] Agent 49 entry time: 15 exit time: 22
[SAT] Agent 30 entry time: 15 exit time: 19
[SAT] Agent 28 entry time: 15 exit time: 20
[SAT] Agent 27 entry time: 16 exit time: 22
[SAT] Agent 25 entry time: 17 exit time: 17

[SAT] Start time: 15 End time: 22

[SAT] Solving local zone with SAT iteration 1...
[SAT] Local CNF: 254 clauses 

DEBUG: Adding 254 new clauses to MiniSAT (incremental run)
DEBUG: Clause load summary: input=254, added=254, tautologies_skipped=0, duplicates_skipped=0, unit_clauses=18, empties=0, intra_clause_literals_removed=0, added_but_db_unchanged=27
DEBUG: After adding clauses, solver has 209 clauses and 84 variables
DEBUG: MiniSAT found 84 variables
DEBUG: Assignment size: 84
DEBUG: First few assignment values: 1 1 1 1 1 1 1 0 1 0 

=== DEBUG: cnf_assignment_to_paths ===
Input assignment size: 84

=== END DEBUG ===
[SAT] Found 4 vertex collisions and 2 edge collisions
[SAT] Adding collision clauses and solving again...
[SAT] Solving local zone with SAT iteration 2...
[SAT] Local CNF: 260 clauses 

DEBUG: Adding 6 new clauses to MiniSAT (incremental run)
[SAT] Local problem appears to be unsatisfiable in current zone
[Waiting_time_Solve] No solution found, trying to apply waiting time:3
[Waiting_time_Solve] Applying waiting time 3 to agent 27 who has waiting time 11
[Waiting_time_Solve] New path is consistent after applying waiting time for agent 27
[Current_Solution] Agent 27 used 3 waiting timesteps, 8 remaining
[Waiting_time_Solve] Applied 3 waiting time  for agent 27 who has waiting time 8
[Waiting_time_Solve] Applying waiting time 3 to agent 28 who has waiting time 4
[Waiting_time_Solve] New path is consistent after applying waiting time for agent 28
[Current_Solution] Agent 28 used 3 waiting timesteps, 1 remaining
[Waiting_time_Solve] Applied 3 waiting time  for agent 28 who has waiting time 1
[Waiting_time_Solve] ALL Waiting time applied
[Waiting_time_Solve] Extended Zone end time from 22 to 25
[Waiting_time_Solve] Iteration 3...
[SAT] Start solving CNF: 533 clauses and 146 variables
[SAT] Agent 45 entry time: 22 exit time: 25
[SAT] Agent 6 entry time: 20 exit time: 24
[SAT] Agent 10 entry time: 21 exit time: 25
[SAT] Agent 49 entry time: 15 exit time: 22
[SAT] Agent 30 entry time: 15 exit time: 19
[SAT] Agent 28 entry time: 15 exit time: 23
[SAT] Agent 27 entry time: 16 exit time: 25
[SAT] Agent 25 entry time: 17 exit time: 17

[SAT] Start time: 15 End time: 25

[SAT] Solving local zone with SAT iteration 1...
[SAT] Local CNF: 552 clauses 

DEBUG: Adding 552 new clauses to MiniSAT (incremental run)
DEBUG: Clause load summary: input=552, added=552, tautologies_skipped=0, duplicates_skipped=0, unit_clauses=26, empties=0, intra_clause_literals_removed=0, added_but_db_unchanged=38
DEBUG: After adding clauses, solver has 488 clauses and 146 variables
DEBUG: MiniSAT found 146 variables
DEBUG: Assignment size: 146
DEBUG: First few assignment values: 1 1 1 1 1 1 1 1 1 1 

=== DEBUG: cnf_assignment_to_paths ===
Input assignment size: 146

=== END DEBUG ===
[SAT] Found 8 vertex collisions and 5 edge collisions
[SAT] Adding collision clauses and solving again...
[SAT] Solving local zone with SAT iteration 2...
[SAT] Local CNF: 565 clauses 

DEBUG: Adding 13 new clauses to MiniSAT (incremental run)
DEBUG: Clause load summary: input=13, added=13, tautologies_skipped=0, duplicates_skipped=0, unit_clauses=0, empties=0, intra_clause_literals_removed=0, added_but_db_unchanged=11
DEBUG: After adding clauses, solver has 426 clauses and 146 variables
DEBUG: MiniSAT found 146 variables
DEBUG: Assignment size: 146
DEBUG: First few assignment values: 1 1 1 1 1 1 1 1 1 1 

=== DEBUG: cnf_assignment_to_paths ===
Input assignment size: 146

=== END DEBUG ===
[SAT] Found 6 vertex collisions and 2 edge collisions
[SAT] Adding collision clauses and solving again...
[SAT] Solving local zone with SAT iteration 3...
[SAT] Local CNF: 573 clauses 

DEBUG: Adding 8 new clauses to MiniSAT (incremental run)
DEBUG: Clause load summary: input=8, added=8, tautologies_skipped=0, duplicates_skipped=0, unit_clauses=0, empties=0, intra_clause_literals_removed=0, added_but_db_unchanged=5
DEBUG: After adding clauses, solver has 429 clauses and 146 variables
DEBUG: MiniSAT found 146 variables
DEBUG: Assignment size: 146
DEBUG: First few assignment values: 1 1 1 1 1 1 1 1 1 1 

=== DEBUG: cnf_assignment_to_paths ===
Input assignment size: 146

=== END DEBUG ===
[SAT] Found 4 vertex collisions and 3 edge collisions
[SAT] Adding collision clauses and solving again...
[SAT] Solving local zone with SAT iteration 4...
[SAT] Local CNF: 580 clauses 

DEBUG: Adding 7 new clauses to MiniSAT (incremental run)
[SAT] Local problem appears to be unsatisfiable in current zone
[Waiting_time_Solve] No solution found, trying to apply waiting time:4
[Waiting_time_Solve] Applying waiting time 4 to agent 27 who has waiting time 8
[Waiting_time_Solve] New path is consistent after applying waiting time for agent 27
[Current_Solution] Agent 27 used 4 waiting timesteps, 4 remaining
[Waiting_time_Solve] Applied 4 waiting time  for agent 27 who has waiting time 4
[Waiting_time_Solve] INFO: not enough waiting time for agent 6 (needs 4, available: 2)
[Waiting_time_Solve] INFO: not enough waiting time for agent 6 (needs 4, available: 2)
[Waiting_time_Solve] ALL Waiting time applied
[Waiting_time_Solve] Out of waiting time
[Waiting_time_Solve] No solution found
[Waiting_time_Solve] Restoring original paths
[Waiting_time_Solve] Restoring waiting times
[Current_Solution] Restored waiting times from backup
[Current_Solution] Restored paths from backup
[Solve_local_zone] Zone with expansion factor 0failed
[Solve_local_zone] Expanding zone with offset 3 (original: 1)
[LOCAL ZONE] Found newly touched conflict 11 at position (17,22)
[Solve_local_zone] Final expanded zone contains 29 positions with 8 conflicts 
[Solve_local_zone] New time window: [13, 23]
[Solve_local_zone] Current local zone size: 29 (4.2522% of all walkable positions)
[Solve_local_zone] Local zone time window: [13, 23]
[Waiting_time_Solve] Agent 0 has waiting time 35
[Waiting_time_Solve] Agent 1 has waiting time 44
[Waiting_time_Solve] Agent 2 has waiting time 25
[Waiting_time_Solve] Agent 3 has waiting time 26
[Waiting_time_Solve] Agent 4 has waiting time 15
[Waiting_time_Solve] Agent 5 has waiting time 40
[Waiting_time_Solve] Agent 6 has waiting time 2
[Waiting_time_Solve] Agent 7 has waiting time 4
[Waiting_time_Solve] Agent 8 has waiting time 52
[Waiting_time_Solve] Agent 9 has waiting time 19
[Waiting_time_Solve] Agent 10 has waiting time 1
[Waiting_time_Solve] Agent 11 has waiting time 27
[Waiting_time_Solve] Agent 12 has waiting time 6
[Waiting_time_Solve] Agent 13 has waiting time 6
[Waiting_time_Solve] Agent 14 has waiting time 40
[Waiting_time_Solve] Agent 15 has waiting time 16
[Waiting_time_Solve] Agent 16 has waiting time 34
[Waiting_time_Solve] Agent 17 has waiting time 36
[Waiting_time_Solve] Agent 18 has waiting time 25
[Waiting_time_Solve] Agent 19 has waiting time 36
[Waiting_time_Solve] Agent 20 has waiting time 46
[Waiting_time_Solve] Agent 21 has waiting time 22
[Waiting_time_Solve] Agent 22 has waiting time 3
[Waiting_time_Solve] Agent 23 has waiting time 32
[Waiting_time_Solve] Agent 24 has waiting time 25
[Waiting_time_Solve] Agent 25 has waiting time 6
[Waiting_time_Solve] Agent 26 has waiting time 14
[Waiting_time_Solve] Agent 27 has waiting time 14
[Waiting_time_Solve] Agent 28 has waiting time 7
[Waiting_time_Solve] Agent 29 has waiting time 41
[Waiting_time_Solve] Agent 30 has waiting time 1
[Waiting_time_Solve] Agent 31 has waiting time 25
[Waiting_time_Solve] Agent 32 has waiting time 4
[Waiting_time_Solve] Agent 33 has waiting time 15
[Waiting_time_Solve] Agent 34 has waiting time 28
[Waiting_time_Solve] Agent 35 has waiting time 4
[Waiting_time_Solve] Agent 36 has waiting time 46
[Waiting_time_Solve] Agent 37 has waiting time 29
[Waiting_time_Solve] Agent 38 has waiting time 23
[Waiting_time_Solve] Agent 39 has waiting time 31
[Waiting_time_Solve] Agent 40 has waiting time 24
[Waiting_time_Solve] Agent 41 has waiting time 40
[Waiting_time_Solve] Agent 42 has waiting time 30
[Waiting_time_Solve] Agent 43 has waiting time 16
[Waiting_time_Solve] Agent 44 has waiting time 24
[Waiting_time_Solve] Agent 45 has waiting time 0
[Waiting_time_Solve] Agent 46 has waiting time 40
[Waiting_time_Solve] Agent 47 has waiting time 53
[Waiting_time_Solve] Agent 48 has waiting time 20
[Waiting_time_Solve] Agent 49 has waiting time 31
[Waiting_time_Solve] Total available waiting time: 1183
[Waiting_time_Solve] Max iterations: 1183
[Waiting_time_Solve] Iteration 0...
[SAT] Start solving CNF: 180 clauses and 97 variables
[SAT] Agent 49 entry time: 13 exit time: 23
[SAT] Agent 6 entry time: 18 exit time: 23
[SAT] Agent 45 entry time: 20 exit time: 23
[SAT] Agent 7 entry time: 23 exit time: 23
[SAT] Agent 10 entry time: 19 exit time: 23
[SAT] Agent 12 entry time: 22 exit time: 23
[SAT] Agent 25 entry time: 15 exit time: 21
[SAT] Agent 22 entry time: 16 exit time: 22
[SAT] Agent 26 entry time: 13 exit time: 16
[SAT] Agent 27 entry time: 14 exit time: 22
[SAT] Agent 28 entry time: 13 exit time: 19
[SAT] Agent 30 entry time: 13 exit time: 23
[SAT] Agent 37 entry time: 13 exit time: 15
[SAT] Agent 44 entry time: 13 exit time: 17

[SAT] Start time: 13 End time: 23

[SAT] Solving local zone with SAT iteration 1...
[SAT] Local CNF: 180 clauses 

DEBUG: Adding 180 new clauses to MiniSAT (incremental run)
DEBUG: Clause load summary: input=180, added=180, tautologies_skipped=0, duplicates_skipped=0, unit_clauses=67, empties=0, intra_clause_literals_removed=0, added_but_db_unchanged=61
DEBUG: After adding clauses, solver has 52 clauses and 97 variables
DEBUG: MiniSAT found 97 variables
DEBUG: Assignment size: 97
DEBUG: First few assignment values: 1 1 1 1 1 1 0 1 0 1 

=== DEBUG: cnf_assignment_to_paths ===
Input assignment size: 97

=== END DEBUG ===
[SAT] Found 6 vertex collisions and 3 edge collisions
[SAT] Adding collision clauses and solving again...
[SAT] Solving local zone with SAT iteration 2...
[SAT] Local CNF: 189 clauses 

DEBUG: Adding 9 new clauses to MiniSAT (incremental run)
[SAT] Local problem appears to be unsatisfiable in current zone
[Waiting_time_Solve] No solution found, trying to apply waiting time:1
[Waiting_time_Solve] Applying waiting time 1 to agent 7 who has waiting time 4
[Waiting_time_Solve] New path is consistent after applying waiting time for agent 7
[Current_Solution] Agent 7 used 1 waiting timesteps, 3 remaining
[Waiting_time_Solve] Applied 1 waiting time  for agent 7 who has waiting time 3
[Waiting_time_Solve] Applying waiting time 1 to agent 28 who has waiting time 7
[Waiting_time_Solve] New path is consistent after applying waiting time for agent 28
[Current_Solution] Agent 28 used 1 waiting timesteps, 6 remaining
[Waiting_time_Solve] Applied 1 waiting time  for agent 28 who has waiting time 6
[Waiting_time_Solve] Applying waiting time 1 to agent 49 who has waiting time 31
[Waiting_time_Solve] New path is consistent after applying waiting time for agent 49
[Current_Solution] Agent 49 used 1 waiting timesteps, 30 remaining
[Waiting_time_Solve] Applied 1 waiting time  for agent 49 who has waiting time 30
[Waiting_time_Solve] Applying waiting time 1 to agent 12 who has waiting time 6
[Waiting_time_Solve] New path is consistent after applying waiting time for agent 12
[Current_Solution] Agent 12 used 1 waiting timesteps, 5 remaining
[Waiting_time_Solve] Applied 1 waiting time  for agent 12 who has waiting time 5
[Waiting_time_Solve] Applying waiting time 1 to agent 27 who has waiting time 14
[Waiting_time_Solve] New path is consistent after applying waiting time for agent 27
[Current_Solution] Agent 27 used 1 waiting timesteps, 13 remaining
[Waiting_time_Solve] Applied 1 waiting time  for agent 27 who has waiting time 13
[Waiting_time_Solve] ALL Waiting time applied
[Waiting_time_Solve] Extended Zone end time from 23 to 24
[Waiting_time_Solve] Iteration 1...
[SAT] Start solving CNF: 259 clauses and 133 variables
[SAT] Agent 49 entry time: 13 exit time: 24
[SAT] Agent 6 entry time: 18 exit time: 24
[SAT] Agent 45 entry time: 20 exit time: 24
[SAT] Agent 7 entry time: 23 exit time: 24
[SAT] Agent 10 entry time: 19 exit time: 24
[SAT] Agent 12 entry time: 22 exit time: 24
[SAT] Agent 25 entry time: 15 exit time: 21
[SAT] Agent 22 entry time: 16 exit time: 22
[SAT] Agent 26 entry time: 13 exit time: 16
[SAT] Agent 27 entry time: 14 exit time: 23
[SAT] Agent 28 entry time: 13 exit time: 20
[SAT] Agent 30 entry time: 13 exit time: 23
[SAT] Agent 37 entry time: 13 exit time: 15
[SAT] Agent 44 entry time: 13 exit time: 17

[SAT] Start time: 13 End time: 24

[SAT] Solving local zone with SAT iteration 1...
[SAT] Local CNF: 268 clauses 

DEBUG: Adding 268 new clauses to MiniSAT (incremental run)
[SAT] Local problem appears to be unsatisfiable in current zone
[Waiting_time_Solve] No solution found, trying to apply waiting time:2
[Waiting_time_Solve] No waiting time applied
[Waiting_time_Solve] No solution found
[Waiting_time_Solve] Restoring original paths
[Waiting_time_Solve] Restoring waiting times
[Current_Solution] Restored waiting times from backup
[Current_Solution] Restored paths from backup
[Solve_local_zone] Zone with expansion factor 2failed
[Solve_local_zone] Expanding zone with offset 5 (original: 1)
[LOCAL ZONE] Found newly touched conflict 41 at position (12,22)
[LOCAL ZONE] Found newly touched conflict 45 at position (16,18)
[LOCAL ZONE] Found newly touched conflict 16 at position (17,18)
[LOCAL ZONE] Found newly touched conflict 45 at position (17,18)
[LOCAL ZONE] Found newly touched conflict 39 at position (10,22)
[LOCAL ZONE] Found newly touched conflict 10 at position (11,22)
[LOCAL ZONE] Found newly touched conflict 14 at position (11,22)
[LOCAL ZONE] Found newly touched conflict 40 at position (13,18)
[Solve_local_zone] Final expanded zone contains 108 positions with 15 conflicts 
[Solve_local_zone] New time window: [11, 28]
[Solve_local_zone] Current local zone size: 108 (15.8358% of all walkable positions)
[Solve_local_zone] Local zone time window: [11, 28]
[Create_Local_problem] Agent 23 returned to the zone 2 times within time window
[Current_Solution] Agent 42 used 3 waiting timesteps, 27 remaining
[Current_Solution] Agent 49 used 4 waiting timesteps, 27 remaining
[Waiting_time_Solve] Agent 0 has waiting time 35
[Waiting_time_Solve] Agent 1 has waiting time 44
[Waiting_time_Solve] Agent 2 has waiting time 25
[Waiting_time_Solve] Agent 3 has waiting time 26
[Waiting_time_Solve] Agent 4 has waiting time 15
[Waiting_time_Solve] Agent 5 has waiting time 40
[Waiting_time_Solve] Agent 6 has waiting time 2
[Waiting_time_Solve] Agent 7 has waiting time 4
[Waiting_time_Solve] Agent 8 has waiting time 52
[Waiting_time_Solve] Agent 9 has waiting time 19
[Waiting_time_Solve] Agent 10 has waiting time 1
[Waiting_time_Solve] Agent 11 has waiting time 27
[Waiting_time_Solve] Agent 12 has waiting time 6
[Waiting_time_Solve] Agent 13 has waiting time 6
[Waiting_time_Solve] Agent 14 has waiting time 40
[Waiting_time_Solve] Agent 15 has waiting time 16
[Waiting_time_Solve] Agent 16 has waiting time 34
[Waiting_time_Solve] Agent 17 has waiting time 36
[Waiting_time_Solve] Agent 18 has waiting time 25
[Waiting_time_Solve] Agent 19 has waiting time 36
[Waiting_time_Solve] Agent 20 has waiting time 46
[Waiting_time_Solve] Agent 21 has waiting time 22
[Waiting_time_Solve] Agent 22 has waiting time 3
[Waiting_time_Solve] Agent 23 has waiting time 32
[Waiting_time_Solve] Agent 24 has waiting time 25
[Waiting_time_Solve] Agent 25 has waiting time 6
[Waiting_time_Solve] Agent 26 has waiting time 14
[Waiting_time_Solve] Agent 27 has waiting time 14
[Waiting_time_Solve] Agent 28 has waiting time 7
[Waiting_time_Solve] Agent 29 has waiting time 41
[Waiting_time_Solve] Agent 30 has waiting time 1
[Waiting_time_Solve] Agent 31 has waiting time 25
[Waiting_time_Solve] Agent 32 has waiting time 4
[Waiting_time_Solve] Agent 33 has waiting time 15
[Waiting_time_Solve] Agent 34 has waiting time 28
[Waiting_time_Solve] Agent 35 has waiting time 4
[Waiting_time_Solve] Agent 36 has waiting time 46
[Waiting_time_Solve] Agent 37 has waiting time 29
[Waiting_time_Solve] Agent 38 has waiting time 23
[Waiting_time_Solve] Agent 39 has waiting time 31
[Waiting_time_Solve] Agent 40 has waiting time 24
[Waiting_time_Solve] Agent 41 has waiting time 40
[Waiting_time_Solve] Agent 42 has waiting time 27
[Waiting_time_Solve] Agent 43 has waiting time 16
[Waiting_time_Solve] Agent 44 has waiting time 24
[Waiting_time_Solve] Agent 45 has waiting time 0
[Waiting_time_Solve] Agent 46 has waiting time 40
[Waiting_time_Solve] Agent 47 has waiting time 53
[Waiting_time_Solve] Agent 48 has waiting time 20
[Waiting_time_Solve] Agent 49 has waiting time 27
[Waiting_time_Solve] Total available waiting time: 1176
[Waiting_time_Solve] Max iterations: 1176
[Waiting_time_Solve] Iteration 0...
[Waiting_time_Solve] Agent 23 pseudo agents: 50 51 
[SAT] Start solving CNF: 1670 clauses and 551 variables
[SAT] Agent 49 entry time: 11 exit time: 28
[SAT] Agent 45 entry time: 18 exit time: 28
[SAT] Agent 44 entry time: 11 exit time: 26
[SAT] Agent 42 entry time: 14 exit time: 28
[SAT] Agent 37 entry time: 11 exit time: 25
[SAT] Agent 34 entry time: 11 exit time: 15
[SAT] Agent 30 entry time: 11 exit time: 28
[SAT] Agent 28 entry time: 11 exit time: 21
[SAT] Agent 27 entry time: 12 exit time: 24
[SAT] Agent 6 entry time: 16 exit time: 28
[SAT] Agent 7 entry time: 13 exit time: 28
[SAT] Agent 38 entry time: 26 exit time: 26
[SAT] Agent 9 entry time: 22 exit time: 28
[SAT] Agent 10 entry time: 17 exit time: 28
[SAT] Agent 23 entry time: 11 exit time: 11
[SAT] Agent 40 entry time: 11 exit time: 24
[SAT] Agent 11 entry time: 11 exit time: 16
[SAT] Agent 50 entry time: 15 exit time: 15
[SAT] Agent 24 entry time: 11 exit time: 17
[SAT] Agent 12 entry time: 13 exit time: 28
[SAT] Agent 22 entry time: 14 exit time: 28
[SAT] Agent 51 entry time: 17 exit time: 17
[SAT] Agent 25 entry time: 13 exit time: 28
[SAT] Agent 26 entry time: 11 exit time: 25

[SAT] Start time: 11 End time: 28

[SAT] Solving local zone with SAT iteration 1...
[SAT] Local CNF: 1670 clauses 

DEBUG: Adding 1670 new clauses to MiniSAT (incremental run)
DEBUG: Clause load summary: input=1670, added=1670, tautologies_skipped=0, duplicates_skipped=0, unit_clauses=156, empties=0, intra_clause_literals_removed=0, added_but_db_unchanged=164
DEBUG: After adding clauses, solver has 1350 clauses and 551 variables
DEBUG: MiniSAT found 551 variables
DEBUG: Assignment size: 551
DEBUG: First few assignment values: 1 0 1 0 1 0 0 1 0 0 

=== DEBUG: cnf_assignment_to_paths ===
Input assignment size: 551

=== END DEBUG ===
[SAT] Found 12 vertex collisions and 8 edge collisions
[SAT] Adding collision clauses and solving again...
[SAT] Solving local zone with SAT iteration 2...
[SAT] Local CNF: 1690 clauses 

DEBUG: Adding 20 new clauses to MiniSAT (incremental run)
[SAT] Local problem appears to be unsatisfiable in current zone
[Waiting_time_Solve] No solution found, trying to apply waiting time:1
[Waiting_time_Solve] Applying waiting time 1 to agent 12 who has waiting time 6
[Waiting_time_Solve] New path is consistent after applying waiting time for agent 12
[Current_Solution] Agent 12 used 1 waiting timesteps, 5 remaining
[Waiting_time_Solve] Applied 1 waiting time  for agent 12 who has waiting time 5
[Waiting_time_Solve] Applying waiting time 1 to agent 25 who has waiting time 6
[Waiting_time_Solve] New path is consistent after applying waiting time for agent 25
[Current_Solution] Agent 25 used 1 waiting timesteps, 5 remaining
[Waiting_time_Solve] Applied 1 waiting time  for agent 25 who has waiting time 5
[Waiting_time_Solve] Applying waiting time 1 to agent 49 who has waiting time 27
[Current_Solution] Agent 49 used 1 waiting timesteps, 26 remaining
[Waiting_time_Solve] New path is consistent after applying waiting time for agent 49
[Current_Solution] Agent 49 used 1 waiting timesteps, 25 remaining
[Waiting_time_Solve] Applied 1 waiting time  for agent 49 who has waiting time 25
[Waiting_time_Solve] Applying waiting time 1 to agent 9 who has waiting time 19
[Waiting_time_Solve] New path is consistent after applying waiting time for agent 9
[Current_Solution] Agent 9 used 1 waiting timesteps, 18 remaining
[Waiting_time_Solve] Applied 1 waiting time  for agent 9 who has waiting time 18
[Waiting_time_Solve] Applying waiting time 1 to agent 28 who has waiting time 7
[Waiting_time_Solve] New path is consistent after applying waiting time for agent 28
[Current_Solution] Agent 28 used 1 waiting timesteps, 6 remaining
[Waiting_time_Solve] Applied 1 waiting time  for agent 28 who has waiting time 6
[Waiting_time_Solve] Applying waiting time 1 to agent 34 who has waiting time 28
[Waiting_time_Solve] New path is consistent after applying waiting time for agent 34
[Current_Solution] Agent 34 used 1 waiting timesteps, 27 remaining
[Waiting_time_Solve] Applied 1 waiting time  for agent 34 who has waiting time 27
[Waiting_time_Solve] Applying waiting time 1 to agent 42 who has waiting time 27
[Current_Solution] Agent 42 used 1 waiting timesteps, 26 remaining
[Waiting_time_Solve] New path is consistent after applying waiting time for agent 42
[Current_Solution] Agent 42 used 1 waiting timesteps, 25 remaining
[Waiting_time_Solve] Applied 1 waiting time  for agent 42 who has waiting time 25
[Waiting_time_Solve] Applying waiting time 1 to agent 7 who has waiting time 4
[Waiting_time_Solve] New path is consistent after applying waiting time for agent 7
[Current_Solution] Agent 7 used 1 waiting timesteps, 3 remaining
[Waiting_time_Solve] Applied 1 waiting time  for agent 7 who has waiting time 3
[Waiting_time_Solve] Applying waiting time 1 to agent 27 who has waiting time 14
[Waiting_time_Solve] New path is consistent after applying waiting time for agent 27
[Current_Solution] Agent 27 used 1 waiting timesteps, 13 remaining
[Waiting_time_Solve] Applied 1 waiting time  for agent 27 who has waiting time 13
[Waiting_time_Solve] ALL Waiting time applied
[Waiting_time_Solve] Extended Zone end time from 28 to 29
[Waiting_time_Solve] Iteration 1...
[Waiting_time_Solve] Agent 23 pseudo agents: 50 51 
[SAT] Start solving CNF: 2661 clauses and 743 variables
[SAT] Agent 49 entry time: 11 exit time: 29
[SAT] Agent 45 entry time: 18 exit time: 29
[SAT] Agent 44 entry time: 11 exit time: 26
[SAT] Agent 42 entry time: 14 exit time: 29
[SAT] Agent 37 entry time: 11 exit time: 25
[SAT] Agent 34 entry time: 11 exit time: 16
[SAT] Agent 30 entry time: 11 exit time: 29
[SAT] Agent 28 entry time: 11 exit time: 22
[SAT] Agent 27 entry time: 12 exit time: 25
[SAT] Agent 6 entry time: 16 exit time: 29
[SAT] Agent 7 entry time: 13 exit time: 29
[SAT] Agent 38 entry time: 26 exit time: 26
[SAT] Agent 9 entry time: 22 exit time: 29
[SAT] Agent 10 entry time: 17 exit time: 29
[SAT] Agent 23 entry time: 11 exit time: 11
[SAT] Agent 40 entry time: 11 exit time: 24
[SAT] Agent 11 entry time: 11 exit time: 16
[SAT] Agent 50 entry time: 15 exit time: 15
[SAT] Agent 24 entry time: 11 exit time: 17
[SAT] Agent 12 entry time: 13 exit time: 29
[SAT] Agent 22 entry time: 14 exit time: 29
[SAT] Agent 51 entry time: 17 exit time: 17
[SAT] Agent 25 entry time: 13 exit time: 29
[SAT] Agent 26 entry time: 11 exit time: 25

[SAT] Start time: 11 End time: 29

[SAT] Solving local zone with SAT iteration 1...
[SAT] Local CNF: 2681 clauses 

DEBUG: Adding 2681 new clauses to MiniSAT (incremental run)
DEBUG: Clause load summary: input=2681, added=2681, tautologies_skipped=0, duplicates_skipped=0, unit_clauses=115, empties=0, intra_clause_literals_removed=0, added_but_db_unchanged=132
DEBUG: After adding clauses, solver has 2434 clauses and 743 variables
DEBUG: MiniSAT found 743 variables
DEBUG: Assignment size: 743
DEBUG: First few assignment values: 1 1 0 0 0 1 0 0 0 0 

=== DEBUG: cnf_assignment_to_paths ===
Input assignment size: 743

=== END DEBUG ===
[SAT] Found 17 vertex collisions and 4 edge collisions
[SAT] Adding collision clauses and solving again...
[SAT] Solving local zone with SAT iteration 2...
[SAT] Local CNF: 2702 clauses 

DEBUG: Adding 21 new clauses to MiniSAT (incremental run)
[SAT] Local problem appears to be unsatisfiable in current zone
[Waiting_time_Solve] No solution found, trying to apply waiting time:2
[Waiting_time_Solve] Applying waiting time 2 to agent 7 who has waiting time 3
[Waiting_time_Solve] New path is consistent after applying waiting time for agent 7
[Current_Solution] Agent 7 used 2 waiting timesteps, 1 remaining
[Waiting_time_Solve] Applied 2 waiting time  for agent 7 who has waiting time 1
[Waiting_time_Solve] Applying waiting time 2 to agent 9 who has waiting time 18
[Waiting_time_Solve] New path is consistent after applying waiting time for agent 9
[Current_Solution] Agent 9 used 2 waiting timesteps, 16 remaining
[Waiting_time_Solve] Applied 2 waiting time  for agent 9 who has waiting time 16
[Waiting_time_Solve] Applying waiting time 2 to agent 12 who has waiting time 5
[Waiting_time_Solve] New path is consistent after applying waiting time for agent 12
[Current_Solution] Agent 12 used 2 waiting timesteps, 3 remaining
[Waiting_time_Solve] Applied 2 waiting time  for agent 12 who has waiting time 3
[Waiting_time_Solve] Applying waiting time 2 to agent 25 who has waiting time 5
[Waiting_time_Solve] New path is consistent after applying waiting time for agent 25
[Current_Solution] Agent 25 used 2 waiting timesteps, 3 remaining
[Waiting_time_Solve] Applied 2 waiting time  for agent 25 who has waiting time 3
[Waiting_time_Solve] Applying waiting time 2 to agent 27 who has waiting time 13
[Waiting_time_Solve] New path is consistent after applying waiting time for agent 27
[Current_Solution] Agent 27 used 2 waiting timesteps, 11 remaining
[Waiting_time_Solve] Applied 2 waiting time  for agent 27 who has waiting time 11
[Waiting_time_Solve] Applying waiting time 2 to agent 49 who has waiting time 25
[Current_Solution] Agent 49 used 1 waiting timesteps, 24 remaining
[Waiting_time_Solve] New path is consistent after applying waiting time for agent 49
[Current_Solution] Agent 49 used 2 waiting timesteps, 22 remaining
[Waiting_time_Solve] Applied 2 waiting time  for agent 49 who has waiting time 22
[Waiting_time_Solve] Applying waiting time 2 to agent 34 who has waiting time 27
[Waiting_time_Solve] New path is consistent after applying waiting time for agent 34
[Current_Solution] Agent 34 used 2 waiting timesteps, 25 remaining
[Waiting_time_Solve] Applied 2 waiting time  for agent 34 who has waiting time 25
[Waiting_time_Solve] Applying waiting time 2 to agent 28 who has waiting time 6
[Waiting_time_Solve] New path is consistent after applying waiting time for agent 28
[Current_Solution] Agent 28 used 2 waiting timesteps, 4 remaining
[Waiting_time_Solve] Applied 2 waiting time  for agent 28 who has waiting time 4
[Waiting_time_Solve] Applying waiting time 2 to agent 42 who has waiting time 25
[Current_Solution] Agent 42 used 1 waiting timesteps, 24 remaining
[Waiting_time_Solve] New path is consistent after applying waiting time for agent 42
[Current_Solution] Agent 42 used 2 waiting timesteps, 22 remaining
[Waiting_time_Solve] Applied 2 waiting time  for agent 42 who has waiting time 22
[Waiting_time_Solve] ALL Waiting time applied
[Waiting_time_Solve] Extended Zone end time from 29 to 31
[Create_Local_Problem] Agent 35 is new in the zone
[Waiting_time_Solve] Iteration 2...
[Waiting_time_Solve] Agent 23 pseudo agents: 50 51 
[SAT] Start solving CNF: 7283 clauses and 1345 variables
[SAT] Agent 49 entry time: 11 exit time: 31
[SAT] Agent 45 entry time: 18 exit time: 31
[SAT] Agent 44 entry time: 11 exit time: 26
[SAT] Agent 42 entry time: 14 exit time: 31
[SAT] Agent 37 entry time: 11 exit time: 25
[SAT] Agent 34 entry time: 11 exit time: 18
[SAT] Agent 30 entry time: 11 exit time: 31
[SAT] Agent 28 entry time: 11 exit time: 24
[SAT] Agent 27 entry time: 12 exit time: 27
[SAT] Agent 35 entry time: 30 exit time: 31
[SAT] Agent 6 entry time: 16 exit time: 31
[SAT] Agent 7 entry time: 13 exit time: 31
[SAT] Agent 38 entry time: 26 exit time: 26
[SAT] Agent 9 entry time: 22 exit time: 31
[SAT] Agent 10 entry time: 17 exit time: 31
[SAT] Agent 23 entry time: 11 exit time: 11
[SAT] Agent 40 entry time: 11 exit time: 24
[SAT] Agent 11 entry time: 11 exit time: 16
[SAT] Agent 50 entry time: 15 exit time: 15
[SAT] Agent 24 entry time: 11 exit time: 17
[SAT] Agent 12 entry time: 13 exit time: 31
[SAT] Agent 22 entry time: 14 exit time: 31
[SAT] Agent 51 entry time: 17 exit time: 17
[SAT] Agent 25 entry time: 13 exit time: 31
[SAT] Agent 26 entry time: 11 exit time: 25

[SAT] Start time: 11 End time: 31

[SAT] Solving local zone with SAT iteration 1...
[SAT] Local CNF: 7324 clauses 

DEBUG: Adding 7324 new clauses to MiniSAT (incremental run)
DEBUG: Clause load summary: input=7324, added=7324, tautologies_skipped=0, duplicates_skipped=0, unit_clauses=125, empties=0, intra_clause_literals_removed=0, added_but_db_unchanged=153
DEBUG: After adding clauses, solver has 7046 clauses and 1345 variables
DEBUG: MiniSAT found 1345 variables
DEBUG: Assignment size: 1345
DEBUG: First few assignment values: 1 0 1 0 1 0 0 1 0 0 

=== DEBUG: cnf_assignment_to_paths ===
Input assignment size: 1345

=== END DEBUG ===
[SAT] Found 26 vertex collisions and 8 edge collisions
[SAT] Adding collision clauses and solving again...
[SAT] Solving local zone with SAT iteration 2...
[SAT] Local CNF: 7358 clauses 

DEBUG: Adding 34 new clauses to MiniSAT (incremental run)
DEBUG: Clause load summary: input=34, added=34, tautologies_skipped=0, duplicates_skipped=0, unit_clauses=0, empties=0, intra_clause_literals_removed=0, added_but_db_unchanged=19
DEBUG: After adding clauses, solver has 6986 clauses and 1345 variables
DEBUG: MiniSAT found 1345 variables
DEBUG: Assignment size: 1345
DEBUG: First few assignment values: 1 0 1 0 1 0 0 1 0 0 

=== DEBUG: cnf_assignment_to_paths ===
Input assignment size: 1345

=== END DEBUG ===
[SAT] Found 23 vertex collisions and 8 edge collisions
[SAT] Adding collision clauses and solving again...
[SAT] Solving local zone with SAT iteration 3...
[SAT] Local CNF: 7389 clauses 

DEBUG: Adding 31 new clauses to MiniSAT (incremental run)
[SAT] Local problem appears to be unsatisfiable in current zone
[Waiting_time_Solve] No solution found, trying to apply waiting time:3
[Waiting_time_Solve] Applying waiting time 3 to agent 27 who has waiting time 11
[Waiting_time_Solve] New path is consistent after applying waiting time for agent 27
[Current_Solution] Agent 27 used 3 waiting timesteps, 8 remaining
[Waiting_time_Solve] Applied 3 waiting time  for agent 27 who has waiting time 8
[Waiting_time_Solve] Applying waiting time 3 to agent 42 who has waiting time 22
[Current_Solution] Agent 42 used 1 waiting timesteps, 21 remaining
[Waiting_time_Solve] New path is consistent after applying waiting time for agent 42
[Current_Solution] Agent 42 used 3 waiting timesteps, 18 remaining
[Waiting_time_Solve] Applied 3 waiting time  for agent 42 who has waiting time 18
[Waiting_time_Solve] INFO: not enough waiting time for agent 6 (needs 3, available: 2)
[Waiting_time_Solve] INFO: not enough waiting time for agent 6 (needs 3, available: 2)
[Waiting_time_Solve] ALL Waiting time applied
[Waiting_time_Solve] Out of waiting time
[Waiting_time_Solve] No solution found
[Waiting_time_Solve] Restoring original paths
[Waiting_time_Solve] Restoring waiting times
[Current_Solution] Restored waiting times from backup
[Current_Solution] Restored paths from backup
[Solve_local_zone] Zone with expansion factor 4failed
[Solve_local_zone] Expanding zone with offset 7 (original: 1)
[LOCAL ZONE] Found newly touched conflict 42 at position (14,11)
[LOCAL ZONE] Found newly touched conflict 15 at position (17,11)
[LOCAL ZONE] Found newly touched conflict 13 at position (18,7)
[LOCAL ZONE] Found newly touched conflict 3 at position (20,9)
[LOCAL ZONE] Found newly touched conflict 36 at position (20,9)
[LOCAL ZONE] Found newly touched conflict 9 at position (16,6)
[LOCAL ZONE] Found newly touched conflict 7 at position (17,6)
[LOCAL ZONE] Found newly touched conflict 4 at position (19,6)
[LOCAL ZONE] Found newly touched conflict 12 at position (22,10)
[LOCAL ZONE] Found newly touched conflict 20 at position (22,10)
[Solve_local_zone] Final expanded zone contains 266 positions with 25 conflicts 
[Solve_local_zone] New time window: [9, 36]
[Solve_local_zone] Current local zone size: 266 (39.0029% of all walkable positions)
[Solve_local_zone] Local zone time window: [9, 36]
[Create_Local_problem] Agent 5 returned to the zone 1 times within time window
[Current_Solution] Agent 14 used 21 waiting timesteps, 19 remaining
[Current_Solution] Agent 17 used 17 waiting timesteps, 19 remaining
[Current_Solution] Agent 18 used 6 waiting timesteps, 19 remaining
[Current_Solution] Agent 23 used 13 waiting timesteps, 19 remaining
[Current_Solution] Agent 24 used 6 waiting timesteps, 19 remaining
[Create_Local_problem] Agent 27 returned to the zone 1 times within time window
[Create_Local_problem] Agent 28 returned to the zone 1 times within time window
[Current_Solution] Agent 37 used 10 waiting timesteps, 19 remaining
[Create_Local_problem] Agent 38 returned to the zone 1 times within time window
[Current_Solution] Agent 39 used 12 waiting timesteps, 19 remaining
[Current_Solution] Agent 42 used 11 waiting timesteps, 19 remaining
[Current_Solution] Agent 46 used 21 waiting timesteps, 19 remaining
[Current_Solution] Agent 47 used 34 waiting timesteps, 19 remaining
[Current_Solution] Agent 49 used 12 waiting timesteps, 19 remaining
[Waiting_time_Solve] Agent 0 has waiting time 35
[Waiting_time_Solve] Agent 1 has waiting time 44
[Waiting_time_Solve] Agent 2 has waiting time 25
[Waiting_time_Solve] Agent 3 has waiting time 26
[Waiting_time_Solve] Agent 4 has waiting time 15
[Waiting_time_Solve] Agent 5 has waiting time 40
[Waiting_time_Solve] Agent 6 has waiting time 2
[Waiting_time_Solve] Agent 7 has waiting time 4
[Waiting_time_Solve] Agent 8 has waiting time 52
[Waiting_time_Solve] Agent 9 has waiting time 19
[Waiting_time_Solve] Agent 10 has waiting time 1
[Waiting_time_Solve] Agent 11 has waiting time 27
[Waiting_time_Solve] Agent 12 has waiting time 6
[Waiting_time_Solve] Agent 13 has waiting time 6
[Waiting_time_Solve] Agent 14 has waiting time 19
[Waiting_time_Solve] Agent 15 has waiting time 16
[Waiting_time_Solve] Agent 16 has waiting time 34
[Waiting_time_Solve] Agent 17 has waiting time 19
[Waiting_time_Solve] Agent 18 has waiting time 19
[Waiting_time_Solve] Agent 19 has waiting time 36
[Waiting_time_Solve] Agent 20 has waiting time 46
[Waiting_time_Solve] Agent 21 has waiting time 22
[Waiting_time_Solve] Agent 22 has waiting time 3
[Waiting_time_Solve] Agent 23 has waiting time 19
[Waiting_time_Solve] Agent 24 has waiting time 19
[Waiting_time_Solve] Agent 25 has waiting time 6
[Waiting_time_Solve] Agent 26 has waiting time 14
[Waiting_time_Solve] Agent 27 has waiting time 14
[Waiting_time_Solve] Agent 28 has waiting time 7
[Waiting_time_Solve] Agent 29 has waiting time 41
[Waiting_time_Solve] Agent 30 has waiting time 1
[Waiting_time_Solve] Agent 31 has waiting time 25
[Waiting_time_Solve] Agent 32 has waiting time 4
[Waiting_time_Solve] Agent 33 has waiting time 15
[Waiting_time_Solve] Agent 34 has waiting time 28
[Waiting_time_Solve] Agent 35 has waiting time 4
[Waiting_time_Solve] Agent 36 has waiting time 46
[Waiting_time_Solve] Agent 37 has waiting time 19
[Waiting_time_Solve] Agent 38 has waiting time 23
[Waiting_time_Solve] Agent 39 has waiting time 19
[Waiting_time_Solve] Agent 40 has waiting time 24
[Waiting_time_Solve] Agent 41 has waiting time 40
[Waiting_time_Solve] Agent 42 has waiting time 19
[Waiting_time_Solve] Agent 43 has waiting time 16
[Waiting_time_Solve] Agent 44 has waiting time 24
[Waiting_time_Solve] Agent 45 has waiting time 0
[Waiting_time_Solve] Agent 46 has waiting time 19
[Waiting_time_Solve] Agent 47 has waiting time 19
[Waiting_time_Solve] Agent 48 has waiting time 20
[Waiting_time_Solve] Agent 49 has waiting time 19
[Waiting_time_Solve] Total available waiting time: 1020
[Waiting_time_Solve] Max iterations: 1020
[Waiting_time_Solve] Iteration 0...
[Waiting_time_Solve] Agent 38 pseudo agents: 53 
[Waiting_time_Solve] Agent 5 pseudo agents: 50 
[Waiting_time_Solve] Agent 27 pseudo agents: 51 
[Waiting_time_Solve] Agent 28 pseudo agents: 52 
[SAT] Start solving CNF: 163868 clauses and 7974 variables
[SAT] Agent 49 entry time: 9 exit time: 36
[SAT] Agent 48 entry time: 9 exit time: 13
[SAT] Agent 47 entry time: 9 exit time: 36
[SAT] Agent 46 entry time: 15 exit time: 36
[SAT] Agent 45 entry time: 16 exit time: 36
[SAT] Agent 44 entry time: 9 exit time: 28
[SAT] Agent 43 entry time: 9 exit time: 31
[SAT] Agent 42 entry time: 12 exit time: 36
[SAT] Agent 41 entry time: 9 exit time: 11
[SAT] Agent 40 entry time: 9 exit time: 26
[SAT] Agent 39 entry time: 21 exit time: 36
[SAT] Agent 53 entry time: 24 exit time: 28
[SAT] Agent 38 entry time: 9 exit time: 16
[SAT] Agent 37 entry time: 9 exit time: 36
[SAT] Agent 35 entry time: 10 exit time: 36
[SAT] Agent 14 entry time: 9 exit time: 36
[SAT] Agent 12 entry time: 11 exit time: 36
[SAT] Agent 10 entry time: 15 exit time: 36
[SAT] Agent 9 entry time: 9 exit time: 35
[SAT] Agent 7 entry time: 11 exit time: 36
[SAT] Agent 6 entry time: 14 exit time: 36
[SAT] Agent 11 entry time: 9 exit time: 18
[SAT] Agent 50 entry time: 14 exit time: 14
[SAT] Agent 5 entry time: 9 exit time: 10
[SAT] Agent 34 entry time: 9 exit time: 17
[SAT] Agent 4 entry time: 9 exit time: 32
[SAT] Agent 2 entry time: 17 exit time: 19
[SAT] Agent 13 entry time: 9 exit time: 34
[SAT] Agent 0 entry time: 11 exit time: 15
[SAT] Agent 29 entry time: 9 exit time: 10
[SAT] Agent 15 entry time: 11 exit time: 36
[SAT] Agent 17 entry time: 9 exit time: 36
[SAT] Agent 18 entry time: 12 exit time: 36
[SAT] Agent 22 entry time: 12 exit time: 36
[SAT] Agent 51 entry time: 35 exit time: 36
[SAT] Agent 23 entry time: 9 exit time: 36
[SAT] Agent 52 entry time: 32 exit time: 34
[SAT] Agent 24 entry time: 9 exit time: 36
[SAT] Agent 25 entry time: 11 exit time: 36
[SAT] Agent 26 entry time: 9 exit time: 27
[SAT] Agent 27 entry time: 10 exit time: 26
[SAT] Agent 28 entry time: 9 exit time: 23
[SAT] Agent 30 entry time: 9 exit time: 35
[SAT] Agent 32 entry time: 9 exit time: 29

[SAT] Start time: 9 End time: 36

[SAT] Solving local zone with SAT iteration 1...
[SAT] Local CNF: 163868 clauses 

DEBUG: Adding 163868 new clauses to MiniSAT (incremental run)
DEBUG: Clause load summary: input=163868, added=163868, tautologies_skipped=0, duplicates_skipped=0, unit_clauses=356, empties=0, intra_clause_literals_removed=0, added_but_db_unchanged=403
DEBUG: After adding clauses, solver has 163109 clauses and 7974 variables
DEBUG: MiniSAT found 7974 variables
DEBUG: Assignment size: 7974
DEBUG: First few assignment values: 1 0 1 0 0 0 1 0 0 0 

=== DEBUG: cnf_assignment_to_paths ===
Input assignment size: 7974

=== END DEBUG ===
[SAT] Found 37 vertex collisions and 13 edge collisions
[SAT] Adding collision clauses and solving again...
[SAT] Solving local zone with SAT iteration 2...
[SAT] Local CNF: 163918 clauses 

DEBUG: Adding 50 new clauses to MiniSAT (incremental run)
[SAT] Previous assignment invalidated by new clauses, reset solver and retrying without assumptions...
DEBUG: Adding 163918 new clauses to MiniSAT (incremental run)
[SAT] Local problem appears to be unsatisfiable in current zone
[Waiting_time_Solve] No solution found, trying to apply waiting time:1
[Waiting_time_Solve] Applying waiting time 1 to agent 0 who has waiting time 35
[Waiting_time_Solve] New path is consistent after applying waiting time for agent 0
[Current_Solution] Agent 0 used 1 waiting timesteps, 34 remaining
[Waiting_time_Solve] Applied 1 waiting time  for agent 0 who has waiting time 34
[Waiting_time_Solve] Applying waiting time 1 to agent 14 who has waiting time 19
[Current_Solution] Agent 14 used 1 waiting timesteps, 18 remaining
[Waiting_time_Solve] New path is consistent after applying waiting time for agent 14
[Current_Solution] Agent 14 used 1 waiting timesteps, 17 remaining
[Waiting_time_Solve] Applied 1 waiting time  for agent 14 who has waiting time 17
[Waiting_time_Solve] Applying waiting time 1 to agent 17 who has waiting time 19
[Current_Solution] Agent 17 used 1 waiting timesteps, 18 remaining
[Waiting_time_Solve] New path is consistent after applying waiting time for agent 17
[Current_Solution] Agent 17 used 1 waiting timesteps, 17 remaining
[Waiting_time_Solve] Applied 1 waiting time  for agent 17 who has waiting time 17
[Waiting_time_Solve] Applying waiting time 1 to agent 24 who has waiting time 19
[Current_Solution] Agent 24 used 1 waiting timesteps, 18 remaining
[Waiting_time_Solve] New path is consistent after applying waiting time for agent 24
[Current_Solution] Agent 24 used 1 waiting timesteps, 17 remaining
[Waiting_time_Solve] Applied 1 waiting time  for agent 24 who has waiting time 17
[Waiting_time_Solve] Applying waiting time 1 to agent 12 who has waiting time 6
[Waiting_time_Solve] New path is consistent after applying waiting time for agent 12
[Current_Solution] Agent 12 used 1 waiting timesteps, 5 remaining
[Waiting_time_Solve] Applied 1 waiting time  for agent 12 who has waiting time 5
[Waiting_time_Solve] Applying waiting time 1 to agent 25 who has waiting time 6
[Waiting_time_Solve] New path is consistent after applying waiting time for agent 25
[Current_Solution] Agent 25 used 1 waiting timesteps, 5 remaining
[Waiting_time_Solve] Applied 1 waiting time  for agent 25 who has waiting time 5
[Waiting_time_Solve] Applying waiting time 1 to agent 49 who has waiting time 19
[Current_Solution] Agent 49 used 1 waiting timesteps, 18 remaining
[Waiting_time_Solve] New path is consistent after applying waiting time for agent 49
[Current_Solution] Agent 49 used 1 waiting timesteps, 17 remaining
[Waiting_time_Solve] Applied 1 waiting time  for agent 49 who has waiting time 17
[Waiting_time_Solve] Applying waiting time 1 to agent 43 who has waiting time 16
[Waiting_time_Solve] New path is consistent after applying waiting time for agent 43
[Current_Solution] Agent 43 used 1 waiting timesteps, 15 remaining
[Waiting_time_Solve] Applied 1 waiting time  for agent 43 who has waiting time 15
[Waiting_time_Solve] Applying waiting time 1 to agent 18 who has waiting time 19
[Current_Solution] Agent 18 used 1 waiting timesteps, 18 remaining
[Waiting_time_Solve] New path is consistent after applying waiting time for agent 18
[Current_Solution] Agent 18 used 1 waiting timesteps, 17 remaining
[Waiting_time_Solve] Applied 1 waiting time  for agent 18 who has waiting time 17
[Waiting_time_Solve] Applying waiting time 1 to agent 38 who has waiting time 23
[Waiting_time_Solve] New path is consistent after applying waiting time for agent 38
[Current_Solution] Agent 38 used 1 waiting timesteps, 22 remaining
[Waiting_time_Solve] Applied 1 waiting time  for agent 38 who has waiting time 22
[Waiting_time_Solve] Applying waiting time 1 to agent 23 who has waiting time 19
[Current_Solution] Agent 23 used 1 waiting timesteps, 18 remaining
[Waiting_time_Solve] New path is consistent after applying waiting time for agent 23
[Current_Solution] Agent 23 used 1 waiting timesteps, 17 remaining
[Waiting_time_Solve] Applied 1 waiting time  for agent 23 who has waiting time 17
[Waiting_time_Solve] Applying waiting time 1 to agent 28 who has waiting time 7
[Waiting_time_Solve] New path is consistent after applying waiting time for agent 28
[Current_Solution] Agent 28 used 1 waiting timesteps, 6 remaining
[Waiting_time_Solve] Applied 1 waiting time  for agent 28 who has waiting time 6
[Waiting_time_Solve] Applying waiting time 1 to agent 9 who has waiting time 19
[Waiting_time_Solve] New path is consistent after applying waiting time for agent 9
[Current_Solution] Agent 9 used 1 waiting timesteps, 18 remaining
[Waiting_time_Solve] Applied 1 waiting time  for agent 9 who has waiting time 18
[Waiting_time_Solve] Applying waiting time 1 to agent 13 who has waiting time 6
[Waiting_time_Solve] New path is consistent after applying waiting time for agent 13
[Current_Solution] Agent 13 used 1 waiting timesteps, 5 remaining
[Waiting_time_Solve] Applied 1 waiting time  for agent 13 who has waiting time 5
[Waiting_time_Solve] Applying waiting time 1 to agent 15 who has waiting time 16
[Waiting_time_Solve] New path is consistent after applying waiting time for agent 15
[Current_Solution] Agent 15 used 1 waiting timesteps, 15 remaining
[Waiting_time_Solve] Applied 1 waiting time  for agent 15 who has waiting time 15
[Waiting_time_Solve] Applying waiting time 1 to agent 34 who has waiting time 28
[Waiting_time_Solve] New path is consistent after applying waiting time for agent 34
[Current_Solution] Agent 34 used 1 waiting timesteps, 27 remaining
[Waiting_time_Solve] Applied 1 waiting time  for agent 34 who has waiting time 27
[Waiting_time_Solve] Applying waiting time 1 to agent 40 who has waiting time 24
[Waiting_time_Solve] New path is consistent after applying waiting time for agent 40
[Current_Solution] Agent 40 used 1 waiting timesteps, 23 remaining
[Waiting_time_Solve] Applied 1 waiting time  for agent 40 who has waiting time 23
[Waiting_time_Solve] Applying waiting time 1 to agent 44 who has waiting time 24
[Waiting_time_Solve] New path is consistent after applying waiting time for agent 44
[Current_Solution] Agent 44 used 1 waiting timesteps, 23 remaining
[Waiting_time_Solve] Applied 1 waiting time  for agent 44 who has waiting time 23
[Waiting_time_Solve] Applying waiting time 1 to agent 7 who has waiting time 4
[Waiting_time_Solve] New path is consistent after applying waiting time for agent 7
[Current_Solution] Agent 7 used 1 waiting timesteps, 3 remaining
[Waiting_time_Solve] Applied 1 waiting time  for agent 7 who has waiting time 3
[Waiting_time_Solve] Applying waiting time 1 to agent 27 who has waiting time 14
[Waiting_time_Solve] New path is consistent after applying waiting time for agent 27
[Current_Solution] Agent 27 used 1 waiting timesteps, 13 remaining
[Waiting_time_Solve] Applied 1 waiting time  for agent 27 who has waiting time 13
[Waiting_time_Solve] Applying waiting time 1 to agent 37 who has waiting time 19
[Current_Solution] Agent 37 used 1 waiting timesteps, 18 remaining
[Waiting_time_Solve] New path is consistent after applying waiting time for agent 37
[Current_Solution] Agent 37 used 1 waiting timesteps, 17 remaining
[Waiting_time_Solve] Applied 1 waiting time  for agent 37 who has waiting time 17
[Waiting_time_Solve] ALL Waiting time applied
[Waiting_time_Solve] Extended Zone end time from 36 to 37
[Current_Solution] Agent 39 used 1 waiting timesteps, 18 remaining
[Current_Solution] Agent 42 used 1 waiting timesteps, 18 remaining
[Current_Solution] Agent 46 used 1 waiting timesteps, 18 remaining
[Current_Solution] Agent 47 used 1 waiting timesteps, 18 remaining
[Waiting_time_Solve] Iteration 1...
[Waiting_time_Solve] Pruned 1 vertex and 0 edge collisions from segment 52
[Waiting_time_Solve] Agent 38 pseudo agents: 53 
[Waiting_time_Solve] Agent 5 pseudo agents: 50 
[Waiting_time_Solve] Agent 27 pseudo agents: 51 
[Waiting_time_Solve] Agent 28 pseudo agents: 52 
[SAT] Start solving CNF: 200362 clauses and 9278 variables
[SAT] Agent 49 entry time: 9 exit time: 37
[SAT] Agent 48 entry time: 9 exit time: 13
[SAT] Agent 47 entry time: 9 exit time: 37
[SAT] Agent 46 entry time: 15 exit time: 37
[SAT] Agent 45 entry time: 16 exit time: 37
[SAT] Agent 44 entry time: 9 exit time: 29
[SAT] Agent 43 entry time: 9 exit time: 32
[SAT] Agent 42 entry time: 12 exit time: 37
[SAT] Agent 41 entry time: 9 exit time: 11
[SAT] Agent 40 entry time: 9 exit time: 27
[SAT] Agent 39 entry time: 21 exit time: 37
[SAT] Agent 53 entry time: 25 exit time: 29
[SAT] Agent 38 entry time: 9 exit time: 17
[SAT] Agent 37 entry time: 9 exit time: 37
[SAT] Agent 35 entry time: 10 exit time: 37
[SAT] Agent 14 entry time: 9 exit time: 37
[SAT] Agent 12 entry time: 11 exit time: 37
[SAT] Agent 10 entry time: 15 exit time: 37
[SAT] Agent 9 entry time: 9 exit time: 36
[SAT] Agent 7 entry time: 11 exit time: 37
[SAT] Agent 6 entry time: 14 exit time: 37
[SAT] Agent 11 entry time: 9 exit time: 18
[SAT] Agent 50 entry time: 14 exit time: 14
[SAT] Agent 5 entry time: 9 exit time: 10
[SAT] Agent 34 entry time: 9 exit time: 18
[SAT] Agent 4 entry time: 9 exit time: 32
[SAT] Agent 2 entry time: 17 exit time: 19
[SAT] Agent 13 entry time: 9 exit time: 35
[SAT] Agent 0 entry time: 11 exit time: 16
[SAT] Agent 29 entry time: 9 exit time: 10
[SAT] Agent 15 entry time: 11 exit time: 37
[SAT] Agent 17 entry time: 9 exit time: 37
[SAT] Agent 18 entry time: 12 exit time: 37
[SAT] Agent 22 entry time: 12 exit time: 37
[SAT] Agent 51 entry time: 36 exit time: 37
[SAT] Agent 23 entry time: 9 exit time: 37
[SAT] Agent 52 entry time: 33 exit time: 35
[SAT] Agent 24 entry time: 9 exit time: 37
[SAT] Agent 25 entry time: 11 exit time: 37
[SAT] Agent 26 entry time: 9 exit time: 27
[SAT] Agent 27 entry time: 10 exit time: 27
[SAT] Agent 28 entry time: 9 exit time: 24
[SAT] Agent 30 entry time: 9 exit time: 35
[SAT] Agent 32 entry time: 9 exit time: 29

[SAT] Start time: 9 End time: 37

[SAT] Solving local zone with SAT iteration 1...
[SAT] Local CNF: 200411 clauses 

DEBUG: Adding 200411 new clauses to MiniSAT (incremental run)
DEBUG: Clause load summary: input=200411, added=200411, tautologies_skipped=0, duplicates_skipped=0, unit_clauses=203, empties=0, intra_clause_literals_removed=0, added_but_db_unchanged=240
DEBUG: After adding clauses, solver has 199968 clauses and 9278 variables
DEBUG: MiniSAT found 9278 variables
DEBUG: Assignment size: 9278
DEBUG: First few assignment values: 1 0 0 1 0 0 1 0 0 0 

=== DEBUG: cnf_assignment_to_paths ===
Input assignment size: 9278

=== END DEBUG ===
[SAT] Found 40 vertex collisions and 17 edge collisions
[SAT] Adding collision clauses and solving again...
[SAT] Solving local zone with SAT iteration 2...
[SAT] Local CNF: 200468 clauses 

DEBUG: Adding 57 new clauses to MiniSAT (incremental run)
[SAT] Previous assignment invalidated by new clauses, reset solver and retrying without assumptions...
DEBUG: Adding 200468 new clauses to MiniSAT (incremental run)
[SAT] Local problem appears to be unsatisfiable in current zone
[Waiting_time_Solve] No solution found, trying to apply waiting time:2
[Waiting_time_Solve] Applying waiting time 2 to agent 0 who has waiting time 34
[Waiting_time_Solve] New path is consistent after applying waiting time for agent 0
[Current_Solution] Agent 0 used 2 waiting timesteps, 32 remaining
[Waiting_time_Solve] Applied 2 waiting time  for agent 0 who has waiting time 32
[Waiting_time_Solve] Applying waiting time 2 to agent 14 who has waiting time 17
[Current_Solution] Agent 14 used 1 waiting timesteps, 16 remaining
[Waiting_time_Solve] New path is consistent after applying waiting time for agent 14
[Current_Solution] Agent 14 used 2 waiting timesteps, 14 remaining
[Waiting_time_Solve] Applied 2 waiting time  for agent 14 who has waiting time 14
[Waiting_time_Solve] Applying waiting time 2 to agent 7 who has waiting time 3
[Waiting_time_Solve] New path is consistent after applying waiting time for agent 7
[Current_Solution] Agent 7 used 2 waiting timesteps, 1 remaining
[Waiting_time_Solve] Applied 2 waiting time  for agent 7 who has waiting time 1
[Waiting_time_Solve] Applying waiting time 2 to agent 9 who has waiting time 18
[Waiting_time_Solve] New path is consistent after applying waiting time for agent 9
[Current_Solution] Agent 9 used 2 waiting timesteps, 16 remaining
[Waiting_time_Solve] Applied 2 waiting time  for agent 9 who has waiting time 16
[Waiting_time_Solve] Applying waiting time 2 to agent 12 who has waiting time 5
[Waiting_time_Solve] New path is consistent after applying waiting time for agent 12
[Current_Solution] Agent 12 used 2 waiting timesteps, 3 remaining
[Waiting_time_Solve] Applied 2 waiting time  for agent 12 who has waiting time 3
[Waiting_time_Solve] Applying waiting time 2 to agent 25 who has waiting time 5
[Waiting_time_Solve] New path is consistent after applying waiting time for agent 25
[Current_Solution] Agent 25 used 2 waiting timesteps, 3 remaining
[Waiting_time_Solve] Applied 2 waiting time  for agent 25 who has waiting time 3
[Waiting_time_Solve] Applying waiting time 2 to agent 24 who has waiting time 17
[Current_Solution] Agent 24 used 1 waiting timesteps, 16 remaining
[Waiting_time_Solve] New path is consistent after applying waiting time for agent 24
[Current_Solution] Agent 24 used 2 waiting timesteps, 14 remaining
[Waiting_time_Solve] Applied 2 waiting time  for agent 24 who has waiting time 14
[Waiting_time_Solve] Applying waiting time 2 to agent 27 who has waiting time 13
[Waiting_time_Solve] New path is consistent after applying waiting time for agent 27
[Current_Solution] Agent 27 used 2 waiting timesteps, 11 remaining
[Waiting_time_Solve] Applied 2 waiting time  for agent 27 who has waiting time 11
[Waiting_time_Solve] Applying waiting time 2 to agent 34 who has waiting time 27
[Waiting_time_Solve] New path is consistent after applying waiting time for agent 34
[Current_Solution] Agent 34 used 2 waiting timesteps, 25 remaining
[Waiting_time_Solve] Applied 2 waiting time  for agent 34 who has waiting time 25
[Waiting_time_Solve] Applying waiting time 2 to agent 40 who has waiting time 23
[Waiting_time_Solve] New path is consistent after applying waiting time for agent 40
[Current_Solution] Agent 40 used 2 waiting timesteps, 21 remaining
[Waiting_time_Solve] Applied 2 waiting time  for agent 40 who has waiting time 21
[Waiting_time_Solve] Applying waiting time 2 to agent 44 who has waiting time 23
[Waiting_time_Solve] New path is consistent after applying waiting time for agent 44
[Current_Solution] Agent 44 used 2 waiting timesteps, 21 remaining
[Waiting_time_Solve] Applied 2 waiting time  for agent 44 who has waiting time 21
[Waiting_time_Solve] Applying waiting time 2 to agent 39 who has waiting time 18
[Current_Solution] Agent 39 used 2 waiting timesteps, 16 remaining
[Waiting_time_Solve] New path is consistent after applying waiting time for agent 39
[Current_Solution] Agent 39 used 2 waiting timesteps, 14 remaining
[Waiting_time_Solve] Applied 2 waiting time  for agent 39 who has waiting time 14
[Waiting_time_Solve] Applying waiting time 2 to agent 28 who has waiting time 6
[Waiting_time_Solve] New path is consistent after applying waiting time for agent 28
[Current_Solution] Agent 28 used 2 waiting timesteps, 4 remaining
[Waiting_time_Solve] Applied 2 waiting time  for agent 28 who has waiting time 4
[Waiting_time_Solve] Applying waiting time 2 to agent 13 who has waiting time 5
[Waiting_time_Solve] New path is consistent after applying waiting time for agent 13
[Current_Solution] Agent 13 used 2 waiting timesteps, 3 remaining
[Waiting_time_Solve] Applied 2 waiting time  for agent 13 who has waiting time 3
[Waiting_time_Solve] Applying waiting time 2 to agent 15 who has waiting time 15
[Waiting_time_Solve] New path is consistent after applying waiting time for agent 15
[Current_Solution] Agent 15 used 2 waiting timesteps, 13 remaining
[Waiting_time_Solve] Applied 2 waiting time  for agent 15 who has waiting time 13
[Waiting_time_Solve] Applying waiting time 2 to agent 37 who has waiting time 17
[Current_Solution] Agent 37 used 1 waiting timesteps, 16 remaining
[Waiting_time_Solve] New path is consistent after applying waiting time for agent 37
[Current_Solution] Agent 37 used 2 waiting timesteps, 14 remaining
[Waiting_time_Solve] Applied 2 waiting time  for agent 37 who has waiting time 14
[Waiting_time_Solve] ALL Waiting time applied
[Waiting_time_Solve] Extended Zone end time from 37 to 39
[Current_Solution] Agent 17 used 1 waiting timesteps, 16 remaining
[Current_Solution] Agent 18 used 1 waiting timesteps, 16 remaining
[Current_Solution] Agent 23 used 1 waiting timesteps, 16 remaining
[Current_Solution] Agent 42 used 2 waiting timesteps, 16 remaining
[Current_Solution] Agent 46 used 2 waiting timesteps, 16 remaining
[Current_Solution] Agent 47 used 2 waiting timesteps, 16 remaining
[Current_Solution] Agent 49 used 1 waiting timesteps, 16 remaining
[Waiting_time_Solve] Iteration 2...
[Waiting_time_Solve] Agent 38 pseudo agents: 53 
[Waiting_time_Solve] Agent 5 pseudo agents: 50 
[Waiting_time_Solve] Agent 27 pseudo agents: 51 
[Waiting_time_Solve] Agent 28 pseudo agents: 52 
[SAT] Start solving CNF: 293239 clauses and 12392 variables
[SAT] Agent 49 entry time: 9 exit time: 39
[SAT] Agent 48 entry time: 9 exit time: 13
[SAT] Agent 47 entry time: 9 exit time: 39
[SAT] Agent 46 entry time: 15 exit time: 39
[SAT] Agent 45 entry time: 16 exit time: 39
[SAT] Agent 44 entry time: 9 exit time: 31
[SAT] Agent 43 entry time: 9 exit time: 32
[SAT] Agent 42 entry time: 12 exit time: 39
[SAT] Agent 41 entry time: 9 exit time: 11
[SAT] Agent 40 entry time: 9 exit time: 29
[SAT] Agent 39 entry time: 21 exit time: 39
[SAT] Agent 53 entry time: 25 exit time: 29
[SAT] Agent 38 entry time: 9 exit time: 17
[SAT] Agent 37 entry time: 9 exit time: 39
[SAT] Agent 35 entry time: 10 exit time: 39
[SAT] Agent 14 entry time: 9 exit time: 39
[SAT] Agent 12 entry time: 11 exit time: 39
[SAT] Agent 10 entry time: 15 exit time: 39
[SAT] Agent 9 entry time: 9 exit time: 38
[SAT] Agent 7 entry time: 11 exit time: 39
[SAT] Agent 6 entry time: 14 exit time: 39
[SAT] Agent 11 entry time: 9 exit time: 18
[SAT] Agent 50 entry time: 14 exit time: 14
[SAT] Agent 5 entry time: 9 exit time: 10
[SAT] Agent 34 entry time: 9 exit time: 20
[SAT] Agent 4 entry time: 9 exit time: 32
[SAT] Agent 2 entry time: 17 exit time: 19
[SAT] Agent 13 entry time: 9 exit time: 37
[SAT] Agent 0 entry time: 11 exit time: 18
[SAT] Agent 29 entry time: 9 exit time: 10
[SAT] Agent 15 entry time: 11 exit time: 39
[SAT] Agent 17 entry time: 9 exit time: 39
[SAT] Agent 18 entry time: 12 exit time: 39
[SAT] Agent 22 entry time: 12 exit time: 39
[SAT] Agent 51 entry time: 38 exit time: 39
[SAT] Agent 23 entry time: 9 exit time: 39
[SAT] Agent 52 entry time: 33 exit time: 37
[SAT] Agent 24 entry time: 9 exit time: 39
[SAT] Agent 25 entry time: 11 exit time: 39
[SAT] Agent 26 entry time: 9 exit time: 27
[SAT] Agent 27 entry time: 10 exit time: 29
[SAT] Agent 28 entry time: 9 exit time: 24
[SAT] Agent 30 entry time: 9 exit time: 35
[SAT] Agent 32 entry time: 9 exit time: 29

[SAT] Start time: 9 End time: 39

[SAT] Solving local zone with SAT iteration 1...
[SAT] Local CNF: 293345 clauses 

DEBUG: Adding 293345 new clauses to MiniSAT (incremental run)
[SAT] Local problem appears to be unsatisfiable in current zone
[Waiting_time_Solve] No solution found, trying to apply waiting time:3
[Waiting_time_Solve] No waiting time applied
[Waiting_time_Solve] No solution found
[Waiting_time_Solve] Restoring original paths
[Waiting_time_Solve] Restoring waiting times
[Current_Solution] Restored waiting times from backup
[Current_Solution] Restored paths from backup
[Solve_local_zone] Zone with expansion factor 6failed
[Solve_local_zone] Expanding zone with offset 9 (original: 1)
[LOCAL ZONE] Found newly touched conflict 23 at position (9,13)
[LOCAL ZONE] Found newly touched conflict 27 at position (10,14)
[LOCAL ZONE] Found newly touched conflict 48 at position (27,13)
[LOCAL ZONE] Found newly touched conflict 43 at position (2,15)
[LOCAL ZONE] Found newly touched conflict 44 at position (2,17)
[Solve_local_zone] Final expanded zone contains 441 positions with 30 conflicts 
[Solve_local_zone] New time window: [7, 45]
[Solve_local_zone] Current local zone size: 441 (64.6628% of all walkable positions)
[Solve_local_zone] Local zone time window: [7, 45]
[Current_Solution] Agent 3 used 16 waiting timesteps, 10 remaining
[Current_Solution] Agent 4 used 5 waiting timesteps, 10 remaining
[Current_Solution] Agent 5 used 30 waiting timesteps, 10 remaining
[Current_Solution] Agent 9 used 9 waiting timesteps, 10 remaining
[Current_Solution] Agent 14 used 30 waiting timesteps, 10 remaining
[Current_Solution] Agent 15 used 6 waiting timesteps, 10 remaining
[Current_Solution] Agent 17 used 26 waiting timesteps, 10 remaining
[Current_Solution] Agent 18 used 15 waiting timesteps, 10 remaining
[Current_Solution] Agent 20 used 36 waiting timesteps, 10 remaining
[Current_Solution] Agent 23 used 22 waiting timesteps, 10 remaining
[Current_Solution] Agent 24 used 15 waiting timesteps, 10 remaining
[Create_Local_problem] Agent 26 returned to the zone 1 times within time window
[Current_Solution] Agent 26 used 4 waiting timesteps, 10 remaining
[Current_Solution] Agent 27 used 4 waiting timesteps, 10 remaining
[Current_Solution] Agent 29 used 31 waiting timesteps, 10 remaining
[Current_Solution] Agent 31 used 15 waiting timesteps, 10 remaining
[Current_Solution] Agent 34 used 18 waiting timesteps, 10 remaining
[Current_Solution] Agent 37 used 19 waiting timesteps, 10 remaining
[Create_Local_problem] Agent 38 returned to the zone 1 times within time window
[Current_Solution] Agent 38 used 13 waiting timesteps, 10 remaining
[Current_Solution] Agent 39 used 21 waiting timesteps, 10 remaining
[Current_Solution] Agent 41 used 30 waiting timesteps, 10 remaining
[Current_Solution] Agent 42 used 20 waiting timesteps, 10 remaining
[Create_Local_problem] Agent 43 returned to the zone 1 times within time window
[Current_Solution] Agent 43 used 6 waiting timesteps, 10 remaining
[Create_Local_problem] Agent 45 returned to the zone 1 times within time window
[Current_Solution] Agent 46 used 30 waiting timesteps, 10 remaining
[Current_Solution] Agent 47 used 43 waiting timesteps, 10 remaining
[Current_Solution] Agent 49 used 21 waiting timesteps, 10 remaining
[Waiting_time_Solve] Agent 0 has waiting time 35
[Waiting_time_Solve] Agent 1 has waiting time 44
[Waiting_time_Solve] Agent 2 has waiting time 25
[Waiting_time_Solve] Agent 3 has waiting time 10
[Waiting_time_Solve] Agent 4 has waiting time 10
[Waiting_time_Solve] Agent 5 has waiting time 10
[Waiting_time_Solve] Agent 6 has waiting time 2
[Waiting_time_Solve] Agent 7 has waiting time 4
[Waiting_time_Solve] Agent 8 has waiting time 52
[Waiting_time_Solve] Agent 9 has waiting time 10
[Waiting_time_Solve] Agent 10 has waiting time 1
[Waiting_time_Solve] Agent 11 has waiting time 27
[Waiting_time_Solve] Agent 12 has waiting time 6
[Waiting_time_Solve] Agent 13 has waiting time 6
[Waiting_time_Solve] Agent 14 has waiting time 10
[Waiting_time_Solve] Agent 15 has waiting time 10
[Waiting_time_Solve] Agent 16 has waiting time 34
[Waiting_time_Solve] Agent 17 has waiting time 10
[Waiting_time_Solve] Agent 18 has waiting time 10
[Waiting_time_Solve] Agent 19 has waiting time 36
[Waiting_time_Solve] Agent 20 has waiting time 10
[Waiting_time_Solve] Agent 21 has waiting time 22
[Waiting_time_Solve] Agent 22 has waiting time 3
[Waiting_time_Solve] Agent 23 has waiting time 10
[Waiting_time_Solve] Agent 24 has waiting time 10
[Waiting_time_Solve] Agent 25 has waiting time 6
[Waiting_time_Solve] Agent 26 has waiting time 10
[Waiting_time_Solve] Agent 27 has waiting time 10
[Waiting_time_Solve] Agent 28 has waiting time 7
[Waiting_time_Solve] Agent 29 has waiting time 10
[Waiting_time_Solve] Agent 30 has waiting time 1
[Waiting_time_Solve] Agent 31 has waiting time 10
[Waiting_time_Solve] Agent 32 has waiting time 4
[Waiting_time_Solve] Agent 33 has waiting time 15
[Waiting_time_Solve] Agent 34 has waiting time 10
[Waiting_time_Solve] Agent 35 has waiting time 4
[Waiting_time_Solve] Agent 36 has waiting time 46
[Waiting_time_Solve] Agent 37 has waiting time 10
[Waiting_time_Solve] Agent 38 has waiting time 10
[Waiting_time_Solve] Agent 39 has waiting time 10
[Waiting_time_Solve] Agent 40 has waiting time 24
[Waiting_time_Solve] Agent 41 has waiting time 10
[Waiting_time_Solve] Agent 42 has waiting time 10
[Waiting_time_Solve] Agent 43 has waiting time 10
[Waiting_time_Solve] Agent 44 has waiting time 24
[Waiting_time_Solve] Agent 45 has waiting time 0
[Waiting_time_Solve] Agent 46 has waiting time 10
[Waiting_time_Solve] Agent 47 has waiting time 10
[Waiting_time_Solve] Agent 48 has waiting time 20
[Waiting_time_Solve] Agent 49 has waiting time 10
[Waiting_time_Solve] Total available waiting time: 698
[Waiting_time_Solve] Max iterations: 698
[Waiting_time_Solve] Iteration 0...
[Waiting_time_Solve] Agent 45 pseudo agents: 53 
[Waiting_time_Solve] Agent 43 pseudo agents: 52 
[Waiting_time_Solve] Agent 38 pseudo agents: 51 
[Waiting_time_Solve] Agent 26 pseudo agents: 50 
[SAT] Start solving CNF: 2515641 clauses and 48924 variables
[SAT] Agent 49 entry time: 7 exit time: 45
[SAT] Agent 48 entry time: 7 exit time: 25
[SAT] Agent 47 entry time: 7 exit time: 45
[SAT] Agent 46 entry time: 13 exit time: 45
[SAT] Agent 53 entry time: 14 exit time: 45
[SAT] Agent 45 entry time: 7 exit time: 7
[SAT] Agent 44 entry time: 7 exit time: 30
[SAT] Agent 52 entry time: 39 exit time: 45
[SAT] Agent 43 entry time: 7 exit time: 33
[SAT] Agent 42 entry time: 7 exit time: 45
[SAT] Agent 41 entry time: 7 exit time: 45
[SAT] Agent 40 entry time: 7 exit time: 28
[SAT] Agent 39 entry time: 7 exit time: 45
[SAT] Agent 51 entry time: 22 exit time: 45
[SAT] Agent 38 entry time: 7 exit time: 18
[SAT] Agent 37 entry time: 7 exit time: 45
[SAT] Agent 35 entry time: 8 exit time: 45
[SAT] Agent 34 entry time: 7 exit time: 45
[SAT] Agent 33 entry time: 9 exit time: 31
[SAT] Agent 32 entry time: 7 exit time: 45
[SAT] Agent 31 entry time: 12 exit time: 45
[SAT] Agent 30 entry time: 7 exit time: 45
[SAT] Agent 12 entry time: 9 exit time: 45
[SAT] Agent 11 entry time: 7 exit time: 20
[SAT] Agent 10 entry time: 13 exit time: 45
[SAT] Agent 9 entry time: 7 exit time: 45
[SAT] Agent 7 entry time: 7 exit time: 45
[SAT] Agent 6 entry time: 12 exit time: 45
[SAT] Agent 5 entry time: 7 exit time: 45
[SAT] Agent 4 entry time: 7 exit time: 45
[SAT] Agent 3 entry time: 8 exit time: 45
[SAT] Agent 2 entry time: 7 exit time: 27
[SAT] Agent 1 entry time: 7 exit time: 7
[SAT] Agent 13 entry time: 7 exit time: 44
[SAT] Agent 0 entry time: 9 exit time: 17
[SAT] Agent 29 entry time: 7 exit time: 45
[SAT] Agent 14 entry time: 7 exit time: 45
[SAT] Agent 15 entry time: 9 exit time: 45
[SAT] Agent 17 entry time: 7 exit time: 45
[SAT] Agent 18 entry time: 9 exit time: 45
[SAT] Agent 19 entry time: 7 exit time: 8
[SAT] Agent 20 entry time: 7 exit time: 45
[SAT] Agent 21 entry time: 7 exit time: 17
[SAT] Agent 50 entry time: 35 exit time: 45
[SAT] Agent 22 entry time: 10 exit time: 44
[SAT] Agent 23 entry time: 7 exit time: 45
[SAT] Agent 24 entry time: 7 exit time: 45
[SAT] Agent 25 entry time: 9 exit time: 43
[SAT] Agent 26 entry time: 7 exit time: 29
[SAT] Agent 27 entry time: 8 exit time: 45
[SAT] Agent 28 entry time: 7 exit time: 42

[SAT] Start time: 7 End time: 45

[SAT] Solving local zone with SAT iteration 1...
[SAT] Local CNF: 2515641 clauses 

DEBUG: Adding 2515641 new clauses to MiniSAT (incremental run)
DEBUG: Clause load summary: input=2515641, added=2515641, tautologies_skipped=0, duplicates_skipped=0, unit_clauses=390, empties=0, intra_clause_literals_removed=0, added_but_db_unchanged=476
DEBUG: After adding clauses, solver has 2514775 clauses and 48924 variables
DEBUG: MiniSAT found 48924 variables
DEBUG: Assignment size: 48924
DEBUG: First few assignment values: 1 0 1 0 0 0 1 0 0 0 

=== DEBUG: cnf_assignment_to_paths ===
Input assignment size: 48924

=== END DEBUG ===
[SAT] Found 115 vertex collisions and 55 edge collisions
[SAT] Adding collision clauses and solving again...
[SAT] Solving local zone with SAT iteration 2...
[SAT] Local CNF: 2515811 clauses 

DEBUG: Adding 170 new clauses to MiniSAT (incremental run)
[SAT] Previous assignment invalidated by new clauses, reset solver and retrying without assumptions...
DEBUG: Adding 2515811 new clauses to MiniSAT (incremental run)
[SAT] Local problem appears to be unsatisfiable in current zone
[Waiting_time_Solve] No solution found, trying to apply waiting time:1
[Waiting_time_Solve] Applying waiting time 1 to agent 5 who has waiting time 10
[Current_Solution] Agent 5 used 1 waiting timesteps, 9 remaining
[Waiting_time_Solve] New path is consistent after applying waiting time for agent 5
[Current_Solution] Agent 5 used 1 waiting timesteps, 8 remaining
[Waiting_time_Solve] Applied 1 waiting time  for agent 5 who has waiting time 8
[Waiting_time_Solve] Applying waiting time 1 to agent 12 who has waiting time 6
[Waiting_time_Solve] New path is consistent after applying waiting time for agent 12
[Current_Solution] Agent 12 used 1 waiting timesteps, 5 remaining
[Waiting_time_Solve] Applied 1 waiting time  for agent 12 who has waiting time 5
[Waiting_time_Solve] Applying waiting time 1 to agent 27 who has waiting time 10
[Current_Solution] Agent 27 used 1 waiting timesteps, 9 remaining
[Waiting_time_Solve] New path is consistent after applying waiting time for agent 27
[Current_Solution] Agent 27 used 1 waiting timesteps, 8 remaining
[Waiting_time_Solve] Applied 1 waiting time  for agent 27 who has waiting time 8
[Waiting_time_Solve] Applying waiting time 1 to agent 25 who has waiting time 6
[Waiting_time_Solve] New path is consistent after applying waiting time for agent 25
[Current_Solution] Agent 25 used 1 waiting timesteps, 5 remaining
[Waiting_time_Solve] Applied 1 waiting time  for agent 25 who has waiting time 5
[Waiting_time_Solve] Applying waiting time 1 to agent 9 who has waiting time 10
[Current_Solution] Agent 9 used 1 waiting timesteps, 9 remaining
[Waiting_time_Solve] New path is consistent after applying waiting time for agent 9
[Current_Solution] Agent 9 used 1 waiting timesteps, 8 remaining
[Waiting_time_Solve] Applied 1 waiting time  for agent 9 who has waiting time 8
[Waiting_time_Solve] Applying waiting time 1 to agent 14 who has waiting time 10
[Current_Solution] Agent 14 used 1 waiting timesteps, 9 remaining
[Waiting_time_Solve] New path is consistent after applying waiting time for agent 14
[Current_Solution] Agent 14 used 1 waiting timesteps, 8 remaining
[Waiting_time_Solve] Applied 1 waiting time  for agent 14 who has waiting time 8
[Waiting_time_Solve] Applying waiting time 1 to agent 15 who has waiting time 10
[Current_Solution] Agent 15 used 1 waiting timesteps, 9 remaining
[Waiting_time_Solve] New path is consistent after applying waiting time for agent 15
[Current_Solution] Agent 15 used 1 waiting timesteps, 8 remaining
[Waiting_time_Solve] Applied 1 waiting time  for agent 15 who has waiting time 8
[Waiting_time_Solve] Applying waiting time 1 to agent 17 who has waiting time 10
[Current_Solution] Agent 17 used 1 waiting timesteps, 9 remaining
[Waiting_time_Solve] New path is consistent after applying waiting time for agent 17
[Current_Solution] Agent 17 used 1 waiting timesteps, 8 remaining
[Waiting_time_Solve] Applied 1 waiting time  for agent 17 who has waiting time 8
[Waiting_time_Solve] Applying waiting time 1 to agent 18 who has waiting time 10
[Current_Solution] Agent 18 used 1 waiting timesteps, 9 remaining
[Waiting_time_Solve] New path is consistent after applying waiting time for agent 18
[Current_Solution] Agent 18 used 1 waiting timesteps, 8 remaining
[Waiting_time_Solve] Applied 1 waiting time  for agent 18 who has waiting time 8
[Waiting_time_Solve] Applying waiting time 1 to agent 2 who has waiting time 25
[Waiting_time_Solve] New path is consistent after applying waiting time for agent 2
[Current_Solution] Agent 2 used 1 waiting timesteps, 24 remaining
[Waiting_time_Solve] Applied 1 waiting time  for agent 2 who has waiting time 24
[Waiting_time_Solve] Applying waiting time 1 to agent 24 who has waiting time 10
[Current_Solution] Agent 24 used 1 waiting timesteps, 9 remaining
[Waiting_time_Solve] New path is consistent after applying waiting time for agent 24
[Current_Solution] Agent 24 used 1 waiting timesteps, 8 remaining
[Waiting_time_Solve] Applied 1 waiting time  for agent 24 who has waiting time 8
[Waiting_time_Solve] Applying waiting time 1 to agent 29 who has waiting time 10
[Current_Solution] Agent 29 used 1 waiting timesteps, 9 remaining
[Waiting_time_Solve] New path is consistent after applying waiting time for agent 29
[Current_Solution] Agent 29 used 1 waiting timesteps, 8 remaining
[Waiting_time_Solve] Applied 1 waiting time  for agent 29 who has waiting time 8
[Waiting_time_Solve] Applying waiting time 1 to agent 23 who has waiting time 10
[Current_Solution] Agent 23 used 1 waiting timesteps, 9 remaining
[Waiting_time_Solve] New path is consistent after applying waiting time for agent 23
[Current_Solution] Agent 23 used 1 waiting timesteps, 8 remaining
[Waiting_time_Solve] Applied 1 waiting time  for agent 23 who has waiting time 8
[Waiting_time_Solve] Applying waiting time 1 to agent 28 who has waiting time 7
[Waiting_time_Solve] New path is consistent after applying waiting time for agent 28
[Current_Solution] Agent 28 used 1 waiting timesteps, 6 remaining
[Waiting_time_Solve] Applied 1 waiting time  for agent 28 who has waiting time 6
[Waiting_time_Solve] Applying waiting time 1 to agent 31 who has waiting time 10
[Current_Solution] Agent 31 used 1 waiting timesteps, 9 remaining
[Waiting_time_Solve] New path is consistent after applying waiting time for agent 31
[Current_Solution] Agent 31 used 1 waiting timesteps, 8 remaining
[Waiting_time_Solve] Applied 1 waiting time  for agent 31 who has waiting time 8
[Waiting_time_Solve] Applying waiting time 1 to agent 34 who has waiting time 10
[Current_Solution] Agent 34 used 1 waiting timesteps, 9 remaining
[Waiting_time_Solve] New path is consistent after applying waiting time for agent 34
[Current_Solution] Agent 34 used 1 waiting timesteps, 8 remaining
[Waiting_time_Solve] Applied 1 waiting time  for agent 34 who has waiting time 8
[Waiting_time_Solve] Applying waiting time 1 to agent 13 who has waiting time 6
[Waiting_time_Solve] New path is consistent after applying waiting time for agent 13
[Current_Solution] Agent 13 used 1 waiting timesteps, 5 remaining
[Waiting_time_Solve] Applied 1 waiting time  for agent 13 who has waiting time 5
[Waiting_time_Solve] Applying waiting time 1 to agent 40 who has waiting time 24
[Waiting_time_Solve] New path is consistent after applying waiting time for agent 40
[Current_Solution] Agent 40 used 1 waiting timesteps, 23 remaining
[Waiting_time_Solve] Applied 1 waiting time  for agent 40 who has waiting time 23
[Waiting_time_Solve] Applying waiting time 1 to agent 44 who has waiting time 24
[Waiting_time_Solve] New path is consistent after applying waiting time for agent 44
[Current_Solution] Agent 44 used 1 waiting timesteps, 23 remaining
[Waiting_time_Solve] Applied 1 waiting time  for agent 44 who has waiting time 23
[Waiting_time_Solve] Applying waiting time 1 to agent 49 who has waiting time 10
[Current_Solution] Agent 49 used 1 waiting timesteps, 9 remaining
[Waiting_time_Solve] New path is consistent after applying waiting time for agent 49
[Current_Solution] Agent 49 used 1 waiting timesteps, 8 remaining
[Waiting_time_Solve] Applied 1 waiting time  for agent 49 who has waiting time 8
[Waiting_time_Solve] Applying waiting time 1 to agent 7 who has waiting time 4
[Waiting_time_Solve] New path is consistent after applying waiting time for agent 7
[Current_Solution] Agent 7 used 1 waiting timesteps, 3 remaining
[Waiting_time_Solve] Applied 1 waiting time  for agent 7 who has waiting time 3
[Waiting_time_Solve] Applying waiting time 1 to agent 41 who has waiting time 10
[Current_Solution] Agent 41 used 1 waiting timesteps, 9 remaining
[Waiting_time_Solve] New path is consistent after applying waiting time for agent 41
[Current_Solution] Agent 41 used 1 waiting timesteps, 8 remaining
[Waiting_time_Solve] Applied 1 waiting time  for agent 41 who has waiting time 8
[Waiting_time_Solve] Applying waiting time 1 to agent 39 who has waiting time 10
[Current_Solution] Agent 39 used 1 waiting timesteps, 9 remaining
[Waiting_time_Solve] New path is consistent after applying waiting time for agent 39
[Current_Solution] Agent 39 used 1 waiting timesteps, 8 remaining
[Waiting_time_Solve] Applied 1 waiting time  for agent 39 who has waiting time 8
[Waiting_time_Solve] Applying waiting time 1 to agent 37 who has waiting time 10
[Current_Solution] Agent 37 used 1 waiting timesteps, 9 remaining
[Waiting_time_Solve] New path is consistent after applying waiting time for agent 37
[Current_Solution] Agent 37 used 1 waiting timesteps, 8 remaining
[Waiting_time_Solve] Applied 1 waiting time  for agent 37 who has waiting time 8
[Waiting_time_Solve] Applying waiting time 1 to agent 0 who has waiting time 35
[Waiting_time_Solve] New path is consistent after applying waiting time for agent 0
[Current_Solution] Agent 0 used 1 waiting timesteps, 34 remaining
[Waiting_time_Solve] Applied 1 waiting time  for agent 0 who has waiting time 34
[Waiting_time_Solve] ALL Waiting time applied
[Waiting_time_Solve] Extended Zone end time from 45 to 46
[Current_Solution] Agent 3 used 1 waiting timesteps, 9 remaining
[Current_Solution] Agent 4 used 1 waiting timesteps, 9 remaining
[Current_Solution] Agent 20 used 1 waiting timesteps, 9 remaining
[Current_Solution] Agent 26 used 1 waiting timesteps, 9 remaining
[Current_Solution] Agent 38 used 1 waiting timesteps, 9 remaining
[Current_Solution] Agent 42 used 1 waiting timesteps, 9 remaining
[Current_Solution] Agent 43 used 1 waiting timesteps, 9 remaining
[Current_Solution] Agent 46 used 1 waiting timesteps, 9 remaining
[Current_Solution] Agent 47 used 1 waiting timesteps, 9 remaining
[Waiting_time_Solve] Iteration 1...
[Waiting_time_Solve] Agent 45 pseudo agents: 53 
[Waiting_time_Solve] Agent 43 pseudo agents: 52 
[Waiting_time_Solve] Agent 38 pseudo agents: 51 
[Waiting_time_Solve] Agent 26 pseudo agents: 50 
[SAT] Start solving CNF: 2869494 clauses and 53650 variables
[SAT] Agent 49 entry time: 7 exit time: 46
[SAT] Agent 48 entry time: 7 exit time: 25
[SAT] Agent 47 entry time: 7 exit time: 46
[SAT] Agent 46 entry time: 13 exit time: 46
[SAT] Agent 53 entry time: 14 exit time: 46
[SAT] Agent 45 entry time: 7 exit time: 7
[SAT] Agent 44 entry time: 7 exit time: 31
[SAT] Agent 52 entry time: 39 exit time: 46
[SAT] Agent 43 entry time: 7 exit time: 33
[SAT] Agent 42 entry time: 7 exit time: 46
[SAT] Agent 41 entry time: 7 exit time: 46
[SAT] Agent 40 entry time: 7 exit time: 29
[SAT] Agent 39 entry time: 7 exit time: 46
[SAT] Agent 51 entry time: 22 exit time: 46
[SAT] Agent 38 entry time: 7 exit time: 18
[SAT] Agent 37 entry time: 7 exit time: 46
[SAT] Agent 35 entry time: 8 exit time: 46
[SAT] Agent 34 entry time: 7 exit time: 46
[SAT] Agent 33 entry time: 9 exit time: 31
[SAT] Agent 32 entry time: 7 exit time: 46
[SAT] Agent 31 entry time: 12 exit time: 46
[SAT] Agent 30 entry time: 7 exit time: 46
[SAT] Agent 12 entry time: 9 exit time: 46
[SAT] Agent 11 entry time: 7 exit time: 20
[SAT] Agent 10 entry time: 13 exit time: 46
[SAT] Agent 9 entry time: 7 exit time: 46
[SAT] Agent 7 entry time: 7 exit time: 46
[SAT] Agent 6 entry time: 12 exit time: 46
[SAT] Agent 5 entry time: 7 exit time: 46
[SAT] Agent 4 entry time: 7 exit time: 46
[SAT] Agent 3 entry time: 8 exit time: 46
[SAT] Agent 2 entry time: 7 exit time: 28
[SAT] Agent 1 entry time: 7 exit time: 7
[SAT] Agent 13 entry time: 7 exit time: 45
[SAT] Agent 0 entry time: 9 exit time: 18
[SAT] Agent 29 entry time: 7 exit time: 46
[SAT] Agent 14 entry time: 7 exit time: 46
[SAT] Agent 15 entry time: 9 exit time: 46
[SAT] Agent 17 entry time: 7 exit time: 46
[SAT] Agent 18 entry time: 9 exit time: 46
[SAT] Agent 19 entry time: 7 exit time: 8
[SAT] Agent 20 entry time: 7 exit time: 46
[SAT] Agent 21 entry time: 7 exit time: 17
[SAT] Agent 50 entry time: 35 exit time: 46
[SAT] Agent 22 entry time: 10 exit time: 44
[SAT] Agent 23 entry time: 7 exit time: 46
[SAT] Agent 24 entry time: 7 exit time: 46
[SAT] Agent 25 entry time: 9 exit time: 44
[SAT] Agent 26 entry time: 7 exit time: 29
[SAT] Agent 27 entry time: 8 exit time: 46
[SAT] Agent 28 entry time: 7 exit time: 43

[SAT] Start time: 7 End time: 46

[SAT] Solving local zone with SAT iteration 1...
[SAT] Local CNF: 2869664 clauses 

DEBUG: Adding 2869664 new clauses to MiniSAT (incremental run)
DEBUG: Clause load summary: input=2869664, added=2869664, tautologies_skipped=0, duplicates_skipped=0, unit_clauses=269, empties=0, intra_clause_literals_removed=0, added_but_db_unchanged=371
DEBUG: After adding clauses, solver has 2869024 clauses and 53650 variables
DEBUG: MiniSAT found 53650 variables
DEBUG: Assignment size: 53650
DEBUG: First few assignment values: 1 0 0 1 0 0 1 0 0 0 

=== DEBUG: cnf_assignment_to_paths ===
Input assignment size: 53650

=== END DEBUG ===
[SAT] Found 62 vertex collisions and 23 edge collisions
[SAT] Adding collision clauses and solving again...
[SAT] Solving local zone with SAT iteration 2...
[SAT] Local CNF: 2869749 clauses 

DEBUG: Adding 85 new clauses to MiniSAT (incremental run)
[SAT] Previous assignment invalidated by new clauses, reset solver and retrying without assumptions...
DEBUG: Adding 2869749 new clauses to MiniSAT (incremental run)
[SAT] Local problem appears to be unsatisfiable in current zone
[Waiting_time_Solve] No solution found, trying to apply waiting time:2
[Waiting_time_Solve] Applying waiting time 2 to agent 5 who has waiting time 8
[Current_Solution] Agent 5 used 1 waiting timesteps, 7 remaining
[Waiting_time_Solve] New path is consistent after applying waiting time for agent 5
[Current_Solution] Agent 5 used 2 waiting timesteps, 5 remaining
[Waiting_time_Solve] Applied 2 waiting time  for agent 5 who has waiting time 5
[Waiting_time_Solve] Applying waiting time 2 to agent 27 who has waiting time 8
[Current_Solution] Agent 27 used 1 waiting timesteps, 7 remaining
[Waiting_time_Solve] New path is consistent after applying waiting time for agent 27
[Current_Solution] Agent 27 used 2 waiting timesteps, 5 remaining
[Waiting_time_Solve] Applied 2 waiting time  for agent 27 who has waiting time 5
[Waiting_time_Solve] Applying waiting time 2 to agent 7 who has waiting time 3
[Waiting_time_Solve] New path is consistent after applying waiting time for agent 7
[Current_Solution] Agent 7 used 2 waiting timesteps, 1 remaining
[Waiting_time_Solve] Applied 2 waiting time  for agent 7 who has waiting time 1
[Waiting_time_Solve] Applying waiting time 2 to agent 9 who has waiting time 8
[Current_Solution] Agent 9 used 1 waiting timesteps, 7 remaining
[Waiting_time_Solve] New path is consistent after applying waiting time for agent 9
[Current_Solution] Agent 9 used 2 waiting timesteps, 5 remaining
[Waiting_time_Solve] Applied 2 waiting time  for agent 9 who has waiting time 5
[Waiting_time_Solve] Applying waiting time 2 to agent 12 who has waiting time 5
[Waiting_time_Solve] New path is consistent after applying waiting time for agent 12
[Current_Solution] Agent 12 used 2 waiting timesteps, 3 remaining
[Waiting_time_Solve] Applied 2 waiting time  for agent 12 who has waiting time 3
[Waiting_time_Solve] Applying waiting time 2 to agent 4 who has waiting time 9
[Current_Solution] Agent 4 used 2 waiting timesteps, 7 remaining
[Waiting_time_Solve] New path is consistent after applying waiting time for agent 4
[Current_Solution] Agent 4 used 2 waiting timesteps, 5 remaining
[Waiting_time_Solve] Applied 2 waiting time  for agent 4 who has waiting time 5
[Waiting_time_Solve] Applying waiting time 2 to agent 14 who has waiting time 8
[Current_Solution] Agent 14 used 1 waiting timesteps, 7 remaining
[Waiting_time_Solve] New path is consistent after applying waiting time for agent 14
[Current_Solution] Agent 14 used 2 waiting timesteps, 5 remaining
[Waiting_time_Solve] Applied 2 waiting time  for agent 14 who has waiting time 5
[Waiting_time_Solve] Applying waiting time 2 to agent 43 who has waiting time 9
[Waiting_time_Solve] New path is consistent after applying waiting time for agent 43
[Current_Solution] Agent 43 used 2 waiting timesteps, 7 remaining
[Waiting_time_Solve] Applied 2 waiting time  for agent 43 who has waiting time 7
[Waiting_time_Solve] Applying waiting time 2 to agent 17 who has waiting time 8
[Current_Solution] Agent 17 used 1 waiting timesteps, 7 remaining
[Waiting_time_Solve] New path is consistent after applying waiting time for agent 17
[Current_Solution] Agent 17 used 2 waiting timesteps, 5 remaining
[Waiting_time_Solve] Applied 2 waiting time  for agent 17 who has waiting time 5
[Waiting_time_Solve] Applying waiting time 2 to agent 18 who has waiting time 8
[Current_Solution] Agent 18 used 1 waiting timesteps, 7 remaining
[Waiting_time_Solve] New path is consistent after applying waiting time for agent 18
[Current_Solution] Agent 18 used 2 waiting timesteps, 5 remaining
[Waiting_time_Solve] Applied 2 waiting time  for agent 18 who has waiting time 5
[Waiting_time_Solve] Applying waiting time 2 to agent 2 who has waiting time 24
[Waiting_time_Solve] New path is consistent after applying waiting time for agent 2
[Current_Solution] Agent 2 used 2 waiting timesteps, 22 remaining
[Waiting_time_Solve] Applied 2 waiting time  for agent 2 who has waiting time 22
[Waiting_time_Solve] Applying waiting time 2 to agent 25 who has waiting time 5
[Waiting_time_Solve] New path is consistent after applying waiting time for agent 25
[Current_Solution] Agent 25 used 2 waiting timesteps, 3 remaining
[Waiting_time_Solve] Applied 2 waiting time  for agent 25 who has waiting time 3
[Waiting_time_Solve] Applying waiting time 2 to agent 29 who has waiting time 8
[Current_Solution] Agent 29 used 1 waiting timesteps, 7 remaining
[Waiting_time_Solve] New path is consistent after applying waiting time for agent 29
[Current_Solution] Agent 29 used 2 waiting timesteps, 5 remaining
[Waiting_time_Solve] Applied 2 waiting time  for agent 29 who has waiting time 5
[Waiting_time_Solve] Applying waiting time 2 to agent 28 who has waiting time 6
[Waiting_time_Solve] New path is consistent after applying waiting time for agent 28
[Current_Solution] Agent 28 used 2 waiting timesteps, 4 remaining
[Waiting_time_Solve] Applied 2 waiting time  for agent 28 who has waiting time 4
[Waiting_time_Solve] Applying waiting time 2 to agent 31 who has waiting time 8
[Current_Solution] Agent 31 used 1 waiting timesteps, 7 remaining
[Waiting_time_Solve] New path is consistent after applying waiting time for agent 31
[Current_Solution] Agent 31 used 2 waiting timesteps, 5 remaining
[Waiting_time_Solve] Applied 2 waiting time  for agent 31 who has waiting time 5
[Waiting_time_Solve] Applying waiting time 2 to agent 37 who has waiting time 8
[Current_Solution] Agent 37 used 1 waiting timesteps, 7 remaining
[Waiting_time_Solve] New path is consistent after applying waiting time for agent 37
[Current_Solution] Agent 37 used 2 waiting timesteps, 5 remaining
[Waiting_time_Solve] Applied 2 waiting time  for agent 37 who has waiting time 5
[Waiting_time_Solve] Applying waiting time 2 to agent 0 who has waiting time 34
[Waiting_time_Solve] New path is consistent after applying waiting time for agent 0
[Current_Solution] Agent 0 used 2 waiting timesteps, 32 remaining
[Waiting_time_Solve] Applied 2 waiting time  for agent 0 who has waiting time 32
[Waiting_time_Solve] Applying waiting time 2 to agent 40 who has waiting time 23
[Waiting_time_Solve] New path is consistent after applying waiting time for agent 40
[Current_Solution] Agent 40 used 2 waiting timesteps, 21 remaining
[Waiting_time_Solve] Applied 2 waiting time  for agent 40 who has waiting time 21
[Waiting_time_Solve] Applying waiting time 2 to agent 49 who has waiting time 8
[Current_Solution] Agent 49 used 1 waiting timesteps, 7 remaining
[Waiting_time_Solve] New path is consistent after applying waiting time for agent 49
[Current_Solution] Agent 49 used 2 waiting timesteps, 5 remaining
[Waiting_time_Solve] Applied 2 waiting time  for agent 49 who has waiting time 5
[Waiting_time_Solve] Applying waiting time 2 to agent 34 who has waiting time 8
[Current_Solution] Agent 34 used 1 waiting timesteps, 7 remaining
[Waiting_time_Solve] New path is consistent after applying waiting time for agent 34
[Current_Solution] Agent 34 used 2 waiting timesteps, 5 remaining
[Waiting_time_Solve] Applied 2 waiting time  for agent 34 who has waiting time 5
[Waiting_time_Solve] Applying waiting time 2 to agent 13 who has waiting time 5
[Waiting_time_Solve] New path is consistent after applying waiting time for agent 13
[Current_Solution] Agent 13 used 2 waiting timesteps, 3 remaining
[Waiting_time_Solve] Applied 2 waiting time  for agent 13 who has waiting time 3
[Waiting_time_Solve] ALL Waiting time applied
[Waiting_time_Solve] Extended Zone end time from 46 to 48
[Current_Solution] Agent 3 used 2 waiting timesteps, 7 remaining
[Current_Solution] Agent 15 used 1 waiting timesteps, 7 remaining
[Current_Solution] Agent 20 used 2 waiting timesteps, 7 remaining
[Current_Solution] Agent 23 used 1 waiting timesteps, 7 remaining
[Current_Solution] Agent 24 used 1 waiting timesteps, 7 remaining
[Current_Solution] Agent 26 used 2 waiting timesteps, 7 remaining
[Current_Solution] Agent 38 used 2 waiting timesteps, 7 remaining
[Current_Solution] Agent 39 used 1 waiting timesteps, 7 remaining
[Current_Solution] Agent 41 used 1 waiting timesteps, 7 remaining
[Current_Solution] Agent 42 used 2 waiting timesteps, 7 remaining
[Current_Solution] Agent 46 used 2 waiting timesteps, 7 remaining
[Current_Solution] Agent 47 used 2 waiting timesteps, 7 remaining
[Waiting_time_Solve] Iteration 2...
[Waiting_time_Solve] Agent 45 pseudo agents: 53 
[Waiting_time_Solve] Agent 43 pseudo agents: 52 
[Waiting_time_Solve] Agent 38 pseudo agents: 51 
[Waiting_time_Solve] Agent 26 pseudo agents: 50 
[SAT] Start solving CNF: 3703375 clauses and 64306 variables
[SAT] Agent 49 entry time: 7 exit time: 48
[SAT] Agent 48 entry time: 7 exit time: 25
[SAT] Agent 47 entry time: 7 exit time: 48
[SAT] Agent 46 entry time: 13 exit time: 48
[SAT] Agent 53 entry time: 14 exit time: 48
[SAT] Agent 45 entry time: 7 exit time: 7
[SAT] Agent 44 entry time: 7 exit time: 31
[SAT] Agent 52 entry time: 41 exit time: 48
[SAT] Agent 43 entry time: 7 exit time: 35
[SAT] Agent 42 entry time: 7 exit time: 48
[SAT] Agent 41 entry time: 7 exit time: 48
[SAT] Agent 40 entry time: 7 exit time: 31
[SAT] Agent 39 entry time: 7 exit time: 48
[SAT] Agent 51 entry time: 22 exit time: 48
[SAT] Agent 38 entry time: 7 exit time: 18
[SAT] Agent 37 entry time: 7 exit time: 48
[SAT] Agent 35 entry time: 8 exit time: 46
[SAT] Agent 34 entry time: 7 exit time: 48
[SAT] Agent 33 entry time: 9 exit time: 31
[SAT] Agent 32 entry time: 7 exit time: 48
[SAT] Agent 31 entry time: 12 exit time: 48
[SAT] Agent 30 entry time: 7 exit time: 48
[SAT] Agent 12 entry time: 9 exit time: 48
[SAT] Agent 11 entry time: 7 exit time: 20
[SAT] Agent 10 entry time: 13 exit time: 48
[SAT] Agent 9 entry time: 7 exit time: 48
[SAT] Agent 7 entry time: 7 exit time: 48
[SAT] Agent 6 entry time: 12 exit time: 48
[SAT] Agent 5 entry time: 7 exit time: 48
[SAT] Agent 4 entry time: 7 exit time: 48
[SAT] Agent 3 entry time: 8 exit time: 48
[SAT] Agent 2 entry time: 7 exit time: 30
[SAT] Agent 1 entry time: 7 exit time: 7
[SAT] Agent 13 entry time: 7 exit time: 47
[SAT] Agent 0 entry time: 9 exit time: 20
[SAT] Agent 29 entry time: 7 exit time: 48
[SAT] Agent 14 entry time: 7 exit time: 48
[SAT] Agent 15 entry time: 9 exit time: 48
[SAT] Agent 17 entry time: 7 exit time: 48
[SAT] Agent 18 entry time: 9 exit time: 48
[SAT] Agent 19 entry time: 7 exit time: 8
[SAT] Agent 20 entry time: 7 exit time: 48
[SAT] Agent 21 entry time: 7 exit time: 17
[SAT] Agent 50 entry time: 35 exit time: 48
[SAT] Agent 22 entry time: 10 exit time: 44
[SAT] Agent 23 entry time: 7 exit time: 48
[SAT] Agent 24 entry time: 7 exit time: 48
[SAT] Agent 25 entry time: 9 exit time: 46
[SAT] Agent 26 entry time: 7 exit time: 29
[SAT] Agent 27 entry time: 8 exit time: 48
[SAT] Agent 28 entry time: 7 exit time: 45

[SAT] Start time: 7 End time: 48

[SAT] Solving local zone with SAT iteration 1...
[SAT] Local CNF: 3703630 clauses 

DEBUG: Adding 3703630 new clauses to MiniSAT (incremental run)
DEBUG: Clause load summary: input=3703630, added=3703630, tautologies_skipped=0, duplicates_skipped=0, unit_clauses=252, empties=0, intra_clause_literals_removed=0, added_but_db_unchanged=365
DEBUG: After adding clauses, solver has 3703013 clauses and 64306 variables
DEBUG: MiniSAT found 64306 variables
DEBUG: Assignment size: 64306
DEBUG: First few assignment values: 1 0 0 0 1 0 0 0 1 0 

=== DEBUG: cnf_assignment_to_paths ===
Input assignment size: 64306

=== END DEBUG ===
[SAT] Found 56 vertex collisions and 26 edge collisions
[SAT] Adding collision clauses and solving again...
[SAT] Solving local zone with SAT iteration 2...
[SAT] Local CNF: 3703712 clauses 

DEBUG: Adding 82 new clauses to MiniSAT (incremental run)
[SAT] Previous assignment invalidated by new clauses, reset solver and retrying without assumptions...
DEBUG: Adding 3703712 new clauses to MiniSAT (incremental run)
[SAT] Local problem appears to be unsatisfiable in current zone
[Waiting_time_Solve] No solution found, trying to apply waiting time:3
[Waiting_time_Solve] Applying waiting time 3 to agent 5 who has waiting time 5
[Current_Solution] Agent 5 used 1 waiting timesteps, 4 remaining
[Waiting_time_Solve] New path is consistent after applying waiting time for agent 5
[Current_Solution] Agent 5 used 3 waiting timesteps, 1 remaining
[Waiting_time_Solve] Applied 3 waiting time  for agent 5 who has waiting time 1
[Waiting_time_Solve] Applying waiting time 3 to agent 12 who has waiting time 3
[Waiting_time_Solve] New path is consistent after applying waiting time for agent 12
[Current_Solution] Agent 12 used 3 waiting timesteps, 0 remaining
[Waiting_time_Solve] Applied 3 waiting time  for agent 12 who has waiting time 0
[Waiting_time_Solve] Applying waiting time 3 to agent 27 who has waiting time 5
[Current_Solution] Agent 27 used 1 waiting timesteps, 4 remaining
[Waiting_time_Solve] New path is consistent after applying waiting time for agent 27
[Current_Solution] Agent 27 used 3 waiting timesteps, 1 remaining
[Waiting_time_Solve] Applied 3 waiting time  for agent 27 who has waiting time 1
[Waiting_time_Solve] Applying waiting time 3 to agent 25 who has waiting time 3
[Waiting_time_Solve] New path is consistent after applying waiting time for agent 25
[Current_Solution] Agent 25 used 3 waiting timesteps, 0 remaining
[Waiting_time_Solve] Applied 3 waiting time  for agent 25 who has waiting time 0
[Waiting_time_Solve] Applying waiting time 3 to agent 9 who has waiting time 5
[Current_Solution] Agent 9 used 1 waiting timesteps, 4 remaining
[Waiting_time_Solve] New path is consistent after applying waiting time for agent 9
[Current_Solution] Agent 9 used 3 waiting timesteps, 1 remaining
[Waiting_time_Solve] Applied 3 waiting time  for agent 9 who has waiting time 1
[Waiting_time_Solve] Applying waiting time 3 to agent 14 who has waiting time 5
[Current_Solution] Agent 14 used 1 waiting timesteps, 4 remaining
[Waiting_time_Solve] New path is consistent after applying waiting time for agent 14
[Current_Solution] Agent 14 used 3 waiting timesteps, 1 remaining
[Waiting_time_Solve] Applied 3 waiting time  for agent 14 who has waiting time 1
[Waiting_time_Solve] Applying waiting time 3 to agent 15 who has waiting time 7
[Current_Solution] Agent 15 used 3 waiting timesteps, 4 remaining
[Waiting_time_Solve] New path is consistent after applying waiting time for agent 15
[Current_Solution] Agent 15 used 3 waiting timesteps, 1 remaining
[Waiting_time_Solve] Applied 3 waiting time  for agent 15 who has waiting time 1
[Waiting_time_Solve] Applying waiting time 3 to agent 17 who has waiting time 5
[Current_Solution] Agent 17 used 1 waiting timesteps, 4 remaining
[Waiting_time_Solve] New path is consistent after applying waiting time for agent 17
[Current_Solution] Agent 17 used 3 waiting timesteps, 1 remaining
[Waiting_time_Solve] Applied 3 waiting time  for agent 17 who has waiting time 1
[Waiting_time_Solve] Applying waiting time 3 to agent 39 who has waiting time 7
[Current_Solution] Agent 39 used 3 waiting timesteps, 4 remaining
[Waiting_time_Solve] New path is consistent after applying waiting time for agent 39
[Current_Solution] Agent 39 used 3 waiting timesteps, 1 remaining
[Waiting_time_Solve] Applied 3 waiting time  for agent 39 who has waiting time 1
[Waiting_time_Solve] Applying waiting time 3 to agent 21 who has waiting time 22
[Waiting_time_Solve] New path is consistent after applying waiting time for agent 21
[Current_Solution] Agent 21 used 3 waiting timesteps, 19 remaining
[Waiting_time_Solve] Applied 3 waiting time  for agent 21 who has waiting time 19
[Waiting_time_Solve] Applying waiting time 3 to agent 4 who has waiting time 5
[Current_Solution] Agent 4 used 1 waiting timesteps, 4 remaining
[Waiting_time_Solve] New path is consistent after applying waiting time for agent 4
[Current_Solution] Agent 4 used 3 waiting timesteps, 1 remaining
[Waiting_time_Solve] Applied 3 waiting time  for agent 4 who has waiting time 1
[Waiting_time_Solve] Applying waiting time 3 to agent 29 who has waiting time 5
[Current_Solution] Agent 29 used 1 waiting timesteps, 4 remaining
[Waiting_time_Solve] New path is consistent after applying waiting time for agent 29
[Current_Solution] Agent 29 used 3 waiting timesteps, 1 remaining
[Waiting_time_Solve] Applied 3 waiting time  for agent 29 who has waiting time 1
[Waiting_time_Solve] Applying waiting time 3 to agent 23 who has waiting time 7
[Current_Solution] Agent 23 used 3 waiting timesteps, 4 remaining
[Waiting_time_Solve] New path is consistent after applying waiting time for agent 23
[Current_Solution] Agent 23 used 3 waiting timesteps, 1 remaining
[Waiting_time_Solve] Applied 3 waiting time  for agent 23 who has waiting time 1
[Waiting_time_Solve] Applying waiting time 3 to agent 28 who has waiting time 4
[Waiting_time_Solve] New path is consistent after applying waiting time for agent 28
[Current_Solution] Agent 28 used 3 waiting timesteps, 1 remaining
[Waiting_time_Solve] Applied 3 waiting time  for agent 28 who has waiting time 1
[Waiting_time_Solve] Applying waiting time 3 to agent 3 who has waiting time 7
[Current_Solution] Agent 3 used 3 waiting timesteps, 4 remaining
[Waiting_time_Solve] New path is consistent after applying waiting time for agent 3
[Current_Solution] Agent 3 used 3 waiting timesteps, 1 remaining
[Waiting_time_Solve] Applied 3 waiting time  for agent 3 who has waiting time 1
[Waiting_time_Solve] Applying waiting time 3 to agent 31 who has waiting time 5
[Current_Solution] Agent 31 used 1 waiting timesteps, 4 remaining
[Waiting_time_Solve] New path is consistent after applying waiting time for agent 31
[Current_Solution] Agent 31 used 3 waiting timesteps, 1 remaining
[Waiting_time_Solve] Applied 3 waiting time  for agent 31 who has waiting time 1
[Waiting_time_Solve] Applying waiting time 3 to agent 32 who has waiting time 4
[Waiting_time_Solve] New path is consistent after applying waiting time for agent 32
[Current_Solution] Agent 32 used 3 waiting timesteps, 1 remaining
[Waiting_time_Solve] Applied 3 waiting time  for agent 32 who has waiting time 1
[Waiting_time_Solve] Applying waiting time 3 to agent 40 who has waiting time 21
[Waiting_time_Solve] New path is consistent after applying waiting time for agent 40
[Current_Solution] Agent 40 used 3 waiting timesteps, 18 remaining
[Waiting_time_Solve] Applied 3 waiting time  for agent 40 who has waiting time 18
[Waiting_time_Solve] Applying waiting time 3 to agent 44 who has waiting time 23
[Waiting_time_Solve] New path is consistent after applying waiting time for agent 44
[Current_Solution] Agent 44 used 3 waiting timesteps, 20 remaining
[Waiting_time_Solve] Applied 3 waiting time  for agent 44 who has waiting time 20
[Waiting_time_Solve] Applying waiting time 3 to agent 38 who has waiting time 7
[Waiting_time_Solve] New path is consistent after applying waiting time for agent 38
[Current_Solution] Agent 38 used 3 waiting timesteps, 4 remaining
[Waiting_time_Solve] Applied 3 waiting time  for agent 38 who has waiting time 4
[Waiting_time_Solve] Applying waiting time 3 to agent 43 who has waiting time 7
[Waiting_time_Solve] New path is consistent after applying waiting time for agent 43
[Current_Solution] Agent 43 used 3 waiting timesteps, 4 remaining
[Waiting_time_Solve] Applied 3 waiting time  for agent 43 who has waiting time 4
[Waiting_time_Solve] Applying waiting time 3 to agent 46 who has waiting time 7
[Current_Solution] Agent 46 used 3 waiting timesteps, 4 remaining
[Waiting_time_Solve] New path is consistent after applying waiting time for agent 46
[Current_Solution] Agent 46 used 3 waiting timesteps, 1 remaining
[Waiting_time_Solve] Applied 3 waiting time  for agent 46 who has waiting time 1
[Waiting_time_Solve] Applying waiting time 3 to agent 22 who has waiting time 3
[Waiting_time_Solve] New path is consistent after applying waiting time for agent 22
[Current_Solution] Agent 22 used 3 waiting timesteps, 0 remaining
[Waiting_time_Solve] Applied 3 waiting time  for agent 22 who has waiting time 0
[Waiting_time_Solve] Applying waiting time 3 to agent 34 who has waiting time 5
[Current_Solution] Agent 34 used 1 waiting timesteps, 4 remaining
[Waiting_time_Solve] New path is consistent after applying waiting time for agent 34
[Current_Solution] Agent 34 used 3 waiting timesteps, 1 remaining
[Waiting_time_Solve] Applied 3 waiting time  for agent 34 who has waiting time 1
[Waiting_time_Solve] Applying waiting time 3 to agent 26 who has waiting time 7
[Waiting_time_Solve] New path is consistent after applying waiting time for agent 26
[Current_Solution] Agent 26 used 3 waiting timesteps, 4 remaining
[Waiting_time_Solve] Applied 3 waiting time  for agent 26 who has waiting time 4
[Waiting_time_Solve] ALL Waiting time applied
[Waiting_time_Solve] Extended Zone end time from 48 to 51
[Current_Solution] Agent 18 used 1 waiting timesteps, 4 remaining
[Current_Solution] Agent 20 used 3 waiting timesteps, 4 remaining
[Current_Solution] Agent 24 used 3 waiting timesteps, 4 remaining
[Current_Solution] Agent 37 used 1 waiting timesteps, 4 remaining
[Current_Solution] Agent 41 used 3 waiting timesteps, 4 remaining
[Current_Solution] Agent 42 used 3 waiting timesteps, 4 remaining
[Current_Solution] Agent 47 used 3 waiting timesteps, 4 remaining
[Current_Solution] Agent 49 used 1 waiting timesteps, 4 remaining
[Waiting_time_Solve] Iteration 3...
[Waiting_time_Solve] Agent 45 pseudo agents: 53 
[Waiting_time_Solve] Agent 43 pseudo agents: 52 
[Waiting_time_Solve] Agent 38 pseudo agents: 51 
[Waiting_time_Solve] Agent 26 pseudo agents: 50 
[SAT] Start solving CNF: 5294866 clauses and 82024 variables
[SAT] Agent 49 entry time: 7 exit time: 51
[SAT] Agent 48 entry time: 7 exit time: 25
[SAT] Agent 47 entry time: 7 exit time: 51
[SAT] Agent 46 entry time: 13 exit time: 51
[SAT] Agent 53 entry time: 14 exit time: 51
[SAT] Agent 45 entry time: 7 exit time: 7
[SAT] Agent 44 entry time: 7 exit time: 34
[SAT] Agent 52 entry time: 44 exit time: 51
[SAT] Agent 43 entry time: 7 exit time: 38
[SAT] Agent 42 entry time: 7 exit time: 51
[SAT] Agent 41 entry time: 7 exit time: 51
[SAT] Agent 40 entry time: 7 exit time: 34
[SAT] Agent 39 entry time: 7 exit time: 51
[SAT] Agent 51 entry time: 25 exit time: 51
[SAT] Agent 38 entry time: 7 exit time: 21
[SAT] Agent 37 entry time: 7 exit time: 51
[SAT] Agent 35 entry time: 8 exit time: 46
[SAT] Agent 34 entry time: 7 exit time: 51
[SAT] Agent 33 entry time: 9 exit time: 31
[SAT] Agent 32 entry time: 7 exit time: 51
[SAT] Agent 31 entry time: 12 exit time: 51
[SAT] Agent 30 entry time: 7 exit time: 49
[SAT] Agent 12 entry time: 9 exit time: 51
[SAT] Agent 11 entry time: 7 exit time: 20
[SAT] Agent 10 entry time: 13 exit time: 51
[SAT] Agent 9 entry time: 7 exit time: 51
[SAT] Agent 7 entry time: 7 exit time: 49
[SAT] Agent 6 entry time: 12 exit time: 51
[SAT] Agent 5 entry time: 7 exit time: 51
[SAT] Agent 4 entry time: 7 exit time: 51
[SAT] Agent 3 entry time: 8 exit time: 51
[SAT] Agent 2 entry time: 7 exit time: 30
[SAT] Agent 1 entry time: 7 exit time: 7
[SAT] Agent 13 entry time: 7 exit time: 47
[SAT] Agent 0 entry time: 9 exit time: 20
[SAT] Agent 29 entry time: 7 exit time: 51
[SAT] Agent 14 entry time: 7 exit time: 51
[SAT] Agent 15 entry time: 9 exit time: 51
[SAT] Agent 17 entry time: 7 exit time: 51
[SAT] Agent 18 entry time: 9 exit time: 51
[SAT] Agent 19 entry time: 7 exit time: 8
[SAT] Agent 20 entry time: 7 exit time: 51
[SAT] Agent 21 entry time: 7 exit time: 20
[SAT] Agent 50 entry time: 38 exit time: 51
[SAT] Agent 22 entry time: 10 exit time: 47
[SAT] Agent 23 entry time: 7 exit time: 51
[SAT] Agent 24 entry time: 7 exit time: 51
[SAT] Agent 25 entry time: 9 exit time: 49
[SAT] Agent 26 entry time: 7 exit time: 32
[SAT] Agent 27 entry time: 8 exit time: 51
[SAT] Agent 28 entry time: 7 exit time: 48

[SAT] Start time: 7 End time: 51

[SAT] Solving local zone with SAT iteration 1...
[SAT] Local CNF: 5295203 clauses 

DEBUG: Adding 5295203 new clauses to MiniSAT (incremental run)
DEBUG: Clause load summary: input=5295203, added=5295203, tautologies_skipped=0, duplicates_skipped=0, unit_clauses=186, empties=0, intra_clause_literals_removed=0, added_but_db_unchanged=271
DEBUG: After adding clauses, solver has 5294746 clauses and 82024 variables
DEBUG: MiniSAT found 82024 variables
DEBUG: Assignment size: 82024
DEBUG: First few assignment values: 1 0 0 1 0 0 1 0 0 0 

=== DEBUG: cnf_assignment_to_paths ===
Input assignment size: 82024

=== END DEBUG ===
[SAT] Found 99 vertex collisions and 37 edge collisions
[SAT] Adding collision clauses and solving again...
[SAT] Solving local zone with SAT iteration 2...
[SAT] Local CNF: 5295339 clauses 

DEBUG: Adding 136 new clauses to MiniSAT (incremental run)
[SAT] Previous assignment invalidated by new clauses, reset solver and retrying without assumptions...
DEBUG: Adding 5295339 new clauses to MiniSAT (incremental run)
[SAT] Local problem appears to be unsatisfiable in current zone
[Waiting_time_Solve] No solution found, trying to apply waiting time:4
[Waiting_time_Solve] INFO: not enough waiting time for agent 5 (needs 4, available: 1)
[Waiting_time_Solve] INFO: not enough waiting time for agent 6 (needs 4, available: 2)
[Waiting_time_Solve] No waiting time applied
[Waiting_time_Solve] No solution found
[Waiting_time_Solve] Restoring original paths
[Waiting_time_Solve] Restoring waiting times
[Current_Solution] Restored waiting times from backup
[Current_Solution] Restored paths from backup
[Solve_local_zone] Zone with expansion factor 8failed
[Solve_local_zone] Expanding zone with offset 11 (original: 1)
[Solve_local_zone] Final expanded zone contains 513 positions with 30 conflicts 
[Solve_local_zone] New time window: [5, 47]
[Solve_local_zone] Current local zone size: 513 (75.2199% of all walkable positions)
[Solve_local_zone] Local zone time window: [5, 47]
[Current_Solution] Agent 0 used 27 waiting timesteps, 8 remaining
[Current_Solution] Agent 3 used 18 waiting timesteps, 8 remaining
[Current_Solution] Agent 4 used 7 waiting timesteps, 8 remaining
[Current_Solution] Agent 5 used 32 waiting timesteps, 8 remaining
[Create_Local_problem] Agent 6 returned to the zone 1 times within time window
[Current_Solution] Agent 9 used 11 waiting timesteps, 8 remaining
[Create_Local_problem] Agent 10 returned to the zone 1 times within time window
[Create_Local_problem] Agent 12 returned to the zone 1 times within time window
[Current_Solution] Agent 14 used 32 waiting timesteps, 8 remaining
[Create_Local_problem] Agent 15 returned to the zone 1 times within time window
[Current_Solution] Agent 15 used 8 waiting timesteps, 8 remaining
[Current_Solution] Agent 17 used 28 waiting timesteps, 8 remaining
[Current_Solution] Agent 18 used 17 waiting timesteps, 8 remaining
[Current_Solution] Agent 20 used 38 waiting timesteps, 8 remaining
[Create_Local_problem] Agent 21 returned to the zone 1 times within time window
[Current_Solution] Agent 23 used 24 waiting timesteps, 8 remaining
[Current_Solution] Agent 24 used 17 waiting timesteps, 8 remaining
[Create_Local_problem] Agent 26 returned to the zone 1 times within time window
[Current_Solution] Agent 26 used 6 waiting timesteps, 8 remaining
[Current_Solution] Agent 27 used 6 waiting timesteps, 8 remaining
[Current_Solution] Agent 29 used 33 waiting timesteps, 8 remaining
[Current_Solution] Agent 31 used 17 waiting timesteps, 8 remaining
[Current_Solution] Agent 34 used 20 waiting timesteps, 8 remaining
[Current_Solution] Agent 37 used 21 waiting timesteps, 8 remaining
[Current_Solution] Agent 38 used 15 waiting timesteps, 8 remaining
[Current_Solution] Agent 39 used 23 waiting timesteps, 8 remaining
[Current_Solution] Agent 41 used 32 waiting timesteps, 8 remaining
[Current_Solution] Agent 42 used 22 waiting timesteps, 8 remaining
[Create_Local_problem] Agent 43 returned to the zone 1 times within time window
[Current_Solution] Agent 43 used 8 waiting timesteps, 8 remaining
[Current_Solution] Agent 44 used 16 waiting timesteps, 8 remaining
[Create_Local_problem] Agent 45 returned to the zone 1 times within time window
[Current_Solution] Agent 46 used 32 waiting timesteps, 8 remaining
[Current_Solution] Agent 47 used 45 waiting timesteps, 8 remaining
[Current_Solution] Agent 49 used 23 waiting timesteps, 8 remaining
[Waiting_time_Solve] Agent 0 has waiting time 8
[Waiting_time_Solve] Agent 1 has waiting time 44
[Waiting_time_Solve] Agent 2 has waiting time 25
[Waiting_time_Solve] Agent 3 has waiting time 8
[Waiting_time_Solve] Agent 4 has waiting time 8
[Waiting_time_Solve] Agent 5 has waiting time 8
[Waiting_time_Solve] Agent 6 has waiting time 2
[Waiting_time_Solve] Agent 7 has waiting time 4
[Waiting_time_Solve] Agent 8 has waiting time 52
[Waiting_time_Solve] Agent 9 has waiting time 8
[Waiting_time_Solve] Agent 10 has waiting time 1
[Waiting_time_Solve] Agent 11 has waiting time 27
[Waiting_time_Solve] Agent 12 has waiting time 6
[Waiting_time_Solve] Agent 13 has waiting time 6
[Waiting_time_Solve] Agent 14 has waiting time 8
[Waiting_time_Solve] Agent 15 has waiting time 8
[Waiting_time_Solve] Agent 16 has waiting time 34
[Waiting_time_Solve] Agent 17 has waiting time 8
[Waiting_time_Solve] Agent 18 has waiting time 8
[Waiting_time_Solve] Agent 19 has waiting time 36
[Waiting_time_Solve] Agent 20 has waiting time 8
[Waiting_time_Solve] Agent 21 has waiting time 22
[Waiting_time_Solve] Agent 22 has waiting time 3
[Waiting_time_Solve] Agent 23 has waiting time 8
[Waiting_time_Solve] Agent 24 has waiting time 8
[Waiting_time_Solve] Agent 25 has waiting time 6
[Waiting_time_Solve] Agent 26 has waiting time 8
[Waiting_time_Solve] Agent 27 has waiting time 8
[Waiting_time_Solve] Agent 28 has waiting time 7
[Waiting_time_Solve] Agent 29 has waiting time 8
[Waiting_time_Solve] Agent 30 has waiting time 1
[Waiting_time_Solve] Agent 31 has waiting time 8
[Waiting_time_Solve] Agent 32 has waiting time 4
[Waiting_time_Solve] Agent 33 has waiting time 15
[Waiting_time_Solve] Agent 34 has waiting time 8
[Waiting_time_Solve] Agent 35 has waiting time 4
[Waiting_time_Solve] Agent 36 has waiting time 46
[Waiting_time_Solve] Agent 37 has waiting time 8
[Waiting_time_Solve] Agent 38 has waiting time 8
[Waiting_time_Solve] Agent 39 has waiting time 8
[Waiting_time_Solve] Agent 40 has waiting time 24
[Waiting_time_Solve] Agent 41 has waiting time 8
[Waiting_time_Solve] Agent 42 has waiting time 8
[Waiting_time_Solve] Agent 43 has waiting time 8
[Waiting_time_Solve] Agent 44 has waiting time 8
[Waiting_time_Solve] Agent 45 has waiting time 0
[Waiting_time_Solve] Agent 46 has waiting time 8
[Waiting_time_Solve] Agent 47 has waiting time 8
[Waiting_time_Solve] Agent 48 has waiting time 20
[Waiting_time_Solve] Agent 49 has waiting time 8
[Waiting_time_Solve] Total available waiting time: 605
[Waiting_time_Solve] Max iterations: 605
[Waiting_time_Solve] Iteration 0...
[Waiting_time_Solve] Agent 45 pseudo agents: 57 
[Waiting_time_Solve] Agent 43 pseudo agents: 56 
[Waiting_time_Solve] Agent 12 pseudo agents: 52 
[Waiting_time_Solve] Agent 10 pseudo agents: 51 
[Waiting_time_Solve] Agent 6 pseudo agents: 50 
[Waiting_time_Solve] Agent 15 pseudo agents: 53 
[Waiting_time_Solve] Agent 21 pseudo agents: 54 
[Waiting_time_Solve] Agent 26 pseudo agents: 55 
[SAT] Start solving CNF: 4955908 clauses and 77399 variables
[SAT] Agent 49 entry time: 5 exit time: 47
[SAT] Agent 48 entry time: 5 exit time: 27
[SAT] Agent 47 entry time: 5 exit time: 47
[SAT] Agent 46 entry time: 11 exit time: 47
[SAT] Agent 57 entry time: 12 exit time: 47
[SAT] Agent 45 entry time: 5 exit time: 9
[SAT] Agent 44 entry time: 5 exit time: 47
[SAT] Agent 56 entry time: 37 exit time: 47
[SAT] Agent 43 entry time: 5 exit time: 35
[SAT] Agent 42 entry time: 5 exit time: 47
[SAT] Agent 41 entry time: 5 exit time: 47
[SAT] Agent 40 entry time: 5 exit time: 30
[SAT] Agent 39 entry time: 5 exit time: 47
[SAT] Agent 38 entry time: 5 exit time: 47
[SAT] Agent 37 entry time: 5 exit time: 47
[SAT] Agent 35 entry time: 6 exit time: 47
[SAT] Agent 34 entry time: 5 exit time: 47
[SAT] Agent 33 entry time: 6 exit time: 33
[SAT] Agent 32 entry time: 5 exit time: 47
[SAT] Agent 31 entry time: 6 exit time: 47
[SAT] Agent 30 entry time: 5 exit time: 47
[SAT] Agent 29 entry time: 5 exit time: 47
[SAT] Agent 28 entry time: 5 exit time: 44
[SAT] Agent 27 entry time: 5 exit time: 47
[SAT] Agent 55 entry time: 33 exit time: 47
[SAT] Agent 26 entry time: 5 exit time: 31
[SAT] Agent 25 entry time: 7 exit time: 45
[SAT] Agent 51 entry time: 11 exit time: 47
[SAT] Agent 22 entry time: 8 exit time: 46
[SAT] Agent 10 entry time: 5 exit time: 8
[SAT] Agent 9 entry time: 5 exit time: 47
[SAT] Agent 7 entry time: 5 exit time: 47
[SAT] Agent 11 entry time: 5 exit time: 22
[SAT] Agent 50 entry time: 10 exit time: 47
[SAT] Agent 21 entry time: 5 exit time: 19
[SAT] Agent 6 entry time: 5 exit time: 7
[SAT] Agent 5 entry time: 5 exit time: 47
[SAT] Agent 4 entry time: 5 exit time: 47
[SAT] Agent 3 entry time: 5 exit time: 47
[SAT] Agent 2 entry time: 5 exit time: 29
[SAT] Agent 1 entry time: 5 exit time: 9
[SAT] Agent 0 entry time: 5 exit time: 47
[SAT] Agent 12 entry time: 5 exit time: 5
[SAT] Agent 52 entry time: 7 exit time: 47
[SAT] Agent 23 entry time: 5 exit time: 47
[SAT] Agent 13 entry time: 5 exit time: 46
[SAT] Agent 14 entry time: 5 exit time: 47
[SAT] Agent 15 entry time: 5 exit time: 5
[SAT] Agent 53 entry time: 7 exit time: 47
[SAT] Agent 24 entry time: 5 exit time: 47
[SAT] Agent 16 entry time: 5 exit time: 11
[SAT] Agent 17 entry time: 5 exit time: 47
[SAT] Agent 18 entry time: 7 exit time: 47
[SAT] Agent 19 entry time: 5 exit time: 10
[SAT] Agent 20 entry time: 5 exit time: 47
[SAT] Agent 54 entry time: 22 exit time: 22

[SAT] Start time: 5 End time: 47

[SAT] Solving local zone with SAT iteration 1...
[SAT] Local CNF: 4955908 clauses 

DEBUG: Adding 4955908 new clauses to MiniSAT (incremental run)
DEBUG: Clause load summary: input=4955908, added=4955908, tautologies_skipped=0, duplicates_skipped=0, unit_clauses=408, empties=0, intra_clause_literals_removed=0, added_but_db_unchanged=497
DEBUG: After adding clauses, solver has 4955003 clauses and 77399 variables
DEBUG: MiniSAT found 77399 variables
DEBUG: Assignment size: 77399
DEBUG: First few assignment values: 1 0 1 0 0 0 1 0 0 0 

=== DEBUG: cnf_assignment_to_paths ===
Input assignment size: 77399

=== END DEBUG ===
[SAT] Found 107 vertex collisions and 43 edge collisions
[SAT] Adding collision clauses and solving again...
[SAT] Solving local zone with SAT iteration 2...
[SAT] Local CNF: 4956058 clauses 

DEBUG: Adding 150 new clauses to MiniSAT (incremental run)
[SAT] Previous assignment invalidated by new clauses, reset solver and retrying without assumptions...
DEBUG: Adding 4956058 new clauses to MiniSAT (incremental run)
[SAT] Local problem appears to be unsatisfiable in current zone
[Waiting_time_Solve] No solution found, trying to apply waiting time:1
[Waiting_time_Solve] Applying waiting time 1 to agent 2 who has waiting time 25
[Waiting_time_Solve] New path is consistent after applying waiting time for agent 2
[Current_Solution] Agent 2 used 1 waiting timesteps, 24 remaining
[Waiting_time_Solve] Applied 1 waiting time  for agent 2 who has waiting time 24
[Waiting_time_Solve] Applying waiting time 1 to agent 5 who has waiting time 8
[Current_Solution] Agent 5 used 1 waiting timesteps, 7 remaining
[Waiting_time_Solve] New path is consistent after applying waiting time for agent 5
[Current_Solution] Agent 5 used 1 waiting timesteps, 6 remaining
[Waiting_time_Solve] Applied 1 waiting time  for agent 5 who has waiting time 6
[Waiting_time_Solve] Applying waiting time 1 to agent 9 who has waiting time 8
[Current_Solution] Agent 9 used 1 waiting timesteps, 7 remaining
[Waiting_time_Solve] New path is consistent after applying waiting time for agent 9
[Current_Solution] Agent 9 used 1 waiting timesteps, 6 remaining
[Waiting_time_Solve] Applied 1 waiting time  for agent 9 who has waiting time 6
[Waiting_time_Solve] Applying waiting time 1 to agent 39 who has waiting time 8
[Current_Solution] Agent 39 used 1 waiting timesteps, 7 remaining
[Waiting_time_Solve] New path is consistent after applying waiting time for agent 39
[Current_Solution] Agent 39 used 1 waiting timesteps, 6 remaining
[Waiting_time_Solve] Applied 1 waiting time  for agent 39 who has waiting time 6
[Waiting_time_Solve] Applying waiting time 1 to agent 14 who has waiting time 8
[Current_Solution] Agent 14 used 1 waiting timesteps, 7 remaining
[Waiting_time_Solve] New path is consistent after applying waiting time for agent 14
[Current_Solution] Agent 14 used 1 waiting timesteps, 6 remaining
[Waiting_time_Solve] Applied 1 waiting time  for agent 14 who has waiting time 6
[Waiting_time_Solve] Applying waiting time 1 to agent 19 who has waiting time 36
[Waiting_time_Solve] New path is consistent after applying waiting time for agent 19
[Current_Solution] Agent 19 used 1 waiting timesteps, 35 remaining
[Waiting_time_Solve] Applied 1 waiting time  for agent 19 who has waiting time 35
[Waiting_time_Solve] Applying waiting time 1 to agent 17 who has waiting time 8
[Current_Solution] Agent 17 used 1 waiting timesteps, 7 remaining
[Waiting_time_Solve] New path is consistent after applying waiting time for agent 17
[Current_Solution] Agent 17 used 1 waiting timesteps, 6 remaining
[Waiting_time_Solve] Applied 1 waiting time  for agent 17 who has waiting time 6
[Waiting_time_Solve] Applying waiting time 1 to agent 40 who has waiting time 24
[Waiting_time_Solve] New path is consistent after applying waiting time for agent 40
[Current_Solution] Agent 40 used 1 waiting timesteps, 23 remaining
[Waiting_time_Solve] Applied 1 waiting time  for agent 40 who has waiting time 23
[Waiting_time_Solve] Applying waiting time 1 to agent 25 who has waiting time 6
[Waiting_time_Solve] New path is consistent after applying waiting time for agent 25
[Current_Solution] Agent 25 used 1 waiting timesteps, 5 remaining
[Waiting_time_Solve] Applied 1 waiting time  for agent 25 who has waiting time 5
[Waiting_time_Solve] Applying waiting time 1 to agent 26 who has waiting time 8
[Waiting_time_Solve] New path is consistent after applying waiting time for agent 26
[Current_Solution] Agent 26 used 1 waiting timesteps, 7 remaining
[Waiting_time_Solve] Applied 1 waiting time  for agent 26 who has waiting time 7
[Waiting_time_Solve] Applying waiting time 1 to agent 28 who has waiting time 7
[Waiting_time_Solve] New path is consistent after applying waiting time for agent 28
[Current_Solution] Agent 28 used 1 waiting timesteps, 6 remaining
[Waiting_time_Solve] Applied 1 waiting time  for agent 28 who has waiting time 6
[Waiting_time_Solve] Applying waiting time 1 to agent 29 who has waiting time 8
[Current_Solution] Agent 29 used 1 waiting timesteps, 7 remaining
[Waiting_time_Solve] New path is consistent after applying waiting time for agent 29
[Current_Solution] Agent 29 used 1 waiting timesteps, 6 remaining
[Waiting_time_Solve] Applied 1 waiting time  for agent 29 who has waiting time 6
[Waiting_time_Solve] Applying waiting time 1 to agent 31 who has waiting time 8
[Current_Solution] Agent 31 used 1 waiting timesteps, 7 remaining
[Waiting_time_Solve] New path is consistent after applying waiting time for agent 31
[Current_Solution] Agent 31 used 1 waiting timesteps, 6 remaining
[Waiting_time_Solve] Applied 1 waiting time  for agent 31 who has waiting time 6
[Waiting_time_Solve] Applying waiting time 1 to agent 37 who has waiting time 8
[Current_Solution] Agent 37 used 1 waiting timesteps, 7 remaining
[Waiting_time_Solve] New path is consistent after applying waiting time for agent 37
[Current_Solution] Agent 37 used 1 waiting timesteps, 6 remaining
[Waiting_time_Solve] Applied 1 waiting time  for agent 37 who has waiting time 6
[Waiting_time_Solve] Applying waiting time 1 to agent 3 who has waiting time 8
[Current_Solution] Agent 3 used 1 waiting timesteps, 7 remaining
[Waiting_time_Solve] New path is consistent after applying waiting time for agent 3
[Current_Solution] Agent 3 used 1 waiting timesteps, 6 remaining
[Waiting_time_Solve] Applied 1 waiting time  for agent 3 who has waiting time 6
[Waiting_time_Solve] Applying waiting time 1 to agent 13 who has waiting time 6
[Waiting_time_Solve] New path is consistent after applying waiting time for agent 13
[Current_Solution] Agent 13 used 1 waiting timesteps, 5 remaining
[Waiting_time_Solve] Applied 1 waiting time  for agent 13 who has waiting time 5
[Waiting_time_Solve] Applying waiting time 1 to agent 16 who has waiting time 34
[Waiting_time_Solve] New path is consistent after applying waiting time for agent 16
[Current_Solution] Agent 16 used 1 waiting timesteps, 33 remaining
[Waiting_time_Solve] Applied 1 waiting time  for agent 16 who has waiting time 33
[Waiting_time_Solve] Applying waiting time 1 to agent 33 who has waiting time 15
[Waiting_time_Solve] New path is consistent after applying waiting time for agent 33
[Current_Solution] Agent 33 used 1 waiting timesteps, 14 remaining
[Waiting_time_Solve] Applied 1 waiting time  for agent 33 who has waiting time 14
[Waiting_time_Solve] Applying waiting time 1 to agent 38 who has waiting time 8
[Current_Solution] Agent 38 used 1 waiting timesteps, 7 remaining
[Waiting_time_Solve] New path is consistent after applying waiting time for agent 38
[Current_Solution] Agent 38 used 1 waiting timesteps, 6 remaining
[Waiting_time_Solve] Applied 1 waiting time  for agent 38 who has waiting time 6
[Waiting_time_Solve] Applying waiting time 1 to agent 44 who has waiting time 8
[Current_Solution] Agent 44 used 1 waiting timesteps, 7 remaining
[Waiting_time_Solve] New path is consistent after applying waiting time for agent 44
[Current_Solution] Agent 44 used 1 waiting timesteps, 6 remaining
[Waiting_time_Solve] Applied 1 waiting time  for agent 44 who has waiting time 6
[Waiting_time_Solve] Applying waiting time 1 to agent 46 who has waiting time 8
[Current_Solution] Agent 46 used 1 waiting timesteps, 7 remaining
[Waiting_time_Solve] New path is consistent after applying waiting time for agent 46
[Current_Solution] Agent 46 used 1 waiting timesteps, 6 remaining
[Waiting_time_Solve] Applied 1 waiting time  for agent 46 who has waiting time 6
[Waiting_time_Solve] Applying waiting time 1 to agent 49 who has waiting time 8
[Current_Solution] Agent 49 used 1 waiting timesteps, 7 remaining
[Waiting_time_Solve] New path is consistent after applying waiting time for agent 49
[Current_Solution] Agent 49 used 1 waiting timesteps, 6 remaining
[Waiting_time_Solve] Applied 1 waiting time  for agent 49 who has waiting time 6
[Waiting_time_Solve] Applying waiting time 1 to agent 11 who has waiting time 27
[Waiting_time_Solve] New path is consistent after applying waiting time for agent 11
[Current_Solution] Agent 11 used 1 waiting timesteps, 26 remaining
[Waiting_time_Solve] Applied 1 waiting time  for agent 11 who has waiting time 26
[Waiting_time_Solve] Applying waiting time 1 to agent 12 who has waiting time 6
[Waiting_time_Solve] New path is consistent after applying waiting time for agent 12
[Current_Solution] Agent 12 used 1 waiting timesteps, 5 remaining
[Waiting_time_Solve] Applied 1 waiting time  for agent 12 who has waiting time 5
[Waiting_time_Solve] Applying waiting time 1 to agent 15 who has waiting time 8
[Current_Solution] Agent 15 used 1 waiting timesteps, 7 remaining
[Waiting_time_Solve] New path is consistent after applying waiting time for agent 15
[Current_Solution] Agent 15 used 1 waiting timesteps, 6 remaining
[Waiting_time_Solve] Applied 1 waiting time  for agent 15 who has waiting time 6
[Waiting_time_Solve] Applying waiting time 1 to agent 7 who has waiting time 4
[Waiting_time_Solve] New path is consistent after applying waiting time for agent 7
[Current_Solution] Agent 7 used 1 waiting timesteps, 3 remaining
[Waiting_time_Solve] Applied 1 waiting time  for agent 7 who has waiting time 3
[Waiting_time_Solve] Applying waiting time 1 to agent 41 who has waiting time 8
[Current_Solution] Agent 41 used 1 waiting timesteps, 7 remaining
[Waiting_time_Solve] New path is consistent after applying waiting time for agent 41
[Current_Solution] Agent 41 used 1 waiting timesteps, 6 remaining
[Waiting_time_Solve] Applied 1 waiting time  for agent 41 who has waiting time 6
[Waiting_time_Solve] Applying waiting time 1 to agent 23 who has waiting time 8
[Current_Solution] Agent 23 used 1 waiting timesteps, 7 remaining
[Waiting_time_Solve] New path is consistent after applying waiting time for agent 23
[Current_Solution] Agent 23 used 1 waiting timesteps, 6 remaining
[Waiting_time_Solve] Applied 1 waiting time  for agent 23 who has waiting time 6
[Waiting_time_Solve] Applying waiting time 1 to agent 27 who has waiting time 8
[Current_Solution] Agent 27 used 1 waiting timesteps, 7 remaining
[Waiting_time_Solve] New path is consistent after applying waiting time for agent 27
[Current_Solution] Agent 27 used 1 waiting timesteps, 6 remaining
[Waiting_time_Solve] Applied 1 waiting time  for agent 27 who has waiting time 6
[Waiting_time_Solve] Applying waiting time 1 to agent 34 who has waiting time 8
[Current_Solution] Agent 34 used 1 waiting timesteps, 7 remaining
[Waiting_time_Solve] New path is consistent after applying waiting time for agent 34
[Current_Solution] Agent 34 used 1 waiting timesteps, 6 remaining
[Waiting_time_Solve] Applied 1 waiting time  for agent 34 who has waiting time 6
[Waiting_time_Solve] ALL Waiting time applied
[Waiting_time_Solve] Extended Zone end time from 47 to 48
[Current_Solution] Agent 0 used 1 waiting timesteps, 7 remaining
[Current_Solution] Agent 4 used 1 waiting timesteps, 7 remaining
[Current_Solution] Agent 18 used 1 waiting timesteps, 7 remaining
[Current_Solution] Agent 20 used 1 waiting timesteps, 7 remaining
[Current_Solution] Agent 24 used 1 waiting timesteps, 7 remaining
[Current_Solution] Agent 42 used 1 waiting timesteps, 7 remaining
[Current_Solution] Agent 43 used 1 waiting timesteps, 7 remaining
[Current_Solution] Agent 47 used 1 waiting timesteps, 7 remaining
[Waiting_time_Solve] Iteration 1...
Command terminated after exceeding the time limit.
# Run terminated after reaching overall time limit

# Batch stopped after reaching overall time limit (elapsed 599s)
