experiment_id,map_path,scenario_path,num_agents,scenario_index,seed,solved,makespan_success,total_runtime_ms,total_cnf_clauses,total_cnf_variables,total_mdd_build_ms,total_cnf_build_ms,total_lazy_wall_ms,total_lazy_solver_wall_ms,total_lazy_solver_reported_ms
_home_max_Documents_PhD_MAPF_LNS_MAPF_LNS_SAT_mapf-map_room-64-64-8_map-_home_max_Documents_PhD_MAPF_LNS_MAPF_LNS_SAT_mapf-scen-even_scen-even_room-64-64-8-even-1_scen-agents20-idx0-seed42-1783619432823,/home/max/Documents/PhD/MAPF/LNS/MAPF_LNS_SAT/mapf-map/room-64-64-8.map,/home/max/Documents/PhD/MAPF/LNS/MAPF_LNS_SAT/mapf-scen-even/scen-even/room-64-64-8-even-1.scen,20,0,42,1,140,132.852000,4753,1331,0.000000,1.706000,3.315000,2.766000,0.266637
_home_max_Documents_PhD_MAPF_LNS_MAPF_LNS_SAT_mapf-map_room-32-32-4_map-_home_max_Documents_PhD_MAPF_LNS_MAPF_LNS_SAT_mapf-scen-even_scen-even_room-32-32-4-even-1_scen-agents10-idx0-seed42-1783608943562,/home/max/Documents/PhD/MAPF/LNS/MAPF_LNS_SAT/mapf-map/room-32-32-4.map,/home/max/Documents/PhD/MAPF/LNS/MAPF_LNS_SAT/mapf-scen-even/scen-even/room-32-32-4-even-1.scen,10,0,42,1,46,17.257000,455,174,0.000000,0.180000,0.499000,0.397000,0.043838
_home_max_Documents_PhD_MAPF_LNS_MAPF_LNS_SAT_mapf-map_room-32-32-4_map-_home_max_Documents_PhD_MAPF_LNS_MAPF_LNS_SAT_mapf-scen-even_scen-even_room-32-32-4-even-1_scen-agents10-idx1-seed42-1783608943613,/home/max/Documents/PhD/MAPF/LNS/MAPF_LNS_SAT/mapf-map/room-32-32-4.map,/home/max/Documents/PhD/MAPF/LNS/MAPF_LNS_SAT/mapf-scen-even/scen-even/room-32-32-4-even-1.scen,10,1,42,1,50,36.233000,3463,769,0.001000,2.274000,4.669000,4.126000,0.355196
_home_max_Documents_PhD_MAPF_LNS_MAPF_LNS_SAT_mapf-map_room-32-32-4_map-_home_max_Documents_PhD_MAPF_LNS_MAPF_LNS_SAT_mapf-scen-even_scen-even_room-32-32-4-even-1_scen-agents10-idx2-seed42-1783608943662,/home/max/Documents/PhD/MAPF/LNS/MAPF_LNS_SAT/mapf-map/room-32-32-4.map,/home/max/Documents/PhD/MAPF/LNS/MAPF_LNS_SAT/mapf-scen-even/scen-even/room-32-32-4-even-1.scen,10,2,42,1,51,19.215000,131,65,0.000000,0.070000,0.236000,0.186000,0.022361
_home_max_Documents_PhD_MAPF_LNS_MAPF_LNS_SAT_mapf-map_room-32-32-4_map-_home_max_Documents_PhD_MAPF_LNS_MAPF_LNS_SAT_mapf-scen-even_scen-even_room-32-32-4-even-1_scen-agents10-idx3-seed42-1783608943716,/home/max/Documents/PhD/MAPF/LNS/MAPF_LNS_SAT/mapf-map/room-32-32-4.map,/home/max/Documents/PhD/MAPF/LNS/MAPF_LNS_SAT/mapf-scen-even/scen-even/room-32-32-4-even-1.scen,10,3,42,1,47,20.380000,254,90,0.000000,0.155000,0.424000,0.351000,0.040716
_home_max_Documents_PhD_MAPF_LNS_MAPF_LNS_SAT_mapf-map_room-32-32-4_map-_home_max_Documents_PhD_MAPF_LNS_MAPF_LNS_SAT_mapf-scen-even_scen-even_room-32-32-4-even-1_scen-agents10-idx4-seed42-1783608943765,/home/max/Documents/PhD/MAPF/LNS/MAPF_LNS_SAT/mapf-map/room-32-32-4.map,/home/max/Documents/PhD/MAPF/LNS/MAPF_LNS_SAT/mapf-scen-even/scen-even/room-32-32-4-even-1.scen,10,4,42,1,54,34.429000,10918,2907,0.000000,3.882000,6.444000,5.679000,0.560960
_home_max_Documents_PhD_MAPF_LNS_MAPF_LNS_SAT_mapf-map_room-32-32-4_map-_home_max_Documents_PhD_MAPF_LNS_MAPF_LNS_SAT_mapf-scen-even_scen-even_room-32-32-4-even-1_scen-agents10-idx5-seed42-1783608943812,/home/max/Documents/PhD/MAPF/LNS/MAPF_LNS_SAT/mapf-map/room-32-32-4.map,/home/max/Documents/PhD/MAPF/LNS/MAPF_LNS_SAT/mapf-scen-even/scen-even/room-32-32-4-even-1.scen,10,5,42,1,53,10.944000,0,0,0.000000,0.000000,0.000000,0.000000,0.000000
_home_max_Documents_PhD_MAPF_LNS_MAPF_LNS_SAT_mapf-map_room-32-32-4_map-_home_max_Documents_PhD_MAPF_LNS_MAPF_LNS_SAT_mapf-scen-even_scen-even_room-32-32-4-even-1_scen-agents10-idx6-seed42-1783608943866,/home/max/Documents/PhD/MAPF/LNS/MAPF_LNS_SAT/mapf-map/room-32-32-4.map,/home/max/Documents/PhD/MAPF/LNS/MAPF_LNS_SAT/mapf-scen-even/scen-even/room-32-32-4-even-1.scen,10,6,42,1,54,18.305000,344,131,0.000000,0.174000,0.330000,0.278000,0.028772
_home_max_Documents_PhD_MAPF_LNS_MAPF_LNS_SAT_mapf-map_room-32-32-4_map-_home_max_Documents_PhD_MAPF_LNS_MAPF_LNS_SAT_mapf-scen-even_scen-even_room-32-32-4-even-1_scen-agents10-idx7-seed42-1783608943918,/home/max/Documents/PhD/MAPF/LNS/MAPF_LNS_SAT/mapf-map/room-32-32-4.map,/home/max/Documents/PhD/MAPF/LNS/MAPF_LNS_SAT/mapf-scen-even/scen-even/room-32-32-4-even-1.scen,10,7,42,1,52,102.016000,72354,7898,0.000000,19.159000,49.897000,48.582000,1.247850
_home_max_Documents_PhD_MAPF_LNS_MAPF_LNS_SAT_mapf-map_room-32-32-4_map-_home_max_Documents_PhD_MAPF_LNS_MAPF_LNS_SAT_mapf-scen-even_scen-even_room-32-32-4-even-1_scen-agents10-idx8-seed42-1783608944069,/home/max/Documents/PhD/MAPF/LNS/MAPF_LNS_SAT/mapf-map/room-32-32-4.map,/home/max/Documents/PhD/MAPF/LNS/MAPF_LNS_SAT/mapf-scen-even/scen-even/room-32-32-4-even-1.scen,10,8,42,1,54,20.856000,843,212,0.000000,0.350000,0.898000,0.728000,0.110329
_home_max_Documents_PhD_MAPF_LNS_MAPF_LNS_SAT_mapf-map_room-32-32-4_map-_home_max_Documents_PhD_MAPF_LNS_MAPF_LNS_SAT_mapf-scen-even_scen-even_room-32-32-4-even-1_scen-agents10-idx9-seed42-1783608944119,/home/max/Documents/PhD/MAPF/LNS/MAPF_LNS_SAT/mapf-map/room-32-32-4.map,/home/max/Documents/PhD/MAPF/LNS/MAPF_LNS_SAT/mapf-scen-even/scen-even/room-32-32-4-even-1.scen,10,9,42,1,55,19.975000,0,0,0.000000,0.000000,0.000000,0.000000,0.000000
_home_max_Documents_PhD_MAPF_LNS_MAPF_LNS_SAT_mapf-map_room-32-32-4_map-_home_max_Documents_PhD_MAPF_LNS_MAPF_LNS_SAT_mapf-scen-even_scen-even_room-32-32-4-even-1_scen-agents10-idx10-seed42-1783608944167,/home/max/Documents/PhD/MAPF/LNS/MAPF_LNS_SAT/mapf-map/room-32-32-4.map,/home/max/Documents/PhD/MAPF/LNS/MAPF_LNS_SAT/mapf-scen-even/scen-even/room-32-32-4-even-1.scen,10,10,42,1,53,9.263000,883,256,0.000000,0.251000,0.734000,0.628000,0.051821
_home_max_Documents_PhD_MAPF_LNS_MAPF_LNS_SAT_mapf-map_room-32-32-4_map-_home_max_Documents_PhD_MAPF_LNS_MAPF_LNS_SAT_mapf-scen-even_scen-even_room-32-32-4-even-1_scen-agents10-idx11-seed42-1783608944219,/home/max/Documents/PhD/MAPF/LNS/MAPF_LNS_SAT/mapf-map/room-32-32-4.map,/home/max/Documents/PhD/MAPF/LNS/MAPF_LNS_SAT/mapf-scen-even/scen-even/room-32-32-4-even-1.scen,10,11,42,1,53,2881.734000,2015947,64963,0.016000,1035.748000,1665.860000,1651.598000,26.524408
_home_max_Documents_PhD_MAPF_LNS_MAPF_LNS_SAT_mapf-map_room-32-32-4_map-_home_max_Documents_PhD_MAPF_LNS_MAPF_LNS_SAT_mapf-scen-even_scen-even_room-32-32-4-even-1_scen-agents10-idx12-seed42-1783608947124,/home/max/Documents/PhD/MAPF/LNS/MAPF_LNS_SAT/mapf-map/room-32-32-4.map,/home/max/Documents/PhD/MAPF/LNS/MAPF_LNS_SAT/mapf-scen-even/scen-even/room-32-32-4-even-1.scen,10,12,42,1,41,22.548000,2137,446,0.000000,1.012000,3.262000,2.749000,0.628568
_home_max_Documents_PhD_MAPF_LNS_MAPF_LNS_SAT_mapf-map_room-32-32-4_map-_home_max_Documents_PhD_MAPF_LNS_MAPF_LNS_SAT_mapf-scen-even_scen-even_room-32-32-4-even-2_scen-agents10-idx0-seed42-1783608947174,/home/max/Documents/PhD/MAPF/LNS/MAPF_LNS_SAT/mapf-map/room-32-32-4.map,/home/max/Documents/PhD/MAPF/LNS/MAPF_LNS_SAT/mapf-scen-even/scen-even/room-32-32-4-even-2.scen,10,0,42,1,51,16.130000,647,181,0.000000,0.222000,0.677000,0.542000,0.071785
_home_max_Documents_PhD_MAPF_LNS_MAPF_LNS_SAT_mapf-map_room-32-32-4_map-_home_max_Documents_PhD_MAPF_LNS_MAPF_LNS_SAT_mapf-scen-even_scen-even_room-32-32-4-even-2_scen-agents10-idx1-seed42-1783608947227,/home/max/Documents/PhD/MAPF/LNS/MAPF_LNS_SAT/mapf-map/room-32-32-4.map,/home/max/Documents/PhD/MAPF/LNS/MAPF_LNS_SAT/mapf-scen-even/scen-even/room-32-32-4-even-2.scen,10,1,42,1,50,25.974000,5455,1473,0.000000,1.725000,3.510000,3.053000,0.267497
_home_max_Documents_PhD_MAPF_LNS_MAPF_LNS_SAT_mapf-map_room-32-32-4_map-_home_max_Documents_PhD_MAPF_LNS_MAPF_LNS_SAT_mapf-scen-even_scen-even_room-32-32-4-even-2_scen-agents10-idx2-seed42-1783608947276,/home/max/Documents/PhD/MAPF/LNS/MAPF_LNS_SAT/mapf-map/room-32-32-4.map,/home/max/Documents/PhD/MAPF/LNS/MAPF_LNS_SAT/mapf-scen-even/scen-even/room-32-32-4-even-2.scen,10,2,42,1,54,23.347000,1863,493,0.001000,0.952000,2.028000,1.751000,0.131782
_home_max_Documents_PhD_MAPF_LNS_MAPF_LNS_SAT_mapf-map_room-32-32-4_map-_home_max_Documents_PhD_MAPF_LNS_MAPF_LNS_SAT_mapf-scen-even_scen-even_room-32-32-4-even-2_scen-agents10-idx3-seed42-1783608947329,/home/max/Documents/PhD/MAPF/LNS/MAPF_LNS_SAT/mapf-map/room-32-32-4.map,/home/max/Documents/PhD/MAPF/LNS/MAPF_LNS_SAT/mapf-scen-even/scen-even/room-32-32-4-even-2.scen,10,3,42,1,51,44.410000,29473,1762,0.001000,7.754000,17.028000,16.623000,0.361960
_home_max_Documents_PhD_MAPF_LNS_MAPF_LNS_SAT_mapf-map_room-32-32-4_map-_home_max_Documents_PhD_MAPF_LNS_MAPF_LNS_SAT_mapf-scen-even_scen-even_room-32-32-4-even-2_scen-agents10-idx4-seed42-1783608947429,/home/max/Documents/PhD/MAPF/LNS/MAPF_LNS_SAT/mapf-map/room-32-32-4.map,/home/max/Documents/PhD/MAPF/LNS/MAPF_LNS_SAT/mapf-scen-even/scen-even/room-32-32-4-even-2.scen,10,4,42,1,53,22.192000,1851,474,0.000000,0.661000,1.863000,1.669000,0.135923
_home_max_Documents_PhD_MAPF_LNS_MAPF_LNS_SAT_mapf-map_room-32-32-4_map-_home_max_Documents_PhD_MAPF_LNS_MAPF_LNS_SAT_mapf-scen-even_scen-even_room-32-32-4-even-2_scen-agents10-idx5-seed42-1783608947481,/home/max/Documents/PhD/MAPF/LNS/MAPF_LNS_SAT/mapf-map/room-32-32-4.map,/home/max/Documents/PhD/MAPF/LNS/MAPF_LNS_SAT/mapf-scen-even/scen-even/room-32-32-4-even-2.scen,10,5,42,1,49,23.473000,1408,399,0.000000,0.584000,1.271000,1.061000,0.107377
_home_max_Documents_PhD_MAPF_LNS_MAPF_LNS_SAT_mapf-map_room-32-32-4_map-_home_max_Documents_PhD_MAPF_LNS_MAPF_LNS_SAT_mapf-scen-even_scen-even_room-32-32-4-even-2_scen-agents10-idx6-seed42-1783608947533,/home/max/Documents/PhD/MAPF/LNS/MAPF_LNS_SAT/mapf-map/room-32-32-4.map,/home/max/Documents/PhD/MAPF/LNS/MAPF_LNS_SAT/mapf-scen-even/scen-even/room-32-32-4-even-2.scen,10,6,42,1,55,24.727000,437,165,0.000000,0.310000,0.873000,0.686000,0.078828
_home_max_Documents_PhD_MAPF_LNS_MAPF_LNS_SAT_mapf-map_room-32-32-4_map-_home_max_Documents_PhD_MAPF_LNS_MAPF_LNS_SAT_mapf-scen-even_scen-even_room-32-32-4-even-2_scen-agents10-idx7-seed42-1783608947582,/home/max/Documents/PhD/MAPF/LNS/MAPF_LNS_SAT/mapf-map/room-32-32-4.map,/home/max/Documents/PhD/MAPF/LNS/MAPF_LNS_SAT/mapf-scen-even/scen-even/room-32-32-4-even-2.scen,10,7,42,1,54,19.703000,186,66,0.000000,0.158000,0.678000,0.555000,0.071100
_home_max_Documents_PhD_MAPF_LNS_MAPF_LNS_SAT_mapf-map_room-32-32-4_map-_home_max_Documents_PhD_MAPF_LNS_MAPF_LNS_SAT_mapf-scen-even_scen-even_room-32-32-4-even-2_scen-agents10-idx8-seed42-1783608947633,/home/max/Documents/PhD/MAPF/LNS/MAPF_LNS_SAT/mapf-map/room-32-32-4.map,/home/max/Documents/PhD/MAPF/LNS/MAPF_LNS_SAT/mapf-scen-even/scen-even/room-32-32-4-even-2.scen,10,8,42,1,48,25.983000,7452,1383,0.000000,2.227000,4.037000,3.697000,0.272791
_home_max_Documents_PhD_MAPF_LNS_MAPF_LNS_SAT_mapf-map_room-32-32-4_map-_home_max_Documents_PhD_MAPF_LNS_MAPF_LNS_SAT_mapf-scen-even_scen-even_room-32-32-4-even-2_scen-agents10-idx9-seed42-1783608947683,/home/max/Documents/PhD/MAPF/LNS/MAPF_LNS_SAT/mapf-map/room-32-32-4.map,/home/max/Documents/PhD/MAPF/LNS/MAPF_LNS_SAT/mapf-scen-even/scen-even/room-32-32-4-even-2.scen,10,9,42,1,54,29.742000,10730,1405,0.000000,3.709000,6.918000,6.657000,0.352088
_home_max_Documents_PhD_MAPF_LNS_MAPF_LNS_SAT_mapf-map_room-32-32-4_map-_home_max_Documents_PhD_MAPF_LNS_MAPF_LNS_SAT_mapf-scen-even_scen-even_room-32-32-4-even-2_scen-agents10-idx10-seed42-1783608947733,/home/max/Documents/PhD/MAPF/LNS/MAPF_LNS_SAT/mapf-map/room-32-32-4.map,/home/max/Documents/PhD/MAPF/LNS/MAPF_LNS_SAT/mapf-scen-even/scen-even/room-32-32-4-even-2.scen,10,10,42,1,53,46.069000,22987,2994,0.000000,8.381000,14.789000,14.279000,0.689880
_home_max_Documents_PhD_MAPF_LNS_MAPF_LNS_SAT_mapf-map_room-32-32-4_map-_home_max_Documents_PhD_MAPF_LNS_MAPF_LNS_SAT_mapf-scen-even_scen-even_room-32-32-4-even-2_scen-agents10-idx11-seed42-1783608947782,/home/max/Documents/PhD/MAPF/LNS/MAPF_LNS_SAT/mapf-map/room-32-32-4.map,/home/max/Documents/PhD/MAPF/LNS/MAPF_LNS_SAT/mapf-scen-even/scen-even/room-32-32-4-even-2.scen,10,11,42,1,56,7.502000,195,62,0.000000,0.063000,0.199000,0.150000,0.018979
_home_max_Documents_PhD_MAPF_LNS_MAPF_LNS_SAT_mapf-map_room-32-32-4_map-_home_max_Documents_PhD_MAPF_LNS_MAPF_LNS_SAT_mapf-scen-even_scen-even_room-32-32-4-even-2_scen-agents10-idx12-seed42-1783608947836,/home/max/Documents/PhD/MAPF/LNS/MAPF_LNS_SAT/mapf-map/room-32-32-4.map,/home/max/Documents/PhD/MAPF/LNS/MAPF_LNS_SAT/mapf-scen-even/scen-even/room-32-32-4-even-2.scen,10,12,42,1,55,27.572000,5956,873,0.000000,1.988000,3.697000,3.416000,0.258952
_home_max_Documents_PhD_MAPF_LNS_MAPF_LNS_SAT_mapf-map_room-32-32-4_map-_home_max_Documents_PhD_MAPF_LNS_MAPF_LNS_SAT_mapf-scen-even_scen-even_room-32-32-4-even-3_scen-agents10-idx0-seed42-1783608947886,/home/max/Documents/PhD/MAPF/LNS/MAPF_LNS_SAT/mapf-map/room-32-32-4.map,/home/max/Documents/PhD/MAPF/LNS/MAPF_LNS_SAT/mapf-scen-even/scen-even/room-32-32-4-even-3.scen,10,0,42,1,53,35364.420000,14220407,213777,0.017000,14238.321000,20383.874000,20278.461000,125.646690
_home_max_Documents_PhD_MAPF_LNS_MAPF_LNS_SAT_mapf-map_room-32-32-4_map-_home_max_Documents_PhD_MAPF_LNS_MAPF_LNS_SAT_mapf-scen-even_scen-even_room-32-32-4-even-3_scen-agents10-idx1-seed42-1783608983320,/home/max/Documents/PhD/MAPF/LNS/MAPF_LNS_SAT/mapf-map/room-32-32-4.map,/home/max/Documents/PhD/MAPF/LNS/MAPF_LNS_SAT/mapf-scen-even/scen-even/room-32-32-4-even-3.scen,10,1,42,1,50,23.718000,203,54,0.000000,0.126000,0.410000,0.324000,0.048243
_home_max_Documents_PhD_MAPF_LNS_MAPF_LNS_SAT_mapf-map_room-32-32-4_map-_home_max_Documents_PhD_MAPF_LNS_MAPF_LNS_SAT_mapf-scen-even_scen-even_room-32-32-4-even-3_scen-agents10-idx2-seed42-1783608983371,/home/max/Documents/PhD/MAPF/LNS/MAPF_LNS_SAT/mapf-map/room-32-32-4.map,/home/max/Documents/PhD/MAPF/LNS/MAPF_LNS_SAT/mapf-scen-even/scen-even/room-32-32-4-even-3.scen,10,2,42,1,54,23.955000,1896,544,0.000000,0.726000,1.577000,1.324000,0.123843
_home_max_Documents_PhD_MAPF_LNS_MAPF_LNS_SAT_mapf-map_room-32-32-4_map-_home_max_Documents_PhD_MAPF_LNS_MAPF_LNS_SAT_mapf-scen-even_scen-even_room-32-32-4-even-3_scen-agents10-idx3-seed42-1783608983420,/home/max/Documents/PhD/MAPF/LNS/MAPF_LNS_SAT/mapf-map/room-32-32-4.map,/home/max/Documents/PhD/MAPF/LNS/MAPF_LNS_SAT/mapf-scen-even/scen-even/room-32-32-4-even-3.scen,10,3,42,1,54,15.218000,523,194,0.000000,0.269000,0.601000,0.469000,0.051017
_home_max_Documents_PhD_MAPF_LNS_MAPF_LNS_SAT_mapf-map_room-32-32-4_map-_home_max_Documents_PhD_MAPF_LNS_MAPF_LNS_SAT_mapf-scen-even_scen-even_room-32-32-4-even-3_scen-agents10-idx4-seed42-1783608983472,/home/max/Documents/PhD/MAPF/LNS/MAPF_LNS_SAT/mapf-map/room-32-32-4.map,/home/max/Documents/PhD/MAPF/LNS/MAPF_LNS_SAT/mapf-scen-even/scen-even/room-32-32-4-even-3.scen,10,4,42,1,46,21.683000,175,51,0.000000,0.109000,0.425000,0.334000,0.054285
_home_max_Documents_PhD_MAPF_LNS_MAPF_LNS_SAT_mapf-map_room-32-32-4_map-_home_max_Documents_PhD_MAPF_LNS_MAPF_LNS_SAT_mapf-scen-even_scen-even_room-32-32-4-even-3_scen-agents10-idx5-seed42-1783608983522,/home/max/Documents/PhD/MAPF/LNS/MAPF_LNS_SAT/mapf-map/room-32-32-4.map,/home/max/Documents/PhD/MAPF/LNS/MAPF_LNS_SAT/mapf-scen-even/scen-even/room-32-32-4-even-3.scen,10,5,42,1,54,17.081000,624,222,0.000000,0.260000,0.750000,0.560000,0.127440
_home_max_Documents_PhD_MAPF_LNS_MAPF_LNS_SAT_mapf-map_room-32-32-4_map-_home_max_Documents_PhD_MAPF_LNS_MAPF_LNS_SAT_mapf-scen-even_scen-even_room-32-32-4-even-3_scen-agents10-idx6-seed42-1783608983574,/home/max/Documents/PhD/MAPF/LNS/MAPF_LNS_SAT/mapf-map/room-32-32-4.map,/home/max/Documents/PhD/MAPF/LNS/MAPF_LNS_SAT/mapf-scen-even/scen-even/room-32-32-4-even-3.scen,10,6,42,1,59,20.897000,2007,584,0.000000,0.670000,1.521000,1.296000,0.143638
_home_max_Documents_PhD_MAPF_LNS_MAPF_LNS_SAT_mapf-map_room-32-32-4_map-_home_max_Documents_PhD_MAPF_LNS_MAPF_LNS_SAT_mapf-scen-even_scen-even_room-32-32-4-even-3_scen-agents10-idx7-seed42-1783608983625,/home/max/Documents/PhD/MAPF/LNS/MAPF_LNS_SAT/mapf-map/room-32-32-4.map,/home/max/Documents/PhD/MAPF/LNS/MAPF_LNS_SAT/mapf-scen-even/scen-even/room-32-32-4-even-3.scen,10,7,42,1,54,20.138000,1316,370,0.001000,1.127000,2.409000,2.110000,0.178656
_home_max_Documents_PhD_MAPF_LNS_MAPF_LNS_SAT_mapf-map_room-32-32-4_map-_home_max_Documents_PhD_MAPF_LNS_MAPF_LNS_SAT_mapf-scen-even_scen-even_room-32-32-4-even-3_scen-agents10-idx8-seed42-1783608983674,/home/max/Documents/PhD/MAPF/LNS/MAPF_LNS_SAT/mapf-map/room-32-32-4.map,/home/max/Documents/PhD/MAPF/LNS/MAPF_LNS_SAT/mapf-scen-even/scen-even/room-32-32-4-even-3.scen,10,8,42,1,50,18.946000,823,242,0.000000,0.343000,0.996000,0.770000,0.117837
_home_max_Documents_PhD_MAPF_LNS_MAPF_LNS_SAT_mapf-map_room-32-32-4_map-_home_max_Documents_PhD_MAPF_LNS_MAPF_LNS_SAT_mapf-scen-even_scen-even_room-32-32-4-even-3_scen-agents10-idx9-seed42-1783608983726,/home/max/Documents/PhD/MAPF/LNS/MAPF_LNS_SAT/mapf-map/room-32-32-4.map,/home/max/Documents/PhD/MAPF/LNS/MAPF_LNS_SAT/mapf-scen-even/scen-even/room-32-32-4-even-3.scen,10,9,42,1,54,26.218000,2434,589,0.001000,1.000000,1.951000,1.717000,0.167802
_home_max_Documents_PhD_MAPF_LNS_MAPF_LNS_SAT_mapf-map_room-32-32-4_map-_home_max_Documents_PhD_MAPF_LNS_MAPF_LNS_SAT_mapf-scen-even_scen-even_room-32-32-4-even-3_scen-agents10-idx10-seed42-1783608983773,/home/max/Documents/PhD/MAPF/LNS/MAPF_LNS_SAT/mapf-map/room-32-32-4.map,/home/max/Documents/PhD/MAPF/LNS/MAPF_LNS_SAT/mapf-scen-even/scen-even/room-32-32-4-even-3.scen,10,10,42,1,49,20.756000,4222,969,0.000000,1.345000,2.984000,2.610000,0.231679
_home_max_Documents_PhD_MAPF_LNS_MAPF_LNS_SAT_mapf-map_room-32-32-4_map-_home_max_Documents_PhD_MAPF_LNS_MAPF_LNS_SAT_mapf-scen-even_scen-even_room-32-32-4-even-3_scen-agents10-idx11-seed42-1783608983827,/home/max/Documents/PhD/MAPF/LNS/MAPF_LNS_SAT/mapf-map/room-32-32-4.map,/home/max/Documents/PhD/MAPF/LNS/MAPF_LNS_SAT/mapf-scen-even/scen-even/room-32-32-4-even-3.scen,10,11,42,1,57,25.836000,1627,429,0.000000,0.700000,1.596000,1.342000,0.131379
_home_max_Documents_PhD_MAPF_LNS_MAPF_LNS_SAT_mapf-map_room-32-32-4_map-_home_max_Documents_PhD_MAPF_LNS_MAPF_LNS_SAT_mapf-scen-even_scen-even_room-32-32-4-even-3_scen-agents10-idx12-seed42-1783608983877,/home/max/Documents/PhD/MAPF/LNS/MAPF_LNS_SAT/mapf-map/room-32-32-4.map,/home/max/Documents/PhD/MAPF/LNS/MAPF_LNS_SAT/mapf-scen-even/scen-even/room-32-32-4-even-3.scen,10,12,42,1,45,72945.207000,24374183,414663,0.023000,35329.637000,36322.916000,36037.272000,246.248242
_home_max_Documents_PhD_MAPF_LNS_MAPF_LNS_SAT_mapf-map_room-32-32-4_map-_home_max_Documents_PhD_MAPF_LNS_MAPF_LNS_SAT_mapf-scen-even_scen-even_room-32-32-4-even-4_scen-agents10-idx0-seed42-1783609056856,/home/max/Documents/PhD/MAPF/LNS/MAPF_LNS_SAT/mapf-map/room-32-32-4.map,/home/max/Documents/PhD/MAPF/LNS/MAPF_LNS_SAT/mapf-scen-even/scen-even/room-32-32-4-even-4.scen,10,0,42,1,51,10.059000,698,128,0.000000,0.172000,0.458000,0.385000,0.052073
_home_max_Documents_PhD_MAPF_LNS_MAPF_LNS_SAT_mapf-map_room-32-32-4_map-_home_max_Documents_PhD_MAPF_LNS_MAPF_LNS_SAT_mapf-scen-even_scen-even_room-32-32-4-even-4_scen-agents10-idx1-seed42-1783609056909,/home/max/Documents/PhD/MAPF/LNS/MAPF_LNS_SAT/mapf-map/room-32-32-4.map,/home/max/Documents/PhD/MAPF/LNS/MAPF_LNS_SAT/mapf-scen-even/scen-even/room-32-32-4-even-4.scen,10,1,42,1,45,17.455000,145,64,0.000000,0.095000,0.310000,0.256000,0.026333
_home_max_Documents_PhD_MAPF_LNS_MAPF_LNS_SAT_mapf-map_room-32-32-4_map-_home_max_Documents_PhD_MAPF_LNS_MAPF_LNS_SAT_mapf-scen-even_scen-even_room-32-32-4-even-4_scen-agents10-idx2-seed42-1783609056960,/home/max/Documents/PhD/MAPF/LNS/MAPF_LNS_SAT/mapf-map/room-32-32-4.map,/home/max/Documents/PhD/MAPF/LNS/MAPF_LNS_SAT/mapf-scen-even/scen-even/room-32-32-4-even-4.scen,10,2,42,1,50,16.620000,251,89,0.000000,0.147000,0.285000,0.260000,0.030405
_home_max_Documents_PhD_MAPF_LNS_MAPF_LNS_SAT_mapf-map_room-32-32-4_map-_home_max_Documents_PhD_MAPF_LNS_MAPF_LNS_SAT_mapf-scen-even_scen-even_room-32-32-4-even-4_scen-agents10-idx3-seed42-1783609057011,/home/max/Documents/PhD/MAPF/LNS/MAPF_LNS_SAT/mapf-map/room-32-32-4.map,/home/max/Documents/PhD/MAPF/LNS/MAPF_LNS_SAT/mapf-scen-even/scen-even/room-32-32-4-even-4.scen,10,3,42,1,44,19.112000,1183,347,0.000000,0.476000,1.662000,1.322000,0.290844
_home_max_Documents_PhD_MAPF_LNS_MAPF_LNS_SAT_mapf-map_room-32-32-4_map-_home_max_Documents_PhD_MAPF_LNS_MAPF_LNS_SAT_mapf-scen-even_scen-even_room-32-32-4-even-4_scen-agents10-idx4-seed42-1783609057060,/home/max/Documents/PhD/MAPF/LNS/MAPF_LNS_SAT/mapf-map/room-32-32-4.map,/home/max/Documents/PhD/MAPF/LNS/MAPF_LNS_SAT/mapf-scen-even/scen-even/room-32-32-4-even-4.scen,10,4,42,1,51,21.327000,931,314,0.000000,0.474000,1.171000,0.942000,0.123408
_home_max_Documents_PhD_MAPF_LNS_MAPF_LNS_SAT_mapf-map_room-32-32-4_map-_home_max_Documents_PhD_MAPF_LNS_MAPF_LNS_SAT_mapf-scen-even_scen-even_room-32-32-4-even-4_scen-agents10-idx5-seed42-1783609057109,/home/max/Documents/PhD/MAPF/LNS/MAPF_LNS_SAT/mapf-map/room-32-32-4.map,/home/max/Documents/PhD/MAPF/LNS/MAPF_LNS_SAT/mapf-scen-even/scen-even/room-32-32-4-even-4.scen,10,5,42,1,51,14.711000,985,319,0.000000,0.383000,1.247000,0.928000,0.136827
_home_max_Documents_PhD_MAPF_LNS_MAPF_LNS_SAT_mapf-map_room-32-32-4_map-_home_max_Documents_PhD_MAPF_LNS_MAPF_LNS_SAT_mapf-scen-even_scen-even_room-32-32-4-even-4_scen-agents10-idx6-seed42-1783609057163,/home/max/Documents/PhD/MAPF/LNS/MAPF_LNS_SAT/mapf-map/room-32-32-4.map,/home/max/Documents/PhD/MAPF/LNS/MAPF_LNS_SAT/mapf-scen-even/scen-even/room-32-32-4-even-4.scen,10,6,42,1,44,16.865000,85,36,0.000000,0.071000,0.187000,0.162000,0.023351
_home_max_Documents_PhD_MAPF_LNS_MAPF_LNS_SAT_mapf-map_room-32-32-4_map-_home_max_Documents_PhD_MAPF_LNS_MAPF_LNS_SAT_mapf-scen-even_scen-even_room-32-32-4-even-4_scen-agents10-idx7-seed42-1783609057215,/home/max/Documents/PhD/MAPF/LNS/MAPF_LNS_SAT/mapf-map/room-32-32-4.map,/home/max/Documents/PhD/MAPF/LNS/MAPF_LNS_SAT/mapf-scen-even/scen-even/room-32-32-4-even-4.scen,10,7,42,1,49,20.394000,404,137,0.000000,0.320000,0.951000,0.741000,0.099241
_home_max_Documents_PhD_MAPF_LNS_MAPF_LNS_SAT_mapf-map_room-32-32-4_map-_home_max_Documents_PhD_MAPF_LNS_MAPF_LNS_SAT_mapf-scen-even_scen-even_room-32-32-4-even-4_scen-agents10-idx8-seed42-1783609057265,/home/max/Documents/PhD/MAPF/LNS/MAPF_LNS_SAT/mapf-map/room-32-32-4.map,/home/max/Documents/PhD/MAPF/LNS/MAPF_LNS_SAT/mapf-scen-even/scen-even/room-32-32-4-even-4.scen,10,8,42,1,40,21.635000,1122,319,0.000000,0.438000,0.981000,0.823000,0.072643
_home_max_Documents_PhD_MAPF_LNS_MAPF_LNS_SAT_mapf-map_room-32-32-4_map-_home_max_Documents_PhD_MAPF_LNS_MAPF_LNS_SAT_mapf-scen-even_scen-even_room-32-32-4-even-4_scen-agents10-idx9-seed42-1783609057316,/home/max/Documents/PhD/MAPF/LNS/MAPF_LNS_SAT/mapf-map/room-32-32-4.map,/home/max/Documents/PhD/MAPF/LNS/MAPF_LNS_SAT/mapf-scen-even/scen-even/room-32-32-4-even-4.scen,10,9,42,1,49,18.256000,540,187,0.000000,0.308000,0.903000,0.694000,0.093519
_home_max_Documents_PhD_MAPF_LNS_MAPF_LNS_SAT_mapf-map_room-32-32-4_map-_home_max_Documents_PhD_MAPF_LNS_MAPF_LNS_SAT_mapf-scen-even_scen-even_room-32-32-4-even-4_scen-agents10-idx10-seed42-1783609057365,/home/max/Documents/PhD/MAPF/LNS/MAPF_LNS_SAT/mapf-map/room-32-32-4.map,/home/max/Documents/PhD/MAPF/LNS/MAPF_LNS_SAT/mapf-scen-even/scen-even/room-32-32-4-even-4.scen,10,10,42,1,48,19.684000,1538,567,0.000000,0.665000,1.550000,1.242000,0.140195
_home_max_Documents_PhD_MAPF_LNS_MAPF_LNS_SAT_mapf-map_room-32-32-4_map-_home_max_Documents_PhD_MAPF_LNS_MAPF_LNS_SAT_mapf-scen-even_scen-even_room-32-32-4-even-4_scen-agents10-idx11-seed42-1783609057416,/home/max/Documents/PhD/MAPF/LNS/MAPF_LNS_SAT/mapf-map/room-32-32-4.map,/home/max/Documents/PhD/MAPF/LNS/MAPF_LNS_SAT/mapf-scen-even/scen-even/room-32-32-4-even-4.scen,10,11,42,1,44,19.069000,1470,378,0.000000,0.594000,1.299000,1.129000,0.127193
_home_max_Documents_PhD_MAPF_LNS_MAPF_LNS_SAT_mapf-map_room-32-32-4_map-_home_max_Documents_PhD_MAPF_LNS_MAPF_LNS_SAT_mapf-scen-even_scen-even_room-32-32-4-even-5_scen-agents10-idx0-seed42-1783609057466,/home/max/Documents/PhD/MAPF/LNS/MAPF_LNS_SAT/mapf-map/room-32-32-4.map,/home/max/Documents/PhD/MAPF/LNS/MAPF_LNS_SAT/mapf-scen-even/scen-even/room-32-32-4-even-5.scen,10,0,42,1,52,11.417000,508,183,0.000000,0.163000,0.482000,0.376000,0.043901
_home_max_Documents_PhD_MAPF_LNS_MAPF_LNS_SAT_mapf-map_room-32-32-4_map-_home_max_Documents_PhD_MAPF_LNS_MAPF_LNS_SAT_mapf-scen-even_scen-even_room-32-32-4-even-5_scen-agents10-idx1-seed42-1783609057518,/home/max/Documents/PhD/MAPF/LNS/MAPF_LNS_SAT/mapf-map/room-32-32-4.map,/home/max/Documents/PhD/MAPF/LNS/MAPF_LNS_SAT/mapf-scen-even/scen-even/room-32-32-4-even-5.scen,10,1,42,1,45,19.709000,1601,387,0.000000,0.670000,1.896000,1.721000,0.123479
_home_max_Documents_PhD_MAPF_LNS_MAPF_LNS_SAT_mapf-map_room-32-32-4_map-_home_max_Documents_PhD_MAPF_LNS_MAPF_LNS_SAT_mapf-scen-even_scen-even_room-32-32-4-even-5_scen-agents10-idx2-seed42-1783609057568,/home/max/Documents/PhD/MAPF/LNS/MAPF_LNS_SAT/mapf-map/room-32-32-4.map,/home/max/Documents/PhD/MAPF/LNS/MAPF_LNS_SAT/mapf-scen-even/scen-even/room-32-32-4-even-5.scen,10,2,42,1,46,17.640000,694,190,0.000000,0.264000,0.818000,0.661000,0.090536
_home_max_Documents_PhD_MAPF_LNS_MAPF_LNS_SAT_mapf-map_room-32-32-4_map-_home_max_Documents_PhD_MAPF_LNS_MAPF_LNS_SAT_mapf-scen-even_scen-even_room-32-32-4-even-5_scen-agents10-idx3-seed42-1783609057620,/home/max/Documents/PhD/MAPF/LNS/MAPF_LNS_SAT/mapf-map/room-32-32-4.map,/home/max/Documents/PhD/MAPF/LNS/MAPF_LNS_SAT/mapf-scen-even/scen-even/room-32-32-4-even-5.scen,10,3,42,1,51,19.228000,827,211,0.000000,0.571000,1.030000,0.883000,0.077089
_home_max_Documents_PhD_MAPF_LNS_MAPF_LNS_SAT_mapf-map_room-32-32-4_map-_home_max_Documents_PhD_MAPF_LNS_MAPF_LNS_SAT_mapf-scen-even_scen-even_room-32-32-4-even-5_scen-agents10-idx4-seed42-1783609057670,/home/max/Documents/PhD/MAPF/LNS/MAPF_LNS_SAT/mapf-map/room-32-32-4.map,/home/max/Documents/PhD/MAPF/LNS/MAPF_LNS_SAT/mapf-scen-even/scen-even/room-32-32-4-even-5.scen,10,4,42,1,45,17.552000,321,81,0.000000,0.105000,0.347000,0.263000,0.042022
_home_max_Documents_PhD_MAPF_LNS_MAPF_LNS_SAT_mapf-map_room-32-32-4_map-_home_max_Documents_PhD_MAPF_LNS_MAPF_LNS_SAT_mapf-scen-even_scen-even_room-32-32-4-even-5_scen-agents10-idx5-seed42-1783609057720,/home/max/Documents/PhD/MAPF/LNS/MAPF_LNS_SAT/mapf-map/room-32-32-4.map,/home/max/Documents/PhD/MAPF/LNS/MAPF_LNS_SAT/mapf-scen-even/scen-even/room-32-32-4-even-5.scen,10,5,42,1,52,16.178000,126,40,0.000000,0.072000,0.257000,0.203000,0.029569
_home_max_Documents_PhD_MAPF_LNS_MAPF_LNS_SAT_mapf-map_room-32-32-4_map-_home_max_Documents_PhD_MAPF_LNS_MAPF_LNS_SAT_mapf-scen-even_scen-even_room-32-32-4-even-5_scen-agents10-idx6-seed42-1783609057772,/home/max/Documents/PhD/MAPF/LNS/MAPF_LNS_SAT/mapf-map/room-32-32-4.map,/home/max/Documents/PhD/MAPF/LNS/MAPF_LNS_SAT/mapf-scen-even/scen-even/room-32-32-4-even-5.scen,10,6,42,1,47,19.809000,2239,604,0.000000,0.786000,2.138000,1.849000,0.200093
_home_max_Documents_PhD_MAPF_LNS_MAPF_LNS_SAT_mapf-map_room-32-32-4_map-_home_max_Documents_PhD_MAPF_LNS_MAPF_LNS_SAT_mapf-scen-even_scen-even_room-32-32-4-even-5_scen-agents10-idx7-seed42-1783609057822,/home/max/Documents/PhD/MAPF/LNS/MAPF_LNS_SAT/mapf-map/room-32-32-4.map,/home/max/Documents/PhD/MAPF/LNS/MAPF_LNS_SAT/mapf-scen-even/scen-even/room-32-32-4-even-5.scen,10,7,42,1,37,17.081000,208,96,0.000000,0.177000,0.541000,0.407000,0.041790
_home_max_Documents_PhD_MAPF_LNS_MAPF_LNS_SAT_mapf-map_room-32-32-4_map-_home_max_Documents_PhD_MAPF_LNS_MAPF_LNS_SAT_mapf-scen-even_scen-even_room-32-32-4-even-5_scen-agents10-idx8-seed42-1783609057872,/home/max/Documents/PhD/MAPF/LNS/MAPF_LNS_SAT/mapf-map/room-32-32-4.map,/home/max/Documents/PhD/MAPF/LNS/MAPF_LNS_SAT/mapf-scen-even/scen-even/room-32-32-4-even-5.scen,10,8,42,1,53,43492.962000,17588585,237813,0.013000,16549.923000,26251.293000,26130.044000,170.500633
_home_max_Documents_PhD_MAPF_LNS_MAPF_LNS_SAT_mapf-map_room-32-32-4_map-_home_max_Documents_PhD_MAPF_LNS_MAPF_LNS_SAT_mapf-scen-even_scen-even_room-32-32-4-even-5_scen-agents10-idx9-seed42-1783609101417,/home/max/Documents/PhD/MAPF/LNS/MAPF_LNS_SAT/mapf-map/room-32-32-4.map,/home/max/Documents/PhD/MAPF/LNS/MAPF_LNS_SAT/mapf-scen-even/scen-even/room-32-32-4-even-5.scen,10,9,42,1,41,18.841000,385,172,0.000000,0.203000,0.619000,0.472000,0.054620
_home_max_Documents_PhD_MAPF_LNS_MAPF_LNS_SAT_mapf-map_room-32-32-4_map-_home_max_Documents_PhD_MAPF_LNS_MAPF_LNS_SAT_mapf-scen-even_scen-even_room-32-32-4-even-5_scen-agents10-idx10-seed42-1783609101467,/home/max/Documents/PhD/MAPF/LNS/MAPF_LNS_SAT/mapf-map/room-32-32-4.map,/home/max/Documents/PhD/MAPF/LNS/MAPF_LNS_SAT/mapf-scen-even/scen-even/room-32-32-4-even-5.scen,10,10,42,1,49,16.099000,212,78,0.000000,0.095000,0.340000,0.252000,0.044382
_home_max_Documents_PhD_MAPF_LNS_MAPF_LNS_SAT_mapf-map_room-32-32-4_map-_home_max_Documents_PhD_MAPF_LNS_MAPF_LNS_SAT_mapf-scen-even_scen-even_room-32-32-4-even-5_scen-agents10-idx11-seed42-1783609101519,/home/max/Documents/PhD/MAPF/LNS/MAPF_LNS_SAT/mapf-map/room-32-32-4.map,/home/max/Documents/PhD/MAPF/LNS/MAPF_LNS_SAT/mapf-scen-even/scen-even/room-32-32-4-even-5.scen,10,11,42,1,50,15.147000,136,63,0.000000,0.077000,0.169000,0.130000,0.016312
_home_max_Documents_PhD_MAPF_LNS_MAPF_LNS_SAT_mapf-map_room-32-32-4_map-_home_max_Documents_PhD_MAPF_LNS_MAPF_LNS_SAT_mapf-scen-even_scen-even_room-32-32-4-even-6_scen-agents10-idx0-seed42-1783609101569,/home/max/Documents/PhD/MAPF/LNS/MAPF_LNS_SAT/mapf-map/room-32-32-4.map,/home/max/Documents/PhD/MAPF/LNS/MAPF_LNS_SAT/mapf-scen-even/scen-even/room-32-32-4-even-6.scen,10,0,42,1,52,113.187000,88851,5811,0.000000,33.064000,55.960000,54.987000,1.572439
_home_max_Documents_PhD_MAPF_LNS_MAPF_LNS_SAT_mapf-map_room-32-32-4_map-_home_max_Documents_PhD_MAPF_LNS_MAPF_LNS_SAT_mapf-scen-even_scen-even_room-32-32-4-even-6_scen-agents10-idx1-seed42-1783609101721,/home/max/Documents/PhD/MAPF/LNS/MAPF_LNS_SAT/mapf-map/room-32-32-4.map,/home/max/Documents/PhD/MAPF/LNS/MAPF_LNS_SAT/mapf-scen-even/scen-even/room-32-32-4-even-6.scen,10,1,42,1,48,12.149000,296,76,0.000000,0.084000,0.283000,0.222000,0.045068
_home_max_Documents_PhD_MAPF_LNS_MAPF_LNS_SAT_mapf-map_room-32-32-4_map-_home_max_Documents_PhD_MAPF_LNS_MAPF_LNS_SAT_mapf-scen-even_scen-even_room-32-32-4-even-6_scen-agents10-idx2-seed42-1783609101770,/home/max/Documents/PhD/MAPF/LNS/MAPF_LNS_SAT/mapf-map/room-32-32-4.map,/home/max/Documents/PhD/MAPF/LNS/MAPF_LNS_SAT/mapf-scen-even/scen-even/room-32-32-4-even-6.scen,10,2,42,1,46,14.749000,91,26,0.000000,0.047000,0.137000,0.113000,0.016943
_home_max_Documents_PhD_MAPF_LNS_MAPF_LNS_SAT_mapf-map_room-32-32-4_map-_home_max_Documents_PhD_MAPF_LNS_MAPF_LNS_SAT_mapf-scen-even_scen-even_room-32-32-4-even-6_scen-agents10-idx3-seed42-1783609101821,/home/max/Documents/PhD/MAPF/LNS/MAPF_LNS_SAT/mapf-map/room-32-32-4.map,/home/max/Documents/PhD/MAPF/LNS/MAPF_LNS_SAT/mapf-scen-even/scen-even/room-32-32-4-even-6.scen,10,3,42,1,50,16.310000,306,123,0.000000,0.131000,0.379000,0.296000,0.033553
_home_max_Documents_PhD_MAPF_LNS_MAPF_LNS_SAT_mapf-map_room-32-32-4_map-_home_max_Documents_PhD_MAPF_LNS_MAPF_LNS_SAT_mapf-scen-even_scen-even_room-32-32-4-even-6_scen-agents10-idx4-seed42-1783609101872,/home/max/Documents/PhD/MAPF/LNS/MAPF_LNS_SAT/mapf-map/room-32-32-4.map,/home/max/Documents/PhD/MAPF/LNS/MAPF_LNS_SAT/mapf-scen-even/scen-even/room-32-32-4-even-6.scen,10,4,42,1,42,16.338000,653,184,0.000000,0.289000,0.757000,0.614000,0.070780
_home_max_Documents_PhD_MAPF_LNS_MAPF_LNS_SAT_mapf-map_room-32-32-4_map-_home_max_Documents_PhD_MAPF_LNS_MAPF_LNS_SAT_mapf-scen-even_scen-even_room-32-32-4-even-6_scen-agents10-idx5-seed42-1783609101923,/home/max/Documents/PhD/MAPF/LNS/MAPF_LNS_SAT/mapf-map/room-32-32-4.map,/home/max/Documents/PhD/MAPF/LNS/MAPF_LNS_SAT/mapf-scen-even/scen-even/room-32-32-4-even-6.scen,10,5,42,1,48,19.357000,608,183,0.000000,0.326000,0.973000,0.785000,0.094371
_home_max_Documents_PhD_MAPF_LNS_MAPF_LNS_SAT_mapf-map_room-32-32-4_map-_home_max_Documents_PhD_MAPF_LNS_MAPF_LNS_SAT_mapf-scen-even_scen-even_room-32-32-4-even-6_scen-agents10-idx6-seed42-1783609101973,/home/max/Documents/PhD/MAPF/LNS/MAPF_LNS_SAT/mapf-map/room-32-32-4.map,/home/max/Documents/PhD/MAPF/LNS/MAPF_LNS_SAT/mapf-scen-even/scen-even/room-32-32-4-even-6.scen,10,6,42,1,49,26.516000,4094,1313,0.000000,1.464000,4.399000,3.821000,0.212726
_home_max_Documents_PhD_MAPF_LNS_MAPF_LNS_SAT_mapf-map_room-32-32-4_map-_home_max_Documents_PhD_MAPF_LNS_MAPF_LNS_SAT_mapf-scen-even_scen-even_room-32-32-4-even-6_scen-agents10-idx7-seed42-1783609102023,/home/max/Documents/PhD/MAPF/LNS/MAPF_LNS_SAT/mapf-map/room-32-32-4.map,/home/max/Documents/PhD/MAPF/LNS/MAPF_LNS_SAT/mapf-scen-even/scen-even/room-32-32-4-even-6.scen,10,7,42,1,48,19.070000,786,283,0.000000,0.383000,1.052000,0.842000,0.082510
_home_max_Documents_PhD_MAPF_LNS_MAPF_LNS_SAT_mapf-map_room-32-32-4_map-_home_max_Documents_PhD_MAPF_LNS_MAPF_LNS_SAT_mapf-scen-even_scen-even_room-32-32-4-even-6_scen-agents10-idx8-seed42-1783609102075,/home/max/Documents/PhD/MAPF/LNS/MAPF_LNS_SAT/mapf-map/room-32-32-4.map,/home/max/Documents/PhD/MAPF/LNS/MAPF_LNS_SAT/mapf-scen-even/scen-even/room-32-32-4-even-6.scen,10,8,42,1,52,10.189000,149,52,0.000000,0.045000,0.158000,0.123000,0.016522
_home_max_Documents_PhD_MAPF_LNS_MAPF_LNS_SAT_mapf-map_room-32-32-4_map-_home_max_Documents_PhD_MAPF_LNS_MAPF_LNS_SAT_mapf-scen-even_scen-even_room-32-32-4-even-6_scen-agents10-idx9-seed42-1783609102126,/home/max/Documents/PhD/MAPF/LNS/MAPF_LNS_SAT/mapf-map/room-32-32-4.map,/home/max/Documents/PhD/MAPF/LNS/MAPF_LNS_SAT/mapf-scen-even/scen-even/room-32-32-4-even-6.scen,10,9,42,1,45,13.363000,52,27,0.000000,0.047000,0.226000,0.158000,0.020258
_home_max_Documents_PhD_MAPF_LNS_MAPF_LNS_SAT_mapf-map_room-32-32-4_map-_home_max_Documents_PhD_MAPF_LNS_MAPF_LNS_SAT_mapf-scen-even_scen-even_room-32-32-4-even-6_scen-agents10-idx10-seed42-1783609102177,/home/max/Documents/PhD/MAPF/LNS/MAPF_LNS_SAT/mapf-map/room-32-32-4.map,/home/max/Documents/PhD/MAPF/LNS/MAPF_LNS_SAT/mapf-scen-even/scen-even/room-32-32-4-even-6.scen,10,10,42,1,52,20.097000,729,263,0.000000,0.408000,1.036000,0.805000,0.087769
_home_max_Documents_PhD_MAPF_LNS_MAPF_LNS_SAT_mapf-map_room-32-32-4_map-_home_max_Documents_PhD_MAPF_LNS_MAPF_LNS_SAT_mapf-scen-even_scen-even_room-32-32-4-even-6_scen-agents10-idx11-seed42-1783609102227,/home/max/Documents/PhD/MAPF/LNS/MAPF_LNS_SAT/mapf-map/room-32-32-4.map,/home/max/Documents/PhD/MAPF/LNS/MAPF_LNS_SAT/mapf-scen-even/scen-even/room-32-32-4-even-6.scen,10,11,42,1,40,17.122000,686,222,0.000000,0.301000,0.731000,0.608000,0.060149
_home_max_Documents_PhD_MAPF_LNS_MAPF_LNS_SAT_mapf-map_room-32-32-4_map-_home_max_Documents_PhD_MAPF_LNS_MAPF_LNS_SAT_mapf-scen-even_scen-even_room-32-32-4-even-7_scen-agents10-idx0-seed42-1783609102278,/home/max/Documents/PhD/MAPF/LNS/MAPF_LNS_SAT/mapf-map/room-32-32-4.map,/home/max/Documents/PhD/MAPF/LNS/MAPF_LNS_SAT/mapf-scen-even/scen-even/room-32-32-4-even-7.scen,10,0,42,1,37,16.726000,757,168,0.000000,0.324000,0.705000,0.634000,0.066022
_home_max_Documents_PhD_MAPF_LNS_MAPF_LNS_SAT_mapf-map_room-32-32-4_map-_home_max_Documents_PhD_MAPF_LNS_MAPF_LNS_SAT_mapf-scen-even_scen-even_room-32-32-4-even-7_scen-agents10-idx1-seed42-1783609102329,/home/max/Documents/PhD/MAPF/LNS/MAPF_LNS_SAT/mapf-map/room-32-32-4.map,/home/max/Documents/PhD/MAPF/LNS/MAPF_LNS_SAT/mapf-scen-even/scen-even/room-32-32-4-even-7.scen,10,1,42,1,39,13.203000,1554,410,0.000000,0.454000,0.976000,0.850000,0.078645
_home_max_Documents_PhD_MAPF_LNS_MAPF_LNS_SAT_mapf-map_room-32-32-4_map-_home_max_Documents_PhD_MAPF_LNS_MAPF_LNS_SAT_mapf-scen-even_scen-even_room-32-32-4-even-7_scen-agents10-idx2-seed42-1783609102379,/home/max/Documents/PhD/MAPF/LNS/MAPF_LNS_SAT/mapf-map/room-32-32-4.map,/home/max/Documents/PhD/MAPF/LNS/MAPF_LNS_SAT/mapf-scen-even/scen-even/room-32-32-4-even-7.scen,10,2,42,1,49,15061.932000,7735045,160349,0.020000,6378.446000,8221.130000,8179.720000,82.317973
_home_max_Documents_PhD_MAPF_LNS_MAPF_LNS_SAT_mapf-map_room-32-32-4_map-_home_max_Documents_PhD_MAPF_LNS_MAPF_LNS_SAT_mapf-scen-even_scen-even_room-32-32-4-even-7_scen-agents10-idx3-seed42-1783609117462,/home/max/Documents/PhD/MAPF/LNS/MAPF_LNS_SAT/mapf-map/room-32-32-4.map,/home/max/Documents/PhD/MAPF/LNS/MAPF_LNS_SAT/mapf-scen-even/scen-even/room-32-32-4-even-7.scen,10,3,42,1,37,13.102000,298,82,0.000000,0.204000,0.575000,0.474000,0.060581
_home_max_Documents_PhD_MAPF_LNS_MAPF_LNS_SAT_mapf-map_room-32-32-4_map-_home_max_Documents_PhD_MAPF_LNS_MAPF_LNS_SAT_mapf-scen-even_scen-even_room-32-32-4-even-7_scen-agents10-idx4-seed42-1783609117514,/home/max/Documents/PhD/MAPF/LNS/MAPF_LNS_SAT/mapf-map/room-32-32-4.map,/home/max/Documents/PhD/MAPF/LNS/MAPF_LNS_SAT/mapf-scen-even/scen-even/room-32-32-4-even-7.scen,10,4,42,1,50,19.637000,794,265,0.000000,0.412000,0.989000,0.803000,0.086312
_home_max_Documents_PhD_MAPF_LNS_MAPF_LNS_SAT_mapf-map_room-32-32-4_map-_home_max_Documents_PhD_MAPF_LNS_MAPF_LNS_SAT_mapf-scen-even_scen-even_room-32-32-4-even-7_scen-agents10-idx5-seed42-1783609117566,/home/max/Documents/PhD/MAPF/LNS/MAPF_LNS_SAT/mapf-map/room-32-32-4.map,/home/max/Documents/PhD/MAPF/LNS/MAPF_LNS_SAT/mapf-scen-even/scen-even/room-32-32-4-even-7.scen,10,5,42,1,50,42036.726000,12335962,148038,0.001000,24634.488000,16794.579000,16285.463000,102.131486
_home_max_Documents_PhD_MAPF_LNS_MAPF_LNS_SAT_mapf-map_room-32-32-4_map-_home_max_Documents_PhD_MAPF_LNS_MAPF_LNS_SAT_mapf-scen-even_scen-even_room-32-32-4-even-7_scen-agents10-idx6-seed42-1783609159674,/home/max/Documents/PhD/MAPF/LNS/MAPF_LNS_SAT/mapf-map/room-32-32-4.map,/home/max/Documents/PhD/MAPF/LNS/MAPF_LNS_SAT/mapf-scen-even/scen-even/room-32-32-4-even-7.scen,10,6,42,1,51,28.269000,2282,736,0.000000,1.169000,2.507000,2.069000,0.167916
_home_max_Documents_PhD_MAPF_LNS_MAPF_LNS_SAT_mapf-map_room-32-32-4_map-_home_max_Documents_PhD_MAPF_LNS_MAPF_LNS_SAT_mapf-scen-even_scen-even_room-32-32-4-even-7_scen-agents10-idx7-seed42-1783609159726,/home/max/Documents/PhD/MAPF/LNS/MAPF_LNS_SAT/mapf-map/room-32-32-4.map,/home/max/Documents/PhD/MAPF/LNS/MAPF_LNS_SAT/mapf-scen-even/scen-even/room-32-32-4-even-7.scen,10,7,42,1,43,20.336000,1483,356,0.000000,0.698000,1.427000,1.256000,0.101106
_home_max_Documents_PhD_MAPF_LNS_MAPF_LNS_SAT_mapf-map_room-32-32-4_map-_home_max_Documents_PhD_MAPF_LNS_MAPF_LNS_SAT_mapf-scen-even_scen-even_room-32-32-4-even-7_scen-agents10-idx8-seed42-1783609159775,/home/max/Documents/PhD/MAPF/LNS/MAPF_LNS_SAT/mapf-map/room-32-32-4.map,/home/max/Documents/PhD/MAPF/LNS/MAPF_LNS_SAT/mapf-scen-even/scen-even/room-32-32-4-even-7.scen,10,8,42,1,40,18.267000,834,209,0.000000,0.501000,0.929000,0.804000,0.071901
_home_max_Documents_PhD_MAPF_LNS_MAPF_LNS_SAT_mapf-map_room-32-32-4_map-_home_max_Documents_PhD_MAPF_LNS_MAPF_LNS_SAT_mapf-scen-even_scen-even_room-32-32-4-even-7_scen-agents10-idx9-seed42-1783609159827,/home/max/Documents/PhD/MAPF/LNS/MAPF_LNS_SAT/mapf-map/room-32-32-4.map,/home/max/Documents/PhD/MAPF/LNS/MAPF_LNS_SAT/mapf-scen-even/scen-even/room-32-32-4-even-7.scen,10,9,42,1,45,17.727000,460,140,0.000000,0.208000,0.673000,0.534000,0.069797
_home_max_Documents_PhD_MAPF_LNS_MAPF_LNS_SAT_mapf-map_room-32-32-4_map-_home_max_Documents_PhD_MAPF_LNS_MAPF_LNS_SAT_mapf-scen-even_scen-even_room-32-32-4-even-7_scen-agents10-idx10-seed42-1783609159878,/home/max/Documents/PhD/MAPF/LNS/MAPF_LNS_SAT/mapf-map/room-32-32-4.map,/home/max/Documents/PhD/MAPF/LNS/MAPF_LNS_SAT/mapf-scen-even/scen-even/room-32-32-4-even-7.scen,10,10,42,1,50,87170.425000,26454723,363085,0.000000,43027.655000,41775.595000,40254.784000,189.448662
_home_max_Documents_PhD_MAPF_LNS_MAPF_LNS_SAT_mapf-map_room-32-32-4_map-_home_max_Documents_PhD_MAPF_LNS_MAPF_LNS_SAT_mapf-scen-even_scen-even_room-32-32-4-even-7_scen-agents10-idx11-seed42-1783609247087,/home/max/Documents/PhD/MAPF/LNS/MAPF_LNS_SAT/mapf-map/room-32-32-4.map,/home/max/Documents/PhD/MAPF/LNS/MAPF_LNS_SAT/mapf-scen-even/scen-even/room-32-32-4-even-7.scen,10,11,42,1,49,15.528000,430,122,0.000000,0.318000,0.847000,0.700000,0.108443
_home_max_Documents_PhD_MAPF_LNS_MAPF_LNS_SAT_mapf-map_room-32-32-4_map-_home_max_Documents_PhD_MAPF_LNS_MAPF_LNS_SAT_mapf-scen-even_scen-even_room-32-32-4-even-8_scen-agents10-idx0-seed42-1783609247141,/home/max/Documents/PhD/MAPF/LNS/MAPF_LNS_SAT/mapf-map/room-32-32-4.map,/home/max/Documents/PhD/MAPF/LNS/MAPF_LNS_SAT/mapf-scen-even/scen-even/room-32-32-4-even-8.scen,10,0,42,1,46,13.030000,272,97,0.000000,0.161000,0.587000,0.479000,0.061624
_home_max_Documents_PhD_MAPF_LNS_MAPF_LNS_SAT_mapf-map_room-32-32-4_map-_home_max_Documents_PhD_MAPF_LNS_MAPF_LNS_SAT_mapf-scen-even_scen-even_room-32-32-4-even-8_scen-agents10-idx1-seed42-1783609247193,/home/max/Documents/PhD/MAPF/LNS/MAPF_LNS_SAT/mapf-map/room-32-32-4.map,/home/max/Documents/PhD/MAPF/LNS/MAPF_LNS_SAT/mapf-scen-even/scen-even/room-32-32-4-even-8.scen,10,1,42,1,41,18.453000,1383,335,0.000000,0.553000,1.266000,1.057000,0.132515
_home_max_Documents_PhD_MAPF_LNS_MAPF_LNS_SAT_mapf-map_room-32-32-4_map-_home_max_Documents_PhD_MAPF_LNS_MAPF_LNS_SAT_mapf-scen-even_scen-even_room-32-32-4-even-8_scen-agents10-idx2-seed42-1783609247243,/home/max/Documents/PhD/MAPF/LNS/MAPF_LNS_SAT/mapf-map/room-32-32-4.map,/home/max/Documents/PhD/MAPF/LNS/MAPF_LNS_SAT/mapf-scen-even/scen-even/room-32-32-4-even-8.scen,10,2,42,1,56,16.639000,169,52,0.000000,0.087000,0.268000,0.216000,0.028203
_home_max_Documents_PhD_MAPF_LNS_MAPF_LNS_SAT_mapf-map_room-32-32-4_map-_home_max_Documents_PhD_MAPF_LNS_MAPF_LNS_SAT_mapf-scen-even_scen-even_room-32-32-4-even-8_scen-agents10-idx3-seed42-1783609247294,/home/max/Documents/PhD/MAPF/LNS/MAPF_LNS_SAT/mapf-map/room-32-32-4.map,/home/max/Documents/PhD/MAPF/LNS/MAPF_LNS_SAT/mapf-scen-even/scen-even/room-32-32-4-even-8.scen,10,3,42,1,51,22.502000,4119,651,0.000000,1.689000,3.113000,2.814000,0.215955
_home_max_Documents_PhD_MAPF_LNS_MAPF_LNS_SAT_mapf-map_room-32-32-4_map-_home_max_Documents_PhD_MAPF_LNS_MAPF_LNS_SAT_mapf-scen-even_scen-even_room-32-32-4-even-8_scen-agents10-idx4-seed42-1783609247345,/home/max/Documents/PhD/MAPF/LNS/MAPF_LNS_SAT/mapf-map/room-32-32-4.map,/home/max/Documents/PhD/MAPF/LNS/MAPF_LNS_SAT/mapf-scen-even/scen-even/room-32-32-4-even-8.scen,10,4,42,1,47,24.011000,2372,634,0.000000,1.228000,2.428000,2.123000,0.181455
_home_max_Documents_PhD_MAPF_LNS_MAPF_LNS_SAT_mapf-map_room-32-32-4_map-_home_max_Documents_PhD_MAPF_LNS_MAPF_LNS_SAT_mapf-scen-even_scen-even_room-32-32-4-even-8_scen-agents10-idx5-seed42-1783609247396,/home/max/Documents/PhD/MAPF/LNS/MAPF_LNS_SAT/mapf-map/room-32-32-4.map,/home/max/Documents/PhD/MAPF/LNS/MAPF_LNS_SAT/mapf-scen-even/scen-even/room-32-32-4-even-8.scen,10,5,42,1,54,20.906000,2345,558,0.000000,1.334000,2.687000,2.347000,0.201003
_home_max_Documents_PhD_MAPF_LNS_MAPF_LNS_SAT_mapf-map_room-32-32-4_map-_home_max_Documents_PhD_MAPF_LNS_MAPF_LNS_SAT_mapf-scen-even_scen-even_room-32-32-4-even-8_scen-agents10-idx6-seed42-1783609247446,/home/max/Documents/PhD/MAPF/LNS/MAPF_LNS_SAT/mapf-map/room-32-32-4.map,/home/max/Documents/PhD/MAPF/LNS/MAPF_LNS_SAT/mapf-scen-even/scen-even/room-32-32-4-even-8.scen,10,6,42,1,53,2696.587000,1915591,42956,0.005000,1029.244000,1540.308000,1522.392000,17.351022
_home_max_Documents_PhD_MAPF_LNS_MAPF_LNS_SAT_mapf-map_room-32-32-4_map-_home_max_Documents_PhD_MAPF_LNS_MAPF_LNS_SAT_mapf-scen-even_scen-even_room-32-32-4-even-8_scen-agents10-idx7-seed42-1783609250201,/home/max/Documents/PhD/MAPF/LNS/MAPF_LNS_SAT/mapf-map/room-32-32-4.map,/home/max/Documents/PhD/MAPF/LNS/MAPF_LNS_SAT/mapf-scen-even/scen-even/room-32-32-4-even-8.scen,10,7,42,1,55,16.300000,228,105,0.000000,0.092000,0.314000,0.246000,0.027694
_home_max_Documents_PhD_MAPF_LNS_MAPF_LNS_SAT_mapf-map_room-32-32-4_map-_home_max_Documents_PhD_MAPF_LNS_MAPF_LNS_SAT_mapf-scen-even_scen-even_room-32-32-4-even-8_scen-agents10-idx8-seed42-1783609250252,/home/max/Documents/PhD/MAPF/LNS/MAPF_LNS_SAT/mapf-map/room-32-32-4.map,/home/max/Documents/PhD/MAPF/LNS/MAPF_LNS_SAT/mapf-scen-even/scen-even/room-32-32-4-even-8.scen,10,8,42,1,54,23.747000,2142,565,0.000000,0.989000,2.545000,2.054000,0.390849
_home_max_Documents_PhD_MAPF_LNS_MAPF_LNS_SAT_mapf-map_room-32-32-4_map-_home_max_Documents_PhD_MAPF_LNS_MAPF_LNS_SAT_mapf-scen-even_scen-even_room-32-32-4-even-8_scen-agents10-idx9-seed42-1783609250304,/home/max/Documents/PhD/MAPF/LNS/MAPF_LNS_SAT/mapf-map/room-32-32-4.map,/home/max/Documents/PhD/MAPF/LNS/MAPF_LNS_SAT/mapf-scen-even/scen-even/room-32-32-4-even-8.scen,10,9,42,1,54,16.563000,261,89,0.000000,0.117000,0.389000,0.300000,0.048852
_home_max_Documents_PhD_MAPF_LNS_MAPF_LNS_SAT_mapf-map_room-32-32-4_map-_home_max_Documents_PhD_MAPF_LNS_MAPF_LNS_SAT_mapf-scen-even_scen-even_room-32-32-4-even-8_scen-agents10-idx10-seed42-1783609250353,/home/max/Documents/PhD/MAPF/LNS/MAPF_LNS_SAT/mapf-map/room-32-32-4.map,/home/max/Documents/PhD/MAPF/LNS/MAPF_LNS_SAT/mapf-scen-even/scen-even/room-32-32-4-even-8.scen,10,10,42,1,54,18.213000,853,268,0.000000,0.356000,0.704000,0.565000,0.054487
_home_max_Documents_PhD_MAPF_LNS_MAPF_LNS_SAT_mapf-map_room-32-32-4_map-_home_max_Documents_PhD_MAPF_LNS_MAPF_LNS_SAT_mapf-scen-even_scen-even_room-32-32-4-even-8_scen-agents10-idx11-seed42-1783609250404,/home/max/Documents/PhD/MAPF/LNS/MAPF_LNS_SAT/mapf-map/room-32-32-4.map,/home/max/Documents/PhD/MAPF/LNS/MAPF_LNS_SAT/mapf-scen-even/scen-even/room-32-32-4-even-8.scen,10,11,42,1,42,21.270000,562,173,0.001000,0.347000,0.746000,0.652000,0.062937
_home_max_Documents_PhD_MAPF_LNS_MAPF_LNS_SAT_mapf-map_room-32-32-4_map-_home_max_Documents_PhD_MAPF_LNS_MAPF_LNS_SAT_mapf-scen-even_scen-even_room-32-32-4-even-8_scen-agents10-idx12-seed42-1783609250455,/home/max/Documents/PhD/MAPF/LNS/MAPF_LNS_SAT/mapf-map/room-32-32-4.map,/home/max/Documents/PhD/MAPF/LNS/MAPF_LNS_SAT/mapf-scen-even/scen-even/room-32-32-4-even-8.scen,10,12,42,1,53,21.128000,860,261,0.000000,0.498000,1.715000,1.376000,0.266251
_home_max_Documents_PhD_MAPF_LNS_MAPF_LNS_SAT_mapf-map_room-32-32-4_map-_home_max_Documents_PhD_MAPF_LNS_MAPF_LNS_SAT_mapf-scen-even_scen-even_room-32-32-4-even-1_scen-agents20-idx0-seed42-1783609250509,/home/max/Documents/PhD/MAPF/LNS/MAPF_LNS_SAT/mapf-map/room-32-32-4.map,/home/max/Documents/PhD/MAPF/LNS/MAPF_LNS_SAT/mapf-scen-even/scen-even/room-32-32-4-even-1.scen,20,0,42,1,50,59.854000,24076,5033,0.001000,7.701000,15.195000,13.667000,1.299010
_home_max_Documents_PhD_MAPF_LNS_MAPF_LNS_SAT_mapf-map_room-32-32-4_map-_home_max_Documents_PhD_MAPF_LNS_MAPF_LNS_SAT_mapf-scen-even_scen-even_room-32-32-4-even-1_scen-agents20-idx1-seed42-1783609250611,/home/max/Documents/PhD/MAPF/LNS/MAPF_LNS_SAT/mapf-map/room-32-32-4.map,/home/max/Documents/PhD/MAPF/LNS/MAPF_LNS_SAT/mapf-scen-even/scen-even/room-32-32-4-even-1.scen,20,1,42,1,51,28.050000,960,339,0.000000,0.308000,0.949000,0.691000,0.085116
_home_max_Documents_PhD_MAPF_LNS_MAPF_LNS_SAT_mapf-map_room-32-32-4_map-_home_max_Documents_PhD_MAPF_LNS_MAPF_LNS_SAT_mapf-scen-even_scen-even_room-32-32-4-even-1_scen-agents20-idx2-seed42-1783609250660,/home/max/Documents/PhD/MAPF/LNS/MAPF_LNS_SAT/mapf-map/room-32-32-4.map,/home/max/Documents/PhD/MAPF/LNS/MAPF_LNS_SAT/mapf-scen-even/scen-even/room-32-32-4-even-1.scen,20,2,42,1,54,450.450000,329349,30212,0.010000,146.751000,228.695000,223.395000,7.899265
_home_max_Documents_PhD_MAPF_LNS_MAPF_LNS_SAT_mapf-map_room-32-32-4_map-_home_max_Documents_PhD_MAPF_LNS_MAPF_LNS_SAT_mapf-scen-even_scen-even_room-32-32-4-even-1_scen-agents20-idx3-seed42-1783609251162,/home/max/Documents/PhD/MAPF/LNS/MAPF_LNS_SAT/mapf-map/room-32-32-4.map,/home/max/Documents/PhD/MAPF/LNS/MAPF_LNS_SAT/mapf-scen-even/scen-even/room-32-32-4-even-1.scen,20,3,42,1,54,31.198000,4584,1252,0.000000,1.470000,2.806000,2.448000,0.233487
_home_max_Documents_PhD_MAPF_LNS_MAPF_LNS_SAT_mapf-map_room-32-32-4_map-_home_max_Documents_PhD_MAPF_LNS_MAPF_LNS_SAT_mapf-scen-even_scen-even_room-32-32-4-even-1_scen-agents20-idx4-seed42-1783609251210,/home/max/Documents/PhD/MAPF/LNS/MAPF_LNS_SAT/mapf-map/room-32-32-4.map,/home/max/Documents/PhD/MAPF/LNS/MAPF_LNS_SAT/mapf-scen-even/scen-even/room-32-32-4-even-1.scen,20,4,42,1,55,51.767000,30533,3521,0.000000,8.679000,14.066000,13.182000,0.927922
_home_max_Documents_PhD_MAPF_LNS_MAPF_LNS_SAT_mapf-map_room-32-32-4_map-_home_max_Documents_PhD_MAPF_LNS_MAPF_LNS_SAT_mapf-scen-even_scen-even_room-32-32-4-even-1_scen-agents20-idx5-seed42-1783609251311,/home/max/Documents/PhD/MAPF/LNS/MAPF_LNS_SAT/mapf-map/room-32-32-4.map,/home/max/Documents/PhD/MAPF/LNS/MAPF_LNS_SAT/mapf-scen-even/scen-even/room-32-32-4-even-1.scen,20,5,42,1,53,29464.699000,11634356,291285,0.055000,14171.287000,14474.983000,14378.838000,164.822283
_home_max_Documents_PhD_MAPF_LNS_MAPF_LNS_SAT_mapf-map_room-32-32-4_map-_home_max_Documents_PhD_MAPF_LNS_MAPF_LNS_SAT_mapf-scen-even_scen-even_room-32-32-4-even-2_scen-agents20-idx0-seed42-1783609280828,/home/max/Documents/PhD/MAPF/LNS/MAPF_LNS_SAT/mapf-map/room-32-32-4.map,/home/max/Documents/PhD/MAPF/LNS/MAPF_LNS_SAT/mapf-scen-even/scen-even/room-32-32-4-even-2.scen,20,0,42,1,51,44207.521000,15177388,238021,0.023000,23398.372000,20014.474000,19263.511000,216.053767
_home_max_Documents_PhD_MAPF_LNS_MAPF_LNS_SAT_mapf-map_room-32-32-4_map-_home_max_Documents_PhD_MAPF_LNS_MAPF_LNS_SAT_mapf-scen-even_scen-even_room-32-32-4-even-2_scen-agents20-idx1-seed42-1783609325077,/home/max/Documents/PhD/MAPF/LNS/MAPF_LNS_SAT/mapf-map/room-32-32-4.map,/home/max/Documents/PhD/MAPF/LNS/MAPF_LNS_SAT/mapf-scen-even/scen-even/room-32-32-4-even-2.scen,20,1,42,1,54,689.033000,580207,24132,0.004000,210.637000,401.532000,396.295000,10.736650
_home_max_Documents_PhD_MAPF_LNS_MAPF_LNS_SAT_mapf-map_room-32-32-4_map-_home_max_Documents_PhD_MAPF_LNS_MAPF_LNS_SAT_mapf-scen-even_scen-even_room-32-32-4-even-2_scen-agents20-idx2-seed42-1783609325779,/home/max/Documents/PhD/MAPF/LNS/MAPF_LNS_SAT/mapf-map/room-32-32-4.map,/home/max/Documents/PhD/MAPF/LNS/MAPF_LNS_SAT/mapf-scen-even/scen-even/room-32-32-4-even-2.scen,20,2,42,1,53,24.169000,2566,874,0.000000,0.893000,2.400000,1.962000,0.207680
_home_max_Documents_PhD_MAPF_LNS_MAPF_LNS_SAT_mapf-map_room-32-32-4_map-_home_max_Documents_PhD_MAPF_LNS_MAPF_LNS_SAT_mapf-scen-even_scen-even_room-32-32-4-even-2_scen-agents20-idx3-seed42-1783609325832,/home/max/Documents/PhD/MAPF/LNS/MAPF_LNS_SAT/mapf-map/room-32-32-4.map,/home/max/Documents/PhD/MAPF/LNS/MAPF_LNS_SAT/mapf-scen-even/scen-even/room-32-32-4-even-2.scen,20,3,42,1,55,31.749000,1900,607,0.000000,0.723000,2.071000,1.611000,0.167426
_home_max_Documents_PhD_MAPF_LNS_MAPF_LNS_SAT_mapf-map_room-32-32-4_map-_home_max_Documents_PhD_MAPF_LNS_MAPF_LNS_SAT_mapf-scen-even_scen-even_room-32-32-4-even-2_scen-agents20-idx4-seed42-1783609325880,/home/max/Documents/PhD/MAPF/LNS/MAPF_LNS_SAT/mapf-map/room-32-32-4.map,/home/max/Documents/PhD/MAPF/LNS/MAPF_LNS_SAT/mapf-scen-even/scen-even/room-32-32-4-even-2.scen,20,4,42,1,54,66.343000,31257,5216,0.000000,10.073000,18.577000,17.449000,1.278848
_home_max_Documents_PhD_MAPF_LNS_MAPF_LNS_SAT_mapf-map_room-32-32-4_map-_home_max_Documents_PhD_MAPF_LNS_MAPF_LNS_SAT_mapf-scen-even_scen-even_room-32-32-4-even-2_scen-agents20-idx5-seed42-1783609325981,/home/max/Documents/PhD/MAPF/LNS/MAPF_LNS_SAT/mapf-map/room-32-32-4.map,/home/max/Documents/PhD/MAPF/LNS/MAPF_LNS_SAT/mapf-scen-even/scen-even/room-32-32-4-even-2.scen,20,5,42,1,56,212.536000,161513,12401,0.005000,61.685000,102.976000,99.792000,4.575447
_home_max_Documents_PhD_MAPF_LNS_MAPF_LNS_SAT_mapf-map_room-32-32-4_map-_home_max_Documents_PhD_MAPF_LNS_MAPF_LNS_SAT_mapf-scen-even_scen-even_room-32-32-4-even-3_scen-agents20-idx0-seed42-1783609326234,/home/max/Documents/PhD/MAPF/LNS/MAPF_LNS_SAT/mapf-map/room-32-32-4.map,/home/max/Documents/PhD/MAPF/LNS/MAPF_LNS_SAT/mapf-scen-even/scen-even/room-32-32-4-even-3.scen,20,0,42,1,53,117435.920000,32539779,494488,0.039000,66263.164000,48242.531000,46117.565000,273.104947
_home_max_Documents_PhD_MAPF_LNS_MAPF_LNS_SAT_mapf-map_room-32-32-4_map-_home_max_Documents_PhD_MAPF_LNS_MAPF_LNS_SAT_mapf-scen-even_scen-even_room-32-32-4-even-3_scen-agents20-idx1-seed42-1783609443717,/home/max/Documents/PhD/MAPF/LNS/MAPF_LNS_SAT/mapf-map/room-32-32-4.map,/home/max/Documents/PhD/MAPF/LNS/MAPF_LNS_SAT/mapf-scen-even/scen-even/room-32-32-4-even-3.scen,20,1,42,1,54,153.457000,98814,17821,0.008000,42.219000,56.252000,49.706000,8.910483
_home_max_Documents_PhD_MAPF_LNS_MAPF_LNS_SAT_mapf-map_room-32-32-4_map-_home_max_Documents_PhD_MAPF_LNS_MAPF_LNS_SAT_mapf-scen-even_scen-even_room-32-32-4-even-3_scen-agents20-idx2-seed42-1783609443921,/home/max/Documents/PhD/MAPF/LNS/MAPF_LNS_SAT/mapf-map/room-32-32-4.map,/home/max/Documents/PhD/MAPF/LNS/MAPF_LNS_SAT/mapf-scen-even/scen-even/room-32-32-4-even-3.scen,20,2,42,1,54,51.960000,18919,4136,0.000000,6.011000,10.710000,9.514000,1.151914
_home_max_Documents_PhD_MAPF_LNS_MAPF_LNS_SAT_mapf-map_room-32-32-4_map-_home_max_Documents_PhD_MAPF_LNS_MAPF_LNS_SAT_mapf-scen-even_scen-even_room-32-32-4-even-3_scen-agents20-idx3-seed42-1783609444021,/home/max/Documents/PhD/MAPF/LNS/MAPF_LNS_SAT/mapf-map/room-32-32-4.map,/home/max/Documents/PhD/MAPF/LNS/MAPF_LNS_SAT/mapf-scen-even/scen-even/room-32-32-4-even-3.scen,20,3,42,1,59,42.383000,14019,2659,0.000000,4.162000,6.961000,6.494000,0.478120
_home_max_Documents_PhD_MAPF_LNS_MAPF_LNS_SAT_mapf-map_room-32-32-4_map-_home_max_Documents_PhD_MAPF_LNS_MAPF_LNS_SAT_mapf-scen-even_scen-even_room-32-32-4-even-3_scen-agents20-idx4-seed42-1783609444069,/home/max/Documents/PhD/MAPF/LNS/MAPF_LNS_SAT/mapf-map/room-32-32-4.map,/home/max/Documents/PhD/MAPF/LNS/MAPF_LNS_SAT/mapf-scen-even/scen-even/room-32-32-4-even-3.scen,20,4,42,1,54,44.417000,15663,2599,0.000000,5.557000,10.813000,9.959000,0.776340
_home_max_Documents_PhD_MAPF_LNS_MAPF_LNS_SAT_mapf-map_room-32-32-4_map-_home_max_Documents_PhD_MAPF_LNS_MAPF_LNS_SAT_mapf-scen-even_scen-even_room-32-32-4-even-3_scen-agents20-idx5-seed42-1783609444120,/home/max/Documents/PhD/MAPF/LNS/MAPF_LNS_SAT/mapf-map/room-32-32-4.map,/home/max/Documents/PhD/MAPF/LNS/MAPF_LNS_SAT/mapf-scen-even/scen-even/room-32-32-4-even-3.scen,20,5,42,1,57,86.598000,53043,7305,0.001000,15.439000,33.024000,31.305000,1.912503
_home_max_Documents_PhD_MAPF_LNS_MAPF_LNS_SAT_mapf-map_room-32-32-4_map-_home_max_Documents_PhD_MAPF_LNS_MAPF_LNS_SAT_mapf-scen-even_scen-even_room-32-32-4-even-4_scen-agents20-idx0-seed42-1783609444220,/home/max/Documents/PhD/MAPF/LNS/MAPF_LNS_SAT/mapf-map/room-32-32-4.map,/home/max/Documents/PhD/MAPF/LNS/MAPF_LNS_SAT/mapf-scen-even/scen-even/room-32-32-4-even-4.scen,20,0,42,1,51,41.264000,20432,1932,0.000000,6.664000,11.794000,11.395000,0.277268
_home_max_Documents_PhD_MAPF_LNS_MAPF_LNS_SAT_mapf-map_room-32-32-4_map-_home_max_Documents_PhD_MAPF_LNS_MAPF_LNS_SAT_mapf-scen-even_scen-even_room-32-32-4-even-4_scen-agents20-idx1-seed42-1783609444270,/home/max/Documents/PhD/MAPF/LNS/MAPF_LNS_SAT/mapf-map/room-32-32-4.map,/home/max/Documents/PhD/MAPF/LNS/MAPF_LNS_SAT/mapf-scen-even/scen-even/room-32-32-4-even-4.scen,20,1,42,1,50,19.524000,1721,605,0.000000,0.552000,1.669000,1.354000,0.167314
_home_max_Documents_PhD_MAPF_LNS_MAPF_LNS_SAT_mapf-map_room-32-32-4_map-_home_max_Documents_PhD_MAPF_LNS_MAPF_LNS_SAT_mapf-scen-even_scen-even_room-32-32-4-even-4_scen-agents20-idx2-seed42-1783609444325,/home/max/Documents/PhD/MAPF/LNS/MAPF_LNS_SAT/mapf-map/room-32-32-4.map,/home/max/Documents/PhD/MAPF/LNS/MAPF_LNS_SAT/mapf-scen-even/scen-even/room-32-32-4-even-4.scen,20,2,42,1,51,39.530000,7554,1815,0.000000,2.345000,5.183000,4.473000,0.487260
_home_max_Documents_PhD_MAPF_LNS_MAPF_LNS_SAT_mapf-map_room-32-32-4_map-_home_max_Documents_PhD_MAPF_LNS_MAPF_LNS_SAT_mapf-scen-even_scen-even_room-32-32-4-even-4_scen-agents20-idx3-seed42-1783609444372,/home/max/Documents/PhD/MAPF/LNS/MAPF_LNS_SAT/mapf-map/room-32-32-4.map,/home/max/Documents/PhD/MAPF/LNS/MAPF_LNS_SAT/mapf-scen-even/scen-even/room-32-32-4-even-4.scen,20,3,42,1,49,22.791000,1584,458,0.000000,0.452000,1.166000,0.957000,0.096438
_home_max_Documents_PhD_MAPF_LNS_MAPF_LNS_SAT_mapf-map_room-32-32-4_map-_home_max_Documents_PhD_MAPF_LNS_MAPF_LNS_SAT_mapf-scen-even_scen-even_room-32-32-4-even-4_scen-agents20-idx4-seed42-1783609444425,/home/max/Documents/PhD/MAPF/LNS/MAPF_LNS_SAT/mapf-map/room-32-32-4.map,/home/max/Documents/PhD/MAPF/LNS/MAPF_LNS_SAT/mapf-scen-even/scen-even/room-32-32-4-even-4.scen,20,4,42,1,49,27.014000,4648,953,0.000000,1.306000,2.619000,2.287000,0.224818
_home_max_Documents_PhD_MAPF_LNS_MAPF_LNS_SAT_mapf-map_room-32-32-4_map-_home_max_Documents_PhD_MAPF_LNS_MAPF_LNS_SAT_mapf-scen-even_scen-even_room-32-32-4-even-4_scen-agents20-idx5-seed42-1783609444475,/home/max/Documents/PhD/MAPF/LNS/MAPF_LNS_SAT/mapf-map/room-32-32-4.map,/home/max/Documents/PhD/MAPF/LNS/MAPF_LNS_SAT/mapf-scen-even/scen-even/room-32-32-4-even-4.scen,20,5,42,1,48,29.652000,5857,1734,0.000000,1.855000,4.069000,3.488000,0.332077
_home_max_Documents_PhD_MAPF_LNS_MAPF_LNS_SAT_mapf-map_room-32-32-4_map-_home_max_Documents_PhD_MAPF_LNS_MAPF_LNS_SAT_mapf-scen-even_scen-even_room-32-32-4-even-5_scen-agents20-idx0-seed42-1783609444526,/home/max/Documents/PhD/MAPF/LNS/MAPF_LNS_SAT/mapf-map/room-32-32-4.map,/home/max/Documents/PhD/MAPF/LNS/MAPF_LNS_SAT/mapf-scen-even/scen-even/room-32-32-4-even-5.scen,20,0,42,1,52,45.706000,9855,2272,0.000000,3.155000,7.972000,7.215000,0.550169
_home_max_Documents_PhD_MAPF_LNS_MAPF_LNS_SAT_mapf-map_room-32-32-4_map-_home_max_Documents_PhD_MAPF_LNS_MAPF_LNS_SAT_mapf-scen-even_scen-even_room-32-32-4-even-5_scen-agents20-idx1-seed42-1783609444575,/home/max/Documents/PhD/MAPF/LNS/MAPF_LNS_SAT/mapf-map/room-32-32-4.map,/home/max/Documents/PhD/MAPF/LNS/MAPF_LNS_SAT/mapf-scen-even/scen-even/room-32-32-4-even-5.scen,20,1,42,1,51,38.190000,7214,1924,0.000000,2.531000,5.449000,4.699000,0.434947
_home_max_Documents_PhD_MAPF_LNS_MAPF_LNS_SAT_mapf-map_room-32-32-4_map-_home_max_Documents_PhD_MAPF_LNS_MAPF_LNS_SAT_mapf-scen-even_scen-even_room-32-32-4-even-5_scen-agents20-idx2-seed42-1783609444625,/home/max/Documents/PhD/MAPF/LNS/MAPF_LNS_SAT/mapf-map/room-32-32-4.map,/home/max/Documents/PhD/MAPF/LNS/MAPF_LNS_SAT/mapf-scen-even/scen-even/room-32-32-4-even-5.scen,20,2,42,1,52,52.578000,10144,1870,0.002000,5.151000,10.388000,9.460000,1.000519
_home_max_Documents_PhD_MAPF_LNS_MAPF_LNS_SAT_mapf-map_room-32-32-4_map-_home_max_Documents_PhD_MAPF_LNS_MAPF_LNS_SAT_mapf-scen-even_scen-even_room-32-32-4-even-5_scen-agents20-idx3-seed42-1783609444726,/home/max/Documents/PhD/MAPF/LNS/MAPF_LNS_SAT/mapf-map/room-32-32-4.map,/home/max/Documents/PhD/MAPF/LNS/MAPF_LNS_SAT/mapf-scen-even/scen-even/room-32-32-4-even-5.scen,20,3,42,1,47,38.245000,10010,2171,0.000000,3.016000,7.283000,6.322000,1.038134
_home_max_Documents_PhD_MAPF_LNS_MAPF_LNS_SAT_mapf-map_room-32-32-4_map-_home_max_Documents_PhD_MAPF_LNS_MAPF_LNS_SAT_mapf-scen-even_scen-even_room-32-32-4-even-5_scen-agents20-idx4-seed42-1783609444776,/home/max/Documents/PhD/MAPF/LNS/MAPF_LNS_SAT/mapf-map/room-32-32-4.map,/home/max/Documents/PhD/MAPF/LNS/MAPF_LNS_SAT/mapf-scen-even/scen-even/room-32-32-4-even-5.scen,20,4,42,1,53,76045.421000,14430129,195056,0.007000,57138.089000,18164.676000,16334.814000,328.351057
_home_max_Documents_PhD_MAPF_LNS_MAPF_LNS_SAT_mapf-map_room-32-32-4_map-_home_max_Documents_PhD_MAPF_LNS_MAPF_LNS_SAT_mapf-scen-even_scen-even_room-32-32-4-even-5_scen-agents20-idx5-seed42-1783609520903,/home/max/Documents/PhD/MAPF/LNS/MAPF_LNS_SAT/mapf-map/room-32-32-4.map,/home/max/Documents/PhD/MAPF/LNS/MAPF_LNS_SAT/mapf-scen-even/scen-even/room-32-32-4-even-5.scen,20,5,42,1,50,34.087000,4607,1212,0.000000,1.416000,3.236000,2.674000,0.338199
_home_max_Documents_PhD_MAPF_LNS_MAPF_LNS_SAT_mapf-map_room-32-32-4_map-_home_max_Documents_PhD_MAPF_LNS_MAPF_LNS_SAT_mapf-scen-even_scen-even_room-32-32-4-even-6_scen-agents20-idx0-seed42-1783609520951,/home/max/Documents/PhD/MAPF/LNS/MAPF_LNS_SAT/mapf-map/room-32-32-4.map,/home/max/Documents/PhD/MAPF/LNS/MAPF_LNS_SAT/mapf-scen-even/scen-even/room-32-32-4-even-6.scen,20,0,42,1,52,187.434000,145075,10038,0.001000,57.776000,92.430000,90.746000,2.852557
_home_max_Documents_PhD_MAPF_LNS_MAPF_LNS_SAT_mapf-map_room-32-32-4_map-_home_max_Documents_PhD_MAPF_LNS_MAPF_LNS_SAT_mapf-scen-even_scen-even_room-32-32-4-even-6_scen-agents20-idx1-seed42-1783609521152,/home/max/Documents/PhD/MAPF/LNS/MAPF_LNS_SAT/mapf-map/room-32-32-4.map,/home/max/Documents/PhD/MAPF/LNS/MAPF_LNS_SAT/mapf-scen-even/scen-even/room-32-32-4-even-6.scen,20,1,42,1,50,23.720000,5271,1191,0.000000,1.600000,2.993000,2.702000,0.245101
_home_max_Documents_PhD_MAPF_LNS_MAPF_LNS_SAT_mapf-map_room-32-32-4_map-_home_max_Documents_PhD_MAPF_LNS_MAPF_LNS_SAT_mapf-scen-even_scen-even_room-32-32-4-even-6_scen-agents20-idx2-seed42-1783609521205,/home/max/Documents/PhD/MAPF/LNS/MAPF_LNS_SAT/mapf-map/room-32-32-4.map,/home/max/Documents/PhD/MAPF/LNS/MAPF_LNS_SAT/mapf-scen-even/scen-even/room-32-32-4-even-6.scen,20,2,42,1,48,32.633000,4778,1257,0.006000,1.520000,3.633000,3.022000,0.298321
_home_max_Documents_PhD_MAPF_LNS_MAPF_LNS_SAT_mapf-map_room-32-32-4_map-_home_max_Documents_PhD_MAPF_LNS_MAPF_LNS_SAT_mapf-scen-even_scen-even_room-32-32-4-even-6_scen-agents20-idx3-seed42-1783609521254,/home/max/Documents/PhD/MAPF/LNS/MAPF_LNS_SAT/mapf-map/room-32-32-4.map,/home/max/Documents/PhD/MAPF/LNS/MAPF_LNS_SAT/mapf-scen-even/scen-even/room-32-32-4-even-6.scen,20,3,42,1,49,56.001000,15911,3907,0.000000,5.352000,12.915000,11.824000,0.568767
_home_max_Documents_PhD_MAPF_LNS_MAPF_LNS_SAT_mapf-map_room-32-32-4_map-_home_max_Documents_PhD_MAPF_LNS_MAPF_LNS_SAT_mapf-scen-even_scen-even_room-32-32-4-even-6_scen-agents20-idx4-seed42-1783609521356,/home/max/Documents/PhD/MAPF/LNS/MAPF_LNS_SAT/mapf-map/room-32-32-4.map,/home/max/Documents/PhD/MAPF/LNS/MAPF_LNS_SAT/mapf-scen-even/scen-even/room-32-32-4-even-6.scen,20,4,42,1,52,27.617000,1093,383,0.000000,0.337000,0.943000,0.748000,0.082775
_home_max_Documents_PhD_MAPF_LNS_MAPF_LNS_SAT_mapf-map_room-32-32-4_map-_home_max_Documents_PhD_MAPF_LNS_MAPF_LNS_SAT_mapf-scen-even_scen-even_room-32-32-4-even-6_scen-agents20-idx5-seed42-1783609521406,/home/max/Documents/PhD/MAPF/LNS/MAPF_LNS_SAT/mapf-map/room-32-32-4.map,/home/max/Documents/PhD/MAPF/LNS/MAPF_LNS_SAT/mapf-scen-even/scen-even/room-32-32-4-even-6.scen,20,5,42,1,52,31.831000,5279,1597,0.000000,1.714000,3.903000,3.329000,0.319994
_home_max_Documents_PhD_MAPF_LNS_MAPF_LNS_SAT_mapf-map_room-32-32-4_map-_home_max_Documents_PhD_MAPF_LNS_MAPF_LNS_SAT_mapf-scen-even_scen-even_room-32-32-4-even-7_scen-agents20-idx0-seed42-1783609521455,/home/max/Documents/PhD/MAPF/LNS/MAPF_LNS_SAT/mapf-map/room-32-32-4.map,/home/max/Documents/PhD/MAPF/LNS/MAPF_LNS_SAT/mapf-scen-even/scen-even/room-32-32-4-even-7.scen,20,0,42,1,39,41.987000,14813,2232,0.000000,4.690000,9.169000,8.542000,0.822281
_home_max_Documents_PhD_MAPF_LNS_MAPF_LNS_SAT_mapf-map_room-32-32-4_map-_home_max_Documents_PhD_MAPF_LNS_MAPF_LNS_SAT_mapf-scen-even_scen-even_room-32-32-4-even-7_scen-agents20-idx1-seed42-1783609521505,/home/max/Documents/PhD/MAPF/LNS/MAPF_LNS_SAT/mapf-map/room-32-32-4.map,/home/max/Documents/PhD/MAPF/LNS/MAPF_LNS_SAT/mapf-scen-even/scen-even/room-32-32-4-even-7.scen,20,1,42,1,49,37331.514000,11642838,209919,0.032000,23102.395000,13582.397000,12900.239000,148.390109
_home_max_Documents_PhD_MAPF_LNS_MAPF_LNS_SAT_mapf-map_room-32-32-4_map-_home_max_Documents_PhD_MAPF_LNS_MAPF_LNS_SAT_mapf-scen-even_scen-even_room-32-32-4-even-7_scen-agents20-idx2-seed42-1783609558907,/home/max/Documents/PhD/MAPF/LNS/MAPF_LNS_SAT/mapf-map/room-32-32-4.map,/home/max/Documents/PhD/MAPF/LNS/MAPF_LNS_SAT/mapf-scen-even/scen-even/room-32-32-4-even-7.scen,20,2,42,1,50,13713.813000,4012603,71266,0.004000,8824.059000,4657.409000,4595.449000,49.777621
_home_max_Documents_PhD_MAPF_LNS_MAPF_LNS_SAT_mapf-map_room-32-32-4_map-_home_max_Documents_PhD_MAPF_LNS_MAPF_LNS_SAT_mapf-scen-even_scen-even_room-32-32-4-even-7_scen-agents20-idx3-seed42-1783609572689,/home/max/Documents/PhD/MAPF/LNS/MAPF_LNS_SAT/mapf-map/room-32-32-4.map,/home/max/Documents/PhD/MAPF/LNS/MAPF_LNS_SAT/mapf-scen-even/scen-even/room-32-32-4-even-7.scen,20,3,42,1,51,27.366000,4501,1227,0.000000,1.450000,3.245000,2.645000,0.361829
_home_max_Documents_PhD_MAPF_LNS_MAPF_LNS_SAT_mapf-map_room-32-32-4_map-_home_max_Documents_PhD_MAPF_LNS_MAPF_LNS_SAT_mapf-scen-even_scen-even_room-32-32-4-even-7_scen-agents20-idx4-seed42-1783609572740,/home/max/Documents/PhD/MAPF/LNS/MAPF_LNS_SAT/mapf-map/room-32-32-4.map,/home/max/Documents/PhD/MAPF/LNS/MAPF_LNS_SAT/mapf-scen-even/scen-even/room-32-32-4-even-7.scen,20,4,42,1,45,35.359000,6365,1398,0.000000,1.865000,4.083000,3.629000,0.297813
_home_max_Documents_PhD_MAPF_LNS_MAPF_LNS_SAT_mapf-map_room-64-64-16_map-_home_max_Documents_PhD_MAPF_LNS_MAPF_LNS_SAT_mapf-scen-even_scen-even_room-64-64-16-even-1_scen-agents10-idx0-seed42-1783611048034,/home/max/Documents/PhD/MAPF/LNS/MAPF_LNS_SAT/mapf-map/room-64-64-16.map,/home/max/Documents/PhD/MAPF/LNS/MAPF_LNS_SAT/mapf-scen-even/scen-even/room-64-64-16-even-1.scen,10,0,42,1,186,63.432000,1098,312,0.000000,0.357000,0.915000,0.741000,0.084497
_home_max_Documents_PhD_MAPF_LNS_MAPF_LNS_SAT_mapf-map_room-64-64-16_map-_home_max_Documents_PhD_MAPF_LNS_MAPF_LNS_SAT_mapf-scen-even_scen-even_room-64-64-16-even-1_scen-agents10-idx1-seed42-1783611048138,/home/max/Documents/PhD/MAPF/LNS/MAPF_LNS_SAT/mapf-map/room-64-64-16.map,/home/max/Documents/PhD/MAPF/LNS/MAPF_LNS_SAT/mapf-scen-even/scen-even/room-64-64-16-even-1.scen,10,1,42,1,189,56.756000,234,107,0.000000,0.106000,0.283000,0.206000,0.030167
_home_max_Documents_PhD_MAPF_LNS_MAPF_LNS_SAT_mapf-map_room-64-64-16_map-_home_max_Documents_PhD_MAPF_LNS_MAPF_LNS_SAT_mapf-scen-even_scen-even_room-64-64-16-even-1_scen-agents10-idx2-seed42-1783611048237,/home/max/Documents/PhD/MAPF/LNS/MAPF_LNS_SAT/mapf-map/room-64-64-16.map,/home/max/Documents/PhD/MAPF/LNS/MAPF_LNS_SAT/mapf-scen-even/scen-even/room-64-64-16-even-1.scen,10,2,42,1,164,57.344000,865,275,0.000000,0.336000,0.579000,0.500000,0.052460
_home_max_Documents_PhD_MAPF_LNS_MAPF_LNS_SAT_mapf-map_room-64-64-16_map-_home_max_Documents_PhD_MAPF_LNS_MAPF_LNS_SAT_mapf-scen-even_scen-even_room-64-64-16-even-1_scen-agents10-idx3-seed42-1783611048340,/home/max/Documents/PhD/MAPF/LNS/MAPF_LNS_SAT/mapf-map/room-64-64-16.map,/home/max/Documents/PhD/MAPF/LNS/MAPF_LNS_SAT/mapf-scen-even/scen-even/room-64-64-16-even-1.scen,10,3,42,1,181,59.968000,240,95,0.000000,0.117000,0.232000,0.178000,0.022957
_home_max_Documents_PhD_MAPF_LNS_MAPF_LNS_SAT_mapf-map_room-64-64-16_map-_home_max_Documents_PhD_MAPF_LNS_MAPF_LNS_SAT_mapf-scen-even_scen-even_room-64-64-16-even-1_scen-agents10-idx4-seed42-1783611048441,/home/max/Documents/PhD/MAPF/LNS/MAPF_LNS_SAT/mapf-map/room-64-64-16.map,/home/max/Documents/PhD/MAPF/LNS/MAPF_LNS_SAT/mapf-scen-even/scen-even/room-64-64-16-even-1.scen,10,4,42,1,189,56.377000,880,194,0.000000,0.243000,0.550000,0.472000,0.036962
_home_max_Documents_PhD_MAPF_LNS_MAPF_LNS_SAT_mapf-map_room-64-64-16_map-_home_max_Documents_PhD_MAPF_LNS_MAPF_LNS_SAT_mapf-scen-even_scen-even_room-64-64-16-even-1_scen-agents10-idx5-seed42-1783611048542,/home/max/Documents/PhD/MAPF/LNS/MAPF_LNS_SAT/mapf-map/room-64-64-16.map,/home/max/Documents/PhD/MAPF/LNS/MAPF_LNS_SAT/mapf-scen-even/scen-even/room-64-64-16-even-1.scen,10,5,42,1,168,62.913000,907,188,0.000000,0.287000,0.551000,0.478000,0.048440
_home_max_Documents_PhD_MAPF_LNS_MAPF_LNS_SAT_mapf-map_room-64-64-16_map-_home_max_Documents_PhD_MAPF_LNS_MAPF_LNS_SAT_mapf-scen-even_scen-even_room-64-64-16-even-1_scen-agents10-idx6-seed42-1783611048644,/home/max/Documents/PhD/MAPF/LNS/MAPF_LNS_SAT/mapf-map/room-64-64-16.map,/home/max/Documents/PhD/MAPF/LNS/MAPF_LNS_SAT/mapf-scen-even/scen-even/room-64-64-16-even-1.scen,10,6,42,1,154,58.454000,397,142,0.000000,0.157000,0.376000,0.299000,0.040281
_home_max_Documents_PhD_MAPF_LNS_MAPF_LNS_SAT_mapf-map_room-64-64-16_map-_home_max_Documents_PhD_MAPF_LNS_MAPF_LNS_SAT_mapf-scen-even_scen-even_room-64-64-16-even-1_scen-agents10-idx7-seed42-1783611048743,/home/max/Documents/PhD/MAPF/LNS/MAPF_LNS_SAT/mapf-map/room-64-64-16.map,/home/max/Documents/PhD/MAPF/LNS/MAPF_LNS_SAT/mapf-scen-even/scen-even/room-64-64-16-even-1.scen,10,7,42,1,168,59.759000,356,124,0.000000,0.125000,0.336000,0.267000,0.037643
_home_max_Documents_PhD_MAPF_LNS_MAPF_LNS_SAT_mapf-map_room-64-64-16_map-_home_max_Documents_PhD_MAPF_LNS_MAPF_LNS_SAT_mapf-scen-even_scen-even_room-64-64-16-even-1_scen-agents10-idx8-seed42-1783611048843,/home/max/Documents/PhD/MAPF/LNS/MAPF_LNS_SAT/mapf-map/room-64-64-16.map,/home/max/Documents/PhD/MAPF/LNS/MAPF_LNS_SAT/mapf-scen-even/scen-even/room-64-64-16-even-1.scen,10,8,42,1,184,60.407000,2652,620,0.000000,0.760000,1.614000,1.422000,0.134431
_home_max_Documents_PhD_MAPF_LNS_MAPF_LNS_SAT_mapf-map_room-64-64-16_map-_home_max_Documents_PhD_MAPF_LNS_MAPF_LNS_SAT_mapf-scen-even_scen-even_room-64-64-16-even-1_scen-agents10-idx9-seed42-1783611048945,/home/max/Documents/PhD/MAPF/LNS/MAPF_LNS_SAT/mapf-map/room-64-64-16.map,/home/max/Documents/PhD/MAPF/LNS/MAPF_LNS_SAT/mapf-scen-even/scen-even/room-64-64-16-even-1.scen,10,9,42,1,172,65.461000,2626,517,0.000000,0.809000,1.430000,1.285000,0.088655
_home_max_Documents_PhD_MAPF_LNS_MAPF_LNS_SAT_mapf-map_room-64-64-16_map-_home_max_Documents_PhD_MAPF_LNS_MAPF_LNS_SAT_mapf-scen-even_scen-even_room-64-64-16-even-1_scen-agents10-idx10-seed42-1783611049044,/home/max/Documents/PhD/MAPF/LNS/MAPF_LNS_SAT/mapf-map/room-64-64-16.map,/home/max/Documents/PhD/MAPF/LNS/MAPF_LNS_SAT/mapf-scen-even/scen-even/room-64-64-16-even-1.scen,10,10,42,1,162,54.522000,229,64,0.000000,0.081000,0.252000,0.190000,0.031212
_home_max_Documents_PhD_MAPF_LNS_MAPF_LNS_SAT_mapf-map_room-64-64-16_map-_home_max_Documents_PhD_MAPF_LNS_MAPF_LNS_SAT_mapf-scen-even_scen-even_room-64-64-16-even-1_scen-agents10-idx11-seed42-1783611049143,/home/max/Documents/PhD/MAPF/LNS/MAPF_LNS_SAT/mapf-map/room-64-64-16.map,/home/max/Documents/PhD/MAPF/LNS/MAPF_LNS_SAT/mapf-scen-even/scen-even/room-64-64-16-even-1.scen,10,11,42,1,182,67.511000,3423,742,0.000000,1.049000,1.943000,1.725000,0.148889
_home_max_Documents_PhD_MAPF_LNS_MAPF_LNS_SAT_mapf-map_room-64-64-16_map-_home_max_Documents_PhD_MAPF_LNS_MAPF_LNS_SAT_mapf-scen-even_scen-even_room-64-64-16-even-1_scen-agents10-idx12-seed42-1783611049246,/home/max/Documents/PhD/MAPF/LNS/MAPF_LNS_SAT/mapf-map/room-64-64-16.map,/home/max/Documents/PhD/MAPF/LNS/MAPF_LNS_SAT/mapf-scen-even/scen-even/room-64-64-16-even-1.scen,10,12,42,1,171,56.547000,519,244,0.000000,0.265000,0.411000,0.320000,0.034182
_home_max_Documents_PhD_MAPF_LNS_MAPF_LNS_SAT_mapf-map_room-64-64-16_map-_home_max_Documents_PhD_MAPF_LNS_MAPF_LNS_SAT_mapf-scen-even_scen-even_room-64-64-16-even-1_scen-agents10-idx13-seed42-1783611049347,/home/max/Documents/PhD/MAPF/LNS/MAPF_LNS_SAT/mapf-map/room-64-64-16.map,/home/max/Documents/PhD/MAPF/LNS/MAPF_LNS_SAT/mapf-scen-even/scen-even/room-64-64-16-even-1.scen,10,13,42,1,172,64.976000,2286,488,0.000000,0.711000,1.281000,1.135000,0.085727
_home_max_Documents_PhD_MAPF_LNS_MAPF_LNS_SAT_mapf-map_room-64-64-16_map-_home_max_Documents_PhD_MAPF_LNS_MAPF_LNS_SAT_mapf-scen-even_scen-even_room-64-64-16-even-1_scen-agents10-idx14-seed42-1783611049448,/home/max/Documents/PhD/MAPF/LNS/MAPF_LNS_SAT/mapf-map/room-64-64-16.map,/home/max/Documents/PhD/MAPF/LNS/MAPF_LNS_SAT/mapf-scen-even/scen-even/room-64-64-16-even-1.scen,10,14,42,1,181,56.463000,363,106,0.000000,0.134000,0.298000,0.245000,0.029392
_home_max_Documents_PhD_MAPF_LNS_MAPF_LNS_SAT_mapf-map_room-64-64-16_map-_home_max_Documents_PhD_MAPF_LNS_MAPF_LNS_SAT_mapf-scen-even_scen-even_room-64-64-16-even-1_scen-agents10-idx15-seed42-1783611049549,/home/max/Documents/PhD/MAPF/LNS/MAPF_LNS_SAT/mapf-map/room-64-64-16.map,/home/max/Documents/PhD/MAPF/LNS/MAPF_LNS_SAT/mapf-scen-even/scen-even/room-64-64-16-even-1.scen,10,15,42,1,177,65.339000,222,75,0.000000,0.100000,0.235000,0.183000,0.026587
_home_max_Documents_PhD_MAPF_LNS_MAPF_LNS_SAT_mapf-map_room-64-64-16_map-_home_max_Documents_PhD_MAPF_LNS_MAPF_LNS_SAT_mapf-scen-even_scen-even_room-64-64-16-even-1_scen-agents10-idx16-seed42-1783611049647,/home/max/Documents/PhD/MAPF/LNS/MAPF_LNS_SAT/mapf-map/room-64-64-16.map,/home/max/Documents/PhD/MAPF/LNS/MAPF_LNS_SAT/mapf-scen-even/scen-even/room-64-64-16-even-1.scen,10,16,42,1,185,63.754000,1780,451,0.000000,0.552000,1.189000,1.014000,0.091524
_home_max_Documents_PhD_MAPF_LNS_MAPF_LNS_SAT_mapf-map_room-64-64-16_map-_home_max_Documents_PhD_MAPF_LNS_MAPF_LNS_SAT_mapf-scen-even_scen-even_room-64-64-16-even-1_scen-agents10-idx17-seed42-1783611049751,/home/max/Documents/PhD/MAPF/LNS/MAPF_LNS_SAT/mapf-map/room-64-64-16.map,/home/max/Documents/PhD/MAPF/LNS/MAPF_LNS_SAT/mapf-scen-even/scen-even/room-64-64-16-even-1.scen,10,17,42,1,187,78.423000,6956,1406,0.000000,2.269000,3.642000,3.274000,0.246220
_home_max_Documents_PhD_MAPF_LNS_MAPF_LNS_SAT_mapf-map_room-64-64-16_map-_home_max_Documents_PhD_MAPF_LNS_MAPF_LNS_SAT_mapf-scen-even_scen-even_room-64-64-16-even-1_scen-agents10-idx18-seed42-1783611049847,/home/max/Documents/PhD/MAPF/LNS/MAPF_LNS_SAT/mapf-map/room-64-64-16.map,/home/max/Documents/PhD/MAPF/LNS/MAPF_LNS_SAT/mapf-scen-even/scen-even/room-64-64-16-even-1.scen,10,18,42,1,169,52.547000,357,102,0.000000,0.126000,0.319000,0.257000,0.036968
_home_max_Documents_PhD_MAPF_LNS_MAPF_LNS_SAT_mapf-map_room-64-64-16_map-_home_max_Documents_PhD_MAPF_LNS_MAPF_LNS_SAT_mapf-scen-even_scen-even_room-64-64-16-even-1_scen-agents10-idx19-seed42-1783611049951,/home/max/Documents/PhD/MAPF/LNS/MAPF_LNS_SAT/mapf-map/room-64-64-16.map,/home/max/Documents/PhD/MAPF/LNS/MAPF_LNS_SAT/mapf-scen-even/scen-even/room-64-64-16-even-1.scen,10,19,42,1,166,54.635000,766,227,0.000000,0.289000,0.615000,0.499000,0.060591
_home_max_Documents_PhD_MAPF_LNS_MAPF_LNS_SAT_mapf-map_room-64-64-16_map-_home_max_Documents_PhD_MAPF_LNS_MAPF_LNS_SAT_mapf-scen-even_scen-even_room-64-64-16-even-1_scen-agents10-idx20-seed42-1783611050052,/home/max/Documents/PhD/MAPF/LNS/MAPF_LNS_SAT/mapf-map/room-64-64-16.map,/home/max/Documents/PhD/MAPF/LNS/MAPF_LNS_SAT/mapf-scen-even/scen-even/room-64-64-16-even-1.scen,10,20,42,1,136,58.921000,631,200,0.000000,0.215000,0.511000,0.415000,0.053505
_home_max_Documents_PhD_MAPF_LNS_MAPF_LNS_SAT_mapf-map_room-64-64-16_map-_home_max_Documents_PhD_MAPF_LNS_MAPF_LNS_SAT_mapf-scen-even_scen-even_room-64-64-16-even-1_scen-agents10-idx21-seed42-1783611050153,/home/max/Documents/PhD/MAPF/LNS/MAPF_LNS_SAT/mapf-map/room-64-64-16.map,/home/max/Documents/PhD/MAPF/LNS/MAPF_LNS_SAT/mapf-scen-even/scen-even/room-64-64-16-even-1.scen,10,21,42,1,171,65.758000,4250,1223,0.000000,1.683000,1.946000,1.782000,0.117958
_home_max_Documents_PhD_MAPF_LNS_MAPF_LNS_SAT_mapf-map_room-64-64-16_map-_home_max_Documents_PhD_MAPF_LNS_MAPF_LNS_SAT_mapf-scen-even_scen-even_room-64-64-16-even-1_scen-agents10-idx22-seed42-1783611050253,/home/max/Documents/PhD/MAPF/LNS/MAPF_LNS_SAT/mapf-map/room-64-64-16.map,/home/max/Documents/PhD/MAPF/LNS/MAPF_LNS_SAT/mapf-scen-even/scen-even/room-64-64-16-even-1.scen,10,22,42,1,152,52.502000,162,48,0.000000,0.063000,0.169000,0.135000,0.019994
_home_max_Documents_PhD_MAPF_LNS_MAPF_LNS_SAT_mapf-map_room-64-64-16_map-_home_max_Documents_PhD_MAPF_LNS_MAPF_LNS_SAT_mapf-scen-even_scen-even_room-64-64-16-even-1_scen-agents10-idx23-seed42-1783611050354,/home/max/Documents/PhD/MAPF/LNS/MAPF_LNS_SAT/mapf-map/room-64-64-16.map,/home/max/Documents/PhD/MAPF/LNS/MAPF_LNS_SAT/mapf-scen-even/scen-even/room-64-64-16-even-1.scen,10,23,42,1,167,61.246000,600,221,0.000000,0.205000,0.562000,0.438000,0.054198
_home_max_Documents_PhD_MAPF_LNS_MAPF_LNS_SAT_mapf-map_room-64-64-16_map-_home_max_Documents_PhD_MAPF_LNS_MAPF_LNS_SAT_mapf-scen-even_scen-even_room-64-64-16-even-1_scen-agents10-idx24-seed42-1783611050454,/home/max/Documents/PhD/MAPF/LNS/MAPF_LNS_SAT/mapf-map/room-64-64-16.map,/home/max/Documents/PhD/MAPF/LNS/MAPF_LNS_SAT/mapf-scen-even/scen-even/room-64-64-16-even-1.scen,10,24,42,1,176,57.035000,1339,402,0.000000,0.523000,0.946000,0.794000,0.099981
_home_max_Documents_PhD_MAPF_LNS_MAPF_LNS_SAT_mapf-map_room-64-64-16_map-_home_max_Documents_PhD_MAPF_LNS_MAPF_LNS_SAT_mapf-scen-even_scen-even_room-64-64-16-even-1_scen-agents10-idx25-seed42-1783611050554,/home/max/Documents/PhD/MAPF/LNS/MAPF_LNS_SAT/mapf-map/room-64-64-16.map,/home/max/Documents/PhD/MAPF/LNS/MAPF_LNS_SAT/mapf-scen-even/scen-even/room-64-64-16-even-1.scen,10,25,42,1,183,64.541000,1265,442,0.000000,0.566000,0.973000,0.778000,0.101996
_home_max_Documents_PhD_MAPF_LNS_MAPF_LNS_SAT_mapf-map_room-64-64-16_map-_home_max_Documents_PhD_MAPF_LNS_MAPF_LNS_SAT_mapf-scen-even_scen-even_room-64-64-16-even-1_scen-agents10-idx26-seed42-1783611050656,/home/max/Documents/PhD/MAPF/LNS/MAPF_LNS_SAT/mapf-map/room-64-64-16.map,/home/max/Documents/PhD/MAPF/LNS/MAPF_LNS_SAT/mapf-scen-even/scen-even/room-64-64-16-even-1.scen,10,26,42,1,141,60.390000,90,48,0.000000,0.049000,0.138000,0.099000,0.014775
_home_max_Documents_PhD_MAPF_LNS_MAPF_LNS_SAT_mapf-map_room-64-64-16_map-_home_max_Documents_PhD_MAPF_LNS_MAPF_LNS_SAT_mapf-scen-even_scen-even_room-64-64-16-even-1_scen-agents10-idx27-seed42-1783611050757,/home/max/Documents/PhD/MAPF/LNS/MAPF_LNS_SAT/mapf-map/room-64-64-16.map,/home/max/Documents/PhD/MAPF/LNS/MAPF_LNS_SAT/mapf-scen-even/scen-even/room-64-64-16-even-1.scen,10,27,42,1,188,68.142000,6069,1270,0.000000,1.927000,3.268000,2.930000,0.309924
_home_max_Documents_PhD_MAPF_LNS_MAPF_LNS_SAT_mapf-map_room-64-64-16_map-_home_max_Documents_PhD_MAPF_LNS_MAPF_LNS_SAT_mapf-scen-even_scen-even_room-64-64-16-even-1_scen-agents10-idx28-seed42-1783611050858,/home/max/Documents/PhD/MAPF/LNS/MAPF_LNS_SAT/mapf-map/room-64-64-16.map,/home/max/Documents/PhD/MAPF/LNS/MAPF_LNS_SAT/mapf-scen-even/scen-even/room-64-64-16-even-1.scen,10,28,42,1,180,66.969000,928,329,0.000000,0.411000,0.824000,0.641000,0.069123
_home_max_Documents_PhD_MAPF_LNS_MAPF_LNS_SAT_mapf-map_room-64-64-16_map-_home_max_Documents_PhD_MAPF_LNS_MAPF_LNS_SAT_mapf-scen-even_scen-even_room-64-64-16-even-1_scen-agents10-idx29-seed42-1783611050959,/home/max/Documents/PhD/MAPF/LNS/MAPF_LNS_SAT/mapf-map/room-64-64-16.map,/home/max/Documents/PhD/MAPF/LNS/MAPF_LNS_SAT/mapf-scen-even/scen-even/room-64-64-16-even-1.scen,10,29,42,1,170,55.334000,251,68,0.000000,0.083000,0.277000,0.206000,0.030714
_home_max_Documents_PhD_MAPF_LNS_MAPF_LNS_SAT_mapf-map_room-64-64-16_map-_home_max_Documents_PhD_MAPF_LNS_MAPF_LNS_SAT_mapf-scen-even_scen-even_room-64-64-16-even-1_scen-agents10-idx30-seed42-1783611051059,/home/max/Documents/PhD/MAPF/LNS/MAPF_LNS_SAT/mapf-map/room-64-64-16.map,/home/max/Documents/PhD/MAPF/LNS/MAPF_LNS_SAT/mapf-scen-even/scen-even/room-64-64-16-even-1.scen,10,30,42,1,184,60.024000,544,174,0.000000,0.207000,0.487000,0.384000,0.050186
_home_max_Documents_PhD_MAPF_LNS_MAPF_LNS_SAT_mapf-map_room-64-64-16_map-_home_max_Documents_PhD_MAPF_LNS_MAPF_LNS_SAT_mapf-scen-even_scen-even_room-64-64-16-even-1_scen-agents10-idx31-seed42-1783611051160,/home/max/Documents/PhD/MAPF/LNS/MAPF_LNS_SAT/mapf-map/room-64-64-16.map,/home/max/Documents/PhD/MAPF/LNS/MAPF_LNS_SAT/mapf-scen-even/scen-even/room-64-64-16-even-1.scen,10,31,42,1,185,52.296000,0,0,0.000000,0.000000,0.000000,0.000000,0.000000
_home_max_Documents_PhD_MAPF_LNS_MAPF_LNS_SAT_mapf-map_room-64-64-16_map-_home_max_Documents_PhD_MAPF_LNS_MAPF_LNS_SAT_mapf-scen-even_scen-even_room-64-64-16-even-1_scen-agents10-idx32-seed42-1783611051262,/home/max/Documents/PhD/MAPF/LNS/MAPF_LNS_SAT/mapf-map/room-64-64-16.map,/home/max/Documents/PhD/MAPF/LNS/MAPF_LNS_SAT/mapf-scen-even/scen-even/room-64-64-16-even-1.scen,10,32,42,1,172,65.880000,1715,394,0.000000,0.508000,1.028000,0.905000,0.067919
_home_max_Documents_PhD_MAPF_LNS_MAPF_LNS_SAT_mapf-map_room-64-64-16_map-_home_max_Documents_PhD_MAPF_LNS_MAPF_LNS_SAT_mapf-scen-even_scen-even_room-64-64-16-even-1_scen-agents10-idx33-seed42-1783611051362,/home/max/Documents/PhD/MAPF/LNS/MAPF_LNS_SAT/mapf-map/room-64-64-16.map,/home/max/Documents/PhD/MAPF/LNS/MAPF_LNS_SAT/mapf-scen-even/scen-even/room-64-64-16-even-1.scen,10,33,42,1,178,62.055000,3255,668,0.000000,1.024000,1.880000,1.661000,0.159993
_home_max_Documents_PhD_MAPF_LNS_MAPF_LNS_SAT_mapf-map_room-64-64-16_map-_home_max_Documents_PhD_MAPF_LNS_MAPF_LNS_SAT_mapf-scen-even_scen-even_room-64-64-16-even-1_scen-agents10-idx34-seed42-1783611051463,/home/max/Documents/PhD/MAPF/LNS/MAPF_LNS_SAT/mapf-map/room-64-64-16.map,/home/max/Documents/PhD/MAPF/LNS/MAPF_LNS_SAT/mapf-scen-even/scen-even/room-64-64-16-even-1.scen,10,34,42,1,175,58.861000,626,233,0.000000,0.223000,0.482000,0.387000,0.040299
_home_max_Documents_PhD_MAPF_LNS_MAPF_LNS_SAT_mapf-map_room-64-64-16_map-_home_max_Documents_PhD_MAPF_LNS_MAPF_LNS_SAT_mapf-scen-even_scen-even_room-64-64-16-even-1_scen-agents10-idx35-seed42-1783611051563,/home/max/Documents/PhD/MAPF/LNS/MAPF_LNS_SAT/mapf-map/room-64-64-16.map,/home/max/Documents/PhD/MAPF/LNS/MAPF_LNS_SAT/mapf-scen-even/scen-even/room-64-64-16-even-1.scen,10,35,42,1,177,60.403000,424,143,0.000000,0.170000,0.357000,0.290000,0.029738
_home_max_Documents_PhD_MAPF_LNS_MAPF_LNS_SAT_mapf-map_room-64-64-16_map-_home_max_Documents_PhD_MAPF_LNS_MAPF_LNS_SAT_mapf-scen-even_scen-even_room-64-64-16-even-1_scen-agents10-idx36-seed42-1783611051665,/home/max/Documents/PhD/MAPF/LNS/MAPF_LNS_SAT/mapf-map/room-64-64-16.map,/home/max/Documents/PhD/MAPF/LNS/MAPF_LNS_SAT/mapf-scen-even/scen-even/room-64-64-16-even-1.scen,10,36,42,1,146,61.677000,939,263,0.000000,0.310000,0.841000,0.665000,0.079315
_home_max_Documents_PhD_MAPF_LNS_MAPF_LNS_SAT_mapf-map_room-64-64-16_map-_home_max_Documents_PhD_MAPF_LNS_MAPF_LNS_SAT_mapf-scen-even_scen-even_room-64-64-16-even-1_scen-agents10-idx37-seed42-1783611051766,/home/max/Documents/PhD/MAPF/LNS/MAPF_LNS_SAT/mapf-map/room-64-64-16.map,/home/max/Documents/PhD/MAPF/LNS/MAPF_LNS_SAT/mapf-scen-even/scen-even/room-64-64-16-even-1.scen,10,37,42,1,155,60.133000,231,91,0.000000,0.115000,0.248000,0.192000,0.026902
_home_max_Documents_PhD_MAPF_LNS_MAPF_LNS_SAT_mapf-map_room-64-64-16_map-_home_max_Documents_PhD_MAPF_LNS_MAPF_LNS_SAT_mapf-scen-even_scen-even_room-64-64-16-even-1_scen-agents10-idx38-seed42-1783611051867,/home/max/Documents/PhD/MAPF/LNS/MAPF_LNS_SAT/mapf-map/room-64-64-16.map,/home/max/Documents/PhD/MAPF/LNS/MAPF_LNS_SAT/mapf-scen-even/scen-even/room-64-64-16-even-1.scen,10,38,42,1,134,58.445000,140,32,0.000000,0.038000,0.110000,0.101000,0.013624
_home_max_Documents_PhD_MAPF_LNS_MAPF_LNS_SAT_mapf-map_room-64-64-16_map-_home_max_Documents_PhD_MAPF_LNS_MAPF_LNS_SAT_mapf-scen-even_scen-even_room-64-64-16-even-1_scen-agents10-idx39-seed42-1783611051967,/home/max/Documents/PhD/MAPF/LNS/MAPF_LNS_SAT/mapf-map/room-64-64-16.map,/home/max/Documents/PhD/MAPF/LNS/MAPF_LNS_SAT/mapf-scen-even/scen-even/room-64-64-16-even-1.scen,10,39,42,1,179,61.487000,400,116,0.000000,0.150000,0.334000,0.273000,0.035716
_home_max_Documents_PhD_MAPF_LNS_MAPF_LNS_SAT_mapf-map_room-64-64-16_map-_home_max_Documents_PhD_MAPF_LNS_MAPF_LNS_SAT_mapf-scen-even_scen-even_room-64-64-16-even-2_scen-agents10-idx0-seed42-1783611052068,/home/max/Documents/PhD/MAPF/LNS/MAPF_LNS_SAT/mapf-map/room-64-64-16.map,/home/max/Documents/PhD/MAPF/LNS/MAPF_LNS_SAT/mapf-scen-even/scen-even/room-64-64-16-even-2.scen,10,0,42,1,181,64.920000,3810,891,0.000000,1.244000,2.335000,2.030000,0.170905
_home_max_Documents_PhD_MAPF_LNS_MAPF_LNS_SAT_mapf-map_room-64-64-16_map-_home_max_Documents_PhD_MAPF_LNS_MAPF_LNS_SAT_mapf-scen-even_scen-even_room-64-64-16-even-2_scen-agents10-idx1-seed42-1783611052168,/home/max/Documents/PhD/MAPF/LNS/MAPF_LNS_SAT/mapf-map/room-64-64-16.map,/home/max/Documents/PhD/MAPF/LNS/MAPF_LNS_SAT/mapf-scen-even/scen-even/room-64-64-16-even-2.scen,10,1,42,1,186,63.083000,558,190,0.000000,0.215000,0.489000,0.398000,0.047130
_home_max_Documents_PhD_MAPF_LNS_MAPF_LNS_SAT_mapf-map_room-64-64-16_map-_home_max_Documents_PhD_MAPF_LNS_MAPF_LNS_SAT_mapf-scen-even_scen-even_room-64-64-16-even-2_scen-agents10-idx2-seed42-1783611052266,/home/max/Documents/PhD/MAPF/LNS/MAPF_LNS_SAT/mapf-map/room-64-64-16.map,/home/max/Documents/PhD/MAPF/LNS/MAPF_LNS_SAT/mapf-scen-even/scen-even/room-64-64-16-even-2.scen,10,2,42,1,168,51.338000,0,0,0.000000,0.000000,0.000000,0.000000,0.000000
_home_max_Documents_PhD_MAPF_LNS_MAPF_LNS_SAT_mapf-map_room-64-64-16_map-_home_max_Documents_PhD_MAPF_LNS_MAPF_LNS_SAT_mapf-scen-even_scen-even_room-64-64-16-even-2_scen-agents10-idx3-seed42-1783611052370,/home/max/Documents/PhD/MAPF/LNS/MAPF_LNS_SAT/mapf-map/room-64-64-16.map,/home/max/Documents/PhD/MAPF/LNS/MAPF_LNS_SAT/mapf-scen-even/scen-even/room-64-64-16-even-2.scen,10,3,42,1,173,51.198000,154,58,0.000000,0.055000,0.178000,0.138000,0.021770
_home_max_Documents_PhD_MAPF_LNS_MAPF_LNS_SAT_mapf-map_room-64-64-16_map-_home_max_Documents_PhD_MAPF_LNS_MAPF_LNS_SAT_mapf-scen-even_scen-even_room-64-64-16-even-2_scen-agents10-idx4-seed42-1783611052471,/home/max/Documents/PhD/MAPF/LNS/MAPF_LNS_SAT/mapf-map/room-64-64-16.map,/home/max/Documents/PhD/MAPF/LNS/MAPF_LNS_SAT/mapf-scen-even/scen-even/room-64-64-16-even-2.scen,10,4,42,1,172,55.121000,414,90,0.000000,0.124000,0.353000,0.287000,0.042572
_home_max_Documents_PhD_MAPF_LNS_MAPF_LNS_SAT_mapf-map_room-64-64-16_map-_home_max_Documents_PhD_MAPF_LNS_MAPF_LNS_SAT_mapf-scen-even_scen-even_room-64-64-16-even-2_scen-agents10-idx5-seed42-1783611052572,/home/max/Documents/PhD/MAPF/LNS/MAPF_LNS_SAT/mapf-map/room-64-64-16.map,/home/max/Documents/PhD/MAPF/LNS/MAPF_LNS_SAT/mapf-scen-even/scen-even/room-64-64-16-even-2.scen,10,5,42,1,173,57.512000,384,132,0.000000,0.139000,0.365000,0.286000,0.038143
_home_max_Documents_PhD_MAPF_LNS_MAPF_LNS_SAT_mapf-map_room-64-64-16_map-_home_max_Documents_PhD_MAPF_LNS_MAPF_LNS_SAT_mapf-scen-even_scen-even_room-64-64-16-even-2_scen-agents10-idx6-seed42-1783611052674,/home/max/Documents/PhD/MAPF/LNS/MAPF_LNS_SAT/mapf-map/room-64-64-16.map,/home/max/Documents/PhD/MAPF/LNS/MAPF_LNS_SAT/mapf-scen-even/scen-even/room-64-64-16-even-2.scen,10,6,42,1,179,71.029000,3905,780,0.000000,1.215000,2.223000,1.945000,0.165722
_home_max_Documents_PhD_MAPF_LNS_MAPF_LNS_SAT_mapf-map_room-64-64-16_map-_home_max_Documents_PhD_MAPF_LNS_MAPF_LNS_SAT_mapf-scen-even_scen-even_room-64-64-16-even-2_scen-agents10-idx7-seed42-1783611052773,/home/max/Documents/PhD/MAPF/LNS/MAPF_LNS_SAT/mapf-map/room-64-64-16.map,/home/max/Documents/PhD/MAPF/LNS/MAPF_LNS_SAT/mapf-scen-even/scen-even/room-64-64-16-even-2.scen,10,7,42,1,130,57.872000,992,387,0.000000,0.434000,0.564000,0.476000,0.048453
_home_max_Documents_PhD_MAPF_LNS_MAPF_LNS_SAT_mapf-map_room-64-64-16_map-_home_max_Documents_PhD_MAPF_LNS_MAPF_LNS_SAT_mapf-scen-even_scen-even_room-64-64-16-even-2_scen-agents10-idx8-seed42-1783611052875,/home/max/Documents/PhD/MAPF/LNS/MAPF_LNS_SAT/mapf-map/room-64-64-16.map,/home/max/Documents/PhD/MAPF/LNS/MAPF_LNS_SAT/mapf-scen-even/scen-even/room-64-64-16-even-2.scen,10,8,42,1,177,64.318000,453,141,0.000000,0.161000,0.389000,0.317000,0.042709
_home_max_Documents_PhD_MAPF_LNS_MAPF_LNS_SAT_mapf-map_room-64-64-16_map-_home_max_Documents_PhD_MAPF_LNS_MAPF_LNS_SAT_mapf-scen-even_scen-even_room-64-64-16-even-2_scen-agents10-idx9-seed42-1783611052975,/home/max/Documents/PhD/MAPF/LNS/MAPF_LNS_SAT/mapf-map/room-64-64-16.map,/home/max/Documents/PhD/MAPF/LNS/MAPF_LNS_SAT/mapf-scen-even/scen-even/room-64-64-16-even-2.scen,10,9,42,1,161,61.775000,482,206,0.000000,0.216000,0.371000,0.296000,0.026352
_home_max_Documents_PhD_MAPF_LNS_MAPF_LNS_SAT_mapf-map_room-64-64-16_map-_home_max_Documents_PhD_MAPF_LNS_MAPF_LNS_SAT_mapf-scen-even_scen-even_room-64-64-16-even-2_scen-agents10-idx10-seed42-1783611053076,/home/max/Documents/PhD/MAPF/LNS/MAPF_LNS_SAT/mapf-map/room-64-64-16.map,/home/max/Documents/PhD/MAPF/LNS/MAPF_LNS_SAT/mapf-scen-even/scen-even/room-64-64-16-even-2.scen,10,10,42,1,184,62.989000,326,116,0.000000,0.132000,0.320000,0.251000,0.031697
_home_max_Documents_PhD_MAPF_LNS_MAPF_LNS_SAT_mapf-map_room-64-64-16_map-_home_max_Documents_PhD_MAPF_LNS_MAPF_LNS_SAT_mapf-scen-even_scen-even_room-64-64-16-even-2_scen-agents10-idx11-seed42-1783611053176,/home/max/Documents/PhD/MAPF/LNS/MAPF_LNS_SAT/mapf-map/room-64-64-16.map,/home/max/Documents/PhD/MAPF/LNS/MAPF_LNS_SAT/mapf-scen-even/scen-even/room-64-64-16-even-2.scen,10,11,42,1,186,64.576000,643,179,0.000000,0.243000,0.503000,0.417000,0.046270
_home_max_Documents_PhD_MAPF_LNS_MAPF_LNS_SAT_mapf-map_room-64-64-16_map-_home_max_Documents_PhD_MAPF_LNS_MAPF_LNS_SAT_mapf-scen-even_scen-even_room-64-64-16-even-2_scen-agents10-idx12-seed42-1783611053277,/home/max/Documents/PhD/MAPF/LNS/MAPF_LNS_SAT/mapf-map/room-64-64-16.map,/home/max/Documents/PhD/MAPF/LNS/MAPF_LNS_SAT/mapf-scen-even/scen-even/room-64-64-16-even-2.scen,10,12,42,1,170,61.718000,415,163,0.001000,0.150000,0.387000,0.311000,0.043199
_home_max_Documents_PhD_MAPF_LNS_MAPF_LNS_SAT_mapf-map_room-64-64-16_map-_home_max_Documents_PhD_MAPF_LNS_MAPF_LNS_SAT_mapf-scen-even_scen-even_room-64-64-16-even-2_scen-agents10-idx13-seed42-1783611053378,/home/max/Documents/PhD/MAPF/LNS/MAPF_LNS_SAT/mapf-map/room-64-64-16.map,/home/max/Documents/PhD/MAPF/LNS/MAPF_LNS_SAT/mapf-scen-even/scen-even/room-64-64-16-even-2.scen,10,13,42,1,155,63.709000,911,191,0.000000,0.282000,0.550000,0.486000,0.037451
_home_max_Documents_PhD_MAPF_LNS_MAPF_LNS_SAT_mapf-map_room-64-64-16_map-_home_max_Documents_PhD_MAPF_LNS_MAPF_LNS_SAT_mapf-scen-even_scen-even_room-64-64-16-even-2_scen-agents10-idx14-seed42-1783611053479,/home/max/Documents/PhD/MAPF/LNS/MAPF_LNS_SAT/mapf-map/room-64-64-16.map,/home/max/Documents/PhD/MAPF/LNS/MAPF_LNS_SAT/mapf-scen-even/scen-even/room-64-64-16-even-2.scen,10,14,42,1,174,57.659000,80,41,0.000000,0.040000,0.111000,0.087000,0.011681
_home_max_Documents_PhD_MAPF_LNS_MAPF_LNS_SAT_mapf-map_room-64-64-16_map-_home_max_Documents_PhD_MAPF_LNS_MAPF_LNS_SAT_mapf-scen-even_scen-even_room-64-64-16-even-2_scen-agents10-idx15-seed42-1783611053580,/home/max/Documents/PhD/MAPF/LNS/MAPF_LNS_SAT/mapf-map/room-64-64-16.map,/home/max/Documents/PhD/MAPF/LNS/MAPF_LNS_SAT/mapf-scen-even/scen-even/room-64-64-16-even-2.scen,10,15,42,1,173,70.499000,3695,874,0.000000,1.086000,2.385000,2.043000,0.233552
_home_max_Documents_PhD_MAPF_LNS_MAPF_LNS_SAT_mapf-map_room-64-64-16_map-_home_max_Documents_PhD_MAPF_LNS_MAPF_LNS_SAT_mapf-scen-even_scen-even_room-64-64-16-even-2_scen-agents10-idx16-seed42-1783611053678,/home/max/Documents/PhD/MAPF/LNS/MAPF_LNS_SAT/mapf-map/room-64-64-16.map,/home/max/Documents/PhD/MAPF/LNS/MAPF_LNS_SAT/mapf-scen-even/scen-even/room-64-64-16-even-2.scen,10,16,42,1,179,70.823000,11877,2044,0.000000,3.734000,5.371000,5.047000,0.249451
_home_max_Documents_PhD_MAPF_LNS_MAPF_LNS_SAT_mapf-map_room-64-64-16_map-_home_max_Documents_PhD_MAPF_LNS_MAPF_LNS_SAT_mapf-scen-even_scen-even_room-64-64-16-even-2_scen-agents10-idx17-seed42-1783611053781,/home/max/Documents/PhD/MAPF/LNS/MAPF_LNS_SAT/mapf-map/room-64-64-16.map,/home/max/Documents/PhD/MAPF/LNS/MAPF_LNS_SAT/mapf-scen-even/scen-even/room-64-64-16-even-2.scen,10,17,42,1,185,64.089000,328,118,0.000000,0.142000,0.266000,0.218000,0.026440
_home_max_Documents_PhD_MAPF_LNS_MAPF_LNS_SAT_mapf-map_room-64-64-16_map-_home_max_Documents_PhD_MAPF_LNS_MAPF_LNS_SAT_mapf-scen-even_scen-even_room-64-64-16-even-2_scen-agents10-idx18-seed42-1783611053882,/home/max/Documents/PhD/MAPF/LNS/MAPF_LNS_SAT/mapf-map/room-64-64-16.map,/home/max/Documents/PhD/MAPF/LNS/MAPF_LNS_SAT/mapf-scen-even/scen-even/room-64-64-16-even-2.scen,10,18,42,1,157,68.825000,1736,569,0.000000,0.640000,1.196000,0.982000,0.106029
_home_max_Documents_PhD_MAPF_LNS_MAPF_LNS_SAT_mapf-map_room-64-64-16_map-_home_max_Documents_PhD_MAPF_LNS_MAPF_LNS_SAT_mapf-scen-even_scen-even_room-64-64-16-even-2_scen-agents10-idx19-seed42-1783611053982,/home/max/Documents/PhD/MAPF/LNS/MAPF_LNS_SAT/mapf-map/room-64-64-16.map,/home/max/Documents/PhD/MAPF/LNS/MAPF_LNS_SAT/mapf-scen-even/scen-even/room-64-64-16-even-2.scen,10,19,42,1,184,60.051000,567,214,0.000000,0.233000,0.523000,0.409000,0.057301
_home_max_Documents_PhD_MAPF_LNS_MAPF_LNS_SAT_mapf-map_room-64-64-16_map-_home_max_Documents_PhD_MAPF_LNS_MAPF_LNS_SAT_mapf-scen-even_scen-even_room-64-64-16-even-2_scen-agents10-idx20-seed42-1783611054082,/home/max/Documents/PhD/MAPF/LNS/MAPF_LNS_SAT/mapf-map/room-64-64-16.map,/home/max/Documents/PhD/MAPF/LNS/MAPF_LNS_SAT/mapf-scen-even/scen-even/room-64-64-16-even-2.scen,10,20,42,1,173,56.538000,0,0,0.000000,0.000000,0.000000,0.000000,0.000000
_home_max_Documents_PhD_MAPF_LNS_MAPF_LNS_SAT_mapf-map_room-64-64-16_map-_home_max_Documents_PhD_MAPF_LNS_MAPF_LNS_SAT_mapf-scen-even_scen-even_room-64-64-16-even-2_scen-agents10-idx21-seed42-1783611054184,/home/max/Documents/PhD/MAPF/LNS/MAPF_LNS_SAT/mapf-map/room-64-64-16.map,/home/max/Documents/PhD/MAPF/LNS/MAPF_LNS_SAT/mapf-scen-even/scen-even/room-64-64-16-even-2.scen,10,21,42,1,168,71.285000,252,68,0.000000,0.083000,0.236000,0.192000,0.026682
_home_max_Documents_PhD_MAPF_LNS_MAPF_LNS_SAT_mapf-map_room-64-64-16_map-_home_max_Documents_PhD_MAPF_LNS_MAPF_LNS_SAT_mapf-scen-even_scen-even_room-64-64-16-even-2_scen-agents10-idx22-seed42-1783611054284,/home/max/Documents/PhD/MAPF/LNS/MAPF_LNS_SAT/mapf-map/room-64-64-16.map,/home/max/Documents/PhD/MAPF/LNS/MAPF_LNS_SAT/mapf-scen-even/scen-even/room-64-64-16-even-2.scen,10,22,42,1,169,68.130000,951,333,0.000000,0.362000,0.869000,0.688000,0.086646
_home_max_Documents_PhD_MAPF_LNS_MAPF_LNS_SAT_mapf-map_room-64-64-16_map-_home_max_Documents_PhD_MAPF_LNS_MAPF_LNS_SAT_mapf-scen-even_scen-even_room-64-64-16-even-2_scen-agents10-idx23-seed42-1783611054384,/home/max/Documents/PhD/MAPF/LNS/MAPF_LNS_SAT/mapf-map/room-64-64-16.map,/home/max/Documents/PhD/MAPF/LNS/MAPF_LNS_SAT/mapf-scen-even/scen-even/room-64-64-16-even-2.scen,10,23,42,1,173,63.271000,936,210,0.000000,0.329000,0.741000,0.631000,0.056337
_home_max_Documents_PhD_MAPF_LNS_MAPF_LNS_SAT_mapf-map_room-64-64-16_map-_home_max_Documents_PhD_MAPF_LNS_MAPF_LNS_SAT_mapf-scen-even_scen-even_room-64-64-16-even-2_scen-agents10-idx24-seed42-1783611054486,/home/max/Documents/PhD/MAPF/LNS/MAPF_LNS_SAT/mapf-map/room-64-64-16.map,/home/max/Documents/PhD/MAPF/LNS/MAPF_LNS_SAT/mapf-scen-even/scen-even/room-64-64-16-even-2.scen,10,24,42,1,144,63.311000,629,166,0.000000,0.210000,0.502000,0.413000,0.047510
_home_max_Documents_PhD_MAPF_LNS_MAPF_LNS_SAT_mapf-map_room-64-64-16_map-_home_max_Documents_PhD_MAPF_LNS_MAPF_LNS_SAT_mapf-scen-even_scen-even_room-64-64-16-even-2_scen-agents10-idx25-seed42-1783611054586,/home/max/Documents/PhD/MAPF/LNS/MAPF_LNS_SAT/mapf-map/room-64-64-16.map,/home/max/Documents/PhD/MAPF/LNS/MAPF_LNS_SAT/mapf-scen-even/scen-even/room-64-64-16-even-2.scen,10,25,42,1,185,61.068000,0,0,0.000000,0.000000,0.000000,0.000000,0.000000
_home_max_Documents_PhD_MAPF_LNS_MAPF_LNS_SAT_mapf-map_room-64-64-16_map-_home_max_Documents_PhD_MAPF_LNS_MAPF_LNS_SAT_mapf-scen-even_scen-even_room-64-64-16-even-2_scen-agents10-idx26-seed42-1783611054687,/home/max/Documents/PhD/MAPF/LNS/MAPF_LNS_SAT/mapf-map/room-64-64-16.map,/home/max/Documents/PhD/MAPF/LNS/MAPF_LNS_SAT/mapf-scen-even/scen-even/room-64-64-16-even-2.scen,10,26,42,1,157,60.208000,252,103,0.000000,0.126000,0.367000,0.275000,0.027505
_home_max_Documents_PhD_MAPF_LNS_MAPF_LNS_SAT_mapf-map_room-64-64-16_map-_home_max_Documents_PhD_MAPF_LNS_MAPF_LNS_SAT_mapf-scen-even_scen-even_room-64-64-16-even-2_scen-agents10-idx27-seed42-1783611054787,/home/max/Documents/PhD/MAPF/LNS/MAPF_LNS_SAT/mapf-map/room-64-64-16.map,/home/max/Documents/PhD/MAPF/LNS/MAPF_LNS_SAT/mapf-scen-even/scen-even/room-64-64-16-even-2.scen,10,27,42,1,178,60.597000,1730,413,0.000000,0.560000,0.993000,0.879000,0.075619
_home_max_Documents_PhD_MAPF_LNS_MAPF_LNS_SAT_mapf-map_room-64-64-16_map-_home_max_Documents_PhD_MAPF_LNS_MAPF_LNS_SAT_mapf-scen-even_scen-even_room-64-64-16-even-2_scen-agents10-idx28-seed42-1783611054888,/home/max/Documents/PhD/MAPF/LNS/MAPF_LNS_SAT/mapf-map/room-64-64-16.map,/home/max/Documents/PhD/MAPF/LNS/MAPF_LNS_SAT/mapf-scen-even/scen-even/room-64-64-16-even-2.scen,10,28,42,1,171,64.163000,1268,313,0.000000,0.398000,0.890000,0.747000,0.081667
_home_max_Documents_PhD_MAPF_LNS_MAPF_LNS_SAT_mapf-map_room-64-64-16_map-_home_max_Documents_PhD_MAPF_LNS_MAPF_LNS_SAT_mapf-scen-even_scen-even_room-64-64-16-even-2_scen-agents10-idx29-seed42-1783611054989,/home/max/Documents/PhD/MAPF/LNS/MAPF_LNS_SAT/mapf-map/room-64-64-16.map,/home/max/Documents/PhD/MAPF/LNS/MAPF_LNS_SAT/mapf-scen-even/scen-even/room-64-64-16-even-2.scen,10,29,42,1,189,63.825000,1006,248,0.000000,0.376000,0.649000,0.552000,0.054666
_home_max_Documents_PhD_MAPF_LNS_MAPF_LNS_SAT_mapf-map_room-64-64-16_map-_home_max_Documents_PhD_MAPF_LNS_MAPF_LNS_SAT_mapf-scen-even_scen-even_room-64-64-16-even-2_scen-agents10-idx30-seed42-1783611055090,/home/max/Documents/PhD/MAPF/LNS/MAPF_LNS_SAT/mapf-map/room-64-64-16.map,/home/max/Documents/PhD/MAPF/LNS/MAPF_LNS_SAT/mapf-scen-even/scen-even/room-64-64-16-even-2.scen,10,30,42,1,182,64.368000,1784,498,0.000000,0.615000,1.203000,1.028000,0.120661
_home_max_Documents_PhD_MAPF_LNS_MAPF_LNS_SAT_mapf-map_room-64-64-16_map-_home_max_Documents_PhD_MAPF_LNS_MAPF_LNS_SAT_mapf-scen-even_scen-even_room-64-64-16-even-2_scen-agents10-idx31-seed42-1783611055191,/home/max/Documents/PhD/MAPF/LNS/MAPF_LNS_SAT/mapf-map/room-64-64-16.map,/home/max/Documents/PhD/MAPF/LNS/MAPF_LNS_SAT/mapf-scen-even/scen-even/room-64-64-16-even-2.scen,10,31,42,1,164,61.139000,2300,486,0.000000,0.757000,1.262000,1.143000,0.085495
_home_max_Documents_PhD_MAPF_LNS_MAPF_LNS_SAT_mapf-map_room-64-64-16_map-_home_max_Documents_PhD_MAPF_LNS_MAPF_LNS_SAT_mapf-scen-even_scen-even_room-64-64-16-even-2_scen-agents10-idx32-seed42-1783611055292,/home/max/Documents/PhD/MAPF/LNS/MAPF_LNS_SAT/mapf-map/room-64-64-16.map,/home/max/Documents/PhD/MAPF/LNS/MAPF_LNS_SAT/mapf-scen-even/scen-even/room-64-64-16-even-2.scen,10,32,42,1,170,58.101000,651,238,0.000000,0.246000,0.478000,0.400000,0.040909
_home_max_Documents_PhD_MAPF_LNS_MAPF_LNS_SAT_mapf-map_room-64-64-16_map-_home_max_Documents_PhD_MAPF_LNS_MAPF_LNS_SAT_mapf-scen-even_scen-even_room-64-64-16-even-2_scen-agents10-idx33-seed42-1783611055392,/home/max/Documents/PhD/MAPF/LNS/MAPF_LNS_SAT/mapf-map/room-64-64-16.map,/home/max/Documents/PhD/MAPF/LNS/MAPF_LNS_SAT/mapf-scen-even/scen-even/room-64-64-16-even-2.scen,10,33,42,1,185,62.905000,1308,362,0.000000,0.427000,1.002000,0.820000,0.091771
_home_max_Documents_PhD_MAPF_LNS_MAPF_LNS_SAT_mapf-map_room-64-64-16_map-_home_max_Documents_PhD_MAPF_LNS_MAPF_LNS_SAT_mapf-scen-even_scen-even_room-64-64-16-even-2_scen-agents10-idx34-seed42-1783611055493,/home/max/Documents/PhD/MAPF/LNS/MAPF_LNS_SAT/mapf-map/room-64-64-16.map,/home/max/Documents/PhD/MAPF/LNS/MAPF_LNS_SAT/mapf-scen-even/scen-even/room-64-64-16-even-2.scen,10,34,42,1,187,63.126000,588,230,0.000000,0.251000,0.429000,0.356000,0.037545
_home_max_Documents_PhD_MAPF_LNS_MAPF_LNS_SAT_mapf-map_room-64-64-16_map-_home_max_Documents_PhD_MAPF_LNS_MAPF_LNS_SAT_mapf-scen-even_scen-even_room-64-64-16-even-2_scen-agents10-idx35-seed42-1783611055594,/home/max/Documents/PhD/MAPF/LNS/MAPF_LNS_SAT/mapf-map/room-64-64-16.map,/home/max/Documents/PhD/MAPF/LNS/MAPF_LNS_SAT/mapf-scen-even/scen-even/room-64-64-16-even-2.scen,10,35,42,1,186,57.926000,2283,469,0.000000,0.698000,1.242000,1.135000,0.086843
_home_max_Documents_PhD_MAPF_LNS_MAPF_LNS_SAT_mapf-map_room-64-64-16_map-_home_max_Documents_PhD_MAPF_LNS_MAPF_LNS_SAT_mapf-scen-even_scen-even_room-64-64-16-even-2_scen-agents10-idx36-seed42-1783611055694,/home/max/Documents/PhD/MAPF/LNS/MAPF_LNS_SAT/mapf-map/room-64-64-16.map,/home/max/Documents/PhD/MAPF/LNS/MAPF_LNS_SAT/mapf-scen-even/scen-even/room-64-64-16-even-2.scen,10,36,42,1,183,55.016000,25,13,0.000000,0.014000,0.070000,0.052000,0.009541
_home_max_Documents_PhD_MAPF_LNS_MAPF_LNS_SAT_mapf-map_room-64-64-16_map-_home_max_Documents_PhD_MAPF_LNS_MAPF_LNS_SAT_mapf-scen-even_scen-even_room-64-64-16-even-2_scen-agents10-idx37-seed42-1783611055795,/home/max/Documents/PhD/MAPF/LNS/MAPF_LNS_SAT/mapf-map/room-64-64-16.map,/home/max/Documents/PhD/MAPF/LNS/MAPF_LNS_SAT/mapf-scen-even/scen-even/room-64-64-16-even-2.scen,10,37,42,1,175,64.538000,1911,451,0.000000,0.607000,1.205000,1.039000,0.093570
_home_max_Documents_PhD_MAPF_LNS_MAPF_LNS_SAT_mapf-map_room-64-64-16_map-_home_max_Documents_PhD_MAPF_LNS_MAPF_LNS_SAT_mapf-scen-even_scen-even_room-64-64-16-even-2_scen-agents10-idx38-seed42-1783611055895,/home/max/Documents/PhD/MAPF/LNS/MAPF_LNS_SAT/mapf-map/room-64-64-16.map,/home/max/Documents/PhD/MAPF/LNS/MAPF_LNS_SAT/mapf-scen-even/scen-even/room-64-64-16-even-2.scen,10,38,42,1,172,61.011000,987,237,0.000000,0.304000,0.641000,0.547000,0.047504
_home_max_Documents_PhD_MAPF_LNS_MAPF_LNS_SAT_mapf-map_room-64-64-16_map-_home_max_Documents_PhD_MAPF_LNS_MAPF_LNS_SAT_mapf-scen-even_scen-even_room-64-64-16-even-2_scen-agents10-idx39-seed42-1783611055998,/home/max/Documents/PhD/MAPF/LNS/MAPF_LNS_SAT/mapf-map/room-64-64-16.map,/home/max/Documents/PhD/MAPF/LNS/MAPF_LNS_SAT/mapf-scen-even/scen-even/room-64-64-16-even-2.scen,10,39,42,1,174,59.379000,381,120,0.000000,0.158000,0.311000,0.258000,0.031447
_home_max_Documents_PhD_MAPF_LNS_MAPF_LNS_SAT_mapf-map_room-64-64-16_map-_home_max_Documents_PhD_MAPF_LNS_MAPF_LNS_SAT_mapf-scen-even_scen-even_room-64-64-16-even-3_scen-agents10-idx0-seed42-1783611056098,/home/max/Documents/PhD/MAPF/LNS/MAPF_LNS_SAT/mapf-map/room-64-64-16.map,/home/max/Documents/PhD/MAPF/LNS/MAPF_LNS_SAT/mapf-scen-even/scen-even/room-64-64-16-even-3.scen,10,0,42,1,181,56.946000,142,32,0.000000,0.049000,0.137000,0.112000,0.018365
_home_max_Documents_PhD_MAPF_LNS_MAPF_LNS_SAT_mapf-map_room-64-64-16_map-_home_max_Documents_PhD_MAPF_LNS_MAPF_LNS_SAT_mapf-scen-even_scen-even_room-64-64-16-even-3_scen-agents10-idx1-seed42-1783611056196,/home/max/Documents/PhD/MAPF/LNS/MAPF_LNS_SAT/mapf-map/room-64-64-16.map,/home/max/Documents/PhD/MAPF/LNS/MAPF_LNS_SAT/mapf-scen-even/scen-even/room-64-64-16-even-3.scen,10,1,42,1,150,55.706000,205,70,0.000000,0.067000,0.205000,0.167000,0.022504
_home_max_Documents_PhD_MAPF_LNS_MAPF_LNS_SAT_mapf-map_room-64-64-16_map-_home_max_Documents_PhD_MAPF_LNS_MAPF_LNS_SAT_mapf-scen-even_scen-even_room-64-64-16-even-3_scen-agents10-idx2-seed42-1783611056300,/home/max/Documents/PhD/MAPF/LNS/MAPF_LNS_SAT/mapf-map/room-64-64-16.map,/home/max/Documents/PhD/MAPF/LNS/MAPF_LNS_SAT/mapf-scen-even/scen-even/room-64-64-16-even-3.scen,10,2,42,1,169,63.785000,23,12,0.000000,0.014000,0.065000,0.049000,0.007925
_home_max_Documents_PhD_MAPF_LNS_MAPF_LNS_SAT_mapf-map_room-64-64-16_map-_home_max_Documents_PhD_MAPF_LNS_MAPF_LNS_SAT_mapf-scen-even_scen-even_room-64-64-16-even-3_scen-agents10-idx3-seed42-1783611056400,/home/max/Documents/PhD/MAPF/LNS/MAPF_LNS_SAT/mapf-map/room-64-64-16.map,/home/max/Documents/PhD/MAPF/LNS/MAPF_LNS_SAT/mapf-scen-even/scen-even/room-64-64-16-even-3.scen,10,3,42,1,180,63.806000,6778,1065,0.000000,1.824000,3.040000,2.867000,0.148768
_home_max_Documents_PhD_MAPF_LNS_MAPF_LNS_SAT_mapf-map_room-64-64-16_map-_home_max_Documents_PhD_MAPF_LNS_MAPF_LNS_SAT_mapf-scen-even_scen-even_room-64-64-16-even-3_scen-agents10-idx4-seed42-1783611056500,/home/max/Documents/PhD/MAPF/LNS/MAPF_LNS_SAT/mapf-map/room-64-64-16.map,/home/max/Documents/PhD/MAPF/LNS/MAPF_LNS_SAT/mapf-scen-even/scen-even/room-64-64-16-even-3.scen,10,4,42,1,164,53.786000,458,179,0.000000,0.171000,0.442000,0.348000,0.036553
_home_max_Documents_PhD_MAPF_LNS_MAPF_LNS_SAT_mapf-map_room-64-64-16_map-_home_max_Documents_PhD_MAPF_LNS_MAPF_LNS_SAT_mapf-scen-even_scen-even_room-64-64-16-even-3_scen-agents10-idx5-seed42-1783611056601,/home/max/Documents/PhD/MAPF/LNS/MAPF_LNS_SAT/mapf-map/room-64-64-16.map,/home/max/Documents/PhD/MAPF/LNS/MAPF_LNS_SAT/mapf-scen-even/scen-even/room-64-64-16-even-3.scen,10,5,42,1,138,53.146000,1081,277,0.000000,0.336000,0.777000,0.643000,0.073508
_home_max_Documents_PhD_MAPF_LNS_MAPF_LNS_SAT_mapf-map_room-64-64-16_map-_home_max_Documents_PhD_MAPF_LNS_MAPF_LNS_SAT_mapf-scen-even_scen-even_room-64-64-16-even-3_scen-agents10-idx6-seed42-1783611056703,/home/max/Documents/PhD/MAPF/LNS/MAPF_LNS_SAT/mapf-map/room-64-64-16.map,/home/max/Documents/PhD/MAPF/LNS/MAPF_LNS_SAT/mapf-scen-even/scen-even/room-64-64-16-even-3.scen,10,6,42,1,173,60.980000,603,211,0.000000,0.252000,0.529000,0.420000,0.076787
_home_max_Documents_PhD_MAPF_LNS_MAPF_LNS_SAT_mapf-map_room-64-64-16_map-_home_max_Documents_PhD_MAPF_LNS_MAPF_LNS_SAT_mapf-scen-even_scen-even_room-64-64-16-even-3_scen-agents10-idx7-seed42-1783611056803,/home/max/Documents/PhD/MAPF/LNS/MAPF_LNS_SAT/mapf-map/room-64-64-16.map,/home/max/Documents/PhD/MAPF/LNS/MAPF_LNS_SAT/mapf-scen-even/scen-even/room-64-64-16-even-3.scen,10,7,42,1,155,62.130000,2054,434,0.000000,0.606000,1.135000,1.015000,0.084826
_home_max_Documents_PhD_MAPF_LNS_MAPF_LNS_SAT_mapf-map_room-64-64-16_map-_home_max_Documents_PhD_MAPF_LNS_MAPF_LNS_SAT_mapf-scen-even_scen-even_room-64-64-16-even-3_scen-agents10-idx8-seed42-1783611056903,/home/max/Documents/PhD/MAPF/LNS/MAPF_LNS_SAT/mapf-map/room-64-64-16.map,/home/max/Documents/PhD/MAPF/LNS/MAPF_LNS_SAT/mapf-scen-even/scen-even/room-64-64-16-even-3.scen,10,8,42,1,158,57.546000,2349,623,0.000000,0.787000,1.316000,1.176000,0.089890
_home_max_Documents_PhD_MAPF_LNS_MAPF_LNS_SAT_mapf-map_room-64-64-16_map-_home_max_Documents_PhD_MAPF_LNS_MAPF_LNS_SAT_mapf-scen-even_scen-even_room-64-64-16-even-3_scen-agents10-idx9-seed42-1783611057005,/home/max/Documents/PhD/MAPF/LNS/MAPF_LNS_SAT/mapf-map/room-64-64-16.map,/home/max/Documents/PhD/MAPF/LNS/MAPF_LNS_SAT/mapf-scen-even/scen-even/room-64-64-16-even-3.scen,10,9,42,1,192,54.201000,0,0,0.000000,0.000000,0.000000,0.000000,0.000000
_home_max_Documents_PhD_MAPF_LNS_MAPF_LNS_SAT_mapf-map_room-64-64-16_map-_home_max_Documents_PhD_MAPF_LNS_MAPF_LNS_SAT_mapf-scen-even_scen-even_room-64-64-16-even-3_scen-agents10-idx10-seed42-1783611057105,/home/max/Documents/PhD/MAPF/LNS/MAPF_LNS_SAT/mapf-map/room-64-64-16.map,/home/max/Documents/PhD/MAPF/LNS/MAPF_LNS_SAT/mapf-scen-even/scen-even/room-64-64-16-even-3.scen,10,10,42,1,190,57.311000,2452,555,0.000000,0.779000,1.420000,1.252000,0.104939
_home_max_Documents_PhD_MAPF_LNS_MAPF_LNS_SAT_mapf-map_room-64-64-16_map-_home_max_Documents_PhD_MAPF_LNS_MAPF_LNS_SAT_mapf-scen-even_scen-even_room-64-64-16-even-3_scen-agents10-idx11-seed42-1783611057207,/home/max/Documents/PhD/MAPF/LNS/MAPF_LNS_SAT/mapf-map/room-64-64-16.map,/home/max/Documents/PhD/MAPF/LNS/MAPF_LNS_SAT/mapf-scen-even/scen-even/room-64-64-16-even-3.scen,10,11,42,1,167,58.106000,0,0,0.000000,0.000000,0.000000,0.000000,0.000000
_home_max_Documents_PhD_MAPF_LNS_MAPF_LNS_SAT_mapf-map_room-64-64-16_map-_home_max_Documents_PhD_MAPF_LNS_MAPF_LNS_SAT_mapf-scen-even_scen-even_room-64-64-16-even-1_scen-agents20-idx0-seed42-1783611647491,/home/max/Documents/PhD/MAPF/LNS/MAPF_LNS_SAT/mapf-map/room-64-64-16.map,/home/max/Documents/PhD/MAPF/LNS/MAPF_LNS_SAT/mapf-scen-even/scen-even/room-64-64-16-even-1.scen,20,0,42,1,189,126.453000,11454,1866,0.000000,3.099000,5.585000,5.088000,0.398508
_home_max_Documents_PhD_MAPF_LNS_MAPF_LNS_SAT_mapf-map_room-64-64-16_map-_home_max_Documents_PhD_MAPF_LNS_MAPF_LNS_SAT_mapf-scen-even_scen-even_room-64-64-16-even-1_scen-agents20-idx1-seed42-1783611647642,/home/max/Documents/PhD/MAPF/LNS/MAPF_LNS_SAT/mapf-map/room-64-64-16.map,/home/max/Documents/PhD/MAPF/LNS/MAPF_LNS_SAT/mapf-scen-even/scen-even/room-64-64-16-even-1.scen,20,1,42,1,181,134.606000,4456,1312,0.000000,1.667000,3.102000,2.588000,0.230987
_home_max_Documents_PhD_MAPF_LNS_MAPF_LNS_SAT_mapf-map_room-64-64-16_map-_home_max_Documents_PhD_MAPF_LNS_MAPF_LNS_SAT_mapf-scen-even_scen-even_room-64-64-16-even-1_scen-agents20-idx2-seed42-1783611647792,/home/max/Documents/PhD/MAPF/LNS/MAPF_LNS_SAT/mapf-map/room-64-64-16.map,/home/max/Documents/PhD/MAPF/LNS/MAPF_LNS_SAT/mapf-scen-even/scen-even/room-64-64-16-even-1.scen,20,2,42,1,189,121.210000,1528,463,0.000000,0.554000,1.097000,0.901000,0.083917
_home_max_Documents_PhD_MAPF_LNS_MAPF_LNS_SAT_mapf-map_room-64-64-16_map-_home_max_Documents_PhD_MAPF_LNS_MAPF_LNS_SAT_mapf-scen-even_scen-even_room-64-64-16-even-1_scen-agents20-idx3-seed42-1783611647945,/home/max/Documents/PhD/MAPF/LNS/MAPF_LNS_SAT/mapf-map/room-64-64-16.map,/home/max/Documents/PhD/MAPF/LNS/MAPF_LNS_SAT/mapf-scen-even/scen-even/room-64-64-16-even-1.scen,20,3,42,1,168,126.461000,2321,742,0.000000,1.005000,1.789000,1.440000,0.150589
_home_max_Documents_PhD_MAPF_LNS_MAPF_LNS_SAT_mapf-map_room-64-64-16_map-_home_max_Documents_PhD_MAPF_LNS_MAPF_LNS_SAT_mapf-scen-even_scen-even_room-64-64-16-even-1_scen-agents20-idx4-seed42-1783611648094,/home/max/Documents/PhD/MAPF/LNS/MAPF_LNS_SAT/mapf-map/room-64-64-16.map,/home/max/Documents/PhD/MAPF/LNS/MAPF_LNS_SAT/mapf-scen-even/scen-even/room-64-64-16-even-1.scen,20,4,42,1,184,153.476000,28663,4773,0.000000,8.399000,13.788000,12.728000,1.213962
_home_max_Documents_PhD_MAPF_LNS_MAPF_LNS_SAT_mapf-map_room-64-64-16_map-_home_max_Documents_PhD_MAPF_LNS_MAPF_LNS_SAT_mapf-scen-even_scen-even_room-64-64-16-even-1_scen-agents20-idx5-seed42-1783611648297,/home/max/Documents/PhD/MAPF/LNS/MAPF_LNS_SAT/mapf-map/room-64-64-16.map,/home/max/Documents/PhD/MAPF/LNS/MAPF_LNS_SAT/mapf-scen-even/scen-even/room-64-64-16-even-1.scen,20,5,42,1,182,131.947000,9071,1841,0.000000,2.752000,5.150000,4.528000,0.393644
_home_max_Documents_PhD_MAPF_LNS_MAPF_LNS_SAT_mapf-map_room-64-64-16_map-_home_max_Documents_PhD_MAPF_LNS_MAPF_LNS_SAT_mapf-scen-even_scen-even_room-64-64-16-even-1_scen-agents20-idx6-seed42-1783611648445,/home/max/Documents/PhD/MAPF/LNS/MAPF_LNS_SAT/mapf-map/room-64-64-16.map,/home/max/Documents/PhD/MAPF/LNS/MAPF_LNS_SAT/mapf-scen-even/scen-even/room-64-64-16-even-1.scen,20,6,42,1,172,126.411000,6855,1499,0.000000,2.480000,3.585000,3.192000,0.214026
_home_max_Documents_PhD_MAPF_LNS_MAPF_LNS_SAT_mapf-map_room-64-64-16_map-_home_max_Documents_PhD_MAPF_LNS_MAPF_LNS_SAT_mapf-scen-even_scen-even_room-64-64-16-even-1_scen-agents20-idx7-seed42-1783611648595,/home/max/Documents/PhD/MAPF/LNS/MAPF_LNS_SAT/mapf-map/room-64-64-16.map,/home/max/Documents/PhD/MAPF/LNS/MAPF_LNS_SAT/mapf-scen-even/scen-even/room-64-64-16-even-1.scen,20,7,42,1,181,159.459000,17101,3323,0.004000,9.186000,12.253000,11.455000,0.567662
_home_max_Documents_PhD_MAPF_LNS_MAPF_LNS_SAT_mapf-map_room-64-64-16_map-_home_max_Documents_PhD_MAPF_LNS_MAPF_LNS_SAT_mapf-scen-even_scen-even_room-64-64-16-even-1_scen-agents20-idx8-seed42-1783611648799,/home/max/Documents/PhD/MAPF/LNS/MAPF_LNS_SAT/mapf-map/room-64-64-16.map,/home/max/Documents/PhD/MAPF/LNS/MAPF_LNS_SAT/mapf-scen-even/scen-even/room-64-64-16-even-1.scen,20,8,42,1,187,146.163000,5897,1606,0.000000,2.064000,3.847000,3.242000,0.299706
_home_max_Documents_PhD_MAPF_LNS_MAPF_LNS_SAT_mapf-map_room-64-64-16_map-_home_max_Documents_PhD_MAPF_LNS_MAPF_LNS_SAT_mapf-scen-even_scen-even_room-64-64-16-even-1_scen-agents50-idx0-seed42-1783612247066,/home/max/Documents/PhD/MAPF/LNS/MAPF_LNS_SAT/mapf-map/room-64-64-16.map,/home/max/Documents/PhD/MAPF/LNS/MAPF_LNS_SAT/mapf-scen-even/scen-even/room-64-64-16-even-1.scen,50,0,42,1,189,7657.359000,5220892,223688,0.057000,3653.061000,2914.679000,2889.707000,52.240665
_home_max_Documents_PhD_MAPF_LNS_MAPF_LNS_SAT_mapf-map_room-64-64-16_map-_home_max_Documents_PhD_MAPF_LNS_MAPF_LNS_SAT_mapf-scen-even_scen-even_room-64-64-16-even-1_scen-agents50-idx1-seed42-1783612254791,/home/max/Documents/PhD/MAPF/LNS/MAPF_LNS_SAT/mapf-map/room-64-64-16.map,/home/max/Documents/PhD/MAPF/LNS/MAPF_LNS_SAT/mapf-scen-even/scen-even/room-64-64-16-even-1.scen,50,1,42,1,184,17239.827000,7298601,267794,0.046000,10185.105000,5995.013000,5932.809000,176.594836
_home_max_Documents_PhD_MAPF_LNS_MAPF_LNS_SAT_mapf-map_room-64-64-16_map-_home_max_Documents_PhD_MAPF_LNS_MAPF_LNS_SAT_mapf-scen-even_scen-even_room-64-64-16-even-1_scen-agents50-idx2-seed42-1783612272079,/home/max/Documents/PhD/MAPF/LNS/MAPF_LNS_SAT/mapf-map/room-64-64-16.map,/home/max/Documents/PhD/MAPF/LNS/MAPF_LNS_SAT/mapf-scen-even/scen-even/room-64-64-16-even-1.scen,50,2,42,1,182,786.097000,348362,34456,0.013000,142.402000,154.833000,148.404000,8.542820
_home_max_Documents_PhD_MAPF_LNS_MAPF_LNS_SAT_mapf-map_room-64-64-16_map-_home_max_Documents_PhD_MAPF_LNS_MAPF_LNS_SAT_mapf-scen-even_scen-even_room-64-64-16-even-1_scen-agents50-idx3-seed42-1783612272880,/home/max/Documents/PhD/MAPF/LNS/MAPF_LNS_SAT/mapf-map/room-64-64-16.map,/home/max/Documents/PhD/MAPF/LNS/MAPF_LNS_SAT/mapf-scen-even/scen-even/room-64-64-16-even-1.scen,50,3,42,1,187,2030.033000,1371340,79622,0.029000,669.215000,734.919000,723.189000,25.939771
_home_max_Documents_PhD_MAPF_LNS_MAPF_LNS_SAT_mapf-map_room-64-64-16_map-_home_max_Documents_PhD_MAPF_LNS_MAPF_LNS_SAT_mapf-scen-even_scen-even_room-64-64-16-even-1_scen-agents50-idx4-seed42-1783612274935,/home/max/Documents/PhD/MAPF/LNS/MAPF_LNS_SAT/mapf-map/room-64-64-16.map,/home/max/Documents/PhD/MAPF/LNS/MAPF_LNS_SAT/mapf-scen-even/scen-even/room-64-64-16-even-1.scen,50,4,42,1,176,499.252000,143014,17338,0.010000,49.503000,65.829000,60.785000,6.794911
_home_max_Documents_PhD_MAPF_LNS_MAPF_LNS_SAT_mapf-map_room-64-64-16_map-_home_max_Documents_PhD_MAPF_LNS_MAPF_LNS_SAT_mapf-scen-even_scen-even_room-64-64-16-even-1_scen-agents50-idx5-seed42-1783612275490,/home/max/Documents/PhD/MAPF/LNS/MAPF_LNS_SAT/mapf-map/room-64-64-16.map,/home/max/Documents/PhD/MAPF/LNS/MAPF_LNS_SAT/mapf-scen-even/scen-even/room-64-64-16-even-1.scen,50,5,42,1,188,1259.694000,680520,48977,0.031000,431.909000,310.554000,302.437000,14.255352
_home_max_Documents_PhD_MAPF_LNS_MAPF_LNS_SAT_mapf-map_room-64-64-16_map-_home_max_Documents_PhD_MAPF_LNS_MAPF_LNS_SAT_mapf-scen-even_scen-even_room-64-64-16-even-1_scen-agents50-idx6-seed42-1783612276793,/home/max/Documents/PhD/MAPF/LNS/MAPF_LNS_SAT/mapf-map/room-64-64-16.map,/home/max/Documents/PhD/MAPF/LNS/MAPF_LNS_SAT/mapf-scen-even/scen-even/room-64-64-16-even-1.scen,50,6,42,1,185,812.456000,399738,33874,0.005000,140.609000,187.394000,177.799000,22.096754
