experiment_id,map_path,scenario_path,num_agents,scenario_index,seed,solved,makespan_success,total_runtime_ms,total_cnf_clauses,total_cnf_variables,total_mdd_build_ms,total_cnf_build_ms,total_lazy_wall_ms,total_lazy_solver_wall_ms,total_lazy_solver_reported_ms
_home_max_Documents_PhD_MAPF_LNS_MAPF_LNS_SAT_mapf-map_Berlin_1_256_map-_home_max_Documents_PhD_MAPF_LNS_MAPF_LNS_SAT_mapf-scen-even_scen-even_Berlin_1_256-even-1_scen-agents10-idx0-seed42-1783602058232,/home/max/Documents/PhD/MAPF/LNS/MAPF_LNS_SAT/mapf-map/Berlin_1_256.map,/home/max/Documents/PhD/MAPF/LNS/MAPF_LNS_SAT/mapf-scen-even/scen-even/Berlin_1_256-even-1.scen,10,0,42,1,313,1325.494000,0,0,0.000000,0.000000,0.000000,0.000000,0.000000
_home_max_Documents_PhD_MAPF_LNS_MAPF_LNS_SAT_mapf-map_Berlin_1_256_map-_home_max_Documents_PhD_MAPF_LNS_MAPF_LNS_SAT_mapf-scen-even_scen-even_Berlin_1_256-even-1_scen-agents10-idx1-seed42-1783602059584,/home/max/Documents/PhD/MAPF/LNS/MAPF_LNS_SAT/mapf-map/Berlin_1_256.map,/home/max/Documents/PhD/MAPF/LNS/MAPF_LNS_SAT/mapf-scen-even/scen-even/Berlin_1_256-even-1.scen,10,1,42,1,287,1375.758000,0,0,0.000000,0.000000,0.000000,0.000000,0.000000
_home_max_Documents_PhD_MAPF_LNS_MAPF_LNS_SAT_mapf-map_Berlin_1_256_map-_home_max_Documents_PhD_MAPF_LNS_MAPF_LNS_SAT_mapf-scen-even_scen-even_Berlin_1_256-even-1_scen-agents10-idx2-seed42-1783602060986,/home/max/Documents/PhD/MAPF/LNS/MAPF_LNS_SAT/mapf-map/Berlin_1_256.map,/home/max/Documents/PhD/MAPF/LNS/MAPF_LNS_SAT/mapf-scen-even/scen-even/Berlin_1_256-even-1.scen,10,2,42,1,444,1409.884000,0,0,0.000000,0.000000,0.000000,0.000000,0.000000
_home_max_Documents_PhD_MAPF_LNS_MAPF_LNS_SAT_mapf-map_Berlin_1_256_map-_home_max_Documents_PhD_MAPF_LNS_MAPF_LNS_SAT_mapf-scen-even_scen-even_Berlin_1_256-even-1_scen-agents10-idx3-seed42-1783602062445,/home/max/Documents/PhD/MAPF/LNS/MAPF_LNS_SAT/mapf-map/Berlin_1_256.map,/home/max/Documents/PhD/MAPF/LNS/MAPF_LNS_SAT/mapf-scen-even/scen-even/Berlin_1_256-even-1.scen,10,3,42,1,424,1589.826000,178,62,0.000000,0.110000,0.186000,0.144000,0.023395
_home_max_Documents_PhD_MAPF_LNS_MAPF_LNS_SAT_mapf-map_Berlin_1_256_map-_home_max_Documents_PhD_MAPF_LNS_MAPF_LNS_SAT_mapf-scen-even_scen-even_Berlin_1_256-even-1_scen-agents10-idx4-seed42-1783602064100,/home/max/Documents/PhD/MAPF/LNS/MAPF_LNS_SAT/mapf-map/Berlin_1_256.map,/home/max/Documents/PhD/MAPF/LNS/MAPF_LNS_SAT/mapf-scen-even/scen-even/Berlin_1_256-even-1.scen,10,4,42,1,427,1674.684000,141,32,0.000000,0.054000,0.119000,0.100000,0.016680
_home_max_Documents_PhD_MAPF_LNS_MAPF_LNS_SAT_mapf-map_Berlin_1_256_map-_home_max_Documents_PhD_MAPF_LNS_MAPF_LNS_SAT_mapf-scen-even_scen-even_Berlin_1_256-even-1_scen-agents10-idx5-seed42-1783602065801,/home/max/Documents/PhD/MAPF/LNS/MAPF_LNS_SAT/mapf-map/Berlin_1_256.map,/home/max/Documents/PhD/MAPF/LNS/MAPF_LNS_SAT/mapf-scen-even/scen-even/Berlin_1_256-even-1.scen,10,5,42,1,391,1529.939000,0,0,0.000000,0.000000,0.000000,0.000000,0.000000
_home_max_Documents_PhD_MAPF_LNS_MAPF_LNS_SAT_mapf-map_Berlin_1_256_map-_home_max_Documents_PhD_MAPF_LNS_MAPF_LNS_SAT_mapf-scen-even_scen-even_Berlin_1_256-even-1_scen-agents10-idx6-seed42-1783602067356,/home/max/Documents/PhD/MAPF/LNS/MAPF_LNS_SAT/mapf-map/Berlin_1_256.map,/home/max/Documents/PhD/MAPF/LNS/MAPF_LNS_SAT/mapf-scen-even/scen-even/Berlin_1_256-even-1.scen,10,6,42,1,385,1462.517000,0,0,0.000000,0.000000,0.000000,0.000000,0.000000
_home_max_Documents_PhD_MAPF_LNS_MAPF_LNS_SAT_mapf-map_Berlin_1_256_map-_home_max_Documents_PhD_MAPF_LNS_MAPF_LNS_SAT_mapf-scen-even_scen-even_Berlin_1_256-even-1_scen-agents10-idx7-seed42-1783602068864,/home/max/Documents/PhD/MAPF/LNS/MAPF_LNS_SAT/mapf-map/Berlin_1_256.map,/home/max/Documents/PhD/MAPF/LNS/MAPF_LNS_SAT/mapf-scen-even/scen-even/Berlin_1_256-even-1.scen,10,7,42,1,419,1536.383000,0,0,0.000000,0.000000,0.000000,0.000000,0.000000
_home_max_Documents_PhD_MAPF_LNS_MAPF_LNS_SAT_mapf-map_Berlin_1_256_map-_home_max_Documents_PhD_MAPF_LNS_MAPF_LNS_SAT_mapf-scen-even_scen-even_Berlin_1_256-even-1_scen-agents10-idx8-seed42-1783602070469,/home/max/Documents/PhD/MAPF/LNS/MAPF_LNS_SAT/mapf-map/Berlin_1_256.map,/home/max/Documents/PhD/MAPF/LNS/MAPF_LNS_SAT/mapf-scen-even/scen-even/Berlin_1_256-even-1.scen,10,8,42,1,375,1586.628000,153,66,0.000000,0.113000,0.209000,0.167000,0.036974
_home_max_Documents_PhD_MAPF_LNS_MAPF_LNS_SAT_mapf-map_Berlin_1_256_map-_home_max_Documents_PhD_MAPF_LNS_MAPF_LNS_SAT_mapf-scen-even_scen-even_Berlin_1_256-even-1_scen-agents10-idx9-seed42-1783602072123,/home/max/Documents/PhD/MAPF/LNS/MAPF_LNS_SAT/mapf-map/Berlin_1_256.map,/home/max/Documents/PhD/MAPF/LNS/MAPF_LNS_SAT/mapf-scen-even/scen-even/Berlin_1_256-even-1.scen,10,9,42,1,421,1491.383000,0,0,0.000000,0.000000,0.000000,0.000000,0.000000
_home_max_Documents_PhD_MAPF_LNS_MAPF_LNS_SAT_mapf-map_Berlin_1_256_map-_home_max_Documents_PhD_MAPF_LNS_MAPF_LNS_SAT_mapf-scen-even_scen-even_Berlin_1_256-even-1_scen-agents10-idx10-seed42-1783602073678,/home/max/Documents/PhD/MAPF/LNS/MAPF_LNS_SAT/mapf-map/Berlin_1_256.map,/home/max/Documents/PhD/MAPF/LNS/MAPF_LNS_SAT/mapf-scen-even/scen-even/Berlin_1_256-even-1.scen,10,10,42,1,455,1395.353000,0,0,0.000000,0.000000,0.000000,0.000000,0.000000
_home_max_Documents_PhD_MAPF_LNS_MAPF_LNS_SAT_mapf-map_Berlin_1_256_map-_home_max_Documents_PhD_MAPF_LNS_MAPF_LNS_SAT_mapf-scen-even_scen-even_Berlin_1_256-even-1_scen-agents10-idx11-seed42-1783602075132,/home/max/Documents/PhD/MAPF/LNS/MAPF_LNS_SAT/mapf-map/Berlin_1_256.map,/home/max/Documents/PhD/MAPF/LNS/MAPF_LNS_SAT/mapf-scen-even/scen-even/Berlin_1_256-even-1.scen,10,11,42,1,388,1444.319000,147,34,0.000000,0.054000,0.133000,0.107000,0.019498
_home_max_Documents_PhD_MAPF_LNS_MAPF_LNS_SAT_mapf-map_Berlin_1_256_map-_home_max_Documents_PhD_MAPF_LNS_MAPF_LNS_SAT_mapf-scen-even_scen-even_Berlin_1_256-even-1_scen-agents10-idx12-seed42-1783602076635,/home/max/Documents/PhD/MAPF/LNS/MAPF_LNS_SAT/mapf-map/Berlin_1_256.map,/home/max/Documents/PhD/MAPF/LNS/MAPF_LNS_SAT/mapf-scen-even/scen-even/Berlin_1_256-even-1.scen,10,12,42,1,240,1329.759000,0,0,0.000000,0.000000,0.000000,0.000000,0.000000
_home_max_Documents_PhD_MAPF_LNS_MAPF_LNS_SAT_mapf-map_Berlin_1_256_map-_home_max_Documents_PhD_MAPF_LNS_MAPF_LNS_SAT_mapf-scen-even_scen-even_Berlin_1_256-even-1_scen-agents10-idx13-seed42-1783602077986,/home/max/Documents/PhD/MAPF/LNS/MAPF_LNS_SAT/mapf-map/Berlin_1_256.map,/home/max/Documents/PhD/MAPF/LNS/MAPF_LNS_SAT/mapf-scen-even/scen-even/Berlin_1_256-even-1.scen,10,13,42,1,443,1622.696000,146,34,0.000000,0.056000,0.118000,0.099000,0.013543
_home_max_Documents_PhD_MAPF_LNS_MAPF_LNS_SAT_mapf-map_Berlin_1_256_map-_home_max_Documents_PhD_MAPF_LNS_MAPF_LNS_SAT_mapf-scen-even_scen-even_Berlin_1_256-even-1_scen-agents10-idx14-seed42-1783602079640,/home/max/Documents/PhD/MAPF/LNS/MAPF_LNS_SAT/mapf-map/Berlin_1_256.map,/home/max/Documents/PhD/MAPF/LNS/MAPF_LNS_SAT/mapf-scen-even/scen-even/Berlin_1_256-even-1.scen,10,14,42,1,437,1389.666000,0,0,0.000000,0.000000,0.000000,0.000000,0.000000
_home_max_Documents_PhD_MAPF_LNS_MAPF_LNS_SAT_mapf-map_Berlin_1_256_map-_home_max_Documents_PhD_MAPF_LNS_MAPF_LNS_SAT_mapf-scen-even_scen-even_Berlin_1_256-even-1_scen-agents10-idx15-seed42-1783602081044,/home/max/Documents/PhD/MAPF/LNS/MAPF_LNS_SAT/mapf-map/Berlin_1_256.map,/home/max/Documents/PhD/MAPF/LNS/MAPF_LNS_SAT/mapf-scen-even/scen-even/Berlin_1_256-even-1.scen,10,15,42,1,465,1510.182000,0,0,0.000000,0.000000,0.000000,0.000000,0.000000
_home_max_Documents_PhD_MAPF_LNS_MAPF_LNS_SAT_mapf-map_Berlin_1_256_map-_home_max_Documents_PhD_MAPF_LNS_MAPF_LNS_SAT_mapf-scen-even_scen-even_Berlin_1_256-even-1_scen-agents10-idx16-seed42-1783602082600,/home/max/Documents/PhD/MAPF/LNS/MAPF_LNS_SAT/mapf-map/Berlin_1_256.map,/home/max/Documents/PhD/MAPF/LNS/MAPF_LNS_SAT/mapf-scen-even/scen-even/Berlin_1_256-even-1.scen,10,16,42,1,435,1498.762000,21,11,0.000000,0.028000,0.075000,0.055000,0.008642
_home_max_Documents_PhD_MAPF_LNS_MAPF_LNS_SAT_mapf-map_Berlin_1_256_map-_home_max_Documents_PhD_MAPF_LNS_MAPF_LNS_SAT_mapf-scen-even_scen-even_Berlin_1_256-even-1_scen-agents10-idx17-seed42-1783602084157,/home/max/Documents/PhD/MAPF/LNS/MAPF_LNS_SAT/mapf-map/Berlin_1_256.map,/home/max/Documents/PhD/MAPF/LNS/MAPF_LNS_SAT/mapf-scen-even/scen-even/Berlin_1_256-even-1.scen,10,17,42,1,433,1540.914000,0,0,0.000000,0.000000,0.000000,0.000000,0.000000
_home_max_Documents_PhD_MAPF_LNS_MAPF_LNS_SAT_mapf-map_Berlin_1_256_map-_home_max_Documents_PhD_MAPF_LNS_MAPF_LNS_SAT_mapf-scen-even_scen-even_Berlin_1_256-even-1_scen-agents10-idx18-seed42-1783602085758,/home/max/Documents/PhD/MAPF/LNS/MAPF_LNS_SAT/mapf-map/Berlin_1_256.map,/home/max/Documents/PhD/MAPF/LNS/MAPF_LNS_SAT/mapf-scen-even/scen-even/Berlin_1_256-even-1.scen,10,18,42,1,433,1554.751000,0,0,0.000000,0.000000,0.000000,0.000000,0.000000
_home_max_Documents_PhD_MAPF_LNS_MAPF_LNS_SAT_mapf-map_Berlin_1_256_map-_home_max_Documents_PhD_MAPF_LNS_MAPF_LNS_SAT_mapf-scen-even_scen-even_Berlin_1_256-even-1_scen-agents10-idx19-seed42-1783602087360,/home/max/Documents/PhD/MAPF/LNS/MAPF_LNS_SAT/mapf-map/Berlin_1_256.map,/home/max/Documents/PhD/MAPF/LNS/MAPF_LNS_SAT/mapf-scen-even/scen-even/Berlin_1_256-even-1.scen,10,19,42,1,420,1513.949000,0,0,0.000000,0.000000,0.000000,0.000000,0.000000
_home_max_Documents_PhD_MAPF_LNS_MAPF_LNS_SAT_mapf-map_Berlin_1_256_map-_home_max_Documents_PhD_MAPF_LNS_MAPF_LNS_SAT_mapf-scen-even_scen-even_Berlin_1_256-even-1_scen-agents10-idx20-seed42-1783602088915,/home/max/Documents/PhD/MAPF/LNS/MAPF_LNS_SAT/mapf-map/Berlin_1_256.map,/home/max/Documents/PhD/MAPF/LNS/MAPF_LNS_SAT/mapf-scen-even/scen-even/Berlin_1_256-even-1.scen,10,20,42,1,456,1500.124000,0,0,0.000000,0.000000,0.000000,0.000000,0.000000
_home_max_Documents_PhD_MAPF_LNS_MAPF_LNS_SAT_mapf-map_Berlin_1_256_map-_home_max_Documents_PhD_MAPF_LNS_MAPF_LNS_SAT_mapf-scen-even_scen-even_Berlin_1_256-even-1_scen-agents10-idx21-seed42-1783602090470,/home/max/Documents/PhD/MAPF/LNS/MAPF_LNS_SAT/mapf-map/Berlin_1_256.map,/home/max/Documents/PhD/MAPF/LNS/MAPF_LNS_SAT/mapf-scen-even/scen-even/Berlin_1_256-even-1.scen,10,21,42,1,436,1663.457000,0,0,0.000000,0.000000,0.000000,0.000000,0.000000
_home_max_Documents_PhD_MAPF_LNS_MAPF_LNS_SAT_mapf-map_Berlin_1_256_map-_home_max_Documents_PhD_MAPF_LNS_MAPF_LNS_SAT_mapf-scen-even_scen-even_Berlin_1_256-even-1_scen-agents10-idx22-seed42-1783602092170,/home/max/Documents/PhD/MAPF/LNS/MAPF_LNS_SAT/mapf-map/Berlin_1_256.map,/home/max/Documents/PhD/MAPF/LNS/MAPF_LNS_SAT/mapf-scen-even/scen-even/Berlin_1_256-even-1.scen,10,22,42,1,462,1444.146000,0,0,0.000000,0.000000,0.000000,0.000000,0.000000
_home_max_Documents_PhD_MAPF_LNS_MAPF_LNS_SAT_mapf-map_Berlin_1_256_map-_home_max_Documents_PhD_MAPF_LNS_MAPF_LNS_SAT_mapf-scen-even_scen-even_Berlin_1_256-even-1_scen-agents10-idx23-seed42-1783602093679,/home/max/Documents/PhD/MAPF/LNS/MAPF_LNS_SAT/mapf-map/Berlin_1_256.map,/home/max/Documents/PhD/MAPF/LNS/MAPF_LNS_SAT/mapf-scen-even/scen-even/Berlin_1_256-even-1.scen,10,23,42,1,304,1481.528000,0,0,0.000000,0.000000,0.000000,0.000000,0.000000
_home_max_Documents_PhD_MAPF_LNS_MAPF_LNS_SAT_mapf-map_Berlin_1_256_map-_home_max_Documents_PhD_MAPF_LNS_MAPF_LNS_SAT_mapf-scen-even_scen-even_Berlin_1_256-even-1_scen-agents10-idx24-seed42-1783602095234,/home/max/Documents/PhD/MAPF/LNS/MAPF_LNS_SAT/mapf-map/Berlin_1_256.map,/home/max/Documents/PhD/MAPF/LNS/MAPF_LNS_SAT/mapf-scen-even/scen-even/Berlin_1_256-even-1.scen,10,24,42,1,391,1575.512000,0,0,0.000000,0.000000,0.000000,0.000000,0.000000
_home_max_Documents_PhD_MAPF_LNS_MAPF_LNS_SAT_mapf-map_Berlin_1_256_map-_home_max_Documents_PhD_MAPF_LNS_MAPF_LNS_SAT_mapf-scen-even_scen-even_Berlin_1_256-even-1_scen-agents10-idx25-seed42-1783602096835,/home/max/Documents/PhD/MAPF/LNS/MAPF_LNS_SAT/mapf-map/Berlin_1_256.map,/home/max/Documents/PhD/MAPF/LNS/MAPF_LNS_SAT/mapf-scen-even/scen-even/Berlin_1_256-even-1.scen,10,25,42,1,423,1491.141000,0,0,0.000000,0.000000,0.000000,0.000000,0.000000
_home_max_Documents_PhD_MAPF_LNS_MAPF_LNS_SAT_mapf-map_Berlin_1_256_map-_home_max_Documents_PhD_MAPF_LNS_MAPF_LNS_SAT_mapf-scen-even_scen-even_Berlin_1_256-even-1_scen-agents10-idx26-seed42-1783602098339,/home/max/Documents/PhD/MAPF/LNS/MAPF_LNS_SAT/mapf-map/Berlin_1_256.map,/home/max/Documents/PhD/MAPF/LNS/MAPF_LNS_SAT/mapf-scen-even/scen-even/Berlin_1_256-even-1.scen,10,26,42,1,407,1368.197000,141,32,0.000000,0.056000,0.118000,0.099000,0.019504
_home_max_Documents_PhD_MAPF_LNS_MAPF_LNS_SAT_mapf-map_Berlin_1_256_map-_home_max_Documents_PhD_MAPF_LNS_MAPF_LNS_SAT_mapf-scen-even_scen-even_Berlin_1_256-even-1_scen-agents10-idx27-seed42-1783602099747,/home/max/Documents/PhD/MAPF/LNS/MAPF_LNS_SAT/mapf-map/Berlin_1_256.map,/home/max/Documents/PhD/MAPF/LNS/MAPF_LNS_SAT/mapf-scen-even/scen-even/Berlin_1_256-even-1.scen,10,27,42,1,415,1522.735000,253,85,0.000000,0.128000,0.275000,0.216000,0.031645
_home_max_Documents_PhD_MAPF_LNS_MAPF_LNS_SAT_mapf-map_Berlin_1_256_map-_home_max_Documents_PhD_MAPF_LNS_MAPF_LNS_SAT_mapf-scen-even_scen-even_Berlin_1_256-even-1_scen-agents10-idx28-seed42-1783602101299,/home/max/Documents/PhD/MAPF/LNS/MAPF_LNS_SAT/mapf-map/Berlin_1_256.map,/home/max/Documents/PhD/MAPF/LNS/MAPF_LNS_SAT/mapf-scen-even/scen-even/Berlin_1_256-even-1.scen,10,28,42,1,439,1675.784000,266,84,0.001000,0.137000,0.313000,0.243000,0.039574
_home_max_Documents_PhD_MAPF_LNS_MAPF_LNS_SAT_mapf-map_Berlin_1_256_map-_home_max_Documents_PhD_MAPF_LNS_MAPF_LNS_SAT_mapf-scen-even_scen-even_Berlin_1_256-even-1_scen-agents10-idx29-seed42-1783602103002,/home/max/Documents/PhD/MAPF/LNS/MAPF_LNS_SAT/mapf-map/Berlin_1_256.map,/home/max/Documents/PhD/MAPF/LNS/MAPF_LNS_SAT/mapf-scen-even/scen-even/Berlin_1_256-even-1.scen,10,29,42,1,449,1568.004000,0,0,0.000000,0.000000,0.000000,0.000000,0.000000
_home_max_Documents_PhD_MAPF_LNS_MAPF_LNS_SAT_mapf-map_Berlin_1_256_map-_home_max_Documents_PhD_MAPF_LNS_MAPF_LNS_SAT_mapf-scen-even_scen-even_Berlin_1_256-even-1_scen-agents10-idx30-seed42-1783602104609,/home/max/Documents/PhD/MAPF/LNS/MAPF_LNS_SAT/mapf-map/Berlin_1_256.map,/home/max/Documents/PhD/MAPF/LNS/MAPF_LNS_SAT/mapf-scen-even/scen-even/Berlin_1_256-even-1.scen,10,30,42,1,383,1405.579000,0,0,0.000000,0.000000,0.000000,0.000000,0.000000
_home_max_Documents_PhD_MAPF_LNS_MAPF_LNS_SAT_mapf-map_Berlin_1_256_map-_home_max_Documents_PhD_MAPF_LNS_MAPF_LNS_SAT_mapf-scen-even_scen-even_Berlin_1_256-even-1_scen-agents10-idx31-seed42-1783602106064,/home/max/Documents/PhD/MAPF/LNS/MAPF_LNS_SAT/mapf-map/Berlin_1_256.map,/home/max/Documents/PhD/MAPF/LNS/MAPF_LNS_SAT/mapf-scen-even/scen-even/Berlin_1_256-even-1.scen,10,31,42,1,438,1513.894000,28,14,0.000000,0.024000,0.072000,0.056000,0.011043
_home_max_Documents_PhD_MAPF_LNS_MAPF_LNS_SAT_mapf-map_Berlin_1_256_map-_home_max_Documents_PhD_MAPF_LNS_MAPF_LNS_SAT_mapf-scen-even_scen-even_Berlin_1_256-even-1_scen-agents10-idx32-seed42-1783602107616,/home/max/Documents/PhD/MAPF/LNS/MAPF_LNS_SAT/mapf-map/Berlin_1_256.map,/home/max/Documents/PhD/MAPF/LNS/MAPF_LNS_SAT/mapf-scen-even/scen-even/Berlin_1_256-even-1.scen,10,32,42,1,453,1655.525000,0,0,0.000000,0.000000,0.000000,0.000000,0.000000
_home_max_Documents_PhD_MAPF_LNS_MAPF_LNS_SAT_mapf-map_Berlin_1_256_map-_home_max_Documents_PhD_MAPF_LNS_MAPF_LNS_SAT_mapf-scen-even_scen-even_Berlin_1_256-even-1_scen-agents10-idx33-seed42-1783602109323,/home/max/Documents/PhD/MAPF/LNS/MAPF_LNS_SAT/mapf-map/Berlin_1_256.map,/home/max/Documents/PhD/MAPF/LNS/MAPF_LNS_SAT/mapf-scen-even/scen-even/Berlin_1_256-even-1.scen,10,33,42,1,380,1334.484000,33,17,0.000000,0.024000,0.047000,0.038000,0.008659
_home_max_Documents_PhD_MAPF_LNS_MAPF_LNS_SAT_mapf-map_Berlin_1_256_map-_home_max_Documents_PhD_MAPF_LNS_MAPF_LNS_SAT_mapf-scen-even_scen-even_Berlin_1_256-even-1_scen-agents10-idx34-seed42-1783602110675,/home/max/Documents/PhD/MAPF/LNS/MAPF_LNS_SAT/mapf-map/Berlin_1_256.map,/home/max/Documents/PhD/MAPF/LNS/MAPF_LNS_SAT/mapf-scen-even/scen-even/Berlin_1_256-even-1.scen,10,34,42,1,433,1541.698000,138,30,0.000000,0.052000,0.126000,0.103000,0.021525
_home_max_Documents_PhD_MAPF_LNS_MAPF_LNS_SAT_mapf-map_Berlin_1_256_map-_home_max_Documents_PhD_MAPF_LNS_MAPF_LNS_SAT_mapf-scen-even_scen-even_Berlin_1_256-even-1_scen-agents10-idx35-seed42-1783602112283,/home/max/Documents/PhD/MAPF/LNS/MAPF_LNS_SAT/mapf-map/Berlin_1_256.map,/home/max/Documents/PhD/MAPF/LNS/MAPF_LNS_SAT/mapf-scen-even/scen-even/Berlin_1_256-even-1.scen,10,35,42,1,449,1596.272000,679,329,0.000000,0.519000,0.588000,0.454000,0.050454
_home_max_Documents_PhD_MAPF_LNS_MAPF_LNS_SAT_mapf-map_Berlin_1_256_map-_home_max_Documents_PhD_MAPF_LNS_MAPF_LNS_SAT_mapf-scen-even_scen-even_Berlin_1_256-even-1_scen-agents10-idx36-seed42-1783602113939,/home/max/Documents/PhD/MAPF/LNS/MAPF_LNS_SAT/mapf-map/Berlin_1_256.map,/home/max/Documents/PhD/MAPF/LNS/MAPF_LNS_SAT/mapf-scen-even/scen-even/Berlin_1_256-even-1.scen,10,36,42,1,398,1496.365000,0,0,0.000000,0.000000,0.000000,0.000000,0.000000
_home_max_Documents_PhD_MAPF_LNS_MAPF_LNS_SAT_mapf-map_Berlin_1_256_map-_home_max_Documents_PhD_MAPF_LNS_MAPF_LNS_SAT_mapf-scen-even_scen-even_Berlin_1_256-even-1_scen-agents10-idx37-seed42-1783602115492,/home/max/Documents/PhD/MAPF/LNS/MAPF_LNS_SAT/mapf-map/Berlin_1_256.map,/home/max/Documents/PhD/MAPF/LNS/MAPF_LNS_SAT/mapf-scen-even/scen-even/Berlin_1_256-even-1.scen,10,37,42,1,314,1544.853000,0,0,0.000000,0.000000,0.000000,0.000000,0.000000
_home_max_Documents_PhD_MAPF_LNS_MAPF_LNS_SAT_mapf-map_Berlin_1_256_map-_home_max_Documents_PhD_MAPF_LNS_MAPF_LNS_SAT_mapf-scen-even_scen-even_Berlin_1_256-even-1_scen-agents10-idx38-seed42-1783602117096,/home/max/Documents/PhD/MAPF/LNS/MAPF_LNS_SAT/mapf-map/Berlin_1_256.map,/home/max/Documents/PhD/MAPF/LNS/MAPF_LNS_SAT/mapf-scen-even/scen-even/Berlin_1_256-even-1.scen,10,38,42,1,453,1516.556000,0,0,0.000000,0.000000,0.000000,0.000000,0.000000
_home_max_Documents_PhD_MAPF_LNS_MAPF_LNS_SAT_mapf-map_Berlin_1_256_map-_home_max_Documents_PhD_MAPF_LNS_MAPF_LNS_SAT_mapf-scen-even_scen-even_Berlin_1_256-even-1_scen-agents10-idx39-seed42-1783602118649,/home/max/Documents/PhD/MAPF/LNS/MAPF_LNS_SAT/mapf-map/Berlin_1_256.map,/home/max/Documents/PhD/MAPF/LNS/MAPF_LNS_SAT/mapf-scen-even/scen-even/Berlin_1_256-even-1.scen,10,39,42,1,429,1439.336000,0,0,0.000000,0.000000,0.000000,0.000000,0.000000
_home_max_Documents_PhD_MAPF_LNS_MAPF_LNS_SAT_mapf-map_Berlin_1_256_map-_home_max_Documents_PhD_MAPF_LNS_MAPF_LNS_SAT_mapf-scen-even_scen-even_Berlin_1_256-even-1_scen-agents10-idx40-seed42-1783602120155,/home/max/Documents/PhD/MAPF/LNS/MAPF_LNS_SAT/mapf-map/Berlin_1_256.map,/home/max/Documents/PhD/MAPF/LNS/MAPF_LNS_SAT/mapf-scen-even/scen-even/Berlin_1_256-even-1.scen,10,40,42,1,452,1528.771000,147,34,0.000000,0.068000,0.134000,0.110000,0.021913
_home_max_Documents_PhD_MAPF_LNS_MAPF_LNS_SAT_mapf-map_Berlin_1_256_map-_home_max_Documents_PhD_MAPF_LNS_MAPF_LNS_SAT_mapf-scen-even_scen-even_Berlin_1_256-even-1_scen-agents10-idx41-seed42-1783602121705,/home/max/Documents/PhD/MAPF/LNS/MAPF_LNS_SAT/mapf-map/Berlin_1_256.map,/home/max/Documents/PhD/MAPF/LNS/MAPF_LNS_SAT/mapf-scen-even/scen-even/Berlin_1_256-even-1.scen,10,41,42,1,448,1622.656000,0,0,0.000000,0.000000,0.000000,0.000000,0.000000
_home_max_Documents_PhD_MAPF_LNS_MAPF_LNS_SAT_mapf-map_Berlin_1_256_map-_home_max_Documents_PhD_MAPF_LNS_MAPF_LNS_SAT_mapf-scen-even_scen-even_Berlin_1_256-even-1_scen-agents10-idx42-seed42-1783602123359,/home/max/Documents/PhD/MAPF/LNS/MAPF_LNS_SAT/mapf-map/Berlin_1_256.map,/home/max/Documents/PhD/MAPF/LNS/MAPF_LNS_SAT/mapf-scen-even/scen-even/Berlin_1_256-even-1.scen,10,42,42,1,439,1483.393000,0,0,0.000000,0.000000,0.000000,0.000000,0.000000
_home_max_Documents_PhD_MAPF_LNS_MAPF_LNS_SAT_mapf-map_Berlin_1_256_map-_home_max_Documents_PhD_MAPF_LNS_MAPF_LNS_SAT_mapf-scen-even_scen-even_Berlin_1_256-even-1_scen-agents10-idx43-seed42-1783602124917,/home/max/Documents/PhD/MAPF/LNS/MAPF_LNS_SAT/mapf-map/Berlin_1_256.map,/home/max/Documents/PhD/MAPF/LNS/MAPF_LNS_SAT/mapf-scen-even/scen-even/Berlin_1_256-even-1.scen,10,43,42,1,411,1490.188000,0,0,0.000000,0.000000,0.000000,0.000000,0.000000
_home_max_Documents_PhD_MAPF_LNS_MAPF_LNS_SAT_mapf-map_Berlin_1_256_map-_home_max_Documents_PhD_MAPF_LNS_MAPF_LNS_SAT_mapf-scen-even_scen-even_Berlin_1_256-even-1_scen-agents10-idx44-seed42-1783602126473,/home/max/Documents/PhD/MAPF/LNS/MAPF_LNS_SAT/mapf-map/Berlin_1_256.map,/home/max/Documents/PhD/MAPF/LNS/MAPF_LNS_SAT/mapf-scen-even/scen-even/Berlin_1_256-even-1.scen,10,44,42,1,443,1587.209000,0,0,0.000000,0.000000,0.000000,0.000000,0.000000
_home_max_Documents_PhD_MAPF_LNS_MAPF_LNS_SAT_mapf-map_Berlin_1_256_map-_home_max_Documents_PhD_MAPF_LNS_MAPF_LNS_SAT_mapf-scen-even_scen-even_Berlin_1_256-even-1_scen-agents10-idx45-seed42-1783602128126,/home/max/Documents/PhD/MAPF/LNS/MAPF_LNS_SAT/mapf-map/Berlin_1_256.map,/home/max/Documents/PhD/MAPF/LNS/MAPF_LNS_SAT/mapf-scen-even/scen-even/Berlin_1_256-even-1.scen,10,45,42,1,449,1619.703000,0,0,0.000000,0.000000,0.000000,0.000000,0.000000
_home_max_Documents_PhD_MAPF_LNS_MAPF_LNS_SAT_mapf-map_Berlin_1_256_map-_home_max_Documents_PhD_MAPF_LNS_MAPF_LNS_SAT_mapf-scen-even_scen-even_Berlin_1_256-even-1_scen-agents10-idx46-seed42-1783602129777,/home/max/Documents/PhD/MAPF/LNS/MAPF_LNS_SAT/mapf-map/Berlin_1_256.map,/home/max/Documents/PhD/MAPF/LNS/MAPF_LNS_SAT/mapf-scen-even/scen-even/Berlin_1_256-even-1.scen,10,46,42,1,414,1530.448000,0,0,0.000000,0.000000,0.000000,0.000000,0.000000
_home_max_Documents_PhD_MAPF_LNS_MAPF_LNS_SAT_mapf-map_Berlin_1_256_map-_home_max_Documents_PhD_MAPF_LNS_MAPF_LNS_SAT_mapf-scen-even_scen-even_Berlin_1_256-even-1_scen-agents10-idx47-seed42-1783602131330,/home/max/Documents/PhD/MAPF/LNS/MAPF_LNS_SAT/mapf-map/Berlin_1_256.map,/home/max/Documents/PhD/MAPF/LNS/MAPF_LNS_SAT/mapf-scen-even/scen-even/Berlin_1_256-even-1.scen,10,47,42,1,453,1653.146000,0,0,0.000000,0.000000,0.000000,0.000000,0.000000
_home_max_Documents_PhD_MAPF_LNS_MAPF_LNS_SAT_mapf-map_Berlin_1_256_map-_home_max_Documents_PhD_MAPF_LNS_MAPF_LNS_SAT_mapf-scen-even_scen-even_Berlin_1_256-even-1_scen-agents10-idx48-seed42-1783602133039,/home/max/Documents/PhD/MAPF/LNS/MAPF_LNS_SAT/mapf-map/Berlin_1_256.map,/home/max/Documents/PhD/MAPF/LNS/MAPF_LNS_SAT/mapf-scen-even/scen-even/Berlin_1_256-even-1.scen,10,48,42,1,440,1717.288000,0,0,0.000000,0.000000,0.000000,0.000000,0.000000
_home_max_Documents_PhD_MAPF_LNS_MAPF_LNS_SAT_mapf-map_Berlin_1_256_map-_home_max_Documents_PhD_MAPF_LNS_MAPF_LNS_SAT_mapf-scen-even_scen-even_Berlin_1_256-even-1_scen-agents10-idx49-seed42-1783602134790,/home/max/Documents/PhD/MAPF/LNS/MAPF_LNS_SAT/mapf-map/Berlin_1_256.map,/home/max/Documents/PhD/MAPF/LNS/MAPF_LNS_SAT/mapf-scen-even/scen-even/Berlin_1_256-even-1.scen,10,49,42,1,431,1697.611000,21,11,0.000000,0.015000,0.059000,0.041000,0.011931
_home_max_Documents_PhD_MAPF_LNS_MAPF_LNS_SAT_mapf-map_Berlin_1_256_map-_home_max_Documents_PhD_MAPF_LNS_MAPF_LNS_SAT_mapf-scen-even_scen-even_Berlin_1_256-even-1_scen-agents10-idx50-seed42-1783602136548,/home/max/Documents/PhD/MAPF/LNS/MAPF_LNS_SAT/mapf-map/Berlin_1_256.map,/home/max/Documents/PhD/MAPF/LNS/MAPF_LNS_SAT/mapf-scen-even/scen-even/Berlin_1_256-even-1.scen,10,50,42,1,455,1573.956000,0,0,0.000000,0.000000,0.000000,0.000000,0.000000
_home_max_Documents_PhD_MAPF_LNS_MAPF_LNS_SAT_mapf-map_Berlin_1_256_map-_home_max_Documents_PhD_MAPF_LNS_MAPF_LNS_SAT_mapf-scen-even_scen-even_Berlin_1_256-even-1_scen-agents10-idx51-seed42-1783602138148,/home/max/Documents/PhD/MAPF/LNS/MAPF_LNS_SAT/mapf-map/Berlin_1_256.map,/home/max/Documents/PhD/MAPF/LNS/MAPF_LNS_SAT/mapf-scen-even/scen-even/Berlin_1_256-even-1.scen,10,51,42,1,386,1514.157000,0,0,0.000000,0.000000,0.000000,0.000000,0.000000
_home_max_Documents_PhD_MAPF_LNS_MAPF_LNS_SAT_mapf-map_Berlin_1_256_map-_home_max_Documents_PhD_MAPF_LNS_MAPF_LNS_SAT_mapf-scen-even_scen-even_Berlin_1_256-even-1_scen-agents10-idx52-seed42-1783602139706,/home/max/Documents/PhD/MAPF/LNS/MAPF_LNS_SAT/mapf-map/Berlin_1_256.map,/home/max/Documents/PhD/MAPF/LNS/MAPF_LNS_SAT/mapf-scen-even/scen-even/Berlin_1_256-even-1.scen,10,52,42,1,433,1574.268000,0,0,0.000000,0.000000,0.000000,0.000000,0.000000
_home_max_Documents_PhD_MAPF_LNS_MAPF_LNS_SAT_mapf-map_Berlin_1_256_map-_home_max_Documents_PhD_MAPF_LNS_MAPF_LNS_SAT_mapf-scen-even_scen-even_Berlin_1_256-even-1_scen-agents10-idx53-seed42-1783602141307,/home/max/Documents/PhD/MAPF/LNS/MAPF_LNS_SAT/mapf-map/Berlin_1_256.map,/home/max/Documents/PhD/MAPF/LNS/MAPF_LNS_SAT/mapf-scen-even/scen-even/Berlin_1_256-even-1.scen,10,53,42,1,385,1450.475000,0,0,0.000000,0.000000,0.000000,0.000000,0.000000
_home_max_Documents_PhD_MAPF_LNS_MAPF_LNS_SAT_mapf-map_Berlin_1_256_map-_home_max_Documents_PhD_MAPF_LNS_MAPF_LNS_SAT_mapf-scen-even_scen-even_Berlin_1_256-even-1_scen-agents10-idx54-seed42-1783602142815,/home/max/Documents/PhD/MAPF/LNS/MAPF_LNS_SAT/mapf-map/Berlin_1_256.map,/home/max/Documents/PhD/MAPF/LNS/MAPF_LNS_SAT/mapf-scen-even/scen-even/Berlin_1_256-even-1.scen,10,54,42,1,437,1595.195000,0,0,0.000000,0.000000,0.000000,0.000000,0.000000
_home_max_Documents_PhD_MAPF_LNS_MAPF_LNS_SAT_mapf-map_Berlin_1_256_map-_home_max_Documents_PhD_MAPF_LNS_MAPF_LNS_SAT_mapf-scen-even_scen-even_Berlin_1_256-even-1_scen-agents10-idx55-seed42-1783602144469,/home/max/Documents/PhD/MAPF/LNS/MAPF_LNS_SAT/mapf-map/Berlin_1_256.map,/home/max/Documents/PhD/MAPF/LNS/MAPF_LNS_SAT/mapf-scen-even/scen-even/Berlin_1_256-even-1.scen,10,55,42,1,428,1350.675000,48,25,0.000000,0.030000,0.077000,0.058000,0.010560
_home_max_Documents_PhD_MAPF_LNS_MAPF_LNS_SAT_mapf-map_Berlin_1_256_map-_home_max_Documents_PhD_MAPF_LNS_MAPF_LNS_SAT_mapf-scen-even_scen-even_Berlin_1_256-even-1_scen-agents10-idx56-seed42-1783602145874,/home/max/Documents/PhD/MAPF/LNS/MAPF_LNS_SAT/mapf-map/Berlin_1_256.map,/home/max/Documents/PhD/MAPF/LNS/MAPF_LNS_SAT/mapf-scen-even/scen-even/Berlin_1_256-even-1.scen,10,56,42,1,396,1586.091000,0,0,0.000000,0.000000,0.000000,0.000000,0.000000
_home_max_Documents_PhD_MAPF_LNS_MAPF_LNS_SAT_mapf-map_Berlin_1_256_map-_home_max_Documents_PhD_MAPF_LNS_MAPF_LNS_SAT_mapf-scen-even_scen-even_Berlin_1_256-even-1_scen-agents10-idx57-seed42-1783602147529,/home/max/Documents/PhD/MAPF/LNS/MAPF_LNS_SAT/mapf-map/Berlin_1_256.map,/home/max/Documents/PhD/MAPF/LNS/MAPF_LNS_SAT/mapf-scen-even/scen-even/Berlin_1_256-even-1.scen,10,57,42,1,411,1622.142000,0,0,0.000000,0.000000,0.000000,0.000000,0.000000
_home_max_Documents_PhD_MAPF_LNS_MAPF_LNS_SAT_mapf-map_Berlin_1_256_map-_home_max_Documents_PhD_MAPF_LNS_MAPF_LNS_SAT_mapf-scen-even_scen-even_Berlin_1_256-even-1_scen-agents10-idx58-seed42-1783602149180,/home/max/Documents/PhD/MAPF/LNS/MAPF_LNS_SAT/mapf-map/Berlin_1_256.map,/home/max/Documents/PhD/MAPF/LNS/MAPF_LNS_SAT/mapf-scen-even/scen-even/Berlin_1_256-even-1.scen,10,58,42,1,420,1427.398000,27,14,0.000000,0.024000,0.058000,0.040000,0.009810
_home_max_Documents_PhD_MAPF_LNS_MAPF_LNS_SAT_mapf-map_Berlin_1_256_map-_home_max_Documents_PhD_MAPF_LNS_MAPF_LNS_SAT_mapf-scen-even_scen-even_Berlin_1_256-even-1_scen-agents10-idx59-seed42-1783602150633,/home/max/Documents/PhD/MAPF/LNS/MAPF_LNS_SAT/mapf-map/Berlin_1_256.map,/home/max/Documents/PhD/MAPF/LNS/MAPF_LNS_SAT/mapf-scen-even/scen-even/Berlin_1_256-even-1.scen,10,59,42,1,417,1446.097000,0,0,0.000000,0.000000,0.000000,0.000000,0.000000
_home_max_Documents_PhD_MAPF_LNS_MAPF_LNS_SAT_mapf-map_Berlin_1_256_map-_home_max_Documents_PhD_MAPF_LNS_MAPF_LNS_SAT_mapf-scen-even_scen-even_Berlin_1_256-even-1_scen-agents10-idx60-seed42-1783602152141,/home/max/Documents/PhD/MAPF/LNS/MAPF_LNS_SAT/mapf-map/Berlin_1_256.map,/home/max/Documents/PhD/MAPF/LNS/MAPF_LNS_SAT/mapf-scen-even/scen-even/Berlin_1_256-even-1.scen,10,60,42,1,429,1476.432000,0,0,0.000000,0.000000,0.000000,0.000000,0.000000
_home_max_Documents_PhD_MAPF_LNS_MAPF_LNS_SAT_mapf-map_Berlin_1_256_map-_home_max_Documents_PhD_MAPF_LNS_MAPF_LNS_SAT_mapf-scen-even_scen-even_Berlin_1_256-even-1_scen-agents10-idx61-seed42-1783602153641,/home/max/Documents/PhD/MAPF/LNS/MAPF_LNS_SAT/mapf-map/Berlin_1_256.map,/home/max/Documents/PhD/MAPF/LNS/MAPF_LNS_SAT/mapf-scen-even/scen-even/Berlin_1_256-even-1.scen,10,61,42,1,424,1498.841000,137,30,0.000000,0.046000,0.120000,0.100000,0.017653
_home_max_Documents_PhD_MAPF_LNS_MAPF_LNS_SAT_mapf-map_Berlin_1_256_map-_home_max_Documents_PhD_MAPF_LNS_MAPF_LNS_SAT_mapf-scen-even_scen-even_Berlin_1_256-even-1_scen-agents10-idx62-seed42-1783602155199,/home/max/Documents/PhD/MAPF/LNS/MAPF_LNS_SAT/mapf-map/Berlin_1_256.map,/home/max/Documents/PhD/MAPF/LNS/MAPF_LNS_SAT/mapf-scen-even/scen-even/Berlin_1_256-even-1.scen,10,62,42,1,420,1469.228000,0,0,0.000000,0.000000,0.000000,0.000000,0.000000
_home_max_Documents_PhD_MAPF_LNS_MAPF_LNS_SAT_mapf-map_Berlin_1_256_map-_home_max_Documents_PhD_MAPF_LNS_MAPF_LNS_SAT_mapf-scen-even_scen-even_Berlin_1_256-even-1_scen-agents10-idx63-seed42-1783602156701,/home/max/Documents/PhD/MAPF/LNS/MAPF_LNS_SAT/mapf-map/Berlin_1_256.map,/home/max/Documents/PhD/MAPF/LNS/MAPF_LNS_SAT/mapf-scen-even/scen-even/Berlin_1_256-even-1.scen,10,63,42,1,452,1482.729000,173,64,0.000000,0.126000,0.204000,0.157000,0.023670
_home_max_Documents_PhD_MAPF_LNS_MAPF_LNS_SAT_mapf-map_Berlin_1_256_map-_home_max_Documents_PhD_MAPF_LNS_MAPF_LNS_SAT_mapf-scen-even_scen-even_Berlin_1_256-even-1_scen-agents10-idx64-seed42-1783602158203,/home/max/Documents/PhD/MAPF/LNS/MAPF_LNS_SAT/mapf-map/Berlin_1_256.map,/home/max/Documents/PhD/MAPF/LNS/MAPF_LNS_SAT/mapf-scen-even/scen-even/Berlin_1_256-even-1.scen,10,64,42,1,420,1425.572000,0,0,0.000000,0.000000,0.000000,0.000000,0.000000
_home_max_Documents_PhD_MAPF_LNS_MAPF_LNS_SAT_mapf-map_Berlin_1_256_map-_home_max_Documents_PhD_MAPF_LNS_MAPF_LNS_SAT_mapf-scen-even_scen-even_Berlin_1_256-even-1_scen-agents10-idx65-seed42-1783602159657,/home/max/Documents/PhD/MAPF/LNS/MAPF_LNS_SAT/mapf-map/Berlin_1_256.map,/home/max/Documents/PhD/MAPF/LNS/MAPF_LNS_SAT/mapf-scen-even/scen-even/Berlin_1_256-even-1.scen,10,65,42,1,433,1540.119000,0,0,0.000000,0.000000,0.000000,0.000000,0.000000
_home_max_Documents_PhD_MAPF_LNS_MAPF_LNS_SAT_mapf-map_Berlin_1_256_map-_home_max_Documents_PhD_MAPF_LNS_MAPF_LNS_SAT_mapf-scen-even_scen-even_Berlin_1_256-even-1_scen-agents10-idx66-seed42-1783602161263,/home/max/Documents/PhD/MAPF/LNS/MAPF_LNS_SAT/mapf-map/Berlin_1_256.map,/home/max/Documents/PhD/MAPF/LNS/MAPF_LNS_SAT/mapf-scen-even/scen-even/Berlin_1_256-even-1.scen,10,66,42,1,417,1767.490000,0,0,0.000000,0.000000,0.000000,0.000000,0.000000
_home_max_Documents_PhD_MAPF_LNS_MAPF_LNS_SAT_mapf-map_Berlin_1_256_map-_home_max_Documents_PhD_MAPF_LNS_MAPF_LNS_SAT_mapf-scen-even_scen-even_Berlin_1_256-even-1_scen-agents10-idx67-seed42-1783602163064,/home/max/Documents/PhD/MAPF/LNS/MAPF_LNS_SAT/mapf-map/Berlin_1_256.map,/home/max/Documents/PhD/MAPF/LNS/MAPF_LNS_SAT/mapf-scen-even/scen-even/Berlin_1_256-even-1.scen,10,67,42,1,454,1415.719000,0,0,0.000000,0.000000,0.000000,0.000000,0.000000
_home_max_Documents_PhD_MAPF_LNS_MAPF_LNS_SAT_mapf-map_Berlin_1_256_map-_home_max_Documents_PhD_MAPF_LNS_MAPF_LNS_SAT_mapf-scen-even_scen-even_Berlin_1_256-even-1_scen-agents10-idx68-seed42-1783602164519,/home/max/Documents/PhD/MAPF/LNS/MAPF_LNS_SAT/mapf-map/Berlin_1_256.map,/home/max/Documents/PhD/MAPF/LNS/MAPF_LNS_SAT/mapf-scen-even/scen-even/Berlin_1_256-even-1.scen,10,68,42,1,416,1437.832000,178,62,0.000000,0.112000,0.178000,0.142000,0.024270
_home_max_Documents_PhD_MAPF_LNS_MAPF_LNS_SAT_mapf-map_Berlin_1_256_map-_home_max_Documents_PhD_MAPF_LNS_MAPF_LNS_SAT_mapf-scen-even_scen-even_Berlin_1_256-even-1_scen-agents10-idx69-seed42-1783602166029,/home/max/Documents/PhD/MAPF/LNS/MAPF_LNS_SAT/mapf-map/Berlin_1_256.map,/home/max/Documents/PhD/MAPF/LNS/MAPF_LNS_SAT/mapf-scen-even/scen-even/Berlin_1_256-even-1.scen,10,69,42,1,416,1511.161000,0,0,0.000000,0.000000,0.000000,0.000000,0.000000
_home_max_Documents_PhD_MAPF_LNS_MAPF_LNS_SAT_mapf-map_Berlin_1_256_map-_home_max_Documents_PhD_MAPF_LNS_MAPF_LNS_SAT_mapf-scen-even_scen-even_Berlin_1_256-even-1_scen-agents10-idx70-seed42-1783602167577,/home/max/Documents/PhD/MAPF/LNS/MAPF_LNS_SAT/mapf-map/Berlin_1_256.map,/home/max/Documents/PhD/MAPF/LNS/MAPF_LNS_SAT/mapf-scen-even/scen-even/Berlin_1_256-even-1.scen,10,70,42,1,379,1426.373000,20,11,0.000000,0.014000,0.040000,0.031000,0.008151
_home_max_Documents_PhD_MAPF_LNS_MAPF_LNS_SAT_mapf-map_Berlin_1_256_map-_home_max_Documents_PhD_MAPF_LNS_MAPF_LNS_SAT_mapf-scen-even_scen-even_Berlin_1_256-even-1_scen-agents10-idx71-seed42-1783602169030,/home/max/Documents/PhD/MAPF/LNS/MAPF_LNS_SAT/mapf-map/Berlin_1_256.map,/home/max/Documents/PhD/MAPF/LNS/MAPF_LNS_SAT/mapf-scen-even/scen-even/Berlin_1_256-even-1.scen,10,71,42,1,419,1459.373000,0,0,0.000000,0.000000,0.000000,0.000000,0.000000
_home_max_Documents_PhD_MAPF_LNS_MAPF_LNS_SAT_mapf-map_Berlin_1_256_map-_home_max_Documents_PhD_MAPF_LNS_MAPF_LNS_SAT_mapf-scen-even_scen-even_Berlin_1_256-even-1_scen-agents10-idx72-seed42-1783602170537,/home/max/Documents/PhD/MAPF/LNS/MAPF_LNS_SAT/mapf-map/Berlin_1_256.map,/home/max/Documents/PhD/MAPF/LNS/MAPF_LNS_SAT/mapf-scen-even/scen-even/Berlin_1_256-even-1.scen,10,72,42,1,457,1739.127000,25,13,0.000000,0.025000,0.056000,0.040000,0.009267
_home_max_Documents_PhD_MAPF_LNS_MAPF_LNS_SAT_mapf-map_Berlin_1_256_map-_home_max_Documents_PhD_MAPF_LNS_MAPF_LNS_SAT_mapf-scen-even_scen-even_Berlin_1_256-even-1_scen-agents10-idx73-seed42-1783602172343,/home/max/Documents/PhD/MAPF/LNS/MAPF_LNS_SAT/mapf-map/Berlin_1_256.map,/home/max/Documents/PhD/MAPF/LNS/MAPF_LNS_SAT/mapf-scen-even/scen-even/Berlin_1_256-even-1.scen,10,73,42,1,411,1548.350000,0,0,0.000000,0.000000,0.000000,0.000000,0.000000
_home_max_Documents_PhD_MAPF_LNS_MAPF_LNS_SAT_mapf-map_Berlin_1_256_map-_home_max_Documents_PhD_MAPF_LNS_MAPF_LNS_SAT_mapf-scen-even_scen-even_Berlin_1_256-even-1_scen-agents10-idx74-seed42-1783602173946,/home/max/Documents/PhD/MAPF/LNS/MAPF_LNS_SAT/mapf-map/Berlin_1_256.map,/home/max/Documents/PhD/MAPF/LNS/MAPF_LNS_SAT/mapf-scen-even/scen-even/Berlin_1_256-even-1.scen,10,74,42,1,401,1555.547000,0,0,0.000000,0.000000,0.000000,0.000000,0.000000
_home_max_Documents_PhD_MAPF_LNS_MAPF_LNS_SAT_mapf-map_Berlin_1_256_map-_home_max_Documents_PhD_MAPF_LNS_MAPF_LNS_SAT_mapf-scen-even_scen-even_Berlin_1_256-even-1_scen-agents10-idx75-seed42-1783602175551,/home/max/Documents/PhD/MAPF/LNS/MAPF_LNS_SAT/mapf-map/Berlin_1_256.map,/home/max/Documents/PhD/MAPF/LNS/MAPF_LNS_SAT/mapf-scen-even/scen-even/Berlin_1_256-even-1.scen,10,75,42,1,464,1524.814000,224,84,0.000000,0.114000,0.265000,0.199000,0.034028
_home_max_Documents_PhD_MAPF_LNS_MAPF_LNS_SAT_mapf-map_Berlin_1_256_map-_home_max_Documents_PhD_MAPF_LNS_MAPF_LNS_SAT_mapf-scen-even_scen-even_Berlin_1_256-even-1_scen-agents10-idx76-seed42-1783602177103,/home/max/Documents/PhD/MAPF/LNS/MAPF_LNS_SAT/mapf-map/Berlin_1_256.map,/home/max/Documents/PhD/MAPF/LNS/MAPF_LNS_SAT/mapf-scen-even/scen-even/Berlin_1_256-even-1.scen,10,76,42,1,426,1501.040000,0,0,0.000000,0.000000,0.000000,0.000000,0.000000
_home_max_Documents_PhD_MAPF_LNS_MAPF_LNS_SAT_mapf-map_Berlin_1_256_map-_home_max_Documents_PhD_MAPF_LNS_MAPF_LNS_SAT_mapf-scen-even_scen-even_Berlin_1_256-even-1_scen-agents10-idx77-seed42-1783602178658,/home/max/Documents/PhD/MAPF/LNS/MAPF_LNS_SAT/mapf-map/Berlin_1_256.map,/home/max/Documents/PhD/MAPF/LNS/MAPF_LNS_SAT/mapf-scen-even/scen-even/Berlin_1_256-even-1.scen,10,77,42,1,455,1544.888000,0,0,0.000000,0.000000,0.000000,0.000000,0.000000
_home_max_Documents_PhD_MAPF_LNS_MAPF_LNS_SAT_mapf-map_Berlin_1_256_map-_home_max_Documents_PhD_MAPF_LNS_MAPF_LNS_SAT_mapf-scen-even_scen-even_Berlin_1_256-even-1_scen-agents10-idx78-seed42-1783602180261,/home/max/Documents/PhD/MAPF/LNS/MAPF_LNS_SAT/mapf-map/Berlin_1_256.map,/home/max/Documents/PhD/MAPF/LNS/MAPF_LNS_SAT/mapf-scen-even/scen-even/Berlin_1_256-even-1.scen,10,78,42,1,406,1406.528000,23,12,0.000000,0.011000,0.058000,0.042000,0.010696
_home_max_Documents_PhD_MAPF_LNS_MAPF_LNS_SAT_mapf-map_Berlin_1_256_map-_home_max_Documents_PhD_MAPF_LNS_MAPF_LNS_SAT_mapf-scen-even_scen-even_Berlin_1_256-even-1_scen-agents10-idx79-seed42-1783602181715,/home/max/Documents/PhD/MAPF/LNS/MAPF_LNS_SAT/mapf-map/Berlin_1_256.map,/home/max/Documents/PhD/MAPF/LNS/MAPF_LNS_SAT/mapf-scen-even/scen-even/Berlin_1_256-even-1.scen,10,79,42,1,419,1568.273000,0,0,0.000000,0.000000,0.000000,0.000000,0.000000
_home_max_Documents_PhD_MAPF_LNS_MAPF_LNS_SAT_mapf-map_Berlin_1_256_map-_home_max_Documents_PhD_MAPF_LNS_MAPF_LNS_SAT_mapf-scen-even_scen-even_Berlin_1_256-even-1_scen-agents10-idx80-seed42-1783602183316,/home/max/Documents/PhD/MAPF/LNS/MAPF_LNS_SAT/mapf-map/Berlin_1_256.map,/home/max/Documents/PhD/MAPF/LNS/MAPF_LNS_SAT/mapf-scen-even/scen-even/Berlin_1_256-even-1.scen,10,80,42,1,354,1433.946000,0,0,0.000000,0.000000,0.000000,0.000000,0.000000
_home_max_Documents_PhD_MAPF_LNS_MAPF_LNS_SAT_mapf-map_Berlin_1_256_map-_home_max_Documents_PhD_MAPF_LNS_MAPF_LNS_SAT_mapf-scen-even_scen-even_Berlin_1_256-even-1_scen-agents10-idx81-seed42-1783602184769,/home/max/Documents/PhD/MAPF/LNS/MAPF_LNS_SAT/mapf-map/Berlin_1_256.map,/home/max/Documents/PhD/MAPF/LNS/MAPF_LNS_SAT/mapf-scen-even/scen-even/Berlin_1_256-even-1.scen,10,81,42,1,456,1487.106000,0,0,0.000000,0.000000,0.000000,0.000000,0.000000
_home_max_Documents_PhD_MAPF_LNS_MAPF_LNS_SAT_mapf-map_Berlin_1_256_map-_home_max_Documents_PhD_MAPF_LNS_MAPF_LNS_SAT_mapf-scen-even_scen-even_Berlin_1_256-even-1_scen-agents10-idx82-seed42-1783602186328,/home/max/Documents/PhD/MAPF/LNS/MAPF_LNS_SAT/mapf-map/Berlin_1_256.map,/home/max/Documents/PhD/MAPF/LNS/MAPF_LNS_SAT/mapf-scen-even/scen-even/Berlin_1_256-even-1.scen,10,82,42,1,369,1533.333000,0,0,0.000000,0.000000,0.000000,0.000000,0.000000
_home_max_Documents_PhD_MAPF_LNS_MAPF_LNS_SAT_mapf-map_Berlin_1_256_map-_home_max_Documents_PhD_MAPF_LNS_MAPF_LNS_SAT_mapf-scen-even_scen-even_Berlin_1_256-even-1_scen-agents10-idx83-seed42-1783602187929,/home/max/Documents/PhD/MAPF/LNS/MAPF_LNS_SAT/mapf-map/Berlin_1_256.map,/home/max/Documents/PhD/MAPF/LNS/MAPF_LNS_SAT/mapf-scen-even/scen-even/Berlin_1_256-even-1.scen,10,83,42,1,378,1510.670000,736,278,0.000000,0.329000,0.672000,0.482000,0.098472
_home_max_Documents_PhD_MAPF_LNS_MAPF_LNS_SAT_mapf-map_Berlin_1_256_map-_home_max_Documents_PhD_MAPF_LNS_MAPF_LNS_SAT_mapf-scen-even_scen-even_Berlin_1_256-even-1_scen-agents10-idx84-seed42-1783602189484,/home/max/Documents/PhD/MAPF/LNS/MAPF_LNS_SAT/mapf-map/Berlin_1_256.map,/home/max/Documents/PhD/MAPF/LNS/MAPF_LNS_SAT/mapf-scen-even/scen-even/Berlin_1_256-even-1.scen,10,84,42,1,369,1442.041000,151,58,0.000000,0.099000,0.177000,0.132000,0.023539
_home_max_Documents_PhD_MAPF_LNS_MAPF_LNS_SAT_mapf-map_Berlin_1_256_map-_home_max_Documents_PhD_MAPF_LNS_MAPF_LNS_SAT_mapf-scen-even_scen-even_Berlin_1_256-even-1_scen-agents10-idx85-seed42-1783602190989,/home/max/Documents/PhD/MAPF/LNS/MAPF_LNS_SAT/mapf-map/Berlin_1_256.map,/home/max/Documents/PhD/MAPF/LNS/MAPF_LNS_SAT/mapf-scen-even/scen-even/Berlin_1_256-even-1.scen,10,85,42,1,404,1433.570000,91,25,0.000000,0.047000,0.097000,0.079000,0.014432
_home_max_Documents_PhD_MAPF_LNS_MAPF_LNS_SAT_mapf-map_Berlin_1_256_map-_home_max_Documents_PhD_MAPF_LNS_MAPF_LNS_SAT_mapf-scen-even_scen-even_Berlin_1_256-even-1_scen-agents10-idx86-seed42-1783602192439,/home/max/Documents/PhD/MAPF/LNS/MAPF_LNS_SAT/mapf-map/Berlin_1_256.map,/home/max/Documents/PhD/MAPF/LNS/MAPF_LNS_SAT/mapf-scen-even/scen-even/Berlin_1_256-even-1.scen,10,86,42,1,452,1597.202000,0,0,0.000000,0.000000,0.000000,0.000000,0.000000
_home_max_Documents_PhD_MAPF_LNS_MAPF_LNS_SAT_mapf-map_Berlin_1_256_map-_home_max_Documents_PhD_MAPF_LNS_MAPF_LNS_SAT_mapf-scen-even_scen-even_Berlin_1_256-even-1_scen-agents10-idx87-seed42-1783602194097,/home/max/Documents/PhD/MAPF/LNS/MAPF_LNS_SAT/mapf-map/Berlin_1_256.map,/home/max/Documents/PhD/MAPF/LNS/MAPF_LNS_SAT/mapf-scen-even/scen-even/Berlin_1_256-even-1.scen,10,87,42,1,424,1493.909000,28,14,0.000000,0.013000,0.061000,0.043000,0.011460
_home_max_Documents_PhD_MAPF_LNS_MAPF_LNS_SAT_mapf-map_Berlin_1_256_map-_home_max_Documents_PhD_MAPF_LNS_MAPF_LNS_SAT_mapf-scen-even_scen-even_Berlin_1_256-even-1_scen-agents10-idx88-seed42-1783602195650,/home/max/Documents/PhD/MAPF/LNS/MAPF_LNS_SAT/mapf-map/Berlin_1_256.map,/home/max/Documents/PhD/MAPF/LNS/MAPF_LNS_SAT/mapf-scen-even/scen-even/Berlin_1_256-even-1.scen,10,88,42,1,419,1560.973000,141,32,0.000000,0.061000,0.132000,0.112000,0.022354
_home_max_Documents_PhD_MAPF_LNS_MAPF_LNS_SAT_mapf-map_Berlin_1_256_map-_home_max_Documents_PhD_MAPF_LNS_MAPF_LNS_SAT_mapf-scen-even_scen-even_Berlin_1_256-even-1_scen-agents10-idx89-seed42-1783602197254,/home/max/Documents/PhD/MAPF/LNS/MAPF_LNS_SAT/mapf-map/Berlin_1_256.map,/home/max/Documents/PhD/MAPF/LNS/MAPF_LNS_SAT/mapf-scen-even/scen-even/Berlin_1_256-even-1.scen,10,89,42,1,468,1592.931000,0,0,0.000000,0.000000,0.000000,0.000000,0.000000
_home_max_Documents_PhD_MAPF_LNS_MAPF_LNS_SAT_mapf-map_Berlin_1_256_map-_home_max_Documents_PhD_MAPF_LNS_MAPF_LNS_SAT_mapf-scen-even_scen-even_Berlin_1_256-even-1_scen-agents10-idx90-seed42-1783602198909,/home/max/Documents/PhD/MAPF/LNS/MAPF_LNS_SAT/mapf-map/Berlin_1_256.map,/home/max/Documents/PhD/MAPF/LNS/MAPF_LNS_SAT/mapf-scen-even/scen-even/Berlin_1_256-even-1.scen,10,90,42,1,455,1621.332000,0,0,0.000000,0.000000,0.000000,0.000000,0.000000
_home_max_Documents_PhD_MAPF_LNS_MAPF_LNS_SAT_mapf-map_Berlin_1_256_map-_home_max_Documents_PhD_MAPF_LNS_MAPF_LNS_SAT_mapf-scen-even_scen-even_Berlin_1_256-even-1_scen-agents10-idx91-seed42-1783602200561,/home/max/Documents/PhD/MAPF/LNS/MAPF_LNS_SAT/mapf-map/Berlin_1_256.map,/home/max/Documents/PhD/MAPF/LNS/MAPF_LNS_SAT/mapf-scen-even/scen-even/Berlin_1_256-even-1.scen,10,91,42,1,410,1493.374000,0,0,0.000000,0.000000,0.000000,0.000000,0.000000
_home_max_Documents_PhD_MAPF_LNS_MAPF_LNS_SAT_mapf-map_Berlin_1_256_map-_home_max_Documents_PhD_MAPF_LNS_MAPF_LNS_SAT_mapf-scen-even_scen-even_Berlin_1_256-even-1_scen-agents10-idx92-seed42-1783602202118,/home/max/Documents/PhD/MAPF/LNS/MAPF_LNS_SAT/mapf-map/Berlin_1_256.map,/home/max/Documents/PhD/MAPF/LNS/MAPF_LNS_SAT/mapf-scen-even/scen-even/Berlin_1_256-even-1.scen,10,92,42,1,403,1441.403000,52,27,0.000000,0.045000,0.081000,0.060000,0.011675
_home_max_Documents_PhD_MAPF_LNS_MAPF_LNS_SAT_mapf-map_Berlin_1_256_map-_home_max_Documents_PhD_MAPF_LNS_MAPF_LNS_SAT_mapf-scen-even_scen-even_Berlin_1_256-even-1_scen-agents10-idx93-seed42-1783602203623,/home/max/Documents/PhD/MAPF/LNS/MAPF_LNS_SAT/mapf-map/Berlin_1_256.map,/home/max/Documents/PhD/MAPF/LNS/MAPF_LNS_SAT/mapf-scen-even/scen-even/Berlin_1_256-even-1.scen,10,93,42,1,434,1567.057000,138,31,0.000000,0.054000,0.103000,0.094000,0.014154
_home_max_Documents_PhD_MAPF_LNS_MAPF_LNS_SAT_mapf-map_Berlin_1_256_map-_home_max_Documents_PhD_MAPF_LNS_MAPF_LNS_SAT_mapf-scen-even_scen-even_Berlin_1_256-even-1_scen-agents10-idx94-seed42-1783602205223,/home/max/Documents/PhD/MAPF/LNS/MAPF_LNS_SAT/mapf-map/Berlin_1_256.map,/home/max/Documents/PhD/MAPF/LNS/MAPF_LNS_SAT/mapf-scen-even/scen-even/Berlin_1_256-even-1.scen,10,94,42,1,370,1564.717000,150,58,0.000000,0.106000,0.217000,0.163000,0.034425
_home_max_Documents_PhD_MAPF_LNS_MAPF_LNS_SAT_mapf-map_Berlin_1_256_map-_home_max_Documents_PhD_MAPF_LNS_MAPF_LNS_SAT_mapf-scen-even_scen-even_Berlin_1_256-even-2_scen-agents10-idx0-seed42-1783602206827,/home/max/Documents/PhD/MAPF/LNS/MAPF_LNS_SAT/mapf-map/Berlin_1_256.map,/home/max/Documents/PhD/MAPF/LNS/MAPF_LNS_SAT/mapf-scen-even/scen-even/Berlin_1_256-even-2.scen,10,0,42,1,423,1429.356000,0,0,0.000000,0.000000,0.000000,0.000000,0.000000
_home_max_Documents_PhD_MAPF_LNS_MAPF_LNS_SAT_mapf-map_Berlin_1_256_map-_home_max_Documents_PhD_MAPF_LNS_MAPF_LNS_SAT_mapf-scen-even_scen-even_Berlin_1_256-even-2_scen-agents10-idx1-seed42-1783602208281,/home/max/Documents/PhD/MAPF/LNS/MAPF_LNS_SAT/mapf-map/Berlin_1_256.map,/home/max/Documents/PhD/MAPF/LNS/MAPF_LNS_SAT/mapf-scen-even/scen-even/Berlin_1_256-even-2.scen,10,1,42,1,465,1528.383000,51,27,0.000000,0.045000,0.079000,0.061000,0.010811
_home_max_Documents_PhD_MAPF_LNS_MAPF_LNS_SAT_mapf-map_Berlin_1_256_map-_home_max_Documents_PhD_MAPF_LNS_MAPF_LNS_SAT_mapf-scen-even_scen-even_Berlin_1_256-even-2_scen-agents10-idx2-seed42-1783602209835,/home/max/Documents/PhD/MAPF/LNS/MAPF_LNS_SAT/mapf-map/Berlin_1_256.map,/home/max/Documents/PhD/MAPF/LNS/MAPF_LNS_SAT/mapf-scen-even/scen-even/Berlin_1_256-even-2.scen,10,2,42,1,436,1504.205000,0,0,0.000000,0.000000,0.000000,0.000000,0.000000
_home_max_Documents_PhD_MAPF_LNS_MAPF_LNS_SAT_mapf-map_Berlin_1_256_map-_home_max_Documents_PhD_MAPF_LNS_MAPF_LNS_SAT_mapf-scen-even_scen-even_Berlin_1_256-even-2_scen-agents10-idx3-seed42-1783602211393,/home/max/Documents/PhD/MAPF/LNS/MAPF_LNS_SAT/mapf-map/Berlin_1_256.map,/home/max/Documents/PhD/MAPF/LNS/MAPF_LNS_SAT/mapf-scen-even/scen-even/Berlin_1_256-even-2.scen,10,3,42,1,431,1517.795000,22,12,0.000000,0.011000,0.043000,0.034000,0.008867
_home_max_Documents_PhD_MAPF_LNS_MAPF_LNS_SAT_mapf-map_Berlin_1_256_map-_home_max_Documents_PhD_MAPF_LNS_MAPF_LNS_SAT_mapf-scen-even_scen-even_Berlin_1_256-even-2_scen-agents10-idx4-seed42-1783602212944,/home/max/Documents/PhD/MAPF/LNS/MAPF_LNS_SAT/mapf-map/Berlin_1_256.map,/home/max/Documents/PhD/MAPF/LNS/MAPF_LNS_SAT/mapf-scen-even/scen-even/Berlin_1_256-even-2.scen,10,4,42,1,412,1533.030000,0,0,0.000000,0.000000,0.000000,0.000000,0.000000
_home_max_Documents_PhD_MAPF_LNS_MAPF_LNS_SAT_mapf-map_Berlin_1_256_map-_home_max_Documents_PhD_MAPF_LNS_MAPF_LNS_SAT_mapf-scen-even_scen-even_Berlin_1_256-even-1_scen-agents20-idx0-seed42-1783602214500,/home/max/Documents/PhD/MAPF/LNS/MAPF_LNS_SAT/mapf-map/Berlin_1_256.map,/home/max/Documents/PhD/MAPF/LNS/MAPF_LNS_SAT/mapf-scen-even/scen-even/Berlin_1_256-even-1.scen,20,0,42,1,313,2812.255000,188,72,0.000000,0.096000,0.220000,0.170000,0.024407
_home_max_Documents_PhD_MAPF_LNS_MAPF_LNS_SAT_mapf-map_Berlin_1_256_map-_home_max_Documents_PhD_MAPF_LNS_MAPF_LNS_SAT_mapf-scen-even_scen-even_Berlin_1_256-even-1_scen-agents20-idx1-seed42-1783602217357,/home/max/Documents/PhD/MAPF/LNS/MAPF_LNS_SAT/mapf-map/Berlin_1_256.map,/home/max/Documents/PhD/MAPF/LNS/MAPF_LNS_SAT/mapf-scen-even/scen-even/Berlin_1_256-even-1.scen,20,1,42,1,444,3064.352000,304,102,0.000000,0.185000,0.267000,0.208000,0.033804
_home_max_Documents_PhD_MAPF_LNS_MAPF_LNS_SAT_mapf-map_Berlin_1_256_map-_home_max_Documents_PhD_MAPF_LNS_MAPF_LNS_SAT_mapf-scen-even_scen-even_Berlin_1_256-even-1_scen-agents20-idx2-seed42-1783602220463,/home/max/Documents/PhD/MAPF/LNS/MAPF_LNS_SAT/mapf-map/Berlin_1_256.map,/home/max/Documents/PhD/MAPF/LNS/MAPF_LNS_SAT/mapf-scen-even/scen-even/Berlin_1_256-even-1.scen,20,2,42,1,427,3393.235000,443,107,0.000000,0.198000,0.393000,0.337000,0.041598
_home_max_Documents_PhD_MAPF_LNS_MAPF_LNS_SAT_mapf-map_Berlin_1_256_map-_home_max_Documents_PhD_MAPF_LNS_MAPF_LNS_SAT_mapf-scen-even_scen-even_Berlin_1_256-even-1_scen-agents20-idx3-seed42-1783602223923,/home/max/Documents/PhD/MAPF/LNS/MAPF_LNS_SAT/mapf-map/Berlin_1_256.map,/home/max/Documents/PhD/MAPF/LNS/MAPF_LNS_SAT/mapf-scen-even/scen-even/Berlin_1_256-even-1.scen,20,3,42,1,419,3157.741000,138,30,0.000000,0.064000,0.118000,0.099000,0.016263
_home_max_Documents_PhD_MAPF_LNS_MAPF_LNS_SAT_mapf-map_Berlin_1_256_map-_home_max_Documents_PhD_MAPF_LNS_MAPF_LNS_SAT_mapf-scen-even_scen-even_Berlin_1_256-even-1_scen-agents20-idx4-seed42-1783602227130,/home/max/Documents/PhD/MAPF/LNS/MAPF_LNS_SAT/mapf-map/Berlin_1_256.map,/home/max/Documents/PhD/MAPF/LNS/MAPF_LNS_SAT/mapf-scen-even/scen-even/Berlin_1_256-even-1.scen,20,4,42,1,421,3194.385000,153,66,0.000000,0.127000,0.158000,0.129000,0.018569
_home_max_Documents_PhD_MAPF_LNS_MAPF_LNS_SAT_mapf-map_Berlin_1_256_map-_home_max_Documents_PhD_MAPF_LNS_MAPF_LNS_SAT_mapf-scen-even_scen-even_Berlin_1_256-even-1_scen-agents20-idx5-seed42-1783602230390,/home/max/Documents/PhD/MAPF/LNS/MAPF_LNS_SAT/mapf-map/Berlin_1_256.map,/home/max/Documents/PhD/MAPF/LNS/MAPF_LNS_SAT/mapf-scen-even/scen-even/Berlin_1_256-even-1.scen,20,5,42,1,455,2996.361000,0,0,0.000000,0.000000,0.000000,0.000000,0.000000
_home_max_Documents_PhD_MAPF_LNS_MAPF_LNS_SAT_mapf-map_Berlin_1_256_map-_home_max_Documents_PhD_MAPF_LNS_MAPF_LNS_SAT_mapf-scen-even_scen-even_Berlin_1_256-even-1_scen-agents20-idx6-seed42-1783602233451,/home/max/Documents/PhD/MAPF/LNS/MAPF_LNS_SAT/mapf-map/Berlin_1_256.map,/home/max/Documents/PhD/MAPF/LNS/MAPF_LNS_SAT/mapf-scen-even/scen-even/Berlin_1_256-even-1.scen,20,6,42,1,443,3061.977000,0,0,0.000000,0.000000,0.000000,0.000000,0.000000
_home_max_Documents_PhD_MAPF_LNS_MAPF_LNS_SAT_mapf-map_Berlin_1_256_map-_home_max_Documents_PhD_MAPF_LNS_MAPF_LNS_SAT_mapf-scen-even_scen-even_Berlin_1_256-even-1_scen-agents20-idx7-seed42-1783602236555,/home/max/Documents/PhD/MAPF/LNS/MAPF_LNS_SAT/mapf-map/Berlin_1_256.map,/home/max/Documents/PhD/MAPF/LNS/MAPF_LNS_SAT/mapf-scen-even/scen-even/Berlin_1_256-even-1.scen,20,7,42,1,465,3042.324000,153,37,0.000000,0.060000,0.144000,0.116000,0.019627
_home_max_Documents_PhD_MAPF_LNS_MAPF_LNS_SAT_mapf-map_Berlin_1_256_map-_home_max_Documents_PhD_MAPF_LNS_MAPF_LNS_SAT_mapf-scen-even_scen-even_Berlin_1_256-even-1_scen-agents20-idx8-seed42-1783602239665,/home/max/Documents/PhD/MAPF/LNS/MAPF_LNS_SAT/mapf-map/Berlin_1_256.map,/home/max/Documents/PhD/MAPF/LNS/MAPF_LNS_SAT/mapf-scen-even/scen-even/Berlin_1_256-even-1.scen,20,8,42,1,435,3109.140000,21,11,0.000000,0.023000,0.052000,0.035000,0.008202
_home_max_Documents_PhD_MAPF_LNS_MAPF_LNS_SAT_mapf-map_Berlin_1_256_map-_home_max_Documents_PhD_MAPF_LNS_MAPF_LNS_SAT_mapf-scen-even_scen-even_Berlin_1_256-even-1_scen-agents20-idx9-seed42-1783602242822,/home/max/Documents/PhD/MAPF/LNS/MAPF_LNS_SAT/mapf-map/Berlin_1_256.map,/home/max/Documents/PhD/MAPF/LNS/MAPF_LNS_SAT/mapf-scen-even/scen-even/Berlin_1_256-even-1.scen,20,9,42,1,433,3358.076000,152,58,0.000000,0.106000,0.178000,0.133000,0.021211
_home_max_Documents_PhD_MAPF_LNS_MAPF_LNS_SAT_mapf-map_Berlin_1_256_map-_home_max_Documents_PhD_MAPF_LNS_MAPF_LNS_SAT_mapf-scen-even_scen-even_Berlin_1_256-even-1_scen-agents20-idx10-seed42-1783602246234,/home/max/Documents/PhD/MAPF/LNS/MAPF_LNS_SAT/mapf-map/Berlin_1_256.map,/home/max/Documents/PhD/MAPF/LNS/MAPF_LNS_SAT/mapf-scen-even/scen-even/Berlin_1_256-even-1.scen,20,10,42,1,456,3307.783000,128,31,0.000000,0.051000,0.115000,0.098000,0.017331
_home_max_Documents_PhD_MAPF_LNS_MAPF_LNS_SAT_mapf-map_Berlin_1_256_map-_home_max_Documents_PhD_MAPF_LNS_MAPF_LNS_SAT_mapf-scen-even_scen-even_Berlin_1_256-even-1_scen-agents20-idx11-seed42-1783602249591,/home/max/Documents/PhD/MAPF/LNS/MAPF_LNS_SAT/mapf-map/Berlin_1_256.map,/home/max/Documents/PhD/MAPF/LNS/MAPF_LNS_SAT/mapf-scen-even/scen-even/Berlin_1_256-even-1.scen,20,11,42,1,462,3016.992000,0,0,0.000000,0.000000,0.000000,0.000000,0.000000
_home_max_Documents_PhD_MAPF_LNS_MAPF_LNS_SAT_mapf-map_Berlin_1_256_map-_home_max_Documents_PhD_MAPF_LNS_MAPF_LNS_SAT_mapf-scen-even_scen-even_Berlin_1_256-even-1_scen-agents20-idx12-seed42-1783602252702,/home/max/Documents/PhD/MAPF/LNS/MAPF_LNS_SAT/mapf-map/Berlin_1_256.map,/home/max/Documents/PhD/MAPF/LNS/MAPF_LNS_SAT/mapf-scen-even/scen-even/Berlin_1_256-even-1.scen,20,12,42,1,423,3283.183000,440,172,0.002000,0.292000,0.599000,0.442000,0.067816
_home_max_Documents_PhD_MAPF_LNS_MAPF_LNS_SAT_mapf-map_Berlin_1_256_map-_home_max_Documents_PhD_MAPF_LNS_MAPF_LNS_SAT_mapf-scen-even_scen-even_Berlin_1_256-even-1_scen-agents20-idx13-seed42-1783602256064,/home/max/Documents/PhD/MAPF/LNS/MAPF_LNS_SAT/mapf-map/Berlin_1_256.map,/home/max/Documents/PhD/MAPF/LNS/MAPF_LNS_SAT/mapf-scen-even/scen-even/Berlin_1_256-even-1.scen,20,13,42,1,415,2980.339000,279,88,0.001000,0.180000,0.286000,0.228000,0.034723
_home_max_Documents_PhD_MAPF_LNS_MAPF_LNS_SAT_mapf-map_Berlin_1_256_map-_home_max_Documents_PhD_MAPF_LNS_MAPF_LNS_SAT_mapf-scen-even_scen-even_Berlin_1_256-even-1_scen-agents20-idx14-seed42-1783602259120,/home/max/Documents/PhD/MAPF/LNS/MAPF_LNS_SAT/mapf-map/Berlin_1_256.map,/home/max/Documents/PhD/MAPF/LNS/MAPF_LNS_SAT/mapf-scen-even/scen-even/Berlin_1_256-even-1.scen,20,14,42,1,449,3410.700000,266,84,0.001000,0.214000,0.303000,0.235000,0.038114
_home_max_Documents_PhD_MAPF_LNS_MAPF_LNS_SAT_mapf-map_Berlin_1_256_map-_home_max_Documents_PhD_MAPF_LNS_MAPF_LNS_SAT_mapf-scen-even_scen-even_Berlin_1_256-even-1_scen-agents20-idx15-seed42-1783602262577,/home/max/Documents/PhD/MAPF/LNS/MAPF_LNS_SAT/mapf-map/Berlin_1_256.map,/home/max/Documents/PhD/MAPF/LNS/MAPF_LNS_SAT/mapf-scen-even/scen-even/Berlin_1_256-even-1.scen,20,15,42,1,438,3063.294000,0,0,0.000000,0.000000,0.000000,0.000000,0.000000
_home_max_Documents_PhD_MAPF_LNS_MAPF_LNS_SAT_mapf-map_Berlin_1_256_map-_home_max_Documents_PhD_MAPF_LNS_MAPF_LNS_SAT_mapf-scen-even_scen-even_Berlin_1_256-even-1_scen-agents20-idx16-seed42-1783602265685,/home/max/Documents/PhD/MAPF/LNS/MAPF_LNS_SAT/mapf-map/Berlin_1_256.map,/home/max/Documents/PhD/MAPF/LNS/MAPF_LNS_SAT/mapf-scen-even/scen-even/Berlin_1_256-even-1.scen,20,16,42,1,453,3354.233000,0,0,0.000000,0.000000,0.000000,0.000000,0.000000
_home_max_Documents_PhD_MAPF_LNS_MAPF_LNS_SAT_mapf-map_Berlin_1_256_map-_home_max_Documents_PhD_MAPF_LNS_MAPF_LNS_SAT_mapf-scen-even_scen-even_Berlin_1_256-even-1_scen-agents20-idx17-seed42-1783602269096,/home/max/Documents/PhD/MAPF/LNS/MAPF_LNS_SAT/mapf-map/Berlin_1_256.map,/home/max/Documents/PhD/MAPF/LNS/MAPF_LNS_SAT/mapf-scen-even/scen-even/Berlin_1_256-even-1.scen,20,17,42,1,449,3231.559000,625,183,0.001000,0.628000,0.756000,0.555000,0.094651
_home_max_Documents_PhD_MAPF_LNS_MAPF_LNS_SAT_mapf-map_Berlin_1_256_map-_home_max_Documents_PhD_MAPF_LNS_MAPF_LNS_SAT_mapf-scen-even_scen-even_Berlin_1_256-even-1_scen-agents20-idx18-seed42-1783602272406,/home/max/Documents/PhD/MAPF/LNS/MAPF_LNS_SAT/mapf-map/Berlin_1_256.map,/home/max/Documents/PhD/MAPF/LNS/MAPF_LNS_SAT/mapf-scen-even/scen-even/Berlin_1_256-even-1.scen,20,18,42,1,398,3145.966000,146,44,0.000000,0.080000,0.186000,0.137000,0.025175
_home_max_Documents_PhD_MAPF_LNS_MAPF_LNS_SAT_mapf-map_Berlin_1_256_map-_home_max_Documents_PhD_MAPF_LNS_MAPF_LNS_SAT_mapf-scen-even_scen-even_Berlin_1_256-even-1_scen-agents20-idx19-seed42-1783602275615,/home/max/Documents/PhD/MAPF/LNS/MAPF_LNS_SAT/mapf-map/Berlin_1_256.map,/home/max/Documents/PhD/MAPF/LNS/MAPF_LNS_SAT/mapf-scen-even/scen-even/Berlin_1_256-even-1.scen,20,19,42,1,453,3194.159000,263,59,0.000000,0.107000,0.251000,0.208000,0.034587
_home_max_Documents_PhD_MAPF_LNS_MAPF_LNS_SAT_mapf-map_Berlin_1_256_map-_home_max_Documents_PhD_MAPF_LNS_MAPF_LNS_SAT_mapf-scen-even_scen-even_Berlin_1_256-even-1_scen-agents20-idx20-seed42-1783602278874,/home/max/Documents/PhD/MAPF/LNS/MAPF_LNS_SAT/mapf-map/Berlin_1_256.map,/home/max/Documents/PhD/MAPF/LNS/MAPF_LNS_SAT/mapf-scen-even/scen-even/Berlin_1_256-even-1.scen,20,20,42,1,452,3266.176000,167,45,0.000000,0.112000,0.191000,0.154000,0.026065
_home_max_Documents_PhD_MAPF_LNS_MAPF_LNS_SAT_mapf-map_Berlin_1_256_map-_home_max_Documents_PhD_MAPF_LNS_MAPF_LNS_SAT_mapf-scen-even_scen-even_Berlin_1_256-even-1_scen-agents20-idx21-seed42-1783602282179,/home/max/Documents/PhD/MAPF/LNS/MAPF_LNS_SAT/mapf-map/Berlin_1_256.map,/home/max/Documents/PhD/MAPF/LNS/MAPF_LNS_SAT/mapf-scen-even/scen-even/Berlin_1_256-even-1.scen,20,21,42,1,439,3030.069000,0,0,0.000000,0.000000,0.000000,0.000000,0.000000
_home_max_Documents_PhD_MAPF_LNS_MAPF_LNS_SAT_mapf-map_Berlin_1_256_map-_home_max_Documents_PhD_MAPF_LNS_MAPF_LNS_SAT_mapf-scen-even_scen-even_Berlin_1_256-even-1_scen-agents20-idx22-seed42-1783602285287,/home/max/Documents/PhD/MAPF/LNS/MAPF_LNS_SAT/mapf-map/Berlin_1_256.map,/home/max/Documents/PhD/MAPF/LNS/MAPF_LNS_SAT/mapf-scen-even/scen-even/Berlin_1_256-even-1.scen,20,22,42,1,449,3300.829000,141,32,0.001000,0.068000,0.122000,0.104000,0.016211
_home_max_Documents_PhD_MAPF_LNS_MAPF_LNS_SAT_mapf-map_Berlin_1_256_map-_home_max_Documents_PhD_MAPF_LNS_MAPF_LNS_SAT_mapf-scen-even_scen-even_Berlin_1_256-even-1_scen-agents20-idx23-seed42-1783602288642,/home/max/Documents/PhD/MAPF/LNS/MAPF_LNS_SAT/mapf-map/Berlin_1_256.map,/home/max/Documents/PhD/MAPF/LNS/MAPF_LNS_SAT/mapf-scen-even/scen-even/Berlin_1_256-even-1.scen,20,23,42,1,453,3274.779000,115,29,0.000000,0.059000,0.126000,0.100000,0.021045
_home_max_Documents_PhD_MAPF_LNS_MAPF_LNS_SAT_mapf-map_Berlin_1_256_map-_home_max_Documents_PhD_MAPF_LNS_MAPF_LNS_SAT_mapf-scen-even_scen-even_Berlin_1_256-even-1_scen-agents20-idx24-seed42-1783602292000,/home/max/Documents/PhD/MAPF/LNS/MAPF_LNS_SAT/mapf-map/Berlin_1_256.map,/home/max/Documents/PhD/MAPF/LNS/MAPF_LNS_SAT/mapf-scen-even/scen-even/Berlin_1_256-even-1.scen,20,24,42,1,440,3430.824000,141,32,0.000000,0.075000,0.131000,0.113000,0.019868
_home_max_Documents_PhD_MAPF_LNS_MAPF_LNS_SAT_mapf-map_Berlin_1_256_map-_home_max_Documents_PhD_MAPF_LNS_MAPF_LNS_SAT_mapf-scen-even_scen-even_Berlin_1_256-even-1_scen-agents20-idx25-seed42-1783602295511,/home/max/Documents/PhD/MAPF/LNS/MAPF_LNS_SAT/mapf-map/Berlin_1_256.map,/home/max/Documents/PhD/MAPF/LNS/MAPF_LNS_SAT/mapf-scen-even/scen-even/Berlin_1_256-even-1.scen,20,25,42,1,455,3254.018000,32,16,0.000000,0.020000,0.066000,0.047000,0.009640
_home_max_Documents_PhD_MAPF_LNS_MAPF_LNS_SAT_mapf-map_Berlin_1_256_map-_home_max_Documents_PhD_MAPF_LNS_MAPF_LNS_SAT_mapf-scen-even_scen-even_Berlin_1_256-even-1_scen-agents20-idx26-seed42-1783602298867,/home/max/Documents/PhD/MAPF/LNS/MAPF_LNS_SAT/mapf-map/Berlin_1_256.map,/home/max/Documents/PhD/MAPF/LNS/MAPF_LNS_SAT/mapf-scen-even/scen-even/Berlin_1_256-even-1.scen,20,26,42,1,433,3286.858000,126,40,0.001000,0.081000,0.174000,0.129000,0.020719
_home_max_Documents_PhD_MAPF_LNS_MAPF_LNS_SAT_mapf-map_Berlin_1_256_map-_home_max_Documents_PhD_MAPF_LNS_MAPF_LNS_SAT_mapf-scen-even_scen-even_Berlin_1_256-even-1_scen-agents20-idx27-seed42-1783602302225,/home/max/Documents/PhD/MAPF/LNS/MAPF_LNS_SAT/mapf-map/Berlin_1_256.map,/home/max/Documents/PhD/MAPF/LNS/MAPF_LNS_SAT/mapf-scen-even/scen-even/Berlin_1_256-even-1.scen,20,27,42,1,437,3220.598000,48,25,0.000000,0.031000,0.079000,0.056000,0.010671
_home_max_Documents_PhD_MAPF_LNS_MAPF_LNS_SAT_mapf-map_Berlin_1_256_map-_home_max_Documents_PhD_MAPF_LNS_MAPF_LNS_SAT_mapf-scen-even_scen-even_Berlin_1_256-even-1_scen-agents20-idx28-seed42-1783602305532,/home/max/Documents/PhD/MAPF/LNS/MAPF_LNS_SAT/mapf-map/Berlin_1_256.map,/home/max/Documents/PhD/MAPF/LNS/MAPF_LNS_SAT/mapf-scen-even/scen-even/Berlin_1_256-even-1.scen,20,28,42,1,411,3357.066000,22,12,0.000000,0.022000,0.043000,0.034000,0.008119
_home_max_Documents_PhD_MAPF_LNS_MAPF_LNS_SAT_mapf-map_Berlin_1_256_map-_home_max_Documents_PhD_MAPF_LNS_MAPF_LNS_SAT_mapf-scen-even_scen-even_Berlin_1_256-even-1_scen-agents20-idx29-seed42-1783602308941,/home/max/Documents/PhD/MAPF/LNS/MAPF_LNS_SAT/mapf-map/Berlin_1_256.map,/home/max/Documents/PhD/MAPF/LNS/MAPF_LNS_SAT/mapf-scen-even/scen-even/Berlin_1_256-even-1.scen,20,29,42,1,420,2955.800000,237,102,0.000000,0.214000,0.319000,0.230000,0.034420
_home_max_Documents_PhD_MAPF_LNS_MAPF_LNS_SAT_mapf-map_Berlin_1_256_map-_home_max_Documents_PhD_MAPF_LNS_MAPF_LNS_SAT_mapf-scen-even_scen-even_Berlin_1_256-even-1_scen-agents20-idx30-seed42-1783602311948,/home/max/Documents/PhD/MAPF/LNS/MAPF_LNS_SAT/mapf-map/Berlin_1_256.map,/home/max/Documents/PhD/MAPF/LNS/MAPF_LNS_SAT/mapf-scen-even/scen-even/Berlin_1_256-even-1.scen,20,30,42,1,429,3187.110000,43,23,0.000000,0.051000,0.105000,0.076000,0.014503
_home_max_Documents_PhD_MAPF_LNS_MAPF_LNS_SAT_mapf-map_Berlin_1_256_map-_home_max_Documents_PhD_MAPF_LNS_MAPF_LNS_SAT_mapf-scen-even_scen-even_Berlin_1_256-even-1_scen-agents20-idx31-seed42-1783602315209,/home/max/Documents/PhD/MAPF/LNS/MAPF_LNS_SAT/mapf-map/Berlin_1_256.map,/home/max/Documents/PhD/MAPF/LNS/MAPF_LNS_SAT/mapf-scen-even/scen-even/Berlin_1_256-even-1.scen,20,31,42,1,452,3210.988000,173,64,0.000000,0.182000,0.201000,0.153000,0.027997
_home_max_Documents_PhD_MAPF_LNS_MAPF_LNS_SAT_mapf-map_Berlin_1_256_map-_home_max_Documents_PhD_MAPF_LNS_MAPF_LNS_SAT_mapf-scen-even_scen-even_Berlin_1_256-even-1_scen-agents20-idx32-seed42-1783602318464,/home/max/Documents/PhD/MAPF/LNS/MAPF_LNS_SAT/mapf-map/Berlin_1_256.map,/home/max/Documents/PhD/MAPF/LNS/MAPF_LNS_SAT/mapf-scen-even/scen-even/Berlin_1_256-even-1.scen,20,32,42,1,433,3149.180000,0,0,0.000000,0.000000,0.000000,0.000000,0.000000
_home_max_Documents_PhD_MAPF_LNS_MAPF_LNS_SAT_mapf-map_Berlin_1_256_map-_home_max_Documents_PhD_MAPF_LNS_MAPF_LNS_SAT_mapf-scen-even_scen-even_Berlin_1_256-even-1_scen-agents20-idx33-seed42-1783602321675,/home/max/Documents/PhD/MAPF/LNS/MAPF_LNS_SAT/mapf-map/Berlin_1_256.map,/home/max/Documents/PhD/MAPF/LNS/MAPF_LNS_SAT/mapf-scen-even/scen-even/Berlin_1_256-even-1.scen,20,33,42,1,454,3481.044000,138,30,0.000000,0.053000,0.138000,0.119000,0.016950
_home_max_Documents_PhD_MAPF_LNS_MAPF_LNS_SAT_mapf-map_Berlin_1_256_map-_home_max_Documents_PhD_MAPF_LNS_MAPF_LNS_SAT_mapf-scen-even_scen-even_Berlin_1_256-even-1_scen-agents20-idx34-seed42-1783602325234,/home/max/Documents/PhD/MAPF/LNS/MAPF_LNS_SAT/mapf-map/Berlin_1_256.map,/home/max/Documents/PhD/MAPF/LNS/MAPF_LNS_SAT/mapf-scen-even/scen-even/Berlin_1_256-even-1.scen,20,34,42,1,416,3207.592000,520,215,0.000000,0.251000,0.501000,0.394000,0.052845
_home_max_Documents_PhD_MAPF_LNS_MAPF_LNS_SAT_mapf-map_Berlin_1_256_map-_home_max_Documents_PhD_MAPF_LNS_MAPF_LNS_SAT_mapf-scen-even_scen-even_Berlin_1_256-even-1_scen-agents20-idx35-seed42-1783602328492,/home/max/Documents/PhD/MAPF/LNS/MAPF_LNS_SAT/mapf-map/Berlin_1_256.map,/home/max/Documents/PhD/MAPF/LNS/MAPF_LNS_SAT/mapf-scen-even/scen-even/Berlin_1_256-even-1.scen,20,35,42,1,419,3124.912000,193,75,0.000000,0.108000,0.232000,0.176000,0.031069
_home_max_Documents_PhD_MAPF_LNS_MAPF_LNS_SAT_mapf-map_Berlin_1_256_map-_home_max_Documents_PhD_MAPF_LNS_MAPF_LNS_SAT_mapf-scen-even_scen-even_Berlin_1_256-even-1_scen-agents20-idx36-seed42-1783602331702,/home/max/Documents/PhD/MAPF/LNS/MAPF_LNS_SAT/mapf-map/Berlin_1_256.map,/home/max/Documents/PhD/MAPF/LNS/MAPF_LNS_SAT/mapf-scen-even/scen-even/Berlin_1_256-even-1.scen,20,36,42,1,457,3486.542000,25,13,0.000000,0.023000,0.062000,0.039000,0.009528
_home_max_Documents_PhD_MAPF_LNS_MAPF_LNS_SAT_mapf-map_Berlin_1_256_map-_home_max_Documents_PhD_MAPF_LNS_MAPF_LNS_SAT_mapf-scen-even_scen-even_Berlin_1_256-even-1_scen-agents20-idx37-seed42-1783602335263,/home/max/Documents/PhD/MAPF/LNS/MAPF_LNS_SAT/mapf-map/Berlin_1_256.map,/home/max/Documents/PhD/MAPF/LNS/MAPF_LNS_SAT/mapf-scen-even/scen-even/Berlin_1_256-even-1.scen,20,37,42,1,464,3289.436000,188,66,0.000000,0.171000,0.207000,0.162000,0.027515
_home_max_Documents_PhD_MAPF_LNS_MAPF_LNS_SAT_mapf-map_Berlin_1_256_map-_home_max_Documents_PhD_MAPF_LNS_MAPF_LNS_SAT_mapf-scen-even_scen-even_Berlin_1_256-even-1_scen-agents20-idx38-seed42-1783602338621,/home/max/Documents/PhD/MAPF/LNS/MAPF_LNS_SAT/mapf-map/Berlin_1_256.map,/home/max/Documents/PhD/MAPF/LNS/MAPF_LNS_SAT/mapf-scen-even/scen-even/Berlin_1_256-even-1.scen,20,38,42,1,455,3269.497000,216,70,0.000000,0.132000,0.228000,0.180000,0.034126
_home_max_Documents_PhD_MAPF_LNS_MAPF_LNS_SAT_mapf-map_Berlin_1_256_map-_home_max_Documents_PhD_MAPF_LNS_MAPF_LNS_SAT_mapf-scen-even_scen-even_Berlin_1_256-even-1_scen-agents20-idx39-seed42-1783602341975,/home/max/Documents/PhD/MAPF/LNS/MAPF_LNS_SAT/mapf-map/Berlin_1_256.map,/home/max/Documents/PhD/MAPF/LNS/MAPF_LNS_SAT/mapf-scen-even/scen-even/Berlin_1_256-even-1.scen,20,39,42,1,419,3165.873000,164,44,0.000000,0.067000,0.176000,0.137000,0.019309
_home_max_Documents_PhD_MAPF_LNS_MAPF_LNS_SAT_mapf-map_Berlin_1_256_map-_home_max_Documents_PhD_MAPF_LNS_MAPF_LNS_SAT_mapf-scen-even_scen-even_Berlin_1_256-even-1_scen-agents20-idx40-seed42-1783602345181,/home/max/Documents/PhD/MAPF/LNS/MAPF_LNS_SAT/mapf-map/Berlin_1_256.map,/home/max/Documents/PhD/MAPF/LNS/MAPF_LNS_SAT/mapf-scen-even/scen-even/Berlin_1_256-even-1.scen,20,40,42,1,456,3097.445000,175,64,0.000000,0.151000,0.255000,0.187000,0.031070
_home_max_Documents_PhD_MAPF_LNS_MAPF_LNS_SAT_mapf-map_Berlin_1_256_map-_home_max_Documents_PhD_MAPF_LNS_MAPF_LNS_SAT_mapf-scen-even_scen-even_Berlin_1_256-even-1_scen-agents20-idx41-seed42-1783602348342,/home/max/Documents/PhD/MAPF/LNS/MAPF_LNS_SAT/mapf-map/Berlin_1_256.map,/home/max/Documents/PhD/MAPF/LNS/MAPF_LNS_SAT/mapf-scen-even/scen-even/Berlin_1_256-even-1.scen,20,41,42,1,378,3203.538000,952,365,0.000000,0.435000,0.831000,0.601000,0.106847
_home_max_Documents_PhD_MAPF_LNS_MAPF_LNS_SAT_mapf-map_Berlin_1_256_map-_home_max_Documents_PhD_MAPF_LNS_MAPF_LNS_SAT_mapf-scen-even_scen-even_Berlin_1_256-even-1_scen-agents20-idx42-seed42-1783602351601,/home/max/Documents/PhD/MAPF/LNS/MAPF_LNS_SAT/mapf-map/Berlin_1_256.map,/home/max/Documents/PhD/MAPF/LNS/MAPF_LNS_SAT/mapf-scen-even/scen-even/Berlin_1_256-even-1.scen,20,42,42,1,404,3038.176000,1515,528,0.000000,1.051000,1.310000,1.020000,0.191504
_home_max_Documents_PhD_MAPF_LNS_MAPF_LNS_SAT_mapf-map_Berlin_1_256_map-_home_max_Documents_PhD_MAPF_LNS_MAPF_LNS_SAT_mapf-scen-even_scen-even_Berlin_1_256-even-1_scen-agents20-idx43-seed42-1783602354712,/home/max/Documents/PhD/MAPF/LNS/MAPF_LNS_SAT/mapf-map/Berlin_1_256.map,/home/max/Documents/PhD/MAPF/LNS/MAPF_LNS_SAT/mapf-scen-even/scen-even/Berlin_1_256-even-1.scen,20,43,42,1,452,3336.343000,0,0,0.000000,0.000000,0.000000,0.000000,0.000000
_home_max_Documents_PhD_MAPF_LNS_MAPF_LNS_SAT_mapf-map_Berlin_1_256_map-_home_max_Documents_PhD_MAPF_LNS_MAPF_LNS_SAT_mapf-scen-even_scen-even_Berlin_1_256-even-1_scen-agents20-idx44-seed42-1783602358120,/home/max/Documents/PhD/MAPF/LNS/MAPF_LNS_SAT/mapf-map/Berlin_1_256.map,/home/max/Documents/PhD/MAPF/LNS/MAPF_LNS_SAT/mapf-scen-even/scen-even/Berlin_1_256-even-1.scen,20,44,42,1,468,3395.535000,413,95,0.000000,0.170000,0.403000,0.322000,0.047636
_home_max_Documents_PhD_MAPF_LNS_MAPF_LNS_SAT_mapf-map_Berlin_1_256_map-_home_max_Documents_PhD_MAPF_LNS_MAPF_LNS_SAT_mapf-scen-even_scen-even_Berlin_1_256-even-1_scen-agents20-idx45-seed42-1783602361579,/home/max/Documents/PhD/MAPF/LNS/MAPF_LNS_SAT/mapf-map/Berlin_1_256.map,/home/max/Documents/PhD/MAPF/LNS/MAPF_LNS_SAT/mapf-scen-even/scen-even/Berlin_1_256-even-1.scen,20,45,42,1,455,3296.374000,0,0,0.000000,0.000000,0.000000,0.000000,0.000000
_home_max_Documents_PhD_MAPF_LNS_MAPF_LNS_SAT_mapf-map_Berlin_1_256_map-_home_max_Documents_PhD_MAPF_LNS_MAPF_LNS_SAT_mapf-scen-even_scen-even_Berlin_1_256-even-1_scen-agents20-idx46-seed42-1783602364940,/home/max/Documents/PhD/MAPF/LNS/MAPF_LNS_SAT/mapf-map/Berlin_1_256.map,/home/max/Documents/PhD/MAPF/LNS/MAPF_LNS_SAT/mapf-scen-even/scen-even/Berlin_1_256-even-1.scen,20,46,42,1,434,3237.691000,246,86,0.000000,0.153000,0.315000,0.236000,0.030377
_home_max_Documents_PhD_MAPF_LNS_MAPF_LNS_SAT_mapf-map_Berlin_1_256_map-_home_max_Documents_PhD_MAPF_LNS_MAPF_LNS_SAT_mapf-scen-even_scen-even_Berlin_1_256-even-2_scen-agents20-idx0-seed42-1783602368249,/home/max/Documents/PhD/MAPF/LNS/MAPF_LNS_SAT/mapf-map/Berlin_1_256.map,/home/max/Documents/PhD/MAPF/LNS/MAPF_LNS_SAT/mapf-scen-even/scen-even/Berlin_1_256-even-2.scen,20,0,42,1,465,3194.600000,192,59,0.000000,0.106000,0.204000,0.163000,0.020037
_home_max_Documents_PhD_MAPF_LNS_MAPF_LNS_SAT_mapf-map_Berlin_1_256_map-_home_max_Documents_PhD_MAPF_LNS_MAPF_LNS_SAT_mapf-scen-even_scen-even_Berlin_1_256-even-2_scen-agents20-idx1-seed42-1783602371509,/home/max/Documents/PhD/MAPF/LNS/MAPF_LNS_SAT/mapf-map/Berlin_1_256.map,/home/max/Documents/PhD/MAPF/LNS/MAPF_LNS_SAT/mapf-scen-even/scen-even/Berlin_1_256-even-2.scen,20,1,42,1,436,3216.046000,0,0,0.000000,0.000000,0.000000,0.000000,0.000000
_home_max_Documents_PhD_MAPF_LNS_MAPF_LNS_SAT_mapf-map_Berlin_1_256_map-_home_max_Documents_PhD_MAPF_LNS_MAPF_LNS_SAT_mapf-scen-even_scen-even_Berlin_1_256-even-2_scen-agents20-idx2-seed42-1783602374764,/home/max/Documents/PhD/MAPF/LNS/MAPF_LNS_SAT/mapf-map/Berlin_1_256.map,/home/max/Documents/PhD/MAPF/LNS/MAPF_LNS_SAT/mapf-scen-even/scen-even/Berlin_1_256-even-2.scen,20,2,42,1,449,3240.443000,254,60,0.000000,0.101000,0.234000,0.197000,0.029866
_home_max_Documents_PhD_MAPF_LNS_MAPF_LNS_SAT_mapf-map_Berlin_1_256_map-_home_max_Documents_PhD_MAPF_LNS_MAPF_LNS_SAT_mapf-scen-even_scen-even_Berlin_1_256-even-2_scen-agents20-idx3-seed42-1783602378076,/home/max/Documents/PhD/MAPF/LNS/MAPF_LNS_SAT/mapf-map/Berlin_1_256.map,/home/max/Documents/PhD/MAPF/LNS/MAPF_LNS_SAT/mapf-scen-even/scen-even/Berlin_1_256-even-2.scen,20,3,42,1,433,3050.461000,216,70,0.000000,0.152000,0.267000,0.205000,0.041810
_home_max_Documents_PhD_MAPF_LNS_MAPF_LNS_SAT_mapf-map_Berlin_1_256_map-_home_max_Documents_PhD_MAPF_LNS_MAPF_LNS_SAT_mapf-scen-even_scen-even_Berlin_1_256-even-2_scen-agents20-idx4-seed42-1783602381180,/home/max/Documents/PhD/MAPF/LNS/MAPF_LNS_SAT/mapf-map/Berlin_1_256.map,/home/max/Documents/PhD/MAPF/LNS/MAPF_LNS_SAT/mapf-scen-even/scen-even/Berlin_1_256-even-2.scen,20,4,42,1,410,3134.174000,0,0,0.000000,0.000000,0.000000,0.000000,0.000000
_home_max_Documents_PhD_MAPF_LNS_MAPF_LNS_SAT_mapf-map_Berlin_1_256_map-_home_max_Documents_PhD_MAPF_LNS_MAPF_LNS_SAT_mapf-scen-even_scen-even_Berlin_1_256-even-2_scen-agents20-idx5-seed42-1783602384388,/home/max/Documents/PhD/MAPF/LNS/MAPF_LNS_SAT/mapf-map/Berlin_1_256.map,/home/max/Documents/PhD/MAPF/LNS/MAPF_LNS_SAT/mapf-scen-even/scen-even/Berlin_1_256-even-2.scen,20,5,42,1,432,3081.474000,47639,2454,0.000000,15.494000,17.667000,17.528000,0.415328
_home_max_Documents_PhD_MAPF_LNS_MAPF_LNS_SAT_mapf-map_Berlin_1_256_map-_home_max_Documents_PhD_MAPF_LNS_MAPF_LNS_SAT_mapf-scen-even_scen-even_Berlin_1_256-even-2_scen-agents20-idx6-seed42-1783602387549,/home/max/Documents/PhD/MAPF/LNS/MAPF_LNS_SAT/mapf-map/Berlin_1_256.map,/home/max/Documents/PhD/MAPF/LNS/MAPF_LNS_SAT/mapf-scen-even/scen-even/Berlin_1_256-even-2.scen,20,6,42,1,426,3235.426000,145,34,0.000000,0.067000,0.115000,0.107000,0.014292
_home_max_Documents_PhD_MAPF_LNS_MAPF_LNS_SAT_mapf-map_Berlin_1_256_map-_home_max_Documents_PhD_MAPF_LNS_MAPF_LNS_SAT_mapf-scen-even_scen-even_Berlin_1_256-even-2_scen-agents20-idx7-seed42-1783602390859,/home/max/Documents/PhD/MAPF/LNS/MAPF_LNS_SAT/mapf-map/Berlin_1_256.map,/home/max/Documents/PhD/MAPF/LNS/MAPF_LNS_SAT/mapf-scen-even/scen-even/Berlin_1_256-even-2.scen,20,7,42,1,441,3199.371000,142,32,0.000000,0.062000,0.120000,0.102000,0.016573
_home_max_Documents_PhD_MAPF_LNS_MAPF_LNS_SAT_mapf-map_Berlin_1_256_map-_home_max_Documents_PhD_MAPF_LNS_MAPF_LNS_SAT_mapf-scen-even_scen-even_Berlin_1_256-even-2_scen-agents20-idx8-seed42-1783602394115,/home/max/Documents/PhD/MAPF/LNS/MAPF_LNS_SAT/mapf-map/Berlin_1_256.map,/home/max/Documents/PhD/MAPF/LNS/MAPF_LNS_SAT/mapf-scen-even/scen-even/Berlin_1_256-even-2.scen,20,8,42,1,465,3237.395000,162,43,0.000000,0.083000,0.191000,0.148000,0.022710
_home_max_Documents_PhD_MAPF_LNS_MAPF_LNS_SAT_mapf-map_Berlin_1_256_map-_home_max_Documents_PhD_MAPF_LNS_MAPF_LNS_SAT_mapf-scen-even_scen-even_Berlin_1_256-even-2_scen-agents20-idx9-seed42-1783602397426,/home/max/Documents/PhD/MAPF/LNS/MAPF_LNS_SAT/mapf-map/Berlin_1_256.map,/home/max/Documents/PhD/MAPF/LNS/MAPF_LNS_SAT/mapf-scen-even/scen-even/Berlin_1_256-even-2.scen,20,9,42,1,398,3070.710000,169,46,0.000000,0.064000,0.167000,0.135000,0.023341
_home_max_Documents_PhD_MAPF_LNS_MAPF_LNS_SAT_mapf-map_Berlin_1_256_map-_home_max_Documents_PhD_MAPF_LNS_MAPF_LNS_SAT_mapf-scen-even_scen-even_Berlin_1_256-even-2_scen-agents20-idx10-seed42-1783602400581,/home/max/Documents/PhD/MAPF/LNS/MAPF_LNS_SAT/mapf-map/Berlin_1_256.map,/home/max/Documents/PhD/MAPF/LNS/MAPF_LNS_SAT/mapf-scen-even/scen-even/Berlin_1_256-even-2.scen,20,10,42,1,464,3110.948000,138,31,0.000000,0.058000,0.102000,0.093000,0.011102
_home_max_Documents_PhD_MAPF_LNS_MAPF_LNS_SAT_mapf-map_Berlin_1_256_map-_home_max_Documents_PhD_MAPF_LNS_MAPF_LNS_SAT_mapf-scen-even_scen-even_Berlin_1_256-even-2_scen-agents20-idx11-seed42-1783602403737,/home/max/Documents/PhD/MAPF/LNS/MAPF_LNS_SAT/mapf-map/Berlin_1_256.map,/home/max/Documents/PhD/MAPF/LNS/MAPF_LNS_SAT/mapf-scen-even/scen-even/Berlin_1_256-even-2.scen,20,11,42,1,412,3057.022000,318,104,0.000000,0.170000,0.336000,0.266000,0.038688
_home_max_Documents_PhD_MAPF_LNS_MAPF_LNS_SAT_mapf-map_Berlin_1_256_map-_home_max_Documents_PhD_MAPF_LNS_MAPF_LNS_SAT_mapf-scen-even_scen-even_Berlin_1_256-even-2_scen-agents20-idx12-seed42-1783602406847,/home/max/Documents/PhD/MAPF/LNS/MAPF_LNS_SAT/mapf-map/Berlin_1_256.map,/home/max/Documents/PhD/MAPF/LNS/MAPF_LNS_SAT/mapf-scen-even/scen-even/Berlin_1_256-even-2.scen,20,12,42,1,447,3298.836000,227,91,0.000000,0.538000,0.241000,0.184000,0.034919
_home_max_Documents_PhD_MAPF_LNS_MAPF_LNS_SAT_mapf-map_Berlin_1_256_map-_home_max_Documents_PhD_MAPF_LNS_MAPF_LNS_SAT_mapf-scen-even_scen-even_Berlin_1_256-even-2_scen-agents20-idx13-seed42-1783602410206,/home/max/Documents/PhD/MAPF/LNS/MAPF_LNS_SAT/mapf-map/Berlin_1_256.map,/home/max/Documents/PhD/MAPF/LNS/MAPF_LNS_SAT/mapf-scen-even/scen-even/Berlin_1_256-even-2.scen,20,13,42,1,425,3197.111000,151,58,0.000000,0.146000,0.196000,0.146000,0.024006
_home_max_Documents_PhD_MAPF_LNS_MAPF_LNS_SAT_mapf-map_Berlin_1_256_map-_home_max_Documents_PhD_MAPF_LNS_MAPF_LNS_SAT_mapf-scen-even_scen-even_Berlin_1_256-even-2_scen-agents20-idx14-seed42-1783602413464,/home/max/Documents/PhD/MAPF/LNS/MAPF_LNS_SAT/mapf-map/Berlin_1_256.map,/home/max/Documents/PhD/MAPF/LNS/MAPF_LNS_SAT/mapf-scen-even/scen-even/Berlin_1_256-even-2.scen,20,14,42,1,449,3319.579000,26,14,0.000000,0.020000,0.046000,0.036000,0.008819
_home_max_Documents_PhD_MAPF_LNS_MAPF_LNS_SAT_mapf-map_Berlin_1_256_map-_home_max_Documents_PhD_MAPF_LNS_MAPF_LNS_SAT_mapf-scen-even_scen-even_Berlin_1_256-even-2_scen-agents20-idx15-seed42-1783602416874,/home/max/Documents/PhD/MAPF/LNS/MAPF_LNS_SAT/mapf-map/Berlin_1_256.map,/home/max/Documents/PhD/MAPF/LNS/MAPF_LNS_SAT/mapf-scen-even/scen-even/Berlin_1_256-even-2.scen,20,15,42,1,438,3087.709000,548,130,0.002000,0.244000,0.528000,0.428000,0.056719
_home_max_Documents_PhD_MAPF_LNS_MAPF_LNS_SAT_mapf-map_Berlin_1_256_map-_home_max_Documents_PhD_MAPF_LNS_MAPF_LNS_SAT_mapf-scen-even_scen-even_Berlin_1_256-even-2_scen-agents20-idx16-seed42-1783602420032,/home/max/Documents/PhD/MAPF/LNS/MAPF_LNS_SAT/mapf-map/Berlin_1_256.map,/home/max/Documents/PhD/MAPF/LNS/MAPF_LNS_SAT/mapf-scen-even/scen-even/Berlin_1_256-even-2.scen,20,16,42,1,434,3261.787000,0,0,0.000000,0.000000,0.000000,0.000000,0.000000
_home_max_Documents_PhD_MAPF_LNS_MAPF_LNS_SAT_mapf-map_Berlin_1_256_map-_home_max_Documents_PhD_MAPF_LNS_MAPF_LNS_SAT_mapf-scen-even_scen-even_Berlin_1_256-even-2_scen-agents20-idx17-seed42-1783602423335,/home/max/Documents/PhD/MAPF/LNS/MAPF_LNS_SAT/mapf-map/Berlin_1_256.map,/home/max/Documents/PhD/MAPF/LNS/MAPF_LNS_SAT/mapf-scen-even/scen-even/Berlin_1_256-even-2.scen,20,17,42,1,443,3350.332000,276,60,0.000000,0.104000,0.251000,0.211000,0.029417
_home_max_Documents_PhD_MAPF_LNS_MAPF_LNS_SAT_mapf-map_Berlin_1_256_map-_home_max_Documents_PhD_MAPF_LNS_MAPF_LNS_SAT_mapf-scen-even_scen-even_Berlin_1_256-even-2_scen-agents20-idx18-seed42-1783602426744,/home/max/Documents/PhD/MAPF/LNS/MAPF_LNS_SAT/mapf-map/Berlin_1_256.map,/home/max/Documents/PhD/MAPF/LNS/MAPF_LNS_SAT/mapf-scen-even/scen-even/Berlin_1_256-even-2.scen,20,18,42,1,445,3059.532000,47,25,0.001000,0.033000,0.095000,0.068000,0.013540
_home_max_Documents_PhD_MAPF_LNS_MAPF_LNS_SAT_mapf-map_Berlin_1_256_map-_home_max_Documents_PhD_MAPF_LNS_MAPF_LNS_SAT_mapf-scen-even_scen-even_Berlin_1_256-even-2_scen-agents20-idx19-seed42-1783602429850,/home/max/Documents/PhD/MAPF/LNS/MAPF_LNS_SAT/mapf-map/Berlin_1_256.map,/home/max/Documents/PhD/MAPF/LNS/MAPF_LNS_SAT/mapf-scen-even/scen-even/Berlin_1_256-even-2.scen,20,19,42,1,460,3335.477000,467,206,0.000000,0.631000,0.276000,0.231000,0.020861
_home_max_Documents_PhD_MAPF_LNS_MAPF_LNS_SAT_mapf-map_Berlin_1_256_map-_home_max_Documents_PhD_MAPF_LNS_MAPF_LNS_SAT_mapf-scen-even_scen-even_Berlin_1_256-even-2_scen-agents20-idx20-seed42-1783602433264,/home/max/Documents/PhD/MAPF/LNS/MAPF_LNS_SAT/mapf-map/Berlin_1_256.map,/home/max/Documents/PhD/MAPF/LNS/MAPF_LNS_SAT/mapf-scen-even/scen-even/Berlin_1_256-even-2.scen,20,20,42,1,419,3042.841000,141,32,0.000000,0.062000,0.114000,0.096000,0.013807
_home_max_Documents_PhD_MAPF_LNS_MAPF_LNS_SAT_mapf-map_Berlin_1_256_map-_home_max_Documents_PhD_MAPF_LNS_MAPF_LNS_SAT_mapf-scen-even_scen-even_Berlin_1_256-even-2_scen-agents20-idx21-seed42-1783602436370,/home/max/Documents/PhD/MAPF/LNS/MAPF_LNS_SAT/mapf-map/Berlin_1_256.map,/home/max/Documents/PhD/MAPF/LNS/MAPF_LNS_SAT/mapf-scen-even/scen-even/Berlin_1_256-even-2.scen,20,21,42,1,377,3127.000000,181,73,0.000000,0.135000,0.236000,0.180000,0.030992
_home_max_Documents_PhD_MAPF_LNS_MAPF_LNS_SAT_mapf-map_Berlin_1_256_map-_home_max_Documents_PhD_MAPF_LNS_MAPF_LNS_SAT_mapf-scen-even_scen-even_Berlin_1_256-even-2_scen-agents20-idx22-seed42-1783602439579,/home/max/Documents/PhD/MAPF/LNS/MAPF_LNS_SAT/mapf-map/Berlin_1_256.map,/home/max/Documents/PhD/MAPF/LNS/MAPF_LNS_SAT/mapf-scen-even/scen-even/Berlin_1_256-even-2.scen,20,22,42,1,416,3120.674000,0,0,0.000000,0.000000,0.000000,0.000000,0.000000
_home_max_Documents_PhD_MAPF_LNS_MAPF_LNS_SAT_mapf-map_Berlin_1_256_map-_home_max_Documents_PhD_MAPF_LNS_MAPF_LNS_SAT_mapf-scen-even_scen-even_Berlin_1_256-even-2_scen-agents20-idx23-seed42-1783602442785,/home/max/Documents/PhD/MAPF/LNS/MAPF_LNS_SAT/mapf-map/Berlin_1_256.map,/home/max/Documents/PhD/MAPF/LNS/MAPF_LNS_SAT/mapf-scen-even/scen-even/Berlin_1_256-even-2.scen,20,23,42,1,434,3154.386000,352,100,0.000000,0.193000,0.321000,0.266000,0.034510
_home_max_Documents_PhD_MAPF_LNS_MAPF_LNS_SAT_mapf-map_Berlin_1_256_map-_home_max_Documents_PhD_MAPF_LNS_MAPF_LNS_SAT_mapf-scen-even_scen-even_Berlin_1_256-even-2_scen-agents20-idx24-seed42-1783602445991,/home/max/Documents/PhD/MAPF/LNS/MAPF_LNS_SAT/mapf-map/Berlin_1_256.map,/home/max/Documents/PhD/MAPF/LNS/MAPF_LNS_SAT/mapf-scen-even/scen-even/Berlin_1_256-even-2.scen,20,24,42,1,441,3313.619000,128,31,0.000000,0.061000,0.120000,0.101000,0.016876
_home_max_Documents_PhD_MAPF_LNS_MAPF_LNS_SAT_mapf-map_Berlin_1_256_map-_home_max_Documents_PhD_MAPF_LNS_MAPF_LNS_SAT_mapf-scen-even_scen-even_Berlin_1_256-even-2_scen-agents20-idx25-seed42-1783602449347,/home/max/Documents/PhD/MAPF/LNS/MAPF_LNS_SAT/mapf-map/Berlin_1_256.map,/home/max/Documents/PhD/MAPF/LNS/MAPF_LNS_SAT/mapf-scen-even/scen-even/Berlin_1_256-even-2.scen,20,25,42,1,432,3371.587000,172,69,0.000000,0.152000,0.238000,0.175000,0.029378
_home_max_Documents_PhD_MAPF_LNS_MAPF_LNS_SAT_mapf-map_Berlin_1_256_map-_home_max_Documents_PhD_MAPF_LNS_MAPF_LNS_SAT_mapf-scen-even_scen-even_Berlin_1_256-even-2_scen-agents20-idx26-seed42-1783602452811,/home/max/Documents/PhD/MAPF/LNS/MAPF_LNS_SAT/mapf-map/Berlin_1_256.map,/home/max/Documents/PhD/MAPF/LNS/MAPF_LNS_SAT/mapf-scen-even/scen-even/Berlin_1_256-even-2.scen,20,26,42,1,381,3092.903000,31,16,0.000000,0.016000,0.055000,0.045000,0.012764
_home_max_Documents_PhD_MAPF_LNS_MAPF_LNS_SAT_mapf-map_Berlin_1_256_map-_home_max_Documents_PhD_MAPF_LNS_MAPF_LNS_SAT_mapf-scen-even_scen-even_Berlin_1_256-even-2_scen-agents20-idx27-seed42-1783602455968,/home/max/Documents/PhD/MAPF/LNS/MAPF_LNS_SAT/mapf-map/Berlin_1_256.map,/home/max/Documents/PhD/MAPF/LNS/MAPF_LNS_SAT/mapf-scen-even/scen-even/Berlin_1_256-even-2.scen,20,27,42,1,379,3005.675000,0,0,0.000000,0.000000,0.000000,0.000000,0.000000
_home_max_Documents_PhD_MAPF_LNS_MAPF_LNS_SAT_mapf-map_Berlin_1_256_map-_home_max_Documents_PhD_MAPF_LNS_MAPF_LNS_SAT_mapf-scen-even_scen-even_Berlin_1_256-even-2_scen-agents20-idx28-seed42-1783602459024,/home/max/Documents/PhD/MAPF/LNS/MAPF_LNS_SAT/mapf-map/Berlin_1_256.map,/home/max/Documents/PhD/MAPF/LNS/MAPF_LNS_SAT/mapf-scen-even/scen-even/Berlin_1_256-even-2.scen,20,28,42,1,411,3077.769000,178,50,0.000000,0.067000,0.189000,0.148000,0.025832
_home_max_Documents_PhD_MAPF_LNS_MAPF_LNS_SAT_mapf-map_Berlin_1_256_map-_home_max_Documents_PhD_MAPF_LNS_MAPF_LNS_SAT_mapf-scen-even_scen-even_Berlin_1_256-even-2_scen-agents20-idx29-seed42-1783602462186,/home/max/Documents/PhD/MAPF/LNS/MAPF_LNS_SAT/mapf-map/Berlin_1_256.map,/home/max/Documents/PhD/MAPF/LNS/MAPF_LNS_SAT/mapf-scen-even/scen-even/Berlin_1_256-even-2.scen,20,29,42,1,415,3158.772000,55,28,0.000000,0.040000,0.115000,0.081000,0.014950
_home_max_Documents_PhD_MAPF_LNS_MAPF_LNS_SAT_mapf-map_Berlin_1_256_map-_home_max_Documents_PhD_MAPF_LNS_MAPF_LNS_SAT_mapf-scen-even_scen-even_Berlin_1_256-even-2_scen-agents20-idx30-seed42-1783602465392,/home/max/Documents/PhD/MAPF/LNS/MAPF_LNS_SAT/mapf-map/Berlin_1_256.map,/home/max/Documents/PhD/MAPF/LNS/MAPF_LNS_SAT/mapf-scen-even/scen-even/Berlin_1_256-even-2.scen,20,30,42,1,421,3077.427000,138,30,0.001000,0.052000,0.124000,0.105000,0.016174
_home_max_Documents_PhD_MAPF_LNS_MAPF_LNS_SAT_mapf-map_Berlin_1_256_map-_home_max_Documents_PhD_MAPF_LNS_MAPF_LNS_SAT_mapf-scen-even_scen-even_Berlin_1_256-even-2_scen-agents20-idx31-seed42-1783602468553,/home/max/Documents/PhD/MAPF/LNS/MAPF_LNS_SAT/mapf-map/Berlin_1_256.map,/home/max/Documents/PhD/MAPF/LNS/MAPF_LNS_SAT/mapf-scen-even/scen-even/Berlin_1_256-even-2.scen,20,31,42,1,415,3396.551000,221,89,0.000000,0.135000,0.245000,0.194000,0.020419
_home_max_Documents_PhD_MAPF_LNS_MAPF_LNS_SAT_mapf-map_Berlin_1_256_map-_home_max_Documents_PhD_MAPF_LNS_MAPF_LNS_SAT_mapf-scen-even_scen-even_Berlin_1_256-even-2_scen-agents20-idx32-seed42-1783602472012,/home/max/Documents/PhD/MAPF/LNS/MAPF_LNS_SAT/mapf-map/Berlin_1_256.map,/home/max/Documents/PhD/MAPF/LNS/MAPF_LNS_SAT/mapf-scen-even/scen-even/Berlin_1_256-even-2.scen,20,32,42,1,439,3287.714000,23,12,0.000000,0.015000,0.063000,0.045000,0.008674
_home_max_Documents_PhD_MAPF_LNS_MAPF_LNS_SAT_mapf-map_Berlin_1_256_map-_home_max_Documents_PhD_MAPF_LNS_MAPF_LNS_SAT_mapf-scen-even_scen-even_Berlin_1_256-even-2_scen-agents20-idx33-seed42-1783602475371,/home/max/Documents/PhD/MAPF/LNS/MAPF_LNS_SAT/mapf-map/Berlin_1_256.map,/home/max/Documents/PhD/MAPF/LNS/MAPF_LNS_SAT/mapf-scen-even/scen-even/Berlin_1_256-even-2.scen,20,33,42,1,402,3280.186000,297,92,0.000000,0.146000,0.317000,0.246000,0.038740
_home_max_Documents_PhD_MAPF_LNS_MAPF_LNS_SAT_mapf-map_Berlin_1_256_map-_home_max_Documents_PhD_MAPF_LNS_MAPF_LNS_SAT_mapf-scen-even_scen-even_Berlin_1_256-even-2_scen-agents20-idx34-seed42-1783602478732,/home/max/Documents/PhD/MAPF/LNS/MAPF_LNS_SAT/mapf-map/Berlin_1_256.map,/home/max/Documents/PhD/MAPF/LNS/MAPF_LNS_SAT/mapf-scen-even/scen-even/Berlin_1_256-even-2.scen,20,34,42,1,436,3286.267000,704,293,0.000000,1.348000,0.591000,0.463000,0.055269
_home_max_Documents_PhD_MAPF_LNS_MAPF_LNS_SAT_mapf-map_Berlin_1_256_map-_home_max_Documents_PhD_MAPF_LNS_MAPF_LNS_SAT_mapf-scen-even_scen-even_Berlin_1_256-even-2_scen-agents20-idx35-seed42-1783602482090,/home/max/Documents/PhD/MAPF/LNS/MAPF_LNS_SAT/mapf-map/Berlin_1_256.map,/home/max/Documents/PhD/MAPF/LNS/MAPF_LNS_SAT/mapf-scen-even/scen-even/Berlin_1_256-even-2.scen,20,35,42,1,435,3053.954000,138,30,0.000000,0.064000,0.138000,0.107000,0.019277
_home_max_Documents_PhD_MAPF_LNS_MAPF_LNS_SAT_mapf-map_Berlin_1_256_map-_home_max_Documents_PhD_MAPF_LNS_MAPF_LNS_SAT_mapf-scen-even_scen-even_Berlin_1_256-even-2_scen-agents20-idx36-seed42-1783602485190,/home/max/Documents/PhD/MAPF/LNS/MAPF_LNS_SAT/mapf-map/Berlin_1_256.map,/home/max/Documents/PhD/MAPF/LNS/MAPF_LNS_SAT/mapf-scen-even/scen-even/Berlin_1_256-even-2.scen,20,36,42,1,447,2981.993000,0,0,0.000000,0.000000,0.000000,0.000000,0.000000
_home_max_Documents_PhD_MAPF_LNS_MAPF_LNS_SAT_mapf-map_Berlin_1_256_map-_home_max_Documents_PhD_MAPF_LNS_MAPF_LNS_SAT_mapf-scen-even_scen-even_Berlin_1_256-even-2_scen-agents20-idx37-seed42-1783602488249,/home/max/Documents/PhD/MAPF/LNS/MAPF_LNS_SAT/mapf-map/Berlin_1_256.map,/home/max/Documents/PhD/MAPF/LNS/MAPF_LNS_SAT/mapf-scen-even/scen-even/Berlin_1_256-even-2.scen,20,37,42,1,428,3203.805000,163,44,0.001000,0.075000,0.159000,0.130000,0.014809
_home_max_Documents_PhD_MAPF_LNS_MAPF_LNS_SAT_mapf-map_Berlin_1_256_map-_home_max_Documents_PhD_MAPF_LNS_MAPF_LNS_SAT_mapf-scen-even_scen-even_Berlin_1_256-even-2_scen-agents20-idx38-seed42-1783602491506,/home/max/Documents/PhD/MAPF/LNS/MAPF_LNS_SAT/mapf-map/Berlin_1_256.map,/home/max/Documents/PhD/MAPF/LNS/MAPF_LNS_SAT/mapf-scen-even/scen-even/Berlin_1_256-even-2.scen,20,38,42,1,428,3383.424000,0,0,0.000000,0.000000,0.000000,0.000000,0.000000
_home_max_Documents_PhD_MAPF_LNS_MAPF_LNS_SAT_mapf-map_Berlin_1_256_map-_home_max_Documents_PhD_MAPF_LNS_MAPF_LNS_SAT_mapf-scen-even_scen-even_Berlin_1_256-even-2_scen-agents20-idx39-seed42-1783602494967,/home/max/Documents/PhD/MAPF/LNS/MAPF_LNS_SAT/mapf-map/Berlin_1_256.map,/home/max/Documents/PhD/MAPF/LNS/MAPF_LNS_SAT/mapf-scen-even/scen-even/Berlin_1_256-even-2.scen,20,39,42,1,449,3024.471000,138,30,0.000000,0.047000,0.125000,0.106000,0.017520
_home_max_Documents_PhD_MAPF_LNS_MAPF_LNS_SAT_mapf-map_Berlin_1_256_map-_home_max_Documents_PhD_MAPF_LNS_MAPF_LNS_SAT_mapf-scen-even_scen-even_Berlin_1_256-even-2_scen-agents20-idx40-seed42-1783602498074,/home/max/Documents/PhD/MAPF/LNS/MAPF_LNS_SAT/mapf-map/Berlin_1_256.map,/home/max/Documents/PhD/MAPF/LNS/MAPF_LNS_SAT/mapf-scen-even/scen-even/Berlin_1_256-even-2.scen,20,40,42,1,415,3090.438000,0,0,0.000000,0.000000,0.000000,0.000000,0.000000
_home_max_Documents_PhD_MAPF_LNS_MAPF_LNS_SAT_mapf-map_Berlin_1_256_map-_home_max_Documents_PhD_MAPF_LNS_MAPF_LNS_SAT_mapf-scen-even_scen-even_Berlin_1_256-even-2_scen-agents20-idx41-seed42-1783602501234,/home/max/Documents/PhD/MAPF/LNS/MAPF_LNS_SAT/mapf-map/Berlin_1_256.map,/home/max/Documents/PhD/MAPF/LNS/MAPF_LNS_SAT/mapf-scen-even/scen-even/Berlin_1_256-even-2.scen,20,41,42,1,400,2977.673000,0,0,0.000000,0.000000,0.000000,0.000000,0.000000
_home_max_Documents_PhD_MAPF_LNS_MAPF_LNS_SAT_mapf-map_Berlin_1_256_map-_home_max_Documents_PhD_MAPF_LNS_MAPF_LNS_SAT_mapf-scen-even_scen-even_Berlin_1_256-even-2_scen-agents20-idx42-seed42-1783602504289,/home/max/Documents/PhD/MAPF/LNS/MAPF_LNS_SAT/mapf-map/Berlin_1_256.map,/home/max/Documents/PhD/MAPF/LNS/MAPF_LNS_SAT/mapf-scen-even/scen-even/Berlin_1_256-even-2.scen,20,42,42,1,420,3059.007000,0,0,0.000000,0.000000,0.000000,0.000000,0.000000
_home_max_Documents_PhD_MAPF_LNS_MAPF_LNS_SAT_mapf-map_Berlin_1_256_map-_home_max_Documents_PhD_MAPF_LNS_MAPF_LNS_SAT_mapf-scen-even_scen-even_Berlin_1_256-even-2_scen-agents20-idx43-seed42-1783602507396,/home/max/Documents/PhD/MAPF/LNS/MAPF_LNS_SAT/mapf-map/Berlin_1_256.map,/home/max/Documents/PhD/MAPF/LNS/MAPF_LNS_SAT/mapf-scen-even/scen-even/Berlin_1_256-even-2.scen,20,43,42,1,424,3211.440000,0,0,0.000000,0.000000,0.000000,0.000000,0.000000
_home_max_Documents_PhD_MAPF_LNS_MAPF_LNS_SAT_mapf-map_Berlin_1_256_map-_home_max_Documents_PhD_MAPF_LNS_MAPF_LNS_SAT_mapf-scen-even_scen-even_Berlin_1_256-even-2_scen-agents20-idx44-seed42-1783602510654,/home/max/Documents/PhD/MAPF/LNS/MAPF_LNS_SAT/mapf-map/Berlin_1_256.map,/home/max/Documents/PhD/MAPF/LNS/MAPF_LNS_SAT/mapf-scen-even/scen-even/Berlin_1_256-even-2.scen,20,44,42,1,444,3394.402000,0,0,0.000000,0.000000,0.000000,0.000000,0.000000
_home_max_Documents_PhD_MAPF_LNS_MAPF_LNS_SAT_mapf-map_Berlin_1_256_map-_home_max_Documents_PhD_MAPF_LNS_MAPF_LNS_SAT_mapf-scen-even_scen-even_Berlin_1_256-even-2_scen-agents20-idx45-seed42-1783602514116,/home/max/Documents/PhD/MAPF/LNS/MAPF_LNS_SAT/mapf-map/Berlin_1_256.map,/home/max/Documents/PhD/MAPF/LNS/MAPF_LNS_SAT/mapf-scen-even/scen-even/Berlin_1_256-even-2.scen,20,45,42,1,443,3279.905000,140,32,0.000000,0.050000,0.102000,0.093000,0.011501
_home_max_Documents_PhD_MAPF_LNS_MAPF_LNS_SAT_mapf-map_Berlin_1_256_map-_home_max_Documents_PhD_MAPF_LNS_MAPF_LNS_SAT_mapf-scen-even_scen-even_Berlin_1_256-even-3_scen-agents20-idx0-seed42-1783602517477,/home/max/Documents/PhD/MAPF/LNS/MAPF_LNS_SAT/mapf-map/Berlin_1_256.map,/home/max/Documents/PhD/MAPF/LNS/MAPF_LNS_SAT/mapf-scen-even/scen-even/Berlin_1_256-even-3.scen,20,0,42,1,470,3110.809000,0,0,0.000000,0.000000,0.000000,0.000000,0.000000
_home_max_Documents_PhD_MAPF_LNS_MAPF_LNS_SAT_mapf-map_Berlin_1_256_map-_home_max_Documents_PhD_MAPF_LNS_MAPF_LNS_SAT_mapf-scen-even_scen-even_Berlin_1_256-even-3_scen-agents20-idx1-seed42-1783602520633,/home/max/Documents/PhD/MAPF/LNS/MAPF_LNS_SAT/mapf-map/Berlin_1_256.map,/home/max/Documents/PhD/MAPF/LNS/MAPF_LNS_SAT/mapf-scen-even/scen-even/Berlin_1_256-even-3.scen,20,1,42,1,401,2975.052000,0,0,0.000000,0.000000,0.000000,0.000000,0.000000
_home_max_Documents_PhD_MAPF_LNS_MAPF_LNS_SAT_mapf-map_Berlin_1_256_map-_home_max_Documents_PhD_MAPF_LNS_MAPF_LNS_SAT_mapf-scen-even_scen-even_Berlin_1_256-even-3_scen-agents20-idx2-seed42-1783602523693,/home/max/Documents/PhD/MAPF/LNS/MAPF_LNS_SAT/mapf-map/Berlin_1_256.map,/home/max/Documents/PhD/MAPF/LNS/MAPF_LNS_SAT/mapf-scen-even/scen-even/Berlin_1_256-even-3.scen,20,2,42,1,449,2926.187000,0,0,0.000000,0.000000,0.000000,0.000000,0.000000
_home_max_Documents_PhD_MAPF_LNS_MAPF_LNS_SAT_mapf-map_Berlin_1_256_map-_home_max_Documents_PhD_MAPF_LNS_MAPF_LNS_SAT_mapf-scen-even_scen-even_Berlin_1_256-even-3_scen-agents20-idx3-seed42-1783602526698,/home/max/Documents/PhD/MAPF/LNS/MAPF_LNS_SAT/mapf-map/Berlin_1_256.map,/home/max/Documents/PhD/MAPF/LNS/MAPF_LNS_SAT/mapf-scen-even/scen-even/Berlin_1_256-even-3.scen,20,3,42,1,474,3406.455000,470,146,0.000000,0.196000,0.498000,0.388000,0.054309
_home_max_Documents_PhD_MAPF_LNS_MAPF_LNS_SAT_mapf-map_Berlin_1_256_map-_home_max_Documents_PhD_MAPF_LNS_MAPF_LNS_SAT_mapf-scen-even_scen-even_Berlin_1_256-even-3_scen-agents20-idx4-seed42-1783602530153,/home/max/Documents/PhD/MAPF/LNS/MAPF_LNS_SAT/mapf-map/Berlin_1_256.map,/home/max/Documents/PhD/MAPF/LNS/MAPF_LNS_SAT/mapf-scen-even/scen-even/Berlin_1_256-even-3.scen,20,4,42,1,456,3467.266000,793,259,0.001000,0.380000,0.656000,0.513000,0.054420
_home_max_Documents_PhD_MAPF_LNS_MAPF_LNS_SAT_mapf-map_Berlin_1_256_map-_home_max_Documents_PhD_MAPF_LNS_MAPF_LNS_SAT_mapf-scen-even_scen-even_Berlin_1_256-even-3_scen-agents20-idx5-seed42-1783602533663,/home/max/Documents/PhD/MAPF/LNS/MAPF_LNS_SAT/mapf-map/Berlin_1_256.map,/home/max/Documents/PhD/MAPF/LNS/MAPF_LNS_SAT/mapf-scen-even/scen-even/Berlin_1_256-even-3.scen,20,5,42,1,465,3450.051000,0,0,0.000000,0.000000,0.000000,0.000000,0.000000
_home_max_Documents_PhD_MAPF_LNS_MAPF_LNS_SAT_mapf-map_Berlin_1_256_map-_home_max_Documents_PhD_MAPF_LNS_MAPF_LNS_SAT_mapf-scen-even_scen-even_Berlin_1_256-even-3_scen-agents20-idx6-seed42-1783602537174,/home/max/Documents/PhD/MAPF/LNS/MAPF_LNS_SAT/mapf-map/Berlin_1_256.map,/home/max/Documents/PhD/MAPF/LNS/MAPF_LNS_SAT/mapf-scen-even/scen-even/Berlin_1_256-even-3.scen,20,6,42,1,467,2977.883000,359,145,0.000000,0.245000,0.428000,0.317000,0.051001
_home_max_Documents_PhD_MAPF_LNS_MAPF_LNS_SAT_mapf-map_Berlin_1_256_map-_home_max_Documents_PhD_MAPF_LNS_MAPF_LNS_SAT_mapf-scen-even_scen-even_Berlin_1_256-even-1_scen-agents50-idx0-seed42-1783602540238,/home/max/Documents/PhD/MAPF/LNS/MAPF_LNS_SAT/mapf-map/Berlin_1_256.map,/home/max/Documents/PhD/MAPF/LNS/MAPF_LNS_SAT/mapf-scen-even/scen-even/Berlin_1_256-even-1.scen,50,0,42,1,444,8176.436000,1519,495,0.001000,0.915000,1.610000,1.247000,0.161929
_home_max_Documents_PhD_MAPF_LNS_MAPF_LNS_SAT_mapf-map_Berlin_1_256_map-_home_max_Documents_PhD_MAPF_LNS_MAPF_LNS_SAT_mapf-scen-even_scen-even_Berlin_1_256-even-1_scen-agents50-idx1-seed42-1783602548506,/home/max/Documents/PhD/MAPF/LNS/MAPF_LNS_SAT/mapf-map/Berlin_1_256.map,/home/max/Documents/PhD/MAPF/LNS/MAPF_LNS_SAT/mapf-scen-even/scen-even/Berlin_1_256-even-1.scen,50,1,42,1,421,8674.290000,812,303,0.001000,0.649000,0.816000,0.632000,0.086536
_home_max_Documents_PhD_MAPF_LNS_MAPF_LNS_SAT_mapf-map_Berlin_1_256_map-_home_max_Documents_PhD_MAPF_LNS_MAPF_LNS_SAT_mapf-scen-even_scen-even_Berlin_1_256-even-1_scen-agents50-idx2-seed42-1783602557278,/home/max/Documents/PhD/MAPF/LNS/MAPF_LNS_SAT/mapf-map/Berlin_1_256.map,/home/max/Documents/PhD/MAPF/LNS/MAPF_LNS_SAT/mapf-scen-even/scen-even/Berlin_1_256-even-1.scen,50,2,42,1,455,8324.500000,532,149,0.001000,0.568000,0.522000,0.413000,0.051336
_home_max_Documents_PhD_MAPF_LNS_MAPF_LNS_SAT_mapf-map_Berlin_1_256_map-_home_max_Documents_PhD_MAPF_LNS_MAPF_LNS_SAT_mapf-scen-even_scen-even_Berlin_1_256-even-1_scen-agents50-idx3-seed42-1783602565699,/home/max/Documents/PhD/MAPF/LNS/MAPF_LNS_SAT/mapf-map/Berlin_1_256.map,/home/max/Documents/PhD/MAPF/LNS/MAPF_LNS_SAT/mapf-scen-even/scen-even/Berlin_1_256-even-1.scen,50,3,42,1,465,8791.497000,1117,386,0.001000,2.014000,1.251000,0.976000,0.141043
_home_max_Documents_PhD_MAPF_LNS_MAPF_LNS_SAT_mapf-map_Berlin_1_256_map-_home_max_Documents_PhD_MAPF_LNS_MAPF_LNS_SAT_mapf-scen-even_scen-even_Berlin_1_256-even-1_scen-agents50-idx4-seed42-1783602574621,/home/max/Documents/PhD/MAPF/LNS/MAPF_LNS_SAT/mapf-map/Berlin_1_256.map,/home/max/Documents/PhD/MAPF/LNS/MAPF_LNS_SAT/mapf-scen-even/scen-even/Berlin_1_256-even-1.scen,50,4,42,1,462,8932.769000,1365,477,0.001000,0.808000,1.125000,0.901000,0.121764
_home_max_Documents_PhD_MAPF_LNS_MAPF_LNS_SAT_mapf-map_Berlin_1_256_map-_home_max_Documents_PhD_MAPF_LNS_MAPF_LNS_SAT_mapf-scen-even_scen-even_Berlin_1_256-even-1_scen-agents50-idx5-seed42-1783602583640,/home/max/Documents/PhD/MAPF/LNS/MAPF_LNS_SAT/mapf-map/Berlin_1_256.map,/home/max/Documents/PhD/MAPF/LNS/MAPF_LNS_SAT/mapf-scen-even/scen-even/Berlin_1_256-even-1.scen,50,5,42,1,449,8790.660000,2999,837,0.000000,2.863000,2.628000,2.179000,0.259141
_home_max_Documents_PhD_MAPF_LNS_MAPF_LNS_SAT_mapf-map_Berlin_1_256_map-_home_max_Documents_PhD_MAPF_LNS_MAPF_LNS_SAT_mapf-scen-even_scen-even_Berlin_1_256-even-1_scen-agents50-idx6-seed42-1783602592513,/home/max/Documents/PhD/MAPF/LNS/MAPF_LNS_SAT/mapf-map/Berlin_1_256.map,/home/max/Documents/PhD/MAPF/LNS/MAPF_LNS_SAT/mapf-scen-even/scen-even/Berlin_1_256-even-1.scen,50,6,42,1,453,8636.660000,1569,425,0.001000,3.454000,1.705000,1.313000,0.186952
_home_max_Documents_PhD_MAPF_LNS_MAPF_LNS_SAT_mapf-map_Berlin_1_256_map-_home_max_Documents_PhD_MAPF_LNS_MAPF_LNS_SAT_mapf-scen-even_scen-even_Berlin_1_256-even-1_scen-agents50-idx7-seed42-1783602601234,/home/max/Documents/PhD/MAPF/LNS/MAPF_LNS_SAT/mapf-map/Berlin_1_256.map,/home/max/Documents/PhD/MAPF/LNS/MAPF_LNS_SAT/mapf-scen-even/scen-even/Berlin_1_256-even-1.scen,50,7,42,1,453,8927.197000,2659,937,0.004000,2.401000,2.974000,2.248000,0.277169
_home_max_Documents_PhD_MAPF_LNS_MAPF_LNS_SAT_mapf-map_Berlin_1_256_map-_home_max_Documents_PhD_MAPF_LNS_MAPF_LNS_SAT_mapf-scen-even_scen-even_Berlin_1_256-even-1_scen-agents50-idx8-seed42-1783602610308,/home/max/Documents/PhD/MAPF/LNS/MAPF_LNS_SAT/mapf-map/Berlin_1_256.map,/home/max/Documents/PhD/MAPF/LNS/MAPF_LNS_SAT/mapf-scen-even/scen-even/Berlin_1_256-even-1.scen,50,8,42,1,452,8829.188000,1272,432,0.002000,1.423000,1.609000,1.192000,0.160766
_home_max_Documents_PhD_MAPF_LNS_MAPF_LNS_SAT_mapf-map_Berlin_1_256_map-_home_max_Documents_PhD_MAPF_LNS_MAPF_LNS_SAT_mapf-scen-even_scen-even_Berlin_1_256-even-1_scen-agents50-idx9-seed42-1783602619283,/home/max/Documents/PhD/MAPF/LNS/MAPF_LNS_SAT/mapf-map/Berlin_1_256.map,/home/max/Documents/PhD/MAPF/LNS/MAPF_LNS_SAT/mapf-scen-even/scen-even/Berlin_1_256-even-1.scen,50,9,42,1,453,9143.803000,1472,512,0.001000,1.097000,2.308000,1.664000,0.234053
_home_max_Documents_PhD_MAPF_LNS_MAPF_LNS_SAT_mapf-map_Berlin_1_256_map-_home_max_Documents_PhD_MAPF_LNS_MAPF_LNS_SAT_mapf-scen-even_scen-even_Berlin_1_256-even-1_scen-agents50-idx10-seed42-1783602628558,/home/max/Documents/PhD/MAPF/LNS/MAPF_LNS_SAT/mapf-map/Berlin_1_256.map,/home/max/Documents/PhD/MAPF/LNS/MAPF_LNS_SAT/mapf-scen-even/scen-even/Berlin_1_256-even-1.scen,50,10,42,1,455,8882.915000,647,240,0.000000,0.371000,0.785000,0.590000,0.085110
_home_max_Documents_PhD_MAPF_LNS_MAPF_LNS_SAT_mapf-map_Berlin_1_256_map-_home_max_Documents_PhD_MAPF_LNS_MAPF_LNS_SAT_mapf-scen-even_scen-even_Berlin_1_256-even-1_scen-agents50-idx11-seed42-1783602637578,/home/max/Documents/PhD/MAPF/LNS/MAPF_LNS_SAT/mapf-map/Berlin_1_256.map,/home/max/Documents/PhD/MAPF/LNS/MAPF_LNS_SAT/mapf-scen-even/scen-even/Berlin_1_256-even-1.scen,50,11,42,1,428,8459.256000,2381,734,0.001000,1.226000,2.134000,1.707000,0.268306
_home_max_Documents_PhD_MAPF_LNS_MAPF_LNS_SAT_mapf-map_Berlin_1_256_map-_home_max_Documents_PhD_MAPF_LNS_MAPF_LNS_SAT_mapf-scen-even_scen-even_Berlin_1_256-even-1_scen-agents50-idx12-seed42-1783602646146,/home/max/Documents/PhD/MAPF/LNS/MAPF_LNS_SAT/mapf-map/Berlin_1_256.map,/home/max/Documents/PhD/MAPF/LNS/MAPF_LNS_SAT/mapf-scen-even/scen-even/Berlin_1_256-even-1.scen,50,12,42,1,452,8580.255000,1670,512,0.002000,0.944000,1.590000,1.279000,0.151009
_home_max_Documents_PhD_MAPF_LNS_MAPF_LNS_SAT_mapf-map_Berlin_1_256_map-_home_max_Documents_PhD_MAPF_LNS_MAPF_LNS_SAT_mapf-scen-even_scen-even_Berlin_1_256-even-1_scen-agents50-idx13-seed42-1783602654817,/home/max/Documents/PhD/MAPF/LNS/MAPF_LNS_SAT/mapf-map/Berlin_1_256.map,/home/max/Documents/PhD/MAPF/LNS/MAPF_LNS_SAT/mapf-scen-even/scen-even/Berlin_1_256-even-1.scen,50,13,42,1,454,9110.867000,1199,399,0.000000,2.717000,1.477000,1.104000,0.141167
_home_max_Documents_PhD_MAPF_LNS_MAPF_LNS_SAT_mapf-map_Berlin_1_256_map-_home_max_Documents_PhD_MAPF_LNS_MAPF_LNS_SAT_mapf-scen-even_scen-even_Berlin_1_256-even-1_scen-agents50-idx14-seed42-1783602664036,/home/max/Documents/PhD/MAPF/LNS/MAPF_LNS_SAT/mapf-map/Berlin_1_256.map,/home/max/Documents/PhD/MAPF/LNS/MAPF_LNS_SAT/mapf-scen-even/scen-even/Berlin_1_256-even-1.scen,50,14,42,1,457,8740.900000,735,248,0.001000,0.369000,0.818000,0.644000,0.090847
_home_max_Documents_PhD_MAPF_LNS_MAPF_LNS_SAT_mapf-map_Berlin_1_256_map-_home_max_Documents_PhD_MAPF_LNS_MAPF_LNS_SAT_mapf-scen-even_scen-even_Berlin_1_256-even-1_scen-agents50-idx15-seed42-1783602672909,/home/max/Documents/PhD/MAPF/LNS/MAPF_LNS_SAT/mapf-map/Berlin_1_256.map,/home/max/Documents/PhD/MAPF/LNS/MAPF_LNS_SAT/mapf-scen-even/scen-even/Berlin_1_256-even-1.scen,50,15,42,1,464,8770.115000,1328,503,0.002000,1.122000,1.544000,1.118000,0.174033
_home_max_Documents_PhD_MAPF_LNS_MAPF_LNS_SAT_mapf-map_Berlin_1_256_map-_home_max_Documents_PhD_MAPF_LNS_MAPF_LNS_SAT_mapf-scen-even_scen-even_Berlin_1_256-even-1_scen-agents50-idx16-seed42-1783602681826,/home/max/Documents/PhD/MAPF/LNS/MAPF_LNS_SAT/mapf-map/Berlin_1_256.map,/home/max/Documents/PhD/MAPF/LNS/MAPF_LNS_SAT/mapf-scen-even/scen-even/Berlin_1_256-even-1.scen,50,16,42,1,456,8549.328000,2136,750,0.001000,1.176000,2.088000,1.583000,0.230674
_home_max_Documents_PhD_MAPF_LNS_MAPF_LNS_SAT_mapf-map_Berlin_1_256_map-_home_max_Documents_PhD_MAPF_LNS_MAPF_LNS_SAT_mapf-scen-even_scen-even_Berlin_1_256-even-1_scen-agents50-idx17-seed42-1783602690499,/home/max/Documents/PhD/MAPF/LNS/MAPF_LNS_SAT/mapf-map/Berlin_1_256.map,/home/max/Documents/PhD/MAPF/LNS/MAPF_LNS_SAT/mapf-scen-even/scen-even/Berlin_1_256-even-1.scen,50,17,42,1,468,8810.945000,1551,422,0.004000,0.773000,1.642000,1.279000,0.177544
_home_max_Documents_PhD_MAPF_LNS_MAPF_LNS_SAT_mapf-map_Berlin_1_256_map-_home_max_Documents_PhD_MAPF_LNS_MAPF_LNS_SAT_mapf-scen-even_scen-even_Berlin_1_256-even-1_scen-agents50-idx18-seed42-1783602699420,/home/max/Documents/PhD/MAPF/LNS/MAPF_LNS_SAT/mapf-map/Berlin_1_256.map,/home/max/Documents/PhD/MAPF/LNS/MAPF_LNS_SAT/mapf-scen-even/scen-even/Berlin_1_256-even-1.scen,50,18,42,1,455,8843.350000,568,188,0.000000,0.314000,0.665000,0.502000,0.066559
_home_max_Documents_PhD_MAPF_LNS_MAPF_LNS_SAT_mapf-map_Berlin_1_256_map-_home_max_Documents_PhD_MAPF_LNS_MAPF_LNS_SAT_mapf-scen-even_scen-even_Berlin_1_256-even-2_scen-agents50-idx0-seed42-1783602708393,/home/max/Documents/PhD/MAPF/LNS/MAPF_LNS_SAT/mapf-map/Berlin_1_256.map,/home/max/Documents/PhD/MAPF/LNS/MAPF_LNS_SAT/mapf-scen-even/scen-even/Berlin_1_256-even-2.scen,50,0,42,1,465,8747.953000,883,272,0.000000,0.438000,0.989000,0.763000,0.093718
_home_max_Documents_PhD_MAPF_LNS_MAPF_LNS_SAT_mapf-map_Berlin_1_256_map-_home_max_Documents_PhD_MAPF_LNS_MAPF_LNS_SAT_mapf-scen-even_scen-even_Berlin_1_256-even-2_scen-agents50-idx1-seed42-1783602717265,/home/max/Documents/PhD/MAPF/LNS/MAPF_LNS_SAT/mapf-map/Berlin_1_256.map,/home/max/Documents/PhD/MAPF/LNS/MAPF_LNS_SAT/mapf-scen-even/scen-even/Berlin_1_256-even-2.scen,50,1,42,1,449,8256.728000,555,171,0.001000,0.301000,0.596000,0.488000,0.055295
_home_max_Documents_PhD_MAPF_LNS_MAPF_LNS_SAT_mapf-map_Berlin_1_256_map-_home_max_Documents_PhD_MAPF_LNS_MAPF_LNS_SAT_mapf-scen-even_scen-even_Berlin_1_256-even-2_scen-agents50-idx2-seed42-1783602725632,/home/max/Documents/PhD/MAPF/LNS/MAPF_LNS_SAT/mapf-map/Berlin_1_256.map,/home/max/Documents/PhD/MAPF/LNS/MAPF_LNS_SAT/mapf-scen-even/scen-even/Berlin_1_256-even-2.scen,50,2,42,1,441,8474.722000,49184,2964,0.000000,17.181000,19.059000,18.627000,0.537286
_home_max_Documents_PhD_MAPF_LNS_MAPF_LNS_SAT_mapf-map_Berlin_1_256_map-_home_max_Documents_PhD_MAPF_LNS_MAPF_LNS_SAT_mapf-scen-even_scen-even_Berlin_1_256-even-2_scen-agents50-idx3-seed42-1783602734200,/home/max/Documents/PhD/MAPF/LNS/MAPF_LNS_SAT/mapf-map/Berlin_1_256.map,/home/max/Documents/PhD/MAPF/LNS/MAPF_LNS_SAT/mapf-scen-even/scen-even/Berlin_1_256-even-2.scen,50,3,42,1,465,8543.156000,2252,864,0.000000,1.041000,1.390000,1.166000,0.095927
_home_max_Documents_PhD_MAPF_LNS_MAPF_LNS_SAT_mapf-map_Berlin_1_256_map-_home_max_Documents_PhD_MAPF_LNS_MAPF_LNS_SAT_mapf-scen-even_scen-even_Berlin_1_256-even-2_scen-agents50-idx4-seed42-1783602742876,/home/max/Documents/PhD/MAPF/LNS/MAPF_LNS_SAT/mapf-map/Berlin_1_256.map,/home/max/Documents/PhD/MAPF/LNS/MAPF_LNS_SAT/mapf-scen-even/scen-even/Berlin_1_256-even-2.scen,50,4,42,1,464,8680.367000,1208,357,0.000000,0.704000,1.229000,0.958000,0.134642
_home_max_Documents_PhD_MAPF_LNS_MAPF_LNS_SAT_mapf-map_Berlin_1_256_map-_home_max_Documents_PhD_MAPF_LNS_MAPF_LNS_SAT_mapf-scen-even_scen-even_Berlin_1_256-even-2_scen-agents50-idx5-seed42-1783602751697,/home/max/Documents/PhD/MAPF/LNS/MAPF_LNS_SAT/mapf-map/Berlin_1_256.map,/home/max/Documents/PhD/MAPF/LNS/MAPF_LNS_SAT/mapf-scen-even/scen-even/Berlin_1_256-even-2.scen,50,5,42,1,449,8729.896000,1133,377,0.001000,0.660000,1.403000,1.046000,0.127542
_home_max_Documents_PhD_MAPF_LNS_MAPF_LNS_SAT_mapf-map_Berlin_1_256_map-_home_max_Documents_PhD_MAPF_LNS_MAPF_LNS_SAT_mapf-scen-even_scen-even_Berlin_1_256-even-2_scen-agents50-idx6-seed42-1783602760517,/home/max/Documents/PhD/MAPF/LNS/MAPF_LNS_SAT/mapf-map/Berlin_1_256.map,/home/max/Documents/PhD/MAPF/LNS/MAPF_LNS_SAT/mapf-scen-even/scen-even/Berlin_1_256-even-2.scen,50,6,42,1,443,8930.542000,2309,656,0.001000,2.573000,2.266000,1.772000,0.261204
_home_max_Documents_PhD_MAPF_LNS_MAPF_LNS_SAT_mapf-map_Berlin_1_256_map-_home_max_Documents_PhD_MAPF_LNS_MAPF_LNS_SAT_mapf-scen-even_scen-even_Berlin_1_256-even-2_scen-agents50-idx7-seed42-1783602769595,/home/max/Documents/PhD/MAPF/LNS/MAPF_LNS_SAT/mapf-map/Berlin_1_256.map,/home/max/Documents/PhD/MAPF/LNS/MAPF_LNS_SAT/mapf-scen-even/scen-even/Berlin_1_256-even-2.scen,50,7,42,1,460,8659.439000,1115,411,0.002000,2.623000,1.003000,0.794000,0.081069
_home_max_Documents_PhD_MAPF_LNS_MAPF_LNS_SAT_mapf-map_Berlin_1_256_map-_home_max_Documents_PhD_MAPF_LNS_MAPF_LNS_SAT_mapf-scen-even_scen-even_Berlin_1_256-even-2_scen-agents50-idx8-seed42-1783602778359,/home/max/Documents/PhD/MAPF/LNS/MAPF_LNS_SAT/mapf-map/Berlin_1_256.map,/home/max/Documents/PhD/MAPF/LNS/MAPF_LNS_SAT/mapf-scen-even/scen-even/Berlin_1_256-even-2.scen,50,8,42,1,419,8429.378000,952,291,0.002000,1.905000,1.292000,0.999000,0.147557
_home_max_Documents_PhD_MAPF_LNS_MAPF_LNS_SAT_mapf-map_Berlin_1_256_map-_home_max_Documents_PhD_MAPF_LNS_MAPF_LNS_SAT_mapf-scen-even_scen-even_Berlin_1_256-even-2_scen-agents50-idx9-seed42-1783602786878,/home/max/Documents/PhD/MAPF/LNS/MAPF_LNS_SAT/mapf-map/Berlin_1_256.map,/home/max/Documents/PhD/MAPF/LNS/MAPF_LNS_SAT/mapf-scen-even/scen-even/Berlin_1_256-even-2.scen,50,9,42,1,441,8594.572000,990,323,0.001000,0.584000,1.135000,0.881000,0.118453
_home_max_Documents_PhD_MAPF_LNS_MAPF_LNS_SAT_mapf-map_Berlin_1_256_map-_home_max_Documents_PhD_MAPF_LNS_MAPF_LNS_SAT_mapf-scen-even_scen-even_Berlin_1_256-even-2_scen-agents50-idx10-seed42-1783602795604,/home/max/Documents/PhD/MAPF/LNS/MAPF_LNS_SAT/mapf-map/Berlin_1_256.map,/home/max/Documents/PhD/MAPF/LNS/MAPF_LNS_SAT/mapf-scen-even/scen-even/Berlin_1_256-even-2.scen,50,10,42,1,432,8681.317000,703,190,0.001000,0.397000,0.746000,0.587000,0.079906
_home_max_Documents_PhD_MAPF_LNS_MAPF_LNS_SAT_mapf-map_Berlin_1_256_map-_home_max_Documents_PhD_MAPF_LNS_MAPF_LNS_SAT_mapf-scen-even_scen-even_Berlin_1_256-even-2_scen-agents50-idx11-seed42-1783602804425,/home/max/Documents/PhD/MAPF/LNS/MAPF_LNS_SAT/mapf-map/Berlin_1_256.map,/home/max/Documents/PhD/MAPF/LNS/MAPF_LNS_SAT/mapf-scen-even/scen-even/Berlin_1_256-even-2.scen,50,11,42,1,415,8376.541000,393,153,0.001000,0.232000,0.607000,0.428000,0.064729
_home_max_Documents_PhD_MAPF_LNS_MAPF_LNS_SAT_mapf-map_Berlin_1_256_map-_home_max_Documents_PhD_MAPF_LNS_MAPF_LNS_SAT_mapf-scen-even_scen-even_Berlin_1_256-even-2_scen-agents50-idx12-seed42-1783602812894,/home/max/Documents/PhD/MAPF/LNS/MAPF_LNS_SAT/mapf-map/Berlin_1_256.map,/home/max/Documents/PhD/MAPF/LNS/MAPF_LNS_SAT/mapf-scen-even/scen-even/Berlin_1_256-even-2.scen,50,12,42,1,439,8657.804000,630,201,0.002000,0.294000,0.669000,0.513000,0.065245
_home_max_Documents_PhD_MAPF_LNS_MAPF_LNS_SAT_mapf-map_Berlin_1_256_map-_home_max_Documents_PhD_MAPF_LNS_MAPF_LNS_SAT_mapf-scen-even_scen-even_Berlin_1_256-even-2_scen-agents50-idx13-seed42-1783602821669,/home/max/Documents/PhD/MAPF/LNS/MAPF_LNS_SAT/mapf-map/Berlin_1_256.map,/home/max/Documents/PhD/MAPF/LNS/MAPF_LNS_SAT/mapf-scen-even/scen-even/Berlin_1_256-even-2.scen,50,13,42,1,436,9098.248000,1376,537,0.000000,2.621000,1.513000,1.149000,0.133046
_home_max_Documents_PhD_MAPF_LNS_MAPF_LNS_SAT_mapf-map_Berlin_1_256_map-_home_max_Documents_PhD_MAPF_LNS_MAPF_LNS_SAT_mapf-scen-even_scen-even_Berlin_1_256-even-2_scen-agents50-idx14-seed42-1783602830886,/home/max/Documents/PhD/MAPF/LNS/MAPF_LNS_SAT/mapf-map/Berlin_1_256.map,/home/max/Documents/PhD/MAPF/LNS/MAPF_LNS_SAT/mapf-scen-even/scen-even/Berlin_1_256-even-2.scen,50,14,42,1,447,8353.312000,578,134,0.000000,0.265000,0.608000,0.487000,0.070022
_home_max_Documents_PhD_MAPF_LNS_MAPF_LNS_SAT_mapf-map_Berlin_1_256_map-_home_max_Documents_PhD_MAPF_LNS_MAPF_LNS_SAT_mapf-scen-even_scen-even_Berlin_1_256-even-2_scen-agents50-idx15-seed42-1783602839360,/home/max/Documents/PhD/MAPF/LNS/MAPF_LNS_SAT/mapf-map/Berlin_1_256.map,/home/max/Documents/PhD/MAPF/LNS/MAPF_LNS_SAT/mapf-scen-even/scen-even/Berlin_1_256-even-2.scen,50,15,42,1,449,8774.946000,2397,864,0.000000,1.678000,1.610000,1.375000,0.127839
_home_max_Documents_PhD_MAPF_LNS_MAPF_LNS_SAT_mapf-map_Berlin_1_256_map-_home_max_Documents_PhD_MAPF_LNS_MAPF_LNS_SAT_mapf-scen-even_scen-even_Berlin_1_256-even-2_scen-agents50-idx16-seed42-1783602848229,/home/max/Documents/PhD/MAPF/LNS/MAPF_LNS_SAT/mapf-map/Berlin_1_256.map,/home/max/Documents/PhD/MAPF/LNS/MAPF_LNS_SAT/mapf-scen-even/scen-even/Berlin_1_256-even-2.scen,50,16,42,1,415,8305.209000,183,55,0.002000,0.099000,0.204000,0.165000,0.026075
_home_max_Documents_PhD_MAPF_LNS_MAPF_LNS_SAT_mapf-map_Berlin_1_256_map-_home_max_Documents_PhD_MAPF_LNS_MAPF_LNS_SAT_mapf-scen-even_scen-even_Berlin_1_256-even-2_scen-agents50-idx17-seed42-1783602856648,/home/max/Documents/PhD/MAPF/LNS/MAPF_LNS_SAT/mapf-map/Berlin_1_256.map,/home/max/Documents/PhD/MAPF/LNS/MAPF_LNS_SAT/mapf-scen-even/scen-even/Berlin_1_256-even-2.scen,50,17,42,1,444,8633.577000,744,239,0.000000,0.384000,0.765000,0.594000,0.075521
_home_max_Documents_PhD_MAPF_LNS_MAPF_LNS_SAT_mapf-map_Berlin_1_256_map-_home_max_Documents_PhD_MAPF_LNS_MAPF_LNS_SAT_mapf-scen-even_scen-even_Berlin_1_256-even-3_scen-agents50-idx0-seed42-1783602865424,/home/max/Documents/PhD/MAPF/LNS/MAPF_LNS_SAT/mapf-map/Berlin_1_256.map,/home/max/Documents/PhD/MAPF/LNS/MAPF_LNS_SAT/mapf-scen-even/scen-even/Berlin_1_256-even-3.scen,50,0,42,1,470,8386.563000,1198,353,0.006000,2.072000,1.641000,1.235000,0.177961
_home_max_Documents_PhD_MAPF_LNS_MAPF_LNS_SAT_mapf-map_Berlin_1_256_map-_home_max_Documents_PhD_MAPF_LNS_MAPF_LNS_SAT_mapf-scen-even_scen-even_Berlin_1_256-even-3_scen-agents50-idx1-seed42-1783602873891,/home/max/Documents/PhD/MAPF/LNS/MAPF_LNS_SAT/mapf-map/Berlin_1_256.map,/home/max/Documents/PhD/MAPF/LNS/MAPF_LNS_SAT/mapf-scen-even/scen-even/Berlin_1_256-even-3.scen,50,1,42,1,474,8894.308000,1725,607,0.000000,2.332000,1.613000,1.218000,0.200064
_home_max_Documents_PhD_MAPF_LNS_MAPF_LNS_SAT_mapf-map_Berlin_1_256_map-_home_max_Documents_PhD_MAPF_LNS_MAPF_LNS_SAT_mapf-scen-even_scen-even_Berlin_1_256-even-3_scen-agents50-idx2-seed42-1783602882916,/home/max/Documents/PhD/MAPF/LNS/MAPF_LNS_SAT/mapf-map/Berlin_1_256.map,/home/max/Documents/PhD/MAPF/LNS/MAPF_LNS_SAT/mapf-scen-even/scen-even/Berlin_1_256-even-3.scen,50,2,42,1,477,9114.336000,1568,508,0.005000,0.795000,1.632000,1.269000,0.160360
_home_max_Documents_PhD_MAPF_LNS_MAPF_LNS_SAT_mapf-map_Berlin_1_256_map-_home_max_Documents_PhD_MAPF_LNS_MAPF_LNS_SAT_mapf-scen-even_scen-even_Berlin_1_256-even-3_scen-agents50-idx3-seed42-1783602892134,/home/max/Documents/PhD/MAPF/LNS/MAPF_LNS_SAT/mapf-map/Berlin_1_256.map,/home/max/Documents/PhD/MAPF/LNS/MAPF_LNS_SAT/mapf-scen-even/scen-even/Berlin_1_256-even-3.scen,50,3,42,1,464,9383.363000,2322,727,0.001000,1.237000,2.420000,1.869000,0.260554
_home_max_Documents_PhD_MAPF_LNS_MAPF_LNS_SAT_mapf-map_Berlin_1_256_map-_home_max_Documents_PhD_MAPF_LNS_MAPF_LNS_SAT_mapf-scen-even_scen-even_Berlin_1_256-even-3_scen-agents50-idx4-seed42-1783602901658,/home/max/Documents/PhD/MAPF/LNS/MAPF_LNS_SAT/mapf-map/Berlin_1_256.map,/home/max/Documents/PhD/MAPF/LNS/MAPF_LNS_SAT/mapf-scen-even/scen-even/Berlin_1_256-even-3.scen,50,4,42,1,474,9089.572000,1138,358,0.000000,0.613000,1.265000,1.006000,0.139819
_home_max_Documents_PhD_MAPF_LNS_MAPF_LNS_SAT_mapf-map_Berlin_1_256_map-_home_max_Documents_PhD_MAPF_LNS_MAPF_LNS_SAT_mapf-scen-even_scen-even_Berlin_1_256-even-3_scen-agents50-idx5-seed42-1783602910886,/home/max/Documents/PhD/MAPF/LNS/MAPF_LNS_SAT/mapf-map/Berlin_1_256.map,/home/max/Documents/PhD/MAPF/LNS/MAPF_LNS_SAT/mapf-scen-even/scen-even/Berlin_1_256-even-3.scen,50,5,42,1,470,8871.730000,3187,809,0.001000,1.402000,2.252000,1.889000,0.169662
_home_max_Documents_PhD_MAPF_LNS_MAPF_LNS_SAT_mapf-map_Berlin_1_256_map-_home_max_Documents_PhD_MAPF_LNS_MAPF_LNS_SAT_mapf-scen-even_scen-even_Berlin_1_256-even-3_scen-agents50-idx6-seed42-1783602919853,/home/max/Documents/PhD/MAPF/LNS/MAPF_LNS_SAT/mapf-map/Berlin_1_256.map,/home/max/Documents/PhD/MAPF/LNS/MAPF_LNS_SAT/mapf-scen-even/scen-even/Berlin_1_256-even-3.scen,50,6,42,1,454,8796.888000,1295,415,0.005000,2.396000,1.420000,1.082000,0.141310
_home_max_Documents_PhD_MAPF_LNS_MAPF_LNS_SAT_mapf-map_Berlin_1_256_map-_home_max_Documents_PhD_MAPF_LNS_MAPF_LNS_SAT_mapf-scen-even_scen-even_Berlin_1_256-even-3_scen-agents50-idx7-seed42-1783602928779,/home/max/Documents/PhD/MAPF/LNS/MAPF_LNS_SAT/mapf-map/Berlin_1_256.map,/home/max/Documents/PhD/MAPF/LNS/MAPF_LNS_SAT/mapf-scen-even/scen-even/Berlin_1_256-even-3.scen,50,7,42,1,459,8551.829000,441,173,0.001000,2.097000,0.534000,0.414000,0.052696
_home_max_Documents_PhD_MAPF_LNS_MAPF_LNS_SAT_mapf-map_Berlin_1_256_map-_home_max_Documents_PhD_MAPF_LNS_MAPF_LNS_SAT_mapf-scen-even_scen-even_Berlin_1_256-even-3_scen-agents50-idx8-seed42-1783602937449,/home/max/Documents/PhD/MAPF/LNS/MAPF_LNS_SAT/mapf-map/Berlin_1_256.map,/home/max/Documents/PhD/MAPF/LNS/MAPF_LNS_SAT/mapf-scen-even/scen-even/Berlin_1_256-even-3.scen,50,8,42,1,471,8872.622000,1340,426,0.001000,0.669000,1.433000,1.104000,0.146171
_home_max_Documents_PhD_MAPF_LNS_MAPF_LNS_SAT_mapf-map_Berlin_1_256_map-_home_max_Documents_PhD_MAPF_LNS_MAPF_LNS_SAT_mapf-scen-even_scen-even_Berlin_1_256-even-3_scen-agents50-idx9-seed42-1783602946419,/home/max/Documents/PhD/MAPF/LNS/MAPF_LNS_SAT/mapf-map/Berlin_1_256.map,/home/max/Documents/PhD/MAPF/LNS/MAPF_LNS_SAT/mapf-scen-even/scen-even/Berlin_1_256-even-3.scen,50,9,42,1,453,8584.053000,1818,521,0.000000,0.908000,1.932000,1.475000,0.191986
_home_max_Documents_PhD_MAPF_LNS_MAPF_LNS_SAT_mapf-map_Berlin_1_256_map-_home_max_Documents_PhD_MAPF_LNS_MAPF_LNS_SAT_mapf-scen-even_scen-even_Berlin_1_256-even-3_scen-agents50-idx10-seed42-1783602955090,/home/max/Documents/PhD/MAPF/LNS/MAPF_LNS_SAT/mapf-map/Berlin_1_256.map,/home/max/Documents/PhD/MAPF/LNS/MAPF_LNS_SAT/mapf-scen-even/scen-even/Berlin_1_256-even-3.scen,50,10,42,1,478,8928.705000,1205,398,0.004000,0.627000,1.472000,1.111000,0.152793
_home_max_Documents_PhD_MAPF_LNS_MAPF_LNS_SAT_mapf-map_Berlin_1_256_map-_home_max_Documents_PhD_MAPF_LNS_MAPF_LNS_SAT_mapf-scen-even_scen-even_Berlin_1_256-even-3_scen-agents50-idx11-seed42-1783602964114,/home/max/Documents/PhD/MAPF/LNS/MAPF_LNS_SAT/mapf-map/Berlin_1_256.map,/home/max/Documents/PhD/MAPF/LNS/MAPF_LNS_SAT/mapf-scen-even/scen-even/Berlin_1_256-even-3.scen,50,11,42,1,473,9496.976000,2012,621,0.000000,1.084000,2.154000,1.720000,0.222797
_home_max_Documents_PhD_MAPF_LNS_MAPF_LNS_SAT_mapf-map_Berlin_1_256_map-_home_max_Documents_PhD_MAPF_LNS_MAPF_LNS_SAT_mapf-scen-even_scen-even_Berlin_1_256-even-3_scen-agents50-idx12-seed42-1783602973741,/home/max/Documents/PhD/MAPF/LNS/MAPF_LNS_SAT/mapf-map/Berlin_1_256.map,/home/max/Documents/PhD/MAPF/LNS/MAPF_LNS_SAT/mapf-scen-even/scen-even/Berlin_1_256-even-3.scen,50,12,42,1,487,9322.800000,1374,453,0.002000,0.716000,1.549000,1.146000,0.189401
_home_max_Documents_PhD_MAPF_LNS_MAPF_LNS_SAT_mapf-map_Berlin_1_256_map-_home_max_Documents_PhD_MAPF_LNS_MAPF_LNS_SAT_mapf-scen-even_scen-even_Berlin_1_256-even-3_scen-agents50-idx13-seed42-1783602983214,/home/max/Documents/PhD/MAPF/LNS/MAPF_LNS_SAT/mapf-map/Berlin_1_256.map,/home/max/Documents/PhD/MAPF/LNS/MAPF_LNS_SAT/mapf-scen-even/scen-even/Berlin_1_256-even-3.scen,50,13,42,1,485,9323.181000,1294,322,0.002000,0.684000,1.337000,1.083000,0.152180
_home_max_Documents_PhD_MAPF_LNS_MAPF_LNS_SAT_mapf-map_Berlin_1_256_map-_home_max_Documents_PhD_MAPF_LNS_MAPF_LNS_SAT_mapf-scen-even_scen-even_Berlin_1_256-even-3_scen-agents50-idx14-seed42-1783602992635,/home/max/Documents/PhD/MAPF/LNS/MAPF_LNS_SAT/mapf-map/Berlin_1_256.map,/home/max/Documents/PhD/MAPF/LNS/MAPF_LNS_SAT/mapf-scen-even/scen-even/Berlin_1_256-even-3.scen,50,14,42,1,476,9082.274000,3280,1014,0.006000,1.881000,3.296000,2.490000,0.504310
_home_max_Documents_PhD_MAPF_LNS_MAPF_LNS_SAT_mapf-map_Berlin_1_256_map-_home_max_Documents_PhD_MAPF_LNS_MAPF_LNS_SAT_mapf-scen-even_scen-even_Berlin_1_256-even-3_scen-agents50-idx15-seed42-1783603001808,/home/max/Documents/PhD/MAPF/LNS/MAPF_LNS_SAT/mapf-map/Berlin_1_256.map,/home/max/Documents/PhD/MAPF/LNS/MAPF_LNS_SAT/mapf-scen-even/scen-even/Berlin_1_256-even-3.scen,50,15,42,1,476,9228.048000,1521,516,0.000000,0.851000,1.793000,1.356000,0.179208
_home_max_Documents_PhD_MAPF_LNS_MAPF_LNS_SAT_mapf-map_Berlin_1_256_map-_home_max_Documents_PhD_MAPF_LNS_MAPF_LNS_SAT_mapf-scen-even_scen-even_Berlin_1_256-even-3_scen-agents50-idx16-seed42-1783603011133,/home/max/Documents/PhD/MAPF/LNS/MAPF_LNS_SAT/mapf-map/Berlin_1_256.map,/home/max/Documents/PhD/MAPF/LNS/MAPF_LNS_SAT/mapf-scen-even/scen-even/Berlin_1_256-even-3.scen,50,16,42,1,465,8810.596000,4849,1471,0.005000,2.723000,3.779000,3.110000,0.370873
_home_max_Documents_PhD_MAPF_LNS_MAPF_LNS_SAT_mapf-map_Berlin_1_256_map-_home_max_Documents_PhD_MAPF_LNS_MAPF_LNS_SAT_mapf-scen-even_scen-even_Berlin_1_256-even-3_scen-agents50-idx17-seed42-1783603020046,/home/max/Documents/PhD/MAPF/LNS/MAPF_LNS_SAT/mapf-map/Berlin_1_256.map,/home/max/Documents/PhD/MAPF/LNS/MAPF_LNS_SAT/mapf-scen-even/scen-even/Berlin_1_256-even-3.scen,50,17,42,1,464,8750.621000,2772,926,0.000000,1.264000,2.423000,1.864000,0.278422
_home_max_Documents_PhD_MAPF_LNS_MAPF_LNS_SAT_mapf-map_Berlin_1_256_map-_home_max_Documents_PhD_MAPF_LNS_MAPF_LNS_SAT_mapf-scen-even_scen-even_Berlin_1_256-even-3_scen-agents50-idx18-seed42-1783603028924,/home/max/Documents/PhD/MAPF/LNS/MAPF_LNS_SAT/mapf-map/Berlin_1_256.map,/home/max/Documents/PhD/MAPF/LNS/MAPF_LNS_SAT/mapf-scen-even/scen-even/Berlin_1_256-even-3.scen,50,18,42,1,482,8917.823000,442,205,0.000000,0.527000,0.710000,0.491000,0.063824
_home_max_Documents_PhD_MAPF_LNS_MAPF_LNS_SAT_mapf-map_Berlin_1_256_map-_home_max_Documents_PhD_MAPF_LNS_MAPF_LNS_SAT_mapf-scen-even_scen-even_Berlin_1_256-even-4_scen-agents50-idx0-seed42-1783603037945,/home/max/Documents/PhD/MAPF/LNS/MAPF_LNS_SAT/mapf-map/Berlin_1_256.map,/home/max/Documents/PhD/MAPF/LNS/MAPF_LNS_SAT/mapf-scen-even/scen-even/Berlin_1_256-even-4.scen,50,0,42,1,456,8714.341000,1783,690,0.002000,1.342000,1.565000,1.219000,0.138695
_home_max_Documents_PhD_MAPF_LNS_MAPF_LNS_SAT_mapf-map_Berlin_1_256_map-_home_max_Documents_PhD_MAPF_LNS_MAPF_LNS_SAT_mapf-scen-even_scen-even_Berlin_1_256-even-4_scen-agents50-idx1-seed42-1783603046769,/home/max/Documents/PhD/MAPF/LNS/MAPF_LNS_SAT/mapf-map/Berlin_1_256.map,/home/max/Documents/PhD/MAPF/LNS/MAPF_LNS_SAT/mapf-scen-even/scen-even/Berlin_1_256-even-4.scen,50,1,42,1,482,8862.512000,1712,443,0.000000,0.715000,1.560000,1.251000,0.158159
_home_max_Documents_PhD_MAPF_LNS_MAPF_LNS_SAT_mapf-map_Berlin_1_256_map-_home_max_Documents_PhD_MAPF_LNS_MAPF_LNS_SAT_mapf-scen-even_scen-even_Berlin_1_256-even-4_scen-agents50-idx2-seed42-1783603055740,/home/max/Documents/PhD/MAPF/LNS/MAPF_LNS_SAT/mapf-map/Berlin_1_256.map,/home/max/Documents/PhD/MAPF/LNS/MAPF_LNS_SAT/mapf-scen-even/scen-even/Berlin_1_256-even-4.scen,50,2,42,1,461,8750.157000,618,207,0.001000,0.357000,0.791000,0.613000,0.072832
_home_max_Documents_PhD_MAPF_LNS_MAPF_LNS_SAT_mapf-map_Berlin_1_256_map-_home_max_Documents_PhD_MAPF_LNS_MAPF_LNS_SAT_mapf-scen-even_scen-even_Berlin_1_256-even-4_scen-agents50-idx3-seed42-1783603064612,/home/max/Documents/PhD/MAPF/LNS/MAPF_LNS_SAT/mapf-map/Berlin_1_256.map,/home/max/Documents/PhD/MAPF/LNS/MAPF_LNS_SAT/mapf-scen-even/scen-even/Berlin_1_256-even-4.scen,50,3,42,1,461,9041.549000,2080,642,0.001000,1.161000,2.378000,1.835000,0.228884
_home_max_Documents_PhD_MAPF_LNS_MAPF_LNS_SAT_mapf-map_Berlin_1_256_map-_home_max_Documents_PhD_MAPF_LNS_MAPF_LNS_SAT_mapf-scen-even_scen-even_Berlin_1_256-even-4_scen-agents50-idx4-seed42-1783603073784,/home/max/Documents/PhD/MAPF/LNS/MAPF_LNS_SAT/mapf-map/Berlin_1_256.map,/home/max/Documents/PhD/MAPF/LNS/MAPF_LNS_SAT/mapf-scen-even/scen-even/Berlin_1_256-even-4.scen,50,4,42,1,446,8415.263000,995,296,0.000000,0.479000,1.117000,0.849000,0.114899
_home_max_Documents_PhD_MAPF_LNS_MAPF_LNS_SAT_mapf-map_Berlin_1_256_map-_home_max_Documents_PhD_MAPF_LNS_MAPF_LNS_SAT_mapf-scen-even_scen-even_Berlin_1_256-even-4_scen-agents50-idx5-seed42-1783603082300,/home/max/Documents/PhD/MAPF/LNS/MAPF_LNS_SAT/mapf-map/Berlin_1_256.map,/home/max/Documents/PhD/MAPF/LNS/MAPF_LNS_SAT/mapf-scen-even/scen-even/Berlin_1_256-even-4.scen,50,5,42,1,436,8887.977000,1999,585,0.005000,1.017000,2.277000,1.747000,0.244390
_home_max_Documents_PhD_MAPF_LNS_MAPF_LNS_SAT_mapf-map_Berlin_1_256_map-_home_max_Documents_PhD_MAPF_LNS_MAPF_LNS_SAT_mapf-scen-even_scen-even_Berlin_1_256-even-4_scen-agents50-idx6-seed42-1783603091320,/home/max/Documents/PhD/MAPF/LNS/MAPF_LNS_SAT/mapf-map/Berlin_1_256.map,/home/max/Documents/PhD/MAPF/LNS/MAPF_LNS_SAT/mapf-scen-even/scen-even/Berlin_1_256-even-4.scen,50,6,42,1,458,8726.378000,1238,402,0.000000,0.631000,1.357000,1.054000,0.129977
_home_max_Documents_PhD_MAPF_LNS_MAPF_LNS_SAT_mapf-map_Berlin_1_256_map-_home_max_Documents_PhD_MAPF_LNS_MAPF_LNS_SAT_mapf-scen-even_scen-even_Berlin_1_256-even-4_scen-agents50-idx7-seed42-1783603100134,/home/max/Documents/PhD/MAPF/LNS/MAPF_LNS_SAT/mapf-map/Berlin_1_256.map,/home/max/Documents/PhD/MAPF/LNS/MAPF_LNS_SAT/mapf-scen-even/scen-even/Berlin_1_256-even-4.scen,50,7,42,1,459,8954.060000,840,393,0.000000,0.559000,0.991000,0.744000,0.104610
_home_max_Documents_PhD_MAPF_LNS_MAPF_LNS_SAT_mapf-map_Berlin_1_256_map-_home_max_Documents_PhD_MAPF_LNS_MAPF_LNS_SAT_mapf-scen-even_scen-even_Berlin_1_256-even-4_scen-agents50-idx8-seed42-1783603109204,/home/max/Documents/PhD/MAPF/LNS/MAPF_LNS_SAT/mapf-map/Berlin_1_256.map,/home/max/Documents/PhD/MAPF/LNS/MAPF_LNS_SAT/mapf-scen-even/scen-even/Berlin_1_256-even-4.scen,50,8,42,1,458,8866.316000,2669,953,0.001000,1.316000,2.775000,2.092000,0.323648
_home_max_Documents_PhD_MAPF_LNS_MAPF_LNS_SAT_mapf-map_Berlin_1_256_map-_home_max_Documents_PhD_MAPF_LNS_MAPF_LNS_SAT_mapf-scen-even_scen-even_Berlin_1_256-even-4_scen-agents50-idx9-seed42-1783603118174,/home/max/Documents/PhD/MAPF/LNS/MAPF_LNS_SAT/mapf-map/Berlin_1_256.map,/home/max/Documents/PhD/MAPF/LNS/MAPF_LNS_SAT/mapf-scen-even/scen-even/Berlin_1_256-even-4.scen,50,9,42,1,460,8804.363000,848,293,0.000000,1.816000,0.999000,0.770000,0.125077
_home_max_Documents_PhD_MAPF_LNS_MAPF_LNS_SAT_mapf-map_Berlin_1_256_map-_home_max_Documents_PhD_MAPF_LNS_MAPF_LNS_SAT_mapf-scen-even_scen-even_Berlin_1_256-even-4_scen-agents50-idx10-seed42-1783603127100,/home/max/Documents/PhD/MAPF/LNS/MAPF_LNS_SAT/mapf-map/Berlin_1_256.map,/home/max/Documents/PhD/MAPF/LNS/MAPF_LNS_SAT/mapf-scen-even/scen-even/Berlin_1_256-even-4.scen,50,10,42,1,453,9124.810000,1582,402,0.001000,0.755000,1.603000,1.273000,0.173197
_home_max_Documents_PhD_MAPF_LNS_MAPF_LNS_SAT_mapf-map_Berlin_1_256_map-_home_max_Documents_PhD_MAPF_LNS_MAPF_LNS_SAT_mapf-scen-even_scen-even_Berlin_1_256-even-1_scen-agents100-idx0-seed42-1783603139332,/home/max/Documents/PhD/MAPF/LNS/MAPF_LNS_SAT/mapf-map/Berlin_1_256.map,/home/max/Documents/PhD/MAPF/LNS/MAPF_LNS_SAT/mapf-scen-even/scen-even/Berlin_1_256-even-1.scen,100,0,42,1,444,18420.689000,5729,1855,0.009000,3.460000,6.118000,4.761000,0.636088
_home_max_Documents_PhD_MAPF_LNS_MAPF_LNS_SAT_mapf-map_Berlin_1_256_map-_home_max_Documents_PhD_MAPF_LNS_MAPF_LNS_SAT_mapf-scen-even_scen-even_Berlin_1_256-even-1_scen-agents100-idx1-seed42-1783603157979,/home/max/Documents/PhD/MAPF/LNS/MAPF_LNS_SAT/mapf-map/Berlin_1_256.map,/home/max/Documents/PhD/MAPF/LNS/MAPF_LNS_SAT/mapf-scen-even/scen-even/Berlin_1_256-even-1.scen,100,1,42,1,465,18292.021000,3899,1253,0.001000,2.087000,4.355000,3.374000,0.443998
_home_max_Documents_PhD_MAPF_LNS_MAPF_LNS_SAT_mapf-map_Berlin_1_256_map-_home_max_Documents_PhD_MAPF_LNS_MAPF_LNS_SAT_mapf-scen-even_scen-even_Berlin_1_256-even-1_scen-agents100-idx2-seed42-1783603176481,/home/max/Documents/PhD/MAPF/LNS/MAPF_LNS_SAT/mapf-map/Berlin_1_256.map,/home/max/Documents/PhD/MAPF/LNS/MAPF_LNS_SAT/mapf-scen-even/scen-even/Berlin_1_256-even-1.scen,100,2,42,1,462,19277.695000,47956,7452,0.002000,28.138000,23.640000,21.900000,1.306351
_home_max_Documents_PhD_MAPF_LNS_MAPF_LNS_SAT_mapf-map_Berlin_1_256_map-_home_max_Documents_PhD_MAPF_LNS_MAPF_LNS_SAT_mapf-scen-even_scen-even_Berlin_1_256-even-1_scen-agents100-idx3-seed42-1783603195928,/home/max/Documents/PhD/MAPF/LNS/MAPF_LNS_SAT/mapf-map/Berlin_1_256.map,/home/max/Documents/PhD/MAPF/LNS/MAPF_LNS_SAT/mapf-scen-even/scen-even/Berlin_1_256-even-1.scen,100,3,42,1,453,19693.618000,53560,12183,0.013000,26.016000,29.516000,26.990000,1.940389
_home_max_Documents_PhD_MAPF_LNS_MAPF_LNS_SAT_mapf-map_Berlin_1_256_map-_home_max_Documents_PhD_MAPF_LNS_MAPF_LNS_SAT_mapf-scen-even_scen-even_Berlin_1_256-even-1_scen-agents100-idx4-seed42-1783603215825,/home/max/Documents/PhD/MAPF/LNS/MAPF_LNS_SAT/mapf-map/Berlin_1_256.map,/home/max/Documents/PhD/MAPF/LNS/MAPF_LNS_SAT/mapf-scen-even/scen-even/Berlin_1_256-even-1.scen,100,4,42,1,453,19359.467000,3459,1105,0.005000,4.894000,3.894000,2.937000,0.380837
_home_max_Documents_PhD_MAPF_LNS_MAPF_LNS_SAT_mapf-map_Berlin_1_256_map-_home_max_Documents_PhD_MAPF_LNS_MAPF_LNS_SAT_mapf-scen-even_scen-even_Berlin_1_256-even-1_scen-agents100-idx5-seed42-1783603235429,/home/max/Documents/PhD/MAPF/LNS/MAPF_LNS_SAT/mapf-map/Berlin_1_256.map,/home/max/Documents/PhD/MAPF/LNS/MAPF_LNS_SAT/mapf-scen-even/scen-even/Berlin_1_256-even-1.scen,100,5,42,1,455,18973.301000,4591,1590,0.001000,2.668000,4.615000,3.605000,0.463036
_home_max_Documents_PhD_MAPF_LNS_MAPF_LNS_SAT_mapf-map_Berlin_1_256_map-_home_max_Documents_PhD_MAPF_LNS_MAPF_LNS_SAT_mapf-scen-even_scen-even_Berlin_1_256-even-1_scen-agents100-idx6-seed42-1783603254575,/home/max/Documents/PhD/MAPF/LNS/MAPF_LNS_SAT/mapf-map/Berlin_1_256.map,/home/max/Documents/PhD/MAPF/LNS/MAPF_LNS_SAT/mapf-scen-even/scen-even/Berlin_1_256-even-1.scen,100,6,42,1,454,18943.160000,8937,2864,0.003000,4.834000,7.677000,6.201000,0.662028
_home_max_Documents_PhD_MAPF_LNS_MAPF_LNS_SAT_mapf-map_Berlin_1_256_map-_home_max_Documents_PhD_MAPF_LNS_MAPF_LNS_SAT_mapf-scen-even_scen-even_Berlin_1_256-even-1_scen-agents100-idx7-seed42-1783603273721,/home/max/Documents/PhD/MAPF/LNS/MAPF_LNS_SAT/mapf-map/Berlin_1_256.map,/home/max/Documents/PhD/MAPF/LNS/MAPF_LNS_SAT/mapf-scen-even/scen-even/Berlin_1_256-even-1.scen,100,7,42,1,464,18939.859000,4752,1707,0.002000,2.780000,5.073000,3.811000,0.528150
_home_max_Documents_PhD_MAPF_LNS_MAPF_LNS_SAT_mapf-map_Berlin_1_256_map-_home_max_Documents_PhD_MAPF_LNS_MAPF_LNS_SAT_mapf-scen-even_scen-even_Berlin_1_256-even-1_scen-agents100-idx8-seed42-1783603292862,/home/max/Documents/PhD/MAPF/LNS/MAPF_LNS_SAT/mapf-map/Berlin_1_256.map,/home/max/Documents/PhD/MAPF/LNS/MAPF_LNS_SAT/mapf-scen-even/scen-even/Berlin_1_256-even-1.scen,100,8,42,1,468,18463.723000,5282,1825,0.003000,3.555000,5.446000,4.020000,0.639862
_home_max_Documents_PhD_MAPF_LNS_MAPF_LNS_SAT_mapf-map_Berlin_1_256_map-_home_max_Documents_PhD_MAPF_LNS_MAPF_LNS_SAT_mapf-scen-even_scen-even_Berlin_1_256-even-2_scen-agents100-idx0-seed42-1783603311507,/home/max/Documents/PhD/MAPF/LNS/MAPF_LNS_SAT/mapf-map/Berlin_1_256.map,/home/max/Documents/PhD/MAPF/LNS/MAPF_LNS_SAT/mapf-scen-even/scen-even/Berlin_1_256-even-2.scen,100,0,42,1,465,18875.683000,5046,1626,0.001000,2.518000,5.099000,3.945000,0.507352
_home_max_Documents_PhD_MAPF_LNS_MAPF_LNS_SAT_mapf-map_Berlin_1_256_map-_home_max_Documents_PhD_MAPF_LNS_MAPF_LNS_SAT_mapf-scen-even_scen-even_Berlin_1_256-even-2_scen-agents100-idx1-seed42-1783603330553,/home/max/Documents/PhD/MAPF/LNS/MAPF_LNS_SAT/mapf-map/Berlin_1_256.map,/home/max/Documents/PhD/MAPF/LNS/MAPF_LNS_SAT/mapf-scen-even/scen-even/Berlin_1_256-even-2.scen,100,1,42,1,465,18495.474000,55047,5055,0.003000,20.896000,23.733000,22.403000,0.960010
_home_max_Documents_PhD_MAPF_LNS_MAPF_LNS_SAT_mapf-map_Berlin_1_256_map-_home_max_Documents_PhD_MAPF_LNS_MAPF_LNS_SAT_mapf-scen-even_scen-even_Berlin_1_256-even-2_scen-agents100-idx2-seed42-1783603349248,/home/max/Documents/PhD/MAPF/LNS/MAPF_LNS_SAT/mapf-map/Berlin_1_256.map,/home/max/Documents/PhD/MAPF/LNS/MAPF_LNS_SAT/mapf-scen-even/scen-even/Berlin_1_256-even-2.scen,100,2,42,1,464,18958.813000,4818,1617,0.002000,2.648000,5.430000,4.132000,0.503891
_home_max_Documents_PhD_MAPF_LNS_MAPF_LNS_SAT_mapf-map_Berlin_1_256_map-_home_max_Documents_PhD_MAPF_LNS_MAPF_LNS_SAT_mapf-scen-even_scen-even_Berlin_1_256-even-2_scen-agents100-idx3-seed42-1783603368450,/home/max/Documents/PhD/MAPF/LNS/MAPF_LNS_SAT/mapf-map/Berlin_1_256.map,/home/max/Documents/PhD/MAPF/LNS/MAPF_LNS_SAT/mapf-scen-even/scen-even/Berlin_1_256-even-2.scen,100,3,42,1,460,19693.537000,7830,2407,0.005000,4.417000,7.962000,6.154000,0.801626
_home_max_Documents_PhD_MAPF_LNS_MAPF_LNS_SAT_mapf-map_Berlin_1_256_map-_home_max_Documents_PhD_MAPF_LNS_MAPF_LNS_SAT_mapf-scen-even_scen-even_Berlin_1_256-even-2_scen-agents100-idx4-seed42-1783603388397,/home/max/Documents/PhD/MAPF/LNS/MAPF_LNS_SAT/mapf-map/Berlin_1_256.map,/home/max/Documents/PhD/MAPF/LNS/MAPF_LNS_SAT/mapf-scen-even/scen-even/Berlin_1_256-even-2.scen,100,4,42,1,441,18203.772000,4752,1396,0.003000,4.734000,4.882000,3.868000,0.575988
_home_max_Documents_PhD_MAPF_LNS_MAPF_LNS_SAT_mapf-map_Berlin_1_256_map-_home_max_Documents_PhD_MAPF_LNS_MAPF_LNS_SAT_mapf-scen-even_scen-even_Berlin_1_256-even-2_scen-agents100-idx5-seed42-1783603406837,/home/max/Documents/PhD/MAPF/LNS/MAPF_LNS_SAT/mapf-map/Berlin_1_256.map,/home/max/Documents/PhD/MAPF/LNS/MAPF_LNS_SAT/mapf-scen-even/scen-even/Berlin_1_256-even-2.scen,100,5,42,1,432,18674.535000,3858,1272,0.007000,2.316000,4.473000,3.379000,0.454568
_home_max_Documents_PhD_MAPF_LNS_MAPF_LNS_SAT_mapf-map_Berlin_1_256_map-_home_max_Documents_PhD_MAPF_LNS_MAPF_LNS_SAT_mapf-scen-even_scen-even_Berlin_1_256-even-2_scen-agents100-idx6-seed42-1783603425733,/home/max/Documents/PhD/MAPF/LNS/MAPF_LNS_SAT/mapf-map/Berlin_1_256.map,/home/max/Documents/PhD/MAPF/LNS/MAPF_LNS_SAT/mapf-scen-even/scen-even/Berlin_1_256-even-2.scen,100,6,42,1,439,18962.665000,4358,1502,0.001000,5.356000,4.651000,3.611000,0.436655
_home_max_Documents_PhD_MAPF_LNS_MAPF_LNS_SAT_mapf-map_Berlin_1_256_map-_home_max_Documents_PhD_MAPF_LNS_MAPF_LNS_SAT_mapf-scen-even_scen-even_Berlin_1_256-even-2_scen-agents100-idx7-seed42-1783603444976,/home/max/Documents/PhD/MAPF/LNS/MAPF_LNS_SAT/mapf-map/Berlin_1_256.map,/home/max/Documents/PhD/MAPF/LNS/MAPF_LNS_SAT/mapf-scen-even/scen-even/Berlin_1_256-even-2.scen,100,7,42,1,449,18275.167000,5426,1844,0.007000,3.004000,5.175000,3.938000,0.515076
_home_max_Documents_PhD_MAPF_LNS_MAPF_LNS_SAT_mapf-map_Berlin_1_256_map-_home_max_Documents_PhD_MAPF_LNS_MAPF_LNS_SAT_mapf-scen-even_scen-even_Berlin_1_256-even-2_scen-agents100-idx8-seed42-1783603463419,/home/max/Documents/PhD/MAPF/LNS/MAPF_LNS_SAT/mapf-map/Berlin_1_256.map,/home/max/Documents/PhD/MAPF/LNS/MAPF_LNS_SAT/mapf-scen-even/scen-even/Berlin_1_256-even-2.scen,100,8,42,1,444,24012.498000,2776015,28808,0.003000,3376.479000,2304.815000,2276.343000,25.946568
_home_max_Documents_PhD_MAPF_LNS_MAPF_LNS_SAT_mapf-map_Berlin_1_256_map-_home_max_Documents_PhD_MAPF_LNS_MAPF_LNS_SAT_mapf-scen-even_scen-even_Berlin_1_256-even-3_scen-agents100-idx0-seed42-1783603487673,/home/max/Documents/PhD/MAPF/LNS/MAPF_LNS_SAT/mapf-map/Berlin_1_256.map,/home/max/Documents/PhD/MAPF/LNS/MAPF_LNS_SAT/mapf-scen-even/scen-even/Berlin_1_256-even-3.scen,100,0,42,1,474,18800.281000,7207,2210,0.003000,3.440000,6.344000,5.095000,0.594041
_home_max_Documents_PhD_MAPF_LNS_MAPF_LNS_SAT_mapf-map_Berlin_1_256_map-_home_max_Documents_PhD_MAPF_LNS_MAPF_LNS_SAT_mapf-scen-even_scen-even_Berlin_1_256-even-3_scen-agents100-idx1-seed42-1783603506666,/home/max/Documents/PhD/MAPF/LNS/MAPF_LNS_SAT/mapf-map/Berlin_1_256.map,/home/max/Documents/PhD/MAPF/LNS/MAPF_LNS_SAT/mapf-scen-even/scen-even/Berlin_1_256-even-3.scen,100,1,42,1,477,20270.525000,7090,2352,0.003000,4.294000,7.342000,5.683000,0.709758
_home_max_Documents_PhD_MAPF_LNS_MAPF_LNS_SAT_mapf-map_Berlin_1_256_map-_home_max_Documents_PhD_MAPF_LNS_MAPF_LNS_SAT_mapf-scen-even_scen-even_Berlin_1_256-even-3_scen-agents100-idx2-seed42-1783603527115,/home/max/Documents/PhD/MAPF/LNS/MAPF_LNS_SAT/mapf-map/Berlin_1_256.map,/home/max/Documents/PhD/MAPF/LNS/MAPF_LNS_SAT/mapf-scen-even/scen-even/Berlin_1_256-even-3.scen,100,2,42,1,474,19404.276000,6700,1932,0.000000,3.178000,6.106000,4.876000,0.586952
_home_max_Documents_PhD_MAPF_LNS_MAPF_LNS_SAT_mapf-map_Berlin_1_256_map-_home_max_Documents_PhD_MAPF_LNS_MAPF_LNS_SAT_mapf-scen-even_scen-even_Berlin_1_256-even-3_scen-agents100-idx3-seed42-1783603546717,/home/max/Documents/PhD/MAPF/LNS/MAPF_LNS_SAT/mapf-map/Berlin_1_256.map,/home/max/Documents/PhD/MAPF/LNS/MAPF_LNS_SAT/mapf-scen-even/scen-even/Berlin_1_256-even-3.scen,100,3,42,1,459,19205.560000,4508,1451,0.006000,2.474000,5.067000,3.898000,0.504528
_home_max_Documents_PhD_MAPF_LNS_MAPF_LNS_SAT_mapf-map_Berlin_1_256_map-_home_max_Documents_PhD_MAPF_LNS_MAPF_LNS_SAT_mapf-scen-even_scen-even_Berlin_1_256-even-3_scen-agents100-idx4-seed42-1783603566164,/home/max/Documents/PhD/MAPF/LNS/MAPF_LNS_SAT/mapf-map/Berlin_1_256.map,/home/max/Documents/PhD/MAPF/LNS/MAPF_LNS_SAT/mapf-scen-even/scen-even/Berlin_1_256-even-3.scen,100,4,42,1,471,19343.669000,9597,2841,0.000000,4.752000,8.594000,6.876000,0.913646
_home_max_Documents_PhD_MAPF_LNS_MAPF_LNS_SAT_mapf-map_Berlin_1_256_map-_home_max_Documents_PhD_MAPF_LNS_MAPF_LNS_SAT_mapf-scen-even_scen-even_Berlin_1_256-even-3_scen-agents100-idx5-seed42-1783603585708,/home/max/Documents/PhD/MAPF/LNS/MAPF_LNS_SAT/mapf-map/Berlin_1_256.map,/home/max/Documents/PhD/MAPF/LNS/MAPF_LNS_SAT/mapf-scen-even/scen-even/Berlin_1_256-even-3.scen,100,5,42,1,478,20045.999000,6648,1939,0.008000,6.349000,6.422000,5.026000,0.640909
_home_max_Documents_PhD_MAPF_LNS_MAPF_LNS_SAT_mapf-map_Berlin_1_256_map-_home_max_Documents_PhD_MAPF_LNS_MAPF_LNS_SAT_mapf-scen-even_scen-even_Berlin_1_256-even-3_scen-agents100-idx6-seed42-1783603605957,/home/max/Documents/PhD/MAPF/LNS/MAPF_LNS_SAT/mapf-map/Berlin_1_256.map,/home/max/Documents/PhD/MAPF/LNS/MAPF_LNS_SAT/mapf-scen-even/scen-even/Berlin_1_256-even-3.scen,100,6,42,1,487,20161.337000,24794,6131,0.009000,26.479000,18.101000,13.465000,2.418404
_home_max_Documents_PhD_MAPF_LNS_MAPF_LNS_SAT_mapf-map_Berlin_1_256_map-_home_max_Documents_PhD_MAPF_LNS_MAPF_LNS_SAT_mapf-scen-even_scen-even_Berlin_1_256-even-3_scen-agents100-idx7-seed42-1783603626308,/home/max/Documents/PhD/MAPF/LNS/MAPF_LNS_SAT/mapf-map/Berlin_1_256.map,/home/max/Documents/PhD/MAPF/LNS/MAPF_LNS_SAT/mapf-scen-even/scen-even/Berlin_1_256-even-3.scen,100,7,42,1,476,20109.677000,17038,3077,0.014000,6.842000,11.805000,9.713000,1.086036
_home_max_Documents_PhD_MAPF_LNS_MAPF_LNS_SAT_mapf-map_Berlin_1_256_map-_home_max_Documents_PhD_MAPF_LNS_MAPF_LNS_SAT_mapf-scen-even_scen-even_Berlin_1_256-even-3_scen-agents100-idx8-seed42-1783603646615,/home/max/Documents/PhD/MAPF/LNS/MAPF_LNS_SAT/mapf-map/Berlin_1_256.map,/home/max/Documents/PhD/MAPF/LNS/MAPF_LNS_SAT/mapf-scen-even/scen-even/Berlin_1_256-even-3.scen,100,8,42,1,465,19421.159000,11229,3731,0.014000,7.344000,9.214000,7.316000,0.946497
_home_max_Documents_PhD_MAPF_LNS_MAPF_LNS_SAT_mapf-map_Berlin_1_256_map-_home_max_Documents_PhD_MAPF_LNS_MAPF_LNS_SAT_mapf-scen-even_scen-even_Berlin_1_256-even-4_scen-agents100-idx0-seed42-1783603666209,/home/max/Documents/PhD/MAPF/LNS/MAPF_LNS_SAT/mapf-map/Berlin_1_256.map,/home/max/Documents/PhD/MAPF/LNS/MAPF_LNS_SAT/mapf-scen-even/scen-even/Berlin_1_256-even-4.scen,100,0,42,1,482,19301.375000,6416,2069,0.007000,4.531000,6.249000,4.861000,0.600267
_home_max_Documents_PhD_MAPF_LNS_MAPF_LNS_SAT_mapf-map_Berlin_1_256_map-_home_max_Documents_PhD_MAPF_LNS_MAPF_LNS_SAT_mapf-scen-even_scen-even_Berlin_1_256-even-4_scen-agents100-idx1-seed42-1783603685711,/home/max/Documents/PhD/MAPF/LNS/MAPF_LNS_SAT/mapf-map/Berlin_1_256.map,/home/max/Documents/PhD/MAPF/LNS/MAPF_LNS_SAT/mapf-scen-even/scen-even/Berlin_1_256-even-4.scen,100,1,42,1,461,23210.485000,1076800,113767,0.017000,485.949000,2861.448000,2633.165000,1948.709277
_home_max_Documents_PhD_MAPF_LNS_MAPF_LNS_SAT_mapf-map_Berlin_1_256_map-_home_max_Documents_PhD_MAPF_LNS_MAPF_LNS_SAT_mapf-scen-even_scen-even_Berlin_1_256-even-4_scen-agents100-idx2-seed42-1783603709110,/home/max/Documents/PhD/MAPF/LNS/MAPF_LNS_SAT/mapf-map/Berlin_1_256.map,/home/max/Documents/PhD/MAPF/LNS/MAPF_LNS_SAT/mapf-scen-even/scen-even/Berlin_1_256-even-4.scen,100,2,42,1,446,19311.036000,394922,11802,0.007000,205.281000,180.791000,177.322000,4.860665
_home_max_Documents_PhD_MAPF_LNS_MAPF_LNS_SAT_mapf-map_Berlin_1_256_map-_home_max_Documents_PhD_MAPF_LNS_MAPF_LNS_SAT_mapf-scen-even_scen-even_Berlin_1_256-even-1_scen-agents200-idx0-seed42-1783603738655,/home/max/Documents/PhD/MAPF/LNS/MAPF_LNS_SAT/mapf-map/Berlin_1_256.map,/home/max/Documents/PhD/MAPF/LNS/MAPF_LNS_SAT/mapf-scen-even/scen-even/Berlin_1_256-even-1.scen,200,0,42,1,465,43561.638000,21904,6735,0.014000,13.246000,21.147000,16.557000,2.111728
_home_max_Documents_PhD_MAPF_LNS_MAPF_LNS_SAT_mapf-map_Berlin_1_256_map-_home_max_Documents_PhD_MAPF_LNS_MAPF_LNS_SAT_mapf-scen-even_scen-even_Berlin_1_256-even-1_scen-agents200-idx1-seed42-1783603782513,/home/max/Documents/PhD/MAPF/LNS/MAPF_LNS_SAT/mapf-map/Berlin_1_256.map,/home/max/Documents/PhD/MAPF/LNS/MAPF_LNS_SAT/mapf-scen-even/scen-even/Berlin_1_256-even-1.scen,200,1,42,1,462,48119.361000,121301,21321,0.031000,68.601000,66.674000,60.156000,4.711746
_home_max_Documents_PhD_MAPF_LNS_MAPF_LNS_SAT_mapf-map_Berlin_1_256_map-_home_max_Documents_PhD_MAPF_LNS_MAPF_LNS_SAT_mapf-scen-even_scen-even_Berlin_1_256-even-1_scen-agents200-idx2-seed42-1783603830982,/home/max/Documents/PhD/MAPF/LNS/MAPF_LNS_SAT/mapf-map/Berlin_1_256.map,/home/max/Documents/PhD/MAPF/LNS/MAPF_LNS_SAT/mapf-scen-even/scen-even/Berlin_1_256-even-1.scen,200,2,42,1,455,43033.310000,19465,5556,0.015000,10.469000,17.720000,14.258000,1.690535
_home_max_Documents_PhD_MAPF_LNS_MAPF_LNS_SAT_mapf-map_Berlin_1_256_map-_home_max_Documents_PhD_MAPF_LNS_MAPF_LNS_SAT_mapf-scen-even_scen-even_Berlin_1_256-even-1_scen-agents200-idx3-seed42-1783603874383,/home/max/Documents/PhD/MAPF/LNS/MAPF_LNS_SAT/mapf-map/Berlin_1_256.map,/home/max/Documents/PhD/MAPF/LNS/MAPF_LNS_SAT/mapf-scen-even/scen-even/Berlin_1_256-even-1.scen,200,3,42,1,464,44108.643000,79970,10174,0.012000,31.871000,44.676000,39.268000,3.959624
_home_max_Documents_PhD_MAPF_LNS_MAPF_LNS_SAT_mapf-map_Berlin_1_256_map-_home_max_Documents_PhD_MAPF_LNS_MAPF_LNS_SAT_mapf-scen-even_scen-even_Berlin_1_256-even-2_scen-agents200-idx0-seed42-1783603918843,/home/max/Documents/PhD/MAPF/LNS/MAPF_LNS_SAT/mapf-map/Berlin_1_256.map,/home/max/Documents/PhD/MAPF/LNS/MAPF_LNS_SAT/mapf-scen-even/scen-even/Berlin_1_256-even-2.scen,200,0,42,1,465,45227.372000,40500,8134,0.027000,20.809000,27.605000,23.218000,2.442788
_home_max_Documents_PhD_MAPF_LNS_MAPF_LNS_SAT_mapf-map_Berlin_1_256_map-_home_max_Documents_PhD_MAPF_LNS_MAPF_LNS_SAT_mapf-scen-even_scen-even_Berlin_1_256-even-2_scen-agents200-idx1-seed42-1783603964465,/home/max/Documents/PhD/MAPF/LNS/MAPF_LNS_SAT/mapf-map/Berlin_1_256.map,/home/max/Documents/PhD/MAPF/LNS/MAPF_LNS_SAT/mapf-scen-even/scen-even/Berlin_1_256-even-2.scen,200,1,42,1,464,48839.418000,30284,9741,0.027000,22.432000,33.141000,25.189000,4.026479
_home_max_Documents_PhD_MAPF_LNS_MAPF_LNS_SAT_mapf-map_Berlin_1_256_map-_home_max_Documents_PhD_MAPF_LNS_MAPF_LNS_SAT_mapf-scen-even_scen-even_Berlin_1_256-even-2_scen-agents200-idx2-seed42-1783604013683,/home/max/Documents/PhD/MAPF/LNS/MAPF_LNS_SAT/mapf-map/Berlin_1_256.map,/home/max/Documents/PhD/MAPF/LNS/MAPF_LNS_SAT/mapf-scen-even/scen-even/Berlin_1_256-even-2.scen,200,2,42,1,441,45828.198000,541451,13497,0.037000,329.559000,349.351000,338.865000,7.606019
_home_max_Documents_PhD_MAPF_LNS_MAPF_LNS_SAT_mapf-map_Berlin_1_256_map-_home_max_Documents_PhD_MAPF_LNS_MAPF_LNS_SAT_mapf-scen-even_scen-even_Berlin_1_256-even-2_scen-agents200-idx3-seed42-1783604059899,/home/max/Documents/PhD/MAPF/LNS/MAPF_LNS_SAT/mapf-map/Berlin_1_256.map,/home/max/Documents/PhD/MAPF/LNS/MAPF_LNS_SAT/mapf-scen-even/scen-even/Berlin_1_256-even-2.scen,200,3,42,1,449,44169.643000,27945,8760,0.027000,19.867000,25.503000,19.623000,2.668358
_home_max_Documents_PhD_MAPF_LNS_MAPF_LNS_SAT_mapf-map_Berlin_1_256_map-_home_max_Documents_PhD_MAPF_LNS_MAPF_LNS_SAT_mapf-scen-even_scen-even_Berlin_1_256-even-3_scen-agents200-idx0-seed42-1783604104414,/home/max/Documents/PhD/MAPF/LNS/MAPF_LNS_SAT/mapf-map/Berlin_1_256.map,/home/max/Documents/PhD/MAPF/LNS/MAPF_LNS_SAT/mapf-scen-even/scen-even/Berlin_1_256-even-3.scen,200,0,42,1,477,46591.010000,60579,12935,0.021000,29.454000,43.564000,36.531000,5.133192
_home_max_Documents_PhD_MAPF_LNS_MAPF_LNS_SAT_mapf-map_Berlin_1_256_map-_home_max_Documents_PhD_MAPF_LNS_MAPF_LNS_SAT_mapf-scen-even_scen-even_Berlin_1_256-even-3_scen-agents200-idx1-seed42-1783604151325,/home/max/Documents/PhD/MAPF/LNS/MAPF_LNS_SAT/mapf-map/Berlin_1_256.map,/home/max/Documents/PhD/MAPF/LNS/MAPF_LNS_SAT/mapf-scen-even/scen-even/Berlin_1_256-even-3.scen,200,1,42,1,474,47138.348000,22251,6846,0.017000,12.665000,22.793000,17.683000,2.334656
_home_max_Documents_PhD_MAPF_LNS_MAPF_LNS_SAT_mapf-map_Berlin_1_256_map-_home_max_Documents_PhD_MAPF_LNS_MAPF_LNS_SAT_mapf-scen-even_scen-even_Berlin_1_256-even-3_scen-agents200-idx2-seed42-1783604198845,/home/max/Documents/PhD/MAPF/LNS/MAPF_LNS_SAT/mapf-map/Berlin_1_256.map,/home/max/Documents/PhD/MAPF/LNS/MAPF_LNS_SAT/mapf-scen-even/scen-even/Berlin_1_256-even-3.scen,200,2,42,1,478,47838.543000,103926,15043,0.011000,42.989000,61.732000,55.378000,6.362349
_home_max_Documents_PhD_MAPF_LNS_MAPF_LNS_SAT_mapf-map_Berlin_1_256_map-_home_max_Documents_PhD_MAPF_LNS_MAPF_LNS_SAT_mapf-scen-even_scen-even_Berlin_1_256-even-3_scen-agents200-idx3-seed42-1783604247012,/home/max/Documents/PhD/MAPF/LNS/MAPF_LNS_SAT/mapf-map/Berlin_1_256.map,/home/max/Documents/PhD/MAPF/LNS/MAPF_LNS_SAT/mapf-scen-even/scen-even/Berlin_1_256-even-3.scen,200,3,42,1,487,50184.205000,314936,39214,0.021000,284.681000,167.152000,157.545000,10.302703
