experiment_id,map_path,scenario_path,num_agents,scenario_index,seed,solved,makespan_success,total_runtime_ms,total_cnf_clauses,total_cnf_variables,total_mdd_build_ms,total_cnf_build_ms,total_lazy_wall_ms,total_lazy_solver_wall_ms,total_lazy_solver_reported_ms
_home_max_Documents_PhD_MAPF_LNS_MAPF_LNS_SAT_mapf-map_warehouse-10-20-10-2-2_map-_home_max_Documents_PhD_MAPF_LNS_MAPF_LNS_SAT_mapf-scen-even_scen-even_warehouse-10-20-10-2-2-even-1_scen-agents10-idx0-seed42-1761041203626,/home/max/Documents/PhD/MAPF/LNS/MAPF_LNS_SAT/mapf-map/warehouse-10-20-10-2-2.map,/home/max/Documents/PhD/MAPF/LNS/MAPF_LNS_SAT/mapf-scen-even/scen-even/warehouse-10-20-10-2-2-even-1.scen,10,0,42,1,225,169.013000,0,0,0.000000,0.000000,0.000000,0.000000,0.000000
_home_max_Documents_PhD_MAPF_LNS_MAPF_LNS_SAT_mapf-map_warehouse-10-20-10-2-2_map-_home_max_Documents_PhD_MAPF_LNS_MAPF_LNS_SAT_mapf-scen-even_scen-even_warehouse-10-20-10-2-2-even-1_scen-agents10-idx1-seed42-1761041203828,/home/max/Documents/PhD/MAPF/LNS/MAPF_LNS_SAT/mapf-map/warehouse-10-20-10-2-2.map,/home/max/Documents/PhD/MAPF/LNS/MAPF_LNS_SAT/mapf-scen-even/scen-even/warehouse-10-20-10-2-2-even-1.scen,10,1,42,1,220,151.404000,0,0,0.000000,0.000000,0.000000,0.000000,0.000000
_home_max_Documents_PhD_MAPF_LNS_MAPF_LNS_SAT_mapf-map_warehouse-10-20-10-2-2_map-_home_max_Documents_PhD_MAPF_LNS_MAPF_LNS_SAT_mapf-scen-even_scen-even_warehouse-10-20-10-2-2-even-1_scen-agents10-idx2-seed42-1761041204030,/home/max/Documents/PhD/MAPF/LNS/MAPF_LNS_SAT/mapf-map/warehouse-10-20-10-2-2.map,/home/max/Documents/PhD/MAPF/LNS/MAPF_LNS_SAT/mapf-scen-even/scen-even/warehouse-10-20-10-2-2-even-1.scen,10,2,42,1,218,151.271000,0,0,0.000000,0.000000,0.000000,0.000000,0.000000
_home_max_Documents_PhD_MAPF_LNS_MAPF_LNS_SAT_mapf-map_warehouse-10-20-10-2-2_map-_home_max_Documents_PhD_MAPF_LNS_MAPF_LNS_SAT_mapf-scen-even_scen-even_warehouse-10-20-10-2-2-even-1_scen-agents10-idx3-seed42-1761041204227,/home/max/Documents/PhD/MAPF/LNS/MAPF_LNS_SAT/mapf-map/warehouse-10-20-10-2-2.map,/home/max/Documents/PhD/MAPF/LNS/MAPF_LNS_SAT/mapf-scen-even/scen-even/warehouse-10-20-10-2-2-even-1.scen,10,3,42,1,173,139.513000,0,0,0.000000,0.000000,0.000000,0.000000,0.000000
_home_max_Documents_PhD_MAPF_LNS_MAPF_LNS_SAT_mapf-map_warehouse-10-20-10-2-2_map-_home_max_Documents_PhD_MAPF_LNS_MAPF_LNS_SAT_mapf-scen-even_scen-even_warehouse-10-20-10-2-2-even-1_scen-agents10-idx4-seed42-1761041204378,/home/max/Documents/PhD/MAPF/LNS/MAPF_LNS_SAT/mapf-map/warehouse-10-20-10-2-2.map,/home/max/Documents/PhD/MAPF/LNS/MAPF_LNS_SAT/mapf-scen-even/scen-even/warehouse-10-20-10-2-2-even-1.scen,10,4,42,1,195,149.054000,0,0,0.000000,0.000000,0.000000,0.000000,0.000000
_home_max_Documents_PhD_MAPF_LNS_MAPF_LNS_SAT_mapf-map_warehouse-10-20-10-2-2_map-_home_max_Documents_PhD_MAPF_LNS_MAPF_LNS_SAT_mapf-scen-even_scen-even_warehouse-10-20-10-2-2-even-1_scen-agents10-idx5-seed42-1761041204584,/home/max/Documents/PhD/MAPF/LNS/MAPF_LNS_SAT/mapf-map/warehouse-10-20-10-2-2.map,/home/max/Documents/PhD/MAPF/LNS/MAPF_LNS_SAT/mapf-scen-even/scen-even/warehouse-10-20-10-2-2-even-1.scen,10,5,42,1,171,139.244000,0,0,0.000000,0.000000,0.000000,0.000000,0.000000
_home_max_Documents_PhD_MAPF_LNS_MAPF_LNS_SAT_mapf-map_warehouse-10-20-10-2-2_map-_home_max_Documents_PhD_MAPF_LNS_MAPF_LNS_SAT_mapf-scen-even_scen-even_warehouse-10-20-10-2-2-even-1_scen-agents10-idx6-seed42-1761041204730,/home/max/Documents/PhD/MAPF/LNS/MAPF_LNS_SAT/mapf-map/warehouse-10-20-10-2-2.map,/home/max/Documents/PhD/MAPF/LNS/MAPF_LNS_SAT/mapf-scen-even/scen-even/warehouse-10-20-10-2-2-even-1.scen,10,6,42,1,221,150.611000,22,9,0.000000,0.013000,0.080000,0.055000,0.008736
_home_max_Documents_PhD_MAPF_LNS_MAPF_LNS_SAT_mapf-map_warehouse-10-20-10-2-2_map-_home_max_Documents_PhD_MAPF_LNS_MAPF_LNS_SAT_mapf-scen-even_scen-even_warehouse-10-20-10-2-2-even-1_scen-agents10-idx7-seed42-1761041204933,/home/max/Documents/PhD/MAPF/LNS/MAPF_LNS_SAT/mapf-map/warehouse-10-20-10-2-2.map,/home/max/Documents/PhD/MAPF/LNS/MAPF_LNS_SAT/mapf-scen-even/scen-even/warehouse-10-20-10-2-2-even-1.scen,10,7,42,1,183,137.645000,0,0,0.000000,0.000000,0.000000,0.000000,0.000000
_home_max_Documents_PhD_MAPF_LNS_MAPF_LNS_SAT_mapf-map_warehouse-10-20-10-2-2_map-_home_max_Documents_PhD_MAPF_LNS_MAPF_LNS_SAT_mapf-scen-even_scen-even_warehouse-10-20-10-2-2-even-1_scen-agents10-idx8-seed42-1761041205081,/home/max/Documents/PhD/MAPF/LNS/MAPF_LNS_SAT/mapf-map/warehouse-10-20-10-2-2.map,/home/max/Documents/PhD/MAPF/LNS/MAPF_LNS_SAT/mapf-scen-even/scen-even/warehouse-10-20-10-2-2-even-1.scen,10,8,42,1,220,146.659000,0,0,0.000000,0.000000,0.000000,0.000000,0.000000
_home_max_Documents_PhD_MAPF_LNS_MAPF_LNS_SAT_mapf-map_warehouse-10-20-10-2-2_map-_home_max_Documents_PhD_MAPF_LNS_MAPF_LNS_SAT_mapf-scen-even_scen-even_warehouse-10-20-10-2-2-even-1_scen-agents10-idx9-seed42-1761041205285,/home/max/Documents/PhD/MAPF/LNS/MAPF_LNS_SAT/mapf-map/warehouse-10-20-10-2-2.map,/home/max/Documents/PhD/MAPF/LNS/MAPF_LNS_SAT/mapf-scen-even/scen-even/warehouse-10-20-10-2-2-even-1.scen,10,9,42,1,200,157.461000,0,0,0.000000,0.000000,0.000000,0.000000,0.000000
_home_max_Documents_PhD_MAPF_LNS_MAPF_LNS_SAT_mapf-map_warehouse-10-20-10-2-2_map-_home_max_Documents_PhD_MAPF_LNS_MAPF_LNS_SAT_mapf-scen-even_scen-even_warehouse-10-20-10-2-2-even-1_scen-agents10-idx10-seed42-1761041205488,/home/max/Documents/PhD/MAPF/LNS/MAPF_LNS_SAT/mapf-map/warehouse-10-20-10-2-2.map,/home/max/Documents/PhD/MAPF/LNS/MAPF_LNS_SAT/mapf-scen-even/scen-even/warehouse-10-20-10-2-2-even-1.scen,10,10,42,1,200,156.603000,0,0,0.000000,0.000000,0.000000,0.000000,0.000000
_home_max_Documents_PhD_MAPF_LNS_MAPF_LNS_SAT_mapf-map_warehouse-10-20-10-2-2_map-_home_max_Documents_PhD_MAPF_LNS_MAPF_LNS_SAT_mapf-scen-even_scen-even_warehouse-10-20-10-2-2-even-1_scen-agents10-idx11-seed42-1761041205688,/home/max/Documents/PhD/MAPF/LNS/MAPF_LNS_SAT/mapf-map/warehouse-10-20-10-2-2.map,/home/max/Documents/PhD/MAPF/LNS/MAPF_LNS_SAT/mapf-scen-even/scen-even/warehouse-10-20-10-2-2-even-1.scen,10,11,42,1,185,144.618000,46,19,0.000000,0.027000,0.110000,0.080000,0.011091
_home_max_Documents_PhD_MAPF_LNS_MAPF_LNS_SAT_mapf-map_warehouse-10-20-10-2-2_map-_home_max_Documents_PhD_MAPF_LNS_MAPF_LNS_SAT_mapf-scen-even_scen-even_warehouse-10-20-10-2-2-even-1_scen-agents10-idx12-seed42-1761041205891,/home/max/Documents/PhD/MAPF/LNS/MAPF_LNS_SAT/mapf-map/warehouse-10-20-10-2-2.map,/home/max/Documents/PhD/MAPF/LNS/MAPF_LNS_SAT/mapf-scen-even/scen-even/warehouse-10-20-10-2-2-even-1.scen,10,12,42,1,225,155.927000,0,0,0.000000,0.000000,0.000000,0.000000,0.000000
_home_max_Documents_PhD_MAPF_LNS_MAPF_LNS_SAT_mapf-map_warehouse-10-20-10-2-2_map-_home_max_Documents_PhD_MAPF_LNS_MAPF_LNS_SAT_mapf-scen-even_scen-even_warehouse-10-20-10-2-2-even-1_scen-agents10-idx13-seed42-1761041206089,/home/max/Documents/PhD/MAPF/LNS/MAPF_LNS_SAT/mapf-map/warehouse-10-20-10-2-2.map,/home/max/Documents/PhD/MAPF/LNS/MAPF_LNS_SAT/mapf-scen-even/scen-even/warehouse-10-20-10-2-2-even-1.scen,10,13,42,1,193,143.671000,22,9,0.000000,0.016000,0.126000,0.085000,0.012937
_home_max_Documents_PhD_MAPF_LNS_MAPF_LNS_SAT_mapf-map_warehouse-10-20-10-2-2_map-_home_max_Documents_PhD_MAPF_LNS_MAPF_LNS_SAT_mapf-scen-even_scen-even_warehouse-10-20-10-2-2-even-1_scen-agents10-idx14-seed42-1761041206288,/home/max/Documents/PhD/MAPF/LNS/MAPF_LNS_SAT/mapf-map/warehouse-10-20-10-2-2.map,/home/max/Documents/PhD/MAPF/LNS/MAPF_LNS_SAT/mapf-scen-even/scen-even/warehouse-10-20-10-2-2-even-1.scen,10,14,42,1,222,148.972000,282,117,0.000000,0.130000,0.279000,0.219000,0.025073
_home_max_Documents_PhD_MAPF_LNS_MAPF_LNS_SAT_mapf-map_warehouse-10-20-10-2-2_map-_home_max_Documents_PhD_MAPF_LNS_MAPF_LNS_SAT_mapf-scen-even_scen-even_warehouse-10-20-10-2-2-even-1_scen-agents10-idx15-seed42-1761041206493,/home/max/Documents/PhD/MAPF/LNS/MAPF_LNS_SAT/mapf-map/warehouse-10-20-10-2-2.map,/home/max/Documents/PhD/MAPF/LNS/MAPF_LNS_SAT/mapf-scen-even/scen-even/warehouse-10-20-10-2-2-even-1.scen,10,15,42,1,214,159.957000,344,128,0.000000,0.205000,0.507000,0.418000,0.036792
_home_max_Documents_PhD_MAPF_LNS_MAPF_LNS_SAT_mapf-map_warehouse-10-20-10-2-2_map-_home_max_Documents_PhD_MAPF_LNS_MAPF_LNS_SAT_mapf-scen-even_scen-even_warehouse-10-20-10-2-2-even-1_scen-agents10-idx16-seed42-1761041206694,/home/max/Documents/PhD/MAPF/LNS/MAPF_LNS_SAT/mapf-map/warehouse-10-20-10-2-2.map,/home/max/Documents/PhD/MAPF/LNS/MAPF_LNS_SAT/mapf-scen-even/scen-even/warehouse-10-20-10-2-2-even-1.scen,10,16,42,1,188,142.867000,22,9,0.000000,0.014000,0.090000,0.064000,0.010397
_home_max_Documents_PhD_MAPF_LNS_MAPF_LNS_SAT_mapf-map_warehouse-10-20-10-2-2_map-_home_max_Documents_PhD_MAPF_LNS_MAPF_LNS_SAT_mapf-scen-even_scen-even_warehouse-10-20-10-2-2-even-1_scen-agents10-idx17-seed42-1761041206893,/home/max/Documents/PhD/MAPF/LNS/MAPF_LNS_SAT/mapf-map/warehouse-10-20-10-2-2.map,/home/max/Documents/PhD/MAPF/LNS/MAPF_LNS_SAT/mapf-scen-even/scen-even/warehouse-10-20-10-2-2-even-1.scen,10,17,42,1,216,140.531000,22,9,0.000000,0.015000,0.117000,0.077000,0.011794
_home_max_Documents_PhD_MAPF_LNS_MAPF_LNS_SAT_mapf-map_warehouse-10-20-10-2-2_map-_home_max_Documents_PhD_MAPF_LNS_MAPF_LNS_SAT_mapf-scen-even_scen-even_warehouse-10-20-10-2-2-even-1_scen-agents10-idx18-seed42-1761041207041,/home/max/Documents/PhD/MAPF/LNS/MAPF_LNS_SAT/mapf-map/warehouse-10-20-10-2-2.map,/home/max/Documents/PhD/MAPF/LNS/MAPF_LNS_SAT/mapf-scen-even/scen-even/warehouse-10-20-10-2-2-even-1.scen,10,18,42,1,206,147.849000,458,176,0.000000,0.165000,0.485000,0.365000,0.035313
_home_max_Documents_PhD_MAPF_LNS_MAPF_LNS_SAT_mapf-map_warehouse-10-20-10-2-2_map-_home_max_Documents_PhD_MAPF_LNS_MAPF_LNS_SAT_mapf-scen-even_scen-even_warehouse-10-20-10-2-2-even-1_scen-agents10-idx19-seed42-1761041207245,/home/max/Documents/PhD/MAPF/LNS/MAPF_LNS_SAT/mapf-map/warehouse-10-20-10-2-2.map,/home/max/Documents/PhD/MAPF/LNS/MAPF_LNS_SAT/mapf-scen-even/scen-even/warehouse-10-20-10-2-2-even-1.scen,10,19,42,1,211,145.786000,20,9,0.000000,0.013000,0.097000,0.076000,0.010462
_home_max_Documents_PhD_MAPF_LNS_MAPF_LNS_SAT_mapf-map_warehouse-10-20-10-2-2_map-_home_max_Documents_PhD_MAPF_LNS_MAPF_LNS_SAT_mapf-scen-even_scen-even_warehouse-10-20-10-2-2-even-1_scen-agents10-idx20-seed42-1761041207448,/home/max/Documents/PhD/MAPF/LNS/MAPF_LNS_SAT/mapf-map/warehouse-10-20-10-2-2.map,/home/max/Documents/PhD/MAPF/LNS/MAPF_LNS_SAT/mapf-scen-even/scen-even/warehouse-10-20-10-2-2-even-1.scen,10,20,42,1,199,142.260000,0,0,0.000000,0.000000,0.000000,0.000000,0.000000
_home_max_Documents_PhD_MAPF_LNS_MAPF_LNS_SAT_mapf-map_warehouse-10-20-10-2-2_map-_home_max_Documents_PhD_MAPF_LNS_MAPF_LNS_SAT_mapf-scen-even_scen-even_warehouse-10-20-10-2-2-even-1_scen-agents10-idx21-seed42-1761041207648,/home/max/Documents/PhD/MAPF/LNS/MAPF_LNS_SAT/mapf-map/warehouse-10-20-10-2-2.map,/home/max/Documents/PhD/MAPF/LNS/MAPF_LNS_SAT/mapf-scen-even/scen-even/warehouse-10-20-10-2-2-even-1.scen,10,21,42,1,179,140.054000,48,24,0.000000,0.022000,0.125000,0.098000,0.012828
_home_max_Documents_PhD_MAPF_LNS_MAPF_LNS_SAT_mapf-map_warehouse-10-20-10-2-2_map-_home_max_Documents_PhD_MAPF_LNS_MAPF_LNS_SAT_mapf-scen-even_scen-even_warehouse-10-20-10-2-2-even-1_scen-agents10-idx22-seed42-1761041207796,/home/max/Documents/PhD/MAPF/LNS/MAPF_LNS_SAT/mapf-map/warehouse-10-20-10-2-2.map,/home/max/Documents/PhD/MAPF/LNS/MAPF_LNS_SAT/mapf-scen-even/scen-even/warehouse-10-20-10-2-2-even-1.scen,10,22,42,1,186,139.200000,0,0,0.000000,0.000000,0.000000,0.000000,0.000000
_home_max_Documents_PhD_MAPF_LNS_MAPF_LNS_SAT_mapf-map_warehouse-10-20-10-2-2_map-_home_max_Documents_PhD_MAPF_LNS_MAPF_LNS_SAT_mapf-scen-even_scen-even_warehouse-10-20-10-2-2-even-1_scen-agents10-idx23-seed42-1761041207946,/home/max/Documents/PhD/MAPF/LNS/MAPF_LNS_SAT/mapf-map/warehouse-10-20-10-2-2.map,/home/max/Documents/PhD/MAPF/LNS/MAPF_LNS_SAT/mapf-scen-even/scen-even/warehouse-10-20-10-2-2-even-1.scen,10,23,42,1,141,134.145000,0,0,0.000000,0.000000,0.000000,0.000000,0.000000
_home_max_Documents_PhD_MAPF_LNS_MAPF_LNS_SAT_mapf-map_warehouse-10-20-10-2-2_map-_home_max_Documents_PhD_MAPF_LNS_MAPF_LNS_SAT_mapf-scen-even_scen-even_warehouse-10-20-10-2-2-even-1_scen-agents10-idx24-seed42-1761041208097,/home/max/Documents/PhD/MAPF/LNS/MAPF_LNS_SAT/mapf-map/warehouse-10-20-10-2-2.map,/home/max/Documents/PhD/MAPF/LNS/MAPF_LNS_SAT/mapf-scen-even/scen-even/warehouse-10-20-10-2-2-even-1.scen,10,24,42,1,217,141.805000,0,0,0.000000,0.000000,0.000000,0.000000,0.000000
_home_max_Documents_PhD_MAPF_LNS_MAPF_LNS_SAT_mapf-map_warehouse-10-20-10-2-2_map-_home_max_Documents_PhD_MAPF_LNS_MAPF_LNS_SAT_mapf-scen-even_scen-even_warehouse-10-20-10-2-2-even-1_scen-agents10-idx25-seed42-1761041208247,/home/max/Documents/PhD/MAPF/LNS/MAPF_LNS_SAT/mapf-map/warehouse-10-20-10-2-2.map,/home/max/Documents/PhD/MAPF/LNS/MAPF_LNS_SAT/mapf-scen-even/scen-even/warehouse-10-20-10-2-2-even-1.scen,10,25,42,1,213,150.574000,113,47,0.000000,0.054000,0.189000,0.134000,0.019827
_home_max_Documents_PhD_MAPF_LNS_MAPF_LNS_SAT_mapf-map_warehouse-10-20-10-2-2_map-_home_max_Documents_PhD_MAPF_LNS_MAPF_LNS_SAT_mapf-scen-even_scen-even_warehouse-10-20-10-2-2-even-1_scen-agents10-idx26-seed42-1761041208451,/home/max/Documents/PhD/MAPF/LNS/MAPF_LNS_SAT/mapf-map/warehouse-10-20-10-2-2.map,/home/max/Documents/PhD/MAPF/LNS/MAPF_LNS_SAT/mapf-scen-even/scen-even/warehouse-10-20-10-2-2-even-1.scen,10,26,42,1,227,149.819000,22,9,0.000000,0.013000,0.082000,0.059000,0.008143
_home_max_Documents_PhD_MAPF_LNS_MAPF_LNS_SAT_mapf-map_warehouse-10-20-10-2-2_map-_home_max_Documents_PhD_MAPF_LNS_MAPF_LNS_SAT_mapf-scen-even_scen-even_warehouse-10-20-10-2-2-even-1_scen-agents10-idx27-seed42-1761041208652,/home/max/Documents/PhD/MAPF/LNS/MAPF_LNS_SAT/mapf-map/warehouse-10-20-10-2-2.map,/home/max/Documents/PhD/MAPF/LNS/MAPF_LNS_SAT/mapf-scen-even/scen-even/warehouse-10-20-10-2-2-even-1.scen,10,27,42,1,182,139.468000,53,25,0.000000,0.026000,0.109000,0.080000,0.011721
_home_max_Documents_PhD_MAPF_LNS_MAPF_LNS_SAT_mapf-map_warehouse-10-20-10-2-2_map-_home_max_Documents_PhD_MAPF_LNS_MAPF_LNS_SAT_mapf-scen-even_scen-even_warehouse-10-20-10-2-2-even-1_scen-agents10-idx28-seed42-1761041208800,/home/max/Documents/PhD/MAPF/LNS/MAPF_LNS_SAT/mapf-map/warehouse-10-20-10-2-2.map,/home/max/Documents/PhD/MAPF/LNS/MAPF_LNS_SAT/mapf-scen-even/scen-even/warehouse-10-20-10-2-2-even-1.scen,10,28,42,1,210,153.671000,0,0,0.000000,0.000000,0.000000,0.000000,0.000000
_home_max_Documents_PhD_MAPF_LNS_MAPF_LNS_SAT_mapf-map_warehouse-10-20-10-2-2_map-_home_max_Documents_PhD_MAPF_LNS_MAPF_LNS_SAT_mapf-scen-even_scen-even_warehouse-10-20-10-2-2-even-1_scen-agents10-idx29-seed42-1761041209005,/home/max/Documents/PhD/MAPF/LNS/MAPF_LNS_SAT/mapf-map/warehouse-10-20-10-2-2.map,/home/max/Documents/PhD/MAPF/LNS/MAPF_LNS_SAT/mapf-scen-even/scen-even/warehouse-10-20-10-2-2-even-1.scen,10,29,42,1,222,159.378000,0,0,0.000000,0.000000,0.000000,0.000000,0.000000
_home_max_Documents_PhD_MAPF_LNS_MAPF_LNS_SAT_mapf-map_warehouse-10-20-10-2-2_map-_home_max_Documents_PhD_MAPF_LNS_MAPF_LNS_SAT_mapf-scen-even_scen-even_warehouse-10-20-10-2-2-even-1_scen-agents10-idx30-seed42-1761041209205,/home/max/Documents/PhD/MAPF/LNS/MAPF_LNS_SAT/mapf-map/warehouse-10-20-10-2-2.map,/home/max/Documents/PhD/MAPF/LNS/MAPF_LNS_SAT/mapf-scen-even/scen-even/warehouse-10-20-10-2-2-even-1.scen,10,30,42,1,212,134.673000,294,119,0.000000,0.143000,0.302000,0.235000,0.027393
_home_max_Documents_PhD_MAPF_LNS_MAPF_LNS_SAT_mapf-map_warehouse-10-20-10-2-2_map-_home_max_Documents_PhD_MAPF_LNS_MAPF_LNS_SAT_mapf-scen-even_scen-even_warehouse-10-20-10-2-2-even-1_scen-agents10-idx31-seed42-1761041209352,/home/max/Documents/PhD/MAPF/LNS/MAPF_LNS_SAT/mapf-map/warehouse-10-20-10-2-2.map,/home/max/Documents/PhD/MAPF/LNS/MAPF_LNS_SAT/mapf-scen-even/scen-even/warehouse-10-20-10-2-2-even-1.scen,10,31,42,1,221,158.659000,207,82,0.000000,0.110000,0.225000,0.177000,0.016043
_home_max_Documents_PhD_MAPF_LNS_MAPF_LNS_SAT_mapf-map_warehouse-10-20-10-2-2_map-_home_max_Documents_PhD_MAPF_LNS_MAPF_LNS_SAT_mapf-scen-even_scen-even_warehouse-10-20-10-2-2-even-1_scen-agents10-idx32-seed42-1761041209558,/home/max/Documents/PhD/MAPF/LNS/MAPF_LNS_SAT/mapf-map/warehouse-10-20-10-2-2.map,/home/max/Documents/PhD/MAPF/LNS/MAPF_LNS_SAT/mapf-scen-even/scen-even/warehouse-10-20-10-2-2-even-1.scen,10,32,42,1,192,149.084000,117,48,0.000000,0.069000,0.182000,0.133000,0.018380
_home_max_Documents_PhD_MAPF_LNS_MAPF_LNS_SAT_mapf-map_warehouse-10-20-10-2-2_map-_home_max_Documents_PhD_MAPF_LNS_MAPF_LNS_SAT_mapf-scen-even_scen-even_warehouse-10-20-10-2-2-even-1_scen-agents10-idx33-seed42-1761041209758,/home/max/Documents/PhD/MAPF/LNS/MAPF_LNS_SAT/mapf-map/warehouse-10-20-10-2-2.map,/home/max/Documents/PhD/MAPF/LNS/MAPF_LNS_SAT/mapf-scen-even/scen-even/warehouse-10-20-10-2-2-even-1.scen,10,33,42,1,214,162.227000,0,0,0.000000,0.000000,0.000000,0.000000,0.000000
_home_max_Documents_PhD_MAPF_LNS_MAPF_LNS_SAT_mapf-map_warehouse-10-20-10-2-2_map-_home_max_Documents_PhD_MAPF_LNS_MAPF_LNS_SAT_mapf-scen-even_scen-even_warehouse-10-20-10-2-2-even-1_scen-agents10-idx34-seed42-1761041209960,/home/max/Documents/PhD/MAPF/LNS/MAPF_LNS_SAT/mapf-map/warehouse-10-20-10-2-2.map,/home/max/Documents/PhD/MAPF/LNS/MAPF_LNS_SAT/mapf-scen-even/scen-even/warehouse-10-20-10-2-2-even-1.scen,10,34,42,1,221,155.008000,22,9,0.000000,0.015000,0.079000,0.055000,0.008472
_home_max_Documents_PhD_MAPF_LNS_MAPF_LNS_SAT_mapf-map_warehouse-10-20-10-2-2_map-_home_max_Documents_PhD_MAPF_LNS_MAPF_LNS_SAT_mapf-scen-even_scen-even_warehouse-10-20-10-2-2-even-1_scen-agents10-idx35-seed42-1761041210158,/home/max/Documents/PhD/MAPF/LNS/MAPF_LNS_SAT/mapf-map/warehouse-10-20-10-2-2.map,/home/max/Documents/PhD/MAPF/LNS/MAPF_LNS_SAT/mapf-scen-even/scen-even/warehouse-10-20-10-2-2-even-1.scen,10,35,42,1,209,148.026000,0,0,0.000000,0.000000,0.000000,0.000000,0.000000
_home_max_Documents_PhD_MAPF_LNS_MAPF_LNS_SAT_mapf-map_warehouse-10-20-10-2-2_map-_home_max_Documents_PhD_MAPF_LNS_MAPF_LNS_SAT_mapf-scen-even_scen-even_warehouse-10-20-10-2-2-even-1_scen-agents10-idx36-seed42-1761041210361,/home/max/Documents/PhD/MAPF/LNS/MAPF_LNS_SAT/mapf-map/warehouse-10-20-10-2-2.map,/home/max/Documents/PhD/MAPF/LNS/MAPF_LNS_SAT/mapf-scen-even/scen-even/warehouse-10-20-10-2-2-even-1.scen,10,36,42,1,206,144.097000,115,47,0.000000,0.054000,0.194000,0.136000,0.019702
_home_max_Documents_PhD_MAPF_LNS_MAPF_LNS_SAT_mapf-map_warehouse-10-20-10-2-2_map-_home_max_Documents_PhD_MAPF_LNS_MAPF_LNS_SAT_mapf-scen-even_scen-even_warehouse-10-20-10-2-2-even-1_scen-agents10-idx37-seed42-1761041210560,/home/max/Documents/PhD/MAPF/LNS/MAPF_LNS_SAT/mapf-map/warehouse-10-20-10-2-2.map,/home/max/Documents/PhD/MAPF/LNS/MAPF_LNS_SAT/mapf-scen-even/scen-even/warehouse-10-20-10-2-2-even-1.scen,10,37,42,1,147,130.153000,76,39,0.000000,0.033000,0.126000,0.093000,0.011027
_home_max_Documents_PhD_MAPF_LNS_MAPF_LNS_SAT_mapf-map_warehouse-10-20-10-2-2_map-_home_max_Documents_PhD_MAPF_LNS_MAPF_LNS_SAT_mapf-scen-even_scen-even_warehouse-10-20-10-2-2-even-1_scen-agents10-idx38-seed42-1761041210710,/home/max/Documents/PhD/MAPF/LNS/MAPF_LNS_SAT/mapf-map/warehouse-10-20-10-2-2.map,/home/max/Documents/PhD/MAPF/LNS/MAPF_LNS_SAT/mapf-scen-even/scen-even/warehouse-10-20-10-2-2-even-1.scen,10,38,42,1,203,164.358000,375,155,0.000000,0.212000,0.408000,0.305000,0.036400
_home_max_Documents_PhD_MAPF_LNS_MAPF_LNS_SAT_mapf-map_warehouse-10-20-10-2-2_map-_home_max_Documents_PhD_MAPF_LNS_MAPF_LNS_SAT_mapf-scen-even_scen-even_warehouse-10-20-10-2-2-even-1_scen-agents10-idx39-seed42-1761041210917,/home/max/Documents/PhD/MAPF/LNS/MAPF_LNS_SAT/mapf-map/warehouse-10-20-10-2-2.map,/home/max/Documents/PhD/MAPF/LNS/MAPF_LNS_SAT/mapf-scen-even/scen-even/warehouse-10-20-10-2-2-even-1.scen,10,39,42,1,218,153.448000,167,73,0.000000,0.109000,0.197000,0.154000,0.014860
_home_max_Documents_PhD_MAPF_LNS_MAPF_LNS_SAT_mapf-map_warehouse-10-20-10-2-2_map-_home_max_Documents_PhD_MAPF_LNS_MAPF_LNS_SAT_mapf-scen-even_scen-even_warehouse-10-20-10-2-2-even-1_scen-agents10-idx40-seed42-1761041211116,/home/max/Documents/PhD/MAPF/LNS/MAPF_LNS_SAT/mapf-map/warehouse-10-20-10-2-2.map,/home/max/Documents/PhD/MAPF/LNS/MAPF_LNS_SAT/mapf-scen-even/scen-even/warehouse-10-20-10-2-2-even-1.scen,10,40,42,1,182,144.845000,22,9,0.000000,0.011000,0.081000,0.057000,0.008745
_home_max_Documents_PhD_MAPF_LNS_MAPF_LNS_SAT_mapf-map_warehouse-10-20-10-2-2_map-_home_max_Documents_PhD_MAPF_LNS_MAPF_LNS_SAT_mapf-scen-even_scen-even_warehouse-10-20-10-2-2-even-1_scen-agents10-idx41-seed42-1761041211316,/home/max/Documents/PhD/MAPF/LNS/MAPF_LNS_SAT/mapf-map/warehouse-10-20-10-2-2.map,/home/max/Documents/PhD/MAPF/LNS/MAPF_LNS_SAT/mapf-scen-even/scen-even/warehouse-10-20-10-2-2-even-1.scen,10,41,42,1,210,148.708000,93,38,0.000000,0.055000,0.147000,0.110000,0.016697
_home_max_Documents_PhD_MAPF_LNS_MAPF_LNS_SAT_mapf-map_warehouse-10-20-10-2-2_map-_home_max_Documents_PhD_MAPF_LNS_MAPF_LNS_SAT_mapf-scen-even_scen-even_warehouse-10-20-10-2-2-even-1_scen-agents10-idx42-seed42-1761041211520,/home/max/Documents/PhD/MAPF/LNS/MAPF_LNS_SAT/mapf-map/warehouse-10-20-10-2-2.map,/home/max/Documents/PhD/MAPF/LNS/MAPF_LNS_SAT/mapf-scen-even/scen-even/warehouse-10-20-10-2-2-even-1.scen,10,42,42,1,222,155.827000,294,119,0.000000,0.153000,0.311000,0.248000,0.028559
_home_max_Documents_PhD_MAPF_LNS_MAPF_LNS_SAT_mapf-map_warehouse-10-20-10-2-2_map-_home_max_Documents_PhD_MAPF_LNS_MAPF_LNS_SAT_mapf-scen-even_scen-even_warehouse-10-20-10-2-2-even-1_scen-agents10-idx43-seed42-1761041211721,/home/max/Documents/PhD/MAPF/LNS/MAPF_LNS_SAT/mapf-map/warehouse-10-20-10-2-2.map,/home/max/Documents/PhD/MAPF/LNS/MAPF_LNS_SAT/mapf-scen-even/scen-even/warehouse-10-20-10-2-2-even-1.scen,10,43,42,1,179,144.934000,20,9,0.000000,0.014000,0.061000,0.047000,0.008279
_home_max_Documents_PhD_MAPF_LNS_MAPF_LNS_SAT_mapf-map_warehouse-10-20-10-2-2_map-_home_max_Documents_PhD_MAPF_LNS_MAPF_LNS_SAT_mapf-scen-even_scen-even_warehouse-10-20-10-2-2-even-1_scen-agents10-idx44-seed42-1761041211922,/home/max/Documents/PhD/MAPF/LNS/MAPF_LNS_SAT/mapf-map/warehouse-10-20-10-2-2.map,/home/max/Documents/PhD/MAPF/LNS/MAPF_LNS_SAT/mapf-scen-even/scen-even/warehouse-10-20-10-2-2-even-1.scen,10,44,42,1,163,138.690000,0,0,0.000000,0.000000,0.000000,0.000000,0.000000
_home_max_Documents_PhD_MAPF_LNS_MAPF_LNS_SAT_mapf-map_warehouse-10-20-10-2-2_map-_home_max_Documents_PhD_MAPF_LNS_MAPF_LNS_SAT_mapf-scen-even_scen-even_warehouse-10-20-10-2-2-even-1_scen-agents10-idx45-seed42-1761041212070,/home/max/Documents/PhD/MAPF/LNS/MAPF_LNS_SAT/mapf-map/warehouse-10-20-10-2-2.map,/home/max/Documents/PhD/MAPF/LNS/MAPF_LNS_SAT/mapf-scen-even/scen-even/warehouse-10-20-10-2-2-even-1.scen,10,45,42,1,207,137.859000,0,0,0.000000,0.000000,0.000000,0.000000,0.000000
_home_max_Documents_PhD_MAPF_LNS_MAPF_LNS_SAT_mapf-map_warehouse-10-20-10-2-2_map-_home_max_Documents_PhD_MAPF_LNS_MAPF_LNS_SAT_mapf-scen-even_scen-even_warehouse-10-20-10-2-2-even-1_scen-agents10-idx46-seed42-1761041212219,/home/max/Documents/PhD/MAPF/LNS/MAPF_LNS_SAT/mapf-map/warehouse-10-20-10-2-2.map,/home/max/Documents/PhD/MAPF/LNS/MAPF_LNS_SAT/mapf-scen-even/scen-even/warehouse-10-20-10-2-2-even-1.scen,10,46,42,1,169,125.496000,0,0,0.000000,0.000000,0.000000,0.000000,0.000000
_home_max_Documents_PhD_MAPF_LNS_MAPF_LNS_SAT_mapf-map_warehouse-10-20-10-2-2_map-_home_max_Documents_PhD_MAPF_LNS_MAPF_LNS_SAT_mapf-scen-even_scen-even_warehouse-10-20-10-2-2-even-1_scen-agents10-idx47-seed42-1761041212371,/home/max/Documents/PhD/MAPF/LNS/MAPF_LNS_SAT/mapf-map/warehouse-10-20-10-2-2.map,/home/max/Documents/PhD/MAPF/LNS/MAPF_LNS_SAT/mapf-scen-even/scen-even/warehouse-10-20-10-2-2-even-1.scen,10,47,42,1,130,128.102000,239,103,0.000000,0.099000,0.265000,0.205000,0.019626
_home_max_Documents_PhD_MAPF_LNS_MAPF_LNS_SAT_mapf-map_warehouse-10-20-10-2-2_map-_home_max_Documents_PhD_MAPF_LNS_MAPF_LNS_SAT_mapf-scen-even_scen-even_warehouse-10-20-10-2-2-even-1_scen-agents10-idx48-seed42-1761041212521,/home/max/Documents/PhD/MAPF/LNS/MAPF_LNS_SAT/mapf-map/warehouse-10-20-10-2-2.map,/home/max/Documents/PhD/MAPF/LNS/MAPF_LNS_SAT/mapf-scen-even/scen-even/warehouse-10-20-10-2-2-even-1.scen,10,48,42,1,167,135.641000,0,0,0.000000,0.000000,0.000000,0.000000,0.000000
_home_max_Documents_PhD_MAPF_LNS_MAPF_LNS_SAT_mapf-map_warehouse-10-20-10-2-2_map-_home_max_Documents_PhD_MAPF_LNS_MAPF_LNS_SAT_mapf-scen-even_scen-even_warehouse-10-20-10-2-2-even-2_scen-agents10-idx0-seed42-1761041212672,/home/max/Documents/PhD/MAPF/LNS/MAPF_LNS_SAT/mapf-map/warehouse-10-20-10-2-2.map,/home/max/Documents/PhD/MAPF/LNS/MAPF_LNS_SAT/mapf-scen-even/scen-even/warehouse-10-20-10-2-2-even-2.scen,10,0,42,1,179,144.141000,188,82,0.000000,0.106000,0.240000,0.182000,0.017610
_home_max_Documents_PhD_MAPF_LNS_MAPF_LNS_SAT_mapf-map_warehouse-10-20-10-2-2_map-_home_max_Documents_PhD_MAPF_LNS_MAPF_LNS_SAT_mapf-scen-even_scen-even_warehouse-10-20-10-2-2-even-2_scen-agents10-idx1-seed42-1761041212822,/home/max/Documents/PhD/MAPF/LNS/MAPF_LNS_SAT/mapf-map/warehouse-10-20-10-2-2.map,/home/max/Documents/PhD/MAPF/LNS/MAPF_LNS_SAT/mapf-scen-even/scen-even/warehouse-10-20-10-2-2-even-2.scen,10,1,42,1,191,144.472000,335,142,0.000000,0.139000,0.401000,0.305000,0.031462
_home_max_Documents_PhD_MAPF_LNS_MAPF_LNS_SAT_mapf-map_warehouse-10-20-10-2-2_map-_home_max_Documents_PhD_MAPF_LNS_MAPF_LNS_SAT_mapf-scen-even_scen-even_warehouse-10-20-10-2-2-even-2_scen-agents10-idx2-seed42-1761041212972,/home/max/Documents/PhD/MAPF/LNS/MAPF_LNS_SAT/mapf-map/warehouse-10-20-10-2-2.map,/home/max/Documents/PhD/MAPF/LNS/MAPF_LNS_SAT/mapf-scen-even/scen-even/warehouse-10-20-10-2-2-even-2.scen,10,2,42,1,206,141.257000,28,15,0.000000,0.021000,0.078000,0.058000,0.009309
_home_max_Documents_PhD_MAPF_LNS_MAPF_LNS_SAT_mapf-map_warehouse-10-20-10-2-2_map-_home_max_Documents_PhD_MAPF_LNS_MAPF_LNS_SAT_mapf-scen-even_scen-even_warehouse-10-20-10-2-2-even-2_scen-agents10-idx3-seed42-1761041213124,/home/max/Documents/PhD/MAPF/LNS/MAPF_LNS_SAT/mapf-map/warehouse-10-20-10-2-2.map,/home/max/Documents/PhD/MAPF/LNS/MAPF_LNS_SAT/mapf-scen-even/scen-even/warehouse-10-20-10-2-2-even-2.scen,10,3,42,1,205,153.504000,0,0,0.000000,0.000000,0.000000,0.000000,0.000000
_home_max_Documents_PhD_MAPF_LNS_MAPF_LNS_SAT_mapf-map_warehouse-10-20-10-2-2_map-_home_max_Documents_PhD_MAPF_LNS_MAPF_LNS_SAT_mapf-scen-even_scen-even_warehouse-10-20-10-2-2-even-2_scen-agents10-idx4-seed42-1761041213329,/home/max/Documents/PhD/MAPF/LNS/MAPF_LNS_SAT/mapf-map/warehouse-10-20-10-2-2.map,/home/max/Documents/PhD/MAPF/LNS/MAPF_LNS_SAT/mapf-scen-even/scen-even/warehouse-10-20-10-2-2-even-2.scen,10,4,42,1,198,138.665000,0,0,0.000000,0.000000,0.000000,0.000000,0.000000
_home_max_Documents_PhD_MAPF_LNS_MAPF_LNS_SAT_mapf-map_warehouse-10-20-10-2-2_map-_home_max_Documents_PhD_MAPF_LNS_MAPF_LNS_SAT_mapf-scen-even_scen-even_warehouse-10-20-10-2-2-even-2_scen-agents10-idx5-seed42-1761041213475,/home/max/Documents/PhD/MAPF/LNS/MAPF_LNS_SAT/mapf-map/warehouse-10-20-10-2-2.map,/home/max/Documents/PhD/MAPF/LNS/MAPF_LNS_SAT/mapf-scen-even/scen-even/warehouse-10-20-10-2-2-even-2.scen,10,5,42,1,215,137.432000,0,0,0.000000,0.000000,0.000000,0.000000,0.000000
_home_max_Documents_PhD_MAPF_LNS_MAPF_LNS_SAT_mapf-map_warehouse-10-20-10-2-2_map-_home_max_Documents_PhD_MAPF_LNS_MAPF_LNS_SAT_mapf-scen-even_scen-even_warehouse-10-20-10-2-2-even-2_scen-agents10-idx6-seed42-1761041213624,/home/max/Documents/PhD/MAPF/LNS/MAPF_LNS_SAT/mapf-map/warehouse-10-20-10-2-2.map,/home/max/Documents/PhD/MAPF/LNS/MAPF_LNS_SAT/mapf-scen-even/scen-even/warehouse-10-20-10-2-2-even-2.scen,10,6,42,1,156,127.370000,0,0,0.000000,0.000000,0.000000,0.000000,0.000000
_home_max_Documents_PhD_MAPF_LNS_MAPF_LNS_SAT_mapf-map_warehouse-10-20-10-2-2_map-_home_max_Documents_PhD_MAPF_LNS_MAPF_LNS_SAT_mapf-scen-even_scen-even_warehouse-10-20-10-2-2-even-2_scen-agents10-idx7-seed42-1761041213776,/home/max/Documents/PhD/MAPF/LNS/MAPF_LNS_SAT/mapf-map/warehouse-10-20-10-2-2.map,/home/max/Documents/PhD/MAPF/LNS/MAPF_LNS_SAT/mapf-scen-even/scen-even/warehouse-10-20-10-2-2-even-2.scen,10,7,42,1,199,147.823000,22,9,0.000000,0.010000,0.080000,0.056000,0.009416
_home_max_Documents_PhD_MAPF_LNS_MAPF_LNS_SAT_mapf-map_warehouse-10-20-10-2-2_map-_home_max_Documents_PhD_MAPF_LNS_MAPF_LNS_SAT_mapf-scen-even_scen-even_warehouse-10-20-10-2-2-even-2_scen-agents10-idx8-seed42-1761041213978,/home/max/Documents/PhD/MAPF/LNS/MAPF_LNS_SAT/mapf-map/warehouse-10-20-10-2-2.map,/home/max/Documents/PhD/MAPF/LNS/MAPF_LNS_SAT/mapf-scen-even/scen-even/warehouse-10-20-10-2-2-even-2.scen,10,8,42,1,195,147.607000,22,9,0.000000,0.014000,0.082000,0.059000,0.009982
_home_max_Documents_PhD_MAPF_LNS_MAPF_LNS_SAT_mapf-map_warehouse-10-20-10-2-2_map-_home_max_Documents_PhD_MAPF_LNS_MAPF_LNS_SAT_mapf-scen-even_scen-even_warehouse-10-20-10-2-2-even-2_scen-agents10-idx9-seed42-1761041214179,/home/max/Documents/PhD/MAPF/LNS/MAPF_LNS_SAT/mapf-map/warehouse-10-20-10-2-2.map,/home/max/Documents/PhD/MAPF/LNS/MAPF_LNS_SAT/mapf-scen-even/scen-even/warehouse-10-20-10-2-2-even-2.scen,10,9,42,1,203,141.494000,24,10,0.000000,0.013000,0.052000,0.044000,0.007570
_home_max_Documents_PhD_MAPF_LNS_MAPF_LNS_SAT_mapf-map_warehouse-10-20-10-2-2_map-_home_max_Documents_PhD_MAPF_LNS_MAPF_LNS_SAT_mapf-scen-even_scen-even_warehouse-10-20-10-2-2-even-2_scen-agents10-idx10-seed42-1761041214329,/home/max/Documents/PhD/MAPF/LNS/MAPF_LNS_SAT/mapf-map/warehouse-10-20-10-2-2.map,/home/max/Documents/PhD/MAPF/LNS/MAPF_LNS_SAT/mapf-scen-even/scen-even/warehouse-10-20-10-2-2-even-2.scen,10,10,42,1,203,139.625000,22,9,0.000000,0.012000,0.082000,0.056000,0.008707
_home_max_Documents_PhD_MAPF_LNS_MAPF_LNS_SAT_mapf-map_warehouse-10-20-10-2-2_map-_home_max_Documents_PhD_MAPF_LNS_MAPF_LNS_SAT_mapf-scen-even_scen-even_warehouse-10-20-10-2-2-even-2_scen-agents10-idx11-seed42-1761041214479,/home/max/Documents/PhD/MAPF/LNS/MAPF_LNS_SAT/mapf-map/warehouse-10-20-10-2-2.map,/home/max/Documents/PhD/MAPF/LNS/MAPF_LNS_SAT/mapf-scen-even/scen-even/warehouse-10-20-10-2-2-even-2.scen,10,11,42,1,205,141.522000,0,0,0.000000,0.000000,0.000000,0.000000,0.000000
_home_max_Documents_PhD_MAPF_LNS_MAPF_LNS_SAT_mapf-map_warehouse-10-20-10-2-2_map-_home_max_Documents_PhD_MAPF_LNS_MAPF_LNS_SAT_mapf-scen-even_scen-even_warehouse-10-20-10-2-2-even-2_scen-agents10-idx12-seed42-1761041214630,/home/max/Documents/PhD/MAPF/LNS/MAPF_LNS_SAT/mapf-map/warehouse-10-20-10-2-2.map,/home/max/Documents/PhD/MAPF/LNS/MAPF_LNS_SAT/mapf-scen-even/scen-even/warehouse-10-20-10-2-2-even-2.scen,10,12,42,1,181,125.633000,0,0,0.000000,0.000000,0.000000,0.000000,0.000000
_home_max_Documents_PhD_MAPF_LNS_MAPF_LNS_SAT_mapf-map_warehouse-10-20-10-2-2_map-_home_max_Documents_PhD_MAPF_LNS_MAPF_LNS_SAT_mapf-scen-even_scen-even_warehouse-10-20-10-2-2-even-2_scen-agents10-idx13-seed42-1761041214782,/home/max/Documents/PhD/MAPF/LNS/MAPF_LNS_SAT/mapf-map/warehouse-10-20-10-2-2.map,/home/max/Documents/PhD/MAPF/LNS/MAPF_LNS_SAT/mapf-scen-even/scen-even/warehouse-10-20-10-2-2-even-2.scen,10,13,42,1,182,139.337000,0,0,0.000000,0.000000,0.000000,0.000000,0.000000
_home_max_Documents_PhD_MAPF_LNS_MAPF_LNS_SAT_mapf-map_warehouse-10-20-10-2-2_map-_home_max_Documents_PhD_MAPF_LNS_MAPF_LNS_SAT_mapf-scen-even_scen-even_warehouse-10-20-10-2-2-even-2_scen-agents10-idx14-seed42-1761041214931,/home/max/Documents/PhD/MAPF/LNS/MAPF_LNS_SAT/mapf-map/warehouse-10-20-10-2-2.map,/home/max/Documents/PhD/MAPF/LNS/MAPF_LNS_SAT/mapf-scen-even/scen-even/warehouse-10-20-10-2-2-even-2.scen,10,14,42,1,186,135.832000,0,0,0.000000,0.000000,0.000000,0.000000,0.000000
_home_max_Documents_PhD_MAPF_LNS_MAPF_LNS_SAT_mapf-map_warehouse-10-20-10-2-2_map-_home_max_Documents_PhD_MAPF_LNS_MAPF_LNS_SAT_mapf-scen-even_scen-even_warehouse-10-20-10-2-2-even-2_scen-agents10-idx15-seed42-1761041215082,/home/max/Documents/PhD/MAPF/LNS/MAPF_LNS_SAT/mapf-map/warehouse-10-20-10-2-2.map,/home/max/Documents/PhD/MAPF/LNS/MAPF_LNS_SAT/mapf-scen-even/scen-even/warehouse-10-20-10-2-2-even-2.scen,10,15,42,1,216,154.384000,282,117,0.000000,0.138000,0.290000,0.230000,0.025755
_home_max_Documents_PhD_MAPF_LNS_MAPF_LNS_SAT_mapf-map_warehouse-10-20-10-2-2_map-_home_max_Documents_PhD_MAPF_LNS_MAPF_LNS_SAT_mapf-scen-even_scen-even_warehouse-10-20-10-2-2-even-2_scen-agents10-idx16-seed42-1761041215286,/home/max/Documents/PhD/MAPF/LNS/MAPF_LNS_SAT/mapf-map/warehouse-10-20-10-2-2.map,/home/max/Documents/PhD/MAPF/LNS/MAPF_LNS_SAT/mapf-scen-even/scen-even/warehouse-10-20-10-2-2-even-2.scen,10,16,42,1,159,132.280000,0,0,0.000000,0.000000,0.000000,0.000000,0.000000
_home_max_Documents_PhD_MAPF_LNS_MAPF_LNS_SAT_mapf-map_warehouse-10-20-10-2-2_map-_home_max_Documents_PhD_MAPF_LNS_MAPF_LNS_SAT_mapf-scen-even_scen-even_warehouse-10-20-10-2-2-even-2_scen-agents10-idx17-seed42-1761041215434,/home/max/Documents/PhD/MAPF/LNS/MAPF_LNS_SAT/mapf-map/warehouse-10-20-10-2-2.map,/home/max/Documents/PhD/MAPF/LNS/MAPF_LNS_SAT/mapf-scen-even/scen-even/warehouse-10-20-10-2-2-even-2.scen,10,17,42,1,205,149.582000,24,10,0.000000,0.015000,0.055000,0.046000,0.008086
_home_max_Documents_PhD_MAPF_LNS_MAPF_LNS_SAT_mapf-map_warehouse-10-20-10-2-2_map-_home_max_Documents_PhD_MAPF_LNS_MAPF_LNS_SAT_mapf-scen-even_scen-even_warehouse-10-20-10-2-2-even-2_scen-agents10-idx18-seed42-1761041215641,/home/max/Documents/PhD/MAPF/LNS/MAPF_LNS_SAT/mapf-map/warehouse-10-20-10-2-2.map,/home/max/Documents/PhD/MAPF/LNS/MAPF_LNS_SAT/mapf-scen-even/scen-even/warehouse-10-20-10-2-2-even-2.scen,10,18,42,1,158,150.793000,0,0,0.000000,0.000000,0.000000,0.000000,0.000000
_home_max_Documents_PhD_MAPF_LNS_MAPF_LNS_SAT_mapf-map_warehouse-10-20-10-2-2_map-_home_max_Documents_PhD_MAPF_LNS_MAPF_LNS_SAT_mapf-scen-even_scen-even_warehouse-10-20-10-2-2-even-2_scen-agents10-idx19-seed42-1761041215837,/home/max/Documents/PhD/MAPF/LNS/MAPF_LNS_SAT/mapf-map/warehouse-10-20-10-2-2.map,/home/max/Documents/PhD/MAPF/LNS/MAPF_LNS_SAT/mapf-scen-even/scen-even/warehouse-10-20-10-2-2-even-2.scen,10,19,42,1,209,151.970000,0,0,0.000000,0.000000,0.000000,0.000000,0.000000
_home_max_Documents_PhD_MAPF_LNS_MAPF_LNS_SAT_mapf-map_warehouse-10-20-10-2-2_map-_home_max_Documents_PhD_MAPF_LNS_MAPF_LNS_SAT_mapf-scen-even_scen-even_warehouse-10-20-10-2-2-even-2_scen-agents10-idx20-seed42-1761041216041,/home/max/Documents/PhD/MAPF/LNS/MAPF_LNS_SAT/mapf-map/warehouse-10-20-10-2-2.map,/home/max/Documents/PhD/MAPF/LNS/MAPF_LNS_SAT/mapf-scen-even/scen-even/warehouse-10-20-10-2-2-even-2.scen,10,20,42,1,196,148.176000,0,0,0.000000,0.000000,0.000000,0.000000,0.000000
_home_max_Documents_PhD_MAPF_LNS_MAPF_LNS_SAT_mapf-map_warehouse-10-20-10-2-2_map-_home_max_Documents_PhD_MAPF_LNS_MAPF_LNS_SAT_mapf-scen-even_scen-even_warehouse-10-20-10-2-2-even-2_scen-agents10-idx21-seed42-1761041216241,/home/max/Documents/PhD/MAPF/LNS/MAPF_LNS_SAT/mapf-map/warehouse-10-20-10-2-2.map,/home/max/Documents/PhD/MAPF/LNS/MAPF_LNS_SAT/mapf-scen-even/scen-even/warehouse-10-20-10-2-2-even-2.scen,10,21,42,1,206,152.847000,34,18,0.000000,0.026000,0.084000,0.060000,0.010055
_home_max_Documents_PhD_MAPF_LNS_MAPF_LNS_SAT_mapf-map_warehouse-10-20-10-2-2_map-_home_max_Documents_PhD_MAPF_LNS_MAPF_LNS_SAT_mapf-scen-even_scen-even_warehouse-10-20-10-2-2-even-2_scen-agents10-idx22-seed42-1761041216444,/home/max/Documents/PhD/MAPF/LNS/MAPF_LNS_SAT/mapf-map/warehouse-10-20-10-2-2.map,/home/max/Documents/PhD/MAPF/LNS/MAPF_LNS_SAT/mapf-scen-even/scen-even/warehouse-10-20-10-2-2-even-2.scen,10,22,42,1,173,129.920000,0,0,0.000000,0.000000,0.000000,0.000000,0.000000
_home_max_Documents_PhD_MAPF_LNS_MAPF_LNS_SAT_mapf-map_warehouse-10-20-10-2-2_map-_home_max_Documents_PhD_MAPF_LNS_MAPF_LNS_SAT_mapf-scen-even_scen-even_warehouse-10-20-10-2-2-even-2_scen-agents10-idx23-seed42-1761041216591,/home/max/Documents/PhD/MAPF/LNS/MAPF_LNS_SAT/mapf-map/warehouse-10-20-10-2-2.map,/home/max/Documents/PhD/MAPF/LNS/MAPF_LNS_SAT/mapf-scen-even/scen-even/warehouse-10-20-10-2-2-even-2.scen,10,23,42,1,197,135.475000,0,0,0.000000,0.000000,0.000000,0.000000,0.000000
_home_max_Documents_PhD_MAPF_LNS_MAPF_LNS_SAT_mapf-map_warehouse-10-20-10-2-2_map-_home_max_Documents_PhD_MAPF_LNS_MAPF_LNS_SAT_mapf-scen-even_scen-even_warehouse-10-20-10-2-2-even-2_scen-agents10-idx24-seed42-1761041216741,/home/max/Documents/PhD/MAPF/LNS/MAPF_LNS_SAT/mapf-map/warehouse-10-20-10-2-2.map,/home/max/Documents/PhD/MAPF/LNS/MAPF_LNS_SAT/mapf-scen-even/scen-even/warehouse-10-20-10-2-2-even-2.scen,10,24,42,1,192,143.047000,344,128,0.000000,0.150000,0.323000,0.260000,0.027888
_home_max_Documents_PhD_MAPF_LNS_MAPF_LNS_SAT_mapf-map_warehouse-10-20-10-2-2_map-_home_max_Documents_PhD_MAPF_LNS_MAPF_LNS_SAT_mapf-scen-even_scen-even_warehouse-10-20-10-2-2-even-2_scen-agents10-idx25-seed42-1761041216892,/home/max/Documents/PhD/MAPF/LNS/MAPF_LNS_SAT/mapf-map/warehouse-10-20-10-2-2.map,/home/max/Documents/PhD/MAPF/LNS/MAPF_LNS_SAT/mapf-scen-even/scen-even/warehouse-10-20-10-2-2-even-2.scen,10,25,42,1,162,121.143000,28,15,0.000000,0.017000,0.069000,0.054000,0.009756
_home_max_Documents_PhD_MAPF_LNS_MAPF_LNS_SAT_mapf-map_warehouse-10-20-10-2-2_map-_home_max_Documents_PhD_MAPF_LNS_MAPF_LNS_SAT_mapf-scen-even_scen-even_warehouse-10-20-10-2-2-even-2_scen-agents10-idx26-seed42-1761041217046,/home/max/Documents/PhD/MAPF/LNS/MAPF_LNS_SAT/mapf-map/warehouse-10-20-10-2-2.map,/home/max/Documents/PhD/MAPF/LNS/MAPF_LNS_SAT/mapf-scen-even/scen-even/warehouse-10-20-10-2-2-even-2.scen,10,26,42,1,159,131.616000,0,0,0.000000,0.000000,0.000000,0.000000,0.000000
_home_max_Documents_PhD_MAPF_LNS_MAPF_LNS_SAT_mapf-map_warehouse-10-20-10-2-2_map-_home_max_Documents_PhD_MAPF_LNS_MAPF_LNS_SAT_mapf-scen-even_scen-even_warehouse-10-20-10-2-2-even-2_scen-agents10-idx27-seed42-1761041217193,/home/max/Documents/PhD/MAPF/LNS/MAPF_LNS_SAT/mapf-map/warehouse-10-20-10-2-2.map,/home/max/Documents/PhD/MAPF/LNS/MAPF_LNS_SAT/mapf-scen-even/scen-even/warehouse-10-20-10-2-2-even-2.scen,10,27,42,1,149,130.087000,22,9,0.000000,0.012000,0.076000,0.050000,0.009130
_home_max_Documents_PhD_MAPF_LNS_MAPF_LNS_SAT_mapf-map_warehouse-10-20-10-2-2_map-_home_max_Documents_PhD_MAPF_LNS_MAPF_LNS_SAT_mapf-scen-even_scen-even_warehouse-10-20-10-2-2-even-2_scen-agents10-idx28-seed42-1761041217343,/home/max/Documents/PhD/MAPF/LNS/MAPF_LNS_SAT/mapf-map/warehouse-10-20-10-2-2.map,/home/max/Documents/PhD/MAPF/LNS/MAPF_LNS_SAT/mapf-scen-even/scen-even/warehouse-10-20-10-2-2-even-2.scen,10,28,42,1,169,139.575000,267,109,0.000000,0.103000,0.363000,0.289000,0.026315
_home_max_Documents_PhD_MAPF_LNS_MAPF_LNS_SAT_mapf-map_warehouse-10-20-10-2-2_map-_home_max_Documents_PhD_MAPF_LNS_MAPF_LNS_SAT_mapf-scen-even_scen-even_warehouse-10-20-10-2-2-even-2_scen-agents10-idx29-seed42-1761041217494,/home/max/Documents/PhD/MAPF/LNS/MAPF_LNS_SAT/mapf-map/warehouse-10-20-10-2-2.map,/home/max/Documents/PhD/MAPF/LNS/MAPF_LNS_SAT/mapf-scen-even/scen-even/warehouse-10-20-10-2-2-even-2.scen,10,29,42,1,193,142.974000,0,0,0.000000,0.000000,0.000000,0.000000,0.000000
_home_max_Documents_PhD_MAPF_LNS_MAPF_LNS_SAT_mapf-map_warehouse-10-20-10-2-2_map-_home_max_Documents_PhD_MAPF_LNS_MAPF_LNS_SAT_mapf-scen-even_scen-even_warehouse-10-20-10-2-2-even-2_scen-agents10-idx30-seed42-1761041217645,/home/max/Documents/PhD/MAPF/LNS/MAPF_LNS_SAT/mapf-map/warehouse-10-20-10-2-2.map,/home/max/Documents/PhD/MAPF/LNS/MAPF_LNS_SAT/mapf-scen-even/scen-even/warehouse-10-20-10-2-2-even-2.scen,10,30,42,1,195,136.796000,0,0,0.000000,0.000000,0.000000,0.000000,0.000000
_home_max_Documents_PhD_MAPF_LNS_MAPF_LNS_SAT_mapf-map_warehouse-10-20-10-2-2_map-_home_max_Documents_PhD_MAPF_LNS_MAPF_LNS_SAT_mapf-scen-even_scen-even_warehouse-10-20-10-2-2-even-2_scen-agents10-idx31-seed42-1761041217795,/home/max/Documents/PhD/MAPF/LNS/MAPF_LNS_SAT/mapf-map/warehouse-10-20-10-2-2.map,/home/max/Documents/PhD/MAPF/LNS/MAPF_LNS_SAT/mapf-scen-even/scen-even/warehouse-10-20-10-2-2-even-2.scen,10,31,42,1,202,157.662000,167,73,0.000000,0.088000,0.193000,0.147000,0.014052
_home_max_Documents_PhD_MAPF_LNS_MAPF_LNS_SAT_mapf-map_warehouse-10-20-10-2-2_map-_home_max_Documents_PhD_MAPF_LNS_MAPF_LNS_SAT_mapf-scen-even_scen-even_warehouse-10-20-10-2-2-even-2_scen-agents10-idx32-seed42-1761041217998,/home/max/Documents/PhD/MAPF/LNS/MAPF_LNS_SAT/mapf-map/warehouse-10-20-10-2-2.map,/home/max/Documents/PhD/MAPF/LNS/MAPF_LNS_SAT/mapf-scen-even/scen-even/warehouse-10-20-10-2-2-even-2.scen,10,32,42,1,180,144.580000,180,80,0.000000,0.076000,0.159000,0.132000,0.016509
_home_max_Documents_PhD_MAPF_LNS_MAPF_LNS_SAT_mapf-map_warehouse-10-20-10-2-2_map-_home_max_Documents_PhD_MAPF_LNS_MAPF_LNS_SAT_mapf-scen-even_scen-even_warehouse-10-20-10-2-2-even-2_scen-agents10-idx33-seed42-1761041218200,/home/max/Documents/PhD/MAPF/LNS/MAPF_LNS_SAT/mapf-map/warehouse-10-20-10-2-2.map,/home/max/Documents/PhD/MAPF/LNS/MAPF_LNS_SAT/mapf-scen-even/scen-even/warehouse-10-20-10-2-2-even-2.scen,10,33,42,1,181,142.040000,146,64,0.000000,0.066000,0.221000,0.160000,0.021043
_home_max_Documents_PhD_MAPF_LNS_MAPF_LNS_SAT_mapf-map_warehouse-10-20-10-2-2_map-_home_max_Documents_PhD_MAPF_LNS_MAPF_LNS_SAT_mapf-scen-even_scen-even_warehouse-10-20-10-2-2-even-2_scen-agents10-idx34-seed42-1761041218346,/home/max/Documents/PhD/MAPF/LNS/MAPF_LNS_SAT/mapf-map/warehouse-10-20-10-2-2.map,/home/max/Documents/PhD/MAPF/LNS/MAPF_LNS_SAT/mapf-scen-even/scen-even/warehouse-10-20-10-2-2-even-2.scen,10,34,42,1,172,129.166000,0,0,0.000000,0.000000,0.000000,0.000000,0.000000
_home_max_Documents_PhD_MAPF_LNS_MAPF_LNS_SAT_mapf-map_warehouse-10-20-10-2-2_map-_home_max_Documents_PhD_MAPF_LNS_MAPF_LNS_SAT_mapf-scen-even_scen-even_warehouse-10-20-10-2-2-even-2_scen-agents10-idx35-seed42-1761041218498,/home/max/Documents/PhD/MAPF/LNS/MAPF_LNS_SAT/mapf-map/warehouse-10-20-10-2-2.map,/home/max/Documents/PhD/MAPF/LNS/MAPF_LNS_SAT/mapf-scen-even/scen-even/warehouse-10-20-10-2-2-even-2.scen,10,35,42,1,193,150.543000,38,19,0.000000,0.024000,0.090000,0.067000,0.010390
_home_max_Documents_PhD_MAPF_LNS_MAPF_LNS_SAT_mapf-map_warehouse-10-20-10-2-2_map-_home_max_Documents_PhD_MAPF_LNS_MAPF_LNS_SAT_mapf-scen-even_scen-even_warehouse-10-20-10-2-2-even-2_scen-agents10-idx36-seed42-1761041218703,/home/max/Documents/PhD/MAPF/LNS/MAPF_LNS_SAT/mapf-map/warehouse-10-20-10-2-2.map,/home/max/Documents/PhD/MAPF/LNS/MAPF_LNS_SAT/mapf-scen-even/scen-even/warehouse-10-20-10-2-2-even-2.scen,10,36,42,1,215,143.765000,0,0,0.000000,0.000000,0.000000,0.000000,0.000000
_home_max_Documents_PhD_MAPF_LNS_MAPF_LNS_SAT_mapf-map_warehouse-10-20-10-2-2_map-_home_max_Documents_PhD_MAPF_LNS_MAPF_LNS_SAT_mapf-scen-even_scen-even_warehouse-10-20-10-2-2-even-2_scen-agents10-idx37-seed42-1761041218903,/home/max/Documents/PhD/MAPF/LNS/MAPF_LNS_SAT/mapf-map/warehouse-10-20-10-2-2.map,/home/max/Documents/PhD/MAPF/LNS/MAPF_LNS_SAT/mapf-scen-even/scen-even/warehouse-10-20-10-2-2-even-2.scen,10,37,42,1,183,149.293000,12,7,0.000000,0.009000,0.047000,0.038000,0.007391
_home_max_Documents_PhD_MAPF_LNS_MAPF_LNS_SAT_mapf-map_warehouse-10-20-10-2-2_map-_home_max_Documents_PhD_MAPF_LNS_MAPF_LNS_SAT_mapf-scen-even_scen-even_warehouse-10-20-10-2-2-even-2_scen-agents10-idx38-seed42-1761041219103,/home/max/Documents/PhD/MAPF/LNS/MAPF_LNS_SAT/mapf-map/warehouse-10-20-10-2-2.map,/home/max/Documents/PhD/MAPF/LNS/MAPF_LNS_SAT/mapf-scen-even/scen-even/warehouse-10-20-10-2-2-even-2.scen,10,38,42,1,207,181.407000,0,0,0.000000,0.000000,0.000000,0.000000,0.000000
_home_max_Documents_PhD_MAPF_LNS_MAPF_LNS_SAT_mapf-map_warehouse-10-20-10-2-2_map-_home_max_Documents_PhD_MAPF_LNS_MAPF_LNS_SAT_mapf-scen-even_scen-even_warehouse-10-20-10-2-2-even-2_scen-agents10-idx39-seed42-1761041219301,/home/max/Documents/PhD/MAPF/LNS/MAPF_LNS_SAT/mapf-map/warehouse-10-20-10-2-2.map,/home/max/Documents/PhD/MAPF/LNS/MAPF_LNS_SAT/mapf-scen-even/scen-even/warehouse-10-20-10-2-2-even-2.scen,10,39,42,1,209,154.771000,304,126,0.000000,0.149000,0.348000,0.263000,0.028669
_home_max_Documents_PhD_MAPF_LNS_MAPF_LNS_SAT_mapf-map_warehouse-10-20-10-2-2_map-_home_max_Documents_PhD_MAPF_LNS_MAPF_LNS_SAT_mapf-scen-even_scen-even_warehouse-10-20-10-2-2-even-2_scen-agents10-idx40-seed42-1761041219506,/home/max/Documents/PhD/MAPF/LNS/MAPF_LNS_SAT/mapf-map/warehouse-10-20-10-2-2.map,/home/max/Documents/PhD/MAPF/LNS/MAPF_LNS_SAT/mapf-scen-even/scen-even/warehouse-10-20-10-2-2-even-2.scen,10,40,42,1,207,173.618000,149,65,0.000000,0.074000,0.235000,0.170000,0.022068
_home_max_Documents_PhD_MAPF_LNS_MAPF_LNS_SAT_mapf-map_warehouse-10-20-10-2-2_map-_home_max_Documents_PhD_MAPF_LNS_MAPF_LNS_SAT_mapf-scen-even_scen-even_warehouse-10-20-10-2-2-even-2_scen-agents10-idx41-seed42-1761041219708,/home/max/Documents/PhD/MAPF/LNS/MAPF_LNS_SAT/mapf-map/warehouse-10-20-10-2-2.map,/home/max/Documents/PhD/MAPF/LNS/MAPF_LNS_SAT/mapf-scen-even/scen-even/warehouse-10-20-10-2-2-even-2.scen,10,41,42,1,198,164.658000,254,104,0.000000,0.124000,0.299000,0.223000,0.019971
_home_max_Documents_PhD_MAPF_LNS_MAPF_LNS_SAT_mapf-map_warehouse-10-20-10-2-2_map-_home_max_Documents_PhD_MAPF_LNS_MAPF_LNS_SAT_mapf-scen-even_scen-even_warehouse-10-20-10-2-2-even-2_scen-agents10-idx42-seed42-1761041219906,/home/max/Documents/PhD/MAPF/LNS/MAPF_LNS_SAT/mapf-map/warehouse-10-20-10-2-2.map,/home/max/Documents/PhD/MAPF/LNS/MAPF_LNS_SAT/mapf-scen-even/scen-even/warehouse-10-20-10-2-2-even-2.scen,10,42,42,1,188,130.435000,0,0,0.000000,0.000000,0.000000,0.000000,0.000000
_home_max_Documents_PhD_MAPF_LNS_MAPF_LNS_SAT_mapf-map_warehouse-10-20-10-2-2_map-_home_max_Documents_PhD_MAPF_LNS_MAPF_LNS_SAT_mapf-scen-even_scen-even_warehouse-10-20-10-2-2-even-2_scen-agents10-idx43-seed42-1761041220056,/home/max/Documents/PhD/MAPF/LNS/MAPF_LNS_SAT/mapf-map/warehouse-10-20-10-2-2.map,/home/max/Documents/PhD/MAPF/LNS/MAPF_LNS_SAT/mapf-scen-even/scen-even/warehouse-10-20-10-2-2-even-2.scen,10,43,42,1,214,147.737000,104,53,0.000000,0.067000,0.134000,0.106000,0.015196
_home_max_Documents_PhD_MAPF_LNS_MAPF_LNS_SAT_mapf-map_warehouse-10-20-10-2-2_map-_home_max_Documents_PhD_MAPF_LNS_MAPF_LNS_SAT_mapf-scen-even_scen-even_warehouse-10-20-10-2-2-even-2_scen-agents10-idx44-seed42-1761041220260,/home/max/Documents/PhD/MAPF/LNS/MAPF_LNS_SAT/mapf-map/warehouse-10-20-10-2-2.map,/home/max/Documents/PhD/MAPF/LNS/MAPF_LNS_SAT/mapf-scen-even/scen-even/warehouse-10-20-10-2-2-even-2.scen,10,44,42,1,198,143.277000,0,0,0.000000,0.000000,0.000000,0.000000,0.000000
_home_max_Documents_PhD_MAPF_LNS_MAPF_LNS_SAT_mapf-map_warehouse-10-20-10-2-2_map-_home_max_Documents_PhD_MAPF_LNS_MAPF_LNS_SAT_mapf-scen-even_scen-even_warehouse-10-20-10-2-2-even-2_scen-agents10-idx45-seed42-1761041220460,/home/max/Documents/PhD/MAPF/LNS/MAPF_LNS_SAT/mapf-map/warehouse-10-20-10-2-2.map,/home/max/Documents/PhD/MAPF/LNS/MAPF_LNS_SAT/mapf-scen-even/scen-even/warehouse-10-20-10-2-2-even-2.scen,10,45,42,1,198,146.788000,0,0,0.000000,0.000000,0.000000,0.000000,0.000000
_home_max_Documents_PhD_MAPF_LNS_MAPF_LNS_SAT_mapf-map_warehouse-10-20-10-2-2_map-_home_max_Documents_PhD_MAPF_LNS_MAPF_LNS_SAT_mapf-scen-even_scen-even_warehouse-10-20-10-2-2-even-2_scen-agents10-idx46-seed42-1761041220661,/home/max/Documents/PhD/MAPF/LNS/MAPF_LNS_SAT/mapf-map/warehouse-10-20-10-2-2.map,/home/max/Documents/PhD/MAPF/LNS/MAPF_LNS_SAT/mapf-scen-even/scen-even/warehouse-10-20-10-2-2-even-2.scen,10,46,42,1,211,150.036000,0,0,0.000000,0.000000,0.000000,0.000000,0.000000
_home_max_Documents_PhD_MAPF_LNS_MAPF_LNS_SAT_mapf-map_warehouse-10-20-10-2-2_map-_home_max_Documents_PhD_MAPF_LNS_MAPF_LNS_SAT_mapf-scen-even_scen-even_warehouse-10-20-10-2-2-even-3_scen-agents10-idx0-seed42-1761041220864,/home/max/Documents/PhD/MAPF/LNS/MAPF_LNS_SAT/mapf-map/warehouse-10-20-10-2-2.map,/home/max/Documents/PhD/MAPF/LNS/MAPF_LNS_SAT/mapf-scen-even/scen-even/warehouse-10-20-10-2-2-even-3.scen,10,0,42,1,208,165.562000,293,122,0.000000,0.112000,0.282000,0.225000,0.019712
_home_max_Documents_PhD_MAPF_LNS_MAPF_LNS_SAT_mapf-map_warehouse-10-20-10-2-2_map-_home_max_Documents_PhD_MAPF_LNS_MAPF_LNS_SAT_mapf-scen-even_scen-even_warehouse-10-20-10-2-2-even-3_scen-agents10-idx1-seed42-1761041221065,/home/max/Documents/PhD/MAPF/LNS/MAPF_LNS_SAT/mapf-map/warehouse-10-20-10-2-2.map,/home/max/Documents/PhD/MAPF/LNS/MAPF_LNS_SAT/mapf-scen-even/scen-even/warehouse-10-20-10-2-2-even-3.scen,10,1,42,1,122,128.271000,170,75,0.000000,0.067000,0.182000,0.147000,0.014327
_home_max_Documents_PhD_MAPF_LNS_MAPF_LNS_SAT_mapf-map_warehouse-10-20-10-2-2_map-_home_max_Documents_PhD_MAPF_LNS_MAPF_LNS_SAT_mapf-scen-even_scen-even_warehouse-10-20-10-2-2-even-3_scen-agents10-idx2-seed42-1761041221212,/home/max/Documents/PhD/MAPF/LNS/MAPF_LNS_SAT/mapf-map/warehouse-10-20-10-2-2.map,/home/max/Documents/PhD/MAPF/LNS/MAPF_LNS_SAT/mapf-scen-even/scen-even/warehouse-10-20-10-2-2-even-3.scen,10,2,42,1,214,149.582000,0,0,0.000000,0.000000,0.000000,0.000000,0.000000
_home_max_Documents_PhD_MAPF_LNS_MAPF_LNS_SAT_mapf-map_warehouse-10-20-10-2-2_map-_home_max_Documents_PhD_MAPF_LNS_MAPF_LNS_SAT_mapf-scen-even_scen-even_warehouse-10-20-10-2-2-even-3_scen-agents10-idx3-seed42-1761041221415,/home/max/Documents/PhD/MAPF/LNS/MAPF_LNS_SAT/mapf-map/warehouse-10-20-10-2-2.map,/home/max/Documents/PhD/MAPF/LNS/MAPF_LNS_SAT/mapf-scen-even/scen-even/warehouse-10-20-10-2-2-even-3.scen,10,3,42,1,195,140.720000,167,73,0.000000,0.079000,0.200000,0.149000,0.014138
_home_max_Documents_PhD_MAPF_LNS_MAPF_LNS_SAT_mapf-map_warehouse-10-20-10-2-2_map-_home_max_Documents_PhD_MAPF_LNS_MAPF_LNS_SAT_mapf-scen-even_scen-even_warehouse-10-20-10-2-2-even-1_scen-agents20-idx0-seed42-1761041221566,/home/max/Documents/PhD/MAPF/LNS/MAPF_LNS_SAT/mapf-map/warehouse-10-20-10-2-2.map,/home/max/Documents/PhD/MAPF/LNS/MAPF_LNS_SAT/mapf-scen-even/scen-even/warehouse-10-20-10-2-2-even-1.scen,20,0,42,1,225,318.701000,234,103,0.000000,0.127000,0.333000,0.233000,0.025768
_home_max_Documents_PhD_MAPF_LNS_MAPF_LNS_SAT_mapf-map_warehouse-10-20-10-2-2_map-_home_max_Documents_PhD_MAPF_LNS_MAPF_LNS_SAT_mapf-scen-even_scen-even_warehouse-10-20-10-2-2-even-1_scen-agents20-idx1-seed42-1761041221920,/home/max/Documents/PhD/MAPF/LNS/MAPF_LNS_SAT/mapf-map/warehouse-10-20-10-2-2.map,/home/max/Documents/PhD/MAPF/LNS/MAPF_LNS_SAT/mapf-scen-even/scen-even/warehouse-10-20-10-2-2-even-1.scen,20,1,42,1,218,298.598000,41,18,0.000000,0.025000,0.113000,0.079000,0.010957
_home_max_Documents_PhD_MAPF_LNS_MAPF_LNS_SAT_mapf-map_warehouse-10-20-10-2-2_map-_home_max_Documents_PhD_MAPF_LNS_MAPF_LNS_SAT_mapf-scen-even_scen-even_warehouse-10-20-10-2-2-even-1_scen-agents20-idx2-seed42-1761041222273,/home/max/Documents/PhD/MAPF/LNS/MAPF_LNS_SAT/mapf-map/warehouse-10-20-10-2-2.map,/home/max/Documents/PhD/MAPF/LNS/MAPF_LNS_SAT/mapf-scen-even/scen-even/warehouse-10-20-10-2-2-even-1.scen,20,2,42,1,195,300.784000,115,47,0.000000,0.060000,0.197000,0.137000,0.020436
_home_max_Documents_PhD_MAPF_LNS_MAPF_LNS_SAT_mapf-map_warehouse-10-20-10-2-2_map-_home_max_Documents_PhD_MAPF_LNS_MAPF_LNS_SAT_mapf-scen-even_scen-even_warehouse-10-20-10-2-2-even-1_scen-agents20-idx3-seed42-1761041222620,/home/max/Documents/PhD/MAPF/LNS/MAPF_LNS_SAT/mapf-map/warehouse-10-20-10-2-2.map,/home/max/Documents/PhD/MAPF/LNS/MAPF_LNS_SAT/mapf-scen-even/scen-even/warehouse-10-20-10-2-2-even-1.scen,20,3,42,1,221,292.592000,127,49,0.000000,0.064000,0.202000,0.142000,0.019292
_home_max_Documents_PhD_MAPF_LNS_MAPF_LNS_SAT_mapf-map_warehouse-10-20-10-2-2_map-_home_max_Documents_PhD_MAPF_LNS_MAPF_LNS_SAT_mapf-scen-even_scen-even_warehouse-10-20-10-2-2-even-1_scen-agents20-idx4-seed42-1761041222974,/home/max/Documents/PhD/MAPF/LNS/MAPF_LNS_SAT/mapf-map/warehouse-10-20-10-2-2.map,/home/max/Documents/PhD/MAPF/LNS/MAPF_LNS_SAT/mapf-scen-even/scen-even/warehouse-10-20-10-2-2-even-1.scen,20,4,42,1,220,292.556000,0,0,0.000000,0.000000,0.000000,0.000000,0.000000
_home_max_Documents_PhD_MAPF_LNS_MAPF_LNS_SAT_mapf-map_warehouse-10-20-10-2-2_map-_home_max_Documents_PhD_MAPF_LNS_MAPF_LNS_SAT_mapf-scen-even_scen-even_warehouse-10-20-10-2-2-even-1_scen-agents20-idx5-seed42-1761041223325,/home/max/Documents/PhD/MAPF/LNS/MAPF_LNS_SAT/mapf-map/warehouse-10-20-10-2-2.map,/home/max/Documents/PhD/MAPF/LNS/MAPF_LNS_SAT/mapf-scen-even/scen-even/warehouse-10-20-10-2-2-even-1.scen,20,5,42,1,200,287.519000,22,9,0.000000,0.015000,0.081000,0.056000,0.009770
_home_max_Documents_PhD_MAPF_LNS_MAPF_LNS_SAT_mapf-map_warehouse-10-20-10-2-2_map-_home_max_Documents_PhD_MAPF_LNS_MAPF_LNS_SAT_mapf-scen-even_scen-even_warehouse-10-20-10-2-2-even-1_scen-agents20-idx6-seed42-1761041223623,/home/max/Documents/PhD/MAPF/LNS/MAPF_LNS_SAT/mapf-map/warehouse-10-20-10-2-2.map,/home/max/Documents/PhD/MAPF/LNS/MAPF_LNS_SAT/mapf-scen-even/scen-even/warehouse-10-20-10-2-2-even-1.scen,20,6,42,1,225,305.036000,90,37,0.000000,0.043000,0.209000,0.137000,0.016085
_home_max_Documents_PhD_MAPF_LNS_MAPF_LNS_SAT_mapf-map_warehouse-10-20-10-2-2_map-_home_max_Documents_PhD_MAPF_LNS_MAPF_LNS_SAT_mapf-scen-even_scen-even_warehouse-10-20-10-2-2-even-1_scen-agents20-idx7-seed42-1761041223977,/home/max/Documents/PhD/MAPF/LNS/MAPF_LNS_SAT/mapf-map/warehouse-10-20-10-2-2.map,/home/max/Documents/PhD/MAPF/LNS/MAPF_LNS_SAT/mapf-scen-even/scen-even/warehouse-10-20-10-2-2-even-1.scen,20,7,42,1,222,316.803000,588,244,0.000000,0.304000,0.585000,0.459000,0.046617
_home_max_Documents_PhD_MAPF_LNS_MAPF_LNS_SAT_mapf-map_warehouse-10-20-10-2-2_map-_home_max_Documents_PhD_MAPF_LNS_MAPF_LNS_SAT_mapf-scen-even_scen-even_warehouse-10-20-10-2-2-even-1_scen-agents20-idx8-seed42-1761041224327,/home/max/Documents/PhD/MAPF/LNS/MAPF_LNS_SAT/mapf-map/warehouse-10-20-10-2-2.map,/home/max/Documents/PhD/MAPF/LNS/MAPF_LNS_SAT/mapf-scen-even/scen-even/warehouse-10-20-10-2-2-even-1.scen,20,8,42,1,216,291.062000,2111,800,0.000000,1.665000,1.200000,0.941000,0.060998
_home_max_Documents_PhD_MAPF_LNS_MAPF_LNS_SAT_mapf-map_warehouse-10-20-10-2-2_map-_home_max_Documents_PhD_MAPF_LNS_MAPF_LNS_SAT_mapf-scen-even_scen-even_warehouse-10-20-10-2-2-even-1_scen-agents20-idx9-seed42-1761041224679,/home/max/Documents/PhD/MAPF/LNS/MAPF_LNS_SAT/mapf-map/warehouse-10-20-10-2-2.map,/home/max/Documents/PhD/MAPF/LNS/MAPF_LNS_SAT/mapf-scen-even/scen-even/warehouse-10-20-10-2-2-even-1.scen,20,9,42,1,211,311.704000,768,308,0.000000,0.306000,0.791000,0.605000,0.056358
_home_max_Documents_PhD_MAPF_LNS_MAPF_LNS_SAT_mapf-map_warehouse-10-20-10-2-2_map-_home_max_Documents_PhD_MAPF_LNS_MAPF_LNS_SAT_mapf-scen-even_scen-even_warehouse-10-20-10-2-2-even-1_scen-agents20-idx10-seed42-1761041225031,/home/max/Documents/PhD/MAPF/LNS/MAPF_LNS_SAT/mapf-map/warehouse-10-20-10-2-2.map,/home/max/Documents/PhD/MAPF/LNS/MAPF_LNS_SAT/mapf-scen-even/scen-even/warehouse-10-20-10-2-2-even-1.scen,20,10,42,1,199,287.853000,201,83,0.000000,0.086000,0.333000,0.231000,0.024221
_home_max_Documents_PhD_MAPF_LNS_MAPF_LNS_SAT_mapf-map_warehouse-10-20-10-2-2_map-_home_max_Documents_PhD_MAPF_LNS_MAPF_LNS_SAT_mapf-scen-even_scen-even_warehouse-10-20-10-2-2-even-1_scen-agents20-idx11-seed42-1761041225384,/home/max/Documents/PhD/MAPF/LNS/MAPF_LNS_SAT/mapf-map/warehouse-10-20-10-2-2.map,/home/max/Documents/PhD/MAPF/LNS/MAPF_LNS_SAT/mapf-scen-even/scen-even/warehouse-10-20-10-2-2-even-1.scen,20,11,42,1,186,270.803000,24,10,0.000000,0.015000,0.060000,0.052000,0.010662
_home_max_Documents_PhD_MAPF_LNS_MAPF_LNS_SAT_mapf-map_warehouse-10-20-10-2-2_map-_home_max_Documents_PhD_MAPF_LNS_MAPF_LNS_SAT_mapf-scen-even_scen-even_warehouse-10-20-10-2-2-even-1_scen-agents20-idx12-seed42-1761041225681,/home/max/Documents/PhD/MAPF/LNS/MAPF_LNS_SAT/mapf-map/warehouse-10-20-10-2-2.map,/home/max/Documents/PhD/MAPF/LNS/MAPF_LNS_SAT/mapf-scen-even/scen-even/warehouse-10-20-10-2-2-even-1.scen,20,12,42,1,217,298.424000,28,15,0.000000,0.013000,0.077000,0.056000,0.009735
_home_max_Documents_PhD_MAPF_LNS_MAPF_LNS_SAT_mapf-map_warehouse-10-20-10-2-2_map-_home_max_Documents_PhD_MAPF_LNS_MAPF_LNS_SAT_mapf-scen-even_scen-even_warehouse-10-20-10-2-2-even-1_scen-agents20-idx13-seed42-1761041226035,/home/max/Documents/PhD/MAPF/LNS/MAPF_LNS_SAT/mapf-map/warehouse-10-20-10-2-2.map,/home/max/Documents/PhD/MAPF/LNS/MAPF_LNS_SAT/mapf-scen-even/scen-even/warehouse-10-20-10-2-2-even-1.scen,20,13,42,1,227,293.402000,422,174,0.000000,0.206000,0.491000,0.361000,0.040315
_home_max_Documents_PhD_MAPF_LNS_MAPF_LNS_SAT_mapf-map_warehouse-10-20-10-2-2_map-_home_max_Documents_PhD_MAPF_LNS_MAPF_LNS_SAT_mapf-scen-even_scen-even_warehouse-10-20-10-2-2-even-1_scen-agents20-idx14-seed42-1761041226389,/home/max/Documents/PhD/MAPF/LNS/MAPF_LNS_SAT/mapf-map/warehouse-10-20-10-2-2.map,/home/max/Documents/PhD/MAPF/LNS/MAPF_LNS_SAT/mapf-scen-even/scen-even/warehouse-10-20-10-2-2-even-1.scen,20,14,42,1,222,321.065000,450,196,0.000000,0.233000,0.532000,0.399000,0.043287
_home_max_Documents_PhD_MAPF_LNS_MAPF_LNS_SAT_mapf-map_warehouse-10-20-10-2-2_map-_home_max_Documents_PhD_MAPF_LNS_MAPF_LNS_SAT_mapf-scen-even_scen-even_warehouse-10-20-10-2-2-even-1_scen-agents20-idx15-seed42-1761041226734,/home/max/Documents/PhD/MAPF/LNS/MAPF_LNS_SAT/mapf-map/warehouse-10-20-10-2-2.map,/home/max/Documents/PhD/MAPF/LNS/MAPF_LNS_SAT/mapf-scen-even/scen-even/warehouse-10-20-10-2-2-even-1.scen,20,15,42,1,221,300.110000,526,211,0.000000,0.269000,0.533000,0.407000,0.036937
_home_max_Documents_PhD_MAPF_LNS_MAPF_LNS_SAT_mapf-map_warehouse-10-20-10-2-2_map-_home_max_Documents_PhD_MAPF_LNS_MAPF_LNS_SAT_mapf-scen-even_scen-even_warehouse-10-20-10-2-2-even-1_scen-agents20-idx16-seed42-1761041227088,/home/max/Documents/PhD/MAPF/LNS/MAPF_LNS_SAT/mapf-map/warehouse-10-20-10-2-2.map,/home/max/Documents/PhD/MAPF/LNS/MAPF_LNS_SAT/mapf-scen-even/scen-even/warehouse-10-20-10-2-2-even-1.scen,20,16,42,1,214,296.945000,139,57,0.000000,0.086000,0.220000,0.157000,0.021279
_home_max_Documents_PhD_MAPF_LNS_MAPF_LNS_SAT_mapf-map_warehouse-10-20-10-2-2_map-_home_max_Documents_PhD_MAPF_LNS_MAPF_LNS_SAT_mapf-scen-even_scen-even_warehouse-10-20-10-2-2-even-1_scen-agents20-idx17-seed42-1761041227442,/home/max/Documents/PhD/MAPF/LNS/MAPF_LNS_SAT/mapf-map/warehouse-10-20-10-2-2.map,/home/max/Documents/PhD/MAPF/LNS/MAPF_LNS_SAT/mapf-scen-even/scen-even/warehouse-10-20-10-2-2-even-1.scen,20,17,42,1,221,307.169000,78,39,0.000000,0.054000,0.166000,0.113000,0.014117
_home_max_Documents_PhD_MAPF_LNS_MAPF_LNS_SAT_mapf-map_warehouse-10-20-10-2-2_map-_home_max_Documents_PhD_MAPF_LNS_MAPF_LNS_SAT_mapf-scen-even_scen-even_warehouse-10-20-10-2-2-even-1_scen-agents20-idx18-seed42-1761041227793,/home/max/Documents/PhD/MAPF/LNS/MAPF_LNS_SAT/mapf-map/warehouse-10-20-10-2-2.map,/home/max/Documents/PhD/MAPF/LNS/MAPF_LNS_SAT/mapf-scen-even/scen-even/warehouse-10-20-10-2-2-even-1.scen,20,18,42,1,206,273.068000,143,62,0.000000,0.066000,0.234000,0.160000,0.021390
_home_max_Documents_PhD_MAPF_LNS_MAPF_LNS_SAT_mapf-map_warehouse-10-20-10-2-2_map-_home_max_Documents_PhD_MAPF_LNS_MAPF_LNS_SAT_mapf-scen-even_scen-even_warehouse-10-20-10-2-2-even-1_scen-agents20-idx19-seed42-1761041228091,/home/max/Documents/PhD/MAPF/LNS/MAPF_LNS_SAT/mapf-map/warehouse-10-20-10-2-2.map,/home/max/Documents/PhD/MAPF/LNS/MAPF_LNS_SAT/mapf-scen-even/scen-even/warehouse-10-20-10-2-2-even-1.scen,20,19,42,1,218,307.869000,423,179,0.000000,0.202000,0.472000,0.351000,0.039334
_home_max_Documents_PhD_MAPF_LNS_MAPF_LNS_SAT_mapf-map_warehouse-10-20-10-2-2_map-_home_max_Documents_PhD_MAPF_LNS_MAPF_LNS_SAT_mapf-scen-even_scen-even_warehouse-10-20-10-2-2-even-1_scen-agents20-idx20-seed42-1761041228446,/home/max/Documents/PhD/MAPF/LNS/MAPF_LNS_SAT/mapf-map/warehouse-10-20-10-2-2.map,/home/max/Documents/PhD/MAPF/LNS/MAPF_LNS_SAT/mapf-scen-even/scen-even/warehouse-10-20-10-2-2-even-1.scen,20,20,42,1,210,291.344000,115,47,0.000000,0.056000,0.198000,0.138000,0.018701
_home_max_Documents_PhD_MAPF_LNS_MAPF_LNS_SAT_mapf-map_warehouse-10-20-10-2-2_map-_home_max_Documents_PhD_MAPF_LNS_MAPF_LNS_SAT_mapf-scen-even_scen-even_warehouse-10-20-10-2-2-even-1_scen-agents20-idx21-seed42-1761041228795,/home/max/Documents/PhD/MAPF/LNS/MAPF_LNS_SAT/mapf-map/warehouse-10-20-10-2-2.map,/home/max/Documents/PhD/MAPF/LNS/MAPF_LNS_SAT/mapf-scen-even/scen-even/warehouse-10-20-10-2-2-even-1.scen,20,21,42,1,222,287.181000,494,198,0.000000,0.199000,0.483000,0.378000,0.034864
_home_max_Documents_PhD_MAPF_LNS_MAPF_LNS_SAT_mapf-map_warehouse-10-20-10-2-2_map-_home_max_Documents_PhD_MAPF_LNS_MAPF_LNS_SAT_mapf-scen-even_scen-even_warehouse-10-20-10-2-2-even-1_scen-agents20-idx22-seed42-1761041229094,/home/max/Documents/PhD/MAPF/LNS/MAPF_LNS_SAT/mapf-map/warehouse-10-20-10-2-2.map,/home/max/Documents/PhD/MAPF/LNS/MAPF_LNS_SAT/mapf-scen-even/scen-even/warehouse-10-20-10-2-2-even-1.scen,20,22,42,1,207,283.825000,265,114,0.000000,0.109000,0.317000,0.238000,0.025726
_home_max_Documents_PhD_MAPF_LNS_MAPF_LNS_SAT_mapf-map_warehouse-10-20-10-2-2_map-_home_max_Documents_PhD_MAPF_LNS_MAPF_LNS_SAT_mapf-scen-even_scen-even_warehouse-10-20-10-2-2-even-1_scen-agents20-idx23-seed42-1761041229395,/home/max/Documents/PhD/MAPF/LNS/MAPF_LNS_SAT/mapf-map/warehouse-10-20-10-2-2.map,/home/max/Documents/PhD/MAPF/LNS/MAPF_LNS_SAT/mapf-scen-even/scen-even/warehouse-10-20-10-2-2-even-1.scen,20,23,42,1,169,256.820000,227,96,0.000000,0.092000,0.250000,0.192000,0.020596
_home_max_Documents_PhD_MAPF_LNS_MAPF_LNS_SAT_mapf-map_warehouse-10-20-10-2-2_map-_home_max_Documents_PhD_MAPF_LNS_MAPF_LNS_SAT_mapf-scen-even_scen-even_warehouse-10-20-10-2-2-even-2_scen-agents20-idx0-seed42-1761041229700,/home/max/Documents/PhD/MAPF/LNS/MAPF_LNS_SAT/mapf-map/warehouse-10-20-10-2-2.map,/home/max/Documents/PhD/MAPF/LNS/MAPF_LNS_SAT/mapf-scen-even/scen-even/warehouse-10-20-10-2-2-even-2.scen,20,0,42,1,191,297.179000,349,148,0.000000,0.181000,0.468000,0.330000,0.032867
_home_max_Documents_PhD_MAPF_LNS_MAPF_LNS_SAT_mapf-map_warehouse-10-20-10-2-2_map-_home_max_Documents_PhD_MAPF_LNS_MAPF_LNS_SAT_mapf-scen-even_scen-even_warehouse-10-20-10-2-2-even-2_scen-agents20-idx1-seed42-1761041230052,/home/max/Documents/PhD/MAPF/LNS/MAPF_LNS_SAT/mapf-map/warehouse-10-20-10-2-2.map,/home/max/Documents/PhD/MAPF/LNS/MAPF_LNS_SAT/mapf-scen-even/scen-even/warehouse-10-20-10-2-2-even-2.scen,20,1,42,1,206,314.154000,716,283,0.000000,0.317000,0.681000,0.533000,0.051653
_home_max_Documents_PhD_MAPF_LNS_MAPF_LNS_SAT_mapf-map_warehouse-10-20-10-2-2_map-_home_max_Documents_PhD_MAPF_LNS_MAPF_LNS_SAT_mapf-scen-even_scen-even_warehouse-10-20-10-2-2-even-2_scen-agents20-idx2-seed42-1761041230401,/home/max/Documents/PhD/MAPF/LNS/MAPF_LNS_SAT/mapf-map/warehouse-10-20-10-2-2.map,/home/max/Documents/PhD/MAPF/LNS/MAPF_LNS_SAT/mapf-scen-even/scen-even/warehouse-10-20-10-2-2-even-2.scen,20,2,42,1,215,286.560000,578,237,0.000000,0.304000,0.524000,0.418000,0.033001
_home_max_Documents_PhD_MAPF_LNS_MAPF_LNS_SAT_mapf-map_warehouse-10-20-10-2-2_map-_home_max_Documents_PhD_MAPF_LNS_MAPF_LNS_SAT_mapf-scen-even_scen-even_warehouse-10-20-10-2-2-even-2_scen-agents20-idx3-seed42-1761041230701,/home/max/Documents/PhD/MAPF/LNS/MAPF_LNS_SAT/mapf-map/warehouse-10-20-10-2-2.map,/home/max/Documents/PhD/MAPF/LNS/MAPF_LNS_SAT/mapf-scen-even/scen-even/warehouse-10-20-10-2-2-even-2.scen,20,3,42,1,199,286.385000,177,77,0.000000,0.095000,0.245000,0.183000,0.022082
_home_max_Documents_PhD_MAPF_LNS_MAPF_LNS_SAT_mapf-map_warehouse-10-20-10-2-2_map-_home_max_Documents_PhD_MAPF_LNS_MAPF_LNS_SAT_mapf-scen-even_scen-even_warehouse-10-20-10-2-2-even-2_scen-agents20-idx4-seed42-1761041231001,/home/max/Documents/PhD/MAPF/LNS/MAPF_LNS_SAT/mapf-map/warehouse-10-20-10-2-2.map,/home/max/Documents/PhD/MAPF/LNS/MAPF_LNS_SAT/mapf-scen-even/scen-even/warehouse-10-20-10-2-2-even-2.scen,20,4,42,1,203,295.099000,74,34,0.000000,0.039000,0.157000,0.108000,0.013337
_home_max_Documents_PhD_MAPF_LNS_MAPF_LNS_SAT_mapf-map_warehouse-10-20-10-2-2_map-_home_max_Documents_PhD_MAPF_LNS_MAPF_LNS_SAT_mapf-scen-even_scen-even_warehouse-10-20-10-2-2-even-2_scen-agents20-idx5-seed42-1761041231358,/home/max/Documents/PhD/MAPF/LNS/MAPF_LNS_SAT/mapf-map/warehouse-10-20-10-2-2.map,/home/max/Documents/PhD/MAPF/LNS/MAPF_LNS_SAT/mapf-scen-even/scen-even/warehouse-10-20-10-2-2-even-2.scen,20,5,42,1,205,294.179000,58,26,0.000000,0.031000,0.150000,0.099000,0.012851
_home_max_Documents_PhD_MAPF_LNS_MAPF_LNS_SAT_mapf-map_warehouse-10-20-10-2-2_map-_home_max_Documents_PhD_MAPF_LNS_MAPF_LNS_SAT_mapf-scen-even_scen-even_warehouse-10-20-10-2-2-even-2_scen-agents20-idx6-seed42-1761041231709,/home/max/Documents/PhD/MAPF/LNS/MAPF_LNS_SAT/mapf-map/warehouse-10-20-10-2-2.map,/home/max/Documents/PhD/MAPF/LNS/MAPF_LNS_SAT/mapf-scen-even/scen-even/warehouse-10-20-10-2-2-even-2.scen,20,6,42,1,182,272.564000,22,9,0.000000,0.013000,0.081000,0.058000,0.009474
_home_max_Documents_PhD_MAPF_LNS_MAPF_LNS_SAT_mapf-map_warehouse-10-20-10-2-2_map-_home_max_Documents_PhD_MAPF_LNS_MAPF_LNS_SAT_mapf-scen-even_scen-even_warehouse-10-20-10-2-2-even-2_scen-agents20-idx7-seed42-1761041232007,/home/max/Documents/PhD/MAPF/LNS/MAPF_LNS_SAT/mapf-map/warehouse-10-20-10-2-2.map,/home/max/Documents/PhD/MAPF/LNS/MAPF_LNS_SAT/mapf-scen-even/scen-even/warehouse-10-20-10-2-2-even-2.scen,20,7,42,1,216,285.489000,195,88,0.000000,0.116000,0.243000,0.180000,0.017885
_home_max_Documents_PhD_MAPF_LNS_MAPF_LNS_SAT_mapf-map_warehouse-10-20-10-2-2_map-_home_max_Documents_PhD_MAPF_LNS_MAPF_LNS_SAT_mapf-scen-even_scen-even_warehouse-10-20-10-2-2-even-2_scen-agents20-idx8-seed42-1761041232307,/home/max/Documents/PhD/MAPF/LNS/MAPF_LNS_SAT/mapf-map/warehouse-10-20-10-2-2.map,/home/max/Documents/PhD/MAPF/LNS/MAPF_LNS_SAT/mapf-scen-even/scen-even/warehouse-10-20-10-2-2-even-2.scen,20,8,42,1,205,285.283000,139,57,0.000000,0.065000,0.224000,0.158000,0.020316
_home_max_Documents_PhD_MAPF_LNS_MAPF_LNS_SAT_mapf-map_warehouse-10-20-10-2-2_map-_home_max_Documents_PhD_MAPF_LNS_MAPF_LNS_SAT_mapf-scen-even_scen-even_warehouse-10-20-10-2-2-even-2_scen-agents20-idx9-seed42-1761041232608,/home/max/Documents/PhD/MAPF/LNS/MAPF_LNS_SAT/mapf-map/warehouse-10-20-10-2-2.map,/home/max/Documents/PhD/MAPF/LNS/MAPF_LNS_SAT/mapf-scen-even/scen-even/warehouse-10-20-10-2-2-even-2.scen,20,9,42,1,209,293.230000,50,24,0.000000,0.026000,0.126000,0.087000,0.012857
_home_max_Documents_PhD_MAPF_LNS_MAPF_LNS_SAT_mapf-map_warehouse-10-20-10-2-2_map-_home_max_Documents_PhD_MAPF_LNS_MAPF_LNS_SAT_mapf-scen-even_scen-even_warehouse-10-20-10-2-2-even-2_scen-agents20-idx10-seed42-1761041232961,/home/max/Documents/PhD/MAPF/LNS/MAPF_LNS_SAT/mapf-map/warehouse-10-20-10-2-2.map,/home/max/Documents/PhD/MAPF/LNS/MAPF_LNS_SAT/mapf-scen-even/scen-even/warehouse-10-20-10-2-2-even-2.scen,20,10,42,1,206,297.520000,0,0,0.000000,0.000000,0.000000,0.000000,0.000000
_home_max_Documents_PhD_MAPF_LNS_MAPF_LNS_SAT_mapf-map_warehouse-10-20-10-2-2_map-_home_max_Documents_PhD_MAPF_LNS_MAPF_LNS_SAT_mapf-scen-even_scen-even_warehouse-10-20-10-2-2-even-2_scen-agents20-idx11-seed42-1761041233310,/home/max/Documents/PhD/MAPF/LNS/MAPF_LNS_SAT/mapf-map/warehouse-10-20-10-2-2.map,/home/max/Documents/PhD/MAPF/LNS/MAPF_LNS_SAT/mapf-scen-even/scen-even/warehouse-10-20-10-2-2-even-2.scen,20,11,42,1,197,258.921000,0,0,0.000000,0.000000,0.000000,0.000000,0.000000
_home_max_Documents_PhD_MAPF_LNS_MAPF_LNS_SAT_mapf-map_warehouse-10-20-10-2-2_map-_home_max_Documents_PhD_MAPF_LNS_MAPF_LNS_SAT_mapf-scen-even_scen-even_warehouse-10-20-10-2-2-even-2_scen-agents20-idx12-seed42-1761041233618,/home/max/Documents/PhD/MAPF/LNS/MAPF_LNS_SAT/mapf-map/warehouse-10-20-10-2-2.map,/home/max/Documents/PhD/MAPF/LNS/MAPF_LNS_SAT/mapf-scen-even/scen-even/warehouse-10-20-10-2-2-even-2.scen,20,12,42,1,192,282.492000,422,163,0.000000,0.183000,0.432000,0.334000,0.031882
_home_max_Documents_PhD_MAPF_LNS_MAPF_LNS_SAT_mapf-map_warehouse-10-20-10-2-2_map-_home_max_Documents_PhD_MAPF_LNS_MAPF_LNS_SAT_mapf-scen-even_scen-even_warehouse-10-20-10-2-2-even-2_scen-agents20-idx13-seed42-1761041233914,/home/max/Documents/PhD/MAPF/LNS/MAPF_LNS_SAT/mapf-map/warehouse-10-20-10-2-2.map,/home/max/Documents/PhD/MAPF/LNS/MAPF_LNS_SAT/mapf-scen-even/scen-even/warehouse-10-20-10-2-2-even-2.scen,20,13,42,1,159,268.571000,46,19,0.000000,0.023000,0.112000,0.078000,0.011560
_home_max_Documents_PhD_MAPF_LNS_MAPF_LNS_SAT_mapf-map_warehouse-10-20-10-2-2_map-_home_max_Documents_PhD_MAPF_LNS_MAPF_LNS_SAT_mapf-scen-even_scen-even_warehouse-10-20-10-2-2-even-2_scen-agents20-idx14-seed42-1761041234217,/home/max/Documents/PhD/MAPF/LNS/MAPF_LNS_SAT/mapf-map/warehouse-10-20-10-2-2.map,/home/max/Documents/PhD/MAPF/LNS/MAPF_LNS_SAT/mapf-scen-even/scen-even/warehouse-10-20-10-2-2-even-2.scen,20,14,42,1,193,273.844000,293,119,0.000000,0.103000,0.398000,0.310000,0.025722
_home_max_Documents_PhD_MAPF_LNS_MAPF_LNS_SAT_mapf-map_warehouse-10-20-10-2-2_map-_home_max_Documents_PhD_MAPF_LNS_MAPF_LNS_SAT_mapf-scen-even_scen-even_warehouse-10-20-10-2-2-even-2_scen-agents20-idx15-seed42-1761041234517,/home/max/Documents/PhD/MAPF/LNS/MAPF_LNS_SAT/mapf-map/warehouse-10-20-10-2-2.map,/home/max/Documents/PhD/MAPF/LNS/MAPF_LNS_SAT/mapf-scen-even/scen-even/warehouse-10-20-10-2-2-even-2.scen,20,15,42,1,202,310.458000,48,20,0.000000,0.026000,0.119000,0.082000,0.012276
_home_max_Documents_PhD_MAPF_LNS_MAPF_LNS_SAT_mapf-map_warehouse-10-20-10-2-2_map-_home_max_Documents_PhD_MAPF_LNS_MAPF_LNS_SAT_mapf-scen-even_scen-even_warehouse-10-20-10-2-2-even-2_scen-agents20-idx16-seed42-1761041234873,/home/max/Documents/PhD/MAPF/LNS/MAPF_LNS_SAT/mapf-map/warehouse-10-20-10-2-2.map,/home/max/Documents/PhD/MAPF/LNS/MAPF_LNS_SAT/mapf-scen-even/scen-even/warehouse-10-20-10-2-2-even-2.scen,20,16,42,1,181,292.232000,443,191,0.000000,0.266000,0.502000,0.372000,0.041381
_home_max_Documents_PhD_MAPF_LNS_MAPF_LNS_SAT_mapf-map_warehouse-10-20-10-2-2_map-_home_max_Documents_PhD_MAPF_LNS_MAPF_LNS_SAT_mapf-scen-even_scen-even_warehouse-10-20-10-2-2-even-2_scen-agents20-idx17-seed42-1761041235222,/home/max/Documents/PhD/MAPF/LNS/MAPF_LNS_SAT/mapf-map/warehouse-10-20-10-2-2.map,/home/max/Documents/PhD/MAPF/LNS/MAPF_LNS_SAT/mapf-scen-even/scen-even/warehouse-10-20-10-2-2-even-2.scen,20,17,42,1,193,285.781000,75,39,0.000000,0.042000,0.141000,0.104000,0.013325
_home_max_Documents_PhD_MAPF_LNS_MAPF_LNS_SAT_mapf-map_warehouse-10-20-10-2-2_map-_home_max_Documents_PhD_MAPF_LNS_MAPF_LNS_SAT_mapf-scen-even_scen-even_warehouse-10-20-10-2-2-even-2_scen-agents20-idx18-seed42-1761041235521,/home/max/Documents/PhD/MAPF/LNS/MAPF_LNS_SAT/mapf-map/warehouse-10-20-10-2-2.map,/home/max/Documents/PhD/MAPF/LNS/MAPF_LNS_SAT/mapf-scen-even/scen-even/warehouse-10-20-10-2-2-even-2.scen,20,18,42,1,215,286.627000,118,48,0.000000,0.062000,0.184000,0.134000,0.019514
_home_max_Documents_PhD_MAPF_LNS_MAPF_LNS_SAT_mapf-map_warehouse-10-20-10-2-2_map-_home_max_Documents_PhD_MAPF_LNS_MAPF_LNS_SAT_mapf-scen-even_scen-even_warehouse-10-20-10-2-2-even-2_scen-agents20-idx19-seed42-1761041235822,/home/max/Documents/PhD/MAPF/LNS/MAPF_LNS_SAT/mapf-map/warehouse-10-20-10-2-2.map,/home/max/Documents/PhD/MAPF/LNS/MAPF_LNS_SAT/mapf-scen-even/scen-even/warehouse-10-20-10-2-2-even-2.scen,20,19,42,1,209,298.244000,32,17,0.000000,0.016000,0.073000,0.058000,0.009029
_home_max_Documents_PhD_MAPF_LNS_MAPF_LNS_SAT_mapf-map_warehouse-10-20-10-2-2_map-_home_max_Documents_PhD_MAPF_LNS_MAPF_LNS_SAT_mapf-scen-even_scen-even_warehouse-10-20-10-2-2-even-2_scen-agents20-idx20-seed42-1761041236177,/home/max/Documents/PhD/MAPF/LNS/MAPF_LNS_SAT/mapf-map/warehouse-10-20-10-2-2.map,/home/max/Documents/PhD/MAPF/LNS/MAPF_LNS_SAT/mapf-scen-even/scen-even/warehouse-10-20-10-2-2-even-2.scen,20,20,42,1,207,315.706000,720,297,0.000000,0.312000,0.899000,0.632000,0.068403
_home_max_Documents_PhD_MAPF_LNS_MAPF_LNS_SAT_mapf-map_warehouse-10-20-10-2-2_map-_home_max_Documents_PhD_MAPF_LNS_MAPF_LNS_SAT_mapf-scen-even_scen-even_warehouse-10-20-10-2-2-even-2_scen-agents20-idx21-seed42-1761041236526,/home/max/Documents/PhD/MAPF/LNS/MAPF_LNS_SAT/mapf-map/warehouse-10-20-10-2-2.map,/home/max/Documents/PhD/MAPF/LNS/MAPF_LNS_SAT/mapf-scen-even/scen-even/warehouse-10-20-10-2-2-even-2.scen,20,21,42,1,214,294.409000,329,143,0.000000,0.195000,0.495000,0.341000,0.040056
_home_max_Documents_PhD_MAPF_LNS_MAPF_LNS_SAT_mapf-map_warehouse-10-20-10-2-2_map-_home_max_Documents_PhD_MAPF_LNS_MAPF_LNS_SAT_mapf-scen-even_scen-even_warehouse-10-20-10-2-2-even-2_scen-agents20-idx22-seed42-1761041236879,/home/max/Documents/PhD/MAPF/LNS/MAPF_LNS_SAT/mapf-map/warehouse-10-20-10-2-2.map,/home/max/Documents/PhD/MAPF/LNS/MAPF_LNS_SAT/mapf-scen-even/scen-even/warehouse-10-20-10-2-2-even-2.scen,20,22,42,1,198,307.735000,24,10,0.000000,0.017000,0.057000,0.049000,0.007045
_home_max_Documents_PhD_MAPF_LNS_MAPF_LNS_SAT_mapf-map_warehouse-10-20-10-2-2_map-_home_max_Documents_PhD_MAPF_LNS_MAPF_LNS_SAT_mapf-scen-even_scen-even_warehouse-10-20-10-2-2-even-3_scen-agents20-idx0-seed42-1761041237230,/home/max/Documents/PhD/MAPF/LNS/MAPF_LNS_SAT/mapf-map/warehouse-10-20-10-2-2.map,/home/max/Documents/PhD/MAPF/LNS/MAPF_LNS_SAT/mapf-scen-even/scen-even/warehouse-10-20-10-2-2-even-3.scen,20,0,42,1,208,292.216000,318,132,0.000000,0.223000,0.323000,0.258000,0.022495
_home_max_Documents_PhD_MAPF_LNS_MAPF_LNS_SAT_mapf-map_warehouse-10-20-10-2-2_map-_home_max_Documents_PhD_MAPF_LNS_MAPF_LNS_SAT_mapf-scen-even_scen-even_warehouse-10-20-10-2-2-even-3_scen-agents20-idx1-seed42-1761041237583,/home/max/Documents/PhD/MAPF/LNS/MAPF_LNS_SAT/mapf-map/warehouse-10-20-10-2-2.map,/home/max/Documents/PhD/MAPF/LNS/MAPF_LNS_SAT/mapf-scen-even/scen-even/warehouse-10-20-10-2-2-even-3.scen,20,1,42,1,214,289.519000,22,9,0.000000,0.011000,0.080000,0.056000,0.009241
_home_max_Documents_PhD_MAPF_LNS_MAPF_LNS_SAT_mapf-map_warehouse-10-20-10-2-2_map-_home_max_Documents_PhD_MAPF_LNS_MAPF_LNS_SAT_mapf-scen-even_scen-even_warehouse-10-20-10-2-2-even-3_scen-agents20-idx2-seed42-1761041237934,/home/max/Documents/PhD/MAPF/LNS/MAPF_LNS_SAT/mapf-map/warehouse-10-20-10-2-2.map,/home/max/Documents/PhD/MAPF/LNS/MAPF_LNS_SAT/mapf-scen-even/scen-even/warehouse-10-20-10-2-2-even-3.scen,20,2,42,1,205,307.370000,247,99,0.000000,0.124000,0.290000,0.221000,0.018114
_home_max_Documents_PhD_MAPF_LNS_MAPF_LNS_SAT_mapf-map_warehouse-10-20-10-2-2_map-_home_max_Documents_PhD_MAPF_LNS_MAPF_LNS_SAT_mapf-scen-even_scen-even_warehouse-10-20-10-2-2-even-3_scen-agents20-idx3-seed42-1761041238285,/home/max/Documents/PhD/MAPF/LNS/MAPF_LNS_SAT/mapf-map/warehouse-10-20-10-2-2.map,/home/max/Documents/PhD/MAPF/LNS/MAPF_LNS_SAT/mapf-scen-even/scen-even/warehouse-10-20-10-2-2-even-3.scen,20,3,42,1,199,284.847000,86,44,0.000000,0.044000,0.155000,0.113000,0.012510
_home_max_Documents_PhD_MAPF_LNS_MAPF_LNS_SAT_mapf-map_warehouse-10-20-10-2-2_map-_home_max_Documents_PhD_MAPF_LNS_MAPF_LNS_SAT_mapf-scen-even_scen-even_warehouse-10-20-10-2-2-even-3_scen-agents20-idx4-seed42-1761041238583,/home/max/Documents/PhD/MAPF/LNS/MAPF_LNS_SAT/mapf-map/warehouse-10-20-10-2-2.map,/home/max/Documents/PhD/MAPF/LNS/MAPF_LNS_SAT/mapf-scen-even/scen-even/warehouse-10-20-10-2-2-even-3.scen,20,4,42,1,217,298.735000,164,67,0.000000,0.086000,0.308000,0.202000,0.020047
_home_max_Documents_PhD_MAPF_LNS_MAPF_LNS_SAT_mapf-map_warehouse-10-20-10-2-2_map-_home_max_Documents_PhD_MAPF_LNS_MAPF_LNS_SAT_mapf-scen-even_scen-even_warehouse-10-20-10-2-2-even-3_scen-agents20-idx5-seed42-1761041238941,/home/max/Documents/PhD/MAPF/LNS/MAPF_LNS_SAT/mapf-map/warehouse-10-20-10-2-2.map,/home/max/Documents/PhD/MAPF/LNS/MAPF_LNS_SAT/mapf-scen-even/scen-even/warehouse-10-20-10-2-2-even-3.scen,20,5,42,1,219,300.718000,186,84,0.000000,0.093000,0.288000,0.206000,0.026227
_home_max_Documents_PhD_MAPF_LNS_MAPF_LNS_SAT_mapf-map_warehouse-10-20-10-2-2_map-_home_max_Documents_PhD_MAPF_LNS_MAPF_LNS_SAT_mapf-scen-even_scen-even_warehouse-10-20-10-2-2-even-3_scen-agents20-idx6-seed42-1761041239291,/home/max/Documents/PhD/MAPF/LNS/MAPF_LNS_SAT/mapf-map/warehouse-10-20-10-2-2.map,/home/max/Documents/PhD/MAPF/LNS/MAPF_LNS_SAT/mapf-scen-even/scen-even/warehouse-10-20-10-2-2-even-3.scen,20,6,42,1,172,271.537000,344,128,0.000000,0.157000,0.322000,0.259000,0.027382
_home_max_Documents_PhD_MAPF_LNS_MAPF_LNS_SAT_mapf-map_warehouse-10-20-10-2-2_map-_home_max_Documents_PhD_MAPF_LNS_MAPF_LNS_SAT_mapf-scen-even_scen-even_warehouse-10-20-10-2-2-even-3_scen-agents20-idx7-seed42-1761041239588,/home/max/Documents/PhD/MAPF/LNS/MAPF_LNS_SAT/mapf-map/warehouse-10-20-10-2-2.map,/home/max/Documents/PhD/MAPF/LNS/MAPF_LNS_SAT/mapf-scen-even/scen-even/warehouse-10-20-10-2-2-even-3.scen,20,7,42,1,213,298.630000,28,15,0.000000,0.013000,0.068000,0.051000,0.008932
_home_max_Documents_PhD_MAPF_LNS_MAPF_LNS_SAT_mapf-map_warehouse-10-20-10-2-2_map-_home_max_Documents_PhD_MAPF_LNS_MAPF_LNS_SAT_mapf-scen-even_scen-even_warehouse-10-20-10-2-2-even-3_scen-agents20-idx8-seed42-1761041239944,/home/max/Documents/PhD/MAPF/LNS/MAPF_LNS_SAT/mapf-map/warehouse-10-20-10-2-2.map,/home/max/Documents/PhD/MAPF/LNS/MAPF_LNS_SAT/mapf-scen-even/scen-even/warehouse-10-20-10-2-2-even-3.scen,20,8,42,1,213,310.429000,44,18,0.000000,0.025000,0.128000,0.085000,0.010617
_home_max_Documents_PhD_MAPF_LNS_MAPF_LNS_SAT_mapf-map_warehouse-10-20-10-2-2_map-_home_max_Documents_PhD_MAPF_LNS_MAPF_LNS_SAT_mapf-scen-even_scen-even_warehouse-10-20-10-2-2-even-3_scen-agents20-idx9-seed42-1761041240295,/home/max/Documents/PhD/MAPF/LNS/MAPF_LNS_SAT/mapf-map/warehouse-10-20-10-2-2.map,/home/max/Documents/PhD/MAPF/LNS/MAPF_LNS_SAT/mapf-scen-even/scen-even/warehouse-10-20-10-2-2-even-3.scen,20,9,42,1,217,290.592000,316,128,0.000000,0.137000,0.347000,0.264000,0.028413
_home_max_Documents_PhD_MAPF_LNS_MAPF_LNS_SAT_mapf-map_warehouse-10-20-10-2-2_map-_home_max_Documents_PhD_MAPF_LNS_MAPF_LNS_SAT_mapf-scen-even_scen-even_warehouse-10-20-10-2-2-even-3_scen-agents20-idx10-seed42-1761041240646,/home/max/Documents/PhD/MAPF/LNS/MAPF_LNS_SAT/mapf-map/warehouse-10-20-10-2-2.map,/home/max/Documents/PhD/MAPF/LNS/MAPF_LNS_SAT/mapf-scen-even/scen-even/warehouse-10-20-10-2-2-even-3.scen,20,10,42,1,204,283.844000,0,0,0.000000,0.000000,0.000000,0.000000,0.000000
_home_max_Documents_PhD_MAPF_LNS_MAPF_LNS_SAT_mapf-map_warehouse-10-20-10-2-2_map-_home_max_Documents_PhD_MAPF_LNS_MAPF_LNS_SAT_mapf-scen-even_scen-even_warehouse-10-20-10-2-2-even-3_scen-agents20-idx11-seed42-1761041240943,/home/max/Documents/PhD/MAPF/LNS/MAPF_LNS_SAT/mapf-map/warehouse-10-20-10-2-2.map,/home/max/Documents/PhD/MAPF/LNS/MAPF_LNS_SAT/mapf-scen-even/scen-even/warehouse-10-20-10-2-2-even-3.scen,20,11,42,1,215,285.780000,88,36,0.000000,0.046000,0.234000,0.144000,0.015154
_home_max_Documents_PhD_MAPF_LNS_MAPF_LNS_SAT_mapf-map_warehouse-10-20-10-2-2_map-_home_max_Documents_PhD_MAPF_LNS_MAPF_LNS_SAT_mapf-scen-even_scen-even_warehouse-10-20-10-2-2-even-3_scen-agents20-idx12-seed42-1761041241244,/home/max/Documents/PhD/MAPF/LNS/MAPF_LNS_SAT/mapf-map/warehouse-10-20-10-2-2.map,/home/max/Documents/PhD/MAPF/LNS/MAPF_LNS_SAT/mapf-scen-even/scen-even/warehouse-10-20-10-2-2-even-3.scen,20,12,42,1,220,311.054000,222,88,0.000000,0.113000,0.305000,0.224000,0.034666
_home_max_Documents_PhD_MAPF_LNS_MAPF_LNS_SAT_mapf-map_warehouse-10-20-10-2-2_map-_home_max_Documents_PhD_MAPF_LNS_MAPF_LNS_SAT_mapf-scen-even_scen-even_warehouse-10-20-10-2-2-even-3_scen-agents20-idx13-seed42-1761041241598,/home/max/Documents/PhD/MAPF/LNS/MAPF_LNS_SAT/mapf-map/warehouse-10-20-10-2-2.map,/home/max/Documents/PhD/MAPF/LNS/MAPF_LNS_SAT/mapf-scen-even/scen-even/warehouse-10-20-10-2-2-even-3.scen,20,13,42,1,218,294.618000,449,189,0.000000,0.194000,0.533000,0.391000,0.040771
_home_max_Documents_PhD_MAPF_LNS_MAPF_LNS_SAT_mapf-map_warehouse-10-20-10-2-2_map-_home_max_Documents_PhD_MAPF_LNS_MAPF_LNS_SAT_mapf-scen-even_scen-even_warehouse-10-20-10-2-2-even-3_scen-agents20-idx14-seed42-1761041241949,/home/max/Documents/PhD/MAPF/LNS/MAPF_LNS_SAT/mapf-map/warehouse-10-20-10-2-2.map,/home/max/Documents/PhD/MAPF/LNS/MAPF_LNS_SAT/mapf-scen-even/scen-even/warehouse-10-20-10-2-2-even-3.scen,20,14,42,1,200,299.227000,88,47,0.000000,0.051000,0.159000,0.112000,0.013768
_home_max_Documents_PhD_MAPF_LNS_MAPF_LNS_SAT_mapf-map_warehouse-10-20-10-2-2_map-_home_max_Documents_PhD_MAPF_LNS_MAPF_LNS_SAT_mapf-scen-even_scen-even_warehouse-10-20-10-2-2-even-3_scen-agents20-idx15-seed42-1761041242302,/home/max/Documents/PhD/MAPF/LNS/MAPF_LNS_SAT/mapf-map/warehouse-10-20-10-2-2.map,/home/max/Documents/PhD/MAPF/LNS/MAPF_LNS_SAT/mapf-scen-even/scen-even/warehouse-10-20-10-2-2-even-3.scen,20,15,42,1,185,301.304000,725,268,0.000000,0.278000,0.643000,0.517000,0.048553
_home_max_Documents_PhD_MAPF_LNS_MAPF_LNS_SAT_mapf-map_warehouse-10-20-10-2-2_map-_home_max_Documents_PhD_MAPF_LNS_MAPF_LNS_SAT_mapf-scen-even_scen-even_warehouse-10-20-10-2-2-even-3_scen-agents20-idx16-seed42-1761041242654,/home/max/Documents/PhD/MAPF/LNS/MAPF_LNS_SAT/mapf-map/warehouse-10-20-10-2-2.map,/home/max/Documents/PhD/MAPF/LNS/MAPF_LNS_SAT/mapf-scen-even/scen-even/warehouse-10-20-10-2-2-even-3.scen,20,16,42,1,207,310.082000,368,149,0.000000,0.143000,0.415000,0.324000,0.034291
_home_max_Documents_PhD_MAPF_LNS_MAPF_LNS_SAT_mapf-map_warehouse-10-20-10-2-2_map-_home_max_Documents_PhD_MAPF_LNS_MAPF_LNS_SAT_mapf-scen-even_scen-even_warehouse-10-20-10-2-2-even-3_scen-agents20-idx17-seed42-1761041243005,/home/max/Documents/PhD/MAPF/LNS/MAPF_LNS_SAT/mapf-map/warehouse-10-20-10-2-2.map,/home/max/Documents/PhD/MAPF/LNS/MAPF_LNS_SAT/mapf-scen-even/scen-even/warehouse-10-20-10-2-2-even-3.scen,20,17,42,1,205,287.320000,470,198,0.000000,0.359000,0.567000,0.413000,0.045317
_home_max_Documents_PhD_MAPF_LNS_MAPF_LNS_SAT_mapf-map_warehouse-10-20-10-2-2_map-_home_max_Documents_PhD_MAPF_LNS_MAPF_LNS_SAT_mapf-scen-even_scen-even_warehouse-10-20-10-2-2-even-3_scen-agents20-idx18-seed42-1761041243303,/home/max/Documents/PhD/MAPF/LNS/MAPF_LNS_SAT/mapf-map/warehouse-10-20-10-2-2.map,/home/max/Documents/PhD/MAPF/LNS/MAPF_LNS_SAT/mapf-scen-even/scen-even/warehouse-10-20-10-2-2-even-3.scen,20,18,42,1,212,281.494000,213,96,0.000000,0.136000,0.266000,0.197000,0.020771
_home_max_Documents_PhD_MAPF_LNS_MAPF_LNS_SAT_mapf-map_warehouse-10-20-10-2-2_map-_home_max_Documents_PhD_MAPF_LNS_MAPF_LNS_SAT_mapf-scen-even_scen-even_warehouse-10-20-10-2-2-even-3_scen-agents20-idx19-seed42-1761041243604,/home/max/Documents/PhD/MAPF/LNS/MAPF_LNS_SAT/mapf-map/warehouse-10-20-10-2-2.map,/home/max/Documents/PhD/MAPF/LNS/MAPF_LNS_SAT/mapf-scen-even/scen-even/warehouse-10-20-10-2-2-even-3.scen,20,19,42,1,195,303.682000,350,156,0.000000,0.143000,0.527000,0.364000,0.041358
_home_max_Documents_PhD_MAPF_LNS_MAPF_LNS_SAT_mapf-map_warehouse-10-20-10-2-2_map-_home_max_Documents_PhD_MAPF_LNS_MAPF_LNS_SAT_mapf-scen-even_scen-even_warehouse-10-20-10-2-2-even-3_scen-agents20-idx20-seed42-1761041243961,/home/max/Documents/PhD/MAPF/LNS/MAPF_LNS_SAT/mapf-map/warehouse-10-20-10-2-2.map,/home/max/Documents/PhD/MAPF/LNS/MAPF_LNS_SAT/mapf-scen-even/scen-even/warehouse-10-20-10-2-2-even-3.scen,20,20,42,1,214,296.099000,94,42,0.000000,0.048000,0.218000,0.142000,0.016488
_home_max_Documents_PhD_MAPF_LNS_MAPF_LNS_SAT_mapf-map_warehouse-10-20-10-2-2_map-_home_max_Documents_PhD_MAPF_LNS_MAPF_LNS_SAT_mapf-scen-even_scen-even_warehouse-10-20-10-2-2-even-3_scen-agents20-idx21-seed42-1761041244313,/home/max/Documents/PhD/MAPF/LNS/MAPF_LNS_SAT/mapf-map/warehouse-10-20-10-2-2.map,/home/max/Documents/PhD/MAPF/LNS/MAPF_LNS_SAT/mapf-scen-even/scen-even/warehouse-10-20-10-2-2-even-3.scen,20,21,42,1,206,297.303000,42,18,0.000000,0.025000,0.121000,0.080000,0.012531
_home_max_Documents_PhD_MAPF_LNS_MAPF_LNS_SAT_mapf-map_warehouse-10-20-10-2-2_map-_home_max_Documents_PhD_MAPF_LNS_MAPF_LNS_SAT_mapf-scen-even_scen-even_warehouse-10-20-10-2-2-even-3_scen-agents20-idx22-seed42-1761041244663,/home/max/Documents/PhD/MAPF/LNS/MAPF_LNS_SAT/mapf-map/warehouse-10-20-10-2-2.map,/home/max/Documents/PhD/MAPF/LNS/MAPF_LNS_SAT/mapf-scen-even/scen-even/warehouse-10-20-10-2-2-even-3.scen,20,22,42,1,216,310.341000,0,0,0.000000,0.000000,0.000000,0.000000,0.000000
_home_max_Documents_PhD_MAPF_LNS_MAPF_LNS_SAT_mapf-map_warehouse-10-20-10-2-2_map-_home_max_Documents_PhD_MAPF_LNS_MAPF_LNS_SAT_mapf-scen-even_scen-even_warehouse-10-20-10-2-2-even-3_scen-agents20-idx23-seed42-1761041245015,/home/max/Documents/PhD/MAPF/LNS/MAPF_LNS_SAT/mapf-map/warehouse-10-20-10-2-2.map,/home/max/Documents/PhD/MAPF/LNS/MAPF_LNS_SAT/mapf-scen-even/scen-even/warehouse-10-20-10-2-2-even-3.scen,20,23,42,1,216,325.569000,882,370,0.000000,0.353000,0.885000,0.681000,0.066514
_home_max_Documents_PhD_MAPF_LNS_MAPF_LNS_SAT_mapf-map_warehouse-10-20-10-2-2_map-_home_max_Documents_PhD_MAPF_LNS_MAPF_LNS_SAT_mapf-scen-even_scen-even_warehouse-10-20-10-2-2-even-4_scen-agents20-idx0-seed42-1761041245363,/home/max/Documents/PhD/MAPF/LNS/MAPF_LNS_SAT/mapf-map/warehouse-10-20-10-2-2.map,/home/max/Documents/PhD/MAPF/LNS/MAPF_LNS_SAT/mapf-scen-even/scen-even/warehouse-10-20-10-2-2-even-4.scen,20,0,42,1,223,324.218000,649,269,0.000000,0.345000,0.695000,0.519000,0.052228
_home_max_Documents_PhD_MAPF_LNS_MAPF_LNS_SAT_mapf-map_warehouse-10-20-10-2-2_map-_home_max_Documents_PhD_MAPF_LNS_MAPF_LNS_SAT_mapf-scen-even_scen-even_warehouse-10-20-10-2-2-even-4_scen-agents20-idx1-seed42-1761041245714,/home/max/Documents/PhD/MAPF/LNS/MAPF_LNS_SAT/mapf-map/warehouse-10-20-10-2-2.map,/home/max/Documents/PhD/MAPF/LNS/MAPF_LNS_SAT/mapf-scen-even/scen-even/warehouse-10-20-10-2-2-even-4.scen,20,1,42,1,214,306.148000,140,59,0.000000,0.096000,0.229000,0.159000,0.020980
_home_max_Documents_PhD_MAPF_LNS_MAPF_LNS_SAT_mapf-map_warehouse-10-20-10-2-2_map-_home_max_Documents_PhD_MAPF_LNS_MAPF_LNS_SAT_mapf-scen-even_scen-even_warehouse-10-20-10-2-2-even-4_scen-agents20-idx2-seed42-1761041246070,/home/max/Documents/PhD/MAPF/LNS/MAPF_LNS_SAT/mapf-map/warehouse-10-20-10-2-2.map,/home/max/Documents/PhD/MAPF/LNS/MAPF_LNS_SAT/mapf-scen-even/scen-even/warehouse-10-20-10-2-2-even-4.scen,20,2,42,1,213,299.411000,321,135,0.000000,0.134000,0.398000,0.305000,0.032511
_home_max_Documents_PhD_MAPF_LNS_MAPF_LNS_SAT_mapf-map_warehouse-10-20-10-2-2_map-_home_max_Documents_PhD_MAPF_LNS_MAPF_LNS_SAT_mapf-scen-even_scen-even_warehouse-10-20-10-2-2-even-4_scen-agents20-idx3-seed42-1761041246423,/home/max/Documents/PhD/MAPF/LNS/MAPF_LNS_SAT/mapf-map/warehouse-10-20-10-2-2.map,/home/max/Documents/PhD/MAPF/LNS/MAPF_LNS_SAT/mapf-scen-even/scen-even/warehouse-10-20-10-2-2-even-4.scen,20,3,42,1,206,310.952000,623,246,0.000000,0.259000,0.731000,0.532000,0.055690
_home_max_Documents_PhD_MAPF_LNS_MAPF_LNS_SAT_mapf-map_warehouse-10-20-10-2-2_map-_home_max_Documents_PhD_MAPF_LNS_MAPF_LNS_SAT_mapf-scen-even_scen-even_warehouse-10-20-10-2-2-even-4_scen-agents20-idx4-seed42-1761041246773,/home/max/Documents/PhD/MAPF/LNS/MAPF_LNS_SAT/mapf-map/warehouse-10-20-10-2-2.map,/home/max/Documents/PhD/MAPF/LNS/MAPF_LNS_SAT/mapf-scen-even/scen-even/warehouse-10-20-10-2-2-even-4.scen,20,4,42,1,199,280.750000,25,10,0.000000,0.017000,0.066000,0.050000,0.008982
_home_max_Documents_PhD_MAPF_LNS_MAPF_LNS_SAT_mapf-map_warehouse-10-20-10-2-2_map-_home_max_Documents_PhD_MAPF_LNS_MAPF_LNS_SAT_mapf-scen-even_scen-even_warehouse-10-20-10-2-2-even-4_scen-agents20-idx5-seed42-1761041247070,/home/max/Documents/PhD/MAPF/LNS/MAPF_LNS_SAT/mapf-map/warehouse-10-20-10-2-2.map,/home/max/Documents/PhD/MAPF/LNS/MAPF_LNS_SAT/mapf-scen-even/scen-even/warehouse-10-20-10-2-2-even-4.scen,20,5,42,1,210,311.600000,411,168,0.000000,0.187000,0.624000,0.421000,0.047473
_home_max_Documents_PhD_MAPF_LNS_MAPF_LNS_SAT_mapf-map_warehouse-10-20-10-2-2_map-_home_max_Documents_PhD_MAPF_LNS_MAPF_LNS_SAT_mapf-scen-even_scen-even_warehouse-10-20-10-2-2-even-4_scen-agents20-idx6-seed42-1761041247426,/home/max/Documents/PhD/MAPF/LNS/MAPF_LNS_SAT/mapf-map/warehouse-10-20-10-2-2.map,/home/max/Documents/PhD/MAPF/LNS/MAPF_LNS_SAT/mapf-scen-even/scen-even/warehouse-10-20-10-2-2-even-4.scen,20,6,42,1,218,292.604000,234,95,0.000000,0.104000,0.355000,0.245000,0.030528
_home_max_Documents_PhD_MAPF_LNS_MAPF_LNS_SAT_mapf-map_warehouse-10-20-10-2-2_map-_home_max_Documents_PhD_MAPF_LNS_MAPF_LNS_SAT_mapf-scen-even_scen-even_warehouse-10-20-10-2-2-even-4_scen-agents20-idx7-seed42-1761041247777,/home/max/Documents/PhD/MAPF/LNS/MAPF_LNS_SAT/mapf-map/warehouse-10-20-10-2-2.map,/home/max/Documents/PhD/MAPF/LNS/MAPF_LNS_SAT/mapf-scen-even/scen-even/warehouse-10-20-10-2-2-even-4.scen,20,7,42,1,204,282.302000,282,117,0.000000,0.120000,0.284000,0.222000,0.025484
_home_max_Documents_PhD_MAPF_LNS_MAPF_LNS_SAT_mapf-map_warehouse-10-20-10-2-2_map-_home_max_Documents_PhD_MAPF_LNS_MAPF_LNS_SAT_mapf-scen-even_scen-even_warehouse-10-20-10-2-2-even-4_scen-agents20-idx8-seed42-1761041248074,/home/max/Documents/PhD/MAPF/LNS/MAPF_LNS_SAT/mapf-map/warehouse-10-20-10-2-2.map,/home/max/Documents/PhD/MAPF/LNS/MAPF_LNS_SAT/mapf-scen-even/scen-even/warehouse-10-20-10-2-2-even-4.scen,20,8,42,1,219,286.532000,0,0,0.000000,0.000000,0.000000,0.000000,0.000000
_home_max_Documents_PhD_MAPF_LNS_MAPF_LNS_SAT_mapf-map_warehouse-10-20-10-2-2_map-_home_max_Documents_PhD_MAPF_LNS_MAPF_LNS_SAT_mapf-scen-even_scen-even_warehouse-10-20-10-2-2-even-4_scen-agents20-idx9-seed42-1761041248374,/home/max/Documents/PhD/MAPF/LNS/MAPF_LNS_SAT/mapf-map/warehouse-10-20-10-2-2.map,/home/max/Documents/PhD/MAPF/LNS/MAPF_LNS_SAT/mapf-scen-even/scen-even/warehouse-10-20-10-2-2-even-4.scen,20,9,42,1,218,287.621000,435,181,0.000000,0.182000,0.583000,0.415000,0.049896
_home_max_Documents_PhD_MAPF_LNS_MAPF_LNS_SAT_mapf-map_warehouse-10-20-10-2-2_map-_home_max_Documents_PhD_MAPF_LNS_MAPF_LNS_SAT_mapf-scen-even_scen-even_warehouse-10-20-10-2-2-even-4_scen-agents20-idx10-seed42-1761041248676,/home/max/Documents/PhD/MAPF/LNS/MAPF_LNS_SAT/mapf-map/warehouse-10-20-10-2-2.map,/home/max/Documents/PhD/MAPF/LNS/MAPF_LNS_SAT/mapf-scen-even/scen-even/warehouse-10-20-10-2-2-even-4.scen,20,10,42,1,200,289.356000,254,105,0.000000,0.118000,0.308000,0.232000,0.019214
_home_max_Documents_PhD_MAPF_LNS_MAPF_LNS_SAT_mapf-map_warehouse-10-20-10-2-2_map-_home_max_Documents_PhD_MAPF_LNS_MAPF_LNS_SAT_mapf-scen-even_scen-even_warehouse-10-20-10-2-2-even-4_scen-agents20-idx11-seed42-1761041248976,/home/max/Documents/PhD/MAPF/LNS/MAPF_LNS_SAT/mapf-map/warehouse-10-20-10-2-2.map,/home/max/Documents/PhD/MAPF/LNS/MAPF_LNS_SAT/mapf-scen-even/scen-even/warehouse-10-20-10-2-2-even-4.scen,20,11,42,1,214,291.319000,121,53,0.000000,0.050000,0.187000,0.135000,0.018580
_home_max_Documents_PhD_MAPF_LNS_MAPF_LNS_SAT_mapf-map_warehouse-10-20-10-2-2_map-_home_max_Documents_PhD_MAPF_LNS_MAPF_LNS_SAT_mapf-scen-even_scen-even_warehouse-10-20-10-2-2-even-4_scen-agents20-idx12-seed42-1761041249332,/home/max/Documents/PhD/MAPF/LNS/MAPF_LNS_SAT/mapf-map/warehouse-10-20-10-2-2.map,/home/max/Documents/PhD/MAPF/LNS/MAPF_LNS_SAT/mapf-scen-even/scen-even/warehouse-10-20-10-2-2-even-4.scen,20,12,42,1,216,305.661000,337,145,0.000000,0.174000,0.388000,0.285000,0.029901
_home_max_Documents_PhD_MAPF_LNS_MAPF_LNS_SAT_mapf-map_warehouse-10-20-10-2-2_map-_home_max_Documents_PhD_MAPF_LNS_MAPF_LNS_SAT_mapf-scen-even_scen-even_warehouse-10-20-10-2-2-even-4_scen-agents20-idx13-seed42-1761041249684,/home/max/Documents/PhD/MAPF/LNS/MAPF_LNS_SAT/mapf-map/warehouse-10-20-10-2-2.map,/home/max/Documents/PhD/MAPF/LNS/MAPF_LNS_SAT/mapf-scen-even/scen-even/warehouse-10-20-10-2-2-even-4.scen,20,13,42,1,212,307.184000,625,246,0.000000,0.304000,0.764000,0.572000,0.062316
_home_max_Documents_PhD_MAPF_LNS_MAPF_LNS_SAT_mapf-map_warehouse-10-20-10-2-2_map-_home_max_Documents_PhD_MAPF_LNS_MAPF_LNS_SAT_mapf-scen-even_scen-even_warehouse-10-20-10-2-2-even-4_scen-agents20-idx14-seed42-1761041250031,/home/max/Documents/PhD/MAPF/LNS/MAPF_LNS_SAT/mapf-map/warehouse-10-20-10-2-2.map,/home/max/Documents/PhD/MAPF/LNS/MAPF_LNS_SAT/mapf-scen-even/scen-even/warehouse-10-20-10-2-2-even-4.scen,20,14,42,1,195,289.170000,381,153,0.000000,0.231000,0.320000,0.260000,0.030357
_home_max_Documents_PhD_MAPF_LNS_MAPF_LNS_SAT_mapf-map_warehouse-10-20-10-2-2_map-_home_max_Documents_PhD_MAPF_LNS_MAPF_LNS_SAT_mapf-scen-even_scen-even_warehouse-10-20-10-2-2-even-4_scen-agents20-idx15-seed42-1761041250332,/home/max/Documents/PhD/MAPF/LNS/MAPF_LNS_SAT/mapf-map/warehouse-10-20-10-2-2.map,/home/max/Documents/PhD/MAPF/LNS/MAPF_LNS_SAT/mapf-scen-even/scen-even/warehouse-10-20-10-2-2-even-4.scen,20,15,42,1,217,308.374000,799,344,0.000000,0.400000,0.896000,0.656000,0.055704
_home_max_Documents_PhD_MAPF_LNS_MAPF_LNS_SAT_mapf-map_warehouse-10-20-10-2-2_map-_home_max_Documents_PhD_MAPF_LNS_MAPF_LNS_SAT_mapf-scen-even_scen-even_warehouse-10-20-10-2-2-even-4_scen-agents20-idx16-seed42-1761041250688,/home/max/Documents/PhD/MAPF/LNS/MAPF_LNS_SAT/mapf-map/warehouse-10-20-10-2-2.map,/home/max/Documents/PhD/MAPF/LNS/MAPF_LNS_SAT/mapf-scen-even/scen-even/warehouse-10-20-10-2-2-even-4.scen,20,16,42,1,226,301.184000,215,85,0.000000,0.103000,0.353000,0.240000,0.029527
_home_max_Documents_PhD_MAPF_LNS_MAPF_LNS_SAT_mapf-map_warehouse-10-20-10-2-2_map-_home_max_Documents_PhD_MAPF_LNS_MAPF_LNS_SAT_mapf-scen-even_scen-even_warehouse-10-20-10-2-2-even-4_scen-agents20-idx17-seed42-1761041251040,/home/max/Documents/PhD/MAPF/LNS/MAPF_LNS_SAT/mapf-map/warehouse-10-20-10-2-2.map,/home/max/Documents/PhD/MAPF/LNS/MAPF_LNS_SAT/mapf-scen-even/scen-even/warehouse-10-20-10-2-2-even-4.scen,20,17,42,1,220,305.405000,201,83,0.000000,0.096000,0.312000,0.215000,0.024659
_home_max_Documents_PhD_MAPF_LNS_MAPF_LNS_SAT_mapf-map_warehouse-10-20-10-2-2_map-_home_max_Documents_PhD_MAPF_LNS_MAPF_LNS_SAT_mapf-scen-even_scen-even_warehouse-10-20-10-2-2-even-4_scen-agents20-idx18-seed42-1761041251391,/home/max/Documents/PhD/MAPF/LNS/MAPF_LNS_SAT/mapf-map/warehouse-10-20-10-2-2.map,/home/max/Documents/PhD/MAPF/LNS/MAPF_LNS_SAT/mapf-scen-even/scen-even/warehouse-10-20-10-2-2-even-4.scen,20,18,42,1,207,280.652000,326,135,0.000000,0.216000,0.399000,0.288000,0.030397
_home_max_Documents_PhD_MAPF_LNS_MAPF_LNS_SAT_mapf-map_warehouse-10-20-10-2-2_map-_home_max_Documents_PhD_MAPF_LNS_MAPF_LNS_SAT_mapf-scen-even_scen-even_warehouse-10-20-10-2-2-even-4_scen-agents20-idx19-seed42-1761041251688,/home/max/Documents/PhD/MAPF/LNS/MAPF_LNS_SAT/mapf-map/warehouse-10-20-10-2-2.map,/home/max/Documents/PhD/MAPF/LNS/MAPF_LNS_SAT/mapf-scen-even/scen-even/warehouse-10-20-10-2-2-even-4.scen,20,19,42,1,200,306.392000,326,139,0.000000,0.180000,0.363000,0.279000,0.027161
_home_max_Documents_PhD_MAPF_LNS_MAPF_LNS_SAT_mapf-map_warehouse-10-20-10-2-2_map-_home_max_Documents_PhD_MAPF_LNS_MAPF_LNS_SAT_mapf-scen-even_scen-even_warehouse-10-20-10-2-2-even-4_scen-agents20-idx20-seed42-1761041252043,/home/max/Documents/PhD/MAPF/LNS/MAPF_LNS_SAT/mapf-map/warehouse-10-20-10-2-2.map,/home/max/Documents/PhD/MAPF/LNS/MAPF_LNS_SAT/mapf-scen-even/scen-even/warehouse-10-20-10-2-2-even-4.scen,20,20,42,1,214,304.665000,763,306,0.000000,0.344000,0.704000,0.553000,0.047319
_home_max_Documents_PhD_MAPF_LNS_MAPF_LNS_SAT_mapf-map_warehouse-10-20-10-2-2_map-_home_max_Documents_PhD_MAPF_LNS_MAPF_LNS_SAT_mapf-scen-even_scen-even_warehouse-10-20-10-2-2-even-4_scen-agents20-idx21-seed42-1761041252394,/home/max/Documents/PhD/MAPF/LNS/MAPF_LNS_SAT/mapf-map/warehouse-10-20-10-2-2.map,/home/max/Documents/PhD/MAPF/LNS/MAPF_LNS_SAT/mapf-scen-even/scen-even/warehouse-10-20-10-2-2-even-4.scen,20,21,42,1,218,302.368000,137,56,0.000000,0.070000,0.243000,0.163000,0.020565
_home_max_Documents_PhD_MAPF_LNS_MAPF_LNS_SAT_mapf-map_warehouse-10-20-10-2-2_map-_home_max_Documents_PhD_MAPF_LNS_MAPF_LNS_SAT_mapf-scen-even_scen-even_warehouse-10-20-10-2-2-even-4_scen-agents20-idx22-seed42-1761041252745,/home/max/Documents/PhD/MAPF/LNS/MAPF_LNS_SAT/mapf-map/warehouse-10-20-10-2-2.map,/home/max/Documents/PhD/MAPF/LNS/MAPF_LNS_SAT/mapf-scen-even/scen-even/warehouse-10-20-10-2-2-even-4.scen,20,22,42,1,212,296.087000,87,41,0.000000,0.041000,0.175000,0.121000,0.014960
_home_max_Documents_PhD_MAPF_LNS_MAPF_LNS_SAT_mapf-map_warehouse-10-20-10-2-2_map-_home_max_Documents_PhD_MAPF_LNS_MAPF_LNS_SAT_mapf-scen-even_scen-even_warehouse-10-20-10-2-2-even-4_scen-agents20-idx23-seed42-1761041253096,/home/max/Documents/PhD/MAPF/LNS/MAPF_LNS_SAT/mapf-map/warehouse-10-20-10-2-2.map,/home/max/Documents/PhD/MAPF/LNS/MAPF_LNS_SAT/mapf-scen-even/scen-even/warehouse-10-20-10-2-2-even-4.scen,20,23,42,1,223,339.845000,536,219,0.000000,0.270000,0.716000,0.499000,0.058467
_home_max_Documents_PhD_MAPF_LNS_MAPF_LNS_SAT_mapf-map_warehouse-10-20-10-2-2_map-_home_max_Documents_PhD_MAPF_LNS_MAPF_LNS_SAT_mapf-scen-even_scen-even_warehouse-10-20-10-2-2-even-5_scen-agents20-idx0-seed42-1761041253498,/home/max/Documents/PhD/MAPF/LNS/MAPF_LNS_SAT/mapf-map/warehouse-10-20-10-2-2.map,/home/max/Documents/PhD/MAPF/LNS/MAPF_LNS_SAT/mapf-scen-even/scen-even/warehouse-10-20-10-2-2-even-5.scen,20,0,42,1,197,281.465000,295,120,0.000000,0.106000,0.313000,0.249000,0.029025
_home_max_Documents_PhD_MAPF_LNS_MAPF_LNS_SAT_mapf-map_warehouse-10-20-10-2-2_map-_home_max_Documents_PhD_MAPF_LNS_MAPF_LNS_SAT_mapf-scen-even_scen-even_warehouse-10-20-10-2-2-even-5_scen-agents20-idx1-seed42-1761041253796,/home/max/Documents/PhD/MAPF/LNS/MAPF_LNS_SAT/mapf-map/warehouse-10-20-10-2-2.map,/home/max/Documents/PhD/MAPF/LNS/MAPF_LNS_SAT/mapf-scen-even/scen-even/warehouse-10-20-10-2-2-even-5.scen,20,1,42,1,200,285.909000,103,40,0.000000,0.038000,0.128000,0.104000,0.013021
_home_max_Documents_PhD_MAPF_LNS_MAPF_LNS_SAT_mapf-map_warehouse-10-20-10-2-2_map-_home_max_Documents_PhD_MAPF_LNS_MAPF_LNS_SAT_mapf-scen-even_scen-even_warehouse-10-20-10-2-2-even-5_scen-agents20-idx2-seed42-1761041254097,/home/max/Documents/PhD/MAPF/LNS/MAPF_LNS_SAT/mapf-map/warehouse-10-20-10-2-2.map,/home/max/Documents/PhD/MAPF/LNS/MAPF_LNS_SAT/mapf-scen-even/scen-even/warehouse-10-20-10-2-2-even-5.scen,20,2,42,1,200,273.663000,338,137,0.000000,0.145000,0.395000,0.293000,0.030284
_home_max_Documents_PhD_MAPF_LNS_MAPF_LNS_SAT_mapf-map_warehouse-10-20-10-2-2_map-_home_max_Documents_PhD_MAPF_LNS_MAPF_LNS_SAT_mapf-scen-even_scen-even_warehouse-10-20-10-2-2-even-5_scen-agents20-idx3-seed42-1761041254399,/home/max/Documents/PhD/MAPF/LNS/MAPF_LNS_SAT/mapf-map/warehouse-10-20-10-2-2.map,/home/max/Documents/PhD/MAPF/LNS/MAPF_LNS_SAT/mapf-scen-even/scen-even/warehouse-10-20-10-2-2-even-5.scen,20,3,42,1,207,313.839000,331,134,0.000000,0.170000,0.405000,0.294000,0.029570
_home_max_Documents_PhD_MAPF_LNS_MAPF_LNS_SAT_mapf-map_warehouse-10-20-10-2-2_map-_home_max_Documents_PhD_MAPF_LNS_MAPF_LNS_SAT_mapf-scen-even_scen-even_warehouse-10-20-10-2-2-even-5_scen-agents20-idx4-seed42-1761041254753,/home/max/Documents/PhD/MAPF/LNS/MAPF_LNS_SAT/mapf-map/warehouse-10-20-10-2-2.map,/home/max/Documents/PhD/MAPF/LNS/MAPF_LNS_SAT/mapf-scen-even/scen-even/warehouse-10-20-10-2-2-even-5.scen,20,4,42,1,201,304.258000,318,129,0.000000,0.143000,0.325000,0.257000,0.027623
_home_max_Documents_PhD_MAPF_LNS_MAPF_LNS_SAT_mapf-map_warehouse-10-20-10-2-2_map-_home_max_Documents_PhD_MAPF_LNS_MAPF_LNS_SAT_mapf-scen-even_scen-even_warehouse-10-20-10-2-2-even-1_scen-agents50-idx0-seed42-1761041255108,/home/max/Documents/PhD/MAPF/LNS/MAPF_LNS_SAT/mapf-map/warehouse-10-20-10-2-2.map,/home/max/Documents/PhD/MAPF/LNS/MAPF_LNS_SAT/mapf-scen-even/scen-even/warehouse-10-20-10-2-2-even-1.scen,50,0,42,1,225,884.555000,2438,1028,0.001000,1.257000,2.758000,2.032000,0.180378
_home_max_Documents_PhD_MAPF_LNS_MAPF_LNS_SAT_mapf-map_warehouse-10-20-10-2-2_map-_home_max_Documents_PhD_MAPF_LNS_MAPF_LNS_SAT_mapf-scen-even_scen-even_warehouse-10-20-10-2-2-even-1_scen-agents50-idx1-seed42-1761041256060,/home/max/Documents/PhD/MAPF/LNS/MAPF_LNS_SAT/mapf-map/warehouse-10-20-10-2-2.map,/home/max/Documents/PhD/MAPF/LNS/MAPF_LNS_SAT/mapf-scen-even/scen-even/warehouse-10-20-10-2-2-even-1.scen,50,1,42,1,221,813.375000,2067,848,0.000000,0.984000,2.576000,1.892000,0.171510
_home_max_Documents_PhD_MAPF_LNS_MAPF_LNS_SAT_mapf-map_warehouse-10-20-10-2-2_map-_home_max_Documents_PhD_MAPF_LNS_MAPF_LNS_SAT_mapf-scen-even_scen-even_warehouse-10-20-10-2-2-even-1_scen-agents50-idx2-seed42-1761041256911,/home/max/Documents/PhD/MAPF/LNS/MAPF_LNS_SAT/mapf-map/warehouse-10-20-10-2-2.map,/home/max/Documents/PhD/MAPF/LNS/MAPF_LNS_SAT/mapf-scen-even/scen-even/warehouse-10-20-10-2-2-even-1.scen,50,2,42,1,225,824.167000,1200,514,0.000000,0.556000,1.529000,1.070000,0.097325
_home_max_Documents_PhD_MAPF_LNS_MAPF_LNS_SAT_mapf-map_warehouse-10-20-10-2-2_map-_home_max_Documents_PhD_MAPF_LNS_MAPF_LNS_SAT_mapf-scen-even_scen-even_warehouse-10-20-10-2-2-even-1_scen-agents50-idx3-seed42-1761041257763,/home/max/Documents/PhD/MAPF/LNS/MAPF_LNS_SAT/mapf-map/warehouse-10-20-10-2-2.map,/home/max/Documents/PhD/MAPF/LNS/MAPF_LNS_SAT/mapf-scen-even/scen-even/warehouse-10-20-10-2-2-even-1.scen,50,3,42,1,216,822.314000,4960,1998,0.001000,6.956000,3.681000,2.739000,0.254649
_home_max_Documents_PhD_MAPF_LNS_MAPF_LNS_SAT_mapf-map_warehouse-10-20-10-2-2_map-_home_max_Documents_PhD_MAPF_LNS_MAPF_LNS_SAT_mapf-scen-even_scen-even_warehouse-10-20-10-2-2-even-1_scen-agents50-idx4-seed42-1761041258616,/home/max/Documents/PhD/MAPF/LNS/MAPF_LNS_SAT/mapf-map/warehouse-10-20-10-2-2.map,/home/max/Documents/PhD/MAPF/LNS/MAPF_LNS_SAT/mapf-scen-even/scen-even/warehouse-10-20-10-2-2-even-1.scen,50,4,42,1,217,761.914000,1091,450,0.000000,0.440000,1.315000,0.937000,0.088352
_home_max_Documents_PhD_MAPF_LNS_MAPF_LNS_SAT_mapf-map_warehouse-10-20-10-2-2_map-_home_max_Documents_PhD_MAPF_LNS_MAPF_LNS_SAT_mapf-scen-even_scen-even_warehouse-10-20-10-2-2-even-1_scen-agents50-idx5-seed42-1761041259418,/home/max/Documents/PhD/MAPF/LNS/MAPF_LNS_SAT/mapf-map/warehouse-10-20-10-2-2.map,/home/max/Documents/PhD/MAPF/LNS/MAPF_LNS_SAT/mapf-scen-even/scen-even/warehouse-10-20-10-2-2-even-1.scen,50,5,42,1,227,856.783000,2911,1171,0.000000,1.286000,2.861000,2.173000,0.189558
_home_max_Documents_PhD_MAPF_LNS_MAPF_LNS_SAT_mapf-map_warehouse-10-20-10-2-2_map-_home_max_Documents_PhD_MAPF_LNS_MAPF_LNS_SAT_mapf-scen-even_scen-even_warehouse-10-20-10-2-2-even-1_scen-agents50-idx6-seed42-1761041260324,/home/max/Documents/PhD/MAPF/LNS/MAPF_LNS_SAT/mapf-map/warehouse-10-20-10-2-2.map,/home/max/Documents/PhD/MAPF/LNS/MAPF_LNS_SAT/mapf-scen-even/scen-even/warehouse-10-20-10-2-2-even-1.scen,50,6,42,1,221,831.886000,1550,650,0.000000,0.661000,1.723000,1.263000,0.109560
_home_max_Documents_PhD_MAPF_LNS_MAPF_LNS_SAT_mapf-map_warehouse-10-20-10-2-2_map-_home_max_Documents_PhD_MAPF_LNS_MAPF_LNS_SAT_mapf-scen-even_scen-even_warehouse-10-20-10-2-2-even-1_scen-agents50-idx7-seed42-1761041261231,/home/max/Documents/PhD/MAPF/LNS/MAPF_LNS_SAT/mapf-map/warehouse-10-20-10-2-2.map,/home/max/Documents/PhD/MAPF/LNS/MAPF_LNS_SAT/mapf-scen-even/scen-even/warehouse-10-20-10-2-2-even-1.scen,50,7,42,1,218,837.592000,18766,3203,0.000000,4.609000,11.080000,9.703000,1.602219
_home_max_Documents_PhD_MAPF_LNS_MAPF_LNS_SAT_mapf-map_warehouse-10-20-10-2-2_map-_home_max_Documents_PhD_MAPF_LNS_MAPF_LNS_SAT_mapf-scen-even_scen-even_warehouse-10-20-10-2-2-even-1_scen-agents50-idx8-seed42-1761041262132,/home/max/Documents/PhD/MAPF/LNS/MAPF_LNS_SAT/mapf-map/warehouse-10-20-10-2-2.map,/home/max/Documents/PhD/MAPF/LNS/MAPF_LNS_SAT/mapf-scen-even/scen-even/warehouse-10-20-10-2-2-even-1.scen,50,8,42,1,222,781.527000,1098,456,0.000000,0.471000,1.324000,0.960000,0.092517
_home_max_Documents_PhD_MAPF_LNS_MAPF_LNS_SAT_mapf-map_warehouse-10-20-10-2-2_map-_home_max_Documents_PhD_MAPF_LNS_MAPF_LNS_SAT_mapf-scen-even_scen-even_warehouse-10-20-10-2-2-even-2_scen-agents50-idx0-seed42-1761041262984,/home/max/Documents/PhD/MAPF/LNS/MAPF_LNS_SAT/mapf-map/warehouse-10-20-10-2-2.map,/home/max/Documents/PhD/MAPF/LNS/MAPF_LNS_SAT/mapf-scen-even/scen-even/warehouse-10-20-10-2-2-even-2.scen,50,0,42,1,206,805.252000,1756,731,0.000000,0.790000,1.871000,1.377000,0.116770
_home_max_Documents_PhD_MAPF_LNS_MAPF_LNS_SAT_mapf-map_warehouse-10-20-10-2-2_map-_home_max_Documents_PhD_MAPF_LNS_MAPF_LNS_SAT_mapf-scen-even_scen-even_warehouse-10-20-10-2-2-even-2_scen-agents50-idx1-seed42-1761041263838,/home/max/Documents/PhD/MAPF/LNS/MAPF_LNS_SAT/mapf-map/warehouse-10-20-10-2-2.map,/home/max/Documents/PhD/MAPF/LNS/MAPF_LNS_SAT/mapf-scen-even/scen-even/warehouse-10-20-10-2-2-even-2.scen,50,1,42,1,215,812.508000,2045,860,0.000000,0.859000,2.225000,1.655000,0.155683
_home_max_Documents_PhD_MAPF_LNS_MAPF_LNS_SAT_mapf-map_warehouse-10-20-10-2-2_map-_home_max_Documents_PhD_MAPF_LNS_MAPF_LNS_SAT_mapf-scen-even_scen-even_warehouse-10-20-10-2-2-even-2_scen-agents50-idx2-seed42-1761041264688,/home/max/Documents/PhD/MAPF/LNS/MAPF_LNS_SAT/mapf-map/warehouse-10-20-10-2-2.map,/home/max/Documents/PhD/MAPF/LNS/MAPF_LNS_SAT/mapf-scen-even/scen-even/warehouse-10-20-10-2-2-even-2.scen,50,2,42,1,205,754.695000,2003,670,0.000000,0.807000,2.029000,1.518000,0.191926
_home_max_Documents_PhD_MAPF_LNS_MAPF_LNS_SAT_mapf-map_warehouse-10-20-10-2-2_map-_home_max_Documents_PhD_MAPF_LNS_MAPF_LNS_SAT_mapf-scen-even_scen-even_warehouse-10-20-10-2-2-even-2_scen-agents50-idx3-seed42-1761041265495,/home/max/Documents/PhD/MAPF/LNS/MAPF_LNS_SAT/mapf-map/warehouse-10-20-10-2-2.map,/home/max/Documents/PhD/MAPF/LNS/MAPF_LNS_SAT/mapf-scen-even/scen-even/warehouse-10-20-10-2-2-even-2.scen,50,3,42,1,216,800.403000,1379,578,0.000000,0.587000,1.499000,1.104000,0.107590
_home_max_Documents_PhD_MAPF_LNS_MAPF_LNS_SAT_mapf-map_warehouse-10-20-10-2-2_map-_home_max_Documents_PhD_MAPF_LNS_MAPF_LNS_SAT_mapf-scen-even_scen-even_warehouse-10-20-10-2-2-even-2_scen-agents50-idx4-seed42-1761041266349,/home/max/Documents/PhD/MAPF/LNS/MAPF_LNS_SAT/mapf-map/warehouse-10-20-10-2-2.map,/home/max/Documents/PhD/MAPF/LNS/MAPF_LNS_SAT/mapf-scen-even/scen-even/warehouse-10-20-10-2-2-even-2.scen,50,4,42,1,206,756.333000,1273,503,0.000000,0.578000,1.231000,0.922000,0.080585
_home_max_Documents_PhD_MAPF_LNS_MAPF_LNS_SAT_mapf-map_warehouse-10-20-10-2-2_map-_home_max_Documents_PhD_MAPF_LNS_MAPF_LNS_SAT_mapf-scen-even_scen-even_warehouse-10-20-10-2-2-even-2_scen-agents50-idx5-seed42-1761041267149,/home/max/Documents/PhD/MAPF/LNS/MAPF_LNS_SAT/mapf-map/warehouse-10-20-10-2-2.map,/home/max/Documents/PhD/MAPF/LNS/MAPF_LNS_SAT/mapf-scen-even/scen-even/warehouse-10-20-10-2-2-even-2.scen,50,5,42,1,193,780.656000,2612,1090,0.000000,1.027000,2.967000,2.197000,0.199218
_home_max_Documents_PhD_MAPF_LNS_MAPF_LNS_SAT_mapf-map_warehouse-10-20-10-2-2_map-_home_max_Documents_PhD_MAPF_LNS_MAPF_LNS_SAT_mapf-scen-even_scen-even_warehouse-10-20-10-2-2-even-2_scen-agents50-idx6-seed42-1761041267950,/home/max/Documents/PhD/MAPF/LNS/MAPF_LNS_SAT/mapf-map/warehouse-10-20-10-2-2.map,/home/max/Documents/PhD/MAPF/LNS/MAPF_LNS_SAT/mapf-scen-even/scen-even/warehouse-10-20-10-2-2-even-2.scen,50,6,42,1,202,818.806000,3908,1482,0.000000,1.620000,3.700000,2.832000,0.277702
_home_max_Documents_PhD_MAPF_LNS_MAPF_LNS_SAT_mapf-map_warehouse-10-20-10-2-2_map-_home_max_Documents_PhD_MAPF_LNS_MAPF_LNS_SAT_mapf-scen-even_scen-even_warehouse-10-20-10-2-2-even-2_scen-agents50-idx7-seed42-1761041268802,/home/max/Documents/PhD/MAPF/LNS/MAPF_LNS_SAT/mapf-map/warehouse-10-20-10-2-2.map,/home/max/Documents/PhD/MAPF/LNS/MAPF_LNS_SAT/mapf-scen-even/scen-even/warehouse-10-20-10-2-2-even-2.scen,50,7,42,1,215,850.227000,2921,1215,0.000000,1.248000,3.034000,2.284000,0.231360
_home_max_Documents_PhD_MAPF_LNS_MAPF_LNS_SAT_mapf-map_warehouse-10-20-10-2-2_map-_home_max_Documents_PhD_MAPF_LNS_MAPF_LNS_SAT_mapf-scen-even_scen-even_warehouse-10-20-10-2-2-even-2_scen-agents50-idx8-seed42-1761041269710,/home/max/Documents/PhD/MAPF/LNS/MAPF_LNS_SAT/mapf-map/warehouse-10-20-10-2-2.map,/home/max/Documents/PhD/MAPF/LNS/MAPF_LNS_SAT/mapf-scen-even/scen-even/warehouse-10-20-10-2-2-even-2.scen,50,8,42,1,214,884.247000,6561,1872,0.000000,2.360000,4.850000,3.911000,0.294861
_home_max_Documents_PhD_MAPF_LNS_MAPF_LNS_SAT_mapf-map_warehouse-10-20-10-2-2_map-_home_max_Documents_PhD_MAPF_LNS_MAPF_LNS_SAT_mapf-scen-even_scen-even_warehouse-10-20-10-2-2-even-3_scen-agents50-idx0-seed42-1761041270660,/home/max/Documents/PhD/MAPF/LNS/MAPF_LNS_SAT/mapf-map/warehouse-10-20-10-2-2.map,/home/max/Documents/PhD/MAPF/LNS/MAPF_LNS_SAT/mapf-scen-even/scen-even/warehouse-10-20-10-2-2-even-3.scen,50,0,42,1,214,811.399000,1265,499,0.000000,0.691000,1.361000,1.045000,0.096138
_home_max_Documents_PhD_MAPF_LNS_MAPF_LNS_SAT_mapf-map_warehouse-10-20-10-2-2_map-_home_max_Documents_PhD_MAPF_LNS_MAPF_LNS_SAT_mapf-scen-even_scen-even_warehouse-10-20-10-2-2-even-3_scen-agents50-idx1-seed42-1761041271512,/home/max/Documents/PhD/MAPF/LNS/MAPF_LNS_SAT/mapf-map/warehouse-10-20-10-2-2.map,/home/max/Documents/PhD/MAPF/LNS/MAPF_LNS_SAT/mapf-scen-even/scen-even/warehouse-10-20-10-2-2-even-3.scen,50,1,42,1,217,840.799000,2191,884,0.000000,0.972000,2.512000,1.815000,0.161900
_home_max_Documents_PhD_MAPF_LNS_MAPF_LNS_SAT_mapf-map_warehouse-10-20-10-2-2_map-_home_max_Documents_PhD_MAPF_LNS_MAPF_LNS_SAT_mapf-scen-even_scen-even_warehouse-10-20-10-2-2-even-3_scen-agents50-idx2-seed42-1761041272418,/home/max/Documents/PhD/MAPF/LNS/MAPF_LNS_SAT/mapf-map/warehouse-10-20-10-2-2.map,/home/max/Documents/PhD/MAPF/LNS/MAPF_LNS_SAT/mapf-scen-even/scen-even/warehouse-10-20-10-2-2-even-3.scen,50,2,42,1,219,820.342000,2521,1066,0.000000,1.131000,2.588000,1.940000,0.158094
_home_max_Documents_PhD_MAPF_LNS_MAPF_LNS_SAT_mapf-map_warehouse-10-20-10-2-2_map-_home_max_Documents_PhD_MAPF_LNS_MAPF_LNS_SAT_mapf-scen-even_scen-even_warehouse-10-20-10-2-2-even-3_scen-agents50-idx3-seed42-1761041273266,/home/max/Documents/PhD/MAPF/LNS/MAPF_LNS_SAT/mapf-map/warehouse-10-20-10-2-2.map,/home/max/Documents/PhD/MAPF/LNS/MAPF_LNS_SAT/mapf-scen-even/scen-even/warehouse-10-20-10-2-2-even-3.scen,50,3,42,1,217,815.956000,1352,563,0.000000,0.608000,1.788000,1.249000,0.125146
_home_max_Documents_PhD_MAPF_LNS_MAPF_LNS_SAT_mapf-map_warehouse-10-20-10-2-2_map-_home_max_Documents_PhD_MAPF_LNS_MAPF_LNS_SAT_mapf-scen-even_scen-even_warehouse-10-20-10-2-2-even-3_scen-agents50-idx4-seed42-1761041274121,/home/max/Documents/PhD/MAPF/LNS/MAPF_LNS_SAT/mapf-map/warehouse-10-20-10-2-2.map,/home/max/Documents/PhD/MAPF/LNS/MAPF_LNS_SAT/mapf-scen-even/scen-even/warehouse-10-20-10-2-2-even-3.scen,50,4,42,1,220,796.669000,1544,642,0.000000,0.709000,1.851000,1.331000,0.128016
_home_max_Documents_PhD_MAPF_LNS_MAPF_LNS_SAT_mapf-map_warehouse-10-20-10-2-2_map-_home_max_Documents_PhD_MAPF_LNS_MAPF_LNS_SAT_mapf-scen-even_scen-even_warehouse-10-20-10-2-2-even-3_scen-agents50-idx5-seed42-1761041274975,/home/max/Documents/PhD/MAPF/LNS/MAPF_LNS_SAT/mapf-map/warehouse-10-20-10-2-2.map,/home/max/Documents/PhD/MAPF/LNS/MAPF_LNS_SAT/mapf-scen-even/scen-even/warehouse-10-20-10-2-2-even-3.scen,50,5,42,1,218,782.225000,1235,525,0.000000,0.535000,1.388000,1.011000,0.091017
_home_max_Documents_PhD_MAPF_LNS_MAPF_LNS_SAT_mapf-map_warehouse-10-20-10-2-2_map-_home_max_Documents_PhD_MAPF_LNS_MAPF_LNS_SAT_mapf-scen-even_scen-even_warehouse-10-20-10-2-2-even-3_scen-agents50-idx6-seed42-1761041275827,/home/max/Documents/PhD/MAPF/LNS/MAPF_LNS_SAT/mapf-map/warehouse-10-20-10-2-2.map,/home/max/Documents/PhD/MAPF/LNS/MAPF_LNS_SAT/mapf-scen-even/scen-even/warehouse-10-20-10-2-2-even-3.scen,50,6,42,1,207,806.112000,3176,1197,0.000000,1.258000,2.852000,2.234000,0.200504
_home_max_Documents_PhD_MAPF_LNS_MAPF_LNS_SAT_mapf-map_warehouse-10-20-10-2-2_map-_home_max_Documents_PhD_MAPF_LNS_MAPF_LNS_SAT_mapf-scen-even_scen-even_warehouse-10-20-10-2-2-even-3_scen-agents50-idx7-seed42-1761041276679,/home/max/Documents/PhD/MAPF/LNS/MAPF_LNS_SAT/mapf-map/warehouse-10-20-10-2-2.map,/home/max/Documents/PhD/MAPF/LNS/MAPF_LNS_SAT/mapf-scen-even/scen-even/warehouse-10-20-10-2-2-even-3.scen,50,7,42,1,212,829.209000,2812,1130,0.001000,1.204000,2.801000,2.107000,0.192360
_home_max_Documents_PhD_MAPF_LNS_MAPF_LNS_SAT_mapf-map_warehouse-10-20-10-2-2_map-_home_max_Documents_PhD_MAPF_LNS_MAPF_LNS_SAT_mapf-scen-even_scen-even_warehouse-10-20-10-2-2-even-3_scen-agents50-idx8-seed42-1761041277530,/home/max/Documents/PhD/MAPF/LNS/MAPF_LNS_SAT/mapf-map/warehouse-10-20-10-2-2.map,/home/max/Documents/PhD/MAPF/LNS/MAPF_LNS_SAT/mapf-scen-even/scen-even/warehouse-10-20-10-2-2-even-3.scen,50,8,42,1,216,816.945000,2008,841,0.000000,1.173000,2.129000,1.565000,0.141186
_home_max_Documents_PhD_MAPF_LNS_MAPF_LNS_SAT_mapf-map_warehouse-10-20-10-2-2_map-_home_max_Documents_PhD_MAPF_LNS_MAPF_LNS_SAT_mapf-scen-even_scen-even_warehouse-10-20-10-2-2-even-4_scen-agents50-idx0-seed42-1761041278383,/home/max/Documents/PhD/MAPF/LNS/MAPF_LNS_SAT/mapf-map/warehouse-10-20-10-2-2.map,/home/max/Documents/PhD/MAPF/LNS/MAPF_LNS_SAT/mapf-scen-even/scen-even/warehouse-10-20-10-2-2-even-4.scen,50,0,42,1,223,900.371000,5682,1764,0.000000,2.142000,5.024000,3.954000,0.488984
_home_max_Documents_PhD_MAPF_LNS_MAPF_LNS_SAT_mapf-map_warehouse-10-20-10-2-2_map-_home_max_Documents_PhD_MAPF_LNS_MAPF_LNS_SAT_mapf-scen-even_scen-even_warehouse-10-20-10-2-2-even-4_scen-agents50-idx1-seed42-1761041279340,/home/max/Documents/PhD/MAPF/LNS/MAPF_LNS_SAT/mapf-map/warehouse-10-20-10-2-2.map,/home/max/Documents/PhD/MAPF/LNS/MAPF_LNS_SAT/mapf-scen-even/scen-even/warehouse-10-20-10-2-2-even-4.scen,50,1,42,1,206,803.465000,2159,863,0.000000,0.855000,2.392000,1.767000,0.186517
_home_max_Documents_PhD_MAPF_LNS_MAPF_LNS_SAT_mapf-map_warehouse-10-20-10-2-2_map-_home_max_Documents_PhD_MAPF_LNS_MAPF_LNS_SAT_mapf-scen-even_scen-even_warehouse-10-20-10-2-2-even-4_scen-agents50-idx2-seed42-1761041280192,/home/max/Documents/PhD/MAPF/LNS/MAPF_LNS_SAT/mapf-map/warehouse-10-20-10-2-2.map,/home/max/Documents/PhD/MAPF/LNS/MAPF_LNS_SAT/mapf-scen-even/scen-even/warehouse-10-20-10-2-2-even-4.scen,50,2,42,1,218,833.915000,1711,717,0.000000,0.778000,2.111000,1.474000,0.142306
_home_max_Documents_PhD_MAPF_LNS_MAPF_LNS_SAT_mapf-map_warehouse-10-20-10-2-2_map-_home_max_Documents_PhD_MAPF_LNS_MAPF_LNS_SAT_mapf-scen-even_scen-even_warehouse-10-20-10-2-2-even-4_scen-agents50-idx3-seed42-1761041281096,/home/max/Documents/PhD/MAPF/LNS/MAPF_LNS_SAT/mapf-map/warehouse-10-20-10-2-2.map,/home/max/Documents/PhD/MAPF/LNS/MAPF_LNS_SAT/mapf-scen-even/scen-even/warehouse-10-20-10-2-2-even-4.scen,50,3,42,1,219,811.190000,2409,979,0.000000,0.945000,2.588000,1.916000,0.179881
_home_max_Documents_PhD_MAPF_LNS_MAPF_LNS_SAT_mapf-map_warehouse-10-20-10-2-2_map-_home_max_Documents_PhD_MAPF_LNS_MAPF_LNS_SAT_mapf-scen-even_scen-even_warehouse-10-20-10-2-2-even-4_scen-agents50-idx4-seed42-1761041281943,/home/max/Documents/PhD/MAPF/LNS/MAPF_LNS_SAT/mapf-map/warehouse-10-20-10-2-2.map,/home/max/Documents/PhD/MAPF/LNS/MAPF_LNS_SAT/mapf-scen-even/scen-even/warehouse-10-20-10-2-2-even-4.scen,50,4,42,1,214,814.268000,1734,726,0.000000,0.823000,1.982000,1.431000,0.132449
_home_max_Documents_PhD_MAPF_LNS_MAPF_LNS_SAT_mapf-map_warehouse-10-20-10-2-2_map-_home_max_Documents_PhD_MAPF_LNS_MAPF_LNS_SAT_mapf-scen-even_scen-even_warehouse-10-20-10-2-2-even-4_scen-agents50-idx5-seed42-1761041282796,/home/max/Documents/PhD/MAPF/LNS/MAPF_LNS_SAT/mapf-map/warehouse-10-20-10-2-2.map,/home/max/Documents/PhD/MAPF/LNS/MAPF_LNS_SAT/mapf-scen-even/scen-even/warehouse-10-20-10-2-2-even-4.scen,50,5,42,1,216,783.186000,1213,511,0.000000,0.519000,1.448000,1.052000,0.101049
_home_max_Documents_PhD_MAPF_LNS_MAPF_LNS_SAT_mapf-map_warehouse-10-20-10-2-2_map-_home_max_Documents_PhD_MAPF_LNS_MAPF_LNS_SAT_mapf-scen-even_scen-even_warehouse-10-20-10-2-2-even-4_scen-agents50-idx6-seed42-1761041283652,/home/max/Documents/PhD/MAPF/LNS/MAPF_LNS_SAT/mapf-map/warehouse-10-20-10-2-2.map,/home/max/Documents/PhD/MAPF/LNS/MAPF_LNS_SAT/mapf-scen-even/scen-even/warehouse-10-20-10-2-2-even-4.scen,50,6,42,1,226,832.810000,2221,938,0.000000,1.000000,2.388000,1.752000,0.150027
_home_max_Documents_PhD_MAPF_LNS_MAPF_LNS_SAT_mapf-map_warehouse-10-20-10-2-2_map-_home_max_Documents_PhD_MAPF_LNS_MAPF_LNS_SAT_mapf-scen-even_scen-even_warehouse-10-20-10-2-2-even-4_scen-agents50-idx7-seed42-1761041284557,/home/max/Documents/PhD/MAPF/LNS/MAPF_LNS_SAT/mapf-map/warehouse-10-20-10-2-2.map,/home/max/Documents/PhD/MAPF/LNS/MAPF_LNS_SAT/mapf-scen-even/scen-even/warehouse-10-20-10-2-2-even-4.scen,50,7,42,1,217,763.928000,501,221,0.000000,0.227000,0.705000,0.482000,0.045512
_home_max_Documents_PhD_MAPF_LNS_MAPF_LNS_SAT_mapf-map_warehouse-10-20-10-2-2_map-_home_max_Documents_PhD_MAPF_LNS_MAPF_LNS_SAT_mapf-scen-even_scen-even_warehouse-10-20-10-2-2-even-4_scen-agents50-idx8-seed42-1761041285356,/home/max/Documents/PhD/MAPF/LNS/MAPF_LNS_SAT/mapf-map/warehouse-10-20-10-2-2.map,/home/max/Documents/PhD/MAPF/LNS/MAPF_LNS_SAT/mapf-scen-even/scen-even/warehouse-10-20-10-2-2-even-4.scen,50,8,42,1,218,810.322000,1657,678,0.000000,0.773000,1.825000,1.342000,0.115584
_home_max_Documents_PhD_MAPF_LNS_MAPF_LNS_SAT_mapf-map_warehouse-10-20-10-2-2_map-_home_max_Documents_PhD_MAPF_LNS_MAPF_LNS_SAT_mapf-scen-even_scen-even_warehouse-10-20-10-2-2-even-5_scen-agents50-idx0-seed42-1761041286210,/home/max/Documents/PhD/MAPF/LNS/MAPF_LNS_SAT/mapf-map/warehouse-10-20-10-2-2.map,/home/max/Documents/PhD/MAPF/LNS/MAPF_LNS_SAT/mapf-scen-even/scen-even/warehouse-10-20-10-2-2-even-5.scen,50,0,42,1,200,750.558000,1172,486,0.000000,0.484000,1.273000,0.947000,0.093313
_home_max_Documents_PhD_MAPF_LNS_MAPF_LNS_SAT_mapf-map_warehouse-10-20-10-2-2_map-_home_max_Documents_PhD_MAPF_LNS_MAPF_LNS_SAT_mapf-scen-even_scen-even_warehouse-10-20-10-2-2-even-5_scen-agents50-idx1-seed42-1761041287014,/home/max/Documents/PhD/MAPF/LNS/MAPF_LNS_SAT/mapf-map/warehouse-10-20-10-2-2.map,/home/max/Documents/PhD/MAPF/LNS/MAPF_LNS_SAT/mapf-scen-even/scen-even/warehouse-10-20-10-2-2-even-5.scen,50,1,42,1,207,866.681000,3422,1382,0.000000,1.454000,3.492000,2.617000,0.262778
_home_max_Documents_PhD_MAPF_LNS_MAPF_LNS_SAT_mapf-map_warehouse-10-20-10-2-2_map-_home_max_Documents_PhD_MAPF_LNS_MAPF_LNS_SAT_mapf-scen-even_scen-even_warehouse-10-20-10-2-2-even-5_scen-agents50-idx2-seed42-1761041287914,/home/max/Documents/PhD/MAPF/LNS/MAPF_LNS_SAT/mapf-map/warehouse-10-20-10-2-2.map,/home/max/Documents/PhD/MAPF/LNS/MAPF_LNS_SAT/mapf-scen-even/scen-even/warehouse-10-20-10-2-2-even-5.scen,50,2,42,1,199,777.464000,1882,714,0.003000,0.741000,1.939000,1.446000,0.128216
_home_max_Documents_PhD_MAPF_LNS_MAPF_LNS_SAT_mapf-map_warehouse-10-20-10-2-2_map-_home_max_Documents_PhD_MAPF_LNS_MAPF_LNS_SAT_mapf-scen-even_scen-even_warehouse-10-20-10-2-2-even-5_scen-agents50-idx3-seed42-1761041288716,/home/max/Documents/PhD/MAPF/LNS/MAPF_LNS_SAT/mapf-map/warehouse-10-20-10-2-2.map,/home/max/Documents/PhD/MAPF/LNS/MAPF_LNS_SAT/mapf-scen-even/scen-even/warehouse-10-20-10-2-2-even-5.scen,50,3,42,1,216,832.386000,2143,901,0.000000,1.006000,2.257000,1.671000,0.151418
_home_max_Documents_PhD_MAPF_LNS_MAPF_LNS_SAT_mapf-map_warehouse-10-20-10-2-2_map-_home_max_Documents_PhD_MAPF_LNS_MAPF_LNS_SAT_mapf-scen-even_scen-even_warehouse-10-20-10-2-2-even-5_scen-agents50-idx4-seed42-1761041289626,/home/max/Documents/PhD/MAPF/LNS/MAPF_LNS_SAT/mapf-map/warehouse-10-20-10-2-2.map,/home/max/Documents/PhD/MAPF/LNS/MAPF_LNS_SAT/mapf-scen-even/scen-even/warehouse-10-20-10-2-2-even-5.scen,50,4,42,1,211,806.920000,1539,627,0.000000,0.639000,1.830000,1.305000,0.115605
_home_max_Documents_PhD_MAPF_LNS_MAPF_LNS_SAT_mapf-map_warehouse-10-20-10-2-2_map-_home_max_Documents_PhD_MAPF_LNS_MAPF_LNS_SAT_mapf-scen-even_scen-even_warehouse-10-20-10-2-2-even-5_scen-agents50-idx5-seed42-1761041290474,/home/max/Documents/PhD/MAPF/LNS/MAPF_LNS_SAT/mapf-map/warehouse-10-20-10-2-2.map,/home/max/Documents/PhD/MAPF/LNS/MAPF_LNS_SAT/mapf-scen-even/scen-even/warehouse-10-20-10-2-2-even-5.scen,50,5,42,1,210,822.865000,2134,891,0.000000,0.917000,2.466000,1.778000,0.165709
_home_max_Documents_PhD_MAPF_LNS_MAPF_LNS_SAT_mapf-map_warehouse-10-20-10-2-2_map-_home_max_Documents_PhD_MAPF_LNS_MAPF_LNS_SAT_mapf-scen-even_scen-even_warehouse-10-20-10-2-2-even-5_scen-agents50-idx6-seed42-1761041291326,/home/max/Documents/PhD/MAPF/LNS/MAPF_LNS_SAT/mapf-map/warehouse-10-20-10-2-2.map,/home/max/Documents/PhD/MAPF/LNS/MAPF_LNS_SAT/mapf-scen-even/scen-even/warehouse-10-20-10-2-2-even-5.scen,50,6,42,1,213,773.079000,1479,633,0.000000,0.604000,1.722000,1.233000,0.113600
_home_max_Documents_PhD_MAPF_LNS_MAPF_LNS_SAT_mapf-map_warehouse-10-20-10-2-2_map-_home_max_Documents_PhD_MAPF_LNS_MAPF_LNS_SAT_mapf-scen-even_scen-even_warehouse-10-20-10-2-2-even-5_scen-agents50-idx7-seed42-1761041292130,/home/max/Documents/PhD/MAPF/LNS/MAPF_LNS_SAT/mapf-map/warehouse-10-20-10-2-2.map,/home/max/Documents/PhD/MAPF/LNS/MAPF_LNS_SAT/mapf-scen-even/scen-even/warehouse-10-20-10-2-2-even-5.scen,50,7,42,1,213,861.975000,3337,1394,0.000000,1.444000,3.538000,2.633000,0.232102
_home_max_Documents_PhD_MAPF_LNS_MAPF_LNS_SAT_mapf-map_warehouse-10-20-10-2-2_map-_home_max_Documents_PhD_MAPF_LNS_MAPF_LNS_SAT_mapf-scen-even_scen-even_warehouse-10-20-10-2-2-even-5_scen-agents50-idx8-seed42-1761041293034,/home/max/Documents/PhD/MAPF/LNS/MAPF_LNS_SAT/mapf-map/warehouse-10-20-10-2-2.map,/home/max/Documents/PhD/MAPF/LNS/MAPF_LNS_SAT/mapf-scen-even/scen-even/warehouse-10-20-10-2-2-even-5.scen,50,8,42,1,208,799.616000,1648,686,0.000000,0.660000,1.888000,1.390000,0.126619
_home_max_Documents_PhD_MAPF_LNS_MAPF_LNS_SAT_mapf-map_warehouse-10-20-10-2-2_map-_home_max_Documents_PhD_MAPF_LNS_MAPF_LNS_SAT_mapf-scen-even_scen-even_warehouse-10-20-10-2-2-even-6_scen-agents50-idx0-seed42-1761041293887,/home/max/Documents/PhD/MAPF/LNS/MAPF_LNS_SAT/mapf-map/warehouse-10-20-10-2-2.map,/home/max/Documents/PhD/MAPF/LNS/MAPF_LNS_SAT/mapf-scen-even/scen-even/warehouse-10-20-10-2-2-even-6.scen,50,0,42,1,221,854.156000,2418,1001,0.000000,1.037000,2.582000,1.916000,0.164981
_home_max_Documents_PhD_MAPF_LNS_MAPF_LNS_SAT_mapf-map_warehouse-10-20-10-2-2_map-_home_max_Documents_PhD_MAPF_LNS_MAPF_LNS_SAT_mapf-scen-even_scen-even_warehouse-10-20-10-2-2-even-6_scen-agents50-idx1-seed42-1761041294790,/home/max/Documents/PhD/MAPF/LNS/MAPF_LNS_SAT/mapf-map/warehouse-10-20-10-2-2.map,/home/max/Documents/PhD/MAPF/LNS/MAPF_LNS_SAT/mapf-scen-even/scen-even/warehouse-10-20-10-2-2-even-6.scen,50,1,42,1,206,820.630000,1956,809,0.000000,0.838000,2.280000,1.649000,0.158132
_home_max_Documents_PhD_MAPF_LNS_MAPF_LNS_SAT_mapf-map_warehouse-10-20-10-2-2_map-_home_max_Documents_PhD_MAPF_LNS_MAPF_LNS_SAT_mapf-scen-even_scen-even_warehouse-10-20-10-2-2-even-6_scen-agents50-idx2-seed42-1761041295641,/home/max/Documents/PhD/MAPF/LNS/MAPF_LNS_SAT/mapf-map/warehouse-10-20-10-2-2.map,/home/max/Documents/PhD/MAPF/LNS/MAPF_LNS_SAT/mapf-scen-even/scen-even/warehouse-10-20-10-2-2-even-6.scen,50,2,42,1,218,788.757000,1732,719,0.000000,0.717000,1.854000,1.382000,0.130539
_home_max_Documents_PhD_MAPF_LNS_MAPF_LNS_SAT_mapf-map_warehouse-10-20-10-2-2_map-_home_max_Documents_PhD_MAPF_LNS_MAPF_LNS_SAT_mapf-scen-even_scen-even_warehouse-10-20-10-2-2-even-6_scen-agents50-idx3-seed42-1761041296496,/home/max/Documents/PhD/MAPF/LNS/MAPF_LNS_SAT/mapf-map/warehouse-10-20-10-2-2.map,/home/max/Documents/PhD/MAPF/LNS/MAPF_LNS_SAT/mapf-scen-even/scen-even/warehouse-10-20-10-2-2-even-6.scen,50,3,42,1,208,803.263000,1796,709,0.000000,0.809000,1.892000,1.402000,0.128441
_home_max_Documents_PhD_MAPF_LNS_MAPF_LNS_SAT_mapf-map_warehouse-10-20-10-2-2_map-_home_max_Documents_PhD_MAPF_LNS_MAPF_LNS_SAT_mapf-scen-even_scen-even_warehouse-10-20-10-2-2-even-6_scen-agents50-idx4-seed42-1761041297349,/home/max/Documents/PhD/MAPF/LNS/MAPF_LNS_SAT/mapf-map/warehouse-10-20-10-2-2.map,/home/max/Documents/PhD/MAPF/LNS/MAPF_LNS_SAT/mapf-scen-even/scen-even/warehouse-10-20-10-2-2-even-6.scen,50,4,42,1,212,827.730000,1826,758,0.000000,0.759000,2.060000,1.522000,0.132155
_home_max_Documents_PhD_MAPF_LNS_MAPF_LNS_SAT_mapf-map_warehouse-10-20-10-2-2_map-_home_max_Documents_PhD_MAPF_LNS_MAPF_LNS_SAT_mapf-scen-even_scen-even_warehouse-10-20-10-2-2-even-6_scen-agents50-idx5-seed42-1761041298253,/home/max/Documents/PhD/MAPF/LNS/MAPF_LNS_SAT/mapf-map/warehouse-10-20-10-2-2.map,/home/max/Documents/PhD/MAPF/LNS/MAPF_LNS_SAT/mapf-scen-even/scen-even/warehouse-10-20-10-2-2-even-6.scen,50,5,42,1,216,836.447000,1545,649,0.000000,0.712000,1.960000,1.384000,0.132202
_home_max_Documents_PhD_MAPF_LNS_MAPF_LNS_SAT_mapf-map_warehouse-10-20-10-2-2_map-_home_max_Documents_PhD_MAPF_LNS_MAPF_LNS_SAT_mapf-scen-even_scen-even_warehouse-10-20-10-2-2-even-6_scen-agents50-idx6-seed42-1761041299157,/home/max/Documents/PhD/MAPF/LNS/MAPF_LNS_SAT/mapf-map/warehouse-10-20-10-2-2.map,/home/max/Documents/PhD/MAPF/LNS/MAPF_LNS_SAT/mapf-scen-even/scen-even/warehouse-10-20-10-2-2-even-6.scen,50,6,42,1,204,802.380000,1939,788,0.000000,0.994000,2.157000,1.560000,0.151051
_home_max_Documents_PhD_MAPF_LNS_MAPF_LNS_SAT_mapf-map_warehouse-10-20-10-2-2_map-_home_max_Documents_PhD_MAPF_LNS_MAPF_LNS_SAT_mapf-scen-even_scen-even_warehouse-10-20-10-2-2-even-6_scen-agents50-idx7-seed42-1761041300010,/home/max/Documents/PhD/MAPF/LNS/MAPF_LNS_SAT/mapf-map/warehouse-10-20-10-2-2.map,/home/max/Documents/PhD/MAPF/LNS/MAPF_LNS_SAT/mapf-scen-even/scen-even/warehouse-10-20-10-2-2-even-6.scen,50,7,42,1,208,800.571000,2019,806,0.000000,0.846000,2.096000,1.553000,0.133595
_home_max_Documents_PhD_MAPF_LNS_MAPF_LNS_SAT_mapf-map_warehouse-10-20-10-2-2_map-_home_max_Documents_PhD_MAPF_LNS_MAPF_LNS_SAT_mapf-scen-even_scen-even_warehouse-10-20-10-2-2-even-6_scen-agents50-idx8-seed42-1761041300862,/home/max/Documents/PhD/MAPF/LNS/MAPF_LNS_SAT/mapf-map/warehouse-10-20-10-2-2.map,/home/max/Documents/PhD/MAPF/LNS/MAPF_LNS_SAT/mapf-scen-even/scen-even/warehouse-10-20-10-2-2-even-6.scen,50,8,42,1,219,801.999000,1297,546,0.000000,0.537000,1.534000,1.105000,0.102253
_home_max_Documents_PhD_MAPF_LNS_MAPF_LNS_SAT_mapf-map_warehouse-10-20-10-2-2_map-_home_max_Documents_PhD_MAPF_LNS_MAPF_LNS_SAT_mapf-scen-even_scen-even_warehouse-10-20-10-2-2-even-7_scen-agents50-idx0-seed42-1761041301717,/home/max/Documents/PhD/MAPF/LNS/MAPF_LNS_SAT/mapf-map/warehouse-10-20-10-2-2.map,/home/max/Documents/PhD/MAPF/LNS/MAPF_LNS_SAT/mapf-scen-even/scen-even/warehouse-10-20-10-2-2-even-7.scen,50,0,42,1,217,806.019000,3292,1130,0.000000,1.176000,2.979000,2.295000,0.207321
_home_max_Documents_PhD_MAPF_LNS_MAPF_LNS_SAT_mapf-map_warehouse-10-20-10-2-2_map-_home_max_Documents_PhD_MAPF_LNS_MAPF_LNS_SAT_mapf-scen-even_scen-even_warehouse-10-20-10-2-2-even-7_scen-agents50-idx1-seed42-1761041302570,/home/max/Documents/PhD/MAPF/LNS/MAPF_LNS_SAT/mapf-map/warehouse-10-20-10-2-2.map,/home/max/Documents/PhD/MAPF/LNS/MAPF_LNS_SAT/mapf-scen-even/scen-even/warehouse-10-20-10-2-2-even-7.scen,50,1,42,1,226,853.704000,1764,701,0.000000,0.812000,2.068000,1.488000,0.140399
_home_max_Documents_PhD_MAPF_LNS_MAPF_LNS_SAT_mapf-map_warehouse-10-20-10-2-2_map-_home_max_Documents_PhD_MAPF_LNS_MAPF_LNS_SAT_mapf-scen-even_scen-even_warehouse-10-20-10-2-2-even-7_scen-agents50-idx2-seed42-1761041303474,/home/max/Documents/PhD/MAPF/LNS/MAPF_LNS_SAT/mapf-map/warehouse-10-20-10-2-2.map,/home/max/Documents/PhD/MAPF/LNS/MAPF_LNS_SAT/mapf-scen-even/scen-even/warehouse-10-20-10-2-2-even-7.scen,50,2,42,1,221,904.542000,3885,1501,0.000000,1.737000,3.805000,2.986000,0.238389
_home_max_Documents_PhD_MAPF_LNS_MAPF_LNS_SAT_mapf-map_warehouse-10-20-10-2-2_map-_home_max_Documents_PhD_MAPF_LNS_MAPF_LNS_SAT_mapf-scen-even_scen-even_warehouse-10-20-10-2-2-even-7_scen-agents50-idx3-seed42-1761041304426,/home/max/Documents/PhD/MAPF/LNS/MAPF_LNS_SAT/mapf-map/warehouse-10-20-10-2-2.map,/home/max/Documents/PhD/MAPF/LNS/MAPF_LNS_SAT/mapf-scen-even/scen-even/warehouse-10-20-10-2-2-even-7.scen,50,3,42,1,218,901.023000,2400,992,0.000000,1.164000,3.033000,2.226000,0.216218
_home_max_Documents_PhD_MAPF_LNS_MAPF_LNS_SAT_mapf-map_warehouse-10-20-10-2-2_map-_home_max_Documents_PhD_MAPF_LNS_MAPF_LNS_SAT_mapf-scen-even_scen-even_warehouse-10-20-10-2-2-even-7_scen-agents50-idx4-seed42-1761041305378,/home/max/Documents/PhD/MAPF/LNS/MAPF_LNS_SAT/mapf-map/warehouse-10-20-10-2-2.map,/home/max/Documents/PhD/MAPF/LNS/MAPF_LNS_SAT/mapf-scen-even/scen-even/warehouse-10-20-10-2-2-even-7.scen,50,4,42,1,218,775.067000,1581,670,0.000000,0.687000,1.719000,1.292000,0.139895
_home_max_Documents_PhD_MAPF_LNS_MAPF_LNS_SAT_mapf-map_warehouse-10-20-10-2-2_map-_home_max_Documents_PhD_MAPF_LNS_MAPF_LNS_SAT_mapf-scen-even_scen-even_warehouse-10-20-10-2-2-even-7_scen-agents50-idx5-seed42-1761041306181,/home/max/Documents/PhD/MAPF/LNS/MAPF_LNS_SAT/mapf-map/warehouse-10-20-10-2-2.map,/home/max/Documents/PhD/MAPF/LNS/MAPF_LNS_SAT/mapf-scen-even/scen-even/warehouse-10-20-10-2-2-even-7.scen,50,5,42,1,219,774.558000,1793,722,0.000000,0.762000,1.987000,1.471000,0.135188
_home_max_Documents_PhD_MAPF_LNS_MAPF_LNS_SAT_mapf-map_warehouse-10-20-10-2-2_map-_home_max_Documents_PhD_MAPF_LNS_MAPF_LNS_SAT_mapf-scen-even_scen-even_warehouse-10-20-10-2-2-even-7_scen-agents50-idx6-seed42-1761041306983,/home/max/Documents/PhD/MAPF/LNS/MAPF_LNS_SAT/mapf-map/warehouse-10-20-10-2-2.map,/home/max/Documents/PhD/MAPF/LNS/MAPF_LNS_SAT/mapf-scen-even/scen-even/warehouse-10-20-10-2-2-even-7.scen,50,6,42,1,221,852.530000,3434,1392,0.000000,1.467000,3.394000,2.580000,0.223244
_home_max_Documents_PhD_MAPF_LNS_MAPF_LNS_SAT_mapf-map_warehouse-10-20-10-2-2_map-_home_max_Documents_PhD_MAPF_LNS_MAPF_LNS_SAT_mapf-scen-even_scen-even_warehouse-10-20-10-2-2-even-7_scen-agents50-idx7-seed42-1761041307890,/home/max/Documents/PhD/MAPF/LNS/MAPF_LNS_SAT/mapf-map/warehouse-10-20-10-2-2.map,/home/max/Documents/PhD/MAPF/LNS/MAPF_LNS_SAT/mapf-scen-even/scen-even/warehouse-10-20-10-2-2-even-7.scen,50,7,42,1,217,836.662000,2904,1198,0.000000,1.252000,3.233000,2.376000,0.227475
_home_max_Documents_PhD_MAPF_LNS_MAPF_LNS_SAT_mapf-map_warehouse-10-20-10-2-2_map-_home_max_Documents_PhD_MAPF_LNS_MAPF_LNS_SAT_mapf-scen-even_scen-even_warehouse-10-20-10-2-2-even-7_scen-agents50-idx8-seed42-1761041308794,/home/max/Documents/PhD/MAPF/LNS/MAPF_LNS_SAT/mapf-map/warehouse-10-20-10-2-2.map,/home/max/Documents/PhD/MAPF/LNS/MAPF_LNS_SAT/mapf-scen-even/scen-even/warehouse-10-20-10-2-2-even-7.scen,50,8,42,1,225,843.021000,2077,865,0.000000,0.879000,2.249000,1.662000,0.158459
_home_max_Documents_PhD_MAPF_LNS_MAPF_LNS_SAT_mapf-map_warehouse-10-20-10-2-2_map-_home_max_Documents_PhD_MAPF_LNS_MAPF_LNS_SAT_mapf-scen-even_scen-even_warehouse-10-20-10-2-2-even-8_scen-agents50-idx0-seed42-1761041309699,/home/max/Documents/PhD/MAPF/LNS/MAPF_LNS_SAT/mapf-map/warehouse-10-20-10-2-2.map,/home/max/Documents/PhD/MAPF/LNS/MAPF_LNS_SAT/mapf-scen-even/scen-even/warehouse-10-20-10-2-2-even-8.scen,50,0,42,1,228,816.131000,1941,821,0.000000,0.840000,2.283000,1.625000,0.147077
_home_max_Documents_PhD_MAPF_LNS_MAPF_LNS_SAT_mapf-map_warehouse-10-20-10-2-2_map-_home_max_Documents_PhD_MAPF_LNS_MAPF_LNS_SAT_mapf-scen-even_scen-even_warehouse-10-20-10-2-2-even-8_scen-agents50-idx1-seed42-1761041310550,/home/max/Documents/PhD/MAPF/LNS/MAPF_LNS_SAT/mapf-map/warehouse-10-20-10-2-2.map,/home/max/Documents/PhD/MAPF/LNS/MAPF_LNS_SAT/mapf-scen-even/scen-even/warehouse-10-20-10-2-2-even-8.scen,50,1,42,1,232,843.757000,2847,1037,0.000000,1.167000,2.810000,2.124000,0.242004
_home_max_Documents_PhD_MAPF_LNS_MAPF_LNS_SAT_mapf-map_warehouse-10-20-10-2-2_map-_home_max_Documents_PhD_MAPF_LNS_MAPF_LNS_SAT_mapf-scen-even_scen-even_warehouse-10-20-10-2-2-even-8_scen-agents50-idx2-seed42-1761041311456,/home/max/Documents/PhD/MAPF/LNS/MAPF_LNS_SAT/mapf-map/warehouse-10-20-10-2-2.map,/home/max/Documents/PhD/MAPF/LNS/MAPF_LNS_SAT/mapf-scen-even/scen-even/warehouse-10-20-10-2-2-even-8.scen,50,2,42,1,231,889.320000,5003,1676,0.000000,2.157000,5.671000,4.283000,0.600190
_home_max_Documents_PhD_MAPF_LNS_MAPF_LNS_SAT_mapf-map_warehouse-10-20-10-2-2_map-_home_max_Documents_PhD_MAPF_LNS_MAPF_LNS_SAT_mapf-scen-even_scen-even_warehouse-10-20-10-2-2-even-8_scen-agents50-idx3-seed42-1761041312408,/home/max/Documents/PhD/MAPF/LNS/MAPF_LNS_SAT/mapf-map/warehouse-10-20-10-2-2.map,/home/max/Documents/PhD/MAPF/LNS/MAPF_LNS_SAT/mapf-scen-even/scen-even/warehouse-10-20-10-2-2-even-8.scen,50,3,42,1,220,871.471000,2646,1071,0.000000,1.151000,2.874000,2.128000,0.193703
_home_max_Documents_PhD_MAPF_LNS_MAPF_LNS_SAT_mapf-map_warehouse-10-20-10-2-2_map-_home_max_Documents_PhD_MAPF_LNS_MAPF_LNS_SAT_mapf-scen-even_scen-even_warehouse-10-20-10-2-2-even-8_scen-agents50-idx4-seed42-1761041313309,/home/max/Documents/PhD/MAPF/LNS/MAPF_LNS_SAT/mapf-map/warehouse-10-20-10-2-2.map,/home/max/Documents/PhD/MAPF/LNS/MAPF_LNS_SAT/mapf-scen-even/scen-even/warehouse-10-20-10-2-2-even-8.scen,50,4,42,1,230,851.195000,2007,810,0.001000,1.017000,2.202000,1.627000,0.157189
_home_max_Documents_PhD_MAPF_LNS_MAPF_LNS_SAT_mapf-map_warehouse-10-20-10-2-2_map-_home_max_Documents_PhD_MAPF_LNS_MAPF_LNS_SAT_mapf-scen-even_scen-even_warehouse-10-20-10-2-2-even-8_scen-agents50-idx5-seed42-1761041314215,/home/max/Documents/PhD/MAPF/LNS/MAPF_LNS_SAT/mapf-map/warehouse-10-20-10-2-2.map,/home/max/Documents/PhD/MAPF/LNS/MAPF_LNS_SAT/mapf-scen-even/scen-even/warehouse-10-20-10-2-2-even-8.scen,50,5,42,1,223,826.331000,1064,432,0.000000,0.483000,1.446000,0.983000,0.084739
_home_max_Documents_PhD_MAPF_LNS_MAPF_LNS_SAT_mapf-map_warehouse-10-20-10-2-2_map-_home_max_Documents_PhD_MAPF_LNS_MAPF_LNS_SAT_mapf-scen-even_scen-even_warehouse-10-20-10-2-2-even-8_scen-agents50-idx6-seed42-1761041315116,/home/max/Documents/PhD/MAPF/LNS/MAPF_LNS_SAT/mapf-map/warehouse-10-20-10-2-2.map,/home/max/Documents/PhD/MAPF/LNS/MAPF_LNS_SAT/mapf-scen-even/scen-even/warehouse-10-20-10-2-2-even-8.scen,50,6,42,1,228,777.935000,923,386,0.000000,0.438000,1.186000,0.834000,0.077633
_home_max_Documents_PhD_MAPF_LNS_MAPF_LNS_SAT_mapf-map_warehouse-10-20-10-2-2_map-_home_max_Documents_PhD_MAPF_LNS_MAPF_LNS_SAT_mapf-scen-even_scen-even_warehouse-10-20-10-2-2-even-8_scen-agents50-idx7-seed42-1761041315971,/home/max/Documents/PhD/MAPF/LNS/MAPF_LNS_SAT/mapf-map/warehouse-10-20-10-2-2.map,/home/max/Documents/PhD/MAPF/LNS/MAPF_LNS_SAT/mapf-scen-even/scen-even/warehouse-10-20-10-2-2-even-8.scen,50,7,42,1,217,799.555000,1468,620,0.000000,0.602000,1.657000,1.207000,0.119942
_home_max_Documents_PhD_MAPF_LNS_MAPF_LNS_SAT_mapf-map_warehouse-10-20-10-2-2_map-_home_max_Documents_PhD_MAPF_LNS_MAPF_LNS_SAT_mapf-scen-even_scen-even_warehouse-10-20-10-2-2-even-8_scen-agents50-idx8-seed42-1761041316821,/home/max/Documents/PhD/MAPF/LNS/MAPF_LNS_SAT/mapf-map/warehouse-10-20-10-2-2.map,/home/max/Documents/PhD/MAPF/LNS/MAPF_LNS_SAT/mapf-scen-even/scen-even/warehouse-10-20-10-2-2-even-8.scen,50,8,42,1,230,841.581000,1974,825,0.000000,0.827000,2.144000,1.600000,0.143486
_home_max_Documents_PhD_MAPF_LNS_MAPF_LNS_SAT_mapf-map_warehouse-10-20-10-2-2_map-_home_max_Documents_PhD_MAPF_LNS_MAPF_LNS_SAT_mapf-scen-even_scen-even_warehouse-10-20-10-2-2-even-8_scen-agents50-idx9-seed42-1761041317726,/home/max/Documents/PhD/MAPF/LNS/MAPF_LNS_SAT/mapf-map/warehouse-10-20-10-2-2.map,/home/max/Documents/PhD/MAPF/LNS/MAPF_LNS_SAT/mapf-scen-even/scen-even/warehouse-10-20-10-2-2-even-8.scen,50,9,42,1,225,825.673000,1927,793,0.000000,0.791000,2.122000,1.549000,0.155565
_home_max_Documents_PhD_MAPF_LNS_MAPF_LNS_SAT_mapf-map_warehouse-10-20-10-2-2_map-_home_max_Documents_PhD_MAPF_LNS_MAPF_LNS_SAT_mapf-scen-even_scen-even_warehouse-10-20-10-2-2-even-9_scen-agents50-idx0-seed42-1761041318628,/home/max/Documents/PhD/MAPF/LNS/MAPF_LNS_SAT/mapf-map/warehouse-10-20-10-2-2.map,/home/max/Documents/PhD/MAPF/LNS/MAPF_LNS_SAT/mapf-scen-even/scen-even/warehouse-10-20-10-2-2-even-9.scen,50,0,42,1,221,763.665000,931,388,0.000000,0.412000,1.105000,0.776000,0.063957
_home_max_Documents_PhD_MAPF_LNS_MAPF_LNS_SAT_mapf-map_warehouse-10-20-10-2-2_map-_home_max_Documents_PhD_MAPF_LNS_MAPF_LNS_SAT_mapf-scen-even_scen-even_warehouse-10-20-10-2-2-even-9_scen-agents50-idx1-seed42-1761041319429,/home/max/Documents/PhD/MAPF/LNS/MAPF_LNS_SAT/mapf-map/warehouse-10-20-10-2-2.map,/home/max/Documents/PhD/MAPF/LNS/MAPF_LNS_SAT/mapf-scen-even/scen-even/warehouse-10-20-10-2-2-even-9.scen,50,1,42,1,218,861.198000,5368,1649,0.000000,2.050000,4.701000,3.767000,0.437456
_home_max_Documents_PhD_MAPF_LNS_MAPF_LNS_SAT_mapf-map_warehouse-10-20-10-2-2_map-_home_max_Documents_PhD_MAPF_LNS_MAPF_LNS_SAT_mapf-scen-even_scen-even_warehouse-10-20-10-2-2-even-9_scen-agents50-idx2-seed42-1761041320332,/home/max/Documents/PhD/MAPF/LNS/MAPF_LNS_SAT/mapf-map/warehouse-10-20-10-2-2.map,/home/max/Documents/PhD/MAPF/LNS/MAPF_LNS_SAT/mapf-scen-even/scen-even/warehouse-10-20-10-2-2-even-9.scen,50,2,42,1,216,789.160000,1309,574,0.000000,0.795000,1.390000,1.048000,0.092677
_home_max_Documents_PhD_MAPF_LNS_MAPF_LNS_SAT_mapf-map_warehouse-10-20-10-2-2_map-_home_max_Documents_PhD_MAPF_LNS_MAPF_LNS_SAT_mapf-scen-even_scen-even_warehouse-10-20-10-2-2-even-9_scen-agents50-idx3-seed42-1761041321188,/home/max/Documents/PhD/MAPF/LNS/MAPF_LNS_SAT/mapf-map/warehouse-10-20-10-2-2.map,/home/max/Documents/PhD/MAPF/LNS/MAPF_LNS_SAT/mapf-scen-even/scen-even/warehouse-10-20-10-2-2-even-9.scen,50,3,42,1,221,850.128000,1590,679,0.000000,0.755000,2.001000,1.418000,0.129233
_home_max_Documents_PhD_MAPF_LNS_MAPF_LNS_SAT_mapf-map_warehouse-10-20-10-2-2_map-_home_max_Documents_PhD_MAPF_LNS_MAPF_LNS_SAT_mapf-scen-even_scen-even_warehouse-10-20-10-2-2-even-9_scen-agents50-idx4-seed42-1761041322090,/home/max/Documents/PhD/MAPF/LNS/MAPF_LNS_SAT/mapf-map/warehouse-10-20-10-2-2.map,/home/max/Documents/PhD/MAPF/LNS/MAPF_LNS_SAT/mapf-scen-even/scen-even/warehouse-10-20-10-2-2-even-9.scen,50,4,42,1,219,844.571000,2466,1034,0.000000,1.110000,2.708000,2.001000,0.179607
_home_max_Documents_PhD_MAPF_LNS_MAPF_LNS_SAT_mapf-map_warehouse-10-20-10-2-2_map-_home_max_Documents_PhD_MAPF_LNS_MAPF_LNS_SAT_mapf-scen-even_scen-even_warehouse-10-20-10-2-2-even-9_scen-agents50-idx5-seed42-1761041322994,/home/max/Documents/PhD/MAPF/LNS/MAPF_LNS_SAT/mapf-map/warehouse-10-20-10-2-2.map,/home/max/Documents/PhD/MAPF/LNS/MAPF_LNS_SAT/mapf-scen-even/scen-even/warehouse-10-20-10-2-2-even-9.scen,50,5,42,1,210,843.237000,2683,1109,0.000000,1.154000,2.895000,2.162000,0.205320
_home_max_Documents_PhD_MAPF_LNS_MAPF_LNS_SAT_mapf-map_warehouse-10-20-10-2-2_map-_home_max_Documents_PhD_MAPF_LNS_MAPF_LNS_SAT_mapf-scen-even_scen-even_warehouse-10-20-10-2-2-even-9_scen-agents50-idx6-seed42-1761041323897,/home/max/Documents/PhD/MAPF/LNS/MAPF_LNS_SAT/mapf-map/warehouse-10-20-10-2-2.map,/home/max/Documents/PhD/MAPF/LNS/MAPF_LNS_SAT/mapf-scen-even/scen-even/warehouse-10-20-10-2-2-even-9.scen,50,6,42,1,217,804.443000,1448,594,0.000000,0.804000,1.857000,1.311000,0.130971
_home_max_Documents_PhD_MAPF_LNS_MAPF_LNS_SAT_mapf-map_warehouse-10-20-10-2-2_map-_home_max_Documents_PhD_MAPF_LNS_MAPF_LNS_SAT_mapf-scen-even_scen-even_warehouse-10-20-10-2-2-even-9_scen-agents50-idx7-seed42-1761041324748,/home/max/Documents/PhD/MAPF/LNS/MAPF_LNS_SAT/mapf-map/warehouse-10-20-10-2-2.map,/home/max/Documents/PhD/MAPF/LNS/MAPF_LNS_SAT/mapf-scen-even/scen-even/warehouse-10-20-10-2-2-even-9.scen,50,7,42,1,220,751.361000,1244,520,0.000000,0.518000,1.404000,1.047000,0.086993
_home_max_Documents_PhD_MAPF_LNS_MAPF_LNS_SAT_mapf-map_warehouse-10-20-10-2-2_map-_home_max_Documents_PhD_MAPF_LNS_MAPF_LNS_SAT_mapf-scen-even_scen-even_warehouse-10-20-10-2-2-even-9_scen-agents50-idx8-seed42-1761041325553,/home/max/Documents/PhD/MAPF/LNS/MAPF_LNS_SAT/mapf-map/warehouse-10-20-10-2-2.map,/home/max/Documents/PhD/MAPF/LNS/MAPF_LNS_SAT/mapf-scen-even/scen-even/warehouse-10-20-10-2-2-even-9.scen,50,8,42,1,218,839.529000,2575,1018,0.000000,1.068000,2.689000,1.998000,0.189953
_home_max_Documents_PhD_MAPF_LNS_MAPF_LNS_SAT_mapf-map_warehouse-10-20-10-2-2_map-_home_max_Documents_PhD_MAPF_LNS_MAPF_LNS_SAT_mapf-scen-even_scen-even_warehouse-10-20-10-2-2-even-10_scen-agents50-idx0-seed42-1761041326456,/home/max/Documents/PhD/MAPF/LNS/MAPF_LNS_SAT/mapf-map/warehouse-10-20-10-2-2.map,/home/max/Documents/PhD/MAPF/LNS/MAPF_LNS_SAT/mapf-scen-even/scen-even/warehouse-10-20-10-2-2-even-10.scen,50,0,42,1,232,899.332000,2786,1143,0.000000,1.435000,2.745000,2.097000,0.183533
_home_max_Documents_PhD_MAPF_LNS_MAPF_LNS_SAT_mapf-map_warehouse-10-20-10-2-2_map-_home_max_Documents_PhD_MAPF_LNS_MAPF_LNS_SAT_mapf-scen-even_scen-even_warehouse-10-20-10-2-2-even-10_scen-agents50-idx1-seed42-1761041327410,/home/max/Documents/PhD/MAPF/LNS/MAPF_LNS_SAT/mapf-map/warehouse-10-20-10-2-2.map,/home/max/Documents/PhD/MAPF/LNS/MAPF_LNS_SAT/mapf-scen-even/scen-even/warehouse-10-20-10-2-2-even-10.scen,50,1,42,1,215,731.944000,577,233,0.000000,0.285000,0.771000,0.529000,0.053072
_home_max_Documents_PhD_MAPF_LNS_MAPF_LNS_SAT_mapf-map_warehouse-10-20-10-2-2_map-_home_max_Documents_PhD_MAPF_LNS_MAPF_LNS_SAT_mapf-scen-even_scen-even_warehouse-10-20-10-2-2-even-10_scen-agents50-idx2-seed42-1761041328211,/home/max/Documents/PhD/MAPF/LNS/MAPF_LNS_SAT/mapf-map/warehouse-10-20-10-2-2.map,/home/max/Documents/PhD/MAPF/LNS/MAPF_LNS_SAT/mapf-scen-even/scen-even/warehouse-10-20-10-2-2-even-10.scen,50,2,42,1,224,820.731000,1824,767,0.000000,0.879000,2.065000,1.467000,0.149722
_home_max_Documents_PhD_MAPF_LNS_MAPF_LNS_SAT_mapf-map_warehouse-10-20-10-2-2_map-_home_max_Documents_PhD_MAPF_LNS_MAPF_LNS_SAT_mapf-scen-even_scen-even_warehouse-10-20-10-2-2-even-10_scen-agents50-idx3-seed42-1761041329061,/home/max/Documents/PhD/MAPF/LNS/MAPF_LNS_SAT/mapf-map/warehouse-10-20-10-2-2.map,/home/max/Documents/PhD/MAPF/LNS/MAPF_LNS_SAT/mapf-scen-even/scen-even/warehouse-10-20-10-2-2-even-10.scen,50,3,42,1,227,838.968000,905,392,0.000000,0.447000,1.322000,0.898000,0.080637
_home_max_Documents_PhD_MAPF_LNS_MAPF_LNS_SAT_mapf-map_warehouse-10-20-10-2-2_map-_home_max_Documents_PhD_MAPF_LNS_MAPF_LNS_SAT_mapf-scen-even_scen-even_warehouse-10-20-10-2-2-even-10_scen-agents50-idx4-seed42-1761041329966,/home/max/Documents/PhD/MAPF/LNS/MAPF_LNS_SAT/mapf-map/warehouse-10-20-10-2-2.map,/home/max/Documents/PhD/MAPF/LNS/MAPF_LNS_SAT/mapf-scen-even/scen-even/warehouse-10-20-10-2-2-even-10.scen,50,4,42,1,207,892.849000,3127,1227,0.000000,1.406000,3.238000,2.417000,0.227005
_home_max_Documents_PhD_MAPF_LNS_MAPF_LNS_SAT_mapf-map_warehouse-10-20-10-2-2_map-_home_max_Documents_PhD_MAPF_LNS_MAPF_LNS_SAT_mapf-scen-even_scen-even_warehouse-10-20-10-2-2-even-10_scen-agents50-idx5-seed42-1761041330920,/home/max/Documents/PhD/MAPF/LNS/MAPF_LNS_SAT/mapf-map/warehouse-10-20-10-2-2.map,/home/max/Documents/PhD/MAPF/LNS/MAPF_LNS_SAT/mapf-scen-even/scen-even/warehouse-10-20-10-2-2-even-10.scen,50,5,42,1,230,841.519000,1477,621,0.000000,0.700000,1.800000,1.290000,0.119364
_home_max_Documents_PhD_MAPF_LNS_MAPF_LNS_SAT_mapf-map_warehouse-10-20-10-2-2_map-_home_max_Documents_PhD_MAPF_LNS_MAPF_LNS_SAT_mapf-scen-even_scen-even_warehouse-10-20-10-2-2-even-10_scen-agents50-idx6-seed42-1761041331821,/home/max/Documents/PhD/MAPF/LNS/MAPF_LNS_SAT/mapf-map/warehouse-10-20-10-2-2.map,/home/max/Documents/PhD/MAPF/LNS/MAPF_LNS_SAT/mapf-scen-even/scen-even/warehouse-10-20-10-2-2-even-10.scen,50,6,42,1,220,849.090000,1990,830,0.000000,0.846000,2.315000,1.643000,0.139656
_home_max_Documents_PhD_MAPF_LNS_MAPF_LNS_SAT_mapf-map_warehouse-10-20-10-2-2_map-_home_max_Documents_PhD_MAPF_LNS_MAPF_LNS_SAT_mapf-scen-even_scen-even_warehouse-10-20-10-2-2-even-10_scen-agents50-idx7-seed42-1761041332724,/home/max/Documents/PhD/MAPF/LNS/MAPF_LNS_SAT/mapf-map/warehouse-10-20-10-2-2.map,/home/max/Documents/PhD/MAPF/LNS/MAPF_LNS_SAT/mapf-scen-even/scen-even/warehouse-10-20-10-2-2-even-10.scen,50,7,42,1,232,802.629000,1073,451,0.000000,0.447000,1.268000,0.912000,0.082973
_home_max_Documents_PhD_MAPF_LNS_MAPF_LNS_SAT_mapf-map_warehouse-10-20-10-2-2_map-_home_max_Documents_PhD_MAPF_LNS_MAPF_LNS_SAT_mapf-scen-even_scen-even_warehouse-10-20-10-2-2-even-10_scen-agents50-idx8-seed42-1761041333577,/home/max/Documents/PhD/MAPF/LNS/MAPF_LNS_SAT/mapf-map/warehouse-10-20-10-2-2.map,/home/max/Documents/PhD/MAPF/LNS/MAPF_LNS_SAT/mapf-scen-even/scen-even/warehouse-10-20-10-2-2-even-10.scen,50,8,42,1,231,803.641000,1396,581,0.000000,0.591000,1.591000,1.162000,0.115481
_home_max_Documents_PhD_MAPF_LNS_MAPF_LNS_SAT_mapf-map_warehouse-10-20-10-2-2_map-_home_max_Documents_PhD_MAPF_LNS_MAPF_LNS_SAT_mapf-scen-even_scen-even_warehouse-10-20-10-2-2-even-10_scen-agents50-idx9-seed42-1761041334428,/home/max/Documents/PhD/MAPF/LNS/MAPF_LNS_SAT/mapf-map/warehouse-10-20-10-2-2.map,/home/max/Documents/PhD/MAPF/LNS/MAPF_LNS_SAT/mapf-scen-even/scen-even/warehouse-10-20-10-2-2-even-10.scen,50,9,42,1,230,812.018000,1571,657,0.000000,0.778000,1.789000,1.287000,0.113697
_home_max_Documents_PhD_MAPF_LNS_MAPF_LNS_SAT_mapf-map_warehouse-10-20-10-2-2_map-_home_max_Documents_PhD_MAPF_LNS_MAPF_LNS_SAT_mapf-scen-even_scen-even_warehouse-10-20-10-2-2-even-11_scen-agents50-idx0-seed42-1761041335280,/home/max/Documents/PhD/MAPF/LNS/MAPF_LNS_SAT/mapf-map/warehouse-10-20-10-2-2.map,/home/max/Documents/PhD/MAPF/LNS/MAPF_LNS_SAT/mapf-scen-even/scen-even/warehouse-10-20-10-2-2-even-11.scen,50,0,42,1,217,820.224000,1854,774,0.000000,0.804000,2.177000,1.573000,0.156620
_home_max_Documents_PhD_MAPF_LNS_MAPF_LNS_SAT_mapf-map_warehouse-10-20-10-2-2_map-_home_max_Documents_PhD_MAPF_LNS_MAPF_LNS_SAT_mapf-scen-even_scen-even_warehouse-10-20-10-2-2-even-11_scen-agents50-idx1-seed42-1761041336133,/home/max/Documents/PhD/MAPF/LNS/MAPF_LNS_SAT/mapf-map/warehouse-10-20-10-2-2.map,/home/max/Documents/PhD/MAPF/LNS/MAPF_LNS_SAT/mapf-scen-even/scen-even/warehouse-10-20-10-2-2-even-11.scen,50,1,42,1,220,804.400000,1327,553,0.000000,0.644000,1.630000,1.147000,0.101761
_home_max_Documents_PhD_MAPF_LNS_MAPF_LNS_SAT_mapf-map_warehouse-10-20-10-2-2_map-_home_max_Documents_PhD_MAPF_LNS_MAPF_LNS_SAT_mapf-scen-even_scen-even_warehouse-10-20-10-2-2-even-11_scen-agents50-idx2-seed42-1761041336989,/home/max/Documents/PhD/MAPF/LNS/MAPF_LNS_SAT/mapf-map/warehouse-10-20-10-2-2.map,/home/max/Documents/PhD/MAPF/LNS/MAPF_LNS_SAT/mapf-scen-even/scen-even/warehouse-10-20-10-2-2-even-11.scen,50,2,42,1,210,817.559000,2040,811,0.003000,0.817000,2.170000,1.615000,0.181857
_home_max_Documents_PhD_MAPF_LNS_MAPF_LNS_SAT_mapf-map_warehouse-10-20-10-2-2_map-_home_max_Documents_PhD_MAPF_LNS_MAPF_LNS_SAT_mapf-scen-even_scen-even_warehouse-10-20-10-2-2-even-11_scen-agents50-idx3-seed42-1761041337837,/home/max/Documents/PhD/MAPF/LNS/MAPF_LNS_SAT/mapf-map/warehouse-10-20-10-2-2.map,/home/max/Documents/PhD/MAPF/LNS/MAPF_LNS_SAT/mapf-scen-even/scen-even/warehouse-10-20-10-2-2-even-11.scen,50,3,42,1,226,854.515000,2384,1008,0.000000,1.263000,2.585000,1.914000,0.157370
_home_max_Documents_PhD_MAPF_LNS_MAPF_LNS_SAT_mapf-map_warehouse-10-20-10-2-2_map-_home_max_Documents_PhD_MAPF_LNS_MAPF_LNS_SAT_mapf-scen-even_scen-even_warehouse-10-20-10-2-2-even-11_scen-agents50-idx4-seed42-1761041338744,/home/max/Documents/PhD/MAPF/LNS/MAPF_LNS_SAT/mapf-map/warehouse-10-20-10-2-2.map,/home/max/Documents/PhD/MAPF/LNS/MAPF_LNS_SAT/mapf-scen-even/scen-even/warehouse-10-20-10-2-2-even-11.scen,50,4,42,1,220,844.988000,2935,1195,0.000000,1.291000,2.823000,2.152000,0.189861
_home_max_Documents_PhD_MAPF_LNS_MAPF_LNS_SAT_mapf-map_warehouse-10-20-10-2-2_map-_home_max_Documents_PhD_MAPF_LNS_MAPF_LNS_SAT_mapf-scen-even_scen-even_warehouse-10-20-10-2-2-even-11_scen-agents50-idx5-seed42-1761041339647,/home/max/Documents/PhD/MAPF/LNS/MAPF_LNS_SAT/mapf-map/warehouse-10-20-10-2-2.map,/home/max/Documents/PhD/MAPF/LNS/MAPF_LNS_SAT/mapf-scen-even/scen-even/warehouse-10-20-10-2-2-even-11.scen,50,5,42,1,222,801.166000,777,318,0.000000,0.352000,1.061000,0.732000,0.067391
_home_max_Documents_PhD_MAPF_LNS_MAPF_LNS_SAT_mapf-map_warehouse-10-20-10-2-2_map-_home_max_Documents_PhD_MAPF_LNS_MAPF_LNS_SAT_mapf-scen-even_scen-even_warehouse-10-20-10-2-2-even-11_scen-agents50-idx6-seed42-1761041340501,/home/max/Documents/PhD/MAPF/LNS/MAPF_LNS_SAT/mapf-map/warehouse-10-20-10-2-2.map,/home/max/Documents/PhD/MAPF/LNS/MAPF_LNS_SAT/mapf-scen-even/scen-even/warehouse-10-20-10-2-2-even-11.scen,50,6,42,1,215,881.563000,1527,647,0.000000,0.717000,1.964000,1.368000,0.134850
_home_max_Documents_PhD_MAPF_LNS_MAPF_LNS_SAT_mapf-map_warehouse-10-20-10-2-2_map-_home_max_Documents_PhD_MAPF_LNS_MAPF_LNS_SAT_mapf-scen-even_scen-even_warehouse-10-20-10-2-2-even-11_scen-agents50-idx7-seed42-1761041341453,/home/max/Documents/PhD/MAPF/LNS/MAPF_LNS_SAT/mapf-map/warehouse-10-20-10-2-2.map,/home/max/Documents/PhD/MAPF/LNS/MAPF_LNS_SAT/mapf-scen-even/scen-even/warehouse-10-20-10-2-2-even-11.scen,50,7,42,1,225,814.963000,1802,712,0.000000,0.735000,2.039000,1.480000,0.131385
_home_max_Documents_PhD_MAPF_LNS_MAPF_LNS_SAT_mapf-map_warehouse-10-20-10-2-2_map-_home_max_Documents_PhD_MAPF_LNS_MAPF_LNS_SAT_mapf-scen-even_scen-even_warehouse-10-20-10-2-2-even-1_scen-agents100-idx0-seed42-1761041342308,/home/max/Documents/PhD/MAPF/LNS/MAPF_LNS_SAT/mapf-map/warehouse-10-20-10-2-2.map,/home/max/Documents/PhD/MAPF/LNS/MAPF_LNS_SAT/mapf-scen-even/scen-even/warehouse-10-20-10-2-2-even-1.scen,100,0,42,1,225,2134.579000,7331,3022,0.000000,3.487000,7.921000,5.827000,0.515061
_home_max_Documents_PhD_MAPF_LNS_MAPF_LNS_SAT_mapf-map_warehouse-10-20-10-2-2_map-_home_max_Documents_PhD_MAPF_LNS_MAPF_LNS_SAT_mapf-scen-even_scen-even_warehouse-10-20-10-2-2-even-1_scen-agents100-idx1-seed42-1761041344519,/home/max/Documents/PhD/MAPF/LNS/MAPF_LNS_SAT/mapf-map/warehouse-10-20-10-2-2.map,/home/max/Documents/PhD/MAPF/LNS/MAPF_LNS_SAT/mapf-scen-even/scen-even/warehouse-10-20-10-2-2-even-1.scen,100,1,42,1,225,2194.738000,15532,6157,0.002000,29.860000,13.195000,9.620000,1.040849
_home_max_Documents_PhD_MAPF_LNS_MAPF_LNS_SAT_mapf-map_warehouse-10-20-10-2-2_map-_home_max_Documents_PhD_MAPF_LNS_MAPF_LNS_SAT_mapf-scen-even_scen-even_warehouse-10-20-10-2-2-even-1_scen-agents100-idx2-seed42-1761041346771,/home/max/Documents/PhD/MAPF/LNS/MAPF_LNS_SAT/mapf-map/warehouse-10-20-10-2-2.map,/home/max/Documents/PhD/MAPF/LNS/MAPF_LNS_SAT/mapf-scen-even/scen-even/warehouse-10-20-10-2-2-even-1.scen,100,2,42,1,227,2093.675000,12518,4093,0.000000,4.923000,11.231000,8.729000,1.056966
_home_max_Documents_PhD_MAPF_LNS_MAPF_LNS_SAT_mapf-map_warehouse-10-20-10-2-2_map-_home_max_Documents_PhD_MAPF_LNS_MAPF_LNS_SAT_mapf-scen-even_scen-even_warehouse-10-20-10-2-2-even-1_scen-agents100-idx3-seed42-1761041348929,/home/max/Documents/PhD/MAPF/LNS/MAPF_LNS_SAT/mapf-map/warehouse-10-20-10-2-2.map,/home/max/Documents/PhD/MAPF/LNS/MAPF_LNS_SAT/mapf-scen-even/scen-even/warehouse-10-20-10-2-2-even-1.scen,100,3,42,1,221,2023.134000,6870,2638,0.000000,3.023000,7.164000,5.321000,0.410352
_home_max_Documents_PhD_MAPF_LNS_MAPF_LNS_SAT_mapf-map_warehouse-10-20-10-2-2_map-_home_max_Documents_PhD_MAPF_LNS_MAPF_LNS_SAT_mapf-scen-even_scen-even_warehouse-10-20-10-2-2-even-2_scen-agents100-idx0-seed42-1761041351036,/home/max/Documents/PhD/MAPF/LNS/MAPF_LNS_SAT/mapf-map/warehouse-10-20-10-2-2.map,/home/max/Documents/PhD/MAPF/LNS/MAPF_LNS_SAT/mapf-scen-even/scen-even/warehouse-10-20-10-2-2-even-2.scen,100,0,42,1,215,2010.967000,8750,3236,0.000000,3.686000,8.691000,6.547000,0.693744
_home_max_Documents_PhD_MAPF_LNS_MAPF_LNS_SAT_mapf-map_warehouse-10-20-10-2-2_map-_home_max_Documents_PhD_MAPF_LNS_MAPF_LNS_SAT_mapf-scen-even_scen-even_warehouse-10-20-10-2-2-even-2_scen-agents100-idx1-seed42-1761041353146,/home/max/Documents/PhD/MAPF/LNS/MAPF_LNS_SAT/mapf-map/warehouse-10-20-10-2-2.map,/home/max/Documents/PhD/MAPF/LNS/MAPF_LNS_SAT/mapf-scen-even/scen-even/warehouse-10-20-10-2-2-even-2.scen,100,1,42,1,216,1864.663000,5887,2220,0.000000,2.610000,6.828000,4.969000,0.537752
_home_max_Documents_PhD_MAPF_LNS_MAPF_LNS_SAT_mapf-map_warehouse-10-20-10-2-2_map-_home_max_Documents_PhD_MAPF_LNS_MAPF_LNS_SAT_mapf-scen-even_scen-even_warehouse-10-20-10-2-2-even-2_scen-agents100-idx2-seed42-1761041355102,/home/max/Documents/PhD/MAPF/LNS/MAPF_LNS_SAT/mapf-map/warehouse-10-20-10-2-2.map,/home/max/Documents/PhD/MAPF/LNS/MAPF_LNS_SAT/mapf-scen-even/scen-even/warehouse-10-20-10-2-2-even-2.scen,100,2,42,1,206,1982.442000,7409,3006,0.001000,3.352000,8.006000,6.013000,0.551351
_home_max_Documents_PhD_MAPF_LNS_MAPF_LNS_SAT_mapf-map_warehouse-10-20-10-2-2_map-_home_max_Documents_PhD_MAPF_LNS_MAPF_LNS_SAT_mapf-scen-even_scen-even_warehouse-10-20-10-2-2-even-2_scen-agents100-idx3-seed42-1761041357161,/home/max/Documents/PhD/MAPF/LNS/MAPF_LNS_SAT/mapf-map/warehouse-10-20-10-2-2.map,/home/max/Documents/PhD/MAPF/LNS/MAPF_LNS_SAT/mapf-scen-even/scen-even/warehouse-10-20-10-2-2-even-2.scen,100,3,42,1,215,2092.203000,8905,3560,0.000000,3.859000,9.298000,6.920000,0.680360
_home_max_Documents_PhD_MAPF_LNS_MAPF_LNS_SAT_mapf-map_warehouse-10-20-10-2-2_map-_home_max_Documents_PhD_MAPF_LNS_MAPF_LNS_SAT_mapf-scen-even_scen-even_warehouse-10-20-10-2-2-even-3_scen-agents100-idx0-seed42-1761041359313,/home/max/Documents/PhD/MAPF/LNS/MAPF_LNS_SAT/mapf-map/warehouse-10-20-10-2-2.map,/home/max/Documents/PhD/MAPF/LNS/MAPF_LNS_SAT/mapf-scen-even/scen-even/warehouse-10-20-10-2-2-even-3.scen,100,0,42,1,217,2161.111000,9939,3704,0.000000,4.136000,10.067000,7.534000,0.692032
_home_max_Documents_PhD_MAPF_LNS_MAPF_LNS_SAT_mapf-map_warehouse-10-20-10-2-2_map-_home_max_Documents_PhD_MAPF_LNS_MAPF_LNS_SAT_mapf-scen-even_scen-even_warehouse-10-20-10-2-2-even-3_scen-agents100-idx1-seed42-1761041361575,/home/max/Documents/PhD/MAPF/LNS/MAPF_LNS_SAT/mapf-map/warehouse-10-20-10-2-2.map,/home/max/Documents/PhD/MAPF/LNS/MAPF_LNS_SAT/mapf-scen-even/scen-even/warehouse-10-20-10-2-2-even-3.scen,100,1,42,1,219,2156.552000,9638,3929,0.000000,4.406000,9.617000,7.205000,0.611760
_home_max_Documents_PhD_MAPF_LNS_MAPF_LNS_SAT_mapf-map_warehouse-10-20-10-2-2_map-_home_max_Documents_PhD_MAPF_LNS_MAPF_LNS_SAT_mapf-scen-even_scen-even_warehouse-10-20-10-2-2-even-3_scen-agents100-idx2-seed42-1761041363778,/home/max/Documents/PhD/MAPF/LNS/MAPF_LNS_SAT/mapf-map/warehouse-10-20-10-2-2.map,/home/max/Documents/PhD/MAPF/LNS/MAPF_LNS_SAT/mapf-scen-even/scen-even/warehouse-10-20-10-2-2-even-3.scen,100,2,42,1,220,2031.985000,6498,2698,0.000000,2.976000,7.264000,5.299000,0.478939
_home_max_Documents_PhD_MAPF_LNS_MAPF_LNS_SAT_mapf-map_warehouse-10-20-10-2-2_map-_home_max_Documents_PhD_MAPF_LNS_MAPF_LNS_SAT_mapf-scen-even_scen-even_warehouse-10-20-10-2-2-even-3_scen-agents100-idx3-seed42-1761041365889,/home/max/Documents/PhD/MAPF/LNS/MAPF_LNS_SAT/mapf-map/warehouse-10-20-10-2-2.map,/home/max/Documents/PhD/MAPF/LNS/MAPF_LNS_SAT/mapf-scen-even/scen-even/warehouse-10-20-10-2-2-even-3.scen,100,3,42,1,212,2190.534000,22476,6134,0.000000,8.184000,16.412000,13.342000,1.346072
_home_max_Documents_PhD_MAPF_LNS_MAPF_LNS_SAT_mapf-map_warehouse-10-20-10-2-2_map-_home_max_Documents_PhD_MAPF_LNS_MAPF_LNS_SAT_mapf-scen-even_scen-even_warehouse-10-20-10-2-2-even-4_scen-agents100-idx0-seed42-1761041368144,/home/max/Documents/PhD/MAPF/LNS/MAPF_LNS_SAT/mapf-map/warehouse-10-20-10-2-2.map,/home/max/Documents/PhD/MAPF/LNS/MAPF_LNS_SAT/mapf-scen-even/scen-even/warehouse-10-20-10-2-2-even-4.scen,100,0,42,1,223,2142.193000,10943,3937,0.000000,4.623000,10.588000,8.025000,0.831895
_home_max_Documents_PhD_MAPF_LNS_MAPF_LNS_SAT_mapf-map_warehouse-10-20-10-2-2_map-_home_max_Documents_PhD_MAPF_LNS_MAPF_LNS_SAT_mapf-scen-even_scen-even_warehouse-10-20-10-2-2-even-4_scen-agents100-idx1-seed42-1761041370353,/home/max/Documents/PhD/MAPF/LNS/MAPF_LNS_SAT/mapf-map/warehouse-10-20-10-2-2.map,/home/max/Documents/PhD/MAPF/LNS/MAPF_LNS_SAT/mapf-scen-even/scen-even/warehouse-10-20-10-2-2-even-4.scen,100,1,42,1,219,2095.925000,7117,2967,0.001000,3.212000,8.398000,6.077000,0.553745
_home_max_Documents_PhD_MAPF_LNS_MAPF_LNS_SAT_mapf-map_warehouse-10-20-10-2-2_map-_home_max_Documents_PhD_MAPF_LNS_MAPF_LNS_SAT_mapf-scen-even_scen-even_warehouse-10-20-10-2-2-even-4_scen-agents100-idx2-seed42-1761041372510,/home/max/Documents/PhD/MAPF/LNS/MAPF_LNS_SAT/mapf-map/warehouse-10-20-10-2-2.map,/home/max/Documents/PhD/MAPF/LNS/MAPF_LNS_SAT/mapf-scen-even/scen-even/warehouse-10-20-10-2-2-even-4.scen,100,2,42,1,216,2175.336000,8547,3509,0.000000,4.012000,9.346000,6.873000,0.654901
_home_max_Documents_PhD_MAPF_LNS_MAPF_LNS_SAT_mapf-map_warehouse-10-20-10-2-2_map-_home_max_Documents_PhD_MAPF_LNS_MAPF_LNS_SAT_mapf-scen-even_scen-even_warehouse-10-20-10-2-2-even-4_scen-agents100-idx3-seed42-1761041374770,/home/max/Documents/PhD/MAPF/LNS/MAPF_LNS_SAT/mapf-map/warehouse-10-20-10-2-2.map,/home/max/Documents/PhD/MAPF/LNS/MAPF_LNS_SAT/mapf-scen-even/scen-even/warehouse-10-20-10-2-2-even-4.scen,100,3,42,1,226,2116.161000,7371,3071,0.000000,3.284000,7.976000,5.877000,0.508731
_home_max_Documents_PhD_MAPF_LNS_MAPF_LNS_SAT_mapf-map_warehouse-10-20-10-2-2_map-_home_max_Documents_PhD_MAPF_LNS_MAPF_LNS_SAT_mapf-scen-even_scen-even_warehouse-10-20-10-2-2-even-5_scen-agents100-idx0-seed42-1761041376978,/home/max/Documents/PhD/MAPF/LNS/MAPF_LNS_SAT/mapf-map/warehouse-10-20-10-2-2.map,/home/max/Documents/PhD/MAPF/LNS/MAPF_LNS_SAT/mapf-scen-even/scen-even/warehouse-10-20-10-2-2-even-5.scen,100,0,42,1,207,1970.116000,9867,3463,0.000000,4.369000,8.785000,6.790000,0.586331
_home_max_Documents_PhD_MAPF_LNS_MAPF_LNS_SAT_mapf-map_warehouse-10-20-10-2-2_map-_home_max_Documents_PhD_MAPF_LNS_MAPF_LNS_SAT_mapf-scen-even_scen-even_warehouse-10-20-10-2-2-even-5_scen-agents100-idx1-seed42-1761041379038,/home/max/Documents/PhD/MAPF/LNS/MAPF_LNS_SAT/mapf-map/warehouse-10-20-10-2-2.map,/home/max/Documents/PhD/MAPF/LNS/MAPF_LNS_SAT/mapf-scen-even/scen-even/warehouse-10-20-10-2-2-even-5.scen,100,1,42,1,216,1956.334000,7142,2886,0.000000,2.973000,7.570000,5.613000,0.517748
_home_max_Documents_PhD_MAPF_LNS_MAPF_LNS_SAT_mapf-map_warehouse-10-20-10-2-2_map-_home_max_Documents_PhD_MAPF_LNS_MAPF_LNS_SAT_mapf-scen-even_scen-even_warehouse-10-20-10-2-2-even-5_scen-agents100-idx2-seed42-1761041381092,/home/max/Documents/PhD/MAPF/LNS/MAPF_LNS_SAT/mapf-map/warehouse-10-20-10-2-2.map,/home/max/Documents/PhD/MAPF/LNS/MAPF_LNS_SAT/mapf-scen-even/scen-even/warehouse-10-20-10-2-2-even-5.scen,100,2,42,1,211,2169.875000,8547,3484,0.001000,3.856000,9.666000,7.015000,0.652600
_home_max_Documents_PhD_MAPF_LNS_MAPF_LNS_SAT_mapf-map_warehouse-10-20-10-2-2_map-_home_max_Documents_PhD_MAPF_LNS_MAPF_LNS_SAT_mapf-scen-even_scen-even_warehouse-10-20-10-2-2-even-5_scen-agents100-idx3-seed42-1761041383350,/home/max/Documents/PhD/MAPF/LNS/MAPF_LNS_SAT/mapf-map/warehouse-10-20-10-2-2.map,/home/max/Documents/PhD/MAPF/LNS/MAPF_LNS_SAT/mapf-scen-even/scen-even/warehouse-10-20-10-2-2-even-5.scen,100,3,42,1,213,2150.404000,34305,5994,0.000000,10.573000,19.824000,16.992000,1.238382
_home_max_Documents_PhD_MAPF_LNS_MAPF_LNS_SAT_mapf-map_warehouse-10-20-10-2-2_map-_home_max_Documents_PhD_MAPF_LNS_MAPF_LNS_SAT_mapf-scen-even_scen-even_warehouse-10-20-10-2-2-even-6_scen-agents100-idx0-seed42-1761041385553,/home/max/Documents/PhD/MAPF/LNS/MAPF_LNS_SAT/mapf-map/warehouse-10-20-10-2-2.map,/home/max/Documents/PhD/MAPF/LNS/MAPF_LNS_SAT/mapf-scen-even/scen-even/warehouse-10-20-10-2-2-even-6.scen,100,0,42,1,221,2041.023000,7358,2968,0.000000,3.236000,7.969000,5.853000,0.503350
_home_max_Documents_PhD_MAPF_LNS_MAPF_LNS_SAT_mapf-map_warehouse-10-20-10-2-2_map-_home_max_Documents_PhD_MAPF_LNS_MAPF_LNS_SAT_mapf-scen-even_scen-even_warehouse-10-20-10-2-2-even-6_scen-agents100-idx1-seed42-1761041387661,/home/max/Documents/PhD/MAPF/LNS/MAPF_LNS_SAT/mapf-map/warehouse-10-20-10-2-2.map,/home/max/Documents/PhD/MAPF/LNS/MAPF_LNS_SAT/mapf-scen-even/scen-even/warehouse-10-20-10-2-2-even-6.scen,100,1,42,1,218,2030.517000,10374,3753,0.000000,4.230000,8.966000,7.023000,0.566039
_home_max_Documents_PhD_MAPF_LNS_MAPF_LNS_SAT_mapf-map_warehouse-10-20-10-2-2_map-_home_max_Documents_PhD_MAPF_LNS_MAPF_LNS_SAT_mapf-scen-even_scen-even_warehouse-10-20-10-2-2-even-6_scen-agents100-idx2-seed42-1761041389768,/home/max/Documents/PhD/MAPF/LNS/MAPF_LNS_SAT/mapf-map/warehouse-10-20-10-2-2.map,/home/max/Documents/PhD/MAPF/LNS/MAPF_LNS_SAT/mapf-scen-even/scen-even/warehouse-10-20-10-2-2-even-6.scen,100,2,42,1,216,2150.265000,8147,3358,0.000000,3.607000,8.896000,6.531000,0.595500
_home_max_Documents_PhD_MAPF_LNS_MAPF_LNS_SAT_mapf-map_warehouse-10-20-10-2-2_map-_home_max_Documents_PhD_MAPF_LNS_MAPF_LNS_SAT_mapf-scen-even_scen-even_warehouse-10-20-10-2-2-even-6_scen-agents100-idx3-seed42-1761041392023,/home/max/Documents/PhD/MAPF/LNS/MAPF_LNS_SAT/mapf-map/warehouse-10-20-10-2-2.map,/home/max/Documents/PhD/MAPF/LNS/MAPF_LNS_SAT/mapf-scen-even/scen-even/warehouse-10-20-10-2-2-even-6.scen,100,3,42,1,208,2066.869000,9192,3706,0.003000,3.925000,9.358000,7.019000,0.619220
_home_max_Documents_PhD_MAPF_LNS_MAPF_LNS_SAT_mapf-map_warehouse-10-20-10-2-2_map-_home_max_Documents_PhD_MAPF_LNS_MAPF_LNS_SAT_mapf-scen-even_scen-even_warehouse-10-20-10-2-2-even-7_scen-agents100-idx0-seed42-1761041394182,/home/max/Documents/PhD/MAPF/LNS/MAPF_LNS_SAT/mapf-map/warehouse-10-20-10-2-2.map,/home/max/Documents/PhD/MAPF/LNS/MAPF_LNS_SAT/mapf-scen-even/scen-even/warehouse-10-20-10-2-2-even-7.scen,100,0,42,1,226,2258.321000,42510,7648,0.000000,12.996000,23.581000,20.595000,1.328731
_home_max_Documents_PhD_MAPF_LNS_MAPF_LNS_SAT_mapf-map_warehouse-10-20-10-2-2_map-_home_max_Documents_PhD_MAPF_LNS_MAPF_LNS_SAT_mapf-scen-even_scen-even_warehouse-10-20-10-2-2-even-7_scen-agents100-idx1-seed42-1761041396539,/home/max/Documents/PhD/MAPF/LNS/MAPF_LNS_SAT/mapf-map/warehouse-10-20-10-2-2.map,/home/max/Documents/PhD/MAPF/LNS/MAPF_LNS_SAT/mapf-scen-even/scen-even/warehouse-10-20-10-2-2-even-7.scen,100,1,42,1,221,2427.880000,14642,5322,0.000000,6.212000,14.182000,10.693000,1.047947
_home_max_Documents_PhD_MAPF_LNS_MAPF_LNS_SAT_mapf-map_warehouse-10-20-10-2-2_map-_home_max_Documents_PhD_MAPF_LNS_MAPF_LNS_SAT_mapf-scen-even_scen-even_warehouse-10-20-10-2-2-even-7_scen-agents100-idx2-seed42-1761041399048,/home/max/Documents/PhD/MAPF/LNS/MAPF_LNS_SAT/mapf-map/warehouse-10-20-10-2-2.map,/home/max/Documents/PhD/MAPF/LNS/MAPF_LNS_SAT/mapf-scen-even/scen-even/warehouse-10-20-10-2-2-even-7.scen,100,2,42,1,219,2026.157000,8715,3402,0.000000,3.563000,8.803000,6.622000,0.570064
_home_max_Documents_PhD_MAPF_LNS_MAPF_LNS_SAT_mapf-map_warehouse-10-20-10-2-2_map-_home_max_Documents_PhD_MAPF_LNS_MAPF_LNS_SAT_mapf-scen-even_scen-even_warehouse-10-20-10-2-2-even-7_scen-agents100-idx3-seed42-1761041401154,/home/max/Documents/PhD/MAPF/LNS/MAPF_LNS_SAT/mapf-map/warehouse-10-20-10-2-2.map,/home/max/Documents/PhD/MAPF/LNS/MAPF_LNS_SAT/mapf-scen-even/scen-even/warehouse-10-20-10-2-2-even-7.scen,100,3,42,1,221,2211.176000,9798,3999,0.001000,4.545000,12.198000,8.982000,0.807982
_home_max_Documents_PhD_MAPF_LNS_MAPF_LNS_SAT_mapf-map_warehouse-10-20-10-2-2_map-_home_max_Documents_PhD_MAPF_LNS_MAPF_LNS_SAT_mapf-scen-even_scen-even_warehouse-10-20-10-2-2-even-8_scen-agents100-idx0-seed42-1761041403459,/home/max/Documents/PhD/MAPF/LNS/MAPF_LNS_SAT/mapf-map/warehouse-10-20-10-2-2.map,/home/max/Documents/PhD/MAPF/LNS/MAPF_LNS_SAT/mapf-scen-even/scen-even/warehouse-10-20-10-2-2-even-8.scen,100,0,42,1,232,2277.021000,9799,3931,0.000000,4.534000,10.468000,7.719000,0.674807
_home_max_Documents_PhD_MAPF_LNS_MAPF_LNS_SAT_mapf-map_warehouse-10-20-10-2-2_map-_home_max_Documents_PhD_MAPF_LNS_MAPF_LNS_SAT_mapf-scen-even_scen-even_warehouse-10-20-10-2-2-even-8_scen-agents100-idx1-seed42-1761041405814,/home/max/Documents/PhD/MAPF/LNS/MAPF_LNS_SAT/mapf-map/warehouse-10-20-10-2-2.map,/home/max/Documents/PhD/MAPF/LNS/MAPF_LNS_SAT/mapf-scen-even/scen-even/warehouse-10-20-10-2-2-even-8.scen,100,1,42,1,231,2404.136000,34826,7433,0.006000,11.254000,21.621000,18.210000,1.324782
_home_max_Documents_PhD_MAPF_LNS_MAPF_LNS_SAT_mapf-map_warehouse-10-20-10-2-2_map-_home_max_Documents_PhD_MAPF_LNS_MAPF_LNS_SAT_mapf-scen-even_scen-even_warehouse-10-20-10-2-2-even-8_scen-agents100-idx2-seed42-1761041408267,/home/max/Documents/PhD/MAPF/LNS/MAPF_LNS_SAT/mapf-map/warehouse-10-20-10-2-2.map,/home/max/Documents/PhD/MAPF/LNS/MAPF_LNS_SAT/mapf-scen-even/scen-even/warehouse-10-20-10-2-2-even-8.scen,100,2,42,1,230,2331.598000,13518,5185,0.000000,6.070000,12.564000,9.622000,0.829433
_home_max_Documents_PhD_MAPF_LNS_MAPF_LNS_SAT_mapf-map_warehouse-10-20-10-2-2_map-_home_max_Documents_PhD_MAPF_LNS_MAPF_LNS_SAT_mapf-scen-even_scen-even_warehouse-10-20-10-2-2-even-8_scen-agents100-idx3-seed42-1761041410679,/home/max/Documents/PhD/MAPF/LNS/MAPF_LNS_SAT/mapf-map/warehouse-10-20-10-2-2.map,/home/max/Documents/PhD/MAPF/LNS/MAPF_LNS_SAT/mapf-scen-even/scen-even/warehouse-10-20-10-2-2-even-8.scen,100,3,42,1,228,2114.488000,9443,3716,0.000000,4.343000,9.469000,7.070000,0.598654
_home_max_Documents_PhD_MAPF_LNS_MAPF_LNS_SAT_mapf-map_warehouse-10-20-10-2-2_map-_home_max_Documents_PhD_MAPF_LNS_MAPF_LNS_SAT_mapf-scen-even_scen-even_warehouse-10-20-10-2-2-even-8_scen-agents100-idx4-seed42-1761041412886,/home/max/Documents/PhD/MAPF/LNS/MAPF_LNS_SAT/mapf-map/warehouse-10-20-10-2-2.map,/home/max/Documents/PhD/MAPF/LNS/MAPF_LNS_SAT/mapf-scen-even/scen-even/warehouse-10-20-10-2-2-even-8.scen,100,4,42,1,230,2163.958000,7405,3058,0.000000,3.300000,7.714000,5.742000,0.476135
_home_max_Documents_PhD_MAPF_LNS_MAPF_LNS_SAT_mapf-map_warehouse-10-20-10-2-2_map-_home_max_Documents_PhD_MAPF_LNS_MAPF_LNS_SAT_mapf-scen-even_scen-even_warehouse-10-20-10-2-2-even-9_scen-agents100-idx0-seed42-1761041415142,/home/max/Documents/PhD/MAPF/LNS/MAPF_LNS_SAT/mapf-map/warehouse-10-20-10-2-2.map,/home/max/Documents/PhD/MAPF/LNS/MAPF_LNS_SAT/mapf-scen-even/scen-even/warehouse-10-20-10-2-2-even-9.scen,100,0,42,1,221,2059.004000,8473,3221,0.000000,3.537000,8.647000,6.476000,0.610980
_home_max_Documents_PhD_MAPF_LNS_MAPF_LNS_SAT_mapf-map_warehouse-10-20-10-2-2_map-_home_max_Documents_PhD_MAPF_LNS_MAPF_LNS_SAT_mapf-scen-even_scen-even_warehouse-10-20-10-2-2-even-9_scen-agents100-idx1-seed42-1761041417298,/home/max/Documents/PhD/MAPF/LNS/MAPF_LNS_SAT/mapf-map/warehouse-10-20-10-2-2.map,/home/max/Documents/PhD/MAPF/LNS/MAPF_LNS_SAT/mapf-scen-even/scen-even/warehouse-10-20-10-2-2-even-9.scen,100,1,42,1,221,2132.362000,7997,3258,0.002000,3.686000,8.562000,6.265000,0.581196
_home_max_Documents_PhD_MAPF_LNS_MAPF_LNS_SAT_mapf-map_warehouse-10-20-10-2-2_map-_home_max_Documents_PhD_MAPF_LNS_MAPF_LNS_SAT_mapf-scen-even_scen-even_warehouse-10-20-10-2-2-even-9_scen-agents100-idx2-seed42-1761041419508,/home/max/Documents/PhD/MAPF/LNS/MAPF_LNS_SAT/mapf-map/warehouse-10-20-10-2-2.map,/home/max/Documents/PhD/MAPF/LNS/MAPF_LNS_SAT/mapf-scen-even/scen-even/warehouse-10-20-10-2-2-even-9.scen,100,2,42,1,219,2331.873000,11688,4679,0.000000,5.107000,12.037000,8.986000,0.803117
_home_max_Documents_PhD_MAPF_LNS_MAPF_LNS_SAT_mapf-map_warehouse-10-20-10-2-2_map-_home_max_Documents_PhD_MAPF_LNS_MAPF_LNS_SAT_mapf-scen-even_scen-even_warehouse-10-20-10-2-2-even-9_scen-agents100-idx3-seed42-1761041421917,/home/max/Documents/PhD/MAPF/LNS/MAPF_LNS_SAT/mapf-map/warehouse-10-20-10-2-2.map,/home/max/Documents/PhD/MAPF/LNS/MAPF_LNS_SAT/mapf-scen-even/scen-even/warehouse-10-20-10-2-2-even-9.scen,100,3,42,1,220,2021.258000,7727,3215,0.001000,4.326000,9.722000,7.387000,0.608025
_home_max_Documents_PhD_MAPF_LNS_MAPF_LNS_SAT_mapf-map_warehouse-10-20-10-2-2_map-_home_max_Documents_PhD_MAPF_LNS_MAPF_LNS_SAT_mapf-scen-even_scen-even_warehouse-10-20-10-2-2-even-10_scen-agents100-idx0-seed42-1761041424022,/home/max/Documents/PhD/MAPF/LNS/MAPF_LNS_SAT/mapf-map/warehouse-10-20-10-2-2.map,/home/max/Documents/PhD/MAPF/LNS/MAPF_LNS_SAT/mapf-scen-even/scen-even/warehouse-10-20-10-2-2-even-10.scen,100,0,42,1,232,2139.528000,55587,8853,0.001000,15.848000,32.672000,28.551000,4.656442
_home_max_Documents_PhD_MAPF_LNS_MAPF_LNS_SAT_mapf-map_warehouse-10-20-10-2-2_map-_home_max_Documents_PhD_MAPF_LNS_MAPF_LNS_SAT_mapf-scen-even_scen-even_warehouse-10-20-10-2-2-even-10_scen-agents100-idx1-seed42-1761041426230,/home/max/Documents/PhD/MAPF/LNS/MAPF_LNS_SAT/mapf-map/warehouse-10-20-10-2-2.map,/home/max/Documents/PhD/MAPF/LNS/MAPF_LNS_SAT/mapf-scen-even/scen-even/warehouse-10-20-10-2-2-even-10.scen,100,1,42,1,227,2255.280000,9954,4069,0.000000,4.700000,10.757000,7.985000,0.741238
_home_max_Documents_PhD_MAPF_LNS_MAPF_LNS_SAT_mapf-map_warehouse-10-20-10-2-2_map-_home_max_Documents_PhD_MAPF_LNS_MAPF_LNS_SAT_mapf-scen-even_scen-even_warehouse-10-20-10-2-2-even-10_scen-agents100-idx2-seed42-1761041428587,/home/max/Documents/PhD/MAPF/LNS/MAPF_LNS_SAT/mapf-map/warehouse-10-20-10-2-2.map,/home/max/Documents/PhD/MAPF/LNS/MAPF_LNS_SAT/mapf-scen-even/scen-even/warehouse-10-20-10-2-2-even-10.scen,100,2,42,1,230,2247.925000,8627,3378,0.000000,3.941000,9.322000,6.894000,0.626171
_home_max_Documents_PhD_MAPF_LNS_MAPF_LNS_SAT_mapf-map_warehouse-10-20-10-2-2_map-_home_max_Documents_PhD_MAPF_LNS_MAPF_LNS_SAT_mapf-scen-even_scen-even_warehouse-10-20-10-2-2-even-10_scen-agents100-idx3-seed42-1761041430892,/home/max/Documents/PhD/MAPF/LNS/MAPF_LNS_SAT/mapf-map/warehouse-10-20-10-2-2.map,/home/max/Documents/PhD/MAPF/LNS/MAPF_LNS_SAT/mapf-scen-even/scen-even/warehouse-10-20-10-2-2-even-10.scen,100,3,42,1,232,2245.450000,9820,3987,0.002000,4.493000,10.041000,7.536000,0.654305
_home_max_Documents_PhD_MAPF_LNS_MAPF_LNS_SAT_mapf-map_warehouse-10-20-10-2-2_map-_home_max_Documents_PhD_MAPF_LNS_MAPF_LNS_SAT_mapf-scen-even_scen-even_warehouse-10-20-10-2-2-even-10_scen-agents100-idx4-seed42-1761041433251,/home/max/Documents/PhD/MAPF/LNS/MAPF_LNS_SAT/mapf-map/warehouse-10-20-10-2-2.map,/home/max/Documents/PhD/MAPF/LNS/MAPF_LNS_SAT/mapf-scen-even/scen-even/warehouse-10-20-10-2-2-even-10.scen,100,4,42,1,231,2035.290000,6742,2810,0.000000,3.022000,7.483000,5.418000,0.491480
_home_max_Documents_PhD_MAPF_LNS_MAPF_LNS_SAT_mapf-map_warehouse-10-20-10-2-2_map-_home_max_Documents_PhD_MAPF_LNS_MAPF_LNS_SAT_mapf-scen-even_scen-even_warehouse-10-20-10-2-2-even-11_scen-agents100-idx0-seed42-1761041435358,/home/max/Documents/PhD/MAPF/LNS/MAPF_LNS_SAT/mapf-map/warehouse-10-20-10-2-2.map,/home/max/Documents/PhD/MAPF/LNS/MAPF_LNS_SAT/mapf-scen-even/scen-even/warehouse-10-20-10-2-2-even-11.scen,100,0,42,1,220,2054.189000,6489,2650,0.000000,2.889000,7.300000,5.303000,0.466858
_home_max_Documents_PhD_MAPF_LNS_MAPF_LNS_SAT_mapf-map_warehouse-10-20-10-2-2_map-_home_max_Documents_PhD_MAPF_LNS_MAPF_LNS_SAT_mapf-scen-even_scen-even_warehouse-10-20-10-2-2-even-11_scen-agents100-idx1-seed42-1761041437514,/home/max/Documents/PhD/MAPF/LNS/MAPF_LNS_SAT/mapf-map/warehouse-10-20-10-2-2.map,/home/max/Documents/PhD/MAPF/LNS/MAPF_LNS_SAT/mapf-scen-even/scen-even/warehouse-10-20-10-2-2-even-11.scen,100,1,42,1,226,2107.763000,7733,3136,0.002000,3.518000,8.163000,6.022000,0.554168
_home_max_Documents_PhD_MAPF_LNS_MAPF_LNS_SAT_mapf-map_warehouse-10-20-10-2-2_map-_home_max_Documents_PhD_MAPF_LNS_MAPF_LNS_SAT_mapf-scen-even_scen-even_warehouse-10-20-10-2-2-even-11_scen-agents100-idx2-seed42-1761041439724,/home/max/Documents/PhD/MAPF/LNS/MAPF_LNS_SAT/mapf-map/warehouse-10-20-10-2-2.map,/home/max/Documents/PhD/MAPF/LNS/MAPF_LNS_SAT/mapf-scen-even/scen-even/warehouse-10-20-10-2-2-even-11.scen,100,2,42,1,222,2179.130000,9167,3633,0.000000,4.189000,9.200000,6.942000,0.616508
_home_max_Documents_PhD_MAPF_LNS_MAPF_LNS_SAT_mapf-map_warehouse-10-20-10-2-2_map-_home_max_Documents_PhD_MAPF_LNS_MAPF_LNS_SAT_mapf-scen-even_scen-even_warehouse-10-20-10-2-2-even-11_scen-agents100-idx3-seed42-1761041441979,/home/max/Documents/PhD/MAPF/LNS/MAPF_LNS_SAT/mapf-map/warehouse-10-20-10-2-2.map,/home/max/Documents/PhD/MAPF/LNS/MAPF_LNS_SAT/mapf-scen-even/scen-even/warehouse-10-20-10-2-2-even-11.scen,100,3,42,1,225,2155.580000,10154,3724,0.000000,4.514000,9.831000,7.387000,0.641712
_home_max_Documents_PhD_MAPF_LNS_MAPF_LNS_SAT_mapf-map_warehouse-10-20-10-2-2_map-_home_max_Documents_PhD_MAPF_LNS_MAPF_LNS_SAT_mapf-scen-even_scen-even_warehouse-10-20-10-2-2-even-12_scen-agents100-idx0-seed42-1761041444237,/home/max/Documents/PhD/MAPF/LNS/MAPF_LNS_SAT/mapf-map/warehouse-10-20-10-2-2.map,/home/max/Documents/PhD/MAPF/LNS/MAPF_LNS_SAT/mapf-scen-even/scen-even/warehouse-10-20-10-2-2-even-12.scen,100,0,42,1,231,2341.889000,12832,4311,0.000000,5.339000,11.688000,8.944000,0.763846
_home_max_Documents_PhD_MAPF_LNS_MAPF_LNS_SAT_mapf-map_warehouse-10-20-10-2-2_map-_home_max_Documents_PhD_MAPF_LNS_MAPF_LNS_SAT_mapf-scen-even_scen-even_warehouse-10-20-10-2-2-even-12_scen-agents100-idx1-seed42-1761041446640,/home/max/Documents/PhD/MAPF/LNS/MAPF_LNS_SAT/mapf-map/warehouse-10-20-10-2-2.map,/home/max/Documents/PhD/MAPF/LNS/MAPF_LNS_SAT/mapf-scen-even/scen-even/warehouse-10-20-10-2-2-even-12.scen,100,1,42,1,228,2128.734000,7065,2937,0.000000,3.129000,8.031000,5.848000,0.491025
_home_max_Documents_PhD_MAPF_LNS_MAPF_LNS_SAT_mapf-map_warehouse-10-20-10-2-2_map-_home_max_Documents_PhD_MAPF_LNS_MAPF_LNS_SAT_mapf-scen-even_scen-even_warehouse-10-20-10-2-2-even-12_scen-agents100-idx2-seed42-1761041448848,/home/max/Documents/PhD/MAPF/LNS/MAPF_LNS_SAT/mapf-map/warehouse-10-20-10-2-2.map,/home/max/Documents/PhD/MAPF/LNS/MAPF_LNS_SAT/mapf-scen-even/scen-even/warehouse-10-20-10-2-2-even-12.scen,100,2,42,1,230,1982.281000,5185,2200,0.000000,2.859000,5.891000,4.232000,0.384959
_home_max_Documents_PhD_MAPF_LNS_MAPF_LNS_SAT_mapf-map_warehouse-10-20-10-2-2_map-_home_max_Documents_PhD_MAPF_LNS_MAPF_LNS_SAT_mapf-scen-even_scen-even_warehouse-10-20-10-2-2-even-12_scen-agents100-idx3-seed42-1761041450901,/home/max/Documents/PhD/MAPF/LNS/MAPF_LNS_SAT/mapf-map/warehouse-10-20-10-2-2.map,/home/max/Documents/PhD/MAPF/LNS/MAPF_LNS_SAT/mapf-scen-even/scen-even/warehouse-10-20-10-2-2-even-12.scen,100,3,42,1,228,2217.213000,11012,4205,0.000000,4.970000,10.682000,8.069000,0.710622
_home_max_Documents_PhD_MAPF_LNS_MAPF_LNS_SAT_mapf-map_warehouse-10-20-10-2-2_map-_home_max_Documents_PhD_MAPF_LNS_MAPF_LNS_SAT_mapf-scen-even_scen-even_warehouse-10-20-10-2-2-even-12_scen-agents100-idx4-seed42-1761041453156,/home/max/Documents/PhD/MAPF/LNS/MAPF_LNS_SAT/mapf-map/warehouse-10-20-10-2-2.map,/home/max/Documents/PhD/MAPF/LNS/MAPF_LNS_SAT/mapf-scen-even/scen-even/warehouse-10-20-10-2-2-even-12.scen,100,4,42,1,229,2164.798000,7591,3195,0.000000,3.851000,8.590000,6.198000,0.576137
_home_max_Documents_PhD_MAPF_LNS_MAPF_LNS_SAT_mapf-map_warehouse-10-20-10-2-2_map-_home_max_Documents_PhD_MAPF_LNS_MAPF_LNS_SAT_mapf-scen-even_scen-even_warehouse-10-20-10-2-2-even-13_scen-agents100-idx0-seed42-1761041455416,/home/max/Documents/PhD/MAPF/LNS/MAPF_LNS_SAT/mapf-map/warehouse-10-20-10-2-2.map,/home/max/Documents/PhD/MAPF/LNS/MAPF_LNS_SAT/mapf-scen-even/scen-even/warehouse-10-20-10-2-2-even-13.scen,100,0,42,1,223,2159.074000,8489,3420,0.000000,3.682000,9.099000,6.789000,0.595902
_home_max_Documents_PhD_MAPF_LNS_MAPF_LNS_SAT_mapf-map_warehouse-10-20-10-2-2_map-_home_max_Documents_PhD_MAPF_LNS_MAPF_LNS_SAT_mapf-scen-even_scen-even_warehouse-10-20-10-2-2-even-13_scen-agents100-idx1-seed42-1761041457677,/home/max/Documents/PhD/MAPF/LNS/MAPF_LNS_SAT/mapf-map/warehouse-10-20-10-2-2.map,/home/max/Documents/PhD/MAPF/LNS/MAPF_LNS_SAT/mapf-scen-even/scen-even/warehouse-10-20-10-2-2-even-13.scen,100,1,42,1,226,2063.334000,8538,3430,0.000000,3.685000,8.754000,6.538000,0.596984
_home_max_Documents_PhD_MAPF_LNS_MAPF_LNS_SAT_mapf-map_warehouse-10-20-10-2-2_map-_home_max_Documents_PhD_MAPF_LNS_MAPF_LNS_SAT_mapf-scen-even_scen-even_warehouse-10-20-10-2-2-even-13_scen-agents100-idx2-seed42-1761041459831,/home/max/Documents/PhD/MAPF/LNS/MAPF_LNS_SAT/mapf-map/warehouse-10-20-10-2-2.map,/home/max/Documents/PhD/MAPF/LNS/MAPF_LNS_SAT/mapf-scen-even/scen-even/warehouse-10-20-10-2-2-even-13.scen,100,2,42,1,226,2054.228000,8644,3559,0.001000,4.906000,8.399000,6.243000,0.562897
_home_max_Documents_PhD_MAPF_LNS_MAPF_LNS_SAT_mapf-map_warehouse-10-20-10-2-2_map-_home_max_Documents_PhD_MAPF_LNS_MAPF_LNS_SAT_mapf-scen-even_scen-even_warehouse-10-20-10-2-2-even-13_scen-agents100-idx3-seed42-1761041461935,/home/max/Documents/PhD/MAPF/LNS/MAPF_LNS_SAT/mapf-map/warehouse-10-20-10-2-2.map,/home/max/Documents/PhD/MAPF/LNS/MAPF_LNS_SAT/mapf-scen-even/scen-even/warehouse-10-20-10-2-2-even-13.scen,100,3,42,1,220,2167.453000,39102,9470,0.002000,26.597000,24.206000,20.202000,2.235536
_home_max_Documents_PhD_MAPF_LNS_MAPF_LNS_SAT_mapf-map_warehouse-10-20-10-2-2_map-_home_max_Documents_PhD_MAPF_LNS_MAPF_LNS_SAT_mapf-scen-even_scen-even_warehouse-10-20-10-2-2-even-14_scen-agents100-idx0-seed42-1761041464196,/home/max/Documents/PhD/MAPF/LNS/MAPF_LNS_SAT/mapf-map/warehouse-10-20-10-2-2.map,/home/max/Documents/PhD/MAPF/LNS/MAPF_LNS_SAT/mapf-scen-even/scen-even/warehouse-10-20-10-2-2-even-14.scen,100,0,42,1,222,2142.300000,9820,3927,0.000000,4.431000,9.810000,7.314000,0.632725
_home_max_Documents_PhD_MAPF_LNS_MAPF_LNS_SAT_mapf-map_warehouse-10-20-10-2-2_map-_home_max_Documents_PhD_MAPF_LNS_MAPF_LNS_SAT_mapf-scen-even_scen-even_warehouse-10-20-10-2-2-even-14_scen-agents100-idx1-seed42-1761041466400,/home/max/Documents/PhD/MAPF/LNS/MAPF_LNS_SAT/mapf-map/warehouse-10-20-10-2-2.map,/home/max/Documents/PhD/MAPF/LNS/MAPF_LNS_SAT/mapf-scen-even/scen-even/warehouse-10-20-10-2-2-even-14.scen,100,1,42,1,225,2047.474000,6764,2776,0.001000,3.102000,7.394000,5.440000,0.441235
_home_max_Documents_PhD_MAPF_LNS_MAPF_LNS_SAT_mapf-map_warehouse-10-20-10-2-2_map-_home_max_Documents_PhD_MAPF_LNS_MAPF_LNS_SAT_mapf-scen-even_scen-even_warehouse-10-20-10-2-2-even-14_scen-agents100-idx2-seed42-1761041468506,/home/max/Documents/PhD/MAPF/LNS/MAPF_LNS_SAT/mapf-map/warehouse-10-20-10-2-2.map,/home/max/Documents/PhD/MAPF/LNS/MAPF_LNS_SAT/mapf-scen-even/scen-even/warehouse-10-20-10-2-2-even-14.scen,100,2,42,1,217,2104.785000,8881,3558,0.000000,3.958000,8.863000,6.689000,0.586829
_home_max_Documents_PhD_MAPF_LNS_MAPF_LNS_SAT_mapf-map_warehouse-10-20-10-2-2_map-_home_max_Documents_PhD_MAPF_LNS_MAPF_LNS_SAT_mapf-scen-even_scen-even_warehouse-10-20-10-2-2-even-14_scen-agents100-idx3-seed42-1761041470663,/home/max/Documents/PhD/MAPF/LNS/MAPF_LNS_SAT/mapf-map/warehouse-10-20-10-2-2.map,/home/max/Documents/PhD/MAPF/LNS/MAPF_LNS_SAT/mapf-scen-even/scen-even/warehouse-10-20-10-2-2-even-14.scen,100,3,42,1,223,2178.318000,8687,3614,0.000000,4.026000,9.149000,6.816000,0.581593
_home_max_Documents_PhD_MAPF_LNS_MAPF_LNS_SAT_mapf-map_warehouse-10-20-10-2-2_map-_home_max_Documents_PhD_MAPF_LNS_MAPF_LNS_SAT_mapf-scen-even_scen-even_warehouse-10-20-10-2-2-even-15_scen-agents100-idx0-seed42-1761041472924,/home/max/Documents/PhD/MAPF/LNS/MAPF_LNS_SAT/mapf-map/warehouse-10-20-10-2-2.map,/home/max/Documents/PhD/MAPF/LNS/MAPF_LNS_SAT/mapf-scen-even/scen-even/warehouse-10-20-10-2-2-even-15.scen,100,0,42,1,223,2128.177000,9568,3786,0.000000,4.126000,9.523000,7.252000,0.628006
_home_max_Documents_PhD_MAPF_LNS_MAPF_LNS_SAT_mapf-map_warehouse-10-20-10-2-2_map-_home_max_Documents_PhD_MAPF_LNS_MAPF_LNS_SAT_mapf-scen-even_scen-even_warehouse-10-20-10-2-2-even-15_scen-agents100-idx1-seed42-1761041475134,/home/max/Documents/PhD/MAPF/LNS/MAPF_LNS_SAT/mapf-map/warehouse-10-20-10-2-2.map,/home/max/Documents/PhD/MAPF/LNS/MAPF_LNS_SAT/mapf-scen-even/scen-even/warehouse-10-20-10-2-2-even-15.scen,100,1,42,1,220,2202.555000,10596,4106,0.001000,5.158000,10.511000,7.927000,0.730199
_home_max_Documents_PhD_MAPF_LNS_MAPF_LNS_SAT_mapf-map_warehouse-10-20-10-2-2_map-_home_max_Documents_PhD_MAPF_LNS_MAPF_LNS_SAT_mapf-scen-even_scen-even_warehouse-10-20-10-2-2-even-15_scen-agents100-idx2-seed42-1761041477387,/home/max/Documents/PhD/MAPF/LNS/MAPF_LNS_SAT/mapf-map/warehouse-10-20-10-2-2.map,/home/max/Documents/PhD/MAPF/LNS/MAPF_LNS_SAT/mapf-scen-even/scen-even/warehouse-10-20-10-2-2-even-15.scen,100,2,42,1,223,2105.436000,6109,2508,0.000000,2.743000,7.352000,5.244000,0.456258
_home_max_Documents_PhD_MAPF_LNS_MAPF_LNS_SAT_mapf-map_warehouse-10-20-10-2-2_map-_home_max_Documents_PhD_MAPF_LNS_MAPF_LNS_SAT_mapf-scen-even_scen-even_warehouse-10-20-10-2-2-even-15_scen-agents100-idx3-seed42-1761041479595,/home/max/Documents/PhD/MAPF/LNS/MAPF_LNS_SAT/mapf-map/warehouse-10-20-10-2-2.map,/home/max/Documents/PhD/MAPF/LNS/MAPF_LNS_SAT/mapf-scen-even/scen-even/warehouse-10-20-10-2-2-even-15.scen,100,3,42,1,222,2184.778000,17265,5457,0.000000,7.318000,14.080000,10.994000,1.004933
_home_max_Documents_PhD_MAPF_LNS_MAPF_LNS_SAT_mapf-map_warehouse-10-20-10-2-2_map-_home_max_Documents_PhD_MAPF_LNS_MAPF_LNS_SAT_mapf-scen-even_scen-even_warehouse-10-20-10-2-2-even-16_scen-agents100-idx0-seed42-1761041481850,/home/max/Documents/PhD/MAPF/LNS/MAPF_LNS_SAT/mapf-map/warehouse-10-20-10-2-2.map,/home/max/Documents/PhD/MAPF/LNS/MAPF_LNS_SAT/mapf-scen-even/scen-even/warehouse-10-20-10-2-2-even-16.scen,100,0,42,1,214,2082.817000,8996,3618,0.000000,3.947000,8.902000,6.681000,0.562184
_home_max_Documents_PhD_MAPF_LNS_MAPF_LNS_SAT_mapf-map_warehouse-10-20-10-2-2_map-_home_max_Documents_PhD_MAPF_LNS_MAPF_LNS_SAT_mapf-scen-even_scen-even_warehouse-10-20-10-2-2-even-16_scen-agents100-idx1-seed42-1761041484006,/home/max/Documents/PhD/MAPF/LNS/MAPF_LNS_SAT/mapf-map/warehouse-10-20-10-2-2.map,/home/max/Documents/PhD/MAPF/LNS/MAPF_LNS_SAT/mapf-scen-even/scen-even/warehouse-10-20-10-2-2-even-16.scen,100,1,42,1,220,2163.944000,9988,3966,0.000000,4.661000,9.968000,7.548000,0.641068
_home_max_Documents_PhD_MAPF_LNS_MAPF_LNS_SAT_mapf-map_warehouse-10-20-10-2-2_map-_home_max_Documents_PhD_MAPF_LNS_MAPF_LNS_SAT_mapf-scen-even_scen-even_warehouse-10-20-10-2-2-even-16_scen-agents100-idx2-seed42-1761041486263,/home/max/Documents/PhD/MAPF/LNS/MAPF_LNS_SAT/mapf-map/warehouse-10-20-10-2-2.map,/home/max/Documents/PhD/MAPF/LNS/MAPF_LNS_SAT/mapf-scen-even/scen-even/warehouse-10-20-10-2-2-even-16.scen,100,2,42,1,210,1934.828000,27949,4903,0.000000,8.677000,15.415000,13.290000,0.704697
_home_max_Documents_PhD_MAPF_LNS_MAPF_LNS_SAT_mapf-map_warehouse-10-20-10-2-2_map-_home_max_Documents_PhD_MAPF_LNS_MAPF_LNS_SAT_mapf-scen-even_scen-even_warehouse-10-20-10-2-2-even-16_scen-agents100-idx3-seed42-1761041488272,/home/max/Documents/PhD/MAPF/LNS/MAPF_LNS_SAT/mapf-map/warehouse-10-20-10-2-2.map,/home/max/Documents/PhD/MAPF/LNS/MAPF_LNS_SAT/mapf-scen-even/scen-even/warehouse-10-20-10-2-2-even-16.scen,100,3,42,1,218,1949.554000,5693,2366,0.000000,2.668000,6.185000,4.551000,0.404471
_home_max_Documents_PhD_MAPF_LNS_MAPF_LNS_SAT_mapf-map_warehouse-10-20-10-2-2_map-_home_max_Documents_PhD_MAPF_LNS_MAPF_LNS_SAT_mapf-scen-even_scen-even_warehouse-10-20-10-2-2-even-17_scen-agents100-idx0-seed42-1761041490325,/home/max/Documents/PhD/MAPF/LNS/MAPF_LNS_SAT/mapf-map/warehouse-10-20-10-2-2.map,/home/max/Documents/PhD/MAPF/LNS/MAPF_LNS_SAT/mapf-scen-even/scen-even/warehouse-10-20-10-2-2-even-17.scen,100,0,42,1,236,2197.952000,6582,2720,0.000000,3.149000,8.144000,5.941000,0.537541
_home_max_Documents_PhD_MAPF_LNS_MAPF_LNS_SAT_mapf-map_warehouse-10-20-10-2-2_map-_home_max_Documents_PhD_MAPF_LNS_MAPF_LNS_SAT_mapf-scen-even_scen-even_warehouse-10-20-10-2-2-even-17_scen-agents100-idx1-seed42-1761041492631,/home/max/Documents/PhD/MAPF/LNS/MAPF_LNS_SAT/mapf-map/warehouse-10-20-10-2-2.map,/home/max/Documents/PhD/MAPF/LNS/MAPF_LNS_SAT/mapf-scen-even/scen-even/warehouse-10-20-10-2-2-even-17.scen,100,1,42,1,230,2200.463000,10134,4147,0.000000,4.744000,10.035000,7.545000,0.736896
_home_max_Documents_PhD_MAPF_LNS_MAPF_LNS_SAT_mapf-map_warehouse-10-20-10-2-2_map-_home_max_Documents_PhD_MAPF_LNS_MAPF_LNS_SAT_mapf-scen-even_scen-even_warehouse-10-20-10-2-2-even-17_scen-agents100-idx2-seed42-1761041494939,/home/max/Documents/PhD/MAPF/LNS/MAPF_LNS_SAT/mapf-map/warehouse-10-20-10-2-2.map,/home/max/Documents/PhD/MAPF/LNS/MAPF_LNS_SAT/mapf-scen-even/scen-even/warehouse-10-20-10-2-2-even-17.scen,100,2,42,1,229,2068.825000,10728,3846,0.000000,4.852000,9.770000,7.472000,0.705242
_home_max_Documents_PhD_MAPF_LNS_MAPF_LNS_SAT_mapf-map_warehouse-10-20-10-2-2_map-_home_max_Documents_PhD_MAPF_LNS_MAPF_LNS_SAT_mapf-scen-even_scen-even_warehouse-10-20-10-2-2-even-17_scen-agents100-idx3-seed42-1761041497098,/home/max/Documents/PhD/MAPF/LNS/MAPF_LNS_SAT/mapf-map/warehouse-10-20-10-2-2.map,/home/max/Documents/PhD/MAPF/LNS/MAPF_LNS_SAT/mapf-scen-even/scen-even/warehouse-10-20-10-2-2-even-17.scen,100,3,42,1,233,2451.183000,16668,5889,0.000000,7.448000,15.556000,11.881000,1.298958
_home_max_Documents_PhD_MAPF_LNS_MAPF_LNS_SAT_mapf-map_warehouse-10-20-10-2-2_map-_home_max_Documents_PhD_MAPF_LNS_MAPF_LNS_SAT_mapf-scen-even_scen-even_warehouse-10-20-10-2-2-even-17_scen-agents100-idx4-seed42-1761041499654,/home/max/Documents/PhD/MAPF/LNS/MAPF_LNS_SAT/mapf-map/warehouse-10-20-10-2-2.map,/home/max/Documents/PhD/MAPF/LNS/MAPF_LNS_SAT/mapf-scen-even/scen-even/warehouse-10-20-10-2-2-even-17.scen,100,4,42,1,235,2263.117000,8273,3401,0.000000,3.847000,9.119000,6.707000,0.630358
_home_max_Documents_PhD_MAPF_LNS_MAPF_LNS_SAT_mapf-map_warehouse-10-20-10-2-2_map-_home_max_Documents_PhD_MAPF_LNS_MAPF_LNS_SAT_mapf-scen-even_scen-even_warehouse-10-20-10-2-2-even-18_scen-agents100-idx0-seed42-1761041501958,/home/max/Documents/PhD/MAPF/LNS/MAPF_LNS_SAT/mapf-map/warehouse-10-20-10-2-2.map,/home/max/Documents/PhD/MAPF/LNS/MAPF_LNS_SAT/mapf-scen-even/scen-even/warehouse-10-20-10-2-2-even-18.scen,100,0,42,1,223,1963.966000,6195,2566,0.002000,2.664000,7.003000,5.141000,0.471337
_home_max_Documents_PhD_MAPF_LNS_MAPF_LNS_SAT_mapf-map_warehouse-10-20-10-2-2_map-_home_max_Documents_PhD_MAPF_LNS_MAPF_LNS_SAT_mapf-scen-even_scen-even_warehouse-10-20-10-2-2-even-18_scen-agents100-idx1-seed42-1761041504020,/home/max/Documents/PhD/MAPF/LNS/MAPF_LNS_SAT/mapf-map/warehouse-10-20-10-2-2.map,/home/max/Documents/PhD/MAPF/LNS/MAPF_LNS_SAT/mapf-scen-even/scen-even/warehouse-10-20-10-2-2-even-18.scen,100,1,42,1,223,2162.664000,7690,3174,0.002000,3.674000,8.849000,6.438000,0.641212
_home_max_Documents_PhD_MAPF_LNS_MAPF_LNS_SAT_mapf-map_warehouse-10-20-10-2-2_map-_home_max_Documents_PhD_MAPF_LNS_MAPF_LNS_SAT_mapf-scen-even_scen-even_warehouse-10-20-10-2-2-even-18_scen-agents100-idx2-seed42-1761041506278,/home/max/Documents/PhD/MAPF/LNS/MAPF_LNS_SAT/mapf-map/warehouse-10-20-10-2-2.map,/home/max/Documents/PhD/MAPF/LNS/MAPF_LNS_SAT/mapf-scen-even/scen-even/warehouse-10-20-10-2-2-even-18.scen,100,2,42,1,225,2184.693000,8756,3407,0.009000,4.154000,9.341000,7.128000,0.643709
_home_max_Documents_PhD_MAPF_LNS_MAPF_LNS_SAT_mapf-map_warehouse-10-20-10-2-2_map-_home_max_Documents_PhD_MAPF_LNS_MAPF_LNS_SAT_mapf-scen-even_scen-even_warehouse-10-20-10-2-2-even-18_scen-agents100-idx3-seed42-1761041508530,/home/max/Documents/PhD/MAPF/LNS/MAPF_LNS_SAT/mapf-map/warehouse-10-20-10-2-2.map,/home/max/Documents/PhD/MAPF/LNS/MAPF_LNS_SAT/mapf-scen-even/scen-even/warehouse-10-20-10-2-2-even-18.scen,100,3,42,1,226,2452.225000,84487,12707,0.002000,31.530000,40.341000,36.940000,1.921603
_home_max_Documents_PhD_MAPF_LNS_MAPF_LNS_SAT_mapf-map_warehouse-10-20-10-2-2_map-_home_max_Documents_PhD_MAPF_LNS_MAPF_LNS_SAT_mapf-scen-even_scen-even_warehouse-10-20-10-2-2-even-19_scen-agents100-idx0-seed42-1761041511038,/home/max/Documents/PhD/MAPF/LNS/MAPF_LNS_SAT/mapf-map/warehouse-10-20-10-2-2.map,/home/max/Documents/PhD/MAPF/LNS/MAPF_LNS_SAT/mapf-scen-even/scen-even/warehouse-10-20-10-2-2-even-19.scen,100,0,42,1,218,2265.674000,10564,4396,0.000000,4.960000,11.466000,8.404000,0.747051
_home_max_Documents_PhD_MAPF_LNS_MAPF_LNS_SAT_mapf-map_warehouse-10-20-10-2-2_map-_home_max_Documents_PhD_MAPF_LNS_MAPF_LNS_SAT_mapf-scen-even_scen-even_warehouse-10-20-10-2-2-even-19_scen-agents100-idx1-seed42-1761041513395,/home/max/Documents/PhD/MAPF/LNS/MAPF_LNS_SAT/mapf-map/warehouse-10-20-10-2-2.map,/home/max/Documents/PhD/MAPF/LNS/MAPF_LNS_SAT/mapf-scen-even/scen-even/warehouse-10-20-10-2-2-even-19.scen,100,1,42,1,221,2020.482000,7802,3163,0.000000,3.337000,8.100000,6.060000,0.572298
_home_max_Documents_PhD_MAPF_LNS_MAPF_LNS_SAT_mapf-map_warehouse-10-20-10-2-2_map-_home_max_Documents_PhD_MAPF_LNS_MAPF_LNS_SAT_mapf-scen-even_scen-even_warehouse-10-20-10-2-2-even-19_scen-agents100-idx2-seed42-1761041515507,/home/max/Documents/PhD/MAPF/LNS/MAPF_LNS_SAT/mapf-map/warehouse-10-20-10-2-2.map,/home/max/Documents/PhD/MAPF/LNS/MAPF_LNS_SAT/mapf-scen-even/scen-even/warehouse-10-20-10-2-2-even-19.scen,100,2,42,1,221,2193.221000,9575,3848,0.000000,4.418000,9.581000,7.178000,0.643752
_home_max_Documents_PhD_MAPF_LNS_MAPF_LNS_SAT_mapf-map_warehouse-10-20-10-2-2_map-_home_max_Documents_PhD_MAPF_LNS_MAPF_LNS_SAT_mapf-scen-even_scen-even_warehouse-10-20-10-2-2-even-19_scen-agents100-idx3-seed42-1761041517762,/home/max/Documents/PhD/MAPF/LNS/MAPF_LNS_SAT/mapf-map/warehouse-10-20-10-2-2.map,/home/max/Documents/PhD/MAPF/LNS/MAPF_LNS_SAT/mapf-scen-even/scen-even/warehouse-10-20-10-2-2-even-19.scen,100,3,42,1,219,1986.436000,7121,2875,0.000000,3.175000,7.427000,5.527000,0.499242
_home_max_Documents_PhD_MAPF_LNS_MAPF_LNS_SAT_mapf-map_warehouse-10-20-10-2-2_map-_home_max_Documents_PhD_MAPF_LNS_MAPF_LNS_SAT_mapf-scen-even_scen-even_warehouse-10-20-10-2-2-even-20_scen-agents100-idx0-seed42-1761041519822,/home/max/Documents/PhD/MAPF/LNS/MAPF_LNS_SAT/mapf-map/warehouse-10-20-10-2-2.map,/home/max/Documents/PhD/MAPF/LNS/MAPF_LNS_SAT/mapf-scen-even/scen-even/warehouse-10-20-10-2-2-even-20.scen,100,0,42,1,221,1862.324000,3657,1566,0.002000,1.742000,4.821000,3.383000,0.311932
_home_max_Documents_PhD_MAPF_LNS_MAPF_LNS_SAT_mapf-map_warehouse-10-20-10-2-2_map-_home_max_Documents_PhD_MAPF_LNS_MAPF_LNS_SAT_mapf-scen-even_scen-even_warehouse-10-20-10-2-2-even-20_scen-agents100-idx1-seed42-1761041521783,/home/max/Documents/PhD/MAPF/LNS/MAPF_LNS_SAT/mapf-map/warehouse-10-20-10-2-2.map,/home/max/Documents/PhD/MAPF/LNS/MAPF_LNS_SAT/mapf-scen-even/scen-even/warehouse-10-20-10-2-2-even-20.scen,100,1,42,1,225,2170.272000,6981,2906,0.000000,3.116000,7.716000,5.660000,0.525416
_home_max_Documents_PhD_MAPF_LNS_MAPF_LNS_SAT_mapf-map_warehouse-10-20-10-2-2_map-_home_max_Documents_PhD_MAPF_LNS_MAPF_LNS_SAT_mapf-scen-even_scen-even_warehouse-10-20-10-2-2-even-20_scen-agents100-idx2-seed42-1761041524038,/home/max/Documents/PhD/MAPF/LNS/MAPF_LNS_SAT/mapf-map/warehouse-10-20-10-2-2.map,/home/max/Documents/PhD/MAPF/LNS/MAPF_LNS_SAT/mapf-scen-even/scen-even/warehouse-10-20-10-2-2-even-20.scen,100,2,42,1,227,2127.688000,8810,3570,0.000000,4.003000,9.016000,6.735000,0.604973
_home_max_Documents_PhD_MAPF_LNS_MAPF_LNS_SAT_mapf-map_warehouse-10-20-10-2-2_map-_home_max_Documents_PhD_MAPF_LNS_MAPF_LNS_SAT_mapf-scen-even_scen-even_warehouse-10-20-10-2-2-even-20_scen-agents100-idx3-seed42-1761041526245,/home/max/Documents/PhD/MAPF/LNS/MAPF_LNS_SAT/mapf-map/warehouse-10-20-10-2-2.map,/home/max/Documents/PhD/MAPF/LNS/MAPF_LNS_SAT/mapf-scen-even/scen-even/warehouse-10-20-10-2-2-even-20.scen,100,3,42,1,227,2197.690000,8162,3380,0.000000,3.685000,8.749000,6.467000,0.540685
_home_max_Documents_PhD_MAPF_LNS_MAPF_LNS_SAT_mapf-map_warehouse-10-20-10-2-2_map-_home_max_Documents_PhD_MAPF_LNS_MAPF_LNS_SAT_mapf-scen-even_scen-even_warehouse-10-20-10-2-2-even-21_scen-agents100-idx0-seed42-1761041528503,/home/max/Documents/PhD/MAPF/LNS/MAPF_LNS_SAT/mapf-map/warehouse-10-20-10-2-2.map,/home/max/Documents/PhD/MAPF/LNS/MAPF_LNS_SAT/mapf-scen-even/scen-even/warehouse-10-20-10-2-2-even-21.scen,100,0,42,1,215,2108.724000,7580,3134,0.000000,3.323000,8.426000,6.176000,0.561725
_home_max_Documents_PhD_MAPF_LNS_MAPF_LNS_SAT_mapf-map_warehouse-10-20-10-2-2_map-_home_max_Documents_PhD_MAPF_LNS_MAPF_LNS_SAT_mapf-scen-even_scen-even_warehouse-10-20-10-2-2-even-21_scen-agents100-idx1-seed42-1761041530710,/home/max/Documents/PhD/MAPF/LNS/MAPF_LNS_SAT/mapf-map/warehouse-10-20-10-2-2.map,/home/max/Documents/PhD/MAPF/LNS/MAPF_LNS_SAT/mapf-scen-even/scen-even/warehouse-10-20-10-2-2-even-21.scen,100,1,42,1,216,1985.288000,6870,2715,0.000000,3.024000,7.677000,5.587000,0.519570
_home_max_Documents_PhD_MAPF_LNS_MAPF_LNS_SAT_mapf-map_warehouse-10-20-10-2-2_map-_home_max_Documents_PhD_MAPF_LNS_MAPF_LNS_SAT_mapf-scen-even_scen-even_warehouse-10-20-10-2-2-even-21_scen-agents100-idx2-seed42-1761041532769,/home/max/Documents/PhD/MAPF/LNS/MAPF_LNS_SAT/mapf-map/warehouse-10-20-10-2-2.map,/home/max/Documents/PhD/MAPF/LNS/MAPF_LNS_SAT/mapf-scen-even/scen-even/warehouse-10-20-10-2-2-even-21.scen,100,2,42,1,219,2251.080000,9745,4090,0.000000,4.566000,10.380000,7.752000,0.690237
_home_max_Documents_PhD_MAPF_LNS_MAPF_LNS_SAT_mapf-map_warehouse-10-20-10-2-2_map-_home_max_Documents_PhD_MAPF_LNS_MAPF_LNS_SAT_mapf-scen-even_scen-even_warehouse-10-20-10-2-2-even-21_scen-agents100-idx3-seed42-1761041535072,/home/max/Documents/PhD/MAPF/LNS/MAPF_LNS_SAT/mapf-map/warehouse-10-20-10-2-2.map,/home/max/Documents/PhD/MAPF/LNS/MAPF_LNS_SAT/mapf-scen-even/scen-even/warehouse-10-20-10-2-2-even-21.scen,100,3,42,1,216,2040.923000,6914,2902,0.000000,3.404000,7.988000,5.821000,0.548420
_home_max_Documents_PhD_MAPF_LNS_MAPF_LNS_SAT_mapf-map_warehouse-10-20-10-2-2_map-_home_max_Documents_PhD_MAPF_LNS_MAPF_LNS_SAT_mapf-scen-even_scen-even_warehouse-10-20-10-2-2-even-22_scen-agents100-idx0-seed42-1761041537179,/home/max/Documents/PhD/MAPF/LNS/MAPF_LNS_SAT/mapf-map/warehouse-10-20-10-2-2.map,/home/max/Documents/PhD/MAPF/LNS/MAPF_LNS_SAT/mapf-scen-even/scen-even/warehouse-10-20-10-2-2-even-22.scen,100,0,42,1,220,1948.969000,5842,2333,0.000000,2.500000,6.436000,4.693000,0.422771
_home_max_Documents_PhD_MAPF_LNS_MAPF_LNS_SAT_mapf-map_warehouse-10-20-10-2-2_map-_home_max_Documents_PhD_MAPF_LNS_MAPF_LNS_SAT_mapf-scen-even_scen-even_warehouse-10-20-10-2-2-even-22_scen-agents100-idx1-seed42-1761041539183,/home/max/Documents/PhD/MAPF/LNS/MAPF_LNS_SAT/mapf-map/warehouse-10-20-10-2-2.map,/home/max/Documents/PhD/MAPF/LNS/MAPF_LNS_SAT/mapf-scen-even/scen-even/warehouse-10-20-10-2-2-even-22.scen,100,1,42,1,223,2105.612000,11708,4010,0.000000,4.967000,9.632000,7.523000,0.588446
_home_max_Documents_PhD_MAPF_LNS_MAPF_LNS_SAT_mapf-map_warehouse-10-20-10-2-2_map-_home_max_Documents_PhD_MAPF_LNS_MAPF_LNS_SAT_mapf-scen-even_scen-even_warehouse-10-20-10-2-2-even-22_scen-agents100-idx2-seed42-1761041541395,/home/max/Documents/PhD/MAPF/LNS/MAPF_LNS_SAT/mapf-map/warehouse-10-20-10-2-2.map,/home/max/Documents/PhD/MAPF/LNS/MAPF_LNS_SAT/mapf-scen-even/scen-even/warehouse-10-20-10-2-2-even-22.scen,100,2,42,1,227,2057.554000,6792,2751,0.000000,3.023000,7.545000,5.522000,0.519923
_home_max_Documents_PhD_MAPF_LNS_MAPF_LNS_SAT_mapf-map_warehouse-10-20-10-2-2_map-_home_max_Documents_PhD_MAPF_LNS_MAPF_LNS_SAT_mapf-scen-even_scen-even_warehouse-10-20-10-2-2-even-22_scen-agents100-idx3-seed42-1761041543552,/home/max/Documents/PhD/MAPF/LNS/MAPF_LNS_SAT/mapf-map/warehouse-10-20-10-2-2.map,/home/max/Documents/PhD/MAPF/LNS/MAPF_LNS_SAT/mapf-scen-even/scen-even/warehouse-10-20-10-2-2-even-22.scen,100,3,42,1,225,2111.907000,8485,3484,0.000000,3.750000,8.792000,6.577000,0.591707
_home_max_Documents_PhD_MAPF_LNS_MAPF_LNS_SAT_mapf-map_warehouse-10-20-10-2-2_map-_home_max_Documents_PhD_MAPF_LNS_MAPF_LNS_SAT_mapf-scen-even_scen-even_warehouse-10-20-10-2-2-even-23_scen-agents100-idx0-seed42-1761041545761,/home/max/Documents/PhD/MAPF/LNS/MAPF_LNS_SAT/mapf-map/warehouse-10-20-10-2-2.map,/home/max/Documents/PhD/MAPF/LNS/MAPF_LNS_SAT/mapf-scen-even/scen-even/warehouse-10-20-10-2-2-even-23.scen,100,0,42,1,218,2100.157000,8619,3390,0.000000,3.727000,8.849000,6.588000,0.599745
_home_max_Documents_PhD_MAPF_LNS_MAPF_LNS_SAT_mapf-map_warehouse-10-20-10-2-2_map-_home_max_Documents_PhD_MAPF_LNS_MAPF_LNS_SAT_mapf-scen-even_scen-even_warehouse-10-20-10-2-2-even-23_scen-agents100-idx1-seed42-1761041547916,/home/max/Documents/PhD/MAPF/LNS/MAPF_LNS_SAT/mapf-map/warehouse-10-20-10-2-2.map,/home/max/Documents/PhD/MAPF/LNS/MAPF_LNS_SAT/mapf-scen-even/scen-even/warehouse-10-20-10-2-2-even-23.scen,100,1,42,1,225,2036.172000,5640,2347,0.000000,2.665000,6.556000,4.797000,0.433677
_home_max_Documents_PhD_MAPF_LNS_MAPF_LNS_SAT_mapf-map_warehouse-10-20-10-2-2_map-_home_max_Documents_PhD_MAPF_LNS_MAPF_LNS_SAT_mapf-scen-even_scen-even_warehouse-10-20-10-2-2-even-23_scen-agents100-idx2-seed42-1761041550024,/home/max/Documents/PhD/MAPF/LNS/MAPF_LNS_SAT/mapf-map/warehouse-10-20-10-2-2.map,/home/max/Documents/PhD/MAPF/LNS/MAPF_LNS_SAT/mapf-scen-even/scen-even/warehouse-10-20-10-2-2-even-23.scen,100,2,42,1,219,2067.541000,6861,2784,0.000000,3.028000,7.817000,5.637000,0.530142
_home_max_Documents_PhD_MAPF_LNS_MAPF_LNS_SAT_mapf-map_warehouse-10-20-10-2-2_map-_home_max_Documents_PhD_MAPF_LNS_MAPF_LNS_SAT_mapf-scen-even_scen-even_warehouse-10-20-10-2-2-even-23_scen-agents100-idx3-seed42-1761041552181,/home/max/Documents/PhD/MAPF/LNS/MAPF_LNS_SAT/mapf-map/warehouse-10-20-10-2-2.map,/home/max/Documents/PhD/MAPF/LNS/MAPF_LNS_SAT/mapf-scen-even/scen-even/warehouse-10-20-10-2-2-even-23.scen,100,3,42,1,226,2160.442000,8694,3418,0.000000,3.896000,9.261000,6.852000,0.626017
_home_max_Documents_PhD_MAPF_LNS_MAPF_LNS_SAT_mapf-map_warehouse-10-20-10-2-2_map-_home_max_Documents_PhD_MAPF_LNS_MAPF_LNS_SAT_mapf-scen-even_scen-even_warehouse-10-20-10-2-2-even-24_scen-agents100-idx0-seed42-1761041554441,/home/max/Documents/PhD/MAPF/LNS/MAPF_LNS_SAT/mapf-map/warehouse-10-20-10-2-2.map,/home/max/Documents/PhD/MAPF/LNS/MAPF_LNS_SAT/mapf-scen-even/scen-even/warehouse-10-20-10-2-2-even-24.scen,100,0,42,1,229,2189.821000,9421,3704,0.000000,4.067000,9.739000,7.264000,0.662413
_home_max_Documents_PhD_MAPF_LNS_MAPF_LNS_SAT_mapf-map_warehouse-10-20-10-2-2_map-_home_max_Documents_PhD_MAPF_LNS_MAPF_LNS_SAT_mapf-scen-even_scen-even_warehouse-10-20-10-2-2-even-24_scen-agents100-idx1-seed42-1761041556696,/home/max/Documents/PhD/MAPF/LNS/MAPF_LNS_SAT/mapf-map/warehouse-10-20-10-2-2.map,/home/max/Documents/PhD/MAPF/LNS/MAPF_LNS_SAT/mapf-scen-even/scen-even/warehouse-10-20-10-2-2-even-24.scen,100,1,42,1,227,2068.167000,6653,2697,0.000000,3.094000,7.436000,5.420000,0.477482
_home_max_Documents_PhD_MAPF_LNS_MAPF_LNS_SAT_mapf-map_warehouse-10-20-10-2-2_map-_home_max_Documents_PhD_MAPF_LNS_MAPF_LNS_SAT_mapf-scen-even_scen-even_warehouse-10-20-10-2-2-even-24_scen-agents100-idx2-seed42-1761041558855,/home/max/Documents/PhD/MAPF/LNS/MAPF_LNS_SAT/mapf-map/warehouse-10-20-10-2-2.map,/home/max/Documents/PhD/MAPF/LNS/MAPF_LNS_SAT/mapf-scen-even/scen-even/warehouse-10-20-10-2-2-even-24.scen,100,2,42,1,226,2080.838000,7568,3085,0.000000,3.471000,7.788000,5.859000,0.493748
_home_max_Documents_PhD_MAPF_LNS_MAPF_LNS_SAT_mapf-map_warehouse-10-20-10-2-2_map-_home_max_Documents_PhD_MAPF_LNS_MAPF_LNS_SAT_mapf-scen-even_scen-even_warehouse-10-20-10-2-2-even-24_scen-agents100-idx3-seed42-1761041561012,/home/max/Documents/PhD/MAPF/LNS/MAPF_LNS_SAT/mapf-map/warehouse-10-20-10-2-2.map,/home/max/Documents/PhD/MAPF/LNS/MAPF_LNS_SAT/mapf-scen-even/scen-even/warehouse-10-20-10-2-2-even-24.scen,100,3,42,1,231,2279.104000,13900,4645,0.000000,6.284000,12.214000,9.375000,0.833495
_home_max_Documents_PhD_MAPF_LNS_MAPF_LNS_SAT_mapf-map_warehouse-10-20-10-2-2_map-_home_max_Documents_PhD_MAPF_LNS_MAPF_LNS_SAT_mapf-scen-even_scen-even_warehouse-10-20-10-2-2-even-1_scen-agents200-idx0-seed42-1761041563374,/home/max/Documents/PhD/MAPF/LNS/MAPF_LNS_SAT/mapf-map/warehouse-10-20-10-2-2.map,/home/max/Documents/PhD/MAPF/LNS/MAPF_LNS_SAT/mapf-scen-even/scen-even/warehouse-10-20-10-2-2-even-1.scen,200,0,42,1,225,13142.496000,2972671,84064,0.025000,1472.673000,3261.859000,3234.678000,29.632312
_home_max_Documents_PhD_MAPF_LNS_MAPF_LNS_SAT_mapf-map_warehouse-10-20-10-2-2_map-_home_max_Documents_PhD_MAPF_LNS_MAPF_LNS_SAT_mapf-scen-even_scen-even_warehouse-10-20-10-2-2-even-1_scen-agents200-idx1-seed42-1761041576661,/home/max/Documents/PhD/MAPF/LNS/MAPF_LNS_SAT/mapf-map/warehouse-10-20-10-2-2.map,/home/max/Documents/PhD/MAPF/LNS/MAPF_LNS_SAT/mapf-scen-even/scen-even/warehouse-10-20-10-2-2-even-1.scen,200,1,42,1,227,8417.543000,203577,35508,0.030000,79.266000,110.744000,97.601000,8.996517
_home_max_Documents_PhD_MAPF_LNS_MAPF_LNS_SAT_mapf-map_warehouse-10-20-10-2-2_map-_home_max_Documents_PhD_MAPF_LNS_MAPF_LNS_SAT_mapf-scen-even_scen-even_warehouse-10-20-10-2-2-even-2_scen-agents200-idx0-seed42-1761041585179,/home/max/Documents/PhD/MAPF/LNS/MAPF_LNS_SAT/mapf-map/warehouse-10-20-10-2-2.map,/home/max/Documents/PhD/MAPF/LNS/MAPF_LNS_SAT/mapf-scen-even/scen-even/warehouse-10-20-10-2-2-even-2.scen,200,0,42,1,216,7420.102000,35569,13279,0.006000,16.145000,36.264000,27.142000,2.801217
_home_max_Documents_PhD_MAPF_LNS_MAPF_LNS_SAT_mapf-map_warehouse-10-20-10-2-2_map-_home_max_Documents_PhD_MAPF_LNS_MAPF_LNS_SAT_mapf-scen-even_scen-even_warehouse-10-20-10-2-2-even-2_scen-agents200-idx1-seed42-1761041592706,/home/max/Documents/PhD/MAPF/LNS/MAPF_LNS_SAT/mapf-map/warehouse-10-20-10-2-2.map,/home/max/Documents/PhD/MAPF/LNS/MAPF_LNS_SAT/mapf-scen-even/scen-even/warehouse-10-20-10-2-2-even-2.scen,200,1,42,1,215,8141.136000,47301,17084,0.013000,20.823000,45.294000,34.678000,3.378410
_home_max_Documents_PhD_MAPF_LNS_MAPF_LNS_SAT_mapf-map_warehouse-10-20-10-2-2_map-_home_max_Documents_PhD_MAPF_LNS_MAPF_LNS_SAT_mapf-scen-even_scen-even_warehouse-10-20-10-2-2-even-3_scen-agents200-idx0-seed42-1761041600989,/home/max/Documents/PhD/MAPF/LNS/MAPF_LNS_SAT/mapf-map/warehouse-10-20-10-2-2.map,/home/max/Documents/PhD/MAPF/LNS/MAPF_LNS_SAT/mapf-scen-even/scen-even/warehouse-10-20-10-2-2-even-3.scen,200,0,42,1,219,8481.029000,58118,18021,0.009000,23.837000,48.122000,37.852000,3.124340
_home_max_Documents_PhD_MAPF_LNS_MAPF_LNS_SAT_mapf-map_warehouse-10-20-10-2-2_map-_home_max_Documents_PhD_MAPF_LNS_MAPF_LNS_SAT_mapf-scen-even_scen-even_warehouse-10-20-10-2-2-even-3_scen-agents200-idx1-seed42-1761041609611,/home/max/Documents/PhD/MAPF/LNS/MAPF_LNS_SAT/mapf-map/warehouse-10-20-10-2-2.map,/home/max/Documents/PhD/MAPF/LNS/MAPF_LNS_SAT/mapf-scen-even/scen-even/warehouse-10-20-10-2-2-even-3.scen,200,1,42,1,220,9679.535000,881094,67442,0.038000,337.129000,524.345000,508.709000,15.745837
_home_max_Documents_PhD_MAPF_LNS_MAPF_LNS_SAT_mapf-map_warehouse-10-20-10-2-2_map-_home_max_Documents_PhD_MAPF_LNS_MAPF_LNS_SAT_mapf-scen-even_scen-even_warehouse-10-20-10-2-2-even-4_scen-agents200-idx0-seed42-1761041619390,/home/max/Documents/PhD/MAPF/LNS/MAPF_LNS_SAT/mapf-map/warehouse-10-20-10-2-2.map,/home/max/Documents/PhD/MAPF/LNS/MAPF_LNS_SAT/mapf-scen-even/scen-even/warehouse-10-20-10-2-2-even-4.scen,200,0,42,1,223,8532.433000,47987,17150,0.010000,21.587000,46.548000,35.630000,3.250770
_home_max_Documents_PhD_MAPF_LNS_MAPF_LNS_SAT_mapf-map_warehouse-10-20-10-2-2_map-_home_max_Documents_PhD_MAPF_LNS_MAPF_LNS_SAT_mapf-scen-even_scen-even_warehouse-10-20-10-2-2-even-4_scen-agents200-idx1-seed42-1761041628074,/home/max/Documents/PhD/MAPF/LNS/MAPF_LNS_SAT/mapf-map/warehouse-10-20-10-2-2.map,/home/max/Documents/PhD/MAPF/LNS/MAPF_LNS_SAT/mapf-scen-even/scen-even/warehouse-10-20-10-2-2-even-4.scen,200,1,42,1,226,8392.096000,243528,25444,0.006000,88.454000,121.229000,109.831000,7.643732
_home_max_Documents_PhD_MAPF_LNS_MAPF_LNS_SAT_mapf-map_warehouse-10-20-10-2-2_map-_home_max_Documents_PhD_MAPF_LNS_MAPF_LNS_SAT_mapf-scen-even_scen-even_warehouse-10-20-10-2-2-even-5_scen-agents200-idx0-seed42-1761041636602,/home/max/Documents/PhD/MAPF/LNS/MAPF_LNS_SAT/mapf-map/warehouse-10-20-10-2-2.map,/home/max/Documents/PhD/MAPF/LNS/MAPF_LNS_SAT/mapf-scen-even/scen-even/warehouse-10-20-10-2-2-even-5.scen,200,0,42,1,216,9888.193000,1871146,75552,0.045000,867.301000,794.901000,773.147000,31.339222
_home_max_Documents_PhD_MAPF_LNS_MAPF_LNS_SAT_mapf-map_warehouse-10-20-10-2-2_map-_home_max_Documents_PhD_MAPF_LNS_MAPF_LNS_SAT_mapf-scen-even_scen-even_warehouse-10-20-10-2-2-even-5_scen-agents200-idx1-seed42-1761041646626,/home/max/Documents/PhD/MAPF/LNS/MAPF_LNS_SAT/mapf-map/warehouse-10-20-10-2-2.map,/home/max/Documents/PhD/MAPF/LNS/MAPF_LNS_SAT/mapf-scen-even/scen-even/warehouse-10-20-10-2-2-even-5.scen,200,1,42,1,213,9043.410000,598767,86534,0.040000,222.953000,470.505000,454.782000,12.167142
_home_max_Documents_PhD_MAPF_LNS_MAPF_LNS_SAT_mapf-map_warehouse-10-20-10-2-2_map-_home_max_Documents_PhD_MAPF_LNS_MAPF_LNS_SAT_mapf-scen-even_scen-even_warehouse-10-20-10-2-2-even-6_scen-agents200-idx0-seed42-1761041655798,/home/max/Documents/PhD/MAPF/LNS/MAPF_LNS_SAT/mapf-map/warehouse-10-20-10-2-2.map,/home/max/Documents/PhD/MAPF/LNS/MAPF_LNS_SAT/mapf-scen-even/scen-even/warehouse-10-20-10-2-2-even-6.scen,200,0,42,1,221,8208.453000,87083,20227,0.010000,32.351000,62.597000,50.996000,6.094041
_home_max_Documents_PhD_MAPF_LNS_MAPF_LNS_SAT_mapf-map_warehouse-10-20-10-2-2_map-_home_max_Documents_PhD_MAPF_LNS_MAPF_LNS_SAT_mapf-scen-even_scen-even_warehouse-10-20-10-2-2-even-6_scen-agents200-idx1-seed42-1761041664115,/home/max/Documents/PhD/MAPF/LNS/MAPF_LNS_SAT/mapf-map/warehouse-10-20-10-2-2.map,/home/max/Documents/PhD/MAPF/LNS/MAPF_LNS_SAT/mapf-scen-even/scen-even/warehouse-10-20-10-2-2-even-6.scen,200,1,42,1,216,8140.876000,62874,18230,0.016000,25.847000,51.634000,40.710000,4.859993
_home_max_Documents_PhD_MAPF_LNS_MAPF_LNS_SAT_mapf-map_warehouse-10-20-10-2-2_map-_home_max_Documents_PhD_MAPF_LNS_MAPF_LNS_SAT_mapf-scen-even_scen-even_warehouse-10-20-10-2-2-even-7_scen-agents200-idx0-seed42-1761041672392,/home/max/Documents/PhD/MAPF/LNS/MAPF_LNS_SAT/mapf-map/warehouse-10-20-10-2-2.map,/home/max/Documents/PhD/MAPF/LNS/MAPF_LNS_SAT/mapf-scen-even/scen-even/warehouse-10-20-10-2-2-even-7.scen,200,0,42,1,226,14832.635000,3062962,107201,0.032000,1876.312000,3238.501000,3205.916000,33.240077
_home_max_Documents_PhD_MAPF_LNS_MAPF_LNS_SAT_mapf-map_warehouse-10-20-10-2-2_map-_home_max_Documents_PhD_MAPF_LNS_MAPF_LNS_SAT_mapf-scen-even_scen-even_warehouse-10-20-10-2-2-even-7_scen-agents200-idx1-seed42-1761041687341,/home/max/Documents/PhD/MAPF/LNS/MAPF_LNS_SAT/mapf-map/warehouse-10-20-10-2-2.map,/home/max/Documents/PhD/MAPF/LNS/MAPF_LNS_SAT/mapf-scen-even/scen-even/warehouse-10-20-10-2-2-even-7.scen,200,1,42,1,221,8482.513000,76451,20689,0.011000,27.785000,60.694000,48.639000,6.347635
_home_max_Documents_PhD_MAPF_LNS_MAPF_LNS_SAT_mapf-map_warehouse-10-20-10-2-2_map-_home_max_Documents_PhD_MAPF_LNS_MAPF_LNS_SAT_mapf-scen-even_scen-even_warehouse-10-20-10-2-2-even-8_scen-agents200-idx0-seed42-1761041695920,/home/max/Documents/PhD/MAPF/LNS/MAPF_LNS_SAT/mapf-map/warehouse-10-20-10-2-2.map,/home/max/Documents/PhD/MAPF/LNS/MAPF_LNS_SAT/mapf-scen-even/scen-even/warehouse-10-20-10-2-2-even-8.scen,200,0,42,1,232,9600.345000,131836,27680,0.011000,45.276000,87.783000,72.910000,9.457922
_home_max_Documents_PhD_MAPF_LNS_MAPF_LNS_SAT_mapf-map_warehouse-10-20-10-2-2_map-_home_max_Documents_PhD_MAPF_LNS_MAPF_LNS_SAT_mapf-scen-even_scen-even_warehouse-10-20-10-2-2-even-8_scen-agents200-idx1-seed42-1761041705600,/home/max/Documents/PhD/MAPF/LNS/MAPF_LNS_SAT/mapf-map/warehouse-10-20-10-2-2.map,/home/max/Documents/PhD/MAPF/LNS/MAPF_LNS_SAT/mapf-scen-even/scen-even/warehouse-10-20-10-2-2-even-8.scen,200,1,42,1,230,8385.492000,61331,19156,0.010000,27.016000,48.795000,38.364000,3.405686
_home_max_Documents_PhD_MAPF_LNS_MAPF_LNS_SAT_mapf-map_warehouse-10-20-10-2-2_map-_home_max_Documents_PhD_MAPF_LNS_MAPF_LNS_SAT_mapf-scen-even_scen-even_warehouse-10-20-10-2-2-even-9_scen-agents200-idx0-seed42-1761041714131,/home/max/Documents/PhD/MAPF/LNS/MAPF_LNS_SAT/mapf-map/warehouse-10-20-10-2-2.map,/home/max/Documents/PhD/MAPF/LNS/MAPF_LNS_SAT/mapf-scen-even/scen-even/warehouse-10-20-10-2-2-even-9.scen,200,0,42,1,221,8188.220000,53861,16746,0.019000,21.804000,45.427000,35.536000,3.617616
_home_max_Documents_PhD_MAPF_LNS_MAPF_LNS_SAT_mapf-map_warehouse-10-20-10-2-2_map-_home_max_Documents_PhD_MAPF_LNS_MAPF_LNS_SAT_mapf-scen-even_scen-even_warehouse-10-20-10-2-2-even-9_scen-agents200-idx1-seed42-1761041722457,/home/max/Documents/PhD/MAPF/LNS/MAPF_LNS_SAT/mapf-map/warehouse-10-20-10-2-2.map,/home/max/Documents/PhD/MAPF/LNS/MAPF_LNS_SAT/mapf-scen-even/scen-even/warehouse-10-20-10-2-2-even-9.scen,200,1,42,1,220,8525.256000,48636,17695,0.016000,22.461000,45.691000,34.663000,3.435775
_home_max_Documents_PhD_MAPF_LNS_MAPF_LNS_SAT_mapf-map_warehouse-10-20-10-2-2_map-_home_max_Documents_PhD_MAPF_LNS_MAPF_LNS_SAT_mapf-scen-even_scen-even_warehouse-10-20-10-2-2-even-10_scen-agents200-idx0-seed42-1761041731083,/home/max/Documents/PhD/MAPF/LNS/MAPF_LNS_SAT/mapf-map/warehouse-10-20-10-2-2.map,/home/max/Documents/PhD/MAPF/LNS/MAPF_LNS_SAT/mapf-scen-even/scen-even/warehouse-10-20-10-2-2-even-10.scen,200,0,42,1,232,8516.711000,166812,27522,0.006000,49.576000,99.272000,86.874000,12.653805
_home_max_Documents_PhD_MAPF_LNS_MAPF_LNS_SAT_mapf-map_warehouse-10-20-10-2-2_map-_home_max_Documents_PhD_MAPF_LNS_MAPF_LNS_SAT_mapf-scen-even_scen-even_warehouse-10-20-10-2-2-even-10_scen-agents200-idx1-seed42-1761041739758,/home/max/Documents/PhD/MAPF/LNS/MAPF_LNS_SAT/mapf-map/warehouse-10-20-10-2-2.map,/home/max/Documents/PhD/MAPF/LNS/MAPF_LNS_SAT/mapf-scen-even/scen-even/warehouse-10-20-10-2-2-even-10.scen,200,1,42,1,232,9230.334000,50239,17927,0.020000,25.118000,45.712000,34.773000,3.330127
_home_max_Documents_PhD_MAPF_LNS_MAPF_LNS_SAT_mapf-map_warehouse-10-20-10-2-2_map-_home_max_Documents_PhD_MAPF_LNS_MAPF_LNS_SAT_mapf-scen-even_scen-even_warehouse-10-20-10-2-2-even-11_scen-agents200-idx0-seed42-1761041749082,/home/max/Documents/PhD/MAPF/LNS/MAPF_LNS_SAT/mapf-map/warehouse-10-20-10-2-2.map,/home/max/Documents/PhD/MAPF/LNS/MAPF_LNS_SAT/mapf-scen-even/scen-even/warehouse-10-20-10-2-2-even-11.scen,200,0,42,1,226,8727.638000,62942,16880,0.011000,25.374000,48.498000,38.092000,2.965109
_home_max_Documents_PhD_MAPF_LNS_MAPF_LNS_SAT_mapf-map_warehouse-10-20-10-2-2_map-_home_max_Documents_PhD_MAPF_LNS_MAPF_LNS_SAT_mapf-scen-even_scen-even_warehouse-10-20-10-2-2-even-11_scen-agents200-idx1-seed42-1761041757966,/home/max/Documents/PhD/MAPF/LNS/MAPF_LNS_SAT/mapf-map/warehouse-10-20-10-2-2.map,/home/max/Documents/PhD/MAPF/LNS/MAPF_LNS_SAT/mapf-scen-even/scen-even/warehouse-10-20-10-2-2-even-11.scen,200,1,42,1,225,9625.146000,581146,55871,0.053000,215.743000,263.228000,244.788000,15.973105
_home_max_Documents_PhD_MAPF_LNS_MAPF_LNS_SAT_mapf-map_warehouse-10-20-10-2-2_map-_home_max_Documents_PhD_MAPF_LNS_MAPF_LNS_SAT_mapf-scen-even_scen-even_warehouse-10-20-10-2-2-even-12_scen-agents200-idx0-seed42-1761041767691,/home/max/Documents/PhD/MAPF/LNS/MAPF_LNS_SAT/mapf-map/warehouse-10-20-10-2-2.map,/home/max/Documents/PhD/MAPF/LNS/MAPF_LNS_SAT/mapf-scen-even/scen-even/warehouse-10-20-10-2-2-even-12.scen,200,0,42,1,231,8445.976000,44022,14883,0.008000,19.641000,40.350000,30.659000,2.877639
_home_max_Documents_PhD_MAPF_LNS_MAPF_LNS_SAT_mapf-map_warehouse-10-20-10-2-2_map-_home_max_Documents_PhD_MAPF_LNS_MAPF_LNS_SAT_mapf-scen-even_scen-even_warehouse-10-20-10-2-2-even-12_scen-agents200-idx1-seed42-1761041776220,/home/max/Documents/PhD/MAPF/LNS/MAPF_LNS_SAT/mapf-map/warehouse-10-20-10-2-2.map,/home/max/Documents/PhD/MAPF/LNS/MAPF_LNS_SAT/mapf-scen-even/scen-even/warehouse-10-20-10-2-2-even-12.scen,200,1,42,1,230,8204.801000,64730,16603,0.017000,26.265000,47.007000,38.262000,3.848162
_home_max_Documents_PhD_MAPF_LNS_MAPF_LNS_SAT_mapf-map_warehouse-10-20-10-2-2_map-_home_max_Documents_PhD_MAPF_LNS_MAPF_LNS_SAT_mapf-scen-even_scen-even_warehouse-10-20-10-2-2-even-13_scen-agents200-idx0-seed42-1761041784549,/home/max/Documents/PhD/MAPF/LNS/MAPF_LNS_SAT/mapf-map/warehouse-10-20-10-2-2.map,/home/max/Documents/PhD/MAPF/LNS/MAPF_LNS_SAT/mapf-scen-even/scen-even/warehouse-10-20-10-2-2-even-13.scen,200,0,42,1,226,8303.898000,78044,20685,0.022000,30.097000,62.621000,51.379000,5.590370
_home_max_Documents_PhD_MAPF_LNS_MAPF_LNS_SAT_mapf-map_warehouse-20-40-10-2-2_map-_home_max_Documents_PhD_MAPF_LNS_MAPF_LNS_SAT_mapf-scen-even_scen-even_warehouse-20-40-10-2-2-even-1_scen-agents10-idx0-seed42-1761042163101,/home/max/Documents/PhD/MAPF/LNS/MAPF_LNS_SAT/mapf-map/warehouse-20-40-10-2-2.map,/home/max/Documents/PhD/MAPF/LNS/MAPF_LNS_SAT/mapf-scen-even/scen-even/warehouse-20-40-10-2-2-even-1.scen,10,0,42,1,446,940.341000,0,0,0.000000,0.000000,0.000000,0.000000,0.000000
_home_max_Documents_PhD_MAPF_LNS_MAPF_LNS_SAT_mapf-map_warehouse-20-40-10-2-2_map-_home_max_Documents_PhD_MAPF_LNS_MAPF_LNS_SAT_mapf-scen-even_scen-even_warehouse-20-40-10-2-2-even-1_scen-agents10-idx1-seed42-1761042164106,/home/max/Documents/PhD/MAPF/LNS/MAPF_LNS_SAT/mapf-map/warehouse-20-40-10-2-2.map,/home/max/Documents/PhD/MAPF/LNS/MAPF_LNS_SAT/mapf-scen-even/scen-even/warehouse-20-40-10-2-2-even-1.scen,10,1,42,1,362,835.141000,0,0,0.000000,0.000000,0.000000,0.000000,0.000000
_home_max_Documents_PhD_MAPF_LNS_MAPF_LNS_SAT_mapf-map_warehouse-20-40-10-2-2_map-_home_max_Documents_PhD_MAPF_LNS_MAPF_LNS_SAT_mapf-scen-even_scen-even_warehouse-20-40-10-2-2-even-1_scen-agents10-idx2-seed42-1761042165012,/home/max/Documents/PhD/MAPF/LNS/MAPF_LNS_SAT/mapf-map/warehouse-20-40-10-2-2.map,/home/max/Documents/PhD/MAPF/LNS/MAPF_LNS_SAT/mapf-scen-even/scen-even/warehouse-20-40-10-2-2-even-1.scen,10,2,42,1,420,983.261000,0,0,0.000000,0.000000,0.000000,0.000000,0.000000
_home_max_Documents_PhD_MAPF_LNS_MAPF_LNS_SAT_mapf-map_warehouse-20-40-10-2-2_map-_home_max_Documents_PhD_MAPF_LNS_MAPF_LNS_SAT_mapf-scen-even_scen-even_warehouse-20-40-10-2-2-even-1_scen-agents10-idx3-seed42-1761042166068,/home/max/Documents/PhD/MAPF/LNS/MAPF_LNS_SAT/mapf-map/warehouse-20-40-10-2-2.map,/home/max/Documents/PhD/MAPF/LNS/MAPF_LNS_SAT/mapf-scen-even/scen-even/warehouse-20-40-10-2-2-even-1.scen,10,3,42,1,450,921.579000,22,9,0.000000,0.016000,0.067000,0.044000,0.008182
_home_max_Documents_PhD_MAPF_LNS_MAPF_LNS_SAT_mapf-map_warehouse-20-40-10-2-2_map-_home_max_Documents_PhD_MAPF_LNS_MAPF_LNS_SAT_mapf-scen-even_scen-even_warehouse-20-40-10-2-2-even-1_scen-agents10-idx4-seed42-1761042167015,/home/max/Documents/PhD/MAPF/LNS/MAPF_LNS_SAT/mapf-map/warehouse-20-40-10-2-2.map,/home/max/Documents/PhD/MAPF/LNS/MAPF_LNS_SAT/mapf-scen-even/scen-even/warehouse-20-40-10-2-2-even-1.scen,10,4,42,1,389,830.451000,0,0,0.000000,0.000000,0.000000,0.000000,0.000000
_home_max_Documents_PhD_MAPF_LNS_MAPF_LNS_SAT_mapf-map_warehouse-20-40-10-2-2_map-_home_max_Documents_PhD_MAPF_LNS_MAPF_LNS_SAT_mapf-scen-even_scen-even_warehouse-20-40-10-2-2-even-1_scen-agents10-idx5-seed42-1761042167868,/home/max/Documents/PhD/MAPF/LNS/MAPF_LNS_SAT/mapf-map/warehouse-20-40-10-2-2.map,/home/max/Documents/PhD/MAPF/LNS/MAPF_LNS_SAT/mapf-scen-even/scen-even/warehouse-20-40-10-2-2-even-1.scen,10,5,42,1,427,796.741000,0,0,0.000000,0.000000,0.000000,0.000000,0.000000
_home_max_Documents_PhD_MAPF_LNS_MAPF_LNS_SAT_mapf-map_warehouse-20-40-10-2-2_map-_home_max_Documents_PhD_MAPF_LNS_MAPF_LNS_SAT_mapf-scen-even_scen-even_warehouse-20-40-10-2-2-even-1_scen-agents10-idx6-seed42-1761042168724,/home/max/Documents/PhD/MAPF/LNS/MAPF_LNS_SAT/mapf-map/warehouse-20-40-10-2-2.map,/home/max/Documents/PhD/MAPF/LNS/MAPF_LNS_SAT/mapf-scen-even/scen-even/warehouse-20-40-10-2-2-even-1.scen,10,6,42,1,428,834.555000,0,0,0.000000,0.000000,0.000000,0.000000,0.000000
_home_max_Documents_PhD_MAPF_LNS_MAPF_LNS_SAT_mapf-map_warehouse-20-40-10-2-2_map-_home_max_Documents_PhD_MAPF_LNS_MAPF_LNS_SAT_mapf-scen-even_scen-even_warehouse-20-40-10-2-2-even-1_scen-agents10-idx7-seed42-1761042169629,/home/max/Documents/PhD/MAPF/LNS/MAPF_LNS_SAT/mapf-map/warehouse-20-40-10-2-2.map,/home/max/Documents/PhD/MAPF/LNS/MAPF_LNS_SAT/mapf-scen-even/scen-even/warehouse-20-40-10-2-2-even-1.scen,10,7,42,1,365,809.191000,0,0,0.000000,0.000000,0.000000,0.000000,0.000000
_home_max_Documents_PhD_MAPF_LNS_MAPF_LNS_SAT_mapf-map_warehouse-20-40-10-2-2_map-_home_max_Documents_PhD_MAPF_LNS_MAPF_LNS_SAT_mapf-scen-even_scen-even_warehouse-20-40-10-2-2-even-1_scen-agents10-idx8-seed42-1761042170479,/home/max/Documents/PhD/MAPF/LNS/MAPF_LNS_SAT/mapf-map/warehouse-20-40-10-2-2.map,/home/max/Documents/PhD/MAPF/LNS/MAPF_LNS_SAT/mapf-scen-even/scen-even/warehouse-20-40-10-2-2-even-1.scen,10,8,42,1,432,968.273000,0,0,0.000000,0.000000,0.000000,0.000000,0.000000
_home_max_Documents_PhD_MAPF_LNS_MAPF_LNS_SAT_mapf-map_warehouse-20-40-10-2-2_map-_home_max_Documents_PhD_MAPF_LNS_MAPF_LNS_SAT_mapf-scen-even_scen-even_warehouse-20-40-10-2-2-even-1_scen-agents10-idx9-seed42-1761042171480,/home/max/Documents/PhD/MAPF/LNS/MAPF_LNS_SAT/mapf-map/warehouse-20-40-10-2-2.map,/home/max/Documents/PhD/MAPF/LNS/MAPF_LNS_SAT/mapf-scen-even/scen-even/warehouse-20-40-10-2-2-even-1.scen,10,9,42,1,433,908.728000,123,49,0.000000,0.074000,0.183000,0.136000,0.015311
_home_max_Documents_PhD_MAPF_LNS_MAPF_LNS_SAT_mapf-map_warehouse-20-40-10-2-2_map-_home_max_Documents_PhD_MAPF_LNS_MAPF_LNS_SAT_mapf-scen-even_scen-even_warehouse-20-40-10-2-2-even-1_scen-agents10-idx10-seed42-1761042172435,/home/max/Documents/PhD/MAPF/LNS/MAPF_LNS_SAT/mapf-map/warehouse-20-40-10-2-2.map,/home/max/Documents/PhD/MAPF/LNS/MAPF_LNS_SAT/mapf-scen-even/scen-even/warehouse-20-40-10-2-2-even-1.scen,10,10,42,1,452,904.548000,0,0,0.000000,0.000000,0.000000,0.000000,0.000000
_home_max_Documents_PhD_MAPF_LNS_MAPF_LNS_SAT_mapf-map_warehouse-20-40-10-2-2_map-_home_max_Documents_PhD_MAPF_LNS_MAPF_LNS_SAT_mapf-scen-even_scen-even_warehouse-20-40-10-2-2-even-1_scen-agents10-idx11-seed42-1761042173390,/home/max/Documents/PhD/MAPF/LNS/MAPF_LNS_SAT/mapf-map/warehouse-20-40-10-2-2.map,/home/max/Documents/PhD/MAPF/LNS/MAPF_LNS_SAT/mapf-scen-even/scen-even/warehouse-20-40-10-2-2-even-1.scen,10,11,42,1,446,886.503000,22,9,0.000000,0.021000,0.066000,0.041000,0.008614
_home_max_Documents_PhD_MAPF_LNS_MAPF_LNS_SAT_mapf-map_warehouse-20-40-10-2-2_map-_home_max_Documents_PhD_MAPF_LNS_MAPF_LNS_SAT_mapf-scen-even_scen-even_warehouse-20-40-10-2-2-even-1_scen-agents10-idx12-seed42-1761042174342,/home/max/Documents/PhD/MAPF/LNS/MAPF_LNS_SAT/mapf-map/warehouse-20-40-10-2-2.map,/home/max/Documents/PhD/MAPF/LNS/MAPF_LNS_SAT/mapf-scen-even/scen-even/warehouse-20-40-10-2-2-even-1.scen,10,12,42,1,415,870.398000,0,0,0.000000,0.000000,0.000000,0.000000,0.000000
_home_max_Documents_PhD_MAPF_LNS_MAPF_LNS_SAT_mapf-map_warehouse-20-40-10-2-2_map-_home_max_Documents_PhD_MAPF_LNS_MAPF_LNS_SAT_mapf-scen-even_scen-even_warehouse-20-40-10-2-2-even-1_scen-agents10-idx13-seed42-1761042175241,/home/max/Documents/PhD/MAPF/LNS/MAPF_LNS_SAT/mapf-map/warehouse-20-40-10-2-2.map,/home/max/Documents/PhD/MAPF/LNS/MAPF_LNS_SAT/mapf-scen-even/scen-even/warehouse-20-40-10-2-2-even-1.scen,10,13,42,1,460,859.581000,0,0,0.000000,0.000000,0.000000,0.000000,0.000000
_home_max_Documents_PhD_MAPF_LNS_MAPF_LNS_SAT_mapf-map_warehouse-20-40-10-2-2_map-_home_max_Documents_PhD_MAPF_LNS_MAPF_LNS_SAT_mapf-scen-even_scen-even_warehouse-20-40-10-2-2-even-1_scen-agents10-idx14-seed42-1761042176148,/home/max/Documents/PhD/MAPF/LNS/MAPF_LNS_SAT/mapf-map/warehouse-20-40-10-2-2.map,/home/max/Documents/PhD/MAPF/LNS/MAPF_LNS_SAT/mapf-scen-even/scen-even/warehouse-20-40-10-2-2-even-1.scen,10,14,42,1,379,863.073000,0,0,0.000000,0.000000,0.000000,0.000000,0.000000
_home_max_Documents_PhD_MAPF_LNS_MAPF_LNS_SAT_mapf-map_warehouse-20-40-10-2-2_map-_home_max_Documents_PhD_MAPF_LNS_MAPF_LNS_SAT_mapf-scen-even_scen-even_warehouse-20-40-10-2-2-even-1_scen-agents10-idx15-seed42-1761042177052,/home/max/Documents/PhD/MAPF/LNS/MAPF_LNS_SAT/mapf-map/warehouse-20-40-10-2-2.map,/home/max/Documents/PhD/MAPF/LNS/MAPF_LNS_SAT/mapf-scen-even/scen-even/warehouse-20-40-10-2-2-even-1.scen,10,15,42,1,414,886.183000,86,43,0.000000,0.199000,0.100000,0.078000,0.013120
_home_max_Documents_PhD_MAPF_LNS_MAPF_LNS_SAT_mapf-map_warehouse-20-40-10-2-2_map-_home_max_Documents_PhD_MAPF_LNS_MAPF_LNS_SAT_mapf-scen-even_scen-even_warehouse-20-40-10-2-2-even-1_scen-agents10-idx16-seed42-1761042178006,/home/max/Documents/PhD/MAPF/LNS/MAPF_LNS_SAT/mapf-map/warehouse-20-40-10-2-2.map,/home/max/Documents/PhD/MAPF/LNS/MAPF_LNS_SAT/mapf-scen-even/scen-even/warehouse-20-40-10-2-2-even-1.scen,10,16,42,1,436,998.963000,0,0,0.000000,0.000000,0.000000,0.000000,0.000000
_home_max_Documents_PhD_MAPF_LNS_MAPF_LNS_SAT_mapf-map_warehouse-20-40-10-2-2_map-_home_max_Documents_PhD_MAPF_LNS_MAPF_LNS_SAT_mapf-scen-even_scen-even_warehouse-20-40-10-2-2-even-1_scen-agents10-idx17-seed42-1761042179062,/home/max/Documents/PhD/MAPF/LNS/MAPF_LNS_SAT/mapf-map/warehouse-20-40-10-2-2.map,/home/max/Documents/PhD/MAPF/LNS/MAPF_LNS_SAT/mapf-scen-even/scen-even/warehouse-20-40-10-2-2-even-1.scen,10,17,42,1,445,903.016000,0,0,0.000000,0.000000,0.000000,0.000000,0.000000
_home_max_Documents_PhD_MAPF_LNS_MAPF_LNS_SAT_mapf-map_warehouse-20-40-10-2-2_map-_home_max_Documents_PhD_MAPF_LNS_MAPF_LNS_SAT_mapf-scen-even_scen-even_warehouse-20-40-10-2-2-even-1_scen-agents10-idx18-seed42-1761042180012,/home/max/Documents/PhD/MAPF/LNS/MAPF_LNS_SAT/mapf-map/warehouse-20-40-10-2-2.map,/home/max/Documents/PhD/MAPF/LNS/MAPF_LNS_SAT/mapf-scen-even/scen-even/warehouse-20-40-10-2-2-even-1.scen,10,18,42,1,452,871.245000,0,0,0.000000,0.000000,0.000000,0.000000,0.000000
_home_max_Documents_PhD_MAPF_LNS_MAPF_LNS_SAT_mapf-map_warehouse-20-40-10-2-2_map-_home_max_Documents_PhD_MAPF_LNS_MAPF_LNS_SAT_mapf-scen-even_scen-even_warehouse-20-40-10-2-2-even-1_scen-agents10-idx19-seed42-1761042180912,/home/max/Documents/PhD/MAPF/LNS/MAPF_LNS_SAT/mapf-map/warehouse-20-40-10-2-2.map,/home/max/Documents/PhD/MAPF/LNS/MAPF_LNS_SAT/mapf-scen-even/scen-even/warehouse-20-40-10-2-2-even-1.scen,10,19,42,1,412,918.355000,0,0,0.000000,0.000000,0.000000,0.000000,0.000000
_home_max_Documents_PhD_MAPF_LNS_MAPF_LNS_SAT_mapf-map_warehouse-20-40-10-2-2_map-_home_max_Documents_PhD_MAPF_LNS_MAPF_LNS_SAT_mapf-scen-even_scen-even_warehouse-20-40-10-2-2-even-1_scen-agents10-idx20-seed42-1761042181865,/home/max/Documents/PhD/MAPF/LNS/MAPF_LNS_SAT/mapf-map/warehouse-20-40-10-2-2.map,/home/max/Documents/PhD/MAPF/LNS/MAPF_LNS_SAT/mapf-scen-even/scen-even/warehouse-20-40-10-2-2-even-1.scen,10,20,42,1,460,886.556000,0,0,0.000000,0.000000,0.000000,0.000000,0.000000
_home_max_Documents_PhD_MAPF_LNS_MAPF_LNS_SAT_mapf-map_warehouse-20-40-10-2-2_map-_home_max_Documents_PhD_MAPF_LNS_MAPF_LNS_SAT_mapf-scen-even_scen-even_warehouse-20-40-10-2-2-even-1_scen-agents10-idx21-seed42-1761042182769,/home/max/Documents/PhD/MAPF/LNS/MAPF_LNS_SAT/mapf-map/warehouse-20-40-10-2-2.map,/home/max/Documents/PhD/MAPF/LNS/MAPF_LNS_SAT/mapf-scen-even/scen-even/warehouse-20-40-10-2-2-even-1.scen,10,21,42,1,419,845.045000,0,0,0.000000,0.000000,0.000000,0.000000,0.000000
_home_max_Documents_PhD_MAPF_LNS_MAPF_LNS_SAT_mapf-map_warehouse-20-40-10-2-2_map-_home_max_Documents_PhD_MAPF_LNS_MAPF_LNS_SAT_mapf-scen-even_scen-even_warehouse-20-40-10-2-2-even-1_scen-agents10-idx22-seed42-1761042183676,/home/max/Documents/PhD/MAPF/LNS/MAPF_LNS_SAT/mapf-map/warehouse-20-40-10-2-2.map,/home/max/Documents/PhD/MAPF/LNS/MAPF_LNS_SAT/mapf-scen-even/scen-even/warehouse-20-40-10-2-2-even-1.scen,10,22,42,1,427,826.710000,0,0,0.000000,0.000000,0.000000,0.000000,0.000000
_home_max_Documents_PhD_MAPF_LNS_MAPF_LNS_SAT_mapf-map_warehouse-20-40-10-2-2_map-_home_max_Documents_PhD_MAPF_LNS_MAPF_LNS_SAT_mapf-scen-even_scen-even_warehouse-20-40-10-2-2-even-1_scen-agents10-idx23-seed42-1761042184524,/home/max/Documents/PhD/MAPF/LNS/MAPF_LNS_SAT/mapf-map/warehouse-20-40-10-2-2.map,/home/max/Documents/PhD/MAPF/LNS/MAPF_LNS_SAT/mapf-scen-even/scen-even/warehouse-20-40-10-2-2-even-1.scen,10,23,42,1,400,890.804000,0,0,0.000000,0.000000,0.000000,0.000000,0.000000
_home_max_Documents_PhD_MAPF_LNS_MAPF_LNS_SAT_mapf-map_warehouse-20-40-10-2-2_map-_home_max_Documents_PhD_MAPF_LNS_MAPF_LNS_SAT_mapf-scen-even_scen-even_warehouse-20-40-10-2-2-even-1_scen-agents10-idx24-seed42-1761042185482,/home/max/Documents/PhD/MAPF/LNS/MAPF_LNS_SAT/mapf-map/warehouse-20-40-10-2-2.map,/home/max/Documents/PhD/MAPF/LNS/MAPF_LNS_SAT/mapf-scen-even/scen-even/warehouse-20-40-10-2-2-even-1.scen,10,24,42,1,447,887.881000,118,48,0.000000,0.083000,0.179000,0.126000,0.020137
_home_max_Documents_PhD_MAPF_LNS_MAPF_LNS_SAT_mapf-map_warehouse-20-40-10-2-2_map-_home_max_Documents_PhD_MAPF_LNS_MAPF_LNS_SAT_mapf-scen-even_scen-even_warehouse-20-40-10-2-2-even-1_scen-agents10-idx25-seed42-1761042186437,/home/max/Documents/PhD/MAPF/LNS/MAPF_LNS_SAT/mapf-map/warehouse-20-40-10-2-2.map,/home/max/Documents/PhD/MAPF/LNS/MAPF_LNS_SAT/mapf-scen-even/scen-even/warehouse-20-40-10-2-2-even-1.scen,10,25,42,1,321,814.735000,0,0,0.000000,0.000000,0.000000,0.000000,0.000000
_home_max_Documents_PhD_MAPF_LNS_MAPF_LNS_SAT_mapf-map_warehouse-20-40-10-2-2_map-_home_max_Documents_PhD_MAPF_LNS_MAPF_LNS_SAT_mapf-scen-even_scen-even_warehouse-20-40-10-2-2-even-1_scen-agents10-idx26-seed42-1761042187287,/home/max/Documents/PhD/MAPF/LNS/MAPF_LNS_SAT/mapf-map/warehouse-20-40-10-2-2.map,/home/max/Documents/PhD/MAPF/LNS/MAPF_LNS_SAT/mapf-scen-even/scen-even/warehouse-20-40-10-2-2-even-1.scen,10,26,42,1,434,930.401000,0,0,0.000000,0.000000,0.000000,0.000000,0.000000
_home_max_Documents_PhD_MAPF_LNS_MAPF_LNS_SAT_mapf-map_warehouse-20-40-10-2-2_map-_home_max_Documents_PhD_MAPF_LNS_MAPF_LNS_SAT_mapf-scen-even_scen-even_warehouse-20-40-10-2-2-even-1_scen-agents10-idx27-seed42-1761042188239,/home/max/Documents/PhD/MAPF/LNS/MAPF_LNS_SAT/mapf-map/warehouse-20-40-10-2-2.map,/home/max/Documents/PhD/MAPF/LNS/MAPF_LNS_SAT/mapf-scen-even/scen-even/warehouse-20-40-10-2-2-even-1.scen,10,27,42,1,426,795.747000,22,9,0.000000,0.023000,0.062000,0.040000,0.008202
_home_max_Documents_PhD_MAPF_LNS_MAPF_LNS_SAT_mapf-map_warehouse-20-40-10-2-2_map-_home_max_Documents_PhD_MAPF_LNS_MAPF_LNS_SAT_mapf-scen-even_scen-even_warehouse-20-40-10-2-2-even-1_scen-agents10-idx28-seed42-1761042189097,/home/max/Documents/PhD/MAPF/LNS/MAPF_LNS_SAT/mapf-map/warehouse-20-40-10-2-2.map,/home/max/Documents/PhD/MAPF/LNS/MAPF_LNS_SAT/mapf-scen-even/scen-even/warehouse-20-40-10-2-2-even-1.scen,10,28,42,1,452,958.754000,0,0,0.000000,0.000000,0.000000,0.000000,0.000000
_home_max_Documents_PhD_MAPF_LNS_MAPF_LNS_SAT_mapf-map_warehouse-20-40-10-2-2_map-_home_max_Documents_PhD_MAPF_LNS_MAPF_LNS_SAT_mapf-scen-even_scen-even_warehouse-20-40-10-2-2-even-1_scen-agents10-idx29-seed42-1761042190101,/home/max/Documents/PhD/MAPF/LNS/MAPF_LNS_SAT/mapf-map/warehouse-20-40-10-2-2.map,/home/max/Documents/PhD/MAPF/LNS/MAPF_LNS_SAT/mapf-scen-even/scen-even/warehouse-20-40-10-2-2-even-1.scen,10,29,42,1,445,842.471000,0,0,0.000000,0.000000,0.000000,0.000000,0.000000
_home_max_Documents_PhD_MAPF_LNS_MAPF_LNS_SAT_mapf-map_warehouse-20-40-10-2-2_map-_home_max_Documents_PhD_MAPF_LNS_MAPF_LNS_SAT_mapf-scen-even_scen-even_warehouse-20-40-10-2-2-even-1_scen-agents10-idx30-seed42-1761042191006,/home/max/Documents/PhD/MAPF/LNS/MAPF_LNS_SAT/mapf-map/warehouse-20-40-10-2-2.map,/home/max/Documents/PhD/MAPF/LNS/MAPF_LNS_SAT/mapf-scen-even/scen-even/warehouse-20-40-10-2-2-even-1.scen,10,30,42,1,380,861.123000,0,0,0.000000,0.000000,0.000000,0.000000,0.000000
_home_max_Documents_PhD_MAPF_LNS_MAPF_LNS_SAT_mapf-map_warehouse-20-40-10-2-2_map-_home_max_Documents_PhD_MAPF_LNS_MAPF_LNS_SAT_mapf-scen-even_scen-even_warehouse-20-40-10-2-2-even-1_scen-agents10-idx31-seed42-1761042191908,/home/max/Documents/PhD/MAPF/LNS/MAPF_LNS_SAT/mapf-map/warehouse-20-40-10-2-2.map,/home/max/Documents/PhD/MAPF/LNS/MAPF_LNS_SAT/mapf-scen-even/scen-even/warehouse-20-40-10-2-2-even-1.scen,10,31,42,1,466,1033.651000,0,0,0.000000,0.000000,0.000000,0.000000,0.000000
_home_max_Documents_PhD_MAPF_LNS_MAPF_LNS_SAT_mapf-map_warehouse-20-40-10-2-2_map-_home_max_Documents_PhD_MAPF_LNS_MAPF_LNS_SAT_mapf-scen-even_scen-even_warehouse-20-40-10-2-2-even-1_scen-agents10-idx32-seed42-1761042193011,/home/max/Documents/PhD/MAPF/LNS/MAPF_LNS_SAT/mapf-map/warehouse-20-40-10-2-2.map,/home/max/Documents/PhD/MAPF/LNS/MAPF_LNS_SAT/mapf-scen-even/scen-even/warehouse-20-40-10-2-2-even-1.scen,10,32,42,1,311,759.704000,0,0,0.000000,0.000000,0.000000,0.000000,0.000000
_home_max_Documents_PhD_MAPF_LNS_MAPF_LNS_SAT_mapf-map_warehouse-20-40-10-2-2_map-_home_max_Documents_PhD_MAPF_LNS_MAPF_LNS_SAT_mapf-scen-even_scen-even_warehouse-20-40-10-2-2-even-1_scen-agents10-idx33-seed42-1761042193816,/home/max/Documents/PhD/MAPF/LNS/MAPF_LNS_SAT/mapf-map/warehouse-20-40-10-2-2.map,/home/max/Documents/PhD/MAPF/LNS/MAPF_LNS_SAT/mapf-scen-even/scen-even/warehouse-20-40-10-2-2-even-1.scen,10,33,42,1,359,819.608000,372,143,0.000000,0.193000,0.358000,0.281000,0.031190
_home_max_Documents_PhD_MAPF_LNS_MAPF_LNS_SAT_mapf-map_warehouse-20-40-10-2-2_map-_home_max_Documents_PhD_MAPF_LNS_MAPF_LNS_SAT_mapf-scen-even_scen-even_warehouse-20-40-10-2-2-even-1_scen-agents10-idx34-seed42-1761042194663,/home/max/Documents/PhD/MAPF/LNS/MAPF_LNS_SAT/mapf-map/warehouse-20-40-10-2-2.map,/home/max/Documents/PhD/MAPF/LNS/MAPF_LNS_SAT/mapf-scen-even/scen-even/warehouse-20-40-10-2-2-even-1.scen,10,34,42,1,462,827.235000,22,9,0.000000,0.015000,0.066000,0.042000,0.008869
_home_max_Documents_PhD_MAPF_LNS_MAPF_LNS_SAT_mapf-map_warehouse-20-40-10-2-2_map-_home_max_Documents_PhD_MAPF_LNS_MAPF_LNS_SAT_mapf-scen-even_scen-even_warehouse-20-40-10-2-2-even-1_scen-agents10-idx35-seed42-1761042195517,/home/max/Documents/PhD/MAPF/LNS/MAPF_LNS_SAT/mapf-map/warehouse-20-40-10-2-2.map,/home/max/Documents/PhD/MAPF/LNS/MAPF_LNS_SAT/mapf-scen-even/scen-even/warehouse-20-40-10-2-2-even-1.scen,10,35,42,1,427,802.501000,0,0,0.000000,0.000000,0.000000,0.000000,0.000000
_home_max_Documents_PhD_MAPF_LNS_MAPF_LNS_SAT_mapf-map_warehouse-20-40-10-2-2_map-_home_max_Documents_PhD_MAPF_LNS_MAPF_LNS_SAT_mapf-scen-even_scen-even_warehouse-20-40-10-2-2-even-1_scen-agents10-idx36-seed42-1761042196376,/home/max/Documents/PhD/MAPF/LNS/MAPF_LNS_SAT/mapf-map/warehouse-20-40-10-2-2.map,/home/max/Documents/PhD/MAPF/LNS/MAPF_LNS_SAT/mapf-scen-even/scen-even/warehouse-20-40-10-2-2-even-1.scen,10,36,42,1,435,982.877000,0,0,0.000000,0.000000,0.000000,0.000000,0.000000
_home_max_Documents_PhD_MAPF_LNS_MAPF_LNS_SAT_mapf-map_warehouse-20-40-10-2-2_map-_home_max_Documents_PhD_MAPF_LNS_MAPF_LNS_SAT_mapf-scen-even_scen-even_warehouse-20-40-10-2-2-even-1_scen-agents10-idx37-seed42-1761042197430,/home/max/Documents/PhD/MAPF/LNS/MAPF_LNS_SAT/mapf-map/warehouse-20-40-10-2-2.map,/home/max/Documents/PhD/MAPF/LNS/MAPF_LNS_SAT/mapf-scen-even/scen-even/warehouse-20-40-10-2-2-even-1.scen,10,37,42,1,384,810.853000,0,0,0.000000,0.000000,0.000000,0.000000,0.000000
_home_max_Documents_PhD_MAPF_LNS_MAPF_LNS_SAT_mapf-map_warehouse-20-40-10-2-2_map-_home_max_Documents_PhD_MAPF_LNS_MAPF_LNS_SAT_mapf-scen-even_scen-even_warehouse-20-40-10-2-2-even-1_scen-agents10-idx38-seed42-1761042198277,/home/max/Documents/PhD/MAPF/LNS/MAPF_LNS_SAT/mapf-map/warehouse-20-40-10-2-2.map,/home/max/Documents/PhD/MAPF/LNS/MAPF_LNS_SAT/mapf-scen-even/scen-even/warehouse-20-40-10-2-2-even-1.scen,10,38,42,1,436,889.074000,0,0,0.000000,0.000000,0.000000,0.000000,0.000000
_home_max_Documents_PhD_MAPF_LNS_MAPF_LNS_SAT_mapf-map_warehouse-20-40-10-2-2_map-_home_max_Documents_PhD_MAPF_LNS_MAPF_LNS_SAT_mapf-scen-even_scen-even_warehouse-20-40-10-2-2-even-1_scen-agents10-idx39-seed42-1761042199234,/home/max/Documents/PhD/MAPF/LNS/MAPF_LNS_SAT/mapf-map/warehouse-20-40-10-2-2.map,/home/max/Documents/PhD/MAPF/LNS/MAPF_LNS_SAT/mapf-scen-even/scen-even/warehouse-20-40-10-2-2-even-1.scen,10,39,42,1,462,880.453000,25,10,0.000000,0.015000,0.053000,0.038000,0.009231
_home_max_Documents_PhD_MAPF_LNS_MAPF_LNS_SAT_mapf-map_warehouse-20-40-10-2-2_map-_home_max_Documents_PhD_MAPF_LNS_MAPF_LNS_SAT_mapf-scen-even_scen-even_warehouse-20-40-10-2-2-even-1_scen-agents10-idx40-seed42-1761042200132,/home/max/Documents/PhD/MAPF/LNS/MAPF_LNS_SAT/mapf-map/warehouse-20-40-10-2-2.map,/home/max/Documents/PhD/MAPF/LNS/MAPF_LNS_SAT/mapf-scen-even/scen-even/warehouse-20-40-10-2-2-even-1.scen,10,40,42,1,439,788.880000,0,0,0.000000,0.000000,0.000000,0.000000,0.000000
_home_max_Documents_PhD_MAPF_LNS_MAPF_LNS_SAT_mapf-map_warehouse-20-40-10-2-2_map-_home_max_Documents_PhD_MAPF_LNS_MAPF_LNS_SAT_mapf-scen-even_scen-even_warehouse-20-40-10-2-2-even-1_scen-agents10-idx41-seed42-1761042200988,/home/max/Documents/PhD/MAPF/LNS/MAPF_LNS_SAT/mapf-map/warehouse-20-40-10-2-2.map,/home/max/Documents/PhD/MAPF/LNS/MAPF_LNS_SAT/mapf-scen-even/scen-even/warehouse-20-40-10-2-2-even-1.scen,10,41,42,1,426,820.590000,0,0,0.000000,0.000000,0.000000,0.000000,0.000000
_home_max_Documents_PhD_MAPF_LNS_MAPF_LNS_SAT_mapf-map_warehouse-20-40-10-2-2_map-_home_max_Documents_PhD_MAPF_LNS_MAPF_LNS_SAT_mapf-scen-even_scen-even_warehouse-20-40-10-2-2-even-1_scen-agents10-idx42-seed42-1761042201836,/home/max/Documents/PhD/MAPF/LNS/MAPF_LNS_SAT/mapf-map/warehouse-20-40-10-2-2.map,/home/max/Documents/PhD/MAPF/LNS/MAPF_LNS_SAT/mapf-scen-even/scen-even/warehouse-20-40-10-2-2-even-1.scen,10,42,42,1,382,798.866000,0,0,0.000000,0.000000,0.000000,0.000000,0.000000
_home_max_Documents_PhD_MAPF_LNS_MAPF_LNS_SAT_mapf-map_warehouse-20-40-10-2-2_map-_home_max_Documents_PhD_MAPF_LNS_MAPF_LNS_SAT_mapf-scen-even_scen-even_warehouse-20-40-10-2-2-even-1_scen-agents10-idx43-seed42-1761042202693,/home/max/Documents/PhD/MAPF/LNS/MAPF_LNS_SAT/mapf-map/warehouse-20-40-10-2-2.map,/home/max/Documents/PhD/MAPF/LNS/MAPF_LNS_SAT/mapf-scen-even/scen-even/warehouse-20-40-10-2-2-even-1.scen,10,43,42,1,447,897.867000,0,0,0.000000,0.000000,0.000000,0.000000,0.000000
_home_max_Documents_PhD_MAPF_LNS_MAPF_LNS_SAT_mapf-map_warehouse-20-40-10-2-2_map-_home_max_Documents_PhD_MAPF_LNS_MAPF_LNS_SAT_mapf-scen-even_scen-even_warehouse-20-40-10-2-2-even-1_scen-agents10-idx44-seed42-1761042203649,/home/max/Documents/PhD/MAPF/LNS/MAPF_LNS_SAT/mapf-map/warehouse-20-40-10-2-2.map,/home/max/Documents/PhD/MAPF/LNS/MAPF_LNS_SAT/mapf-scen-even/scen-even/warehouse-20-40-10-2-2-even-1.scen,10,44,42,1,439,923.293000,33,17,0.000000,0.035000,0.081000,0.057000,0.016485
_home_max_Documents_PhD_MAPF_LNS_MAPF_LNS_SAT_mapf-map_warehouse-20-40-10-2-2_map-_home_max_Documents_PhD_MAPF_LNS_MAPF_LNS_SAT_mapf-scen-even_scen-even_warehouse-20-40-10-2-2-even-1_scen-agents10-idx45-seed42-1761042204598,/home/max/Documents/PhD/MAPF/LNS/MAPF_LNS_SAT/mapf-map/warehouse-20-40-10-2-2.map,/home/max/Documents/PhD/MAPF/LNS/MAPF_LNS_SAT/mapf-scen-even/scen-even/warehouse-20-40-10-2-2-even-1.scen,10,45,42,1,441,883.115000,0,0,0.000000,0.000000,0.000000,0.000000,0.000000
_home_max_Documents_PhD_MAPF_LNS_MAPF_LNS_SAT_mapf-map_warehouse-20-40-10-2-2_map-_home_max_Documents_PhD_MAPF_LNS_MAPF_LNS_SAT_mapf-scen-even_scen-even_warehouse-20-40-10-2-2-even-1_scen-agents10-idx46-seed42-1761042205501,/home/max/Documents/PhD/MAPF/LNS/MAPF_LNS_SAT/mapf-map/warehouse-20-40-10-2-2.map,/home/max/Documents/PhD/MAPF/LNS/MAPF_LNS_SAT/mapf-scen-even/scen-even/warehouse-20-40-10-2-2-even-1.scen,10,46,42,1,444,835.930000,0,0,0.000000,0.000000,0.000000,0.000000,0.000000
_home_max_Documents_PhD_MAPF_LNS_MAPF_LNS_SAT_mapf-map_warehouse-20-40-10-2-2_map-_home_max_Documents_PhD_MAPF_LNS_MAPF_LNS_SAT_mapf-scen-even_scen-even_warehouse-20-40-10-2-2-even-1_scen-agents10-idx47-seed42-1761042206406,/home/max/Documents/PhD/MAPF/LNS/MAPF_LNS_SAT/mapf-map/warehouse-20-40-10-2-2.map,/home/max/Documents/PhD/MAPF/LNS/MAPF_LNS_SAT/mapf-scen-even/scen-even/warehouse-20-40-10-2-2-even-1.scen,10,47,42,1,402,808.233000,22,9,0.000000,0.016000,0.065000,0.041000,0.008473
_home_max_Documents_PhD_MAPF_LNS_MAPF_LNS_SAT_mapf-map_warehouse-20-40-10-2-2_map-_home_max_Documents_PhD_MAPF_LNS_MAPF_LNS_SAT_mapf-scen-even_scen-even_warehouse-20-40-10-2-2-even-1_scen-agents10-idx48-seed42-1761042207255,/home/max/Documents/PhD/MAPF/LNS/MAPF_LNS_SAT/mapf-map/warehouse-20-40-10-2-2.map,/home/max/Documents/PhD/MAPF/LNS/MAPF_LNS_SAT/mapf-scen-even/scen-even/warehouse-20-40-10-2-2-even-1.scen,10,48,42,1,415,828.275000,0,0,0.000000,0.000000,0.000000,0.000000,0.000000
_home_max_Documents_PhD_MAPF_LNS_MAPF_LNS_SAT_mapf-map_warehouse-20-40-10-2-2_map-_home_max_Documents_PhD_MAPF_LNS_MAPF_LNS_SAT_mapf-scen-even_scen-even_warehouse-20-40-10-2-2-even-1_scen-agents10-idx49-seed42-1761042208106,/home/max/Documents/PhD/MAPF/LNS/MAPF_LNS_SAT/mapf-map/warehouse-20-40-10-2-2.map,/home/max/Documents/PhD/MAPF/LNS/MAPF_LNS_SAT/mapf-scen-even/scen-even/warehouse-20-40-10-2-2-even-1.scen,10,49,42,1,403,850.411000,0,0,0.000000,0.000000,0.000000,0.000000,0.000000
_home_max_Documents_PhD_MAPF_LNS_MAPF_LNS_SAT_mapf-map_warehouse-20-40-10-2-2_map-_home_max_Documents_PhD_MAPF_LNS_MAPF_LNS_SAT_mapf-scen-even_scen-even_warehouse-20-40-10-2-2-even-1_scen-agents10-idx50-seed42-1761042209013,/home/max/Documents/PhD/MAPF/LNS/MAPF_LNS_SAT/mapf-map/warehouse-20-40-10-2-2.map,/home/max/Documents/PhD/MAPF/LNS/MAPF_LNS_SAT/mapf-scen-even/scen-even/warehouse-20-40-10-2-2-even-1.scen,10,50,42,1,380,869.853000,0,0,0.000000,0.000000,0.000000,0.000000,0.000000
_home_max_Documents_PhD_MAPF_LNS_MAPF_LNS_SAT_mapf-map_warehouse-20-40-10-2-2_map-_home_max_Documents_PhD_MAPF_LNS_MAPF_LNS_SAT_mapf-scen-even_scen-even_warehouse-20-40-10-2-2-even-1_scen-agents10-idx51-seed42-1761042209915,/home/max/Documents/PhD/MAPF/LNS/MAPF_LNS_SAT/mapf-map/warehouse-20-40-10-2-2.map,/home/max/Documents/PhD/MAPF/LNS/MAPF_LNS_SAT/mapf-scen-even/scen-even/warehouse-20-40-10-2-2-even-1.scen,10,51,42,1,454,1011.083000,0,0,0.000000,0.000000,0.000000,0.000000,0.000000
_home_max_Documents_PhD_MAPF_LNS_MAPF_LNS_SAT_mapf-map_warehouse-20-40-10-2-2_map-_home_max_Documents_PhD_MAPF_LNS_MAPF_LNS_SAT_mapf-scen-even_scen-even_warehouse-20-40-10-2-2-even-1_scen-agents10-idx52-seed42-1761042210974,/home/max/Documents/PhD/MAPF/LNS/MAPF_LNS_SAT/mapf-map/warehouse-20-40-10-2-2.map,/home/max/Documents/PhD/MAPF/LNS/MAPF_LNS_SAT/mapf-scen-even/scen-even/warehouse-20-40-10-2-2-even-1.scen,10,52,42,1,262,772.775000,93,38,0.000000,0.045000,0.133000,0.095000,0.017203
_home_max_Documents_PhD_MAPF_LNS_MAPF_LNS_SAT_mapf-map_warehouse-20-40-10-2-2_map-_home_max_Documents_PhD_MAPF_LNS_MAPF_LNS_SAT_mapf-scen-even_scen-even_warehouse-20-40-10-2-2-even-1_scen-agents10-idx53-seed42-1761042211771,/home/max/Documents/PhD/MAPF/LNS/MAPF_LNS_SAT/mapf-map/warehouse-20-40-10-2-2.map,/home/max/Documents/PhD/MAPF/LNS/MAPF_LNS_SAT/mapf-scen-even/scen-even/warehouse-20-40-10-2-2-even-1.scen,10,53,42,1,419,830.465000,22,9,0.000000,0.016000,0.066000,0.041000,0.008244
_home_max_Documents_PhD_MAPF_LNS_MAPF_LNS_SAT_mapf-map_warehouse-20-40-10-2-2_map-_home_max_Documents_PhD_MAPF_LNS_MAPF_LNS_SAT_mapf-scen-even_scen-even_warehouse-20-40-10-2-2-even-1_scen-agents10-idx54-seed42-1761042212624,/home/max/Documents/PhD/MAPF/LNS/MAPF_LNS_SAT/mapf-map/warehouse-20-40-10-2-2.map,/home/max/Documents/PhD/MAPF/LNS/MAPF_LNS_SAT/mapf-scen-even/scen-even/warehouse-20-40-10-2-2-even-1.scen,10,54,42,1,432,890.821000,0,0,0.000000,0.000000,0.000000,0.000000,0.000000
_home_max_Documents_PhD_MAPF_LNS_MAPF_LNS_SAT_mapf-map_warehouse-20-40-10-2-2_map-_home_max_Documents_PhD_MAPF_LNS_MAPF_LNS_SAT_mapf-scen-even_scen-even_warehouse-20-40-10-2-2-even-1_scen-agents10-idx55-seed42-1761042213580,/home/max/Documents/PhD/MAPF/LNS/MAPF_LNS_SAT/mapf-map/warehouse-20-40-10-2-2.map,/home/max/Documents/PhD/MAPF/LNS/MAPF_LNS_SAT/mapf-scen-even/scen-even/warehouse-20-40-10-2-2-even-1.scen,10,55,42,1,367,819.620000,22,11,0.000000,0.011000,0.062000,0.041000,0.008014
_home_max_Documents_PhD_MAPF_LNS_MAPF_LNS_SAT_mapf-map_warehouse-20-40-10-2-2_map-_home_max_Documents_PhD_MAPF_LNS_MAPF_LNS_SAT_mapf-scen-even_scen-even_warehouse-20-40-10-2-2-even-1_scen-agents10-idx56-seed42-1761042214428,/home/max/Documents/PhD/MAPF/LNS/MAPF_LNS_SAT/mapf-map/warehouse-20-40-10-2-2.map,/home/max/Documents/PhD/MAPF/LNS/MAPF_LNS_SAT/mapf-scen-even/scen-even/warehouse-20-40-10-2-2-even-1.scen,10,56,42,1,426,878.334000,210,80,0.000000,0.128000,0.302000,0.218000,0.027023
_home_max_Documents_PhD_MAPF_LNS_MAPF_LNS_SAT_mapf-map_warehouse-20-40-10-2-2_map-_home_max_Documents_PhD_MAPF_LNS_MAPF_LNS_SAT_mapf-scen-even_scen-even_warehouse-20-40-10-2-2-even-1_scen-agents10-idx57-seed42-1761042215331,/home/max/Documents/PhD/MAPF/LNS/MAPF_LNS_SAT/mapf-map/warehouse-20-40-10-2-2.map,/home/max/Documents/PhD/MAPF/LNS/MAPF_LNS_SAT/mapf-scen-even/scen-even/warehouse-20-40-10-2-2-even-1.scen,10,57,42,1,442,925.902000,0,0,0.000000,0.000000,0.000000,0.000000,0.000000
_home_max_Documents_PhD_MAPF_LNS_MAPF_LNS_SAT_mapf-map_warehouse-20-40-10-2-2_map-_home_max_Documents_PhD_MAPF_LNS_MAPF_LNS_SAT_mapf-scen-even_scen-even_warehouse-20-40-10-2-2-even-1_scen-agents10-idx58-seed42-1761042216283,/home/max/Documents/PhD/MAPF/LNS/MAPF_LNS_SAT/mapf-map/warehouse-20-40-10-2-2.map,/home/max/Documents/PhD/MAPF/LNS/MAPF_LNS_SAT/mapf-scen-even/scen-even/warehouse-20-40-10-2-2-even-1.scen,10,58,42,1,435,810.047000,0,0,0.000000,0.000000,0.000000,0.000000,0.000000
_home_max_Documents_PhD_MAPF_LNS_MAPF_LNS_SAT_mapf-map_warehouse-20-40-10-2-2_map-_home_max_Documents_PhD_MAPF_LNS_MAPF_LNS_SAT_mapf-scen-even_scen-even_warehouse-20-40-10-2-2-even-1_scen-agents10-idx59-seed42-1761042217138,/home/max/Documents/PhD/MAPF/LNS/MAPF_LNS_SAT/mapf-map/warehouse-20-40-10-2-2.map,/home/max/Documents/PhD/MAPF/LNS/MAPF_LNS_SAT/mapf-scen-even/scen-even/warehouse-20-40-10-2-2-even-1.scen,10,59,42,1,423,820.354000,0,0,0.000000,0.000000,0.000000,0.000000,0.000000
_home_max_Documents_PhD_MAPF_LNS_MAPF_LNS_SAT_mapf-map_warehouse-20-40-10-2-2_map-_home_max_Documents_PhD_MAPF_LNS_MAPF_LNS_SAT_mapf-scen-even_scen-even_warehouse-20-40-10-2-2-even-1_scen-agents10-idx60-seed42-1761042217987,/home/max/Documents/PhD/MAPF/LNS/MAPF_LNS_SAT/mapf-map/warehouse-20-40-10-2-2.map,/home/max/Documents/PhD/MAPF/LNS/MAPF_LNS_SAT/mapf-scen-even/scen-even/warehouse-20-40-10-2-2-even-1.scen,10,60,42,1,399,789.584000,282,117,0.000000,0.222000,0.279000,0.220000,0.026269
_home_max_Documents_PhD_MAPF_LNS_MAPF_LNS_SAT_mapf-map_warehouse-20-40-10-2-2_map-_home_max_Documents_PhD_MAPF_LNS_MAPF_LNS_SAT_mapf-scen-even_scen-even_warehouse-20-40-10-2-2-even-1_scen-agents10-idx61-seed42-1761042218843,/home/max/Documents/PhD/MAPF/LNS/MAPF_LNS_SAT/mapf-map/warehouse-20-40-10-2-2.map,/home/max/Documents/PhD/MAPF/LNS/MAPF_LNS_SAT/mapf-scen-even/scen-even/warehouse-20-40-10-2-2-even-1.scen,10,61,42,1,426,900.758000,24,10,0.000000,0.013000,0.048000,0.038000,0.007316
_home_max_Documents_PhD_MAPF_LNS_MAPF_LNS_SAT_mapf-map_warehouse-20-40-10-2-2_map-_home_max_Documents_PhD_MAPF_LNS_MAPF_LNS_SAT_mapf-scen-even_scen-even_warehouse-20-40-10-2-2-even-1_scen-agents10-idx62-seed42-1761042219798,/home/max/Documents/PhD/MAPF/LNS/MAPF_LNS_SAT/mapf-map/warehouse-20-40-10-2-2.map,/home/max/Documents/PhD/MAPF/LNS/MAPF_LNS_SAT/mapf-scen-even/scen-even/warehouse-20-40-10-2-2-even-1.scen,10,62,42,1,411,851.945000,0,0,0.000000,0.000000,0.000000,0.000000,0.000000
_home_max_Documents_PhD_MAPF_LNS_MAPF_LNS_SAT_mapf-map_warehouse-20-40-10-2-2_map-_home_max_Documents_PhD_MAPF_LNS_MAPF_LNS_SAT_mapf-scen-even_scen-even_warehouse-20-40-10-2-2-even-1_scen-agents10-idx63-seed42-1761042220700,/home/max/Documents/PhD/MAPF/LNS/MAPF_LNS_SAT/mapf-map/warehouse-20-40-10-2-2.map,/home/max/Documents/PhD/MAPF/LNS/MAPF_LNS_SAT/mapf-scen-even/scen-even/warehouse-20-40-10-2-2-even-1.scen,10,63,42,1,429,841.399000,0,0,0.000000,0.000000,0.000000,0.000000,0.000000
_home_max_Documents_PhD_MAPF_LNS_MAPF_LNS_SAT_mapf-map_warehouse-20-40-10-2-2_map-_home_max_Documents_PhD_MAPF_LNS_MAPF_LNS_SAT_mapf-scen-even_scen-even_warehouse-20-40-10-2-2-even-1_scen-agents10-idx64-seed42-1761042221605,/home/max/Documents/PhD/MAPF/LNS/MAPF_LNS_SAT/mapf-map/warehouse-20-40-10-2-2.map,/home/max/Documents/PhD/MAPF/LNS/MAPF_LNS_SAT/mapf-scen-even/scen-even/warehouse-20-40-10-2-2-even-1.scen,10,64,42,1,451,924.868000,0,0,0.000000,0.000000,0.000000,0.000000,0.000000
_home_max_Documents_PhD_MAPF_LNS_MAPF_LNS_SAT_mapf-map_warehouse-20-40-10-2-2_map-_home_max_Documents_PhD_MAPF_LNS_MAPF_LNS_SAT_mapf-scen-even_scen-even_warehouse-20-40-10-2-2-even-1_scen-agents10-idx65-seed42-1761042222553,/home/max/Documents/PhD/MAPF/LNS/MAPF_LNS_SAT/mapf-map/warehouse-20-40-10-2-2.map,/home/max/Documents/PhD/MAPF/LNS/MAPF_LNS_SAT/mapf-scen-even/scen-even/warehouse-20-40-10-2-2-even-1.scen,10,65,42,1,412,841.482000,0,0,0.000000,0.000000,0.000000,0.000000,0.000000
_home_max_Documents_PhD_MAPF_LNS_MAPF_LNS_SAT_mapf-map_warehouse-20-40-10-2-2_map-_home_max_Documents_PhD_MAPF_LNS_MAPF_LNS_SAT_mapf-scen-even_scen-even_warehouse-20-40-10-2-2-even-1_scen-agents10-idx66-seed42-1761042223461,/home/max/Documents/PhD/MAPF/LNS/MAPF_LNS_SAT/mapf-map/warehouse-20-40-10-2-2.map,/home/max/Documents/PhD/MAPF/LNS/MAPF_LNS_SAT/mapf-scen-even/scen-even/warehouse-20-40-10-2-2-even-1.scen,10,66,42,1,462,1060.716000,66,27,0.000000,0.060000,0.211000,0.130000,0.016145
_home_max_Documents_PhD_MAPF_LNS_MAPF_LNS_SAT_mapf-map_warehouse-20-40-10-2-2_map-_home_max_Documents_PhD_MAPF_LNS_MAPF_LNS_SAT_mapf-scen-even_scen-even_warehouse-20-40-10-2-2-even-1_scen-agents10-idx67-seed42-1761042224561,/home/max/Documents/PhD/MAPF/LNS/MAPF_LNS_SAT/mapf-map/warehouse-20-40-10-2-2.map,/home/max/Documents/PhD/MAPF/LNS/MAPF_LNS_SAT/mapf-scen-even/scen-even/warehouse-20-40-10-2-2-even-1.scen,10,67,42,1,435,929.250000,0,0,0.000000,0.000000,0.000000,0.000000,0.000000
_home_max_Documents_PhD_MAPF_LNS_MAPF_LNS_SAT_mapf-map_warehouse-20-40-10-2-2_map-_home_max_Documents_PhD_MAPF_LNS_MAPF_LNS_SAT_mapf-scen-even_scen-even_warehouse-20-40-10-2-2-even-1_scen-agents10-idx68-seed42-1761042225513,/home/max/Documents/PhD/MAPF/LNS/MAPF_LNS_SAT/mapf-map/warehouse-20-40-10-2-2.map,/home/max/Documents/PhD/MAPF/LNS/MAPF_LNS_SAT/mapf-scen-even/scen-even/warehouse-20-40-10-2-2-even-1.scen,10,68,42,1,383,812.631000,0,0,0.000000,0.000000,0.000000,0.000000,0.000000
_home_max_Documents_PhD_MAPF_LNS_MAPF_LNS_SAT_mapf-map_warehouse-20-40-10-2-2_map-_home_max_Documents_PhD_MAPF_LNS_MAPF_LNS_SAT_mapf-scen-even_scen-even_warehouse-20-40-10-2-2-even-1_scen-agents10-idx69-seed42-1761042226371,/home/max/Documents/PhD/MAPF/LNS/MAPF_LNS_SAT/mapf-map/warehouse-20-40-10-2-2.map,/home/max/Documents/PhD/MAPF/LNS/MAPF_LNS_SAT/mapf-scen-even/scen-even/warehouse-20-40-10-2-2-even-1.scen,10,69,42,1,450,844.472000,0,0,0.000000,0.000000,0.000000,0.000000,0.000000
_home_max_Documents_PhD_MAPF_LNS_MAPF_LNS_SAT_mapf-map_warehouse-20-40-10-2-2_map-_home_max_Documents_PhD_MAPF_LNS_MAPF_LNS_SAT_mapf-scen-even_scen-even_warehouse-20-40-10-2-2-even-1_scen-agents10-idx70-seed42-1761042227272,/home/max/Documents/PhD/MAPF/LNS/MAPF_LNS_SAT/mapf-map/warehouse-20-40-10-2-2.map,/home/max/Documents/PhD/MAPF/LNS/MAPF_LNS_SAT/mapf-scen-even/scen-even/warehouse-20-40-10-2-2-even-1.scen,10,70,42,1,374,796.301000,0,0,0.000000,0.000000,0.000000,0.000000,0.000000
_home_max_Documents_PhD_MAPF_LNS_MAPF_LNS_SAT_mapf-map_warehouse-20-40-10-2-2_map-_home_max_Documents_PhD_MAPF_LNS_MAPF_LNS_SAT_mapf-scen-even_scen-even_warehouse-20-40-10-2-2-even-1_scen-agents10-idx71-seed42-1761042228127,/home/max/Documents/PhD/MAPF/LNS/MAPF_LNS_SAT/mapf-map/warehouse-20-40-10-2-2.map,/home/max/Documents/PhD/MAPF/LNS/MAPF_LNS_SAT/mapf-scen-even/scen-even/warehouse-20-40-10-2-2-even-1.scen,10,71,42,1,465,903.910000,25,10,0.000000,0.021000,0.055000,0.040000,0.008367
_home_max_Documents_PhD_MAPF_LNS_MAPF_LNS_SAT_mapf-map_warehouse-20-40-10-2-2_map-_home_max_Documents_PhD_MAPF_LNS_MAPF_LNS_SAT_mapf-scen-even_scen-even_warehouse-20-40-10-2-2-even-1_scen-agents10-idx72-seed42-1761042229080,/home/max/Documents/PhD/MAPF/LNS/MAPF_LNS_SAT/mapf-map/warehouse-20-40-10-2-2.map,/home/max/Documents/PhD/MAPF/LNS/MAPF_LNS_SAT/mapf-scen-even/scen-even/warehouse-20-40-10-2-2-even-1.scen,10,72,42,1,387,791.603000,0,0,0.000000,0.000000,0.000000,0.000000,0.000000
_home_max_Documents_PhD_MAPF_LNS_MAPF_LNS_SAT_mapf-map_warehouse-20-40-10-2-2_map-_home_max_Documents_PhD_MAPF_LNS_MAPF_LNS_SAT_mapf-scen-even_scen-even_warehouse-20-40-10-2-2-even-1_scen-agents10-idx73-seed42-1761042229933,/home/max/Documents/PhD/MAPF/LNS/MAPF_LNS_SAT/mapf-map/warehouse-20-40-10-2-2.map,/home/max/Documents/PhD/MAPF/LNS/MAPF_LNS_SAT/mapf-scen-even/scen-even/warehouse-20-40-10-2-2-even-1.scen,10,73,42,1,356,851.868000,0,0,0.000000,0.000000,0.000000,0.000000,0.000000
_home_max_Documents_PhD_MAPF_LNS_MAPF_LNS_SAT_mapf-map_warehouse-20-40-10-2-2_map-_home_max_Documents_PhD_MAPF_LNS_MAPF_LNS_SAT_mapf-scen-even_scen-even_warehouse-20-40-10-2-2-even-1_scen-agents10-idx74-seed42-1761042230838,/home/max/Documents/PhD/MAPF/LNS/MAPF_LNS_SAT/mapf-map/warehouse-20-40-10-2-2.map,/home/max/Documents/PhD/MAPF/LNS/MAPF_LNS_SAT/mapf-scen-even/scen-even/warehouse-20-40-10-2-2-even-1.scen,10,74,42,1,447,876.788000,0,0,0.000000,0.000000,0.000000,0.000000,0.000000
_home_max_Documents_PhD_MAPF_LNS_MAPF_LNS_SAT_mapf-map_warehouse-20-40-10-2-2_map-_home_max_Documents_PhD_MAPF_LNS_MAPF_LNS_SAT_mapf-scen-even_scen-even_warehouse-20-40-10-2-2-even-1_scen-agents10-idx75-seed42-1761042231739,/home/max/Documents/PhD/MAPF/LNS/MAPF_LNS_SAT/mapf-map/warehouse-20-40-10-2-2.map,/home/max/Documents/PhD/MAPF/LNS/MAPF_LNS_SAT/mapf-scen-even/scen-even/warehouse-20-40-10-2-2-even-1.scen,10,75,42,1,410,821.032000,93,38,0.000000,0.037000,0.137000,0.096000,0.016375
_home_max_Documents_PhD_MAPF_LNS_MAPF_LNS_SAT_mapf-map_warehouse-20-40-10-2-2_map-_home_max_Documents_PhD_MAPF_LNS_MAPF_LNS_SAT_mapf-scen-even_scen-even_warehouse-20-40-10-2-2-even-1_scen-agents10-idx76-seed42-1761042232591,/home/max/Documents/PhD/MAPF/LNS/MAPF_LNS_SAT/mapf-map/warehouse-20-40-10-2-2.map,/home/max/Documents/PhD/MAPF/LNS/MAPF_LNS_SAT/mapf-scen-even/scen-even/warehouse-20-40-10-2-2-even-1.scen,10,76,42,1,410,771.939000,0,0,0.000000,0.000000,0.000000,0.000000,0.000000
_home_max_Documents_PhD_MAPF_LNS_MAPF_LNS_SAT_mapf-map_warehouse-20-40-10-2-2_map-_home_max_Documents_PhD_MAPF_LNS_MAPF_LNS_SAT_mapf-scen-even_scen-even_warehouse-20-40-10-2-2-even-1_scen-agents10-idx77-seed42-1761042233396,/home/max/Documents/PhD/MAPF/LNS/MAPF_LNS_SAT/mapf-map/warehouse-20-40-10-2-2.map,/home/max/Documents/PhD/MAPF/LNS/MAPF_LNS_SAT/mapf-scen-even/scen-even/warehouse-20-40-10-2-2-even-1.scen,10,77,42,1,459,1007.322000,0,0,0.000000,0.000000,0.000000,0.000000,0.000000
_home_max_Documents_PhD_MAPF_LNS_MAPF_LNS_SAT_mapf-map_warehouse-20-40-10-2-2_map-_home_max_Documents_PhD_MAPF_LNS_MAPF_LNS_SAT_mapf-scen-even_scen-even_warehouse-20-40-10-2-2-even-1_scen-agents10-idx78-seed42-1761042234455,/home/max/Documents/PhD/MAPF/LNS/MAPF_LNS_SAT/mapf-map/warehouse-20-40-10-2-2.map,/home/max/Documents/PhD/MAPF/LNS/MAPF_LNS_SAT/mapf-scen-even/scen-even/warehouse-20-40-10-2-2-even-1.scen,10,78,42,1,412,951.146000,0,0,0.000000,0.000000,0.000000,0.000000,0.000000
_home_max_Documents_PhD_MAPF_LNS_MAPF_LNS_SAT_mapf-map_warehouse-20-40-10-2-2_map-_home_max_Documents_PhD_MAPF_LNS_MAPF_LNS_SAT_mapf-scen-even_scen-even_warehouse-20-40-10-2-2-even-1_scen-agents10-idx79-seed42-1761042235457,/home/max/Documents/PhD/MAPF/LNS/MAPF_LNS_SAT/mapf-map/warehouse-20-40-10-2-2.map,/home/max/Documents/PhD/MAPF/LNS/MAPF_LNS_SAT/mapf-scen-even/scen-even/warehouse-20-40-10-2-2-even-1.scen,10,79,42,1,394,879.761000,0,0,0.000000,0.000000,0.000000,0.000000,0.000000
_home_max_Documents_PhD_MAPF_LNS_MAPF_LNS_SAT_mapf-map_warehouse-20-40-10-2-2_map-_home_max_Documents_PhD_MAPF_LNS_MAPF_LNS_SAT_mapf-scen-even_scen-even_warehouse-20-40-10-2-2-even-1_scen-agents10-idx80-seed42-1761042236357,/home/max/Documents/PhD/MAPF/LNS/MAPF_LNS_SAT/mapf-map/warehouse-20-40-10-2-2.map,/home/max/Documents/PhD/MAPF/LNS/MAPF_LNS_SAT/mapf-scen-even/scen-even/warehouse-20-40-10-2-2-even-1.scen,10,80,42,1,440,933.542000,0,0,0.000000,0.000000,0.000000,0.000000,0.000000
_home_max_Documents_PhD_MAPF_LNS_MAPF_LNS_SAT_mapf-map_warehouse-20-40-10-2-2_map-_home_max_Documents_PhD_MAPF_LNS_MAPF_LNS_SAT_mapf-scen-even_scen-even_warehouse-20-40-10-2-2-even-1_scen-agents10-idx81-seed42-1761042237312,/home/max/Documents/PhD/MAPF/LNS/MAPF_LNS_SAT/mapf-map/warehouse-20-40-10-2-2.map,/home/max/Documents/PhD/MAPF/LNS/MAPF_LNS_SAT/mapf-scen-even/scen-even/warehouse-20-40-10-2-2-even-1.scen,10,81,42,1,425,842.492000,0,0,0.000000,0.000000,0.000000,0.000000,0.000000
_home_max_Documents_PhD_MAPF_LNS_MAPF_LNS_SAT_mapf-map_warehouse-20-40-10-2-2_map-_home_max_Documents_PhD_MAPF_LNS_MAPF_LNS_SAT_mapf-scen-even_scen-even_warehouse-20-40-10-2-2-even-1_scen-agents10-idx82-seed42-1761042238218,/home/max/Documents/PhD/MAPF/LNS/MAPF_LNS_SAT/mapf-map/warehouse-20-40-10-2-2.map,/home/max/Documents/PhD/MAPF/LNS/MAPF_LNS_SAT/mapf-scen-even/scen-even/warehouse-20-40-10-2-2-even-1.scen,10,82,42,1,457,861.269000,22,9,0.000000,0.013000,0.067000,0.043000,0.009306
_home_max_Documents_PhD_MAPF_LNS_MAPF_LNS_SAT_mapf-map_warehouse-20-40-10-2-2_map-_home_max_Documents_PhD_MAPF_LNS_MAPF_LNS_SAT_mapf-scen-even_scen-even_warehouse-20-40-10-2-2-even-1_scen-agents10-idx83-seed42-1761042239120,/home/max/Documents/PhD/MAPF/LNS/MAPF_LNS_SAT/mapf-map/warehouse-20-40-10-2-2.map,/home/max/Documents/PhD/MAPF/LNS/MAPF_LNS_SAT/mapf-scen-even/scen-even/warehouse-20-40-10-2-2-even-1.scen,10,83,42,1,412,826.883000,0,0,0.000000,0.000000,0.000000,0.000000,0.000000
_home_max_Documents_PhD_MAPF_LNS_MAPF_LNS_SAT_mapf-map_warehouse-20-40-10-2-2_map-_home_max_Documents_PhD_MAPF_LNS_MAPF_LNS_SAT_mapf-scen-even_scen-even_warehouse-20-40-10-2-2-even-1_scen-agents10-idx84-seed42-1761042239972,/home/max/Documents/PhD/MAPF/LNS/MAPF_LNS_SAT/mapf-map/warehouse-20-40-10-2-2.map,/home/max/Documents/PhD/MAPF/LNS/MAPF_LNS_SAT/mapf-scen-even/scen-even/warehouse-20-40-10-2-2-even-1.scen,10,84,42,1,462,904.129000,282,117,0.000000,0.300000,0.508000,0.396000,0.044806
_home_max_Documents_PhD_MAPF_LNS_MAPF_LNS_SAT_mapf-map_warehouse-20-40-10-2-2_map-_home_max_Documents_PhD_MAPF_LNS_MAPF_LNS_SAT_mapf-scen-even_scen-even_warehouse-20-40-10-2-2-even-1_scen-agents10-idx85-seed42-1761042240925,/home/max/Documents/PhD/MAPF/LNS/MAPF_LNS_SAT/mapf-map/warehouse-20-40-10-2-2.map,/home/max/Documents/PhD/MAPF/LNS/MAPF_LNS_SAT/mapf-scen-even/scen-even/warehouse-20-40-10-2-2-even-1.scen,10,85,42,1,447,933.550000,0,0,0.000000,0.000000,0.000000,0.000000,0.000000
_home_max_Documents_PhD_MAPF_LNS_MAPF_LNS_SAT_mapf-map_warehouse-20-40-10-2-2_map-_home_max_Documents_PhD_MAPF_LNS_MAPF_LNS_SAT_mapf-scen-even_scen-even_warehouse-20-40-10-2-2-even-1_scen-agents10-idx86-seed42-1761042241878,/home/max/Documents/PhD/MAPF/LNS/MAPF_LNS_SAT/mapf-map/warehouse-20-40-10-2-2.map,/home/max/Documents/PhD/MAPF/LNS/MAPF_LNS_SAT/mapf-scen-even/scen-even/warehouse-20-40-10-2-2-even-1.scen,10,86,42,1,383,836.980000,0,0,0.000000,0.000000,0.000000,0.000000,0.000000
_home_max_Documents_PhD_MAPF_LNS_MAPF_LNS_SAT_mapf-map_warehouse-20-40-10-2-2_map-_home_max_Documents_PhD_MAPF_LNS_MAPF_LNS_SAT_mapf-scen-even_scen-even_warehouse-20-40-10-2-2-even-1_scen-agents10-idx87-seed42-1761042242786,/home/max/Documents/PhD/MAPF/LNS/MAPF_LNS_SAT/mapf-map/warehouse-20-40-10-2-2.map,/home/max/Documents/PhD/MAPF/LNS/MAPF_LNS_SAT/mapf-scen-even/scen-even/warehouse-20-40-10-2-2-even-1.scen,10,87,42,1,435,902.422000,0,0,0.000000,0.000000,0.000000,0.000000,0.000000
_home_max_Documents_PhD_MAPF_LNS_MAPF_LNS_SAT_mapf-map_warehouse-20-40-10-2-2_map-_home_max_Documents_PhD_MAPF_LNS_MAPF_LNS_SAT_mapf-scen-even_scen-even_warehouse-20-40-10-2-2-even-1_scen-agents10-idx88-seed42-1761042243738,/home/max/Documents/PhD/MAPF/LNS/MAPF_LNS_SAT/mapf-map/warehouse-20-40-10-2-2.map,/home/max/Documents/PhD/MAPF/LNS/MAPF_LNS_SAT/mapf-scen-even/scen-even/warehouse-20-40-10-2-2-even-1.scen,10,88,42,1,432,928.555000,74,36,0.002000,0.061000,0.171000,0.109000,0.015498
_home_max_Documents_PhD_MAPF_LNS_MAPF_LNS_SAT_mapf-map_warehouse-20-40-10-2-2_map-_home_max_Documents_PhD_MAPF_LNS_MAPF_LNS_SAT_mapf-scen-even_scen-even_warehouse-20-40-10-2-2-even-1_scen-agents10-idx89-seed42-1761042244689,/home/max/Documents/PhD/MAPF/LNS/MAPF_LNS_SAT/mapf-map/warehouse-20-40-10-2-2.map,/home/max/Documents/PhD/MAPF/LNS/MAPF_LNS_SAT/mapf-scen-even/scen-even/warehouse-20-40-10-2-2-even-1.scen,10,89,42,1,411,807.474000,22,9,0.000000,0.015000,0.066000,0.041000,0.009690
_home_max_Documents_PhD_MAPF_LNS_MAPF_LNS_SAT_mapf-map_warehouse-20-40-10-2-2_map-_home_max_Documents_PhD_MAPF_LNS_MAPF_LNS_SAT_mapf-scen-even_scen-even_warehouse-20-40-10-2-2-even-1_scen-agents10-idx90-seed42-1761042245545,/home/max/Documents/PhD/MAPF/LNS/MAPF_LNS_SAT/mapf-map/warehouse-20-40-10-2-2.map,/home/max/Documents/PhD/MAPF/LNS/MAPF_LNS_SAT/mapf-scen-even/scen-even/warehouse-20-40-10-2-2-even-1.scen,10,90,42,1,464,959.405000,0,0,0.000000,0.000000,0.000000,0.000000,0.000000
_home_max_Documents_PhD_MAPF_LNS_MAPF_LNS_SAT_mapf-map_warehouse-20-40-10-2-2_map-_home_max_Documents_PhD_MAPF_LNS_MAPF_LNS_SAT_mapf-scen-even_scen-even_warehouse-20-40-10-2-2-even-1_scen-agents10-idx91-seed42-1761042246551,/home/max/Documents/PhD/MAPF/LNS/MAPF_LNS_SAT/mapf-map/warehouse-20-40-10-2-2.map,/home/max/Documents/PhD/MAPF/LNS/MAPF_LNS_SAT/mapf-scen-even/scen-even/warehouse-20-40-10-2-2-even-1.scen,10,91,42,1,353,737.539000,20,9,0.000000,0.017000,0.048000,0.034000,0.008171
_home_max_Documents_PhD_MAPF_LNS_MAPF_LNS_SAT_mapf-map_warehouse-20-40-10-2-2_map-_home_max_Documents_PhD_MAPF_LNS_MAPF_LNS_SAT_mapf-scen-even_scen-even_warehouse-20-40-10-2-2-even-1_scen-agents10-idx92-seed42-1761042247352,/home/max/Documents/PhD/MAPF/LNS/MAPF_LNS_SAT/mapf-map/warehouse-20-40-10-2-2.map,/home/max/Documents/PhD/MAPF/LNS/MAPF_LNS_SAT/mapf-scen-even/scen-even/warehouse-20-40-10-2-2-even-1.scen,10,92,42,1,285,725.076000,0,0,0.000000,0.000000,0.000000,0.000000,0.000000
_home_max_Documents_PhD_MAPF_LNS_MAPF_LNS_SAT_mapf-map_warehouse-20-40-10-2-2_map-_home_max_Documents_PhD_MAPF_LNS_MAPF_LNS_SAT_mapf-scen-even_scen-even_warehouse-20-40-10-2-2-even-1_scen-agents10-idx93-seed42-1761042248102,/home/max/Documents/PhD/MAPF/LNS/MAPF_LNS_SAT/mapf-map/warehouse-20-40-10-2-2.map,/home/max/Documents/PhD/MAPF/LNS/MAPF_LNS_SAT/mapf-scen-even/scen-even/warehouse-20-40-10-2-2-even-1.scen,10,93,42,1,394,883.609000,22,9,0.000000,0.018000,0.070000,0.046000,0.008034
_home_max_Documents_PhD_MAPF_LNS_MAPF_LNS_SAT_mapf-map_warehouse-20-40-10-2-2_map-_home_max_Documents_PhD_MAPF_LNS_MAPF_LNS_SAT_mapf-scen-even_scen-even_warehouse-20-40-10-2-2-even-1_scen-agents10-idx94-seed42-1761042249005,/home/max/Documents/PhD/MAPF/LNS/MAPF_LNS_SAT/mapf-map/warehouse-20-40-10-2-2.map,/home/max/Documents/PhD/MAPF/LNS/MAPF_LNS_SAT/mapf-scen-even/scen-even/warehouse-20-40-10-2-2-even-1.scen,10,94,42,1,392,799.056000,0,0,0.000000,0.000000,0.000000,0.000000,0.000000
_home_max_Documents_PhD_MAPF_LNS_MAPF_LNS_SAT_mapf-map_warehouse-20-40-10-2-2_map-_home_max_Documents_PhD_MAPF_LNS_MAPF_LNS_SAT_mapf-scen-even_scen-even_warehouse-20-40-10-2-2-even-1_scen-agents10-idx95-seed42-1761042249861,/home/max/Documents/PhD/MAPF/LNS/MAPF_LNS_SAT/mapf-map/warehouse-20-40-10-2-2.map,/home/max/Documents/PhD/MAPF/LNS/MAPF_LNS_SAT/mapf-scen-even/scen-even/warehouse-20-40-10-2-2-even-1.scen,10,95,42,1,417,960.400000,25,10,0.000000,0.025000,0.055000,0.040000,0.009677
_home_max_Documents_PhD_MAPF_LNS_MAPF_LNS_SAT_mapf-map_warehouse-20-40-10-2-2_map-_home_max_Documents_PhD_MAPF_LNS_MAPF_LNS_SAT_mapf-scen-even_scen-even_warehouse-20-40-10-2-2-even-1_scen-agents10-idx96-seed42-1761042250866,/home/max/Documents/PhD/MAPF/LNS/MAPF_LNS_SAT/mapf-map/warehouse-20-40-10-2-2.map,/home/max/Documents/PhD/MAPF/LNS/MAPF_LNS_SAT/mapf-scen-even/scen-even/warehouse-20-40-10-2-2-even-1.scen,10,96,42,1,410,813.845000,0,0,0.000000,0.000000,0.000000,0.000000,0.000000
_home_max_Documents_PhD_MAPF_LNS_MAPF_LNS_SAT_mapf-map_warehouse-20-40-10-2-2_map-_home_max_Documents_PhD_MAPF_LNS_MAPF_LNS_SAT_mapf-scen-even_scen-even_warehouse-20-40-10-2-2-even-1_scen-agents10-idx97-seed42-1761042251714,/home/max/Documents/PhD/MAPF/LNS/MAPF_LNS_SAT/mapf-map/warehouse-20-40-10-2-2.map,/home/max/Documents/PhD/MAPF/LNS/MAPF_LNS_SAT/mapf-scen-even/scen-even/warehouse-20-40-10-2-2-even-1.scen,10,97,42,1,448,826.325000,0,0,0.000000,0.000000,0.000000,0.000000,0.000000
_home_max_Documents_PhD_MAPF_LNS_MAPF_LNS_SAT_mapf-map_warehouse-20-40-10-2-2_map-_home_max_Documents_PhD_MAPF_LNS_MAPF_LNS_SAT_mapf-scen-even_scen-even_warehouse-20-40-10-2-2-even-1_scen-agents10-idx98-seed42-1761042252567,/home/max/Documents/PhD/MAPF/LNS/MAPF_LNS_SAT/mapf-map/warehouse-20-40-10-2-2.map,/home/max/Documents/PhD/MAPF/LNS/MAPF_LNS_SAT/mapf-scen-even/scen-even/warehouse-20-40-10-2-2-even-1.scen,10,98,42,1,360,761.662000,0,0,0.000000,0.000000,0.000000,0.000000,0.000000
_home_max_Documents_PhD_MAPF_LNS_MAPF_LNS_SAT_mapf-map_warehouse-20-40-10-2-2_map-_home_max_Documents_PhD_MAPF_LNS_MAPF_LNS_SAT_mapf-scen-even_scen-even_warehouse-20-40-10-2-2-even-1_scen-agents10-idx99-seed42-1761042253375,/home/max/Documents/PhD/MAPF/LNS/MAPF_LNS_SAT/mapf-map/warehouse-20-40-10-2-2.map,/home/max/Documents/PhD/MAPF/LNS/MAPF_LNS_SAT/mapf-scen-even/scen-even/warehouse-20-40-10-2-2-even-1.scen,10,99,42,1,446,852.307000,0,0,0.000000,0.000000,0.000000,0.000000,0.000000
_home_max_Documents_PhD_MAPF_LNS_MAPF_LNS_SAT_mapf-map_warehouse-20-40-10-2-2_map-_home_max_Documents_PhD_MAPF_LNS_MAPF_LNS_SAT_mapf-scen-even_scen-even_warehouse-20-40-10-2-2-even-1_scen-agents20-idx0-seed42-1761042254274,/home/max/Documents/PhD/MAPF/LNS/MAPF_LNS_SAT/mapf-map/warehouse-20-40-10-2-2.map,/home/max/Documents/PhD/MAPF/LNS/MAPF_LNS_SAT/mapf-scen-even/scen-even/warehouse-20-40-10-2-2-even-1.scen,20,0,42,1,446,1821.290000,22,9,0.000000,0.016000,0.063000,0.041000,0.008699
_home_max_Documents_PhD_MAPF_LNS_MAPF_LNS_SAT_mapf-map_warehouse-20-40-10-2-2_map-_home_max_Documents_PhD_MAPF_LNS_MAPF_LNS_SAT_mapf-scen-even_scen-even_warehouse-20-40-10-2-2-even-1_scen-agents20-idx1-seed42-1761042256180,/home/max/Documents/PhD/MAPF/LNS/MAPF_LNS_SAT/mapf-map/warehouse-20-40-10-2-2.map,/home/max/Documents/PhD/MAPF/LNS/MAPF_LNS_SAT/mapf-scen-even/scen-even/warehouse-20-40-10-2-2-even-1.scen,20,1,42,1,450,1953.506000,61,25,0.000000,0.057000,0.150000,0.099000,0.014488
_home_max_Documents_PhD_MAPF_LNS_MAPF_LNS_SAT_mapf-map_warehouse-20-40-10-2-2_map-_home_max_Documents_PhD_MAPF_LNS_MAPF_LNS_SAT_mapf-scen-even_scen-even_warehouse-20-40-10-2-2-even-1_scen-agents20-idx2-seed42-1761042258190,/home/max/Documents/PhD/MAPF/LNS/MAPF_LNS_SAT/mapf-map/warehouse-20-40-10-2-2.map,/home/max/Documents/PhD/MAPF/LNS/MAPF_LNS_SAT/mapf-scen-even/scen-even/warehouse-20-40-10-2-2-even-1.scen,20,2,42,1,427,1750.538000,113,47,0.000000,0.161000,0.198000,0.134000,0.020398
_home_max_Documents_PhD_MAPF_LNS_MAPF_LNS_SAT_mapf-map_warehouse-20-40-10-2-2_map-_home_max_Documents_PhD_MAPF_LNS_MAPF_LNS_SAT_mapf-scen-even_scen-even_warehouse-20-40-10-2-2-even-1_scen-agents20-idx3-seed42-1761042259996,/home/max/Documents/PhD/MAPF/LNS/MAPF_LNS_SAT/mapf-map/warehouse-20-40-10-2-2.map,/home/max/Documents/PhD/MAPF/LNS/MAPF_LNS_SAT/mapf-scen-even/scen-even/warehouse-20-40-10-2-2-even-1.scen,20,3,42,1,428,1759.957000,0,0,0.000000,0.000000,0.000000,0.000000,0.000000
_home_max_Documents_PhD_MAPF_LNS_MAPF_LNS_SAT_mapf-map_warehouse-20-40-10-2-2_map-_home_max_Documents_PhD_MAPF_LNS_MAPF_LNS_SAT_mapf-scen-even_scen-even_warehouse-20-40-10-2-2-even-1_scen-agents20-idx4-seed42-1761042261803,/home/max/Documents/PhD/MAPF/LNS/MAPF_LNS_SAT/mapf-map/warehouse-20-40-10-2-2.map,/home/max/Documents/PhD/MAPF/LNS/MAPF_LNS_SAT/mapf-scen-even/scen-even/warehouse-20-40-10-2-2-even-1.scen,20,4,42,1,433,1983.683000,375,155,0.000000,0.216000,0.419000,0.314000,0.038557
_home_max_Documents_PhD_MAPF_LNS_MAPF_LNS_SAT_mapf-map_warehouse-20-40-10-2-2_map-_home_max_Documents_PhD_MAPF_LNS_MAPF_LNS_SAT_mapf-scen-even_scen-even_warehouse-20-40-10-2-2-even-1_scen-agents20-idx5-seed42-1761042263863,/home/max/Documents/PhD/MAPF/LNS/MAPF_LNS_SAT/mapf-map/warehouse-20-40-10-2-2.map,/home/max/Documents/PhD/MAPF/LNS/MAPF_LNS_SAT/mapf-scen-even/scen-even/warehouse-20-40-10-2-2-even-1.scen,20,5,42,1,452,1932.807000,22,9,0.000000,0.021000,0.072000,0.044000,0.008456
_home_max_Documents_PhD_MAPF_LNS_MAPF_LNS_SAT_mapf-map_warehouse-20-40-10-2-2_map-_home_max_Documents_PhD_MAPF_LNS_MAPF_LNS_SAT_mapf-scen-even_scen-even_warehouse-20-40-10-2-2-even-1_scen-agents20-idx6-seed42-1761042265871,/home/max/Documents/PhD/MAPF/LNS/MAPF_LNS_SAT/mapf-map/warehouse-20-40-10-2-2.map,/home/max/Documents/PhD/MAPF/LNS/MAPF_LNS_SAT/mapf-scen-even/scen-even/warehouse-20-40-10-2-2-even-1.scen,20,6,42,1,460,1832.675000,115,47,0.000000,0.174000,0.207000,0.143000,0.024977
_home_max_Documents_PhD_MAPF_LNS_MAPF_LNS_SAT_mapf-map_warehouse-20-40-10-2-2_map-_home_max_Documents_PhD_MAPF_LNS_MAPF_LNS_SAT_mapf-scen-even_scen-even_warehouse-20-40-10-2-2-even-1_scen-agents20-idx7-seed42-1761042267777,/home/max/Documents/PhD/MAPF/LNS/MAPF_LNS_SAT/mapf-map/warehouse-20-40-10-2-2.map,/home/max/Documents/PhD/MAPF/LNS/MAPF_LNS_SAT/mapf-scen-even/scen-even/warehouse-20-40-10-2-2-even-1.scen,20,7,42,1,414,1795.066000,40,19,0.000000,0.025000,0.135000,0.087000,0.018928
_home_max_Documents_PhD_MAPF_LNS_MAPF_LNS_SAT_mapf-map_warehouse-20-40-10-2-2_map-_home_max_Documents_PhD_MAPF_LNS_MAPF_LNS_SAT_mapf-scen-even_scen-even_warehouse-20-40-10-2-2-even-1_scen-agents20-idx8-seed42-1761042269633,/home/max/Documents/PhD/MAPF/LNS/MAPF_LNS_SAT/mapf-map/warehouse-20-40-10-2-2.map,/home/max/Documents/PhD/MAPF/LNS/MAPF_LNS_SAT/mapf-scen-even/scen-even/warehouse-20-40-10-2-2-even-1.scen,20,8,42,1,445,2068.380000,117,48,0.000000,0.131000,0.212000,0.152000,0.023944
_home_max_Documents_PhD_MAPF_LNS_MAPF_LNS_SAT_mapf-map_warehouse-20-40-10-2-2_map-_home_max_Documents_PhD_MAPF_LNS_MAPF_LNS_SAT_mapf-scen-even_scen-even_warehouse-20-40-10-2-2-even-1_scen-agents20-idx9-seed42-1761042271737,/home/max/Documents/PhD/MAPF/LNS/MAPF_LNS_SAT/mapf-map/warehouse-20-40-10-2-2.map,/home/max/Documents/PhD/MAPF/LNS/MAPF_LNS_SAT/mapf-scen-even/scen-even/warehouse-20-40-10-2-2-even-1.scen,20,9,42,1,452,1896.073000,121,53,0.000000,0.075000,0.193000,0.136000,0.021201
_home_max_Documents_PhD_MAPF_LNS_MAPF_LNS_SAT_mapf-map_warehouse-20-40-10-2-2_map-_home_max_Documents_PhD_MAPF_LNS_MAPF_LNS_SAT_mapf-scen-even_scen-even_warehouse-20-40-10-2-2-even-1_scen-agents20-idx10-seed42-1761042273697,/home/max/Documents/PhD/MAPF/LNS/MAPF_LNS_SAT/mapf-map/warehouse-20-40-10-2-2.map,/home/max/Documents/PhD/MAPF/LNS/MAPF_LNS_SAT/mapf-scen-even/scen-even/warehouse-20-40-10-2-2-even-1.scen,20,10,42,1,460,1850.341000,0,0,0.000000,0.000000,0.000000,0.000000,0.000000
_home_max_Documents_PhD_MAPF_LNS_MAPF_LNS_SAT_mapf-map_warehouse-20-40-10-2-2_map-_home_max_Documents_PhD_MAPF_LNS_MAPF_LNS_SAT_mapf-scen-even_scen-even_warehouse-20-40-10-2-2-even-1_scen-agents20-idx11-seed42-1761042275601,/home/max/Documents/PhD/MAPF/LNS/MAPF_LNS_SAT/mapf-map/warehouse-20-40-10-2-2.map,/home/max/Documents/PhD/MAPF/LNS/MAPF_LNS_SAT/mapf-scen-even/scen-even/warehouse-20-40-10-2-2-even-1.scen,20,11,42,1,427,1767.482000,42,18,0.000000,0.035000,0.108000,0.070000,0.012525
_home_max_Documents_PhD_MAPF_LNS_MAPF_LNS_SAT_mapf-map_warehouse-20-40-10-2-2_map-_home_max_Documents_PhD_MAPF_LNS_MAPF_LNS_SAT_mapf-scen-even_scen-even_warehouse-20-40-10-2-2-even-1_scen-agents20-idx12-seed42-1761042277404,/home/max/Documents/PhD/MAPF/LNS/MAPF_LNS_SAT/mapf-map/warehouse-20-40-10-2-2.map,/home/max/Documents/PhD/MAPF/LNS/MAPF_LNS_SAT/mapf-scen-even/scen-even/warehouse-20-40-10-2-2-even-1.scen,20,12,42,1,447,1812.117000,118,48,0.000000,0.083000,0.184000,0.127000,0.019699
_home_max_Documents_PhD_MAPF_LNS_MAPF_LNS_SAT_mapf-map_warehouse-20-40-10-2-2_map-_home_max_Documents_PhD_MAPF_LNS_MAPF_LNS_SAT_mapf-scen-even_scen-even_warehouse-20-40-10-2-2-even-1_scen-agents20-idx13-seed42-1761042279260,/home/max/Documents/PhD/MAPF/LNS/MAPF_LNS_SAT/mapf-map/warehouse-20-40-10-2-2.map,/home/max/Documents/PhD/MAPF/LNS/MAPF_LNS_SAT/mapf-scen-even/scen-even/warehouse-20-40-10-2-2-even-1.scen,20,13,42,1,434,1898.880000,296,125,0.000000,0.291000,0.348000,0.257000,0.031594
_home_max_Documents_PhD_MAPF_LNS_MAPF_LNS_SAT_mapf-map_warehouse-20-40-10-2-2_map-_home_max_Documents_PhD_MAPF_LNS_MAPF_LNS_SAT_mapf-scen-even_scen-even_warehouse-20-40-10-2-2-even-1_scen-agents20-idx14-seed42-1761042281218,/home/max/Documents/PhD/MAPF/LNS/MAPF_LNS_SAT/mapf-map/warehouse-20-40-10-2-2.map,/home/max/Documents/PhD/MAPF/LNS/MAPF_LNS_SAT/mapf-scen-even/scen-even/warehouse-20-40-10-2-2-even-1.scen,20,14,42,1,452,1947.121000,304,126,0.000000,0.506000,0.377000,0.281000,0.039607
_home_max_Documents_PhD_MAPF_LNS_MAPF_LNS_SAT_mapf-map_warehouse-20-40-10-2-2_map-_home_max_Documents_PhD_MAPF_LNS_MAPF_LNS_SAT_mapf-scen-even_scen-even_warehouse-20-40-10-2-2-even-1_scen-agents20-idx15-seed42-1761042283224,/home/max/Documents/PhD/MAPF/LNS/MAPF_LNS_SAT/mapf-map/warehouse-20-40-10-2-2.map,/home/max/Documents/PhD/MAPF/LNS/MAPF_LNS_SAT/mapf-scen-even/scen-even/warehouse-20-40-10-2-2-even-1.scen,20,15,42,1,466,2024.216000,504,189,0.000000,0.354000,0.617000,0.468000,0.058520
_home_max_Documents_PhD_MAPF_LNS_MAPF_LNS_SAT_mapf-map_warehouse-20-40-10-2-2_map-_home_max_Documents_PhD_MAPF_LNS_MAPF_LNS_SAT_mapf-scen-even_scen-even_warehouse-20-40-10-2-2-even-1_scen-agents20-idx16-seed42-1761042285335,/home/max/Documents/PhD/MAPF/LNS/MAPF_LNS_SAT/mapf-map/warehouse-20-40-10-2-2.map,/home/max/Documents/PhD/MAPF/LNS/MAPF_LNS_SAT/mapf-scen-even/scen-even/warehouse-20-40-10-2-2-even-1.scen,20,16,42,1,359,1624.614000,310,122,0.000000,0.295000,0.350000,0.264000,0.031074
_home_max_Documents_PhD_MAPF_LNS_MAPF_LNS_SAT_mapf-map_warehouse-20-40-10-2-2_map-_home_max_Documents_PhD_MAPF_LNS_MAPF_LNS_SAT_mapf-scen-even_scen-even_warehouse-20-40-10-2-2-even-1_scen-agents20-idx17-seed42-1761042287038,/home/max/Documents/PhD/MAPF/LNS/MAPF_LNS_SAT/mapf-map/warehouse-20-40-10-2-2.map,/home/max/Documents/PhD/MAPF/LNS/MAPF_LNS_SAT/mapf-scen-even/scen-even/warehouse-20-40-10-2-2-even-1.scen,20,17,42,1,462,1681.588000,192,84,0.000000,0.165000,0.235000,0.171000,0.018108
_home_max_Documents_PhD_MAPF_LNS_MAPF_LNS_SAT_mapf-map_warehouse-20-40-10-2-2_map-_home_max_Documents_PhD_MAPF_LNS_MAPF_LNS_SAT_mapf-scen-even_scen-even_warehouse-20-40-10-2-2-even-1_scen-agents20-idx18-seed42-1761042288798,/home/max/Documents/PhD/MAPF/LNS/MAPF_LNS_SAT/mapf-map/warehouse-20-40-10-2-2.map,/home/max/Documents/PhD/MAPF/LNS/MAPF_LNS_SAT/mapf-scen-even/scen-even/warehouse-20-40-10-2-2-even-1.scen,20,18,42,1,435,1931.859000,0,0,0.000000,0.000000,0.000000,0.000000,0.000000
_home_max_Documents_PhD_MAPF_LNS_MAPF_LNS_SAT_mapf-map_warehouse-20-40-10-2-2_map-_home_max_Documents_PhD_MAPF_LNS_MAPF_LNS_SAT_mapf-scen-even_scen-even_warehouse-20-40-10-2-2-even-1_scen-agents20-idx19-seed42-1761042290804,/home/max/Documents/PhD/MAPF/LNS/MAPF_LNS_SAT/mapf-map/warehouse-20-40-10-2-2.map,/home/max/Documents/PhD/MAPF/LNS/MAPF_LNS_SAT/mapf-scen-even/scen-even/warehouse-20-40-10-2-2-even-1.scen,20,19,42,1,462,1887.423000,152,59,0.001000,0.088000,0.250000,0.173000,0.024788
_home_max_Documents_PhD_MAPF_LNS_MAPF_LNS_SAT_mapf-map_warehouse-20-40-10-2-2_map-_home_max_Documents_PhD_MAPF_LNS_MAPF_LNS_SAT_mapf-scen-even_scen-even_warehouse-20-40-10-2-2-even-1_scen-agents20-idx20-seed42-1761042292761,/home/max/Documents/PhD/MAPF/LNS/MAPF_LNS_SAT/mapf-map/warehouse-20-40-10-2-2.map,/home/max/Documents/PhD/MAPF/LNS/MAPF_LNS_SAT/mapf-scen-even/scen-even/warehouse-20-40-10-2-2-even-1.scen,20,20,42,1,439,1702.791000,28,15,0.000000,0.015000,0.063000,0.043000,0.009096
_home_max_Documents_PhD_MAPF_LNS_MAPF_LNS_SAT_mapf-map_warehouse-20-40-10-2-2_map-_home_max_Documents_PhD_MAPF_LNS_MAPF_LNS_SAT_mapf-scen-even_scen-even_warehouse-20-40-10-2-2-even-1_scen-agents20-idx21-seed42-1761042294514,/home/max/Documents/PhD/MAPF/LNS/MAPF_LNS_SAT/mapf-map/warehouse-20-40-10-2-2.map,/home/max/Documents/PhD/MAPF/LNS/MAPF_LNS_SAT/mapf-scen-even/scen-even/warehouse-20-40-10-2-2-even-1.scen,20,21,42,1,447,1821.850000,100,47,0.001000,0.090000,0.207000,0.142000,0.018182
_home_max_Documents_PhD_MAPF_LNS_MAPF_LNS_SAT_mapf-map_warehouse-20-40-10-2-2_map-_home_max_Documents_PhD_MAPF_LNS_MAPF_LNS_SAT_mapf-scen-even_scen-even_warehouse-20-40-10-2-2-even-1_scen-agents20-idx22-seed42-1761042296420,/home/max/Documents/PhD/MAPF/LNS/MAPF_LNS_SAT/mapf-map/warehouse-20-40-10-2-2.map,/home/max/Documents/PhD/MAPF/LNS/MAPF_LNS_SAT/mapf-scen-even/scen-even/warehouse-20-40-10-2-2-even-1.scen,20,22,42,1,441,1940.959000,81,37,0.000000,0.087000,0.210000,0.142000,0.022393
_home_max_Documents_PhD_MAPF_LNS_MAPF_LNS_SAT_mapf-map_warehouse-20-40-10-2-2_map-_home_max_Documents_PhD_MAPF_LNS_MAPF_LNS_SAT_mapf-scen-even_scen-even_warehouse-20-40-10-2-2-even-1_scen-agents20-idx23-seed42-1761042298431,/home/max/Documents/PhD/MAPF/LNS/MAPF_LNS_SAT/mapf-map/warehouse-20-40-10-2-2.map,/home/max/Documents/PhD/MAPF/LNS/MAPF_LNS_SAT/mapf-scen-even/scen-even/warehouse-20-40-10-2-2-even-1.scen,20,23,42,1,444,1732.788000,233,96,0.000000,0.293000,0.272000,0.201000,0.020493
_home_max_Documents_PhD_MAPF_LNS_MAPF_LNS_SAT_mapf-map_warehouse-20-40-10-2-2_map-_home_max_Documents_PhD_MAPF_LNS_MAPF_LNS_SAT_mapf-scen-even_scen-even_warehouse-20-40-10-2-2-even-1_scen-agents20-idx24-seed42-1761042300238,/home/max/Documents/PhD/MAPF/LNS/MAPF_LNS_SAT/mapf-map/warehouse-20-40-10-2-2.map,/home/max/Documents/PhD/MAPF/LNS/MAPF_LNS_SAT/mapf-scen-even/scen-even/warehouse-20-40-10-2-2-even-1.scen,20,24,42,1,415,1786.141000,167,73,0.000000,0.124000,0.196000,0.147000,0.015087
_home_max_Documents_PhD_MAPF_LNS_MAPF_LNS_SAT_mapf-map_warehouse-20-40-10-2-2_map-_home_max_Documents_PhD_MAPF_LNS_MAPF_LNS_SAT_mapf-scen-even_scen-even_warehouse-20-40-10-2-2-even-1_scen-agents20-idx25-seed42-1761042302094,/home/max/Documents/PhD/MAPF/LNS/MAPF_LNS_SAT/mapf-map/warehouse-20-40-10-2-2.map,/home/max/Documents/PhD/MAPF/LNS/MAPF_LNS_SAT/mapf-scen-even/scen-even/warehouse-20-40-10-2-2-even-1.scen,20,25,42,1,454,2007.980000,93,38,0.000000,0.079000,0.147000,0.105000,0.018666
_home_max_Documents_PhD_MAPF_LNS_MAPF_LNS_SAT_mapf-map_warehouse-20-40-10-2-2_map-_home_max_Documents_PhD_MAPF_LNS_MAPF_LNS_SAT_mapf-scen-even_scen-even_warehouse-20-40-10-2-2-even-1_scen-agents20-idx26-seed42-1761042304143,/home/max/Documents/PhD/MAPF/LNS/MAPF_LNS_SAT/mapf-map/warehouse-20-40-10-2-2.map,/home/max/Documents/PhD/MAPF/LNS/MAPF_LNS_SAT/mapf-scen-even/scen-even/warehouse-20-40-10-2-2-even-1.scen,20,26,42,1,419,1675.620000,397,164,0.000000,0.226000,0.467000,0.344000,0.040887
_home_max_Documents_PhD_MAPF_LNS_MAPF_LNS_SAT_mapf-map_warehouse-20-40-10-2-2_map-_home_max_Documents_PhD_MAPF_LNS_MAPF_LNS_SAT_mapf-scen-even_scen-even_warehouse-20-40-10-2-2-even-1_scen-agents20-idx27-seed42-1761042305902,/home/max/Documents/PhD/MAPF/LNS/MAPF_LNS_SAT/mapf-map/warehouse-20-40-10-2-2.map,/home/max/Documents/PhD/MAPF/LNS/MAPF_LNS_SAT/mapf-scen-even/scen-even/warehouse-20-40-10-2-2-even-1.scen,20,27,42,1,432,1838.364000,20,11,0.000000,0.015000,0.050000,0.039000,0.009297
_home_max_Documents_PhD_MAPF_LNS_MAPF_LNS_SAT_mapf-map_warehouse-20-40-10-2-2_map-_home_max_Documents_PhD_MAPF_LNS_MAPF_LNS_SAT_mapf-scen-even_scen-even_warehouse-20-40-10-2-2-even-1_scen-agents20-idx28-seed42-1761042307807,/home/max/Documents/PhD/MAPF/LNS/MAPF_LNS_SAT/mapf-map/warehouse-20-40-10-2-2.map,/home/max/Documents/PhD/MAPF/LNS/MAPF_LNS_SAT/mapf-scen-even/scen-even/warehouse-20-40-10-2-2-even-1.scen,20,28,42,1,442,1937.303000,678,273,0.000000,0.388000,0.840000,0.618000,0.071871
_home_max_Documents_PhD_MAPF_LNS_MAPF_LNS_SAT_mapf-map_warehouse-20-40-10-2-2_map-_home_max_Documents_PhD_MAPF_LNS_MAPF_LNS_SAT_mapf-scen-even_scen-even_warehouse-20-40-10-2-2-even-1_scen-agents20-idx29-seed42-1761042309813,/home/max/Documents/PhD/MAPF/LNS/MAPF_LNS_SAT/mapf-map/warehouse-20-40-10-2-2.map,/home/max/Documents/PhD/MAPF/LNS/MAPF_LNS_SAT/mapf-scen-even/scen-even/warehouse-20-40-10-2-2-even-1.scen,20,29,42,1,435,1729.043000,0,0,0.000000,0.000000,0.000000,0.000000,0.000000
_home_max_Documents_PhD_MAPF_LNS_MAPF_LNS_SAT_mapf-map_warehouse-20-40-10-2-2_map-_home_max_Documents_PhD_MAPF_LNS_MAPF_LNS_SAT_mapf-scen-even_scen-even_warehouse-20-40-10-2-2-even-1_scen-agents20-idx30-seed42-1761042311619,/home/max/Documents/PhD/MAPF/LNS/MAPF_LNS_SAT/mapf-map/warehouse-20-40-10-2-2.map,/home/max/Documents/PhD/MAPF/LNS/MAPF_LNS_SAT/mapf-scen-even/scen-even/warehouse-20-40-10-2-2-even-1.scen,20,30,42,1,426,1756.034000,307,127,0.000000,0.458000,0.338000,0.258000,0.030949
_home_max_Documents_PhD_MAPF_LNS_MAPF_LNS_SAT_mapf-map_warehouse-20-40-10-2-2_map-_home_max_Documents_PhD_MAPF_LNS_MAPF_LNS_SAT_mapf-scen-even_scen-even_warehouse-20-40-10-2-2-even-1_scen-agents20-idx31-seed42-1761042313424,/home/max/Documents/PhD/MAPF/LNS/MAPF_LNS_SAT/mapf-map/warehouse-20-40-10-2-2.map,/home/max/Documents/PhD/MAPF/LNS/MAPF_LNS_SAT/mapf-scen-even/scen-even/warehouse-20-40-10-2-2-even-1.scen,20,31,42,1,429,1782.762000,20,9,0.000000,0.019000,0.052000,0.038000,0.009213
_home_max_Documents_PhD_MAPF_LNS_MAPF_LNS_SAT_mapf-map_warehouse-20-40-10-2-2_map-_home_max_Documents_PhD_MAPF_LNS_MAPF_LNS_SAT_mapf-scen-even_scen-even_warehouse-20-40-10-2-2-even-1_scen-agents20-idx32-seed42-1761042315282,/home/max/Documents/PhD/MAPF/LNS/MAPF_LNS_SAT/mapf-map/warehouse-20-40-10-2-2.map,/home/max/Documents/PhD/MAPF/LNS/MAPF_LNS_SAT/mapf-scen-even/scen-even/warehouse-20-40-10-2-2-even-1.scen,20,32,42,1,451,1916.935000,148,63,0.000000,0.112000,0.277000,0.187000,0.026697
_home_max_Documents_PhD_MAPF_LNS_MAPF_LNS_SAT_mapf-map_warehouse-20-40-10-2-2_map-_home_max_Documents_PhD_MAPF_LNS_MAPF_LNS_SAT_mapf-scen-even_scen-even_warehouse-20-40-10-2-2-even-1_scen-agents20-idx33-seed42-1761042317235,/home/max/Documents/PhD/MAPF/LNS/MAPF_LNS_SAT/mapf-map/warehouse-20-40-10-2-2.map,/home/max/Documents/PhD/MAPF/LNS/MAPF_LNS_SAT/mapf-scen-even/scen-even/warehouse-20-40-10-2-2-even-1.scen,20,33,42,1,462,2194.046000,188,81,0.000000,0.166000,0.399000,0.260000,0.041355
_home_max_Documents_PhD_MAPF_LNS_MAPF_LNS_SAT_mapf-map_warehouse-20-40-10-2-2_map-_home_max_Documents_PhD_MAPF_LNS_MAPF_LNS_SAT_mapf-scen-even_scen-even_warehouse-20-40-10-2-2-even-1_scen-agents20-idx34-seed42-1761042319498,/home/max/Documents/PhD/MAPF/LNS/MAPF_LNS_SAT/mapf-map/warehouse-20-40-10-2-2.map,/home/max/Documents/PhD/MAPF/LNS/MAPF_LNS_SAT/mapf-scen-even/scen-even/warehouse-20-40-10-2-2-even-1.scen,20,34,42,1,450,1749.563000,368,138,0.000000,0.504000,0.358000,0.285000,0.037608
_home_max_Documents_PhD_MAPF_LNS_MAPF_LNS_SAT_mapf-map_warehouse-20-40-10-2-2_map-_home_max_Documents_PhD_MAPF_LNS_MAPF_LNS_SAT_mapf-scen-even_scen-even_warehouse-20-40-10-2-2-even-1_scen-agents20-idx35-seed42-1761042321299,/home/max/Documents/PhD/MAPF/LNS/MAPF_LNS_SAT/mapf-map/warehouse-20-40-10-2-2.map,/home/max/Documents/PhD/MAPF/LNS/MAPF_LNS_SAT/mapf-scen-even/scen-even/warehouse-20-40-10-2-2-even-1.scen,20,35,42,1,465,1766.004000,0,0,0.000000,0.000000,0.000000,0.000000,0.000000
_home_max_Documents_PhD_MAPF_LNS_MAPF_LNS_SAT_mapf-map_warehouse-20-40-10-2-2_map-_home_max_Documents_PhD_MAPF_LNS_MAPF_LNS_SAT_mapf-scen-even_scen-even_warehouse-20-40-10-2-2-even-1_scen-agents20-idx36-seed42-1761042323102,/home/max/Documents/PhD/MAPF/LNS/MAPF_LNS_SAT/mapf-map/warehouse-20-40-10-2-2.map,/home/max/Documents/PhD/MAPF/LNS/MAPF_LNS_SAT/mapf-scen-even/scen-even/warehouse-20-40-10-2-2-even-1.scen,20,36,42,1,387,1725.549000,26,14,0.000000,0.020000,0.045000,0.037000,0.008800
_home_max_Documents_PhD_MAPF_LNS_MAPF_LNS_SAT_mapf-map_warehouse-20-40-10-2-2_map-_home_max_Documents_PhD_MAPF_LNS_MAPF_LNS_SAT_mapf-scen-even_scen-even_warehouse-20-40-10-2-2-even-1_scen-agents20-idx37-seed42-1761042324910,/home/max/Documents/PhD/MAPF/LNS/MAPF_LNS_SAT/mapf-map/warehouse-20-40-10-2-2.map,/home/max/Documents/PhD/MAPF/LNS/MAPF_LNS_SAT/mapf-scen-even/scen-even/warehouse-20-40-10-2-2-even-1.scen,20,37,42,1,447,1795.744000,0,0,0.000000,0.000000,0.000000,0.000000,0.000000
_home_max_Documents_PhD_MAPF_LNS_MAPF_LNS_SAT_mapf-map_warehouse-20-40-10-2-2_map-_home_max_Documents_PhD_MAPF_LNS_MAPF_LNS_SAT_mapf-scen-even_scen-even_warehouse-20-40-10-2-2-even-1_scen-agents20-idx38-seed42-1761042326761,/home/max/Documents/PhD/MAPF/LNS/MAPF_LNS_SAT/mapf-map/warehouse-20-40-10-2-2.map,/home/max/Documents/PhD/MAPF/LNS/MAPF_LNS_SAT/mapf-scen-even/scen-even/warehouse-20-40-10-2-2-even-1.scen,20,38,42,1,459,1874.946000,22,9,0.000000,0.023000,0.080000,0.052000,0.009485
_home_max_Documents_PhD_MAPF_LNS_MAPF_LNS_SAT_mapf-map_warehouse-20-40-10-2-2_map-_home_max_Documents_PhD_MAPF_LNS_MAPF_LNS_SAT_mapf-scen-even_scen-even_warehouse-20-40-10-2-2-even-1_scen-agents20-idx39-seed42-1761042328720,/home/max/Documents/PhD/MAPF/LNS/MAPF_LNS_SAT/mapf-map/warehouse-20-40-10-2-2.map,/home/max/Documents/PhD/MAPF/LNS/MAPF_LNS_SAT/mapf-scen-even/scen-even/warehouse-20-40-10-2-2-even-1.scen,20,39,42,1,412,1894.677000,0,0,0.000000,0.000000,0.000000,0.000000,0.000000
_home_max_Documents_PhD_MAPF_LNS_MAPF_LNS_SAT_mapf-map_warehouse-20-40-10-2-2_map-_home_max_Documents_PhD_MAPF_LNS_MAPF_LNS_SAT_mapf-scen-even_scen-even_warehouse-20-40-10-2-2-even-1_scen-agents20-idx40-seed42-1761042330673,/home/max/Documents/PhD/MAPF/LNS/MAPF_LNS_SAT/mapf-map/warehouse-20-40-10-2-2.map,/home/max/Documents/PhD/MAPF/LNS/MAPF_LNS_SAT/mapf-scen-even/scen-even/warehouse-20-40-10-2-2-even-1.scen,20,40,42,1,440,1901.076000,0,0,0.000000,0.000000,0.000000,0.000000,0.000000
_home_max_Documents_PhD_MAPF_LNS_MAPF_LNS_SAT_mapf-map_warehouse-20-40-10-2-2_map-_home_max_Documents_PhD_MAPF_LNS_MAPF_LNS_SAT_mapf-scen-even_scen-even_warehouse-20-40-10-2-2-even-1_scen-agents20-idx41-seed42-1761042332630,/home/max/Documents/PhD/MAPF/LNS/MAPF_LNS_SAT/mapf-map/warehouse-20-40-10-2-2.map,/home/max/Documents/PhD/MAPF/LNS/MAPF_LNS_SAT/mapf-scen-even/scen-even/warehouse-20-40-10-2-2-even-1.scen,20,41,42,1,457,1809.118000,22,9,0.000000,0.013000,0.071000,0.045000,0.009719
_home_max_Documents_PhD_MAPF_LNS_MAPF_LNS_SAT_mapf-map_warehouse-20-40-10-2-2_map-_home_max_Documents_PhD_MAPF_LNS_MAPF_LNS_SAT_mapf-scen-even_scen-even_warehouse-20-40-10-2-2-even-1_scen-agents20-idx42-seed42-1761042334483,/home/max/Documents/PhD/MAPF/LNS/MAPF_LNS_SAT/mapf-map/warehouse-20-40-10-2-2.map,/home/max/Documents/PhD/MAPF/LNS/MAPF_LNS_SAT/mapf-scen-even/scen-even/warehouse-20-40-10-2-2-even-1.scen,20,42,42,1,462,1955.749000,282,117,0.000000,0.152000,0.317000,0.250000,0.033486
_home_max_Documents_PhD_MAPF_LNS_MAPF_LNS_SAT_mapf-map_warehouse-20-40-10-2-2_map-_home_max_Documents_PhD_MAPF_LNS_MAPF_LNS_SAT_mapf-scen-even_scen-even_warehouse-20-40-10-2-2-even-1_scen-agents20-idx43-seed42-1761042336486,/home/max/Documents/PhD/MAPF/LNS/MAPF_LNS_SAT/mapf-map/warehouse-20-40-10-2-2.map,/home/max/Documents/PhD/MAPF/LNS/MAPF_LNS_SAT/mapf-scen-even/scen-even/warehouse-20-40-10-2-2-even-1.scen,20,43,42,1,435,1812.041000,306,126,0.000000,0.150000,0.325000,0.251000,0.031227
_home_max_Documents_PhD_MAPF_LNS_MAPF_LNS_SAT_mapf-map_warehouse-20-40-10-2-2_map-_home_max_Documents_PhD_MAPF_LNS_MAPF_LNS_SAT_mapf-scen-even_scen-even_warehouse-20-40-10-2-2-even-1_scen-agents20-idx44-seed42-1761042338343,/home/max/Documents/PhD/MAPF/LNS/MAPF_LNS_SAT/mapf-map/warehouse-20-40-10-2-2.map,/home/max/Documents/PhD/MAPF/LNS/MAPF_LNS_SAT/mapf-scen-even/scen-even/warehouse-20-40-10-2-2-even-1.scen,20,44,42,1,432,1859.198000,255,110,0.000000,0.184000,0.529000,0.325000,0.040548
_home_max_Documents_PhD_MAPF_LNS_MAPF_LNS_SAT_mapf-map_warehouse-20-40-10-2-2_map-_home_max_Documents_PhD_MAPF_LNS_MAPF_LNS_SAT_mapf-scen-even_scen-even_warehouse-20-40-10-2-2-even-1_scen-agents20-idx45-seed42-1761042340247,/home/max/Documents/PhD/MAPF/LNS/MAPF_LNS_SAT/mapf-map/warehouse-20-40-10-2-2.map,/home/max/Documents/PhD/MAPF/LNS/MAPF_LNS_SAT/mapf-scen-even/scen-even/warehouse-20-40-10-2-2-even-1.scen,20,45,42,1,464,1794.894000,20,9,0.000000,0.017000,0.050000,0.036000,0.008254
_home_max_Documents_PhD_MAPF_LNS_MAPF_LNS_SAT_mapf-map_warehouse-20-40-10-2-2_map-_home_max_Documents_PhD_MAPF_LNS_MAPF_LNS_SAT_mapf-scen-even_scen-even_warehouse-20-40-10-2-2-even-1_scen-agents20-idx46-seed42-1761042342110,/home/max/Documents/PhD/MAPF/LNS/MAPF_LNS_SAT/mapf-map/warehouse-20-40-10-2-2.map,/home/max/Documents/PhD/MAPF/LNS/MAPF_LNS_SAT/mapf-scen-even/scen-even/warehouse-20-40-10-2-2-even-1.scen,20,46,42,1,394,1643.563000,22,9,0.000000,0.014000,0.081000,0.053000,0.010528
_home_max_Documents_PhD_MAPF_LNS_MAPF_LNS_SAT_mapf-map_warehouse-20-40-10-2-2_map-_home_max_Documents_PhD_MAPF_LNS_MAPF_LNS_SAT_mapf-scen-even_scen-even_warehouse-20-40-10-2-2-even-1_scen-agents20-idx47-seed42-1761042343814,/home/max/Documents/PhD/MAPF/LNS/MAPF_LNS_SAT/mapf-map/warehouse-20-40-10-2-2.map,/home/max/Documents/PhD/MAPF/LNS/MAPF_LNS_SAT/mapf-scen-even/scen-even/warehouse-20-40-10-2-2-even-1.scen,20,47,42,1,417,1852.422000,304,126,0.000000,0.403000,0.364000,0.272000,0.032541
_home_max_Documents_PhD_MAPF_LNS_MAPF_LNS_SAT_mapf-map_warehouse-20-40-10-2-2_map-_home_max_Documents_PhD_MAPF_LNS_MAPF_LNS_SAT_mapf-scen-even_scen-even_warehouse-20-40-10-2-2-even-1_scen-agents20-idx48-seed42-1761042345721,/home/max/Documents/PhD/MAPF/LNS/MAPF_LNS_SAT/mapf-map/warehouse-20-40-10-2-2.map,/home/max/Documents/PhD/MAPF/LNS/MAPF_LNS_SAT/mapf-scen-even/scen-even/warehouse-20-40-10-2-2-even-1.scen,20,48,42,1,448,1768.442000,49,20,0.000000,0.042000,0.097000,0.074000,0.011165
_home_max_Documents_PhD_MAPF_LNS_MAPF_LNS_SAT_mapf-map_warehouse-20-40-10-2-2_map-_home_max_Documents_PhD_MAPF_LNS_MAPF_LNS_SAT_mapf-scen-even_scen-even_warehouse-20-40-10-2-2-even-1_scen-agents20-idx49-seed42-1761042347525,/home/max/Documents/PhD/MAPF/LNS/MAPF_LNS_SAT/mapf-map/warehouse-20-40-10-2-2.map,/home/max/Documents/PhD/MAPF/LNS/MAPF_LNS_SAT/mapf-scen-even/scen-even/warehouse-20-40-10-2-2-even-1.scen,20,49,42,1,446,1670.310000,22,9,0.000000,0.018000,0.063000,0.040000,0.008327
_home_max_Documents_PhD_MAPF_LNS_MAPF_LNS_SAT_mapf-map_warehouse-20-40-10-2-2_map-_home_max_Documents_PhD_MAPF_LNS_MAPF_LNS_SAT_mapf-scen-even_scen-even_warehouse-20-40-10-2-2-even-2_scen-agents20-idx0-seed42-1761042349285,/home/max/Documents/PhD/MAPF/LNS/MAPF_LNS_SAT/mapf-map/warehouse-20-40-10-2-2.map,/home/max/Documents/PhD/MAPF/LNS/MAPF_LNS_SAT/mapf-scen-even/scen-even/warehouse-20-40-10-2-2-even-2.scen,20,0,42,1,442,1977.492000,633,257,0.000000,0.688000,0.746000,0.582000,0.061068
_home_max_Documents_PhD_MAPF_LNS_MAPF_LNS_SAT_mapf-map_warehouse-20-40-10-2-2_map-_home_max_Documents_PhD_MAPF_LNS_MAPF_LNS_SAT_mapf-scen-even_scen-even_warehouse-20-40-10-2-2-even-2_scen-agents20-idx1-seed42-1761042351342,/home/max/Documents/PhD/MAPF/LNS/MAPF_LNS_SAT/mapf-map/warehouse-20-40-10-2-2.map,/home/max/Documents/PhD/MAPF/LNS/MAPF_LNS_SAT/mapf-scen-even/scen-even/warehouse-20-40-10-2-2-even-2.scen,20,1,42,1,455,1820.946000,52,25,0.000000,0.037000,0.113000,0.087000,0.012620
_home_max_Documents_PhD_MAPF_LNS_MAPF_LNS_SAT_mapf-map_warehouse-20-40-10-2-2_map-_home_max_Documents_PhD_MAPF_LNS_MAPF_LNS_SAT_mapf-scen-even_scen-even_warehouse-20-40-10-2-2-even-2_scen-agents20-idx2-seed42-1761042353250,/home/max/Documents/PhD/MAPF/LNS/MAPF_LNS_SAT/mapf-map/warehouse-20-40-10-2-2.map,/home/max/Documents/PhD/MAPF/LNS/MAPF_LNS_SAT/mapf-scen-even/scen-even/warehouse-20-40-10-2-2-even-2.scen,20,2,42,1,449,1765.192000,0,0,0.000000,0.000000,0.000000,0.000000,0.000000
_home_max_Documents_PhD_MAPF_LNS_MAPF_LNS_SAT_mapf-map_warehouse-20-40-10-2-2_map-_home_max_Documents_PhD_MAPF_LNS_MAPF_LNS_SAT_mapf-scen-even_scen-even_warehouse-20-40-10-2-2-even-2_scen-agents20-idx3-seed42-1761042355050,/home/max/Documents/PhD/MAPF/LNS/MAPF_LNS_SAT/mapf-map/warehouse-20-40-10-2-2.map,/home/max/Documents/PhD/MAPF/LNS/MAPF_LNS_SAT/mapf-scen-even/scen-even/warehouse-20-40-10-2-2-even-2.scen,20,3,42,1,465,1924.281000,449,189,0.000000,0.489000,0.589000,0.433000,0.059104
_home_max_Documents_PhD_MAPF_LNS_MAPF_LNS_SAT_mapf-map_warehouse-20-40-10-2-2_map-_home_max_Documents_PhD_MAPF_LNS_MAPF_LNS_SAT_mapf-scen-even_scen-even_warehouse-20-40-10-2-2-even-2_scen-agents20-idx4-seed42-1761042357007,/home/max/Documents/PhD/MAPF/LNS/MAPF_LNS_SAT/mapf-map/warehouse-20-40-10-2-2.map,/home/max/Documents/PhD/MAPF/LNS/MAPF_LNS_SAT/mapf-scen-even/scen-even/warehouse-20-40-10-2-2-even-2.scen,20,4,42,1,427,1782.620000,93,38,0.000000,0.060000,0.139000,0.098000,0.017004
_home_max_Documents_PhD_MAPF_LNS_MAPF_LNS_SAT_mapf-map_warehouse-20-40-10-2-2_map-_home_max_Documents_PhD_MAPF_LNS_MAPF_LNS_SAT_mapf-scen-even_scen-even_warehouse-20-40-10-2-2-even-2_scen-agents20-idx5-seed42-1761042358867,/home/max/Documents/PhD/MAPF/LNS/MAPF_LNS_SAT/mapf-map/warehouse-20-40-10-2-2.map,/home/max/Documents/PhD/MAPF/LNS/MAPF_LNS_SAT/mapf-scen-even/scen-even/warehouse-20-40-10-2-2-even-2.scen,20,5,42,1,465,1995.460000,0,0,0.000000,0.000000,0.000000,0.000000,0.000000
_home_max_Documents_PhD_MAPF_LNS_MAPF_LNS_SAT_mapf-map_warehouse-20-40-10-2-2_map-_home_max_Documents_PhD_MAPF_LNS_MAPF_LNS_SAT_mapf-scen-even_scen-even_warehouse-20-40-10-2-2-even-2_scen-agents20-idx6-seed42-1761042360924,/home/max/Documents/PhD/MAPF/LNS/MAPF_LNS_SAT/mapf-map/warehouse-20-40-10-2-2.map,/home/max/Documents/PhD/MAPF/LNS/MAPF_LNS_SAT/mapf-scen-even/scen-even/warehouse-20-40-10-2-2-even-2.scen,20,6,42,1,450,2034.874000,94,38,0.000000,0.082000,0.233000,0.144000,0.019377
_home_max_Documents_PhD_MAPF_LNS_MAPF_LNS_SAT_mapf-map_warehouse-20-40-10-2-2_map-_home_max_Documents_PhD_MAPF_LNS_MAPF_LNS_SAT_mapf-scen-even_scen-even_warehouse-20-40-10-2-2-even-2_scen-agents20-idx7-seed42-1761042363030,/home/max/Documents/PhD/MAPF/LNS/MAPF_LNS_SAT/mapf-map/warehouse-20-40-10-2-2.map,/home/max/Documents/PhD/MAPF/LNS/MAPF_LNS_SAT/mapf-scen-even/scen-even/warehouse-20-40-10-2-2-even-2.scen,20,7,42,1,447,1883.834000,0,0,0.000000,0.000000,0.000000,0.000000,0.000000
_home_max_Documents_PhD_MAPF_LNS_MAPF_LNS_SAT_mapf-map_warehouse-20-40-10-2-2_map-_home_max_Documents_PhD_MAPF_LNS_MAPF_LNS_SAT_mapf-scen-even_scen-even_warehouse-20-40-10-2-2-even-2_scen-agents20-idx8-seed42-1761042364987,/home/max/Documents/PhD/MAPF/LNS/MAPF_LNS_SAT/mapf-map/warehouse-20-40-10-2-2.map,/home/max/Documents/PhD/MAPF/LNS/MAPF_LNS_SAT/mapf-scen-even/scen-even/warehouse-20-40-10-2-2-even-2.scen,20,8,42,1,422,1844.138000,0,0,0.000000,0.000000,0.000000,0.000000,0.000000
_home_max_Documents_PhD_MAPF_LNS_MAPF_LNS_SAT_mapf-map_warehouse-20-40-10-2-2_map-_home_max_Documents_PhD_MAPF_LNS_MAPF_LNS_SAT_mapf-scen-even_scen-even_warehouse-20-40-10-2-2-even-2_scen-agents20-idx9-seed42-1761042366892,/home/max/Documents/PhD/MAPF/LNS/MAPF_LNS_SAT/mapf-map/warehouse-20-40-10-2-2.map,/home/max/Documents/PhD/MAPF/LNS/MAPF_LNS_SAT/mapf-scen-even/scen-even/warehouse-20-40-10-2-2-even-2.scen,20,9,42,1,440,1739.714000,282,117,0.000000,0.398000,0.284000,0.221000,0.026241
_home_max_Documents_PhD_MAPF_LNS_MAPF_LNS_SAT_mapf-map_warehouse-20-40-10-2-2_map-_home_max_Documents_PhD_MAPF_LNS_MAPF_LNS_SAT_mapf-scen-even_scen-even_warehouse-20-40-10-2-2-even-2_scen-agents20-idx10-seed42-1761042368702,/home/max/Documents/PhD/MAPF/LNS/MAPF_LNS_SAT/mapf-map/warehouse-20-40-10-2-2.map,/home/max/Documents/PhD/MAPF/LNS/MAPF_LNS_SAT/mapf-scen-even/scen-even/warehouse-20-40-10-2-2-even-2.scen,20,10,42,1,460,1951.274000,311,136,0.000000,0.201000,0.373000,0.279000,0.028954
_home_max_Documents_PhD_MAPF_LNS_MAPF_LNS_SAT_mapf-map_warehouse-20-40-10-2-2_map-_home_max_Documents_PhD_MAPF_LNS_MAPF_LNS_SAT_mapf-scen-even_scen-even_warehouse-20-40-10-2-2-even-2_scen-agents20-idx11-seed42-1761042370704,/home/max/Documents/PhD/MAPF/LNS/MAPF_LNS_SAT/mapf-map/warehouse-20-40-10-2-2.map,/home/max/Documents/PhD/MAPF/LNS/MAPF_LNS_SAT/mapf-scen-even/scen-even/warehouse-20-40-10-2-2-even-2.scen,20,11,42,1,459,2030.065000,66,28,0.000000,0.047000,0.141000,0.097000,0.016604
_home_max_Documents_PhD_MAPF_LNS_MAPF_LNS_SAT_mapf-map_warehouse-20-40-10-2-2_map-_home_max_Documents_PhD_MAPF_LNS_MAPF_LNS_SAT_mapf-scen-even_scen-even_warehouse-20-40-10-2-2-even-2_scen-agents20-idx12-seed42-1761042372815,/home/max/Documents/PhD/MAPF/LNS/MAPF_LNS_SAT/mapf-map/warehouse-20-40-10-2-2.map,/home/max/Documents/PhD/MAPF/LNS/MAPF_LNS_SAT/mapf-scen-even/scen-even/warehouse-20-40-10-2-2-even-2.scen,20,12,42,1,450,1725.911000,25,10,0.000000,0.018000,0.062000,0.045000,0.009388
_home_max_Documents_PhD_MAPF_LNS_MAPF_LNS_SAT_mapf-map_warehouse-20-40-10-2-2_map-_home_max_Documents_PhD_MAPF_LNS_MAPF_LNS_SAT_mapf-scen-even_scen-even_warehouse-20-40-10-2-2-even-2_scen-agents20-idx13-seed42-1761042374619,/home/max/Documents/PhD/MAPF/LNS/MAPF_LNS_SAT/mapf-map/warehouse-20-40-10-2-2.map,/home/max/Documents/PhD/MAPF/LNS/MAPF_LNS_SAT/mapf-scen-even/scen-even/warehouse-20-40-10-2-2-even-2.scen,20,13,42,1,412,1851.728000,47,19,0.000000,0.046000,0.117000,0.077000,0.013042
_home_max_Documents_PhD_MAPF_LNS_MAPF_LNS_SAT_mapf-map_warehouse-20-40-10-2-2_map-_home_max_Documents_PhD_MAPF_LNS_MAPF_LNS_SAT_mapf-scen-even_scen-even_warehouse-20-40-10-2-2-even-2_scen-agents20-idx14-seed42-1761042376528,/home/max/Documents/PhD/MAPF/LNS/MAPF_LNS_SAT/mapf-map/warehouse-20-40-10-2-2.map,/home/max/Documents/PhD/MAPF/LNS/MAPF_LNS_SAT/mapf-scen-even/scen-even/warehouse-20-40-10-2-2-even-2.scen,20,14,42,1,434,1834.793000,0,0,0.000000,0.000000,0.000000,0.000000,0.000000
_home_max_Documents_PhD_MAPF_LNS_MAPF_LNS_SAT_mapf-map_warehouse-20-40-10-2-2_map-_home_max_Documents_PhD_MAPF_LNS_MAPF_LNS_SAT_mapf-scen-even_scen-even_warehouse-20-40-10-2-2-even-2_scen-agents20-idx15-seed42-1761042378434,/home/max/Documents/PhD/MAPF/LNS/MAPF_LNS_SAT/mapf-map/warehouse-20-40-10-2-2.map,/home/max/Documents/PhD/MAPF/LNS/MAPF_LNS_SAT/mapf-scen-even/scen-even/warehouse-20-40-10-2-2-even-2.scen,20,15,42,1,439,1769.015000,0,0,0.000000,0.000000,0.000000,0.000000,0.000000
_home_max_Documents_PhD_MAPF_LNS_MAPF_LNS_SAT_mapf-map_warehouse-20-40-10-2-2_map-_home_max_Documents_PhD_MAPF_LNS_MAPF_LNS_SAT_mapf-scen-even_scen-even_warehouse-20-40-10-2-2-even-2_scen-agents20-idx16-seed42-1761042380293,/home/max/Documents/PhD/MAPF/LNS/MAPF_LNS_SAT/mapf-map/warehouse-20-40-10-2-2.map,/home/max/Documents/PhD/MAPF/LNS/MAPF_LNS_SAT/mapf-scen-even/scen-even/warehouse-20-40-10-2-2-even-2.scen,20,16,42,1,446,1870.565000,200,79,0.000000,0.343000,0.239000,0.187000,0.015274
_home_max_Documents_PhD_MAPF_LNS_MAPF_LNS_SAT_mapf-map_warehouse-20-40-10-2-2_map-_home_max_Documents_PhD_MAPF_LNS_MAPF_LNS_SAT_mapf-scen-even_scen-even_warehouse-20-40-10-2-2-even-2_scen-agents20-idx17-seed42-1761042382195,/home/max/Documents/PhD/MAPF/LNS/MAPF_LNS_SAT/mapf-map/warehouse-20-40-10-2-2.map,/home/max/Documents/PhD/MAPF/LNS/MAPF_LNS_SAT/mapf-scen-even/scen-even/warehouse-20-40-10-2-2-even-2.scen,20,17,42,1,423,1673.125000,0,0,0.000000,0.000000,0.000000,0.000000,0.000000
_home_max_Documents_PhD_MAPF_LNS_MAPF_LNS_SAT_mapf-map_warehouse-20-40-10-2-2_map-_home_max_Documents_PhD_MAPF_LNS_MAPF_LNS_SAT_mapf-scen-even_scen-even_warehouse-20-40-10-2-2-even-2_scen-agents20-idx18-seed42-1761042383902,/home/max/Documents/PhD/MAPF/LNS/MAPF_LNS_SAT/mapf-map/warehouse-20-40-10-2-2.map,/home/max/Documents/PhD/MAPF/LNS/MAPF_LNS_SAT/mapf-scen-even/scen-even/warehouse-20-40-10-2-2-even-2.scen,20,18,42,1,452,1858.931000,23,10,0.000000,0.025000,0.072000,0.046000,0.008046
_home_max_Documents_PhD_MAPF_LNS_MAPF_LNS_SAT_mapf-map_warehouse-20-40-10-2-2_map-_home_max_Documents_PhD_MAPF_LNS_MAPF_LNS_SAT_mapf-scen-even_scen-even_warehouse-20-40-10-2-2-even-2_scen-agents20-idx19-seed42-1761042385813,/home/max/Documents/PhD/MAPF/LNS/MAPF_LNS_SAT/mapf-map/warehouse-20-40-10-2-2.map,/home/max/Documents/PhD/MAPF/LNS/MAPF_LNS_SAT/mapf-scen-even/scen-even/warehouse-20-40-10-2-2-even-2.scen,20,19,42,1,448,1752.637000,0,0,0.000000,0.000000,0.000000,0.000000,0.000000
_home_max_Documents_PhD_MAPF_LNS_MAPF_LNS_SAT_mapf-map_warehouse-20-40-10-2-2_map-_home_max_Documents_PhD_MAPF_LNS_MAPF_LNS_SAT_mapf-scen-even_scen-even_warehouse-20-40-10-2-2-even-2_scen-agents20-idx20-seed42-1761042387618,/home/max/Documents/PhD/MAPF/LNS/MAPF_LNS_SAT/mapf-map/warehouse-20-40-10-2-2.map,/home/max/Documents/PhD/MAPF/LNS/MAPF_LNS_SAT/mapf-scen-even/scen-even/warehouse-20-40-10-2-2-even-2.scen,20,20,42,1,463,1994.155000,0,0,0.000000,0.000000,0.000000,0.000000,0.000000
_home_max_Documents_PhD_MAPF_LNS_MAPF_LNS_SAT_mapf-map_warehouse-20-40-10-2-2_map-_home_max_Documents_PhD_MAPF_LNS_MAPF_LNS_SAT_mapf-scen-even_scen-even_warehouse-20-40-10-2-2-even-2_scen-agents20-idx21-seed42-1761042389676,/home/max/Documents/PhD/MAPF/LNS/MAPF_LNS_SAT/mapf-map/warehouse-20-40-10-2-2.map,/home/max/Documents/PhD/MAPF/LNS/MAPF_LNS_SAT/mapf-scen-even/scen-even/warehouse-20-40-10-2-2-even-2.scen,20,21,42,1,461,1947.574000,411,172,0.000000,0.280000,0.543000,0.404000,0.049444
_home_max_Documents_PhD_MAPF_LNS_MAPF_LNS_SAT_mapf-map_warehouse-20-40-10-2-2_map-_home_max_Documents_PhD_MAPF_LNS_MAPF_LNS_SAT_mapf-scen-even_scen-even_warehouse-20-40-10-2-2-even-2_scen-agents20-idx22-seed42-1761042391685,/home/max/Documents/PhD/MAPF/LNS/MAPF_LNS_SAT/mapf-map/warehouse-20-40-10-2-2.map,/home/max/Documents/PhD/MAPF/LNS/MAPF_LNS_SAT/mapf-scen-even/scen-even/warehouse-20-40-10-2-2-even-2.scen,20,22,42,1,419,1900.039000,85,38,0.003000,0.096000,0.180000,0.123000,0.016976
_home_max_Documents_PhD_MAPF_LNS_MAPF_LNS_SAT_mapf-map_warehouse-20-40-10-2-2_map-_home_max_Documents_PhD_MAPF_LNS_MAPF_LNS_SAT_mapf-scen-even_scen-even_warehouse-20-40-10-2-2-even-2_scen-agents20-idx23-seed42-1761042393638,/home/max/Documents/PhD/MAPF/LNS/MAPF_LNS_SAT/mapf-map/warehouse-20-40-10-2-2.map,/home/max/Documents/PhD/MAPF/LNS/MAPF_LNS_SAT/mapf-scen-even/scen-even/warehouse-20-40-10-2-2-even-2.scen,20,23,42,1,464,1844.391000,0,0,0.000000,0.000000,0.000000,0.000000,0.000000
_home_max_Documents_PhD_MAPF_LNS_MAPF_LNS_SAT_mapf-map_warehouse-20-40-10-2-2_map-_home_max_Documents_PhD_MAPF_LNS_MAPF_LNS_SAT_mapf-scen-even_scen-even_warehouse-20-40-10-2-2-even-2_scen-agents20-idx24-seed42-1761042395546,/home/max/Documents/PhD/MAPF/LNS/MAPF_LNS_SAT/mapf-map/warehouse-20-40-10-2-2.map,/home/max/Documents/PhD/MAPF/LNS/MAPF_LNS_SAT/mapf-scen-even/scen-even/warehouse-20-40-10-2-2-even-2.scen,20,24,42,1,441,1843.456000,32,17,0.000000,0.030000,0.063000,0.046000,0.009130
_home_max_Documents_PhD_MAPF_LNS_MAPF_LNS_SAT_mapf-map_warehouse-20-40-10-2-2_map-_home_max_Documents_PhD_MAPF_LNS_MAPF_LNS_SAT_mapf-scen-even_scen-even_warehouse-20-40-10-2-2-even-2_scen-agents20-idx25-seed42-1761042397453,/home/max/Documents/PhD/MAPF/LNS/MAPF_LNS_SAT/mapf-map/warehouse-20-40-10-2-2.map,/home/max/Documents/PhD/MAPF/LNS/MAPF_LNS_SAT/mapf-scen-even/scen-even/warehouse-20-40-10-2-2-even-2.scen,20,25,42,1,443,1844.625000,219,88,0.000000,0.139000,0.234000,0.182000,0.018854
_home_max_Documents_PhD_MAPF_LNS_MAPF_LNS_SAT_mapf-map_warehouse-20-40-10-2-2_map-_home_max_Documents_PhD_MAPF_LNS_MAPF_LNS_SAT_mapf-scen-even_scen-even_warehouse-20-40-10-2-2-even-2_scen-agents20-idx26-seed42-1761042399362,/home/max/Documents/PhD/MAPF/LNS/MAPF_LNS_SAT/mapf-map/warehouse-20-40-10-2-2.map,/home/max/Documents/PhD/MAPF/LNS/MAPF_LNS_SAT/mapf-scen-even/scen-even/warehouse-20-40-10-2-2-even-2.scen,20,26,42,1,456,1859.043000,127,50,0.000000,0.106000,0.162000,0.129000,0.015317
_home_max_Documents_PhD_MAPF_LNS_MAPF_LNS_SAT_mapf-map_warehouse-20-40-10-2-2_map-_home_max_Documents_PhD_MAPF_LNS_MAPF_LNS_SAT_mapf-scen-even_scen-even_warehouse-20-40-10-2-2-even-2_scen-agents20-idx27-seed42-1761042401262,/home/max/Documents/PhD/MAPF/LNS/MAPF_LNS_SAT/mapf-map/warehouse-20-40-10-2-2.map,/home/max/Documents/PhD/MAPF/LNS/MAPF_LNS_SAT/mapf-scen-even/scen-even/warehouse-20-40-10-2-2-even-2.scen,20,27,42,1,462,1848.042000,195,85,0.000000,0.109000,0.216000,0.164000,0.017701
_home_max_Documents_PhD_MAPF_LNS_MAPF_LNS_SAT_mapf-map_warehouse-20-40-10-2-2_map-_home_max_Documents_PhD_MAPF_LNS_MAPF_LNS_SAT_mapf-scen-even_scen-even_warehouse-20-40-10-2-2-even-2_scen-agents20-idx28-seed42-1761042403172,/home/max/Documents/PhD/MAPF/LNS/MAPF_LNS_SAT/mapf-map/warehouse-20-40-10-2-2.map,/home/max/Documents/PhD/MAPF/LNS/MAPF_LNS_SAT/mapf-scen-even/scen-even/warehouse-20-40-10-2-2-even-2.scen,20,28,42,1,416,1859.811000,271,119,0.000000,0.534000,0.284000,0.220000,0.025832
_home_max_Documents_PhD_MAPF_LNS_MAPF_LNS_SAT_mapf-map_warehouse-20-40-10-2-2_map-_home_max_Documents_PhD_MAPF_LNS_MAPF_LNS_SAT_mapf-scen-even_scen-even_warehouse-20-40-10-2-2-even-2_scen-agents20-idx29-seed42-1761042405076,/home/max/Documents/PhD/MAPF/LNS/MAPF_LNS_SAT/mapf-map/warehouse-20-40-10-2-2.map,/home/max/Documents/PhD/MAPF/LNS/MAPF_LNS_SAT/mapf-scen-even/scen-even/warehouse-20-40-10-2-2-even-2.scen,20,29,42,1,415,1744.279000,41,22,0.000000,0.030000,0.101000,0.070000,0.012079
_home_max_Documents_PhD_MAPF_LNS_MAPF_LNS_SAT_mapf-map_warehouse-20-40-10-2-2_map-_home_max_Documents_PhD_MAPF_LNS_MAPF_LNS_SAT_mapf-scen-even_scen-even_warehouse-20-40-10-2-2-even-2_scen-agents20-idx30-seed42-1761042406884,/home/max/Documents/PhD/MAPF/LNS/MAPF_LNS_SAT/mapf-map/warehouse-20-40-10-2-2.map,/home/max/Documents/PhD/MAPF/LNS/MAPF_LNS_SAT/mapf-scen-even/scen-even/warehouse-20-40-10-2-2-even-2.scen,20,30,42,1,451,1919.661000,168,69,0.000000,0.148000,0.215000,0.167000,0.024129
_home_max_Documents_PhD_MAPF_LNS_MAPF_LNS_SAT_mapf-map_warehouse-20-40-10-2-2_map-_home_max_Documents_PhD_MAPF_LNS_MAPF_LNS_SAT_mapf-scen-even_scen-even_warehouse-20-40-10-2-2-even-2_scen-agents20-idx31-seed42-1761042408890,/home/max/Documents/PhD/MAPF/LNS/MAPF_LNS_SAT/mapf-map/warehouse-20-40-10-2-2.map,/home/max/Documents/PhD/MAPF/LNS/MAPF_LNS_SAT/mapf-scen-even/scen-even/warehouse-20-40-10-2-2-even-2.scen,20,31,42,1,445,1855.363000,46,19,0.000000,0.049000,0.120000,0.083000,0.013836
_home_max_Documents_PhD_MAPF_LNS_MAPF_LNS_SAT_mapf-map_warehouse-20-40-10-2-2_map-_home_max_Documents_PhD_MAPF_LNS_MAPF_LNS_SAT_mapf-scen-even_scen-even_warehouse-20-40-10-2-2-even-2_scen-agents20-idx32-seed42-1761042410789,/home/max/Documents/PhD/MAPF/LNS/MAPF_LNS_SAT/mapf-map/warehouse-20-40-10-2-2.map,/home/max/Documents/PhD/MAPF/LNS/MAPF_LNS_SAT/mapf-scen-even/scen-even/warehouse-20-40-10-2-2-even-2.scen,20,32,42,1,462,1881.780000,0,0,0.000000,0.000000,0.000000,0.000000,0.000000
_home_max_Documents_PhD_MAPF_LNS_MAPF_LNS_SAT_mapf-map_warehouse-20-40-10-2-2_map-_home_max_Documents_PhD_MAPF_LNS_MAPF_LNS_SAT_mapf-scen-even_scen-even_warehouse-20-40-10-2-2-even-2_scen-agents20-idx33-seed42-1761042412749,/home/max/Documents/PhD/MAPF/LNS/MAPF_LNS_SAT/mapf-map/warehouse-20-40-10-2-2.map,/home/max/Documents/PhD/MAPF/LNS/MAPF_LNS_SAT/mapf-scen-even/scen-even/warehouse-20-40-10-2-2-even-2.scen,20,33,42,1,434,1815.854000,22,9,0.000000,0.019000,0.066000,0.042000,0.008678
_home_max_Documents_PhD_MAPF_LNS_MAPF_LNS_SAT_mapf-map_warehouse-20-40-10-2-2_map-_home_max_Documents_PhD_MAPF_LNS_MAPF_LNS_SAT_mapf-scen-even_scen-even_warehouse-20-40-10-2-2-even-2_scen-agents20-idx34-seed42-1761042414601,/home/max/Documents/PhD/MAPF/LNS/MAPF_LNS_SAT/mapf-map/warehouse-20-40-10-2-2.map,/home/max/Documents/PhD/MAPF/LNS/MAPF_LNS_SAT/mapf-scen-even/scen-even/warehouse-20-40-10-2-2-even-2.scen,20,34,42,1,357,1720.375000,59,26,0.000000,0.041000,0.142000,0.094000,0.013844
_home_max_Documents_PhD_MAPF_LNS_MAPF_LNS_SAT_mapf-map_warehouse-20-40-10-2-2_map-_home_max_Documents_PhD_MAPF_LNS_MAPF_LNS_SAT_mapf-scen-even_scen-even_warehouse-20-40-10-2-2-even-2_scen-agents20-idx35-seed42-1761042416358,/home/max/Documents/PhD/MAPF/LNS/MAPF_LNS_SAT/mapf-map/warehouse-20-40-10-2-2.map,/home/max/Documents/PhD/MAPF/LNS/MAPF_LNS_SAT/mapf-scen-even/scen-even/warehouse-20-40-10-2-2-even-2.scen,20,35,42,1,466,1816.625000,668,280,0.000000,0.455000,0.774000,0.571000,0.062064
_home_max_Documents_PhD_MAPF_LNS_MAPF_LNS_SAT_mapf-map_warehouse-20-40-10-2-2_map-_home_max_Documents_PhD_MAPF_LNS_MAPF_LNS_SAT_mapf-scen-even_scen-even_warehouse-20-40-10-2-2-even-2_scen-agents20-idx36-seed42-1761042418264,/home/max/Documents/PhD/MAPF/LNS/MAPF_LNS_SAT/mapf-map/warehouse-20-40-10-2-2.map,/home/max/Documents/PhD/MAPF/LNS/MAPF_LNS_SAT/mapf-scen-even/scen-even/warehouse-20-40-10-2-2-even-2.scen,20,36,42,1,352,1696.938000,143,52,0.000000,0.098000,0.206000,0.148000,0.022094
_home_max_Documents_PhD_MAPF_LNS_MAPF_LNS_SAT_mapf-map_warehouse-20-40-10-2-2_map-_home_max_Documents_PhD_MAPF_LNS_MAPF_LNS_SAT_mapf-scen-even_scen-even_warehouse-20-40-10-2-2-even-2_scen-agents20-idx37-seed42-1761042420024,/home/max/Documents/PhD/MAPF/LNS/MAPF_LNS_SAT/mapf-map/warehouse-20-40-10-2-2.map,/home/max/Documents/PhD/MAPF/LNS/MAPF_LNS_SAT/mapf-scen-even/scen-even/warehouse-20-40-10-2-2-even-2.scen,20,37,42,1,424,1812.411000,48,20,0.000000,0.041000,0.088000,0.069000,0.013386
_home_max_Documents_PhD_MAPF_LNS_MAPF_LNS_SAT_mapf-map_warehouse-20-40-10-2-2_map-_home_max_Documents_PhD_MAPF_LNS_MAPF_LNS_SAT_mapf-scen-even_scen-even_warehouse-20-40-10-2-2-even-2_scen-agents20-idx38-seed42-1761042421875,/home/max/Documents/PhD/MAPF/LNS/MAPF_LNS_SAT/mapf-map/warehouse-20-40-10-2-2.map,/home/max/Documents/PhD/MAPF/LNS/MAPF_LNS_SAT/mapf-scen-even/scen-even/warehouse-20-40-10-2-2-even-2.scen,20,38,42,1,472,1883.096000,28,15,0.000000,0.020000,0.065000,0.045000,0.009095
_home_max_Documents_PhD_MAPF_LNS_MAPF_LNS_SAT_mapf-map_warehouse-20-40-10-2-2_map-_home_max_Documents_PhD_MAPF_LNS_MAPF_LNS_SAT_mapf-scen-even_scen-even_warehouse-20-40-10-2-2-even-2_scen-agents20-idx39-seed42-1761042423833,/home/max/Documents/PhD/MAPF/LNS/MAPF_LNS_SAT/mapf-map/warehouse-20-40-10-2-2.map,/home/max/Documents/PhD/MAPF/LNS/MAPF_LNS_SAT/mapf-scen-even/scen-even/warehouse-20-40-10-2-2-even-2.scen,20,39,42,1,464,1916.655000,0,0,0.000000,0.000000,0.000000,0.000000,0.000000
_home_max_Documents_PhD_MAPF_LNS_MAPF_LNS_SAT_mapf-map_warehouse-20-40-10-2-2_map-_home_max_Documents_PhD_MAPF_LNS_MAPF_LNS_SAT_mapf-scen-even_scen-even_warehouse-20-40-10-2-2-even-2_scen-agents20-idx40-seed42-1761042425784,/home/max/Documents/PhD/MAPF/LNS/MAPF_LNS_SAT/mapf-map/warehouse-20-40-10-2-2.map,/home/max/Documents/PhD/MAPF/LNS/MAPF_LNS_SAT/mapf-scen-even/scen-even/warehouse-20-40-10-2-2-even-2.scen,20,40,42,1,455,1978.014000,137,56,0.000000,0.106000,0.273000,0.181000,0.025892
_home_max_Documents_PhD_MAPF_LNS_MAPF_LNS_SAT_mapf-map_warehouse-20-40-10-2-2_map-_home_max_Documents_PhD_MAPF_LNS_MAPF_LNS_SAT_mapf-scen-even_scen-even_warehouse-20-40-10-2-2-even-2_scen-agents20-idx41-seed42-1761042427792,/home/max/Documents/PhD/MAPF/LNS/MAPF_LNS_SAT/mapf-map/warehouse-20-40-10-2-2.map,/home/max/Documents/PhD/MAPF/LNS/MAPF_LNS_SAT/mapf-scen-even/scen-even/warehouse-20-40-10-2-2-even-2.scen,20,41,42,1,460,1749.524000,626,245,0.000000,0.580000,0.624000,0.490000,0.052164
_home_max_Documents_PhD_MAPF_LNS_MAPF_LNS_SAT_mapf-map_warehouse-20-40-10-2-2_map-_home_max_Documents_PhD_MAPF_LNS_MAPF_LNS_SAT_mapf-scen-even_scen-even_warehouse-20-40-10-2-2-even-2_scen-agents20-idx42-seed42-1761042429601,/home/max/Documents/PhD/MAPF/LNS/MAPF_LNS_SAT/mapf-map/warehouse-20-40-10-2-2.map,/home/max/Documents/PhD/MAPF/LNS/MAPF_LNS_SAT/mapf-scen-even/scen-even/warehouse-20-40-10-2-2-even-2.scen,20,42,42,1,376,1734.812000,620,254,0.000000,0.360000,0.663000,0.495000,0.052541
_home_max_Documents_PhD_MAPF_LNS_MAPF_LNS_SAT_mapf-map_warehouse-20-40-10-2-2_map-_home_max_Documents_PhD_MAPF_LNS_MAPF_LNS_SAT_mapf-scen-even_scen-even_warehouse-20-40-10-2-2-even-2_scen-agents20-idx43-seed42-1761042431410,/home/max/Documents/PhD/MAPF/LNS/MAPF_LNS_SAT/mapf-map/warehouse-20-40-10-2-2.map,/home/max/Documents/PhD/MAPF/LNS/MAPF_LNS_SAT/mapf-scen-even/scen-even/warehouse-20-40-10-2-2-even-2.scen,20,43,42,1,467,2008.156000,230,91,0.000000,0.400000,0.267000,0.204000,0.019936
_home_max_Documents_PhD_MAPF_LNS_MAPF_LNS_SAT_mapf-map_warehouse-20-40-10-2-2_map-_home_max_Documents_PhD_MAPF_LNS_MAPF_LNS_SAT_mapf-scen-even_scen-even_warehouse-20-40-10-2-2-even-2_scen-agents20-idx44-seed42-1761042433468,/home/max/Documents/PhD/MAPF/LNS/MAPF_LNS_SAT/mapf-map/warehouse-20-40-10-2-2.map,/home/max/Documents/PhD/MAPF/LNS/MAPF_LNS_SAT/mapf-scen-even/scen-even/warehouse-20-40-10-2-2-even-2.scen,20,44,42,1,466,1852.023000,326,135,0.000000,0.234000,0.415000,0.303000,0.039719
_home_max_Documents_PhD_MAPF_LNS_MAPF_LNS_SAT_mapf-map_warehouse-20-40-10-2-2_map-_home_max_Documents_PhD_MAPF_LNS_MAPF_LNS_SAT_mapf-scen-even_scen-even_warehouse-20-40-10-2-2-even-2_scen-agents20-idx45-seed42-1761042435373,/home/max/Documents/PhD/MAPF/LNS/MAPF_LNS_SAT/mapf-map/warehouse-20-40-10-2-2.map,/home/max/Documents/PhD/MAPF/LNS/MAPF_LNS_SAT/mapf-scen-even/scen-even/warehouse-20-40-10-2-2-even-2.scen,20,45,42,1,446,1839.822000,50,24,0.000000,0.033000,0.137000,0.079000,0.012129
_home_max_Documents_PhD_MAPF_LNS_MAPF_LNS_SAT_mapf-map_warehouse-20-40-10-2-2_map-_home_max_Documents_PhD_MAPF_LNS_MAPF_LNS_SAT_mapf-scen-even_scen-even_warehouse-20-40-10-2-2-even-2_scen-agents20-idx46-seed42-1761042437282,/home/max/Documents/PhD/MAPF/LNS/MAPF_LNS_SAT/mapf-map/warehouse-20-40-10-2-2.map,/home/max/Documents/PhD/MAPF/LNS/MAPF_LNS_SAT/mapf-scen-even/scen-even/warehouse-20-40-10-2-2-even-2.scen,20,46,42,1,451,1723.882000,0,0,0.000000,0.000000,0.000000,0.000000,0.000000
_home_max_Documents_PhD_MAPF_LNS_MAPF_LNS_SAT_mapf-map_warehouse-20-40-10-2-2_map-_home_max_Documents_PhD_MAPF_LNS_MAPF_LNS_SAT_mapf-scen-even_scen-even_warehouse-20-40-10-2-2-even-2_scen-agents20-idx47-seed42-1761042439088,/home/max/Documents/PhD/MAPF/LNS/MAPF_LNS_SAT/mapf-map/warehouse-20-40-10-2-2.map,/home/max/Documents/PhD/MAPF/LNS/MAPF_LNS_SAT/mapf-scen-even/scen-even/warehouse-20-40-10-2-2-even-2.scen,20,47,42,1,461,1914.473000,50,24,0.000000,0.044000,0.139000,0.093000,0.018513
_home_max_Documents_PhD_MAPF_LNS_MAPF_LNS_SAT_mapf-map_warehouse-20-40-10-2-2_map-_home_max_Documents_PhD_MAPF_LNS_MAPF_LNS_SAT_mapf-scen-even_scen-even_warehouse-20-40-10-2-2-even-2_scen-agents20-idx48-seed42-1761042441039,/home/max/Documents/PhD/MAPF/LNS/MAPF_LNS_SAT/mapf-map/warehouse-20-40-10-2-2.map,/home/max/Documents/PhD/MAPF/LNS/MAPF_LNS_SAT/mapf-scen-even/scen-even/warehouse-20-40-10-2-2-even-2.scen,20,48,42,1,465,1808.331000,678,263,0.000000,0.677000,0.396000,0.350000,0.027262
_home_max_Documents_PhD_MAPF_LNS_MAPF_LNS_SAT_mapf-map_warehouse-20-40-10-2-2_map-_home_max_Documents_PhD_MAPF_LNS_MAPF_LNS_SAT_mapf-scen-even_scen-even_warehouse-20-40-10-2-2-even-2_scen-agents20-idx49-seed42-1761042442894,/home/max/Documents/PhD/MAPF/LNS/MAPF_LNS_SAT/mapf-map/warehouse-20-40-10-2-2.map,/home/max/Documents/PhD/MAPF/LNS/MAPF_LNS_SAT/mapf-scen-even/scen-even/warehouse-20-40-10-2-2-even-2.scen,20,49,42,1,414,1794.771000,319,129,0.000000,0.317000,0.352000,0.270000,0.033559
_home_max_Documents_PhD_MAPF_LNS_MAPF_LNS_SAT_mapf-map_warehouse-20-40-10-2-2_map-_home_max_Documents_PhD_MAPF_LNS_MAPF_LNS_SAT_mapf-scen-even_scen-even_warehouse-20-40-10-2-2-even-1_scen-agents50-idx0-seed42-1761042444758,/home/max/Documents/PhD/MAPF/LNS/MAPF_LNS_SAT/mapf-map/warehouse-20-40-10-2-2.map,/home/max/Documents/PhD/MAPF/LNS/MAPF_LNS_SAT/mapf-scen-even/scen-even/warehouse-20-40-10-2-2-even-1.scen,50,0,42,1,450,5128.055000,824,340,0.000000,0.511000,1.327000,0.923000,0.116587
_home_max_Documents_PhD_MAPF_LNS_MAPF_LNS_SAT_mapf-map_warehouse-20-40-10-2-2_map-_home_max_Documents_PhD_MAPF_LNS_MAPF_LNS_SAT_mapf-scen-even_scen-even_warehouse-20-40-10-2-2-even-1_scen-agents50-idx1-seed42-1761042449970,/home/max/Documents/PhD/MAPF/LNS/MAPF_LNS_SAT/mapf-map/warehouse-20-40-10-2-2.map,/home/max/Documents/PhD/MAPF/LNS/MAPF_LNS_SAT/mapf-scen-even/scen-even/warehouse-20-40-10-2-2-even-1.scen,50,1,42,1,433,5133.738000,858,364,0.000000,0.521000,1.280000,0.904000,0.107746
_home_max_Documents_PhD_MAPF_LNS_MAPF_LNS_SAT_mapf-map_warehouse-20-40-10-2-2_map-_home_max_Documents_PhD_MAPF_LNS_MAPF_LNS_SAT_mapf-scen-even_scen-even_warehouse-20-40-10-2-2-even-1_scen-agents50-idx2-seed42-1761042455175,/home/max/Documents/PhD/MAPF/LNS/MAPF_LNS_SAT/mapf-map/warehouse-20-40-10-2-2.map,/home/max/Documents/PhD/MAPF/LNS/MAPF_LNS_SAT/mapf-scen-even/scen-even/warehouse-20-40-10-2-2-even-1.scen,50,2,42,1,460,5162.947000,545,232,0.000000,0.379000,0.946000,0.650000,0.065578
_home_max_Documents_PhD_MAPF_LNS_MAPF_LNS_SAT_mapf-map_warehouse-20-40-10-2-2_map-_home_max_Documents_PhD_MAPF_LNS_MAPF_LNS_SAT_mapf-scen-even_scen-even_warehouse-20-40-10-2-2-even-1_scen-agents50-idx3-seed42-1761042460446,/home/max/Documents/PhD/MAPF/LNS/MAPF_LNS_SAT/mapf-map/warehouse-20-40-10-2-2.map,/home/max/Documents/PhD/MAPF/LNS/MAPF_LNS_SAT/mapf-scen-even/scen-even/warehouse-20-40-10-2-2-even-1.scen,50,3,42,1,452,5336.001000,570,253,0.002000,2.359000,0.808000,0.615000,0.064654
_home_max_Documents_PhD_MAPF_LNS_MAPF_LNS_SAT_mapf-map_warehouse-20-40-10-2-2_map-_home_max_Documents_PhD_MAPF_LNS_MAPF_LNS_SAT_mapf-scen-even_scen-even_warehouse-20-40-10-2-2-even-1_scen-agents50-idx4-seed42-1761042465905,/home/max/Documents/PhD/MAPF/LNS/MAPF_LNS_SAT/mapf-map/warehouse-20-40-10-2-2.map,/home/max/Documents/PhD/MAPF/LNS/MAPF_LNS_SAT/mapf-scen-even/scen-even/warehouse-20-40-10-2-2-even-1.scen,50,4,42,1,460,5158.165000,961,404,0.000000,0.608000,1.670000,1.331000,0.093165
_home_max_Documents_PhD_MAPF_LNS_MAPF_LNS_SAT_mapf-map_warehouse-20-40-10-2-2_map-_home_max_Documents_PhD_MAPF_LNS_MAPF_LNS_SAT_mapf-scen-even_scen-even_warehouse-20-40-10-2-2-even-1_scen-agents50-idx5-seed42-1761042471172,/home/max/Documents/PhD/MAPF/LNS/MAPF_LNS_SAT/mapf-map/warehouse-20-40-10-2-2.map,/home/max/Documents/PhD/MAPF/LNS/MAPF_LNS_SAT/mapf-scen-even/scen-even/warehouse-20-40-10-2-2-even-1.scen,50,5,42,1,452,5323.594000,908,385,0.000000,0.669000,1.366000,0.976000,0.105004
_home_max_Documents_PhD_MAPF_LNS_MAPF_LNS_SAT_mapf-map_warehouse-20-40-10-2-2_map-_home_max_Documents_PhD_MAPF_LNS_MAPF_LNS_SAT_mapf-scen-even_scen-even_warehouse-20-40-10-2-2-even-1_scen-agents50-idx6-seed42-1761042476582,/home/max/Documents/PhD/MAPF/LNS/MAPF_LNS_SAT/mapf-map/warehouse-20-40-10-2-2.map,/home/max/Documents/PhD/MAPF/LNS/MAPF_LNS_SAT/mapf-scen-even/scen-even/warehouse-20-40-10-2-2-even-1.scen,50,6,42,1,466,5167.426000,2292,903,0.000000,1.288000,2.741000,2.106000,0.228539
_home_max_Documents_PhD_MAPF_LNS_MAPF_LNS_SAT_mapf-map_warehouse-20-40-10-2-2_map-_home_max_Documents_PhD_MAPF_LNS_MAPF_LNS_SAT_mapf-scen-even_scen-even_warehouse-20-40-10-2-2-even-1_scen-agents50-idx7-seed42-1761042481850,/home/max/Documents/PhD/MAPF/LNS/MAPF_LNS_SAT/mapf-map/warehouse-20-40-10-2-2.map,/home/max/Documents/PhD/MAPF/LNS/MAPF_LNS_SAT/mapf-scen-even/scen-even/warehouse-20-40-10-2-2-even-1.scen,50,7,42,1,462,5162.768000,2247,920,0.000000,1.352000,3.073000,2.382000,0.208370
_home_max_Documents_PhD_MAPF_LNS_MAPF_LNS_SAT_mapf-map_warehouse-20-40-10-2-2_map-_home_max_Documents_PhD_MAPF_LNS_MAPF_LNS_SAT_mapf-scen-even_scen-even_warehouse-20-40-10-2-2-even-1_scen-agents50-idx8-seed42-1761042487113,/home/max/Documents/PhD/MAPF/LNS/MAPF_LNS_SAT/mapf-map/warehouse-20-40-10-2-2.map,/home/max/Documents/PhD/MAPF/LNS/MAPF_LNS_SAT/mapf-scen-even/scen-even/warehouse-20-40-10-2-2-even-1.scen,50,8,42,1,447,5005.449000,837,356,0.002000,0.555000,1.796000,1.426000,0.124189
_home_max_Documents_PhD_MAPF_LNS_MAPF_LNS_SAT_mapf-map_warehouse-20-40-10-2-2_map-_home_max_Documents_PhD_MAPF_LNS_MAPF_LNS_SAT_mapf-scen-even_scen-even_warehouse-20-40-10-2-2-even-1_scen-agents50-idx9-seed42-1761042492231,/home/max/Documents/PhD/MAPF/LNS/MAPF_LNS_SAT/mapf-map/warehouse-20-40-10-2-2.map,/home/max/Documents/PhD/MAPF/LNS/MAPF_LNS_SAT/mapf-scen-even/scen-even/warehouse-20-40-10-2-2-even-1.scen,50,9,42,1,444,4797.926000,711,288,0.000000,0.400000,0.837000,0.620000,0.064355
_home_max_Documents_PhD_MAPF_LNS_MAPF_LNS_SAT_mapf-map_warehouse-20-40-10-2-2_map-_home_max_Documents_PhD_MAPF_LNS_MAPF_LNS_SAT_mapf-scen-even_scen-even_warehouse-20-40-10-2-2-even-1_scen-agents50-idx10-seed42-1761042497148,/home/max/Documents/PhD/MAPF/LNS/MAPF_LNS_SAT/mapf-map/warehouse-20-40-10-2-2.map,/home/max/Documents/PhD/MAPF/LNS/MAPF_LNS_SAT/mapf-scen-even/scen-even/warehouse-20-40-10-2-2-even-1.scen,50,10,42,1,454,5188.452000,1558,628,0.000000,0.941000,2.442000,1.941000,0.164710
_home_max_Documents_PhD_MAPF_LNS_MAPF_LNS_SAT_mapf-map_warehouse-20-40-10-2-2_map-_home_max_Documents_PhD_MAPF_LNS_MAPF_LNS_SAT_mapf-scen-even_scen-even_warehouse-20-40-10-2-2-even-1_scen-agents50-idx11-seed42-1761042502464,/home/max/Documents/PhD/MAPF/LNS/MAPF_LNS_SAT/mapf-map/warehouse-20-40-10-2-2.map,/home/max/Documents/PhD/MAPF/LNS/MAPF_LNS_SAT/mapf-scen-even/scen-even/warehouse-20-40-10-2-2-even-1.scen,50,11,42,1,442,5013.692000,276,118,0.000000,0.158000,0.853000,0.707000,0.049184
_home_max_Documents_PhD_MAPF_LNS_MAPF_LNS_SAT_mapf-map_warehouse-20-40-10-2-2_map-_home_max_Documents_PhD_MAPF_LNS_MAPF_LNS_SAT_mapf-scen-even_scen-even_warehouse-20-40-10-2-2-even-1_scen-agents50-idx12-seed42-1761042507583,/home/max/Documents/PhD/MAPF/LNS/MAPF_LNS_SAT/mapf-map/warehouse-20-40-10-2-2.map,/home/max/Documents/PhD/MAPF/LNS/MAPF_LNS_SAT/mapf-scen-even/scen-even/warehouse-20-40-10-2-2-even-1.scen,50,12,42,1,451,5034.825000,1496,600,0.003000,0.851000,1.915000,1.396000,0.163307
_home_max_Documents_PhD_MAPF_LNS_MAPF_LNS_SAT_mapf-map_warehouse-20-40-10-2-2_map-_home_max_Documents_PhD_MAPF_LNS_MAPF_LNS_SAT_mapf-scen-even_scen-even_warehouse-20-40-10-2-2-even-1_scen-agents50-idx13-seed42-1761042512698,/home/max/Documents/PhD/MAPF/LNS/MAPF_LNS_SAT/mapf-map/warehouse-20-40-10-2-2.map,/home/max/Documents/PhD/MAPF/LNS/MAPF_LNS_SAT/mapf-scen-even/scen-even/warehouse-20-40-10-2-2-even-1.scen,50,13,42,1,462,5164.742000,604,248,0.000000,0.396000,1.198000,0.950000,0.103496
_home_max_Documents_PhD_MAPF_LNS_MAPF_LNS_SAT_mapf-map_warehouse-20-40-10-2-2_map-_home_max_Documents_PhD_MAPF_LNS_MAPF_LNS_SAT_mapf-scen-even_scen-even_warehouse-20-40-10-2-2-even-1_scen-agents50-idx14-seed42-1761042517969,/home/max/Documents/PhD/MAPF/LNS/MAPF_LNS_SAT/mapf-map/warehouse-20-40-10-2-2.map,/home/max/Documents/PhD/MAPF/LNS/MAPF_LNS_SAT/mapf-scen-even/scen-even/warehouse-20-40-10-2-2-even-1.scen,50,14,42,1,465,4857.312000,931,390,0.000000,2.115000,1.221000,0.881000,0.100951
_home_max_Documents_PhD_MAPF_LNS_MAPF_LNS_SAT_mapf-map_warehouse-20-40-10-2-2_map-_home_max_Documents_PhD_MAPF_LNS_MAPF_LNS_SAT_mapf-scen-even_scen-even_warehouse-20-40-10-2-2-even-1_scen-agents50-idx15-seed42-1761042522936,/home/max/Documents/PhD/MAPF/LNS/MAPF_LNS_SAT/mapf-map/warehouse-20-40-10-2-2.map,/home/max/Documents/PhD/MAPF/LNS/MAPF_LNS_SAT/mapf-scen-even/scen-even/warehouse-20-40-10-2-2-even-1.scen,50,15,42,1,459,5049.932000,184,76,0.000000,0.127000,0.360000,0.247000,0.036682
_home_max_Documents_PhD_MAPF_LNS_MAPF_LNS_SAT_mapf-map_warehouse-20-40-10-2-2_map-_home_max_Documents_PhD_MAPF_LNS_MAPF_LNS_SAT_mapf-scen-even_scen-even_warehouse-20-40-10-2-2-even-1_scen-agents50-idx16-seed42-1761042528102,/home/max/Documents/PhD/MAPF/LNS/MAPF_LNS_SAT/mapf-map/warehouse-20-40-10-2-2.map,/home/max/Documents/PhD/MAPF/LNS/MAPF_LNS_SAT/mapf-scen-even/scen-even/warehouse-20-40-10-2-2-even-1.scen,50,16,42,1,462,5165.911000,699,289,0.000000,0.421000,1.161000,0.798000,0.102637
_home_max_Documents_PhD_MAPF_LNS_MAPF_LNS_SAT_mapf-map_warehouse-20-40-10-2-2_map-_home_max_Documents_PhD_MAPF_LNS_MAPF_LNS_SAT_mapf-scen-even_scen-even_warehouse-20-40-10-2-2-even-1_scen-agents50-idx17-seed42-1761042533374,/home/max/Documents/PhD/MAPF/LNS/MAPF_LNS_SAT/mapf-map/warehouse-20-40-10-2-2.map,/home/max/Documents/PhD/MAPF/LNS/MAPF_LNS_SAT/mapf-scen-even/scen-even/warehouse-20-40-10-2-2-even-1.scen,50,17,42,1,447,5184.807000,887,373,0.000000,0.576000,1.244000,0.894000,0.118423
_home_max_Documents_PhD_MAPF_LNS_MAPF_LNS_SAT_mapf-map_warehouse-20-40-10-2-2_map-_home_max_Documents_PhD_MAPF_LNS_MAPF_LNS_SAT_mapf-scen-even_scen-even_warehouse-20-40-10-2-2-even-1_scen-agents50-idx18-seed42-1761042538692,/home/max/Documents/PhD/MAPF/LNS/MAPF_LNS_SAT/mapf-map/warehouse-20-40-10-2-2.map,/home/max/Documents/PhD/MAPF/LNS/MAPF_LNS_SAT/mapf-scen-even/scen-even/warehouse-20-40-10-2-2-even-1.scen,50,18,42,1,464,4739.212000,508,198,0.000000,0.278000,1.045000,0.846000,0.062992
_home_max_Documents_PhD_MAPF_LNS_MAPF_LNS_SAT_mapf-map_warehouse-20-40-10-2-2_map-_home_max_Documents_PhD_MAPF_LNS_MAPF_LNS_SAT_mapf-scen-even_scen-even_warehouse-20-40-10-2-2-even-1_scen-agents50-idx19-seed42-1761042543506,/home/max/Documents/PhD/MAPF/LNS/MAPF_LNS_SAT/mapf-map/warehouse-20-40-10-2-2.map,/home/max/Documents/PhD/MAPF/LNS/MAPF_LNS_SAT/mapf-scen-even/scen-even/warehouse-20-40-10-2-2-even-1.scen,50,19,42,1,448,5095.405000,1721,702,0.000000,1.012000,2.221000,1.632000,0.164485
_home_max_Documents_PhD_MAPF_LNS_MAPF_LNS_SAT_mapf-map_warehouse-20-40-10-2-2_map-_home_max_Documents_PhD_MAPF_LNS_MAPF_LNS_SAT_mapf-scen-even_scen-even_warehouse-20-40-10-2-2-even-2_scen-agents50-idx0-seed42-1761042548727,/home/max/Documents/PhD/MAPF/LNS/MAPF_LNS_SAT/mapf-map/warehouse-20-40-10-2-2.map,/home/max/Documents/PhD/MAPF/LNS/MAPF_LNS_SAT/mapf-scen-even/scen-even/warehouse-20-40-10-2-2-even-2.scen,50,0,42,1,455,5187.571000,1133,463,0.000000,0.730000,1.533000,1.110000,0.117572
_home_max_Documents_PhD_MAPF_LNS_MAPF_LNS_SAT_mapf-map_warehouse-20-40-10-2-2_map-_home_max_Documents_PhD_MAPF_LNS_MAPF_LNS_SAT_mapf-scen-even_scen-even_warehouse-20-40-10-2-2-even-2_scen-agents50-idx1-seed42-1761042553990,/home/max/Documents/PhD/MAPF/LNS/MAPF_LNS_SAT/mapf-map/warehouse-20-40-10-2-2.map,/home/max/Documents/PhD/MAPF/LNS/MAPF_LNS_SAT/mapf-scen-even/scen-even/warehouse-20-40-10-2-2-even-2.scen,50,1,42,1,465,5151.364000,4154,1399,0.000000,2.032000,3.352000,2.711000,0.296656
_home_max_Documents_PhD_MAPF_LNS_MAPF_LNS_SAT_mapf-map_warehouse-20-40-10-2-2_map-_home_max_Documents_PhD_MAPF_LNS_MAPF_LNS_SAT_mapf-scen-even_scen-even_warehouse-20-40-10-2-2-even-2_scen-agents50-idx2-seed42-1761042559258,/home/max/Documents/PhD/MAPF/LNS/MAPF_LNS_SAT/mapf-map/warehouse-20-40-10-2-2.map,/home/max/Documents/PhD/MAPF/LNS/MAPF_LNS_SAT/mapf-scen-even/scen-even/warehouse-20-40-10-2-2-even-2.scen,50,2,42,1,465,5563.055000,1686,696,0.000000,1.130000,2.763000,2.092000,0.175734
_home_max_Documents_PhD_MAPF_LNS_MAPF_LNS_SAT_mapf-map_warehouse-20-40-10-2-2_map-_home_max_Documents_PhD_MAPF_LNS_MAPF_LNS_SAT_mapf-scen-even_scen-even_warehouse-20-40-10-2-2-even-2_scen-agents50-idx3-seed42-1761042564923,/home/max/Documents/PhD/MAPF/LNS/MAPF_LNS_SAT/mapf-map/warehouse-20-40-10-2-2.map,/home/max/Documents/PhD/MAPF/LNS/MAPF_LNS_SAT/mapf-scen-even/scen-even/warehouse-20-40-10-2-2-even-2.scen,50,3,42,1,447,5017.612000,300,127,0.000000,0.204000,0.593000,0.406000,0.062341
_home_max_Documents_PhD_MAPF_LNS_MAPF_LNS_SAT_mapf-map_warehouse-20-40-10-2-2_map-_home_max_Documents_PhD_MAPF_LNS_MAPF_LNS_SAT_mapf-scen-even_scen-even_warehouse-20-40-10-2-2-even-2_scen-agents50-idx4-seed42-1761042570041,/home/max/Documents/PhD/MAPF/LNS/MAPF_LNS_SAT/mapf-map/warehouse-20-40-10-2-2.map,/home/max/Documents/PhD/MAPF/LNS/MAPF_LNS_SAT/mapf-scen-even/scen-even/warehouse-20-40-10-2-2-even-2.scen,50,4,42,1,460,5759.118000,1576,646,0.002000,6.534000,2.470000,1.778000,0.203214
_home_max_Documents_PhD_MAPF_LNS_MAPF_LNS_SAT_mapf-map_warehouse-20-40-10-2-2_map-_home_max_Documents_PhD_MAPF_LNS_MAPF_LNS_SAT_mapf-scen-even_scen-even_warehouse-20-40-10-2-2-even-2_scen-agents50-idx5-seed42-1761042575909,/home/max/Documents/PhD/MAPF/LNS/MAPF_LNS_SAT/mapf-map/warehouse-20-40-10-2-2.map,/home/max/Documents/PhD/MAPF/LNS/MAPF_LNS_SAT/mapf-scen-even/scen-even/warehouse-20-40-10-2-2-even-2.scen,50,5,42,1,434,4753.102000,658,283,0.002000,0.497000,0.978000,0.701000,0.080402
_home_max_Documents_PhD_MAPF_LNS_MAPF_LNS_SAT_mapf-map_warehouse-20-40-10-2-2_map-_home_max_Documents_PhD_MAPF_LNS_MAPF_LNS_SAT_mapf-scen-even_scen-even_warehouse-20-40-10-2-2-even-2_scen-agents50-idx6-seed42-1761042580773,/home/max/Documents/PhD/MAPF/LNS/MAPF_LNS_SAT/mapf-map/warehouse-20-40-10-2-2.map,/home/max/Documents/PhD/MAPF/LNS/MAPF_LNS_SAT/mapf-scen-even/scen-even/warehouse-20-40-10-2-2-even-2.scen,50,6,42,1,446,4815.906000,262,105,0.000000,0.169000,0.513000,0.346000,0.073497
_home_max_Documents_PhD_MAPF_LNS_MAPF_LNS_SAT_mapf-map_warehouse-20-40-10-2-2_map-_home_max_Documents_PhD_MAPF_LNS_MAPF_LNS_SAT_mapf-scen-even_scen-even_warehouse-20-40-10-2-2-even-2_scen-agents50-idx7-seed42-1761042585687,/home/max/Documents/PhD/MAPF/LNS/MAPF_LNS_SAT/mapf-map/warehouse-20-40-10-2-2.map,/home/max/Documents/PhD/MAPF/LNS/MAPF_LNS_SAT/mapf-scen-even/scen-even/warehouse-20-40-10-2-2-even-2.scen,50,7,42,1,452,5188.447000,1721,703,0.000000,1.021000,2.672000,2.022000,0.198231
_home_max_Documents_PhD_MAPF_LNS_MAPF_LNS_SAT_mapf-map_warehouse-20-40-10-2-2_map-_home_max_Documents_PhD_MAPF_LNS_MAPF_LNS_SAT_mapf-scen-even_scen-even_warehouse-20-40-10-2-2-even-2_scen-agents50-idx8-seed42-1761042590949,/home/max/Documents/PhD/MAPF/LNS/MAPF_LNS_SAT/mapf-map/warehouse-20-40-10-2-2.map,/home/max/Documents/PhD/MAPF/LNS/MAPF_LNS_SAT/mapf-scen-even/scen-even/warehouse-20-40-10-2-2-even-2.scen,50,8,42,1,463,5355.322000,1902,763,0.000000,1.168000,2.677000,2.160000,0.171691
_home_max_Documents_PhD_MAPF_LNS_MAPF_LNS_SAT_mapf-map_warehouse-20-40-10-2-2_map-_home_max_Documents_PhD_MAPF_LNS_MAPF_LNS_SAT_mapf-scen-even_scen-even_warehouse-20-40-10-2-2-even-2_scen-agents50-idx9-seed42-1761042596421,/home/max/Documents/PhD/MAPF/LNS/MAPF_LNS_SAT/mapf-map/warehouse-20-40-10-2-2.map,/home/max/Documents/PhD/MAPF/LNS/MAPF_LNS_SAT/mapf-scen-even/scen-even/warehouse-20-40-10-2-2-even-2.scen,50,9,42,1,464,5219.164000,444,185,0.000000,0.338000,1.280000,0.974000,0.075061
_home_max_Documents_PhD_MAPF_LNS_MAPF_LNS_SAT_mapf-map_warehouse-20-40-10-2-2_map-_home_max_Documents_PhD_MAPF_LNS_MAPF_LNS_SAT_mapf-scen-even_scen-even_warehouse-20-40-10-2-2-even-2_scen-agents50-idx10-seed42-1761042601735,/home/max/Documents/PhD/MAPF/LNS/MAPF_LNS_SAT/mapf-map/warehouse-20-40-10-2-2.map,/home/max/Documents/PhD/MAPF/LNS/MAPF_LNS_SAT/mapf-scen-even/scen-even/warehouse-20-40-10-2-2-even-2.scen,50,10,42,1,462,5167.943000,1256,504,0.000000,0.752000,1.966000,1.582000,0.109143
_home_max_Documents_PhD_MAPF_LNS_MAPF_LNS_SAT_mapf-map_warehouse-20-40-10-2-2_map-_home_max_Documents_PhD_MAPF_LNS_MAPF_LNS_SAT_mapf-scen-even_scen-even_warehouse-20-40-10-2-2-even-2_scen-agents50-idx11-seed42-1761042607006,/home/max/Documents/PhD/MAPF/LNS/MAPF_LNS_SAT/mapf-map/warehouse-20-40-10-2-2.map,/home/max/Documents/PhD/MAPF/LNS/MAPF_LNS_SAT/mapf-scen-even/scen-even/warehouse-20-40-10-2-2-even-2.scen,50,11,42,1,416,4931.838000,660,292,0.000000,0.480000,1.363000,1.067000,0.081296
_home_max_Documents_PhD_MAPF_LNS_MAPF_LNS_SAT_mapf-map_warehouse-20-40-10-2-2_map-_home_max_Documents_PhD_MAPF_LNS_MAPF_LNS_SAT_mapf-scen-even_scen-even_warehouse-20-40-10-2-2-even-2_scen-agents50-idx12-seed42-1761042612072,/home/max/Documents/PhD/MAPF/LNS/MAPF_LNS_SAT/mapf-map/warehouse-20-40-10-2-2.map,/home/max/Documents/PhD/MAPF/LNS/MAPF_LNS_SAT/mapf-scen-even/scen-even/warehouse-20-40-10-2-2-even-2.scen,50,12,42,1,462,5307.999000,1154,463,0.000000,0.895000,2.155000,1.705000,0.127189
_home_max_Documents_PhD_MAPF_LNS_MAPF_LNS_SAT_mapf-map_warehouse-20-40-10-2-2_map-_home_max_Documents_PhD_MAPF_LNS_MAPF_LNS_SAT_mapf-scen-even_scen-even_warehouse-20-40-10-2-2-even-2_scen-agents50-idx13-seed42-1761042617489,/home/max/Documents/PhD/MAPF/LNS/MAPF_LNS_SAT/mapf-map/warehouse-20-40-10-2-2.map,/home/max/Documents/PhD/MAPF/LNS/MAPF_LNS_SAT/mapf-scen-even/scen-even/warehouse-20-40-10-2-2-even-2.scen,50,13,42,1,434,4769.934000,644,262,0.000000,0.360000,0.859000,0.626000,0.072427
_home_max_Documents_PhD_MAPF_LNS_MAPF_LNS_SAT_mapf-map_warehouse-20-40-10-2-2_map-_home_max_Documents_PhD_MAPF_LNS_MAPF_LNS_SAT_mapf-scen-even_scen-even_warehouse-20-40-10-2-2-even-2_scen-agents50-idx14-seed42-1761042622345,/home/max/Documents/PhD/MAPF/LNS/MAPF_LNS_SAT/mapf-map/warehouse-20-40-10-2-2.map,/home/max/Documents/PhD/MAPF/LNS/MAPF_LNS_SAT/mapf-scen-even/scen-even/warehouse-20-40-10-2-2-even-2.scen,50,14,42,1,466,4917.298000,1718,698,0.000000,0.963000,2.474000,1.971000,0.164206
_home_max_Documents_PhD_MAPF_LNS_MAPF_LNS_SAT_mapf-map_warehouse-20-40-10-2-2_map-_home_max_Documents_PhD_MAPF_LNS_MAPF_LNS_SAT_mapf-scen-even_scen-even_warehouse-20-40-10-2-2-even-2_scen-agents50-idx15-seed42-1761042627368,/home/max/Documents/PhD/MAPF/LNS/MAPF_LNS_SAT/mapf-map/warehouse-20-40-10-2-2.map,/home/max/Documents/PhD/MAPF/LNS/MAPF_LNS_SAT/mapf-scen-even/scen-even/warehouse-20-40-10-2-2-even-2.scen,50,15,42,1,472,5108.733000,552,242,0.000000,0.449000,1.512000,1.217000,0.095306
_home_max_Documents_PhD_MAPF_LNS_MAPF_LNS_SAT_mapf-map_warehouse-20-40-10-2-2_map-_home_max_Documents_PhD_MAPF_LNS_MAPF_LNS_SAT_mapf-scen-even_scen-even_warehouse-20-40-10-2-2-even-2_scen-agents50-idx16-seed42-1761042632588,/home/max/Documents/PhD/MAPF/LNS/MAPF_LNS_SAT/mapf-map/warehouse-20-40-10-2-2.map,/home/max/Documents/PhD/MAPF/LNS/MAPF_LNS_SAT/mapf-scen-even/scen-even/warehouse-20-40-10-2-2-even-2.scen,50,16,42,1,460,5155.184000,949,377,0.000000,0.651000,1.478000,1.035000,0.123342
_home_max_Documents_PhD_MAPF_LNS_MAPF_LNS_SAT_mapf-map_warehouse-20-40-10-2-2_map-_home_max_Documents_PhD_MAPF_LNS_MAPF_LNS_SAT_mapf-scen-even_scen-even_warehouse-20-40-10-2-2-even-2_scen-agents50-idx17-seed42-1761042637852,/home/max/Documents/PhD/MAPF/LNS/MAPF_LNS_SAT/mapf-map/warehouse-20-40-10-2-2.map,/home/max/Documents/PhD/MAPF/LNS/MAPF_LNS_SAT/mapf-scen-even/scen-even/warehouse-20-40-10-2-2-even-2.scen,50,17,42,1,467,5043.277000,473,201,0.002000,0.367000,0.814000,0.572000,0.058525
_home_max_Documents_PhD_MAPF_LNS_MAPF_LNS_SAT_mapf-map_warehouse-20-40-10-2-2_map-_home_max_Documents_PhD_MAPF_LNS_MAPF_LNS_SAT_mapf-scen-even_scen-even_warehouse-20-40-10-2-2-even-2_scen-agents50-idx18-seed42-1761042643020,/home/max/Documents/PhD/MAPF/LNS/MAPF_LNS_SAT/mapf-map/warehouse-20-40-10-2-2.map,/home/max/Documents/PhD/MAPF/LNS/MAPF_LNS_SAT/mapf-scen-even/scen-even/warehouse-20-40-10-2-2-even-2.scen,50,18,42,1,461,5104.807000,659,287,0.003000,0.463000,1.627000,1.266000,0.090509
_home_max_Documents_PhD_MAPF_LNS_MAPF_LNS_SAT_mapf-map_warehouse-20-40-10-2-2_map-_home_max_Documents_PhD_MAPF_LNS_MAPF_LNS_SAT_mapf-scen-even_scen-even_warehouse-20-40-10-2-2-even-2_scen-agents50-idx19-seed42-1761042648240,/home/max/Documents/PhD/MAPF/LNS/MAPF_LNS_SAT/mapf-map/warehouse-20-40-10-2-2.map,/home/max/Documents/PhD/MAPF/LNS/MAPF_LNS_SAT/mapf-scen-even/scen-even/warehouse-20-40-10-2-2-even-2.scen,50,19,42,1,465,4905.968000,1056,438,0.000000,0.827000,1.253000,0.953000,0.118102
_home_max_Documents_PhD_MAPF_LNS_MAPF_LNS_SAT_mapf-map_warehouse-20-40-10-2-2_map-_home_max_Documents_PhD_MAPF_LNS_MAPF_LNS_SAT_mapf-scen-even_scen-even_warehouse-20-40-10-2-2-even-3_scen-agents50-idx0-seed42-1761042653260,/home/max/Documents/PhD/MAPF/LNS/MAPF_LNS_SAT/mapf-map/warehouse-20-40-10-2-2.map,/home/max/Documents/PhD/MAPF/LNS/MAPF_LNS_SAT/mapf-scen-even/scen-even/warehouse-20-40-10-2-2-even-3.scen,50,0,42,1,448,5000.035000,427,179,0.000000,0.270000,0.608000,0.438000,0.047199
_home_max_Documents_PhD_MAPF_LNS_MAPF_LNS_SAT_mapf-map_warehouse-20-40-10-2-2_map-_home_max_Documents_PhD_MAPF_LNS_MAPF_LNS_SAT_mapf-scen-even_scen-even_warehouse-20-40-10-2-2-even-3_scen-agents50-idx1-seed42-1761042658378,/home/max/Documents/PhD/MAPF/LNS/MAPF_LNS_SAT/mapf-map/warehouse-20-40-10-2-2.map,/home/max/Documents/PhD/MAPF/LNS/MAPF_LNS_SAT/mapf-scen-even/scen-even/warehouse-20-40-10-2-2-even-3.scen,50,1,42,1,420,4944.998000,796,338,0.000000,0.502000,1.338000,1.061000,0.085641
_home_max_Documents_PhD_MAPF_LNS_MAPF_LNS_SAT_mapf-map_warehouse-20-40-10-2-2_map-_home_max_Documents_PhD_MAPF_LNS_MAPF_LNS_SAT_mapf-scen-even_scen-even_warehouse-20-40-10-2-2-even-3_scen-agents50-idx2-seed42-1761042663393,/home/max/Documents/PhD/MAPF/LNS/MAPF_LNS_SAT/mapf-map/warehouse-20-40-10-2-2.map,/home/max/Documents/PhD/MAPF/LNS/MAPF_LNS_SAT/mapf-scen-even/scen-even/warehouse-20-40-10-2-2-even-3.scen,50,2,42,1,450,5189.138000,1064,443,0.001000,0.776000,1.842000,1.441000,0.107698
_home_max_Documents_PhD_MAPF_LNS_MAPF_LNS_SAT_mapf-map_warehouse-20-40-10-2-2_map-_home_max_Documents_PhD_MAPF_LNS_MAPF_LNS_SAT_mapf-scen-even_scen-even_warehouse-20-40-10-2-2-even-3_scen-agents50-idx3-seed42-1761042668662,/home/max/Documents/PhD/MAPF/LNS/MAPF_LNS_SAT/mapf-map/warehouse-20-40-10-2-2.map,/home/max/Documents/PhD/MAPF/LNS/MAPF_LNS_SAT/mapf-scen-even/scen-even/warehouse-20-40-10-2-2-even-3.scen,50,3,42,1,457,4911.950000,1341,555,0.000000,0.771000,2.047000,1.594000,0.129168
_home_max_Documents_PhD_MAPF_LNS_MAPF_LNS_SAT_mapf-map_warehouse-20-40-10-2-2_map-_home_max_Documents_PhD_MAPF_LNS_MAPF_LNS_SAT_mapf-scen-even_scen-even_warehouse-20-40-10-2-2-even-3_scen-agents50-idx4-seed42-1761042673683,/home/max/Documents/PhD/MAPF/LNS/MAPF_LNS_SAT/mapf-map/warehouse-20-40-10-2-2.map,/home/max/Documents/PhD/MAPF/LNS/MAPF_LNS_SAT/mapf-scen-even/scen-even/warehouse-20-40-10-2-2-even-3.scen,50,4,42,1,450,5241.483000,706,296,0.000000,0.614000,1.252000,0.909000,0.096979
_home_max_Documents_PhD_MAPF_LNS_MAPF_LNS_SAT_mapf-map_warehouse-20-40-10-2-2_map-_home_max_Documents_PhD_MAPF_LNS_MAPF_LNS_SAT_mapf-scen-even_scen-even_warehouse-20-40-10-2-2-even-3_scen-agents50-idx5-seed42-1761042679000,/home/max/Documents/PhD/MAPF/LNS/MAPF_LNS_SAT/mapf-map/warehouse-20-40-10-2-2.map,/home/max/Documents/PhD/MAPF/LNS/MAPF_LNS_SAT/mapf-scen-even/scen-even/warehouse-20-40-10-2-2-even-3.scen,50,5,42,1,454,5051.754000,1188,490,0.000000,0.849000,1.799000,1.220000,0.127055
_home_max_Documents_PhD_MAPF_LNS_MAPF_LNS_SAT_mapf-map_warehouse-20-40-10-2-2_map-_home_max_Documents_PhD_MAPF_LNS_MAPF_LNS_SAT_mapf-scen-even_scen-even_warehouse-20-40-10-2-2-even-3_scen-agents50-idx6-seed42-1761042684165,/home/max/Documents/PhD/MAPF/LNS/MAPF_LNS_SAT/mapf-map/warehouse-20-40-10-2-2.map,/home/max/Documents/PhD/MAPF/LNS/MAPF_LNS_SAT/mapf-scen-even/scen-even/warehouse-20-40-10-2-2-even-3.scen,50,6,42,1,442,4972.281000,1304,535,0.000000,2.020000,1.522000,1.168000,0.143727
_home_max_Documents_PhD_MAPF_LNS_MAPF_LNS_SAT_mapf-map_warehouse-20-40-10-2-2_map-_home_max_Documents_PhD_MAPF_LNS_MAPF_LNS_SAT_mapf-scen-even_scen-even_warehouse-20-40-10-2-2-even-3_scen-agents50-idx7-seed42-1761042689231,/home/max/Documents/PhD/MAPF/LNS/MAPF_LNS_SAT/mapf-map/warehouse-20-40-10-2-2.map,/home/max/Documents/PhD/MAPF/LNS/MAPF_LNS_SAT/mapf-scen-even/scen-even/warehouse-20-40-10-2-2-even-3.scen,50,7,42,1,444,4978.259000,566,237,0.000000,0.470000,1.607000,1.262000,0.099416
_home_max_Documents_PhD_MAPF_LNS_MAPF_LNS_SAT_mapf-map_warehouse-20-40-10-2-2_map-_home_max_Documents_PhD_MAPF_LNS_MAPF_LNS_SAT_mapf-scen-even_scen-even_warehouse-20-40-10-2-2-even-3_scen-agents50-idx8-seed42-1761042694285,/home/max/Documents/PhD/MAPF/LNS/MAPF_LNS_SAT/mapf-map/warehouse-20-40-10-2-2.map,/home/max/Documents/PhD/MAPF/LNS/MAPF_LNS_SAT/mapf-scen-even/scen-even/warehouse-20-40-10-2-2-even-3.scen,50,8,42,1,444,4967.050000,1228,517,0.000000,0.667000,1.504000,1.121000,0.121080
_home_max_Documents_PhD_MAPF_LNS_MAPF_LNS_SAT_mapf-map_warehouse-20-40-10-2-2_map-_home_max_Documents_PhD_MAPF_LNS_MAPF_LNS_SAT_mapf-scen-even_scen-even_warehouse-20-40-10-2-2-even-3_scen-agents50-idx9-seed42-1761042699352,/home/max/Documents/PhD/MAPF/LNS/MAPF_LNS_SAT/mapf-map/warehouse-20-40-10-2-2.map,/home/max/Documents/PhD/MAPF/LNS/MAPF_LNS_SAT/mapf-scen-even/scen-even/warehouse-20-40-10-2-2-even-3.scen,50,9,42,1,458,4867.644000,348,160,0.000000,0.246000,0.731000,0.506000,0.060467
_home_max_Documents_PhD_MAPF_LNS_MAPF_LNS_SAT_mapf-map_warehouse-20-40-10-2-2_map-_home_max_Documents_PhD_MAPF_LNS_MAPF_LNS_SAT_mapf-scen-even_scen-even_warehouse-20-40-10-2-2-even-3_scen-agents50-idx10-seed42-1761042704312,/home/max/Documents/PhD/MAPF/LNS/MAPF_LNS_SAT/mapf-map/warehouse-20-40-10-2-2.map,/home/max/Documents/PhD/MAPF/LNS/MAPF_LNS_SAT/mapf-scen-even/scen-even/warehouse-20-40-10-2-2-even-3.scen,50,10,42,1,448,4754.305000,543,228,0.000000,0.376000,0.694000,0.516000,0.057250
_home_max_Documents_PhD_MAPF_LNS_MAPF_LNS_SAT_mapf-map_warehouse-20-40-10-2-2_map-_home_max_Documents_PhD_MAPF_LNS_MAPF_LNS_SAT_mapf-scen-even_scen-even_warehouse-20-40-10-2-2-even-3_scen-agents50-idx11-seed42-1761042709177,/home/max/Documents/PhD/MAPF/LNS/MAPF_LNS_SAT/mapf-map/warehouse-20-40-10-2-2.map,/home/max/Documents/PhD/MAPF/LNS/MAPF_LNS_SAT/mapf-scen-even/scen-even/warehouse-20-40-10-2-2-even-3.scen,50,11,42,1,458,5085.180000,884,379,0.001000,0.606000,1.722000,1.357000,0.102497
_home_max_Documents_PhD_MAPF_LNS_MAPF_LNS_SAT_mapf-map_warehouse-20-40-10-2-2_map-_home_max_Documents_PhD_MAPF_LNS_MAPF_LNS_SAT_mapf-scen-even_scen-even_warehouse-20-40-10-2-2-even-3_scen-agents50-idx12-seed42-1761042714340,/home/max/Documents/PhD/MAPF/LNS/MAPF_LNS_SAT/mapf-map/warehouse-20-40-10-2-2.map,/home/max/Documents/PhD/MAPF/LNS/MAPF_LNS_SAT/mapf-scen-even/scen-even/warehouse-20-40-10-2-2-even-3.scen,50,12,42,1,454,5128.041000,1046,450,0.000000,0.744000,1.271000,0.910000,0.092991
_home_max_Documents_PhD_MAPF_LNS_MAPF_LNS_SAT_mapf-map_warehouse-20-40-10-2-2_map-_home_max_Documents_PhD_MAPF_LNS_MAPF_LNS_SAT_mapf-scen-even_scen-even_warehouse-20-40-10-2-2-even-3_scen-agents50-idx13-seed42-1761042719561,/home/max/Documents/PhD/MAPF/LNS/MAPF_LNS_SAT/mapf-map/warehouse-20-40-10-2-2.map,/home/max/Documents/PhD/MAPF/LNS/MAPF_LNS_SAT/mapf-scen-even/scen-even/warehouse-20-40-10-2-2-even-3.scen,50,13,42,1,455,5227.235000,720,305,0.003000,0.653000,1.265000,0.874000,0.092435
_home_max_Documents_PhD_MAPF_LNS_MAPF_LNS_SAT_mapf-map_warehouse-20-40-10-2-2_map-_home_max_Documents_PhD_MAPF_LNS_MAPF_LNS_SAT_mapf-scen-even_scen-even_warehouse-20-40-10-2-2-even-3_scen-agents50-idx14-seed42-1761042724877,/home/max/Documents/PhD/MAPF/LNS/MAPF_LNS_SAT/mapf-map/warehouse-20-40-10-2-2.map,/home/max/Documents/PhD/MAPF/LNS/MAPF_LNS_SAT/mapf-scen-even/scen-even/warehouse-20-40-10-2-2-even-3.scen,50,14,42,1,455,5136.344000,616,253,0.000000,1.143000,1.450000,1.152000,0.099884
_home_max_Documents_PhD_MAPF_LNS_MAPF_LNS_SAT_mapf-map_warehouse-20-40-10-2-2_map-_home_max_Documents_PhD_MAPF_LNS_MAPF_LNS_SAT_mapf-scen-even_scen-even_warehouse-20-40-10-2-2-even-3_scen-agents50-idx15-seed42-1761042730090,/home/max/Documents/PhD/MAPF/LNS/MAPF_LNS_SAT/mapf-map/warehouse-20-40-10-2-2.map,/home/max/Documents/PhD/MAPF/LNS/MAPF_LNS_SAT/mapf-scen-even/scen-even/warehouse-20-40-10-2-2-even-3.scen,50,15,42,1,446,5047.157000,1312,551,0.000000,0.791000,2.171000,1.687000,0.143459
_home_max_Documents_PhD_MAPF_LNS_MAPF_LNS_SAT_mapf-map_warehouse-20-40-10-2-2_map-_home_max_Documents_PhD_MAPF_LNS_MAPF_LNS_SAT_mapf-scen-even_scen-even_warehouse-20-40-10-2-2-even-3_scen-agents50-idx16-seed42-1761042735208,/home/max/Documents/PhD/MAPF/LNS/MAPF_LNS_SAT/mapf-map/warehouse-20-40-10-2-2.map,/home/max/Documents/PhD/MAPF/LNS/MAPF_LNS_SAT/mapf-scen-even/scen-even/warehouse-20-40-10-2-2-even-3.scen,50,16,42,1,445,5100.311000,1745,639,0.000000,1.327000,1.721000,1.354000,0.121441
_home_max_Documents_PhD_MAPF_LNS_MAPF_LNS_SAT_mapf-map_warehouse-20-40-10-2-2_map-_home_max_Documents_PhD_MAPF_LNS_MAPF_LNS_SAT_mapf-scen-even_scen-even_warehouse-20-40-10-2-2-even-3_scen-agents50-idx17-seed42-1761042740431,/home/max/Documents/PhD/MAPF/LNS/MAPF_LNS_SAT/mapf-map/warehouse-20-40-10-2-2.map,/home/max/Documents/PhD/MAPF/LNS/MAPF_LNS_SAT/mapf-scen-even/scen-even/warehouse-20-40-10-2-2-even-3.scen,50,17,42,1,443,4938.474000,997,412,0.003000,0.643000,1.661000,1.358000,0.111157
_home_max_Documents_PhD_MAPF_LNS_MAPF_LNS_SAT_mapf-map_warehouse-20-40-10-2-2_map-_home_max_Documents_PhD_MAPF_LNS_MAPF_LNS_SAT_mapf-scen-even_scen-even_warehouse-20-40-10-2-2-even-3_scen-agents50-idx18-seed42-1761042745447,/home/max/Documents/PhD/MAPF/LNS/MAPF_LNS_SAT/mapf-map/warehouse-20-40-10-2-2.map,/home/max/Documents/PhD/MAPF/LNS/MAPF_LNS_SAT/mapf-scen-even/scen-even/warehouse-20-40-10-2-2-even-3.scen,50,18,42,1,388,4779.337000,871,354,0.001000,0.539000,1.362000,0.980000,0.121446
_home_max_Documents_PhD_MAPF_LNS_MAPF_LNS_SAT_mapf-map_warehouse-20-40-10-2-2_map-_home_max_Documents_PhD_MAPF_LNS_MAPF_LNS_SAT_mapf-scen-even_scen-even_warehouse-20-40-10-2-2-even-4_scen-agents50-idx0-seed42-1761042750315,/home/max/Documents/PhD/MAPF/LNS/MAPF_LNS_SAT/mapf-map/warehouse-20-40-10-2-2.map,/home/max/Documents/PhD/MAPF/LNS/MAPF_LNS_SAT/mapf-scen-even/scen-even/warehouse-20-40-10-2-2-even-4.scen,50,0,42,1,453,5542.847000,2216,914,0.000000,1.310000,3.161000,2.438000,0.231880
_home_max_Documents_PhD_MAPF_LNS_MAPF_LNS_SAT_mapf-map_warehouse-20-40-10-2-2_map-_home_max_Documents_PhD_MAPF_LNS_MAPF_LNS_SAT_mapf-scen-even_scen-even_warehouse-20-40-10-2-2-even-4_scen-agents50-idx1-seed42-1761042755988,/home/max/Documents/PhD/MAPF/LNS/MAPF_LNS_SAT/mapf-map/warehouse-20-40-10-2-2.map,/home/max/Documents/PhD/MAPF/LNS/MAPF_LNS_SAT/mapf-scen-even/scen-even/warehouse-20-40-10-2-2-even-4.scen,50,1,42,1,457,4926.426000,1232,540,0.001000,0.872000,1.466000,1.049000,0.109118
_home_max_Documents_PhD_MAPF_LNS_MAPF_LNS_SAT_mapf-map_warehouse-20-40-10-2-2_map-_home_max_Documents_PhD_MAPF_LNS_MAPF_LNS_SAT_mapf-scen-even_scen-even_warehouse-20-40-10-2-2-even-4_scen-agents50-idx2-seed42-1761042760998,/home/max/Documents/PhD/MAPF/LNS/MAPF_LNS_SAT/mapf-map/warehouse-20-40-10-2-2.map,/home/max/Documents/PhD/MAPF/LNS/MAPF_LNS_SAT/mapf-scen-even/scen-even/warehouse-20-40-10-2-2-even-4.scen,50,2,42,1,464,5166.472000,325,141,0.000000,0.235000,0.774000,0.491000,0.065628
_home_max_Documents_PhD_MAPF_LNS_MAPF_LNS_SAT_mapf-map_warehouse-20-40-10-2-2_map-_home_max_Documents_PhD_MAPF_LNS_MAPF_LNS_SAT_mapf-scen-even_scen-even_warehouse-20-40-10-2-2-even-4_scen-agents50-idx3-seed42-1761042766271,/home/max/Documents/PhD/MAPF/LNS/MAPF_LNS_SAT/mapf-map/warehouse-20-40-10-2-2.map,/home/max/Documents/PhD/MAPF/LNS/MAPF_LNS_SAT/mapf-scen-even/scen-even/warehouse-20-40-10-2-2-even-4.scen,50,3,42,1,453,4928.036000,100,48,0.000000,0.061000,0.532000,0.448000,0.022782
_home_max_Documents_PhD_MAPF_LNS_MAPF_LNS_SAT_mapf-map_warehouse-20-40-10-2-2_map-_home_max_Documents_PhD_MAPF_LNS_MAPF_LNS_SAT_mapf-scen-even_scen-even_warehouse-20-40-10-2-2-even-4_scen-agents50-idx4-seed42-1761042771284,/home/max/Documents/PhD/MAPF/LNS/MAPF_LNS_SAT/mapf-map/warehouse-20-40-10-2-2.map,/home/max/Documents/PhD/MAPF/LNS/MAPF_LNS_SAT/mapf-scen-even/scen-even/warehouse-20-40-10-2-2-even-4.scen,50,4,42,1,433,4877.004000,1480,602,0.004000,0.902000,2.313000,1.788000,0.168638
_home_max_Documents_PhD_MAPF_LNS_MAPF_LNS_SAT_mapf-map_warehouse-20-40-10-2-2_map-_home_max_Documents_PhD_MAPF_LNS_MAPF_LNS_SAT_mapf-scen-even_scen-even_warehouse-20-40-10-2-2-even-4_scen-agents50-idx5-seed42-1761042776253,/home/max/Documents/PhD/MAPF/LNS/MAPF_LNS_SAT/mapf-map/warehouse-20-40-10-2-2.map,/home/max/Documents/PhD/MAPF/LNS/MAPF_LNS_SAT/mapf-scen-even/scen-even/warehouse-20-40-10-2-2-even-4.scen,50,5,42,1,463,4988.934000,1410,563,0.006000,2.240000,2.437000,1.969000,0.156632
_home_max_Documents_PhD_MAPF_LNS_MAPF_LNS_SAT_mapf-map_warehouse-20-40-10-2-2_map-_home_max_Documents_PhD_MAPF_LNS_MAPF_LNS_SAT_mapf-scen-even_scen-even_warehouse-20-40-10-2-2-even-4_scen-agents50-idx6-seed42-1761042781370,/home/max/Documents/PhD/MAPF/LNS/MAPF_LNS_SAT/mapf-map/warehouse-20-40-10-2-2.map,/home/max/Documents/PhD/MAPF/LNS/MAPF_LNS_SAT/mapf-scen-even/scen-even/warehouse-20-40-10-2-2-even-4.scen,50,6,42,1,442,4881.823000,928,379,0.001000,0.741000,1.118000,0.817000,0.089312
_home_max_Documents_PhD_MAPF_LNS_MAPF_LNS_SAT_mapf-map_warehouse-20-40-10-2-2_map-_home_max_Documents_PhD_MAPF_LNS_MAPF_LNS_SAT_mapf-scen-even_scen-even_warehouse-20-40-10-2-2-even-4_scen-agents50-idx7-seed42-1761042786329,/home/max/Documents/PhD/MAPF/LNS/MAPF_LNS_SAT/mapf-map/warehouse-20-40-10-2-2.map,/home/max/Documents/PhD/MAPF/LNS/MAPF_LNS_SAT/mapf-scen-even/scen-even/warehouse-20-40-10-2-2-even-4.scen,50,7,42,1,452,5159.910000,658,281,0.000000,0.656000,1.306000,0.843000,0.114265
_home_max_Documents_PhD_MAPF_LNS_MAPF_LNS_SAT_mapf-map_warehouse-20-40-10-2-2_map-_home_max_Documents_PhD_MAPF_LNS_MAPF_LNS_SAT_mapf-scen-even_scen-even_warehouse-20-40-10-2-2-even-4_scen-agents50-idx8-seed42-1761042791598,/home/max/Documents/PhD/MAPF/LNS/MAPF_LNS_SAT/mapf-map/warehouse-20-40-10-2-2.map,/home/max/Documents/PhD/MAPF/LNS/MAPF_LNS_SAT/mapf-scen-even/scen-even/warehouse-20-40-10-2-2-even-4.scen,50,8,42,1,452,5249.533000,1165,482,0.002000,0.701000,1.712000,1.226000,0.145470
_home_max_Documents_PhD_MAPF_LNS_MAPF_LNS_SAT_mapf-map_warehouse-20-40-10-2-2_map-_home_max_Documents_PhD_MAPF_LNS_MAPF_LNS_SAT_mapf-scen-even_scen-even_warehouse-20-40-10-2-2-even-4_scen-agents50-idx9-seed42-1761042796966,/home/max/Documents/PhD/MAPF/LNS/MAPF_LNS_SAT/mapf-map/warehouse-20-40-10-2-2.map,/home/max/Documents/PhD/MAPF/LNS/MAPF_LNS_SAT/mapf-scen-even/scen-even/warehouse-20-40-10-2-2-even-4.scen,50,9,42,1,463,5012.326000,863,348,0.000000,0.598000,1.392000,0.968000,0.102775
_home_max_Documents_PhD_MAPF_LNS_MAPF_LNS_SAT_mapf-map_warehouse-20-40-10-2-2_map-_home_max_Documents_PhD_MAPF_LNS_MAPF_LNS_SAT_mapf-scen-even_scen-even_warehouse-20-40-10-2-2-even-4_scen-agents50-idx10-seed42-1761042802083,/home/max/Documents/PhD/MAPF/LNS/MAPF_LNS_SAT/mapf-map/warehouse-20-40-10-2-2.map,/home/max/Documents/PhD/MAPF/LNS/MAPF_LNS_SAT/mapf-scen-even/scen-even/warehouse-20-40-10-2-2-even-4.scen,50,10,42,1,461,4920.838000,159,65,0.000000,0.127000,0.348000,0.222000,0.030715
_home_max_Documents_PhD_MAPF_LNS_MAPF_LNS_SAT_mapf-map_warehouse-20-40-10-2-2_map-_home_max_Documents_PhD_MAPF_LNS_MAPF_LNS_SAT_mapf-scen-even_scen-even_warehouse-20-40-10-2-2-even-4_scen-agents50-idx11-seed42-1761042807098,/home/max/Documents/PhD/MAPF/LNS/MAPF_LNS_SAT/mapf-map/warehouse-20-40-10-2-2.map,/home/max/Documents/PhD/MAPF/LNS/MAPF_LNS_SAT/mapf-scen-even/scen-even/warehouse-20-40-10-2-2-even-4.scen,50,11,42,1,464,5397.509000,2414,889,0.003000,1.512000,2.698000,2.080000,0.200940
_home_max_Documents_PhD_MAPF_LNS_MAPF_LNS_SAT_mapf-map_warehouse-20-40-10-2-2_map-_home_max_Documents_PhD_MAPF_LNS_MAPF_LNS_SAT_mapf-scen-even_scen-even_warehouse-20-40-10-2-2-even-4_scen-agents50-idx12-seed42-1761042812566,/home/max/Documents/PhD/MAPF/LNS/MAPF_LNS_SAT/mapf-map/warehouse-20-40-10-2-2.map,/home/max/Documents/PhD/MAPF/LNS/MAPF_LNS_SAT/mapf-scen-even/scen-even/warehouse-20-40-10-2-2-even-4.scen,50,12,42,1,450,5006.409000,874,374,0.001000,0.489000,1.666000,1.336000,0.091131
_home_max_Documents_PhD_MAPF_LNS_MAPF_LNS_SAT_mapf-map_warehouse-20-40-10-2-2_map-_home_max_Documents_PhD_MAPF_LNS_MAPF_LNS_SAT_mapf-scen-even_scen-even_warehouse-20-40-10-2-2-even-4_scen-agents50-idx13-seed42-1761042817689,/home/max/Documents/PhD/MAPF/LNS/MAPF_LNS_SAT/mapf-map/warehouse-20-40-10-2-2.map,/home/max/Documents/PhD/MAPF/LNS/MAPF_LNS_SAT/mapf-scen-even/scen-even/warehouse-20-40-10-2-2-even-4.scen,50,13,42,1,396,4802.478000,455,198,0.000000,0.314000,1.077000,0.790000,0.054696
_home_max_Documents_PhD_MAPF_LNS_MAPF_LNS_SAT_mapf-map_warehouse-20-40-10-2-2_map-_home_max_Documents_PhD_MAPF_LNS_MAPF_LNS_SAT_mapf-scen-even_scen-even_warehouse-20-40-10-2-2-even-4_scen-agents50-idx14-seed42-1761042822605,/home/max/Documents/PhD/MAPF/LNS/MAPF_LNS_SAT/mapf-map/warehouse-20-40-10-2-2.map,/home/max/Documents/PhD/MAPF/LNS/MAPF_LNS_SAT/mapf-scen-even/scen-even/warehouse-20-40-10-2-2-even-4.scen,50,14,42,1,437,4974.742000,404,176,0.000000,0.405000,0.698000,0.475000,0.055336
_home_max_Documents_PhD_MAPF_LNS_MAPF_LNS_SAT_mapf-map_warehouse-20-40-10-2-2_map-_home_max_Documents_PhD_MAPF_LNS_MAPF_LNS_SAT_mapf-scen-even_scen-even_warehouse-20-40-10-2-2-even-4_scen-agents50-idx15-seed42-1761042827671,/home/max/Documents/PhD/MAPF/LNS/MAPF_LNS_SAT/mapf-map/warehouse-20-40-10-2-2.map,/home/max/Documents/PhD/MAPF/LNS/MAPF_LNS_SAT/mapf-scen-even/scen-even/warehouse-20-40-10-2-2-even-4.scen,50,15,42,1,464,5083.813000,1308,550,0.000000,1.023000,2.112000,1.568000,0.130388
_home_max_Documents_PhD_MAPF_LNS_MAPF_LNS_SAT_mapf-map_warehouse-20-40-10-2-2_map-_home_max_Documents_PhD_MAPF_LNS_MAPF_LNS_SAT_mapf-scen-even_scen-even_warehouse-20-40-10-2-2-even-4_scen-agents50-idx16-seed42-1761042832838,/home/max/Documents/PhD/MAPF/LNS/MAPF_LNS_SAT/mapf-map/warehouse-20-40-10-2-2.map,/home/max/Documents/PhD/MAPF/LNS/MAPF_LNS_SAT/mapf-scen-even/scen-even/warehouse-20-40-10-2-2-even-4.scen,50,16,42,1,460,4981.824000,923,390,0.001000,0.630000,1.768000,1.425000,0.101528
_home_max_Documents_PhD_MAPF_LNS_MAPF_LNS_SAT_mapf-map_warehouse-20-40-10-2-2_map-_home_max_Documents_PhD_MAPF_LNS_MAPF_LNS_SAT_mapf-scen-even_scen-even_warehouse-20-40-10-2-2-even-4_scen-agents50-idx17-seed42-1761042837903,/home/max/Documents/PhD/MAPF/LNS/MAPF_LNS_SAT/mapf-map/warehouse-20-40-10-2-2.map,/home/max/Documents/PhD/MAPF/LNS/MAPF_LNS_SAT/mapf-scen-even/scen-even/warehouse-20-40-10-2-2-even-4.scen,50,17,42,1,460,5292.209000,1449,591,0.000000,0.978000,1.904000,1.412000,0.160656
_home_max_Documents_PhD_MAPF_LNS_MAPF_LNS_SAT_mapf-map_warehouse-20-40-10-2-2_map-_home_max_Documents_PhD_MAPF_LNS_MAPF_LNS_SAT_mapf-scen-even_scen-even_warehouse-20-40-10-2-2-even-4_scen-agents50-idx18-seed42-1761042843328,/home/max/Documents/PhD/MAPF/LNS/MAPF_LNS_SAT/mapf-map/warehouse-20-40-10-2-2.map,/home/max/Documents/PhD/MAPF/LNS/MAPF_LNS_SAT/mapf-scen-even/scen-even/warehouse-20-40-10-2-2-even-4.scen,50,18,42,1,449,5399.217000,926,383,0.000000,0.772000,1.449000,1.027000,0.115037
_home_max_Documents_PhD_MAPF_LNS_MAPF_LNS_SAT_mapf-map_warehouse-20-40-10-2-2_map-_home_max_Documents_PhD_MAPF_LNS_MAPF_LNS_SAT_mapf-scen-even_scen-even_warehouse-20-40-10-2-2-even-4_scen-agents50-idx19-seed42-1761042848846,/home/max/Documents/PhD/MAPF/LNS/MAPF_LNS_SAT/mapf-map/warehouse-20-40-10-2-2.map,/home/max/Documents/PhD/MAPF/LNS/MAPF_LNS_SAT/mapf-scen-even/scen-even/warehouse-20-40-10-2-2-even-4.scen,50,19,42,1,465,5027.108000,923,387,0.000000,0.606000,1.495000,1.206000,0.087253
_home_max_Documents_PhD_MAPF_LNS_MAPF_LNS_SAT_mapf-map_warehouse-20-40-10-2-2_map-_home_max_Documents_PhD_MAPF_LNS_MAPF_LNS_SAT_mapf-scen-even_scen-even_warehouse-20-40-10-2-2-even-5_scen-agents50-idx0-seed42-1761042853959,/home/max/Documents/PhD/MAPF/LNS/MAPF_LNS_SAT/mapf-map/warehouse-20-40-10-2-2.map,/home/max/Documents/PhD/MAPF/LNS/MAPF_LNS_SAT/mapf-scen-even/scen-even/warehouse-20-40-10-2-2-even-5.scen,50,0,42,1,466,5253.018000,861,365,0.000000,1.092000,1.438000,1.002000,0.115223
_home_max_Documents_PhD_MAPF_LNS_MAPF_LNS_SAT_mapf-map_warehouse-20-40-10-2-2_map-_home_max_Documents_PhD_MAPF_LNS_MAPF_LNS_SAT_mapf-scen-even_scen-even_warehouse-20-40-10-2-2-even-5_scen-agents50-idx1-seed42-1761042859330,/home/max/Documents/PhD/MAPF/LNS/MAPF_LNS_SAT/mapf-map/warehouse-20-40-10-2-2.map,/home/max/Documents/PhD/MAPF/LNS/MAPF_LNS_SAT/mapf-scen-even/scen-even/warehouse-20-40-10-2-2-even-5.scen,50,1,42,1,480,4872.501000,703,285,0.000000,0.516000,1.403000,1.162000,0.076185
_home_max_Documents_PhD_MAPF_LNS_MAPF_LNS_SAT_mapf-map_warehouse-20-40-10-2-2_map-_home_max_Documents_PhD_MAPF_LNS_MAPF_LNS_SAT_mapf-scen-even_scen-even_warehouse-20-40-10-2-2-even-5_scen-agents50-idx2-seed42-1761042864288,/home/max/Documents/PhD/MAPF/LNS/MAPF_LNS_SAT/mapf-map/warehouse-20-40-10-2-2.map,/home/max/Documents/PhD/MAPF/LNS/MAPF_LNS_SAT/mapf-scen-even/scen-even/warehouse-20-40-10-2-2-even-5.scen,50,2,42,1,416,4815.077000,627,270,0.000000,0.396000,1.230000,0.984000,0.075172
_home_max_Documents_PhD_MAPF_LNS_MAPF_LNS_SAT_mapf-map_warehouse-20-40-10-2-2_map-_home_max_Documents_PhD_MAPF_LNS_MAPF_LNS_SAT_mapf-scen-even_scen-even_warehouse-20-40-10-2-2-even-5_scen-agents50-idx3-seed42-1761042869209,/home/max/Documents/PhD/MAPF/LNS/MAPF_LNS_SAT/mapf-map/warehouse-20-40-10-2-2.map,/home/max/Documents/PhD/MAPF/LNS/MAPF_LNS_SAT/mapf-scen-even/scen-even/warehouse-20-40-10-2-2-even-5.scen,50,3,42,1,469,4998.411000,795,325,0.002000,0.606000,1.804000,1.394000,0.113872
_home_max_Documents_PhD_MAPF_LNS_MAPF_LNS_SAT_mapf-map_warehouse-20-40-10-2-2_map-_home_max_Documents_PhD_MAPF_LNS_MAPF_LNS_SAT_mapf-scen-even_scen-even_warehouse-20-40-10-2-2-even-5_scen-agents50-idx4-seed42-1761042874325,/home/max/Documents/PhD/MAPF/LNS/MAPF_LNS_SAT/mapf-map/warehouse-20-40-10-2-2.map,/home/max/Documents/PhD/MAPF/LNS/MAPF_LNS_SAT/mapf-scen-even/scen-even/warehouse-20-40-10-2-2-even-5.scen,50,4,42,1,472,5498.663000,1318,555,0.000000,1.028000,2.427000,1.898000,0.156747
_home_max_Documents_PhD_MAPF_LNS_MAPF_LNS_SAT_mapf-map_warehouse-20-40-10-2-2_map-_home_max_Documents_PhD_MAPF_LNS_MAPF_LNS_SAT_mapf-scen-even_scen-even_warehouse-20-40-10-2-2-even-5_scen-agents50-idx5-seed42-1761042879947,/home/max/Documents/PhD/MAPF/LNS/MAPF_LNS_SAT/mapf-map/warehouse-20-40-10-2-2.map,/home/max/Documents/PhD/MAPF/LNS/MAPF_LNS_SAT/mapf-scen-even/scen-even/warehouse-20-40-10-2-2-even-5.scen,50,5,42,1,482,4933.838000,899,384,0.000000,1.767000,1.343000,1.115000,0.085429
_home_max_Documents_PhD_MAPF_LNS_MAPF_LNS_SAT_mapf-map_warehouse-20-40-10-2-2_map-_home_max_Documents_PhD_MAPF_LNS_MAPF_LNS_SAT_mapf-scen-even_scen-even_warehouse-20-40-10-2-2-even-5_scen-agents50-idx6-seed42-1761042884951,/home/max/Documents/PhD/MAPF/LNS/MAPF_LNS_SAT/mapf-map/warehouse-20-40-10-2-2.map,/home/max/Documents/PhD/MAPF/LNS/MAPF_LNS_SAT/mapf-scen-even/scen-even/warehouse-20-40-10-2-2-even-5.scen,50,6,42,1,484,5978.575000,2632,1069,0.000000,1.808000,3.900000,3.110000,0.258917
_home_max_Documents_PhD_MAPF_LNS_MAPF_LNS_SAT_mapf-map_warehouse-20-40-10-2-2_map-_home_max_Documents_PhD_MAPF_LNS_MAPF_LNS_SAT_mapf-scen-even_scen-even_warehouse-20-40-10-2-2-even-5_scen-agents50-idx7-seed42-1761042891026,/home/max/Documents/PhD/MAPF/LNS/MAPF_LNS_SAT/mapf-map/warehouse-20-40-10-2-2.map,/home/max/Documents/PhD/MAPF/LNS/MAPF_LNS_SAT/mapf-scen-even/scen-even/warehouse-20-40-10-2-2-even-5.scen,50,7,42,1,487,5461.704000,989,407,0.001000,0.738000,1.655000,1.195000,0.147762
_home_max_Documents_PhD_MAPF_LNS_MAPF_LNS_SAT_mapf-map_warehouse-20-40-10-2-2_map-_home_max_Documents_PhD_MAPF_LNS_MAPF_LNS_SAT_mapf-scen-even_scen-even_warehouse-20-40-10-2-2-even-5_scen-agents50-idx8-seed42-1761042896592,/home/max/Documents/PhD/MAPF/LNS/MAPF_LNS_SAT/mapf-map/warehouse-20-40-10-2-2.map,/home/max/Documents/PhD/MAPF/LNS/MAPF_LNS_SAT/mapf-scen-even/scen-even/warehouse-20-40-10-2-2-even-5.scen,50,8,42,1,480,5420.306000,676,281,0.000000,0.487000,1.117000,0.766000,0.090048
_home_max_Documents_PhD_MAPF_LNS_MAPF_LNS_SAT_mapf-map_warehouse-20-40-10-2-2_map-_home_max_Documents_PhD_MAPF_LNS_MAPF_LNS_SAT_mapf-scen-even_scen-even_warehouse-20-40-10-2-2-even-5_scen-agents50-idx9-seed42-1761042902109,/home/max/Documents/PhD/MAPF/LNS/MAPF_LNS_SAT/mapf-map/warehouse-20-40-10-2-2.map,/home/max/Documents/PhD/MAPF/LNS/MAPF_LNS_SAT/mapf-scen-even/scen-even/warehouse-20-40-10-2-2-even-5.scen,50,9,42,1,477,5199.274000,1306,531,0.000000,0.848000,2.014000,1.434000,0.187281
_home_max_Documents_PhD_MAPF_LNS_MAPF_LNS_SAT_mapf-map_warehouse-20-40-10-2-2_map-_home_max_Documents_PhD_MAPF_LNS_MAPF_LNS_SAT_mapf-scen-even_scen-even_warehouse-20-40-10-2-2-even-5_scen-agents50-idx10-seed42-1761042907429,/home/max/Documents/PhD/MAPF/LNS/MAPF_LNS_SAT/mapf-map/warehouse-20-40-10-2-2.map,/home/max/Documents/PhD/MAPF/LNS/MAPF_LNS_SAT/mapf-scen-even/scen-even/warehouse-20-40-10-2-2-even-5.scen,50,10,42,1,477,4912.852000,574,257,0.000000,0.424000,1.052000,0.721000,0.083783
_home_max_Documents_PhD_MAPF_LNS_MAPF_LNS_SAT_mapf-map_warehouse-20-40-10-2-2_map-_home_max_Documents_PhD_MAPF_LNS_MAPF_LNS_SAT_mapf-scen-even_scen-even_warehouse-20-40-10-2-2-even-5_scen-agents50-idx11-seed42-1761042912448,/home/max/Documents/PhD/MAPF/LNS/MAPF_LNS_SAT/mapf-map/warehouse-20-40-10-2-2.map,/home/max/Documents/PhD/MAPF/LNS/MAPF_LNS_SAT/mapf-scen-even/scen-even/warehouse-20-40-10-2-2-even-5.scen,50,11,42,1,483,4888.771000,396,170,0.000000,0.298000,0.843000,0.545000,0.062698
_home_max_Documents_PhD_MAPF_LNS_MAPF_LNS_SAT_mapf-map_warehouse-20-40-10-2-2_map-_home_max_Documents_PhD_MAPF_LNS_MAPF_LNS_SAT_mapf-scen-even_scen-even_warehouse-20-40-10-2-2-even-5_scen-agents50-idx12-seed42-1761042917465,/home/max/Documents/PhD/MAPF/LNS/MAPF_LNS_SAT/mapf-map/warehouse-20-40-10-2-2.map,/home/max/Documents/PhD/MAPF/LNS/MAPF_LNS_SAT/mapf-scen-even/scen-even/warehouse-20-40-10-2-2-even-5.scen,50,12,42,1,486,5450.458000,1195,477,0.001000,1.052000,2.130000,1.718000,0.129217
_home_max_Documents_PhD_MAPF_LNS_MAPF_LNS_SAT_mapf-map_warehouse-20-40-10-2-2_map-_home_max_Documents_PhD_MAPF_LNS_MAPF_LNS_SAT_mapf-scen-even_scen-even_warehouse-20-40-10-2-2-even-5_scen-agents50-idx13-seed42-1761042923035,/home/max/Documents/PhD/MAPF/LNS/MAPF_LNS_SAT/mapf-map/warehouse-20-40-10-2-2.map,/home/max/Documents/PhD/MAPF/LNS/MAPF_LNS_SAT/mapf-scen-even/scen-even/warehouse-20-40-10-2-2-even-5.scen,50,13,42,1,482,5639.547000,1149,487,0.000000,0.743000,1.691000,1.189000,0.124774
_home_max_Documents_PhD_MAPF_LNS_MAPF_LNS_SAT_mapf-map_warehouse-20-40-10-2-2_map-_home_max_Documents_PhD_MAPF_LNS_MAPF_LNS_SAT_mapf-scen-even_scen-even_warehouse-20-40-10-2-2-even-5_scen-agents50-idx14-seed42-1761042928754,/home/max/Documents/PhD/MAPF/LNS/MAPF_LNS_SAT/mapf-map/warehouse-20-40-10-2-2.map,/home/max/Documents/PhD/MAPF/LNS/MAPF_LNS_SAT/mapf-scen-even/scen-even/warehouse-20-40-10-2-2-even-5.scen,50,14,42,1,485,5490.215000,891,392,0.000000,0.545000,1.246000,0.886000,0.116303
_home_max_Documents_PhD_MAPF_LNS_MAPF_LNS_SAT_mapf-map_warehouse-20-40-10-2-2_map-_home_max_Documents_PhD_MAPF_LNS_MAPF_LNS_SAT_mapf-scen-even_scen-even_warehouse-20-40-10-2-2-even-5_scen-agents50-idx15-seed42-1761042934319,/home/max/Documents/PhD/MAPF/LNS/MAPF_LNS_SAT/mapf-map/warehouse-20-40-10-2-2.map,/home/max/Documents/PhD/MAPF/LNS/MAPF_LNS_SAT/mapf-scen-even/scen-even/warehouse-20-40-10-2-2-even-5.scen,50,15,42,1,469,5333.792000,836,355,0.001000,0.667000,1.777000,1.426000,0.091249
_home_max_Documents_PhD_MAPF_LNS_MAPF_LNS_SAT_mapf-map_warehouse-20-40-10-2-2_map-_home_max_Documents_PhD_MAPF_LNS_MAPF_LNS_SAT_mapf-scen-even_scen-even_warehouse-20-40-10-2-2-even-5_scen-agents50-idx16-seed42-1761042939739,/home/max/Documents/PhD/MAPF/LNS/MAPF_LNS_SAT/mapf-map/warehouse-20-40-10-2-2.map,/home/max/Documents/PhD/MAPF/LNS/MAPF_LNS_SAT/mapf-scen-even/scen-even/warehouse-20-40-10-2-2-even-5.scen,50,16,42,1,486,5529.750000,2387,952,0.001000,1.516000,3.400000,2.615000,0.268740
_home_max_Documents_PhD_MAPF_LNS_MAPF_LNS_SAT_mapf-map_warehouse-20-40-10-2-2_map-_home_max_Documents_PhD_MAPF_LNS_MAPF_LNS_SAT_mapf-scen-even_scen-even_warehouse-20-40-10-2-2-even-5_scen-agents50-idx17-seed42-1761042945362,/home/max/Documents/PhD/MAPF/LNS/MAPF_LNS_SAT/mapf-map/warehouse-20-40-10-2-2.map,/home/max/Documents/PhD/MAPF/LNS/MAPF_LNS_SAT/mapf-scen-even/scen-even/warehouse-20-40-10-2-2-even-5.scen,50,17,42,1,483,5036.773000,664,278,0.007000,0.457000,1.340000,1.091000,0.080060
_home_max_Documents_PhD_MAPF_LNS_MAPF_LNS_SAT_mapf-map_warehouse-20-40-10-2-2_map-_home_max_Documents_PhD_MAPF_LNS_MAPF_LNS_SAT_mapf-scen-even_scen-even_warehouse-20-40-10-2-2-even-5_scen-agents50-idx18-seed42-1761042950472,/home/max/Documents/PhD/MAPF/LNS/MAPF_LNS_SAT/mapf-map/warehouse-20-40-10-2-2.map,/home/max/Documents/PhD/MAPF/LNS/MAPF_LNS_SAT/mapf-scen-even/scen-even/warehouse-20-40-10-2-2-even-5.scen,50,18,42,1,481,5493.556000,1254,497,0.000000,0.868000,2.271000,1.822000,0.141706
_home_max_Documents_PhD_MAPF_LNS_MAPF_LNS_SAT_mapf-map_warehouse-20-40-10-2-2_map-_home_max_Documents_PhD_MAPF_LNS_MAPF_LNS_SAT_mapf-scen-even_scen-even_warehouse-20-40-10-2-2-even-5_scen-agents50-idx19-seed42-1761042956092,/home/max/Documents/PhD/MAPF/LNS/MAPF_LNS_SAT/mapf-map/warehouse-20-40-10-2-2.map,/home/max/Documents/PhD/MAPF/LNS/MAPF_LNS_SAT/mapf-scen-even/scen-even/warehouse-20-40-10-2-2-even-5.scen,50,19,42,1,483,5611.767000,1425,580,0.005000,1.122000,2.151000,1.569000,0.160857
_home_max_Documents_PhD_MAPF_LNS_MAPF_LNS_SAT_mapf-map_warehouse-20-40-10-2-2_map-_home_max_Documents_PhD_MAPF_LNS_MAPF_LNS_SAT_mapf-scen-even_scen-even_warehouse-20-40-10-2-2-even-6_scen-agents50-idx0-seed42-1761042961812,/home/max/Documents/PhD/MAPF/LNS/MAPF_LNS_SAT/mapf-map/warehouse-20-40-10-2-2.map,/home/max/Documents/PhD/MAPF/LNS/MAPF_LNS_SAT/mapf-scen-even/scen-even/warehouse-20-40-10-2-2-even-6.scen,50,0,42,1,422,4636.784000,779,320,0.002000,1.752000,1.023000,0.736000,0.087965
_home_max_Documents_PhD_MAPF_LNS_MAPF_LNS_SAT_mapf-map_warehouse-20-40-10-2-2_map-_home_max_Documents_PhD_MAPF_LNS_MAPF_LNS_SAT_mapf-scen-even_scen-even_warehouse-20-40-10-2-2-even-1_scen-agents100-idx0-seed42-1761042966529,/home/max/Documents/PhD/MAPF/LNS/MAPF_LNS_SAT/mapf-map/warehouse-20-40-10-2-2.map,/home/max/Documents/PhD/MAPF/LNS/MAPF_LNS_SAT/mapf-scen-even/scen-even/warehouse-20-40-10-2-2-even-1.scen,100,0,42,1,450,11386.334000,3762,1551,0.004000,2.404000,6.172000,4.622000,0.441604
_home_max_Documents_PhD_MAPF_LNS_MAPF_LNS_SAT_mapf-map_warehouse-20-40-10-2-2_map-_home_max_Documents_PhD_MAPF_LNS_MAPF_LNS_SAT_mapf-scen-even_scen-even_warehouse-20-40-10-2-2-even-1_scen-agents100-idx1-seed42-1761042978075,/home/max/Documents/PhD/MAPF/LNS/MAPF_LNS_SAT/mapf-map/warehouse-20-40-10-2-2.map,/home/max/Documents/PhD/MAPF/LNS/MAPF_LNS_SAT/mapf-scen-even/scen-even/warehouse-20-40-10-2-2-even-1.scen,100,1,42,1,460,11534.484000,2456,1055,0.000000,1.766000,4.560000,3.223000,0.368740
_home_max_Documents_PhD_MAPF_LNS_MAPF_LNS_SAT_mapf-map_warehouse-20-40-10-2-2_map-_home_max_Documents_PhD_MAPF_LNS_MAPF_LNS_SAT_mapf-scen-even_scen-even_warehouse-20-40-10-2-2-even-1_scen-agents100-idx2-seed42-1761042989766,/home/max/Documents/PhD/MAPF/LNS/MAPF_LNS_SAT/mapf-map/warehouse-20-40-10-2-2.map,/home/max/Documents/PhD/MAPF/LNS/MAPF_LNS_SAT/mapf-scen-even/scen-even/warehouse-20-40-10-2-2-even-1.scen,100,2,42,1,460,11486.052000,3597,1518,0.003000,2.443000,5.541000,4.089000,0.408471
_home_max_Documents_PhD_MAPF_LNS_MAPF_LNS_SAT_mapf-map_warehouse-20-40-10-2-2_map-_home_max_Documents_PhD_MAPF_LNS_MAPF_LNS_SAT_mapf-scen-even_scen-even_warehouse-20-40-10-2-2-even-1_scen-agents100-idx3-seed42-1761043001411,/home/max/Documents/PhD/MAPF/LNS/MAPF_LNS_SAT/mapf-map/warehouse-20-40-10-2-2.map,/home/max/Documents/PhD/MAPF/LNS/MAPF_LNS_SAT/mapf-scen-even/scen-even/warehouse-20-40-10-2-2-even-1.scen,100,3,42,1,466,11644.197000,5787,2358,0.002000,3.550000,8.040000,5.983000,0.613658
_home_max_Documents_PhD_MAPF_LNS_MAPF_LNS_SAT_mapf-map_warehouse-20-40-10-2-2_map-_home_max_Documents_PhD_MAPF_LNS_MAPF_LNS_SAT_mapf-scen-even_scen-even_warehouse-20-40-10-2-2-even-1_scen-agents100-idx4-seed42-1761043013201,/home/max/Documents/PhD/MAPF/LNS/MAPF_LNS_SAT/mapf-map/warehouse-20-40-10-2-2.map,/home/max/Documents/PhD/MAPF/LNS/MAPF_LNS_SAT/mapf-scen-even/scen-even/warehouse-20-40-10-2-2-even-1.scen,100,4,42,1,447,10983.203000,4234,1718,0.001000,2.620000,5.882000,4.423000,0.425462
_home_max_Documents_PhD_MAPF_LNS_MAPF_LNS_SAT_mapf-map_warehouse-20-40-10-2-2_map-_home_max_Documents_PhD_MAPF_LNS_MAPF_LNS_SAT_mapf-scen-even_scen-even_warehouse-20-40-10-2-2-even-1_scen-agents100-idx5-seed42-1761043024342,/home/max/Documents/PhD/MAPF/LNS/MAPF_LNS_SAT/mapf-map/warehouse-20-40-10-2-2.map,/home/max/Documents/PhD/MAPF/LNS/MAPF_LNS_SAT/mapf-scen-even/scen-even/warehouse-20-40-10-2-2-even-1.scen,100,5,42,1,454,11576.956000,6406,2605,0.003000,3.503000,8.262000,6.207000,0.665365
_home_max_Documents_PhD_MAPF_LNS_MAPF_LNS_SAT_mapf-map_warehouse-20-40-10-2-2_map-_home_max_Documents_PhD_MAPF_LNS_MAPF_LNS_SAT_mapf-scen-even_scen-even_warehouse-20-40-10-2-2-even-1_scen-agents100-idx6-seed42-1761043036085,/home/max/Documents/PhD/MAPF/LNS/MAPF_LNS_SAT/mapf-map/warehouse-20-40-10-2-2.map,/home/max/Documents/PhD/MAPF/LNS/MAPF_LNS_SAT/mapf-scen-even/scen-even/warehouse-20-40-10-2-2-even-1.scen,100,6,42,1,462,11448.708000,6095,2102,0.005000,3.540000,7.851000,6.057000,0.630550
_home_max_Documents_PhD_MAPF_LNS_MAPF_LNS_SAT_mapf-map_warehouse-20-40-10-2-2_map-_home_max_Documents_PhD_MAPF_LNS_MAPF_LNS_SAT_mapf-scen-even_scen-even_warehouse-20-40-10-2-2-even-1_scen-agents100-idx7-seed42-1761043047669,/home/max/Documents/PhD/MAPF/LNS/MAPF_LNS_SAT/mapf-map/warehouse-20-40-10-2-2.map,/home/max/Documents/PhD/MAPF/LNS/MAPF_LNS_SAT/mapf-scen-even/scen-even/warehouse-20-40-10-2-2-even-1.scen,100,7,42,1,465,11084.264000,3376,1397,0.001000,2.107000,4.950000,3.630000,0.413909
_home_max_Documents_PhD_MAPF_LNS_MAPF_LNS_SAT_mapf-map_warehouse-20-40-10-2-2_map-_home_max_Documents_PhD_MAPF_LNS_MAPF_LNS_SAT_mapf-scen-even_scen-even_warehouse-20-40-10-2-2-even-1_scen-agents100-idx8-seed42-1761043058908,/home/max/Documents/PhD/MAPF/LNS/MAPF_LNS_SAT/mapf-map/warehouse-20-40-10-2-2.map,/home/max/Documents/PhD/MAPF/LNS/MAPF_LNS_SAT/mapf-scen-even/scen-even/warehouse-20-40-10-2-2-even-1.scen,100,8,42,1,462,11460.566000,3660,1521,0.003000,2.395000,5.354000,3.865000,0.388386
_home_max_Documents_PhD_MAPF_LNS_MAPF_LNS_SAT_mapf-map_warehouse-20-40-10-2-2_map-_home_max_Documents_PhD_MAPF_LNS_MAPF_LNS_SAT_mapf-scen-even_scen-even_warehouse-20-40-10-2-2-even-1_scen-agents100-idx9-seed42-1761043070549,/home/max/Documents/PhD/MAPF/LNS/MAPF_LNS_SAT/mapf-map/warehouse-20-40-10-2-2.map,/home/max/Documents/PhD/MAPF/LNS/MAPF_LNS_SAT/mapf-scen-even/scen-even/warehouse-20-40-10-2-2-even-1.scen,100,9,42,1,464,10566.454000,2576,1085,0.000000,1.748000,4.325000,3.297000,0.299169
_home_max_Documents_PhD_MAPF_LNS_MAPF_LNS_SAT_mapf-map_warehouse-20-40-10-2-2_map-_home_max_Documents_PhD_MAPF_LNS_MAPF_LNS_SAT_mapf-scen-even_scen-even_warehouse-20-40-10-2-2-even-2_scen-agents100-idx0-seed42-1761043081288,/home/max/Documents/PhD/MAPF/LNS/MAPF_LNS_SAT/mapf-map/warehouse-20-40-10-2-2.map,/home/max/Documents/PhD/MAPF/LNS/MAPF_LNS_SAT/mapf-scen-even/scen-even/warehouse-20-40-10-2-2-even-2.scen,100,0,42,1,465,11361.551000,3982,1632,0.004000,2.426000,5.615000,4.129000,0.440273
_home_max_Documents_PhD_MAPF_LNS_MAPF_LNS_SAT_mapf-map_warehouse-20-40-10-2-2_map-_home_max_Documents_PhD_MAPF_LNS_MAPF_LNS_SAT_mapf-scen-even_scen-even_warehouse-20-40-10-2-2-even-2_scen-agents100-idx1-seed42-1761043092777,/home/max/Documents/PhD/MAPF/LNS/MAPF_LNS_SAT/mapf-map/warehouse-20-40-10-2-2.map,/home/max/Documents/PhD/MAPF/LNS/MAPF_LNS_SAT/mapf-scen-even/scen-even/warehouse-20-40-10-2-2-even-2.scen,100,1,42,1,465,12073.993000,4268,1785,0.006000,2.744000,6.959000,5.200000,0.487543
_home_max_Documents_PhD_MAPF_LNS_MAPF_LNS_SAT_mapf-map_warehouse-20-40-10-2-2_map-_home_max_Documents_PhD_MAPF_LNS_MAPF_LNS_SAT_mapf-scen-even_scen-even_warehouse-20-40-10-2-2-even-2_scen-agents100-idx2-seed42-1761043105012,/home/max/Documents/PhD/MAPF/LNS/MAPF_LNS_SAT/mapf-map/warehouse-20-40-10-2-2.map,/home/max/Documents/PhD/MAPF/LNS/MAPF_LNS_SAT/mapf-scen-even/scen-even/warehouse-20-40-10-2-2-even-2.scen,100,2,42,1,460,11675.819000,4337,1756,0.003000,3.934000,6.190000,4.571000,0.474984
_home_max_Documents_PhD_MAPF_LNS_MAPF_LNS_SAT_mapf-map_warehouse-20-40-10-2-2_map-_home_max_Documents_PhD_MAPF_LNS_MAPF_LNS_SAT_mapf-scen-even_scen-even_warehouse-20-40-10-2-2-even-2_scen-agents100-idx3-seed42-1761043116854,/home/max/Documents/PhD/MAPF/LNS/MAPF_LNS_SAT/mapf-map/warehouse-20-40-10-2-2.map,/home/max/Documents/PhD/MAPF/LNS/MAPF_LNS_SAT/mapf-scen-even/scen-even/warehouse-20-40-10-2-2-even-2.scen,100,3,42,1,452,11087.551000,3878,1633,0.002000,2.443000,5.775000,4.314000,0.400036
_home_max_Documents_PhD_MAPF_LNS_MAPF_LNS_SAT_mapf-map_warehouse-20-40-10-2-2_map-_home_max_Documents_PhD_MAPF_LNS_MAPF_LNS_SAT_mapf-scen-even_scen-even_warehouse-20-40-10-2-2-even-2_scen-agents100-idx4-seed42-1761043128087,/home/max/Documents/PhD/MAPF/LNS/MAPF_LNS_SAT/mapf-map/warehouse-20-40-10-2-2.map,/home/max/Documents/PhD/MAPF/LNS/MAPF_LNS_SAT/mapf-scen-even/scen-even/warehouse-20-40-10-2-2-even-2.scen,100,4,42,1,464,11652.020000,4825,1946,0.003000,2.884000,6.197000,4.644000,0.509535
_home_max_Documents_PhD_MAPF_LNS_MAPF_LNS_SAT_mapf-map_warehouse-20-40-10-2-2_map-_home_max_Documents_PhD_MAPF_LNS_MAPF_LNS_SAT_mapf-scen-even_scen-even_warehouse-20-40-10-2-2-even-2_scen-agents100-idx5-seed42-1761043139878,/home/max/Documents/PhD/MAPF/LNS/MAPF_LNS_SAT/mapf-map/warehouse-20-40-10-2-2.map,/home/max/Documents/PhD/MAPF/LNS/MAPF_LNS_SAT/mapf-scen-even/scen-even/warehouse-20-40-10-2-2-even-2.scen,100,5,42,1,462,11233.777000,3464,1442,0.001000,2.066000,5.184000,3.946000,0.415986
_home_max_Documents_PhD_MAPF_LNS_MAPF_LNS_SAT_mapf-map_warehouse-20-40-10-2-2_map-_home_max_Documents_PhD_MAPF_LNS_MAPF_LNS_SAT_mapf-scen-even_scen-even_warehouse-20-40-10-2-2-even-2_scen-agents100-idx6-seed42-1761043151264,/home/max/Documents/PhD/MAPF/LNS/MAPF_LNS_SAT/mapf-map/warehouse-20-40-10-2-2.map,/home/max/Documents/PhD/MAPF/LNS/MAPF_LNS_SAT/mapf-scen-even/scen-even/warehouse-20-40-10-2-2-even-2.scen,100,6,42,1,462,11326.337000,4202,1666,0.005000,2.765000,5.591000,4.223000,0.417672
_home_max_Documents_PhD_MAPF_LNS_MAPF_LNS_SAT_mapf-map_warehouse-20-40-10-2-2_map-_home_max_Documents_PhD_MAPF_LNS_MAPF_LNS_SAT_mapf-scen-even_scen-even_warehouse-20-40-10-2-2-even-2_scen-agents100-idx7-seed42-1761043162759,/home/max/Documents/PhD/MAPF/LNS/MAPF_LNS_SAT/mapf-map/warehouse-20-40-10-2-2.map,/home/max/Documents/PhD/MAPF/LNS/MAPF_LNS_SAT/mapf-scen-even/scen-even/warehouse-20-40-10-2-2-even-2.scen,100,7,42,1,472,11281.403000,5504,2121,0.010000,3.399000,7.020000,5.318000,0.567633
_home_max_Documents_PhD_MAPF_LNS_MAPF_LNS_SAT_mapf-map_warehouse-20-40-10-2-2_map-_home_max_Documents_PhD_MAPF_LNS_MAPF_LNS_SAT_mapf-scen-even_scen-even_warehouse-20-40-10-2-2-even-2_scen-agents100-idx8-seed42-1761043174188,/home/max/Documents/PhD/MAPF/LNS/MAPF_LNS_SAT/mapf-map/warehouse-20-40-10-2-2.map,/home/max/Documents/PhD/MAPF/LNS/MAPF_LNS_SAT/mapf-scen-even/scen-even/warehouse-20-40-10-2-2-even-2.scen,100,8,42,1,467,12016.250000,5110,2115,0.006000,3.688000,8.190000,6.025000,0.579008
_home_max_Documents_PhD_MAPF_LNS_MAPF_LNS_SAT_mapf-map_warehouse-20-40-10-2-2_map-_home_max_Documents_PhD_MAPF_LNS_MAPF_LNS_SAT_mapf-scen-even_scen-even_warehouse-20-40-10-2-2-even-2_scen-agents100-idx9-seed42-1761043186378,/home/max/Documents/PhD/MAPF/LNS/MAPF_LNS_SAT/mapf-map/warehouse-20-40-10-2-2.map,/home/max/Documents/PhD/MAPF/LNS/MAPF_LNS_SAT/mapf-scen-even/scen-even/warehouse-20-40-10-2-2-even-2.scen,100,9,42,1,465,11189.559000,4027,1657,0.010000,2.663000,5.871000,4.404000,0.459171
_home_max_Documents_PhD_MAPF_LNS_MAPF_LNS_SAT_mapf-map_warehouse-20-40-10-2-2_map-_home_max_Documents_PhD_MAPF_LNS_MAPF_LNS_SAT_mapf-scen-even_scen-even_warehouse-20-40-10-2-2-even-3_scen-agents100-idx0-seed42-1761043197720,/home/max/Documents/PhD/MAPF/LNS/MAPF_LNS_SAT/mapf-map/warehouse-20-40-10-2-2.map,/home/max/Documents/PhD/MAPF/LNS/MAPF_LNS_SAT/mapf-scen-even/scen-even/warehouse-20-40-10-2-2-even-3.scen,100,0,42,1,448,11544.872000,4177,1752,0.004000,2.542000,6.073000,4.508000,0.460629
_home_max_Documents_PhD_MAPF_LNS_MAPF_LNS_SAT_mapf-map_warehouse-20-40-10-2-2_map-_home_max_Documents_PhD_MAPF_LNS_MAPF_LNS_SAT_mapf-scen-even_scen-even_warehouse-20-40-10-2-2-even-3_scen-agents100-idx1-seed42-1761043209401,/home/max/Documents/PhD/MAPF/LNS/MAPF_LNS_SAT/mapf-map/warehouse-20-40-10-2-2.map,/home/max/Documents/PhD/MAPF/LNS/MAPF_LNS_SAT/mapf-scen-even/scen-even/warehouse-20-40-10-2-2-even-3.scen,100,1,42,1,457,11336.195000,3770,1541,0.000000,2.513000,5.220000,3.837000,0.403662
_home_max_Documents_PhD_MAPF_LNS_MAPF_LNS_SAT_mapf-map_warehouse-20-40-10-2-2_map-_home_max_Documents_PhD_MAPF_LNS_MAPF_LNS_SAT_mapf-scen-even_scen-even_warehouse-20-40-10-2-2-even-3_scen-agents100-idx2-seed42-1761043220893,/home/max/Documents/PhD/MAPF/LNS/MAPF_LNS_SAT/mapf-map/warehouse-20-40-10-2-2.map,/home/max/Documents/PhD/MAPF/LNS/MAPF_LNS_SAT/mapf-scen-even/scen-even/warehouse-20-40-10-2-2-even-3.scen,100,2,42,1,454,11650.385000,3778,1584,0.017000,3.025000,6.137000,4.362000,0.491509
_home_max_Documents_PhD_MAPF_LNS_MAPF_LNS_SAT_mapf-map_warehouse-20-40-10-2-2_map-_home_max_Documents_PhD_MAPF_LNS_MAPF_LNS_SAT_mapf-scen-even_scen-even_warehouse-20-40-10-2-2-even-3_scen-agents100-idx3-seed42-1761043232735,/home/max/Documents/PhD/MAPF/LNS/MAPF_LNS_SAT/mapf-map/warehouse-20-40-10-2-2.map,/home/max/Documents/PhD/MAPF/LNS/MAPF_LNS_SAT/mapf-scen-even/scen-even/warehouse-20-40-10-2-2-even-3.scen,100,3,42,1,444,11369.612000,5198,2172,0.005000,3.645000,7.961000,5.969000,0.644856
_home_max_Documents_PhD_MAPF_LNS_MAPF_LNS_SAT_mapf-map_warehouse-20-40-10-2-2_map-_home_max_Documents_PhD_MAPF_LNS_MAPF_LNS_SAT_mapf-scen-even_scen-even_warehouse-20-40-10-2-2-even-3_scen-agents100-idx4-seed42-1761043244277,/home/max/Documents/PhD/MAPF/LNS/MAPF_LNS_SAT/mapf-map/warehouse-20-40-10-2-2.map,/home/max/Documents/PhD/MAPF/LNS/MAPF_LNS_SAT/mapf-scen-even/scen-even/warehouse-20-40-10-2-2-even-3.scen,100,4,42,1,458,11127.552000,4059,1706,0.003000,2.505000,5.843000,4.314000,0.413921
_home_max_Documents_PhD_MAPF_LNS_MAPF_LNS_SAT_mapf-map_warehouse-20-40-10-2-2_map-_home_max_Documents_PhD_MAPF_LNS_MAPF_LNS_SAT_mapf-scen-even_scen-even_warehouse-20-40-10-2-2-even-3_scen-agents100-idx5-seed42-1761043255570,/home/max/Documents/PhD/MAPF/LNS/MAPF_LNS_SAT/mapf-map/warehouse-20-40-10-2-2.map,/home/max/Documents/PhD/MAPF/LNS/MAPF_LNS_SAT/mapf-scen-even/scen-even/warehouse-20-40-10-2-2-even-3.scen,100,5,42,1,458,11092.427000,3893,1617,0.006000,2.430000,6.121000,4.658000,0.476640
_home_max_Documents_PhD_MAPF_LNS_MAPF_LNS_SAT_mapf-map_warehouse-20-40-10-2-2_map-_home_max_Documents_PhD_MAPF_LNS_MAPF_LNS_SAT_mapf-scen-even_scen-even_warehouse-20-40-10-2-2-even-3_scen-agents100-idx6-seed42-1761043266861,/home/max/Documents/PhD/MAPF/LNS/MAPF_LNS_SAT/mapf-map/warehouse-20-40-10-2-2.map,/home/max/Documents/PhD/MAPF/LNS/MAPF_LNS_SAT/mapf-scen-even/scen-even/warehouse-20-40-10-2-2-even-3.scen,100,6,42,1,455,11305.563000,1900,822,0.004000,1.768000,3.032000,2.117000,0.228731
_home_max_Documents_PhD_MAPF_LNS_MAPF_LNS_SAT_mapf-map_warehouse-20-40-10-2-2_map-_home_max_Documents_PhD_MAPF_LNS_MAPF_LNS_SAT_mapf-scen-even_scen-even_warehouse-20-40-10-2-2-even-3_scen-agents100-idx7-seed42-1761043278347,/home/max/Documents/PhD/MAPF/LNS/MAPF_LNS_SAT/mapf-map/warehouse-20-40-10-2-2.map,/home/max/Documents/PhD/MAPF/LNS/MAPF_LNS_SAT/mapf-scen-even/scen-even/warehouse-20-40-10-2-2-even-3.scen,100,7,42,1,455,11411.600000,3470,1435,0.000000,2.191000,5.789000,4.142000,0.402442
_home_max_Documents_PhD_MAPF_LNS_MAPF_LNS_SAT_mapf-map_warehouse-20-40-10-2-2_map-_home_max_Documents_PhD_MAPF_LNS_MAPF_LNS_SAT_mapf-scen-even_scen-even_warehouse-20-40-10-2-2-even-3_scen-agents100-idx8-seed42-1761043289930,/home/max/Documents/PhD/MAPF/LNS/MAPF_LNS_SAT/mapf-map/warehouse-20-40-10-2-2.map,/home/max/Documents/PhD/MAPF/LNS/MAPF_LNS_SAT/mapf-scen-even/scen-even/warehouse-20-40-10-2-2-even-3.scen,100,8,42,1,445,11507.332000,5770,2298,0.004000,3.747000,7.448000,5.625000,0.542861
_home_max_Documents_PhD_MAPF_LNS_MAPF_LNS_SAT_mapf-map_warehouse-20-40-10-2-2_map-_home_max_Documents_PhD_MAPF_LNS_MAPF_LNS_SAT_mapf-scen-even_scen-even_warehouse-20-40-10-2-2-even-4_scen-agents100-idx0-seed42-1761043301566,/home/max/Documents/PhD/MAPF/LNS/MAPF_LNS_SAT/mapf-map/warehouse-20-40-10-2-2.map,/home/max/Documents/PhD/MAPF/LNS/MAPF_LNS_SAT/mapf-scen-even/scen-even/warehouse-20-40-10-2-2-even-4.scen,100,0,42,1,457,11735.405000,4633,1926,0.001000,2.757000,6.510000,4.846000,0.492898
_home_max_Documents_PhD_MAPF_LNS_MAPF_LNS_SAT_mapf-map_warehouse-20-40-10-2-2_map-_home_max_Documents_PhD_MAPF_LNS_MAPF_LNS_SAT_mapf-scen-even_scen-even_warehouse-20-40-10-2-2-even-4_scen-agents100-idx1-seed42-1761043313460,/home/max/Documents/PhD/MAPF/LNS/MAPF_LNS_SAT/mapf-map/warehouse-20-40-10-2-2.map,/home/max/Documents/PhD/MAPF/LNS/MAPF_LNS_SAT/mapf-scen-even/scen-even/warehouse-20-40-10-2-2-even-4.scen,100,1,42,1,464,11494.930000,3952,1538,0.006000,2.225000,5.491000,4.062000,0.408820
_home_max_Documents_PhD_MAPF_LNS_MAPF_LNS_SAT_mapf-map_warehouse-20-40-10-2-2_map-_home_max_Documents_PhD_MAPF_LNS_MAPF_LNS_SAT_mapf-scen-even_scen-even_warehouse-20-40-10-2-2-even-4_scen-agents100-idx2-seed42-1761043325091,/home/max/Documents/PhD/MAPF/LNS/MAPF_LNS_SAT/mapf-map/warehouse-20-40-10-2-2.map,/home/max/Documents/PhD/MAPF/LNS/MAPF_LNS_SAT/mapf-scen-even/scen-even/warehouse-20-40-10-2-2-even-4.scen,100,2,42,1,463,11097.850000,4542,1877,0.015000,3.035000,6.833000,5.273000,0.473639
_home_max_Documents_PhD_MAPF_LNS_MAPF_LNS_SAT_mapf-map_warehouse-20-40-10-2-2_map-_home_max_Documents_PhD_MAPF_LNS_MAPF_LNS_SAT_mapf-scen-even_scen-even_warehouse-20-40-10-2-2-even-4_scen-agents100-idx3-seed42-1761043336325,/home/max/Documents/PhD/MAPF/LNS/MAPF_LNS_SAT/mapf-map/warehouse-20-40-10-2-2.map,/home/max/Documents/PhD/MAPF/LNS/MAPF_LNS_SAT/mapf-scen-even/scen-even/warehouse-20-40-10-2-2-even-4.scen,100,3,42,1,452,11203.556000,5268,2149,0.000000,3.132000,7.255000,5.476000,0.531034
_home_max_Documents_PhD_MAPF_LNS_MAPF_LNS_SAT_mapf-map_warehouse-20-40-10-2-2_map-_home_max_Documents_PhD_MAPF_LNS_MAPF_LNS_SAT_mapf-scen-even_scen-even_warehouse-20-40-10-2-2-even-4_scen-agents100-idx4-seed42-1761043347656,/home/max/Documents/PhD/MAPF/LNS/MAPF_LNS_SAT/mapf-map/warehouse-20-40-10-2-2.map,/home/max/Documents/PhD/MAPF/LNS/MAPF_LNS_SAT/mapf-scen-even/scen-even/warehouse-20-40-10-2-2-even-4.scen,100,4,42,1,463,11634.755000,5055,1885,0.013000,3.279000,7.194000,5.493000,0.490775
_home_max_Documents_PhD_MAPF_LNS_MAPF_LNS_SAT_mapf-map_warehouse-20-40-10-2-2_map-_home_max_Documents_PhD_MAPF_LNS_MAPF_LNS_SAT_mapf-scen-even_scen-even_warehouse-20-40-10-2-2-even-4_scen-agents100-idx5-seed42-1761043359447,/home/max/Documents/PhD/MAPF/LNS/MAPF_LNS_SAT/mapf-map/warehouse-20-40-10-2-2.map,/home/max/Documents/PhD/MAPF/LNS/MAPF_LNS_SAT/mapf-scen-even/scen-even/warehouse-20-40-10-2-2-even-4.scen,100,5,42,1,464,11529.247000,3245,1336,0.002000,2.136000,4.946000,3.612000,0.384294
_home_max_Documents_PhD_MAPF_LNS_MAPF_LNS_SAT_mapf-map_warehouse-20-40-10-2-2_map-_home_max_Documents_PhD_MAPF_LNS_MAPF_LNS_SAT_mapf-scen-even_scen-even_warehouse-20-40-10-2-2-even-4_scen-agents100-idx6-seed42-1761043371125,/home/max/Documents/PhD/MAPF/LNS/MAPF_LNS_SAT/mapf-map/warehouse-20-40-10-2-2.map,/home/max/Documents/PhD/MAPF/LNS/MAPF_LNS_SAT/mapf-scen-even/scen-even/warehouse-20-40-10-2-2-even-4.scen,100,6,42,1,450,10871.324000,2665,1134,0.002000,1.637000,4.521000,3.338000,0.372672
_home_max_Documents_PhD_MAPF_LNS_MAPF_LNS_SAT_mapf-map_warehouse-20-40-10-2-2_map-_home_max_Documents_PhD_MAPF_LNS_MAPF_LNS_SAT_mapf-scen-even_scen-even_warehouse-20-40-10-2-2-even-4_scen-agents100-idx7-seed42-1761043382166,/home/max/Documents/PhD/MAPF/LNS/MAPF_LNS_SAT/mapf-map/warehouse-20-40-10-2-2.map,/home/max/Documents/PhD/MAPF/LNS/MAPF_LNS_SAT/mapf-scen-even/scen-even/warehouse-20-40-10-2-2-even-4.scen,100,7,42,1,464,11103.480000,3282,1386,0.001000,2.211000,5.030000,3.535000,0.395974
_home_max_Documents_PhD_MAPF_LNS_MAPF_LNS_SAT_mapf-map_warehouse-20-40-10-2-2_map-_home_max_Documents_PhD_MAPF_LNS_MAPF_LNS_SAT_mapf-scen-even_scen-even_warehouse-20-40-10-2-2-even-4_scen-agents100-idx8-seed42-1761043393442,/home/max/Documents/PhD/MAPF/LNS/MAPF_LNS_SAT/mapf-map/warehouse-20-40-10-2-2.map,/home/max/Documents/PhD/MAPF/LNS/MAPF_LNS_SAT/mapf-scen-even/scen-even/warehouse-20-40-10-2-2-even-4.scen,100,8,42,1,460,11828.043000,5481,2258,0.005000,3.491000,7.794000,5.873000,0.656867
_home_max_Documents_PhD_MAPF_LNS_MAPF_LNS_SAT_mapf-map_warehouse-20-40-10-2-2_map-_home_max_Documents_PhD_MAPF_LNS_MAPF_LNS_SAT_mapf-scen-even_scen-even_warehouse-20-40-10-2-2-even-4_scen-agents100-idx9-seed42-1761043405432,/home/max/Documents/PhD/MAPF/LNS/MAPF_LNS_SAT/mapf-map/warehouse-20-40-10-2-2.map,/home/max/Documents/PhD/MAPF/LNS/MAPF_LNS_SAT/mapf-scen-even/scen-even/warehouse-20-40-10-2-2-even-4.scen,100,9,42,1,465,11994.920000,4347,1797,0.004000,2.951000,6.541000,4.892000,0.512518
_home_max_Documents_PhD_MAPF_LNS_MAPF_LNS_SAT_mapf-map_warehouse-20-40-10-2-2_map-_home_max_Documents_PhD_MAPF_LNS_MAPF_LNS_SAT_mapf-scen-even_scen-even_warehouse-20-40-10-2-2-even-5_scen-agents100-idx0-seed42-1761043417570,/home/max/Documents/PhD/MAPF/LNS/MAPF_LNS_SAT/mapf-map/warehouse-20-40-10-2-2.map,/home/max/Documents/PhD/MAPF/LNS/MAPF_LNS_SAT/mapf-scen-even/scen-even/warehouse-20-40-10-2-2-even-5.scen,100,0,42,1,480,11346.164000,3139,1317,0.001000,2.195000,4.745000,3.386000,0.353231
_home_max_Documents_PhD_MAPF_LNS_MAPF_LNS_SAT_mapf-map_warehouse-20-40-10-2-2_map-_home_max_Documents_PhD_MAPF_LNS_MAPF_LNS_SAT_mapf-scen-even_scen-even_warehouse-20-40-10-2-2-even-5_scen-agents100-idx1-seed42-1761043429113,/home/max/Documents/PhD/MAPF/LNS/MAPF_LNS_SAT/mapf-map/warehouse-20-40-10-2-2.map,/home/max/Documents/PhD/MAPF/LNS/MAPF_LNS_SAT/mapf-scen-even/scen-even/warehouse-20-40-10-2-2-even-5.scen,100,1,42,1,469,10830.458000,3163,1327,0.005000,2.051000,4.910000,3.588000,0.370545
_home_max_Documents_PhD_MAPF_LNS_MAPF_LNS_SAT_mapf-map_warehouse-20-40-10-2-2_map-_home_max_Documents_PhD_MAPF_LNS_MAPF_LNS_SAT_mapf-scen-even_scen-even_warehouse-20-40-10-2-2-even-5_scen-agents100-idx2-seed42-1761043440104,/home/max/Documents/PhD/MAPF/LNS/MAPF_LNS_SAT/mapf-map/warehouse-20-40-10-2-2.map,/home/max/Documents/PhD/MAPF/LNS/MAPF_LNS_SAT/mapf-scen-even/scen-even/warehouse-20-40-10-2-2-even-5.scen,100,2,42,1,482,11662.661000,3441,1432,0.004000,4.029000,5.112000,3.747000,0.423459
_home_max_Documents_PhD_MAPF_LNS_MAPF_LNS_SAT_mapf-map_warehouse-20-40-10-2-2_map-_home_max_Documents_PhD_MAPF_LNS_MAPF_LNS_SAT_mapf-scen-even_scen-even_warehouse-20-40-10-2-2-even-5_scen-agents100-idx3-seed42-1761043451944,/home/max/Documents/PhD/MAPF/LNS/MAPF_LNS_SAT/mapf-map/warehouse-20-40-10-2-2.map,/home/max/Documents/PhD/MAPF/LNS/MAPF_LNS_SAT/mapf-scen-even/scen-even/warehouse-20-40-10-2-2-even-5.scen,100,3,42,1,487,13061.031000,5930,2474,0.012000,4.032000,8.636000,6.446000,0.754105
_home_max_Documents_PhD_MAPF_LNS_MAPF_LNS_SAT_mapf-map_warehouse-20-40-10-2-2_map-_home_max_Documents_PhD_MAPF_LNS_MAPF_LNS_SAT_mapf-scen-even_scen-even_warehouse-20-40-10-2-2-even-5_scen-agents100-idx4-seed42-1761043465185,/home/max/Documents/PhD/MAPF/LNS/MAPF_LNS_SAT/mapf-map/warehouse-20-40-10-2-2.map,/home/max/Documents/PhD/MAPF/LNS/MAPF_LNS_SAT/mapf-scen-even/scen-even/warehouse-20-40-10-2-2-even-5.scen,100,4,42,1,480,12023.120000,4823,1807,0.001000,3.043000,6.296000,4.646000,0.468051
_home_max_Documents_PhD_MAPF_LNS_MAPF_LNS_SAT_mapf-map_warehouse-20-40-10-2-2_map-_home_max_Documents_PhD_MAPF_LNS_MAPF_LNS_SAT_mapf-scen-even_scen-even_warehouse-20-40-10-2-2-even-5_scen-agents100-idx5-seed42-1761043477374,/home/max/Documents/PhD/MAPF/LNS/MAPF_LNS_SAT/mapf-map/warehouse-20-40-10-2-2.map,/home/max/Documents/PhD/MAPF/LNS/MAPF_LNS_SAT/mapf-scen-even/scen-even/warehouse-20-40-10-2-2-even-5.scen,100,5,42,1,483,11146.822000,3778,1572,0.015000,2.548000,6.035000,4.405000,0.473525
_home_max_Documents_PhD_MAPF_LNS_MAPF_LNS_SAT_mapf-map_warehouse-20-40-10-2-2_map-_home_max_Documents_PhD_MAPF_LNS_MAPF_LNS_SAT_mapf-scen-even_scen-even_warehouse-20-40-10-2-2-even-5_scen-agents100-idx6-seed42-1761043488661,/home/max/Documents/PhD/MAPF/LNS/MAPF_LNS_SAT/mapf-map/warehouse-20-40-10-2-2.map,/home/max/Documents/PhD/MAPF/LNS/MAPF_LNS_SAT/mapf-scen-even/scen-even/warehouse-20-40-10-2-2-even-5.scen,100,6,42,1,486,12344.710000,4629,1946,0.002000,3.151000,6.821000,5.043000,0.518043
_home_max_Documents_PhD_MAPF_LNS_MAPF_LNS_SAT_mapf-map_warehouse-20-40-10-2-2_map-_home_max_Documents_PhD_MAPF_LNS_MAPF_LNS_SAT_mapf-scen-even_scen-even_warehouse-20-40-10-2-2-even-5_scen-agents100-idx7-seed42-1761043501160,/home/max/Documents/PhD/MAPF/LNS/MAPF_LNS_SAT/mapf-map/warehouse-20-40-10-2-2.map,/home/max/Documents/PhD/MAPF/LNS/MAPF_LNS_SAT/mapf-scen-even/scen-even/warehouse-20-40-10-2-2-even-5.scen,100,7,42,1,485,12018.558000,3459,1461,0.004000,2.591000,5.794000,4.285000,0.450746
_home_max_Documents_PhD_MAPF_LNS_MAPF_LNS_SAT_mapf-map_warehouse-20-40-10-2-2_map-_home_max_Documents_PhD_MAPF_LNS_MAPF_LNS_SAT_mapf-scen-even_scen-even_warehouse-20-40-10-2-2-even-5_scen-agents100-idx8-seed42-1761043513357,/home/max/Documents/PhD/MAPF/LNS/MAPF_LNS_SAT/mapf-map/warehouse-20-40-10-2-2.map,/home/max/Documents/PhD/MAPF/LNS/MAPF_LNS_SAT/mapf-scen-even/scen-even/warehouse-20-40-10-2-2-even-5.scen,100,8,42,1,486,12375.565000,6084,2486,0.005000,4.257000,9.478000,7.075000,0.765294
_home_max_Documents_PhD_MAPF_LNS_MAPF_LNS_SAT_mapf-map_warehouse-20-40-10-2-2_map-_home_max_Documents_PhD_MAPF_LNS_MAPF_LNS_SAT_mapf-scen-even_scen-even_warehouse-20-40-10-2-2-even-5_scen-agents100-idx9-seed42-1761043525903,/home/max/Documents/PhD/MAPF/LNS/MAPF_LNS_SAT/mapf-map/warehouse-20-40-10-2-2.map,/home/max/Documents/PhD/MAPF/LNS/MAPF_LNS_SAT/mapf-scen-even/scen-even/warehouse-20-40-10-2-2-even-5.scen,100,9,42,1,483,12996.333000,5057,2072,0.016000,4.190000,8.242000,6.126000,0.650986
_home_max_Documents_PhD_MAPF_LNS_MAPF_LNS_SAT_mapf-map_warehouse-20-40-10-2-2_map-_home_max_Documents_PhD_MAPF_LNS_MAPF_LNS_SAT_mapf-scen-even_scen-even_warehouse-20-40-10-2-2-even-6_scen-agents100-idx0-seed42-1761043539050,/home/max/Documents/PhD/MAPF/LNS/MAPF_LNS_SAT/mapf-map/warehouse-20-40-10-2-2.map,/home/max/Documents/PhD/MAPF/LNS/MAPF_LNS_SAT/mapf-scen-even/scen-even/warehouse-20-40-10-2-2-even-6.scen,100,0,42,1,428,10206.019000,3304,1391,0.002000,3.512000,4.916000,3.606000,0.408161
_home_max_Documents_PhD_MAPF_LNS_MAPF_LNS_SAT_mapf-map_warehouse-20-40-10-2-2_map-_home_max_Documents_PhD_MAPF_LNS_MAPF_LNS_SAT_mapf-scen-even_scen-even_warehouse-20-40-10-2-2-even-6_scen-agents100-idx1-seed42-1761043549439,/home/max/Documents/PhD/MAPF/LNS/MAPF_LNS_SAT/mapf-map/warehouse-20-40-10-2-2.map,/home/max/Documents/PhD/MAPF/LNS/MAPF_LNS_SAT/mapf-scen-even/scen-even/warehouse-20-40-10-2-2-even-6.scen,100,1,42,1,440,11047.363000,2293,972,0.021000,1.584000,4.506000,3.250000,0.350675
_home_max_Documents_PhD_MAPF_LNS_MAPF_LNS_SAT_mapf-map_warehouse-20-40-10-2-2_map-_home_max_Documents_PhD_MAPF_LNS_MAPF_LNS_SAT_mapf-scen-even_scen-even_warehouse-20-40-10-2-2-even-1_scen-agents200-idx0-seed42-1761043565708,/home/max/Documents/PhD/MAPF/LNS/MAPF_LNS_SAT/mapf-map/warehouse-20-40-10-2-2.map,/home/max/Documents/PhD/MAPF/LNS/MAPF_LNS_SAT/mapf-scen-even/scen-even/warehouse-20-40-10-2-2-even-1.scen,200,0,42,1,460,30292.962000,19475,6760,0.021000,12.124000,25.159000,18.799000,1.987982
_home_max_Documents_PhD_MAPF_LNS_MAPF_LNS_SAT_mapf-map_warehouse-20-40-10-2-2_map-_home_max_Documents_PhD_MAPF_LNS_MAPF_LNS_SAT_mapf-scen-even_scen-even_warehouse-20-40-10-2-2-even-1_scen-agents200-idx1-seed42-1761043596251,/home/max/Documents/PhD/MAPF/LNS/MAPF_LNS_SAT/mapf-map/warehouse-20-40-10-2-2.map,/home/max/Documents/PhD/MAPF/LNS/MAPF_LNS_SAT/mapf-scen-even/scen-even/warehouse-20-40-10-2-2-even-1.scen,200,1,42,1,466,31213.477000,18157,7349,0.034000,13.017000,27.439000,20.395000,2.261756
_home_max_Documents_PhD_MAPF_LNS_MAPF_LNS_SAT_mapf-map_warehouse-20-40-10-2-2_map-_home_max_Documents_PhD_MAPF_LNS_MAPF_LNS_SAT_mapf-scen-even_scen-even_warehouse-20-40-10-2-2-even-1_scen-agents200-idx2-seed42-1761043627712,/home/max/Documents/PhD/MAPF/LNS/MAPF_LNS_SAT/mapf-map/warehouse-20-40-10-2-2.map,/home/max/Documents/PhD/MAPF/LNS/MAPF_LNS_SAT/mapf-scen-even/scen-even/warehouse-20-40-10-2-2-even-1.scen,200,2,42,1,454,30951.263000,45942,11735,0.046000,22.562000,41.916000,33.262000,3.658312
_home_max_Documents_PhD_MAPF_LNS_MAPF_LNS_SAT_mapf-map_warehouse-20-40-10-2-2_map-_home_max_Documents_PhD_MAPF_LNS_MAPF_LNS_SAT_mapf-scen-even_scen-even_warehouse-20-40-10-2-2-even-1_scen-agents200-idx3-seed42-1761043658927,/home/max/Documents/PhD/MAPF/LNS/MAPF_LNS_SAT/mapf-map/warehouse-20-40-10-2-2.map,/home/max/Documents/PhD/MAPF/LNS/MAPF_LNS_SAT/mapf-scen-even/scen-even/warehouse-20-40-10-2-2-even-1.scen,200,3,42,1,465,30604.939000,19197,7752,0.028000,13.856000,28.298000,21.007000,2.320765
_home_max_Documents_PhD_MAPF_LNS_MAPF_LNS_SAT_mapf-map_warehouse-20-40-10-2-2_map-_home_max_Documents_PhD_MAPF_LNS_MAPF_LNS_SAT_mapf-scen-even_scen-even_warehouse-20-40-10-2-2-even-1_scen-agents200-idx4-seed42-1761043689783,/home/max/Documents/PhD/MAPF/LNS/MAPF_LNS_SAT/mapf-map/warehouse-20-40-10-2-2.map,/home/max/Documents/PhD/MAPF/LNS/MAPF_LNS_SAT/mapf-scen-even/scen-even/warehouse-20-40-10-2-2-even-1.scen,200,4,42,1,464,30351.773000,17794,7281,0.037000,12.914000,26.789000,19.868000,2.055740
_home_max_Documents_PhD_MAPF_LNS_MAPF_LNS_SAT_mapf-map_warehouse-20-40-10-2-2_map-_home_max_Documents_PhD_MAPF_LNS_MAPF_LNS_SAT_mapf-scen-even_scen-even_warehouse-20-40-10-2-2-even-2_scen-agents200-idx0-seed42-1761043720378,/home/max/Documents/PhD/MAPF/LNS/MAPF_LNS_SAT/mapf-map/warehouse-20-40-10-2-2.map,/home/max/Documents/PhD/MAPF/LNS/MAPF_LNS_SAT/mapf-scen-even/scen-even/warehouse-20-40-10-2-2-even-2.scen,200,0,42,1,465,30195.848000,13658,5622,0.037000,10.200000,22.725000,16.571000,1.827647
_home_max_Documents_PhD_MAPF_LNS_MAPF_LNS_SAT_mapf-map_warehouse-20-40-10-2-2_map-_home_max_Documents_PhD_MAPF_LNS_MAPF_LNS_SAT_mapf-scen-even_scen-even_warehouse-20-40-10-2-2-even-2_scen-agents200-idx1-seed42-1761043750827,/home/max/Documents/PhD/MAPF/LNS/MAPF_LNS_SAT/mapf-map/warehouse-20-40-10-2-2.map,/home/max/Documents/PhD/MAPF/LNS/MAPF_LNS_SAT/mapf-scen-even/scen-even/warehouse-20-40-10-2-2-even-2.scen,200,1,42,1,460,29249.496000,19206,6812,0.041000,12.322000,24.701000,18.332000,1.995827
_home_max_Documents_PhD_MAPF_LNS_MAPF_LNS_SAT_mapf-map_warehouse-20-40-10-2-2_map-_home_max_Documents_PhD_MAPF_LNS_MAPF_LNS_SAT_mapf-scen-even_scen-even_warehouse-20-40-10-2-2-even-2_scen-agents200-idx2-seed42-1761043780366,/home/max/Documents/PhD/MAPF/LNS/MAPF_LNS_SAT/mapf-map/warehouse-20-40-10-2-2.map,/home/max/Documents/PhD/MAPF/LNS/MAPF_LNS_SAT/mapf-scen-even/scen-even/warehouse-20-40-10-2-2-even-2.scen,200,2,42,1,464,31725.249000,21411,8231,0.038000,18.318000,30.747000,23.029000,2.627141
_home_max_Documents_PhD_MAPF_LNS_MAPF_LNS_SAT_mapf-map_warehouse-20-40-10-2-2_map-_home_max_Documents_PhD_MAPF_LNS_MAPF_LNS_SAT_mapf-scen-even_scen-even_warehouse-20-40-10-2-2-even-2_scen-agents200-idx3-seed42-1761043812366,/home/max/Documents/PhD/MAPF/LNS/MAPF_LNS_SAT/mapf-map/warehouse-20-40-10-2-2.map,/home/max/Documents/PhD/MAPF/LNS/MAPF_LNS_SAT/mapf-scen-even/scen-even/warehouse-20-40-10-2-2-even-2.scen,200,3,42,1,472,30458.624000,13990,5726,0.031000,10.516000,22.988000,16.872000,1.759504
_home_max_Documents_PhD_MAPF_LNS_MAPF_LNS_SAT_mapf-map_warehouse-20-40-10-2-2_map-_home_max_Documents_PhD_MAPF_LNS_MAPF_LNS_SAT_mapf-scen-even_scen-even_warehouse-20-40-10-2-2-even-2_scen-agents200-idx4-seed42-1761043843075,/home/max/Documents/PhD/MAPF/LNS/MAPF_LNS_SAT/mapf-map/warehouse-20-40-10-2-2.map,/home/max/Documents/PhD/MAPF/LNS/MAPF_LNS_SAT/mapf-scen-even/scen-even/warehouse-20-40-10-2-2-even-2.scen,200,4,42,1,467,32030.720000,23358,8575,0.047000,16.272000,31.878000,23.697000,2.901071
_home_max_Documents_PhD_MAPF_LNS_MAPF_LNS_SAT_mapf-map_warehouse-20-40-10-2-2_map-_home_max_Documents_PhD_MAPF_LNS_MAPF_LNS_SAT_mapf-scen-even_scen-even_warehouse-20-40-10-2-2-even-3_scen-agents200-idx0-seed42-1761043875397,/home/max/Documents/PhD/MAPF/LNS/MAPF_LNS_SAT/mapf-map/warehouse-20-40-10-2-2.map,/home/max/Documents/PhD/MAPF/LNS/MAPF_LNS_SAT/mapf-scen-even/scen-even/warehouse-20-40-10-2-2-even-3.scen,200,0,42,1,457,31059.135000,16900,7045,0.027000,12.588000,26.709000,19.684000,1.987491
_home_max_Documents_PhD_MAPF_LNS_MAPF_LNS_SAT_mapf-map_warehouse-20-40-10-2-2_map-_home_max_Documents_PhD_MAPF_LNS_MAPF_LNS_SAT_mapf-scen-even_scen-even_warehouse-20-40-10-2-2-even-3_scen-agents200-idx1-seed42-1761043906708,/home/max/Documents/PhD/MAPF/LNS/MAPF_LNS_SAT/mapf-map/warehouse-20-40-10-2-2.map,/home/max/Documents/PhD/MAPF/LNS/MAPF_LNS_SAT/mapf-scen-even/scen-even/warehouse-20-40-10-2-2-even-3.scen,200,1,42,1,454,32226.837000,19391,7948,0.059000,15.469000,31.121000,22.969000,2.448863
_home_max_Documents_PhD_MAPF_LNS_MAPF_LNS_SAT_mapf-map_warehouse-20-40-10-2-2_map-_home_max_Documents_PhD_MAPF_LNS_MAPF_LNS_SAT_mapf-scen-even_scen-even_warehouse-20-40-10-2-2-even-3_scen-agents200-idx2-seed42-1761043939228,/home/max/Documents/PhD/MAPF/LNS/MAPF_LNS_SAT/mapf-map/warehouse-20-40-10-2-2.map,/home/max/Documents/PhD/MAPF/LNS/MAPF_LNS_SAT/mapf-scen-even/scen-even/warehouse-20-40-10-2-2-even-3.scen,200,2,42,1,458,28020.701000,83509,8149,0.031000,35.043000,46.110000,40.617000,2.296235
_home_max_Documents_PhD_MAPF_LNS_MAPF_LNS_SAT_mapf-map_warehouse-20-40-10-2-2_map-_home_max_Documents_PhD_MAPF_LNS_MAPF_LNS_SAT_mapf-scen-even_scen-even_warehouse-20-40-10-2-2-even-3_scen-agents200-idx3-seed42-1761043967530,/home/max/Documents/PhD/MAPF/LNS/MAPF_LNS_SAT/mapf-map/warehouse-20-40-10-2-2.map,/home/max/Documents/PhD/MAPF/LNS/MAPF_LNS_SAT/mapf-scen-even/scen-even/warehouse-20-40-10-2-2-even-3.scen,200,3,42,1,455,29787.531000,17042,6420,0.026000,12.110000,24.851000,18.284000,1.988421
_home_max_Documents_PhD_MAPF_LNS_MAPF_LNS_SAT_mapf-map_warehouse-20-40-10-2-2_map-_home_max_Documents_PhD_MAPF_LNS_MAPF_LNS_SAT_mapf-scen-even_scen-even_warehouse-20-40-10-2-2-even-4_scen-agents200-idx0-seed42-1761043997576,/home/max/Documents/PhD/MAPF/LNS/MAPF_LNS_SAT/mapf-map/warehouse-20-40-10-2-2.map,/home/max/Documents/PhD/MAPF/LNS/MAPF_LNS_SAT/mapf-scen-even/scen-even/warehouse-20-40-10-2-2-even-4.scen,200,0,42,1,464,31492.536000,37146,10958,0.054000,21.959000,36.340000,28.225000,2.746921
_home_max_Documents_PhD_MAPF_LNS_MAPF_LNS_SAT_mapf-map_warehouse-20-40-10-2-2_map-_home_max_Documents_PhD_MAPF_LNS_MAPF_LNS_SAT_mapf-scen-even_scen-even_warehouse-20-40-10-2-2-even-4_scen-agents200-idx1-seed42-1761044029333,/home/max/Documents/PhD/MAPF/LNS/MAPF_LNS_SAT/mapf-map/warehouse-20-40-10-2-2.map,/home/max/Documents/PhD/MAPF/LNS/MAPF_LNS_SAT/mapf-scen-even/scen-even/warehouse-20-40-10-2-2-even-4.scen,200,1,42,1,463,29702.858000,15595,6412,0.046000,11.370000,25.840000,19.141000,2.083426
_home_max_Documents_PhD_MAPF_LNS_MAPF_LNS_SAT_mapf-map_warehouse-20-40-10-2-2_map-_home_max_Documents_PhD_MAPF_LNS_MAPF_LNS_SAT_mapf-scen-even_scen-even_warehouse-20-40-10-2-2-even-4_scen-agents200-idx2-seed42-1761044059288,/home/max/Documents/PhD/MAPF/LNS/MAPF_LNS_SAT/mapf-map/warehouse-20-40-10-2-2.map,/home/max/Documents/PhD/MAPF/LNS/MAPF_LNS_SAT/mapf-scen-even/scen-even/warehouse-20-40-10-2-2-even-4.scen,200,2,42,1,464,33015.371000,33435,11403,0.077000,20.991000,38.855000,29.628000,3.316876
_home_max_Documents_PhD_MAPF_LNS_MAPF_LNS_SAT_mapf-map_warehouse-20-40-10-2-2_map-_home_max_Documents_PhD_MAPF_LNS_MAPF_LNS_SAT_mapf-scen-even_scen-even_warehouse-20-40-10-2-2-even-4_scen-agents200-idx3-seed42-1761044092557,/home/max/Documents/PhD/MAPF/LNS/MAPF_LNS_SAT/mapf-map/warehouse-20-40-10-2-2.map,/home/max/Documents/PhD/MAPF/LNS/MAPF_LNS_SAT/mapf-scen-even/scen-even/warehouse-20-40-10-2-2-even-4.scen,200,3,42,1,464,29960.711000,18974,7341,0.053000,13.048000,27.694000,20.426000,2.219770
_home_max_Documents_PhD_MAPF_LNS_MAPF_LNS_SAT_mapf-map_warehouse-20-40-10-2-2_map-_home_max_Documents_PhD_MAPF_LNS_MAPF_LNS_SAT_mapf-scen-even_scen-even_warehouse-20-40-10-2-2-even-4_scen-agents200-idx4-seed42-1761044122799,/home/max/Documents/PhD/MAPF/LNS/MAPF_LNS_SAT/mapf-map/warehouse-20-40-10-2-2.map,/home/max/Documents/PhD/MAPF/LNS/MAPF_LNS_SAT/mapf-scen-even/scen-even/warehouse-20-40-10-2-2-even-4.scen,200,4,42,1,465,32000.706000,19142,7758,0.046000,14.900000,29.063000,21.666000,2.197087
