experiment_id,makespan_attempt,makespan,zones_attempted,zones_solved,total_waiting_attempts,total_lazy_iterations,total_cnf_clauses,total_cnf_variables,total_mdd_build_ms,total_cnf_build_ms,total_lazy_wall_ms,total_lazy_solver_wall_ms,total_lazy_solver_reported_ms,attempt_wall_ms,solved
_home_max_Documents_PhD_MAPF_LNS_MAPF_LNS_SAT_mapf-map_warehouse-10-20-10-2-2_map-_home_max_Documents_PhD_MAPF_LNS_MAPF_LNS_SAT_mapf-scen-even_scen-even_warehouse-10-20-10-2-2-even-1_scen-agents10-idx0-seed42-1761041203626,0,225,0,0,0,0,0,0,0.000000,0.000000,0.000000,0.000000,0.000000,89.893000,1
_home_max_Documents_PhD_MAPF_LNS_MAPF_LNS_SAT_mapf-map_warehouse-10-20-10-2-2_map-_home_max_Documents_PhD_MAPF_LNS_MAPF_LNS_SAT_mapf-scen-even_scen-even_warehouse-10-20-10-2-2-even-1_scen-agents10-idx1-seed42-1761041203828,0,220,0,0,0,0,0,0,0.000000,0.000000,0.000000,0.000000,0.000000,75.421000,1
_home_max_Documents_PhD_MAPF_LNS_MAPF_LNS_SAT_mapf-map_warehouse-10-20-10-2-2_map-_home_max_Documents_PhD_MAPF_LNS_MAPF_LNS_SAT_mapf-scen-even_scen-even_warehouse-10-20-10-2-2-even-1_scen-agents10-idx2-seed42-1761041204030,0,218,0,0,0,0,0,0,0.000000,0.000000,0.000000,0.000000,0.000000,68.633000,1
_home_max_Documents_PhD_MAPF_LNS_MAPF_LNS_SAT_mapf-map_warehouse-10-20-10-2-2_map-_home_max_Documents_PhD_MAPF_LNS_MAPF_LNS_SAT_mapf-scen-even_scen-even_warehouse-10-20-10-2-2-even-1_scen-agents10-idx3-seed42-1761041204227,0,173,0,0,0,0,0,0,0.000000,0.000000,0.000000,0.000000,0.000000,68.867000,1
_home_max_Documents_PhD_MAPF_LNS_MAPF_LNS_SAT_mapf-map_warehouse-10-20-10-2-2_map-_home_max_Documents_PhD_MAPF_LNS_MAPF_LNS_SAT_mapf-scen-even_scen-even_warehouse-10-20-10-2-2-even-1_scen-agents10-idx4-seed42-1761041204378,0,195,0,0,0,0,0,0,0.000000,0.000000,0.000000,0.000000,0.000000,70.879000,1
_home_max_Documents_PhD_MAPF_LNS_MAPF_LNS_SAT_mapf-map_warehouse-10-20-10-2-2_map-_home_max_Documents_PhD_MAPF_LNS_MAPF_LNS_SAT_mapf-scen-even_scen-even_warehouse-10-20-10-2-2-even-1_scen-agents10-idx5-seed42-1761041204584,0,171,0,0,0,0,0,0,0.000000,0.000000,0.000000,0.000000,0.000000,58.131000,1
_home_max_Documents_PhD_MAPF_LNS_MAPF_LNS_SAT_mapf-map_warehouse-10-20-10-2-2_map-_home_max_Documents_PhD_MAPF_LNS_MAPF_LNS_SAT_mapf-scen-even_scen-even_warehouse-10-20-10-2-2-even-1_scen-agents10-idx6-seed42-1761041204730,0,221,1,1,1,4,22,9,0.000000,0.013000,0.080000,0.055000,0.008736,78.447000,1
_home_max_Documents_PhD_MAPF_LNS_MAPF_LNS_SAT_mapf-map_warehouse-10-20-10-2-2_map-_home_max_Documents_PhD_MAPF_LNS_MAPF_LNS_SAT_mapf-scen-even_scen-even_warehouse-10-20-10-2-2-even-1_scen-agents10-idx7-seed42-1761041204933,0,183,0,0,0,0,0,0,0.000000,0.000000,0.000000,0.000000,0.000000,59.860000,1
_home_max_Documents_PhD_MAPF_LNS_MAPF_LNS_SAT_mapf-map_warehouse-10-20-10-2-2_map-_home_max_Documents_PhD_MAPF_LNS_MAPF_LNS_SAT_mapf-scen-even_scen-even_warehouse-10-20-10-2-2-even-1_scen-agents10-idx8-seed42-1761041205081,0,220,0,0,0,0,0,0,0.000000,0.000000,0.000000,0.000000,0.000000,72.358000,1
_home_max_Documents_PhD_MAPF_LNS_MAPF_LNS_SAT_mapf-map_warehouse-10-20-10-2-2_map-_home_max_Documents_PhD_MAPF_LNS_MAPF_LNS_SAT_mapf-scen-even_scen-even_warehouse-10-20-10-2-2-even-1_scen-agents10-idx9-seed42-1761041205285,0,200,0,0,0,0,0,0,0.000000,0.000000,0.000000,0.000000,0.000000,74.750000,1
_home_max_Documents_PhD_MAPF_LNS_MAPF_LNS_SAT_mapf-map_warehouse-10-20-10-2-2_map-_home_max_Documents_PhD_MAPF_LNS_MAPF_LNS_SAT_mapf-scen-even_scen-even_warehouse-10-20-10-2-2-even-1_scen-agents10-idx10-seed42-1761041205488,0,200,0,0,0,0,0,0,0.000000,0.000000,0.000000,0.000000,0.000000,74.505000,1
_home_max_Documents_PhD_MAPF_LNS_MAPF_LNS_SAT_mapf-map_warehouse-10-20-10-2-2_map-_home_max_Documents_PhD_MAPF_LNS_MAPF_LNS_SAT_mapf-scen-even_scen-even_warehouse-10-20-10-2-2-even-1_scen-agents10-idx11-seed42-1761041205688,0,185,2,2,2,5,46,19,0.000000,0.027000,0.110000,0.080000,0.011091,67.167000,1
_home_max_Documents_PhD_MAPF_LNS_MAPF_LNS_SAT_mapf-map_warehouse-10-20-10-2-2_map-_home_max_Documents_PhD_MAPF_LNS_MAPF_LNS_SAT_mapf-scen-even_scen-even_warehouse-10-20-10-2-2-even-1_scen-agents10-idx12-seed42-1761041205891,0,225,0,0,0,0,0,0,0.000000,0.000000,0.000000,0.000000,0.000000,80.500000,1
_home_max_Documents_PhD_MAPF_LNS_MAPF_LNS_SAT_mapf-map_warehouse-10-20-10-2-2_map-_home_max_Documents_PhD_MAPF_LNS_MAPF_LNS_SAT_mapf-scen-even_scen-even_warehouse-10-20-10-2-2-even-1_scen-agents10-idx13-seed42-1761041206089,0,193,1,1,1,4,22,9,0.000000,0.016000,0.126000,0.085000,0.012937,67.962000,1
_home_max_Documents_PhD_MAPF_LNS_MAPF_LNS_SAT_mapf-map_warehouse-10-20-10-2-2_map-_home_max_Documents_PhD_MAPF_LNS_MAPF_LNS_SAT_mapf-scen-even_scen-even_warehouse-10-20-10-2-2-even-1_scen-agents10-idx14-seed42-1761041206288,0,222,2,1,7,13,282,117,0.000000,0.130000,0.279000,0.219000,0.025073,78.665000,1
_home_max_Documents_PhD_MAPF_LNS_MAPF_LNS_SAT_mapf-map_warehouse-10-20-10-2-2_map-_home_max_Documents_PhD_MAPF_LNS_MAPF_LNS_SAT_mapf-scen-even_scen-even_warehouse-10-20-10-2-2-even-1_scen-agents10-idx15-seed42-1761041206493,0,214,2,1,7,13,344,128,0.000000,0.205000,0.507000,0.418000,0.036792,83.686000,1
_home_max_Documents_PhD_MAPF_LNS_MAPF_LNS_SAT_mapf-map_warehouse-10-20-10-2-2_map-_home_max_Documents_PhD_MAPF_LNS_MAPF_LNS_SAT_mapf-scen-even_scen-even_warehouse-10-20-10-2-2-even-1_scen-agents10-idx16-seed42-1761041206694,0,188,1,1,1,4,22,9,0.000000,0.014000,0.090000,0.064000,0.010397,65.800000,1
_home_max_Documents_PhD_MAPF_LNS_MAPF_LNS_SAT_mapf-map_warehouse-10-20-10-2-2_map-_home_max_Documents_PhD_MAPF_LNS_MAPF_LNS_SAT_mapf-scen-even_scen-even_warehouse-10-20-10-2-2-even-1_scen-agents10-idx17-seed42-1761041206893,0,216,1,1,1,4,22,9,0.000000,0.015000,0.117000,0.077000,0.011794,63.940000,1
_home_max_Documents_PhD_MAPF_LNS_MAPF_LNS_SAT_mapf-map_warehouse-10-20-10-2-2_map-_home_max_Documents_PhD_MAPF_LNS_MAPF_LNS_SAT_mapf-scen-even_scen-even_warehouse-10-20-10-2-2-even-1_scen-agents10-idx18-seed42-1761041207041,0,206,5,4,12,24,458,176,0.000000,0.165000,0.485000,0.365000,0.035313,79.660000,1
_home_max_Documents_PhD_MAPF_LNS_MAPF_LNS_SAT_mapf-map_warehouse-10-20-10-2-2_map-_home_max_Documents_PhD_MAPF_LNS_MAPF_LNS_SAT_mapf-scen-even_scen-even_warehouse-10-20-10-2-2-even-1_scen-agents10-idx19-seed42-1761041207245,0,211,1,1,1,2,20,9,0.000000,0.013000,0.097000,0.076000,0.010462,68.308000,1
_home_max_Documents_PhD_MAPF_LNS_MAPF_LNS_SAT_mapf-map_warehouse-10-20-10-2-2_map-_home_max_Documents_PhD_MAPF_LNS_MAPF_LNS_SAT_mapf-scen-even_scen-even_warehouse-10-20-10-2-2-even-1_scen-agents10-idx20-seed42-1761041207448,0,199,0,0,0,0,0,0,0.000000,0.000000,0.000000,0.000000,0.000000,66.954000,1
_home_max_Documents_PhD_MAPF_LNS_MAPF_LNS_SAT_mapf-map_warehouse-10-20-10-2-2_map-_home_max_Documents_PhD_MAPF_LNS_MAPF_LNS_SAT_mapf-scen-even_scen-even_warehouse-10-20-10-2-2-even-1_scen-agents10-idx21-seed42-1761041207648,0,179,1,1,2,4,48,24,0.000000,0.022000,0.125000,0.098000,0.012828,64.502000,1
_home_max_Documents_PhD_MAPF_LNS_MAPF_LNS_SAT_mapf-map_warehouse-10-20-10-2-2_map-_home_max_Documents_PhD_MAPF_LNS_MAPF_LNS_SAT_mapf-scen-even_scen-even_warehouse-10-20-10-2-2-even-1_scen-agents10-idx22-seed42-1761041207796,0,186,0,0,0,0,0,0,0.000000,0.000000,0.000000,0.000000,0.000000,65.478000,1
_home_max_Documents_PhD_MAPF_LNS_MAPF_LNS_SAT_mapf-map_warehouse-10-20-10-2-2_map-_home_max_Documents_PhD_MAPF_LNS_MAPF_LNS_SAT_mapf-scen-even_scen-even_warehouse-10-20-10-2-2-even-1_scen-agents10-idx23-seed42-1761041207946,0,141,0,0,0,0,0,0,0.000000,0.000000,0.000000,0.000000,0.000000,59.265000,1
_home_max_Documents_PhD_MAPF_LNS_MAPF_LNS_SAT_mapf-map_warehouse-10-20-10-2-2_map-_home_max_Documents_PhD_MAPF_LNS_MAPF_LNS_SAT_mapf-scen-even_scen-even_warehouse-10-20-10-2-2-even-1_scen-agents10-idx24-seed42-1761041208097,0,217,0,0,0,0,0,0,0.000000,0.000000,0.000000,0.000000,0.000000,64.103000,1
_home_max_Documents_PhD_MAPF_LNS_MAPF_LNS_SAT_mapf-map_warehouse-10-20-10-2-2_map-_home_max_Documents_PhD_MAPF_LNS_MAPF_LNS_SAT_mapf-scen-even_scen-even_warehouse-10-20-10-2-2-even-1_scen-agents10-idx25-seed42-1761041208247,0,213,2,2,4,9,113,47,0.000000,0.054000,0.189000,0.134000,0.019827,79.845000,1
_home_max_Documents_PhD_MAPF_LNS_MAPF_LNS_SAT_mapf-map_warehouse-10-20-10-2-2_map-_home_max_Documents_PhD_MAPF_LNS_MAPF_LNS_SAT_mapf-scen-even_scen-even_warehouse-10-20-10-2-2-even-1_scen-agents10-idx26-seed42-1761041208451,0,227,1,1,1,4,22,9,0.000000,0.013000,0.082000,0.059000,0.008143,71.618000,1
_home_max_Documents_PhD_MAPF_LNS_MAPF_LNS_SAT_mapf-map_warehouse-10-20-10-2-2_map-_home_max_Documents_PhD_MAPF_LNS_MAPF_LNS_SAT_mapf-scen-even_scen-even_warehouse-10-20-10-2-2-even-1_scen-agents10-idx27-seed42-1761041208652,0,182,2,2,3,5,53,25,0.000000,0.026000,0.109000,0.080000,0.011721,69.010000,1
_home_max_Documents_PhD_MAPF_LNS_MAPF_LNS_SAT_mapf-map_warehouse-10-20-10-2-2_map-_home_max_Documents_PhD_MAPF_LNS_MAPF_LNS_SAT_mapf-scen-even_scen-even_warehouse-10-20-10-2-2-even-1_scen-agents10-idx28-seed42-1761041208800,0,210,0,0,0,0,0,0,0.000000,0.000000,0.000000,0.000000,0.000000,76.408000,1
_home_max_Documents_PhD_MAPF_LNS_MAPF_LNS_SAT_mapf-map_warehouse-10-20-10-2-2_map-_home_max_Documents_PhD_MAPF_LNS_MAPF_LNS_SAT_mapf-scen-even_scen-even_warehouse-10-20-10-2-2-even-1_scen-agents10-idx29-seed42-1761041209005,0,222,0,0,0,0,0,0,0.000000,0.000000,0.000000,0.000000,0.000000,79.891000,1
_home_max_Documents_PhD_MAPF_LNS_MAPF_LNS_SAT_mapf-map_warehouse-10-20-10-2-2_map-_home_max_Documents_PhD_MAPF_LNS_MAPF_LNS_SAT_mapf-scen-even_scen-even_warehouse-10-20-10-2-2-even-1_scen-agents10-idx30-seed42-1761041209205,0,212,2,1,7,13,294,119,0.000000,0.143000,0.302000,0.235000,0.027393,63.190000,1
_home_max_Documents_PhD_MAPF_LNS_MAPF_LNS_SAT_mapf-map_warehouse-10-20-10-2-2_map-_home_max_Documents_PhD_MAPF_LNS_MAPF_LNS_SAT_mapf-scen-even_scen-even_warehouse-10-20-10-2-2-even-1_scen-agents10-idx31-seed42-1761041209352,0,221,2,1,5,9,207,82,0.000000,0.110000,0.225000,0.177000,0.016043,87.950000,1
_home_max_Documents_PhD_MAPF_LNS_MAPF_LNS_SAT_mapf-map_warehouse-10-20-10-2-2_map-_home_max_Documents_PhD_MAPF_LNS_MAPF_LNS_SAT_mapf-scen-even_scen-even_warehouse-10-20-10-2-2-even-1_scen-agents10-idx32-seed42-1761041209558,0,192,2,2,4,8,117,48,0.000000,0.069000,0.182000,0.133000,0.018380,72.860000,1
_home_max_Documents_PhD_MAPF_LNS_MAPF_LNS_SAT_mapf-map_warehouse-10-20-10-2-2_map-_home_max_Documents_PhD_MAPF_LNS_MAPF_LNS_SAT_mapf-scen-even_scen-even_warehouse-10-20-10-2-2-even-1_scen-agents10-idx33-seed42-1761041209758,0,214,0,0,0,0,0,0,0.000000,0.000000,0.000000,0.000000,0.000000,79.880000,1
_home_max_Documents_PhD_MAPF_LNS_MAPF_LNS_SAT_mapf-map_warehouse-10-20-10-2-2_map-_home_max_Documents_PhD_MAPF_LNS_MAPF_LNS_SAT_mapf-scen-even_scen-even_warehouse-10-20-10-2-2-even-1_scen-agents10-idx34-seed42-1761041209960,0,221,1,1,1,4,22,9,0.000000,0.015000,0.079000,0.055000,0.008472,78.342000,1
_home_max_Documents_PhD_MAPF_LNS_MAPF_LNS_SAT_mapf-map_warehouse-10-20-10-2-2_map-_home_max_Documents_PhD_MAPF_LNS_MAPF_LNS_SAT_mapf-scen-even_scen-even_warehouse-10-20-10-2-2-even-1_scen-agents10-idx35-seed42-1761041210158,0,209,0,0,0,0,0,0,0.000000,0.000000,0.000000,0.000000,0.000000,74.556000,1
_home_max_Documents_PhD_MAPF_LNS_MAPF_LNS_SAT_mapf-map_warehouse-10-20-10-2-2_map-_home_max_Documents_PhD_MAPF_LNS_MAPF_LNS_SAT_mapf-scen-even_scen-even_warehouse-10-20-10-2-2-even-1_scen-agents10-idx36-seed42-1761041210361,0,206,2,2,4,11,115,47,0.000000,0.054000,0.194000,0.136000,0.019702,67.739000,1
_home_max_Documents_PhD_MAPF_LNS_MAPF_LNS_SAT_mapf-map_warehouse-10-20-10-2-2_map-_home_max_Documents_PhD_MAPF_LNS_MAPF_LNS_SAT_mapf-scen-even_scen-even_warehouse-10-20-10-2-2-even-1_scen-agents10-idx37-seed42-1761041210560,0,147,2,2,4,6,76,39,0.000000,0.033000,0.126000,0.093000,0.011027,54.705000,1
_home_max_Documents_PhD_MAPF_LNS_MAPF_LNS_SAT_mapf-map_warehouse-10-20-10-2-2_map-_home_max_Documents_PhD_MAPF_LNS_MAPF_LNS_SAT_mapf-scen-even_scen-even_warehouse-10-20-10-2-2-even-1_scen-agents10-idx38-seed42-1761041210710,0,203,3,2,10,20,375,155,0.000000,0.212000,0.408000,0.305000,0.036400,83.062000,1
_home_max_Documents_PhD_MAPF_LNS_MAPF_LNS_SAT_mapf-map_warehouse-10-20-10-2-2_map-_home_max_Documents_PhD_MAPF_LNS_MAPF_LNS_SAT_mapf-scen-even_scen-even_warehouse-10-20-10-2-2-even-1_scen-agents10-idx39-seed42-1761041210917,0,218,2,1,5,9,167,73,0.000000,0.109000,0.197000,0.154000,0.014860,77.529000,1
_home_max_Documents_PhD_MAPF_LNS_MAPF_LNS_SAT_mapf-map_warehouse-10-20-10-2-2_map-_home_max_Documents_PhD_MAPF_LNS_MAPF_LNS_SAT_mapf-scen-even_scen-even_warehouse-10-20-10-2-2-even-1_scen-agents10-idx40-seed42-1761041211116,0,182,1,1,1,4,22,9,0.000000,0.011000,0.081000,0.057000,0.008745,70.395000,1
_home_max_Documents_PhD_MAPF_LNS_MAPF_LNS_SAT_mapf-map_warehouse-10-20-10-2-2_map-_home_max_Documents_PhD_MAPF_LNS_MAPF_LNS_SAT_mapf-scen-even_scen-even_warehouse-10-20-10-2-2-even-1_scen-agents10-idx41-seed42-1761041211316,0,210,1,1,3,7,93,38,0.000000,0.055000,0.147000,0.110000,0.016697,71.931000,1
_home_max_Documents_PhD_MAPF_LNS_MAPF_LNS_SAT_mapf-map_warehouse-10-20-10-2-2_map-_home_max_Documents_PhD_MAPF_LNS_MAPF_LNS_SAT_mapf-scen-even_scen-even_warehouse-10-20-10-2-2-even-1_scen-agents10-idx42-seed42-1761041211520,0,222,2,1,7,13,294,119,0.000000,0.153000,0.311000,0.248000,0.028559,78.856000,1
_home_max_Documents_PhD_MAPF_LNS_MAPF_LNS_SAT_mapf-map_warehouse-10-20-10-2-2_map-_home_max_Documents_PhD_MAPF_LNS_MAPF_LNS_SAT_mapf-scen-even_scen-even_warehouse-10-20-10-2-2-even-1_scen-agents10-idx43-seed42-1761041211721,0,179,1,1,1,2,20,9,0.000000,0.014000,0.061000,0.047000,0.008279,61.699000,1
_home_max_Documents_PhD_MAPF_LNS_MAPF_LNS_SAT_mapf-map_warehouse-10-20-10-2-2_map-_home_max_Documents_PhD_MAPF_LNS_MAPF_LNS_SAT_mapf-scen-even_scen-even_warehouse-10-20-10-2-2-even-1_scen-agents10-idx44-seed42-1761041211922,0,163,0,0,0,0,0,0,0.000000,0.000000,0.000000,0.000000,0.000000,63.700000,1
_home_max_Documents_PhD_MAPF_LNS_MAPF_LNS_SAT_mapf-map_warehouse-10-20-10-2-2_map-_home_max_Documents_PhD_MAPF_LNS_MAPF_LNS_SAT_mapf-scen-even_scen-even_warehouse-10-20-10-2-2-even-1_scen-agents10-idx45-seed42-1761041212070,0,207,0,0,0,0,0,0,0.000000,0.000000,0.000000,0.000000,0.000000,61.377000,1
_home_max_Documents_PhD_MAPF_LNS_MAPF_LNS_SAT_mapf-map_warehouse-10-20-10-2-2_map-_home_max_Documents_PhD_MAPF_LNS_MAPF_LNS_SAT_mapf-scen-even_scen-even_warehouse-10-20-10-2-2-even-1_scen-agents10-idx46-seed42-1761041212219,0,169,0,0,0,0,0,0,0.000000,0.000000,0.000000,0.000000,0.000000,58.225000,1
_home_max_Documents_PhD_MAPF_LNS_MAPF_LNS_SAT_mapf-map_warehouse-10-20-10-2-2_map-_home_max_Documents_PhD_MAPF_LNS_MAPF_LNS_SAT_mapf-scen-even_scen-even_warehouse-10-20-10-2-2-even-1_scen-agents10-idx47-seed42-1761041212371,0,130,3,2,7,13,239,103,0.000000,0.099000,0.265000,0.205000,0.019626,57.730000,1
_home_max_Documents_PhD_MAPF_LNS_MAPF_LNS_SAT_mapf-map_warehouse-10-20-10-2-2_map-_home_max_Documents_PhD_MAPF_LNS_MAPF_LNS_SAT_mapf-scen-even_scen-even_warehouse-10-20-10-2-2-even-1_scen-agents10-idx48-seed42-1761041212521,0,167,0,0,0,0,0,0,0.000000,0.000000,0.000000,0.000000,0.000000,65.125000,1
_home_max_Documents_PhD_MAPF_LNS_MAPF_LNS_SAT_mapf-map_warehouse-10-20-10-2-2_map-_home_max_Documents_PhD_MAPF_LNS_MAPF_LNS_SAT_mapf-scen-even_scen-even_warehouse-10-20-10-2-2-even-2_scen-agents10-idx0-seed42-1761041212672,0,179,3,2,6,12,188,82,0.000000,0.106000,0.240000,0.182000,0.017610,71.885000,1
_home_max_Documents_PhD_MAPF_LNS_MAPF_LNS_SAT_mapf-map_warehouse-10-20-10-2-2_map-_home_max_Documents_PhD_MAPF_LNS_MAPF_LNS_SAT_mapf-scen-even_scen-even_warehouse-10-20-10-2-2-even-2_scen-agents10-idx1-seed42-1761041212822,0,191,4,3,10,18,335,142,0.000000,0.139000,0.401000,0.305000,0.031462,74.924000,1
_home_max_Documents_PhD_MAPF_LNS_MAPF_LNS_SAT_mapf-map_warehouse-10-20-10-2-2_map-_home_max_Documents_PhD_MAPF_LNS_MAPF_LNS_SAT_mapf-scen-even_scen-even_warehouse-10-20-10-2-2-even-2_scen-agents10-idx2-seed42-1761041212972,0,206,1,1,2,3,28,15,0.000000,0.021000,0.078000,0.058000,0.009309,68.210000,1
_home_max_Documents_PhD_MAPF_LNS_MAPF_LNS_SAT_mapf-map_warehouse-10-20-10-2-2_map-_home_max_Documents_PhD_MAPF_LNS_MAPF_LNS_SAT_mapf-scen-even_scen-even_warehouse-10-20-10-2-2-even-2_scen-agents10-idx3-seed42-1761041213124,0,205,0,0,0,0,0,0,0.000000,0.000000,0.000000,0.000000,0.000000,83.605000,1
_home_max_Documents_PhD_MAPF_LNS_MAPF_LNS_SAT_mapf-map_warehouse-10-20-10-2-2_map-_home_max_Documents_PhD_MAPF_LNS_MAPF_LNS_SAT_mapf-scen-even_scen-even_warehouse-10-20-10-2-2-even-2_scen-agents10-idx4-seed42-1761041213329,0,198,0,0,0,0,0,0,0.000000,0.000000,0.000000,0.000000,0.000000,62.013000,1
_home_max_Documents_PhD_MAPF_LNS_MAPF_LNS_SAT_mapf-map_warehouse-10-20-10-2-2_map-_home_max_Documents_PhD_MAPF_LNS_MAPF_LNS_SAT_mapf-scen-even_scen-even_warehouse-10-20-10-2-2-even-2_scen-agents10-idx5-seed42-1761041213475,0,215,0,0,0,0,0,0,0.000000,0.000000,0.000000,0.000000,0.000000,69.126000,1
_home_max_Documents_PhD_MAPF_LNS_MAPF_LNS_SAT_mapf-map_warehouse-10-20-10-2-2_map-_home_max_Documents_PhD_MAPF_LNS_MAPF_LNS_SAT_mapf-scen-even_scen-even_warehouse-10-20-10-2-2-even-2_scen-agents10-idx6-seed42-1761041213624,0,156,0,0,0,0,0,0,0.000000,0.000000,0.000000,0.000000,0.000000,61.075000,1
_home_max_Documents_PhD_MAPF_LNS_MAPF_LNS_SAT_mapf-map_warehouse-10-20-10-2-2_map-_home_max_Documents_PhD_MAPF_LNS_MAPF_LNS_SAT_mapf-scen-even_scen-even_warehouse-10-20-10-2-2-even-2_scen-agents10-idx7-seed42-1761041213776,0,199,1,1,1,4,22,9,0.000000,0.010000,0.080000,0.056000,0.009416,71.715000,1
_home_max_Documents_PhD_MAPF_LNS_MAPF_LNS_SAT_mapf-map_warehouse-10-20-10-2-2_map-_home_max_Documents_PhD_MAPF_LNS_MAPF_LNS_SAT_mapf-scen-even_scen-even_warehouse-10-20-10-2-2-even-2_scen-agents10-idx8-seed42-1761041213978,0,195,1,1,1,4,22,9,0.000000,0.014000,0.082000,0.059000,0.009982,71.214000,1
_home_max_Documents_PhD_MAPF_LNS_MAPF_LNS_SAT_mapf-map_warehouse-10-20-10-2-2_map-_home_max_Documents_PhD_MAPF_LNS_MAPF_LNS_SAT_mapf-scen-even_scen-even_warehouse-10-20-10-2-2-even-2_scen-agents10-idx9-seed42-1761041214179,0,203,1,1,1,1,24,10,0.000000,0.013000,0.052000,0.044000,0.007570,73.028000,1
_home_max_Documents_PhD_MAPF_LNS_MAPF_LNS_SAT_mapf-map_warehouse-10-20-10-2-2_map-_home_max_Documents_PhD_MAPF_LNS_MAPF_LNS_SAT_mapf-scen-even_scen-even_warehouse-10-20-10-2-2-even-2_scen-agents10-idx10-seed42-1761041214329,0,203,1,1,1,4,22,9,0.000000,0.012000,0.082000,0.056000,0.008707,69.893000,1
_home_max_Documents_PhD_MAPF_LNS_MAPF_LNS_SAT_mapf-map_warehouse-10-20-10-2-2_map-_home_max_Documents_PhD_MAPF_LNS_MAPF_LNS_SAT_mapf-scen-even_scen-even_warehouse-10-20-10-2-2-even-2_scen-agents10-idx11-seed42-1761041214479,0,205,0,0,0,0,0,0,0.000000,0.000000,0.000000,0.000000,0.000000,69.470000,1
_home_max_Documents_PhD_MAPF_LNS_MAPF_LNS_SAT_mapf-map_warehouse-10-20-10-2-2_map-_home_max_Documents_PhD_MAPF_LNS_MAPF_LNS_SAT_mapf-scen-even_scen-even_warehouse-10-20-10-2-2-even-2_scen-agents10-idx12-seed42-1761041214630,0,181,0,0,0,0,0,0,0.000000,0.000000,0.000000,0.000000,0.000000,57.689000,1
_home_max_Documents_PhD_MAPF_LNS_MAPF_LNS_SAT_mapf-map_warehouse-10-20-10-2-2_map-_home_max_Documents_PhD_MAPF_LNS_MAPF_LNS_SAT_mapf-scen-even_scen-even_warehouse-10-20-10-2-2-even-2_scen-agents10-idx13-seed42-1761041214782,0,182,0,0,0,0,0,0,0.000000,0.000000,0.000000,0.000000,0.000000,64.400000,1
_home_max_Documents_PhD_MAPF_LNS_MAPF_LNS_SAT_mapf-map_warehouse-10-20-10-2-2_map-_home_max_Documents_PhD_MAPF_LNS_MAPF_LNS_SAT_mapf-scen-even_scen-even_warehouse-10-20-10-2-2-even-2_scen-agents10-idx14-seed42-1761041214931,0,186,0,0,0,0,0,0,0.000000,0.000000,0.000000,0.000000,0.000000,58.681000,1
_home_max_Documents_PhD_MAPF_LNS_MAPF_LNS_SAT_mapf-map_warehouse-10-20-10-2-2_map-_home_max_Documents_PhD_MAPF_LNS_MAPF_LNS_SAT_mapf-scen-even_scen-even_warehouse-10-20-10-2-2-even-2_scen-agents10-idx15-seed42-1761041215082,0,216,2,1,7,13,282,117,0.000000,0.138000,0.290000,0.230000,0.025755,76.846000,1
_home_max_Documents_PhD_MAPF_LNS_MAPF_LNS_SAT_mapf-map_warehouse-10-20-10-2-2_map-_home_max_Documents_PhD_MAPF_LNS_MAPF_LNS_SAT_mapf-scen-even_scen-even_warehouse-10-20-10-2-2-even-2_scen-agents10-idx16-seed42-1761041215286,0,159,0,0,0,0,0,0,0.000000,0.000000,0.000000,0.000000,0.000000,57.494000,1
_home_max_Documents_PhD_MAPF_LNS_MAPF_LNS_SAT_mapf-map_warehouse-10-20-10-2-2_map-_home_max_Documents_PhD_MAPF_LNS_MAPF_LNS_SAT_mapf-scen-even_scen-even_warehouse-10-20-10-2-2-even-2_scen-agents10-idx17-seed42-1761041215434,0,205,1,1,1,1,24,10,0.000000,0.015000,0.055000,0.046000,0.008086,77.235000,1
_home_max_Documents_PhD_MAPF_LNS_MAPF_LNS_SAT_mapf-map_warehouse-10-20-10-2-2_map-_home_max_Documents_PhD_MAPF_LNS_MAPF_LNS_SAT_mapf-scen-even_scen-even_warehouse-10-20-10-2-2-even-2_scen-agents10-idx18-seed42-1761041215641,0,158,0,0,0,0,0,0,0.000000,0.000000,0.000000,0.000000,0.000000,64.254000,1
_home_max_Documents_PhD_MAPF_LNS_MAPF_LNS_SAT_mapf-map_warehouse-10-20-10-2-2_map-_home_max_Documents_PhD_MAPF_LNS_MAPF_LNS_SAT_mapf-scen-even_scen-even_warehouse-10-20-10-2-2-even-2_scen-agents10-idx19-seed42-1761041215837,0,209,0,0,0,0,0,0,0.000000,0.000000,0.000000,0.000000,0.000000,82.498000,1
_home_max_Documents_PhD_MAPF_LNS_MAPF_LNS_SAT_mapf-map_warehouse-10-20-10-2-2_map-_home_max_Documents_PhD_MAPF_LNS_MAPF_LNS_SAT_mapf-scen-even_scen-even_warehouse-10-20-10-2-2-even-2_scen-agents10-idx20-seed42-1761041216041,0,196,0,0,0,0,0,0,0.000000,0.000000,0.000000,0.000000,0.000000,69.725000,1
_home_max_Documents_PhD_MAPF_LNS_MAPF_LNS_SAT_mapf-map_warehouse-10-20-10-2-2_map-_home_max_Documents_PhD_MAPF_LNS_MAPF_LNS_SAT_mapf-scen-even_scen-even_warehouse-10-20-10-2-2-even-2_scen-agents10-idx21-seed42-1761041216241,0,206,2,1,2,4,34,18,0.000000,0.026000,0.084000,0.060000,0.010055,83.548000,1
_home_max_Documents_PhD_MAPF_LNS_MAPF_LNS_SAT_mapf-map_warehouse-10-20-10-2-2_map-_home_max_Documents_PhD_MAPF_LNS_MAPF_LNS_SAT_mapf-scen-even_scen-even_warehouse-10-20-10-2-2-even-2_scen-agents10-idx22-seed42-1761041216444,0,173,0,0,0,0,0,0,0.000000,0.000000,0.000000,0.000000,0.000000,60.662000,1
_home_max_Documents_PhD_MAPF_LNS_MAPF_LNS_SAT_mapf-map_warehouse-10-20-10-2-2_map-_home_max_Documents_PhD_MAPF_LNS_MAPF_LNS_SAT_mapf-scen-even_scen-even_warehouse-10-20-10-2-2-even-2_scen-agents10-idx23-seed42-1761041216591,0,197,0,0,0,0,0,0,0.000000,0.000000,0.000000,0.000000,0.000000,59.229000,1
_home_max_Documents_PhD_MAPF_LNS_MAPF_LNS_SAT_mapf-map_warehouse-10-20-10-2-2_map-_home_max_Documents_PhD_MAPF_LNS_MAPF_LNS_SAT_mapf-scen-even_scen-even_warehouse-10-20-10-2-2-even-2_scen-agents10-idx24-seed42-1761041216741,0,192,2,1,7,13,344,128,0.000000,0.150000,0.323000,0.260000,0.027888,70.196000,1
_home_max_Documents_PhD_MAPF_LNS_MAPF_LNS_SAT_mapf-map_warehouse-10-20-10-2-2_map-_home_max_Documents_PhD_MAPF_LNS_MAPF_LNS_SAT_mapf-scen-even_scen-even_warehouse-10-20-10-2-2-even-2_scen-agents10-idx25-seed42-1761041216892,0,162,1,1,2,3,28,15,0.000000,0.017000,0.069000,0.054000,0.009756,54.810000,1
_home_max_Documents_PhD_MAPF_LNS_MAPF_LNS_SAT_mapf-map_warehouse-10-20-10-2-2_map-_home_max_Documents_PhD_MAPF_LNS_MAPF_LNS_SAT_mapf-scen-even_scen-even_warehouse-10-20-10-2-2-even-2_scen-agents10-idx26-seed42-1761041217046,0,159,0,0,0,0,0,0,0.000000,0.000000,0.000000,0.000000,0.000000,61.104000,1
_home_max_Documents_PhD_MAPF_LNS_MAPF_LNS_SAT_mapf-map_warehouse-10-20-10-2-2_map-_home_max_Documents_PhD_MAPF_LNS_MAPF_LNS_SAT_mapf-scen-even_scen-even_warehouse-10-20-10-2-2-even-2_scen-agents10-idx27-seed42-1761041217193,0,149,1,1,1,4,22,9,0.000000,0.012000,0.076000,0.050000,0.009130,62.110000,1
_home_max_Documents_PhD_MAPF_LNS_MAPF_LNS_SAT_mapf-map_warehouse-10-20-10-2-2_map-_home_max_Documents_PhD_MAPF_LNS_MAPF_LNS_SAT_mapf-scen-even_scen-even_warehouse-10-20-10-2-2-even-2_scen-agents10-idx28-seed42-1761041217343,0,169,2,1,7,14,267,109,0.000000,0.103000,0.363000,0.289000,0.026315,62.883000,1
_home_max_Documents_PhD_MAPF_LNS_MAPF_LNS_SAT_mapf-map_warehouse-10-20-10-2-2_map-_home_max_Documents_PhD_MAPF_LNS_MAPF_LNS_SAT_mapf-scen-even_scen-even_warehouse-10-20-10-2-2-even-2_scen-agents10-idx29-seed42-1761041217494,0,193,0,0,0,0,0,0,0.000000,0.000000,0.000000,0.000000,0.000000,66.509000,1
_home_max_Documents_PhD_MAPF_LNS_MAPF_LNS_SAT_mapf-map_warehouse-10-20-10-2-2_map-_home_max_Documents_PhD_MAPF_LNS_MAPF_LNS_SAT_mapf-scen-even_scen-even_warehouse-10-20-10-2-2-even-2_scen-agents10-idx30-seed42-1761041217645,0,195,0,0,0,0,0,0,0.000000,0.000000,0.000000,0.000000,0.000000,68.964000,1
_home_max_Documents_PhD_MAPF_LNS_MAPF_LNS_SAT_mapf-map_warehouse-10-20-10-2-2_map-_home_max_Documents_PhD_MAPF_LNS_MAPF_LNS_SAT_mapf-scen-even_scen-even_warehouse-10-20-10-2-2-even-2_scen-agents10-idx31-seed42-1761041217795,0,202,2,1,5,9,167,73,0.000000,0.088000,0.193000,0.147000,0.014052,77.874000,1
_home_max_Documents_PhD_MAPF_LNS_MAPF_LNS_SAT_mapf-map_warehouse-10-20-10-2-2_map-_home_max_Documents_PhD_MAPF_LNS_MAPF_LNS_SAT_mapf-scen-even_scen-even_warehouse-10-20-10-2-2-even-2_scen-agents10-idx32-seed42-1761041217998,0,180,1,1,2,3,180,80,0.000000,0.076000,0.159000,0.132000,0.016509,64.731000,1
_home_max_Documents_PhD_MAPF_LNS_MAPF_LNS_SAT_mapf-map_warehouse-10-20-10-2-2_map-_home_max_Documents_PhD_MAPF_LNS_MAPF_LNS_SAT_mapf-scen-even_scen-even_warehouse-10-20-10-2-2-even-2_scen-agents10-idx33-seed42-1761041218200,0,181,3,3,6,11,146,64,0.000000,0.066000,0.221000,0.160000,0.021043,72.235000,1
_home_max_Documents_PhD_MAPF_LNS_MAPF_LNS_SAT_mapf-map_warehouse-10-20-10-2-2_map-_home_max_Documents_PhD_MAPF_LNS_MAPF_LNS_SAT_mapf-scen-even_scen-even_warehouse-10-20-10-2-2-even-2_scen-agents10-idx34-seed42-1761041218346,0,172,0,0,0,0,0,0,0.000000,0.000000,0.000000,0.000000,0.000000,61.925000,1
_home_max_Documents_PhD_MAPF_LNS_MAPF_LNS_SAT_mapf-map_warehouse-10-20-10-2-2_map-_home_max_Documents_PhD_MAPF_LNS_MAPF_LNS_SAT_mapf-scen-even_scen-even_warehouse-10-20-10-2-2-even-2_scen-agents10-idx35-seed42-1761041218498,0,193,2,2,2,3,38,19,0.000000,0.024000,0.090000,0.067000,0.010390,72.881000,1
_home_max_Documents_PhD_MAPF_LNS_MAPF_LNS_SAT_mapf-map_warehouse-10-20-10-2-2_map-_home_max_Documents_PhD_MAPF_LNS_MAPF_LNS_SAT_mapf-scen-even_scen-even_warehouse-10-20-10-2-2-even-2_scen-agents10-idx36-seed42-1761041218703,0,215,0,0,0,0,0,0,0.000000,0.000000,0.000000,0.000000,0.000000,69.245000,1
_home_max_Documents_PhD_MAPF_LNS_MAPF_LNS_SAT_mapf-map_warehouse-10-20-10-2-2_map-_home_max_Documents_PhD_MAPF_LNS_MAPF_LNS_SAT_mapf-scen-even_scen-even_warehouse-10-20-10-2-2-even-2_scen-agents10-idx37-seed42-1761041218903,0,183,1,1,1,1,12,7,0.000000,0.009000,0.047000,0.038000,0.007391,71.759000,1
_home_max_Documents_PhD_MAPF_LNS_MAPF_LNS_SAT_mapf-map_warehouse-10-20-10-2-2_map-_home_max_Documents_PhD_MAPF_LNS_MAPF_LNS_SAT_mapf-scen-even_scen-even_warehouse-10-20-10-2-2-even-2_scen-agents10-idx38-seed42-1761041219103,0,207,0,0,0,0,0,0,0.000000,0.000000,0.000000,0.000000,0.000000,68.727000,1
_home_max_Documents_PhD_MAPF_LNS_MAPF_LNS_SAT_mapf-map_warehouse-10-20-10-2-2_map-_home_max_Documents_PhD_MAPF_LNS_MAPF_LNS_SAT_mapf-scen-even_scen-even_warehouse-10-20-10-2-2-even-2_scen-agents10-idx39-seed42-1761041219301,0,209,3,2,8,17,304,126,0.000000,0.149000,0.348000,0.263000,0.028669,82.832000,1
_home_max_Documents_PhD_MAPF_LNS_MAPF_LNS_SAT_mapf-map_warehouse-10-20-10-2-2_map-_home_max_Documents_PhD_MAPF_LNS_MAPF_LNS_SAT_mapf-scen-even_scen-even_warehouse-10-20-10-2-2-even-2_scen-agents10-idx40-seed42-1761041219506,0,207,3,3,5,12,149,65,0.000000,0.074000,0.235000,0.170000,0.022068,89.065000,1
_home_max_Documents_PhD_MAPF_LNS_MAPF_LNS_SAT_mapf-map_warehouse-10-20-10-2-2_map-_home_max_Documents_PhD_MAPF_LNS_MAPF_LNS_SAT_mapf-scen-even_scen-even_warehouse-10-20-10-2-2-even-2_scen-agents10-idx41-seed42-1761041219708,0,198,3,2,7,15,254,104,0.000000,0.124000,0.299000,0.223000,0.019971,77.802000,1
_home_max_Documents_PhD_MAPF_LNS_MAPF_LNS_SAT_mapf-map_warehouse-10-20-10-2-2_map-_home_max_Documents_PhD_MAPF_LNS_MAPF_LNS_SAT_mapf-scen-even_scen-even_warehouse-10-20-10-2-2-even-2_scen-agents10-idx42-seed42-1761041219906,0,188,0,0,0,0,0,0,0.000000,0.000000,0.000000,0.000000,0.000000,59.517000,1
_home_max_Documents_PhD_MAPF_LNS_MAPF_LNS_SAT_mapf-map_warehouse-10-20-10-2-2_map-_home_max_Documents_PhD_MAPF_LNS_MAPF_LNS_SAT_mapf-scen-even_scen-even_warehouse-10-20-10-2-2-even-2_scen-agents10-idx43-seed42-1761041220056,0,214,2,2,3,4,104,53,0.000000,0.067000,0.134000,0.106000,0.015196,73.095000,1
_home_max_Documents_PhD_MAPF_LNS_MAPF_LNS_SAT_mapf-map_warehouse-10-20-10-2-2_map-_home_max_Documents_PhD_MAPF_LNS_MAPF_LNS_SAT_mapf-scen-even_scen-even_warehouse-10-20-10-2-2-even-2_scen-agents10-idx44-seed42-1761041220260,0,198,0,0,0,0,0,0,0.000000,0.000000,0.000000,0.000000,0.000000,73.961000,1
_home_max_Documents_PhD_MAPF_LNS_MAPF_LNS_SAT_mapf-map_warehouse-10-20-10-2-2_map-_home_max_Documents_PhD_MAPF_LNS_MAPF_LNS_SAT_mapf-scen-even_scen-even_warehouse-10-20-10-2-2-even-2_scen-agents10-idx45-seed42-1761041220460,0,198,0,0,0,0,0,0,0.000000,0.000000,0.000000,0.000000,0.000000,77.535000,1
_home_max_Documents_PhD_MAPF_LNS_MAPF_LNS_SAT_mapf-map_warehouse-10-20-10-2-2_map-_home_max_Documents_PhD_MAPF_LNS_MAPF_LNS_SAT_mapf-scen-even_scen-even_warehouse-10-20-10-2-2-even-2_scen-agents10-idx46-seed42-1761041220661,0,211,0,0,0,0,0,0,0.000000,0.000000,0.000000,0.000000,0.000000,68.015000,1
_home_max_Documents_PhD_MAPF_LNS_MAPF_LNS_SAT_mapf-map_warehouse-10-20-10-2-2_map-_home_max_Documents_PhD_MAPF_LNS_MAPF_LNS_SAT_mapf-scen-even_scen-even_warehouse-10-20-10-2-2-even-3_scen-agents10-idx0-seed42-1761041220864,0,208,3,2,7,11,293,122,0.000000,0.112000,0.282000,0.225000,0.019712,85.657000,1
_home_max_Documents_PhD_MAPF_LNS_MAPF_LNS_SAT_mapf-map_warehouse-10-20-10-2-2_map-_home_max_Documents_PhD_MAPF_LNS_MAPF_LNS_SAT_mapf-scen-even_scen-even_warehouse-10-20-10-2-2-even-3_scen-agents10-idx1-seed42-1761041221065,0,122,2,1,5,8,170,75,0.000000,0.067000,0.182000,0.147000,0.014327,54.553000,1
_home_max_Documents_PhD_MAPF_LNS_MAPF_LNS_SAT_mapf-map_warehouse-10-20-10-2-2_map-_home_max_Documents_PhD_MAPF_LNS_MAPF_LNS_SAT_mapf-scen-even_scen-even_warehouse-10-20-10-2-2-even-3_scen-agents10-idx2-seed42-1761041221212,0,214,0,0,0,0,0,0,0.000000,0.000000,0.000000,0.000000,0.000000,64.342000,1
_home_max_Documents_PhD_MAPF_LNS_MAPF_LNS_SAT_mapf-map_warehouse-10-20-10-2-2_map-_home_max_Documents_PhD_MAPF_LNS_MAPF_LNS_SAT_mapf-scen-even_scen-even_warehouse-10-20-10-2-2-even-3_scen-agents10-idx3-seed42-1761041221415,0,195,2,1,5,9,167,73,0.000000,0.079000,0.200000,0.149000,0.014138,69.673000,1
_home_max_Documents_PhD_MAPF_LNS_MAPF_LNS_SAT_mapf-map_warehouse-10-20-10-2-2_map-_home_max_Documents_PhD_MAPF_LNS_MAPF_LNS_SAT_mapf-scen-even_scen-even_warehouse-10-20-10-2-2-even-1_scen-agents20-idx0-seed42-1761041221566,0,225,5,5,9,19,234,103,0.000000,0.127000,0.333000,0.233000,0.025768,181.287000,1
_home_max_Documents_PhD_MAPF_LNS_MAPF_LNS_SAT_mapf-map_warehouse-10-20-10-2-2_map-_home_max_Documents_PhD_MAPF_LNS_MAPF_LNS_SAT_mapf-scen-even_scen-even_warehouse-10-20-10-2-2-even-1_scen-agents20-idx1-seed42-1761041221920,0,218,2,2,2,5,41,18,0.000000,0.025000,0.113000,0.079000,0.010957,154.039000,1
_home_max_Documents_PhD_MAPF_LNS_MAPF_LNS_SAT_mapf-map_warehouse-10-20-10-2-2_map-_home_max_Documents_PhD_MAPF_LNS_MAPF_LNS_SAT_mapf-scen-even_scen-even_warehouse-10-20-10-2-2-even-1_scen-agents20-idx2-seed42-1761041222273,0,195,2,2,4,11,115,47,0.000000,0.060000,0.197000,0.137000,0.020436,140.815000,1
_home_max_Documents_PhD_MAPF_LNS_MAPF_LNS_SAT_mapf-map_warehouse-10-20-10-2-2_map-_home_max_Documents_PhD_MAPF_LNS_MAPF_LNS_SAT_mapf-scen-even_scen-even_warehouse-10-20-10-2-2-even-1_scen-agents20-idx3-seed42-1761041222620,0,221,2,2,4,11,127,49,0.000000,0.064000,0.202000,0.142000,0.019292,151.269000,1
_home_max_Documents_PhD_MAPF_LNS_MAPF_LNS_SAT_mapf-map_warehouse-10-20-10-2-2_map-_home_max_Documents_PhD_MAPF_LNS_MAPF_LNS_SAT_mapf-scen-even_scen-even_warehouse-10-20-10-2-2-even-1_scen-agents20-idx4-seed42-1761041222974,0,220,0,0,0,0,0,0,0.000000,0.000000,0.000000,0.000000,0.000000,150.094000,1
_home_max_Documents_PhD_MAPF_LNS_MAPF_LNS_SAT_mapf-map_warehouse-10-20-10-2-2_map-_home_max_Documents_PhD_MAPF_LNS_MAPF_LNS_SAT_mapf-scen-even_scen-even_warehouse-10-20-10-2-2-even-1_scen-agents20-idx5-seed42-1761041223325,0,200,1,1,1,4,22,9,0.000000,0.015000,0.081000,0.056000,0.009770,147.445000,1
_home_max_Documents_PhD_MAPF_LNS_MAPF_LNS_SAT_mapf-map_warehouse-10-20-10-2-2_map-_home_max_Documents_PhD_MAPF_LNS_MAPF_LNS_SAT_mapf-scen-even_scen-even_warehouse-10-20-10-2-2-even-1_scen-agents20-idx6-seed42-1761041223623,0,225,4,4,4,13,90,37,0.000000,0.043000,0.209000,0.137000,0.016085,163.831000,1
_home_max_Documents_PhD_MAPF_LNS_MAPF_LNS_SAT_mapf-map_warehouse-10-20-10-2-2_map-_home_max_Documents_PhD_MAPF_LNS_MAPF_LNS_SAT_mapf-scen-even_scen-even_warehouse-10-20-10-2-2-even-1_scen-agents20-idx7-seed42-1761041223977,0,222,5,3,15,27,588,244,0.000000,0.304000,0.585000,0.459000,0.046617,171.028000,1
_home_max_Documents_PhD_MAPF_LNS_MAPF_LNS_SAT_mapf-map_warehouse-10-20-10-2-2_map-_home_max_Documents_PhD_MAPF_LNS_MAPF_LNS_SAT_mapf-scen-even_scen-even_warehouse-10-20-10-2-2-even-1_scen-agents20-idx8-seed42-1761041224327,0,216,5,4,8,18,2111,800,0.000000,1.665000,1.200000,0.941000,0.060998,151.219000,1
_home_max_Documents_PhD_MAPF_LNS_MAPF_LNS_SAT_mapf-map_warehouse-10-20-10-2-2_map-_home_max_Documents_PhD_MAPF_LNS_MAPF_LNS_SAT_mapf-scen-even_scen-even_warehouse-10-20-10-2-2-even-1_scen-agents20-idx9-seed42-1761041224679,0,211,8,6,21,40,768,308,0.000000,0.306000,0.791000,0.605000,0.056358,163.047000,1
_home_max_Documents_PhD_MAPF_LNS_MAPF_LNS_SAT_mapf-map_warehouse-10-20-10-2-2_map-_home_max_Documents_PhD_MAPF_LNS_MAPF_LNS_SAT_mapf-scen-even_scen-even_warehouse-10-20-10-2-2-even-1_scen-agents20-idx10-seed42-1761041225031,0,199,5,5,8,19,201,83,0.000000,0.086000,0.333000,0.231000,0.024221,145.961000,1
_home_max_Documents_PhD_MAPF_LNS_MAPF_LNS_SAT_mapf-map_warehouse-10-20-10-2-2_map-_home_max_Documents_PhD_MAPF_LNS_MAPF_LNS_SAT_mapf-scen-even_scen-even_warehouse-10-20-10-2-2-even-1_scen-agents20-idx11-seed42-1761041225384,0,186,1,1,1,1,24,10,0.000000,0.015000,0.060000,0.052000,0.010662,135.059000,1
_home_max_Documents_PhD_MAPF_LNS_MAPF_LNS_SAT_mapf-map_warehouse-10-20-10-2-2_map-_home_max_Documents_PhD_MAPF_LNS_MAPF_LNS_SAT_mapf-scen-even_scen-even_warehouse-10-20-10-2-2-even-1_scen-agents20-idx12-seed42-1761041225681,0,217,1,1,2,3,28,15,0.000000,0.013000,0.077000,0.056000,0.009735,149.647000,1
_home_max_Documents_PhD_MAPF_LNS_MAPF_LNS_SAT_mapf-map_warehouse-10-20-10-2-2_map-_home_max_Documents_PhD_MAPF_LNS_MAPF_LNS_SAT_mapf-scen-even_scen-even_warehouse-10-20-10-2-2-even-1_scen-agents20-idx13-seed42-1761041226035,0,227,5,4,12,26,422,174,0.000000,0.206000,0.491000,0.361000,0.040315,154.148000,1
_home_max_Documents_PhD_MAPF_LNS_MAPF_LNS_SAT_mapf-map_warehouse-10-20-10-2-2_map-_home_max_Documents_PhD_MAPF_LNS_MAPF_LNS_SAT_mapf-scen-even_scen-even_warehouse-10-20-10-2-2-even-1_scen-agents20-idx14-seed42-1761041226389,0,222,7,6,15,27,450,196,0.000000,0.233000,0.532000,0.399000,0.043287,176.492000,1
_home_max_Documents_PhD_MAPF_LNS_MAPF_LNS_SAT_mapf-map_warehouse-10-20-10-2-2_map-_home_max_Documents_PhD_MAPF_LNS_MAPF_LNS_SAT_mapf-scen-even_scen-even_warehouse-10-20-10-2-2-even-1_scen-agents20-idx15-seed42-1761041226734,0,221,5,3,13,24,526,211,0.000000,0.269000,0.533000,0.407000,0.036937,161.455000,1
_home_max_Documents_PhD_MAPF_LNS_MAPF_LNS_SAT_mapf-map_warehouse-10-20-10-2-2_map-_home_max_Documents_PhD_MAPF_LNS_MAPF_LNS_SAT_mapf-scen-even_scen-even_warehouse-10-20-10-2-2-even-1_scen-agents20-idx16-seed42-1761041227088,0,214,3,3,5,12,139,57,0.000000,0.086000,0.220000,0.157000,0.021279,160.961000,1
_home_max_Documents_PhD_MAPF_LNS_MAPF_LNS_SAT_mapf-map_warehouse-10-20-10-2-2_map-_home_max_Documents_PhD_MAPF_LNS_MAPF_LNS_SAT_mapf-scen-even_scen-even_warehouse-10-20-10-2-2-even-1_scen-agents20-idx17-seed42-1761041227442,0,221,3,3,5,10,78,39,0.000000,0.054000,0.166000,0.113000,0.014117,165.386000,1
_home_max_Documents_PhD_MAPF_LNS_MAPF_LNS_SAT_mapf-map_warehouse-10-20-10-2-2_map-_home_max_Documents_PhD_MAPF_LNS_MAPF_LNS_SAT_mapf-scen-even_scen-even_warehouse-10-20-10-2-2-even-1_scen-agents20-idx18-seed42-1761041227793,0,206,3,3,6,14,143,62,0.000000,0.066000,0.234000,0.160000,0.021390,130.949000,1
_home_max_Documents_PhD_MAPF_LNS_MAPF_LNS_SAT_mapf-map_warehouse-10-20-10-2-2_map-_home_max_Documents_PhD_MAPF_LNS_MAPF_LNS_SAT_mapf-scen-even_scen-even_warehouse-10-20-10-2-2-even-1_scen-agents20-idx19-seed42-1761041228091,0,218,5,4,13,25,423,179,0.000000,0.202000,0.472000,0.351000,0.039334,170.858000,1
_home_max_Documents_PhD_MAPF_LNS_MAPF_LNS_SAT_mapf-map_warehouse-10-20-10-2-2_map-_home_max_Documents_PhD_MAPF_LNS_MAPF_LNS_SAT_mapf-scen-even_scen-even_warehouse-10-20-10-2-2-even-1_scen-agents20-idx20-seed42-1761041228446,0,210,2,2,4,11,115,47,0.000000,0.056000,0.198000,0.138000,0.018701,150.824000,1
_home_max_Documents_PhD_MAPF_LNS_MAPF_LNS_SAT_mapf-map_warehouse-10-20-10-2-2_map-_home_max_Documents_PhD_MAPF_LNS_MAPF_LNS_SAT_mapf-scen-even_scen-even_warehouse-10-20-10-2-2-even-1_scen-agents20-idx21-seed42-1761041228795,0,222,4,2,12,22,494,198,0.000000,0.199000,0.483000,0.378000,0.034864,152.048000,1
_home_max_Documents_PhD_MAPF_LNS_MAPF_LNS_SAT_mapf-map_warehouse-10-20-10-2-2_map-_home_max_Documents_PhD_MAPF_LNS_MAPF_LNS_SAT_mapf-scen-even_scen-even_warehouse-10-20-10-2-2-even-1_scen-agents20-idx22-seed42-1761041229094,0,207,3,2,8,16,265,114,0.000000,0.109000,0.317000,0.238000,0.025726,139.308000,1
_home_max_Documents_PhD_MAPF_LNS_MAPF_LNS_SAT_mapf-map_warehouse-10-20-10-2-2_map-_home_max_Documents_PhD_MAPF_LNS_MAPF_LNS_SAT_mapf-scen-even_scen-even_warehouse-10-20-10-2-2-even-1_scen-agents20-idx23-seed42-1761041229395,0,169,2,1,6,12,227,96,0.000000,0.092000,0.250000,0.192000,0.020596,123.530000,1
_home_max_Documents_PhD_MAPF_LNS_MAPF_LNS_SAT_mapf-map_warehouse-10-20-10-2-2_map-_home_max_Documents_PhD_MAPF_LNS_MAPF_LNS_SAT_mapf-scen-even_scen-even_warehouse-10-20-10-2-2-even-2_scen-agents20-idx0-seed42-1761041229700,0,191,7,6,12,28,349,148,0.000000,0.181000,0.468000,0.330000,0.032867,156.176000,1
_home_max_Documents_PhD_MAPF_LNS_MAPF_LNS_SAT_mapf-map_warehouse-10-20-10-2-2_map-_home_max_Documents_PhD_MAPF_LNS_MAPF_LNS_SAT_mapf-scen-even_scen-even_warehouse-10-20-10-2-2-even-2_scen-agents20-idx1-seed42-1761041230052,0,206,6,4,18,32,716,283,0.000000,0.317000,0.681000,0.533000,0.051653,167.293000,1
_home_max_Documents_PhD_MAPF_LNS_MAPF_LNS_SAT_mapf-map_warehouse-10-20-10-2-2_map-_home_max_Documents_PhD_MAPF_LNS_MAPF_LNS_SAT_mapf-scen-even_scen-even_warehouse-10-20-10-2-2-even-2_scen-agents20-idx2-seed42-1761041230401,0,215,4,2,12,20,578,237,0.000000,0.304000,0.524000,0.418000,0.033001,144.488000,1
_home_max_Documents_PhD_MAPF_LNS_MAPF_LNS_SAT_mapf-map_warehouse-10-20-10-2-2_map-_home_max_Documents_PhD_MAPF_LNS_MAPF_LNS_SAT_mapf-scen-even_scen-even_warehouse-10-20-10-2-2-even-2_scen-agents20-idx3-seed42-1761041230701,0,199,3,3,6,11,177,77,0.000000,0.095000,0.245000,0.183000,0.022082,144.100000,1
_home_max_Documents_PhD_MAPF_LNS_MAPF_LNS_SAT_mapf-map_warehouse-10-20-10-2-2_map-_home_max_Documents_PhD_MAPF_LNS_MAPF_LNS_SAT_mapf-scen-even_scen-even_warehouse-10-20-10-2-2-even-2_scen-agents20-idx4-seed42-1761041231001,0,203,3,3,4,8,74,34,0.000000,0.039000,0.157000,0.108000,0.013337,156.273000,1
_home_max_Documents_PhD_MAPF_LNS_MAPF_LNS_SAT_mapf-map_warehouse-10-20-10-2-2_map-_home_max_Documents_PhD_MAPF_LNS_MAPF_LNS_SAT_mapf-scen-even_scen-even_warehouse-10-20-10-2-2-even-2_scen-agents20-idx5-seed42-1761041231358,0,205,3,3,3,9,58,26,0.000000,0.031000,0.150000,0.099000,0.012851,152.149000,1
_home_max_Documents_PhD_MAPF_LNS_MAPF_LNS_SAT_mapf-map_warehouse-10-20-10-2-2_map-_home_max_Documents_PhD_MAPF_LNS_MAPF_LNS_SAT_mapf-scen-even_scen-even_warehouse-10-20-10-2-2-even-2_scen-agents20-idx6-seed42-1761041231709,0,182,1,1,1,4,22,9,0.000000,0.013000,0.081000,0.058000,0.009474,130.224000,1
_home_max_Documents_PhD_MAPF_LNS_MAPF_LNS_SAT_mapf-map_warehouse-10-20-10-2-2_map-_home_max_Documents_PhD_MAPF_LNS_MAPF_LNS_SAT_mapf-scen-even_scen-even_warehouse-10-20-10-2-2-even-2_scen-agents20-idx7-seed42-1761041232007,0,216,3,2,7,12,195,88,0.000000,0.116000,0.243000,0.180000,0.017885,143.588000,1
_home_max_Documents_PhD_MAPF_LNS_MAPF_LNS_SAT_mapf-map_warehouse-10-20-10-2-2_map-_home_max_Documents_PhD_MAPF_LNS_MAPF_LNS_SAT_mapf-scen-even_scen-even_warehouse-10-20-10-2-2-even-2_scen-agents20-idx8-seed42-1761041232307,0,205,3,3,5,12,139,57,0.000000,0.065000,0.224000,0.158000,0.020316,143.863000,1
_home_max_Documents_PhD_MAPF_LNS_MAPF_LNS_SAT_mapf-map_warehouse-10-20-10-2-2_map-_home_max_Documents_PhD_MAPF_LNS_MAPF_LNS_SAT_mapf-scen-even_scen-even_warehouse-10-20-10-2-2-even-2_scen-agents20-idx9-seed42-1761041232608,0,209,2,2,3,7,50,24,0.000000,0.026000,0.126000,0.087000,0.012857,156.769000,1
_home_max_Documents_PhD_MAPF_LNS_MAPF_LNS_SAT_mapf-map_warehouse-10-20-10-2-2_map-_home_max_Documents_PhD_MAPF_LNS_MAPF_LNS_SAT_mapf-scen-even_scen-even_warehouse-10-20-10-2-2-even-2_scen-agents20-idx10-seed42-1761041232961,0,206,0,0,0,0,0,0,0.000000,0.000000,0.000000,0.000000,0.000000,157.485000,1
_home_max_Documents_PhD_MAPF_LNS_MAPF_LNS_SAT_mapf-map_warehouse-10-20-10-2-2_map-_home_max_Documents_PhD_MAPF_LNS_MAPF_LNS_SAT_mapf-scen-even_scen-even_warehouse-10-20-10-2-2-even-2_scen-agents20-idx11-seed42-1761041233310,0,197,0,0,0,0,0,0,0.000000,0.000000,0.000000,0.000000,0.000000,125.300000,1
_home_max_Documents_PhD_MAPF_LNS_MAPF_LNS_SAT_mapf-map_warehouse-10-20-10-2-2_map-_home_max_Documents_PhD_MAPF_LNS_MAPF_LNS_SAT_mapf-scen-even_scen-even_warehouse-10-20-10-2-2-even-2_scen-agents20-idx12-seed42-1761041233618,0,192,5,4,11,20,422,163,0.000000,0.183000,0.432000,0.334000,0.031882,139.960000,1
_home_max_Documents_PhD_MAPF_LNS_MAPF_LNS_SAT_mapf-map_warehouse-10-20-10-2-2_map-_home_max_Documents_PhD_MAPF_LNS_MAPF_LNS_SAT_mapf-scen-even_scen-even_warehouse-10-20-10-2-2-even-2_scen-agents20-idx13-seed42-1761041233914,0,159,2,2,2,5,46,19,0.000000,0.023000,0.112000,0.078000,0.011560,131.963000,1
_home_max_Documents_PhD_MAPF_LNS_MAPF_LNS_SAT_mapf-map_warehouse-10-20-10-2-2_map-_home_max_Documents_PhD_MAPF_LNS_MAPF_LNS_SAT_mapf-scen-even_scen-even_warehouse-10-20-10-2-2-even-2_scen-agents20-idx14-seed42-1761041234217,0,193,3,2,8,17,293,119,0.000000,0.103000,0.398000,0.310000,0.025722,137.548000,1
_home_max_Documents_PhD_MAPF_LNS_MAPF_LNS_SAT_mapf-map_warehouse-10-20-10-2-2_map-_home_max_Documents_PhD_MAPF_LNS_MAPF_LNS_SAT_mapf-scen-even_scen-even_warehouse-10-20-10-2-2-even-2_scen-agents20-idx15-seed42-1761041234517,0,202,2,2,2,6,48,20,0.000000,0.026000,0.119000,0.082000,0.012276,166.666000,1
_home_max_Documents_PhD_MAPF_LNS_MAPF_LNS_SAT_mapf-map_warehouse-10-20-10-2-2_map-_home_max_Documents_PhD_MAPF_LNS_MAPF_LNS_SAT_mapf-scen-even_scen-even_warehouse-10-20-10-2-2-even-2_scen-agents20-idx16-seed42-1761041234873,0,181,6,6,12,23,443,191,0.000000,0.266000,0.502000,0.372000,0.041381,148.428000,1
_home_max_Documents_PhD_MAPF_LNS_MAPF_LNS_SAT_mapf-map_warehouse-10-20-10-2-2_map-_home_max_Documents_PhD_MAPF_LNS_MAPF_LNS_SAT_mapf-scen-even_scen-even_warehouse-10-20-10-2-2-even-2_scen-agents20-idx17-seed42-1761041235222,0,193,3,3,5,7,75,39,0.000000,0.042000,0.141000,0.104000,0.013325,143.143000,1
_home_max_Documents_PhD_MAPF_LNS_MAPF_LNS_SAT_mapf-map_warehouse-10-20-10-2-2_map-_home_max_Documents_PhD_MAPF_LNS_MAPF_LNS_SAT_mapf-scen-even_scen-even_warehouse-10-20-10-2-2-even-2_scen-agents20-idx18-seed42-1761041235521,0,215,2,2,4,9,118,48,0.000000,0.062000,0.184000,0.134000,0.019514,151.354000,1
_home_max_Documents_PhD_MAPF_LNS_MAPF_LNS_SAT_mapf-map_warehouse-10-20-10-2-2_map-_home_max_Documents_PhD_MAPF_LNS_MAPF_LNS_SAT_mapf-scen-even_scen-even_warehouse-10-20-10-2-2-even-2_scen-agents20-idx19-seed42-1761041235822,0,209,1,1,2,3,32,17,0.000000,0.016000,0.073000,0.058000,0.009029,155.273000,1
_home_max_Documents_PhD_MAPF_LNS_MAPF_LNS_SAT_mapf-map_warehouse-10-20-10-2-2_map-_home_max_Documents_PhD_MAPF_LNS_MAPF_LNS_SAT_mapf-scen-even_scen-even_warehouse-10-20-10-2-2-even-2_scen-agents20-idx20-seed42-1761041236177,0,207,11,10,22,53,720,297,0.000000,0.312000,0.899000,0.632000,0.068403,172.284000,1
_home_max_Documents_PhD_MAPF_LNS_MAPF_LNS_SAT_mapf-map_warehouse-10-20-10-2-2_map-_home_max_Documents_PhD_MAPF_LNS_MAPF_LNS_SAT_mapf-scen-even_scen-even_warehouse-10-20-10-2-2-even-2_scen-agents20-idx21-seed42-1761041236526,0,214,6,6,12,27,329,143,0.000000,0.195000,0.495000,0.341000,0.040056,149.832000,1
_home_max_Documents_PhD_MAPF_LNS_MAPF_LNS_SAT_mapf-map_warehouse-10-20-10-2-2_map-_home_max_Documents_PhD_MAPF_LNS_MAPF_LNS_SAT_mapf-scen-even_scen-even_warehouse-10-20-10-2-2-even-2_scen-agents20-idx22-seed42-1761041236879,0,198,1,1,1,1,24,10,0.000000,0.017000,0.057000,0.049000,0.007045,160.073000,1
_home_max_Documents_PhD_MAPF_LNS_MAPF_LNS_SAT_mapf-map_warehouse-10-20-10-2-2_map-_home_max_Documents_PhD_MAPF_LNS_MAPF_LNS_SAT_mapf-scen-even_scen-even_warehouse-10-20-10-2-2-even-3_scen-agents20-idx0-seed42-1761041237230,0,208,4,3,8,13,318,132,0.000000,0.223000,0.323000,0.258000,0.022495,152.854000,1
_home_max_Documents_PhD_MAPF_LNS_MAPF_LNS_SAT_mapf-map_warehouse-10-20-10-2-2_map-_home_max_Documents_PhD_MAPF_LNS_MAPF_LNS_SAT_mapf-scen-even_scen-even_warehouse-10-20-10-2-2-even-3_scen-agents20-idx1-seed42-1761041237583,0,214,1,1,1,4,22,9,0.000000,0.011000,0.080000,0.056000,0.009241,142.623000,1
_home_max_Documents_PhD_MAPF_LNS_MAPF_LNS_SAT_mapf-map_warehouse-10-20-10-2-2_map-_home_max_Documents_PhD_MAPF_LNS_MAPF_LNS_SAT_mapf-scen-even_scen-even_warehouse-10-20-10-2-2-even-3_scen-agents20-idx2-seed42-1761041237934,0,205,4,3,7,13,247,99,0.000000,0.124000,0.290000,0.221000,0.018114,163.916000,1
_home_max_Documents_PhD_MAPF_LNS_MAPF_LNS_SAT_mapf-map_warehouse-10-20-10-2-2_map-_home_max_Documents_PhD_MAPF_LNS_MAPF_LNS_SAT_mapf-scen-even_scen-even_warehouse-10-20-10-2-2-even-3_scen-agents20-idx3-seed42-1761041238285,0,199,3,3,5,7,86,44,0.000000,0.044000,0.155000,0.113000,0.012510,147.239000,1
_home_max_Documents_PhD_MAPF_LNS_MAPF_LNS_SAT_mapf-map_warehouse-10-20-10-2-2_map-_home_max_Documents_PhD_MAPF_LNS_MAPF_LNS_SAT_mapf-scen-even_scen-even_warehouse-10-20-10-2-2-even-3_scen-agents20-idx4-seed42-1761041238583,0,217,7,7,7,18,164,67,0.000000,0.086000,0.308000,0.202000,0.020047,163.471000,1
_home_max_Documents_PhD_MAPF_LNS_MAPF_LNS_SAT_mapf-map_warehouse-10-20-10-2-2_map-_home_max_Documents_PhD_MAPF_LNS_MAPF_LNS_SAT_mapf-scen-even_scen-even_warehouse-10-20-10-2-2-even-3_scen-agents20-idx5-seed42-1761041238941,0,219,5,5,8,15,186,84,0.000000,0.093000,0.288000,0.206000,0.026227,152.294000,1
_home_max_Documents_PhD_MAPF_LNS_MAPF_LNS_SAT_mapf-map_warehouse-10-20-10-2-2_map-_home_max_Documents_PhD_MAPF_LNS_MAPF_LNS_SAT_mapf-scen-even_scen-even_warehouse-10-20-10-2-2-even-3_scen-agents20-idx6-seed42-1761041239291,0,172,2,1,7,13,344,128,0.000000,0.157000,0.322000,0.259000,0.027382,132.669000,1
_home_max_Documents_PhD_MAPF_LNS_MAPF_LNS_SAT_mapf-map_warehouse-10-20-10-2-2_map-_home_max_Documents_PhD_MAPF_LNS_MAPF_LNS_SAT_mapf-scen-even_scen-even_warehouse-10-20-10-2-2-even-3_scen-agents20-idx7-seed42-1761041239588,0,213,1,1,2,3,28,15,0.000000,0.013000,0.068000,0.051000,0.008932,156.497000,1
_home_max_Documents_PhD_MAPF_LNS_MAPF_LNS_SAT_mapf-map_warehouse-10-20-10-2-2_map-_home_max_Documents_PhD_MAPF_LNS_MAPF_LNS_SAT_mapf-scen-even_scen-even_warehouse-10-20-10-2-2-even-3_scen-agents20-idx8-seed42-1761041239944,0,213,2,2,2,8,44,18,0.000000,0.025000,0.128000,0.085000,0.010617,169.887000,1
_home_max_Documents_PhD_MAPF_LNS_MAPF_LNS_SAT_mapf-map_warehouse-10-20-10-2-2_map-_home_max_Documents_PhD_MAPF_LNS_MAPF_LNS_SAT_mapf-scen-even_scen-even_warehouse-10-20-10-2-2-even-3_scen-agents20-idx9-seed42-1761041240295,0,217,3,2,8,17,316,128,0.000000,0.137000,0.347000,0.264000,0.028413,149.706000,1
_home_max_Documents_PhD_MAPF_LNS_MAPF_LNS_SAT_mapf-map_warehouse-10-20-10-2-2_map-_home_max_Documents_PhD_MAPF_LNS_MAPF_LNS_SAT_mapf-scen-even_scen-even_warehouse-10-20-10-2-2-even-3_scen-agents20-idx10-seed42-1761041240646,0,204,0,0,0,0,0,0,0.000000,0.000000,0.000000,0.000000,0.000000,136.955000,1
_home_max_Documents_PhD_MAPF_LNS_MAPF_LNS_SAT_mapf-map_warehouse-10-20-10-2-2_map-_home_max_Documents_PhD_MAPF_LNS_MAPF_LNS_SAT_mapf-scen-even_scen-even_warehouse-10-20-10-2-2-even-3_scen-agents20-idx11-seed42-1761041240943,0,215,4,4,4,16,88,36,0.000000,0.046000,0.234000,0.144000,0.015154,144.323000,1
_home_max_Documents_PhD_MAPF_LNS_MAPF_LNS_SAT_mapf-map_warehouse-10-20-10-2-2_map-_home_max_Documents_PhD_MAPF_LNS_MAPF_LNS_SAT_mapf-scen-even_scen-even_warehouse-10-20-10-2-2-even-3_scen-agents20-idx12-seed42-1761041241244,0,220,3,3,7,15,222,88,0.000000,0.113000,0.305000,0.224000,0.034666,168.523000,1
_home_max_Documents_PhD_MAPF_LNS_MAPF_LNS_SAT_mapf-map_warehouse-10-20-10-2-2_map-_home_max_Documents_PhD_MAPF_LNS_MAPF_LNS_SAT_mapf-scen-even_scen-even_warehouse-10-20-10-2-2-even-3_scen-agents20-idx13-seed42-1761041241598,0,218,7,6,14,29,449,189,0.000000,0.194000,0.533000,0.391000,0.040771,152.430000,1
_home_max_Documents_PhD_MAPF_LNS_MAPF_LNS_SAT_mapf-map_warehouse-10-20-10-2-2_map-_home_max_Documents_PhD_MAPF_LNS_MAPF_LNS_SAT_mapf-scen-even_scen-even_warehouse-10-20-10-2-2-even-3_scen-agents20-idx14-seed42-1761041241949,0,200,3,3,6,9,88,47,0.000000,0.051000,0.159000,0.112000,0.013768,154.816000,1
_home_max_Documents_PhD_MAPF_LNS_MAPF_LNS_SAT_mapf-map_warehouse-10-20-10-2-2_map-_home_max_Documents_PhD_MAPF_LNS_MAPF_LNS_SAT_mapf-scen-even_scen-even_warehouse-10-20-10-2-2-even-3_scen-agents20-idx15-seed42-1761041242302,0,185,5,3,15,27,725,268,0.000000,0.278000,0.643000,0.517000,0.048553,149.507000,1
_home_max_Documents_PhD_MAPF_LNS_MAPF_LNS_SAT_mapf-map_warehouse-10-20-10-2-2_map-_home_max_Documents_PhD_MAPF_LNS_MAPF_LNS_SAT_mapf-scen-even_scen-even_warehouse-10-20-10-2-2-even-3_scen-agents20-idx16-seed42-1761041242654,0,207,5,4,10,18,368,149,0.000000,0.143000,0.415000,0.324000,0.034291,159.802000,1
_home_max_Documents_PhD_MAPF_LNS_MAPF_LNS_SAT_mapf-map_warehouse-10-20-10-2-2_map-_home_max_Documents_PhD_MAPF_LNS_MAPF_LNS_SAT_mapf-scen-even_scen-even_warehouse-10-20-10-2-2-even-3_scen-agents20-idx17-seed42-1761041243005,0,205,7,6,15,31,470,198,0.000000,0.359000,0.567000,0.413000,0.045317,151.265000,1
_home_max_Documents_PhD_MAPF_LNS_MAPF_LNS_SAT_mapf-map_warehouse-10-20-10-2-2_map-_home_max_Documents_PhD_MAPF_LNS_MAPF_LNS_SAT_mapf-scen-even_scen-even_warehouse-10-20-10-2-2-even-3_scen-agents20-idx18-seed42-1761041243303,0,212,3,2,7,12,213,96,0.000000,0.136000,0.266000,0.197000,0.020771,146.923000,1
_home_max_Documents_PhD_MAPF_LNS_MAPF_LNS_SAT_mapf-map_warehouse-10-20-10-2-2_map-_home_max_Documents_PhD_MAPF_LNS_MAPF_LNS_SAT_mapf-scen-even_scen-even_warehouse-10-20-10-2-2-even-3_scen-agents20-idx19-seed42-1761041243604,0,195,7,7,14,31,350,156,0.000000,0.143000,0.527000,0.364000,0.041358,168.315000,1
_home_max_Documents_PhD_MAPF_LNS_MAPF_LNS_SAT_mapf-map_warehouse-10-20-10-2-2_map-_home_max_Documents_PhD_MAPF_LNS_MAPF_LNS_SAT_mapf-scen-even_scen-even_warehouse-10-20-10-2-2-even-3_scen-agents20-idx20-seed42-1761041243961,0,214,4,4,5,15,94,42,0.000000,0.048000,0.218000,0.142000,0.016488,153.162000,1
_home_max_Documents_PhD_MAPF_LNS_MAPF_LNS_SAT_mapf-map_warehouse-10-20-10-2-2_map-_home_max_Documents_PhD_MAPF_LNS_MAPF_LNS_SAT_mapf-scen-even_scen-even_warehouse-10-20-10-2-2-even-3_scen-agents20-idx21-seed42-1761041244313,0,206,2,2,2,6,42,18,0.000000,0.025000,0.121000,0.080000,0.012531,152.864000,1
_home_max_Documents_PhD_MAPF_LNS_MAPF_LNS_SAT_mapf-map_warehouse-10-20-10-2-2_map-_home_max_Documents_PhD_MAPF_LNS_MAPF_LNS_SAT_mapf-scen-even_scen-even_warehouse-10-20-10-2-2-even-3_scen-agents20-idx22-seed42-1761041244663,0,216,0,0,0,0,0,0,0.000000,0.000000,0.000000,0.000000,0.000000,165.053000,1
_home_max_Documents_PhD_MAPF_LNS_MAPF_LNS_SAT_mapf-map_warehouse-10-20-10-2-2_map-_home_max_Documents_PhD_MAPF_LNS_MAPF_LNS_SAT_mapf-scen-even_scen-even_warehouse-10-20-10-2-2-even-3_scen-agents20-idx23-seed42-1761041245015,0,216,10,7,25,46,882,370,0.000000,0.353000,0.885000,0.681000,0.066514,179.230000,1
_home_max_Documents_PhD_MAPF_LNS_MAPF_LNS_SAT_mapf-map_warehouse-10-20-10-2-2_map-_home_max_Documents_PhD_MAPF_LNS_MAPF_LNS_SAT_mapf-scen-even_scen-even_warehouse-10-20-10-2-2-even-4_scen-agents20-idx0-seed42-1761041245363,0,223,7,5,18,36,649,269,0.000000,0.345000,0.695000,0.519000,0.052228,184.796000,1
_home_max_Documents_PhD_MAPF_LNS_MAPF_LNS_SAT_mapf-map_warehouse-10-20-10-2-2_map-_home_max_Documents_PhD_MAPF_LNS_MAPF_LNS_SAT_mapf-scen-even_scen-even_warehouse-10-20-10-2-2-even-4_scen-agents20-idx1-seed42-1761041245714,0,214,3,3,5,12,140,59,0.000000,0.096000,0.229000,0.159000,0.020980,159.760000,1
_home_max_Documents_PhD_MAPF_LNS_MAPF_LNS_SAT_mapf-map_warehouse-10-20-10-2-2_map-_home_max_Documents_PhD_MAPF_LNS_MAPF_LNS_SAT_mapf-scen-even_scen-even_warehouse-10-20-10-2-2-even-4_scen-agents20-idx2-seed42-1761041246070,0,213,4,3,9,16,321,135,0.000000,0.134000,0.398000,0.305000,0.032511,157.523000,1
_home_max_Documents_PhD_MAPF_LNS_MAPF_LNS_SAT_mapf-map_warehouse-10-20-10-2-2_map-_home_max_Documents_PhD_MAPF_LNS_MAPF_LNS_SAT_mapf-scen-even_scen-even_warehouse-10-20-10-2-2-even-4_scen-agents20-idx3-seed42-1761041246423,0,206,9,8,18,40,623,246,0.000000,0.259000,0.731000,0.532000,0.055690,166.940000,1
_home_max_Documents_PhD_MAPF_LNS_MAPF_LNS_SAT_mapf-map_warehouse-10-20-10-2-2_map-_home_max_Documents_PhD_MAPF_LNS_MAPF_LNS_SAT_mapf-scen-even_scen-even_warehouse-10-20-10-2-2-even-4_scen-agents20-idx4-seed42-1761041246773,0,199,1,1,1,2,25,10,0.000000,0.017000,0.066000,0.050000,0.008982,135.939000,1
_home_max_Documents_PhD_MAPF_LNS_MAPF_LNS_SAT_mapf-map_warehouse-10-20-10-2-2_map-_home_max_Documents_PhD_MAPF_LNS_MAPF_LNS_SAT_mapf-scen-even_scen-even_warehouse-10-20-10-2-2-even-4_scen-agents20-idx5-seed42-1761041247070,0,210,8,8,15,37,411,168,0.000000,0.187000,0.624000,0.421000,0.047473,172.897000,1
_home_max_Documents_PhD_MAPF_LNS_MAPF_LNS_SAT_mapf-map_warehouse-10-20-10-2-2_map-_home_max_Documents_PhD_MAPF_LNS_MAPF_LNS_SAT_mapf-scen-even_scen-even_warehouse-10-20-10-2-2-even-4_scen-agents20-idx6-seed42-1761041247426,0,218,4,4,8,21,234,95,0.000000,0.104000,0.355000,0.245000,0.030528,152.145000,1
_home_max_Documents_PhD_MAPF_LNS_MAPF_LNS_SAT_mapf-map_warehouse-10-20-10-2-2_map-_home_max_Documents_PhD_MAPF_LNS_MAPF_LNS_SAT_mapf-scen-even_scen-even_warehouse-10-20-10-2-2-even-4_scen-agents20-idx7-seed42-1761041247777,0,204,2,1,7,13,282,117,0.000000,0.120000,0.284000,0.222000,0.025484,140.741000,1
_home_max_Documents_PhD_MAPF_LNS_MAPF_LNS_SAT_mapf-map_warehouse-10-20-10-2-2_map-_home_max_Documents_PhD_MAPF_LNS_MAPF_LNS_SAT_mapf-scen-even_scen-even_warehouse-10-20-10-2-2-even-4_scen-agents20-idx8-seed42-1761041248074,0,219,0,0,0,0,0,0,0.000000,0.000000,0.000000,0.000000,0.000000,146.227000,1
_home_max_Documents_PhD_MAPF_LNS_MAPF_LNS_SAT_mapf-map_warehouse-10-20-10-2-2_map-_home_max_Documents_PhD_MAPF_LNS_MAPF_LNS_SAT_mapf-scen-even_scen-even_warehouse-10-20-10-2-2-even-4_scen-agents20-idx9-seed42-1761041248374,0,218,6,5,14,34,435,181,0.000000,0.182000,0.583000,0.415000,0.049896,154.326000,1
_home_max_Documents_PhD_MAPF_LNS_MAPF_LNS_SAT_mapf-map_warehouse-10-20-10-2-2_map-_home_max_Documents_PhD_MAPF_LNS_MAPF_LNS_SAT_mapf-scen-even_scen-even_warehouse-10-20-10-2-2-even-4_scen-agents20-idx10-seed42-1761041248676,0,200,5,4,8,14,254,105,0.000000,0.118000,0.308000,0.232000,0.019214,151.875000,1
_home_max_Documents_PhD_MAPF_LNS_MAPF_LNS_SAT_mapf-map_warehouse-10-20-10-2-2_map-_home_max_Documents_PhD_MAPF_LNS_MAPF_LNS_SAT_mapf-scen-even_scen-even_warehouse-10-20-10-2-2-even-4_scen-agents20-idx11-seed42-1761041248976,0,214,2,2,5,10,121,53,0.000000,0.050000,0.187000,0.135000,0.018580,154.165000,1
_home_max_Documents_PhD_MAPF_LNS_MAPF_LNS_SAT_mapf-map_warehouse-10-20-10-2-2_map-_home_max_Documents_PhD_MAPF_LNS_MAPF_LNS_SAT_mapf-scen-even_scen-even_warehouse-10-20-10-2-2-even-4_scen-agents20-idx12-seed42-1761041249332,0,216,4,3,10,20,337,145,0.000000,0.174000,0.388000,0.285000,0.029901,156.646000,1
_home_max_Documents_PhD_MAPF_LNS_MAPF_LNS_SAT_mapf-map_warehouse-10-20-10-2-2_map-_home_max_Documents_PhD_MAPF_LNS_MAPF_LNS_SAT_mapf-scen-even_scen-even_warehouse-10-20-10-2-2-even-4_scen-agents20-idx13-seed42-1761041249684,0,212,6,5,15,32,625,246,0.000000,0.304000,0.764000,0.572000,0.062316,166.531000,1
_home_max_Documents_PhD_MAPF_LNS_MAPF_LNS_SAT_mapf-map_warehouse-10-20-10-2-2_map-_home_max_Documents_PhD_MAPF_LNS_MAPF_LNS_SAT_mapf-scen-even_scen-even_warehouse-10-20-10-2-2-even-4_scen-agents20-idx14-seed42-1761041250031,0,195,3,3,4,8,381,153,0.000000,0.231000,0.320000,0.260000,0.030357,152.887000,1
_home_max_Documents_PhD_MAPF_LNS_MAPF_LNS_SAT_mapf-map_warehouse-10-20-10-2-2_map-_home_max_Documents_PhD_MAPF_LNS_MAPF_LNS_SAT_mapf-scen-even_scen-even_warehouse-10-20-10-2-2-even-4_scen-agents20-idx15-seed42-1761041250332,0,217,12,9,26,49,799,344,0.000000,0.400000,0.896000,0.656000,0.055704,170.614000,1
_home_max_Documents_PhD_MAPF_LNS_MAPF_LNS_SAT_mapf-map_warehouse-10-20-10-2-2_map-_home_max_Documents_PhD_MAPF_LNS_MAPF_LNS_SAT_mapf-scen-even_scen-even_warehouse-10-20-10-2-2-even-4_scen-agents20-idx16-seed42-1761041250688,0,226,5,5,7,20,215,85,0.000000,0.103000,0.353000,0.240000,0.029527,159.702000,1
_home_max_Documents_PhD_MAPF_LNS_MAPF_LNS_SAT_mapf-map_warehouse-10-20-10-2-2_map-_home_max_Documents_PhD_MAPF_LNS_MAPF_LNS_SAT_mapf-scen-even_scen-even_warehouse-10-20-10-2-2-even-4_scen-agents20-idx17-seed42-1761041251040,0,220,5,5,8,19,201,83,0.000000,0.096000,0.312000,0.215000,0.024659,156.371000,1
_home_max_Documents_PhD_MAPF_LNS_MAPF_LNS_SAT_mapf-map_warehouse-10-20-10-2-2_map-_home_max_Documents_PhD_MAPF_LNS_MAPF_LNS_SAT_mapf-scen-even_scen-even_warehouse-10-20-10-2-2-even-4_scen-agents20-idx18-seed42-1761041251391,0,207,4,3,9,21,326,135,0.000000,0.216000,0.399000,0.288000,0.030397,139.104000,1
_home_max_Documents_PhD_MAPF_LNS_MAPF_LNS_SAT_mapf-map_warehouse-10-20-10-2-2_map-_home_max_Documents_PhD_MAPF_LNS_MAPF_LNS_SAT_mapf-scen-even_scen-even_warehouse-10-20-10-2-2-even-4_scen-agents20-idx19-seed42-1761041251688,0,200,3,2,8,16,326,139,0.000000,0.180000,0.363000,0.279000,0.027161,162.059000,1
_home_max_Documents_PhD_MAPF_LNS_MAPF_LNS_SAT_mapf-map_warehouse-10-20-10-2-2_map-_home_max_Documents_PhD_MAPF_LNS_MAPF_LNS_SAT_mapf-scen-even_scen-even_warehouse-10-20-10-2-2-even-4_scen-agents20-idx20-seed42-1761041252043,0,214,8,5,20,35,763,306,0.000000,0.344000,0.704000,0.553000,0.047319,161.326000,1
_home_max_Documents_PhD_MAPF_LNS_MAPF_LNS_SAT_mapf-map_warehouse-10-20-10-2-2_map-_home_max_Documents_PhD_MAPF_LNS_MAPF_LNS_SAT_mapf-scen-even_scen-even_warehouse-10-20-10-2-2-even-4_scen-agents20-idx21-seed42-1761041252394,0,218,3,3,5,15,137,56,0.000000,0.070000,0.243000,0.163000,0.020565,160.134000,1
_home_max_Documents_PhD_MAPF_LNS_MAPF_LNS_SAT_mapf-map_warehouse-10-20-10-2-2_map-_home_max_Documents_PhD_MAPF_LNS_MAPF_LNS_SAT_mapf-scen-even_scen-even_warehouse-10-20-10-2-2-even-4_scen-agents20-idx22-seed42-1761041252745,0,212,4,4,5,10,87,41,0.000000,0.041000,0.175000,0.121000,0.014960,155.571000,1
_home_max_Documents_PhD_MAPF_LNS_MAPF_LNS_SAT_mapf-map_warehouse-10-20-10-2-2_map-_home_max_Documents_PhD_MAPF_LNS_MAPF_LNS_SAT_mapf-scen-even_scen-even_warehouse-10-20-10-2-2-even-4_scen-agents20-idx23-seed42-1761041253096,0,223,8,8,18,42,536,219,0.000000,0.270000,0.716000,0.499000,0.058467,198.404000,1
_home_max_Documents_PhD_MAPF_LNS_MAPF_LNS_SAT_mapf-map_warehouse-10-20-10-2-2_map-_home_max_Documents_PhD_MAPF_LNS_MAPF_LNS_SAT_mapf-scen-even_scen-even_warehouse-10-20-10-2-2-even-5_scen-agents20-idx0-seed42-1761041253498,0,197,2,1,7,13,295,120,0.000000,0.106000,0.313000,0.249000,0.029025,136.605000,1
_home_max_Documents_PhD_MAPF_LNS_MAPF_LNS_SAT_mapf-map_warehouse-10-20-10-2-2_map-_home_max_Documents_PhD_MAPF_LNS_MAPF_LNS_SAT_mapf-scen-even_scen-even_warehouse-10-20-10-2-2-even-5_scen-agents20-idx1-seed42-1761041253796,0,200,1,1,3,5,103,40,0.000000,0.038000,0.128000,0.104000,0.013021,144.351000,1
_home_max_Documents_PhD_MAPF_LNS_MAPF_LNS_SAT_mapf-map_warehouse-10-20-10-2-2_map-_home_max_Documents_PhD_MAPF_LNS_MAPF_LNS_SAT_mapf-scen-even_scen-even_warehouse-10-20-10-2-2-even-5_scen-agents20-idx2-seed42-1761041254097,0,200,4,3,9,21,338,137,0.000000,0.145000,0.395000,0.293000,0.030284,139.572000,1
_home_max_Documents_PhD_MAPF_LNS_MAPF_LNS_SAT_mapf-map_warehouse-10-20-10-2-2_map-_home_max_Documents_PhD_MAPF_LNS_MAPF_LNS_SAT_mapf-scen-even_scen-even_warehouse-10-20-10-2-2-even-5_scen-agents20-idx3-seed42-1761041254399,0,207,5,4,10,21,331,134,0.000000,0.170000,0.405000,0.294000,0.029570,168.541000,1
_home_max_Documents_PhD_MAPF_LNS_MAPF_LNS_SAT_mapf-map_warehouse-10-20-10-2-2_map-_home_max_Documents_PhD_MAPF_LNS_MAPF_LNS_SAT_mapf-scen-even_scen-even_warehouse-10-20-10-2-2-even-5_scen-agents20-idx4-seed42-1761041254753,0,201,3,2,8,14,318,129,0.000000,0.143000,0.325000,0.257000,0.027623,162.440000,1
_home_max_Documents_PhD_MAPF_LNS_MAPF_LNS_SAT_mapf-map_warehouse-10-20-10-2-2_map-_home_max_Documents_PhD_MAPF_LNS_MAPF_LNS_SAT_mapf-scen-even_scen-even_warehouse-10-20-10-2-2-even-1_scen-agents50-idx0-seed42-1761041255108,0,225,32,26,69,142,2438,1028,0.001000,1.257000,2.758000,2.032000,0.180378,535.114000,1
_home_max_Documents_PhD_MAPF_LNS_MAPF_LNS_SAT_mapf-map_warehouse-10-20-10-2-2_map-_home_max_Documents_PhD_MAPF_LNS_MAPF_LNS_SAT_mapf-scen-even_scen-even_warehouse-10-20-10-2-2-even-1_scen-agents50-idx1-seed42-1761041256060,0,221,27,22,58,125,2067,848,0.000000,0.984000,2.576000,1.892000,0.171510,465.865000,1
_home_max_Documents_PhD_MAPF_LNS_MAPF_LNS_SAT_mapf-map_warehouse-10-20-10-2-2_map-_home_max_Documents_PhD_MAPF_LNS_MAPF_LNS_SAT_mapf-scen-even_scen-even_warehouse-10-20-10-2-2-even-1_scen-agents50-idx2-seed42-1761041256911,0,225,23,20,42,97,1200,514,0.000000,0.556000,1.529000,1.070000,0.097325,478.421000,1
_home_max_Documents_PhD_MAPF_LNS_MAPF_LNS_SAT_mapf-map_warehouse-10-20-10-2-2_map-_home_max_Documents_PhD_MAPF_LNS_MAPF_LNS_SAT_mapf-scen-even_scen-even_warehouse-10-20-10-2-2-even-1_scen-agents50-idx3-seed42-1761041257763,0,216,23,18,51,101,4960,1998,0.001000,6.956000,3.681000,2.739000,0.254649,482.654000,1
_home_max_Documents_PhD_MAPF_LNS_MAPF_LNS_SAT_mapf-map_warehouse-10-20-10-2-2_map-_home_max_Documents_PhD_MAPF_LNS_MAPF_LNS_SAT_mapf-scen-even_scen-even_warehouse-10-20-10-2-2-even-1_scen-agents50-idx4-seed42-1761041258616,0,217,19,18,37,74,1091,450,0.000000,0.440000,1.315000,0.937000,0.088352,418.918000,1
_home_max_Documents_PhD_MAPF_LNS_MAPF_LNS_SAT_mapf-map_warehouse-10-20-10-2-2_map-_home_max_Documents_PhD_MAPF_LNS_MAPF_LNS_SAT_mapf-scen-even_scen-even_warehouse-10-20-10-2-2-even-1_scen-agents50-idx5-seed42-1761041259418,0,227,30,22,74,142,2911,1171,0.000000,1.286000,2.861000,2.173000,0.189558,513.520000,1
_home_max_Documents_PhD_MAPF_LNS_MAPF_LNS_SAT_mapf-map_warehouse-10-20-10-2-2_map-_home_max_Documents_PhD_MAPF_LNS_MAPF_LNS_SAT_mapf-scen-even_scen-even_warehouse-10-20-10-2-2-even-1_scen-agents50-idx6-seed42-1761041260324,0,221,25,20,47,100,1550,650,0.000000,0.661000,1.723000,1.263000,0.109560,488.011000,1
_home_max_Documents_PhD_MAPF_LNS_MAPF_LNS_SAT_mapf-map_warehouse-10-20-10-2-2_map-_home_max_Documents_PhD_MAPF_LNS_MAPF_LNS_SAT_mapf-scen-even_scen-even_warehouse-10-20-10-2-2-even-1_scen-agents50-idx7-seed42-1761041261231,0,218,27,18,69,212,18766,3203,0.000000,4.609000,11.080000,9.703000,1.602219,487.067000,1
_home_max_Documents_PhD_MAPF_LNS_MAPF_LNS_SAT_mapf-map_warehouse-10-20-10-2-2_map-_home_max_Documents_PhD_MAPF_LNS_MAPF_LNS_SAT_mapf-scen-even_scen-even_warehouse-10-20-10-2-2-even-1_scen-agents50-idx8-seed42-1761041262132,0,222,17,15,35,71,1098,456,0.000000,0.471000,1.324000,0.960000,0.092517,435.146000,1
_home_max_Documents_PhD_MAPF_LNS_MAPF_LNS_SAT_mapf-map_warehouse-10-20-10-2-2_map-_home_max_Documents_PhD_MAPF_LNS_MAPF_LNS_SAT_mapf-scen-even_scen-even_warehouse-10-20-10-2-2-even-2_scen-agents50-idx0-seed42-1761041262984,0,206,25,20,49,105,1756,731,0.000000,0.790000,1.871000,1.377000,0.116770,464.304000,1
_home_max_Documents_PhD_MAPF_LNS_MAPF_LNS_SAT_mapf-map_warehouse-10-20-10-2-2_map-_home_max_Documents_PhD_MAPF_LNS_MAPF_LNS_SAT_mapf-scen-even_scen-even_warehouse-10-20-10-2-2-even-2_scen-agents50-idx1-seed42-1761041263838,0,215,26,20,60,120,2045,860,0.000000,0.859000,2.225000,1.655000,0.155683,470.180000,1
_home_max_Documents_PhD_MAPF_LNS_MAPF_LNS_SAT_mapf-map_warehouse-10-20-10-2-2_map-_home_max_Documents_PhD_MAPF_LNS_MAPF_LNS_SAT_mapf-scen-even_scen-even_warehouse-10-20-10-2-2-even-2_scen-agents50-idx2-seed42-1761041264688,0,205,21,17,36,94,2003,670,0.000000,0.807000,2.029000,1.518000,0.191926,418.966000,1
_home_max_Documents_PhD_MAPF_LNS_MAPF_LNS_SAT_mapf-map_warehouse-10-20-10-2-2_map-_home_max_Documents_PhD_MAPF_LNS_MAPF_LNS_SAT_mapf-scen-even_scen-even_warehouse-10-20-10-2-2-even-2_scen-agents50-idx3-seed42-1761041265495,0,216,20,16,40,82,1379,578,0.000000,0.587000,1.499000,1.104000,0.107590,461.037000,1
_home_max_Documents_PhD_MAPF_LNS_MAPF_LNS_SAT_mapf-map_warehouse-10-20-10-2-2_map-_home_max_Documents_PhD_MAPF_LNS_MAPF_LNS_SAT_mapf-scen-even_scen-even_warehouse-10-20-10-2-2-even-2_scen-agents50-idx4-seed42-1761041266349,0,206,13,10,28,56,1273,503,0.000000,0.578000,1.231000,0.922000,0.080585,417.011000,1
_home_max_Documents_PhD_MAPF_LNS_MAPF_LNS_SAT_mapf-map_warehouse-10-20-10-2-2_map-_home_max_Documents_PhD_MAPF_LNS_MAPF_LNS_SAT_mapf-scen-even_scen-even_warehouse-10-20-10-2-2-even-2_scen-agents50-idx5-seed42-1761041267149,0,193,34,28,80,164,2612,1090,0.000000,1.027000,2.967000,2.197000,0.199218,445.495000,1
_home_max_Documents_PhD_MAPF_LNS_MAPF_LNS_SAT_mapf-map_warehouse-10-20-10-2-2_map-_home_max_Documents_PhD_MAPF_LNS_MAPF_LNS_SAT_mapf-scen-even_scen-even_warehouse-10-20-10-2-2-even-2_scen-agents50-idx6-seed42-1761041267950,0,202,33,24,83,175,3908,1482,0.000000,1.620000,3.700000,2.832000,0.277702,486.488000,1
_home_max_Documents_PhD_MAPF_LNS_MAPF_LNS_SAT_mapf-map_warehouse-10-20-10-2-2_map-_home_max_Documents_PhD_MAPF_LNS_MAPF_LNS_SAT_mapf-scen-even_scen-even_warehouse-10-20-10-2-2-even-2_scen-agents50-idx7-seed42-1761041268802,0,215,31,24,77,152,2921,1215,0.000000,1.248000,3.034000,2.284000,0.231360,512.550000,1
_home_max_Documents_PhD_MAPF_LNS_MAPF_LNS_SAT_mapf-map_warehouse-10-20-10-2-2_map-_home_max_Documents_PhD_MAPF_LNS_MAPF_LNS_SAT_mapf-scen-even_scen-even_warehouse-10-20-10-2-2-even-2_scen-agents50-idx8-seed42-1761041269710,0,214,43,39,84,179,6561,1872,0.000000,2.360000,4.850000,3.911000,0.294861,537.658000,1
_home_max_Documents_PhD_MAPF_LNS_MAPF_LNS_SAT_mapf-map_warehouse-10-20-10-2-2_map-_home_max_Documents_PhD_MAPF_LNS_MAPF_LNS_SAT_mapf-scen-even_scen-even_warehouse-10-20-10-2-2-even-3_scen-agents50-idx0-seed42-1761041270660,0,214,16,14,31,61,1265,499,0.000000,0.691000,1.361000,1.045000,0.096138,452.488000,1
_home_max_Documents_PhD_MAPF_LNS_MAPF_LNS_SAT_mapf-map_warehouse-10-20-10-2-2_map-_home_max_Documents_PhD_MAPF_LNS_MAPF_LNS_SAT_mapf-scen-even_scen-even_warehouse-10-20-10-2-2-even-3_scen-agents50-idx1-seed42-1761041271512,0,217,35,31,63,140,2191,884,0.000000,0.972000,2.512000,1.815000,0.161900,502.099000,1
_home_max_Documents_PhD_MAPF_LNS_MAPF_LNS_SAT_mapf-map_warehouse-10-20-10-2-2_map-_home_max_Documents_PhD_MAPF_LNS_MAPF_LNS_SAT_mapf-scen-even_scen-even_warehouse-10-20-10-2-2-even-3_scen-agents50-idx2-seed42-1761041272418,0,219,34,26,74,135,2521,1066,0.000000,1.131000,2.588000,1.940000,0.158094,480.941000,1
_home_max_Documents_PhD_MAPF_LNS_MAPF_LNS_SAT_mapf-map_warehouse-10-20-10-2-2_map-_home_max_Documents_PhD_MAPF_LNS_MAPF_LNS_SAT_mapf-scen-even_scen-even_warehouse-10-20-10-2-2-even-3_scen-agents50-idx3-seed42-1761041273266,0,217,25,22,43,106,1352,563,0.000000,0.608000,1.788000,1.249000,0.125146,481.933000,1
_home_max_Documents_PhD_MAPF_LNS_MAPF_LNS_SAT_mapf-map_warehouse-10-20-10-2-2_map-_home_max_Documents_PhD_MAPF_LNS_MAPF_LNS_SAT_mapf-scen-even_scen-even_warehouse-10-20-10-2-2-even-3_scen-agents50-idx4-seed42-1761041274121,0,220,22,20,43,100,1544,642,0.000000,0.709000,1.851000,1.331000,0.128016,460.147000,1
_home_max_Documents_PhD_MAPF_LNS_MAPF_LNS_SAT_mapf-map_warehouse-10-20-10-2-2_map-_home_max_Documents_PhD_MAPF_LNS_MAPF_LNS_SAT_mapf-scen-even_scen-even_warehouse-10-20-10-2-2-even-3_scen-agents50-idx5-seed42-1761041274975,0,218,19,13,38,77,1235,525,0.000000,0.535000,1.388000,1.011000,0.091017,439.933000,1
_home_max_Documents_PhD_MAPF_LNS_MAPF_LNS_SAT_mapf-map_warehouse-10-20-10-2-2_map-_home_max_Documents_PhD_MAPF_LNS_MAPF_LNS_SAT_mapf-scen-even_scen-even_warehouse-10-20-10-2-2-even-3_scen-agents50-idx6-seed42-1761041275827,0,207,28,21,69,129,3176,1197,0.000000,1.258000,2.852000,2.234000,0.200504,464.642000,1
_home_max_Documents_PhD_MAPF_LNS_MAPF_LNS_SAT_mapf-map_warehouse-10-20-10-2-2_map-_home_max_Documents_PhD_MAPF_LNS_MAPF_LNS_SAT_mapf-scen-even_scen-even_warehouse-10-20-10-2-2-even-3_scen-agents50-idx7-seed42-1761041276679,0,212,26,20,65,136,2812,1130,0.001000,1.204000,2.801000,2.107000,0.192360,480.516000,1
_home_max_Documents_PhD_MAPF_LNS_MAPF_LNS_SAT_mapf-map_warehouse-10-20-10-2-2_map-_home_max_Documents_PhD_MAPF_LNS_MAPF_LNS_SAT_mapf-scen-even_scen-even_warehouse-10-20-10-2-2-even-3_scen-agents50-idx8-seed42-1761041277530,0,216,27,23,50,107,2008,841,0.000000,1.173000,2.129000,1.565000,0.141186,482.093000,1
_home_max_Documents_PhD_MAPF_LNS_MAPF_LNS_SAT_mapf-map_warehouse-10-20-10-2-2_map-_home_max_Documents_PhD_MAPF_LNS_MAPF_LNS_SAT_mapf-scen-even_scen-even_warehouse-10-20-10-2-2-even-4_scen-agents50-idx0-seed42-1761041278383,0,223,37,26,86,197,5682,1764,0.000000,2.142000,5.024000,3.954000,0.488984,559.012000,1
_home_max_Documents_PhD_MAPF_LNS_MAPF_LNS_SAT_mapf-map_warehouse-10-20-10-2-2_map-_home_max_Documents_PhD_MAPF_LNS_MAPF_LNS_SAT_mapf-scen-even_scen-even_warehouse-10-20-10-2-2-even-4_scen-agents50-idx1-seed42-1761041279340,0,206,24,21,59,125,2159,863,0.000000,0.855000,2.392000,1.767000,0.186517,465.294000,1
_home_max_Documents_PhD_MAPF_LNS_MAPF_LNS_SAT_mapf-map_warehouse-10-20-10-2-2_map-_home_max_Documents_PhD_MAPF_LNS_MAPF_LNS_SAT_mapf-scen-even_scen-even_warehouse-10-20-10-2-2-even-4_scen-agents50-idx2-seed42-1761041280192,0,218,30,28,53,124,1711,717,0.000000,0.778000,2.111000,1.474000,0.142306,494.180000,1
_home_max_Documents_PhD_MAPF_LNS_MAPF_LNS_SAT_mapf-map_warehouse-10-20-10-2-2_map-_home_max_Documents_PhD_MAPF_LNS_MAPF_LNS_SAT_mapf-scen-even_scen-even_warehouse-10-20-10-2-2-even-4_scen-agents50-idx3-seed42-1761041281096,0,219,27,21,68,140,2409,979,0.000000,0.945000,2.588000,1.916000,0.179881,463.095000,1
_home_max_Documents_PhD_MAPF_LNS_MAPF_LNS_SAT_mapf-map_warehouse-10-20-10-2-2_map-_home_max_Documents_PhD_MAPF_LNS_MAPF_LNS_SAT_mapf-scen-even_scen-even_warehouse-10-20-10-2-2-even-4_scen-agents50-idx4-seed42-1761041281943,0,214,27,24,57,114,1734,726,0.000000,0.823000,1.982000,1.431000,0.132449,475.415000,1
_home_max_Documents_PhD_MAPF_LNS_MAPF_LNS_SAT_mapf-map_warehouse-10-20-10-2-2_map-_home_max_Documents_PhD_MAPF_LNS_MAPF_LNS_SAT_mapf-scen-even_scen-even_warehouse-10-20-10-2-2-even-4_scen-agents50-idx5-seed42-1761041282796,0,216,18,16,38,77,1213,511,0.000000,0.519000,1.448000,1.052000,0.101049,442.493000,1
_home_max_Documents_PhD_MAPF_LNS_MAPF_LNS_SAT_mapf-map_warehouse-10-20-10-2-2_map-_home_max_Documents_PhD_MAPF_LNS_MAPF_LNS_SAT_mapf-scen-even_scen-even_warehouse-10-20-10-2-2-even-4_scen-agents50-idx6-seed42-1761041283652,0,226,31,25,64,128,2221,938,0.000000,1.000000,2.388000,1.752000,0.150027,487.133000,1
_home_max_Documents_PhD_MAPF_LNS_MAPF_LNS_SAT_mapf-map_warehouse-10-20-10-2-2_map-_home_max_Documents_PhD_MAPF_LNS_MAPF_LNS_SAT_mapf-scen-even_scen-even_warehouse-10-20-10-2-2-even-4_scen-agents50-idx7-seed42-1761041284557,0,217,13,12,20,43,501,221,0.000000,0.227000,0.705000,0.482000,0.045512,421.506000,1
_home_max_Documents_PhD_MAPF_LNS_MAPF_LNS_SAT_mapf-map_warehouse-10-20-10-2-2_map-_home_max_Documents_PhD_MAPF_LNS_MAPF_LNS_SAT_mapf-scen-even_scen-even_warehouse-10-20-10-2-2-even-4_scen-agents50-idx8-seed42-1761041285356,0,218,25,21,49,99,1657,678,0.000000,0.773000,1.825000,1.342000,0.115584,466.444000,1
_home_max_Documents_PhD_MAPF_LNS_MAPF_LNS_SAT_mapf-map_warehouse-10-20-10-2-2_map-_home_max_Documents_PhD_MAPF_LNS_MAPF_LNS_SAT_mapf-scen-even_scen-even_warehouse-10-20-10-2-2-even-5_scen-agents50-idx0-seed42-1761041286210,0,200,16,13,34,69,1172,486,0.000000,0.484000,1.273000,0.947000,0.093313,405.832000,1
_home_max_Documents_PhD_MAPF_LNS_MAPF_LNS_SAT_mapf-map_warehouse-10-20-10-2-2_map-_home_max_Documents_PhD_MAPF_LNS_MAPF_LNS_SAT_mapf-scen-even_scen-even_warehouse-10-20-10-2-2-even-5_scen-agents50-idx1-seed42-1761041287014,0,207,35,26,87,184,3422,1382,0.000000,1.454000,3.492000,2.617000,0.262778,522.214000,1
_home_max_Documents_PhD_MAPF_LNS_MAPF_LNS_SAT_mapf-map_warehouse-10-20-10-2-2_map-_home_max_Documents_PhD_MAPF_LNS_MAPF_LNS_SAT_mapf-scen-even_scen-even_warehouse-10-20-10-2-2-even-5_scen-agents50-idx2-seed42-1761041287914,0,199,24,19,46,100,1882,714,0.003000,0.741000,1.939000,1.446000,0.128216,435.044000,1
_home_max_Documents_PhD_MAPF_LNS_MAPF_LNS_SAT_mapf-map_warehouse-10-20-10-2-2_map-_home_max_Documents_PhD_MAPF_LNS_MAPF_LNS_SAT_mapf-scen-even_scen-even_warehouse-10-20-10-2-2-even-5_scen-agents50-idx3-seed42-1761041288716,0,216,28,23,58,119,2143,901,0.000000,1.006000,2.257000,1.671000,0.151418,498.880000,1
_home_max_Documents_PhD_MAPF_LNS_MAPF_LNS_SAT_mapf-map_warehouse-10-20-10-2-2_map-_home_max_Documents_PhD_MAPF_LNS_MAPF_LNS_SAT_mapf-scen-even_scen-even_warehouse-10-20-10-2-2-even-5_scen-agents50-idx4-seed42-1761041289626,0,211,28,25,48,109,1539,627,0.000000,0.639000,1.830000,1.305000,0.115605,457.449000,1
_home_max_Documents_PhD_MAPF_LNS_MAPF_LNS_SAT_mapf-map_warehouse-10-20-10-2-2_map-_home_max_Documents_PhD_MAPF_LNS_MAPF_LNS_SAT_mapf-scen-even_scen-even_warehouse-10-20-10-2-2-even-5_scen-agents50-idx5-seed42-1761041290474,0,210,29,24,63,141,2134,891,0.000000,0.917000,2.466000,1.778000,0.165709,485.293000,1
_home_max_Documents_PhD_MAPF_LNS_MAPF_LNS_SAT_mapf-map_warehouse-10-20-10-2-2_map-_home_max_Documents_PhD_MAPF_LNS_MAPF_LNS_SAT_mapf-scen-even_scen-even_warehouse-10-20-10-2-2-even-5_scen-agents50-idx6-seed42-1761041291326,0,213,21,17,47,98,1479,633,0.000000,0.604000,1.722000,1.233000,0.113600,434.782000,1
_home_max_Documents_PhD_MAPF_LNS_MAPF_LNS_SAT_mapf-map_warehouse-10-20-10-2-2_map-_home_max_Documents_PhD_MAPF_LNS_MAPF_LNS_SAT_mapf-scen-even_scen-even_warehouse-10-20-10-2-2-even-5_scen-agents50-idx7-seed42-1761041292130,0,213,43,34,95,188,3337,1394,0.000000,1.444000,3.538000,2.633000,0.232102,521.843000,1
_home_max_Documents_PhD_MAPF_LNS_MAPF_LNS_SAT_mapf-map_warehouse-10-20-10-2-2_map-_home_max_Documents_PhD_MAPF_LNS_MAPF_LNS_SAT_mapf-scen-even_scen-even_warehouse-10-20-10-2-2-even-5_scen-agents50-idx8-seed42-1761041293034,0,208,23,18,49,103,1648,686,0.000000,0.660000,1.888000,1.390000,0.126619,452.020000,1
_home_max_Documents_PhD_MAPF_LNS_MAPF_LNS_SAT_mapf-map_warehouse-10-20-10-2-2_map-_home_max_Documents_PhD_MAPF_LNS_MAPF_LNS_SAT_mapf-scen-even_scen-even_warehouse-10-20-10-2-2-even-6_scen-agents50-idx0-seed42-1761041293887,0,221,29,21,70,143,2418,1001,0.000000,1.037000,2.582000,1.916000,0.164981,508.056000,1
_home_max_Documents_PhD_MAPF_LNS_MAPF_LNS_SAT_mapf-map_warehouse-10-20-10-2-2_map-_home_max_Documents_PhD_MAPF_LNS_MAPF_LNS_SAT_mapf-scen-even_scen-even_warehouse-10-20-10-2-2-even-6_scen-agents50-idx1-seed42-1761041294790,0,206,30,26,59,130,1956,809,0.000000,0.838000,2.280000,1.649000,0.158132,477.996000,1
_home_max_Documents_PhD_MAPF_LNS_MAPF_LNS_SAT_mapf-map_warehouse-10-20-10-2-2_map-_home_max_Documents_PhD_MAPF_LNS_MAPF_LNS_SAT_mapf-scen-even_scen-even_warehouse-10-20-10-2-2-even-6_scen-agents50-idx2-seed42-1761041295641,0,218,22,18,51,101,1732,719,0.000000,0.717000,1.854000,1.382000,0.130539,448.475000,1
_home_max_Documents_PhD_MAPF_LNS_MAPF_LNS_SAT_mapf-map_warehouse-10-20-10-2-2_map-_home_max_Documents_PhD_MAPF_LNS_MAPF_LNS_SAT_mapf-scen-even_scen-even_warehouse-10-20-10-2-2-even-6_scen-agents50-idx3-seed42-1761041296496,0,208,20,17,45,99,1796,709,0.000000,0.809000,1.892000,1.402000,0.128441,457.515000,1
_home_max_Documents_PhD_MAPF_LNS_MAPF_LNS_SAT_mapf-map_warehouse-10-20-10-2-2_map-_home_max_Documents_PhD_MAPF_LNS_MAPF_LNS_SAT_mapf-scen-even_scen-even_warehouse-10-20-10-2-2-even-6_scen-agents50-idx4-seed42-1761041297349,0,212,29,24,57,116,1826,758,0.000000,0.759000,2.060000,1.522000,0.132155,478.006000,1
_home_max_Documents_PhD_MAPF_LNS_MAPF_LNS_SAT_mapf-map_warehouse-10-20-10-2-2_map-_home_max_Documents_PhD_MAPF_LNS_MAPF_LNS_SAT_mapf-scen-even_scen-even_warehouse-10-20-10-2-2-even-6_scen-agents50-idx5-seed42-1761041298253,0,216,31,29,53,116,1545,649,0.000000,0.712000,1.960000,1.384000,0.132202,499.678000,1
_home_max_Documents_PhD_MAPF_LNS_MAPF_LNS_SAT_mapf-map_warehouse-10-20-10-2-2_map-_home_max_Documents_PhD_MAPF_LNS_MAPF_LNS_SAT_mapf-scen-even_scen-even_warehouse-10-20-10-2-2-even-6_scen-agents50-idx6-seed42-1761041299157,0,204,25,22,52,117,1939,788,0.000000,0.994000,2.157000,1.560000,0.151051,457.569000,1
_home_max_Documents_PhD_MAPF_LNS_MAPF_LNS_SAT_mapf-map_warehouse-10-20-10-2-2_map-_home_max_Documents_PhD_MAPF_LNS_MAPF_LNS_SAT_mapf-scen-even_scen-even_warehouse-10-20-10-2-2-even-6_scen-agents50-idx7-seed42-1761041300010,0,208,29,25,55,110,2019,806,0.000000,0.846000,2.096000,1.553000,0.133595,459.312000,1
_home_max_Documents_PhD_MAPF_LNS_MAPF_LNS_SAT_mapf-map_warehouse-10-20-10-2-2_map-_home_max_Documents_PhD_MAPF_LNS_MAPF_LNS_SAT_mapf-scen-even_scen-even_warehouse-10-20-10-2-2-even-6_scen-agents50-idx8-seed42-1761041300862,0,219,20,17,39,90,1297,546,0.000000,0.537000,1.534000,1.105000,0.102253,454.879000,1
_home_max_Documents_PhD_MAPF_LNS_MAPF_LNS_SAT_mapf-map_warehouse-10-20-10-2-2_map-_home_max_Documents_PhD_MAPF_LNS_MAPF_LNS_SAT_mapf-scen-even_scen-even_warehouse-10-20-10-2-2-even-7_scen-agents50-idx0-seed42-1761041301717,0,217,31,26,66,138,3292,1130,0.000000,1.176000,2.979000,2.295000,0.207321,465.768000,1
_home_max_Documents_PhD_MAPF_LNS_MAPF_LNS_SAT_mapf-map_warehouse-10-20-10-2-2_map-_home_max_Documents_PhD_MAPF_LNS_MAPF_LNS_SAT_mapf-scen-even_scen-even_warehouse-10-20-10-2-2-even-7_scen-agents50-idx1-seed42-1761041302570,0,226,28,25,50,111,1764,701,0.000000,0.812000,2.068000,1.488000,0.140399,510.762000,1
_home_max_Documents_PhD_MAPF_LNS_MAPF_LNS_SAT_mapf-map_warehouse-10-20-10-2-2_map-_home_max_Documents_PhD_MAPF_LNS_MAPF_LNS_SAT_mapf-scen-even_scen-even_warehouse-10-20-10-2-2-even-7_scen-agents50-idx2-seed42-1761041303474,0,221,35,26,86,171,3885,1501,0.000000,1.737000,3.805000,2.986000,0.238389,545.422000,1
_home_max_Documents_PhD_MAPF_LNS_MAPF_LNS_SAT_mapf-map_warehouse-10-20-10-2-2_map-_home_max_Documents_PhD_MAPF_LNS_MAPF_LNS_SAT_mapf-scen-even_scen-even_warehouse-10-20-10-2-2-even-7_scen-agents50-idx3-seed42-1761041304426,0,218,34,28,69,144,2400,992,0.000000,1.164000,3.033000,2.226000,0.216218,557.080000,1
_home_max_Documents_PhD_MAPF_LNS_MAPF_LNS_SAT_mapf-map_warehouse-10-20-10-2-2_map-_home_max_Documents_PhD_MAPF_LNS_MAPF_LNS_SAT_mapf-scen-even_scen-even_warehouse-10-20-10-2-2-even-7_scen-agents50-idx4-seed42-1761041305378,0,218,19,15,46,90,1581,670,0.000000,0.687000,1.719000,1.292000,0.139895,437.696000,1
_home_max_Documents_PhD_MAPF_LNS_MAPF_LNS_SAT_mapf-map_warehouse-10-20-10-2-2_map-_home_max_Documents_PhD_MAPF_LNS_MAPF_LNS_SAT_mapf-scen-even_scen-even_warehouse-10-20-10-2-2-even-7_scen-agents50-idx5-seed42-1761041306181,0,219,23,19,52,110,1793,722,0.000000,0.762000,1.987000,1.471000,0.135188,440.853000,1
_home_max_Documents_PhD_MAPF_LNS_MAPF_LNS_SAT_mapf-map_warehouse-10-20-10-2-2_map-_home_max_Documents_PhD_MAPF_LNS_MAPF_LNS_SAT_mapf-scen-even_scen-even_warehouse-10-20-10-2-2-even-7_scen-agents50-idx6-seed42-1761041306983,0,221,32,22,87,171,3434,1392,0.000000,1.467000,3.394000,2.580000,0.223244,518.175000,1
_home_max_Documents_PhD_MAPF_LNS_MAPF_LNS_SAT_mapf-map_warehouse-10-20-10-2-2_map-_home_max_Documents_PhD_MAPF_LNS_MAPF_LNS_SAT_mapf-scen-even_scen-even_warehouse-10-20-10-2-2-even-7_scen-agents50-idx7-seed42-1761041307890,0,217,37,29,84,173,2904,1198,0.000000,1.252000,3.233000,2.376000,0.227475,493.736000,1
_home_max_Documents_PhD_MAPF_LNS_MAPF_LNS_SAT_mapf-map_warehouse-10-20-10-2-2_map-_home_max_Documents_PhD_MAPF_LNS_MAPF_LNS_SAT_mapf-scen-even_scen-even_warehouse-10-20-10-2-2-even-7_scen-agents50-idx8-seed42-1761041308794,0,225,26,21,60,122,2077,865,0.000000,0.879000,2.249000,1.662000,0.158459,496.359000,1
_home_max_Documents_PhD_MAPF_LNS_MAPF_LNS_SAT_mapf-map_warehouse-10-20-10-2-2_map-_home_max_Documents_PhD_MAPF_LNS_MAPF_LNS_SAT_mapf-scen-even_scen-even_warehouse-10-20-10-2-2-even-8_scen-agents50-idx0-seed42-1761041309699,0,228,28,24,56,129,1941,821,0.000000,0.840000,2.283000,1.625000,0.147077,471.166000,1
_home_max_Documents_PhD_MAPF_LNS_MAPF_LNS_SAT_mapf-map_warehouse-10-20-10-2-2_map-_home_max_Documents_PhD_MAPF_LNS_MAPF_LNS_SAT_mapf-scen-even_scen-even_warehouse-10-20-10-2-2-even-8_scen-agents50-idx1-seed42-1761041310550,0,232,28,22,59,129,2847,1037,0.000000,1.167000,2.810000,2.124000,0.242004,500.455000,1
_home_max_Documents_PhD_MAPF_LNS_MAPF_LNS_SAT_mapf-map_warehouse-10-20-10-2-2_map-_home_max_Documents_PhD_MAPF_LNS_MAPF_LNS_SAT_mapf-scen-even_scen-even_warehouse-10-20-10-2-2-even-8_scen-agents50-idx2-seed42-1761041311456,0,231,33,23,82,184,5003,1676,0.000000,2.157000,5.671000,4.283000,0.600190,535.294000,1
_home_max_Documents_PhD_MAPF_LNS_MAPF_LNS_SAT_mapf-map_warehouse-10-20-10-2-2_map-_home_max_Documents_PhD_MAPF_LNS_MAPF_LNS_SAT_mapf-scen-even_scen-even_warehouse-10-20-10-2-2-even-8_scen-agents50-idx3-seed42-1761041312408,0,220,37,30,74,152,2646,1071,0.000000,1.151000,2.874000,2.128000,0.193703,525.744000,1
_home_max_Documents_PhD_MAPF_LNS_MAPF_LNS_SAT_mapf-map_warehouse-10-20-10-2-2_map-_home_max_Documents_PhD_MAPF_LNS_MAPF_LNS_SAT_mapf-scen-even_scen-even_warehouse-10-20-10-2-2-even-8_scen-agents50-idx4-seed42-1761041313309,0,230,25,21,58,120,2007,810,0.001000,1.017000,2.202000,1.627000,0.157189,511.560000,1
_home_max_Documents_PhD_MAPF_LNS_MAPF_LNS_SAT_mapf-map_warehouse-10-20-10-2-2_map-_home_max_Documents_PhD_MAPF_LNS_MAPF_LNS_SAT_mapf-scen-even_scen-even_warehouse-10-20-10-2-2-even-8_scen-agents50-idx5-seed42-1761041314215,0,223,24,22,36,92,1064,432,0.000000,0.483000,1.446000,0.983000,0.084739,478.939000,1
_home_max_Documents_PhD_MAPF_LNS_MAPF_LNS_SAT_mapf-map_warehouse-10-20-10-2-2_map-_home_max_Documents_PhD_MAPF_LNS_MAPF_LNS_SAT_mapf-scen-even_scen-even_warehouse-10-20-10-2-2-even-8_scen-agents50-idx6-seed42-1761041315116,0,228,17,15,29,67,923,386,0.000000,0.438000,1.186000,0.834000,0.077633,438.863000,1
_home_max_Documents_PhD_MAPF_LNS_MAPF_LNS_SAT_mapf-map_warehouse-10-20-10-2-2_map-_home_max_Documents_PhD_MAPF_LNS_MAPF_LNS_SAT_mapf-scen-even_scen-even_warehouse-10-20-10-2-2-even-8_scen-agents50-idx7-seed42-1761041315971,0,217,21,19,45,91,1468,620,0.000000,0.602000,1.657000,1.207000,0.119942,461.053000,1
_home_max_Documents_PhD_MAPF_LNS_MAPF_LNS_SAT_mapf-map_warehouse-10-20-10-2-2_map-_home_max_Documents_PhD_MAPF_LNS_MAPF_LNS_SAT_mapf-scen-even_scen-even_warehouse-10-20-10-2-2-even-8_scen-agents50-idx8-seed42-1761041316821,0,230,24,18,60,113,1974,825,0.000000,0.827000,2.144000,1.600000,0.143486,506.820000,1
_home_max_Documents_PhD_MAPF_LNS_MAPF_LNS_SAT_mapf-map_warehouse-10-20-10-2-2_map-_home_max_Documents_PhD_MAPF_LNS_MAPF_LNS_SAT_mapf-scen-even_scen-even_warehouse-10-20-10-2-2-even-8_scen-agents50-idx9-seed42-1761041317726,0,225,24,21,54,113,1927,793,0.000000,0.791000,2.122000,1.549000,0.155565,480.622000,1
_home_max_Documents_PhD_MAPF_LNS_MAPF_LNS_SAT_mapf-map_warehouse-10-20-10-2-2_map-_home_max_Documents_PhD_MAPF_LNS_MAPF_LNS_SAT_mapf-scen-even_scen-even_warehouse-10-20-10-2-2-even-9_scen-agents50-idx0-seed42-1761041318628,0,221,18,16,29,63,931,388,0.000000,0.412000,1.105000,0.776000,0.063957,421.546000,1
_home_max_Documents_PhD_MAPF_LNS_MAPF_LNS_SAT_mapf-map_warehouse-10-20-10-2-2_map-_home_max_Documents_PhD_MAPF_LNS_MAPF_LNS_SAT_mapf-scen-even_scen-even_warehouse-10-20-10-2-2-even-9_scen-agents50-idx1-seed42-1761041319429,0,218,32,25,73,165,5368,1649,0.000000,2.050000,4.701000,3.767000,0.437456,515.735000,1
_home_max_Documents_PhD_MAPF_LNS_MAPF_LNS_SAT_mapf-map_warehouse-10-20-10-2-2_map-_home_max_Documents_PhD_MAPF_LNS_MAPF_LNS_SAT_mapf-scen-even_scen-even_warehouse-10-20-10-2-2-even-9_scen-agents50-idx2-seed42-1761041320332,0,216,19,15,41,70,1309,574,0.000000,0.795000,1.390000,1.048000,0.092677,445.169000,1
_home_max_Documents_PhD_MAPF_LNS_MAPF_LNS_SAT_mapf-map_warehouse-10-20-10-2-2_map-_home_max_Documents_PhD_MAPF_LNS_MAPF_LNS_SAT_mapf-scen-even_scen-even_warehouse-10-20-10-2-2-even-9_scen-agents50-idx3-seed42-1761041321188,0,221,36,35,57,116,1590,679,0.000000,0.755000,2.001000,1.418000,0.129233,507.700000,1
_home_max_Documents_PhD_MAPF_LNS_MAPF_LNS_SAT_mapf-map_warehouse-10-20-10-2-2_map-_home_max_Documents_PhD_MAPF_LNS_MAPF_LNS_SAT_mapf-scen-even_scen-even_warehouse-10-20-10-2-2-even-9_scen-agents50-idx4-seed42-1761041322090,0,219,33,26,73,148,2466,1034,0.000000,1.110000,2.708000,2.001000,0.179607,501.750000,1
_home_max_Documents_PhD_MAPF_LNS_MAPF_LNS_SAT_mapf-map_warehouse-10-20-10-2-2_map-_home_max_Documents_PhD_MAPF_LNS_MAPF_LNS_SAT_mapf-scen-even_scen-even_warehouse-10-20-10-2-2-even-9_scen-agents50-idx5-seed42-1761041322994,0,210,31,24,75,153,2683,1109,0.000000,1.154000,2.895000,2.162000,0.205320,507.875000,1
_home_max_Documents_PhD_MAPF_LNS_MAPF_LNS_SAT_mapf-map_warehouse-10-20-10-2-2_map-_home_max_Documents_PhD_MAPF_LNS_MAPF_LNS_SAT_mapf-scen-even_scen-even_warehouse-10-20-10-2-2-even-9_scen-agents50-idx6-seed42-1761041323897,0,217,26,24,47,106,1448,594,0.000000,0.804000,1.857000,1.311000,0.130971,457.622000,1
_home_max_Documents_PhD_MAPF_LNS_MAPF_LNS_SAT_mapf-map_warehouse-10-20-10-2-2_map-_home_max_Documents_PhD_MAPF_LNS_MAPF_LNS_SAT_mapf-scen-even_scen-even_warehouse-10-20-10-2-2-even-9_scen-agents50-idx7-seed42-1761041324748,0,220,18,15,39,75,1244,520,0.000000,0.518000,1.404000,1.047000,0.086993,414.439000,1
_home_max_Documents_PhD_MAPF_LNS_MAPF_LNS_SAT_mapf-map_warehouse-10-20-10-2-2_map-_home_max_Documents_PhD_MAPF_LNS_MAPF_LNS_SAT_mapf-scen-even_scen-even_warehouse-10-20-10-2-2-even-9_scen-agents50-idx8-seed42-1761041325553,0,218,27,22,68,139,2575,1018,0.000000,1.068000,2.689000,1.998000,0.189953,494.612000,1
_home_max_Documents_PhD_MAPF_LNS_MAPF_LNS_SAT_mapf-map_warehouse-10-20-10-2-2_map-_home_max_Documents_PhD_MAPF_LNS_MAPF_LNS_SAT_mapf-scen-even_scen-even_warehouse-10-20-10-2-2-even-10_scen-agents50-idx0-seed42-1761041326456,0,232,28,21,67,128,2786,1143,0.000000,1.435000,2.745000,2.097000,0.183533,551.508000,1
_home_max_Documents_PhD_MAPF_LNS_MAPF_LNS_SAT_mapf-map_warehouse-10-20-10-2-2_map-_home_max_Documents_PhD_MAPF_LNS_MAPF_LNS_SAT_mapf-scen-even_scen-even_warehouse-10-20-10-2-2-even-10_scen-agents50-idx1-seed42-1761041327410,0,215,9,8,17,46,577,233,0.000000,0.285000,0.771000,0.529000,0.053072,390.652000,1
_home_max_Documents_PhD_MAPF_LNS_MAPF_LNS_SAT_mapf-map_warehouse-10-20-10-2-2_map-_home_max_Documents_PhD_MAPF_LNS_MAPF_LNS_SAT_mapf-scen-even_scen-even_warehouse-10-20-10-2-2-even-10_scen-agents50-idx2-seed42-1761041328211,0,224,23,21,47,116,1824,767,0.000000,0.879000,2.065000,1.467000,0.149722,472.322000,1
_home_max_Documents_PhD_MAPF_LNS_MAPF_LNS_SAT_mapf-map_warehouse-10-20-10-2-2_map-_home_max_Documents_PhD_MAPF_LNS_MAPF_LNS_SAT_mapf-scen-even_scen-even_warehouse-10-20-10-2-2-even-10_scen-agents50-idx3-seed42-1761041329061,0,227,24,23,36,83,905,392,0.000000,0.447000,1.322000,0.898000,0.080637,493.338000,1
_home_max_Documents_PhD_MAPF_LNS_MAPF_LNS_SAT_mapf-map_warehouse-10-20-10-2-2_map-_home_max_Documents_PhD_MAPF_LNS_MAPF_LNS_SAT_mapf-scen-even_scen-even_warehouse-10-20-10-2-2-even-10_scen-agents50-idx4-seed42-1761041329966,0,207,35,29,77,165,3127,1227,0.000000,1.406000,3.238000,2.417000,0.227005,542.618000,1
_home_max_Documents_PhD_MAPF_LNS_MAPF_LNS_SAT_mapf-map_warehouse-10-20-10-2-2_map-_home_max_Documents_PhD_MAPF_LNS_MAPF_LNS_SAT_mapf-scen-even_scen-even_warehouse-10-20-10-2-2-even-10_scen-agents50-idx5-seed42-1761041330920,0,230,24,21,48,102,1477,621,0.000000,0.700000,1.800000,1.290000,0.119364,494.193000,1
_home_max_Documents_PhD_MAPF_LNS_MAPF_LNS_SAT_mapf-map_warehouse-10-20-10-2-2_map-_home_max_Documents_PhD_MAPF_LNS_MAPF_LNS_SAT_mapf-scen-even_scen-even_warehouse-10-20-10-2-2-even-10_scen-agents50-idx6-seed42-1761041331821,0,220,34,31,57,132,1990,830,0.000000,0.846000,2.315000,1.643000,0.139656,505.178000,1
_home_max_Documents_PhD_MAPF_LNS_MAPF_LNS_SAT_mapf-map_warehouse-10-20-10-2-2_map-_home_max_Documents_PhD_MAPF_LNS_MAPF_LNS_SAT_mapf-scen-even_scen-even_warehouse-10-20-10-2-2-even-10_scen-agents50-idx7-seed42-1761041332724,0,232,18,16,34,69,1073,451,0.000000,0.447000,1.268000,0.912000,0.082973,461.531000,1
_home_max_Documents_PhD_MAPF_LNS_MAPF_LNS_SAT_mapf-map_warehouse-10-20-10-2-2_map-_home_max_Documents_PhD_MAPF_LNS_MAPF_LNS_SAT_mapf-scen-even_scen-even_warehouse-10-20-10-2-2-even-10_scen-agents50-idx8-seed42-1761041333577,0,231,19,16,41,88,1396,581,0.000000,0.591000,1.591000,1.162000,0.115481,453.864000,1
_home_max_Documents_PhD_MAPF_LNS_MAPF_LNS_SAT_mapf-map_warehouse-10-20-10-2-2_map-_home_max_Documents_PhD_MAPF_LNS_MAPF_LNS_SAT_mapf-scen-even_scen-even_warehouse-10-20-10-2-2-even-10_scen-agents50-idx9-seed42-1761041334428,0,230,23,19,46,101,1571,657,0.000000,0.778000,1.789000,1.287000,0.113697,469.371000,1
_home_max_Documents_PhD_MAPF_LNS_MAPF_LNS_SAT_mapf-map_warehouse-10-20-10-2-2_map-_home_max_Documents_PhD_MAPF_LNS_MAPF_LNS_SAT_mapf-scen-even_scen-even_warehouse-10-20-10-2-2-even-11_scen-agents50-idx0-seed42-1761041335280,0,217,29,25,56,118,1854,774,0.000000,0.804000,2.177000,1.573000,0.156620,478.420000,1
_home_max_Documents_PhD_MAPF_LNS_MAPF_LNS_SAT_mapf-map_warehouse-10-20-10-2-2_map-_home_max_Documents_PhD_MAPF_LNS_MAPF_LNS_SAT_mapf-scen-even_scen-even_warehouse-10-20-10-2-2-even-11_scen-agents50-idx1-seed42-1761041336133,0,220,23,20,43,98,1327,553,0.000000,0.644000,1.630000,1.147000,0.101761,464.988000,1
_home_max_Documents_PhD_MAPF_LNS_MAPF_LNS_SAT_mapf-map_warehouse-10-20-10-2-2_map-_home_max_Documents_PhD_MAPF_LNS_MAPF_LNS_SAT_mapf-scen-even_scen-even_warehouse-10-20-10-2-2-even-11_scen-agents50-idx2-seed42-1761041336989,0,210,21,17,52,115,2040,811,0.003000,0.817000,2.170000,1.615000,0.181857,468.178000,1
_home_max_Documents_PhD_MAPF_LNS_MAPF_LNS_SAT_mapf-map_warehouse-10-20-10-2-2_map-_home_max_Documents_PhD_MAPF_LNS_MAPF_LNS_SAT_mapf-scen-even_scen-even_warehouse-10-20-10-2-2-even-11_scen-agents50-idx3-seed42-1761041337837,0,226,34,27,72,141,2384,1008,0.000000,1.263000,2.585000,1.914000,0.157370,520.153000,1
_home_max_Documents_PhD_MAPF_LNS_MAPF_LNS_SAT_mapf-map_warehouse-10-20-10-2-2_map-_home_max_Documents_PhD_MAPF_LNS_MAPF_LNS_SAT_mapf-scen-even_scen-even_warehouse-10-20-10-2-2-even-11_scen-agents50-idx4-seed42-1761041338744,0,220,29,22,68,132,2935,1195,0.000000,1.291000,2.823000,2.152000,0.189861,502.438000,1
_home_max_Documents_PhD_MAPF_LNS_MAPF_LNS_SAT_mapf-map_warehouse-10-20-10-2-2_map-_home_max_Documents_PhD_MAPF_LNS_MAPF_LNS_SAT_mapf-scen-even_scen-even_warehouse-10-20-10-2-2-even-11_scen-agents50-idx5-seed42-1761041339647,0,222,18,17,27,65,777,318,0.000000,0.352000,1.061000,0.732000,0.067391,458.951000,1
_home_max_Documents_PhD_MAPF_LNS_MAPF_LNS_SAT_mapf-map_warehouse-10-20-10-2-2_map-_home_max_Documents_PhD_MAPF_LNS_MAPF_LNS_SAT_mapf-scen-even_scen-even_warehouse-10-20-10-2-2-even-11_scen-agents50-idx6-seed42-1761041340501,0,215,30,28,51,115,1527,647,0.000000,0.717000,1.964000,1.368000,0.134850,506.246000,1
_home_max_Documents_PhD_MAPF_LNS_MAPF_LNS_SAT_mapf-map_warehouse-10-20-10-2-2_map-_home_max_Documents_PhD_MAPF_LNS_MAPF_LNS_SAT_mapf-scen-even_scen-even_warehouse-10-20-10-2-2-even-11_scen-agents50-idx7-seed42-1761041341453,0,225,28,25,50,115,1802,712,0.000000,0.735000,2.039000,1.480000,0.131385,468.781000,1
_home_max_Documents_PhD_MAPF_LNS_MAPF_LNS_SAT_mapf-map_warehouse-10-20-10-2-2_map-_home_max_Documents_PhD_MAPF_LNS_MAPF_LNS_SAT_mapf-scen-even_scen-even_warehouse-10-20-10-2-2-even-1_scen-agents100-idx0-seed42-1761041342308,0,225,101,85,205,432,7331,3022,0.000000,3.487000,7.921000,5.827000,0.515061,1453.804000,1
_home_max_Documents_PhD_MAPF_LNS_MAPF_LNS_SAT_mapf-map_warehouse-10-20-10-2-2_map-_home_max_Documents_PhD_MAPF_LNS_MAPF_LNS_SAT_mapf-scen-even_scen-even_warehouse-10-20-10-2-2-even-1_scen-agents100-idx1-seed42-1761041344519,0,225,102,86,214,459,15532,6157,0.002000,29.860000,13.195000,9.620000,1.040849,1516.476000,1
_home_max_Documents_PhD_MAPF_LNS_MAPF_LNS_SAT_mapf-map_warehouse-10-20-10-2-2_map-_home_max_Documents_PhD_MAPF_LNS_MAPF_LNS_SAT_mapf-scen-even_scen-even_warehouse-10-20-10-2-2-even-1_scen-agents100-idx2-seed42-1761041346771,0,227,99,77,217,479,12518,4093,0.000000,4.923000,11.231000,8.729000,1.056966,1407.680000,1
_home_max_Documents_PhD_MAPF_LNS_MAPF_LNS_SAT_mapf-map_warehouse-10-20-10-2-2_map-_home_max_Documents_PhD_MAPF_LNS_MAPF_LNS_SAT_mapf-scen-even_scen-even_warehouse-10-20-10-2-2-even-1_scen-agents100-idx3-seed42-1761041348929,0,221,89,76,170,357,6870,2638,0.000000,3.023000,7.164000,5.321000,0.410352,1344.623000,1
_home_max_Documents_PhD_MAPF_LNS_MAPF_LNS_SAT_mapf-map_warehouse-10-20-10-2-2_map-_home_max_Documents_PhD_MAPF_LNS_MAPF_LNS_SAT_mapf-scen-even_scen-even_warehouse-10-20-10-2-2-even-2_scen-agents100-idx0-seed42-1761041351036,0,215,86,69,192,422,8750,3236,0.000000,3.686000,8.691000,6.547000,0.693744,1336.787000,1
_home_max_Documents_PhD_MAPF_LNS_MAPF_LNS_SAT_mapf-map_warehouse-10-20-10-2-2_map-_home_max_Documents_PhD_MAPF_LNS_MAPF_LNS_SAT_mapf-scen-even_scen-even_warehouse-10-20-10-2-2-even-2_scen-agents100-idx1-seed42-1761041353146,0,216,70,60,131,312,5887,2220,0.000000,2.610000,6.828000,4.969000,0.537752,1175.945000,1
_home_max_Documents_PhD_MAPF_LNS_MAPF_LNS_SAT_mapf-map_warehouse-10-20-10-2-2_map-_home_max_Documents_PhD_MAPF_LNS_MAPF_LNS_SAT_mapf-scen-even_scen-even_warehouse-10-20-10-2-2-even-2_scen-agents100-idx2-seed42-1761041355102,0,206,85,65,200,397,7409,3006,0.001000,3.352000,8.006000,6.013000,0.551351,1312.020000,1
_home_max_Documents_PhD_MAPF_LNS_MAPF_LNS_SAT_mapf-map_warehouse-10-20-10-2-2_map-_home_max_Documents_PhD_MAPF_LNS_MAPF_LNS_SAT_mapf-scen-even_scen-even_warehouse-10-20-10-2-2-even-2_scen-agents100-idx3-seed42-1761041357161,0,215,96,77,227,485,8905,3560,0.000000,3.859000,9.298000,6.920000,0.680360,1404.936000,1
_home_max_Documents_PhD_MAPF_LNS_MAPF_LNS_SAT_mapf-map_warehouse-10-20-10-2-2_map-_home_max_Documents_PhD_MAPF_LNS_MAPF_LNS_SAT_mapf-scen-even_scen-even_warehouse-10-20-10-2-2-even-3_scen-agents100-idx0-seed42-1761041359313,0,217,113,97,228,502,9939,3704,0.000000,4.136000,10.067000,7.534000,0.692032,1486.680000,1
_home_max_Documents_PhD_MAPF_LNS_MAPF_LNS_SAT_mapf-map_warehouse-10-20-10-2-2_map-_home_max_Documents_PhD_MAPF_LNS_MAPF_LNS_SAT_mapf-scen-even_scen-even_warehouse-10-20-10-2-2-even-3_scen-agents100-idx1-seed42-1761041361575,0,219,108,88,239,483,9638,3929,0.000000,4.406000,9.617000,7.205000,0.611760,1485.673000,1
_home_max_Documents_PhD_MAPF_LNS_MAPF_LNS_SAT_mapf-map_warehouse-10-20-10-2-2_map-_home_max_Documents_PhD_MAPF_LNS_MAPF_LNS_SAT_mapf-scen-even_scen-even_warehouse-10-20-10-2-2-even-3_scen-agents100-idx2-seed42-1761041363778,0,220,92,79,183,388,6498,2698,0.000000,2.976000,7.264000,5.299000,0.478939,1360.992000,1
_home_max_Documents_PhD_MAPF_LNS_MAPF_LNS_SAT_mapf-map_warehouse-10-20-10-2-2_map-_home_max_Documents_PhD_MAPF_LNS_MAPF_LNS_SAT_mapf-scen-even_scen-even_warehouse-10-20-10-2-2-even-3_scen-agents100-idx3-seed42-1761041365889,0,212,114,89,265,586,22476,6134,0.000000,8.184000,16.412000,13.342000,1.346072,1509.019000,1
_home_max_Documents_PhD_MAPF_LNS_MAPF_LNS_SAT_mapf-map_warehouse-10-20-10-2-2_map-_home_max_Documents_PhD_MAPF_LNS_MAPF_LNS_SAT_mapf-scen-even_scen-even_warehouse-10-20-10-2-2-even-4_scen-agents100-idx0-seed42-1761041368144,0,223,101,77,234,498,10943,3937,0.000000,4.623000,10.588000,8.025000,0.831895,1471.484000,1
_home_max_Documents_PhD_MAPF_LNS_MAPF_LNS_SAT_mapf-map_warehouse-10-20-10-2-2_map-_home_max_Documents_PhD_MAPF_LNS_MAPF_LNS_SAT_mapf-scen-even_scen-even_warehouse-10-20-10-2-2-even-4_scen-agents100-idx1-seed42-1761041370353,0,219,103,88,207,451,7117,2967,0.001000,3.212000,8.398000,6.077000,0.553745,1415.195000,1
_home_max_Documents_PhD_MAPF_LNS_MAPF_LNS_SAT_mapf-map_warehouse-10-20-10-2-2_map-_home_max_Documents_PhD_MAPF_LNS_MAPF_LNS_SAT_mapf-scen-even_scen-even_warehouse-10-20-10-2-2-even-4_scen-agents100-idx2-seed42-1761041372510,0,216,111,93,236,475,8547,3509,0.000000,4.012000,9.346000,6.873000,0.654901,1499.652000,1
_home_max_Documents_PhD_MAPF_LNS_MAPF_LNS_SAT_mapf-map_warehouse-10-20-10-2-2_map-_home_max_Documents_PhD_MAPF_LNS_MAPF_LNS_SAT_mapf-scen-even_scen-even_warehouse-10-20-10-2-2-even-4_scen-agents100-idx3-seed42-1761041374770,0,226,106,87,219,435,7371,3071,0.000000,3.284000,7.976000,5.877000,0.508731,1436.125000,1
_home_max_Documents_PhD_MAPF_LNS_MAPF_LNS_SAT_mapf-map_warehouse-10-20-10-2-2_map-_home_max_Documents_PhD_MAPF_LNS_MAPF_LNS_SAT_mapf-scen-even_scen-even_warehouse-10-20-10-2-2-even-5_scen-agents100-idx0-seed42-1761041376978,0,207,81,65,186,392,9867,3463,0.000000,4.369000,8.785000,6.790000,0.586331,1293.297000,1
_home_max_Documents_PhD_MAPF_LNS_MAPF_LNS_SAT_mapf-map_warehouse-10-20-10-2-2_map-_home_max_Documents_PhD_MAPF_LNS_MAPF_LNS_SAT_mapf-scen-even_scen-even_warehouse-10-20-10-2-2-even-5_scen-agents100-idx1-seed42-1761041379038,0,216,86,68,190,404,7142,2886,0.000000,2.973000,7.570000,5.613000,0.517748,1284.524000,1
_home_max_Documents_PhD_MAPF_LNS_MAPF_LNS_SAT_mapf-map_warehouse-10-20-10-2-2_map-_home_max_Documents_PhD_MAPF_LNS_MAPF_LNS_SAT_mapf-scen-even_scen-even_warehouse-10-20-10-2-2-even-5_scen-agents100-idx2-seed42-1761041381092,0,211,116,100,233,516,8547,3484,0.001000,3.856000,9.666000,7.015000,0.652600,1489.675000,1
_home_max_Documents_PhD_MAPF_LNS_MAPF_LNS_SAT_mapf-map_warehouse-10-20-10-2-2_map-_home_max_Documents_PhD_MAPF_LNS_MAPF_LNS_SAT_mapf-scen-even_scen-even_warehouse-10-20-10-2-2-even-5_scen-agents100-idx3-seed42-1761041383350,0,213,103,84,242,513,34305,5994,0.000000,10.573000,19.824000,16.992000,1.238382,1469.480000,1
_home_max_Documents_PhD_MAPF_LNS_MAPF_LNS_SAT_mapf-map_warehouse-10-20-10-2-2_map-_home_max_Documents_PhD_MAPF_LNS_MAPF_LNS_SAT_mapf-scen-even_scen-even_warehouse-10-20-10-2-2-even-6_scen-agents100-idx0-seed42-1761041385553,0,221,93,72,196,431,7358,2968,0.000000,3.236000,7.969000,5.853000,0.503350,1367.681000,1
_home_max_Documents_PhD_MAPF_LNS_MAPF_LNS_SAT_mapf-map_warehouse-10-20-10-2-2_map-_home_max_Documents_PhD_MAPF_LNS_MAPF_LNS_SAT_mapf-scen-even_scen-even_warehouse-10-20-10-2-2-even-6_scen-agents100-idx1-seed42-1761041387661,0,218,87,69,201,401,10374,3753,0.000000,4.230000,8.966000,7.023000,0.566039,1351.639000,1
_home_max_Documents_PhD_MAPF_LNS_MAPF_LNS_SAT_mapf-map_warehouse-10-20-10-2-2_map-_home_max_Documents_PhD_MAPF_LNS_MAPF_LNS_SAT_mapf-scen-even_scen-even_warehouse-10-20-10-2-2-even-6_scen-agents100-idx2-seed42-1761041389768,0,216,108,89,228,475,8147,3358,0.000000,3.607000,8.896000,6.531000,0.595500,1465.631000,1
_home_max_Documents_PhD_MAPF_LNS_MAPF_LNS_SAT_mapf-map_warehouse-10-20-10-2-2_map-_home_max_Documents_PhD_MAPF_LNS_MAPF_LNS_SAT_mapf-scen-even_scen-even_warehouse-10-20-10-2-2-even-6_scen-agents100-idx3-seed42-1761041392023,0,208,103,81,236,482,9192,3706,0.003000,3.925000,9.358000,7.019000,0.619220,1385.994000,1
_home_max_Documents_PhD_MAPF_LNS_MAPF_LNS_SAT_mapf-map_warehouse-10-20-10-2-2_map-_home_max_Documents_PhD_MAPF_LNS_MAPF_LNS_SAT_mapf-scen-even_scen-even_warehouse-10-20-10-2-2-even-7_scen-agents100-idx0-seed42-1761041394182,0,226,107,83,256,523,42510,7648,0.000000,12.996000,23.581000,20.595000,1.328731,1573.513000,1
_home_max_Documents_PhD_MAPF_LNS_MAPF_LNS_SAT_mapf-map_warehouse-10-20-10-2-2_map-_home_max_Documents_PhD_MAPF_LNS_MAPF_LNS_SAT_mapf-scen-even_scen-even_warehouse-10-20-10-2-2-even-7_scen-agents100-idx1-seed42-1761041396539,0,221,140,108,314,683,14642,5322,0.000000,6.212000,14.182000,10.693000,1.047947,1753.219000,1
_home_max_Documents_PhD_MAPF_LNS_MAPF_LNS_SAT_mapf-map_warehouse-10-20-10-2-2_map-_home_max_Documents_PhD_MAPF_LNS_MAPF_LNS_SAT_mapf-scen-even_scen-even_warehouse-10-20-10-2-2-even-7_scen-agents100-idx2-seed42-1761041399048,0,219,96,78,213,449,8715,3402,0.000000,3.563000,8.803000,6.622000,0.570064,1350.735000,1
_home_max_Documents_PhD_MAPF_LNS_MAPF_LNS_SAT_mapf-map_warehouse-10-20-10-2-2_map-_home_max_Documents_PhD_MAPF_LNS_MAPF_LNS_SAT_mapf-scen-even_scen-even_warehouse-10-20-10-2-2-even-7_scen-agents100-idx3-seed42-1761041401154,0,221,111,87,259,556,9798,3999,0.001000,4.545000,12.198000,8.982000,0.807982,1533.951000,1
_home_max_Documents_PhD_MAPF_LNS_MAPF_LNS_SAT_mapf-map_warehouse-10-20-10-2-2_map-_home_max_Documents_PhD_MAPF_LNS_MAPF_LNS_SAT_mapf-scen-even_scen-even_warehouse-10-20-10-2-2-even-8_scen-agents100-idx0-seed42-1761041403459,0,232,121,102,243,521,9799,3931,0.000000,4.534000,10.468000,7.719000,0.674807,1587.942000,1
_home_max_Documents_PhD_MAPF_LNS_MAPF_LNS_SAT_mapf-map_warehouse-10-20-10-2-2_map-_home_max_Documents_PhD_MAPF_LNS_MAPF_LNS_SAT_mapf-scen-even_scen-even_warehouse-10-20-10-2-2-even-8_scen-agents100-idx1-seed42-1761041405814,0,231,130,98,299,642,34826,7433,0.006000,11.254000,21.621000,18.210000,1.324782,1715.606000,1
_home_max_Documents_PhD_MAPF_LNS_MAPF_LNS_SAT_mapf-map_warehouse-10-20-10-2-2_map-_home_max_Documents_PhD_MAPF_LNS_MAPF_LNS_SAT_mapf-scen-even_scen-even_warehouse-10-20-10-2-2-even-8_scen-agents100-idx2-seed42-1761041408267,0,230,122,90,289,598,13518,5185,0.000000,6.070000,12.564000,9.622000,0.829433,1650.948000,1
_home_max_Documents_PhD_MAPF_LNS_MAPF_LNS_SAT_mapf-map_warehouse-10-20-10-2-2_map-_home_max_Documents_PhD_MAPF_LNS_MAPF_LNS_SAT_mapf-scen-even_scen-even_warehouse-10-20-10-2-2-even-8_scen-agents100-idx3-seed42-1761041410679,0,228,103,83,229,469,9443,3716,0.000000,4.343000,9.469000,7.070000,0.598654,1443.440000,1
_home_max_Documents_PhD_MAPF_LNS_MAPF_LNS_SAT_mapf-map_warehouse-10-20-10-2-2_map-_home_max_Documents_PhD_MAPF_LNS_MAPF_LNS_SAT_mapf-scen-even_scen-even_warehouse-10-20-10-2-2-even-8_scen-agents100-idx4-seed42-1761041412886,0,230,98,80,210,406,7405,3058,0.000000,3.300000,7.714000,5.742000,0.476135,1457.346000,1
_home_max_Documents_PhD_MAPF_LNS_MAPF_LNS_SAT_mapf-map_warehouse-10-20-10-2-2_map-_home_max_Documents_PhD_MAPF_LNS_MAPF_LNS_SAT_mapf-scen-even_scen-even_warehouse-10-20-10-2-2-even-9_scen-agents100-idx0-seed42-1761041415142,0,221,94,76,196,418,8473,3221,0.000000,3.537000,8.647000,6.476000,0.610980,1380.149000,1
_home_max_Documents_PhD_MAPF_LNS_MAPF_LNS_SAT_mapf-map_warehouse-10-20-10-2-2_map-_home_max_Documents_PhD_MAPF_LNS_MAPF_LNS_SAT_mapf-scen-even_scen-even_warehouse-10-20-10-2-2-even-9_scen-agents100-idx1-seed42-1761041417298,0,221,106,93,208,430,7997,3258,0.002000,3.686000,8.562000,6.265000,0.581196,1454.538000,1
_home_max_Documents_PhD_MAPF_LNS_MAPF_LNS_SAT_mapf-map_warehouse-10-20-10-2-2_map-_home_max_Documents_PhD_MAPF_LNS_MAPF_LNS_SAT_mapf-scen-even_scen-even_warehouse-10-20-10-2-2-even-9_scen-agents100-idx2-seed42-1761041419508,0,219,129,103,294,624,11688,4679,0.000000,5.107000,12.037000,8.986000,0.803117,1656.877000,1
_home_max_Documents_PhD_MAPF_LNS_MAPF_LNS_SAT_mapf-map_warehouse-10-20-10-2-2_map-_home_max_Documents_PhD_MAPF_LNS_MAPF_LNS_SAT_mapf-scen-even_scen-even_warehouse-10-20-10-2-2-even-9_scen-agents100-idx3-seed42-1761041421917,0,220,94,81,198,422,7727,3215,0.001000,4.326000,9.722000,7.387000,0.608025,1336.976000,1
_home_max_Documents_PhD_MAPF_LNS_MAPF_LNS_SAT_mapf-map_warehouse-10-20-10-2-2_map-_home_max_Documents_PhD_MAPF_LNS_MAPF_LNS_SAT_mapf-scen-even_scen-even_warehouse-10-20-10-2-2-even-10_scen-agents100-idx0-seed42-1761041424022,0,232,87,68,211,599,55587,8853,0.001000,15.848000,32.672000,28.551000,4.656442,1467.542000,1
_home_max_Documents_PhD_MAPF_LNS_MAPF_LNS_SAT_mapf-map_warehouse-10-20-10-2-2_map-_home_max_Documents_PhD_MAPF_LNS_MAPF_LNS_SAT_mapf-scen-even_scen-even_warehouse-10-20-10-2-2-even-10_scen-agents100-idx1-seed42-1761041426230,0,227,111,88,258,551,9954,4069,0.000000,4.700000,10.757000,7.985000,0.741238,1571.046000,1
_home_max_Documents_PhD_MAPF_LNS_MAPF_LNS_SAT_mapf-map_warehouse-10-20-10-2-2_map-_home_max_Documents_PhD_MAPF_LNS_MAPF_LNS_SAT_mapf-scen-even_scen-even_warehouse-10-20-10-2-2-even-10_scen-agents100-idx2-seed42-1761041428587,0,230,101,85,215,474,8627,3378,0.000000,3.941000,9.322000,6.894000,0.626171,1542.057000,1
_home_max_Documents_PhD_MAPF_LNS_MAPF_LNS_SAT_mapf-map_warehouse-10-20-10-2-2_map-_home_max_Documents_PhD_MAPF_LNS_MAPF_LNS_SAT_mapf-scen-even_scen-even_warehouse-10-20-10-2-2-even-10_scen-agents100-idx3-seed42-1761041430892,0,232,109,89,240,504,9820,3987,0.002000,4.493000,10.041000,7.536000,0.654305,1565.230000,1
_home_max_Documents_PhD_MAPF_LNS_MAPF_LNS_SAT_mapf-map_warehouse-10-20-10-2-2_map-_home_max_Documents_PhD_MAPF_LNS_MAPF_LNS_SAT_mapf-scen-even_scen-even_warehouse-10-20-10-2-2-even-10_scen-agents100-idx4-seed42-1761041433251,0,231,89,74,187,407,6742,2810,0.000000,3.022000,7.483000,5.418000,0.491480,1355.420000,1
_home_max_Documents_PhD_MAPF_LNS_MAPF_LNS_SAT_mapf-map_warehouse-10-20-10-2-2_map-_home_max_Documents_PhD_MAPF_LNS_MAPF_LNS_SAT_mapf-scen-even_scen-even_warehouse-10-20-10-2-2-even-11_scen-agents100-idx0-seed42-1761041435358,0,220,98,86,187,403,6489,2650,0.000000,2.889000,7.300000,5.303000,0.466858,1378.136000,1
_home_max_Documents_PhD_MAPF_LNS_MAPF_LNS_SAT_mapf-map_warehouse-10-20-10-2-2_map-_home_max_Documents_PhD_MAPF_LNS_MAPF_LNS_SAT_mapf-scen-even_scen-even_warehouse-10-20-10-2-2-even-11_scen-agents100-idx1-seed42-1761041437514,0,226,96,78,200,433,7733,3136,0.002000,3.518000,8.163000,6.022000,0.554168,1421.263000,1
_home_max_Documents_PhD_MAPF_LNS_MAPF_LNS_SAT_mapf-map_warehouse-10-20-10-2-2_map-_home_max_Documents_PhD_MAPF_LNS_MAPF_LNS_SAT_mapf-scen-even_scen-even_warehouse-10-20-10-2-2-even-11_scen-agents100-idx2-seed42-1761041439724,0,222,102,80,223,448,9167,3633,0.000000,4.189000,9.200000,6.942000,0.616508,1481.676000,1
_home_max_Documents_PhD_MAPF_LNS_MAPF_LNS_SAT_mapf-map_warehouse-10-20-10-2-2_map-_home_max_Documents_PhD_MAPF_LNS_MAPF_LNS_SAT_mapf-scen-even_scen-even_warehouse-10-20-10-2-2-even-11_scen-agents100-idx3-seed42-1761041441979,0,225,105,89,216,474,10154,3724,0.000000,4.514000,9.831000,7.387000,0.641712,1474.572000,1
_home_max_Documents_PhD_MAPF_LNS_MAPF_LNS_SAT_mapf-map_warehouse-10-20-10-2-2_map-_home_max_Documents_PhD_MAPF_LNS_MAPF_LNS_SAT_mapf-scen-even_scen-even_warehouse-10-20-10-2-2-even-12_scen-agents100-idx0-seed42-1761041444237,0,231,118,99,245,512,12832,4311,0.000000,5.339000,11.688000,8.944000,0.763846,1658.141000,1
_home_max_Documents_PhD_MAPF_LNS_MAPF_LNS_SAT_mapf-map_warehouse-10-20-10-2-2_map-_home_max_Documents_PhD_MAPF_LNS_MAPF_LNS_SAT_mapf-scen-even_scen-even_warehouse-10-20-10-2-2-even-12_scen-agents100-idx1-seed42-1761041446640,0,228,112,95,210,444,7065,2937,0.000000,3.129000,8.031000,5.848000,0.491025,1447.939000,1
_home_max_Documents_PhD_MAPF_LNS_MAPF_LNS_SAT_mapf-map_warehouse-10-20-10-2-2_map-_home_max_Documents_PhD_MAPF_LNS_MAPF_LNS_SAT_mapf-scen-even_scen-even_warehouse-10-20-10-2-2-even-12_scen-agents100-idx2-seed42-1761041448848,0,230,81,73,153,322,5185,2200,0.000000,2.859000,5.891000,4.232000,0.384959,1303.289000,1
_home_max_Documents_PhD_MAPF_LNS_MAPF_LNS_SAT_mapf-map_warehouse-10-20-10-2-2_map-_home_max_Documents_PhD_MAPF_LNS_MAPF_LNS_SAT_mapf-scen-even_scen-even_warehouse-10-20-10-2-2-even-12_scen-agents100-idx3-seed42-1761041450901,0,228,103,81,245,522,11012,4205,0.000000,4.970000,10.682000,8.069000,0.710622,1533.987000,1
_home_max_Documents_PhD_MAPF_LNS_MAPF_LNS_SAT_mapf-map_warehouse-10-20-10-2-2_map-_home_max_Documents_PhD_MAPF_LNS_MAPF_LNS_SAT_mapf-scen-even_scen-even_warehouse-10-20-10-2-2-even-12_scen-agents100-idx4-seed42-1761041453156,0,229,103,88,211,459,7591,3195,0.000000,3.851000,8.590000,6.198000,0.576137,1494.217000,1
_home_max_Documents_PhD_MAPF_LNS_MAPF_LNS_SAT_mapf-map_warehouse-10-20-10-2-2_map-_home_max_Documents_PhD_MAPF_LNS_MAPF_LNS_SAT_mapf-scen-even_scen-even_warehouse-10-20-10-2-2-even-13_scen-agents100-idx0-seed42-1761041455416,0,223,110,91,231,472,8489,3420,0.000000,3.682000,9.099000,6.789000,0.595902,1479.194000,1
_home_max_Documents_PhD_MAPF_LNS_MAPF_LNS_SAT_mapf-map_warehouse-10-20-10-2-2_map-_home_max_Documents_PhD_MAPF_LNS_MAPF_LNS_SAT_mapf-scen-even_scen-even_warehouse-10-20-10-2-2-even-13_scen-agents100-idx1-seed42-1761041457677,0,226,97,74,214,456,8538,3430,0.000000,3.685000,8.754000,6.538000,0.596984,1379.985000,1
_home_max_Documents_PhD_MAPF_LNS_MAPF_LNS_SAT_mapf-map_warehouse-10-20-10-2-2_map-_home_max_Documents_PhD_MAPF_LNS_MAPF_LNS_SAT_mapf-scen-even_scen-even_warehouse-10-20-10-2-2-even-13_scen-agents100-idx2-seed42-1761041459831,0,226,91,76,188,400,8644,3559,0.001000,4.906000,8.399000,6.243000,0.562897,1384.552000,1
_home_max_Documents_PhD_MAPF_LNS_MAPF_LNS_SAT_mapf-map_warehouse-10-20-10-2-2_map-_home_max_Documents_PhD_MAPF_LNS_MAPF_LNS_SAT_mapf-scen-even_scen-even_warehouse-10-20-10-2-2-even-13_scen-agents100-idx3-seed42-1761041461935,0,220,99,79,224,525,39102,9470,0.002000,26.597000,24.206000,20.202000,2.235536,1497.065000,1
_home_max_Documents_PhD_MAPF_LNS_MAPF_LNS_SAT_mapf-map_warehouse-10-20-10-2-2_map-_home_max_Documents_PhD_MAPF_LNS_MAPF_LNS_SAT_mapf-scen-even_scen-even_warehouse-10-20-10-2-2-even-14_scen-agents100-idx0-seed42-1761041464196,0,222,106,87,232,477,9820,3927,0.000000,4.431000,9.810000,7.314000,0.632725,1457.331000,1
_home_max_Documents_PhD_MAPF_LNS_MAPF_LNS_SAT_mapf-map_warehouse-10-20-10-2-2_map-_home_max_Documents_PhD_MAPF_LNS_MAPF_LNS_SAT_mapf-scen-even_scen-even_warehouse-10-20-10-2-2-even-14_scen-agents100-idx1-seed42-1761041466400,0,225,94,79,188,394,6764,2776,0.001000,3.102000,7.394000,5.440000,0.441235,1374.978000,1
_home_max_Documents_PhD_MAPF_LNS_MAPF_LNS_SAT_mapf-map_warehouse-10-20-10-2-2_map-_home_max_Documents_PhD_MAPF_LNS_MAPF_LNS_SAT_mapf-scen-even_scen-even_warehouse-10-20-10-2-2-even-14_scen-agents100-idx2-seed42-1761041468506,0,217,97,77,221,444,8881,3558,0.000000,3.958000,8.863000,6.689000,0.586829,1420.720000,1
_home_max_Documents_PhD_MAPF_LNS_MAPF_LNS_SAT_mapf-map_warehouse-10-20-10-2-2_map-_home_max_Documents_PhD_MAPF_LNS_MAPF_LNS_SAT_mapf-scen-even_scen-even_warehouse-10-20-10-2-2-even-14_scen-agents100-idx3-seed42-1761041470663,0,223,109,85,236,474,8687,3614,0.000000,4.026000,9.149000,6.816000,0.581593,1494.119000,1
_home_max_Documents_PhD_MAPF_LNS_MAPF_LNS_SAT_mapf-map_warehouse-10-20-10-2-2_map-_home_max_Documents_PhD_MAPF_LNS_MAPF_LNS_SAT_mapf-scen-even_scen-even_warehouse-10-20-10-2-2-even-15_scen-agents100-idx0-seed42-1761041472924,0,223,99,81,218,458,9568,3786,0.000000,4.126000,9.523000,7.252000,0.628006,1448.529000,1
_home_max_Documents_PhD_MAPF_LNS_MAPF_LNS_SAT_mapf-map_warehouse-10-20-10-2-2_map-_home_max_Documents_PhD_MAPF_LNS_MAPF_LNS_SAT_mapf-scen-even_scen-even_warehouse-10-20-10-2-2-even-15_scen-agents100-idx1-seed42-1761041475134,0,220,113,93,232,490,10596,4106,0.001000,5.158000,10.511000,7.927000,0.730199,1524.766000,1
_home_max_Documents_PhD_MAPF_LNS_MAPF_LNS_SAT_mapf-map_warehouse-10-20-10-2-2_map-_home_max_Documents_PhD_MAPF_LNS_MAPF_LNS_SAT_mapf-scen-even_scen-even_warehouse-10-20-10-2-2-even-15_scen-agents100-idx2-seed42-1761041477387,0,223,102,89,189,425,6109,2508,0.000000,2.743000,7.352000,5.244000,0.456258,1433.653000,1
_home_max_Documents_PhD_MAPF_LNS_MAPF_LNS_SAT_mapf-map_warehouse-10-20-10-2-2_map-_home_max_Documents_PhD_MAPF_LNS_MAPF_LNS_SAT_mapf-scen-even_scen-even_warehouse-10-20-10-2-2-even-15_scen-agents100-idx3-seed42-1761041479595,0,222,106,88,238,541,17265,5457,0.000000,7.318000,14.080000,10.994000,1.004933,1499.813000,1
_home_max_Documents_PhD_MAPF_LNS_MAPF_LNS_SAT_mapf-map_warehouse-10-20-10-2-2_map-_home_max_Documents_PhD_MAPF_LNS_MAPF_LNS_SAT_mapf-scen-even_scen-even_warehouse-10-20-10-2-2-even-16_scen-agents100-idx0-seed42-1761041481850,0,214,100,80,219,451,8996,3618,0.000000,3.947000,8.902000,6.681000,0.562184,1399.581000,1
_home_max_Documents_PhD_MAPF_LNS_MAPF_LNS_SAT_mapf-map_warehouse-10-20-10-2-2_map-_home_max_Documents_PhD_MAPF_LNS_MAPF_LNS_SAT_mapf-scen-even_scen-even_warehouse-10-20-10-2-2-even-16_scen-agents100-idx1-seed42-1761041484006,0,220,104,81,228,465,9988,3966,0.000000,4.661000,9.968000,7.548000,0.641068,1490.081000,1
_home_max_Documents_PhD_MAPF_LNS_MAPF_LNS_SAT_mapf-map_warehouse-10-20-10-2-2_map-_home_max_Documents_PhD_MAPF_LNS_MAPF_LNS_SAT_mapf-scen-even_scen-even_warehouse-10-20-10-2-2-even-16_scen-agents100-idx2-seed42-1761041486263,0,210,86,70,182,404,27949,4903,0.000000,8.677000,15.415000,13.290000,0.704697,1267.449000,1
_home_max_Documents_PhD_MAPF_LNS_MAPF_LNS_SAT_mapf-map_warehouse-10-20-10-2-2_map-_home_max_Documents_PhD_MAPF_LNS_MAPF_LNS_SAT_mapf-scen-even_scen-even_warehouse-10-20-10-2-2-even-16_scen-agents100-idx3-seed42-1761041488272,0,218,79,68,161,323,5693,2366,0.000000,2.668000,6.185000,4.551000,0.404471,1264.243000,1
_home_max_Documents_PhD_MAPF_LNS_MAPF_LNS_SAT_mapf-map_warehouse-10-20-10-2-2_map-_home_max_Documents_PhD_MAPF_LNS_MAPF_LNS_SAT_mapf-scen-even_scen-even_warehouse-10-20-10-2-2-even-17_scen-agents100-idx0-seed42-1761041490325,0,236,95,81,191,409,6582,2720,0.000000,3.149000,8.144000,5.941000,0.537541,1515.075000,1
_home_max_Documents_PhD_MAPF_LNS_MAPF_LNS_SAT_mapf-map_warehouse-10-20-10-2-2_map-_home_max_Documents_PhD_MAPF_LNS_MAPF_LNS_SAT_mapf-scen-even_scen-even_warehouse-10-20-10-2-2-even-17_scen-agents100-idx1-seed42-1761041492631,0,230,102,84,225,481,10134,4147,0.000000,4.744000,10.035000,7.545000,0.736896,1515.724000,1
_home_max_Documents_PhD_MAPF_LNS_MAPF_LNS_SAT_mapf-map_warehouse-10-20-10-2-2_map-_home_max_Documents_PhD_MAPF_LNS_MAPF_LNS_SAT_mapf-scen-even_scen-even_warehouse-10-20-10-2-2-even-17_scen-agents100-idx2-seed42-1761041494939,0,229,87,73,199,435,10728,3846,0.000000,4.852000,9.770000,7.472000,0.705242,1388.619000,1
_home_max_Documents_PhD_MAPF_LNS_MAPF_LNS_SAT_mapf-map_warehouse-10-20-10-2-2_map-_home_max_Documents_PhD_MAPF_LNS_MAPF_LNS_SAT_mapf-scen-even_scen-even_warehouse-10-20-10-2-2-even-17_scen-agents100-idx3-seed42-1761041497098,0,233,141,115,293,670,16668,5889,0.000000,7.448000,15.556000,11.881000,1.298958,1765.747000,1
_home_max_Documents_PhD_MAPF_LNS_MAPF_LNS_SAT_mapf-map_warehouse-10-20-10-2-2_map-_home_max_Documents_PhD_MAPF_LNS_MAPF_LNS_SAT_mapf-scen-even_scen-even_warehouse-10-20-10-2-2-even-17_scen-agents100-idx4-seed42-1761041499654,0,235,106,88,224,483,8273,3401,0.000000,3.847000,9.119000,6.707000,0.630358,1573.382000,1
_home_max_Documents_PhD_MAPF_LNS_MAPF_LNS_SAT_mapf-map_warehouse-10-20-10-2-2_map-_home_max_Documents_PhD_MAPF_LNS_MAPF_LNS_SAT_mapf-scen-even_scen-even_warehouse-10-20-10-2-2-even-18_scen-agents100-idx0-seed42-1761041501958,0,223,83,67,178,376,6195,2566,0.002000,2.664000,7.003000,5.141000,0.471337,1292.525000,1
_home_max_Documents_PhD_MAPF_LNS_MAPF_LNS_SAT_mapf-map_warehouse-10-20-10-2-2_map-_home_max_Documents_PhD_MAPF_LNS_MAPF_LNS_SAT_mapf-scen-even_scen-even_warehouse-10-20-10-2-2-even-18_scen-agents100-idx1-seed42-1761041504020,0,223,105,86,208,453,7690,3174,0.002000,3.674000,8.849000,6.438000,0.641212,1476.034000,1
_home_max_Documents_PhD_MAPF_LNS_MAPF_LNS_SAT_mapf-map_warehouse-10-20-10-2-2_map-_home_max_Documents_PhD_MAPF_LNS_MAPF_LNS_SAT_mapf-scen-even_scen-even_warehouse-10-20-10-2-2-even-18_scen-agents100-idx2-seed42-1761041506278,0,225,95,79,199,413,8756,3407,0.009000,4.154000,9.341000,7.128000,0.643709,1487.334000,1
_home_max_Documents_PhD_MAPF_LNS_MAPF_LNS_SAT_mapf-map_warehouse-10-20-10-2-2_map-_home_max_Documents_PhD_MAPF_LNS_MAPF_LNS_SAT_mapf-scen-even_scen-even_warehouse-10-20-10-2-2-even-18_scen-agents100-idx3-seed42-1761041508530,0,226,109,82,271,539,84487,12707,0.002000,31.530000,40.341000,36.940000,1.921603,1766.648000,1
_home_max_Documents_PhD_MAPF_LNS_MAPF_LNS_SAT_mapf-map_warehouse-10-20-10-2-2_map-_home_max_Documents_PhD_MAPF_LNS_MAPF_LNS_SAT_mapf-scen-even_scen-even_warehouse-10-20-10-2-2-even-19_scen-agents100-idx0-seed42-1761041511038,0,218,129,104,286,625,10564,4396,0.000000,4.960000,11.466000,8.404000,0.747051,1590.668000,1
_home_max_Documents_PhD_MAPF_LNS_MAPF_LNS_SAT_mapf-map_warehouse-10-20-10-2-2_map-_home_max_Documents_PhD_MAPF_LNS_MAPF_LNS_SAT_mapf-scen-even_scen-even_warehouse-10-20-10-2-2-even-19_scen-agents100-idx1-seed42-1761041513395,0,221,89,77,197,403,7802,3163,0.000000,3.337000,8.100000,6.060000,0.572298,1348.934000,1
_home_max_Documents_PhD_MAPF_LNS_MAPF_LNS_SAT_mapf-map_warehouse-10-20-10-2-2_map-_home_max_Documents_PhD_MAPF_LNS_MAPF_LNS_SAT_mapf-scen-even_scen-even_warehouse-10-20-10-2-2-even-19_scen-agents100-idx2-seed42-1761041515507,0,221,103,82,235,488,9575,3848,0.000000,4.418000,9.581000,7.178000,0.643752,1513.341000,1
_home_max_Documents_PhD_MAPF_LNS_MAPF_LNS_SAT_mapf-map_warehouse-10-20-10-2-2_map-_home_max_Documents_PhD_MAPF_LNS_MAPF_LNS_SAT_mapf-scen-even_scen-even_warehouse-10-20-10-2-2-even-19_scen-agents100-idx3-seed42-1761041517762,0,219,85,71,179,372,7121,2875,0.000000,3.175000,7.427000,5.527000,0.499242,1315.006000,1
_home_max_Documents_PhD_MAPF_LNS_MAPF_LNS_SAT_mapf-map_warehouse-10-20-10-2-2_map-_home_max_Documents_PhD_MAPF_LNS_MAPF_LNS_SAT_mapf-scen-even_scen-even_warehouse-10-20-10-2-2-even-20_scen-agents100-idx0-seed42-1761041519822,0,221,78,70,126,265,3657,1566,0.002000,1.742000,4.821000,3.383000,0.311932,1183.423000,1
_home_max_Documents_PhD_MAPF_LNS_MAPF_LNS_SAT_mapf-map_warehouse-10-20-10-2-2_map-_home_max_Documents_PhD_MAPF_LNS_MAPF_LNS_SAT_mapf-scen-even_scen-even_warehouse-10-20-10-2-2-even-20_scen-agents100-idx1-seed42-1761041521783,0,225,103,89,207,411,6981,2906,0.000000,3.116000,7.716000,5.660000,0.525416,1488.349000,1
_home_max_Documents_PhD_MAPF_LNS_MAPF_LNS_SAT_mapf-map_warehouse-10-20-10-2-2_map-_home_max_Documents_PhD_MAPF_LNS_MAPF_LNS_SAT_mapf-scen-even_scen-even_warehouse-10-20-10-2-2-even-20_scen-agents100-idx2-seed42-1761041524038,0,227,102,82,223,460,8810,3570,0.000000,4.003000,9.016000,6.735000,0.604973,1446.727000,1
_home_max_Documents_PhD_MAPF_LNS_MAPF_LNS_SAT_mapf-map_warehouse-10-20-10-2-2_map-_home_max_Documents_PhD_MAPF_LNS_MAPF_LNS_SAT_mapf-scen-even_scen-even_warehouse-10-20-10-2-2-even-20_scen-agents100-idx3-seed42-1761041526245,0,227,112,94,242,472,8162,3380,0.000000,3.685000,8.749000,6.467000,0.540685,1513.197000,1
_home_max_Documents_PhD_MAPF_LNS_MAPF_LNS_SAT_mapf-map_warehouse-10-20-10-2-2_map-_home_max_Documents_PhD_MAPF_LNS_MAPF_LNS_SAT_mapf-scen-even_scen-even_warehouse-10-20-10-2-2-even-21_scen-agents100-idx0-seed42-1761041528503,0,215,106,89,225,482,7580,3134,0.000000,3.323000,8.426000,6.176000,0.561725,1426.746000,1
_home_max_Documents_PhD_MAPF_LNS_MAPF_LNS_SAT_mapf-map_warehouse-10-20-10-2-2_map-_home_max_Documents_PhD_MAPF_LNS_MAPF_LNS_SAT_mapf-scen-even_scen-even_warehouse-10-20-10-2-2-even-21_scen-agents100-idx1-seed42-1761041530710,0,216,93,78,182,414,6870,2715,0.000000,3.024000,7.677000,5.587000,0.519570,1307.716000,1
_home_max_Documents_PhD_MAPF_LNS_MAPF_LNS_SAT_mapf-map_warehouse-10-20-10-2-2_map-_home_max_Documents_PhD_MAPF_LNS_MAPF_LNS_SAT_mapf-scen-even_scen-even_warehouse-10-20-10-2-2-even-21_scen-agents100-idx2-seed42-1761041532769,0,219,124,99,270,535,9745,4090,0.000000,4.566000,10.380000,7.752000,0.690237,1569.118000,1
_home_max_Documents_PhD_MAPF_LNS_MAPF_LNS_SAT_mapf-map_warehouse-10-20-10-2-2_map-_home_max_Documents_PhD_MAPF_LNS_MAPF_LNS_SAT_mapf-scen-even_scen-even_warehouse-10-20-10-2-2-even-21_scen-agents100-idx3-seed42-1761041535072,0,216,95,79,200,419,6914,2902,0.000000,3.404000,7.988000,5.821000,0.548420,1363.775000,1
_home_max_Documents_PhD_MAPF_LNS_MAPF_LNS_SAT_mapf-map_warehouse-10-20-10-2-2_map-_home_max_Documents_PhD_MAPF_LNS_MAPF_LNS_SAT_mapf-scen-even_scen-even_warehouse-10-20-10-2-2-even-22_scen-agents100-idx0-seed42-1761041537179,0,220,82,70,164,352,5842,2333,0.000000,2.500000,6.436000,4.693000,0.422771,1259.724000,1
_home_max_Documents_PhD_MAPF_LNS_MAPF_LNS_SAT_mapf-map_warehouse-10-20-10-2-2_map-_home_max_Documents_PhD_MAPF_LNS_MAPF_LNS_SAT_mapf-scen-even_scen-even_warehouse-10-20-10-2-2-even-22_scen-agents100-idx1-seed42-1761041539183,0,223,97,81,190,384,11708,4010,0.000000,4.967000,9.632000,7.523000,0.588446,1431.085000,1
_home_max_Documents_PhD_MAPF_LNS_MAPF_LNS_SAT_mapf-map_warehouse-10-20-10-2-2_map-_home_max_Documents_PhD_MAPF_LNS_MAPF_LNS_SAT_mapf-scen-even_scen-even_warehouse-10-20-10-2-2-even-22_scen-agents100-idx2-seed42-1761041541395,0,227,89,73,179,396,6792,2751,0.000000,3.023000,7.545000,5.522000,0.519923,1373.405000,1
_home_max_Documents_PhD_MAPF_LNS_MAPF_LNS_SAT_mapf-map_warehouse-10-20-10-2-2_map-_home_max_Documents_PhD_MAPF_LNS_MAPF_LNS_SAT_mapf-scen-even_scen-even_warehouse-10-20-10-2-2-even-22_scen-agents100-idx3-seed42-1761041543552,0,225,106,81,227,456,8485,3484,0.000000,3.750000,8.792000,6.577000,0.591707,1431.965000,1
_home_max_Documents_PhD_MAPF_LNS_MAPF_LNS_SAT_mapf-map_warehouse-10-20-10-2-2_map-_home_max_Documents_PhD_MAPF_LNS_MAPF_LNS_SAT_mapf-scen-even_scen-even_warehouse-10-20-10-2-2-even-23_scen-agents100-idx0-seed42-1761041545761,0,218,101,88,208,442,8619,3390,0.000000,3.727000,8.849000,6.588000,0.599745,1412.659000,1
_home_max_Documents_PhD_MAPF_LNS_MAPF_LNS_SAT_mapf-map_warehouse-10-20-10-2-2_map-_home_max_Documents_PhD_MAPF_LNS_MAPF_LNS_SAT_mapf-scen-even_scen-even_warehouse-10-20-10-2-2-even-23_scen-agents100-idx1-seed42-1761041547916,0,225,88,76,173,357,5640,2347,0.000000,2.665000,6.556000,4.797000,0.433677,1359.469000,1
_home_max_Documents_PhD_MAPF_LNS_MAPF_LNS_SAT_mapf-map_warehouse-10-20-10-2-2_map-_home_max_Documents_PhD_MAPF_LNS_MAPF_LNS_SAT_mapf-scen-even_scen-even_warehouse-10-20-10-2-2-even-23_scen-agents100-idx2-seed42-1761041550024,0,219,98,88,186,406,6861,2784,0.000000,3.028000,7.817000,5.637000,0.530142,1391.134000,1
_home_max_Documents_PhD_MAPF_LNS_MAPF_LNS_SAT_mapf-map_warehouse-10-20-10-2-2_map-_home_max_Documents_PhD_MAPF_LNS_MAPF_LNS_SAT_mapf-scen-even_scen-even_warehouse-10-20-10-2-2-even-23_scen-agents100-idx3-seed42-1761041552181,0,226,106,88,222,482,8694,3418,0.000000,3.896000,9.261000,6.852000,0.626017,1476.335000,1
_home_max_Documents_PhD_MAPF_LNS_MAPF_LNS_SAT_mapf-map_warehouse-10-20-10-2-2_map-_home_max_Documents_PhD_MAPF_LNS_MAPF_LNS_SAT_mapf-scen-even_scen-even_warehouse-10-20-10-2-2-even-24_scen-agents100-idx0-seed42-1761041554441,0,229,106,89,225,480,9421,3704,0.000000,4.067000,9.739000,7.264000,0.662413,1515.583000,1
_home_max_Documents_PhD_MAPF_LNS_MAPF_LNS_SAT_mapf-map_warehouse-10-20-10-2-2_map-_home_max_Documents_PhD_MAPF_LNS_MAPF_LNS_SAT_mapf-scen-even_scen-even_warehouse-10-20-10-2-2-even-24_scen-agents100-idx1-seed42-1761041556696,0,227,90,77,178,393,6653,2697,0.000000,3.094000,7.436000,5.420000,0.477482,1381.414000,1
_home_max_Documents_PhD_MAPF_LNS_MAPF_LNS_SAT_mapf-map_warehouse-10-20-10-2-2_map-_home_max_Documents_PhD_MAPF_LNS_MAPF_LNS_SAT_mapf-scen-even_scen-even_warehouse-10-20-10-2-2-even-24_scen-agents100-idx2-seed42-1761041558855,0,226,93,75,196,403,7568,3085,0.000000,3.471000,7.788000,5.859000,0.493748,1401.919000,1
_home_max_Documents_PhD_MAPF_LNS_MAPF_LNS_SAT_mapf-map_warehouse-10-20-10-2-2_map-_home_max_Documents_PhD_MAPF_LNS_MAPF_LNS_SAT_mapf-scen-even_scen-even_warehouse-10-20-10-2-2-even-24_scen-agents100-idx3-seed42-1761041561012,0,231,112,91,242,531,13900,4645,0.000000,6.284000,12.214000,9.375000,0.833495,1585.607000,1
_home_max_Documents_PhD_MAPF_LNS_MAPF_LNS_SAT_mapf-map_warehouse-10-20-10-2-2_map-_home_max_Documents_PhD_MAPF_LNS_MAPF_LNS_SAT_mapf-scen-even_scen-even_warehouse-10-20-10-2-2-even-1_scen-agents200-idx0-seed42-1761041563374,0,225,372,299,799,1747,2972671,84064,0.025000,1472.673000,3261.859000,3234.678000,29.632312,11789.088000,1
_home_max_Documents_PhD_MAPF_LNS_MAPF_LNS_SAT_mapf-map_warehouse-10-20-10-2-2_map-_home_max_Documents_PhD_MAPF_LNS_MAPF_LNS_SAT_mapf-scen-even_scen-even_warehouse-10-20-10-2-2-even-1_scen-agents200-idx1-seed42-1761041576661,0,227,351,284,762,1747,203577,35508,0.030000,79.266000,110.744000,97.601000,8.996517,7063.446000,1
_home_max_Documents_PhD_MAPF_LNS_MAPF_LNS_SAT_mapf-map_warehouse-10-20-10-2-2_map-_home_max_Documents_PhD_MAPF_LNS_MAPF_LNS_SAT_mapf-scen-even_scen-even_warehouse-10-20-10-2-2-even-2_scen-agents200-idx0-seed42-1761041585179,0,216,343,283,732,1625,35569,13279,0.006000,16.145000,36.264000,27.142000,2.801217,6060.240000,1
_home_max_Documents_PhD_MAPF_LNS_MAPF_LNS_SAT_mapf-map_warehouse-10-20-10-2-2_map-_home_max_Documents_PhD_MAPF_LNS_MAPF_LNS_SAT_mapf-scen-even_scen-even_warehouse-10-20-10-2-2-even-2_scen-agents200-idx1-seed42-1761041592706,0,215,388,302,887,1860,47301,17084,0.013000,20.823000,45.294000,34.678000,3.378410,6796.853000,1
_home_max_Documents_PhD_MAPF_LNS_MAPF_LNS_SAT_mapf-map_warehouse-10-20-10-2-2_map-_home_max_Documents_PhD_MAPF_LNS_MAPF_LNS_SAT_mapf-scen-even_scen-even_warehouse-10-20-10-2-2-even-3_scen-agents200-idx0-seed42-1761041600989,0,219,412,338,867,1841,58118,18021,0.009000,23.837000,48.122000,37.852000,3.124340,7128.474000,1
_home_max_Documents_PhD_MAPF_LNS_MAPF_LNS_SAT_mapf-map_warehouse-10-20-10-2-2_map-_home_max_Documents_PhD_MAPF_LNS_MAPF_LNS_SAT_mapf-scen-even_scen-even_warehouse-10-20-10-2-2-even-3_scen-agents200-idx1-seed42-1761041609611,0,220,403,315,926,1997,881094,67442,0.038000,337.129000,524.345000,508.709000,15.745837,8321.419000,1
_home_max_Documents_PhD_MAPF_LNS_MAPF_LNS_SAT_mapf-map_warehouse-10-20-10-2-2_map-_home_max_Documents_PhD_MAPF_LNS_MAPF_LNS_SAT_mapf-scen-even_scen-even_warehouse-10-20-10-2-2-even-4_scen-agents200-idx0-seed42-1761041619390,0,223,401,329,876,1922,47987,17150,0.010000,21.587000,46.548000,35.630000,3.250770,7188.527000,1
_home_max_Documents_PhD_MAPF_LNS_MAPF_LNS_SAT_mapf-map_warehouse-10-20-10-2-2_map-_home_max_Documents_PhD_MAPF_LNS_MAPF_LNS_SAT_mapf-scen-even_scen-even_warehouse-10-20-10-2-2-even-4_scen-agents200-idx1-seed42-1761041628074,0,226,381,321,789,1776,243528,25444,0.006000,88.454000,121.229000,109.831000,7.643732,7037.030000,1
_home_max_Documents_PhD_MAPF_LNS_MAPF_LNS_SAT_mapf-map_warehouse-10-20-10-2-2_map-_home_max_Documents_PhD_MAPF_LNS_MAPF_LNS_SAT_mapf-scen-even_scen-even_warehouse-10-20-10-2-2-even-5_scen-agents200-idx0-seed42-1761041636602,0,216,356,272,890,2098,1871146,75552,0.045000,867.301000,794.901000,773.147000,31.339222,8532.250000,1
_home_max_Documents_PhD_MAPF_LNS_MAPF_LNS_SAT_mapf-map_warehouse-10-20-10-2-2_map-_home_max_Documents_PhD_MAPF_LNS_MAPF_LNS_SAT_mapf-scen-even_scen-even_warehouse-10-20-10-2-2-even-5_scen-agents200-idx1-seed42-1761041646626,0,213,391,318,846,1977,598767,86534,0.040000,222.953000,470.505000,454.782000,12.167142,7693.590000,1
_home_max_Documents_PhD_MAPF_LNS_MAPF_LNS_SAT_mapf-map_warehouse-10-20-10-2-2_map-_home_max_Documents_PhD_MAPF_LNS_MAPF_LNS_SAT_mapf-scen-even_scen-even_warehouse-10-20-10-2-2-even-6_scen-agents200-idx0-seed42-1761041655798,0,221,388,303,825,1922,87083,20227,0.010000,32.351000,62.597000,50.996000,6.094041,6861.001000,1
_home_max_Documents_PhD_MAPF_LNS_MAPF_LNS_SAT_mapf-map_warehouse-10-20-10-2-2_map-_home_max_Documents_PhD_MAPF_LNS_MAPF_LNS_SAT_mapf-scen-even_scen-even_warehouse-10-20-10-2-2-even-6_scen-agents200-idx1-seed42-1761041664115,0,216,388,317,848,1866,62874,18230,0.016000,25.847000,51.634000,40.710000,4.859993,6790.605000,1
_home_max_Documents_PhD_MAPF_LNS_MAPF_LNS_SAT_mapf-map_warehouse-10-20-10-2-2_map-_home_max_Documents_PhD_MAPF_LNS_MAPF_LNS_SAT_mapf-scen-even_scen-even_warehouse-10-20-10-2-2-even-7_scen-agents200-idx0-seed42-1761041672392,0,226,435,340,1016,2270,3062962,107201,0.032000,1876.312000,3238.501000,3205.916000,33.240077,13480.716000,1
_home_max_Documents_PhD_MAPF_LNS_MAPF_LNS_SAT_mapf-map_warehouse-10-20-10-2-2_map-_home_max_Documents_PhD_MAPF_LNS_MAPF_LNS_SAT_mapf-scen-even_scen-even_warehouse-10-20-10-2-2-even-7_scen-agents200-idx1-seed42-1761041687341,0,221,407,329,915,2118,76451,20689,0.011000,27.785000,60.694000,48.639000,6.347635,7143.149000,1
_home_max_Documents_PhD_MAPF_LNS_MAPF_LNS_SAT_mapf-map_warehouse-10-20-10-2-2_map-_home_max_Documents_PhD_MAPF_LNS_MAPF_LNS_SAT_mapf-scen-even_scen-even_warehouse-10-20-10-2-2-even-8_scen-agents200-idx0-seed42-1761041695920,0,232,438,350,958,2265,131836,27680,0.011000,45.276000,87.783000,72.910000,9.457922,8212.540000,1
_home_max_Documents_PhD_MAPF_LNS_MAPF_LNS_SAT_mapf-map_warehouse-10-20-10-2-2_map-_home_max_Documents_PhD_MAPF_LNS_MAPF_LNS_SAT_mapf-scen-even_scen-even_warehouse-10-20-10-2-2-even-8_scen-agents200-idx1-seed42-1761041705600,0,230,372,300,824,1770,61331,19156,0.010000,27.016000,48.795000,38.364000,3.405686,7031.745000,1
_home_max_Documents_PhD_MAPF_LNS_MAPF_LNS_SAT_mapf-map_warehouse-10-20-10-2-2_map-_home_max_Documents_PhD_MAPF_LNS_MAPF_LNS_SAT_mapf-scen-even_scen-even_warehouse-10-20-10-2-2-even-9_scen-agents200-idx0-seed42-1761041714131,0,221,392,330,787,1683,53861,16746,0.019000,21.804000,45.427000,35.536000,3.617616,6836.999000,1
_home_max_Documents_PhD_MAPF_LNS_MAPF_LNS_SAT_mapf-map_warehouse-10-20-10-2-2_map-_home_max_Documents_PhD_MAPF_LNS_MAPF_LNS_SAT_mapf-scen-even_scen-even_warehouse-10-20-10-2-2-even-9_scen-agents200-idx1-seed42-1761041722457,0,220,417,331,906,1947,48636,17695,0.016000,22.461000,45.691000,34.663000,3.435775,7175.124000,1
_home_max_Documents_PhD_MAPF_LNS_MAPF_LNS_SAT_mapf-map_warehouse-10-20-10-2-2_map-_home_max_Documents_PhD_MAPF_LNS_MAPF_LNS_SAT_mapf-scen-even_scen-even_warehouse-10-20-10-2-2-even-10_scen-agents200-idx0-seed42-1761041731083,0,232,362,286,802,1905,166812,27522,0.006000,49.576000,99.272000,86.874000,12.653805,7169.944000,1
_home_max_Documents_PhD_MAPF_LNS_MAPF_LNS_SAT_mapf-map_warehouse-10-20-10-2-2_map-_home_max_Documents_PhD_MAPF_LNS_MAPF_LNS_SAT_mapf-scen-even_scen-even_warehouse-10-20-10-2-2-even-10_scen-agents200-idx1-seed42-1761041739758,0,232,414,353,856,1873,50239,17927,0.020000,25.118000,45.712000,34.773000,3.330127,7852.215000,1
_home_max_Documents_PhD_MAPF_LNS_MAPF_LNS_SAT_mapf-map_warehouse-10-20-10-2-2_map-_home_max_Documents_PhD_MAPF_LNS_MAPF_LNS_SAT_mapf-scen-even_scen-even_warehouse-10-20-10-2-2-even-11_scen-agents200-idx0-seed42-1761041749082,0,226,412,337,885,1892,62942,16880,0.011000,25.374000,48.498000,38.092000,2.965109,7382.557000,1
_home_max_Documents_PhD_MAPF_LNS_MAPF_LNS_SAT_mapf-map_warehouse-10-20-10-2-2_map-_home_max_Documents_PhD_MAPF_LNS_MAPF_LNS_SAT_mapf-scen-even_scen-even_warehouse-10-20-10-2-2-even-11_scen-agents200-idx1-seed42-1761041757966,0,225,414,322,923,2181,581146,55871,0.053000,215.743000,263.228000,244.788000,15.973105,8251.628000,1
_home_max_Documents_PhD_MAPF_LNS_MAPF_LNS_SAT_mapf-map_warehouse-10-20-10-2-2_map-_home_max_Documents_PhD_MAPF_LNS_MAPF_LNS_SAT_mapf-scen-even_scen-even_warehouse-10-20-10-2-2-even-12_scen-agents200-idx0-seed42-1761041767691,0,231,393,334,788,1735,44022,14883,0.008000,19.641000,40.350000,30.659000,2.877639,7070.987000,1
_home_max_Documents_PhD_MAPF_LNS_MAPF_LNS_SAT_mapf-map_warehouse-10-20-10-2-2_map-_home_max_Documents_PhD_MAPF_LNS_MAPF_LNS_SAT_mapf-scen-even_scen-even_warehouse-10-20-10-2-2-even-12_scen-agents200-idx1-seed42-1761041776220,0,230,352,301,720,1515,64730,16603,0.017000,26.265000,47.007000,38.262000,3.848162,6827.117000,1
_home_max_Documents_PhD_MAPF_LNS_MAPF_LNS_SAT_mapf-map_warehouse-10-20-10-2-2_map-_home_max_Documents_PhD_MAPF_LNS_MAPF_LNS_SAT_mapf-scen-even_scen-even_warehouse-10-20-10-2-2-even-13_scen-agents200-idx0-seed42-1761041784549,0,226,373,302,840,1846,78044,20685,0.022000,30.097000,62.621000,51.379000,5.590370,6956.736000,1
_home_max_Documents_PhD_MAPF_LNS_MAPF_LNS_SAT_mapf-map_warehouse-20-40-10-2-2_map-_home_max_Documents_PhD_MAPF_LNS_MAPF_LNS_SAT_mapf-scen-even_scen-even_warehouse-20-40-10-2-2-even-1_scen-agents10-idx0-seed42-1761042163101,0,446,0,0,0,0,0,0,0.000000,0.000000,0.000000,0.000000,0.000000,562.042000,1
_home_max_Documents_PhD_MAPF_LNS_MAPF_LNS_SAT_mapf-map_warehouse-20-40-10-2-2_map-_home_max_Documents_PhD_MAPF_LNS_MAPF_LNS_SAT_mapf-scen-even_scen-even_warehouse-20-40-10-2-2-even-1_scen-agents10-idx1-seed42-1761042164106,0,362,0,0,0,0,0,0,0.000000,0.000000,0.000000,0.000000,0.000000,463.292000,1
_home_max_Documents_PhD_MAPF_LNS_MAPF_LNS_SAT_mapf-map_warehouse-20-40-10-2-2_map-_home_max_Documents_PhD_MAPF_LNS_MAPF_LNS_SAT_mapf-scen-even_scen-even_warehouse-20-40-10-2-2-even-1_scen-agents10-idx2-seed42-1761042165012,0,420,0,0,0,0,0,0,0.000000,0.000000,0.000000,0.000000,0.000000,598.834000,1
_home_max_Documents_PhD_MAPF_LNS_MAPF_LNS_SAT_mapf-map_warehouse-20-40-10-2-2_map-_home_max_Documents_PhD_MAPF_LNS_MAPF_LNS_SAT_mapf-scen-even_scen-even_warehouse-20-40-10-2-2-even-1_scen-agents10-idx3-seed42-1761042166068,0,450,1,1,1,4,22,9,0.000000,0.016000,0.067000,0.044000,0.008182,526.098000,1
_home_max_Documents_PhD_MAPF_LNS_MAPF_LNS_SAT_mapf-map_warehouse-20-40-10-2-2_map-_home_max_Documents_PhD_MAPF_LNS_MAPF_LNS_SAT_mapf-scen-even_scen-even_warehouse-20-40-10-2-2-even-1_scen-agents10-idx4-seed42-1761042167015,0,389,0,0,0,0,0,0,0.000000,0.000000,0.000000,0.000000,0.000000,443.515000,1
_home_max_Documents_PhD_MAPF_LNS_MAPF_LNS_SAT_mapf-map_warehouse-20-40-10-2-2_map-_home_max_Documents_PhD_MAPF_LNS_MAPF_LNS_SAT_mapf-scen-even_scen-even_warehouse-20-40-10-2-2-even-1_scen-agents10-idx5-seed42-1761042167868,0,427,0,0,0,0,0,0,0.000000,0.000000,0.000000,0.000000,0.000000,423.174000,1
_home_max_Documents_PhD_MAPF_LNS_MAPF_LNS_SAT_mapf-map_warehouse-20-40-10-2-2_map-_home_max_Documents_PhD_MAPF_LNS_MAPF_LNS_SAT_mapf-scen-even_scen-even_warehouse-20-40-10-2-2-even-1_scen-agents10-idx6-seed42-1761042168724,0,428,0,0,0,0,0,0,0.000000,0.000000,0.000000,0.000000,0.000000,466.401000,1
_home_max_Documents_PhD_MAPF_LNS_MAPF_LNS_SAT_mapf-map_warehouse-20-40-10-2-2_map-_home_max_Documents_PhD_MAPF_LNS_MAPF_LNS_SAT_mapf-scen-even_scen-even_warehouse-20-40-10-2-2-even-1_scen-agents10-idx7-seed42-1761042169629,0,365,0,0,0,0,0,0,0.000000,0.000000,0.000000,0.000000,0.000000,429.418000,1
_home_max_Documents_PhD_MAPF_LNS_MAPF_LNS_SAT_mapf-map_warehouse-20-40-10-2-2_map-_home_max_Documents_PhD_MAPF_LNS_MAPF_LNS_SAT_mapf-scen-even_scen-even_warehouse-20-40-10-2-2-even-1_scen-agents10-idx8-seed42-1761042170479,0,432,0,0,0,0,0,0,0.000000,0.000000,0.000000,0.000000,0.000000,587.477000,1
_home_max_Documents_PhD_MAPF_LNS_MAPF_LNS_SAT_mapf-map_warehouse-20-40-10-2-2_map-_home_max_Documents_PhD_MAPF_LNS_MAPF_LNS_SAT_mapf-scen-even_scen-even_warehouse-20-40-10-2-2-even-1_scen-agents10-idx9-seed42-1761042171480,0,433,2,2,4,7,123,49,0.000000,0.074000,0.183000,0.136000,0.015311,522.736000,1
_home_max_Documents_PhD_MAPF_LNS_MAPF_LNS_SAT_mapf-map_warehouse-20-40-10-2-2_map-_home_max_Documents_PhD_MAPF_LNS_MAPF_LNS_SAT_mapf-scen-even_scen-even_warehouse-20-40-10-2-2-even-1_scen-agents10-idx10-seed42-1761042172435,0,452,0,0,0,0,0,0,0.000000,0.000000,0.000000,0.000000,0.000000,531.738000,1
_home_max_Documents_PhD_MAPF_LNS_MAPF_LNS_SAT_mapf-map_warehouse-20-40-10-2-2_map-_home_max_Documents_PhD_MAPF_LNS_MAPF_LNS_SAT_mapf-scen-even_scen-even_warehouse-20-40-10-2-2-even-1_scen-agents10-idx11-seed42-1761042173390,0,446,1,1,1,4,22,9,0.000000,0.021000,0.066000,0.041000,0.008614,512.620000,1
_home_max_Documents_PhD_MAPF_LNS_MAPF_LNS_SAT_mapf-map_warehouse-20-40-10-2-2_map-_home_max_Documents_PhD_MAPF_LNS_MAPF_LNS_SAT_mapf-scen-even_scen-even_warehouse-20-40-10-2-2-even-1_scen-agents10-idx12-seed42-1761042174342,0,415,0,0,0,0,0,0,0.000000,0.000000,0.000000,0.000000,0.000000,493.485000,1
_home_max_Documents_PhD_MAPF_LNS_MAPF_LNS_SAT_mapf-map_warehouse-20-40-10-2-2_map-_home_max_Documents_PhD_MAPF_LNS_MAPF_LNS_SAT_mapf-scen-even_scen-even_warehouse-20-40-10-2-2-even-1_scen-agents10-idx13-seed42-1761042175241,0,460,0,0,0,0,0,0,0.000000,0.000000,0.000000,0.000000,0.000000,483.825000,1
_home_max_Documents_PhD_MAPF_LNS_MAPF_LNS_SAT_mapf-map_warehouse-20-40-10-2-2_map-_home_max_Documents_PhD_MAPF_LNS_MAPF_LNS_SAT_mapf-scen-even_scen-even_warehouse-20-40-10-2-2-even-1_scen-agents10-idx14-seed42-1761042176148,0,379,0,0,0,0,0,0,0.000000,0.000000,0.000000,0.000000,0.000000,475.824000,1
_home_max_Documents_PhD_MAPF_LNS_MAPF_LNS_SAT_mapf-map_warehouse-20-40-10-2-2_map-_home_max_Documents_PhD_MAPF_LNS_MAPF_LNS_SAT_mapf-scen-even_scen-even_warehouse-20-40-10-2-2-even-1_scen-agents10-idx15-seed42-1761042177052,0,414,1,1,2,3,86,43,0.000000,0.199000,0.100000,0.078000,0.013120,492.839000,1
_home_max_Documents_PhD_MAPF_LNS_MAPF_LNS_SAT_mapf-map_warehouse-20-40-10-2-2_map-_home_max_Documents_PhD_MAPF_LNS_MAPF_LNS_SAT_mapf-scen-even_scen-even_warehouse-20-40-10-2-2-even-1_scen-agents10-idx16-seed42-1761042178006,0,436,0,0,0,0,0,0,0.000000,0.000000,0.000000,0.000000,0.000000,617.225000,1
_home_max_Documents_PhD_MAPF_LNS_MAPF_LNS_SAT_mapf-map_warehouse-20-40-10-2-2_map-_home_max_Documents_PhD_MAPF_LNS_MAPF_LNS_SAT_mapf-scen-even_scen-even_warehouse-20-40-10-2-2-even-1_scen-agents10-idx17-seed42-1761042179062,0,445,0,0,0,0,0,0,0.000000,0.000000,0.000000,0.000000,0.000000,524.333000,1
_home_max_Documents_PhD_MAPF_LNS_MAPF_LNS_SAT_mapf-map_warehouse-20-40-10-2-2_map-_home_max_Documents_PhD_MAPF_LNS_MAPF_LNS_SAT_mapf-scen-even_scen-even_warehouse-20-40-10-2-2-even-1_scen-agents10-idx18-seed42-1761042180012,0,452,0,0,0,0,0,0,0.000000,0.000000,0.000000,0.000000,0.000000,497.888000,1
_home_max_Documents_PhD_MAPF_LNS_MAPF_LNS_SAT_mapf-map_warehouse-20-40-10-2-2_map-_home_max_Documents_PhD_MAPF_LNS_MAPF_LNS_SAT_mapf-scen-even_scen-even_warehouse-20-40-10-2-2-even-1_scen-agents10-idx19-seed42-1761042180912,0,412,0,0,0,0,0,0,0.000000,0.000000,0.000000,0.000000,0.000000,540.978000,1
_home_max_Documents_PhD_MAPF_LNS_MAPF_LNS_SAT_mapf-map_warehouse-20-40-10-2-2_map-_home_max_Documents_PhD_MAPF_LNS_MAPF_LNS_SAT_mapf-scen-even_scen-even_warehouse-20-40-10-2-2-even-1_scen-agents10-idx20-seed42-1761042181865,0,460,0,0,0,0,0,0,0.000000,0.000000,0.000000,0.000000,0.000000,512.760000,1
_home_max_Documents_PhD_MAPF_LNS_MAPF_LNS_SAT_mapf-map_warehouse-20-40-10-2-2_map-_home_max_Documents_PhD_MAPF_LNS_MAPF_LNS_SAT_mapf-scen-even_scen-even_warehouse-20-40-10-2-2-even-1_scen-agents10-idx21-seed42-1761042182769,0,419,0,0,0,0,0,0,0.000000,0.000000,0.000000,0.000000,0.000000,466.963000,1
_home_max_Documents_PhD_MAPF_LNS_MAPF_LNS_SAT_mapf-map_warehouse-20-40-10-2-2_map-_home_max_Documents_PhD_MAPF_LNS_MAPF_LNS_SAT_mapf-scen-even_scen-even_warehouse-20-40-10-2-2-even-1_scen-agents10-idx22-seed42-1761042183676,0,427,0,0,0,0,0,0,0.000000,0.000000,0.000000,0.000000,0.000000,446.508000,1
_home_max_Documents_PhD_MAPF_LNS_MAPF_LNS_SAT_mapf-map_warehouse-20-40-10-2-2_map-_home_max_Documents_PhD_MAPF_LNS_MAPF_LNS_SAT_mapf-scen-even_scen-even_warehouse-20-40-10-2-2-even-1_scen-agents10-idx23-seed42-1761042184524,0,400,0,0,0,0,0,0,0.000000,0.000000,0.000000,0.000000,0.000000,506.482000,1
_home_max_Documents_PhD_MAPF_LNS_MAPF_LNS_SAT_mapf-map_warehouse-20-40-10-2-2_map-_home_max_Documents_PhD_MAPF_LNS_MAPF_LNS_SAT_mapf-scen-even_scen-even_warehouse-20-40-10-2-2-even-1_scen-agents10-idx24-seed42-1761042185482,0,447,2,2,4,9,118,48,0.000000,0.083000,0.179000,0.126000,0.020137,508.661000,1
_home_max_Documents_PhD_MAPF_LNS_MAPF_LNS_SAT_mapf-map_warehouse-20-40-10-2-2_map-_home_max_Documents_PhD_MAPF_LNS_MAPF_LNS_SAT_mapf-scen-even_scen-even_warehouse-20-40-10-2-2-even-1_scen-agents10-idx25-seed42-1761042186437,0,321,0,0,0,0,0,0,0.000000,0.000000,0.000000,0.000000,0.000000,430.940000,1
_home_max_Documents_PhD_MAPF_LNS_MAPF_LNS_SAT_mapf-map_warehouse-20-40-10-2-2_map-_home_max_Documents_PhD_MAPF_LNS_MAPF_LNS_SAT_mapf-scen-even_scen-even_warehouse-20-40-10-2-2-even-1_scen-agents10-idx26-seed42-1761042187287,0,434,0,0,0,0,0,0,0.000000,0.000000,0.000000,0.000000,0.000000,553.134000,1
_home_max_Documents_PhD_MAPF_LNS_MAPF_LNS_SAT_mapf-map_warehouse-20-40-10-2-2_map-_home_max_Documents_PhD_MAPF_LNS_MAPF_LNS_SAT_mapf-scen-even_scen-even_warehouse-20-40-10-2-2-even-1_scen-agents10-idx27-seed42-1761042188239,0,426,1,1,1,4,22,9,0.000000,0.023000,0.062000,0.040000,0.008202,427.583000,1
_home_max_Documents_PhD_MAPF_LNS_MAPF_LNS_SAT_mapf-map_warehouse-20-40-10-2-2_map-_home_max_Documents_PhD_MAPF_LNS_MAPF_LNS_SAT_mapf-scen-even_scen-even_warehouse-20-40-10-2-2-even-1_scen-agents10-idx28-seed42-1761042189097,0,452,0,0,0,0,0,0,0.000000,0.000000,0.000000,0.000000,0.000000,576.558000,1
_home_max_Documents_PhD_MAPF_LNS_MAPF_LNS_SAT_mapf-map_warehouse-20-40-10-2-2_map-_home_max_Documents_PhD_MAPF_LNS_MAPF_LNS_SAT_mapf-scen-even_scen-even_warehouse-20-40-10-2-2-even-1_scen-agents10-idx29-seed42-1761042190101,0,445,0,0,0,0,0,0,0.000000,0.000000,0.000000,0.000000,0.000000,466.294000,1
_home_max_Documents_PhD_MAPF_LNS_MAPF_LNS_SAT_mapf-map_warehouse-20-40-10-2-2_map-_home_max_Documents_PhD_MAPF_LNS_MAPF_LNS_SAT_mapf-scen-even_scen-even_warehouse-20-40-10-2-2-even-1_scen-agents10-idx30-seed42-1761042191006,0,380,0,0,0,0,0,0,0.000000,0.000000,0.000000,0.000000,0.000000,477.088000,1
_home_max_Documents_PhD_MAPF_LNS_MAPF_LNS_SAT_mapf-map_warehouse-20-40-10-2-2_map-_home_max_Documents_PhD_MAPF_LNS_MAPF_LNS_SAT_mapf-scen-even_scen-even_warehouse-20-40-10-2-2-even-1_scen-agents10-idx31-seed42-1761042191908,0,466,0,0,0,0,0,0,0.000000,0.000000,0.000000,0.000000,0.000000,643.519000,1
_home_max_Documents_PhD_MAPF_LNS_MAPF_LNS_SAT_mapf-map_warehouse-20-40-10-2-2_map-_home_max_Documents_PhD_MAPF_LNS_MAPF_LNS_SAT_mapf-scen-even_scen-even_warehouse-20-40-10-2-2-even-1_scen-agents10-idx32-seed42-1761042193011,0,311,0,0,0,0,0,0,0.000000,0.000000,0.000000,0.000000,0.000000,372.101000,1
_home_max_Documents_PhD_MAPF_LNS_MAPF_LNS_SAT_mapf-map_warehouse-20-40-10-2-2_map-_home_max_Documents_PhD_MAPF_LNS_MAPF_LNS_SAT_mapf-scen-even_scen-even_warehouse-20-40-10-2-2-even-1_scen-agents10-idx33-seed42-1761042193816,0,359,3,2,9,16,372,143,0.000000,0.193000,0.358000,0.281000,0.031190,432.865000,1
_home_max_Documents_PhD_MAPF_LNS_MAPF_LNS_SAT_mapf-map_warehouse-20-40-10-2-2_map-_home_max_Documents_PhD_MAPF_LNS_MAPF_LNS_SAT_mapf-scen-even_scen-even_warehouse-20-40-10-2-2-even-1_scen-agents10-idx34-seed42-1761042194663,0,462,1,1,1,4,22,9,0.000000,0.015000,0.066000,0.042000,0.008869,442.788000,1
_home_max_Documents_PhD_MAPF_LNS_MAPF_LNS_SAT_mapf-map_warehouse-20-40-10-2-2_map-_home_max_Documents_PhD_MAPF_LNS_MAPF_LNS_SAT_mapf-scen-even_scen-even_warehouse-20-40-10-2-2-even-1_scen-agents10-idx35-seed42-1761042195517,0,427,0,0,0,0,0,0,0.000000,0.000000,0.000000,0.000000,0.000000,428.744000,1
_home_max_Documents_PhD_MAPF_LNS_MAPF_LNS_SAT_mapf-map_warehouse-20-40-10-2-2_map-_home_max_Documents_PhD_MAPF_LNS_MAPF_LNS_SAT_mapf-scen-even_scen-even_warehouse-20-40-10-2-2-even-1_scen-agents10-idx36-seed42-1761042196376,0,435,0,0,0,0,0,0,0.000000,0.000000,0.000000,0.000000,0.000000,592.859000,1
_home_max_Documents_PhD_MAPF_LNS_MAPF_LNS_SAT_mapf-map_warehouse-20-40-10-2-2_map-_home_max_Documents_PhD_MAPF_LNS_MAPF_LNS_SAT_mapf-scen-even_scen-even_warehouse-20-40-10-2-2-even-1_scen-agents10-idx37-seed42-1761042197430,0,384,0,0,0,0,0,0,0.000000,0.000000,0.000000,0.000000,0.000000,435.457000,1
_home_max_Documents_PhD_MAPF_LNS_MAPF_LNS_SAT_mapf-map_warehouse-20-40-10-2-2_map-_home_max_Documents_PhD_MAPF_LNS_MAPF_LNS_SAT_mapf-scen-even_scen-even_warehouse-20-40-10-2-2-even-1_scen-agents10-idx38-seed42-1761042198277,0,436,0,0,0,0,0,0,0.000000,0.000000,0.000000,0.000000,0.000000,508.504000,1
_home_max_Documents_PhD_MAPF_LNS_MAPF_LNS_SAT_mapf-map_warehouse-20-40-10-2-2_map-_home_max_Documents_PhD_MAPF_LNS_MAPF_LNS_SAT_mapf-scen-even_scen-even_warehouse-20-40-10-2-2-even-1_scen-agents10-idx39-seed42-1761042199234,0,462,1,1,1,2,25,10,0.000000,0.015000,0.053000,0.038000,0.009231,499.582000,1
_home_max_Documents_PhD_MAPF_LNS_MAPF_LNS_SAT_mapf-map_warehouse-20-40-10-2-2_map-_home_max_Documents_PhD_MAPF_LNS_MAPF_LNS_SAT_mapf-scen-even_scen-even_warehouse-20-40-10-2-2-even-1_scen-agents10-idx40-seed42-1761042200132,0,439,0,0,0,0,0,0,0.000000,0.000000,0.000000,0.000000,0.000000,418.265000,1
_home_max_Documents_PhD_MAPF_LNS_MAPF_LNS_SAT_mapf-map_warehouse-20-40-10-2-2_map-_home_max_Documents_PhD_MAPF_LNS_MAPF_LNS_SAT_mapf-scen-even_scen-even_warehouse-20-40-10-2-2-even-1_scen-agents10-idx41-seed42-1761042200988,0,426,0,0,0,0,0,0,0.000000,0.000000,0.000000,0.000000,0.000000,442.153000,1
_home_max_Documents_PhD_MAPF_LNS_MAPF_LNS_SAT_mapf-map_warehouse-20-40-10-2-2_map-_home_max_Documents_PhD_MAPF_LNS_MAPF_LNS_SAT_mapf-scen-even_scen-even_warehouse-20-40-10-2-2-even-1_scen-agents10-idx42-seed42-1761042201836,0,382,0,0,0,0,0,0,0.000000,0.000000,0.000000,0.000000,0.000000,429.178000,1
_home_max_Documents_PhD_MAPF_LNS_MAPF_LNS_SAT_mapf-map_warehouse-20-40-10-2-2_map-_home_max_Documents_PhD_MAPF_LNS_MAPF_LNS_SAT_mapf-scen-even_scen-even_warehouse-20-40-10-2-2-even-1_scen-agents10-idx43-seed42-1761042202693,0,447,0,0,0,0,0,0,0.000000,0.000000,0.000000,0.000000,0.000000,521.987000,1
_home_max_Documents_PhD_MAPF_LNS_MAPF_LNS_SAT_mapf-map_warehouse-20-40-10-2-2_map-_home_max_Documents_PhD_MAPF_LNS_MAPF_LNS_SAT_mapf-scen-even_scen-even_warehouse-20-40-10-2-2-even-1_scen-agents10-idx44-seed42-1761042203649,0,439,1,1,2,4,33,17,0.000000,0.035000,0.081000,0.057000,0.016485,544.126000,1
_home_max_Documents_PhD_MAPF_LNS_MAPF_LNS_SAT_mapf-map_warehouse-20-40-10-2-2_map-_home_max_Documents_PhD_MAPF_LNS_MAPF_LNS_SAT_mapf-scen-even_scen-even_warehouse-20-40-10-2-2-even-1_scen-agents10-idx45-seed42-1761042204598,0,441,0,0,0,0,0,0,0.000000,0.000000,0.000000,0.000000,0.000000,500.059000,1
_home_max_Documents_PhD_MAPF_LNS_MAPF_LNS_SAT_mapf-map_warehouse-20-40-10-2-2_map-_home_max_Documents_PhD_MAPF_LNS_MAPF_LNS_SAT_mapf-scen-even_scen-even_warehouse-20-40-10-2-2-even-1_scen-agents10-idx46-seed42-1761042205501,0,444,0,0,0,0,0,0,0.000000,0.000000,0.000000,0.000000,0.000000,456.980000,1
_home_max_Documents_PhD_MAPF_LNS_MAPF_LNS_SAT_mapf-map_warehouse-20-40-10-2-2_map-_home_max_Documents_PhD_MAPF_LNS_MAPF_LNS_SAT_mapf-scen-even_scen-even_warehouse-20-40-10-2-2-even-1_scen-agents10-idx47-seed42-1761042206406,0,402,1,1,1,4,22,9,0.000000,0.016000,0.065000,0.041000,0.008473,424.443000,1
_home_max_Documents_PhD_MAPF_LNS_MAPF_LNS_SAT_mapf-map_warehouse-20-40-10-2-2_map-_home_max_Documents_PhD_MAPF_LNS_MAPF_LNS_SAT_mapf-scen-even_scen-even_warehouse-20-40-10-2-2-even-1_scen-agents10-idx48-seed42-1761042207255,0,415,0,0,0,0,0,0,0.000000,0.000000,0.000000,0.000000,0.000000,460.362000,1
_home_max_Documents_PhD_MAPF_LNS_MAPF_LNS_SAT_mapf-map_warehouse-20-40-10-2-2_map-_home_max_Documents_PhD_MAPF_LNS_MAPF_LNS_SAT_mapf-scen-even_scen-even_warehouse-20-40-10-2-2-even-1_scen-agents10-idx49-seed42-1761042208106,0,403,0,0,0,0,0,0,0.000000,0.000000,0.000000,0.000000,0.000000,471.873000,1
_home_max_Documents_PhD_MAPF_LNS_MAPF_LNS_SAT_mapf-map_warehouse-20-40-10-2-2_map-_home_max_Documents_PhD_MAPF_LNS_MAPF_LNS_SAT_mapf-scen-even_scen-even_warehouse-20-40-10-2-2-even-1_scen-agents10-idx50-seed42-1761042209013,0,380,0,0,0,0,0,0,0.000000,0.000000,0.000000,0.000000,0.000000,489.052000,1
_home_max_Documents_PhD_MAPF_LNS_MAPF_LNS_SAT_mapf-map_warehouse-20-40-10-2-2_map-_home_max_Documents_PhD_MAPF_LNS_MAPF_LNS_SAT_mapf-scen-even_scen-even_warehouse-20-40-10-2-2-even-1_scen-agents10-idx51-seed42-1761042209915,0,454,0,0,0,0,0,0,0.000000,0.000000,0.000000,0.000000,0.000000,614.318000,1
_home_max_Documents_PhD_MAPF_LNS_MAPF_LNS_SAT_mapf-map_warehouse-20-40-10-2-2_map-_home_max_Documents_PhD_MAPF_LNS_MAPF_LNS_SAT_mapf-scen-even_scen-even_warehouse-20-40-10-2-2-even-1_scen-agents10-idx52-seed42-1761042210974,0,262,1,1,3,7,93,38,0.000000,0.045000,0.133000,0.095000,0.017203,395.195000,1
_home_max_Documents_PhD_MAPF_LNS_MAPF_LNS_SAT_mapf-map_warehouse-20-40-10-2-2_map-_home_max_Documents_PhD_MAPF_LNS_MAPF_LNS_SAT_mapf-scen-even_scen-even_warehouse-20-40-10-2-2-even-1_scen-agents10-idx53-seed42-1761042211771,0,419,1,1,1,4,22,9,0.000000,0.016000,0.066000,0.041000,0.008244,461.129000,1
_home_max_Documents_PhD_MAPF_LNS_MAPF_LNS_SAT_mapf-map_warehouse-20-40-10-2-2_map-_home_max_Documents_PhD_MAPF_LNS_MAPF_LNS_SAT_mapf-scen-even_scen-even_warehouse-20-40-10-2-2-even-1_scen-agents10-idx54-seed42-1761042212624,0,432,0,0,0,0,0,0,0.000000,0.000000,0.000000,0.000000,0.000000,512.027000,1
_home_max_Documents_PhD_MAPF_LNS_MAPF_LNS_SAT_mapf-map_warehouse-20-40-10-2-2_map-_home_max_Documents_PhD_MAPF_LNS_MAPF_LNS_SAT_mapf-scen-even_scen-even_warehouse-20-40-10-2-2-even-1_scen-agents10-idx55-seed42-1761042213580,0,367,1,1,1,3,22,11,0.000000,0.011000,0.062000,0.041000,0.008014,444.542000,1
_home_max_Documents_PhD_MAPF_LNS_MAPF_LNS_SAT_mapf-map_warehouse-20-40-10-2-2_map-_home_max_Documents_PhD_MAPF_LNS_MAPF_LNS_SAT_mapf-scen-even_scen-even_warehouse-20-40-10-2-2-even-1_scen-agents10-idx56-seed42-1761042214428,0,426,2,2,6,14,210,80,0.000000,0.128000,0.302000,0.218000,0.027023,504.265000,1
_home_max_Documents_PhD_MAPF_LNS_MAPF_LNS_SAT_mapf-map_warehouse-20-40-10-2-2_map-_home_max_Documents_PhD_MAPF_LNS_MAPF_LNS_SAT_mapf-scen-even_scen-even_warehouse-20-40-10-2-2-even-1_scen-agents10-idx57-seed42-1761042215331,0,442,0,0,0,0,0,0,0.000000,0.000000,0.000000,0.000000,0.000000,546.465000,1
_home_max_Documents_PhD_MAPF_LNS_MAPF_LNS_SAT_mapf-map_warehouse-20-40-10-2-2_map-_home_max_Documents_PhD_MAPF_LNS_MAPF_LNS_SAT_mapf-scen-even_scen-even_warehouse-20-40-10-2-2-even-1_scen-agents10-idx58-seed42-1761042216283,0,435,0,0,0,0,0,0,0.000000,0.000000,0.000000,0.000000,0.000000,440.064000,1
_home_max_Documents_PhD_MAPF_LNS_MAPF_LNS_SAT_mapf-map_warehouse-20-40-10-2-2_map-_home_max_Documents_PhD_MAPF_LNS_MAPF_LNS_SAT_mapf-scen-even_scen-even_warehouse-20-40-10-2-2-even-1_scen-agents10-idx59-seed42-1761042217138,0,423,0,0,0,0,0,0,0.000000,0.000000,0.000000,0.000000,0.000000,440.528000,1
_home_max_Documents_PhD_MAPF_LNS_MAPF_LNS_SAT_mapf-map_warehouse-20-40-10-2-2_map-_home_max_Documents_PhD_MAPF_LNS_MAPF_LNS_SAT_mapf-scen-even_scen-even_warehouse-20-40-10-2-2-even-1_scen-agents10-idx60-seed42-1761042217987,0,399,2,1,7,13,282,117,0.000000,0.222000,0.279000,0.220000,0.026269,415.902000,1
_home_max_Documents_PhD_MAPF_LNS_MAPF_LNS_SAT_mapf-map_warehouse-20-40-10-2-2_map-_home_max_Documents_PhD_MAPF_LNS_MAPF_LNS_SAT_mapf-scen-even_scen-even_warehouse-20-40-10-2-2-even-1_scen-agents10-idx61-seed42-1761042218843,0,426,1,1,1,1,24,10,0.000000,0.013000,0.048000,0.038000,0.007316,522.371000,1
_home_max_Documents_PhD_MAPF_LNS_MAPF_LNS_SAT_mapf-map_warehouse-20-40-10-2-2_map-_home_max_Documents_PhD_MAPF_LNS_MAPF_LNS_SAT_mapf-scen-even_scen-even_warehouse-20-40-10-2-2-even-1_scen-agents10-idx62-seed42-1761042219798,0,411,0,0,0,0,0,0,0.000000,0.000000,0.000000,0.000000,0.000000,475.258000,1
_home_max_Documents_PhD_MAPF_LNS_MAPF_LNS_SAT_mapf-map_warehouse-20-40-10-2-2_map-_home_max_Documents_PhD_MAPF_LNS_MAPF_LNS_SAT_mapf-scen-even_scen-even_warehouse-20-40-10-2-2-even-1_scen-agents10-idx63-seed42-1761042220700,0,429,0,0,0,0,0,0,0.000000,0.000000,0.000000,0.000000,0.000000,469.525000,1
_home_max_Documents_PhD_MAPF_LNS_MAPF_LNS_SAT_mapf-map_warehouse-20-40-10-2-2_map-_home_max_Documents_PhD_MAPF_LNS_MAPF_LNS_SAT_mapf-scen-even_scen-even_warehouse-20-40-10-2-2-even-1_scen-agents10-idx64-seed42-1761042221605,0,451,0,0,0,0,0,0,0.000000,0.000000,0.000000,0.000000,0.000000,535.670000,1
_home_max_Documents_PhD_MAPF_LNS_MAPF_LNS_SAT_mapf-map_warehouse-20-40-10-2-2_map-_home_max_Documents_PhD_MAPF_LNS_MAPF_LNS_SAT_mapf-scen-even_scen-even_warehouse-20-40-10-2-2-even-1_scen-agents10-idx65-seed42-1761042222553,0,412,0,0,0,0,0,0,0.000000,0.000000,0.000000,0.000000,0.000000,466.884000,1
_home_max_Documents_PhD_MAPF_LNS_MAPF_LNS_SAT_mapf-map_warehouse-20-40-10-2-2_map-_home_max_Documents_PhD_MAPF_LNS_MAPF_LNS_SAT_mapf-scen-even_scen-even_warehouse-20-40-10-2-2-even-1_scen-agents10-idx66-seed42-1761042223461,0,462,3,3,3,12,66,27,0.000000,0.060000,0.211000,0.130000,0.016145,667.506000,1
_home_max_Documents_PhD_MAPF_LNS_MAPF_LNS_SAT_mapf-map_warehouse-20-40-10-2-2_map-_home_max_Documents_PhD_MAPF_LNS_MAPF_LNS_SAT_mapf-scen-even_scen-even_warehouse-20-40-10-2-2-even-1_scen-agents10-idx67-seed42-1761042224561,0,435,0,0,0,0,0,0,0.000000,0.000000,0.000000,0.000000,0.000000,548.116000,1
_home_max_Documents_PhD_MAPF_LNS_MAPF_LNS_SAT_mapf-map_warehouse-20-40-10-2-2_map-_home_max_Documents_PhD_MAPF_LNS_MAPF_LNS_SAT_mapf-scen-even_scen-even_warehouse-20-40-10-2-2-even-1_scen-agents10-idx68-seed42-1761042225513,0,383,0,0,0,0,0,0,0.000000,0.000000,0.000000,0.000000,0.000000,433.452000,1
_home_max_Documents_PhD_MAPF_LNS_MAPF_LNS_SAT_mapf-map_warehouse-20-40-10-2-2_map-_home_max_Documents_PhD_MAPF_LNS_MAPF_LNS_SAT_mapf-scen-even_scen-even_warehouse-20-40-10-2-2-even-1_scen-agents10-idx69-seed42-1761042226371,0,450,0,0,0,0,0,0,0.000000,0.000000,0.000000,0.000000,0.000000,460.030000,1
_home_max_Documents_PhD_MAPF_LNS_MAPF_LNS_SAT_mapf-map_warehouse-20-40-10-2-2_map-_home_max_Documents_PhD_MAPF_LNS_MAPF_LNS_SAT_mapf-scen-even_scen-even_warehouse-20-40-10-2-2-even-1_scen-agents10-idx70-seed42-1761042227272,0,374,0,0,0,0,0,0,0.000000,0.000000,0.000000,0.000000,0.000000,418.653000,1
_home_max_Documents_PhD_MAPF_LNS_MAPF_LNS_SAT_mapf-map_warehouse-20-40-10-2-2_map-_home_max_Documents_PhD_MAPF_LNS_MAPF_LNS_SAT_mapf-scen-even_scen-even_warehouse-20-40-10-2-2-even-1_scen-agents10-idx71-seed42-1761042228127,0,465,1,1,1,2,25,10,0.000000,0.021000,0.055000,0.040000,0.008367,530.643000,1
_home_max_Documents_PhD_MAPF_LNS_MAPF_LNS_SAT_mapf-map_warehouse-20-40-10-2-2_map-_home_max_Documents_PhD_MAPF_LNS_MAPF_LNS_SAT_mapf-scen-even_scen-even_warehouse-20-40-10-2-2-even-1_scen-agents10-idx72-seed42-1761042229080,0,387,0,0,0,0,0,0,0.000000,0.000000,0.000000,0.000000,0.000000,418.624000,1
_home_max_Documents_PhD_MAPF_LNS_MAPF_LNS_SAT_mapf-map_warehouse-20-40-10-2-2_map-_home_max_Documents_PhD_MAPF_LNS_MAPF_LNS_SAT_mapf-scen-even_scen-even_warehouse-20-40-10-2-2-even-1_scen-agents10-idx73-seed42-1761042229933,0,356,0,0,0,0,0,0,0.000000,0.000000,0.000000,0.000000,0.000000,474.322000,1
_home_max_Documents_PhD_MAPF_LNS_MAPF_LNS_SAT_mapf-map_warehouse-20-40-10-2-2_map-_home_max_Documents_PhD_MAPF_LNS_MAPF_LNS_SAT_mapf-scen-even_scen-even_warehouse-20-40-10-2-2-even-1_scen-agents10-idx74-seed42-1761042230838,0,447,0,0,0,0,0,0,0.000000,0.000000,0.000000,0.000000,0.000000,507.552000,1
_home_max_Documents_PhD_MAPF_LNS_MAPF_LNS_SAT_mapf-map_warehouse-20-40-10-2-2_map-_home_max_Documents_PhD_MAPF_LNS_MAPF_LNS_SAT_mapf-scen-even_scen-even_warehouse-20-40-10-2-2-even-1_scen-agents10-idx75-seed42-1761042231739,0,410,1,1,3,7,93,38,0.000000,0.037000,0.137000,0.096000,0.016375,446.737000,1
_home_max_Documents_PhD_MAPF_LNS_MAPF_LNS_SAT_mapf-map_warehouse-20-40-10-2-2_map-_home_max_Documents_PhD_MAPF_LNS_MAPF_LNS_SAT_mapf-scen-even_scen-even_warehouse-20-40-10-2-2-even-1_scen-agents10-idx76-seed42-1761042232591,0,410,0,0,0,0,0,0,0.000000,0.000000,0.000000,0.000000,0.000000,403.438000,1
_home_max_Documents_PhD_MAPF_LNS_MAPF_LNS_SAT_mapf-map_warehouse-20-40-10-2-2_map-_home_max_Documents_PhD_MAPF_LNS_MAPF_LNS_SAT_mapf-scen-even_scen-even_warehouse-20-40-10-2-2-even-1_scen-agents10-idx77-seed42-1761042233396,0,459,0,0,0,0,0,0,0.000000,0.000000,0.000000,0.000000,0.000000,620.744000,1
_home_max_Documents_PhD_MAPF_LNS_MAPF_LNS_SAT_mapf-map_warehouse-20-40-10-2-2_map-_home_max_Documents_PhD_MAPF_LNS_MAPF_LNS_SAT_mapf-scen-even_scen-even_warehouse-20-40-10-2-2-even-1_scen-agents10-idx78-seed42-1761042234455,0,412,0,0,0,0,0,0,0.000000,0.000000,0.000000,0.000000,0.000000,529.856000,1
_home_max_Documents_PhD_MAPF_LNS_MAPF_LNS_SAT_mapf-map_warehouse-20-40-10-2-2_map-_home_max_Documents_PhD_MAPF_LNS_MAPF_LNS_SAT_mapf-scen-even_scen-even_warehouse-20-40-10-2-2-even-1_scen-agents10-idx79-seed42-1761042235457,0,394,0,0,0,0,0,0,0.000000,0.000000,0.000000,0.000000,0.000000,494.826000,1
_home_max_Documents_PhD_MAPF_LNS_MAPF_LNS_SAT_mapf-map_warehouse-20-40-10-2-2_map-_home_max_Documents_PhD_MAPF_LNS_MAPF_LNS_SAT_mapf-scen-even_scen-even_warehouse-20-40-10-2-2-even-1_scen-agents10-idx80-seed42-1761042236357,0,440,0,0,0,0,0,0,0.000000,0.000000,0.000000,0.000000,0.000000,560.831000,1
_home_max_Documents_PhD_MAPF_LNS_MAPF_LNS_SAT_mapf-map_warehouse-20-40-10-2-2_map-_home_max_Documents_PhD_MAPF_LNS_MAPF_LNS_SAT_mapf-scen-even_scen-even_warehouse-20-40-10-2-2-even-1_scen-agents10-idx81-seed42-1761042237312,0,425,0,0,0,0,0,0,0.000000,0.000000,0.000000,0.000000,0.000000,465.035000,1
_home_max_Documents_PhD_MAPF_LNS_MAPF_LNS_SAT_mapf-map_warehouse-20-40-10-2-2_map-_home_max_Documents_PhD_MAPF_LNS_MAPF_LNS_SAT_mapf-scen-even_scen-even_warehouse-20-40-10-2-2-even-1_scen-agents10-idx82-seed42-1761042238218,0,457,1,1,1,4,22,9,0.000000,0.013000,0.067000,0.043000,0.009306,476.393000,1
_home_max_Documents_PhD_MAPF_LNS_MAPF_LNS_SAT_mapf-map_warehouse-20-40-10-2-2_map-_home_max_Documents_PhD_MAPF_LNS_MAPF_LNS_SAT_mapf-scen-even_scen-even_warehouse-20-40-10-2-2-even-1_scen-agents10-idx83-seed42-1761042239120,0,412,0,0,0,0,0,0,0.000000,0.000000,0.000000,0.000000,0.000000,452.560000,1
_home_max_Documents_PhD_MAPF_LNS_MAPF_LNS_SAT_mapf-map_warehouse-20-40-10-2-2_map-_home_max_Documents_PhD_MAPF_LNS_MAPF_LNS_SAT_mapf-scen-even_scen-even_warehouse-20-40-10-2-2-even-1_scen-agents10-idx84-seed42-1761042239972,0,462,2,1,7,13,282,117,0.000000,0.300000,0.508000,0.396000,0.044806,524.301000,1
_home_max_Documents_PhD_MAPF_LNS_MAPF_LNS_SAT_mapf-map_warehouse-20-40-10-2-2_map-_home_max_Documents_PhD_MAPF_LNS_MAPF_LNS_SAT_mapf-scen-even_scen-even_warehouse-20-40-10-2-2-even-1_scen-agents10-idx85-seed42-1761042240925,0,447,0,0,0,0,0,0,0.000000,0.000000,0.000000,0.000000,0.000000,553.631000,1
_home_max_Documents_PhD_MAPF_LNS_MAPF_LNS_SAT_mapf-map_warehouse-20-40-10-2-2_map-_home_max_Documents_PhD_MAPF_LNS_MAPF_LNS_SAT_mapf-scen-even_scen-even_warehouse-20-40-10-2-2-even-1_scen-agents10-idx86-seed42-1761042241878,0,383,0,0,0,0,0,0,0.000000,0.000000,0.000000,0.000000,0.000000,459.775000,1
_home_max_Documents_PhD_MAPF_LNS_MAPF_LNS_SAT_mapf-map_warehouse-20-40-10-2-2_map-_home_max_Documents_PhD_MAPF_LNS_MAPF_LNS_SAT_mapf-scen-even_scen-even_warehouse-20-40-10-2-2-even-1_scen-agents10-idx87-seed42-1761042242786,0,435,0,0,0,0,0,0,0.000000,0.000000,0.000000,0.000000,0.000000,514.048000,1
_home_max_Documents_PhD_MAPF_LNS_MAPF_LNS_SAT_mapf-map_warehouse-20-40-10-2-2_map-_home_max_Documents_PhD_MAPF_LNS_MAPF_LNS_SAT_mapf-scen-even_scen-even_warehouse-20-40-10-2-2-even-1_scen-agents10-idx88-seed42-1761042243738,0,432,3,2,4,10,74,36,0.002000,0.061000,0.171000,0.109000,0.015498,544.636000,1
_home_max_Documents_PhD_MAPF_LNS_MAPF_LNS_SAT_mapf-map_warehouse-20-40-10-2-2_map-_home_max_Documents_PhD_MAPF_LNS_MAPF_LNS_SAT_mapf-scen-even_scen-even_warehouse-20-40-10-2-2-even-1_scen-agents10-idx89-seed42-1761042244689,0,411,1,1,1,4,22,9,0.000000,0.015000,0.066000,0.041000,0.009690,438.229000,1
_home_max_Documents_PhD_MAPF_LNS_MAPF_LNS_SAT_mapf-map_warehouse-20-40-10-2-2_map-_home_max_Documents_PhD_MAPF_LNS_MAPF_LNS_SAT_mapf-scen-even_scen-even_warehouse-20-40-10-2-2-even-1_scen-agents10-idx90-seed42-1761042245545,0,464,0,0,0,0,0,0,0.000000,0.000000,0.000000,0.000000,0.000000,575.120000,1
_home_max_Documents_PhD_MAPF_LNS_MAPF_LNS_SAT_mapf-map_warehouse-20-40-10-2-2_map-_home_max_Documents_PhD_MAPF_LNS_MAPF_LNS_SAT_mapf-scen-even_scen-even_warehouse-20-40-10-2-2-even-1_scen-agents10-idx91-seed42-1761042246551,0,353,1,1,1,2,20,9,0.000000,0.017000,0.048000,0.034000,0.008171,367.780000,1
_home_max_Documents_PhD_MAPF_LNS_MAPF_LNS_SAT_mapf-map_warehouse-20-40-10-2-2_map-_home_max_Documents_PhD_MAPF_LNS_MAPF_LNS_SAT_mapf-scen-even_scen-even_warehouse-20-40-10-2-2-even-1_scen-agents10-idx92-seed42-1761042247352,0,285,0,0,0,0,0,0,0.000000,0.000000,0.000000,0.000000,0.000000,346.659000,1
_home_max_Documents_PhD_MAPF_LNS_MAPF_LNS_SAT_mapf-map_warehouse-20-40-10-2-2_map-_home_max_Documents_PhD_MAPF_LNS_MAPF_LNS_SAT_mapf-scen-even_scen-even_warehouse-20-40-10-2-2-even-1_scen-agents10-idx93-seed42-1761042248102,0,394,1,1,1,4,22,9,0.000000,0.018000,0.070000,0.046000,0.008034,503.038000,1
_home_max_Documents_PhD_MAPF_LNS_MAPF_LNS_SAT_mapf-map_warehouse-20-40-10-2-2_map-_home_max_Documents_PhD_MAPF_LNS_MAPF_LNS_SAT_mapf-scen-even_scen-even_warehouse-20-40-10-2-2-even-1_scen-agents10-idx94-seed42-1761042249005,0,392,0,0,0,0,0,0,0.000000,0.000000,0.000000,0.000000,0.000000,426.856000,1
_home_max_Documents_PhD_MAPF_LNS_MAPF_LNS_SAT_mapf-map_warehouse-20-40-10-2-2_map-_home_max_Documents_PhD_MAPF_LNS_MAPF_LNS_SAT_mapf-scen-even_scen-even_warehouse-20-40-10-2-2-even-1_scen-agents10-idx95-seed42-1761042249861,0,417,1,1,1,2,25,10,0.000000,0.025000,0.055000,0.040000,0.009677,568.747000,1
_home_max_Documents_PhD_MAPF_LNS_MAPF_LNS_SAT_mapf-map_warehouse-20-40-10-2-2_map-_home_max_Documents_PhD_MAPF_LNS_MAPF_LNS_SAT_mapf-scen-even_scen-even_warehouse-20-40-10-2-2-even-1_scen-agents10-idx96-seed42-1761042250866,0,410,0,0,0,0,0,0,0.000000,0.000000,0.000000,0.000000,0.000000,437.140000,1
_home_max_Documents_PhD_MAPF_LNS_MAPF_LNS_SAT_mapf-map_warehouse-20-40-10-2-2_map-_home_max_Documents_PhD_MAPF_LNS_MAPF_LNS_SAT_mapf-scen-even_scen-even_warehouse-20-40-10-2-2-even-1_scen-agents10-idx97-seed42-1761042251714,0,448,0,0,0,0,0,0,0.000000,0.000000,0.000000,0.000000,0.000000,454.145000,1
_home_max_Documents_PhD_MAPF_LNS_MAPF_LNS_SAT_mapf-map_warehouse-20-40-10-2-2_map-_home_max_Documents_PhD_MAPF_LNS_MAPF_LNS_SAT_mapf-scen-even_scen-even_warehouse-20-40-10-2-2-even-1_scen-agents10-idx98-seed42-1761042252567,0,360,0,0,0,0,0,0,0.000000,0.000000,0.000000,0.000000,0.000000,383.386000,1
_home_max_Documents_PhD_MAPF_LNS_MAPF_LNS_SAT_mapf-map_warehouse-20-40-10-2-2_map-_home_max_Documents_PhD_MAPF_LNS_MAPF_LNS_SAT_mapf-scen-even_scen-even_warehouse-20-40-10-2-2-even-1_scen-agents10-idx99-seed42-1761042253375,0,446,0,0,0,0,0,0,0.000000,0.000000,0.000000,0.000000,0.000000,468.485000,1
_home_max_Documents_PhD_MAPF_LNS_MAPF_LNS_SAT_mapf-map_warehouse-20-40-10-2-2_map-_home_max_Documents_PhD_MAPF_LNS_MAPF_LNS_SAT_mapf-scen-even_scen-even_warehouse-20-40-10-2-2-even-1_scen-agents20-idx0-seed42-1761042254274,0,446,1,1,1,4,22,9,0.000000,0.016000,0.063000,0.041000,0.008699,1071.860000,1
_home_max_Documents_PhD_MAPF_LNS_MAPF_LNS_SAT_mapf-map_warehouse-20-40-10-2-2_map-_home_max_Documents_PhD_MAPF_LNS_MAPF_LNS_SAT_mapf-scen-even_scen-even_warehouse-20-40-10-2-2-even-1_scen-agents20-idx1-seed42-1761042256180,0,450,2,2,2,7,61,25,0.000000,0.057000,0.150000,0.099000,0.014488,1191.766000,1
_home_max_Documents_PhD_MAPF_LNS_MAPF_LNS_SAT_mapf-map_warehouse-20-40-10-2-2_map-_home_max_Documents_PhD_MAPF_LNS_MAPF_LNS_SAT_mapf-scen-even_scen-even_warehouse-20-40-10-2-2-even-1_scen-agents20-idx2-seed42-1761042258190,0,427,2,2,4,9,113,47,0.000000,0.161000,0.198000,0.134000,0.020398,992.824000,1
_home_max_Documents_PhD_MAPF_LNS_MAPF_LNS_SAT_mapf-map_warehouse-20-40-10-2-2_map-_home_max_Documents_PhD_MAPF_LNS_MAPF_LNS_SAT_mapf-scen-even_scen-even_warehouse-20-40-10-2-2-even-1_scen-agents20-idx3-seed42-1761042259996,0,428,0,0,0,0,0,0,0.000000,0.000000,0.000000,0.000000,0.000000,1024.876000,1
_home_max_Documents_PhD_MAPF_LNS_MAPF_LNS_SAT_mapf-map_warehouse-20-40-10-2-2_map-_home_max_Documents_PhD_MAPF_LNS_MAPF_LNS_SAT_mapf-scen-even_scen-even_warehouse-20-40-10-2-2-even-1_scen-agents20-idx4-seed42-1761042261803,0,433,3,2,10,20,375,155,0.000000,0.216000,0.419000,0.314000,0.038557,1231.022000,1
_home_max_Documents_PhD_MAPF_LNS_MAPF_LNS_SAT_mapf-map_warehouse-20-40-10-2-2_map-_home_max_Documents_PhD_MAPF_LNS_MAPF_LNS_SAT_mapf-scen-even_scen-even_warehouse-20-40-10-2-2-even-1_scen-agents20-idx5-seed42-1761042263863,0,452,1,1,1,4,22,9,0.000000,0.021000,0.072000,0.044000,0.008456,1175.776000,1
_home_max_Documents_PhD_MAPF_LNS_MAPF_LNS_SAT_mapf-map_warehouse-20-40-10-2-2_map-_home_max_Documents_PhD_MAPF_LNS_MAPF_LNS_SAT_mapf-scen-even_scen-even_warehouse-20-40-10-2-2-even-1_scen-agents20-idx6-seed42-1761042265871,0,460,2,2,4,11,115,47,0.000000,0.174000,0.207000,0.143000,0.024977,1085.147000,1
_home_max_Documents_PhD_MAPF_LNS_MAPF_LNS_SAT_mapf-map_warehouse-20-40-10-2-2_map-_home_max_Documents_PhD_MAPF_LNS_MAPF_LNS_SAT_mapf-scen-even_scen-even_warehouse-20-40-10-2-2-even-1_scen-agents20-idx7-seed42-1761042267777,0,414,2,2,2,5,40,19,0.000000,0.025000,0.135000,0.087000,0.018928,1031.357000,1
_home_max_Documents_PhD_MAPF_LNS_MAPF_LNS_SAT_mapf-map_warehouse-20-40-10-2-2_map-_home_max_Documents_PhD_MAPF_LNS_MAPF_LNS_SAT_mapf-scen-even_scen-even_warehouse-20-40-10-2-2-even-1_scen-agents20-idx8-seed42-1761042269633,0,445,2,2,4,8,117,48,0.000000,0.131000,0.212000,0.152000,0.023944,1308.460000,1
_home_max_Documents_PhD_MAPF_LNS_MAPF_LNS_SAT_mapf-map_warehouse-20-40-10-2-2_map-_home_max_Documents_PhD_MAPF_LNS_MAPF_LNS_SAT_mapf-scen-even_scen-even_warehouse-20-40-10-2-2-even-1_scen-agents20-idx9-seed42-1761042271737,0,452,2,2,5,10,121,53,0.000000,0.075000,0.193000,0.136000,0.021201,1133.121000,1
_home_max_Documents_PhD_MAPF_LNS_MAPF_LNS_SAT_mapf-map_warehouse-20-40-10-2-2_map-_home_max_Documents_PhD_MAPF_LNS_MAPF_LNS_SAT_mapf-scen-even_scen-even_warehouse-20-40-10-2-2-even-1_scen-agents20-idx10-seed42-1761042273697,0,460,0,0,0,0,0,0,0.000000,0.000000,0.000000,0.000000,0.000000,1093.792000,1
_home_max_Documents_PhD_MAPF_LNS_MAPF_LNS_SAT_mapf-map_warehouse-20-40-10-2-2_map-_home_max_Documents_PhD_MAPF_LNS_MAPF_LNS_SAT_mapf-scen-even_scen-even_warehouse-20-40-10-2-2-even-1_scen-agents20-idx11-seed42-1761042275601,0,427,2,2,2,6,42,18,0.000000,0.035000,0.108000,0.070000,0.012525,1009.409000,1
_home_max_Documents_PhD_MAPF_LNS_MAPF_LNS_SAT_mapf-map_warehouse-20-40-10-2-2_map-_home_max_Documents_PhD_MAPF_LNS_MAPF_LNS_SAT_mapf-scen-even_scen-even_warehouse-20-40-10-2-2-even-1_scen-agents20-idx12-seed42-1761042277404,0,447,2,2,4,9,118,48,0.000000,0.083000,0.184000,0.127000,0.019699,1055.774000,1
_home_max_Documents_PhD_MAPF_LNS_MAPF_LNS_SAT_mapf-map_warehouse-20-40-10-2-2_map-_home_max_Documents_PhD_MAPF_LNS_MAPF_LNS_SAT_mapf-scen-even_scen-even_warehouse-20-40-10-2-2-even-1_scen-agents20-idx13-seed42-1761042279260,0,434,3,2,8,14,296,125,0.000000,0.291000,0.348000,0.257000,0.031594,1150.424000,1
_home_max_Documents_PhD_MAPF_LNS_MAPF_LNS_SAT_mapf-map_warehouse-20-40-10-2-2_map-_home_max_Documents_PhD_MAPF_LNS_MAPF_LNS_SAT_mapf-scen-even_scen-even_warehouse-20-40-10-2-2-even-1_scen-agents20-idx14-seed42-1761042281218,0,452,3,2,8,17,304,126,0.000000,0.506000,0.377000,0.281000,0.039607,1191.241000,1
_home_max_Documents_PhD_MAPF_LNS_MAPF_LNS_SAT_mapf-map_warehouse-20-40-10-2-2_map-_home_max_Documents_PhD_MAPF_LNS_MAPF_LNS_SAT_mapf-scen-even_scen-even_warehouse-20-40-10-2-2-even-1_scen-agents20-idx15-seed42-1761042283224,0,466,5,4,12,25,504,189,0.000000,0.354000,0.617000,0.468000,0.058520,1258.978000,1
_home_max_Documents_PhD_MAPF_LNS_MAPF_LNS_SAT_mapf-map_warehouse-20-40-10-2-2_map-_home_max_Documents_PhD_MAPF_LNS_MAPF_LNS_SAT_mapf-scen-even_scen-even_warehouse-20-40-10-2-2-even-1_scen-agents20-idx16-seed42-1761042285335,0,359,3,2,8,15,310,122,0.000000,0.295000,0.350000,0.264000,0.031074,877.315000,1
_home_max_Documents_PhD_MAPF_LNS_MAPF_LNS_SAT_mapf-map_warehouse-20-40-10-2-2_map-_home_max_Documents_PhD_MAPF_LNS_MAPF_LNS_SAT_mapf-scen-even_scen-even_warehouse-20-40-10-2-2-even-1_scen-agents20-idx17-seed42-1761042287038,0,462,3,2,6,12,192,84,0.000000,0.165000,0.235000,0.171000,0.018108,942.739000,1
_home_max_Documents_PhD_MAPF_LNS_MAPF_LNS_SAT_mapf-map_warehouse-20-40-10-2-2_map-_home_max_Documents_PhD_MAPF_LNS_MAPF_LNS_SAT_mapf-scen-even_scen-even_warehouse-20-40-10-2-2-even-1_scen-agents20-idx18-seed42-1761042288798,0,435,0,0,0,0,0,0,0.000000,0.000000,0.000000,0.000000,0.000000,1166.190000,1
_home_max_Documents_PhD_MAPF_LNS_MAPF_LNS_SAT_mapf-map_warehouse-20-40-10-2-2_map-_home_max_Documents_PhD_MAPF_LNS_MAPF_LNS_SAT_mapf-scen-even_scen-even_warehouse-20-40-10-2-2-even-1_scen-agents20-idx19-seed42-1761042290804,0,462,3,3,5,13,152,59,0.001000,0.088000,0.250000,0.173000,0.024788,1144.356000,1
_home_max_Documents_PhD_MAPF_LNS_MAPF_LNS_SAT_mapf-map_warehouse-20-40-10-2-2_map-_home_max_Documents_PhD_MAPF_LNS_MAPF_LNS_SAT_mapf-scen-even_scen-even_warehouse-20-40-10-2-2-even-1_scen-agents20-idx20-seed42-1761042292761,0,439,1,1,2,3,28,15,0.000000,0.015000,0.063000,0.043000,0.009096,957.391000,1
_home_max_Documents_PhD_MAPF_LNS_MAPF_LNS_SAT_mapf-map_warehouse-20-40-10-2-2_map-_home_max_Documents_PhD_MAPF_LNS_MAPF_LNS_SAT_mapf-scen-even_scen-even_warehouse-20-40-10-2-2-even-1_scen-agents20-idx21-seed42-1761042294514,0,447,3,3,4,9,100,47,0.001000,0.090000,0.207000,0.142000,0.018182,1074.996000,1
_home_max_Documents_PhD_MAPF_LNS_MAPF_LNS_SAT_mapf-map_warehouse-20-40-10-2-2_map-_home_max_Documents_PhD_MAPF_LNS_MAPF_LNS_SAT_mapf-scen-even_scen-even_warehouse-20-40-10-2-2-even-1_scen-agents20-idx22-seed42-1761042296420,0,441,3,3,4,10,81,37,0.000000,0.087000,0.210000,0.142000,0.022393,1172.393000,1
_home_max_Documents_PhD_MAPF_LNS_MAPF_LNS_SAT_mapf-map_warehouse-20-40-10-2-2_map-_home_max_Documents_PhD_MAPF_LNS_MAPF_LNS_SAT_mapf-scen-even_scen-even_warehouse-20-40-10-2-2-even-1_scen-agents20-idx23-seed42-1761042298431,0,444,3,2,7,12,233,96,0.000000,0.293000,0.272000,0.201000,0.020493,986.289000,1
_home_max_Documents_PhD_MAPF_LNS_MAPF_LNS_SAT_mapf-map_warehouse-20-40-10-2-2_map-_home_max_Documents_PhD_MAPF_LNS_MAPF_LNS_SAT_mapf-scen-even_scen-even_warehouse-20-40-10-2-2-even-1_scen-agents20-idx24-seed42-1761042300238,0,415,2,1,5,9,167,73,0.000000,0.124000,0.196000,0.147000,0.015087,1034.454000,1
_home_max_Documents_PhD_MAPF_LNS_MAPF_LNS_SAT_mapf-map_warehouse-20-40-10-2-2_map-_home_max_Documents_PhD_MAPF_LNS_MAPF_LNS_SAT_mapf-scen-even_scen-even_warehouse-20-40-10-2-2-even-1_scen-agents20-idx25-seed42-1761042302094,0,454,1,1,3,7,93,38,0.000000,0.079000,0.147000,0.105000,0.018666,1248.496000,1
_home_max_Documents_PhD_MAPF_LNS_MAPF_LNS_SAT_mapf-map_warehouse-20-40-10-2-2_map-_home_max_Documents_PhD_MAPF_LNS_MAPF_LNS_SAT_mapf-scen-even_scen-even_warehouse-20-40-10-2-2-even-1_scen-agents20-idx26-seed42-1761042304143,0,419,4,3,11,24,397,164,0.000000,0.226000,0.467000,0.344000,0.040887,935.849000,1
_home_max_Documents_PhD_MAPF_LNS_MAPF_LNS_SAT_mapf-map_warehouse-20-40-10-2-2_map-_home_max_Documents_PhD_MAPF_LNS_MAPF_LNS_SAT_mapf-scen-even_scen-even_warehouse-20-40-10-2-2-even-1_scen-agents20-idx27-seed42-1761042305902,0,432,1,1,1,1,20,11,0.000000,0.015000,0.050000,0.039000,0.009297,1084.752000,1
_home_max_Documents_PhD_MAPF_LNS_MAPF_LNS_SAT_mapf-map_warehouse-20-40-10-2-2_map-_home_max_Documents_PhD_MAPF_LNS_MAPF_LNS_SAT_mapf-scen-even_scen-even_warehouse-20-40-10-2-2-even-1_scen-agents20-idx28-seed42-1761042307807,0,442,6,5,19,41,678,273,0.000000,0.388000,0.840000,0.618000,0.071871,1186.146000,1
_home_max_Documents_PhD_MAPF_LNS_MAPF_LNS_SAT_mapf-map_warehouse-20-40-10-2-2_map-_home_max_Documents_PhD_MAPF_LNS_MAPF_LNS_SAT_mapf-scen-even_scen-even_warehouse-20-40-10-2-2-even-1_scen-agents20-idx29-seed42-1761042309813,0,435,0,0,0,0,0,0,0.000000,0.000000,0.000000,0.000000,0.000000,971.499000,1
_home_max_Documents_PhD_MAPF_LNS_MAPF_LNS_SAT_mapf-map_warehouse-20-40-10-2-2_map-_home_max_Documents_PhD_MAPF_LNS_MAPF_LNS_SAT_mapf-scen-even_scen-even_warehouse-20-40-10-2-2-even-1_scen-agents20-idx30-seed42-1761042311619,0,426,3,2,8,15,307,127,0.000000,0.458000,0.338000,0.258000,0.030949,1003.887000,1
_home_max_Documents_PhD_MAPF_LNS_MAPF_LNS_SAT_mapf-map_warehouse-20-40-10-2-2_map-_home_max_Documents_PhD_MAPF_LNS_MAPF_LNS_SAT_mapf-scen-even_scen-even_warehouse-20-40-10-2-2-even-1_scen-agents20-idx31-seed42-1761042313424,0,429,1,1,1,2,20,9,0.000000,0.019000,0.052000,0.038000,0.009213,1029.527000,1
_home_max_Documents_PhD_MAPF_LNS_MAPF_LNS_SAT_mapf-map_warehouse-20-40-10-2-2_map-_home_max_Documents_PhD_MAPF_LNS_MAPF_LNS_SAT_mapf-scen-even_scen-even_warehouse-20-40-10-2-2-even-1_scen-agents20-idx32-seed42-1761042315282,0,451,4,4,6,15,148,63,0.000000,0.112000,0.277000,0.187000,0.026697,1156.920000,1
_home_max_Documents_PhD_MAPF_LNS_MAPF_LNS_SAT_mapf-map_warehouse-20-40-10-2-2_map-_home_max_Documents_PhD_MAPF_LNS_MAPF_LNS_SAT_mapf-scen-even_scen-even_warehouse-20-40-10-2-2-even-1_scen-agents20-idx33-seed42-1761042317235,0,462,5,5,8,22,188,81,0.000000,0.166000,0.399000,0.260000,0.041355,1418.887000,1
_home_max_Documents_PhD_MAPF_LNS_MAPF_LNS_SAT_mapf-map_warehouse-20-40-10-2-2_map-_home_max_Documents_PhD_MAPF_LNS_MAPF_LNS_SAT_mapf-scen-even_scen-even_warehouse-20-40-10-2-2-even-1_scen-agents20-idx34-seed42-1761042319498,0,450,3,2,8,14,368,138,0.000000,0.504000,0.358000,0.285000,0.037608,995.091000,1
_home_max_Documents_PhD_MAPF_LNS_MAPF_LNS_SAT_mapf-map_warehouse-20-40-10-2-2_map-_home_max_Documents_PhD_MAPF_LNS_MAPF_LNS_SAT_mapf-scen-even_scen-even_warehouse-20-40-10-2-2-even-1_scen-agents20-idx35-seed42-1761042321299,0,465,0,0,0,0,0,0,0.000000,0.000000,0.000000,0.000000,0.000000,1006.522000,1
_home_max_Documents_PhD_MAPF_LNS_MAPF_LNS_SAT_mapf-map_warehouse-20-40-10-2-2_map-_home_max_Documents_PhD_MAPF_LNS_MAPF_LNS_SAT_mapf-scen-even_scen-even_warehouse-20-40-10-2-2-even-1_scen-agents20-idx36-seed42-1761042323102,0,387,1,1,1,1,26,14,0.000000,0.020000,0.045000,0.037000,0.008800,976.447000,1
_home_max_Documents_PhD_MAPF_LNS_MAPF_LNS_SAT_mapf-map_warehouse-20-40-10-2-2_map-_home_max_Documents_PhD_MAPF_LNS_MAPF_LNS_SAT_mapf-scen-even_scen-even_warehouse-20-40-10-2-2-even-1_scen-agents20-idx37-seed42-1761042324910,0,447,0,0,0,0,0,0,0.000000,0.000000,0.000000,0.000000,0.000000,1048.491000,1
_home_max_Documents_PhD_MAPF_LNS_MAPF_LNS_SAT_mapf-map_warehouse-20-40-10-2-2_map-_home_max_Documents_PhD_MAPF_LNS_MAPF_LNS_SAT_mapf-scen-even_scen-even_warehouse-20-40-10-2-2-even-1_scen-agents20-idx38-seed42-1761042326761,0,459,1,1,1,4,22,9,0.000000,0.023000,0.080000,0.052000,0.009485,1128.926000,1
_home_max_Documents_PhD_MAPF_LNS_MAPF_LNS_SAT_mapf-map_warehouse-20-40-10-2-2_map-_home_max_Documents_PhD_MAPF_LNS_MAPF_LNS_SAT_mapf-scen-even_scen-even_warehouse-20-40-10-2-2-even-1_scen-agents20-idx39-seed42-1761042328720,0,412,0,0,0,0,0,0,0.000000,0.000000,0.000000,0.000000,0.000000,1126.043000,1
_home_max_Documents_PhD_MAPF_LNS_MAPF_LNS_SAT_mapf-map_warehouse-20-40-10-2-2_map-_home_max_Documents_PhD_MAPF_LNS_MAPF_LNS_SAT_mapf-scen-even_scen-even_warehouse-20-40-10-2-2-even-1_scen-agents20-idx40-seed42-1761042330673,0,440,0,0,0,0,0,0,0.000000,0.000000,0.000000,0.000000,0.000000,1156.005000,1
_home_max_Documents_PhD_MAPF_LNS_MAPF_LNS_SAT_mapf-map_warehouse-20-40-10-2-2_map-_home_max_Documents_PhD_MAPF_LNS_MAPF_LNS_SAT_mapf-scen-even_scen-even_warehouse-20-40-10-2-2-even-1_scen-agents20-idx41-seed42-1761042332630,0,457,1,1,1,4,22,9,0.000000,0.013000,0.071000,0.045000,0.009719,1048.536000,1
_home_max_Documents_PhD_MAPF_LNS_MAPF_LNS_SAT_mapf-map_warehouse-20-40-10-2-2_map-_home_max_Documents_PhD_MAPF_LNS_MAPF_LNS_SAT_mapf-scen-even_scen-even_warehouse-20-40-10-2-2-even-1_scen-agents20-idx42-seed42-1761042334483,0,462,2,1,7,13,282,117,0.000000,0.152000,0.317000,0.250000,0.033486,1188.458000,1
_home_max_Documents_PhD_MAPF_LNS_MAPF_LNS_SAT_mapf-map_warehouse-20-40-10-2-2_map-_home_max_Documents_PhD_MAPF_LNS_MAPF_LNS_SAT_mapf-scen-even_scen-even_warehouse-20-40-10-2-2-even-1_scen-agents20-idx43-seed42-1761042336486,0,435,3,2,8,14,306,126,0.000000,0.150000,0.325000,0.251000,0.031227,1046.602000,1
_home_max_Documents_PhD_MAPF_LNS_MAPF_LNS_SAT_mapf-map_warehouse-20-40-10-2-2_map-_home_max_Documents_PhD_MAPF_LNS_MAPF_LNS_SAT_mapf-scen-even_scen-even_warehouse-20-40-10-2-2-even-1_scen-agents20-idx44-seed42-1761042338343,0,432,8,7,11,33,255,110,0.000000,0.184000,0.529000,0.325000,0.040548,1113.764000,1
_home_max_Documents_PhD_MAPF_LNS_MAPF_LNS_SAT_mapf-map_warehouse-20-40-10-2-2_map-_home_max_Documents_PhD_MAPF_LNS_MAPF_LNS_SAT_mapf-scen-even_scen-even_warehouse-20-40-10-2-2-even-1_scen-agents20-idx45-seed42-1761042340247,0,464,1,1,1,2,20,9,0.000000,0.017000,0.050000,0.036000,0.008254,1051.480000,1
_home_max_Documents_PhD_MAPF_LNS_MAPF_LNS_SAT_mapf-map_warehouse-20-40-10-2-2_map-_home_max_Documents_PhD_MAPF_LNS_MAPF_LNS_SAT_mapf-scen-even_scen-even_warehouse-20-40-10-2-2-even-1_scen-agents20-idx46-seed42-1761042342110,0,394,1,1,1,4,22,9,0.000000,0.014000,0.081000,0.053000,0.010528,894.407000,1
_home_max_Documents_PhD_MAPF_LNS_MAPF_LNS_SAT_mapf-map_warehouse-20-40-10-2-2_map-_home_max_Documents_PhD_MAPF_LNS_MAPF_LNS_SAT_mapf-scen-even_scen-even_warehouse-20-40-10-2-2-even-1_scen-agents20-idx47-seed42-1761042343814,0,417,3,2,8,17,304,126,0.000000,0.403000,0.364000,0.272000,0.032541,1088.554000,1
_home_max_Documents_PhD_MAPF_LNS_MAPF_LNS_SAT_mapf-map_warehouse-20-40-10-2-2_map-_home_max_Documents_PhD_MAPF_LNS_MAPF_LNS_SAT_mapf-scen-even_scen-even_warehouse-20-40-10-2-2-even-1_scen-agents20-idx48-seed42-1761042345721,0,448,2,2,2,3,49,20,0.000000,0.042000,0.097000,0.074000,0.011165,1023.356000,1
_home_max_Documents_PhD_MAPF_LNS_MAPF_LNS_SAT_mapf-map_warehouse-20-40-10-2-2_map-_home_max_Documents_PhD_MAPF_LNS_MAPF_LNS_SAT_mapf-scen-even_scen-even_warehouse-20-40-10-2-2-even-1_scen-agents20-idx49-seed42-1761042347525,0,446,1,1,1,4,22,9,0.000000,0.018000,0.063000,0.040000,0.008327,929.666000,1
_home_max_Documents_PhD_MAPF_LNS_MAPF_LNS_SAT_mapf-map_warehouse-20-40-10-2-2_map-_home_max_Documents_PhD_MAPF_LNS_MAPF_LNS_SAT_mapf-scen-even_scen-even_warehouse-20-40-10-2-2-even-2_scen-agents20-idx0-seed42-1761042349285,0,442,6,4,16,30,633,257,0.000000,0.688000,0.746000,0.582000,0.061068,1213.675000,1
_home_max_Documents_PhD_MAPF_LNS_MAPF_LNS_SAT_mapf-map_warehouse-20-40-10-2-2_map-_home_max_Documents_PhD_MAPF_LNS_MAPF_LNS_SAT_mapf-scen-even_scen-even_warehouse-20-40-10-2-2-even-2_scen-agents20-idx1-seed42-1761042351342,0,455,2,2,3,4,52,25,0.000000,0.037000,0.113000,0.087000,0.012620,1066.011000,1
_home_max_Documents_PhD_MAPF_LNS_MAPF_LNS_SAT_mapf-map_warehouse-20-40-10-2-2_map-_home_max_Documents_PhD_MAPF_LNS_MAPF_LNS_SAT_mapf-scen-even_scen-even_warehouse-20-40-10-2-2-even-2_scen-agents20-idx2-seed42-1761042353250,0,449,0,0,0,0,0,0,0.000000,0.000000,0.000000,0.000000,0.000000,999.578000,1
_home_max_Documents_PhD_MAPF_LNS_MAPF_LNS_SAT_mapf-map_warehouse-20-40-10-2-2_map-_home_max_Documents_PhD_MAPF_LNS_MAPF_LNS_SAT_mapf-scen-even_scen-even_warehouse-20-40-10-2-2-even-2_scen-agents20-idx3-seed42-1761042355050,0,465,6,5,14,28,449,189,0.000000,0.489000,0.589000,0.433000,0.059104,1173.798000,1
_home_max_Documents_PhD_MAPF_LNS_MAPF_LNS_SAT_mapf-map_warehouse-20-40-10-2-2_map-_home_max_Documents_PhD_MAPF_LNS_MAPF_LNS_SAT_mapf-scen-even_scen-even_warehouse-20-40-10-2-2-even-2_scen-agents20-idx4-seed42-1761042357007,0,427,1,1,3,7,93,38,0.000000,0.060000,0.139000,0.098000,0.017004,989.634000,1
_home_max_Documents_PhD_MAPF_LNS_MAPF_LNS_SAT_mapf-map_warehouse-20-40-10-2-2_map-_home_max_Documents_PhD_MAPF_LNS_MAPF_LNS_SAT_mapf-scen-even_scen-even_warehouse-20-40-10-2-2-even-2_scen-agents20-idx5-seed42-1761042358867,0,465,0,0,0,0,0,0,0.000000,0.000000,0.000000,0.000000,0.000000,1232.376000,1
_home_max_Documents_PhD_MAPF_LNS_MAPF_LNS_SAT_mapf-map_warehouse-20-40-10-2-2_map-_home_max_Documents_PhD_MAPF_LNS_MAPF_LNS_SAT_mapf-scen-even_scen-even_warehouse-20-40-10-2-2-even-2_scen-agents20-idx6-seed42-1761042360924,0,450,4,4,4,12,94,38,0.000000,0.082000,0.233000,0.144000,0.019377,1266.184000,1
_home_max_Documents_PhD_MAPF_LNS_MAPF_LNS_SAT_mapf-map_warehouse-20-40-10-2-2_map-_home_max_Documents_PhD_MAPF_LNS_MAPF_LNS_SAT_mapf-scen-even_scen-even_warehouse-20-40-10-2-2-even-2_scen-agents20-idx7-seed42-1761042363030,0,447,0,0,0,0,0,0,0.000000,0.000000,0.000000,0.000000,0.000000,1132.329000,1
_home_max_Documents_PhD_MAPF_LNS_MAPF_LNS_SAT_mapf-map_warehouse-20-40-10-2-2_map-_home_max_Documents_PhD_MAPF_LNS_MAPF_LNS_SAT_mapf-scen-even_scen-even_warehouse-20-40-10-2-2-even-2_scen-agents20-idx8-seed42-1761042364987,0,422,0,0,0,0,0,0,0.000000,0.000000,0.000000,0.000000,0.000000,1092.029000,1
_home_max_Documents_PhD_MAPF_LNS_MAPF_LNS_SAT_mapf-map_warehouse-20-40-10-2-2_map-_home_max_Documents_PhD_MAPF_LNS_MAPF_LNS_SAT_mapf-scen-even_scen-even_warehouse-20-40-10-2-2-even-2_scen-agents20-idx9-seed42-1761042366892,0,440,2,1,7,13,282,117,0.000000,0.398000,0.284000,0.221000,0.026241,987.921000,1
_home_max_Documents_PhD_MAPF_LNS_MAPF_LNS_SAT_mapf-map_warehouse-20-40-10-2-2_map-_home_max_Documents_PhD_MAPF_LNS_MAPF_LNS_SAT_mapf-scen-even_scen-even_warehouse-20-40-10-2-2-even-2_scen-agents20-idx10-seed42-1761042368702,0,460,5,4,11,19,311,136,0.000000,0.201000,0.373000,0.279000,0.028954,1198.615000,1
_home_max_Documents_PhD_MAPF_LNS_MAPF_LNS_SAT_mapf-map_warehouse-20-40-10-2-2_map-_home_max_Documents_PhD_MAPF_LNS_MAPF_LNS_SAT_mapf-scen-even_scen-even_warehouse-20-40-10-2-2-even-2_scen-agents20-idx11-seed42-1761042370704,0,459,3,3,3,7,66,28,0.000000,0.047000,0.141000,0.097000,0.016604,1274.089000,1
_home_max_Documents_PhD_MAPF_LNS_MAPF_LNS_SAT_mapf-map_warehouse-20-40-10-2-2_map-_home_max_Documents_PhD_MAPF_LNS_MAPF_LNS_SAT_mapf-scen-even_scen-even_warehouse-20-40-10-2-2-even-2_scen-agents20-idx12-seed42-1761042372815,0,450,1,1,1,2,25,10,0.000000,0.018000,0.062000,0.045000,0.009388,979.660000,1
_home_max_Documents_PhD_MAPF_LNS_MAPF_LNS_SAT_mapf-map_warehouse-20-40-10-2-2_map-_home_max_Documents_PhD_MAPF_LNS_MAPF_LNS_SAT_mapf-scen-even_scen-even_warehouse-20-40-10-2-2-even-2_scen-agents20-idx13-seed42-1761042374619,0,412,2,2,2,6,47,19,0.000000,0.046000,0.117000,0.077000,0.013042,1096.973000,1
_home_max_Documents_PhD_MAPF_LNS_MAPF_LNS_SAT_mapf-map_warehouse-20-40-10-2-2_map-_home_max_Documents_PhD_MAPF_LNS_MAPF_LNS_SAT_mapf-scen-even_scen-even_warehouse-20-40-10-2-2-even-2_scen-agents20-idx14-seed42-1761042376528,0,434,0,0,0,0,0,0,0.000000,0.000000,0.000000,0.000000,0.000000,1080.313000,1
_home_max_Documents_PhD_MAPF_LNS_MAPF_LNS_SAT_mapf-map_warehouse-20-40-10-2-2_map-_home_max_Documents_PhD_MAPF_LNS_MAPF_LNS_SAT_mapf-scen-even_scen-even_warehouse-20-40-10-2-2-even-2_scen-agents20-idx15-seed42-1761042378434,0,439,0,0,0,0,0,0,0.000000,0.000000,0.000000,0.000000,0.000000,1002.158000,1
_home_max_Documents_PhD_MAPF_LNS_MAPF_LNS_SAT_mapf-map_warehouse-20-40-10-2-2_map-_home_max_Documents_PhD_MAPF_LNS_MAPF_LNS_SAT_mapf-scen-even_scen-even_warehouse-20-40-10-2-2-even-2_scen-agents20-idx16-seed42-1761042380293,0,446,2,1,5,9,200,79,0.000000,0.343000,0.239000,0.187000,0.015274,1119.373000,1
_home_max_Documents_PhD_MAPF_LNS_MAPF_LNS_SAT_mapf-map_warehouse-20-40-10-2-2_map-_home_max_Documents_PhD_MAPF_LNS_MAPF_LNS_SAT_mapf-scen-even_scen-even_warehouse-20-40-10-2-2-even-2_scen-agents20-idx17-seed42-1761042382195,0,423,0,0,0,0,0,0,0.000000,0.000000,0.000000,0.000000,0.000000,933.554000,1
_home_max_Documents_PhD_MAPF_LNS_MAPF_LNS_SAT_mapf-map_warehouse-20-40-10-2-2_map-_home_max_Documents_PhD_MAPF_LNS_MAPF_LNS_SAT_mapf-scen-even_scen-even_warehouse-20-40-10-2-2-even-2_scen-agents20-idx18-seed42-1761042383902,0,452,1,1,1,4,23,10,0.000000,0.025000,0.072000,0.046000,0.008046,1116.604000,1
_home_max_Documents_PhD_MAPF_LNS_MAPF_LNS_SAT_mapf-map_warehouse-20-40-10-2-2_map-_home_max_Documents_PhD_MAPF_LNS_MAPF_LNS_SAT_mapf-scen-even_scen-even_warehouse-20-40-10-2-2-even-2_scen-agents20-idx19-seed42-1761042385813,0,448,0,0,0,0,0,0,0.000000,0.000000,0.000000,0.000000,0.000000,1006.616000,1
_home_max_Documents_PhD_MAPF_LNS_MAPF_LNS_SAT_mapf-map_warehouse-20-40-10-2-2_map-_home_max_Documents_PhD_MAPF_LNS_MAPF_LNS_SAT_mapf-scen-even_scen-even_warehouse-20-40-10-2-2-even-2_scen-agents20-idx20-seed42-1761042387618,0,463,0,0,0,0,0,0,0.000000,0.000000,0.000000,0.000000,0.000000,1238.234000,1
_home_max_Documents_PhD_MAPF_LNS_MAPF_LNS_SAT_mapf-map_warehouse-20-40-10-2-2_map-_home_max_Documents_PhD_MAPF_LNS_MAPF_LNS_SAT_mapf-scen-even_scen-even_warehouse-20-40-10-2-2-even-2_scen-agents20-idx21-seed42-1761042389676,0,461,5,4,12,22,411,172,0.000000,0.280000,0.543000,0.404000,0.049444,1195.386000,1
_home_max_Documents_PhD_MAPF_LNS_MAPF_LNS_SAT_mapf-map_warehouse-20-40-10-2-2_map-_home_max_Documents_PhD_MAPF_LNS_MAPF_LNS_SAT_mapf-scen-even_scen-even_warehouse-20-40-10-2-2-even-2_scen-agents20-idx22-seed42-1761042391685,0,419,4,4,4,8,85,38,0.003000,0.096000,0.180000,0.123000,0.016976,1137.545000,1
_home_max_Documents_PhD_MAPF_LNS_MAPF_LNS_SAT_mapf-map_warehouse-20-40-10-2-2_map-_home_max_Documents_PhD_MAPF_LNS_MAPF_LNS_SAT_mapf-scen-even_scen-even_warehouse-20-40-10-2-2-even-2_scen-agents20-idx23-seed42-1761042393638,0,464,0,0,0,0,0,0,0.000000,0.000000,0.000000,0.000000,0.000000,1084.862000,1
_home_max_Documents_PhD_MAPF_LNS_MAPF_LNS_SAT_mapf-map_warehouse-20-40-10-2-2_map-_home_max_Documents_PhD_MAPF_LNS_MAPF_LNS_SAT_mapf-scen-even_scen-even_warehouse-20-40-10-2-2-even-2_scen-agents20-idx24-seed42-1761042395546,0,441,1,1,2,3,32,17,0.000000,0.030000,0.063000,0.046000,0.009130,1081.345000,1
_home_max_Documents_PhD_MAPF_LNS_MAPF_LNS_SAT_mapf-map_warehouse-20-40-10-2-2_map-_home_max_Documents_PhD_MAPF_LNS_MAPF_LNS_SAT_mapf-scen-even_scen-even_warehouse-20-40-10-2-2-even-2_scen-agents20-idx25-seed42-1761042397453,0,443,3,2,6,10,219,88,0.000000,0.139000,0.234000,0.182000,0.018854,1091.258000,1
_home_max_Documents_PhD_MAPF_LNS_MAPF_LNS_SAT_mapf-map_warehouse-20-40-10-2-2_map-_home_max_Documents_PhD_MAPF_LNS_MAPF_LNS_SAT_mapf-scen-even_scen-even_warehouse-20-40-10-2-2-even-2_scen-agents20-idx26-seed42-1761042399362,0,456,2,2,4,6,127,50,0.000000,0.106000,0.162000,0.129000,0.015317,1104.967000,1
_home_max_Documents_PhD_MAPF_LNS_MAPF_LNS_SAT_mapf-map_warehouse-20-40-10-2-2_map-_home_max_Documents_PhD_MAPF_LNS_MAPF_LNS_SAT_mapf-scen-even_scen-even_warehouse-20-40-10-2-2-even-2_scen-agents20-idx27-seed42-1761042401262,0,462,3,2,6,10,195,85,0.000000,0.109000,0.216000,0.164000,0.017701,1104.926000,1
_home_max_Documents_PhD_MAPF_LNS_MAPF_LNS_SAT_mapf-map_warehouse-20-40-10-2-2_map-_home_max_Documents_PhD_MAPF_LNS_MAPF_LNS_SAT_mapf-scen-even_scen-even_warehouse-20-40-10-2-2-even-2_scen-agents20-idx28-seed42-1761042403172,0,416,3,2,7,12,271,119,0.000000,0.534000,0.284000,0.220000,0.025832,1105.116000,1
_home_max_Documents_PhD_MAPF_LNS_MAPF_LNS_SAT_mapf-map_warehouse-20-40-10-2-2_map-_home_max_Documents_PhD_MAPF_LNS_MAPF_LNS_SAT_mapf-scen-even_scen-even_warehouse-20-40-10-2-2-even-2_scen-agents20-idx29-seed42-1761042405076,0,415,2,2,3,5,41,22,0.000000,0.030000,0.101000,0.070000,0.012079,1003.750000,1
_home_max_Documents_PhD_MAPF_LNS_MAPF_LNS_SAT_mapf-map_warehouse-20-40-10-2-2_map-_home_max_Documents_PhD_MAPF_LNS_MAPF_LNS_SAT_mapf-scen-even_scen-even_warehouse-20-40-10-2-2-even-2_scen-agents20-idx30-seed42-1761042406884,0,451,2,2,4,7,168,69,0.000000,0.148000,0.215000,0.167000,0.024129,1167.806000,1
_home_max_Documents_PhD_MAPF_LNS_MAPF_LNS_SAT_mapf-map_warehouse-20-40-10-2-2_map-_home_max_Documents_PhD_MAPF_LNS_MAPF_LNS_SAT_mapf-scen-even_scen-even_warehouse-20-40-10-2-2-even-2_scen-agents20-idx31-seed42-1761042408890,0,445,2,2,2,5,46,19,0.000000,0.049000,0.120000,0.083000,0.013836,1100.774000,1
_home_max_Documents_PhD_MAPF_LNS_MAPF_LNS_SAT_mapf-map_warehouse-20-40-10-2-2_map-_home_max_Documents_PhD_MAPF_LNS_MAPF_LNS_SAT_mapf-scen-even_scen-even_warehouse-20-40-10-2-2-even-2_scen-agents20-idx32-seed42-1761042410789,0,462,0,0,0,0,0,0,0.000000,0.000000,0.000000,0.000000,0.000000,1118.789000,1
_home_max_Documents_PhD_MAPF_LNS_MAPF_LNS_SAT_mapf-map_warehouse-20-40-10-2-2_map-_home_max_Documents_PhD_MAPF_LNS_MAPF_LNS_SAT_mapf-scen-even_scen-even_warehouse-20-40-10-2-2-even-2_scen-agents20-idx33-seed42-1761042412749,0,434,1,1,1,4,22,9,0.000000,0.019000,0.066000,0.042000,0.008678,1062.715000,1
_home_max_Documents_PhD_MAPF_LNS_MAPF_LNS_SAT_mapf-map_warehouse-20-40-10-2-2_map-_home_max_Documents_PhD_MAPF_LNS_MAPF_LNS_SAT_mapf-scen-even_scen-even_warehouse-20-40-10-2-2-even-2_scen-agents20-idx34-seed42-1761042414601,0,357,3,3,3,7,59,26,0.000000,0.041000,0.142000,0.094000,0.013844,980.258000,1
_home_max_Documents_PhD_MAPF_LNS_MAPF_LNS_SAT_mapf-map_warehouse-20-40-10-2-2_map-_home_max_Documents_PhD_MAPF_LNS_MAPF_LNS_SAT_mapf-scen-even_scen-even_warehouse-20-40-10-2-2-even-2_scen-agents20-idx35-seed42-1761042416358,0,466,8,6,19,37,668,280,0.000000,0.455000,0.774000,0.571000,0.062064,1056.341000,1
_home_max_Documents_PhD_MAPF_LNS_MAPF_LNS_SAT_mapf-map_warehouse-20-40-10-2-2_map-_home_max_Documents_PhD_MAPF_LNS_MAPF_LNS_SAT_mapf-scen-even_scen-even_warehouse-20-40-10-2-2-even-2_scen-agents20-idx36-seed42-1761042418264,0,352,2,2,4,9,143,52,0.000000,0.098000,0.206000,0.148000,0.022094,955.508000,1
_home_max_Documents_PhD_MAPF_LNS_MAPF_LNS_SAT_mapf-map_warehouse-20-40-10-2-2_map-_home_max_Documents_PhD_MAPF_LNS_MAPF_LNS_SAT_mapf-scen-even_scen-even_warehouse-20-40-10-2-2-even-2_scen-agents20-idx37-seed42-1761042420024,0,424,2,2,2,2,48,20,0.000000,0.041000,0.088000,0.069000,0.013386,1060.633000,1
_home_max_Documents_PhD_MAPF_LNS_MAPF_LNS_SAT_mapf-map_warehouse-20-40-10-2-2_map-_home_max_Documents_PhD_MAPF_LNS_MAPF_LNS_SAT_mapf-scen-even_scen-even_warehouse-20-40-10-2-2-even-2_scen-agents20-idx38-seed42-1761042421875,0,472,1,1,2,3,28,15,0.000000,0.020000,0.065000,0.045000,0.009095,1119.759000,1
_home_max_Documents_PhD_MAPF_LNS_MAPF_LNS_SAT_mapf-map_warehouse-20-40-10-2-2_map-_home_max_Documents_PhD_MAPF_LNS_MAPF_LNS_SAT_mapf-scen-even_scen-even_warehouse-20-40-10-2-2-even-2_scen-agents20-idx39-seed42-1761042423833,0,464,0,0,0,0,0,0,0.000000,0.000000,0.000000,0.000000,0.000000,1143.138000,1
_home_max_Documents_PhD_MAPF_LNS_MAPF_LNS_SAT_mapf-map_warehouse-20-40-10-2-2_map-_home_max_Documents_PhD_MAPF_LNS_MAPF_LNS_SAT_mapf-scen-even_scen-even_warehouse-20-40-10-2-2-even-2_scen-agents20-idx40-seed42-1761042425784,0,455,3,3,5,15,137,56,0.000000,0.106000,0.273000,0.181000,0.025892,1222.612000,1
_home_max_Documents_PhD_MAPF_LNS_MAPF_LNS_SAT_mapf-map_warehouse-20-40-10-2-2_map-_home_max_Documents_PhD_MAPF_LNS_MAPF_LNS_SAT_mapf-scen-even_scen-even_warehouse-20-40-10-2-2-even-2_scen-agents20-idx41-seed42-1761042427792,0,460,4,2,14,26,626,245,0.000000,0.580000,0.624000,0.490000,0.052164,1004.452000,1
_home_max_Documents_PhD_MAPF_LNS_MAPF_LNS_SAT_mapf-map_warehouse-20-40-10-2-2_map-_home_max_Documents_PhD_MAPF_LNS_MAPF_LNS_SAT_mapf-scen-even_scen-even_warehouse-20-40-10-2-2-even-2_scen-agents20-idx42-seed42-1761042429601,0,376,6,4,16,34,620,254,0.000000,0.360000,0.663000,0.495000,0.052541,985.940000,1
_home_max_Documents_PhD_MAPF_LNS_MAPF_LNS_SAT_mapf-map_warehouse-20-40-10-2-2_map-_home_max_Documents_PhD_MAPF_LNS_MAPF_LNS_SAT_mapf-scen-even_scen-even_warehouse-20-40-10-2-2-even-2_scen-agents20-idx43-seed42-1761042431410,0,467,3,2,6,11,230,91,0.000000,0.400000,0.267000,0.204000,0.019936,1251.321000,1
_home_max_Documents_PhD_MAPF_LNS_MAPF_LNS_SAT_mapf-map_warehouse-20-40-10-2-2_map-_home_max_Documents_PhD_MAPF_LNS_MAPF_LNS_SAT_mapf-scen-even_scen-even_warehouse-20-40-10-2-2-even-2_scen-agents20-idx44-seed42-1761042433468,0,466,4,3,9,21,326,135,0.000000,0.234000,0.415000,0.303000,0.039719,1100.457000,1
_home_max_Documents_PhD_MAPF_LNS_MAPF_LNS_SAT_mapf-map_warehouse-20-40-10-2-2_map-_home_max_Documents_PhD_MAPF_LNS_MAPF_LNS_SAT_mapf-scen-even_scen-even_warehouse-20-40-10-2-2-even-2_scen-agents20-idx45-seed42-1761042435373,0,446,2,2,3,7,50,24,0.000000,0.033000,0.137000,0.079000,0.012129,1088.478000,1
_home_max_Documents_PhD_MAPF_LNS_MAPF_LNS_SAT_mapf-map_warehouse-20-40-10-2-2_map-_home_max_Documents_PhD_MAPF_LNS_MAPF_LNS_SAT_mapf-scen-even_scen-even_warehouse-20-40-10-2-2-even-2_scen-agents20-idx46-seed42-1761042437282,0,451,0,0,0,0,0,0,0.000000,0.000000,0.000000,0.000000,0.000000,968.178000,1
_home_max_Documents_PhD_MAPF_LNS_MAPF_LNS_SAT_mapf-map_warehouse-20-40-10-2-2_map-_home_max_Documents_PhD_MAPF_LNS_MAPF_LNS_SAT_mapf-scen-even_scen-even_warehouse-20-40-10-2-2-even-2_scen-agents20-idx47-seed42-1761042439088,0,461,2,2,3,7,50,24,0.000000,0.044000,0.139000,0.093000,0.018513,1156.985000,1
_home_max_Documents_PhD_MAPF_LNS_MAPF_LNS_SAT_mapf-map_warehouse-20-40-10-2-2_map-_home_max_Documents_PhD_MAPF_LNS_MAPF_LNS_SAT_mapf-scen-even_scen-even_warehouse-20-40-10-2-2-even-2_scen-agents20-idx48-seed42-1761042441039,0,465,1,1,2,3,678,263,0.000000,0.677000,0.396000,0.350000,0.027262,1057.222000,1
_home_max_Documents_PhD_MAPF_LNS_MAPF_LNS_SAT_mapf-map_warehouse-20-40-10-2-2_map-_home_max_Documents_PhD_MAPF_LNS_MAPF_LNS_SAT_mapf-scen-even_scen-even_warehouse-20-40-10-2-2-even-2_scen-agents20-idx49-seed42-1761042442894,0,414,3,2,8,15,319,129,0.000000,0.317000,0.352000,0.270000,0.033559,1041.587000,1
_home_max_Documents_PhD_MAPF_LNS_MAPF_LNS_SAT_mapf-map_warehouse-20-40-10-2-2_map-_home_max_Documents_PhD_MAPF_LNS_MAPF_LNS_SAT_mapf-scen-even_scen-even_warehouse-20-40-10-2-2-even-1_scen-agents50-idx0-seed42-1761042444758,0,450,13,12,27,66,824,340,0.000000,0.511000,1.327000,0.923000,0.116587,3236.683000,1
_home_max_Documents_PhD_MAPF_LNS_MAPF_LNS_SAT_mapf-map_warehouse-20-40-10-2-2_map-_home_max_Documents_PhD_MAPF_LNS_MAPF_LNS_SAT_mapf-scen-even_scen-even_warehouse-20-40-10-2-2-even-1_scen-agents50-idx1-seed42-1761042449970,0,433,17,15,29,60,858,364,0.000000,0.521000,1.280000,0.904000,0.107746,3254.383000,1
_home_max_Documents_PhD_MAPF_LNS_MAPF_LNS_SAT_mapf-map_warehouse-20-40-10-2-2_map-_home_max_Documents_PhD_MAPF_LNS_MAPF_LNS_SAT_mapf-scen-even_scen-even_warehouse-20-40-10-2-2-even-1_scen-agents50-idx2-seed42-1761042455175,0,460,12,11,20,46,545,232,0.000000,0.379000,0.946000,0.650000,0.065578,3286.401000,1
_home_max_Documents_PhD_MAPF_LNS_MAPF_LNS_SAT_mapf-map_warehouse-20-40-10-2-2_map-_home_max_Documents_PhD_MAPF_LNS_MAPF_LNS_SAT_mapf-scen-even_scen-even_warehouse-20-40-10-2-2-even-1_scen-agents50-idx3-seed42-1761042460446,0,452,8,6,18,30,570,253,0.002000,2.359000,0.808000,0.615000,0.064654,3418.627000,1
_home_max_Documents_PhD_MAPF_LNS_MAPF_LNS_SAT_mapf-map_warehouse-20-40-10-2-2_map-_home_max_Documents_PhD_MAPF_LNS_MAPF_LNS_SAT_mapf-scen-even_scen-even_warehouse-20-40-10-2-2-even-1_scen-agents50-idx4-seed42-1761042465905,0,460,13,10,30,57,961,404,0.000000,0.608000,1.670000,1.331000,0.093165,3227.134000,1
_home_max_Documents_PhD_MAPF_LNS_MAPF_LNS_SAT_mapf-map_warehouse-20-40-10-2-2_map-_home_max_Documents_PhD_MAPF_LNS_MAPF_LNS_SAT_mapf-scen-even_scen-even_warehouse-20-40-10-2-2-even-1_scen-agents50-idx5-seed42-1761042471172,0,452,17,15,31,61,908,385,0.000000,0.669000,1.366000,0.976000,0.105004,3434.175000,1
_home_max_Documents_PhD_MAPF_LNS_MAPF_LNS_SAT_mapf-map_warehouse-20-40-10-2-2_map-_home_max_Documents_PhD_MAPF_LNS_MAPF_LNS_SAT_mapf-scen-even_scen-even_warehouse-20-40-10-2-2-even-1_scen-agents50-idx6-seed42-1761042476582,0,466,21,15,57,115,2292,903,0.000000,1.288000,2.741000,2.106000,0.228539,3267.945000,1
_home_max_Documents_PhD_MAPF_LNS_MAPF_LNS_SAT_mapf-map_warehouse-20-40-10-2-2_map-_home_max_Documents_PhD_MAPF_LNS_MAPF_LNS_SAT_mapf-scen-even_scen-even_warehouse-20-40-10-2-2-even-1_scen-agents50-idx7-seed42-1761042481850,0,462,23,16,61,120,2247,920,0.000000,1.352000,3.073000,2.382000,0.208370,3277.968000,1
_home_max_Documents_PhD_MAPF_LNS_MAPF_LNS_SAT_mapf-map_warehouse-20-40-10-2-2_map-_home_max_Documents_PhD_MAPF_LNS_MAPF_LNS_SAT_mapf-scen-even_scen-even_warehouse-20-40-10-2-2-even-1_scen-agents50-idx8-seed42-1761042487113,0,447,13,12,25,56,837,356,0.002000,0.555000,1.796000,1.426000,0.124189,3118.817000,1
_home_max_Documents_PhD_MAPF_LNS_MAPF_LNS_SAT_mapf-map_warehouse-20-40-10-2-2_map-_home_max_Documents_PhD_MAPF_LNS_MAPF_LNS_SAT_mapf-scen-even_scen-even_warehouse-20-40-10-2-2-even-1_scen-agents50-idx9-seed42-1761042492231,0,444,7,6,15,33,711,288,0.000000,0.400000,0.837000,0.620000,0.064355,2926.517000,1
_home_max_Documents_PhD_MAPF_LNS_MAPF_LNS_SAT_mapf-map_warehouse-20-40-10-2-2_map-_home_max_Documents_PhD_MAPF_LNS_MAPF_LNS_SAT_mapf-scen-even_scen-even_warehouse-20-40-10-2-2-even-1_scen-agents50-idx10-seed42-1761042497148,0,454,17,13,43,88,1558,628,0.000000,0.941000,2.442000,1.941000,0.164710,3324.899000,1
_home_max_Documents_PhD_MAPF_LNS_MAPF_LNS_SAT_mapf-map_warehouse-20-40-10-2-2_map-_home_max_Documents_PhD_MAPF_LNS_MAPF_LNS_SAT_mapf-scen-even_scen-even_warehouse-20-40-10-2-2-even-1_scen-agents50-idx11-seed42-1761042502464,0,442,7,7,12,22,276,118,0.000000,0.158000,0.853000,0.707000,0.049184,3130.941000,1
_home_max_Documents_PhD_MAPF_LNS_MAPF_LNS_SAT_mapf-map_warehouse-20-40-10-2-2_map-_home_max_Documents_PhD_MAPF_LNS_MAPF_LNS_SAT_mapf-scen-even_scen-even_warehouse-20-40-10-2-2-even-1_scen-agents50-idx12-seed42-1761042507583,0,451,17,14,40,82,1496,600,0.003000,0.851000,1.915000,1.396000,0.163307,3139.076000,1
_home_max_Documents_PhD_MAPF_LNS_MAPF_LNS_SAT_mapf-map_warehouse-20-40-10-2-2_map-_home_max_Documents_PhD_MAPF_LNS_MAPF_LNS_SAT_mapf-scen-even_scen-even_warehouse-20-40-10-2-2-even-1_scen-agents50-idx13-seed42-1761042512698,0,462,9,8,19,42,604,248,0.000000,0.396000,1.198000,0.950000,0.103496,3262.223000,1
_home_max_Documents_PhD_MAPF_LNS_MAPF_LNS_SAT_mapf-map_warehouse-20-40-10-2-2_map-_home_max_Documents_PhD_MAPF_LNS_MAPF_LNS_SAT_mapf-scen-even_scen-even_warehouse-20-40-10-2-2-even-1_scen-agents50-idx14-seed42-1761042517969,0,465,11,9,26,55,931,390,0.000000,2.115000,1.221000,0.881000,0.100951,2978.292000,1
_home_max_Documents_PhD_MAPF_LNS_MAPF_LNS_SAT_mapf-map_warehouse-20-40-10-2-2_map-_home_max_Documents_PhD_MAPF_LNS_MAPF_LNS_SAT_mapf-scen-even_scen-even_warehouse-20-40-10-2-2-even-1_scen-agents50-idx15-seed42-1761042522936,0,459,5,5,7,16,184,76,0.000000,0.127000,0.360000,0.247000,0.036682,3147.824000,1
_home_max_Documents_PhD_MAPF_LNS_MAPF_LNS_SAT_mapf-map_warehouse-20-40-10-2-2_map-_home_max_Documents_PhD_MAPF_LNS_MAPF_LNS_SAT_mapf-scen-even_scen-even_warehouse-20-40-10-2-2-even-1_scen-agents50-idx16-seed42-1761042528102,0,462,12,10,23,57,699,289,0.000000,0.421000,1.161000,0.798000,0.102637,3277.576000,1
_home_max_Documents_PhD_MAPF_LNS_MAPF_LNS_SAT_mapf-map_warehouse-20-40-10-2-2_map-_home_max_Documents_PhD_MAPF_LNS_MAPF_LNS_SAT_mapf-scen-even_scen-even_warehouse-20-40-10-2-2-even-1_scen-agents50-idx17-seed42-1761042533374,0,447,13,11,27,60,887,373,0.000000,0.576000,1.244000,0.894000,0.118423,3266.463000,1
_home_max_Documents_PhD_MAPF_LNS_MAPF_LNS_SAT_mapf-map_warehouse-20-40-10-2-2_map-_home_max_Documents_PhD_MAPF_LNS_MAPF_LNS_SAT_mapf-scen-even_scen-even_warehouse-20-40-10-2-2-even-1_scen-agents50-idx18-seed42-1761042538692,0,464,9,8,15,33,508,198,0.000000,0.278000,1.045000,0.846000,0.062992,2878.271000,1
_home_max_Documents_PhD_MAPF_LNS_MAPF_LNS_SAT_mapf-map_warehouse-20-40-10-2-2_map-_home_max_Documents_PhD_MAPF_LNS_MAPF_LNS_SAT_mapf-scen-even_scen-even_warehouse-20-40-10-2-2-even-1_scen-agents50-idx19-seed42-1761042543506,0,448,23,18,50,99,1721,702,0.000000,1.012000,2.221000,1.632000,0.164485,3216.241000,1
_home_max_Documents_PhD_MAPF_LNS_MAPF_LNS_SAT_mapf-map_warehouse-20-40-10-2-2_map-_home_max_Documents_PhD_MAPF_LNS_MAPF_LNS_SAT_mapf-scen-even_scen-even_warehouse-20-40-10-2-2-even-2_scen-agents50-idx0-seed42-1761042548727,0,455,15,12,31,68,1133,463,0.000000,0.730000,1.533000,1.110000,0.117572,3294.771000,1
_home_max_Documents_PhD_MAPF_LNS_MAPF_LNS_SAT_mapf-map_warehouse-20-40-10-2-2_map-_home_max_Documents_PhD_MAPF_LNS_MAPF_LNS_SAT_mapf-scen-even_scen-even_warehouse-20-40-10-2-2-even-2_scen-agents50-idx1-seed42-1761042553990,0,465,16,11,47,101,4154,1399,0.000000,2.032000,3.352000,2.711000,0.296656,3258.992000,1
_home_max_Documents_PhD_MAPF_LNS_MAPF_LNS_SAT_mapf-map_warehouse-20-40-10-2-2_map-_home_max_Documents_PhD_MAPF_LNS_MAPF_LNS_SAT_mapf-scen-even_scen-even_warehouse-20-40-10-2-2-even-2_scen-agents50-idx2-seed42-1761042559258,0,465,25,20,50,110,1686,696,0.000000,1.130000,2.763000,2.092000,0.175734,3678.294000,1
_home_max_Documents_PhD_MAPF_LNS_MAPF_LNS_SAT_mapf-map_warehouse-20-40-10-2-2_map-_home_max_Documents_PhD_MAPF_LNS_MAPF_LNS_SAT_mapf-scen-even_scen-even_warehouse-20-40-10-2-2-even-2_scen-agents50-idx3-seed42-1761042564923,0,447,7,7,11,28,300,127,0.000000,0.204000,0.593000,0.406000,0.062341,3130.991000,1
_home_max_Documents_PhD_MAPF_LNS_MAPF_LNS_SAT_mapf-map_warehouse-20-40-10-2-2_map-_home_max_Documents_PhD_MAPF_LNS_MAPF_LNS_SAT_mapf-scen-even_scen-even_warehouse-20-40-10-2-2-even-2_scen-agents50-idx4-seed42-1761042570041,0,460,25,21,48,100,1576,646,0.002000,6.534000,2.470000,1.778000,0.203214,3878.829000,1
_home_max_Documents_PhD_MAPF_LNS_MAPF_LNS_SAT_mapf-map_warehouse-20-40-10-2-2_map-_home_max_Documents_PhD_MAPF_LNS_MAPF_LNS_SAT_mapf-scen-even_scen-even_warehouse-20-40-10-2-2-even-2_scen-agents50-idx5-seed42-1761042575909,0,434,12,10,23,47,658,283,0.002000,0.497000,0.978000,0.701000,0.080402,2871.291000,1
_home_max_Documents_PhD_MAPF_LNS_MAPF_LNS_SAT_mapf-map_warehouse-20-40-10-2-2_map-_home_max_Documents_PhD_MAPF_LNS_MAPF_LNS_SAT_mapf-scen-even_scen-even_warehouse-20-40-10-2-2-even-2_scen-agents50-idx6-seed42-1761042580773,0,446,5,5,9,24,262,105,0.000000,0.169000,0.513000,0.346000,0.073497,2937.845000,1
_home_max_Documents_PhD_MAPF_LNS_MAPF_LNS_SAT_mapf-map_warehouse-20-40-10-2-2_map-_home_max_Documents_PhD_MAPF_LNS_MAPF_LNS_SAT_mapf-scen-even_scen-even_warehouse-20-40-10-2-2-even-2_scen-agents50-idx7-seed42-1761042585687,0,452,21,17,50,106,1721,703,0.000000,1.021000,2.672000,2.022000,0.198231,3316.660000,1
_home_max_Documents_PhD_MAPF_LNS_MAPF_LNS_SAT_mapf-map_warehouse-20-40-10-2-2_map-_home_max_Documents_PhD_MAPF_LNS_MAPF_LNS_SAT_mapf-scen-even_scen-even_warehouse-20-40-10-2-2-even-2_scen-agents50-idx8-seed42-1761042590949,0,463,19,13,49,93,1902,763,0.000000,1.168000,2.677000,2.160000,0.171691,3473.341000,1
_home_max_Documents_PhD_MAPF_LNS_MAPF_LNS_SAT_mapf-map_warehouse-20-40-10-2-2_map-_home_max_Documents_PhD_MAPF_LNS_MAPF_LNS_SAT_mapf-scen-even_scen-even_warehouse-20-40-10-2-2-even-2_scen-agents50-idx9-seed42-1761042596421,0,464,12,12,18,41,444,185,0.000000,0.338000,1.280000,0.974000,0.075061,3317.979000,1
_home_max_Documents_PhD_MAPF_LNS_MAPF_LNS_SAT_mapf-map_warehouse-20-40-10-2-2_map-_home_max_Documents_PhD_MAPF_LNS_MAPF_LNS_SAT_mapf-scen-even_scen-even_warehouse-20-40-10-2-2-even-2_scen-agents50-idx10-seed42-1761042601735,0,462,18,14,35,65,1256,504,0.000000,0.752000,1.966000,1.582000,0.109143,3274.409000,1
_home_max_Documents_PhD_MAPF_LNS_MAPF_LNS_SAT_mapf-map_warehouse-20-40-10-2-2_map-_home_max_Documents_PhD_MAPF_LNS_MAPF_LNS_SAT_mapf-scen-even_scen-even_warehouse-20-40-10-2-2-even-2_scen-agents50-idx11-seed42-1761042607006,0,416,12,11,24,45,660,292,0.000000,0.480000,1.363000,1.067000,0.081296,3067.833000,1
_home_max_Documents_PhD_MAPF_LNS_MAPF_LNS_SAT_mapf-map_warehouse-20-40-10-2-2_map-_home_max_Documents_PhD_MAPF_LNS_MAPF_LNS_SAT_mapf-scen-even_scen-even_warehouse-20-40-10-2-2-even-2_scen-agents50-idx12-seed42-1761042612072,0,462,18,16,33,70,1154,463,0.000000,0.895000,2.155000,1.705000,0.127189,3413.971000,1
_home_max_Documents_PhD_MAPF_LNS_MAPF_LNS_SAT_mapf-map_warehouse-20-40-10-2-2_map-_home_max_Documents_PhD_MAPF_LNS_MAPF_LNS_SAT_mapf-scen-even_scen-even_warehouse-20-40-10-2-2-even-2_scen-agents50-idx13-seed42-1761042617489,0,434,8,7,19,41,644,262,0.000000,0.360000,0.859000,0.626000,0.072427,2899.368000,1
_home_max_Documents_PhD_MAPF_LNS_MAPF_LNS_SAT_mapf-map_warehouse-20-40-10-2-2_map-_home_max_Documents_PhD_MAPF_LNS_MAPF_LNS_SAT_mapf-scen-even_scen-even_warehouse-20-40-10-2-2-even-2_scen-agents50-idx14-seed42-1761042622345,0,466,22,18,48,92,1718,698,0.000000,0.963000,2.474000,1.971000,0.164206,3029.882000,1
_home_max_Documents_PhD_MAPF_LNS_MAPF_LNS_SAT_mapf-map_warehouse-20-40-10-2-2_map-_home_max_Documents_PhD_MAPF_LNS_MAPF_LNS_SAT_mapf-scen-even_scen-even_warehouse-20-40-10-2-2-even-2_scen-agents50-idx15-seed42-1761042627368,0,472,11,11,21,42,552,242,0.000000,0.449000,1.512000,1.217000,0.095306,3214.848000,1
_home_max_Documents_PhD_MAPF_LNS_MAPF_LNS_SAT_mapf-map_warehouse-20-40-10-2-2_map-_home_max_Documents_PhD_MAPF_LNS_MAPF_LNS_SAT_mapf-scen-even_scen-even_warehouse-20-40-10-2-2-even-2_scen-agents50-idx16-seed42-1761042632588,0,460,15,14,28,70,949,377,0.000000,0.651000,1.478000,1.035000,0.123342,3247.830000,1
_home_max_Documents_PhD_MAPF_LNS_MAPF_LNS_SAT_mapf-map_warehouse-20-40-10-2-2_map-_home_max_Documents_PhD_MAPF_LNS_MAPF_LNS_SAT_mapf-scen-even_scen-even_warehouse-20-40-10-2-2-even-2_scen-agents50-idx17-seed42-1761042637852,0,467,11,10,18,39,473,201,0.002000,0.367000,0.814000,0.572000,0.058525,3152.889000,1
_home_max_Documents_PhD_MAPF_LNS_MAPF_LNS_SAT_mapf-map_warehouse-20-40-10-2-2_map-_home_max_Documents_PhD_MAPF_LNS_MAPF_LNS_SAT_mapf-scen-even_scen-even_warehouse-20-40-10-2-2-even-2_scen-agents50-idx18-seed42-1761042643020,0,461,16,15,23,50,659,287,0.003000,0.463000,1.627000,1.266000,0.090509,3203.551000,1
_home_max_Documents_PhD_MAPF_LNS_MAPF_LNS_SAT_mapf-map_warehouse-20-40-10-2-2_map-_home_max_Documents_PhD_MAPF_LNS_MAPF_LNS_SAT_mapf-scen-even_scen-even_warehouse-20-40-10-2-2-even-2_scen-agents50-idx19-seed42-1761042648240,0,465,9,8,22,42,1056,438,0.000000,0.827000,1.253000,0.953000,0.118102,3014.080000,1
_home_max_Documents_PhD_MAPF_LNS_MAPF_LNS_SAT_mapf-map_warehouse-20-40-10-2-2_map-_home_max_Documents_PhD_MAPF_LNS_MAPF_LNS_SAT_mapf-scen-even_scen-even_warehouse-20-40-10-2-2-even-3_scen-agents50-idx0-seed42-1761042653260,0,448,9,8,15,28,427,179,0.000000,0.270000,0.608000,0.438000,0.047199,3125.389000,1
_home_max_Documents_PhD_MAPF_LNS_MAPF_LNS_SAT_mapf-map_warehouse-20-40-10-2-2_map-_home_max_Documents_PhD_MAPF_LNS_MAPF_LNS_SAT_mapf-scen-even_scen-even_warehouse-20-40-10-2-2-even-3_scen-agents50-idx1-seed42-1761042658378,0,420,12,10,26,45,796,338,0.000000,0.502000,1.338000,1.061000,0.085641,3040.112000,1
_home_max_Documents_PhD_MAPF_LNS_MAPF_LNS_SAT_mapf-map_warehouse-20-40-10-2-2_map-_home_max_Documents_PhD_MAPF_LNS_MAPF_LNS_SAT_mapf-scen-even_scen-even_warehouse-20-40-10-2-2-even-3_scen-agents50-idx2-seed42-1761042663393,0,450,14,12,32,67,1064,443,0.001000,0.776000,1.842000,1.441000,0.107698,3296.705000,1
_home_max_Documents_PhD_MAPF_LNS_MAPF_LNS_SAT_mapf-map_warehouse-20-40-10-2-2_map-_home_max_Documents_PhD_MAPF_LNS_MAPF_LNS_SAT_mapf-scen-even_scen-even_warehouse-20-40-10-2-2-even-3_scen-agents50-idx3-seed42-1761042668662,0,457,15,11,38,78,1341,555,0.000000,0.771000,2.047000,1.594000,0.129168,3055.346000,1
_home_max_Documents_PhD_MAPF_LNS_MAPF_LNS_SAT_mapf-map_warehouse-20-40-10-2-2_map-_home_max_Documents_PhD_MAPF_LNS_MAPF_LNS_SAT_mapf-scen-even_scen-even_warehouse-20-40-10-2-2-even-3_scen-agents50-idx4-seed42-1761042673683,0,450,10,8,21,43,706,296,0.000000,0.614000,1.252000,0.909000,0.096979,3347.784000,1
_home_max_Documents_PhD_MAPF_LNS_MAPF_LNS_SAT_mapf-map_warehouse-20-40-10-2-2_map-_home_max_Documents_PhD_MAPF_LNS_MAPF_LNS_SAT_mapf-scen-even_scen-even_warehouse-20-40-10-2-2-even-3_scen-agents50-idx5-seed42-1761042679000,0,454,15,12,33,71,1188,490,0.000000,0.849000,1.799000,1.220000,0.127055,3165.962000,1
_home_max_Documents_PhD_MAPF_LNS_MAPF_LNS_SAT_mapf-map_warehouse-20-40-10-2-2_map-_home_max_Documents_PhD_MAPF_LNS_MAPF_LNS_SAT_mapf-scen-even_scen-even_warehouse-20-40-10-2-2-even-3_scen-agents50-idx6-seed42-1761042684165,0,442,13,10,35,65,1304,535,0.000000,2.020000,1.522000,1.168000,0.143727,3073.824000,1
_home_max_Documents_PhD_MAPF_LNS_MAPF_LNS_SAT_mapf-map_warehouse-20-40-10-2-2_map-_home_max_Documents_PhD_MAPF_LNS_MAPF_LNS_SAT_mapf-scen-even_scen-even_warehouse-20-40-10-2-2-even-3_scen-agents50-idx7-seed42-1761042689231,0,444,9,8,18,49,566,237,0.000000,0.470000,1.607000,1.262000,0.099416,3104.547000,1
_home_max_Documents_PhD_MAPF_LNS_MAPF_LNS_SAT_mapf-map_warehouse-20-40-10-2-2_map-_home_max_Documents_PhD_MAPF_LNS_MAPF_LNS_SAT_mapf-scen-even_scen-even_warehouse-20-40-10-2-2-even-3_scen-agents50-idx8-seed42-1761042694285,0,444,17,13,37,67,1228,517,0.000000,0.667000,1.504000,1.121000,0.121080,3062.545000,1
_home_max_Documents_PhD_MAPF_LNS_MAPF_LNS_SAT_mapf-map_warehouse-20-40-10-2-2_map-_home_max_Documents_PhD_MAPF_LNS_MAPF_LNS_SAT_mapf-scen-even_scen-even_warehouse-20-40-10-2-2-even-3_scen-agents50-idx9-seed42-1761042699352,0,458,10,10,15,32,348,160,0.000000,0.246000,0.731000,0.506000,0.060467,2997.534000,1
_home_max_Documents_PhD_MAPF_LNS_MAPF_LNS_SAT_mapf-map_warehouse-20-40-10-2-2_map-_home_max_Documents_PhD_MAPF_LNS_MAPF_LNS_SAT_mapf-scen-even_scen-even_warehouse-20-40-10-2-2-even-3_scen-agents50-idx10-seed42-1761042704312,0,448,8,6,17,30,543,228,0.000000,0.376000,0.694000,0.516000,0.057250,2890.306000,1
_home_max_Documents_PhD_MAPF_LNS_MAPF_LNS_SAT_mapf-map_warehouse-20-40-10-2-2_map-_home_max_Documents_PhD_MAPF_LNS_MAPF_LNS_SAT_mapf-scen-even_scen-even_warehouse-20-40-10-2-2-even-3_scen-agents50-idx11-seed42-1761042709177,0,458,14,11,29,58,884,379,0.001000,0.606000,1.722000,1.357000,0.102497,3204.119000,1
_home_max_Documents_PhD_MAPF_LNS_MAPF_LNS_SAT_mapf-map_warehouse-20-40-10-2-2_map-_home_max_Documents_PhD_MAPF_LNS_MAPF_LNS_SAT_mapf-scen-even_scen-even_warehouse-20-40-10-2-2-even-3_scen-agents50-idx12-seed42-1761042714340,0,454,13,12,22,43,1046,450,0.000000,0.744000,1.271000,0.910000,0.092991,3238.071000,1
_home_max_Documents_PhD_MAPF_LNS_MAPF_LNS_SAT_mapf-map_warehouse-20-40-10-2-2_map-_home_max_Documents_PhD_MAPF_LNS_MAPF_LNS_SAT_mapf-scen-even_scen-even_warehouse-20-40-10-2-2-even-3_scen-agents50-idx13-seed42-1761042719561,0,455,12,10,24,55,720,305,0.003000,0.653000,1.265000,0.874000,0.092435,3345.765000,1
_home_max_Documents_PhD_MAPF_LNS_MAPF_LNS_SAT_mapf-map_warehouse-20-40-10-2-2_map-_home_max_Documents_PhD_MAPF_LNS_MAPF_LNS_SAT_mapf-scen-even_scen-even_warehouse-20-40-10-2-2-even-3_scen-agents50-idx14-seed42-1761042724877,0,455,11,10,19,44,616,253,0.000000,1.143000,1.450000,1.152000,0.099884,3197.941000,1
_home_max_Documents_PhD_MAPF_LNS_MAPF_LNS_SAT_mapf-map_warehouse-20-40-10-2-2_map-_home_max_Documents_PhD_MAPF_LNS_MAPF_LNS_SAT_mapf-scen-even_scen-even_warehouse-20-40-10-2-2-even-3_scen-agents50-idx15-seed42-1761042730090,0,446,19,15,40,82,1312,551,0.000000,0.791000,2.171000,1.687000,0.143459,3165.121000,1
_home_max_Documents_PhD_MAPF_LNS_MAPF_LNS_SAT_mapf-map_warehouse-20-40-10-2-2_map-_home_max_Documents_PhD_MAPF_LNS_MAPF_LNS_SAT_mapf-scen-even_scen-even_warehouse-20-40-10-2-2-even-3_scen-agents50-idx16-seed42-1761042735208,0,445,12,10,26,50,1745,639,0.000000,1.327000,1.721000,1.354000,0.121441,3217.928000,1
_home_max_Documents_PhD_MAPF_LNS_MAPF_LNS_SAT_mapf-map_warehouse-20-40-10-2-2_map-_home_max_Documents_PhD_MAPF_LNS_MAPF_LNS_SAT_mapf-scen-even_scen-even_warehouse-20-40-10-2-2-even-3_scen-agents50-idx17-seed42-1761042740431,0,443,13,11,28,52,997,412,0.003000,0.643000,1.661000,1.358000,0.111157,3053.121000,1
_home_max_Documents_PhD_MAPF_LNS_MAPF_LNS_SAT_mapf-map_warehouse-20-40-10-2-2_map-_home_max_Documents_PhD_MAPF_LNS_MAPF_LNS_SAT_mapf-scen-even_scen-even_warehouse-20-40-10-2-2-even-3_scen-agents50-idx18-seed42-1761042745447,0,388,14,13,27,57,871,354,0.001000,0.539000,1.362000,0.980000,0.121446,2891.843000,1
_home_max_Documents_PhD_MAPF_LNS_MAPF_LNS_SAT_mapf-map_warehouse-20-40-10-2-2_map-_home_max_Documents_PhD_MAPF_LNS_MAPF_LNS_SAT_mapf-scen-even_scen-even_warehouse-20-40-10-2-2-even-4_scen-agents50-idx0-seed42-1761042750315,0,453,23,17,62,128,2216,914,0.000000,1.310000,3.161000,2.438000,0.231880,3640.957000,1
_home_max_Documents_PhD_MAPF_LNS_MAPF_LNS_SAT_mapf-map_warehouse-20-40-10-2-2_map-_home_max_Documents_PhD_MAPF_LNS_MAPF_LNS_SAT_mapf-scen-even_scen-even_warehouse-20-40-10-2-2-even-4_scen-agents50-idx1-seed42-1761042755988,0,457,15,14,24,58,1232,540,0.001000,0.872000,1.466000,1.049000,0.109118,3037.443000,1
_home_max_Documents_PhD_MAPF_LNS_MAPF_LNS_SAT_mapf-map_warehouse-20-40-10-2-2_map-_home_max_Documents_PhD_MAPF_LNS_MAPF_LNS_SAT_mapf-scen-even_scen-even_warehouse-20-40-10-2-2-even-4_scen-agents50-idx2-seed42-1761042760998,0,464,12,12,15,41,325,141,0.000000,0.235000,0.774000,0.491000,0.065628,3289.895000,1
_home_max_Documents_PhD_MAPF_LNS_MAPF_LNS_SAT_mapf-map_warehouse-20-40-10-2-2_map-_home_max_Documents_PhD_MAPF_LNS_MAPF_LNS_SAT_mapf-scen-even_scen-even_warehouse-20-40-10-2-2-even-4_scen-agents50-idx3-seed42-1761042766271,0,453,4,4,6,14,100,48,0.000000,0.061000,0.532000,0.448000,0.022782,3039.187000,1
_home_max_Documents_PhD_MAPF_LNS_MAPF_LNS_SAT_mapf-map_warehouse-20-40-10-2-2_map-_home_max_Documents_PhD_MAPF_LNS_MAPF_LNS_SAT_mapf-scen-even_scen-even_warehouse-20-40-10-2-2-even-4_scen-agents50-idx4-seed42-1761042771284,0,433,17,14,42,87,1480,602,0.004000,0.902000,2.313000,1.788000,0.168638,3002.601000,1
_home_max_Documents_PhD_MAPF_LNS_MAPF_LNS_SAT_mapf-map_warehouse-20-40-10-2-2_map-_home_max_Documents_PhD_MAPF_LNS_MAPF_LNS_SAT_mapf-scen-even_scen-even_warehouse-20-40-10-2-2-even-4_scen-agents50-idx5-seed42-1761042776253,0,463,15,11,38,72,1410,563,0.006000,2.240000,2.437000,1.969000,0.156632,3113.649000,1
_home_max_Documents_PhD_MAPF_LNS_MAPF_LNS_SAT_mapf-map_warehouse-20-40-10-2-2_map-_home_max_Documents_PhD_MAPF_LNS_MAPF_LNS_SAT_mapf-scen-even_scen-even_warehouse-20-40-10-2-2-even-4_scen-agents50-idx6-seed42-1761042781370,0,442,11,9,27,55,928,379,0.001000,0.741000,1.118000,0.817000,0.089312,2993.174000,1
_home_max_Documents_PhD_MAPF_LNS_MAPF_LNS_SAT_mapf-map_warehouse-20-40-10-2-2_map-_home_max_Documents_PhD_MAPF_LNS_MAPF_LNS_SAT_mapf-scen-even_scen-even_warehouse-20-40-10-2-2-even-4_scen-agents50-idx7-seed42-1761042786329,0,452,15,15,26,63,658,281,0.000000,0.656000,1.306000,0.843000,0.114265,3266.998000,1
_home_max_Documents_PhD_MAPF_LNS_MAPF_LNS_SAT_mapf-map_warehouse-20-40-10-2-2_map-_home_max_Documents_PhD_MAPF_LNS_MAPF_LNS_SAT_mapf-scen-even_scen-even_warehouse-20-40-10-2-2-even-4_scen-agents50-idx8-seed42-1761042791598,0,452,17,15,37,84,1165,482,0.002000,0.701000,1.712000,1.226000,0.145470,3356.572000,1
_home_max_Documents_PhD_MAPF_LNS_MAPF_LNS_SAT_mapf-map_warehouse-20-40-10-2-2_map-_home_max_Documents_PhD_MAPF_LNS_MAPF_LNS_SAT_mapf-scen-even_scen-even_warehouse-20-40-10-2-2-even-4_scen-agents50-idx9-seed42-1761042796966,0,463,15,13,26,65,863,348,0.000000,0.598000,1.392000,0.968000,0.102775,3128.686000,1
_home_max_Documents_PhD_MAPF_LNS_MAPF_LNS_SAT_mapf-map_warehouse-20-40-10-2-2_map-_home_max_Documents_PhD_MAPF_LNS_MAPF_LNS_SAT_mapf-scen-even_scen-even_warehouse-20-40-10-2-2-even-4_scen-agents50-idx10-seed42-1761042802083,0,461,4,4,6,19,159,65,0.000000,0.127000,0.348000,0.222000,0.030715,3046.987000,1
_home_max_Documents_PhD_MAPF_LNS_MAPF_LNS_SAT_mapf-map_warehouse-20-40-10-2-2_map-_home_max_Documents_PhD_MAPF_LNS_MAPF_LNS_SAT_mapf-scen-even_scen-even_warehouse-20-40-10-2-2-even-4_scen-agents50-idx11-seed42-1761042807098,0,464,21,15,51,103,2414,889,0.003000,1.512000,2.698000,2.080000,0.200940,3504.610000,1
_home_max_Documents_PhD_MAPF_LNS_MAPF_LNS_SAT_mapf-map_warehouse-20-40-10-2-2_map-_home_max_Documents_PhD_MAPF_LNS_MAPF_LNS_SAT_mapf-scen-even_scen-even_warehouse-20-40-10-2-2-even-4_scen-agents50-idx12-seed42-1761042812566,0,450,12,9,28,54,874,374,0.001000,0.489000,1.666000,1.336000,0.091131,3121.599000,1
_home_max_Documents_PhD_MAPF_LNS_MAPF_LNS_SAT_mapf-map_warehouse-20-40-10-2-2_map-_home_max_Documents_PhD_MAPF_LNS_MAPF_LNS_SAT_mapf-scen-even_scen-even_warehouse-20-40-10-2-2-even-4_scen-agents50-idx13-seed42-1761042817689,0,396,14,13,19,42,455,198,0.000000,0.314000,1.077000,0.790000,0.054696,2926.134000,1
_home_max_Documents_PhD_MAPF_LNS_MAPF_LNS_SAT_mapf-map_warehouse-20-40-10-2-2_map-_home_max_Documents_PhD_MAPF_LNS_MAPF_LNS_SAT_mapf-scen-even_scen-even_warehouse-20-40-10-2-2-even-4_scen-agents50-idx14-seed42-1761042822605,0,437,9,8,14,29,404,176,0.000000,0.405000,0.698000,0.475000,0.055336,3101.743000,1
_home_max_Documents_PhD_MAPF_LNS_MAPF_LNS_SAT_mapf-map_warehouse-20-40-10-2-2_map-_home_max_Documents_PhD_MAPF_LNS_MAPF_LNS_SAT_mapf-scen-even_scen-even_warehouse-20-40-10-2-2-even-4_scen-agents50-idx15-seed42-1761042827671,0,464,21,18,43,95,1308,550,0.000000,1.023000,2.112000,1.568000,0.130388,3191.112000,1
_home_max_Documents_PhD_MAPF_LNS_MAPF_LNS_SAT_mapf-map_warehouse-20-40-10-2-2_map-_home_max_Documents_PhD_MAPF_LNS_MAPF_LNS_SAT_mapf-scen-even_scen-even_warehouse-20-40-10-2-2-even-4_scen-agents50-idx16-seed42-1761042832838,0,460,13,10,27,57,923,390,0.001000,0.630000,1.768000,1.425000,0.101528,3109.849000,1
_home_max_Documents_PhD_MAPF_LNS_MAPF_LNS_SAT_mapf-map_warehouse-20-40-10-2-2_map-_home_max_Documents_PhD_MAPF_LNS_MAPF_LNS_SAT_mapf-scen-even_scen-even_warehouse-20-40-10-2-2-even-4_scen-agents50-idx17-seed42-1761042837903,0,460,19,16,40,80,1449,591,0.000000,0.978000,1.904000,1.412000,0.160656,3398.136000,1
_home_max_Documents_PhD_MAPF_LNS_MAPF_LNS_SAT_mapf-map_warehouse-20-40-10-2-2_map-_home_max_Documents_PhD_MAPF_LNS_MAPF_LNS_SAT_mapf-scen-even_scen-even_warehouse-20-40-10-2-2-even-4_scen-agents50-idx18-seed42-1761042843328,0,449,16,14,29,65,926,383,0.000000,0.772000,1.449000,1.027000,0.115037,3489.872000,1
_home_max_Documents_PhD_MAPF_LNS_MAPF_LNS_SAT_mapf-map_warehouse-20-40-10-2-2_map-_home_max_Documents_PhD_MAPF_LNS_MAPF_LNS_SAT_mapf-scen-even_scen-even_warehouse-20-40-10-2-2-even-4_scen-agents50-idx19-seed42-1761042848846,0,465,13,10,27,49,923,387,0.000000,0.606000,1.495000,1.206000,0.087253,3135.410000,1
_home_max_Documents_PhD_MAPF_LNS_MAPF_LNS_SAT_mapf-map_warehouse-20-40-10-2-2_map-_home_max_Documents_PhD_MAPF_LNS_MAPF_LNS_SAT_mapf-scen-even_scen-even_warehouse-20-40-10-2-2-even-5_scen-agents50-idx0-seed42-1761042853959,0,466,16,14,28,60,861,365,0.000000,1.092000,1.438000,1.002000,0.115223,3362.138000,1
_home_max_Documents_PhD_MAPF_LNS_MAPF_LNS_SAT_mapf-map_warehouse-20-40-10-2-2_map-_home_max_Documents_PhD_MAPF_LNS_MAPF_LNS_SAT_mapf-scen-even_scen-even_warehouse-20-40-10-2-2-even-5_scen-agents50-idx1-seed42-1761042859330,0,480,9,7,19,41,703,285,0.000000,0.516000,1.403000,1.162000,0.076185,2991.619000,1
_home_max_Documents_PhD_MAPF_LNS_MAPF_LNS_SAT_mapf-map_warehouse-20-40-10-2-2_map-_home_max_Documents_PhD_MAPF_LNS_MAPF_LNS_SAT_mapf-scen-even_scen-even_warehouse-20-40-10-2-2-even-5_scen-agents50-idx2-seed42-1761042864288,0,416,13,12,23,42,627,270,0.000000,0.396000,1.230000,0.984000,0.075172,2942.659000,1
_home_max_Documents_PhD_MAPF_LNS_MAPF_LNS_SAT_mapf-map_warehouse-20-40-10-2-2_map-_home_max_Documents_PhD_MAPF_LNS_MAPF_LNS_SAT_mapf-scen-even_scen-even_warehouse-20-40-10-2-2-even-5_scen-agents50-idx3-seed42-1761042869209,0,469,14,12,25,61,795,325,0.002000,0.606000,1.804000,1.394000,0.113872,3116.597000,1
_home_max_Documents_PhD_MAPF_LNS_MAPF_LNS_SAT_mapf-map_warehouse-20-40-10-2-2_map-_home_max_Documents_PhD_MAPF_LNS_MAPF_LNS_SAT_mapf-scen-even_scen-even_warehouse-20-40-10-2-2-even-5_scen-agents50-idx4-seed42-1761042874325,0,472,22,19,43,81,1318,555,0.000000,1.028000,2.427000,1.898000,0.156747,3612.099000,1
_home_max_Documents_PhD_MAPF_LNS_MAPF_LNS_SAT_mapf-map_warehouse-20-40-10-2-2_map-_home_max_Documents_PhD_MAPF_LNS_MAPF_LNS_SAT_mapf-scen-even_scen-even_warehouse-20-40-10-2-2-even-5_scen-agents50-idx5-seed42-1761042879947,0,482,6,5,14,27,899,384,0.000000,1.767000,1.343000,1.115000,0.085429,3050.907000,1
_home_max_Documents_PhD_MAPF_LNS_MAPF_LNS_SAT_mapf-map_warehouse-20-40-10-2-2_map-_home_max_Documents_PhD_MAPF_LNS_MAPF_LNS_SAT_mapf-scen-even_scen-even_warehouse-20-40-10-2-2-even-5_scen-agents50-idx6-seed42-1761042884951,0,484,28,20,70,134,2632,1069,0.000000,1.808000,3.900000,3.110000,0.258917,4076.923000,1
_home_max_Documents_PhD_MAPF_LNS_MAPF_LNS_SAT_mapf-map_warehouse-20-40-10-2-2_map-_home_max_Documents_PhD_MAPF_LNS_MAPF_LNS_SAT_mapf-scen-even_scen-even_warehouse-20-40-10-2-2-even-5_scen-agents50-idx7-seed42-1761042891026,0,487,16,15,32,67,989,407,0.001000,0.738000,1.655000,1.195000,0.147762,3565.278000,1
_home_max_Documents_PhD_MAPF_LNS_MAPF_LNS_SAT_mapf-map_warehouse-20-40-10-2-2_map-_home_max_Documents_PhD_MAPF_LNS_MAPF_LNS_SAT_mapf-scen-even_scen-even_warehouse-20-40-10-2-2-even-5_scen-agents50-idx8-seed42-1761042896592,0,480,14,13,24,54,676,281,0.000000,0.487000,1.117000,0.766000,0.090048,3523.039000,1
_home_max_Documents_PhD_MAPF_LNS_MAPF_LNS_SAT_mapf-map_warehouse-20-40-10-2-2_map-_home_max_Documents_PhD_MAPF_LNS_MAPF_LNS_SAT_mapf-scen-even_scen-even_warehouse-20-40-10-2-2-even-5_scen-agents50-idx9-seed42-1761042902109,0,477,20,18,40,96,1306,531,0.000000,0.848000,2.014000,1.434000,0.187281,3318.460000,1
_home_max_Documents_PhD_MAPF_LNS_MAPF_LNS_SAT_mapf-map_warehouse-20-40-10-2-2_map-_home_max_Documents_PhD_MAPF_LNS_MAPF_LNS_SAT_mapf-scen-even_scen-even_warehouse-20-40-10-2-2-even-5_scen-agents50-idx10-seed42-1761042907429,0,477,17,16,25,50,574,257,0.000000,0.424000,1.052000,0.721000,0.083783,3019.162000,1
_home_max_Documents_PhD_MAPF_LNS_MAPF_LNS_SAT_mapf-map_warehouse-20-40-10-2-2_map-_home_max_Documents_PhD_MAPF_LNS_MAPF_LNS_SAT_mapf-scen-even_scen-even_warehouse-20-40-10-2-2-even-5_scen-agents50-idx11-seed42-1761042912448,0,483,10,10,17,43,396,170,0.000000,0.298000,0.843000,0.545000,0.062698,2995.750000,1
_home_max_Documents_PhD_MAPF_LNS_MAPF_LNS_SAT_mapf-map_warehouse-20-40-10-2-2_map-_home_max_Documents_PhD_MAPF_LNS_MAPF_LNS_SAT_mapf-scen-even_scen-even_warehouse-20-40-10-2-2-even-5_scen-agents50-idx12-seed42-1761042917465,0,486,14,11,33,65,1195,477,0.001000,1.052000,2.130000,1.718000,0.129217,3542.738000,1
_home_max_Documents_PhD_MAPF_LNS_MAPF_LNS_SAT_mapf-map_warehouse-20-40-10-2-2_map-_home_max_Documents_PhD_MAPF_LNS_MAPF_LNS_SAT_mapf-scen-even_scen-even_warehouse-20-40-10-2-2-even-5_scen-agents50-idx13-seed42-1761042923035,0,482,21,19,37,83,1149,487,0.000000,0.743000,1.691000,1.189000,0.124774,3762.836000,1
_home_max_Documents_PhD_MAPF_LNS_MAPF_LNS_SAT_mapf-map_warehouse-20-40-10-2-2_map-_home_max_Documents_PhD_MAPF_LNS_MAPF_LNS_SAT_mapf-scen-even_scen-even_warehouse-20-40-10-2-2-even-5_scen-agents50-idx14-seed42-1761042928754,0,485,14,13,26,53,891,392,0.000000,0.545000,1.246000,0.886000,0.116303,3592.065000,1
_home_max_Documents_PhD_MAPF_LNS_MAPF_LNS_SAT_mapf-map_warehouse-20-40-10-2-2_map-_home_max_Documents_PhD_MAPF_LNS_MAPF_LNS_SAT_mapf-scen-even_scen-even_warehouse-20-40-10-2-2-even-5_scen-agents50-idx15-seed42-1761042934319,0,469,15,12,27,57,836,355,0.001000,0.667000,1.777000,1.426000,0.091249,3443.161000,1
_home_max_Documents_PhD_MAPF_LNS_MAPF_LNS_SAT_mapf-map_warehouse-20-40-10-2-2_map-_home_max_Documents_PhD_MAPF_LNS_MAPF_LNS_SAT_mapf-scen-even_scen-even_warehouse-20-40-10-2-2-even-5_scen-agents50-idx16-seed42-1761042939739,0,486,23,17,61,130,2387,952,0.001000,1.516000,3.400000,2.615000,0.268740,3623.267000,1
_home_max_Documents_PhD_MAPF_LNS_MAPF_LNS_SAT_mapf-map_warehouse-20-40-10-2-2_map-_home_max_Documents_PhD_MAPF_LNS_MAPF_LNS_SAT_mapf-scen-even_scen-even_warehouse-20-40-10-2-2-even-5_scen-agents50-idx17-seed42-1761042945362,0,483,12,10,21,42,664,278,0.007000,0.457000,1.340000,1.091000,0.080060,3141.028000,1
_home_max_Documents_PhD_MAPF_LNS_MAPF_LNS_SAT_mapf-map_warehouse-20-40-10-2-2_map-_home_max_Documents_PhD_MAPF_LNS_MAPF_LNS_SAT_mapf-scen-even_scen-even_warehouse-20-40-10-2-2-even-5_scen-agents50-idx18-seed42-1761042950472,0,481,17,15,34,71,1254,497,0.000000,0.868000,2.271000,1.822000,0.141706,3608.876000,1
_home_max_Documents_PhD_MAPF_LNS_MAPF_LNS_SAT_mapf-map_warehouse-20-40-10-2-2_map-_home_max_Documents_PhD_MAPF_LNS_MAPF_LNS_SAT_mapf-scen-even_scen-even_warehouse-20-40-10-2-2-even-5_scen-agents50-idx19-seed42-1761042956092,0,483,21,17,41,88,1425,580,0.005000,1.122000,2.151000,1.569000,0.160857,3714.039000,1
_home_max_Documents_PhD_MAPF_LNS_MAPF_LNS_SAT_mapf-map_warehouse-20-40-10-2-2_map-_home_max_Documents_PhD_MAPF_LNS_MAPF_LNS_SAT_mapf-scen-even_scen-even_warehouse-20-40-10-2-2-even-6_scen-agents50-idx0-seed42-1761042961812,0,422,11,9,22,48,779,320,0.002000,1.752000,1.023000,0.736000,0.087965,2726.782000,1
_home_max_Documents_PhD_MAPF_LNS_MAPF_LNS_SAT_mapf-map_warehouse-20-40-10-2-2_map-_home_max_Documents_PhD_MAPF_LNS_MAPF_LNS_SAT_mapf-scen-even_scen-even_warehouse-20-40-10-2-2-even-1_scen-agents100-idx0-seed42-1761042966529,0,450,55,47,114,238,3762,1551,0.004000,2.404000,6.172000,4.622000,0.441604,7612.946000,1
_home_max_Documents_PhD_MAPF_LNS_MAPF_LNS_SAT_mapf-map_warehouse-20-40-10-2-2_map-_home_max_Documents_PhD_MAPF_LNS_MAPF_LNS_SAT_mapf-scen-even_scen-even_warehouse-20-40-10-2-2-even-1_scen-agents100-idx1-seed42-1761042978075,0,460,54,52,92,202,2456,1055,0.000000,1.766000,4.560000,3.223000,0.368740,7757.538000,1
_home_max_Documents_PhD_MAPF_LNS_MAPF_LNS_SAT_mapf-map_warehouse-20-40-10-2-2_map-_home_max_Documents_PhD_MAPF_LNS_MAPF_LNS_SAT_mapf-scen-even_scen-even_warehouse-20-40-10-2-2-even-1_scen-agents100-idx2-seed42-1761042989766,0,460,57,47,115,225,3597,1518,0.003000,2.443000,5.541000,4.089000,0.408471,7681.818000,1
_home_max_Documents_PhD_MAPF_LNS_MAPF_LNS_SAT_mapf-map_warehouse-20-40-10-2-2_map-_home_max_Documents_PhD_MAPF_LNS_MAPF_LNS_SAT_mapf-scen-even_scen-even_warehouse-20-40-10-2-2-even-1_scen-agents100-idx3-seed42-1761043001411,0,466,71,55,160,322,5787,2358,0.002000,3.550000,8.040000,5.983000,0.613658,7881.831000,1
_home_max_Documents_PhD_MAPF_LNS_MAPF_LNS_SAT_mapf-map_warehouse-20-40-10-2-2_map-_home_max_Documents_PhD_MAPF_LNS_MAPF_LNS_SAT_mapf-scen-even_scen-even_warehouse-20-40-10-2-2-even-1_scen-agents100-idx4-seed42-1761043013201,0,447,50,43,106,222,4234,1718,0.001000,2.620000,5.882000,4.423000,0.425462,7208.373000,1
_home_max_Documents_PhD_MAPF_LNS_MAPF_LNS_SAT_mapf-map_warehouse-20-40-10-2-2_map-_home_max_Documents_PhD_MAPF_LNS_MAPF_LNS_SAT_mapf-scen-even_scen-even_warehouse-20-40-10-2-2-even-1_scen-agents100-idx5-seed42-1761043024342,0,454,70,52,173,342,6406,2605,0.003000,3.503000,8.262000,6.207000,0.665365,7792.373000,1
_home_max_Documents_PhD_MAPF_LNS_MAPF_LNS_SAT_mapf-map_warehouse-20-40-10-2-2_map-_home_max_Documents_PhD_MAPF_LNS_MAPF_LNS_SAT_mapf-scen-even_scen-even_warehouse-20-40-10-2-2-even-1_scen-agents100-idx6-seed42-1761043036085,0,462,53,45,121,266,6095,2102,0.005000,3.540000,7.851000,6.057000,0.630550,7648.910000,1
_home_max_Documents_PhD_MAPF_LNS_MAPF_LNS_SAT_mapf-map_warehouse-20-40-10-2-2_map-_home_max_Documents_PhD_MAPF_LNS_MAPF_LNS_SAT_mapf-scen-even_scen-even_warehouse-20-40-10-2-2-even-1_scen-agents100-idx7-seed42-1761043047669,0,465,49,42,99,213,3376,1397,0.001000,2.107000,4.950000,3.630000,0.413909,7333.395000,1
_home_max_Documents_PhD_MAPF_LNS_MAPF_LNS_SAT_mapf-map_warehouse-20-40-10-2-2_map-_home_max_Documents_PhD_MAPF_LNS_MAPF_LNS_SAT_mapf-scen-even_scen-even_warehouse-20-40-10-2-2-even-1_scen-agents100-idx8-seed42-1761043058908,0,462,57,48,109,246,3660,1521,0.003000,2.395000,5.354000,3.865000,0.388386,7661.888000,1
_home_max_Documents_PhD_MAPF_LNS_MAPF_LNS_SAT_mapf-map_warehouse-20-40-10-2-2_map-_home_max_Documents_PhD_MAPF_LNS_MAPF_LNS_SAT_mapf-scen-even_scen-even_warehouse-20-40-10-2-2-even-1_scen-agents100-idx9-seed42-1761043070549,0,464,42,35,77,149,2576,1085,0.000000,1.748000,4.325000,3.297000,0.299169,6810.500000,1
_home_max_Documents_PhD_MAPF_LNS_MAPF_LNS_SAT_mapf-map_warehouse-20-40-10-2-2_map-_home_max_Documents_PhD_MAPF_LNS_MAPF_LNS_SAT_mapf-scen-even_scen-even_warehouse-20-40-10-2-2-even-2_scen-agents100-idx0-seed42-1761043081288,0,465,52,42,113,235,3982,1632,0.004000,2.426000,5.615000,4.129000,0.440273,7556.509000,1
_home_max_Documents_PhD_MAPF_LNS_MAPF_LNS_SAT_mapf-map_warehouse-20-40-10-2-2_map-_home_max_Documents_PhD_MAPF_LNS_MAPF_LNS_SAT_mapf-scen-even_scen-even_warehouse-20-40-10-2-2-even-2_scen-agents100-idx1-seed42-1761043092777,0,465,61,48,128,256,4268,1785,0.006000,2.744000,6.959000,5.200000,0.487543,8278.064000,1
_home_max_Documents_PhD_MAPF_LNS_MAPF_LNS_SAT_mapf-map_warehouse-20-40-10-2-2_map-_home_max_Documents_PhD_MAPF_LNS_MAPF_LNS_SAT_mapf-scen-even_scen-even_warehouse-20-40-10-2-2-even-2_scen-agents100-idx2-seed42-1761043105012,0,460,58,48,121,246,4337,1756,0.003000,3.934000,6.190000,4.571000,0.474984,7900.121000,1
_home_max_Documents_PhD_MAPF_LNS_MAPF_LNS_SAT_mapf-map_warehouse-20-40-10-2-2_map-_home_max_Documents_PhD_MAPF_LNS_MAPF_LNS_SAT_mapf-scen-even_scen-even_warehouse-20-40-10-2-2-even-2_scen-agents100-idx3-seed42-1761043116854,0,452,55,44,121,235,3878,1633,0.002000,2.443000,5.775000,4.314000,0.400036,7323.681000,1
_home_max_Documents_PhD_MAPF_LNS_MAPF_LNS_SAT_mapf-map_warehouse-20-40-10-2-2_map-_home_max_Documents_PhD_MAPF_LNS_MAPF_LNS_SAT_mapf-scen-even_scen-even_warehouse-20-40-10-2-2-even-2_scen-agents100-idx4-seed42-1761043128087,0,464,56,45,129,263,4825,1946,0.003000,2.884000,6.197000,4.644000,0.509535,7848.913000,1
_home_max_Documents_PhD_MAPF_LNS_MAPF_LNS_SAT_mapf-map_warehouse-20-40-10-2-2_map-_home_max_Documents_PhD_MAPF_LNS_MAPF_LNS_SAT_mapf-scen-even_scen-even_warehouse-20-40-10-2-2-even-2_scen-agents100-idx5-seed42-1761043139878,0,462,47,37,98,193,3464,1442,0.001000,2.066000,5.184000,3.946000,0.415986,7446.231000,1
_home_max_Documents_PhD_MAPF_LNS_MAPF_LNS_SAT_mapf-map_warehouse-20-40-10-2-2_map-_home_max_Documents_PhD_MAPF_LNS_MAPF_LNS_SAT_mapf-scen-even_scen-even_warehouse-20-40-10-2-2-even-2_scen-agents100-idx6-seed42-1761043151264,0,462,53,44,109,218,4202,1666,0.005000,2.765000,5.591000,4.223000,0.417672,7579.244000,1
_home_max_Documents_PhD_MAPF_LNS_MAPF_LNS_SAT_mapf-map_warehouse-20-40-10-2-2_map-_home_max_Documents_PhD_MAPF_LNS_MAPF_LNS_SAT_mapf-scen-even_scen-even_warehouse-20-40-10-2-2-even-2_scen-agents100-idx7-seed42-1761043162759,0,472,56,43,126,241,5504,2121,0.010000,3.399000,7.020000,5.318000,0.567633,7490.112000,1
_home_max_Documents_PhD_MAPF_LNS_MAPF_LNS_SAT_mapf-map_warehouse-20-40-10-2-2_map-_home_max_Documents_PhD_MAPF_LNS_MAPF_LNS_SAT_mapf-scen-even_scen-even_warehouse-20-40-10-2-2-even-2_scen-agents100-idx8-seed42-1761043174188,0,467,73,62,153,323,5110,2115,0.006000,3.688000,8.190000,6.025000,0.579008,8228.459000,1
_home_max_Documents_PhD_MAPF_LNS_MAPF_LNS_SAT_mapf-map_warehouse-20-40-10-2-2_map-_home_max_Documents_PhD_MAPF_LNS_MAPF_LNS_SAT_mapf-scen-even_scen-even_warehouse-20-40-10-2-2-even-2_scen-agents100-idx9-seed42-1761043186378,0,465,50,43,102,212,4027,1657,0.010000,2.663000,5.871000,4.404000,0.459171,7389.516000,1
_home_max_Documents_PhD_MAPF_LNS_MAPF_LNS_SAT_mapf-map_warehouse-20-40-10-2-2_map-_home_max_Documents_PhD_MAPF_LNS_MAPF_LNS_SAT_mapf-scen-even_scen-even_warehouse-20-40-10-2-2-even-3_scen-agents100-idx0-seed42-1761043197720,0,448,63,54,120,234,4177,1752,0.004000,2.542000,6.073000,4.508000,0.460629,7786.692000,1
_home_max_Documents_PhD_MAPF_LNS_MAPF_LNS_SAT_mapf-map_warehouse-20-40-10-2-2_map-_home_max_Documents_PhD_MAPF_LNS_MAPF_LNS_SAT_mapf-scen-even_scen-even_warehouse-20-40-10-2-2-even-3_scen-agents100-idx1-seed42-1761043209401,0,457,48,38,107,222,3770,1541,0.000000,2.513000,5.220000,3.837000,0.403662,7568.502000,1
_home_max_Documents_PhD_MAPF_LNS_MAPF_LNS_SAT_mapf-map_warehouse-20-40-10-2-2_map-_home_max_Documents_PhD_MAPF_LNS_MAPF_LNS_SAT_mapf-scen-even_scen-even_warehouse-20-40-10-2-2-even-3_scen-agents100-idx2-seed42-1761043220893,0,454,60,52,115,253,3778,1584,0.017000,3.025000,6.137000,4.362000,0.491509,7878.184000,1
_home_max_Documents_PhD_MAPF_LNS_MAPF_LNS_SAT_mapf-map_warehouse-20-40-10-2-2_map-_home_max_Documents_PhD_MAPF_LNS_MAPF_LNS_SAT_mapf-scen-even_scen-even_warehouse-20-40-10-2-2-even-3_scen-agents100-idx3-seed42-1761043232735,0,444,57,46,143,285,5198,2172,0.005000,3.645000,7.961000,5.969000,0.644856,7603.804000,1
_home_max_Documents_PhD_MAPF_LNS_MAPF_LNS_SAT_mapf-map_warehouse-20-40-10-2-2_map-_home_max_Documents_PhD_MAPF_LNS_MAPF_LNS_SAT_mapf-scen-even_scen-even_warehouse-20-40-10-2-2-even-3_scen-agents100-idx4-seed42-1761043244277,0,458,58,46,122,242,4059,1706,0.003000,2.505000,5.843000,4.314000,0.413921,7336.302000,1
_home_max_Documents_PhD_MAPF_LNS_MAPF_LNS_SAT_mapf-map_warehouse-20-40-10-2-2_map-_home_max_Documents_PhD_MAPF_LNS_MAPF_LNS_SAT_mapf-scen-even_scen-even_warehouse-20-40-10-2-2-even-3_scen-agents100-idx5-seed42-1761043255570,0,458,47,37,113,226,3893,1617,0.006000,2.430000,6.121000,4.658000,0.476640,7349.259000,1
_home_max_Documents_PhD_MAPF_LNS_MAPF_LNS_SAT_mapf-map_warehouse-20-40-10-2-2_map-_home_max_Documents_PhD_MAPF_LNS_MAPF_LNS_SAT_mapf-scen-even_scen-even_warehouse-20-40-10-2-2-even-3_scen-agents100-idx6-seed42-1761043266861,0,455,37,35,54,114,1900,822,0.004000,1.768000,3.032000,2.117000,0.228731,7515.224000,1
_home_max_Documents_PhD_MAPF_LNS_MAPF_LNS_SAT_mapf-map_warehouse-20-40-10-2-2_map-_home_max_Documents_PhD_MAPF_LNS_MAPF_LNS_SAT_mapf-scen-even_scen-even_warehouse-20-40-10-2-2-even-3_scen-agents100-idx7-seed42-1761043278347,0,455,61,53,110,248,3470,1435,0.000000,2.191000,5.789000,4.142000,0.402442,7607.302000,1
_home_max_Documents_PhD_MAPF_LNS_MAPF_LNS_SAT_mapf-map_warehouse-20-40-10-2-2_map-_home_max_Documents_PhD_MAPF_LNS_MAPF_LNS_SAT_mapf-scen-even_scen-even_warehouse-20-40-10-2-2-even-3_scen-agents100-idx8-seed42-1761043289930,0,445,66,55,142,279,5770,2298,0.004000,3.747000,7.448000,5.625000,0.542861,7705.459000,1
_home_max_Documents_PhD_MAPF_LNS_MAPF_LNS_SAT_mapf-map_warehouse-20-40-10-2-2_map-_home_max_Documents_PhD_MAPF_LNS_MAPF_LNS_SAT_mapf-scen-even_scen-even_warehouse-20-40-10-2-2-even-4_scen-agents100-idx0-seed42-1761043301566,0,457,64,53,134,284,4633,1926,0.001000,2.757000,6.510000,4.846000,0.492898,7932.118000,1
_home_max_Documents_PhD_MAPF_LNS_MAPF_LNS_SAT_mapf-map_warehouse-20-40-10-2-2_map-_home_max_Documents_PhD_MAPF_LNS_MAPF_LNS_SAT_mapf-scen-even_scen-even_warehouse-20-40-10-2-2-even-4_scen-agents100-idx1-seed42-1761043313460,0,464,51,45,96,209,3952,1538,0.006000,2.225000,5.491000,4.062000,0.408820,7703.987000,1
_home_max_Documents_PhD_MAPF_LNS_MAPF_LNS_SAT_mapf-map_warehouse-20-40-10-2-2_map-_home_max_Documents_PhD_MAPF_LNS_MAPF_LNS_SAT_mapf-scen-even_scen-even_warehouse-20-40-10-2-2-even-4_scen-agents100-idx2-seed42-1761043325091,0,463,54,43,126,252,4542,1877,0.015000,3.035000,6.833000,5.273000,0.473639,7341.032000,1
_home_max_Documents_PhD_MAPF_LNS_MAPF_LNS_SAT_mapf-map_warehouse-20-40-10-2-2_map-_home_max_Documents_PhD_MAPF_LNS_MAPF_LNS_SAT_mapf-scen-even_scen-even_warehouse-20-40-10-2-2-even-4_scen-agents100-idx3-seed42-1761043336325,0,452,60,47,147,295,5268,2149,0.000000,3.132000,7.255000,5.476000,0.531034,7441.789000,1
_home_max_Documents_PhD_MAPF_LNS_MAPF_LNS_SAT_mapf-map_warehouse-20-40-10-2-2_map-_home_max_Documents_PhD_MAPF_LNS_MAPF_LNS_SAT_mapf-scen-even_scen-even_warehouse-20-40-10-2-2-even-4_scen-agents100-idx4-seed42-1761043347656,0,463,57,48,116,250,5055,1885,0.013000,3.279000,7.194000,5.493000,0.490775,7828.062000,1
_home_max_Documents_PhD_MAPF_LNS_MAPF_LNS_SAT_mapf-map_warehouse-20-40-10-2-2_map-_home_max_Documents_PhD_MAPF_LNS_MAPF_LNS_SAT_mapf-scen-even_scen-even_warehouse-20-40-10-2-2-even-4_scen-agents100-idx5-seed42-1761043359447,0,464,51,42,98,209,3245,1336,0.002000,2.136000,4.946000,3.612000,0.384294,7768.175000,1
_home_max_Documents_PhD_MAPF_LNS_MAPF_LNS_SAT_mapf-map_warehouse-20-40-10-2-2_map-_home_max_Documents_PhD_MAPF_LNS_MAPF_LNS_SAT_mapf-scen-even_scen-even_warehouse-20-40-10-2-2-even-4_scen-agents100-idx6-seed42-1761043371125,0,450,46,39,89,188,2665,1134,0.002000,1.637000,4.521000,3.338000,0.372672,7100.727000,1
_home_max_Documents_PhD_MAPF_LNS_MAPF_LNS_SAT_mapf-map_warehouse-20-40-10-2-2_map-_home_max_Documents_PhD_MAPF_LNS_MAPF_LNS_SAT_mapf-scen-even_scen-even_warehouse-20-40-10-2-2-even-4_scen-agents100-idx7-seed42-1761043382166,0,464,56,49,103,229,3282,1386,0.001000,2.211000,5.030000,3.535000,0.395974,7339.621000,1
_home_max_Documents_PhD_MAPF_LNS_MAPF_LNS_SAT_mapf-map_warehouse-20-40-10-2-2_map-_home_max_Documents_PhD_MAPF_LNS_MAPF_LNS_SAT_mapf-scen-even_scen-even_warehouse-20-40-10-2-2-even-4_scen-agents100-idx8-seed42-1761043393442,0,460,60,45,147,292,5481,2258,0.005000,3.491000,7.794000,5.873000,0.656867,8035.660000,1
_home_max_Documents_PhD_MAPF_LNS_MAPF_LNS_SAT_mapf-map_warehouse-20-40-10-2-2_map-_home_max_Documents_PhD_MAPF_LNS_MAPF_LNS_SAT_mapf-scen-even_scen-even_warehouse-20-40-10-2-2-even-4_scen-agents100-idx9-seed42-1761043405432,0,465,61,51,129,263,4347,1797,0.004000,2.951000,6.541000,4.892000,0.512518,8202.310000,1
_home_max_Documents_PhD_MAPF_LNS_MAPF_LNS_SAT_mapf-map_warehouse-20-40-10-2-2_map-_home_max_Documents_PhD_MAPF_LNS_MAPF_LNS_SAT_mapf-scen-even_scen-even_warehouse-20-40-10-2-2-even-5_scen-agents100-idx0-seed42-1761043417570,0,480,51,44,95,200,3139,1317,0.001000,2.195000,4.745000,3.386000,0.353231,7589.625000,1
_home_max_Documents_PhD_MAPF_LNS_MAPF_LNS_SAT_mapf-map_warehouse-20-40-10-2-2_map-_home_max_Documents_PhD_MAPF_LNS_MAPF_LNS_SAT_mapf-scen-even_scen-even_warehouse-20-40-10-2-2-even-5_scen-agents100-idx1-seed42-1761043429113,0,469,51,45,101,213,3163,1327,0.005000,2.051000,4.910000,3.588000,0.370545,7073.726000,1
_home_max_Documents_PhD_MAPF_LNS_MAPF_LNS_SAT_mapf-map_warehouse-20-40-10-2-2_map-_home_max_Documents_PhD_MAPF_LNS_MAPF_LNS_SAT_mapf-scen-even_scen-even_warehouse-20-40-10-2-2-even-5_scen-agents100-idx2-seed42-1761043440104,0,482,49,41,104,207,3441,1432,0.004000,4.029000,5.112000,3.747000,0.423459,7897.650000,1
_home_max_Documents_PhD_MAPF_LNS_MAPF_LNS_SAT_mapf-map_warehouse-20-40-10-2-2_map-_home_max_Documents_PhD_MAPF_LNS_MAPF_LNS_SAT_mapf-scen-even_scen-even_warehouse-20-40-10-2-2-even-5_scen-agents100-idx3-seed42-1761043451944,0,487,79,63,178,351,5930,2474,0.012000,4.032000,8.636000,6.446000,0.754105,9278.673000,1
_home_max_Documents_PhD_MAPF_LNS_MAPF_LNS_SAT_mapf-map_warehouse-20-40-10-2-2_map-_home_max_Documents_PhD_MAPF_LNS_MAPF_LNS_SAT_mapf-scen-even_scen-even_warehouse-20-40-10-2-2-even-5_scen-agents100-idx4-seed42-1761043465185,0,480,59,50,114,247,4823,1807,0.001000,3.043000,6.296000,4.646000,0.468051,8218.850000,1
_home_max_Documents_PhD_MAPF_LNS_MAPF_LNS_SAT_mapf-map_warehouse-20-40-10-2-2_map-_home_max_Documents_PhD_MAPF_LNS_MAPF_LNS_SAT_mapf-scen-even_scen-even_warehouse-20-40-10-2-2-even-5_scen-agents100-idx5-seed42-1761043477374,0,483,58,49,115,236,3778,1572,0.015000,2.548000,6.035000,4.405000,0.473525,7315.099000,1
_home_max_Documents_PhD_MAPF_LNS_MAPF_LNS_SAT_mapf-map_warehouse-20-40-10-2-2_map-_home_max_Documents_PhD_MAPF_LNS_MAPF_LNS_SAT_mapf-scen-even_scen-even_warehouse-20-40-10-2-2-even-5_scen-agents100-idx6-seed42-1761043488661,0,486,64,51,140,273,4629,1946,0.002000,3.151000,6.821000,5.043000,0.518043,8552.863000,1
_home_max_Documents_PhD_MAPF_LNS_MAPF_LNS_SAT_mapf-map_warehouse-20-40-10-2-2_map-_home_max_Documents_PhD_MAPF_LNS_MAPF_LNS_SAT_mapf-scen-even_scen-even_warehouse-20-40-10-2-2-even-5_scen-agents100-idx7-seed42-1761043501160,0,485,53,46,103,216,3459,1461,0.004000,2.591000,5.794000,4.285000,0.450746,8222.302000,1
_home_max_Documents_PhD_MAPF_LNS_MAPF_LNS_SAT_mapf-map_warehouse-20-40-10-2-2_map-_home_max_Documents_PhD_MAPF_LNS_MAPF_LNS_SAT_mapf-scen-even_scen-even_warehouse-20-40-10-2-2-even-5_scen-agents100-idx8-seed42-1761043513357,0,486,73,58,172,358,6084,2486,0.005000,4.257000,9.478000,7.075000,0.765294,8561.147000,1
_home_max_Documents_PhD_MAPF_LNS_MAPF_LNS_SAT_mapf-map_warehouse-20-40-10-2-2_map-_home_max_Documents_PhD_MAPF_LNS_MAPF_LNS_SAT_mapf-scen-even_scen-even_warehouse-20-40-10-2-2-even-5_scen-agents100-idx9-seed42-1761043525903,0,483,70,61,144,297,5057,2072,0.016000,4.190000,8.242000,6.126000,0.650986,9201.697000,1
_home_max_Documents_PhD_MAPF_LNS_MAPF_LNS_SAT_mapf-map_warehouse-20-40-10-2-2_map-_home_max_Documents_PhD_MAPF_LNS_MAPF_LNS_SAT_mapf-scen-even_scen-even_warehouse-20-40-10-2-2-even-6_scen-agents100-idx0-seed42-1761043539050,0,428,45,37,95,197,3304,1391,0.002000,3.512000,4.916000,3.606000,0.408161,6430.263000,1
_home_max_Documents_PhD_MAPF_LNS_MAPF_LNS_SAT_mapf-map_warehouse-20-40-10-2-2_map-_home_max_Documents_PhD_MAPF_LNS_MAPF_LNS_SAT_mapf-scen-even_scen-even_warehouse-20-40-10-2-2-even-6_scen-agents100-idx1-seed42-1761043549439,0,440,53,50,82,185,2293,972,0.021000,1.584000,4.506000,3.250000,0.350675,7278.243000,1
_home_max_Documents_PhD_MAPF_LNS_MAPF_LNS_SAT_mapf-map_warehouse-20-40-10-2-2_map-_home_max_Documents_PhD_MAPF_LNS_MAPF_LNS_SAT_mapf-scen-even_scen-even_warehouse-20-40-10-2-2-even-1_scen-agents200-idx0-seed42-1761043565708,0,460,210,178,414,871,19475,6760,0.021000,12.124000,25.159000,18.799000,1.987982,22729.654000,1
_home_max_Documents_PhD_MAPF_LNS_MAPF_LNS_SAT_mapf-map_warehouse-20-40-10-2-2_map-_home_max_Documents_PhD_MAPF_LNS_MAPF_LNS_SAT_mapf-scen-even_scen-even_warehouse-20-40-10-2-2-even-1_scen-agents200-idx1-seed42-1761043596251,0,466,228,183,500,1000,18157,7349,0.034000,13.017000,27.439000,20.395000,2.261756,23684.880000,1
_home_max_Documents_PhD_MAPF_LNS_MAPF_LNS_SAT_mapf-map_warehouse-20-40-10-2-2_map-_home_max_Documents_PhD_MAPF_LNS_MAPF_LNS_SAT_mapf-scen-even_scen-even_warehouse-20-40-10-2-2-even-1_scen-agents200-idx2-seed42-1761043627712,0,454,243,196,536,1169,45942,11735,0.046000,22.562000,41.916000,33.262000,3.658312,23428.428000,1
_home_max_Documents_PhD_MAPF_LNS_MAPF_LNS_SAT_mapf-map_warehouse-20-40-10-2-2_map-_home_max_Documents_PhD_MAPF_LNS_MAPF_LNS_SAT_mapf-scen-even_scen-even_warehouse-20-40-10-2-2-even-1_scen-agents200-idx3-seed42-1761043658927,0,465,217,173,498,1048,19197,7752,0.028000,13.856000,28.298000,21.007000,2.320765,22997.555000,1
_home_max_Documents_PhD_MAPF_LNS_MAPF_LNS_SAT_mapf-map_warehouse-20-40-10-2-2_map-_home_max_Documents_PhD_MAPF_LNS_MAPF_LNS_SAT_mapf-scen-even_scen-even_warehouse-20-40-10-2-2-even-1_scen-agents200-idx4-seed42-1761043689783,0,464,220,177,468,963,17794,7281,0.037000,12.914000,26.789000,19.868000,2.055740,22797.013000,1
_home_max_Documents_PhD_MAPF_LNS_MAPF_LNS_SAT_mapf-map_warehouse-20-40-10-2-2_map-_home_max_Documents_PhD_MAPF_LNS_MAPF_LNS_SAT_mapf-scen-even_scen-even_warehouse-20-40-10-2-2-even-2_scen-agents200-idx0-seed42-1761043720378,0,465,198,171,393,846,13658,5622,0.037000,10.200000,22.725000,16.571000,1.827647,22620.832000,1
_home_max_Documents_PhD_MAPF_LNS_MAPF_LNS_SAT_mapf-map_warehouse-20-40-10-2-2_map-_home_max_Documents_PhD_MAPF_LNS_MAPF_LNS_SAT_mapf-scen-even_scen-even_warehouse-20-40-10-2-2-even-2_scen-agents200-idx1-seed42-1761043750827,0,460,203,172,413,844,19206,6812,0.041000,12.322000,24.701000,18.332000,1.995827,21730.148000,1
_home_max_Documents_PhD_MAPF_LNS_MAPF_LNS_SAT_mapf-map_warehouse-20-40-10-2-2_map-_home_max_Documents_PhD_MAPF_LNS_MAPF_LNS_SAT_mapf-scen-even_scen-even_warehouse-20-40-10-2-2-even-2_scen-agents200-idx2-seed42-1761043780366,0,464,216,168,497,1026,21411,8231,0.038000,18.318000,30.747000,23.029000,2.627141,24155.905000,1
_home_max_Documents_PhD_MAPF_LNS_MAPF_LNS_SAT_mapf-map_warehouse-20-40-10-2-2_map-_home_max_Documents_PhD_MAPF_LNS_MAPF_LNS_SAT_mapf-scen-even_scen-even_warehouse-20-40-10-2-2-even-2_scen-agents200-idx3-seed42-1761043812366,0,472,211,184,413,847,13990,5726,0.031000,10.516000,22.988000,16.872000,1.759504,22918.662000,1
_home_max_Documents_PhD_MAPF_LNS_MAPF_LNS_SAT_mapf-map_warehouse-20-40-10-2-2_map-_home_max_Documents_PhD_MAPF_LNS_MAPF_LNS_SAT_mapf-scen-even_scen-even_warehouse-20-40-10-2-2-even-2_scen-agents200-idx4-seed42-1761043843075,0,467,230,184,518,1088,23358,8575,0.047000,16.272000,31.878000,23.697000,2.901071,24466.036000,1
_home_max_Documents_PhD_MAPF_LNS_MAPF_LNS_SAT_mapf-map_warehouse-20-40-10-2-2_map-_home_max_Documents_PhD_MAPF_LNS_MAPF_LNS_SAT_mapf-scen-even_scen-even_warehouse-20-40-10-2-2-even-3_scen-agents200-idx0-seed42-1761043875397,0,457,227,188,484,972,16900,7045,0.027000,12.588000,26.709000,19.684000,1.987491,23529.424000,1
_home_max_Documents_PhD_MAPF_LNS_MAPF_LNS_SAT_mapf-map_warehouse-20-40-10-2-2_map-_home_max_Documents_PhD_MAPF_LNS_MAPF_LNS_SAT_mapf-scen-even_scen-even_warehouse-20-40-10-2-2-even-3_scen-agents200-idx1-seed42-1761043906708,0,454,242,195,531,1114,19391,7948,0.059000,15.469000,31.121000,22.969000,2.448863,24710.237000,1
_home_max_Documents_PhD_MAPF_LNS_MAPF_LNS_SAT_mapf-map_warehouse-20-40-10-2-2_map-_home_max_Documents_PhD_MAPF_LNS_MAPF_LNS_SAT_mapf-scen-even_scen-even_warehouse-20-40-10-2-2-even-3_scen-agents200-idx2-seed42-1761043939228,0,458,172,139,360,723,83509,8149,0.031000,35.043000,46.110000,40.617000,2.296235,20466.235000,1
_home_max_Documents_PhD_MAPF_LNS_MAPF_LNS_SAT_mapf-map_warehouse-20-40-10-2-2_map-_home_max_Documents_PhD_MAPF_LNS_MAPF_LNS_SAT_mapf-scen-even_scen-even_warehouse-20-40-10-2-2-even-3_scen-agents200-idx3-seed42-1761043967530,0,455,206,169,409,901,17042,6420,0.026000,12.110000,24.851000,18.284000,1.988421,22218.654000,1
_home_max_Documents_PhD_MAPF_LNS_MAPF_LNS_SAT_mapf-map_warehouse-20-40-10-2-2_map-_home_max_Documents_PhD_MAPF_LNS_MAPF_LNS_SAT_mapf-scen-even_scen-even_warehouse-20-40-10-2-2-even-4_scen-agents200-idx0-seed42-1761043997576,0,464,241,200,493,1046,37146,10958,0.054000,21.959000,36.340000,28.225000,2.746921,23879.432000,1
_home_max_Documents_PhD_MAPF_LNS_MAPF_LNS_SAT_mapf-map_warehouse-20-40-10-2-2_map-_home_max_Documents_PhD_MAPF_LNS_MAPF_LNS_SAT_mapf-scen-even_scen-even_warehouse-20-40-10-2-2-even-4_scen-agents200-idx1-seed42-1761044029333,0,463,217,185,447,944,15595,6412,0.046000,11.370000,25.840000,19.141000,2.083426,22121.966000,1
_home_max_Documents_PhD_MAPF_LNS_MAPF_LNS_SAT_mapf-map_warehouse-20-40-10-2-2_map-_home_max_Documents_PhD_MAPF_LNS_MAPF_LNS_SAT_mapf-scen-even_scen-even_warehouse-20-40-10-2-2-even-4_scen-agents200-idx2-seed42-1761044059288,0,464,250,194,592,1222,33435,11403,0.077000,20.991000,38.855000,29.628000,3.316876,25461.722000,1
_home_max_Documents_PhD_MAPF_LNS_MAPF_LNS_SAT_mapf-map_warehouse-20-40-10-2-2_map-_home_max_Documents_PhD_MAPF_LNS_MAPF_LNS_SAT_mapf-scen-even_scen-even_warehouse-20-40-10-2-2-even-4_scen-agents200-idx3-seed42-1761044092557,0,464,215,177,469,1003,18974,7341,0.053000,13.048000,27.694000,20.426000,2.219770,22419.723000,1
_home_max_Documents_PhD_MAPF_LNS_MAPF_LNS_SAT_mapf-map_warehouse-20-40-10-2-2_map-_home_max_Documents_PhD_MAPF_LNS_MAPF_LNS_SAT_mapf-scen-even_scen-even_warehouse-20-40-10-2-2-even-4_scen-agents200-idx4-seed42-1761044122799,0,465,228,180,499,1032,19142,7758,0.046000,14.900000,29.063000,21.666000,2.197087,24399.062000,1
