# Batch started 2025-10-22 11:19:56 | map=/home/max/Documents/PhD/MAPF/LNS/MAPF_LNS_SAT/mapf-map/room-64-64-16.map | agents=200 | total_time_limit=7200s

# Run 0 | scenario="/home/max/Documents/PhD/MAPF/LNS/MAPF_LNS_SAT/mapf-scen-even/scen-even/room-64-64-16-even-1.scen" | scenario_index=0
# Command: /home/max/Documents/PhD/MAPF/LNS/MAPF_LNS_SAT/lns_clean/main_clean_lns /home/max/Documents/PhD/MAPF/LNS/MAPF_LNS_SAT/mapf-map/room-64-64-16.map /home/max/Documents/PhD/MAPF/LNS/MAPF_LNS_SAT/mapf-scen-even/scen-even/room-64-64-16-even-1.scen 200 0 minisat 42
# Remaining time budget: 7199 seconds
[LNS] Loaded map 64x64, agents: 200
[LNS] Map:
@.@@@@@@@@@@.@@@@@@@@@@@@.@.@@@@@@@@@@@@.@@.@@@@@@@@@@@@@@@..@@@
@...............@...............@...............@...............
@...............@...............@...............@...............
@...............@...............@...............................
@...............@...............@...............@...............
@...............@...............@...............@...............
@...............@...............@...............@...............
@...............@...............@...............................
@...............@...............@...............@...............
@...............................@...............@...............
@...............@...............@...............@...............
@...............................................@...............
@...............@...............@...............@...............
@...............@...............@...............@...............
@...............@...............................@...............
@...............@...............@...............@...............
@.@@@@@@@@@@@@@@@@@@@@@@@@@@@@@@@@@@@.@@@.@@@@@@@@@@.@@@@@@@@@@.
@...............@...............@...............@...............
................@...............@...............@...............
@...............@...............@...............@...............
................@...............................@...............
@...............@...............@...............@...............
@...............@...............@...............................
@...............@...............@...............@...............
@...............@...............@...............@...............
@...............@...............@...............@...............
@...............@...............@...............@...............
@...............@...............@...............@...............
@...............@...............@...............@...............
@...............@...............@...............................
@...............@...............@...............@...............
@...............@...............@...............@...............
@@@@@@@.@.@@@@@@@@@@@@@@@@@@@@@@@@@@@@@@@@@@.@@.@@@@@@@@@@@@@@@@
@...............@...............@...............................
................@...............@...............@...............
@...............@...............@...............@...............
@...............@...............@...............@...............
@...............@...............................@...............
@...............@...............@...............@...............
@...............@...............@...............@...............
@...............@...............@...............@...............
@...............@...............................@...............
@...............@...............@...............@...............
................@...............@...............@...............
@...............@...............@...............................
@...............@...............@...............@...............
@...............@...............@...............@...............
@...............@...............@...............@...............
@.@@@@.@@@@@@@@@@@@@@@@@@@@@@@@@@..@@@@@@@@@@@@@@@@@@@@@@.@.@@@@
@...............@...............@...............@...............
@...............@...............@...............@...............
@...............@...............@...............@...............
@...............@...............@...............@...............
@...............@...............@...............@...............
@...............@...............@...............@...............
@...............@...............@...............................
@...............@...............@...............@...............
@...............................@...............@...............
................@...............@...............@...............
@...............@...............@...............@...............
@...............@...............@...............@...............
@...............@...............@...............@...............
@...............@...............@...............................
................................@...............@...............
[LNS] Number of agents: 200
[LNS] Agents (start -> goal):
  Agent 0: (7,45) -> (56,4)
  Agent 1: (36,54) -> (55,3)
  Agent 2: (23,7) -> (26,50)
  Agent 3: (59,23) -> (59,39)
  Agent 4: (33,54) -> (33,44)
  Agent 5: (7,29) -> (20,44)
  Agent 6: (31,58) -> (26,1)
  Agent 7: (24,44) -> (15,20)
  Agent 8: (38,20) -> (26,7)
  Agent 9: (57,60) -> (49,26)
  Agent 10: (62,46) -> (62,21)
  Agent 11: (12,23) -> (53,6)
  Agent 12: (24,31) -> (62,34)
  Agent 13: (62,48) -> (50,17)
  Agent 14: (12,4) -> (51,27)
  Agent 15: (21,42) -> (17,61)
  Agent 16: (57,33) -> (47,47)
  Agent 17: (15,51) -> (7,40)
  Agent 18: (23,20) -> (41,19)
  Agent 19: (0,43) -> (59,46)
  Agent 20: (53,19) -> (45,27)
  Agent 21: (43,3) -> (20,47)
  Agent 22: (47,28) -> (12,23)
  Agent 23: (52,35) -> (3,3)
  Agent 24: (56,19) -> (13,8)
  Agent 25: (42,38) -> (33,58)
  Agent 26: (49,11) -> (6,61)
  Agent 27: (46,30) -> (62,18)
  Agent 28: (38,50) -> (5,8)
  Agent 29: (25,46) -> (60,15)
  Agent 30: (38,19) -> (49,31)
  Agent 31: (63,30) -> (54,34)
  Agent 32: (62,57) -> (10,20)
  Agent 33: (9,38) -> (26,2)
  Agent 34: (58,0) -> (50,50)
  Agent 35: (46,3) -> (55,7)
  Agent 36: (60,20) -> (31,35)
  Agent 37: (29,56) -> (33,1)
  Agent 38: (53,31) -> (46,26)
  Agent 39: (53,15) -> (40,40)
  Agent 40: (22,61) -> (50,24)
  Agent 41: (29,1) -> (26,41)
  Agent 42: (5,18) -> (43,2)
  Agent 43: (6,18) -> (27,57)
  Agent 44: (3,54) -> (11,52)
  Agent 45: (62,60) -> (63,26)
  Agent 46: (57,22) -> (14,8)
  Agent 47: (62,19) -> (60,40)
  Agent 48: (54,46) -> (57,38)
  Agent 49: (46,33) -> (61,12)
  Agent 50: (45,49) -> (60,10)
  Agent 51: (22,18) -> (17,17)
  Agent 52: (9,22) -> (25,56)
  Agent 53: (61,14) -> (43,24)
  Agent 54: (6,10) -> (29,21)
  Agent 55: (6,59) -> (10,51)
  Agent 56: (58,61) -> (59,12)
  Agent 57: (10,18) -> (49,37)
  Agent 58: (53,20) -> (38,42)
  Agent 59: (48,59) -> (12,11)
  Agent 60: (56,20) -> (13,27)
  Agent 61: (14,14) -> (39,44)
  Agent 62: (44,25) -> (38,54)
  Agent 63: (5,50) -> (42,36)
  Agent 64: (46,14) -> (5,19)
  Agent 65: (38,59) -> (61,18)
  Agent 66: (59,2) -> (7,21)
  Agent 67: (58,13) -> (39,28)
  Agent 68: (53,3) -> (18,25)
  Agent 69: (44,19) -> (24,9)
  Agent 70: (40,51) -> (4,61)
  Agent 71: (21,20) -> (54,19)
  Agent 72: (42,25) -> (34,14)
  Agent 73: (17,11) -> (37,4)
  Agent 74: (60,33) -> (60,34)
  Agent 75: (45,57) -> (35,11)
  Agent 76: (38,13) -> (54,52)
  Agent 77: (21,9) -> (8,50)
  Agent 78: (3,45) -> (24,10)
  Agent 79: (60,54) -> (59,11)
  Agent 80: (53,21) -> (60,44)
  Agent 81: (8,18) -> (29,26)
  Agent 82: (30,41) -> (23,44)
  Agent 83: (63,1) -> (39,59)
  Agent 84: (8,59) -> (39,14)
  Agent 85: (26,62) -> (5,28)
  Agent 86: (34,44) -> (5,36)
  Agent 87: (9,3) -> (55,58)
  Agent 88: (8,36) -> (51,15)
  Agent 89: (17,34) -> (23,8)
  Agent 90: (27,35) -> (52,1)
  Agent 91: (42,52) -> (38,28)
  Agent 92: (52,6) -> (11,18)
  Agent 93: (29,25) -> (19,23)
  Agent 94: (51,53) -> (57,25)
  Agent 95: (44,22) -> (12,56)
  Agent 96: (39,12) -> (2,52)
  Agent 97: (50,37) -> (32,9)
  Agent 98: (27,58) -> (63,31)
  Agent 99: (54,21) -> (5,45)
  Agent 100: (62,56) -> (52,12)
  Agent 101: (47,40) -> (30,38)
  Agent 102: (57,7) -> (39,58)
  Agent 103: (44,38) -> (14,26)
  Agent 104: (60,22) -> (61,21)
  Agent 105: (17,42) -> (54,3)
  Agent 106: (31,60) -> (34,23)
  Agent 107: (34,5) -> (17,10)
  Agent 108: (31,31) -> (26,47)
  Agent 109: (51,47) -> (51,11)
  Agent 110: (2,53) -> (60,13)
  Agent 111: (51,43) -> (24,15)
  Agent 112: (58,9) -> (47,35)
  Agent 113: (23,27) -> (22,39)
  Agent 114: (62,24) -> (46,21)
  Agent 115: (15,15) -> (29,19)
  Agent 116: (25,49) -> (33,45)
  Agent 117: (35,10) -> (62,54)
  Agent 118: (60,31) -> (49,50)
  Agent 119: (50,9) -> (6,29)
  Agent 120: (40,22) -> (26,6)
  Agent 121: (25,28) -> (5,62)
  Agent 122: (51,17) -> (5,26)
  Agent 123: (44,26) -> (58,11)
  Agent 124: (43,26) -> (57,31)
  Agent 125: (26,1) -> (57,41)
  Agent 126: (14,38) -> (59,8)
  Agent 127: (23,13) -> (58,54)
  Agent 128: (34,34) -> (63,45)
  Agent 129: (33,19) -> (58,2)
  Agent 130: (52,46) -> (28,13)
  Agent 131: (47,23) -> (58,9)
  Agent 132: (62,50) -> (61,52)
  Agent 133: (33,10) -> (30,61)
  Agent 134: (44,58) -> (53,31)
  Agent 135: (54,7) -> (22,28)
  Agent 136: (35,60) -> (33,2)
  Agent 137: (7,19) -> (6,38)
  Agent 138: (25,53) -> (9,28)
  Agent 139: (7,38) -> (12,51)
  Agent 140: (42,46) -> (14,39)
  Agent 141: (60,45) -> (15,19)
  Agent 142: (60,40) -> (47,9)
  Agent 143: (43,0) -> (47,46)
  Agent 144: (62,8) -> (50,39)
  Agent 145: (1,25) -> (4,29)
  Agent 146: (54,24) -> (22,4)
  Agent 147: (51,42) -> (36,42)
  Agent 148: (55,23) -> (63,58)
  Agent 149: (22,25) -> (6,8)
  Agent 150: (40,21) -> (41,14)
  Agent 151: (52,27) -> (14,9)
  Agent 152: (50,62) -> (51,14)
  Agent 153: (17,23) -> (19,21)
  Agent 154: (51,31) -> (35,27)
  Agent 155: (45,40) -> (21,28)
  Agent 156: (21,45) -> (27,59)
  Agent 157: (22,39) -> (22,31)
  Agent 158: (63,17) -> (57,42)
  Agent 159: (1,55) -> (49,9)
  Agent 160: (39,41) -> (2,27)
  Agent 161: (38,17) -> (58,23)
  Agent 162: (41,63) -> (61,20)
  Agent 163: (47,37) -> (10,46)
  Agent 164: (19,5) -> (54,57)
  Agent 165: (22,33) -> (53,30)
  Agent 166: (24,17) -> (13,40)
  Agent 167: (55,10) -> (19,7)
  Agent 168: (2,19) -> (20,45)
  Agent 169: (63,63) -> (59,22)
  Agent 170: (3,21) -> (21,57)
  Agent 171: (56,51) -> (49,25)
  Agent 172: (22,57) -> (42,6)
  Agent 173: (24,2) -> (5,61)
  Agent 174: (31,34) -> (23,25)
  Agent 175: (62,28) -> (56,52)
  Agent 176: (46,58) -> (12,17)
  Agent 177: (27,20) -> (62,28)
  Agent 178: (1,59) -> (35,1)
  Agent 179: (62,35) -> (54,23)
  Agent 180: (45,29) -> (41,32)
  Agent 181: (44,24) -> (25,10)
  Agent 182: (53,63) -> (25,37)
  Agent 183: (45,6) -> (8,61)
  Agent 184: (51,27) -> (47,34)
  Agent 185: (40,8) -> (58,49)
  Agent 186: (49,29) -> (30,45)
  Agent 187: (20,57) -> (18,47)
  Agent 188: (62,37) -> (29,33)
  Agent 189: (51,18) -> (37,39)
  Agent 190: (42,55) -> (51,19)
  Agent 191: (6,20) -> (50,19)
  Agent 192: (62,43) -> (34,3)
  Agent 193: (52,19) -> (42,52)
  Agent 194: (52,9) -> (3,46)
  Agent 195: (18,8) -> (11,14)
  Agent 196: (7,18) -> (9,6)
  Agent 197: (15,30) -> (8,29)
  Agent 198: (55,49) -> (59,9)
  Agent 199: (58,56) -> (6,49)
[LNS] Base makespan: 189

[LNS] === Attempt with max_timesteps=189 ===
[SAT] Creating MDDs with shortest paths + waiting time...
[SAT] Created 200 MDDs with waiting time structure
[LNS] Built MDDs with waiting time structure for 200 agents at makespan 189
[Current_Solution] Calculating waiting times for agents...
[Current_Solution] Agent 199 reaches goal at t=71, waiting time=118
[Current_Solution] Agent 198 reaches goal at t=166, waiting time=23
[Current_Solution] Agent 197 reaches goal at t=8, waiting time=181
[Current_Solution] Agent 196 reaches goal at t=14, waiting time=175
[Current_Solution] Agent 195 reaches goal at t=27, waiting time=162
[Current_Solution] Agent 194 reaches goal at t=104, waiting time=85
[Current_Solution] Agent 193 reaches goal at t=153, waiting time=36
[Current_Solution] Agent 192 reaches goal at t=146, waiting time=43
[Current_Solution] Agent 191 reaches goal at t=97, waiting time=92
[Current_Solution] Agent 190 reaches goal at t=157, waiting time=32
[Current_Solution] Agent 189 reaches goal at t=145, waiting time=44
[Current_Solution] Agent 188 reaches goal at t=57, waiting time=132
[Current_Solution] Agent 187 reaches goal at t=16, waiting time=173
[Current_Solution] Agent 186 reaches goal at t=147, waiting time=42
[Current_Solution] Agent 185 reaches goal at t=147, waiting time=42
[Current_Solution] Agent 184 reaches goal at t=169, waiting time=20
[Current_Solution] Agent 183 reaches goal at t=106, waiting time=83
[Current_Solution] Agent 182 reaches goal at t=54, waiting time=135
[Current_Solution] Agent 181 reaches goal at t=119, waiting time=70
[Current_Solution] Agent 180 reaches goal at t=7, waiting time=182
[Current_Solution] Agent 179 reaches goal at t=178, waiting time=11
[Current_Solution] Agent 178 reaches goal at t=104, waiting time=85
[Current_Solution] Agent 177 reaches goal at t=149, waiting time=40
[Current_Solution] Agent 176 reaches goal at t=75, waiting time=114
[Current_Solution] Agent 175 reaches goal at t=186, waiting time=3
[Current_Solution] Agent 174 reaches goal at t=23, waiting time=166
[Current_Solution] Agent 173 reaches goal at t=80, waiting time=109
[Current_Solution] Agent 172 reaches goal at t=105, waiting time=84
[Current_Solution] Agent 171 reaches goal at t=187, waiting time=2
[Current_Solution] Agent 170 reaches goal at t=56, waiting time=133
[Current_Solution] Agent 169 reaches goal at t=185, waiting time=4
[Current_Solution] Agent 168 reaches goal at t=44, waiting time=145
[Current_Solution] Agent 167 reaches goal at t=41, waiting time=148
[Current_Solution] Agent 166 reaches goal at t=34, waiting time=155
[Current_Solution] Agent 165 reaches goal at t=132, waiting time=57
[Current_Solution] Agent 164 reaches goal at t=111, waiting time=78
[Current_Solution] Agent 163 reaches goal at t=52, waiting time=137
[Current_Solution] Agent 162 reaches goal at t=163, waiting time=26
[Current_Solution] Agent 161 reaches goal at t=168, waiting time=21
[Current_Solution] Agent 160 reaches goal at t=57, waiting time=132
[Current_Solution] Agent 159 reaches goal at t=112, waiting time=77
[Current_Solution] Agent 158 reaches goal at t=177, waiting time=12
[Current_Solution] Agent 157 reaches goal at t=12, waiting time=177
[Current_Solution] Agent 156 reaches goal at t=20, waiting time=169
[Current_Solution] Agent 155 reaches goal at t=46, waiting time=143
[Current_Solution] Agent 154 reaches goal at t=172, waiting time=17
[Current_Solution] Agent 153 reaches goal at t=4, waiting time=185
[Current_Solution] Agent 152 reaches goal at t=155, waiting time=34
[Current_Solution] Agent 151 reaches goal at t=84, waiting time=105
[Current_Solution] Agent 150 reaches goal at t=138, waiting time=51
[Current_Solution] Agent 149 reaches goal at t=57, waiting time=132
[Current_Solution] Agent 148 reaches goal at t=181, waiting time=8
[Current_Solution] Agent 147 reaches goal at t=31, waiting time=158
[Current_Solution] Agent 146 reaches goal at t=60, waiting time=129
[Current_Solution] Agent 145 reaches goal at t=7, waiting time=182
[Current_Solution] Agent 144 reaches goal at t=157, waiting time=32
[Current_Solution] Agent 143 reaches goal at t=126, waiting time=63
[Current_Solution] Agent 142 reaches goal at t=152, waiting time=37
[Current_Solution] Agent 141 reaches goal at t=93, waiting time=96
[Current_Solution] Agent 140 reaches goal at t=35, waiting time=154
[Current_Solution] Agent 139 reaches goal at t=18, waiting time=171
[Current_Solution] Agent 138 reaches goal at t=41, waiting time=148
[Current_Solution] Agent 137 reaches goal at t=28, waiting time=161
[Current_Solution] Agent 136 reaches goal at t=116, waiting time=73
[Current_Solution] Agent 135 reaches goal at t=107, waiting time=82
[Current_Solution] Agent 134 reaches goal at t=172, waiting time=17
[Current_Solution] Agent 133 reaches goal at t=110, waiting time=79
[Current_Solution] Agent 132 reaches goal at t=3, waiting time=186
[Current_Solution] Agent 131 reaches goal at t=157, waiting time=32
[Current_Solution] Agent 130 reaches goal at t=135, waiting time=54
[Current_Solution] Agent 129 reaches goal at t=156, waiting time=33
[Current_Solution] Agent 128 reaches goal at t=40, waiting time=149
[Current_Solution] Agent 127 reaches goal at t=130, waiting time=59
[Current_Solution] Agent 126 reaches goal at t=97, waiting time=92
[Current_Solution] Agent 125 reaches goal at t=121, waiting time=68
[Current_Solution] Agent 124 reaches goal at t=171, waiting time=18
[Current_Solution] Agent 123 reaches goal at t=153, waiting time=36
[Current_Solution] Agent 122 reaches goal at t=101, waiting time=88
[Current_Solution] Agent 121 reaches goal at t=54, waiting time=135
[Current_Solution] Agent 120 reaches goal at t=114, waiting time=75
[Current_Solution] Agent 119 reaches goal at t=82, waiting time=107
[Current_Solution] Agent 118 reaches goal at t=182, waiting time=7
[Current_Solution] Agent 117 reaches goal at t=143, waiting time=46
[Current_Solution] Agent 116 reaches goal at t=12, waiting time=177
[Current_Solution] Agent 115 reaches goal at t=62, waiting time=127
[Current_Solution] Agent 114 reaches goal at t=177, waiting time=12
[Current_Solution] Agent 113 reaches goal at t=17, waiting time=172
[Current_Solution] Agent 112 reaches goal at t=145, waiting time=44
[Current_Solution] Agent 111 reaches goal at t=129, waiting time=60
[Current_Solution] Agent 110 reaches goal at t=124, waiting time=65
[Current_Solution] Agent 109 reaches goal at t=158, waiting time=31
[Current_Solution] Agent 108 reaches goal at t=33, waiting time=156
[Current_Solution] Agent 107 reaches goal at t=22, waiting time=167
[Current_Solution] Agent 106 reaches goal at t=50, waiting time=139
[Current_Solution] Agent 105 reaches goal at t=100, waiting time=89
[Current_Solution] Agent 104 reaches goal at t=2, waiting time=187
[Current_Solution] Agent 103 reaches goal at t=54, waiting time=135
[Current_Solution] Agent 102 reaches goal at t=139, waiting time=50
[Current_Solution] Agent 101 reaches goal at t=27, waiting time=162
[Current_Solution] Agent 100 reaches goal at t=162, waiting time=27
[Current_Solution] Agent 99 reaches goal at t=121, waiting time=68
[Current_Solution] Agent 98 reaches goal at t=157, waiting time=32
[Current_Solution] Agent 97 reaches goal at t=124, waiting time=65
[Current_Solution] Agent 96 reaches goal at t=99, waiting time=90
[Current_Solution] Agent 95 reaches goal at t=66, waiting time=123
[Current_Solution] Agent 94 reaches goal at t=172, waiting time=17
[Current_Solution] Agent 93 reaches goal at t=12, waiting time=177
[Current_Solution] Agent 92 reaches goal at t=65, waiting time=124
[Current_Solution] Agent 91 reaches goal at t=32, waiting time=157
[Current_Solution] Agent 90 reaches goal at t=107, waiting time=82
[Current_Solution] Agent 89 reaches goal at t=64, waiting time=125
[Current_Solution] Agent 88 reaches goal at t=94, waiting time=95
[Current_Solution] Agent 87 reaches goal at t=101, waiting time=88
[Current_Solution] Agent 86 reaches goal at t=37, waiting time=152
[Current_Solution] Agent 85 reaches goal at t=55, waiting time=134
[Current_Solution] Agent 84 reaches goal at t=104, waiting time=85
[Current_Solution] Agent 83 reaches goal at t=150, waiting time=39
[Current_Solution] Agent 82 reaches goal at t=10, waiting time=179
[Current_Solution] Agent 81 reaches goal at t=51, waiting time=138
[Current_Solution] Agent 80 reaches goal at t=184, waiting time=5
[Current_Solution] Agent 79 reaches goal at t=168, waiting time=21
[Current_Solution] Agent 78 reaches goal at t=74, waiting time=115
[Current_Solution] Agent 77 reaches goal at t=72, waiting time=117
[Current_Solution] Agent 76 reaches goal at t=143, waiting time=46
[Current_Solution] Agent 75 reaches goal at t=124, waiting time=65
[Current_Solution] Agent 74 reaches goal at t=1, waiting time=188
[Current_Solution] Agent 73 reaches goal at t=27, waiting time=162
[Current_Solution] Agent 72 reaches goal at t=129, waiting time=60
[Current_Solution] Agent 71 reaches goal at t=132, waiting time=57
[Current_Solution] Agent 70 reaches goal at t=54, waiting time=135
[Current_Solution] Agent 69 reaches goal at t=122, waiting time=67
[Current_Solution] Agent 68 reaches goal at t=111, waiting time=78
[Current_Solution] Agent 67 reaches goal at t=148, waiting time=41
[Current_Solution] Agent 66 reaches goal at t=83, waiting time=106
[Current_Solution] Agent 65 reaches goal at t=154, waiting time=35
[Current_Solution] Agent 64 reaches goal at t=72, waiting time=117
[Current_Solution] Agent 63 reaches goal at t=55, waiting time=134
[Current_Solution] Agent 62 reaches goal at t=41, waiting time=148
[Current_Solution] Agent 61 reaches goal at t=61, waiting time=128
[Current_Solution] Agent 60 reaches goal at t=96, waiting time=93
[Current_Solution] Agent 59 reaches goal at t=86, waiting time=103
[Current_Solution] Agent 58 reaches goal at t=143, waiting time=46
[Current_Solution] Agent 57 reaches goal at t=78, waiting time=111
[Current_Solution] Agent 56 reaches goal at t=168, waiting time=21
[Current_Solution] Agent 55 reaches goal at t=12, waiting time=177
[Current_Solution] Agent 54 reaches goal at t=66, waiting time=123
[Current_Solution] Agent 53 reaches goal at t=160, waiting time=29
[Current_Solution] Agent 52 reaches goal at t=50, waiting time=139
[Current_Solution] Agent 51 reaches goal at t=6, waiting time=183
[Current_Solution] Agent 50 reaches goal at t=142, waiting time=47
[Current_Solution] Agent 49 reaches goal at t=152, waiting time=37
[Current_Solution] Agent 48 reaches goal at t=11, waiting time=178
[Current_Solution] Agent 47 reaches goal at t=179, waiting time=10
[Current_Solution] Agent 46 reaches goal at t=73, waiting time=116
[Current_Solution] Agent 45 reaches goal at t=189, waiting time=0
[Current_Solution] Agent 44 reaches goal at t=10, waiting time=179
[Current_Solution] Agent 43 reaches goal at t=60, waiting time=129
[Current_Solution] Agent 42 reaches goal at t=66, waiting time=123
[Current_Solution] Agent 41 reaches goal at t=73, waiting time=116
[Current_Solution] Agent 40 reaches goal at t=149, waiting time=40
[Current_Solution] Agent 39 reaches goal at t=134, waiting time=55
[Current_Solution] Agent 38 reaches goal at t=178, waiting time=11
[Current_Solution] Agent 37 reaches goal at t=107, waiting time=82
[Current_Solution] Agent 36 reaches goal at t=128, waiting time=61
[Current_Solution] Agent 35 reaches goal at t=13, waiting time=176
[Current_Solution] Agent 34 reaches goal at t=162, waiting time=27
[Current_Solution] Agent 33 reaches goal at t=55, waiting time=134
[Current_Solution] Agent 32 reaches goal at t=89, waiting time=100
[Current_Solution] Agent 31 reaches goal at t=179, waiting time=10
[Current_Solution] Agent 30 reaches goal at t=181, waiting time=8
[Current_Solution] Agent 29 reaches goal at t=124, waiting time=65
[Current_Solution] Agent 28 reaches goal at t=75, waiting time=114
[Current_Solution] Agent 27 reaches goal at t=162, waiting time=27
[Current_Solution] Agent 26 reaches goal at t=115, waiting time=74
[Current_Solution] Agent 25 reaches goal at t=29, waiting time=160
[Current_Solution] Agent 24 reaches goal at t=72, waiting time=117
[Current_Solution] Agent 23 reaches goal at t=101, waiting time=88
[Current_Solution] Agent 22 reaches goal at t=72, waiting time=117
[Current_Solution] Agent 21 reaches goal at t=97, waiting time=92
[Current_Solution] Agent 20 reaches goal at t=164, waiting time=25
[Current_Solution] Agent 19 reaches goal at t=86, waiting time=103
[Current_Solution] Agent 18 reaches goal at t=73, waiting time=116
[Current_Solution] Agent 17 reaches goal at t=19, waiting time=170
[Current_Solution] Agent 16 reaches goal at t=24, waiting time=165
[Current_Solution] Agent 15 reaches goal at t=25, waiting time=164
[Current_Solution] Agent 14 reaches goal at t=82, waiting time=107
[Current_Solution] Agent 13 reaches goal at t=187, waiting time=2
[Current_Solution] Agent 12 reaches goal at t=69, waiting time=120
[Current_Solution] Agent 11 reaches goal at t=72, waiting time=117
[Current_Solution] Agent 10 reaches goal at t=189, waiting time=0
[Current_Solution] Agent 9 reaches goal at t=186, waiting time=3
[Current_Solution] Agent 8 reaches goal at t=115, waiting time=74
[Current_Solution] Agent 7 reaches goal at t=35, waiting time=154
[Current_Solution] Agent 6 reaches goal at t=92, waiting time=97
[Current_Solution] Agent 5 reaches goal at t=28, waiting time=161
[Current_Solution] Agent 4 reaches goal at t=10, waiting time=179
[Current_Solution] Agent 3 reaches goal at t=178, waiting time=11
[Current_Solution] Agent 2 reaches goal at t=82, waiting time=107
[Current_Solution] Agent 1 reaches goal at t=132, waiting time=57
[Current_Solution] Agent 0 reaches goal at t=102, waiting time=87
[Current_Solution] Waiting time calculation complete
[LNS] Created current solution with 200 agent paths on a map of size 64x64
[LNS] Analyzing conflicts...
[LNS] Current solution: vertex collisions=5272, edge collisions=514
[LNS] Creating conflict buckets...
[LOCAL ZONE] Building diamond bucket for conflict 0
[LOCAL ZONE] Built diamond bucket for conflict 0 with 5 positions, 1 conflicts, 1 - 1 time window
[LOCAL ZONE] Building diamond bucket for conflict 1
[LOCAL ZONE] Built diamond bucket for conflict 1 with 8 positions, 2 conflicts, 1 - 2 time window
[LOCAL ZONE] Building diamond bucket for conflict 2
[LOCAL ZONE] Built diamond bucket for conflict 2 with 8 positions, 2 conflicts, 1 - 2 time window
[LOCAL ZONE] Building diamond bucket for conflict 3
[LOCAL ZONE] Built diamond bucket for conflict 3 with 5 positions, 1 conflicts, 1 - 1 time window
[LNS] Selected most relevant bucket 1 with time window: 1 - 2, 2 conflicts and 8 positions.
[LNS] Solving the best bucket Local Zone...
[Solve_local_zone] Current local zone size: 8 (0.219419% of all walkable positions)
[Solve_local_zone] Local zone time window: [0, 3]
[Waiting_time_Solve] Agent 0 has waiting time 87
[Waiting_time_Solve] Agent 1 has waiting time 57
[Waiting_time_Solve] Agent 2 has waiting time 107
[Waiting_time_Solve] Agent 3 has waiting time 11
[Waiting_time_Solve] Agent 4 has waiting time 179
[Waiting_time_Solve] Agent 5 has waiting time 161
[Waiting_time_Solve] Agent 6 has waiting time 97
[Waiting_time_Solve] Agent 7 has waiting time 154
[Waiting_time_Solve] Agent 8 has waiting time 74
[Waiting_time_Solve] Agent 9 has waiting time 3
[Waiting_time_Solve] Agent 10 has waiting time 0
[Waiting_time_Solve] Agent 11 has waiting time 117
[Waiting_time_Solve] Agent 12 has waiting time 120
[Waiting_time_Solve] Agent 13 has waiting time 2
[Waiting_time_Solve] Agent 14 has waiting time 107
[Waiting_time_Solve] Agent 15 has waiting time 164
[Waiting_time_Solve] Agent 16 has waiting time 165
[Waiting_time_Solve] Agent 17 has waiting time 170
[Waiting_time_Solve] Agent 18 has waiting time 116
[Waiting_time_Solve] Agent 19 has waiting time 103
[Waiting_time_Solve] Agent 20 has waiting time 25
[Waiting_time_Solve] Agent 21 has waiting time 92
[Waiting_time_Solve] Agent 22 has waiting time 117
[Waiting_time_Solve] Agent 23 has waiting time 88
[Waiting_time_Solve] Agent 24 has waiting time 117
[Waiting_time_Solve] Agent 25 has waiting time 160
[Waiting_time_Solve] Agent 26 has waiting time 74
[Waiting_time_Solve] Agent 27 has waiting time 27
[Waiting_time_Solve] Agent 28 has waiting time 114
[Waiting_time_Solve] Agent 29 has waiting time 65
[Waiting_time_Solve] Agent 30 has waiting time 8
[Waiting_time_Solve] Agent 31 has waiting time 10
[Waiting_time_Solve] Agent 32 has waiting time 100
[Waiting_time_Solve] Agent 33 has waiting time 134
[Waiting_time_Solve] Agent 34 has waiting time 27
[Waiting_time_Solve] Agent 35 has waiting time 176
[Waiting_time_Solve] Agent 36 has waiting time 61
[Waiting_time_Solve] Agent 37 has waiting time 82
[Waiting_time_Solve] Agent 38 has waiting time 11
[Waiting_time_Solve] Agent 39 has waiting time 55
[Waiting_time_Solve] Agent 40 has waiting time 40
[Waiting_time_Solve] Agent 41 has waiting time 116
[Waiting_time_Solve] Agent 42 has waiting time 123
[Waiting_time_Solve] Agent 43 has waiting time 129
[Waiting_time_Solve] Agent 44 has waiting time 179
[Waiting_time_Solve] Agent 45 has waiting time 0
[Waiting_time_Solve] Agent 46 has waiting time 116
[Waiting_time_Solve] Agent 47 has waiting time 10
[Waiting_time_Solve] Agent 48 has waiting time 178
[Waiting_time_Solve] Agent 49 has waiting time 37
[Waiting_time_Solve] Agent 50 has waiting time 47
[Waiting_time_Solve] Agent 51 has waiting time 183
[Waiting_time_Solve] Agent 52 has waiting time 139
[Waiting_time_Solve] Agent 53 has waiting time 29
[Waiting_time_Solve] Agent 54 has waiting time 123
[Waiting_time_Solve] Agent 55 has waiting time 177
[Waiting_time_Solve] Agent 56 has waiting time 21
[Waiting_time_Solve] Agent 57 has waiting time 111
[Waiting_time_Solve] Agent 58 has waiting time 46
[Waiting_time_Solve] Agent 59 has waiting time 103
[Waiting_time_Solve] Agent 60 has waiting time 93
[Waiting_time_Solve] Agent 61 has waiting time 128
[Waiting_time_Solve] Agent 62 has waiting time 148
[Waiting_time_Solve] Agent 63 has waiting time 134
[Waiting_time_Solve] Agent 64 has waiting time 117
[Waiting_time_Solve] Agent 65 has waiting time 35
[Waiting_time_Solve] Agent 66 has waiting time 106
[Waiting_time_Solve] Agent 67 has waiting time 41
[Waiting_time_Solve] Agent 68 has waiting time 78
[Waiting_time_Solve] Agent 69 has waiting time 67
[Waiting_time_Solve] Agent 70 has waiting time 135
[Waiting_time_Solve] Agent 71 has waiting time 57
[Waiting_time_Solve] Agent 72 has waiting time 60
[Waiting_time_Solve] Agent 73 has waiting time 162
[Waiting_time_Solve] Agent 74 has waiting time 188
[Waiting_time_Solve] Agent 75 has waiting time 65
[Waiting_time_Solve] Agent 76 has waiting time 46
[Waiting_time_Solve] Agent 77 has waiting time 117
[Waiting_time_Solve] Agent 78 has waiting time 115
[Waiting_time_Solve] Agent 79 has waiting time 21
[Waiting_time_Solve] Agent 80 has waiting time 5
[Waiting_time_Solve] Agent 81 has waiting time 138
[Waiting_time_Solve] Agent 82 has waiting time 179
[Waiting_time_Solve] Agent 83 has waiting time 39
[Waiting_time_Solve] Agent 84 has waiting time 85
[Waiting_time_Solve] Agent 85 has waiting time 134
[Waiting_time_Solve] Agent 86 has waiting time 152
[Waiting_time_Solve] Agent 87 has waiting time 88
[Waiting_time_Solve] Agent 88 has waiting time 95
[Waiting_time_Solve] Agent 89 has waiting time 125
[Waiting_time_Solve] Agent 90 has waiting time 82
[Waiting_time_Solve] Agent 91 has waiting time 157
[Waiting_time_Solve] Agent 92 has waiting time 124
[Waiting_time_Solve] Agent 93 has waiting time 177
[Waiting_time_Solve] Agent 94 has waiting time 17
[Waiting_time_Solve] Agent 95 has waiting time 123
[Waiting_time_Solve] Agent 96 has waiting time 90
[Waiting_time_Solve] Agent 97 has waiting time 65
[Waiting_time_Solve] Agent 98 has waiting time 32
[Waiting_time_Solve] Agent 99 has waiting time 68
[Waiting_time_Solve] Agent 100 has waiting time 27
[Waiting_time_Solve] Agent 101 has waiting time 162
[Waiting_time_Solve] Agent 102 has waiting time 50
[Waiting_time_Solve] Agent 103 has waiting time 135
[Waiting_time_Solve] Agent 104 has waiting time 187
[Waiting_time_Solve] Agent 105 has waiting time 89
[Waiting_time_Solve] Agent 106 has waiting time 139
[Waiting_time_Solve] Agent 107 has waiting time 167
[Waiting_time_Solve] Agent 108 has waiting time 156
[Waiting_time_Solve] Agent 109 has waiting time 31
[Waiting_time_Solve] Agent 110 has waiting time 65
[Waiting_time_Solve] Agent 111 has waiting time 60
[Waiting_time_Solve] Agent 112 has waiting time 44
[Waiting_time_Solve] Agent 113 has waiting time 172
[Waiting_time_Solve] Agent 114 has waiting time 12
[Waiting_time_Solve] Agent 115 has waiting time 127
[Waiting_time_Solve] Agent 116 has waiting time 177
[Waiting_time_Solve] Agent 117 has waiting time 46
[Waiting_time_Solve] Agent 118 has waiting time 7
[Waiting_time_Solve] Agent 119 has waiting time 107
[Waiting_time_Solve] Agent 120 has waiting time 75
[Waiting_time_Solve] Agent 121 has waiting time 135
[Waiting_time_Solve] Agent 122 has waiting time 88
[Waiting_time_Solve] Agent 123 has waiting time 36
[Waiting_time_Solve] Agent 124 has waiting time 18
[Waiting_time_Solve] Agent 125 has waiting time 68
[Waiting_time_Solve] Agent 126 has waiting time 92
[Waiting_time_Solve] Agent 127 has waiting time 59
[Waiting_time_Solve] Agent 128 has waiting time 149
[Waiting_time_Solve] Agent 129 has waiting time 33
[Waiting_time_Solve] Agent 130 has waiting time 54
[Waiting_time_Solve] Agent 131 has waiting time 32
[Waiting_time_Solve] Agent 132 has waiting time 186
[Waiting_time_Solve] Agent 133 has waiting time 79
[Waiting_time_Solve] Agent 134 has waiting time 17
[Waiting_time_Solve] Agent 135 has waiting time 82
[Waiting_time_Solve] Agent 136 has waiting time 73
[Waiting_time_Solve] Agent 137 has waiting time 161
[Waiting_time_Solve] Agent 138 has waiting time 148
[Waiting_time_Solve] Agent 139 has waiting time 171
[Waiting_time_Solve] Agent 140 has waiting time 154
[Waiting_time_Solve] Agent 141 has waiting time 96
[Waiting_time_Solve] Agent 142 has waiting time 37
[Waiting_time_Solve] Agent 143 has waiting time 63
[Waiting_time_Solve] Agent 144 has waiting time 32
[Waiting_time_Solve] Agent 145 has waiting time 182
[Waiting_time_Solve] Agent 146 has waiting time 129
[Waiting_time_Solve] Agent 147 has waiting time 158
[Waiting_time_Solve] Agent 148 has waiting time 8
[Waiting_time_Solve] Agent 149 has waiting time 132
[Waiting_time_Solve] Agent 150 has waiting time 51
[Waiting_time_Solve] Agent 151 has waiting time 105
[Waiting_time_Solve] Agent 152 has waiting time 34
[Waiting_time_Solve] Agent 153 has waiting time 185
[Waiting_time_Solve] Agent 154 has waiting time 17
[Waiting_time_Solve] Agent 155 has waiting time 143
[Waiting_time_Solve] Agent 156 has waiting time 169
[Waiting_time_Solve] Agent 157 has waiting time 177
[Waiting_time_Solve] Agent 158 has waiting time 12
[Waiting_time_Solve] Agent 159 has waiting time 77
[Waiting_time_Solve] Agent 160 has waiting time 132
[Waiting_time_Solve] Agent 161 has waiting time 21
[Waiting_time_Solve] Agent 162 has waiting time 26
[Waiting_time_Solve] Agent 163 has waiting time 137
[Waiting_time_Solve] Agent 164 has waiting time 78
[Waiting_time_Solve] Agent 165 has waiting time 57
[Waiting_time_Solve] Agent 166 has waiting time 155
[Waiting_time_Solve] Agent 167 has waiting time 148
[Waiting_time_Solve] Agent 168 has waiting time 145
[Waiting_time_Solve] Agent 169 has waiting time 4
[Waiting_time_Solve] Agent 170 has waiting time 133
[Waiting_time_Solve] Agent 171 has waiting time 2
[Waiting_time_Solve] Agent 172 has waiting time 84
[Waiting_time_Solve] Agent 173 has waiting time 109
[Waiting_time_Solve] Agent 174 has waiting time 166
[Waiting_time_Solve] Agent 175 has waiting time 3
[Waiting_time_Solve] Agent 176 has waiting time 114
[Waiting_time_Solve] Agent 177 has waiting time 40
[Waiting_time_Solve] Agent 178 has waiting time 85
[Waiting_time_Solve] Agent 179 has waiting time 11
[Waiting_time_Solve] Agent 180 has waiting time 182
[Waiting_time_Solve] Agent 181 has waiting time 70
[Waiting_time_Solve] Agent 182 has waiting time 135
[Waiting_time_Solve] Agent 183 has waiting time 83
[Waiting_time_Solve] Agent 184 has waiting time 20
[Waiting_time_Solve] Agent 185 has waiting time 42
[Waiting_time_Solve] Agent 186 has waiting time 42
[Waiting_time_Solve] Agent 187 has waiting time 173
[Waiting_time_Solve] Agent 188 has waiting time 132
[Waiting_time_Solve] Agent 189 has waiting time 44
[Waiting_time_Solve] Agent 190 has waiting time 32
[Waiting_time_Solve] Agent 191 has waiting time 92
[Waiting_time_Solve] Agent 192 has waiting time 43
[Waiting_time_Solve] Agent 193 has waiting time 36
[Waiting_time_Solve] Agent 194 has waiting time 85
[Waiting_time_Solve] Agent 195 has waiting time 162
[Waiting_time_Solve] Agent 196 has waiting time 175
[Waiting_time_Solve] Agent 197 has waiting time 181
[Waiting_time_Solve] Agent 198 has waiting time 23
[Waiting_time_Solve] Agent 199 has waiting time 118
[Waiting_time_Solve] Total available waiting time: 18529
[Waiting_time_Solve] Max iterations: 18529
[Waiting_time_Solve] Iteration 0...
[SAT] Start solving CNF: 28 clauses and 17 variables
[SAT] Agent 193 entry time: 2 exit time: 2
[SAT] Agent 80 entry time: 1 exit time: 3
[SAT] Agent 99 entry time: 0 exit time: 3
[SAT] Agent 60 entry time: 0 exit time: 0
[SAT] Agent 58 entry time: 0 exit time: 3
[SAT] Agent 20 entry time: 1 exit time: 1

[SAT] Start time: 0 End time: 3

[SAT] Solving local zone with SAT iteration 1...
[SAT] Local CNF: 28 clauses 

DEBUG: Adding 28 new clauses to MiniSAT (incremental run)
DEBUG: Clause load summary: input=28, added=28, tautologies_skipped=0, duplicates_skipped=0, unit_clauses=11, empties=0, intra_clause_literals_removed=0, added_but_db_unchanged=8
DEBUG: After adding clauses, solver has 9 clauses and 17 variables
DEBUG: MiniSAT found 17 variables
DEBUG: Assignment size: 17
DEBUG: First few assignment values: 1 1 0 1 1 1 1 0 1 1 

=== DEBUG: cnf_assignment_to_paths ===
Input assignment size: 17

=== END DEBUG ===
[SAT] Found 1 vertex collisions and 0 edge collisions
[SAT] Adding collision clauses and solving again...
[SAT] Solving local zone with SAT iteration 2...
[SAT] Local CNF: 29 clauses 

DEBUG: Adding 1 new clauses to MiniSAT (incremental run)
DEBUG: Clause load summary: input=1, added=1, tautologies_skipped=0, duplicates_skipped=0, unit_clauses=0, empties=0, intra_clause_literals_removed=0, added_but_db_unchanged=1
DEBUG: After adding clauses, solver has 9 clauses and 17 variables
DEBUG: MiniSAT found 17 variables
DEBUG: Assignment size: 17
DEBUG: First few assignment values: 1 1 0 1 1 1 1 0 1 1 

=== DEBUG: cnf_assignment_to_paths ===
Input assignment size: 17

=== END DEBUG ===
[SAT] Found 1 vertex collisions and 0 edge collisions
[SAT] Adding collision clauses and solving again...
[SAT] Solving local zone with SAT iteration 3...
[SAT] Local CNF: 30 clauses 

DEBUG: Adding 1 new clauses to MiniSAT (incremental run)
[SAT] Previous assignment invalidated by new clauses, reset solver and retrying without assumptions...
DEBUG: Adding 30 new clauses to MiniSAT (incremental run)
[SAT] Local problem appears to be unsatisfiable in current zone
[Waiting_time_Solve] No solution found, trying to apply waiting time:1
[Waiting_time_Solve] Applying waiting time 1 to agent 99 who has waiting time 68
[Waiting_time_Solve] New path is consistent after applying waiting time for agent 99
[Current_Solution] Agent 99 used 1 waiting timesteps, 67 remaining
[Waiting_time_Solve] Applied 1 waiting time  for agent 99 who has waiting time 67
[Waiting_time_Solve] Applying waiting time 1 to agent 58 who has waiting time 46
[Waiting_time_Solve] New path is consistent after applying waiting time for agent 58
[Current_Solution] Agent 58 used 1 waiting timesteps, 45 remaining
[Waiting_time_Solve] Applied 1 waiting time  for agent 58 who has waiting time 45
[Waiting_time_Solve] ALL Waiting time applied
[Waiting_time_Solve] Extended Zone end time from 3 to 4
[Waiting_time_Solve] Iteration 1...
[SAT] Start solving CNF: 54 clauses and 28 variables
[SAT] Agent 193 entry time: 2 exit time: 2
[SAT] Agent 80 entry time: 1 exit time: 4
[SAT] Agent 99 entry time: 0 exit time: 4
[SAT] Agent 60 entry time: 0 exit time: 0
[SAT] Agent 58 entry time: 0 exit time: 4
[SAT] Agent 20 entry time: 1 exit time: 1

[SAT] Start time: 0 End time: 4

[SAT] Solving local zone with SAT iteration 1...
[SAT] Local CNF: 56 clauses 

DEBUG: Adding 56 new clauses to MiniSAT (incremental run)
DEBUG: Clause load summary: input=56, added=56, tautologies_skipped=0, duplicates_skipped=0, unit_clauses=10, empties=0, intra_clause_literals_removed=0, added_but_db_unchanged=9
DEBUG: After adding clauses, solver has 37 clauses and 28 variables
DEBUG: MiniSAT found 28 variables
DEBUG: Assignment size: 28
DEBUG: First few assignment values: 1 1 0 1 1 1 1 1 0 0 

=== DEBUG: cnf_assignment_to_paths ===
Input assignment size: 28

=== END DEBUG ===
[SAT] Found 2 vertex collisions and 0 edge collisions
[SAT] Adding collision clauses and solving again...
[SAT] Solving local zone with SAT iteration 2...
[SAT] Local CNF: 58 clauses 

DEBUG: Adding 2 new clauses to MiniSAT (incremental run)
[SAT] Previous assignment invalidated by new clauses, reset solver and retrying without assumptions...
DEBUG: Adding 58 new clauses to MiniSAT (incremental run)
[SAT] Local problem appears to be unsatisfiable in current zone
[Waiting_time_Solve] No solution found, trying to apply waiting time:2
[Waiting_time_Solve] Applying waiting time 2 to agent 99 who has waiting time 67
[Waiting_time_Solve] New path is consistent after applying waiting time for agent 99
[Current_Solution] Agent 99 used 2 waiting timesteps, 65 remaining
[Waiting_time_Solve] Applied 2 waiting time  for agent 99 who has waiting time 65
[Waiting_time_Solve] ALL Waiting time applied
[Waiting_time_Solve] Extended Zone end time from 4 to 6
[Waiting_time_Solve] Iteration 2...
[SAT] Start solving CNF: 122 clauses and 44 variables
[SAT] Agent 193 entry time: 2 exit time: 2
[SAT] Agent 80 entry time: 1 exit time: 4
[SAT] Agent 99 entry time: 0 exit time: 6
[SAT] Agent 60 entry time: 0 exit time: 0
[SAT] Agent 58 entry time: 0 exit time: 4
[SAT] Agent 20 entry time: 1 exit time: 1

[SAT] Start time: 0 End time: 6

[SAT] Solving local zone with SAT iteration 1...
[SAT] Local CNF: 126 clauses 

DEBUG: Adding 126 new clauses to MiniSAT (incremental run)
DEBUG: Clause load summary: input=126, added=126, tautologies_skipped=0, duplicates_skipped=0, unit_clauses=10, empties=0, intra_clause_literals_removed=0, added_but_db_unchanged=11
DEBUG: After adding clauses, solver has 105 clauses and 44 variables
DEBUG: MiniSAT found 44 variables
DEBUG: Assignment size: 44
DEBUG: First few assignment values: 1 1 0 1 1 1 1 1 0 0 

=== DEBUG: cnf_assignment_to_paths ===
Input assignment size: 44

=== END DEBUG ===
[SAT] Found 0 vertex collisions and 0 edge collisions
[SAT] Found collision-free local solution!
[Waiting_time_Solve] Solution found, updating global solution
[LNS] Updating global solution with pseudo-agent local paths...
[Current_Solution] Updating global solution for agent 193
[Current_Solution] Global solution is consistent after updating with local path
[LNS] Successfully updated global solution with pseudo-agent local paths!
[Current_Solution] Updating global solution for agent 80
[Current_Solution] INFO: Segment 80 exit adjusted from 3 to 4 due to waiting time
[Current_Solution] Segment 80 lengthened by 1 timesteps; shifting suffix
[Current_Solution] Global solution is consistent before shifting suffix
[Current_Solution] Global solution is consistent after shifting suffix
[Current_Solution] Global solution is consistent after updating with local path
[LNS] Successfully updated global solution with pseudo-agent local paths!
[Current_Solution] Updating global solution for agent 99
[Current_Solution] INFO: Segment 99 exit adjusted from 3 to 6 due to waiting time
[Current_Solution] Segment 99 lengthened by 3 timesteps; shifting suffix
[Current_Solution] Global solution is consistent before shifting suffix
[Current_Solution] Global solution is consistent after shifting suffix
[Current_Solution] Global solution is consistent after updating with local path
[LNS] Successfully updated global solution with pseudo-agent local paths!
[Current_Solution] Updating global solution for agent 60
[Current_Solution] Global solution is consistent after updating with local path
[LNS] Successfully updated global solution with pseudo-agent local paths!
[Current_Solution] Updating global solution for agent 58
[Current_Solution] INFO: Segment 58 exit adjusted from 3 to 4 due to waiting time
[Current_Solution] Segment 58 lengthened by 1 timesteps; shifting suffix
[Current_Solution] Global solution is consistent before shifting suffix
[Current_Solution] Global solution is consistent after shifting suffix
[Current_Solution] Global solution is consistent after updating with local path
[LNS] Successfully updated global solution with pseudo-agent local paths!
[Current_Solution] Updating global solution for agent 20
[Current_Solution] Global solution is consistent after updating with local path
[LNS] Successfully updated global solution with pseudo-agent local paths!
[LNS] Updating path map with new local paths...
[LNS] Successfully updated global solution with local paths and pseudo agents!
[Solve_local_zone] Successfully solved local zone
[Solve_local_zone] Final local zone size: 8 (0.219419% of all walkable positions)
[LNS] Successfully solved local zone
[LNS] Analyzing conflicts...
[LNS] Current solution: vertex collisions=5113, edge collisions=510
[LNS] Creating conflict buckets...
[LOCAL ZONE] Building diamond bucket for conflict 0
[LOCAL ZONE] Built diamond bucket for conflict 0 with 5 positions, 1 conflicts, 1 - 1 time window
[LOCAL ZONE] Building diamond bucket for conflict 1
[LOCAL ZONE] Built diamond bucket for conflict 1 with 8 positions, 2 conflicts, 1 - 2 time window
[LOCAL ZONE] Building diamond bucket for conflict 2
[LOCAL ZONE] Built diamond bucket for conflict 2 with 5 positions, 1 conflicts, 1 - 1 time window
[LNS] Selected most relevant bucket 1 with time window: 1 - 2, 2 conflicts and 8 positions.
[LNS] Solving the best bucket Local Zone...
[Solve_local_zone] Current local zone size: 8 (0.219419% of all walkable positions)
[Solve_local_zone] Local zone time window: [0, 3]
[Waiting_time_Solve] Agent 0 has waiting time 87
[Waiting_time_Solve] Agent 1 has waiting time 57
[Waiting_time_Solve] Agent 2 has waiting time 107
[Waiting_time_Solve] Agent 3 has waiting time 11
[Waiting_time_Solve] Agent 4 has waiting time 179
[Waiting_time_Solve] Agent 5 has waiting time 161
[Waiting_time_Solve] Agent 6 has waiting time 97
[Waiting_time_Solve] Agent 7 has waiting time 154
[Waiting_time_Solve] Agent 8 has waiting time 74
[Waiting_time_Solve] Agent 9 has waiting time 3
[Waiting_time_Solve] Agent 10 has waiting time 0
[Waiting_time_Solve] Agent 11 has waiting time 117
[Waiting_time_Solve] Agent 12 has waiting time 120
[Waiting_time_Solve] Agent 13 has waiting time 2
[Waiting_time_Solve] Agent 14 has waiting time 107
[Waiting_time_Solve] Agent 15 has waiting time 164
[Waiting_time_Solve] Agent 16 has waiting time 165
[Waiting_time_Solve] Agent 17 has waiting time 170
[Waiting_time_Solve] Agent 18 has waiting time 116
[Waiting_time_Solve] Agent 19 has waiting time 103
[Waiting_time_Solve] Agent 20 has waiting time 25
[Waiting_time_Solve] Agent 21 has waiting time 92
[Waiting_time_Solve] Agent 22 has waiting time 117
[Waiting_time_Solve] Agent 23 has waiting time 88
[Waiting_time_Solve] Agent 24 has waiting time 117
[Waiting_time_Solve] Agent 25 has waiting time 160
[Waiting_time_Solve] Agent 26 has waiting time 74
[Waiting_time_Solve] Agent 27 has waiting time 27
[Waiting_time_Solve] Agent 28 has waiting time 114
[Waiting_time_Solve] Agent 29 has waiting time 65
[Waiting_time_Solve] Agent 30 has waiting time 8
[Waiting_time_Solve] Agent 31 has waiting time 10
[Waiting_time_Solve] Agent 32 has waiting time 100
[Waiting_time_Solve] Agent 33 has waiting time 134
[Waiting_time_Solve] Agent 34 has waiting time 27
[Waiting_time_Solve] Agent 35 has waiting time 176
[Waiting_time_Solve] Agent 36 has waiting time 61
[Waiting_time_Solve] Agent 37 has waiting time 82
[Waiting_time_Solve] Agent 38 has waiting time 11
[Waiting_time_Solve] Agent 39 has waiting time 55
[Waiting_time_Solve] Agent 40 has waiting time 40
[Waiting_time_Solve] Agent 41 has waiting time 116
[Waiting_time_Solve] Agent 42 has waiting time 123
[Waiting_time_Solve] Agent 43 has waiting time 129
[Waiting_time_Solve] Agent 44 has waiting time 179
[Waiting_time_Solve] Agent 45 has waiting time 0
[Waiting_time_Solve] Agent 46 has waiting time 116
[Waiting_time_Solve] Agent 47 has waiting time 10
[Waiting_time_Solve] Agent 48 has waiting time 178
[Waiting_time_Solve] Agent 49 has waiting time 37
[Waiting_time_Solve] Agent 50 has waiting time 47
[Waiting_time_Solve] Agent 51 has waiting time 183
[Waiting_time_Solve] Agent 52 has waiting time 139
[Waiting_time_Solve] Agent 53 has waiting time 29
[Waiting_time_Solve] Agent 54 has waiting time 123
[Waiting_time_Solve] Agent 55 has waiting time 177
[Waiting_time_Solve] Agent 56 has waiting time 21
[Waiting_time_Solve] Agent 57 has waiting time 111
[Waiting_time_Solve] Agent 58 has waiting time 45
[Waiting_time_Solve] Agent 59 has waiting time 103
[Waiting_time_Solve] Agent 60 has waiting time 93
[Waiting_time_Solve] Agent 61 has waiting time 128
[Waiting_time_Solve] Agent 62 has waiting time 148
[Waiting_time_Solve] Agent 63 has waiting time 134
[Waiting_time_Solve] Agent 64 has waiting time 117
[Waiting_time_Solve] Agent 65 has waiting time 35
[Waiting_time_Solve] Agent 66 has waiting time 106
[Waiting_time_Solve] Agent 67 has waiting time 41
[Waiting_time_Solve] Agent 68 has waiting time 78
[Waiting_time_Solve] Agent 69 has waiting time 67
[Waiting_time_Solve] Agent 70 has waiting time 135
[Waiting_time_Solve] Agent 71 has waiting time 57
[Waiting_time_Solve] Agent 72 has waiting time 60
[Waiting_time_Solve] Agent 73 has waiting time 162
[Waiting_time_Solve] Agent 74 has waiting time 188
[Waiting_time_Solve] Agent 75 has waiting time 65
[Waiting_time_Solve] Agent 76 has waiting time 46
[Waiting_time_Solve] Agent 77 has waiting time 117
[Waiting_time_Solve] Agent 78 has waiting time 115
[Waiting_time_Solve] Agent 79 has waiting time 21
[Waiting_time_Solve] Agent 80 has waiting time 5
[Waiting_time_Solve] Agent 81 has waiting time 138
[Waiting_time_Solve] Agent 82 has waiting time 179
[Waiting_time_Solve] Agent 83 has waiting time 39
[Waiting_time_Solve] Agent 84 has waiting time 85
[Waiting_time_Solve] Agent 85 has waiting time 134
[Waiting_time_Solve] Agent 86 has waiting time 152
[Waiting_time_Solve] Agent 87 has waiting time 88
[Waiting_time_Solve] Agent 88 has waiting time 95
[Waiting_time_Solve] Agent 89 has waiting time 125
[Waiting_time_Solve] Agent 90 has waiting time 82
[Waiting_time_Solve] Agent 91 has waiting time 157
[Waiting_time_Solve] Agent 92 has waiting time 124
[Waiting_time_Solve] Agent 93 has waiting time 177
[Waiting_time_Solve] Agent 94 has waiting time 17
[Waiting_time_Solve] Agent 95 has waiting time 123
[Waiting_time_Solve] Agent 96 has waiting time 90
[Waiting_time_Solve] Agent 97 has waiting time 65
[Waiting_time_Solve] Agent 98 has waiting time 32
[Waiting_time_Solve] Agent 99 has waiting time 65
[Waiting_time_Solve] Agent 100 has waiting time 27
[Waiting_time_Solve] Agent 101 has waiting time 162
[Waiting_time_Solve] Agent 102 has waiting time 50
[Waiting_time_Solve] Agent 103 has waiting time 135
[Waiting_time_Solve] Agent 104 has waiting time 187
[Waiting_time_Solve] Agent 105 has waiting time 89
[Waiting_time_Solve] Agent 106 has waiting time 139
[Waiting_time_Solve] Agent 107 has waiting time 167
[Waiting_time_Solve] Agent 108 has waiting time 156
[Waiting_time_Solve] Agent 109 has waiting time 31
[Waiting_time_Solve] Agent 110 has waiting time 65
[Waiting_time_Solve] Agent 111 has waiting time 60
[Waiting_time_Solve] Agent 112 has waiting time 44
[Waiting_time_Solve] Agent 113 has waiting time 172
[Waiting_time_Solve] Agent 114 has waiting time 12
[Waiting_time_Solve] Agent 115 has waiting time 127
[Waiting_time_Solve] Agent 116 has waiting time 177
[Waiting_time_Solve] Agent 117 has waiting time 46
[Waiting_time_Solve] Agent 118 has waiting time 7
[Waiting_time_Solve] Agent 119 has waiting time 107
[Waiting_time_Solve] Agent 120 has waiting time 75
[Waiting_time_Solve] Agent 121 has waiting time 135
[Waiting_time_Solve] Agent 122 has waiting time 88
[Waiting_time_Solve] Agent 123 has waiting time 36
[Waiting_time_Solve] Agent 124 has waiting time 18
[Waiting_time_Solve] Agent 125 has waiting time 68
[Waiting_time_Solve] Agent 126 has waiting time 92
[Waiting_time_Solve] Agent 127 has waiting time 59
[Waiting_time_Solve] Agent 128 has waiting time 149
[Waiting_time_Solve] Agent 129 has waiting time 33
[Waiting_time_Solve] Agent 130 has waiting time 54
[Waiting_time_Solve] Agent 131 has waiting time 32
[Waiting_time_Solve] Agent 132 has waiting time 186
[Waiting_time_Solve] Agent 133 has waiting time 79
[Waiting_time_Solve] Agent 134 has waiting time 17
[Waiting_time_Solve] Agent 135 has waiting time 82
[Waiting_time_Solve] Agent 136 has waiting time 73
[Waiting_time_Solve] Agent 137 has waiting time 161
[Waiting_time_Solve] Agent 138 has waiting time 148
[Waiting_time_Solve] Agent 139 has waiting time 171
[Waiting_time_Solve] Agent 140 has waiting time 154
[Waiting_time_Solve] Agent 141 has waiting time 96
[Waiting_time_Solve] Agent 142 has waiting time 37
[Waiting_time_Solve] Agent 143 has waiting time 63
[Waiting_time_Solve] Agent 144 has waiting time 32
[Waiting_time_Solve] Agent 145 has waiting time 182
[Waiting_time_Solve] Agent 146 has waiting time 129
[Waiting_time_Solve] Agent 147 has waiting time 158
[Waiting_time_Solve] Agent 148 has waiting time 8
[Waiting_time_Solve] Agent 149 has waiting time 132
[Waiting_time_Solve] Agent 150 has waiting time 51
[Waiting_time_Solve] Agent 151 has waiting time 105
[Waiting_time_Solve] Agent 152 has waiting time 34
[Waiting_time_Solve] Agent 153 has waiting time 185
[Waiting_time_Solve] Agent 154 has waiting time 17
[Waiting_time_Solve] Agent 155 has waiting time 143
[Waiting_time_Solve] Agent 156 has waiting time 169
[Waiting_time_Solve] Agent 157 has waiting time 177
[Waiting_time_Solve] Agent 158 has waiting time 12
[Waiting_time_Solve] Agent 159 has waiting time 77
[Waiting_time_Solve] Agent 160 has waiting time 132
[Waiting_time_Solve] Agent 161 has waiting time 21
[Waiting_time_Solve] Agent 162 has waiting time 26
[Waiting_time_Solve] Agent 163 has waiting time 137
[Waiting_time_Solve] Agent 164 has waiting time 78
[Waiting_time_Solve] Agent 165 has waiting time 57
[Waiting_time_Solve] Agent 166 has waiting time 155
[Waiting_time_Solve] Agent 167 has waiting time 148
[Waiting_time_Solve] Agent 168 has waiting time 145
[Waiting_time_Solve] Agent 169 has waiting time 4
[Waiting_time_Solve] Agent 170 has waiting time 133
[Waiting_time_Solve] Agent 171 has waiting time 2
[Waiting_time_Solve] Agent 172 has waiting time 84
[Waiting_time_Solve] Agent 173 has waiting time 109
[Waiting_time_Solve] Agent 174 has waiting time 166
[Waiting_time_Solve] Agent 175 has waiting time 3
[Waiting_time_Solve] Agent 176 has waiting time 114
[Waiting_time_Solve] Agent 177 has waiting time 40
[Waiting_time_Solve] Agent 178 has waiting time 85
[Waiting_time_Solve] Agent 179 has waiting time 11
[Waiting_time_Solve] Agent 180 has waiting time 182
[Waiting_time_Solve] Agent 181 has waiting time 70
[Waiting_time_Solve] Agent 182 has waiting time 135
[Waiting_time_Solve] Agent 183 has waiting time 83
[Waiting_time_Solve] Agent 184 has waiting time 20
[Waiting_time_Solve] Agent 185 has waiting time 42
[Waiting_time_Solve] Agent 186 has waiting time 42
[Waiting_time_Solve] Agent 187 has waiting time 173
[Waiting_time_Solve] Agent 188 has waiting time 132
[Waiting_time_Solve] Agent 189 has waiting time 44
[Waiting_time_Solve] Agent 190 has waiting time 32
[Waiting_time_Solve] Agent 191 has waiting time 92
[Waiting_time_Solve] Agent 192 has waiting time 43
[Waiting_time_Solve] Agent 193 has waiting time 36
[Waiting_time_Solve] Agent 194 has waiting time 85
[Waiting_time_Solve] Agent 195 has waiting time 162
[Waiting_time_Solve] Agent 196 has waiting time 175
[Waiting_time_Solve] Agent 197 has waiting time 181
[Waiting_time_Solve] Agent 198 has waiting time 23
[Waiting_time_Solve] Agent 199 has waiting time 118
[Waiting_time_Solve] Total available waiting time: 18525
[Waiting_time_Solve] Max iterations: 18525
[Waiting_time_Solve] Iteration 0...
[SAT] Start solving CNF: 20 clauses and 11 variables
[SAT] Agent 84 entry time: 0 exit time: 3
[SAT] Agent 55 entry time: 0 exit time: 3

[SAT] Start time: 0 End time: 3

[SAT] Solving local zone with SAT iteration 1...
[SAT] Local CNF: 20 clauses 

DEBUG: Adding 20 new clauses to MiniSAT (incremental run)
DEBUG: Clause load summary: input=20, added=20, tautologies_skipped=0, duplicates_skipped=0, unit_clauses=5, empties=0, intra_clause_literals_removed=0, added_but_db_unchanged=5
DEBUG: After adding clauses, solver has 10 clauses and 11 variables
DEBUG: MiniSAT found 11 variables
DEBUG: Assignment size: 11
DEBUG: First few assignment values: 1 0 1 1 1 1 1 0 1 0 

=== DEBUG: cnf_assignment_to_paths ===
Input assignment size: 11

=== END DEBUG ===
[SAT] Found 0 vertex collisions and 0 edge collisions
[SAT] Found collision-free local solution!
[Waiting_time_Solve] Solution found, updating global solution
[LNS] Updating global solution with pseudo-agent local paths...
[Current_Solution] Updating global solution for agent 84
[Current_Solution] Global solution is consistent after updating with local path
[LNS] Successfully updated global solution with pseudo-agent local paths!
[Current_Solution] Updating global solution for agent 55
[Current_Solution] Global solution is consistent after updating with local path
[LNS] Successfully updated global solution with pseudo-agent local paths!
[LNS] Updating path map with new local paths...
[LNS] Successfully updated global solution with local paths and pseudo agents!
[Solve_local_zone] Successfully solved local zone
[Solve_local_zone] Final local zone size: 8 (0.219419% of all walkable positions)
[LNS] Successfully solved local zone
[LNS] Analyzing conflicts...
[LNS] Current solution: vertex collisions=5111, edge collisions=510
[LNS] Creating conflict buckets...
[LOCAL ZONE] Building diamond bucket for conflict 0
[LOCAL ZONE] Built diamond bucket for conflict 0 with 5 positions, 1 conflicts, 1 - 1 time window
[LOCAL ZONE] Building diamond bucket for conflict 1
[LOCAL ZONE] Built diamond bucket for conflict 1 with 5 positions, 1 conflicts, 1 - 1 time window
[LNS] Selected most relevant bucket 0 with time window: 1 - 1, 1 conflicts and 5 positions.
[LNS] Solving the best bucket Local Zone...
[Solve_local_zone] Current local zone size: 5 (0.137137% of all walkable positions)
[Solve_local_zone] Local zone time window: [0, 2]
[Waiting_time_Solve] Agent 0 has waiting time 87
[Waiting_time_Solve] Agent 1 has waiting time 57
[Waiting_time_Solve] Agent 2 has waiting time 107
[Waiting_time_Solve] Agent 3 has waiting time 11
[Waiting_time_Solve] Agent 4 has waiting time 179
[Waiting_time_Solve] Agent 5 has waiting time 161
[Waiting_time_Solve] Agent 6 has waiting time 97
[Waiting_time_Solve] Agent 7 has waiting time 154
[Waiting_time_Solve] Agent 8 has waiting time 74
[Waiting_time_Solve] Agent 9 has waiting time 3
[Waiting_time_Solve] Agent 10 has waiting time 0
[Waiting_time_Solve] Agent 11 has waiting time 117
[Waiting_time_Solve] Agent 12 has waiting time 120
[Waiting_time_Solve] Agent 13 has waiting time 2
[Waiting_time_Solve] Agent 14 has waiting time 107
[Waiting_time_Solve] Agent 15 has waiting time 164
[Waiting_time_Solve] Agent 16 has waiting time 165
[Waiting_time_Solve] Agent 17 has waiting time 170
[Waiting_time_Solve] Agent 18 has waiting time 116
[Waiting_time_Solve] Agent 19 has waiting time 103
[Waiting_time_Solve] Agent 20 has waiting time 25
[Waiting_time_Solve] Agent 21 has waiting time 92
[Waiting_time_Solve] Agent 22 has waiting time 117
[Waiting_time_Solve] Agent 23 has waiting time 88
[Waiting_time_Solve] Agent 24 has waiting time 117
[Waiting_time_Solve] Agent 25 has waiting time 160
[Waiting_time_Solve] Agent 26 has waiting time 74
[Waiting_time_Solve] Agent 27 has waiting time 27
[Waiting_time_Solve] Agent 28 has waiting time 114
[Waiting_time_Solve] Agent 29 has waiting time 65
[Waiting_time_Solve] Agent 30 has waiting time 8
[Waiting_time_Solve] Agent 31 has waiting time 10
[Waiting_time_Solve] Agent 32 has waiting time 100
[Waiting_time_Solve] Agent 33 has waiting time 134
[Waiting_time_Solve] Agent 34 has waiting time 27
[Waiting_time_Solve] Agent 35 has waiting time 176
[Waiting_time_Solve] Agent 36 has waiting time 61
[Waiting_time_Solve] Agent 37 has waiting time 82
[Waiting_time_Solve] Agent 38 has waiting time 11
[Waiting_time_Solve] Agent 39 has waiting time 55
[Waiting_time_Solve] Agent 40 has waiting time 40
[Waiting_time_Solve] Agent 41 has waiting time 116
[Waiting_time_Solve] Agent 42 has waiting time 123
[Waiting_time_Solve] Agent 43 has waiting time 129
[Waiting_time_Solve] Agent 44 has waiting time 179
[Waiting_time_Solve] Agent 45 has waiting time 0
[Waiting_time_Solve] Agent 46 has waiting time 116
[Waiting_time_Solve] Agent 47 has waiting time 10
[Waiting_time_Solve] Agent 48 has waiting time 178
[Waiting_time_Solve] Agent 49 has waiting time 37
[Waiting_time_Solve] Agent 50 has waiting time 47
[Waiting_time_Solve] Agent 51 has waiting time 183
[Waiting_time_Solve] Agent 52 has waiting time 139
[Waiting_time_Solve] Agent 53 has waiting time 29
[Waiting_time_Solve] Agent 54 has waiting time 123
[Waiting_time_Solve] Agent 55 has waiting time 177
[Waiting_time_Solve] Agent 56 has waiting time 21
[Waiting_time_Solve] Agent 57 has waiting time 111
[Waiting_time_Solve] Agent 58 has waiting time 45
[Waiting_time_Solve] Agent 59 has waiting time 103
[Waiting_time_Solve] Agent 60 has waiting time 93
[Waiting_time_Solve] Agent 61 has waiting time 128
[Waiting_time_Solve] Agent 62 has waiting time 148
[Waiting_time_Solve] Agent 63 has waiting time 134
[Waiting_time_Solve] Agent 64 has waiting time 117
[Waiting_time_Solve] Agent 65 has waiting time 35
[Waiting_time_Solve] Agent 66 has waiting time 106
[Waiting_time_Solve] Agent 67 has waiting time 41
[Waiting_time_Solve] Agent 68 has waiting time 78
[Waiting_time_Solve] Agent 69 has waiting time 67
[Waiting_time_Solve] Agent 70 has waiting time 135
[Waiting_time_Solve] Agent 71 has waiting time 57
[Waiting_time_Solve] Agent 72 has waiting time 60
[Waiting_time_Solve] Agent 73 has waiting time 162
[Waiting_time_Solve] Agent 74 has waiting time 188
[Waiting_time_Solve] Agent 75 has waiting time 65
[Waiting_time_Solve] Agent 76 has waiting time 46
[Waiting_time_Solve] Agent 77 has waiting time 117
[Waiting_time_Solve] Agent 78 has waiting time 115
[Waiting_time_Solve] Agent 79 has waiting time 21
[Waiting_time_Solve] Agent 80 has waiting time 5
[Waiting_time_Solve] Agent 81 has waiting time 138
[Waiting_time_Solve] Agent 82 has waiting time 179
[Waiting_time_Solve] Agent 83 has waiting time 39
[Waiting_time_Solve] Agent 84 has waiting time 85
[Waiting_time_Solve] Agent 85 has waiting time 134
[Waiting_time_Solve] Agent 86 has waiting time 152
[Waiting_time_Solve] Agent 87 has waiting time 88
[Waiting_time_Solve] Agent 88 has waiting time 95
[Waiting_time_Solve] Agent 89 has waiting time 125
[Waiting_time_Solve] Agent 90 has waiting time 82
[Waiting_time_Solve] Agent 91 has waiting time 157
[Waiting_time_Solve] Agent 92 has waiting time 124
[Waiting_time_Solve] Agent 93 has waiting time 177
[Waiting_time_Solve] Agent 94 has waiting time 17
[Waiting_time_Solve] Agent 95 has waiting time 123
[Waiting_time_Solve] Agent 96 has waiting time 90
[Waiting_time_Solve] Agent 97 has waiting time 65
[Waiting_time_Solve] Agent 98 has waiting time 32
[Waiting_time_Solve] Agent 99 has waiting time 65
[Waiting_time_Solve] Agent 100 has waiting time 27
[Waiting_time_Solve] Agent 101 has waiting time 162
[Waiting_time_Solve] Agent 102 has waiting time 50
[Waiting_time_Solve] Agent 103 has waiting time 135
[Waiting_time_Solve] Agent 104 has waiting time 187
[Waiting_time_Solve] Agent 105 has waiting time 89
[Waiting_time_Solve] Agent 106 has waiting time 139
[Waiting_time_Solve] Agent 107 has waiting time 167
[Waiting_time_Solve] Agent 108 has waiting time 156
[Waiting_time_Solve] Agent 109 has waiting time 31
[Waiting_time_Solve] Agent 110 has waiting time 65
[Waiting_time_Solve] Agent 111 has waiting time 60
[Waiting_time_Solve] Agent 112 has waiting time 44
[Waiting_time_Solve] Agent 113 has waiting time 172
[Waiting_time_Solve] Agent 114 has waiting time 12
[Waiting_time_Solve] Agent 115 has waiting time 127
[Waiting_time_Solve] Agent 116 has waiting time 177
[Waiting_time_Solve] Agent 117 has waiting time 46
[Waiting_time_Solve] Agent 118 has waiting time 7
[Waiting_time_Solve] Agent 119 has waiting time 107
[Waiting_time_Solve] Agent 120 has waiting time 75
[Waiting_time_Solve] Agent 121 has waiting time 135
[Waiting_time_Solve] Agent 122 has waiting time 88
[Waiting_time_Solve] Agent 123 has waiting time 36
[Waiting_time_Solve] Agent 124 has waiting time 18
[Waiting_time_Solve] Agent 125 has waiting time 68
[Waiting_time_Solve] Agent 126 has waiting time 92
[Waiting_time_Solve] Agent 127 has waiting time 59
[Waiting_time_Solve] Agent 128 has waiting time 149
[Waiting_time_Solve] Agent 129 has waiting time 33
[Waiting_time_Solve] Agent 130 has waiting time 54
[Waiting_time_Solve] Agent 131 has waiting time 32
[Waiting_time_Solve] Agent 132 has waiting time 186
[Waiting_time_Solve] Agent 133 has waiting time 79
[Waiting_time_Solve] Agent 134 has waiting time 17
[Waiting_time_Solve] Agent 135 has waiting time 82
[Waiting_time_Solve] Agent 136 has waiting time 73
[Waiting_time_Solve] Agent 137 has waiting time 161
[Waiting_time_Solve] Agent 138 has waiting time 148
[Waiting_time_Solve] Agent 139 has waiting time 171
[Waiting_time_Solve] Agent 140 has waiting time 154
[Waiting_time_Solve] Agent 141 has waiting time 96
[Waiting_time_Solve] Agent 142 has waiting time 37
[Waiting_time_Solve] Agent 143 has waiting time 63
[Waiting_time_Solve] Agent 144 has waiting time 32
[Waiting_time_Solve] Agent 145 has waiting time 182
[Waiting_time_Solve] Agent 146 has waiting time 129
[Waiting_time_Solve] Agent 147 has waiting time 158
[Waiting_time_Solve] Agent 148 has waiting time 8
[Waiting_time_Solve] Agent 149 has waiting time 132
[Waiting_time_Solve] Agent 150 has waiting time 51
[Waiting_time_Solve] Agent 151 has waiting time 105
[Waiting_time_Solve] Agent 152 has waiting time 34
[Waiting_time_Solve] Agent 153 has waiting time 185
[Waiting_time_Solve] Agent 154 has waiting time 17
[Waiting_time_Solve] Agent 155 has waiting time 143
[Waiting_time_Solve] Agent 156 has waiting time 169
[Waiting_time_Solve] Agent 157 has waiting time 177
[Waiting_time_Solve] Agent 158 has waiting time 12
[Waiting_time_Solve] Agent 159 has waiting time 77
[Waiting_time_Solve] Agent 160 has waiting time 132
[Waiting_time_Solve] Agent 161 has waiting time 21
[Waiting_time_Solve] Agent 162 has waiting time 26
[Waiting_time_Solve] Agent 163 has waiting time 137
[Waiting_time_Solve] Agent 164 has waiting time 78
[Waiting_time_Solve] Agent 165 has waiting time 57
[Waiting_time_Solve] Agent 166 has waiting time 155
[Waiting_time_Solve] Agent 167 has waiting time 148
[Waiting_time_Solve] Agent 168 has waiting time 145
[Waiting_time_Solve] Agent 169 has waiting time 4
[Waiting_time_Solve] Agent 170 has waiting time 133
[Waiting_time_Solve] Agent 171 has waiting time 2
[Waiting_time_Solve] Agent 172 has waiting time 84
[Waiting_time_Solve] Agent 173 has waiting time 109
[Waiting_time_Solve] Agent 174 has waiting time 166
[Waiting_time_Solve] Agent 175 has waiting time 3
[Waiting_time_Solve] Agent 176 has waiting time 114
[Waiting_time_Solve] Agent 177 has waiting time 40
[Waiting_time_Solve] Agent 178 has waiting time 85
[Waiting_time_Solve] Agent 179 has waiting time 11
[Waiting_time_Solve] Agent 180 has waiting time 182
[Waiting_time_Solve] Agent 181 has waiting time 70
[Waiting_time_Solve] Agent 182 has waiting time 135
[Waiting_time_Solve] Agent 183 has waiting time 83
[Waiting_time_Solve] Agent 184 has waiting time 20
[Waiting_time_Solve] Agent 185 has waiting time 42
[Waiting_time_Solve] Agent 186 has waiting time 42
[Waiting_time_Solve] Agent 187 has waiting time 173
[Waiting_time_Solve] Agent 188 has waiting time 132
[Waiting_time_Solve] Agent 189 has waiting time 44
[Waiting_time_Solve] Agent 190 has waiting time 32
[Waiting_time_Solve] Agent 191 has waiting time 92
[Waiting_time_Solve] Agent 192 has waiting time 43
[Waiting_time_Solve] Agent 193 has waiting time 36
[Waiting_time_Solve] Agent 194 has waiting time 85
[Waiting_time_Solve] Agent 195 has waiting time 162
[Waiting_time_Solve] Agent 196 has waiting time 175
[Waiting_time_Solve] Agent 197 has waiting time 181
[Waiting_time_Solve] Agent 198 has waiting time 23
[Waiting_time_Solve] Agent 199 has waiting time 118
[Waiting_time_Solve] Total available waiting time: 18525
[Waiting_time_Solve] Max iterations: 18525
[Waiting_time_Solve] Iteration 0...
[SAT] Start solving CNF: 12 clauses and 8 variables
[SAT] Agent 196 entry time: 1 exit time: 1
[SAT] Agent 137 entry time: 0 exit time: 2
[SAT] Agent 81 entry time: 0 exit time: 2
[SAT] Agent 43 entry time: 2 exit time: 2

[SAT] Start time: 0 End time: 2

[SAT] Solving local zone with SAT iteration 1...
[SAT] Local CNF: 12 clauses 

DEBUG: Adding 12 new clauses to MiniSAT (incremental run)
DEBUG: Clause load summary: input=12, added=12, tautologies_skipped=0, duplicates_skipped=0, unit_clauses=8, empties=0, intra_clause_literals_removed=0, added_but_db_unchanged=4
DEBUG: After adding clauses, solver has 0 clauses and 8 variables
DEBUG: MiniSAT found 8 variables
DEBUG: Assignment size: 8
DEBUG: First few assignment values: 1 1 1 1 1 1 1 1 

=== DEBUG: cnf_assignment_to_paths ===
Input assignment size: 8

=== END DEBUG ===
[SAT] Found 1 vertex collisions and 0 edge collisions
[SAT] Adding collision clauses and solving again...
[SAT] Solving local zone with SAT iteration 2...
[SAT] Local CNF: 13 clauses 

DEBUG: Adding 1 new clauses to MiniSAT (incremental run)
[SAT] Previous assignment invalidated by new clauses, reset solver and retrying without assumptions...
DEBUG: Adding 13 new clauses to MiniSAT (incremental run)
[SAT] Local problem appears to be unsatisfiable in current zone
[Waiting_time_Solve] No solution found, trying to apply waiting time:1
[Waiting_time_Solve] Applying waiting time 1 to agent 137 who has waiting time 161
[Waiting_time_Solve] New path is consistent after applying waiting time for agent 137
[Current_Solution] Agent 137 used 1 waiting timesteps, 160 remaining
[Waiting_time_Solve] Applied 1 waiting time  for agent 137 who has waiting time 160
[Waiting_time_Solve] ALL Waiting time applied
[Waiting_time_Solve] Extended Zone end time from 2 to 3
[Waiting_time_Solve] Iteration 1...
[SAT] Start solving CNF: 20 clauses and 12 variables
[SAT] Agent 196 entry time: 1 exit time: 1
[SAT] Agent 137 entry time: 0 exit time: 3
[SAT] Agent 81 entry time: 0 exit time: 2
[SAT] Agent 43 entry time: 2 exit time: 3

[SAT] Start time: 0 End time: 3

[SAT] Solving local zone with SAT iteration 1...
[SAT] Local CNF: 21 clauses 

DEBUG: Adding 21 new clauses to MiniSAT (incremental run)
DEBUG: Clause load summary: input=21, added=21, tautologies_skipped=0, duplicates_skipped=0, unit_clauses=8, empties=0, intra_clause_literals_removed=0, added_but_db_unchanged=6
DEBUG: After adding clauses, solver has 7 clauses and 12 variables
DEBUG: MiniSAT found 12 variables
DEBUG: Assignment size: 12
DEBUG: First few assignment values: 1 1 0 1 0 1 1 1 1 1 

=== DEBUG: cnf_assignment_to_paths ===
Input assignment size: 12

=== END DEBUG ===
[SAT] Found 0 vertex collisions and 0 edge collisions
[SAT] Found collision-free local solution!
[Waiting_time_Solve] Solution found, updating global solution
[LNS] Updating global solution with pseudo-agent local paths...
[Current_Solution] Updating global solution for agent 196
[Current_Solution] Global solution is consistent after updating with local path
[LNS] Successfully updated global solution with pseudo-agent local paths!
[Current_Solution] Updating global solution for agent 137
[Current_Solution] INFO: Segment 137 exit adjusted from 2 to 3 due to waiting time
[Current_Solution] Segment 137 lengthened by 1 timesteps; shifting suffix
[Current_Solution] Global solution is consistent before shifting suffix
[Current_Solution] Global solution is consistent after shifting suffix
[Current_Solution] Global solution is consistent after updating with local path
[LNS] Successfully updated global solution with pseudo-agent local paths!
[Current_Solution] Updating global solution for agent 81
[Current_Solution] Global solution is consistent after updating with local path
[LNS] Successfully updated global solution with pseudo-agent local paths!
[Current_Solution] Updating global solution for agent 43
[Current_Solution] INFO: Segment 43 exit adjusted from 2 to 3 due to waiting time
[Current_Solution] Segment 43 lengthened by 1 timesteps; shifting suffix
[Current_Solution] Global solution is consistent before shifting suffix
[Current_Solution] Global solution is consistent after shifting suffix
[Current_Solution] Global solution is consistent after updating with local path
[LNS] Successfully updated global solution with pseudo-agent local paths!
[LNS] Updating path map with new local paths...
[LNS] Successfully updated global solution with local paths and pseudo agents!
[Solve_local_zone] Successfully solved local zone
[Solve_local_zone] Final local zone size: 5 (0.137137% of all walkable positions)
[LNS] Successfully solved local zone
[LNS] Analyzing conflicts...
[LNS] Current solution: vertex collisions=5109, edge collisions=510
[LNS] Creating conflict buckets...
[LOCAL ZONE] Building diamond bucket for conflict 0
[LOCAL ZONE] Built diamond bucket for conflict 0 with 5 positions, 1 conflicts, 1 - 1 time window
[LNS] Selected most relevant bucket 0 with time window: 1 - 1, 1 conflicts and 5 positions.
[LNS] Solving the best bucket Local Zone...
[Solve_local_zone] Current local zone size: 5 (0.137137% of all walkable positions)
[Solve_local_zone] Local zone time window: [0, 2]
[Waiting_time_Solve] Agent 0 has waiting time 87
[Waiting_time_Solve] Agent 1 has waiting time 57
[Waiting_time_Solve] Agent 2 has waiting time 107
[Waiting_time_Solve] Agent 3 has waiting time 11
[Waiting_time_Solve] Agent 4 has waiting time 179
[Waiting_time_Solve] Agent 5 has waiting time 161
[Waiting_time_Solve] Agent 6 has waiting time 97
[Waiting_time_Solve] Agent 7 has waiting time 154
[Waiting_time_Solve] Agent 8 has waiting time 74
[Waiting_time_Solve] Agent 9 has waiting time 3
[Waiting_time_Solve] Agent 10 has waiting time 0
[Waiting_time_Solve] Agent 11 has waiting time 117
[Waiting_time_Solve] Agent 12 has waiting time 120
[Waiting_time_Solve] Agent 13 has waiting time 2
[Waiting_time_Solve] Agent 14 has waiting time 107
[Waiting_time_Solve] Agent 15 has waiting time 164
[Waiting_time_Solve] Agent 16 has waiting time 165
[Waiting_time_Solve] Agent 17 has waiting time 170
[Waiting_time_Solve] Agent 18 has waiting time 116
[Waiting_time_Solve] Agent 19 has waiting time 103
[Waiting_time_Solve] Agent 20 has waiting time 25
[Waiting_time_Solve] Agent 21 has waiting time 92
[Waiting_time_Solve] Agent 22 has waiting time 117
[Waiting_time_Solve] Agent 23 has waiting time 88
[Waiting_time_Solve] Agent 24 has waiting time 117
[Waiting_time_Solve] Agent 25 has waiting time 160
[Waiting_time_Solve] Agent 26 has waiting time 74
[Waiting_time_Solve] Agent 27 has waiting time 27
[Waiting_time_Solve] Agent 28 has waiting time 114
[Waiting_time_Solve] Agent 29 has waiting time 65
[Waiting_time_Solve] Agent 30 has waiting time 8
[Waiting_time_Solve] Agent 31 has waiting time 10
[Waiting_time_Solve] Agent 32 has waiting time 100
[Waiting_time_Solve] Agent 33 has waiting time 134
[Waiting_time_Solve] Agent 34 has waiting time 27
[Waiting_time_Solve] Agent 35 has waiting time 176
[Waiting_time_Solve] Agent 36 has waiting time 61
[Waiting_time_Solve] Agent 37 has waiting time 82
[Waiting_time_Solve] Agent 38 has waiting time 11
[Waiting_time_Solve] Agent 39 has waiting time 55
[Waiting_time_Solve] Agent 40 has waiting time 40
[Waiting_time_Solve] Agent 41 has waiting time 116
[Waiting_time_Solve] Agent 42 has waiting time 123
[Waiting_time_Solve] Agent 43 has waiting time 129
[Waiting_time_Solve] Agent 44 has waiting time 179
[Waiting_time_Solve] Agent 45 has waiting time 0
[Waiting_time_Solve] Agent 46 has waiting time 116
[Waiting_time_Solve] Agent 47 has waiting time 10
[Waiting_time_Solve] Agent 48 has waiting time 178
[Waiting_time_Solve] Agent 49 has waiting time 37
[Waiting_time_Solve] Agent 50 has waiting time 47
[Waiting_time_Solve] Agent 51 has waiting time 183
[Waiting_time_Solve] Agent 52 has waiting time 139
[Waiting_time_Solve] Agent 53 has waiting time 29
[Waiting_time_Solve] Agent 54 has waiting time 123
[Waiting_time_Solve] Agent 55 has waiting time 177
[Waiting_time_Solve] Agent 56 has waiting time 21
[Waiting_time_Solve] Agent 57 has waiting time 111
[Waiting_time_Solve] Agent 58 has waiting time 45
[Waiting_time_Solve] Agent 59 has waiting time 103
[Waiting_time_Solve] Agent 60 has waiting time 93
[Waiting_time_Solve] Agent 61 has waiting time 128
[Waiting_time_Solve] Agent 62 has waiting time 148
[Waiting_time_Solve] Agent 63 has waiting time 134
[Waiting_time_Solve] Agent 64 has waiting time 117
[Waiting_time_Solve] Agent 65 has waiting time 35
[Waiting_time_Solve] Agent 66 has waiting time 106
[Waiting_time_Solve] Agent 67 has waiting time 41
[Waiting_time_Solve] Agent 68 has waiting time 78
[Waiting_time_Solve] Agent 69 has waiting time 67
[Waiting_time_Solve] Agent 70 has waiting time 135
[Waiting_time_Solve] Agent 71 has waiting time 57
[Waiting_time_Solve] Agent 72 has waiting time 60
[Waiting_time_Solve] Agent 73 has waiting time 162
[Waiting_time_Solve] Agent 74 has waiting time 188
[Waiting_time_Solve] Agent 75 has waiting time 65
[Waiting_time_Solve] Agent 76 has waiting time 46
[Waiting_time_Solve] Agent 77 has waiting time 117
[Waiting_time_Solve] Agent 78 has waiting time 115
[Waiting_time_Solve] Agent 79 has waiting time 21
[Waiting_time_Solve] Agent 80 has waiting time 5
[Waiting_time_Solve] Agent 81 has waiting time 138
[Waiting_time_Solve] Agent 82 has waiting time 179
[Waiting_time_Solve] Agent 83 has waiting time 39
[Waiting_time_Solve] Agent 84 has waiting time 85
[Waiting_time_Solve] Agent 85 has waiting time 134
[Waiting_time_Solve] Agent 86 has waiting time 152
[Waiting_time_Solve] Agent 87 has waiting time 88
[Waiting_time_Solve] Agent 88 has waiting time 95
[Waiting_time_Solve] Agent 89 has waiting time 125
[Waiting_time_Solve] Agent 90 has waiting time 82
[Waiting_time_Solve] Agent 91 has waiting time 157
[Waiting_time_Solve] Agent 92 has waiting time 124
[Waiting_time_Solve] Agent 93 has waiting time 177
[Waiting_time_Solve] Agent 94 has waiting time 17
[Waiting_time_Solve] Agent 95 has waiting time 123
[Waiting_time_Solve] Agent 96 has waiting time 90
[Waiting_time_Solve] Agent 97 has waiting time 65
[Waiting_time_Solve] Agent 98 has waiting time 32
[Waiting_time_Solve] Agent 99 has waiting time 65
[Waiting_time_Solve] Agent 100 has waiting time 27
[Waiting_time_Solve] Agent 101 has waiting time 162
[Waiting_time_Solve] Agent 102 has waiting time 50
[Waiting_time_Solve] Agent 103 has waiting time 135
[Waiting_time_Solve] Agent 104 has waiting time 187
[Waiting_time_Solve] Agent 105 has waiting time 89
[Waiting_time_Solve] Agent 106 has waiting time 139
[Waiting_time_Solve] Agent 107 has waiting time 167
[Waiting_time_Solve] Agent 108 has waiting time 156
[Waiting_time_Solve] Agent 109 has waiting time 31
[Waiting_time_Solve] Agent 110 has waiting time 65
[Waiting_time_Solve] Agent 111 has waiting time 60
[Waiting_time_Solve] Agent 112 has waiting time 44
[Waiting_time_Solve] Agent 113 has waiting time 172
[Waiting_time_Solve] Agent 114 has waiting time 12
[Waiting_time_Solve] Agent 115 has waiting time 127
[Waiting_time_Solve] Agent 116 has waiting time 177
[Waiting_time_Solve] Agent 117 has waiting time 46
[Waiting_time_Solve] Agent 118 has waiting time 7
[Waiting_time_Solve] Agent 119 has waiting time 107
[Waiting_time_Solve] Agent 120 has waiting time 75
[Waiting_time_Solve] Agent 121 has waiting time 135
[Waiting_time_Solve] Agent 122 has waiting time 88
[Waiting_time_Solve] Agent 123 has waiting time 36
[Waiting_time_Solve] Agent 124 has waiting time 18
[Waiting_time_Solve] Agent 125 has waiting time 68
[Waiting_time_Solve] Agent 126 has waiting time 92
[Waiting_time_Solve] Agent 127 has waiting time 59
[Waiting_time_Solve] Agent 128 has waiting time 149
[Waiting_time_Solve] Agent 129 has waiting time 33
[Waiting_time_Solve] Agent 130 has waiting time 54
[Waiting_time_Solve] Agent 131 has waiting time 32
[Waiting_time_Solve] Agent 132 has waiting time 186
[Waiting_time_Solve] Agent 133 has waiting time 79
[Waiting_time_Solve] Agent 134 has waiting time 17
[Waiting_time_Solve] Agent 135 has waiting time 82
[Waiting_time_Solve] Agent 136 has waiting time 73
[Waiting_time_Solve] Agent 137 has waiting time 160
[Waiting_time_Solve] Agent 138 has waiting time 148
[Waiting_time_Solve] Agent 139 has waiting time 171
[Waiting_time_Solve] Agent 140 has waiting time 154
[Waiting_time_Solve] Agent 141 has waiting time 96
[Waiting_time_Solve] Agent 142 has waiting time 37
[Waiting_time_Solve] Agent 143 has waiting time 63
[Waiting_time_Solve] Agent 144 has waiting time 32
[Waiting_time_Solve] Agent 145 has waiting time 182
[Waiting_time_Solve] Agent 146 has waiting time 129
[Waiting_time_Solve] Agent 147 has waiting time 158
[Waiting_time_Solve] Agent 148 has waiting time 8
[Waiting_time_Solve] Agent 149 has waiting time 132
[Waiting_time_Solve] Agent 150 has waiting time 51
[Waiting_time_Solve] Agent 151 has waiting time 105
[Waiting_time_Solve] Agent 152 has waiting time 34
[Waiting_time_Solve] Agent 153 has waiting time 185
[Waiting_time_Solve] Agent 154 has waiting time 17
[Waiting_time_Solve] Agent 155 has waiting time 143
[Waiting_time_Solve] Agent 156 has waiting time 169
[Waiting_time_Solve] Agent 157 has waiting time 177
[Waiting_time_Solve] Agent 158 has waiting time 12
[Waiting_time_Solve] Agent 159 has waiting time 77
[Waiting_time_Solve] Agent 160 has waiting time 132
[Waiting_time_Solve] Agent 161 has waiting time 21
[Waiting_time_Solve] Agent 162 has waiting time 26
[Waiting_time_Solve] Agent 163 has waiting time 137
[Waiting_time_Solve] Agent 164 has waiting time 78
[Waiting_time_Solve] Agent 165 has waiting time 57
[Waiting_time_Solve] Agent 166 has waiting time 155
[Waiting_time_Solve] Agent 167 has waiting time 148
[Waiting_time_Solve] Agent 168 has waiting time 145
[Waiting_time_Solve] Agent 169 has waiting time 4
[Waiting_time_Solve] Agent 170 has waiting time 133
[Waiting_time_Solve] Agent 171 has waiting time 2
[Waiting_time_Solve] Agent 172 has waiting time 84
[Waiting_time_Solve] Agent 173 has waiting time 109
[Waiting_time_Solve] Agent 174 has waiting time 166
[Waiting_time_Solve] Agent 175 has waiting time 3
[Waiting_time_Solve] Agent 176 has waiting time 114
[Waiting_time_Solve] Agent 177 has waiting time 40
[Waiting_time_Solve] Agent 178 has waiting time 85
[Waiting_time_Solve] Agent 179 has waiting time 11
[Waiting_time_Solve] Agent 180 has waiting time 182
[Waiting_time_Solve] Agent 181 has waiting time 70
[Waiting_time_Solve] Agent 182 has waiting time 135
[Waiting_time_Solve] Agent 183 has waiting time 83
[Waiting_time_Solve] Agent 184 has waiting time 20
[Waiting_time_Solve] Agent 185 has waiting time 42
[Waiting_time_Solve] Agent 186 has waiting time 42
[Waiting_time_Solve] Agent 187 has waiting time 173
[Waiting_time_Solve] Agent 188 has waiting time 132
[Waiting_time_Solve] Agent 189 has waiting time 44
[Waiting_time_Solve] Agent 190 has waiting time 32
[Waiting_time_Solve] Agent 191 has waiting time 92
[Waiting_time_Solve] Agent 192 has waiting time 43
[Waiting_time_Solve] Agent 193 has waiting time 36
[Waiting_time_Solve] Agent 194 has waiting time 85
[Waiting_time_Solve] Agent 195 has waiting time 162
[Waiting_time_Solve] Agent 196 has waiting time 175
[Waiting_time_Solve] Agent 197 has waiting time 181
[Waiting_time_Solve] Agent 198 has waiting time 23
[Waiting_time_Solve] Agent 199 has waiting time 118
[Waiting_time_Solve] Total available waiting time: 18524
[Waiting_time_Solve] Max iterations: 18524
[Waiting_time_Solve] Iteration 0...
[SAT] Start solving CNF: 10 clauses and 6 variables
[SAT] Agent 110 entry time: 0 exit time: 2
[SAT] Agent 44 entry time: 0 exit time: 2

[SAT] Start time: 0 End time: 2

[SAT] Solving local zone with SAT iteration 1...
[SAT] Local CNF: 10 clauses 

DEBUG: Adding 10 new clauses to MiniSAT (incremental run)
DEBUG: Clause load summary: input=10, added=10, tautologies_skipped=0, duplicates_skipped=0, unit_clauses=6, empties=0, intra_clause_literals_removed=0, added_but_db_unchanged=4
DEBUG: After adding clauses, solver has 0 clauses and 6 variables
DEBUG: MiniSAT found 6 variables
DEBUG: Assignment size: 6
DEBUG: First few assignment values: 1 1 1 1 1 1 

=== DEBUG: cnf_assignment_to_paths ===
Input assignment size: 6

=== END DEBUG ===
[SAT] Found 1 vertex collisions and 0 edge collisions
[SAT] Adding collision clauses and solving again...
[SAT] Solving local zone with SAT iteration 2...
[SAT] Local CNF: 11 clauses 

DEBUG: Adding 1 new clauses to MiniSAT (incremental run)
[SAT] Previous assignment invalidated by new clauses, reset solver and retrying without assumptions...
DEBUG: Adding 11 new clauses to MiniSAT (incremental run)
[SAT] Local problem appears to be unsatisfiable in current zone
[Waiting_time_Solve] No solution found, trying to apply waiting time:1
[Waiting_time_Solve] Applying waiting time 1 to agent 44 who has waiting time 179
[Waiting_time_Solve] New path is consistent after applying waiting time for agent 44
[Current_Solution] Agent 44 used 1 waiting timesteps, 178 remaining
[Waiting_time_Solve] Applied 1 waiting time  for agent 44 who has waiting time 178
[Waiting_time_Solve] ALL Waiting time applied
[Waiting_time_Solve] Extended Zone end time from 2 to 3
[Create_Local_Problem] Agent 159 is new in the zone
[Waiting_time_Solve] Iteration 1...
[SAT] Start solving CNF: 17 clauses and 10 variables
[SAT] Agent 159 entry time: 3 exit time: 3
[SAT] Agent 110 entry time: 0 exit time: 2
[SAT] Agent 44 entry time: 0 exit time: 3

[SAT] Start time: 0 End time: 3

[SAT] Solving local zone with SAT iteration 1...
[SAT] Local CNF: 18 clauses 

DEBUG: Adding 18 new clauses to MiniSAT (incremental run)
DEBUG: Clause load summary: input=18, added=18, tautologies_skipped=0, duplicates_skipped=0, unit_clauses=6, empties=0, intra_clause_literals_removed=0, added_but_db_unchanged=5
DEBUG: After adding clauses, solver has 7 clauses and 10 variables
DEBUG: MiniSAT found 10 variables
DEBUG: Assignment size: 10
DEBUG: First few assignment values: 1 1 1 1 1 0 1 0 1 1 

=== DEBUG: cnf_assignment_to_paths ===
Input assignment size: 10

=== END DEBUG ===
[SAT] Found 0 vertex collisions and 0 edge collisions
[SAT] Found collision-free local solution!
[Waiting_time_Solve] Solution found, updating global solution
[LNS] Updating global solution with pseudo-agent local paths...
[Current_Solution] Updating global solution for agent 159
[Current_Solution] Global solution is consistent after updating with local path
[LNS] Successfully updated global solution with pseudo-agent local paths!
[Current_Solution] Updating global solution for agent 110
[Current_Solution] Global solution is consistent after updating with local path
[LNS] Successfully updated global solution with pseudo-agent local paths!
[Current_Solution] Updating global solution for agent 44
[Current_Solution] INFO: Segment 44 exit adjusted from 2 to 3 due to waiting time
[Current_Solution] Segment 44 lengthened by 1 timesteps; shifting suffix
[Current_Solution] Global solution is consistent before shifting suffix
[Current_Solution] Global solution is consistent after shifting suffix
[Current_Solution] Global solution is consistent after updating with local path
[LNS] Successfully updated global solution with pseudo-agent local paths!
[LNS] Updating path map with new local paths...
[LNS] Successfully updated global solution with local paths and pseudo agents!
[Solve_local_zone] Successfully solved local zone
[Solve_local_zone] Final local zone size: 5 (0.137137% of all walkable positions)
[LNS] Successfully solved local zone
[LNS] Analyzing conflicts...
[LNS] Current solution: vertex collisions=5107, edge collisions=510
[LNS] Creating conflict buckets...
[LOCAL ZONE] Building diamond bucket for conflict 0
[LOCAL ZONE] Built diamond bucket for conflict 0 with 16 positions, 6 conflicts, 2 - 6 time window
[LOCAL ZONE] Building diamond bucket for conflict 1
[LOCAL ZONE] Built diamond bucket for conflict 1 with 13 positions, 5 conflicts, 2 - 6 time window
[LNS] Selected most relevant bucket 0 with time window: 2 - 6, 6 conflicts and 16 positions.
[LNS] Solving the best bucket Local Zone...
[Solve_local_zone] Current local zone size: 16 (0.438837% of all walkable positions)
[Solve_local_zone] Local zone time window: [1, 7]
[Waiting_time_Solve] Agent 0 has waiting time 87
[Waiting_time_Solve] Agent 1 has waiting time 57
[Waiting_time_Solve] Agent 2 has waiting time 107
[Waiting_time_Solve] Agent 3 has waiting time 11
[Waiting_time_Solve] Agent 4 has waiting time 179
[Waiting_time_Solve] Agent 5 has waiting time 161
[Waiting_time_Solve] Agent 6 has waiting time 97
[Waiting_time_Solve] Agent 7 has waiting time 154
[Waiting_time_Solve] Agent 8 has waiting time 74
[Waiting_time_Solve] Agent 9 has waiting time 3
[Waiting_time_Solve] Agent 10 has waiting time 0
[Waiting_time_Solve] Agent 11 has waiting time 117
[Waiting_time_Solve] Agent 12 has waiting time 120
[Waiting_time_Solve] Agent 13 has waiting time 2
[Waiting_time_Solve] Agent 14 has waiting time 107
[Waiting_time_Solve] Agent 15 has waiting time 164
[Waiting_time_Solve] Agent 16 has waiting time 165
[Waiting_time_Solve] Agent 17 has waiting time 170
[Waiting_time_Solve] Agent 18 has waiting time 116
[Waiting_time_Solve] Agent 19 has waiting time 103
[Waiting_time_Solve] Agent 20 has waiting time 25
[Waiting_time_Solve] Agent 21 has waiting time 92
[Waiting_time_Solve] Agent 22 has waiting time 117
[Waiting_time_Solve] Agent 23 has waiting time 88
[Waiting_time_Solve] Agent 24 has waiting time 117
[Waiting_time_Solve] Agent 25 has waiting time 160
[Waiting_time_Solve] Agent 26 has waiting time 74
[Waiting_time_Solve] Agent 27 has waiting time 27
[Waiting_time_Solve] Agent 28 has waiting time 114
[Waiting_time_Solve] Agent 29 has waiting time 65
[Waiting_time_Solve] Agent 30 has waiting time 8
[Waiting_time_Solve] Agent 31 has waiting time 10
[Waiting_time_Solve] Agent 32 has waiting time 100
[Waiting_time_Solve] Agent 33 has waiting time 134
[Waiting_time_Solve] Agent 34 has waiting time 27
[Waiting_time_Solve] Agent 35 has waiting time 176
[Waiting_time_Solve] Agent 36 has waiting time 61
[Waiting_time_Solve] Agent 37 has waiting time 82
[Waiting_time_Solve] Agent 38 has waiting time 11
[Waiting_time_Solve] Agent 39 has waiting time 55
[Waiting_time_Solve] Agent 40 has waiting time 40
[Waiting_time_Solve] Agent 41 has waiting time 116
[Waiting_time_Solve] Agent 42 has waiting time 123
[Waiting_time_Solve] Agent 43 has waiting time 129
[Waiting_time_Solve] Agent 44 has waiting time 178
[Waiting_time_Solve] Agent 45 has waiting time 0
[Waiting_time_Solve] Agent 46 has waiting time 116
[Waiting_time_Solve] Agent 47 has waiting time 10
[Waiting_time_Solve] Agent 48 has waiting time 178
[Waiting_time_Solve] Agent 49 has waiting time 37
[Waiting_time_Solve] Agent 50 has waiting time 47
[Waiting_time_Solve] Agent 51 has waiting time 183
[Waiting_time_Solve] Agent 52 has waiting time 139
[Waiting_time_Solve] Agent 53 has waiting time 29
[Waiting_time_Solve] Agent 54 has waiting time 123
[Waiting_time_Solve] Agent 55 has waiting time 177
[Waiting_time_Solve] Agent 56 has waiting time 21
[Waiting_time_Solve] Agent 57 has waiting time 111
[Waiting_time_Solve] Agent 58 has waiting time 45
[Waiting_time_Solve] Agent 59 has waiting time 103
[Waiting_time_Solve] Agent 60 has waiting time 93
[Waiting_time_Solve] Agent 61 has waiting time 128
[Waiting_time_Solve] Agent 62 has waiting time 148
[Waiting_time_Solve] Agent 63 has waiting time 134
[Waiting_time_Solve] Agent 64 has waiting time 117
[Waiting_time_Solve] Agent 65 has waiting time 35
[Waiting_time_Solve] Agent 66 has waiting time 106
[Waiting_time_Solve] Agent 67 has waiting time 41
[Waiting_time_Solve] Agent 68 has waiting time 78
[Waiting_time_Solve] Agent 69 has waiting time 67
[Waiting_time_Solve] Agent 70 has waiting time 135
[Waiting_time_Solve] Agent 71 has waiting time 57
[Waiting_time_Solve] Agent 72 has waiting time 60
[Waiting_time_Solve] Agent 73 has waiting time 162
[Waiting_time_Solve] Agent 74 has waiting time 188
[Waiting_time_Solve] Agent 75 has waiting time 65
[Waiting_time_Solve] Agent 76 has waiting time 46
[Waiting_time_Solve] Agent 77 has waiting time 117
[Waiting_time_Solve] Agent 78 has waiting time 115
[Waiting_time_Solve] Agent 79 has waiting time 21
[Waiting_time_Solve] Agent 80 has waiting time 5
[Waiting_time_Solve] Agent 81 has waiting time 138
[Waiting_time_Solve] Agent 82 has waiting time 179
[Waiting_time_Solve] Agent 83 has waiting time 39
[Waiting_time_Solve] Agent 84 has waiting time 85
[Waiting_time_Solve] Agent 85 has waiting time 134
[Waiting_time_Solve] Agent 86 has waiting time 152
[Waiting_time_Solve] Agent 87 has waiting time 88
[Waiting_time_Solve] Agent 88 has waiting time 95
[Waiting_time_Solve] Agent 89 has waiting time 125
[Waiting_time_Solve] Agent 90 has waiting time 82
[Waiting_time_Solve] Agent 91 has waiting time 157
[Waiting_time_Solve] Agent 92 has waiting time 124
[Waiting_time_Solve] Agent 93 has waiting time 177
[Waiting_time_Solve] Agent 94 has waiting time 17
[Waiting_time_Solve] Agent 95 has waiting time 123
[Waiting_time_Solve] Agent 96 has waiting time 90
[Waiting_time_Solve] Agent 97 has waiting time 65
[Waiting_time_Solve] Agent 98 has waiting time 32
[Waiting_time_Solve] Agent 99 has waiting time 65
[Waiting_time_Solve] Agent 100 has waiting time 27
[Waiting_time_Solve] Agent 101 has waiting time 162
[Waiting_time_Solve] Agent 102 has waiting time 50
[Waiting_time_Solve] Agent 103 has waiting time 135
[Waiting_time_Solve] Agent 104 has waiting time 187
[Waiting_time_Solve] Agent 105 has waiting time 89
[Waiting_time_Solve] Agent 106 has waiting time 139
[Waiting_time_Solve] Agent 107 has waiting time 167
[Waiting_time_Solve] Agent 108 has waiting time 156
[Waiting_time_Solve] Agent 109 has waiting time 31
[Waiting_time_Solve] Agent 110 has waiting time 65
[Waiting_time_Solve] Agent 111 has waiting time 60
[Waiting_time_Solve] Agent 112 has waiting time 44
[Waiting_time_Solve] Agent 113 has waiting time 172
[Waiting_time_Solve] Agent 114 has waiting time 12
[Waiting_time_Solve] Agent 115 has waiting time 127
[Waiting_time_Solve] Agent 116 has waiting time 177
[Waiting_time_Solve] Agent 117 has waiting time 46
[Waiting_time_Solve] Agent 118 has waiting time 7
[Waiting_time_Solve] Agent 119 has waiting time 107
[Waiting_time_Solve] Agent 120 has waiting time 75
[Waiting_time_Solve] Agent 121 has waiting time 135
[Waiting_time_Solve] Agent 122 has waiting time 88
[Waiting_time_Solve] Agent 123 has waiting time 36
[Waiting_time_Solve] Agent 124 has waiting time 18
[Waiting_time_Solve] Agent 125 has waiting time 68
[Waiting_time_Solve] Agent 126 has waiting time 92
[Waiting_time_Solve] Agent 127 has waiting time 59
[Waiting_time_Solve] Agent 128 has waiting time 149
[Waiting_time_Solve] Agent 129 has waiting time 33
[Waiting_time_Solve] Agent 130 has waiting time 54
[Waiting_time_Solve] Agent 131 has waiting time 32
[Waiting_time_Solve] Agent 132 has waiting time 186
[Waiting_time_Solve] Agent 133 has waiting time 79
[Waiting_time_Solve] Agent 134 has waiting time 17
[Waiting_time_Solve] Agent 135 has waiting time 82
[Waiting_time_Solve] Agent 136 has waiting time 73
[Waiting_time_Solve] Agent 137 has waiting time 160
[Waiting_time_Solve] Agent 138 has waiting time 148
[Waiting_time_Solve] Agent 139 has waiting time 171
[Waiting_time_Solve] Agent 140 has waiting time 154
[Waiting_time_Solve] Agent 141 has waiting time 96
[Waiting_time_Solve] Agent 142 has waiting time 37
[Waiting_time_Solve] Agent 143 has waiting time 63
[Waiting_time_Solve] Agent 144 has waiting time 32
[Waiting_time_Solve] Agent 145 has waiting time 182
[Waiting_time_Solve] Agent 146 has waiting time 129
[Waiting_time_Solve] Agent 147 has waiting time 158
[Waiting_time_Solve] Agent 148 has waiting time 8
[Waiting_time_Solve] Agent 149 has waiting time 132
[Waiting_time_Solve] Agent 150 has waiting time 51
[Waiting_time_Solve] Agent 151 has waiting time 105
[Waiting_time_Solve] Agent 152 has waiting time 34
[Waiting_time_Solve] Agent 153 has waiting time 185
[Waiting_time_Solve] Agent 154 has waiting time 17
[Waiting_time_Solve] Agent 155 has waiting time 143
[Waiting_time_Solve] Agent 156 has waiting time 169
[Waiting_time_Solve] Agent 157 has waiting time 177
[Waiting_time_Solve] Agent 158 has waiting time 12
[Waiting_time_Solve] Agent 159 has waiting time 77
[Waiting_time_Solve] Agent 160 has waiting time 132
[Waiting_time_Solve] Agent 161 has waiting time 21
[Waiting_time_Solve] Agent 162 has waiting time 26
[Waiting_time_Solve] Agent 163 has waiting time 137
[Waiting_time_Solve] Agent 164 has waiting time 78
[Waiting_time_Solve] Agent 165 has waiting time 57
[Waiting_time_Solve] Agent 166 has waiting time 155
[Waiting_time_Solve] Agent 167 has waiting time 148
[Waiting_time_Solve] Agent 168 has waiting time 145
[Waiting_time_Solve] Agent 169 has waiting time 4
[Waiting_time_Solve] Agent 170 has waiting time 133
[Waiting_time_Solve] Agent 171 has waiting time 2
[Waiting_time_Solve] Agent 172 has waiting time 84
[Waiting_time_Solve] Agent 173 has waiting time 109
[Waiting_time_Solve] Agent 174 has waiting time 166
[Waiting_time_Solve] Agent 175 has waiting time 3
[Waiting_time_Solve] Agent 176 has waiting time 114
[Waiting_time_Solve] Agent 177 has waiting time 40
[Waiting_time_Solve] Agent 178 has waiting time 85
[Waiting_time_Solve] Agent 179 has waiting time 11
[Waiting_time_Solve] Agent 180 has waiting time 182
[Waiting_time_Solve] Agent 181 has waiting time 70
[Waiting_time_Solve] Agent 182 has waiting time 135
[Waiting_time_Solve] Agent 183 has waiting time 83
[Waiting_time_Solve] Agent 184 has waiting time 20
[Waiting_time_Solve] Agent 185 has waiting time 42
[Waiting_time_Solve] Agent 186 has waiting time 42
[Waiting_time_Solve] Agent 187 has waiting time 173
[Waiting_time_Solve] Agent 188 has waiting time 132
[Waiting_time_Solve] Agent 189 has waiting time 44
[Waiting_time_Solve] Agent 190 has waiting time 32
[Waiting_time_Solve] Agent 191 has waiting time 92
[Waiting_time_Solve] Agent 192 has waiting time 43
[Waiting_time_Solve] Agent 193 has waiting time 36
[Waiting_time_Solve] Agent 194 has waiting time 85
[Waiting_time_Solve] Agent 195 has waiting time 162
[Waiting_time_Solve] Agent 196 has waiting time 175
[Waiting_time_Solve] Agent 197 has waiting time 181
[Waiting_time_Solve] Agent 198 has waiting time 23
[Waiting_time_Solve] Agent 199 has waiting time 118
[Waiting_time_Solve] Total available waiting time: 18523
[Waiting_time_Solve] Max iterations: 18523
[Waiting_time_Solve] Iteration 0...
[SAT] Start solving CNF: 36 clauses and 20 variables
[SAT] Agent 191 entry time: 7 exit time: 7
[SAT] Agent 61 entry time: 1 exit time: 7
[SAT] Agent 115 entry time: 1 exit time: 7
[SAT] Agent 11 entry time: 5 exit time: 7

[SAT] Start time: 1 End time: 7

[SAT] Solving local zone with SAT iteration 1...
[SAT] Local CNF: 36 clauses 

DEBUG: Adding 36 new clauses to MiniSAT (incremental run)
DEBUG: Clause load summary: input=36, added=36, tautologies_skipped=0, duplicates_skipped=0, unit_clauses=16, empties=0, intra_clause_literals_removed=0, added_but_db_unchanged=13
DEBUG: After adding clauses, solver has 7 clauses and 20 variables
DEBUG: MiniSAT found 20 variables
DEBUG: Assignment size: 20
DEBUG: First few assignment values: 1 1 0 1 0 1 1 1 1 1 

=== DEBUG: cnf_assignment_to_paths ===
Input assignment size: 20

=== END DEBUG ===
[SAT] Found 5 vertex collisions and 1 edge collisions
[SAT] Adding collision clauses and solving again...
[SAT] Solving local zone with SAT iteration 2...
[SAT] Local CNF: 42 clauses 

DEBUG: Adding 6 new clauses to MiniSAT (incremental run)
[SAT] Local problem appears to be unsatisfiable in current zone
[Waiting_time_Solve] No solution found, trying to apply waiting time:1
[Waiting_time_Solve] Applying waiting time 1 to agent 61 who has waiting time 128
[Waiting_time_Solve] New path is consistent after applying waiting time for agent 61
[Current_Solution] Agent 61 used 1 waiting timesteps, 127 remaining
[Waiting_time_Solve] Applied 1 waiting time  for agent 61 who has waiting time 127
[Waiting_time_Solve] ALL Waiting time applied
[Waiting_time_Solve] Extended Zone end time from 7 to 8
[Waiting_time_Solve] Iteration 1...
[SAT] Start solving CNF: 63 clauses and 31 variables
[SAT] Agent 191 entry time: 7 exit time: 8
[SAT] Agent 61 entry time: 1 exit time: 8
[SAT] Agent 115 entry time: 1 exit time: 7
[SAT] Agent 11 entry time: 5 exit time: 8

[SAT] Start time: 1 End time: 8

[SAT] Solving local zone with SAT iteration 1...
[SAT] Local CNF: 69 clauses 

DEBUG: Adding 69 new clauses to MiniSAT (incremental run)
DEBUG: Clause load summary: input=69, added=69, tautologies_skipped=0, duplicates_skipped=0, unit_clauses=15, empties=0, intra_clause_literals_removed=0, added_but_db_unchanged=18
DEBUG: After adding clauses, solver has 36 clauses and 31 variables
DEBUG: MiniSAT found 31 variables
DEBUG: Assignment size: 31
DEBUG: First few assignment values: 1 1 1 0 0 1 0 0 1 0 

=== DEBUG: cnf_assignment_to_paths ===
Input assignment size: 31

=== END DEBUG ===
[SAT] Found 1 vertex collisions and 0 edge collisions
[SAT] Adding collision clauses and solving again...
[SAT] Solving local zone with SAT iteration 2...
[SAT] Local CNF: 70 clauses 

DEBUG: Adding 1 new clauses to MiniSAT (incremental run)
[SAT] Previous assignment invalidated by new clauses, reset solver and retrying without assumptions...
DEBUG: Adding 70 new clauses to MiniSAT (incremental run)
[SAT] Local problem appears to be unsatisfiable in current zone
[Waiting_time_Solve] No solution found, trying to apply waiting time:2
[Waiting_time_Solve] Applying waiting time 2 to agent 61 who has waiting time 127
[Waiting_time_Solve] New path is consistent after applying waiting time for agent 61
[Current_Solution] Agent 61 used 2 waiting timesteps, 125 remaining
[Waiting_time_Solve] Applied 2 waiting time  for agent 61 who has waiting time 125
[Waiting_time_Solve] ALL Waiting time applied
[Waiting_time_Solve] Extended Zone end time from 8 to 10
[Create_Local_Problem] Agent 42 is new in the zone
[Create_Local_Problem] Agent 54 is new in the zone
[Waiting_time_Solve] Iteration 2...
[SAT] Start solving CNF: 222 clauses and 70 variables
[SAT] Agent 54 entry time: 9 exit time: 10
[SAT] Agent 42 entry time: 10 exit time: 10
[SAT] Agent 191 entry time: 7 exit time: 10
[SAT] Agent 61 entry time: 1 exit time: 10
[SAT] Agent 115 entry time: 1 exit time: 7
[SAT] Agent 11 entry time: 5 exit time: 10

[SAT] Start time: 1 End time: 10

[SAT] Solving local zone with SAT iteration 1...
[SAT] Local CNF: 229 clauses 

DEBUG: Adding 229 new clauses to MiniSAT (incremental run)
DEBUG: Clause load summary: input=229, added=229, tautologies_skipped=0, duplicates_skipped=0, unit_clauses=22, empties=0, intra_clause_literals_removed=0, added_but_db_unchanged=27
DEBUG: After adding clauses, solver has 180 clauses and 70 variables
DEBUG: MiniSAT found 70 variables
DEBUG: Assignment size: 70
DEBUG: First few assignment values: 1 1 1 1 1 1 1 1 0 0 

=== DEBUG: cnf_assignment_to_paths ===
Input assignment size: 70

=== END DEBUG ===
[SAT] Found 2 vertex collisions and 1 edge collisions
[SAT] Adding collision clauses and solving again...
[SAT] Solving local zone with SAT iteration 2...
[SAT] Local CNF: 232 clauses 

DEBUG: Adding 3 new clauses to MiniSAT (incremental run)
[SAT] Previous assignment invalidated by new clauses, reset solver and retrying without assumptions...
DEBUG: Adding 232 new clauses to MiniSAT (incremental run)
[SAT] Local problem appears to be unsatisfiable in current zone
[Waiting_time_Solve] No solution found, trying to apply waiting time:3
[Waiting_time_Solve] Applying waiting time 3 to agent 54 who has waiting time 123
[Waiting_time_Solve] New path is consistent after applying waiting time for agent 54
[Current_Solution] Agent 54 used 3 waiting timesteps, 120 remaining
[Waiting_time_Solve] Applied 3 waiting time  for agent 54 who has waiting time 120
[Waiting_time_Solve] Applying waiting time 3 to agent 61 who has waiting time 125
[Waiting_time_Solve] New path is consistent after applying waiting time for agent 61
[Current_Solution] Agent 61 used 3 waiting timesteps, 122 remaining
[Waiting_time_Solve] Applied 3 waiting time  for agent 61 who has waiting time 122
[Waiting_time_Solve] ALL Waiting time applied
[Waiting_time_Solve] Extended Zone end time from 10 to 13
[Create_Local_Problem] Agent 87 is new in the zone
[Waiting_time_Solve] Iteration 3...
[SAT] Start solving CNF: 634 clauses and 140 variables
[SAT] Agent 54 entry time: 9 exit time: 13
[SAT] Agent 42 entry time: 10 exit time: 10
[SAT] Agent 87 entry time: 13 exit time: 13
[SAT] Agent 191 entry time: 7 exit time: 13
[SAT] Agent 61 entry time: 1 exit time: 13
[SAT] Agent 115 entry time: 1 exit time: 7
[SAT] Agent 11 entry time: 5 exit time: 12

[SAT] Start time: 1 End time: 13

[SAT] Solving local zone with SAT iteration 1...
[SAT] Local CNF: 644 clauses 

DEBUG: Adding 644 new clauses to MiniSAT (incremental run)
DEBUG: Clause load summary: input=644, added=644, tautologies_skipped=0, duplicates_skipped=0, unit_clauses=26, empties=0, intra_clause_literals_removed=0, added_but_db_unchanged=38
DEBUG: After adding clauses, solver has 580 clauses and 140 variables
DEBUG: MiniSAT found 140 variables
DEBUG: Assignment size: 140
DEBUG: First few assignment values: 1 0 0 1 1 0 0 0 0 0 

=== DEBUG: cnf_assignment_to_paths ===
Input assignment size: 140

=== END DEBUG ===
[SAT] Found 3 vertex collisions and 0 edge collisions
[SAT] Adding collision clauses and solving again...
[SAT] Solving local zone with SAT iteration 2...
[SAT] Local CNF: 647 clauses 

DEBUG: Adding 3 new clauses to MiniSAT (incremental run)
DEBUG: Clause load summary: input=3, added=3, tautologies_skipped=0, duplicates_skipped=0, unit_clauses=0, empties=0, intra_clause_literals_removed=0, added_but_db_unchanged=3
DEBUG: After adding clauses, solver has 515 clauses and 140 variables
DEBUG: MiniSAT found 140 variables
DEBUG: Assignment size: 140
DEBUG: First few assignment values: 1 1 0 0 1 0 0 0 0 0 

=== DEBUG: cnf_assignment_to_paths ===
Input assignment size: 140

=== END DEBUG ===
[SAT] Found 1 vertex collisions and 1 edge collisions
[SAT] Adding collision clauses and solving again...
[SAT] Solving local zone with SAT iteration 3...
[SAT] Local CNF: 649 clauses 

DEBUG: Adding 2 new clauses to MiniSAT (incremental run)
DEBUG: Clause load summary: input=2, added=2, tautologies_skipped=0, duplicates_skipped=0, unit_clauses=0, empties=0, intra_clause_literals_removed=0, added_but_db_unchanged=2
DEBUG: After adding clauses, solver has 515 clauses and 140 variables
DEBUG: MiniSAT found 140 variables
DEBUG: Assignment size: 140
DEBUG: First few assignment values: 1 1 0 0 1 0 0 0 0 0 

=== DEBUG: cnf_assignment_to_paths ===
Input assignment size: 140

=== END DEBUG ===
[SAT] Found 1 vertex collisions and 1 edge collisions
[SAT] Adding collision clauses and solving again...
[SAT] Solving local zone with SAT iteration 4...
[SAT] Local CNF: 651 clauses 

DEBUG: Adding 2 new clauses to MiniSAT (incremental run)
DEBUG: Clause load summary: input=2, added=2, tautologies_skipped=0, duplicates_skipped=0, unit_clauses=0, empties=0, intra_clause_literals_removed=0, added_but_db_unchanged=2
DEBUG: After adding clauses, solver has 515 clauses and 140 variables
DEBUG: MiniSAT found 140 variables
DEBUG: Assignment size: 140
DEBUG: First few assignment values: 1 1 0 0 1 0 0 0 0 0 

=== DEBUG: cnf_assignment_to_paths ===
Input assignment size: 140

=== END DEBUG ===
[SAT] Found 1 vertex collisions and 1 edge collisions
[SAT] Adding collision clauses and solving again...
[SAT] Solving local zone with SAT iteration 5...
[SAT] Local CNF: 653 clauses 

DEBUG: Adding 2 new clauses to MiniSAT (incremental run)
[SAT] Previous assignment invalidated by new clauses, reset solver and retrying without assumptions...
DEBUG: Adding 653 new clauses to MiniSAT (incremental run)
[SAT] Local problem appears to be unsatisfiable in current zone
[Waiting_time_Solve] No solution found, trying to apply waiting time:4
[Waiting_time_Solve] Applying waiting time 4 to agent 42 who has waiting time 123
[Waiting_time_Solve] New path is consistent after applying waiting time for agent 42
[Current_Solution] Agent 42 used 4 waiting timesteps, 119 remaining
[Waiting_time_Solve] Applied 4 waiting time  for agent 42 who has waiting time 119
[Waiting_time_Solve] Applying waiting time 4 to agent 61 who has waiting time 122
[Waiting_time_Solve] New path is consistent after applying waiting time for agent 61
[Current_Solution] Agent 61 used 4 waiting timesteps, 118 remaining
[Waiting_time_Solve] Applied 4 waiting time  for agent 61 who has waiting time 118
[Waiting_time_Solve] ALL Waiting time applied
[Waiting_time_Solve] Extended Zone end time from 13 to 17
[Waiting_time_Solve] Iteration 4...
[SAT] Start solving CNF: 1329 clauses and 246 variables
[SAT] Agent 54 entry time: 9 exit time: 17
[SAT] Agent 42 entry time: 10 exit time: 14
[SAT] Agent 87 entry time: 13 exit time: 17
[SAT] Agent 191 entry time: 7 exit time: 13
[SAT] Agent 61 entry time: 1 exit time: 17
[SAT] Agent 115 entry time: 1 exit time: 7
[SAT] Agent 11 entry time: 5 exit time: 12

[SAT] Start time: 1 End time: 17

[SAT] Solving local zone with SAT iteration 1...
[SAT] Local CNF: 1348 clauses 

DEBUG: Adding 1348 new clauses to MiniSAT (incremental run)
DEBUG: Clause load summary: input=1348, added=1348, tautologies_skipped=0, duplicates_skipped=0, unit_clauses=31, empties=0, intra_clause_literals_removed=0, added_but_db_unchanged=52
DEBUG: After adding clauses, solver has 1265 clauses and 246 variables
DEBUG: MiniSAT found 246 variables
DEBUG: Assignment size: 246
DEBUG: First few assignment values: 1 1 0 0 0 1 0 0 0 0 

=== DEBUG: cnf_assignment_to_paths ===
Input assignment size: 246

=== END DEBUG ===
[SAT] Found 7 vertex collisions and 3 edge collisions
[SAT] Adding collision clauses and solving again...
[SAT] Solving local zone with SAT iteration 2...
[SAT] Local CNF: 1358 clauses 

DEBUG: Adding 10 new clauses to MiniSAT (incremental run)
[SAT] Previous assignment invalidated by new clauses, reset solver and retrying without assumptions...
DEBUG: Adding 1358 new clauses to MiniSAT (incremental run)
[SAT] Local problem appears to be unsatisfiable in current zone
[Waiting_time_Solve] No solution found, trying to apply waiting time:5
[Waiting_time_Solve] Applying waiting time 5 to agent 54 who has waiting time 120
[Waiting_time_Solve] New path is consistent after applying waiting time for agent 54
[Current_Solution] Agent 54 used 5 waiting timesteps, 115 remaining
[Waiting_time_Solve] Applied 5 waiting time  for agent 54 who has waiting time 115
[Waiting_time_Solve] Applying waiting time 5 to agent 61 who has waiting time 118
[Waiting_time_Solve] New path is consistent after applying waiting time for agent 61
[Current_Solution] Agent 61 used 5 waiting timesteps, 113 remaining
[Waiting_time_Solve] Applied 5 waiting time  for agent 61 who has waiting time 113
[Waiting_time_Solve] ALL Waiting time applied
[Waiting_time_Solve] Extended Zone end time from 17 to 22
[Create_Local_Problem] Agent 33 is new in the zone
[Create_Local_Problem] Agent 88 is new in the zone
[Create_Local_Problem] Agent 126 is new in the zone
[Waiting_time_Solve] Iteration 5...
[SAT] Start solving CNF: 2631 clauses and 411 variables
[SAT] Agent 88 entry time: 20 exit time: 22
[SAT] Agent 33 entry time: 21 exit time: 22
[SAT] Agent 54 entry time: 9 exit time: 22
[SAT] Agent 42 entry time: 10 exit time: 14
[SAT] Agent 126 entry time: 22 exit time: 22
[SAT] Agent 87 entry time: 13 exit time: 18
[SAT] Agent 191 entry time: 7 exit time: 13
[SAT] Agent 61 entry time: 1 exit time: 22
[SAT] Agent 115 entry time: 1 exit time: 7
[SAT] Agent 11 entry time: 5 exit time: 12

[SAT] Start time: 1 End time: 22

[SAT] Solving local zone with SAT iteration 1...
[SAT] Local CNF: 2660 clauses 

DEBUG: Adding 2660 new clauses to MiniSAT (incremental run)
DEBUG: Clause load summary: input=2660, added=2660, tautologies_skipped=0, duplicates_skipped=0, unit_clauses=38, empties=0, intra_clause_literals_removed=0, added_but_db_unchanged=63
DEBUG: After adding clauses, solver has 2559 clauses and 411 variables
DEBUG: MiniSAT found 411 variables
DEBUG: Assignment size: 411
DEBUG: First few assignment values: 1 1 1 1 1 1 1 0 0 0 

=== DEBUG: cnf_assignment_to_paths ===
Input assignment size: 411

=== END DEBUG ===
[SAT] Found 13 vertex collisions and 3 edge collisions
[SAT] Adding collision clauses and solving again...
[SAT] Solving local zone with SAT iteration 2...
[SAT] Local CNF: 2676 clauses 

DEBUG: Adding 16 new clauses to MiniSAT (incremental run)
[SAT] Previous assignment invalidated by new clauses, reset solver and retrying without assumptions...
DEBUG: Adding 2676 new clauses to MiniSAT (incremental run)
[SAT] Local problem appears to be unsatisfiable in current zone
[Waiting_time_Solve] No solution found, trying to apply waiting time:6
[Waiting_time_Solve] Applying waiting time 6 to agent 33 who has waiting time 134
[Waiting_time_Solve] New path is consistent after applying waiting time for agent 33
[Current_Solution] Agent 33 used 6 waiting timesteps, 128 remaining
[Waiting_time_Solve] Applied 6 waiting time  for agent 33 who has waiting time 128
[Waiting_time_Solve] Applying waiting time 6 to agent 42 who has waiting time 119
[Waiting_time_Solve] New path is consistent after applying waiting time for agent 42
[Current_Solution] Agent 42 used 6 waiting timesteps, 113 remaining
[Waiting_time_Solve] Applied 6 waiting time  for agent 42 who has waiting time 113
[Waiting_time_Solve] Applying waiting time 6 to agent 54 who has waiting time 115
[Waiting_time_Solve] New path is consistent after applying waiting time for agent 54
[Current_Solution] Agent 54 used 6 waiting timesteps, 109 remaining
[Waiting_time_Solve] Applied 6 waiting time  for agent 54 who has waiting time 109
[Waiting_time_Solve] Applying waiting time 6 to agent 61 who has waiting time 113
[Waiting_time_Solve] New path is consistent after applying waiting time for agent 61
[Current_Solution] Agent 61 used 6 waiting timesteps, 107 remaining
[Waiting_time_Solve] Applied 6 waiting time  for agent 61 who has waiting time 107
[Waiting_time_Solve] ALL Waiting time applied
[Waiting_time_Solve] Extended Zone end time from 22 to 28
[Create_Local_Problem] Agent 89 is new in the zone
[Create_Local_Problem] Agent 125 is new in the zone
[Create_Local_Problem] Agent 164 is new in the zone
[Create_Local_Problem] Agent 173 is new in the zone
[Create_Local_Problem] Agent 195 is new in the zone
[Current_Solution] Agent 195 used 1 waiting timesteps, 161 remaining
[Waiting_time_Solve] Iteration 6...
[SAT] Start solving CNF: 4910 clauses and 728 variables
[SAT] Agent 195 entry time: 27 exit time: 28
[SAT] Agent 11 entry time: 5 exit time: 12
[SAT] Agent 173 entry time: 27 exit time: 28
[SAT] Agent 115 entry time: 1 exit time: 7
[SAT] Agent 89 entry time: 27 exit time: 28
[SAT] Agent 61 entry time: 1 exit time: 28
[SAT] Agent 191 entry time: 7 exit time: 13
[SAT] Agent 87 entry time: 13 exit time: 18
[SAT] Agent 126 entry time: 22 exit time: 28
[SAT] Agent 42 entry time: 10 exit time: 20
[SAT] Agent 54 entry time: 9 exit time: 28
[SAT] Agent 33 entry time: 21 exit time: 28
[SAT] Agent 88 entry time: 20 exit time: 25
[SAT] Agent 125 entry time: 28 exit time: 28
[SAT] Agent 164 entry time: 25 exit time: 28

[SAT] Start time: 1 End time: 28

[SAT] Solving local zone with SAT iteration 1...
[SAT] Local CNF: 4955 clauses 

DEBUG: Adding 4955 new clauses to MiniSAT (incremental run)
DEBUG: Clause load summary: input=4955, added=4955, tautologies_skipped=0, duplicates_skipped=0, unit_clauses=57, empties=0, intra_clause_literals_removed=0, added_but_db_unchanged=89
DEBUG: After adding clauses, solver has 4809 clauses and 728 variables
DEBUG: MiniSAT found 728 variables
DEBUG: Assignment size: 728
DEBUG: First few assignment values: 1 1 1 1 1 1 1 1 1 1 

=== DEBUG: cnf_assignment_to_paths ===
Input assignment size: 728

=== END DEBUG ===
[SAT] Found 23 vertex collisions and 10 edge collisions
[SAT] Adding collision clauses and solving again...
[SAT] Solving local zone with SAT iteration 2...
[SAT] Local CNF: 4988 clauses 

DEBUG: Adding 33 new clauses to MiniSAT (incremental run)
[SAT] Previous assignment invalidated by new clauses, reset solver and retrying without assumptions...
DEBUG: Adding 4988 new clauses to MiniSAT (incremental run)
[SAT] Local problem appears to be unsatisfiable in current zone
[Waiting_time_Solve] No solution found, trying to apply waiting time:7
[Waiting_time_Solve] Applying waiting time 7 to agent 11 who has waiting time 117
[Waiting_time_Solve] New path is consistent after applying waiting time for agent 11
[Current_Solution] Agent 11 used 7 waiting timesteps, 110 remaining
[Waiting_time_Solve] Applied 7 waiting time  for agent 11 who has waiting time 110
[Waiting_time_Solve] Applying waiting time 7 to agent 33 who has waiting time 128
[Waiting_time_Solve] New path is consistent after applying waiting time for agent 33
[Current_Solution] Agent 33 used 7 waiting timesteps, 121 remaining
[Waiting_time_Solve] Applied 7 waiting time  for agent 33 who has waiting time 121
[Waiting_time_Solve] Applying waiting time 7 to agent 54 who has waiting time 109
[Waiting_time_Solve] New path is consistent after applying waiting time for agent 54
[Current_Solution] Agent 54 used 7 waiting timesteps, 102 remaining
[Waiting_time_Solve] Applied 7 waiting time  for agent 54 who has waiting time 102
[Waiting_time_Solve] Applying waiting time 7 to agent 61 who has waiting time 107
[Waiting_time_Solve] New path is consistent after applying waiting time for agent 61
[Current_Solution] Agent 61 used 7 waiting timesteps, 100 remaining
[Waiting_time_Solve] Applied 7 waiting time  for agent 61 who has waiting time 100
[Waiting_time_Solve] Applying waiting time 7 to agent 88 who has waiting time 95
[Waiting_time_Solve] New path is consistent after applying waiting time for agent 88
[Current_Solution] Agent 88 used 7 waiting timesteps, 88 remaining
[Waiting_time_Solve] Applied 7 waiting time  for agent 88 who has waiting time 88
[Waiting_time_Solve] Applying waiting time 7 to agent 195 who has waiting time 161
[Current_Solution] Agent 195 used 7 waiting timesteps, 154 remaining
[Waiting_time_Solve] New path is consistent after applying waiting time for agent 195
[Current_Solution] Agent 195 used 7 waiting timesteps, 147 remaining
[Waiting_time_Solve] Applied 7 waiting time  for agent 195 who has waiting time 147
[Waiting_time_Solve] Applying waiting time 7 to agent 126 who has waiting time 92
[Waiting_time_Solve] New path is consistent after applying waiting time for agent 126
[Current_Solution] Agent 126 used 7 waiting timesteps, 85 remaining
[Waiting_time_Solve] Applied 7 waiting time  for agent 126 who has waiting time 85
[Waiting_time_Solve] ALL Waiting time applied
[Waiting_time_Solve] Extended Zone end time from 28 to 35
[Create_Local_Problem] Agent 0 is new in the zone
[Create_Local_Problem] Agent 2 is new in the zone
[Create_Local_Problem] Agent 41 is new in the zone
[Create_Local_Problem] Agent 77 is new in the zone
[Create_Local_Problem] Agent 78 is new in the zone
[Create_Local_Problem] Agent 105 is new in the zone
[Create_Local_Problem] Agent 165 is new in the zone
[Waiting_time_Solve] Iteration 7...
[SAT] Start solving CNF: 9734 clauses and 1442 variables
[SAT] Agent 105 entry time: 29 exit time: 34
[SAT] Agent 165 entry time: 33 exit time: 35
[SAT] Agent 78 entry time: 34 exit time: 35
[SAT] Agent 41 entry time: 31 exit time: 35
[SAT] Agent 195 entry time: 27 exit time: 35
[SAT] Agent 11 entry time: 5 exit time: 19
[SAT] Agent 173 entry time: 27 exit time: 32
[SAT] Agent 115 entry time: 1 exit time: 7
[SAT] Agent 2 entry time: 31 exit time: 35
[SAT] Agent 89 entry time: 27 exit time: 32
[SAT] Agent 61 entry time: 1 exit time: 35
[SAT] Agent 191 entry time: 7 exit time: 13
[SAT] Agent 0 entry time: 30 exit time: 35
[SAT] Agent 87 entry time: 13 exit time: 18
[SAT] Agent 126 entry time: 22 exit time: 35
[SAT] Agent 42 entry time: 10 exit time: 20
[SAT] Agent 54 entry time: 9 exit time: 35
[SAT] Agent 33 entry time: 21 exit time: 35
[SAT] Agent 88 entry time: 20 exit time: 32
[SAT] Agent 125 entry time: 28 exit time: 33
[SAT] Agent 77 entry time: 31 exit time: 35
[SAT] Agent 164 entry time: 25 exit time: 29

[SAT] Start time: 1 End time: 35

[SAT] Solving local zone with SAT iteration 1...
[SAT] Local CNF: 9812 clauses 

DEBUG: Adding 9812 new clauses to MiniSAT (incremental run)
[SAT] Local problem appears to be unsatisfiable in current zone
[Waiting_time_Solve] No solution found, trying to apply waiting time:8
[Waiting_time_Solve] No waiting time applied
[Waiting_time_Solve] No solution found
[Waiting_time_Solve] Restoring original paths
[Waiting_time_Solve] Restoring waiting times
[Current_Solution] Restored waiting times from backup
[Current_Solution] Restored paths from backup
[Solve_local_zone] Zone with expansion factor 0failed
[Solve_local_zone] Expanding zone with offset 2 (original: 1)
[LOCAL ZONE] Found newly touched conflict 5107 at position (11,20)
[Solve_local_zone] Final expanded zone contains 42 positions with 7 conflicts 
[Solve_local_zone] New time window: [0, 8]
[Solve_local_zone] Current local zone size: 42 (1.15195% of all walkable positions)
[Solve_local_zone] Local zone time window: [0, 8]
[Create_Local_problem] Agent 42 returned to the zone 1 times within time window
[Create_Local_problem] Agent 81 returned to the zone 1 times within time window
[Create_Local_problem] Agent 196 returned to the zone 1 times within time window
[Waiting_time_Solve] Agent 0 has waiting time 87
[Waiting_time_Solve] Agent 1 has waiting time 57
[Waiting_time_Solve] Agent 2 has waiting time 107
[Waiting_time_Solve] Agent 3 has waiting time 11
[Waiting_time_Solve] Agent 4 has waiting time 179
[Waiting_time_Solve] Agent 5 has waiting time 161
[Waiting_time_Solve] Agent 6 has waiting time 97
[Waiting_time_Solve] Agent 7 has waiting time 154
[Waiting_time_Solve] Agent 8 has waiting time 74
[Waiting_time_Solve] Agent 9 has waiting time 3
[Waiting_time_Solve] Agent 10 has waiting time 0
[Waiting_time_Solve] Agent 11 has waiting time 117
[Waiting_time_Solve] Agent 12 has waiting time 120
[Waiting_time_Solve] Agent 13 has waiting time 2
[Waiting_time_Solve] Agent 14 has waiting time 107
[Waiting_time_Solve] Agent 15 has waiting time 164
[Waiting_time_Solve] Agent 16 has waiting time 165
[Waiting_time_Solve] Agent 17 has waiting time 170
[Waiting_time_Solve] Agent 18 has waiting time 116
[Waiting_time_Solve] Agent 19 has waiting time 103
[Waiting_time_Solve] Agent 20 has waiting time 25
[Waiting_time_Solve] Agent 21 has waiting time 92
[Waiting_time_Solve] Agent 22 has waiting time 117
[Waiting_time_Solve] Agent 23 has waiting time 88
[Waiting_time_Solve] Agent 24 has waiting time 117
[Waiting_time_Solve] Agent 25 has waiting time 160
[Waiting_time_Solve] Agent 26 has waiting time 74
[Waiting_time_Solve] Agent 27 has waiting time 27
[Waiting_time_Solve] Agent 28 has waiting time 114
[Waiting_time_Solve] Agent 29 has waiting time 65
[Waiting_time_Solve] Agent 30 has waiting time 8
[Waiting_time_Solve] Agent 31 has waiting time 10
[Waiting_time_Solve] Agent 32 has waiting time 100
[Waiting_time_Solve] Agent 33 has waiting time 134
[Waiting_time_Solve] Agent 34 has waiting time 27
[Waiting_time_Solve] Agent 35 has waiting time 176
[Waiting_time_Solve] Agent 36 has waiting time 61
[Waiting_time_Solve] Agent 37 has waiting time 82
[Waiting_time_Solve] Agent 38 has waiting time 11
[Waiting_time_Solve] Agent 39 has waiting time 55
[Waiting_time_Solve] Agent 40 has waiting time 40
[Waiting_time_Solve] Agent 41 has waiting time 116
[Waiting_time_Solve] Agent 42 has waiting time 123
[Waiting_time_Solve] Agent 43 has waiting time 129
[Waiting_time_Solve] Agent 44 has waiting time 178
[Waiting_time_Solve] Agent 45 has waiting time 0
[Waiting_time_Solve] Agent 46 has waiting time 116
[Waiting_time_Solve] Agent 47 has waiting time 10
[Waiting_time_Solve] Agent 48 has waiting time 178
[Waiting_time_Solve] Agent 49 has waiting time 37
[Waiting_time_Solve] Agent 50 has waiting time 47
[Waiting_time_Solve] Agent 51 has waiting time 183
[Waiting_time_Solve] Agent 52 has waiting time 139
[Waiting_time_Solve] Agent 53 has waiting time 29
[Waiting_time_Solve] Agent 54 has waiting time 123
[Waiting_time_Solve] Agent 55 has waiting time 177
[Waiting_time_Solve] Agent 56 has waiting time 21
[Waiting_time_Solve] Agent 57 has waiting time 111
[Waiting_time_Solve] Agent 58 has waiting time 45
[Waiting_time_Solve] Agent 59 has waiting time 103
[Waiting_time_Solve] Agent 60 has waiting time 93
[Waiting_time_Solve] Agent 61 has waiting time 128
[Waiting_time_Solve] Agent 62 has waiting time 148
[Waiting_time_Solve] Agent 63 has waiting time 134
[Waiting_time_Solve] Agent 64 has waiting time 117
[Waiting_time_Solve] Agent 65 has waiting time 35
[Waiting_time_Solve] Agent 66 has waiting time 106
[Waiting_time_Solve] Agent 67 has waiting time 41
[Waiting_time_Solve] Agent 68 has waiting time 78
[Waiting_time_Solve] Agent 69 has waiting time 67
[Waiting_time_Solve] Agent 70 has waiting time 135
[Waiting_time_Solve] Agent 71 has waiting time 57
[Waiting_time_Solve] Agent 72 has waiting time 60
[Waiting_time_Solve] Agent 73 has waiting time 162
[Waiting_time_Solve] Agent 74 has waiting time 188
[Waiting_time_Solve] Agent 75 has waiting time 65
[Waiting_time_Solve] Agent 76 has waiting time 46
[Waiting_time_Solve] Agent 77 has waiting time 117
[Waiting_time_Solve] Agent 78 has waiting time 115
[Waiting_time_Solve] Agent 79 has waiting time 21
[Waiting_time_Solve] Agent 80 has waiting time 5
[Waiting_time_Solve] Agent 81 has waiting time 138
[Waiting_time_Solve] Agent 82 has waiting time 179
[Waiting_time_Solve] Agent 83 has waiting time 39
[Waiting_time_Solve] Agent 84 has waiting time 85
[Waiting_time_Solve] Agent 85 has waiting time 134
[Waiting_time_Solve] Agent 86 has waiting time 152
[Waiting_time_Solve] Agent 87 has waiting time 88
[Waiting_time_Solve] Agent 88 has waiting time 95
[Waiting_time_Solve] Agent 89 has waiting time 125
[Waiting_time_Solve] Agent 90 has waiting time 82
[Waiting_time_Solve] Agent 91 has waiting time 157
[Waiting_time_Solve] Agent 92 has waiting time 124
[Waiting_time_Solve] Agent 93 has waiting time 177
[Waiting_time_Solve] Agent 94 has waiting time 17
[Waiting_time_Solve] Agent 95 has waiting time 123
[Waiting_time_Solve] Agent 96 has waiting time 90
[Waiting_time_Solve] Agent 97 has waiting time 65
[Waiting_time_Solve] Agent 98 has waiting time 32
[Waiting_time_Solve] Agent 99 has waiting time 65
[Waiting_time_Solve] Agent 100 has waiting time 27
[Waiting_time_Solve] Agent 101 has waiting time 162
[Waiting_time_Solve] Agent 102 has waiting time 50
[Waiting_time_Solve] Agent 103 has waiting time 135
[Waiting_time_Solve] Agent 104 has waiting time 187
[Waiting_time_Solve] Agent 105 has waiting time 89
[Waiting_time_Solve] Agent 106 has waiting time 139
[Waiting_time_Solve] Agent 107 has waiting time 167
[Waiting_time_Solve] Agent 108 has waiting time 156
[Waiting_time_Solve] Agent 109 has waiting time 31
[Waiting_time_Solve] Agent 110 has waiting time 65
[Waiting_time_Solve] Agent 111 has waiting time 60
[Waiting_time_Solve] Agent 112 has waiting time 44
[Waiting_time_Solve] Agent 113 has waiting time 172
[Waiting_time_Solve] Agent 114 has waiting time 12
[Waiting_time_Solve] Agent 115 has waiting time 127
[Waiting_time_Solve] Agent 116 has waiting time 177
[Waiting_time_Solve] Agent 117 has waiting time 46
[Waiting_time_Solve] Agent 118 has waiting time 7
[Waiting_time_Solve] Agent 119 has waiting time 107
[Waiting_time_Solve] Agent 120 has waiting time 75
[Waiting_time_Solve] Agent 121 has waiting time 135
[Waiting_time_Solve] Agent 122 has waiting time 88
[Waiting_time_Solve] Agent 123 has waiting time 36
[Waiting_time_Solve] Agent 124 has waiting time 18
[Waiting_time_Solve] Agent 125 has waiting time 68
[Waiting_time_Solve] Agent 126 has waiting time 92
[Waiting_time_Solve] Agent 127 has waiting time 59
[Waiting_time_Solve] Agent 128 has waiting time 149
[Waiting_time_Solve] Agent 129 has waiting time 33
[Waiting_time_Solve] Agent 130 has waiting time 54
[Waiting_time_Solve] Agent 131 has waiting time 32
[Waiting_time_Solve] Agent 132 has waiting time 186
[Waiting_time_Solve] Agent 133 has waiting time 79
[Waiting_time_Solve] Agent 134 has waiting time 17
[Waiting_time_Solve] Agent 135 has waiting time 82
[Waiting_time_Solve] Agent 136 has waiting time 73
[Waiting_time_Solve] Agent 137 has waiting time 160
[Waiting_time_Solve] Agent 138 has waiting time 148
[Waiting_time_Solve] Agent 139 has waiting time 171
[Waiting_time_Solve] Agent 140 has waiting time 154
[Waiting_time_Solve] Agent 141 has waiting time 96
[Waiting_time_Solve] Agent 142 has waiting time 37
[Waiting_time_Solve] Agent 143 has waiting time 63
[Waiting_time_Solve] Agent 144 has waiting time 32
[Waiting_time_Solve] Agent 145 has waiting time 182
[Waiting_time_Solve] Agent 146 has waiting time 129
[Waiting_time_Solve] Agent 147 has waiting time 158
[Waiting_time_Solve] Agent 148 has waiting time 8
[Waiting_time_Solve] Agent 149 has waiting time 132
[Waiting_time_Solve] Agent 150 has waiting time 51
[Waiting_time_Solve] Agent 151 has waiting time 105
[Waiting_time_Solve] Agent 152 has waiting time 34
[Waiting_time_Solve] Agent 153 has waiting time 185
[Waiting_time_Solve] Agent 154 has waiting time 17
[Waiting_time_Solve] Agent 155 has waiting time 143
[Waiting_time_Solve] Agent 156 has waiting time 169
[Waiting_time_Solve] Agent 157 has waiting time 177
[Waiting_time_Solve] Agent 158 has waiting time 12
[Waiting_time_Solve] Agent 159 has waiting time 77
[Waiting_time_Solve] Agent 160 has waiting time 132
[Waiting_time_Solve] Agent 161 has waiting time 21
[Waiting_time_Solve] Agent 162 has waiting time 26
[Waiting_time_Solve] Agent 163 has waiting time 137
[Waiting_time_Solve] Agent 164 has waiting time 78
[Waiting_time_Solve] Agent 165 has waiting time 57
[Waiting_time_Solve] Agent 166 has waiting time 155
[Waiting_time_Solve] Agent 167 has waiting time 148
[Waiting_time_Solve] Agent 168 has waiting time 145
[Waiting_time_Solve] Agent 169 has waiting time 4
[Waiting_time_Solve] Agent 170 has waiting time 133
[Waiting_time_Solve] Agent 171 has waiting time 2
[Waiting_time_Solve] Agent 172 has waiting time 84
[Waiting_time_Solve] Agent 173 has waiting time 109
[Waiting_time_Solve] Agent 174 has waiting time 166
[Waiting_time_Solve] Agent 175 has waiting time 3
[Waiting_time_Solve] Agent 176 has waiting time 114
[Waiting_time_Solve] Agent 177 has waiting time 40
[Waiting_time_Solve] Agent 178 has waiting time 85
[Waiting_time_Solve] Agent 179 has waiting time 11
[Waiting_time_Solve] Agent 180 has waiting time 182
[Waiting_time_Solve] Agent 181 has waiting time 70
[Waiting_time_Solve] Agent 182 has waiting time 135
[Waiting_time_Solve] Agent 183 has waiting time 83
[Waiting_time_Solve] Agent 184 has waiting time 20
[Waiting_time_Solve] Agent 185 has waiting time 42
[Waiting_time_Solve] Agent 186 has waiting time 42
[Waiting_time_Solve] Agent 187 has waiting time 173
[Waiting_time_Solve] Agent 188 has waiting time 132
[Waiting_time_Solve] Agent 189 has waiting time 44
[Waiting_time_Solve] Agent 190 has waiting time 32
[Waiting_time_Solve] Agent 191 has waiting time 92
[Waiting_time_Solve] Agent 192 has waiting time 43
[Waiting_time_Solve] Agent 193 has waiting time 36
[Waiting_time_Solve] Agent 194 has waiting time 85
[Waiting_time_Solve] Agent 195 has waiting time 162
[Waiting_time_Solve] Agent 196 has waiting time 175
[Waiting_time_Solve] Agent 197 has waiting time 181
[Waiting_time_Solve] Agent 198 has waiting time 23
[Waiting_time_Solve] Agent 199 has waiting time 118
[Waiting_time_Solve] Total available waiting time: 18523
[Waiting_time_Solve] Max iterations: 18523
[Waiting_time_Solve] Iteration 0...
[Waiting_time_Solve] Agent 196 pseudo agents: 202 
[Waiting_time_Solve] Agent 81 pseudo agents: 201 
[Waiting_time_Solve] Agent 42 pseudo agents: 200 
[SAT] Start solving CNF: 134 clauses and 71 variables
[SAT] Agent 202 entry time: 5 exit time: 5
[SAT] Agent 196 entry time: 2 exit time: 3
[SAT] Agent 201 entry time: 5 exit time: 7
[SAT] Agent 191 entry time: 5 exit time: 8
[SAT] Agent 61 entry time: 0 exit time: 8
[SAT] Agent 54 entry time: 8 exit time: 8
[SAT] Agent 43 entry time: 5 exit time: 8
[SAT] Agent 57 entry time: 0 exit time: 6
[SAT] Agent 200 entry time: 7 exit time: 7
[SAT] Agent 81 entry time: 3 exit time: 3
[SAT] Agent 42 entry time: 5 exit time: 5
[SAT] Agent 115 entry time: 0 exit time: 8
[SAT] Agent 11 entry time: 1 exit time: 8

[SAT] Start time: 0 End time: 8

[SAT] Solving local zone with SAT iteration 1...
[SAT] Local CNF: 134 clauses 

DEBUG: Adding 134 new clauses to MiniSAT (incremental run)
DEBUG: Clause load summary: input=134, added=134, tautologies_skipped=0, duplicates_skipped=0, unit_clauses=35, empties=0, intra_clause_literals_removed=0, added_but_db_unchanged=27
DEBUG: After adding clauses, solver has 72 clauses and 71 variables
DEBUG: MiniSAT found 71 variables
DEBUG: Assignment size: 71
DEBUG: First few assignment values: 1 1 1 1 1 1 1 0 1 0 

=== DEBUG: cnf_assignment_to_paths ===
Input assignment size: 71

=== END DEBUG ===
[SAT] Found 3 vertex collisions and 1 edge collisions
[SAT] Adding collision clauses and solving again...
[SAT] Solving local zone with SAT iteration 2...
[SAT] Local CNF: 138 clauses 

DEBUG: Adding 4 new clauses to MiniSAT (incremental run)
[SAT] Previous assignment invalidated by new clauses, reset solver and retrying without assumptions...
DEBUG: Adding 138 new clauses to MiniSAT (incremental run)
[SAT] Local problem appears to be unsatisfiable in current zone
[Waiting_time_Solve] No solution found, trying to apply waiting time:1
[Waiting_time_Solve] Applying waiting time 1 to agent 61 who has waiting time 128
[Waiting_time_Solve] New path is consistent after applying waiting time for agent 61
[Current_Solution] Agent 61 used 1 waiting timesteps, 127 remaining
[Waiting_time_Solve] Applied 1 waiting time  for agent 61 who has waiting time 127
[Waiting_time_Solve] ALL Waiting time applied
[Waiting_time_Solve] Extended Zone end time from 8 to 9
[Waiting_time_Solve] Iteration 1...
[Waiting_time_Solve] Agent 196 pseudo agents: 202 
[Waiting_time_Solve] Agent 81 pseudo agents: 201 
[Waiting_time_Solve] Agent 42 pseudo agents: 200 203 
[SAT] Start solving CNF: 181 clauses and 91 variables
[SAT] Agent 203 entry time: 9 exit time: 9
[SAT] Agent 11 entry time: 1 exit time: 9
[SAT] Agent 42 entry time: 5 exit time: 5
[SAT] Agent 81 entry time: 3 exit time: 3
[SAT] Agent 200 entry time: 7 exit time: 7
[SAT] Agent 43 entry time: 5 exit time: 9
[SAT] Agent 54 entry time: 8 exit time: 9
[SAT] Agent 61 entry time: 0 exit time: 9
[SAT] Agent 191 entry time: 5 exit time: 9
[SAT] Agent 201 entry time: 5 exit time: 7
[SAT] Agent 196 entry time: 2 exit time: 3
[SAT] Agent 115 entry time: 0 exit time: 9
[SAT] Agent 57 entry time: 0 exit time: 6
[SAT] Agent 202 entry time: 5 exit time: 5

[SAT] Start time: 0 End time: 9

[SAT] Solving local zone with SAT iteration 1...
[SAT] Local CNF: 185 clauses 

DEBUG: Adding 185 new clauses to MiniSAT (incremental run)
DEBUG: Clause load summary: input=185, added=185, tautologies_skipped=0, duplicates_skipped=0, unit_clauses=35, empties=0, intra_clause_literals_removed=0, added_but_db_unchanged=31
DEBUG: After adding clauses, solver has 119 clauses and 91 variables
DEBUG: MiniSAT found 91 variables
DEBUG: Assignment size: 91
DEBUG: First few assignment values: 1 1 0 1 1 0 1 0 1 0 

=== DEBUG: cnf_assignment_to_paths ===
Input assignment size: 91

=== END DEBUG ===
[SAT] Found 1 vertex collisions and 1 edge collisions
[SAT] Adding collision clauses and solving again...
[SAT] Solving local zone with SAT iteration 2...
[SAT] Local CNF: 187 clauses 

DEBUG: Adding 2 new clauses to MiniSAT (incremental run)
[SAT] Previous assignment invalidated by new clauses, reset solver and retrying without assumptions...
DEBUG: Adding 187 new clauses to MiniSAT (incremental run)
[SAT] Local problem appears to be unsatisfiable in current zone
[Waiting_time_Solve] No solution found, trying to apply waiting time:2
[Waiting_time_Solve] Applying waiting time 2 to agent 61 who has waiting time 127
[Waiting_time_Solve] New path is consistent after applying waiting time for agent 61
[Current_Solution] Agent 61 used 2 waiting timesteps, 125 remaining
[Waiting_time_Solve] Applied 2 waiting time  for agent 61 who has waiting time 125
[Waiting_time_Solve] ALL Waiting time applied
[Waiting_time_Solve] Extended Zone end time from 9 to 11
[Waiting_time_Solve] Iteration 2...
[Waiting_time_Solve] Agent 196 pseudo agents: 202 
[Waiting_time_Solve] Agent 81 pseudo agents: 201 
[Waiting_time_Solve] Agent 42 pseudo agents: 200 203 
[SAT] Start solving CNF: 489 clauses and 156 variables
[SAT] Agent 203 entry time: 9 exit time: 11
[SAT] Agent 11 entry time: 1 exit time: 11
[SAT] Agent 42 entry time: 5 exit time: 5
[SAT] Agent 81 entry time: 3 exit time: 3
[SAT] Agent 200 entry time: 7 exit time: 7
[SAT] Agent 43 entry time: 5 exit time: 9
[SAT] Agent 54 entry time: 8 exit time: 11
[SAT] Agent 61 entry time: 0 exit time: 11
[SAT] Agent 191 entry time: 5 exit time: 11
[SAT] Agent 201 entry time: 5 exit time: 7
[SAT] Agent 196 entry time: 2 exit time: 3
[SAT] Agent 115 entry time: 0 exit time: 11
[SAT] Agent 57 entry time: 0 exit time: 6
[SAT] Agent 202 entry time: 5 exit time: 5

[SAT] Start time: 0 End time: 11

[SAT] Solving local zone with SAT iteration 1...
[SAT] Local CNF: 495 clauses 

DEBUG: Adding 495 new clauses to MiniSAT (incremental run)
DEBUG: Clause load summary: input=495, added=495, tautologies_skipped=0, duplicates_skipped=0, unit_clauses=42, empties=0, intra_clause_literals_removed=0, added_but_db_unchanged=44
DEBUG: After adding clauses, solver has 409 clauses and 156 variables
DEBUG: MiniSAT found 156 variables
DEBUG: Assignment size: 156
DEBUG: First few assignment values: 1 1 1 1 0 1 1 0 1 0 

=== DEBUG: cnf_assignment_to_paths ===
Input assignment size: 156

=== END DEBUG ===
[SAT] Found 2 vertex collisions and 1 edge collisions
[SAT] Adding collision clauses and solving again...
[SAT] Solving local zone with SAT iteration 2...
[SAT] Local CNF: 498 clauses 

DEBUG: Adding 3 new clauses to MiniSAT (incremental run)
[SAT] Previous assignment invalidated by new clauses, reset solver and retrying without assumptions...
DEBUG: Adding 498 new clauses to MiniSAT (incremental run)
[SAT] Local problem appears to be unsatisfiable in current zone
[Waiting_time_Solve] No solution found, trying to apply waiting time:3
[Waiting_time_Solve] Applying waiting time 3 to agent 54 who has waiting time 123
[Waiting_time_Solve] New path is consistent after applying waiting time for agent 54
[Current_Solution] Agent 54 used 3 waiting timesteps, 120 remaining
[Waiting_time_Solve] Applied 3 waiting time  for agent 54 who has waiting time 120
[Waiting_time_Solve] Applying waiting time 3 to agent 61 who has waiting time 125
[Waiting_time_Solve] New path is consistent after applying waiting time for agent 61
[Current_Solution] Agent 61 used 3 waiting timesteps, 122 remaining
[Waiting_time_Solve] Applied 3 waiting time  for agent 61 who has waiting time 122
[Waiting_time_Solve] ALL Waiting time applied
[Waiting_time_Solve] Extended Zone end time from 11 to 14
[Create_Local_Problem] Agent 87 is new in the zone
[Waiting_time_Solve] Iteration 3...
[Waiting_time_Solve] Agent 196 pseudo agents: 202 
[Waiting_time_Solve] Agent 81 pseudo agents: 201 
[Waiting_time_Solve] Agent 42 pseudo agents: 200 203 
[SAT] Start solving CNF: 1849 clauses and 302 variables
[SAT] Agent 87 entry time: 12 exit time: 14
[SAT] Agent 203 entry time: 9 exit time: 11
[SAT] Agent 11 entry time: 1 exit time: 13
[SAT] Agent 42 entry time: 5 exit time: 5
[SAT] Agent 81 entry time: 3 exit time: 3
[SAT] Agent 200 entry time: 7 exit time: 7
[SAT] Agent 43 entry time: 5 exit time: 9
[SAT] Agent 54 entry time: 8 exit time: 14
[SAT] Agent 61 entry time: 0 exit time: 14
[SAT] Agent 191 entry time: 5 exit time: 14
[SAT] Agent 201 entry time: 5 exit time: 7
[SAT] Agent 196 entry time: 2 exit time: 3
[SAT] Agent 115 entry time: 0 exit time: 12
[SAT] Agent 57 entry time: 0 exit time: 6
[SAT] Agent 202 entry time: 5 exit time: 5

[SAT] Start time: 0 End time: 14

[SAT] Solving local zone with SAT iteration 1...
[SAT] Local CNF: 1858 clauses 

DEBUG: Adding 1858 new clauses to MiniSAT (incremental run)
DEBUG: Clause load summary: input=1858, added=1858, tautologies_skipped=0, duplicates_skipped=0, unit_clauses=46, empties=0, intra_clause_literals_removed=0, added_but_db_unchanged=52
DEBUG: After adding clauses, solver has 1760 clauses and 302 variables
DEBUG: MiniSAT found 302 variables
DEBUG: Assignment size: 302
DEBUG: First few assignment values: 1 1 1 1 1 1 1 0 1 1 

=== DEBUG: cnf_assignment_to_paths ===
Input assignment size: 302

=== END DEBUG ===
[SAT] Found 3 vertex collisions and 1 edge collisions
[SAT] Adding collision clauses and solving again...
[SAT] Solving local zone with SAT iteration 2...
[SAT] Local CNF: 1862 clauses 

DEBUG: Adding 4 new clauses to MiniSAT (incremental run)
DEBUG: Clause load summary: input=4, added=4, tautologies_skipped=0, duplicates_skipped=0, unit_clauses=0, empties=0, intra_clause_literals_removed=0, added_but_db_unchanged=2
DEBUG: After adding clauses, solver has 1674 clauses and 302 variables
DEBUG: MiniSAT found 302 variables
DEBUG: Assignment size: 302
DEBUG: First few assignment values: 1 1 1 1 1 1 1 0 1 1 

=== DEBUG: cnf_assignment_to_paths ===
Input assignment size: 302

=== END DEBUG ===
[SAT] Found 1 vertex collisions and 1 edge collisions
[SAT] Adding collision clauses and solving again...
[SAT] Solving local zone with SAT iteration 3...
[SAT] Local CNF: 1864 clauses 

DEBUG: Adding 2 new clauses to MiniSAT (incremental run)
DEBUG: Clause load summary: input=2, added=2, tautologies_skipped=0, duplicates_skipped=0, unit_clauses=0, empties=0, intra_clause_literals_removed=0, added_but_db_unchanged=2
DEBUG: After adding clauses, solver has 1674 clauses and 302 variables
DEBUG: MiniSAT found 302 variables
DEBUG: Assignment size: 302
DEBUG: First few assignment values: 1 1 1 1 1 1 1 0 1 1 

=== DEBUG: cnf_assignment_to_paths ===
Input assignment size: 302

=== END DEBUG ===
[SAT] Found 1 vertex collisions and 1 edge collisions
[SAT] Adding collision clauses and solving again...
[SAT] Solving local zone with SAT iteration 4...
[SAT] Local CNF: 1866 clauses 

DEBUG: Adding 2 new clauses to MiniSAT (incremental run)
DEBUG: Clause load summary: input=2, added=2, tautologies_skipped=0, duplicates_skipped=0, unit_clauses=0, empties=0, intra_clause_literals_removed=0, added_but_db_unchanged=2
DEBUG: After adding clauses, solver has 1674 clauses and 302 variables
DEBUG: MiniSAT found 302 variables
DEBUG: Assignment size: 302
DEBUG: First few assignment values: 1 1 1 1 1 1 1 0 1 1 

=== DEBUG: cnf_assignment_to_paths ===
Input assignment size: 302

=== END DEBUG ===
[SAT] Found 1 vertex collisions and 1 edge collisions
[SAT] Adding collision clauses and solving again...
[SAT] Solving local zone with SAT iteration 5...
[SAT] Local CNF: 1868 clauses 

DEBUG: Adding 2 new clauses to MiniSAT (incremental run)
[SAT] Previous assignment invalidated by new clauses, reset solver and retrying without assumptions...
DEBUG: Adding 1868 new clauses to MiniSAT (incremental run)
[SAT] Local problem appears to be unsatisfiable in current zone
[Waiting_time_Solve] No solution found, trying to apply waiting time:4
[Waiting_time_Solve] Applying waiting time 4 to agent 61 who has waiting time 122
[Waiting_time_Solve] New path is consistent after applying waiting time for agent 61
[Current_Solution] Agent 61 used 4 waiting timesteps, 118 remaining
[Waiting_time_Solve] Applied 4 waiting time  for agent 61 who has waiting time 118
[Waiting_time_Solve] Applying waiting time 4 to agent 42 who has waiting time 123
[Waiting_time_Solve] New path is consistent after applying waiting time for agent 42
[Current_Solution] Agent 42 used 4 waiting timesteps, 119 remaining
[Waiting_time_Solve] Applied 4 waiting time  for agent 42 who has waiting time 119
[Waiting_time_Solve] ALL Waiting time applied
[Waiting_time_Solve] Extended Zone end time from 14 to 18
[Create_Local_Problem] Agent 33 is new in the zone
[Create_Local_Problem] Agent 88 is new in the zone
[Waiting_time_Solve] Iteration 4...
[Waiting_time_Solve] Agent 196 pseudo agents: 202 
[Waiting_time_Solve] Agent 81 pseudo agents: 201 
[Waiting_time_Solve] Agent 42 pseudo agents: 200 203 
[SAT] Start solving CNF: 5277 clauses and 541 variables
[SAT] Agent 88 entry time: 17 exit time: 18
[SAT] Agent 33 entry time: 18 exit time: 18
[SAT] Agent 87 entry time: 12 exit time: 18
[SAT] Agent 203 entry time: 9 exit time: 15
[SAT] Agent 11 entry time: 1 exit time: 13
[SAT] Agent 42 entry time: 5 exit time: 5
[SAT] Agent 81 entry time: 3 exit time: 3
[SAT] Agent 200 entry time: 7 exit time: 7
[SAT] Agent 43 entry time: 5 exit time: 9
[SAT] Agent 54 entry time: 8 exit time: 18
[SAT] Agent 61 entry time: 0 exit time: 18
[SAT] Agent 191 entry time: 5 exit time: 14
[SAT] Agent 201 entry time: 5 exit time: 7
[SAT] Agent 196 entry time: 2 exit time: 3
[SAT] Agent 115 entry time: 0 exit time: 12
[SAT] Agent 57 entry time: 0 exit time: 6
[SAT] Agent 202 entry time: 5 exit time: 5

[SAT] Start time: 0 End time: 18

[SAT] Solving local zone with SAT iteration 1...
[SAT] Local CNF: 5296 clauses 

DEBUG: Adding 5296 new clauses to MiniSAT (incremental run)
DEBUG: Clause load summary: input=5296, added=5296, tautologies_skipped=0, duplicates_skipped=0, unit_clauses=52, empties=0, intra_clause_literals_removed=0, added_but_db_unchanged=68
DEBUG: After adding clauses, solver has 5176 clauses and 541 variables
DEBUG: MiniSAT found 541 variables
DEBUG: Assignment size: 541
DEBUG: First few assignment values: 1 1 1 1 1 1 1 1 1 1 

=== DEBUG: cnf_assignment_to_paths ===
Input assignment size: 541

=== END DEBUG ===
[SAT] Found 8 vertex collisions and 3 edge collisions
[SAT] Adding collision clauses and solving again...
[SAT] Solving local zone with SAT iteration 2...
[SAT] Local CNF: 5307 clauses 

DEBUG: Adding 11 new clauses to MiniSAT (incremental run)
[SAT] Previous assignment invalidated by new clauses, reset solver and retrying without assumptions...
DEBUG: Adding 5307 new clauses to MiniSAT (incremental run)
[SAT] Local problem appears to be unsatisfiable in current zone
[Waiting_time_Solve] No solution found, trying to apply waiting time:5
[Waiting_time_Solve] Applying waiting time 5 to agent 54 who has waiting time 120
[Waiting_time_Solve] New path is consistent after applying waiting time for agent 54
[Current_Solution] Agent 54 used 5 waiting timesteps, 115 remaining
[Waiting_time_Solve] Applied 5 waiting time  for agent 54 who has waiting time 115
[Waiting_time_Solve] Applying waiting time 5 to agent 61 who has waiting time 118
[Waiting_time_Solve] New path is consistent after applying waiting time for agent 61
[Current_Solution] Agent 61 used 5 waiting timesteps, 113 remaining
[Waiting_time_Solve] Applied 5 waiting time  for agent 61 who has waiting time 113
[Waiting_time_Solve] ALL Waiting time applied
[Waiting_time_Solve] Extended Zone end time from 18 to 23
[Create_Local_Problem] Agent 126 is new in the zone
[Waiting_time_Solve] Iteration 5...
[Waiting_time_Solve] Agent 196 pseudo agents: 202 
[Waiting_time_Solve] Agent 81 pseudo agents: 201 
[Waiting_time_Solve] Agent 42 pseudo agents: 200 203 
[SAT] Start solving CNF: 12532 clauses and 966 variables
[SAT] Agent 126 entry time: 19 exit time: 23
[SAT] Agent 88 entry time: 17 exit time: 23
[SAT] Agent 33 entry time: 18 exit time: 23
[SAT] Agent 87 entry time: 12 exit time: 22
[SAT] Agent 203 entry time: 9 exit time: 15
[SAT] Agent 11 entry time: 1 exit time: 13
[SAT] Agent 42 entry time: 5 exit time: 5
[SAT] Agent 81 entry time: 3 exit time: 3
[SAT] Agent 200 entry time: 7 exit time: 7
[SAT] Agent 43 entry time: 5 exit time: 9
[SAT] Agent 54 entry time: 8 exit time: 23
[SAT] Agent 61 entry time: 0 exit time: 23
[SAT] Agent 191 entry time: 5 exit time: 14
[SAT] Agent 201 entry time: 5 exit time: 7
[SAT] Agent 196 entry time: 2 exit time: 3
[SAT] Agent 115 entry time: 0 exit time: 12
[SAT] Agent 57 entry time: 0 exit time: 6
[SAT] Agent 202 entry time: 5 exit time: 5

[SAT] Start time: 0 End time: 23

[SAT] Solving local zone with SAT iteration 1...
[SAT] Local CNF: 12562 clauses 

DEBUG: Adding 12562 new clauses to MiniSAT (incremental run)
DEBUG: Clause load summary: input=12562, added=12562, tautologies_skipped=0, duplicates_skipped=0, unit_clauses=66, empties=0, intra_clause_literals_removed=0, added_but_db_unchanged=87
DEBUG: After adding clauses, solver has 12409 clauses and 966 variables
DEBUG: MiniSAT found 966 variables
DEBUG: Assignment size: 966
DEBUG: First few assignment values: 1 1 1 1 1 1 1 1 1 1 

=== DEBUG: cnf_assignment_to_paths ===
Input assignment size: 966

=== END DEBUG ===
[SAT] Found 11 vertex collisions and 4 edge collisions
[SAT] Adding collision clauses and solving again...
[SAT] Solving local zone with SAT iteration 2...
[SAT] Local CNF: 12577 clauses 

DEBUG: Adding 15 new clauses to MiniSAT (incremental run)
DEBUG: Clause load summary: input=15, added=15, tautologies_skipped=0, duplicates_skipped=0, unit_clauses=0, empties=0, intra_clause_literals_removed=0, added_but_db_unchanged=6
DEBUG: After adding clauses, solver has 12016 clauses and 966 variables
DEBUG: MiniSAT found 966 variables
DEBUG: Assignment size: 966
DEBUG: First few assignment values: 1 1 1 1 1 1 1 1 1 1 

=== DEBUG: cnf_assignment_to_paths ===
Input assignment size: 966

=== END DEBUG ===
[SAT] Found 5 vertex collisions and 1 edge collisions
[SAT] Adding collision clauses and solving again...
[SAT] Solving local zone with SAT iteration 3...
[SAT] Local CNF: 12583 clauses 

DEBUG: Adding 6 new clauses to MiniSAT (incremental run)
DEBUG: Clause load summary: input=6, added=6, tautologies_skipped=0, duplicates_skipped=0, unit_clauses=0, empties=0, intra_clause_literals_removed=0, added_but_db_unchanged=5
DEBUG: After adding clauses, solver has 12017 clauses and 966 variables
DEBUG: MiniSAT found 966 variables
DEBUG: Assignment size: 966
DEBUG: First few assignment values: 1 1 1 1 1 1 1 1 1 1 

=== DEBUG: cnf_assignment_to_paths ===
Input assignment size: 966

=== END DEBUG ===
[SAT] Found 0 vertex collisions and 0 edge collisions
[SAT] Found collision-free local solution!
[Waiting_time_Solve] Solution found, updating global solution
[LNS] Updating global solution with pseudo-agent local paths...
[Current_Solution] Updating global solution for agent 126
[Current_Solution] Global solution is consistent after updating with local path
[LNS] Successfully updated global solution with pseudo-agent local paths!
[Current_Solution] Updating global solution for agent 11
[Current_Solution] INFO: Segment 11 exit adjusted from 8 to 13 due to waiting time
[Current_Solution] Segment 11 lengthened by 5 timesteps; shifting suffix
[Current_Solution] Global solution is consistent before shifting suffix
[Current_Solution] Global solution is consistent after shifting suffix
[Current_Solution] Global solution is consistent after updating with local path
[LNS] Successfully updated global solution with pseudo-agent local paths!
[Current_Solution] Updating global solution for agent 42
[Current_Solution] Global solution is consistent after updating with local path
[Current_Solution] Global solution is consistent after updating with local path
[Current_Solution] INFO: Segment 203 exit adjusted from 9 to 15 due to waiting time
[Current_Solution] Segment 203 lengthened by 6 timesteps; shifting suffix
[Current_Solution] Global solution is consistent before shifting suffix
[Current_Solution] Global solution is consistent after shifting suffix
[Current_Solution] Global solution is consistent after updating with local path
[LNS] Successfully updated global solution with pseudo-agent local paths!
[Current_Solution] Updating global solution for agent 81
[Current_Solution] Global solution is consistent after updating with local path
[Current_Solution] Global solution is consistent after updating with local path
[LNS] Successfully updated global solution with pseudo-agent local paths!
[Current_Solution] Updating global solution for agent 43
[Current_Solution] INFO: Segment 43 exit adjusted from 8 to 9 due to waiting time
[Current_Solution] Segment 43 lengthened by 1 timesteps; shifting suffix
[Current_Solution] Global solution is consistent before shifting suffix
[Current_Solution] Global solution is consistent after shifting suffix
[Current_Solution] Global solution is consistent after updating with local path
[LNS] Successfully updated global solution with pseudo-agent local paths!
[Current_Solution] Updating global solution for agent 54
[Current_Solution] INFO: Segment 54 exit adjusted from 8 to 23 due to waiting time
[Current_Solution] Segment 54 lengthened by 15 timesteps; shifting suffix
[Current_Solution] Global solution is consistent before shifting suffix
[Current_Solution] Global solution is consistent after shifting suffix
[Current_Solution] Global solution is consistent after updating with local path
[LNS] Successfully updated global solution with pseudo-agent local paths!
[Current_Solution] Updating global solution for agent 115
[Current_Solution] INFO: Segment 115 exit adjusted from 8 to 12 due to waiting time
[Current_Solution] Segment 115 lengthened by 4 timesteps; shifting suffix
[Current_Solution] Global solution is consistent before shifting suffix
[Current_Solution] Global solution is consistent after shifting suffix
[Current_Solution] Global solution is consistent after updating with local path
[LNS] Successfully updated global solution with pseudo-agent local paths!
[Current_Solution] Updating global solution for agent 57
[Current_Solution] Global solution is consistent after updating with local path
[LNS] Successfully updated global solution with pseudo-agent local paths!
[Current_Solution] Updating global solution for agent 61
[Current_Solution] INFO: Segment 61 exit adjusted from 8 to 23 due to waiting time
[Current_Solution] Segment 61 lengthened by 15 timesteps; shifting suffix
[Current_Solution] Global solution is consistent before shifting suffix
[Current_Solution] Global solution is consistent after shifting suffix
[Current_Solution] Global solution is consistent after updating with local path
[LNS] Successfully updated global solution with pseudo-agent local paths!
[Current_Solution] Updating global solution for agent 191
[Current_Solution] INFO: Segment 191 exit adjusted from 8 to 14 due to waiting time
[Current_Solution] Segment 191 lengthened by 6 timesteps; shifting suffix
[Current_Solution] Global solution is consistent before shifting suffix
[Current_Solution] Global solution is consistent after shifting suffix
[Current_Solution] Global solution is consistent after updating with local path
[LNS] Successfully updated global solution with pseudo-agent local paths!
[Current_Solution] Updating global solution for agent 87
[Current_Solution] INFO: Segment 87 exit adjusted from 14 to 22 due to waiting time
[Current_Solution] Segment 87 lengthened by 8 timesteps; shifting suffix
[Current_Solution] Global solution is consistent before shifting suffix
[Current_Solution] Global solution is consistent after shifting suffix
[Current_Solution] Global solution is consistent after updating with local path
[LNS] Successfully updated global solution with pseudo-agent local paths!
[Current_Solution] Updating global solution for agent 196
[Current_Solution] Global solution is consistent after updating with local path
[Current_Solution] Global solution is consistent after updating with local path
[LNS] Successfully updated global solution with pseudo-agent local paths!
[Current_Solution] Updating global solution for agent 33
[Current_Solution] INFO: Segment 33 exit adjusted from 18 to 23 due to waiting time
[Current_Solution] Segment 33 lengthened by 5 timesteps; shifting suffix
[Current_Solution] Global solution is consistent before shifting suffix
[Current_Solution] Global solution is consistent after shifting suffix
[Current_Solution] Global solution is consistent after updating with local path
[LNS] Successfully updated global solution with pseudo-agent local paths!
[Current_Solution] Updating global solution for agent 88
[Current_Solution] INFO: Segment 88 exit adjusted from 18 to 23 due to waiting time
[Current_Solution] Segment 88 lengthened by 5 timesteps; shifting suffix
[Current_Solution] Global solution is consistent before shifting suffix
[Current_Solution] Global solution is consistent after shifting suffix
[Current_Solution] Global solution is consistent after updating with local path
[LNS] Successfully updated global solution with pseudo-agent local paths!
[LNS] Updating path map with new local paths...
[LNS] Successfully updated global solution with local paths and pseudo agents!
[Solve_local_zone] Successfully solved local zone
[Solve_local_zone] Final local zone size: 42 (1.15195% of all walkable positions)
[LNS] Successfully solved local zone
[LNS] Analyzing conflicts...
[LNS] Current solution: vertex collisions=5062, edge collisions=516
[LNS] Creating conflict buckets...
[LOCAL ZONE] Building diamond bucket for conflict 0
[LOCAL ZONE] Built diamond bucket for conflict 0 with 13 positions, 5 conflicts, 2 - 6 time window
[LNS] Selected most relevant bucket 0 with time window: 2 - 6, 5 conflicts and 13 positions.
[LNS] Solving the best bucket Local Zone...
[Solve_local_zone] Current local zone size: 13 (0.356555% of all walkable positions)
[Solve_local_zone] Local zone time window: [1, 7]
[Waiting_time_Solve] Agent 0 has waiting time 87
[Waiting_time_Solve] Agent 1 has waiting time 57
[Waiting_time_Solve] Agent 2 has waiting time 107
[Waiting_time_Solve] Agent 3 has waiting time 11
[Waiting_time_Solve] Agent 4 has waiting time 179
[Waiting_time_Solve] Agent 5 has waiting time 161
[Waiting_time_Solve] Agent 6 has waiting time 97
[Waiting_time_Solve] Agent 7 has waiting time 154
[Waiting_time_Solve] Agent 8 has waiting time 74
[Waiting_time_Solve] Agent 9 has waiting time 3
[Waiting_time_Solve] Agent 10 has waiting time 0
[Waiting_time_Solve] Agent 11 has waiting time 117
[Waiting_time_Solve] Agent 12 has waiting time 120
[Waiting_time_Solve] Agent 13 has waiting time 2
[Waiting_time_Solve] Agent 14 has waiting time 107
[Waiting_time_Solve] Agent 15 has waiting time 164
[Waiting_time_Solve] Agent 16 has waiting time 165
[Waiting_time_Solve] Agent 17 has waiting time 170
[Waiting_time_Solve] Agent 18 has waiting time 116
[Waiting_time_Solve] Agent 19 has waiting time 103
[Waiting_time_Solve] Agent 20 has waiting time 25
[Waiting_time_Solve] Agent 21 has waiting time 92
[Waiting_time_Solve] Agent 22 has waiting time 117
[Waiting_time_Solve] Agent 23 has waiting time 88
[Waiting_time_Solve] Agent 24 has waiting time 117
[Waiting_time_Solve] Agent 25 has waiting time 160
[Waiting_time_Solve] Agent 26 has waiting time 74
[Waiting_time_Solve] Agent 27 has waiting time 27
[Waiting_time_Solve] Agent 28 has waiting time 114
[Waiting_time_Solve] Agent 29 has waiting time 65
[Waiting_time_Solve] Agent 30 has waiting time 8
[Waiting_time_Solve] Agent 31 has waiting time 10
[Waiting_time_Solve] Agent 32 has waiting time 100
[Waiting_time_Solve] Agent 33 has waiting time 134
[Waiting_time_Solve] Agent 34 has waiting time 27
[Waiting_time_Solve] Agent 35 has waiting time 176
[Waiting_time_Solve] Agent 36 has waiting time 61
[Waiting_time_Solve] Agent 37 has waiting time 82
[Waiting_time_Solve] Agent 38 has waiting time 11
[Waiting_time_Solve] Agent 39 has waiting time 55
[Waiting_time_Solve] Agent 40 has waiting time 40
[Waiting_time_Solve] Agent 41 has waiting time 116
[Waiting_time_Solve] Agent 42 has waiting time 119
[Waiting_time_Solve] Agent 43 has waiting time 129
[Waiting_time_Solve] Agent 44 has waiting time 178
[Waiting_time_Solve] Agent 45 has waiting time 0
[Waiting_time_Solve] Agent 46 has waiting time 116
[Waiting_time_Solve] Agent 47 has waiting time 10
[Waiting_time_Solve] Agent 48 has waiting time 178
[Waiting_time_Solve] Agent 49 has waiting time 37
[Waiting_time_Solve] Agent 50 has waiting time 47
[Waiting_time_Solve] Agent 51 has waiting time 183
[Waiting_time_Solve] Agent 52 has waiting time 139
[Waiting_time_Solve] Agent 53 has waiting time 29
[Waiting_time_Solve] Agent 54 has waiting time 115
[Waiting_time_Solve] Agent 55 has waiting time 177
[Waiting_time_Solve] Agent 56 has waiting time 21
[Waiting_time_Solve] Agent 57 has waiting time 111
[Waiting_time_Solve] Agent 58 has waiting time 45
[Waiting_time_Solve] Agent 59 has waiting time 103
[Waiting_time_Solve] Agent 60 has waiting time 93
[Waiting_time_Solve] Agent 61 has waiting time 113
[Waiting_time_Solve] Agent 62 has waiting time 148
[Waiting_time_Solve] Agent 63 has waiting time 134
[Waiting_time_Solve] Agent 64 has waiting time 117
[Waiting_time_Solve] Agent 65 has waiting time 35
[Waiting_time_Solve] Agent 66 has waiting time 106
[Waiting_time_Solve] Agent 67 has waiting time 41
[Waiting_time_Solve] Agent 68 has waiting time 78
[Waiting_time_Solve] Agent 69 has waiting time 67
[Waiting_time_Solve] Agent 70 has waiting time 135
[Waiting_time_Solve] Agent 71 has waiting time 57
[Waiting_time_Solve] Agent 72 has waiting time 60
[Waiting_time_Solve] Agent 73 has waiting time 162
[Waiting_time_Solve] Agent 74 has waiting time 188
[Waiting_time_Solve] Agent 75 has waiting time 65
[Waiting_time_Solve] Agent 76 has waiting time 46
[Waiting_time_Solve] Agent 77 has waiting time 117
[Waiting_time_Solve] Agent 78 has waiting time 115
[Waiting_time_Solve] Agent 79 has waiting time 21
[Waiting_time_Solve] Agent 80 has waiting time 5
[Waiting_time_Solve] Agent 81 has waiting time 138
[Waiting_time_Solve] Agent 82 has waiting time 179
[Waiting_time_Solve] Agent 83 has waiting time 39
[Waiting_time_Solve] Agent 84 has waiting time 85
[Waiting_time_Solve] Agent 85 has waiting time 134
[Waiting_time_Solve] Agent 86 has waiting time 152
[Waiting_time_Solve] Agent 87 has waiting time 88
[Waiting_time_Solve] Agent 88 has waiting time 95
[Waiting_time_Solve] Agent 89 has waiting time 125
[Waiting_time_Solve] Agent 90 has waiting time 82
[Waiting_time_Solve] Agent 91 has waiting time 157
[Waiting_time_Solve] Agent 92 has waiting time 124
[Waiting_time_Solve] Agent 93 has waiting time 177
[Waiting_time_Solve] Agent 94 has waiting time 17
[Waiting_time_Solve] Agent 95 has waiting time 123
[Waiting_time_Solve] Agent 96 has waiting time 90
[Waiting_time_Solve] Agent 97 has waiting time 65
[Waiting_time_Solve] Agent 98 has waiting time 32
[Waiting_time_Solve] Agent 99 has waiting time 65
[Waiting_time_Solve] Agent 100 has waiting time 27
[Waiting_time_Solve] Agent 101 has waiting time 162
[Waiting_time_Solve] Agent 102 has waiting time 50
[Waiting_time_Solve] Agent 103 has waiting time 135
[Waiting_time_Solve] Agent 104 has waiting time 187
[Waiting_time_Solve] Agent 105 has waiting time 89
[Waiting_time_Solve] Agent 106 has waiting time 139
[Waiting_time_Solve] Agent 107 has waiting time 167
[Waiting_time_Solve] Agent 108 has waiting time 156
[Waiting_time_Solve] Agent 109 has waiting time 31
[Waiting_time_Solve] Agent 110 has waiting time 65
[Waiting_time_Solve] Agent 111 has waiting time 60
[Waiting_time_Solve] Agent 112 has waiting time 44
[Waiting_time_Solve] Agent 113 has waiting time 172
[Waiting_time_Solve] Agent 114 has waiting time 12
[Waiting_time_Solve] Agent 115 has waiting time 127
[Waiting_time_Solve] Agent 116 has waiting time 177
[Waiting_time_Solve] Agent 117 has waiting time 46
[Waiting_time_Solve] Agent 118 has waiting time 7
[Waiting_time_Solve] Agent 119 has waiting time 107
[Waiting_time_Solve] Agent 120 has waiting time 75
[Waiting_time_Solve] Agent 121 has waiting time 135
[Waiting_time_Solve] Agent 122 has waiting time 88
[Waiting_time_Solve] Agent 123 has waiting time 36
[Waiting_time_Solve] Agent 124 has waiting time 18
[Waiting_time_Solve] Agent 125 has waiting time 68
[Waiting_time_Solve] Agent 126 has waiting time 92
[Waiting_time_Solve] Agent 127 has waiting time 59
[Waiting_time_Solve] Agent 128 has waiting time 149
[Waiting_time_Solve] Agent 129 has waiting time 33
[Waiting_time_Solve] Agent 130 has waiting time 54
[Waiting_time_Solve] Agent 131 has waiting time 32
[Waiting_time_Solve] Agent 132 has waiting time 186
[Waiting_time_Solve] Agent 133 has waiting time 79
[Waiting_time_Solve] Agent 134 has waiting time 17
[Waiting_time_Solve] Agent 135 has waiting time 82
[Waiting_time_Solve] Agent 136 has waiting time 73
[Waiting_time_Solve] Agent 137 has waiting time 160
[Waiting_time_Solve] Agent 138 has waiting time 148
[Waiting_time_Solve] Agent 139 has waiting time 171
[Waiting_time_Solve] Agent 140 has waiting time 154
[Waiting_time_Solve] Agent 141 has waiting time 96
[Waiting_time_Solve] Agent 142 has waiting time 37
[Waiting_time_Solve] Agent 143 has waiting time 63
[Waiting_time_Solve] Agent 144 has waiting time 32
[Waiting_time_Solve] Agent 145 has waiting time 182
[Waiting_time_Solve] Agent 146 has waiting time 129
[Waiting_time_Solve] Agent 147 has waiting time 158
[Waiting_time_Solve] Agent 148 has waiting time 8
[Waiting_time_Solve] Agent 149 has waiting time 132
[Waiting_time_Solve] Agent 150 has waiting time 51
[Waiting_time_Solve] Agent 151 has waiting time 105
[Waiting_time_Solve] Agent 152 has waiting time 34
[Waiting_time_Solve] Agent 153 has waiting time 185
[Waiting_time_Solve] Agent 154 has waiting time 17
[Waiting_time_Solve] Agent 155 has waiting time 143
[Waiting_time_Solve] Agent 156 has waiting time 169
[Waiting_time_Solve] Agent 157 has waiting time 177
[Waiting_time_Solve] Agent 158 has waiting time 12
[Waiting_time_Solve] Agent 159 has waiting time 77
[Waiting_time_Solve] Agent 160 has waiting time 132
[Waiting_time_Solve] Agent 161 has waiting time 21
[Waiting_time_Solve] Agent 162 has waiting time 26
[Waiting_time_Solve] Agent 163 has waiting time 137
[Waiting_time_Solve] Agent 164 has waiting time 78
[Waiting_time_Solve] Agent 165 has waiting time 57
[Waiting_time_Solve] Agent 166 has waiting time 155
[Waiting_time_Solve] Agent 167 has waiting time 148
[Waiting_time_Solve] Agent 168 has waiting time 145
[Waiting_time_Solve] Agent 169 has waiting time 4
[Waiting_time_Solve] Agent 170 has waiting time 133
[Waiting_time_Solve] Agent 171 has waiting time 2
[Waiting_time_Solve] Agent 172 has waiting time 84
[Waiting_time_Solve] Agent 173 has waiting time 109
[Waiting_time_Solve] Agent 174 has waiting time 166
[Waiting_time_Solve] Agent 175 has waiting time 3
[Waiting_time_Solve] Agent 176 has waiting time 114
[Waiting_time_Solve] Agent 177 has waiting time 40
[Waiting_time_Solve] Agent 178 has waiting time 85
[Waiting_time_Solve] Agent 179 has waiting time 11
[Waiting_time_Solve] Agent 180 has waiting time 182
[Waiting_time_Solve] Agent 181 has waiting time 70
[Waiting_time_Solve] Agent 182 has waiting time 135
[Waiting_time_Solve] Agent 183 has waiting time 83
[Waiting_time_Solve] Agent 184 has waiting time 20
[Waiting_time_Solve] Agent 185 has waiting time 42
[Waiting_time_Solve] Agent 186 has waiting time 42
[Waiting_time_Solve] Agent 187 has waiting time 173
[Waiting_time_Solve] Agent 188 has waiting time 132
[Waiting_time_Solve] Agent 189 has waiting time 44
[Waiting_time_Solve] Agent 190 has waiting time 32
[Waiting_time_Solve] Agent 191 has waiting time 92
[Waiting_time_Solve] Agent 192 has waiting time 43
[Waiting_time_Solve] Agent 193 has waiting time 36
[Waiting_time_Solve] Agent 194 has waiting time 85
[Waiting_time_Solve] Agent 195 has waiting time 162
[Waiting_time_Solve] Agent 196 has waiting time 175
[Waiting_time_Solve] Agent 197 has waiting time 181
[Waiting_time_Solve] Agent 198 has waiting time 23
[Waiting_time_Solve] Agent 199 has waiting time 118
[Waiting_time_Solve] Total available waiting time: 18496
[Waiting_time_Solve] Max iterations: 18496
[Waiting_time_Solve] Iteration 0...
[SAT] Start solving CNF: 54 clauses and 30 variables
[SAT] Agent 180 entry time: 1 exit time: 7
[SAT] Agent 123 entry time: 7 exit time: 7
[SAT] Agent 72 entry time: 6 exit time: 6
[SAT] Agent 62 entry time: 5 exit time: 7
[SAT] Agent 27 entry time: 1 exit time: 7
[SAT] Agent 22 entry time: 4 exit time: 7

[SAT] Start time: 1 End time: 7

[SAT] Solving local zone with SAT iteration 1...
[SAT] Local CNF: 54 clauses 

DEBUG: Adding 54 new clauses to MiniSAT (incremental run)
DEBUG: Clause load summary: input=54, added=54, tautologies_skipped=0, duplicates_skipped=0, unit_clauses=16, empties=0, intra_clause_literals_removed=0, added_but_db_unchanged=13
DEBUG: After adding clauses, solver has 25 clauses and 30 variables
DEBUG: MiniSAT found 30 variables
DEBUG: Assignment size: 30
DEBUG: First few assignment values: 1 0 1 0 1 0 1 0 1 1 

=== DEBUG: cnf_assignment_to_paths ===
Input assignment size: 30

=== END DEBUG ===
[SAT] Found 8 vertex collisions and 0 edge collisions
[SAT] Adding collision clauses and solving again...
[SAT] Solving local zone with SAT iteration 2...
[SAT] Local CNF: 62 clauses 

DEBUG: Adding 8 new clauses to MiniSAT (incremental run)
[SAT] Local problem appears to be unsatisfiable in current zone
[Waiting_time_Solve] No solution found, trying to apply waiting time:1
[Waiting_time_Solve] Applying waiting time 1 to agent 62 who has waiting time 148
[Waiting_time_Solve] New path is consistent after applying waiting time for agent 62
[Current_Solution] Agent 62 used 1 waiting timesteps, 147 remaining
[Waiting_time_Solve] Applied 1 waiting time  for agent 62 who has waiting time 147
[Waiting_time_Solve] Applying waiting time 1 to agent 180 who has waiting time 182
[Current_Solution] Agent 180 used 1 waiting timesteps, 181 remaining
[Waiting_time_Solve] New path is consistent after applying waiting time for agent 180
[Current_Solution] Agent 180 used 1 waiting timesteps, 180 remaining
[Waiting_time_Solve] Applied 1 waiting time  for agent 180 who has waiting time 180
[Waiting_time_Solve] ALL Waiting time applied
[Waiting_time_Solve] Extended Zone end time from 7 to 8
[Waiting_time_Solve] Iteration 1...
[SAT] Start solving CNF: 103 clauses and 48 variables
[SAT] Agent 180 entry time: 1 exit time: 8
[SAT] Agent 123 entry time: 7 exit time: 8
[SAT] Agent 72 entry time: 6 exit time: 6
[SAT] Agent 62 entry time: 5 exit time: 8
[SAT] Agent 27 entry time: 1 exit time: 7
[SAT] Agent 22 entry time: 4 exit time: 8

[SAT] Start time: 1 End time: 8

[SAT] Solving local zone with SAT iteration 1...
[SAT] Local CNF: 111 clauses 

DEBUG: Adding 111 new clauses to MiniSAT (incremental run)
DEBUG: Clause load summary: input=111, added=111, tautologies_skipped=0, duplicates_skipped=0, unit_clauses=16, empties=0, intra_clause_literals_removed=0, added_but_db_unchanged=20
DEBUG: After adding clauses, solver has 75 clauses and 48 variables
DEBUG: MiniSAT found 48 variables
DEBUG: Assignment size: 48
DEBUG: First few assignment values: 1 1 0 0 1 0 0 0 1 0 

=== DEBUG: cnf_assignment_to_paths ===
Input assignment size: 48

=== END DEBUG ===
[SAT] Found 1 vertex collisions and 0 edge collisions
[SAT] Adding collision clauses and solving again...
[SAT] Solving local zone with SAT iteration 2...
[SAT] Local CNF: 112 clauses 

DEBUG: Adding 1 new clauses to MiniSAT (incremental run)
DEBUG: Clause load summary: input=1, added=1, tautologies_skipped=0, duplicates_skipped=0, unit_clauses=0, empties=0, intra_clause_literals_removed=0, added_but_db_unchanged=1
DEBUG: After adding clauses, solver has 42 clauses and 48 variables
DEBUG: MiniSAT found 48 variables
DEBUG: Assignment size: 48
DEBUG: First few assignment values: 1 1 0 0 1 0 0 0 1 0 

=== DEBUG: cnf_assignment_to_paths ===
Input assignment size: 48

=== END DEBUG ===
[SAT] Found 0 vertex collisions and 0 edge collisions
[SAT] Found collision-free local solution!
[Waiting_time_Solve] Solution found, updating global solution
[LNS] Updating global solution with pseudo-agent local paths...
[Current_Solution] Updating global solution for agent 180
[Current_Solution] INFO: Segment 180 exit adjusted from 7 to 8 due to waiting time
[Current_Solution] Segment 180 lengthened by 1 timesteps; shifting suffix
[Current_Solution] Global solution is consistent before shifting suffix
[Current_Solution] Global solution is consistent after shifting suffix
[Current_Solution] Global solution is consistent after updating with local path
[LNS] Successfully updated global solution with pseudo-agent local paths!
[Current_Solution] Updating global solution for agent 123
[Current_Solution] INFO: Segment 123 exit adjusted from 7 to 8 due to waiting time
[Current_Solution] Segment 123 lengthened by 1 timesteps; shifting suffix
[Current_Solution] Global solution is consistent before shifting suffix
[Current_Solution] Global solution is consistent after shifting suffix
[Current_Solution] Global solution is consistent after updating with local path
[LNS] Successfully updated global solution with pseudo-agent local paths!
[Current_Solution] Updating global solution for agent 72
[Current_Solution] Global solution is consistent after updating with local path
[LNS] Successfully updated global solution with pseudo-agent local paths!
[Current_Solution] Updating global solution for agent 62
[Current_Solution] INFO: Segment 62 exit adjusted from 7 to 8 due to waiting time
[Current_Solution] Segment 62 lengthened by 1 timesteps; shifting suffix
[Current_Solution] Global solution is consistent before shifting suffix
[Current_Solution] Global solution is consistent after shifting suffix
[Current_Solution] Global solution is consistent after updating with local path
[LNS] Successfully updated global solution with pseudo-agent local paths!
[Current_Solution] Updating global solution for agent 27
[Current_Solution] Global solution is consistent after updating with local path
[LNS] Successfully updated global solution with pseudo-agent local paths!
[Current_Solution] Updating global solution for agent 22
[Current_Solution] INFO: Segment 22 exit adjusted from 7 to 8 due to waiting time
[Current_Solution] Segment 22 lengthened by 1 timesteps; shifting suffix
[Current_Solution] Global solution is consistent before shifting suffix
[Current_Solution] Global solution is consistent after shifting suffix
[Current_Solution] Global solution is consistent after updating with local path
[LNS] Successfully updated global solution with pseudo-agent local paths!
[LNS] Updating path map with new local paths...
[LNS] Successfully updated global solution with local paths and pseudo agents!
[Solve_local_zone] Successfully solved local zone
[Solve_local_zone] Final local zone size: 13 (0.356555% of all walkable positions)
[LNS] Successfully solved local zone
[LNS] Analyzing conflicts...
[LNS] Current solution: vertex collisions=5057, edge collisions=515
[LNS] Creating conflict buckets...
[LOCAL ZONE] Building diamond bucket for conflict 0
[LOCAL ZONE] Built diamond bucket for conflict 0 with 5 positions, 1 conflicts, 3 - 3 time window
[LOCAL ZONE] Building diamond bucket for conflict 1
[LOCAL ZONE] Built diamond bucket for conflict 1 with 5 positions, 1 conflicts, 3 - 3 time window
[LOCAL ZONE] Building diamond bucket for conflict 2
[LOCAL ZONE] Built diamond bucket for conflict 2 with 5 positions, 1 conflicts, 3 - 3 time window
[LOCAL ZONE] Building diamond bucket for conflict 3
[LOCAL ZONE] Built diamond bucket for conflict 3 with 24 positions, 7 conflicts, 3 - 9 time window
[LOCAL ZONE] Building diamond bucket for conflict 4
[LOCAL ZONE] Built diamond bucket for conflict 4 with 183 positions, 560 conflicts, 3 - 51 time window
[LNS] Selected most relevant bucket 4 with time window: 3 - 51, 560 conflicts and 183 positions.
[LNS] Solving the best bucket Local Zone...
[Solve_local_zone] Current local zone size: 183 (5.0192% of all walkable positions)
[Solve_local_zone] Local zone time window: [2, 52]
[Create_Local_problem] Agent 24 returned to the zone 3 times within time window
[Create_Local_problem] Agent 36 returned to the zone 1 times within time window
[Create_Local_problem] Agent 39 returned to the zone 1 times within time window
[Create_Local_problem] Agent 46 returned to the zone 1 times within time window
[Create_Local_problem] Agent 47 returned to the zone 1 times within time window
[Create_Local_problem] Agent 53 returned to the zone 2 times within time window
[Create_Local_problem] Agent 60 returned to the zone 1 times within time window
[Create_Local_problem] Agent 76 returned to the zone 1 times within time window
[Create_Local_problem] Agent 99 returned to the zone 1 times within time window
[Create_Local_problem] Agent 114 returned to the zone 1 times within time window
[Create_Local_problem] Agent 118 returned to the zone 1 times within time window
[Create_Local_problem] Agent 119 returned to the zone 1 times within time window
[Create_Local_problem] Agent 143 returned to the zone 1 times within time window
[Create_Local_problem] Agent 184 returned to the zone 1 times within time window
[Create_Local_problem] Agent 185 returned to the zone 1 times within time window
[Create_Local_problem] Agent 189 returned to the zone 1 times within time window
[Create_Local_problem] Agent 194 returned to the zone 1 times within time window
[Waiting_time_Solve] Agent 0 has waiting time 87
[Waiting_time_Solve] Agent 1 has waiting time 57
[Waiting_time_Solve] Agent 2 has waiting time 107
[Waiting_time_Solve] Agent 3 has waiting time 11
[Waiting_time_Solve] Agent 4 has waiting time 179
[Waiting_time_Solve] Agent 5 has waiting time 161
[Waiting_time_Solve] Agent 6 has waiting time 97
[Waiting_time_Solve] Agent 7 has waiting time 154
[Waiting_time_Solve] Agent 8 has waiting time 74
[Waiting_time_Solve] Agent 9 has waiting time 3
[Waiting_time_Solve] Agent 10 has waiting time 0
[Waiting_time_Solve] Agent 11 has waiting time 117
[Waiting_time_Solve] Agent 12 has waiting time 120
[Waiting_time_Solve] Agent 13 has waiting time 2
[Waiting_time_Solve] Agent 14 has waiting time 107
[Waiting_time_Solve] Agent 15 has waiting time 164
[Waiting_time_Solve] Agent 16 has waiting time 165
[Waiting_time_Solve] Agent 17 has waiting time 170
[Waiting_time_Solve] Agent 18 has waiting time 116
[Waiting_time_Solve] Agent 19 has waiting time 103
[Waiting_time_Solve] Agent 20 has waiting time 25
[Waiting_time_Solve] Agent 21 has waiting time 92
[Waiting_time_Solve] Agent 22 has waiting time 117
[Waiting_time_Solve] Agent 23 has waiting time 88
[Waiting_time_Solve] Agent 24 has waiting time 117
[Waiting_time_Solve] Agent 25 has waiting time 160
[Waiting_time_Solve] Agent 26 has waiting time 74
[Waiting_time_Solve] Agent 27 has waiting time 27
[Waiting_time_Solve] Agent 28 has waiting time 114
[Waiting_time_Solve] Agent 29 has waiting time 65
[Waiting_time_Solve] Agent 30 has waiting time 8
[Waiting_time_Solve] Agent 31 has waiting time 10
[Waiting_time_Solve] Agent 32 has waiting time 100
[Waiting_time_Solve] Agent 33 has waiting time 134
[Waiting_time_Solve] Agent 34 has waiting time 27
[Waiting_time_Solve] Agent 35 has waiting time 176
[Waiting_time_Solve] Agent 36 has waiting time 61
[Waiting_time_Solve] Agent 37 has waiting time 82
[Waiting_time_Solve] Agent 38 has waiting time 11
[Waiting_time_Solve] Agent 39 has waiting time 55
[Waiting_time_Solve] Agent 40 has waiting time 40
[Waiting_time_Solve] Agent 41 has waiting time 116
[Waiting_time_Solve] Agent 42 has waiting time 119
[Waiting_time_Solve] Agent 43 has waiting time 129
[Waiting_time_Solve] Agent 44 has waiting time 178
[Waiting_time_Solve] Agent 45 has waiting time 0
[Waiting_time_Solve] Agent 46 has waiting time 116
[Waiting_time_Solve] Agent 47 has waiting time 10
[Waiting_time_Solve] Agent 48 has waiting time 178
[Waiting_time_Solve] Agent 49 has waiting time 37
[Waiting_time_Solve] Agent 50 has waiting time 47
[Waiting_time_Solve] Agent 51 has waiting time 183
[Waiting_time_Solve] Agent 52 has waiting time 139
[Waiting_time_Solve] Agent 53 has waiting time 29
[Waiting_time_Solve] Agent 54 has waiting time 115
[Waiting_time_Solve] Agent 55 has waiting time 177
[Waiting_time_Solve] Agent 56 has waiting time 21
[Waiting_time_Solve] Agent 57 has waiting time 111
[Waiting_time_Solve] Agent 58 has waiting time 45
[Waiting_time_Solve] Agent 59 has waiting time 103
[Waiting_time_Solve] Agent 60 has waiting time 93
[Waiting_time_Solve] Agent 61 has waiting time 113
[Waiting_time_Solve] Agent 62 has waiting time 147
[Waiting_time_Solve] Agent 63 has waiting time 134
[Waiting_time_Solve] Agent 64 has waiting time 117
[Waiting_time_Solve] Agent 65 has waiting time 35
[Waiting_time_Solve] Agent 66 has waiting time 106
[Waiting_time_Solve] Agent 67 has waiting time 41
[Waiting_time_Solve] Agent 68 has waiting time 78
[Waiting_time_Solve] Agent 69 has waiting time 67
[Waiting_time_Solve] Agent 70 has waiting time 135
[Waiting_time_Solve] Agent 71 has waiting time 57
[Waiting_time_Solve] Agent 72 has waiting time 60
[Waiting_time_Solve] Agent 73 has waiting time 162
[Waiting_time_Solve] Agent 74 has waiting time 188
[Waiting_time_Solve] Agent 75 has waiting time 65
[Waiting_time_Solve] Agent 76 has waiting time 46
[Waiting_time_Solve] Agent 77 has waiting time 117
[Waiting_time_Solve] Agent 78 has waiting time 115
[Waiting_time_Solve] Agent 79 has waiting time 21
[Waiting_time_Solve] Agent 80 has waiting time 5
[Waiting_time_Solve] Agent 81 has waiting time 138
[Waiting_time_Solve] Agent 82 has waiting time 179
[Waiting_time_Solve] Agent 83 has waiting time 39
[Waiting_time_Solve] Agent 84 has waiting time 85
[Waiting_time_Solve] Agent 85 has waiting time 134
[Waiting_time_Solve] Agent 86 has waiting time 152
[Waiting_time_Solve] Agent 87 has waiting time 88
[Waiting_time_Solve] Agent 88 has waiting time 95
[Waiting_time_Solve] Agent 89 has waiting time 125
[Waiting_time_Solve] Agent 90 has waiting time 82
[Waiting_time_Solve] Agent 91 has waiting time 157
[Waiting_time_Solve] Agent 92 has waiting time 124
[Waiting_time_Solve] Agent 93 has waiting time 177
[Waiting_time_Solve] Agent 94 has waiting time 17
[Waiting_time_Solve] Agent 95 has waiting time 123
[Waiting_time_Solve] Agent 96 has waiting time 90
[Waiting_time_Solve] Agent 97 has waiting time 65
[Waiting_time_Solve] Agent 98 has waiting time 32
[Waiting_time_Solve] Agent 99 has waiting time 65
[Waiting_time_Solve] Agent 100 has waiting time 27
[Waiting_time_Solve] Agent 101 has waiting time 162
[Waiting_time_Solve] Agent 102 has waiting time 50
[Waiting_time_Solve] Agent 103 has waiting time 135
[Waiting_time_Solve] Agent 104 has waiting time 187
[Waiting_time_Solve] Agent 105 has waiting time 89
[Waiting_time_Solve] Agent 106 has waiting time 139
[Waiting_time_Solve] Agent 107 has waiting time 167
[Waiting_time_Solve] Agent 108 has waiting time 156
[Waiting_time_Solve] Agent 109 has waiting time 31
[Waiting_time_Solve] Agent 110 has waiting time 65
[Waiting_time_Solve] Agent 111 has waiting time 60
[Waiting_time_Solve] Agent 112 has waiting time 44
[Waiting_time_Solve] Agent 113 has waiting time 172
[Waiting_time_Solve] Agent 114 has waiting time 12
[Waiting_time_Solve] Agent 115 has waiting time 127
[Waiting_time_Solve] Agent 116 has waiting time 177
[Waiting_time_Solve] Agent 117 has waiting time 46
[Waiting_time_Solve] Agent 118 has waiting time 7
[Waiting_time_Solve] Agent 119 has waiting time 107
[Waiting_time_Solve] Agent 120 has waiting time 75
[Waiting_time_Solve] Agent 121 has waiting time 135
[Waiting_time_Solve] Agent 122 has waiting time 88
[Waiting_time_Solve] Agent 123 has waiting time 36
[Waiting_time_Solve] Agent 124 has waiting time 18
[Waiting_time_Solve] Agent 125 has waiting time 68
[Waiting_time_Solve] Agent 126 has waiting time 92
[Waiting_time_Solve] Agent 127 has waiting time 59
[Waiting_time_Solve] Agent 128 has waiting time 149
[Waiting_time_Solve] Agent 129 has waiting time 33
[Waiting_time_Solve] Agent 130 has waiting time 54
[Waiting_time_Solve] Agent 131 has waiting time 32
[Waiting_time_Solve] Agent 132 has waiting time 186
[Waiting_time_Solve] Agent 133 has waiting time 79
[Waiting_time_Solve] Agent 134 has waiting time 17
[Waiting_time_Solve] Agent 135 has waiting time 82
[Waiting_time_Solve] Agent 136 has waiting time 73
[Waiting_time_Solve] Agent 137 has waiting time 160
[Waiting_time_Solve] Agent 138 has waiting time 148
[Waiting_time_Solve] Agent 139 has waiting time 171
[Waiting_time_Solve] Agent 140 has waiting time 154
[Waiting_time_Solve] Agent 141 has waiting time 96
[Waiting_time_Solve] Agent 142 has waiting time 37
[Waiting_time_Solve] Agent 143 has waiting time 63
[Waiting_time_Solve] Agent 144 has waiting time 32
[Waiting_time_Solve] Agent 145 has waiting time 182
[Waiting_time_Solve] Agent 146 has waiting time 129
[Waiting_time_Solve] Agent 147 has waiting time 158
[Waiting_time_Solve] Agent 148 has waiting time 8
[Waiting_time_Solve] Agent 149 has waiting time 132
[Waiting_time_Solve] Agent 150 has waiting time 51
[Waiting_time_Solve] Agent 151 has waiting time 105
[Waiting_time_Solve] Agent 152 has waiting time 34
[Waiting_time_Solve] Agent 153 has waiting time 185
[Waiting_time_Solve] Agent 154 has waiting time 17
[Waiting_time_Solve] Agent 155 has waiting time 143
[Waiting_time_Solve] Agent 156 has waiting time 169
[Waiting_time_Solve] Agent 157 has waiting time 177
[Waiting_time_Solve] Agent 158 has waiting time 12
[Waiting_time_Solve] Agent 159 has waiting time 77
[Waiting_time_Solve] Agent 160 has waiting time 132
[Waiting_time_Solve] Agent 161 has waiting time 21
[Waiting_time_Solve] Agent 162 has waiting time 26
[Waiting_time_Solve] Agent 163 has waiting time 137
[Waiting_time_Solve] Agent 164 has waiting time 78
[Waiting_time_Solve] Agent 165 has waiting time 57
[Waiting_time_Solve] Agent 166 has waiting time 155
[Waiting_time_Solve] Agent 167 has waiting time 148
[Waiting_time_Solve] Agent 168 has waiting time 145
[Waiting_time_Solve] Agent 169 has waiting time 4
[Waiting_time_Solve] Agent 170 has waiting time 133
[Waiting_time_Solve] Agent 171 has waiting time 2
[Waiting_time_Solve] Agent 172 has waiting time 84
[Waiting_time_Solve] Agent 173 has waiting time 109
[Waiting_time_Solve] Agent 174 has waiting time 166
[Waiting_time_Solve] Agent 175 has waiting time 3
[Waiting_time_Solve] Agent 176 has waiting time 114
[Waiting_time_Solve] Agent 177 has waiting time 40
[Waiting_time_Solve] Agent 178 has waiting time 85
[Waiting_time_Solve] Agent 179 has waiting time 11
[Waiting_time_Solve] Agent 180 has waiting time 180
[Waiting_time_Solve] Agent 181 has waiting time 70
[Waiting_time_Solve] Agent 182 has waiting time 135
[Waiting_time_Solve] Agent 183 has waiting time 83
[Waiting_time_Solve] Agent 184 has waiting time 20
[Waiting_time_Solve] Agent 185 has waiting time 42
[Waiting_time_Solve] Agent 186 has waiting time 42
[Waiting_time_Solve] Agent 187 has waiting time 173
[Waiting_time_Solve] Agent 188 has waiting time 132
[Waiting_time_Solve] Agent 189 has waiting time 44
[Waiting_time_Solve] Agent 190 has waiting time 32
[Waiting_time_Solve] Agent 191 has waiting time 92
[Waiting_time_Solve] Agent 192 has waiting time 43
[Waiting_time_Solve] Agent 193 has waiting time 36
[Waiting_time_Solve] Agent 194 has waiting time 85
[Waiting_time_Solve] Agent 195 has waiting time 162
[Waiting_time_Solve] Agent 196 has waiting time 175
[Waiting_time_Solve] Agent 197 has waiting time 181
[Waiting_time_Solve] Agent 198 has waiting time 23
[Waiting_time_Solve] Agent 199 has waiting time 118
[Waiting_time_Solve] Total available waiting time: 18493
[Waiting_time_Solve] Max iterations: 18493
[Waiting_time_Solve] Iteration 0...
[Waiting_time_Solve] Agent 189 pseudo agents: 218 
[Waiting_time_Solve] Agent 143 pseudo agents: 215 
[Waiting_time_Solve] Agent 118 pseudo agents: 213 
[Waiting_time_Solve] Agent 114 pseudo agents: 212 
[Waiting_time_Solve] Agent 99 pseudo agents: 211 
[Waiting_time_Solve] Agent 185 pseudo agents: 217 
[Waiting_time_Solve] Agent 36 pseudo agents: 203 
[Waiting_time_Solve] Agent 119 pseudo agents: 214 
[Waiting_time_Solve] Agent 60 pseudo agents: 209 
[Waiting_time_Solve] Agent 39 pseudo agents: 204 
[Waiting_time_Solve] Agent 53 pseudo agents: 207 208 
[Waiting_time_Solve] Agent 46 pseudo agents: 205 
[Waiting_time_Solve] Agent 47 pseudo agents: 206 
[Waiting_time_Solve] Agent 194 pseudo agents: 219 
[Waiting_time_Solve] Agent 76 pseudo agents: 210 
[Waiting_time_Solve] Agent 184 pseudo agents: 216 
[Waiting_time_Solve] Agent 24 pseudo agents: 200 201 202 
[SAT] Start solving CNF: 8833 clauses and 3903 variables
[SAT] Agent 218 entry time: 21 exit time: 52
[SAT] Agent 189 entry time: 3 exit time: 18
[SAT] Agent 186 entry time: 16 exit time: 52
[SAT] Agent 217 entry time: 18 exit time: 20
[SAT] Agent 216 entry time: 32 exit time: 52
[SAT] Agent 184 entry time: 9 exit time: 30
[SAT] Agent 183 entry time: 2 exit time: 25
[SAT] Agent 175 entry time: 9 exit time: 52
[SAT] Agent 167 entry time: 4 exit time: 34
[SAT] Agent 154 entry time: 13 exit time: 52
[SAT] Agent 47 entry time: 6 exit time: 50
[SAT] Agent 46 entry time: 2 exit time: 14
[SAT] Agent 42 entry time: 48 exit time: 52
[SAT] Agent 204 entry time: 41 exit time: 41
[SAT] Agent 39 entry time: 2 exit time: 39
[SAT] Agent 38 entry time: 11 exit time: 52
[SAT] Agent 215 entry time: 28 exit time: 28
[SAT] Agent 185 entry time: 2 exit time: 16
[SAT] Agent 58 entry time: 5 exit time: 52
[SAT] Agent 117 entry time: 3 exit time: 16
[SAT] Agent 26 entry time: 2 exit time: 34
[SAT] Agent 144 entry time: 12 exit time: 43
[SAT] Agent 36 entry time: 3 exit time: 15
[SAT] Agent 213 entry time: 33 exit time: 52
[SAT] Agent 206 entry time: 52 exit time: 52
[SAT] Agent 3 entry time: 2 exit time: 52
[SAT] Agent 11 entry time: 44 exit time: 52
[SAT] Agent 53 entry time: 14 exit time: 45
[SAT] Agent 112 entry time: 9 exit time: 40
[SAT] Agent 151 entry time: 10 exit time: 52
[SAT] Agent 24 entry time: 2 exit time: 11
[SAT] Agent 201 entry time: 16 exit time: 47
[SAT] Agent 14 entry time: 23 exit time: 52
[SAT] Agent 20 entry time: 2 exit time: 52
[SAT] Agent 202 entry time: 49 exit time: 51
[SAT] Agent 143 entry time: 13 exit time: 24
[SAT] Agent 148 entry time: 2 exit time: 52
[SAT] Agent 21 entry time: 6 exit time: 26
[SAT] Agent 207 entry time: 47 exit time: 47
[SAT] Agent 80 entry time: 4 exit time: 52
[SAT] Agent 208 entry time: 49 exit time: 49
[SAT] Agent 158 entry time: 5 exit time: 52
[SAT] Agent 31 entry time: 12 exit time: 52
[SAT] Agent 34 entry time: 14 exit time: 43
[SAT] Agent 211 entry time: 24 exit time: 52
[SAT] Agent 60 entry time: 2 exit time: 48
[SAT] Agent 119 entry time: 2 exit time: 28
[SAT] Agent 205 entry time: 16 exit time: 52
[SAT] Agent 146 entry time: 3 exit time: 52
[SAT] Agent 73 entry time: 13 exit time: 21
[SAT] Agent 200 entry time: 14 exit time: 14
[SAT] Agent 209 entry time: 52 exit time: 52
[SAT] Agent 35 entry time: 2 exit time: 11
[SAT] Agent 212 entry time: 21 exit time: 52
[SAT] Agent 191 entry time: 45 exit time: 52
[SAT] Agent 64 entry time: 13 exit time: 32
[SAT] Agent 193 entry time: 3 exit time: 52
[SAT] Agent 66 entry time: 11 exit time: 43
[SAT] Agent 194 entry time: 2 exit time: 31
[SAT] Agent 67 entry time: 2 exit time: 44
[SAT] Agent 68 entry time: 6 exit time: 36
[SAT] Agent 203 entry time: 18 exit time: 50
[SAT] Agent 76 entry time: 9 exit time: 9
[SAT] Agent 135 entry time: 3 exit time: 35
[SAT] Agent 83 entry time: 16 exit time: 48
[SAT] Agent 210 entry time: 12 exit time: 23
[SAT] Agent 219 entry time: 33 exit time: 35
[SAT] Agent 92 entry time: 2 exit time: 31
[SAT] Agent 96 entry time: 5 exit time: 23
[SAT] Agent 214 entry time: 32 exit time: 32
[SAT] Agent 99 entry time: 5 exit time: 21
[SAT] Agent 102 entry time: 6 exit time: 33
[SAT] Agent 107 entry time: 2 exit time: 5
[SAT] Agent 114 entry time: 10 exit time: 19
[SAT] Agent 118 entry time: 10 exit time: 25
[SAT] Agent 122 entry time: 2 exit time: 52
[SAT] Agent 133 entry time: 5 exit time: 8

[SAT] Start time: 2 End time: 52

[SAT] Solving local zone with SAT iteration 1...
[SAT] Local CNF: 8833 clauses 

DEBUG: Adding 8833 new clauses to MiniSAT (incremental run)
DEBUG: Clause load summary: input=8833, added=8833, tautologies_skipped=0, duplicates_skipped=0, unit_clauses=620, empties=0, intra_clause_literals_removed=0, added_but_db_unchanged=678
DEBUG: After adding clauses, solver has 7535 clauses and 3903 variables
DEBUG: MiniSAT found 3903 variables
DEBUG: Assignment size: 3903
DEBUG: First few assignment values: 1 1 0 1 0 1 0 1 1 1 

=== DEBUG: cnf_assignment_to_paths ===
Input assignment size: 3903

=== END DEBUG ===
[SAT] Found 810 vertex collisions and 30 edge collisions
[SAT] Adding collision clauses and solving again...
[SAT] Solving local zone with SAT iteration 2...
[SAT] Local CNF: 9673 clauses 

DEBUG: Adding 840 new clauses to MiniSAT (incremental run)
[SAT] Local problem appears to be unsatisfiable in current zone
[Waiting_time_Solve] No solution found, trying to apply waiting time:1
[Waiting_time_Solve] Applying waiting time 1 to agent 58 who has waiting time 45
[Waiting_time_Solve] New path is consistent after applying waiting time for agent 58
[Current_Solution] Agent 58 used 1 waiting timesteps, 44 remaining
[Waiting_time_Solve] Applied 1 waiting time  for agent 58 who has waiting time 44
[Waiting_time_Solve] Applying waiting time 1 to agent 3 who has waiting time 11
[Waiting_time_Solve] New path is consistent after applying waiting time for agent 3
[Current_Solution] Agent 3 used 1 waiting timesteps, 10 remaining
[Waiting_time_Solve] Applied 1 waiting time  for agent 3 who has waiting time 10
[Waiting_time_Solve] Applying waiting time 1 to agent 11 who has waiting time 117
[Waiting_time_Solve] New path is consistent after applying waiting time for agent 11
[Current_Solution] Agent 11 used 1 waiting timesteps, 116 remaining
[Waiting_time_Solve] Applied 1 waiting time  for agent 11 who has waiting time 116
[Waiting_time_Solve] Applying waiting time 1 to agent 14 who has waiting time 107
[Waiting_time_Solve] New path is consistent after applying waiting time for agent 14
[Current_Solution] Agent 14 used 1 waiting timesteps, 106 remaining
[Waiting_time_Solve] Applied 1 waiting time  for agent 14 who has waiting time 106
[Waiting_time_Solve] Applying waiting time 1 to agent 144 who has waiting time 32
[Waiting_time_Solve] New path is consistent after applying waiting time for agent 144
[Current_Solution] Agent 144 used 1 waiting timesteps, 31 remaining
[Waiting_time_Solve] Applied 1 waiting time  for agent 144 who has waiting time 31
[Waiting_time_Solve] Applying waiting time 1 to agent 35 who has waiting time 176
[Waiting_time_Solve] New path is consistent after applying waiting time for agent 35
[Current_Solution] Agent 35 used 1 waiting timesteps, 175 remaining
[Waiting_time_Solve] Applied 1 waiting time  for agent 35 who has waiting time 175
[Waiting_time_Solve] Applying waiting time 1 to agent 36 who has waiting time 61
[Waiting_time_Solve] Pruned 3 vertex and 0 edge collisions from segment 203
[Waiting_time_Solve] New path is consistent after applying waiting time for agent 36
[Current_Solution] Agent 36 used 1 waiting timesteps, 60 remaining
[Waiting_time_Solve] Applied 1 waiting time  for agent 36 who has waiting time 60
[Waiting_time_Solve] Applying waiting time 1 to agent 73 who has waiting time 162
[Waiting_time_Solve] New path is consistent after applying waiting time for agent 73
[Current_Solution] Agent 73 used 1 waiting timesteps, 161 remaining
[Waiting_time_Solve] Applied 1 waiting time  for agent 73 who has waiting time 161
[Waiting_time_Solve] Applying waiting time 1 to agent 92 who has waiting time 124
[Waiting_time_Solve] New path is consistent after applying waiting time for agent 92
[Current_Solution] Agent 92 used 1 waiting timesteps, 123 remaining
[Waiting_time_Solve] Applied 1 waiting time  for agent 92 who has waiting time 123
[Waiting_time_Solve] Applying waiting time 1 to agent 96 who has waiting time 90
[Waiting_time_Solve] New path is consistent after applying waiting time for agent 96
[Current_Solution] Agent 96 used 1 waiting timesteps, 89 remaining
[Waiting_time_Solve] Applied 1 waiting time  for agent 96 who has waiting time 89
[Waiting_time_Solve] Applying waiting time 1 to agent 107 who has waiting time 167
[Waiting_time_Solve] New path is consistent after applying waiting time for agent 107
[Current_Solution] Agent 107 used 1 waiting timesteps, 166 remaining
[Waiting_time_Solve] Applied 1 waiting time  for agent 107 who has waiting time 166
[Waiting_time_Solve] Applying waiting time 1 to agent 122 who has waiting time 88
[Waiting_time_Solve] New path is consistent after applying waiting time for agent 122
[Current_Solution] Agent 122 used 1 waiting timesteps, 87 remaining
[Waiting_time_Solve] Applied 1 waiting time  for agent 122 who has waiting time 87
[Waiting_time_Solve] Applying waiting time 1 to agent 194 who has waiting time 85
[Waiting_time_Solve] New path is consistent after applying waiting time for agent 194
[Current_Solution] Agent 194 used 1 waiting timesteps, 84 remaining
[Waiting_time_Solve] Applied 1 waiting time  for agent 194 who has waiting time 84
[Waiting_time_Solve] Applying waiting time 1 to agent 146 who has waiting time 129
[Waiting_time_Solve] New path is consistent after applying waiting time for agent 146
[Current_Solution] Agent 146 used 1 waiting timesteps, 128 remaining
[Waiting_time_Solve] Applied 1 waiting time  for agent 146 who has waiting time 128
[Waiting_time_Solve] Applying waiting time 1 to agent 148 who has waiting time 8
[Waiting_time_Solve] New path is consistent after applying waiting time for agent 148
[Current_Solution] Agent 148 used 1 waiting timesteps, 7 remaining
[Waiting_time_Solve] Applied 1 waiting time  for agent 148 who has waiting time 7
[Waiting_time_Solve] Applying waiting time 1 to agent 186 who has waiting time 42
[Waiting_time_Solve] New path is consistent after applying waiting time for agent 186
[Current_Solution] Agent 186 used 1 waiting timesteps, 41 remaining
[Waiting_time_Solve] Applied 1 waiting time  for agent 186 who has waiting time 41
[Waiting_time_Solve] Applying waiting time 1 to agent 20 who has waiting time 25
[Waiting_time_Solve] New path is consistent after applying waiting time for agent 20
[Current_Solution] Agent 20 used 1 waiting timesteps, 24 remaining
[Waiting_time_Solve] Applied 1 waiting time  for agent 20 who has waiting time 24
[Waiting_time_Solve] Applying waiting time 1 to agent 184 who has waiting time 20
[Waiting_time_Solve] New path is consistent after applying waiting time for agent 184
[Current_Solution] Agent 184 used 1 waiting timesteps, 19 remaining
[Waiting_time_Solve] Applied 1 waiting time  for agent 184 who has waiting time 19
[Waiting_time_Solve] Applying waiting time 1 to agent 189 who has waiting time 44
[Waiting_time_Solve] New path is consistent after applying waiting time for agent 189
[Current_Solution] Agent 189 used 1 waiting timesteps, 43 remaining
[Waiting_time_Solve] Applied 1 waiting time  for agent 189 who has waiting time 43
[Waiting_time_Solve] Applying waiting time 1 to agent 60 who has waiting time 93
[Waiting_time_Solve] New path is consistent after applying waiting time for agent 60
[Current_Solution] Agent 60 used 1 waiting timesteps, 92 remaining
[Waiting_time_Solve] Applied 1 waiting time  for agent 60 who has waiting time 92
[Waiting_time_Solve] Applying waiting time 1 to agent 191 who has waiting time 92
[Waiting_time_Solve] New path is consistent after applying waiting time for agent 191
[Current_Solution] Agent 191 used 1 waiting timesteps, 91 remaining
[Waiting_time_Solve] Applied 1 waiting time  for agent 191 who has waiting time 91
[Waiting_time_Solve] Applying waiting time 1 to agent 42 who has waiting time 119
[Waiting_time_Solve] New path is consistent after applying waiting time for agent 42
[Current_Solution] Agent 42 used 1 waiting timesteps, 118 remaining
[Waiting_time_Solve] Applied 1 waiting time  for agent 42 who has waiting time 118
[Waiting_time_Solve] Applying waiting time 1 to agent 193 who has waiting time 36
[Waiting_time_Solve] New path is consistent after applying waiting time for agent 193
[Current_Solution] Agent 193 used 1 waiting timesteps, 35 remaining
[Waiting_time_Solve] Applied 1 waiting time  for agent 193 who has waiting time 35
[Waiting_time_Solve] ALL Waiting time applied
[Waiting_time_Solve] Extended Zone end time from 52 to 53
[Waiting_time_Solve] Iteration 1...
[Waiting_time_Solve] Pruned 90 vertex and 2 edge collisions from segment 203
[Waiting_time_Solve] Pruned 19 vertex and 0 edge collisions from segment 216
[Waiting_time_Solve] Pruned 45 vertex and 1 edge collisions from segment 218
[Waiting_time_Solve] Agent 189 pseudo agents: 218 
[Waiting_time_Solve] Agent 143 pseudo agents: 215 
[Waiting_time_Solve] Agent 118 pseudo agents: 213 
[Waiting_time_Solve] Agent 114 pseudo agents: 212 
[Waiting_time_Solve] Agent 99 pseudo agents: 211 
[Waiting_time_Solve] Agent 185 pseudo agents: 217 
[Waiting_time_Solve] Agent 36 pseudo agents: 203 
[Waiting_time_Solve] Agent 119 pseudo agents: 214 
[Waiting_time_Solve] Agent 60 pseudo agents: 209 
[Waiting_time_Solve] Agent 39 pseudo agents: 204 
[Waiting_time_Solve] Agent 53 pseudo agents: 207 208 
[Waiting_time_Solve] Agent 46 pseudo agents: 205 
[Waiting_time_Solve] Agent 47 pseudo agents: 206 
[Waiting_time_Solve] Agent 194 pseudo agents: 219 
[Waiting_time_Solve] Agent 76 pseudo agents: 210 
[Waiting_time_Solve] Agent 184 pseudo agents: 216 
[Waiting_time_Solve] Agent 24 pseudo agents: 200 201 202 
[SAT] Start solving CNF: 15091 clauses and 5305 variables
[SAT] Agent 218 entry time: 22 exit time: 53
[SAT] Agent 189 entry time: 3 exit time: 19
[SAT] Agent 186 entry time: 16 exit time: 53
[SAT] Agent 217 entry time: 18 exit time: 20
[SAT] Agent 216 entry time: 33 exit time: 53
[SAT] Agent 184 entry time: 9 exit time: 31
[SAT] Agent 183 entry time: 2 exit time: 25
[SAT] Agent 175 entry time: 9 exit time: 53
[SAT] Agent 167 entry time: 4 exit time: 34
[SAT] Agent 154 entry time: 13 exit time: 53
[SAT] Agent 47 entry time: 6 exit time: 50
[SAT] Agent 46 entry time: 2 exit time: 14
[SAT] Agent 42 entry time: 48 exit time: 53
[SAT] Agent 204 entry time: 41 exit time: 41
[SAT] Agent 39 entry time: 2 exit time: 39
[SAT] Agent 38 entry time: 11 exit time: 53
[SAT] Agent 215 entry time: 28 exit time: 28
[SAT] Agent 185 entry time: 2 exit time: 16
[SAT] Agent 58 entry time: 5 exit time: 53
[SAT] Agent 117 entry time: 3 exit time: 16
[SAT] Agent 26 entry time: 2 exit time: 34
[SAT] Agent 144 entry time: 12 exit time: 44
[SAT] Agent 36 entry time: 3 exit time: 16
[SAT] Agent 213 entry time: 33 exit time: 53
[SAT] Agent 206 entry time: 52 exit time: 52
[SAT] Agent 3 entry time: 2 exit time: 53
[SAT] Agent 11 entry time: 44 exit time: 53
[SAT] Agent 53 entry time: 14 exit time: 45
[SAT] Agent 112 entry time: 9 exit time: 40
[SAT] Agent 151 entry time: 10 exit time: 53
[SAT] Agent 24 entry time: 2 exit time: 11
[SAT] Agent 201 entry time: 16 exit time: 47
[SAT] Agent 14 entry time: 23 exit time: 53
[SAT] Agent 20 entry time: 2 exit time: 53
[SAT] Agent 202 entry time: 49 exit time: 51
[SAT] Agent 143 entry time: 13 exit time: 24
[SAT] Agent 148 entry time: 2 exit time: 53
[SAT] Agent 21 entry time: 6 exit time: 26
[SAT] Agent 207 entry time: 47 exit time: 47
[SAT] Agent 80 entry time: 4 exit time: 53
[SAT] Agent 208 entry time: 49 exit time: 49
[SAT] Agent 158 entry time: 5 exit time: 53
[SAT] Agent 31 entry time: 12 exit time: 53
[SAT] Agent 34 entry time: 14 exit time: 43
[SAT] Agent 211 entry time: 24 exit time: 53
[SAT] Agent 60 entry time: 2 exit time: 49
[SAT] Agent 119 entry time: 2 exit time: 28
[SAT] Agent 205 entry time: 16 exit time: 52
[SAT] Agent 146 entry time: 3 exit time: 53
[SAT] Agent 73 entry time: 13 exit time: 22
[SAT] Agent 200 entry time: 14 exit time: 14
[SAT] Agent 209 entry time: 53 exit time: 53
[SAT] Agent 35 entry time: 2 exit time: 12
[SAT] Agent 212 entry time: 21 exit time: 53
[SAT] Agent 191 entry time: 45 exit time: 53
[SAT] Agent 64 entry time: 13 exit time: 32
[SAT] Agent 193 entry time: 3 exit time: 53
[SAT] Agent 66 entry time: 11 exit time: 43
[SAT] Agent 194 entry time: 2 exit time: 31
[SAT] Agent 67 entry time: 2 exit time: 44
[SAT] Agent 68 entry time: 6 exit time: 36
[SAT] Agent 203 entry time: 19 exit time: 51
[SAT] Agent 76 entry time: 9 exit time: 9
[SAT] Agent 135 entry time: 3 exit time: 35
[SAT] Agent 83 entry time: 16 exit time: 48
[SAT] Agent 210 entry time: 12 exit time: 23
[SAT] Agent 219 entry time: 33 exit time: 36
[SAT] Agent 92 entry time: 2 exit time: 32
[SAT] Agent 96 entry time: 5 exit time: 24
[SAT] Agent 214 entry time: 32 exit time: 32
[SAT] Agent 99 entry time: 5 exit time: 21
[SAT] Agent 102 entry time: 6 exit time: 33
[SAT] Agent 107 entry time: 2 exit time: 6
[SAT] Agent 114 entry time: 10 exit time: 19
[SAT] Agent 118 entry time: 10 exit time: 25
[SAT] Agent 122 entry time: 2 exit time: 53
[SAT] Agent 133 entry time: 5 exit time: 8

[SAT] Start time: 2 End time: 53

[SAT] Solving local zone with SAT iteration 1...
[SAT] Local CNF: 15771 clauses 

DEBUG: Adding 15771 new clauses to MiniSAT (incremental run)
[SAT] Local problem appears to be unsatisfiable in current zone
[Waiting_time_Solve] No solution found, trying to apply waiting time:2
[Waiting_time_Solve] No waiting time applied
[Waiting_time_Solve] No solution found
[Waiting_time_Solve] Restoring original paths
[Waiting_time_Solve] Restoring waiting times
[Current_Solution] Restored waiting times from backup
[Current_Solution] Restored paths from backup
[Solve_local_zone] Zone with expansion factor 0failed
[Solve_local_zone] Expanding zone with offset 2 (original: 1)
[LOCAL ZONE] Found newly touched conflict 1079 at position (25,2)
[LOCAL ZONE] Found newly touched conflict 1539 at position (26,1)
[LOCAL ZONE] Found newly touched conflict 1491 at position (27,1)
[LOCAL ZONE] Found newly touched conflict 592 at position (24,1)
[LOCAL ZONE] Found newly touched conflict 1043 at position (24,1)
[LOCAL ZONE] Found newly touched conflict 1167 at position (24,1)
[LOCAL ZONE] Found newly touched conflict 1645 at position (24,1)
[LOCAL ZONE] Found newly touched conflict 557 at position (25,1)
[LOCAL ZONE] Found newly touched conflict 998 at position (25,1)
[LOCAL ZONE] Found newly touched conflict 1593 at position (25,1)
[LOCAL ZONE] Found newly touched conflict 671 at position (22,1)
[LOCAL ZONE] Found newly touched conflict 1138 at position (22,1)
[LOCAL ZONE] Found newly touched conflict 1259 at position (22,1)
[LOCAL ZONE] Found newly touched conflict 1744 at position (22,1)
[LOCAL ZONE] Found newly touched conflict 625 at position (23,1)
[LOCAL ZONE] Found newly touched conflict 1095 at position (23,1)
[LOCAL ZONE] Found newly touched conflict 1211 at position (23,1)
[LOCAL ZONE] Found newly touched conflict 1692 at position (23,1)
[LOCAL ZONE] Found newly touched conflict 763 at position (20,1)
[LOCAL ZONE] Found newly touched conflict 918 at position (20,1)
[LOCAL ZONE] Found newly touched conflict 1226 at position (20,1)
[LOCAL ZONE] Found newly touched conflict 1349 at position (20,1)
[LOCAL ZONE] Found newly touched conflict 1741 at position (20,1)
[LOCAL ZONE] Found newly touched conflict 1832 at position (20,1)
[LOCAL ZONE] Found newly touched conflict 5197 at position (20,1)
[LOCAL ZONE] Found newly touched conflict 714 at position (21,1)
[LOCAL ZONE] Found newly touched conflict 1181 at position (21,1)
[LOCAL ZONE] Found newly touched conflict 1303 at position (21,1)
[LOCAL ZONE] Found newly touched conflict 1786 at position (21,1)
[LOCAL ZONE] Found newly touched conflict 60 at position (17,1)
[LOCAL ZONE] Found newly touched conflict 82 at position (17,1)
[LOCAL ZONE] Found newly touched conflict 83 at position (17,1)
[LOCAL ZONE] Found newly touched conflict 184 at position (17,1)
[LOCAL ZONE] Found newly touched conflict 195 at position (17,1)
[LOCAL ZONE] Found newly touched conflict 196 at position (17,1)
[LOCAL ZONE] Found newly touched conflict 748 at position (17,1)
[LOCAL ZONE] Found newly touched conflict 941 at position (17,1)
[LOCAL ZONE] Found newly touched conflict 950 at position (17,1)
[LOCAL ZONE] Found newly touched conflict 951 at position (17,1)
[LOCAL ZONE] Found newly touched conflict 1365 at position (17,1)
[LOCAL ZONE] Found newly touched conflict 1494 at position (17,1)
[LOCAL ZONE] Found newly touched conflict 1511 at position (17,1)
[LOCAL ZONE] Found newly touched conflict 1540 at position (17,1)
[LOCAL ZONE] Found newly touched conflict 1541 at position (17,1)
[LOCAL ZONE] Found newly touched conflict 1578 at position (17,1)
[LOCAL ZONE] Found newly touched conflict 1821 at position (17,1)
[LOCAL ZONE] Found newly touched conflict 5062 at position (17,1)
[LOCAL ZONE] Found newly touched conflict 5115 at position (17,1)
[LOCAL ZONE] Found newly touched conflict 5171 at position (17,1)
[LOCAL ZONE] Found newly touched conflict 5179 at position (17,1)
[LOCAL ZONE] Found newly touched conflict 5180 at position (17,1)
[LOCAL ZONE] Found newly touched conflict 5184 at position (17,1)
[LOCAL ZONE] Found newly touched conflict 5185 at position (17,1)
[LOCAL ZONE] Found newly touched conflict 5186 at position (17,1)
[LOCAL ZONE] Found newly touched conflict 5219 at position (17,1)
[LOCAL ZONE] Found newly touched conflict 5227 at position (17,1)
[LOCAL ZONE] Found newly touched conflict 889 at position (18,1)
[LOCAL ZONE] Found newly touched conflict 1319 at position (18,1)
[LOCAL ZONE] Found newly touched conflict 1459 at position (18,1)
[LOCAL ZONE] Found newly touched conflict 1524 at position (18,1)
[LOCAL ZONE] Found newly touched conflict 1871 at position (18,1)
[LOCAL ZONE] Found newly touched conflict 138 at position (18,2)
[LOCAL ZONE] Found newly touched conflict 828 at position (19,1)
[LOCAL ZONE] Found newly touched conflict 863 at position (19,1)
[LOCAL ZONE] Found newly touched conflict 864 at position (19,1)
[LOCAL ZONE] Found newly touched conflict 1272 at position (19,1)
[LOCAL ZONE] Found newly touched conflict 1397 at position (19,1)
[LOCAL ZONE] Found newly touched conflict 1877 at position (19,1)
[LOCAL ZONE] Found newly touched conflict 1136 at position (13,1)
[LOCAL ZONE] Found newly touched conflict 142 at position (14,1)
[LOCAL ZONE] Found newly touched conflict 295 at position (14,1)
[LOCAL ZONE] Found newly touched conflict 1093 at position (14,1)
[LOCAL ZONE] Found newly touched conflict 172 at position (14,2)
[LOCAL ZONE] Found newly touched conflict 329 at position (14,2)
[LOCAL ZONE] Found newly touched conflict 1579 at position (14,2)
[LOCAL ZONE] Found newly touched conflict 115 at position (15,1)
[LOCAL ZONE] Found newly touched conflict 251 at position (15,1)
[LOCAL ZONE] Found newly touched conflict 263 at position (15,1)
[LOCAL ZONE] Found newly touched conflict 264 at position (15,1)
[LOCAL ZONE] Found newly touched conflict 652 at position (15,1)
[LOCAL ZONE] Found newly touched conflict 1040 at position (15,1)
[LOCAL ZONE] Found newly touched conflict 1469 at position (15,1)
[LOCAL ZONE] Found newly touched conflict 1478 at position (15,1)
[LOCAL ZONE] Found newly touched conflict 1479 at position (15,1)
[LOCAL ZONE] Found newly touched conflict 1617 at position (15,1)
[LOCAL ZONE] Found newly touched conflict 5097 at position (15,1)
[LOCAL ZONE] Found newly touched conflict 5102 at position (15,1)
[LOCAL ZONE] Found newly touched conflict 5123 at position (15,1)
[LOCAL ZONE] Found newly touched conflict 5176 at position (15,1)
[LOCAL ZONE] Found newly touched conflict 5177 at position (15,1)
[LOCAL ZONE] Found newly touched conflict 5178 at position (15,1)
[LOCAL ZONE] Found newly touched conflict 5199 at position (15,1)
[LOCAL ZONE] Found newly touched conflict 5206 at position (15,1)
[LOCAL ZONE] Found newly touched conflict 5229 at position (15,1)
[LOCAL ZONE] Found newly touched conflict 1668 at position (15,2)
[LOCAL ZONE] Found newly touched conflict 1676 at position (15,2)
[LOCAL ZONE] Found newly touched conflict 1677 at position (15,2)
[LOCAL ZONE] Found newly touched conflict 5208 at position (15,2)
[LOCAL ZONE] Found newly touched conflict 1623 at position (15,3)
[LOCAL ZONE] Found newly touched conflict 1723 at position (15,3)
[LOCAL ZONE] Found newly touched conflict 1806 at position (15,3)
[LOCAL ZONE] Found newly touched conflict 5213 at position (15,3)
[LOCAL ZONE] Found newly touched conflict 55 at position (16,1)
[LOCAL ZONE] Found newly touched conflict 89 at position (16,1)
[LOCAL ZONE] Found newly touched conflict 215 at position (16,1)
[LOCAL ZONE] Found newly touched conflict 231 at position (16,1)
[LOCAL ZONE] Found newly touched conflict 232 at position (16,1)
[LOCAL ZONE] Found newly touched conflict 693 at position (16,1)
[LOCAL ZONE] Found newly touched conflict 995 at position (16,1)
[LOCAL ZONE] Found newly touched conflict 1408 at position (16,1)
[LOCAL ZONE] Found newly touched conflict 1418 at position (16,1)
[LOCAL ZONE] Found newly touched conflict 1419 at position (16,1)
[LOCAL ZONE] Found newly touched conflict 1492 at position (16,1)
[LOCAL ZONE] Found newly touched conflict 1545 at position (16,1)
[LOCAL ZONE] Found newly touched conflict 1562 at position (16,1)
[LOCAL ZONE] Found newly touched conflict 1862 at position (16,1)
[LOCAL ZONE] Found newly touched conflict 169 at position (17,2)
[LOCAL ZONE] Found newly touched conflict 1178 at position (12,1)
[LOCAL ZONE] Found newly touched conflict 382 at position (12,2)
[LOCAL ZONE] Found newly touched conflict 1222 at position (12,2)
[LOCAL ZONE] Found newly touched conflict 349 at position (13,2)
[LOCAL ZONE] Found newly touched conflict 361 at position (13,2)
[LOCAL ZONE] Found newly touched conflict 362 at position (13,2)
[LOCAL ZONE] Found newly touched conflict 1631 at position (13,2)
[LOCAL ZONE] Found newly touched conflict 1858 at position (14,5)
[LOCAL ZONE] Found newly touched conflict 1812 at position (15,5)
[LOCAL ZONE] Found newly touched conflict 437 at position (11,3)
[LOCAL ZONE] Found newly touched conflict 400 at position (12,3)
[LOCAL ZONE] Found newly touched conflict 407 at position (12,3)
[LOCAL ZONE] Found newly touched conflict 408 at position (12,3)
[LOCAL ZONE] Found newly touched conflict 1268 at position (12,3)
[LOCAL ZONE] Found newly touched conflict 1735 at position (12,3)
[LOCAL ZONE] Found newly touched conflict 297 at position (12,4)
[LOCAL ZONE] Found newly touched conflict 465 at position (11,4)
[LOCAL ZONE] Found newly touched conflict 1362 at position (11,4)
[LOCAL ZONE] Found newly touched conflict 481 at position (11,5)
[LOCAL ZONE] Found newly touched conflict 492 at position (11,5)
[LOCAL ZONE] Found newly touched conflict 493 at position (11,5)
[LOCAL ZONE] Found newly touched conflict 1414 at position (11,5)
[LOCAL ZONE] Found newly touched conflict 384 at position (11,6)
[LOCAL ZONE] Found newly touched conflict 508 at position (11,6)
[LOCAL ZONE] Found newly touched conflict 520 at position (11,6)
[LOCAL ZONE] Found newly touched conflict 521 at position (11,6)
[LOCAL ZONE] Found newly touched conflict 1474 at position (11,6)
[LOCAL ZONE] Found newly touched conflict 410 at position (11,7)
[LOCAL ZONE] Found newly touched conflict 534 at position (11,7)
[LOCAL ZONE] Found newly touched conflict 545 at position (11,7)
[LOCAL ZONE] Found newly touched conflict 546 at position (11,7)
[LOCAL ZONE] Found newly touched conflict 1521 at position (11,7)
[LOCAL ZONE] Found newly touched conflict 439 at position (11,8)
[LOCAL ZONE] Found newly touched conflict 565 at position (11,8)
[LOCAL ZONE] Found newly touched conflict 578 at position (11,8)
[LOCAL ZONE] Found newly touched conflict 579 at position (11,8)
[LOCAL ZONE] Found newly touched conflict 1575 at position (11,8)
[LOCAL ZONE] Found newly touched conflict 467 at position (11,9)
[LOCAL ZONE] Found newly touched conflict 599 at position (11,9)
[LOCAL ZONE] Found newly touched conflict 613 at position (11,9)
[LOCAL ZONE] Found newly touched conflict 614 at position (11,9)
[LOCAL ZONE] Found newly touched conflict 1627 at position (11,9)
[LOCAL ZONE] Found newly touched conflict 494 at position (11,10)
[LOCAL ZONE] Found newly touched conflict 634 at position (11,10)
[LOCAL ZONE] Found newly touched conflict 659 at position (11,10)
[LOCAL ZONE] Found newly touched conflict 660 at position (11,10)
[LOCAL ZONE] Found newly touched conflict 1682 at position (11,10)
[LOCAL ZONE] Found newly touched conflict 523 at position (11,11)
[LOCAL ZONE] Found newly touched conflict 678 at position (11,11)
[LOCAL ZONE] Found newly touched conflict 702 at position (11,11)
[LOCAL ZONE] Found newly touched conflict 703 at position (11,11)
[LOCAL ZONE] Found newly touched conflict 1732 at position (11,11)
[LOCAL ZONE] Found newly touched conflict 548 at position (11,12)
[LOCAL ZONE] Found newly touched conflict 722 at position (11,12)
[LOCAL ZONE] Found newly touched conflict 745 at position (11,12)
[LOCAL ZONE] Found newly touched conflict 746 at position (11,12)
[LOCAL ZONE] Found newly touched conflict 1775 at position (11,12)
[LOCAL ZONE] Found newly touched conflict 5092 at position (11,12)
[LOCAL ZONE] Found newly touched conflict 5138 at position (11,12)
[LOCAL ZONE] Found newly touched conflict 582 at position (11,13)
[LOCAL ZONE] Found newly touched conflict 588 at position (11,13)
[LOCAL ZONE] Found newly touched conflict 589 at position (11,13)
[LOCAL ZONE] Found newly touched conflict 773 at position (11,13)
[LOCAL ZONE] Found newly touched conflict 810 at position (11,13)
[LOCAL ZONE] Found newly touched conflict 811 at position (11,13)
[LOCAL ZONE] Found newly touched conflict 1823 at position (11,13)
[LOCAL ZONE] Found newly touched conflict 556 at position (11,14)
[LOCAL ZONE] Found newly touched conflict 616 at position (11,14)
[LOCAL ZONE] Found newly touched conflict 666 at position (11,14)
[LOCAL ZONE] Found newly touched conflict 827 at position (11,14)
[LOCAL ZONE] Found newly touched conflict 839 at position (11,14)
[LOCAL ZONE] Found newly touched conflict 840 at position (11,14)
[LOCAL ZONE] Found newly touched conflict 871 at position (11,14)
[LOCAL ZONE] Found newly touched conflict 872 at position (11,14)
[LOCAL ZONE] Found newly touched conflict 873 at position (11,14)
[LOCAL ZONE] Found newly touched conflict 885 at position (11,14)
[LOCAL ZONE] Found newly touched conflict 985 at position (11,14)
[LOCAL ZONE] Found newly touched conflict 1073 at position (11,14)
[LOCAL ZONE] Found newly touched conflict 1125 at position (11,14)
[LOCAL ZONE] Found newly touched conflict 1164 at position (11,14)
[LOCAL ZONE] Found newly touched conflict 1460 at position (11,14)
[LOCAL ZONE] Found newly touched conflict 1565 at position (11,14)
[LOCAL ZONE] Found newly touched conflict 1594 at position (11,14)
[LOCAL ZONE] Found newly touched conflict 1595 at position (11,14)
[LOCAL ZONE] Found newly touched conflict 1670 at position (11,14)
[LOCAL ZONE] Found newly touched conflict 1715 at position (11,14)
[LOCAL ZONE] Found newly touched conflict 1777 at position (11,14)
[LOCAL ZONE] Found newly touched conflict 1864 at position (11,14)
[LOCAL ZONE] Found newly touched conflict 1868 at position (11,14)
[LOCAL ZONE] Found newly touched conflict 1869 at position (11,14)
[LOCAL ZONE] Found newly touched conflict 5122 at position (11,14)
[LOCAL ZONE] Found newly touched conflict 5124 at position (11,14)
[LOCAL ZONE] Found newly touched conflict 5126 at position (11,14)
[LOCAL ZONE] Found newly touched conflict 5147 at position (11,14)
[LOCAL ZONE] Found newly touched conflict 5207 at position (11,14)
[LOCAL ZONE] Found newly touched conflict 583 at position (11,15)
[LOCAL ZONE] Found newly touched conflict 897 at position (11,15)
[LOCAL ZONE] Found newly touched conflict 925 at position (11,15)
[LOCAL ZONE] Found newly touched conflict 926 at position (11,15)
[LOCAL ZONE] Found newly touched conflict 1177 at position (11,15)
[LOCAL ZONE] Found newly touched conflict 1542 at position (11,15)
[LOCAL ZONE] Found newly touched conflict 1619 at position (11,15)
[LOCAL ZONE] Found newly touched conflict 1734 at position (11,15)
[LOCAL ZONE] Found newly touched conflict 1765 at position (11,15)
[LOCAL ZONE] Found newly touched conflict 5129 at position (11,15)
[LOCAL ZONE] Found newly touched conflict 5130 at position (11,15)
[LOCAL ZONE] Found newly touched conflict 5133 at position (11,15)
[LOCAL ZONE] Found newly touched conflict 759 at position (11,16)
[LOCAL ZONE] Found newly touched conflict 952 at position (11,16)
[LOCAL ZONE] Found newly touched conflict 973 at position (11,16)
[LOCAL ZONE] Found newly touched conflict 974 at position (11,16)
[LOCAL ZONE] Found newly touched conflict 975 at position (11,16)
[LOCAL ZONE] Found newly touched conflict 976 at position (11,16)
[LOCAL ZONE] Found newly touched conflict 977 at position (11,16)
[LOCAL ZONE] Found newly touched conflict 1218 at position (11,16)
[LOCAL ZONE] Found newly touched conflict 1566 at position (11,16)
[LOCAL ZONE] Found newly touched conflict 1678 at position (11,16)
[LOCAL ZONE] Found newly touched conflict 1684 at position (11,16)
[LOCAL ZONE] Found newly touched conflict 1685 at position (11,16)
[LOCAL ZONE] Found newly touched conflict 5110 at position (11,16)
[LOCAL ZONE] Found newly touched conflict 5196 at position (11,16)
[LOCAL ZONE] Found newly touched conflict 5217 at position (11,16)
[LOCAL ZONE] Found newly touched conflict 819 at position (11,17)
[LOCAL ZONE] Found newly touched conflict 1005 at position (11,17)
[LOCAL ZONE] Found newly touched conflict 1023 at position (11,17)
[LOCAL ZONE] Found newly touched conflict 1024 at position (11,17)
[LOCAL ZONE] Found newly touched conflict 1624 at position (11,17)
[LOCAL ZONE] Found newly touched conflict 1629 at position (11,17)
[LOCAL ZONE] Found newly touched conflict 1630 at position (11,17)
[LOCAL ZONE] Found newly touched conflict 1850 at position (11,17)
[LOCAL ZONE] Found newly touched conflict 5117 at position (11,17)
[LOCAL ZONE] Found newly touched conflict 5127 at position (11,17)
[LOCAL ZONE] Found newly touched conflict 5135 at position (11,17)
[LOCAL ZONE] Found newly touched conflict 5136 at position (11,17)
[LOCAL ZONE] Found newly touched conflict 5137 at position (11,17)
[LOCAL ZONE] Found newly touched conflict 5222 at position (11,17)
[LOCAL ZONE] Found newly touched conflict 874 at position (11,18)
[LOCAL ZONE] Found newly touched conflict 1039 at position (11,18)
[LOCAL ZONE] Found newly touched conflict 1049 at position (11,18)
[LOCAL ZONE] Found newly touched conflict 1050 at position (11,18)
[LOCAL ZONE] Found newly touched conflict 1070 at position (11,18)
[LOCAL ZONE] Found newly touched conflict 1071 at position (11,18)
[LOCAL ZONE] Found newly touched conflict 1072 at position (11,18)
[LOCAL ZONE] Found newly touched conflict 1577 at position (11,18)
[LOCAL ZONE] Found newly touched conflict 1769 at position (11,18)
[LOCAL ZONE] Found newly touched conflict 931 at position (11,19)
[LOCAL ZONE] Found newly touched conflict 1092 at position (11,19)
[LOCAL ZONE] Found newly touched conflict 1103 at position (11,19)
[LOCAL ZONE] Found newly touched conflict 1104 at position (11,19)
[LOCAL ZONE] Found newly touched conflict 1523 at position (11,19)
[LOCAL ZONE] Found newly touched conflict 5128 at position (11,19)
[LOCAL ZONE] Found newly touched conflict 940 at position (11,20)
[LOCAL ZONE] Found newly touched conflict 1146 at position (11,20)
[LOCAL ZONE] Found newly touched conflict 1476 at position (11,20)
[LOCAL ZONE] Found newly touched conflict 561 at position (11,21)
[LOCAL ZONE] Found newly touched conflict 993 at position (11,21)
[LOCAL ZONE] Found newly touched conflict 1416 at position (11,21)
[LOCAL ZONE] Found newly touched conflict 5155 at position (11,21)
[LOCAL ZONE] Found newly touched conflict 594 at position (11,22)
[LOCAL ZONE] Found newly touched conflict 1363 at position (11,22)
[LOCAL ZONE] Found newly touched conflict 1876 at position (11,22)
[LOCAL ZONE] Found newly touched conflict 5157 at position (11,22)
[LOCAL ZONE] Found newly touched conflict 1317 at position (11,23)
[LOCAL ZONE] Found newly touched conflict 1831 at position (11,23)
[LOCAL ZONE] Found newly touched conflict 5142 at position (11,23)
[LOCAL ZONE] Found newly touched conflict 5161 at position (11,23)
[LOCAL ZONE] Found newly touched conflict 5162 at position (11,23)
[LOCAL ZONE] Found newly touched conflict 1270 at position (11,24)
[LOCAL ZONE] Found newly touched conflict 1315 at position (11,24)
[LOCAL ZONE] Found newly touched conflict 1785 at position (11,24)
[LOCAL ZONE] Found newly touched conflict 5148 at position (11,24)
[LOCAL ZONE] Found newly touched conflict 1224 at position (11,25)
[LOCAL ZONE] Found newly touched conflict 1742 at position (11,25)
[LOCAL ZONE] Found newly touched conflict 5153 at position (11,25)
[LOCAL ZONE] Found newly touched conflict 5154 at position (11,25)
[LOCAL ZONE] Found newly touched conflict 5167 at position (11,25)
[LOCAL ZONE] Found newly touched conflict 206 at position (11,26)
[LOCAL ZONE] Found newly touched conflict 1179 at position (11,26)
[LOCAL ZONE] Found newly touched conflict 1209 at position (11,26)
[LOCAL ZONE] Found newly touched conflict 1413 at position (11,26)
[LOCAL ZONE] Found newly touched conflict 1690 at position (11,26)
[LOCAL ZONE] Found newly touched conflict 5070 at position (11,26)
[LOCAL ZONE] Found newly touched conflict 5072 at position (11,26)
[LOCAL ZONE] Found newly touched conflict 5172 at position (11,26)
[LOCAL ZONE] Found newly touched conflict 218 at position (11,27)
[LOCAL ZONE] Found newly touched conflict 236 at position (11,27)
[LOCAL ZONE] Found newly touched conflict 1137 at position (11,27)
[LOCAL ZONE] Found newly touched conflict 1643 at position (11,27)
[LOCAL ZONE] Found newly touched conflict 5071 at position (11,27)
[LOCAL ZONE] Found newly touched conflict 5160 at position (11,27)
[LOCAL ZONE] Found newly touched conflict 5183 at position (11,27)
[LOCAL ZONE] Found newly touched conflict 369 at position (11,28)
[LOCAL ZONE] Found newly touched conflict 1094 at position (11,28)
[LOCAL ZONE] Found newly touched conflict 1301 at position (11,28)
[LOCAL ZONE] Found newly touched conflict 1592 at position (11,28)
[LOCAL ZONE] Found newly touched conflict 5164 at position (11,28)
[LOCAL ZONE] Found newly touched conflict 5187 at position (11,28)
[LOCAL ZONE] Found newly touched conflict 5188 at position (11,28)
[LOCAL ZONE] Found newly touched conflict 1833 at position (9,28)
[LOCAL ZONE] Found newly touched conflict 1042 at position (11,29)
[LOCAL ZONE] Found newly touched conflict 1537 at position (11,29)
[LOCAL ZONE] Found newly touched conflict 5169 at position (11,29)
[LOCAL ZONE] Found newly touched conflict 307 at position (11,30)
[LOCAL ZONE] Found newly touched conflict 997 at position (11,30)
[LOCAL ZONE] Found newly touched conflict 1488 at position (11,30)
[LOCAL ZONE] Found newly touched conflict 1646 at position (11,30)
[LOCAL ZONE] Found newly touched conflict 5170 at position (11,30)
[LOCAL ZONE] Found newly touched conflict 5175 at position (11,30)
[LOCAL ZONE] Found newly touched conflict 5194 at position (11,30)
[LOCAL ZONE] Found newly touched conflict 339 at position (11,31)
[LOCAL ZONE] Found newly touched conflict 726 at position (11,31)
[LOCAL ZONE] Found newly touched conflict 943 at position (11,31)
[LOCAL ZONE] Found newly touched conflict 1429 at position (11,31)
[LOCAL ZONE] Found newly touched conflict 1456 at position (11,31)
[LOCAL ZONE] Found newly touched conflict 1596 at position (11,31)
[LOCAL ZONE] Found newly touched conflict 1713 at position (11,31)
[LOCAL ZONE] Found newly touched conflict 5077 at position (11,31)
[LOCAL ZONE] Found newly touched conflict 348 at position (13,28)
[LOCAL ZONE] Found newly touched conflict 1719 at position (8,29)
[LOCAL ZONE] Found newly touched conflict 682 at position (11,32)
[LOCAL ZONE] Found newly touched conflict 890 at position (11,32)
[LOCAL ZONE] Found newly touched conflict 1374 at position (11,32)
[LOCAL ZONE] Found newly touched conflict 1516 at position (11,32)
[LOCAL ZONE] Found newly touched conflict 1543 at position (11,32)
[LOCAL ZONE] Found newly touched conflict 1544 at position (11,32)
[LOCAL ZONE] Found newly touched conflict 5190 at position (11,32)
[LOCAL ZONE] Found newly touched conflict 387 at position (11,33)
[LOCAL ZONE] Found newly touched conflict 641 at position (11,33)
[LOCAL ZONE] Found newly touched conflict 831 at position (11,33)
[LOCAL ZONE] Found newly touched conflict 1329 at position (11,33)
[LOCAL ZONE] Found newly touched conflict 1493 at position (11,33)
[LOCAL ZONE] Found newly touched conflict 1610 at position (11,33)
[LOCAL ZONE] Found newly touched conflict 1783 at position (11,33)
[LOCAL ZONE] Found newly touched conflict 5079 at position (11,33)
[LOCAL ZONE] Found newly touched conflict 1432 at position (11,34)
[LOCAL ZONE] Found newly touched conflict 604 at position (12,33)
[LOCAL ZONE] Found newly touched conflict 1872 at position (12,33)
[LOCAL ZONE] Found newly touched conflict 569 at position (13,33)
[LOCAL ZONE] Found newly touched conflict 1663 at position (14,27)
[LOCAL ZONE] Found newly touched conflict 1712 at position (14,28)
[LOCAL ZONE] Found newly touched conflict 399 at position (14,29)
[LOCAL ZONE] Found newly touched conflict 1762 at position (14,29)
[LOCAL ZONE] Found newly touched conflict 824 at position (11,36)
[LOCAL ZONE] Found newly touched conflict 1189 at position (12,35)
[LOCAL ZONE] Found newly touched conflict 1558 at position (14,25)
[LOCAL ZONE] Found newly touched conflict 696 at position (14,26)
[LOCAL ZONE] Found newly touched conflict 1609 at position (14,26)
[LOCAL ZONE] Found newly touched conflict 425 at position (14,30)
[LOCAL ZONE] Found newly touched conflict 1784 at position (14,30)
[LOCAL ZONE] Found newly touched conflict 1804 at position (14,30)
[LOCAL ZONE] Found newly touched conflict 1805 at position (14,30)
[LOCAL ZONE] Found newly touched conflict 5086 at position (14,30)
[LOCAL ZONE] Found newly touched conflict 452 at position (14,31)
[LOCAL ZONE] Found newly touched conflict 518 at position (14,31)
[LOCAL ZONE] Found newly touched conflict 1848 at position (14,31)
[LOCAL ZONE] Found newly touched conflict 5198 at position (14,31)
[LOCAL ZONE] Found newly touched conflict 480 at position (14,32)
[LOCAL ZONE] Found newly touched conflict 488 at position (14,32)
[LOCAL ZONE] Found newly touched conflict 489 at position (14,32)
[LOCAL ZONE] Found newly touched conflict 1899 at position (14,32)
[LOCAL ZONE] Found newly touched conflict 462 at position (14,33)
[LOCAL ZONE] Found newly touched conflict 507 at position (14,33)
[LOCAL ZONE] Found newly touched conflict 1232 at position (14,33)
[LOCAL ZONE] Found newly touched conflict 1620 at position (14,33)
[LOCAL ZONE] Found newly touched conflict 1636 at position (14,33)
[LOCAL ZONE] Found newly touched conflict 1637 at position (14,33)
[LOCAL ZONE] Found newly touched conflict 5083 at position (14,33)
[LOCAL ZONE] Found newly touched conflict 434 at position (14,34)
[LOCAL ZONE] Found newly touched conflict 1589 at position (14,34)
[LOCAL ZONE] Found newly touched conflict 5094 at position (14,34)
[LOCAL ZONE] Found newly touched conflict 760 at position (12,36)
[LOCAL ZONE] Found newly touched conflict 712 at position (13,36)
[LOCAL ZONE] Found newly touched conflict 1451 at position (14,23)
[LOCAL ZONE] Found newly touched conflict 1505 at position (14,24)
[LOCAL ZONE] Found newly touched conflict 1533 at position (14,35)
[LOCAL ZONE] Found newly touched conflict 5081 at position (14,35)
[LOCAL ZONE] Found newly touched conflict 456 at position (14,36)
[LOCAL ZONE] Found newly touched conflict 1132 at position (15,34)
[LOCAL ZONE] Found newly touched conflict 5090 at position (15,34)
[LOCAL ZONE] Found newly touched conflict 5225 at position (15,34)
[LOCAL ZONE] Found newly touched conflict 5087 at position (15,35)
[LOCAL ZONE] Found newly touched conflict 5174 at position (15,35)
[LOCAL ZONE] Found newly touched conflict 294 at position (15,36)
[LOCAL ZONE] Found newly touched conflict 623 at position (15,36)
[LOCAL ZONE] Found newly touched conflict 632 at position (15,36)
[LOCAL ZONE] Found newly touched conflict 633 at position (15,36)
[LOCAL ZONE] Found newly touched conflict 1255 at position (15,36)
[LOCAL ZONE] Found newly touched conflict 1426 at position (15,36)
[LOCAL ZONE] Found newly touched conflict 1480 at position (15,36)
[LOCAL ZONE] Found newly touched conflict 1813 at position (15,36)
[LOCAL ZONE] Found newly touched conflict 1824 at position (15,36)
[LOCAL ZONE] Found newly touched conflict 1825 at position (15,36)
[LOCAL ZONE] Found newly touched conflict 5173 at position (15,36)
[LOCAL ZONE] Found newly touched conflict 814 at position (13,37)
[LOCAL ZONE] Found newly touched conflict 1391 at position (14,22)
[LOCAL ZONE] Found newly touched conflict 428 at position (14,37)
[LOCAL ZONE] Found newly touched conflict 750 at position (14,37)
[LOCAL ZONE] Found newly touched conflict 326 at position (15,37)
[LOCAL ZONE] Found newly touched conflict 403 at position (15,37)
[LOCAL ZONE] Found newly touched conflict 590 at position (15,37)
[LOCAL ZONE] Found newly touched conflict 677 at position (15,37)
[LOCAL ZONE] Found newly touched conflict 705 at position (15,37)
[LOCAL ZONE] Found newly touched conflict 841 at position (15,37)
[LOCAL ZONE] Found newly touched conflict 1371 at position (15,37)
[LOCAL ZONE] Found newly touched conflict 1525 at position (15,37)
[LOCAL ZONE] Found newly touched conflict 1526 at position (15,37)
[LOCAL ZONE] Found newly touched conflict 1527 at position (15,37)
[LOCAL ZONE] Found newly touched conflict 1776 at position (15,37)
[LOCAL ZONE] Found newly touched conflict 1853 at position (15,37)
[LOCAL ZONE] Found newly touched conflict 1854 at position (15,37)
[LOCAL ZONE] Found newly touched conflict 1855 at position (15,37)
[LOCAL ZONE] Found newly touched conflict 1882 at position (15,37)
[LOCAL ZONE] Found newly touched conflict 1883 at position (15,37)
[LOCAL ZONE] Found newly touched conflict 1884 at position (15,37)
[LOCAL ZONE] Found newly touched conflict 5093 at position (15,37)
[LOCAL ZONE] Found newly touched conflict 5105 at position (15,37)
[LOCAL ZONE] Found newly touched conflict 5106 at position (15,37)
[LOCAL ZONE] Found newly touched conflict 5119 at position (15,37)
[LOCAL ZONE] Found newly touched conflict 5181 at position (15,37)
[LOCAL ZONE] Found newly touched conflict 5182 at position (15,37)
[LOCAL ZONE] Found newly touched conflict 5223 at position (15,37)
[LOCAL ZONE] Found newly touched conflict 5226 at position (15,37)
[LOCAL ZONE] Found newly touched conflict 5084 at position (15,39)
[LOCAL ZONE] Found newly touched conflict 5118 at position (15,39)
[LOCAL ZONE] Found newly touched conflict 5134 at position (15,39)
[LOCAL ZONE] Found newly touched conflict 377 at position (16,37)
[LOCAL ZONE] Found newly touched conflict 663 at position (16,37)
[LOCAL ZONE] Found newly touched conflict 1311 at position (16,37)
[LOCAL ZONE] Found newly touched conflict 1325 at position (16,37)
[LOCAL ZONE] Found newly touched conflict 1326 at position (16,37)
[LOCAL ZONE] Found newly touched conflict 1477 at position (16,37)
[LOCAL ZONE] Found newly touched conflict 1733 at position (16,37)
[LOCAL ZONE] Found newly touched conflict 1809 at position (16,37)
[LOCAL ZONE] Found newly touched conflict 1834 at position (16,37)
[LOCAL ZONE] Found newly touched conflict 1835 at position (16,37)
[LOCAL ZONE] Found newly touched conflict 1870 at position (16,37)
[LOCAL ZONE] Found newly touched conflict 5099 at position (16,37)
[LOCAL ZONE] Found newly touched conflict 5100 at position (16,37)
[LOCAL ZONE] Found newly touched conflict 5111 at position (16,37)
[LOCAL ZONE] Found newly touched conflict 5125 at position (16,37)
[LOCAL ZONE] Found newly touched conflict 5165 at position (16,37)
[LOCAL ZONE] Found newly touched conflict 336 at position (17,37)
[LOCAL ZONE] Found newly touched conflict 353 at position (17,37)
[LOCAL ZONE] Found newly touched conflict 354 at position (17,37)
[LOCAL ZONE] Found newly touched conflict 617 at position (17,37)
[LOCAL ZONE] Found newly touched conflict 881 at position (17,37)
[LOCAL ZONE] Found newly touched conflict 1277 at position (17,37)
[LOCAL ZONE] Found newly touched conflict 1417 at position (17,37)
[LOCAL ZONE] Found newly touched conflict 1638 at position (17,37)
[LOCAL ZONE] Found newly touched conflict 1683 at position (17,37)
[LOCAL ZONE] Found newly touched conflict 1764 at position (17,37)
[LOCAL ZONE] Found newly touched conflict 1787 at position (17,37)
[LOCAL ZONE] Found newly touched conflict 1788 at position (17,37)
[LOCAL ZONE] Found newly touched conflict 1826 at position (17,37)
[LOCAL ZONE] Found newly touched conflict 1860 at position (17,37)
[LOCAL ZONE] Found newly touched conflict 1897 at position (17,37)
[LOCAL ZONE] Found newly touched conflict 1898 at position (17,37)
[LOCAL ZONE] Found newly touched conflict 5166 at position (17,37)
[LOCAL ZONE] Found newly touched conflict 5168 at position (17,37)
[LOCAL ZONE] Found newly touched conflict 5191 at position (17,37)
[LOCAL ZONE] Found newly touched conflict 5192 at position (17,37)
[LOCAL ZONE] Found newly touched conflict 1116 at position (13,40)
[LOCAL ZONE] Found newly touched conflict 1037 at position (14,39)
[LOCAL ZONE] Found newly touched conflict 1019 at position (15,40)
[LOCAL ZONE] Found newly touched conflict 878 at position (15,41)
[LOCAL ZONE] Found newly touched conflict 886 at position (15,41)
[LOCAL ZONE] Found newly touched conflict 887 at position (15,41)
[LOCAL ZONE] Found newly touched conflict 5103 at position (15,41)
[LOCAL ZONE] Found newly touched conflict 5132 at position (15,41)
[LOCAL ZONE] Found newly touched conflict 463 at position (16,41)
[LOCAL ZONE] Found newly touched conflict 825 at position (16,41)
[LOCAL ZONE] Found newly touched conflict 5082 at position (16,41)
[LOCAL ZONE] Found newly touched conflict 302 at position (17,36)
[LOCAL ZONE] Found newly touched conflict 838 at position (18,37)
[LOCAL ZONE] Found newly touched conflict 1233 at position (18,37)
[LOCAL ZONE] Found newly touched conflict 1364 at position (18,37)
[LOCAL ZONE] Found newly touched conflict 1628 at position (18,37)
[LOCAL ZONE] Found newly touched conflict 1718 at position (18,37)
[LOCAL ZONE] Found newly touched conflict 1745 at position (18,37)
[LOCAL ZONE] Found newly touched conflict 1746 at position (18,37)
[LOCAL ZONE] Found newly touched conflict 1816 at position (18,37)
[LOCAL ZONE] Found newly touched conflict 1845 at position (18,37)
[LOCAL ZONE] Found newly touched conflict 1846 at position (18,37)
[LOCAL ZONE] Found newly touched conflict 1863 at position (18,37)
[LOCAL ZONE] Found newly touched conflict 1873 at position (18,37)
[LOCAL ZONE] Found newly touched conflict 1874 at position (18,37)
[LOCAL ZONE] Found newly touched conflict 1879 at position (18,37)
[LOCAL ZONE] Found newly touched conflict 1880 at position (18,37)
[LOCAL ZONE] Found newly touched conflict 1881 at position (18,37)
[LOCAL ZONE] Found newly touched conflict 1885 at position (18,37)
[LOCAL ZONE] Found newly touched conflict 1886 at position (18,37)
[LOCAL ZONE] Found newly touched conflict 1887 at position (18,37)
[LOCAL ZONE] Found newly touched conflict 1888 at position (18,37)
[LOCAL ZONE] Found newly touched conflict 1889 at position (18,37)
[LOCAL ZONE] Found newly touched conflict 1890 at position (18,37)
[LOCAL ZONE] Found newly touched conflict 1891 at position (18,37)
[LOCAL ZONE] Found newly touched conflict 1892 at position (18,37)
[LOCAL ZONE] Found newly touched conflict 1893 at position (18,37)
[LOCAL ZONE] Found newly touched conflict 5200 at position (18,37)
[LOCAL ZONE] Found newly touched conflict 5201 at position (18,37)
[LOCAL ZONE] Found newly touched conflict 5204 at position (18,37)
[LOCAL ZONE] Found newly touched conflict 762 at position (19,37)
[LOCAL ZONE] Found newly touched conflict 905 at position (19,37)
[LOCAL ZONE] Found newly touched conflict 1186 at position (19,37)
[LOCAL ZONE] Found newly touched conflict 1318 at position (19,37)
[LOCAL ZONE] Found newly touched conflict 1576 at position (19,37)
[LOCAL ZONE] Found newly touched conflict 1665 at position (19,37)
[LOCAL ZONE] Found newly touched conflict 1693 at position (19,37)
[LOCAL ZONE] Found newly touched conflict 1694 at position (19,37)
[LOCAL ZONE] Found newly touched conflict 1736 at position (19,37)
[LOCAL ZONE] Found newly touched conflict 1768 at position (19,37)
[LOCAL ZONE] Found newly touched conflict 1800 at position (19,37)
[LOCAL ZONE] Found newly touched conflict 1801 at position (19,37)
[LOCAL ZONE] Found newly touched conflict 1817 at position (19,37)
[LOCAL ZONE] Found newly touched conflict 1828 at position (19,37)
[LOCAL ZONE] Found newly touched conflict 1829 at position (19,37)
[LOCAL ZONE] Found newly touched conflict 1836 at position (19,37)
[LOCAL ZONE] Found newly touched conflict 1837 at position (19,37)
[LOCAL ZONE] Found newly touched conflict 1838 at position (19,37)
[LOCAL ZONE] Found newly touched conflict 1839 at position (19,37)
[LOCAL ZONE] Found newly touched conflict 1840 at position (19,37)
[LOCAL ZONE] Found newly touched conflict 1841 at position (19,37)
[LOCAL ZONE] Found newly touched conflict 1842 at position (19,37)
[LOCAL ZONE] Found newly touched conflict 5209 at position (19,37)
[LOCAL ZONE] Found newly touched conflict 5210 at position (19,37)
[LOCAL ZONE] Found newly touched conflict 5212 at position (19,37)
[LOCAL ZONE] Found newly touched conflict 1271 at position (20,37)
[LOCAL ZONE] Found newly touched conflict 1522 at position (20,37)
[LOCAL ZONE] Found newly touched conflict 1613 at position (20,37)
[LOCAL ZONE] Found newly touched conflict 1647 at position (20,37)
[LOCAL ZONE] Found newly touched conflict 1648 at position (20,37)
[LOCAL ZONE] Found newly touched conflict 1722 at position (20,37)
[LOCAL ZONE] Found newly touched conflict 1756 at position (20,37)
[LOCAL ZONE] Found newly touched conflict 1757 at position (20,37)
[LOCAL ZONE] Found newly touched conflict 1771 at position (20,37)
[LOCAL ZONE] Found newly touched conflict 1778 at position (20,37)
[LOCAL ZONE] Found newly touched conflict 1779 at position (20,37)
[LOCAL ZONE] Found newly touched conflict 1780 at position (20,37)
[LOCAL ZONE] Found newly touched conflict 1781 at position (20,37)
[LOCAL ZONE] Found newly touched conflict 1782 at position (20,37)
[LOCAL ZONE] Found newly touched conflict 1789 at position (20,37)
[LOCAL ZONE] Found newly touched conflict 1790 at position (20,37)
[LOCAL ZONE] Found newly touched conflict 1791 at position (20,37)
[LOCAL ZONE] Found newly touched conflict 1792 at position (20,37)
[LOCAL ZONE] Found newly touched conflict 1793 at position (20,37)
[LOCAL ZONE] Found newly touched conflict 1794 at position (20,37)
[LOCAL ZONE] Found newly touched conflict 1795 at position (20,37)
[LOCAL ZONE] Found newly touched conflict 1796 at position (20,37)
[LOCAL ZONE] Found newly touched conflict 1797 at position (20,37)
[LOCAL ZONE] Found newly touched conflict 5215 at position (20,37)
[LOCAL ZONE] Found newly touched conflict 443 at position (17,41)
[LOCAL ZONE] Found newly touched conflict 629 at position (17,41)
[LOCAL ZONE] Found newly touched conflict 635 at position (17,41)
[LOCAL ZONE] Found newly touched conflict 636 at position (17,41)
[LOCAL ZONE] Found newly touched conflict 761 at position (17,41)
[LOCAL ZONE] Found newly touched conflict 769 at position (17,41)
[LOCAL ZONE] Found newly touched conflict 770 at position (17,41)
[LOCAL ZONE] Found newly touched conflict 5121 at position (17,41)
[LOCAL ZONE] Found newly touched conflict 5104 at position (18,41)
[LOCAL ZONE] Found newly touched conflict 5089 at position (18,42)
[LOCAL ZONE] Found newly touched conflict 1225 at position (20,38)
[LOCAL ZONE] Found newly touched conflict 1180 at position (20,39)
[LOCAL ZONE] Found newly touched conflict 1475 at position (21,37)
[LOCAL ZONE] Found newly touched conflict 1597 at position (21,37)
[LOCAL ZONE] Found newly touched conflict 1669 at position (21,37)
[LOCAL ZONE] Found newly touched conflict 1706 at position (21,37)
[LOCAL ZONE] Found newly touched conflict 1707 at position (21,37)
[LOCAL ZONE] Found newly touched conflict 1726 at position (21,37)
[LOCAL ZONE] Found newly touched conflict 1737 at position (21,37)
[LOCAL ZONE] Found newly touched conflict 1738 at position (21,37)
[LOCAL ZONE] Found newly touched conflict 1747 at position (21,37)
[LOCAL ZONE] Found newly touched conflict 1748 at position (21,37)
[LOCAL ZONE] Found newly touched conflict 1749 at position (21,37)
[LOCAL ZONE] Found newly touched conflict 1750 at position (21,37)
[LOCAL ZONE] Found newly touched conflict 1751 at position (21,37)
[LOCAL ZONE] Found newly touched conflict 1752 at position (21,37)
[LOCAL ZONE] Found newly touched conflict 1753 at position (21,37)
[LOCAL ZONE] Found newly touched conflict 1827 at position (21,37)
[LOCAL ZONE] Found newly touched conflict 1508 at position (21,38)
[LOCAL ZONE] Found newly touched conflict 1415 at position (22,37)
[LOCAL ZONE] Found newly touched conflict 1618 at position (22,37)
[LOCAL ZONE] Found newly touched conflict 1658 at position (22,37)
[LOCAL ZONE] Found newly touched conflict 1659 at position (22,37)
[LOCAL ZONE] Found newly touched conflict 1673 at position (22,37)
[LOCAL ZONE] Found newly touched conflict 1686 at position (22,37)
[LOCAL ZONE] Found newly touched conflict 1687 at position (22,37)
[LOCAL ZONE] Found newly touched conflict 1695 at position (22,37)
[LOCAL ZONE] Found newly touched conflict 1696 at position (22,37)
[LOCAL ZONE] Found newly touched conflict 1697 at position (22,37)
[LOCAL ZONE] Found newly touched conflict 1698 at position (22,37)
[LOCAL ZONE] Found newly touched conflict 1699 at position (22,37)
[LOCAL ZONE] Found newly touched conflict 1700 at position (22,37)
[LOCAL ZONE] Found newly touched conflict 1701 at position (22,37)
[LOCAL ZONE] Found newly touched conflict 1455 at position (22,38)
[LOCAL ZONE] Found newly touched conflict 1564 at position (23,37)
[LOCAL ZONE] Found newly touched conflict 1604 at position (23,37)
[LOCAL ZONE] Found newly touched conflict 1605 at position (23,37)
[LOCAL ZONE] Found newly touched conflict 1632 at position (23,37)
[LOCAL ZONE] Found newly touched conflict 1649 at position (23,37)
[LOCAL ZONE] Found newly touched conflict 1650 at position (23,37)
[LOCAL ZONE] Found newly touched conflict 1651 at position (23,37)
[LOCAL ZONE] Found newly touched conflict 1652 at position (23,37)
[LOCAL ZONE] Found newly touched conflict 1653 at position (23,37)
[LOCAL ZONE] Found newly touched conflict 1859 at position (23,37)
[LOCAL ZONE] Found newly touched conflict 1866 at position (23,37)
[LOCAL ZONE] Found newly touched conflict 1867 at position (23,37)
[LOCAL ZONE] Found newly touched conflict 509 at position (18,44)
[LOCAL ZONE] Found newly touched conflict 5096 at position (19,43)
[LOCAL ZONE] Found newly touched conflict 934 at position (22,39)
[LOCAL ZONE] Found newly touched conflict 984 at position (22,39)
[LOCAL ZONE] Found newly touched conflict 1082 at position (22,39)
[LOCAL ZONE] Found newly touched conflict 1399 at position (22,39)
[LOCAL ZONE] Found newly touched conflict 5214 at position (22,40)
[LOCAL ZONE] Found newly touched conflict 1316 at position (23,38)
[LOCAL ZONE] Found newly touched conflict 1581 at position (23,38)
[LOCAL ZONE] Found newly touched conflict 1598 at position (23,38)
[LOCAL ZONE] Found newly touched conflict 1599 at position (23,38)
[LOCAL ZONE] Found newly touched conflict 1347 at position (23,39)
[LOCAL ZONE] Found newly touched conflict 1553 at position (24,37)
[LOCAL ZONE] Found newly touched conflict 1600 at position (24,37)
[LOCAL ZONE] Found newly touched conflict 1814 at position (24,37)
[LOCAL ZONE] Found newly touched conflict 1819 at position (24,37)
[LOCAL ZONE] Found newly touched conflict 1820 at position (24,37)
[LOCAL ZONE] Found newly touched conflict 1269 at position (24,38)
[LOCAL ZONE] Found newly touched conflict 1528 at position (24,38)
[LOCAL ZONE] Found newly touched conflict 1546 at position (24,38)
[LOCAL ZONE] Found newly touched conflict 1547 at position (24,38)
[LOCAL ZONE] Found newly touched conflict 1501 at position (25,37)
[LOCAL ZONE] Found newly touched conflict 1548 at position (25,37)
[LOCAL ZONE] Found newly touched conflict 1772 at position (25,37)
[LOCAL ZONE] Found newly touched conflict 576 at position (20,44)
[LOCAL ZONE] Found newly touched conflict 1292 at position (20,44)
[LOCAL ZONE] Found newly touched conflict 1443 at position (20,44)
[LOCAL ZONE] Found newly touched conflict 1495 at position (24,39)
[LOCAL ZONE] Found newly touched conflict 1223 at position (25,38)
[LOCAL ZONE] Found newly touched conflict 1421 at position (25,39)
[LOCAL ZONE] Found newly touched conflict 1433 at position (25,39)
[LOCAL ZONE] Found newly touched conflict 1434 at position (25,39)
[LOCAL ZONE] Found newly touched conflict 1208 at position (25,40)
[LOCAL ZONE] Found newly touched conflict 1366 at position (25,40)
[LOCAL ZONE] Found newly touched conflict 500 at position (26,37)
[LOCAL ZONE] Found newly touched conflict 1442 at position (26,37)
[LOCAL ZONE] Found newly touched conflict 1496 at position (26,37)
[LOCAL ZONE] Found newly touched conflict 1728 at position (26,37)
[LOCAL ZONE] Found newly touched conflict 1384 at position (27,37)
[LOCAL ZONE] Found newly touched conflict 1435 at position (27,37)
[LOCAL ZONE] Found newly touched conflict 1675 at position (27,37)
[LOCAL ZONE] Found newly touched conflict 1165 at position (25,41)
[LOCAL ZONE] Found newly touched conflict 1320 at position (25,41)
[LOCAL ZONE] Found newly touched conflict 1273 at position (25,42)
[LOCAL ZONE] Found newly touched conflict 1283 at position (25,42)
[LOCAL ZONE] Found newly touched conflict 1284 at position (25,42)
[LOCAL ZONE] Found newly touched conflict 1861 at position (26,40)
[LOCAL ZONE] Found newly touched conflict 620 at position (26,41)
[LOCAL ZONE] Found newly touched conflict 5098 at position (26,41)
[LOCAL ZONE] Found newly touched conflict 691 at position (27,38)
[LOCAL ZONE] Found newly touched conflict 1338 at position (27,38)
[LOCAL ZONE] Found newly touched conflict 1896 at position (27,38)
[LOCAL ZONE] Found newly touched conflict 1291 at position (27,39)
[LOCAL ZONE] Found newly touched conflict 1378 at position (28,37)
[LOCAL ZONE] Found newly touched conflict 1844 at position (28,38)
[LOCAL ZONE] Found newly touched conflict 1857 at position (25,43)
[LOCAL ZONE] Found newly touched conflict 1227 at position (26,42)
[LOCAL ZONE] Found newly touched conflict 1240 at position (26,42)
[LOCAL ZONE] Found newly touched conflict 1241 at position (26,42)
[LOCAL ZONE] Found newly touched conflict 1242 at position (26,42)
[LOCAL ZONE] Found newly touched conflict 1243 at position (26,42)
[LOCAL ZONE] Found newly touched conflict 1244 at position (26,42)
[LOCAL ZONE] Found newly touched conflict 1468 at position (27,41)
[LOCAL ZONE] Found newly touched conflict 1182 at position (27,42)
[LOCAL ZONE] Found newly touched conflict 1194 at position (27,42)
[LOCAL ZONE] Found newly touched conflict 1195 at position (27,42)
[LOCAL ZONE] Found newly touched conflict 1041 at position (27,43)
[LOCAL ZONE] Found newly touched conflict 792 at position (28,39)
[LOCAL ZONE] Found newly touched conflict 1799 at position (28,39)
[LOCAL ZONE] Found newly touched conflict 1201 at position (28,40)
[LOCAL ZONE] Found newly touched conflict 1755 at position (28,40)
[LOCAL ZONE] Found newly touched conflict 1058 at position (28,41)
[LOCAL ZONE] Found newly touched conflict 1407 at position (28,41)
[LOCAL ZONE] Found newly touched conflict 1705 at position (28,41)
[LOCAL ZONE] Found newly touched conflict 516 at position (28,42)
[LOCAL ZONE] Found newly touched conflict 1140 at position (28,42)
[LOCAL ZONE] Found newly touched conflict 1152 at position (28,42)
[LOCAL ZONE] Found newly touched conflict 1153 at position (28,42)
[LOCAL ZONE] Found newly touched conflict 1357 at position (28,42)
[LOCAL ZONE] Found newly touched conflict 1657 at position (28,42)
[LOCAL ZONE] Found newly touched conflict 1774 at position (28,42)
[LOCAL ZONE] Found newly touched conflict 5085 at position (28,42)
[LOCAL ZONE] Found newly touched conflict 1245 at position (30,38)
[LOCAL ZONE] Found newly touched conflict 1463 at position (30,38)
[LOCAL ZONE] Found newly touched conflict 1830 at position (30,38)
[LOCAL ZONE] Found newly touched conflict 5131 at position (27,44)
[LOCAL ZONE] Found newly touched conflict 996 at position (28,43)
[LOCAL ZONE] Found newly touched conflict 1110 at position (28,43)
[LOCAL ZONE] Found newly touched conflict 1724 at position (28,43)
[LOCAL ZONE] Found newly touched conflict 1730 at position (28,43)
[LOCAL ZONE] Found newly touched conflict 1731 at position (28,43)
[LOCAL ZONE] Found newly touched conflict 1717 at position (29,41)
[LOCAL ZONE] Found newly touched conflict 960 at position (29,42)
[LOCAL ZONE] Found newly touched conflict 1086 at position (29,42)
[LOCAL ZONE] Found newly touched conflict 1096 at position (29,42)
[LOCAL ZONE] Found newly touched conflict 1097 at position (29,42)
[LOCAL ZONE] Found newly touched conflict 1310 at position (29,42)
[LOCAL ZONE] Found newly touched conflict 1603 at position (29,42)
[LOCAL ZONE] Found newly touched conflict 574 at position (29,43)
[LOCAL ZONE] Found newly touched conflict 942 at position (29,43)
[LOCAL ZONE] Found newly touched conflict 982 at position (29,43)
[LOCAL ZONE] Found newly touched conflict 1034 at position (29,43)
[LOCAL ZONE] Found newly touched conflict 1056 at position (29,43)
[LOCAL ZONE] Found newly touched conflict 1057 at position (29,43)
[LOCAL ZONE] Found newly touched conflict 1671 at position (29,43)
[LOCAL ZONE] Found newly touched conflict 1680 at position (29,43)
[LOCAL ZONE] Found newly touched conflict 1681 at position (29,43)
[LOCAL ZONE] Found newly touched conflict 5091 at position (29,43)
[LOCAL ZONE] Found newly touched conflict 849 at position (29,44)
[LOCAL ZONE] Found newly touched conflict 1013 at position (29,44)
[LOCAL ZONE] Found newly touched conflict 1017 at position (29,44)
[LOCAL ZONE] Found newly touched conflict 1018 at position (29,44)
[LOCAL ZONE] Found newly touched conflict 1531 at position (29,44)
[LOCAL ZONE] Found newly touched conflict 1615 at position (29,44)
[LOCAL ZONE] Found newly touched conflict 1264 at position (30,42)
[LOCAL ZONE] Found newly touched conflict 1552 at position (30,42)
[LOCAL ZONE] Found newly touched conflict 933 at position (30,43)
[LOCAL ZONE] Found newly touched conflict 999 at position (30,43)
[LOCAL ZONE] Found newly touched conflict 1011 at position (30,43)
[LOCAL ZONE] Found newly touched conflict 1012 at position (30,43)
[LOCAL ZONE] Found newly touched conflict 1626 at position (30,43)
[LOCAL ZONE] Found newly touched conflict 1115 at position (31,42)
[LOCAL ZONE] Found newly touched conflict 1217 at position (31,42)
[LOCAL ZONE] Found newly touched conflict 1588 at position (31,42)
[LOCAL ZONE] Found newly touched conflict 5146 at position (31,42)
[LOCAL ZONE] Found newly touched conflict 829 at position (26,45)
[LOCAL ZONE] Found newly touched conflict 830 at position (30,44)
[LOCAL ZONE] Found newly touched conflict 936 at position (30,44)
[LOCAL ZONE] Found newly touched conflict 958 at position (30,44)
[LOCAL ZONE] Found newly touched conflict 959 at position (30,44)
[LOCAL ZONE] Found newly touched conflict 961 at position (30,44)
[LOCAL ZONE] Found newly touched conflict 962 at position (30,44)
[LOCAL ZONE] Found newly touched conflict 963 at position (30,44)
[LOCAL ZONE] Found newly touched conflict 1462 at position (30,44)
[LOCAL ZONE] Found newly touched conflict 1561 at position (30,44)
[LOCAL ZONE] Found newly touched conflict 1567 at position (30,44)
[LOCAL ZONE] Found newly touched conflict 1568 at position (30,44)
[LOCAL ZONE] Found newly touched conflict 1572 at position (30,44)
[LOCAL ZONE] Found newly touched conflict 1573 at position (30,44)
[LOCAL ZONE] Found newly touched conflict 1574 at position (30,44)
[LOCAL ZONE] Found newly touched conflict 1584 at position (30,44)
[LOCAL ZONE] Found newly touched conflict 1585 at position (30,44)
[LOCAL ZONE] Found newly touched conflict 1586 at position (30,44)
[LOCAL ZONE] Found newly touched conflict 1587 at position (30,44)
[LOCAL ZONE] Found newly touched conflict 1062 at position (31,41)
[LOCAL ZONE] Found newly touched conflict 1635 at position (31,41)
[LOCAL ZONE] Found newly touched conflict 880 at position (31,43)
[LOCAL ZONE] Found newly touched conflict 919 at position (31,43)
[LOCAL ZONE] Found newly touched conflict 920 at position (31,43)
[LOCAL ZONE] Found newly touched conflict 964 at position (31,43)
[LOCAL ZONE] Found newly touched conflict 1173 at position (31,43)
[LOCAL ZONE] Found newly touched conflict 1441 at position (31,43)
[LOCAL ZONE] Found newly touched conflict 1532 at position (31,43)
[LOCAL ZONE] Found newly touched conflict 1811 at position (31,43)
[LOCAL ZONE] Found newly touched conflict 5101 at position (31,43)
[LOCAL ZONE] Found newly touched conflict 5151 at position (31,43)
[LOCAL ZONE] Found newly touched conflict 5152 at position (31,43)
[LOCAL ZONE] Found newly touched conflict 222 at position (31,44)
[LOCAL ZONE] Found newly touched conflict 397 at position (31,44)
[LOCAL ZONE] Found newly touched conflict 416 at position (31,44)
[LOCAL ZONE] Found newly touched conflict 727 at position (31,44)
[LOCAL ZONE] Found newly touched conflict 764 at position (31,44)
[LOCAL ZONE] Found newly touched conflict 818 at position (31,44)
[LOCAL ZONE] Found newly touched conflict 865 at position (31,44)
[LOCAL ZONE] Found newly touched conflict 866 at position (31,44)
[LOCAL ZONE] Found newly touched conflict 882 at position (31,44)
[LOCAL ZONE] Found newly touched conflict 891 at position (31,44)
[LOCAL ZONE] Found newly touched conflict 892 at position (31,44)
[LOCAL ZONE] Found newly touched conflict 902 at position (31,44)
[LOCAL ZONE] Found newly touched conflict 903 at position (31,44)
[LOCAL ZONE] Found newly touched conflict 904 at position (31,44)
[LOCAL ZONE] Found newly touched conflict 906 at position (31,44)
[LOCAL ZONE] Found newly touched conflict 907 at position (31,44)
[LOCAL ZONE] Found newly touched conflict 908 at position (31,44)
[LOCAL ZONE] Found newly touched conflict 909 at position (31,44)
[LOCAL ZONE] Found newly touched conflict 910 at position (31,44)
[LOCAL ZONE] Found newly touched conflict 911 at position (31,44)
[LOCAL ZONE] Found newly touched conflict 912 at position (31,44)
[LOCAL ZONE] Found newly touched conflict 913 at position (31,44)
[LOCAL ZONE] Found newly touched conflict 914 at position (31,44)
[LOCAL ZONE] Found newly touched conflict 1114 at position (31,44)
[LOCAL ZONE] Found newly touched conflict 1124 at position (31,44)
[LOCAL ZONE] Found newly touched conflict 1130 at position (31,44)
[LOCAL ZONE] Found newly touched conflict 1131 at position (31,44)
[LOCAL ZONE] Found newly touched conflict 1200 at position (31,44)
[LOCAL ZONE] Found newly touched conflict 1383 at position (31,44)
[LOCAL ZONE] Found newly touched conflict 1400 at position (31,44)
[LOCAL ZONE] Found newly touched conflict 1454 at position (31,44)
[LOCAL ZONE] Found newly touched conflict 1483 at position (31,44)
[LOCAL ZONE] Found newly touched conflict 1484 at position (31,44)
[LOCAL ZONE] Found newly touched conflict 1510 at position (31,44)
[LOCAL ZONE] Found newly touched conflict 1512 at position (31,44)
[LOCAL ZONE] Found newly touched conflict 1513 at position (31,44)
[LOCAL ZONE] Found newly touched conflict 1518 at position (31,44)
[LOCAL ZONE] Found newly touched conflict 1519 at position (31,44)
[LOCAL ZONE] Found newly touched conflict 1520 at position (31,44)
[LOCAL ZONE] Found newly touched conflict 1641 at position (31,44)
[LOCAL ZONE] Found newly touched conflict 1767 at position (31,44)
[LOCAL ZONE] Found newly touched conflict 5108 at position (31,44)
[LOCAL ZONE] Found newly touched conflict 5109 at position (31,44)
[LOCAL ZONE] Found newly touched conflict 5139 at position (31,44)
[LOCAL ZONE] Found newly touched conflict 5140 at position (31,44)
[LOCAL ZONE] Found newly touched conflict 5141 at position (31,44)
[LOCAL ZONE] Found newly touched conflict 5143 at position (31,44)
[LOCAL ZONE] Found newly touched conflict 5144 at position (31,44)
[LOCAL ZONE] Found newly touched conflict 5145 at position (31,44)
[LOCAL ZONE] Found newly touched conflict 5156 at position (31,44)
[LOCAL ZONE] Found newly touched conflict 189 at position (32,44)
[LOCAL ZONE] Found newly touched conflict 445 at position (32,44)
[LOCAL ZONE] Found newly touched conflict 683 at position (32,44)
[LOCAL ZONE] Found newly touched conflict 715 at position (32,44)
[LOCAL ZONE] Found newly touched conflict 735 at position (32,44)
[LOCAL ZONE] Found newly touched conflict 736 at position (32,44)
[LOCAL ZONE] Found newly touched conflict 753 at position (32,44)
[LOCAL ZONE] Found newly touched conflict 800 at position (32,44)
[LOCAL ZONE] Found newly touched conflict 801 at position (32,44)
[LOCAL ZONE] Found newly touched conflict 821 at position (32,44)
[LOCAL ZONE] Found newly touched conflict 832 at position (32,44)
[LOCAL ZONE] Found newly touched conflict 833 at position (32,44)
[LOCAL ZONE] Found newly touched conflict 846 at position (32,44)
[LOCAL ZONE] Found newly touched conflict 847 at position (32,44)
[LOCAL ZONE] Found newly touched conflict 848 at position (32,44)
[LOCAL ZONE] Found newly touched conflict 850 at position (32,44)
[LOCAL ZONE] Found newly touched conflict 851 at position (32,44)
[LOCAL ZONE] Found newly touched conflict 852 at position (32,44)
[LOCAL ZONE] Found newly touched conflict 853 at position (32,44)
[LOCAL ZONE] Found newly touched conflict 854 at position (32,44)
[LOCAL ZONE] Found newly touched conflict 855 at position (32,44)
[LOCAL ZONE] Found newly touched conflict 856 at position (32,44)
[LOCAL ZONE] Found newly touched conflict 857 at position (32,44)
[LOCAL ZONE] Found newly touched conflict 858 at position (32,44)
[LOCAL ZONE] Found newly touched conflict 1080 at position (32,44)
[LOCAL ZONE] Found newly touched conflict 1089 at position (32,44)
[LOCAL ZONE] Found newly touched conflict 1090 at position (32,44)
[LOCAL ZONE] Found newly touched conflict 1139 at position (32,44)
[LOCAL ZONE] Found newly touched conflict 1157 at position (32,44)
[LOCAL ZONE] Found newly touched conflict 1158 at position (32,44)
[LOCAL ZONE] Found newly touched conflict 1337 at position (32,44)
[LOCAL ZONE] Found newly touched conflict 1352 at position (32,44)
[LOCAL ZONE] Found newly touched conflict 1394 at position (32,44)
[LOCAL ZONE] Found newly touched conflict 1424 at position (32,44)
[LOCAL ZONE] Found newly touched conflict 1425 at position (32,44)
[LOCAL ZONE] Found newly touched conflict 1458 at position (32,44)
[LOCAL ZONE] Found newly touched conflict 1464 at position (32,44)
[LOCAL ZONE] Found newly touched conflict 1465 at position (32,44)
[LOCAL ZONE] Found newly touched conflict 1471 at position (32,44)
[LOCAL ZONE] Found newly touched conflict 1472 at position (32,44)
[LOCAL ZONE] Found newly touched conflict 1473 at position (32,44)
[LOCAL ZONE] Found newly touched conflict 1721 at position (32,44)
[LOCAL ZONE] Found newly touched conflict 5080 at position (32,44)
[LOCAL ZONE] Found newly touched conflict 5113 at position (32,44)
[LOCAL ZONE] Found newly touched conflict 5114 at position (32,44)
[LOCAL ZONE] Found newly touched conflict 5116 at position (32,44)
[LOCAL ZONE] Found newly touched conflict 5149 at position (32,44)
[LOCAL ZONE] Found newly touched conflict 5150 at position (32,44)
[LOCAL ZONE] Found newly touched conflict 5159 at position (32,44)
[LOCAL ZONE] Found newly touched conflict 5202 at position (32,44)
[LOCAL ZONE] Found newly touched conflict 5203 at position (32,44)
[LOCAL ZONE] Found newly touched conflict 1401 at position (26,47)
[LOCAL ZONE] Found newly touched conflict 1405 at position (26,47)
[LOCAL ZONE] Found newly touched conflict 1406 at position (26,47)
[LOCAL ZONE] Found newly touched conflict 593 at position (33,42)
[LOCAL ZONE] Found newly touched conflict 653 at position (33,42)
[LOCAL ZONE] Found newly touched conflict 681 at position (33,42)
[LOCAL ZONE] Found newly touched conflict 684 at position (33,42)
[LOCAL ZONE] Found newly touched conflict 685 at position (33,42)
[LOCAL ZONE] Found newly touched conflict 686 at position (33,42)
[LOCAL ZONE] Found newly touched conflict 687 at position (33,42)
[LOCAL ZONE] Found newly touched conflict 688 at position (33,42)
[LOCAL ZONE] Found newly touched conflict 822 at position (33,42)
[LOCAL ZONE] Found newly touched conflict 5088 at position (33,42)
[LOCAL ZONE] Found newly touched conflict 5158 at position (33,42)
[LOCAL ZONE] Found newly touched conflict 505 at position (33,43)
[LOCAL ZONE] Found newly touched conflict 626 at position (33,43)
[LOCAL ZONE] Found newly touched conflict 667 at position (33,43)
[LOCAL ZONE] Found newly touched conflict 694 at position (33,43)
[LOCAL ZONE] Found newly touched conflict 695 at position (33,43)
[LOCAL ZONE] Found newly touched conflict 725 at position (33,43)
[LOCAL ZONE] Found newly touched conflict 728 at position (33,43)
[LOCAL ZONE] Found newly touched conflict 729 at position (33,43)
[LOCAL ZONE] Found newly touched conflict 730 at position (33,43)
[LOCAL ZONE] Found newly touched conflict 731 at position (33,43)
[LOCAL ZONE] Found newly touched conflict 732 at position (33,43)
[LOCAL ZONE] Found newly touched conflict 862 at position (33,43)
[LOCAL ZONE] Found newly touched conflict 883 at position (33,43)
[LOCAL ZONE] Found newly touched conflict 1249 at position (33,43)
[LOCAL ZONE] Found newly touched conflict 5120 at position (33,43)
[LOCAL ZONE] Found newly touched conflict 5163 at position (33,43)
[LOCAL ZONE] Found newly touched conflict 161 at position (33,44)
[LOCAL ZONE] Found newly touched conflict 165 at position (33,44)
[LOCAL ZONE] Found newly touched conflict 166 at position (33,44)
[LOCAL ZONE] Found newly touched conflict 327 at position (33,44)
[LOCAL ZONE] Found newly touched conflict 359 at position (33,44)
[LOCAL ZONE] Found newly touched conflict 381 at position (33,44)
[LOCAL ZONE] Found newly touched conflict 435 at position (33,44)
[LOCAL ZONE] Found newly touched conflict 464 at position (33,44)
[LOCAL ZONE] Found newly touched conflict 490 at position (33,44)
[LOCAL ZONE] Found newly touched conflict 543 at position (33,44)
[LOCAL ZONE] Found newly touched conflict 577 at position (33,44)
[LOCAL ZONE] Found newly touched conflict 642 at position (33,44)
[LOCAL ZONE] Found newly touched conflict 654 at position (33,44)
[LOCAL ZONE] Found newly touched conflict 655 at position (33,44)
[LOCAL ZONE] Found newly touched conflict 672 at position (33,44)
[LOCAL ZONE] Found newly touched conflict 697 at position (33,44)
[LOCAL ZONE] Found newly touched conflict 698 at position (33,44)
[LOCAL ZONE] Found newly touched conflict 708 at position (33,44)
[LOCAL ZONE] Found newly touched conflict 737 at position (33,44)
[LOCAL ZONE] Found newly touched conflict 738 at position (33,44)
[LOCAL ZONE] Found newly touched conflict 739 at position (33,44)
[LOCAL ZONE] Found newly touched conflict 740 at position (33,44)
[LOCAL ZONE] Found newly touched conflict 741 at position (33,44)
[LOCAL ZONE] Found newly touched conflict 756 at position (33,44)
[LOCAL ZONE] Found newly touched conflict 766 at position (33,44)
[LOCAL ZONE] Found newly touched conflict 767 at position (33,44)
[LOCAL ZONE] Found newly touched conflict 777 at position (33,44)
[LOCAL ZONE] Found newly touched conflict 778 at position (33,44)
[LOCAL ZONE] Found newly touched conflict 779 at position (33,44)
[LOCAL ZONE] Found newly touched conflict 780 at position (33,44)
[LOCAL ZONE] Found newly touched conflict 781 at position (33,44)
[LOCAL ZONE] Found newly touched conflict 782 at position (33,44)
[LOCAL ZONE] Found newly touched conflict 783 at position (33,44)
[LOCAL ZONE] Found newly touched conflict 784 at position (33,44)
[LOCAL ZONE] Found newly touched conflict 785 at position (33,44)
[LOCAL ZONE] Found newly touched conflict 786 at position (33,44)
[LOCAL ZONE] Found newly touched conflict 787 at position (33,44)
[LOCAL ZONE] Found newly touched conflict 788 at position (33,44)
[LOCAL ZONE] Found newly touched conflict 794 at position (33,44)
[LOCAL ZONE] Found newly touched conflict 795 at position (33,44)
[LOCAL ZONE] Found newly touched conflict 796 at position (33,44)
[LOCAL ZONE] Found newly touched conflict 797 at position (33,44)
[LOCAL ZONE] Found newly touched conflict 798 at position (33,44)
[LOCAL ZONE] Found newly touched conflict 799 at position (33,44)
[LOCAL ZONE] Found newly touched conflict 802 at position (33,44)
[LOCAL ZONE] Found newly touched conflict 803 at position (33,44)
[LOCAL ZONE] Found newly touched conflict 804 at position (33,44)
[LOCAL ZONE] Found newly touched conflict 805 at position (33,44)
[LOCAL ZONE] Found newly touched conflict 806 at position (33,44)
[LOCAL ZONE] Found newly touched conflict 807 at position (33,44)
[LOCAL ZONE] Found newly touched conflict 808 at position (33,44)
[LOCAL ZONE] Found newly touched conflict 867 at position (33,44)
[LOCAL ZONE] Found newly touched conflict 921 at position (33,44)
[LOCAL ZONE] Found newly touched conflict 937 at position (33,44)
[LOCAL ZONE] Found newly touched conflict 968 at position (33,44)
[LOCAL ZONE] Found newly touched conflict 969 at position (33,44)
[LOCAL ZONE] Found newly touched conflict 1030 at position (33,44)
[LOCAL ZONE] Found newly touched conflict 1035 at position (33,44)
[LOCAL ZONE] Found newly touched conflict 1036 at position (33,44)
[LOCAL ZONE] Found newly touched conflict 1064 at position (33,44)
[LOCAL ZONE] Found newly touched conflict 1065 at position (33,44)
[LOCAL ZONE] Found newly touched conflict 1066 at position (33,44)
[LOCAL ZONE] Found newly touched conflict 1117 at position (33,44)
[LOCAL ZONE] Found newly touched conflict 1159 at position (33,44)
[LOCAL ZONE] Found newly touched conflict 1199 at position (33,44)
[LOCAL ZONE] Found newly touched conflict 1202 at position (33,44)
[LOCAL ZONE] Found newly touched conflict 1203 at position (33,44)
[LOCAL ZONE] Found newly touched conflict 1251 at position (33,44)
[LOCAL ZONE] Found newly touched conflict 1288 at position (33,44)
[LOCAL ZONE] Found newly touched conflict 1289 at position (33,44)
[LOCAL ZONE] Found newly touched conflict 1290 at position (33,44)
[LOCAL ZONE] Found newly touched conflict 1293 at position (33,44)
[LOCAL ZONE] Found newly touched conflict 1294 at position (33,44)
[LOCAL ZONE] Found newly touched conflict 1295 at position (33,44)
[LOCAL ZONE] Found newly touched conflict 1306 at position (33,44)
[LOCAL ZONE] Found newly touched conflict 1339 at position (33,44)
[LOCAL ZONE] Found newly touched conflict 1340 at position (33,44)
[LOCAL ZONE] Found newly touched conflict 1346 at position (33,44)
[LOCAL ZONE] Found newly touched conflict 1369 at position (33,44)
[LOCAL ZONE] Found newly touched conflict 1370 at position (33,44)
[LOCAL ZONE] Found newly touched conflict 1385 at position (33,44)
[LOCAL ZONE] Found newly touched conflict 1386 at position (33,44)
[LOCAL ZONE] Found newly touched conflict 1387 at position (33,44)
[LOCAL ZONE] Found newly touched conflict 1396 at position (33,44)
[LOCAL ZONE] Found newly touched conflict 1402 at position (33,44)
[LOCAL ZONE] Found newly touched conflict 1403 at position (33,44)
[LOCAL ZONE] Found newly touched conflict 1410 at position (33,44)
[LOCAL ZONE] Found newly touched conflict 1411 at position (33,44)
[LOCAL ZONE] Found newly touched conflict 1412 at position (33,44)
[LOCAL ZONE] Found newly touched conflict 1444 at position (33,44)
[LOCAL ZONE] Found newly touched conflict 1445 at position (33,44)
[LOCAL ZONE] Found newly touched conflict 1446 at position (33,44)
[LOCAL ZONE] Found newly touched conflict 1447 at position (33,44)
[LOCAL ZONE] Found newly touched conflict 1554 at position (33,44)
[LOCAL ZONE] Found newly touched conflict 1667 at position (33,44)
[LOCAL ZONE] Found newly touched conflict 1708 at position (33,44)
[LOCAL ZONE] Found newly touched conflict 1709 at position (33,44)
[LOCAL ZONE] Found newly touched conflict 1758 at position (33,44)
[LOCAL ZONE] Found newly touched conflict 1847 at position (33,44)
[LOCAL ZONE] Found newly touched conflict 389 at position (33,45)
[LOCAL ZONE] Found newly touched conflict 528 at position (33,45)
[LOCAL ZONE] Found newly touched conflict 585 at position (33,45)
[LOCAL ZONE] Found newly touched conflict 717 at position (33,45)
[LOCAL ZONE] Found newly touched conflict 983 at position (33,45)
[LOCAL ZONE] Found newly touched conflict 988 at position (33,45)
[LOCAL ZONE] Found newly touched conflict 989 at position (33,45)
[LOCAL ZONE] Found newly touched conflict 990 at position (33,45)
[LOCAL ZONE] Found newly touched conflict 991 at position (33,45)
[LOCAL ZONE] Found newly touched conflict 992 at position (33,45)
[LOCAL ZONE] Found newly touched conflict 1169 at position (33,45)
[LOCAL ZONE] Found newly touched conflict 1305 at position (33,45)
[LOCAL ZONE] Found newly touched conflict 1323 at position (33,45)
[LOCAL ZONE] Found newly touched conflict 1324 at position (33,45)
[LOCAL ZONE] Found newly touched conflict 1351 at position (33,45)
[LOCAL ZONE] Found newly touched conflict 1353 at position (33,45)
[LOCAL ZONE] Found newly touched conflict 1354 at position (33,45)
[LOCAL ZONE] Found newly touched conflict 1359 at position (33,45)
[LOCAL ZONE] Found newly touched conflict 1360 at position (33,45)
[LOCAL ZONE] Found newly touched conflict 1361 at position (33,45)
[LOCAL ZONE] Found newly touched conflict 1487 at position (33,45)
[LOCAL ZONE] Found newly touched conflict 938 at position (33,46)
[LOCAL ZONE] Found newly touched conflict 1276 at position (33,46)
[LOCAL ZONE] Found newly touched conflict 1307 at position (33,46)
[LOCAL ZONE] Found newly touched conflict 1313 at position (33,46)
[LOCAL ZONE] Found newly touched conflict 1314 at position (33,46)
[LOCAL ZONE] Found newly touched conflict 1250 at position (34,44)
[LOCAL ZONE] Found newly touched conflict 1616 at position (34,44)
[LOCAL ZONE] Found newly touched conflict 1515 at position (24,47)
[LOCAL ZONE] Found newly touched conflict 1467 at position (25,47)
[LOCAL ZONE] Found newly touched conflict 1356 at position (27,47)
[LOCAL ZONE] Found newly touched conflict 1309 at position (28,47)
[LOCAL ZONE] Found newly touched conflict 1129 at position (32,47)
[LOCAL ZONE] Found newly touched conflict 501 at position (33,39)
[LOCAL ZONE] Found newly touched conflict 542 at position (33,39)
[LOCAL ZONE] Found newly touched conflict 570 at position (33,39)
[LOCAL ZONE] Found newly touched conflict 669 at position (33,39)
[LOCAL ZONE] Found newly touched conflict 531 at position (33,40)
[LOCAL ZONE] Found newly touched conflict 575 at position (33,40)
[LOCAL ZONE] Found newly touched conflict 605 at position (33,40)
[LOCAL ZONE] Found newly touched conflict 606 at position (33,40)
[LOCAL ZONE] Found newly touched conflict 607 at position (33,40)
[LOCAL ZONE] Found newly touched conflict 710 at position (33,40)
[LOCAL ZONE] Found newly touched conflict 553 at position (33,41)
[LOCAL ZONE] Found newly touched conflict 558 at position (33,41)
[LOCAL ZONE] Found newly touched conflict 559 at position (33,41)
[LOCAL ZONE] Found newly touched conflict 612 at position (33,41)
[LOCAL ZONE] Found newly touched conflict 640 at position (33,41)
[LOCAL ZONE] Found newly touched conflict 643 at position (33,41)
[LOCAL ZONE] Found newly touched conflict 644 at position (33,41)
[LOCAL ZONE] Found newly touched conflict 645 at position (33,41)
[LOCAL ZONE] Found newly touched conflict 646 at position (33,41)
[LOCAL ZONE] Found newly touched conflict 647 at position (33,41)
[LOCAL ZONE] Found newly touched conflict 757 at position (33,41)
[LOCAL ZONE] Found newly touched conflict 139 at position (33,47)
[LOCAL ZONE] Found newly touched conflict 344 at position (33,47)
[LOCAL ZONE] Found newly touched conflict 474 at position (33,47)
[LOCAL ZONE] Found newly touched conflict 524 at position (33,47)
[LOCAL ZONE] Found newly touched conflict 884 at position (33,47)
[LOCAL ZONE] Found newly touched conflict 1075 at position (33,47)
[LOCAL ZONE] Found newly touched conflict 1087 at position (33,47)
[LOCAL ZONE] Found newly touched conflict 1088 at position (33,47)
[LOCAL ZONE] Found newly touched conflict 1231 at position (33,47)
[LOCAL ZONE] Found newly touched conflict 1238 at position (33,47)
[LOCAL ZONE] Found newly touched conflict 1239 at position (33,47)
[LOCAL ZONE] Found newly touched conflict 1261 at position (33,47)
[LOCAL ZONE] Found newly touched conflict 1266 at position (33,47)
[LOCAL ZONE] Found newly touched conflict 1267 at position (33,47)
[LOCAL ZONE] Found newly touched conflict 312 at position (33,48)
[LOCAL ZONE] Found newly touched conflict 448 at position (33,48)
[LOCAL ZONE] Found newly touched conflict 495 at position (33,48)
[LOCAL ZONE] Found newly touched conflict 823 at position (33,48)
[LOCAL ZONE] Found newly touched conflict 1026 at position (33,48)
[LOCAL ZONE] Found newly touched conflict 1185 at position (33,48)
[LOCAL ZONE] Found newly touched conflict 1192 at position (33,48)
[LOCAL ZONE] Found newly touched conflict 1193 at position (33,48)
[LOCAL ZONE] Found newly touched conflict 1214 at position (33,48)
[LOCAL ZONE] Found newly touched conflict 1220 at position (33,48)
[LOCAL ZONE] Found newly touched conflict 1221 at position (33,48)
[LOCAL ZONE] Found newly touched conflict 603 at position (34,41)
[LOCAL ZONE] Found newly touched conflict 1336 at position (34,42)
[LOCAL ZONE] Found newly touched conflict 1382 at position (35,42)
[LOCAL ZONE] Found newly touched conflict 317 at position (22,47)
[LOCAL ZONE] Found newly touched conflict 1536 at position (22,47)
[LOCAL ZONE] Found newly touched conflict 1622 at position (22,47)
[LOCAL ZONE] Found newly touched conflict 1570 at position (23,47)
[LOCAL ZONE] Found newly touched conflict 279 at position (29,47)
[LOCAL ZONE] Found newly touched conflict 1263 at position (29,47)
[LOCAL ZONE] Found newly touched conflict 1216 at position (30,47)
[LOCAL ZONE] Found newly touched conflict 338 at position (31,47)
[LOCAL ZONE] Found newly touched conflict 1172 at position (31,47)
[LOCAL ZONE] Found newly touched conflict 449 at position (33,37)
[LOCAL ZONE] Found newly touched conflict 487 at position (33,37)
[LOCAL ZONE] Found newly touched conflict 586 at position (33,37)
[LOCAL ZONE] Found newly touched conflict 475 at position (33,38)
[LOCAL ZONE] Found newly touched conflict 517 at position (33,38)
[LOCAL ZONE] Found newly touched conflict 538 at position (33,38)
[LOCAL ZONE] Found newly touched conflict 622 at position (33,38)
[LOCAL ZONE] Found newly touched conflict 280 at position (33,49)
[LOCAL ZONE] Found newly touched conflict 420 at position (33,49)
[LOCAL ZONE] Found newly touched conflict 429 at position (33,49)
[LOCAL ZONE] Found newly touched conflict 430 at position (33,49)
[LOCAL ZONE] Found newly touched conflict 468 at position (33,49)
[LOCAL ZONE] Found newly touched conflict 758 at position (33,49)
[LOCAL ZONE] Found newly touched conflict 979 at position (33,49)
[LOCAL ZONE] Found newly touched conflict 1143 at position (33,49)
[LOCAL ZONE] Found newly touched conflict 1150 at position (33,49)
[LOCAL ZONE] Found newly touched conflict 1151 at position (33,49)
[LOCAL ZONE] Found newly touched conflict 1170 at position (33,49)
[LOCAL ZONE] Found newly touched conflict 1175 at position (33,49)
[LOCAL ZONE] Found newly touched conflict 1176 at position (33,49)
[LOCAL ZONE] Found newly touched conflict 245 at position (33,50)
[LOCAL ZONE] Found newly touched conflict 440 at position (33,50)
[LOCAL ZONE] Found newly touched conflict 457 at position (33,50)
[LOCAL ZONE] Found newly touched conflict 458 at position (33,50)
[LOCAL ZONE] Found newly touched conflict 211 at position (33,51)
[LOCAL ZONE] Found newly touched conflict 412 at position (33,51)
[LOCAL ZONE] Found newly touched conflict 395 at position (34,49)
[LOCAL ZONE] Found newly touched conflict 711 at position (34,49)
[LOCAL ZONE] Found newly touched conflict 928 at position (34,49)
[LOCAL ZONE] Found newly touched conflict 1100 at position (34,49)
[LOCAL ZONE] Found newly touched conflict 1108 at position (34,49)
[LOCAL ZONE] Found newly touched conflict 1109 at position (34,49)
[LOCAL ZONE] Found newly touched conflict 1127 at position (34,49)
[LOCAL ZONE] Found newly touched conflict 1134 at position (34,49)
[LOCAL ZONE] Found newly touched conflict 1135 at position (34,49)
[LOCAL ZONE] Found newly touched conflict 372 at position (35,49)
[LOCAL ZONE] Found newly touched conflict 876 at position (35,49)
[LOCAL ZONE] Found newly touched conflict 1046 at position (35,49)
[LOCAL ZONE] Found newly touched conflict 1054 at position (35,49)
[LOCAL ZONE] Found newly touched conflict 1055 at position (35,49)
[LOCAL ZONE] Found newly touched conflict 1084 at position (35,49)
[LOCAL ZONE] Found newly touched conflict 1500 at position (36,41)
[LOCAL ZONE] Found newly touched conflict 1028 at position (36,42)
[LOCAL ZONE] Found newly touched conflict 1083 at position (36,42)
[LOCAL ZONE] Found newly touched conflict 1420 at position (36,42)
[LOCAL ZONE] Found newly touched conflict 1439 at position (36,42)
[LOCAL ZONE] Found newly touched conflict 1440 at position (36,42)
[LOCAL ZONE] Found newly touched conflict 350 at position (22,46)
[LOCAL ZONE] Found newly touched conflict 286 at position (22,48)
[LOCAL ZONE] Found newly touched conflict 1591 at position (22,48)
[LOCAL ZONE] Found newly touched conflict 1674 at position (22,48)
[LOCAL ZONE] Found newly touched conflict 5060 at position (22,48)
[LOCAL ZONE] Found newly touched conflict 81 at position (22,49)
[LOCAL ZONE] Found newly touched conflict 252 at position (22,49)
[LOCAL ZONE] Found newly touched conflict 1642 at position (22,49)
[LOCAL ZONE] Found newly touched conflict 1727 at position (22,49)
[LOCAL ZONE] Found newly touched conflict 433 at position (33,35)
[LOCAL ZONE] Found newly touched conflict 530 at position (33,35)
[LOCAL ZONE] Found newly touched conflict 461 at position (33,36)
[LOCAL ZONE] Found newly touched conflict 554 at position (33,36)
[LOCAL ZONE] Found newly touched conflict 386 at position (33,52)
[LOCAL ZONE] Found newly touched conflict 485 at position (35,38)
[LOCAL ZONE] Found newly touched conflict 1551 at position (36,40)
[LOCAL ZONE] Found newly touched conflict 343 at position (36,49)
[LOCAL ZONE] Found newly touched conflict 813 at position (36,49)
[LOCAL ZONE] Found newly touched conflict 1002 at position (36,49)
[LOCAL ZONE] Found newly touched conflict 1009 at position (36,49)
[LOCAL ZONE] Found newly touched conflict 1010 at position (36,49)
[LOCAL ZONE] Found newly touched conflict 1032 at position (36,49)
[LOCAL ZONE] Found newly touched conflict 587 at position (36,50)
[LOCAL ZONE] Found newly touched conflict 311 at position (37,49)
[LOCAL ZONE] Found newly touched conflict 749 at position (37,49)
[LOCAL ZONE] Found newly touched conflict 947 at position (37,49)
[LOCAL ZONE] Found newly touched conflict 956 at position (37,49)
[LOCAL ZONE] Found newly touched conflict 957 at position (37,49)
[LOCAL ZONE] Found newly touched conflict 986 at position (37,49)
[LOCAL ZONE] Found newly touched conflict 1818 at position (21,50)
[LOCAL ZONE] Found newly touched conflict 108 at position (22,50)
[LOCAL ZONE] Found newly touched conflict 216 at position (22,50)
[LOCAL ZONE] Found newly touched conflict 405 at position (34,35)
[LOCAL ZONE] Found newly touched conflict 333 at position (34,53)
[LOCAL ZONE] Found newly touched conflict 380 at position (35,35)
[LOCAL ZONE] Found newly touched conflict 431 at position (36,37)
[LOCAL ZONE] Found newly touched conflict 459 at position (36,38)
[LOCAL ZONE] Found newly touched conflict 1704 at position (37,38)
[LOCAL ZONE] Found newly touched conflict 1656 at position (37,39)
[LOCAL ZONE] Found newly touched conflict 278 at position (38,49)
[LOCAL ZONE] Found newly touched conflict 901 at position (38,49)
[LOCAL ZONE] Found newly touched conflict 935 at position (38,49)
[LOCAL ZONE] Found newly touched conflict 845 at position (39,49)
[LOCAL ZONE] Found newly touched conflict 1865 at position (21,51)
[LOCAL ZONE] Found newly touched conflict 355 at position (36,34)
[LOCAL ZONE] Found newly touched conflict 402 at position (36,36)
[LOCAL ZONE] Found newly touched conflict 754 at position (40,50)
[LOCAL ZONE] Found newly touched conflict 392 at position (36,33)
[LOCAL ZONE] Found newly touched conflict 209 at position (37,33)
[LOCAL ZONE] Found newly touched conflict 262 at position (37,33)
[LOCAL ZONE] Found newly touched conflict 290 at position (37,33)
[LOCAL ZONE] Found newly touched conflict 291 at position (37,33)
[LOCAL ZONE] Found newly touched conflict 292 at position (37,33)
[LOCAL ZONE] Found newly touched conflict 368 at position (37,33)
[LOCAL ZONE] Found newly touched conflict 321 at position (37,34)
[LOCAL ZONE] Found newly touched conflict 322 at position (37,34)
[LOCAL ZONE] Found newly touched conflict 323 at position (37,34)
[LOCAL ZONE] Found newly touched conflict 668 at position (41,51)
[LOCAL ZONE] Found newly touched conflict 152 at position (37,31)
[LOCAL ZONE] Found newly touched conflict 193 at position (37,31)
[LOCAL ZONE] Found newly touched conflict 221 at position (37,31)
[LOCAL ZONE] Found newly touched conflict 224 at position (37,31)
[LOCAL ZONE] Found newly touched conflict 225 at position (37,31)
[LOCAL ZONE] Found newly touched conflict 306 at position (37,31)
[LOCAL ZONE] Found newly touched conflict 180 at position (37,32)
[LOCAL ZONE] Found newly touched conflict 229 at position (37,32)
[LOCAL ZONE] Found newly touched conflict 256 at position (37,32)
[LOCAL ZONE] Found newly touched conflict 258 at position (37,32)
[LOCAL ZONE] Found newly touched conflict 259 at position (37,32)
[LOCAL ZONE] Found newly touched conflict 341 at position (37,32)
[LOCAL ZONE] Found newly touched conflict 621 at position (41,52)
[LOCAL ZONE] Found newly touched conflict 1063 at position (42,51)
[LOCAL ZONE] Found newly touched conflict 134 at position (37,29)
[LOCAL ZONE] Found newly touched conflict 160 at position (37,29)
[LOCAL ZONE] Found newly touched conflict 240 at position (37,29)
[LOCAL ZONE] Found newly touched conflict 164 at position (37,30)
[LOCAL ZONE] Found newly touched conflict 188 at position (37,30)
[LOCAL ZONE] Found newly touched conflict 274 at position (37,30)
[LOCAL ZONE] Found newly touched conflict 944 at position (43,50)
[LOCAL ZONE] Found newly touched conflict 84 at position (37,27)
[LOCAL ZONE] Found newly touched conflict 104 at position (37,27)
[LOCAL ZONE] Found newly touched conflict 177 at position (37,27)
[LOCAL ZONE] Found newly touched conflict 109 at position (37,28)
[LOCAL ZONE] Found newly touched conflict 130 at position (37,28)
[LOCAL ZONE] Found newly touched conflict 204 at position (37,28)
[LOCAL ZONE] Found newly touched conflict 35 at position (37,25)
[LOCAL ZONE] Found newly touched conflict 50 at position (37,25)
[LOCAL ZONE] Found newly touched conflict 122 at position (37,25)
[LOCAL ZONE] Found newly touched conflict 56 at position (37,26)
[LOCAL ZONE] Found newly touched conflict 76 at position (37,26)
[LOCAL ZONE] Found newly touched conflict 148 at position (37,26)
[LOCAL ZONE] Found newly touched conflict 19 at position (37,24)
[LOCAL ZONE] Found newly touched conflict 30 at position (37,24)
[Solve_local_zone] Final expanded zone contains 949 positions with 1801 conflicts 
[Solve_local_zone] New time window: [1, 54]
[Solve_local_zone] Current local zone size: 949 (26.0285% of all walkable positions)
[Solve_local_zone] Local zone time window: [1, 54]
[Create_Local_problem] Agent 0 returned to the zone 1 times within time window
[Create_Local_problem] Agent 2 returned to the zone 1 times within time window
[Current_Solution] Agent 4 used 44 waiting timesteps, 135 remaining
[Current_Solution] Agent 5 used 26 waiting timesteps, 135 remaining
[Create_Local_problem] Agent 7 returned to the zone 2 times within time window
[Create_Local_problem] Agent 9 returned to the zone 1 times within time window
[Create_Local_problem] Agent 11 returned to the zone 2 times within time window
[Create_Local_problem] Agent 12 returned to the zone 2 times within time window
[Create_Local_problem] Agent 14 returned to the zone 1 times within time window
[Create_Local_problem] Agent 19 returned to the zone 2 times within time window
[Create_Local_problem] Agent 32 returned to the zone 1 times within time window
[Create_Local_problem] Agent 33 returned to the zone 1 times within time window
[Create_Local_problem] Agent 40 returned to the zone 2 times within time window
[Create_Local_problem] Agent 42 returned to the zone 3 times within time window
[Create_Local_problem] Agent 43 returned to the zone 1 times within time window
[Create_Local_problem] Agent 45 returned to the zone 1 times within time window
[Create_Local_problem] Agent 53 returned to the zone 1 times within time window
[Create_Local_problem] Agent 57 returned to the zone 2 times within time window
[Create_Local_problem] Agent 60 returned to the zone 1 times within time window
[Create_Local_problem] Agent 63 returned to the zone 1 times within time window
[Create_Local_problem] Agent 65 returned to the zone 1 times within time window
[Create_Local_problem] Agent 70 returned to the zone 1 times within time window
[Create_Local_problem] Agent 78 returned to the zone 1 times within time window
[Create_Local_problem] Agent 84 returned to the zone 1 times within time window
[Create_Local_problem] Agent 85 returned to the zone 1 times within time window
[Create_Local_problem] Agent 88 returned to the zone 1 times within time window
[Create_Local_problem] Agent 89 returned to the zone 1 times within time window
[Create_Local_problem] Agent 90 returned to the zone 1 times within time window
[Create_Local_problem] Agent 91 returned to the zone 1 times within time window
[Current_Solution] Agent 91 used 22 waiting timesteps, 135 remaining
[Create_Local_problem] Agent 99 returned to the zone 1 times within time window
[Current_Solution] Agent 101 used 27 waiting timesteps, 135 remaining
[Create_Local_problem] Agent 102 returned to the zone 1 times within time window
[Create_Local_problem] Agent 105 returned to the zone 1 times within time window
[Current_Solution] Agent 108 used 21 waiting timesteps, 135 remaining
[Create_Local_problem] Agent 110 returned to the zone 1 times within time window
[Create_Local_problem] Agent 112 returned to the zone 1 times within time window
[Current_Solution] Agent 113 used 37 waiting timesteps, 135 remaining
[Current_Solution] Agent 116 used 42 waiting timesteps, 135 remaining
[Create_Local_problem] Agent 118 returned to the zone 2 times within time window
[Create_Local_problem] Agent 119 returned to the zone 1 times within time window
[Create_Local_problem] Agent 123 returned to the zone 1 times within time window
[Create_Local_problem] Agent 126 returned to the zone 1 times within time window
[Create_Local_problem] Agent 127 returned to the zone 1 times within time window
[Create_Local_problem] Agent 133 returned to the zone 1 times within time window
[Current_Solution] Agent 138 used 13 waiting timesteps, 135 remaining
[Current_Solution] Agent 140 used 19 waiting timesteps, 135 remaining
[Create_Local_problem] Agent 143 returned to the zone 1 times within time window
[Current_Solution] Agent 147 used 23 waiting timesteps, 135 remaining
[Create_Local_problem] Agent 149 returned to the zone 1 times within time window
[Create_Local_problem] Agent 159 returned to the zone 1 times within time window
[Create_Local_problem] Agent 160 returned to the zone 1 times within time window
[Create_Local_problem] Agent 164 returned to the zone 1 times within time window
[Create_Local_problem] Agent 165 returned to the zone 1 times within time window
[Current_Solution] Agent 166 used 20 waiting timesteps, 135 remaining
[Create_Local_problem] Agent 167 returned to the zone 1 times within time window
[Current_Solution] Agent 168 used 10 waiting timesteps, 135 remaining
[Create_Local_problem] Agent 171 returned to the zone 1 times within time window
[Create_Local_problem] Agent 178 returned to the zone 1 times within time window
[Create_Local_problem] Agent 191 returned to the zone 2 times within time window
[Current_Solution] Agent 195 used 27 waiting timesteps, 135 remaining
[Create_Local_problem] Agent 196 returned to the zone 1 times within time window
[Current_Solution] Agent 196 used 40 waiting timesteps, 135 remaining
[Current_Solution] Agent 197 used 46 waiting timesteps, 135 remaining
[Create_Local_problem] Agent 199 returned to the zone 2 times within time window
[Waiting_time_Solve] Agent 0 has waiting time 87
[Waiting_time_Solve] Agent 1 has waiting time 57
[Waiting_time_Solve] Agent 2 has waiting time 107
[Waiting_time_Solve] Agent 3 has waiting time 11
[Waiting_time_Solve] Agent 4 has waiting time 135
[Waiting_time_Solve] Agent 5 has waiting time 135
[Waiting_time_Solve] Agent 6 has waiting time 97
[Waiting_time_Solve] Agent 7 has waiting time 154
[Waiting_time_Solve] Agent 8 has waiting time 74
[Waiting_time_Solve] Agent 9 has waiting time 3
[Waiting_time_Solve] Agent 10 has waiting time 0
[Waiting_time_Solve] Agent 11 has waiting time 117
[Waiting_time_Solve] Agent 12 has waiting time 120
[Waiting_time_Solve] Agent 13 has waiting time 2
[Waiting_time_Solve] Agent 14 has waiting time 107
[Waiting_time_Solve] Agent 15 has waiting time 164
[Waiting_time_Solve] Agent 16 has waiting time 165
[Waiting_time_Solve] Agent 17 has waiting time 170
[Waiting_time_Solve] Agent 18 has waiting time 116
[Waiting_time_Solve] Agent 19 has waiting time 103
[Waiting_time_Solve] Agent 20 has waiting time 25
[Waiting_time_Solve] Agent 21 has waiting time 92
[Waiting_time_Solve] Agent 22 has waiting time 117
[Waiting_time_Solve] Agent 23 has waiting time 88
[Waiting_time_Solve] Agent 24 has waiting time 117
[Waiting_time_Solve] Agent 25 has waiting time 160
[Waiting_time_Solve] Agent 26 has waiting time 74
[Waiting_time_Solve] Agent 27 has waiting time 27
[Waiting_time_Solve] Agent 28 has waiting time 114
[Waiting_time_Solve] Agent 29 has waiting time 65
[Waiting_time_Solve] Agent 30 has waiting time 8
[Waiting_time_Solve] Agent 31 has waiting time 10
[Waiting_time_Solve] Agent 32 has waiting time 100
[Waiting_time_Solve] Agent 33 has waiting time 134
[Waiting_time_Solve] Agent 34 has waiting time 27
[Waiting_time_Solve] Agent 35 has waiting time 176
[Waiting_time_Solve] Agent 36 has waiting time 61
[Waiting_time_Solve] Agent 37 has waiting time 82
[Waiting_time_Solve] Agent 38 has waiting time 11
[Waiting_time_Solve] Agent 39 has waiting time 55
[Waiting_time_Solve] Agent 40 has waiting time 40
[Waiting_time_Solve] Agent 41 has waiting time 116
[Waiting_time_Solve] Agent 42 has waiting time 119
[Waiting_time_Solve] Agent 43 has waiting time 129
[Waiting_time_Solve] Agent 44 has waiting time 178
[Waiting_time_Solve] Agent 45 has waiting time 0
[Waiting_time_Solve] Agent 46 has waiting time 116
[Waiting_time_Solve] Agent 47 has waiting time 10
[Waiting_time_Solve] Agent 48 has waiting time 178
[Waiting_time_Solve] Agent 49 has waiting time 37
[Waiting_time_Solve] Agent 50 has waiting time 47
[Waiting_time_Solve] Agent 51 has waiting time 183
[Waiting_time_Solve] Agent 52 has waiting time 139
[Waiting_time_Solve] Agent 53 has waiting time 29
[Waiting_time_Solve] Agent 54 has waiting time 115
[Waiting_time_Solve] Agent 55 has waiting time 177
[Waiting_time_Solve] Agent 56 has waiting time 21
[Waiting_time_Solve] Agent 57 has waiting time 111
[Waiting_time_Solve] Agent 58 has waiting time 45
[Waiting_time_Solve] Agent 59 has waiting time 103
[Waiting_time_Solve] Agent 60 has waiting time 93
[Waiting_time_Solve] Agent 61 has waiting time 113
[Waiting_time_Solve] Agent 62 has waiting time 147
[Waiting_time_Solve] Agent 63 has waiting time 134
[Waiting_time_Solve] Agent 64 has waiting time 117
[Waiting_time_Solve] Agent 65 has waiting time 35
[Waiting_time_Solve] Agent 66 has waiting time 106
[Waiting_time_Solve] Agent 67 has waiting time 41
[Waiting_time_Solve] Agent 68 has waiting time 78
[Waiting_time_Solve] Agent 69 has waiting time 67
[Waiting_time_Solve] Agent 70 has waiting time 135
[Waiting_time_Solve] Agent 71 has waiting time 57
[Waiting_time_Solve] Agent 72 has waiting time 60
[Waiting_time_Solve] Agent 73 has waiting time 162
[Waiting_time_Solve] Agent 74 has waiting time 188
[Waiting_time_Solve] Agent 75 has waiting time 65
[Waiting_time_Solve] Agent 76 has waiting time 46
[Waiting_time_Solve] Agent 77 has waiting time 117
[Waiting_time_Solve] Agent 78 has waiting time 115
[Waiting_time_Solve] Agent 79 has waiting time 21
[Waiting_time_Solve] Agent 80 has waiting time 5
[Waiting_time_Solve] Agent 81 has waiting time 138
[Waiting_time_Solve] Agent 82 has waiting time 179
[Waiting_time_Solve] Agent 83 has waiting time 39
[Waiting_time_Solve] Agent 84 has waiting time 85
[Waiting_time_Solve] Agent 85 has waiting time 134
[Waiting_time_Solve] Agent 86 has waiting time 152
[Waiting_time_Solve] Agent 87 has waiting time 88
[Waiting_time_Solve] Agent 88 has waiting time 95
[Waiting_time_Solve] Agent 89 has waiting time 125
[Waiting_time_Solve] Agent 90 has waiting time 82
[Waiting_time_Solve] Agent 91 has waiting time 135
[Waiting_time_Solve] Agent 92 has waiting time 124
[Waiting_time_Solve] Agent 93 has waiting time 177
[Waiting_time_Solve] Agent 94 has waiting time 17
[Waiting_time_Solve] Agent 95 has waiting time 123
[Waiting_time_Solve] Agent 96 has waiting time 90
[Waiting_time_Solve] Agent 97 has waiting time 65
[Waiting_time_Solve] Agent 98 has waiting time 32
[Waiting_time_Solve] Agent 99 has waiting time 65
[Waiting_time_Solve] Agent 100 has waiting time 27
[Waiting_time_Solve] Agent 101 has waiting time 135
[Waiting_time_Solve] Agent 102 has waiting time 50
[Waiting_time_Solve] Agent 103 has waiting time 135
[Waiting_time_Solve] Agent 104 has waiting time 187
[Waiting_time_Solve] Agent 105 has waiting time 89
[Waiting_time_Solve] Agent 106 has waiting time 139
[Waiting_time_Solve] Agent 107 has waiting time 167
[Waiting_time_Solve] Agent 108 has waiting time 135
[Waiting_time_Solve] Agent 109 has waiting time 31
[Waiting_time_Solve] Agent 110 has waiting time 65
[Waiting_time_Solve] Agent 111 has waiting time 60
[Waiting_time_Solve] Agent 112 has waiting time 44
[Waiting_time_Solve] Agent 113 has waiting time 135
[Waiting_time_Solve] Agent 114 has waiting time 12
[Waiting_time_Solve] Agent 115 has waiting time 127
[Waiting_time_Solve] Agent 116 has waiting time 135
[Waiting_time_Solve] Agent 117 has waiting time 46
[Waiting_time_Solve] Agent 118 has waiting time 7
[Waiting_time_Solve] Agent 119 has waiting time 107
[Waiting_time_Solve] Agent 120 has waiting time 75
[Waiting_time_Solve] Agent 121 has waiting time 135
[Waiting_time_Solve] Agent 122 has waiting time 88
[Waiting_time_Solve] Agent 123 has waiting time 36
[Waiting_time_Solve] Agent 124 has waiting time 18
[Waiting_time_Solve] Agent 125 has waiting time 68
[Waiting_time_Solve] Agent 126 has waiting time 92
[Waiting_time_Solve] Agent 127 has waiting time 59
[Waiting_time_Solve] Agent 128 has waiting time 149
[Waiting_time_Solve] Agent 129 has waiting time 33
[Waiting_time_Solve] Agent 130 has waiting time 54
[Waiting_time_Solve] Agent 131 has waiting time 32
[Waiting_time_Solve] Agent 132 has waiting time 186
[Waiting_time_Solve] Agent 133 has waiting time 79
[Waiting_time_Solve] Agent 134 has waiting time 17
[Waiting_time_Solve] Agent 135 has waiting time 82
[Waiting_time_Solve] Agent 136 has waiting time 73
[Waiting_time_Solve] Agent 137 has waiting time 160
[Waiting_time_Solve] Agent 138 has waiting time 135
[Waiting_time_Solve] Agent 139 has waiting time 171
[Waiting_time_Solve] Agent 140 has waiting time 135
[Waiting_time_Solve] Agent 141 has waiting time 96
[Waiting_time_Solve] Agent 142 has waiting time 37
[Waiting_time_Solve] Agent 143 has waiting time 63
[Waiting_time_Solve] Agent 144 has waiting time 32
[Waiting_time_Solve] Agent 145 has waiting time 182
[Waiting_time_Solve] Agent 146 has waiting time 129
[Waiting_time_Solve] Agent 147 has waiting time 135
[Waiting_time_Solve] Agent 148 has waiting time 8
[Waiting_time_Solve] Agent 149 has waiting time 132
[Waiting_time_Solve] Agent 150 has waiting time 51
[Waiting_time_Solve] Agent 151 has waiting time 105
[Waiting_time_Solve] Agent 152 has waiting time 34
[Waiting_time_Solve] Agent 153 has waiting time 185
[Waiting_time_Solve] Agent 154 has waiting time 17
[Waiting_time_Solve] Agent 155 has waiting time 143
[Waiting_time_Solve] Agent 156 has waiting time 169
[Waiting_time_Solve] Agent 157 has waiting time 177
[Waiting_time_Solve] Agent 158 has waiting time 12
[Waiting_time_Solve] Agent 159 has waiting time 77
[Waiting_time_Solve] Agent 160 has waiting time 132
[Waiting_time_Solve] Agent 161 has waiting time 21
[Waiting_time_Solve] Agent 162 has waiting time 26
[Waiting_time_Solve] Agent 163 has waiting time 137
[Waiting_time_Solve] Agent 164 has waiting time 78
[Waiting_time_Solve] Agent 165 has waiting time 57
[Waiting_time_Solve] Agent 166 has waiting time 135
[Waiting_time_Solve] Agent 167 has waiting time 148
[Waiting_time_Solve] Agent 168 has waiting time 135
[Waiting_time_Solve] Agent 169 has waiting time 4
[Waiting_time_Solve] Agent 170 has waiting time 133
[Waiting_time_Solve] Agent 171 has waiting time 2
[Waiting_time_Solve] Agent 172 has waiting time 84
[Waiting_time_Solve] Agent 173 has waiting time 109
[Waiting_time_Solve] Agent 174 has waiting time 166
[Waiting_time_Solve] Agent 175 has waiting time 3
[Waiting_time_Solve] Agent 176 has waiting time 114
[Waiting_time_Solve] Agent 177 has waiting time 40
[Waiting_time_Solve] Agent 178 has waiting time 85
[Waiting_time_Solve] Agent 179 has waiting time 11
[Waiting_time_Solve] Agent 180 has waiting time 180
[Waiting_time_Solve] Agent 181 has waiting time 70
[Waiting_time_Solve] Agent 182 has waiting time 135
[Waiting_time_Solve] Agent 183 has waiting time 83
[Waiting_time_Solve] Agent 184 has waiting time 20
[Waiting_time_Solve] Agent 185 has waiting time 42
[Waiting_time_Solve] Agent 186 has waiting time 42
[Waiting_time_Solve] Agent 187 has waiting time 173
[Waiting_time_Solve] Agent 188 has waiting time 132
[Waiting_time_Solve] Agent 189 has waiting time 44
[Waiting_time_Solve] Agent 190 has waiting time 32
[Waiting_time_Solve] Agent 191 has waiting time 92
[Waiting_time_Solve] Agent 192 has waiting time 43
[Waiting_time_Solve] Agent 193 has waiting time 36
[Waiting_time_Solve] Agent 194 has waiting time 85
[Waiting_time_Solve] Agent 195 has waiting time 135
[Waiting_time_Solve] Agent 196 has waiting time 135
[Waiting_time_Solve] Agent 197 has waiting time 135
[Waiting_time_Solve] Agent 198 has waiting time 23
[Waiting_time_Solve] Agent 199 has waiting time 118
[Waiting_time_Solve] Total available waiting time: 18076
[Waiting_time_Solve] Max iterations: 18076
[Waiting_time_Solve] Iteration 0...
[Waiting_time_Solve] Agent 199 pseudo agents: 259 260 
[Waiting_time_Solve] Agent 196 pseudo agents: 258 
[Waiting_time_Solve] Agent 191 pseudo agents: 256 257 
[Waiting_time_Solve] Agent 178 pseudo agents: 255 
[Waiting_time_Solve] Agent 171 pseudo agents: 254 
[Waiting_time_Solve] Agent 167 pseudo agents: 253 
[Waiting_time_Solve] Agent 165 pseudo agents: 252 
[Waiting_time_Solve] Agent 164 pseudo agents: 251 
[Waiting_time_Solve] Agent 160 pseudo agents: 250 
[Waiting_time_Solve] Agent 159 pseudo agents: 249 
[Waiting_time_Solve] Agent 149 pseudo agents: 248 
[Waiting_time_Solve] Agent 143 pseudo agents: 247 
[Waiting_time_Solve] Agent 57 pseudo agents: 222 223 
[Waiting_time_Solve] Agent 53 pseudo agents: 221 
[Waiting_time_Solve] Agent 45 pseudo agents: 220 
[Waiting_time_Solve] Agent 43 pseudo agents: 219 
[Waiting_time_Solve] Agent 42 pseudo agents: 216 217 218 
[Waiting_time_Solve] Agent 40 pseudo agents: 214 215 
[Waiting_time_Solve] Agent 33 pseudo agents: 213 
[Waiting_time_Solve] Agent 32 pseudo agents: 212 
[Waiting_time_Solve] Agent 12 pseudo agents: 207 208 
[Waiting_time_Solve] Agent 11 pseudo agents: 205 206 
[Waiting_time_Solve] Agent 9 pseudo agents: 204 
[Waiting_time_Solve] Agent 7 pseudo agents: 202 203 
[Waiting_time_Solve] Agent 133 pseudo agents: 246 
[Waiting_time_Solve] Agent 63 pseudo agents: 225 
[Waiting_time_Solve] Agent 2 pseudo agents: 201 
[Waiting_time_Solve] Agent 60 pseudo agents: 224 
[Waiting_time_Solve] Agent 0 pseudo agents: 200 
[Waiting_time_Solve] Agent 127 pseudo agents: 245 
[Waiting_time_Solve] Agent 14 pseudo agents: 209 
[Waiting_time_Solve] Agent 19 pseudo agents: 210 211 
[Waiting_time_Solve] Agent 65 pseudo agents: 226 
[Waiting_time_Solve] Agent 70 pseudo agents: 227 
[Waiting_time_Solve] Agent 78 pseudo agents: 228 
[Waiting_time_Solve] Agent 84 pseudo agents: 229 
[Waiting_time_Solve] Agent 85 pseudo agents: 230 
[Waiting_time_Solve] Agent 88 pseudo agents: 231 
[Waiting_time_Solve] Agent 89 pseudo agents: 232 
[Waiting_time_Solve] Agent 90 pseudo agents: 233 
[Waiting_time_Solve] Agent 91 pseudo agents: 234 
[Waiting_time_Solve] Agent 99 pseudo agents: 235 
[Waiting_time_Solve] Agent 102 pseudo agents: 236 
[Waiting_time_Solve] Agent 105 pseudo agents: 237 
[Waiting_time_Solve] Agent 110 pseudo agents: 238 
[Waiting_time_Solve] Agent 112 pseudo agents: 239 
[Waiting_time_Solve] Agent 118 pseudo agents: 240 241 
[Waiting_time_Solve] Agent 119 pseudo agents: 242 
[Waiting_time_Solve] Agent 123 pseudo agents: 243 
[Waiting_time_Solve] Agent 126 pseudo agents: 244 
[SAT] Start solving CNF: 6276929 clauses and 92302 variables
[SAT] Agent 199 entry time: 21 exit time: 23
[SAT] Agent 198 entry time: 25 exit time: 54
[SAT] Agent 197 entry time: 1 exit time: 54
[SAT] Agent 196 entry time: 2 exit time: 3
[SAT] Agent 195 entry time: 5 exit time: 54
[SAT] Agent 194 entry time: 1 exit time: 54
[SAT] Agent 193 entry time: 2 exit time: 54
[SAT] Agent 192 entry time: 37 exit time: 54
[SAT] Agent 256 entry time: 22 exit time: 36
[SAT] Agent 191 entry time: 5 exit time: 12
[SAT] Agent 190 entry time: 2 exit time: 54
[SAT] Agent 189 entry time: 2 exit time: 54
[SAT] Agent 188 entry time: 39 exit time: 54
[SAT] Agent 187 entry time: 7 exit time: 14
[SAT] Agent 186 entry time: 15 exit time: 54
[SAT] Agent 185 entry time: 1 exit time: 54
[SAT] Agent 184 entry time: 8 exit time: 54
[SAT] Agent 183 entry time: 1 exit time: 54
[SAT] Agent 182 entry time: 21 exit time: 54
[SAT] Agent 181 entry time: 8 exit time: 54
[SAT] Agent 179 entry time: 32 exit time: 54
[SAT] Agent 255 entry time: 31 exit time: 54
[SAT] Agent 178 entry time: 29 exit time: 29
[SAT] Agent 177 entry time: 22 exit time: 54
[SAT] Agent 176 entry time: 15 exit time: 54
[SAT] Agent 175 entry time: 8 exit time: 54
[SAT] Agent 173 entry time: 1 exit time: 49
[SAT] Agent 172 entry time: 5 exit time: 54
[SAT] Agent 254 entry time: 28 exit time: 54
[SAT] Agent 171 entry time: 24 exit time: 24
[SAT] Agent 170 entry time: 11 exit time: 52
[SAT] Agent 169 entry time: 31 exit time: 54
[SAT] Agent 168 entry time: 13 exit time: 54
[SAT] Agent 253 entry time: 3 exit time: 35
[SAT] Agent 167 entry time: 1 exit time: 1
[SAT] Agent 166 entry time: 24 exit time: 54
[SAT] Agent 252 entry time: 49 exit time: 54
[SAT] Agent 165 entry time: 3 exit time: 44
[SAT] Agent 251 entry time: 34 exit time: 54
[SAT] Agent 164 entry time: 2 exit time: 32
[SAT] Agent 163 entry time: 9 exit time: 45
[SAT] Agent 162 entry time: 15 exit time: 54
[SAT] Agent 161 entry time: 6 exit time: 54
[SAT] Agent 250 entry time: 6 exit time: 51
[SAT] Agent 160 entry time: 2 exit time: 4
[SAT] Agent 249 entry time: 27 exit time: 53
[SAT] Agent 159 entry time: 25 exit time: 25
[SAT] Agent 158 entry time: 4 exit time: 54
[SAT] Agent 157 entry time: 1 exit time: 5
[SAT] Agent 156 entry time: 1 exit time: 8
[SAT] Agent 155 entry time: 13 exit time: 33
[SAT] Agent 154 entry time: 12 exit time: 54
[SAT] Agent 152 entry time: 23 exit time: 54
[SAT] Agent 151 entry time: 9 exit time: 54
[SAT] Agent 150 entry time: 4 exit time: 54
[SAT] Agent 248 entry time: 47 exit time: 48
[SAT] Agent 149 entry time: 12 exit time: 45
[SAT] Agent 148 entry time: 1 exit time: 54
[SAT] Agent 147 entry time: 29 exit time: 54
[SAT] Agent 146 entry time: 2 exit time: 54
[SAT] Agent 144 entry time: 11 exit time: 54
[SAT] Agent 247 entry time: 27 exit time: 54
[SAT] Agent 143 entry time: 11 exit time: 25
[SAT] Agent 142 entry time: 40 exit time: 54
[SAT] Agent 141 entry time: 45 exit time: 54
[SAT] Agent 140 entry time: 8 exit time: 54
[SAT] Agent 138 entry time: 4 exit time: 54
[SAT] Agent 137 entry time: 6 exit time: 22
[SAT] Agent 136 entry time: 8 exit time: 54
[SAT] Agent 135 entry time: 2 exit time: 54
[SAT] Agent 134 entry time: 9 exit time: 54
[SAT] Agent 246 entry time: 17 exit time: 54
[SAT] Agent 133 entry time: 1 exit time: 9
[SAT] Agent 131 entry time: 13 exit time: 54
[SAT] Agent 130 entry time: 38 exit time: 54
[SAT] Agent 129 entry time: 7 exit time: 54
[SAT] Agent 128 entry time: 1 exit time: 5
[SAT] Agent 245 entry time: 46 exit time: 54
[SAT] Agent 127 entry time: 15 exit time: 43
[SAT] Agent 244 entry time: 38 exit time: 52
[SAT] Agent 126 entry time: 1 exit time: 32
[SAT] Agent 125 entry time: 1 exit time: 54
[SAT] Agent 124 entry time: 6 exit time: 54
[SAT] Agent 243 entry time: 17 exit time: 54
[SAT] Agent 123 entry time: 13 exit time: 13
[SAT] Agent 122 entry time: 1 exit time: 53
[SAT] Agent 121 entry time: 14 exit time: 25
[SAT] Agent 120 entry time: 3 exit time: 54
[SAT] Agent 242 entry time: 31 exit time: 54
[SAT] Agent 119 entry time: 1 exit time: 29
[SAT] Agent 241 entry time: 32 exit time: 54
[SAT] Agent 240 entry time: 30 exit time: 30
[SAT] Agent 118 entry time: 9 exit time: 27
[SAT] Agent 117 entry time: 2 exit time: 54
[SAT] Agent 116 entry time: 4 exit time: 54
[SAT] Agent 115 entry time: 2 exit time: 37
[SAT] Agent 114 entry time: 9 exit time: 54
[SAT] Agent 113 entry time: 13 exit time: 54
[SAT] Agent 239 entry time: 8 exit time: 54
[SAT] Agent 112 entry time: 2 exit time: 2
[SAT] Agent 111 entry time: 34 exit time: 54
[SAT] Agent 238 entry time: 24 exit time: 52
[SAT] Agent 110 entry time: 22 exit time: 22
[SAT] Agent 109 entry time: 29 exit time: 54
[SAT] Agent 108 entry time: 18 exit time: 54
[SAT] Agent 107 entry time: 1 exit time: 7
[SAT] Agent 106 entry time: 13 exit time: 41
[SAT] Agent 237 entry time: 45 exit time: 54
[SAT] Agent 105 entry time: 1 exit time: 39
[SAT] Agent 103 entry time: 9 exit time: 54
[SAT] Agent 236 entry time: 43 exit time: 54
[SAT] Agent 102 entry time: 5 exit time: 35
[SAT] Agent 101 entry time: 15 exit time: 54
[SAT] Agent 100 entry time: 25 exit time: 54
[SAT] Agent 235 entry time: 3 exit time: 54
[SAT] Agent 42 entry time: 5 exit time: 5
[SAT] Agent 41 entry time: 1 exit time: 54
[SAT] Agent 217 entry time: 25 exit time: 37
[SAT] Agent 90 entry time: 1 exit time: 44
[SAT] Agent 40 entry time: 9 exit time: 17
[SAT] Agent 216 entry time: 7 exit time: 20
[SAT] Agent 89 entry time: 1 exit time: 39
[SAT] Agent 39 entry time: 1 exit time: 54
[SAT] Agent 215 entry time: 21 exit time: 54
[SAT] Agent 88 entry time: 3 exit time: 32
[SAT] Agent 38 entry time: 10 exit time: 54
[SAT] Agent 214 entry time: 19 exit time: 19
[SAT] Agent 87 entry time: 1 exit time: 54
[SAT] Agent 37 entry time: 11 exit time: 54
[SAT] Agent 36 entry time: 1 exit time: 51
[SAT] Agent 213 entry time: 37 exit time: 54
[SAT] Agent 86 entry time: 1 exit time: 33
[SAT] Agent 35 entry time: 1 exit time: 12
[SAT] Agent 212 entry time: 53 exit time: 53
[SAT] Agent 85 entry time: 14 exit time: 49
[SAT] Agent 22 entry time: 11 exit time: 54
[SAT] Agent 21 entry time: 4 exit time: 54
[SAT] Agent 20 entry time: 1 exit time: 54
[SAT] Agent 34 entry time: 13 exit time: 54
[SAT] Agent 211 entry time: 54 exit time: 54
[SAT] Agent 84 entry time: 24 exit time: 24
[SAT] Agent 8 entry time: 3 exit time: 54
[SAT] Agent 26 entry time: 1 exit time: 54
[SAT] Agent 203 entry time: 6 exit time: 34
[SAT] Agent 76 entry time: 8 exit time: 54
[SAT] Agent 257 entry time: 44 exit time: 54
[SAT] Agent 0 entry time: 11 exit time: 37
[SAT] Agent 25 entry time: 16 exit time: 25
[SAT] Agent 202 entry time: 4 exit time: 4
[SAT] Agent 75 entry time: 7 exit time: 54
[SAT] Agent 7 entry time: 2 exit time: 2
[SAT] Agent 33 entry time: 2 exit time: 28
[SAT] Agent 210 entry time: 29 exit time: 50
[SAT] Agent 83 entry time: 15 exit time: 54
[SAT] Agent 4 entry time: 1 exit time: 54
[SAT] Agent 30 entry time: 4 exit time: 54
[SAT] Agent 207 entry time: 41 exit time: 42
[SAT] Agent 80 entry time: 3 exit time: 54
[SAT] Agent 260 entry time: 28 exit time: 54
[SAT] Agent 3 entry time: 1 exit time: 54
[SAT] Agent 29 entry time: 1 exit time: 49
[SAT] Agent 206 entry time: 42 exit time: 54
[SAT] Agent 79 entry time: 31 exit time: 54
[SAT] Agent 6 entry time: 16 exit time: 54
[SAT] Agent 32 entry time: 24 exit time: 51
[SAT] Agent 209 entry time: 22 exit time: 54
[SAT] Agent 82 entry time: 1 exit time: 9
[SAT] Agent 24 entry time: 1 exit time: 54
[SAT] Agent 201 entry time: 40 exit time: 54
[SAT] Agent 259 entry time: 25 exit time: 25
[SAT] Agent 2 entry time: 7 exit time: 37
[SAT] Agent 28 entry time: 1 exit time: 54
[SAT] Agent 205 entry time: 21 exit time: 36
[SAT] Agent 78 entry time: 15 exit time: 41
[SAT] Agent 258 entry time: 5 exit time: 54
[SAT] Agent 1 entry time: 1 exit time: 54
[SAT] Agent 27 entry time: 8 exit time: 54
[SAT] Agent 204 entry time: 37 exit time: 54
[SAT] Agent 77 entry time: 9 exit time: 54
[SAT] Agent 5 entry time: 1 exit time: 54
[SAT] Agent 31 entry time: 11 exit time: 54
[SAT] Agent 208 entry time: 46 exit time: 46
[SAT] Agent 81 entry time: 2 exit time: 33
[SAT] Agent 23 entry time: 18 exit time: 54
[SAT] Agent 200 entry time: 46 exit time: 54
[SAT] Agent 73 entry time: 12 exit time: 23
[SAT] Agent 9 entry time: 22 exit time: 24
[SAT] Agent 10 entry time: 39 exit time: 54
[SAT] Agent 11 entry time: 1 exit time: 11
[SAT] Agent 12 entry time: 8 exit time: 38
[SAT] Agent 13 entry time: 33 exit time: 54
[SAT] Agent 14 entry time: 1 exit time: 13
[SAT] Agent 15 entry time: 1 exit time: 13
[SAT] Agent 18 entry time: 22 exit time: 47
[SAT] Agent 19 entry time: 14 exit time: 27
[SAT] Agent 218 entry time: 47 exit time: 54
[SAT] Agent 91 entry time: 1 exit time: 5
[SAT] Agent 43 entry time: 4 exit time: 40
[SAT] Agent 219 entry time: 42 exit time: 50
[SAT] Agent 92 entry time: 1 exit time: 54
[SAT] Agent 45 entry time: 31 exit time: 31
[SAT] Agent 220 entry time: 34 exit time: 54
[SAT] Agent 46 entry time: 1 exit time: 54
[SAT] Agent 47 entry time: 5 exit time: 54
[SAT] Agent 49 entry time: 8 exit time: 54
[SAT] Agent 50 entry time: 1 exit time: 54
[SAT] Agent 52 entry time: 1 exit time: 43
[SAT] Agent 53 entry time: 6 exit time: 6
[SAT] Agent 221 entry time: 13 exit time: 54
[SAT] Agent 94 entry time: 17 exit time: 54
[SAT] Agent 54 entry time: 7 exit time: 50
[SAT] Agent 56 entry time: 26 exit time: 54
[SAT] Agent 57 entry time: 1 exit time: 34
[SAT] Agent 222 entry time: 36 exit time: 38
[SAT] Agent 95 entry time: 7 exit time: 54
[SAT] Agent 223 entry time: 40 exit time: 54
[SAT] Agent 96 entry time: 4 exit time: 54
[SAT] Agent 58 entry time: 2 exit time: 53
[SAT] Agent 59 entry time: 18 exit time: 54
[SAT] Agent 60 entry time: 1 exit time: 49
[SAT] Agent 224 entry time: 51 exit time: 54
[SAT] Agent 97 entry time: 22 exit time: 54
[SAT] Agent 61 entry time: 1 exit time: 54
[SAT] Agent 62 entry time: 31 exit time: 39
[SAT] Agent 63 entry time: 20 exit time: 24
[SAT] Agent 225 entry time: 29 exit time: 51
[SAT] Agent 98 entry time: 11 exit time: 54
[SAT] Agent 64 entry time: 12 exit time: 54
[SAT] Agent 65 entry time: 8 exit time: 29
[SAT] Agent 226 entry time: 31 exit time: 54
[SAT] Agent 99 entry time: 1 exit time: 1
[SAT] Agent 66 entry time: 10 exit time: 54
[SAT] Agent 67 entry time: 1 exit time: 54
[SAT] Agent 68 entry time: 5 exit time: 54
[SAT] Agent 69 entry time: 15 exit time: 54
[SAT] Agent 70 entry time: 1 exit time: 17
[SAT] Agent 227 entry time: 27 exit time: 29
[SAT] Agent 71 entry time: 17 exit time: 54
[SAT] Agent 72 entry time: 8 exit time: 54
[SAT] Agent 228 entry time: 50 exit time: 54
[SAT] Agent 229 entry time: 26 exit time: 54
[SAT] Agent 230 entry time: 51 exit time: 53
[SAT] Agent 231 entry time: 36 exit time: 54
[SAT] Agent 232 entry time: 43 exit time: 54
[SAT] Agent 233 entry time: 52 exit time: 54
[SAT] Agent 234 entry time: 31 exit time: 54

[SAT] Start time: 1 End time: 54

[SAT] Solving local zone with SAT iteration 1...
[SAT] Local CNF: 6276929 clauses 

DEBUG: Adding 6276929 new clauses to MiniSAT (incremental run)
DEBUG: Clause load summary: input=6276929, added=6276929, tautologies_skipped=0, duplicates_skipped=0, unit_clauses=1933, empties=0, intra_clause_literals_removed=0, added_but_db_unchanged=2120
DEBUG: After adding clauses, solver has 6272876 clauses and 92302 variables
DEBUG: MiniSAT found 92302 variables
DEBUG: Assignment size: 92302
DEBUG: First few assignment values: 1 1 1 1 0 1 0 1 0 1 

=== DEBUG: cnf_assignment_to_paths ===
Input assignment size: 92302

=== END DEBUG ===
[SAT] Found 2409 vertex collisions and 201 edge collisions
[SAT] Adding collision clauses and solving again...
[SAT] Solving local zone with SAT iteration 2...
[SAT] Local CNF: 6279539 clauses 

DEBUG: Adding 2610 new clauses to MiniSAT (incremental run)
[SAT] Previous assignment invalidated by new clauses, reset solver and retrying without assumptions...
DEBUG: Adding 6279539 new clauses to MiniSAT (incremental run)
[SAT] Local problem appears to be unsatisfiable in current zone
[Waiting_time_Solve] No solution found, trying to apply waiting time:1
[Waiting_time_Solve] Applying waiting time 1 to agent 2 who has waiting time 107
[Waiting_time_Solve] Pruned 1 vertex and 0 edge collisions from segment 201
[Waiting_time_Solve] New path is consistent after applying waiting time for agent 2
[Current_Solution] Agent 2 used 1 waiting timesteps, 106 remaining
[Waiting_time_Solve] Applied 1 waiting time  for agent 2 who has waiting time 106
[Waiting_time_Solve] Applying waiting time 1 to agent 3 who has waiting time 11
[Waiting_time_Solve] New path is consistent after applying waiting time for agent 3
[Current_Solution] Agent 3 used 1 waiting timesteps, 10 remaining
[Waiting_time_Solve] Applied 1 waiting time  for agent 3 who has waiting time 10
[Waiting_time_Solve] Applying waiting time 1 to agent 12 who has waiting time 120
[Waiting_time_Solve] New path is consistent after applying waiting time for agent 12
[Current_Solution] Agent 12 used 1 waiting timesteps, 119 remaining
[Waiting_time_Solve] Applied 1 waiting time  for agent 12 who has waiting time 119
[Waiting_time_Solve] Applying waiting time 1 to agent 18 who has waiting time 116
[Waiting_time_Solve] New path is consistent after applying waiting time for agent 18
[Current_Solution] Agent 18 used 1 waiting timesteps, 115 remaining
[Waiting_time_Solve] Applied 1 waiting time  for agent 18 who has waiting time 115
[Waiting_time_Solve] Applying waiting time 1 to agent 19 who has waiting time 103
[Waiting_time_Solve] Pruned 1 vertex and 2 edge collisions from segment 210
[Waiting_time_Solve] New path is consistent after applying waiting time for agent 19
[Current_Solution] Agent 19 used 1 waiting timesteps, 102 remaining
[Waiting_time_Solve] Applied 1 waiting time  for agent 19 who has waiting time 102
[Waiting_time_Solve] Applying waiting time 1 to agent 36 who has waiting time 61
[Waiting_time_Solve] New path is consistent after applying waiting time for agent 36
[Current_Solution] Agent 36 used 1 waiting timesteps, 60 remaining
[Waiting_time_Solve] Applied 1 waiting time  for agent 36 who has waiting time 60
[Waiting_time_Solve] Applying waiting time 1 to agent 22 who has waiting time 117
[Waiting_time_Solve] New path is consistent after applying waiting time for agent 22
[Current_Solution] Agent 22 used 1 waiting timesteps, 116 remaining
[Waiting_time_Solve] Applied 1 waiting time  for agent 22 who has waiting time 116
[Waiting_time_Solve] Applying waiting time 1 to agent 23 who has waiting time 88
[Waiting_time_Solve] New path is consistent after applying waiting time for agent 23
[Current_Solution] Agent 23 used 1 waiting timesteps, 87 remaining
[Waiting_time_Solve] Applied 1 waiting time  for agent 23 who has waiting time 87
[Waiting_time_Solve] Applying waiting time 1 to agent 85 who has waiting time 134
[Waiting_time_Solve] New path is consistent after applying waiting time for agent 85
[Current_Solution] Agent 85 used 1 waiting timesteps, 133 remaining
[Waiting_time_Solve] Applied 1 waiting time  for agent 85 who has waiting time 133
[Waiting_time_Solve] Applying waiting time 1 to agent 149 who has waiting time 132
[Waiting_time_Solve] New path is consistent after applying waiting time for agent 149
[Current_Solution] Agent 149 used 1 waiting timesteps, 131 remaining
[Waiting_time_Solve] Applied 1 waiting time  for agent 149 who has waiting time 131
[Waiting_time_Solve] Applying waiting time 1 to agent 0 who has waiting time 87
[Waiting_time_Solve] New path is consistent after applying waiting time for agent 0
[Current_Solution] Agent 0 used 1 waiting timesteps, 86 remaining
[Waiting_time_Solve] Applied 1 waiting time  for agent 0 who has waiting time 86
[Waiting_time_Solve] Applying waiting time 1 to agent 14 who has waiting time 107
[Waiting_time_Solve] New path is consistent after applying waiting time for agent 14
[Current_Solution] Agent 14 used 1 waiting timesteps, 106 remaining
[Waiting_time_Solve] Applied 1 waiting time  for agent 14 who has waiting time 106
[Waiting_time_Solve] Applying waiting time 1 to agent 41 who has waiting time 116
[Waiting_time_Solve] New path is consistent after applying waiting time for agent 41
[Current_Solution] Agent 41 used 1 waiting timesteps, 115 remaining
[Waiting_time_Solve] Applied 1 waiting time  for agent 41 who has waiting time 115
[Waiting_time_Solve] Applying waiting time 1 to agent 43 who has waiting time 129
[Waiting_time_Solve] Pruned 1 vertex and 0 edge collisions from segment 219
[Waiting_time_Solve] New path is consistent after applying waiting time for agent 43
[Current_Solution] Agent 43 used 1 waiting timesteps, 128 remaining
[Waiting_time_Solve] Applied 1 waiting time  for agent 43 who has waiting time 128
[Waiting_time_Solve] Applying waiting time 1 to agent 77 who has waiting time 117
[Waiting_time_Solve] New path is consistent after applying waiting time for agent 77
[Current_Solution] Agent 77 used 1 waiting timesteps, 116 remaining
[Waiting_time_Solve] Applied 1 waiting time  for agent 77 who has waiting time 116
[Waiting_time_Solve] Applying waiting time 1 to agent 52 who has waiting time 139
[Waiting_time_Solve] New path is consistent after applying waiting time for agent 52
[Current_Solution] Agent 52 used 1 waiting timesteps, 138 remaining
[Waiting_time_Solve] Applied 1 waiting time  for agent 52 who has waiting time 138
[Waiting_time_Solve] Applying waiting time 1 to agent 54 who has waiting time 115
[Waiting_time_Solve] New path is consistent after applying waiting time for agent 54
[Current_Solution] Agent 54 used 1 waiting timesteps, 114 remaining
[Waiting_time_Solve] Applied 1 waiting time  for agent 54 who has waiting time 114
[Waiting_time_Solve] Applying waiting time 1 to agent 32 who has waiting time 100
[Waiting_time_Solve] New path is consistent after applying waiting time for agent 32
[Current_Solution] Agent 32 used 1 waiting timesteps, 99 remaining
[Waiting_time_Solve] Applied 1 waiting time  for agent 32 who has waiting time 99
[Waiting_time_Solve] Applying waiting time 1 to agent 58 who has waiting time 45
[Waiting_time_Solve] New path is consistent after applying waiting time for agent 58
[Current_Solution] Agent 58 used 1 waiting timesteps, 44 remaining
[Waiting_time_Solve] Applied 1 waiting time  for agent 58 who has waiting time 44
[Waiting_time_Solve] Applying waiting time 1 to agent 4 who has waiting time 135
[Current_Solution] Agent 4 used 1 waiting timesteps, 134 remaining
[Waiting_time_Solve] New path is consistent after applying waiting time for agent 4
[Current_Solution] Agent 4 used 1 waiting timesteps, 133 remaining
[Waiting_time_Solve] Applied 1 waiting time  for agent 4 who has waiting time 133
[Waiting_time_Solve] Applying waiting time 1 to agent 59 who has waiting time 103
[Waiting_time_Solve] New path is consistent after applying waiting time for agent 59
[Current_Solution] Agent 59 used 1 waiting timesteps, 102 remaining
[Waiting_time_Solve] Applied 1 waiting time  for agent 59 who has waiting time 102
[Waiting_time_Solve] Applying waiting time 1 to agent 60 who has waiting time 93
[Waiting_time_Solve] New path is consistent after applying waiting time for agent 60
[Current_Solution] Agent 60 used 1 waiting timesteps, 92 remaining
[Waiting_time_Solve] Applied 1 waiting time  for agent 60 who has waiting time 92
[Waiting_time_Solve] Applying waiting time 1 to agent 35 who has waiting time 176
[Waiting_time_Solve] New path is consistent after applying waiting time for agent 35
[Current_Solution] Agent 35 used 1 waiting timesteps, 175 remaining
[Waiting_time_Solve] Applied 1 waiting time  for agent 35 who has waiting time 175
[Waiting_time_Solve] Applying waiting time 1 to agent 73 who has waiting time 162
[Waiting_time_Solve] New path is consistent after applying waiting time for agent 73
[Current_Solution] Agent 73 used 1 waiting timesteps, 161 remaining
[Waiting_time_Solve] Applied 1 waiting time  for agent 73 who has waiting time 161
[Waiting_time_Solve] Applying waiting time 1 to agent 147 who has waiting time 135
[Current_Solution] Agent 147 used 1 waiting timesteps, 134 remaining
[Waiting_time_Solve] New path is consistent after applying waiting time for agent 147
[Current_Solution] Agent 147 used 1 waiting timesteps, 133 remaining
[Waiting_time_Solve] Applied 1 waiting time  for agent 147 who has waiting time 133
[Waiting_time_Solve] Applying waiting time 1 to agent 84 who has waiting time 85
[Waiting_time_Solve] New path is consistent after applying waiting time for agent 84
[Current_Solution] Agent 84 used 1 waiting timesteps, 84 remaining
[Waiting_time_Solve] Applied 1 waiting time  for agent 84 who has waiting time 84
[Waiting_time_Solve] Applying waiting time 1 to agent 25 who has waiting time 160
[Waiting_time_Solve] New path is consistent after applying waiting time for agent 25
[Current_Solution] Agent 25 used 1 waiting timesteps, 159 remaining
[Waiting_time_Solve] Applied 1 waiting time  for agent 25 who has waiting time 159
[Waiting_time_Solve] Applying waiting time 1 to agent 148 who has waiting time 8
[Waiting_time_Solve] New path is consistent after applying waiting time for agent 148
[Current_Solution] Agent 148 used 1 waiting timesteps, 7 remaining
[Waiting_time_Solve] Applied 1 waiting time  for agent 148 who has waiting time 7
[Waiting_time_Solve] Applying waiting time 1 to agent 191 who has waiting time 92
[Waiting_time_Solve] New path is consistent after applying waiting time for agent 191
[Current_Solution] Agent 191 used 1 waiting timesteps, 91 remaining
[Waiting_time_Solve] Applied 1 waiting time  for agent 191 who has waiting time 91
[Waiting_time_Solve] Applying waiting time 1 to agent 7 who has waiting time 154
[Waiting_time_Solve] New path is consistent after applying waiting time for agent 7
[Current_Solution] Agent 7 used 1 waiting timesteps, 153 remaining
[Waiting_time_Solve] Applied 1 waiting time  for agent 7 who has waiting time 153
[Waiting_time_Solve] Applying waiting time 1 to agent 170 who has waiting time 133
[Waiting_time_Solve] New path is consistent after applying waiting time for agent 170
[Current_Solution] Agent 170 used 1 waiting timesteps, 132 remaining
[Waiting_time_Solve] Applied 1 waiting time  for agent 170 who has waiting time 132
[Waiting_time_Solve] Applying waiting time 1 to agent 89 who has waiting time 125
[Waiting_time_Solve] New path is consistent after applying waiting time for agent 89
[Current_Solution] Agent 89 used 1 waiting timesteps, 124 remaining
[Waiting_time_Solve] Applied 1 waiting time  for agent 89 who has waiting time 124
[Waiting_time_Solve] Applying waiting time 1 to agent 90 who has waiting time 82
[Waiting_time_Solve] New path is consistent after applying waiting time for agent 90
[Current_Solution] Agent 90 used 1 waiting timesteps, 81 remaining
[Waiting_time_Solve] Applied 1 waiting time  for agent 90 who has waiting time 81
[Waiting_time_Solve] Applying waiting time 1 to agent 92 who has waiting time 124
[Waiting_time_Solve] New path is consistent after applying waiting time for agent 92
[Current_Solution] Agent 92 used 1 waiting timesteps, 123 remaining
[Waiting_time_Solve] Applied 1 waiting time  for agent 92 who has waiting time 123
[Waiting_time_Solve] Applying waiting time 1 to agent 95 who has waiting time 123
[Waiting_time_Solve] New path is consistent after applying waiting time for agent 95
[Current_Solution] Agent 95 used 1 waiting timesteps, 122 remaining
[Waiting_time_Solve] Applied 1 waiting time  for agent 95 who has waiting time 122
[Waiting_time_Solve] Applying waiting time 1 to agent 152 who has waiting time 34
[Waiting_time_Solve] New path is consistent after applying waiting time for agent 152
[Current_Solution] Agent 152 used 1 waiting timesteps, 33 remaining
[Waiting_time_Solve] Applied 1 waiting time  for agent 152 who has waiting time 33
[Waiting_time_Solve] Applying waiting time 1 to agent 96 who has waiting time 90
[Waiting_time_Solve] New path is consistent after applying waiting time for agent 96
[Current_Solution] Agent 96 used 1 waiting timesteps, 89 remaining
[Waiting_time_Solve] Applied 1 waiting time  for agent 96 who has waiting time 89
[Waiting_time_Solve] Applying waiting time 1 to agent 97 who has waiting time 65
[Waiting_time_Solve] New path is consistent after applying waiting time for agent 97
[Current_Solution] Agent 97 used 1 waiting timesteps, 64 remaining
[Waiting_time_Solve] Applied 1 waiting time  for agent 97 who has waiting time 64
[Waiting_time_Solve] Applying waiting time 1 to agent 37 who has waiting time 82
[Waiting_time_Solve] New path is consistent after applying waiting time for agent 37
[Current_Solution] Agent 37 used 1 waiting timesteps, 81 remaining
[Waiting_time_Solve] Applied 1 waiting time  for agent 37 who has waiting time 81
[Waiting_time_Solve] Applying waiting time 1 to agent 100 who has waiting time 27
[Waiting_time_Solve] New path is consistent after applying waiting time for agent 100
[Current_Solution] Agent 100 used 1 waiting timesteps, 26 remaining
[Waiting_time_Solve] Applied 1 waiting time  for agent 100 who has waiting time 26
[Waiting_time_Solve] Applying waiting time 1 to agent 101 who has waiting time 135
[Current_Solution] Agent 101 used 1 waiting timesteps, 134 remaining
[Waiting_time_Solve] New path is consistent after applying waiting time for agent 101
[Current_Solution] Agent 101 used 1 waiting timesteps, 133 remaining
[Waiting_time_Solve] Applied 1 waiting time  for agent 101 who has waiting time 133
[Waiting_time_Solve] Applying waiting time 1 to agent 103 who has waiting time 135
[Current_Solution] Agent 103 used 1 waiting timesteps, 134 remaining
[Waiting_time_Solve] New path is consistent after applying waiting time for agent 103
[Current_Solution] Agent 103 used 1 waiting timesteps, 133 remaining
[Waiting_time_Solve] Applied 1 waiting time  for agent 103 who has waiting time 133
[Waiting_time_Solve] Applying waiting time 1 to agent 105 who has waiting time 89
[Waiting_time_Solve] New path is consistent after applying waiting time for agent 105
[Current_Solution] Agent 105 used 1 waiting timesteps, 88 remaining
[Waiting_time_Solve] Applied 1 waiting time  for agent 105 who has waiting time 88
[Waiting_time_Solve] Applying waiting time 1 to agent 106 who has waiting time 139
[Waiting_time_Solve] New path is consistent after applying waiting time for agent 106
[Current_Solution] Agent 106 used 1 waiting timesteps, 138 remaining
[Waiting_time_Solve] Applied 1 waiting time  for agent 106 who has waiting time 138
[Waiting_time_Solve] Applying waiting time 1 to agent 108 who has waiting time 135
[Current_Solution] Agent 108 used 1 waiting timesteps, 134 remaining
[Waiting_time_Solve] New path is consistent after applying waiting time for agent 108
[Current_Solution] Agent 108 used 1 waiting timesteps, 133 remaining
[Waiting_time_Solve] Applied 1 waiting time  for agent 108 who has waiting time 133
[Waiting_time_Solve] Applying waiting time 1 to agent 130 who has waiting time 54
[Waiting_time_Solve] New path is consistent after applying waiting time for agent 130
[Current_Solution] Agent 130 used 1 waiting timesteps, 53 remaining
[Waiting_time_Solve] Applied 1 waiting time  for agent 130 who has waiting time 53
[Waiting_time_Solve] Applying waiting time 1 to agent 57 who has waiting time 111
[Waiting_time_Solve] New path is consistent after applying waiting time for agent 57
[Current_Solution] Agent 57 used 1 waiting timesteps, 110 remaining
[Waiting_time_Solve] Applied 1 waiting time  for agent 57 who has waiting time 110
[Waiting_time_Solve] Applying waiting time 1 to agent 87 who has waiting time 88
[Waiting_time_Solve] New path is consistent after applying waiting time for agent 87
[Current_Solution] Agent 87 used 1 waiting timesteps, 87 remaining
[Waiting_time_Solve] Applied 1 waiting time  for agent 87 who has waiting time 87
[Waiting_time_Solve] Applying waiting time 1 to agent 113 who has waiting time 135
[Current_Solution] Agent 113 used 1 waiting timesteps, 134 remaining
[Waiting_time_Solve] New path is consistent after applying waiting time for agent 113
[Current_Solution] Agent 113 used 1 waiting timesteps, 133 remaining
[Waiting_time_Solve] Applied 1 waiting time  for agent 113 who has waiting time 133
[Waiting_time_Solve] Applying waiting time 1 to agent 116 who has waiting time 135
[Current_Solution] Agent 116 used 1 waiting timesteps, 134 remaining
[Waiting_time_Solve] New path is consistent after applying waiting time for agent 116
[Current_Solution] Agent 116 used 1 waiting timesteps, 133 remaining
[Waiting_time_Solve] Applied 1 waiting time  for agent 116 who has waiting time 133
[Waiting_time_Solve] Applying waiting time 1 to agent 71 who has waiting time 57
[Waiting_time_Solve] New path is consistent after applying waiting time for agent 71
[Current_Solution] Agent 71 used 1 waiting timesteps, 56 remaining
[Waiting_time_Solve] Applied 1 waiting time  for agent 71 who has waiting time 56
[Waiting_time_Solve] Applying waiting time 1 to agent 11 who has waiting time 117
[Waiting_time_Solve] New path is consistent after applying waiting time for agent 11
[Current_Solution] Agent 11 used 1 waiting timesteps, 116 remaining
[Waiting_time_Solve] Applied 1 waiting time  for agent 11 who has waiting time 116
[Waiting_time_Solve] Applying waiting time 1 to agent 120 who has waiting time 75
[Waiting_time_Solve] New path is consistent after applying waiting time for agent 120
[Current_Solution] Agent 120 used 1 waiting timesteps, 74 remaining
[Waiting_time_Solve] Applied 1 waiting time  for agent 120 who has waiting time 74
[Waiting_time_Solve] Applying waiting time 1 to agent 122 who has waiting time 88
[Waiting_time_Solve] New path is consistent after applying waiting time for agent 122
[Current_Solution] Agent 122 used 1 waiting timesteps, 87 remaining
[Waiting_time_Solve] Applied 1 waiting time  for agent 122 who has waiting time 87
[Waiting_time_Solve] Applying waiting time 1 to agent 72 who has waiting time 60
[Waiting_time_Solve] New path is consistent after applying waiting time for agent 72
[Current_Solution] Agent 72 used 1 waiting timesteps, 59 remaining
[Waiting_time_Solve] Applied 1 waiting time  for agent 72 who has waiting time 59
[Waiting_time_Solve] Applying waiting time 1 to agent 126 who has waiting time 92
[Waiting_time_Solve] New path is consistent after applying waiting time for agent 126
[Current_Solution] Agent 126 used 1 waiting timesteps, 91 remaining
[Waiting_time_Solve] Applied 1 waiting time  for agent 126 who has waiting time 91
[Waiting_time_Solve] Applying waiting time 1 to agent 78 who has waiting time 115
[Waiting_time_Solve] New path is consistent after applying waiting time for agent 78
[Current_Solution] Agent 78 used 1 waiting timesteps, 114 remaining
[Waiting_time_Solve] Applied 1 waiting time  for agent 78 who has waiting time 114
[Waiting_time_Solve] Applying waiting time 1 to agent 195 who has waiting time 135
[Current_Solution] Agent 195 used 1 waiting timesteps, 134 remaining
[Waiting_time_Solve] New path is consistent after applying waiting time for agent 195
[Current_Solution] Agent 195 used 1 waiting timesteps, 133 remaining
[Waiting_time_Solve] Applied 1 waiting time  for agent 195 who has waiting time 133
[Waiting_time_Solve] Applying waiting time 1 to agent 131 who has waiting time 32
[Waiting_time_Solve] New path is consistent after applying waiting time for agent 131
[Current_Solution] Agent 131 used 1 waiting timesteps, 31 remaining
[Waiting_time_Solve] Applied 1 waiting time  for agent 131 who has waiting time 31
[Waiting_time_Solve] Applying waiting time 1 to agent 75 who has waiting time 65
[Waiting_time_Solve] New path is consistent after applying waiting time for agent 75
[Current_Solution] Agent 75 used 1 waiting timesteps, 64 remaining
[Waiting_time_Solve] Applied 1 waiting time  for agent 75 who has waiting time 64
[Waiting_time_Solve] Applying waiting time 1 to agent 194 who has waiting time 85
[Waiting_time_Solve] New path is consistent after applying waiting time for agent 194
[Current_Solution] Agent 194 used 1 waiting timesteps, 84 remaining
[Waiting_time_Solve] Applied 1 waiting time  for agent 194 who has waiting time 84
[Waiting_time_Solve] Applying waiting time 1 to agent 33 who has waiting time 134
[Waiting_time_Solve] New path is consistent after applying waiting time for agent 33
[Current_Solution] Agent 33 used 1 waiting timesteps, 133 remaining
[Waiting_time_Solve] Applied 1 waiting time  for agent 33 who has waiting time 133
[Waiting_time_Solve] Applying waiting time 1 to agent 137 who has waiting time 160
[Waiting_time_Solve] New path is consistent after applying waiting time for agent 137
[Current_Solution] Agent 137 used 1 waiting timesteps, 159 remaining
[Waiting_time_Solve] Applied 1 waiting time  for agent 137 who has waiting time 159
[Waiting_time_Solve] Applying waiting time 1 to agent 138 who has waiting time 135
[Current_Solution] Agent 138 used 1 waiting timesteps, 134 remaining
[Waiting_time_Solve] New path is consistent after applying waiting time for agent 138
[Current_Solution] Agent 138 used 1 waiting timesteps, 133 remaining
[Waiting_time_Solve] Applied 1 waiting time  for agent 138 who has waiting time 133
[Waiting_time_Solve] Applying waiting time 1 to agent 140 who has waiting time 135
[Current_Solution] Agent 140 used 1 waiting timesteps, 134 remaining
[Waiting_time_Solve] New path is consistent after applying waiting time for agent 140
[Current_Solution] Agent 140 used 1 waiting timesteps, 133 remaining
[Waiting_time_Solve] Applied 1 waiting time  for agent 140 who has waiting time 133
[Waiting_time_Solve] Applying waiting time 1 to agent 141 who has waiting time 96
[Waiting_time_Solve] New path is consistent after applying waiting time for agent 141
[Current_Solution] Agent 141 used 1 waiting timesteps, 95 remaining
[Waiting_time_Solve] Applied 1 waiting time  for agent 141 who has waiting time 95
[Waiting_time_Solve] Applying waiting time 1 to agent 142 who has waiting time 37
[Waiting_time_Solve] New path is consistent after applying waiting time for agent 142
[Current_Solution] Agent 142 used 1 waiting timesteps, 36 remaining
[Waiting_time_Solve] Applied 1 waiting time  for agent 142 who has waiting time 36
[Waiting_time_Solve] Applying waiting time 1 to agent 144 who has waiting time 32
[Waiting_time_Solve] New path is consistent after applying waiting time for agent 144
[Current_Solution] Agent 144 used 1 waiting timesteps, 31 remaining
[Waiting_time_Solve] Applied 1 waiting time  for agent 144 who has waiting time 31
[Waiting_time_Solve] Applying waiting time 1 to agent 150 who has waiting time 51
[Waiting_time_Solve] New path is consistent after applying waiting time for agent 150
[Current_Solution] Agent 150 used 1 waiting timesteps, 50 remaining
[Waiting_time_Solve] Applied 1 waiting time  for agent 150 who has waiting time 50
[Waiting_time_Solve] Applying waiting time 1 to agent 20 who has waiting time 25
[Waiting_time_Solve] New path is consistent after applying waiting time for agent 20
[Current_Solution] Agent 20 used 1 waiting timesteps, 24 remaining
[Waiting_time_Solve] Applied 1 waiting time  for agent 20 who has waiting time 24
[Waiting_time_Solve] Applying waiting time 1 to agent 27 who has waiting time 27
[Waiting_time_Solve] New path is consistent after applying waiting time for agent 27
[Current_Solution] Agent 27 used 1 waiting timesteps, 26 remaining
[Waiting_time_Solve] Applied 1 waiting time  for agent 27 who has waiting time 26
[Waiting_time_Solve] Applying waiting time 1 to agent 166 who has waiting time 135
[Current_Solution] Agent 166 used 1 waiting timesteps, 134 remaining
[Waiting_time_Solve] New path is consistent after applying waiting time for agent 166
[Current_Solution] Agent 166 used 1 waiting timesteps, 133 remaining
[Waiting_time_Solve] Applied 1 waiting time  for agent 166 who has waiting time 133
[Waiting_time_Solve] Applying waiting time 1 to agent 15 who has waiting time 164
[Waiting_time_Solve] New path is consistent after applying waiting time for agent 15
[Current_Solution] Agent 15 used 1 waiting timesteps, 163 remaining
[Waiting_time_Solve] Applied 1 waiting time  for agent 15 who has waiting time 163
[Waiting_time_Solve] Applying waiting time 1 to agent 172 who has waiting time 84
[Waiting_time_Solve] New path is consistent after applying waiting time for agent 172
[Current_Solution] Agent 172 used 1 waiting timesteps, 83 remaining
[Waiting_time_Solve] Applied 1 waiting time  for agent 172 who has waiting time 83
[Waiting_time_Solve] Applying waiting time 1 to agent 173 who has waiting time 109
[Waiting_time_Solve] New path is consistent after applying waiting time for agent 173
[Current_Solution] Agent 173 used 1 waiting timesteps, 108 remaining
[Waiting_time_Solve] Applied 1 waiting time  for agent 173 who has waiting time 108
[Waiting_time_Solve] Applying waiting time 1 to agent 184 who has waiting time 20
[Waiting_time_Solve] New path is consistent after applying waiting time for agent 184
[Current_Solution] Agent 184 used 1 waiting timesteps, 19 remaining
[Waiting_time_Solve] Applied 1 waiting time  for agent 184 who has waiting time 19
[Waiting_time_Solve] Applying waiting time 1 to agent 176 who has waiting time 114
[Waiting_time_Solve] New path is consistent after applying waiting time for agent 176
[Current_Solution] Agent 176 used 1 waiting timesteps, 113 remaining
[Waiting_time_Solve] Applied 1 waiting time  for agent 176 who has waiting time 113
[Waiting_time_Solve] Applying waiting time 1 to agent 76 who has waiting time 46
[Waiting_time_Solve] New path is consistent after applying waiting time for agent 76
[Current_Solution] Agent 76 used 1 waiting timesteps, 45 remaining
[Waiting_time_Solve] Applied 1 waiting time  for agent 76 who has waiting time 45
[Waiting_time_Solve] Applying waiting time 1 to agent 179 who has waiting time 11
[Waiting_time_Solve] New path is consistent after applying waiting time for agent 179
[Current_Solution] Agent 179 used 1 waiting timesteps, 10 remaining
[Waiting_time_Solve] Applied 1 waiting time  for agent 179 who has waiting time 10
[Waiting_time_Solve] Applying waiting time 1 to agent 164 who has waiting time 78
[Waiting_time_Solve] New path is consistent after applying waiting time for agent 164
[Current_Solution] Agent 164 used 1 waiting timesteps, 77 remaining
[Waiting_time_Solve] Applied 1 waiting time  for agent 164 who has waiting time 77
[Waiting_time_Solve] Applying waiting time 1 to agent 182 who has waiting time 135
[Current_Solution] Agent 182 used 1 waiting timesteps, 134 remaining
[Waiting_time_Solve] New path is consistent after applying waiting time for agent 182
[Current_Solution] Agent 182 used 1 waiting timesteps, 133 remaining
[Waiting_time_Solve] Applied 1 waiting time  for agent 182 who has waiting time 133
[Waiting_time_Solve] Applying waiting time 1 to agent 159 who has waiting time 77
[Waiting_time_Solve] New path is consistent after applying waiting time for agent 159
[Current_Solution] Agent 159 used 1 waiting timesteps, 76 remaining
[Waiting_time_Solve] Applied 1 waiting time  for agent 159 who has waiting time 76
[Waiting_time_Solve] Applying waiting time 1 to agent 178 who has waiting time 85
[Waiting_time_Solve] New path is consistent after applying waiting time for agent 178
[Current_Solution] Agent 178 used 1 waiting timesteps, 84 remaining
[Waiting_time_Solve] Applied 1 waiting time  for agent 178 who has waiting time 84
[Waiting_time_Solve] Applying waiting time 1 to agent 186 who has waiting time 42
[Waiting_time_Solve] New path is consistent after applying waiting time for agent 186
[Current_Solution] Agent 186 used 1 waiting timesteps, 41 remaining
[Waiting_time_Solve] Applied 1 waiting time  for agent 186 who has waiting time 41
[Waiting_time_Solve] Applying waiting time 1 to agent 63 who has waiting time 134
[Waiting_time_Solve] New path is consistent after applying waiting time for agent 63
[Current_Solution] Agent 63 used 1 waiting timesteps, 133 remaining
[Waiting_time_Solve] Applied 1 waiting time  for agent 63 who has waiting time 133
[Waiting_time_Solve] Applying waiting time 1 to agent 189 who has waiting time 44
[Waiting_time_Solve] New path is consistent after applying waiting time for agent 189
[Current_Solution] Agent 189 used 1 waiting timesteps, 43 remaining
[Waiting_time_Solve] Applied 1 waiting time  for agent 189 who has waiting time 43
[Waiting_time_Solve] Applying waiting time 1 to agent 65 who has waiting time 35
[Waiting_time_Solve] New path is consistent after applying waiting time for agent 65
[Current_Solution] Agent 65 used 1 waiting timesteps, 34 remaining
[Waiting_time_Solve] Applied 1 waiting time  for agent 65 who has waiting time 34
[Waiting_time_Solve] Applying waiting time 1 to agent 193 who has waiting time 36
[Waiting_time_Solve] New path is consistent after applying waiting time for agent 193
[Current_Solution] Agent 193 used 1 waiting timesteps, 35 remaining
[Waiting_time_Solve] Applied 1 waiting time  for agent 193 who has waiting time 35
[Waiting_time_Solve] Applying waiting time 1 to agent 198 who has waiting time 23
[Waiting_time_Solve] New path is consistent after applying waiting time for agent 198
[Current_Solution] Agent 198 used 1 waiting timesteps, 22 remaining
[Waiting_time_Solve] Applied 1 waiting time  for agent 198 who has waiting time 22
[Waiting_time_Solve] Applying waiting time 1 to agent 196 who has waiting time 135
[Current_Solution] Agent 196 used 1 waiting timesteps, 134 remaining
[Waiting_time_Solve] New path is consistent after applying waiting time for agent 196
[Current_Solution] Agent 196 used 1 waiting timesteps, 133 remaining
[Waiting_time_Solve] Applied 1 waiting time  for agent 196 who has waiting time 133
[Waiting_time_Solve] Applying waiting time 1 to agent 42 who has waiting time 119
[Waiting_time_Solve] New path is consistent after applying waiting time for agent 42
[Current_Solution] Agent 42 used 1 waiting timesteps, 118 remaining
[Waiting_time_Solve] Applied 1 waiting time  for agent 42 who has waiting time 118
[Waiting_time_Solve] Applying waiting time 1 to agent 88 who has waiting time 95
[Waiting_time_Solve] New path is consistent after applying waiting time for agent 88
[Current_Solution] Agent 88 used 1 waiting timesteps, 94 remaining
[Waiting_time_Solve] Applied 1 waiting time  for agent 88 who has waiting time 94
[Waiting_time_Solve] Applying waiting time 1 to agent 110 who has waiting time 65
[Waiting_time_Solve] New path is consistent after applying waiting time for agent 110
[Current_Solution] Agent 110 used 1 waiting timesteps, 64 remaining
[Waiting_time_Solve] Applied 1 waiting time  for agent 110 who has waiting time 64
[Waiting_time_Solve] Applying waiting time 1 to agent 8 who has waiting time 74
[Waiting_time_Solve] New path is consistent after applying waiting time for agent 8
[Current_Solution] Agent 8 used 1 waiting timesteps, 73 remaining
[Waiting_time_Solve] Applied 1 waiting time  for agent 8 who has waiting time 73
[Waiting_time_Solve] Applying waiting time 1 to agent 133 who has waiting time 79
[Waiting_time_Solve] New path is consistent after applying waiting time for agent 133
[Current_Solution] Agent 133 used 1 waiting timesteps, 78 remaining
[Waiting_time_Solve] Applied 1 waiting time  for agent 133 who has waiting time 78
[Waiting_time_Solve] Applying waiting time 1 to agent 56 who has waiting time 21
[Waiting_time_Solve] New path is consistent after applying waiting time for agent 56
[Current_Solution] Agent 56 used 1 waiting timesteps, 20 remaining
[Waiting_time_Solve] Applied 1 waiting time  for agent 56 who has waiting time 20
[Waiting_time_Solve] Applying waiting time 1 to agent 81 who has waiting time 138
[Waiting_time_Solve] New path is consistent after applying waiting time for agent 81
[Current_Solution] Agent 81 used 1 waiting timesteps, 137 remaining
[Waiting_time_Solve] Applied 1 waiting time  for agent 81 who has waiting time 137
[Waiting_time_Solve] ALL Waiting time applied
[Waiting_time_Solve] Extended Zone end time from 54 to 55
[Current_Solution] Agent 5 used 1 waiting timesteps, 134 remaining
[Current_Solution] Agent 91 used 1 waiting timesteps, 134 remaining
[Current_Solution] Agent 168 used 1 waiting timesteps, 134 remaining
[Current_Solution] Agent 197 used 1 waiting timesteps, 134 remaining
[Waiting_time_Solve] Iteration 1...
[Waiting_time_Solve] Pruned 16 vertex and 0 edge collisions from segment 201
[Waiting_time_Solve] Pruned 1 vertex and 1 edge collisions from segment 206
[Waiting_time_Solve] Pruned 24 vertex and 11 edge collisions from segment 210
[Waiting_time_Solve] Pruned 5 vertex and 0 edge collisions from segment 219
[Waiting_time_Solve] Pruned 16 vertex and 0 edge collisions from segment 226
[Waiting_time_Solve] Pruned 2 vertex and 1 edge collisions from segment 232
[Waiting_time_Solve] Pruned 2 vertex and 3 edge collisions from segment 237
[Waiting_time_Solve] Pruned 5 vertex and 3 edge collisions from segment 244
[Waiting_time_Solve] Agent 199 pseudo agents: 259 260 
[Waiting_time_Solve] Agent 196 pseudo agents: 258 
[Waiting_time_Solve] Agent 191 pseudo agents: 256 257 
[Waiting_time_Solve] Agent 178 pseudo agents: 255 
[Waiting_time_Solve] Agent 171 pseudo agents: 254 
[Waiting_time_Solve] Agent 167 pseudo agents: 253 
[Waiting_time_Solve] Agent 165 pseudo agents: 252 
[Waiting_time_Solve] Agent 164 pseudo agents: 251 
[Waiting_time_Solve] Agent 160 pseudo agents: 250 
[Waiting_time_Solve] Agent 159 pseudo agents: 249 
[Waiting_time_Solve] Agent 149 pseudo agents: 248 
[Waiting_time_Solve] Agent 143 pseudo agents: 247 
[Waiting_time_Solve] Agent 57 pseudo agents: 222 223 
[Waiting_time_Solve] Agent 53 pseudo agents: 221 
[Waiting_time_Solve] Agent 45 pseudo agents: 220 
[Waiting_time_Solve] Agent 43 pseudo agents: 219 
[Waiting_time_Solve] Agent 42 pseudo agents: 216 217 218 
[Waiting_time_Solve] Agent 40 pseudo agents: 214 215 
[Waiting_time_Solve] Agent 33 pseudo agents: 213 
[Waiting_time_Solve] Agent 32 pseudo agents: 212 
[Waiting_time_Solve] Agent 12 pseudo agents: 207 208 
[Waiting_time_Solve] Agent 11 pseudo agents: 205 206 
[Waiting_time_Solve] Agent 9 pseudo agents: 204 
[Waiting_time_Solve] Agent 7 pseudo agents: 202 203 
[Waiting_time_Solve] Agent 133 pseudo agents: 246 
[Waiting_time_Solve] Agent 63 pseudo agents: 225 
[Waiting_time_Solve] Agent 2 pseudo agents: 201 
[Waiting_time_Solve] Agent 60 pseudo agents: 224 
[Waiting_time_Solve] Agent 0 pseudo agents: 200 
[Waiting_time_Solve] Agent 127 pseudo agents: 245 
[Waiting_time_Solve] Agent 14 pseudo agents: 209 
[Waiting_time_Solve] Agent 19 pseudo agents: 210 211 
[Waiting_time_Solve] Agent 65 pseudo agents: 226 
[Waiting_time_Solve] Agent 70 pseudo agents: 227 
[Waiting_time_Solve] Agent 78 pseudo agents: 228 
[Waiting_time_Solve] Agent 84 pseudo agents: 229 
[Waiting_time_Solve] Agent 85 pseudo agents: 230 
[Waiting_time_Solve] Agent 88 pseudo agents: 231 
[Waiting_time_Solve] Agent 89 pseudo agents: 232 
[Waiting_time_Solve] Agent 90 pseudo agents: 233 
[Waiting_time_Solve] Agent 91 pseudo agents: 234 
[Waiting_time_Solve] Agent 99 pseudo agents: 235 
[Waiting_time_Solve] Agent 102 pseudo agents: 236 
[Waiting_time_Solve] Agent 105 pseudo agents: 237 
[Waiting_time_Solve] Agent 110 pseudo agents: 238 
[Waiting_time_Solve] Agent 112 pseudo agents: 239 
[Waiting_time_Solve] Agent 118 pseudo agents: 240 241 
[Waiting_time_Solve] Agent 119 pseudo agents: 242 
[Waiting_time_Solve] Agent 123 pseudo agents: 243 
[Waiting_time_Solve] Agent 126 pseudo agents: 244 
[SAT] Start solving CNF: 6885558 clauses and 105751 variables
[SAT] Agent 199 entry time: 21 exit time: 23
[SAT] Agent 198 entry time: 25 exit time: 55
[SAT] Agent 197 entry time: 1 exit time: 55
[SAT] Agent 196 entry time: 2 exit time: 3
[SAT] Agent 195 entry time: 5 exit time: 55
[SAT] Agent 194 entry time: 1 exit time: 55
[SAT] Agent 193 entry time: 2 exit time: 55
[SAT] Agent 192 entry time: 37 exit time: 55
[SAT] Agent 256 entry time: 22 exit time: 36
[SAT] Agent 191 entry time: 5 exit time: 12
[SAT] Agent 190 entry time: 2 exit time: 55
[SAT] Agent 189 entry time: 2 exit time: 55
[SAT] Agent 188 entry time: 39 exit time: 54
[SAT] Agent 187 entry time: 7 exit time: 14
[SAT] Agent 186 entry time: 15 exit time: 55
[SAT] Agent 185 entry time: 1 exit time: 55
[SAT] Agent 184 entry time: 8 exit time: 55
[SAT] Agent 183 entry time: 1 exit time: 55
[SAT] Agent 182 entry time: 21 exit time: 55
[SAT] Agent 181 entry time: 8 exit time: 55
[SAT] Agent 179 entry time: 32 exit time: 55
[SAT] Agent 255 entry time: 31 exit time: 55
[SAT] Agent 178 entry time: 29 exit time: 29
[SAT] Agent 177 entry time: 22 exit time: 55
[SAT] Agent 176 entry time: 15 exit time: 55
[SAT] Agent 175 entry time: 8 exit time: 55
[SAT] Agent 173 entry time: 1 exit time: 50
[SAT] Agent 172 entry time: 5 exit time: 55
[SAT] Agent 254 entry time: 28 exit time: 55
[SAT] Agent 171 entry time: 24 exit time: 24
[SAT] Agent 170 entry time: 11 exit time: 53
[SAT] Agent 169 entry time: 31 exit time: 55
[SAT] Agent 168 entry time: 13 exit time: 55
[SAT] Agent 253 entry time: 3 exit time: 35
[SAT] Agent 167 entry time: 1 exit time: 1
[SAT] Agent 166 entry time: 24 exit time: 55
[SAT] Agent 252 entry time: 49 exit time: 55
[SAT] Agent 165 entry time: 3 exit time: 44
[SAT] Agent 251 entry time: 34 exit time: 55
[SAT] Agent 164 entry time: 2 exit time: 32
[SAT] Agent 163 entry time: 9 exit time: 45
[SAT] Agent 162 entry time: 15 exit time: 55
[SAT] Agent 161 entry time: 6 exit time: 55
[SAT] Agent 250 entry time: 6 exit time: 51
[SAT] Agent 160 entry time: 2 exit time: 4
[SAT] Agent 249 entry time: 27 exit time: 54
[SAT] Agent 159 entry time: 25 exit time: 25
[SAT] Agent 158 entry time: 4 exit time: 55
[SAT] Agent 157 entry time: 1 exit time: 5
[SAT] Agent 156 entry time: 1 exit time: 8
[SAT] Agent 155 entry time: 13 exit time: 33
[SAT] Agent 154 entry time: 12 exit time: 55
[SAT] Agent 152 entry time: 23 exit time: 55
[SAT] Agent 151 entry time: 9 exit time: 55
[SAT] Agent 150 entry time: 4 exit time: 55
[SAT] Agent 248 entry time: 48 exit time: 49
[SAT] Agent 149 entry time: 12 exit time: 46
[SAT] Agent 148 entry time: 1 exit time: 55
[SAT] Agent 147 entry time: 29 exit time: 55
[SAT] Agent 146 entry time: 2 exit time: 55
[SAT] Agent 144 entry time: 11 exit time: 55
[SAT] Agent 247 entry time: 27 exit time: 55
[SAT] Agent 143 entry time: 11 exit time: 25
[SAT] Agent 142 entry time: 40 exit time: 55
[SAT] Agent 141 entry time: 45 exit time: 55
[SAT] Agent 140 entry time: 8 exit time: 55
[SAT] Agent 138 entry time: 4 exit time: 55
[SAT] Agent 137 entry time: 6 exit time: 23
[SAT] Agent 136 entry time: 8 exit time: 55
[SAT] Agent 135 entry time: 2 exit time: 55
[SAT] Agent 134 entry time: 9 exit time: 55
[SAT] Agent 246 entry time: 17 exit time: 55
[SAT] Agent 133 entry time: 1 exit time: 9
[SAT] Agent 131 entry time: 13 exit time: 55
[SAT] Agent 130 entry time: 38 exit time: 55
[SAT] Agent 129 entry time: 7 exit time: 55
[SAT] Agent 128 entry time: 1 exit time: 5
[SAT] Agent 245 entry time: 46 exit time: 55
[SAT] Agent 127 entry time: 15 exit time: 43
[SAT] Agent 244 entry time: 39 exit time: 53
[SAT] Agent 126 entry time: 1 exit time: 33
[SAT] Agent 125 entry time: 1 exit time: 55
[SAT] Agent 124 entry time: 6 exit time: 55
[SAT] Agent 243 entry time: 17 exit time: 55
[SAT] Agent 123 entry time: 13 exit time: 13
[SAT] Agent 122 entry time: 1 exit time: 54
[SAT] Agent 121 entry time: 14 exit time: 25
[SAT] Agent 120 entry time: 3 exit time: 55
[SAT] Agent 242 entry time: 31 exit time: 55
[SAT] Agent 119 entry time: 1 exit time: 29
[SAT] Agent 241 entry time: 32 exit time: 55
[SAT] Agent 240 entry time: 30 exit time: 30
[SAT] Agent 118 entry time: 9 exit time: 27
[SAT] Agent 117 entry time: 2 exit time: 55
[SAT] Agent 116 entry time: 4 exit time: 55
[SAT] Agent 115 entry time: 2 exit time: 37
[SAT] Agent 114 entry time: 9 exit time: 55
[SAT] Agent 113 entry time: 13 exit time: 55
[SAT] Agent 239 entry time: 8 exit time: 55
[SAT] Agent 112 entry time: 2 exit time: 2
[SAT] Agent 111 entry time: 34 exit time: 55
[SAT] Agent 238 entry time: 24 exit time: 53
[SAT] Agent 110 entry time: 22 exit time: 22
[SAT] Agent 109 entry time: 29 exit time: 55
[SAT] Agent 108 entry time: 18 exit time: 55
[SAT] Agent 107 entry time: 1 exit time: 7
[SAT] Agent 106 entry time: 13 exit time: 42
[SAT] Agent 237 entry time: 46 exit time: 55
[SAT] Agent 105 entry time: 1 exit time: 40
[SAT] Agent 103 entry time: 9 exit time: 55
[SAT] Agent 236 entry time: 43 exit time: 55
[SAT] Agent 102 entry time: 5 exit time: 35
[SAT] Agent 101 entry time: 15 exit time: 55
[SAT] Agent 100 entry time: 25 exit time: 55
[SAT] Agent 235 entry time: 3 exit time: 55
[SAT] Agent 42 entry time: 5 exit time: 5
[SAT] Agent 41 entry time: 1 exit time: 55
[SAT] Agent 217 entry time: 25 exit time: 37
[SAT] Agent 90 entry time: 1 exit time: 45
[SAT] Agent 40 entry time: 9 exit time: 17
[SAT] Agent 216 entry time: 7 exit time: 20
[SAT] Agent 89 entry time: 1 exit time: 40
[SAT] Agent 39 entry time: 1 exit time: 55
[SAT] Agent 215 entry time: 21 exit time: 55
[SAT] Agent 88 entry time: 3 exit time: 32
[SAT] Agent 38 entry time: 10 exit time: 55
[SAT] Agent 214 entry time: 19 exit time: 19
[SAT] Agent 87 entry time: 1 exit time: 55
[SAT] Agent 37 entry time: 11 exit time: 55
[SAT] Agent 36 entry time: 1 exit time: 52
[SAT] Agent 213 entry time: 37 exit time: 55
[SAT] Agent 86 entry time: 1 exit time: 33
[SAT] Agent 35 entry time: 1 exit time: 13
[SAT] Agent 212 entry time: 54 exit time: 54
[SAT] Agent 85 entry time: 14 exit time: 50
[SAT] Agent 22 entry time: 11 exit time: 55
[SAT] Agent 21 entry time: 4 exit time: 55
[SAT] Agent 20 entry time: 1 exit time: 55
[SAT] Agent 34 entry time: 13 exit time: 55
[SAT] Agent 211 entry time: 55 exit time: 55
[SAT] Agent 84 entry time: 24 exit time: 24
[SAT] Agent 8 entry time: 3 exit time: 55
[SAT] Agent 26 entry time: 1 exit time: 55
[SAT] Agent 203 entry time: 6 exit time: 35
[SAT] Agent 76 entry time: 8 exit time: 55
[SAT] Agent 257 entry time: 44 exit time: 55
[SAT] Agent 0 entry time: 11 exit time: 37
[SAT] Agent 25 entry time: 16 exit time: 26
[SAT] Agent 202 entry time: 4 exit time: 4
[SAT] Agent 75 entry time: 7 exit time: 55
[SAT] Agent 7 entry time: 2 exit time: 2
[SAT] Agent 33 entry time: 2 exit time: 28
[SAT] Agent 210 entry time: 30 exit time: 51
[SAT] Agent 83 entry time: 15 exit time: 55
[SAT] Agent 4 entry time: 1 exit time: 55
[SAT] Agent 30 entry time: 4 exit time: 55
[SAT] Agent 207 entry time: 42 exit time: 43
[SAT] Agent 80 entry time: 3 exit time: 55
[SAT] Agent 260 entry time: 28 exit time: 54
[SAT] Agent 3 entry time: 1 exit time: 55
[SAT] Agent 29 entry time: 1 exit time: 49
[SAT] Agent 206 entry time: 43 exit time: 55
[SAT] Agent 79 entry time: 31 exit time: 55
[SAT] Agent 6 entry time: 16 exit time: 55
[SAT] Agent 32 entry time: 24 exit time: 52
[SAT] Agent 209 entry time: 22 exit time: 55
[SAT] Agent 82 entry time: 1 exit time: 9
[SAT] Agent 24 entry time: 1 exit time: 55
[SAT] Agent 201 entry time: 41 exit time: 55
[SAT] Agent 259 entry time: 25 exit time: 25
[SAT] Agent 2 entry time: 7 exit time: 38
[SAT] Agent 28 entry time: 1 exit time: 55
[SAT] Agent 205 entry time: 21 exit time: 37
[SAT] Agent 78 entry time: 15 exit time: 42
[SAT] Agent 258 entry time: 5 exit time: 55
[SAT] Agent 1 entry time: 1 exit time: 55
[SAT] Agent 27 entry time: 8 exit time: 55
[SAT] Agent 204 entry time: 37 exit time: 55
[SAT] Agent 77 entry time: 9 exit time: 55
[SAT] Agent 5 entry time: 1 exit time: 55
[SAT] Agent 31 entry time: 11 exit time: 55
[SAT] Agent 208 entry time: 47 exit time: 47
[SAT] Agent 81 entry time: 2 exit time: 34
[SAT] Agent 23 entry time: 18 exit time: 55
[SAT] Agent 200 entry time: 46 exit time: 55
[SAT] Agent 73 entry time: 12 exit time: 24
[SAT] Agent 9 entry time: 22 exit time: 24
[SAT] Agent 10 entry time: 39 exit time: 55
[SAT] Agent 11 entry time: 1 exit time: 11
[SAT] Agent 12 entry time: 8 exit time: 39
[SAT] Agent 13 entry time: 33 exit time: 55
[SAT] Agent 14 entry time: 1 exit time: 13
[SAT] Agent 15 entry time: 1 exit time: 14
[SAT] Agent 18 entry time: 22 exit time: 48
[SAT] Agent 19 entry time: 14 exit time: 28
[SAT] Agent 218 entry time: 47 exit time: 55
[SAT] Agent 91 entry time: 1 exit time: 5
[SAT] Agent 43 entry time: 4 exit time: 41
[SAT] Agent 219 entry time: 43 exit time: 51
[SAT] Agent 92 entry time: 1 exit time: 55
[SAT] Agent 45 entry time: 31 exit time: 31
[SAT] Agent 220 entry time: 34 exit time: 55
[SAT] Agent 46 entry time: 1 exit time: 55
[SAT] Agent 47 entry time: 5 exit time: 55
[SAT] Agent 49 entry time: 8 exit time: 55
[SAT] Agent 50 entry time: 1 exit time: 55
[SAT] Agent 52 entry time: 1 exit time: 44
[SAT] Agent 53 entry time: 6 exit time: 6
[SAT] Agent 221 entry time: 13 exit time: 55
[SAT] Agent 94 entry time: 17 exit time: 55
[SAT] Agent 54 entry time: 7 exit time: 51
[SAT] Agent 56 entry time: 26 exit time: 55
[SAT] Agent 57 entry time: 1 exit time: 34
[SAT] Agent 222 entry time: 36 exit time: 38
[SAT] Agent 95 entry time: 7 exit time: 55
[SAT] Agent 223 entry time: 40 exit time: 55
[SAT] Agent 96 entry time: 4 exit time: 55
[SAT] Agent 58 entry time: 2 exit time: 54
[SAT] Agent 59 entry time: 18 exit time: 55
[SAT] Agent 60 entry time: 1 exit time: 50
[SAT] Agent 224 entry time: 52 exit time: 55
[SAT] Agent 97 entry time: 22 exit time: 55
[SAT] Agent 61 entry time: 1 exit time: 55
[SAT] Agent 62 entry time: 31 exit time: 39
[SAT] Agent 63 entry time: 20 exit time: 24
[SAT] Agent 225 entry time: 29 exit time: 52
[SAT] Agent 98 entry time: 11 exit time: 55
[SAT] Agent 64 entry time: 12 exit time: 55
[SAT] Agent 65 entry time: 8 exit time: 30
[SAT] Agent 226 entry time: 32 exit time: 55
[SAT] Agent 99 entry time: 1 exit time: 1
[SAT] Agent 66 entry time: 10 exit time: 55
[SAT] Agent 67 entry time: 1 exit time: 55
[SAT] Agent 68 entry time: 5 exit time: 55
[SAT] Agent 69 entry time: 15 exit time: 55
[SAT] Agent 70 entry time: 1 exit time: 17
[SAT] Agent 227 entry time: 27 exit time: 29
[SAT] Agent 71 entry time: 17 exit time: 55
[SAT] Agent 72 entry time: 8 exit time: 55
[SAT] Agent 228 entry time: 51 exit time: 55
[SAT] Agent 229 entry time: 26 exit time: 55
[SAT] Agent 230 entry time: 52 exit time: 54
[SAT] Agent 231 entry time: 36 exit time: 55
[SAT] Agent 232 entry time: 44 exit time: 55
[SAT] Agent 233 entry time: 53 exit time: 55
[SAT] Agent 234 entry time: 31 exit time: 55

[SAT] Start time: 1 End time: 55

[SAT] Solving local zone with SAT iteration 1...
[SAT] Local CNF: 6888073 clauses 

DEBUG: Adding 6888073 new clauses to MiniSAT (incremental run)
[SAT] Local problem appears to be unsatisfiable in current zone
[Waiting_time_Solve] No solution found, trying to apply waiting time:2
[Waiting_time_Solve] No waiting time applied
[Waiting_time_Solve] No solution found
[Waiting_time_Solve] Restoring original paths
[Waiting_time_Solve] Restoring waiting times
[Current_Solution] Restored waiting times from backup
[Current_Solution] Restored paths from backup
[Solve_local_zone] Zone with expansion factor 1failed
[Solve_local_zone] Expanding zone with offset 3 (original: 1)
[LOCAL ZONE] Found newly touched conflict 145 at position (20,34)
[LOCAL ZONE] Found newly touched conflict 690 at position (23,44)
[LOCAL ZONE] Found newly touched conflict 765 at position (23,44)
[LOCAL ZONE] Found newly touched conflict 1230 at position (23,44)
[LOCAL ZONE] Found newly touched conflict 1878 at position (23,44)
[LOCAL ZONE] Found newly touched conflict 5064 at position (25,50)
[LOCAL ZONE] Found newly touched conflict 1894 at position (39,36)
[LOCAL ZONE] Found newly touched conflict 5059 at position (40,34)
[LOCAL ZONE] Found newly touched conflict 1078 at position (40,39)
[LOCAL ZONE] Found newly touched conflict 529 at position (42,54)
[LOCAL ZONE] Found newly touched conflict 723 at position (55,7)
[LOCAL ZONE] Found newly touched conflict 63 at position (20,31)
[LOCAL ZONE] Found newly touched conflict 261 at position (20,31)
[LOCAL ZONE] Found newly touched conflict 364 at position (20,31)
[LOCAL ZONE] Found newly touched conflict 5067 at position (20,31)
[LOCAL ZONE] Found newly touched conflict 90 at position (20,32)
[LOCAL ZONE] Found newly touched conflict 92 at position (20,32)
[LOCAL ZONE] Found newly touched conflict 93 at position (20,32)
[LOCAL ZONE] Found newly touched conflict 210 at position (20,32)
[LOCAL ZONE] Found newly touched conflict 385 at position (20,32)
[LOCAL ZONE] Found newly touched conflict 5061 at position (20,32)
[LOCAL ZONE] Found newly touched conflict 5069 at position (20,32)
[LOCAL ZONE] Found newly touched conflict 118 at position (20,33)
[LOCAL ZONE] Found newly touched conflict 411 at position (20,33)
[LOCAL ZONE] Found newly touched conflict 5066 at position (21,33)
[LOCAL ZONE] Found newly touched conflict 72 at position (25,52)
[LOCAL ZONE] Found newly touched conflict 46 at position (25,53)
[LOCAL ZONE] Found newly touched conflict 25 at position (25,54)
[LOCAL ZONE] Found newly touched conflict 91 at position (41,32)
[LOCAL ZONE] Found newly touched conflict 153 at position (41,32)
[LOCAL ZONE] Found newly touched conflict 555 at position (41,32)
[LOCAL ZONE] Found newly touched conflict 1029 at position (41,39)
[LOCAL ZONE] Found newly touched conflict 5075 at position (41,39)
[LOCAL ZONE] Found newly touched conflict 930 at position (42,38)
[LOCAL ZONE] Found newly touched conflict 131 at position (43,34)
[LOCAL ZONE] Found newly touched conflict 5063 at position (43,34)
[LOCAL ZONE] Found newly touched conflict 5065 at position (43,34)
[LOCAL ZONE] Found newly touched conflict 162 at position (43,35)
[LOCAL ZONE] Found newly touched conflict 484 at position (43,54)
[LOCAL ZONE] Found newly touched conflict 455 at position (43,55)
[LOCAL ZONE] Found newly touched conflict 472 at position (43,55)
[LOCAL ZONE] Found newly touched conflict 205 at position (43,56)
[LOCAL ZONE] Found newly touched conflict 105 at position (44,34)
[LOCAL ZONE] Found newly touched conflict 446 at position (44,55)
[LOCAL ZONE] Found newly touched conflict 267 at position (20,28)
[LOCAL ZONE] Found newly touched conflict 298 at position (20,29)
[LOCAL ZONE] Found newly touched conflict 332 at position (20,30)
[LOCAL ZONE] Found newly touched conflict 15 at position (25,55)
[LOCAL ZONE] Found newly touched conflict 9 at position (26,55)
[LOCAL ZONE] Found newly touched conflict 3 at position (26,56)
[LOCAL ZONE] Found newly touched conflict 257 at position (42,37)
[LOCAL ZONE] Found newly touched conflict 190 at position (43,36)
[LOCAL ZONE] Found newly touched conflict 5076 at position (43,36)
[LOCAL ZONE] Found newly touched conflict 223 at position (43,37)
[LOCAL ZONE] Found newly touched conflict 816 at position (43,37)
[LOCAL ZONE] Found newly touched conflict 751 at position (44,37)
[LOCAL ZONE] Found newly touched conflict 451 at position (44,39)
[LOCAL ZONE] Found newly touched conflict 477 at position (44,40)
[LOCAL ZONE] Found newly touched conflict 178 at position (44,56)
[LOCAL ZONE] Found newly touched conflict 77 at position (45,34)
[LOCAL ZONE] Found newly touched conflict 444 at position (45,36)
[LOCAL ZONE] Found newly touched conflict 664 at position (45,36)
[LOCAL ZONE] Found newly touched conflict 417 at position (45,55)
[LOCAL ZONE] Found newly touched conflict 390 at position (45,56)
[LOCAL ZONE] Found newly touched conflict 393 at position (45,56)
[LOCAL ZONE] Found newly touched conflict 394 at position (45,56)
[LOCAL ZONE] Found newly touched conflict 123 at position (45,57)
[LOCAL ZONE] Found newly touched conflict 51 at position (46,34)
[LOCAL ZONE] Found newly touched conflict 376 at position (46,55)
[LOCAL ZONE] Found newly touched conflict 370 at position (46,56)
[LOCAL ZONE] Found newly touched conflict 31 at position (47,34)
[LOCAL ZONE] Found newly touched conflict 201 at position (47,34)
[LOCAL ZONE] Found newly touched conflict 337 at position (47,34)
[LOCAL ZONE] Found newly touched conflict 525 at position (47,34)
[LOCAL ZONE] Found newly touched conflict 352 at position (47,55)
[LOCAL ZONE] Found newly touched conflict 173 at position (20,25)
[LOCAL ZONE] Found newly touched conflict 199 at position (20,26)
[LOCAL ZONE] Found newly touched conflict 234 at position (20,27)
[LOCAL ZONE] Found newly touched conflict 503 at position (44,41)
[LOCAL ZONE] Found newly touched conflict 415 at position (46,36)
[LOCAL ZONE] Found newly touched conflict 618 at position (46,36)
[LOCAL ZONE] Found newly touched conflict 340 at position (46,57)
[LOCAL ZONE] Found newly touched conflict 550 at position (47,35)
[LOCAL ZONE] Found newly touched conflict 197 at position (47,56)
[LOCAL ZONE] Found newly touched conflict 315 at position (47,56)
[LOCAL ZONE] Found newly touched conflict 319 at position (47,56)
[LOCAL ZONE] Found newly touched conflict 320 at position (47,56)
[LOCAL ZONE] Found newly touched conflict 170 at position (47,57)
[LOCAL ZONE] Found newly touched conflict 283 at position (47,57)
[LOCAL ZONE] Found newly touched conflict 288 at position (47,57)
[LOCAL ZONE] Found newly touched conflict 289 at position (47,57)
[LOCAL ZONE] Found newly touched conflict 304 at position (47,57)
[LOCAL ZONE] Found newly touched conflict 308 at position (47,57)
[LOCAL ZONE] Found newly touched conflict 309 at position (47,57)
[LOCAL ZONE] Found newly touched conflict 17 at position (48,34)
[LOCAL ZONE] Found newly touched conflict 303 at position (48,34)
[LOCAL ZONE] Found newly touched conflict 497 at position (48,34)
[LOCAL ZONE] Found newly touched conflict 5073 at position (48,34)
[LOCAL ZONE] Found newly touched conflict 140 at position (48,57)
[LOCAL ZONE] Found newly touched conflict 249 at position (48,57)
[LOCAL ZONE] Found newly touched conflict 254 at position (48,57)
[LOCAL ZONE] Found newly touched conflict 255 at position (48,57)
[LOCAL ZONE] Found newly touched conflict 272 at position (48,57)
[LOCAL ZONE] Found newly touched conflict 275 at position (48,57)
[LOCAL ZONE] Found newly touched conflict 276 at position (48,57)
[LOCAL ZONE] Found newly touched conflict 10 at position (49,34)
[LOCAL ZONE] Found newly touched conflict 269 at position (49,34)
[LOCAL ZONE] Found newly touched conflict 270 at position (49,34)
[LOCAL ZONE] Found newly touched conflict 271 at position (49,34)
[LOCAL ZONE] Found newly touched conflict 470 at position (49,34)
[LOCAL ZONE] Found newly touched conflict 5074 at position (49,34)
[LOCAL ZONE] Found newly touched conflict 237 at position (49,35)
[LOCAL ZONE] Found newly touched conflict 300 at position (50,34)
[LOCAL ZONE] Found newly touched conflict 116 at position (20,23)
[LOCAL ZONE] Found newly touched conflict 143 at position (20,24)
[LOCAL ZONE] Found newly touched conflict 202 at position (49,36)
[LOCAL ZONE] Found newly touched conflict 175 at position (49,37)
[LOCAL ZONE] Found newly touched conflict 146 at position (49,38)
[LOCAL ZONE] Found newly touched conflict 113 at position (49,57)
[LOCAL ZONE] Found newly touched conflict 213 at position (49,57)
[LOCAL ZONE] Found newly touched conflict 219 at position (49,57)
[LOCAL ZONE] Found newly touched conflict 220 at position (49,57)
[LOCAL ZONE] Found newly touched conflict 238 at position (49,57)
[LOCAL ZONE] Found newly touched conflict 242 at position (49,57)
[LOCAL ZONE] Found newly touched conflict 243 at position (49,57)
[LOCAL ZONE] Found newly touched conflict 182 at position (50,57)
[LOCAL ZONE] Found newly touched conflict 186 at position (50,57)
[LOCAL ZONE] Found newly touched conflict 187 at position (50,57)
[LOCAL ZONE] Found newly touched conflict 207 at position (50,57)
[LOCAL ZONE] Found newly touched conflict 155 at position (51,57)
[LOCAL ZONE] Found newly touched conflict 158 at position (51,57)
[LOCAL ZONE] Found newly touched conflict 159 at position (51,57)
[LOCAL ZONE] Found newly touched conflict 179 at position (51,57)
[LOCAL ZONE] Found newly touched conflict 129 at position (52,57)
[LOCAL ZONE] Found newly touched conflict 150 at position (52,57)
[LOCAL ZONE] Found newly touched conflict 120 at position (49,39)
[LOCAL ZONE] Found newly touched conflict 94 at position (49,40)
[LOCAL ZONE] Found newly touched conflict 64 at position (49,41)
[LOCAL ZONE] Found newly touched conflict 103 at position (53,57)
[LOCAL ZONE] Found newly touched conflict 125 at position (53,57)
[LOCAL ZONE] Found newly touched conflict 75 at position (54,57)
[LOCAL ZONE] Found newly touched conflict 97 at position (54,57)
[LOCAL ZONE] Found newly touched conflict 49 at position (55,57)
[LOCAL ZONE] Found newly touched conflict 67 at position (55,57)
[LOCAL ZONE] Found newly touched conflict 40 at position (49,42)
[LOCAL ZONE] Found newly touched conflict 43 at position (56,57)
[LOCAL ZONE] Found newly touched conflict 24 at position (57,57)
[LOCAL ZONE] Found newly touched conflict 14 at position (58,57)
[LOCAL ZONE] Found newly touched conflict 0 at position (59,56)
[Solve_local_zone] Final expanded zone contains 1604 positions with 1950 conflicts 
[Solve_local_zone] New time window: [0, 55]
[Solve_local_zone] Current local zone size: 1604 (43.9934% of all walkable positions)
[Solve_local_zone] Local zone time window: [0, 55]
[Create_Local_problem] Agent 0 returned to the zone 1 times within time window
[Current_Solution] Agent 4 used 45 waiting timesteps, 134 remaining
[Current_Solution] Agent 5 used 27 waiting timesteps, 134 remaining
[Create_Local_problem] Agent 6 returned to the zone 1 times within time window
[Current_Solution] Agent 7 used 20 waiting timesteps, 134 remaining
[Create_Local_problem] Agent 9 returned to the zone 1 times within time window
[Create_Local_problem] Agent 11 returned to the zone 2 times within time window
[Create_Local_problem] Agent 13 returned to the zone 1 times within time window
[Create_Local_problem] Agent 14 returned to the zone 1 times within time window
[Create_Local_problem] Agent 25 returned to the zone 1 times within time window
[Create_Local_problem] Agent 33 returned to the zone 1 times within time window
[Current_Solution] Agent 35 used 42 waiting timesteps, 134 remaining
[Create_Local_problem] Agent 42 returned to the zone 2 times within time window
[Current_Solution] Agent 52 used 5 waiting timesteps, 134 remaining
[Create_Local_problem] Agent 53 returned to the zone 2 times within time window
[Create_Local_problem] Agent 56 returned to the zone 2 times within time window
[Create_Local_problem] Agent 59 returned to the zone 1 times within time window
[Create_Local_problem] Agent 62 returned to the zone 1 times within time window
[Current_Solution] Agent 73 used 28 waiting timesteps, 134 remaining
[Create_Local_problem] Agent 78 returned to the zone 2 times within time window
[Create_Local_problem] Agent 79 returned to the zone 2 times within time window
[Current_Solution] Agent 82 used 45 waiting timesteps, 134 remaining
[Create_Local_problem] Agent 88 returned to the zone 2 times within time window
[Create_Local_problem] Agent 89 returned to the zone 1 times within time window
[Create_Local_problem] Agent 90 returned to the zone 1 times within time window
[Create_Local_problem] Agent 91 returned to the zone 1 times within time window
[Current_Solution] Agent 91 used 23 waiting timesteps, 134 remaining
[Current_Solution] Agent 93 used 43 waiting timesteps, 134 remaining
[Create_Local_problem] Agent 101 returned to the zone 4 times within time window
[Current_Solution] Agent 101 used 28 waiting timesteps, 134 remaining
[Create_Local_problem] Agent 102 returned to the zone 1 times within time window
[Current_Solution] Agent 103 used 1 waiting timesteps, 134 remaining
[Create_Local_problem] Agent 105 returned to the zone 1 times within time window
[Create_Local_problem] Agent 106 returned to the zone 1 times within time window
[Current_Solution] Agent 108 used 22 waiting timesteps, 134 remaining
[Create_Local_problem] Agent 111 returned to the zone 1 times within time window
[Current_Solution] Agent 113 used 38 waiting timesteps, 134 remaining
[Current_Solution] Agent 116 used 43 waiting timesteps, 134 remaining
[Create_Local_problem] Agent 126 returned to the zone 1 times within time window
[Create_Local_problem] Agent 130 returned to the zone 1 times within time window
[Create_Local_problem] Agent 133 returned to the zone 2 times within time window
[Current_Solution] Agent 138 used 14 waiting timesteps, 134 remaining
[Current_Solution] Agent 140 used 20 waiting timesteps, 134 remaining
[Create_Local_problem] Agent 141 returned to the zone 1 times within time window
[Create_Local_problem] Agent 142 returned to the zone 1 times within time window
[Current_Solution] Agent 147 used 24 waiting timesteps, 134 remaining
[Create_Local_problem] Agent 152 returned to the zone 2 times within time window
[Create_Local_problem] Agent 153 returned to the zone 1 times within time window
[Current_Solution] Agent 153 used 51 waiting timesteps, 134 remaining
[Create_Local_problem] Agent 155 returned to the zone 1 times within time window
[Current_Solution] Agent 155 used 9 waiting timesteps, 134 remaining
[Current_Solution] Agent 157 used 43 waiting timesteps, 134 remaining
[Create_Local_problem] Agent 165 returned to the zone 1 times within time window
[Current_Solution] Agent 166 used 21 waiting timesteps, 134 remaining
[Current_Solution] Agent 168 used 11 waiting timesteps, 134 remaining
[Create_Local_problem] Agent 173 returned to the zone 1 times within time window
[Current_Solution] Agent 174 used 32 waiting timesteps, 134 remaining
[Create_Local_problem] Agent 176 returned to the zone 1 times within time window
[Current_Solution] Agent 180 used 46 waiting timesteps, 134 remaining
[Current_Solution] Agent 182 used 1 waiting timesteps, 134 remaining
[Current_Solution] Agent 187 used 39 waiting timesteps, 134 remaining
[Create_Local_problem] Agent 188 returned to the zone 1 times within time window
[Create_Local_problem] Agent 191 returned to the zone 2 times within time window
[Current_Solution] Agent 195 used 28 waiting timesteps, 134 remaining
[Current_Solution] Agent 196 used 41 waiting timesteps, 134 remaining
[Current_Solution] Agent 197 used 47 waiting timesteps, 134 remaining
[Waiting_time_Solve] Agent 0 has waiting time 87
[Waiting_time_Solve] Agent 1 has waiting time 57
[Waiting_time_Solve] Agent 2 has waiting time 107
[Waiting_time_Solve] Agent 3 has waiting time 11
[Waiting_time_Solve] Agent 4 has waiting time 134
[Waiting_time_Solve] Agent 5 has waiting time 134
[Waiting_time_Solve] Agent 6 has waiting time 97
[Waiting_time_Solve] Agent 7 has waiting time 134
[Waiting_time_Solve] Agent 8 has waiting time 74
[Waiting_time_Solve] Agent 9 has waiting time 3
[Waiting_time_Solve] Agent 10 has waiting time 0
[Waiting_time_Solve] Agent 11 has waiting time 117
[Waiting_time_Solve] Agent 12 has waiting time 120
[Waiting_time_Solve] Agent 13 has waiting time 2
[Waiting_time_Solve] Agent 14 has waiting time 107
[Waiting_time_Solve] Agent 15 has waiting time 164
[Waiting_time_Solve] Agent 16 has waiting time 165
[Waiting_time_Solve] Agent 17 has waiting time 170
[Waiting_time_Solve] Agent 18 has waiting time 116
[Waiting_time_Solve] Agent 19 has waiting time 103
[Waiting_time_Solve] Agent 20 has waiting time 25
[Waiting_time_Solve] Agent 21 has waiting time 92
[Waiting_time_Solve] Agent 22 has waiting time 117
[Waiting_time_Solve] Agent 23 has waiting time 88
[Waiting_time_Solve] Agent 24 has waiting time 117
[Waiting_time_Solve] Agent 25 has waiting time 160
[Waiting_time_Solve] Agent 26 has waiting time 74
[Waiting_time_Solve] Agent 27 has waiting time 27
[Waiting_time_Solve] Agent 28 has waiting time 114
[Waiting_time_Solve] Agent 29 has waiting time 65
[Waiting_time_Solve] Agent 30 has waiting time 8
[Waiting_time_Solve] Agent 31 has waiting time 10
[Waiting_time_Solve] Agent 32 has waiting time 100
[Waiting_time_Solve] Agent 33 has waiting time 134
[Waiting_time_Solve] Agent 34 has waiting time 27
[Waiting_time_Solve] Agent 35 has waiting time 134
[Waiting_time_Solve] Agent 36 has waiting time 61
[Waiting_time_Solve] Agent 37 has waiting time 82
[Waiting_time_Solve] Agent 38 has waiting time 11
[Waiting_time_Solve] Agent 39 has waiting time 55
[Waiting_time_Solve] Agent 40 has waiting time 40
[Waiting_time_Solve] Agent 41 has waiting time 116
[Waiting_time_Solve] Agent 42 has waiting time 119
[Waiting_time_Solve] Agent 43 has waiting time 129
[Waiting_time_Solve] Agent 44 has waiting time 178
[Waiting_time_Solve] Agent 45 has waiting time 0
[Waiting_time_Solve] Agent 46 has waiting time 116
[Waiting_time_Solve] Agent 47 has waiting time 10
[Waiting_time_Solve] Agent 48 has waiting time 178
[Waiting_time_Solve] Agent 49 has waiting time 37
[Waiting_time_Solve] Agent 50 has waiting time 47
[Waiting_time_Solve] Agent 51 has waiting time 183
[Waiting_time_Solve] Agent 52 has waiting time 134
[Waiting_time_Solve] Agent 53 has waiting time 29
[Waiting_time_Solve] Agent 54 has waiting time 115
[Waiting_time_Solve] Agent 55 has waiting time 177
[Waiting_time_Solve] Agent 56 has waiting time 21
[Waiting_time_Solve] Agent 57 has waiting time 111
[Waiting_time_Solve] Agent 58 has waiting time 45
[Waiting_time_Solve] Agent 59 has waiting time 103
[Waiting_time_Solve] Agent 60 has waiting time 93
[Waiting_time_Solve] Agent 61 has waiting time 113
[Waiting_time_Solve] Agent 62 has waiting time 147
[Waiting_time_Solve] Agent 63 has waiting time 134
[Waiting_time_Solve] Agent 64 has waiting time 117
[Waiting_time_Solve] Agent 65 has waiting time 35
[Waiting_time_Solve] Agent 66 has waiting time 106
[Waiting_time_Solve] Agent 67 has waiting time 41
[Waiting_time_Solve] Agent 68 has waiting time 78
[Waiting_time_Solve] Agent 69 has waiting time 67
[Waiting_time_Solve] Agent 70 has waiting time 135
[Waiting_time_Solve] Agent 71 has waiting time 57
[Waiting_time_Solve] Agent 72 has waiting time 60
[Waiting_time_Solve] Agent 73 has waiting time 134
[Waiting_time_Solve] Agent 74 has waiting time 188
[Waiting_time_Solve] Agent 75 has waiting time 65
[Waiting_time_Solve] Agent 76 has waiting time 46
[Waiting_time_Solve] Agent 77 has waiting time 117
[Waiting_time_Solve] Agent 78 has waiting time 115
[Waiting_time_Solve] Agent 79 has waiting time 21
[Waiting_time_Solve] Agent 80 has waiting time 5
[Waiting_time_Solve] Agent 81 has waiting time 138
[Waiting_time_Solve] Agent 82 has waiting time 134
[Waiting_time_Solve] Agent 83 has waiting time 39
[Waiting_time_Solve] Agent 84 has waiting time 85
[Waiting_time_Solve] Agent 85 has waiting time 134
[Waiting_time_Solve] Agent 86 has waiting time 152
[Waiting_time_Solve] Agent 87 has waiting time 88
[Waiting_time_Solve] Agent 88 has waiting time 95
[Waiting_time_Solve] Agent 89 has waiting time 125
[Waiting_time_Solve] Agent 90 has waiting time 82
[Waiting_time_Solve] Agent 91 has waiting time 134
[Waiting_time_Solve] Agent 92 has waiting time 124
[Waiting_time_Solve] Agent 93 has waiting time 134
[Waiting_time_Solve] Agent 94 has waiting time 17
[Waiting_time_Solve] Agent 95 has waiting time 123
[Waiting_time_Solve] Agent 96 has waiting time 90
[Waiting_time_Solve] Agent 97 has waiting time 65
[Waiting_time_Solve] Agent 98 has waiting time 32
[Waiting_time_Solve] Agent 99 has waiting time 65
[Waiting_time_Solve] Agent 100 has waiting time 27
[Waiting_time_Solve] Agent 101 has waiting time 134
[Waiting_time_Solve] Agent 102 has waiting time 50
[Waiting_time_Solve] Agent 103 has waiting time 134
[Waiting_time_Solve] Agent 104 has waiting time 187
[Waiting_time_Solve] Agent 105 has waiting time 89
[Waiting_time_Solve] Agent 106 has waiting time 139
[Waiting_time_Solve] Agent 107 has waiting time 167
[Waiting_time_Solve] Agent 108 has waiting time 134
[Waiting_time_Solve] Agent 109 has waiting time 31
[Waiting_time_Solve] Agent 110 has waiting time 65
[Waiting_time_Solve] Agent 111 has waiting time 60
[Waiting_time_Solve] Agent 112 has waiting time 44
[Waiting_time_Solve] Agent 113 has waiting time 134
[Waiting_time_Solve] Agent 114 has waiting time 12
[Waiting_time_Solve] Agent 115 has waiting time 127
[Waiting_time_Solve] Agent 116 has waiting time 134
[Waiting_time_Solve] Agent 117 has waiting time 46
[Waiting_time_Solve] Agent 118 has waiting time 7
[Waiting_time_Solve] Agent 119 has waiting time 107
[Waiting_time_Solve] Agent 120 has waiting time 75
[Waiting_time_Solve] Agent 121 has waiting time 135
[Waiting_time_Solve] Agent 122 has waiting time 88
[Waiting_time_Solve] Agent 123 has waiting time 36
[Waiting_time_Solve] Agent 124 has waiting time 18
[Waiting_time_Solve] Agent 125 has waiting time 68
[Waiting_time_Solve] Agent 126 has waiting time 92
[Waiting_time_Solve] Agent 127 has waiting time 59
[Waiting_time_Solve] Agent 128 has waiting time 149
[Waiting_time_Solve] Agent 129 has waiting time 33
[Waiting_time_Solve] Agent 130 has waiting time 54
[Waiting_time_Solve] Agent 131 has waiting time 32
[Waiting_time_Solve] Agent 132 has waiting time 186
[Waiting_time_Solve] Agent 133 has waiting time 79
[Waiting_time_Solve] Agent 134 has waiting time 17
[Waiting_time_Solve] Agent 135 has waiting time 82
[Waiting_time_Solve] Agent 136 has waiting time 73
[Waiting_time_Solve] Agent 137 has waiting time 160
[Waiting_time_Solve] Agent 138 has waiting time 134
[Waiting_time_Solve] Agent 139 has waiting time 171
[Waiting_time_Solve] Agent 140 has waiting time 134
[Waiting_time_Solve] Agent 141 has waiting time 96
[Waiting_time_Solve] Agent 142 has waiting time 37
[Waiting_time_Solve] Agent 143 has waiting time 63
[Waiting_time_Solve] Agent 144 has waiting time 32
[Waiting_time_Solve] Agent 145 has waiting time 182
[Waiting_time_Solve] Agent 146 has waiting time 129
[Waiting_time_Solve] Agent 147 has waiting time 134
[Waiting_time_Solve] Agent 148 has waiting time 8
[Waiting_time_Solve] Agent 149 has waiting time 132
[Waiting_time_Solve] Agent 150 has waiting time 51
[Waiting_time_Solve] Agent 151 has waiting time 105
[Waiting_time_Solve] Agent 152 has waiting time 34
[Waiting_time_Solve] Agent 153 has waiting time 134
[Waiting_time_Solve] Agent 154 has waiting time 17
[Waiting_time_Solve] Agent 155 has waiting time 134
[Waiting_time_Solve] Agent 156 has waiting time 169
[Waiting_time_Solve] Agent 157 has waiting time 134
[Waiting_time_Solve] Agent 158 has waiting time 12
[Waiting_time_Solve] Agent 159 has waiting time 77
[Waiting_time_Solve] Agent 160 has waiting time 132
[Waiting_time_Solve] Agent 161 has waiting time 21
[Waiting_time_Solve] Agent 162 has waiting time 26
[Waiting_time_Solve] Agent 163 has waiting time 137
[Waiting_time_Solve] Agent 164 has waiting time 78
[Waiting_time_Solve] Agent 165 has waiting time 57
[Waiting_time_Solve] Agent 166 has waiting time 134
[Waiting_time_Solve] Agent 167 has waiting time 148
[Waiting_time_Solve] Agent 168 has waiting time 134
[Waiting_time_Solve] Agent 169 has waiting time 4
[Waiting_time_Solve] Agent 170 has waiting time 133
[Waiting_time_Solve] Agent 171 has waiting time 2
[Waiting_time_Solve] Agent 172 has waiting time 84
[Waiting_time_Solve] Agent 173 has waiting time 109
[Waiting_time_Solve] Agent 174 has waiting time 134
[Waiting_time_Solve] Agent 175 has waiting time 3
[Waiting_time_Solve] Agent 176 has waiting time 114
[Waiting_time_Solve] Agent 177 has waiting time 40
[Waiting_time_Solve] Agent 178 has waiting time 85
[Waiting_time_Solve] Agent 179 has waiting time 11
[Waiting_time_Solve] Agent 180 has waiting time 134
[Waiting_time_Solve] Agent 181 has waiting time 70
[Waiting_time_Solve] Agent 182 has waiting time 134
[Waiting_time_Solve] Agent 183 has waiting time 83
[Waiting_time_Solve] Agent 184 has waiting time 20
[Waiting_time_Solve] Agent 185 has waiting time 42
[Waiting_time_Solve] Agent 186 has waiting time 42
[Waiting_time_Solve] Agent 187 has waiting time 134
[Waiting_time_Solve] Agent 188 has waiting time 132
[Waiting_time_Solve] Agent 189 has waiting time 44
[Waiting_time_Solve] Agent 190 has waiting time 32
[Waiting_time_Solve] Agent 191 has waiting time 92
[Waiting_time_Solve] Agent 192 has waiting time 43
[Waiting_time_Solve] Agent 193 has waiting time 36
[Waiting_time_Solve] Agent 194 has waiting time 85
[Waiting_time_Solve] Agent 195 has waiting time 134
[Waiting_time_Solve] Agent 196 has waiting time 134
[Waiting_time_Solve] Agent 197 has waiting time 134
[Waiting_time_Solve] Agent 198 has waiting time 23
[Waiting_time_Solve] Agent 199 has waiting time 118
[Waiting_time_Solve] Total available waiting time: 17656
[Waiting_time_Solve] Max iterations: 17656
[Waiting_time_Solve] Iteration 0...
[Waiting_time_Solve] Agent 191 pseudo agents: 248 249 
[Waiting_time_Solve] Agent 188 pseudo agents: 247 
[Waiting_time_Solve] Agent 176 pseudo agents: 246 
[Waiting_time_Solve] Agent 173 pseudo agents: 245 
[Waiting_time_Solve] Agent 165 pseudo agents: 244 
[Waiting_time_Solve] Agent 155 pseudo agents: 243 
[Waiting_time_Solve] Agent 153 pseudo agents: 242 
[Waiting_time_Solve] Agent 152 pseudo agents: 240 241 
[Waiting_time_Solve] Agent 142 pseudo agents: 239 
[Waiting_time_Solve] Agent 141 pseudo agents: 238 
[Waiting_time_Solve] Agent 56 pseudo agents: 213 214 
[Waiting_time_Solve] Agent 53 pseudo agents: 211 212 
[Waiting_time_Solve] Agent 42 pseudo agents: 209 210 
[Waiting_time_Solve] Agent 33 pseudo agents: 208 
[Waiting_time_Solve] Agent 11 pseudo agents: 203 204 
[Waiting_time_Solve] Agent 9 pseudo agents: 202 
[Waiting_time_Solve] Agent 6 pseudo agents: 201 
[Waiting_time_Solve] Agent 133 pseudo agents: 236 237 
[Waiting_time_Solve] Agent 62 pseudo agents: 216 
[Waiting_time_Solve] Agent 130 pseudo agents: 235 
[Waiting_time_Solve] Agent 59 pseudo agents: 215 
[Waiting_time_Solve] Agent 0 pseudo agents: 200 
[Waiting_time_Solve] Agent 13 pseudo agents: 205 
[Waiting_time_Solve] Agent 14 pseudo agents: 206 
[Waiting_time_Solve] Agent 25 pseudo agents: 207 
[Waiting_time_Solve] Agent 78 pseudo agents: 217 218 
[Waiting_time_Solve] Agent 79 pseudo agents: 219 220 
[Waiting_time_Solve] Agent 88 pseudo agents: 221 222 
[Waiting_time_Solve] Agent 89 pseudo agents: 223 
[Waiting_time_Solve] Agent 90 pseudo agents: 224 
[Waiting_time_Solve] Agent 91 pseudo agents: 225 
[Waiting_time_Solve] Agent 101 pseudo agents: 226 227 228 229 
[Waiting_time_Solve] Agent 102 pseudo agents: 230 
[Waiting_time_Solve] Agent 105 pseudo agents: 231 
[Waiting_time_Solve] Agent 106 pseudo agents: 232 
[Waiting_time_Solve] Agent 111 pseudo agents: 233 
[Waiting_time_Solve] Agent 126 pseudo agents: 234 
[SAT] Start solving CNF: 25560425 clauses and 228808 variables
[SAT] Agent 199 entry time: 0 exit time: 55
[SAT] Agent 198 entry time: 11 exit time: 55
[SAT] Agent 197 entry time: 0 exit time: 55
[SAT] Agent 196 entry time: 1 exit time: 55
[SAT] Agent 195 entry time: 4 exit time: 55
[SAT] Agent 194 entry time: 0 exit time: 55
[SAT] Agent 193 entry time: 1 exit time: 55
[SAT] Agent 192 entry time: 18 exit time: 55
[SAT] Agent 249 entry time: 43 exit time: 55
[SAT] Agent 248 entry time: 21 exit time: 37
[SAT] Agent 191 entry time: 4 exit time: 15
[SAT] Agent 190 entry time: 0 exit time: 55
[SAT] Agent 189 entry time: 1 exit time: 55
[SAT] Agent 247 entry time: 38 exit time: 55
[SAT] Agent 188 entry time: 12 exit time: 31
[SAT] Agent 187 entry time: 4 exit time: 55
[SAT] Agent 186 entry time: 14 exit time: 55
[SAT] Agent 185 entry time: 0 exit time: 55
[SAT] Agent 184 entry time: 7 exit time: 55
[SAT] Agent 183 entry time: 0 exit time: 55
[SAT] Agent 182 entry time: 4 exit time: 55
[SAT] Agent 181 entry time: 7 exit time: 55
[SAT] Agent 180 entry time: 3 exit time: 55
[SAT] Agent 179 entry time: 10 exit time: 55
[SAT] Agent 178 entry time: 28 exit time: 55
[SAT] Agent 177 entry time: 7 exit time: 55
[SAT] Agent 246 entry time: 14 exit time: 55
[SAT] Agent 176 entry time: 0 exit time: 9
[SAT] Agent 175 entry time: 7 exit time: 55
[SAT] Agent 174 entry time: 7 exit time: 55
[SAT] Agent 245 entry time: 52 exit time: 52
[SAT] Agent 173 entry time: 0 exit time: 50
[SAT] Agent 172 entry time: 2 exit time: 55
[SAT] Agent 171 entry time: 3 exit time: 55
[SAT] Agent 170 entry time: 10 exit time: 53
[SAT] Agent 169 entry time: 8 exit time: 55
[SAT] Agent 168 entry time: 10 exit time: 55
[SAT] Agent 167 entry time: 0 exit time: 36
[SAT] Agent 166 entry time: 7 exit time: 55
[SAT] Agent 244 entry time: 48 exit time: 55
[SAT] Agent 165 entry time: 0 exit time: 46
[SAT] Agent 164 entry time: 1 exit time: 55
[SAT] Agent 163 entry time: 0 exit time: 46
[SAT] Agent 162 entry time: 14 exit time: 55
[SAT] Agent 161 entry time: 5 exit time: 55
[SAT] Agent 160 entry time: 0 exit time: 52
[SAT] Agent 159 entry time: 24 exit time: 54
[SAT] Agent 158 entry time: 3 exit time: 55
[SAT] Agent 157 entry time: 0 exit time: 55
[SAT] Agent 156 entry time: 0 exit time: 19
[SAT] Agent 243 entry time: 12 exit time: 55
[SAT] Agent 155 entry time: 0 exit time: 7
[SAT] Agent 154 entry time: 11 exit time: 55
[SAT] Agent 242 entry time: 2 exit time: 55
[SAT] Agent 153 entry time: 0 exit time: 0
[SAT] Agent 241 entry time: 22 exit time: 55
[SAT] Agent 240 entry time: 19 exit time: 19
[SAT] Agent 152 entry time: 3 exit time: 16
[SAT] Agent 151 entry time: 6 exit time: 55
[SAT] Agent 150 entry time: 3 exit time: 55
[SAT] Agent 149 entry time: 0 exit time: 49
[SAT] Agent 148 entry time: 0 exit time: 55
[SAT] Agent 147 entry time: 0 exit time: 55
[SAT] Agent 146 entry time: 1 exit time: 55
[SAT] Agent 144 entry time: 7 exit time: 55
[SAT] Agent 143 entry time: 8 exit time: 55
[SAT] Agent 239 entry time: 39 exit time: 55
[SAT] Agent 142 entry time: 13 exit time: 34
[SAT] Agent 238 entry time: 44 exit time: 55
[SAT] Agent 141 entry time: 15 exit time: 39
[SAT] Agent 140 entry time: 7 exit time: 55
[SAT] Agent 138 entry time: 0 exit time: 55
[SAT] Agent 137 entry time: 2 exit time: 23
[SAT] Agent 136 entry time: 7 exit time: 55
[SAT] Agent 135 entry time: 0 exit time: 55
[SAT] Agent 134 entry time: 0 exit time: 55
[SAT] Agent 237 entry time: 16 exit time: 55
[SAT] Agent 236 entry time: 12 exit time: 12
[SAT] Agent 133 entry time: 0 exit time: 10
[SAT] Agent 131 entry time: 11 exit time: 55
[SAT] Agent 235 entry time: 37 exit time: 55
[SAT] Agent 130 entry time: 4 exit time: 30
[SAT] Agent 129 entry time: 6 exit time: 55
[SAT] Agent 128 entry time: 0 exit time: 22
[SAT] Agent 127 entry time: 14 exit time: 55
[SAT] Agent 234 entry time: 37 exit time: 54
[SAT] Agent 126 entry time: 0 exit time: 34
[SAT] Agent 125 entry time: 0 exit time: 55
[SAT] Agent 124 entry time: 4 exit time: 55
[SAT] Agent 123 entry time: 5 exit time: 55
[SAT] Agent 122 entry time: 0 exit time: 55
[SAT] Agent 121 entry time: 3 exit time: 26
[SAT] Agent 120 entry time: 2 exit time: 55
[SAT] Agent 119 entry time: 0 exit time: 55
[SAT] Agent 118 entry time: 8 exit time: 55
[SAT] Agent 117 entry time: 0 exit time: 55
[SAT] Agent 116 entry time: 0 exit time: 55
[SAT] Agent 115 entry time: 1 exit time: 45
[SAT] Agent 114 entry time: 5 exit time: 55
[SAT] Agent 113 entry time: 0 exit time: 55
[SAT] Agent 112 entry time: 1 exit time: 55
[SAT] Agent 233 entry time: 33 exit time: 55
[SAT] Agent 111 entry time: 0 exit time: 28
[SAT] Agent 110 entry time: 21 exit time: 54
[SAT] Agent 109 entry time: 4 exit time: 55
[SAT] Agent 108 entry time: 7 exit time: 55
[SAT] Agent 107 entry time: 0 exit time: 12
[SAT] Agent 232 entry time: 12 exit time: 49
[SAT] Agent 106 entry time: 6 exit time: 7
[SAT] Agent 231 entry time: 44 exit time: 55
[SAT] Agent 105 entry time: 0 exit time: 40
[SAT] Agent 104 entry time: 0 exit time: 0
[SAT] Agent 103 entry time: 0 exit time: 55
[SAT] Agent 230 entry time: 42 exit time: 55
[SAT] Agent 50 entry time: 0 exit time: 55
[SAT] Agent 49 entry time: 0 exit time: 55
[SAT] Agent 47 entry time: 4 exit time: 55
[SAT] Agent 46 entry time: 0 exit time: 55
[SAT] Agent 45 entry time: 4 exit time: 55
[SAT] Agent 43 entry time: 2 exit time: 55
[SAT] Agent 42 entry time: 4 exit time: 21
[SAT] Agent 41 entry time: 0 exit time: 55
[SAT] Agent 40 entry time: 6 exit time: 55
[SAT] Agent 39 entry time: 0 exit time: 55
[SAT] Agent 38 entry time: 9 exit time: 55
[SAT] Agent 37 entry time: 0 exit time: 55
[SAT] Agent 36 entry time: 0 exit time: 52
[SAT] Agent 35 entry time: 0 exit time: 55
[SAT] Agent 34 entry time: 12 exit time: 55
[SAT] Agent 210 entry time: 46 exit time: 55
[SAT] Agent 83 entry time: 14 exit time: 55
[SAT] Agent 33 entry time: 1 exit time: 29
[SAT] Agent 209 entry time: 24 exit time: 39
[SAT] Agent 82 entry time: 0 exit time: 55
[SAT] Agent 32 entry time: 1 exit time: 55
[SAT] Agent 208 entry time: 36 exit time: 55
[SAT] Agent 81 entry time: 0 exit time: 45
[SAT] Agent 31 entry time: 10 exit time: 55
[SAT] Agent 30 entry time: 3 exit time: 55
[SAT] Agent 207 entry time: 15 exit time: 26
[SAT] Agent 80 entry time: 1 exit time: 55
[SAT] Agent 9 entry time: 0 exit time: 25
[SAT] Agent 8 entry time: 2 exit time: 55
[SAT] Agent 25 entry time: 0 exit time: 6
[SAT] Agent 202 entry time: 36 exit time: 55
[SAT] Agent 75 entry time: 0 exit time: 55
[SAT] Agent 7 entry time: 0 exit time: 55
[SAT] Agent 24 entry time: 0 exit time: 55
[SAT] Agent 201 entry time: 7 exit time: 55
[SAT] Agent 6 entry time: 5 exit time: 5
[SAT] Agent 4 entry time: 0 exit time: 55
[SAT] Agent 3 entry time: 0 exit time: 55
[SAT] Agent 29 entry time: 0 exit time: 50
[SAT] Agent 206 entry time: 21 exit time: 55
[SAT] Agent 79 entry time: 0 exit time: 24
[SAT] Agent 2 entry time: 5 exit time: 55
[SAT] Agent 28 entry time: 0 exit time: 55
[SAT] Agent 205 entry time: 12 exit time: 55
[SAT] Agent 78 entry time: 12 exit time: 12
[SAT] Agent 1 entry time: 0 exit time: 55
[SAT] Agent 27 entry time: 3 exit time: 55
[SAT] Agent 204 entry time: 41 exit time: 55
[SAT] Agent 77 entry time: 8 exit time: 55
[SAT] Agent 5 entry time: 0 exit time: 55
[SAT] Agent 23 entry time: 0 exit time: 55
[SAT] Agent 200 entry time: 45 exit time: 55
[SAT] Agent 73 entry time: 11 exit time: 55
[SAT] Agent 0 entry time: 10 exit time: 38
[SAT] Agent 26 entry time: 0 exit time: 55
[SAT] Agent 203 entry time: 20 exit time: 39
[SAT] Agent 76 entry time: 7 exit time: 55
[SAT] Agent 10 entry time: 21 exit time: 55
[SAT] Agent 11 entry time: 0 exit time: 12
[SAT] Agent 12 entry time: 0 exit time: 55
[SAT] Agent 13 entry time: 8 exit time: 8
[SAT] Agent 14 entry time: 0 exit time: 16
[SAT] Agent 15 entry time: 0 exit time: 14
[SAT] Agent 16 entry time: 5 exit time: 18
[SAT] Agent 18 entry time: 3 exit time: 55
[SAT] Agent 19 entry time: 13 exit time: 55
[SAT] Agent 20 entry time: 0 exit time: 55
[SAT] Agent 21 entry time: 3 exit time: 55
[SAT] Agent 22 entry time: 6 exit time: 55
[SAT] Agent 52 entry time: 0 exit time: 55
[SAT] Agent 53 entry time: 1 exit time: 2
[SAT] Agent 211 entry time: 5 exit time: 7
[SAT] Agent 84 entry time: 23 exit time: 55
[SAT] Agent 212 entry time: 10 exit time: 55
[SAT] Agent 85 entry time: 11 exit time: 54
[SAT] Agent 54 entry time: 4 exit time: 55
[SAT] Agent 56 entry time: 1 exit time: 21
[SAT] Agent 213 entry time: 23 exit time: 23
[SAT] Agent 86 entry time: 0 exit time: 34
[SAT] Agent 214 entry time: 25 exit time: 55
[SAT] Agent 87 entry time: 0 exit time: 55
[SAT] Agent 57 entry time: 0 exit time: 55
[SAT] Agent 58 entry time: 1 exit time: 55
[SAT] Agent 59 entry time: 0 exit time: 9
[SAT] Agent 215 entry time: 17 exit time: 55
[SAT] Agent 88 entry time: 0 exit time: 0
[SAT] Agent 60 entry time: 0 exit time: 55
[SAT] Agent 61 entry time: 0 exit time: 55
[SAT] Agent 62 entry time: 6 exit time: 26
[SAT] Agent 216 entry time: 30 exit time: 41
[SAT] Agent 89 entry time: 0 exit time: 40
[SAT] Agent 63 entry time: 19 exit time: 55
[SAT] Agent 64 entry time: 10 exit time: 55
[SAT] Agent 65 entry time: 7 exit time: 55
[SAT] Agent 66 entry time: 6 exit time: 55
[SAT] Agent 67 entry time: 0 exit time: 55
[SAT] Agent 68 entry time: 2 exit time: 55
[SAT] Agent 69 entry time: 10 exit time: 55
[SAT] Agent 70 entry time: 0 exit time: 30
[SAT] Agent 71 entry time: 1 exit time: 55
[SAT] Agent 72 entry time: 4 exit time: 55
[SAT] Agent 217 entry time: 14 exit time: 43
[SAT] Agent 90 entry time: 0 exit time: 46
[SAT] Agent 218 entry time: 49 exit time: 55
[SAT] Agent 91 entry time: 0 exit time: 6
[SAT] Agent 219 entry time: 27 exit time: 27
[SAT] Agent 92 entry time: 0 exit time: 55
[SAT] Agent 220 entry time: 30 exit time: 55
[SAT] Agent 93 entry time: 8 exit time: 55
[SAT] Agent 221 entry time: 2 exit time: 33
[SAT] Agent 94 entry time: 1 exit time: 55
[SAT] Agent 222 entry time: 35 exit time: 55
[SAT] Agent 95 entry time: 6 exit time: 55
[SAT] Agent 223 entry time: 42 exit time: 55
[SAT] Agent 96 entry time: 3 exit time: 55
[SAT] Agent 224 entry time: 51 exit time: 55
[SAT] Agent 97 entry time: 0 exit time: 55
[SAT] Agent 225 entry time: 14 exit time: 55
[SAT] Agent 98 entry time: 0 exit time: 55
[SAT] Agent 99 entry time: 0 exit time: 55
[SAT] Agent 226 entry time: 3 exit time: 3
[SAT] Agent 100 entry time: 0 exit time: 55
[SAT] Agent 227 entry time: 5 exit time: 5
[SAT] Agent 101 entry time: 0 exit time: 1
[SAT] Agent 228 entry time: 7 exit time: 7
[SAT] Agent 229 entry time: 14 exit time: 55
[SAT] Agent 102 entry time: 0 exit time: 36

[SAT] Start time: 0 End time: 55

[SAT] Solving local zone with SAT iteration 1...
[SAT] Local CNF: 25560425 clauses 

DEBUG: Adding 25560425 new clauses to MiniSAT (incremental run)
DEBUG: Clause load summary: input=25560425, added=25560425, tautologies_skipped=0, duplicates_skipped=0, unit_clauses=1975, empties=0, intra_clause_literals_removed=0, added_but_db_unchanged=2243
DEBUG: After adding clauses, solver has 25556207 clauses and 228808 variables
DEBUG: MiniSAT found 228808 variables
DEBUG: Assignment size: 228808
DEBUG: First few assignment values: 1 0 1 0 1 0 1 0 1 0 

=== DEBUG: cnf_assignment_to_paths ===
Input assignment size: 228808

=== END DEBUG ===
[SAT] Found 2687 vertex collisions and 182 edge collisions
[SAT] Adding collision clauses and solving again...
[SAT] Solving local zone with SAT iteration 2...
[SAT] Local CNF: 25563294 clauses 

DEBUG: Adding 2869 new clauses to MiniSAT (incremental run)
[SAT] Previous assignment invalidated by new clauses, reset solver and retrying without assumptions...
DEBUG: Adding 25563294 new clauses to MiniSAT (incremental run)
[SAT] Local problem appears to be unsatisfiable in current zone
[Waiting_time_Solve] No solution found, trying to apply waiting time:1
[Waiting_time_Solve] Applying waiting time 1 to agent 2 who has waiting time 107
[Waiting_time_Solve] New path is consistent after applying waiting time for agent 2
[Current_Solution] Agent 2 used 1 waiting timesteps, 106 remaining
[Waiting_time_Solve] Applied 1 waiting time  for agent 2 who has waiting time 106
[Waiting_time_Solve] Applying waiting time 1 to agent 77 who has waiting time 117
[Waiting_time_Solve] New path is consistent after applying waiting time for agent 77
[Current_Solution] Agent 77 used 1 waiting timesteps, 116 remaining
[Waiting_time_Solve] Applied 1 waiting time  for agent 77 who has waiting time 116
[Waiting_time_Solve] Applying waiting time 1 to agent 3 who has waiting time 11
[Waiting_time_Solve] New path is consistent after applying waiting time for agent 3
[Current_Solution] Agent 3 used 1 waiting timesteps, 10 remaining
[Waiting_time_Solve] Applied 1 waiting time  for agent 3 who has waiting time 10
[Waiting_time_Solve] Applying waiting time 1 to agent 7 who has waiting time 134
[Current_Solution] Agent 7 used 1 waiting timesteps, 133 remaining
[Waiting_time_Solve] New path is consistent after applying waiting time for agent 7
[Current_Solution] Agent 7 used 1 waiting timesteps, 132 remaining
[Waiting_time_Solve] Applied 1 waiting time  for agent 7 who has waiting time 132
[Waiting_time_Solve] Applying waiting time 1 to agent 12 who has waiting time 120
[Waiting_time_Solve] New path is consistent after applying waiting time for agent 12
[Current_Solution] Agent 12 used 1 waiting timesteps, 119 remaining
[Waiting_time_Solve] Applied 1 waiting time  for agent 12 who has waiting time 119
[Waiting_time_Solve] Applying waiting time 1 to agent 18 who has waiting time 116
[Waiting_time_Solve] New path is consistent after applying waiting time for agent 18
[Current_Solution] Agent 18 used 1 waiting timesteps, 115 remaining
[Waiting_time_Solve] Applied 1 waiting time  for agent 18 who has waiting time 115
[Waiting_time_Solve] Applying waiting time 1 to agent 19 who has waiting time 103
[Waiting_time_Solve] New path is consistent after applying waiting time for agent 19
[Current_Solution] Agent 19 used 1 waiting timesteps, 102 remaining
[Waiting_time_Solve] Applied 1 waiting time  for agent 19 who has waiting time 102
[Waiting_time_Solve] Applying waiting time 1 to agent 73 who has waiting time 134
[Current_Solution] Agent 73 used 1 waiting timesteps, 133 remaining
[Waiting_time_Solve] New path is consistent after applying waiting time for agent 73
[Current_Solution] Agent 73 used 1 waiting timesteps, 132 remaining
[Waiting_time_Solve] Applied 1 waiting time  for agent 73 who has waiting time 132
[Waiting_time_Solve] Applying waiting time 1 to agent 20 who has waiting time 25
[Waiting_time_Solve] New path is consistent after applying waiting time for agent 20
[Current_Solution] Agent 20 used 1 waiting timesteps, 24 remaining
[Waiting_time_Solve] Applied 1 waiting time  for agent 20 who has waiting time 24
[Waiting_time_Solve] Applying waiting time 1 to agent 14 who has waiting time 107
[Waiting_time_Solve] New path is consistent after applying waiting time for agent 14
[Current_Solution] Agent 14 used 1 waiting timesteps, 106 remaining
[Waiting_time_Solve] Applied 1 waiting time  for agent 14 who has waiting time 106
[Waiting_time_Solve] Applying waiting time 1 to agent 22 who has waiting time 117
[Waiting_time_Solve] New path is consistent after applying waiting time for agent 22
[Current_Solution] Agent 22 used 1 waiting timesteps, 116 remaining
[Waiting_time_Solve] Applied 1 waiting time  for agent 22 who has waiting time 116
[Waiting_time_Solve] Applying waiting time 1 to agent 23 who has waiting time 88
[Waiting_time_Solve] New path is consistent after applying waiting time for agent 23
[Current_Solution] Agent 23 used 1 waiting timesteps, 87 remaining
[Waiting_time_Solve] Applied 1 waiting time  for agent 23 who has waiting time 87
[Waiting_time_Solve] Applying waiting time 1 to agent 42 who has waiting time 119
[Waiting_time_Solve] New path is consistent after applying waiting time for agent 42
[Current_Solution] Agent 42 used 1 waiting timesteps, 118 remaining
[Waiting_time_Solve] Applied 1 waiting time  for agent 42 who has waiting time 118
[Waiting_time_Solve] Applying waiting time 1 to agent 27 who has waiting time 27
[Waiting_time_Solve] New path is consistent after applying waiting time for agent 27
[Current_Solution] Agent 27 used 1 waiting timesteps, 26 remaining
[Waiting_time_Solve] Applied 1 waiting time  for agent 27 who has waiting time 26
[Waiting_time_Solve] Applying waiting time 1 to agent 82 who has waiting time 134
[Current_Solution] Agent 82 used 1 waiting timesteps, 133 remaining
[Waiting_time_Solve] New path is consistent after applying waiting time for agent 82
[Current_Solution] Agent 82 used 1 waiting timesteps, 132 remaining
[Waiting_time_Solve] Applied 1 waiting time  for agent 82 who has waiting time 132
[Waiting_time_Solve] Applying waiting time 1 to agent 36 who has waiting time 61
[Waiting_time_Solve] New path is consistent after applying waiting time for agent 36
[Current_Solution] Agent 36 used 1 waiting timesteps, 60 remaining
[Waiting_time_Solve] Applied 1 waiting time  for agent 36 who has waiting time 60
[Waiting_time_Solve] Applying waiting time 1 to agent 37 who has waiting time 82
[Waiting_time_Solve] New path is consistent after applying waiting time for agent 37
[Current_Solution] Agent 37 used 1 waiting timesteps, 81 remaining
[Waiting_time_Solve] Applied 1 waiting time  for agent 37 who has waiting time 81
[Waiting_time_Solve] Applying waiting time 1 to agent 0 who has waiting time 87
[Waiting_time_Solve] New path is consistent after applying waiting time for agent 0
[Current_Solution] Agent 0 used 1 waiting timesteps, 86 remaining
[Waiting_time_Solve] Applied 1 waiting time  for agent 0 who has waiting time 86
[Waiting_time_Solve] Applying waiting time 1 to agent 78 who has waiting time 115
[Waiting_time_Solve] New path is consistent after applying waiting time for agent 78
[Current_Solution] Agent 78 used 1 waiting timesteps, 114 remaining
[Waiting_time_Solve] Applied 1 waiting time  for agent 78 who has waiting time 114
[Waiting_time_Solve] Applying waiting time 1 to agent 76 who has waiting time 46
[Waiting_time_Solve] New path is consistent after applying waiting time for agent 76
[Current_Solution] Agent 76 used 1 waiting timesteps, 45 remaining
[Waiting_time_Solve] Applied 1 waiting time  for agent 76 who has waiting time 45
[Waiting_time_Solve] Applying waiting time 1 to agent 96 who has waiting time 90
[Waiting_time_Solve] New path is consistent after applying waiting time for agent 96
[Current_Solution] Agent 96 used 1 waiting timesteps, 89 remaining
[Waiting_time_Solve] Applied 1 waiting time  for agent 96 who has waiting time 89
[Waiting_time_Solve] Applying waiting time 1 to agent 170 who has waiting time 133
[Waiting_time_Solve] New path is consistent after applying waiting time for agent 170
[Current_Solution] Agent 170 used 1 waiting timesteps, 132 remaining
[Waiting_time_Solve] Applied 1 waiting time  for agent 170 who has waiting time 132
[Waiting_time_Solve] Applying waiting time 1 to agent 58 who has waiting time 45
[Waiting_time_Solve] New path is consistent after applying waiting time for agent 58
[Current_Solution] Agent 58 used 1 waiting timesteps, 44 remaining
[Waiting_time_Solve] Applied 1 waiting time  for agent 58 who has waiting time 44
[Waiting_time_Solve] Applying waiting time 1 to agent 166 who has waiting time 134
[Current_Solution] Agent 166 used 1 waiting timesteps, 133 remaining
[Waiting_time_Solve] New path is consistent after applying waiting time for agent 166
[Current_Solution] Agent 166 used 1 waiting timesteps, 132 remaining
[Waiting_time_Solve] Applied 1 waiting time  for agent 166 who has waiting time 132
[Waiting_time_Solve] Applying waiting time 1 to agent 101 who has waiting time 134
[Current_Solution] Agent 101 used 1 waiting timesteps, 133 remaining
[Waiting_time_Solve] New path is consistent after applying waiting time for agent 101
[Current_Solution] Agent 101 used 1 waiting timesteps, 132 remaining
[Waiting_time_Solve] Applied 1 waiting time  for agent 101 who has waiting time 132
[Waiting_time_Solve] Applying waiting time 1 to agent 155 who has waiting time 134
[Current_Solution] Agent 155 used 1 waiting timesteps, 133 remaining
[Waiting_time_Solve] New path is consistent after applying waiting time for agent 155
[Current_Solution] Agent 155 used 1 waiting timesteps, 132 remaining
[Waiting_time_Solve] Applied 1 waiting time  for agent 155 who has waiting time 132
[Waiting_time_Solve] Applying waiting time 1 to agent 54 who has waiting time 115
[Waiting_time_Solve] New path is consistent after applying waiting time for agent 54
[Current_Solution] Agent 54 used 1 waiting timesteps, 114 remaining
[Waiting_time_Solve] Applied 1 waiting time  for agent 54 who has waiting time 114
[Waiting_time_Solve] Applying waiting time 1 to agent 32 who has waiting time 100
[Waiting_time_Solve] New path is consistent after applying waiting time for agent 32
[Current_Solution] Agent 32 used 1 waiting timesteps, 99 remaining
[Waiting_time_Solve] Applied 1 waiting time  for agent 32 who has waiting time 99
[Waiting_time_Solve] Applying waiting time 1 to agent 92 who has waiting time 124
[Waiting_time_Solve] New path is consistent after applying waiting time for agent 92
[Current_Solution] Agent 92 used 1 waiting timesteps, 123 remaining
[Waiting_time_Solve] Applied 1 waiting time  for agent 92 who has waiting time 123
[Waiting_time_Solve] Applying waiting time 1 to agent 64 who has waiting time 117
[Waiting_time_Solve] New path is consistent after applying waiting time for agent 64
[Current_Solution] Agent 64 used 1 waiting timesteps, 116 remaining
[Waiting_time_Solve] Applied 1 waiting time  for agent 64 who has waiting time 116
[Waiting_time_Solve] Applying waiting time 1 to agent 4 who has waiting time 134
[Current_Solution] Agent 4 used 1 waiting timesteps, 133 remaining
[Waiting_time_Solve] New path is consistent after applying waiting time for agent 4
[Current_Solution] Agent 4 used 1 waiting timesteps, 132 remaining
[Waiting_time_Solve] Applied 1 waiting time  for agent 4 who has waiting time 132
[Waiting_time_Solve] Applying waiting time 1 to agent 11 who has waiting time 117
[Waiting_time_Solve] New path is consistent after applying waiting time for agent 11
[Current_Solution] Agent 11 used 1 waiting timesteps, 116 remaining
[Waiting_time_Solve] Applied 1 waiting time  for agent 11 who has waiting time 116
[Waiting_time_Solve] Applying waiting time 1 to agent 52 who has waiting time 134
[Current_Solution] Agent 52 used 1 waiting timesteps, 133 remaining
[Waiting_time_Solve] New path is consistent after applying waiting time for agent 52
[Current_Solution] Agent 52 used 1 waiting timesteps, 132 remaining
[Waiting_time_Solve] Applied 1 waiting time  for agent 52 who has waiting time 132
[Waiting_time_Solve] Applying waiting time 1 to agent 25 who has waiting time 160
[Waiting_time_Solve] New path is consistent after applying waiting time for agent 25
[Current_Solution] Agent 25 used 1 waiting timesteps, 159 remaining
[Waiting_time_Solve] Applied 1 waiting time  for agent 25 who has waiting time 159
[Waiting_time_Solve] Applying waiting time 1 to agent 84 who has waiting time 85
[Waiting_time_Solve] New path is consistent after applying waiting time for agent 84
[Current_Solution] Agent 84 used 1 waiting timesteps, 84 remaining
[Waiting_time_Solve] Applied 1 waiting time  for agent 84 who has waiting time 84
[Waiting_time_Solve] Applying waiting time 1 to agent 85 who has waiting time 134
[Waiting_time_Solve] New path is consistent after applying waiting time for agent 85
[Current_Solution] Agent 85 used 1 waiting timesteps, 133 remaining
[Waiting_time_Solve] Applied 1 waiting time  for agent 85 who has waiting time 133
[Waiting_time_Solve] Applying waiting time 1 to agent 87 who has waiting time 88
[Waiting_time_Solve] New path is consistent after applying waiting time for agent 87
[Current_Solution] Agent 87 used 1 waiting timesteps, 87 remaining
[Waiting_time_Solve] Applied 1 waiting time  for agent 87 who has waiting time 87
[Waiting_time_Solve] Applying waiting time 1 to agent 5 who has waiting time 134
[Current_Solution] Agent 5 used 1 waiting timesteps, 133 remaining
[Waiting_time_Solve] New path is consistent after applying waiting time for agent 5
[Current_Solution] Agent 5 used 1 waiting timesteps, 132 remaining
[Waiting_time_Solve] Applied 1 waiting time  for agent 5 who has waiting time 132
[Waiting_time_Solve] Applying waiting time 1 to agent 152 who has waiting time 34
[Waiting_time_Solve] Pruned 1 vertex and 0 edge collisions from segment 240
[Waiting_time_Solve] New path is consistent after applying waiting time for agent 152
[Current_Solution] Agent 152 used 1 waiting timesteps, 33 remaining
[Waiting_time_Solve] Applied 1 waiting time  for agent 152 who has waiting time 33
[Waiting_time_Solve] Applying waiting time 1 to agent 97 who has waiting time 65
[Waiting_time_Solve] New path is consistent after applying waiting time for agent 97
[Current_Solution] Agent 97 used 1 waiting timesteps, 64 remaining
[Waiting_time_Solve] Applied 1 waiting time  for agent 97 who has waiting time 64
[Waiting_time_Solve] Applying waiting time 1 to agent 100 who has waiting time 27
[Waiting_time_Solve] New path is consistent after applying waiting time for agent 100
[Current_Solution] Agent 100 used 1 waiting timesteps, 26 remaining
[Waiting_time_Solve] Applied 1 waiting time  for agent 100 who has waiting time 26
[Waiting_time_Solve] Applying waiting time 1 to agent 103 who has waiting time 134
[Current_Solution] Agent 103 used 1 waiting timesteps, 133 remaining
[Waiting_time_Solve] New path is consistent after applying waiting time for agent 103
[Current_Solution] Agent 103 used 1 waiting timesteps, 132 remaining
[Waiting_time_Solve] Applied 1 waiting time  for agent 103 who has waiting time 132
[Waiting_time_Solve] Applying waiting time 1 to agent 105 who has waiting time 89
[Waiting_time_Solve] New path is consistent after applying waiting time for agent 105
[Current_Solution] Agent 105 used 1 waiting timesteps, 88 remaining
[Waiting_time_Solve] Applied 1 waiting time  for agent 105 who has waiting time 88
[Waiting_time_Solve] Applying waiting time 1 to agent 81 who has waiting time 138
[Waiting_time_Solve] New path is consistent after applying waiting time for agent 81
[Current_Solution] Agent 81 used 1 waiting timesteps, 137 remaining
[Waiting_time_Solve] Applied 1 waiting time  for agent 81 who has waiting time 137
[Waiting_time_Solve] Applying waiting time 1 to agent 110 who has waiting time 65
[Waiting_time_Solve] New path is consistent after applying waiting time for agent 110
[Current_Solution] Agent 110 used 1 waiting timesteps, 64 remaining
[Waiting_time_Solve] Applied 1 waiting time  for agent 110 who has waiting time 64
[Waiting_time_Solve] Applying waiting time 1 to agent 89 who has waiting time 125
[Waiting_time_Solve] New path is consistent after applying waiting time for agent 89
[Current_Solution] Agent 89 used 1 waiting timesteps, 124 remaining
[Waiting_time_Solve] Applied 1 waiting time  for agent 89 who has waiting time 124
[Waiting_time_Solve] Applying waiting time 1 to agent 191 who has waiting time 92
[Waiting_time_Solve] New path is consistent after applying waiting time for agent 191
[Current_Solution] Agent 191 used 1 waiting timesteps, 91 remaining
[Waiting_time_Solve] Applied 1 waiting time  for agent 191 who has waiting time 91
[Waiting_time_Solve] Applying waiting time 1 to agent 116 who has waiting time 134
[Current_Solution] Agent 116 used 1 waiting timesteps, 133 remaining
[Waiting_time_Solve] New path is consistent after applying waiting time for agent 116
[Current_Solution] Agent 116 used 1 waiting timesteps, 132 remaining
[Waiting_time_Solve] Applied 1 waiting time  for agent 116 who has waiting time 132
[Waiting_time_Solve] Applying waiting time 1 to agent 71 who has waiting time 57
[Waiting_time_Solve] New path is consistent after applying waiting time for agent 71
[Current_Solution] Agent 71 used 1 waiting timesteps, 56 remaining
[Waiting_time_Solve] Applied 1 waiting time  for agent 71 who has waiting time 56
[Waiting_time_Solve] Applying waiting time 1 to agent 33 who has waiting time 134
[Current_Solution] Agent 33 used 1 waiting timesteps, 133 remaining
[Waiting_time_Solve] New path is consistent after applying waiting time for agent 33
[Current_Solution] Agent 33 used 1 waiting timesteps, 132 remaining
[Waiting_time_Solve] Applied 1 waiting time  for agent 33 who has waiting time 132
[Waiting_time_Solve] Applying waiting time 1 to agent 120 who has waiting time 75
[Waiting_time_Solve] New path is consistent after applying waiting time for agent 120
[Current_Solution] Agent 120 used 1 waiting timesteps, 74 remaining
[Waiting_time_Solve] Applied 1 waiting time  for agent 120 who has waiting time 74
[Waiting_time_Solve] Applying waiting time 1 to agent 121 who has waiting time 135
[Waiting_time_Solve] New path is consistent after applying waiting time for agent 121
[Current_Solution] Agent 121 used 1 waiting timesteps, 134 remaining
[Waiting_time_Solve] Applied 1 waiting time  for agent 121 who has waiting time 134
[Waiting_time_Solve] Applying waiting time 1 to agent 122 who has waiting time 88
[Waiting_time_Solve] New path is consistent after applying waiting time for agent 122
[Current_Solution] Agent 122 used 1 waiting timesteps, 87 remaining
[Waiting_time_Solve] Applied 1 waiting time  for agent 122 who has waiting time 87
[Waiting_time_Solve] Applying waiting time 1 to agent 8 who has waiting time 74
[Waiting_time_Solve] New path is consistent after applying waiting time for agent 8
[Current_Solution] Agent 8 used 1 waiting timesteps, 73 remaining
[Waiting_time_Solve] Applied 1 waiting time  for agent 8 who has waiting time 73
[Waiting_time_Solve] Applying waiting time 1 to agent 140 who has waiting time 134
[Current_Solution] Agent 140 used 1 waiting timesteps, 133 remaining
[Waiting_time_Solve] New path is consistent after applying waiting time for agent 140
[Current_Solution] Agent 140 used 1 waiting timesteps, 132 remaining
[Waiting_time_Solve] Applied 1 waiting time  for agent 140 who has waiting time 132
[Waiting_time_Solve] Applying waiting time 1 to agent 91 who has waiting time 134
[Current_Solution] Agent 91 used 1 waiting timesteps, 133 remaining
[Waiting_time_Solve] New path is consistent after applying waiting time for agent 91
[Current_Solution] Agent 91 used 1 waiting timesteps, 132 remaining
[Waiting_time_Solve] Applied 1 waiting time  for agent 91 who has waiting time 132
[Waiting_time_Solve] Applying waiting time 1 to agent 72 who has waiting time 60
[Waiting_time_Solve] New path is consistent after applying waiting time for agent 72
[Current_Solution] Agent 72 used 1 waiting timesteps, 59 remaining
[Waiting_time_Solve] Applied 1 waiting time  for agent 72 who has waiting time 59
[Waiting_time_Solve] Applying waiting time 1 to agent 125 who has waiting time 68
[Waiting_time_Solve] New path is consistent after applying waiting time for agent 125
[Current_Solution] Agent 125 used 1 waiting timesteps, 67 remaining
[Waiting_time_Solve] Applied 1 waiting time  for agent 125 who has waiting time 67
[Waiting_time_Solve] Applying waiting time 1 to agent 126 who has waiting time 92
[Waiting_time_Solve] New path is consistent after applying waiting time for agent 126
[Current_Solution] Agent 126 used 1 waiting timesteps, 91 remaining
[Waiting_time_Solve] Applied 1 waiting time  for agent 126 who has waiting time 91
[Waiting_time_Solve] Applying waiting time 1 to agent 90 who has waiting time 82
[Waiting_time_Solve] New path is consistent after applying waiting time for agent 90
[Current_Solution] Agent 90 used 1 waiting timesteps, 81 remaining
[Waiting_time_Solve] Applied 1 waiting time  for agent 90 who has waiting time 81
[Waiting_time_Solve] Applying waiting time 1 to agent 195 who has waiting time 134
[Current_Solution] Agent 195 used 1 waiting timesteps, 133 remaining
[Waiting_time_Solve] New path is consistent after applying waiting time for agent 195
[Current_Solution] Agent 195 used 1 waiting timesteps, 132 remaining
[Waiting_time_Solve] Applied 1 waiting time  for agent 195 who has waiting time 132
[Waiting_time_Solve] Applying waiting time 1 to agent 128 who has waiting time 149
[Waiting_time_Solve] New path is consistent after applying waiting time for agent 128
[Current_Solution] Agent 128 used 1 waiting timesteps, 148 remaining
[Waiting_time_Solve] Applied 1 waiting time  for agent 128 who has waiting time 148
[Waiting_time_Solve] Applying waiting time 1 to agent 95 who has waiting time 123
[Waiting_time_Solve] New path is consistent after applying waiting time for agent 95
[Current_Solution] Agent 95 used 1 waiting timesteps, 122 remaining
[Waiting_time_Solve] Applied 1 waiting time  for agent 95 who has waiting time 122
[Waiting_time_Solve] Applying waiting time 1 to agent 130 who has waiting time 54
[Waiting_time_Solve] New path is consistent after applying waiting time for agent 130
[Current_Solution] Agent 130 used 1 waiting timesteps, 53 remaining
[Waiting_time_Solve] Applied 1 waiting time  for agent 130 who has waiting time 53
[Waiting_time_Solve] Applying waiting time 1 to agent 131 who has waiting time 32
[Waiting_time_Solve] New path is consistent after applying waiting time for agent 131
[Current_Solution] Agent 131 used 1 waiting timesteps, 31 remaining
[Waiting_time_Solve] Applied 1 waiting time  for agent 131 who has waiting time 31
[Waiting_time_Solve] Applying waiting time 1 to agent 75 who has waiting time 65
[Waiting_time_Solve] New path is consistent after applying waiting time for agent 75
[Current_Solution] Agent 75 used 1 waiting timesteps, 64 remaining
[Waiting_time_Solve] Applied 1 waiting time  for agent 75 who has waiting time 64
[Waiting_time_Solve] Applying waiting time 1 to agent 194 who has waiting time 85
[Waiting_time_Solve] New path is consistent after applying waiting time for agent 194
[Current_Solution] Agent 194 used 1 waiting timesteps, 84 remaining
[Waiting_time_Solve] Applied 1 waiting time  for agent 194 who has waiting time 84
[Waiting_time_Solve] Applying waiting time 1 to agent 137 who has waiting time 160
[Waiting_time_Solve] New path is consistent after applying waiting time for agent 137
[Current_Solution] Agent 137 used 1 waiting timesteps, 159 remaining
[Waiting_time_Solve] Applied 1 waiting time  for agent 137 who has waiting time 159
[Waiting_time_Solve] Applying waiting time 1 to agent 141 who has waiting time 96
[Waiting_time_Solve] Pruned 1 vertex and 0 edge collisions from segment 238
[Waiting_time_Solve] New path is consistent after applying waiting time for agent 141
[Current_Solution] Agent 141 used 1 waiting timesteps, 95 remaining
[Waiting_time_Solve] Applied 1 waiting time  for agent 141 who has waiting time 95
[Waiting_time_Solve] Applying waiting time 1 to agent 144 who has waiting time 32
[Waiting_time_Solve] New path is consistent after applying waiting time for agent 144
[Current_Solution] Agent 144 used 1 waiting timesteps, 31 remaining
[Waiting_time_Solve] Applied 1 waiting time  for agent 144 who has waiting time 31
[Waiting_time_Solve] Applying waiting time 1 to agent 146 who has waiting time 129
[Waiting_time_Solve] New path is consistent after applying waiting time for agent 146
[Current_Solution] Agent 146 used 1 waiting timesteps, 128 remaining
[Waiting_time_Solve] Applied 1 waiting time  for agent 146 who has waiting time 128
[Waiting_time_Solve] Applying waiting time 1 to agent 148 who has waiting time 8
[Waiting_time_Solve] New path is consistent after applying waiting time for agent 148
[Current_Solution] Agent 148 used 1 waiting timesteps, 7 remaining
[Waiting_time_Solve] Applied 1 waiting time  for agent 148 who has waiting time 7
[Waiting_time_Solve] Applying waiting time 1 to agent 149 who has waiting time 132
[Waiting_time_Solve] New path is consistent after applying waiting time for agent 149
[Current_Solution] Agent 149 used 1 waiting timesteps, 131 remaining
[Waiting_time_Solve] Applied 1 waiting time  for agent 149 who has waiting time 131
[Waiting_time_Solve] Applying waiting time 1 to agent 150 who has waiting time 51
[Waiting_time_Solve] New path is consistent after applying waiting time for agent 150
[Current_Solution] Agent 150 used 1 waiting timesteps, 50 remaining
[Waiting_time_Solve] Applied 1 waiting time  for agent 150 who has waiting time 50
[Waiting_time_Solve] Applying waiting time 1 to agent 168 who has waiting time 134
[Current_Solution] Agent 168 used 1 waiting timesteps, 133 remaining
[Waiting_time_Solve] New path is consistent after applying waiting time for agent 168
[Current_Solution] Agent 168 used 1 waiting timesteps, 132 remaining
[Waiting_time_Solve] Applied 1 waiting time  for agent 168 who has waiting time 132
[Waiting_time_Solve] Applying waiting time 1 to agent 56 who has waiting time 21
[Waiting_time_Solve] New path is consistent after applying waiting time for agent 56
[Current_Solution] Agent 56 used 1 waiting timesteps, 20 remaining
[Waiting_time_Solve] Applied 1 waiting time  for agent 56 who has waiting time 20
[Waiting_time_Solve] Applying waiting time 1 to agent 15 who has waiting time 164
[Waiting_time_Solve] New path is consistent after applying waiting time for agent 15
[Current_Solution] Agent 15 used 1 waiting timesteps, 163 remaining
[Waiting_time_Solve] Applied 1 waiting time  for agent 15 who has waiting time 163
[Waiting_time_Solve] Applying waiting time 1 to agent 173 who has waiting time 109
[Waiting_time_Solve] New path is consistent after applying waiting time for agent 173
[Current_Solution] Agent 173 used 1 waiting timesteps, 108 remaining
[Waiting_time_Solve] Applied 1 waiting time  for agent 173 who has waiting time 108
[Waiting_time_Solve] Applying waiting time 1 to agent 184 who has waiting time 20
[Waiting_time_Solve] New path is consistent after applying waiting time for agent 184
[Current_Solution] Agent 184 used 1 waiting timesteps, 19 remaining
[Waiting_time_Solve] Applied 1 waiting time  for agent 184 who has waiting time 19
[Waiting_time_Solve] Applying waiting time 1 to agent 174 who has waiting time 134
[Current_Solution] Agent 174 used 1 waiting timesteps, 133 remaining
[Waiting_time_Solve] New path is consistent after applying waiting time for agent 174
[Current_Solution] Agent 174 used 1 waiting timesteps, 132 remaining
[Waiting_time_Solve] Applied 1 waiting time  for agent 174 who has waiting time 132
[Waiting_time_Solve] Applying waiting time 1 to agent 183 who has waiting time 83
[Waiting_time_Solve] New path is consistent after applying waiting time for agent 183
[Current_Solution] Agent 183 used 1 waiting timesteps, 82 remaining
[Waiting_time_Solve] Applied 1 waiting time  for agent 183 who has waiting time 82
[Waiting_time_Solve] Applying waiting time 1 to agent 178 who has waiting time 85
[Waiting_time_Solve] New path is consistent after applying waiting time for agent 178
[Current_Solution] Agent 178 used 1 waiting timesteps, 84 remaining
[Waiting_time_Solve] Applied 1 waiting time  for agent 178 who has waiting time 84
[Waiting_time_Solve] Applying waiting time 1 to agent 182 who has waiting time 134
[Current_Solution] Agent 182 used 1 waiting timesteps, 133 remaining
[Waiting_time_Solve] New path is consistent after applying waiting time for agent 182
[Current_Solution] Agent 182 used 1 waiting timesteps, 132 remaining
[Waiting_time_Solve] Applied 1 waiting time  for agent 182 who has waiting time 132
[Waiting_time_Solve] Applying waiting time 1 to agent 179 who has waiting time 11
[Waiting_time_Solve] New path is consistent after applying waiting time for agent 179
[Current_Solution] Agent 179 used 1 waiting timesteps, 10 remaining
[Waiting_time_Solve] Applied 1 waiting time  for agent 179 who has waiting time 10
[Waiting_time_Solve] Applying waiting time 1 to agent 43 who has waiting time 129
[Waiting_time_Solve] New path is consistent after applying waiting time for agent 43
[Current_Solution] Agent 43 used 1 waiting timesteps, 128 remaining
[Waiting_time_Solve] Applied 1 waiting time  for agent 43 who has waiting time 128
[Waiting_time_Solve] Applying waiting time 1 to agent 164 who has waiting time 78
[Waiting_time_Solve] New path is consistent after applying waiting time for agent 164
[Current_Solution] Agent 164 used 1 waiting timesteps, 77 remaining
[Waiting_time_Solve] Applied 1 waiting time  for agent 164 who has waiting time 77
[Waiting_time_Solve] Applying waiting time 1 to agent 159 who has waiting time 77
[Waiting_time_Solve] New path is consistent after applying waiting time for agent 159
[Current_Solution] Agent 159 used 1 waiting timesteps, 76 remaining
[Waiting_time_Solve] Applied 1 waiting time  for agent 159 who has waiting time 76
[Waiting_time_Solve] Applying waiting time 1 to agent 186 who has waiting time 42
[Waiting_time_Solve] New path is consistent after applying waiting time for agent 186
[Current_Solution] Agent 186 used 1 waiting timesteps, 41 remaining
[Waiting_time_Solve] Applied 1 waiting time  for agent 186 who has waiting time 41
[Waiting_time_Solve] Applying waiting time 1 to agent 187 who has waiting time 134
[Current_Solution] Agent 187 used 1 waiting timesteps, 133 remaining
[Waiting_time_Solve] New path is consistent after applying waiting time for agent 187
[Current_Solution] Agent 187 used 1 waiting timesteps, 132 remaining
[Waiting_time_Solve] Applied 1 waiting time  for agent 187 who has waiting time 132
[Waiting_time_Solve] Applying waiting time 1 to agent 189 who has waiting time 44
[Waiting_time_Solve] New path is consistent after applying waiting time for agent 189
[Current_Solution] Agent 189 used 1 waiting timesteps, 43 remaining
[Waiting_time_Solve] Applied 1 waiting time  for agent 189 who has waiting time 43
[Waiting_time_Solve] Applying waiting time 1 to agent 65 who has waiting time 35
[Waiting_time_Solve] New path is consistent after applying waiting time for agent 65
[Current_Solution] Agent 65 used 1 waiting timesteps, 34 remaining
[Waiting_time_Solve] Applied 1 waiting time  for agent 65 who has waiting time 34
[Waiting_time_Solve] Applying waiting time 1 to agent 193 who has waiting time 36
[Waiting_time_Solve] New path is consistent after applying waiting time for agent 193
[Current_Solution] Agent 193 used 1 waiting timesteps, 35 remaining
[Waiting_time_Solve] Applied 1 waiting time  for agent 193 who has waiting time 35
[Waiting_time_Solve] Applying waiting time 1 to agent 198 who has waiting time 23
[Waiting_time_Solve] New path is consistent after applying waiting time for agent 198
[Current_Solution] Agent 198 used 1 waiting timesteps, 22 remaining
[Waiting_time_Solve] Applied 1 waiting time  for agent 198 who has waiting time 22
[Waiting_time_Solve] Applying waiting time 1 to agent 59 who has waiting time 103
[Waiting_time_Solve] New path is consistent after applying waiting time for agent 59
[Current_Solution] Agent 59 used 1 waiting timesteps, 102 remaining
[Waiting_time_Solve] Applied 1 waiting time  for agent 59 who has waiting time 102
[Waiting_time_Solve] Applying waiting time 1 to agent 88 who has waiting time 95
[Waiting_time_Solve] New path is consistent after applying waiting time for agent 88
[Current_Solution] Agent 88 used 1 waiting timesteps, 94 remaining
[Waiting_time_Solve] Applied 1 waiting time  for agent 88 who has waiting time 94
[Waiting_time_Solve] Applying waiting time 1 to agent 106 who has waiting time 139
[Waiting_time_Solve] New path is consistent after applying waiting time for agent 106
[Current_Solution] Agent 106 used 1 waiting timesteps, 138 remaining
[Waiting_time_Solve] Applied 1 waiting time  for agent 106 who has waiting time 138
[Waiting_time_Solve] Applying waiting time 1 to agent 113 who has waiting time 134
[Current_Solution] Agent 113 used 1 waiting timesteps, 133 remaining
[Waiting_time_Solve] New path is consistent after applying waiting time for agent 113
[Current_Solution] Agent 113 used 1 waiting timesteps, 132 remaining
[Waiting_time_Solve] Applied 1 waiting time  for agent 113 who has waiting time 132
[Waiting_time_Solve] Applying waiting time 1 to agent 133 who has waiting time 79
[Waiting_time_Solve] New path is consistent after applying waiting time for agent 133
[Current_Solution] Agent 133 used 1 waiting timesteps, 78 remaining
[Waiting_time_Solve] Applied 1 waiting time  for agent 133 who has waiting time 78
[Waiting_time_Solve] Applying waiting time 1 to agent 142 who has waiting time 37
[Waiting_time_Solve] New path is consistent after applying waiting time for agent 142
[Current_Solution] Agent 142 used 1 waiting timesteps, 36 remaining
[Waiting_time_Solve] Applied 1 waiting time  for agent 142 who has waiting time 36
[Waiting_time_Solve] Applying waiting time 1 to agent 66 who has waiting time 106
[Waiting_time_Solve] New path is consistent after applying waiting time for agent 66
[Current_Solution] Agent 66 used 1 waiting timesteps, 105 remaining
[Waiting_time_Solve] Applied 1 waiting time  for agent 66 who has waiting time 105
[Waiting_time_Solve] Applying waiting time 1 to agent 41 who has waiting time 116
[Waiting_time_Solve] New path is consistent after applying waiting time for agent 41
[Current_Solution] Agent 41 used 1 waiting timesteps, 115 remaining
[Waiting_time_Solve] Applied 1 waiting time  for agent 41 who has waiting time 115
[Waiting_time_Solve] Applying waiting time 1 to agent 176 who has waiting time 114
[Waiting_time_Solve] New path is consistent after applying waiting time for agent 176
[Current_Solution] Agent 176 used 1 waiting timesteps, 113 remaining
[Waiting_time_Solve] Applied 1 waiting time  for agent 176 who has waiting time 113
[Waiting_time_Solve] Applying waiting time 1 to agent 63 who has waiting time 134
[Current_Solution] Agent 63 used 1 waiting timesteps, 133 remaining
[Waiting_time_Solve] New path is consistent after applying waiting time for agent 63
[Current_Solution] Agent 63 used 1 waiting timesteps, 132 remaining
[Waiting_time_Solve] Applied 1 waiting time  for agent 63 who has waiting time 132
[Waiting_time_Solve] Applying waiting time 1 to agent 99 who has waiting time 65
[Waiting_time_Solve] New path is consistent after applying waiting time for agent 99
[Current_Solution] Agent 99 used 1 waiting timesteps, 64 remaining
[Waiting_time_Solve] Applied 1 waiting time  for agent 99 who has waiting time 64
[Waiting_time_Solve] Applying waiting time 1 to agent 70 who has waiting time 135
[Waiting_time_Solve] New path is consistent after applying waiting time for agent 70
[Current_Solution] Agent 70 used 1 waiting timesteps, 134 remaining
[Waiting_time_Solve] Applied 1 waiting time  for agent 70 who has waiting time 134
[Waiting_time_Solve] Applying waiting time 1 to agent 147 who has waiting time 134
[Current_Solution] Agent 147 used 1 waiting timesteps, 133 remaining
[Waiting_time_Solve] New path is consistent after applying waiting time for agent 147
[Current_Solution] Agent 147 used 1 waiting timesteps, 132 remaining
[Waiting_time_Solve] Applied 1 waiting time  for agent 147 who has waiting time 132
[Waiting_time_Solve] Applying waiting time 1 to agent 172 who has waiting time 84
[Waiting_time_Solve] New path is consistent after applying waiting time for agent 172
[Current_Solution] Agent 172 used 1 waiting timesteps, 83 remaining
[Waiting_time_Solve] Applied 1 waiting time  for agent 172 who has waiting time 83
[Waiting_time_Solve] Applying waiting time 1 to agent 57 who has waiting time 111
[Waiting_time_Solve] New path is consistent after applying waiting time for agent 57
[Current_Solution] Agent 57 used 1 waiting timesteps, 110 remaining
[Waiting_time_Solve] Applied 1 waiting time  for agent 57 who has waiting time 110
[Waiting_time_Solve] Applying waiting time 1 to agent 197 who has waiting time 134
[Current_Solution] Agent 197 used 1 waiting timesteps, 133 remaining
[Waiting_time_Solve] New path is consistent after applying waiting time for agent 197
[Current_Solution] Agent 197 used 1 waiting timesteps, 132 remaining
[Waiting_time_Solve] Applied 1 waiting time  for agent 197 who has waiting time 132
[Waiting_time_Solve] Applying waiting time 1 to agent 165 who has waiting time 57
[Waiting_time_Solve] New path is consistent after applying waiting time for agent 165
[Current_Solution] Agent 165 used 1 waiting timesteps, 56 remaining
[Waiting_time_Solve] Applied 1 waiting time  for agent 165 who has waiting time 56
[Waiting_time_Solve] ALL Waiting time applied
[Waiting_time_Solve] Extended Zone end time from 55 to 56
[Current_Solution] Agent 35 used 1 waiting timesteps, 133 remaining
[Current_Solution] Agent 93 used 1 waiting timesteps, 133 remaining
[Current_Solution] Agent 108 used 1 waiting timesteps, 133 remaining
[Current_Solution] Agent 138 used 1 waiting timesteps, 133 remaining
[Current_Solution] Agent 153 used 1 waiting timesteps, 133 remaining
[Current_Solution] Agent 157 used 1 waiting timesteps, 133 remaining
[Current_Solution] Agent 180 used 1 waiting timesteps, 133 remaining
[Current_Solution] Agent 196 used 1 waiting timesteps, 133 remaining
[Waiting_time_Solve] Iteration 1...
[Waiting_time_Solve] Pruned 18 vertex and 0 edge collisions from segment 214
[Waiting_time_Solve] Pruned 2 vertex and 1 edge collisions from segment 231
[Waiting_time_Solve] Pruned 5 vertex and 3 edge collisions from segment 234
[Waiting_time_Solve] Pruned 9 vertex and 4 edge collisions from segment 235
[Waiting_time_Solve] Pruned 4 vertex and 1 edge collisions from segment 238
[Waiting_time_Solve] Pruned 39 vertex and 3 edge collisions from segment 241
[Waiting_time_Solve] Agent 191 pseudo agents: 248 249 
[Waiting_time_Solve] Agent 188 pseudo agents: 247 
[Waiting_time_Solve] Agent 176 pseudo agents: 246 
[Waiting_time_Solve] Agent 173 pseudo agents: 245 
[Waiting_time_Solve] Agent 165 pseudo agents: 244 
[Waiting_time_Solve] Agent 155 pseudo agents: 243 
[Waiting_time_Solve] Agent 153 pseudo agents: 242 
[Waiting_time_Solve] Agent 152 pseudo agents: 240 241 
[Waiting_time_Solve] Agent 142 pseudo agents: 239 
[Waiting_time_Solve] Agent 141 pseudo agents: 238 
[Waiting_time_Solve] Agent 56 pseudo agents: 213 214 
[Waiting_time_Solve] Agent 53 pseudo agents: 211 212 
[Waiting_time_Solve] Agent 42 pseudo agents: 209 210 
[Waiting_time_Solve] Agent 33 pseudo agents: 208 
[Waiting_time_Solve] Agent 11 pseudo agents: 203 204 
[Waiting_time_Solve] Agent 9 pseudo agents: 202 
[Waiting_time_Solve] Agent 6 pseudo agents: 201 
[Waiting_time_Solve] Agent 133 pseudo agents: 236 237 
[Waiting_time_Solve] Agent 62 pseudo agents: 216 
[Waiting_time_Solve] Agent 130 pseudo agents: 235 
[Waiting_time_Solve] Agent 59 pseudo agents: 215 
[Waiting_time_Solve] Agent 0 pseudo agents: 200 
[Waiting_time_Solve] Agent 29 pseudo agents: 250 
[Waiting_time_Solve] Agent 13 pseudo agents: 205 
[Waiting_time_Solve] Agent 14 pseudo agents: 206 
[Waiting_time_Solve] Agent 25 pseudo agents: 207 
[Waiting_time_Solve] Agent 78 pseudo agents: 217 218 
[Waiting_time_Solve] Agent 79 pseudo agents: 219 220 
[Waiting_time_Solve] Agent 88 pseudo agents: 221 222 
[Waiting_time_Solve] Agent 89 pseudo agents: 223 
[Waiting_time_Solve] Agent 90 pseudo agents: 224 
[Waiting_time_Solve] Agent 91 pseudo agents: 225 
[Waiting_time_Solve] Agent 101 pseudo agents: 226 227 228 229 
[Waiting_time_Solve] Agent 102 pseudo agents: 230 
[Waiting_time_Solve] Agent 105 pseudo agents: 231 
[Waiting_time_Solve] Agent 106 pseudo agents: 232 
[Waiting_time_Solve] Agent 111 pseudo agents: 233 
[Waiting_time_Solve] Agent 126 pseudo agents: 234 
[SAT] Start solving CNF: 27877840 clauses and 253979 variables
[SAT] Agent 250 entry time: 56 exit time: 56
[SAT] Agent 199 entry time: 0 exit time: 55
[SAT] Agent 198 entry time: 11 exit time: 56
[SAT] Agent 197 entry time: 0 exit time: 56
[SAT] Agent 196 entry time: 1 exit time: 56
[SAT] Agent 195 entry time: 4 exit time: 56
[SAT] Agent 194 entry time: 0 exit time: 56
[SAT] Agent 193 entry time: 1 exit time: 56
[SAT] Agent 192 entry time: 18 exit time: 56
[SAT] Agent 249 entry time: 43 exit time: 56
[SAT] Agent 248 entry time: 21 exit time: 37
[SAT] Agent 191 entry time: 4 exit time: 15
[SAT] Agent 190 entry time: 0 exit time: 56
[SAT] Agent 189 entry time: 1 exit time: 56
[SAT] Agent 247 entry time: 38 exit time: 55
[SAT] Agent 188 entry time: 12 exit time: 31
[SAT] Agent 187 entry time: 4 exit time: 56
[SAT] Agent 186 entry time: 14 exit time: 56
[SAT] Agent 185 entry time: 0 exit time: 56
[SAT] Agent 184 entry time: 7 exit time: 56
[SAT] Agent 183 entry time: 0 exit time: 56
[SAT] Agent 182 entry time: 4 exit time: 56
[SAT] Agent 181 entry time: 7 exit time: 56
[SAT] Agent 180 entry time: 3 exit time: 56
[SAT] Agent 179 entry time: 10 exit time: 56
[SAT] Agent 178 entry time: 28 exit time: 56
[SAT] Agent 177 entry time: 7 exit time: 56
[SAT] Agent 246 entry time: 14 exit time: 56
[SAT] Agent 176 entry time: 0 exit time: 9
[SAT] Agent 175 entry time: 7 exit time: 56
[SAT] Agent 174 entry time: 7 exit time: 56
[SAT] Agent 245 entry time: 53 exit time: 53
[SAT] Agent 173 entry time: 0 exit time: 51
[SAT] Agent 172 entry time: 2 exit time: 56
[SAT] Agent 171 entry time: 3 exit time: 56
[SAT] Agent 170 entry time: 10 exit time: 54
[SAT] Agent 169 entry time: 8 exit time: 56
[SAT] Agent 168 entry time: 10 exit time: 56
[SAT] Agent 167 entry time: 0 exit time: 36
[SAT] Agent 166 entry time: 7 exit time: 56
[SAT] Agent 244 entry time: 48 exit time: 56
[SAT] Agent 165 entry time: 0 exit time: 46
[SAT] Agent 164 entry time: 1 exit time: 56
[SAT] Agent 163 entry time: 0 exit time: 46
[SAT] Agent 162 entry time: 14 exit time: 56
[SAT] Agent 161 entry time: 5 exit time: 56
[SAT] Agent 160 entry time: 0 exit time: 52
[SAT] Agent 159 entry time: 24 exit time: 55
[SAT] Agent 158 entry time: 3 exit time: 56
[SAT] Agent 157 entry time: 0 exit time: 56
[SAT] Agent 156 entry time: 0 exit time: 19
[SAT] Agent 243 entry time: 12 exit time: 56
[SAT] Agent 155 entry time: 0 exit time: 7
[SAT] Agent 154 entry time: 11 exit time: 56
[SAT] Agent 242 entry time: 2 exit time: 56
[SAT] Agent 153 entry time: 0 exit time: 0
[SAT] Agent 241 entry time: 23 exit time: 56
[SAT] Agent 240 entry time: 20 exit time: 20
[SAT] Agent 152 entry time: 3 exit time: 17
[SAT] Agent 151 entry time: 6 exit time: 56
[SAT] Agent 150 entry time: 3 exit time: 56
[SAT] Agent 149 entry time: 0 exit time: 50
[SAT] Agent 148 entry time: 0 exit time: 56
[SAT] Agent 147 entry time: 0 exit time: 56
[SAT] Agent 146 entry time: 1 exit time: 56
[SAT] Agent 144 entry time: 7 exit time: 56
[SAT] Agent 143 entry time: 8 exit time: 56
[SAT] Agent 239 entry time: 39 exit time: 56
[SAT] Agent 142 entry time: 13 exit time: 34
[SAT] Agent 238 entry time: 45 exit time: 56
[SAT] Agent 141 entry time: 15 exit time: 40
[SAT] Agent 140 entry time: 7 exit time: 56
[SAT] Agent 138 entry time: 0 exit time: 56
[SAT] Agent 137 entry time: 2 exit time: 24
[SAT] Agent 136 entry time: 7 exit time: 56
[SAT] Agent 135 entry time: 0 exit time: 56
[SAT] Agent 134 entry time: 0 exit time: 56
[SAT] Agent 237 entry time: 16 exit time: 56
[SAT] Agent 236 entry time: 12 exit time: 12
[SAT] Agent 133 entry time: 0 exit time: 10
[SAT] Agent 131 entry time: 11 exit time: 56
[SAT] Agent 235 entry time: 38 exit time: 56
[SAT] Agent 130 entry time: 4 exit time: 31
[SAT] Agent 129 entry time: 6 exit time: 56
[SAT] Agent 128 entry time: 0 exit time: 23
[SAT] Agent 127 entry time: 14 exit time: 56
[SAT] Agent 234 entry time: 38 exit time: 55
[SAT] Agent 126 entry time: 0 exit time: 35
[SAT] Agent 125 entry time: 0 exit time: 56
[SAT] Agent 124 entry time: 4 exit time: 56
[SAT] Agent 123 entry time: 5 exit time: 56
[SAT] Agent 122 entry time: 0 exit time: 56
[SAT] Agent 121 entry time: 3 exit time: 27
[SAT] Agent 120 entry time: 2 exit time: 56
[SAT] Agent 119 entry time: 0 exit time: 56
[SAT] Agent 118 entry time: 8 exit time: 56
[SAT] Agent 117 entry time: 0 exit time: 56
[SAT] Agent 116 entry time: 0 exit time: 56
[SAT] Agent 115 entry time: 1 exit time: 45
[SAT] Agent 114 entry time: 5 exit time: 56
[SAT] Agent 113 entry time: 0 exit time: 56
[SAT] Agent 112 entry time: 1 exit time: 56
[SAT] Agent 233 entry time: 33 exit time: 56
[SAT] Agent 111 entry time: 0 exit time: 28
[SAT] Agent 110 entry time: 21 exit time: 55
[SAT] Agent 109 entry time: 4 exit time: 56
[SAT] Agent 108 entry time: 7 exit time: 56
[SAT] Agent 107 entry time: 0 exit time: 12
[SAT] Agent 232 entry time: 12 exit time: 50
[SAT] Agent 106 entry time: 6 exit time: 7
[SAT] Agent 231 entry time: 45 exit time: 56
[SAT] Agent 105 entry time: 0 exit time: 41
[SAT] Agent 104 entry time: 0 exit time: 0
[SAT] Agent 103 entry time: 0 exit time: 56
[SAT] Agent 230 entry time: 42 exit time: 56
[SAT] Agent 50 entry time: 0 exit time: 56
[SAT] Agent 49 entry time: 0 exit time: 56
[SAT] Agent 47 entry time: 4 exit time: 56
[SAT] Agent 46 entry time: 0 exit time: 56
[SAT] Agent 45 entry time: 4 exit time: 56
[SAT] Agent 43 entry time: 2 exit time: 56
[SAT] Agent 42 entry time: 4 exit time: 21
[SAT] Agent 41 entry time: 0 exit time: 56
[SAT] Agent 40 entry time: 6 exit time: 56
[SAT] Agent 39 entry time: 0 exit time: 56
[SAT] Agent 38 entry time: 9 exit time: 56
[SAT] Agent 37 entry time: 0 exit time: 56
[SAT] Agent 36 entry time: 0 exit time: 53
[SAT] Agent 35 entry time: 0 exit time: 56
[SAT] Agent 34 entry time: 12 exit time: 56
[SAT] Agent 210 entry time: 46 exit time: 56
[SAT] Agent 83 entry time: 14 exit time: 56
[SAT] Agent 33 entry time: 1 exit time: 29
[SAT] Agent 209 entry time: 24 exit time: 39
[SAT] Agent 82 entry time: 0 exit time: 56
[SAT] Agent 32 entry time: 1 exit time: 56
[SAT] Agent 208 entry time: 36 exit time: 56
[SAT] Agent 81 entry time: 0 exit time: 46
[SAT] Agent 31 entry time: 10 exit time: 56
[SAT] Agent 30 entry time: 3 exit time: 56
[SAT] Agent 207 entry time: 15 exit time: 27
[SAT] Agent 80 entry time: 1 exit time: 56
[SAT] Agent 9 entry time: 0 exit time: 25
[SAT] Agent 8 entry time: 2 exit time: 56
[SAT] Agent 25 entry time: 0 exit time: 6
[SAT] Agent 202 entry time: 36 exit time: 56
[SAT] Agent 75 entry time: 0 exit time: 56
[SAT] Agent 7 entry time: 0 exit time: 56
[SAT] Agent 24 entry time: 0 exit time: 56
[SAT] Agent 201 entry time: 7 exit time: 56
[SAT] Agent 6 entry time: 5 exit time: 5
[SAT] Agent 4 entry time: 0 exit time: 56
[SAT] Agent 3 entry time: 0 exit time: 56
[SAT] Agent 29 entry time: 0 exit time: 50
[SAT] Agent 206 entry time: 21 exit time: 56
[SAT] Agent 79 entry time: 0 exit time: 24
[SAT] Agent 2 entry time: 5 exit time: 56
[SAT] Agent 28 entry time: 0 exit time: 56
[SAT] Agent 205 entry time: 12 exit time: 56
[SAT] Agent 78 entry time: 12 exit time: 12
[SAT] Agent 1 entry time: 0 exit time: 56
[SAT] Agent 27 entry time: 3 exit time: 56
[SAT] Agent 204 entry time: 41 exit time: 56
[SAT] Agent 77 entry time: 8 exit time: 56
[SAT] Agent 5 entry time: 0 exit time: 56
[SAT] Agent 23 entry time: 0 exit time: 56
[SAT] Agent 200 entry time: 45 exit time: 56
[SAT] Agent 73 entry time: 11 exit time: 56
[SAT] Agent 0 entry time: 10 exit time: 38
[SAT] Agent 26 entry time: 0 exit time: 56
[SAT] Agent 203 entry time: 20 exit time: 39
[SAT] Agent 76 entry time: 7 exit time: 56
[SAT] Agent 10 entry time: 21 exit time: 56
[SAT] Agent 11 entry time: 0 exit time: 12
[SAT] Agent 12 entry time: 0 exit time: 56
[SAT] Agent 13 entry time: 8 exit time: 8
[SAT] Agent 14 entry time: 0 exit time: 16
[SAT] Agent 15 entry time: 0 exit time: 15
[SAT] Agent 16 entry time: 5 exit time: 18
[SAT] Agent 18 entry time: 3 exit time: 56
[SAT] Agent 19 entry time: 13 exit time: 56
[SAT] Agent 20 entry time: 0 exit time: 56
[SAT] Agent 21 entry time: 3 exit time: 56
[SAT] Agent 22 entry time: 6 exit time: 56
[SAT] Agent 52 entry time: 0 exit time: 56
[SAT] Agent 53 entry time: 1 exit time: 2
[SAT] Agent 211 entry time: 5 exit time: 7
[SAT] Agent 84 entry time: 23 exit time: 56
[SAT] Agent 212 entry time: 10 exit time: 56
[SAT] Agent 85 entry time: 11 exit time: 55
[SAT] Agent 54 entry time: 4 exit time: 56
[SAT] Agent 56 entry time: 1 exit time: 22
[SAT] Agent 213 entry time: 24 exit time: 24
[SAT] Agent 86 entry time: 0 exit time: 34
[SAT] Agent 214 entry time: 26 exit time: 56
[SAT] Agent 87 entry time: 0 exit time: 56
[SAT] Agent 57 entry time: 0 exit time: 56
[SAT] Agent 58 entry time: 1 exit time: 56
[SAT] Agent 59 entry time: 0 exit time: 9
[SAT] Agent 215 entry time: 17 exit time: 56
[SAT] Agent 88 entry time: 0 exit time: 0
[SAT] Agent 60 entry time: 0 exit time: 56
[SAT] Agent 61 entry time: 0 exit time: 56
[SAT] Agent 62 entry time: 6 exit time: 26
[SAT] Agent 216 entry time: 30 exit time: 41
[SAT] Agent 89 entry time: 0 exit time: 40
[SAT] Agent 63 entry time: 19 exit time: 56
[SAT] Agent 64 entry time: 10 exit time: 56
[SAT] Agent 65 entry time: 7 exit time: 56
[SAT] Agent 66 entry time: 6 exit time: 56
[SAT] Agent 67 entry time: 0 exit time: 56
[SAT] Agent 68 entry time: 2 exit time: 56
[SAT] Agent 69 entry time: 10 exit time: 56
[SAT] Agent 70 entry time: 0 exit time: 31
[SAT] Agent 71 entry time: 1 exit time: 56
[SAT] Agent 72 entry time: 4 exit time: 56
[SAT] Agent 217 entry time: 14 exit time: 43
[SAT] Agent 90 entry time: 0 exit time: 47
[SAT] Agent 218 entry time: 49 exit time: 56
[SAT] Agent 91 entry time: 0 exit time: 6
[SAT] Agent 219 entry time: 27 exit time: 27
[SAT] Agent 92 entry time: 0 exit time: 56
[SAT] Agent 220 entry time: 30 exit time: 56
[SAT] Agent 93 entry time: 8 exit time: 56
[SAT] Agent 221 entry time: 2 exit time: 33
[SAT] Agent 94 entry time: 1 exit time: 56
[SAT] Agent 222 entry time: 35 exit time: 56
[SAT] Agent 95 entry time: 6 exit time: 56
[SAT] Agent 223 entry time: 42 exit time: 56
[SAT] Agent 96 entry time: 3 exit time: 56
[SAT] Agent 224 entry time: 52 exit time: 56
[SAT] Agent 97 entry time: 0 exit time: 56
[SAT] Agent 225 entry time: 14 exit time: 56
[SAT] Agent 98 entry time: 0 exit time: 56
[SAT] Agent 99 entry time: 0 exit time: 56
[SAT] Agent 226 entry time: 3 exit time: 3
[SAT] Agent 100 entry time: 0 exit time: 56
[SAT] Agent 227 entry time: 5 exit time: 5
[SAT] Agent 101 entry time: 0 exit time: 1
[SAT] Agent 228 entry time: 7 exit time: 7
[SAT] Agent 229 entry time: 14 exit time: 56
[SAT] Agent 102 entry time: 0 exit time: 36

[SAT] Start time: 0 End time: 56

[SAT] Solving local zone with SAT iteration 1...
[SAT] Local CNF: 27880618 clauses 

DEBUG: Adding 27880618 new clauses to MiniSAT (incremental run)
[SAT] Local problem appears to be unsatisfiable in current zone
[Waiting_time_Solve] No solution found, trying to apply waiting time:2
[Waiting_time_Solve] No waiting time applied
[Waiting_time_Solve] No solution found
[Waiting_time_Solve] Restoring original paths
[Waiting_time_Solve] Restoring waiting times
[Current_Solution] Restored waiting times from backup
[Current_Solution] Restored paths from backup
[Solve_local_zone] Zone with expansion factor 2failed
[Solve_local_zone] Expanding zone with offset 4 (original: 1)
[LOCAL ZONE] Found newly touched conflict 1213 at position (22,5)
[LOCAL ZONE] Found newly touched conflict 2 at position (41,27)
[LOCAL ZONE] Found newly touched conflict 8 at position (61,21)
[Solve_local_zone] Final expanded zone contains 1935 positions with 1953 conflicts 
[Solve_local_zone] New time window: [0, 56]
[Solve_local_zone] Current local zone size: 1935 (53.0719% of all walkable positions)
[Solve_local_zone] Local zone time window: [0, 56]
[Create_Local_problem] Agent 0 returned to the zone 1 times within time window
[Current_Solution] Agent 4 used 46 waiting timesteps, 133 remaining
[Current_Solution] Agent 5 used 28 waiting timesteps, 133 remaining
[Current_Solution] Agent 7 used 21 waiting timesteps, 133 remaining
[Create_Local_problem] Agent 9 returned to the zone 2 times within time window
[Create_Local_problem] Agent 25 returned to the zone 2 times within time window
[Current_Solution] Agent 33 used 1 waiting timesteps, 133 remaining
[Current_Solution] Agent 35 used 43 waiting timesteps, 133 remaining
[Current_Solution] Agent 52 used 6 waiting timesteps, 133 remaining
[Create_Local_problem] Agent 59 returned to the zone 2 times within time window
[Create_Local_problem] Agent 62 returned to the zone 2 times within time window
[Current_Solution] Agent 62 used 14 waiting timesteps, 133 remaining
[Create_Local_problem] Agent 63 returned to the zone 1 times within time window
[Current_Solution] Agent 63 used 1 waiting timesteps, 133 remaining
[Current_Solution] Agent 73 used 29 waiting timesteps, 133 remaining
[Current_Solution] Agent 82 used 46 waiting timesteps, 133 remaining
[Create_Local_problem] Agent 83 returned to the zone 1 times within time window
[Current_Solution] Agent 85 used 1 waiting timesteps, 133 remaining
[Create_Local_problem] Agent 91 returned to the zone 2 times within time window
[Current_Solution] Agent 91 used 24 waiting timesteps, 133 remaining
[Current_Solution] Agent 93 used 44 waiting timesteps, 133 remaining
[Create_Local_problem] Agent 101 returned to the zone 2 times within time window
[Current_Solution] Agent 101 used 29 waiting timesteps, 133 remaining
[Current_Solution] Agent 103 used 2 waiting timesteps, 133 remaining
[Current_Solution] Agent 104 used 54 waiting timesteps, 133 remaining
[Current_Solution] Agent 106 used 6 waiting timesteps, 133 remaining
[Current_Solution] Agent 108 used 23 waiting timesteps, 133 remaining
[Create_Local_problem] Agent 111 returned to the zone 1 times within time window
[Current_Solution] Agent 113 used 39 waiting timesteps, 133 remaining
[Current_Solution] Agent 116 used 44 waiting timesteps, 133 remaining
[Create_Local_problem] Agent 130 returned to the zone 2 times within time window
[Create_Local_problem] Agent 137 returned to the zone 1 times within time window
[Current_Solution] Agent 138 used 15 waiting timesteps, 133 remaining
[Create_Local_problem] Agent 140 returned to the zone 1 times within time window
[Current_Solution] Agent 140 used 21 waiting timesteps, 133 remaining
[Create_Local_problem] Agent 141 returned to the zone 1 times within time window
[Create_Local_problem] Agent 142 returned to the zone 1 times within time window
[Create_Local_problem] Agent 144 returned to the zone 1 times within time window
[Current_Solution] Agent 145 used 49 waiting timesteps, 133 remaining
[Current_Solution] Agent 147 used 25 waiting timesteps, 133 remaining
[Current_Solution] Agent 153 used 52 waiting timesteps, 133 remaining
[Create_Local_problem] Agent 155 returned to the zone 1 times within time window
[Current_Solution] Agent 155 used 10 waiting timesteps, 133 remaining
[Current_Solution] Agent 156 used 36 waiting timesteps, 133 remaining
[Current_Solution] Agent 157 used 44 waiting timesteps, 133 remaining
[Current_Solution] Agent 166 used 22 waiting timesteps, 133 remaining
[Current_Solution] Agent 168 used 12 waiting timesteps, 133 remaining
[Create_Local_problem] Agent 174 returned to the zone 1 times within time window
[Current_Solution] Agent 174 used 33 waiting timesteps, 133 remaining
[Create_Local_problem] Agent 176 returned to the zone 1 times within time window
[Current_Solution] Agent 180 used 47 waiting timesteps, 133 remaining
[Current_Solution] Agent 182 used 2 waiting timesteps, 133 remaining
[Current_Solution] Agent 187 used 40 waiting timesteps, 133 remaining
[Create_Local_problem] Agent 188 returned to the zone 2 times within time window
[Current_Solution] Agent 195 used 29 waiting timesteps, 133 remaining
[Current_Solution] Agent 196 used 42 waiting timesteps, 133 remaining
[Current_Solution] Agent 197 used 48 waiting timesteps, 133 remaining
[Waiting_time_Solve] Agent 0 has waiting time 87
[Waiting_time_Solve] Agent 1 has waiting time 57
[Waiting_time_Solve] Agent 2 has waiting time 107
[Waiting_time_Solve] Agent 3 has waiting time 11
[Waiting_time_Solve] Agent 4 has waiting time 133
[Waiting_time_Solve] Agent 5 has waiting time 133
[Waiting_time_Solve] Agent 6 has waiting time 97
[Waiting_time_Solve] Agent 7 has waiting time 133
[Waiting_time_Solve] Agent 8 has waiting time 74
[Waiting_time_Solve] Agent 9 has waiting time 3
[Waiting_time_Solve] Agent 10 has waiting time 0
[Waiting_time_Solve] Agent 11 has waiting time 117
[Waiting_time_Solve] Agent 12 has waiting time 120
[Waiting_time_Solve] Agent 13 has waiting time 2
[Waiting_time_Solve] Agent 14 has waiting time 107
[Waiting_time_Solve] Agent 15 has waiting time 164
[Waiting_time_Solve] Agent 16 has waiting time 165
[Waiting_time_Solve] Agent 17 has waiting time 170
[Waiting_time_Solve] Agent 18 has waiting time 116
[Waiting_time_Solve] Agent 19 has waiting time 103
[Waiting_time_Solve] Agent 20 has waiting time 25
[Waiting_time_Solve] Agent 21 has waiting time 92
[Waiting_time_Solve] Agent 22 has waiting time 117
[Waiting_time_Solve] Agent 23 has waiting time 88
[Waiting_time_Solve] Agent 24 has waiting time 117
[Waiting_time_Solve] Agent 25 has waiting time 160
[Waiting_time_Solve] Agent 26 has waiting time 74
[Waiting_time_Solve] Agent 27 has waiting time 27
[Waiting_time_Solve] Agent 28 has waiting time 114
[Waiting_time_Solve] Agent 29 has waiting time 65
[Waiting_time_Solve] Agent 30 has waiting time 8
[Waiting_time_Solve] Agent 31 has waiting time 10
[Waiting_time_Solve] Agent 32 has waiting time 100
[Waiting_time_Solve] Agent 33 has waiting time 133
[Waiting_time_Solve] Agent 34 has waiting time 27
[Waiting_time_Solve] Agent 35 has waiting time 133
[Waiting_time_Solve] Agent 36 has waiting time 61
[Waiting_time_Solve] Agent 37 has waiting time 82
[Waiting_time_Solve] Agent 38 has waiting time 11
[Waiting_time_Solve] Agent 39 has waiting time 55
[Waiting_time_Solve] Agent 40 has waiting time 40
[Waiting_time_Solve] Agent 41 has waiting time 116
[Waiting_time_Solve] Agent 42 has waiting time 119
[Waiting_time_Solve] Agent 43 has waiting time 129
[Waiting_time_Solve] Agent 44 has waiting time 178
[Waiting_time_Solve] Agent 45 has waiting time 0
[Waiting_time_Solve] Agent 46 has waiting time 116
[Waiting_time_Solve] Agent 47 has waiting time 10
[Waiting_time_Solve] Agent 48 has waiting time 178
[Waiting_time_Solve] Agent 49 has waiting time 37
[Waiting_time_Solve] Agent 50 has waiting time 47
[Waiting_time_Solve] Agent 51 has waiting time 183
[Waiting_time_Solve] Agent 52 has waiting time 133
[Waiting_time_Solve] Agent 53 has waiting time 29
[Waiting_time_Solve] Agent 54 has waiting time 115
[Waiting_time_Solve] Agent 55 has waiting time 177
[Waiting_time_Solve] Agent 56 has waiting time 21
[Waiting_time_Solve] Agent 57 has waiting time 111
[Waiting_time_Solve] Agent 58 has waiting time 45
[Waiting_time_Solve] Agent 59 has waiting time 103
[Waiting_time_Solve] Agent 60 has waiting time 93
[Waiting_time_Solve] Agent 61 has waiting time 113
[Waiting_time_Solve] Agent 62 has waiting time 133
[Waiting_time_Solve] Agent 63 has waiting time 133
[Waiting_time_Solve] Agent 64 has waiting time 117
[Waiting_time_Solve] Agent 65 has waiting time 35
[Waiting_time_Solve] Agent 66 has waiting time 106
[Waiting_time_Solve] Agent 67 has waiting time 41
[Waiting_time_Solve] Agent 68 has waiting time 78
[Waiting_time_Solve] Agent 69 has waiting time 67
[Waiting_time_Solve] Agent 70 has waiting time 135
[Waiting_time_Solve] Agent 71 has waiting time 57
[Waiting_time_Solve] Agent 72 has waiting time 60
[Waiting_time_Solve] Agent 73 has waiting time 133
[Waiting_time_Solve] Agent 74 has waiting time 188
[Waiting_time_Solve] Agent 75 has waiting time 65
[Waiting_time_Solve] Agent 76 has waiting time 46
[Waiting_time_Solve] Agent 77 has waiting time 117
[Waiting_time_Solve] Agent 78 has waiting time 115
[Waiting_time_Solve] Agent 79 has waiting time 21
[Waiting_time_Solve] Agent 80 has waiting time 5
[Waiting_time_Solve] Agent 81 has waiting time 138
[Waiting_time_Solve] Agent 82 has waiting time 133
[Waiting_time_Solve] Agent 83 has waiting time 39
[Waiting_time_Solve] Agent 84 has waiting time 85
[Waiting_time_Solve] Agent 85 has waiting time 133
[Waiting_time_Solve] Agent 86 has waiting time 152
[Waiting_time_Solve] Agent 87 has waiting time 88
[Waiting_time_Solve] Agent 88 has waiting time 95
[Waiting_time_Solve] Agent 89 has waiting time 125
[Waiting_time_Solve] Agent 90 has waiting time 82
[Waiting_time_Solve] Agent 91 has waiting time 133
[Waiting_time_Solve] Agent 92 has waiting time 124
[Waiting_time_Solve] Agent 93 has waiting time 133
[Waiting_time_Solve] Agent 94 has waiting time 17
[Waiting_time_Solve] Agent 95 has waiting time 123
[Waiting_time_Solve] Agent 96 has waiting time 90
[Waiting_time_Solve] Agent 97 has waiting time 65
[Waiting_time_Solve] Agent 98 has waiting time 32
[Waiting_time_Solve] Agent 99 has waiting time 65
[Waiting_time_Solve] Agent 100 has waiting time 27
[Waiting_time_Solve] Agent 101 has waiting time 133
[Waiting_time_Solve] Agent 102 has waiting time 50
[Waiting_time_Solve] Agent 103 has waiting time 133
[Waiting_time_Solve] Agent 104 has waiting time 133
[Waiting_time_Solve] Agent 105 has waiting time 89
[Waiting_time_Solve] Agent 106 has waiting time 133
[Waiting_time_Solve] Agent 107 has waiting time 167
[Waiting_time_Solve] Agent 108 has waiting time 133
[Waiting_time_Solve] Agent 109 has waiting time 31
[Waiting_time_Solve] Agent 110 has waiting time 65
[Waiting_time_Solve] Agent 111 has waiting time 60
[Waiting_time_Solve] Agent 112 has waiting time 44
[Waiting_time_Solve] Agent 113 has waiting time 133
[Waiting_time_Solve] Agent 114 has waiting time 12
[Waiting_time_Solve] Agent 115 has waiting time 127
[Waiting_time_Solve] Agent 116 has waiting time 133
[Waiting_time_Solve] Agent 117 has waiting time 46
[Waiting_time_Solve] Agent 118 has waiting time 7
[Waiting_time_Solve] Agent 119 has waiting time 107
[Waiting_time_Solve] Agent 120 has waiting time 75
[Waiting_time_Solve] Agent 121 has waiting time 135
[Waiting_time_Solve] Agent 122 has waiting time 88
[Waiting_time_Solve] Agent 123 has waiting time 36
[Waiting_time_Solve] Agent 124 has waiting time 18
[Waiting_time_Solve] Agent 125 has waiting time 68
[Waiting_time_Solve] Agent 126 has waiting time 92
[Waiting_time_Solve] Agent 127 has waiting time 59
[Waiting_time_Solve] Agent 128 has waiting time 149
[Waiting_time_Solve] Agent 129 has waiting time 33
[Waiting_time_Solve] Agent 130 has waiting time 54
[Waiting_time_Solve] Agent 131 has waiting time 32
[Waiting_time_Solve] Agent 132 has waiting time 186
[Waiting_time_Solve] Agent 133 has waiting time 79
[Waiting_time_Solve] Agent 134 has waiting time 17
[Waiting_time_Solve] Agent 135 has waiting time 82
[Waiting_time_Solve] Agent 136 has waiting time 73
[Waiting_time_Solve] Agent 137 has waiting time 160
[Waiting_time_Solve] Agent 138 has waiting time 133
[Waiting_time_Solve] Agent 139 has waiting time 171
[Waiting_time_Solve] Agent 140 has waiting time 133
[Waiting_time_Solve] Agent 141 has waiting time 96
[Waiting_time_Solve] Agent 142 has waiting time 37
[Waiting_time_Solve] Agent 143 has waiting time 63
[Waiting_time_Solve] Agent 144 has waiting time 32
[Waiting_time_Solve] Agent 145 has waiting time 133
[Waiting_time_Solve] Agent 146 has waiting time 129
[Waiting_time_Solve] Agent 147 has waiting time 133
[Waiting_time_Solve] Agent 148 has waiting time 8
[Waiting_time_Solve] Agent 149 has waiting time 132
[Waiting_time_Solve] Agent 150 has waiting time 51
[Waiting_time_Solve] Agent 151 has waiting time 105
[Waiting_time_Solve] Agent 152 has waiting time 34
[Waiting_time_Solve] Agent 153 has waiting time 133
[Waiting_time_Solve] Agent 154 has waiting time 17
[Waiting_time_Solve] Agent 155 has waiting time 133
[Waiting_time_Solve] Agent 156 has waiting time 133
[Waiting_time_Solve] Agent 157 has waiting time 133
[Waiting_time_Solve] Agent 158 has waiting time 12
[Waiting_time_Solve] Agent 159 has waiting time 77
[Waiting_time_Solve] Agent 160 has waiting time 132
[Waiting_time_Solve] Agent 161 has waiting time 21
[Waiting_time_Solve] Agent 162 has waiting time 26
[Waiting_time_Solve] Agent 163 has waiting time 137
[Waiting_time_Solve] Agent 164 has waiting time 78
[Waiting_time_Solve] Agent 165 has waiting time 57
[Waiting_time_Solve] Agent 166 has waiting time 133
[Waiting_time_Solve] Agent 167 has waiting time 148
[Waiting_time_Solve] Agent 168 has waiting time 133
[Waiting_time_Solve] Agent 169 has waiting time 4
[Waiting_time_Solve] Agent 170 has waiting time 133
[Waiting_time_Solve] Agent 171 has waiting time 2
[Waiting_time_Solve] Agent 172 has waiting time 84
[Waiting_time_Solve] Agent 173 has waiting time 109
[Waiting_time_Solve] Agent 174 has waiting time 133
[Waiting_time_Solve] Agent 175 has waiting time 3
[Waiting_time_Solve] Agent 176 has waiting time 114
[Waiting_time_Solve] Agent 177 has waiting time 40
[Waiting_time_Solve] Agent 178 has waiting time 85
[Waiting_time_Solve] Agent 179 has waiting time 11
[Waiting_time_Solve] Agent 180 has waiting time 133
[Waiting_time_Solve] Agent 181 has waiting time 70
[Waiting_time_Solve] Agent 182 has waiting time 133
[Waiting_time_Solve] Agent 183 has waiting time 83
[Waiting_time_Solve] Agent 184 has waiting time 20
[Waiting_time_Solve] Agent 185 has waiting time 42
[Waiting_time_Solve] Agent 186 has waiting time 42
[Waiting_time_Solve] Agent 187 has waiting time 133
[Waiting_time_Solve] Agent 188 has waiting time 132
[Waiting_time_Solve] Agent 189 has waiting time 44
[Waiting_time_Solve] Agent 190 has waiting time 32
[Waiting_time_Solve] Agent 191 has waiting time 92
[Waiting_time_Solve] Agent 192 has waiting time 43
[Waiting_time_Solve] Agent 193 has waiting time 36
[Waiting_time_Solve] Agent 194 has waiting time 85
[Waiting_time_Solve] Agent 195 has waiting time 133
[Waiting_time_Solve] Agent 196 has waiting time 133
[Waiting_time_Solve] Agent 197 has waiting time 133
[Waiting_time_Solve] Agent 198 has waiting time 23
[Waiting_time_Solve] Agent 199 has waiting time 118
[Waiting_time_Solve] Total available waiting time: 17465
[Waiting_time_Solve] Max iterations: 17465
[Waiting_time_Solve] Iteration 0...
[Waiting_time_Solve] Agent 188 pseudo agents: 226 227 
[Waiting_time_Solve] Agent 176 pseudo agents: 225 
[Waiting_time_Solve] Agent 174 pseudo agents: 224 
[Waiting_time_Solve] Agent 155 pseudo agents: 223 
[Waiting_time_Solve] Agent 144 pseudo agents: 222 
[Waiting_time_Solve] Agent 142 pseudo agents: 221 
[Waiting_time_Solve] Agent 141 pseudo agents: 220 
[Waiting_time_Solve] Agent 140 pseudo agents: 219 
[Waiting_time_Solve] Agent 137 pseudo agents: 218 
[Waiting_time_Solve] Agent 9 pseudo agents: 201 202 
[Waiting_time_Solve] Agent 63 pseudo agents: 209 
[Waiting_time_Solve] Agent 62 pseudo agents: 207 208 
[Waiting_time_Solve] Agent 130 pseudo agents: 216 217 
[Waiting_time_Solve] Agent 59 pseudo agents: 205 206 
[Waiting_time_Solve] Agent 0 pseudo agents: 200 
[Waiting_time_Solve] Agent 25 pseudo agents: 203 204 
[Waiting_time_Solve] Agent 83 pseudo agents: 210 
[Waiting_time_Solve] Agent 91 pseudo agents: 211 212 
[Waiting_time_Solve] Agent 101 pseudo agents: 213 214 
[Waiting_time_Solve] Agent 111 pseudo agents: 215 
[SAT] Start solving CNF: 37085689 clauses and 298408 variables
[SAT] Agent 199 entry time: 0 exit time: 56
[SAT] Agent 198 entry time: 10 exit time: 56
[SAT] Agent 197 entry time: 0 exit time: 56
[SAT] Agent 196 entry time: 0 exit time: 56
[SAT] Agent 195 entry time: 3 exit time: 56
[SAT] Agent 194 entry time: 0 exit time: 56
[SAT] Agent 193 entry time: 0 exit time: 56
[SAT] Agent 192 entry time: 17 exit time: 56
[SAT] Agent 191 entry time: 3 exit time: 56
[SAT] Agent 190 entry time: 0 exit time: 56
[SAT] Agent 189 entry time: 0 exit time: 56
[SAT] Agent 227 entry time: 37 exit time: 56
[SAT] Agent 226 entry time: 34 exit time: 34
[SAT] Agent 188 entry time: 11 exit time: 32
[SAT] Agent 187 entry time: 3 exit time: 56
[SAT] Agent 186 entry time: 10 exit time: 56
[SAT] Agent 185 entry time: 0 exit time: 56
[SAT] Agent 184 entry time: 6 exit time: 56
[SAT] Agent 183 entry time: 0 exit time: 56
[SAT] Agent 182 entry time: 2 exit time: 56
[SAT] Agent 181 entry time: 2 exit time: 56
[SAT] Agent 180 entry time: 2 exit time: 56
[SAT] Agent 179 entry time: 9 exit time: 56
[SAT] Agent 178 entry time: 27 exit time: 56
[SAT] Agent 177 entry time: 6 exit time: 56
[SAT] Agent 225 entry time: 12 exit time: 56
[SAT] Agent 176 entry time: 0 exit time: 10
[SAT] Agent 175 entry time: 6 exit time: 56
[SAT] Agent 224 entry time: 4 exit time: 56
[SAT] Agent 174 entry time: 1 exit time: 1
[SAT] Agent 173 entry time: 0 exit time: 53
[SAT] Agent 172 entry time: 1 exit time: 56
[SAT] Agent 171 entry time: 2 exit time: 56
[SAT] Agent 170 entry time: 8 exit time: 54
[SAT] Agent 169 entry time: 7 exit time: 56
[SAT] Agent 168 entry time: 7 exit time: 56
[SAT] Agent 167 entry time: 0 exit time: 40
[SAT] Agent 166 entry time: 6 exit time: 56
[SAT] Agent 165 entry time: 0 exit time: 56
[SAT] Agent 164 entry time: 0 exit time: 56
[SAT] Agent 163 entry time: 0 exit time: 47
[SAT] Agent 162 entry time: 13 exit time: 56
[SAT] Agent 161 entry time: 4 exit time: 56
[SAT] Agent 160 entry time: 0 exit time: 53
[SAT] Agent 159 entry time: 23 exit time: 56
[SAT] Agent 158 entry time: 2 exit time: 56
[SAT] Agent 157 entry time: 0 exit time: 56
[SAT] Agent 156 entry time: 0 exit time: 56
[SAT] Agent 223 entry time: 11 exit time: 56
[SAT] Agent 155 entry time: 0 exit time: 8
[SAT] Agent 154 entry time: 10 exit time: 56
[SAT] Agent 153 entry time: 0 exit time: 56
[SAT] Agent 152 entry time: 2 exit time: 56
[SAT] Agent 151 entry time: 5 exit time: 56
[SAT] Agent 150 entry time: 2 exit time: 56
[SAT] Agent 149 entry time: 0 exit time: 51
[SAT] Agent 148 entry time: 0 exit time: 56
[SAT] Agent 147 entry time: 0 exit time: 56
[SAT] Agent 146 entry time: 0 exit time: 56
[SAT] Agent 145 entry time: 7 exit time: 56
[SAT] Agent 222 entry time: 6 exit time: 56
[SAT] Agent 144 entry time: 4 exit time: 4
[SAT] Agent 143 entry time: 5 exit time: 56
[SAT] Agent 221 entry time: 38 exit time: 56
[SAT] Agent 142 entry time: 12 exit time: 35
[SAT] Agent 220 entry time: 43 exit time: 56
[SAT] Agent 141 entry time: 14 exit time: 40
[SAT] Agent 219 entry time: 6 exit time: 56
[SAT] Agent 140 entry time: 3 exit time: 3
[SAT] Agent 138 entry time: 0 exit time: 56
[SAT] Agent 218 entry time: 26 exit time: 26
[SAT] Agent 137 entry time: 0 exit time: 24
[SAT] Agent 136 entry time: 6 exit time: 56
[SAT] Agent 135 entry time: 0 exit time: 56
[SAT] Agent 134 entry time: 0 exit time: 56
[SAT] Agent 133 entry time: 0 exit time: 56
[SAT] Agent 131 entry time: 6 exit time: 56
[SAT] Agent 217 entry time: 36 exit time: 56
[SAT] Agent 216 entry time: 33 exit time: 33
[SAT] Agent 130 entry time: 3 exit time: 31
[SAT] Agent 129 entry time: 5 exit time: 56
[SAT] Agent 128 entry time: 0 exit time: 25
[SAT] Agent 127 entry time: 13 exit time: 56
[SAT] Agent 126 entry time: 0 exit time: 56
[SAT] Agent 125 entry time: 0 exit time: 56
[SAT] Agent 124 entry time: 0 exit time: 56
[SAT] Agent 123 entry time: 0 exit time: 56
[SAT] Agent 122 entry time: 0 exit time: 56
[SAT] Agent 121 entry time: 2 exit time: 28
[SAT] Agent 120 entry time: 1 exit time: 56
[SAT] Agent 119 entry time: 0 exit time: 56
[SAT] Agent 118 entry time: 7 exit time: 56
[SAT] Agent 117 entry time: 0 exit time: 56
[SAT] Agent 58 entry time: 0 exit time: 56
[SAT] Agent 57 entry time: 0 exit time: 56
[SAT] Agent 56 entry time: 0 exit time: 56
[SAT] Agent 54 entry time: 3 exit time: 56
[SAT] Agent 53 entry time: 0 exit time: 56
[SAT] Agent 52 entry time: 0 exit time: 56
[SAT] Agent 50 entry time: 0 exit time: 56
[SAT] Agent 49 entry time: 0 exit time: 56
[SAT] Agent 47 entry time: 0 exit time: 56
[SAT] Agent 46 entry time: 0 exit time: 56
[SAT] Agent 45 entry time: 3 exit time: 56
[SAT] Agent 43 entry time: 1 exit time: 56
[SAT] Agent 42 entry time: 3 exit time: 56
[SAT] Agent 41 entry time: 0 exit time: 56
[SAT] Agent 40 entry time: 5 exit time: 56
[SAT] Agent 39 entry time: 0 exit time: 56
[SAT] Agent 38 entry time: 8 exit time: 56
[SAT] Agent 37 entry time: 0 exit time: 56
[SAT] Agent 36 entry time: 0 exit time: 56
[SAT] Agent 35 entry time: 0 exit time: 56
[SAT] Agent 34 entry time: 10 exit time: 56
[SAT] Agent 33 entry time: 0 exit time: 56
[SAT] Agent 32 entry time: 0 exit time: 56
[SAT] Agent 31 entry time: 9 exit time: 56
[SAT] Agent 30 entry time: 2 exit time: 56
[SAT] Agent 29 entry time: 0 exit time: 56
[SAT] Agent 28 entry time: 0 exit time: 56
[SAT] Agent 27 entry time: 2 exit time: 56
[SAT] Agent 204 entry time: 12 exit time: 27
[SAT] Agent 77 entry time: 7 exit time: 56
[SAT] Agent 9 entry time: 0 exit time: 26
[SAT] Agent 8 entry time: 1 exit time: 56
[SAT] Agent 7 entry time: 0 exit time: 56
[SAT] Agent 6 entry time: 3 exit time: 56
[SAT] Agent 4 entry time: 0 exit time: 56
[SAT] Agent 3 entry time: 0 exit time: 56
[SAT] Agent 2 entry time: 0 exit time: 56
[SAT] Agent 1 entry time: 0 exit time: 56
[SAT] Agent 5 entry time: 0 exit time: 56
[SAT] Agent 0 entry time: 7 exit time: 7
[SAT] Agent 26 entry time: 0 exit time: 56
[SAT] Agent 203 entry time: 10 exit time: 10
[SAT] Agent 76 entry time: 4 exit time: 56
[SAT] Agent 10 entry time: 20 exit time: 56
[SAT] Agent 11 entry time: 0 exit time: 56
[SAT] Agent 12 entry time: 0 exit time: 56
[SAT] Agent 13 entry time: 7 exit time: 56
[SAT] Agent 14 entry time: 0 exit time: 56
[SAT] Agent 15 entry time: 0 exit time: 15
[SAT] Agent 16 entry time: 4 exit time: 19
[SAT] Agent 18 entry time: 2 exit time: 56
[SAT] Agent 19 entry time: 12 exit time: 56
[SAT] Agent 20 entry time: 0 exit time: 56
[SAT] Agent 21 entry time: 0 exit time: 56
[SAT] Agent 22 entry time: 5 exit time: 56
[SAT] Agent 200 entry time: 9 exit time: 56
[SAT] Agent 73 entry time: 7 exit time: 56
[SAT] Agent 23 entry time: 0 exit time: 56
[SAT] Agent 201 entry time: 32 exit time: 32
[SAT] Agent 24 entry time: 0 exit time: 56
[SAT] Agent 202 entry time: 35 exit time: 56
[SAT] Agent 75 entry time: 0 exit time: 56
[SAT] Agent 25 entry time: 0 exit time: 8
[SAT] Agent 59 entry time: 0 exit time: 10
[SAT] Agent 205 entry time: 12 exit time: 12
[SAT] Agent 78 entry time: 11 exit time: 56
[SAT] Agent 206 entry time: 16 exit time: 56
[SAT] Agent 79 entry time: 0 exit time: 56
[SAT] Agent 60 entry time: 0 exit time: 56
[SAT] Agent 61 entry time: 0 exit time: 56
[SAT] Agent 62 entry time: 1 exit time: 3
[SAT] Agent 207 entry time: 5 exit time: 27
[SAT] Agent 80 entry time: 0 exit time: 56
[SAT] Agent 208 entry time: 29 exit time: 56
[SAT] Agent 81 entry time: 0 exit time: 46
[SAT] Agent 63 entry time: 15 exit time: 16
[SAT] Agent 209 entry time: 18 exit time: 56
[SAT] Agent 82 entry time: 0 exit time: 56
[SAT] Agent 64 entry time: 9 exit time: 56
[SAT] Agent 65 entry time: 6 exit time: 56
[SAT] Agent 66 entry time: 5 exit time: 56
[SAT] Agent 67 entry time: 0 exit time: 56
[SAT] Agent 68 entry time: 1 exit time: 56
[SAT] Agent 69 entry time: 7 exit time: 56
[SAT] Agent 70 entry time: 0 exit time: 31
[SAT] Agent 71 entry time: 0 exit time: 56
[SAT] Agent 72 entry time: 0 exit time: 56
[SAT] Agent 83 entry time: 10 exit time: 10
[SAT] Agent 210 entry time: 12 exit time: 56
[SAT] Agent 84 entry time: 22 exit time: 56
[SAT] Agent 211 entry time: 11 exit time: 11
[SAT] Agent 85 entry time: 10 exit time: 56
[SAT] Agent 212 entry time: 13 exit time: 56
[SAT] Agent 86 entry time: 0 exit time: 35
[SAT] Agent 213 entry time: 10 exit time: 10
[SAT] Agent 87 entry time: 0 exit time: 56
[SAT] Agent 214 entry time: 13 exit time: 56
[SAT] Agent 88 entry time: 0 exit time: 56
[SAT] Agent 215 entry time: 32 exit time: 56
[SAT] Agent 89 entry time: 0 exit time: 56
[SAT] Agent 90 entry time: 0 exit time: 56
[SAT] Agent 91 entry time: 0 exit time: 7
[SAT] Agent 92 entry time: 0 exit time: 56
[SAT] Agent 93 entry time: 7 exit time: 56
[SAT] Agent 94 entry time: 0 exit time: 56
[SAT] Agent 95 entry time: 4 exit time: 56
[SAT] Agent 96 entry time: 2 exit time: 56
[SAT] Agent 97 entry time: 0 exit time: 56
[SAT] Agent 98 entry time: 0 exit time: 56
[SAT] Agent 99 entry time: 0 exit time: 56
[SAT] Agent 100 entry time: 0 exit time: 56
[SAT] Agent 101 entry time: 0 exit time: 8
[SAT] Agent 102 entry time: 0 exit time: 56
[SAT] Agent 103 entry time: 0 exit time: 56
[SAT] Agent 104 entry time: 0 exit time: 56
[SAT] Agent 105 entry time: 0 exit time: 56
[SAT] Agent 106 entry time: 5 exit time: 56
[SAT] Agent 107 entry time: 0 exit time: 13
[SAT] Agent 108 entry time: 6 exit time: 56
[SAT] Agent 109 entry time: 3 exit time: 56
[SAT] Agent 110 entry time: 20 exit time: 56
[SAT] Agent 111 entry time: 0 exit time: 29
[SAT] Agent 112 entry time: 0 exit time: 56
[SAT] Agent 113 entry time: 0 exit time: 56
[SAT] Agent 114 entry time: 0 exit time: 56
[SAT] Agent 115 entry time: 0 exit time: 46
[SAT] Agent 116 entry time: 0 exit time: 56

[SAT] Start time: 0 End time: 56

[SAT] Solving local zone with SAT iteration 1...
[SAT] Local CNF: 37085689 clauses 

DEBUG: Adding 37085689 new clauses to MiniSAT (incremental run)
DEBUG: Clause load summary: input=37085689, added=37085689, tautologies_skipped=0, duplicates_skipped=0, unit_clauses=1768, empties=0, intra_clause_literals_removed=0, added_but_db_unchanged=2080
DEBUG: After adding clauses, solver has 37081841 clauses and 298408 variables
DEBUG: MiniSAT found 298408 variables
DEBUG: Assignment size: 298408
DEBUG: First few assignment values: 1 0 1 0 1 0 1 0 1 0 

=== DEBUG: cnf_assignment_to_paths ===
Input assignment size: 298408

=== END DEBUG ===
[SAT] Found 2851 vertex collisions and 180 edge collisions
[SAT] Adding collision clauses and solving again...
[SAT] Solving local zone with SAT iteration 2...
[SAT] Local CNF: 37088720 clauses 

DEBUG: Adding 3031 new clauses to MiniSAT (incremental run)
[SAT] Previous assignment invalidated by new clauses, reset solver and retrying without assumptions...
DEBUG: Adding 37088720 new clauses to MiniSAT (incremental run)
[SAT] Local problem appears to be unsatisfiable in current zone
[Waiting_time_Solve] No solution found, trying to apply waiting time:1
[Waiting_time_Solve] Applying waiting time 1 to agent 156 who has waiting time 133
[Current_Solution] Agent 156 used 1 waiting timesteps, 132 remaining
[Waiting_time_Solve] New path is consistent after applying waiting time for agent 156
[Current_Solution] Agent 156 used 1 waiting timesteps, 131 remaining
[Waiting_time_Solve] Applied 1 waiting time  for agent 156 who has waiting time 131
[Waiting_time_Solve] Applying waiting time 1 to agent 33 who has waiting time 133
[Current_Solution] Agent 33 used 1 waiting timesteps, 132 remaining
[Waiting_time_Solve] New path is consistent after applying waiting time for agent 33
[Current_Solution] Agent 33 used 1 waiting timesteps, 131 remaining
[Waiting_time_Solve] Applied 1 waiting time  for agent 33 who has waiting time 131
[Waiting_time_Solve] Applying waiting time 1 to agent 4 who has waiting time 133
[Current_Solution] Agent 4 used 1 waiting timesteps, 132 remaining
[Waiting_time_Solve] New path is consistent after applying waiting time for agent 4
[Current_Solution] Agent 4 used 1 waiting timesteps, 131 remaining
[Waiting_time_Solve] Applied 1 waiting time  for agent 4 who has waiting time 131
[Waiting_time_Solve] Applying waiting time 1 to agent 82 who has waiting time 133
[Current_Solution] Agent 82 used 1 waiting timesteps, 132 remaining
[Waiting_time_Solve] New path is consistent after applying waiting time for agent 82
[Current_Solution] Agent 82 used 1 waiting timesteps, 131 remaining
[Waiting_time_Solve] Applied 1 waiting time  for agent 82 who has waiting time 131
[Waiting_time_Solve] Applying waiting time 1 to agent 187 who has waiting time 133
[Current_Solution] Agent 187 used 1 waiting timesteps, 132 remaining
[Waiting_time_Solve] New path is consistent after applying waiting time for agent 187
[Current_Solution] Agent 187 used 1 waiting timesteps, 131 remaining
[Waiting_time_Solve] Applied 1 waiting time  for agent 187 who has waiting time 131
[Waiting_time_Solve] Applying waiting time 1 to agent 7 who has waiting time 133
[Current_Solution] Agent 7 used 1 waiting timesteps, 132 remaining
[Waiting_time_Solve] New path is consistent after applying waiting time for agent 7
[Current_Solution] Agent 7 used 1 waiting timesteps, 131 remaining
[Waiting_time_Solve] Applied 1 waiting time  for agent 7 who has waiting time 131
[Waiting_time_Solve] Applying waiting time 1 to agent 2 who has waiting time 107
[Waiting_time_Solve] New path is consistent after applying waiting time for agent 2
[Current_Solution] Agent 2 used 1 waiting timesteps, 106 remaining
[Waiting_time_Solve] Applied 1 waiting time  for agent 2 who has waiting time 106
[Waiting_time_Solve] Applying waiting time 1 to agent 41 who has waiting time 116
[Waiting_time_Solve] New path is consistent after applying waiting time for agent 41
[Current_Solution] Agent 41 used 1 waiting timesteps, 115 remaining
[Waiting_time_Solve] Applied 1 waiting time  for agent 41 who has waiting time 115
[Waiting_time_Solve] Applying waiting time 1 to agent 91 who has waiting time 133
[Current_Solution] Agent 91 used 1 waiting timesteps, 132 remaining
[Waiting_time_Solve] New path is consistent after applying waiting time for agent 91
[Current_Solution] Agent 91 used 1 waiting timesteps, 131 remaining
[Waiting_time_Solve] Applied 1 waiting time  for agent 91 who has waiting time 131
[Waiting_time_Solve] Applying waiting time 1 to agent 140 who has waiting time 133
[Current_Solution] Agent 140 used 1 waiting timesteps, 132 remaining
[Waiting_time_Solve] New path is consistent after applying waiting time for agent 140
[Current_Solution] Agent 140 used 1 waiting timesteps, 131 remaining
[Waiting_time_Solve] Applied 1 waiting time  for agent 140 who has waiting time 131
[Waiting_time_Solve] Applying waiting time 1 to agent 12 who has waiting time 120
[Waiting_time_Solve] New path is consistent after applying waiting time for agent 12
[Current_Solution] Agent 12 used 1 waiting timesteps, 119 remaining
[Waiting_time_Solve] Applied 1 waiting time  for agent 12 who has waiting time 119
[Waiting_time_Solve] Applying waiting time 1 to agent 14 who has waiting time 107
[Waiting_time_Solve] New path is consistent after applying waiting time for agent 14
[Current_Solution] Agent 14 used 1 waiting timesteps, 106 remaining
[Waiting_time_Solve] Applied 1 waiting time  for agent 14 who has waiting time 106
[Waiting_time_Solve] Applying waiting time 1 to agent 19 who has waiting time 103
[Waiting_time_Solve] New path is consistent after applying waiting time for agent 19
[Current_Solution] Agent 19 used 1 waiting timesteps, 102 remaining
[Waiting_time_Solve] Applied 1 waiting time  for agent 19 who has waiting time 102
[Waiting_time_Solve] Applying waiting time 1 to agent 36 who has waiting time 61
[Waiting_time_Solve] New path is consistent after applying waiting time for agent 36
[Current_Solution] Agent 36 used 1 waiting timesteps, 60 remaining
[Waiting_time_Solve] Applied 1 waiting time  for agent 36 who has waiting time 60
[Waiting_time_Solve] Applying waiting time 1 to agent 20 who has waiting time 25
[Waiting_time_Solve] New path is consistent after applying waiting time for agent 20
[Current_Solution] Agent 20 used 1 waiting timesteps, 24 remaining
[Waiting_time_Solve] Applied 1 waiting time  for agent 20 who has waiting time 24
[Waiting_time_Solve] Applying waiting time 1 to agent 22 who has waiting time 117
[Waiting_time_Solve] New path is consistent after applying waiting time for agent 22
[Current_Solution] Agent 22 used 1 waiting timesteps, 116 remaining
[Waiting_time_Solve] Applied 1 waiting time  for agent 22 who has waiting time 116
[Waiting_time_Solve] Applying waiting time 1 to agent 23 who has waiting time 88
[Waiting_time_Solve] New path is consistent after applying waiting time for agent 23
[Current_Solution] Agent 23 used 1 waiting timesteps, 87 remaining
[Waiting_time_Solve] Applied 1 waiting time  for agent 23 who has waiting time 87
[Waiting_time_Solve] Applying waiting time 1 to agent 27 who has waiting time 27
[Waiting_time_Solve] New path is consistent after applying waiting time for agent 27
[Current_Solution] Agent 27 used 1 waiting timesteps, 26 remaining
[Waiting_time_Solve] Applied 1 waiting time  for agent 27 who has waiting time 26
[Waiting_time_Solve] Applying waiting time 1 to agent 42 who has waiting time 119
[Waiting_time_Solve] New path is consistent after applying waiting time for agent 42
[Current_Solution] Agent 42 used 1 waiting timesteps, 118 remaining
[Waiting_time_Solve] Applied 1 waiting time  for agent 42 who has waiting time 118
[Waiting_time_Solve] Applying waiting time 1 to agent 0 who has waiting time 87
[Waiting_time_Solve] New path is consistent after applying waiting time for agent 0
[Current_Solution] Agent 0 used 1 waiting timesteps, 86 remaining
[Waiting_time_Solve] Applied 1 waiting time  for agent 0 who has waiting time 86
[Waiting_time_Solve] Applying waiting time 1 to agent 76 who has waiting time 46
[Waiting_time_Solve] New path is consistent after applying waiting time for agent 76
[Current_Solution] Agent 76 used 1 waiting timesteps, 45 remaining
[Waiting_time_Solve] Applied 1 waiting time  for agent 76 who has waiting time 45
[Waiting_time_Solve] Applying waiting time 1 to agent 96 who has waiting time 90
[Waiting_time_Solve] New path is consistent after applying waiting time for agent 96
[Current_Solution] Agent 96 used 1 waiting timesteps, 89 remaining
[Waiting_time_Solve] Applied 1 waiting time  for agent 96 who has waiting time 89
[Waiting_time_Solve] Applying waiting time 1 to agent 170 who has waiting time 133
[Waiting_time_Solve] New path is consistent after applying waiting time for agent 170
[Current_Solution] Agent 170 used 1 waiting timesteps, 132 remaining
[Waiting_time_Solve] Applied 1 waiting time  for agent 170 who has waiting time 132
[Waiting_time_Solve] Applying waiting time 1 to agent 101 who has waiting time 133
[Current_Solution] Agent 101 used 1 waiting timesteps, 132 remaining
[Waiting_time_Solve] New path is consistent after applying waiting time for agent 101
[Current_Solution] Agent 101 used 1 waiting timesteps, 131 remaining
[Waiting_time_Solve] Applied 1 waiting time  for agent 101 who has waiting time 131
[Waiting_time_Solve] Applying waiting time 1 to agent 155 who has waiting time 133
[Current_Solution] Agent 155 used 1 waiting timesteps, 132 remaining
[Waiting_time_Solve] New path is consistent after applying waiting time for agent 155
[Current_Solution] Agent 155 used 1 waiting timesteps, 131 remaining
[Waiting_time_Solve] Applied 1 waiting time  for agent 155 who has waiting time 131
[Waiting_time_Solve] Applying waiting time 1 to agent 52 who has waiting time 133
[Current_Solution] Agent 52 used 1 waiting timesteps, 132 remaining
[Waiting_time_Solve] New path is consistent after applying waiting time for agent 52
[Current_Solution] Agent 52 used 1 waiting timesteps, 131 remaining
[Waiting_time_Solve] Applied 1 waiting time  for agent 52 who has waiting time 131
[Waiting_time_Solve] Applying waiting time 1 to agent 5 who has waiting time 133
[Current_Solution] Agent 5 used 1 waiting timesteps, 132 remaining
[Waiting_time_Solve] New path is consistent after applying waiting time for agent 5
[Current_Solution] Agent 5 used 1 waiting timesteps, 131 remaining
[Waiting_time_Solve] Applied 1 waiting time  for agent 5 who has waiting time 131
[Waiting_time_Solve] Applying waiting time 1 to agent 54 who has waiting time 115
[Waiting_time_Solve] New path is consistent after applying waiting time for agent 54
[Current_Solution] Agent 54 used 1 waiting timesteps, 114 remaining
[Waiting_time_Solve] Applied 1 waiting time  for agent 54 who has waiting time 114
[Waiting_time_Solve] Applying waiting time 1 to agent 32 who has waiting time 100
[Waiting_time_Solve] New path is consistent after applying waiting time for agent 32
[Current_Solution] Agent 32 used 1 waiting timesteps, 99 remaining
[Waiting_time_Solve] Applied 1 waiting time  for agent 32 who has waiting time 99
[Waiting_time_Solve] Applying waiting time 1 to agent 56 who has waiting time 21
[Waiting_time_Solve] New path is consistent after applying waiting time for agent 56
[Current_Solution] Agent 56 used 1 waiting timesteps, 20 remaining
[Waiting_time_Solve] Applied 1 waiting time  for agent 56 who has waiting time 20
[Waiting_time_Solve] Applying waiting time 1 to agent 58 who has waiting time 45
[Waiting_time_Solve] New path is consistent after applying waiting time for agent 58
[Current_Solution] Agent 58 used 1 waiting timesteps, 44 remaining
[Waiting_time_Solve] Applied 1 waiting time  for agent 58 who has waiting time 44
[Waiting_time_Solve] Applying waiting time 1 to agent 73 who has waiting time 133
[Current_Solution] Agent 73 used 1 waiting timesteps, 132 remaining
[Waiting_time_Solve] New path is consistent after applying waiting time for agent 73
[Current_Solution] Agent 73 used 1 waiting timesteps, 131 remaining
[Waiting_time_Solve] Applied 1 waiting time  for agent 73 who has waiting time 131
[Waiting_time_Solve] Applying waiting time 1 to agent 64 who has waiting time 117
[Waiting_time_Solve] New path is consistent after applying waiting time for agent 64
[Current_Solution] Agent 64 used 1 waiting timesteps, 116 remaining
[Waiting_time_Solve] Applied 1 waiting time  for agent 64 who has waiting time 116
[Waiting_time_Solve] Applying waiting time 1 to agent 106 who has waiting time 133
[Current_Solution] Agent 106 used 1 waiting timesteps, 132 remaining
[Waiting_time_Solve] New path is consistent after applying waiting time for agent 106
[Current_Solution] Agent 106 used 1 waiting timesteps, 131 remaining
[Waiting_time_Solve] Applied 1 waiting time  for agent 106 who has waiting time 131
[Waiting_time_Solve] Applying waiting time 1 to agent 66 who has waiting time 106
[Waiting_time_Solve] New path is consistent after applying waiting time for agent 66
[Current_Solution] Agent 66 used 1 waiting timesteps, 105 remaining
[Waiting_time_Solve] Applied 1 waiting time  for agent 66 who has waiting time 105
[Waiting_time_Solve] Applying waiting time 1 to agent 18 who has waiting time 116
[Waiting_time_Solve] New path is consistent after applying waiting time for agent 18
[Current_Solution] Agent 18 used 1 waiting timesteps, 115 remaining
[Waiting_time_Solve] Applied 1 waiting time  for agent 18 who has waiting time 115
[Waiting_time_Solve] Applying waiting time 1 to agent 84 who has waiting time 85
[Waiting_time_Solve] New path is consistent after applying waiting time for agent 84
[Current_Solution] Agent 84 used 1 waiting timesteps, 84 remaining
[Waiting_time_Solve] Applied 1 waiting time  for agent 84 who has waiting time 84
[Waiting_time_Solve] Applying waiting time 1 to agent 77 who has waiting time 117
[Waiting_time_Solve] New path is consistent after applying waiting time for agent 77
[Current_Solution] Agent 77 used 1 waiting timesteps, 116 remaining
[Waiting_time_Solve] Applied 1 waiting time  for agent 77 who has waiting time 116
[Waiting_time_Solve] Applying waiting time 1 to agent 78 who has waiting time 115
[Waiting_time_Solve] New path is consistent after applying waiting time for agent 78
[Current_Solution] Agent 78 used 1 waiting timesteps, 114 remaining
[Waiting_time_Solve] Applied 1 waiting time  for agent 78 who has waiting time 114
[Waiting_time_Solve] Applying waiting time 1 to agent 3 who has waiting time 11
[Waiting_time_Solve] New path is consistent after applying waiting time for agent 3
[Current_Solution] Agent 3 used 1 waiting timesteps, 10 remaining
[Waiting_time_Solve] Applied 1 waiting time  for agent 3 who has waiting time 10
[Waiting_time_Solve] Applying waiting time 1 to agent 148 who has waiting time 8
[Waiting_time_Solve] New path is consistent after applying waiting time for agent 148
[Current_Solution] Agent 148 used 1 waiting timesteps, 7 remaining
[Waiting_time_Solve] Applied 1 waiting time  for agent 148 who has waiting time 7
[Waiting_time_Solve] Applying waiting time 1 to agent 81 who has waiting time 138
[Waiting_time_Solve] New path is consistent after applying waiting time for agent 81
[Current_Solution] Agent 81 used 1 waiting timesteps, 137 remaining
[Waiting_time_Solve] Applied 1 waiting time  for agent 81 who has waiting time 137
[Waiting_time_Solve] Applying waiting time 1 to agent 85 who has waiting time 133
[Current_Solution] Agent 85 used 1 waiting timesteps, 132 remaining
[Waiting_time_Solve] New path is consistent after applying waiting time for agent 85
[Current_Solution] Agent 85 used 1 waiting timesteps, 131 remaining
[Waiting_time_Solve] Applied 1 waiting time  for agent 85 who has waiting time 131
[Waiting_time_Solve] Applying waiting time 1 to agent 88 who has waiting time 95
[Waiting_time_Solve] New path is consistent after applying waiting time for agent 88
[Current_Solution] Agent 88 used 1 waiting timesteps, 94 remaining
[Waiting_time_Solve] Applied 1 waiting time  for agent 88 who has waiting time 94
[Waiting_time_Solve] Applying waiting time 1 to agent 93 who has waiting time 133
[Current_Solution] Agent 93 used 1 waiting timesteps, 132 remaining
[Waiting_time_Solve] New path is consistent after applying waiting time for agent 93
[Current_Solution] Agent 93 used 1 waiting timesteps, 131 remaining
[Waiting_time_Solve] Applied 1 waiting time  for agent 93 who has waiting time 131
[Waiting_time_Solve] Applying waiting time 1 to agent 152 who has waiting time 34
[Waiting_time_Solve] New path is consistent after applying waiting time for agent 152
[Current_Solution] Agent 152 used 1 waiting timesteps, 33 remaining
[Waiting_time_Solve] Applied 1 waiting time  for agent 152 who has waiting time 33
[Waiting_time_Solve] Applying waiting time 1 to agent 97 who has waiting time 65
[Waiting_time_Solve] New path is consistent after applying waiting time for agent 97
[Current_Solution] Agent 97 used 1 waiting timesteps, 64 remaining
[Waiting_time_Solve] Applied 1 waiting time  for agent 97 who has waiting time 64
[Waiting_time_Solve] Applying waiting time 1 to agent 37 who has waiting time 82
[Waiting_time_Solve] New path is consistent after applying waiting time for agent 37
[Current_Solution] Agent 37 used 1 waiting timesteps, 81 remaining
[Waiting_time_Solve] Applied 1 waiting time  for agent 37 who has waiting time 81
[Waiting_time_Solve] Applying waiting time 1 to agent 100 who has waiting time 27
[Waiting_time_Solve] New path is consistent after applying waiting time for agent 100
[Current_Solution] Agent 100 used 1 waiting timesteps, 26 remaining
[Waiting_time_Solve] Applied 1 waiting time  for agent 100 who has waiting time 26
[Waiting_time_Solve] Applying waiting time 1 to agent 105 who has waiting time 89
[Waiting_time_Solve] New path is consistent after applying waiting time for agent 105
[Current_Solution] Agent 105 used 1 waiting timesteps, 88 remaining
[Waiting_time_Solve] Applied 1 waiting time  for agent 105 who has waiting time 88
[Waiting_time_Solve] Applying waiting time 1 to agent 108 who has waiting time 133
[Current_Solution] Agent 108 used 1 waiting timesteps, 132 remaining
[Waiting_time_Solve] New path is consistent after applying waiting time for agent 108
[Current_Solution] Agent 108 used 1 waiting timesteps, 131 remaining
[Waiting_time_Solve] Applied 1 waiting time  for agent 108 who has waiting time 131
[Waiting_time_Solve] Applying waiting time 1 to agent 89 who has waiting time 125
[Waiting_time_Solve] New path is consistent after applying waiting time for agent 89
[Current_Solution] Agent 89 used 1 waiting timesteps, 124 remaining
[Waiting_time_Solve] Applied 1 waiting time  for agent 89 who has waiting time 124
[Waiting_time_Solve] Applying waiting time 1 to agent 116 who has waiting time 133
[Current_Solution] Agent 116 used 1 waiting timesteps, 132 remaining
[Waiting_time_Solve] New path is consistent after applying waiting time for agent 116
[Current_Solution] Agent 116 used 1 waiting timesteps, 131 remaining
[Waiting_time_Solve] Applied 1 waiting time  for agent 116 who has waiting time 131
[Waiting_time_Solve] Applying waiting time 1 to agent 11 who has waiting time 117
[Waiting_time_Solve] New path is consistent after applying waiting time for agent 11
[Current_Solution] Agent 11 used 1 waiting timesteps, 116 remaining
[Waiting_time_Solve] Applied 1 waiting time  for agent 11 who has waiting time 116
[Waiting_time_Solve] Applying waiting time 1 to agent 71 who has waiting time 57
[Waiting_time_Solve] New path is consistent after applying waiting time for agent 71
[Current_Solution] Agent 71 used 1 waiting timesteps, 56 remaining
[Waiting_time_Solve] Applied 1 waiting time  for agent 71 who has waiting time 56
[Waiting_time_Solve] Applying waiting time 1 to agent 110 who has waiting time 65
[Waiting_time_Solve] New path is consistent after applying waiting time for agent 110
[Current_Solution] Agent 110 used 1 waiting timesteps, 64 remaining
[Waiting_time_Solve] Applied 1 waiting time  for agent 110 who has waiting time 64
[Waiting_time_Solve] Applying waiting time 1 to agent 120 who has waiting time 75
[Waiting_time_Solve] New path is consistent after applying waiting time for agent 120
[Current_Solution] Agent 120 used 1 waiting timesteps, 74 remaining
[Waiting_time_Solve] Applied 1 waiting time  for agent 120 who has waiting time 74
[Waiting_time_Solve] Applying waiting time 1 to agent 121 who has waiting time 135
[Waiting_time_Solve] New path is consistent after applying waiting time for agent 121
[Current_Solution] Agent 121 used 1 waiting timesteps, 134 remaining
[Waiting_time_Solve] Applied 1 waiting time  for agent 121 who has waiting time 134
[Waiting_time_Solve] Applying waiting time 1 to agent 122 who has waiting time 88
[Waiting_time_Solve] New path is consistent after applying waiting time for agent 122
[Current_Solution] Agent 122 used 1 waiting timesteps, 87 remaining
[Waiting_time_Solve] Applied 1 waiting time  for agent 122 who has waiting time 87
[Waiting_time_Solve] Applying waiting time 1 to agent 8 who has waiting time 74
[Waiting_time_Solve] New path is consistent after applying waiting time for agent 8
[Current_Solution] Agent 8 used 1 waiting timesteps, 73 remaining
[Waiting_time_Solve] Applied 1 waiting time  for agent 8 who has waiting time 73
[Waiting_time_Solve] Applying waiting time 1 to agent 72 who has waiting time 60
[Waiting_time_Solve] New path is consistent after applying waiting time for agent 72
[Current_Solution] Agent 72 used 1 waiting timesteps, 59 remaining
[Waiting_time_Solve] Applied 1 waiting time  for agent 72 who has waiting time 59
[Waiting_time_Solve] Applying waiting time 1 to agent 125 who has waiting time 68
[Waiting_time_Solve] New path is consistent after applying waiting time for agent 125
[Current_Solution] Agent 125 used 1 waiting timesteps, 67 remaining
[Waiting_time_Solve] Applied 1 waiting time  for agent 125 who has waiting time 67
[Waiting_time_Solve] Applying waiting time 1 to agent 126 who has waiting time 92
[Waiting_time_Solve] New path is consistent after applying waiting time for agent 126
[Current_Solution] Agent 126 used 1 waiting timesteps, 91 remaining
[Waiting_time_Solve] Applied 1 waiting time  for agent 126 who has waiting time 91
[Waiting_time_Solve] Applying waiting time 1 to agent 90 who has waiting time 82
[Waiting_time_Solve] New path is consistent after applying waiting time for agent 90
[Current_Solution] Agent 90 used 1 waiting timesteps, 81 remaining
[Waiting_time_Solve] Applied 1 waiting time  for agent 90 who has waiting time 81
[Waiting_time_Solve] Applying waiting time 1 to agent 103 who has waiting time 133
[Current_Solution] Agent 103 used 1 waiting timesteps, 132 remaining
[Waiting_time_Solve] New path is consistent after applying waiting time for agent 103
[Current_Solution] Agent 103 used 1 waiting timesteps, 131 remaining
[Waiting_time_Solve] Applied 1 waiting time  for agent 103 who has waiting time 131
[Waiting_time_Solve] Applying waiting time 1 to agent 195 who has waiting time 133
[Current_Solution] Agent 195 used 1 waiting timesteps, 132 remaining
[Waiting_time_Solve] New path is consistent after applying waiting time for agent 195
[Current_Solution] Agent 195 used 1 waiting timesteps, 131 remaining
[Waiting_time_Solve] Applied 1 waiting time  for agent 195 who has waiting time 131
[Waiting_time_Solve] Applying waiting time 1 to agent 128 who has waiting time 149
[Waiting_time_Solve] New path is consistent after applying waiting time for agent 128
[Current_Solution] Agent 128 used 1 waiting timesteps, 148 remaining
[Waiting_time_Solve] Applied 1 waiting time  for agent 128 who has waiting time 148
[Waiting_time_Solve] Applying waiting time 1 to agent 95 who has waiting time 123
[Waiting_time_Solve] New path is consistent after applying waiting time for agent 95
[Current_Solution] Agent 95 used 1 waiting timesteps, 122 remaining
[Waiting_time_Solve] Applied 1 waiting time  for agent 95 who has waiting time 122
[Waiting_time_Solve] Applying waiting time 1 to agent 164 who has waiting time 78
[Waiting_time_Solve] New path is consistent after applying waiting time for agent 164
[Current_Solution] Agent 164 used 1 waiting timesteps, 77 remaining
[Waiting_time_Solve] Applied 1 waiting time  for agent 164 who has waiting time 77
[Waiting_time_Solve] Applying waiting time 1 to agent 130 who has waiting time 54
[Waiting_time_Solve] New path is consistent after applying waiting time for agent 130
[Current_Solution] Agent 130 used 1 waiting timesteps, 53 remaining
[Waiting_time_Solve] Applied 1 waiting time  for agent 130 who has waiting time 53
[Waiting_time_Solve] Applying waiting time 1 to agent 131 who has waiting time 32
[Waiting_time_Solve] New path is consistent after applying waiting time for agent 131
[Current_Solution] Agent 131 used 1 waiting timesteps, 31 remaining
[Waiting_time_Solve] Applied 1 waiting time  for agent 131 who has waiting time 31
[Waiting_time_Solve] Applying waiting time 1 to agent 133 who has waiting time 79
[Waiting_time_Solve] New path is consistent after applying waiting time for agent 133
[Current_Solution] Agent 133 used 1 waiting timesteps, 78 remaining
[Waiting_time_Solve] Applied 1 waiting time  for agent 133 who has waiting time 78
[Waiting_time_Solve] Applying waiting time 1 to agent 75 who has waiting time 65
[Waiting_time_Solve] New path is consistent after applying waiting time for agent 75
[Current_Solution] Agent 75 used 1 waiting timesteps, 64 remaining
[Waiting_time_Solve] Applied 1 waiting time  for agent 75 who has waiting time 64
[Waiting_time_Solve] Applying waiting time 1 to agent 194 who has waiting time 85
[Waiting_time_Solve] New path is consistent after applying waiting time for agent 194
[Current_Solution] Agent 194 used 1 waiting timesteps, 84 remaining
[Waiting_time_Solve] Applied 1 waiting time  for agent 194 who has waiting time 84
[Waiting_time_Solve] Applying waiting time 1 to agent 141 who has waiting time 96
[Waiting_time_Solve] Pruned 2 vertex and 0 edge collisions from segment 220
[Waiting_time_Solve] New path is consistent after applying waiting time for agent 141
[Current_Solution] Agent 141 used 1 waiting timesteps, 95 remaining
[Waiting_time_Solve] Applied 1 waiting time  for agent 141 who has waiting time 95
[Waiting_time_Solve] Applying waiting time 1 to agent 35 who has waiting time 133
[Current_Solution] Agent 35 used 1 waiting timesteps, 132 remaining
[Waiting_time_Solve] New path is consistent after applying waiting time for agent 35
[Current_Solution] Agent 35 used 1 waiting timesteps, 131 remaining
[Waiting_time_Solve] Applied 1 waiting time  for agent 35 who has waiting time 131
[Waiting_time_Solve] Applying waiting time 1 to agent 145 who has waiting time 133
[Current_Solution] Agent 145 used 1 waiting timesteps, 132 remaining
[Waiting_time_Solve] New path is consistent after applying waiting time for agent 145
[Current_Solution] Agent 145 used 1 waiting timesteps, 131 remaining
[Waiting_time_Solve] Applied 1 waiting time  for agent 145 who has waiting time 131
[Waiting_time_Solve] Applying waiting time 1 to agent 149 who has waiting time 132
[Waiting_time_Solve] New path is consistent after applying waiting time for agent 149
[Current_Solution] Agent 149 used 1 waiting timesteps, 131 remaining
[Waiting_time_Solve] Applied 1 waiting time  for agent 149 who has waiting time 131
[Waiting_time_Solve] Applying waiting time 1 to agent 150 who has waiting time 51
[Waiting_time_Solve] New path is consistent after applying waiting time for agent 150
[Current_Solution] Agent 150 used 1 waiting timesteps, 50 remaining
[Waiting_time_Solve] Applied 1 waiting time  for agent 150 who has waiting time 50
[Waiting_time_Solve] Applying waiting time 1 to agent 165 who has waiting time 57
[Waiting_time_Solve] New path is consistent after applying waiting time for agent 165
[Current_Solution] Agent 165 used 1 waiting timesteps, 56 remaining
[Waiting_time_Solve] Applied 1 waiting time  for agent 165 who has waiting time 56
[Waiting_time_Solve] Applying waiting time 1 to agent 166 who has waiting time 133
[Current_Solution] Agent 166 used 1 waiting timesteps, 132 remaining
[Waiting_time_Solve] New path is consistent after applying waiting time for agent 166
[Current_Solution] Agent 166 used 1 waiting timesteps, 131 remaining
[Waiting_time_Solve] Applied 1 waiting time  for agent 166 who has waiting time 131
[Waiting_time_Solve] Applying waiting time 1 to agent 168 who has waiting time 133
[Current_Solution] Agent 168 used 1 waiting timesteps, 132 remaining
[Waiting_time_Solve] New path is consistent after applying waiting time for agent 168
[Current_Solution] Agent 168 used 1 waiting timesteps, 131 remaining
[Waiting_time_Solve] Applied 1 waiting time  for agent 168 who has waiting time 131
[Waiting_time_Solve] Applying waiting time 1 to agent 15 who has waiting time 164
[Waiting_time_Solve] New path is consistent after applying waiting time for agent 15
[Current_Solution] Agent 15 used 1 waiting timesteps, 163 remaining
[Waiting_time_Solve] Applied 1 waiting time  for agent 15 who has waiting time 163
[Waiting_time_Solve] Applying waiting time 1 to agent 173 who has waiting time 109
[Waiting_time_Solve] New path is consistent after applying waiting time for agent 173
[Current_Solution] Agent 173 used 1 waiting timesteps, 108 remaining
[Waiting_time_Solve] Applied 1 waiting time  for agent 173 who has waiting time 108
[Waiting_time_Solve] Applying waiting time 1 to agent 184 who has waiting time 20
[Waiting_time_Solve] New path is consistent after applying waiting time for agent 184
[Current_Solution] Agent 184 used 1 waiting timesteps, 19 remaining
[Waiting_time_Solve] Applied 1 waiting time  for agent 184 who has waiting time 19
[Waiting_time_Solve] Applying waiting time 1 to agent 191 who has waiting time 92
[Waiting_time_Solve] New path is consistent after applying waiting time for agent 191
[Current_Solution] Agent 191 used 1 waiting timesteps, 91 remaining
[Waiting_time_Solve] Applied 1 waiting time  for agent 191 who has waiting time 91
[Waiting_time_Solve] Applying waiting time 1 to agent 183 who has waiting time 83
[Waiting_time_Solve] New path is consistent after applying waiting time for agent 183
[Current_Solution] Agent 183 used 1 waiting timesteps, 82 remaining
[Waiting_time_Solve] Applied 1 waiting time  for agent 183 who has waiting time 82
[Waiting_time_Solve] Applying waiting time 1 to agent 174 who has waiting time 133
[Current_Solution] Agent 174 used 1 waiting timesteps, 132 remaining
[Waiting_time_Solve] New path is consistent after applying waiting time for agent 174
[Current_Solution] Agent 174 used 1 waiting timesteps, 131 remaining
[Waiting_time_Solve] Applied 1 waiting time  for agent 174 who has waiting time 131
[Waiting_time_Solve] Applying waiting time 1 to agent 178 who has waiting time 85
[Waiting_time_Solve] New path is consistent after applying waiting time for agent 178
[Current_Solution] Agent 178 used 1 waiting timesteps, 84 remaining
[Waiting_time_Solve] Applied 1 waiting time  for agent 178 who has waiting time 84
[Waiting_time_Solve] Applying waiting time 1 to agent 179 who has waiting time 11
[Waiting_time_Solve] New path is consistent after applying waiting time for agent 179
[Current_Solution] Agent 179 used 1 waiting timesteps, 10 remaining
[Waiting_time_Solve] Applied 1 waiting time  for agent 179 who has waiting time 10
[Waiting_time_Solve] Applying waiting time 1 to agent 43 who has waiting time 129
[Waiting_time_Solve] New path is consistent after applying waiting time for agent 43
[Current_Solution] Agent 43 used 1 waiting timesteps, 128 remaining
[Waiting_time_Solve] Applied 1 waiting time  for agent 43 who has waiting time 128
[Waiting_time_Solve] Applying waiting time 1 to agent 182 who has waiting time 133
[Current_Solution] Agent 182 used 1 waiting timesteps, 132 remaining
[Waiting_time_Solve] New path is consistent after applying waiting time for agent 182
[Current_Solution] Agent 182 used 1 waiting timesteps, 131 remaining
[Waiting_time_Solve] Applied 1 waiting time  for agent 182 who has waiting time 131
[Waiting_time_Solve] Applying waiting time 1 to agent 159 who has waiting time 77
[Waiting_time_Solve] New path is consistent after applying waiting time for agent 159
[Current_Solution] Agent 159 used 1 waiting timesteps, 76 remaining
[Waiting_time_Solve] Applied 1 waiting time  for agent 159 who has waiting time 76
[Waiting_time_Solve] Applying waiting time 1 to agent 186 who has waiting time 42
[Waiting_time_Solve] New path is consistent after applying waiting time for agent 186
[Current_Solution] Agent 186 used 1 waiting timesteps, 41 remaining
[Waiting_time_Solve] Applied 1 waiting time  for agent 186 who has waiting time 41
[Waiting_time_Solve] Applying waiting time 1 to agent 189 who has waiting time 44
[Waiting_time_Solve] New path is consistent after applying waiting time for agent 189
[Current_Solution] Agent 189 used 1 waiting timesteps, 43 remaining
[Waiting_time_Solve] Applied 1 waiting time  for agent 189 who has waiting time 43
[Waiting_time_Solve] Applying waiting time 1 to agent 65 who has waiting time 35
[Waiting_time_Solve] New path is consistent after applying waiting time for agent 65
[Current_Solution] Agent 65 used 1 waiting timesteps, 34 remaining
[Waiting_time_Solve] Applied 1 waiting time  for agent 65 who has waiting time 34
[Waiting_time_Solve] Applying waiting time 1 to agent 193 who has waiting time 36
[Waiting_time_Solve] New path is consistent after applying waiting time for agent 193
[Current_Solution] Agent 193 used 1 waiting timesteps, 35 remaining
[Waiting_time_Solve] Applied 1 waiting time  for agent 193 who has waiting time 35
[Waiting_time_Solve] Applying waiting time 1 to agent 198 who has waiting time 23
[Waiting_time_Solve] New path is consistent after applying waiting time for agent 198
[Current_Solution] Agent 198 used 1 waiting timesteps, 22 remaining
[Waiting_time_Solve] Applied 1 waiting time  for agent 198 who has waiting time 22
[Waiting_time_Solve] Applying waiting time 1 to agent 25 who has waiting time 160
[Waiting_time_Solve] New path is consistent after applying waiting time for agent 25
[Current_Solution] Agent 25 used 1 waiting timesteps, 159 remaining
[Waiting_time_Solve] Applied 1 waiting time  for agent 25 who has waiting time 159
[Waiting_time_Solve] Applying waiting time 1 to agent 59 who has waiting time 103
[Waiting_time_Solve] New path is consistent after applying waiting time for agent 59
[Current_Solution] Agent 59 used 1 waiting timesteps, 102 remaining
[Waiting_time_Solve] Applied 1 waiting time  for agent 59 who has waiting time 102
[Waiting_time_Solve] Applying waiting time 1 to agent 142 who has waiting time 37
[Waiting_time_Solve] New path is consistent after applying waiting time for agent 142
[Current_Solution] Agent 142 used 1 waiting timesteps, 36 remaining
[Waiting_time_Solve] Applied 1 waiting time  for agent 142 who has waiting time 36
[Waiting_time_Solve] Applying waiting time 1 to agent 144 who has waiting time 32
[Waiting_time_Solve] New path is consistent after applying waiting time for agent 144
[Current_Solution] Agent 144 used 1 waiting timesteps, 31 remaining
[Waiting_time_Solve] Applied 1 waiting time  for agent 144 who has waiting time 31
[Waiting_time_Solve] Applying waiting time 1 to agent 176 who has waiting time 114
[Waiting_time_Solve] New path is consistent after applying waiting time for agent 176
[Current_Solution] Agent 176 used 1 waiting timesteps, 113 remaining
[Waiting_time_Solve] Applied 1 waiting time  for agent 176 who has waiting time 113
[Waiting_time_Solve] Applying waiting time 1 to agent 147 who has waiting time 133
[Current_Solution] Agent 147 used 1 waiting timesteps, 132 remaining
[Waiting_time_Solve] New path is consistent after applying waiting time for agent 147
[Current_Solution] Agent 147 used 1 waiting timesteps, 131 remaining
[Waiting_time_Solve] Applied 1 waiting time  for agent 147 who has waiting time 131
[Waiting_time_Solve] Applying waiting time 1 to agent 57 who has waiting time 111
[Waiting_time_Solve] New path is consistent after applying waiting time for agent 57
[Current_Solution] Agent 57 used 1 waiting timesteps, 110 remaining
[Waiting_time_Solve] Applied 1 waiting time  for agent 57 who has waiting time 110
[Waiting_time_Solve] Applying waiting time 1 to agent 99 who has waiting time 65
[Waiting_time_Solve] New path is consistent after applying waiting time for agent 99
[Current_Solution] Agent 99 used 1 waiting timesteps, 64 remaining
[Waiting_time_Solve] Applied 1 waiting time  for agent 99 who has waiting time 64
[Waiting_time_Solve] Applying waiting time 1 to agent 70 who has waiting time 135
[Waiting_time_Solve] New path is consistent after applying waiting time for agent 70
[Current_Solution] Agent 70 used 1 waiting timesteps, 134 remaining
[Waiting_time_Solve] Applied 1 waiting time  for agent 70 who has waiting time 134
[Waiting_time_Solve] Applying waiting time 1 to agent 21 who has waiting time 92
[Waiting_time_Solve] New path is consistent after applying waiting time for agent 21
[Current_Solution] Agent 21 used 1 waiting timesteps, 91 remaining
[Waiting_time_Solve] Applied 1 waiting time  for agent 21 who has waiting time 91
[Waiting_time_Solve] Applying waiting time 1 to agent 172 who has waiting time 84
[Waiting_time_Solve] New path is consistent after applying waiting time for agent 172
[Current_Solution] Agent 172 used 1 waiting timesteps, 83 remaining
[Waiting_time_Solve] Applied 1 waiting time  for agent 172 who has waiting time 83
[Waiting_time_Solve] Applying waiting time 1 to agent 197 who has waiting time 133
[Current_Solution] Agent 197 used 1 waiting timesteps, 132 remaining
[Waiting_time_Solve] New path is consistent after applying waiting time for agent 197
[Current_Solution] Agent 197 used 1 waiting timesteps, 131 remaining
[Waiting_time_Solve] Applied 1 waiting time  for agent 197 who has waiting time 131
[Waiting_time_Solve] Applying waiting time 1 to agent 63 who has waiting time 133
[Current_Solution] Agent 63 used 1 waiting timesteps, 132 remaining
[Waiting_time_Solve] New path is consistent after applying waiting time for agent 63
[Current_Solution] Agent 63 used 1 waiting timesteps, 131 remaining
[Waiting_time_Solve] Applied 1 waiting time  for agent 63 who has waiting time 131
[Waiting_time_Solve] ALL Waiting time applied
[Waiting_time_Solve] Extended Zone end time from 56 to 57
[Current_Solution] Agent 62 used 1 waiting timesteps, 132 remaining
[Current_Solution] Agent 104 used 1 waiting timesteps, 132 remaining
[Current_Solution] Agent 113 used 1 waiting timesteps, 132 remaining
[Current_Solution] Agent 138 used 1 waiting timesteps, 132 remaining
[Current_Solution] Agent 153 used 1 waiting timesteps, 132 remaining
[Current_Solution] Agent 157 used 1 waiting timesteps, 132 remaining
[Current_Solution] Agent 180 used 1 waiting timesteps, 132 remaining
[Current_Solution] Agent 196 used 1 waiting timesteps, 132 remaining
[Waiting_time_Solve] Iteration 1...
[Waiting_time_Solve] Pruned 11 vertex and 3 edge collisions from segment 217
[Waiting_time_Solve] Pruned 6 vertex and 1 edge collisions from segment 220
[Waiting_time_Solve] Agent 188 pseudo agents: 226 227 
[Waiting_time_Solve] Agent 176 pseudo agents: 225 
[Waiting_time_Solve] Agent 174 pseudo agents: 224 
[Waiting_time_Solve] Agent 155 pseudo agents: 223 
[Waiting_time_Solve] Agent 144 pseudo agents: 222 
[Waiting_time_Solve] Agent 142 pseudo agents: 221 
[Waiting_time_Solve] Agent 141 pseudo agents: 220 
[Waiting_time_Solve] Agent 140 pseudo agents: 219 
[Waiting_time_Solve] Agent 137 pseudo agents: 218 
[Waiting_time_Solve] Agent 9 pseudo agents: 201 202 
[Waiting_time_Solve] Agent 63 pseudo agents: 209 
[Waiting_time_Solve] Agent 62 pseudo agents: 207 208 
[Waiting_time_Solve] Agent 130 pseudo agents: 216 217 
[Waiting_time_Solve] Agent 59 pseudo agents: 205 206 
[Waiting_time_Solve] Agent 0 pseudo agents: 200 
[Waiting_time_Solve] Agent 25 pseudo agents: 203 204 
[Waiting_time_Solve] Agent 83 pseudo agents: 210 
[Waiting_time_Solve] Agent 91 pseudo agents: 211 212 
[Waiting_time_Solve] Agent 101 pseudo agents: 213 214 
[Waiting_time_Solve] Agent 111 pseudo agents: 215 
[SAT] Start solving CNF: 40341982 clauses and 330124 variables
[SAT] Agent 199 entry time: 0 exit time: 56
[SAT] Agent 198 entry time: 10 exit time: 57
[SAT] Agent 197 entry time: 0 exit time: 57
[SAT] Agent 196 entry time: 0 exit time: 57
[SAT] Agent 195 entry time: 3 exit time: 57
[SAT] Agent 194 entry time: 0 exit time: 57
[SAT] Agent 193 entry time: 0 exit time: 57
[SAT] Agent 192 entry time: 17 exit time: 57
[SAT] Agent 191 entry time: 3 exit time: 57
[SAT] Agent 190 entry time: 0 exit time: 57
[SAT] Agent 189 entry time: 0 exit time: 57
[SAT] Agent 227 entry time: 37 exit time: 56
[SAT] Agent 226 entry time: 34 exit time: 34
[SAT] Agent 188 entry time: 11 exit time: 32
[SAT] Agent 187 entry time: 3 exit time: 57
[SAT] Agent 186 entry time: 10 exit time: 57
[SAT] Agent 185 entry time: 0 exit time: 57
[SAT] Agent 184 entry time: 6 exit time: 57
[SAT] Agent 183 entry time: 0 exit time: 57
[SAT] Agent 182 entry time: 2 exit time: 57
[SAT] Agent 181 entry time: 2 exit time: 57
[SAT] Agent 180 entry time: 2 exit time: 57
[SAT] Agent 179 entry time: 9 exit time: 57
[SAT] Agent 178 entry time: 27 exit time: 57
[SAT] Agent 177 entry time: 6 exit time: 57
[SAT] Agent 225 entry time: 12 exit time: 57
[SAT] Agent 176 entry time: 0 exit time: 10
[SAT] Agent 175 entry time: 6 exit time: 57
[SAT] Agent 224 entry time: 4 exit time: 57
[SAT] Agent 174 entry time: 1 exit time: 1
[SAT] Agent 173 entry time: 0 exit time: 54
[SAT] Agent 172 entry time: 1 exit time: 57
[SAT] Agent 171 entry time: 2 exit time: 57
[SAT] Agent 170 entry time: 8 exit time: 55
[SAT] Agent 169 entry time: 7 exit time: 57
[SAT] Agent 168 entry time: 7 exit time: 57
[SAT] Agent 167 entry time: 0 exit time: 40
[SAT] Agent 166 entry time: 6 exit time: 57
[SAT] Agent 165 entry time: 0 exit time: 57
[SAT] Agent 164 entry time: 0 exit time: 57
[SAT] Agent 163 entry time: 0 exit time: 47
[SAT] Agent 162 entry time: 13 exit time: 57
[SAT] Agent 161 entry time: 4 exit time: 57
[SAT] Agent 160 entry time: 0 exit time: 53
[SAT] Agent 159 entry time: 23 exit time: 57
[SAT] Agent 158 entry time: 2 exit time: 57
[SAT] Agent 157 entry time: 0 exit time: 57
[SAT] Agent 156 entry time: 0 exit time: 57
[SAT] Agent 223 entry time: 11 exit time: 57
[SAT] Agent 155 entry time: 0 exit time: 8
[SAT] Agent 154 entry time: 10 exit time: 57
[SAT] Agent 153 entry time: 0 exit time: 57
[SAT] Agent 152 entry time: 2 exit time: 57
[SAT] Agent 151 entry time: 5 exit time: 57
[SAT] Agent 150 entry time: 2 exit time: 57
[SAT] Agent 149 entry time: 0 exit time: 52
[SAT] Agent 148 entry time: 0 exit time: 57
[SAT] Agent 147 entry time: 0 exit time: 57
[SAT] Agent 146 entry time: 0 exit time: 57
[SAT] Agent 145 entry time: 7 exit time: 57
[SAT] Agent 222 entry time: 6 exit time: 57
[SAT] Agent 144 entry time: 4 exit time: 4
[SAT] Agent 143 entry time: 5 exit time: 57
[SAT] Agent 221 entry time: 38 exit time: 57
[SAT] Agent 142 entry time: 12 exit time: 35
[SAT] Agent 220 entry time: 44 exit time: 57
[SAT] Agent 141 entry time: 14 exit time: 41
[SAT] Agent 219 entry time: 6 exit time: 57
[SAT] Agent 140 entry time: 3 exit time: 3
[SAT] Agent 138 entry time: 0 exit time: 57
[SAT] Agent 218 entry time: 26 exit time: 26
[SAT] Agent 137 entry time: 0 exit time: 24
[SAT] Agent 136 entry time: 6 exit time: 57
[SAT] Agent 135 entry time: 0 exit time: 57
[SAT] Agent 134 entry time: 0 exit time: 57
[SAT] Agent 133 entry time: 0 exit time: 57
[SAT] Agent 131 entry time: 6 exit time: 57
[SAT] Agent 217 entry time: 37 exit time: 57
[SAT] Agent 216 entry time: 34 exit time: 34
[SAT] Agent 130 entry time: 3 exit time: 32
[SAT] Agent 129 entry time: 5 exit time: 57
[SAT] Agent 128 entry time: 0 exit time: 26
[SAT] Agent 127 entry time: 13 exit time: 57
[SAT] Agent 126 entry time: 0 exit time: 57
[SAT] Agent 125 entry time: 0 exit time: 57
[SAT] Agent 124 entry time: 0 exit time: 57
[SAT] Agent 123 entry time: 0 exit time: 57
[SAT] Agent 122 entry time: 0 exit time: 57
[SAT] Agent 121 entry time: 2 exit time: 29
[SAT] Agent 120 entry time: 1 exit time: 57
[SAT] Agent 119 entry time: 0 exit time: 57
[SAT] Agent 118 entry time: 7 exit time: 57
[SAT] Agent 117 entry time: 0 exit time: 57
[SAT] Agent 58 entry time: 0 exit time: 57
[SAT] Agent 57 entry time: 0 exit time: 57
[SAT] Agent 56 entry time: 0 exit time: 57
[SAT] Agent 54 entry time: 3 exit time: 57
[SAT] Agent 53 entry time: 0 exit time: 57
[SAT] Agent 52 entry time: 0 exit time: 57
[SAT] Agent 50 entry time: 0 exit time: 57
[SAT] Agent 49 entry time: 0 exit time: 57
[SAT] Agent 47 entry time: 0 exit time: 57
[SAT] Agent 46 entry time: 0 exit time: 57
[SAT] Agent 45 entry time: 3 exit time: 57
[SAT] Agent 43 entry time: 1 exit time: 57
[SAT] Agent 42 entry time: 3 exit time: 57
[SAT] Agent 41 entry time: 0 exit time: 57
[SAT] Agent 40 entry time: 5 exit time: 57
[SAT] Agent 39 entry time: 0 exit time: 57
[SAT] Agent 38 entry time: 8 exit time: 57
[SAT] Agent 37 entry time: 0 exit time: 57
[SAT] Agent 36 entry time: 0 exit time: 57
[SAT] Agent 35 entry time: 0 exit time: 57
[SAT] Agent 34 entry time: 10 exit time: 57
[SAT] Agent 33 entry time: 0 exit time: 57
[SAT] Agent 32 entry time: 0 exit time: 57
[SAT] Agent 31 entry time: 9 exit time: 57
[SAT] Agent 30 entry time: 2 exit time: 57
[SAT] Agent 29 entry time: 0 exit time: 57
[SAT] Agent 28 entry time: 0 exit time: 57
[SAT] Agent 27 entry time: 2 exit time: 57
[SAT] Agent 204 entry time: 12 exit time: 28
[SAT] Agent 77 entry time: 7 exit time: 57
[SAT] Agent 9 entry time: 0 exit time: 26
[SAT] Agent 8 entry time: 1 exit time: 57
[SAT] Agent 7 entry time: 0 exit time: 57
[SAT] Agent 6 entry time: 3 exit time: 57
[SAT] Agent 4 entry time: 0 exit time: 57
[SAT] Agent 3 entry time: 0 exit time: 57
[SAT] Agent 2 entry time: 0 exit time: 57
[SAT] Agent 1 entry time: 0 exit time: 57
[SAT] Agent 5 entry time: 0 exit time: 57
[SAT] Agent 0 entry time: 7 exit time: 7
[SAT] Agent 26 entry time: 0 exit time: 57
[SAT] Agent 203 entry time: 10 exit time: 10
[SAT] Agent 76 entry time: 4 exit time: 57
[SAT] Agent 10 entry time: 20 exit time: 57
[SAT] Agent 11 entry time: 0 exit time: 57
[SAT] Agent 12 entry time: 0 exit time: 57
[SAT] Agent 13 entry time: 7 exit time: 57
[SAT] Agent 14 entry time: 0 exit time: 57
[SAT] Agent 15 entry time: 0 exit time: 16
[SAT] Agent 16 entry time: 4 exit time: 19
[SAT] Agent 18 entry time: 2 exit time: 57
[SAT] Agent 19 entry time: 12 exit time: 57
[SAT] Agent 20 entry time: 0 exit time: 57
[SAT] Agent 21 entry time: 0 exit time: 57
[SAT] Agent 22 entry time: 5 exit time: 57
[SAT] Agent 200 entry time: 9 exit time: 57
[SAT] Agent 73 entry time: 7 exit time: 57
[SAT] Agent 23 entry time: 0 exit time: 57
[SAT] Agent 201 entry time: 32 exit time: 32
[SAT] Agent 24 entry time: 0 exit time: 57
[SAT] Agent 202 entry time: 35 exit time: 57
[SAT] Agent 75 entry time: 0 exit time: 57
[SAT] Agent 25 entry time: 0 exit time: 8
[SAT] Agent 59 entry time: 0 exit time: 10
[SAT] Agent 205 entry time: 12 exit time: 12
[SAT] Agent 78 entry time: 11 exit time: 57
[SAT] Agent 206 entry time: 16 exit time: 57
[SAT] Agent 79 entry time: 0 exit time: 57
[SAT] Agent 60 entry time: 0 exit time: 57
[SAT] Agent 61 entry time: 0 exit time: 57
[SAT] Agent 62 entry time: 1 exit time: 3
[SAT] Agent 207 entry time: 5 exit time: 27
[SAT] Agent 80 entry time: 0 exit time: 57
[SAT] Agent 208 entry time: 29 exit time: 57
[SAT] Agent 81 entry time: 0 exit time: 47
[SAT] Agent 63 entry time: 15 exit time: 16
[SAT] Agent 209 entry time: 18 exit time: 57
[SAT] Agent 82 entry time: 0 exit time: 57
[SAT] Agent 64 entry time: 9 exit time: 57
[SAT] Agent 65 entry time: 6 exit time: 57
[SAT] Agent 66 entry time: 5 exit time: 57
[SAT] Agent 67 entry time: 0 exit time: 57
[SAT] Agent 68 entry time: 1 exit time: 57
[SAT] Agent 69 entry time: 7 exit time: 57
[SAT] Agent 70 entry time: 0 exit time: 32
[SAT] Agent 71 entry time: 0 exit time: 57
[SAT] Agent 72 entry time: 0 exit time: 57
[SAT] Agent 83 entry time: 10 exit time: 10
[SAT] Agent 210 entry time: 12 exit time: 57
[SAT] Agent 84 entry time: 22 exit time: 57
[SAT] Agent 211 entry time: 11 exit time: 11
[SAT] Agent 85 entry time: 10 exit time: 57
[SAT] Agent 212 entry time: 13 exit time: 57
[SAT] Agent 86 entry time: 0 exit time: 35
[SAT] Agent 213 entry time: 10 exit time: 10
[SAT] Agent 87 entry time: 0 exit time: 57
[SAT] Agent 214 entry time: 13 exit time: 57
[SAT] Agent 88 entry time: 0 exit time: 57
[SAT] Agent 215 entry time: 32 exit time: 57
[SAT] Agent 89 entry time: 0 exit time: 57
[SAT] Agent 90 entry time: 0 exit time: 57
[SAT] Agent 91 entry time: 0 exit time: 7
[SAT] Agent 92 entry time: 0 exit time: 57
[SAT] Agent 93 entry time: 7 exit time: 57
[SAT] Agent 94 entry time: 0 exit time: 57
[SAT] Agent 95 entry time: 4 exit time: 57
[SAT] Agent 96 entry time: 2 exit time: 57
[SAT] Agent 97 entry time: 0 exit time: 57
[SAT] Agent 98 entry time: 0 exit time: 57
[SAT] Agent 99 entry time: 0 exit time: 57
[SAT] Agent 100 entry time: 0 exit time: 57
[SAT] Agent 101 entry time: 0 exit time: 8
[SAT] Agent 102 entry time: 0 exit time: 57
[SAT] Agent 103 entry time: 0 exit time: 57
[SAT] Agent 104 entry time: 0 exit time: 57
[SAT] Agent 105 entry time: 0 exit time: 57
[SAT] Agent 106 entry time: 5 exit time: 57
[SAT] Agent 107 entry time: 0 exit time: 13
[SAT] Agent 108 entry time: 6 exit time: 57
[SAT] Agent 109 entry time: 3 exit time: 57
[SAT] Agent 110 entry time: 20 exit time: 57
[SAT] Agent 111 entry time: 0 exit time: 29
[SAT] Agent 112 entry time: 0 exit time: 57
[SAT] Agent 113 entry time: 0 exit time: 57
[SAT] Agent 114 entry time: 0 exit time: 57
[SAT] Agent 115 entry time: 0 exit time: 46
[SAT] Agent 116 entry time: 0 exit time: 57

[SAT] Start time: 0 End time: 57

[SAT] Solving local zone with SAT iteration 1...
[SAT] Local CNF: 40344990 clauses 

DEBUG: Adding 40344990 new clauses to MiniSAT (incremental run)
DEBUG: Clause load summary: input=40344990, added=40344990, tautologies_skipped=0, duplicates_skipped=0, unit_clauses=1044, empties=0, intra_clause_literals_removed=0, added_but_db_unchanged=1728
DEBUG: After adding clauses, solver has 40342218 clauses and 330124 variables
DEBUG: MiniSAT found 330124 variables
DEBUG: Assignment size: 330124
DEBUG: First few assignment values: 1 0 1 0 1 0 1 0 1 0 

=== DEBUG: cnf_assignment_to_paths ===
Input assignment size: 330124

=== END DEBUG ===
[SAT] Found 1637 vertex collisions and 229 edge collisions
[SAT] Adding collision clauses and solving again...
[SAT] Solving local zone with SAT iteration 2...
[SAT] Local CNF: 40346856 clauses 

DEBUG: Adding 1866 new clauses to MiniSAT (incremental run)
[SAT] Previous assignment invalidated by new clauses, reset solver and retrying without assumptions...
DEBUG: Adding 40346856 new clauses to MiniSAT (incremental run)
[SAT] Local problem appears to be unsatisfiable in current zone
[Waiting_time_Solve] No solution found, trying to apply waiting time:2
[Waiting_time_Solve] Applying waiting time 2 to agent 33 who has waiting time 131
[Current_Solution] Agent 33 used 1 waiting timesteps, 130 remaining
[Waiting_time_Solve] New path is consistent after applying waiting time for agent 33
[Current_Solution] Agent 33 used 2 waiting timesteps, 128 remaining
[Waiting_time_Solve] Applied 2 waiting time  for agent 33 who has waiting time 128
[Waiting_time_Solve] Applying waiting time 2 to agent 166 who has waiting time 131
[Current_Solution] Agent 166 used 1 waiting timesteps, 130 remaining
[Waiting_time_Solve] New path is consistent after applying waiting time for agent 166
[Current_Solution] Agent 166 used 2 waiting timesteps, 128 remaining
[Waiting_time_Solve] Applied 2 waiting time  for agent 166 who has waiting time 128
[Waiting_time_Solve] Applying waiting time 2 to agent 173 who has waiting time 108
[Waiting_time_Solve] New path is consistent after applying waiting time for agent 173
[Current_Solution] Agent 173 used 2 waiting timesteps, 106 remaining
[Waiting_time_Solve] Applied 2 waiting time  for agent 173 who has waiting time 106
[Waiting_time_Solve] Applying waiting time 2 to agent 7 who has waiting time 131
[Current_Solution] Agent 7 used 1 waiting timesteps, 130 remaining
[Waiting_time_Solve] New path is consistent after applying waiting time for agent 7
[Current_Solution] Agent 7 used 2 waiting timesteps, 128 remaining
[Waiting_time_Solve] Applied 2 waiting time  for agent 7 who has waiting time 128
[Waiting_time_Solve] Applying waiting time 2 to agent 2 who has waiting time 106
[Waiting_time_Solve] New path is consistent after applying waiting time for agent 2
[Current_Solution] Agent 2 used 2 waiting timesteps, 104 remaining
[Waiting_time_Solve] Applied 2 waiting time  for agent 2 who has waiting time 104
[Waiting_time_Solve] Applying waiting time 2 to agent 8 who has waiting time 73
[Waiting_time_Solve] New path is consistent after applying waiting time for agent 8
[Current_Solution] Agent 8 used 2 waiting timesteps, 71 remaining
[Waiting_time_Solve] Applied 2 waiting time  for agent 8 who has waiting time 71
[Waiting_time_Solve] Applying waiting time 2 to agent 11 who has waiting time 116
[Waiting_time_Solve] New path is consistent after applying waiting time for agent 11
[Current_Solution] Agent 11 used 2 waiting timesteps, 114 remaining
[Waiting_time_Solve] Applied 2 waiting time  for agent 11 who has waiting time 114
[Waiting_time_Solve] Applying waiting time 2 to agent 12 who has waiting time 119
[Waiting_time_Solve] New path is consistent after applying waiting time for agent 12
[Current_Solution] Agent 12 used 2 waiting timesteps, 117 remaining
[Waiting_time_Solve] Applied 2 waiting time  for agent 12 who has waiting time 117
[Waiting_time_Solve] Applying waiting time 2 to agent 19 who has waiting time 102
[Waiting_time_Solve] New path is consistent after applying waiting time for agent 19
[Current_Solution] Agent 19 used 2 waiting timesteps, 100 remaining
[Waiting_time_Solve] Applied 2 waiting time  for agent 19 who has waiting time 100
[Waiting_time_Solve] Applying waiting time 2 to agent 36 who has waiting time 60
[Waiting_time_Solve] New path is consistent after applying waiting time for agent 36
[Current_Solution] Agent 36 used 2 waiting timesteps, 58 remaining
[Waiting_time_Solve] Applied 2 waiting time  for agent 36 who has waiting time 58
[Waiting_time_Solve] Applying waiting time 2 to agent 22 who has waiting time 116
[Waiting_time_Solve] New path is consistent after applying waiting time for agent 22
[Current_Solution] Agent 22 used 2 waiting timesteps, 114 remaining
[Waiting_time_Solve] Applied 2 waiting time  for agent 22 who has waiting time 114
[Waiting_time_Solve] Applying waiting time 2 to agent 23 who has waiting time 87
[Waiting_time_Solve] New path is consistent after applying waiting time for agent 23
[Current_Solution] Agent 23 used 2 waiting timesteps, 85 remaining
[Waiting_time_Solve] Applied 2 waiting time  for agent 23 who has waiting time 85
[Waiting_time_Solve] Applying waiting time 2 to agent 27 who has waiting time 26
[Waiting_time_Solve] New path is consistent after applying waiting time for agent 27
[Current_Solution] Agent 27 used 2 waiting timesteps, 24 remaining
[Waiting_time_Solve] Applied 2 waiting time  for agent 27 who has waiting time 24
[Waiting_time_Solve] Applying waiting time 2 to agent 156 who has waiting time 131
[Current_Solution] Agent 156 used 1 waiting timesteps, 130 remaining
[Waiting_time_Solve] New path is consistent after applying waiting time for agent 156
[Current_Solution] Agent 156 used 2 waiting timesteps, 128 remaining
[Waiting_time_Solve] Applied 2 waiting time  for agent 156 who has waiting time 128
[Waiting_time_Solve] Applying waiting time 2 to agent 164 who has waiting time 77
[Waiting_time_Solve] New path is consistent after applying waiting time for agent 164
[Current_Solution] Agent 164 used 2 waiting timesteps, 75 remaining
[Waiting_time_Solve] Applied 2 waiting time  for agent 164 who has waiting time 75
[Waiting_time_Solve] Applying waiting time 2 to agent 89 who has waiting time 124
[Waiting_time_Solve] New path is consistent after applying waiting time for agent 89
[Current_Solution] Agent 89 used 2 waiting timesteps, 122 remaining
[Waiting_time_Solve] Applied 2 waiting time  for agent 89 who has waiting time 122
[Waiting_time_Solve] Applying waiting time 2 to agent 105 who has waiting time 88
[Waiting_time_Solve] New path is consistent after applying waiting time for agent 105
[Current_Solution] Agent 105 used 2 waiting timesteps, 86 remaining
[Waiting_time_Solve] Applied 2 waiting time  for agent 105 who has waiting time 86
[Waiting_time_Solve] Applying waiting time 2 to agent 21 who has waiting time 91
[Waiting_time_Solve] New path is consistent after applying waiting time for agent 21
[Current_Solution] Agent 21 used 2 waiting timesteps, 89 remaining
[Waiting_time_Solve] Applied 2 waiting time  for agent 21 who has waiting time 89
[Waiting_time_Solve] Applying waiting time 2 to agent 43 who has waiting time 128
[Waiting_time_Solve] New path is consistent after applying waiting time for agent 43
[Current_Solution] Agent 43 used 2 waiting timesteps, 126 remaining
[Waiting_time_Solve] Applied 2 waiting time  for agent 43 who has waiting time 126
[Waiting_time_Solve] Applying waiting time 2 to agent 20 who has waiting time 24
[Waiting_time_Solve] New path is consistent after applying waiting time for agent 20
[Current_Solution] Agent 20 used 2 waiting timesteps, 22 remaining
[Waiting_time_Solve] Applied 2 waiting time  for agent 20 who has waiting time 22
[Waiting_time_Solve] Applying waiting time 2 to agent 168 who has waiting time 131
[Current_Solution] Agent 168 used 1 waiting timesteps, 130 remaining
[Waiting_time_Solve] New path is consistent after applying waiting time for agent 168
[Current_Solution] Agent 168 used 2 waiting timesteps, 128 remaining
[Waiting_time_Solve] Applied 2 waiting time  for agent 168 who has waiting time 128
[Waiting_time_Solve] Applying waiting time 2 to agent 81 who has waiting time 137
[Waiting_time_Solve] New path is consistent after applying waiting time for agent 81
[Current_Solution] Agent 81 used 2 waiting timesteps, 135 remaining
[Waiting_time_Solve] Applied 2 waiting time  for agent 81 who has waiting time 135
[Waiting_time_Solve] Applying waiting time 2 to agent 52 who has waiting time 131
[Current_Solution] Agent 52 used 1 waiting timesteps, 130 remaining
[Waiting_time_Solve] New path is consistent after applying waiting time for agent 52
[Current_Solution] Agent 52 used 2 waiting timesteps, 128 remaining
[Waiting_time_Solve] Applied 2 waiting time  for agent 52 who has waiting time 128
[Waiting_time_Solve] Applying waiting time 2 to agent 5 who has waiting time 131
[Current_Solution] Agent 5 used 1 waiting timesteps, 130 remaining
[Waiting_time_Solve] New path is consistent after applying waiting time for agent 5
[Current_Solution] Agent 5 used 2 waiting timesteps, 128 remaining
[Waiting_time_Solve] Applied 2 waiting time  for agent 5 who has waiting time 128
[Waiting_time_Solve] Applying waiting time 2 to agent 54 who has waiting time 114
[Waiting_time_Solve] New path is consistent after applying waiting time for agent 54
[Current_Solution] Agent 54 used 2 waiting timesteps, 112 remaining
[Waiting_time_Solve] Applied 2 waiting time  for agent 54 who has waiting time 112
[Waiting_time_Solve] Applying waiting time 2 to agent 32 who has waiting time 99
[Waiting_time_Solve] New path is consistent after applying waiting time for agent 32
[Current_Solution] Agent 32 used 2 waiting timesteps, 97 remaining
[Waiting_time_Solve] Applied 2 waiting time  for agent 32 who has waiting time 97
[Waiting_time_Solve] Applying waiting time 2 to agent 79 who has waiting time 21
[Waiting_time_Solve] New path is consistent after applying waiting time for agent 79
[Current_Solution] Agent 79 used 2 waiting timesteps, 19 remaining
[Waiting_time_Solve] Applied 2 waiting time  for agent 79 who has waiting time 19
[Waiting_time_Solve] Applying waiting time 2 to agent 87 who has waiting time 88
[Waiting_time_Solve] New path is consistent after applying waiting time for agent 87
[Current_Solution] Agent 87 used 2 waiting timesteps, 86 remaining
[Waiting_time_Solve] Applied 2 waiting time  for agent 87 who has waiting time 86
[Waiting_time_Solve] Applying waiting time 2 to agent 56 who has waiting time 20
[Waiting_time_Solve] New path is consistent after applying waiting time for agent 56
[Current_Solution] Agent 56 used 2 waiting timesteps, 18 remaining
[Waiting_time_Solve] Applied 2 waiting time  for agent 56 who has waiting time 18
[Waiting_time_Solve] Applying waiting time 2 to agent 147 who has waiting time 131
[Current_Solution] Agent 147 used 1 waiting timesteps, 130 remaining
[Waiting_time_Solve] New path is consistent after applying waiting time for agent 147
[Current_Solution] Agent 147 used 2 waiting timesteps, 128 remaining
[Waiting_time_Solve] Applied 2 waiting time  for agent 147 who has waiting time 128
[Waiting_time_Solve] Applying waiting time 2 to agent 57 who has waiting time 110
[Waiting_time_Solve] New path is consistent after applying waiting time for agent 57
[Current_Solution] Agent 57 used 2 waiting timesteps, 108 remaining
[Waiting_time_Solve] Applied 2 waiting time  for agent 57 who has waiting time 108
[Waiting_time_Solve] Applying waiting time 2 to agent 58 who has waiting time 44
[Waiting_time_Solve] New path is consistent after applying waiting time for agent 58
[Current_Solution] Agent 58 used 2 waiting timesteps, 42 remaining
[Waiting_time_Solve] Applied 2 waiting time  for agent 58 who has waiting time 42
[Waiting_time_Solve] Applying waiting time 2 to agent 61 who has waiting time 113
[Waiting_time_Solve] New path is consistent after applying waiting time for agent 61
[Current_Solution] Agent 61 used 2 waiting timesteps, 111 remaining
[Waiting_time_Solve] Applied 2 waiting time  for agent 61 who has waiting time 111
[Waiting_time_Solve] Applying waiting time 2 to agent 73 who has waiting time 131
[Current_Solution] Agent 73 used 1 waiting timesteps, 130 remaining
[Waiting_time_Solve] New path is consistent after applying waiting time for agent 73
[Current_Solution] Agent 73 used 2 waiting timesteps, 128 remaining
[Waiting_time_Solve] Applied 2 waiting time  for agent 73 who has waiting time 128
[Waiting_time_Solve] Applying waiting time 2 to agent 64 who has waiting time 116
[Waiting_time_Solve] New path is consistent after applying waiting time for agent 64
[Current_Solution] Agent 64 used 2 waiting timesteps, 114 remaining
[Waiting_time_Solve] Applied 2 waiting time  for agent 64 who has waiting time 114
[Waiting_time_Solve] Applying waiting time 2 to agent 163 who has waiting time 137
[Waiting_time_Solve] New path is consistent after applying waiting time for agent 163
[Current_Solution] Agent 163 used 2 waiting timesteps, 135 remaining
[Waiting_time_Solve] Applied 2 waiting time  for agent 163 who has waiting time 135
[Waiting_time_Solve] Applying waiting time 2 to agent 14 who has waiting time 106
[Waiting_time_Solve] New path is consistent after applying waiting time for agent 14
[Current_Solution] Agent 14 used 2 waiting timesteps, 104 remaining
[Waiting_time_Solve] Applied 2 waiting time  for agent 14 who has waiting time 104
[Waiting_time_Solve] Applying waiting time 2 to agent 66 who has waiting time 105
[Waiting_time_Solve] New path is consistent after applying waiting time for agent 66
[Current_Solution] Agent 66 used 2 waiting timesteps, 103 remaining
[Waiting_time_Solve] Applied 2 waiting time  for agent 66 who has waiting time 103
[Waiting_time_Solve] Applying waiting time 2 to agent 78 who has waiting time 114
[Waiting_time_Solve] New path is consistent after applying waiting time for agent 78
[Current_Solution] Agent 78 used 2 waiting timesteps, 112 remaining
[Waiting_time_Solve] Applied 2 waiting time  for agent 78 who has waiting time 112
[Waiting_time_Solve] Applying waiting time 2 to agent 0 who has waiting time 86
[Waiting_time_Solve] New path is consistent after applying waiting time for agent 0
[Current_Solution] Agent 0 used 2 waiting timesteps, 84 remaining
[Waiting_time_Solve] Applied 2 waiting time  for agent 0 who has waiting time 84
[Waiting_time_Solve] Applying waiting time 2 to agent 35 who has waiting time 131
[Current_Solution] Agent 35 used 1 waiting timesteps, 130 remaining
[Waiting_time_Solve] New path is consistent after applying waiting time for agent 35
[Current_Solution] Agent 35 used 2 waiting timesteps, 128 remaining
[Waiting_time_Solve] Applied 2 waiting time  for agent 35 who has waiting time 128
[Waiting_time_Solve] Applying waiting time 2 to agent 69 who has waiting time 67
[Waiting_time_Solve] New path is consistent after applying waiting time for agent 69
[Current_Solution] Agent 69 used 2 waiting timesteps, 65 remaining
[Waiting_time_Solve] Applied 2 waiting time  for agent 69 who has waiting time 65
[Waiting_time_Solve] Applying waiting time 2 to agent 84 who has waiting time 84
[Waiting_time_Solve] New path is consistent after applying waiting time for agent 84
[Current_Solution] Agent 84 used 2 waiting timesteps, 82 remaining
[Waiting_time_Solve] Applied 2 waiting time  for agent 84 who has waiting time 82
[Waiting_time_Solve] Applying waiting time 2 to agent 159 who has waiting time 76
[Waiting_time_Solve] New path is consistent after applying waiting time for agent 159
[Current_Solution] Agent 159 used 2 waiting timesteps, 74 remaining
[Waiting_time_Solve] Applied 2 waiting time  for agent 159 who has waiting time 74
[Waiting_time_Solve] Applying waiting time 2 to agent 91 who has waiting time 131
[Current_Solution] Agent 91 used 1 waiting timesteps, 130 remaining
[Waiting_time_Solve] New path is consistent after applying waiting time for agent 91
[Current_Solution] Agent 91 used 2 waiting timesteps, 128 remaining
[Waiting_time_Solve] Applied 2 waiting time  for agent 91 who has waiting time 128
[Waiting_time_Solve] Applying waiting time 2 to agent 170 who has waiting time 132
[Waiting_time_Solve] New path is consistent after applying waiting time for agent 170
[Current_Solution] Agent 170 used 2 waiting timesteps, 130 remaining
[Waiting_time_Solve] Applied 2 waiting time  for agent 170 who has waiting time 130
[Waiting_time_Solve] Applying waiting time 2 to agent 37 who has waiting time 81
[Waiting_time_Solve] New path is consistent after applying waiting time for agent 37
[Current_Solution] Agent 37 used 2 waiting timesteps, 79 remaining
[Waiting_time_Solve] Applied 2 waiting time  for agent 37 who has waiting time 79
[Waiting_time_Solve] Applying waiting time 2 to agent 77 who has waiting time 116
[Waiting_time_Solve] New path is consistent after applying waiting time for agent 77
[Current_Solution] Agent 77 used 2 waiting timesteps, 114 remaining
[Waiting_time_Solve] Applied 2 waiting time  for agent 77 who has waiting time 114
[Waiting_time_Solve] Applying waiting time 2 to agent 82 who has waiting time 131
[Current_Solution] Agent 82 used 1 waiting timesteps, 130 remaining
[Waiting_time_Solve] New path is consistent after applying waiting time for agent 82
[Current_Solution] Agent 82 used 2 waiting timesteps, 128 remaining
[Waiting_time_Solve] Applied 2 waiting time  for agent 82 who has waiting time 128
[Waiting_time_Solve] Applying waiting time 2 to agent 85 who has waiting time 131
[Current_Solution] Agent 85 used 1 waiting timesteps, 130 remaining
[Waiting_time_Solve] New path is consistent after applying waiting time for agent 85
[Current_Solution] Agent 85 used 2 waiting timesteps, 128 remaining
[Waiting_time_Solve] Applied 2 waiting time  for agent 85 who has waiting time 128
[Waiting_time_Solve] Applying waiting time 2 to agent 88 who has waiting time 94
[Waiting_time_Solve] New path is consistent after applying waiting time for agent 88
[Current_Solution] Agent 88 used 2 waiting timesteps, 92 remaining
[Waiting_time_Solve] Applied 2 waiting time  for agent 88 who has waiting time 92
[Waiting_time_Solve] Applying waiting time 2 to agent 153 who has waiting time 132
[Current_Solution] Agent 153 used 2 waiting timesteps, 130 remaining
[Waiting_time_Solve] New path is consistent after applying waiting time for agent 153
[Current_Solution] Agent 153 used 2 waiting timesteps, 128 remaining
[Waiting_time_Solve] Applied 2 waiting time  for agent 153 who has waiting time 128
[Waiting_time_Solve] Applying waiting time 2 to agent 96 who has waiting time 89
[Waiting_time_Solve] New path is consistent after applying waiting time for agent 96
[Current_Solution] Agent 96 used 2 waiting timesteps, 87 remaining
[Waiting_time_Solve] Applied 2 waiting time  for agent 96 who has waiting time 87
[Waiting_time_Solve] Applying waiting time 2 to agent 97 who has waiting time 64
[Waiting_time_Solve] New path is consistent after applying waiting time for agent 97
[Current_Solution] Agent 97 used 2 waiting timesteps, 62 remaining
[Waiting_time_Solve] Applied 2 waiting time  for agent 97 who has waiting time 62
[Waiting_time_Solve] Applying waiting time 2 to agent 4 who has waiting time 131
[Current_Solution] Agent 4 used 1 waiting timesteps, 130 remaining
[Waiting_time_Solve] New path is consistent after applying waiting time for agent 4
[Current_Solution] Agent 4 used 2 waiting timesteps, 128 remaining
[Waiting_time_Solve] Applied 2 waiting time  for agent 4 who has waiting time 128
[Waiting_time_Solve] Applying waiting time 2 to agent 104 who has waiting time 132
[Current_Solution] Agent 104 used 2 waiting timesteps, 130 remaining
[Waiting_time_Solve] New path is consistent after applying waiting time for agent 104
[Current_Solution] Agent 104 used 2 waiting timesteps, 128 remaining
[Waiting_time_Solve] Applied 2 waiting time  for agent 104 who has waiting time 128
[Waiting_time_Solve] Applying waiting time 2 to agent 106 who has waiting time 131
[Current_Solution] Agent 106 used 1 waiting timesteps, 130 remaining
[Waiting_time_Solve] New path is consistent after applying waiting time for agent 106
[Current_Solution] Agent 106 used 2 waiting timesteps, 128 remaining
[Waiting_time_Solve] Applied 2 waiting time  for agent 106 who has waiting time 128
[Waiting_time_Solve] Applying waiting time 2 to agent 108 who has waiting time 131
[Current_Solution] Agent 108 used 1 waiting timesteps, 130 remaining
[Waiting_time_Solve] New path is consistent after applying waiting time for agent 108
[Current_Solution] Agent 108 used 2 waiting timesteps, 128 remaining
[Waiting_time_Solve] Applied 2 waiting time  for agent 108 who has waiting time 128
[Waiting_time_Solve] Applying waiting time 2 to agent 18 who has waiting time 115
[Waiting_time_Solve] New path is consistent after applying waiting time for agent 18
[Current_Solution] Agent 18 used 2 waiting timesteps, 113 remaining
[Waiting_time_Solve] Applied 2 waiting time  for agent 18 who has waiting time 113
[Waiting_time_Solve] Applying waiting time 2 to agent 15 who has waiting time 163
[Waiting_time_Solve] New path is consistent after applying waiting time for agent 15
[Current_Solution] Agent 15 used 2 waiting timesteps, 161 remaining
[Waiting_time_Solve] Applied 2 waiting time  for agent 15 who has waiting time 161
[Waiting_time_Solve] Applying waiting time 2 to agent 42 who has waiting time 118
[Waiting_time_Solve] New path is consistent after applying waiting time for agent 42
[Current_Solution] Agent 42 used 2 waiting timesteps, 116 remaining
[Waiting_time_Solve] Applied 2 waiting time  for agent 42 who has waiting time 116
[Waiting_time_Solve] Applying waiting time 2 to agent 165 who has waiting time 56
[Waiting_time_Solve] New path is consistent after applying waiting time for agent 165
[Current_Solution] Agent 165 used 2 waiting timesteps, 54 remaining
[Waiting_time_Solve] Applied 2 waiting time  for agent 165 who has waiting time 54
[Waiting_time_Solve] Applying waiting time 2 to agent 172 who has waiting time 83
[Waiting_time_Solve] New path is consistent after applying waiting time for agent 172
[Current_Solution] Agent 172 used 2 waiting timesteps, 81 remaining
[Waiting_time_Solve] Applied 2 waiting time  for agent 172 who has waiting time 81
[Waiting_time_Solve] Applying waiting time 2 to agent 191 who has waiting time 91
[Waiting_time_Solve] New path is consistent after applying waiting time for agent 191
[Current_Solution] Agent 191 used 2 waiting timesteps, 89 remaining
[Waiting_time_Solve] Applied 2 waiting time  for agent 191 who has waiting time 89
[Waiting_time_Solve] Applying waiting time 2 to agent 184 who has waiting time 19
[Waiting_time_Solve] New path is consistent after applying waiting time for agent 184
[Current_Solution] Agent 184 used 2 waiting timesteps, 17 remaining
[Waiting_time_Solve] Applied 2 waiting time  for agent 184 who has waiting time 17
[Waiting_time_Solve] Applying waiting time 2 to agent 119 who has waiting time 107
[Waiting_time_Solve] New path is consistent after applying waiting time for agent 119
[Current_Solution] Agent 119 used 2 waiting timesteps, 105 remaining
[Waiting_time_Solve] Applied 2 waiting time  for agent 119 who has waiting time 105
[Waiting_time_Solve] Applying waiting time 2 to agent 120 who has waiting time 74
[Waiting_time_Solve] New path is consistent after applying waiting time for agent 120
[Current_Solution] Agent 120 used 2 waiting timesteps, 72 remaining
[Waiting_time_Solve] Applied 2 waiting time  for agent 120 who has waiting time 72
[Waiting_time_Solve] Applying waiting time 2 to agent 121 who has waiting time 134
[Waiting_time_Solve] New path is consistent after applying waiting time for agent 121
[Current_Solution] Agent 121 used 2 waiting timesteps, 132 remaining
[Waiting_time_Solve] Applied 2 waiting time  for agent 121 who has waiting time 132
[Waiting_time_Solve] Applying waiting time 2 to agent 122 who has waiting time 87
[Waiting_time_Solve] New path is consistent after applying waiting time for agent 122
[Current_Solution] Agent 122 used 2 waiting timesteps, 85 remaining
[Waiting_time_Solve] Applied 2 waiting time  for agent 122 who has waiting time 85
[Waiting_time_Solve] Applying waiting time 2 to agent 72 who has waiting time 59
[Waiting_time_Solve] New path is consistent after applying waiting time for agent 72
[Current_Solution] Agent 72 used 2 waiting timesteps, 57 remaining
[Waiting_time_Solve] Applied 2 waiting time  for agent 72 who has waiting time 57
[Waiting_time_Solve] Applying waiting time 2 to agent 187 who has waiting time 131
[Current_Solution] Agent 187 used 1 waiting timesteps, 130 remaining
[Waiting_time_Solve] New path is consistent after applying waiting time for agent 187
[Current_Solution] Agent 187 used 2 waiting timesteps, 128 remaining
[Waiting_time_Solve] Applied 2 waiting time  for agent 187 who has waiting time 128
[Waiting_time_Solve] Applying waiting time 2 to agent 140 who has waiting time 131
[Current_Solution] Agent 140 used 1 waiting timesteps, 130 remaining
[Waiting_time_Solve] New path is consistent after applying waiting time for agent 140
[Current_Solution] Agent 140 used 2 waiting timesteps, 128 remaining
[Waiting_time_Solve] Applied 2 waiting time  for agent 140 who has waiting time 128
[Waiting_time_Solve] Applying waiting time 2 to agent 157 who has waiting time 132
[Current_Solution] Agent 157 used 2 waiting timesteps, 130 remaining
[Waiting_time_Solve] New path is consistent after applying waiting time for agent 157
[Current_Solution] Agent 157 used 2 waiting timesteps, 128 remaining
[Waiting_time_Solve] Applied 2 waiting time  for agent 157 who has waiting time 128
[Waiting_time_Solve] Applying waiting time 2 to agent 176 who has waiting time 113
[Waiting_time_Solve] New path is consistent after applying waiting time for agent 176
[Current_Solution] Agent 176 used 2 waiting timesteps, 111 remaining
[Waiting_time_Solve] Applied 2 waiting time  for agent 176 who has waiting time 111
[Waiting_time_Solve] Applying waiting time 2 to agent 125 who has waiting time 67
[Waiting_time_Solve] New path is consistent after applying waiting time for agent 125
[Current_Solution] Agent 125 used 2 waiting timesteps, 65 remaining
[Waiting_time_Solve] Applied 2 waiting time  for agent 125 who has waiting time 65
[Waiting_time_Solve] Applying waiting time 2 to agent 24 who has waiting time 117
[Waiting_time_Solve] New path is consistent after applying waiting time for agent 24
[Current_Solution] Agent 24 used 2 waiting timesteps, 115 remaining
[Waiting_time_Solve] Applied 2 waiting time  for agent 24 who has waiting time 115
[Waiting_time_Solve] Applying waiting time 2 to agent 126 who has waiting time 91
[Waiting_time_Solve] New path is consistent after applying waiting time for agent 126
[Current_Solution] Agent 126 used 2 waiting timesteps, 89 remaining
[Waiting_time_Solve] Applied 2 waiting time  for agent 126 who has waiting time 89
[Waiting_time_Solve] Applying waiting time 2 to agent 128 who has waiting time 148
[Waiting_time_Solve] New path is consistent after applying waiting time for agent 128
[Current_Solution] Agent 128 used 2 waiting timesteps, 146 remaining
[Waiting_time_Solve] Applied 2 waiting time  for agent 128 who has waiting time 146
[Waiting_time_Solve] Applying waiting time 2 to agent 95 who has waiting time 122
[Waiting_time_Solve] New path is consistent after applying waiting time for agent 95
[Current_Solution] Agent 95 used 2 waiting timesteps, 120 remaining
[Waiting_time_Solve] Applied 2 waiting time  for agent 95 who has waiting time 120
[Waiting_time_Solve] Applying waiting time 2 to agent 188 who has waiting time 132
[Waiting_time_Solve] Pruned 1 vertex and 0 edge collisions from segment 226
[Waiting_time_Solve] Pruned 2 vertex and 0 edge collisions from segment 227
[Waiting_time_Solve] New path is consistent after applying waiting time for agent 188
[Current_Solution] Agent 188 used 2 waiting timesteps, 130 remaining
[Waiting_time_Solve] Applied 2 waiting time  for agent 188 who has waiting time 130
[Waiting_time_Solve] Applying waiting time 2 to agent 152 who has waiting time 33
[Waiting_time_Solve] New path is consistent after applying waiting time for agent 152
[Current_Solution] Agent 152 used 2 waiting timesteps, 31 remaining
[Waiting_time_Solve] Applied 2 waiting time  for agent 152 who has waiting time 31
[Waiting_time_Solve] Applying waiting time 2 to agent 133 who has waiting time 78
[Waiting_time_Solve] New path is consistent after applying waiting time for agent 133
[Current_Solution] Agent 133 used 2 waiting timesteps, 76 remaining
[Waiting_time_Solve] Applied 2 waiting time  for agent 133 who has waiting time 76
[Waiting_time_Solve] Applying waiting time 2 to agent 75 who has waiting time 64
[Waiting_time_Solve] New path is consistent after applying waiting time for agent 75
[Current_Solution] Agent 75 used 2 waiting timesteps, 62 remaining
[Waiting_time_Solve] Applied 2 waiting time  for agent 75 who has waiting time 62
[Waiting_time_Solve] Applying waiting time 2 to agent 138 who has waiting time 132
[Current_Solution] Agent 138 used 2 waiting timesteps, 130 remaining
[Waiting_time_Solve] New path is consistent after applying waiting time for agent 138
[Current_Solution] Agent 138 used 2 waiting timesteps, 128 remaining
[Waiting_time_Solve] Applied 2 waiting time  for agent 138 who has waiting time 128
[Waiting_time_Solve] Applying waiting time 2 to agent 143 who has waiting time 63
[Waiting_time_Solve] New path is consistent after applying waiting time for agent 143
[Current_Solution] Agent 143 used 2 waiting timesteps, 61 remaining
[Waiting_time_Solve] Applied 2 waiting time  for agent 143 who has waiting time 61
[Waiting_time_Solve] Applying waiting time 2 to agent 3 who has waiting time 10
[Waiting_time_Solve] New path is consistent after applying waiting time for agent 3
[Current_Solution] Agent 3 used 2 waiting timesteps, 8 remaining
[Waiting_time_Solve] Applied 2 waiting time  for agent 3 who has waiting time 8
[Waiting_time_Solve] Applying waiting time 2 to agent 178 who has waiting time 84
[Waiting_time_Solve] New path is consistent after applying waiting time for agent 178
[Current_Solution] Agent 178 used 2 waiting timesteps, 82 remaining
[Waiting_time_Solve] Applied 2 waiting time  for agent 178 who has waiting time 82
[Waiting_time_Solve] Applying waiting time 2 to agent 109 who has waiting time 31
[Waiting_time_Solve] New path is consistent after applying waiting time for agent 109
[Current_Solution] Agent 109 used 2 waiting timesteps, 29 remaining
[Waiting_time_Solve] Applied 2 waiting time  for agent 109 who has waiting time 29
[Waiting_time_Solve] Applying waiting time 2 to agent 181 who has waiting time 70
[Waiting_time_Solve] New path is consistent after applying waiting time for agent 181
[Current_Solution] Agent 181 used 2 waiting timesteps, 68 remaining
[Waiting_time_Solve] Applied 2 waiting time  for agent 181 who has waiting time 68
[Waiting_time_Solve] Applying waiting time 2 to agent 182 who has waiting time 131
[Current_Solution] Agent 182 used 1 waiting timesteps, 130 remaining
[Waiting_time_Solve] New path is consistent after applying waiting time for agent 182
[Current_Solution] Agent 182 used 2 waiting timesteps, 128 remaining
[Waiting_time_Solve] Applied 2 waiting time  for agent 182 who has waiting time 128
[Waiting_time_Solve] Applying waiting time 2 to agent 195 who has waiting time 131
[Current_Solution] Agent 195 used 1 waiting timesteps, 130 remaining
[Waiting_time_Solve] New path is consistent after applying waiting time for agent 195
[Current_Solution] Agent 195 used 2 waiting timesteps, 128 remaining
[Waiting_time_Solve] Applied 2 waiting time  for agent 195 who has waiting time 128
[Waiting_time_Solve] Applying waiting time 2 to agent 71 who has waiting time 56
[Waiting_time_Solve] New path is consistent after applying waiting time for agent 71
[Current_Solution] Agent 71 used 2 waiting timesteps, 54 remaining
[Waiting_time_Solve] Applied 2 waiting time  for agent 71 who has waiting time 54
[Waiting_time_Solve] Applying waiting time 2 to agent 186 who has waiting time 41
[Waiting_time_Solve] New path is consistent after applying waiting time for agent 186
[Current_Solution] Agent 186 used 2 waiting timesteps, 39 remaining
[Waiting_time_Solve] Applied 2 waiting time  for agent 186 who has waiting time 39
[Waiting_time_Solve] Applying waiting time 2 to agent 189 who has waiting time 43
[Waiting_time_Solve] New path is consistent after applying waiting time for agent 189
[Current_Solution] Agent 189 used 2 waiting timesteps, 41 remaining
[Waiting_time_Solve] Applied 2 waiting time  for agent 189 who has waiting time 41
[Waiting_time_Solve] Applying waiting time 2 to agent 101 who has waiting time 131
[Current_Solution] Agent 101 used 1 waiting timesteps, 130 remaining
[Waiting_time_Solve] New path is consistent after applying waiting time for agent 101
[Current_Solution] Agent 101 used 2 waiting timesteps, 128 remaining
[Waiting_time_Solve] Applied 2 waiting time  for agent 101 who has waiting time 128
[Waiting_time_Solve] Applying waiting time 2 to agent 193 who has waiting time 35
[Waiting_time_Solve] New path is consistent after applying waiting time for agent 193
[Current_Solution] Agent 193 used 2 waiting timesteps, 33 remaining
[Waiting_time_Solve] Applied 2 waiting time  for agent 193 who has waiting time 33
[Waiting_time_Solve] Applying waiting time 2 to agent 194 who has waiting time 84
[Waiting_time_Solve] New path is consistent after applying waiting time for agent 194
[Current_Solution] Agent 194 used 2 waiting timesteps, 82 remaining
[Waiting_time_Solve] Applied 2 waiting time  for agent 194 who has waiting time 82
[Waiting_time_Solve] Applying waiting time 2 to agent 197 who has waiting time 131
[Current_Solution] Agent 197 used 1 waiting timesteps, 130 remaining
[Waiting_time_Solve] New path is consistent after applying waiting time for agent 197
[Current_Solution] Agent 197 used 2 waiting timesteps, 128 remaining
[Waiting_time_Solve] Applied 2 waiting time  for agent 197 who has waiting time 128
[Waiting_time_Solve] Applying waiting time 2 to agent 100 who has waiting time 26
[Waiting_time_Solve] New path is consistent after applying waiting time for agent 100
[Current_Solution] Agent 100 used 2 waiting timesteps, 24 remaining
[Waiting_time_Solve] Applied 2 waiting time  for agent 100 who has waiting time 24
[Waiting_time_Solve] Applying waiting time 2 to agent 116 who has waiting time 131
[Current_Solution] Agent 116 used 1 waiting timesteps, 130 remaining
[Waiting_time_Solve] New path is consistent after applying waiting time for agent 116
[Current_Solution] Agent 116 used 2 waiting timesteps, 128 remaining
[Waiting_time_Solve] Applied 2 waiting time  for agent 116 who has waiting time 128
[Waiting_time_Solve] Applying waiting time 2 to agent 25 who has waiting time 159
[Waiting_time_Solve] New path is consistent after applying waiting time for agent 25
[Current_Solution] Agent 25 used 2 waiting timesteps, 157 remaining
[Waiting_time_Solve] Applied 2 waiting time  for agent 25 who has waiting time 157
[Waiting_time_Solve] Applying waiting time 2 to agent 59 who has waiting time 102
[Waiting_time_Solve] New path is consistent after applying waiting time for agent 59
[Current_Solution] Agent 59 used 2 waiting timesteps, 100 remaining
[Waiting_time_Solve] Applied 2 waiting time  for agent 59 who has waiting time 100
[Waiting_time_Solve] Applying waiting time 2 to agent 70 who has waiting time 134
[Waiting_time_Solve] New path is consistent after applying waiting time for agent 70
[Current_Solution] Agent 70 used 2 waiting timesteps, 132 remaining
[Waiting_time_Solve] Applied 2 waiting time  for agent 70 who has waiting time 132
[Waiting_time_Solve] Applying waiting time 2 to agent 130 who has waiting time 53
[Waiting_time_Solve] New path is consistent after applying waiting time for agent 130
[Current_Solution] Agent 130 used 2 waiting timesteps, 51 remaining
[Waiting_time_Solve] Applied 2 waiting time  for agent 130 who has waiting time 51
[Waiting_time_Solve] Applying waiting time 2 to agent 67 who has waiting time 41
[Waiting_time_Solve] New path is consistent after applying waiting time for agent 67
[Current_Solution] Agent 67 used 2 waiting timesteps, 39 remaining
[Waiting_time_Solve] Applied 2 waiting time  for agent 67 who has waiting time 39
[Waiting_time_Solve] Applying waiting time 2 to agent 76 who has waiting time 45
[Waiting_time_Solve] New path is consistent after applying waiting time for agent 76
[Current_Solution] Agent 76 used 2 waiting timesteps, 43 remaining
[Waiting_time_Solve] Applied 2 waiting time  for agent 76 who has waiting time 43
[Waiting_time_Solve] Applying waiting time 2 to agent 41 who has waiting time 115
[Waiting_time_Solve] New path is consistent after applying waiting time for agent 41
[Current_Solution] Agent 41 used 2 waiting timesteps, 113 remaining
[Waiting_time_Solve] Applied 2 waiting time  for agent 41 who has waiting time 113
[Waiting_time_Solve] Applying waiting time 2 to agent 110 who has waiting time 64
[Waiting_time_Solve] New path is consistent after applying waiting time for agent 110
[Current_Solution] Agent 110 used 2 waiting timesteps, 62 remaining
[Waiting_time_Solve] Applied 2 waiting time  for agent 110 who has waiting time 62
[Waiting_time_Solve] Applying waiting time 2 to agent 90 who has waiting time 81
[Waiting_time_Solve] New path is consistent after applying waiting time for agent 90
[Current_Solution] Agent 90 used 2 waiting timesteps, 79 remaining
[Waiting_time_Solve] Applied 2 waiting time  for agent 90 who has waiting time 79
[Waiting_time_Solve] Applying waiting time 2 to agent 183 who has waiting time 82
[Waiting_time_Solve] New path is consistent after applying waiting time for agent 183
[Current_Solution] Agent 183 used 2 waiting timesteps, 80 remaining
[Waiting_time_Solve] Applied 2 waiting time  for agent 183 who has waiting time 80
[Waiting_time_Solve] Applying waiting time 2 to agent 180 who has waiting time 132
[Current_Solution] Agent 180 used 2 waiting timesteps, 130 remaining
[Waiting_time_Solve] New path is consistent after applying waiting time for agent 180
[Current_Solution] Agent 180 used 2 waiting timesteps, 128 remaining
[Waiting_time_Solve] Applied 2 waiting time  for agent 180 who has waiting time 128
[Waiting_time_Solve] Applying waiting time 2 to agent 63 who has waiting time 131
[Current_Solution] Agent 63 used 1 waiting timesteps, 130 remaining
[Waiting_time_Solve] New path is consistent after applying waiting time for agent 63
[Current_Solution] Agent 63 used 2 waiting timesteps, 128 remaining
[Waiting_time_Solve] Applied 2 waiting time  for agent 63 who has waiting time 128
[Waiting_time_Solve] ALL Waiting time applied
[Waiting_time_Solve] Extended Zone end time from 57 to 59
[Current_Solution] Agent 62 used 2 waiting timesteps, 130 remaining
[Current_Solution] Agent 93 used 1 waiting timesteps, 130 remaining
[Current_Solution] Agent 103 used 1 waiting timesteps, 130 remaining
[Current_Solution] Agent 113 used 2 waiting timesteps, 130 remaining
[Current_Solution] Agent 145 used 1 waiting timesteps, 130 remaining
[Current_Solution] Agent 155 used 1 waiting timesteps, 130 remaining
[Current_Solution] Agent 174 used 1 waiting timesteps, 130 remaining
[Current_Solution] Agent 196 used 2 waiting timesteps, 130 remaining
[Waiting_time_Solve] Iteration 2...
[Waiting_time_Solve] Pruned 11 vertex and 2 edge collisions from segment 227
[Waiting_time_Solve] Agent 188 pseudo agents: 226 227 
[Waiting_time_Solve] Agent 176 pseudo agents: 225 
[Waiting_time_Solve] Agent 174 pseudo agents: 224 
[Waiting_time_Solve] Agent 155 pseudo agents: 223 
[Waiting_time_Solve] Agent 144 pseudo agents: 222 
[Waiting_time_Solve] Agent 142 pseudo agents: 221 
[Waiting_time_Solve] Agent 141 pseudo agents: 220 
[Waiting_time_Solve] Agent 140 pseudo agents: 219 
[Waiting_time_Solve] Agent 137 pseudo agents: 218 
[Waiting_time_Solve] Agent 9 pseudo agents: 201 202 
[Waiting_time_Solve] Agent 63 pseudo agents: 209 
[Waiting_time_Solve] Agent 62 pseudo agents: 207 208 
[Waiting_time_Solve] Agent 130 pseudo agents: 216 217 
[Waiting_time_Solve] Agent 59 pseudo agents: 205 206 
[Waiting_time_Solve] Agent 0 pseudo agents: 200 
[Waiting_time_Solve] Agent 25 pseudo agents: 203 204 
[Waiting_time_Solve] Agent 83 pseudo agents: 210 
[Waiting_time_Solve] Agent 91 pseudo agents: 211 212 
[Waiting_time_Solve] Agent 101 pseudo agents: 213 214 
[Waiting_time_Solve] Agent 111 pseudo agents: 215 
[SAT] Start solving CNF: 47946924 clauses and 405934 variables
[SAT] Agent 199 entry time: 0 exit time: 56
[SAT] Agent 198 entry time: 10 exit time: 59
[SAT] Agent 197 entry time: 0 exit time: 59
[SAT] Agent 196 entry time: 0 exit time: 59
[SAT] Agent 195 entry time: 3 exit time: 59
[SAT] Agent 194 entry time: 0 exit time: 59
[SAT] Agent 193 entry time: 0 exit time: 59
[SAT] Agent 192 entry time: 17 exit time: 59
[SAT] Agent 191 entry time: 3 exit time: 59
[SAT] Agent 190 entry time: 0 exit time: 59
[SAT] Agent 189 entry time: 0 exit time: 59
[SAT] Agent 227 entry time: 39 exit time: 58
[SAT] Agent 226 entry time: 36 exit time: 36
[SAT] Agent 188 entry time: 11 exit time: 34
[SAT] Agent 187 entry time: 3 exit time: 59
[SAT] Agent 186 entry time: 10 exit time: 59
[SAT] Agent 185 entry time: 0 exit time: 59
[SAT] Agent 184 entry time: 6 exit time: 59
[SAT] Agent 183 entry time: 0 exit time: 59
[SAT] Agent 182 entry time: 2 exit time: 59
[SAT] Agent 181 entry time: 2 exit time: 59
[SAT] Agent 180 entry time: 2 exit time: 59
[SAT] Agent 179 entry time: 9 exit time: 59
[SAT] Agent 178 entry time: 27 exit time: 59
[SAT] Agent 177 entry time: 6 exit time: 59
[SAT] Agent 225 entry time: 12 exit time: 59
[SAT] Agent 176 entry time: 0 exit time: 10
[SAT] Agent 175 entry time: 6 exit time: 59
[SAT] Agent 224 entry time: 4 exit time: 59
[SAT] Agent 174 entry time: 1 exit time: 1
[SAT] Agent 173 entry time: 0 exit time: 56
[SAT] Agent 172 entry time: 1 exit time: 59
[SAT] Agent 171 entry time: 2 exit time: 59
[SAT] Agent 170 entry time: 8 exit time: 57
[SAT] Agent 169 entry time: 7 exit time: 59
[SAT] Agent 168 entry time: 7 exit time: 59
[SAT] Agent 167 entry time: 0 exit time: 40
[SAT] Agent 166 entry time: 6 exit time: 59
[SAT] Agent 165 entry time: 0 exit time: 59
[SAT] Agent 164 entry time: 0 exit time: 59
[SAT] Agent 163 entry time: 0 exit time: 49
[SAT] Agent 162 entry time: 13 exit time: 59
[SAT] Agent 161 entry time: 4 exit time: 59
[SAT] Agent 160 entry time: 0 exit time: 53
[SAT] Agent 159 entry time: 23 exit time: 59
[SAT] Agent 158 entry time: 2 exit time: 59
[SAT] Agent 157 entry time: 0 exit time: 59
[SAT] Agent 156 entry time: 0 exit time: 59
[SAT] Agent 223 entry time: 11 exit time: 59
[SAT] Agent 155 entry time: 0 exit time: 8
[SAT] Agent 154 entry time: 10 exit time: 59
[SAT] Agent 153 entry time: 0 exit time: 59
[SAT] Agent 152 entry time: 2 exit time: 59
[SAT] Agent 151 entry time: 5 exit time: 59
[SAT] Agent 150 entry time: 2 exit time: 59
[SAT] Agent 149 entry time: 0 exit time: 52
[SAT] Agent 148 entry time: 0 exit time: 59
[SAT] Agent 147 entry time: 0 exit time: 59
[SAT] Agent 146 entry time: 0 exit time: 59
[SAT] Agent 145 entry time: 7 exit time: 59
[SAT] Agent 222 entry time: 6 exit time: 59
[SAT] Agent 144 entry time: 4 exit time: 4
[SAT] Agent 143 entry time: 5 exit time: 59
[SAT] Agent 221 entry time: 38 exit time: 59
[SAT] Agent 142 entry time: 12 exit time: 35
[SAT] Agent 220 entry time: 44 exit time: 59
[SAT] Agent 141 entry time: 14 exit time: 41
[SAT] Agent 219 entry time: 6 exit time: 59
[SAT] Agent 140 entry time: 3 exit time: 3
[SAT] Agent 138 entry time: 0 exit time: 59
[SAT] Agent 218 entry time: 26 exit time: 26
[SAT] Agent 137 entry time: 0 exit time: 24
[SAT] Agent 136 entry time: 6 exit time: 59
[SAT] Agent 135 entry time: 0 exit time: 59
[SAT] Agent 134 entry time: 0 exit time: 59
[SAT] Agent 133 entry time: 0 exit time: 59
[SAT] Agent 131 entry time: 6 exit time: 59
[SAT] Agent 217 entry time: 37 exit time: 59
[SAT] Agent 216 entry time: 34 exit time: 34
[SAT] Agent 130 entry time: 3 exit time: 32
[SAT] Agent 129 entry time: 5 exit time: 59
[SAT] Agent 128 entry time: 0 exit time: 28
[SAT] Agent 127 entry time: 13 exit time: 59
[SAT] Agent 126 entry time: 0 exit time: 59
[SAT] Agent 125 entry time: 0 exit time: 59
[SAT] Agent 124 entry time: 0 exit time: 59
[SAT] Agent 123 entry time: 0 exit time: 59
[SAT] Agent 122 entry time: 0 exit time: 59
[SAT] Agent 121 entry time: 2 exit time: 31
[SAT] Agent 120 entry time: 1 exit time: 59
[SAT] Agent 119 entry time: 0 exit time: 59
[SAT] Agent 118 entry time: 7 exit time: 59
[SAT] Agent 117 entry time: 0 exit time: 59
[SAT] Agent 58 entry time: 0 exit time: 59
[SAT] Agent 57 entry time: 0 exit time: 59
[SAT] Agent 56 entry time: 0 exit time: 59
[SAT] Agent 54 entry time: 3 exit time: 59
[SAT] Agent 53 entry time: 0 exit time: 59
[SAT] Agent 52 entry time: 0 exit time: 59
[SAT] Agent 50 entry time: 0 exit time: 59
[SAT] Agent 49 entry time: 0 exit time: 59
[SAT] Agent 47 entry time: 0 exit time: 59
[SAT] Agent 46 entry time: 0 exit time: 59
[SAT] Agent 45 entry time: 3 exit time: 59
[SAT] Agent 43 entry time: 1 exit time: 59
[SAT] Agent 42 entry time: 3 exit time: 59
[SAT] Agent 41 entry time: 0 exit time: 59
[SAT] Agent 40 entry time: 5 exit time: 59
[SAT] Agent 39 entry time: 0 exit time: 59
[SAT] Agent 38 entry time: 8 exit time: 59
[SAT] Agent 37 entry time: 0 exit time: 59
[SAT] Agent 36 entry time: 0 exit time: 59
[SAT] Agent 35 entry time: 0 exit time: 59
[SAT] Agent 34 entry time: 10 exit time: 59
[SAT] Agent 33 entry time: 0 exit time: 59
[SAT] Agent 32 entry time: 0 exit time: 59
[SAT] Agent 31 entry time: 9 exit time: 59
[SAT] Agent 30 entry time: 2 exit time: 59
[SAT] Agent 29 entry time: 0 exit time: 59
[SAT] Agent 28 entry time: 0 exit time: 59
[SAT] Agent 27 entry time: 2 exit time: 59
[SAT] Agent 204 entry time: 12 exit time: 30
[SAT] Agent 77 entry time: 7 exit time: 59
[SAT] Agent 9 entry time: 0 exit time: 26
[SAT] Agent 8 entry time: 1 exit time: 59
[SAT] Agent 7 entry time: 0 exit time: 59
[SAT] Agent 6 entry time: 3 exit time: 59
[SAT] Agent 4 entry time: 0 exit time: 59
[SAT] Agent 3 entry time: 0 exit time: 59
[SAT] Agent 2 entry time: 0 exit time: 59
[SAT] Agent 1 entry time: 0 exit time: 59
[SAT] Agent 5 entry time: 0 exit time: 59
[SAT] Agent 0 entry time: 7 exit time: 7
[SAT] Agent 26 entry time: 0 exit time: 59
[SAT] Agent 203 entry time: 10 exit time: 10
[SAT] Agent 76 entry time: 4 exit time: 59
[SAT] Agent 10 entry time: 20 exit time: 59
[SAT] Agent 11 entry time: 0 exit time: 59
[SAT] Agent 12 entry time: 0 exit time: 59
[SAT] Agent 13 entry time: 7 exit time: 59
[SAT] Agent 14 entry time: 0 exit time: 59
[SAT] Agent 15 entry time: 0 exit time: 18
[SAT] Agent 16 entry time: 4 exit time: 19
[SAT] Agent 18 entry time: 2 exit time: 59
[SAT] Agent 19 entry time: 12 exit time: 59
[SAT] Agent 20 entry time: 0 exit time: 59
[SAT] Agent 21 entry time: 0 exit time: 59
[SAT] Agent 22 entry time: 5 exit time: 59
[SAT] Agent 200 entry time: 9 exit time: 59
[SAT] Agent 73 entry time: 7 exit time: 59
[SAT] Agent 23 entry time: 0 exit time: 59
[SAT] Agent 201 entry time: 32 exit time: 32
[SAT] Agent 24 entry time: 0 exit time: 59
[SAT] Agent 202 entry time: 35 exit time: 59
[SAT] Agent 75 entry time: 0 exit time: 59
[SAT] Agent 25 entry time: 0 exit time: 8
[SAT] Agent 59 entry time: 0 exit time: 10
[SAT] Agent 205 entry time: 12 exit time: 12
[SAT] Agent 78 entry time: 11 exit time: 59
[SAT] Agent 206 entry time: 16 exit time: 59
[SAT] Agent 79 entry time: 0 exit time: 59
[SAT] Agent 60 entry time: 0 exit time: 59
[SAT] Agent 61 entry time: 0 exit time: 59
[SAT] Agent 62 entry time: 1 exit time: 3
[SAT] Agent 207 entry time: 5 exit time: 27
[SAT] Agent 80 entry time: 0 exit time: 59
[SAT] Agent 208 entry time: 29 exit time: 59
[SAT] Agent 81 entry time: 0 exit time: 49
[SAT] Agent 63 entry time: 15 exit time: 16
[SAT] Agent 209 entry time: 18 exit time: 59
[SAT] Agent 82 entry time: 0 exit time: 59
[SAT] Agent 64 entry time: 9 exit time: 59
[SAT] Agent 65 entry time: 6 exit time: 59
[SAT] Agent 66 entry time: 5 exit time: 59
[SAT] Agent 67 entry time: 0 exit time: 59
[SAT] Agent 68 entry time: 1 exit time: 59
[SAT] Agent 69 entry time: 7 exit time: 59
[SAT] Agent 70 entry time: 0 exit time: 34
[SAT] Agent 71 entry time: 0 exit time: 59
[SAT] Agent 72 entry time: 0 exit time: 59
[SAT] Agent 83 entry time: 10 exit time: 10
[SAT] Agent 210 entry time: 12 exit time: 59
[SAT] Agent 84 entry time: 22 exit time: 59
[SAT] Agent 211 entry time: 11 exit time: 11
[SAT] Agent 85 entry time: 10 exit time: 59
[SAT] Agent 212 entry time: 13 exit time: 59
[SAT] Agent 86 entry time: 0 exit time: 35
[SAT] Agent 213 entry time: 10 exit time: 10
[SAT] Agent 87 entry time: 0 exit time: 59
[SAT] Agent 214 entry time: 13 exit time: 59
[SAT] Agent 88 entry time: 0 exit time: 59
[SAT] Agent 215 entry time: 32 exit time: 59
[SAT] Agent 89 entry time: 0 exit time: 59
[SAT] Agent 90 entry time: 0 exit time: 59
[SAT] Agent 91 entry time: 0 exit time: 7
[SAT] Agent 92 entry time: 0 exit time: 59
[SAT] Agent 93 entry time: 7 exit time: 59
[SAT] Agent 94 entry time: 0 exit time: 59
[SAT] Agent 95 entry time: 4 exit time: 59
[SAT] Agent 96 entry time: 2 exit time: 59
[SAT] Agent 97 entry time: 0 exit time: 59
[SAT] Agent 98 entry time: 0 exit time: 59
[SAT] Agent 99 entry time: 0 exit time: 59
[SAT] Agent 100 entry time: 0 exit time: 59
[SAT] Agent 101 entry time: 0 exit time: 8
[SAT] Agent 102 entry time: 0 exit time: 59
[SAT] Agent 103 entry time: 0 exit time: 59
[SAT] Agent 104 entry time: 0 exit time: 59
[SAT] Agent 105 entry time: 0 exit time: 59
[SAT] Agent 106 entry time: 5 exit time: 59
[SAT] Agent 107 entry time: 0 exit time: 13
[SAT] Agent 108 entry time: 6 exit time: 59
[SAT] Agent 109 entry time: 3 exit time: 59
[SAT] Agent 110 entry time: 20 exit time: 59
[SAT] Agent 111 entry time: 0 exit time: 29
[SAT] Agent 112 entry time: 0 exit time: 59
[SAT] Agent 113 entry time: 0 exit time: 59
[SAT] Agent 114 entry time: 0 exit time: 59
[SAT] Agent 115 entry time: 0 exit time: 46
[SAT] Agent 116 entry time: 0 exit time: 59

[SAT] Start time: 0 End time: 59

[SAT] Solving local zone with SAT iteration 1...
[SAT] Local CNF: 47951782 clauses 

DEBUG: Adding 47951782 new clauses to MiniSAT (incremental run)
DEBUG: Clause load summary: input=47951782, added=47951782, tautologies_skipped=0, duplicates_skipped=0, unit_clauses=972, empties=0, intra_clause_literals_removed=0, added_but_db_unchanged=1967
DEBUG: After adding clauses, solver has 47948843 clauses and 405934 variables
DEBUG: MiniSAT found 405934 variables
DEBUG: Assignment size: 405934
DEBUG: First few assignment values: 1 0 1 0 1 0 1 0 1 0 

=== DEBUG: cnf_assignment_to_paths ===
Input assignment size: 405934

=== END DEBUG ===
[SAT] Found 2209 vertex collisions and 198 edge collisions
[SAT] Adding collision clauses and solving again...
[SAT] Solving local zone with SAT iteration 2...
[SAT] Local CNF: 47954189 clauses 

DEBUG: Adding 2407 new clauses to MiniSAT (incremental run)
[SAT] Previous assignment invalidated by new clauses, reset solver and retrying without assumptions...
DEBUG: Adding 47954189 new clauses to MiniSAT (incremental run)
[SAT] Local problem appears to be unsatisfiable in current zone
[Waiting_time_Solve] No solution found, trying to apply waiting time:3
[Waiting_time_Solve] Applying waiting time 3 to agent 2 who has waiting time 104
[Waiting_time_Solve] New path is consistent after applying waiting time for agent 2
[Current_Solution] Agent 2 used 3 waiting timesteps, 101 remaining
[Waiting_time_Solve] Applied 3 waiting time  for agent 2 who has waiting time 101
[Waiting_time_Solve] Applying waiting time 3 to agent 33 who has waiting time 128
[Current_Solution] Agent 33 used 1 waiting timesteps, 127 remaining
[Waiting_time_Solve] New path is consistent after applying waiting time for agent 33
[Current_Solution] Agent 33 used 3 waiting timesteps, 124 remaining
[Waiting_time_Solve] Applied 3 waiting time  for agent 33 who has waiting time 124
[Waiting_time_Solve] Applying waiting time 3 to agent 4 who has waiting time 128
[Current_Solution] Agent 4 used 1 waiting timesteps, 127 remaining
[Waiting_time_Solve] New path is consistent after applying waiting time for agent 4
[Current_Solution] Agent 4 used 3 waiting timesteps, 124 remaining
[Waiting_time_Solve] Applied 3 waiting time  for agent 4 who has waiting time 124
[Waiting_time_Solve] Applying waiting time 3 to agent 7 who has waiting time 128
[Current_Solution] Agent 7 used 1 waiting timesteps, 127 remaining
[Waiting_time_Solve] New path is consistent after applying waiting time for agent 7
[Current_Solution] Agent 7 used 3 waiting timesteps, 124 remaining
[Waiting_time_Solve] Applied 3 waiting time  for agent 7 who has waiting time 124
[Waiting_time_Solve] Applying waiting time 3 to agent 41 who has waiting time 113
[Waiting_time_Solve] New path is consistent after applying waiting time for agent 41
[Current_Solution] Agent 41 used 3 waiting timesteps, 110 remaining
[Waiting_time_Solve] Applied 3 waiting time  for agent 41 who has waiting time 110
[Waiting_time_Solve] Applying waiting time 3 to agent 8 who has waiting time 71
[Waiting_time_Solve] New path is consistent after applying waiting time for agent 8
[Current_Solution] Agent 8 used 3 waiting timesteps, 68 remaining
[Waiting_time_Solve] Applied 3 waiting time  for agent 8 who has waiting time 68
[Waiting_time_Solve] Applying waiting time 3 to agent 12 who has waiting time 117
[Waiting_time_Solve] New path is consistent after applying waiting time for agent 12
[Current_Solution] Agent 12 used 3 waiting timesteps, 114 remaining
[Waiting_time_Solve] Applied 3 waiting time  for agent 12 who has waiting time 114
[Waiting_time_Solve] Applying waiting time 3 to agent 14 who has waiting time 104
[Waiting_time_Solve] New path is consistent after applying waiting time for agent 14
[Current_Solution] Agent 14 used 3 waiting timesteps, 101 remaining
[Waiting_time_Solve] Applied 3 waiting time  for agent 14 who has waiting time 101
[Waiting_time_Solve] Applying waiting time 3 to agent 36 who has waiting time 58
[Waiting_time_Solve] New path is consistent after applying waiting time for agent 36
[Current_Solution] Agent 36 used 3 waiting timesteps, 55 remaining
[Waiting_time_Solve] Applied 3 waiting time  for agent 36 who has waiting time 55
[Waiting_time_Solve] Applying waiting time 3 to agent 22 who has waiting time 114
[Waiting_time_Solve] New path is consistent after applying waiting time for agent 22
[Current_Solution] Agent 22 used 3 waiting timesteps, 111 remaining
[Waiting_time_Solve] Applied 3 waiting time  for agent 22 who has waiting time 111
[Waiting_time_Solve] Applying waiting time 3 to agent 23 who has waiting time 85
[Waiting_time_Solve] New path is consistent after applying waiting time for agent 23
[Current_Solution] Agent 23 used 3 waiting timesteps, 82 remaining
[Waiting_time_Solve] Applied 3 waiting time  for agent 23 who has waiting time 82
[Waiting_time_Solve] Applying waiting time 3 to agent 42 who has waiting time 116
[Waiting_time_Solve] New path is consistent after applying waiting time for agent 42
[Current_Solution] Agent 42 used 3 waiting timesteps, 113 remaining
[Waiting_time_Solve] Applied 3 waiting time  for agent 42 who has waiting time 113
[Waiting_time_Solve] Applying waiting time 3 to agent 191 who has waiting time 89
[Waiting_time_Solve] New path is consistent after applying waiting time for agent 191
[Current_Solution] Agent 191 used 3 waiting timesteps, 86 remaining
[Waiting_time_Solve] Applied 3 waiting time  for agent 191 who has waiting time 86
[Waiting_time_Solve] Applying waiting time 3 to agent 0 who has waiting time 84
[Waiting_time_Solve] New path is consistent after applying waiting time for agent 0
[Current_Solution] Agent 0 used 3 waiting timesteps, 81 remaining
[Waiting_time_Solve] Applied 3 waiting time  for agent 0 who has waiting time 81
[Waiting_time_Solve] Applying waiting time 3 to agent 76 who has waiting time 43
[Waiting_time_Solve] New path is consistent after applying waiting time for agent 76
[Current_Solution] Agent 76 used 3 waiting timesteps, 40 remaining
[Waiting_time_Solve] Applied 3 waiting time  for agent 76 who has waiting time 40
[Waiting_time_Solve] Applying waiting time 3 to agent 96 who has waiting time 87
[Waiting_time_Solve] New path is consistent after applying waiting time for agent 96
[Current_Solution] Agent 96 used 3 waiting timesteps, 84 remaining
[Waiting_time_Solve] Applied 3 waiting time  for agent 96 who has waiting time 84
[Waiting_time_Solve] Applying waiting time 3 to agent 81 who has waiting time 135
[Waiting_time_Solve] New path is consistent after applying waiting time for agent 81
[Current_Solution] Agent 81 used 3 waiting timesteps, 132 remaining
[Waiting_time_Solve] Applied 3 waiting time  for agent 81 who has waiting time 132
[Waiting_time_Solve] Applying waiting time 3 to agent 115 who has waiting time 127
[Waiting_time_Solve] New path is consistent after applying waiting time for agent 115
[Current_Solution] Agent 115 used 3 waiting timesteps, 124 remaining
[Waiting_time_Solve] Applied 3 waiting time  for agent 115 who has waiting time 124
[Waiting_time_Solve] Applying waiting time 3 to agent 170 who has waiting time 130
[Waiting_time_Solve] New path is consistent after applying waiting time for agent 170
[Current_Solution] Agent 170 used 3 waiting timesteps, 127 remaining
[Waiting_time_Solve] Applied 3 waiting time  for agent 170 who has waiting time 127
[Waiting_time_Solve] Applying waiting time 3 to agent 79 who has waiting time 19
[Waiting_time_Solve] New path is consistent after applying waiting time for agent 79
[Current_Solution] Agent 79 used 3 waiting timesteps, 16 remaining
[Waiting_time_Solve] Applied 3 waiting time  for agent 79 who has waiting time 16
[Waiting_time_Solve] Applying waiting time 3 to agent 87 who has waiting time 86
[Waiting_time_Solve] New path is consistent after applying waiting time for agent 87
[Current_Solution] Agent 87 used 3 waiting timesteps, 83 remaining
[Waiting_time_Solve] Applied 3 waiting time  for agent 87 who has waiting time 83
[Waiting_time_Solve] Applying waiting time 3 to agent 100 who has waiting time 24
[Waiting_time_Solve] New path is consistent after applying waiting time for agent 100
[Current_Solution] Agent 100 used 3 waiting timesteps, 21 remaining
[Waiting_time_Solve] Applied 3 waiting time  for agent 100 who has waiting time 21
[Waiting_time_Solve] Applying waiting time 3 to agent 108 who has waiting time 128
[Current_Solution] Agent 108 used 1 waiting timesteps, 127 remaining
[Waiting_time_Solve] New path is consistent after applying waiting time for agent 108
[Current_Solution] Agent 108 used 3 waiting timesteps, 124 remaining
[Waiting_time_Solve] Applied 3 waiting time  for agent 108 who has waiting time 124
[Waiting_time_Solve] Applying waiting time 3 to agent 46 who has waiting time 116
[Waiting_time_Solve] New path is consistent after applying waiting time for agent 46
[Current_Solution] Agent 46 used 3 waiting timesteps, 113 remaining
[Waiting_time_Solve] Applied 3 waiting time  for agent 46 who has waiting time 113
[Waiting_time_Solve] Applying waiting time 3 to agent 82 who has waiting time 128
[Current_Solution] Agent 82 used 1 waiting timesteps, 127 remaining
[Waiting_time_Solve] New path is consistent after applying waiting time for agent 82
[Current_Solution] Agent 82 used 3 waiting timesteps, 124 remaining
[Waiting_time_Solve] Applied 3 waiting time  for agent 82 who has waiting time 124
[Waiting_time_Solve] Applying waiting time 3 to agent 101 who has waiting time 128
[Current_Solution] Agent 101 used 1 waiting timesteps, 127 remaining
[Waiting_time_Solve] New path is consistent after applying waiting time for agent 101
[Current_Solution] Agent 101 used 3 waiting timesteps, 124 remaining
[Waiting_time_Solve] Applied 3 waiting time  for agent 101 who has waiting time 124
[Waiting_time_Solve] Applying waiting time 3 to agent 155 who has waiting time 130
[Current_Solution] Agent 155 used 3 waiting timesteps, 127 remaining
[Waiting_time_Solve] New path is consistent after applying waiting time for agent 155
[Current_Solution] Agent 155 used 3 waiting timesteps, 124 remaining
[Waiting_time_Solve] Applied 3 waiting time  for agent 155 who has waiting time 124
[Waiting_time_Solve] Applying waiting time 3 to agent 52 who has waiting time 128
[Current_Solution] Agent 52 used 1 waiting timesteps, 127 remaining
[Waiting_time_Solve] New path is consistent after applying waiting time for agent 52
[Current_Solution] Agent 52 used 3 waiting timesteps, 124 remaining
[Waiting_time_Solve] Applied 3 waiting time  for agent 52 who has waiting time 124
[Waiting_time_Solve] Applying waiting time 3 to agent 5 who has waiting time 128
[Current_Solution] Agent 5 used 1 waiting timesteps, 127 remaining
[Waiting_time_Solve] New path is consistent after applying waiting time for agent 5
[Current_Solution] Agent 5 used 3 waiting timesteps, 124 remaining
[Waiting_time_Solve] Applied 3 waiting time  for agent 5 who has waiting time 124
[Waiting_time_Solve] Applying waiting time 3 to agent 54 who has waiting time 112
[Waiting_time_Solve] New path is consistent after applying waiting time for agent 54
[Current_Solution] Agent 54 used 3 waiting timesteps, 109 remaining
[Waiting_time_Solve] Applied 3 waiting time  for agent 54 who has waiting time 109
[Waiting_time_Solve] Applying waiting time 3 to agent 32 who has waiting time 97
[Waiting_time_Solve] New path is consistent after applying waiting time for agent 32
[Current_Solution] Agent 32 used 3 waiting timesteps, 94 remaining
[Waiting_time_Solve] Applied 3 waiting time  for agent 32 who has waiting time 94
[Waiting_time_Solve] Applying waiting time 3 to agent 56 who has waiting time 18
[Waiting_time_Solve] New path is consistent after applying waiting time for agent 56
[Current_Solution] Agent 56 used 3 waiting timesteps, 15 remaining
[Waiting_time_Solve] Applied 3 waiting time  for agent 56 who has waiting time 15
[Waiting_time_Solve] Applying waiting time 3 to agent 57 who has waiting time 108
[Waiting_time_Solve] New path is consistent after applying waiting time for agent 57
[Current_Solution] Agent 57 used 3 waiting timesteps, 105 remaining
[Waiting_time_Solve] Applied 3 waiting time  for agent 57 who has waiting time 105
[Waiting_time_Solve] Applying waiting time 3 to agent 99 who has waiting time 64
[Waiting_time_Solve] New path is consistent after applying waiting time for agent 99
[Current_Solution] Agent 99 used 3 waiting timesteps, 61 remaining
[Waiting_time_Solve] Applied 3 waiting time  for agent 99 who has waiting time 61
[Waiting_time_Solve] Applying waiting time 3 to agent 61 who has waiting time 111
[Waiting_time_Solve] New path is consistent after applying waiting time for agent 61
[Current_Solution] Agent 61 used 3 waiting timesteps, 108 remaining
[Waiting_time_Solve] Applied 3 waiting time  for agent 61 who has waiting time 108
[Waiting_time_Solve] Applying waiting time 3 to agent 64 who has waiting time 114
[Waiting_time_Solve] New path is consistent after applying waiting time for agent 64
[Current_Solution] Agent 64 used 3 waiting timesteps, 111 remaining
[Waiting_time_Solve] Applied 3 waiting time  for agent 64 who has waiting time 111
[Waiting_time_Solve] Applying waiting time 3 to agent 103 who has waiting time 130
[Current_Solution] Agent 103 used 3 waiting timesteps, 127 remaining
[Waiting_time_Solve] New path is consistent after applying waiting time for agent 103
[Current_Solution] Agent 103 used 3 waiting timesteps, 124 remaining
[Waiting_time_Solve] Applied 3 waiting time  for agent 103 who has waiting time 124
[Waiting_time_Solve] Applying waiting time 3 to agent 164 who has waiting time 75
[Waiting_time_Solve] New path is consistent after applying waiting time for agent 164
[Current_Solution] Agent 164 used 3 waiting timesteps, 72 remaining
[Waiting_time_Solve] Applied 3 waiting time  for agent 164 who has waiting time 72
[Waiting_time_Solve] Applying waiting time 3 to agent 66 who has waiting time 103
[Waiting_time_Solve] New path is consistent after applying waiting time for agent 66
[Current_Solution] Agent 66 used 3 waiting timesteps, 100 remaining
[Waiting_time_Solve] Applied 3 waiting time  for agent 66 who has waiting time 100
[Waiting_time_Solve] Applying waiting time 3 to agent 78 who has waiting time 112
[Waiting_time_Solve] New path is consistent after applying waiting time for agent 78
[Current_Solution] Agent 78 used 3 waiting timesteps, 109 remaining
[Waiting_time_Solve] Applied 3 waiting time  for agent 78 who has waiting time 109
[Waiting_time_Solve] Applying waiting time 3 to agent 88 who has waiting time 92
[Waiting_time_Solve] New path is consistent after applying waiting time for agent 88
[Current_Solution] Agent 88 used 3 waiting timesteps, 89 remaining
[Waiting_time_Solve] Applied 3 waiting time  for agent 88 who has waiting time 89
[Waiting_time_Solve] Applying waiting time 3 to agent 18 who has waiting time 113
[Waiting_time_Solve] New path is consistent after applying waiting time for agent 18
[Current_Solution] Agent 18 used 3 waiting timesteps, 110 remaining
[Waiting_time_Solve] Applied 3 waiting time  for agent 18 who has waiting time 110
[Waiting_time_Solve] Applying waiting time 3 to agent 19 who has waiting time 100
[Waiting_time_Solve] New path is consistent after applying waiting time for agent 19
[Current_Solution] Agent 19 used 3 waiting timesteps, 97 remaining
[Waiting_time_Solve] Applied 3 waiting time  for agent 19 who has waiting time 97
[Waiting_time_Solve] Applying waiting time 3 to agent 69 who has waiting time 65
[Waiting_time_Solve] New path is consistent after applying waiting time for agent 69
[Current_Solution] Agent 69 used 3 waiting timesteps, 62 remaining
[Waiting_time_Solve] Applied 3 waiting time  for agent 69 who has waiting time 62
[Waiting_time_Solve] Applying waiting time 3 to agent 84 who has waiting time 82
[Waiting_time_Solve] New path is consistent after applying waiting time for agent 84
[Current_Solution] Agent 84 used 3 waiting timesteps, 79 remaining
[Waiting_time_Solve] Applied 3 waiting time  for agent 84 who has waiting time 79
[Waiting_time_Solve] Applying waiting time 3 to agent 72 who has waiting time 57
[Waiting_time_Solve] New path is consistent after applying waiting time for agent 72
[Current_Solution] Agent 72 used 3 waiting timesteps, 54 remaining
[Waiting_time_Solve] Applied 3 waiting time  for agent 72 who has waiting time 54
[Waiting_time_Solve] Applying waiting time 3 to agent 75 who has waiting time 62
[Waiting_time_Solve] New path is consistent after applying waiting time for agent 75
[Current_Solution] Agent 75 used 3 waiting timesteps, 59 remaining
[Waiting_time_Solve] Applied 3 waiting time  for agent 75 who has waiting time 59
[Waiting_time_Solve] Applying waiting time 3 to agent 77 who has waiting time 114
[Waiting_time_Solve] New path is consistent after applying waiting time for agent 77
[Current_Solution] Agent 77 used 3 waiting timesteps, 111 remaining
[Waiting_time_Solve] Applied 3 waiting time  for agent 77 who has waiting time 111
[Waiting_time_Solve] Applying waiting time 3 to agent 20 who has waiting time 22
[Waiting_time_Solve] New path is consistent after applying waiting time for agent 20
[Current_Solution] Agent 20 used 3 waiting timesteps, 19 remaining
[Waiting_time_Solve] Applied 3 waiting time  for agent 20 who has waiting time 19
[Waiting_time_Solve] Applying waiting time 3 to agent 85 who has waiting time 128
[Current_Solution] Agent 85 used 1 waiting timesteps, 127 remaining
[Waiting_time_Solve] New path is consistent after applying waiting time for agent 85
[Current_Solution] Agent 85 used 3 waiting timesteps, 124 remaining
[Waiting_time_Solve] Applied 3 waiting time  for agent 85 who has waiting time 124
[Waiting_time_Solve] Applying waiting time 3 to agent 86 who has waiting time 152
[Waiting_time_Solve] New path is consistent after applying waiting time for agent 86
[Current_Solution] Agent 86 used 3 waiting timesteps, 149 remaining
[Waiting_time_Solve] Applied 3 waiting time  for agent 86 who has waiting time 149
[Waiting_time_Solve] Applying waiting time 3 to agent 93 who has waiting time 130
[Current_Solution] Agent 93 used 3 waiting timesteps, 127 remaining
[Waiting_time_Solve] New path is consistent after applying waiting time for agent 93
[Current_Solution] Agent 93 used 3 waiting timesteps, 124 remaining
[Waiting_time_Solve] Applied 3 waiting time  for agent 93 who has waiting time 124
[Waiting_time_Solve] Applying waiting time 3 to agent 97 who has waiting time 62
[Waiting_time_Solve] New path is consistent after applying waiting time for agent 97
[Current_Solution] Agent 97 used 3 waiting timesteps, 59 remaining
[Waiting_time_Solve] Applied 3 waiting time  for agent 97 who has waiting time 59
[Waiting_time_Solve] Applying waiting time 3 to agent 21 who has waiting time 89
[Waiting_time_Solve] New path is consistent after applying waiting time for agent 21
[Current_Solution] Agent 21 used 3 waiting timesteps, 86 remaining
[Waiting_time_Solve] Applied 3 waiting time  for agent 21 who has waiting time 86
[Waiting_time_Solve] Applying waiting time 3 to agent 105 who has waiting time 86
[Waiting_time_Solve] New path is consistent after applying waiting time for agent 105
[Current_Solution] Agent 105 used 3 waiting timesteps, 83 remaining
[Waiting_time_Solve] Applied 3 waiting time  for agent 105 who has waiting time 83
[Waiting_time_Solve] Applying waiting time 3 to agent 89 who has waiting time 122
[Waiting_time_Solve] New path is consistent after applying waiting time for agent 89
[Current_Solution] Agent 89 used 3 waiting timesteps, 119 remaining
[Waiting_time_Solve] Applied 3 waiting time  for agent 89 who has waiting time 119
[Waiting_time_Solve] Applying waiting time 3 to agent 73 who has waiting time 128
[Current_Solution] Agent 73 used 1 waiting timesteps, 127 remaining
[Waiting_time_Solve] New path is consistent after applying waiting time for agent 73
[Current_Solution] Agent 73 used 3 waiting timesteps, 124 remaining
[Waiting_time_Solve] Applied 3 waiting time  for agent 73 who has waiting time 124
[Waiting_time_Solve] Applying waiting time 3 to agent 116 who has waiting time 128
[Current_Solution] Agent 116 used 1 waiting timesteps, 127 remaining
[Waiting_time_Solve] New path is consistent after applying waiting time for agent 116
[Current_Solution] Agent 116 used 3 waiting timesteps, 124 remaining
[Waiting_time_Solve] Applied 3 waiting time  for agent 116 who has waiting time 124
[Waiting_time_Solve] Applying waiting time 3 to agent 11 who has waiting time 114
[Waiting_time_Solve] New path is consistent after applying waiting time for agent 11
[Current_Solution] Agent 11 used 3 waiting timesteps, 111 remaining
[Waiting_time_Solve] Applied 3 waiting time  for agent 11 who has waiting time 111
[Waiting_time_Solve] Applying waiting time 3 to agent 71 who has waiting time 54
[Waiting_time_Solve] New path is consistent after applying waiting time for agent 71
[Current_Solution] Agent 71 used 3 waiting timesteps, 51 remaining
[Waiting_time_Solve] Applied 3 waiting time  for agent 71 who has waiting time 51
[Waiting_time_Solve] Applying waiting time 3 to agent 110 who has waiting time 62
[Waiting_time_Solve] New path is consistent after applying waiting time for agent 110
[Current_Solution] Agent 110 used 3 waiting timesteps, 59 remaining
[Waiting_time_Solve] Applied 3 waiting time  for agent 110 who has waiting time 59
[Waiting_time_Solve] Applying waiting time 3 to agent 133 who has waiting time 76
[Waiting_time_Solve] New path is consistent after applying waiting time for agent 133
[Current_Solution] Agent 133 used 3 waiting timesteps, 73 remaining
[Waiting_time_Solve] Applied 3 waiting time  for agent 133 who has waiting time 73
[Waiting_time_Solve] Applying waiting time 3 to agent 119 who has waiting time 105
[Waiting_time_Solve] New path is consistent after applying waiting time for agent 119
[Current_Solution] Agent 119 used 3 waiting timesteps, 102 remaining
[Waiting_time_Solve] Applied 3 waiting time  for agent 119 who has waiting time 102
[Waiting_time_Solve] Applying waiting time 3 to agent 120 who has waiting time 72
[Waiting_time_Solve] New path is consistent after applying waiting time for agent 120
[Current_Solution] Agent 120 used 3 waiting timesteps, 69 remaining
[Waiting_time_Solve] Applied 3 waiting time  for agent 120 who has waiting time 69
[Waiting_time_Solve] Applying waiting time 3 to agent 121 who has waiting time 132
[Waiting_time_Solve] New path is consistent after applying waiting time for agent 121
[Current_Solution] Agent 121 used 3 waiting timesteps, 129 remaining
[Waiting_time_Solve] Applied 3 waiting time  for agent 121 who has waiting time 129
[Waiting_time_Solve] Applying waiting time 3 to agent 122 who has waiting time 85
[Waiting_time_Solve] New path is consistent after applying waiting time for agent 122
[Current_Solution] Agent 122 used 3 waiting timesteps, 82 remaining
[Waiting_time_Solve] Applied 3 waiting time  for agent 122 who has waiting time 82
[Waiting_time_Solve] Applying waiting time 3 to agent 123 who has waiting time 36
[Waiting_time_Solve] New path is consistent after applying waiting time for agent 123
[Current_Solution] Agent 123 used 3 waiting timesteps, 33 remaining
[Waiting_time_Solve] Applied 3 waiting time  for agent 123 who has waiting time 33
[Waiting_time_Solve] Applying waiting time 3 to agent 125 who has waiting time 65
[Waiting_time_Solve] New path is consistent after applying waiting time for agent 125
[Current_Solution] Agent 125 used 3 waiting timesteps, 62 remaining
[Waiting_time_Solve] Applied 3 waiting time  for agent 125 who has waiting time 62
[Waiting_time_Solve] Applying waiting time 3 to agent 126 who has waiting time 89
[Waiting_time_Solve] New path is consistent after applying waiting time for agent 126
[Current_Solution] Agent 126 used 3 waiting timesteps, 86 remaining
[Waiting_time_Solve] Applied 3 waiting time  for agent 126 who has waiting time 86
[Waiting_time_Solve] Applying waiting time 3 to agent 127 who has waiting time 59
[Waiting_time_Solve] New path is consistent after applying waiting time for agent 127
[Current_Solution] Agent 127 used 3 waiting timesteps, 56 remaining
[Waiting_time_Solve] Applied 3 waiting time  for agent 127 who has waiting time 56
[Waiting_time_Solve] Applying waiting time 3 to agent 128 who has waiting time 146
[Waiting_time_Solve] New path is consistent after applying waiting time for agent 128
[Current_Solution] Agent 128 used 3 waiting timesteps, 143 remaining
[Waiting_time_Solve] Applied 3 waiting time  for agent 128 who has waiting time 143
[Waiting_time_Solve] Applying waiting time 3 to agent 43 who has waiting time 126
[Waiting_time_Solve] New path is consistent after applying waiting time for agent 43
[Current_Solution] Agent 43 used 3 waiting timesteps, 123 remaining
[Waiting_time_Solve] Applied 3 waiting time  for agent 43 who has waiting time 123
[Waiting_time_Solve] Applying waiting time 3 to agent 181 who has waiting time 68
[Waiting_time_Solve] New path is consistent after applying waiting time for agent 181
[Current_Solution] Agent 181 used 3 waiting timesteps, 65 remaining
[Waiting_time_Solve] Applied 3 waiting time  for agent 181 who has waiting time 65
[Waiting_time_Solve] Applying waiting time 3 to agent 140 who has waiting time 128
[Current_Solution] Agent 140 used 1 waiting timesteps, 127 remaining
[Waiting_time_Solve] New path is consistent after applying waiting time for agent 140
[Current_Solution] Agent 140 used 3 waiting timesteps, 124 remaining
[Waiting_time_Solve] Applied 3 waiting time  for agent 140 who has waiting time 124
[Waiting_time_Solve] Applying waiting time 3 to agent 131 who has waiting time 31
[Waiting_time_Solve] New path is consistent after applying waiting time for agent 131
[Current_Solution] Agent 131 used 3 waiting timesteps, 28 remaining
[Waiting_time_Solve] Applied 3 waiting time  for agent 131 who has waiting time 28
[Waiting_time_Solve] Applying waiting time 3 to agent 15 who has waiting time 161
[Waiting_time_Solve] New path is consistent after applying waiting time for agent 15
[Current_Solution] Agent 15 used 3 waiting timesteps, 158 remaining
[Waiting_time_Solve] Applied 3 waiting time  for agent 15 who has waiting time 158
[Waiting_time_Solve] Applying waiting time 3 to agent 138 who has waiting time 128
[Current_Solution] Agent 138 used 1 waiting timesteps, 127 remaining
[Waiting_time_Solve] New path is consistent after applying waiting time for agent 138
[Current_Solution] Agent 138 used 3 waiting timesteps, 124 remaining
[Waiting_time_Solve] Applied 3 waiting time  for agent 138 who has waiting time 124
[Waiting_time_Solve] Applying waiting time 3 to agent 142 who has waiting time 36
[Waiting_time_Solve] Pruned 0 vertex and 1 edge collisions from segment 221
[Waiting_time_Solve] New path is consistent after applying waiting time for agent 142
[Current_Solution] Agent 142 used 3 waiting timesteps, 33 remaining
[Waiting_time_Solve] Applied 3 waiting time  for agent 142 who has waiting time 33
[Waiting_time_Solve] Applying waiting time 3 to agent 35 who has waiting time 128
[Current_Solution] Agent 35 used 1 waiting timesteps, 127 remaining
[Waiting_time_Solve] New path is consistent after applying waiting time for agent 35
[Current_Solution] Agent 35 used 3 waiting timesteps, 124 remaining
[Waiting_time_Solve] Applied 3 waiting time  for agent 35 who has waiting time 124
[Waiting_time_Solve] Applying waiting time 3 to agent 143 who has waiting time 61
[Waiting_time_Solve] New path is consistent after applying waiting time for agent 143
[Current_Solution] Agent 143 used 3 waiting timesteps, 58 remaining
[Waiting_time_Solve] Applied 3 waiting time  for agent 143 who has waiting time 58
[Waiting_time_Solve] Applying waiting time 3 to agent 146 who has waiting time 129
[Waiting_time_Solve] New path is consistent after applying waiting time for agent 146
[Current_Solution] Agent 146 used 3 waiting timesteps, 126 remaining
[Waiting_time_Solve] Applied 3 waiting time  for agent 146 who has waiting time 126
[Waiting_time_Solve] Applying waiting time 3 to agent 149 who has waiting time 131
[Waiting_time_Solve] New path is consistent after applying waiting time for agent 149
[Current_Solution] Agent 149 used 3 waiting timesteps, 128 remaining
[Waiting_time_Solve] Applied 3 waiting time  for agent 149 who has waiting time 128
[Waiting_time_Solve] Applying waiting time 3 to agent 165 who has waiting time 54
[Waiting_time_Solve] New path is consistent after applying waiting time for agent 165
[Current_Solution] Agent 165 used 3 waiting timesteps, 51 remaining
[Waiting_time_Solve] Applied 3 waiting time  for agent 165 who has waiting time 51
[Waiting_time_Solve] Applying waiting time 3 to agent 174 who has waiting time 130
[Current_Solution] Agent 174 used 3 waiting timesteps, 127 remaining
[Waiting_time_Solve] New path is consistent after applying waiting time for agent 174
[Current_Solution] Agent 174 used 3 waiting timesteps, 124 remaining
[Waiting_time_Solve] Applied 3 waiting time  for agent 174 who has waiting time 124
[Waiting_time_Solve] Applying waiting time 3 to agent 168 who has waiting time 128
[Current_Solution] Agent 168 used 1 waiting timesteps, 127 remaining
[Waiting_time_Solve] New path is consistent after applying waiting time for agent 168
[Current_Solution] Agent 168 used 3 waiting timesteps, 124 remaining
[Waiting_time_Solve] Applied 3 waiting time  for agent 168 who has waiting time 124
[Waiting_time_Solve] Applying waiting time 3 to agent 63 who has waiting time 128
[Current_Solution] Agent 63 used 1 waiting timesteps, 127 remaining
[Waiting_time_Solve] New path is consistent after applying waiting time for agent 63
[Current_Solution] Agent 63 used 3 waiting timesteps, 124 remaining
[Waiting_time_Solve] Applied 3 waiting time  for agent 63 who has waiting time 124
[Waiting_time_Solve] Applying waiting time 3 to agent 173 who has waiting time 106
[Waiting_time_Solve] New path is consistent after applying waiting time for agent 173
[Current_Solution] Agent 173 used 3 waiting timesteps, 103 remaining
[Waiting_time_Solve] Applied 3 waiting time  for agent 173 who has waiting time 103
[Waiting_time_Solve] Applying waiting time 3 to agent 172 who has waiting time 81
[Waiting_time_Solve] New path is consistent after applying waiting time for agent 172
[Current_Solution] Agent 172 used 3 waiting timesteps, 78 remaining
[Waiting_time_Solve] Applied 3 waiting time  for agent 172 who has waiting time 78
[Waiting_time_Solve] Applying waiting time 3 to agent 113 who has waiting time 130
[Current_Solution] Agent 113 used 3 waiting timesteps, 127 remaining
[Waiting_time_Solve] New path is consistent after applying waiting time for agent 113
[Current_Solution] Agent 113 used 3 waiting timesteps, 124 remaining
[Waiting_time_Solve] Applied 3 waiting time  for agent 113 who has waiting time 124
[Waiting_time_Solve] Applying waiting time 3 to agent 182 who has waiting time 128
[Current_Solution] Agent 182 used 1 waiting timesteps, 127 remaining
[Waiting_time_Solve] New path is consistent after applying waiting time for agent 182
[Current_Solution] Agent 182 used 3 waiting timesteps, 124 remaining
[Waiting_time_Solve] Applied 3 waiting time  for agent 182 who has waiting time 124
[Waiting_time_Solve] Applying waiting time 3 to agent 183 who has waiting time 80
[Waiting_time_Solve] New path is consistent after applying waiting time for agent 183
[Current_Solution] Agent 183 used 3 waiting timesteps, 77 remaining
[Waiting_time_Solve] Applied 3 waiting time  for agent 183 who has waiting time 77
[Waiting_time_Solve] Applying waiting time 3 to agent 184 who has waiting time 17
[Waiting_time_Solve] New path is consistent after applying waiting time for agent 184
[Current_Solution] Agent 184 used 3 waiting timesteps, 14 remaining
[Waiting_time_Solve] Applied 3 waiting time  for agent 184 who has waiting time 14
[Waiting_time_Solve] Applying waiting time 3 to agent 159 who has waiting time 74
[Waiting_time_Solve] New path is consistent after applying waiting time for agent 159
[Current_Solution] Agent 159 used 3 waiting timesteps, 71 remaining
[Waiting_time_Solve] Applied 3 waiting time  for agent 159 who has waiting time 71
[Waiting_time_Solve] Applying waiting time 3 to agent 195 who has waiting time 128
[Current_Solution] Agent 195 used 1 waiting timesteps, 127 remaining
[Waiting_time_Solve] New path is consistent after applying waiting time for agent 195
[Current_Solution] Agent 195 used 3 waiting timesteps, 124 remaining
[Waiting_time_Solve] Applied 3 waiting time  for agent 195 who has waiting time 124
[Waiting_time_Solve] Applying waiting time 3 to agent 187 who has waiting time 128
[Current_Solution] Agent 187 used 1 waiting timesteps, 127 remaining
[Waiting_time_Solve] New path is consistent after applying waiting time for agent 187
[Current_Solution] Agent 187 used 3 waiting timesteps, 124 remaining
[Waiting_time_Solve] Applied 3 waiting time  for agent 187 who has waiting time 124
[Waiting_time_Solve] Applying waiting time 3 to agent 189 who has waiting time 41
[Waiting_time_Solve] New path is consistent after applying waiting time for agent 189
[Current_Solution] Agent 189 used 3 waiting timesteps, 38 remaining
[Waiting_time_Solve] Applied 3 waiting time  for agent 189 who has waiting time 38
[Waiting_time_Solve] Applying waiting time 3 to agent 193 who has waiting time 33
[Waiting_time_Solve] New path is consistent after applying waiting time for agent 193
[Current_Solution] Agent 193 used 3 waiting timesteps, 30 remaining
[Waiting_time_Solve] Applied 3 waiting time  for agent 193 who has waiting time 30
[Waiting_time_Solve] Applying waiting time 3 to agent 196 who has waiting time 130
[Current_Solution] Agent 196 used 3 waiting timesteps, 127 remaining
[Waiting_time_Solve] New path is consistent after applying waiting time for agent 196
[Current_Solution] Agent 196 used 3 waiting timesteps, 124 remaining
[Waiting_time_Solve] Applied 3 waiting time  for agent 196 who has waiting time 124
[Waiting_time_Solve] Applying waiting time 3 to agent 156 who has waiting time 128
[Current_Solution] Agent 156 used 1 waiting timesteps, 127 remaining
[Waiting_time_Solve] New path is consistent after applying waiting time for agent 156
[Current_Solution] Agent 156 used 3 waiting timesteps, 124 remaining
[Waiting_time_Solve] Applied 3 waiting time  for agent 156 who has waiting time 124
[Waiting_time_Solve] Applying waiting time 3 to agent 25 who has waiting time 157
[Waiting_time_Solve] New path is consistent after applying waiting time for agent 25
[Current_Solution] Agent 25 used 3 waiting timesteps, 154 remaining
[Waiting_time_Solve] Applied 3 waiting time  for agent 25 who has waiting time 154
[Waiting_time_Solve] Applying waiting time 3 to agent 59 who has waiting time 100
[Waiting_time_Solve] New path is consistent after applying waiting time for agent 59
[Current_Solution] Agent 59 used 3 waiting timesteps, 97 remaining
[Waiting_time_Solve] Applied 3 waiting time  for agent 59 who has waiting time 97
[Waiting_time_Solve] Applying waiting time 3 to agent 91 who has waiting time 128
[Current_Solution] Agent 91 used 1 waiting timesteps, 127 remaining
[Waiting_time_Solve] New path is consistent after applying waiting time for agent 91
[Current_Solution] Agent 91 used 3 waiting timesteps, 124 remaining
[Waiting_time_Solve] Applied 3 waiting time  for agent 91 who has waiting time 124
[Waiting_time_Solve] Applying waiting time 3 to agent 111 who has waiting time 60
[Waiting_time_Solve] New path is consistent after applying waiting time for agent 111
[Current_Solution] Agent 111 used 3 waiting timesteps, 57 remaining
[Waiting_time_Solve] Applied 3 waiting time  for agent 111 who has waiting time 57
[Waiting_time_Solve] Applying waiting time 3 to agent 130 who has waiting time 51
[Waiting_time_Solve] New path is consistent after applying waiting time for agent 130
[Current_Solution] Agent 130 used 3 waiting timesteps, 48 remaining
[Waiting_time_Solve] Applied 3 waiting time  for agent 130 who has waiting time 48
[Waiting_time_Solve] Applying waiting time 3 to agent 176 who has waiting time 111
[Waiting_time_Solve] New path is consistent after applying waiting time for agent 176
[Current_Solution] Agent 176 used 3 waiting timesteps, 108 remaining
[Waiting_time_Solve] Applied 3 waiting time  for agent 176 who has waiting time 108
[Waiting_time_Solve] Applying waiting time 3 to agent 58 who has waiting time 42
[Waiting_time_Solve] New path is consistent after applying waiting time for agent 58
[Current_Solution] Agent 58 used 3 waiting timesteps, 39 remaining
[Waiting_time_Solve] Applied 3 waiting time  for agent 58 who has waiting time 39
[Waiting_time_Solve] Applying waiting time 3 to agent 106 who has waiting time 128
[Current_Solution] Agent 106 used 1 waiting timesteps, 127 remaining
[Waiting_time_Solve] New path is consistent after applying waiting time for agent 106
[Current_Solution] Agent 106 used 3 waiting timesteps, 124 remaining
[Waiting_time_Solve] Applied 3 waiting time  for agent 106 who has waiting time 124
[Waiting_time_Solve] Applying waiting time 3 to agent 188 who has waiting time 130
[Waiting_time_Solve] New path is consistent after applying waiting time for agent 188
[Current_Solution] Agent 188 used 3 waiting timesteps, 127 remaining
[Waiting_time_Solve] Applied 3 waiting time  for agent 188 who has waiting time 127
[Waiting_time_Solve] ALL Waiting time applied
[Waiting_time_Solve] Extended Zone end time from 59 to 62
[Current_Solution] Agent 62 used 3 waiting timesteps, 127 remaining
[Current_Solution] Agent 104 used 1 waiting timesteps, 127 remaining
[Current_Solution] Agent 145 used 3 waiting timesteps, 127 remaining
[Current_Solution] Agent 147 used 1 waiting timesteps, 127 remaining
[Current_Solution] Agent 153 used 1 waiting timesteps, 127 remaining
[Current_Solution] Agent 157 used 1 waiting timesteps, 127 remaining
[Current_Solution] Agent 166 used 1 waiting timesteps, 127 remaining
[Current_Solution] Agent 180 used 1 waiting timesteps, 127 remaining
[Current_Solution] Agent 197 used 1 waiting timesteps, 127 remaining
[Waiting_time_Solve] Iteration 3...
[Waiting_time_Solve] Pruned 30 vertex and 8 edge collisions from segment 221
[Waiting_time_Solve] Pruned 2 vertex and 0 edge collisions from segment 227
[Waiting_time_Solve] Agent 188 pseudo agents: 226 227 
[Waiting_time_Solve] Agent 176 pseudo agents: 225 
[Waiting_time_Solve] Agent 174 pseudo agents: 224 
[Waiting_time_Solve] Agent 155 pseudo agents: 223 
[Waiting_time_Solve] Agent 144 pseudo agents: 222 
[Waiting_time_Solve] Agent 142 pseudo agents: 221 
[Waiting_time_Solve] Agent 141 pseudo agents: 220 
[Waiting_time_Solve] Agent 140 pseudo agents: 219 
[Waiting_time_Solve] Agent 137 pseudo agents: 218 
[Waiting_time_Solve] Agent 9 pseudo agents: 201 202 
[Waiting_time_Solve] Agent 63 pseudo agents: 209 
[Waiting_time_Solve] Agent 62 pseudo agents: 207 208 
[Waiting_time_Solve] Agent 130 pseudo agents: 216 217 
[Waiting_time_Solve] Agent 59 pseudo agents: 205 206 
[Waiting_time_Solve] Agent 0 pseudo agents: 200 
[Waiting_time_Solve] Agent 25 pseudo agents: 203 204 
[Waiting_time_Solve] Agent 83 pseudo agents: 210 
[Waiting_time_Solve] Agent 91 pseudo agents: 211 212 
[Waiting_time_Solve] Agent 101 pseudo agents: 213 214 
[Waiting_time_Solve] Agent 111 pseudo agents: 215 
[SAT] Start solving CNF: 62264700 clauses and 537173 variables
[SAT] Agent 199 entry time: 0 exit time: 56
[SAT] Agent 198 entry time: 10 exit time: 62
[SAT] Agent 197 entry time: 0 exit time: 62
[SAT] Agent 196 entry time: 0 exit time: 62
[SAT] Agent 195 entry time: 3 exit time: 62
[SAT] Agent 194 entry time: 0 exit time: 62
[SAT] Agent 193 entry time: 0 exit time: 62
[SAT] Agent 192 entry time: 17 exit time: 62
[SAT] Agent 191 entry time: 3 exit time: 62
[SAT] Agent 190 entry time: 0 exit time: 62
[SAT] Agent 189 entry time: 0 exit time: 62
[SAT] Agent 227 entry time: 42 exit time: 61
[SAT] Agent 226 entry time: 39 exit time: 39
[SAT] Agent 188 entry time: 11 exit time: 37
[SAT] Agent 187 entry time: 3 exit time: 62
[SAT] Agent 186 entry time: 10 exit time: 62
[SAT] Agent 185 entry time: 0 exit time: 62
[SAT] Agent 184 entry time: 6 exit time: 62
[SAT] Agent 183 entry time: 0 exit time: 62
[SAT] Agent 182 entry time: 2 exit time: 62
[SAT] Agent 181 entry time: 2 exit time: 62
[SAT] Agent 180 entry time: 2 exit time: 62
[SAT] Agent 179 entry time: 9 exit time: 62
[SAT] Agent 178 entry time: 27 exit time: 62
[SAT] Agent 177 entry time: 6 exit time: 62
[SAT] Agent 225 entry time: 12 exit time: 62
[SAT] Agent 176 entry time: 0 exit time: 10
[SAT] Agent 175 entry time: 6 exit time: 62
[SAT] Agent 224 entry time: 4 exit time: 62
[SAT] Agent 174 entry time: 1 exit time: 1
[SAT] Agent 173 entry time: 0 exit time: 59
[SAT] Agent 172 entry time: 1 exit time: 62
[SAT] Agent 171 entry time: 2 exit time: 62
[SAT] Agent 170 entry time: 8 exit time: 60
[SAT] Agent 169 entry time: 7 exit time: 62
[SAT] Agent 168 entry time: 7 exit time: 62
[SAT] Agent 167 entry time: 0 exit time: 40
[SAT] Agent 166 entry time: 6 exit time: 62
[SAT] Agent 165 entry time: 0 exit time: 62
[SAT] Agent 164 entry time: 0 exit time: 62
[SAT] Agent 163 entry time: 0 exit time: 49
[SAT] Agent 162 entry time: 13 exit time: 62
[SAT] Agent 161 entry time: 4 exit time: 62
[SAT] Agent 160 entry time: 0 exit time: 53
[SAT] Agent 159 entry time: 23 exit time: 62
[SAT] Agent 158 entry time: 2 exit time: 62
[SAT] Agent 157 entry time: 0 exit time: 62
[SAT] Agent 156 entry time: 0 exit time: 62
[SAT] Agent 223 entry time: 11 exit time: 62
[SAT] Agent 155 entry time: 0 exit time: 8
[SAT] Agent 154 entry time: 10 exit time: 62
[SAT] Agent 153 entry time: 0 exit time: 62
[SAT] Agent 152 entry time: 2 exit time: 62
[SAT] Agent 151 entry time: 5 exit time: 62
[SAT] Agent 150 entry time: 2 exit time: 62
[SAT] Agent 149 entry time: 0 exit time: 55
[SAT] Agent 148 entry time: 0 exit time: 62
[SAT] Agent 147 entry time: 0 exit time: 62
[SAT] Agent 146 entry time: 0 exit time: 62
[SAT] Agent 145 entry time: 7 exit time: 62
[SAT] Agent 222 entry time: 6 exit time: 62
[SAT] Agent 144 entry time: 4 exit time: 4
[SAT] Agent 143 entry time: 5 exit time: 62
[SAT] Agent 221 entry time: 41 exit time: 62
[SAT] Agent 142 entry time: 12 exit time: 38
[SAT] Agent 220 entry time: 44 exit time: 62
[SAT] Agent 141 entry time: 14 exit time: 41
[SAT] Agent 219 entry time: 6 exit time: 62
[SAT] Agent 140 entry time: 3 exit time: 3
[SAT] Agent 138 entry time: 0 exit time: 62
[SAT] Agent 218 entry time: 26 exit time: 26
[SAT] Agent 137 entry time: 0 exit time: 24
[SAT] Agent 136 entry time: 6 exit time: 62
[SAT] Agent 135 entry time: 0 exit time: 62
[SAT] Agent 134 entry time: 0 exit time: 62
[SAT] Agent 133 entry time: 0 exit time: 62
[SAT] Agent 131 entry time: 6 exit time: 62
[SAT] Agent 217 entry time: 37 exit time: 62
[SAT] Agent 216 entry time: 34 exit time: 34
[SAT] Agent 130 entry time: 3 exit time: 32
[SAT] Agent 129 entry time: 5 exit time: 62
[SAT] Agent 128 entry time: 0 exit time: 31
[SAT] Agent 127 entry time: 13 exit time: 62
[SAT] Agent 126 entry time: 0 exit time: 62
[SAT] Agent 125 entry time: 0 exit time: 62
[SAT] Agent 124 entry time: 0 exit time: 62
[SAT] Agent 123 entry time: 0 exit time: 62
[SAT] Agent 122 entry time: 0 exit time: 62
[SAT] Agent 121 entry time: 2 exit time: 34
[SAT] Agent 120 entry time: 1 exit time: 62
[SAT] Agent 119 entry time: 0 exit time: 62
[SAT] Agent 118 entry time: 7 exit time: 62
[SAT] Agent 117 entry time: 0 exit time: 62
[SAT] Agent 58 entry time: 0 exit time: 62
[SAT] Agent 57 entry time: 0 exit time: 62
[SAT] Agent 56 entry time: 0 exit time: 62
[SAT] Agent 54 entry time: 3 exit time: 62
[SAT] Agent 53 entry time: 0 exit time: 62
[SAT] Agent 52 entry time: 0 exit time: 62
[SAT] Agent 50 entry time: 0 exit time: 62
[SAT] Agent 49 entry time: 0 exit time: 62
[SAT] Agent 47 entry time: 0 exit time: 62
[SAT] Agent 46 entry time: 0 exit time: 62
[SAT] Agent 45 entry time: 3 exit time: 62
[SAT] Agent 43 entry time: 1 exit time: 62
[SAT] Agent 42 entry time: 3 exit time: 62
[SAT] Agent 41 entry time: 0 exit time: 62
[SAT] Agent 40 entry time: 5 exit time: 62
[SAT] Agent 39 entry time: 0 exit time: 62
[SAT] Agent 38 entry time: 8 exit time: 62
[SAT] Agent 37 entry time: 0 exit time: 62
[SAT] Agent 36 entry time: 0 exit time: 62
[SAT] Agent 35 entry time: 0 exit time: 62
[SAT] Agent 34 entry time: 10 exit time: 62
[SAT] Agent 33 entry time: 0 exit time: 62
[SAT] Agent 32 entry time: 0 exit time: 62
[SAT] Agent 31 entry time: 9 exit time: 62
[SAT] Agent 30 entry time: 2 exit time: 62
[SAT] Agent 29 entry time: 0 exit time: 62
[SAT] Agent 28 entry time: 0 exit time: 62
[SAT] Agent 27 entry time: 2 exit time: 62
[SAT] Agent 204 entry time: 12 exit time: 33
[SAT] Agent 77 entry time: 7 exit time: 62
[SAT] Agent 9 entry time: 0 exit time: 26
[SAT] Agent 8 entry time: 1 exit time: 62
[SAT] Agent 7 entry time: 0 exit time: 62
[SAT] Agent 6 entry time: 3 exit time: 62
[SAT] Agent 4 entry time: 0 exit time: 62
[SAT] Agent 3 entry time: 0 exit time: 62
[SAT] Agent 2 entry time: 0 exit time: 62
[SAT] Agent 1 entry time: 0 exit time: 62
[SAT] Agent 5 entry time: 0 exit time: 62
[SAT] Agent 0 entry time: 7 exit time: 7
[SAT] Agent 26 entry time: 0 exit time: 62
[SAT] Agent 203 entry time: 10 exit time: 10
[SAT] Agent 76 entry time: 4 exit time: 62
[SAT] Agent 10 entry time: 20 exit time: 62
[SAT] Agent 11 entry time: 0 exit time: 62
[SAT] Agent 12 entry time: 0 exit time: 62
[SAT] Agent 13 entry time: 7 exit time: 62
[SAT] Agent 14 entry time: 0 exit time: 62
[SAT] Agent 15 entry time: 0 exit time: 21
[SAT] Agent 16 entry time: 4 exit time: 19
[SAT] Agent 18 entry time: 2 exit time: 62
[SAT] Agent 19 entry time: 12 exit time: 62
[SAT] Agent 20 entry time: 0 exit time: 62
[SAT] Agent 21 entry time: 0 exit time: 62
[SAT] Agent 22 entry time: 5 exit time: 62
[SAT] Agent 200 entry time: 9 exit time: 62
[SAT] Agent 73 entry time: 7 exit time: 62
[SAT] Agent 23 entry time: 0 exit time: 62
[SAT] Agent 201 entry time: 32 exit time: 32
[SAT] Agent 24 entry time: 0 exit time: 62
[SAT] Agent 202 entry time: 35 exit time: 62
[SAT] Agent 75 entry time: 0 exit time: 62
[SAT] Agent 25 entry time: 0 exit time: 8
[SAT] Agent 59 entry time: 0 exit time: 10
[SAT] Agent 205 entry time: 12 exit time: 12
[SAT] Agent 78 entry time: 11 exit time: 62
[SAT] Agent 206 entry time: 16 exit time: 62
[SAT] Agent 79 entry time: 0 exit time: 62
[SAT] Agent 60 entry time: 0 exit time: 62
[SAT] Agent 61 entry time: 0 exit time: 62
[SAT] Agent 62 entry time: 1 exit time: 3
[SAT] Agent 207 entry time: 5 exit time: 27
[SAT] Agent 80 entry time: 0 exit time: 62
[SAT] Agent 208 entry time: 29 exit time: 62
[SAT] Agent 81 entry time: 0 exit time: 52
[SAT] Agent 63 entry time: 15 exit time: 16
[SAT] Agent 209 entry time: 18 exit time: 62
[SAT] Agent 82 entry time: 0 exit time: 62
[SAT] Agent 64 entry time: 9 exit time: 62
[SAT] Agent 65 entry time: 6 exit time: 62
[SAT] Agent 66 entry time: 5 exit time: 62
[SAT] Agent 67 entry time: 0 exit time: 62
[SAT] Agent 68 entry time: 1 exit time: 62
[SAT] Agent 69 entry time: 7 exit time: 62
[SAT] Agent 70 entry time: 0 exit time: 34
[SAT] Agent 71 entry time: 0 exit time: 62
[SAT] Agent 72 entry time: 0 exit time: 62
[SAT] Agent 83 entry time: 10 exit time: 10
[SAT] Agent 210 entry time: 12 exit time: 62
[SAT] Agent 84 entry time: 22 exit time: 62
[SAT] Agent 211 entry time: 11 exit time: 11
[SAT] Agent 85 entry time: 10 exit time: 62
[SAT] Agent 212 entry time: 13 exit time: 62
[SAT] Agent 86 entry time: 0 exit time: 38
[SAT] Agent 213 entry time: 10 exit time: 10
[SAT] Agent 87 entry time: 0 exit time: 62
[SAT] Agent 214 entry time: 13 exit time: 62
[SAT] Agent 88 entry time: 0 exit time: 62
[SAT] Agent 215 entry time: 32 exit time: 62
[SAT] Agent 89 entry time: 0 exit time: 62
[SAT] Agent 90 entry time: 0 exit time: 62
[SAT] Agent 91 entry time: 0 exit time: 7
[SAT] Agent 92 entry time: 0 exit time: 62
[SAT] Agent 93 entry time: 7 exit time: 62
[SAT] Agent 94 entry time: 0 exit time: 62
[SAT] Agent 95 entry time: 4 exit time: 59
[SAT] Agent 96 entry time: 2 exit time: 62
[SAT] Agent 97 entry time: 0 exit time: 62
[SAT] Agent 98 entry time: 0 exit time: 62
[SAT] Agent 99 entry time: 0 exit time: 62
[SAT] Agent 100 entry time: 0 exit time: 62
[SAT] Agent 101 entry time: 0 exit time: 8
[SAT] Agent 102 entry time: 0 exit time: 62
[SAT] Agent 103 entry time: 0 exit time: 62
[SAT] Agent 104 entry time: 0 exit time: 62
[SAT] Agent 105 entry time: 0 exit time: 62
[SAT] Agent 106 entry time: 5 exit time: 62
[SAT] Agent 107 entry time: 0 exit time: 13
[SAT] Agent 108 entry time: 6 exit time: 62
[SAT] Agent 109 entry time: 3 exit time: 62
[SAT] Agent 110 entry time: 20 exit time: 62
[SAT] Agent 111 entry time: 0 exit time: 29
[SAT] Agent 112 entry time: 0 exit time: 62
[SAT] Agent 113 entry time: 0 exit time: 62
[SAT] Agent 114 entry time: 0 exit time: 62
[SAT] Agent 115 entry time: 0 exit time: 49
[SAT] Agent 116 entry time: 0 exit time: 62

[SAT] Start time: 0 End time: 62

[SAT] Solving local zone with SAT iteration 1...
[SAT] Local CNF: 62271924 clauses 

DEBUG: Adding 62271924 new clauses to MiniSAT (incremental run)
DEBUG: Clause load summary: input=62271924, added=62271924, tautologies_skipped=0, duplicates_skipped=0, unit_clauses=913, empties=0, intra_clause_literals_removed=0, added_but_db_unchanged=2148
DEBUG: After adding clauses, solver has 62268863 clauses and 537173 variables
DEBUG: MiniSAT found 537173 variables
DEBUG: Assignment size: 537173
DEBUG: First few assignment values: 1 0 1 0 1 0 1 0 1 0 

=== DEBUG: cnf_assignment_to_paths ===
Input assignment size: 537173

=== END DEBUG ===
[SAT] Found 2252 vertex collisions and 208 edge collisions
[SAT] Adding collision clauses and solving again...
[SAT] Solving local zone with SAT iteration 2...
[SAT] Local CNF: 62274384 clauses 

DEBUG: Adding 2460 new clauses to MiniSAT (incremental run)
[SAT] Previous assignment invalidated by new clauses, reset solver and retrying without assumptions...
DEBUG: Adding 62274384 new clauses to MiniSAT (incremental run)
[SAT] Local problem appears to be unsatisfiable in current zone
[Waiting_time_Solve] No solution found, trying to apply waiting time:4
[Waiting_time_Solve] Applying waiting time 4 to agent 4 who has waiting time 124
[Current_Solution] Agent 4 used 1 waiting timesteps, 123 remaining
[Waiting_time_Solve] New path is consistent after applying waiting time for agent 4
[Current_Solution] Agent 4 used 4 waiting timesteps, 119 remaining
[Waiting_time_Solve] Applied 4 waiting time  for agent 4 who has waiting time 119
[Waiting_time_Solve] Applying waiting time 4 to agent 6 who has waiting time 97
[Waiting_time_Solve] New path is consistent after applying waiting time for agent 6
[Current_Solution] Agent 6 used 4 waiting timesteps, 93 remaining
[Waiting_time_Solve] Applied 4 waiting time  for agent 6 who has waiting time 93
[Waiting_time_Solve] Applying waiting time 4 to agent 7 who has waiting time 124
[Current_Solution] Agent 7 used 1 waiting timesteps, 123 remaining
[Waiting_time_Solve] New path is consistent after applying waiting time for agent 7
[Current_Solution] Agent 7 used 4 waiting timesteps, 119 remaining
[Waiting_time_Solve] Applied 4 waiting time  for agent 7 who has waiting time 119
[Waiting_time_Solve] Applying waiting time 4 to agent 2 who has waiting time 101
[Waiting_time_Solve] New path is consistent after applying waiting time for agent 2
[Current_Solution] Agent 2 used 4 waiting timesteps, 97 remaining
[Waiting_time_Solve] Applied 4 waiting time  for agent 2 who has waiting time 97
[Waiting_time_Solve] Applying waiting time 4 to agent 41 who has waiting time 110
[Waiting_time_Solve] New path is consistent after applying waiting time for agent 41
[Current_Solution] Agent 41 used 4 waiting timesteps, 106 remaining
[Waiting_time_Solve] Applied 4 waiting time  for agent 41 who has waiting time 106
[Waiting_time_Solve] Applying waiting time 4 to agent 8 who has waiting time 68
[Waiting_time_Solve] New path is consistent after applying waiting time for agent 8
[Current_Solution] Agent 8 used 4 waiting timesteps, 64 remaining
[Waiting_time_Solve] Applied 4 waiting time  for agent 8 who has waiting time 64
[Waiting_time_Solve] Applying waiting time 4 to agent 11 who has waiting time 111
[Waiting_time_Solve] New path is consistent after applying waiting time for agent 11
[Current_Solution] Agent 11 used 4 waiting timesteps, 107 remaining
[Waiting_time_Solve] Applied 4 waiting time  for agent 11 who has waiting time 107
[Waiting_time_Solve] Applying waiting time 4 to agent 12 who has waiting time 114
[Waiting_time_Solve] New path is consistent after applying waiting time for agent 12
[Current_Solution] Agent 12 used 4 waiting timesteps, 110 remaining
[Waiting_time_Solve] Applied 4 waiting time  for agent 12 who has waiting time 110
[Waiting_time_Solve] Applying waiting time 4 to agent 14 who has waiting time 101
[Waiting_time_Solve] New path is consistent after applying waiting time for agent 14
[Current_Solution] Agent 14 used 4 waiting timesteps, 97 remaining
[Waiting_time_Solve] Applied 4 waiting time  for agent 14 who has waiting time 97
[Waiting_time_Solve] Applying waiting time 4 to agent 36 who has waiting time 55
[Waiting_time_Solve] New path is consistent after applying waiting time for agent 36
[Current_Solution] Agent 36 used 4 waiting timesteps, 51 remaining
[Waiting_time_Solve] Applied 4 waiting time  for agent 36 who has waiting time 51
[Waiting_time_Solve] Applying waiting time 4 to agent 146 who has waiting time 126
[Waiting_time_Solve] New path is consistent after applying waiting time for agent 146
[Current_Solution] Agent 146 used 4 waiting timesteps, 122 remaining
[Waiting_time_Solve] Applied 4 waiting time  for agent 146 who has waiting time 122
[Waiting_time_Solve] Applying waiting time 4 to agent 21 who has waiting time 86
[Waiting_time_Solve] New path is consistent after applying waiting time for agent 21
[Current_Solution] Agent 21 used 4 waiting timesteps, 82 remaining
[Waiting_time_Solve] Applied 4 waiting time  for agent 21 who has waiting time 82
[Waiting_time_Solve] Applying waiting time 4 to agent 22 who has waiting time 111
[Waiting_time_Solve] New path is consistent after applying waiting time for agent 22
[Current_Solution] Agent 22 used 4 waiting timesteps, 107 remaining
[Waiting_time_Solve] Applied 4 waiting time  for agent 22 who has waiting time 107
[Waiting_time_Solve] Applying waiting time 4 to agent 73 who has waiting time 124
[Current_Solution] Agent 73 used 1 waiting timesteps, 123 remaining
[Waiting_time_Solve] New path is consistent after applying waiting time for agent 73
[Current_Solution] Agent 73 used 4 waiting timesteps, 119 remaining
[Waiting_time_Solve] Applied 4 waiting time  for agent 73 who has waiting time 119
[Waiting_time_Solve] Applying waiting time 4 to agent 191 who has waiting time 86
[Waiting_time_Solve] New path is consistent after applying waiting time for agent 191
[Current_Solution] Agent 191 used 4 waiting timesteps, 82 remaining
[Waiting_time_Solve] Applied 4 waiting time  for agent 191 who has waiting time 82
[Waiting_time_Solve] Applying waiting time 4 to agent 15 who has waiting time 158
[Waiting_time_Solve] New path is consistent after applying waiting time for agent 15
[Current_Solution] Agent 15 used 4 waiting timesteps, 154 remaining
[Waiting_time_Solve] Applied 4 waiting time  for agent 15 who has waiting time 154
[Waiting_time_Solve] Applying waiting time 4 to agent 19 who has waiting time 97
[Waiting_time_Solve] New path is consistent after applying waiting time for agent 19
[Current_Solution] Agent 19 used 4 waiting timesteps, 93 remaining
[Waiting_time_Solve] Applied 4 waiting time  for agent 19 who has waiting time 93
[Waiting_time_Solve] Applying waiting time 4 to agent 40 who has waiting time 40
[Waiting_time_Solve] New path is consistent after applying waiting time for agent 40
[Current_Solution] Agent 40 used 4 waiting timesteps, 36 remaining
[Waiting_time_Solve] Applied 4 waiting time  for agent 40 who has waiting time 36
[Waiting_time_Solve] Applying waiting time 4 to agent 81 who has waiting time 132
[Waiting_time_Solve] New path is consistent after applying waiting time for agent 81
[Current_Solution] Agent 81 used 4 waiting timesteps, 128 remaining
[Waiting_time_Solve] Applied 4 waiting time  for agent 81 who has waiting time 128
[Waiting_time_Solve] Applying waiting time 4 to agent 170 who has waiting time 127
[Waiting_time_Solve] New path is consistent after applying waiting time for agent 170
[Current_Solution] Agent 170 used 4 waiting timesteps, 123 remaining
[Waiting_time_Solve] Applied 4 waiting time  for agent 170 who has waiting time 123
[Waiting_time_Solve] Applying waiting time 4 to agent 43 who has waiting time 123
[Waiting_time_Solve] New path is consistent after applying waiting time for agent 43
[Current_Solution] Agent 43 used 4 waiting timesteps, 119 remaining
[Waiting_time_Solve] Applied 4 waiting time  for agent 43 who has waiting time 119
[Waiting_time_Solve] Applying waiting time 4 to agent 61 who has waiting time 108
[Waiting_time_Solve] New path is consistent after applying waiting time for agent 61
[Current_Solution] Agent 61 used 4 waiting timesteps, 104 remaining
[Waiting_time_Solve] Applied 4 waiting time  for agent 61 who has waiting time 104
[Waiting_time_Solve] Applying waiting time 4 to agent 46 who has waiting time 113
[Waiting_time_Solve] New path is consistent after applying waiting time for agent 46
[Current_Solution] Agent 46 used 4 waiting timesteps, 109 remaining
[Waiting_time_Solve] Applied 4 waiting time  for agent 46 who has waiting time 109
[Waiting_time_Solve] Applying waiting time 4 to agent 82 who has waiting time 124
[Current_Solution] Agent 82 used 1 waiting timesteps, 123 remaining
[Waiting_time_Solve] New path is consistent after applying waiting time for agent 82
[Current_Solution] Agent 82 used 4 waiting timesteps, 119 remaining
[Waiting_time_Solve] Applied 4 waiting time  for agent 82 who has waiting time 119
[Waiting_time_Solve] Applying waiting time 4 to agent 85 who has waiting time 124
[Current_Solution] Agent 85 used 1 waiting timesteps, 123 remaining
[Waiting_time_Solve] New path is consistent after applying waiting time for agent 85
[Current_Solution] Agent 85 used 4 waiting timesteps, 119 remaining
[Waiting_time_Solve] Applied 4 waiting time  for agent 85 who has waiting time 119
[Waiting_time_Solve] Applying waiting time 4 to agent 173 who has waiting time 103
[Waiting_time_Solve] New path is consistent after applying waiting time for agent 173
[Current_Solution] Agent 173 used 4 waiting timesteps, 99 remaining
[Waiting_time_Solve] Applied 4 waiting time  for agent 173 who has waiting time 99
[Waiting_time_Solve] Applying waiting time 4 to agent 52 who has waiting time 124
[Current_Solution] Agent 52 used 1 waiting timesteps, 123 remaining
[Waiting_time_Solve] New path is consistent after applying waiting time for agent 52
[Current_Solution] Agent 52 used 4 waiting timesteps, 119 remaining
[Waiting_time_Solve] Applied 4 waiting time  for agent 52 who has waiting time 119
[Waiting_time_Solve] Applying waiting time 4 to agent 66 who has waiting time 100
[Waiting_time_Solve] New path is consistent after applying waiting time for agent 66
[Current_Solution] Agent 66 used 4 waiting timesteps, 96 remaining
[Waiting_time_Solve] Applied 4 waiting time  for agent 66 who has waiting time 96
[Waiting_time_Solve] Applying waiting time 4 to agent 105 who has waiting time 83
[Waiting_time_Solve] New path is consistent after applying waiting time for agent 105
[Current_Solution] Agent 105 used 4 waiting timesteps, 79 remaining
[Waiting_time_Solve] Applied 4 waiting time  for agent 105 who has waiting time 79
[Waiting_time_Solve] Applying waiting time 4 to agent 165 who has waiting time 51
[Waiting_time_Solve] New path is consistent after applying waiting time for agent 165
[Current_Solution] Agent 165 used 4 waiting timesteps, 47 remaining
[Waiting_time_Solve] Applied 4 waiting time  for agent 165 who has waiting time 47
[Waiting_time_Solve] Applying waiting time 4 to agent 5 who has waiting time 124
[Current_Solution] Agent 5 used 1 waiting timesteps, 123 remaining
[Waiting_time_Solve] New path is consistent after applying waiting time for agent 5
[Current_Solution] Agent 5 used 4 waiting timesteps, 119 remaining
[Waiting_time_Solve] Applied 4 waiting time  for agent 5 who has waiting time 119
[Waiting_time_Solve] Applying waiting time 4 to agent 54 who has waiting time 109
[Waiting_time_Solve] New path is consistent after applying waiting time for agent 54
[Current_Solution] Agent 54 used 4 waiting timesteps, 105 remaining
[Waiting_time_Solve] Applied 4 waiting time  for agent 54 who has waiting time 105
[Waiting_time_Solve] Applying waiting time 4 to agent 32 who has waiting time 94
[Waiting_time_Solve] New path is consistent after applying waiting time for agent 32
[Current_Solution] Agent 32 used 4 waiting timesteps, 90 remaining
[Waiting_time_Solve] Applied 4 waiting time  for agent 32 who has waiting time 90
[Waiting_time_Solve] Applying waiting time 4 to agent 192 who has waiting time 43
[Waiting_time_Solve] New path is consistent after applying waiting time for agent 192
[Current_Solution] Agent 192 used 4 waiting timesteps, 39 remaining
[Waiting_time_Solve] Applied 4 waiting time  for agent 192 who has waiting time 39
[Waiting_time_Solve] Applying waiting time 4 to agent 57 who has waiting time 105
[Waiting_time_Solve] New path is consistent after applying waiting time for agent 57
[Current_Solution] Agent 57 used 4 waiting timesteps, 101 remaining
[Waiting_time_Solve] Applied 4 waiting time  for agent 57 who has waiting time 101
[Waiting_time_Solve] Applying waiting time 4 to agent 99 who has waiting time 61
[Waiting_time_Solve] New path is consistent after applying waiting time for agent 99
[Current_Solution] Agent 99 used 4 waiting timesteps, 57 remaining
[Waiting_time_Solve] Applied 4 waiting time  for agent 99 who has waiting time 57
[Waiting_time_Solve] Applying waiting time 4 to agent 58 who has waiting time 39
[Waiting_time_Solve] New path is consistent after applying waiting time for agent 58
[Current_Solution] Agent 58 used 4 waiting timesteps, 35 remaining
[Waiting_time_Solve] Applied 4 waiting time  for agent 58 who has waiting time 35
[Waiting_time_Solve] Applying waiting time 4 to agent 60 who has waiting time 93
[Waiting_time_Solve] New path is consistent after applying waiting time for agent 60
[Current_Solution] Agent 60 used 4 waiting timesteps, 89 remaining
[Waiting_time_Solve] Applied 4 waiting time  for agent 60 who has waiting time 89
[Waiting_time_Solve] Applying waiting time 4 to agent 64 who has waiting time 111
[Waiting_time_Solve] New path is consistent after applying waiting time for agent 64
[Current_Solution] Agent 64 used 4 waiting timesteps, 107 remaining
[Waiting_time_Solve] Applied 4 waiting time  for agent 64 who has waiting time 107
[Waiting_time_Solve] Applying waiting time 4 to agent 87 who has waiting time 83
[Waiting_time_Solve] New path is consistent after applying waiting time for agent 87
[Current_Solution] Agent 87 used 4 waiting timesteps, 79 remaining
[Waiting_time_Solve] Applied 4 waiting time  for agent 87 who has waiting time 79
[Waiting_time_Solve] Applying waiting time 4 to agent 163 who has waiting time 135
[Waiting_time_Solve] New path is consistent after applying waiting time for agent 163
[Current_Solution] Agent 163 used 4 waiting timesteps, 131 remaining
[Waiting_time_Solve] Applied 4 waiting time  for agent 163 who has waiting time 131
[Waiting_time_Solve] Applying waiting time 4 to agent 164 who has waiting time 72
[Waiting_time_Solve] New path is consistent after applying waiting time for agent 164
[Current_Solution] Agent 164 used 4 waiting timesteps, 68 remaining
[Waiting_time_Solve] Applied 4 waiting time  for agent 164 who has waiting time 68
[Waiting_time_Solve] Applying waiting time 4 to agent 89 who has waiting time 119
[Waiting_time_Solve] New path is consistent after applying waiting time for agent 89
[Current_Solution] Agent 89 used 4 waiting timesteps, 115 remaining
[Waiting_time_Solve] Applied 4 waiting time  for agent 89 who has waiting time 115
[Waiting_time_Solve] Applying waiting time 4 to agent 88 who has waiting time 89
[Waiting_time_Solve] New path is consistent after applying waiting time for agent 88
[Current_Solution] Agent 88 used 4 waiting timesteps, 85 remaining
[Waiting_time_Solve] Applied 4 waiting time  for agent 88 who has waiting time 85
[Waiting_time_Solve] Applying waiting time 4 to agent 69 who has waiting time 62
[Waiting_time_Solve] New path is consistent after applying waiting time for agent 69
[Current_Solution] Agent 69 used 4 waiting timesteps, 58 remaining
[Waiting_time_Solve] Applied 4 waiting time  for agent 69 who has waiting time 58
[Waiting_time_Solve] Applying waiting time 4 to agent 84 who has waiting time 79
[Waiting_time_Solve] New path is consistent after applying waiting time for agent 84
[Current_Solution] Agent 84 used 4 waiting timesteps, 75 remaining
[Waiting_time_Solve] Applied 4 waiting time  for agent 84 who has waiting time 75
[Waiting_time_Solve] Applying waiting time 4 to agent 101 who has waiting time 124
[Current_Solution] Agent 101 used 1 waiting timesteps, 123 remaining
[Waiting_time_Solve] New path is consistent after applying waiting time for agent 101
[Current_Solution] Agent 101 used 4 waiting timesteps, 119 remaining
[Waiting_time_Solve] Applied 4 waiting time  for agent 101 who has waiting time 119
[Waiting_time_Solve] Applying waiting time 4 to agent 75 who has waiting time 59
[Waiting_time_Solve] New path is consistent after applying waiting time for agent 75
[Current_Solution] Agent 75 used 4 waiting timesteps, 55 remaining
[Waiting_time_Solve] Applied 4 waiting time  for agent 75 who has waiting time 55
[Waiting_time_Solve] Applying waiting time 4 to agent 37 who has waiting time 79
[Waiting_time_Solve] New path is consistent after applying waiting time for agent 37
[Current_Solution] Agent 37 used 4 waiting timesteps, 75 remaining
[Waiting_time_Solve] Applied 4 waiting time  for agent 37 who has waiting time 75
[Waiting_time_Solve] Applying waiting time 4 to agent 42 who has waiting time 113
[Waiting_time_Solve] New path is consistent after applying waiting time for agent 42
[Current_Solution] Agent 42 used 4 waiting timesteps, 109 remaining
[Waiting_time_Solve] Applied 4 waiting time  for agent 42 who has waiting time 109
[Waiting_time_Solve] Applying waiting time 4 to agent 77 who has waiting time 111
[Waiting_time_Solve] New path is consistent after applying waiting time for agent 77
[Current_Solution] Agent 77 used 4 waiting timesteps, 107 remaining
[Waiting_time_Solve] Applied 4 waiting time  for agent 77 who has waiting time 107
[Waiting_time_Solve] Applying waiting time 4 to agent 153 who has waiting time 127
[Current_Solution] Agent 153 used 4 waiting timesteps, 123 remaining
[Waiting_time_Solve] New path is consistent after applying waiting time for agent 153
[Current_Solution] Agent 153 used 4 waiting timesteps, 119 remaining
[Waiting_time_Solve] Applied 4 waiting time  for agent 153 who has waiting time 119
[Waiting_time_Solve] Applying waiting time 4 to agent 152 who has waiting time 31
[Waiting_time_Solve] New path is consistent after applying waiting time for agent 152
[Current_Solution] Agent 152 used 4 waiting timesteps, 27 remaining
[Waiting_time_Solve] Applied 4 waiting time  for agent 152 who has waiting time 27
[Waiting_time_Solve] Applying waiting time 4 to agent 96 who has waiting time 84
[Waiting_time_Solve] New path is consistent after applying waiting time for agent 96
[Current_Solution] Agent 96 used 4 waiting timesteps, 80 remaining
[Waiting_time_Solve] Applied 4 waiting time  for agent 96 who has waiting time 80
[Waiting_time_Solve] Applying waiting time 4 to agent 23 who has waiting time 82
[Waiting_time_Solve] New path is consistent after applying waiting time for agent 23
[Current_Solution] Agent 23 used 4 waiting timesteps, 78 remaining
[Waiting_time_Solve] Applied 4 waiting time  for agent 23 who has waiting time 78
[Waiting_time_Solve] Applying waiting time 4 to agent 59 who has waiting time 97
[Waiting_time_Solve] New path is consistent after applying waiting time for agent 59
[Current_Solution] Agent 59 used 4 waiting timesteps, 93 remaining
[Waiting_time_Solve] Applied 4 waiting time  for agent 59 who has waiting time 93
[Waiting_time_Solve] Applying waiting time 4 to agent 76 who has waiting time 40
[Waiting_time_Solve] New path is consistent after applying waiting time for agent 76
[Current_Solution] Agent 76 used 4 waiting timesteps, 36 remaining
[Waiting_time_Solve] Applied 4 waiting time  for agent 76 who has waiting time 36
[Waiting_time_Solve] Applying waiting time 4 to agent 100 who has waiting time 21
[Waiting_time_Solve] New path is consistent after applying waiting time for agent 100
[Current_Solution] Agent 100 used 4 waiting timesteps, 17 remaining
[Waiting_time_Solve] Applied 4 waiting time  for agent 100 who has waiting time 17
[Waiting_time_Solve] Applying waiting time 4 to agent 108 who has waiting time 124
[Current_Solution] Agent 108 used 1 waiting timesteps, 123 remaining
[Waiting_time_Solve] New path is consistent after applying waiting time for agent 108
[Current_Solution] Agent 108 used 4 waiting timesteps, 119 remaining
[Waiting_time_Solve] Applied 4 waiting time  for agent 108 who has waiting time 119
[Waiting_time_Solve] Applying waiting time 4 to agent 33 who has waiting time 124
[Current_Solution] Agent 33 used 1 waiting timesteps, 123 remaining
[Waiting_time_Solve] New path is consistent after applying waiting time for agent 33
[Current_Solution] Agent 33 used 4 waiting timesteps, 119 remaining
[Waiting_time_Solve] Applied 4 waiting time  for agent 33 who has waiting time 119
[Waiting_time_Solve] Applying waiting time 4 to agent 20 who has waiting time 19
[Waiting_time_Solve] New path is consistent after applying waiting time for agent 20
[Current_Solution] Agent 20 used 4 waiting timesteps, 15 remaining
[Waiting_time_Solve] Applied 4 waiting time  for agent 20 who has waiting time 15
[Waiting_time_Solve] Applying waiting time 4 to agent 116 who has waiting time 124
[Current_Solution] Agent 116 used 1 waiting timesteps, 123 remaining
[Waiting_time_Solve] New path is consistent after applying waiting time for agent 116
[Current_Solution] Agent 116 used 4 waiting timesteps, 119 remaining
[Waiting_time_Solve] Applied 4 waiting time  for agent 116 who has waiting time 119
[Waiting_time_Solve] Applying waiting time 4 to agent 119 who has waiting time 102
[Waiting_time_Solve] New path is consistent after applying waiting time for agent 119
[Current_Solution] Agent 119 used 4 waiting timesteps, 98 remaining
[Waiting_time_Solve] Applied 4 waiting time  for agent 119 who has waiting time 98
[Waiting_time_Solve] Applying waiting time 4 to agent 120 who has waiting time 69
[Waiting_time_Solve] New path is consistent after applying waiting time for agent 120
[Current_Solution] Agent 120 used 4 waiting timesteps, 65 remaining
[Waiting_time_Solve] Applied 4 waiting time  for agent 120 who has waiting time 65
[Waiting_time_Solve] Applying waiting time 4 to agent 121 who has waiting time 129
[Waiting_time_Solve] New path is consistent after applying waiting time for agent 121
[Current_Solution] Agent 121 used 4 waiting timesteps, 125 remaining
[Waiting_time_Solve] Applied 4 waiting time  for agent 121 who has waiting time 125
[Waiting_time_Solve] Applying waiting time 4 to agent 122 who has waiting time 82
[Waiting_time_Solve] New path is consistent after applying waiting time for agent 122
[Current_Solution] Agent 122 used 4 waiting timesteps, 78 remaining
[Waiting_time_Solve] Applied 4 waiting time  for agent 122 who has waiting time 78
[Waiting_time_Solve] Applying waiting time 4 to agent 150 who has waiting time 50
[Waiting_time_Solve] New path is consistent after applying waiting time for agent 150
[Current_Solution] Agent 150 used 4 waiting timesteps, 46 remaining
[Waiting_time_Solve] Applied 4 waiting time  for agent 150 who has waiting time 46
[Waiting_time_Solve] Applying waiting time 4 to agent 181 who has waiting time 65
[Waiting_time_Solve] New path is consistent after applying waiting time for agent 181
[Current_Solution] Agent 181 used 4 waiting timesteps, 61 remaining
[Waiting_time_Solve] Applied 4 waiting time  for agent 181 who has waiting time 61
[Waiting_time_Solve] Applying waiting time 4 to agent 91 who has waiting time 124
[Current_Solution] Agent 91 used 1 waiting timesteps, 123 remaining
[Waiting_time_Solve] New path is consistent after applying waiting time for agent 91
[Current_Solution] Agent 91 used 4 waiting timesteps, 119 remaining
[Waiting_time_Solve] Applied 4 waiting time  for agent 91 who has waiting time 119
[Waiting_time_Solve] Applying waiting time 4 to agent 140 who has waiting time 124
[Current_Solution] Agent 140 used 1 waiting timesteps, 123 remaining
[Waiting_time_Solve] New path is consistent after applying waiting time for agent 140
[Current_Solution] Agent 140 used 4 waiting timesteps, 119 remaining
[Waiting_time_Solve] Applied 4 waiting time  for agent 140 who has waiting time 119
[Waiting_time_Solve] Applying waiting time 4 to agent 155 who has waiting time 124
[Current_Solution] Agent 155 used 1 waiting timesteps, 123 remaining
[Waiting_time_Solve] New path is consistent after applying waiting time for agent 155
[Current_Solution] Agent 155 used 4 waiting timesteps, 119 remaining
[Waiting_time_Solve] Applied 4 waiting time  for agent 155 who has waiting time 119
[Waiting_time_Solve] Applying waiting time 4 to agent 125 who has waiting time 62
[Waiting_time_Solve] New path is consistent after applying waiting time for agent 125
[Current_Solution] Agent 125 used 4 waiting timesteps, 58 remaining
[Waiting_time_Solve] Applied 4 waiting time  for agent 125 who has waiting time 58
[Waiting_time_Solve] Applying waiting time 4 to agent 126 who has waiting time 86
[Waiting_time_Solve] New path is consistent after applying waiting time for agent 126
[Current_Solution] Agent 126 used 4 waiting timesteps, 82 remaining
[Waiting_time_Solve] Applied 4 waiting time  for agent 126 who has waiting time 82
[Waiting_time_Solve] Applying waiting time 4 to agent 127 who has waiting time 56
[Waiting_time_Solve] New path is consistent after applying waiting time for agent 127
[Current_Solution] Agent 127 used 4 waiting timesteps, 52 remaining
[Waiting_time_Solve] Applied 4 waiting time  for agent 127 who has waiting time 52
[Waiting_time_Solve] Applying waiting time 4 to agent 128 who has waiting time 143
[Waiting_time_Solve] New path is consistent after applying waiting time for agent 128
[Current_Solution] Agent 128 used 4 waiting timesteps, 139 remaining
[Waiting_time_Solve] Applied 4 waiting time  for agent 128 who has waiting time 139
[Waiting_time_Solve] Applying waiting time 4 to agent 176 who has waiting time 108
[Waiting_time_Solve] New path is consistent after applying waiting time for agent 176
[Current_Solution] Agent 176 used 4 waiting timesteps, 104 remaining
[Waiting_time_Solve] Applied 4 waiting time  for agent 176 who has waiting time 104
[Waiting_time_Solve] Applying waiting time 4 to agent 111 who has waiting time 57
[Waiting_time_Solve] New path is consistent after applying waiting time for agent 111
[Current_Solution] Agent 111 used 4 waiting timesteps, 53 remaining
[Waiting_time_Solve] Applied 4 waiting time  for agent 111 who has waiting time 53
[Waiting_time_Solve] Applying waiting time 4 to agent 133 who has waiting time 73
[Waiting_time_Solve] New path is consistent after applying waiting time for agent 133
[Current_Solution] Agent 133 used 4 waiting timesteps, 69 remaining
[Waiting_time_Solve] Applied 4 waiting time  for agent 133 who has waiting time 69
[Waiting_time_Solve] Applying waiting time 4 to agent 103 who has waiting time 124
[Current_Solution] Agent 103 used 1 waiting timesteps, 123 remaining
[Waiting_time_Solve] New path is consistent after applying waiting time for agent 103
[Current_Solution] Agent 103 used 4 waiting timesteps, 119 remaining
[Waiting_time_Solve] Applied 4 waiting time  for agent 103 who has waiting time 119
[Waiting_time_Solve] Applying waiting time 4 to agent 138 who has waiting time 124
[Current_Solution] Agent 138 used 1 waiting timesteps, 123 remaining
[Waiting_time_Solve] New path is consistent after applying waiting time for agent 138
[Current_Solution] Agent 138 used 4 waiting timesteps, 119 remaining
[Waiting_time_Solve] Applied 4 waiting time  for agent 138 who has waiting time 119
[Waiting_time_Solve] Applying waiting time 4 to agent 188 who has waiting time 127
[Waiting_time_Solve] Pruned 0 vertex and 1 edge collisions from segment 227
[Waiting_time_Solve] New path is consistent after applying waiting time for agent 188
[Current_Solution] Agent 188 used 4 waiting timesteps, 123 remaining
[Waiting_time_Solve] Applied 4 waiting time  for agent 188 who has waiting time 123
[Waiting_time_Solve] Applying waiting time 4 to agent 26 who has waiting time 74
[Waiting_time_Solve] New path is consistent after applying waiting time for agent 26
[Current_Solution] Agent 26 used 4 waiting timesteps, 70 remaining
[Waiting_time_Solve] Applied 4 waiting time  for agent 26 who has waiting time 70
[Waiting_time_Solve] Applying waiting time 4 to agent 35 who has waiting time 124
[Current_Solution] Agent 35 used 1 waiting timesteps, 123 remaining
[Waiting_time_Solve] New path is consistent after applying waiting time for agent 35
[Current_Solution] Agent 35 used 4 waiting timesteps, 119 remaining
[Waiting_time_Solve] Applied 4 waiting time  for agent 35 who has waiting time 119
[Waiting_time_Solve] Applying waiting time 4 to agent 166 who has waiting time 127
[Current_Solution] Agent 166 used 4 waiting timesteps, 123 remaining
[Waiting_time_Solve] New path is consistent after applying waiting time for agent 166
[Current_Solution] Agent 166 used 4 waiting timesteps, 119 remaining
[Waiting_time_Solve] Applied 4 waiting time  for agent 166 who has waiting time 119
[Waiting_time_Solve] Applying waiting time 4 to agent 157 who has waiting time 127
[Current_Solution] Agent 157 used 4 waiting timesteps, 123 remaining
[Waiting_time_Solve] New path is consistent after applying waiting time for agent 157
[Current_Solution] Agent 157 used 4 waiting timesteps, 119 remaining
[Waiting_time_Solve] Applied 4 waiting time  for agent 157 who has waiting time 119
[Waiting_time_Solve] Applying waiting time 4 to agent 168 who has waiting time 124
[Current_Solution] Agent 168 used 1 waiting timesteps, 123 remaining
[Waiting_time_Solve] New path is consistent after applying waiting time for agent 168
[Current_Solution] Agent 168 used 4 waiting timesteps, 119 remaining
[Waiting_time_Solve] Applied 4 waiting time  for agent 168 who has waiting time 119
[Waiting_time_Solve] Applying waiting time 4 to agent 63 who has waiting time 124
[Current_Solution] Agent 63 used 1 waiting timesteps, 123 remaining
[Waiting_time_Solve] New path is consistent after applying waiting time for agent 63
[Current_Solution] Agent 63 used 4 waiting timesteps, 119 remaining
[Waiting_time_Solve] Applied 4 waiting time  for agent 63 who has waiting time 119
[Waiting_time_Solve] Applying waiting time 4 to agent 172 who has waiting time 78
[Waiting_time_Solve] New path is consistent after applying waiting time for agent 172
[Current_Solution] Agent 172 used 4 waiting timesteps, 74 remaining
[Waiting_time_Solve] Applied 4 waiting time  for agent 172 who has waiting time 74
[Waiting_time_Solve] Applying waiting time 4 to agent 71 who has waiting time 51
[Waiting_time_Solve] New path is consistent after applying waiting time for agent 71
[Current_Solution] Agent 71 used 4 waiting timesteps, 47 remaining
[Waiting_time_Solve] Applied 4 waiting time  for agent 71 who has waiting time 47
[Waiting_time_Solve] Applying waiting time 4 to agent 86 who has waiting time 149
[Waiting_time_Solve] New path is consistent after applying waiting time for agent 86
[Current_Solution] Agent 86 used 4 waiting timesteps, 145 remaining
[Waiting_time_Solve] Applied 4 waiting time  for agent 86 who has waiting time 145
[Waiting_time_Solve] Applying waiting time 4 to agent 178 who has waiting time 82
[Waiting_time_Solve] New path is consistent after applying waiting time for agent 178
[Current_Solution] Agent 178 used 4 waiting timesteps, 78 remaining
[Waiting_time_Solve] Applied 4 waiting time  for agent 178 who has waiting time 78
[Waiting_time_Solve] Applying waiting time 4 to agent 182 who has waiting time 124
[Current_Solution] Agent 182 used 1 waiting timesteps, 123 remaining
[Waiting_time_Solve] New path is consistent after applying waiting time for agent 182
[Current_Solution] Agent 182 used 4 waiting timesteps, 119 remaining
[Waiting_time_Solve] Applied 4 waiting time  for agent 182 who has waiting time 119
[Waiting_time_Solve] Applying waiting time 4 to agent 154 who has waiting time 17
[Waiting_time_Solve] New path is consistent after applying waiting time for agent 154
[Current_Solution] Agent 154 used 4 waiting timesteps, 13 remaining
[Waiting_time_Solve] Applied 4 waiting time  for agent 154 who has waiting time 13
[Waiting_time_Solve] Applying waiting time 4 to agent 186 who has waiting time 39
[Waiting_time_Solve] New path is consistent after applying waiting time for agent 186
[Current_Solution] Agent 186 used 4 waiting timesteps, 35 remaining
[Waiting_time_Solve] Applied 4 waiting time  for agent 186 who has waiting time 35
[Waiting_time_Solve] Applying waiting time 4 to agent 195 who has waiting time 124
[Current_Solution] Agent 195 used 1 waiting timesteps, 123 remaining
[Waiting_time_Solve] New path is consistent after applying waiting time for agent 195
[Current_Solution] Agent 195 used 4 waiting timesteps, 119 remaining
[Waiting_time_Solve] Applied 4 waiting time  for agent 195 who has waiting time 119
[Waiting_time_Solve] Applying waiting time 4 to agent 189 who has waiting time 38
[Waiting_time_Solve] New path is consistent after applying waiting time for agent 189
[Current_Solution] Agent 189 used 4 waiting timesteps, 34 remaining
[Waiting_time_Solve] Applied 4 waiting time  for agent 189 who has waiting time 34
[Waiting_time_Solve] Applying waiting time 4 to agent 194 who has waiting time 82
[Waiting_time_Solve] New path is consistent after applying waiting time for agent 194
[Current_Solution] Agent 194 used 4 waiting timesteps, 78 remaining
[Waiting_time_Solve] Applied 4 waiting time  for agent 194 who has waiting time 78
[Waiting_time_Solve] Applying waiting time 4 to agent 196 who has waiting time 124
[Current_Solution] Agent 196 used 1 waiting timesteps, 123 remaining
[Waiting_time_Solve] New path is consistent after applying waiting time for agent 196
[Current_Solution] Agent 196 used 4 waiting timesteps, 119 remaining
[Waiting_time_Solve] Applied 4 waiting time  for agent 196 who has waiting time 119
[Waiting_time_Solve] Applying waiting time 4 to agent 149 who has waiting time 128
[Waiting_time_Solve] New path is consistent after applying waiting time for agent 149
[Current_Solution] Agent 149 used 4 waiting timesteps, 124 remaining
[Waiting_time_Solve] Applied 4 waiting time  for agent 149 who has waiting time 124
[Waiting_time_Solve] Applying waiting time 4 to agent 18 who has waiting time 110
[Waiting_time_Solve] New path is consistent after applying waiting time for agent 18
[Current_Solution] Agent 18 used 4 waiting timesteps, 106 remaining
[Waiting_time_Solve] Applied 4 waiting time  for agent 18 who has waiting time 106
[Waiting_time_Solve] Applying waiting time 4 to agent 25 who has waiting time 154
[Waiting_time_Solve] New path is consistent after applying waiting time for agent 25
[Current_Solution] Agent 25 used 4 waiting timesteps, 150 remaining
[Waiting_time_Solve] Applied 4 waiting time  for agent 25 who has waiting time 150
[Waiting_time_Solve] Applying waiting time 4 to agent 62 who has waiting time 127
[Waiting_time_Solve] New path is consistent after applying waiting time for agent 62
[Current_Solution] Agent 62 used 4 waiting timesteps, 123 remaining
[Waiting_time_Solve] Applied 4 waiting time  for agent 62 who has waiting time 123
[Waiting_time_Solve] Applying waiting time 4 to agent 90 who has waiting time 79
[Waiting_time_Solve] New path is consistent after applying waiting time for agent 90
[Current_Solution] Agent 90 used 4 waiting timesteps, 75 remaining
[Waiting_time_Solve] Applied 4 waiting time  for agent 90 who has waiting time 75
[Waiting_time_Solve] Applying waiting time 4 to agent 0 who has waiting time 81
[Waiting_time_Solve] New path is consistent after applying waiting time for agent 0
[Current_Solution] Agent 0 used 4 waiting timesteps, 77 remaining
[Waiting_time_Solve] Applied 4 waiting time  for agent 0 who has waiting time 77
[Waiting_time_Solve] Applying waiting time 4 to agent 106 who has waiting time 124
[Current_Solution] Agent 106 used 1 waiting timesteps, 123 remaining
[Waiting_time_Solve] New path is consistent after applying waiting time for agent 106
[Current_Solution] Agent 106 used 4 waiting timesteps, 119 remaining
[Waiting_time_Solve] Applied 4 waiting time  for agent 106 who has waiting time 119
[Waiting_time_Solve] Applying waiting time 4 to agent 130 who has waiting time 48
[Waiting_time_Solve] New path is consistent after applying waiting time for agent 130
[Current_Solution] Agent 130 used 4 waiting timesteps, 44 remaining
[Waiting_time_Solve] Applied 4 waiting time  for agent 130 who has waiting time 44
[Waiting_time_Solve] Applying waiting time 4 to agent 159 who has waiting time 71
[Waiting_time_Solve] New path is consistent after applying waiting time for agent 159
[Current_Solution] Agent 159 used 4 waiting timesteps, 67 remaining
[Waiting_time_Solve] Applied 4 waiting time  for agent 159 who has waiting time 67
[Waiting_time_Solve] Applying waiting time 4 to agent 110 who has waiting time 59
[Waiting_time_Solve] New path is consistent after applying waiting time for agent 110
[Current_Solution] Agent 110 used 4 waiting timesteps, 55 remaining
[Waiting_time_Solve] Applied 4 waiting time  for agent 110 who has waiting time 55
[Waiting_time_Solve] Applying waiting time 4 to agent 174 who has waiting time 124
[Current_Solution] Agent 174 used 1 waiting timesteps, 123 remaining
[Waiting_time_Solve] New path is consistent after applying waiting time for agent 174
[Current_Solution] Agent 174 used 4 waiting timesteps, 119 remaining
[Waiting_time_Solve] Applied 4 waiting time  for agent 174 who has waiting time 119
[Waiting_time_Solve] ALL Waiting time applied
[Waiting_time_Solve] Extended Zone end time from 62 to 66
[Current_Solution] Agent 92 used 1 waiting timesteps, 123 remaining
[Current_Solution] Agent 93 used 1 waiting timesteps, 123 remaining
[Current_Solution] Agent 104 used 4 waiting timesteps, 123 remaining
[Current_Solution] Agent 113 used 1 waiting timesteps, 123 remaining
[Current_Solution] Agent 145 used 4 waiting timesteps, 123 remaining
[Current_Solution] Agent 147 used 4 waiting timesteps, 123 remaining
[Current_Solution] Agent 156 used 1 waiting timesteps, 123 remaining
[Current_Solution] Agent 180 used 4 waiting timesteps, 123 remaining
[Current_Solution] Agent 187 used 1 waiting timesteps, 123 remaining
[Current_Solution] Agent 197 used 4 waiting timesteps, 123 remaining
[Waiting_time_Solve] Iteration 4...
Command terminated after exceeding the time limit.
# Run terminated after reaching overall time limit

# Batch stopped after reaching overall time limit (elapsed 7199s)
