# Batch started 2026-07-09 19:50:32 | map=/home/max/Documents/PhD/MAPF/LNS/MAPF_LNS_SAT/mapf-map/room-64-64-8.map | agents=20 | total_time_limit=600s

# Run 0 | scenario="/home/max/Documents/PhD/MAPF/LNS/MAPF_LNS_SAT/mapf-scen-even/scen-even/room-64-64-8-even-1.scen" | scenario_index=0
# Command: /home/max/Documents/PhD/MAPF/LNS/MAPF_LNS_SAT/lns_clean/main_clean_lns /home/max/Documents/PhD/MAPF/LNS/MAPF_LNS_SAT/mapf-map/room-64-64-8.map /home/max/Documents/PhD/MAPF/LNS/MAPF_LNS_SAT/mapf-scen-even/scen-even/room-64-64-8-even-1.scen 20 0 minisat 42
# Remaining time budget: 599 seconds
[LNS] Loaded map 64x64, agents: 20
[LNS] Map:
@@@.@@@@@@@@@@@@@@@.@@@@@@.@@@@@@@.@@@@@@@@@@@@@@.@@@@@@@.@@@@@@
@.......@.......@.......@.......@.......@.......@.......@.......
@.......@.......@.......@.......@.......@.......@.......@.......
........@.......@.......@.......@.......@.......@.......@.......
@.......@.......@.......@.......@.......@.......@.......@.......
@.......................@.......@.......@.......@...............
@.......@.......@.......@.......@.......@.......@.......@.......
@.......@.......@.......................@...............@.......
@.@@@@@@@@@@@.@@@@@@@.@@@.@@@@@@@.@@@@@@@@@@@@@.@@@@@@.@@.@@@@@@
@.......@.......@.......@.......@.......@.......@.......@.......
@.......@.......@.......................@.......@.......@.......
@.......@.......@.......@.......@.......@.......@.......@.......
................@.......@.......@.......@...............@.......
@.......@.......@.......@.......@...............@.......@.......
@.......@.......@.......@.......@.......@.......@...............
@.......@.......@.......@.......@.......@.......@.......@.......
@@@@@@@.@@@@@.@@@@@@@@@@@@@@@@.@@@@@@@@@@@@@@.@@@@@@@@@.@@@@@@.@
@.......@.......@.......@.......@.......@.......@.......@.......
@.......@.......@.......@.......@...............@.......@.......
@.......@.......@.......@.......@.......@.......@.......@.......
........@.......@...............@.......@...............@.......
@.......@.......@.......@.......@.......@.......@.......@.......
@...............@.......@.......@.......@.......@.......@.......
@.......@.......@.......@.......@.......@.......@.......@.......
@.@@@@@@@@.@@@@@@@@@@.@@@@@@@@.@@@@@@@.@@.@@@@@@@.@@@@@@@@@@@@@.
@...............@.......@.......@.......@.......@.......@.......
@.......@.......@.......@.......@.......@.......@.......@.......
@.......@.......@.......@...............@.......@.......@.......
@.......@.......@.......@.......@.......@.......@.......@.......
........@.......@.......@.......@.......@.......@.......@.......
@.......@.......@.......@.......@.......@.......@...............
@.......@.......@...............@.......@.......@.......@.......
@@@@@@@@@@@@@@@@@@.@@@@@@@@.@@@@@@@@@@@@@@@@@@@@@@@@@@@.@@.@@@@@
@.......@.......@.......@.......@.......@.......@.......@.......
@.......@.......@.......@...............@.......@.......@.......
@.......@.......@.......@.......@.......@.......@.......@.......
@...............@...............@.......@.......@.......@.......
@.......@.......@.......@.......@.......@.......@...............
........@.......@.......@.......@...............@.......@.......
@.......@.......@.......@.......@.......@.......@.......@.......
@@@@@@@.@@@@@@@@@@@@@@@@@@@.@@@@@@.@@@@@@@@@@@.@@@@@.@@@@@@@.@@@
@.......@.......@.......@.......@.......@...............@.......
@.......@.......@.......................@.......@.......@.......
@.......@...............@.......@.......@.......@.......@.......
@.......@.......@.......@.......@.......@.......@.......@.......
@.......@.......@.......@.......@.......@.......@.......@.......
@...............@.......@.......@.......@.......@.......@.......
........@.......@.......@.......@.......@.......@.......@.......
@@@@.@@@@.@@@@@@@@.@@@@@@@@@@@.@@@@@@@@@@@@@@@.@@@@@@@@@@@@@@@@@
........@.......@.......@.......@.......@.......@.......@.......
@.......@.......@.......@.......@.......@.......@.......@.......
@.......@.......@.......@.......@.......@.......@.......@.......
@.......@.......@.......@.......@.......@.......@...............
@.......@.......@.......@.......@.......@.......@.......@.......
@.......@.......@.......@.......@.......@.......@.......@.......
@.......@.......................................@.......@.......
@@@@@@@@@@@.@@@@@@@@@@@@@@@@@@@.@@@@@@@@@@@@@.@@@@@@@@@.@@@@@@@@
@.......@.......@.......@.......@.......@.......@.......@.......
@.......................@.......@.......@.......@.......@.......
@.......@.......@...............@.......@.......................
@.......@.......@.......@.......@.......@.......@.......@.......
@.......@.......@.......@.......@.......@.......@.......@.......
........@.......@.......@.......@.......@.......@.......@.......
@.......@.......@.......@.......@...............@.......@.......
[LNS] Number of agents: 20
[LNS] Agents (start -> goal):
  Agent 0: (12,63) -> (45,19)
  Agent 1: (17,19) -> (63,15)
  Agent 2: (46,31) -> (9,2)
  Agent 3: (19,23) -> (57,30)
  Agent 4: (12,60) -> (2,55)
  Agent 5: (54,47) -> (41,18)
  Agent 6: (17,29) -> (4,52)
  Agent 7: (46,50) -> (27,12)
  Agent 8: (57,49) -> (47,34)
  Agent 9: (42,22) -> (11,7)
  Agent 10: (52,55) -> (13,39)
  Agent 11: (57,29) -> (31,1)
  Agent 12: (29,34) -> (57,61)
  Agent 13: (19,11) -> (60,46)
  Agent 14: (31,1) -> (39,15)
  Agent 15: (57,58) -> (63,60)
  Agent 16: (51,63) -> (9,15)
  Agent 17: (34,7) -> (35,19)
  Agent 18: (35,6) -> (17,34)
  Agent 19: (22,17) -> (35,9)
[LNS] Base makespan: 140

[LNS] === Attempt with max_timesteps=140 ===
[SAT] Creating MDDs with shortest paths + waiting time...
[SAT] Created 20 MDDs with waiting time structure
[LNS] Built MDDs with waiting time structure for 20 agents at makespan 140
[Current_Solution] Calculating waiting times for agents...
[Current_Solution] Agent 19 reaches goal at t=67, waiting time=73
[Current_Solution] Agent 18 reaches goal at t=76, waiting time=64
[Current_Solution] Agent 17 reaches goal at t=51, waiting time=89
[Current_Solution] Agent 16 reaches goal at t=124, waiting time=16
[Current_Solution] Agent 15 reaches goal at t=8, waiting time=132
[Current_Solution] Agent 14 reaches goal at t=140, waiting time=0
[Current_Solution] Agent 13 reaches goal at t=110, waiting time=30
[Current_Solution] Agent 12 reaches goal at t=77, waiting time=63
[Current_Solution] Agent 11 reaches goal at t=116, waiting time=24
[Current_Solution] Agent 10 reaches goal at t=89, waiting time=51
[Current_Solution] Agent 9 reaches goal at t=76, waiting time=64
[Current_Solution] Agent 8 reaches goal at t=47, waiting time=93
[Current_Solution] Agent 7 reaches goal at t=111, waiting time=29
[Current_Solution] Agent 6 reaches goal at t=42, waiting time=98
[Current_Solution] Agent 5 reaches goal at t=44, waiting time=96
[Current_Solution] Agent 4 reaches goal at t=15, waiting time=125
[Current_Solution] Agent 3 reaches goal at t=51, waiting time=89
[Current_Solution] Agent 2 reaches goal at t=82, waiting time=58
[Current_Solution] Agent 1 reaches goal at t=74, waiting time=66
[Current_Solution] Agent 0 reaches goal at t=81, waiting time=59
[Current_Solution] Waiting time calculation complete
[LNS] Created current solution with 20 agent paths on a map of size 64x64
[LNS] Analyzing conflicts...
[LNS] Current solution: vertex collisions=44, edge collisions=8
[LNS] Creating conflict buckets...
[LOCAL ZONE] Building diamond bucket for conflict 0
[LOCAL ZONE] Built diamond bucket for conflict 0 with 48 positions, 13 conflicts, 2 - 14 time window
[LNS] Selected most relevant bucket 0 with time window: 2 - 14, 13 conflicts and 48 positions.
[LNS] Solving the best bucket Local Zone...
[Solve_local_zone] Current local zone size: 48 (1.48515% of all walkable positions)
[Solve_local_zone] Local zone time window: [0, 16]
[Waiting_time_Solve] Agent 0 has waiting time 59
[Waiting_time_Solve] Agent 1 has waiting time 66
[Waiting_time_Solve] Agent 2 has waiting time 58
[Waiting_time_Solve] Agent 3 has waiting time 89
[Waiting_time_Solve] Agent 4 has waiting time 125
[Waiting_time_Solve] Agent 5 has waiting time 96
[Waiting_time_Solve] Agent 6 has waiting time 98
[Waiting_time_Solve] Agent 7 has waiting time 29
[Waiting_time_Solve] Agent 8 has waiting time 93
[Waiting_time_Solve] Agent 9 has waiting time 64
[Waiting_time_Solve] Agent 10 has waiting time 51
[Waiting_time_Solve] Agent 11 has waiting time 24
[Waiting_time_Solve] Agent 12 has waiting time 63
[Waiting_time_Solve] Agent 13 has waiting time 30
[Waiting_time_Solve] Agent 14 has waiting time 0
[Waiting_time_Solve] Agent 15 has waiting time 132
[Waiting_time_Solve] Agent 16 has waiting time 16
[Waiting_time_Solve] Agent 17 has waiting time 89
[Waiting_time_Solve] Agent 18 has waiting time 64
[Waiting_time_Solve] Agent 19 has waiting time 73
[Waiting_time_Solve] Total available waiting time: 1319
[Waiting_time_Solve] Max iterations: 1319
[Waiting_time_Solve] Iteration 0...
[SAT] Start solving CNF: 76 clauses and 39 variables
[SAT] Agent 18 entry time: 0 exit time: 16
[SAT] Agent 17 entry time: 0 exit time: 16

[SAT] Start time: 0 End time: 16

[SAT] Solving local zone with SAT iteration 1...
[SAT] Local CNF: 76 clauses 

DEBUG: Adding 76 new clauses to MiniSAT (incremental run)
DEBUG: Clause load summary: input=76, added=76, tautologies_skipped=0, duplicates_skipped=0, unit_clauses=29, empties=0, intra_clause_literals_removed=0, added_but_db_unchanged=29
DEBUG: After adding clauses, solver has 18 clauses and 39 variables
DEBUG: MiniSAT found 39 variables
DEBUG: Assignment size: 39
DEBUG: First few assignment values: 1 0 1 0 1 0 1 0 1 1 

=== DEBUG: cnf_assignment_to_paths ===
Input assignment size: 39

=== END DEBUG ===
[SAT] Found 14 vertex collisions and 0 edge collisions
[SAT] Adding collision clauses and solving again...
[SAT] Solving local zone with SAT iteration 2...
[SAT] Local CNF: 90 clauses 

DEBUG: Adding 14 new clauses to MiniSAT (incremental run)
[SAT] Previous assignment invalidated by new clauses, reset solver and retrying without assumptions...
DEBUG: Adding 90 new clauses to MiniSAT (incremental run)
[SAT] Local problem appears to be unsatisfiable in current zone
[Waiting_time_Solve] No solution found, trying to apply waiting time:1
[Waiting_time_Solve] Applying waiting time 1 to agent 17 who has waiting time 89
[Waiting_time_Solve] New path is consistent after applying waiting time for agent 17
[Current_Solution] Agent 17 used 1 waiting timesteps, 88 remaining
[Waiting_time_Solve] Applied 1 waiting time  for agent 17 who has waiting time 88
[Waiting_time_Solve] ALL Waiting time applied
[Waiting_time_Solve] Extended Zone end time from 16 to 17
[Waiting_time_Solve] Iteration 1...
[SAT] Start solving CNF: 110 clauses and 56 variables
[SAT] Agent 18 entry time: 0 exit time: 16
[SAT] Agent 17 entry time: 0 exit time: 17

[SAT] Start time: 0 End time: 17

[SAT] Solving local zone with SAT iteration 1...
[SAT] Local CNF: 124 clauses 

DEBUG: Adding 124 new clauses to MiniSAT (incremental run)
DEBUG: Clause load summary: input=124, added=124, tautologies_skipped=0, duplicates_skipped=0, unit_clauses=14, empties=0, intra_clause_literals_removed=0, added_but_db_unchanged=25
DEBUG: After adding clauses, solver has 85 clauses and 56 variables
DEBUG: MiniSAT found 56 variables
DEBUG: Assignment size: 56
DEBUG: First few assignment values: 1 0 1 0 1 0 1 0 1 1 

=== DEBUG: cnf_assignment_to_paths ===
Input assignment size: 56

=== END DEBUG ===
[SAT] Found 0 vertex collisions and 0 edge collisions
[SAT] Found collision-free local solution!
[Waiting_time_Solve] Solution found, updating global solution
[LNS] Updating global solution with pseudo-agent local paths...
[Current_Solution] Updating global solution for agent 18
[Current_Solution] Global solution is consistent after updating with local path
[LNS] Successfully updated global solution with pseudo-agent local paths!
[Current_Solution] Updating global solution for agent 17
[Current_Solution] INFO: Segment 17 exit adjusted from 16 to 17 due to waiting time
[Current_Solution] Segment 17 lengthened by 1 timesteps; shifting suffix
[Current_Solution] Global solution is consistent before shifting suffix
[Current_Solution] Global solution is consistent after shifting suffix
[Current_Solution] Global solution is consistent after updating with local path
[LNS] Successfully updated global solution with pseudo-agent local paths!
[LNS] Updating path map with new local paths...
[LNS] Successfully updated global solution with local paths and pseudo agents!
[Solve_local_zone] Successfully solved local zone
[Solve_local_zone] Final local zone size: 48 (1.48515% of all walkable positions)
[LNS] Successfully solved local zone
[LNS] Analyzing conflicts...
[LNS] Current solution: vertex collisions=12, edge collisions=9
[LNS] Creating conflict buckets...
[LOCAL ZONE] Building diamond bucket for conflict 12
[LOCAL ZONE] Built diamond bucket for conflict 12 with 24 positions, 2 conflicts, 14 - 16 time window
[LNS] Selected most relevant bucket 0 with time window: 14 - 16, 2 conflicts and 24 positions.
[LNS] Solving the best bucket Local Zone...
[Solve_local_zone] Current local zone size: 24 (0.742574% of all walkable positions)
[Solve_local_zone] Local zone time window: [12, 18]
[Waiting_time_Solve] Agent 0 has waiting time 59
[Waiting_time_Solve] Agent 1 has waiting time 66
[Waiting_time_Solve] Agent 2 has waiting time 58
[Waiting_time_Solve] Agent 3 has waiting time 89
[Waiting_time_Solve] Agent 4 has waiting time 125
[Waiting_time_Solve] Agent 5 has waiting time 96
[Waiting_time_Solve] Agent 6 has waiting time 98
[Waiting_time_Solve] Agent 7 has waiting time 29
[Waiting_time_Solve] Agent 8 has waiting time 93
[Waiting_time_Solve] Agent 9 has waiting time 64
[Waiting_time_Solve] Agent 10 has waiting time 51
[Waiting_time_Solve] Agent 11 has waiting time 24
[Waiting_time_Solve] Agent 12 has waiting time 63
[Waiting_time_Solve] Agent 13 has waiting time 30
[Waiting_time_Solve] Agent 14 has waiting time 0
[Waiting_time_Solve] Agent 15 has waiting time 132
[Waiting_time_Solve] Agent 16 has waiting time 16
[Waiting_time_Solve] Agent 17 has waiting time 88
[Waiting_time_Solve] Agent 18 has waiting time 64
[Waiting_time_Solve] Agent 19 has waiting time 73
[Waiting_time_Solve] Total available waiting time: 1318
[Waiting_time_Solve] Max iterations: 1318
[Waiting_time_Solve] Iteration 0...
[SAT] Start solving CNF: 39 clauses and 22 variables
[SAT] Agent 19 entry time: 17 exit time: 18
[SAT] Agent 12 entry time: 12 exit time: 18
[SAT] Agent 9 entry time: 12 exit time: 18
[SAT] Agent 3 entry time: 18 exit time: 18
[SAT] Agent 2 entry time: 14 exit time: 18

[SAT] Start time: 12 End time: 18

[SAT] Solving local zone with SAT iteration 1...
[SAT] Local CNF: 39 clauses 

DEBUG: Adding 39 new clauses to MiniSAT (incremental run)
DEBUG: Clause load summary: input=39, added=39, tautologies_skipped=0, duplicates_skipped=0, unit_clauses=22, empties=0, intra_clause_literals_removed=0, added_but_db_unchanged=17
DEBUG: After adding clauses, solver has 0 clauses and 22 variables
DEBUG: MiniSAT found 22 variables
DEBUG: Assignment size: 22
DEBUG: First few assignment values: 1 1 1 1 1 1 1 1 1 1 

=== DEBUG: cnf_assignment_to_paths ===
Input assignment size: 22

=== END DEBUG ===
[SAT] Found 1 vertex collisions and 1 edge collisions
[SAT] Adding collision clauses and solving again...
[SAT] Solving local zone with SAT iteration 2...
[SAT] Local CNF: 41 clauses 

DEBUG: Adding 2 new clauses to MiniSAT (incremental run)
[SAT] Local problem appears to be unsatisfiable in current zone
[Waiting_time_Solve] No solution found, trying to apply waiting time:1
[Waiting_time_Solve] Applying waiting time 1 to agent 12 who has waiting time 63
[Waiting_time_Solve] New path is consistent after applying waiting time for agent 12
[Current_Solution] Agent 12 used 1 waiting timesteps, 62 remaining
[Waiting_time_Solve] Applied 1 waiting time  for agent 12 who has waiting time 62
[Waiting_time_Solve] ALL Waiting time applied
[Waiting_time_Solve] Extended Zone end time from 18 to 19
[Waiting_time_Solve] Iteration 1...
[SAT] Start solving CNF: 59 clauses and 32 variables
[SAT] Agent 19 entry time: 17 exit time: 19
[SAT] Agent 12 entry time: 12 exit time: 19
[SAT] Agent 9 entry time: 12 exit time: 18
[SAT] Agent 3 entry time: 18 exit time: 19
[SAT] Agent 2 entry time: 14 exit time: 19

[SAT] Start time: 12 End time: 19

[SAT] Solving local zone with SAT iteration 1...
[SAT] Local CNF: 61 clauses 

DEBUG: Adding 61 new clauses to MiniSAT (incremental run)
DEBUG: Clause load summary: input=61, added=61, tautologies_skipped=0, duplicates_skipped=0, unit_clauses=20, empties=0, intra_clause_literals_removed=0, added_but_db_unchanged=17
DEBUG: After adding clauses, solver has 24 clauses and 32 variables
DEBUG: MiniSAT found 32 variables
DEBUG: Assignment size: 32
DEBUG: First few assignment values: 1 1 1 1 0 1 0 1 0 1 

=== DEBUG: cnf_assignment_to_paths ===
Input assignment size: 32

=== END DEBUG ===
[SAT] Found 2 vertex collisions and 1 edge collisions
[SAT] Adding collision clauses and solving again...
[SAT] Solving local zone with SAT iteration 2...
[SAT] Local CNF: 64 clauses 

DEBUG: Adding 3 new clauses to MiniSAT (incremental run)
[SAT] Local problem appears to be unsatisfiable in current zone
[Waiting_time_Solve] No solution found, trying to apply waiting time:2
[Waiting_time_Solve] Applying waiting time 2 to agent 9 who has waiting time 64
[Waiting_time_Solve] New path is consistent after applying waiting time for agent 9
[Current_Solution] Agent 9 used 2 waiting timesteps, 62 remaining
[Waiting_time_Solve] Applied 2 waiting time  for agent 9 who has waiting time 62
[Waiting_time_Solve] Applying waiting time 2 to agent 19 who has waiting time 73
[Waiting_time_Solve] New path is consistent after applying waiting time for agent 19
[Current_Solution] Agent 19 used 2 waiting timesteps, 71 remaining
[Waiting_time_Solve] Applied 2 waiting time  for agent 19 who has waiting time 71
[Waiting_time_Solve] Applying waiting time 2 to agent 12 who has waiting time 62
[Waiting_time_Solve] New path is consistent after applying waiting time for agent 12
[Current_Solution] Agent 12 used 2 waiting timesteps, 60 remaining
[Waiting_time_Solve] Applied 2 waiting time  for agent 12 who has waiting time 60
[Waiting_time_Solve] ALL Waiting time applied
[Waiting_time_Solve] Extended Zone end time from 19 to 21
[Create_Local_Problem] Agent 1 is new in the zone
[Waiting_time_Solve] Iteration 2...
[SAT] Start solving CNF: 349 clauses and 110 variables
[SAT] Agent 1 entry time: 20 exit time: 21
[SAT] Agent 19 entry time: 17 exit time: 21
[SAT] Agent 12 entry time: 12 exit time: 21
[SAT] Agent 9 entry time: 12 exit time: 20
[SAT] Agent 3 entry time: 18 exit time: 21
[SAT] Agent 2 entry time: 14 exit time: 21

[SAT] Start time: 12 End time: 21

[SAT] Solving local zone with SAT iteration 1...
[SAT] Local CNF: 354 clauses 

DEBUG: Adding 354 new clauses to MiniSAT (incremental run)
DEBUG: Clause load summary: input=354, added=354, tautologies_skipped=0, duplicates_skipped=0, unit_clauses=19, empties=0, intra_clause_literals_removed=0, added_but_db_unchanged=22
DEBUG: After adding clauses, solver has 313 clauses and 110 variables
DEBUG: MiniSAT found 110 variables
DEBUG: Assignment size: 110
DEBUG: First few assignment values: 1 1 1 0 1 0 1 0 0 1 

=== DEBUG: cnf_assignment_to_paths ===
Input assignment size: 110

=== END DEBUG ===
[SAT] Found 2 vertex collisions and 1 edge collisions
[SAT] Adding collision clauses and solving again...
[SAT] Solving local zone with SAT iteration 2...
[SAT] Local CNF: 357 clauses 

DEBUG: Adding 3 new clauses to MiniSAT (incremental run)
DEBUG: Clause load summary: input=3, added=3, tautologies_skipped=0, duplicates_skipped=0, unit_clauses=0, empties=0, intra_clause_literals_removed=0, added_but_db_unchanged=2
DEBUG: After adding clauses, solver has 304 clauses and 110 variables
DEBUG: MiniSAT found 110 variables
DEBUG: Assignment size: 110
DEBUG: First few assignment values: 1 1 1 1 0 0 1 0 0 1 

=== DEBUG: cnf_assignment_to_paths ===
Input assignment size: 110

=== END DEBUG ===
[SAT] Found 1 vertex collisions and 2 edge collisions
[SAT] Adding collision clauses and solving again...
[SAT] Solving local zone with SAT iteration 3...
[SAT] Local CNF: 360 clauses 

DEBUG: Adding 3 new clauses to MiniSAT (incremental run)
DEBUG: Clause load summary: input=3, added=3, tautologies_skipped=0, duplicates_skipped=0, unit_clauses=0, empties=0, intra_clause_literals_removed=0, added_but_db_unchanged=1
DEBUG: After adding clauses, solver has 306 clauses and 110 variables
DEBUG: MiniSAT found 110 variables
DEBUG: Assignment size: 110
DEBUG: First few assignment values: 1 1 1 1 0 1 0 0 0 1 

=== DEBUG: cnf_assignment_to_paths ===
Input assignment size: 110

=== END DEBUG ===
[SAT] Found 1 vertex collisions and 0 edge collisions
[SAT] Adding collision clauses and solving again...
[SAT] Solving local zone with SAT iteration 4...
[SAT] Local CNF: 361 clauses 

DEBUG: Adding 1 new clauses to MiniSAT (incremental run)
DEBUG: Clause load summary: input=1, added=1, tautologies_skipped=0, duplicates_skipped=0, unit_clauses=0, empties=0, intra_clause_literals_removed=0, added_but_db_unchanged=0
DEBUG: After adding clauses, solver has 307 clauses and 110 variables
DEBUG: MiniSAT found 110 variables
DEBUG: Assignment size: 110
DEBUG: First few assignment values: 1 1 1 1 0 1 0 0 0 1 

=== DEBUG: cnf_assignment_to_paths ===
Input assignment size: 110

=== END DEBUG ===
[SAT] Found 0 vertex collisions and 1 edge collisions
[SAT] Adding collision clauses and solving again...
[SAT] Solving local zone with SAT iteration 5...
[SAT] Local CNF: 362 clauses 

DEBUG: Adding 1 new clauses to MiniSAT (incremental run)
DEBUG: Clause load summary: input=1, added=1, tautologies_skipped=0, duplicates_skipped=0, unit_clauses=0, empties=0, intra_clause_literals_removed=0, added_but_db_unchanged=0
DEBUG: After adding clauses, solver has 308 clauses and 110 variables
DEBUG: MiniSAT found 110 variables
DEBUG: Assignment size: 110
DEBUG: First few assignment values: 1 1 1 1 0 1 0 0 0 1 

=== DEBUG: cnf_assignment_to_paths ===
Input assignment size: 110

=== END DEBUG ===
[SAT] Found 1 vertex collisions and 0 edge collisions
[SAT] Adding collision clauses and solving again...
[SAT] Solving local zone with SAT iteration 6...
[SAT] Local CNF: 363 clauses 

DEBUG: Adding 1 new clauses to MiniSAT (incremental run)
DEBUG: Clause load summary: input=1, added=1, tautologies_skipped=0, duplicates_skipped=0, unit_clauses=0, empties=0, intra_clause_literals_removed=0, added_but_db_unchanged=1
DEBUG: After adding clauses, solver has 308 clauses and 110 variables
DEBUG: MiniSAT found 110 variables
DEBUG: Assignment size: 110
DEBUG: First few assignment values: 1 1 1 1 0 1 0 0 0 1 

=== DEBUG: cnf_assignment_to_paths ===
Input assignment size: 110

=== END DEBUG ===
[SAT] Found 0 vertex collisions and 0 edge collisions
[SAT] Found collision-free local solution!
[Waiting_time_Solve] Solution found, updating global solution
[LNS] Updating global solution with pseudo-agent local paths...
[Current_Solution] Updating global solution for agent 1
[Current_Solution] Global solution is consistent after updating with local path
[LNS] Successfully updated global solution with pseudo-agent local paths!
[Current_Solution] Updating global solution for agent 19
[Current_Solution] INFO: Segment 19 exit adjusted from 18 to 21 due to waiting time
[Current_Solution] Segment 19 lengthened by 3 timesteps; shifting suffix
[Current_Solution] Global solution is consistent before shifting suffix
[Current_Solution] Global solution is consistent after shifting suffix
[Current_Solution] Global solution is consistent after updating with local path
[LNS] Successfully updated global solution with pseudo-agent local paths!
[Current_Solution] Updating global solution for agent 12
[Current_Solution] INFO: Segment 12 exit adjusted from 18 to 21 due to waiting time
[Current_Solution] Segment 12 lengthened by 3 timesteps; shifting suffix
[Current_Solution] Global solution is consistent before shifting suffix
[Current_Solution] Global solution is consistent after shifting suffix
[Current_Solution] Global solution is consistent after updating with local path
[LNS] Successfully updated global solution with pseudo-agent local paths!
[Current_Solution] Updating global solution for agent 9
[Current_Solution] INFO: Segment 9 exit adjusted from 18 to 20 due to waiting time
[Current_Solution] Segment 9 lengthened by 2 timesteps; shifting suffix
[Current_Solution] Global solution is consistent before shifting suffix
[Current_Solution] Global solution is consistent after shifting suffix
[Current_Solution] Global solution is consistent after updating with local path
[LNS] Successfully updated global solution with pseudo-agent local paths!
[Current_Solution] Updating global solution for agent 3
[Current_Solution] INFO: Segment 3 exit adjusted from 18 to 21 due to waiting time
[Current_Solution] Segment 3 lengthened by 3 timesteps; shifting suffix
[Current_Solution] Global solution is consistent before shifting suffix
[Current_Solution] Global solution is consistent after shifting suffix
[Current_Solution] Global solution is consistent after updating with local path
[LNS] Successfully updated global solution with pseudo-agent local paths!
[Current_Solution] Updating global solution for agent 2
[Current_Solution] INFO: Segment 2 exit adjusted from 18 to 21 due to waiting time
[Current_Solution] Segment 2 lengthened by 3 timesteps; shifting suffix
[Current_Solution] Global solution is consistent before shifting suffix
[Current_Solution] Global solution is consistent after shifting suffix
[Current_Solution] Global solution is consistent after updating with local path
[LNS] Successfully updated global solution with pseudo-agent local paths!
[LNS] Updating path map with new local paths...
[LNS] Successfully updated global solution with local paths and pseudo agents!
[Solve_local_zone] Successfully solved local zone
[Solve_local_zone] Final local zone size: 24 (0.742574% of all walkable positions)
[LNS] Successfully solved local zone
[LNS] Analyzing conflicts...
[LNS] Current solution: vertex collisions=13, edge collisions=5
[LNS] Creating conflict buckets...
[LOCAL ZONE] Building diamond bucket for conflict 0
[LOCAL ZONE] Built diamond bucket for conflict 0 with 24 positions, 4 conflicts, 24 - 27 time window
[LNS] Selected most relevant bucket 0 with time window: 24 - 27, 4 conflicts and 24 positions.
[LNS] Solving the best bucket Local Zone...
[Solve_local_zone] Current local zone size: 24 (0.742574% of all walkable positions)
[Solve_local_zone] Local zone time window: [22, 29]
[Waiting_time_Solve] Agent 0 has waiting time 59
[Waiting_time_Solve] Agent 1 has waiting time 66
[Waiting_time_Solve] Agent 2 has waiting time 58
[Waiting_time_Solve] Agent 3 has waiting time 89
[Waiting_time_Solve] Agent 4 has waiting time 125
[Waiting_time_Solve] Agent 5 has waiting time 96
[Waiting_time_Solve] Agent 6 has waiting time 98
[Waiting_time_Solve] Agent 7 has waiting time 29
[Waiting_time_Solve] Agent 8 has waiting time 93
[Waiting_time_Solve] Agent 9 has waiting time 62
[Waiting_time_Solve] Agent 10 has waiting time 51
[Waiting_time_Solve] Agent 11 has waiting time 24
[Waiting_time_Solve] Agent 12 has waiting time 60
[Waiting_time_Solve] Agent 13 has waiting time 30
[Waiting_time_Solve] Agent 14 has waiting time 0
[Waiting_time_Solve] Agent 15 has waiting time 132
[Waiting_time_Solve] Agent 16 has waiting time 16
[Waiting_time_Solve] Agent 17 has waiting time 88
[Waiting_time_Solve] Agent 18 has waiting time 64
[Waiting_time_Solve] Agent 19 has waiting time 71
[Waiting_time_Solve] Total available waiting time: 1311
[Waiting_time_Solve] Max iterations: 1311
[Waiting_time_Solve] Iteration 0...
[SAT] Start solving CNF: 57 clauses and 31 variables
[SAT] Agent 19 entry time: 24 exit time: 29
[SAT] Agent 12 entry time: 22 exit time: 26
[SAT] Agent 11 entry time: 22 exit time: 29
[SAT] Agent 3 entry time: 23 exit time: 29
[SAT] Agent 1 entry time: 25 exit time: 29

[SAT] Start time: 22 End time: 29

[SAT] Solving local zone with SAT iteration 1...
[SAT] Local CNF: 57 clauses 

DEBUG: Adding 57 new clauses to MiniSAT (incremental run)
DEBUG: Clause load summary: input=57, added=57, tautologies_skipped=0, duplicates_skipped=0, unit_clauses=31, empties=0, intra_clause_literals_removed=0, added_but_db_unchanged=26
DEBUG: After adding clauses, solver has 0 clauses and 31 variables
DEBUG: MiniSAT found 31 variables
DEBUG: Assignment size: 31
DEBUG: First few assignment values: 1 1 1 1 1 1 1 1 1 1 

=== DEBUG: cnf_assignment_to_paths ===
Input assignment size: 31

=== END DEBUG ===
[SAT] Found 3 vertex collisions and 1 edge collisions
[SAT] Adding collision clauses and solving again...
[SAT] Solving local zone with SAT iteration 2...
[SAT] Local CNF: 61 clauses 

DEBUG: Adding 4 new clauses to MiniSAT (incremental run)
[SAT] Local problem appears to be unsatisfiable in current zone
[Waiting_time_Solve] No solution found, trying to apply waiting time:1
[Waiting_time_Solve] Applying waiting time 1 to agent 1 who has waiting time 66
[Waiting_time_Solve] New path is consistent after applying waiting time for agent 1
[Current_Solution] Agent 1 used 1 waiting timesteps, 65 remaining
[Waiting_time_Solve] Applied 1 waiting time  for agent 1 who has waiting time 65
[Waiting_time_Solve] Applying waiting time 1 to agent 3 who has waiting time 89
[Waiting_time_Solve] New path is consistent after applying waiting time for agent 3
[Current_Solution] Agent 3 used 1 waiting timesteps, 88 remaining
[Waiting_time_Solve] Applied 1 waiting time  for agent 3 who has waiting time 88
[Waiting_time_Solve] Applying waiting time 1 to agent 12 who has waiting time 60
[Waiting_time_Solve] New path is consistent after applying waiting time for agent 12
[Current_Solution] Agent 12 used 1 waiting timesteps, 59 remaining
[Waiting_time_Solve] Applied 1 waiting time  for agent 12 who has waiting time 59
[Waiting_time_Solve] Applying waiting time 1 to agent 19 who has waiting time 71
[Waiting_time_Solve] New path is consistent after applying waiting time for agent 19
[Current_Solution] Agent 19 used 1 waiting timesteps, 70 remaining
[Waiting_time_Solve] Applied 1 waiting time  for agent 19 who has waiting time 70
[Waiting_time_Solve] ALL Waiting time applied
[Waiting_time_Solve] Extended Zone end time from 29 to 30
[Waiting_time_Solve] Iteration 1...
[SAT] Start solving CNF: 103 clauses and 54 variables
[SAT] Agent 19 entry time: 24 exit time: 30
[SAT] Agent 12 entry time: 22 exit time: 27
[SAT] Agent 11 entry time: 22 exit time: 29
[SAT] Agent 3 entry time: 23 exit time: 30
[SAT] Agent 1 entry time: 25 exit time: 30

[SAT] Start time: 22 End time: 30

[SAT] Solving local zone with SAT iteration 1...
[SAT] Local CNF: 107 clauses 

DEBUG: Adding 107 new clauses to MiniSAT (incremental run)
DEBUG: Clause load summary: input=107, added=107, tautologies_skipped=0, duplicates_skipped=0, unit_clauses=16, empties=0, intra_clause_literals_removed=0, added_but_db_unchanged=18
DEBUG: After adding clauses, solver has 73 clauses and 54 variables
DEBUG: MiniSAT found 54 variables
DEBUG: Assignment size: 54
DEBUG: First few assignment values: 1 0 1 0 1 0 1 0 1 0 

=== DEBUG: cnf_assignment_to_paths ===
Input assignment size: 54

=== END DEBUG ===
[SAT] Found 3 vertex collisions and 3 edge collisions
[SAT] Adding collision clauses and solving again...
[SAT] Solving local zone with SAT iteration 2...
[SAT] Local CNF: 113 clauses 

DEBUG: Adding 6 new clauses to MiniSAT (incremental run)
[SAT] Local problem appears to be unsatisfiable in current zone
[Waiting_time_Solve] No solution found, trying to apply waiting time:2
[Waiting_time_Solve] Applying waiting time 2 to agent 19 who has waiting time 70
[Waiting_time_Solve] New path is consistent after applying waiting time for agent 19
[Current_Solution] Agent 19 used 2 waiting timesteps, 68 remaining
[Waiting_time_Solve] Applied 2 waiting time  for agent 19 who has waiting time 68
[Waiting_time_Solve] Applying waiting time 2 to agent 1 who has waiting time 65
[Waiting_time_Solve] New path is consistent after applying waiting time for agent 1
[Current_Solution] Agent 1 used 2 waiting timesteps, 63 remaining
[Waiting_time_Solve] Applied 2 waiting time  for agent 1 who has waiting time 63
[Waiting_time_Solve] Applying waiting time 2 to agent 3 who has waiting time 88
[Waiting_time_Solve] New path is consistent after applying waiting time for agent 3
[Current_Solution] Agent 3 used 2 waiting timesteps, 86 remaining
[Waiting_time_Solve] Applied 2 waiting time  for agent 3 who has waiting time 86
[Waiting_time_Solve] Applying waiting time 2 to agent 12 who has waiting time 59
[Waiting_time_Solve] New path is consistent after applying waiting time for agent 12
[Current_Solution] Agent 12 used 2 waiting timesteps, 57 remaining
[Waiting_time_Solve] Applied 2 waiting time  for agent 12 who has waiting time 57
[Waiting_time_Solve] ALL Waiting time applied
[Waiting_time_Solve] Extended Zone end time from 30 to 32
[Waiting_time_Solve] Iteration 2...
[SAT] Start solving CNF: 678 clauses and 176 variables
[SAT] Agent 19 entry time: 24 exit time: 32
[SAT] Agent 12 entry time: 22 exit time: 29
[SAT] Agent 11 entry time: 22 exit time: 29
[SAT] Agent 3 entry time: 23 exit time: 32
[SAT] Agent 1 entry time: 25 exit time: 32

[SAT] Start time: 22 End time: 32

[SAT] Solving local zone with SAT iteration 1...
[SAT] Local CNF: 688 clauses 

DEBUG: Adding 688 new clauses to MiniSAT (incremental run)
DEBUG: Clause load summary: input=688, added=688, tautologies_skipped=0, duplicates_skipped=0, unit_clauses=16, empties=0, intra_clause_literals_removed=0, added_but_db_unchanged=27
DEBUG: After adding clauses, solver has 645 clauses and 176 variables
DEBUG: MiniSAT found 176 variables
DEBUG: Assignment size: 176
DEBUG: First few assignment values: 1 1 0 0 1 0 0 0 1 0 

=== DEBUG: cnf_assignment_to_paths ===
Input assignment size: 176

=== END DEBUG ===
[SAT] Found 5 vertex collisions and 3 edge collisions
[SAT] Adding collision clauses and solving again...
[SAT] Solving local zone with SAT iteration 2...
[SAT] Local CNF: 696 clauses 

DEBUG: Adding 8 new clauses to MiniSAT (incremental run)
DEBUG: Clause load summary: input=8, added=8, tautologies_skipped=0, duplicates_skipped=0, unit_clauses=0, empties=0, intra_clause_literals_removed=0, added_but_db_unchanged=6
DEBUG: After adding clauses, solver has 614 clauses and 176 variables
DEBUG: MiniSAT found 176 variables
DEBUG: Assignment size: 176
DEBUG: First few assignment values: 1 1 0 0 1 0 0 0 0 0 

=== DEBUG: cnf_assignment_to_paths ===
Input assignment size: 176

=== END DEBUG ===
[SAT] Found 0 vertex collisions and 0 edge collisions
[SAT] Found collision-free local solution!
[Waiting_time_Solve] Solution found, updating global solution
[LNS] Updating global solution with pseudo-agent local paths...
[Current_Solution] Updating global solution for agent 19
[Current_Solution] INFO: Segment 19 exit adjusted from 29 to 32 due to waiting time
[Current_Solution] Segment 19 lengthened by 3 timesteps; shifting suffix
[Current_Solution] Global solution is consistent before shifting suffix
[Current_Solution] Global solution is consistent after shifting suffix
[Current_Solution] Global solution is consistent after updating with local path
[LNS] Successfully updated global solution with pseudo-agent local paths!
[Current_Solution] Updating global solution for agent 12
[Current_Solution] INFO: Segment 12 exit adjusted from 26 to 29 due to waiting time
[Current_Solution] Segment 12 lengthened by 3 timesteps; shifting suffix
[Current_Solution] Global solution is consistent before shifting suffix
[Current_Solution] Global solution is consistent after shifting suffix
[Current_Solution] Global solution is consistent after updating with local path
[LNS] Successfully updated global solution with pseudo-agent local paths!
[Current_Solution] Updating global solution for agent 11
[Current_Solution] Global solution is consistent after updating with local path
[LNS] Successfully updated global solution with pseudo-agent local paths!
[Current_Solution] Updating global solution for agent 3
[Current_Solution] INFO: Segment 3 exit adjusted from 29 to 32 due to waiting time
[Current_Solution] Segment 3 lengthened by 3 timesteps; shifting suffix
[Current_Solution] Global solution is consistent before shifting suffix
[Current_Solution] Global solution is consistent after shifting suffix
[Current_Solution] Global solution is consistent after updating with local path
[LNS] Successfully updated global solution with pseudo-agent local paths!
[Current_Solution] Updating global solution for agent 1
[Current_Solution] INFO: Segment 1 exit adjusted from 29 to 32 due to waiting time
[Current_Solution] Segment 1 lengthened by 3 timesteps; shifting suffix
[Current_Solution] Global solution is consistent before shifting suffix
[Current_Solution] Global solution is consistent after shifting suffix
[Current_Solution] Global solution is consistent after updating with local path
[LNS] Successfully updated global solution with pseudo-agent local paths!
[LNS] Updating path map with new local paths...
[LNS] Successfully updated global solution with local paths and pseudo agents!
[Solve_local_zone] Successfully solved local zone
[Solve_local_zone] Final local zone size: 24 (0.742574% of all walkable positions)
[LNS] Successfully solved local zone
[LNS] Analyzing conflicts...
[LNS] Current solution: vertex collisions=7, edge collisions=2
[LNS] Creating conflict buckets...
[LOCAL ZONE] Building diamond bucket for conflict 0
[LOCAL ZONE] Built diamond bucket for conflict 0 with 9 positions, 1 conflicts, 36 - 36 time window
[LNS] Selected most relevant bucket 0 with time window: 36 - 36, 1 conflicts and 9 positions.
[LNS] Solving the best bucket Local Zone...
[Solve_local_zone] Current local zone size: 9 (0.278465% of all walkable positions)
[Solve_local_zone] Local zone time window: [34, 38]
[Create_Local_problem] Agent 5 returned to the zone 1 times within time window
[Waiting_time_Solve] Agent 0 has waiting time 59
[Waiting_time_Solve] Agent 1 has waiting time 63
[Waiting_time_Solve] Agent 2 has waiting time 58
[Waiting_time_Solve] Agent 3 has waiting time 86
[Waiting_time_Solve] Agent 4 has waiting time 125
[Waiting_time_Solve] Agent 5 has waiting time 96
[Waiting_time_Solve] Agent 6 has waiting time 98
[Waiting_time_Solve] Agent 7 has waiting time 29
[Waiting_time_Solve] Agent 8 has waiting time 93
[Waiting_time_Solve] Agent 9 has waiting time 62
[Waiting_time_Solve] Agent 10 has waiting time 51
[Waiting_time_Solve] Agent 11 has waiting time 24
[Waiting_time_Solve] Agent 12 has waiting time 57
[Waiting_time_Solve] Agent 13 has waiting time 30
[Waiting_time_Solve] Agent 14 has waiting time 0
[Waiting_time_Solve] Agent 15 has waiting time 132
[Waiting_time_Solve] Agent 16 has waiting time 16
[Waiting_time_Solve] Agent 17 has waiting time 88
[Waiting_time_Solve] Agent 18 has waiting time 64
[Waiting_time_Solve] Agent 19 has waiting time 68
[Waiting_time_Solve] Total available waiting time: 1299
[Waiting_time_Solve] Max iterations: 1299
[Waiting_time_Solve] Iteration 0...
[Waiting_time_Solve] Agent 5 pseudo agents: 20 
[SAT] Start solving CNF: 51 clauses and 29 variables
[SAT] Agent 19 entry time: 34 exit time: 37
[SAT] Agent 17 entry time: 35 exit time: 38
[SAT] Agent 20 entry time: 36 exit time: 36
[SAT] Agent 18 entry time: 34 exit time: 38
[SAT] Agent 5 entry time: 34 exit time: 34
[SAT] Agent 3 entry time: 34 exit time: 34
[SAT] Agent 1 entry time: 34 exit time: 38

[SAT] Start time: 34 End time: 38

[SAT] Solving local zone with SAT iteration 1...
[SAT] Local CNF: 51 clauses 

DEBUG: Adding 51 new clauses to MiniSAT (incremental run)
DEBUG: Clause load summary: input=51, added=51, tautologies_skipped=0, duplicates_skipped=0, unit_clauses=13, empties=0, intra_clause_literals_removed=0, added_but_db_unchanged=10
DEBUG: After adding clauses, solver has 28 clauses and 29 variables
DEBUG: MiniSAT found 29 variables
DEBUG: Assignment size: 29
DEBUG: First few assignment values: 1 0 1 1 0 1 1 1 0 1 

=== DEBUG: cnf_assignment_to_paths ===
Input assignment size: 29

=== END DEBUG ===
[SAT] Found 0 vertex collisions and 0 edge collisions
[SAT] Found collision-free local solution!
[Waiting_time_Solve] Solution found, updating global solution
[LNS] Updating global solution with pseudo-agent local paths...
[Current_Solution] Updating global solution for agent 19
[Current_Solution] Global solution is consistent after updating with local path
[LNS] Successfully updated global solution with pseudo-agent local paths!
[Current_Solution] Updating global solution for agent 17
[Current_Solution] Global solution is consistent after updating with local path
[LNS] Successfully updated global solution with pseudo-agent local paths!
[Current_Solution] Updating global solution for agent 18
[Current_Solution] Global solution is consistent after updating with local path
[LNS] Successfully updated global solution with pseudo-agent local paths!
[Current_Solution] Updating global solution for agent 5
[Current_Solution] Global solution is consistent after updating with local path
[Current_Solution] Global solution is consistent after updating with local path
[LNS] Successfully updated global solution with pseudo-agent local paths!
[Current_Solution] Updating global solution for agent 3
[Current_Solution] Global solution is consistent after updating with local path
[LNS] Successfully updated global solution with pseudo-agent local paths!
[Current_Solution] Updating global solution for agent 1
[Current_Solution] Global solution is consistent after updating with local path
[LNS] Successfully updated global solution with pseudo-agent local paths!
[LNS] Updating path map with new local paths...
[LNS] Successfully updated global solution with local paths and pseudo agents!
[Solve_local_zone] Successfully solved local zone
[Solve_local_zone] Final local zone size: 9 (0.278465% of all walkable positions)
[LNS] Successfully solved local zone
[LNS] Analyzing conflicts...
[LNS] Current solution: vertex collisions=6, edge collisions=2
[LNS] Creating conflict buckets...
[LOCAL ZONE] Building diamond bucket for conflict 0
[LOCAL ZONE] Built diamond bucket for conflict 0 with 12 positions, 1 conflicts, 47 - 47 time window
[LNS] Selected most relevant bucket 0 with time window: 47 - 47, 1 conflicts and 12 positions.
[LNS] Solving the best bucket Local Zone...
[Solve_local_zone] Current local zone size: 12 (0.371287% of all walkable positions)
[Solve_local_zone] Local zone time window: [45, 49]
[Waiting_time_Solve] Agent 0 has waiting time 59
[Waiting_time_Solve] Agent 1 has waiting time 63
[Waiting_time_Solve] Agent 2 has waiting time 58
[Waiting_time_Solve] Agent 3 has waiting time 86
[Waiting_time_Solve] Agent 4 has waiting time 125
[Waiting_time_Solve] Agent 5 has waiting time 96
[Waiting_time_Solve] Agent 6 has waiting time 98
[Waiting_time_Solve] Agent 7 has waiting time 29
[Waiting_time_Solve] Agent 8 has waiting time 93
[Waiting_time_Solve] Agent 9 has waiting time 62
[Waiting_time_Solve] Agent 10 has waiting time 51
[Waiting_time_Solve] Agent 11 has waiting time 24
[Waiting_time_Solve] Agent 12 has waiting time 57
[Waiting_time_Solve] Agent 13 has waiting time 30
[Waiting_time_Solve] Agent 14 has waiting time 0
[Waiting_time_Solve] Agent 15 has waiting time 132
[Waiting_time_Solve] Agent 16 has waiting time 16
[Waiting_time_Solve] Agent 17 has waiting time 88
[Waiting_time_Solve] Agent 18 has waiting time 64
[Waiting_time_Solve] Agent 19 has waiting time 68
[Waiting_time_Solve] Total available waiting time: 1299
[Waiting_time_Solve] Max iterations: 1299
[Waiting_time_Solve] Iteration 0...
[SAT] Start solving CNF: 18 clauses and 10 variables
[SAT] Agent 13 entry time: 45 exit time: 49
[SAT] Agent 11 entry time: 45 exit time: 49

[SAT] Start time: 45 End time: 49

[SAT] Solving local zone with SAT iteration 1...
[SAT] Local CNF: 18 clauses 

DEBUG: Adding 18 new clauses to MiniSAT (incremental run)
DEBUG: Clause load summary: input=18, added=18, tautologies_skipped=0, duplicates_skipped=0, unit_clauses=10, empties=0, intra_clause_literals_removed=0, added_but_db_unchanged=8
DEBUG: After adding clauses, solver has 0 clauses and 10 variables
DEBUG: MiniSAT found 10 variables
DEBUG: Assignment size: 10
DEBUG: First few assignment values: 1 1 1 1 1 1 1 1 1 1 

=== DEBUG: cnf_assignment_to_paths ===
Input assignment size: 10

=== END DEBUG ===
[SAT] Found 1 vertex collisions and 0 edge collisions
[SAT] Adding collision clauses and solving again...
[SAT] Solving local zone with SAT iteration 2...
[SAT] Local CNF: 19 clauses 

DEBUG: Adding 1 new clauses to MiniSAT (incremental run)
[SAT] Local problem appears to be unsatisfiable in current zone
[Waiting_time_Solve] No solution found, trying to apply waiting time:1
[Waiting_time_Solve] Applying waiting time 1 to agent 13 who has waiting time 30
[Waiting_time_Solve] New path is consistent after applying waiting time for agent 13
[Current_Solution] Agent 13 used 1 waiting timesteps, 29 remaining
[Waiting_time_Solve] Applied 1 waiting time  for agent 13 who has waiting time 29
[Waiting_time_Solve] ALL Waiting time applied
[Waiting_time_Solve] Extended Zone end time from 49 to 50
[Waiting_time_Solve] Iteration 1...
[SAT] Start solving CNF: 28 clauses and 15 variables
[SAT] Agent 13 entry time: 45 exit time: 50
[SAT] Agent 11 entry time: 45 exit time: 49

[SAT] Start time: 45 End time: 50

[SAT] Solving local zone with SAT iteration 1...
[SAT] Local CNF: 29 clauses 

DEBUG: Adding 29 new clauses to MiniSAT (incremental run)
DEBUG: Clause load summary: input=29, added=29, tautologies_skipped=0, duplicates_skipped=0, unit_clauses=7, empties=0, intra_clause_literals_removed=0, added_but_db_unchanged=7
DEBUG: After adding clauses, solver has 15 clauses and 15 variables
DEBUG: MiniSAT found 15 variables
DEBUG: Assignment size: 15
DEBUG: First few assignment values: 1 0 1 0 1 0 1 0 1 1 

=== DEBUG: cnf_assignment_to_paths ===
Input assignment size: 15

=== END DEBUG ===
[SAT] Found 0 vertex collisions and 1 edge collisions
[SAT] Adding collision clauses and solving again...
[SAT] Solving local zone with SAT iteration 2...
[SAT] Local CNF: 30 clauses 

DEBUG: Adding 1 new clauses to MiniSAT (incremental run)
[SAT] Local problem appears to be unsatisfiable in current zone
[Waiting_time_Solve] No solution found, trying to apply waiting time:2
[Waiting_time_Solve] Applying waiting time 2 to agent 13 who has waiting time 29
[Waiting_time_Solve] New path is consistent after applying waiting time for agent 13
[Current_Solution] Agent 13 used 2 waiting timesteps, 27 remaining
[Waiting_time_Solve] Applied 2 waiting time  for agent 13 who has waiting time 27
[Waiting_time_Solve] ALL Waiting time applied
[Waiting_time_Solve] Extended Zone end time from 50 to 52
[Create_Local_Problem] Agent 7 is new in the zone
[Waiting_time_Solve] Iteration 2...
[SAT] Start solving CNF: 129 clauses and 39 variables
[SAT] Agent 7 entry time: 51 exit time: 52
[SAT] Agent 13 entry time: 45 exit time: 52
[SAT] Agent 11 entry time: 45 exit time: 49

[SAT] Start time: 45 End time: 52

[SAT] Solving local zone with SAT iteration 1...
[SAT] Local CNF: 131 clauses 

DEBUG: Adding 131 new clauses to MiniSAT (incremental run)
DEBUG: Clause load summary: input=131, added=131, tautologies_skipped=0, duplicates_skipped=0, unit_clauses=9, empties=0, intra_clause_literals_removed=0, added_but_db_unchanged=8
DEBUG: After adding clauses, solver has 114 clauses and 39 variables
DEBUG: MiniSAT found 39 variables
DEBUG: Assignment size: 39
DEBUG: First few assignment values: 1 1 1 0 1 1 0 0 0 0 

=== DEBUG: cnf_assignment_to_paths ===
Input assignment size: 39

=== END DEBUG ===
[SAT] Found 2 vertex collisions and 0 edge collisions
[SAT] Adding collision clauses and solving again...
[SAT] Solving local zone with SAT iteration 2...
[SAT] Local CNF: 133 clauses 

DEBUG: Adding 2 new clauses to MiniSAT (incremental run)
DEBUG: Clause load summary: input=2, added=2, tautologies_skipped=0, duplicates_skipped=0, unit_clauses=0, empties=0, intra_clause_literals_removed=0, added_but_db_unchanged=2
DEBUG: After adding clauses, solver has 109 clauses and 39 variables
DEBUG: MiniSAT found 39 variables
DEBUG: Assignment size: 39
DEBUG: First few assignment values: 1 1 1 0 1 0 0 0 0 1 

=== DEBUG: cnf_assignment_to_paths ===
Input assignment size: 39

=== END DEBUG ===
[SAT] Found 0 vertex collisions and 1 edge collisions
[SAT] Adding collision clauses and solving again...
[SAT] Solving local zone with SAT iteration 3...
[SAT] Local CNF: 134 clauses 

DEBUG: Adding 1 new clauses to MiniSAT (incremental run)
[SAT] Local problem appears to be unsatisfiable in current zone
[Waiting_time_Solve] No solution found, trying to apply waiting time:3
[Waiting_time_Solve] Applying waiting time 3 to agent 7 who has waiting time 29
[Waiting_time_Solve] New path is consistent after applying waiting time for agent 7
[Current_Solution] Agent 7 used 3 waiting timesteps, 26 remaining
[Waiting_time_Solve] Applied 3 waiting time  for agent 7 who has waiting time 26
[Waiting_time_Solve] Applying waiting time 3 to agent 13 who has waiting time 27
[Waiting_time_Solve] New path is consistent after applying waiting time for agent 13
[Current_Solution] Agent 13 used 3 waiting timesteps, 24 remaining
[Waiting_time_Solve] Applied 3 waiting time  for agent 13 who has waiting time 24
[Waiting_time_Solve] ALL Waiting time applied
[Waiting_time_Solve] Extended Zone end time from 52 to 55
[Waiting_time_Solve] Iteration 3...
[SAT] Start solving CNF: 402 clauses and 87 variables
[SAT] Agent 7 entry time: 51 exit time: 55
[SAT] Agent 13 entry time: 45 exit time: 55
[SAT] Agent 11 entry time: 45 exit time: 49

[SAT] Start time: 45 End time: 55

[SAT] Solving local zone with SAT iteration 1...
[SAT] Local CNF: 407 clauses 

DEBUG: Adding 407 new clauses to MiniSAT (incremental run)
DEBUG: Clause load summary: input=407, added=407, tautologies_skipped=0, duplicates_skipped=0, unit_clauses=9, empties=0, intra_clause_literals_removed=0, added_but_db_unchanged=14
DEBUG: After adding clauses, solver has 384 clauses and 87 variables
DEBUG: MiniSAT found 87 variables
DEBUG: Assignment size: 87
DEBUG: First few assignment values: 1 0 1 0 1 0 0 0 1 0 

=== DEBUG: cnf_assignment_to_paths ===
Input assignment size: 87

=== END DEBUG ===
[SAT] Found 2 vertex collisions and 0 edge collisions
[SAT] Adding collision clauses and solving again...
[SAT] Solving local zone with SAT iteration 2...
[SAT] Local CNF: 409 clauses 

DEBUG: Adding 2 new clauses to MiniSAT (incremental run)
DEBUG: Clause load summary: input=2, added=2, tautologies_skipped=0, duplicates_skipped=0, unit_clauses=0, empties=0, intra_clause_literals_removed=0, added_but_db_unchanged=1
DEBUG: After adding clauses, solver has 360 clauses and 87 variables
DEBUG: MiniSAT found 87 variables
DEBUG: Assignment size: 87
DEBUG: First few assignment values: 1 0 1 0 1 0 0 0 0 0 

=== DEBUG: cnf_assignment_to_paths ===
Input assignment size: 87

=== END DEBUG ===
[SAT] Found 0 vertex collisions and 1 edge collisions
[SAT] Adding collision clauses and solving again...
[SAT] Solving local zone with SAT iteration 3...
[SAT] Local CNF: 410 clauses 

DEBUG: Adding 1 new clauses to MiniSAT (incremental run)
DEBUG: Clause load summary: input=1, added=1, tautologies_skipped=0, duplicates_skipped=0, unit_clauses=0, empties=0, intra_clause_literals_removed=0, added_but_db_unchanged=0
DEBUG: After adding clauses, solver has 361 clauses and 87 variables
DEBUG: MiniSAT found 87 variables
DEBUG: Assignment size: 87
DEBUG: First few assignment values: 1 0 1 0 0 0 0 1 0 0 

=== DEBUG: cnf_assignment_to_paths ===
Input assignment size: 87

=== END DEBUG ===
[SAT] Found 0 vertex collisions and 0 edge collisions
[SAT] Found collision-free local solution!
[Waiting_time_Solve] Solution found, updating global solution
[LNS] Updating global solution with pseudo-agent local paths...
[Current_Solution] Updating global solution for agent 7
[Current_Solution] INFO: Segment 7 exit adjusted from 52 to 55 due to waiting time
[Current_Solution] Segment 7 lengthened by 3 timesteps; shifting suffix
[Current_Solution] Global solution is consistent before shifting suffix
[Current_Solution] Global solution is consistent after shifting suffix
[Current_Solution] Global solution is consistent after updating with local path
[LNS] Successfully updated global solution with pseudo-agent local paths!
[Current_Solution] Updating global solution for agent 13
[Current_Solution] INFO: Segment 13 exit adjusted from 49 to 55 due to waiting time
[Current_Solution] Segment 13 lengthened by 6 timesteps; shifting suffix
[Current_Solution] Global solution is consistent before shifting suffix
[Current_Solution] Global solution is consistent after shifting suffix
[Current_Solution] Global solution is consistent after updating with local path
[LNS] Successfully updated global solution with pseudo-agent local paths!
[Current_Solution] Updating global solution for agent 11
[Current_Solution] Global solution is consistent after updating with local path
[LNS] Successfully updated global solution with pseudo-agent local paths!
[LNS] Updating path map with new local paths...
[LNS] Successfully updated global solution with local paths and pseudo agents!
[Solve_local_zone] Successfully solved local zone
[Solve_local_zone] Final local zone size: 12 (0.371287% of all walkable positions)
[LNS] Successfully solved local zone
[LNS] Analyzing conflicts...
[LNS] Current solution: vertex collisions=3, edge collisions=3
[LNS] Creating conflict buckets...
[LOCAL ZONE] Building diamond bucket for conflict 0
[LOCAL ZONE] Built diamond bucket for conflict 0 with 15 positions, 2 conflicts, 51 - 51 time window
[LNS] Selected most relevant bucket 0 with time window: 51 - 51, 2 conflicts and 15 positions.
[LNS] Solving the best bucket Local Zone...
[Solve_local_zone] Current local zone size: 15 (0.464109% of all walkable positions)
[Solve_local_zone] Local zone time window: [49, 53]
[Waiting_time_Solve] Agent 0 has waiting time 59
[Waiting_time_Solve] Agent 1 has waiting time 63
[Waiting_time_Solve] Agent 2 has waiting time 58
[Waiting_time_Solve] Agent 3 has waiting time 86
[Waiting_time_Solve] Agent 4 has waiting time 125
[Waiting_time_Solve] Agent 5 has waiting time 96
[Waiting_time_Solve] Agent 6 has waiting time 98
[Waiting_time_Solve] Agent 7 has waiting time 26
[Waiting_time_Solve] Agent 8 has waiting time 93
[Waiting_time_Solve] Agent 9 has waiting time 62
[Waiting_time_Solve] Agent 10 has waiting time 51
[Waiting_time_Solve] Agent 11 has waiting time 24
[Waiting_time_Solve] Agent 12 has waiting time 57
[Waiting_time_Solve] Agent 13 has waiting time 24
[Waiting_time_Solve] Agent 14 has waiting time 0
[Waiting_time_Solve] Agent 15 has waiting time 132
[Waiting_time_Solve] Agent 16 has waiting time 16
[Waiting_time_Solve] Agent 17 has waiting time 88
[Waiting_time_Solve] Agent 18 has waiting time 64
[Waiting_time_Solve] Agent 19 has waiting time 68
[Waiting_time_Solve] Total available waiting time: 1290
[Waiting_time_Solve] Max iterations: 1290
[Waiting_time_Solve] Iteration 0...
[SAT] Start solving CNF: 27 clauses and 15 variables
[SAT] Agent 14 entry time: 49 exit time: 53
[SAT] Agent 9 entry time: 49 exit time: 53
[SAT] Agent 2 entry time: 49 exit time: 53

[SAT] Start time: 49 End time: 53

[SAT] Solving local zone with SAT iteration 1...
[SAT] Local CNF: 27 clauses 

DEBUG: Adding 27 new clauses to MiniSAT (incremental run)
DEBUG: Clause load summary: input=27, added=27, tautologies_skipped=0, duplicates_skipped=0, unit_clauses=15, empties=0, intra_clause_literals_removed=0, added_but_db_unchanged=12
DEBUG: After adding clauses, solver has 0 clauses and 15 variables
DEBUG: MiniSAT found 15 variables
DEBUG: Assignment size: 15
DEBUG: First few assignment values: 1 1 1 1 1 1 1 1 1 1 

=== DEBUG: cnf_assignment_to_paths ===
Input assignment size: 15

=== END DEBUG ===
[SAT] Found 1 vertex collisions and 1 edge collisions
[SAT] Adding collision clauses and solving again...
[SAT] Solving local zone with SAT iteration 2...
[SAT] Local CNF: 29 clauses 

DEBUG: Adding 2 new clauses to MiniSAT (incremental run)
[SAT] Local problem appears to be unsatisfiable in current zone
[Waiting_time_Solve] No solution found, trying to apply waiting time:1
[Waiting_time_Solve] Applying waiting time 1 to agent 9 who has waiting time 62
[Waiting_time_Solve] New path is consistent after applying waiting time for agent 9
[Current_Solution] Agent 9 used 1 waiting timesteps, 61 remaining
[Waiting_time_Solve] Applied 1 waiting time  for agent 9 who has waiting time 61
[Waiting_time_Solve] Applying waiting time 1 to agent 2 who has waiting time 58
[Waiting_time_Solve] New path is consistent after applying waiting time for agent 2
[Current_Solution] Agent 2 used 1 waiting timesteps, 57 remaining
[Waiting_time_Solve] Applied 1 waiting time  for agent 2 who has waiting time 57
[Waiting_time_Solve] ALL Waiting time applied
[Waiting_time_Solve] Extended Zone end time from 53 to 54
[Waiting_time_Solve] Iteration 1...
[SAT] Start solving CNF: 49 clauses and 26 variables
[SAT] Agent 14 entry time: 49 exit time: 54
[SAT] Agent 9 entry time: 49 exit time: 54
[SAT] Agent 2 entry time: 49 exit time: 54

[SAT] Start time: 49 End time: 54

[SAT] Solving local zone with SAT iteration 1...
[SAT] Local CNF: 51 clauses 

DEBUG: Adding 51 new clauses to MiniSAT (incremental run)
DEBUG: Clause load summary: input=51, added=51, tautologies_skipped=0, duplicates_skipped=0, unit_clauses=10, empties=0, intra_clause_literals_removed=0, added_but_db_unchanged=10
DEBUG: After adding clauses, solver has 31 clauses and 26 variables
DEBUG: MiniSAT found 26 variables
DEBUG: Assignment size: 26
DEBUG: First few assignment values: 1 1 1 1 1 1 1 0 1 0 

=== DEBUG: cnf_assignment_to_paths ===
Input assignment size: 26

=== END DEBUG ===
[SAT] Found 1 vertex collisions and 1 edge collisions
[SAT] Adding collision clauses and solving again...
[SAT] Solving local zone with SAT iteration 2...
[SAT] Local CNF: 53 clauses 

DEBUG: Adding 2 new clauses to MiniSAT (incremental run)
[SAT] Local problem appears to be unsatisfiable in current zone
[Waiting_time_Solve] No solution found, trying to apply waiting time:2
[Waiting_time_Solve] Applying waiting time 2 to agent 2 who has waiting time 57
[Waiting_time_Solve] New path is consistent after applying waiting time for agent 2
[Current_Solution] Agent 2 used 2 waiting timesteps, 55 remaining
[Waiting_time_Solve] Applied 2 waiting time  for agent 2 who has waiting time 55
[Waiting_time_Solve] Applying waiting time 2 to agent 9 who has waiting time 61
[Waiting_time_Solve] New path is consistent after applying waiting time for agent 9
[Current_Solution] Agent 9 used 2 waiting timesteps, 59 remaining
[Waiting_time_Solve] Applied 2 waiting time  for agent 9 who has waiting time 59
[Waiting_time_Solve] ALL Waiting time applied
[Waiting_time_Solve] Extended Zone end time from 54 to 56
[Waiting_time_Solve] Iteration 2...
[SAT] Start solving CNF: 199 clauses and 66 variables
[SAT] Agent 14 entry time: 49 exit time: 54
[SAT] Agent 9 entry time: 49 exit time: 56
[SAT] Agent 2 entry time: 49 exit time: 56

[SAT] Start time: 49 End time: 56

[SAT] Solving local zone with SAT iteration 1...
[SAT] Local CNF: 203 clauses 

DEBUG: Adding 203 new clauses to MiniSAT (incremental run)
DEBUG: Clause load summary: input=203, added=203, tautologies_skipped=0, duplicates_skipped=0, unit_clauses=10, empties=0, intra_clause_literals_removed=0, added_but_db_unchanged=15
DEBUG: After adding clauses, solver has 178 clauses and 66 variables
DEBUG: MiniSAT found 66 variables
DEBUG: Assignment size: 66
DEBUG: First few assignment values: 1 1 1 1 1 1 1 0 1 0 

=== DEBUG: cnf_assignment_to_paths ===
Input assignment size: 66

=== END DEBUG ===
[SAT] Found 1 vertex collisions and 1 edge collisions
[SAT] Adding collision clauses and solving again...
[SAT] Solving local zone with SAT iteration 2...
[SAT] Local CNF: 205 clauses 

DEBUG: Adding 2 new clauses to MiniSAT (incremental run)
DEBUG: Clause load summary: input=2, added=2, tautologies_skipped=0, duplicates_skipped=0, unit_clauses=0, empties=0, intra_clause_literals_removed=0, added_but_db_unchanged=1
DEBUG: After adding clauses, solver has 167 clauses and 66 variables
DEBUG: MiniSAT found 66 variables
DEBUG: Assignment size: 66
DEBUG: First few assignment values: 1 1 1 1 1 1 1 0 1 0 

=== DEBUG: cnf_assignment_to_paths ===
Input assignment size: 66

=== END DEBUG ===
[SAT] Found 5 vertex collisions and 2 edge collisions
[SAT] Adding collision clauses and solving again...
[SAT] Solving local zone with SAT iteration 3...
[SAT] Local CNF: 212 clauses 

DEBUG: Adding 7 new clauses to MiniSAT (incremental run)
DEBUG: Clause load summary: input=7, added=7, tautologies_skipped=0, duplicates_skipped=0, unit_clauses=0, empties=0, intra_clause_literals_removed=0, added_but_db_unchanged=0
DEBUG: After adding clauses, solver has 174 clauses and 66 variables
DEBUG: MiniSAT found 66 variables
DEBUG: Assignment size: 66
DEBUG: First few assignment values: 1 1 1 1 1 1 1 1 0 0 

=== DEBUG: cnf_assignment_to_paths ===
Input assignment size: 66

=== END DEBUG ===
[SAT] Found 1 vertex collisions and 0 edge collisions
[SAT] Adding collision clauses and solving again...
[SAT] Solving local zone with SAT iteration 4...
[SAT] Local CNF: 213 clauses 

DEBUG: Adding 1 new clauses to MiniSAT (incremental run)
DEBUG: Clause load summary: input=1, added=1, tautologies_skipped=0, duplicates_skipped=0, unit_clauses=0, empties=0, intra_clause_literals_removed=0, added_but_db_unchanged=1
DEBUG: After adding clauses, solver has 174 clauses and 66 variables
DEBUG: MiniSAT found 66 variables
DEBUG: Assignment size: 66
DEBUG: First few assignment values: 1 1 1 1 1 1 1 1 0 0 

=== DEBUG: cnf_assignment_to_paths ===
Input assignment size: 66

=== END DEBUG ===
[SAT] Found 1 vertex collisions and 0 edge collisions
[SAT] Adding collision clauses and solving again...
[SAT] Solving local zone with SAT iteration 5...
[SAT] Local CNF: 214 clauses 

DEBUG: Adding 1 new clauses to MiniSAT (incremental run)
DEBUG: Clause load summary: input=1, added=1, tautologies_skipped=0, duplicates_skipped=0, unit_clauses=0, empties=0, intra_clause_literals_removed=0, added_but_db_unchanged=0
DEBUG: After adding clauses, solver has 175 clauses and 66 variables
DEBUG: MiniSAT found 66 variables
DEBUG: Assignment size: 66
DEBUG: First few assignment values: 1 1 1 1 1 1 1 1 0 0 

=== DEBUG: cnf_assignment_to_paths ===
Input assignment size: 66

=== END DEBUG ===
[SAT] Found 0 vertex collisions and 0 edge collisions
[SAT] Found collision-free local solution!
[Waiting_time_Solve] Solution found, updating global solution
[LNS] Updating global solution with pseudo-agent local paths...
[Current_Solution] Updating global solution for agent 14
[Current_Solution] INFO: Segment 14 exit adjusted from 53 to 54 due to waiting time
[Current_Solution] Segment 14 lengthened by 1 timesteps; shifting suffix
[Current_Solution] Global solution is consistent before shifting suffix
[Current_Solution] Global solution is consistent after shifting suffix
[Current_Solution] Global solution is consistent after updating with local path
[LNS] Successfully updated global solution with pseudo-agent local paths!
[Current_Solution] Updating global solution for agent 9
[Current_Solution] INFO: Segment 9 exit adjusted from 53 to 56 due to waiting time
[Current_Solution] Segment 9 lengthened by 3 timesteps; shifting suffix
[Current_Solution] Global solution is consistent before shifting suffix
[Current_Solution] Global solution is consistent after shifting suffix
[Current_Solution] Global solution is consistent after updating with local path
[LNS] Successfully updated global solution with pseudo-agent local paths!
[Current_Solution] Updating global solution for agent 2
[Current_Solution] INFO: Segment 2 exit adjusted from 53 to 56 due to waiting time
[Current_Solution] Segment 2 lengthened by 3 timesteps; shifting suffix
[Current_Solution] Global solution is consistent before shifting suffix
[Current_Solution] Global solution is consistent after shifting suffix
[Current_Solution] Global solution is consistent after updating with local path
[LNS] Successfully updated global solution with pseudo-agent local paths!
[LNS] Updating path map with new local paths...
[LNS] Successfully updated global solution with local paths and pseudo agents!
[Solve_local_zone] Successfully solved local zone
[Solve_local_zone] Final local zone size: 15 (0.464109% of all walkable positions)
[LNS] Successfully solved local zone
[LNS] Analyzing conflicts...
[LNS] Current solution: vertex collisions=2, edge collisions=2
[LNS] Creating conflict buckets...
[LOCAL ZONE] Building diamond bucket for conflict 2
[LOCAL ZONE] Built diamond bucket for conflict 2 with 17 positions, 1 conflicts, 62 - 62 time window
[LNS] Selected most relevant bucket 2 with time window: 62 - 62, 1 conflicts and 17 positions.
[LNS] Solving the best bucket Local Zone...
[Solve_local_zone] Current local zone size: 17 (0.52599% of all walkable positions)
[Solve_local_zone] Local zone time window: [60, 64]
[Waiting_time_Solve] Agent 0 has waiting time 59
[Waiting_time_Solve] Agent 1 has waiting time 63
[Waiting_time_Solve] Agent 2 has waiting time 55
[Waiting_time_Solve] Agent 3 has waiting time 86
[Waiting_time_Solve] Agent 4 has waiting time 125
[Waiting_time_Solve] Agent 5 has waiting time 96
[Waiting_time_Solve] Agent 6 has waiting time 98
[Waiting_time_Solve] Agent 7 has waiting time 26
[Waiting_time_Solve] Agent 8 has waiting time 93
[Waiting_time_Solve] Agent 9 has waiting time 59
[Waiting_time_Solve] Agent 10 has waiting time 51
[Waiting_time_Solve] Agent 11 has waiting time 24
[Waiting_time_Solve] Agent 12 has waiting time 57
[Waiting_time_Solve] Agent 13 has waiting time 24
[Waiting_time_Solve] Agent 14 has waiting time 0
[Waiting_time_Solve] Agent 15 has waiting time 132
[Waiting_time_Solve] Agent 16 has waiting time 16
[Waiting_time_Solve] Agent 17 has waiting time 88
[Waiting_time_Solve] Agent 18 has waiting time 64
[Waiting_time_Solve] Agent 19 has waiting time 68
[Waiting_time_Solve] Total available waiting time: 1284
[Waiting_time_Solve] Max iterations: 1284
[Waiting_time_Solve] Iteration 0...
[SAT] Start solving CNF: 24 clauses and 13 variables
[SAT] Agent 14 entry time: 60 exit time: 64
[SAT] Agent 7 entry time: 60 exit time: 64

[SAT] Start time: 60 End time: 64

[SAT] Solving local zone with SAT iteration 1...
[SAT] Local CNF: 24 clauses 

DEBUG: Adding 24 new clauses to MiniSAT (incremental run)
DEBUG: Clause load summary: input=24, added=24, tautologies_skipped=0, duplicates_skipped=0, unit_clauses=7, empties=0, intra_clause_literals_removed=0, added_but_db_unchanged=6
DEBUG: After adding clauses, solver has 11 clauses and 13 variables
DEBUG: MiniSAT found 13 variables
DEBUG: Assignment size: 13
DEBUG: First few assignment values: 1 1 1 1 1 1 0 1 0 1 

=== DEBUG: cnf_assignment_to_paths ===
Input assignment size: 13

=== END DEBUG ===
[SAT] Found 0 vertex collisions and 1 edge collisions
[SAT] Adding collision clauses and solving again...
[SAT] Solving local zone with SAT iteration 2...
[SAT] Local CNF: 25 clauses 

DEBUG: Adding 1 new clauses to MiniSAT (incremental run)
DEBUG: Clause load summary: input=1, added=1, tautologies_skipped=0, duplicates_skipped=0, unit_clauses=0, empties=0, intra_clause_literals_removed=0, added_but_db_unchanged=0
DEBUG: After adding clauses, solver has 12 clauses and 13 variables
DEBUG: MiniSAT found 13 variables
DEBUG: Assignment size: 13
DEBUG: First few assignment values: 1 1 1 1 1 1 1 0 1 0 

=== DEBUG: cnf_assignment_to_paths ===
Input assignment size: 13

=== END DEBUG ===
[SAT] Found 0 vertex collisions and 0 edge collisions
[SAT] Found collision-free local solution!
[Waiting_time_Solve] Solution found, updating global solution
[LNS] Updating global solution with pseudo-agent local paths...
[Current_Solution] Updating global solution for agent 14
[Current_Solution] Global solution is consistent after updating with local path
[LNS] Successfully updated global solution with pseudo-agent local paths!
[Current_Solution] Updating global solution for agent 7
[Current_Solution] Global solution is consistent after updating with local path
[LNS] Successfully updated global solution with pseudo-agent local paths!
[LNS] Updating path map with new local paths...
[LNS] Successfully updated global solution with local paths and pseudo agents!
[Solve_local_zone] Successfully solved local zone
[Solve_local_zone] Final local zone size: 17 (0.52599% of all walkable positions)
[LNS] Successfully solved local zone
[LNS] Analyzing conflicts...
[LNS] Current solution: vertex collisions=2, edge collisions=1
[LNS] Creating conflict buckets...
[LOCAL ZONE] Building diamond bucket for conflict 2
[LOCAL ZONE] Built diamond bucket for conflict 2 with 18 positions, 1 conflicts, 65 - 65 time window
[LNS] Selected most relevant bucket 2 with time window: 65 - 65, 1 conflicts and 18 positions.
[LNS] Solving the best bucket Local Zone...
[Solve_local_zone] Current local zone size: 18 (0.556931% of all walkable positions)
[Solve_local_zone] Local zone time window: [63, 67]
[Waiting_time_Solve] Agent 0 has waiting time 59
[Waiting_time_Solve] Agent 1 has waiting time 63
[Waiting_time_Solve] Agent 2 has waiting time 55
[Waiting_time_Solve] Agent 3 has waiting time 86
[Waiting_time_Solve] Agent 4 has waiting time 125
[Waiting_time_Solve] Agent 5 has waiting time 96
[Waiting_time_Solve] Agent 6 has waiting time 98
[Waiting_time_Solve] Agent 7 has waiting time 26
[Waiting_time_Solve] Agent 8 has waiting time 93
[Waiting_time_Solve] Agent 9 has waiting time 59
[Waiting_time_Solve] Agent 10 has waiting time 51
[Waiting_time_Solve] Agent 11 has waiting time 24
[Waiting_time_Solve] Agent 12 has waiting time 57
[Waiting_time_Solve] Agent 13 has waiting time 24
[Waiting_time_Solve] Agent 14 has waiting time 0
[Waiting_time_Solve] Agent 15 has waiting time 132
[Waiting_time_Solve] Agent 16 has waiting time 16
[Waiting_time_Solve] Agent 17 has waiting time 88
[Waiting_time_Solve] Agent 18 has waiting time 64
[Waiting_time_Solve] Agent 19 has waiting time 68
[Waiting_time_Solve] Total available waiting time: 1284
[Waiting_time_Solve] Max iterations: 1284
[Waiting_time_Solve] Iteration 0...
[SAT] Start solving CNF: 18 clauses and 10 variables
[SAT] Agent 16 entry time: 63 exit time: 67
[SAT] Agent 0 entry time: 63 exit time: 67

[SAT] Start time: 63 End time: 67

[SAT] Solving local zone with SAT iteration 1...
[SAT] Local CNF: 18 clauses 

DEBUG: Adding 18 new clauses to MiniSAT (incremental run)
DEBUG: Clause load summary: input=18, added=18, tautologies_skipped=0, duplicates_skipped=0, unit_clauses=10, empties=0, intra_clause_literals_removed=0, added_but_db_unchanged=8
DEBUG: After adding clauses, solver has 0 clauses and 10 variables
DEBUG: MiniSAT found 10 variables
DEBUG: Assignment size: 10
DEBUG: First few assignment values: 1 1 1 1 1 1 1 1 1 1 

=== DEBUG: cnf_assignment_to_paths ===
Input assignment size: 10

=== END DEBUG ===
[SAT] Found 0 vertex collisions and 1 edge collisions
[SAT] Adding collision clauses and solving again...
[SAT] Solving local zone with SAT iteration 2...
[SAT] Local CNF: 19 clauses 

DEBUG: Adding 1 new clauses to MiniSAT (incremental run)
[SAT] Local problem appears to be unsatisfiable in current zone
[Waiting_time_Solve] No solution found, trying to apply waiting time:1
[Waiting_time_Solve] Applying waiting time 1 to agent 0 who has waiting time 59
[Waiting_time_Solve] New path is consistent after applying waiting time for agent 0
[Current_Solution] Agent 0 used 1 waiting timesteps, 58 remaining
[Waiting_time_Solve] Applied 1 waiting time  for agent 0 who has waiting time 58
[Waiting_time_Solve] ALL Waiting time applied
[Waiting_time_Solve] Extended Zone end time from 67 to 68
[Waiting_time_Solve] Iteration 1...
[SAT] Start solving CNF: 30 clauses and 16 variables
[SAT] Agent 16 entry time: 63 exit time: 68
[SAT] Agent 0 entry time: 63 exit time: 68

[SAT] Start time: 63 End time: 68

[SAT] Solving local zone with SAT iteration 1...
[SAT] Local CNF: 31 clauses 

DEBUG: Adding 31 new clauses to MiniSAT (incremental run)
DEBUG: Clause load summary: input=31, added=31, tautologies_skipped=0, duplicates_skipped=0, unit_clauses=8, empties=0, intra_clause_literals_removed=0, added_but_db_unchanged=7
DEBUG: After adding clauses, solver has 16 clauses and 16 variables
DEBUG: MiniSAT found 16 variables
DEBUG: Assignment size: 16
DEBUG: First few assignment values: 1 1 1 1 1 1 1 0 1 0 

=== DEBUG: cnf_assignment_to_paths ===
Input assignment size: 16

=== END DEBUG ===
[SAT] Found 1 vertex collisions and 0 edge collisions
[SAT] Adding collision clauses and solving again...
[SAT] Solving local zone with SAT iteration 2...
[SAT] Local CNF: 32 clauses 

DEBUG: Adding 1 new clauses to MiniSAT (incremental run)
[SAT] Local problem appears to be unsatisfiable in current zone
[Waiting_time_Solve] No solution found, trying to apply waiting time:2
[Waiting_time_Solve] Applying waiting time 2 to agent 0 who has waiting time 58
[Waiting_time_Solve] New path is consistent after applying waiting time for agent 0
[Current_Solution] Agent 0 used 2 waiting timesteps, 56 remaining
[Waiting_time_Solve] Applied 2 waiting time  for agent 0 who has waiting time 56
[Waiting_time_Solve] ALL Waiting time applied
[Waiting_time_Solve] Extended Zone end time from 68 to 70
[Waiting_time_Solve] Iteration 2...
[SAT] Start solving CNF: 161 clauses and 44 variables
[SAT] Agent 16 entry time: 63 exit time: 68
[SAT] Agent 0 entry time: 63 exit time: 70

[SAT] Start time: 63 End time: 70

[SAT] Solving local zone with SAT iteration 1...
[SAT] Local CNF: 163 clauses 

DEBUG: Adding 163 new clauses to MiniSAT (incremental run)
DEBUG: Clause load summary: input=163, added=163, tautologies_skipped=0, duplicates_skipped=0, unit_clauses=8, empties=0, intra_clause_literals_removed=0, added_but_db_unchanged=11
DEBUG: After adding clauses, solver has 144 clauses and 44 variables
DEBUG: MiniSAT found 44 variables
DEBUG: Assignment size: 44
DEBUG: First few assignment values: 1 1 1 1 1 1 1 0 1 1 

=== DEBUG: cnf_assignment_to_paths ===
Input assignment size: 44

=== END DEBUG ===
[SAT] Found 0 vertex collisions and 1 edge collisions
[SAT] Adding collision clauses and solving again...
[SAT] Solving local zone with SAT iteration 2...
[SAT] Local CNF: 164 clauses 

DEBUG: Adding 1 new clauses to MiniSAT (incremental run)
DEBUG: Clause load summary: input=1, added=1, tautologies_skipped=0, duplicates_skipped=0, unit_clauses=0, empties=0, intra_clause_literals_removed=0, added_but_db_unchanged=0
DEBUG: After adding clauses, solver has 137 clauses and 44 variables
DEBUG: MiniSAT found 44 variables
DEBUG: Assignment size: 44
DEBUG: First few assignment values: 1 1 1 1 1 1 1 0 1 1 

=== DEBUG: cnf_assignment_to_paths ===
Input assignment size: 44

=== END DEBUG ===
[SAT] Found 1 vertex collisions and 0 edge collisions
[SAT] Adding collision clauses and solving again...
[SAT] Solving local zone with SAT iteration 3...
[SAT] Local CNF: 165 clauses 

DEBUG: Adding 1 new clauses to MiniSAT (incremental run)
DEBUG: Clause load summary: input=1, added=1, tautologies_skipped=0, duplicates_skipped=0, unit_clauses=0, empties=0, intra_clause_literals_removed=0, added_but_db_unchanged=1
DEBUG: After adding clauses, solver has 137 clauses and 44 variables
DEBUG: MiniSAT found 44 variables
DEBUG: Assignment size: 44
DEBUG: First few assignment values: 1 1 1 1 1 1 1 0 1 0 

=== DEBUG: cnf_assignment_to_paths ===
Input assignment size: 44

=== END DEBUG ===
[SAT] Found 0 vertex collisions and 0 edge collisions
[SAT] Found collision-free local solution!
[Waiting_time_Solve] Solution found, updating global solution
[LNS] Updating global solution with pseudo-agent local paths...
[Current_Solution] Updating global solution for agent 16
[Current_Solution] INFO: Segment 16 exit adjusted from 67 to 68 due to waiting time
[Current_Solution] Segment 16 lengthened by 1 timesteps; shifting suffix
[Current_Solution] Global solution is consistent before shifting suffix
[Current_Solution] Global solution is consistent after shifting suffix
[Current_Solution] Global solution is consistent after updating with local path
[LNS] Successfully updated global solution with pseudo-agent local paths!
[Current_Solution] Updating global solution for agent 0
[Current_Solution] INFO: Segment 0 exit adjusted from 67 to 70 due to waiting time
[Current_Solution] Segment 0 lengthened by 3 timesteps; shifting suffix
[Current_Solution] Global solution is consistent before shifting suffix
[Current_Solution] Global solution is consistent after shifting suffix
[Current_Solution] Global solution is consistent after updating with local path
[LNS] Successfully updated global solution with pseudo-agent local paths!
[LNS] Updating path map with new local paths...
[LNS] Successfully updated global solution with local paths and pseudo agents!
[Solve_local_zone] Successfully solved local zone
[Solve_local_zone] Final local zone size: 18 (0.556931% of all walkable positions)
[LNS] Successfully solved local zone
[LNS] Analyzing conflicts...
[LNS] Current solution: vertex collisions=2, edge collisions=0
[LNS] Creating conflict buckets...
[LOCAL ZONE] Building diamond bucket for conflict 0
[LOCAL ZONE] Built diamond bucket for conflict 0 with 11 positions, 1 conflicts, 70 - 70 time window
[LNS] Selected most relevant bucket 0 with time window: 70 - 70, 1 conflicts and 11 positions.
[LNS] Solving the best bucket Local Zone...
[Solve_local_zone] Current local zone size: 11 (0.340347% of all walkable positions)
[Solve_local_zone] Local zone time window: [68, 72]
[Waiting_time_Solve] Agent 0 has waiting time 56
[Waiting_time_Solve] Agent 1 has waiting time 63
[Waiting_time_Solve] Agent 2 has waiting time 55
[Waiting_time_Solve] Agent 3 has waiting time 86
[Waiting_time_Solve] Agent 4 has waiting time 125
[Waiting_time_Solve] Agent 5 has waiting time 96
[Waiting_time_Solve] Agent 6 has waiting time 98
[Waiting_time_Solve] Agent 7 has waiting time 26
[Waiting_time_Solve] Agent 8 has waiting time 93
[Waiting_time_Solve] Agent 9 has waiting time 59
[Waiting_time_Solve] Agent 10 has waiting time 51
[Waiting_time_Solve] Agent 11 has waiting time 24
[Waiting_time_Solve] Agent 12 has waiting time 57
[Waiting_time_Solve] Agent 13 has waiting time 24
[Waiting_time_Solve] Agent 14 has waiting time 0
[Waiting_time_Solve] Agent 15 has waiting time 132
[Waiting_time_Solve] Agent 16 has waiting time 16
[Waiting_time_Solve] Agent 17 has waiting time 88
[Waiting_time_Solve] Agent 18 has waiting time 64
[Waiting_time_Solve] Agent 19 has waiting time 68
[Waiting_time_Solve] Total available waiting time: 1281
[Waiting_time_Solve] Max iterations: 1281
[Waiting_time_Solve] Iteration 0...
[SAT] Start solving CNF: 18 clauses and 10 variables
[SAT] Agent 16 entry time: 68 exit time: 72
[SAT] Agent 13 entry time: 68 exit time: 72

[SAT] Start time: 68 End time: 72

[SAT] Solving local zone with SAT iteration 1...
[SAT] Local CNF: 18 clauses 

DEBUG: Adding 18 new clauses to MiniSAT (incremental run)
DEBUG: Clause load summary: input=18, added=18, tautologies_skipped=0, duplicates_skipped=0, unit_clauses=10, empties=0, intra_clause_literals_removed=0, added_but_db_unchanged=8
DEBUG: After adding clauses, solver has 0 clauses and 10 variables
DEBUG: MiniSAT found 10 variables
DEBUG: Assignment size: 10
DEBUG: First few assignment values: 1 1 1 1 1 1 1 1 1 1 

=== DEBUG: cnf_assignment_to_paths ===
Input assignment size: 10

=== END DEBUG ===
[SAT] Found 1 vertex collisions and 0 edge collisions
[SAT] Adding collision clauses and solving again...
[SAT] Solving local zone with SAT iteration 2...
[SAT] Local CNF: 19 clauses 

DEBUG: Adding 1 new clauses to MiniSAT (incremental run)
[SAT] Local problem appears to be unsatisfiable in current zone
[Waiting_time_Solve] No solution found, trying to apply waiting time:1
[Waiting_time_Solve] Applying waiting time 1 to agent 13 who has waiting time 24
[Waiting_time_Solve] New path is consistent after applying waiting time for agent 13
[Current_Solution] Agent 13 used 1 waiting timesteps, 23 remaining
[Waiting_time_Solve] Applied 1 waiting time  for agent 13 who has waiting time 23
[Waiting_time_Solve] ALL Waiting time applied
[Waiting_time_Solve] Extended Zone end time from 72 to 73
[Waiting_time_Solve] Iteration 1...
[SAT] Start solving CNF: 28 clauses and 15 variables
[SAT] Agent 16 entry time: 68 exit time: 72
[SAT] Agent 13 entry time: 68 exit time: 73

[SAT] Start time: 68 End time: 73

[SAT] Solving local zone with SAT iteration 1...
[SAT] Local CNF: 29 clauses 

DEBUG: Adding 29 new clauses to MiniSAT (incremental run)
DEBUG: Clause load summary: input=29, added=29, tautologies_skipped=0, duplicates_skipped=0, unit_clauses=7, empties=0, intra_clause_literals_removed=0, added_but_db_unchanged=7
DEBUG: After adding clauses, solver has 15 clauses and 15 variables
DEBUG: MiniSAT found 15 variables
DEBUG: Assignment size: 15
DEBUG: First few assignment values: 1 1 1 1 1 1 0 1 0 1 

=== DEBUG: cnf_assignment_to_paths ===
Input assignment size: 15

=== END DEBUG ===
[SAT] Found 0 vertex collisions and 1 edge collisions
[SAT] Adding collision clauses and solving again...
[SAT] Solving local zone with SAT iteration 2...
[SAT] Local CNF: 30 clauses 

DEBUG: Adding 1 new clauses to MiniSAT (incremental run)
[SAT] Local problem appears to be unsatisfiable in current zone
[Waiting_time_Solve] No solution found, trying to apply waiting time:2
[Waiting_time_Solve] Applying waiting time 2 to agent 13 who has waiting time 23
[Waiting_time_Solve] New path is consistent after applying waiting time for agent 13
[Current_Solution] Agent 13 used 2 waiting timesteps, 21 remaining
[Waiting_time_Solve] Applied 2 waiting time  for agent 13 who has waiting time 21
[Waiting_time_Solve] ALL Waiting time applied
[Waiting_time_Solve] Extended Zone end time from 73 to 75
[Waiting_time_Solve] Iteration 2...
[SAT] Start solving CNF: 102 clauses and 33 variables
[SAT] Agent 16 entry time: 68 exit time: 72
[SAT] Agent 13 entry time: 68 exit time: 75

[SAT] Start time: 68 End time: 75

[SAT] Solving local zone with SAT iteration 1...
[SAT] Local CNF: 104 clauses 

DEBUG: Adding 104 new clauses to MiniSAT (incremental run)
DEBUG: Clause load summary: input=104, added=104, tautologies_skipped=0, duplicates_skipped=0, unit_clauses=7, empties=0, intra_clause_literals_removed=0, added_but_db_unchanged=7
DEBUG: After adding clauses, solver has 90 clauses and 33 variables
DEBUG: MiniSAT found 33 variables
DEBUG: Assignment size: 33
DEBUG: First few assignment values: 1 1 1 1 1 1 0 1 1 0 

=== DEBUG: cnf_assignment_to_paths ===
Input assignment size: 33

=== END DEBUG ===
[SAT] Found 1 vertex collisions and 0 edge collisions
[SAT] Adding collision clauses and solving again...
[SAT] Solving local zone with SAT iteration 2...
[SAT] Local CNF: 105 clauses 

DEBUG: Adding 1 new clauses to MiniSAT (incremental run)
DEBUG: Clause load summary: input=1, added=1, tautologies_skipped=0, duplicates_skipped=0, unit_clauses=0, empties=0, intra_clause_literals_removed=0, added_but_db_unchanged=1
DEBUG: After adding clauses, solver has 87 clauses and 33 variables
DEBUG: MiniSAT found 33 variables
DEBUG: Assignment size: 33
DEBUG: First few assignment values: 1 1 1 1 1 1 0 1 1 0 

=== DEBUG: cnf_assignment_to_paths ===
Input assignment size: 33

=== END DEBUG ===
[SAT] Found 0 vertex collisions and 1 edge collisions
[SAT] Adding collision clauses and solving again...
[SAT] Solving local zone with SAT iteration 3...
[SAT] Local CNF: 106 clauses 

DEBUG: Adding 1 new clauses to MiniSAT (incremental run)
DEBUG: Clause load summary: input=1, added=1, tautologies_skipped=0, duplicates_skipped=0, unit_clauses=0, empties=0, intra_clause_literals_removed=0, added_but_db_unchanged=0
DEBUG: After adding clauses, solver has 88 clauses and 33 variables
[SAT] Local problem appears to be unsatisfiable in current zone
[Waiting_time_Solve] No solution found, trying to apply waiting time:3
[Waiting_time_Solve] Applying waiting time 3 to agent 13 who has waiting time 21
[Waiting_time_Solve] New path is consistent after applying waiting time for agent 13
[Current_Solution] Agent 13 used 3 waiting timesteps, 18 remaining
[Waiting_time_Solve] Applied 3 waiting time  for agent 13 who has waiting time 18
[Waiting_time_Solve] ALL Waiting time applied
[Waiting_time_Solve] Extended Zone end time from 75 to 78
[Waiting_time_Solve] Iteration 3...
[SAT] Start solving CNF: 303 clauses and 66 variables
[SAT] Agent 16 entry time: 68 exit time: 72
[SAT] Agent 13 entry time: 68 exit time: 78

[SAT] Start time: 68 End time: 78

[SAT] Solving local zone with SAT iteration 1...
[SAT] Local CNF: 307 clauses 

DEBUG: Adding 307 new clauses to MiniSAT (incremental run)
DEBUG: Clause load summary: input=307, added=307, tautologies_skipped=0, duplicates_skipped=0, unit_clauses=7, empties=0, intra_clause_literals_removed=0, added_but_db_unchanged=8
DEBUG: After adding clauses, solver has 292 clauses and 66 variables
DEBUG: MiniSAT found 66 variables
DEBUG: Assignment size: 66
DEBUG: First few assignment values: 1 1 1 1 1 1 0 1 1 0 

=== DEBUG: cnf_assignment_to_paths ===
Input assignment size: 66

=== END DEBUG ===
[SAT] Found 1 vertex collisions and 0 edge collisions
[SAT] Adding collision clauses and solving again...
[SAT] Solving local zone with SAT iteration 2...
[SAT] Local CNF: 308 clauses 

DEBUG: Adding 1 new clauses to MiniSAT (incremental run)
DEBUG: Clause load summary: input=1, added=1, tautologies_skipped=0, duplicates_skipped=0, unit_clauses=0, empties=0, intra_clause_literals_removed=0, added_but_db_unchanged=1
DEBUG: After adding clauses, solver has 283 clauses and 66 variables
[SAT] Local problem appears to be unsatisfiable in current zone
[Waiting_time_Solve] No solution found, trying to apply waiting time:4
[Waiting_time_Solve] Applying waiting time 4 to agent 13 who has waiting time 18
[Waiting_time_Solve] New path is consistent after applying waiting time for agent 13
[Current_Solution] Agent 13 used 4 waiting timesteps, 14 remaining
[Waiting_time_Solve] Applied 4 waiting time  for agent 13 who has waiting time 14
[Waiting_time_Solve] ALL Waiting time applied
[Waiting_time_Solve] Extended Zone end time from 78 to 82
[Waiting_time_Solve] Iteration 4...
[SAT] Start solving CNF: 571 clauses and 110 variables
[SAT] Agent 16 entry time: 68 exit time: 72
[SAT] Agent 13 entry time: 68 exit time: 82

[SAT] Start time: 68 End time: 82

[SAT] Solving local zone with SAT iteration 1...
[SAT] Local CNF: 576 clauses 

DEBUG: Adding 576 new clauses to MiniSAT (incremental run)
DEBUG: Clause load summary: input=576, added=576, tautologies_skipped=0, duplicates_skipped=0, unit_clauses=7, empties=0, intra_clause_literals_removed=0, added_but_db_unchanged=9
DEBUG: After adding clauses, solver has 560 clauses and 110 variables
[SAT] Local problem appears to be unsatisfiable in current zone
[Waiting_time_Solve] No solution found, trying to apply waiting time:5
[Waiting_time_Solve] No waiting time applied
[Waiting_time_Solve] No solution found
[Waiting_time_Solve] Restoring original paths
[Waiting_time_Solve] Restoring waiting times
[Current_Solution] Restored waiting times from backup
[Current_Solution] Restored paths from backup
[Solve_local_zone] Zone with expansion factor 0failed
[Solve_local_zone] Expanding zone with offset 3 (original: 2)
[Solve_local_zone] Final expanded zone contains 20 positions with 1 conflicts 
[Solve_local_zone] New time window: [67, 73]
[Solve_local_zone] Current local zone size: 20 (0.618812% of all walkable positions)
[Solve_local_zone] Local zone time window: [67, 73]
[Waiting_time_Solve] Agent 0 has waiting time 56
[Waiting_time_Solve] Agent 1 has waiting time 63
[Waiting_time_Solve] Agent 2 has waiting time 55
[Waiting_time_Solve] Agent 3 has waiting time 86
[Waiting_time_Solve] Agent 4 has waiting time 125
[Waiting_time_Solve] Agent 5 has waiting time 96
[Waiting_time_Solve] Agent 6 has waiting time 98
[Waiting_time_Solve] Agent 7 has waiting time 26
[Waiting_time_Solve] Agent 8 has waiting time 93
[Waiting_time_Solve] Agent 9 has waiting time 59
[Waiting_time_Solve] Agent 10 has waiting time 51
[Waiting_time_Solve] Agent 11 has waiting time 24
[Waiting_time_Solve] Agent 12 has waiting time 57
[Waiting_time_Solve] Agent 13 has waiting time 24
[Waiting_time_Solve] Agent 14 has waiting time 0
[Waiting_time_Solve] Agent 15 has waiting time 132
[Waiting_time_Solve] Agent 16 has waiting time 16
[Waiting_time_Solve] Agent 17 has waiting time 88
[Waiting_time_Solve] Agent 18 has waiting time 64
[Waiting_time_Solve] Agent 19 has waiting time 68
[Waiting_time_Solve] Total available waiting time: 1281
[Waiting_time_Solve] Max iterations: 1281
[Waiting_time_Solve] Iteration 0...
[SAT] Start solving CNF: 26 clauses and 14 variables
[SAT] Agent 16 entry time: 67 exit time: 73
[SAT] Agent 13 entry time: 67 exit time: 73

[SAT] Start time: 67 End time: 73

[SAT] Solving local zone with SAT iteration 1...
[SAT] Local CNF: 26 clauses 

DEBUG: Adding 26 new clauses to MiniSAT (incremental run)
DEBUG: Clause load summary: input=26, added=26, tautologies_skipped=0, duplicates_skipped=0, unit_clauses=14, empties=0, intra_clause_literals_removed=0, added_but_db_unchanged=12
DEBUG: After adding clauses, solver has 0 clauses and 14 variables
DEBUG: MiniSAT found 14 variables
DEBUG: Assignment size: 14
DEBUG: First few assignment values: 1 1 1 1 1 1 1 1 1 1 

=== DEBUG: cnf_assignment_to_paths ===
Input assignment size: 14

=== END DEBUG ===
[SAT] Found 1 vertex collisions and 0 edge collisions
[SAT] Adding collision clauses and solving again...
[SAT] Solving local zone with SAT iteration 2...
[SAT] Local CNF: 27 clauses 

DEBUG: Adding 1 new clauses to MiniSAT (incremental run)
[SAT] Local problem appears to be unsatisfiable in current zone
[Waiting_time_Solve] No solution found, trying to apply waiting time:1
[Waiting_time_Solve] Applying waiting time 1 to agent 13 who has waiting time 24
[Waiting_time_Solve] New path is consistent after applying waiting time for agent 13
[Current_Solution] Agent 13 used 1 waiting timesteps, 23 remaining
[Waiting_time_Solve] Applied 1 waiting time  for agent 13 who has waiting time 23
[Waiting_time_Solve] ALL Waiting time applied
[Waiting_time_Solve] Extended Zone end time from 73 to 74
[Waiting_time_Solve] Iteration 1...
[SAT] Start solving CNF: 40 clauses and 21 variables
[SAT] Agent 16 entry time: 67 exit time: 73
[SAT] Agent 13 entry time: 67 exit time: 74

[SAT] Start time: 67 End time: 74

[SAT] Solving local zone with SAT iteration 1...
[SAT] Local CNF: 41 clauses 

DEBUG: Adding 41 new clauses to MiniSAT (incremental run)
DEBUG: Clause load summary: input=41, added=41, tautologies_skipped=0, duplicates_skipped=0, unit_clauses=9, empties=0, intra_clause_literals_removed=0, added_but_db_unchanged=9
DEBUG: After adding clauses, solver has 23 clauses and 21 variables
DEBUG: MiniSAT found 21 variables
DEBUG: Assignment size: 21
DEBUG: First few assignment values: 1 1 1 1 1 1 1 1 0 1 

=== DEBUG: cnf_assignment_to_paths ===
Input assignment size: 21

=== END DEBUG ===
[SAT] Found 0 vertex collisions and 1 edge collisions
[SAT] Adding collision clauses and solving again...
[SAT] Solving local zone with SAT iteration 2...
[SAT] Local CNF: 42 clauses 

DEBUG: Adding 1 new clauses to MiniSAT (incremental run)
[SAT] Local problem appears to be unsatisfiable in current zone
[Waiting_time_Solve] No solution found, trying to apply waiting time:2
[Waiting_time_Solve] Applying waiting time 2 to agent 13 who has waiting time 23
[Waiting_time_Solve] New path is consistent after applying waiting time for agent 13
[Current_Solution] Agent 13 used 2 waiting timesteps, 21 remaining
[Waiting_time_Solve] Applied 2 waiting time  for agent 13 who has waiting time 21
[Waiting_time_Solve] ALL Waiting time applied
[Waiting_time_Solve] Extended Zone end time from 74 to 76
[Waiting_time_Solve] Iteration 2...
[SAT] Start solving CNF: 174 clauses and 51 variables
[SAT] Agent 16 entry time: 67 exit time: 73
[SAT] Agent 13 entry time: 67 exit time: 76

[SAT] Start time: 67 End time: 76

[SAT] Solving local zone with SAT iteration 1...
[SAT] Local CNF: 176 clauses 

DEBUG: Adding 176 new clauses to MiniSAT (incremental run)
DEBUG: Clause load summary: input=176, added=176, tautologies_skipped=0, duplicates_skipped=0, unit_clauses=9, empties=0, intra_clause_literals_removed=0, added_but_db_unchanged=9
DEBUG: After adding clauses, solver has 158 clauses and 51 variables
DEBUG: MiniSAT found 51 variables
DEBUG: Assignment size: 51
DEBUG: First few assignment values: 1 1 1 1 1 1 1 1 0 1 

=== DEBUG: cnf_assignment_to_paths ===
Input assignment size: 51

=== END DEBUG ===
[SAT] Found 1 vertex collisions and 0 edge collisions
[SAT] Adding collision clauses and solving again...
[SAT] Solving local zone with SAT iteration 2...
[SAT] Local CNF: 177 clauses 

DEBUG: Adding 1 new clauses to MiniSAT (incremental run)
DEBUG: Clause load summary: input=1, added=1, tautologies_skipped=0, duplicates_skipped=0, unit_clauses=0, empties=0, intra_clause_literals_removed=0, added_but_db_unchanged=1
DEBUG: After adding clauses, solver has 152 clauses and 51 variables
DEBUG: MiniSAT found 51 variables
DEBUG: Assignment size: 51
DEBUG: First few assignment values: 1 1 1 1 1 1 1 1 0 1 

=== DEBUG: cnf_assignment_to_paths ===
Input assignment size: 51

=== END DEBUG ===
[SAT] Found 0 vertex collisions and 1 edge collisions
[SAT] Adding collision clauses and solving again...
[SAT] Solving local zone with SAT iteration 3...
[SAT] Local CNF: 178 clauses 

DEBUG: Adding 1 new clauses to MiniSAT (incremental run)
[SAT] Local problem appears to be unsatisfiable in current zone
[Waiting_time_Solve] No solution found, trying to apply waiting time:3
[Waiting_time_Solve] Applying waiting time 3 to agent 13 who has waiting time 21
[Waiting_time_Solve] New path is consistent after applying waiting time for agent 13
[Current_Solution] Agent 13 used 3 waiting timesteps, 18 remaining
[Waiting_time_Solve] Applied 3 waiting time  for agent 13 who has waiting time 18
[Waiting_time_Solve] ALL Waiting time applied
[Waiting_time_Solve] Extended Zone end time from 76 to 79
[Waiting_time_Solve] Iteration 3...
[SAT] Start solving CNF: 707 clauses and 109 variables
[SAT] Agent 16 entry time: 67 exit time: 73
[SAT] Agent 13 entry time: 67 exit time: 79

[SAT] Start time: 67 End time: 79

[SAT] Solving local zone with SAT iteration 1...
[SAT] Local CNF: 711 clauses 

DEBUG: Adding 711 new clauses to MiniSAT (incremental run)
DEBUG: Clause load summary: input=711, added=711, tautologies_skipped=0, duplicates_skipped=0, unit_clauses=9, empties=0, intra_clause_literals_removed=0, added_but_db_unchanged=10
DEBUG: After adding clauses, solver has 692 clauses and 109 variables
DEBUG: MiniSAT found 109 variables
DEBUG: Assignment size: 109
DEBUG: First few assignment values: 1 1 1 1 1 1 1 1 0 1 

=== DEBUG: cnf_assignment_to_paths ===
Input assignment size: 109

=== END DEBUG ===
[SAT] Found 1 vertex collisions and 0 edge collisions
[SAT] Adding collision clauses and solving again...
[SAT] Solving local zone with SAT iteration 2...
[SAT] Local CNF: 712 clauses 

DEBUG: Adding 1 new clauses to MiniSAT (incremental run)
DEBUG: Clause load summary: input=1, added=1, tautologies_skipped=0, duplicates_skipped=0, unit_clauses=0, empties=0, intra_clause_literals_removed=0, added_but_db_unchanged=1
DEBUG: After adding clauses, solver has 677 clauses and 109 variables
DEBUG: MiniSAT found 109 variables
DEBUG: Assignment size: 109
DEBUG: First few assignment values: 1 1 1 1 1 1 1 1 0 1 

=== DEBUG: cnf_assignment_to_paths ===
Input assignment size: 109

=== END DEBUG ===
[SAT] Found 0 vertex collisions and 0 edge collisions
[SAT] Found collision-free local solution!
[Waiting_time_Solve] Solution found, updating global solution
[LNS] Updating global solution with pseudo-agent local paths...
[Current_Solution] Updating global solution for agent 16
[Current_Solution] Global solution is consistent after updating with local path
[LNS] Successfully updated global solution with pseudo-agent local paths!
[Current_Solution] Updating global solution for agent 13
[Current_Solution] INFO: Segment 13 exit adjusted from 73 to 79 due to waiting time
[Current_Solution] Segment 13 lengthened by 6 timesteps; shifting suffix
[Current_Solution] Global solution is consistent before shifting suffix
[Current_Solution] Global solution is consistent after shifting suffix
[Current_Solution] Global solution is consistent after updating with local path
[LNS] Successfully updated global solution with pseudo-agent local paths!
[LNS] Updating path map with new local paths...
[LNS] Successfully updated global solution with local paths and pseudo agents!
[Solve_local_zone] Successfully solved local zone
[Solve_local_zone] Final local zone size: 20 (0.618812% of all walkable positions)
[LNS] Successfully solved local zone
[LNS] Analyzing conflicts...
[LNS] Current solution: vertex collisions=1, edge collisions=0
[LNS] Creating conflict buckets...
[LOCAL ZONE] Building diamond bucket for conflict 0
[LOCAL ZONE] Built diamond bucket for conflict 0 with 12 positions, 1 conflicts, 78 - 78 time window
[LNS] Selected most relevant bucket 0 with time window: 78 - 78, 1 conflicts and 12 positions.
[LNS] Solving the best bucket Local Zone...
[Solve_local_zone] Current local zone size: 12 (0.371287% of all walkable positions)
[Solve_local_zone] Local zone time window: [76, 80]
[Waiting_time_Solve] Agent 0 has waiting time 56
[Waiting_time_Solve] Agent 1 has waiting time 63
[Waiting_time_Solve] Agent 2 has waiting time 55
[Waiting_time_Solve] Agent 3 has waiting time 86
[Waiting_time_Solve] Agent 4 has waiting time 125
[Waiting_time_Solve] Agent 5 has waiting time 96
[Waiting_time_Solve] Agent 6 has waiting time 98
[Waiting_time_Solve] Agent 7 has waiting time 26
[Waiting_time_Solve] Agent 8 has waiting time 93
[Waiting_time_Solve] Agent 9 has waiting time 59
[Waiting_time_Solve] Agent 10 has waiting time 51
[Waiting_time_Solve] Agent 11 has waiting time 24
[Waiting_time_Solve] Agent 12 has waiting time 57
[Waiting_time_Solve] Agent 13 has waiting time 18
[Waiting_time_Solve] Agent 14 has waiting time 0
[Waiting_time_Solve] Agent 15 has waiting time 132
[Waiting_time_Solve] Agent 16 has waiting time 16
[Waiting_time_Solve] Agent 17 has waiting time 88
[Waiting_time_Solve] Agent 18 has waiting time 64
[Waiting_time_Solve] Agent 19 has waiting time 68
[Waiting_time_Solve] Total available waiting time: 1275
[Waiting_time_Solve] Max iterations: 1275
[Waiting_time_Solve] Iteration 0...
[SAT] Start solving CNF: 22 clauses and 12 variables
[SAT] Agent 16 entry time: 76 exit time: 80
[SAT] Agent 14 entry time: 76 exit time: 80

[SAT] Start time: 76 End time: 80

[SAT] Solving local zone with SAT iteration 1...
[SAT] Local CNF: 22 clauses 

DEBUG: Adding 22 new clauses to MiniSAT (incremental run)
DEBUG: Clause load summary: input=22, added=22, tautologies_skipped=0, duplicates_skipped=0, unit_clauses=8, empties=0, intra_clause_literals_removed=0, added_but_db_unchanged=7
DEBUG: After adding clauses, solver has 7 clauses and 12 variables
DEBUG: MiniSAT found 12 variables
DEBUG: Assignment size: 12
DEBUG: First few assignment values: 1 1 1 1 1 1 1 0 1 0 

=== DEBUG: cnf_assignment_to_paths ===
Input assignment size: 12

=== END DEBUG ===
[SAT] Found 0 vertex collisions and 0 edge collisions
[SAT] Found collision-free local solution!
[Waiting_time_Solve] Solution found, updating global solution
[LNS] Updating global solution with pseudo-agent local paths...
[Current_Solution] Updating global solution for agent 16
[Current_Solution] Global solution is consistent after updating with local path
[LNS] Successfully updated global solution with pseudo-agent local paths!
[Current_Solution] Updating global solution for agent 14
[Current_Solution] Global solution is consistent after updating with local path
[LNS] Successfully updated global solution with pseudo-agent local paths!
[LNS] Updating path map with new local paths...
[LNS] Successfully updated global solution with local paths and pseudo agents!
[Solve_local_zone] Successfully solved local zone
[Solve_local_zone] Final local zone size: 12 (0.371287% of all walkable positions)
[LNS] Successfully solved local zone
[LNS] Analyzing conflicts...
[LNS] Current solution: vertex collisions=0, edge collisions=0
[LNS] Collision-free solution found at makespan 140
[LNS] Final agent paths:

=== Agent Paths ===
Agent 19 path:
  Time 0: (22, 17)
  Time 1: (22, 18)
  Time 2: (23, 18)
  Time 3: (23, 19)
  Time 4: (23, 20)
  Time 5: (23, 21)
  Time 6: (24, 21)
  Time 7: (25, 21)
  Time 8: (26, 21)
  Time 9: (26, 22)
  Time 10: (27, 22)
  Time 11: (28, 22)
  Time 12: (28, 23)
  Time 13: (29, 23)
  Time 14: (30, 23)
  Time 15: (31, 23)
  Time 16: (31, 24)
  Time 17: (31, 25)
  Time 18: (31, 26)
  Time 19: (30, 26)
  Time 20: (31, 26)
  Time 21: (31, 27)
  Time 22: (32, 27)
  Time 23: (33, 27)
  Time 24: (34, 27)
  Time 25: (35, 27)
  Time 26: (36, 27)
  Time 27: (36, 26)
  Time 28: (36, 27)
  Time 29: (37, 27)
  Time 30: (38, 27)
  Time 31: (39, 27)
  Time 32: (39, 27)
  Time 33: (40, 27)
  Time 34: (41, 27)
  Time 35: (41, 26)
  Time 36: (42, 26)
  Time 37: (42, 25)
  Time 38: (42, 24)
  Time 39: (42, 23)
  Time 40: (42, 22)
  Time 41: (43, 22)
  Time 42: (43, 21)
  Time 43: (43, 20)
  Time 44: (43, 19)
  Time 45: (43, 18)
  Time 46: (43, 17)
  Time 47: (43, 16)
  Time 48: (43, 15)
  Time 49: (43, 14)
  Time 50: (44, 14)
  Time 51: (44, 13)
  Time 52: (45, 13)
  Time 53: (46, 13)
  Time 54: (46, 12)
  Time 55: (46, 11)
  Time 56: (46, 10)
  Time 57: (46, 9)
  Time 58: (46, 8)
  Time 59: (46, 7)
  Time 60: (45, 7)
  Time 61: (44, 7)
  Time 62: (43, 7)
  Time 63: (42, 7)
  Time 64: (41, 7)
  Time 65: (40, 7)
  Time 66: (39, 7)
  Time 67: (38, 7)
  Time 68: (37, 7)
  Time 69: (36, 7)
  Time 70: (36, 8)
  Time 71: (36, 9)
  Time 72: (35, 9)
  Time 73: (35, 9)
  Time 74: (35, 9)
  Time 75: (35, 9)
  Time 76: (35, 9)
  Time 77: (35, 9)
  Time 78: (35, 9)
  Time 79: (35, 9)
  Time 80: (35, 9)
  Time 81: (35, 9)
  Time 82: (35, 9)
  Time 83: (35, 9)
  Time 84: (35, 9)
  Time 85: (35, 9)
  Time 86: (35, 9)
  Time 87: (35, 9)
  Time 88: (35, 9)
  Time 89: (35, 9)
  Time 90: (35, 9)
  Time 91: (35, 9)
  Time 92: (35, 9)
  Time 93: (35, 9)
  Time 94: (35, 9)
  Time 95: (35, 9)
  Time 96: (35, 9)
  Time 97: (35, 9)
  Time 98: (35, 9)
  Time 99: (35, 9)
  Time 100: (35, 9)
  Time 101: (35, 9)
  Time 102: (35, 9)
  Time 103: (35, 9)
  Time 104: (35, 9)
  Time 105: (35, 9)
  Time 106: (35, 9)
  Time 107: (35, 9)
  Time 108: (35, 9)
  Time 109: (35, 9)
  Time 110: (35, 9)
  Time 111: (35, 9)
  Time 112: (35, 9)
  Time 113: (35, 9)
  Time 114: (35, 9)
  Time 115: (35, 9)
  Time 116: (35, 9)
  Time 117: (35, 9)
  Time 118: (35, 9)
  Time 119: (35, 9)
  Time 120: (35, 9)
  Time 121: (35, 9)
  Time 122: (35, 9)
  Time 123: (35, 9)
  Time 124: (35, 9)
  Time 125: (35, 9)
  Time 126: (35, 9)
  Time 127: (35, 9)
  Time 128: (35, 9)
  Time 129: (35, 9)
  Time 130: (35, 9)
  Time 131: (35, 9)
  Time 132: (35, 9)
  Time 133: (35, 9)
  Time 134: (35, 9)
  Time 135: (35, 9)
  Time 136: (35, 9)
  Time 137: (35, 9)
  Time 138: (35, 9)
  Time 139: (35, 9)
  Time 140: (35, 9)

Agent 18 path:
  Time 0: (35, 6)
  Time 1: (35, 7)
  Time 2: (36, 7)
  Time 3: (37, 7)
  Time 4: (38, 7)
  Time 5: (39, 7)
  Time 6: (40, 7)
  Time 7: (41, 7)
  Time 8: (42, 7)
  Time 9: (43, 7)
  Time 10: (44, 7)
  Time 11: (45, 7)
  Time 12: (46, 7)
  Time 13: (46, 8)
  Time 14: (46, 9)
  Time 15: (45, 9)
  Time 16: (45, 10)
  Time 17: (44, 10)
  Time 18: (44, 11)
  Time 19: (44, 12)
  Time 20: (44, 13)
  Time 21: (44, 14)
  Time 22: (43, 14)
  Time 23: (43, 15)
  Time 24: (43, 16)
  Time 25: (43, 17)
  Time 26: (42, 17)
  Time 27: (42, 18)
  Time 28: (42, 19)
  Time 29: (42, 20)
  Time 30: (42, 21)
  Time 31: (42, 22)
  Time 32: (42, 23)
  Time 33: (42, 24)
  Time 34: (42, 25)
  Time 35: (41, 25)
  Time 36: (41, 26)
  Time 37: (41, 27)
  Time 38: (40, 27)
  Time 39: (39, 27)
  Time 40: (38, 27)
  Time 41: (37, 27)
  Time 42: (36, 27)
  Time 43: (35, 27)
  Time 44: (34, 27)
  Time 45: (33, 27)
  Time 46: (32, 27)
  Time 47: (31, 27)
  Time 48: (31, 28)
  Time 49: (30, 28)
  Time 50: (30, 29)
  Time 51: (29, 29)
  Time 52: (29, 30)
  Time 53: (29, 31)
  Time 54: (28, 31)
  Time 55: (27, 31)
  Time 56: (27, 32)
  Time 57: (27, 33)
  Time 58: (27, 34)
  Time 59: (26, 34)
  Time 60: (26, 35)
  Time 61: (25, 35)
  Time 62: (25, 36)
  Time 63: (25, 37)
  Time 64: (25, 38)
  Time 65: (24, 38)
  Time 66: (23, 38)
  Time 67: (22, 38)
  Time 68: (21, 38)
  Time 69: (20, 38)
  Time 70: (20, 37)
  Time 71: (19, 37)
  Time 72: (19, 36)
  Time 73: (19, 35)
  Time 74: (18, 35)
  Time 75: (17, 35)
  Time 76: (17, 34)
  Time 77: (17, 34)
  Time 78: (17, 34)
  Time 79: (17, 34)
  Time 80: (17, 34)
  Time 81: (17, 34)
  Time 82: (17, 34)
  Time 83: (17, 34)
  Time 84: (17, 34)
  Time 85: (17, 34)
  Time 86: (17, 34)
  Time 87: (17, 34)
  Time 88: (17, 34)
  Time 89: (17, 34)
  Time 90: (17, 34)
  Time 91: (17, 34)
  Time 92: (17, 34)
  Time 93: (17, 34)
  Time 94: (17, 34)
  Time 95: (17, 34)
  Time 96: (17, 34)
  Time 97: (17, 34)
  Time 98: (17, 34)
  Time 99: (17, 34)
  Time 100: (17, 34)
  Time 101: (17, 34)
  Time 102: (17, 34)
  Time 103: (17, 34)
  Time 104: (17, 34)
  Time 105: (17, 34)
  Time 106: (17, 34)
  Time 107: (17, 34)
  Time 108: (17, 34)
  Time 109: (17, 34)
  Time 110: (17, 34)
  Time 111: (17, 34)
  Time 112: (17, 34)
  Time 113: (17, 34)
  Time 114: (17, 34)
  Time 115: (17, 34)
  Time 116: (17, 34)
  Time 117: (17, 34)
  Time 118: (17, 34)
  Time 119: (17, 34)
  Time 120: (17, 34)
  Time 121: (17, 34)
  Time 122: (17, 34)
  Time 123: (17, 34)
  Time 124: (17, 34)
  Time 125: (17, 34)
  Time 126: (17, 34)
  Time 127: (17, 34)
  Time 128: (17, 34)
  Time 129: (17, 34)
  Time 130: (17, 34)
  Time 131: (17, 34)
  Time 132: (17, 34)
  Time 133: (17, 34)
  Time 134: (17, 34)
  Time 135: (17, 34)
  Time 136: (17, 34)
  Time 137: (17, 34)
  Time 138: (17, 34)
  Time 139: (17, 34)
  Time 140: (17, 34)

Agent 17 path:
  Time 0: (34, 7)
  Time 1: (34, 7)
  Time 2: (35, 7)
  Time 3: (36, 7)
  Time 4: (37, 7)
  Time 5: (38, 7)
  Time 6: (39, 7)
  Time 7: (40, 7)
  Time 8: (41, 7)
  Time 9: (42, 7)
  Time 10: (43, 7)
  Time 11: (44, 7)
  Time 12: (45, 7)
  Time 13: (46, 7)
  Time 14: (46, 8)
  Time 15: (46, 9)
  Time 16: (46, 10)
  Time 17: (46, 11)
  Time 18: (46, 12)
  Time 19: (46, 13)
  Time 20: (46, 14)
  Time 21: (46, 15)
  Time 22: (45, 15)
  Time 23: (44, 15)
  Time 24: (43, 15)
  Time 25: (43, 16)
  Time 26: (43, 17)
  Time 27: (42, 17)
  Time 28: (42, 18)
  Time 29: (42, 19)
  Time 30: (42, 20)
  Time 31: (42, 21)
  Time 32: (42, 22)
  Time 33: (42, 23)
  Time 34: (42, 24)
  Time 35: (42, 25)
  Time 36: (41, 25)
  Time 37: (41, 26)
  Time 38: (41, 27)
  Time 39: (40, 27)
  Time 40: (39, 27)
  Time 41: (38, 27)
  Time 42: (37, 27)
  Time 43: (36, 27)
  Time 44: (36, 26)
  Time 45: (36, 25)
  Time 46: (36, 24)
  Time 47: (36, 23)
  Time 48: (35, 23)
  Time 49: (35, 22)
  Time 50: (35, 21)
  Time 51: (35, 20)
  Time 52: (35, 19)
  Time 53: (35, 19)
  Time 54: (35, 19)
  Time 55: (35, 19)
  Time 56: (35, 19)
  Time 57: (35, 19)
  Time 58: (35, 19)
  Time 59: (35, 19)
  Time 60: (35, 19)
  Time 61: (35, 19)
  Time 62: (35, 19)
  Time 63: (35, 19)
  Time 64: (35, 19)
  Time 65: (35, 19)
  Time 66: (35, 19)
  Time 67: (35, 19)
  Time 68: (35, 19)
  Time 69: (35, 19)
  Time 70: (35, 19)
  Time 71: (35, 19)
  Time 72: (35, 19)
  Time 73: (35, 19)
  Time 74: (35, 19)
  Time 75: (35, 19)
  Time 76: (35, 19)
  Time 77: (35, 19)
  Time 78: (35, 19)
  Time 79: (35, 19)
  Time 80: (35, 19)
  Time 81: (35, 19)
  Time 82: (35, 19)
  Time 83: (35, 19)
  Time 84: (35, 19)
  Time 85: (35, 19)
  Time 86: (35, 19)
  Time 87: (35, 19)
  Time 88: (35, 19)
  Time 89: (35, 19)
  Time 90: (35, 19)
  Time 91: (35, 19)
  Time 92: (35, 19)
  Time 93: (35, 19)
  Time 94: (35, 19)
  Time 95: (35, 19)
  Time 96: (35, 19)
  Time 97: (35, 19)
  Time 98: (35, 19)
  Time 99: (35, 19)
  Time 100: (35, 19)
  Time 101: (35, 19)
  Time 102: (35, 19)
  Time 103: (35, 19)
  Time 104: (35, 19)
  Time 105: (35, 19)
  Time 106: (35, 19)
  Time 107: (35, 19)
  Time 108: (35, 19)
  Time 109: (35, 19)
  Time 110: (35, 19)
  Time 111: (35, 19)
  Time 112: (35, 19)
  Time 113: (35, 19)
  Time 114: (35, 19)
  Time 115: (35, 19)
  Time 116: (35, 19)
  Time 117: (35, 19)
  Time 118: (35, 19)
  Time 119: (35, 19)
  Time 120: (35, 19)
  Time 121: (35, 19)
  Time 122: (35, 19)
  Time 123: (35, 19)
  Time 124: (35, 19)
  Time 125: (35, 19)
  Time 126: (35, 19)
  Time 127: (35, 19)
  Time 128: (35, 19)
  Time 129: (35, 19)
  Time 130: (35, 19)
  Time 131: (35, 19)
  Time 132: (35, 19)
  Time 133: (35, 19)
  Time 134: (35, 19)
  Time 135: (35, 19)
  Time 136: (35, 19)
  Time 137: (35, 19)
  Time 138: (35, 19)
  Time 139: (35, 19)
  Time 140: (35, 19)

Agent 16 path:
  Time 0: (51, 63)
  Time 1: (51, 62)
  Time 2: (52, 62)
  Time 3: (52, 61)
  Time 4: (52, 60)
  Time 5: (52, 59)
  Time 6: (52, 58)
  Time 7: (52, 57)
  Time 8: (52, 56)
  Time 9: (52, 55)
  Time 10: (53, 55)
  Time 11: (54, 55)
  Time 12: (55, 55)
  Time 13: (56, 55)
  Time 14: (57, 55)
  Time 15: (57, 54)
  Time 16: (58, 54)
  Time 17: (59, 54)
  Time 18: (59, 53)
  Time 19: (59, 52)
  Time 20: (59, 51)
  Time 21: (59, 50)
  Time 22: (59, 49)
  Time 23: (59, 48)
  Time 24: (59, 47)
  Time 25: (58, 47)
  Time 26: (58, 46)
  Time 27: (58, 45)
  Time 28: (57, 45)
  Time 29: (56, 45)
  Time 30: (55, 45)
  Time 31: (55, 44)
  Time 32: (55, 43)
  Time 33: (55, 42)
  Time 34: (55, 41)
  Time 35: (55, 40)
  Time 36: (55, 39)
  Time 37: (55, 38)
  Time 38: (55, 37)
  Time 39: (55, 36)
  Time 40: (55, 35)
  Time 41: (55, 34)
  Time 42: (55, 33)
  Time 43: (55, 32)
  Time 44: (55, 31)
  Time 45: (55, 30)
  Time 46: (54, 30)
  Time 47: (53, 30)
  Time 48: (52, 30)
  Time 49: (51, 30)
  Time 50: (50, 30)
  Time 51: (49, 30)
  Time 52: (48, 30)
  Time 53: (47, 30)
  Time 54: (47, 29)
  Time 55: (46, 29)
  Time 56: (46, 28)
  Time 57: (45, 28)
  Time 58: (44, 28)
  Time 59: (43, 28)
  Time 60: (43, 27)
  Time 61: (42, 27)
  Time 62: (41, 27)
  Time 63: (40, 27)
  Time 64: (39, 27)
  Time 65: (38, 27)
  Time 66: (37, 27)
  Time 67: (36, 27)
  Time 68: (35, 27)
  Time 69: (34, 27)
  Time 70: (33, 27)
  Time 71: (32, 27)
  Time 72: (31, 27)
  Time 73: (31, 28)
  Time 74: (31, 29)
  Time 75: (30, 29)
  Time 76: (30, 30)
  Time 77: (29, 30)
  Time 78: (28, 30)
  Time 79: (27, 30)
  Time 80: (26, 30)
  Time 81: (25, 30)
  Time 82: (24, 30)
  Time 83: (23, 30)
  Time 84: (22, 30)
  Time 85: (21, 30)
  Time 86: (20, 30)
  Time 87: (19, 30)
  Time 88: (18, 30)
  Time 89: (17, 30)
  Time 90: (16, 30)
  Time 91: (15, 30)
  Time 92: (15, 29)
  Time 93: (14, 29)
  Time 94: (13, 29)
  Time 95: (12, 29)
  Time 96: (11, 29)
  Time 97: (10, 29)
  Time 98: (10, 28)
  Time 99: (10, 27)
  Time 100: (10, 26)
  Time 101: (10, 25)
  Time 102: (10, 24)
  Time 103: (10, 23)
  Time 104: (10, 22)
  Time 105: (9, 22)
  Time 106: (9, 21)
  Time 107: (8, 21)
  Time 108: (7, 21)
  Time 109: (6, 21)
  Time 110: (6, 20)
  Time 111: (5, 20)
  Time 112: (5, 19)
  Time 113: (5, 18)
  Time 114: (5, 17)
  Time 115: (5, 16)
  Time 116: (5, 15)
  Time 117: (6, 15)
  Time 118: (7, 15)
  Time 119: (7, 14)
  Time 120: (7, 13)
  Time 121: (8, 13)
  Time 122: (9, 13)
  Time 123: (9, 14)
  Time 124: (9, 15)
  Time 125: (9, 15)
  Time 126: (9, 15)
  Time 127: (9, 15)
  Time 128: (9, 15)
  Time 129: (9, 15)
  Time 130: (9, 15)
  Time 131: (9, 15)
  Time 132: (9, 15)
  Time 133: (9, 15)
  Time 134: (9, 15)
  Time 135: (9, 15)
  Time 136: (9, 15)
  Time 137: (9, 15)
  Time 138: (9, 15)
  Time 139: (9, 15)
  Time 140: (9, 15)

Agent 15 path:
  Time 0: (57, 58)
  Time 1: (57, 59)
  Time 2: (58, 59)
  Time 3: (58, 60)
  Time 4: (59, 60)
  Time 5: (60, 60)
  Time 6: (61, 60)
  Time 7: (62, 60)
  Time 8: (63, 60)
  Time 9: (63, 60)
  Time 10: (63, 60)
  Time 11: (63, 60)
  Time 12: (63, 60)
  Time 13: (63, 60)
  Time 14: (63, 60)
  Time 15: (63, 60)
  Time 16: (63, 60)
  Time 17: (63, 60)
  Time 18: (63, 60)
  Time 19: (63, 60)
  Time 20: (63, 60)
  Time 21: (63, 60)
  Time 22: (63, 60)
  Time 23: (63, 60)
  Time 24: (63, 60)
  Time 25: (63, 60)
  Time 26: (63, 60)
  Time 27: (63, 60)
  Time 28: (63, 60)
  Time 29: (63, 60)
  Time 30: (63, 60)
  Time 31: (63, 60)
  Time 32: (63, 60)
  Time 33: (63, 60)
  Time 34: (63, 60)
  Time 35: (63, 60)
  Time 36: (63, 60)
  Time 37: (63, 60)
  Time 38: (63, 60)
  Time 39: (63, 60)
  Time 40: (63, 60)
  Time 41: (63, 60)
  Time 42: (63, 60)
  Time 43: (63, 60)
  Time 44: (63, 60)
  Time 45: (63, 60)
  Time 46: (63, 60)
  Time 47: (63, 60)
  Time 48: (63, 60)
  Time 49: (63, 60)
  Time 50: (63, 60)
  Time 51: (63, 60)
  Time 52: (63, 60)
  Time 53: (63, 60)
  Time 54: (63, 60)
  Time 55: (63, 60)
  Time 56: (63, 60)
  Time 57: (63, 60)
  Time 58: (63, 60)
  Time 59: (63, 60)
  Time 60: (63, 60)
  Time 61: (63, 60)
  Time 62: (63, 60)
  Time 63: (63, 60)
  Time 64: (63, 60)
  Time 65: (63, 60)
  Time 66: (63, 60)
  Time 67: (63, 60)
  Time 68: (63, 60)
  Time 69: (63, 60)
  Time 70: (63, 60)
  Time 71: (63, 60)
  Time 72: (63, 60)
  Time 73: (63, 60)
  Time 74: (63, 60)
  Time 75: (63, 60)
  Time 76: (63, 60)
  Time 77: (63, 60)
  Time 78: (63, 60)
  Time 79: (63, 60)
  Time 80: (63, 60)
  Time 81: (63, 60)
  Time 82: (63, 60)
  Time 83: (63, 60)
  Time 84: (63, 60)
  Time 85: (63, 60)
  Time 86: (63, 60)
  Time 87: (63, 60)
  Time 88: (63, 60)
  Time 89: (63, 60)
  Time 90: (63, 60)
  Time 91: (63, 60)
  Time 92: (63, 60)
  Time 93: (63, 60)
  Time 94: (63, 60)
  Time 95: (63, 60)
  Time 96: (63, 60)
  Time 97: (63, 60)
  Time 98: (63, 60)
  Time 99: (63, 60)
  Time 100: (63, 60)
  Time 101: (63, 60)
  Time 102: (63, 60)
  Time 103: (63, 60)
  Time 104: (63, 60)
  Time 105: (63, 60)
  Time 106: (63, 60)
  Time 107: (63, 60)
  Time 108: (63, 60)
  Time 109: (63, 60)
  Time 110: (63, 60)
  Time 111: (63, 60)
  Time 112: (63, 60)
  Time 113: (63, 60)
  Time 114: (63, 60)
  Time 115: (63, 60)
  Time 116: (63, 60)
  Time 117: (63, 60)
  Time 118: (63, 60)
  Time 119: (63, 60)
  Time 120: (63, 60)
  Time 121: (63, 60)
  Time 122: (63, 60)
  Time 123: (63, 60)
  Time 124: (63, 60)
  Time 125: (63, 60)
  Time 126: (63, 60)
  Time 127: (63, 60)
  Time 128: (63, 60)
  Time 129: (63, 60)
  Time 130: (63, 60)
  Time 131: (63, 60)
  Time 132: (63, 60)
  Time 133: (63, 60)
  Time 134: (63, 60)
  Time 135: (63, 60)
  Time 136: (63, 60)
  Time 137: (63, 60)
  Time 138: (63, 60)
  Time 139: (63, 60)
  Time 140: (63, 60)

Agent 14 path:
  Time 0: (31, 1)
  Time 1: (31, 2)
  Time 2: (31, 3)
  Time 3: (30, 3)
  Time 4: (30, 4)
  Time 5: (30, 5)
  Time 6: (30, 6)
  Time 7: (30, 7)
  Time 8: (29, 7)
  Time 9: (28, 7)
  Time 10: (27, 7)
  Time 11: (26, 7)
  Time 12: (25, 7)
  Time 13: (25, 8)
  Time 14: (25, 9)
  Time 15: (25, 10)
  Time 16: (24, 10)
  Time 17: (23, 10)
  Time 18: (22, 10)
  Time 19: (22, 11)
  Time 20: (22, 12)
  Time 21: (21, 12)
  Time 22: (21, 13)
  Time 23: (20, 13)
  Time 24: (19, 13)
  Time 25: (18, 13)
  Time 26: (17, 13)
  Time 27: (16, 13)
  Time 28: (15, 13)
  Time 29: (14, 13)
  Time 30: (13, 13)
  Time 31: (12, 13)
  Time 32: (11, 13)
  Time 33: (10, 13)
  Time 34: (9, 13)
  Time 35: (8, 13)
  Time 36: (7, 13)
  Time 37: (6, 13)
  Time 38: (5, 13)
  Time 39: (5, 14)
  Time 40: (5, 15)
  Time 41: (5, 16)
  Time 42: (5, 17)
  Time 43: (6, 17)
  Time 44: (6, 18)
  Time 45: (6, 19)
  Time 46: (6, 20)
  Time 47: (6, 21)
  Time 48: (6, 22)
  Time 49: (6, 23)
  Time 50: (7, 23)
  Time 51: (7, 24)
  Time 52: (7, 25)
  Time 53: (8, 25)
  Time 54: (9, 25)
  Time 55: (9, 26)
  Time 56: (9, 27)
  Time 57: (9, 28)
  Time 58: (9, 29)
  Time 59: (10, 29)
  Time 60: (11, 29)
  Time 61: (12, 29)
  Time 62: (13, 29)
  Time 63: (14, 29)
  Time 64: (15, 29)
  Time 65: (15, 30)
  Time 66: (16, 30)
  Time 67: (17, 30)
  Time 68: (18, 30)
  Time 69: (19, 30)
  Time 70: (20, 30)
  Time 71: (21, 30)
  Time 72: (22, 30)
  Time 73: (23, 30)
  Time 74: (24, 30)
  Time 75: (25, 30)
  Time 76: (26, 30)
  Time 77: (27, 30)
  Time 78: (27, 29)
  Time 79: (28, 29)
  Time 80: (29, 29)
  Time 81: (30, 29)
  Time 82: (30, 28)
  Time 83: (31, 28)
  Time 84: (31, 27)
  Time 85: (32, 27)
  Time 86: (33, 27)
  Time 87: (34, 27)
  Time 88: (35, 27)
  Time 89: (36, 27)
  Time 90: (37, 27)
  Time 91: (38, 27)
  Time 92: (39, 27)
  Time 93: (40, 27)
  Time 94: (41, 27)
  Time 95: (41, 26)
  Time 96: (42, 26)
  Time 97: (42, 25)
  Time 98: (42, 24)
  Time 99: (42, 23)
  Time 100: (43, 23)
  Time 101: (43, 22)
  Time 102: (43, 21)
  Time 103: (43, 20)
  Time 104: (43, 19)
  Time 105: (43, 18)
  Time 106: (43, 17)
  Time 107: (43, 16)
  Time 108: (43, 15)
  Time 109: (43, 14)
  Time 110: (44, 14)
  Time 111: (44, 13)
  Time 112: (45, 13)
  Time 113: (45, 12)
  Time 114: (46, 12)
  Time 115: (46, 11)
  Time 116: (46, 10)
  Time 117: (46, 9)
  Time 118: (46, 8)
  Time 119: (46, 7)
  Time 120: (45, 7)
  Time 121: (44, 7)
  Time 122: (43, 7)
  Time 123: (42, 7)
  Time 124: (41, 7)
  Time 125: (40, 7)
  Time 126: (39, 7)
  Time 127: (38, 7)
  Time 128: (37, 7)
  Time 129: (36, 7)
  Time 130: (36, 8)
  Time 131: (36, 9)
  Time 132: (36, 10)
  Time 133: (36, 11)
  Time 134: (36, 12)
  Time 135: (36, 13)
  Time 136: (36, 14)
  Time 137: (36, 15)
  Time 138: (37, 15)
  Time 139: (38, 15)
  Time 140: (39, 15)

Agent 13 path:
  Time 0: (19, 11)
  Time 1: (18, 11)
  Time 2: (18, 12)
  Time 3: (17, 12)
  Time 4: (17, 13)
  Time 5: (16, 13)
  Time 6: (15, 13)
  Time 7: (14, 13)
  Time 8: (13, 13)
  Time 9: (12, 13)
  Time 10: (11, 13)
  Time 11: (10, 13)
  Time 12: (9, 13)
  Time 13: (8, 13)
  Time 14: (7, 13)
  Time 15: (7, 14)
  Time 16: (6, 14)
  Time 17: (6, 15)
  Time 18: (5, 15)
  Time 19: (5, 16)
  Time 20: (5, 17)
  Time 21: (5, 18)
  Time 22: (5, 19)
  Time 23: (6, 19)
  Time 24: (6, 20)
  Time 25: (7, 20)
  Time 26: (7, 21)
  Time 27: (8, 21)
  Time 28: (9, 21)
  Time 29: (10, 21)
  Time 30: (10, 22)
  Time 31: (10, 23)
  Time 32: (10, 24)
  Time 33: (10, 25)
  Time 34: (10, 26)
  Time 35: (10, 27)
  Time 36: (11, 27)
  Time 37: (11, 28)
  Time 38: (11, 29)
  Time 39: (11, 30)
  Time 40: (12, 30)
  Time 41: (13, 30)
  Time 42: (14, 30)
  Time 43: (15, 30)
  Time 44: (16, 30)
  Time 45: (17, 30)
  Time 46: (18, 30)
  Time 47: (18, 31)
  Time 48: (19, 31)
  Time 49: (19, 30)
  Time 50: (18, 30)
  Time 51: (17, 30)
  Time 52: (18, 30)
  Time 53: (19, 30)
  Time 54: (20, 30)
  Time 55: (21, 30)
  Time 56: (22, 30)
  Time 57: (23, 30)
  Time 58: (24, 30)
  Time 59: (25, 30)
  Time 60: (25, 29)
  Time 61: (26, 29)
  Time 62: (26, 28)
  Time 63: (27, 28)
  Time 64: (27, 27)
  Time 65: (28, 27)
  Time 66: (29, 27)
  Time 67: (30, 27)
  Time 68: (30, 27)
  Time 69: (30, 27)
  Time 70: (31, 27)
  Time 71: (30, 27)
  Time 72: (30, 27)
  Time 73: (30, 27)
  Time 74: (31, 27)
  Time 75: (32, 27)
  Time 76: (33, 27)
  Time 77: (34, 27)
  Time 78: (35, 27)
  Time 79: (36, 27)
  Time 80: (37, 27)
  Time 81: (38, 27)
  Time 82: (39, 27)
  Time 83: (40, 27)
  Time 84: (41, 27)
  Time 85: (42, 27)
  Time 86: (42, 28)
  Time 87: (43, 28)
  Time 88: (44, 28)
  Time 89: (45, 28)
  Time 90: (45, 29)
  Time 91: (46, 29)
  Time 92: (47, 29)
  Time 93: (47, 30)
  Time 94: (48, 30)
  Time 95: (49, 30)
  Time 96: (50, 30)
  Time 97: (51, 30)
  Time 98: (52, 30)
  Time 99: (53, 30)
  Time 100: (53, 31)
  Time 101: (54, 31)
  Time 102: (55, 31)
  Time 103: (55, 32)
  Time 104: (55, 33)
  Time 105: (55, 34)
  Time 106: (55, 35)
  Time 107: (55, 36)
  Time 108: (55, 37)
  Time 109: (55, 38)
  Time 110: (55, 39)
  Time 111: (55, 40)
  Time 112: (55, 41)
  Time 113: (55, 42)
  Time 114: (55, 43)
  Time 115: (55, 44)
  Time 116: (55, 45)
  Time 117: (56, 45)
  Time 118: (57, 45)
  Time 119: (58, 45)
  Time 120: (58, 46)
  Time 121: (59, 46)
  Time 122: (60, 46)
  Time 123: (60, 46)
  Time 124: (60, 46)
  Time 125: (60, 46)
  Time 126: (60, 46)
  Time 127: (60, 46)
  Time 128: (60, 46)
  Time 129: (60, 46)
  Time 130: (60, 46)
  Time 131: (60, 46)
  Time 132: (60, 46)
  Time 133: (60, 46)
  Time 134: (60, 46)
  Time 135: (60, 46)
  Time 136: (60, 46)
  Time 137: (60, 46)
  Time 138: (60, 46)
  Time 139: (60, 46)
  Time 140: (60, 46)

Agent 12 path:
  Time 0: (29, 34)
  Time 1: (29, 33)
  Time 2: (28, 33)
  Time 3: (27, 33)
  Time 4: (27, 32)
  Time 5: (27, 31)
  Time 6: (27, 30)
  Time 7: (28, 30)
  Time 8: (28, 29)
  Time 9: (28, 28)
  Time 10: (29, 28)
  Time 11: (29, 27)
  Time 12: (30, 27)
  Time 13: (31, 27)
  Time 14: (32, 27)
  Time 15: (33, 27)
  Time 16: (33, 26)
  Time 17: (33, 26)
  Time 18: (33, 27)
  Time 19: (34, 27)
  Time 20: (35, 27)
  Time 21: (36, 27)
  Time 22: (37, 27)
  Time 23: (38, 27)
  Time 24: (38, 26)
  Time 25: (39, 26)
  Time 26: (39, 27)
  Time 27: (40, 27)
  Time 28: (41, 27)
  Time 29: (41, 27)
  Time 30: (42, 27)
  Time 31: (43, 27)
  Time 32: (43, 28)
  Time 33: (43, 29)
  Time 34: (43, 30)
  Time 35: (44, 30)
  Time 36: (45, 30)
  Time 37: (46, 30)
  Time 38: (47, 30)
  Time 39: (48, 30)
  Time 40: (49, 30)
  Time 41: (49, 31)
  Time 42: (50, 31)
  Time 43: (51, 31)
  Time 44: (52, 31)
  Time 45: (53, 31)
  Time 46: (54, 31)
  Time 47: (55, 31)
  Time 48: (55, 32)
  Time 49: (55, 33)
  Time 50: (55, 34)
  Time 51: (55, 35)
  Time 52: (55, 36)
  Time 53: (55, 37)
  Time 54: (55, 38)
  Time 55: (55, 39)
  Time 56: (55, 40)
  Time 57: (55, 41)
  Time 58: (55, 42)
  Time 59: (55, 43)
  Time 60: (55, 44)
  Time 61: (55, 45)
  Time 62: (56, 45)
  Time 63: (57, 45)
  Time 64: (57, 46)
  Time 65: (58, 46)
  Time 66: (58, 47)
  Time 67: (59, 47)
  Time 68: (59, 48)
  Time 69: (59, 49)
  Time 70: (59, 50)
  Time 71: (59, 51)
  Time 72: (59, 52)
  Time 73: (59, 53)
  Time 74: (59, 54)
  Time 75: (59, 55)
  Time 76: (59, 56)
  Time 77: (59, 57)
  Time 78: (58, 57)
  Time 79: (58, 58)
  Time 80: (57, 58)
  Time 81: (57, 59)
  Time 82: (57, 60)
  Time 83: (57, 61)
  Time 84: (57, 61)
  Time 85: (57, 61)
  Time 86: (57, 61)
  Time 87: (57, 61)
  Time 88: (57, 61)
  Time 89: (57, 61)
  Time 90: (57, 61)
  Time 91: (57, 61)
  Time 92: (57, 61)
  Time 93: (57, 61)
  Time 94: (57, 61)
  Time 95: (57, 61)
  Time 96: (57, 61)
  Time 97: (57, 61)
  Time 98: (57, 61)
  Time 99: (57, 61)
  Time 100: (57, 61)
  Time 101: (57, 61)
  Time 102: (57, 61)
  Time 103: (57, 61)
  Time 104: (57, 61)
  Time 105: (57, 61)
  Time 106: (57, 61)
  Time 107: (57, 61)
  Time 108: (57, 61)
  Time 109: (57, 61)
  Time 110: (57, 61)
  Time 111: (57, 61)
  Time 112: (57, 61)
  Time 113: (57, 61)
  Time 114: (57, 61)
  Time 115: (57, 61)
  Time 116: (57, 61)
  Time 117: (57, 61)
  Time 118: (57, 61)
  Time 119: (57, 61)
  Time 120: (57, 61)
  Time 121: (57, 61)
  Time 122: (57, 61)
  Time 123: (57, 61)
  Time 124: (57, 61)
  Time 125: (57, 61)
  Time 126: (57, 61)
  Time 127: (57, 61)
  Time 128: (57, 61)
  Time 129: (57, 61)
  Time 130: (57, 61)
  Time 131: (57, 61)
  Time 132: (57, 61)
  Time 133: (57, 61)
  Time 134: (57, 61)
  Time 135: (57, 61)
  Time 136: (57, 61)
  Time 137: (57, 61)
  Time 138: (57, 61)
  Time 139: (57, 61)
  Time 140: (57, 61)

Agent 11 path:
  Time 0: (57, 29)
  Time 1: (57, 30)
  Time 2: (57, 31)
  Time 3: (56, 31)
  Time 4: (55, 31)
  Time 5: (55, 30)
  Time 6: (54, 30)
  Time 7: (53, 30)
  Time 8: (52, 30)
  Time 9: (51, 30)
  Time 10: (50, 30)
  Time 11: (49, 30)
  Time 12: (48, 30)
  Time 13: (47, 30)
  Time 14: (47, 29)
  Time 15: (47, 28)
  Time 16: (47, 27)
  Time 17: (46, 27)
  Time 18: (45, 27)
  Time 19: (44, 27)
  Time 20: (43, 27)
  Time 21: (42, 27)
  Time 22: (41, 27)
  Time 23: (40, 27)
  Time 24: (39, 27)
  Time 25: (38, 27)
  Time 26: (37, 27)
  Time 27: (36, 27)
  Time 28: (35, 27)
  Time 29: (34, 27)
  Time 30: (33, 27)
  Time 31: (32, 27)
  Time 32: (31, 27)
  Time 33: (30, 27)
  Time 34: (30, 28)
  Time 35: (30, 29)
  Time 36: (29, 29)
  Time 37: (28, 29)
  Time 38: (28, 30)
  Time 39: (27, 30)
  Time 40: (26, 30)
  Time 41: (25, 30)
  Time 42: (24, 30)
  Time 43: (23, 30)
  Time 44: (22, 30)
  Time 45: (21, 30)
  Time 46: (20, 30)
  Time 47: (19, 30)
  Time 48: (18, 30)
  Time 49: (17, 30)
  Time 50: (16, 30)
  Time 51: (15, 30)
  Time 52: (14, 30)
  Time 53: (14, 29)
  Time 54: (14, 28)
  Time 55: (14, 27)
  Time 56: (13, 27)
  Time 57: (13, 26)
  Time 58: (12, 26)
  Time 59: (12, 25)
  Time 60: (11, 25)
  Time 61: (10, 25)
  Time 62: (10, 24)
  Time 63: (10, 23)
  Time 64: (9, 23)
  Time 65: (9, 22)
  Time 66: (9, 21)
  Time 67: (8, 21)
  Time 68: (7, 21)
  Time 69: (7, 20)
  Time 70: (7, 19)
  Time 71: (6, 19)
  Time 72: (5, 19)
  Time 73: (5, 18)
  Time 74: (5, 17)
  Time 75: (5, 16)
  Time 76: (5, 15)
  Time 77: (6, 15)
  Time 78: (6, 14)
  Time 79: (6, 13)
  Time 80: (7, 13)
  Time 81: (8, 13)
  Time 82: (9, 13)
  Time 83: (10, 13)
  Time 84: (10, 12)
  Time 85: (10, 11)
  Time 86: (10, 10)
  Time 87: (10, 9)
  Time 88: (11, 9)
  Time 89: (12, 9)
  Time 90: (12, 8)
  Time 91: (12, 7)
  Time 92: (13, 7)
  Time 93: (14, 7)
  Time 94: (15, 7)
  Time 95: (16, 7)
  Time 96: (17, 7)
  Time 97: (18, 7)
  Time 98: (19, 7)
  Time 99: (19, 6)
  Time 100: (20, 6)
  Time 101: (21, 6)
  Time 102: (22, 6)
  Time 103: (23, 6)
  Time 104: (23, 5)
  Time 105: (23, 4)
  Time 106: (23, 3)
  Time 107: (23, 2)
  Time 108: (23, 1)
  Time 109: (24, 1)
  Time 110: (25, 1)
  Time 111: (26, 1)
  Time 112: (27, 1)
  Time 113: (28, 1)
  Time 114: (29, 1)
  Time 115: (30, 1)
  Time 116: (31, 1)
  Time 117: (31, 1)
  Time 118: (31, 1)
  Time 119: (31, 1)
  Time 120: (31, 1)
  Time 121: (31, 1)
  Time 122: (31, 1)
  Time 123: (31, 1)
  Time 124: (31, 1)
  Time 125: (31, 1)
  Time 126: (31, 1)
  Time 127: (31, 1)
  Time 128: (31, 1)
  Time 129: (31, 1)
  Time 130: (31, 1)
  Time 131: (31, 1)
  Time 132: (31, 1)
  Time 133: (31, 1)
  Time 134: (31, 1)
  Time 135: (31, 1)
  Time 136: (31, 1)
  Time 137: (31, 1)
  Time 138: (31, 1)
  Time 139: (31, 1)
  Time 140: (31, 1)

Agent 10 path:
  Time 0: (52, 55)
  Time 1: (53, 55)
  Time 2: (54, 55)
  Time 3: (55, 55)
  Time 4: (56, 55)
  Time 5: (57, 55)
  Time 6: (57, 54)
  Time 7: (58, 54)
  Time 8: (58, 53)
  Time 9: (58, 52)
  Time 10: (59, 52)
  Time 11: (59, 51)
  Time 12: (59, 50)
  Time 13: (59, 49)
  Time 14: (59, 48)
  Time 15: (59, 47)
  Time 16: (58, 47)
  Time 17: (57, 47)
  Time 18: (57, 46)
  Time 19: (57, 45)
  Time 20: (56, 45)
  Time 21: (55, 45)
  Time 22: (55, 46)
  Time 23: (54, 46)
  Time 24: (53, 46)
  Time 25: (52, 46)
  Time 26: (51, 46)
  Time 27: (50, 46)
  Time 28: (49, 46)
  Time 29: (48, 46)
  Time 30: (47, 46)
  Time 31: (46, 46)
  Time 32: (46, 47)
  Time 33: (45, 47)
  Time 34: (44, 47)
  Time 35: (43, 47)
  Time 36: (42, 47)
  Time 37: (41, 47)
  Time 38: (41, 48)
  Time 39: (41, 49)
  Time 40: (41, 50)
  Time 41: (41, 51)
  Time 42: (41, 52)
  Time 43: (40, 52)
  Time 44: (39, 52)
  Time 45: (38, 52)
  Time 46: (37, 52)
  Time 47: (36, 52)
  Time 48: (35, 52)
  Time 49: (34, 52)
  Time 50: (34, 53)
  Time 51: (34, 54)
  Time 52: (34, 55)
  Time 53: (33, 55)
  Time 54: (32, 55)
  Time 55: (31, 55)
  Time 56: (30, 55)
  Time 57: (30, 54)
  Time 58: (29, 54)
  Time 59: (29, 53)
  Time 60: (28, 53)
  Time 61: (27, 53)
  Time 62: (26, 53)
  Time 63: (25, 53)
  Time 64: (25, 52)
  Time 65: (25, 51)
  Time 66: (25, 50)
  Time 67: (25, 49)
  Time 68: (24, 49)
  Time 69: (23, 49)
  Time 70: (22, 49)
  Time 71: (21, 49)
  Time 72: (20, 49)
  Time 73: (20, 48)
  Time 74: (20, 47)
  Time 75: (19, 47)
  Time 76: (19, 46)
  Time 77: (19, 45)
  Time 78: (18, 45)
  Time 79: (17, 45)
  Time 80: (16, 45)
  Time 81: (15, 45)
  Time 82: (15, 44)
  Time 83: (15, 43)
  Time 84: (14, 43)
  Time 85: (14, 42)
  Time 86: (13, 42)
  Time 87: (13, 41)
  Time 88: (13, 40)
  Time 89: (13, 39)
  Time 90: (13, 39)
  Time 91: (13, 39)
  Time 92: (13, 39)
  Time 93: (13, 39)
  Time 94: (13, 39)
  Time 95: (13, 39)
  Time 96: (13, 39)
  Time 97: (13, 39)
  Time 98: (13, 39)
  Time 99: (13, 39)
  Time 100: (13, 39)
  Time 101: (13, 39)
  Time 102: (13, 39)
  Time 103: (13, 39)
  Time 104: (13, 39)
  Time 105: (13, 39)
  Time 106: (13, 39)
  Time 107: (13, 39)
  Time 108: (13, 39)
  Time 109: (13, 39)
  Time 110: (13, 39)
  Time 111: (13, 39)
  Time 112: (13, 39)
  Time 113: (13, 39)
  Time 114: (13, 39)
  Time 115: (13, 39)
  Time 116: (13, 39)
  Time 117: (13, 39)
  Time 118: (13, 39)
  Time 119: (13, 39)
  Time 120: (13, 39)
  Time 121: (13, 39)
  Time 122: (13, 39)
  Time 123: (13, 39)
  Time 124: (13, 39)
  Time 125: (13, 39)
  Time 126: (13, 39)
  Time 127: (13, 39)
  Time 128: (13, 39)
  Time 129: (13, 39)
  Time 130: (13, 39)
  Time 131: (13, 39)
  Time 132: (13, 39)
  Time 133: (13, 39)
  Time 134: (13, 39)
  Time 135: (13, 39)
  Time 136: (13, 39)
  Time 137: (13, 39)
  Time 138: (13, 39)
  Time 139: (13, 39)
  Time 140: (13, 39)

Agent 9 path:
  Time 0: (42, 22)
  Time 1: (42, 23)
  Time 2: (42, 24)
  Time 3: (42, 25)
  Time 4: (42, 26)
  Time 5: (42, 27)
  Time 6: (41, 27)
  Time 7: (40, 27)
  Time 8: (39, 27)
  Time 9: (38, 27)
  Time 10: (37, 27)
  Time 11: (36, 27)
  Time 12: (35, 27)
  Time 13: (34, 27)
  Time 14: (33, 27)
  Time 15: (33, 28)
  Time 16: (33, 27)
  Time 17: (32, 27)
  Time 18: (31, 27)
  Time 19: (30, 27)
  Time 20: (29, 27)
  Time 21: (29, 28)
  Time 22: (28, 28)
  Time 23: (27, 28)
  Time 24: (27, 29)
  Time 25: (27, 30)
  Time 26: (26, 30)
  Time 27: (25, 30)
  Time 28: (24, 30)
  Time 29: (23, 30)
  Time 30: (22, 30)
  Time 31: (21, 30)
  Time 32: (20, 30)
  Time 33: (19, 30)
  Time 34: (18, 30)
  Time 35: (17, 30)
  Time 36: (16, 30)
  Time 37: (15, 30)
  Time 38: (14, 30)
  Time 39: (13, 30)
  Time 40: (13, 29)
  Time 41: (12, 29)
  Time 42: (11, 29)
  Time 43: (11, 28)
  Time 44: (10, 28)
  Time 45: (9, 28)
  Time 46: (9, 27)
  Time 47: (9, 26)
  Time 48: (9, 25)
  Time 49: (8, 25)
  Time 50: (7, 25)
  Time 51: (7, 26)
  Time 52: (7, 26)
  Time 53: (7, 25)
  Time 54: (7, 24)
  Time 55: (7, 23)
  Time 56: (6, 23)
  Time 57: (5, 23)
  Time 58: (5, 22)
  Time 59: (5, 21)
  Time 60: (5, 20)
  Time 61: (5, 19)
  Time 62: (5, 18)
  Time 63: (5, 17)
  Time 64: (5, 16)
  Time 65: (5, 15)
  Time 66: (6, 15)
  Time 67: (6, 14)
  Time 68: (7, 14)
  Time 69: (7, 13)
  Time 70: (8, 13)
  Time 71: (9, 13)
  Time 72: (9, 12)
  Time 73: (10, 12)
  Time 74: (11, 12)
  Time 75: (11, 11)
  Time 76: (12, 11)
  Time 77: (12, 10)
  Time 78: (12, 9)
  Time 79: (12, 8)
  Time 80: (12, 7)
  Time 81: (11, 7)
  Time 82: (11, 7)
  Time 83: (11, 7)
  Time 84: (11, 7)
  Time 85: (11, 7)
  Time 86: (11, 7)
  Time 87: (11, 7)
  Time 88: (11, 7)
  Time 89: (11, 7)
  Time 90: (11, 7)
  Time 91: (11, 7)
  Time 92: (11, 7)
  Time 93: (11, 7)
  Time 94: (11, 7)
  Time 95: (11, 7)
  Time 96: (11, 7)
  Time 97: (11, 7)
  Time 98: (11, 7)
  Time 99: (11, 7)
  Time 100: (11, 7)
  Time 101: (11, 7)
  Time 102: (11, 7)
  Time 103: (11, 7)
  Time 104: (11, 7)
  Time 105: (11, 7)
  Time 106: (11, 7)
  Time 107: (11, 7)
  Time 108: (11, 7)
  Time 109: (11, 7)
  Time 110: (11, 7)
  Time 111: (11, 7)
  Time 112: (11, 7)
  Time 113: (11, 7)
  Time 114: (11, 7)
  Time 115: (11, 7)
  Time 116: (11, 7)
  Time 117: (11, 7)
  Time 118: (11, 7)
  Time 119: (11, 7)
  Time 120: (11, 7)
  Time 121: (11, 7)
  Time 122: (11, 7)
  Time 123: (11, 7)
  Time 124: (11, 7)
  Time 125: (11, 7)
  Time 126: (11, 7)
  Time 127: (11, 7)
  Time 128: (11, 7)
  Time 129: (11, 7)
  Time 130: (11, 7)
  Time 131: (11, 7)
  Time 132: (11, 7)
  Time 133: (11, 7)
  Time 134: (11, 7)
  Time 135: (11, 7)
  Time 136: (11, 7)
  Time 137: (11, 7)
  Time 138: (11, 7)
  Time 139: (11, 7)
  Time 140: (11, 7)

Agent 8 path:
  Time 0: (57, 49)
  Time 1: (58, 49)
  Time 2: (59, 49)
  Time 3: (59, 48)
  Time 4: (59, 47)
  Time 5: (59, 46)
  Time 6: (58, 46)
  Time 7: (57, 46)
  Time 8: (57, 45)
  Time 9: (56, 45)
  Time 10: (55, 45)
  Time 11: (55, 44)
  Time 12: (55, 43)
  Time 13: (55, 42)
  Time 14: (55, 41)
  Time 15: (55, 40)
  Time 16: (55, 39)
  Time 17: (55, 38)
  Time 18: (55, 37)
  Time 19: (55, 36)
  Time 20: (55, 35)
  Time 21: (55, 34)
  Time 22: (55, 33)
  Time 23: (55, 32)
  Time 24: (55, 31)
  Time 25: (54, 31)
  Time 26: (53, 31)
  Time 27: (53, 30)
  Time 28: (52, 30)
  Time 29: (51, 30)
  Time 30: (50, 30)
  Time 31: (49, 30)
  Time 32: (48, 30)
  Time 33: (47, 30)
  Time 34: (46, 30)
  Time 35: (46, 31)
  Time 36: (45, 31)
  Time 37: (44, 31)
  Time 38: (43, 31)
  Time 39: (42, 31)
  Time 40: (42, 32)
  Time 41: (42, 33)
  Time 42: (43, 33)
  Time 43: (43, 34)
  Time 44: (44, 34)
  Time 45: (45, 34)
  Time 46: (46, 34)
  Time 47: (47, 34)
  Time 48: (47, 34)
  Time 49: (47, 34)
  Time 50: (47, 34)
  Time 51: (47, 34)
  Time 52: (47, 34)
  Time 53: (47, 34)
  Time 54: (47, 34)
  Time 55: (47, 34)
  Time 56: (47, 34)
  Time 57: (47, 34)
  Time 58: (47, 34)
  Time 59: (47, 34)
  Time 60: (47, 34)
  Time 61: (47, 34)
  Time 62: (47, 34)
  Time 63: (47, 34)
  Time 64: (47, 34)
  Time 65: (47, 34)
  Time 66: (47, 34)
  Time 67: (47, 34)
  Time 68: (47, 34)
  Time 69: (47, 34)
  Time 70: (47, 34)
  Time 71: (47, 34)
  Time 72: (47, 34)
  Time 73: (47, 34)
  Time 74: (47, 34)
  Time 75: (47, 34)
  Time 76: (47, 34)
  Time 77: (47, 34)
  Time 78: (47, 34)
  Time 79: (47, 34)
  Time 80: (47, 34)
  Time 81: (47, 34)
  Time 82: (47, 34)
  Time 83: (47, 34)
  Time 84: (47, 34)
  Time 85: (47, 34)
  Time 86: (47, 34)
  Time 87: (47, 34)
  Time 88: (47, 34)
  Time 89: (47, 34)
  Time 90: (47, 34)
  Time 91: (47, 34)
  Time 92: (47, 34)
  Time 93: (47, 34)
  Time 94: (47, 34)
  Time 95: (47, 34)
  Time 96: (47, 34)
  Time 97: (47, 34)
  Time 98: (47, 34)
  Time 99: (47, 34)
  Time 100: (47, 34)
  Time 101: (47, 34)
  Time 102: (47, 34)
  Time 103: (47, 34)
  Time 104: (47, 34)
  Time 105: (47, 34)
  Time 106: (47, 34)
  Time 107: (47, 34)
  Time 108: (47, 34)
  Time 109: (47, 34)
  Time 110: (47, 34)
  Time 111: (47, 34)
  Time 112: (47, 34)
  Time 113: (47, 34)
  Time 114: (47, 34)
  Time 115: (47, 34)
  Time 116: (47, 34)
  Time 117: (47, 34)
  Time 118: (47, 34)
  Time 119: (47, 34)
  Time 120: (47, 34)
  Time 121: (47, 34)
  Time 122: (47, 34)
  Time 123: (47, 34)
  Time 124: (47, 34)
  Time 125: (47, 34)
  Time 126: (47, 34)
  Time 127: (47, 34)
  Time 128: (47, 34)
  Time 129: (47, 34)
  Time 130: (47, 34)
  Time 131: (47, 34)
  Time 132: (47, 34)
  Time 133: (47, 34)
  Time 134: (47, 34)
  Time 135: (47, 34)
  Time 136: (47, 34)
  Time 137: (47, 34)
  Time 138: (47, 34)
  Time 139: (47, 34)
  Time 140: (47, 34)

Agent 7 path:
  Time 0: (46, 50)
  Time 1: (45, 50)
  Time 2: (44, 50)
  Time 3: (44, 49)
  Time 4: (43, 49)
  Time 5: (42, 49)
  Time 6: (41, 49)
  Time 7: (41, 48)
  Time 8: (41, 47)
  Time 9: (41, 46)
  Time 10: (40, 46)
  Time 11: (39, 46)
  Time 12: (39, 45)
  Time 13: (39, 44)
  Time 14: (38, 44)
  Time 15: (38, 43)
  Time 16: (38, 42)
  Time 17: (38, 41)
  Time 18: (38, 40)
  Time 19: (38, 39)
  Time 20: (38, 38)
  Time 21: (38, 37)
  Time 22: (37, 37)
  Time 23: (36, 37)
  Time 24: (35, 37)
  Time 25: (35, 36)
  Time 26: (35, 35)
  Time 27: (35, 34)
  Time 28: (34, 34)
  Time 29: (34, 33)
  Time 30: (34, 32)
  Time 31: (34, 31)
  Time 32: (34, 30)
  Time 33: (33, 30)
  Time 34: (33, 29)
  Time 35: (33, 28)
  Time 36: (33, 27)
  Time 37: (32, 27)
  Time 38: (31, 27)
  Time 39: (30, 27)
  Time 40: (30, 28)
  Time 41: (29, 28)
  Time 42: (28, 28)
  Time 43: (27, 28)
  Time 44: (26, 28)
  Time 45: (25, 28)
  Time 46: (25, 29)
  Time 47: (25, 30)
  Time 48: (24, 30)
  Time 49: (23, 30)
  Time 50: (22, 30)
  Time 51: (21, 30)
  Time 52: (21, 30)
  Time 53: (20, 30)
  Time 54: (20, 29)
  Time 55: (20, 30)
  Time 56: (19, 30)
  Time 57: (18, 30)
  Time 58: (17, 30)
  Time 59: (16, 30)
  Time 60: (15, 30)
  Time 61: (14, 30)
  Time 62: (13, 30)
  Time 63: (13, 29)
  Time 64: (12, 29)
  Time 65: (11, 29)
  Time 66: (11, 28)
  Time 67: (11, 27)
  Time 68: (11, 26)
  Time 69: (10, 26)
  Time 70: (9, 26)
  Time 71: (9, 25)
  Time 72: (8, 25)
  Time 73: (7, 25)
  Time 74: (7, 24)
  Time 75: (7, 23)
  Time 76: (6, 23)
  Time 77: (6, 22)
  Time 78: (6, 21)
  Time 79: (6, 20)
  Time 80: (6, 19)
  Time 81: (5, 19)
  Time 82: (5, 18)
  Time 83: (5, 17)
  Time 84: (5, 16)
  Time 85: (5, 15)
  Time 86: (6, 15)
  Time 87: (7, 15)
  Time 88: (7, 14)
  Time 89: (7, 13)
  Time 90: (8, 13)
  Time 91: (9, 13)
  Time 92: (10, 13)
  Time 93: (11, 13)
  Time 94: (12, 13)
  Time 95: (13, 13)
  Time 96: (14, 13)
  Time 97: (15, 13)
  Time 98: (16, 13)
  Time 99: (17, 13)
  Time 100: (17, 12)
  Time 101: (18, 12)
  Time 102: (18, 11)
  Time 103: (19, 11)
  Time 104: (19, 10)
  Time 105: (20, 10)
  Time 106: (21, 10)
  Time 107: (22, 10)
  Time 108: (23, 10)
  Time 109: (24, 10)
  Time 110: (25, 10)
  Time 111: (25, 11)
  Time 112: (25, 12)
  Time 113: (26, 12)
  Time 114: (27, 12)
  Time 115: (27, 12)
  Time 116: (27, 12)
  Time 117: (27, 12)
  Time 118: (27, 12)
  Time 119: (27, 12)
  Time 120: (27, 12)
  Time 121: (27, 12)
  Time 122: (27, 12)
  Time 123: (27, 12)
  Time 124: (27, 12)
  Time 125: (27, 12)
  Time 126: (27, 12)
  Time 127: (27, 12)
  Time 128: (27, 12)
  Time 129: (27, 12)
  Time 130: (27, 12)
  Time 131: (27, 12)
  Time 132: (27, 12)
  Time 133: (27, 12)
  Time 134: (27, 12)
  Time 135: (27, 12)
  Time 136: (27, 12)
  Time 137: (27, 12)
  Time 138: (27, 12)
  Time 139: (27, 12)
  Time 140: (27, 12)

Agent 6 path:
  Time 0: (17, 29)
  Time 1: (17, 30)
  Time 2: (16, 30)
  Time 3: (15, 30)
  Time 4: (14, 30)
  Time 5: (14, 31)
  Time 6: (13, 31)
  Time 7: (12, 31)
  Time 8: (11, 31)
  Time 9: (10, 31)
  Time 10: (10, 32)
  Time 11: (10, 33)
  Time 12: (11, 33)
  Time 13: (11, 34)
  Time 14: (12, 34)
  Time 15: (12, 35)
  Time 16: (13, 35)
  Time 17: (13, 36)
  Time 18: (13, 37)
  Time 19: (13, 38)
  Time 20: (13, 39)
  Time 21: (13, 40)
  Time 22: (13, 41)
  Time 23: (12, 41)
  Time 24: (12, 42)
  Time 25: (11, 42)
  Time 26: (11, 43)
  Time 27: (11, 44)
  Time 28: (11, 45)
  Time 29: (11, 46)
  Time 30: (11, 47)
  Time 31: (10, 47)
  Time 32: (9, 47)
  Time 33: (8, 47)
  Time 34: (7, 47)
  Time 35: (7, 48)
  Time 36: (7, 49)
  Time 37: (7, 50)
  Time 38: (7, 51)
  Time 39: (7, 52)
  Time 40: (6, 52)
  Time 41: (5, 52)
  Time 42: (4, 52)
  Time 43: (4, 52)
  Time 44: (4, 52)
  Time 45: (4, 52)
  Time 46: (4, 52)
  Time 47: (4, 52)
  Time 48: (4, 52)
  Time 49: (4, 52)
  Time 50: (4, 52)
  Time 51: (4, 52)
  Time 52: (4, 52)
  Time 53: (4, 52)
  Time 54: (4, 52)
  Time 55: (4, 52)
  Time 56: (4, 52)
  Time 57: (4, 52)
  Time 58: (4, 52)
  Time 59: (4, 52)
  Time 60: (4, 52)
  Time 61: (4, 52)
  Time 62: (4, 52)
  Time 63: (4, 52)
  Time 64: (4, 52)
  Time 65: (4, 52)
  Time 66: (4, 52)
  Time 67: (4, 52)
  Time 68: (4, 52)
  Time 69: (4, 52)
  Time 70: (4, 52)
  Time 71: (4, 52)
  Time 72: (4, 52)
  Time 73: (4, 52)
  Time 74: (4, 52)
  Time 75: (4, 52)
  Time 76: (4, 52)
  Time 77: (4, 52)
  Time 78: (4, 52)
  Time 79: (4, 52)
  Time 80: (4, 52)
  Time 81: (4, 52)
  Time 82: (4, 52)
  Time 83: (4, 52)
  Time 84: (4, 52)
  Time 85: (4, 52)
  Time 86: (4, 52)
  Time 87: (4, 52)
  Time 88: (4, 52)
  Time 89: (4, 52)
  Time 90: (4, 52)
  Time 91: (4, 52)
  Time 92: (4, 52)
  Time 93: (4, 52)
  Time 94: (4, 52)
  Time 95: (4, 52)
  Time 96: (4, 52)
  Time 97: (4, 52)
  Time 98: (4, 52)
  Time 99: (4, 52)
  Time 100: (4, 52)
  Time 101: (4, 52)
  Time 102: (4, 52)
  Time 103: (4, 52)
  Time 104: (4, 52)
  Time 105: (4, 52)
  Time 106: (4, 52)
  Time 107: (4, 52)
  Time 108: (4, 52)
  Time 109: (4, 52)
  Time 110: (4, 52)
  Time 111: (4, 52)
  Time 112: (4, 52)
  Time 113: (4, 52)
  Time 114: (4, 52)
  Time 115: (4, 52)
  Time 116: (4, 52)
  Time 117: (4, 52)
  Time 118: (4, 52)
  Time 119: (4, 52)
  Time 120: (4, 52)
  Time 121: (4, 52)
  Time 122: (4, 52)
  Time 123: (4, 52)
  Time 124: (4, 52)
  Time 125: (4, 52)
  Time 126: (4, 52)
  Time 127: (4, 52)
  Time 128: (4, 52)
  Time 129: (4, 52)
  Time 130: (4, 52)
  Time 131: (4, 52)
  Time 132: (4, 52)
  Time 133: (4, 52)
  Time 134: (4, 52)
  Time 135: (4, 52)
  Time 136: (4, 52)
  Time 137: (4, 52)
  Time 138: (4, 52)
  Time 139: (4, 52)
  Time 140: (4, 52)

Agent 5 path:
  Time 0: (54, 47)
  Time 1: (54, 46)
  Time 2: (55, 46)
  Time 3: (55, 45)
  Time 4: (55, 44)
  Time 5: (55, 43)
  Time 6: (55, 42)
  Time 7: (55, 41)
  Time 8: (55, 40)
  Time 9: (55, 39)
  Time 10: (55, 38)
  Time 11: (55, 37)
  Time 12: (55, 36)
  Time 13: (55, 35)
  Time 14: (55, 34)
  Time 15: (55, 33)
  Time 16: (55, 32)
  Time 17: (55, 31)
  Time 18: (54, 31)
  Time 19: (53, 31)
  Time 20: (53, 30)
  Time 21: (52, 30)
  Time 22: (51, 30)
  Time 23: (50, 30)
  Time 24: (49, 30)
  Time 25: (48, 30)
  Time 26: (47, 30)
  Time 27: (47, 29)
  Time 28: (47, 28)
  Time 29: (46, 28)
  Time 30: (45, 28)
  Time 31: (45, 27)
  Time 32: (44, 27)
  Time 33: (44, 26)
  Time 34: (43, 26)
  Time 35: (43, 25)
  Time 36: (42, 25)
  Time 37: (42, 24)
  Time 38: (42, 23)
  Time 39: (41, 23)
  Time 40: (41, 22)
  Time 41: (41, 21)
  Time 42: (41, 20)
  Time 43: (41, 19)
  Time 44: (41, 18)
  Time 45: (41, 18)
  Time 46: (41, 18)
  Time 47: (41, 18)
  Time 48: (41, 18)
  Time 49: (41, 18)
  Time 50: (41, 18)
  Time 51: (41, 18)
  Time 52: (41, 18)
  Time 53: (41, 18)
  Time 54: (41, 18)
  Time 55: (41, 18)
  Time 56: (41, 18)
  Time 57: (41, 18)
  Time 58: (41, 18)
  Time 59: (41, 18)
  Time 60: (41, 18)
  Time 61: (41, 18)
  Time 62: (41, 18)
  Time 63: (41, 18)
  Time 64: (41, 18)
  Time 65: (41, 18)
  Time 66: (41, 18)
  Time 67: (41, 18)
  Time 68: (41, 18)
  Time 69: (41, 18)
  Time 70: (41, 18)
  Time 71: (41, 18)
  Time 72: (41, 18)
  Time 73: (41, 18)
  Time 74: (41, 18)
  Time 75: (41, 18)
  Time 76: (41, 18)
  Time 77: (41, 18)
  Time 78: (41, 18)
  Time 79: (41, 18)
  Time 80: (41, 18)
  Time 81: (41, 18)
  Time 82: (41, 18)
  Time 83: (41, 18)
  Time 84: (41, 18)
  Time 85: (41, 18)
  Time 86: (41, 18)
  Time 87: (41, 18)
  Time 88: (41, 18)
  Time 89: (41, 18)
  Time 90: (41, 18)
  Time 91: (41, 18)
  Time 92: (41, 18)
  Time 93: (41, 18)
  Time 94: (41, 18)
  Time 95: (41, 18)
  Time 96: (41, 18)
  Time 97: (41, 18)
  Time 98: (41, 18)
  Time 99: (41, 18)
  Time 100: (41, 18)
  Time 101: (41, 18)
  Time 102: (41, 18)
  Time 103: (41, 18)
  Time 104: (41, 18)
  Time 105: (41, 18)
  Time 106: (41, 18)
  Time 107: (41, 18)
  Time 108: (41, 18)
  Time 109: (41, 18)
  Time 110: (41, 18)
  Time 111: (41, 18)
  Time 112: (41, 18)
  Time 113: (41, 18)
  Time 114: (41, 18)
  Time 115: (41, 18)
  Time 116: (41, 18)
  Time 117: (41, 18)
  Time 118: (41, 18)
  Time 119: (41, 18)
  Time 120: (41, 18)
  Time 121: (41, 18)
  Time 122: (41, 18)
  Time 123: (41, 18)
  Time 124: (41, 18)
  Time 125: (41, 18)
  Time 126: (41, 18)
  Time 127: (41, 18)
  Time 128: (41, 18)
  Time 129: (41, 18)
  Time 130: (41, 18)
  Time 131: (41, 18)
  Time 132: (41, 18)
  Time 133: (41, 18)
  Time 134: (41, 18)
  Time 135: (41, 18)
  Time 136: (41, 18)
  Time 137: (41, 18)
  Time 138: (41, 18)
  Time 139: (41, 18)
  Time 140: (41, 18)

Agent 4 path:
  Time 0: (12, 60)
  Time 1: (11, 60)
  Time 2: (11, 59)
  Time 3: (10, 59)
  Time 4: (9, 59)
  Time 5: (9, 58)
  Time 6: (9, 57)
  Time 7: (8, 57)
  Time 8: (7, 57)
  Time 9: (6, 57)
  Time 10: (5, 57)
  Time 11: (5, 56)
  Time 12: (5, 55)
  Time 13: (4, 55)
  Time 14: (3, 55)
  Time 15: (2, 55)
  Time 16: (2, 55)
  Time 17: (2, 55)
  Time 18: (2, 55)
  Time 19: (2, 55)
  Time 20: (2, 55)
  Time 21: (2, 55)
  Time 22: (2, 55)
  Time 23: (2, 55)
  Time 24: (2, 55)
  Time 25: (2, 55)
  Time 26: (2, 55)
  Time 27: (2, 55)
  Time 28: (2, 55)
  Time 29: (2, 55)
  Time 30: (2, 55)
  Time 31: (2, 55)
  Time 32: (2, 55)
  Time 33: (2, 55)
  Time 34: (2, 55)
  Time 35: (2, 55)
  Time 36: (2, 55)
  Time 37: (2, 55)
  Time 38: (2, 55)
  Time 39: (2, 55)
  Time 40: (2, 55)
  Time 41: (2, 55)
  Time 42: (2, 55)
  Time 43: (2, 55)
  Time 44: (2, 55)
  Time 45: (2, 55)
  Time 46: (2, 55)
  Time 47: (2, 55)
  Time 48: (2, 55)
  Time 49: (2, 55)
  Time 50: (2, 55)
  Time 51: (2, 55)
  Time 52: (2, 55)
  Time 53: (2, 55)
  Time 54: (2, 55)
  Time 55: (2, 55)
  Time 56: (2, 55)
  Time 57: (2, 55)
  Time 58: (2, 55)
  Time 59: (2, 55)
  Time 60: (2, 55)
  Time 61: (2, 55)
  Time 62: (2, 55)
  Time 63: (2, 55)
  Time 64: (2, 55)
  Time 65: (2, 55)
  Time 66: (2, 55)
  Time 67: (2, 55)
  Time 68: (2, 55)
  Time 69: (2, 55)
  Time 70: (2, 55)
  Time 71: (2, 55)
  Time 72: (2, 55)
  Time 73: (2, 55)
  Time 74: (2, 55)
  Time 75: (2, 55)
  Time 76: (2, 55)
  Time 77: (2, 55)
  Time 78: (2, 55)
  Time 79: (2, 55)
  Time 80: (2, 55)
  Time 81: (2, 55)
  Time 82: (2, 55)
  Time 83: (2, 55)
  Time 84: (2, 55)
  Time 85: (2, 55)
  Time 86: (2, 55)
  Time 87: (2, 55)
  Time 88: (2, 55)
  Time 89: (2, 55)
  Time 90: (2, 55)
  Time 91: (2, 55)
  Time 92: (2, 55)
  Time 93: (2, 55)
  Time 94: (2, 55)
  Time 95: (2, 55)
  Time 96: (2, 55)
  Time 97: (2, 55)
  Time 98: (2, 55)
  Time 99: (2, 55)
  Time 100: (2, 55)
  Time 101: (2, 55)
  Time 102: (2, 55)
  Time 103: (2, 55)
  Time 104: (2, 55)
  Time 105: (2, 55)
  Time 106: (2, 55)
  Time 107: (2, 55)
  Time 108: (2, 55)
  Time 109: (2, 55)
  Time 110: (2, 55)
  Time 111: (2, 55)
  Time 112: (2, 55)
  Time 113: (2, 55)
  Time 114: (2, 55)
  Time 115: (2, 55)
  Time 116: (2, 55)
  Time 117: (2, 55)
  Time 118: (2, 55)
  Time 119: (2, 55)
  Time 120: (2, 55)
  Time 121: (2, 55)
  Time 122: (2, 55)
  Time 123: (2, 55)
  Time 124: (2, 55)
  Time 125: (2, 55)
  Time 126: (2, 55)
  Time 127: (2, 55)
  Time 128: (2, 55)
  Time 129: (2, 55)
  Time 130: (2, 55)
  Time 131: (2, 55)
  Time 132: (2, 55)
  Time 133: (2, 55)
  Time 134: (2, 55)
  Time 135: (2, 55)
  Time 136: (2, 55)
  Time 137: (2, 55)
  Time 138: (2, 55)
  Time 139: (2, 55)
  Time 140: (2, 55)

Agent 3 path:
  Time 0: (19, 23)
  Time 1: (19, 22)
  Time 2: (19, 21)
  Time 3: (20, 21)
  Time 4: (21, 21)
  Time 5: (22, 21)
  Time 6: (23, 21)
  Time 7: (24, 21)
  Time 8: (25, 21)
  Time 9: (25, 22)
  Time 10: (26, 22)
  Time 11: (27, 22)
  Time 12: (28, 22)
  Time 13: (28, 23)
  Time 14: (29, 23)
  Time 15: (30, 23)
  Time 16: (31, 23)
  Time 17: (31, 24)
  Time 18: (31, 25)
  Time 19: (31, 26)
  Time 20: (31, 27)
  Time 21: (32, 27)
  Time 22: (33, 27)
  Time 23: (34, 27)
  Time 24: (35, 27)
  Time 25: (36, 27)
  Time 26: (36, 26)
  Time 27: (37, 26)
  Time 28: (37, 27)
  Time 29: (38, 27)
  Time 30: (39, 27)
  Time 31: (40, 27)
  Time 32: (40, 27)
  Time 33: (41, 27)
  Time 34: (42, 27)
  Time 35: (42, 28)
  Time 36: (43, 28)
  Time 37: (44, 28)
  Time 38: (45, 28)
  Time 39: (45, 29)
  Time 40: (45, 30)
  Time 41: (46, 30)
  Time 42: (47, 30)
  Time 43: (48, 30)
  Time 44: (49, 30)
  Time 45: (49, 31)
  Time 46: (50, 31)
  Time 47: (51, 31)
  Time 48: (52, 31)
  Time 49: (53, 31)
  Time 50: (54, 31)
  Time 51: (55, 31)
  Time 52: (56, 31)
  Time 53: (57, 31)
  Time 54: (57, 30)
  Time 55: (57, 30)
  Time 56: (57, 30)
  Time 57: (57, 30)
  Time 58: (57, 30)
  Time 59: (57, 30)
  Time 60: (57, 30)
  Time 61: (57, 30)
  Time 62: (57, 30)
  Time 63: (57, 30)
  Time 64: (57, 30)
  Time 65: (57, 30)
  Time 66: (57, 30)
  Time 67: (57, 30)
  Time 68: (57, 30)
  Time 69: (57, 30)
  Time 70: (57, 30)
  Time 71: (57, 30)
  Time 72: (57, 30)
  Time 73: (57, 30)
  Time 74: (57, 30)
  Time 75: (57, 30)
  Time 76: (57, 30)
  Time 77: (57, 30)
  Time 78: (57, 30)
  Time 79: (57, 30)
  Time 80: (57, 30)
  Time 81: (57, 30)
  Time 82: (57, 30)
  Time 83: (57, 30)
  Time 84: (57, 30)
  Time 85: (57, 30)
  Time 86: (57, 30)
  Time 87: (57, 30)
  Time 88: (57, 30)
  Time 89: (57, 30)
  Time 90: (57, 30)
  Time 91: (57, 30)
  Time 92: (57, 30)
  Time 93: (57, 30)
  Time 94: (57, 30)
  Time 95: (57, 30)
  Time 96: (57, 30)
  Time 97: (57, 30)
  Time 98: (57, 30)
  Time 99: (57, 30)
  Time 100: (57, 30)
  Time 101: (57, 30)
  Time 102: (57, 30)
  Time 103: (57, 30)
  Time 104: (57, 30)
  Time 105: (57, 30)
  Time 106: (57, 30)
  Time 107: (57, 30)
  Time 108: (57, 30)
  Time 109: (57, 30)
  Time 110: (57, 30)
  Time 111: (57, 30)
  Time 112: (57, 30)
  Time 113: (57, 30)
  Time 114: (57, 30)
  Time 115: (57, 30)
  Time 116: (57, 30)
  Time 117: (57, 30)
  Time 118: (57, 30)
  Time 119: (57, 30)
  Time 120: (57, 30)
  Time 121: (57, 30)
  Time 122: (57, 30)
  Time 123: (57, 30)
  Time 124: (57, 30)
  Time 125: (57, 30)
  Time 126: (57, 30)
  Time 127: (57, 30)
  Time 128: (57, 30)
  Time 129: (57, 30)
  Time 130: (57, 30)
  Time 131: (57, 30)
  Time 132: (57, 30)
  Time 133: (57, 30)
  Time 134: (57, 30)
  Time 135: (57, 30)
  Time 136: (57, 30)
  Time 137: (57, 30)
  Time 138: (57, 30)
  Time 139: (57, 30)
  Time 140: (57, 30)

Agent 2 path:
  Time 0: (46, 31)
  Time 1: (46, 30)
  Time 2: (45, 30)
  Time 3: (45, 29)
  Time 4: (44, 29)
  Time 5: (44, 28)
  Time 6: (44, 27)
  Time 7: (43, 27)
  Time 8: (42, 27)
  Time 9: (41, 27)
  Time 10: (40, 27)
  Time 11: (39, 27)
  Time 12: (38, 27)
  Time 13: (37, 27)
  Time 14: (36, 27)
  Time 15: (35, 27)
  Time 16: (34, 27)
  Time 17: (33, 27)
  Time 18: (32, 27)
  Time 19: (31, 27)
  Time 20: (30, 27)
  Time 21: (30, 28)
  Time 22: (30, 29)
  Time 23: (30, 30)
  Time 24: (29, 30)
  Time 25: (28, 30)
  Time 26: (27, 30)
  Time 27: (26, 30)
  Time 28: (25, 30)
  Time 29: (24, 30)
  Time 30: (23, 30)
  Time 31: (22, 30)
  Time 32: (21, 30)
  Time 33: (20, 30)
  Time 34: (19, 30)
  Time 35: (18, 30)
  Time 36: (17, 30)
  Time 37: (16, 30)
  Time 38: (15, 30)
  Time 39: (15, 29)
  Time 40: (14, 29)
  Time 41: (13, 29)
  Time 42: (12, 29)
  Time 43: (11, 29)
  Time 44: (10, 29)
  Time 45: (9, 29)
  Time 46: (9, 28)
  Time 47: (9, 27)
  Time 48: (9, 26)
  Time 49: (9, 25)
  Time 50: (8, 25)
  Time 51: (7, 25)
  Time 52: (6, 25)
  Time 53: (6, 25)
  Time 54: (7, 25)
  Time 55: (7, 24)
  Time 56: (7, 23)
  Time 57: (7, 22)
  Time 58: (6, 22)
  Time 59: (5, 22)
  Time 60: (5, 21)
  Time 61: (5, 20)
  Time 62: (5, 19)
  Time 63: (5, 18)
  Time 64: (5, 17)
  Time 65: (5, 16)
  Time 66: (5, 15)
  Time 67: (5, 14)
  Time 68: (5, 13)
  Time 69: (5, 12)
  Time 70: (5, 11)
  Time 71: (5, 10)
  Time 72: (5, 9)
  Time 73: (5, 8)
  Time 74: (5, 7)
  Time 75: (5, 6)
  Time 76: (6, 6)
  Time 77: (6, 5)
  Time 78: (7, 5)
  Time 79: (7, 4)
  Time 80: (7, 3)
  Time 81: (7, 2)
  Time 82: (7, 1)
  Time 83: (8, 1)
  Time 84: (9, 1)
  Time 85: (9, 2)
  Time 86: (9, 2)
  Time 87: (9, 2)
  Time 88: (9, 2)
  Time 89: (9, 2)
  Time 90: (9, 2)
  Time 91: (9, 2)
  Time 92: (9, 2)
  Time 93: (9, 2)
  Time 94: (9, 2)
  Time 95: (9, 2)
  Time 96: (9, 2)
  Time 97: (9, 2)
  Time 98: (9, 2)
  Time 99: (9, 2)
  Time 100: (9, 2)
  Time 101: (9, 2)
  Time 102: (9, 2)
  Time 103: (9, 2)
  Time 104: (9, 2)
  Time 105: (9, 2)
  Time 106: (9, 2)
  Time 107: (9, 2)
  Time 108: (9, 2)
  Time 109: (9, 2)
  Time 110: (9, 2)
  Time 111: (9, 2)
  Time 112: (9, 2)
  Time 113: (9, 2)
  Time 114: (9, 2)
  Time 115: (9, 2)
  Time 116: (9, 2)
  Time 117: (9, 2)
  Time 118: (9, 2)
  Time 119: (9, 2)
  Time 120: (9, 2)
  Time 121: (9, 2)
  Time 122: (9, 2)
  Time 123: (9, 2)
  Time 124: (9, 2)
  Time 125: (9, 2)
  Time 126: (9, 2)
  Time 127: (9, 2)
  Time 128: (9, 2)
  Time 129: (9, 2)
  Time 130: (9, 2)
  Time 131: (9, 2)
  Time 132: (9, 2)
  Time 133: (9, 2)
  Time 134: (9, 2)
  Time 135: (9, 2)
  Time 136: (9, 2)
  Time 137: (9, 2)
  Time 138: (9, 2)
  Time 139: (9, 2)
  Time 140: (9, 2)

Agent 1 path:
  Time 0: (17, 19)
  Time 1: (17, 20)
  Time 2: (18, 20)
  Time 3: (18, 21)
  Time 4: (19, 21)
  Time 5: (20, 21)
  Time 6: (21, 21)
  Time 7: (22, 21)
  Time 8: (23, 21)
  Time 9: (24, 21)
  Time 10: (25, 21)
  Time 11: (25, 22)
  Time 12: (26, 22)
  Time 13: (27, 22)
  Time 14: (27, 23)
  Time 15: (28, 23)
  Time 16: (29, 23)
  Time 17: (30, 23)
  Time 18: (31, 23)
  Time 19: (31, 24)
  Time 20: (31, 25)
  Time 21: (31, 26)
  Time 22: (31, 27)
  Time 23: (32, 27)
  Time 24: (33, 27)
  Time 25: (34, 27)
  Time 26: (35, 27)
  Time 27: (35, 26)
  Time 28: (36, 26)
  Time 29: (36, 27)
  Time 30: (37, 27)
  Time 31: (38, 27)
  Time 32: (38, 27)
  Time 33: (39, 27)
  Time 34: (40, 27)
  Time 35: (41, 27)
  Time 36: (42, 27)
  Time 37: (42, 26)
  Time 38: (42, 25)
  Time 39: (42, 24)
  Time 40: (42, 23)
  Time 41: (43, 23)
  Time 42: (43, 22)
  Time 43: (44, 22)
  Time 44: (44, 21)
  Time 45: (45, 21)
  Time 46: (45, 20)
  Time 47: (45, 19)
  Time 48: (45, 18)
  Time 49: (46, 18)
  Time 50: (47, 18)
  Time 51: (48, 18)
  Time 52: (49, 18)
  Time 53: (49, 17)
  Time 54: (50, 17)
  Time 55: (51, 17)
  Time 56: (52, 17)
  Time 57: (53, 17)
  Time 58: (54, 17)
  Time 59: (55, 17)
  Time 60: (55, 16)
  Time 61: (55, 15)
  Time 62: (55, 14)
  Time 63: (55, 13)
  Time 64: (55, 12)
  Time 65: (55, 11)
  Time 66: (56, 11)
  Time 67: (57, 11)
  Time 68: (58, 11)
  Time 69: (58, 12)
  Time 70: (59, 12)
  Time 71: (59, 13)
  Time 72: (59, 14)
  Time 73: (59, 15)
  Time 74: (60, 15)
  Time 75: (61, 15)
  Time 76: (62, 15)
  Time 77: (63, 15)
  Time 78: (63, 15)
  Time 79: (63, 15)
  Time 80: (63, 15)
  Time 81: (63, 15)
  Time 82: (63, 15)
  Time 83: (63, 15)
  Time 84: (63, 15)
  Time 85: (63, 15)
  Time 86: (63, 15)
  Time 87: (63, 15)
  Time 88: (63, 15)
  Time 89: (63, 15)
  Time 90: (63, 15)
  Time 91: (63, 15)
  Time 92: (63, 15)
  Time 93: (63, 15)
  Time 94: (63, 15)
  Time 95: (63, 15)
  Time 96: (63, 15)
  Time 97: (63, 15)
  Time 98: (63, 15)
  Time 99: (63, 15)
  Time 100: (63, 15)
  Time 101: (63, 15)
  Time 102: (63, 15)
  Time 103: (63, 15)
  Time 104: (63, 15)
  Time 105: (63, 15)
  Time 106: (63, 15)
  Time 107: (63, 15)
  Time 108: (63, 15)
  Time 109: (63, 15)
  Time 110: (63, 15)
  Time 111: (63, 15)
  Time 112: (63, 15)
  Time 113: (63, 15)
  Time 114: (63, 15)
  Time 115: (63, 15)
  Time 116: (63, 15)
  Time 117: (63, 15)
  Time 118: (63, 15)
  Time 119: (63, 15)
  Time 120: (63, 15)
  Time 121: (63, 15)
  Time 122: (63, 15)
  Time 123: (63, 15)
  Time 124: (63, 15)
  Time 125: (63, 15)
  Time 126: (63, 15)
  Time 127: (63, 15)
  Time 128: (63, 15)
  Time 129: (63, 15)
  Time 130: (63, 15)
  Time 131: (63, 15)
  Time 132: (63, 15)
  Time 133: (63, 15)
  Time 134: (63, 15)
  Time 135: (63, 15)
  Time 136: (63, 15)
  Time 137: (63, 15)
  Time 138: (63, 15)
  Time 139: (63, 15)
  Time 140: (63, 15)

Agent 0 path:
  Time 0: (12, 63)
  Time 1: (13, 63)
  Time 2: (13, 62)
  Time 3: (13, 61)
  Time 4: (14, 61)
  Time 5: (14, 60)
  Time 6: (14, 59)
  Time 7: (14, 58)
  Time 8: (14, 57)
  Time 9: (14, 56)
  Time 10: (14, 55)
  Time 11: (13, 55)
  Time 12: (12, 55)
  Time 13: (12, 54)
  Time 14: (12, 53)
  Time 15: (12, 52)
  Time 16: (12, 51)
  Time 17: (12, 50)
  Time 18: (12, 49)
  Time 19: (12, 48)
  Time 20: (12, 47)
  Time 21: (13, 47)
  Time 22: (14, 47)
  Time 23: (14, 46)
  Time 24: (14, 45)
  Time 25: (15, 45)
  Time 26: (16, 45)
  Time 27: (17, 45)
  Time 28: (18, 45)
  Time 29: (18, 44)
  Time 30: (18, 43)
  Time 31: (18, 42)
  Time 32: (18, 41)
  Time 33: (18, 40)
  Time 34: (18, 39)
  Time 35: (18, 38)
  Time 36: (19, 38)
  Time 37: (20, 38)
  Time 38: (21, 38)
  Time 39: (22, 38)
  Time 40: (23, 38)
  Time 41: (24, 38)
  Time 42: (25, 38)
  Time 43: (26, 38)
  Time 44: (27, 38)
  Time 45: (27, 37)
  Time 46: (27, 36)
  Time 47: (27, 35)
  Time 48: (27, 34)
  Time 49: (27, 33)
  Time 50: (27, 32)
  Time 51: (27, 31)
  Time 52: (27, 30)
  Time 53: (28, 30)
  Time 54: (29, 30)
  Time 55: (29, 29)
  Time 56: (29, 28)
  Time 57: (29, 27)
  Time 58: (30, 27)
  Time 59: (31, 27)
  Time 60: (32, 27)
  Time 61: (33, 27)
  Time 62: (34, 27)
  Time 63: (35, 27)
  Time 64: (35, 27)
  Time 65: (36, 27)
  Time 66: (36, 28)
  Time 67: (37, 28)
  Time 68: (37, 27)
  Time 69: (38, 27)
  Time 70: (39, 27)
  Time 71: (40, 27)
  Time 72: (41, 27)
  Time 73: (41, 26)
  Time 74: (41, 25)
  Time 75: (42, 25)
  Time 76: (42, 24)
  Time 77: (42, 23)
  Time 78: (43, 23)
  Time 79: (44, 23)
  Time 80: (44, 22)
  Time 81: (45, 22)
  Time 82: (45, 21)
  Time 83: (45, 20)
  Time 84: (45, 19)
  Time 85: (45, 19)
  Time 86: (45, 19)
  Time 87: (45, 19)
  Time 88: (45, 19)
  Time 89: (45, 19)
  Time 90: (45, 19)
  Time 91: (45, 19)
  Time 92: (45, 19)
  Time 93: (45, 19)
  Time 94: (45, 19)
  Time 95: (45, 19)
  Time 96: (45, 19)
  Time 97: (45, 19)
  Time 98: (45, 19)
  Time 99: (45, 19)
  Time 100: (45, 19)
  Time 101: (45, 19)
  Time 102: (45, 19)
  Time 103: (45, 19)
  Time 104: (45, 19)
  Time 105: (45, 19)
  Time 106: (45, 19)
  Time 107: (45, 19)
  Time 108: (45, 19)
  Time 109: (45, 19)
  Time 110: (45, 19)
  Time 111: (45, 19)
  Time 112: (45, 19)
  Time 113: (45, 19)
  Time 114: (45, 19)
  Time 115: (45, 19)
  Time 116: (45, 19)
  Time 117: (45, 19)
  Time 118: (45, 19)
  Time 119: (45, 19)
  Time 120: (45, 19)
  Time 121: (45, 19)
  Time 122: (45, 19)
  Time 123: (45, 19)
  Time 124: (45, 19)
  Time 125: (45, 19)
  Time 126: (45, 19)
  Time 127: (45, 19)
  Time 128: (45, 19)
  Time 129: (45, 19)
  Time 130: (45, 19)
  Time 131: (45, 19)
  Time 132: (45, 19)
  Time 133: (45, 19)
  Time 134: (45, 19)
  Time 135: (45, 19)
  Time 136: (45, 19)
  Time 137: (45, 19)
  Time 138: (45, 19)
  Time 139: (45, 19)
  Time 140: (45, 19)

[LNS] All conflicts resolved
[LNS] Collision-free solution found at makespan 140
[LNS] Final agent paths:
[LNS] Verified Final agent paths:
[LNS] IT WORKED I THINK

# Run 1 | scenario="/home/max/Documents/PhD/MAPF/LNS/MAPF_LNS_SAT/mapf-scen-even/scen-even/room-64-64-8-even-1.scen" | scenario_index=1
# Command: /home/max/Documents/PhD/MAPF/LNS/MAPF_LNS_SAT/lns_clean/main_clean_lns /home/max/Documents/PhD/MAPF/LNS/MAPF_LNS_SAT/mapf-map/room-64-64-8.map /home/max/Documents/PhD/MAPF/LNS/MAPF_LNS_SAT/mapf-scen-even/scen-even/room-64-64-8-even-1.scen 20 1 minisat 42
# Remaining time budget: 599 seconds
[LNS] Loaded map 64x64, agents: 20
[LNS] Map:
@@@.@@@@@@@@@@@@@@@.@@@@@@.@@@@@@@.@@@@@@@@@@@@@@.@@@@@@@.@@@@@@
@.......@.......@.......@.......@.......@.......@.......@.......
@.......@.......@.......@.......@.......@.......@.......@.......
........@.......@.......@.......@.......@.......@.......@.......
@.......@.......@.......@.......@.......@.......@.......@.......
@.......................@.......@.......@.......@...............
@.......@.......@.......@.......@.......@.......@.......@.......
@.......@.......@.......................@...............@.......
@.@@@@@@@@@@@.@@@@@@@.@@@.@@@@@@@.@@@@@@@@@@@@@.@@@@@@.@@.@@@@@@
@.......@.......@.......@.......@.......@.......@.......@.......
@.......@.......@.......................@.......@.......@.......
@.......@.......@.......@.......@.......@.......@.......@.......
................@.......@.......@.......@...............@.......
@.......@.......@.......@.......@...............@.......@.......
@.......@.......@.......@.......@.......@.......@...............
@.......@.......@.......@.......@.......@.......@.......@.......
@@@@@@@.@@@@@.@@@@@@@@@@@@@@@@.@@@@@@@@@@@@@@.@@@@@@@@@.@@@@@@.@
@.......@.......@.......@.......@.......@.......@.......@.......
@.......@.......@.......@.......@...............@.......@.......
@.......@.......@.......@.......@.......@.......@.......@.......
........@.......@...............@.......@...............@.......
@.......@.......@.......@.......@.......@.......@.......@.......
@...............@.......@.......@.......@.......@.......@.......
@.......@.......@.......@.......@.......@.......@.......@.......
@.@@@@@@@@.@@@@@@@@@@.@@@@@@@@.@@@@@@@.@@.@@@@@@@.@@@@@@@@@@@@@.
@...............@.......@.......@.......@.......@.......@.......
@.......@.......@.......@.......@.......@.......@.......@.......
@.......@.......@.......@...............@.......@.......@.......
@.......@.......@.......@.......@.......@.......@.......@.......
........@.......@.......@.......@.......@.......@.......@.......
@.......@.......@.......@.......@.......@.......@...............
@.......@.......@...............@.......@.......@.......@.......
@@@@@@@@@@@@@@@@@@.@@@@@@@@.@@@@@@@@@@@@@@@@@@@@@@@@@@@.@@.@@@@@
@.......@.......@.......@.......@.......@.......@.......@.......
@.......@.......@.......@...............@.......@.......@.......
@.......@.......@.......@.......@.......@.......@.......@.......
@...............@...............@.......@.......@.......@.......
@.......@.......@.......@.......@.......@.......@...............
........@.......@.......@.......@...............@.......@.......
@.......@.......@.......@.......@.......@.......@.......@.......
@@@@@@@.@@@@@@@@@@@@@@@@@@@.@@@@@@.@@@@@@@@@@@.@@@@@.@@@@@@@.@@@
@.......@.......@.......@.......@.......@...............@.......
@.......@.......@.......................@.......@.......@.......
@.......@...............@.......@.......@.......@.......@.......
@.......@.......@.......@.......@.......@.......@.......@.......
@.......@.......@.......@.......@.......@.......@.......@.......
@...............@.......@.......@.......@.......@.......@.......
........@.......@.......@.......@.......@.......@.......@.......
@@@@.@@@@.@@@@@@@@.@@@@@@@@@@@.@@@@@@@@@@@@@@@.@@@@@@@@@@@@@@@@@
........@.......@.......@.......@.......@.......@.......@.......
@.......@.......@.......@.......@.......@.......@.......@.......
@.......@.......@.......@.......@.......@.......@.......@.......
@.......@.......@.......@.......@.......@.......@...............
@.......@.......@.......@.......@.......@.......@.......@.......
@.......@.......@.......@.......@.......@.......@.......@.......
@.......@.......................................@.......@.......
@@@@@@@@@@@.@@@@@@@@@@@@@@@@@@@.@@@@@@@@@@@@@.@@@@@@@@@.@@@@@@@@
@.......@.......@.......@.......@.......@.......@.......@.......
@.......................@.......@.......@.......@.......@.......
@.......@.......@...............@.......@.......................
@.......@.......@.......@.......@.......@.......@.......@.......
@.......@.......@.......@.......@.......@.......@.......@.......
........@.......@.......@.......@.......@.......@.......@.......
@.......@.......@.......@.......@...............@.......@.......
[LNS] Number of agents: 20
[LNS] Agents (start -> goal):
  Agent 0: (58,44) -> (38,39)
  Agent 1: (14,60) -> (9,10)
  Agent 2: (55,10) -> (21,50)
  Agent 3: (45,1) -> (55,3)
  Agent 4: (57,38) -> (19,2)
  Agent 5: (42,51) -> (2,13)
  Agent 6: (59,9) -> (20,44)
  Agent 7: (27,3) -> (62,51)
  Agent 8: (63,55) -> (30,15)
  Agent 9: (29,10) -> (4,51)
  Agent 10: (52,61) -> (54,61)
  Agent 11: (14,17) -> (15,21)
  Agent 12: (54,61) -> (17,5)
  Agent 13: (27,44) -> (49,53)
  Agent 14: (52,30) -> (61,31)
  Agent 15: (30,33) -> (42,12)
  Agent 16: (58,58) -> (26,5)
  Agent 17: (14,15) -> (13,7)
  Agent 18: (4,29) -> (25,13)
  Agent 19: (33,43) -> (63,3)
[LNS] Base makespan: 139

[LNS] === Attempt with max_timesteps=139 ===
[SAT] Creating MDDs with shortest paths + waiting time...
[SAT] Created 20 MDDs with waiting time structure
[LNS] Built MDDs with waiting time structure for 20 agents at makespan 139
[Current_Solution] Calculating waiting times for agents...
[Current_Solution] Agent 19 reaches goal at t=70, waiting time=69
[Current_Solution] Agent 18 reaches goal at t=47, waiting time=92
[Current_Solution] Agent 17 reaches goal at t=11, waiting time=128
[Current_Solution] Agent 16 reaches goal at t=135, waiting time=4
[Current_Solution] Agent 15 reaches goal at t=41, waiting time=98
[Current_Solution] Agent 14 reaches goal at t=10, waiting time=129
[Current_Solution] Agent 13 reaches goal at t=95, waiting time=44
[Current_Solution] Agent 12 reaches goal at t=137, waiting time=2
[Current_Solution] Agent 11 reaches goal at t=5, waiting time=134
[Current_Solution] Agent 10 reaches goal at t=2, waiting time=137
[Current_Solution] Agent 9 reaches goal at t=82, waiting time=57
[Current_Solution] Agent 8 reaches goal at t=139, waiting time=0
[Current_Solution] Agent 7 reaches goal at t=133, waiting time=6
[Current_Solution] Agent 6 reaches goal at t=78, waiting time=61
[Current_Solution] Agent 5 reaches goal at t=84, waiting time=55
[Current_Solution] Agent 4 reaches goal at t=134, waiting time=5
[Current_Solution] Agent 3 reaches goal at t=14, waiting time=125
[Current_Solution] Agent 2 reaches goal at t=80, waiting time=59
[Current_Solution] Agent 1 reaches goal at t=65, waiting time=74
[Current_Solution] Agent 0 reaches goal at t=29, waiting time=110
[Current_Solution] Waiting time calculation complete
[LNS] Created current solution with 20 agent paths on a map of size 64x64
[LNS] Analyzing conflicts...
[LNS] Current solution: vertex collisions=102, edge collisions=4
[LNS] Creating conflict buckets...
[LOCAL ZONE] Building diamond bucket for conflict 0
[LOCAL ZONE] Built diamond bucket for conflict 0 with 106 positions, 28 conflicts, 4 - 32 time window
[LNS] Selected most relevant bucket 0 with time window: 4 - 32, 28 conflicts and 106 positions.
[LNS] Solving the best bucket Local Zone...
[Solve_local_zone] Current local zone size: 106 (3.2797% of all walkable positions)
[Solve_local_zone] Local zone time window: [2, 34]
[Waiting_time_Solve] Agent 0 has waiting time 110
[Waiting_time_Solve] Agent 1 has waiting time 74
[Waiting_time_Solve] Agent 2 has waiting time 59
[Waiting_time_Solve] Agent 3 has waiting time 125
[Waiting_time_Solve] Agent 4 has waiting time 5
[Waiting_time_Solve] Agent 5 has waiting time 55
[Waiting_time_Solve] Agent 6 has waiting time 61
[Waiting_time_Solve] Agent 7 has waiting time 6
[Waiting_time_Solve] Agent 8 has waiting time 0
[Waiting_time_Solve] Agent 9 has waiting time 57
[Waiting_time_Solve] Agent 10 has waiting time 137
[Waiting_time_Solve] Agent 11 has waiting time 134
[Waiting_time_Solve] Agent 12 has waiting time 2
[Waiting_time_Solve] Agent 13 has waiting time 44
[Waiting_time_Solve] Agent 14 has waiting time 129
[Waiting_time_Solve] Agent 15 has waiting time 98
[Waiting_time_Solve] Agent 16 has waiting time 4
[Waiting_time_Solve] Agent 17 has waiting time 128
[Waiting_time_Solve] Agent 18 has waiting time 92
[Waiting_time_Solve] Agent 19 has waiting time 69
[Waiting_time_Solve] Total available waiting time: 1389
[Waiting_time_Solve] Max iterations: 1389
[Waiting_time_Solve] Iteration 0...
[SAT] Start solving CNF: 323 clauses and 158 variables
[SAT] Agent 16 entry time: 2 exit time: 34
[SAT] Agent 14 entry time: 2 exit time: 6
[SAT] Agent 12 entry time: 13 exit time: 34
[SAT] Agent 8 entry time: 2 exit time: 34
[SAT] Agent 4 entry time: 16 exit time: 34
[SAT] Agent 0 entry time: 2 exit time: 6

[SAT] Start time: 2 End time: 34

[SAT] Solving local zone with SAT iteration 1...
[SAT] Local CNF: 323 clauses 

DEBUG: Adding 323 new clauses to MiniSAT (incremental run)
DEBUG: Clause load summary: input=323, added=323, tautologies_skipped=0, duplicates_skipped=0, unit_clauses=89, empties=0, intra_clause_literals_removed=0, added_but_db_unchanged=92
DEBUG: After adding clauses, solver has 142 clauses and 158 variables
DEBUG: MiniSAT found 158 variables
DEBUG: Assignment size: 158
DEBUG: First few assignment values: 1 1 1 1 1 1 1 1 1 1 

=== DEBUG: cnf_assignment_to_paths ===
Input assignment size: 158

=== END DEBUG ===
[SAT] Found 28 vertex collisions and 0 edge collisions
[SAT] Adding collision clauses and solving again...
[SAT] Solving local zone with SAT iteration 2...
[SAT] Local CNF: 351 clauses 

DEBUG: Adding 28 new clauses to MiniSAT (incremental run)
[SAT] Local problem appears to be unsatisfiable in current zone
[Waiting_time_Solve] No solution found, trying to apply waiting time:1
[Waiting_time_Solve] Applying waiting time 1 to agent 16 who has waiting time 4
[Waiting_time_Solve] New path is consistent after applying waiting time for agent 16
[Current_Solution] Agent 16 used 1 waiting timesteps, 3 remaining
[Waiting_time_Solve] Applied 1 waiting time  for agent 16 who has waiting time 3
[Waiting_time_Solve] ALL Waiting time applied
[Waiting_time_Solve] Extended Zone end time from 34 to 35
[Waiting_time_Solve] Iteration 1...
[SAT] Start solving CNF: 414 clauses and 197 variables
[SAT] Agent 16 entry time: 2 exit time: 35
[SAT] Agent 14 entry time: 2 exit time: 6
[SAT] Agent 12 entry time: 13 exit time: 35
[SAT] Agent 8 entry time: 2 exit time: 34
[SAT] Agent 4 entry time: 16 exit time: 35
[SAT] Agent 0 entry time: 2 exit time: 6

[SAT] Start time: 2 End time: 35

[SAT] Solving local zone with SAT iteration 1...
[SAT] Local CNF: 442 clauses 

DEBUG: Adding 442 new clauses to MiniSAT (incremental run)
DEBUG: Clause load summary: input=442, added=442, tautologies_skipped=0, duplicates_skipped=0, unit_clauses=63, empties=0, intra_clause_literals_removed=0, added_but_db_unchanged=86
DEBUG: After adding clauses, solver has 293 clauses and 197 variables
DEBUG: MiniSAT found 197 variables
DEBUG: Assignment size: 197
DEBUG: First few assignment values: 1 0 1 0 1 0 1 0 1 0 

=== DEBUG: cnf_assignment_to_paths ===
Input assignment size: 197

=== END DEBUG ===
[SAT] Found 0 vertex collisions and 0 edge collisions
[SAT] Found collision-free local solution!
[Waiting_time_Solve] Solution found, updating global solution
[LNS] Updating global solution with pseudo-agent local paths...
[Current_Solution] Updating global solution for agent 16
[Current_Solution] INFO: Segment 16 exit adjusted from 34 to 35 due to waiting time
[Current_Solution] Segment 16 lengthened by 1 timesteps; shifting suffix
[Current_Solution] Global solution is consistent before shifting suffix
[Current_Solution] Global solution is consistent after shifting suffix
[Current_Solution] Global solution is consistent after updating with local path
[LNS] Successfully updated global solution with pseudo-agent local paths!
[Current_Solution] Updating global solution for agent 14
[Current_Solution] Global solution is consistent after updating with local path
[LNS] Successfully updated global solution with pseudo-agent local paths!
[Current_Solution] Updating global solution for agent 12
[Current_Solution] INFO: Segment 12 exit adjusted from 34 to 35 due to waiting time
[Current_Solution] Segment 12 lengthened by 1 timesteps; shifting suffix
[Current_Solution] Global solution is consistent before shifting suffix
[Current_Solution] Global solution is consistent after shifting suffix
[Current_Solution] Global solution is consistent after updating with local path
[LNS] Successfully updated global solution with pseudo-agent local paths!
[Current_Solution] Updating global solution for agent 8
[Current_Solution] Global solution is consistent after updating with local path
[LNS] Successfully updated global solution with pseudo-agent local paths!
[Current_Solution] Updating global solution for agent 4
[Current_Solution] INFO: Segment 4 exit adjusted from 34 to 35 due to waiting time
[Current_Solution] Segment 4 lengthened by 1 timesteps; shifting suffix
[Current_Solution] Global solution is consistent before shifting suffix
[Current_Solution] Global solution is consistent after shifting suffix
[Current_Solution] Global solution is consistent after updating with local path
[LNS] Successfully updated global solution with pseudo-agent local paths!
[Current_Solution] Updating global solution for agent 0
[Current_Solution] Global solution is consistent after updating with local path
[LNS] Successfully updated global solution with pseudo-agent local paths!
[LNS] Updating path map with new local paths...
[LNS] Successfully updated global solution with local paths and pseudo agents!
[Solve_local_zone] Successfully solved local zone
[Solve_local_zone] Final local zone size: 106 (3.2797% of all walkable positions)
[LNS] Successfully solved local zone
[LNS] Analyzing conflicts...
[LNS] Current solution: vertex collisions=8, edge collisions=5
[LNS] Creating conflict buckets...
[LOCAL ZONE] Building diamond bucket for conflict 0
[LOCAL ZONE] Built diamond bucket for conflict 0 with 29 positions, 2 conflicts, 24 - 26 time window
[LNS] Selected most relevant bucket 0 with time window: 24 - 26, 2 conflicts and 29 positions.
[LNS] Solving the best bucket Local Zone...
[Solve_local_zone] Current local zone size: 29 (0.897277% of all walkable positions)
[Solve_local_zone] Local zone time window: [22, 28]
[Waiting_time_Solve] Agent 0 has waiting time 110
[Waiting_time_Solve] Agent 1 has waiting time 74
[Waiting_time_Solve] Agent 2 has waiting time 59
[Waiting_time_Solve] Agent 3 has waiting time 125
[Waiting_time_Solve] Agent 4 has waiting time 5
[Waiting_time_Solve] Agent 5 has waiting time 55
[Waiting_time_Solve] Agent 6 has waiting time 61
[Waiting_time_Solve] Agent 7 has waiting time 6
[Waiting_time_Solve] Agent 8 has waiting time 0
[Waiting_time_Solve] Agent 9 has waiting time 57
[Waiting_time_Solve] Agent 10 has waiting time 137
[Waiting_time_Solve] Agent 11 has waiting time 134
[Waiting_time_Solve] Agent 12 has waiting time 2
[Waiting_time_Solve] Agent 13 has waiting time 44
[Waiting_time_Solve] Agent 14 has waiting time 129
[Waiting_time_Solve] Agent 15 has waiting time 98
[Waiting_time_Solve] Agent 16 has waiting time 3
[Waiting_time_Solve] Agent 17 has waiting time 128
[Waiting_time_Solve] Agent 18 has waiting time 92
[Waiting_time_Solve] Agent 19 has waiting time 69
[Waiting_time_Solve] Total available waiting time: 1388
[Waiting_time_Solve] Max iterations: 1388
[Waiting_time_Solve] Iteration 0...
[SAT] Start solving CNF: 35 clauses and 19 variables
[SAT] Agent 18 entry time: 22 exit time: 28
[SAT] Agent 9 entry time: 22 exit time: 27
[SAT] Agent 7 entry time: 24 exit time: 28

[SAT] Start time: 22 End time: 28

[SAT] Solving local zone with SAT iteration 1...
[SAT] Local CNF: 35 clauses 

DEBUG: Adding 35 new clauses to MiniSAT (incremental run)
DEBUG: Clause load summary: input=35, added=35, tautologies_skipped=0, duplicates_skipped=0, unit_clauses=17, empties=0, intra_clause_literals_removed=0, added_but_db_unchanged=15
DEBUG: After adding clauses, solver has 3 clauses and 19 variables
DEBUG: MiniSAT found 19 variables
DEBUG: Assignment size: 19
DEBUG: First few assignment values: 1 1 1 1 1 1 1 1 1 1 

=== DEBUG: cnf_assignment_to_paths ===
Input assignment size: 19

=== END DEBUG ===
[SAT] Found 1 vertex collisions and 1 edge collisions
[SAT] Adding collision clauses and solving again...
[SAT] Solving local zone with SAT iteration 2...
[SAT] Local CNF: 37 clauses 

DEBUG: Adding 2 new clauses to MiniSAT (incremental run)
[SAT] Local problem appears to be unsatisfiable in current zone
[Waiting_time_Solve] No solution found, trying to apply waiting time:1
[Waiting_time_Solve] Applying waiting time 1 to agent 18 who has waiting time 92
[Waiting_time_Solve] New path is consistent after applying waiting time for agent 18
[Current_Solution] Agent 18 used 1 waiting timesteps, 91 remaining
[Waiting_time_Solve] Applied 1 waiting time  for agent 18 who has waiting time 91
[Waiting_time_Solve] ALL Waiting time applied
[Waiting_time_Solve] Extended Zone end time from 28 to 29
[Waiting_time_Solve] Iteration 1...
[SAT] Start solving CNF: 51 clauses and 27 variables
[SAT] Agent 18 entry time: 22 exit time: 29
[SAT] Agent 9 entry time: 22 exit time: 27
[SAT] Agent 7 entry time: 24 exit time: 29

[SAT] Start time: 22 End time: 29

[SAT] Solving local zone with SAT iteration 1...
[SAT] Local CNF: 53 clauses 

DEBUG: Adding 53 new clauses to MiniSAT (incremental run)
DEBUG: Clause load summary: input=53, added=53, tautologies_skipped=0, duplicates_skipped=0, unit_clauses=13, empties=0, intra_clause_literals_removed=0, added_but_db_unchanged=14
DEBUG: After adding clauses, solver has 26 clauses and 27 variables
DEBUG: MiniSAT found 27 variables
DEBUG: Assignment size: 27
DEBUG: First few assignment values: 1 0 1 0 1 0 1 0 1 0 

=== DEBUG: cnf_assignment_to_paths ===
Input assignment size: 27

=== END DEBUG ===
[SAT] Found 1 vertex collisions and 1 edge collisions
[SAT] Adding collision clauses and solving again...
[SAT] Solving local zone with SAT iteration 2...
[SAT] Local CNF: 55 clauses 

DEBUG: Adding 2 new clauses to MiniSAT (incremental run)
[SAT] Local problem appears to be unsatisfiable in current zone
[Waiting_time_Solve] No solution found, trying to apply waiting time:2
[Waiting_time_Solve] Applying waiting time 2 to agent 18 who has waiting time 91
[Waiting_time_Solve] New path is consistent after applying waiting time for agent 18
[Current_Solution] Agent 18 used 2 waiting timesteps, 89 remaining
[Waiting_time_Solve] Applied 2 waiting time  for agent 18 who has waiting time 89
[Waiting_time_Solve] ALL Waiting time applied
[Waiting_time_Solve] Extended Zone end time from 29 to 31
[Waiting_time_Solve] Iteration 2...
[SAT] Start solving CNF: 242 clauses and 69 variables
[SAT] Agent 18 entry time: 22 exit time: 31
[SAT] Agent 9 entry time: 22 exit time: 27
[SAT] Agent 7 entry time: 24 exit time: 31

[SAT] Start time: 22 End time: 31

[SAT] Solving local zone with SAT iteration 1...
[SAT] Local CNF: 246 clauses 

DEBUG: Adding 246 new clauses to MiniSAT (incremental run)
DEBUG: Clause load summary: input=246, added=246, tautologies_skipped=0, duplicates_skipped=0, unit_clauses=15, empties=0, intra_clause_literals_removed=0, added_but_db_unchanged=19
DEBUG: After adding clauses, solver has 212 clauses and 69 variables
DEBUG: MiniSAT found 69 variables
DEBUG: Assignment size: 69
DEBUG: First few assignment values: 1 0 1 0 0 1 0 0 0 0 

=== DEBUG: cnf_assignment_to_paths ===
Input assignment size: 69

=== END DEBUG ===
[SAT] Found 1 vertex collisions and 1 edge collisions
[SAT] Adding collision clauses and solving again...
[SAT] Solving local zone with SAT iteration 2...
[SAT] Local CNF: 248 clauses 

DEBUG: Adding 2 new clauses to MiniSAT (incremental run)
DEBUG: Clause load summary: input=2, added=2, tautologies_skipped=0, duplicates_skipped=0, unit_clauses=0, empties=0, intra_clause_literals_removed=0, added_but_db_unchanged=1
DEBUG: After adding clauses, solver has 198 clauses and 69 variables
DEBUG: MiniSAT found 69 variables
DEBUG: Assignment size: 69
DEBUG: First few assignment values: 1 0 0 1 0 0 0 0 0 0 

=== DEBUG: cnf_assignment_to_paths ===
Input assignment size: 69

=== END DEBUG ===
[SAT] Found 1 vertex collisions and 0 edge collisions
[SAT] Adding collision clauses and solving again...
[SAT] Solving local zone with SAT iteration 3...
[SAT] Local CNF: 249 clauses 

DEBUG: Adding 1 new clauses to MiniSAT (incremental run)
[SAT] Local problem appears to be unsatisfiable in current zone
[Waiting_time_Solve] No solution found, trying to apply waiting time:3
[Waiting_time_Solve] Applying waiting time 3 to agent 18 who has waiting time 89
[Waiting_time_Solve] New path is consistent after applying waiting time for agent 18
[Current_Solution] Agent 18 used 3 waiting timesteps, 86 remaining
[Waiting_time_Solve] Applied 3 waiting time  for agent 18 who has waiting time 86
[Waiting_time_Solve] ALL Waiting time applied
[Waiting_time_Solve] Extended Zone end time from 31 to 34
[Waiting_time_Solve] Iteration 3...
[SAT] Start solving CNF: 1177 clauses and 157 variables
[SAT] Agent 18 entry time: 22 exit time: 34
[SAT] Agent 9 entry time: 22 exit time: 27
[SAT] Agent 7 entry time: 24 exit time: 32

[SAT] Start time: 22 End time: 34

[SAT] Solving local zone with SAT iteration 1...
[SAT] Local CNF: 1184 clauses 

DEBUG: Adding 1184 new clauses to MiniSAT (incremental run)
DEBUG: Clause load summary: input=1184, added=1184, tautologies_skipped=0, duplicates_skipped=0, unit_clauses=16, empties=0, intra_clause_literals_removed=0, added_but_db_unchanged=22
DEBUG: After adding clauses, solver has 1146 clauses and 157 variables
DEBUG: MiniSAT found 157 variables
DEBUG: Assignment size: 157
DEBUG: First few assignment values: 1 0 1 0 0 1 0 0 0 0 

=== DEBUG: cnf_assignment_to_paths ===
Input assignment size: 157

=== END DEBUG ===
[SAT] Found 1 vertex collisions and 1 edge collisions
[SAT] Adding collision clauses and solving again...
[SAT] Solving local zone with SAT iteration 2...
[SAT] Local CNF: 1186 clauses 

DEBUG: Adding 2 new clauses to MiniSAT (incremental run)
DEBUG: Clause load summary: input=2, added=2, tautologies_skipped=0, duplicates_skipped=0, unit_clauses=0, empties=0, intra_clause_literals_removed=0, added_but_db_unchanged=1
DEBUG: After adding clauses, solver has 1091 clauses and 157 variables
DEBUG: MiniSAT found 157 variables
DEBUG: Assignment size: 157
DEBUG: First few assignment values: 1 0 1 0 0 1 0 0 0 0 

=== DEBUG: cnf_assignment_to_paths ===
Input assignment size: 157

=== END DEBUG ===
[SAT] Found 0 vertex collisions and 1 edge collisions
[SAT] Adding collision clauses and solving again...
[SAT] Solving local zone with SAT iteration 3...
[SAT] Local CNF: 1187 clauses 

DEBUG: Adding 1 new clauses to MiniSAT (incremental run)
DEBUG: Clause load summary: input=1, added=1, tautologies_skipped=0, duplicates_skipped=0, unit_clauses=0, empties=0, intra_clause_literals_removed=0, added_but_db_unchanged=0
DEBUG: After adding clauses, solver has 1092 clauses and 157 variables
DEBUG: MiniSAT found 157 variables
DEBUG: Assignment size: 157
DEBUG: First few assignment values: 1 0 1 0 0 1 0 0 0 0 

=== DEBUG: cnf_assignment_to_paths ===
Input assignment size: 157

=== END DEBUG ===
[SAT] Found 1 vertex collisions and 0 edge collisions
[SAT] Adding collision clauses and solving again...
[SAT] Solving local zone with SAT iteration 4...
[SAT] Local CNF: 1188 clauses 

DEBUG: Adding 1 new clauses to MiniSAT (incremental run)
DEBUG: Clause load summary: input=1, added=1, tautologies_skipped=0, duplicates_skipped=0, unit_clauses=0, empties=0, intra_clause_literals_removed=0, added_but_db_unchanged=1
DEBUG: After adding clauses, solver has 1092 clauses and 157 variables
[SAT] Local problem appears to be unsatisfiable in current zone
[Waiting_time_Solve] No solution found, trying to apply waiting time:4
[Waiting_time_Solve] Applying waiting time 4 to agent 18 who has waiting time 86
[Waiting_time_Solve] New path is consistent after applying waiting time for agent 18
[Current_Solution] Agent 18 used 4 waiting timesteps, 82 remaining
[Waiting_time_Solve] Applied 4 waiting time  for agent 18 who has waiting time 82
[Waiting_time_Solve] ALL Waiting time applied
[Waiting_time_Solve] Extended Zone end time from 34 to 38
[Waiting_time_Solve] Iteration 4...
[SAT] Start solving CNF: 2896 clauses and 273 variables
[SAT] Agent 18 entry time: 22 exit time: 38
[SAT] Agent 9 entry time: 22 exit time: 27
[SAT] Agent 7 entry time: 24 exit time: 32

[SAT] Start time: 22 End time: 38

[SAT] Solving local zone with SAT iteration 1...
[SAT] Local CNF: 2907 clauses 

DEBUG: Adding 2907 new clauses to MiniSAT (incremental run)
DEBUG: Clause load summary: input=2907, added=2907, tautologies_skipped=0, duplicates_skipped=0, unit_clauses=16, empties=0, intra_clause_literals_removed=0, added_but_db_unchanged=24
DEBUG: After adding clauses, solver has 2867 clauses and 273 variables
DEBUG: MiniSAT found 273 variables
DEBUG: Assignment size: 273
DEBUG: First few assignment values: 1 0 1 0 0 1 0 0 0 0 

=== DEBUG: cnf_assignment_to_paths ===
Input assignment size: 273

=== END DEBUG ===
[SAT] Found 0 vertex collisions and 0 edge collisions
[SAT] Found collision-free local solution!
[Waiting_time_Solve] Solution found, updating global solution
[LNS] Updating global solution with pseudo-agent local paths...
[Current_Solution] Updating global solution for agent 18
[Current_Solution] INFO: Segment 18 exit adjusted from 28 to 38 due to waiting time
[Current_Solution] Segment 18 lengthened by 10 timesteps; shifting suffix
[Current_Solution] Global solution is consistent before shifting suffix
[Current_Solution] Global solution is consistent after shifting suffix
[Current_Solution] Global solution is consistent after updating with local path
[LNS] Successfully updated global solution with pseudo-agent local paths!
[Current_Solution] Updating global solution for agent 9
[Current_Solution] Global solution is consistent after updating with local path
[LNS] Successfully updated global solution with pseudo-agent local paths!
[Current_Solution] Updating global solution for agent 7
[Current_Solution] INFO: Segment 7 exit adjusted from 28 to 32 due to waiting time
[Current_Solution] Segment 7 lengthened by 4 timesteps; shifting suffix
[Current_Solution] Global solution is consistent before shifting suffix
[Current_Solution] Global solution is consistent after shifting suffix
[Current_Solution] Global solution is consistent after updating with local path
[LNS] Successfully updated global solution with pseudo-agent local paths!
[LNS] Updating path map with new local paths...
[LNS] Successfully updated global solution with local paths and pseudo agents!
[Solve_local_zone] Successfully solved local zone
[Solve_local_zone] Final local zone size: 29 (0.897277% of all walkable positions)
[LNS] Successfully solved local zone
[LNS] Analyzing conflicts...
[LNS] Current solution: vertex collisions=7, edge collisions=4
[LNS] Creating conflict buckets...
[LOCAL ZONE] Building diamond bucket for conflict 0
[LOCAL ZONE] Built diamond bucket for conflict 0 with 17 positions, 2 conflicts, 27 - 27 time window
[LNS] Selected most relevant bucket 0 with time window: 27 - 27, 2 conflicts and 17 positions.
[LNS] Solving the best bucket Local Zone...
[Solve_local_zone] Current local zone size: 17 (0.52599% of all walkable positions)
[Solve_local_zone] Local zone time window: [25, 29]
[Waiting_time_Solve] Agent 0 has waiting time 110
[Waiting_time_Solve] Agent 1 has waiting time 74
[Waiting_time_Solve] Agent 2 has waiting time 59
[Waiting_time_Solve] Agent 3 has waiting time 125
[Waiting_time_Solve] Agent 4 has waiting time 5
[Waiting_time_Solve] Agent 5 has waiting time 55
[Waiting_time_Solve] Agent 6 has waiting time 61
[Waiting_time_Solve] Agent 7 has waiting time 6
[Waiting_time_Solve] Agent 8 has waiting time 0
[Waiting_time_Solve] Agent 9 has waiting time 57
[Waiting_time_Solve] Agent 10 has waiting time 137
[Waiting_time_Solve] Agent 11 has waiting time 134
[Waiting_time_Solve] Agent 12 has waiting time 2
[Waiting_time_Solve] Agent 13 has waiting time 44
[Waiting_time_Solve] Agent 14 has waiting time 129
[Waiting_time_Solve] Agent 15 has waiting time 98
[Waiting_time_Solve] Agent 16 has waiting time 3
[Waiting_time_Solve] Agent 17 has waiting time 128
[Waiting_time_Solve] Agent 18 has waiting time 82
[Waiting_time_Solve] Agent 19 has waiting time 69
[Waiting_time_Solve] Total available waiting time: 1378
[Waiting_time_Solve] Max iterations: 1378
[Waiting_time_Solve] Iteration 0...
[SAT] Start solving CNF: 28 clauses and 16 variables
[SAT] Agent 19 entry time: 25 exit time: 29
[SAT] Agent 6 entry time: 29 exit time: 29
[SAT] Agent 15 entry time: 25 exit time: 29
[SAT] Agent 2 entry time: 25 exit time: 29

[SAT] Start time: 25 End time: 29

[SAT] Solving local zone with SAT iteration 1...
[SAT] Local CNF: 28 clauses 

DEBUG: Adding 28 new clauses to MiniSAT (incremental run)
DEBUG: Clause load summary: input=28, added=28, tautologies_skipped=0, duplicates_skipped=0, unit_clauses=16, empties=0, intra_clause_literals_removed=0, added_but_db_unchanged=12
DEBUG: After adding clauses, solver has 0 clauses and 16 variables
DEBUG: MiniSAT found 16 variables
DEBUG: Assignment size: 16
DEBUG: First few assignment values: 1 1 1 1 1 1 1 1 1 1 

=== DEBUG: cnf_assignment_to_paths ===
Input assignment size: 16

=== END DEBUG ===
[SAT] Found 1 vertex collisions and 1 edge collisions
[SAT] Adding collision clauses and solving again...
[SAT] Solving local zone with SAT iteration 2...
[SAT] Local CNF: 30 clauses 

DEBUG: Adding 2 new clauses to MiniSAT (incremental run)
[SAT] Local problem appears to be unsatisfiable in current zone
[Waiting_time_Solve] No solution found, trying to apply waiting time:1
[Waiting_time_Solve] Applying waiting time 1 to agent 15 who has waiting time 98
[Waiting_time_Solve] New path is consistent after applying waiting time for agent 15
[Current_Solution] Agent 15 used 1 waiting timesteps, 97 remaining
[Waiting_time_Solve] Applied 1 waiting time  for agent 15 who has waiting time 97
[Waiting_time_Solve] Applying waiting time 1 to agent 19 who has waiting time 69
[Waiting_time_Solve] New path is consistent after applying waiting time for agent 19
[Current_Solution] Agent 19 used 1 waiting timesteps, 68 remaining
[Waiting_time_Solve] Applied 1 waiting time  for agent 19 who has waiting time 68
[Waiting_time_Solve] ALL Waiting time applied
[Waiting_time_Solve] Extended Zone end time from 29 to 30
[Waiting_time_Solve] Iteration 1...
[SAT] Start solving CNF: 54 clauses and 29 variables
[SAT] Agent 19 entry time: 25 exit time: 30
[SAT] Agent 6 entry time: 29 exit time: 30
[SAT] Agent 15 entry time: 25 exit time: 30
[SAT] Agent 2 entry time: 25 exit time: 30

[SAT] Start time: 25 End time: 30

[SAT] Solving local zone with SAT iteration 1...
[SAT] Local CNF: 56 clauses 

DEBUG: Adding 56 new clauses to MiniSAT (incremental run)
DEBUG: Clause load summary: input=56, added=56, tautologies_skipped=0, duplicates_skipped=0, unit_clauses=11, empties=0, intra_clause_literals_removed=0, added_but_db_unchanged=11
DEBUG: After adding clauses, solver has 34 clauses and 29 variables
DEBUG: MiniSAT found 29 variables
DEBUG: Assignment size: 29
DEBUG: First few assignment values: 1 0 1 0 1 0 1 0 1 1 

=== DEBUG: cnf_assignment_to_paths ===
Input assignment size: 29

=== END DEBUG ===
[SAT] Found 1 vertex collisions and 1 edge collisions
[SAT] Adding collision clauses and solving again...
[SAT] Solving local zone with SAT iteration 2...
[SAT] Local CNF: 58 clauses 

DEBUG: Adding 2 new clauses to MiniSAT (incremental run)
[SAT] Local problem appears to be unsatisfiable in current zone
[Waiting_time_Solve] No solution found, trying to apply waiting time:2
[Waiting_time_Solve] Applying waiting time 2 to agent 19 who has waiting time 68
[Waiting_time_Solve] New path is consistent after applying waiting time for agent 19
[Current_Solution] Agent 19 used 2 waiting timesteps, 66 remaining
[Waiting_time_Solve] Applied 2 waiting time  for agent 19 who has waiting time 66
[Waiting_time_Solve] Applying waiting time 2 to agent 15 who has waiting time 97
[Waiting_time_Solve] New path is consistent after applying waiting time for agent 15
[Current_Solution] Agent 15 used 2 waiting timesteps, 95 remaining
[Waiting_time_Solve] Applied 2 waiting time  for agent 15 who has waiting time 95
[Waiting_time_Solve] ALL Waiting time applied
[Waiting_time_Solve] Extended Zone end time from 30 to 32
[Waiting_time_Solve] Iteration 2...
[SAT] Start solving CNF: 280 clauses and 83 variables
[SAT] Agent 19 entry time: 25 exit time: 32
[SAT] Agent 6 entry time: 29 exit time: 32
[SAT] Agent 15 entry time: 25 exit time: 32
[SAT] Agent 2 entry time: 25 exit time: 30

[SAT] Start time: 25 End time: 32

[SAT] Solving local zone with SAT iteration 1...
[SAT] Local CNF: 284 clauses 

DEBUG: Adding 284 new clauses to MiniSAT (incremental run)
DEBUG: Clause load summary: input=284, added=284, tautologies_skipped=0, duplicates_skipped=0, unit_clauses=13, empties=0, intra_clause_literals_removed=0, added_but_db_unchanged=19
DEBUG: After adding clauses, solver has 252 clauses and 83 variables
DEBUG: MiniSAT found 83 variables
DEBUG: Assignment size: 83
DEBUG: First few assignment values: 1 0 1 0 0 0 1 0 1 0 

=== DEBUG: cnf_assignment_to_paths ===
Input assignment size: 83

=== END DEBUG ===
[SAT] Found 2 vertex collisions and 0 edge collisions
[SAT] Adding collision clauses and solving again...
[SAT] Solving local zone with SAT iteration 2...
[SAT] Local CNF: 286 clauses 

DEBUG: Adding 2 new clauses to MiniSAT (incremental run)
DEBUG: Clause load summary: input=2, added=2, tautologies_skipped=0, duplicates_skipped=0, unit_clauses=0, empties=0, intra_clause_literals_removed=0, added_but_db_unchanged=2
DEBUG: After adding clauses, solver has 236 clauses and 83 variables
DEBUG: MiniSAT found 83 variables
DEBUG: Assignment size: 83
DEBUG: First few assignment values: 1 0 1 0 0 0 1 0 1 0 

=== DEBUG: cnf_assignment_to_paths ===
Input assignment size: 83

=== END DEBUG ===
[SAT] Found 5 vertex collisions and 1 edge collisions
[SAT] Adding collision clauses and solving again...
[SAT] Solving local zone with SAT iteration 3...
[SAT] Local CNF: 292 clauses 

DEBUG: Adding 6 new clauses to MiniSAT (incremental run)
[SAT] Local problem appears to be unsatisfiable in current zone
[Waiting_time_Solve] No solution found, trying to apply waiting time:3
[Waiting_time_Solve] Applying waiting time 3 to agent 15 who has waiting time 95
[Waiting_time_Solve] New path is consistent after applying waiting time for agent 15
[Current_Solution] Agent 15 used 3 waiting timesteps, 92 remaining
[Waiting_time_Solve] Applied 3 waiting time  for agent 15 who has waiting time 92
[Waiting_time_Solve] Applying waiting time 3 to agent 19 who has waiting time 66
[Waiting_time_Solve] New path is consistent after applying waiting time for agent 19
[Current_Solution] Agent 19 used 3 waiting timesteps, 63 remaining
[Waiting_time_Solve] Applied 3 waiting time  for agent 19 who has waiting time 63
[Waiting_time_Solve] ALL Waiting time applied
[Waiting_time_Solve] Extended Zone end time from 32 to 35
[Waiting_time_Solve] Iteration 3...
[SAT] Start solving CNF: 1098 clauses and 188 variables
[SAT] Agent 19 entry time: 25 exit time: 35
[SAT] Agent 6 entry time: 29 exit time: 35
[SAT] Agent 15 entry time: 25 exit time: 35
[SAT] Agent 2 entry time: 25 exit time: 30

[SAT] Start time: 25 End time: 35

[SAT] Solving local zone with SAT iteration 1...
[SAT] Local CNF: 1110 clauses 

DEBUG: Adding 1110 new clauses to MiniSAT (incremental run)
DEBUG: Clause load summary: input=1110, added=1110, tautologies_skipped=0, duplicates_skipped=0, unit_clauses=16, empties=0, intra_clause_literals_removed=0, added_but_db_unchanged=25
DEBUG: After adding clauses, solver has 1069 clauses and 188 variables
DEBUG: MiniSAT found 188 variables
DEBUG: Assignment size: 188
DEBUG: First few assignment values: 1 0 1 0 0 0 1 0 1 0 

=== DEBUG: cnf_assignment_to_paths ===
Input assignment size: 188

=== END DEBUG ===
[SAT] Found 2 vertex collisions and 4 edge collisions
[SAT] Adding collision clauses and solving again...
[SAT] Solving local zone with SAT iteration 2...
[SAT] Local CNF: 1116 clauses 

DEBUG: Adding 6 new clauses to MiniSAT (incremental run)
DEBUG: Clause load summary: input=6, added=6, tautologies_skipped=0, duplicates_skipped=0, unit_clauses=0, empties=0, intra_clause_literals_removed=0, added_but_db_unchanged=4
DEBUG: After adding clauses, solver has 1015 clauses and 188 variables
DEBUG: MiniSAT found 188 variables
DEBUG: Assignment size: 188
DEBUG: First few assignment values: 1 0 1 0 0 0 0 1 0 0 

=== DEBUG: cnf_assignment_to_paths ===
Input assignment size: 188

=== END DEBUG ===
[SAT] Found 3 vertex collisions and 3 edge collisions
[SAT] Adding collision clauses and solving again...
[SAT] Solving local zone with SAT iteration 3...
[SAT] Local CNF: 1122 clauses 

DEBUG: Adding 6 new clauses to MiniSAT (incremental run)
DEBUG: Clause load summary: input=6, added=6, tautologies_skipped=0, duplicates_skipped=0, unit_clauses=0, empties=0, intra_clause_literals_removed=0, added_but_db_unchanged=2
DEBUG: After adding clauses, solver has 1019 clauses and 188 variables
DEBUG: MiniSAT found 188 variables
DEBUG: Assignment size: 188
DEBUG: First few assignment values: 1 1 0 0 1 0 0 0 0 0 

=== DEBUG: cnf_assignment_to_paths ===
Input assignment size: 188

=== END DEBUG ===
[SAT] Found 2 vertex collisions and 2 edge collisions
[SAT] Adding collision clauses and solving again...
[SAT] Solving local zone with SAT iteration 4...
[SAT] Local CNF: 1126 clauses 

DEBUG: Adding 4 new clauses to MiniSAT (incremental run)
DEBUG: Clause load summary: input=4, added=4, tautologies_skipped=0, duplicates_skipped=0, unit_clauses=0, empties=0, intra_clause_literals_removed=0, added_but_db_unchanged=1
DEBUG: After adding clauses, solver has 1022 clauses and 188 variables
[SAT] Local problem appears to be unsatisfiable in current zone
[Waiting_time_Solve] No solution found, trying to apply waiting time:4
[Waiting_time_Solve] Applying waiting time 4 to agent 15 who has waiting time 92
[Waiting_time_Solve] New path is consistent after applying waiting time for agent 15
[Current_Solution] Agent 15 used 4 waiting timesteps, 88 remaining
[Waiting_time_Solve] Applied 4 waiting time  for agent 15 who has waiting time 88
[Waiting_time_Solve] Applying waiting time 4 to agent 19 who has waiting time 63
[Waiting_time_Solve] New path is consistent after applying waiting time for agent 19
[Current_Solution] Agent 19 used 4 waiting timesteps, 59 remaining
[Waiting_time_Solve] Applied 4 waiting time  for agent 19 who has waiting time 59
[Waiting_time_Solve] ALL Waiting time applied
[Waiting_time_Solve] Extended Zone end time from 35 to 39
[Waiting_time_Solve] Iteration 4...
[SAT] Start solving CNF: 2330 clauses and 324 variables
[SAT] Agent 19 entry time: 25 exit time: 39
[SAT] Agent 6 entry time: 29 exit time: 35
[SAT] Agent 15 entry time: 25 exit time: 39
[SAT] Agent 2 entry time: 25 exit time: 30

[SAT] Start time: 25 End time: 39

[SAT] Solving local zone with SAT iteration 1...
[SAT] Local CNF: 2358 clauses 

DEBUG: Adding 2358 new clauses to MiniSAT (incremental run)
DEBUG: Clause load summary: input=2358, added=2358, tautologies_skipped=0, duplicates_skipped=0, unit_clauses=16, empties=0, intra_clause_literals_removed=0, added_but_db_unchanged=32
DEBUG: After adding clauses, solver has 2310 clauses and 324 variables
DEBUG: MiniSAT found 324 variables
DEBUG: Assignment size: 324
DEBUG: First few assignment values: 1 0 1 0 0 0 1 0 1 0 

=== DEBUG: cnf_assignment_to_paths ===
Input assignment size: 324

=== END DEBUG ===
[SAT] Found 1 vertex collisions and 5 edge collisions
[SAT] Adding collision clauses and solving again...
[SAT] Solving local zone with SAT iteration 2...
[SAT] Local CNF: 2364 clauses 

DEBUG: Adding 6 new clauses to MiniSAT (incremental run)
DEBUG: Clause load summary: input=6, added=6, tautologies_skipped=0, duplicates_skipped=0, unit_clauses=0, empties=0, intra_clause_literals_removed=0, added_but_db_unchanged=3
DEBUG: After adding clauses, solver has 2185 clauses and 324 variables
DEBUG: MiniSAT found 324 variables
DEBUG: Assignment size: 324
DEBUG: First few assignment values: 1 0 1 0 0 0 1 0 1 0 

=== DEBUG: cnf_assignment_to_paths ===
Input assignment size: 324

=== END DEBUG ===
[SAT] Found 0 vertex collisions and 0 edge collisions
[SAT] Found collision-free local solution!
[Waiting_time_Solve] Solution found, updating global solution
[LNS] Updating global solution with pseudo-agent local paths...
[Current_Solution] Updating global solution for agent 19
[Current_Solution] INFO: Segment 19 exit adjusted from 29 to 39 due to waiting time
[Current_Solution] Segment 19 lengthened by 10 timesteps; shifting suffix
[Current_Solution] Global solution is consistent before shifting suffix
[Current_Solution] Global solution is consistent after shifting suffix
[Current_Solution] Global solution is consistent after updating with local path
[LNS] Successfully updated global solution with pseudo-agent local paths!
[Current_Solution] Updating global solution for agent 6
[Current_Solution] INFO: Segment 6 exit adjusted from 29 to 35 due to waiting time
[Current_Solution] Segment 6 lengthened by 6 timesteps; shifting suffix
[Current_Solution] Global solution is consistent before shifting suffix
[Current_Solution] Global solution is consistent after shifting suffix
[Current_Solution] Global solution is consistent after updating with local path
[LNS] Successfully updated global solution with pseudo-agent local paths!
[Current_Solution] Updating global solution for agent 15
[Current_Solution] INFO: Segment 15 exit adjusted from 29 to 39 due to waiting time
[Current_Solution] Segment 15 lengthened by 10 timesteps; shifting suffix
[Current_Solution] Global solution is consistent before shifting suffix
[Current_Solution] Global solution is consistent after shifting suffix
[Current_Solution] Global solution is consistent after updating with local path
[LNS] Successfully updated global solution with pseudo-agent local paths!
[Current_Solution] Updating global solution for agent 2
[Current_Solution] INFO: Segment 2 exit adjusted from 29 to 30 due to waiting time
[Current_Solution] Segment 2 lengthened by 1 timesteps; shifting suffix
[Current_Solution] Global solution is consistent before shifting suffix
[Current_Solution] Global solution is consistent after shifting suffix
[Current_Solution] Global solution is consistent after updating with local path
[LNS] Successfully updated global solution with pseudo-agent local paths!
[LNS] Updating path map with new local paths...
[LNS] Successfully updated global solution with local paths and pseudo agents!
[Solve_local_zone] Successfully solved local zone
[Solve_local_zone] Final local zone size: 17 (0.52599% of all walkable positions)
[LNS] Successfully solved local zone
[LNS] Analyzing conflicts...
[LNS] Current solution: vertex collisions=5, edge collisions=3
[LNS] Creating conflict buckets...
[LOCAL ZONE] Building diamond bucket for conflict 5
[LOCAL ZONE] Built diamond bucket for conflict 5 with 13 positions, 1 conflicts, 42 - 42 time window
[LNS] Selected most relevant bucket 5 with time window: 42 - 42, 1 conflicts and 13 positions.
[LNS] Solving the best bucket Local Zone...
[Solve_local_zone] Current local zone size: 13 (0.402228% of all walkable positions)
[Solve_local_zone] Local zone time window: [40, 44]
[Waiting_time_Solve] Agent 0 has waiting time 110
[Waiting_time_Solve] Agent 1 has waiting time 74
[Waiting_time_Solve] Agent 2 has waiting time 59
[Waiting_time_Solve] Agent 3 has waiting time 125
[Waiting_time_Solve] Agent 4 has waiting time 5
[Waiting_time_Solve] Agent 5 has waiting time 55
[Waiting_time_Solve] Agent 6 has waiting time 61
[Waiting_time_Solve] Agent 7 has waiting time 6
[Waiting_time_Solve] Agent 8 has waiting time 0
[Waiting_time_Solve] Agent 9 has waiting time 57
[Waiting_time_Solve] Agent 10 has waiting time 137
[Waiting_time_Solve] Agent 11 has waiting time 134
[Waiting_time_Solve] Agent 12 has waiting time 2
[Waiting_time_Solve] Agent 13 has waiting time 44
[Waiting_time_Solve] Agent 14 has waiting time 129
[Waiting_time_Solve] Agent 15 has waiting time 88
[Waiting_time_Solve] Agent 16 has waiting time 3
[Waiting_time_Solve] Agent 17 has waiting time 128
[Waiting_time_Solve] Agent 18 has waiting time 82
[Waiting_time_Solve] Agent 19 has waiting time 59
[Waiting_time_Solve] Total available waiting time: 1358
[Waiting_time_Solve] Max iterations: 1358
[Waiting_time_Solve] Iteration 0...
[SAT] Start solving CNF: 18 clauses and 10 variables
[SAT] Agent 9 entry time: 40 exit time: 44
[SAT] Agent 1 entry time: 40 exit time: 44

[SAT] Start time: 40 End time: 44

[SAT] Solving local zone with SAT iteration 1...
[SAT] Local CNF: 18 clauses 

DEBUG: Adding 18 new clauses to MiniSAT (incremental run)
DEBUG: Clause load summary: input=18, added=18, tautologies_skipped=0, duplicates_skipped=0, unit_clauses=10, empties=0, intra_clause_literals_removed=0, added_but_db_unchanged=8
DEBUG: After adding clauses, solver has 0 clauses and 10 variables
DEBUG: MiniSAT found 10 variables
DEBUG: Assignment size: 10
DEBUG: First few assignment values: 1 1 1 1 1 1 1 1 1 1 

=== DEBUG: cnf_assignment_to_paths ===
Input assignment size: 10

=== END DEBUG ===
[SAT] Found 0 vertex collisions and 1 edge collisions
[SAT] Adding collision clauses and solving again...
[SAT] Solving local zone with SAT iteration 2...
[SAT] Local CNF: 19 clauses 

DEBUG: Adding 1 new clauses to MiniSAT (incremental run)
[SAT] Local problem appears to be unsatisfiable in current zone
[Waiting_time_Solve] No solution found, trying to apply waiting time:1
[Waiting_time_Solve] Applying waiting time 1 to agent 1 who has waiting time 74
[Waiting_time_Solve] New path is consistent after applying waiting time for agent 1
[Current_Solution] Agent 1 used 1 waiting timesteps, 73 remaining
[Waiting_time_Solve] Applied 1 waiting time  for agent 1 who has waiting time 73
[Waiting_time_Solve] ALL Waiting time applied
[Waiting_time_Solve] Extended Zone end time from 44 to 45
[Create_Local_Problem] Agent 7 is new in the zone
[Waiting_time_Solve] Iteration 1...
[SAT] Start solving CNF: 31 clauses and 17 variables
[SAT] Agent 7 entry time: 45 exit time: 45
[SAT] Agent 9 entry time: 40 exit time: 45
[SAT] Agent 1 entry time: 40 exit time: 45

[SAT] Start time: 40 End time: 45

[SAT] Solving local zone with SAT iteration 1...
[SAT] Local CNF: 32 clauses 

DEBUG: Adding 32 new clauses to MiniSAT (incremental run)
DEBUG: Clause load summary: input=32, added=32, tautologies_skipped=0, duplicates_skipped=0, unit_clauses=9, empties=0, intra_clause_literals_removed=0, added_but_db_unchanged=7
DEBUG: After adding clauses, solver has 16 clauses and 17 variables
DEBUG: MiniSAT found 17 variables
DEBUG: Assignment size: 17
DEBUG: First few assignment values: 1 1 1 1 1 1 1 1 0 1 

=== DEBUG: cnf_assignment_to_paths ===
Input assignment size: 17

=== END DEBUG ===
[SAT] Found 1 vertex collisions and 0 edge collisions
[SAT] Adding collision clauses and solving again...
[SAT] Solving local zone with SAT iteration 2...
[SAT] Local CNF: 33 clauses 

DEBUG: Adding 1 new clauses to MiniSAT (incremental run)
[SAT] Local problem appears to be unsatisfiable in current zone
[Waiting_time_Solve] No solution found, trying to apply waiting time:2
[Waiting_time_Solve] Applying waiting time 2 to agent 1 who has waiting time 73
[Waiting_time_Solve] New path is consistent after applying waiting time for agent 1
[Current_Solution] Agent 1 used 2 waiting timesteps, 71 remaining
[Waiting_time_Solve] Applied 2 waiting time  for agent 1 who has waiting time 71
[Waiting_time_Solve] ALL Waiting time applied
[Waiting_time_Solve] Extended Zone end time from 45 to 47
[Waiting_time_Solve] Iteration 2...
[SAT] Start solving CNF: 123 clauses and 41 variables
[SAT] Agent 7 entry time: 45 exit time: 47
[SAT] Agent 9 entry time: 40 exit time: 45
[SAT] Agent 1 entry time: 40 exit time: 47

[SAT] Start time: 40 End time: 47

[SAT] Solving local zone with SAT iteration 1...
[SAT] Local CNF: 125 clauses 

DEBUG: Adding 125 new clauses to MiniSAT (incremental run)
DEBUG: Clause load summary: input=125, added=125, tautologies_skipped=0, duplicates_skipped=0, unit_clauses=11, empties=0, intra_clause_literals_removed=0, added_but_db_unchanged=13
DEBUG: After adding clauses, solver has 101 clauses and 41 variables
DEBUG: MiniSAT found 41 variables
DEBUG: Assignment size: 41
DEBUG: First few assignment values: 1 1 1 1 1 1 1 1 1 1 

=== DEBUG: cnf_assignment_to_paths ===
Input assignment size: 41

=== END DEBUG ===
[SAT] Found 1 vertex collisions and 1 edge collisions
[SAT] Adding collision clauses and solving again...
[SAT] Solving local zone with SAT iteration 2...
[SAT] Local CNF: 127 clauses 

DEBUG: Adding 2 new clauses to MiniSAT (incremental run)
DEBUG: Clause load summary: input=2, added=2, tautologies_skipped=0, duplicates_skipped=0, unit_clauses=0, empties=0, intra_clause_literals_removed=0, added_but_db_unchanged=1
DEBUG: After adding clauses, solver has 96 clauses and 41 variables
DEBUG: MiniSAT found 41 variables
DEBUG: Assignment size: 41
DEBUG: First few assignment values: 1 1 1 1 1 1 1 1 1 1 

=== DEBUG: cnf_assignment_to_paths ===
Input assignment size: 41

=== END DEBUG ===
[SAT] Found 0 vertex collisions and 0 edge collisions
[SAT] Found collision-free local solution!
[Waiting_time_Solve] Solution found, updating global solution
[LNS] Updating global solution with pseudo-agent local paths...
[Current_Solution] Updating global solution for agent 7
[Current_Solution] INFO: Segment 7 exit adjusted from 45 to 47 due to waiting time
[Current_Solution] Segment 7 lengthened by 2 timesteps; shifting suffix
[Current_Solution] Global solution is consistent before shifting suffix
[Current_Solution] Global solution is consistent after shifting suffix
[Current_Solution] Global solution is consistent after updating with local path
[LNS] Successfully updated global solution with pseudo-agent local paths!
[Current_Solution] Updating global solution for agent 9
[Current_Solution] INFO: Segment 9 exit adjusted from 44 to 45 due to waiting time
[Current_Solution] Segment 9 lengthened by 1 timesteps; shifting suffix
[Current_Solution] Global solution is consistent before shifting suffix
[Current_Solution] Global solution is consistent after shifting suffix
[Current_Solution] Global solution is consistent after updating with local path
[LNS] Successfully updated global solution with pseudo-agent local paths!
[Current_Solution] Updating global solution for agent 1
[Current_Solution] INFO: Segment 1 exit adjusted from 44 to 47 due to waiting time
[Current_Solution] Segment 1 lengthened by 3 timesteps; shifting suffix
[Current_Solution] Global solution is consistent before shifting suffix
[Current_Solution] Global solution is consistent after shifting suffix
[Current_Solution] Global solution is consistent after updating with local path
[LNS] Successfully updated global solution with pseudo-agent local paths!
[LNS] Updating path map with new local paths...
[LNS] Successfully updated global solution with local paths and pseudo agents!
[Solve_local_zone] Successfully solved local zone
[Solve_local_zone] Final local zone size: 13 (0.402228% of all walkable positions)
[LNS] Successfully solved local zone
[LNS] Analyzing conflicts...
[LNS] Current solution: vertex collisions=4, edge collisions=2
[LNS] Creating conflict buckets...
[LOCAL ZONE] Building diamond bucket for conflict 0
[LOCAL ZONE] Built diamond bucket for conflict 0 with 17 positions, 3 conflicts, 69 - 70 time window
[LNS] Selected most relevant bucket 0 with time window: 69 - 70, 3 conflicts and 17 positions.
[LNS] Solving the best bucket Local Zone...
[Solve_local_zone] Current local zone size: 17 (0.52599% of all walkable positions)
[Solve_local_zone] Local zone time window: [67, 72]
[Waiting_time_Solve] Agent 0 has waiting time 110
[Waiting_time_Solve] Agent 1 has waiting time 71
[Waiting_time_Solve] Agent 2 has waiting time 59
[Waiting_time_Solve] Agent 3 has waiting time 125
[Waiting_time_Solve] Agent 4 has waiting time 5
[Waiting_time_Solve] Agent 5 has waiting time 55
[Waiting_time_Solve] Agent 6 has waiting time 61
[Waiting_time_Solve] Agent 7 has waiting time 6
[Waiting_time_Solve] Agent 8 has waiting time 0
[Waiting_time_Solve] Agent 9 has waiting time 57
[Waiting_time_Solve] Agent 10 has waiting time 137
[Waiting_time_Solve] Agent 11 has waiting time 134
[Waiting_time_Solve] Agent 12 has waiting time 2
[Waiting_time_Solve] Agent 13 has waiting time 44
[Waiting_time_Solve] Agent 14 has waiting time 129
[Waiting_time_Solve] Agent 15 has waiting time 88
[Waiting_time_Solve] Agent 16 has waiting time 3
[Waiting_time_Solve] Agent 17 has waiting time 128
[Waiting_time_Solve] Agent 18 has waiting time 82
[Waiting_time_Solve] Agent 19 has waiting time 59
[Waiting_time_Solve] Total available waiting time: 1355
[Waiting_time_Solve] Max iterations: 1355
[Waiting_time_Solve] Iteration 0...
[SAT] Start solving CNF: 52 clauses and 28 variables
[SAT] Agent 16 entry time: 67 exit time: 72
[SAT] Agent 8 entry time: 67 exit time: 71
[SAT] Agent 7 entry time: 67 exit time: 72
[SAT] Agent 4 entry time: 68 exit time: 72

[SAT] Start time: 67 End time: 72

[SAT] Solving local zone with SAT iteration 1...
[SAT] Local CNF: 52 clauses 

DEBUG: Adding 52 new clauses to MiniSAT (incremental run)
DEBUG: Clause load summary: input=52, added=52, tautologies_skipped=0, duplicates_skipped=0, unit_clauses=16, empties=0, intra_clause_literals_removed=0, added_but_db_unchanged=15
DEBUG: After adding clauses, solver has 21 clauses and 28 variables
DEBUG: MiniSAT found 28 variables
DEBUG: Assignment size: 28
DEBUG: First few assignment values: 1 1 1 1 1 1 1 0 1 1 

=== DEBUG: cnf_assignment_to_paths ===
Input assignment size: 28

=== END DEBUG ===
[SAT] Found 1 vertex collisions and 1 edge collisions
[SAT] Adding collision clauses and solving again...
[SAT] Solving local zone with SAT iteration 2...
[SAT] Local CNF: 54 clauses 

DEBUG: Adding 2 new clauses to MiniSAT (incremental run)
[SAT] Local problem appears to be unsatisfiable in current zone
[Waiting_time_Solve] No solution found, trying to apply waiting time:1
[Waiting_time_Solve] Applying waiting time 1 to agent 7 who has waiting time 6
[Waiting_time_Solve] New path is consistent after applying waiting time for agent 7
[Current_Solution] Agent 7 used 1 waiting timesteps, 5 remaining
[Waiting_time_Solve] Applied 1 waiting time  for agent 7 who has waiting time 5
[Waiting_time_Solve] ALL Waiting time applied
[Waiting_time_Solve] Extended Zone end time from 72 to 73
[Waiting_time_Solve] Iteration 1...
[SAT] Start solving CNF: 75 clauses and 37 variables
[SAT] Agent 16 entry time: 67 exit time: 72
[SAT] Agent 8 entry time: 67 exit time: 71
[SAT] Agent 7 entry time: 67 exit time: 73
[SAT] Agent 4 entry time: 68 exit time: 73

[SAT] Start time: 67 End time: 73

[SAT] Solving local zone with SAT iteration 1...
[SAT] Local CNF: 77 clauses 

DEBUG: Adding 77 new clauses to MiniSAT (incremental run)
DEBUG: Clause load summary: input=77, added=77, tautologies_skipped=0, duplicates_skipped=0, unit_clauses=15, empties=0, intra_clause_literals_removed=0, added_but_db_unchanged=17
DEBUG: After adding clauses, solver has 45 clauses and 37 variables
DEBUG: MiniSAT found 37 variables
DEBUG: Assignment size: 37
DEBUG: First few assignment values: 1 1 1 1 1 1 1 0 1 1 

=== DEBUG: cnf_assignment_to_paths ===
Input assignment size: 37

=== END DEBUG ===
[SAT] Found 1 vertex collisions and 1 edge collisions
[SAT] Adding collision clauses and solving again...
[SAT] Solving local zone with SAT iteration 2...
[SAT] Local CNF: 79 clauses 

DEBUG: Adding 2 new clauses to MiniSAT (incremental run)
[SAT] Local problem appears to be unsatisfiable in current zone
[Waiting_time_Solve] No solution found, trying to apply waiting time:2
[Waiting_time_Solve] Applying waiting time 2 to agent 7 who has waiting time 5
[Waiting_time_Solve] New path is consistent after applying waiting time for agent 7
[Current_Solution] Agent 7 used 2 waiting timesteps, 3 remaining
[Waiting_time_Solve] Applied 2 waiting time  for agent 7 who has waiting time 3
[Waiting_time_Solve] ALL Waiting time applied
[Waiting_time_Solve] Extended Zone end time from 73 to 75
[Waiting_time_Solve] Iteration 2...
[SAT] Start solving CNF: 262 clauses and 70 variables
[SAT] Agent 16 entry time: 67 exit time: 72
[SAT] Agent 8 entry time: 67 exit time: 71
[SAT] Agent 7 entry time: 67 exit time: 75
[SAT] Agent 4 entry time: 68 exit time: 74

[SAT] Start time: 67 End time: 75

[SAT] Solving local zone with SAT iteration 1...
[SAT] Local CNF: 266 clauses 

DEBUG: Adding 266 new clauses to MiniSAT (incremental run)
DEBUG: Clause load summary: input=266, added=266, tautologies_skipped=0, duplicates_skipped=0, unit_clauses=16, empties=0, intra_clause_literals_removed=0, added_but_db_unchanged=22
DEBUG: After adding clauses, solver has 228 clauses and 70 variables
DEBUG: MiniSAT found 70 variables
DEBUG: Assignment size: 70
DEBUG: First few assignment values: 1 1 1 1 1 1 1 0 1 1 

=== DEBUG: cnf_assignment_to_paths ===
Input assignment size: 70

=== END DEBUG ===
[SAT] Found 1 vertex collisions and 1 edge collisions
[SAT] Adding collision clauses and solving again...
[SAT] Solving local zone with SAT iteration 2...
[SAT] Local CNF: 268 clauses 

DEBUG: Adding 2 new clauses to MiniSAT (incremental run)
DEBUG: Clause load summary: input=2, added=2, tautologies_skipped=0, duplicates_skipped=0, unit_clauses=0, empties=0, intra_clause_literals_removed=0, added_but_db_unchanged=2
DEBUG: After adding clauses, solver has 219 clauses and 70 variables
DEBUG: MiniSAT found 70 variables
DEBUG: Assignment size: 70
DEBUG: First few assignment values: 1 1 1 1 1 1 1 0 1 1 

=== DEBUG: cnf_assignment_to_paths ===
Input assignment size: 70

=== END DEBUG ===
[SAT] Found 2 vertex collisions and 1 edge collisions
[SAT] Adding collision clauses and solving again...
[SAT] Solving local zone with SAT iteration 3...
[SAT] Local CNF: 271 clauses 

DEBUG: Adding 3 new clauses to MiniSAT (incremental run)
[SAT] Local problem appears to be unsatisfiable in current zone
[Waiting_time_Solve] No solution found, trying to apply waiting time:3
[Waiting_time_Solve] Applying waiting time 3 to agent 4 who has waiting time 5
[Waiting_time_Solve] New path is consistent after applying waiting time for agent 4
[Current_Solution] Agent 4 used 3 waiting timesteps, 2 remaining
[Waiting_time_Solve] Applied 3 waiting time  for agent 4 who has waiting time 2
[Waiting_time_Solve] Applying waiting time 3 to agent 7 who has waiting time 3
[Waiting_time_Solve] New path is consistent after applying waiting time for agent 7
[Current_Solution] Agent 7 used 3 waiting timesteps, 0 remaining
[Waiting_time_Solve] Applied 3 waiting time  for agent 7 who has waiting time 0
[Waiting_time_Solve] ALL Waiting time applied
[Waiting_time_Solve] Extended Zone end time from 75 to 78
[Create_Local_Problem] Agent 12 is new in the zone
[Waiting_time_Solve] Iteration 3...
[SAT] Start solving CNF: 930 clauses and 167 variables
[SAT] Agent 12 entry time: 76 exit time: 78
[SAT] Agent 16 entry time: 67 exit time: 72
[SAT] Agent 8 entry time: 67 exit time: 71
[SAT] Agent 7 entry time: 67 exit time: 78
[SAT] Agent 4 entry time: 68 exit time: 77

[SAT] Start time: 67 End time: 78

[SAT] Solving local zone with SAT iteration 1...
[SAT] Local CNF: 939 clauses 

DEBUG: Adding 939 new clauses to MiniSAT (incremental run)
DEBUG: Clause load summary: input=939, added=939, tautologies_skipped=0, duplicates_skipped=0, unit_clauses=16, empties=0, intra_clause_literals_removed=0, added_but_db_unchanged=26
DEBUG: After adding clauses, solver has 897 clauses and 167 variables
DEBUG: MiniSAT found 167 variables
DEBUG: Assignment size: 167
DEBUG: First few assignment values: 1 0 1 1 1 1 1 1 1 1 

=== DEBUG: cnf_assignment_to_paths ===
Input assignment size: 167

=== END DEBUG ===
[SAT] Found 1 vertex collisions and 2 edge collisions
[SAT] Adding collision clauses and solving again...
[SAT] Solving local zone with SAT iteration 2...
[SAT] Local CNF: 942 clauses 

DEBUG: Adding 3 new clauses to MiniSAT (incremental run)
[SAT] Local problem appears to be unsatisfiable in current zone
[Waiting_time_Solve] No solution found, trying to apply waiting time:4
[Waiting_time_Solve] INFO: not enough waiting time for agent 8 (needs 4, available: 0)
[Waiting_time_Solve] INFO: not enough waiting time for agent 4 (needs 4, available: 2)
[Waiting_time_Solve] No waiting time applied
[Waiting_time_Solve] No solution found
[Waiting_time_Solve] Restoring original paths
[Waiting_time_Solve] Restoring waiting times
[Current_Solution] Restored waiting times from backup
[Current_Solution] Restored paths from backup
[Solve_local_zone] Zone with expansion factor 0failed
[Solve_local_zone] Expanding zone with offset 3 (original: 2)
[Solve_local_zone] Final expanded zone contains 28 positions with 3 conflicts 
[Solve_local_zone] New time window: [66, 73]
[Solve_local_zone] Current local zone size: 28 (0.866337% of all walkable positions)
[Solve_local_zone] Local zone time window: [66, 73]
[Waiting_time_Solve] Agent 0 has waiting time 110
[Waiting_time_Solve] Agent 1 has waiting time 71
[Waiting_time_Solve] Agent 2 has waiting time 59
[Waiting_time_Solve] Agent 3 has waiting time 125
[Waiting_time_Solve] Agent 4 has waiting time 5
[Waiting_time_Solve] Agent 5 has waiting time 55
[Waiting_time_Solve] Agent 6 has waiting time 61
[Waiting_time_Solve] Agent 7 has waiting time 6
[Waiting_time_Solve] Agent 8 has waiting time 0
[Waiting_time_Solve] Agent 9 has waiting time 57
[Waiting_time_Solve] Agent 10 has waiting time 137
[Waiting_time_Solve] Agent 11 has waiting time 134
[Waiting_time_Solve] Agent 12 has waiting time 2
[Waiting_time_Solve] Agent 13 has waiting time 44
[Waiting_time_Solve] Agent 14 has waiting time 129
[Waiting_time_Solve] Agent 15 has waiting time 88
[Waiting_time_Solve] Agent 16 has waiting time 3
[Waiting_time_Solve] Agent 17 has waiting time 128
[Waiting_time_Solve] Agent 18 has waiting time 82
[Waiting_time_Solve] Agent 19 has waiting time 59
[Waiting_time_Solve] Total available waiting time: 1355
[Waiting_time_Solve] Max iterations: 1355
[Waiting_time_Solve] Iteration 0...
[SAT] Start solving CNF: 77 clauses and 40 variables
[SAT] Agent 16 entry time: 66 exit time: 73
[SAT] Agent 8 entry time: 66 exit time: 72
[SAT] Agent 7 entry time: 66 exit time: 73
[SAT] Agent 4 entry time: 67 exit time: 73

[SAT] Start time: 66 End time: 73

[SAT] Solving local zone with SAT iteration 1...
[SAT] Local CNF: 77 clauses 

DEBUG: Adding 77 new clauses to MiniSAT (incremental run)
DEBUG: Clause load summary: input=77, added=77, tautologies_skipped=0, duplicates_skipped=0, unit_clauses=21, empties=0, intra_clause_literals_removed=0, added_but_db_unchanged=20
DEBUG: After adding clauses, solver has 36 clauses and 40 variables
DEBUG: MiniSAT found 40 variables
DEBUG: Assignment size: 40
DEBUG: First few assignment values: 1 1 1 1 1 1 1 1 1 0 

=== DEBUG: cnf_assignment_to_paths ===
Input assignment size: 40

=== END DEBUG ===
[SAT] Found 1 vertex collisions and 1 edge collisions
[SAT] Adding collision clauses and solving again...
[SAT] Solving local zone with SAT iteration 2...
[SAT] Local CNF: 79 clauses 

DEBUG: Adding 2 new clauses to MiniSAT (incremental run)
[SAT] Local problem appears to be unsatisfiable in current zone
[Waiting_time_Solve] No solution found, trying to apply waiting time:1
[Waiting_time_Solve] Applying waiting time 1 to agent 7 who has waiting time 6
[Waiting_time_Solve] New path is consistent after applying waiting time for agent 7
[Current_Solution] Agent 7 used 1 waiting timesteps, 5 remaining
[Waiting_time_Solve] Applied 1 waiting time  for agent 7 who has waiting time 5
[Waiting_time_Solve] ALL Waiting time applied
[Waiting_time_Solve] Extended Zone end time from 73 to 74
[Waiting_time_Solve] Iteration 1...
[SAT] Start solving CNF: 116 clauses and 53 variables
[SAT] Agent 16 entry time: 66 exit time: 73
[SAT] Agent 8 entry time: 66 exit time: 72
[SAT] Agent 7 entry time: 66 exit time: 74
[SAT] Agent 4 entry time: 67 exit time: 74

[SAT] Start time: 66 End time: 74

[SAT] Solving local zone with SAT iteration 1...
[SAT] Local CNF: 118 clauses 

DEBUG: Adding 118 new clauses to MiniSAT (incremental run)
DEBUG: Clause load summary: input=118, added=118, tautologies_skipped=0, duplicates_skipped=0, unit_clauses=19, empties=0, intra_clause_literals_removed=0, added_but_db_unchanged=21
DEBUG: After adding clauses, solver has 78 clauses and 53 variables
DEBUG: MiniSAT found 53 variables
DEBUG: Assignment size: 53
DEBUG: First few assignment values: 1 1 1 1 1 1 1 1 1 0 

=== DEBUG: cnf_assignment_to_paths ===
Input assignment size: 53

=== END DEBUG ===
[SAT] Found 1 vertex collisions and 1 edge collisions
[SAT] Adding collision clauses and solving again...
[SAT] Solving local zone with SAT iteration 2...
[SAT] Local CNF: 120 clauses 

DEBUG: Adding 2 new clauses to MiniSAT (incremental run)
[SAT] Local problem appears to be unsatisfiable in current zone
[Waiting_time_Solve] No solution found, trying to apply waiting time:2
[Waiting_time_Solve] Applying waiting time 2 to agent 7 who has waiting time 5
[Waiting_time_Solve] New path is consistent after applying waiting time for agent 7
[Current_Solution] Agent 7 used 2 waiting timesteps, 3 remaining
[Waiting_time_Solve] Applied 2 waiting time  for agent 7 who has waiting time 3
[Waiting_time_Solve] ALL Waiting time applied
[Waiting_time_Solve] Extended Zone end time from 74 to 76
[Create_Local_Problem] Agent 12 is new in the zone
[Waiting_time_Solve] Iteration 2...
[SAT] Start solving CNF: 416 clauses and 102 variables
[SAT] Agent 12 entry time: 75 exit time: 76
[SAT] Agent 16 entry time: 66 exit time: 73
[SAT] Agent 8 entry time: 66 exit time: 72
[SAT] Agent 7 entry time: 66 exit time: 76
[SAT] Agent 4 entry time: 67 exit time: 75

[SAT] Start time: 66 End time: 76

[SAT] Solving local zone with SAT iteration 1...
[SAT] Local CNF: 420 clauses 

DEBUG: Adding 420 new clauses to MiniSAT (incremental run)
DEBUG: Clause load summary: input=420, added=420, tautologies_skipped=0, duplicates_skipped=0, unit_clauses=22, empties=0, intra_clause_literals_removed=0, added_but_db_unchanged=27
DEBUG: After adding clauses, solver has 371 clauses and 102 variables
DEBUG: MiniSAT found 102 variables
DEBUG: Assignment size: 102
DEBUG: First few assignment values: 1 1 1 1 1 1 1 1 1 1 

=== DEBUG: cnf_assignment_to_paths ===
Input assignment size: 102

=== END DEBUG ===
[SAT] Found 1 vertex collisions and 1 edge collisions
[SAT] Adding collision clauses and solving again...
[SAT] Solving local zone with SAT iteration 2...
[SAT] Local CNF: 422 clauses 

DEBUG: Adding 2 new clauses to MiniSAT (incremental run)
DEBUG: Clause load summary: input=2, added=2, tautologies_skipped=0, duplicates_skipped=0, unit_clauses=0, empties=0, intra_clause_literals_removed=0, added_but_db_unchanged=2
DEBUG: After adding clauses, solver has 359 clauses and 102 variables
DEBUG: MiniSAT found 102 variables
DEBUG: Assignment size: 102
DEBUG: First few assignment values: 1 1 1 1 1 1 1 1 1 1 

=== DEBUG: cnf_assignment_to_paths ===
Input assignment size: 102

=== END DEBUG ===
[SAT] Found 2 vertex collisions and 1 edge collisions
[SAT] Adding collision clauses and solving again...
[SAT] Solving local zone with SAT iteration 3...
[SAT] Local CNF: 425 clauses 

DEBUG: Adding 3 new clauses to MiniSAT (incremental run)
[SAT] Local problem appears to be unsatisfiable in current zone
[Waiting_time_Solve] No solution found, trying to apply waiting time:3
[Waiting_time_Solve] Applying waiting time 3 to agent 4 who has waiting time 5
[Waiting_time_Solve] New path is consistent after applying waiting time for agent 4
[Current_Solution] Agent 4 used 3 waiting timesteps, 2 remaining
[Waiting_time_Solve] Applied 3 waiting time  for agent 4 who has waiting time 2
[Waiting_time_Solve] Applying waiting time 3 to agent 7 who has waiting time 3
[Waiting_time_Solve] New path is consistent after applying waiting time for agent 7
[Current_Solution] Agent 7 used 3 waiting timesteps, 0 remaining
[Waiting_time_Solve] Applied 3 waiting time  for agent 7 who has waiting time 0
[Waiting_time_Solve] ALL Waiting time applied
[Waiting_time_Solve] Extended Zone end time from 76 to 79
[Waiting_time_Solve] Iteration 3...
[SAT] Start solving CNF: 1759 clauses and 251 variables
[SAT] Agent 12 entry time: 75 exit time: 79
[SAT] Agent 16 entry time: 66 exit time: 73
[SAT] Agent 8 entry time: 66 exit time: 72
[SAT] Agent 7 entry time: 66 exit time: 79
[SAT] Agent 4 entry time: 67 exit time: 78

[SAT] Start time: 66 End time: 79

[SAT] Solving local zone with SAT iteration 1...
[SAT] Local CNF: 1768 clauses 

DEBUG: Adding 1768 new clauses to MiniSAT (incremental run)
DEBUG: Clause load summary: input=1768, added=1768, tautologies_skipped=0, duplicates_skipped=0, unit_clauses=19, empties=0, intra_clause_literals_removed=0, added_but_db_unchanged=29
DEBUG: After adding clauses, solver has 1720 clauses and 251 variables
DEBUG: MiniSAT found 251 variables
DEBUG: Assignment size: 251
DEBUG: First few assignment values: 1 0 1 0 1 0 1 1 1 1 

=== DEBUG: cnf_assignment_to_paths ===
Input assignment size: 251

=== END DEBUG ===
[SAT] Found 2 vertex collisions and 2 edge collisions
[SAT] Adding collision clauses and solving again...
[SAT] Solving local zone with SAT iteration 2...
[SAT] Local CNF: 1772 clauses 

DEBUG: Adding 4 new clauses to MiniSAT (incremental run)
DEBUG: Clause load summary: input=4, added=4, tautologies_skipped=0, duplicates_skipped=0, unit_clauses=0, empties=0, intra_clause_literals_removed=0, added_but_db_unchanged=3
DEBUG: After adding clauses, solver has 1685 clauses and 251 variables
DEBUG: MiniSAT found 251 variables
DEBUG: Assignment size: 251
DEBUG: First few assignment values: 1 0 1 0 1 0 1 1 1 1 

=== DEBUG: cnf_assignment_to_paths ===
Input assignment size: 251

=== END DEBUG ===
[SAT] Found 2 vertex collisions and 1 edge collisions
[SAT] Adding collision clauses and solving again...
[SAT] Solving local zone with SAT iteration 3...
[SAT] Local CNF: 1775 clauses 

DEBUG: Adding 3 new clauses to MiniSAT (incremental run)
DEBUG: Clause load summary: input=3, added=3, tautologies_skipped=0, duplicates_skipped=0, unit_clauses=0, empties=0, intra_clause_literals_removed=0, added_but_db_unchanged=2
DEBUG: After adding clauses, solver has 1686 clauses and 251 variables
DEBUG: MiniSAT found 251 variables
DEBUG: Assignment size: 251
DEBUG: First few assignment values: 1 0 1 0 1 0 1 1 1 1 

=== DEBUG: cnf_assignment_to_paths ===
Input assignment size: 251

=== END DEBUG ===
[SAT] Found 0 vertex collisions and 1 edge collisions
[SAT] Adding collision clauses and solving again...
[SAT] Solving local zone with SAT iteration 4...
[SAT] Local CNF: 1776 clauses 

DEBUG: Adding 1 new clauses to MiniSAT (incremental run)
DEBUG: Clause load summary: input=1, added=1, tautologies_skipped=0, duplicates_skipped=0, unit_clauses=0, empties=0, intra_clause_literals_removed=0, added_but_db_unchanged=0
DEBUG: After adding clauses, solver has 1687 clauses and 251 variables
DEBUG: MiniSAT found 251 variables
DEBUG: Assignment size: 251
DEBUG: First few assignment values: 1 0 1 0 1 0 1 1 1 1 

=== DEBUG: cnf_assignment_to_paths ===
Input assignment size: 251

=== END DEBUG ===
[SAT] Found 1 vertex collisions and 0 edge collisions
[SAT] Adding collision clauses and solving again...
[SAT] Solving local zone with SAT iteration 5...
[SAT] Local CNF: 1777 clauses 

DEBUG: Adding 1 new clauses to MiniSAT (incremental run)
DEBUG: Clause load summary: input=1, added=1, tautologies_skipped=0, duplicates_skipped=0, unit_clauses=0, empties=0, intra_clause_literals_removed=0, added_but_db_unchanged=0
DEBUG: After adding clauses, solver has 1688 clauses and 251 variables
DEBUG: MiniSAT found 251 variables
DEBUG: Assignment size: 251
DEBUG: First few assignment values: 1 0 1 0 1 0 1 1 1 1 

=== DEBUG: cnf_assignment_to_paths ===
Input assignment size: 251

=== END DEBUG ===
[SAT] Found 1 vertex collisions and 0 edge collisions
[SAT] Adding collision clauses and solving again...
[SAT] Solving local zone with SAT iteration 6...
[SAT] Local CNF: 1778 clauses 

DEBUG: Adding 1 new clauses to MiniSAT (incremental run)
DEBUG: Clause load summary: input=1, added=1, tautologies_skipped=0, duplicates_skipped=0, unit_clauses=0, empties=0, intra_clause_literals_removed=0, added_but_db_unchanged=0
DEBUG: After adding clauses, solver has 1689 clauses and 251 variables
[SAT] Local problem appears to be unsatisfiable in current zone
[Waiting_time_Solve] No solution found, trying to apply waiting time:4
[Waiting_time_Solve] INFO: not enough waiting time for agent 4 (needs 4, available: 2)
[Waiting_time_Solve] INFO: not enough waiting time for agent 4 (needs 4, available: 2)
[Waiting_time_Solve] No waiting time applied
[Waiting_time_Solve] No solution found
[Waiting_time_Solve] Restoring original paths
[Waiting_time_Solve] Restoring waiting times
[Current_Solution] Restored waiting times from backup
[Current_Solution] Restored paths from backup
[Solve_local_zone] Zone with expansion factor 1failed
[Solve_local_zone] Expanding zone with offset 4 (original: 2)
[Solve_local_zone] Final expanded zone contains 41 positions with 3 conflicts 
[Solve_local_zone] New time window: [65, 74]
[Solve_local_zone] Current local zone size: 41 (1.26856% of all walkable positions)
[Solve_local_zone] Local zone time window: [65, 74]
[Waiting_time_Solve] Agent 0 has waiting time 110
[Waiting_time_Solve] Agent 1 has waiting time 71
[Waiting_time_Solve] Agent 2 has waiting time 59
[Waiting_time_Solve] Agent 3 has waiting time 125
[Waiting_time_Solve] Agent 4 has waiting time 5
[Waiting_time_Solve] Agent 5 has waiting time 55
[Waiting_time_Solve] Agent 6 has waiting time 61
[Waiting_time_Solve] Agent 7 has waiting time 6
[Waiting_time_Solve] Agent 8 has waiting time 0
[Waiting_time_Solve] Agent 9 has waiting time 57
[Waiting_time_Solve] Agent 10 has waiting time 137
[Waiting_time_Solve] Agent 11 has waiting time 134
[Waiting_time_Solve] Agent 12 has waiting time 2
[Waiting_time_Solve] Agent 13 has waiting time 44
[Waiting_time_Solve] Agent 14 has waiting time 129
[Waiting_time_Solve] Agent 15 has waiting time 88
[Waiting_time_Solve] Agent 16 has waiting time 3
[Waiting_time_Solve] Agent 17 has waiting time 128
[Waiting_time_Solve] Agent 18 has waiting time 82
[Waiting_time_Solve] Agent 19 has waiting time 59
[Waiting_time_Solve] Total available waiting time: 1355
[Waiting_time_Solve] Max iterations: 1355
[Waiting_time_Solve] Iteration 0...
[SAT] Start solving CNF: 112 clauses and 56 variables
[SAT] Agent 16 entry time: 65 exit time: 74
[SAT] Agent 12 entry time: 74 exit time: 74
[SAT] Agent 8 entry time: 65 exit time: 73
[SAT] Agent 7 entry time: 65 exit time: 74
[SAT] Agent 4 entry time: 66 exit time: 74

[SAT] Start time: 65 End time: 74

[SAT] Solving local zone with SAT iteration 1...
[SAT] Local CNF: 112 clauses 

DEBUG: Adding 112 new clauses to MiniSAT (incremental run)
DEBUG: Clause load summary: input=112, added=112, tautologies_skipped=0, duplicates_skipped=0, unit_clauses=27, empties=0, intra_clause_literals_removed=0, added_but_db_unchanged=25
DEBUG: After adding clauses, solver has 60 clauses and 56 variables
DEBUG: MiniSAT found 56 variables
DEBUG: Assignment size: 56
DEBUG: First few assignment values: 1 1 1 1 1 1 1 1 1 1 

=== DEBUG: cnf_assignment_to_paths ===
Input assignment size: 56

=== END DEBUG ===
[SAT] Found 1 vertex collisions and 1 edge collisions
[SAT] Adding collision clauses and solving again...
[SAT] Solving local zone with SAT iteration 2...
[SAT] Local CNF: 114 clauses 

DEBUG: Adding 2 new clauses to MiniSAT (incremental run)
[SAT] Local problem appears to be unsatisfiable in current zone
[Waiting_time_Solve] No solution found, trying to apply waiting time:1
[Waiting_time_Solve] Applying waiting time 1 to agent 7 who has waiting time 6
[Waiting_time_Solve] New path is consistent after applying waiting time for agent 7
[Current_Solution] Agent 7 used 1 waiting timesteps, 5 remaining
[Waiting_time_Solve] Applied 1 waiting time  for agent 7 who has waiting time 5
[Waiting_time_Solve] ALL Waiting time applied
[Waiting_time_Solve] Extended Zone end time from 74 to 75
[Waiting_time_Solve] Iteration 1...
[SAT] Start solving CNF: 170 clauses and 74 variables
[SAT] Agent 16 entry time: 65 exit time: 74
[SAT] Agent 12 entry time: 74 exit time: 75
[SAT] Agent 8 entry time: 65 exit time: 73
[SAT] Agent 7 entry time: 65 exit time: 75
[SAT] Agent 4 entry time: 66 exit time: 75

[SAT] Start time: 65 End time: 75

[SAT] Solving local zone with SAT iteration 1...
[SAT] Local CNF: 172 clauses 

DEBUG: Adding 172 new clauses to MiniSAT (incremental run)
DEBUG: Clause load summary: input=172, added=172, tautologies_skipped=0, duplicates_skipped=0, unit_clauses=25, empties=0, intra_clause_literals_removed=0, added_but_db_unchanged=26
DEBUG: After adding clauses, solver has 121 clauses and 74 variables
DEBUG: MiniSAT found 74 variables
DEBUG: Assignment size: 74
DEBUG: First few assignment values: 1 1 1 1 1 1 1 1 1 1 

=== DEBUG: cnf_assignment_to_paths ===
Input assignment size: 74

=== END DEBUG ===
[SAT] Found 1 vertex collisions and 1 edge collisions
[SAT] Adding collision clauses and solving again...
[SAT] Solving local zone with SAT iteration 2...
[SAT] Local CNF: 174 clauses 

DEBUG: Adding 2 new clauses to MiniSAT (incremental run)
[SAT] Local problem appears to be unsatisfiable in current zone
[Waiting_time_Solve] No solution found, trying to apply waiting time:2
[Waiting_time_Solve] Applying waiting time 2 to agent 7 who has waiting time 5
[Waiting_time_Solve] New path is consistent after applying waiting time for agent 7
[Current_Solution] Agent 7 used 2 waiting timesteps, 3 remaining
[Waiting_time_Solve] Applied 2 waiting time  for agent 7 who has waiting time 3
[Waiting_time_Solve] ALL Waiting time applied
[Waiting_time_Solve] Extended Zone end time from 75 to 77
[Waiting_time_Solve] Iteration 2...
[SAT] Start solving CNF: 621 clauses and 141 variables
[SAT] Agent 16 entry time: 65 exit time: 74
[SAT] Agent 12 entry time: 74 exit time: 77
[SAT] Agent 8 entry time: 65 exit time: 73
[SAT] Agent 7 entry time: 65 exit time: 77
[SAT] Agent 4 entry time: 66 exit time: 76

[SAT] Start time: 65 End time: 77

[SAT] Solving local zone with SAT iteration 1...
[SAT] Local CNF: 625 clauses 

DEBUG: Adding 625 new clauses to MiniSAT (incremental run)
DEBUG: Clause load summary: input=625, added=625, tautologies_skipped=0, duplicates_skipped=0, unit_clauses=26, empties=0, intra_clause_literals_removed=0, added_but_db_unchanged=32
DEBUG: After adding clauses, solver has 567 clauses and 141 variables
DEBUG: MiniSAT found 141 variables
DEBUG: Assignment size: 141
DEBUG: First few assignment values: 1 1 1 1 1 1 1 1 1 1 

=== DEBUG: cnf_assignment_to_paths ===
Input assignment size: 141

=== END DEBUG ===
[SAT] Found 1 vertex collisions and 1 edge collisions
[SAT] Adding collision clauses and solving again...
[SAT] Solving local zone with SAT iteration 2...
[SAT] Local CNF: 627 clauses 

DEBUG: Adding 2 new clauses to MiniSAT (incremental run)
DEBUG: Clause load summary: input=2, added=2, tautologies_skipped=0, duplicates_skipped=0, unit_clauses=0, empties=0, intra_clause_literals_removed=0, added_but_db_unchanged=2
DEBUG: After adding clauses, solver has 555 clauses and 141 variables
DEBUG: MiniSAT found 141 variables
DEBUG: Assignment size: 141
DEBUG: First few assignment values: 1 1 1 1 1 1 1 1 1 1 

=== DEBUG: cnf_assignment_to_paths ===
Input assignment size: 141

=== END DEBUG ===
[SAT] Found 3 vertex collisions and 1 edge collisions
[SAT] Adding collision clauses and solving again...
[SAT] Solving local zone with SAT iteration 3...
[SAT] Local CNF: 631 clauses 

DEBUG: Adding 4 new clauses to MiniSAT (incremental run)
[SAT] Local problem appears to be unsatisfiable in current zone
[Waiting_time_Solve] No solution found, trying to apply waiting time:3
[Waiting_time_Solve] Applying waiting time 3 to agent 4 who has waiting time 5
[Waiting_time_Solve] New path is consistent after applying waiting time for agent 4
[Current_Solution] Agent 4 used 3 waiting timesteps, 2 remaining
[Waiting_time_Solve] Applied 3 waiting time  for agent 4 who has waiting time 2
[Waiting_time_Solve] Applying waiting time 3 to agent 7 who has waiting time 3
[Waiting_time_Solve] New path is consistent after applying waiting time for agent 7
[Current_Solution] Agent 7 used 3 waiting timesteps, 0 remaining
[Waiting_time_Solve] Applied 3 waiting time  for agent 7 who has waiting time 0
[Waiting_time_Solve] ALL Waiting time applied
[Waiting_time_Solve] Extended Zone end time from 77 to 80
[Waiting_time_Solve] Iteration 3...
[SAT] Start solving CNF: 2942 clauses and 356 variables
[SAT] Agent 16 entry time: 65 exit time: 74
[SAT] Agent 12 entry time: 74 exit time: 80
[SAT] Agent 8 entry time: 65 exit time: 73
[SAT] Agent 7 entry time: 65 exit time: 80
[SAT] Agent 4 entry time: 66 exit time: 79

[SAT] Start time: 65 End time: 80

[SAT] Solving local zone with SAT iteration 1...
[SAT] Local CNF: 2952 clauses 

DEBUG: Adding 2952 new clauses to MiniSAT (incremental run)
DEBUG: Clause load summary: input=2952, added=2952, tautologies_skipped=0, duplicates_skipped=0, unit_clauses=22, empties=0, intra_clause_literals_removed=0, added_but_db_unchanged=32
DEBUG: After adding clauses, solver has 2898 clauses and 356 variables
DEBUG: MiniSAT found 356 variables
DEBUG: Assignment size: 356
DEBUG: First few assignment values: 1 1 1 1 1 1 1 1 1 1 

=== DEBUG: cnf_assignment_to_paths ===
Input assignment size: 356

=== END DEBUG ===
[SAT] Found 1 vertex collisions and 2 edge collisions
[SAT] Adding collision clauses and solving again...
[SAT] Solving local zone with SAT iteration 2...
[SAT] Local CNF: 2955 clauses 

DEBUG: Adding 3 new clauses to MiniSAT (incremental run)
DEBUG: Clause load summary: input=3, added=3, tautologies_skipped=0, duplicates_skipped=0, unit_clauses=0, empties=0, intra_clause_literals_removed=0, added_but_db_unchanged=2
DEBUG: After adding clauses, solver has 2847 clauses and 356 variables
DEBUG: MiniSAT found 356 variables
DEBUG: Assignment size: 356
DEBUG: First few assignment values: 1 1 1 1 1 1 1 1 1 1 

=== DEBUG: cnf_assignment_to_paths ===
Input assignment size: 356

=== END DEBUG ===
[SAT] Found 1 vertex collisions and 1 edge collisions
[SAT] Adding collision clauses and solving again...
[SAT] Solving local zone with SAT iteration 3...
[SAT] Local CNF: 2957 clauses 

DEBUG: Adding 2 new clauses to MiniSAT (incremental run)
DEBUG: Clause load summary: input=2, added=2, tautologies_skipped=0, duplicates_skipped=0, unit_clauses=0, empties=0, intra_clause_literals_removed=0, added_but_db_unchanged=2
DEBUG: After adding clauses, solver has 2847 clauses and 356 variables
DEBUG: MiniSAT found 356 variables
DEBUG: Assignment size: 356
DEBUG: First few assignment values: 1 1 1 1 1 1 1 1 1 1 

=== DEBUG: cnf_assignment_to_paths ===
Input assignment size: 356

=== END DEBUG ===
[SAT] Found 2 vertex collisions and 1 edge collisions
[SAT] Adding collision clauses and solving again...
[SAT] Solving local zone with SAT iteration 4...
[SAT] Local CNF: 2960 clauses 

DEBUG: Adding 3 new clauses to MiniSAT (incremental run)
DEBUG: Clause load summary: input=3, added=3, tautologies_skipped=0, duplicates_skipped=0, unit_clauses=0, empties=0, intra_clause_literals_removed=0, added_but_db_unchanged=2
DEBUG: After adding clauses, solver has 2848 clauses and 356 variables
DEBUG: MiniSAT found 356 variables
DEBUG: Assignment size: 356
DEBUG: First few assignment values: 1 1 1 1 1 1 1 1 1 1 

=== DEBUG: cnf_assignment_to_paths ===
Input assignment size: 356

=== END DEBUG ===
[SAT] Found 0 vertex collisions and 1 edge collisions
[SAT] Adding collision clauses and solving again...
[SAT] Solving local zone with SAT iteration 5...
[SAT] Local CNF: 2961 clauses 

DEBUG: Adding 1 new clauses to MiniSAT (incremental run)
DEBUG: Clause load summary: input=1, added=1, tautologies_skipped=0, duplicates_skipped=0, unit_clauses=0, empties=0, intra_clause_literals_removed=0, added_but_db_unchanged=0
DEBUG: After adding clauses, solver has 2849 clauses and 356 variables
DEBUG: MiniSAT found 356 variables
DEBUG: Assignment size: 356
DEBUG: First few assignment values: 1 1 1 1 1 1 1 1 1 1 

=== DEBUG: cnf_assignment_to_paths ===
Input assignment size: 356

=== END DEBUG ===
[SAT] Found 1 vertex collisions and 0 edge collisions
[SAT] Adding collision clauses and solving again...
[SAT] Solving local zone with SAT iteration 6...
[SAT] Local CNF: 2962 clauses 

DEBUG: Adding 1 new clauses to MiniSAT (incremental run)
DEBUG: Clause load summary: input=1, added=1, tautologies_skipped=0, duplicates_skipped=0, unit_clauses=0, empties=0, intra_clause_literals_removed=0, added_but_db_unchanged=0
DEBUG: After adding clauses, solver has 2850 clauses and 356 variables
DEBUG: MiniSAT found 356 variables
DEBUG: Assignment size: 356
DEBUG: First few assignment values: 1 1 1 1 1 1 1 1 1 1 

=== DEBUG: cnf_assignment_to_paths ===
Input assignment size: 356

=== END DEBUG ===
[SAT] Found 1 vertex collisions and 0 edge collisions
[SAT] Adding collision clauses and solving again...
[SAT] Solving local zone with SAT iteration 7...
[SAT] Local CNF: 2963 clauses 

DEBUG: Adding 1 new clauses to MiniSAT (incremental run)
DEBUG: Clause load summary: input=1, added=1, tautologies_skipped=0, duplicates_skipped=0, unit_clauses=0, empties=0, intra_clause_literals_removed=0, added_but_db_unchanged=0
DEBUG: After adding clauses, solver has 2851 clauses and 356 variables
[SAT] Local problem appears to be unsatisfiable in current zone
[Waiting_time_Solve] No solution found, trying to apply waiting time:4
[Waiting_time_Solve] INFO: not enough waiting time for agent 4 (needs 4, available: 2)
[Waiting_time_Solve] INFO: not enough waiting time for agent 4 (needs 4, available: 2)
[Waiting_time_Solve] No waiting time applied
[Waiting_time_Solve] No solution found
[Waiting_time_Solve] Restoring original paths
[Waiting_time_Solve] Restoring waiting times
[Current_Solution] Restored waiting times from backup
[Current_Solution] Restored paths from backup
[Solve_local_zone] Zone with expansion factor 2failed
[Solve_local_zone] Expanding zone with offset 5 (original: 2)
[Solve_local_zone] Final expanded zone contains 57 positions with 3 conflicts 
[Solve_local_zone] New time window: [64, 75]
[Solve_local_zone] Current local zone size: 57 (1.76361% of all walkable positions)
[Solve_local_zone] Local zone time window: [64, 75]
[Waiting_time_Solve] Agent 0 has waiting time 110
[Waiting_time_Solve] Agent 1 has waiting time 71
[Waiting_time_Solve] Agent 2 has waiting time 59
[Waiting_time_Solve] Agent 3 has waiting time 125
[Waiting_time_Solve] Agent 4 has waiting time 5
[Waiting_time_Solve] Agent 5 has waiting time 55
[Waiting_time_Solve] Agent 6 has waiting time 61
[Waiting_time_Solve] Agent 7 has waiting time 6
[Waiting_time_Solve] Agent 8 has waiting time 0
[Waiting_time_Solve] Agent 9 has waiting time 57
[Waiting_time_Solve] Agent 10 has waiting time 137
[Waiting_time_Solve] Agent 11 has waiting time 134
[Waiting_time_Solve] Agent 12 has waiting time 2
[Waiting_time_Solve] Agent 13 has waiting time 44
[Waiting_time_Solve] Agent 14 has waiting time 129
[Waiting_time_Solve] Agent 15 has waiting time 88
[Waiting_time_Solve] Agent 16 has waiting time 3
[Waiting_time_Solve] Agent 17 has waiting time 128
[Waiting_time_Solve] Agent 18 has waiting time 82
[Waiting_time_Solve] Agent 19 has waiting time 59
[Waiting_time_Solve] Total available waiting time: 1355
[Waiting_time_Solve] Max iterations: 1355
[Waiting_time_Solve] Iteration 0...
[SAT] Start solving CNF: 166 clauses and 80 variables
[SAT] Agent 16 entry time: 64 exit time: 75
[SAT] Agent 12 entry time: 73 exit time: 75
[SAT] Agent 8 entry time: 64 exit time: 74
[SAT] Agent 7 entry time: 64 exit time: 75
[SAT] Agent 4 entry time: 65 exit time: 75

[SAT] Start time: 64 End time: 75

[SAT] Solving local zone with SAT iteration 1...
[SAT] Local CNF: 166 clauses 

DEBUG: Adding 166 new clauses to MiniSAT (incremental run)
DEBUG: Clause load summary: input=166, added=166, tautologies_skipped=0, duplicates_skipped=0, unit_clauses=28, empties=0, intra_clause_literals_removed=0, added_but_db_unchanged=28
DEBUG: After adding clauses, solver has 110 clauses and 80 variables
DEBUG: MiniSAT found 80 variables
DEBUG: Assignment size: 80
DEBUG: First few assignment values: 1 0 1 0 1 0 1 0 1 0 

=== DEBUG: cnf_assignment_to_paths ===
Input assignment size: 80

=== END DEBUG ===
[SAT] Found 1 vertex collisions and 1 edge collisions
[SAT] Adding collision clauses and solving again...
[SAT] Solving local zone with SAT iteration 2...
[SAT] Local CNF: 168 clauses 

DEBUG: Adding 2 new clauses to MiniSAT (incremental run)
[SAT] Local problem appears to be unsatisfiable in current zone
[Waiting_time_Solve] No solution found, trying to apply waiting time:1
[Waiting_time_Solve] Applying waiting time 1 to agent 7 who has waiting time 6
[Waiting_time_Solve] New path is consistent after applying waiting time for agent 7
[Current_Solution] Agent 7 used 1 waiting timesteps, 5 remaining
[Waiting_time_Solve] Applied 1 waiting time  for agent 7 who has waiting time 5
[Waiting_time_Solve] ALL Waiting time applied
[Waiting_time_Solve] Extended Zone end time from 75 to 76
[Waiting_time_Solve] Iteration 1...
[SAT] Start solving CNF: 253 clauses and 104 variables
[SAT] Agent 16 entry time: 64 exit time: 75
[SAT] Agent 12 entry time: 73 exit time: 76
[SAT] Agent 8 entry time: 64 exit time: 74
[SAT] Agent 7 entry time: 64 exit time: 76
[SAT] Agent 4 entry time: 65 exit time: 76

[SAT] Start time: 64 End time: 76

[SAT] Solving local zone with SAT iteration 1...
[SAT] Local CNF: 255 clauses 

DEBUG: Adding 255 new clauses to MiniSAT (incremental run)
DEBUG: Clause load summary: input=255, added=255, tautologies_skipped=0, duplicates_skipped=0, unit_clauses=24, empties=0, intra_clause_literals_removed=0, added_but_db_unchanged=27
DEBUG: After adding clauses, solver has 204 clauses and 104 variables
DEBUG: MiniSAT found 104 variables
DEBUG: Assignment size: 104
DEBUG: First few assignment values: 1 0 1 0 1 0 1 0 1 0 

=== DEBUG: cnf_assignment_to_paths ===
Input assignment size: 104

=== END DEBUG ===
[SAT] Found 1 vertex collisions and 1 edge collisions
[SAT] Adding collision clauses and solving again...
[SAT] Solving local zone with SAT iteration 2...
[SAT] Local CNF: 257 clauses 

DEBUG: Adding 2 new clauses to MiniSAT (incremental run)
[SAT] Local problem appears to be unsatisfiable in current zone
[Waiting_time_Solve] No solution found, trying to apply waiting time:2
[Waiting_time_Solve] Applying waiting time 2 to agent 7 who has waiting time 5
[Waiting_time_Solve] New path is consistent after applying waiting time for agent 7
[Current_Solution] Agent 7 used 2 waiting timesteps, 3 remaining
[Waiting_time_Solve] Applied 2 waiting time  for agent 7 who has waiting time 3
[Waiting_time_Solve] ALL Waiting time applied
[Waiting_time_Solve] Extended Zone end time from 76 to 78
[Waiting_time_Solve] Iteration 2...
[SAT] Start solving CNF: 877 clauses and 189 variables
[SAT] Agent 16 entry time: 64 exit time: 75
[SAT] Agent 12 entry time: 73 exit time: 78
[SAT] Agent 8 entry time: 64 exit time: 74
[SAT] Agent 7 entry time: 64 exit time: 78
[SAT] Agent 4 entry time: 65 exit time: 77

[SAT] Start time: 64 End time: 78

[SAT] Solving local zone with SAT iteration 1...
[SAT] Local CNF: 881 clauses 

DEBUG: Adding 881 new clauses to MiniSAT (incremental run)
DEBUG: Clause load summary: input=881, added=881, tautologies_skipped=0, duplicates_skipped=0, unit_clauses=25, empties=0, intra_clause_literals_removed=0, added_but_db_unchanged=32
DEBUG: After adding clauses, solver has 824 clauses and 189 variables
DEBUG: MiniSAT found 189 variables
DEBUG: Assignment size: 189
DEBUG: First few assignment values: 1 0 1 0 1 0 1 0 1 0 

=== DEBUG: cnf_assignment_to_paths ===
Input assignment size: 189

=== END DEBUG ===
[SAT] Found 1 vertex collisions and 1 edge collisions
[SAT] Adding collision clauses and solving again...
[SAT] Solving local zone with SAT iteration 2...
[SAT] Local CNF: 883 clauses 

DEBUG: Adding 2 new clauses to MiniSAT (incremental run)
DEBUG: Clause load summary: input=2, added=2, tautologies_skipped=0, duplicates_skipped=0, unit_clauses=0, empties=0, intra_clause_literals_removed=0, added_but_db_unchanged=2
DEBUG: After adding clauses, solver has 812 clauses and 189 variables
DEBUG: MiniSAT found 189 variables
DEBUG: Assignment size: 189
DEBUG: First few assignment values: 1 0 1 0 1 0 1 0 1 0 

=== DEBUG: cnf_assignment_to_paths ===
Input assignment size: 189

=== END DEBUG ===
[SAT] Found 3 vertex collisions and 1 edge collisions
[SAT] Adding collision clauses and solving again...
[SAT] Solving local zone with SAT iteration 3...
[SAT] Local CNF: 887 clauses 

DEBUG: Adding 4 new clauses to MiniSAT (incremental run)
[SAT] Local problem appears to be unsatisfiable in current zone
[Waiting_time_Solve] No solution found, trying to apply waiting time:3
[Waiting_time_Solve] Applying waiting time 3 to agent 4 who has waiting time 5
[Waiting_time_Solve] New path is consistent after applying waiting time for agent 4
[Current_Solution] Agent 4 used 3 waiting timesteps, 2 remaining
[Waiting_time_Solve] Applied 3 waiting time  for agent 4 who has waiting time 2
[Waiting_time_Solve] Applying waiting time 3 to agent 7 who has waiting time 3
[Waiting_time_Solve] New path is consistent after applying waiting time for agent 7
[Current_Solution] Agent 7 used 3 waiting timesteps, 0 remaining
[Waiting_time_Solve] Applied 3 waiting time  for agent 7 who has waiting time 0
[Waiting_time_Solve] ALL Waiting time applied
[Waiting_time_Solve] Extended Zone end time from 78 to 81
[Waiting_time_Solve] Iteration 3...
[SAT] Start solving CNF: 4073 clauses and 455 variables
[SAT] Agent 16 entry time: 64 exit time: 75
[SAT] Agent 12 entry time: 73 exit time: 81
[SAT] Agent 8 entry time: 64 exit time: 74
[SAT] Agent 7 entry time: 64 exit time: 81
[SAT] Agent 4 entry time: 65 exit time: 80

[SAT] Start time: 64 End time: 81

[SAT] Solving local zone with SAT iteration 1...
[SAT] Local CNF: 4083 clauses 

DEBUG: Adding 4083 new clauses to MiniSAT (incremental run)
DEBUG: Clause load summary: input=4083, added=4083, tautologies_skipped=0, duplicates_skipped=0, unit_clauses=21, empties=0, intra_clause_literals_removed=0, added_but_db_unchanged=32
DEBUG: After adding clauses, solver has 4030 clauses and 455 variables
DEBUG: MiniSAT found 455 variables
DEBUG: Assignment size: 455
DEBUG: First few assignment values: 1 0 1 0 1 0 1 0 1 0 

=== DEBUG: cnf_assignment_to_paths ===
Input assignment size: 455

=== END DEBUG ===
[SAT] Found 1 vertex collisions and 2 edge collisions
[SAT] Adding collision clauses and solving again...
[SAT] Solving local zone with SAT iteration 2...
[SAT] Local CNF: 4086 clauses 

DEBUG: Adding 3 new clauses to MiniSAT (incremental run)
DEBUG: Clause load summary: input=3, added=3, tautologies_skipped=0, duplicates_skipped=0, unit_clauses=0, empties=0, intra_clause_literals_removed=0, added_but_db_unchanged=2
DEBUG: After adding clauses, solver has 3965 clauses and 455 variables
DEBUG: MiniSAT found 455 variables
DEBUG: Assignment size: 455
DEBUG: First few assignment values: 1 0 1 0 1 0 1 0 1 0 

=== DEBUG: cnf_assignment_to_paths ===
Input assignment size: 455

=== END DEBUG ===
[SAT] Found 1 vertex collisions and 1 edge collisions
[SAT] Adding collision clauses and solving again...
[SAT] Solving local zone with SAT iteration 3...
[SAT] Local CNF: 4088 clauses 

DEBUG: Adding 2 new clauses to MiniSAT (incremental run)
DEBUG: Clause load summary: input=2, added=2, tautologies_skipped=0, duplicates_skipped=0, unit_clauses=0, empties=0, intra_clause_literals_removed=0, added_but_db_unchanged=2
DEBUG: After adding clauses, solver has 3965 clauses and 455 variables
DEBUG: MiniSAT found 455 variables
DEBUG: Assignment size: 455
DEBUG: First few assignment values: 1 0 1 0 1 0 1 0 1 0 

=== DEBUG: cnf_assignment_to_paths ===
Input assignment size: 455

=== END DEBUG ===
[SAT] Found 2 vertex collisions and 1 edge collisions
[SAT] Adding collision clauses and solving again...
[SAT] Solving local zone with SAT iteration 4...
[SAT] Local CNF: 4091 clauses 

DEBUG: Adding 3 new clauses to MiniSAT (incremental run)
DEBUG: Clause load summary: input=3, added=3, tautologies_skipped=0, duplicates_skipped=0, unit_clauses=0, empties=0, intra_clause_literals_removed=0, added_but_db_unchanged=2
DEBUG: After adding clauses, solver has 3966 clauses and 455 variables
DEBUG: MiniSAT found 455 variables
DEBUG: Assignment size: 455
DEBUG: First few assignment values: 1 0 1 0 1 0 1 0 1 0 

=== DEBUG: cnf_assignment_to_paths ===
Input assignment size: 455

=== END DEBUG ===
[SAT] Found 0 vertex collisions and 1 edge collisions
[SAT] Adding collision clauses and solving again...
[SAT] Solving local zone with SAT iteration 5...
[SAT] Local CNF: 4092 clauses 

DEBUG: Adding 1 new clauses to MiniSAT (incremental run)
DEBUG: Clause load summary: input=1, added=1, tautologies_skipped=0, duplicates_skipped=0, unit_clauses=0, empties=0, intra_clause_literals_removed=0, added_but_db_unchanged=0
DEBUG: After adding clauses, solver has 3967 clauses and 455 variables
DEBUG: MiniSAT found 455 variables
DEBUG: Assignment size: 455
DEBUG: First few assignment values: 1 0 1 0 1 0 1 0 1 0 

=== DEBUG: cnf_assignment_to_paths ===
Input assignment size: 455

=== END DEBUG ===
[SAT] Found 1 vertex collisions and 0 edge collisions
[SAT] Adding collision clauses and solving again...
[SAT] Solving local zone with SAT iteration 6...
[SAT] Local CNF: 4093 clauses 

DEBUG: Adding 1 new clauses to MiniSAT (incremental run)
DEBUG: Clause load summary: input=1, added=1, tautologies_skipped=0, duplicates_skipped=0, unit_clauses=0, empties=0, intra_clause_literals_removed=0, added_but_db_unchanged=0
DEBUG: After adding clauses, solver has 3968 clauses and 455 variables
DEBUG: MiniSAT found 455 variables
DEBUG: Assignment size: 455
DEBUG: First few assignment values: 1 0 1 0 1 0 1 0 1 0 

=== DEBUG: cnf_assignment_to_paths ===
Input assignment size: 455

=== END DEBUG ===
[SAT] Found 1 vertex collisions and 0 edge collisions
[SAT] Adding collision clauses and solving again...
[SAT] Solving local zone with SAT iteration 7...
[SAT] Local CNF: 4094 clauses 

DEBUG: Adding 1 new clauses to MiniSAT (incremental run)
DEBUG: Clause load summary: input=1, added=1, tautologies_skipped=0, duplicates_skipped=0, unit_clauses=0, empties=0, intra_clause_literals_removed=0, added_but_db_unchanged=0
DEBUG: After adding clauses, solver has 3969 clauses and 455 variables
[SAT] Local problem appears to be unsatisfiable in current zone
[Waiting_time_Solve] No solution found, trying to apply waiting time:4
[Waiting_time_Solve] INFO: not enough waiting time for agent 4 (needs 4, available: 2)
[Waiting_time_Solve] INFO: not enough waiting time for agent 4 (needs 4, available: 2)
[Waiting_time_Solve] No waiting time applied
[Waiting_time_Solve] No solution found
[Waiting_time_Solve] Restoring original paths
[Waiting_time_Solve] Restoring waiting times
[Current_Solution] Restored waiting times from backup
[Current_Solution] Restored paths from backup
[Solve_local_zone] Zone with expansion factor 3failed
[Solve_local_zone] Expanding zone with offset 6 (original: 2)
[Solve_local_zone] Final expanded zone contains 73 positions with 3 conflicts 
[Solve_local_zone] New time window: [63, 76]
[Solve_local_zone] Current local zone size: 73 (2.25866% of all walkable positions)
[Solve_local_zone] Local zone time window: [63, 76]
[Waiting_time_Solve] Agent 0 has waiting time 110
[Waiting_time_Solve] Agent 1 has waiting time 71
[Waiting_time_Solve] Agent 2 has waiting time 59
[Waiting_time_Solve] Agent 3 has waiting time 125
[Waiting_time_Solve] Agent 4 has waiting time 5
[Waiting_time_Solve] Agent 5 has waiting time 55
[Waiting_time_Solve] Agent 6 has waiting time 61
[Waiting_time_Solve] Agent 7 has waiting time 6
[Waiting_time_Solve] Agent 8 has waiting time 0
[Waiting_time_Solve] Agent 9 has waiting time 57
[Waiting_time_Solve] Agent 10 has waiting time 137
[Waiting_time_Solve] Agent 11 has waiting time 134
[Waiting_time_Solve] Agent 12 has waiting time 2
[Waiting_time_Solve] Agent 13 has waiting time 44
[Waiting_time_Solve] Agent 14 has waiting time 129
[Waiting_time_Solve] Agent 15 has waiting time 88
[Waiting_time_Solve] Agent 16 has waiting time 3
[Waiting_time_Solve] Agent 17 has waiting time 128
[Waiting_time_Solve] Agent 18 has waiting time 82
[Waiting_time_Solve] Agent 19 has waiting time 59
[Waiting_time_Solve] Total available waiting time: 1355
[Waiting_time_Solve] Max iterations: 1355
[Waiting_time_Solve] Iteration 0...
[SAT] Start solving CNF: 226 clauses and 104 variables
[SAT] Agent 16 entry time: 63 exit time: 76
[SAT] Agent 12 entry time: 72 exit time: 76
[SAT] Agent 8 entry time: 63 exit time: 75
[SAT] Agent 7 entry time: 63 exit time: 76
[SAT] Agent 4 entry time: 64 exit time: 76

[SAT] Start time: 63 End time: 76

[SAT] Solving local zone with SAT iteration 1...
[SAT] Local CNF: 226 clauses 

DEBUG: Adding 226 new clauses to MiniSAT (incremental run)
DEBUG: Clause load summary: input=226, added=226, tautologies_skipped=0, duplicates_skipped=0, unit_clauses=32, empties=0, intra_clause_literals_removed=0, added_but_db_unchanged=32
DEBUG: After adding clauses, solver has 162 clauses and 104 variables
DEBUG: MiniSAT found 104 variables
DEBUG: Assignment size: 104
DEBUG: First few assignment values: 1 0 1 0 1 0 1 0 1 0 

=== DEBUG: cnf_assignment_to_paths ===
Input assignment size: 104

=== END DEBUG ===
[SAT] Found 1 vertex collisions and 1 edge collisions
[SAT] Adding collision clauses and solving again...
[SAT] Solving local zone with SAT iteration 2...
[SAT] Local CNF: 228 clauses 

DEBUG: Adding 2 new clauses to MiniSAT (incremental run)
[SAT] Local problem appears to be unsatisfiable in current zone
[Waiting_time_Solve] No solution found, trying to apply waiting time:1
[Waiting_time_Solve] Applying waiting time 1 to agent 7 who has waiting time 6
[Waiting_time_Solve] New path is consistent after applying waiting time for agent 7
[Current_Solution] Agent 7 used 1 waiting timesteps, 5 remaining
[Waiting_time_Solve] Applied 1 waiting time  for agent 7 who has waiting time 5
[Waiting_time_Solve] ALL Waiting time applied
[Waiting_time_Solve] Extended Zone end time from 76 to 77
[Waiting_time_Solve] Iteration 1...
[SAT] Start solving CNF: 344 clauses and 134 variables
[SAT] Agent 16 entry time: 63 exit time: 76
[SAT] Agent 12 entry time: 72 exit time: 77
[SAT] Agent 8 entry time: 63 exit time: 75
[SAT] Agent 7 entry time: 63 exit time: 77
[SAT] Agent 4 entry time: 64 exit time: 77

[SAT] Start time: 63 End time: 77

[SAT] Solving local zone with SAT iteration 1...
[SAT] Local CNF: 346 clauses 

DEBUG: Adding 346 new clauses to MiniSAT (incremental run)
DEBUG: Clause load summary: input=346, added=346, tautologies_skipped=0, duplicates_skipped=0, unit_clauses=27, empties=0, intra_clause_literals_removed=0, added_but_db_unchanged=30
DEBUG: After adding clauses, solver has 289 clauses and 134 variables
DEBUG: MiniSAT found 134 variables
DEBUG: Assignment size: 134
DEBUG: First few assignment values: 1 0 1 0 1 0 1 0 1 0 

=== DEBUG: cnf_assignment_to_paths ===
Input assignment size: 134

=== END DEBUG ===
[SAT] Found 1 vertex collisions and 1 edge collisions
[SAT] Adding collision clauses and solving again...
[SAT] Solving local zone with SAT iteration 2...
[SAT] Local CNF: 348 clauses 

DEBUG: Adding 2 new clauses to MiniSAT (incremental run)
[SAT] Local problem appears to be unsatisfiable in current zone
[Waiting_time_Solve] No solution found, trying to apply waiting time:2
[Waiting_time_Solve] Applying waiting time 2 to agent 7 who has waiting time 5
[Waiting_time_Solve] New path is consistent after applying waiting time for agent 7
[Current_Solution] Agent 7 used 2 waiting timesteps, 3 remaining
[Waiting_time_Solve] Applied 2 waiting time  for agent 7 who has waiting time 3
[Waiting_time_Solve] ALL Waiting time applied
[Waiting_time_Solve] Extended Zone end time from 77 to 79
[Waiting_time_Solve] Iteration 2...
[SAT] Start solving CNF: 1181 clauses and 239 variables
[SAT] Agent 16 entry time: 63 exit time: 76
[SAT] Agent 12 entry time: 72 exit time: 79
[SAT] Agent 8 entry time: 63 exit time: 75
[SAT] Agent 7 entry time: 63 exit time: 79
[SAT] Agent 4 entry time: 64 exit time: 78

[SAT] Start time: 63 End time: 79

[SAT] Solving local zone with SAT iteration 1...
[SAT] Local CNF: 1185 clauses 

DEBUG: Adding 1185 new clauses to MiniSAT (incremental run)
DEBUG: Clause load summary: input=1185, added=1185, tautologies_skipped=0, duplicates_skipped=0, unit_clauses=28, empties=0, intra_clause_literals_removed=0, added_but_db_unchanged=35
DEBUG: After adding clauses, solver has 1122 clauses and 239 variables
DEBUG: MiniSAT found 239 variables
DEBUG: Assignment size: 239
DEBUG: First few assignment values: 1 0 1 0 1 0 1 0 1 0 

=== DEBUG: cnf_assignment_to_paths ===
Input assignment size: 239

=== END DEBUG ===
[SAT] Found 1 vertex collisions and 1 edge collisions
[SAT] Adding collision clauses and solving again...
[SAT] Solving local zone with SAT iteration 2...
[SAT] Local CNF: 1187 clauses 

DEBUG: Adding 2 new clauses to MiniSAT (incremental run)
DEBUG: Clause load summary: input=2, added=2, tautologies_skipped=0, duplicates_skipped=0, unit_clauses=0, empties=0, intra_clause_literals_removed=0, added_but_db_unchanged=2
DEBUG: After adding clauses, solver has 1110 clauses and 239 variables
DEBUG: MiniSAT found 239 variables
DEBUG: Assignment size: 239
DEBUG: First few assignment values: 1 0 1 0 1 0 1 0 1 0 

=== DEBUG: cnf_assignment_to_paths ===
Input assignment size: 239

=== END DEBUG ===
[SAT] Found 2 vertex collisions and 1 edge collisions
[SAT] Adding collision clauses and solving again...
[SAT] Solving local zone with SAT iteration 3...
[SAT] Local CNF: 1190 clauses 

DEBUG: Adding 3 new clauses to MiniSAT (incremental run)
[SAT] Local problem appears to be unsatisfiable in current zone
[Waiting_time_Solve] No solution found, trying to apply waiting time:3
[Waiting_time_Solve] Applying waiting time 3 to agent 4 who has waiting time 5
[Waiting_time_Solve] New path is consistent after applying waiting time for agent 4
[Current_Solution] Agent 4 used 3 waiting timesteps, 2 remaining
[Waiting_time_Solve] Applied 3 waiting time  for agent 4 who has waiting time 2
[Waiting_time_Solve] Applying waiting time 3 to agent 7 who has waiting time 3
[Waiting_time_Solve] New path is consistent after applying waiting time for agent 7
[Current_Solution] Agent 7 used 3 waiting timesteps, 0 remaining
[Waiting_time_Solve] Applied 3 waiting time  for agent 7 who has waiting time 0
[Waiting_time_Solve] ALL Waiting time applied
[Waiting_time_Solve] Extended Zone end time from 79 to 82
[Waiting_time_Solve] Iteration 3...
[SAT] Start solving CNF: 5447 clauses and 563 variables
[SAT] Agent 16 entry time: 63 exit time: 76
[SAT] Agent 12 entry time: 72 exit time: 82
[SAT] Agent 8 entry time: 63 exit time: 75
[SAT] Agent 7 entry time: 63 exit time: 82
[SAT] Agent 4 entry time: 64 exit time: 81

[SAT] Start time: 63 End time: 82

[SAT] Solving local zone with SAT iteration 1...
[SAT] Local CNF: 5456 clauses 

DEBUG: Adding 5456 new clauses to MiniSAT (incremental run)
DEBUG: Clause load summary: input=5456, added=5456, tautologies_skipped=0, duplicates_skipped=0, unit_clauses=24, empties=0, intra_clause_literals_removed=0, added_but_db_unchanged=35
DEBUG: After adding clauses, solver has 5397 clauses and 563 variables
DEBUG: MiniSAT found 563 variables
DEBUG: Assignment size: 563
DEBUG: First few assignment values: 1 0 1 0 1 0 1 0 1 0 

=== DEBUG: cnf_assignment_to_paths ===
Input assignment size: 563

=== END DEBUG ===
[SAT] Found 1 vertex collisions and 2 edge collisions
[SAT] Adding collision clauses and solving again...
[SAT] Solving local zone with SAT iteration 2...
[SAT] Local CNF: 5459 clauses 

DEBUG: Adding 3 new clauses to MiniSAT (incremental run)
DEBUG: Clause load summary: input=3, added=3, tautologies_skipped=0, duplicates_skipped=0, unit_clauses=0, empties=0, intra_clause_literals_removed=0, added_but_db_unchanged=2
DEBUG: After adding clauses, solver has 5327 clauses and 563 variables
DEBUG: MiniSAT found 563 variables
DEBUG: Assignment size: 563
DEBUG: First few assignment values: 1 0 1 0 1 0 1 0 1 0 

=== DEBUG: cnf_assignment_to_paths ===
Input assignment size: 563

=== END DEBUG ===
[SAT] Found 1 vertex collisions and 1 edge collisions
[SAT] Adding collision clauses and solving again...
[SAT] Solving local zone with SAT iteration 3...
[SAT] Local CNF: 5461 clauses 

DEBUG: Adding 2 new clauses to MiniSAT (incremental run)
DEBUG: Clause load summary: input=2, added=2, tautologies_skipped=0, duplicates_skipped=0, unit_clauses=0, empties=0, intra_clause_literals_removed=0, added_but_db_unchanged=2
DEBUG: After adding clauses, solver has 5327 clauses and 563 variables
DEBUG: MiniSAT found 563 variables
DEBUG: Assignment size: 563
DEBUG: First few assignment values: 1 0 1 0 1 0 1 0 1 0 

=== DEBUG: cnf_assignment_to_paths ===
Input assignment size: 563

=== END DEBUG ===
[SAT] Found 2 vertex collisions and 1 edge collisions
[SAT] Adding collision clauses and solving again...
[SAT] Solving local zone with SAT iteration 4...
[SAT] Local CNF: 5464 clauses 

DEBUG: Adding 3 new clauses to MiniSAT (incremental run)
DEBUG: Clause load summary: input=3, added=3, tautologies_skipped=0, duplicates_skipped=0, unit_clauses=0, empties=0, intra_clause_literals_removed=0, added_but_db_unchanged=2
DEBUG: After adding clauses, solver has 5328 clauses and 563 variables
DEBUG: MiniSAT found 563 variables
DEBUG: Assignment size: 563
DEBUG: First few assignment values: 1 0 1 0 1 0 1 0 1 0 

=== DEBUG: cnf_assignment_to_paths ===
Input assignment size: 563

=== END DEBUG ===
[SAT] Found 0 vertex collisions and 1 edge collisions
[SAT] Adding collision clauses and solving again...
[SAT] Solving local zone with SAT iteration 5...
[SAT] Local CNF: 5465 clauses 

DEBUG: Adding 1 new clauses to MiniSAT (incremental run)
DEBUG: Clause load summary: input=1, added=1, tautologies_skipped=0, duplicates_skipped=0, unit_clauses=0, empties=0, intra_clause_literals_removed=0, added_but_db_unchanged=0
DEBUG: After adding clauses, solver has 5329 clauses and 563 variables
DEBUG: MiniSAT found 563 variables
DEBUG: Assignment size: 563
DEBUG: First few assignment values: 1 0 1 0 1 0 1 0 1 0 

=== DEBUG: cnf_assignment_to_paths ===
Input assignment size: 563

=== END DEBUG ===
[SAT] Found 1 vertex collisions and 0 edge collisions
[SAT] Adding collision clauses and solving again...
[SAT] Solving local zone with SAT iteration 6...
[SAT] Local CNF: 5466 clauses 

DEBUG: Adding 1 new clauses to MiniSAT (incremental run)
DEBUG: Clause load summary: input=1, added=1, tautologies_skipped=0, duplicates_skipped=0, unit_clauses=0, empties=0, intra_clause_literals_removed=0, added_but_db_unchanged=0
DEBUG: After adding clauses, solver has 5330 clauses and 563 variables
DEBUG: MiniSAT found 563 variables
DEBUG: Assignment size: 563
DEBUG: First few assignment values: 1 0 1 0 1 0 1 0 1 0 

=== DEBUG: cnf_assignment_to_paths ===
Input assignment size: 563

=== END DEBUG ===
[SAT] Found 1 vertex collisions and 0 edge collisions
[SAT] Adding collision clauses and solving again...
[SAT] Solving local zone with SAT iteration 7...
[SAT] Local CNF: 5467 clauses 

DEBUG: Adding 1 new clauses to MiniSAT (incremental run)
DEBUG: Clause load summary: input=1, added=1, tautologies_skipped=0, duplicates_skipped=0, unit_clauses=0, empties=0, intra_clause_literals_removed=0, added_but_db_unchanged=0
DEBUG: After adding clauses, solver has 5331 clauses and 563 variables
[SAT] Local problem appears to be unsatisfiable in current zone
[Waiting_time_Solve] No solution found, trying to apply waiting time:4
[Waiting_time_Solve] INFO: not enough waiting time for agent 4 (needs 4, available: 2)
[Waiting_time_Solve] INFO: not enough waiting time for agent 4 (needs 4, available: 2)
[Waiting_time_Solve] No waiting time applied
[Waiting_time_Solve] No solution found
[Waiting_time_Solve] Restoring original paths
[Waiting_time_Solve] Restoring waiting times
[Current_Solution] Restored waiting times from backup
[Current_Solution] Restored paths from backup
[Solve_local_zone] Zone with expansion factor 4failed
[Solve_local_zone] Expanding zone with offset 7 (original: 2)
[Solve_local_zone] Final expanded zone contains 89 positions with 3 conflicts 
[Solve_local_zone] New time window: [62, 77]
[Solve_local_zone] Current local zone size: 89 (2.75371% of all walkable positions)
[Solve_local_zone] Local zone time window: [62, 77]
[Waiting_time_Solve] Agent 0 has waiting time 110
[Waiting_time_Solve] Agent 1 has waiting time 71
[Waiting_time_Solve] Agent 2 has waiting time 59
[Waiting_time_Solve] Agent 3 has waiting time 125
[Waiting_time_Solve] Agent 4 has waiting time 5
[Waiting_time_Solve] Agent 5 has waiting time 55
[Waiting_time_Solve] Agent 6 has waiting time 61
[Waiting_time_Solve] Agent 7 has waiting time 6
[Waiting_time_Solve] Agent 8 has waiting time 0
[Waiting_time_Solve] Agent 9 has waiting time 57
[Waiting_time_Solve] Agent 10 has waiting time 137
[Waiting_time_Solve] Agent 11 has waiting time 134
[Waiting_time_Solve] Agent 12 has waiting time 2
[Waiting_time_Solve] Agent 13 has waiting time 44
[Waiting_time_Solve] Agent 14 has waiting time 129
[Waiting_time_Solve] Agent 15 has waiting time 88
[Waiting_time_Solve] Agent 16 has waiting time 3
[Waiting_time_Solve] Agent 17 has waiting time 128
[Waiting_time_Solve] Agent 18 has waiting time 82
[Waiting_time_Solve] Agent 19 has waiting time 59
[Waiting_time_Solve] Total available waiting time: 1355
[Waiting_time_Solve] Max iterations: 1355
[Waiting_time_Solve] Iteration 0...
[SAT] Start solving CNF: 308 clauses and 135 variables
[SAT] Agent 16 entry time: 62 exit time: 77
[SAT] Agent 12 entry time: 71 exit time: 77
[SAT] Agent 8 entry time: 62 exit time: 76
[SAT] Agent 7 entry time: 62 exit time: 77
[SAT] Agent 4 entry time: 63 exit time: 77

[SAT] Start time: 62 End time: 77

[SAT] Solving local zone with SAT iteration 1...
[SAT] Local CNF: 308 clauses 

DEBUG: Adding 308 new clauses to MiniSAT (incremental run)
DEBUG: Clause load summary: input=308, added=308, tautologies_skipped=0, duplicates_skipped=0, unit_clauses=36, empties=0, intra_clause_literals_removed=0, added_but_db_unchanged=36
DEBUG: After adding clauses, solver has 236 clauses and 135 variables
DEBUG: MiniSAT found 135 variables
DEBUG: Assignment size: 135
DEBUG: First few assignment values: 1 0 1 0 1 0 0 1 0 0 

=== DEBUG: cnf_assignment_to_paths ===
Input assignment size: 135

=== END DEBUG ===
[SAT] Found 1 vertex collisions and 0 edge collisions
[SAT] Adding collision clauses and solving again...
[SAT] Solving local zone with SAT iteration 2...
[SAT] Local CNF: 309 clauses 

DEBUG: Adding 1 new clauses to MiniSAT (incremental run)
[SAT] Local problem appears to be unsatisfiable in current zone
[Waiting_time_Solve] No solution found, trying to apply waiting time:1
[Waiting_time_Solve] Applying waiting time 1 to agent 7 who has waiting time 6
[Waiting_time_Solve] New path is consistent after applying waiting time for agent 7
[Current_Solution] Agent 7 used 1 waiting timesteps, 5 remaining
[Waiting_time_Solve] Applied 1 waiting time  for agent 7 who has waiting time 5
[Waiting_time_Solve] ALL Waiting time applied
[Waiting_time_Solve] Extended Zone end time from 77 to 78
[Waiting_time_Solve] Iteration 1...
[SAT] Start solving CNF: 458 clauses and 171 variables
[SAT] Agent 16 entry time: 62 exit time: 77
[SAT] Agent 12 entry time: 71 exit time: 78
[SAT] Agent 8 entry time: 62 exit time: 76
[SAT] Agent 7 entry time: 62 exit time: 78
[SAT] Agent 4 entry time: 63 exit time: 78

[SAT] Start time: 62 End time: 78

[SAT] Solving local zone with SAT iteration 1...
[SAT] Local CNF: 459 clauses 

DEBUG: Adding 459 new clauses to MiniSAT (incremental run)
DEBUG: Clause load summary: input=459, added=459, tautologies_skipped=0, duplicates_skipped=0, unit_clauses=30, empties=0, intra_clause_literals_removed=0, added_but_db_unchanged=32
DEBUG: After adding clauses, solver has 397 clauses and 171 variables
DEBUG: MiniSAT found 171 variables
DEBUG: Assignment size: 171
DEBUG: First few assignment values: 1 0 1 0 1 0 0 1 0 0 

=== DEBUG: cnf_assignment_to_paths ===
Input assignment size: 171

=== END DEBUG ===
[SAT] Found 1 vertex collisions and 1 edge collisions
[SAT] Adding collision clauses and solving again...
[SAT] Solving local zone with SAT iteration 2...
[SAT] Local CNF: 461 clauses 

DEBUG: Adding 2 new clauses to MiniSAT (incremental run)
[SAT] Local problem appears to be unsatisfiable in current zone
[Waiting_time_Solve] No solution found, trying to apply waiting time:2
[Waiting_time_Solve] Applying waiting time 2 to agent 7 who has waiting time 5
[Waiting_time_Solve] New path is consistent after applying waiting time for agent 7
[Current_Solution] Agent 7 used 2 waiting timesteps, 3 remaining
[Waiting_time_Solve] Applied 2 waiting time  for agent 7 who has waiting time 3
[Waiting_time_Solve] ALL Waiting time applied
[Waiting_time_Solve] Extended Zone end time from 78 to 80
[Waiting_time_Solve] Iteration 2...
[SAT] Start solving CNF: 1502 clauses and 294 variables
[SAT] Agent 16 entry time: 62 exit time: 77
[SAT] Agent 12 entry time: 71 exit time: 80
[SAT] Agent 8 entry time: 62 exit time: 76
[SAT] Agent 7 entry time: 62 exit time: 80
[SAT] Agent 4 entry time: 63 exit time: 79

[SAT] Start time: 62 End time: 80

[SAT] Solving local zone with SAT iteration 1...
[SAT] Local CNF: 1505 clauses 

DEBUG: Adding 1505 new clauses to MiniSAT (incremental run)
DEBUG: Clause load summary: input=1505, added=1505, tautologies_skipped=0, duplicates_skipped=0, unit_clauses=31, empties=0, intra_clause_literals_removed=0, added_but_db_unchanged=37
DEBUG: After adding clauses, solver has 1437 clauses and 294 variables
DEBUG: MiniSAT found 294 variables
DEBUG: Assignment size: 294
DEBUG: First few assignment values: 1 0 1 0 1 0 0 1 0 0 

=== DEBUG: cnf_assignment_to_paths ===
Input assignment size: 294

=== END DEBUG ===
[SAT] Found 1 vertex collisions and 1 edge collisions
[SAT] Adding collision clauses and solving again...
[SAT] Solving local zone with SAT iteration 2...
[SAT] Local CNF: 1507 clauses 

DEBUG: Adding 2 new clauses to MiniSAT (incremental run)
DEBUG: Clause load summary: input=2, added=2, tautologies_skipped=0, duplicates_skipped=0, unit_clauses=0, empties=0, intra_clause_literals_removed=0, added_but_db_unchanged=2
DEBUG: After adding clauses, solver has 1425 clauses and 294 variables
DEBUG: MiniSAT found 294 variables
DEBUG: Assignment size: 294
DEBUG: First few assignment values: 1 0 1 0 1 0 0 1 0 0 

=== DEBUG: cnf_assignment_to_paths ===
Input assignment size: 294

=== END DEBUG ===
[SAT] Found 2 vertex collisions and 1 edge collisions
[SAT] Adding collision clauses and solving again...
[SAT] Solving local zone with SAT iteration 3...
[SAT] Local CNF: 1510 clauses 

DEBUG: Adding 3 new clauses to MiniSAT (incremental run)
[SAT] Local problem appears to be unsatisfiable in current zone
[Waiting_time_Solve] No solution found, trying to apply waiting time:3
[Waiting_time_Solve] Applying waiting time 3 to agent 4 who has waiting time 5
[Waiting_time_Solve] New path is consistent after applying waiting time for agent 4
[Current_Solution] Agent 4 used 3 waiting timesteps, 2 remaining
[Waiting_time_Solve] Applied 3 waiting time  for agent 4 who has waiting time 2
[Waiting_time_Solve] Applying waiting time 3 to agent 7 who has waiting time 3
[Waiting_time_Solve] New path is consistent after applying waiting time for agent 7
[Current_Solution] Agent 7 used 3 waiting timesteps, 0 remaining
[Waiting_time_Solve] Applied 3 waiting time  for agent 7 who has waiting time 0
[Waiting_time_Solve] ALL Waiting time applied
[Waiting_time_Solve] Extended Zone end time from 80 to 83
[Waiting_time_Solve] Iteration 3...
[SAT] Start solving CNF: 6415 clauses and 656 variables
[SAT] Agent 16 entry time: 62 exit time: 77
[SAT] Agent 12 entry time: 71 exit time: 83
[SAT] Agent 8 entry time: 62 exit time: 76
[SAT] Agent 7 entry time: 62 exit time: 83
[SAT] Agent 4 entry time: 63 exit time: 82

[SAT] Start time: 62 End time: 83

[SAT] Solving local zone with SAT iteration 1...
[SAT] Local CNF: 6423 clauses 

DEBUG: Adding 6423 new clauses to MiniSAT (incremental run)
DEBUG: Clause load summary: input=6423, added=6423, tautologies_skipped=0, duplicates_skipped=0, unit_clauses=27, empties=0, intra_clause_literals_removed=0, added_but_db_unchanged=37
DEBUG: After adding clauses, solver has 6359 clauses and 656 variables
DEBUG: MiniSAT found 656 variables
DEBUG: Assignment size: 656
DEBUG: First few assignment values: 1 0 1 0 1 0 0 1 0 0 

=== DEBUG: cnf_assignment_to_paths ===
Input assignment size: 656

=== END DEBUG ===
[SAT] Found 1 vertex collisions and 2 edge collisions
[SAT] Adding collision clauses and solving again...
[SAT] Solving local zone with SAT iteration 2...
[SAT] Local CNF: 6426 clauses 

DEBUG: Adding 3 new clauses to MiniSAT (incremental run)
DEBUG: Clause load summary: input=3, added=3, tautologies_skipped=0, duplicates_skipped=0, unit_clauses=0, empties=0, intra_clause_literals_removed=0, added_but_db_unchanged=2
DEBUG: After adding clauses, solver has 6289 clauses and 656 variables
DEBUG: MiniSAT found 656 variables
DEBUG: Assignment size: 656
DEBUG: First few assignment values: 1 0 1 0 1 0 0 1 0 0 

=== DEBUG: cnf_assignment_to_paths ===
Input assignment size: 656

=== END DEBUG ===
[SAT] Found 1 vertex collisions and 1 edge collisions
[SAT] Adding collision clauses and solving again...
[SAT] Solving local zone with SAT iteration 3...
[SAT] Local CNF: 6428 clauses 

DEBUG: Adding 2 new clauses to MiniSAT (incremental run)
DEBUG: Clause load summary: input=2, added=2, tautologies_skipped=0, duplicates_skipped=0, unit_clauses=0, empties=0, intra_clause_literals_removed=0, added_but_db_unchanged=2
DEBUG: After adding clauses, solver has 6289 clauses and 656 variables
DEBUG: MiniSAT found 656 variables
DEBUG: Assignment size: 656
DEBUG: First few assignment values: 1 0 1 0 1 0 0 1 0 0 

=== DEBUG: cnf_assignment_to_paths ===
Input assignment size: 656

=== END DEBUG ===
[SAT] Found 2 vertex collisions and 1 edge collisions
[SAT] Adding collision clauses and solving again...
[SAT] Solving local zone with SAT iteration 4...
[SAT] Local CNF: 6431 clauses 

DEBUG: Adding 3 new clauses to MiniSAT (incremental run)
DEBUG: Clause load summary: input=3, added=3, tautologies_skipped=0, duplicates_skipped=0, unit_clauses=0, empties=0, intra_clause_literals_removed=0, added_but_db_unchanged=2
DEBUG: After adding clauses, solver has 6290 clauses and 656 variables
DEBUG: MiniSAT found 656 variables
DEBUG: Assignment size: 656
DEBUG: First few assignment values: 1 0 1 0 1 0 0 1 0 0 

=== DEBUG: cnf_assignment_to_paths ===
Input assignment size: 656

=== END DEBUG ===
[SAT] Found 0 vertex collisions and 1 edge collisions
[SAT] Adding collision clauses and solving again...
[SAT] Solving local zone with SAT iteration 5...
[SAT] Local CNF: 6432 clauses 

DEBUG: Adding 1 new clauses to MiniSAT (incremental run)
DEBUG: Clause load summary: input=1, added=1, tautologies_skipped=0, duplicates_skipped=0, unit_clauses=0, empties=0, intra_clause_literals_removed=0, added_but_db_unchanged=0
DEBUG: After adding clauses, solver has 6291 clauses and 656 variables
DEBUG: MiniSAT found 656 variables
DEBUG: Assignment size: 656
DEBUG: First few assignment values: 1 0 1 0 1 0 0 1 0 0 

=== DEBUG: cnf_assignment_to_paths ===
Input assignment size: 656

=== END DEBUG ===
[SAT] Found 1 vertex collisions and 0 edge collisions
[SAT] Adding collision clauses and solving again...
[SAT] Solving local zone with SAT iteration 6...
[SAT] Local CNF: 6433 clauses 

DEBUG: Adding 1 new clauses to MiniSAT (incremental run)
DEBUG: Clause load summary: input=1, added=1, tautologies_skipped=0, duplicates_skipped=0, unit_clauses=0, empties=0, intra_clause_literals_removed=0, added_but_db_unchanged=0
DEBUG: After adding clauses, solver has 6292 clauses and 656 variables
DEBUG: MiniSAT found 656 variables
DEBUG: Assignment size: 656
DEBUG: First few assignment values: 1 0 1 0 1 0 0 1 0 0 

=== DEBUG: cnf_assignment_to_paths ===
Input assignment size: 656

=== END DEBUG ===
[SAT] Found 1 vertex collisions and 0 edge collisions
[SAT] Adding collision clauses and solving again...
[SAT] Solving local zone with SAT iteration 7...
[SAT] Local CNF: 6434 clauses 

DEBUG: Adding 1 new clauses to MiniSAT (incremental run)
DEBUG: Clause load summary: input=1, added=1, tautologies_skipped=0, duplicates_skipped=0, unit_clauses=0, empties=0, intra_clause_literals_removed=0, added_but_db_unchanged=0
DEBUG: After adding clauses, solver has 6293 clauses and 656 variables
[SAT] Local problem appears to be unsatisfiable in current zone
[Waiting_time_Solve] No solution found, trying to apply waiting time:4
[Waiting_time_Solve] INFO: not enough waiting time for agent 4 (needs 4, available: 2)
[Waiting_time_Solve] INFO: not enough waiting time for agent 4 (needs 4, available: 2)
[Waiting_time_Solve] No waiting time applied
[Waiting_time_Solve] No solution found
[Waiting_time_Solve] Restoring original paths
[Waiting_time_Solve] Restoring waiting times
[Current_Solution] Restored waiting times from backup
[Current_Solution] Restored paths from backup
[Solve_local_zone] Zone with expansion factor 5failed
[Solve_local_zone] Expanding zone with offset 8 (original: 2)
[Solve_local_zone] Final expanded zone contains 106 positions with 3 conflicts 
[Solve_local_zone] New time window: [61, 78]
[Solve_local_zone] Current local zone size: 106 (3.2797% of all walkable positions)
[Solve_local_zone] Local zone time window: [61, 78]
[Waiting_time_Solve] Agent 0 has waiting time 110
[Waiting_time_Solve] Agent 1 has waiting time 71
[Waiting_time_Solve] Agent 2 has waiting time 59
[Waiting_time_Solve] Agent 3 has waiting time 125
[Waiting_time_Solve] Agent 4 has waiting time 5
[Waiting_time_Solve] Agent 5 has waiting time 55
[Waiting_time_Solve] Agent 6 has waiting time 61
[Waiting_time_Solve] Agent 7 has waiting time 6
[Waiting_time_Solve] Agent 8 has waiting time 0
[Waiting_time_Solve] Agent 9 has waiting time 57
[Waiting_time_Solve] Agent 10 has waiting time 137
[Waiting_time_Solve] Agent 11 has waiting time 134
[Waiting_time_Solve] Agent 12 has waiting time 2
[Waiting_time_Solve] Agent 13 has waiting time 44
[Waiting_time_Solve] Agent 14 has waiting time 129
[Waiting_time_Solve] Agent 15 has waiting time 88
[Waiting_time_Solve] Agent 16 has waiting time 3
[Waiting_time_Solve] Agent 17 has waiting time 128
[Waiting_time_Solve] Agent 18 has waiting time 82
[Waiting_time_Solve] Agent 19 has waiting time 59
[Waiting_time_Solve] Total available waiting time: 1355
[Waiting_time_Solve] Max iterations: 1355
[Waiting_time_Solve] Iteration 0...
[SAT] Start solving CNF: 376 clauses and 160 variables
[SAT] Agent 16 entry time: 61 exit time: 78
[SAT] Agent 12 entry time: 70 exit time: 78
[SAT] Agent 8 entry time: 61 exit time: 77
[SAT] Agent 7 entry time: 61 exit time: 78
[SAT] Agent 4 entry time: 62 exit time: 78

[SAT] Start time: 61 End time: 78

[SAT] Solving local zone with SAT iteration 1...
[SAT] Local CNF: 376 clauses 

DEBUG: Adding 376 new clauses to MiniSAT (incremental run)
DEBUG: Clause load summary: input=376, added=376, tautologies_skipped=0, duplicates_skipped=0, unit_clauses=42, empties=0, intra_clause_literals_removed=0, added_but_db_unchanged=42
DEBUG: After adding clauses, solver has 292 clauses and 160 variables
DEBUG: MiniSAT found 160 variables
DEBUG: Assignment size: 160
DEBUG: First few assignment values: 1 0 1 0 1 0 0 1 0 0 

=== DEBUG: cnf_assignment_to_paths ===
Input assignment size: 160

=== END DEBUG ===
[SAT] Found 1 vertex collisions and 0 edge collisions
[SAT] Adding collision clauses and solving again...
[SAT] Solving local zone with SAT iteration 2...
[SAT] Local CNF: 377 clauses 

DEBUG: Adding 1 new clauses to MiniSAT (incremental run)
[SAT] Local problem appears to be unsatisfiable in current zone
[Waiting_time_Solve] No solution found, trying to apply waiting time:1
[Waiting_time_Solve] Applying waiting time 1 to agent 7 who has waiting time 6
[Waiting_time_Solve] New path is consistent after applying waiting time for agent 7
[Current_Solution] Agent 7 used 1 waiting timesteps, 5 remaining
[Waiting_time_Solve] Applied 1 waiting time  for agent 7 who has waiting time 5
[Waiting_time_Solve] ALL Waiting time applied
[Waiting_time_Solve] Extended Zone end time from 78 to 79
[Waiting_time_Solve] Iteration 1...
[SAT] Start solving CNF: 554 clauses and 201 variables
[SAT] Agent 16 entry time: 61 exit time: 78
[SAT] Agent 12 entry time: 70 exit time: 79
[SAT] Agent 8 entry time: 61 exit time: 77
[SAT] Agent 7 entry time: 61 exit time: 79
[SAT] Agent 4 entry time: 62 exit time: 79

[SAT] Start time: 61 End time: 79

[SAT] Solving local zone with SAT iteration 1...
[SAT] Local CNF: 555 clauses 

DEBUG: Adding 555 new clauses to MiniSAT (incremental run)
DEBUG: Clause load summary: input=555, added=555, tautologies_skipped=0, duplicates_skipped=0, unit_clauses=35, empties=0, intra_clause_literals_removed=0, added_but_db_unchanged=37
DEBUG: After adding clauses, solver has 483 clauses and 201 variables
DEBUG: MiniSAT found 201 variables
DEBUG: Assignment size: 201
DEBUG: First few assignment values: 1 0 1 0 0 1 0 0 0 1 

=== DEBUG: cnf_assignment_to_paths ===
Input assignment size: 201

=== END DEBUG ===
[SAT] Found 1 vertex collisions and 1 edge collisions
[SAT] Adding collision clauses and solving again...
[SAT] Solving local zone with SAT iteration 2...
[SAT] Local CNF: 557 clauses 

DEBUG: Adding 2 new clauses to MiniSAT (incremental run)
[SAT] Local problem appears to be unsatisfiable in current zone
[Waiting_time_Solve] No solution found, trying to apply waiting time:2
[Waiting_time_Solve] Applying waiting time 2 to agent 7 who has waiting time 5
[Waiting_time_Solve] New path is consistent after applying waiting time for agent 7
[Current_Solution] Agent 7 used 2 waiting timesteps, 3 remaining
[Waiting_time_Solve] Applied 2 waiting time  for agent 7 who has waiting time 3
[Waiting_time_Solve] ALL Waiting time applied
[Waiting_time_Solve] Extended Zone end time from 79 to 81
[Waiting_time_Solve] Iteration 2...
[SAT] Start solving CNF: 1704 clauses and 333 variables
[SAT] Agent 16 entry time: 61 exit time: 78
[SAT] Agent 12 entry time: 70 exit time: 81
[SAT] Agent 8 entry time: 61 exit time: 77
[SAT] Agent 7 entry time: 61 exit time: 81
[SAT] Agent 4 entry time: 62 exit time: 80

[SAT] Start time: 61 End time: 81

[SAT] Solving local zone with SAT iteration 1...
[SAT] Local CNF: 1707 clauses 

DEBUG: Adding 1707 new clauses to MiniSAT (incremental run)
DEBUG: Clause load summary: input=1707, added=1707, tautologies_skipped=0, duplicates_skipped=0, unit_clauses=37, empties=0, intra_clause_literals_removed=0, added_but_db_unchanged=43
DEBUG: After adding clauses, solver has 1627 clauses and 333 variables
DEBUG: MiniSAT found 333 variables
DEBUG: Assignment size: 333
DEBUG: First few assignment values: 1 0 1 0 1 0 0 1 0 0 

=== DEBUG: cnf_assignment_to_paths ===
Input assignment size: 333

=== END DEBUG ===
[SAT] Found 1 vertex collisions and 1 edge collisions
[SAT] Adding collision clauses and solving again...
[SAT] Solving local zone with SAT iteration 2...
[SAT] Local CNF: 1709 clauses 

DEBUG: Adding 2 new clauses to MiniSAT (incremental run)
DEBUG: Clause load summary: input=2, added=2, tautologies_skipped=0, duplicates_skipped=0, unit_clauses=0, empties=0, intra_clause_literals_removed=0, added_but_db_unchanged=2
DEBUG: After adding clauses, solver has 1615 clauses and 333 variables
DEBUG: MiniSAT found 333 variables
DEBUG: Assignment size: 333
DEBUG: First few assignment values: 1 0 1 0 1 0 0 1 0 0 

=== DEBUG: cnf_assignment_to_paths ===
Input assignment size: 333

=== END DEBUG ===
[SAT] Found 2 vertex collisions and 1 edge collisions
[SAT] Adding collision clauses and solving again...
[SAT] Solving local zone with SAT iteration 3...
[SAT] Local CNF: 1712 clauses 

DEBUG: Adding 3 new clauses to MiniSAT (incremental run)
[SAT] Local problem appears to be unsatisfiable in current zone
[Waiting_time_Solve] No solution found, trying to apply waiting time:3
[Waiting_time_Solve] Applying waiting time 3 to agent 4 who has waiting time 5
[Waiting_time_Solve] New path is consistent after applying waiting time for agent 4
[Current_Solution] Agent 4 used 3 waiting timesteps, 2 remaining
[Waiting_time_Solve] Applied 3 waiting time  for agent 4 who has waiting time 2
[Waiting_time_Solve] Applying waiting time 3 to agent 7 who has waiting time 3
[Waiting_time_Solve] New path is consistent after applying waiting time for agent 7
[Current_Solution] Agent 7 used 3 waiting timesteps, 0 remaining
[Waiting_time_Solve] Applied 3 waiting time  for agent 7 who has waiting time 0
[Waiting_time_Solve] ALL Waiting time applied
[Waiting_time_Solve] Extended Zone end time from 81 to 84
[Waiting_time_Solve] Iteration 3...
[SAT] Start solving CNF: 7077 clauses and 729 variables
[SAT] Agent 16 entry time: 61 exit time: 78
[SAT] Agent 12 entry time: 70 exit time: 84
[SAT] Agent 8 entry time: 61 exit time: 77
[SAT] Agent 7 entry time: 61 exit time: 84
[SAT] Agent 4 entry time: 62 exit time: 83

[SAT] Start time: 61 End time: 84

[SAT] Solving local zone with SAT iteration 1...
[SAT] Local CNF: 7085 clauses 

DEBUG: Adding 7085 new clauses to MiniSAT (incremental run)
DEBUG: Clause load summary: input=7085, added=7085, tautologies_skipped=0, duplicates_skipped=0, unit_clauses=31, empties=0, intra_clause_literals_removed=0, added_but_db_unchanged=41
DEBUG: After adding clauses, solver has 7013 clauses and 729 variables
DEBUG: MiniSAT found 729 variables
DEBUG: Assignment size: 729
DEBUG: First few assignment values: 1 0 1 0 1 0 0 1 0 0 

=== DEBUG: cnf_assignment_to_paths ===
Input assignment size: 729

=== END DEBUG ===
[SAT] Found 1 vertex collisions and 2 edge collisions
[SAT] Adding collision clauses and solving again...
[SAT] Solving local zone with SAT iteration 2...
[SAT] Local CNF: 7088 clauses 

DEBUG: Adding 3 new clauses to MiniSAT (incremental run)
DEBUG: Clause load summary: input=3, added=3, tautologies_skipped=0, duplicates_skipped=0, unit_clauses=0, empties=0, intra_clause_literals_removed=0, added_but_db_unchanged=2
DEBUG: After adding clauses, solver has 6943 clauses and 729 variables
DEBUG: MiniSAT found 729 variables
DEBUG: Assignment size: 729
DEBUG: First few assignment values: 1 0 1 0 1 0 0 1 0 0 

=== DEBUG: cnf_assignment_to_paths ===
Input assignment size: 729

=== END DEBUG ===
[SAT] Found 1 vertex collisions and 1 edge collisions
[SAT] Adding collision clauses and solving again...
[SAT] Solving local zone with SAT iteration 3...
[SAT] Local CNF: 7090 clauses 

DEBUG: Adding 2 new clauses to MiniSAT (incremental run)
DEBUG: Clause load summary: input=2, added=2, tautologies_skipped=0, duplicates_skipped=0, unit_clauses=0, empties=0, intra_clause_literals_removed=0, added_but_db_unchanged=2
DEBUG: After adding clauses, solver has 6943 clauses and 729 variables
DEBUG: MiniSAT found 729 variables
DEBUG: Assignment size: 729
DEBUG: First few assignment values: 1 0 1 0 1 0 0 1 0 0 

=== DEBUG: cnf_assignment_to_paths ===
Input assignment size: 729

=== END DEBUG ===
[SAT] Found 2 vertex collisions and 0 edge collisions
[SAT] Adding collision clauses and solving again...
[SAT] Solving local zone with SAT iteration 4...
[SAT] Local CNF: 7092 clauses 

DEBUG: Adding 2 new clauses to MiniSAT (incremental run)
DEBUG: Clause load summary: input=2, added=2, tautologies_skipped=0, duplicates_skipped=0, unit_clauses=0, empties=0, intra_clause_literals_removed=0, added_but_db_unchanged=1
DEBUG: After adding clauses, solver has 6944 clauses and 729 variables
DEBUG: MiniSAT found 729 variables
DEBUG: Assignment size: 729
DEBUG: First few assignment values: 1 0 1 0 1 0 0 1 0 0 

=== DEBUG: cnf_assignment_to_paths ===
Input assignment size: 729

=== END DEBUG ===
[SAT] Found 0 vertex collisions and 1 edge collisions
[SAT] Adding collision clauses and solving again...
[SAT] Solving local zone with SAT iteration 5...
[SAT] Local CNF: 7093 clauses 

DEBUG: Adding 1 new clauses to MiniSAT (incremental run)
DEBUG: Clause load summary: input=1, added=1, tautologies_skipped=0, duplicates_skipped=0, unit_clauses=0, empties=0, intra_clause_literals_removed=0, added_but_db_unchanged=0
DEBUG: After adding clauses, solver has 6945 clauses and 729 variables
DEBUG: MiniSAT found 729 variables
DEBUG: Assignment size: 729
DEBUG: First few assignment values: 1 0 1 0 1 0 0 1 0 0 

=== DEBUG: cnf_assignment_to_paths ===
Input assignment size: 729

=== END DEBUG ===
[SAT] Found 1 vertex collisions and 0 edge collisions
[SAT] Adding collision clauses and solving again...
[SAT] Solving local zone with SAT iteration 6...
[SAT] Local CNF: 7094 clauses 

DEBUG: Adding 1 new clauses to MiniSAT (incremental run)
DEBUG: Clause load summary: input=1, added=1, tautologies_skipped=0, duplicates_skipped=0, unit_clauses=0, empties=0, intra_clause_literals_removed=0, added_but_db_unchanged=0
DEBUG: After adding clauses, solver has 6946 clauses and 729 variables
DEBUG: MiniSAT found 729 variables
DEBUG: Assignment size: 729
DEBUG: First few assignment values: 1 0 1 0 1 0 0 1 0 0 

=== DEBUG: cnf_assignment_to_paths ===
Input assignment size: 729

=== END DEBUG ===
[SAT] Found 1 vertex collisions and 0 edge collisions
[SAT] Adding collision clauses and solving again...
[SAT] Solving local zone with SAT iteration 7...
[SAT] Local CNF: 7095 clauses 

DEBUG: Adding 1 new clauses to MiniSAT (incremental run)
[SAT] Local problem appears to be unsatisfiable in current zone
[Waiting_time_Solve] No solution found, trying to apply waiting time:4
[Waiting_time_Solve] INFO: not enough waiting time for agent 4 (needs 4, available: 2)
[Waiting_time_Solve] INFO: not enough waiting time for agent 4 (needs 4, available: 2)
[Waiting_time_Solve] No waiting time applied
[Waiting_time_Solve] No solution found
[Waiting_time_Solve] Restoring original paths
[Waiting_time_Solve] Restoring waiting times
[Current_Solution] Restored waiting times from backup
[Current_Solution] Restored paths from backup
[Solve_local_zone] Zone with expansion factor 6failed
[Solve_local_zone] Expanding zone with offset 9 (original: 2)
[Solve_local_zone] Final expanded zone contains 122 positions with 3 conflicts 
[Solve_local_zone] New time window: [60, 79]
[Solve_local_zone] Current local zone size: 122 (3.77475% of all walkable positions)
[Solve_local_zone] Local zone time window: [60, 79]
[Waiting_time_Solve] Agent 0 has waiting time 110
[Waiting_time_Solve] Agent 1 has waiting time 71
[Waiting_time_Solve] Agent 2 has waiting time 59
[Waiting_time_Solve] Agent 3 has waiting time 125
[Waiting_time_Solve] Agent 4 has waiting time 5
[Waiting_time_Solve] Agent 5 has waiting time 55
[Waiting_time_Solve] Agent 6 has waiting time 61
[Waiting_time_Solve] Agent 7 has waiting time 6
[Waiting_time_Solve] Agent 8 has waiting time 0
[Waiting_time_Solve] Agent 9 has waiting time 57
[Waiting_time_Solve] Agent 10 has waiting time 137
[Waiting_time_Solve] Agent 11 has waiting time 134
[Waiting_time_Solve] Agent 12 has waiting time 2
[Waiting_time_Solve] Agent 13 has waiting time 44
[Waiting_time_Solve] Agent 14 has waiting time 129
[Waiting_time_Solve] Agent 15 has waiting time 88
[Waiting_time_Solve] Agent 16 has waiting time 3
[Waiting_time_Solve] Agent 17 has waiting time 128
[Waiting_time_Solve] Agent 18 has waiting time 82
[Waiting_time_Solve] Agent 19 has waiting time 59
[Waiting_time_Solve] Total available waiting time: 1355
[Waiting_time_Solve] Max iterations: 1355
[Waiting_time_Solve] Iteration 0...
[SAT] Start solving CNF: 417 clauses and 178 variables
[SAT] Agent 16 entry time: 60 exit time: 79
[SAT] Agent 12 entry time: 69 exit time: 79
[SAT] Agent 8 entry time: 60 exit time: 78
[SAT] Agent 7 entry time: 60 exit time: 79
[SAT] Agent 6 entry time: 60 exit time: 61
[SAT] Agent 4 entry time: 61 exit time: 79

[SAT] Start time: 60 End time: 79

[SAT] Solving local zone with SAT iteration 1...
[SAT] Local CNF: 417 clauses 

DEBUG: Adding 417 new clauses to MiniSAT (incremental run)
DEBUG: Clause load summary: input=417, added=417, tautologies_skipped=0, duplicates_skipped=0, unit_clauses=52, empties=0, intra_clause_literals_removed=0, added_but_db_unchanged=51
DEBUG: After adding clauses, solver has 314 clauses and 178 variables
DEBUG: MiniSAT found 178 variables
DEBUG: Assignment size: 178
DEBUG: First few assignment values: 1 1 0 1 0 1 0 0 1 0 

=== DEBUG: cnf_assignment_to_paths ===
Input assignment size: 178

=== END DEBUG ===
[SAT] Found 1 vertex collisions and 0 edge collisions
[SAT] Adding collision clauses and solving again...
[SAT] Solving local zone with SAT iteration 2...
[SAT] Local CNF: 418 clauses 

DEBUG: Adding 1 new clauses to MiniSAT (incremental run)
[SAT] Local problem appears to be unsatisfiable in current zone
[Waiting_time_Solve] No solution found, trying to apply waiting time:1
[Waiting_time_Solve] Applying waiting time 1 to agent 7 who has waiting time 6
[Waiting_time_Solve] New path is consistent after applying waiting time for agent 7
[Current_Solution] Agent 7 used 1 waiting timesteps, 5 remaining
[Waiting_time_Solve] Applied 1 waiting time  for agent 7 who has waiting time 5
[Waiting_time_Solve] ALL Waiting time applied
[Waiting_time_Solve] Extended Zone end time from 79 to 80
[Waiting_time_Solve] Iteration 1...
[SAT] Start solving CNF: 599 clauses and 221 variables
[SAT] Agent 16 entry time: 60 exit time: 79
[SAT] Agent 12 entry time: 69 exit time: 80
[SAT] Agent 8 entry time: 60 exit time: 78
[SAT] Agent 7 entry time: 60 exit time: 80
[SAT] Agent 6 entry time: 60 exit time: 61
[SAT] Agent 4 entry time: 61 exit time: 80

[SAT] Start time: 60 End time: 80

[SAT] Solving local zone with SAT iteration 1...
[SAT] Local CNF: 600 clauses 

DEBUG: Adding 600 new clauses to MiniSAT (incremental run)
DEBUG: Clause load summary: input=600, added=600, tautologies_skipped=0, duplicates_skipped=0, unit_clauses=43, empties=0, intra_clause_literals_removed=0, added_but_db_unchanged=43
DEBUG: After adding clauses, solver has 514 clauses and 221 variables
DEBUG: MiniSAT found 221 variables
DEBUG: Assignment size: 221
DEBUG: First few assignment values: 1 1 0 1 0 0 1 0 0 1 

=== DEBUG: cnf_assignment_to_paths ===
Input assignment size: 221

=== END DEBUG ===
[SAT] Found 1 vertex collisions and 1 edge collisions
[SAT] Adding collision clauses and solving again...
[SAT] Solving local zone with SAT iteration 2...
[SAT] Local CNF: 602 clauses 

DEBUG: Adding 2 new clauses to MiniSAT (incremental run)
[SAT] Local problem appears to be unsatisfiable in current zone
[Waiting_time_Solve] No solution found, trying to apply waiting time:2
[Waiting_time_Solve] Applying waiting time 2 to agent 7 who has waiting time 5
[Waiting_time_Solve] New path is consistent after applying waiting time for agent 7
[Current_Solution] Agent 7 used 2 waiting timesteps, 3 remaining
[Waiting_time_Solve] Applied 2 waiting time  for agent 7 who has waiting time 3
[Waiting_time_Solve] ALL Waiting time applied
[Waiting_time_Solve] Extended Zone end time from 80 to 82
[Waiting_time_Solve] Iteration 2...
[SAT] Start solving CNF: 1782 clauses and 358 variables
[SAT] Agent 16 entry time: 60 exit time: 79
[SAT] Agent 12 entry time: 69 exit time: 82
[SAT] Agent 8 entry time: 60 exit time: 78
[SAT] Agent 7 entry time: 60 exit time: 82
[SAT] Agent 6 entry time: 60 exit time: 61
[SAT] Agent 4 entry time: 61 exit time: 81

[SAT] Start time: 60 End time: 82

[SAT] Solving local zone with SAT iteration 1...
[SAT] Local CNF: 1785 clauses 

DEBUG: Adding 1785 new clauses to MiniSAT (incremental run)
DEBUG: Clause load summary: input=1785, added=1785, tautologies_skipped=0, duplicates_skipped=0, unit_clauses=46, empties=0, intra_clause_literals_removed=0, added_but_db_unchanged=49
DEBUG: After adding clauses, solver has 1690 clauses and 358 variables
DEBUG: MiniSAT found 358 variables
DEBUG: Assignment size: 358
DEBUG: First few assignment values: 1 1 0 1 0 1 0 0 1 0 

=== DEBUG: cnf_assignment_to_paths ===
Input assignment size: 358

=== END DEBUG ===
[SAT] Found 1 vertex collisions and 1 edge collisions
[SAT] Adding collision clauses and solving again...
[SAT] Solving local zone with SAT iteration 2...
[SAT] Local CNF: 1787 clauses 

DEBUG: Adding 2 new clauses to MiniSAT (incremental run)
DEBUG: Clause load summary: input=2, added=2, tautologies_skipped=0, duplicates_skipped=0, unit_clauses=0, empties=0, intra_clause_literals_removed=0, added_but_db_unchanged=2
DEBUG: After adding clauses, solver has 1678 clauses and 358 variables
DEBUG: MiniSAT found 358 variables
DEBUG: Assignment size: 358
DEBUG: First few assignment values: 1 1 0 1 0 1 0 0 1 0 

=== DEBUG: cnf_assignment_to_paths ===
Input assignment size: 358

=== END DEBUG ===
[SAT] Found 2 vertex collisions and 1 edge collisions
[SAT] Adding collision clauses and solving again...
[SAT] Solving local zone with SAT iteration 3...
[SAT] Local CNF: 1790 clauses 

DEBUG: Adding 3 new clauses to MiniSAT (incremental run)
[SAT] Local problem appears to be unsatisfiable in current zone
[Waiting_time_Solve] No solution found, trying to apply waiting time:3
[Waiting_time_Solve] Applying waiting time 3 to agent 4 who has waiting time 5
[Waiting_time_Solve] New path is consistent after applying waiting time for agent 4
[Current_Solution] Agent 4 used 3 waiting timesteps, 2 remaining
[Waiting_time_Solve] Applied 3 waiting time  for agent 4 who has waiting time 2
[Waiting_time_Solve] Applying waiting time 3 to agent 7 who has waiting time 3
[Waiting_time_Solve] New path is consistent after applying waiting time for agent 7
[Current_Solution] Agent 7 used 3 waiting timesteps, 0 remaining
[Waiting_time_Solve] Applied 3 waiting time  for agent 7 who has waiting time 0
[Waiting_time_Solve] ALL Waiting time applied
[Waiting_time_Solve] Extended Zone end time from 82 to 85
[Waiting_time_Solve] Iteration 3...
[SAT] Start solving CNF: 7497 clauses and 783 variables
[SAT] Agent 16 entry time: 60 exit time: 79
[SAT] Agent 12 entry time: 69 exit time: 85
[SAT] Agent 8 entry time: 60 exit time: 78
[SAT] Agent 7 entry time: 60 exit time: 85
[SAT] Agent 6 entry time: 60 exit time: 61
[SAT] Agent 4 entry time: 61 exit time: 84

[SAT] Start time: 60 End time: 85

[SAT] Solving local zone with SAT iteration 1...
[SAT] Local CNF: 7505 clauses 

DEBUG: Adding 7505 new clauses to MiniSAT (incremental run)
DEBUG: Clause load summary: input=7505, added=7505, tautologies_skipped=0, duplicates_skipped=0, unit_clauses=38, empties=0, intra_clause_literals_removed=0, added_but_db_unchanged=45
DEBUG: After adding clauses, solver has 7422 clauses and 783 variables
DEBUG: MiniSAT found 783 variables
DEBUG: Assignment size: 783
DEBUG: First few assignment values: 1 1 0 1 0 1 0 0 1 0 

=== DEBUG: cnf_assignment_to_paths ===
Input assignment size: 783

=== END DEBUG ===
[SAT] Found 1 vertex collisions and 2 edge collisions
[SAT] Adding collision clauses and solving again...
[SAT] Solving local zone with SAT iteration 2...
[SAT] Local CNF: 7508 clauses 

DEBUG: Adding 3 new clauses to MiniSAT (incremental run)
DEBUG: Clause load summary: input=3, added=3, tautologies_skipped=0, duplicates_skipped=0, unit_clauses=0, empties=0, intra_clause_literals_removed=0, added_but_db_unchanged=2
DEBUG: After adding clauses, solver has 7352 clauses and 783 variables
DEBUG: MiniSAT found 783 variables
DEBUG: Assignment size: 783
DEBUG: First few assignment values: 1 1 0 1 0 1 0 0 1 0 

=== DEBUG: cnf_assignment_to_paths ===
Input assignment size: 783

=== END DEBUG ===
[SAT] Found 1 vertex collisions and 1 edge collisions
[SAT] Adding collision clauses and solving again...
[SAT] Solving local zone with SAT iteration 3...
[SAT] Local CNF: 7510 clauses 

DEBUG: Adding 2 new clauses to MiniSAT (incremental run)
DEBUG: Clause load summary: input=2, added=2, tautologies_skipped=0, duplicates_skipped=0, unit_clauses=0, empties=0, intra_clause_literals_removed=0, added_but_db_unchanged=2
DEBUG: After adding clauses, solver has 7352 clauses and 783 variables
DEBUG: MiniSAT found 783 variables
DEBUG: Assignment size: 783
DEBUG: First few assignment values: 1 1 0 1 0 1 0 0 1 0 

=== DEBUG: cnf_assignment_to_paths ===
Input assignment size: 783

=== END DEBUG ===
[SAT] Found 2 vertex collisions and 1 edge collisions
[SAT] Adding collision clauses and solving again...
[SAT] Solving local zone with SAT iteration 4...
[SAT] Local CNF: 7513 clauses 

DEBUG: Adding 3 new clauses to MiniSAT (incremental run)
DEBUG: Clause load summary: input=3, added=3, tautologies_skipped=0, duplicates_skipped=0, unit_clauses=0, empties=0, intra_clause_literals_removed=0, added_but_db_unchanged=2
DEBUG: After adding clauses, solver has 7353 clauses and 783 variables
DEBUG: MiniSAT found 783 variables
DEBUG: Assignment size: 783
DEBUG: First few assignment values: 1 1 0 1 0 1 0 0 1 0 

=== DEBUG: cnf_assignment_to_paths ===
Input assignment size: 783

=== END DEBUG ===
[SAT] Found 0 vertex collisions and 1 edge collisions
[SAT] Adding collision clauses and solving again...
[SAT] Solving local zone with SAT iteration 5...
[SAT] Local CNF: 7514 clauses 

DEBUG: Adding 1 new clauses to MiniSAT (incremental run)
DEBUG: Clause load summary: input=1, added=1, tautologies_skipped=0, duplicates_skipped=0, unit_clauses=0, empties=0, intra_clause_literals_removed=0, added_but_db_unchanged=0
DEBUG: After adding clauses, solver has 7354 clauses and 783 variables
DEBUG: MiniSAT found 783 variables
DEBUG: Assignment size: 783
DEBUG: First few assignment values: 1 1 0 1 0 1 0 0 1 0 

=== DEBUG: cnf_assignment_to_paths ===
Input assignment size: 783

=== END DEBUG ===
[SAT] Found 1 vertex collisions and 0 edge collisions
[SAT] Adding collision clauses and solving again...
[SAT] Solving local zone with SAT iteration 6...
[SAT] Local CNF: 7515 clauses 

DEBUG: Adding 1 new clauses to MiniSAT (incremental run)
DEBUG: Clause load summary: input=1, added=1, tautologies_skipped=0, duplicates_skipped=0, unit_clauses=0, empties=0, intra_clause_literals_removed=0, added_but_db_unchanged=0
DEBUG: After adding clauses, solver has 7355 clauses and 783 variables
DEBUG: MiniSAT found 783 variables
DEBUG: Assignment size: 783
DEBUG: First few assignment values: 1 1 0 1 0 1 0 0 1 0 

=== DEBUG: cnf_assignment_to_paths ===
Input assignment size: 783

=== END DEBUG ===
[SAT] Found 1 vertex collisions and 0 edge collisions
[SAT] Adding collision clauses and solving again...
[SAT] Solving local zone with SAT iteration 7...
[SAT] Local CNF: 7516 clauses 

DEBUG: Adding 1 new clauses to MiniSAT (incremental run)
[SAT] Local problem appears to be unsatisfiable in current zone
[Waiting_time_Solve] No solution found, trying to apply waiting time:4
[Waiting_time_Solve] INFO: not enough waiting time for agent 4 (needs 4, available: 2)
[Waiting_time_Solve] INFO: not enough waiting time for agent 4 (needs 4, available: 2)
[Waiting_time_Solve] No waiting time applied
[Waiting_time_Solve] No solution found
[Waiting_time_Solve] Restoring original paths
[Waiting_time_Solve] Restoring waiting times
[Current_Solution] Restored waiting times from backup
[Current_Solution] Restored paths from backup
[Solve_local_zone] Zone with expansion factor 7failed
[Solve_local_zone] Expanding zone with offset 10 (original: 2)
[Solve_local_zone] Final expanded zone contains 138 positions with 3 conflicts 
[Solve_local_zone] New time window: [59, 80]
[Solve_local_zone] Current local zone size: 138 (4.2698% of all walkable positions)
[Solve_local_zone] Local zone time window: [59, 80]
[Waiting_time_Solve] Agent 0 has waiting time 110
[Waiting_time_Solve] Agent 1 has waiting time 71
[Waiting_time_Solve] Agent 2 has waiting time 59
[Waiting_time_Solve] Agent 3 has waiting time 125
[Waiting_time_Solve] Agent 4 has waiting time 5
[Waiting_time_Solve] Agent 5 has waiting time 55
[Waiting_time_Solve] Agent 6 has waiting time 61
[Waiting_time_Solve] Agent 7 has waiting time 6
[Waiting_time_Solve] Agent 8 has waiting time 0
[Waiting_time_Solve] Agent 9 has waiting time 57
[Waiting_time_Solve] Agent 10 has waiting time 137
[Waiting_time_Solve] Agent 11 has waiting time 134
[Waiting_time_Solve] Agent 12 has waiting time 2
[Waiting_time_Solve] Agent 13 has waiting time 44
[Waiting_time_Solve] Agent 14 has waiting time 129
[Waiting_time_Solve] Agent 15 has waiting time 88
[Waiting_time_Solve] Agent 16 has waiting time 3
[Waiting_time_Solve] Agent 17 has waiting time 128
[Waiting_time_Solve] Agent 18 has waiting time 82
[Waiting_time_Solve] Agent 19 has waiting time 59
[Waiting_time_Solve] Total available waiting time: 1355
[Waiting_time_Solve] Max iterations: 1355
[Waiting_time_Solve] Iteration 0...
[SAT] Start solving CNF: 454 clauses and 195 variables
[SAT] Agent 16 entry time: 59 exit time: 80
[SAT] Agent 12 entry time: 68 exit time: 80
[SAT] Agent 8 entry time: 59 exit time: 79
[SAT] Agent 7 entry time: 59 exit time: 80
[SAT] Agent 6 entry time: 59 exit time: 62
[SAT] Agent 4 entry time: 60 exit time: 80

[SAT] Start time: 59 End time: 80

[SAT] Solving local zone with SAT iteration 1...
[SAT] Local CNF: 454 clauses 

DEBUG: Adding 454 new clauses to MiniSAT (incremental run)
DEBUG: Clause load summary: input=454, added=454, tautologies_skipped=0, duplicates_skipped=0, unit_clauses=61, empties=0, intra_clause_literals_removed=0, added_but_db_unchanged=61
DEBUG: After adding clauses, solver has 332 clauses and 195 variables
DEBUG: MiniSAT found 195 variables
DEBUG: Assignment size: 195
DEBUG: First few assignment values: 1 1 1 0 1 0 1 0 0 1 

=== DEBUG: cnf_assignment_to_paths ===
Input assignment size: 195

=== END DEBUG ===
[SAT] Found 1 vertex collisions and 0 edge collisions
[SAT] Adding collision clauses and solving again...
[SAT] Solving local zone with SAT iteration 2...
[SAT] Local CNF: 455 clauses 

DEBUG: Adding 1 new clauses to MiniSAT (incremental run)
[SAT] Local problem appears to be unsatisfiable in current zone
[Waiting_time_Solve] No solution found, trying to apply waiting time:1
[Waiting_time_Solve] Applying waiting time 1 to agent 7 who has waiting time 6
[Waiting_time_Solve] New path is consistent after applying waiting time for agent 7
[Current_Solution] Agent 7 used 1 waiting timesteps, 5 remaining
[Waiting_time_Solve] Applied 1 waiting time  for agent 7 who has waiting time 5
[Waiting_time_Solve] ALL Waiting time applied
[Waiting_time_Solve] Extended Zone end time from 80 to 81
[Waiting_time_Solve] Iteration 1...
[SAT] Start solving CNF: 631 clauses and 237 variables
[SAT] Agent 16 entry time: 59 exit time: 80
[SAT] Agent 12 entry time: 68 exit time: 81
[SAT] Agent 8 entry time: 59 exit time: 79
[SAT] Agent 7 entry time: 59 exit time: 81
[SAT] Agent 6 entry time: 59 exit time: 62
[SAT] Agent 4 entry time: 60 exit time: 81

[SAT] Start time: 59 End time: 81

[SAT] Solving local zone with SAT iteration 1...
[SAT] Local CNF: 632 clauses 

DEBUG: Adding 632 new clauses to MiniSAT (incremental run)
DEBUG: Clause load summary: input=632, added=632, tautologies_skipped=0, duplicates_skipped=0, unit_clauses=51, empties=0, intra_clause_literals_removed=0, added_but_db_unchanged=52
DEBUG: After adding clauses, solver has 529 clauses and 237 variables
DEBUG: MiniSAT found 237 variables
DEBUG: Assignment size: 237
DEBUG: First few assignment values: 1 1 1 1 0 1 0 0 1 0 

=== DEBUG: cnf_assignment_to_paths ===
Input assignment size: 237

=== END DEBUG ===
[SAT] Found 1 vertex collisions and 1 edge collisions
[SAT] Adding collision clauses and solving again...
[SAT] Solving local zone with SAT iteration 2...
[SAT] Local CNF: 634 clauses 

DEBUG: Adding 2 new clauses to MiniSAT (incremental run)
[SAT] Local problem appears to be unsatisfiable in current zone
[Waiting_time_Solve] No solution found, trying to apply waiting time:2
[Waiting_time_Solve] Applying waiting time 2 to agent 7 who has waiting time 5
[Waiting_time_Solve] New path is consistent after applying waiting time for agent 7
[Current_Solution] Agent 7 used 2 waiting timesteps, 3 remaining
[Waiting_time_Solve] Applied 2 waiting time  for agent 7 who has waiting time 3
[Waiting_time_Solve] ALL Waiting time applied
[Waiting_time_Solve] Extended Zone end time from 81 to 83
[Waiting_time_Solve] Iteration 2...
[SAT] Start solving CNF: 1850 clauses and 382 variables
[SAT] Agent 16 entry time: 59 exit time: 80
[SAT] Agent 12 entry time: 68 exit time: 83
[SAT] Agent 8 entry time: 59 exit time: 79
[SAT] Agent 7 entry time: 59 exit time: 83
[SAT] Agent 6 entry time: 59 exit time: 62
[SAT] Agent 4 entry time: 60 exit time: 82

[SAT] Start time: 59 End time: 83

[SAT] Solving local zone with SAT iteration 1...
[SAT] Local CNF: 1853 clauses 

DEBUG: Adding 1853 new clauses to MiniSAT (incremental run)
DEBUG: Clause load summary: input=1853, added=1853, tautologies_skipped=0, duplicates_skipped=0, unit_clauses=54, empties=0, intra_clause_literals_removed=0, added_but_db_unchanged=60
DEBUG: After adding clauses, solver has 1739 clauses and 382 variables
DEBUG: MiniSAT found 382 variables
DEBUG: Assignment size: 382
DEBUG: First few assignment values: 1 1 1 0 1 0 1 0 0 1 

=== DEBUG: cnf_assignment_to_paths ===
Input assignment size: 382

=== END DEBUG ===
[SAT] Found 1 vertex collisions and 1 edge collisions
[SAT] Adding collision clauses and solving again...
[SAT] Solving local zone with SAT iteration 2...
[SAT] Local CNF: 1855 clauses 

DEBUG: Adding 2 new clauses to MiniSAT (incremental run)
DEBUG: Clause load summary: input=2, added=2, tautologies_skipped=0, duplicates_skipped=0, unit_clauses=0, empties=0, intra_clause_literals_removed=0, added_but_db_unchanged=2
DEBUG: After adding clauses, solver has 1727 clauses and 382 variables
DEBUG: MiniSAT found 382 variables
DEBUG: Assignment size: 382
DEBUG: First few assignment values: 1 1 1 0 1 0 1 0 0 1 

=== DEBUG: cnf_assignment_to_paths ===
Input assignment size: 382

=== END DEBUG ===
[SAT] Found 2 vertex collisions and 1 edge collisions
[SAT] Adding collision clauses and solving again...
[SAT] Solving local zone with SAT iteration 3...
[SAT] Local CNF: 1858 clauses 

DEBUG: Adding 3 new clauses to MiniSAT (incremental run)
[SAT] Local problem appears to be unsatisfiable in current zone
[Waiting_time_Solve] No solution found, trying to apply waiting time:3
[Waiting_time_Solve] Applying waiting time 3 to agent 4 who has waiting time 5
[Waiting_time_Solve] New path is consistent after applying waiting time for agent 4
[Current_Solution] Agent 4 used 3 waiting timesteps, 2 remaining
[Waiting_time_Solve] Applied 3 waiting time  for agent 4 who has waiting time 2
[Waiting_time_Solve] Applying waiting time 3 to agent 7 who has waiting time 3
[Waiting_time_Solve] New path is consistent after applying waiting time for agent 7
[Current_Solution] Agent 7 used 3 waiting timesteps, 0 remaining
[Waiting_time_Solve] Applied 3 waiting time  for agent 7 who has waiting time 0
[Waiting_time_Solve] ALL Waiting time applied
[Waiting_time_Solve] Extended Zone end time from 83 to 86
[Waiting_time_Solve] Iteration 3...
[SAT] Start solving CNF: 7846 clauses and 834 variables
[SAT] Agent 16 entry time: 59 exit time: 80
[SAT] Agent 12 entry time: 68 exit time: 86
[SAT] Agent 8 entry time: 59 exit time: 79
[SAT] Agent 7 entry time: 59 exit time: 86
[SAT] Agent 6 entry time: 59 exit time: 62
[SAT] Agent 4 entry time: 60 exit time: 85

[SAT] Start time: 59 End time: 86

[SAT] Solving local zone with SAT iteration 1...
[SAT] Local CNF: 7854 clauses 

DEBUG: Adding 7854 new clauses to MiniSAT (incremental run)
DEBUG: Clause load summary: input=7854, added=7854, tautologies_skipped=0, duplicates_skipped=0, unit_clauses=44, empties=0, intra_clause_literals_removed=0, added_but_db_unchanged=54
DEBUG: After adding clauses, solver has 7756 clauses and 834 variables
DEBUG: MiniSAT found 834 variables
DEBUG: Assignment size: 834
DEBUG: First few assignment values: 1 1 1 0 1 0 1 0 0 1 

=== DEBUG: cnf_assignment_to_paths ===
Input assignment size: 834

=== END DEBUG ===
[SAT] Found 1 vertex collisions and 2 edge collisions
[SAT] Adding collision clauses and solving again...
[SAT] Solving local zone with SAT iteration 2...
[SAT] Local CNF: 7857 clauses 

DEBUG: Adding 3 new clauses to MiniSAT (incremental run)
DEBUG: Clause load summary: input=3, added=3, tautologies_skipped=0, duplicates_skipped=0, unit_clauses=0, empties=0, intra_clause_literals_removed=0, added_but_db_unchanged=2
DEBUG: After adding clauses, solver has 7686 clauses and 834 variables
DEBUG: MiniSAT found 834 variables
DEBUG: Assignment size: 834
DEBUG: First few assignment values: 1 1 1 0 1 0 1 0 0 1 

=== DEBUG: cnf_assignment_to_paths ===
Input assignment size: 834

=== END DEBUG ===
[SAT] Found 1 vertex collisions and 1 edge collisions
[SAT] Adding collision clauses and solving again...
[SAT] Solving local zone with SAT iteration 3...
[SAT] Local CNF: 7859 clauses 

DEBUG: Adding 2 new clauses to MiniSAT (incremental run)
DEBUG: Clause load summary: input=2, added=2, tautologies_skipped=0, duplicates_skipped=0, unit_clauses=0, empties=0, intra_clause_literals_removed=0, added_but_db_unchanged=2
DEBUG: After adding clauses, solver has 7686 clauses and 834 variables
DEBUG: MiniSAT found 834 variables
DEBUG: Assignment size: 834
DEBUG: First few assignment values: 1 1 1 0 1 0 1 0 0 1 

=== DEBUG: cnf_assignment_to_paths ===
Input assignment size: 834

=== END DEBUG ===
[SAT] Found 2 vertex collisions and 0 edge collisions
[SAT] Adding collision clauses and solving again...
[SAT] Solving local zone with SAT iteration 4...
[SAT] Local CNF: 7861 clauses 

DEBUG: Adding 2 new clauses to MiniSAT (incremental run)
DEBUG: Clause load summary: input=2, added=2, tautologies_skipped=0, duplicates_skipped=0, unit_clauses=0, empties=0, intra_clause_literals_removed=0, added_but_db_unchanged=1
DEBUG: After adding clauses, solver has 7687 clauses and 834 variables
DEBUG: MiniSAT found 834 variables
DEBUG: Assignment size: 834
DEBUG: First few assignment values: 1 1 1 0 1 0 1 0 0 1 

=== DEBUG: cnf_assignment_to_paths ===
Input assignment size: 834

=== END DEBUG ===
[SAT] Found 0 vertex collisions and 1 edge collisions
[SAT] Adding collision clauses and solving again...
[SAT] Solving local zone with SAT iteration 5...
[SAT] Local CNF: 7862 clauses 

DEBUG: Adding 1 new clauses to MiniSAT (incremental run)
DEBUG: Clause load summary: input=1, added=1, tautologies_skipped=0, duplicates_skipped=0, unit_clauses=0, empties=0, intra_clause_literals_removed=0, added_but_db_unchanged=0
DEBUG: After adding clauses, solver has 7688 clauses and 834 variables
DEBUG: MiniSAT found 834 variables
DEBUG: Assignment size: 834
DEBUG: First few assignment values: 1 1 1 0 1 0 1 0 0 1 

=== DEBUG: cnf_assignment_to_paths ===
Input assignment size: 834

=== END DEBUG ===
[SAT] Found 1 vertex collisions and 0 edge collisions
[SAT] Adding collision clauses and solving again...
[SAT] Solving local zone with SAT iteration 6...
[SAT] Local CNF: 7863 clauses 

DEBUG: Adding 1 new clauses to MiniSAT (incremental run)
DEBUG: Clause load summary: input=1, added=1, tautologies_skipped=0, duplicates_skipped=0, unit_clauses=0, empties=0, intra_clause_literals_removed=0, added_but_db_unchanged=0
DEBUG: After adding clauses, solver has 7689 clauses and 834 variables
DEBUG: MiniSAT found 834 variables
DEBUG: Assignment size: 834
DEBUG: First few assignment values: 1 1 1 0 1 0 1 0 0 1 

=== DEBUG: cnf_assignment_to_paths ===
Input assignment size: 834

=== END DEBUG ===
[SAT] Found 1 vertex collisions and 0 edge collisions
[SAT] Adding collision clauses and solving again...
[SAT] Solving local zone with SAT iteration 7...
[SAT] Local CNF: 7864 clauses 

DEBUG: Adding 1 new clauses to MiniSAT (incremental run)
DEBUG: Clause load summary: input=1, added=1, tautologies_skipped=0, duplicates_skipped=0, unit_clauses=0, empties=0, intra_clause_literals_removed=0, added_but_db_unchanged=0
DEBUG: After adding clauses, solver has 7690 clauses and 834 variables
[SAT] Local problem appears to be unsatisfiable in current zone
[Waiting_time_Solve] No solution found, trying to apply waiting time:4
[Waiting_time_Solve] INFO: not enough waiting time for agent 4 (needs 4, available: 2)
[Waiting_time_Solve] INFO: not enough waiting time for agent 4 (needs 4, available: 2)
[Waiting_time_Solve] No waiting time applied
[Waiting_time_Solve] No solution found
[Waiting_time_Solve] Restoring original paths
[Waiting_time_Solve] Restoring waiting times
[Current_Solution] Restored waiting times from backup
[Current_Solution] Restored paths from backup
[Solve_local_zone] Zone with expansion factor 8failed
[Solve_local_zone] Expanding zone with offset 11 (original: 2)
[Solve_local_zone] Final expanded zone contains 157 positions with 3 conflicts 
[Solve_local_zone] New time window: [58, 81]
[Solve_local_zone] Current local zone size: 157 (4.85767% of all walkable positions)
[Solve_local_zone] Local zone time window: [58, 81]
[Waiting_time_Solve] Agent 0 has waiting time 110
[Waiting_time_Solve] Agent 1 has waiting time 71
[Waiting_time_Solve] Agent 2 has waiting time 59
[Waiting_time_Solve] Agent 3 has waiting time 125
[Waiting_time_Solve] Agent 4 has waiting time 5
[Waiting_time_Solve] Agent 5 has waiting time 55
[Waiting_time_Solve] Agent 6 has waiting time 61
[Waiting_time_Solve] Agent 7 has waiting time 6
[Waiting_time_Solve] Agent 8 has waiting time 0
[Waiting_time_Solve] Agent 9 has waiting time 57
[Waiting_time_Solve] Agent 10 has waiting time 137
[Waiting_time_Solve] Agent 11 has waiting time 134
[Waiting_time_Solve] Agent 12 has waiting time 2
[Waiting_time_Solve] Agent 13 has waiting time 44
[Waiting_time_Solve] Agent 14 has waiting time 129
[Waiting_time_Solve] Agent 15 has waiting time 88
[Waiting_time_Solve] Agent 16 has waiting time 3
[Waiting_time_Solve] Agent 17 has waiting time 128
[Waiting_time_Solve] Agent 18 has waiting time 82
[Waiting_time_Solve] Agent 19 has waiting time 59
[Waiting_time_Solve] Total available waiting time: 1355
[Waiting_time_Solve] Max iterations: 1355
[Waiting_time_Solve] Iteration 0...
[SAT] Start solving CNF: 489 clauses and 212 variables
[SAT] Agent 16 entry time: 58 exit time: 81
[SAT] Agent 12 entry time: 67 exit time: 81
[SAT] Agent 8 entry time: 58 exit time: 80
[SAT] Agent 7 entry time: 58 exit time: 81
[SAT] Agent 6 entry time: 58 exit time: 63
[SAT] Agent 4 entry time: 59 exit time: 81
[SAT] Agent 2 entry time: 58 exit time: 58

[SAT] Start time: 58 End time: 81

[SAT] Solving local zone with SAT iteration 1...
[SAT] Local CNF: 489 clauses 

DEBUG: Adding 489 new clauses to MiniSAT (incremental run)
DEBUG: Clause load summary: input=489, added=489, tautologies_skipped=0, duplicates_skipped=0, unit_clauses=72, empties=0, intra_clause_literals_removed=0, added_but_db_unchanged=71
DEBUG: After adding clauses, solver has 346 clauses and 212 variables
DEBUG: MiniSAT found 212 variables
DEBUG: Assignment size: 212
DEBUG: First few assignment values: 1 1 1 1 0 1 0 1 0 0 

=== DEBUG: cnf_assignment_to_paths ===
Input assignment size: 212

=== END DEBUG ===
[SAT] Found 1 vertex collisions and 0 edge collisions
[SAT] Adding collision clauses and solving again...
[SAT] Solving local zone with SAT iteration 2...
[SAT] Local CNF: 490 clauses 

DEBUG: Adding 1 new clauses to MiniSAT (incremental run)
[SAT] Local problem appears to be unsatisfiable in current zone
[Waiting_time_Solve] No solution found, trying to apply waiting time:1
[Waiting_time_Solve] Applying waiting time 1 to agent 7 who has waiting time 6
[Waiting_time_Solve] New path is consistent after applying waiting time for agent 7
[Current_Solution] Agent 7 used 1 waiting timesteps, 5 remaining
[Waiting_time_Solve] Applied 1 waiting time  for agent 7 who has waiting time 5
[Waiting_time_Solve] ALL Waiting time applied
[Waiting_time_Solve] Extended Zone end time from 81 to 82
[Waiting_time_Solve] Iteration 1...
[SAT] Start solving CNF: 670 clauses and 256 variables
[SAT] Agent 16 entry time: 58 exit time: 81
[SAT] Agent 12 entry time: 67 exit time: 82
[SAT] Agent 8 entry time: 58 exit time: 80
[SAT] Agent 7 entry time: 58 exit time: 82
[SAT] Agent 6 entry time: 58 exit time: 63
[SAT] Agent 4 entry time: 59 exit time: 82
[SAT] Agent 2 entry time: 58 exit time: 58

[SAT] Start time: 58 End time: 82

[SAT] Solving local zone with SAT iteration 1...
[SAT] Local CNF: 671 clauses 

DEBUG: Adding 671 new clauses to MiniSAT (incremental run)
DEBUG: Clause load summary: input=671, added=671, tautologies_skipped=0, duplicates_skipped=0, unit_clauses=60, empties=0, intra_clause_literals_removed=0, added_but_db_unchanged=60
DEBUG: After adding clauses, solver has 551 clauses and 256 variables
DEBUG: MiniSAT found 256 variables
DEBUG: Assignment size: 256
DEBUG: First few assignment values: 1 1 1 1 1 0 1 0 0 1 

=== DEBUG: cnf_assignment_to_paths ===
Input assignment size: 256

=== END DEBUG ===
[SAT] Found 1 vertex collisions and 1 edge collisions
[SAT] Adding collision clauses and solving again...
[SAT] Solving local zone with SAT iteration 2...
[SAT] Local CNF: 673 clauses 

DEBUG: Adding 2 new clauses to MiniSAT (incremental run)
[SAT] Local problem appears to be unsatisfiable in current zone
[Waiting_time_Solve] No solution found, trying to apply waiting time:2
[Waiting_time_Solve] Applying waiting time 2 to agent 7 who has waiting time 5
[Waiting_time_Solve] New path is consistent after applying waiting time for agent 7
[Current_Solution] Agent 7 used 2 waiting timesteps, 3 remaining
[Waiting_time_Solve] Applied 2 waiting time  for agent 7 who has waiting time 3
[Waiting_time_Solve] ALL Waiting time applied
[Waiting_time_Solve] Extended Zone end time from 82 to 84
[Waiting_time_Solve] Iteration 2...
[SAT] Start solving CNF: 1949 clauses and 413 variables
[SAT] Agent 16 entry time: 58 exit time: 81
[SAT] Agent 12 entry time: 67 exit time: 84
[SAT] Agent 8 entry time: 58 exit time: 80
[SAT] Agent 7 entry time: 58 exit time: 84
[SAT] Agent 6 entry time: 58 exit time: 63
[SAT] Agent 4 entry time: 59 exit time: 83
[SAT] Agent 2 entry time: 58 exit time: 58

[SAT] Start time: 58 End time: 84

[SAT] Solving local zone with SAT iteration 1...
[SAT] Local CNF: 1952 clauses 

DEBUG: Adding 1952 new clauses to MiniSAT (incremental run)
DEBUG: Clause load summary: input=1952, added=1952, tautologies_skipped=0, duplicates_skipped=0, unit_clauses=63, empties=0, intra_clause_literals_removed=0, added_but_db_unchanged=68
DEBUG: After adding clauses, solver has 1821 clauses and 413 variables
DEBUG: MiniSAT found 413 variables
DEBUG: Assignment size: 413
DEBUG: First few assignment values: 1 1 1 1 0 1 0 1 0 0 

=== DEBUG: cnf_assignment_to_paths ===
Input assignment size: 413

=== END DEBUG ===
[SAT] Found 1 vertex collisions and 1 edge collisions
[SAT] Adding collision clauses and solving again...
[SAT] Solving local zone with SAT iteration 2...
[SAT] Local CNF: 1954 clauses 

DEBUG: Adding 2 new clauses to MiniSAT (incremental run)
DEBUG: Clause load summary: input=2, added=2, tautologies_skipped=0, duplicates_skipped=0, unit_clauses=0, empties=0, intra_clause_literals_removed=0, added_but_db_unchanged=2
DEBUG: After adding clauses, solver has 1809 clauses and 413 variables
DEBUG: MiniSAT found 413 variables
DEBUG: Assignment size: 413
DEBUG: First few assignment values: 1 1 1 1 0 1 0 1 0 0 

=== DEBUG: cnf_assignment_to_paths ===
Input assignment size: 413

=== END DEBUG ===
[SAT] Found 2 vertex collisions and 1 edge collisions
[SAT] Adding collision clauses and solving again...
[SAT] Solving local zone with SAT iteration 3...
[SAT] Local CNF: 1957 clauses 

DEBUG: Adding 3 new clauses to MiniSAT (incremental run)
[SAT] Local problem appears to be unsatisfiable in current zone
[Waiting_time_Solve] No solution found, trying to apply waiting time:3
[Waiting_time_Solve] Applying waiting time 3 to agent 4 who has waiting time 5
[Waiting_time_Solve] New path is consistent after applying waiting time for agent 4
[Current_Solution] Agent 4 used 3 waiting timesteps, 2 remaining
[Waiting_time_Solve] Applied 3 waiting time  for agent 4 who has waiting time 2
[Waiting_time_Solve] Applying waiting time 3 to agent 7 who has waiting time 3
[Waiting_time_Solve] New path is consistent after applying waiting time for agent 7
[Current_Solution] Agent 7 used 3 waiting timesteps, 0 remaining
[Waiting_time_Solve] Applied 3 waiting time  for agent 7 who has waiting time 0
[Waiting_time_Solve] ALL Waiting time applied
[Waiting_time_Solve] Extended Zone end time from 84 to 87
[Waiting_time_Solve] Iteration 3...
[SAT] Start solving CNF: 8325 clauses and 904 variables
[SAT] Agent 16 entry time: 58 exit time: 81
[SAT] Agent 12 entry time: 67 exit time: 87
[SAT] Agent 8 entry time: 58 exit time: 80
[SAT] Agent 7 entry time: 58 exit time: 87
[SAT] Agent 6 entry time: 58 exit time: 63
[SAT] Agent 4 entry time: 59 exit time: 86
[SAT] Agent 2 entry time: 58 exit time: 58

[SAT] Start time: 58 End time: 87

[SAT] Solving local zone with SAT iteration 1...
[SAT] Local CNF: 8333 clauses 

DEBUG: Adding 8333 new clauses to MiniSAT (incremental run)
DEBUG: Clause load summary: input=8333, added=8333, tautologies_skipped=0, duplicates_skipped=0, unit_clauses=51, empties=0, intra_clause_literals_removed=0, added_but_db_unchanged=60
DEBUG: After adding clauses, solver has 8222 clauses and 904 variables
DEBUG: MiniSAT found 904 variables
DEBUG: Assignment size: 904
DEBUG: First few assignment values: 1 1 1 1 0 1 0 1 0 0 

=== DEBUG: cnf_assignment_to_paths ===
Input assignment size: 904

=== END DEBUG ===
[SAT] Found 1 vertex collisions and 2 edge collisions
[SAT] Adding collision clauses and solving again...
[SAT] Solving local zone with SAT iteration 2...
[SAT] Local CNF: 8336 clauses 

DEBUG: Adding 3 new clauses to MiniSAT (incremental run)
DEBUG: Clause load summary: input=3, added=3, tautologies_skipped=0, duplicates_skipped=0, unit_clauses=0, empties=0, intra_clause_literals_removed=0, added_but_db_unchanged=2
DEBUG: After adding clauses, solver has 8152 clauses and 904 variables
DEBUG: MiniSAT found 904 variables
DEBUG: Assignment size: 904
DEBUG: First few assignment values: 1 1 1 1 0 1 0 1 0 0 

=== DEBUG: cnf_assignment_to_paths ===
Input assignment size: 904

=== END DEBUG ===
[SAT] Found 1 vertex collisions and 1 edge collisions
[SAT] Adding collision clauses and solving again...
[SAT] Solving local zone with SAT iteration 3...
[SAT] Local CNF: 8338 clauses 

DEBUG: Adding 2 new clauses to MiniSAT (incremental run)
DEBUG: Clause load summary: input=2, added=2, tautologies_skipped=0, duplicates_skipped=0, unit_clauses=0, empties=0, intra_clause_literals_removed=0, added_but_db_unchanged=2
DEBUG: After adding clauses, solver has 8152 clauses and 904 variables
DEBUG: MiniSAT found 904 variables
DEBUG: Assignment size: 904
DEBUG: First few assignment values: 1 1 1 1 0 1 0 1 0 0 

=== DEBUG: cnf_assignment_to_paths ===
Input assignment size: 904

=== END DEBUG ===
[SAT] Found 2 vertex collisions and 1 edge collisions
[SAT] Adding collision clauses and solving again...
[SAT] Solving local zone with SAT iteration 4...
[SAT] Local CNF: 8341 clauses 

DEBUG: Adding 3 new clauses to MiniSAT (incremental run)
DEBUG: Clause load summary: input=3, added=3, tautologies_skipped=0, duplicates_skipped=0, unit_clauses=0, empties=0, intra_clause_literals_removed=0, added_but_db_unchanged=2
DEBUG: After adding clauses, solver has 8153 clauses and 904 variables
DEBUG: MiniSAT found 904 variables
DEBUG: Assignment size: 904
DEBUG: First few assignment values: 1 1 1 1 0 1 0 1 0 0 

=== DEBUG: cnf_assignment_to_paths ===
Input assignment size: 904

=== END DEBUG ===
[SAT] Found 0 vertex collisions and 1 edge collisions
[SAT] Adding collision clauses and solving again...
[SAT] Solving local zone with SAT iteration 5...
[SAT] Local CNF: 8342 clauses 

DEBUG: Adding 1 new clauses to MiniSAT (incremental run)
DEBUG: Clause load summary: input=1, added=1, tautologies_skipped=0, duplicates_skipped=0, unit_clauses=0, empties=0, intra_clause_literals_removed=0, added_but_db_unchanged=0
DEBUG: After adding clauses, solver has 8154 clauses and 904 variables
DEBUG: MiniSAT found 904 variables
DEBUG: Assignment size: 904
DEBUG: First few assignment values: 1 1 1 1 0 1 0 1 0 0 

=== DEBUG: cnf_assignment_to_paths ===
Input assignment size: 904

=== END DEBUG ===
[SAT] Found 1 vertex collisions and 0 edge collisions
[SAT] Adding collision clauses and solving again...
[SAT] Solving local zone with SAT iteration 6...
[SAT] Local CNF: 8343 clauses 

DEBUG: Adding 1 new clauses to MiniSAT (incremental run)
DEBUG: Clause load summary: input=1, added=1, tautologies_skipped=0, duplicates_skipped=0, unit_clauses=0, empties=0, intra_clause_literals_removed=0, added_but_db_unchanged=0
DEBUG: After adding clauses, solver has 8155 clauses and 904 variables
DEBUG: MiniSAT found 904 variables
DEBUG: Assignment size: 904
DEBUG: First few assignment values: 1 1 1 1 0 1 0 1 0 0 

=== DEBUG: cnf_assignment_to_paths ===
Input assignment size: 904

=== END DEBUG ===
[SAT] Found 1 vertex collisions and 0 edge collisions
[SAT] Adding collision clauses and solving again...
[SAT] Solving local zone with SAT iteration 7...
[SAT] Local CNF: 8344 clauses 

DEBUG: Adding 1 new clauses to MiniSAT (incremental run)
DEBUG: Clause load summary: input=1, added=1, tautologies_skipped=0, duplicates_skipped=0, unit_clauses=0, empties=0, intra_clause_literals_removed=0, added_but_db_unchanged=0
DEBUG: After adding clauses, solver has 8156 clauses and 904 variables
[SAT] Local problem appears to be unsatisfiable in current zone
[Waiting_time_Solve] No solution found, trying to apply waiting time:4
[Waiting_time_Solve] INFO: not enough waiting time for agent 4 (needs 4, available: 2)
[Waiting_time_Solve] INFO: not enough waiting time for agent 4 (needs 4, available: 2)
[Waiting_time_Solve] No waiting time applied
[Waiting_time_Solve] No solution found
[Waiting_time_Solve] Restoring original paths
[Waiting_time_Solve] Restoring waiting times
[Current_Solution] Restored waiting times from backup
[Current_Solution] Restored paths from backup
[Solve_local_zone] Zone with expansion factor 9failed
[Solve_local_zone] Expanding zone with offset 12 (original: 2)
[Solve_local_zone] Final expanded zone contains 177 positions with 3 conflicts 
[Solve_local_zone] New time window: [57, 82]
[Solve_local_zone] Current local zone size: 177 (5.47649% of all walkable positions)
[Solve_local_zone] Local zone time window: [57, 82]
[Waiting_time_Solve] Agent 0 has waiting time 110
[Waiting_time_Solve] Agent 1 has waiting time 71
[Waiting_time_Solve] Agent 2 has waiting time 59
[Waiting_time_Solve] Agent 3 has waiting time 125
[Waiting_time_Solve] Agent 4 has waiting time 5
[Waiting_time_Solve] Agent 5 has waiting time 55
[Waiting_time_Solve] Agent 6 has waiting time 61
[Waiting_time_Solve] Agent 7 has waiting time 6
[Waiting_time_Solve] Agent 8 has waiting time 0
[Waiting_time_Solve] Agent 9 has waiting time 57
[Waiting_time_Solve] Agent 10 has waiting time 137
[Waiting_time_Solve] Agent 11 has waiting time 134
[Waiting_time_Solve] Agent 12 has waiting time 2
[Waiting_time_Solve] Agent 13 has waiting time 44
[Waiting_time_Solve] Agent 14 has waiting time 129
[Waiting_time_Solve] Agent 15 has waiting time 88
[Waiting_time_Solve] Agent 16 has waiting time 3
[Waiting_time_Solve] Agent 17 has waiting time 128
[Waiting_time_Solve] Agent 18 has waiting time 82
[Waiting_time_Solve] Agent 19 has waiting time 59
[Waiting_time_Solve] Total available waiting time: 1355
[Waiting_time_Solve] Max iterations: 1355
[Waiting_time_Solve] Iteration 0...
[SAT] Start solving CNF: 524 clauses and 229 variables
[SAT] Agent 16 entry time: 57 exit time: 82
[SAT] Agent 12 entry time: 66 exit time: 82
[SAT] Agent 8 entry time: 57 exit time: 81
[SAT] Agent 7 entry time: 57 exit time: 82
[SAT] Agent 6 entry time: 57 exit time: 64
[SAT] Agent 4 entry time: 58 exit time: 82
[SAT] Agent 2 entry time: 57 exit time: 59

[SAT] Start time: 57 End time: 82

[SAT] Solving local zone with SAT iteration 1...
[SAT] Local CNF: 524 clauses 

DEBUG: Adding 524 new clauses to MiniSAT (incremental run)
DEBUG: Clause load summary: input=524, added=524, tautologies_skipped=0, duplicates_skipped=0, unit_clauses=84, empties=0, intra_clause_literals_removed=0, added_but_db_unchanged=84
DEBUG: After adding clauses, solver has 356 clauses and 229 variables
DEBUG: MiniSAT found 229 variables
DEBUG: Assignment size: 229
DEBUG: First few assignment values: 1 1 1 1 1 0 1 0 1 0 

=== DEBUG: cnf_assignment_to_paths ===
Input assignment size: 229

=== END DEBUG ===
[SAT] Found 1 vertex collisions and 0 edge collisions
[SAT] Adding collision clauses and solving again...
[SAT] Solving local zone with SAT iteration 2...
[SAT] Local CNF: 525 clauses 

DEBUG: Adding 1 new clauses to MiniSAT (incremental run)
[SAT] Local problem appears to be unsatisfiable in current zone
[Waiting_time_Solve] No solution found, trying to apply waiting time:1
[Waiting_time_Solve] Applying waiting time 1 to agent 7 who has waiting time 6
[Waiting_time_Solve] New path is consistent after applying waiting time for agent 7
[Current_Solution] Agent 7 used 1 waiting timesteps, 5 remaining
[Waiting_time_Solve] Applied 1 waiting time  for agent 7 who has waiting time 5
[Waiting_time_Solve] ALL Waiting time applied
[Waiting_time_Solve] Extended Zone end time from 82 to 83
[Waiting_time_Solve] Iteration 1...
[SAT] Start solving CNF: 709 clauses and 275 variables
[SAT] Agent 16 entry time: 57 exit time: 82
[SAT] Agent 12 entry time: 66 exit time: 83
[SAT] Agent 8 entry time: 57 exit time: 81
[SAT] Agent 7 entry time: 57 exit time: 83
[SAT] Agent 6 entry time: 57 exit time: 64
[SAT] Agent 4 entry time: 58 exit time: 83
[SAT] Agent 2 entry time: 57 exit time: 59

[SAT] Start time: 57 End time: 83

[SAT] Solving local zone with SAT iteration 1...
[SAT] Local CNF: 710 clauses 

DEBUG: Adding 710 new clauses to MiniSAT (incremental run)
DEBUG: Clause load summary: input=710, added=710, tautologies_skipped=0, duplicates_skipped=0, unit_clauses=70, empties=0, intra_clause_literals_removed=0, added_but_db_unchanged=71
DEBUG: After adding clauses, solver has 569 clauses and 275 variables
DEBUG: MiniSAT found 275 variables
DEBUG: Assignment size: 275
DEBUG: First few assignment values: 1 1 1 1 1 1 0 1 0 0 

=== DEBUG: cnf_assignment_to_paths ===
Input assignment size: 275

=== END DEBUG ===
[SAT] Found 2 vertex collisions and 1 edge collisions
[SAT] Adding collision clauses and solving again...
[SAT] Solving local zone with SAT iteration 2...
[SAT] Local CNF: 713 clauses 

DEBUG: Adding 3 new clauses to MiniSAT (incremental run)
[SAT] Local problem appears to be unsatisfiable in current zone
[Waiting_time_Solve] No solution found, trying to apply waiting time:2
[Waiting_time_Solve] Applying waiting time 2 to agent 7 who has waiting time 5
[Waiting_time_Solve] New path is consistent after applying waiting time for agent 7
[Current_Solution] Agent 7 used 2 waiting timesteps, 3 remaining
[Waiting_time_Solve] Applied 2 waiting time  for agent 7 who has waiting time 3
[Waiting_time_Solve] ALL Waiting time applied
[Waiting_time_Solve] Extended Zone end time from 83 to 85
[Waiting_time_Solve] Iteration 2...
[SAT] Start solving CNF: 2054 clauses and 444 variables
[SAT] Agent 16 entry time: 57 exit time: 82
[SAT] Agent 12 entry time: 66 exit time: 85
[SAT] Agent 8 entry time: 57 exit time: 81
[SAT] Agent 7 entry time: 57 exit time: 85
[SAT] Agent 6 entry time: 57 exit time: 64
[SAT] Agent 4 entry time: 58 exit time: 84
[SAT] Agent 2 entry time: 57 exit time: 59

[SAT] Start time: 57 End time: 85

[SAT] Solving local zone with SAT iteration 1...
[SAT] Local CNF: 2058 clauses 

DEBUG: Adding 2058 new clauses to MiniSAT (incremental run)
DEBUG: Clause load summary: input=2058, added=2058, tautologies_skipped=0, duplicates_skipped=0, unit_clauses=73, empties=0, intra_clause_literals_removed=0, added_but_db_unchanged=79
DEBUG: After adding clauses, solver has 1906 clauses and 444 variables
DEBUG: MiniSAT found 444 variables
DEBUG: Assignment size: 444
DEBUG: First few assignment values: 1 1 1 1 1 0 1 0 1 0 

=== DEBUG: cnf_assignment_to_paths ===
Input assignment size: 444

=== END DEBUG ===
[SAT] Found 1 vertex collisions and 1 edge collisions
[SAT] Adding collision clauses and solving again...
[SAT] Solving local zone with SAT iteration 2...
[SAT] Local CNF: 2060 clauses 

DEBUG: Adding 2 new clauses to MiniSAT (incremental run)
DEBUG: Clause load summary: input=2, added=2, tautologies_skipped=0, duplicates_skipped=0, unit_clauses=0, empties=0, intra_clause_literals_removed=0, added_but_db_unchanged=2
DEBUG: After adding clauses, solver has 1894 clauses and 444 variables
DEBUG: MiniSAT found 444 variables
DEBUG: Assignment size: 444
DEBUG: First few assignment values: 1 1 1 1 1 0 1 0 1 0 

=== DEBUG: cnf_assignment_to_paths ===
Input assignment size: 444

=== END DEBUG ===
[SAT] Found 2 vertex collisions and 1 edge collisions
[SAT] Adding collision clauses and solving again...
[SAT] Solving local zone with SAT iteration 3...
[SAT] Local CNF: 2063 clauses 

DEBUG: Adding 3 new clauses to MiniSAT (incremental run)
[SAT] Local problem appears to be unsatisfiable in current zone
[Waiting_time_Solve] No solution found, trying to apply waiting time:3
[Waiting_time_Solve] Applying waiting time 3 to agent 4 who has waiting time 5
[Waiting_time_Solve] New path is consistent after applying waiting time for agent 4
[Current_Solution] Agent 4 used 3 waiting timesteps, 2 remaining
[Waiting_time_Solve] Applied 3 waiting time  for agent 4 who has waiting time 2
[Waiting_time_Solve] Applying waiting time 3 to agent 7 who has waiting time 3
[Waiting_time_Solve] New path is consistent after applying waiting time for agent 7
[Current_Solution] Agent 7 used 3 waiting timesteps, 0 remaining
[Waiting_time_Solve] Applied 3 waiting time  for agent 7 who has waiting time 0
[Waiting_time_Solve] ALL Waiting time applied
[Waiting_time_Solve] Extended Zone end time from 85 to 88
[Waiting_time_Solve] Iteration 3...
[SAT] Start solving CNF: 8872 clauses and 977 variables
[SAT] Agent 16 entry time: 57 exit time: 82
[SAT] Agent 12 entry time: 66 exit time: 88
[SAT] Agent 8 entry time: 57 exit time: 81
[SAT] Agent 7 entry time: 57 exit time: 88
[SAT] Agent 6 entry time: 57 exit time: 64
[SAT] Agent 4 entry time: 58 exit time: 87
[SAT] Agent 2 entry time: 57 exit time: 59

[SAT] Start time: 57 End time: 88

[SAT] Solving local zone with SAT iteration 1...
[SAT] Local CNF: 8881 clauses 

DEBUG: Adding 8881 new clauses to MiniSAT (incremental run)
DEBUG: Clause load summary: input=8881, added=8881, tautologies_skipped=0, duplicates_skipped=0, unit_clauses=59, empties=0, intra_clause_literals_removed=0, added_but_db_unchanged=69
DEBUG: After adding clauses, solver has 8753 clauses and 977 variables
DEBUG: MiniSAT found 977 variables
DEBUG: Assignment size: 977
DEBUG: First few assignment values: 1 1 1 1 1 0 1 0 1 0 

=== DEBUG: cnf_assignment_to_paths ===
Input assignment size: 977

=== END DEBUG ===
[SAT] Found 1 vertex collisions and 2 edge collisions
[SAT] Adding collision clauses and solving again...
[SAT] Solving local zone with SAT iteration 2...
[SAT] Local CNF: 8884 clauses 

DEBUG: Adding 3 new clauses to MiniSAT (incremental run)
DEBUG: Clause load summary: input=3, added=3, tautologies_skipped=0, duplicates_skipped=0, unit_clauses=0, empties=0, intra_clause_literals_removed=0, added_but_db_unchanged=2
DEBUG: After adding clauses, solver has 8683 clauses and 977 variables
DEBUG: MiniSAT found 977 variables
DEBUG: Assignment size: 977
DEBUG: First few assignment values: 1 1 1 1 1 0 1 0 1 0 

=== DEBUG: cnf_assignment_to_paths ===
Input assignment size: 977

=== END DEBUG ===
[SAT] Found 1 vertex collisions and 1 edge collisions
[SAT] Adding collision clauses and solving again...
[SAT] Solving local zone with SAT iteration 3...
[SAT] Local CNF: 8886 clauses 

DEBUG: Adding 2 new clauses to MiniSAT (incremental run)
DEBUG: Clause load summary: input=2, added=2, tautologies_skipped=0, duplicates_skipped=0, unit_clauses=0, empties=0, intra_clause_literals_removed=0, added_but_db_unchanged=2
DEBUG: After adding clauses, solver has 8683 clauses and 977 variables
DEBUG: MiniSAT found 977 variables
DEBUG: Assignment size: 977
DEBUG: First few assignment values: 1 1 1 1 1 0 1 0 1 0 

=== DEBUG: cnf_assignment_to_paths ===
Input assignment size: 977

=== END DEBUG ===
[SAT] Found 2 vertex collisions and 0 edge collisions
[SAT] Adding collision clauses and solving again...
[SAT] Solving local zone with SAT iteration 4...
[SAT] Local CNF: 8888 clauses 

DEBUG: Adding 2 new clauses to MiniSAT (incremental run)
DEBUG: Clause load summary: input=2, added=2, tautologies_skipped=0, duplicates_skipped=0, unit_clauses=0, empties=0, intra_clause_literals_removed=0, added_but_db_unchanged=1
DEBUG: After adding clauses, solver has 8684 clauses and 977 variables
DEBUG: MiniSAT found 977 variables
DEBUG: Assignment size: 977
DEBUG: First few assignment values: 1 1 1 1 1 0 1 0 1 0 

=== DEBUG: cnf_assignment_to_paths ===
Input assignment size: 977

=== END DEBUG ===
[SAT] Found 0 vertex collisions and 1 edge collisions
[SAT] Adding collision clauses and solving again...
[SAT] Solving local zone with SAT iteration 5...
[SAT] Local CNF: 8889 clauses 

DEBUG: Adding 1 new clauses to MiniSAT (incremental run)
DEBUG: Clause load summary: input=1, added=1, tautologies_skipped=0, duplicates_skipped=0, unit_clauses=0, empties=0, intra_clause_literals_removed=0, added_but_db_unchanged=0
DEBUG: After adding clauses, solver has 8685 clauses and 977 variables
DEBUG: MiniSAT found 977 variables
DEBUG: Assignment size: 977
DEBUG: First few assignment values: 1 1 1 1 1 0 1 0 1 0 

=== DEBUG: cnf_assignment_to_paths ===
Input assignment size: 977

=== END DEBUG ===
[SAT] Found 1 vertex collisions and 0 edge collisions
[SAT] Adding collision clauses and solving again...
[SAT] Solving local zone with SAT iteration 6...
[SAT] Local CNF: 8890 clauses 

DEBUG: Adding 1 new clauses to MiniSAT (incremental run)
DEBUG: Clause load summary: input=1, added=1, tautologies_skipped=0, duplicates_skipped=0, unit_clauses=0, empties=0, intra_clause_literals_removed=0, added_but_db_unchanged=0
DEBUG: After adding clauses, solver has 8686 clauses and 977 variables
DEBUG: MiniSAT found 977 variables
DEBUG: Assignment size: 977
DEBUG: First few assignment values: 1 1 1 1 1 0 1 0 1 0 

=== DEBUG: cnf_assignment_to_paths ===
Input assignment size: 977

=== END DEBUG ===
[SAT] Found 1 vertex collisions and 0 edge collisions
[SAT] Adding collision clauses and solving again...
[SAT] Solving local zone with SAT iteration 7...
[SAT] Local CNF: 8891 clauses 

DEBUG: Adding 1 new clauses to MiniSAT (incremental run)
DEBUG: Clause load summary: input=1, added=1, tautologies_skipped=0, duplicates_skipped=0, unit_clauses=0, empties=0, intra_clause_literals_removed=0, added_but_db_unchanged=0
DEBUG: After adding clauses, solver has 8687 clauses and 977 variables
[SAT] Local problem appears to be unsatisfiable in current zone
[Waiting_time_Solve] No solution found, trying to apply waiting time:4
[Waiting_time_Solve] INFO: not enough waiting time for agent 4 (needs 4, available: 2)
[Waiting_time_Solve] INFO: not enough waiting time for agent 4 (needs 4, available: 2)
[Waiting_time_Solve] No waiting time applied
[Waiting_time_Solve] No solution found
[Waiting_time_Solve] Restoring original paths
[Waiting_time_Solve] Restoring waiting times
[Current_Solution] Restored waiting times from backup
[Current_Solution] Restored paths from backup
[Solve_local_zone] Zone with expansion factor 10failed
[Solve_local_zone] Expanding zone with offset 13 (original: 2)
[Solve_local_zone] Final expanded zone contains 199 positions with 3 conflicts 
[Solve_local_zone] New time window: [56, 83]
[Solve_local_zone] Current local zone size: 199 (6.15718% of all walkable positions)
[Solve_local_zone] Local zone time window: [56, 83]
[Waiting_time_Solve] Agent 0 has waiting time 110
[Waiting_time_Solve] Agent 1 has waiting time 71
[Waiting_time_Solve] Agent 2 has waiting time 59
[Waiting_time_Solve] Agent 3 has waiting time 125
[Waiting_time_Solve] Agent 4 has waiting time 5
[Waiting_time_Solve] Agent 5 has waiting time 55
[Waiting_time_Solve] Agent 6 has waiting time 61
[Waiting_time_Solve] Agent 7 has waiting time 6
[Waiting_time_Solve] Agent 8 has waiting time 0
[Waiting_time_Solve] Agent 9 has waiting time 57
[Waiting_time_Solve] Agent 10 has waiting time 137
[Waiting_time_Solve] Agent 11 has waiting time 134
[Waiting_time_Solve] Agent 12 has waiting time 2
[Waiting_time_Solve] Agent 13 has waiting time 44
[Waiting_time_Solve] Agent 14 has waiting time 129
[Waiting_time_Solve] Agent 15 has waiting time 88
[Waiting_time_Solve] Agent 16 has waiting time 3
[Waiting_time_Solve] Agent 17 has waiting time 128
[Waiting_time_Solve] Agent 18 has waiting time 82
[Waiting_time_Solve] Agent 19 has waiting time 59
[Waiting_time_Solve] Total available waiting time: 1355
[Waiting_time_Solve] Max iterations: 1355
[Waiting_time_Solve] Iteration 0...
[SAT] Start solving CNF: 570 clauses and 252 variables
[SAT] Agent 16 entry time: 56 exit time: 83
[SAT] Agent 12 entry time: 65 exit time: 83
[SAT] Agent 8 entry time: 56 exit time: 82
[SAT] Agent 7 entry time: 56 exit time: 83
[SAT] Agent 6 entry time: 56 exit time: 65
[SAT] Agent 5 entry time: 56 exit time: 57
[SAT] Agent 4 entry time: 57 exit time: 83
[SAT] Agent 2 entry time: 56 exit time: 60

[SAT] Start time: 56 End time: 83

[SAT] Solving local zone with SAT iteration 1...
[SAT] Local CNF: 570 clauses 

DEBUG: Adding 570 new clauses to MiniSAT (incremental run)
DEBUG: Clause load summary: input=570, added=570, tautologies_skipped=0, duplicates_skipped=0, unit_clauses=94, empties=0, intra_clause_literals_removed=0, added_but_db_unchanged=95
DEBUG: After adding clauses, solver has 381 clauses and 252 variables
DEBUG: MiniSAT found 252 variables
DEBUG: Assignment size: 252
DEBUG: First few assignment values: 1 1 1 1 1 1 0 1 0 1 

=== DEBUG: cnf_assignment_to_paths ===
Input assignment size: 252

=== END DEBUG ===
[SAT] Found 1 vertex collisions and 1 edge collisions
[SAT] Adding collision clauses and solving again...
[SAT] Solving local zone with SAT iteration 2...
[SAT] Local CNF: 572 clauses 

DEBUG: Adding 2 new clauses to MiniSAT (incremental run)
[SAT] Local problem appears to be unsatisfiable in current zone
[Waiting_time_Solve] No solution found, trying to apply waiting time:1
[Waiting_time_Solve] Applying waiting time 1 to agent 7 who has waiting time 6
[Waiting_time_Solve] New path is consistent after applying waiting time for agent 7
[Current_Solution] Agent 7 used 1 waiting timesteps, 5 remaining
[Waiting_time_Solve] Applied 1 waiting time  for agent 7 who has waiting time 5
[Waiting_time_Solve] ALL Waiting time applied
[Waiting_time_Solve] Extended Zone end time from 83 to 84
[Waiting_time_Solve] Iteration 1...
[SAT] Start solving CNF: 768 clauses and 302 variables
[SAT] Agent 16 entry time: 56 exit time: 83
[SAT] Agent 12 entry time: 65 exit time: 84
[SAT] Agent 8 entry time: 56 exit time: 82
[SAT] Agent 7 entry time: 56 exit time: 84
[SAT] Agent 6 entry time: 56 exit time: 65
[SAT] Agent 5 entry time: 56 exit time: 57
[SAT] Agent 4 entry time: 57 exit time: 84
[SAT] Agent 2 entry time: 56 exit time: 60

[SAT] Start time: 56 End time: 84

[SAT] Solving local zone with SAT iteration 1...
[SAT] Local CNF: 770 clauses 

DEBUG: Adding 770 new clauses to MiniSAT (incremental run)
DEBUG: Clause load summary: input=770, added=770, tautologies_skipped=0, duplicates_skipped=0, unit_clauses=80, empties=0, intra_clause_literals_removed=0, added_but_db_unchanged=82
DEBUG: After adding clauses, solver has 608 clauses and 302 variables
DEBUG: MiniSAT found 302 variables
DEBUG: Assignment size: 302
DEBUG: First few assignment values: 1 1 1 1 1 1 1 0 1 0 

=== DEBUG: cnf_assignment_to_paths ===
Input assignment size: 302

=== END DEBUG ===
[SAT] Found 1 vertex collisions and 1 edge collisions
[SAT] Adding collision clauses and solving again...
[SAT] Solving local zone with SAT iteration 2...
[SAT] Local CNF: 772 clauses 

DEBUG: Adding 2 new clauses to MiniSAT (incremental run)
[SAT] Local problem appears to be unsatisfiable in current zone
[Waiting_time_Solve] No solution found, trying to apply waiting time:2
[Waiting_time_Solve] Applying waiting time 2 to agent 7 who has waiting time 5
[Waiting_time_Solve] New path is consistent after applying waiting time for agent 7
[Current_Solution] Agent 7 used 2 waiting timesteps, 3 remaining
[Waiting_time_Solve] Applied 2 waiting time  for agent 7 who has waiting time 3
[Waiting_time_Solve] ALL Waiting time applied
[Waiting_time_Solve] Extended Zone end time from 84 to 86
[Waiting_time_Solve] Iteration 2...
[SAT] Start solving CNF: 2233 clauses and 489 variables
[SAT] Agent 16 entry time: 56 exit time: 83
[SAT] Agent 12 entry time: 65 exit time: 86
[SAT] Agent 8 entry time: 56 exit time: 82
[SAT] Agent 7 entry time: 56 exit time: 86
[SAT] Agent 6 entry time: 56 exit time: 65
[SAT] Agent 5 entry time: 56 exit time: 57
[SAT] Agent 4 entry time: 57 exit time: 85
[SAT] Agent 2 entry time: 56 exit time: 60

[SAT] Start time: 56 End time: 86

[SAT] Solving local zone with SAT iteration 1...
[SAT] Local CNF: 2237 clauses 

DEBUG: Adding 2237 new clauses to MiniSAT (incremental run)
DEBUG: Clause load summary: input=2237, added=2237, tautologies_skipped=0, duplicates_skipped=0, unit_clauses=81, empties=0, intra_clause_literals_removed=0, added_but_db_unchanged=89
DEBUG: After adding clauses, solver has 2067 clauses and 489 variables
DEBUG: MiniSAT found 489 variables
DEBUG: Assignment size: 489
DEBUG: First few assignment values: 1 1 1 1 1 1 0 1 0 1 

=== DEBUG: cnf_assignment_to_paths ===
Input assignment size: 489

=== END DEBUG ===
[SAT] Found 1 vertex collisions and 1 edge collisions
[SAT] Adding collision clauses and solving again...
[SAT] Solving local zone with SAT iteration 2...
[SAT] Local CNF: 2239 clauses 

DEBUG: Adding 2 new clauses to MiniSAT (incremental run)
DEBUG: Clause load summary: input=2, added=2, tautologies_skipped=0, duplicates_skipped=0, unit_clauses=0, empties=0, intra_clause_literals_removed=0, added_but_db_unchanged=2
DEBUG: After adding clauses, solver has 2052 clauses and 489 variables
DEBUG: MiniSAT found 489 variables
DEBUG: Assignment size: 489
DEBUG: First few assignment values: 1 1 1 1 1 1 0 1 0 1 

=== DEBUG: cnf_assignment_to_paths ===
Input assignment size: 489

=== END DEBUG ===
[SAT] Found 2 vertex collisions and 1 edge collisions
[SAT] Adding collision clauses and solving again...
[SAT] Solving local zone with SAT iteration 3...
[SAT] Local CNF: 2242 clauses 

DEBUG: Adding 3 new clauses to MiniSAT (incremental run)
[SAT] Local problem appears to be unsatisfiable in current zone
[Waiting_time_Solve] No solution found, trying to apply waiting time:3
[Waiting_time_Solve] Applying waiting time 3 to agent 4 who has waiting time 5
[Waiting_time_Solve] New path is consistent after applying waiting time for agent 4
[Current_Solution] Agent 4 used 3 waiting timesteps, 2 remaining
[Waiting_time_Solve] Applied 3 waiting time  for agent 4 who has waiting time 2
[Waiting_time_Solve] Applying waiting time 3 to agent 7 who has waiting time 3
[Waiting_time_Solve] New path is consistent after applying waiting time for agent 7
[Current_Solution] Agent 7 used 3 waiting timesteps, 0 remaining
[Waiting_time_Solve] Applied 3 waiting time  for agent 7 who has waiting time 0
[Waiting_time_Solve] ALL Waiting time applied
[Waiting_time_Solve] Extended Zone end time from 86 to 89
[Waiting_time_Solve] Iteration 3...
[SAT] Start solving CNF: 9637 clauses and 1073 variables
[SAT] Agent 16 entry time: 56 exit time: 83
[SAT] Agent 12 entry time: 65 exit time: 89
[SAT] Agent 8 entry time: 56 exit time: 82
[SAT] Agent 7 entry time: 56 exit time: 89
[SAT] Agent 6 entry time: 56 exit time: 65
[SAT] Agent 5 entry time: 56 exit time: 57
[SAT] Agent 4 entry time: 57 exit time: 88
[SAT] Agent 2 entry time: 56 exit time: 60

[SAT] Start time: 56 End time: 89

[SAT] Solving local zone with SAT iteration 1...
[SAT] Local CNF: 9646 clauses 

DEBUG: Adding 9646 new clauses to MiniSAT (incremental run)
DEBUG: Clause load summary: input=9646, added=9646, tautologies_skipped=0, duplicates_skipped=0, unit_clauses=67, empties=0, intra_clause_literals_removed=0, added_but_db_unchanged=79
DEBUG: After adding clauses, solver has 9500 clauses and 1073 variables
DEBUG: MiniSAT found 1073 variables
DEBUG: Assignment size: 1073
DEBUG: First few assignment values: 1 1 1 1 1 1 0 1 0 1 

=== DEBUG: cnf_assignment_to_paths ===
Input assignment size: 1073

=== END DEBUG ===
[SAT] Found 1 vertex collisions and 2 edge collisions
[SAT] Adding collision clauses and solving again...
[SAT] Solving local zone with SAT iteration 2...
[SAT] Local CNF: 9649 clauses 

DEBUG: Adding 3 new clauses to MiniSAT (incremental run)
DEBUG: Clause load summary: input=3, added=3, tautologies_skipped=0, duplicates_skipped=0, unit_clauses=0, empties=0, intra_clause_literals_removed=0, added_but_db_unchanged=2
DEBUG: After adding clauses, solver has 9427 clauses and 1073 variables
DEBUG: MiniSAT found 1073 variables
DEBUG: Assignment size: 1073
DEBUG: First few assignment values: 1 1 1 1 1 1 0 1 0 1 

=== DEBUG: cnf_assignment_to_paths ===
Input assignment size: 1073

=== END DEBUG ===
[SAT] Found 1 vertex collisions and 1 edge collisions
[SAT] Adding collision clauses and solving again...
[SAT] Solving local zone with SAT iteration 3...
[SAT] Local CNF: 9651 clauses 

DEBUG: Adding 2 new clauses to MiniSAT (incremental run)
DEBUG: Clause load summary: input=2, added=2, tautologies_skipped=0, duplicates_skipped=0, unit_clauses=0, empties=0, intra_clause_literals_removed=0, added_but_db_unchanged=2
DEBUG: After adding clauses, solver has 9427 clauses and 1073 variables
DEBUG: MiniSAT found 1073 variables
DEBUG: Assignment size: 1073
DEBUG: First few assignment values: 1 1 1 1 1 1 0 1 0 1 

=== DEBUG: cnf_assignment_to_paths ===
Input assignment size: 1073

=== END DEBUG ===
[SAT] Found 2 vertex collisions and 1 edge collisions
[SAT] Adding collision clauses and solving again...
[SAT] Solving local zone with SAT iteration 4...
[SAT] Local CNF: 9654 clauses 

DEBUG: Adding 3 new clauses to MiniSAT (incremental run)
DEBUG: Clause load summary: input=3, added=3, tautologies_skipped=0, duplicates_skipped=0, unit_clauses=0, empties=0, intra_clause_literals_removed=0, added_but_db_unchanged=2
DEBUG: After adding clauses, solver has 9428 clauses and 1073 variables
DEBUG: MiniSAT found 1073 variables
DEBUG: Assignment size: 1073
DEBUG: First few assignment values: 1 1 1 1 1 1 0 1 0 1 

=== DEBUG: cnf_assignment_to_paths ===
Input assignment size: 1073

=== END DEBUG ===
[SAT] Found 0 vertex collisions and 1 edge collisions
[SAT] Adding collision clauses and solving again...
[SAT] Solving local zone with SAT iteration 5...
[SAT] Local CNF: 9655 clauses 

DEBUG: Adding 1 new clauses to MiniSAT (incremental run)
DEBUG: Clause load summary: input=1, added=1, tautologies_skipped=0, duplicates_skipped=0, unit_clauses=0, empties=0, intra_clause_literals_removed=0, added_but_db_unchanged=0
DEBUG: After adding clauses, solver has 9429 clauses and 1073 variables
DEBUG: MiniSAT found 1073 variables
DEBUG: Assignment size: 1073
DEBUG: First few assignment values: 1 1 1 1 1 1 0 1 0 1 

=== DEBUG: cnf_assignment_to_paths ===
Input assignment size: 1073

=== END DEBUG ===
[SAT] Found 1 vertex collisions and 0 edge collisions
[SAT] Adding collision clauses and solving again...
[SAT] Solving local zone with SAT iteration 6...
[SAT] Local CNF: 9656 clauses 

DEBUG: Adding 1 new clauses to MiniSAT (incremental run)
DEBUG: Clause load summary: input=1, added=1, tautologies_skipped=0, duplicates_skipped=0, unit_clauses=0, empties=0, intra_clause_literals_removed=0, added_but_db_unchanged=0
DEBUG: After adding clauses, solver has 9430 clauses and 1073 variables
DEBUG: MiniSAT found 1073 variables
DEBUG: Assignment size: 1073
DEBUG: First few assignment values: 1 1 1 1 1 1 0 1 0 1 

=== DEBUG: cnf_assignment_to_paths ===
Input assignment size: 1073

=== END DEBUG ===
[SAT] Found 1 vertex collisions and 0 edge collisions
[SAT] Adding collision clauses and solving again...
[SAT] Solving local zone with SAT iteration 7...
[SAT] Local CNF: 9657 clauses 

DEBUG: Adding 1 new clauses to MiniSAT (incremental run)
DEBUG: Clause load summary: input=1, added=1, tautologies_skipped=0, duplicates_skipped=0, unit_clauses=0, empties=0, intra_clause_literals_removed=0, added_but_db_unchanged=0
DEBUG: After adding clauses, solver has 9431 clauses and 1073 variables
[SAT] Local problem appears to be unsatisfiable in current zone
[Waiting_time_Solve] No solution found, trying to apply waiting time:4
[Waiting_time_Solve] INFO: not enough waiting time for agent 4 (needs 4, available: 2)
[Waiting_time_Solve] INFO: not enough waiting time for agent 4 (needs 4, available: 2)
[Waiting_time_Solve] No waiting time applied
[Waiting_time_Solve] No solution found
[Waiting_time_Solve] Restoring original paths
[Waiting_time_Solve] Restoring waiting times
[Current_Solution] Restored waiting times from backup
[Current_Solution] Restored paths from backup
[Solve_local_zone] Zone with expansion factor 11failed
[Solve_local_zone] Expanding zone with offset 14 (original: 2)
[Solve_local_zone] Final expanded zone contains 225 positions with 3 conflicts 
[Solve_local_zone] New time window: [55, 84]
[Solve_local_zone] Current local zone size: 225 (6.96163% of all walkable positions)
[Solve_local_zone] Local zone time window: [55, 84]
[Waiting_time_Solve] Agent 0 has waiting time 110
[Waiting_time_Solve] Agent 1 has waiting time 71
[Waiting_time_Solve] Agent 2 has waiting time 59
[Waiting_time_Solve] Agent 3 has waiting time 125
[Waiting_time_Solve] Agent 4 has waiting time 5
[Waiting_time_Solve] Agent 5 has waiting time 55
[Waiting_time_Solve] Agent 6 has waiting time 61
[Waiting_time_Solve] Agent 7 has waiting time 6
[Waiting_time_Solve] Agent 8 has waiting time 0
[Waiting_time_Solve] Agent 9 has waiting time 57
[Waiting_time_Solve] Agent 10 has waiting time 137
[Waiting_time_Solve] Agent 11 has waiting time 134
[Waiting_time_Solve] Agent 12 has waiting time 2
[Waiting_time_Solve] Agent 13 has waiting time 44
[Waiting_time_Solve] Agent 14 has waiting time 129
[Waiting_time_Solve] Agent 15 has waiting time 88
[Waiting_time_Solve] Agent 16 has waiting time 3
[Waiting_time_Solve] Agent 17 has waiting time 128
[Waiting_time_Solve] Agent 18 has waiting time 82
[Waiting_time_Solve] Agent 19 has waiting time 59
[Waiting_time_Solve] Total available waiting time: 1355
[Waiting_time_Solve] Max iterations: 1355
[Waiting_time_Solve] Iteration 0...
[SAT] Start solving CNF: 618 clauses and 275 variables
[SAT] Agent 16 entry time: 55 exit time: 84
[SAT] Agent 12 entry time: 64 exit time: 84
[SAT] Agent 8 entry time: 55 exit time: 83
[SAT] Agent 7 entry time: 55 exit time: 84
[SAT] Agent 6 entry time: 55 exit time: 66
[SAT] Agent 5 entry time: 55 exit time: 58
[SAT] Agent 4 entry time: 56 exit time: 84
[SAT] Agent 2 entry time: 55 exit time: 61

[SAT] Start time: 55 End time: 84

[SAT] Solving local zone with SAT iteration 1...
[SAT] Local CNF: 618 clauses 

DEBUG: Adding 618 new clauses to MiniSAT (incremental run)
DEBUG: Clause load summary: input=618, added=618, tautologies_skipped=0, duplicates_skipped=0, unit_clauses=105, empties=0, intra_clause_literals_removed=0, added_but_db_unchanged=107
DEBUG: After adding clauses, solver has 406 clauses and 275 variables
DEBUG: MiniSAT found 275 variables
DEBUG: Assignment size: 275
DEBUG: First few assignment values: 1 1 1 1 1 1 1 0 1 0 

=== DEBUG: cnf_assignment_to_paths ===
Input assignment size: 275

=== END DEBUG ===
[SAT] Found 1 vertex collisions and 1 edge collisions
[SAT] Adding collision clauses and solving again...
[SAT] Solving local zone with SAT iteration 2...
[SAT] Local CNF: 620 clauses 

DEBUG: Adding 2 new clauses to MiniSAT (incremental run)
[SAT] Local problem appears to be unsatisfiable in current zone
[Waiting_time_Solve] No solution found, trying to apply waiting time:1
[Waiting_time_Solve] Applying waiting time 1 to agent 7 who has waiting time 6
[Waiting_time_Solve] New path is consistent after applying waiting time for agent 7
[Current_Solution] Agent 7 used 1 waiting timesteps, 5 remaining
[Waiting_time_Solve] Applied 1 waiting time  for agent 7 who has waiting time 5
[Waiting_time_Solve] ALL Waiting time applied
[Waiting_time_Solve] Extended Zone end time from 84 to 85
[Waiting_time_Solve] Iteration 1...
[SAT] Start solving CNF: 829 clauses and 330 variables
[SAT] Agent 16 entry time: 55 exit time: 84
[SAT] Agent 12 entry time: 64 exit time: 85
[SAT] Agent 8 entry time: 55 exit time: 83
[SAT] Agent 7 entry time: 55 exit time: 85
[SAT] Agent 6 entry time: 55 exit time: 66
[SAT] Agent 5 entry time: 55 exit time: 58
[SAT] Agent 4 entry time: 56 exit time: 85
[SAT] Agent 2 entry time: 55 exit time: 61

[SAT] Start time: 55 End time: 85

[SAT] Solving local zone with SAT iteration 1...
[SAT] Local CNF: 831 clauses 

DEBUG: Adding 831 new clauses to MiniSAT (incremental run)
DEBUG: Clause load summary: input=831, added=831, tautologies_skipped=0, duplicates_skipped=0, unit_clauses=88, empties=0, intra_clause_literals_removed=0, added_but_db_unchanged=91
DEBUG: After adding clauses, solver has 652 clauses and 330 variables
DEBUG: MiniSAT found 330 variables
DEBUG: Assignment size: 330
DEBUG: First few assignment values: 1 1 1 1 1 1 1 0 1 0 

=== DEBUG: cnf_assignment_to_paths ===
Input assignment size: 330

=== END DEBUG ===
[SAT] Found 2 vertex collisions and 1 edge collisions
[SAT] Adding collision clauses and solving again...
[SAT] Solving local zone with SAT iteration 2...
[SAT] Local CNF: 834 clauses 

DEBUG: Adding 3 new clauses to MiniSAT (incremental run)
[SAT] Local problem appears to be unsatisfiable in current zone
[Waiting_time_Solve] No solution found, trying to apply waiting time:2
[Waiting_time_Solve] Applying waiting time 2 to agent 7 who has waiting time 5
[Waiting_time_Solve] New path is consistent after applying waiting time for agent 7
[Current_Solution] Agent 7 used 2 waiting timesteps, 3 remaining
[Waiting_time_Solve] Applied 2 waiting time  for agent 7 who has waiting time 3
[Waiting_time_Solve] ALL Waiting time applied
[Waiting_time_Solve] Extended Zone end time from 85 to 87
[Waiting_time_Solve] Iteration 2...
[SAT] Start solving CNF: 2396 clauses and 531 variables
[SAT] Agent 16 entry time: 55 exit time: 84
[SAT] Agent 12 entry time: 64 exit time: 87
[SAT] Agent 8 entry time: 55 exit time: 83
[SAT] Agent 7 entry time: 55 exit time: 87
[SAT] Agent 6 entry time: 55 exit time: 66
[SAT] Agent 5 entry time: 55 exit time: 58
[SAT] Agent 4 entry time: 56 exit time: 86
[SAT] Agent 2 entry time: 55 exit time: 61

[SAT] Start time: 55 End time: 87

[SAT] Solving local zone with SAT iteration 1...
[SAT] Local CNF: 2401 clauses 

DEBUG: Adding 2401 new clauses to MiniSAT (incremental run)
DEBUG: Clause load summary: input=2401, added=2401, tautologies_skipped=0, duplicates_skipped=0, unit_clauses=90, empties=0, intra_clause_literals_removed=0, added_but_db_unchanged=98
DEBUG: After adding clauses, solver has 2213 clauses and 531 variables
DEBUG: MiniSAT found 531 variables
DEBUG: Assignment size: 531
DEBUG: First few assignment values: 1 1 1 1 1 1 1 0 1 0 

=== DEBUG: cnf_assignment_to_paths ===
Input assignment size: 531

=== END DEBUG ===
[SAT] Found 1 vertex collisions and 1 edge collisions
[SAT] Adding collision clauses and solving again...
[SAT] Solving local zone with SAT iteration 2...
[SAT] Local CNF: 2403 clauses 

DEBUG: Adding 2 new clauses to MiniSAT (incremental run)
DEBUG: Clause load summary: input=2, added=2, tautologies_skipped=0, duplicates_skipped=0, unit_clauses=0, empties=0, intra_clause_literals_removed=0, added_but_db_unchanged=2
DEBUG: After adding clauses, solver has 2201 clauses and 531 variables
DEBUG: MiniSAT found 531 variables
DEBUG: Assignment size: 531
DEBUG: First few assignment values: 1 1 1 1 1 1 1 0 1 0 

=== DEBUG: cnf_assignment_to_paths ===
Input assignment size: 531

=== END DEBUG ===
[SAT] Found 2 vertex collisions and 1 edge collisions
[SAT] Adding collision clauses and solving again...
[SAT] Solving local zone with SAT iteration 3...
[SAT] Local CNF: 2406 clauses 

DEBUG: Adding 3 new clauses to MiniSAT (incremental run)
[SAT] Local problem appears to be unsatisfiable in current zone
[Waiting_time_Solve] No solution found, trying to apply waiting time:3
[Waiting_time_Solve] Applying waiting time 3 to agent 4 who has waiting time 5
[Waiting_time_Solve] New path is consistent after applying waiting time for agent 4
[Current_Solution] Agent 4 used 3 waiting timesteps, 2 remaining
[Waiting_time_Solve] Applied 3 waiting time  for agent 4 who has waiting time 2
[Waiting_time_Solve] Applying waiting time 3 to agent 7 who has waiting time 3
[Waiting_time_Solve] New path is consistent after applying waiting time for agent 7
[Current_Solution] Agent 7 used 3 waiting timesteps, 0 remaining
[Waiting_time_Solve] Applied 3 waiting time  for agent 7 who has waiting time 0
[Waiting_time_Solve] ALL Waiting time applied
[Waiting_time_Solve] Extended Zone end time from 87 to 90
[Waiting_time_Solve] Iteration 3...
[SAT] Start solving CNF: 10462 clauses and 1165 variables
[SAT] Agent 16 entry time: 55 exit time: 84
[SAT] Agent 12 entry time: 64 exit time: 90
[SAT] Agent 8 entry time: 55 exit time: 83
[SAT] Agent 7 entry time: 55 exit time: 90
[SAT] Agent 6 entry time: 55 exit time: 66
[SAT] Agent 5 entry time: 55 exit time: 58
[SAT] Agent 4 entry time: 56 exit time: 89
[SAT] Agent 2 entry time: 55 exit time: 61

[SAT] Start time: 55 End time: 90

[SAT] Solving local zone with SAT iteration 1...
[SAT] Local CNF: 10472 clauses 

DEBUG: Adding 10472 new clauses to MiniSAT (incremental run)
DEBUG: Clause load summary: input=10472, added=10472, tautologies_skipped=0, duplicates_skipped=0, unit_clauses=75, empties=0, intra_clause_literals_removed=0, added_but_db_unchanged=87
DEBUG: After adding clauses, solver has 10310 clauses and 1165 variables
DEBUG: MiniSAT found 1165 variables
DEBUG: Assignment size: 1165
DEBUG: First few assignment values: 1 1 1 1 1 1 1 0 1 0 

=== DEBUG: cnf_assignment_to_paths ===
Input assignment size: 1165

=== END DEBUG ===
[SAT] Found 1 vertex collisions and 2 edge collisions
[SAT] Adding collision clauses and solving again...
[SAT] Solving local zone with SAT iteration 2...
[SAT] Local CNF: 10475 clauses 

DEBUG: Adding 3 new clauses to MiniSAT (incremental run)
DEBUG: Clause load summary: input=3, added=3, tautologies_skipped=0, duplicates_skipped=0, unit_clauses=0, empties=0, intra_clause_literals_removed=0, added_but_db_unchanged=2
DEBUG: After adding clauses, solver has 10240 clauses and 1165 variables
DEBUG: MiniSAT found 1165 variables
DEBUG: Assignment size: 1165
DEBUG: First few assignment values: 1 1 1 1 1 1 1 0 1 0 

=== DEBUG: cnf_assignment_to_paths ===
Input assignment size: 1165

=== END DEBUG ===
[SAT] Found 1 vertex collisions and 1 edge collisions
[SAT] Adding collision clauses and solving again...
[SAT] Solving local zone with SAT iteration 3...
[SAT] Local CNF: 10477 clauses 

DEBUG: Adding 2 new clauses to MiniSAT (incremental run)
DEBUG: Clause load summary: input=2, added=2, tautologies_skipped=0, duplicates_skipped=0, unit_clauses=0, empties=0, intra_clause_literals_removed=0, added_but_db_unchanged=2
DEBUG: After adding clauses, solver has 10240 clauses and 1165 variables
DEBUG: MiniSAT found 1165 variables
DEBUG: Assignment size: 1165
DEBUG: First few assignment values: 1 1 1 1 1 1 1 0 1 0 

=== DEBUG: cnf_assignment_to_paths ===
Input assignment size: 1165

=== END DEBUG ===
[SAT] Found 2 vertex collisions and 0 edge collisions
[SAT] Adding collision clauses and solving again...
[SAT] Solving local zone with SAT iteration 4...
[SAT] Local CNF: 10479 clauses 

DEBUG: Adding 2 new clauses to MiniSAT (incremental run)
DEBUG: Clause load summary: input=2, added=2, tautologies_skipped=0, duplicates_skipped=0, unit_clauses=0, empties=0, intra_clause_literals_removed=0, added_but_db_unchanged=1
DEBUG: After adding clauses, solver has 10241 clauses and 1165 variables
DEBUG: MiniSAT found 1165 variables
DEBUG: Assignment size: 1165
DEBUG: First few assignment values: 1 1 1 1 1 1 1 0 1 0 

=== DEBUG: cnf_assignment_to_paths ===
Input assignment size: 1165

=== END DEBUG ===
[SAT] Found 0 vertex collisions and 1 edge collisions
[SAT] Adding collision clauses and solving again...
[SAT] Solving local zone with SAT iteration 5...
[SAT] Local CNF: 10480 clauses 

DEBUG: Adding 1 new clauses to MiniSAT (incremental run)
DEBUG: Clause load summary: input=1, added=1, tautologies_skipped=0, duplicates_skipped=0, unit_clauses=0, empties=0, intra_clause_literals_removed=0, added_but_db_unchanged=0
DEBUG: After adding clauses, solver has 10242 clauses and 1165 variables
DEBUG: MiniSAT found 1165 variables
DEBUG: Assignment size: 1165
DEBUG: First few assignment values: 1 1 1 1 1 1 1 0 1 0 

=== DEBUG: cnf_assignment_to_paths ===
Input assignment size: 1165

=== END DEBUG ===
[SAT] Found 1 vertex collisions and 0 edge collisions
[SAT] Adding collision clauses and solving again...
[SAT] Solving local zone with SAT iteration 6...
[SAT] Local CNF: 10481 clauses 

DEBUG: Adding 1 new clauses to MiniSAT (incremental run)
DEBUG: Clause load summary: input=1, added=1, tautologies_skipped=0, duplicates_skipped=0, unit_clauses=0, empties=0, intra_clause_literals_removed=0, added_but_db_unchanged=0
DEBUG: After adding clauses, solver has 10243 clauses and 1165 variables
DEBUG: MiniSAT found 1165 variables
DEBUG: Assignment size: 1165
DEBUG: First few assignment values: 1 1 1 1 1 1 1 0 1 0 

=== DEBUG: cnf_assignment_to_paths ===
Input assignment size: 1165

=== END DEBUG ===
[SAT] Found 1 vertex collisions and 0 edge collisions
[SAT] Adding collision clauses and solving again...
[SAT] Solving local zone with SAT iteration 7...
[SAT] Local CNF: 10482 clauses 

DEBUG: Adding 1 new clauses to MiniSAT (incremental run)
DEBUG: Clause load summary: input=1, added=1, tautologies_skipped=0, duplicates_skipped=0, unit_clauses=0, empties=0, intra_clause_literals_removed=0, added_but_db_unchanged=0
DEBUG: After adding clauses, solver has 10244 clauses and 1165 variables
[SAT] Local problem appears to be unsatisfiable in current zone
[Waiting_time_Solve] No solution found, trying to apply waiting time:4
[Waiting_time_Solve] INFO: not enough waiting time for agent 4 (needs 4, available: 2)
[Waiting_time_Solve] INFO: not enough waiting time for agent 4 (needs 4, available: 2)
[Waiting_time_Solve] No waiting time applied
[Waiting_time_Solve] No solution found
[Waiting_time_Solve] Restoring original paths
[Waiting_time_Solve] Restoring waiting times
[Current_Solution] Restored waiting times from backup
[Current_Solution] Restored paths from backup
[Solve_local_zone] Zone with expansion factor 12failed
[Solve_local_zone] Expanding zone with offset 15 (original: 2)
[Solve_local_zone] Final expanded zone contains 257 positions with 3 conflicts 
[Solve_local_zone] New time window: [54, 85]
[Solve_local_zone] Current local zone size: 257 (7.95173% of all walkable positions)
[Solve_local_zone] Local zone time window: [54, 85]
[Waiting_time_Solve] Agent 0 has waiting time 110
[Waiting_time_Solve] Agent 1 has waiting time 71
[Waiting_time_Solve] Agent 2 has waiting time 59
[Waiting_time_Solve] Agent 3 has waiting time 125
[Waiting_time_Solve] Agent 4 has waiting time 5
[Waiting_time_Solve] Agent 5 has waiting time 55
[Waiting_time_Solve] Agent 6 has waiting time 61
[Waiting_time_Solve] Agent 7 has waiting time 6
[Waiting_time_Solve] Agent 8 has waiting time 0
[Waiting_time_Solve] Agent 9 has waiting time 57
[Waiting_time_Solve] Agent 10 has waiting time 137
[Waiting_time_Solve] Agent 11 has waiting time 134
[Waiting_time_Solve] Agent 12 has waiting time 2
[Waiting_time_Solve] Agent 13 has waiting time 44
[Waiting_time_Solve] Agent 14 has waiting time 129
[Waiting_time_Solve] Agent 15 has waiting time 88
[Waiting_time_Solve] Agent 16 has waiting time 3
[Waiting_time_Solve] Agent 17 has waiting time 128
[Waiting_time_Solve] Agent 18 has waiting time 82
[Waiting_time_Solve] Agent 19 has waiting time 59
[Waiting_time_Solve] Total available waiting time: 1355
[Waiting_time_Solve] Max iterations: 1355
[Waiting_time_Solve] Iteration 0...
[SAT] Start solving CNF: 678 clauses and 303 variables
[SAT] Agent 16 entry time: 54 exit time: 85
[SAT] Agent 12 entry time: 63 exit time: 85
[SAT] Agent 8 entry time: 54 exit time: 84
[SAT] Agent 7 entry time: 54 exit time: 85
[SAT] Agent 6 entry time: 54 exit time: 67
[SAT] Agent 5 entry time: 54 exit time: 59
[SAT] Agent 4 entry time: 55 exit time: 85
[SAT] Agent 2 entry time: 54 exit time: 62

[SAT] Start time: 54 End time: 85

[SAT] Solving local zone with SAT iteration 1...
[SAT] Local CNF: 678 clauses 

DEBUG: Adding 678 new clauses to MiniSAT (incremental run)
DEBUG: Clause load summary: input=678, added=678, tautologies_skipped=0, duplicates_skipped=0, unit_clauses=113, empties=0, intra_clause_literals_removed=0, added_but_db_unchanged=117
DEBUG: After adding clauses, solver has 448 clauses and 303 variables
DEBUG: MiniSAT found 303 variables
DEBUG: Assignment size: 303
DEBUG: First few assignment values: 1 1 1 1 1 1 1 1 0 1 

=== DEBUG: cnf_assignment_to_paths ===
Input assignment size: 303

=== END DEBUG ===
[SAT] Found 1 vertex collisions and 0 edge collisions
[SAT] Adding collision clauses and solving again...
[SAT] Solving local zone with SAT iteration 2...
[SAT] Local CNF: 679 clauses 

DEBUG: Adding 1 new clauses to MiniSAT (incremental run)
[SAT] Local problem appears to be unsatisfiable in current zone
[Waiting_time_Solve] No solution found, trying to apply waiting time:1
[Waiting_time_Solve] Applying waiting time 1 to agent 7 who has waiting time 6
[Waiting_time_Solve] New path is consistent after applying waiting time for agent 7
[Current_Solution] Agent 7 used 1 waiting timesteps, 5 remaining
[Waiting_time_Solve] Applied 1 waiting time  for agent 7 who has waiting time 5
[Waiting_time_Solve] ALL Waiting time applied
[Waiting_time_Solve] Extended Zone end time from 85 to 86
[Waiting_time_Solve] Iteration 1...
[SAT] Start solving CNF: 899 clauses and 361 variables
[SAT] Agent 16 entry time: 54 exit time: 85
[SAT] Agent 12 entry time: 63 exit time: 86
[SAT] Agent 8 entry time: 54 exit time: 84
[SAT] Agent 7 entry time: 54 exit time: 86
[SAT] Agent 6 entry time: 54 exit time: 67
[SAT] Agent 5 entry time: 54 exit time: 59
[SAT] Agent 4 entry time: 55 exit time: 86
[SAT] Agent 2 entry time: 54 exit time: 62

[SAT] Start time: 54 End time: 86

[SAT] Solving local zone with SAT iteration 1...
[SAT] Local CNF: 900 clauses 

DEBUG: Adding 900 new clauses to MiniSAT (incremental run)
DEBUG: Clause load summary: input=900, added=900, tautologies_skipped=0, duplicates_skipped=0, unit_clauses=96, empties=0, intra_clause_literals_removed=0, added_but_db_unchanged=100
DEBUG: After adding clauses, solver has 704 clauses and 361 variables
DEBUG: MiniSAT found 361 variables
DEBUG: Assignment size: 361
DEBUG: First few assignment values: 1 1 1 1 1 1 1 1 1 0 

=== DEBUG: cnf_assignment_to_paths ===
Input assignment size: 361

=== END DEBUG ===
[SAT] Found 1 vertex collisions and 1 edge collisions
[SAT] Adding collision clauses and solving again...
[SAT] Solving local zone with SAT iteration 2...
[SAT] Local CNF: 902 clauses 

DEBUG: Adding 2 new clauses to MiniSAT (incremental run)
[SAT] Local problem appears to be unsatisfiable in current zone
[Waiting_time_Solve] No solution found, trying to apply waiting time:2
[Waiting_time_Solve] Applying waiting time 2 to agent 7 who has waiting time 5
[Waiting_time_Solve] New path is consistent after applying waiting time for agent 7
[Current_Solution] Agent 7 used 2 waiting timesteps, 3 remaining
[Waiting_time_Solve] Applied 2 waiting time  for agent 7 who has waiting time 3
[Waiting_time_Solve] ALL Waiting time applied
[Waiting_time_Solve] Extended Zone end time from 86 to 88
[Waiting_time_Solve] Iteration 2...
[SAT] Start solving CNF: 2567 clauses and 576 variables
[SAT] Agent 16 entry time: 54 exit time: 85
[SAT] Agent 12 entry time: 63 exit time: 88
[SAT] Agent 8 entry time: 54 exit time: 84
[SAT] Agent 7 entry time: 54 exit time: 88
[SAT] Agent 6 entry time: 54 exit time: 67
[SAT] Agent 5 entry time: 54 exit time: 59
[SAT] Agent 4 entry time: 55 exit time: 87
[SAT] Agent 2 entry time: 54 exit time: 62

[SAT] Start time: 54 End time: 88

[SAT] Solving local zone with SAT iteration 1...
[SAT] Local CNF: 2570 clauses 

DEBUG: Adding 2570 new clauses to MiniSAT (incremental run)
DEBUG: Clause load summary: input=2570, added=2570, tautologies_skipped=0, duplicates_skipped=0, unit_clauses=98, empties=0, intra_clause_literals_removed=0, added_but_db_unchanged=107
DEBUG: After adding clauses, solver has 2365 clauses and 576 variables
DEBUG: MiniSAT found 576 variables
DEBUG: Assignment size: 576
DEBUG: First few assignment values: 1 1 1 1 1 1 1 1 0 1 

=== DEBUG: cnf_assignment_to_paths ===
Input assignment size: 576

=== END DEBUG ===
[SAT] Found 1 vertex collisions and 1 edge collisions
[SAT] Adding collision clauses and solving again...
[SAT] Solving local zone with SAT iteration 2...
[SAT] Local CNF: 2572 clauses 

DEBUG: Adding 2 new clauses to MiniSAT (incremental run)
DEBUG: Clause load summary: input=2, added=2, tautologies_skipped=0, duplicates_skipped=0, unit_clauses=0, empties=0, intra_clause_literals_removed=0, added_but_db_unchanged=2
DEBUG: After adding clauses, solver has 2353 clauses and 576 variables
DEBUG: MiniSAT found 576 variables
DEBUG: Assignment size: 576
DEBUG: First few assignment values: 1 1 1 1 1 1 1 1 0 1 

=== DEBUG: cnf_assignment_to_paths ===
Input assignment size: 576

=== END DEBUG ===
[SAT] Found 2 vertex collisions and 1 edge collisions
[SAT] Adding collision clauses and solving again...
[SAT] Solving local zone with SAT iteration 3...
[SAT] Local CNF: 2575 clauses 

DEBUG: Adding 3 new clauses to MiniSAT (incremental run)
[SAT] Local problem appears to be unsatisfiable in current zone
[Waiting_time_Solve] No solution found, trying to apply waiting time:3
[Waiting_time_Solve] Applying waiting time 3 to agent 4 who has waiting time 5
[Waiting_time_Solve] New path is consistent after applying waiting time for agent 4
[Current_Solution] Agent 4 used 3 waiting timesteps, 2 remaining
[Waiting_time_Solve] Applied 3 waiting time  for agent 4 who has waiting time 2
[Waiting_time_Solve] Applying waiting time 3 to agent 7 who has waiting time 3
[Waiting_time_Solve] New path is consistent after applying waiting time for agent 7
[Current_Solution] Agent 7 used 3 waiting timesteps, 0 remaining
[Waiting_time_Solve] Applied 3 waiting time  for agent 7 who has waiting time 0
[Waiting_time_Solve] ALL Waiting time applied
[Waiting_time_Solve] Extended Zone end time from 88 to 91
[Waiting_time_Solve] Iteration 3...
[SAT] Start solving CNF: 11361 clauses and 1261 variables
[SAT] Agent 16 entry time: 54 exit time: 85
[SAT] Agent 12 entry time: 63 exit time: 91
[SAT] Agent 8 entry time: 54 exit time: 84
[SAT] Agent 7 entry time: 54 exit time: 91
[SAT] Agent 6 entry time: 54 exit time: 67
[SAT] Agent 5 entry time: 54 exit time: 59
[SAT] Agent 4 entry time: 55 exit time: 90
[SAT] Agent 2 entry time: 54 exit time: 62

[SAT] Start time: 54 End time: 91

[SAT] Solving local zone with SAT iteration 1...
[SAT] Local CNF: 11369 clauses 

DEBUG: Adding 11369 new clauses to MiniSAT (incremental run)
DEBUG: Clause load summary: input=11369, added=11369, tautologies_skipped=0, duplicates_skipped=0, unit_clauses=82, empties=0, intra_clause_literals_removed=0, added_but_db_unchanged=95
DEBUG: After adding clauses, solver has 11192 clauses and 1261 variables
DEBUG: MiniSAT found 1261 variables
DEBUG: Assignment size: 1261
DEBUG: First few assignment values: 1 1 1 1 1 1 1 1 0 1 

=== DEBUG: cnf_assignment_to_paths ===
Input assignment size: 1261

=== END DEBUG ===
[SAT] Found 1 vertex collisions and 2 edge collisions
[SAT] Adding collision clauses and solving again...
[SAT] Solving local zone with SAT iteration 2...
[SAT] Local CNF: 11372 clauses 

DEBUG: Adding 3 new clauses to MiniSAT (incremental run)
DEBUG: Clause load summary: input=3, added=3, tautologies_skipped=0, duplicates_skipped=0, unit_clauses=0, empties=0, intra_clause_literals_removed=0, added_but_db_unchanged=2
DEBUG: After adding clauses, solver has 11122 clauses and 1261 variables
DEBUG: MiniSAT found 1261 variables
DEBUG: Assignment size: 1261
DEBUG: First few assignment values: 1 1 1 1 1 1 1 1 0 1 

=== DEBUG: cnf_assignment_to_paths ===
Input assignment size: 1261

=== END DEBUG ===
[SAT] Found 1 vertex collisions and 1 edge collisions
[SAT] Adding collision clauses and solving again...
[SAT] Solving local zone with SAT iteration 3...
[SAT] Local CNF: 11374 clauses 

DEBUG: Adding 2 new clauses to MiniSAT (incremental run)
DEBUG: Clause load summary: input=2, added=2, tautologies_skipped=0, duplicates_skipped=0, unit_clauses=0, empties=0, intra_clause_literals_removed=0, added_but_db_unchanged=2
DEBUG: After adding clauses, solver has 11122 clauses and 1261 variables
DEBUG: MiniSAT found 1261 variables
DEBUG: Assignment size: 1261
DEBUG: First few assignment values: 1 1 1 1 1 1 1 1 0 1 

=== DEBUG: cnf_assignment_to_paths ===
Input assignment size: 1261

=== END DEBUG ===
[SAT] Found 2 vertex collisions and 1 edge collisions
[SAT] Adding collision clauses and solving again...
[SAT] Solving local zone with SAT iteration 4...
[SAT] Local CNF: 11377 clauses 

DEBUG: Adding 3 new clauses to MiniSAT (incremental run)
DEBUG: Clause load summary: input=3, added=3, tautologies_skipped=0, duplicates_skipped=0, unit_clauses=0, empties=0, intra_clause_literals_removed=0, added_but_db_unchanged=2
DEBUG: After adding clauses, solver has 11123 clauses and 1261 variables
DEBUG: MiniSAT found 1261 variables
DEBUG: Assignment size: 1261
DEBUG: First few assignment values: 1 1 1 1 1 1 1 1 0 1 

=== DEBUG: cnf_assignment_to_paths ===
Input assignment size: 1261

=== END DEBUG ===
[SAT] Found 0 vertex collisions and 1 edge collisions
[SAT] Adding collision clauses and solving again...
[SAT] Solving local zone with SAT iteration 5...
[SAT] Local CNF: 11378 clauses 

DEBUG: Adding 1 new clauses to MiniSAT (incremental run)
DEBUG: Clause load summary: input=1, added=1, tautologies_skipped=0, duplicates_skipped=0, unit_clauses=0, empties=0, intra_clause_literals_removed=0, added_but_db_unchanged=0
DEBUG: After adding clauses, solver has 11124 clauses and 1261 variables
DEBUG: MiniSAT found 1261 variables
DEBUG: Assignment size: 1261
DEBUG: First few assignment values: 1 1 1 1 1 1 1 1 0 1 

=== DEBUG: cnf_assignment_to_paths ===
Input assignment size: 1261

=== END DEBUG ===
[SAT] Found 1 vertex collisions and 0 edge collisions
[SAT] Adding collision clauses and solving again...
[SAT] Solving local zone with SAT iteration 6...
[SAT] Local CNF: 11379 clauses 

DEBUG: Adding 1 new clauses to MiniSAT (incremental run)
DEBUG: Clause load summary: input=1, added=1, tautologies_skipped=0, duplicates_skipped=0, unit_clauses=0, empties=0, intra_clause_literals_removed=0, added_but_db_unchanged=0
DEBUG: After adding clauses, solver has 11125 clauses and 1261 variables
DEBUG: MiniSAT found 1261 variables
DEBUG: Assignment size: 1261
DEBUG: First few assignment values: 1 1 1 1 1 1 1 1 0 1 

=== DEBUG: cnf_assignment_to_paths ===
Input assignment size: 1261

=== END DEBUG ===
[SAT] Found 1 vertex collisions and 0 edge collisions
[SAT] Adding collision clauses and solving again...
[SAT] Solving local zone with SAT iteration 7...
[SAT] Local CNF: 11380 clauses 

DEBUG: Adding 1 new clauses to MiniSAT (incremental run)
DEBUG: Clause load summary: input=1, added=1, tautologies_skipped=0, duplicates_skipped=0, unit_clauses=0, empties=0, intra_clause_literals_removed=0, added_but_db_unchanged=0
DEBUG: After adding clauses, solver has 11126 clauses and 1261 variables
[SAT] Local problem appears to be unsatisfiable in current zone
[Waiting_time_Solve] No solution found, trying to apply waiting time:4
[Waiting_time_Solve] INFO: not enough waiting time for agent 4 (needs 4, available: 2)
[Waiting_time_Solve] INFO: not enough waiting time for agent 4 (needs 4, available: 2)
[Waiting_time_Solve] No waiting time applied
[Waiting_time_Solve] No solution found
[Waiting_time_Solve] Restoring original paths
[Waiting_time_Solve] Restoring waiting times
[Current_Solution] Restored waiting times from backup
[Current_Solution] Restored paths from backup
[Solve_local_zone] Zone with expansion factor 13failed
[Solve_local_zone] Expanding zone with offset 16 (original: 2)
[Solve_local_zone] Final expanded zone contains 291 positions with 3 conflicts 
[Solve_local_zone] New time window: [53, 86]
[Solve_local_zone] Current local zone size: 291 (9.00371% of all walkable positions)
[Solve_local_zone] Local zone time window: [53, 86]
[Waiting_time_Solve] Agent 0 has waiting time 110
[Waiting_time_Solve] Agent 1 has waiting time 71
[Waiting_time_Solve] Agent 2 has waiting time 59
[Waiting_time_Solve] Agent 3 has waiting time 125
[Waiting_time_Solve] Agent 4 has waiting time 5
[Waiting_time_Solve] Agent 5 has waiting time 55
[Waiting_time_Solve] Agent 6 has waiting time 61
[Waiting_time_Solve] Agent 7 has waiting time 6
[Waiting_time_Solve] Agent 8 has waiting time 0
[Waiting_time_Solve] Agent 9 has waiting time 57
[Waiting_time_Solve] Agent 10 has waiting time 137
[Waiting_time_Solve] Agent 11 has waiting time 134
[Waiting_time_Solve] Agent 12 has waiting time 2
[Waiting_time_Solve] Agent 13 has waiting time 44
[Waiting_time_Solve] Agent 14 has waiting time 129
[Waiting_time_Solve] Agent 15 has waiting time 88
[Waiting_time_Solve] Agent 16 has waiting time 3
[Waiting_time_Solve] Agent 17 has waiting time 128
[Waiting_time_Solve] Agent 18 has waiting time 82
[Waiting_time_Solve] Agent 19 has waiting time 59
[Waiting_time_Solve] Total available waiting time: 1355
[Waiting_time_Solve] Max iterations: 1355
[Waiting_time_Solve] Iteration 0...
[SAT] Start solving CNF: 759 clauses and 339 variables
[SAT] Agent 16 entry time: 53 exit time: 86
[SAT] Agent 12 entry time: 62 exit time: 86
[SAT] Agent 8 entry time: 53 exit time: 85
[SAT] Agent 7 entry time: 53 exit time: 86
[SAT] Agent 6 entry time: 53 exit time: 68
[SAT] Agent 5 entry time: 53 exit time: 60
[SAT] Agent 4 entry time: 54 exit time: 86
[SAT] Agent 2 entry time: 53 exit time: 63

[SAT] Start time: 53 End time: 86

[SAT] Solving local zone with SAT iteration 1...
[SAT] Local CNF: 759 clauses 

DEBUG: Adding 759 new clauses to MiniSAT (incremental run)
DEBUG: Clause load summary: input=759, added=759, tautologies_skipped=0, duplicates_skipped=0, unit_clauses=117, empties=0, intra_clause_literals_removed=0, added_but_db_unchanged=123
DEBUG: After adding clauses, solver has 519 clauses and 339 variables
DEBUG: MiniSAT found 339 variables
DEBUG: Assignment size: 339
DEBUG: First few assignment values: 1 1 1 1 1 1 1 1 1 0 

=== DEBUG: cnf_assignment_to_paths ===
Input assignment size: 339

=== END DEBUG ===
[SAT] Found 1 vertex collisions and 0 edge collisions
[SAT] Adding collision clauses and solving again...
[SAT] Solving local zone with SAT iteration 2...
[SAT] Local CNF: 760 clauses 

DEBUG: Adding 1 new clauses to MiniSAT (incremental run)
[SAT] Local problem appears to be unsatisfiable in current zone
[Waiting_time_Solve] No solution found, trying to apply waiting time:1
[Waiting_time_Solve] Applying waiting time 1 to agent 7 who has waiting time 6
[Waiting_time_Solve] New path is consistent after applying waiting time for agent 7
[Current_Solution] Agent 7 used 1 waiting timesteps, 5 remaining
[Waiting_time_Solve] Applied 1 waiting time  for agent 7 who has waiting time 5
[Waiting_time_Solve] ALL Waiting time applied
[Waiting_time_Solve] Extended Zone end time from 86 to 87
[Waiting_time_Solve] Iteration 1...
[SAT] Start solving CNF: 1012 clauses and 403 variables
[SAT] Agent 16 entry time: 53 exit time: 86
[SAT] Agent 12 entry time: 62 exit time: 87
[SAT] Agent 8 entry time: 53 exit time: 85
[SAT] Agent 7 entry time: 53 exit time: 87
[SAT] Agent 6 entry time: 53 exit time: 68
[SAT] Agent 5 entry time: 53 exit time: 60
[SAT] Agent 4 entry time: 54 exit time: 87
[SAT] Agent 2 entry time: 53 exit time: 63

[SAT] Start time: 53 End time: 87

[SAT] Solving local zone with SAT iteration 1...
[SAT] Local CNF: 1013 clauses 

DEBUG: Adding 1013 new clauses to MiniSAT (incremental run)
DEBUG: Clause load summary: input=1013, added=1013, tautologies_skipped=0, duplicates_skipped=0, unit_clauses=99, empties=0, intra_clause_literals_removed=0, added_but_db_unchanged=105
DEBUG: After adding clauses, solver has 809 clauses and 403 variables
DEBUG: MiniSAT found 403 variables
DEBUG: Assignment size: 403
DEBUG: First few assignment values: 1 1 1 1 1 1 1 1 1 0 

=== DEBUG: cnf_assignment_to_paths ===
Input assignment size: 403

=== END DEBUG ===
[SAT] Found 1 vertex collisions and 1 edge collisions
[SAT] Adding collision clauses and solving again...
[SAT] Solving local zone with SAT iteration 2...
[SAT] Local CNF: 1015 clauses 

DEBUG: Adding 2 new clauses to MiniSAT (incremental run)
[SAT] Local problem appears to be unsatisfiable in current zone
[Waiting_time_Solve] No solution found, trying to apply waiting time:2
[Waiting_time_Solve] Applying waiting time 2 to agent 7 who has waiting time 5
[Waiting_time_Solve] New path is consistent after applying waiting time for agent 7
[Current_Solution] Agent 7 used 2 waiting timesteps, 3 remaining
[Waiting_time_Solve] Applied 2 waiting time  for agent 7 who has waiting time 3
[Waiting_time_Solve] ALL Waiting time applied
[Waiting_time_Solve] Extended Zone end time from 87 to 89
[Waiting_time_Solve] Iteration 2...
[SAT] Start solving CNF: 2892 clauses and 637 variables
[SAT] Agent 16 entry time: 53 exit time: 86
[SAT] Agent 12 entry time: 62 exit time: 89
[SAT] Agent 8 entry time: 53 exit time: 85
[SAT] Agent 7 entry time: 53 exit time: 89
[SAT] Agent 6 entry time: 53 exit time: 68
[SAT] Agent 5 entry time: 53 exit time: 60
[SAT] Agent 4 entry time: 54 exit time: 88
[SAT] Agent 2 entry time: 53 exit time: 63

[SAT] Start time: 53 End time: 89

[SAT] Solving local zone with SAT iteration 1...
[SAT] Local CNF: 2895 clauses 

DEBUG: Adding 2895 new clauses to MiniSAT (incremental run)
DEBUG: Clause load summary: input=2895, added=2895, tautologies_skipped=0, duplicates_skipped=0, unit_clauses=101, empties=0, intra_clause_literals_removed=0, added_but_db_unchanged=112
DEBUG: After adding clauses, solver has 2682 clauses and 637 variables
DEBUG: MiniSAT found 637 variables
DEBUG: Assignment size: 637
DEBUG: First few assignment values: 1 1 1 1 1 1 1 1 1 0 

=== DEBUG: cnf_assignment_to_paths ===
Input assignment size: 637

=== END DEBUG ===
[SAT] Found 1 vertex collisions and 1 edge collisions
[SAT] Adding collision clauses and solving again...
[SAT] Solving local zone with SAT iteration 2...
[SAT] Local CNF: 2897 clauses 

DEBUG: Adding 2 new clauses to MiniSAT (incremental run)
DEBUG: Clause load summary: input=2, added=2, tautologies_skipped=0, duplicates_skipped=0, unit_clauses=0, empties=0, intra_clause_literals_removed=0, added_but_db_unchanged=2
DEBUG: After adding clauses, solver has 2670 clauses and 637 variables
DEBUG: MiniSAT found 637 variables
DEBUG: Assignment size: 637
DEBUG: First few assignment values: 1 1 1 1 1 1 1 1 1 0 

=== DEBUG: cnf_assignment_to_paths ===
Input assignment size: 637

=== END DEBUG ===
[SAT] Found 2 vertex collisions and 1 edge collisions
[SAT] Adding collision clauses and solving again...
[SAT] Solving local zone with SAT iteration 3...
[SAT] Local CNF: 2900 clauses 

DEBUG: Adding 3 new clauses to MiniSAT (incremental run)
[SAT] Local problem appears to be unsatisfiable in current zone
[Waiting_time_Solve] No solution found, trying to apply waiting time:3
[Waiting_time_Solve] Applying waiting time 3 to agent 4 who has waiting time 5
[Waiting_time_Solve] New path is consistent after applying waiting time for agent 4
[Current_Solution] Agent 4 used 3 waiting timesteps, 2 remaining
[Waiting_time_Solve] Applied 3 waiting time  for agent 4 who has waiting time 2
[Waiting_time_Solve] Applying waiting time 3 to agent 7 who has waiting time 3
[Waiting_time_Solve] New path is consistent after applying waiting time for agent 7
[Current_Solution] Agent 7 used 3 waiting timesteps, 0 remaining
[Waiting_time_Solve] Applied 3 waiting time  for agent 7 who has waiting time 0
[Waiting_time_Solve] ALL Waiting time applied
[Waiting_time_Solve] Extended Zone end time from 89 to 92
[Waiting_time_Solve] Iteration 3...
[SAT] Start solving CNF: 12781 clauses and 1386 variables
[SAT] Agent 16 entry time: 53 exit time: 86
[SAT] Agent 12 entry time: 62 exit time: 92
[SAT] Agent 8 entry time: 53 exit time: 85
[SAT] Agent 7 entry time: 53 exit time: 92
[SAT] Agent 6 entry time: 53 exit time: 68
[SAT] Agent 5 entry time: 53 exit time: 60
[SAT] Agent 4 entry time: 54 exit time: 91
[SAT] Agent 2 entry time: 53 exit time: 63

[SAT] Start time: 53 End time: 92

[SAT] Solving local zone with SAT iteration 1...
[SAT] Local CNF: 12789 clauses 

DEBUG: Adding 12789 new clauses to MiniSAT (incremental run)
DEBUG: Clause load summary: input=12789, added=12789, tautologies_skipped=0, duplicates_skipped=0, unit_clauses=83, empties=0, intra_clause_literals_removed=0, added_but_db_unchanged=99
DEBUG: After adding clauses, solver has 12607 clauses and 1386 variables
DEBUG: MiniSAT found 1386 variables
DEBUG: Assignment size: 1386
DEBUG: First few assignment values: 1 1 1 1 1 1 1 1 1 0 

=== DEBUG: cnf_assignment_to_paths ===
Input assignment size: 1386

=== END DEBUG ===
[SAT] Found 1 vertex collisions and 2 edge collisions
[SAT] Adding collision clauses and solving again...
[SAT] Solving local zone with SAT iteration 2...
[SAT] Local CNF: 12792 clauses 

DEBUG: Adding 3 new clauses to MiniSAT (incremental run)
DEBUG: Clause load summary: input=3, added=3, tautologies_skipped=0, duplicates_skipped=0, unit_clauses=0, empties=0, intra_clause_literals_removed=0, added_but_db_unchanged=2
DEBUG: After adding clauses, solver has 12537 clauses and 1386 variables
DEBUG: MiniSAT found 1386 variables
DEBUG: Assignment size: 1386
DEBUG: First few assignment values: 1 1 1 1 1 1 1 1 1 0 

=== DEBUG: cnf_assignment_to_paths ===
Input assignment size: 1386

=== END DEBUG ===
[SAT] Found 1 vertex collisions and 1 edge collisions
[SAT] Adding collision clauses and solving again...
[SAT] Solving local zone with SAT iteration 3...
[SAT] Local CNF: 12794 clauses 

DEBUG: Adding 2 new clauses to MiniSAT (incremental run)
DEBUG: Clause load summary: input=2, added=2, tautologies_skipped=0, duplicates_skipped=0, unit_clauses=0, empties=0, intra_clause_literals_removed=0, added_but_db_unchanged=2
DEBUG: After adding clauses, solver has 12537 clauses and 1386 variables
DEBUG: MiniSAT found 1386 variables
DEBUG: Assignment size: 1386
DEBUG: First few assignment values: 1 1 1 1 1 1 1 1 1 0 

=== DEBUG: cnf_assignment_to_paths ===
Input assignment size: 1386

=== END DEBUG ===
[SAT] Found 2 vertex collisions and 1 edge collisions
[SAT] Adding collision clauses and solving again...
[SAT] Solving local zone with SAT iteration 4...
[SAT] Local CNF: 12797 clauses 

DEBUG: Adding 3 new clauses to MiniSAT (incremental run)
DEBUG: Clause load summary: input=3, added=3, tautologies_skipped=0, duplicates_skipped=0, unit_clauses=0, empties=0, intra_clause_literals_removed=0, added_but_db_unchanged=2
DEBUG: After adding clauses, solver has 12538 clauses and 1386 variables
DEBUG: MiniSAT found 1386 variables
DEBUG: Assignment size: 1386
DEBUG: First few assignment values: 1 1 1 1 1 1 1 1 1 0 

=== DEBUG: cnf_assignment_to_paths ===
Input assignment size: 1386

=== END DEBUG ===
[SAT] Found 0 vertex collisions and 1 edge collisions
[SAT] Adding collision clauses and solving again...
[SAT] Solving local zone with SAT iteration 5...
[SAT] Local CNF: 12798 clauses 

DEBUG: Adding 1 new clauses to MiniSAT (incremental run)
DEBUG: Clause load summary: input=1, added=1, tautologies_skipped=0, duplicates_skipped=0, unit_clauses=0, empties=0, intra_clause_literals_removed=0, added_but_db_unchanged=0
DEBUG: After adding clauses, solver has 12539 clauses and 1386 variables
DEBUG: MiniSAT found 1386 variables
DEBUG: Assignment size: 1386
DEBUG: First few assignment values: 1 1 1 1 1 1 1 1 1 0 

=== DEBUG: cnf_assignment_to_paths ===
Input assignment size: 1386

=== END DEBUG ===
[SAT] Found 1 vertex collisions and 0 edge collisions
[SAT] Adding collision clauses and solving again...
[SAT] Solving local zone with SAT iteration 6...
[SAT] Local CNF: 12799 clauses 

DEBUG: Adding 1 new clauses to MiniSAT (incremental run)
DEBUG: Clause load summary: input=1, added=1, tautologies_skipped=0, duplicates_skipped=0, unit_clauses=0, empties=0, intra_clause_literals_removed=0, added_but_db_unchanged=0
DEBUG: After adding clauses, solver has 12540 clauses and 1386 variables
DEBUG: MiniSAT found 1386 variables
DEBUG: Assignment size: 1386
DEBUG: First few assignment values: 1 1 1 1 1 1 1 1 1 0 

=== DEBUG: cnf_assignment_to_paths ===
Input assignment size: 1386

=== END DEBUG ===
[SAT] Found 1 vertex collisions and 0 edge collisions
[SAT] Adding collision clauses and solving again...
[SAT] Solving local zone with SAT iteration 7...
[SAT] Local CNF: 12800 clauses 

DEBUG: Adding 1 new clauses to MiniSAT (incremental run)
[SAT] Local problem appears to be unsatisfiable in current zone
[Waiting_time_Solve] No solution found, trying to apply waiting time:4
[Waiting_time_Solve] INFO: not enough waiting time for agent 4 (needs 4, available: 2)
[Waiting_time_Solve] INFO: not enough waiting time for agent 4 (needs 4, available: 2)
[Waiting_time_Solve] No waiting time applied
[Waiting_time_Solve] No solution found
[Waiting_time_Solve] Restoring original paths
[Waiting_time_Solve] Restoring waiting times
[Current_Solution] Restored waiting times from backup
[Current_Solution] Restored paths from backup
[Solve_local_zone] Zone with expansion factor 14failed
[Solve_local_zone] Expanding zone with offset 17 (original: 2)
[Solve_local_zone] Final expanded zone contains 330 positions with 3 conflicts 
[Solve_local_zone] New time window: [52, 87]
[Solve_local_zone] Current local zone size: 330 (10.2104% of all walkable positions)
[Solve_local_zone] Local zone time window: [52, 87]
[Waiting_time_Solve] Agent 0 has waiting time 110
[Waiting_time_Solve] Agent 1 has waiting time 71
[Waiting_time_Solve] Agent 2 has waiting time 59
[Waiting_time_Solve] Agent 3 has waiting time 125
[Waiting_time_Solve] Agent 4 has waiting time 5
[Waiting_time_Solve] Agent 5 has waiting time 55
[Waiting_time_Solve] Agent 6 has waiting time 61
[Waiting_time_Solve] Agent 7 has waiting time 6
[Waiting_time_Solve] Agent 8 has waiting time 0
[Waiting_time_Solve] Agent 9 has waiting time 57
[Waiting_time_Solve] Agent 10 has waiting time 137
[Waiting_time_Solve] Agent 11 has waiting time 134
[Waiting_time_Solve] Agent 12 has waiting time 2
[Waiting_time_Solve] Agent 13 has waiting time 44
[Waiting_time_Solve] Agent 14 has waiting time 129
[Waiting_time_Solve] Agent 15 has waiting time 88
[Waiting_time_Solve] Agent 16 has waiting time 3
[Waiting_time_Solve] Agent 17 has waiting time 128
[Waiting_time_Solve] Agent 18 has waiting time 82
[Waiting_time_Solve] Agent 19 has waiting time 59
[Waiting_time_Solve] Total available waiting time: 1355
[Waiting_time_Solve] Max iterations: 1355
[Waiting_time_Solve] Iteration 0...
[SAT] Start solving CNF: 834 clauses and 371 variables
[SAT] Agent 16 entry time: 52 exit time: 87
[SAT] Agent 12 entry time: 61 exit time: 87
[SAT] Agent 8 entry time: 52 exit time: 86
[SAT] Agent 7 entry time: 52 exit time: 87
[SAT] Agent 6 entry time: 52 exit time: 69
[SAT] Agent 5 entry time: 52 exit time: 61
[SAT] Agent 4 entry time: 53 exit time: 87
[SAT] Agent 2 entry time: 52 exit time: 64

[SAT] Start time: 52 End time: 87

[SAT] Solving local zone with SAT iteration 1...
[SAT] Local CNF: 834 clauses 

DEBUG: Adding 834 new clauses to MiniSAT (incremental run)
DEBUG: Clause load summary: input=834, added=834, tautologies_skipped=0, duplicates_skipped=0, unit_clauses=125, empties=0, intra_clause_literals_removed=0, added_but_db_unchanged=131
DEBUG: After adding clauses, solver has 578 clauses and 371 variables
DEBUG: MiniSAT found 371 variables
DEBUG: Assignment size: 371
DEBUG: First few assignment values: 1 1 1 1 1 1 1 1 1 1 

=== DEBUG: cnf_assignment_to_paths ===
Input assignment size: 371

=== END DEBUG ===
[SAT] Found 1 vertex collisions and 0 edge collisions
[SAT] Adding collision clauses and solving again...
[SAT] Solving local zone with SAT iteration 2...
[SAT] Local CNF: 835 clauses 

DEBUG: Adding 1 new clauses to MiniSAT (incremental run)
[SAT] Local problem appears to be unsatisfiable in current zone
[Waiting_time_Solve] No solution found, trying to apply waiting time:1
[Waiting_time_Solve] Applying waiting time 1 to agent 7 who has waiting time 6
[Waiting_time_Solve] New path is consistent after applying waiting time for agent 7
[Current_Solution] Agent 7 used 1 waiting timesteps, 5 remaining
[Waiting_time_Solve] Applied 1 waiting time  for agent 7 who has waiting time 5
[Waiting_time_Solve] ALL Waiting time applied
[Waiting_time_Solve] Extended Zone end time from 87 to 88
[Waiting_time_Solve] Iteration 1...
[SAT] Start solving CNF: 1108 clauses and 440 variables
[SAT] Agent 16 entry time: 52 exit time: 87
[SAT] Agent 12 entry time: 61 exit time: 88
[SAT] Agent 8 entry time: 52 exit time: 86
[SAT] Agent 7 entry time: 52 exit time: 88
[SAT] Agent 6 entry time: 52 exit time: 69
[SAT] Agent 5 entry time: 52 exit time: 61
[SAT] Agent 4 entry time: 53 exit time: 88
[SAT] Agent 2 entry time: 52 exit time: 64

[SAT] Start time: 52 End time: 88

[SAT] Solving local zone with SAT iteration 1...
[SAT] Local CNF: 1109 clauses 

DEBUG: Adding 1109 new clauses to MiniSAT (incremental run)
DEBUG: Clause load summary: input=1109, added=1109, tautologies_skipped=0, duplicates_skipped=0, unit_clauses=106, empties=0, intra_clause_literals_removed=0, added_but_db_unchanged=112
DEBUG: After adding clauses, solver has 891 clauses and 440 variables
DEBUG: MiniSAT found 440 variables
DEBUG: Assignment size: 440
DEBUG: First few assignment values: 1 1 1 1 1 1 1 1 1 1 

=== DEBUG: cnf_assignment_to_paths ===
Input assignment size: 440

=== END DEBUG ===
[SAT] Found 1 vertex collisions and 1 edge collisions
[SAT] Adding collision clauses and solving again...
[SAT] Solving local zone with SAT iteration 2...
[SAT] Local CNF: 1111 clauses 

DEBUG: Adding 2 new clauses to MiniSAT (incremental run)
[SAT] Local problem appears to be unsatisfiable in current zone
[Waiting_time_Solve] No solution found, trying to apply waiting time:2
[Waiting_time_Solve] Applying waiting time 2 to agent 7 who has waiting time 5
[Waiting_time_Solve] New path is consistent after applying waiting time for agent 7
[Current_Solution] Agent 7 used 2 waiting timesteps, 3 remaining
[Waiting_time_Solve] Applied 2 waiting time  for agent 7 who has waiting time 3
[Waiting_time_Solve] ALL Waiting time applied
[Waiting_time_Solve] Extended Zone end time from 88 to 90
[Waiting_time_Solve] Iteration 2...
[SAT] Start solving CNF: 3112 clauses and 686 variables
[SAT] Agent 16 entry time: 52 exit time: 87
[SAT] Agent 12 entry time: 61 exit time: 90
[SAT] Agent 8 entry time: 52 exit time: 86
[SAT] Agent 7 entry time: 52 exit time: 90
[SAT] Agent 6 entry time: 52 exit time: 69
[SAT] Agent 5 entry time: 52 exit time: 61
[SAT] Agent 4 entry time: 53 exit time: 89
[SAT] Agent 2 entry time: 52 exit time: 64

[SAT] Start time: 52 End time: 90

[SAT] Solving local zone with SAT iteration 1...
[SAT] Local CNF: 3115 clauses 

DEBUG: Adding 3115 new clauses to MiniSAT (incremental run)
DEBUG: Clause load summary: input=3115, added=3115, tautologies_skipped=0, duplicates_skipped=0, unit_clauses=108, empties=0, intra_clause_literals_removed=0, added_but_db_unchanged=117
DEBUG: After adding clauses, solver has 2890 clauses and 686 variables
DEBUG: MiniSAT found 686 variables
DEBUG: Assignment size: 686
DEBUG: First few assignment values: 1 1 1 1 1 1 1 1 1 1 

=== DEBUG: cnf_assignment_to_paths ===
Input assignment size: 686

=== END DEBUG ===
[SAT] Found 1 vertex collisions and 1 edge collisions
[SAT] Adding collision clauses and solving again...
[SAT] Solving local zone with SAT iteration 2...
[SAT] Local CNF: 3117 clauses 

DEBUG: Adding 2 new clauses to MiniSAT (incremental run)
DEBUG: Clause load summary: input=2, added=2, tautologies_skipped=0, duplicates_skipped=0, unit_clauses=0, empties=0, intra_clause_literals_removed=0, added_but_db_unchanged=2
DEBUG: After adding clauses, solver has 2878 clauses and 686 variables
DEBUG: MiniSAT found 686 variables
DEBUG: Assignment size: 686
DEBUG: First few assignment values: 1 1 1 1 1 1 1 1 1 1 

=== DEBUG: cnf_assignment_to_paths ===
Input assignment size: 686

=== END DEBUG ===
[SAT] Found 2 vertex collisions and 1 edge collisions
[SAT] Adding collision clauses and solving again...
[SAT] Solving local zone with SAT iteration 3...
[SAT] Local CNF: 3120 clauses 

DEBUG: Adding 3 new clauses to MiniSAT (incremental run)
[SAT] Local problem appears to be unsatisfiable in current zone
[Waiting_time_Solve] No solution found, trying to apply waiting time:3
[Waiting_time_Solve] Applying waiting time 3 to agent 4 who has waiting time 5
[Waiting_time_Solve] New path is consistent after applying waiting time for agent 4
[Current_Solution] Agent 4 used 3 waiting timesteps, 2 remaining
[Waiting_time_Solve] Applied 3 waiting time  for agent 4 who has waiting time 2
[Waiting_time_Solve] Applying waiting time 3 to agent 7 who has waiting time 3
[Waiting_time_Solve] New path is consistent after applying waiting time for agent 7
[Current_Solution] Agent 7 used 3 waiting timesteps, 0 remaining
[Waiting_time_Solve] Applied 3 waiting time  for agent 7 who has waiting time 0
[Waiting_time_Solve] ALL Waiting time applied
[Waiting_time_Solve] Extended Zone end time from 90 to 93
[Waiting_time_Solve] Iteration 3...
[SAT] Start solving CNF: 13856 clauses and 1484 variables
[SAT] Agent 16 entry time: 52 exit time: 87
[SAT] Agent 12 entry time: 61 exit time: 93
[SAT] Agent 8 entry time: 52 exit time: 86
[SAT] Agent 7 entry time: 52 exit time: 93
[SAT] Agent 6 entry time: 52 exit time: 69
[SAT] Agent 5 entry time: 52 exit time: 61
[SAT] Agent 4 entry time: 53 exit time: 92
[SAT] Agent 2 entry time: 52 exit time: 64

[SAT] Start time: 52 End time: 93

[SAT] Solving local zone with SAT iteration 1...
[SAT] Local CNF: 13864 clauses 

DEBUG: Adding 13864 new clauses to MiniSAT (incremental run)
DEBUG: Clause load summary: input=13864, added=13864, tautologies_skipped=0, duplicates_skipped=0, unit_clauses=88, empties=0, intra_clause_literals_removed=0, added_but_db_unchanged=102
DEBUG: After adding clauses, solver has 13674 clauses and 1484 variables
DEBUG: MiniSAT found 1484 variables
DEBUG: Assignment size: 1484
DEBUG: First few assignment values: 1 1 1 1 1 1 1 1 1 1 

=== DEBUG: cnf_assignment_to_paths ===
Input assignment size: 1484

=== END DEBUG ===
[SAT] Found 1 vertex collisions and 2 edge collisions
[SAT] Adding collision clauses and solving again...
[SAT] Solving local zone with SAT iteration 2...
[SAT] Local CNF: 13867 clauses 

DEBUG: Adding 3 new clauses to MiniSAT (incremental run)
DEBUG: Clause load summary: input=3, added=3, tautologies_skipped=0, duplicates_skipped=0, unit_clauses=0, empties=0, intra_clause_literals_removed=0, added_but_db_unchanged=2
DEBUG: After adding clauses, solver has 13604 clauses and 1484 variables
DEBUG: MiniSAT found 1484 variables
DEBUG: Assignment size: 1484
DEBUG: First few assignment values: 1 1 1 1 1 1 1 1 1 1 

=== DEBUG: cnf_assignment_to_paths ===
Input assignment size: 1484

=== END DEBUG ===
[SAT] Found 1 vertex collisions and 1 edge collisions
[SAT] Adding collision clauses and solving again...
[SAT] Solving local zone with SAT iteration 3...
[SAT] Local CNF: 13869 clauses 

DEBUG: Adding 2 new clauses to MiniSAT (incremental run)
DEBUG: Clause load summary: input=2, added=2, tautologies_skipped=0, duplicates_skipped=0, unit_clauses=0, empties=0, intra_clause_literals_removed=0, added_but_db_unchanged=2
DEBUG: After adding clauses, solver has 13604 clauses and 1484 variables
DEBUG: MiniSAT found 1484 variables
DEBUG: Assignment size: 1484
DEBUG: First few assignment values: 1 1 1 1 1 1 1 1 1 1 

=== DEBUG: cnf_assignment_to_paths ===
Input assignment size: 1484

=== END DEBUG ===
[SAT] Found 2 vertex collisions and 0 edge collisions
[SAT] Adding collision clauses and solving again...
[SAT] Solving local zone with SAT iteration 4...
[SAT] Local CNF: 13871 clauses 

DEBUG: Adding 2 new clauses to MiniSAT (incremental run)
DEBUG: Clause load summary: input=2, added=2, tautologies_skipped=0, duplicates_skipped=0, unit_clauses=0, empties=0, intra_clause_literals_removed=0, added_but_db_unchanged=1
DEBUG: After adding clauses, solver has 13605 clauses and 1484 variables
DEBUG: MiniSAT found 1484 variables
DEBUG: Assignment size: 1484
DEBUG: First few assignment values: 1 1 1 1 1 1 1 1 1 1 

=== DEBUG: cnf_assignment_to_paths ===
Input assignment size: 1484

=== END DEBUG ===
[SAT] Found 0 vertex collisions and 1 edge collisions
[SAT] Adding collision clauses and solving again...
[SAT] Solving local zone with SAT iteration 5...
[SAT] Local CNF: 13872 clauses 

DEBUG: Adding 1 new clauses to MiniSAT (incremental run)
DEBUG: Clause load summary: input=1, added=1, tautologies_skipped=0, duplicates_skipped=0, unit_clauses=0, empties=0, intra_clause_literals_removed=0, added_but_db_unchanged=0
DEBUG: After adding clauses, solver has 13606 clauses and 1484 variables
DEBUG: MiniSAT found 1484 variables
DEBUG: Assignment size: 1484
DEBUG: First few assignment values: 1 1 1 1 1 1 1 1 1 1 

=== DEBUG: cnf_assignment_to_paths ===
Input assignment size: 1484

=== END DEBUG ===
[SAT] Found 1 vertex collisions and 0 edge collisions
[SAT] Adding collision clauses and solving again...
[SAT] Solving local zone with SAT iteration 6...
[SAT] Local CNF: 13873 clauses 

DEBUG: Adding 1 new clauses to MiniSAT (incremental run)
DEBUG: Clause load summary: input=1, added=1, tautologies_skipped=0, duplicates_skipped=0, unit_clauses=0, empties=0, intra_clause_literals_removed=0, added_but_db_unchanged=0
DEBUG: After adding clauses, solver has 13607 clauses and 1484 variables
DEBUG: MiniSAT found 1484 variables
DEBUG: Assignment size: 1484
DEBUG: First few assignment values: 1 1 1 1 1 1 1 1 1 1 

=== DEBUG: cnf_assignment_to_paths ===
Input assignment size: 1484

=== END DEBUG ===
[SAT] Found 1 vertex collisions and 0 edge collisions
[SAT] Adding collision clauses and solving again...
[SAT] Solving local zone with SAT iteration 7...
[SAT] Local CNF: 13874 clauses 

DEBUG: Adding 1 new clauses to MiniSAT (incremental run)
DEBUG: Clause load summary: input=1, added=1, tautologies_skipped=0, duplicates_skipped=0, unit_clauses=0, empties=0, intra_clause_literals_removed=0, added_but_db_unchanged=0
DEBUG: After adding clauses, solver has 13608 clauses and 1484 variables
[SAT] Local problem appears to be unsatisfiable in current zone
[Waiting_time_Solve] No solution found, trying to apply waiting time:4
[Waiting_time_Solve] INFO: not enough waiting time for agent 4 (needs 4, available: 2)
[Waiting_time_Solve] INFO: not enough waiting time for agent 4 (needs 4, available: 2)
[Waiting_time_Solve] No waiting time applied
[Waiting_time_Solve] No solution found
[Waiting_time_Solve] Restoring original paths
[Waiting_time_Solve] Restoring waiting times
[Current_Solution] Restored waiting times from backup
[Current_Solution] Restored paths from backup
[Solve_local_zone] Zone with expansion factor 15failed
[Solve_local_zone] Expanding zone with offset 18 (original: 2)
[Solve_local_zone] Final expanded zone contains 371 positions with 3 conflicts 
[Solve_local_zone] New time window: [51, 88]
[Solve_local_zone] Current local zone size: 371 (11.479% of all walkable positions)
[Solve_local_zone] Local zone time window: [51, 88]
[Waiting_time_Solve] Agent 0 has waiting time 110
[Waiting_time_Solve] Agent 1 has waiting time 71
[Waiting_time_Solve] Agent 2 has waiting time 59
[Waiting_time_Solve] Agent 3 has waiting time 125
[Waiting_time_Solve] Agent 4 has waiting time 5
[Waiting_time_Solve] Agent 5 has waiting time 55
[Waiting_time_Solve] Agent 6 has waiting time 61
[Waiting_time_Solve] Agent 7 has waiting time 6
[Waiting_time_Solve] Agent 8 has waiting time 0
[Waiting_time_Solve] Agent 9 has waiting time 57
[Waiting_time_Solve] Agent 10 has waiting time 137
[Waiting_time_Solve] Agent 11 has waiting time 134
[Waiting_time_Solve] Agent 12 has waiting time 2
[Waiting_time_Solve] Agent 13 has waiting time 44
[Waiting_time_Solve] Agent 14 has waiting time 129
[Waiting_time_Solve] Agent 15 has waiting time 88
[Waiting_time_Solve] Agent 16 has waiting time 3
[Waiting_time_Solve] Agent 17 has waiting time 128
[Waiting_time_Solve] Agent 18 has waiting time 82
[Waiting_time_Solve] Agent 19 has waiting time 59
[Waiting_time_Solve] Total available waiting time: 1355
[Waiting_time_Solve] Max iterations: 1355
[Waiting_time_Solve] Iteration 0...
[SAT] Start solving CNF: 950 clauses and 416 variables
[SAT] Agent 16 entry time: 51 exit time: 88
[SAT] Agent 12 entry time: 60 exit time: 88
[SAT] Agent 9 entry time: 52 exit time: 52
[SAT] Agent 8 entry time: 51 exit time: 87
[SAT] Agent 7 entry time: 51 exit time: 88
[SAT] Agent 6 entry time: 51 exit time: 70
[SAT] Agent 5 entry time: 51 exit time: 62
[SAT] Agent 4 entry time: 52 exit time: 88
[SAT] Agent 2 entry time: 51 exit time: 65

[SAT] Start time: 51 End time: 88

[SAT] Solving local zone with SAT iteration 1...
[SAT] Local CNF: 950 clauses 

DEBUG: Adding 950 new clauses to MiniSAT (incremental run)
DEBUG: Clause load summary: input=950, added=950, tautologies_skipped=0, duplicates_skipped=0, unit_clauses=132, empties=0, intra_clause_literals_removed=0, added_but_db_unchanged=138
DEBUG: After adding clauses, solver has 680 clauses and 416 variables
DEBUG: MiniSAT found 416 variables
DEBUG: Assignment size: 416
DEBUG: First few assignment values: 1 1 1 1 1 1 1 1 1 1 

=== DEBUG: cnf_assignment_to_paths ===
Input assignment size: 416

=== END DEBUG ===
[SAT] Found 1 vertex collisions and 0 edge collisions
[SAT] Adding collision clauses and solving again...
[SAT] Solving local zone with SAT iteration 2...
[SAT] Local CNF: 951 clauses 

DEBUG: Adding 1 new clauses to MiniSAT (incremental run)
[SAT] Local problem appears to be unsatisfiable in current zone
[Waiting_time_Solve] No solution found, trying to apply waiting time:1
[Waiting_time_Solve] Applying waiting time 1 to agent 7 who has waiting time 6
[Waiting_time_Solve] New path is consistent after applying waiting time for agent 7
[Current_Solution] Agent 7 used 1 waiting timesteps, 5 remaining
[Waiting_time_Solve] Applied 1 waiting time  for agent 7 who has waiting time 5
[Waiting_time_Solve] ALL Waiting time applied
[Waiting_time_Solve] Extended Zone end time from 88 to 89
[Waiting_time_Solve] Iteration 1...
[SAT] Start solving CNF: 1273 clauses and 492 variables
[SAT] Agent 16 entry time: 51 exit time: 88
[SAT] Agent 12 entry time: 60 exit time: 89
[SAT] Agent 9 entry time: 52 exit time: 52
[SAT] Agent 8 entry time: 51 exit time: 87
[SAT] Agent 7 entry time: 51 exit time: 89
[SAT] Agent 6 entry time: 51 exit time: 70
[SAT] Agent 5 entry time: 51 exit time: 62
[SAT] Agent 4 entry time: 52 exit time: 89
[SAT] Agent 2 entry time: 51 exit time: 65

[SAT] Start time: 51 End time: 89

[SAT] Solving local zone with SAT iteration 1...
[SAT] Local CNF: 1274 clauses 

DEBUG: Adding 1274 new clauses to MiniSAT (incremental run)
DEBUG: Clause load summary: input=1274, added=1274, tautologies_skipped=0, duplicates_skipped=0, unit_clauses=112, empties=0, intra_clause_literals_removed=0, added_but_db_unchanged=118
DEBUG: After adding clauses, solver has 1044 clauses and 492 variables
DEBUG: MiniSAT found 492 variables
DEBUG: Assignment size: 492
DEBUG: First few assignment values: 1 1 1 1 1 1 1 1 1 1 

=== DEBUG: cnf_assignment_to_paths ===
Input assignment size: 492

=== END DEBUG ===
[SAT] Found 1 vertex collisions and 1 edge collisions
[SAT] Adding collision clauses and solving again...
[SAT] Solving local zone with SAT iteration 2...
[SAT] Local CNF: 1276 clauses 

DEBUG: Adding 2 new clauses to MiniSAT (incremental run)
[SAT] Local problem appears to be unsatisfiable in current zone
[Waiting_time_Solve] No solution found, trying to apply waiting time:2
[Waiting_time_Solve] Applying waiting time 2 to agent 7 who has waiting time 5
[Waiting_time_Solve] New path is consistent after applying waiting time for agent 7
[Current_Solution] Agent 7 used 2 waiting timesteps, 3 remaining
[Waiting_time_Solve] Applied 2 waiting time  for agent 7 who has waiting time 3
[Waiting_time_Solve] ALL Waiting time applied
[Waiting_time_Solve] Extended Zone end time from 89 to 91
[Waiting_time_Solve] Iteration 2...
[SAT] Start solving CNF: 3554 clauses and 758 variables
[SAT] Agent 16 entry time: 51 exit time: 88
[SAT] Agent 12 entry time: 60 exit time: 91
[SAT] Agent 9 entry time: 52 exit time: 52
[SAT] Agent 8 entry time: 51 exit time: 87
[SAT] Agent 7 entry time: 51 exit time: 91
[SAT] Agent 6 entry time: 51 exit time: 70
[SAT] Agent 5 entry time: 51 exit time: 62
[SAT] Agent 4 entry time: 52 exit time: 90
[SAT] Agent 2 entry time: 51 exit time: 65

[SAT] Start time: 51 End time: 91

[SAT] Solving local zone with SAT iteration 1...
[SAT] Local CNF: 3557 clauses 

DEBUG: Adding 3557 new clauses to MiniSAT (incremental run)
DEBUG: Clause load summary: input=3557, added=3557, tautologies_skipped=0, duplicates_skipped=0, unit_clauses=114, empties=0, intra_clause_literals_removed=0, added_but_db_unchanged=125
DEBUG: After adding clauses, solver has 3318 clauses and 758 variables
DEBUG: MiniSAT found 758 variables
DEBUG: Assignment size: 758
DEBUG: First few assignment values: 1 1 1 1 1 1 1 1 1 1 

=== DEBUG: cnf_assignment_to_paths ===
Input assignment size: 758

=== END DEBUG ===
[SAT] Found 1 vertex collisions and 1 edge collisions
[SAT] Adding collision clauses and solving again...
[SAT] Solving local zone with SAT iteration 2...
[SAT] Local CNF: 3559 clauses 

DEBUG: Adding 2 new clauses to MiniSAT (incremental run)
DEBUG: Clause load summary: input=2, added=2, tautologies_skipped=0, duplicates_skipped=0, unit_clauses=0, empties=0, intra_clause_literals_removed=0, added_but_db_unchanged=2
DEBUG: After adding clauses, solver has 3306 clauses and 758 variables
DEBUG: MiniSAT found 758 variables
DEBUG: Assignment size: 758
DEBUG: First few assignment values: 1 1 1 1 1 1 1 1 1 1 

=== DEBUG: cnf_assignment_to_paths ===
Input assignment size: 758

=== END DEBUG ===
[SAT] Found 2 vertex collisions and 1 edge collisions
[SAT] Adding collision clauses and solving again...
[SAT] Solving local zone with SAT iteration 3...
[SAT] Local CNF: 3562 clauses 

DEBUG: Adding 3 new clauses to MiniSAT (incremental run)
[SAT] Local problem appears to be unsatisfiable in current zone
[Waiting_time_Solve] No solution found, trying to apply waiting time:3
[Waiting_time_Solve] Applying waiting time 3 to agent 4 who has waiting time 5
[Waiting_time_Solve] New path is consistent after applying waiting time for agent 4
[Current_Solution] Agent 4 used 3 waiting timesteps, 2 remaining
[Waiting_time_Solve] Applied 3 waiting time  for agent 4 who has waiting time 2
[Waiting_time_Solve] Applying waiting time 3 to agent 7 who has waiting time 3
[Waiting_time_Solve] New path is consistent after applying waiting time for agent 7
[Current_Solution] Agent 7 used 3 waiting timesteps, 0 remaining
[Waiting_time_Solve] Applied 3 waiting time  for agent 7 who has waiting time 0
[Waiting_time_Solve] ALL Waiting time applied
[Waiting_time_Solve] Extended Zone end time from 91 to 94
[Waiting_time_Solve] Iteration 3...
[SAT] Start solving CNF: 15325 clauses and 1610 variables
[SAT] Agent 16 entry time: 51 exit time: 88
[SAT] Agent 12 entry time: 60 exit time: 94
[SAT] Agent 9 entry time: 52 exit time: 52
[SAT] Agent 8 entry time: 51 exit time: 87
[SAT] Agent 7 entry time: 51 exit time: 94
[SAT] Agent 6 entry time: 51 exit time: 70
[SAT] Agent 5 entry time: 51 exit time: 62
[SAT] Agent 4 entry time: 52 exit time: 93
[SAT] Agent 2 entry time: 51 exit time: 65

[SAT] Start time: 51 End time: 94

[SAT] Solving local zone with SAT iteration 1...
[SAT] Local CNF: 15333 clauses 

DEBUG: Adding 15333 new clauses to MiniSAT (incremental run)
DEBUG: Clause load summary: input=15333, added=15333, tautologies_skipped=0, duplicates_skipped=0, unit_clauses=92, empties=0, intra_clause_literals_removed=0, added_but_db_unchanged=108
DEBUG: After adding clauses, solver has 15133 clauses and 1610 variables
DEBUG: MiniSAT found 1610 variables
DEBUG: Assignment size: 1610
DEBUG: First few assignment values: 1 1 1 1 1 1 1 1 1 1 

=== DEBUG: cnf_assignment_to_paths ===
Input assignment size: 1610

=== END DEBUG ===
[SAT] Found 1 vertex collisions and 2 edge collisions
[SAT] Adding collision clauses and solving again...
[SAT] Solving local zone with SAT iteration 2...
[SAT] Local CNF: 15336 clauses 

DEBUG: Adding 3 new clauses to MiniSAT (incremental run)
DEBUG: Clause load summary: input=3, added=3, tautologies_skipped=0, duplicates_skipped=0, unit_clauses=0, empties=0, intra_clause_literals_removed=0, added_but_db_unchanged=2
DEBUG: After adding clauses, solver has 15063 clauses and 1610 variables
DEBUG: MiniSAT found 1610 variables
DEBUG: Assignment size: 1610
DEBUG: First few assignment values: 1 1 1 1 1 1 1 1 1 1 

=== DEBUG: cnf_assignment_to_paths ===
Input assignment size: 1610

=== END DEBUG ===
[SAT] Found 1 vertex collisions and 1 edge collisions
[SAT] Adding collision clauses and solving again...
[SAT] Solving local zone with SAT iteration 3...
[SAT] Local CNF: 15338 clauses 

DEBUG: Adding 2 new clauses to MiniSAT (incremental run)
DEBUG: Clause load summary: input=2, added=2, tautologies_skipped=0, duplicates_skipped=0, unit_clauses=0, empties=0, intra_clause_literals_removed=0, added_but_db_unchanged=2
DEBUG: After adding clauses, solver has 15063 clauses and 1610 variables
DEBUG: MiniSAT found 1610 variables
DEBUG: Assignment size: 1610
DEBUG: First few assignment values: 1 1 1 1 1 1 1 1 1 1 

=== DEBUG: cnf_assignment_to_paths ===
Input assignment size: 1610

=== END DEBUG ===
[SAT] Found 2 vertex collisions and 1 edge collisions
[SAT] Adding collision clauses and solving again...
[SAT] Solving local zone with SAT iteration 4...
[SAT] Local CNF: 15341 clauses 

DEBUG: Adding 3 new clauses to MiniSAT (incremental run)
DEBUG: Clause load summary: input=3, added=3, tautologies_skipped=0, duplicates_skipped=0, unit_clauses=0, empties=0, intra_clause_literals_removed=0, added_but_db_unchanged=2
DEBUG: After adding clauses, solver has 15064 clauses and 1610 variables
DEBUG: MiniSAT found 1610 variables
DEBUG: Assignment size: 1610
DEBUG: First few assignment values: 1 1 1 1 1 1 1 1 1 1 

=== DEBUG: cnf_assignment_to_paths ===
Input assignment size: 1610

=== END DEBUG ===
[SAT] Found 0 vertex collisions and 1 edge collisions
[SAT] Adding collision clauses and solving again...
[SAT] Solving local zone with SAT iteration 5...
[SAT] Local CNF: 15342 clauses 

DEBUG: Adding 1 new clauses to MiniSAT (incremental run)
DEBUG: Clause load summary: input=1, added=1, tautologies_skipped=0, duplicates_skipped=0, unit_clauses=0, empties=0, intra_clause_literals_removed=0, added_but_db_unchanged=0
DEBUG: After adding clauses, solver has 15065 clauses and 1610 variables
DEBUG: MiniSAT found 1610 variables
DEBUG: Assignment size: 1610
DEBUG: First few assignment values: 1 1 1 1 1 1 1 1 1 1 

=== DEBUG: cnf_assignment_to_paths ===
Input assignment size: 1610

=== END DEBUG ===
[SAT] Found 1 vertex collisions and 0 edge collisions
[SAT] Adding collision clauses and solving again...
[SAT] Solving local zone with SAT iteration 6...
[SAT] Local CNF: 15343 clauses 

DEBUG: Adding 1 new clauses to MiniSAT (incremental run)
DEBUG: Clause load summary: input=1, added=1, tautologies_skipped=0, duplicates_skipped=0, unit_clauses=0, empties=0, intra_clause_literals_removed=0, added_but_db_unchanged=0
DEBUG: After adding clauses, solver has 15066 clauses and 1610 variables
DEBUG: MiniSAT found 1610 variables
DEBUG: Assignment size: 1610
DEBUG: First few assignment values: 1 1 1 1 1 1 1 1 1 1 

=== DEBUG: cnf_assignment_to_paths ===
Input assignment size: 1610

=== END DEBUG ===
[SAT] Found 1 vertex collisions and 0 edge collisions
[SAT] Adding collision clauses and solving again...
[SAT] Solving local zone with SAT iteration 7...
[SAT] Local CNF: 15344 clauses 

DEBUG: Adding 1 new clauses to MiniSAT (incremental run)
DEBUG: Clause load summary: input=1, added=1, tautologies_skipped=0, duplicates_skipped=0, unit_clauses=0, empties=0, intra_clause_literals_removed=0, added_but_db_unchanged=0
DEBUG: After adding clauses, solver has 15067 clauses and 1610 variables
[SAT] Local problem appears to be unsatisfiable in current zone
[Waiting_time_Solve] No solution found, trying to apply waiting time:4
[Waiting_time_Solve] INFO: not enough waiting time for agent 4 (needs 4, available: 2)
[Waiting_time_Solve] INFO: not enough waiting time for agent 4 (needs 4, available: 2)
[Waiting_time_Solve] No waiting time applied
[Waiting_time_Solve] No solution found
[Waiting_time_Solve] Restoring original paths
[Waiting_time_Solve] Restoring waiting times
[Current_Solution] Restored waiting times from backup
[Current_Solution] Restored paths from backup
[Solve_local_zone] Zone with expansion factor 16failed
[Solve_local_zone] Expanding zone with offset 19 (original: 2)
[Solve_local_zone] Final expanded zone contains 416 positions with 3 conflicts 
[Solve_local_zone] New time window: [50, 89]
[Solve_local_zone] Current local zone size: 416 (12.8713% of all walkable positions)
[Solve_local_zone] Local zone time window: [50, 89]
[Waiting_time_Solve] Agent 0 has waiting time 110
[Waiting_time_Solve] Agent 1 has waiting time 71
[Waiting_time_Solve] Agent 2 has waiting time 59
[Waiting_time_Solve] Agent 3 has waiting time 125
[Waiting_time_Solve] Agent 4 has waiting time 5
[Waiting_time_Solve] Agent 5 has waiting time 55
[Waiting_time_Solve] Agent 6 has waiting time 61
[Waiting_time_Solve] Agent 7 has waiting time 6
[Waiting_time_Solve] Agent 8 has waiting time 0
[Waiting_time_Solve] Agent 9 has waiting time 57
[Waiting_time_Solve] Agent 10 has waiting time 137
[Waiting_time_Solve] Agent 11 has waiting time 134
[Waiting_time_Solve] Agent 12 has waiting time 2
[Waiting_time_Solve] Agent 13 has waiting time 44
[Waiting_time_Solve] Agent 14 has waiting time 129
[Waiting_time_Solve] Agent 15 has waiting time 88
[Waiting_time_Solve] Agent 16 has waiting time 3
[Waiting_time_Solve] Agent 17 has waiting time 128
[Waiting_time_Solve] Agent 18 has waiting time 82
[Waiting_time_Solve] Agent 19 has waiting time 59
[Waiting_time_Solve] Total available waiting time: 1355
[Waiting_time_Solve] Max iterations: 1355
[Waiting_time_Solve] Iteration 0...
[SAT] Start solving CNF: 1070 clauses and 459 variables
[SAT] Agent 16 entry time: 50 exit time: 89
[SAT] Agent 12 entry time: 59 exit time: 89
[SAT] Agent 9 entry time: 51 exit time: 53
[SAT] Agent 8 entry time: 50 exit time: 88
[SAT] Agent 7 entry time: 50 exit time: 89
[SAT] Agent 6 entry time: 50 exit time: 71
[SAT] Agent 5 entry time: 50 exit time: 63
[SAT] Agent 4 entry time: 51 exit time: 89
[SAT] Agent 2 entry time: 50 exit time: 66

[SAT] Start time: 50 End time: 89

[SAT] Solving local zone with SAT iteration 1...
[SAT] Local CNF: 1070 clauses 

DEBUG: Adding 1070 new clauses to MiniSAT (incremental run)
DEBUG: Clause load summary: input=1070, added=1070, tautologies_skipped=0, duplicates_skipped=0, unit_clauses=142, empties=0, intra_clause_literals_removed=0, added_but_db_unchanged=148
DEBUG: After adding clauses, solver has 780 clauses and 459 variables
DEBUG: MiniSAT found 459 variables
DEBUG: Assignment size: 459
DEBUG: First few assignment values: 1 1 1 1 1 1 1 1 1 1 

=== DEBUG: cnf_assignment_to_paths ===
Input assignment size: 459

=== END DEBUG ===
[SAT] Found 1 vertex collisions and 0 edge collisions
[SAT] Adding collision clauses and solving again...
[SAT] Solving local zone with SAT iteration 2...
[SAT] Local CNF: 1071 clauses 

DEBUG: Adding 1 new clauses to MiniSAT (incremental run)
[SAT] Local problem appears to be unsatisfiable in current zone
[Waiting_time_Solve] No solution found, trying to apply waiting time:1
[Waiting_time_Solve] Applying waiting time 1 to agent 7 who has waiting time 6
[Waiting_time_Solve] New path is consistent after applying waiting time for agent 7
[Current_Solution] Agent 7 used 1 waiting timesteps, 5 remaining
[Waiting_time_Solve] Applied 1 waiting time  for agent 7 who has waiting time 5
[Waiting_time_Solve] ALL Waiting time applied
[Waiting_time_Solve] Extended Zone end time from 89 to 90
[Waiting_time_Solve] Iteration 1...
[SAT] Start solving CNF: 1448 clauses and 542 variables
[SAT] Agent 16 entry time: 50 exit time: 89
[SAT] Agent 12 entry time: 59 exit time: 90
[SAT] Agent 9 entry time: 51 exit time: 53
[SAT] Agent 8 entry time: 50 exit time: 88
[SAT] Agent 7 entry time: 50 exit time: 90
[SAT] Agent 6 entry time: 50 exit time: 71
[SAT] Agent 5 entry time: 50 exit time: 63
[SAT] Agent 4 entry time: 51 exit time: 90
[SAT] Agent 2 entry time: 50 exit time: 66

[SAT] Start time: 50 End time: 90

[SAT] Solving local zone with SAT iteration 1...
[SAT] Local CNF: 1449 clauses 

DEBUG: Adding 1449 new clauses to MiniSAT (incremental run)
DEBUG: Clause load summary: input=1449, added=1449, tautologies_skipped=0, duplicates_skipped=0, unit_clauses=121, empties=0, intra_clause_literals_removed=0, added_but_db_unchanged=127
DEBUG: After adding clauses, solver has 1201 clauses and 542 variables
DEBUG: MiniSAT found 542 variables
DEBUG: Assignment size: 542
DEBUG: First few assignment values: 1 1 1 1 1 1 1 1 1 1 

=== DEBUG: cnf_assignment_to_paths ===
Input assignment size: 542

=== END DEBUG ===
[SAT] Found 1 vertex collisions and 1 edge collisions
[SAT] Adding collision clauses and solving again...
[SAT] Solving local zone with SAT iteration 2...
[SAT] Local CNF: 1451 clauses 

DEBUG: Adding 2 new clauses to MiniSAT (incremental run)
[SAT] Local problem appears to be unsatisfiable in current zone
[Waiting_time_Solve] No solution found, trying to apply waiting time:2
[Waiting_time_Solve] Applying waiting time 2 to agent 7 who has waiting time 5
[Waiting_time_Solve] New path is consistent after applying waiting time for agent 7
[Current_Solution] Agent 7 used 2 waiting timesteps, 3 remaining
[Waiting_time_Solve] Applied 2 waiting time  for agent 7 who has waiting time 3
[Waiting_time_Solve] ALL Waiting time applied
[Waiting_time_Solve] Extended Zone end time from 90 to 92
[Waiting_time_Solve] Iteration 2...
[SAT] Start solving CNF: 4040 clauses and 831 variables
[SAT] Agent 16 entry time: 50 exit time: 89
[SAT] Agent 12 entry time: 59 exit time: 92
[SAT] Agent 9 entry time: 51 exit time: 53
[SAT] Agent 8 entry time: 50 exit time: 88
[SAT] Agent 7 entry time: 50 exit time: 92
[SAT] Agent 6 entry time: 50 exit time: 71
[SAT] Agent 5 entry time: 50 exit time: 63
[SAT] Agent 4 entry time: 51 exit time: 91
[SAT] Agent 2 entry time: 50 exit time: 66

[SAT] Start time: 50 End time: 92

[SAT] Solving local zone with SAT iteration 1...
[SAT] Local CNF: 4043 clauses 

DEBUG: Adding 4043 new clauses to MiniSAT (incremental run)
DEBUG: Clause load summary: input=4043, added=4043, tautologies_skipped=0, duplicates_skipped=0, unit_clauses=122, empties=0, intra_clause_literals_removed=0, added_but_db_unchanged=134
DEBUG: After adding clauses, solver has 3787 clauses and 831 variables
DEBUG: MiniSAT found 831 variables
DEBUG: Assignment size: 831
DEBUG: First few assignment values: 1 1 1 1 1 1 1 1 1 1 

=== DEBUG: cnf_assignment_to_paths ===
Input assignment size: 831

=== END DEBUG ===
[SAT] Found 1 vertex collisions and 1 edge collisions
[SAT] Adding collision clauses and solving again...
[SAT] Solving local zone with SAT iteration 2...
[SAT] Local CNF: 4045 clauses 

DEBUG: Adding 2 new clauses to MiniSAT (incremental run)
DEBUG: Clause load summary: input=2, added=2, tautologies_skipped=0, duplicates_skipped=0, unit_clauses=0, empties=0, intra_clause_literals_removed=0, added_but_db_unchanged=2
DEBUG: After adding clauses, solver has 3775 clauses and 831 variables
DEBUG: MiniSAT found 831 variables
DEBUG: Assignment size: 831
DEBUG: First few assignment values: 1 1 1 1 1 1 1 1 1 1 

=== DEBUG: cnf_assignment_to_paths ===
Input assignment size: 831

=== END DEBUG ===
[SAT] Found 3 vertex collisions and 1 edge collisions
[SAT] Adding collision clauses and solving again...
[SAT] Solving local zone with SAT iteration 3...
[SAT] Local CNF: 4049 clauses 

DEBUG: Adding 4 new clauses to MiniSAT (incremental run)
[SAT] Local problem appears to be unsatisfiable in current zone
[Waiting_time_Solve] No solution found, trying to apply waiting time:3
[Waiting_time_Solve] Applying waiting time 3 to agent 4 who has waiting time 5
[Waiting_time_Solve] New path is consistent after applying waiting time for agent 4
[Current_Solution] Agent 4 used 3 waiting timesteps, 2 remaining
[Waiting_time_Solve] Applied 3 waiting time  for agent 4 who has waiting time 2
[Waiting_time_Solve] Applying waiting time 3 to agent 7 who has waiting time 3
[Waiting_time_Solve] New path is consistent after applying waiting time for agent 7
[Current_Solution] Agent 7 used 3 waiting timesteps, 0 remaining
[Waiting_time_Solve] Applied 3 waiting time  for agent 7 who has waiting time 0
[Waiting_time_Solve] ALL Waiting time applied
[Waiting_time_Solve] Extended Zone end time from 92 to 95
[Waiting_time_Solve] Iteration 3...
[SAT] Start solving CNF: 16678 clauses and 1735 variables
[SAT] Agent 16 entry time: 50 exit time: 89
[SAT] Agent 12 entry time: 59 exit time: 95
[SAT] Agent 9 entry time: 51 exit time: 53
[SAT] Agent 8 entry time: 50 exit time: 88
[SAT] Agent 7 entry time: 50 exit time: 95
[SAT] Agent 6 entry time: 50 exit time: 71
[SAT] Agent 5 entry time: 50 exit time: 63
[SAT] Agent 4 entry time: 51 exit time: 94
[SAT] Agent 2 entry time: 50 exit time: 66

[SAT] Start time: 50 End time: 95

[SAT] Solving local zone with SAT iteration 1...
[SAT] Local CNF: 16687 clauses 

DEBUG: Adding 16687 new clauses to MiniSAT (incremental run)
DEBUG: Clause load summary: input=16687, added=16687, tautologies_skipped=0, duplicates_skipped=0, unit_clauses=99, empties=0, intra_clause_literals_removed=0, added_but_db_unchanged=115
DEBUG: After adding clauses, solver has 16473 clauses and 1735 variables
DEBUG: MiniSAT found 1735 variables
DEBUG: Assignment size: 1735
DEBUG: First few assignment values: 1 1 1 1 1 1 1 1 1 1 

=== DEBUG: cnf_assignment_to_paths ===
Input assignment size: 1735

=== END DEBUG ===
[SAT] Found 1 vertex collisions and 2 edge collisions
[SAT] Adding collision clauses and solving again...
[SAT] Solving local zone with SAT iteration 2...
[SAT] Local CNF: 16690 clauses 

DEBUG: Adding 3 new clauses to MiniSAT (incremental run)
DEBUG: Clause load summary: input=3, added=3, tautologies_skipped=0, duplicates_skipped=0, unit_clauses=0, empties=0, intra_clause_literals_removed=0, added_but_db_unchanged=2
DEBUG: After adding clauses, solver has 16403 clauses and 1735 variables
DEBUG: MiniSAT found 1735 variables
DEBUG: Assignment size: 1735
DEBUG: First few assignment values: 1 1 1 1 1 1 1 1 1 1 

=== DEBUG: cnf_assignment_to_paths ===
Input assignment size: 1735

=== END DEBUG ===
[SAT] Found 1 vertex collisions and 1 edge collisions
[SAT] Adding collision clauses and solving again...
[SAT] Solving local zone with SAT iteration 3...
[SAT] Local CNF: 16692 clauses 

DEBUG: Adding 2 new clauses to MiniSAT (incremental run)
DEBUG: Clause load summary: input=2, added=2, tautologies_skipped=0, duplicates_skipped=0, unit_clauses=0, empties=0, intra_clause_literals_removed=0, added_but_db_unchanged=2
DEBUG: After adding clauses, solver has 16403 clauses and 1735 variables
DEBUG: MiniSAT found 1735 variables
DEBUG: Assignment size: 1735
DEBUG: First few assignment values: 1 1 1 1 1 1 1 1 1 1 

=== DEBUG: cnf_assignment_to_paths ===
Input assignment size: 1735

=== END DEBUG ===
[SAT] Found 2 vertex collisions and 1 edge collisions
[SAT] Adding collision clauses and solving again...
[SAT] Solving local zone with SAT iteration 4...
[SAT] Local CNF: 16695 clauses 

DEBUG: Adding 3 new clauses to MiniSAT (incremental run)
DEBUG: Clause load summary: input=3, added=3, tautologies_skipped=0, duplicates_skipped=0, unit_clauses=0, empties=0, intra_clause_literals_removed=0, added_but_db_unchanged=2
DEBUG: After adding clauses, solver has 16404 clauses and 1735 variables
DEBUG: MiniSAT found 1735 variables
DEBUG: Assignment size: 1735
DEBUG: First few assignment values: 1 1 1 1 1 1 1 1 1 1 

=== DEBUG: cnf_assignment_to_paths ===
Input assignment size: 1735

=== END DEBUG ===
[SAT] Found 0 vertex collisions and 1 edge collisions
[SAT] Adding collision clauses and solving again...
[SAT] Solving local zone with SAT iteration 5...
[SAT] Local CNF: 16696 clauses 

DEBUG: Adding 1 new clauses to MiniSAT (incremental run)
DEBUG: Clause load summary: input=1, added=1, tautologies_skipped=0, duplicates_skipped=0, unit_clauses=0, empties=0, intra_clause_literals_removed=0, added_but_db_unchanged=0
DEBUG: After adding clauses, solver has 16405 clauses and 1735 variables
DEBUG: MiniSAT found 1735 variables
DEBUG: Assignment size: 1735
DEBUG: First few assignment values: 1 1 1 1 1 1 1 1 1 1 

=== DEBUG: cnf_assignment_to_paths ===
Input assignment size: 1735

=== END DEBUG ===
[SAT] Found 1 vertex collisions and 0 edge collisions
[SAT] Adding collision clauses and solving again...
[SAT] Solving local zone with SAT iteration 6...
[SAT] Local CNF: 16697 clauses 

DEBUG: Adding 1 new clauses to MiniSAT (incremental run)
DEBUG: Clause load summary: input=1, added=1, tautologies_skipped=0, duplicates_skipped=0, unit_clauses=0, empties=0, intra_clause_literals_removed=0, added_but_db_unchanged=0
DEBUG: After adding clauses, solver has 16406 clauses and 1735 variables
DEBUG: MiniSAT found 1735 variables
DEBUG: Assignment size: 1735
DEBUG: First few assignment values: 1 1 1 1 1 1 1 1 1 1 

=== DEBUG: cnf_assignment_to_paths ===
Input assignment size: 1735

=== END DEBUG ===
[SAT] Found 1 vertex collisions and 0 edge collisions
[SAT] Adding collision clauses and solving again...
[SAT] Solving local zone with SAT iteration 7...
[SAT] Local CNF: 16698 clauses 

DEBUG: Adding 1 new clauses to MiniSAT (incremental run)
[SAT] Local problem appears to be unsatisfiable in current zone
[Waiting_time_Solve] No solution found, trying to apply waiting time:4
[Waiting_time_Solve] INFO: not enough waiting time for agent 4 (needs 4, available: 2)
[Waiting_time_Solve] INFO: not enough waiting time for agent 4 (needs 4, available: 2)
[Waiting_time_Solve] No waiting time applied
[Waiting_time_Solve] No solution found
[Waiting_time_Solve] Restoring original paths
[Waiting_time_Solve] Restoring waiting times
[Current_Solution] Restored waiting times from backup
[Current_Solution] Restored paths from backup
[Solve_local_zone] Zone with expansion factor 17failed
[Solve_local_zone] Expanding zone with offset 20 (original: 2)
[Solve_local_zone] Final expanded zone contains 461 positions with 3 conflicts 
[Solve_local_zone] New time window: [49, 90]
[Solve_local_zone] Current local zone size: 461 (14.2636% of all walkable positions)
[Solve_local_zone] Local zone time window: [49, 90]
[Waiting_time_Solve] Agent 0 has waiting time 110
[Waiting_time_Solve] Agent 1 has waiting time 71
[Waiting_time_Solve] Agent 2 has waiting time 59
[Waiting_time_Solve] Agent 3 has waiting time 125
[Waiting_time_Solve] Agent 4 has waiting time 5
[Waiting_time_Solve] Agent 5 has waiting time 55
[Waiting_time_Solve] Agent 6 has waiting time 61
[Waiting_time_Solve] Agent 7 has waiting time 6
[Waiting_time_Solve] Agent 8 has waiting time 0
[Waiting_time_Solve] Agent 9 has waiting time 57
[Waiting_time_Solve] Agent 10 has waiting time 137
[Waiting_time_Solve] Agent 11 has waiting time 134
[Waiting_time_Solve] Agent 12 has waiting time 2
[Waiting_time_Solve] Agent 13 has waiting time 44
[Waiting_time_Solve] Agent 14 has waiting time 129
[Waiting_time_Solve] Agent 15 has waiting time 88
[Waiting_time_Solve] Agent 16 has waiting time 3
[Waiting_time_Solve] Agent 17 has waiting time 128
[Waiting_time_Solve] Agent 18 has waiting time 82
[Waiting_time_Solve] Agent 19 has waiting time 59
[Waiting_time_Solve] Total available waiting time: 1355
[Waiting_time_Solve] Max iterations: 1355
[Waiting_time_Solve] Iteration 0...
[SAT] Start solving CNF: 1200 clauses and 503 variables
[SAT] Agent 16 entry time: 49 exit time: 90
[SAT] Agent 12 entry time: 58 exit time: 90
[SAT] Agent 9 entry time: 50 exit time: 54
[SAT] Agent 8 entry time: 49 exit time: 89
[SAT] Agent 7 entry time: 49 exit time: 90
[SAT] Agent 6 entry time: 49 exit time: 72
[SAT] Agent 5 entry time: 49 exit time: 64
[SAT] Agent 4 entry time: 50 exit time: 90
[SAT] Agent 2 entry time: 49 exit time: 67

[SAT] Start time: 49 End time: 90

[SAT] Solving local zone with SAT iteration 1...
[SAT] Local CNF: 1200 clauses 

DEBUG: Adding 1200 new clauses to MiniSAT (incremental run)
DEBUG: Clause load summary: input=1200, added=1200, tautologies_skipped=0, duplicates_skipped=0, unit_clauses=153, empties=0, intra_clause_literals_removed=0, added_but_db_unchanged=160
DEBUG: After adding clauses, solver has 887 clauses and 503 variables
DEBUG: MiniSAT found 503 variables
DEBUG: Assignment size: 503
DEBUG: First few assignment values: 1 0 1 1 1 1 1 1 1 1 

=== DEBUG: cnf_assignment_to_paths ===
Input assignment size: 503

=== END DEBUG ===
[SAT] Found 1 vertex collisions and 0 edge collisions
[SAT] Adding collision clauses and solving again...
[SAT] Solving local zone with SAT iteration 2...
[SAT] Local CNF: 1201 clauses 

DEBUG: Adding 1 new clauses to MiniSAT (incremental run)
[SAT] Local problem appears to be unsatisfiable in current zone
[Waiting_time_Solve] No solution found, trying to apply waiting time:1
[Waiting_time_Solve] Applying waiting time 1 to agent 7 who has waiting time 6
[Waiting_time_Solve] New path is consistent after applying waiting time for agent 7
[Current_Solution] Agent 7 used 1 waiting timesteps, 5 remaining
[Waiting_time_Solve] Applied 1 waiting time  for agent 7 who has waiting time 5
[Waiting_time_Solve] ALL Waiting time applied
[Waiting_time_Solve] Extended Zone end time from 90 to 91
[Waiting_time_Solve] Iteration 1...
[SAT] Start solving CNF: 1630 clauses and 594 variables
[SAT] Agent 16 entry time: 49 exit time: 90
[SAT] Agent 12 entry time: 58 exit time: 91
[SAT] Agent 9 entry time: 50 exit time: 54
[SAT] Agent 8 entry time: 49 exit time: 89
[SAT] Agent 7 entry time: 49 exit time: 91
[SAT] Agent 6 entry time: 49 exit time: 72
[SAT] Agent 5 entry time: 49 exit time: 64
[SAT] Agent 4 entry time: 50 exit time: 91
[SAT] Agent 2 entry time: 49 exit time: 67

[SAT] Start time: 49 End time: 91

[SAT] Solving local zone with SAT iteration 1...
[SAT] Local CNF: 1631 clauses 

DEBUG: Adding 1631 new clauses to MiniSAT (incremental run)
DEBUG: Clause load summary: input=1631, added=1631, tautologies_skipped=0, duplicates_skipped=0, unit_clauses=131, empties=0, intra_clause_literals_removed=0, added_but_db_unchanged=138
DEBUG: After adding clauses, solver has 1362 clauses and 594 variables
DEBUG: MiniSAT found 594 variables
DEBUG: Assignment size: 594
DEBUG: First few assignment values: 1 0 1 1 1 1 1 1 1 1 

=== DEBUG: cnf_assignment_to_paths ===
Input assignment size: 594

=== END DEBUG ===
[SAT] Found 1 vertex collisions and 1 edge collisions
[SAT] Adding collision clauses and solving again...
[SAT] Solving local zone with SAT iteration 2...
[SAT] Local CNF: 1633 clauses 

DEBUG: Adding 2 new clauses to MiniSAT (incremental run)
[SAT] Local problem appears to be unsatisfiable in current zone
[Waiting_time_Solve] No solution found, trying to apply waiting time:2
[Waiting_time_Solve] Applying waiting time 2 to agent 7 who has waiting time 5
[Waiting_time_Solve] New path is consistent after applying waiting time for agent 7
[Current_Solution] Agent 7 used 2 waiting timesteps, 3 remaining
[Waiting_time_Solve] Applied 2 waiting time  for agent 7 who has waiting time 3
[Waiting_time_Solve] ALL Waiting time applied
[Waiting_time_Solve] Extended Zone end time from 91 to 93
[Waiting_time_Solve] Iteration 2...
[SAT] Start solving CNF: 4360 clauses and 895 variables
[SAT] Agent 16 entry time: 49 exit time: 90
[SAT] Agent 12 entry time: 58 exit time: 93
[SAT] Agent 9 entry time: 50 exit time: 54
[SAT] Agent 8 entry time: 49 exit time: 89
[SAT] Agent 7 entry time: 49 exit time: 93
[SAT] Agent 6 entry time: 49 exit time: 72
[SAT] Agent 5 entry time: 49 exit time: 64
[SAT] Agent 4 entry time: 50 exit time: 92
[SAT] Agent 2 entry time: 49 exit time: 67

[SAT] Start time: 49 End time: 93

[SAT] Solving local zone with SAT iteration 1...
[SAT] Local CNF: 4363 clauses 

DEBUG: Adding 4363 new clauses to MiniSAT (incremental run)
DEBUG: Clause load summary: input=4363, added=4363, tautologies_skipped=0, duplicates_skipped=0, unit_clauses=131, empties=0, intra_clause_literals_removed=0, added_but_db_unchanged=144
DEBUG: After adding clauses, solver has 4088 clauses and 895 variables
DEBUG: MiniSAT found 895 variables
DEBUG: Assignment size: 895
DEBUG: First few assignment values: 1 0 1 1 1 1 1 1 1 1 

=== DEBUG: cnf_assignment_to_paths ===
Input assignment size: 895

=== END DEBUG ===
[SAT] Found 1 vertex collisions and 1 edge collisions
[SAT] Adding collision clauses and solving again...
[SAT] Solving local zone with SAT iteration 2...
[SAT] Local CNF: 4365 clauses 

DEBUG: Adding 2 new clauses to MiniSAT (incremental run)
DEBUG: Clause load summary: input=2, added=2, tautologies_skipped=0, duplicates_skipped=0, unit_clauses=0, empties=0, intra_clause_literals_removed=0, added_but_db_unchanged=2
DEBUG: After adding clauses, solver has 4076 clauses and 895 variables
DEBUG: MiniSAT found 895 variables
DEBUG: Assignment size: 895
DEBUG: First few assignment values: 1 0 1 1 1 1 1 1 1 1 

=== DEBUG: cnf_assignment_to_paths ===
Input assignment size: 895

=== END DEBUG ===
[SAT] Found 2 vertex collisions and 1 edge collisions
[SAT] Adding collision clauses and solving again...
[SAT] Solving local zone with SAT iteration 3...
[SAT] Local CNF: 4368 clauses 

DEBUG: Adding 3 new clauses to MiniSAT (incremental run)
[SAT] Local problem appears to be unsatisfiable in current zone
[Waiting_time_Solve] No solution found, trying to apply waiting time:3
[Waiting_time_Solve] Applying waiting time 3 to agent 4 who has waiting time 5
[Waiting_time_Solve] New path is consistent after applying waiting time for agent 4
[Current_Solution] Agent 4 used 3 waiting timesteps, 2 remaining
[Waiting_time_Solve] Applied 3 waiting time  for agent 4 who has waiting time 2
[Waiting_time_Solve] Applying waiting time 3 to agent 7 who has waiting time 3
[Waiting_time_Solve] New path is consistent after applying waiting time for agent 7
[Current_Solution] Agent 7 used 3 waiting timesteps, 0 remaining
[Waiting_time_Solve] Applied 3 waiting time  for agent 7 who has waiting time 0
[Waiting_time_Solve] ALL Waiting time applied
[Waiting_time_Solve] Extended Zone end time from 93 to 96
[Waiting_time_Solve] Iteration 3...
[SAT] Start solving CNF: 17578 clauses and 1841 variables
[SAT] Agent 16 entry time: 49 exit time: 90
[SAT] Agent 12 entry time: 58 exit time: 96
[SAT] Agent 9 entry time: 50 exit time: 54
[SAT] Agent 8 entry time: 49 exit time: 89
[SAT] Agent 7 entry time: 49 exit time: 96
[SAT] Agent 6 entry time: 49 exit time: 72
[SAT] Agent 5 entry time: 49 exit time: 64
[SAT] Agent 4 entry time: 50 exit time: 95
[SAT] Agent 2 entry time: 49 exit time: 67

[SAT] Start time: 49 End time: 96

[SAT] Solving local zone with SAT iteration 1...
[SAT] Local CNF: 17586 clauses 

DEBUG: Adding 17586 new clauses to MiniSAT (incremental run)
DEBUG: Clause load summary: input=17586, added=17586, tautologies_skipped=0, duplicates_skipped=0, unit_clauses=107, empties=0, intra_clause_literals_removed=0, added_but_db_unchanged=124
DEBUG: After adding clauses, solver has 17355 clauses and 1841 variables
DEBUG: MiniSAT found 1841 variables
DEBUG: Assignment size: 1841
DEBUG: First few assignment values: 1 0 1 1 1 1 1 1 1 1 

=== DEBUG: cnf_assignment_to_paths ===
Input assignment size: 1841

=== END DEBUG ===
[SAT] Found 1 vertex collisions and 2 edge collisions
[SAT] Adding collision clauses and solving again...
[SAT] Solving local zone with SAT iteration 2...
[SAT] Local CNF: 17589 clauses 

DEBUG: Adding 3 new clauses to MiniSAT (incremental run)
DEBUG: Clause load summary: input=3, added=3, tautologies_skipped=0, duplicates_skipped=0, unit_clauses=0, empties=0, intra_clause_literals_removed=0, added_but_db_unchanged=2
DEBUG: After adding clauses, solver has 17285 clauses and 1841 variables
DEBUG: MiniSAT found 1841 variables
DEBUG: Assignment size: 1841
DEBUG: First few assignment values: 1 0 1 1 1 1 1 1 1 1 

=== DEBUG: cnf_assignment_to_paths ===
Input assignment size: 1841

=== END DEBUG ===
[SAT] Found 1 vertex collisions and 1 edge collisions
[SAT] Adding collision clauses and solving again...
[SAT] Solving local zone with SAT iteration 3...
[SAT] Local CNF: 17591 clauses 

DEBUG: Adding 2 new clauses to MiniSAT (incremental run)
DEBUG: Clause load summary: input=2, added=2, tautologies_skipped=0, duplicates_skipped=0, unit_clauses=0, empties=0, intra_clause_literals_removed=0, added_but_db_unchanged=2
DEBUG: After adding clauses, solver has 17285 clauses and 1841 variables
DEBUG: MiniSAT found 1841 variables
DEBUG: Assignment size: 1841
DEBUG: First few assignment values: 1 0 1 1 1 1 1 1 1 1 

=== DEBUG: cnf_assignment_to_paths ===
Input assignment size: 1841

=== END DEBUG ===
[SAT] Found 2 vertex collisions and 0 edge collisions
[SAT] Adding collision clauses and solving again...
[SAT] Solving local zone with SAT iteration 4...
[SAT] Local CNF: 17593 clauses 

DEBUG: Adding 2 new clauses to MiniSAT (incremental run)
DEBUG: Clause load summary: input=2, added=2, tautologies_skipped=0, duplicates_skipped=0, unit_clauses=0, empties=0, intra_clause_literals_removed=0, added_but_db_unchanged=1
DEBUG: After adding clauses, solver has 17286 clauses and 1841 variables
DEBUG: MiniSAT found 1841 variables
DEBUG: Assignment size: 1841
DEBUG: First few assignment values: 1 0 1 1 1 1 1 1 1 1 

=== DEBUG: cnf_assignment_to_paths ===
Input assignment size: 1841

=== END DEBUG ===
[SAT] Found 0 vertex collisions and 1 edge collisions
[SAT] Adding collision clauses and solving again...
[SAT] Solving local zone with SAT iteration 5...
[SAT] Local CNF: 17594 clauses 

DEBUG: Adding 1 new clauses to MiniSAT (incremental run)
DEBUG: Clause load summary: input=1, added=1, tautologies_skipped=0, duplicates_skipped=0, unit_clauses=0, empties=0, intra_clause_literals_removed=0, added_but_db_unchanged=0
DEBUG: After adding clauses, solver has 17287 clauses and 1841 variables
DEBUG: MiniSAT found 1841 variables
DEBUG: Assignment size: 1841
DEBUG: First few assignment values: 1 0 1 1 1 1 1 1 1 1 

=== DEBUG: cnf_assignment_to_paths ===
Input assignment size: 1841

=== END DEBUG ===
[SAT] Found 1 vertex collisions and 0 edge collisions
[SAT] Adding collision clauses and solving again...
[SAT] Solving local zone with SAT iteration 6...
[SAT] Local CNF: 17595 clauses 

DEBUG: Adding 1 new clauses to MiniSAT (incremental run)
DEBUG: Clause load summary: input=1, added=1, tautologies_skipped=0, duplicates_skipped=0, unit_clauses=0, empties=0, intra_clause_literals_removed=0, added_but_db_unchanged=0
DEBUG: After adding clauses, solver has 17288 clauses and 1841 variables
DEBUG: MiniSAT found 1841 variables
DEBUG: Assignment size: 1841
DEBUG: First few assignment values: 1 0 1 1 1 1 1 1 1 1 

=== DEBUG: cnf_assignment_to_paths ===
Input assignment size: 1841

=== END DEBUG ===
[SAT] Found 1 vertex collisions and 0 edge collisions
[SAT] Adding collision clauses and solving again...
[SAT] Solving local zone with SAT iteration 7...
[SAT] Local CNF: 17596 clauses 

DEBUG: Adding 1 new clauses to MiniSAT (incremental run)
[SAT] Local problem appears to be unsatisfiable in current zone
[Waiting_time_Solve] No solution found, trying to apply waiting time:4
[Waiting_time_Solve] INFO: not enough waiting time for agent 4 (needs 4, available: 2)
[Waiting_time_Solve] INFO: not enough waiting time for agent 4 (needs 4, available: 2)
[Waiting_time_Solve] No waiting time applied
[Waiting_time_Solve] No solution found
[Waiting_time_Solve] Restoring original paths
[Waiting_time_Solve] Restoring waiting times
[Current_Solution] Restored waiting times from backup
[Current_Solution] Restored paths from backup
[Solve_local_zone] Zone with expansion factor 18failed
[Solve_local_zone] Expanding zone with offset 21 (original: 2)
[Solve_local_zone] Final expanded zone contains 502 positions with 3 conflicts 
[Solve_local_zone] New time window: [48, 91]
[Solve_local_zone] Current local zone size: 502 (15.5322% of all walkable positions)
[Solve_local_zone] Local zone time window: [48, 91]
[Waiting_time_Solve] Agent 0 has waiting time 110
[Waiting_time_Solve] Agent 1 has waiting time 71
[Waiting_time_Solve] Agent 2 has waiting time 59
[Waiting_time_Solve] Agent 3 has waiting time 125
[Waiting_time_Solve] Agent 4 has waiting time 5
[Waiting_time_Solve] Agent 5 has waiting time 55
[Waiting_time_Solve] Agent 6 has waiting time 61
[Waiting_time_Solve] Agent 7 has waiting time 6
[Waiting_time_Solve] Agent 8 has waiting time 0
[Waiting_time_Solve] Agent 9 has waiting time 57
[Waiting_time_Solve] Agent 10 has waiting time 137
[Waiting_time_Solve] Agent 11 has waiting time 134
[Waiting_time_Solve] Agent 12 has waiting time 2
[Waiting_time_Solve] Agent 13 has waiting time 44
[Waiting_time_Solve] Agent 14 has waiting time 129
[Waiting_time_Solve] Agent 15 has waiting time 88
[Waiting_time_Solve] Agent 16 has waiting time 3
[Waiting_time_Solve] Agent 17 has waiting time 128
[Waiting_time_Solve] Agent 18 has waiting time 82
[Waiting_time_Solve] Agent 19 has waiting time 59
[Waiting_time_Solve] Total available waiting time: 1355
[Waiting_time_Solve] Max iterations: 1355
[Waiting_time_Solve] Iteration 0...
[SAT] Start solving CNF: 1358 clauses and 558 variables
[SAT] Agent 16 entry time: 48 exit time: 91
[SAT] Agent 12 entry time: 57 exit time: 91
[SAT] Agent 9 entry time: 49 exit time: 55
[SAT] Agent 8 entry time: 48 exit time: 90
[SAT] Agent 7 entry time: 48 exit time: 91
[SAT] Agent 6 entry time: 48 exit time: 73
[SAT] Agent 5 entry time: 48 exit time: 65
[SAT] Agent 4 entry time: 49 exit time: 91
[SAT] Agent 2 entry time: 48 exit time: 68

[SAT] Start time: 48 End time: 91

[SAT] Solving local zone with SAT iteration 1...
[SAT] Local CNF: 1358 clauses 

DEBUG: Adding 1358 new clauses to MiniSAT (incremental run)
DEBUG: Clause load summary: input=1358, added=1358, tautologies_skipped=0, duplicates_skipped=0, unit_clauses=153, empties=0, intra_clause_literals_removed=0, added_but_db_unchanged=165
DEBUG: After adding clauses, solver has 1040 clauses and 558 variables
DEBUG: MiniSAT found 558 variables
DEBUG: Assignment size: 558
DEBUG: First few assignment values: 1 0 1 0 1 1 1 1 1 1 

=== DEBUG: cnf_assignment_to_paths ===
Input assignment size: 558

=== END DEBUG ===
[SAT] Found 1 vertex collisions and 0 edge collisions
[SAT] Adding collision clauses and solving again...
[SAT] Solving local zone with SAT iteration 2...
[SAT] Local CNF: 1359 clauses 

DEBUG: Adding 1 new clauses to MiniSAT (incremental run)
[SAT] Local problem appears to be unsatisfiable in current zone
[Waiting_time_Solve] No solution found, trying to apply waiting time:1
[Waiting_time_Solve] Applying waiting time 1 to agent 7 who has waiting time 6
[Waiting_time_Solve] New path is consistent after applying waiting time for agent 7
[Current_Solution] Agent 7 used 1 waiting timesteps, 5 remaining
[Waiting_time_Solve] Applied 1 waiting time  for agent 7 who has waiting time 5
[Waiting_time_Solve] ALL Waiting time applied
[Waiting_time_Solve] Extended Zone end time from 91 to 92
[Waiting_time_Solve] Iteration 1...
[SAT] Start solving CNF: 1869 clauses and 659 variables
[SAT] Agent 16 entry time: 48 exit time: 91
[SAT] Agent 12 entry time: 57 exit time: 92
[SAT] Agent 9 entry time: 49 exit time: 55
[SAT] Agent 8 entry time: 48 exit time: 90
[SAT] Agent 7 entry time: 48 exit time: 92
[SAT] Agent 6 entry time: 48 exit time: 73
[SAT] Agent 5 entry time: 48 exit time: 65
[SAT] Agent 4 entry time: 49 exit time: 92
[SAT] Agent 2 entry time: 48 exit time: 68

[SAT] Start time: 48 End time: 92

[SAT] Solving local zone with SAT iteration 1...
[SAT] Local CNF: 1870 clauses 

DEBUG: Adding 1870 new clauses to MiniSAT (incremental run)
DEBUG: Clause load summary: input=1870, added=1870, tautologies_skipped=0, duplicates_skipped=0, unit_clauses=131, empties=0, intra_clause_literals_removed=0, added_but_db_unchanged=144
DEBUG: After adding clauses, solver has 1595 clauses and 659 variables
DEBUG: MiniSAT found 659 variables
DEBUG: Assignment size: 659
DEBUG: First few assignment values: 1 0 1 0 1 1 1 1 1 1 

=== DEBUG: cnf_assignment_to_paths ===
Input assignment size: 659

=== END DEBUG ===
[SAT] Found 1 vertex collisions and 1 edge collisions
[SAT] Adding collision clauses and solving again...
[SAT] Solving local zone with SAT iteration 2...
[SAT] Local CNF: 1872 clauses 

DEBUG: Adding 2 new clauses to MiniSAT (incremental run)
[SAT] Local problem appears to be unsatisfiable in current zone
[Waiting_time_Solve] No solution found, trying to apply waiting time:2
[Waiting_time_Solve] Applying waiting time 2 to agent 7 who has waiting time 5
[Waiting_time_Solve] New path is consistent after applying waiting time for agent 7
[Current_Solution] Agent 7 used 2 waiting timesteps, 3 remaining
[Waiting_time_Solve] Applied 2 waiting time  for agent 7 who has waiting time 3
[Waiting_time_Solve] ALL Waiting time applied
[Waiting_time_Solve] Extended Zone end time from 92 to 94
[Waiting_time_Solve] Iteration 2...
[SAT] Start solving CNF: 4787 clauses and 975 variables
[SAT] Agent 16 entry time: 48 exit time: 91
[SAT] Agent 12 entry time: 57 exit time: 94
[SAT] Agent 9 entry time: 49 exit time: 55
[SAT] Agent 8 entry time: 48 exit time: 90
[SAT] Agent 7 entry time: 48 exit time: 94
[SAT] Agent 6 entry time: 48 exit time: 73
[SAT] Agent 5 entry time: 48 exit time: 65
[SAT] Agent 4 entry time: 49 exit time: 93
[SAT] Agent 2 entry time: 48 exit time: 68

[SAT] Start time: 48 End time: 94

[SAT] Solving local zone with SAT iteration 1...
[SAT] Local CNF: 4790 clauses 

DEBUG: Adding 4790 new clauses to MiniSAT (incremental run)
DEBUG: Clause load summary: input=4790, added=4790, tautologies_skipped=0, duplicates_skipped=0, unit_clauses=131, empties=0, intra_clause_literals_removed=0, added_but_db_unchanged=148
DEBUG: After adding clauses, solver has 4511 clauses and 975 variables
DEBUG: MiniSAT found 975 variables
DEBUG: Assignment size: 975
DEBUG: First few assignment values: 1 0 1 0 1 1 1 1 1 1 

=== DEBUG: cnf_assignment_to_paths ===
Input assignment size: 975

=== END DEBUG ===
[SAT] Found 1 vertex collisions and 1 edge collisions
[SAT] Adding collision clauses and solving again...
[SAT] Solving local zone with SAT iteration 2...
[SAT] Local CNF: 4792 clauses 

DEBUG: Adding 2 new clauses to MiniSAT (incremental run)
DEBUG: Clause load summary: input=2, added=2, tautologies_skipped=0, duplicates_skipped=0, unit_clauses=0, empties=0, intra_clause_literals_removed=0, added_but_db_unchanged=2
DEBUG: After adding clauses, solver has 4499 clauses and 975 variables
DEBUG: MiniSAT found 975 variables
DEBUG: Assignment size: 975
DEBUG: First few assignment values: 1 0 1 0 1 1 1 1 1 1 

=== DEBUG: cnf_assignment_to_paths ===
Input assignment size: 975

=== END DEBUG ===
[SAT] Found 2 vertex collisions and 1 edge collisions
[SAT] Adding collision clauses and solving again...
[SAT] Solving local zone with SAT iteration 3...
[SAT] Local CNF: 4795 clauses 

DEBUG: Adding 3 new clauses to MiniSAT (incremental run)
[SAT] Local problem appears to be unsatisfiable in current zone
[Waiting_time_Solve] No solution found, trying to apply waiting time:3
[Waiting_time_Solve] Applying waiting time 3 to agent 4 who has waiting time 5
[Waiting_time_Solve] New path is consistent after applying waiting time for agent 4
[Current_Solution] Agent 4 used 3 waiting timesteps, 2 remaining
[Waiting_time_Solve] Applied 3 waiting time  for agent 4 who has waiting time 2
[Waiting_time_Solve] Applying waiting time 3 to agent 7 who has waiting time 3
[Waiting_time_Solve] New path is consistent after applying waiting time for agent 7
[Current_Solution] Agent 7 used 3 waiting timesteps, 0 remaining
[Waiting_time_Solve] Applied 3 waiting time  for agent 7 who has waiting time 0
[Waiting_time_Solve] ALL Waiting time applied
[Waiting_time_Solve] Extended Zone end time from 94 to 97
[Waiting_time_Solve] Iteration 3...
[SAT] Start solving CNF: 18872 clauses and 1977 variables
[SAT] Agent 16 entry time: 48 exit time: 91
[SAT] Agent 12 entry time: 57 exit time: 97
[SAT] Agent 9 entry time: 49 exit time: 55
[SAT] Agent 8 entry time: 48 exit time: 90
[SAT] Agent 7 entry time: 48 exit time: 97
[SAT] Agent 6 entry time: 48 exit time: 73
[SAT] Agent 5 entry time: 48 exit time: 65
[SAT] Agent 4 entry time: 49 exit time: 96
[SAT] Agent 2 entry time: 48 exit time: 68

[SAT] Start time: 48 End time: 97

[SAT] Solving local zone with SAT iteration 1...
[SAT] Local CNF: 18880 clauses 

DEBUG: Adding 18880 new clauses to MiniSAT (incremental run)
DEBUG: Clause load summary: input=18880, added=18880, tautologies_skipped=0, duplicates_skipped=0, unit_clauses=109, empties=0, intra_clause_literals_removed=0, added_but_db_unchanged=129
DEBUG: After adding clauses, solver has 18642 clauses and 1977 variables
DEBUG: MiniSAT found 1977 variables
DEBUG: Assignment size: 1977
DEBUG: First few assignment values: 1 0 1 0 1 1 1 1 1 1 

=== DEBUG: cnf_assignment_to_paths ===
Input assignment size: 1977

=== END DEBUG ===
[SAT] Found 1 vertex collisions and 2 edge collisions
[SAT] Adding collision clauses and solving again...
[SAT] Solving local zone with SAT iteration 2...
[SAT] Local CNF: 18883 clauses 

DEBUG: Adding 3 new clauses to MiniSAT (incremental run)
DEBUG: Clause load summary: input=3, added=3, tautologies_skipped=0, duplicates_skipped=0, unit_clauses=0, empties=0, intra_clause_literals_removed=0, added_but_db_unchanged=2
DEBUG: After adding clauses, solver has 18572 clauses and 1977 variables
DEBUG: MiniSAT found 1977 variables
DEBUG: Assignment size: 1977
DEBUG: First few assignment values: 1 0 1 0 1 1 1 1 1 1 

=== DEBUG: cnf_assignment_to_paths ===
Input assignment size: 1977

=== END DEBUG ===
[SAT] Found 1 vertex collisions and 1 edge collisions
[SAT] Adding collision clauses and solving again...
[SAT] Solving local zone with SAT iteration 3...
[SAT] Local CNF: 18885 clauses 

DEBUG: Adding 2 new clauses to MiniSAT (incremental run)
DEBUG: Clause load summary: input=2, added=2, tautologies_skipped=0, duplicates_skipped=0, unit_clauses=0, empties=0, intra_clause_literals_removed=0, added_but_db_unchanged=2
DEBUG: After adding clauses, solver has 18572 clauses and 1977 variables
DEBUG: MiniSAT found 1977 variables
DEBUG: Assignment size: 1977
DEBUG: First few assignment values: 1 0 1 0 1 1 1 1 1 1 

=== DEBUG: cnf_assignment_to_paths ===
Input assignment size: 1977

=== END DEBUG ===
[SAT] Found 2 vertex collisions and 1 edge collisions
[SAT] Adding collision clauses and solving again...
[SAT] Solving local zone with SAT iteration 4...
[SAT] Local CNF: 18888 clauses 

DEBUG: Adding 3 new clauses to MiniSAT (incremental run)
DEBUG: Clause load summary: input=3, added=3, tautologies_skipped=0, duplicates_skipped=0, unit_clauses=0, empties=0, intra_clause_literals_removed=0, added_but_db_unchanged=2
DEBUG: After adding clauses, solver has 18573 clauses and 1977 variables
DEBUG: MiniSAT found 1977 variables
DEBUG: Assignment size: 1977
DEBUG: First few assignment values: 1 0 1 0 1 1 1 1 1 1 

=== DEBUG: cnf_assignment_to_paths ===
Input assignment size: 1977

=== END DEBUG ===
[SAT] Found 0 vertex collisions and 1 edge collisions
[SAT] Adding collision clauses and solving again...
[SAT] Solving local zone with SAT iteration 5...
[SAT] Local CNF: 18889 clauses 

DEBUG: Adding 1 new clauses to MiniSAT (incremental run)
DEBUG: Clause load summary: input=1, added=1, tautologies_skipped=0, duplicates_skipped=0, unit_clauses=0, empties=0, intra_clause_literals_removed=0, added_but_db_unchanged=0
DEBUG: After adding clauses, solver has 18574 clauses and 1977 variables
DEBUG: MiniSAT found 1977 variables
DEBUG: Assignment size: 1977
DEBUG: First few assignment values: 1 0 1 0 1 1 1 1 1 1 

=== DEBUG: cnf_assignment_to_paths ===
Input assignment size: 1977

=== END DEBUG ===
[SAT] Found 1 vertex collisions and 0 edge collisions
[SAT] Adding collision clauses and solving again...
[SAT] Solving local zone with SAT iteration 6...
[SAT] Local CNF: 18890 clauses 

DEBUG: Adding 1 new clauses to MiniSAT (incremental run)
DEBUG: Clause load summary: input=1, added=1, tautologies_skipped=0, duplicates_skipped=0, unit_clauses=0, empties=0, intra_clause_literals_removed=0, added_but_db_unchanged=0
DEBUG: After adding clauses, solver has 18575 clauses and 1977 variables
DEBUG: MiniSAT found 1977 variables
DEBUG: Assignment size: 1977
DEBUG: First few assignment values: 1 0 1 0 1 1 1 1 1 1 

=== DEBUG: cnf_assignment_to_paths ===
Input assignment size: 1977

=== END DEBUG ===
[SAT] Found 1 vertex collisions and 0 edge collisions
[SAT] Adding collision clauses and solving again...
[SAT] Solving local zone with SAT iteration 7...
[SAT] Local CNF: 18891 clauses 

DEBUG: Adding 1 new clauses to MiniSAT (incremental run)
[SAT] Local problem appears to be unsatisfiable in current zone
[Waiting_time_Solve] No solution found, trying to apply waiting time:4
[Waiting_time_Solve] INFO: not enough waiting time for agent 4 (needs 4, available: 2)
[Waiting_time_Solve] INFO: not enough waiting time for agent 4 (needs 4, available: 2)
[Waiting_time_Solve] No waiting time applied
[Waiting_time_Solve] No solution found
[Waiting_time_Solve] Restoring original paths
[Waiting_time_Solve] Restoring waiting times
[Current_Solution] Restored waiting times from backup
[Current_Solution] Restored paths from backup
[Solve_local_zone] Zone with expansion factor 19failed
[Solve_local_zone] Expanding zone with offset 22 (original: 2)
[Solve_local_zone] Final expanded zone contains 540 positions with 3 conflicts 
[Solve_local_zone] New time window: [47, 92]
[Solve_local_zone] Current local zone size: 540 (16.7079% of all walkable positions)
[Solve_local_zone] Local zone time window: [47, 92]
[Waiting_time_Solve] Agent 0 has waiting time 110
[Waiting_time_Solve] Agent 1 has waiting time 71
[Waiting_time_Solve] Agent 2 has waiting time 59
[Waiting_time_Solve] Agent 3 has waiting time 125
[Waiting_time_Solve] Agent 4 has waiting time 5
[Waiting_time_Solve] Agent 5 has waiting time 55
[Waiting_time_Solve] Agent 6 has waiting time 61
[Waiting_time_Solve] Agent 7 has waiting time 6
[Waiting_time_Solve] Agent 8 has waiting time 0
[Waiting_time_Solve] Agent 9 has waiting time 57
[Waiting_time_Solve] Agent 10 has waiting time 137
[Waiting_time_Solve] Agent 11 has waiting time 134
[Waiting_time_Solve] Agent 12 has waiting time 2
[Waiting_time_Solve] Agent 13 has waiting time 44
[Waiting_time_Solve] Agent 14 has waiting time 129
[Waiting_time_Solve] Agent 15 has waiting time 88
[Waiting_time_Solve] Agent 16 has waiting time 3
[Waiting_time_Solve] Agent 17 has waiting time 128
[Waiting_time_Solve] Agent 18 has waiting time 82
[Waiting_time_Solve] Agent 19 has waiting time 59
[Waiting_time_Solve] Total available waiting time: 1355
[Waiting_time_Solve] Max iterations: 1355
[Waiting_time_Solve] Iteration 0...
[SAT] Start solving CNF: 1444 clauses and 594 variables
[SAT] Agent 16 entry time: 47 exit time: 92
[SAT] Agent 12 entry time: 56 exit time: 92
[SAT] Agent 9 entry time: 48 exit time: 56
[SAT] Agent 8 entry time: 47 exit time: 91
[SAT] Agent 7 entry time: 47 exit time: 92
[SAT] Agent 6 entry time: 47 exit time: 74
[SAT] Agent 5 entry time: 47 exit time: 66
[SAT] Agent 4 entry time: 48 exit time: 92
[SAT] Agent 2 entry time: 47 exit time: 69

[SAT] Start time: 47 End time: 92

[SAT] Solving local zone with SAT iteration 1...
[SAT] Local CNF: 1444 clauses 

DEBUG: Adding 1444 new clauses to MiniSAT (incremental run)
DEBUG: Clause load summary: input=1444, added=1444, tautologies_skipped=0, duplicates_skipped=0, unit_clauses=162, empties=0, intra_clause_literals_removed=0, added_but_db_unchanged=175
DEBUG: After adding clauses, solver has 1107 clauses and 594 variables
DEBUG: MiniSAT found 594 variables
DEBUG: Assignment size: 594
DEBUG: First few assignment values: 1 0 1 0 1 0 1 1 1 1 

=== DEBUG: cnf_assignment_to_paths ===
Input assignment size: 594

=== END DEBUG ===
[SAT] Found 1 vertex collisions and 0 edge collisions
[SAT] Adding collision clauses and solving again...
[SAT] Solving local zone with SAT iteration 2...
[SAT] Local CNF: 1445 clauses 

DEBUG: Adding 1 new clauses to MiniSAT (incremental run)
[SAT] Local problem appears to be unsatisfiable in current zone
[Waiting_time_Solve] No solution found, trying to apply waiting time:1
[Waiting_time_Solve] Applying waiting time 1 to agent 7 who has waiting time 6
[Waiting_time_Solve] New path is consistent after applying waiting time for agent 7
[Current_Solution] Agent 7 used 1 waiting timesteps, 5 remaining
[Waiting_time_Solve] Applied 1 waiting time  for agent 7 who has waiting time 5
[Waiting_time_Solve] ALL Waiting time applied
[Waiting_time_Solve] Extended Zone end time from 92 to 93
[Waiting_time_Solve] Iteration 1...
[SAT] Start solving CNF: 1983 clauses and 701 variables
[SAT] Agent 16 entry time: 47 exit time: 92
[SAT] Agent 12 entry time: 56 exit time: 93
[SAT] Agent 9 entry time: 48 exit time: 56
[SAT] Agent 8 entry time: 47 exit time: 91
[SAT] Agent 7 entry time: 47 exit time: 93
[SAT] Agent 6 entry time: 47 exit time: 74
[SAT] Agent 5 entry time: 47 exit time: 66
[SAT] Agent 4 entry time: 48 exit time: 93
[SAT] Agent 2 entry time: 47 exit time: 69

[SAT] Start time: 47 End time: 93

[SAT] Solving local zone with SAT iteration 1...
[SAT] Local CNF: 1984 clauses 

DEBUG: Adding 1984 new clauses to MiniSAT (incremental run)
DEBUG: Clause load summary: input=1984, added=1984, tautologies_skipped=0, duplicates_skipped=0, unit_clauses=139, empties=0, intra_clause_literals_removed=0, added_but_db_unchanged=152
DEBUG: After adding clauses, solver has 1693 clauses and 701 variables
DEBUG: MiniSAT found 701 variables
DEBUG: Assignment size: 701
DEBUG: First few assignment values: 1 0 1 0 1 0 1 1 1 1 

=== DEBUG: cnf_assignment_to_paths ===
Input assignment size: 701

=== END DEBUG ===
[SAT] Found 1 vertex collisions and 1 edge collisions
[SAT] Adding collision clauses and solving again...
[SAT] Solving local zone with SAT iteration 2...
[SAT] Local CNF: 1986 clauses 

DEBUG: Adding 2 new clauses to MiniSAT (incremental run)
[SAT] Local problem appears to be unsatisfiable in current zone
[Waiting_time_Solve] No solution found, trying to apply waiting time:2
[Waiting_time_Solve] Applying waiting time 2 to agent 7 who has waiting time 5
[Waiting_time_Solve] New path is consistent after applying waiting time for agent 7
[Current_Solution] Agent 7 used 2 waiting timesteps, 3 remaining
[Waiting_time_Solve] Applied 2 waiting time  for agent 7 who has waiting time 3
[Waiting_time_Solve] ALL Waiting time applied
[Waiting_time_Solve] Extended Zone end time from 93 to 95
[Waiting_time_Solve] Iteration 2...
[SAT] Start solving CNF: 4973 clauses and 1022 variables
[SAT] Agent 16 entry time: 47 exit time: 92
[SAT] Agent 12 entry time: 56 exit time: 95
[SAT] Agent 9 entry time: 48 exit time: 56
[SAT] Agent 8 entry time: 47 exit time: 91
[SAT] Agent 7 entry time: 47 exit time: 95
[SAT] Agent 6 entry time: 47 exit time: 74
[SAT] Agent 5 entry time: 47 exit time: 66
[SAT] Agent 4 entry time: 48 exit time: 94
[SAT] Agent 2 entry time: 47 exit time: 69

[SAT] Start time: 47 End time: 95

[SAT] Solving local zone with SAT iteration 1...
[SAT] Local CNF: 4976 clauses 

DEBUG: Adding 4976 new clauses to MiniSAT (incremental run)
DEBUG: Clause load summary: input=4976, added=4976, tautologies_skipped=0, duplicates_skipped=0, unit_clauses=140, empties=0, intra_clause_literals_removed=0, added_but_db_unchanged=157
DEBUG: After adding clauses, solver has 4679 clauses and 1022 variables
DEBUG: MiniSAT found 1022 variables
DEBUG: Assignment size: 1022
DEBUG: First few assignment values: 1 0 1 0 1 0 1 1 1 1 

=== DEBUG: cnf_assignment_to_paths ===
Input assignment size: 1022

=== END DEBUG ===
[SAT] Found 1 vertex collisions and 1 edge collisions
[SAT] Adding collision clauses and solving again...
[SAT] Solving local zone with SAT iteration 2...
[SAT] Local CNF: 4978 clauses 

DEBUG: Adding 2 new clauses to MiniSAT (incremental run)
DEBUG: Clause load summary: input=2, added=2, tautologies_skipped=0, duplicates_skipped=0, unit_clauses=0, empties=0, intra_clause_literals_removed=0, added_but_db_unchanged=2
DEBUG: After adding clauses, solver has 4667 clauses and 1022 variables
DEBUG: MiniSAT found 1022 variables
DEBUG: Assignment size: 1022
DEBUG: First few assignment values: 1 0 1 0 1 0 1 1 1 1 

=== DEBUG: cnf_assignment_to_paths ===
Input assignment size: 1022

=== END DEBUG ===
[SAT] Found 2 vertex collisions and 1 edge collisions
[SAT] Adding collision clauses and solving again...
[SAT] Solving local zone with SAT iteration 3...
[SAT] Local CNF: 4981 clauses 

DEBUG: Adding 3 new clauses to MiniSAT (incremental run)
[SAT] Local problem appears to be unsatisfiable in current zone
[Waiting_time_Solve] No solution found, trying to apply waiting time:3
[Waiting_time_Solve] Applying waiting time 3 to agent 4 who has waiting time 5
[Waiting_time_Solve] New path is consistent after applying waiting time for agent 4
[Current_Solution] Agent 4 used 3 waiting timesteps, 2 remaining
[Waiting_time_Solve] Applied 3 waiting time  for agent 4 who has waiting time 2
[Waiting_time_Solve] Applying waiting time 3 to agent 7 who has waiting time 3
[Waiting_time_Solve] New path is consistent after applying waiting time for agent 7
[Current_Solution] Agent 7 used 3 waiting timesteps, 0 remaining
[Waiting_time_Solve] Applied 3 waiting time  for agent 7 who has waiting time 0
[Waiting_time_Solve] ALL Waiting time applied
[Waiting_time_Solve] Extended Zone end time from 95 to 98
[Waiting_time_Solve] Iteration 3...
[SAT] Start solving CNF: 19710 clauses and 2065 variables
[SAT] Agent 16 entry time: 47 exit time: 92
[SAT] Agent 12 entry time: 56 exit time: 98
[SAT] Agent 9 entry time: 48 exit time: 56
[SAT] Agent 8 entry time: 47 exit time: 91
[SAT] Agent 7 entry time: 47 exit time: 98
[SAT] Agent 6 entry time: 47 exit time: 74
[SAT] Agent 5 entry time: 47 exit time: 66
[SAT] Agent 4 entry time: 48 exit time: 97
[SAT] Agent 2 entry time: 47 exit time: 69

[SAT] Start time: 47 End time: 98

[SAT] Solving local zone with SAT iteration 1...
[SAT] Local CNF: 19718 clauses 

DEBUG: Adding 19718 new clauses to MiniSAT (incremental run)
DEBUG: Clause load summary: input=19718, added=19718, tautologies_skipped=0, duplicates_skipped=0, unit_clauses=117, empties=0, intra_clause_literals_removed=0, added_but_db_unchanged=136
DEBUG: After adding clauses, solver has 19465 clauses and 2065 variables
DEBUG: MiniSAT found 2065 variables
DEBUG: Assignment size: 2065
DEBUG: First few assignment values: 1 0 1 0 1 0 1 1 1 1 

=== DEBUG: cnf_assignment_to_paths ===
Input assignment size: 2065

=== END DEBUG ===
[SAT] Found 1 vertex collisions and 2 edge collisions
[SAT] Adding collision clauses and solving again...
[SAT] Solving local zone with SAT iteration 2...
[SAT] Local CNF: 19721 clauses 

DEBUG: Adding 3 new clauses to MiniSAT (incremental run)
DEBUG: Clause load summary: input=3, added=3, tautologies_skipped=0, duplicates_skipped=0, unit_clauses=0, empties=0, intra_clause_literals_removed=0, added_but_db_unchanged=2
DEBUG: After adding clauses, solver has 19395 clauses and 2065 variables
DEBUG: MiniSAT found 2065 variables
DEBUG: Assignment size: 2065
DEBUG: First few assignment values: 1 0 1 0 1 0 1 1 1 1 

=== DEBUG: cnf_assignment_to_paths ===
Input assignment size: 2065

=== END DEBUG ===
[SAT] Found 1 vertex collisions and 1 edge collisions
[SAT] Adding collision clauses and solving again...
[SAT] Solving local zone with SAT iteration 3...
[SAT] Local CNF: 19723 clauses 

DEBUG: Adding 2 new clauses to MiniSAT (incremental run)
DEBUG: Clause load summary: input=2, added=2, tautologies_skipped=0, duplicates_skipped=0, unit_clauses=0, empties=0, intra_clause_literals_removed=0, added_but_db_unchanged=2
DEBUG: After adding clauses, solver has 19395 clauses and 2065 variables
DEBUG: MiniSAT found 2065 variables
DEBUG: Assignment size: 2065
DEBUG: First few assignment values: 1 0 1 0 1 0 1 1 1 1 

=== DEBUG: cnf_assignment_to_paths ===
Input assignment size: 2065

=== END DEBUG ===
[SAT] Found 2 vertex collisions and 1 edge collisions
[SAT] Adding collision clauses and solving again...
[SAT] Solving local zone with SAT iteration 4...
[SAT] Local CNF: 19726 clauses 

DEBUG: Adding 3 new clauses to MiniSAT (incremental run)
DEBUG: Clause load summary: input=3, added=3, tautologies_skipped=0, duplicates_skipped=0, unit_clauses=0, empties=0, intra_clause_literals_removed=0, added_but_db_unchanged=2
DEBUG: After adding clauses, solver has 19396 clauses and 2065 variables
DEBUG: MiniSAT found 2065 variables
DEBUG: Assignment size: 2065
DEBUG: First few assignment values: 1 0 1 0 1 0 1 1 1 1 

=== DEBUG: cnf_assignment_to_paths ===
Input assignment size: 2065

=== END DEBUG ===
[SAT] Found 0 vertex collisions and 1 edge collisions
[SAT] Adding collision clauses and solving again...
[SAT] Solving local zone with SAT iteration 5...
[SAT] Local CNF: 19727 clauses 

DEBUG: Adding 1 new clauses to MiniSAT (incremental run)
DEBUG: Clause load summary: input=1, added=1, tautologies_skipped=0, duplicates_skipped=0, unit_clauses=0, empties=0, intra_clause_literals_removed=0, added_but_db_unchanged=0
DEBUG: After adding clauses, solver has 19397 clauses and 2065 variables
DEBUG: MiniSAT found 2065 variables
DEBUG: Assignment size: 2065
DEBUG: First few assignment values: 1 0 1 0 1 0 1 1 1 1 

=== DEBUG: cnf_assignment_to_paths ===
Input assignment size: 2065

=== END DEBUG ===
[SAT] Found 1 vertex collisions and 0 edge collisions
[SAT] Adding collision clauses and solving again...
[SAT] Solving local zone with SAT iteration 6...
[SAT] Local CNF: 19728 clauses 

DEBUG: Adding 1 new clauses to MiniSAT (incremental run)
DEBUG: Clause load summary: input=1, added=1, tautologies_skipped=0, duplicates_skipped=0, unit_clauses=0, empties=0, intra_clause_literals_removed=0, added_but_db_unchanged=0
DEBUG: After adding clauses, solver has 19398 clauses and 2065 variables
DEBUG: MiniSAT found 2065 variables
DEBUG: Assignment size: 2065
DEBUG: First few assignment values: 1 0 1 0 1 0 1 1 1 1 

=== DEBUG: cnf_assignment_to_paths ===
Input assignment size: 2065

=== END DEBUG ===
[SAT] Found 1 vertex collisions and 0 edge collisions
[SAT] Adding collision clauses and solving again...
[SAT] Solving local zone with SAT iteration 7...
[SAT] Local CNF: 19729 clauses 

DEBUG: Adding 1 new clauses to MiniSAT (incremental run)
[SAT] Local problem appears to be unsatisfiable in current zone
[Waiting_time_Solve] No solution found, trying to apply waiting time:4
[Waiting_time_Solve] INFO: not enough waiting time for agent 4 (needs 4, available: 2)
[Waiting_time_Solve] INFO: not enough waiting time for agent 4 (needs 4, available: 2)
[Waiting_time_Solve] No waiting time applied
[Waiting_time_Solve] No solution found
[Waiting_time_Solve] Restoring original paths
[Waiting_time_Solve] Restoring waiting times
[Current_Solution] Restored waiting times from backup
[Current_Solution] Restored paths from backup
[Solve_local_zone] Zone with expansion factor 20failed
[Solve_local_zone] Expanding zone with offset 23 (original: 2)
[Solve_local_zone] Final expanded zone contains 583 positions with 3 conflicts 
[Solve_local_zone] New time window: [46, 93]
[Solve_local_zone] Current local zone size: 583 (18.0384% of all walkable positions)
[Solve_local_zone] Local zone time window: [46, 93]
[Waiting_time_Solve] Agent 0 has waiting time 110
[Waiting_time_Solve] Agent 1 has waiting time 71
[Waiting_time_Solve] Agent 2 has waiting time 59
[Waiting_time_Solve] Agent 3 has waiting time 125
[Waiting_time_Solve] Agent 4 has waiting time 5
[Waiting_time_Solve] Agent 5 has waiting time 55
[Waiting_time_Solve] Agent 6 has waiting time 61
[Waiting_time_Solve] Agent 7 has waiting time 6
[Waiting_time_Solve] Agent 8 has waiting time 0
[Waiting_time_Solve] Agent 9 has waiting time 57
[Waiting_time_Solve] Agent 10 has waiting time 137
[Waiting_time_Solve] Agent 11 has waiting time 134
[Waiting_time_Solve] Agent 12 has waiting time 2
[Waiting_time_Solve] Agent 13 has waiting time 44
[Waiting_time_Solve] Agent 14 has waiting time 129
[Waiting_time_Solve] Agent 15 has waiting time 88
[Waiting_time_Solve] Agent 16 has waiting time 3
[Waiting_time_Solve] Agent 17 has waiting time 128
[Waiting_time_Solve] Agent 18 has waiting time 82
[Waiting_time_Solve] Agent 19 has waiting time 59
[Waiting_time_Solve] Total available waiting time: 1355
[Waiting_time_Solve] Max iterations: 1355
[Waiting_time_Solve] Iteration 0...
[SAT] Start solving CNF: 1567 clauses and 641 variables
[SAT] Agent 16 entry time: 46 exit time: 93
[SAT] Agent 12 entry time: 55 exit time: 93
[SAT] Agent 9 entry time: 47 exit time: 57
[SAT] Agent 8 entry time: 46 exit time: 92
[SAT] Agent 7 entry time: 46 exit time: 93
[SAT] Agent 6 entry time: 46 exit time: 75
[SAT] Agent 5 entry time: 46 exit time: 67
[SAT] Agent 4 entry time: 47 exit time: 93
[SAT] Agent 2 entry time: 46 exit time: 70
[SAT] Agent 1 entry time: 47 exit time: 47

[SAT] Start time: 46 End time: 93

[SAT] Solving local zone with SAT iteration 1...
[SAT] Local CNF: 1567 clauses 

DEBUG: Adding 1567 new clauses to MiniSAT (incremental run)
DEBUG: Clause load summary: input=1567, added=1567, tautologies_skipped=0, duplicates_skipped=0, unit_clauses=171, empties=0, intra_clause_literals_removed=0, added_but_db_unchanged=184
DEBUG: After adding clauses, solver has 1212 clauses and 641 variables
DEBUG: MiniSAT found 641 variables
DEBUG: Assignment size: 641
DEBUG: First few assignment values: 1 0 1 0 1 0 0 1 0 1 

=== DEBUG: cnf_assignment_to_paths ===
Input assignment size: 641

=== END DEBUG ===
[SAT] Found 1 vertex collisions and 0 edge collisions
[SAT] Adding collision clauses and solving again...
[SAT] Solving local zone with SAT iteration 2...
[SAT] Local CNF: 1568 clauses 

DEBUG: Adding 1 new clauses to MiniSAT (incremental run)
[SAT] Local problem appears to be unsatisfiable in current zone
[Waiting_time_Solve] No solution found, trying to apply waiting time:1
[Waiting_time_Solve] Applying waiting time 1 to agent 7 who has waiting time 6
[Waiting_time_Solve] New path is consistent after applying waiting time for agent 7
[Current_Solution] Agent 7 used 1 waiting timesteps, 5 remaining
[Waiting_time_Solve] Applied 1 waiting time  for agent 7 who has waiting time 5
[Waiting_time_Solve] ALL Waiting time applied
[Waiting_time_Solve] Extended Zone end time from 93 to 94
[Waiting_time_Solve] Iteration 1...
[SAT] Start solving CNF: 2100 clauses and 747 variables
[SAT] Agent 16 entry time: 46 exit time: 93
[SAT] Agent 12 entry time: 55 exit time: 94
[SAT] Agent 9 entry time: 47 exit time: 57
[SAT] Agent 8 entry time: 46 exit time: 92
[SAT] Agent 7 entry time: 46 exit time: 94
[SAT] Agent 6 entry time: 46 exit time: 75
[SAT] Agent 5 entry time: 46 exit time: 67
[SAT] Agent 4 entry time: 47 exit time: 94
[SAT] Agent 2 entry time: 46 exit time: 70
[SAT] Agent 1 entry time: 47 exit time: 47

[SAT] Start time: 46 End time: 94

[SAT] Solving local zone with SAT iteration 1...
[SAT] Local CNF: 2101 clauses 

DEBUG: Adding 2101 new clauses to MiniSAT (incremental run)
DEBUG: Clause load summary: input=2101, added=2101, tautologies_skipped=0, duplicates_skipped=0, unit_clauses=148, empties=0, intra_clause_literals_removed=0, added_but_db_unchanged=161
DEBUG: After adding clauses, solver has 1792 clauses and 747 variables
DEBUG: MiniSAT found 747 variables
DEBUG: Assignment size: 747
DEBUG: First few assignment values: 1 0 1 0 1 0 0 1 0 1 

=== DEBUG: cnf_assignment_to_paths ===
Input assignment size: 747

=== END DEBUG ===
[SAT] Found 1 vertex collisions and 1 edge collisions
[SAT] Adding collision clauses and solving again...
[SAT] Solving local zone with SAT iteration 2...
[SAT] Local CNF: 2103 clauses 

DEBUG: Adding 2 new clauses to MiniSAT (incremental run)
[SAT] Local problem appears to be unsatisfiable in current zone
[Waiting_time_Solve] No solution found, trying to apply waiting time:2
[Waiting_time_Solve] Applying waiting time 2 to agent 7 who has waiting time 5
[Waiting_time_Solve] New path is consistent after applying waiting time for agent 7
[Current_Solution] Agent 7 used 2 waiting timesteps, 3 remaining
[Waiting_time_Solve] Applied 2 waiting time  for agent 7 who has waiting time 3
[Waiting_time_Solve] ALL Waiting time applied
[Waiting_time_Solve] Extended Zone end time from 94 to 96
[Waiting_time_Solve] Iteration 2...
[SAT] Start solving CNF: 5215 clauses and 1081 variables
[SAT] Agent 16 entry time: 46 exit time: 93
[SAT] Agent 12 entry time: 55 exit time: 96
[SAT] Agent 9 entry time: 47 exit time: 57
[SAT] Agent 8 entry time: 46 exit time: 92
[SAT] Agent 7 entry time: 46 exit time: 96
[SAT] Agent 6 entry time: 46 exit time: 75
[SAT] Agent 5 entry time: 46 exit time: 67
[SAT] Agent 4 entry time: 47 exit time: 95
[SAT] Agent 2 entry time: 46 exit time: 70
[SAT] Agent 1 entry time: 47 exit time: 47

[SAT] Start time: 46 End time: 96

[SAT] Solving local zone with SAT iteration 1...
[SAT] Local CNF: 5218 clauses 

DEBUG: Adding 5218 new clauses to MiniSAT (incremental run)
DEBUG: Clause load summary: input=5218, added=5218, tautologies_skipped=0, duplicates_skipped=0, unit_clauses=149, empties=0, intra_clause_literals_removed=0, added_but_db_unchanged=166
DEBUG: After adding clauses, solver has 4903 clauses and 1081 variables
DEBUG: MiniSAT found 1081 variables
DEBUG: Assignment size: 1081
DEBUG: First few assignment values: 1 0 1 0 1 0 0 1 0 1 

=== DEBUG: cnf_assignment_to_paths ===
Input assignment size: 1081

=== END DEBUG ===
[SAT] Found 1 vertex collisions and 1 edge collisions
[SAT] Adding collision clauses and solving again...
[SAT] Solving local zone with SAT iteration 2...
[SAT] Local CNF: 5220 clauses 

DEBUG: Adding 2 new clauses to MiniSAT (incremental run)
DEBUG: Clause load summary: input=2, added=2, tautologies_skipped=0, duplicates_skipped=0, unit_clauses=0, empties=0, intra_clause_literals_removed=0, added_but_db_unchanged=2
DEBUG: After adding clauses, solver has 4891 clauses and 1081 variables
DEBUG: MiniSAT found 1081 variables
DEBUG: Assignment size: 1081
DEBUG: First few assignment values: 1 0 1 0 1 0 0 1 0 1 

=== DEBUG: cnf_assignment_to_paths ===
Input assignment size: 1081

=== END DEBUG ===
[SAT] Found 2 vertex collisions and 1 edge collisions
[SAT] Adding collision clauses and solving again...
[SAT] Solving local zone with SAT iteration 3...
[SAT] Local CNF: 5223 clauses 

DEBUG: Adding 3 new clauses to MiniSAT (incremental run)
[SAT] Local problem appears to be unsatisfiable in current zone
[Waiting_time_Solve] No solution found, trying to apply waiting time:3
[Waiting_time_Solve] Applying waiting time 3 to agent 4 who has waiting time 5
[Waiting_time_Solve] New path is consistent after applying waiting time for agent 4
[Current_Solution] Agent 4 used 3 waiting timesteps, 2 remaining
[Waiting_time_Solve] Applied 3 waiting time  for agent 4 who has waiting time 2
[Waiting_time_Solve] Applying waiting time 3 to agent 7 who has waiting time 3
[Waiting_time_Solve] New path is consistent after applying waiting time for agent 7
[Current_Solution] Agent 7 used 3 waiting timesteps, 0 remaining
[Waiting_time_Solve] Applied 3 waiting time  for agent 7 who has waiting time 0
[Waiting_time_Solve] ALL Waiting time applied
[Waiting_time_Solve] Extended Zone end time from 96 to 99
[Waiting_time_Solve] Iteration 3...
[SAT] Start solving CNF: 20761 clauses and 2170 variables
[SAT] Agent 16 entry time: 46 exit time: 93
[SAT] Agent 12 entry time: 55 exit time: 99
[SAT] Agent 9 entry time: 47 exit time: 57
[SAT] Agent 8 entry time: 46 exit time: 92
[SAT] Agent 7 entry time: 46 exit time: 99
[SAT] Agent 6 entry time: 46 exit time: 75
[SAT] Agent 5 entry time: 46 exit time: 67
[SAT] Agent 4 entry time: 47 exit time: 98
[SAT] Agent 2 entry time: 46 exit time: 70
[SAT] Agent 1 entry time: 47 exit time: 47

[SAT] Start time: 46 End time: 99

[SAT] Solving local zone with SAT iteration 1...
[SAT] Local CNF: 20769 clauses 

DEBUG: Adding 20769 new clauses to MiniSAT (incremental run)
DEBUG: Clause load summary: input=20769, added=20769, tautologies_skipped=0, duplicates_skipped=0, unit_clauses=125, empties=0, intra_clause_literals_removed=0, added_but_db_unchanged=144
DEBUG: After adding clauses, solver has 20500 clauses and 2170 variables
DEBUG: MiniSAT found 2170 variables
DEBUG: Assignment size: 2170
DEBUG: First few assignment values: 1 0 1 0 1 0 0 1 0 1 

=== DEBUG: cnf_assignment_to_paths ===
Input assignment size: 2170

=== END DEBUG ===
[SAT] Found 1 vertex collisions and 2 edge collisions
[SAT] Adding collision clauses and solving again...
[SAT] Solving local zone with SAT iteration 2...
[SAT] Local CNF: 20772 clauses 

DEBUG: Adding 3 new clauses to MiniSAT (incremental run)
DEBUG: Clause load summary: input=3, added=3, tautologies_skipped=0, duplicates_skipped=0, unit_clauses=0, empties=0, intra_clause_literals_removed=0, added_but_db_unchanged=2
DEBUG: After adding clauses, solver has 20430 clauses and 2170 variables
DEBUG: MiniSAT found 2170 variables
DEBUG: Assignment size: 2170
DEBUG: First few assignment values: 1 0 1 0 1 0 0 1 0 1 

=== DEBUG: cnf_assignment_to_paths ===
Input assignment size: 2170

=== END DEBUG ===
[SAT] Found 1 vertex collisions and 1 edge collisions
[SAT] Adding collision clauses and solving again...
[SAT] Solving local zone with SAT iteration 3...
[SAT] Local CNF: 20774 clauses 

DEBUG: Adding 2 new clauses to MiniSAT (incremental run)
DEBUG: Clause load summary: input=2, added=2, tautologies_skipped=0, duplicates_skipped=0, unit_clauses=0, empties=0, intra_clause_literals_removed=0, added_but_db_unchanged=2
DEBUG: After adding clauses, solver has 20430 clauses and 2170 variables
DEBUG: MiniSAT found 2170 variables
DEBUG: Assignment size: 2170
DEBUG: First few assignment values: 1 0 1 0 1 0 0 1 0 1 

=== DEBUG: cnf_assignment_to_paths ===
Input assignment size: 2170

=== END DEBUG ===
[SAT] Found 2 vertex collisions and 0 edge collisions
[SAT] Adding collision clauses and solving again...
[SAT] Solving local zone with SAT iteration 4...
[SAT] Local CNF: 20776 clauses 

DEBUG: Adding 2 new clauses to MiniSAT (incremental run)
DEBUG: Clause load summary: input=2, added=2, tautologies_skipped=0, duplicates_skipped=0, unit_clauses=0, empties=0, intra_clause_literals_removed=0, added_but_db_unchanged=1
DEBUG: After adding clauses, solver has 20431 clauses and 2170 variables
DEBUG: MiniSAT found 2170 variables
DEBUG: Assignment size: 2170
DEBUG: First few assignment values: 1 0 1 0 1 0 0 1 0 1 

=== DEBUG: cnf_assignment_to_paths ===
Input assignment size: 2170

=== END DEBUG ===
[SAT] Found 0 vertex collisions and 1 edge collisions
[SAT] Adding collision clauses and solving again...
[SAT] Solving local zone with SAT iteration 5...
[SAT] Local CNF: 20777 clauses 

DEBUG: Adding 1 new clauses to MiniSAT (incremental run)
DEBUG: Clause load summary: input=1, added=1, tautologies_skipped=0, duplicates_skipped=0, unit_clauses=0, empties=0, intra_clause_literals_removed=0, added_but_db_unchanged=0
DEBUG: After adding clauses, solver has 20432 clauses and 2170 variables
DEBUG: MiniSAT found 2170 variables
DEBUG: Assignment size: 2170
DEBUG: First few assignment values: 1 0 1 0 1 0 0 1 0 1 

=== DEBUG: cnf_assignment_to_paths ===
Input assignment size: 2170

=== END DEBUG ===
[SAT] Found 1 vertex collisions and 0 edge collisions
[SAT] Adding collision clauses and solving again...
[SAT] Solving local zone with SAT iteration 6...
[SAT] Local CNF: 20778 clauses 

DEBUG: Adding 1 new clauses to MiniSAT (incremental run)
DEBUG: Clause load summary: input=1, added=1, tautologies_skipped=0, duplicates_skipped=0, unit_clauses=0, empties=0, intra_clause_literals_removed=0, added_but_db_unchanged=0
DEBUG: After adding clauses, solver has 20433 clauses and 2170 variables
DEBUG: MiniSAT found 2170 variables
DEBUG: Assignment size: 2170
DEBUG: First few assignment values: 1 0 1 0 1 0 0 1 0 1 

=== DEBUG: cnf_assignment_to_paths ===
Input assignment size: 2170

=== END DEBUG ===
[SAT] Found 1 vertex collisions and 0 edge collisions
[SAT] Adding collision clauses and solving again...
[SAT] Solving local zone with SAT iteration 7...
[SAT] Local CNF: 20779 clauses 

DEBUG: Adding 1 new clauses to MiniSAT (incremental run)
[SAT] Local problem appears to be unsatisfiable in current zone
[Waiting_time_Solve] No solution found, trying to apply waiting time:4
[Waiting_time_Solve] INFO: not enough waiting time for agent 4 (needs 4, available: 2)
[Waiting_time_Solve] INFO: not enough waiting time for agent 4 (needs 4, available: 2)
[Waiting_time_Solve] No waiting time applied
[Waiting_time_Solve] No solution found
[Waiting_time_Solve] Restoring original paths
[Waiting_time_Solve] Restoring waiting times
[Current_Solution] Restored waiting times from backup
[Current_Solution] Restored paths from backup
[Solve_local_zone] Zone with expansion factor 21failed
[Solve_local_zone] Expanding zone with offset 24 (original: 2)
[Solve_local_zone] Final expanded zone contains 627 positions with 3 conflicts 
[Solve_local_zone] New time window: [45, 94]
[Solve_local_zone] Current local zone size: 627 (19.3998% of all walkable positions)
[Solve_local_zone] Local zone time window: [45, 94]
[Waiting_time_Solve] Agent 0 has waiting time 110
[Waiting_time_Solve] Agent 1 has waiting time 71
[Waiting_time_Solve] Agent 2 has waiting time 59
[Waiting_time_Solve] Agent 3 has waiting time 125
[Waiting_time_Solve] Agent 4 has waiting time 5
[Waiting_time_Solve] Agent 5 has waiting time 55
[Waiting_time_Solve] Agent 6 has waiting time 61
[Waiting_time_Solve] Agent 7 has waiting time 6
[Waiting_time_Solve] Agent 8 has waiting time 0
[Waiting_time_Solve] Agent 9 has waiting time 57
[Waiting_time_Solve] Agent 10 has waiting time 137
[Waiting_time_Solve] Agent 11 has waiting time 134
[Waiting_time_Solve] Agent 12 has waiting time 2
[Waiting_time_Solve] Agent 13 has waiting time 44
[Waiting_time_Solve] Agent 14 has waiting time 129
[Waiting_time_Solve] Agent 15 has waiting time 88
[Waiting_time_Solve] Agent 16 has waiting time 3
[Waiting_time_Solve] Agent 17 has waiting time 128
[Waiting_time_Solve] Agent 18 has waiting time 82
[Waiting_time_Solve] Agent 19 has waiting time 59
[Waiting_time_Solve] Total available waiting time: 1355
[Waiting_time_Solve] Max iterations: 1355
[Waiting_time_Solve] Iteration 0...
[SAT] Start solving CNF: 1671 clauses and 686 variables
[SAT] Agent 16 entry time: 45 exit time: 94
[SAT] Agent 12 entry time: 54 exit time: 94
[SAT] Agent 9 entry time: 46 exit time: 58
[SAT] Agent 8 entry time: 45 exit time: 93
[SAT] Agent 7 entry time: 45 exit time: 94
[SAT] Agent 6 entry time: 45 exit time: 76
[SAT] Agent 5 entry time: 45 exit time: 68
[SAT] Agent 4 entry time: 46 exit time: 94
[SAT] Agent 2 entry time: 45 exit time: 71
[SAT] Agent 1 entry time: 46 exit time: 48

[SAT] Start time: 45 End time: 94

[SAT] Solving local zone with SAT iteration 1...
[SAT] Local CNF: 1671 clauses 

DEBUG: Adding 1671 new clauses to MiniSAT (incremental run)
DEBUG: Clause load summary: input=1671, added=1671, tautologies_skipped=0, duplicates_skipped=0, unit_clauses=177, empties=0, intra_clause_literals_removed=0, added_but_db_unchanged=193
DEBUG: After adding clauses, solver has 1301 clauses and 686 variables
DEBUG: MiniSAT found 686 variables
DEBUG: Assignment size: 686
DEBUG: First few assignment values: 1 0 1 0 1 0 0 1 0 0 

=== DEBUG: cnf_assignment_to_paths ===
Input assignment size: 686

=== END DEBUG ===
[SAT] Found 1 vertex collisions and 0 edge collisions
[SAT] Adding collision clauses and solving again...
[SAT] Solving local zone with SAT iteration 2...
[SAT] Local CNF: 1672 clauses 

DEBUG: Adding 1 new clauses to MiniSAT (incremental run)
[SAT] Local problem appears to be unsatisfiable in current zone
[Waiting_time_Solve] No solution found, trying to apply waiting time:1
[Waiting_time_Solve] Applying waiting time 1 to agent 7 who has waiting time 6
[Waiting_time_Solve] New path is consistent after applying waiting time for agent 7
[Current_Solution] Agent 7 used 1 waiting timesteps, 5 remaining
[Waiting_time_Solve] Applied 1 waiting time  for agent 7 who has waiting time 5
[Waiting_time_Solve] ALL Waiting time applied
[Waiting_time_Solve] Extended Zone end time from 94 to 95
[Waiting_time_Solve] Iteration 1...
[SAT] Start solving CNF: 2231 clauses and 797 variables
[SAT] Agent 16 entry time: 45 exit time: 94
[SAT] Agent 12 entry time: 54 exit time: 95
[SAT] Agent 9 entry time: 46 exit time: 58
[SAT] Agent 8 entry time: 45 exit time: 93
[SAT] Agent 7 entry time: 45 exit time: 95
[SAT] Agent 6 entry time: 45 exit time: 76
[SAT] Agent 5 entry time: 45 exit time: 68
[SAT] Agent 4 entry time: 46 exit time: 95
[SAT] Agent 2 entry time: 45 exit time: 71
[SAT] Agent 1 entry time: 46 exit time: 48

[SAT] Start time: 45 End time: 95

[SAT] Solving local zone with SAT iteration 1...
[SAT] Local CNF: 2232 clauses 

DEBUG: Adding 2232 new clauses to MiniSAT (incremental run)
DEBUG: Clause load summary: input=2232, added=2232, tautologies_skipped=0, duplicates_skipped=0, unit_clauses=153, empties=0, intra_clause_literals_removed=0, added_but_db_unchanged=169
DEBUG: After adding clauses, solver has 1910 clauses and 797 variables
DEBUG: MiniSAT found 797 variables
DEBUG: Assignment size: 797
DEBUG: First few assignment values: 1 0 1 0 1 0 0 1 0 0 

=== DEBUG: cnf_assignment_to_paths ===
Input assignment size: 797

=== END DEBUG ===
[SAT] Found 2 vertex collisions and 1 edge collisions
[SAT] Adding collision clauses and solving again...
[SAT] Solving local zone with SAT iteration 2...
[SAT] Local CNF: 2235 clauses 

DEBUG: Adding 3 new clauses to MiniSAT (incremental run)
[SAT] Local problem appears to be unsatisfiable in current zone
[Waiting_time_Solve] No solution found, trying to apply waiting time:2
[Waiting_time_Solve] Applying waiting time 2 to agent 7 who has waiting time 5
[Waiting_time_Solve] New path is consistent after applying waiting time for agent 7
[Current_Solution] Agent 7 used 2 waiting timesteps, 3 remaining
[Waiting_time_Solve] Applied 2 waiting time  for agent 7 who has waiting time 3
[Waiting_time_Solve] ALL Waiting time applied
[Waiting_time_Solve] Extended Zone end time from 95 to 97
[Waiting_time_Solve] Iteration 2...
[SAT] Start solving CNF: 5511 clauses and 1148 variables
[SAT] Agent 16 entry time: 45 exit time: 94
[SAT] Agent 12 entry time: 54 exit time: 97
[SAT] Agent 9 entry time: 46 exit time: 58
[SAT] Agent 8 entry time: 45 exit time: 93
[SAT] Agent 7 entry time: 45 exit time: 97
[SAT] Agent 6 entry time: 45 exit time: 76
[SAT] Agent 5 entry time: 45 exit time: 68
[SAT] Agent 4 entry time: 46 exit time: 96
[SAT] Agent 2 entry time: 45 exit time: 71
[SAT] Agent 1 entry time: 46 exit time: 48

[SAT] Start time: 45 End time: 97

[SAT] Solving local zone with SAT iteration 1...
[SAT] Local CNF: 5515 clauses 

DEBUG: Adding 5515 new clauses to MiniSAT (incremental run)
DEBUG: Clause load summary: input=5515, added=5515, tautologies_skipped=0, duplicates_skipped=0, unit_clauses=154, empties=0, intra_clause_literals_removed=0, added_but_db_unchanged=174
DEBUG: After adding clauses, solver has 5187 clauses and 1148 variables
DEBUG: MiniSAT found 1148 variables
DEBUG: Assignment size: 1148
DEBUG: First few assignment values: 1 0 1 0 1 0 0 1 0 0 

=== DEBUG: cnf_assignment_to_paths ===
Input assignment size: 1148

=== END DEBUG ===
[SAT] Found 1 vertex collisions and 1 edge collisions
[SAT] Adding collision clauses and solving again...
[SAT] Solving local zone with SAT iteration 2...
[SAT] Local CNF: 5517 clauses 

DEBUG: Adding 2 new clauses to MiniSAT (incremental run)
DEBUG: Clause load summary: input=2, added=2, tautologies_skipped=0, duplicates_skipped=0, unit_clauses=0, empties=0, intra_clause_literals_removed=0, added_but_db_unchanged=2
DEBUG: After adding clauses, solver has 5175 clauses and 1148 variables
DEBUG: MiniSAT found 1148 variables
DEBUG: Assignment size: 1148
DEBUG: First few assignment values: 1 0 1 0 1 0 0 1 0 0 

=== DEBUG: cnf_assignment_to_paths ===
Input assignment size: 1148

=== END DEBUG ===
[SAT] Found 2 vertex collisions and 1 edge collisions
[SAT] Adding collision clauses and solving again...
[SAT] Solving local zone with SAT iteration 3...
[SAT] Local CNF: 5520 clauses 

DEBUG: Adding 3 new clauses to MiniSAT (incremental run)
[SAT] Local problem appears to be unsatisfiable in current zone
[Waiting_time_Solve] No solution found, trying to apply waiting time:3
[Waiting_time_Solve] Applying waiting time 3 to agent 4 who has waiting time 5
[Waiting_time_Solve] New path is consistent after applying waiting time for agent 4
[Current_Solution] Agent 4 used 3 waiting timesteps, 2 remaining
[Waiting_time_Solve] Applied 3 waiting time  for agent 4 who has waiting time 2
[Waiting_time_Solve] Applying waiting time 3 to agent 7 who has waiting time 3
[Waiting_time_Solve] New path is consistent after applying waiting time for agent 7
[Current_Solution] Agent 7 used 3 waiting timesteps, 0 remaining
[Waiting_time_Solve] Applied 3 waiting time  for agent 7 who has waiting time 0
[Waiting_time_Solve] ALL Waiting time applied
[Waiting_time_Solve] Extended Zone end time from 97 to 100
[Waiting_time_Solve] Iteration 3...
[SAT] Start solving CNF: 21677 clauses and 2281 variables
[SAT] Agent 16 entry time: 45 exit time: 94
[SAT] Agent 12 entry time: 54 exit time: 100
[SAT] Agent 9 entry time: 46 exit time: 58
[SAT] Agent 8 entry time: 45 exit time: 93
[SAT] Agent 7 entry time: 45 exit time: 100
[SAT] Agent 6 entry time: 45 exit time: 76
[SAT] Agent 5 entry time: 45 exit time: 68
[SAT] Agent 4 entry time: 46 exit time: 99
[SAT] Agent 2 entry time: 45 exit time: 71
[SAT] Agent 1 entry time: 46 exit time: 48

[SAT] Start time: 45 End time: 100

[SAT] Solving local zone with SAT iteration 1...
[SAT] Local CNF: 21686 clauses 

DEBUG: Adding 21686 new clauses to MiniSAT (incremental run)
DEBUG: Clause load summary: input=21686, added=21686, tautologies_skipped=0, duplicates_skipped=0, unit_clauses=129, empties=0, intra_clause_literals_removed=0, added_but_db_unchanged=151
DEBUG: After adding clauses, solver has 21406 clauses and 2281 variables
DEBUG: MiniSAT found 2281 variables
DEBUG: Assignment size: 2281
DEBUG: First few assignment values: 1 0 1 0 1 0 0 1 0 0 

=== DEBUG: cnf_assignment_to_paths ===
Input assignment size: 2281

=== END DEBUG ===
[SAT] Found 1 vertex collisions and 2 edge collisions
[SAT] Adding collision clauses and solving again...
[SAT] Solving local zone with SAT iteration 2...
[SAT] Local CNF: 21689 clauses 

DEBUG: Adding 3 new clauses to MiniSAT (incremental run)
DEBUG: Clause load summary: input=3, added=3, tautologies_skipped=0, duplicates_skipped=0, unit_clauses=0, empties=0, intra_clause_literals_removed=0, added_but_db_unchanged=2
DEBUG: After adding clauses, solver has 21336 clauses and 2281 variables
DEBUG: MiniSAT found 2281 variables
DEBUG: Assignment size: 2281
DEBUG: First few assignment values: 1 0 1 0 1 0 0 1 0 0 

=== DEBUG: cnf_assignment_to_paths ===
Input assignment size: 2281

=== END DEBUG ===
[SAT] Found 1 vertex collisions and 1 edge collisions
[SAT] Adding collision clauses and solving again...
[SAT] Solving local zone with SAT iteration 3...
[SAT] Local CNF: 21691 clauses 

DEBUG: Adding 2 new clauses to MiniSAT (incremental run)
DEBUG: Clause load summary: input=2, added=2, tautologies_skipped=0, duplicates_skipped=0, unit_clauses=0, empties=0, intra_clause_literals_removed=0, added_but_db_unchanged=2
DEBUG: After adding clauses, solver has 21336 clauses and 2281 variables
DEBUG: MiniSAT found 2281 variables
DEBUG: Assignment size: 2281
DEBUG: First few assignment values: 1 0 1 0 1 0 0 1 0 0 

=== DEBUG: cnf_assignment_to_paths ===
Input assignment size: 2281

=== END DEBUG ===
[SAT] Found 2 vertex collisions and 1 edge collisions
[SAT] Adding collision clauses and solving again...
[SAT] Solving local zone with SAT iteration 4...
[SAT] Local CNF: 21694 clauses 

DEBUG: Adding 3 new clauses to MiniSAT (incremental run)
DEBUG: Clause load summary: input=3, added=3, tautologies_skipped=0, duplicates_skipped=0, unit_clauses=0, empties=0, intra_clause_literals_removed=0, added_but_db_unchanged=2
DEBUG: After adding clauses, solver has 21337 clauses and 2281 variables
DEBUG: MiniSAT found 2281 variables
DEBUG: Assignment size: 2281
DEBUG: First few assignment values: 1 0 1 0 1 0 0 1 0 0 

=== DEBUG: cnf_assignment_to_paths ===
Input assignment size: 2281

=== END DEBUG ===
[SAT] Found 0 vertex collisions and 1 edge collisions
[SAT] Adding collision clauses and solving again...
[SAT] Solving local zone with SAT iteration 5...
[SAT] Local CNF: 21695 clauses 

DEBUG: Adding 1 new clauses to MiniSAT (incremental run)
DEBUG: Clause load summary: input=1, added=1, tautologies_skipped=0, duplicates_skipped=0, unit_clauses=0, empties=0, intra_clause_literals_removed=0, added_but_db_unchanged=0
DEBUG: After adding clauses, solver has 21338 clauses and 2281 variables
DEBUG: MiniSAT found 2281 variables
DEBUG: Assignment size: 2281
DEBUG: First few assignment values: 1 0 1 0 1 0 0 1 0 0 

=== DEBUG: cnf_assignment_to_paths ===
Input assignment size: 2281

=== END DEBUG ===
[SAT] Found 1 vertex collisions and 0 edge collisions
[SAT] Adding collision clauses and solving again...
[SAT] Solving local zone with SAT iteration 6...
[SAT] Local CNF: 21696 clauses 

DEBUG: Adding 1 new clauses to MiniSAT (incremental run)
DEBUG: Clause load summary: input=1, added=1, tautologies_skipped=0, duplicates_skipped=0, unit_clauses=0, empties=0, intra_clause_literals_removed=0, added_but_db_unchanged=0
DEBUG: After adding clauses, solver has 21339 clauses and 2281 variables
DEBUG: MiniSAT found 2281 variables
DEBUG: Assignment size: 2281
DEBUG: First few assignment values: 1 0 1 0 1 0 0 1 0 0 

=== DEBUG: cnf_assignment_to_paths ===
Input assignment size: 2281

=== END DEBUG ===
[SAT] Found 1 vertex collisions and 0 edge collisions
[SAT] Adding collision clauses and solving again...
[SAT] Solving local zone with SAT iteration 7...
[SAT] Local CNF: 21697 clauses 

DEBUG: Adding 1 new clauses to MiniSAT (incremental run)
[SAT] Local problem appears to be unsatisfiable in current zone
[Waiting_time_Solve] No solution found, trying to apply waiting time:4
[Waiting_time_Solve] INFO: not enough waiting time for agent 4 (needs 4, available: 2)
[Waiting_time_Solve] INFO: not enough waiting time for agent 4 (needs 4, available: 2)
[Waiting_time_Solve] No waiting time applied
[Waiting_time_Solve] No solution found
[Waiting_time_Solve] Restoring original paths
[Waiting_time_Solve] Restoring waiting times
[Current_Solution] Restored waiting times from backup
[Current_Solution] Restored paths from backup
[Solve_local_zone] Zone with expansion factor 22failed
[Solve_local_zone] Expanding zone with offset 25 (original: 2)
[Solve_local_zone] Final expanded zone contains 673 positions with 3 conflicts 
[Solve_local_zone] New time window: [44, 95]
[Solve_local_zone] Current local zone size: 673 (20.823% of all walkable positions)
[Solve_local_zone] Local zone time window: [44, 95]
[Waiting_time_Solve] Agent 0 has waiting time 110
[Waiting_time_Solve] Agent 1 has waiting time 71
[Waiting_time_Solve] Agent 2 has waiting time 59
[Waiting_time_Solve] Agent 3 has waiting time 125
[Waiting_time_Solve] Agent 4 has waiting time 5
[Waiting_time_Solve] Agent 5 has waiting time 55
[Waiting_time_Solve] Agent 6 has waiting time 61
[Waiting_time_Solve] Agent 7 has waiting time 6
[Waiting_time_Solve] Agent 8 has waiting time 0
[Waiting_time_Solve] Agent 9 has waiting time 57
[Waiting_time_Solve] Agent 10 has waiting time 137
[Waiting_time_Solve] Agent 11 has waiting time 134
[Waiting_time_Solve] Agent 12 has waiting time 2
[Waiting_time_Solve] Agent 13 has waiting time 44
[Waiting_time_Solve] Agent 14 has waiting time 129
[Waiting_time_Solve] Agent 15 has waiting time 88
[Waiting_time_Solve] Agent 16 has waiting time 3
[Waiting_time_Solve] Agent 17 has waiting time 128
[Waiting_time_Solve] Agent 18 has waiting time 82
[Waiting_time_Solve] Agent 19 has waiting time 59
[Waiting_time_Solve] Total available waiting time: 1355
[Waiting_time_Solve] Max iterations: 1355
[Waiting_time_Solve] Iteration 0...
[SAT] Start solving CNF: 1772 clauses and 729 variables
[SAT] Agent 16 entry time: 44 exit time: 95
[SAT] Agent 12 entry time: 53 exit time: 95
[SAT] Agent 9 entry time: 45 exit time: 59
[SAT] Agent 8 entry time: 44 exit time: 94
[SAT] Agent 7 entry time: 44 exit time: 95
[SAT] Agent 6 entry time: 44 exit time: 77
[SAT] Agent 5 entry time: 44 exit time: 69
[SAT] Agent 4 entry time: 45 exit time: 95
[SAT] Agent 2 entry time: 44 exit time: 72
[SAT] Agent 1 entry time: 45 exit time: 49

[SAT] Start time: 44 End time: 95

[SAT] Solving local zone with SAT iteration 1...
[SAT] Local CNF: 1772 clauses 

DEBUG: Adding 1772 new clauses to MiniSAT (incremental run)
DEBUG: Clause load summary: input=1772, added=1772, tautologies_skipped=0, duplicates_skipped=0, unit_clauses=185, empties=0, intra_clause_literals_removed=0, added_but_db_unchanged=202
DEBUG: After adding clauses, solver has 1385 clauses and 729 variables
DEBUG: MiniSAT found 729 variables
DEBUG: Assignment size: 729
DEBUG: First few assignment values: 1 0 1 0 1 0 0 1 0 0 

=== DEBUG: cnf_assignment_to_paths ===
Input assignment size: 729

=== END DEBUG ===
[SAT] Found 1 vertex collisions and 0 edge collisions
[SAT] Adding collision clauses and solving again...
[SAT] Solving local zone with SAT iteration 2...
[SAT] Local CNF: 1773 clauses 

DEBUG: Adding 1 new clauses to MiniSAT (incremental run)
[SAT] Local problem appears to be unsatisfiable in current zone
[Waiting_time_Solve] No solution found, trying to apply waiting time:1
[Waiting_time_Solve] Applying waiting time 1 to agent 7 who has waiting time 6
[Waiting_time_Solve] New path is consistent after applying waiting time for agent 7
[Current_Solution] Agent 7 used 1 waiting timesteps, 5 remaining
[Waiting_time_Solve] Applied 1 waiting time  for agent 7 who has waiting time 5
[Waiting_time_Solve] ALL Waiting time applied
[Waiting_time_Solve] Extended Zone end time from 95 to 96
[Waiting_time_Solve] Iteration 1...
[SAT] Start solving CNF: 2364 clauses and 846 variables
[SAT] Agent 16 entry time: 44 exit time: 95
[SAT] Agent 12 entry time: 53 exit time: 96
[SAT] Agent 9 entry time: 45 exit time: 59
[SAT] Agent 8 entry time: 44 exit time: 94
[SAT] Agent 7 entry time: 44 exit time: 96
[SAT] Agent 6 entry time: 44 exit time: 77
[SAT] Agent 5 entry time: 44 exit time: 69
[SAT] Agent 4 entry time: 45 exit time: 96
[SAT] Agent 2 entry time: 44 exit time: 72
[SAT] Agent 1 entry time: 45 exit time: 49

[SAT] Start time: 44 End time: 96

[SAT] Solving local zone with SAT iteration 1...
[SAT] Local CNF: 2365 clauses 

DEBUG: Adding 2365 new clauses to MiniSAT (incremental run)
DEBUG: Clause load summary: input=2365, added=2365, tautologies_skipped=0, duplicates_skipped=0, unit_clauses=160, empties=0, intra_clause_literals_removed=0, added_but_db_unchanged=177
DEBUG: After adding clauses, solver has 2028 clauses and 846 variables
DEBUG: MiniSAT found 846 variables
DEBUG: Assignment size: 846
DEBUG: First few assignment values: 1 0 1 0 1 0 0 0 1 0 

=== DEBUG: cnf_assignment_to_paths ===
Input assignment size: 846

=== END DEBUG ===
[SAT] Found 1 vertex collisions and 1 edge collisions
[SAT] Adding collision clauses and solving again...
[SAT] Solving local zone with SAT iteration 2...
[SAT] Local CNF: 2367 clauses 

DEBUG: Adding 2 new clauses to MiniSAT (incremental run)
[SAT] Local problem appears to be unsatisfiable in current zone
[Waiting_time_Solve] No solution found, trying to apply waiting time:2
[Waiting_time_Solve] Applying waiting time 2 to agent 7 who has waiting time 5
[Waiting_time_Solve] New path is consistent after applying waiting time for agent 7
[Current_Solution] Agent 7 used 2 waiting timesteps, 3 remaining
[Waiting_time_Solve] Applied 2 waiting time  for agent 7 who has waiting time 3
[Waiting_time_Solve] ALL Waiting time applied
[Waiting_time_Solve] Extended Zone end time from 96 to 98
[Waiting_time_Solve] Iteration 2...
[SAT] Start solving CNF: 5825 clauses and 1211 variables
[SAT] Agent 16 entry time: 44 exit time: 95
[SAT] Agent 12 entry time: 53 exit time: 98
[SAT] Agent 9 entry time: 45 exit time: 59
[SAT] Agent 8 entry time: 44 exit time: 94
[SAT] Agent 7 entry time: 44 exit time: 98
[SAT] Agent 6 entry time: 44 exit time: 77
[SAT] Agent 5 entry time: 44 exit time: 69
[SAT] Agent 4 entry time: 45 exit time: 97
[SAT] Agent 2 entry time: 44 exit time: 72
[SAT] Agent 1 entry time: 45 exit time: 49

[SAT] Start time: 44 End time: 98

[SAT] Solving local zone with SAT iteration 1...
[SAT] Local CNF: 5828 clauses 

DEBUG: Adding 5828 new clauses to MiniSAT (incremental run)
DEBUG: Clause load summary: input=5828, added=5828, tautologies_skipped=0, duplicates_skipped=0, unit_clauses=161, empties=0, intra_clause_literals_removed=0, added_but_db_unchanged=182
DEBUG: After adding clauses, solver has 5485 clauses and 1211 variables
DEBUG: MiniSAT found 1211 variables
DEBUG: Assignment size: 1211
DEBUG: First few assignment values: 1 0 1 0 1 0 0 1 0 0 

=== DEBUG: cnf_assignment_to_paths ===
Input assignment size: 1211

=== END DEBUG ===
[SAT] Found 1 vertex collisions and 2 edge collisions
[SAT] Adding collision clauses and solving again...
[SAT] Solving local zone with SAT iteration 2...
[SAT] Local CNF: 5831 clauses 

DEBUG: Adding 3 new clauses to MiniSAT (incremental run)
DEBUG: Clause load summary: input=3, added=3, tautologies_skipped=0, duplicates_skipped=0, unit_clauses=0, empties=0, intra_clause_literals_removed=0, added_but_db_unchanged=2
DEBUG: After adding clauses, solver has 5474 clauses and 1211 variables
DEBUG: MiniSAT found 1211 variables
DEBUG: Assignment size: 1211
DEBUG: First few assignment values: 1 0 1 0 1 0 0 1 0 0 

=== DEBUG: cnf_assignment_to_paths ===
Input assignment size: 1211

=== END DEBUG ===
[SAT] Found 2 vertex collisions and 1 edge collisions
[SAT] Adding collision clauses and solving again...
[SAT] Solving local zone with SAT iteration 3...
[SAT] Local CNF: 5834 clauses 

DEBUG: Adding 3 new clauses to MiniSAT (incremental run)
[SAT] Local problem appears to be unsatisfiable in current zone
[Waiting_time_Solve] No solution found, trying to apply waiting time:3
[Waiting_time_Solve] Applying waiting time 3 to agent 4 who has waiting time 5
[Waiting_time_Solve] New path is consistent after applying waiting time for agent 4
[Current_Solution] Agent 4 used 3 waiting timesteps, 2 remaining
[Waiting_time_Solve] Applied 3 waiting time  for agent 4 who has waiting time 2
[Waiting_time_Solve] Applying waiting time 3 to agent 7 who has waiting time 3
[Waiting_time_Solve] New path is consistent after applying waiting time for agent 7
[Current_Solution] Agent 7 used 3 waiting timesteps, 0 remaining
[Waiting_time_Solve] Applied 3 waiting time  for agent 7 who has waiting time 0
[Waiting_time_Solve] ALL Waiting time applied
[Waiting_time_Solve] Extended Zone end time from 98 to 101
[Waiting_time_Solve] Iteration 3...
[SAT] Start solving CNF: 22793 clauses and 2389 variables
[SAT] Agent 16 entry time: 44 exit time: 95
[SAT] Agent 12 entry time: 53 exit time: 101
[SAT] Agent 9 entry time: 45 exit time: 59
[SAT] Agent 8 entry time: 44 exit time: 94
[SAT] Agent 7 entry time: 44 exit time: 101
[SAT] Agent 6 entry time: 44 exit time: 77
[SAT] Agent 5 entry time: 44 exit time: 69
[SAT] Agent 4 entry time: 45 exit time: 100
[SAT] Agent 2 entry time: 44 exit time: 72
[SAT] Agent 1 entry time: 45 exit time: 49

[SAT] Start time: 44 End time: 101

[SAT] Solving local zone with SAT iteration 1...
[SAT] Local CNF: 22802 clauses 

DEBUG: Adding 22802 new clauses to MiniSAT (incremental run)
DEBUG: Clause load summary: input=22802, added=22802, tautologies_skipped=0, duplicates_skipped=0, unit_clauses=135, empties=0, intra_clause_literals_removed=0, added_but_db_unchanged=158
DEBUG: After adding clauses, solver has 22509 clauses and 2389 variables
DEBUG: MiniSAT found 2389 variables
DEBUG: Assignment size: 2389
DEBUG: First few assignment values: 1 0 1 0 1 0 0 1 0 0 

=== DEBUG: cnf_assignment_to_paths ===
Input assignment size: 2389

=== END DEBUG ===
[SAT] Found 1 vertex collisions and 3 edge collisions
[SAT] Adding collision clauses and solving again...
[SAT] Solving local zone with SAT iteration 2...
[SAT] Local CNF: 22806 clauses 

DEBUG: Adding 4 new clauses to MiniSAT (incremental run)
DEBUG: Clause load summary: input=4, added=4, tautologies_skipped=0, duplicates_skipped=0, unit_clauses=0, empties=0, intra_clause_literals_removed=0, added_but_db_unchanged=2
DEBUG: After adding clauses, solver has 22440 clauses and 2389 variables
DEBUG: MiniSAT found 2389 variables
DEBUG: Assignment size: 2389
DEBUG: First few assignment values: 1 0 1 0 1 0 0 1 0 0 

=== DEBUG: cnf_assignment_to_paths ===
Input assignment size: 2389

=== END DEBUG ===
[SAT] Found 2 vertex collisions and 1 edge collisions
[SAT] Adding collision clauses and solving again...
[SAT] Solving local zone with SAT iteration 3...
[SAT] Local CNF: 22809 clauses 

DEBUG: Adding 3 new clauses to MiniSAT (incremental run)
DEBUG: Clause load summary: input=3, added=3, tautologies_skipped=0, duplicates_skipped=0, unit_clauses=0, empties=0, intra_clause_literals_removed=0, added_but_db_unchanged=3
DEBUG: After adding clauses, solver has 22440 clauses and 2389 variables
DEBUG: MiniSAT found 2389 variables
DEBUG: Assignment size: 2389
DEBUG: First few assignment values: 1 0 1 0 1 0 0 1 0 0 

=== DEBUG: cnf_assignment_to_paths ===
Input assignment size: 2389

=== END DEBUG ===
[SAT] Found 2 vertex collisions and 1 edge collisions
[SAT] Adding collision clauses and solving again...
[SAT] Solving local zone with SAT iteration 4...
[SAT] Local CNF: 22812 clauses 

DEBUG: Adding 3 new clauses to MiniSAT (incremental run)
DEBUG: Clause load summary: input=3, added=3, tautologies_skipped=0, duplicates_skipped=0, unit_clauses=0, empties=0, intra_clause_literals_removed=0, added_but_db_unchanged=2
DEBUG: After adding clauses, solver has 22441 clauses and 2389 variables
DEBUG: MiniSAT found 2389 variables
DEBUG: Assignment size: 2389
DEBUG: First few assignment values: 1 0 1 0 1 0 0 1 0 0 

=== DEBUG: cnf_assignment_to_paths ===
Input assignment size: 2389

=== END DEBUG ===
[SAT] Found 0 vertex collisions and 1 edge collisions
[SAT] Adding collision clauses and solving again...
[SAT] Solving local zone with SAT iteration 5...
[SAT] Local CNF: 22813 clauses 

DEBUG: Adding 1 new clauses to MiniSAT (incremental run)
DEBUG: Clause load summary: input=1, added=1, tautologies_skipped=0, duplicates_skipped=0, unit_clauses=0, empties=0, intra_clause_literals_removed=0, added_but_db_unchanged=0
DEBUG: After adding clauses, solver has 22442 clauses and 2389 variables
DEBUG: MiniSAT found 2389 variables
DEBUG: Assignment size: 2389
DEBUG: First few assignment values: 1 0 1 0 1 0 0 1 0 0 

=== DEBUG: cnf_assignment_to_paths ===
Input assignment size: 2389

=== END DEBUG ===
[SAT] Found 1 vertex collisions and 0 edge collisions
[SAT] Adding collision clauses and solving again...
[SAT] Solving local zone with SAT iteration 6...
[SAT] Local CNF: 22814 clauses 

DEBUG: Adding 1 new clauses to MiniSAT (incremental run)
DEBUG: Clause load summary: input=1, added=1, tautologies_skipped=0, duplicates_skipped=0, unit_clauses=0, empties=0, intra_clause_literals_removed=0, added_but_db_unchanged=0
DEBUG: After adding clauses, solver has 22443 clauses and 2389 variables
DEBUG: MiniSAT found 2389 variables
DEBUG: Assignment size: 2389
DEBUG: First few assignment values: 1 0 1 0 1 0 0 1 0 0 

=== DEBUG: cnf_assignment_to_paths ===
Input assignment size: 2389

=== END DEBUG ===
[SAT] Found 1 vertex collisions and 0 edge collisions
[SAT] Adding collision clauses and solving again...
[SAT] Solving local zone with SAT iteration 7...
[SAT] Local CNF: 22815 clauses 

DEBUG: Adding 1 new clauses to MiniSAT (incremental run)
[SAT] Local problem appears to be unsatisfiable in current zone
[Waiting_time_Solve] No solution found, trying to apply waiting time:4
[Waiting_time_Solve] Applying waiting time 4 to agent 1 who has waiting time 71
[Waiting_time_Solve] New path is consistent after applying waiting time for agent 1
[Current_Solution] Agent 1 used 4 waiting timesteps, 67 remaining
[Waiting_time_Solve] Applied 4 waiting time  for agent 1 who has waiting time 67
[Waiting_time_Solve] INFO: not enough waiting time for agent 4 (needs 4, available: 2)
[Waiting_time_Solve] INFO: not enough waiting time for agent 4 (needs 4, available: 2)
[Waiting_time_Solve] ALL Waiting time applied
[Waiting_time_Solve] Out of waiting time
[Waiting_time_Solve] No solution found
[Waiting_time_Solve] Restoring original paths
[Waiting_time_Solve] Restoring waiting times
[Current_Solution] Restored waiting times from backup
[Current_Solution] Restored paths from backup
[Solve_local_zone] Zone with expansion factor 23failed
[Solve_local_zone] Expanding zone with offset 26 (original: 2)
[Solve_local_zone] Final expanded zone contains 720 positions with 3 conflicts 
[Solve_local_zone] New time window: [43, 96]
[Solve_local_zone] Current local zone size: 720 (22.2772% of all walkable positions)
[Solve_local_zone] Local zone time window: [43, 96]
[Current_Solution] Agent 0 used 67 waiting timesteps, 43 remaining
[Current_Solution] Agent 6 used 18 waiting timesteps, 43 remaining
[Waiting_time_Solve] Agent 0 has waiting time 43
[Waiting_time_Solve] Agent 1 has waiting time 71
[Waiting_time_Solve] Agent 2 has waiting time 59
[Waiting_time_Solve] Agent 3 has waiting time 125
[Waiting_time_Solve] Agent 4 has waiting time 5
[Waiting_time_Solve] Agent 5 has waiting time 55
[Waiting_time_Solve] Agent 6 has waiting time 43
[Waiting_time_Solve] Agent 7 has waiting time 6
[Waiting_time_Solve] Agent 8 has waiting time 0
[Waiting_time_Solve] Agent 9 has waiting time 57
[Waiting_time_Solve] Agent 10 has waiting time 137
[Waiting_time_Solve] Agent 11 has waiting time 134
[Waiting_time_Solve] Agent 12 has waiting time 2
[Waiting_time_Solve] Agent 13 has waiting time 44
[Waiting_time_Solve] Agent 14 has waiting time 129
[Waiting_time_Solve] Agent 15 has waiting time 88
[Waiting_time_Solve] Agent 16 has waiting time 3
[Waiting_time_Solve] Agent 17 has waiting time 128
[Waiting_time_Solve] Agent 18 has waiting time 82
[Waiting_time_Solve] Agent 19 has waiting time 59
[Waiting_time_Solve] Total available waiting time: 1270
[Waiting_time_Solve] Max iterations: 1270
[Waiting_time_Solve] Iteration 0...
[SAT] Start solving CNF: 574155 clauses and 9596 variables
[SAT] Agent 16 entry time: 43 exit time: 96
[SAT] Agent 12 entry time: 52 exit time: 96
[SAT] Agent 9 entry time: 43 exit time: 60
[SAT] Agent 8 entry time: 43 exit time: 95
[SAT] Agent 7 entry time: 43 exit time: 96
[SAT] Agent 19 entry time: 43 exit time: 43
[SAT] Agent 6 entry time: 43 exit time: 96
[SAT] Agent 5 entry time: 43 exit time: 70
[SAT] Agent 4 entry time: 44 exit time: 96
[SAT] Agent 2 entry time: 43 exit time: 73
[SAT] Agent 1 entry time: 44 exit time: 50
[SAT] Agent 0 entry time: 43 exit time: 96

[SAT] Start time: 43 End time: 96

[SAT] Solving local zone with SAT iteration 1...
[SAT] Local CNF: 574155 clauses 

DEBUG: Adding 574155 new clauses to MiniSAT (incremental run)
DEBUG: Clause load summary: input=574155, added=574155, tautologies_skipped=0, duplicates_skipped=0, unit_clauses=186, empties=0, intra_clause_literals_removed=0, added_but_db_unchanged=201
DEBUG: After adding clauses, solver has 573768 clauses and 9596 variables
DEBUG: MiniSAT found 9596 variables
DEBUG: Assignment size: 9596
DEBUG: First few assignment values: 1 0 1 0 1 0 0 1 0 0 

=== DEBUG: cnf_assignment_to_paths ===
Input assignment size: 9596

=== END DEBUG ===
[SAT] Found 4 vertex collisions and 2 edge collisions
[SAT] Adding collision clauses and solving again...
[SAT] Solving local zone with SAT iteration 2...
[SAT] Local CNF: 574161 clauses 

DEBUG: Adding 6 new clauses to MiniSAT (incremental run)
[SAT] Previous assignment invalidated by new clauses, reset solver and retrying without assumptions...
DEBUG: Adding 574161 new clauses to MiniSAT (incremental run)
[SAT] Local problem appears to be unsatisfiable in current zone
[Waiting_time_Solve] No solution found, trying to apply waiting time:1
[Waiting_time_Solve] Applying waiting time 1 to agent 6 who has waiting time 43
[Current_Solution] Agent 6 used 1 waiting timesteps, 42 remaining
[Waiting_time_Solve] New path is consistent after applying waiting time for agent 6
[Current_Solution] Agent 6 used 1 waiting timesteps, 41 remaining
[Waiting_time_Solve] Applied 1 waiting time  for agent 6 who has waiting time 41
[Waiting_time_Solve] Applying waiting time 1 to agent 7 who has waiting time 6
[Waiting_time_Solve] New path is consistent after applying waiting time for agent 7
[Current_Solution] Agent 7 used 1 waiting timesteps, 5 remaining
[Waiting_time_Solve] Applied 1 waiting time  for agent 7 who has waiting time 5
[Waiting_time_Solve] ALL Waiting time applied
[Waiting_time_Solve] Extended Zone end time from 96 to 97
[Current_Solution] Agent 0 used 1 waiting timesteps, 42 remaining
[Waiting_time_Solve] Iteration 1...
[SAT] Start solving CNF: 640378 clauses and 10307 variables
[SAT] Agent 16 entry time: 43 exit time: 96
[SAT] Agent 12 entry time: 52 exit time: 97
[SAT] Agent 9 entry time: 43 exit time: 60
[SAT] Agent 8 entry time: 43 exit time: 95
[SAT] Agent 7 entry time: 43 exit time: 97
[SAT] Agent 19 entry time: 43 exit time: 43
[SAT] Agent 6 entry time: 43 exit time: 97
[SAT] Agent 5 entry time: 43 exit time: 70
[SAT] Agent 4 entry time: 44 exit time: 97
[SAT] Agent 2 entry time: 43 exit time: 73
[SAT] Agent 1 entry time: 44 exit time: 50
[SAT] Agent 0 entry time: 43 exit time: 97

[SAT] Start time: 43 End time: 97

[SAT] Solving local zone with SAT iteration 1...
[SAT] Local CNF: 640384 clauses 

DEBUG: Adding 640384 new clauses to MiniSAT (incremental run)
DEBUG: Clause load summary: input=640384, added=640384, tautologies_skipped=0, duplicates_skipped=0, unit_clauses=160, empties=0, intra_clause_literals_removed=0, added_but_db_unchanged=175
DEBUG: After adding clauses, solver has 640049 clauses and 10307 variables
DEBUG: MiniSAT found 10307 variables
DEBUG: Assignment size: 10307
DEBUG: First few assignment values: 1 0 1 0 1 0 0 0 1 0 

=== DEBUG: cnf_assignment_to_paths ===
Input assignment size: 10307

=== END DEBUG ===
[SAT] Found 2 vertex collisions and 2 edge collisions
[SAT] Adding collision clauses and solving again...
[SAT] Solving local zone with SAT iteration 2...
[SAT] Local CNF: 640388 clauses 

DEBUG: Adding 4 new clauses to MiniSAT (incremental run)
[SAT] Previous assignment invalidated by new clauses, reset solver and retrying without assumptions...
DEBUG: Adding 640388 new clauses to MiniSAT (incremental run)
[SAT] Local problem appears to be unsatisfiable in current zone
[Waiting_time_Solve] No solution found, trying to apply waiting time:2
[Waiting_time_Solve] Applying waiting time 2 to agent 7 who has waiting time 5
[Waiting_time_Solve] New path is consistent after applying waiting time for agent 7
[Current_Solution] Agent 7 used 2 waiting timesteps, 3 remaining
[Waiting_time_Solve] Applied 2 waiting time  for agent 7 who has waiting time 3
[Waiting_time_Solve] Applying waiting time 2 to agent 6 who has waiting time 41
[Current_Solution] Agent 6 used 1 waiting timesteps, 40 remaining
[Waiting_time_Solve] New path is consistent after applying waiting time for agent 6
[Current_Solution] Agent 6 used 2 waiting timesteps, 38 remaining
[Waiting_time_Solve] Applied 2 waiting time  for agent 6 who has waiting time 38
[Waiting_time_Solve] ALL Waiting time applied
[Waiting_time_Solve] Extended Zone end time from 97 to 99
[Current_Solution] Agent 0 used 2 waiting timesteps, 40 remaining
[Waiting_time_Solve] Iteration 2...
[SAT] Start solving CNF: 794553 clauses and 11952 variables
[SAT] Agent 16 entry time: 43 exit time: 96
[SAT] Agent 12 entry time: 52 exit time: 99
[SAT] Agent 9 entry time: 43 exit time: 60
[SAT] Agent 8 entry time: 43 exit time: 95
[SAT] Agent 7 entry time: 43 exit time: 99
[SAT] Agent 19 entry time: 43 exit time: 43
[SAT] Agent 6 entry time: 43 exit time: 99
[SAT] Agent 5 entry time: 43 exit time: 70
[SAT] Agent 4 entry time: 44 exit time: 98
[SAT] Agent 2 entry time: 43 exit time: 73
[SAT] Agent 1 entry time: 44 exit time: 50
[SAT] Agent 0 entry time: 43 exit time: 99

[SAT] Start time: 43 End time: 99

[SAT] Solving local zone with SAT iteration 1...
[SAT] Local CNF: 794563 clauses 

DEBUG: Adding 794563 new clauses to MiniSAT (incremental run)
DEBUG: Clause load summary: input=794563, added=794563, tautologies_skipped=0, duplicates_skipped=0, unit_clauses=161, empties=0, intra_clause_literals_removed=0, added_but_db_unchanged=180
DEBUG: After adding clauses, solver has 794222 clauses and 11952 variables
DEBUG: MiniSAT found 11952 variables
DEBUG: Assignment size: 11952
DEBUG: First few assignment values: 1 0 1 0 1 0 0 1 0 0 

=== DEBUG: cnf_assignment_to_paths ===
Input assignment size: 11952

=== END DEBUG ===
[SAT] Found 2 vertex collisions and 3 edge collisions
[SAT] Adding collision clauses and solving again...
[SAT] Solving local zone with SAT iteration 2...
[SAT] Local CNF: 794568 clauses 

DEBUG: Adding 5 new clauses to MiniSAT (incremental run)
DEBUG: Clause load summary: input=5, added=5, tautologies_skipped=0, duplicates_skipped=0, unit_clauses=0, empties=0, intra_clause_literals_removed=0, added_but_db_unchanged=2
DEBUG: After adding clauses, solver has 794213 clauses and 11952 variables
DEBUG: MiniSAT found 11952 variables
DEBUG: Assignment size: 11952
DEBUG: First few assignment values: 1 0 1 0 1 0 0 1 0 0 

=== DEBUG: cnf_assignment_to_paths ===
Input assignment size: 11952

=== END DEBUG ===
[SAT] Found 2 vertex collisions and 1 edge collisions
[SAT] Adding collision clauses and solving again...
[SAT] Solving local zone with SAT iteration 3...
[SAT] Local CNF: 794571 clauses 

DEBUG: Adding 3 new clauses to MiniSAT (incremental run)
[SAT] Previous assignment invalidated by new clauses, reset solver and retrying without assumptions...
DEBUG: Adding 794571 new clauses to MiniSAT (incremental run)
[SAT] Local problem appears to be unsatisfiable in current zone
[Waiting_time_Solve] No solution found, trying to apply waiting time:3
[Waiting_time_Solve] Applying waiting time 3 to agent 4 who has waiting time 5
[Waiting_time_Solve] New path is consistent after applying waiting time for agent 4
[Current_Solution] Agent 4 used 3 waiting timesteps, 2 remaining
[Waiting_time_Solve] Applied 3 waiting time  for agent 4 who has waiting time 2
[Waiting_time_Solve] Applying waiting time 3 to agent 6 who has waiting time 38
[Current_Solution] Agent 6 used 1 waiting timesteps, 37 remaining
[Waiting_time_Solve] New path is consistent after applying waiting time for agent 6
[Current_Solution] Agent 6 used 3 waiting timesteps, 34 remaining
[Waiting_time_Solve] Applied 3 waiting time  for agent 6 who has waiting time 34
[Waiting_time_Solve] Applying waiting time 3 to agent 7 who has waiting time 3
[Waiting_time_Solve] New path is consistent after applying waiting time for agent 7
[Current_Solution] Agent 7 used 3 waiting timesteps, 0 remaining
[Waiting_time_Solve] Applied 3 waiting time  for agent 7 who has waiting time 0
[Waiting_time_Solve] ALL Waiting time applied
[Waiting_time_Solve] Extended Zone end time from 99 to 102
[Current_Solution] Agent 0 used 3 waiting timesteps, 37 remaining
[Waiting_time_Solve] Iteration 3...
[SAT] Start solving CNF: 1098920 clauses and 15285 variables
[SAT] Agent 16 entry time: 43 exit time: 96
[SAT] Agent 12 entry time: 52 exit time: 102
[SAT] Agent 9 entry time: 43 exit time: 60
[SAT] Agent 8 entry time: 43 exit time: 95
[SAT] Agent 7 entry time: 43 exit time: 102
[SAT] Agent 19 entry time: 43 exit time: 43
[SAT] Agent 6 entry time: 43 exit time: 102
[SAT] Agent 5 entry time: 43 exit time: 70
[SAT] Agent 4 entry time: 44 exit time: 101
[SAT] Agent 2 entry time: 43 exit time: 73
[SAT] Agent 1 entry time: 44 exit time: 50
[SAT] Agent 0 entry time: 43 exit time: 102

[SAT] Start time: 43 End time: 102

[SAT] Solving local zone with SAT iteration 1...
[SAT] Local CNF: 1098938 clauses 

DEBUG: Adding 1098938 new clauses to MiniSAT (incremental run)
DEBUG: Clause load summary: input=1098938, added=1098938, tautologies_skipped=0, duplicates_skipped=0, unit_clauses=135, empties=0, intra_clause_literals_removed=0, added_but_db_unchanged=156
DEBUG: After adding clauses, solver has 1098647 clauses and 15285 variables
DEBUG: MiniSAT found 15285 variables
DEBUG: Assignment size: 15285
DEBUG: First few assignment values: 1 0 1 0 1 0 0 1 0 0 

=== DEBUG: cnf_assignment_to_paths ===
Input assignment size: 15285

=== END DEBUG ===
[SAT] Found 2 vertex collisions and 4 edge collisions
[SAT] Adding collision clauses and solving again...
[SAT] Solving local zone with SAT iteration 2...
[SAT] Local CNF: 1098944 clauses 

DEBUG: Adding 6 new clauses to MiniSAT (incremental run)
DEBUG: Clause load summary: input=6, added=6, tautologies_skipped=0, duplicates_skipped=0, unit_clauses=0, empties=0, intra_clause_literals_removed=0, added_but_db_unchanged=3
DEBUG: After adding clauses, solver has 1098579 clauses and 15285 variables
DEBUG: MiniSAT found 15285 variables
DEBUG: Assignment size: 15285
DEBUG: First few assignment values: 1 0 1 0 1 0 0 1 0 0 

=== DEBUG: cnf_assignment_to_paths ===
Input assignment size: 15285

=== END DEBUG ===
[SAT] Found 1 vertex collisions and 3 edge collisions
[SAT] Adding collision clauses and solving again...
[SAT] Solving local zone with SAT iteration 3...
[SAT] Local CNF: 1098948 clauses 

DEBUG: Adding 4 new clauses to MiniSAT (incremental run)
DEBUG: Clause load summary: input=4, added=4, tautologies_skipped=0, duplicates_skipped=0, unit_clauses=0, empties=0, intra_clause_literals_removed=0, added_but_db_unchanged=2
DEBUG: After adding clauses, solver has 1098581 clauses and 15285 variables
DEBUG: MiniSAT found 15285 variables
DEBUG: Assignment size: 15285
DEBUG: First few assignment values: 1 0 1 0 1 0 0 1 0 0 

=== DEBUG: cnf_assignment_to_paths ===
Input assignment size: 15285

=== END DEBUG ===
[SAT] Found 4 vertex collisions and 1 edge collisions
[SAT] Adding collision clauses and solving again...
[SAT] Solving local zone with SAT iteration 4...
[SAT] Local CNF: 1098953 clauses 

DEBUG: Adding 5 new clauses to MiniSAT (incremental run)
DEBUG: Clause load summary: input=5, added=5, tautologies_skipped=0, duplicates_skipped=0, unit_clauses=0, empties=0, intra_clause_literals_removed=0, added_but_db_unchanged=3
DEBUG: After adding clauses, solver has 1098583 clauses and 15285 variables
DEBUG: MiniSAT found 15285 variables
DEBUG: Assignment size: 15285
DEBUG: First few assignment values: 1 0 1 0 1 0 0 1 0 0 

=== DEBUG: cnf_assignment_to_paths ===
Input assignment size: 15285

=== END DEBUG ===
[SAT] Found 1 vertex collisions and 1 edge collisions
[SAT] Adding collision clauses and solving again...
[SAT] Solving local zone with SAT iteration 5...
[SAT] Local CNF: 1098955 clauses 

DEBUG: Adding 2 new clauses to MiniSAT (incremental run)
DEBUG: Clause load summary: input=2, added=2, tautologies_skipped=0, duplicates_skipped=0, unit_clauses=0, empties=0, intra_clause_literals_removed=0, added_but_db_unchanged=0
DEBUG: After adding clauses, solver has 1098585 clauses and 15285 variables
DEBUG: MiniSAT found 15285 variables
DEBUG: Assignment size: 15285
DEBUG: First few assignment values: 1 0 1 0 1 0 0 1 0 0 

=== DEBUG: cnf_assignment_to_paths ===
Input assignment size: 15285

=== END DEBUG ===
[SAT] Found 1 vertex collisions and 0 edge collisions
[SAT] Adding collision clauses and solving again...
[SAT] Solving local zone with SAT iteration 6...
[SAT] Local CNF: 1098956 clauses 

DEBUG: Adding 1 new clauses to MiniSAT (incremental run)
DEBUG: Clause load summary: input=1, added=1, tautologies_skipped=0, duplicates_skipped=0, unit_clauses=0, empties=0, intra_clause_literals_removed=0, added_but_db_unchanged=0
DEBUG: After adding clauses, solver has 1098586 clauses and 15285 variables
DEBUG: MiniSAT found 15285 variables
DEBUG: Assignment size: 15285
DEBUG: First few assignment values: 1 0 1 0 1 0 0 1 0 0 

=== DEBUG: cnf_assignment_to_paths ===
Input assignment size: 15285

=== END DEBUG ===
[SAT] Found 1 vertex collisions and 0 edge collisions
[SAT] Adding collision clauses and solving again...
[SAT] Solving local zone with SAT iteration 7...
[SAT] Local CNF: 1098957 clauses 

DEBUG: Adding 1 new clauses to MiniSAT (incremental run)
[SAT] Previous assignment invalidated by new clauses, reset solver and retrying without assumptions...
DEBUG: Adding 1098957 new clauses to MiniSAT (incremental run)
DEBUG: Clause load summary: input=1098957, added=1098957, tautologies_skipped=0, duplicates_skipped=0, unit_clauses=135, empties=0, intra_clause_literals_removed=0, added_but_db_unchanged=164
DEBUG: After adding clauses, solver has 1098658 clauses and 15285 variables
[SAT] Local problem appears to be unsatisfiable in current zone
[Waiting_time_Solve] No solution found, trying to apply waiting time:4
[Waiting_time_Solve] Applying waiting time 4 to agent 6 who has waiting time 34
[Current_Solution] Agent 6 used 1 waiting timesteps, 33 remaining
[Waiting_time_Solve] New path is consistent after applying waiting time for agent 6
[Current_Solution] Agent 6 used 4 waiting timesteps, 29 remaining
[Waiting_time_Solve] Applied 4 waiting time  for agent 6 who has waiting time 29
[Waiting_time_Solve] Applying waiting time 4 to agent 1 who has waiting time 71
[Waiting_time_Solve] New path is consistent after applying waiting time for agent 1
[Current_Solution] Agent 1 used 4 waiting timesteps, 67 remaining
[Waiting_time_Solve] Applied 4 waiting time  for agent 1 who has waiting time 67
[Waiting_time_Solve] INFO: not enough waiting time for agent 4 (needs 4, available: 2)
[Waiting_time_Solve] INFO: not enough waiting time for agent 4 (needs 4, available: 2)
[Waiting_time_Solve] ALL Waiting time applied
[Waiting_time_Solve] Out of waiting time
[Waiting_time_Solve] No solution found
[Waiting_time_Solve] Restoring original paths
[Waiting_time_Solve] Restoring waiting times
[Current_Solution] Restored waiting times from backup
[Current_Solution] Restored paths from backup
[Solve_local_zone] Zone with expansion factor 24failed
[Solve_local_zone] Expanding zone with offset 27 (original: 2)
[Solve_local_zone] Final expanded zone contains 772 positions with 3 conflicts 
[Solve_local_zone] New time window: [42, 97]
[Solve_local_zone] Current local zone size: 772 (23.8861% of all walkable positions)
[Solve_local_zone] Local zone time window: [42, 97]
[Current_Solution] Agent 0 used 68 waiting timesteps, 42 remaining
[Current_Solution] Agent 6 used 19 waiting timesteps, 42 remaining
[Waiting_time_Solve] Agent 0 has waiting time 42
[Waiting_time_Solve] Agent 1 has waiting time 71
[Waiting_time_Solve] Agent 2 has waiting time 59
[Waiting_time_Solve] Agent 3 has waiting time 125
[Waiting_time_Solve] Agent 4 has waiting time 5
[Waiting_time_Solve] Agent 5 has waiting time 55
[Waiting_time_Solve] Agent 6 has waiting time 42
[Waiting_time_Solve] Agent 7 has waiting time 6
[Waiting_time_Solve] Agent 8 has waiting time 0
[Waiting_time_Solve] Agent 9 has waiting time 57
[Waiting_time_Solve] Agent 10 has waiting time 137
[Waiting_time_Solve] Agent 11 has waiting time 134
[Waiting_time_Solve] Agent 12 has waiting time 2
[Waiting_time_Solve] Agent 13 has waiting time 44
[Waiting_time_Solve] Agent 14 has waiting time 129
[Waiting_time_Solve] Agent 15 has waiting time 88
[Waiting_time_Solve] Agent 16 has waiting time 3
[Waiting_time_Solve] Agent 17 has waiting time 128
[Waiting_time_Solve] Agent 18 has waiting time 82
[Waiting_time_Solve] Agent 19 has waiting time 59
[Waiting_time_Solve] Total available waiting time: 1268
[Waiting_time_Solve] Max iterations: 1268
[Waiting_time_Solve] Iteration 0...
[SAT] Start solving CNF: 752613 clauses and 11195 variables
[SAT] Agent 16 entry time: 42 exit time: 97
[SAT] Agent 12 entry time: 51 exit time: 97
[SAT] Agent 9 entry time: 42 exit time: 61
[SAT] Agent 8 entry time: 42 exit time: 96
[SAT] Agent 7 entry time: 42 exit time: 97
[SAT] Agent 19 entry time: 42 exit time: 44
[SAT] Agent 6 entry time: 42 exit time: 97
[SAT] Agent 5 entry time: 42 exit time: 71
[SAT] Agent 4 entry time: 43 exit time: 97
[SAT] Agent 15 entry time: 42 exit time: 43
[SAT] Agent 2 entry time: 42 exit time: 74
[SAT] Agent 1 entry time: 42 exit time: 51
[SAT] Agent 0 entry time: 42 exit time: 97

[SAT] Start time: 42 End time: 97

[SAT] Solving local zone with SAT iteration 1...
[SAT] Local CNF: 752613 clauses 

DEBUG: Adding 752613 new clauses to MiniSAT (incremental run)
DEBUG: Clause load summary: input=752613, added=752613, tautologies_skipped=0, duplicates_skipped=0, unit_clauses=182, empties=0, intra_clause_literals_removed=0, added_but_db_unchanged=203
DEBUG: After adding clauses, solver has 752228 clauses and 11195 variables
DEBUG: MiniSAT found 11195 variables
DEBUG: Assignment size: 11195
DEBUG: First few assignment values: 1 0 1 0 1 0 0 1 0 0 

=== DEBUG: cnf_assignment_to_paths ===
Input assignment size: 11195

=== END DEBUG ===
[SAT] Found 5 vertex collisions and 2 edge collisions
[SAT] Adding collision clauses and solving again...
[SAT] Solving local zone with SAT iteration 2...
[SAT] Local CNF: 752620 clauses 

DEBUG: Adding 7 new clauses to MiniSAT (incremental run)
[SAT] Previous assignment invalidated by new clauses, reset solver and retrying without assumptions...
DEBUG: Adding 752620 new clauses to MiniSAT (incremental run)
[SAT] Local problem appears to be unsatisfiable in current zone
[Waiting_time_Solve] No solution found, trying to apply waiting time:1
[Waiting_time_Solve] Applying waiting time 1 to agent 6 who has waiting time 42
[Current_Solution] Agent 6 used 1 waiting timesteps, 41 remaining
[Waiting_time_Solve] New path is consistent after applying waiting time for agent 6
[Current_Solution] Agent 6 used 1 waiting timesteps, 40 remaining
[Waiting_time_Solve] Applied 1 waiting time  for agent 6 who has waiting time 40
[Waiting_time_Solve] Applying waiting time 1 to agent 7 who has waiting time 6
[Waiting_time_Solve] New path is consistent after applying waiting time for agent 7
[Current_Solution] Agent 7 used 1 waiting timesteps, 5 remaining
[Waiting_time_Solve] Applied 1 waiting time  for agent 7 who has waiting time 5
[Waiting_time_Solve] Applying waiting time 1 to agent 1 who has waiting time 71
[Waiting_time_Solve] New path is consistent after applying waiting time for agent 1
[Current_Solution] Agent 1 used 1 waiting timesteps, 70 remaining
[Waiting_time_Solve] Applied 1 waiting time  for agent 1 who has waiting time 70
[Waiting_time_Solve] ALL Waiting time applied
[Waiting_time_Solve] Extended Zone end time from 97 to 98
[Current_Solution] Agent 0 used 1 waiting timesteps, 41 remaining
[Waiting_time_Solve] Iteration 1...
[SAT] Start solving CNF: 838896 clauses and 12032 variables
[SAT] Agent 16 entry time: 42 exit time: 97
[SAT] Agent 12 entry time: 51 exit time: 98
[SAT] Agent 9 entry time: 42 exit time: 61
[SAT] Agent 8 entry time: 42 exit time: 96
[SAT] Agent 7 entry time: 42 exit time: 98
[SAT] Agent 19 entry time: 42 exit time: 44
[SAT] Agent 6 entry time: 42 exit time: 98
[SAT] Agent 5 entry time: 42 exit time: 71
[SAT] Agent 4 entry time: 43 exit time: 98
[SAT] Agent 15 entry time: 42 exit time: 43
[SAT] Agent 2 entry time: 42 exit time: 74
[SAT] Agent 1 entry time: 42 exit time: 52
[SAT] Agent 0 entry time: 42 exit time: 98

[SAT] Start time: 42 End time: 98

[SAT] Solving local zone with SAT iteration 1...
[SAT] Local CNF: 838903 clauses 

DEBUG: Adding 838903 new clauses to MiniSAT (incremental run)
DEBUG: Clause load summary: input=838903, added=838903, tautologies_skipped=0, duplicates_skipped=0, unit_clauses=161, empties=0, intra_clause_literals_removed=0, added_but_db_unchanged=183
DEBUG: After adding clauses, solver has 838559 clauses and 12032 variables
DEBUG: MiniSAT found 12032 variables
DEBUG: Assignment size: 12032
DEBUG: First few assignment values: 1 1 0 1 0 0 1 0 0 0 

=== DEBUG: cnf_assignment_to_paths ===
Input assignment size: 12032

=== END DEBUG ===
[SAT] Found 1 vertex collisions and 3 edge collisions
[SAT] Adding collision clauses and solving again...
[SAT] Solving local zone with SAT iteration 2...
[SAT] Local CNF: 838907 clauses 

DEBUG: Adding 4 new clauses to MiniSAT (incremental run)
[SAT] Previous assignment invalidated by new clauses, reset solver and retrying without assumptions...
DEBUG: Adding 838907 new clauses to MiniSAT (incremental run)
[SAT] Local problem appears to be unsatisfiable in current zone
[Waiting_time_Solve] No solution found, trying to apply waiting time:2
[Waiting_time_Solve] Applying waiting time 2 to agent 7 who has waiting time 5
[Waiting_time_Solve] New path is consistent after applying waiting time for agent 7
[Current_Solution] Agent 7 used 2 waiting timesteps, 3 remaining
[Waiting_time_Solve] Applied 2 waiting time  for agent 7 who has waiting time 3
[Waiting_time_Solve] Applying waiting time 2 to agent 6 who has waiting time 40
[Current_Solution] Agent 6 used 1 waiting timesteps, 39 remaining
[Waiting_time_Solve] New path is consistent after applying waiting time for agent 6
[Current_Solution] Agent 6 used 2 waiting timesteps, 37 remaining
[Waiting_time_Solve] Applied 2 waiting time  for agent 6 who has waiting time 37
[Waiting_time_Solve] ALL Waiting time applied
[Waiting_time_Solve] Extended Zone end time from 98 to 100
[Current_Solution] Agent 0 used 2 waiting timesteps, 39 remaining
[Waiting_time_Solve] Iteration 2...
[SAT] Start solving CNF: 1032454 clauses and 13874 variables
[SAT] Agent 16 entry time: 42 exit time: 97
[SAT] Agent 12 entry time: 51 exit time: 100
[SAT] Agent 9 entry time: 42 exit time: 61
[SAT] Agent 8 entry time: 42 exit time: 96
[SAT] Agent 7 entry time: 42 exit time: 100
[SAT] Agent 19 entry time: 42 exit time: 44
[SAT] Agent 6 entry time: 42 exit time: 100
[SAT] Agent 5 entry time: 42 exit time: 71
[SAT] Agent 4 entry time: 43 exit time: 99
[SAT] Agent 15 entry time: 42 exit time: 43
[SAT] Agent 2 entry time: 42 exit time: 74
[SAT] Agent 1 entry time: 42 exit time: 52
[SAT] Agent 0 entry time: 42 exit time: 100

[SAT] Start time: 42 End time: 100

[SAT] Solving local zone with SAT iteration 1...
[SAT] Local CNF: 1032465 clauses 

DEBUG: Adding 1032465 new clauses to MiniSAT (incremental run)
DEBUG: Clause load summary: input=1032465, added=1032465, tautologies_skipped=0, duplicates_skipped=0, unit_clauses=161, empties=0, intra_clause_literals_removed=0, added_but_db_unchanged=188
DEBUG: After adding clauses, solver has 1032116 clauses and 13874 variables
DEBUG: MiniSAT found 13874 variables
DEBUG: Assignment size: 13874
DEBUG: First few assignment values: 1 0 1 0 1 0 0 1 0 0 

=== DEBUG: cnf_assignment_to_paths ===
Input assignment size: 13874

=== END DEBUG ===
[SAT] Found 1 vertex collisions and 3 edge collisions
[SAT] Adding collision clauses and solving again...
[SAT] Solving local zone with SAT iteration 2...
[SAT] Local CNF: 1032469 clauses 

DEBUG: Adding 4 new clauses to MiniSAT (incremental run)
DEBUG: Clause load summary: input=4, added=4, tautologies_skipped=0, duplicates_skipped=0, unit_clauses=0, empties=0, intra_clause_literals_removed=0, added_but_db_unchanged=2
DEBUG: After adding clauses, solver has 1032100 clauses and 13874 variables
DEBUG: MiniSAT found 13874 variables
DEBUG: Assignment size: 13874
DEBUG: First few assignment values: 1 0 1 0 1 0 0 1 0 0 

=== DEBUG: cnf_assignment_to_paths ===
Input assignment size: 13874

=== END DEBUG ===
[SAT] Found 3 vertex collisions and 4 edge collisions
[SAT] Adding collision clauses and solving again...
[SAT] Solving local zone with SAT iteration 3...
[SAT] Local CNF: 1032476 clauses 

DEBUG: Adding 7 new clauses to MiniSAT (incremental run)
[SAT] Previous assignment invalidated by new clauses, reset solver and retrying without assumptions...
DEBUG: Adding 1032476 new clauses to MiniSAT (incremental run)
[SAT] Local problem appears to be unsatisfiable in current zone
[Waiting_time_Solve] No solution found, trying to apply waiting time:3
[Waiting_time_Solve] Applying waiting time 3 to agent 4 who has waiting time 5
[Waiting_time_Solve] New path is consistent after applying waiting time for agent 4
[Current_Solution] Agent 4 used 3 waiting timesteps, 2 remaining
[Waiting_time_Solve] Applied 3 waiting time  for agent 4 who has waiting time 2
[Waiting_time_Solve] Applying waiting time 3 to agent 6 who has waiting time 37
[Current_Solution] Agent 6 used 1 waiting timesteps, 36 remaining
[Waiting_time_Solve] New path is consistent after applying waiting time for agent 6
[Current_Solution] Agent 6 used 3 waiting timesteps, 33 remaining
[Waiting_time_Solve] Applied 3 waiting time  for agent 6 who has waiting time 33
[Waiting_time_Solve] Applying waiting time 3 to agent 7 who has waiting time 3
[Waiting_time_Solve] New path is consistent after applying waiting time for agent 7
[Current_Solution] Agent 7 used 3 waiting timesteps, 0 remaining
[Waiting_time_Solve] Applied 3 waiting time  for agent 7 who has waiting time 0
[Waiting_time_Solve] ALL Waiting time applied
[Waiting_time_Solve] Extended Zone end time from 100 to 103
[Current_Solution] Agent 0 used 3 waiting timesteps, 36 remaining
[Waiting_time_Solve] Iteration 3...
[SAT] Start solving CNF: 1395920 clauses and 17495 variables
[SAT] Agent 16 entry time: 42 exit time: 97
[SAT] Agent 12 entry time: 51 exit time: 103
[SAT] Agent 9 entry time: 42 exit time: 61
[SAT] Agent 8 entry time: 42 exit time: 96
[SAT] Agent 7 entry time: 42 exit time: 103
[SAT] Agent 19 entry time: 42 exit time: 44
[SAT] Agent 6 entry time: 42 exit time: 103
[SAT] Agent 5 entry time: 42 exit time: 71
[SAT] Agent 4 entry time: 43 exit time: 102
[SAT] Agent 15 entry time: 42 exit time: 43
[SAT] Agent 2 entry time: 42 exit time: 74
[SAT] Agent 1 entry time: 42 exit time: 52
[SAT] Agent 0 entry time: 42 exit time: 103

[SAT] Start time: 42 End time: 103

[SAT] Solving local zone with SAT iteration 1...
[SAT] Local CNF: 1395942 clauses 

DEBUG: Adding 1395942 new clauses to MiniSAT (incremental run)
DEBUG: Clause load summary: input=1395942, added=1395942, tautologies_skipped=0, duplicates_skipped=0, unit_clauses=135, empties=0, intra_clause_literals_removed=0, added_but_db_unchanged=164
DEBUG: After adding clauses, solver has 1395643 clauses and 17495 variables
DEBUG: MiniSAT found 17495 variables
DEBUG: Assignment size: 17495
DEBUG: First few assignment values: 1 0 1 0 1 0 0 1 0 0 

=== DEBUG: cnf_assignment_to_paths ===
Input assignment size: 17495

=== END DEBUG ===
[SAT] Found 2 vertex collisions and 3 edge collisions
[SAT] Adding collision clauses and solving again...
[SAT] Solving local zone with SAT iteration 2...
[SAT] Local CNF: 1395947 clauses 

DEBUG: Adding 5 new clauses to MiniSAT (incremental run)
DEBUG: Clause load summary: input=5, added=5, tautologies_skipped=0, duplicates_skipped=0, unit_clauses=0, empties=0, intra_clause_literals_removed=0, added_but_db_unchanged=2
DEBUG: After adding clauses, solver has 1395569 clauses and 17495 variables
DEBUG: MiniSAT found 17495 variables
DEBUG: Assignment size: 17495
DEBUG: First few assignment values: 1 0 1 0 1 0 0 1 0 0 

=== DEBUG: cnf_assignment_to_paths ===
Input assignment size: 17495

=== END DEBUG ===
[SAT] Found 1 vertex collisions and 2 edge collisions
[SAT] Adding collision clauses and solving again...
[SAT] Solving local zone with SAT iteration 3...
[SAT] Local CNF: 1395950 clauses 

DEBUG: Adding 3 new clauses to MiniSAT (incremental run)
DEBUG: Clause load summary: input=3, added=3, tautologies_skipped=0, duplicates_skipped=0, unit_clauses=0, empties=0, intra_clause_literals_removed=0, added_but_db_unchanged=2
DEBUG: After adding clauses, solver has 1395570 clauses and 17495 variables
DEBUG: MiniSAT found 17495 variables
DEBUG: Assignment size: 17495
DEBUG: First few assignment values: 1 0 1 0 1 0 0 1 0 0 

=== DEBUG: cnf_assignment_to_paths ===
Input assignment size: 17495

=== END DEBUG ===
[SAT] Found 3 vertex collisions and 0 edge collisions
[SAT] Adding collision clauses and solving again...
[SAT] Solving local zone with SAT iteration 4...
[SAT] Local CNF: 1395953 clauses 

DEBUG: Adding 3 new clauses to MiniSAT (incremental run)
DEBUG: Clause load summary: input=3, added=3, tautologies_skipped=0, duplicates_skipped=0, unit_clauses=0, empties=0, intra_clause_literals_removed=0, added_but_db_unchanged=1
DEBUG: After adding clauses, solver has 1395572 clauses and 17495 variables
DEBUG: MiniSAT found 17495 variables
DEBUG: Assignment size: 17495
DEBUG: First few assignment values: 1 0 1 0 1 0 0 1 0 0 

=== DEBUG: cnf_assignment_to_paths ===
Input assignment size: 17495

=== END DEBUG ===
[SAT] Found 1 vertex collisions and 1 edge collisions
[SAT] Adding collision clauses and solving again...
[SAT] Solving local zone with SAT iteration 5...
[SAT] Local CNF: 1395955 clauses 

DEBUG: Adding 2 new clauses to MiniSAT (incremental run)
DEBUG: Clause load summary: input=2, added=2, tautologies_skipped=0, duplicates_skipped=0, unit_clauses=0, empties=0, intra_clause_literals_removed=0, added_but_db_unchanged=0
DEBUG: After adding clauses, solver has 1395574 clauses and 17495 variables
DEBUG: MiniSAT found 17495 variables
DEBUG: Assignment size: 17495
DEBUG: First few assignment values: 1 0 1 0 1 0 0 1 0 0 

=== DEBUG: cnf_assignment_to_paths ===
Input assignment size: 17495

=== END DEBUG ===
[SAT] Found 1 vertex collisions and 0 edge collisions
[SAT] Adding collision clauses and solving again...
[SAT] Solving local zone with SAT iteration 6...
[SAT] Local CNF: 1395956 clauses 

DEBUG: Adding 1 new clauses to MiniSAT (incremental run)
DEBUG: Clause load summary: input=1, added=1, tautologies_skipped=0, duplicates_skipped=0, unit_clauses=0, empties=0, intra_clause_literals_removed=0, added_but_db_unchanged=0
DEBUG: After adding clauses, solver has 1395575 clauses and 17495 variables
DEBUG: MiniSAT found 17495 variables
DEBUG: Assignment size: 17495
DEBUG: First few assignment values: 1 0 1 0 1 0 0 1 0 0 

=== DEBUG: cnf_assignment_to_paths ===
Input assignment size: 17495

=== END DEBUG ===
[SAT] Found 1 vertex collisions and 0 edge collisions
[SAT] Adding collision clauses and solving again...
[SAT] Solving local zone with SAT iteration 7...
[SAT] Local CNF: 1395957 clauses 

DEBUG: Adding 1 new clauses to MiniSAT (incremental run)
DEBUG: Clause load summary: input=1, added=1, tautologies_skipped=0, duplicates_skipped=0, unit_clauses=0, empties=0, intra_clause_literals_removed=0, added_but_db_unchanged=0
DEBUG: After adding clauses, solver has 1395576 clauses and 17495 variables
[SAT] Previous assignment invalidated by new clauses, reset solver and retrying without assumptions...
DEBUG: Adding 1395957 new clauses to MiniSAT (incremental run)
DEBUG: Clause load summary: input=1395957, added=1395957, tautologies_skipped=0, duplicates_skipped=0, unit_clauses=135, empties=0, intra_clause_literals_removed=0, added_but_db_unchanged=169
DEBUG: After adding clauses, solver has 1395653 clauses and 17495 variables
[SAT] Local problem appears to be unsatisfiable in current zone
[Waiting_time_Solve] No solution found, trying to apply waiting time:4
[Waiting_time_Solve] Applying waiting time 4 to agent 6 who has waiting time 33
[Current_Solution] Agent 6 used 1 waiting timesteps, 32 remaining
[Waiting_time_Solve] New path is consistent after applying waiting time for agent 6
[Current_Solution] Agent 6 used 4 waiting timesteps, 28 remaining
[Waiting_time_Solve] Applied 4 waiting time  for agent 6 who has waiting time 28
[Waiting_time_Solve] INFO: not enough waiting time for agent 4 (needs 4, available: 2)
[Waiting_time_Solve] INFO: not enough waiting time for agent 4 (needs 4, available: 2)
[Waiting_time_Solve] ALL Waiting time applied
[Waiting_time_Solve] Out of waiting time
[Waiting_time_Solve] No solution found
[Waiting_time_Solve] Restoring original paths
[Waiting_time_Solve] Restoring waiting times
[Current_Solution] Restored waiting times from backup
[Current_Solution] Restored paths from backup
[Solve_local_zone] Zone with expansion factor 25failed
[Solve_local_zone] Expanding zone with offset 28 (original: 2)
[Solve_local_zone] Final expanded zone contains 822 positions with 3 conflicts 
[Solve_local_zone] New time window: [41, 98]
[Solve_local_zone] Current local zone size: 822 (25.4332% of all walkable positions)
[Solve_local_zone] Local zone time window: [41, 98]
[Current_Solution] Agent 0 used 69 waiting timesteps, 41 remaining
[Current_Solution] Agent 6 used 20 waiting timesteps, 41 remaining
[Waiting_time_Solve] Agent 0 has waiting time 41
[Waiting_time_Solve] Agent 1 has waiting time 71
[Waiting_time_Solve] Agent 2 has waiting time 59
[Waiting_time_Solve] Agent 3 has waiting time 125
[Waiting_time_Solve] Agent 4 has waiting time 5
[Waiting_time_Solve] Agent 5 has waiting time 55
[Waiting_time_Solve] Agent 6 has waiting time 41
[Waiting_time_Solve] Agent 7 has waiting time 6
[Waiting_time_Solve] Agent 8 has waiting time 0
[Waiting_time_Solve] Agent 9 has waiting time 57
[Waiting_time_Solve] Agent 10 has waiting time 137
[Waiting_time_Solve] Agent 11 has waiting time 134
[Waiting_time_Solve] Agent 12 has waiting time 2
[Waiting_time_Solve] Agent 13 has waiting time 44
[Waiting_time_Solve] Agent 14 has waiting time 129
[Waiting_time_Solve] Agent 15 has waiting time 88
[Waiting_time_Solve] Agent 16 has waiting time 3
[Waiting_time_Solve] Agent 17 has waiting time 128
[Waiting_time_Solve] Agent 18 has waiting time 82
[Waiting_time_Solve] Agent 19 has waiting time 59
[Waiting_time_Solve] Total available waiting time: 1266
[Waiting_time_Solve] Max iterations: 1266
[Waiting_time_Solve] Iteration 0...
[SAT] Start solving CNF: 968885 clauses and 12892 variables
[SAT] Agent 16 entry time: 41 exit time: 98
[SAT] Agent 12 entry time: 50 exit time: 98
[SAT] Agent 9 entry time: 41 exit time: 62
[SAT] Agent 8 entry time: 41 exit time: 97
[SAT] Agent 7 entry time: 41 exit time: 98
[SAT] Agent 19 entry time: 41 exit time: 45
[SAT] Agent 6 entry time: 41 exit time: 98
[SAT] Agent 5 entry time: 41 exit time: 72
[SAT] Agent 4 entry time: 42 exit time: 98
[SAT] Agent 15 entry time: 41 exit time: 44
[SAT] Agent 2 entry time: 41 exit time: 75
[SAT] Agent 1 entry time: 41 exit time: 52
[SAT] Agent 0 entry time: 41 exit time: 98

[SAT] Start time: 41 End time: 98

[SAT] Solving local zone with SAT iteration 1...
[SAT] Local CNF: 968885 clauses 

DEBUG: Adding 968885 new clauses to MiniSAT (incremental run)
DEBUG: Clause load summary: input=968885, added=968885, tautologies_skipped=0, duplicates_skipped=0, unit_clauses=174, empties=0, intra_clause_literals_removed=0, added_but_db_unchanged=193
DEBUG: After adding clauses, solver has 968518 clauses and 12892 variables
DEBUG: MiniSAT found 12892 variables
DEBUG: Assignment size: 12892
DEBUG: First few assignment values: 1 1 0 1 0 1 0 0 1 0 

=== DEBUG: cnf_assignment_to_paths ===
Input assignment size: 12892

=== END DEBUG ===
[SAT] Found 3 vertex collisions and 2 edge collisions
[SAT] Adding collision clauses and solving again...
[SAT] Solving local zone with SAT iteration 2...
[SAT] Local CNF: 968890 clauses 

DEBUG: Adding 5 new clauses to MiniSAT (incremental run)
[SAT] Previous assignment invalidated by new clauses, reset solver and retrying without assumptions...
DEBUG: Adding 968890 new clauses to MiniSAT (incremental run)
[SAT] Local problem appears to be unsatisfiable in current zone
[Waiting_time_Solve] No solution found, trying to apply waiting time:1
[Waiting_time_Solve] Applying waiting time 1 to agent 6 who has waiting time 41
[Current_Solution] Agent 6 used 1 waiting timesteps, 40 remaining
[Waiting_time_Solve] New path is consistent after applying waiting time for agent 6
[Current_Solution] Agent 6 used 1 waiting timesteps, 39 remaining
[Waiting_time_Solve] Applied 1 waiting time  for agent 6 who has waiting time 39
[Waiting_time_Solve] Applying waiting time 1 to agent 7 who has waiting time 6
[Waiting_time_Solve] New path is consistent after applying waiting time for agent 7
[Current_Solution] Agent 7 used 1 waiting timesteps, 5 remaining
[Waiting_time_Solve] Applied 1 waiting time  for agent 7 who has waiting time 5
[Waiting_time_Solve] ALL Waiting time applied
[Waiting_time_Solve] Extended Zone end time from 98 to 99
[Current_Solution] Agent 0 used 1 waiting timesteps, 40 remaining
[Waiting_time_Solve] Iteration 1...
[SAT] Start solving CNF: 1071398 clauses and 13772 variables
[SAT] Agent 16 entry time: 41 exit time: 98
[SAT] Agent 12 entry time: 50 exit time: 99
[SAT] Agent 9 entry time: 41 exit time: 62
[SAT] Agent 8 entry time: 41 exit time: 97
[SAT] Agent 7 entry time: 41 exit time: 99
[SAT] Agent 19 entry time: 41 exit time: 45
[SAT] Agent 6 entry time: 41 exit time: 99
[SAT] Agent 5 entry time: 41 exit time: 72
[SAT] Agent 4 entry time: 42 exit time: 99
[SAT] Agent 15 entry time: 41 exit time: 44
[SAT] Agent 2 entry time: 41 exit time: 75
[SAT] Agent 1 entry time: 41 exit time: 52
[SAT] Agent 0 entry time: 41 exit time: 99

[SAT] Start time: 41 End time: 99

[SAT] Solving local zone with SAT iteration 1...
[SAT] Local CNF: 1071403 clauses 

DEBUG: Adding 1071403 new clauses to MiniSAT (incremental run)
DEBUG: Clause load summary: input=1071403, added=1071403, tautologies_skipped=0, duplicates_skipped=0, unit_clauses=150, empties=0, intra_clause_literals_removed=0, added_but_db_unchanged=169
DEBUG: After adding clauses, solver has 1071084 clauses and 13772 variables
DEBUG: MiniSAT found 13772 variables
DEBUG: Assignment size: 13772
DEBUG: First few assignment values: 1 1 0 1 0 0 1 0 0 1 

=== DEBUG: cnf_assignment_to_paths ===
Input assignment size: 13772

=== END DEBUG ===
[SAT] Found 2 vertex collisions and 2 edge collisions
[SAT] Adding collision clauses and solving again...
[SAT] Solving local zone with SAT iteration 2...
[SAT] Local CNF: 1071407 clauses 

DEBUG: Adding 4 new clauses to MiniSAT (incremental run)
[SAT] Previous assignment invalidated by new clauses, reset solver and retrying without assumptions...
DEBUG: Adding 1071407 new clauses to MiniSAT (incremental run)
[SAT] Local problem appears to be unsatisfiable in current zone
[Waiting_time_Solve] No solution found, trying to apply waiting time:2
[Waiting_time_Solve] Applying waiting time 2 to agent 1 who has waiting time 71
[Waiting_time_Solve] New path is consistent after applying waiting time for agent 1
[Current_Solution] Agent 1 used 2 waiting timesteps, 69 remaining
[Waiting_time_Solve] Applied 2 waiting time  for agent 1 who has waiting time 69
[Waiting_time_Solve] Applying waiting time 2 to agent 7 who has waiting time 5
[Waiting_time_Solve] New path is consistent after applying waiting time for agent 7
[Current_Solution] Agent 7 used 2 waiting timesteps, 3 remaining
[Waiting_time_Solve] Applied 2 waiting time  for agent 7 who has waiting time 3
[Waiting_time_Solve] Applying waiting time 2 to agent 6 who has waiting time 39
[Current_Solution] Agent 6 used 1 waiting timesteps, 38 remaining
[Waiting_time_Solve] New path is consistent after applying waiting time for agent 6
[Current_Solution] Agent 6 used 2 waiting timesteps, 36 remaining
[Waiting_time_Solve] Applied 2 waiting time  for agent 6 who has waiting time 36
[Waiting_time_Solve] ALL Waiting time applied
[Waiting_time_Solve] Extended Zone end time from 99 to 101
[Current_Solution] Agent 0 used 2 waiting timesteps, 38 remaining
[Waiting_time_Solve] Iteration 2...
[SAT] Start solving CNF: 1304257 clauses and 15814 variables
[SAT] Agent 16 entry time: 41 exit time: 98
[SAT] Agent 12 entry time: 50 exit time: 101
[SAT] Agent 9 entry time: 41 exit time: 62
[SAT] Agent 8 entry time: 41 exit time: 97
[SAT] Agent 7 entry time: 41 exit time: 101
[SAT] Agent 19 entry time: 41 exit time: 45
[SAT] Agent 6 entry time: 41 exit time: 101
[SAT] Agent 5 entry time: 41 exit time: 72
[SAT] Agent 4 entry time: 42 exit time: 100
[SAT] Agent 15 entry time: 41 exit time: 44
[SAT] Agent 2 entry time: 41 exit time: 75
[SAT] Agent 1 entry time: 41 exit time: 54
[SAT] Agent 0 entry time: 41 exit time: 101

[SAT] Start time: 41 End time: 101

[SAT] Solving local zone with SAT iteration 1...
[SAT] Local CNF: 1304266 clauses 

DEBUG: Adding 1304266 new clauses to MiniSAT (incremental run)
DEBUG: Clause load summary: input=1304266, added=1304266, tautologies_skipped=0, duplicates_skipped=0, unit_clauses=150, empties=0, intra_clause_literals_removed=0, added_but_db_unchanged=172
DEBUG: After adding clauses, solver has 1303944 clauses and 15814 variables
DEBUG: MiniSAT found 15814 variables
DEBUG: Assignment size: 15814
DEBUG: First few assignment values: 1 1 0 1 0 1 0 0 1 0 

=== DEBUG: cnf_assignment_to_paths ===
Input assignment size: 15814

=== END DEBUG ===
[SAT] Found 1 vertex collisions and 3 edge collisions
[SAT] Adding collision clauses and solving again...
[SAT] Solving local zone with SAT iteration 2...
[SAT] Local CNF: 1304270 clauses 

DEBUG: Adding 4 new clauses to MiniSAT (incremental run)
DEBUG: Clause load summary: input=4, added=4, tautologies_skipped=0, duplicates_skipped=0, unit_clauses=0, empties=0, intra_clause_literals_removed=0, added_but_db_unchanged=2
DEBUG: After adding clauses, solver has 1303934 clauses and 15814 variables
DEBUG: MiniSAT found 15814 variables
DEBUG: Assignment size: 15814
DEBUG: First few assignment values: 1 1 0 1 0 1 0 0 1 0 

=== DEBUG: cnf_assignment_to_paths ===
Input assignment size: 15814

=== END DEBUG ===
[SAT] Found 3 vertex collisions and 3 edge collisions
[SAT] Adding collision clauses and solving again...
[SAT] Solving local zone with SAT iteration 3...
[SAT] Local CNF: 1304276 clauses 

DEBUG: Adding 6 new clauses to MiniSAT (incremental run)
[SAT] Previous assignment invalidated by new clauses, reset solver and retrying without assumptions...
DEBUG: Adding 1304276 new clauses to MiniSAT (incremental run)
[SAT] Local problem appears to be unsatisfiable in current zone
[Waiting_time_Solve] No solution found, trying to apply waiting time:3
[Waiting_time_Solve] Applying waiting time 3 to agent 4 who has waiting time 5
[Waiting_time_Solve] New path is consistent after applying waiting time for agent 4
[Current_Solution] Agent 4 used 3 waiting timesteps, 2 remaining
[Waiting_time_Solve] Applied 3 waiting time  for agent 4 who has waiting time 2
[Waiting_time_Solve] Applying waiting time 3 to agent 6 who has waiting time 36
[Current_Solution] Agent 6 used 1 waiting timesteps, 35 remaining
[Waiting_time_Solve] New path is consistent after applying waiting time for agent 6
[Current_Solution] Agent 6 used 3 waiting timesteps, 32 remaining
[Waiting_time_Solve] Applied 3 waiting time  for agent 6 who has waiting time 32
[Waiting_time_Solve] Applying waiting time 3 to agent 7 who has waiting time 3
[Waiting_time_Solve] New path is consistent after applying waiting time for agent 7
[Current_Solution] Agent 7 used 3 waiting timesteps, 0 remaining
[Waiting_time_Solve] Applied 3 waiting time  for agent 7 who has waiting time 0
[Waiting_time_Solve] ALL Waiting time applied
[Waiting_time_Solve] Extended Zone end time from 101 to 104
[Current_Solution] Agent 0 used 3 waiting timesteps, 35 remaining
[Waiting_time_Solve] Iteration 3...
[SAT] Start solving CNF: 1736755 clauses and 19683 variables
[SAT] Agent 16 entry time: 41 exit time: 98
[SAT] Agent 12 entry time: 50 exit time: 104
[SAT] Agent 9 entry time: 41 exit time: 62
[SAT] Agent 8 entry time: 41 exit time: 97
[SAT] Agent 7 entry time: 41 exit time: 104
[SAT] Agent 19 entry time: 41 exit time: 45
[SAT] Agent 6 entry time: 41 exit time: 104
[SAT] Agent 5 entry time: 41 exit time: 72
[SAT] Agent 4 entry time: 42 exit time: 103
[SAT] Agent 15 entry time: 41 exit time: 44
[SAT] Agent 2 entry time: 41 exit time: 75
[SAT] Agent 1 entry time: 41 exit time: 54
[SAT] Agent 0 entry time: 41 exit time: 104

[SAT] Start time: 41 End time: 104

[SAT] Solving local zone with SAT iteration 1...
[SAT] Local CNF: 1736774 clauses 

DEBUG: Adding 1736774 new clauses to MiniSAT (incremental run)
DEBUG: Clause load summary: input=1736774, added=1736774, tautologies_skipped=0, duplicates_skipped=0, unit_clauses=124, empties=0, intra_clause_literals_removed=0, added_but_db_unchanged=148
DEBUG: After adding clauses, solver has 1736502 clauses and 19683 variables
DEBUG: MiniSAT found 19683 variables
DEBUG: Assignment size: 19683
DEBUG: First few assignment values: 1 1 0 1 0 1 0 0 1 0 

=== DEBUG: cnf_assignment_to_paths ===
Input assignment size: 19683

=== END DEBUG ===
[SAT] Found 1 vertex collisions and 4 edge collisions
[SAT] Adding collision clauses and solving again...
[SAT] Solving local zone with SAT iteration 2...
[SAT] Local CNF: 1736779 clauses 

DEBUG: Adding 5 new clauses to MiniSAT (incremental run)
DEBUG: Clause load summary: input=5, added=5, tautologies_skipped=0, duplicates_skipped=0, unit_clauses=0, empties=0, intra_clause_literals_removed=0, added_but_db_unchanged=2
DEBUG: After adding clauses, solver has 1736434 clauses and 19683 variables
DEBUG: MiniSAT found 19683 variables
DEBUG: Assignment size: 19683
DEBUG: First few assignment values: 1 1 0 1 0 1 0 0 1 0 

=== DEBUG: cnf_assignment_to_paths ===
Input assignment size: 19683

=== END DEBUG ===
[SAT] Found 1 vertex collisions and 2 edge collisions
[SAT] Adding collision clauses and solving again...
[SAT] Solving local zone with SAT iteration 3...
[SAT] Local CNF: 1736782 clauses 

DEBUG: Adding 3 new clauses to MiniSAT (incremental run)
DEBUG: Clause load summary: input=3, added=3, tautologies_skipped=0, duplicates_skipped=0, unit_clauses=0, empties=0, intra_clause_literals_removed=0, added_but_db_unchanged=2
DEBUG: After adding clauses, solver has 1736435 clauses and 19683 variables
DEBUG: MiniSAT found 19683 variables
DEBUG: Assignment size: 19683
DEBUG: First few assignment values: 1 1 0 1 0 1 0 0 1 0 

=== DEBUG: cnf_assignment_to_paths ===
Input assignment size: 19683

=== END DEBUG ===
[SAT] Found 3 vertex collisions and 1 edge collisions
[SAT] Adding collision clauses and solving again...
[SAT] Solving local zone with SAT iteration 4...
[SAT] Local CNF: 1736786 clauses 

DEBUG: Adding 4 new clauses to MiniSAT (incremental run)
DEBUG: Clause load summary: input=4, added=4, tautologies_skipped=0, duplicates_skipped=0, unit_clauses=0, empties=0, intra_clause_literals_removed=0, added_but_db_unchanged=2
DEBUG: After adding clauses, solver has 1736437 clauses and 19683 variables
DEBUG: MiniSAT found 19683 variables
DEBUG: Assignment size: 19683
DEBUG: First few assignment values: 1 1 0 1 0 1 0 0 1 0 

=== DEBUG: cnf_assignment_to_paths ===
Input assignment size: 19683

=== END DEBUG ===
[SAT] Found 1 vertex collisions and 1 edge collisions
[SAT] Adding collision clauses and solving again...
[SAT] Solving local zone with SAT iteration 5...
[SAT] Local CNF: 1736788 clauses 

DEBUG: Adding 2 new clauses to MiniSAT (incremental run)
DEBUG: Clause load summary: input=2, added=2, tautologies_skipped=0, duplicates_skipped=0, unit_clauses=0, empties=0, intra_clause_literals_removed=0, added_but_db_unchanged=0
DEBUG: After adding clauses, solver has 1736439 clauses and 19683 variables
DEBUG: MiniSAT found 19683 variables
DEBUG: Assignment size: 19683
DEBUG: First few assignment values: 1 1 0 1 0 1 0 0 1 0 

=== DEBUG: cnf_assignment_to_paths ===
Input assignment size: 19683

=== END DEBUG ===
[SAT] Found 1 vertex collisions and 0 edge collisions
[SAT] Adding collision clauses and solving again...
[SAT] Solving local zone with SAT iteration 6...
[SAT] Local CNF: 1736789 clauses 

DEBUG: Adding 1 new clauses to MiniSAT (incremental run)
DEBUG: Clause load summary: input=1, added=1, tautologies_skipped=0, duplicates_skipped=0, unit_clauses=0, empties=0, intra_clause_literals_removed=0, added_but_db_unchanged=0
DEBUG: After adding clauses, solver has 1736440 clauses and 19683 variables
DEBUG: MiniSAT found 19683 variables
DEBUG: Assignment size: 19683
DEBUG: First few assignment values: 1 1 0 1 0 1 0 0 1 0 

=== DEBUG: cnf_assignment_to_paths ===
Input assignment size: 19683

=== END DEBUG ===
[SAT] Found 1 vertex collisions and 0 edge collisions
[SAT] Adding collision clauses and solving again...
[SAT] Solving local zone with SAT iteration 7...
[SAT] Local CNF: 1736790 clauses 

DEBUG: Adding 1 new clauses to MiniSAT (incremental run)
[SAT] Previous assignment invalidated by new clauses, reset solver and retrying without assumptions...
DEBUG: Adding 1736790 new clauses to MiniSAT (incremental run)
DEBUG: Clause load summary: input=1736790, added=1736790, tautologies_skipped=0, duplicates_skipped=0, unit_clauses=124, empties=0, intra_clause_literals_removed=0, added_but_db_unchanged=154
DEBUG: After adding clauses, solver has 1736512 clauses and 19683 variables
[SAT] Local problem appears to be unsatisfiable in current zone
[Waiting_time_Solve] No solution found, trying to apply waiting time:4
[Waiting_time_Solve] Applying waiting time 4 to agent 6 who has waiting time 32
[Current_Solution] Agent 6 used 1 waiting timesteps, 31 remaining
[Waiting_time_Solve] New path is consistent after applying waiting time for agent 6
[Current_Solution] Agent 6 used 4 waiting timesteps, 27 remaining
[Waiting_time_Solve] Applied 4 waiting time  for agent 6 who has waiting time 27
[Waiting_time_Solve] INFO: not enough waiting time for agent 4 (needs 4, available: 2)
[Waiting_time_Solve] INFO: not enough waiting time for agent 4 (needs 4, available: 2)
[Waiting_time_Solve] ALL Waiting time applied
[Waiting_time_Solve] Out of waiting time
[Waiting_time_Solve] No solution found
[Waiting_time_Solve] Restoring original paths
[Waiting_time_Solve] Restoring waiting times
[Current_Solution] Restored waiting times from backup
[Current_Solution] Restored paths from backup
[Solve_local_zone] Zone with expansion factor 26failed
[Solve_local_zone] Expanding zone with offset 29 (original: 2)
[Solve_local_zone] Final expanded zone contains 876 positions with 3 conflicts 
[Solve_local_zone] New time window: [40, 99]
[Solve_local_zone] Current local zone size: 876 (27.104% of all walkable positions)
[Solve_local_zone] Local zone time window: [40, 99]
[Current_Solution] Agent 0 used 70 waiting timesteps, 40 remaining
[Current_Solution] Agent 6 used 21 waiting timesteps, 40 remaining
[Current_Solution] Agent 11 used 94 waiting timesteps, 40 remaining
[Waiting_time_Solve] Agent 0 has waiting time 40
[Waiting_time_Solve] Agent 1 has waiting time 71
[Waiting_time_Solve] Agent 2 has waiting time 59
[Waiting_time_Solve] Agent 3 has waiting time 125
[Waiting_time_Solve] Agent 4 has waiting time 5
[Waiting_time_Solve] Agent 5 has waiting time 55
[Waiting_time_Solve] Agent 6 has waiting time 40
[Waiting_time_Solve] Agent 7 has waiting time 6
[Waiting_time_Solve] Agent 8 has waiting time 0
[Waiting_time_Solve] Agent 9 has waiting time 57
[Waiting_time_Solve] Agent 10 has waiting time 137
[Waiting_time_Solve] Agent 11 has waiting time 40
[Waiting_time_Solve] Agent 12 has waiting time 2
[Waiting_time_Solve] Agent 13 has waiting time 44
[Waiting_time_Solve] Agent 14 has waiting time 129
[Waiting_time_Solve] Agent 15 has waiting time 88
[Waiting_time_Solve] Agent 16 has waiting time 3
[Waiting_time_Solve] Agent 17 has waiting time 128
[Waiting_time_Solve] Agent 18 has waiting time 82
[Waiting_time_Solve] Agent 19 has waiting time 59
[Waiting_time_Solve] Total available waiting time: 1170
[Waiting_time_Solve] Max iterations: 1170
[Waiting_time_Solve] Iteration 0...
[SAT] Start solving CNF: 1887512 clauses and 21648 variables
[SAT] Agent 19 entry time: 40 exit time: 46
[SAT] Agent 0 entry time: 40 exit time: 99
[SAT] Agent 1 entry time: 40 exit time: 53
[SAT] Agent 2 entry time: 40 exit time: 76
[SAT] Agent 15 entry time: 40 exit time: 45
[SAT] Agent 4 entry time: 41 exit time: 99
[SAT] Agent 5 entry time: 40 exit time: 73
[SAT] Agent 6 entry time: 40 exit time: 99
[SAT] Agent 7 entry time: 40 exit time: 99
[SAT] Agent 8 entry time: 40 exit time: 98
[SAT] Agent 9 entry time: 40 exit time: 63
[SAT] Agent 11 entry time: 40 exit time: 99
[SAT] Agent 12 entry time: 49 exit time: 99
[SAT] Agent 16 entry time: 40 exit time: 99

[SAT] Start time: 40 End time: 99

[SAT] Solving local zone with SAT iteration 1...
[SAT] Local CNF: 1887512 clauses 

DEBUG: Adding 1887512 new clauses to MiniSAT (incremental run)
DEBUG: Clause load summary: input=1887512, added=1887512, tautologies_skipped=0, duplicates_skipped=0, unit_clauses=187, empties=0, intra_clause_literals_removed=0, added_but_db_unchanged=208
DEBUG: After adding clauses, solver has 1887117 clauses and 21648 variables
DEBUG: MiniSAT found 21648 variables
DEBUG: Assignment size: 21648
DEBUG: First few assignment values: 1 0 1 0 1 0 1 0 0 1 

=== DEBUG: cnf_assignment_to_paths ===
Input assignment size: 21648

=== END DEBUG ===
[SAT] Found 5 vertex collisions and 2 edge collisions
[SAT] Adding collision clauses and solving again...
[SAT] Solving local zone with SAT iteration 2...
[SAT] Local CNF: 1887519 clauses 

DEBUG: Adding 7 new clauses to MiniSAT (incremental run)
[SAT] Previous assignment invalidated by new clauses, reset solver and retrying without assumptions...
DEBUG: Adding 1887519 new clauses to MiniSAT (incremental run)
[SAT] Local problem appears to be unsatisfiable in current zone
[Waiting_time_Solve] No solution found, trying to apply waiting time:1
[Waiting_time_Solve] Applying waiting time 1 to agent 1 who has waiting time 71
[Waiting_time_Solve] New path is consistent after applying waiting time for agent 1
[Current_Solution] Agent 1 used 1 waiting timesteps, 70 remaining
[Waiting_time_Solve] Applied 1 waiting time  for agent 1 who has waiting time 70
[Waiting_time_Solve] Applying waiting time 1 to agent 6 who has waiting time 40
[Current_Solution] Agent 6 used 1 waiting timesteps, 39 remaining
[Waiting_time_Solve] New path is consistent after applying waiting time for agent 6
[Current_Solution] Agent 6 used 1 waiting timesteps, 38 remaining
[Waiting_time_Solve] Applied 1 waiting time  for agent 6 who has waiting time 38
[Waiting_time_Solve] Applying waiting time 1 to agent 7 who has waiting time 6
[Waiting_time_Solve] New path is consistent after applying waiting time for agent 7
[Current_Solution] Agent 7 used 1 waiting timesteps, 5 remaining
[Waiting_time_Solve] Applied 1 waiting time  for agent 7 who has waiting time 5
[Waiting_time_Solve] ALL Waiting time applied
[Waiting_time_Solve] Extended Zone end time from 99 to 100
[Current_Solution] Agent 0 used 1 waiting timesteps, 39 remaining
[Current_Solution] Agent 11 used 1 waiting timesteps, 39 remaining
[Waiting_time_Solve] Iteration 1...
[SAT] Start solving CNF: 2056955 clauses and 22952 variables
[SAT] Agent 19 entry time: 40 exit time: 46
[SAT] Agent 0 entry time: 40 exit time: 100
[SAT] Agent 1 entry time: 40 exit time: 54
[SAT] Agent 2 entry time: 40 exit time: 76
[SAT] Agent 15 entry time: 40 exit time: 45
[SAT] Agent 4 entry time: 41 exit time: 100
[SAT] Agent 5 entry time: 40 exit time: 73
[SAT] Agent 6 entry time: 40 exit time: 100
[SAT] Agent 7 entry time: 40 exit time: 100
[SAT] Agent 8 entry time: 40 exit time: 98
[SAT] Agent 9 entry time: 40 exit time: 63
[SAT] Agent 11 entry time: 40 exit time: 100
[SAT] Agent 12 entry time: 49 exit time: 100
[SAT] Agent 16 entry time: 40 exit time: 99

[SAT] Start time: 40 End time: 100

[SAT] Solving local zone with SAT iteration 1...
[SAT] Local CNF: 2056962 clauses 

DEBUG: Adding 2056962 new clauses to MiniSAT (incremental run)
DEBUG: Clause load summary: input=2056962, added=2056962, tautologies_skipped=0, duplicates_skipped=0, unit_clauses=163, empties=0, intra_clause_literals_removed=0, added_but_db_unchanged=183
DEBUG: After adding clauses, solver has 2056616 clauses and 22952 variables
DEBUG: MiniSAT found 22952 variables
DEBUG: Assignment size: 22952
DEBUG: First few assignment values: 1 0 1 0 1 0 1 0 0 1 

=== DEBUG: cnf_assignment_to_paths ===
Input assignment size: 22952

=== END DEBUG ===
[SAT] Found 3 vertex collisions and 2 edge collisions
[SAT] Adding collision clauses and solving again...
[SAT] Solving local zone with SAT iteration 2...
[SAT] Local CNF: 2056967 clauses 

DEBUG: Adding 5 new clauses to MiniSAT (incremental run)
[SAT] Previous assignment invalidated by new clauses, reset solver and retrying without assumptions...
DEBUG: Adding 2056967 new clauses to MiniSAT (incremental run)
[SAT] Local problem appears to be unsatisfiable in current zone
[Waiting_time_Solve] No solution found, trying to apply waiting time:2
[Waiting_time_Solve] Applying waiting time 2 to agent 1 who has waiting time 70
[Waiting_time_Solve] New path is consistent after applying waiting time for agent 1
[Current_Solution] Agent 1 used 2 waiting timesteps, 68 remaining
[Waiting_time_Solve] Applied 2 waiting time  for agent 1 who has waiting time 68
[Waiting_time_Solve] Applying waiting time 2 to agent 6 who has waiting time 38
[Current_Solution] Agent 6 used 1 waiting timesteps, 37 remaining
[Waiting_time_Solve] New path is consistent after applying waiting time for agent 6
[Current_Solution] Agent 6 used 2 waiting timesteps, 35 remaining
[Waiting_time_Solve] Applied 2 waiting time  for agent 6 who has waiting time 35
[Waiting_time_Solve] Applying waiting time 2 to agent 7 who has waiting time 5
[Waiting_time_Solve] New path is consistent after applying waiting time for agent 7
[Current_Solution] Agent 7 used 2 waiting timesteps, 3 remaining
[Waiting_time_Solve] Applied 2 waiting time  for agent 7 who has waiting time 3
[Waiting_time_Solve] ALL Waiting time applied
[Waiting_time_Solve] Extended Zone end time from 100 to 102
[Current_Solution] Agent 0 used 2 waiting timesteps, 37 remaining
[Current_Solution] Agent 11 used 2 waiting timesteps, 37 remaining
[Waiting_time_Solve] Iteration 2...
[SAT] Start solving CNF: 2423282 clauses and 25788 variables
[SAT] Agent 19 entry time: 40 exit time: 46
[SAT] Agent 0 entry time: 40 exit time: 102
[SAT] Agent 1 entry time: 40 exit time: 56
[SAT] Agent 2 entry time: 40 exit time: 76
[SAT] Agent 15 entry time: 40 exit time: 45
[SAT] Agent 4 entry time: 41 exit time: 101
[SAT] Agent 5 entry time: 40 exit time: 73
[SAT] Agent 6 entry time: 40 exit time: 102
[SAT] Agent 7 entry time: 40 exit time: 102
[SAT] Agent 8 entry time: 40 exit time: 98
[SAT] Agent 9 entry time: 40 exit time: 63
[SAT] Agent 11 entry time: 40 exit time: 102
[SAT] Agent 12 entry time: 49 exit time: 102
[SAT] Agent 16 entry time: 40 exit time: 99

[SAT] Start time: 40 End time: 102

[SAT] Solving local zone with SAT iteration 1...
[SAT] Local CNF: 2423294 clauses 

DEBUG: Adding 2423294 new clauses to MiniSAT (incremental run)
DEBUG: Clause load summary: input=2423294, added=2423294, tautologies_skipped=0, duplicates_skipped=0, unit_clauses=159, empties=0, intra_clause_literals_removed=0, added_but_db_unchanged=183
DEBUG: After adding clauses, solver has 2422952 clauses and 25788 variables
DEBUG: MiniSAT found 25788 variables
DEBUG: Assignment size: 25788
DEBUG: First few assignment values: 1 0 1 0 0 1 0 1 0 0 

=== DEBUG: cnf_assignment_to_paths ===
Input assignment size: 25788

=== END DEBUG ===
[SAT] Found 4 vertex collisions and 2 edge collisions
[SAT] Adding collision clauses and solving again...
[SAT] Solving local zone with SAT iteration 2...
[SAT] Local CNF: 2423300 clauses 

DEBUG: Adding 6 new clauses to MiniSAT (incremental run)
DEBUG: Clause load summary: input=6, added=6, tautologies_skipped=0, duplicates_skipped=0, unit_clauses=0, empties=0, intra_clause_literals_removed=0, added_but_db_unchanged=3
DEBUG: After adding clauses, solver has 2422943 clauses and 25788 variables
DEBUG: MiniSAT found 25788 variables
DEBUG: Assignment size: 25788
DEBUG: First few assignment values: 1 0 1 0 0 1 0 1 0 0 

=== DEBUG: cnf_assignment_to_paths ===
Input assignment size: 25788

=== END DEBUG ===
[SAT] Found 3 vertex collisions and 2 edge collisions
[SAT] Adding collision clauses and solving again...
[SAT] Solving local zone with SAT iteration 3...
[SAT] Local CNF: 2423305 clauses 

DEBUG: Adding 5 new clauses to MiniSAT (incremental run)
[SAT] Previous assignment invalidated by new clauses, reset solver and retrying without assumptions...
DEBUG: Adding 2423305 new clauses to MiniSAT (incremental run)
[SAT] Local problem appears to be unsatisfiable in current zone
[Waiting_time_Solve] No solution found, trying to apply waiting time:3
[Waiting_time_Solve] Applying waiting time 3 to agent 1 who has waiting time 68
[Waiting_time_Solve] New path is consistent after applying waiting time for agent 1
[Current_Solution] Agent 1 used 3 waiting timesteps, 65 remaining
[Waiting_time_Solve] Applied 3 waiting time  for agent 1 who has waiting time 65
[Waiting_time_Solve] Applying waiting time 3 to agent 4 who has waiting time 5
[Waiting_time_Solve] New path is consistent after applying waiting time for agent 4
[Current_Solution] Agent 4 used 3 waiting timesteps, 2 remaining
[Waiting_time_Solve] Applied 3 waiting time  for agent 4 who has waiting time 2
[Waiting_time_Solve] Applying waiting time 3 to agent 6 who has waiting time 35
[Current_Solution] Agent 6 used 1 waiting timesteps, 34 remaining
[Waiting_time_Solve] New path is consistent after applying waiting time for agent 6
[Current_Solution] Agent 6 used 3 waiting timesteps, 31 remaining
[Waiting_time_Solve] Applied 3 waiting time  for agent 6 who has waiting time 31
[Waiting_time_Solve] Applying waiting time 3 to agent 7 who has waiting time 3
[Waiting_time_Solve] New path is consistent after applying waiting time for agent 7
[Current_Solution] Agent 7 used 3 waiting timesteps, 0 remaining
[Waiting_time_Solve] Applied 3 waiting time  for agent 7 who has waiting time 0
[Waiting_time_Solve] ALL Waiting time applied
[Waiting_time_Solve] Extended Zone end time from 102 to 105
[Current_Solution] Agent 0 used 3 waiting timesteps, 34 remaining
[Current_Solution] Agent 11 used 3 waiting timesteps, 34 remaining
[Waiting_time_Solve] Iteration 3...
[SAT] Start solving CNF: 3075278 clauses and 31045 variables
[SAT] Agent 19 entry time: 40 exit time: 46
[SAT] Agent 0 entry time: 40 exit time: 105
[SAT] Agent 1 entry time: 40 exit time: 59
[SAT] Agent 2 entry time: 40 exit time: 76
[SAT] Agent 15 entry time: 40 exit time: 45
[SAT] Agent 4 entry time: 41 exit time: 104
[SAT] Agent 5 entry time: 40 exit time: 73
[SAT] Agent 6 entry time: 40 exit time: 105
[SAT] Agent 7 entry time: 40 exit time: 105
[SAT] Agent 8 entry time: 40 exit time: 98
[SAT] Agent 9 entry time: 40 exit time: 63
[SAT] Agent 11 entry time: 40 exit time: 105
[SAT] Agent 12 entry time: 49 exit time: 105
[SAT] Agent 16 entry time: 40 exit time: 99

[SAT] Start time: 40 End time: 105

[SAT] Solving local zone with SAT iteration 1...
[SAT] Local CNF: 3075301 clauses 

DEBUG: Adding 3075301 new clauses to MiniSAT (incremental run)
DEBUG: Clause load summary: input=3075301, added=3075301, tautologies_skipped=0, duplicates_skipped=0, unit_clauses=137, empties=0, intra_clause_literals_removed=0, added_but_db_unchanged=164
DEBUG: After adding clauses, solver has 3075000 clauses and 31045 variables
DEBUG: MiniSAT found 31045 variables
DEBUG: Assignment size: 31045
DEBUG: First few assignment values: 1 0 1 0 1 0 1 0 0 1 

=== DEBUG: cnf_assignment_to_paths ===
Input assignment size: 31045

=== END DEBUG ===
[SAT] Found 4 vertex collisions and 5 edge collisions
[SAT] Adding collision clauses and solving again...
[SAT] Solving local zone with SAT iteration 2...
[SAT] Local CNF: 3075310 clauses 

DEBUG: Adding 9 new clauses to MiniSAT (incremental run)
DEBUG: Clause load summary: input=9, added=9, tautologies_skipped=0, duplicates_skipped=0, unit_clauses=0, empties=0, intra_clause_literals_removed=0, added_but_db_unchanged=2
DEBUG: After adding clauses, solver has 3074936 clauses and 31045 variables
DEBUG: MiniSAT found 31045 variables
DEBUG: Assignment size: 31045
DEBUG: First few assignment values: 1 0 1 0 1 0 1 0 0 1 

=== DEBUG: cnf_assignment_to_paths ===
Input assignment size: 31045

=== END DEBUG ===
[SAT] Found 3 vertex collisions and 4 edge collisions
[SAT] Adding collision clauses and solving again...
[SAT] Solving local zone with SAT iteration 3...
[SAT] Local CNF: 3075317 clauses 

DEBUG: Adding 7 new clauses to MiniSAT (incremental run)
DEBUG: Clause load summary: input=7, added=7, tautologies_skipped=0, duplicates_skipped=0, unit_clauses=0, empties=0, intra_clause_literals_removed=0, added_but_db_unchanged=4
DEBUG: After adding clauses, solver has 3074939 clauses and 31045 variables
DEBUG: MiniSAT found 31045 variables
DEBUG: Assignment size: 31045
DEBUG: First few assignment values: 1 0 1 0 1 0 1 0 0 1 

=== DEBUG: cnf_assignment_to_paths ===
Input assignment size: 31045

=== END DEBUG ===
[SAT] Found 3 vertex collisions and 1 edge collisions
[SAT] Adding collision clauses and solving again...
[SAT] Solving local zone with SAT iteration 4...
[SAT] Local CNF: 3075321 clauses 

DEBUG: Adding 4 new clauses to MiniSAT (incremental run)
DEBUG: Clause load summary: input=4, added=4, tautologies_skipped=0, duplicates_skipped=0, unit_clauses=0, empties=0, intra_clause_literals_removed=0, added_but_db_unchanged=2
DEBUG: After adding clauses, solver has 3074941 clauses and 31045 variables
DEBUG: MiniSAT found 31045 variables
DEBUG: Assignment size: 31045
DEBUG: First few assignment values: 1 0 1 0 1 0 1 0 0 1 

=== DEBUG: cnf_assignment_to_paths ===
Input assignment size: 31045

=== END DEBUG ===
[SAT] Found 2 vertex collisions and 1 edge collisions
[SAT] Adding collision clauses and solving again...
[SAT] Solving local zone with SAT iteration 5...
[SAT] Local CNF: 3075324 clauses 

DEBUG: Adding 3 new clauses to MiniSAT (incremental run)
DEBUG: Clause load summary: input=3, added=3, tautologies_skipped=0, duplicates_skipped=0, unit_clauses=0, empties=0, intra_clause_literals_removed=0, added_but_db_unchanged=2
DEBUG: After adding clauses, solver has 3074942 clauses and 31045 variables
DEBUG: MiniSAT found 31045 variables
DEBUG: Assignment size: 31045
DEBUG: First few assignment values: 1 0 1 0 1 0 1 0 0 1 

=== DEBUG: cnf_assignment_to_paths ===
Input assignment size: 31045

=== END DEBUG ===
[SAT] Found 3 vertex collisions and 3 edge collisions
[SAT] Adding collision clauses and solving again...
[SAT] Solving local zone with SAT iteration 6...
[SAT] Local CNF: 3075330 clauses 

DEBUG: Adding 6 new clauses to MiniSAT (incremental run)
DEBUG: Clause load summary: input=6, added=6, tautologies_skipped=0, duplicates_skipped=0, unit_clauses=0, empties=0, intra_clause_literals_removed=0, added_but_db_unchanged=4
DEBUG: After adding clauses, solver has 3074944 clauses and 31045 variables
[SAT] Previous assignment invalidated by new clauses, reset solver and retrying without assumptions...
DEBUG: Adding 3075330 new clauses to MiniSAT (incremental run)
DEBUG: Clause load summary: input=3075330, added=3075330, tautologies_skipped=0, duplicates_skipped=0, unit_clauses=137, empties=0, intra_clause_literals_removed=0, added_but_db_unchanged=178
DEBUG: After adding clauses, solver has 3075015 clauses and 31045 variables
[SAT] Local problem appears to be unsatisfiable in current zone
[Waiting_time_Solve] No solution found, trying to apply waiting time:4
[Waiting_time_Solve] Applying waiting time 4 to agent 1 who has waiting time 65
[Waiting_time_Solve] New path is consistent after applying waiting time for agent 1
[Current_Solution] Agent 1 used 4 waiting timesteps, 61 remaining
[Waiting_time_Solve] Applied 4 waiting time  for agent 1 who has waiting time 61
[Waiting_time_Solve] INFO: not enough waiting time for agent 4 (needs 4, available: 2)
[Waiting_time_Solve] INFO: not enough waiting time for agent 4 (needs 4, available: 2)
[Waiting_time_Solve] ALL Waiting time applied
[Waiting_time_Solve] Out of waiting time
[Waiting_time_Solve] No solution found
[Waiting_time_Solve] Restoring original paths
[Waiting_time_Solve] Restoring waiting times
[Current_Solution] Restored waiting times from backup
[Current_Solution] Restored paths from backup
[Solve_local_zone] Zone with expansion factor 27failed
[Solve_local_zone] Expanding zone with offset 30 (original: 2)
[Solve_local_zone] Final expanded zone contains 929 positions with 3 conflicts 
[Solve_local_zone] New time window: [39, 100]
[Solve_local_zone] Current local zone size: 929 (28.7438% of all walkable positions)
[Solve_local_zone] Local zone time window: [39, 100]
[Current_Solution] Agent 0 used 71 waiting timesteps, 39 remaining
[Current_Solution] Agent 6 used 22 waiting timesteps, 39 remaining
[Current_Solution] Agent 11 used 95 waiting timesteps, 39 remaining
[Waiting_time_Solve] Agent 0 has waiting time 39
[Waiting_time_Solve] Agent 1 has waiting time 71
[Waiting_time_Solve] Agent 2 has waiting time 59
[Waiting_time_Solve] Agent 3 has waiting time 125
[Waiting_time_Solve] Agent 4 has waiting time 5
[Waiting_time_Solve] Agent 5 has waiting time 55
[Waiting_time_Solve] Agent 6 has waiting time 39
[Waiting_time_Solve] Agent 7 has waiting time 6
[Waiting_time_Solve] Agent 8 has waiting time 0
[Waiting_time_Solve] Agent 9 has waiting time 57
[Waiting_time_Solve] Agent 10 has waiting time 137
[Waiting_time_Solve] Agent 11 has waiting time 39
[Waiting_time_Solve] Agent 12 has waiting time 2
[Waiting_time_Solve] Agent 13 has waiting time 44
[Waiting_time_Solve] Agent 14 has waiting time 129
[Waiting_time_Solve] Agent 15 has waiting time 88
[Waiting_time_Solve] Agent 16 has waiting time 3
[Waiting_time_Solve] Agent 17 has waiting time 128
[Waiting_time_Solve] Agent 18 has waiting time 82
[Waiting_time_Solve] Agent 19 has waiting time 59
[Waiting_time_Solve] Total available waiting time: 1167
[Waiting_time_Solve] Max iterations: 1167
[Waiting_time_Solve] Iteration 0...
[SAT] Start solving CNF: 2418450 clauses and 24892 variables
[SAT] Agent 19 entry time: 39 exit time: 47
[SAT] Agent 0 entry time: 39 exit time: 100
[SAT] Agent 1 entry time: 39 exit time: 54
[SAT] Agent 2 entry time: 39 exit time: 77
[SAT] Agent 15 entry time: 39 exit time: 46
[SAT] Agent 4 entry time: 40 exit time: 100
[SAT] Agent 5 entry time: 39 exit time: 74
[SAT] Agent 6 entry time: 39 exit time: 100
[SAT] Agent 7 entry time: 39 exit time: 100
[SAT] Agent 8 entry time: 39 exit time: 99
[SAT] Agent 9 entry time: 39 exit time: 64
[SAT] Agent 11 entry time: 39 exit time: 100
[SAT] Agent 12 entry time: 48 exit time: 100
[SAT] Agent 16 entry time: 39 exit time: 100

[SAT] Start time: 39 End time: 100

[SAT] Solving local zone with SAT iteration 1...
[SAT] Local CNF: 2418450 clauses 

DEBUG: Adding 2418450 new clauses to MiniSAT (incremental run)
DEBUG: Clause load summary: input=2418450, added=2418450, tautologies_skipped=0, duplicates_skipped=0, unit_clauses=196, empties=0, intra_clause_literals_removed=0, added_but_db_unchanged=219
DEBUG: After adding clauses, solver has 2418035 clauses and 24892 variables
DEBUG: MiniSAT found 24892 variables
DEBUG: Assignment size: 24892
DEBUG: First few assignment values: 1 0 1 0 1 0 0 1 0 0 

=== DEBUG: cnf_assignment_to_paths ===
Input assignment size: 24892

=== END DEBUG ===
[SAT] Found 3 vertex collisions and 3 edge collisions
[SAT] Adding collision clauses and solving again...
[SAT] Solving local zone with SAT iteration 2...
[SAT] Local CNF: 2418456 clauses 

DEBUG: Adding 6 new clauses to MiniSAT (incremental run)
[SAT] Previous assignment invalidated by new clauses, reset solver and retrying without assumptions...
DEBUG: Adding 2418456 new clauses to MiniSAT (incremental run)
[SAT] Local problem appears to be unsatisfiable in current zone
[Waiting_time_Solve] No solution found, trying to apply waiting time:1
[Waiting_time_Solve] Applying waiting time 1 to agent 6 who has waiting time 39
[Current_Solution] Agent 6 used 1 waiting timesteps, 38 remaining
[Waiting_time_Solve] New path is consistent after applying waiting time for agent 6
[Current_Solution] Agent 6 used 1 waiting timesteps, 37 remaining
[Waiting_time_Solve] Applied 1 waiting time  for agent 6 who has waiting time 37
[Waiting_time_Solve] Applying waiting time 1 to agent 7 who has waiting time 6
[Waiting_time_Solve] New path is consistent after applying waiting time for agent 7
[Current_Solution] Agent 7 used 1 waiting timesteps, 5 remaining
[Waiting_time_Solve] Applied 1 waiting time  for agent 7 who has waiting time 5
[Waiting_time_Solve] ALL Waiting time applied
[Waiting_time_Solve] Extended Zone end time from 100 to 101
[Current_Solution] Agent 0 used 1 waiting timesteps, 38 remaining
[Current_Solution] Agent 11 used 1 waiting timesteps, 38 remaining
[Waiting_time_Solve] Iteration 1...
[SAT] Start solving CNF: 2617485 clauses and 26262 variables
[SAT] Agent 19 entry time: 39 exit time: 47
[SAT] Agent 0 entry time: 39 exit time: 101
[SAT] Agent 1 entry time: 39 exit time: 54
[SAT] Agent 2 entry time: 39 exit time: 77
[SAT] Agent 15 entry time: 39 exit time: 46
[SAT] Agent 4 entry time: 40 exit time: 101
[SAT] Agent 5 entry time: 39 exit time: 74
[SAT] Agent 6 entry time: 39 exit time: 101
[SAT] Agent 7 entry time: 39 exit time: 101
[SAT] Agent 8 entry time: 39 exit time: 99
[SAT] Agent 9 entry time: 39 exit time: 64
[SAT] Agent 11 entry time: 39 exit time: 101
[SAT] Agent 12 entry time: 48 exit time: 101
[SAT] Agent 16 entry time: 39 exit time: 100

[SAT] Start time: 39 End time: 101

[SAT] Solving local zone with SAT iteration 1...
[SAT] Local CNF: 2617491 clauses 

DEBUG: Adding 2617491 new clauses to MiniSAT (incremental run)
DEBUG: Clause load summary: input=2617491, added=2617491, tautologies_skipped=0, duplicates_skipped=0, unit_clauses=166, empties=0, intra_clause_literals_removed=0, added_but_db_unchanged=187
DEBUG: After adding clauses, solver has 2617138 clauses and 26262 variables
DEBUG: MiniSAT found 26262 variables
DEBUG: Assignment size: 26262
DEBUG: First few assignment values: 1 0 1 0 1 0 0 1 0 0 

=== DEBUG: cnf_assignment_to_paths ===
Input assignment size: 26262

=== END DEBUG ===
[SAT] Found 2 vertex collisions and 2 edge collisions
[SAT] Adding collision clauses and solving again...
[SAT] Solving local zone with SAT iteration 2...
[SAT] Local CNF: 2617495 clauses 

DEBUG: Adding 4 new clauses to MiniSAT (incremental run)
[SAT] Previous assignment invalidated by new clauses, reset solver and retrying without assumptions...
DEBUG: Adding 2617495 new clauses to MiniSAT (incremental run)
[SAT] Local problem appears to be unsatisfiable in current zone
[Waiting_time_Solve] No solution found, trying to apply waiting time:2
[Waiting_time_Solve] Applying waiting time 2 to agent 6 who has waiting time 37
[Current_Solution] Agent 6 used 1 waiting timesteps, 36 remaining
[Waiting_time_Solve] New path is consistent after applying waiting time for agent 6
[Current_Solution] Agent 6 used 2 waiting timesteps, 34 remaining
[Waiting_time_Solve] Applied 2 waiting time  for agent 6 who has waiting time 34
[Waiting_time_Solve] Applying waiting time 2 to agent 7 who has waiting time 5
[Waiting_time_Solve] New path is consistent after applying waiting time for agent 7
[Current_Solution] Agent 7 used 2 waiting timesteps, 3 remaining
[Waiting_time_Solve] Applied 2 waiting time  for agent 7 who has waiting time 3
[Waiting_time_Solve] ALL Waiting time applied
[Waiting_time_Solve] Extended Zone end time from 101 to 103
[Current_Solution] Agent 0 used 2 waiting timesteps, 36 remaining
[Current_Solution] Agent 11 used 2 waiting timesteps, 36 remaining
[Waiting_time_Solve] Iteration 2...
[SAT] Start solving CNF: 3051099 clauses and 29219 variables
[SAT] Agent 19 entry time: 39 exit time: 47
[SAT] Agent 0 entry time: 39 exit time: 103
[SAT] Agent 1 entry time: 39 exit time: 54
[SAT] Agent 2 entry time: 39 exit time: 77
[SAT] Agent 15 entry time: 39 exit time: 46
[SAT] Agent 4 entry time: 40 exit time: 102
[SAT] Agent 5 entry time: 39 exit time: 74
[SAT] Agent 6 entry time: 39 exit time: 103
[SAT] Agent 7 entry time: 39 exit time: 103
[SAT] Agent 8 entry time: 39 exit time: 99
[SAT] Agent 9 entry time: 39 exit time: 64
[SAT] Agent 11 entry time: 39 exit time: 103
[SAT] Agent 12 entry time: 48 exit time: 103
[SAT] Agent 16 entry time: 39 exit time: 100

[SAT] Start time: 39 End time: 103

[SAT] Solving local zone with SAT iteration 1...
[SAT] Local CNF: 3051109 clauses 

DEBUG: Adding 3051109 new clauses to MiniSAT (incremental run)
DEBUG: Clause load summary: input=3051109, added=3051109, tautologies_skipped=0, duplicates_skipped=0, unit_clauses=168, empties=0, intra_clause_literals_removed=0, added_but_db_unchanged=194
DEBUG: After adding clauses, solver has 3050747 clauses and 29219 variables
DEBUG: MiniSAT found 29219 variables
DEBUG: Assignment size: 29219
DEBUG: First few assignment values: 1 0 1 0 1 0 0 1 0 0 

=== DEBUG: cnf_assignment_to_paths ===
Input assignment size: 29219

=== END DEBUG ===
[SAT] Found 2 vertex collisions and 3 edge collisions
[SAT] Adding collision clauses and solving again...
[SAT] Solving local zone with SAT iteration 2...
[SAT] Local CNF: 3051114 clauses 

DEBUG: Adding 5 new clauses to MiniSAT (incremental run)
DEBUG: Clause load summary: input=5, added=5, tautologies_skipped=0, duplicates_skipped=0, unit_clauses=0, empties=0, intra_clause_literals_removed=0, added_but_db_unchanged=2
DEBUG: After adding clauses, solver has 3050738 clauses and 29219 variables
DEBUG: MiniSAT found 29219 variables
DEBUG: Assignment size: 29219
DEBUG: First few assignment values: 1 0 1 0 1 0 0 1 0 0 

=== DEBUG: cnf_assignment_to_paths ===
Input assignment size: 29219

=== END DEBUG ===
[SAT] Found 3 vertex collisions and 2 edge collisions
[SAT] Adding collision clauses and solving again...
[SAT] Solving local zone with SAT iteration 3...
[SAT] Local CNF: 3051119 clauses 

DEBUG: Adding 5 new clauses to MiniSAT (incremental run)
[SAT] Previous assignment invalidated by new clauses, reset solver and retrying without assumptions...
DEBUG: Adding 3051119 new clauses to MiniSAT (incremental run)
[SAT] Local problem appears to be unsatisfiable in current zone
[Waiting_time_Solve] No solution found, trying to apply waiting time:3
[Waiting_time_Solve] Applying waiting time 3 to agent 4 who has waiting time 5
[Waiting_time_Solve] New path is consistent after applying waiting time for agent 4
[Current_Solution] Agent 4 used 3 waiting timesteps, 2 remaining
[Waiting_time_Solve] Applied 3 waiting time  for agent 4 who has waiting time 2
[Waiting_time_Solve] Applying waiting time 3 to agent 6 who has waiting time 34
[Current_Solution] Agent 6 used 1 waiting timesteps, 33 remaining
[Waiting_time_Solve] New path is consistent after applying waiting time for agent 6
[Current_Solution] Agent 6 used 3 waiting timesteps, 30 remaining
[Waiting_time_Solve] Applied 3 waiting time  for agent 6 who has waiting time 30
[Waiting_time_Solve] Applying waiting time 3 to agent 7 who has waiting time 3
[Waiting_time_Solve] New path is consistent after applying waiting time for agent 7
[Current_Solution] Agent 7 used 3 waiting timesteps, 0 remaining
[Waiting_time_Solve] Applied 3 waiting time  for agent 7 who has waiting time 0
[Waiting_time_Solve] ALL Waiting time applied
[Waiting_time_Solve] Extended Zone end time from 103 to 106
[Current_Solution] Agent 0 used 3 waiting timesteps, 33 remaining
[Current_Solution] Agent 11 used 3 waiting timesteps, 33 remaining
[Waiting_time_Solve] Iteration 3...
[SAT] Start solving CNF: 3822503 clauses and 34690 variables
[SAT] Agent 19 entry time: 39 exit time: 47
[SAT] Agent 0 entry time: 39 exit time: 106
[SAT] Agent 1 entry time: 39 exit time: 54
[SAT] Agent 2 entry time: 39 exit time: 77
[SAT] Agent 15 entry time: 39 exit time: 46
[SAT] Agent 4 entry time: 40 exit time: 105
[SAT] Agent 5 entry time: 39 exit time: 74
[SAT] Agent 6 entry time: 39 exit time: 106
[SAT] Agent 7 entry time: 39 exit time: 106
[SAT] Agent 8 entry time: 39 exit time: 99
[SAT] Agent 9 entry time: 39 exit time: 64
[SAT] Agent 11 entry time: 39 exit time: 106
[SAT] Agent 12 entry time: 48 exit time: 106
[SAT] Agent 16 entry time: 39 exit time: 100

[SAT] Start time: 39 End time: 106

[SAT] Solving local zone with SAT iteration 1...
[SAT] Local CNF: 3822523 clauses 

DEBUG: Adding 3822523 new clauses to MiniSAT (incremental run)
DEBUG: Clause load summary: input=3822523, added=3822523, tautologies_skipped=0, duplicates_skipped=0, unit_clauses=145, empties=0, intra_clause_literals_removed=0, added_but_db_unchanged=174
DEBUG: After adding clauses, solver has 3822204 clauses and 34690 variables
DEBUG: MiniSAT found 34690 variables
DEBUG: Assignment size: 34690
DEBUG: First few assignment values: 1 0 1 0 1 0 0 1 0 0 

=== DEBUG: cnf_assignment_to_paths ===
Input assignment size: 34690

=== END DEBUG ===
[SAT] Found 2 vertex collisions and 5 edge collisions
[SAT] Adding collision clauses and solving again...
[SAT] Solving local zone with SAT iteration 2...
[SAT] Local CNF: 3822530 clauses 

DEBUG: Adding 7 new clauses to MiniSAT (incremental run)
DEBUG: Clause load summary: input=7, added=7, tautologies_skipped=0, duplicates_skipped=0, unit_clauses=0, empties=0, intra_clause_literals_removed=0, added_but_db_unchanged=2
DEBUG: After adding clauses, solver has 3822138 clauses and 34690 variables
DEBUG: MiniSAT found 34690 variables
DEBUG: Assignment size: 34690
DEBUG: First few assignment values: 1 0 1 0 1 0 0 1 0 0 

=== DEBUG: cnf_assignment_to_paths ===
Input assignment size: 34690

=== END DEBUG ===
[SAT] Found 2 vertex collisions and 5 edge collisions
[SAT] Adding collision clauses and solving again...
[SAT] Solving local zone with SAT iteration 3...
[SAT] Local CNF: 3822537 clauses 

DEBUG: Adding 7 new clauses to MiniSAT (incremental run)
DEBUG: Clause load summary: input=7, added=7, tautologies_skipped=0, duplicates_skipped=0, unit_clauses=0, empties=0, intra_clause_literals_removed=0, added_but_db_unchanged=4
DEBUG: After adding clauses, solver has 3822141 clauses and 34690 variables
DEBUG: MiniSAT found 34690 variables
DEBUG: Assignment size: 34690
DEBUG: First few assignment values: 1 0 1 0 1 0 0 1 0 0 

=== DEBUG: cnf_assignment_to_paths ===
Input assignment size: 34690

=== END DEBUG ===
[SAT] Found 3 vertex collisions and 1 edge collisions
[SAT] Adding collision clauses and solving again...
[SAT] Solving local zone with SAT iteration 4...
[SAT] Local CNF: 3822541 clauses 

DEBUG: Adding 4 new clauses to MiniSAT (incremental run)
DEBUG: Clause load summary: input=4, added=4, tautologies_skipped=0, duplicates_skipped=0, unit_clauses=0, empties=0, intra_clause_literals_removed=0, added_but_db_unchanged=2
DEBUG: After adding clauses, solver has 3822143 clauses and 34690 variables
DEBUG: MiniSAT found 34690 variables
DEBUG: Assignment size: 34690
DEBUG: First few assignment values: 1 0 1 0 1 0 0 1 0 0 

=== DEBUG: cnf_assignment_to_paths ===
Input assignment size: 34690

=== END DEBUG ===
[SAT] Found 2 vertex collisions and 1 edge collisions
[SAT] Adding collision clauses and solving again...
[SAT] Solving local zone with SAT iteration 5...
[SAT] Local CNF: 3822544 clauses 

DEBUG: Adding 3 new clauses to MiniSAT (incremental run)
DEBUG: Clause load summary: input=3, added=3, tautologies_skipped=0, duplicates_skipped=0, unit_clauses=0, empties=0, intra_clause_literals_removed=0, added_but_db_unchanged=2
DEBUG: After adding clauses, solver has 3822144 clauses and 34690 variables
DEBUG: MiniSAT found 34690 variables
DEBUG: Assignment size: 34690
DEBUG: First few assignment values: 1 0 1 0 1 0 0 1 0 0 

=== DEBUG: cnf_assignment_to_paths ===
Input assignment size: 34690

=== END DEBUG ===
[SAT] Found 2 vertex collisions and 2 edge collisions
[SAT] Adding collision clauses and solving again...
[SAT] Solving local zone with SAT iteration 6...
[SAT] Local CNF: 3822548 clauses 

DEBUG: Adding 4 new clauses to MiniSAT (incremental run)
DEBUG: Clause load summary: input=4, added=4, tautologies_skipped=0, duplicates_skipped=0, unit_clauses=0, empties=0, intra_clause_literals_removed=0, added_but_db_unchanged=3
DEBUG: After adding clauses, solver has 3822145 clauses and 34690 variables
[SAT] Previous assignment invalidated by new clauses, reset solver and retrying without assumptions...
DEBUG: Adding 3822548 new clauses to MiniSAT (incremental run)
DEBUG: Clause load summary: input=3822548, added=3822548, tautologies_skipped=0, duplicates_skipped=0, unit_clauses=145, empties=0, intra_clause_literals_removed=0, added_but_db_unchanged=187
DEBUG: After adding clauses, solver has 3822216 clauses and 34690 variables
[SAT] Local problem appears to be unsatisfiable in current zone
[Waiting_time_Solve] No solution found, trying to apply waiting time:4
[Waiting_time_Solve] INFO: not enough waiting time for agent 4 (needs 4, available: 2)
[Waiting_time_Solve] INFO: not enough waiting time for agent 4 (needs 4, available: 2)
[Waiting_time_Solve] No waiting time applied
[Waiting_time_Solve] No solution found
[Waiting_time_Solve] Restoring original paths
[Waiting_time_Solve] Restoring waiting times
[Current_Solution] Restored waiting times from backup
[Current_Solution] Restored paths from backup
[Solve_local_zone] Zone with expansion factor 28failed
[Solve_local_zone] Expanding zone with offset 31 (original: 2)
[Solve_local_zone] Final expanded zone contains 983 positions with 3 conflicts 
[Solve_local_zone] New time window: [38, 101]
[Solve_local_zone] Current local zone size: 983 (30.4146% of all walkable positions)
[Solve_local_zone] Local zone time window: [38, 101]
[Current_Solution] Agent 0 used 72 waiting timesteps, 38 remaining
[Current_Solution] Agent 6 used 23 waiting timesteps, 38 remaining
[Current_Solution] Agent 11 used 96 waiting timesteps, 38 remaining
[Waiting_time_Solve] Agent 0 has waiting time 38
[Waiting_time_Solve] Agent 1 has waiting time 71
[Waiting_time_Solve] Agent 2 has waiting time 59
[Waiting_time_Solve] Agent 3 has waiting time 125
[Waiting_time_Solve] Agent 4 has waiting time 5
[Waiting_time_Solve] Agent 5 has waiting time 55
[Waiting_time_Solve] Agent 6 has waiting time 38
[Waiting_time_Solve] Agent 7 has waiting time 6
[Waiting_time_Solve] Agent 8 has waiting time 0
[Waiting_time_Solve] Agent 9 has waiting time 57
[Waiting_time_Solve] Agent 10 has waiting time 137
[Waiting_time_Solve] Agent 11 has waiting time 38
[Waiting_time_Solve] Agent 12 has waiting time 2
[Waiting_time_Solve] Agent 13 has waiting time 44
[Waiting_time_Solve] Agent 14 has waiting time 129
[Waiting_time_Solve] Agent 15 has waiting time 88
[Waiting_time_Solve] Agent 16 has waiting time 3
[Waiting_time_Solve] Agent 17 has waiting time 128
[Waiting_time_Solve] Agent 18 has waiting time 82
[Waiting_time_Solve] Agent 19 has waiting time 59
[Waiting_time_Solve] Total available waiting time: 1164
[Waiting_time_Solve] Max iterations: 1164
[Waiting_time_Solve] Iteration 0...
[SAT] Start solving CNF: 3100071 clauses and 28775 variables
[SAT] Agent 19 entry time: 38 exit time: 48
[SAT] Agent 0 entry time: 38 exit time: 101
[SAT] Agent 1 entry time: 38 exit time: 55
[SAT] Agent 2 entry time: 38 exit time: 78
[SAT] Agent 15 entry time: 38 exit time: 47
[SAT] Agent 4 entry time: 39 exit time: 101
[SAT] Agent 5 entry time: 38 exit time: 75
[SAT] Agent 6 entry time: 38 exit time: 101
[SAT] Agent 7 entry time: 38 exit time: 101
[SAT] Agent 8 entry time: 38 exit time: 100
[SAT] Agent 9 entry time: 38 exit time: 65
[SAT] Agent 11 entry time: 38 exit time: 101
[SAT] Agent 12 entry time: 47 exit time: 101
[SAT] Agent 16 entry time: 38 exit time: 101

[SAT] Start time: 38 End time: 101

[SAT] Solving local zone with SAT iteration 1...
[SAT] Local CNF: 3100071 clauses 

DEBUG: Adding 3100071 new clauses to MiniSAT (incremental run)
DEBUG: Clause load summary: input=3100071, added=3100071, tautologies_skipped=0, duplicates_skipped=0, unit_clauses=197, empties=0, intra_clause_literals_removed=0, added_but_db_unchanged=221
DEBUG: After adding clauses, solver has 3099653 clauses and 28775 variables
DEBUG: MiniSAT found 28775 variables
DEBUG: Assignment size: 28775
DEBUG: First few assignment values: 1 1 0 1 0 1 0 0 1 0 

=== DEBUG: cnf_assignment_to_paths ===
Input assignment size: 28775

=== END DEBUG ===
[SAT] Found 4 vertex collisions and 2 edge collisions
[SAT] Adding collision clauses and solving again...
[SAT] Solving local zone with SAT iteration 2...
[SAT] Local CNF: 3100077 clauses 

DEBUG: Adding 6 new clauses to MiniSAT (incremental run)
[SAT] Previous assignment invalidated by new clauses, reset solver and retrying without assumptions...
DEBUG: Adding 3100077 new clauses to MiniSAT (incremental run)
[SAT] Local problem appears to be unsatisfiable in current zone
[Waiting_time_Solve] No solution found, trying to apply waiting time:1
[Waiting_time_Solve] Applying waiting time 1 to agent 6 who has waiting time 38
[Current_Solution] Agent 6 used 1 waiting timesteps, 37 remaining
[Waiting_time_Solve] New path is consistent after applying waiting time for agent 6
[Current_Solution] Agent 6 used 1 waiting timesteps, 36 remaining
[Waiting_time_Solve] Applied 1 waiting time  for agent 6 who has waiting time 36
[Waiting_time_Solve] Applying waiting time 1 to agent 7 who has waiting time 6
[Waiting_time_Solve] New path is consistent after applying waiting time for agent 7
[Current_Solution] Agent 7 used 1 waiting timesteps, 5 remaining
[Waiting_time_Solve] Applied 1 waiting time  for agent 7 who has waiting time 5
[Waiting_time_Solve] ALL Waiting time applied
[Waiting_time_Solve] Extended Zone end time from 101 to 102
[Current_Solution] Agent 0 used 1 waiting timesteps, 37 remaining
[Current_Solution] Agent 11 used 1 waiting timesteps, 37 remaining
[Waiting_time_Solve] Iteration 1...
[SAT] Start solving CNF: 3358583 clauses and 30364 variables
[SAT] Agent 19 entry time: 38 exit time: 48
[SAT] Agent 0 entry time: 38 exit time: 102
[SAT] Agent 1 entry time: 38 exit time: 55
[SAT] Agent 2 entry time: 38 exit time: 78
[SAT] Agent 15 entry time: 38 exit time: 47
[SAT] Agent 4 entry time: 39 exit time: 102
[SAT] Agent 5 entry time: 38 exit time: 75
[SAT] Agent 6 entry time: 38 exit time: 102
[SAT] Agent 7 entry time: 38 exit time: 102
[SAT] Agent 8 entry time: 38 exit time: 100
[SAT] Agent 9 entry time: 38 exit time: 65
[SAT] Agent 11 entry time: 38 exit time: 102
[SAT] Agent 12 entry time: 47 exit time: 102
[SAT] Agent 16 entry time: 38 exit time: 101

[SAT] Start time: 38 End time: 102

[SAT] Solving local zone with SAT iteration 1...
[SAT] Local CNF: 3358589 clauses 

DEBUG: Adding 3358589 new clauses to MiniSAT (incremental run)
DEBUG: Clause load summary: input=3358589, added=3358589, tautologies_skipped=0, duplicates_skipped=0, unit_clauses=173, empties=0, intra_clause_literals_removed=0, added_but_db_unchanged=196
DEBUG: After adding clauses, solver has 3358220 clauses and 30364 variables
DEBUG: MiniSAT found 30364 variables
DEBUG: Assignment size: 30364
DEBUG: First few assignment values: 1 1 0 1 0 0 1 0 0 1 

=== DEBUG: cnf_assignment_to_paths ===
Input assignment size: 30364

=== END DEBUG ===
[SAT] Found 3 vertex collisions and 2 edge collisions
[SAT] Adding collision clauses and solving again...
[SAT] Solving local zone with SAT iteration 2...
[SAT] Local CNF: 3358594 clauses 

DEBUG: Adding 5 new clauses to MiniSAT (incremental run)
[SAT] Previous assignment invalidated by new clauses, reset solver and retrying without assumptions...
DEBUG: Adding 3358594 new clauses to MiniSAT (incremental run)
[SAT] Local problem appears to be unsatisfiable in current zone
[Waiting_time_Solve] No solution found, trying to apply waiting time:2
[Waiting_time_Solve] Applying waiting time 2 to agent 1 who has waiting time 71
[Waiting_time_Solve] New path is consistent after applying waiting time for agent 1
[Current_Solution] Agent 1 used 2 waiting timesteps, 69 remaining
[Waiting_time_Solve] Applied 2 waiting time  for agent 1 who has waiting time 69
[Waiting_time_Solve] Applying waiting time 2 to agent 6 who has waiting time 36
[Current_Solution] Agent 6 used 1 waiting timesteps, 35 remaining
[Waiting_time_Solve] New path is consistent after applying waiting time for agent 6
[Current_Solution] Agent 6 used 2 waiting timesteps, 33 remaining
[Waiting_time_Solve] Applied 2 waiting time  for agent 6 who has waiting time 33
[Waiting_time_Solve] Applying waiting time 2 to agent 7 who has waiting time 5
[Waiting_time_Solve] New path is consistent after applying waiting time for agent 7
[Current_Solution] Agent 7 used 2 waiting timesteps, 3 remaining
[Waiting_time_Solve] Applied 2 waiting time  for agent 7 who has waiting time 3
[Waiting_time_Solve] ALL Waiting time applied
[Waiting_time_Solve] Extended Zone end time from 102 to 104
[Current_Solution] Agent 0 used 2 waiting timesteps, 35 remaining
[Current_Solution] Agent 11 used 2 waiting timesteps, 35 remaining
[Waiting_time_Solve] Iteration 2...
[SAT] Start solving CNF: 3921472 clauses and 33889 variables
[SAT] Agent 19 entry time: 38 exit time: 48
[SAT] Agent 0 entry time: 38 exit time: 104
[SAT] Agent 1 entry time: 38 exit time: 57
[SAT] Agent 2 entry time: 38 exit time: 78
[SAT] Agent 15 entry time: 38 exit time: 47
[SAT] Agent 4 entry time: 39 exit time: 103
[SAT] Agent 5 entry time: 38 exit time: 75
[SAT] Agent 6 entry time: 38 exit time: 104
[SAT] Agent 7 entry time: 38 exit time: 104
[SAT] Agent 8 entry time: 38 exit time: 100
[SAT] Agent 9 entry time: 38 exit time: 65
[SAT] Agent 11 entry time: 38 exit time: 104
[SAT] Agent 12 entry time: 47 exit time: 104
[SAT] Agent 16 entry time: 38 exit time: 101

[SAT] Start time: 38 End time: 104

[SAT] Solving local zone with SAT iteration 1...
[SAT] Local CNF: 3921483 clauses 

DEBUG: Adding 3921483 new clauses to MiniSAT (incremental run)
DEBUG: Clause load summary: input=3921483, added=3921483, tautologies_skipped=0, duplicates_skipped=0, unit_clauses=175, empties=0, intra_clause_literals_removed=0, added_but_db_unchanged=201
DEBUG: After adding clauses, solver has 3921107 clauses and 33889 variables
DEBUG: MiniSAT found 33889 variables
DEBUG: Assignment size: 33889
DEBUG: First few assignment values: 1 1 0 1 0 1 0 0 1 0 

=== DEBUG: cnf_assignment_to_paths ===
Input assignment size: 33889

=== END DEBUG ===
[SAT] Found 3 vertex collisions and 3 edge collisions
[SAT] Adding collision clauses and solving again...
[SAT] Solving local zone with SAT iteration 2...
[SAT] Local CNF: 3921489 clauses 

DEBUG: Adding 6 new clauses to MiniSAT (incremental run)
DEBUG: Clause load summary: input=6, added=6, tautologies_skipped=0, duplicates_skipped=0, unit_clauses=0, empties=0, intra_clause_literals_removed=0, added_but_db_unchanged=2
DEBUG: After adding clauses, solver has 3921099 clauses and 33889 variables
DEBUG: MiniSAT found 33889 variables
DEBUG: Assignment size: 33889
DEBUG: First few assignment values: 1 1 0 1 0 1 0 0 1 0 

=== DEBUG: cnf_assignment_to_paths ===
Input assignment size: 33889

=== END DEBUG ===
[SAT] Found 3 vertex collisions and 3 edge collisions
[SAT] Adding collision clauses and solving again...
[SAT] Solving local zone with SAT iteration 3...
[SAT] Local CNF: 3921495 clauses 

DEBUG: Adding 6 new clauses to MiniSAT (incremental run)
[SAT] Previous assignment invalidated by new clauses, reset solver and retrying without assumptions...
DEBUG: Adding 3921495 new clauses to MiniSAT (incremental run)
[SAT] Local problem appears to be unsatisfiable in current zone
[Waiting_time_Solve] No solution found, trying to apply waiting time:3
[Waiting_time_Solve] Applying waiting time 3 to agent 4 who has waiting time 5
[Waiting_time_Solve] New path is consistent after applying waiting time for agent 4
[Current_Solution] Agent 4 used 3 waiting timesteps, 2 remaining
[Waiting_time_Solve] Applied 3 waiting time  for agent 4 who has waiting time 2
[Waiting_time_Solve] Applying waiting time 3 to agent 6 who has waiting time 33
[Current_Solution] Agent 6 used 1 waiting timesteps, 32 remaining
[Waiting_time_Solve] New path is consistent after applying waiting time for agent 6
[Current_Solution] Agent 6 used 3 waiting timesteps, 29 remaining
[Waiting_time_Solve] Applied 3 waiting time  for agent 6 who has waiting time 29
[Waiting_time_Solve] Applying waiting time 3 to agent 7 who has waiting time 3
[Waiting_time_Solve] New path is consistent after applying waiting time for agent 7
[Current_Solution] Agent 7 used 3 waiting timesteps, 0 remaining
[Waiting_time_Solve] Applied 3 waiting time  for agent 7 who has waiting time 0
[Waiting_time_Solve] ALL Waiting time applied
[Waiting_time_Solve] Extended Zone end time from 104 to 107
[Current_Solution] Agent 0 used 3 waiting timesteps, 32 remaining
[Current_Solution] Agent 11 used 3 waiting timesteps, 32 remaining
[Waiting_time_Solve] Iteration 3...
[SAT] Start solving CNF: 4916512 clauses and 40114 variables
[SAT] Agent 19 entry time: 38 exit time: 48
[SAT] Agent 0 entry time: 38 exit time: 107
[SAT] Agent 1 entry time: 38 exit time: 57
[SAT] Agent 2 entry time: 38 exit time: 78
[SAT] Agent 15 entry time: 38 exit time: 47
[SAT] Agent 4 entry time: 39 exit time: 106
[SAT] Agent 5 entry time: 38 exit time: 75
[SAT] Agent 6 entry time: 38 exit time: 107
[SAT] Agent 7 entry time: 38 exit time: 107
[SAT] Agent 8 entry time: 38 exit time: 100
[SAT] Agent 9 entry time: 38 exit time: 65
[SAT] Agent 11 entry time: 38 exit time: 107
[SAT] Agent 12 entry time: 47 exit time: 107
[SAT] Agent 16 entry time: 38 exit time: 101

[SAT] Start time: 38 End time: 107

[SAT] Solving local zone with SAT iteration 1...
[SAT] Local CNF: 4916535 clauses 

DEBUG: Adding 4916535 new clauses to MiniSAT (incremental run)
DEBUG: Clause load summary: input=4916535, added=4916535, tautologies_skipped=0, duplicates_skipped=0, unit_clauses=145, empties=0, intra_clause_literals_removed=0, added_but_db_unchanged=174
DEBUG: After adding clauses, solver has 4916216 clauses and 40114 variables
DEBUG: MiniSAT found 40114 variables
DEBUG: Assignment size: 40114
DEBUG: First few assignment values: 1 1 0 1 0 1 0 0 1 0 

=== DEBUG: cnf_assignment_to_paths ===
Input assignment size: 40114

=== END DEBUG ===
[SAT] Found 3 vertex collisions and 5 edge collisions
[SAT] Adding collision clauses and solving again...
[SAT] Solving local zone with SAT iteration 2...
[SAT] Local CNF: 4916543 clauses 

DEBUG: Adding 8 new clauses to MiniSAT (incremental run)
DEBUG: Clause load summary: input=8, added=8, tautologies_skipped=0, duplicates_skipped=0, unit_clauses=0, empties=0, intra_clause_literals_removed=0, added_but_db_unchanged=2
DEBUG: After adding clauses, solver has 4916151 clauses and 40114 variables
DEBUG: MiniSAT found 40114 variables
DEBUG: Assignment size: 40114
DEBUG: First few assignment values: 1 1 0 1 0 1 0 0 1 0 

=== DEBUG: cnf_assignment_to_paths ===
Input assignment size: 40114

=== END DEBUG ===
[SAT] Found 4 vertex collisions and 3 edge collisions
[SAT] Adding collision clauses and solving again...
[SAT] Solving local zone with SAT iteration 3...
[SAT] Local CNF: 4916550 clauses 

DEBUG: Adding 7 new clauses to MiniSAT (incremental run)
DEBUG: Clause load summary: input=7, added=7, tautologies_skipped=0, duplicates_skipped=0, unit_clauses=0, empties=0, intra_clause_literals_removed=0, added_but_db_unchanged=4
DEBUG: After adding clauses, solver has 4916154 clauses and 40114 variables
DEBUG: MiniSAT found 40114 variables
DEBUG: Assignment size: 40114
DEBUG: First few assignment values: 1 1 0 1 0 1 0 0 1 0 

=== DEBUG: cnf_assignment_to_paths ===
Input assignment size: 40114

=== END DEBUG ===
[SAT] Found 2 vertex collisions and 1 edge collisions
[SAT] Adding collision clauses and solving again...
[SAT] Solving local zone with SAT iteration 4...
[SAT] Local CNF: 4916553 clauses 

DEBUG: Adding 3 new clauses to MiniSAT (incremental run)
DEBUG: Clause load summary: input=3, added=3, tautologies_skipped=0, duplicates_skipped=0, unit_clauses=0, empties=0, intra_clause_literals_removed=0, added_but_db_unchanged=2
DEBUG: After adding clauses, solver has 4916155 clauses and 40114 variables
DEBUG: MiniSAT found 40114 variables
DEBUG: Assignment size: 40114
DEBUG: First few assignment values: 1 1 0 1 0 1 0 0 1 0 

=== DEBUG: cnf_assignment_to_paths ===
Input assignment size: 40114

=== END DEBUG ===
[SAT] Found 2 vertex collisions and 1 edge collisions
[SAT] Adding collision clauses and solving again...
[SAT] Solving local zone with SAT iteration 5...
[SAT] Local CNF: 4916556 clauses 

DEBUG: Adding 3 new clauses to MiniSAT (incremental run)
DEBUG: Clause load summary: input=3, added=3, tautologies_skipped=0, duplicates_skipped=0, unit_clauses=0, empties=0, intra_clause_literals_removed=0, added_but_db_unchanged=2
DEBUG: After adding clauses, solver has 4916156 clauses and 40114 variables
DEBUG: MiniSAT found 40114 variables
DEBUG: Assignment size: 40114
DEBUG: First few assignment values: 1 1 0 1 0 1 0 0 1 0 

=== DEBUG: cnf_assignment_to_paths ===
Input assignment size: 40114

=== END DEBUG ===
[SAT] Found 2 vertex collisions and 2 edge collisions
[SAT] Adding collision clauses and solving again...
[SAT] Solving local zone with SAT iteration 6...
[SAT] Local CNF: 4916560 clauses 

DEBUG: Adding 4 new clauses to MiniSAT (incremental run)
DEBUG: Clause load summary: input=4, added=4, tautologies_skipped=0, duplicates_skipped=0, unit_clauses=0, empties=0, intra_clause_literals_removed=0, added_but_db_unchanged=3
DEBUG: After adding clauses, solver has 4916157 clauses and 40114 variables
[SAT] Previous assignment invalidated by new clauses, reset solver and retrying without assumptions...
DEBUG: Adding 4916560 new clauses to MiniSAT (incremental run)
DEBUG: Clause load summary: input=4916560, added=4916560, tautologies_skipped=0, duplicates_skipped=0, unit_clauses=145, empties=0, intra_clause_literals_removed=0, added_but_db_unchanged=187
DEBUG: After adding clauses, solver has 4916228 clauses and 40114 variables
[SAT] Local problem appears to be unsatisfiable in current zone
[Waiting_time_Solve] No solution found, trying to apply waiting time:4
[Waiting_time_Solve] INFO: not enough waiting time for agent 4 (needs 4, available: 2)
[Waiting_time_Solve] INFO: not enough waiting time for agent 4 (needs 4, available: 2)
[Waiting_time_Solve] No waiting time applied
[Waiting_time_Solve] No solution found
[Waiting_time_Solve] Restoring original paths
[Waiting_time_Solve] Restoring waiting times
[Current_Solution] Restored waiting times from backup
[Current_Solution] Restored paths from backup
[Solve_local_zone] Zone with expansion factor 29failed
[Solve_local_zone] Expanding zone with offset 32 (original: 2)
[Solve_local_zone] Final expanded zone contains 1031 positions with 3 conflicts 
[Solve_local_zone] New time window: [37, 102]
[Solve_local_zone] Current local zone size: 1031 (31.8998% of all walkable positions)
[Solve_local_zone] Local zone time window: [37, 102]
[Current_Solution] Agent 0 used 73 waiting timesteps, 37 remaining
[Current_Solution] Agent 6 used 24 waiting timesteps, 37 remaining
[Create_Local_problem] Agent 9 returned to the zone 1 times within time window
[Current_Solution] Agent 11 used 97 waiting timesteps, 37 remaining
[Waiting_time_Solve] Agent 0 has waiting time 37
[Waiting_time_Solve] Agent 1 has waiting time 71
[Waiting_time_Solve] Agent 2 has waiting time 59
[Waiting_time_Solve] Agent 3 has waiting time 125
[Waiting_time_Solve] Agent 4 has waiting time 5
[Waiting_time_Solve] Agent 5 has waiting time 55
[Waiting_time_Solve] Agent 6 has waiting time 37
[Waiting_time_Solve] Agent 7 has waiting time 6
[Waiting_time_Solve] Agent 8 has waiting time 0
[Waiting_time_Solve] Agent 9 has waiting time 57
[Waiting_time_Solve] Agent 10 has waiting time 137
[Waiting_time_Solve] Agent 11 has waiting time 37
[Waiting_time_Solve] Agent 12 has waiting time 2
[Waiting_time_Solve] Agent 13 has waiting time 44
[Waiting_time_Solve] Agent 14 has waiting time 129
[Waiting_time_Solve] Agent 15 has waiting time 88
[Waiting_time_Solve] Agent 16 has waiting time 3
[Waiting_time_Solve] Agent 17 has waiting time 128
[Waiting_time_Solve] Agent 18 has waiting time 82
[Waiting_time_Solve] Agent 19 has waiting time 59
[Waiting_time_Solve] Total available waiting time: 1161
[Waiting_time_Solve] Max iterations: 1161
[Waiting_time_Solve] Iteration 0...
[Waiting_time_Solve] Agent 9 pseudo agents: 20 
[SAT] Start solving CNF: 3817467 clauses and 32434 variables
[SAT] Agent 19 entry time: 37 exit time: 49
[SAT] Agent 16 entry time: 37 exit time: 102
[SAT] Agent 0 entry time: 37 exit time: 102
[SAT] Agent 1 entry time: 37 exit time: 56
[SAT] Agent 2 entry time: 37 exit time: 79
[SAT] Agent 15 entry time: 37 exit time: 48
[SAT] Agent 4 entry time: 38 exit time: 102
[SAT] Agent 5 entry time: 37 exit time: 76
[SAT] Agent 6 entry time: 37 exit time: 102
[SAT] Agent 7 entry time: 37 exit time: 102
[SAT] Agent 20 entry time: 69 exit time: 69
[SAT] Agent 8 entry time: 37 exit time: 101
[SAT] Agent 9 entry time: 37 exit time: 66
[SAT] Agent 11 entry time: 37 exit time: 102
[SAT] Agent 12 entry time: 46 exit time: 102

[SAT] Start time: 37 End time: 102

[SAT] Solving local zone with SAT iteration 1...
[SAT] Local CNF: 3817467 clauses 

DEBUG: Adding 3817467 new clauses to MiniSAT (incremental run)
DEBUG: Clause load summary: input=3817467, added=3817467, tautologies_skipped=0, duplicates_skipped=0, unit_clauses=203, empties=0, intra_clause_literals_removed=0, added_but_db_unchanged=228
DEBUG: After adding clauses, solver has 3817036 clauses and 32434 variables
DEBUG: MiniSAT found 32434 variables
DEBUG: Assignment size: 32434
DEBUG: First few assignment values: 1 1 1 0 1 0 1 0 0 1 

=== DEBUG: cnf_assignment_to_paths ===
Input assignment size: 32434

=== END DEBUG ===
[SAT] Found 3 vertex collisions and 3 edge collisions
[SAT] Adding collision clauses and solving again...
[SAT] Solving local zone with SAT iteration 2...
[SAT] Local CNF: 3817473 clauses 

DEBUG: Adding 6 new clauses to MiniSAT (incremental run)
[SAT] Previous assignment invalidated by new clauses, reset solver and retrying without assumptions...
DEBUG: Adding 3817473 new clauses to MiniSAT (incremental run)
[SAT] Local problem appears to be unsatisfiable in current zone
[Waiting_time_Solve] No solution found, trying to apply waiting time:1
[Waiting_time_Solve] Applying waiting time 1 to agent 6 who has waiting time 37
[Current_Solution] Agent 6 used 1 waiting timesteps, 36 remaining
[Waiting_time_Solve] New path is consistent after applying waiting time for agent 6
[Current_Solution] Agent 6 used 1 waiting timesteps, 35 remaining
[Waiting_time_Solve] Applied 1 waiting time  for agent 6 who has waiting time 35
[Waiting_time_Solve] Applying waiting time 1 to agent 7 who has waiting time 6
[Waiting_time_Solve] New path is consistent after applying waiting time for agent 7
[Current_Solution] Agent 7 used 1 waiting timesteps, 5 remaining
[Waiting_time_Solve] Applied 1 waiting time  for agent 7 who has waiting time 5
[Waiting_time_Solve] ALL Waiting time applied
[Waiting_time_Solve] Extended Zone end time from 102 to 103
[Current_Solution] Agent 0 used 1 waiting timesteps, 36 remaining
[Current_Solution] Agent 11 used 1 waiting timesteps, 36 remaining
[Waiting_time_Solve] Iteration 1...
[Waiting_time_Solve] Agent 9 pseudo agents: 20 
[SAT] Start solving CNF: 4117560 clauses and 34129 variables
[SAT] Agent 19 entry time: 37 exit time: 49
[SAT] Agent 16 entry time: 37 exit time: 102
[SAT] Agent 0 entry time: 37 exit time: 103
[SAT] Agent 1 entry time: 37 exit time: 56
[SAT] Agent 2 entry time: 37 exit time: 79
[SAT] Agent 15 entry time: 37 exit time: 48
[SAT] Agent 4 entry time: 38 exit time: 103
[SAT] Agent 5 entry time: 37 exit time: 76
[SAT] Agent 6 entry time: 37 exit time: 103
[SAT] Agent 7 entry time: 37 exit time: 103
[SAT] Agent 20 entry time: 69 exit time: 69
[SAT] Agent 8 entry time: 37 exit time: 101
[SAT] Agent 9 entry time: 37 exit time: 66
[SAT] Agent 11 entry time: 37 exit time: 103
[SAT] Agent 12 entry time: 46 exit time: 103

[SAT] Start time: 37 End time: 103

[SAT] Solving local zone with SAT iteration 1...
[SAT] Local CNF: 4117566 clauses 

DEBUG: Adding 4117566 new clauses to MiniSAT (incremental run)
DEBUG: Clause load summary: input=4117566, added=4117566, tautologies_skipped=0, duplicates_skipped=0, unit_clauses=179, empties=0, intra_clause_literals_removed=0, added_but_db_unchanged=203
DEBUG: After adding clauses, solver has 4117184 clauses and 34129 variables
DEBUG: MiniSAT found 34129 variables
DEBUG: Assignment size: 34129
DEBUG: First few assignment values: 1 1 1 1 0 1 0 0 0 1 

=== DEBUG: cnf_assignment_to_paths ===
Input assignment size: 34129

=== END DEBUG ===
[SAT] Found 3 vertex collisions and 1 edge collisions
[SAT] Adding collision clauses and solving again...
[SAT] Solving local zone with SAT iteration 2...
[SAT] Local CNF: 4117570 clauses 

DEBUG: Adding 4 new clauses to MiniSAT (incremental run)
[SAT] Previous assignment invalidated by new clauses, reset solver and retrying without assumptions...
DEBUG: Adding 4117570 new clauses to MiniSAT (incremental run)
[SAT] Local problem appears to be unsatisfiable in current zone
[Waiting_time_Solve] No solution found, trying to apply waiting time:2
[Waiting_time_Solve] Applying waiting time 2 to agent 1 who has waiting time 71
[Waiting_time_Solve] New path is consistent after applying waiting time for agent 1
[Current_Solution] Agent 1 used 2 waiting timesteps, 69 remaining
[Waiting_time_Solve] Applied 2 waiting time  for agent 1 who has waiting time 69
[Waiting_time_Solve] Applying waiting time 2 to agent 6 who has waiting time 35
[Current_Solution] Agent 6 used 1 waiting timesteps, 34 remaining
[Waiting_time_Solve] New path is consistent after applying waiting time for agent 6
[Current_Solution] Agent 6 used 2 waiting timesteps, 32 remaining
[Waiting_time_Solve] Applied 2 waiting time  for agent 6 who has waiting time 32
[Waiting_time_Solve] Applying waiting time 2 to agent 7 who has waiting time 5
[Waiting_time_Solve] New path is consistent after applying waiting time for agent 7
[Current_Solution] Agent 7 used 2 waiting timesteps, 3 remaining
[Waiting_time_Solve] Applied 2 waiting time  for agent 7 who has waiting time 3
[Waiting_time_Solve] ALL Waiting time applied
[Waiting_time_Solve] Extended Zone end time from 103 to 105
[Current_Solution] Agent 0 used 2 waiting timesteps, 34 remaining
[Current_Solution] Agent 11 used 2 waiting timesteps, 34 remaining
[Waiting_time_Solve] Iteration 2...
[Waiting_time_Solve] Agent 9 pseudo agents: 20 
[SAT] Start solving CNF: 4781948 clauses and 37946 variables
[SAT] Agent 19 entry time: 37 exit time: 49
[SAT] Agent 16 entry time: 37 exit time: 102
[SAT] Agent 0 entry time: 37 exit time: 105
[SAT] Agent 1 entry time: 37 exit time: 58
[SAT] Agent 2 entry time: 37 exit time: 79
[SAT] Agent 15 entry time: 37 exit time: 48
[SAT] Agent 4 entry time: 38 exit time: 104
[SAT] Agent 5 entry time: 37 exit time: 76
[SAT] Agent 6 entry time: 37 exit time: 105
[SAT] Agent 7 entry time: 37 exit time: 105
[SAT] Agent 20 entry time: 69 exit time: 69
[SAT] Agent 8 entry time: 37 exit time: 101
[SAT] Agent 9 entry time: 37 exit time: 66
[SAT] Agent 11 entry time: 37 exit time: 105
[SAT] Agent 12 entry time: 46 exit time: 105

[SAT] Start time: 37 End time: 105

[SAT] Solving local zone with SAT iteration 1...
[SAT] Local CNF: 4781958 clauses 

DEBUG: Adding 4781958 new clauses to MiniSAT (incremental run)
DEBUG: Clause load summary: input=4781958, added=4781958, tautologies_skipped=0, duplicates_skipped=0, unit_clauses=181, empties=0, intra_clause_literals_removed=0, added_but_db_unchanged=208
DEBUG: After adding clauses, solver has 4781569 clauses and 37946 variables
DEBUG: MiniSAT found 37946 variables
DEBUG: Assignment size: 37946
DEBUG: First few assignment values: 1 1 1 0 1 0 1 0 0 1 

=== DEBUG: cnf_assignment_to_paths ===
Input assignment size: 37946

=== END DEBUG ===
[SAT] Found 2 vertex collisions and 4 edge collisions
[SAT] Adding collision clauses and solving again...
[SAT] Solving local zone with SAT iteration 2...
[SAT] Local CNF: 4781964 clauses 

DEBUG: Adding 6 new clauses to MiniSAT (incremental run)
DEBUG: Clause load summary: input=6, added=6, tautologies_skipped=0, duplicates_skipped=0, unit_clauses=0, empties=0, intra_clause_literals_removed=0, added_but_db_unchanged=2
DEBUG: After adding clauses, solver has 4781561 clauses and 37946 variables
DEBUG: MiniSAT found 37946 variables
DEBUG: Assignment size: 37946
DEBUG: First few assignment values: 1 1 1 0 1 0 1 0 0 1 

=== DEBUG: cnf_assignment_to_paths ===
Input assignment size: 37946

=== END DEBUG ===
[SAT] Found 3 vertex collisions and 2 edge collisions
[SAT] Adding collision clauses and solving again...
[SAT] Solving local zone with SAT iteration 3...
[SAT] Local CNF: 4781969 clauses 

DEBUG: Adding 5 new clauses to MiniSAT (incremental run)
[SAT] Previous assignment invalidated by new clauses, reset solver and retrying without assumptions...
DEBUG: Adding 4781969 new clauses to MiniSAT (incremental run)
[SAT] Local problem appears to be unsatisfiable in current zone
[Waiting_time_Solve] No solution found, trying to apply waiting time:3
[Waiting_time_Solve] Applying waiting time 3 to agent 4 who has waiting time 5
[Waiting_time_Solve] New path is consistent after applying waiting time for agent 4
[Current_Solution] Agent 4 used 3 waiting timesteps, 2 remaining
[Waiting_time_Solve] Applied 3 waiting time  for agent 4 who has waiting time 2
[Waiting_time_Solve] Applying waiting time 3 to agent 6 who has waiting time 32
[Current_Solution] Agent 6 used 1 waiting timesteps, 31 remaining
[Waiting_time_Solve] New path is consistent after applying waiting time for agent 6
[Current_Solution] Agent 6 used 3 waiting timesteps, 28 remaining
[Waiting_time_Solve] Applied 3 waiting time  for agent 6 who has waiting time 28
[Waiting_time_Solve] Applying waiting time 3 to agent 7 who has waiting time 3
[Waiting_time_Solve] New path is consistent after applying waiting time for agent 7
[Current_Solution] Agent 7 used 3 waiting timesteps, 0 remaining
[Waiting_time_Solve] Applied 3 waiting time  for agent 7 who has waiting time 0
[Waiting_time_Solve] ALL Waiting time applied
[Waiting_time_Solve] Extended Zone end time from 105 to 108
[Current_Solution] Agent 0 used 3 waiting timesteps, 31 remaining
[Current_Solution] Agent 11 used 3 waiting timesteps, 31 remaining
[Waiting_time_Solve] Iteration 3...
[Waiting_time_Solve] Agent 9 pseudo agents: 20 
[SAT] Start solving CNF: 5951760 clauses and 44630 variables
[SAT] Agent 19 entry time: 37 exit time: 49
[SAT] Agent 16 entry time: 37 exit time: 102
[SAT] Agent 0 entry time: 37 exit time: 108
[SAT] Agent 1 entry time: 37 exit time: 58
[SAT] Agent 2 entry time: 37 exit time: 79
[SAT] Agent 15 entry time: 37 exit time: 48
[SAT] Agent 4 entry time: 38 exit time: 107
[SAT] Agent 5 entry time: 37 exit time: 76
[SAT] Agent 6 entry time: 37 exit time: 108
[SAT] Agent 7 entry time: 37 exit time: 108
[SAT] Agent 20 entry time: 69 exit time: 69
[SAT] Agent 8 entry time: 37 exit time: 101
[SAT] Agent 9 entry time: 37 exit time: 66
[SAT] Agent 11 entry time: 37 exit time: 108
[SAT] Agent 12 entry time: 46 exit time: 108

[SAT] Start time: 37 End time: 108

[SAT] Solving local zone with SAT iteration 1...
[SAT] Local CNF: 5951781 clauses 

DEBUG: Adding 5951781 new clauses to MiniSAT (incremental run)
DEBUG: Clause load summary: input=5951781, added=5951781, tautologies_skipped=0, duplicates_skipped=0, unit_clauses=149, empties=0, intra_clause_literals_removed=0, added_but_db_unchanged=179
DEBUG: After adding clauses, solver has 5951453 clauses and 44630 variables
DEBUG: MiniSAT found 44630 variables
DEBUG: Assignment size: 44630
DEBUG: First few assignment values: 1 1 1 0 1 0 1 0 0 1 

=== DEBUG: cnf_assignment_to_paths ===
Input assignment size: 44630

=== END DEBUG ===
[SAT] Found 2 vertex collisions and 5 edge collisions
[SAT] Adding collision clauses and solving again...
[SAT] Solving local zone with SAT iteration 2...
[SAT] Local CNF: 5951788 clauses 

DEBUG: Adding 7 new clauses to MiniSAT (incremental run)
DEBUG: Clause load summary: input=7, added=7, tautologies_skipped=0, duplicates_skipped=0, unit_clauses=0, empties=0, intra_clause_literals_removed=0, added_but_db_unchanged=2
DEBUG: After adding clauses, solver has 5951387 clauses and 44630 variables
DEBUG: MiniSAT found 44630 variables
DEBUG: Assignment size: 44630
DEBUG: First few assignment values: 1 1 1 0 1 0 1 0 0 1 

=== DEBUG: cnf_assignment_to_paths ===
Input assignment size: 44630

=== END DEBUG ===
[SAT] Found 3 vertex collisions and 3 edge collisions
[SAT] Adding collision clauses and solving again...
[SAT] Solving local zone with SAT iteration 3...
[SAT] Local CNF: 5951794 clauses 

DEBUG: Adding 6 new clauses to MiniSAT (incremental run)
DEBUG: Clause load summary: input=6, added=6, tautologies_skipped=0, duplicates_skipped=0, unit_clauses=0, empties=0, intra_clause_literals_removed=0, added_but_db_unchanged=4
DEBUG: After adding clauses, solver has 5951389 clauses and 44630 variables
DEBUG: MiniSAT found 44630 variables
DEBUG: Assignment size: 44630
DEBUG: First few assignment values: 1 1 1 0 1 0 1 0 0 1 

=== DEBUG: cnf_assignment_to_paths ===
Input assignment size: 44630

=== END DEBUG ===
[SAT] Found 2 vertex collisions and 1 edge collisions
[SAT] Adding collision clauses and solving again...
[SAT] Solving local zone with SAT iteration 4...
[SAT] Local CNF: 5951797 clauses 

DEBUG: Adding 3 new clauses to MiniSAT (incremental run)
DEBUG: Clause load summary: input=3, added=3, tautologies_skipped=0, duplicates_skipped=0, unit_clauses=0, empties=0, intra_clause_literals_removed=0, added_but_db_unchanged=2
DEBUG: After adding clauses, solver has 5951390 clauses and 44630 variables
DEBUG: MiniSAT found 44630 variables
DEBUG: Assignment size: 44630
DEBUG: First few assignment values: 1 1 1 0 1 0 1 0 0 1 

=== DEBUG: cnf_assignment_to_paths ===
Input assignment size: 44630

=== END DEBUG ===
[SAT] Found 2 vertex collisions and 1 edge collisions
[SAT] Adding collision clauses and solving again...
[SAT] Solving local zone with SAT iteration 5...
[SAT] Local CNF: 5951800 clauses 

DEBUG: Adding 3 new clauses to MiniSAT (incremental run)
DEBUG: Clause load summary: input=3, added=3, tautologies_skipped=0, duplicates_skipped=0, unit_clauses=0, empties=0, intra_clause_literals_removed=0, added_but_db_unchanged=2
DEBUG: After adding clauses, solver has 5951391 clauses and 44630 variables
DEBUG: MiniSAT found 44630 variables
DEBUG: Assignment size: 44630
DEBUG: First few assignment values: 1 1 1 0 1 0 1 0 0 1 

=== DEBUG: cnf_assignment_to_paths ===
Input assignment size: 44630

=== END DEBUG ===
[SAT] Found 2 vertex collisions and 3 edge collisions
[SAT] Adding collision clauses and solving again...
[SAT] Solving local zone with SAT iteration 6...
[SAT] Local CNF: 5951805 clauses 

DEBUG: Adding 5 new clauses to MiniSAT (incremental run)
DEBUG: Clause load summary: input=5, added=5, tautologies_skipped=0, duplicates_skipped=0, unit_clauses=0, empties=0, intra_clause_literals_removed=0, added_but_db_unchanged=4
DEBUG: After adding clauses, solver has 5951392 clauses and 44630 variables
[SAT] Previous assignment invalidated by new clauses, reset solver and retrying without assumptions...
DEBUG: Adding 5951805 new clauses to MiniSAT (incremental run)
DEBUG: Clause load summary: input=5951805, added=5951805, tautologies_skipped=0, duplicates_skipped=0, unit_clauses=149, empties=0, intra_clause_literals_removed=0, added_but_db_unchanged=193
DEBUG: After adding clauses, solver has 5951463 clauses and 44630 variables
[SAT] Local problem appears to be unsatisfiable in current zone
[Waiting_time_Solve] No solution found, trying to apply waiting time:4
[Waiting_time_Solve] INFO: not enough waiting time for agent 4 (needs 4, available: 2)
[Waiting_time_Solve] INFO: not enough waiting time for agent 4 (needs 4, available: 2)
[Waiting_time_Solve] No waiting time applied
[Waiting_time_Solve] No solution found
[Waiting_time_Solve] Restoring original paths
[Waiting_time_Solve] Restoring waiting times
[Current_Solution] Restored waiting times from backup
[Current_Solution] Restored paths from backup
[Solve_local_zone] Zone with expansion factor 30failed
[Solve_local_zone] Expanding zone with offset 33 (original: 2)
[Solve_local_zone] Final expanded zone contains 1080 positions with 3 conflicts 
[Solve_local_zone] New time window: [36, 103]
[Solve_local_zone] Current local zone size: 1080 (33.4158% of all walkable positions)
[Solve_local_zone] Local zone time window: [36, 103]
[Current_Solution] Agent 0 used 74 waiting timesteps, 36 remaining
[Current_Solution] Agent 2 used 23 waiting timesteps, 36 remaining
[Current_Solution] Agent 6 used 25 waiting timesteps, 36 remaining
[Current_Solution] Agent 11 used 98 waiting timesteps, 36 remaining
[Waiting_time_Solve] Agent 0 has waiting time 36
[Waiting_time_Solve] Agent 1 has waiting time 71
[Waiting_time_Solve] Agent 2 has waiting time 36
[Waiting_time_Solve] Agent 3 has waiting time 125
[Waiting_time_Solve] Agent 4 has waiting time 5
[Waiting_time_Solve] Agent 5 has waiting time 55
[Waiting_time_Solve] Agent 6 has waiting time 36
[Waiting_time_Solve] Agent 7 has waiting time 6
[Waiting_time_Solve] Agent 8 has waiting time 0
[Waiting_time_Solve] Agent 9 has waiting time 57
[Waiting_time_Solve] Agent 10 has waiting time 137
[Waiting_time_Solve] Agent 11 has waiting time 36
[Waiting_time_Solve] Agent 12 has waiting time 2
[Waiting_time_Solve] Agent 13 has waiting time 44
[Waiting_time_Solve] Agent 14 has waiting time 129
[Waiting_time_Solve] Agent 15 has waiting time 88
[Waiting_time_Solve] Agent 16 has waiting time 3
[Waiting_time_Solve] Agent 17 has waiting time 128
[Waiting_time_Solve] Agent 18 has waiting time 82
[Waiting_time_Solve] Agent 19 has waiting time 59
[Waiting_time_Solve] Total available waiting time: 1135
[Waiting_time_Solve] Max iterations: 1135
[Waiting_time_Solve] Iteration 0...
[SAT] Start solving CNF: 5233806 clauses and 44062 variables
[SAT] Agent 19 entry time: 36 exit time: 50
[SAT] Agent 0 entry time: 36 exit time: 103
[SAT] Agent 1 entry time: 36 exit time: 57
[SAT] Agent 2 entry time: 36 exit time: 103
[SAT] Agent 15 entry time: 36 exit time: 49
[SAT] Agent 4 entry time: 37 exit time: 103
[SAT] Agent 5 entry time: 36 exit time: 77
[SAT] Agent 6 entry time: 36 exit time: 103
[SAT] Agent 7 entry time: 36 exit time: 103
[SAT] Agent 8 entry time: 36 exit time: 102
[SAT] Agent 9 entry time: 36 exit time: 70
[SAT] Agent 11 entry time: 36 exit time: 103
[SAT] Agent 12 entry time: 45 exit time: 103
[SAT] Agent 16 entry time: 36 exit time: 103

[SAT] Start time: 36 End time: 103

[SAT] Solving local zone with SAT iteration 1...
[SAT] Local CNF: 5233806 clauses 

DEBUG: Adding 5233806 new clauses to MiniSAT (incremental run)
DEBUG: Clause load summary: input=5233806, added=5233806, tautologies_skipped=0, duplicates_skipped=0, unit_clauses=192, empties=0, intra_clause_literals_removed=0, added_but_db_unchanged=216
DEBUG: After adding clauses, solver has 5233398 clauses and 44062 variables
DEBUG: MiniSAT found 44062 variables
DEBUG: Assignment size: 44062
DEBUG: First few assignment values: 1 1 1 1 0 1 0 1 0 0 

=== DEBUG: cnf_assignment_to_paths ===
Input assignment size: 44062

=== END DEBUG ===
[SAT] Found 6 vertex collisions and 18 edge collisions
[SAT] Adding collision clauses and solving again...
[SAT] Solving local zone with SAT iteration 2...
[SAT] Local CNF: 5233830 clauses 

DEBUG: Adding 24 new clauses to MiniSAT (incremental run)
[SAT] Previous assignment invalidated by new clauses, reset solver and retrying without assumptions...
DEBUG: Adding 5233830 new clauses to MiniSAT (incremental run)
[SAT] Local problem appears to be unsatisfiable in current zone
[Waiting_time_Solve] No solution found, trying to apply waiting time:1
[Waiting_time_Solve] Applying waiting time 1 to agent 2 who has waiting time 36
[Current_Solution] Agent 2 used 1 waiting timesteps, 35 remaining
[Waiting_time_Solve] New path is consistent after applying waiting time for agent 2
[Current_Solution] Agent 2 used 1 waiting timesteps, 34 remaining
[Waiting_time_Solve] Applied 1 waiting time  for agent 2 who has waiting time 34
[Waiting_time_Solve] Applying waiting time 1 to agent 6 who has waiting time 36
[Current_Solution] Agent 6 used 1 waiting timesteps, 35 remaining
[Waiting_time_Solve] New path is consistent after applying waiting time for agent 6
[Current_Solution] Agent 6 used 1 waiting timesteps, 34 remaining
[Waiting_time_Solve] Applied 1 waiting time  for agent 6 who has waiting time 34
[Waiting_time_Solve] Applying waiting time 1 to agent 7 who has waiting time 6
[Waiting_time_Solve] New path is consistent after applying waiting time for agent 7
[Current_Solution] Agent 7 used 1 waiting timesteps, 5 remaining
[Waiting_time_Solve] Applied 1 waiting time  for agent 7 who has waiting time 5
[Waiting_time_Solve] ALL Waiting time applied
[Waiting_time_Solve] Extended Zone end time from 103 to 104
[Current_Solution] Agent 0 used 1 waiting timesteps, 35 remaining
[Current_Solution] Agent 11 used 1 waiting timesteps, 35 remaining
[Waiting_time_Solve] Iteration 1...
[SAT] Start solving CNF: 5691899 clauses and 46570 variables
[SAT] Agent 19 entry time: 36 exit time: 50
[SAT] Agent 0 entry time: 36 exit time: 104
[SAT] Agent 1 entry time: 36 exit time: 57
[SAT] Agent 2 entry time: 36 exit time: 104
[SAT] Agent 15 entry time: 36 exit time: 49
[SAT] Agent 4 entry time: 37 exit time: 104
[SAT] Agent 5 entry time: 36 exit time: 77
[SAT] Agent 6 entry time: 36 exit time: 104
[SAT] Agent 7 entry time: 36 exit time: 104
[SAT] Agent 8 entry time: 36 exit time: 102
[SAT] Agent 9 entry time: 36 exit time: 70
[SAT] Agent 11 entry time: 36 exit time: 104
[SAT] Agent 12 entry time: 45 exit time: 104
[SAT] Agent 16 entry time: 36 exit time: 103

[SAT] Start time: 36 End time: 104

[SAT] Solving local zone with SAT iteration 1...
[SAT] Local CNF: 5691923 clauses 

DEBUG: Adding 5691923 new clauses to MiniSAT (incremental run)
DEBUG: Clause load summary: input=5691923, added=5691923, tautologies_skipped=0, duplicates_skipped=0, unit_clauses=168, empties=0, intra_clause_literals_removed=0, added_but_db_unchanged=191
DEBUG: After adding clauses, solver has 5691564 clauses and 46570 variables
DEBUG: MiniSAT found 46570 variables
DEBUG: Assignment size: 46570
DEBUG: First few assignment values: 1 1 1 1 0 1 0 1 0 0 

=== DEBUG: cnf_assignment_to_paths ===
Input assignment size: 46570

=== END DEBUG ===
[SAT] Found 5 vertex collisions and 4 edge collisions
[SAT] Adding collision clauses and solving again...
[SAT] Solving local zone with SAT iteration 2...
[SAT] Local CNF: 5691932 clauses 

DEBUG: Adding 9 new clauses to MiniSAT (incremental run)
[SAT] Previous assignment invalidated by new clauses, reset solver and retrying without assumptions...
DEBUG: Adding 5691932 new clauses to MiniSAT (incremental run)
[SAT] Local problem appears to be unsatisfiable in current zone
[Waiting_time_Solve] No solution found, trying to apply waiting time:2
[Waiting_time_Solve] Applying waiting time 2 to agent 1 who has waiting time 71
[Waiting_time_Solve] New path is consistent after applying waiting time for agent 1
[Current_Solution] Agent 1 used 2 waiting timesteps, 69 remaining
[Waiting_time_Solve] Applied 2 waiting time  for agent 1 who has waiting time 69
[Waiting_time_Solve] Applying waiting time 2 to agent 2 who has waiting time 34
[Current_Solution] Agent 2 used 1 waiting timesteps, 33 remaining
[Waiting_time_Solve] New path is consistent after applying waiting time for agent 2
[Current_Solution] Agent 2 used 2 waiting timesteps, 31 remaining
[Waiting_time_Solve] Applied 2 waiting time  for agent 2 who has waiting time 31
[Waiting_time_Solve] Applying waiting time 2 to agent 6 who has waiting time 34
[Current_Solution] Agent 6 used 1 waiting timesteps, 33 remaining
[Waiting_time_Solve] New path is consistent after applying waiting time for agent 6
[Current_Solution] Agent 6 used 2 waiting timesteps, 31 remaining
[Waiting_time_Solve] Applied 2 waiting time  for agent 6 who has waiting time 31
[Waiting_time_Solve] Applying waiting time 2 to agent 7 who has waiting time 5
[Waiting_time_Solve] New path is consistent after applying waiting time for agent 7
[Current_Solution] Agent 7 used 2 waiting timesteps, 3 remaining
[Waiting_time_Solve] Applied 2 waiting time  for agent 7 who has waiting time 3
[Waiting_time_Solve] ALL Waiting time applied
[Waiting_time_Solve] Extended Zone end time from 104 to 106
[Current_Solution] Agent 0 used 2 waiting timesteps, 33 remaining
[Current_Solution] Agent 11 used 2 waiting timesteps, 33 remaining
[Waiting_time_Solve] Iteration 2...
[SAT] Start solving CNF: 6694312 clauses and 52015 variables
[SAT] Agent 19 entry time: 36 exit time: 50
[SAT] Agent 0 entry time: 36 exit time: 106
[SAT] Agent 1 entry time: 36 exit time: 59
[SAT] Agent 2 entry time: 36 exit time: 106
[SAT] Agent 15 entry time: 36 exit time: 49
[SAT] Agent 4 entry time: 37 exit time: 105
[SAT] Agent 5 entry time: 36 exit time: 77
[SAT] Agent 6 entry time: 36 exit time: 106
[SAT] Agent 7 entry time: 36 exit time: 106
[SAT] Agent 8 entry time: 36 exit time: 102
[SAT] Agent 9 entry time: 36 exit time: 70
[SAT] Agent 11 entry time: 36 exit time: 106
[SAT] Agent 12 entry time: 45 exit time: 106
[SAT] Agent 16 entry time: 36 exit time: 103

[SAT] Start time: 36 End time: 106

[SAT] Solving local zone with SAT iteration 1...
[SAT] Local CNF: 6694345 clauses 

DEBUG: Adding 6694345 new clauses to MiniSAT (incremental run)
DEBUG: Clause load summary: input=6694345, added=6694345, tautologies_skipped=0, duplicates_skipped=0, unit_clauses=170, empties=0, intra_clause_literals_removed=0, added_but_db_unchanged=196
DEBUG: After adding clauses, solver has 6693979 clauses and 52015 variables
DEBUG: MiniSAT found 52015 variables
DEBUG: Assignment size: 52015
DEBUG: First few assignment values: 1 1 1 1 0 1 0 0 1 0 

=== DEBUG: cnf_assignment_to_paths ===
Input assignment size: 52015

=== END DEBUG ===
[SAT] Found 3 vertex collisions and 5 edge collisions
[SAT] Adding collision clauses and solving again...
[SAT] Solving local zone with SAT iteration 2...
[SAT] Local CNF: 6694353 clauses 

DEBUG: Adding 8 new clauses to MiniSAT (incremental run)
DEBUG: Clause load summary: input=8, added=8, tautologies_skipped=0, duplicates_skipped=0, unit_clauses=0, empties=0, intra_clause_literals_removed=0, added_but_db_unchanged=2
DEBUG: After adding clauses, solver has 6693973 clauses and 52015 variables
DEBUG: MiniSAT found 52015 variables
DEBUG: Assignment size: 52015
DEBUG: First few assignment values: 1 1 1 1 0 1 0 0 1 0 

=== DEBUG: cnf_assignment_to_paths ===
Input assignment size: 52015

=== END DEBUG ===
[SAT] Found 6 vertex collisions and 2 edge collisions
[SAT] Adding collision clauses and solving again...
[SAT] Solving local zone with SAT iteration 3...
[SAT] Local CNF: 6694361 clauses 

DEBUG: Adding 8 new clauses to MiniSAT (incremental run)
[SAT] Previous assignment invalidated by new clauses, reset solver and retrying without assumptions...
DEBUG: Adding 6694361 new clauses to MiniSAT (incremental run)
[SAT] Local problem appears to be unsatisfiable in current zone
[Waiting_time_Solve] No solution found, trying to apply waiting time:3
[Waiting_time_Solve] Applying waiting time 3 to agent 2 who has waiting time 31
[Current_Solution] Agent 2 used 1 waiting timesteps, 30 remaining
[Waiting_time_Solve] New path is consistent after applying waiting time for agent 2
[Current_Solution] Agent 2 used 3 waiting timesteps, 27 remaining
[Waiting_time_Solve] Applied 3 waiting time  for agent 2 who has waiting time 27
[Waiting_time_Solve] Applying waiting time 3 to agent 4 who has waiting time 5
[Waiting_time_Solve] New path is consistent after applying waiting time for agent 4
[Current_Solution] Agent 4 used 3 waiting timesteps, 2 remaining
[Waiting_time_Solve] Applied 3 waiting time  for agent 4 who has waiting time 2
[Waiting_time_Solve] Applying waiting time 3 to agent 6 who has waiting time 31
[Current_Solution] Agent 6 used 1 waiting timesteps, 30 remaining
[Waiting_time_Solve] New path is consistent after applying waiting time for agent 6
[Current_Solution] Agent 6 used 3 waiting timesteps, 27 remaining
[Waiting_time_Solve] Applied 3 waiting time  for agent 6 who has waiting time 27
[Waiting_time_Solve] Applying waiting time 3 to agent 7 who has waiting time 3
[Waiting_time_Solve] New path is consistent after applying waiting time for agent 7
[Current_Solution] Agent 7 used 3 waiting timesteps, 0 remaining
[Waiting_time_Solve] Applied 3 waiting time  for agent 7 who has waiting time 0
[Waiting_time_Solve] ALL Waiting time applied
[Waiting_time_Solve] Extended Zone end time from 106 to 109
[Current_Solution] Agent 0 used 3 waiting timesteps, 30 remaining
[Current_Solution] Agent 11 used 3 waiting timesteps, 30 remaining
[Waiting_time_Solve] Iteration 3...
[SAT] Start solving CNF: 8458753 clauses and 61260 variables
[SAT] Agent 19 entry time: 36 exit time: 50
[SAT] Agent 0 entry time: 36 exit time: 109
[SAT] Agent 1 entry time: 36 exit time: 59
[SAT] Agent 2 entry time: 36 exit time: 109
[SAT] Agent 15 entry time: 36 exit time: 49
[SAT] Agent 4 entry time: 37 exit time: 108
[SAT] Agent 5 entry time: 36 exit time: 77
[SAT] Agent 6 entry time: 36 exit time: 109
[SAT] Agent 7 entry time: 36 exit time: 109
[SAT] Agent 8 entry time: 36 exit time: 102
[SAT] Agent 9 entry time: 36 exit time: 70
[SAT] Agent 11 entry time: 36 exit time: 109
[SAT] Agent 12 entry time: 45 exit time: 109
[SAT] Agent 16 entry time: 36 exit time: 103

[SAT] Start time: 36 End time: 109

[SAT] Solving local zone with SAT iteration 1...
[SAT] Local CNF: 8458802 clauses 

DEBUG: Adding 8458802 new clauses to MiniSAT (incremental run)
DEBUG: Clause load summary: input=8458802, added=8458802, tautologies_skipped=0, duplicates_skipped=0, unit_clauses=136, empties=0, intra_clause_literals_removed=0, added_but_db_unchanged=165
DEBUG: After adding clauses, solver has 8458501 clauses and 61260 variables
DEBUG: MiniSAT found 61260 variables
DEBUG: Assignment size: 61260
DEBUG: First few assignment values: 1 1 1 1 0 1 0 1 0 0 

=== DEBUG: cnf_assignment_to_paths ===
Input assignment size: 61260

=== END DEBUG ===
[SAT] Found 7 vertex collisions and 9 edge collisions
[SAT] Adding collision clauses and solving again...
[SAT] Solving local zone with SAT iteration 2...
[SAT] Local CNF: 8458818 clauses 

DEBUG: Adding 16 new clauses to MiniSAT (incremental run)
DEBUG: Clause load summary: input=16, added=16, tautologies_skipped=0, duplicates_skipped=0, unit_clauses=0, empties=0, intra_clause_literals_removed=0, added_but_db_unchanged=2
DEBUG: After adding clauses, solver has 8458444 clauses and 61260 variables
DEBUG: MiniSAT found 61260 variables
DEBUG: Assignment size: 61260
DEBUG: First few assignment values: 1 1 1 1 0 1 0 1 0 0 

=== DEBUG: cnf_assignment_to_paths ===
Input assignment size: 61260

=== END DEBUG ===
[SAT] Found 3 vertex collisions and 5 edge collisions
[SAT] Adding collision clauses and solving again...
[SAT] Solving local zone with SAT iteration 3...
[SAT] Local CNF: 8458826 clauses 

DEBUG: Adding 8 new clauses to MiniSAT (incremental run)
DEBUG: Clause load summary: input=8, added=8, tautologies_skipped=0, duplicates_skipped=0, unit_clauses=0, empties=0, intra_clause_literals_removed=0, added_but_db_unchanged=4
DEBUG: After adding clauses, solver has 8458448 clauses and 61260 variables
DEBUG: MiniSAT found 61260 variables
DEBUG: Assignment size: 61260
DEBUG: First few assignment values: 1 1 1 1 0 1 0 1 0 0 

=== DEBUG: cnf_assignment_to_paths ===
Input assignment size: 61260

=== END DEBUG ===
[SAT] Found 3 vertex collisions and 1 edge collisions
[SAT] Adding collision clauses and solving again...
[SAT] Solving local zone with SAT iteration 4...
[SAT] Local CNF: 8458830 clauses 

DEBUG: Adding 4 new clauses to MiniSAT (incremental run)
DEBUG: Clause load summary: input=4, added=4, tautologies_skipped=0, duplicates_skipped=0, unit_clauses=0, empties=0, intra_clause_literals_removed=0, added_but_db_unchanged=2
DEBUG: After adding clauses, solver has 8458450 clauses and 61260 variables
DEBUG: MiniSAT found 61260 variables
DEBUG: Assignment size: 61260
DEBUG: First few assignment values: 1 1 1 1 0 1 0 1 0 0 

=== DEBUG: cnf_assignment_to_paths ===
Input assignment size: 61260

=== END DEBUG ===
[SAT] Found 2 vertex collisions and 1 edge collisions
[SAT] Adding collision clauses and solving again...
[SAT] Solving local zone with SAT iteration 5...
[SAT] Local CNF: 8458833 clauses 

DEBUG: Adding 3 new clauses to MiniSAT (incremental run)
DEBUG: Clause load summary: input=3, added=3, tautologies_skipped=0, duplicates_skipped=0, unit_clauses=0, empties=0, intra_clause_literals_removed=0, added_but_db_unchanged=2
DEBUG: After adding clauses, solver has 8458451 clauses and 61260 variables
DEBUG: MiniSAT found 61260 variables
DEBUG: Assignment size: 61260
DEBUG: First few assignment values: 1 1 1 1 0 1 0 1 0 0 

=== DEBUG: cnf_assignment_to_paths ===
Input assignment size: 61260

=== END DEBUG ===
[SAT] Found 2 vertex collisions and 2 edge collisions
[SAT] Adding collision clauses and solving again...
[SAT] Solving local zone with SAT iteration 6...
[SAT] Local CNF: 8458837 clauses 

DEBUG: Adding 4 new clauses to MiniSAT (incremental run)
DEBUG: Clause load summary: input=4, added=4, tautologies_skipped=0, duplicates_skipped=0, unit_clauses=0, empties=0, intra_clause_literals_removed=0, added_but_db_unchanged=3
DEBUG: After adding clauses, solver has 8458452 clauses and 61260 variables
[SAT] Previous assignment invalidated by new clauses, reset solver and retrying without assumptions...
DEBUG: Adding 8458837 new clauses to MiniSAT (incremental run)
DEBUG: Clause load summary: input=8458837, added=8458837, tautologies_skipped=0, duplicates_skipped=0, unit_clauses=136, empties=0, intra_clause_literals_removed=0, added_but_db_unchanged=178
DEBUG: After adding clauses, solver has 8458523 clauses and 61260 variables
[SAT] Local problem appears to be unsatisfiable in current zone
[Waiting_time_Solve] No solution found, trying to apply waiting time:4
[Waiting_time_Solve] Applying waiting time 4 to agent 2 who has waiting time 27
[Current_Solution] Agent 2 used 1 waiting timesteps, 26 remaining
[Waiting_time_Solve] New path is consistent after applying waiting time for agent 2
[Current_Solution] Agent 2 used 4 waiting timesteps, 22 remaining
[Waiting_time_Solve] Applied 4 waiting time  for agent 2 who has waiting time 22
[Waiting_time_Solve] INFO: not enough waiting time for agent 4 (needs 4, available: 2)
[Waiting_time_Solve] INFO: not enough waiting time for agent 4 (needs 4, available: 2)
[Waiting_time_Solve] ALL Waiting time applied
[Waiting_time_Solve] Out of waiting time
[Waiting_time_Solve] No solution found
[Waiting_time_Solve] Restoring original paths
[Waiting_time_Solve] Restoring waiting times
[Current_Solution] Restored waiting times from backup
[Current_Solution] Restored paths from backup
[Solve_local_zone] Zone with expansion factor 31failed
[Solve_local_zone] Expanding zone with offset 34 (original: 2)
[Solve_local_zone] Final expanded zone contains 1129 positions with 3 conflicts 
[Solve_local_zone] New time window: [35, 104]
[Solve_local_zone] Current local zone size: 1129 (34.9319% of all walkable positions)
[Solve_local_zone] Local zone time window: [35, 104]
[Current_Solution] Agent 0 used 75 waiting timesteps, 35 remaining
[Current_Solution] Agent 2 used 24 waiting timesteps, 35 remaining
[Current_Solution] Agent 6 used 26 waiting timesteps, 35 remaining
[Current_Solution] Agent 11 used 99 waiting timesteps, 35 remaining
[Waiting_time_Solve] Agent 0 has waiting time 35
[Waiting_time_Solve] Agent 1 has waiting time 71
[Waiting_time_Solve] Agent 2 has waiting time 35
[Waiting_time_Solve] Agent 3 has waiting time 125
[Waiting_time_Solve] Agent 4 has waiting time 5
[Waiting_time_Solve] Agent 5 has waiting time 55
[Waiting_time_Solve] Agent 6 has waiting time 35
[Waiting_time_Solve] Agent 7 has waiting time 6
[Waiting_time_Solve] Agent 8 has waiting time 0
[Waiting_time_Solve] Agent 9 has waiting time 57
[Waiting_time_Solve] Agent 10 has waiting time 137
[Waiting_time_Solve] Agent 11 has waiting time 35
[Waiting_time_Solve] Agent 12 has waiting time 2
[Waiting_time_Solve] Agent 13 has waiting time 44
[Waiting_time_Solve] Agent 14 has waiting time 129
[Waiting_time_Solve] Agent 15 has waiting time 88
[Waiting_time_Solve] Agent 16 has waiting time 3
[Waiting_time_Solve] Agent 17 has waiting time 128
[Waiting_time_Solve] Agent 18 has waiting time 82
[Waiting_time_Solve] Agent 19 has waiting time 59
[Waiting_time_Solve] Total available waiting time: 1131
[Waiting_time_Solve] Max iterations: 1131
[Waiting_time_Solve] Iteration 0...
[SAT] Start solving CNF: 6295646 clauses and 49098 variables
[SAT] Agent 19 entry time: 35 exit time: 51
[SAT] Agent 0 entry time: 35 exit time: 104
[SAT] Agent 1 entry time: 35 exit time: 58
[SAT] Agent 2 entry time: 35 exit time: 104
[SAT] Agent 15 entry time: 35 exit time: 50
[SAT] Agent 4 entry time: 36 exit time: 104
[SAT] Agent 5 entry time: 35 exit time: 78
[SAT] Agent 6 entry time: 35 exit time: 104
[SAT] Agent 7 entry time: 35 exit time: 104
[SAT] Agent 8 entry time: 35 exit time: 103
[SAT] Agent 9 entry time: 35 exit time: 71
[SAT] Agent 11 entry time: 35 exit time: 104
[SAT] Agent 12 entry time: 44 exit time: 104
[SAT] Agent 16 entry time: 35 exit time: 104

[SAT] Start time: 35 End time: 104

[SAT] Solving local zone with SAT iteration 1...
[SAT] Local CNF: 6295646 clauses 

DEBUG: Adding 6295646 new clauses to MiniSAT (incremental run)
DEBUG: Clause load summary: input=6295646, added=6295646, tautologies_skipped=0, duplicates_skipped=0, unit_clauses=198, empties=0, intra_clause_literals_removed=0, added_but_db_unchanged=225
DEBUG: After adding clauses, solver has 6295223 clauses and 49098 variables
DEBUG: MiniSAT found 49098 variables
DEBUG: Assignment size: 49098
DEBUG: First few assignment values: 1 0 1 1 1 1 1 0 1 0 

=== DEBUG: cnf_assignment_to_paths ===
Input assignment size: 49098

=== END DEBUG ===
[SAT] Found 7 vertex collisions and 22 edge collisions
[SAT] Adding collision clauses and solving again...
[SAT] Solving local zone with SAT iteration 2...
[SAT] Local CNF: 6295675 clauses 

DEBUG: Adding 29 new clauses to MiniSAT (incremental run)
[SAT] Previous assignment invalidated by new clauses, reset solver and retrying without assumptions...
DEBUG: Adding 6295675 new clauses to MiniSAT (incremental run)
[SAT] Local problem appears to be unsatisfiable in current zone
[Waiting_time_Solve] No solution found, trying to apply waiting time:1
[Waiting_time_Solve] Applying waiting time 1 to agent 2 who has waiting time 35
[Current_Solution] Agent 2 used 1 waiting timesteps, 34 remaining
[Waiting_time_Solve] New path is consistent after applying waiting time for agent 2
[Current_Solution] Agent 2 used 1 waiting timesteps, 33 remaining
[Waiting_time_Solve] Applied 1 waiting time  for agent 2 who has waiting time 33
[Waiting_time_Solve] Applying waiting time 1 to agent 6 who has waiting time 35
[Current_Solution] Agent 6 used 1 waiting timesteps, 34 remaining
[Waiting_time_Solve] New path is consistent after applying waiting time for agent 6
[Current_Solution] Agent 6 used 1 waiting timesteps, 33 remaining
[Waiting_time_Solve] Applied 1 waiting time  for agent 6 who has waiting time 33
[Waiting_time_Solve] Applying waiting time 1 to agent 7 who has waiting time 6
[Waiting_time_Solve] New path is consistent after applying waiting time for agent 7
[Current_Solution] Agent 7 used 1 waiting timesteps, 5 remaining
[Waiting_time_Solve] Applied 1 waiting time  for agent 7 who has waiting time 5
[Waiting_time_Solve] Applying waiting time 1 to agent 9 who has waiting time 57
[Waiting_time_Solve] New path is consistent after applying waiting time for agent 9
[Current_Solution] Agent 9 used 1 waiting timesteps, 56 remaining
[Waiting_time_Solve] Applied 1 waiting time  for agent 9 who has waiting time 56
[Waiting_time_Solve] ALL Waiting time applied
[Waiting_time_Solve] Extended Zone end time from 104 to 105
[Current_Solution] Agent 0 used 1 waiting timesteps, 34 remaining
[Current_Solution] Agent 11 used 1 waiting timesteps, 34 remaining
[Waiting_time_Solve] Iteration 1...
[SAT] Start solving CNF: 6821694 clauses and 51857 variables
[SAT] Agent 19 entry time: 35 exit time: 51
[SAT] Agent 0 entry time: 35 exit time: 105
[SAT] Agent 1 entry time: 35 exit time: 58
[SAT] Agent 2 entry time: 35 exit time: 105
[SAT] Agent 15 entry time: 35 exit time: 50
[SAT] Agent 4 entry time: 36 exit time: 105
[SAT] Agent 5 entry time: 35 exit time: 78
[SAT] Agent 6 entry time: 35 exit time: 105
[SAT] Agent 7 entry time: 35 exit time: 105
[SAT] Agent 8 entry time: 35 exit time: 103
[SAT] Agent 9 entry time: 35 exit time: 72
[SAT] Agent 11 entry time: 35 exit time: 105
[SAT] Agent 12 entry time: 44 exit time: 105
[SAT] Agent 16 entry time: 35 exit time: 104

[SAT] Start time: 35 End time: 105

[SAT] Solving local zone with SAT iteration 1...
[SAT] Local CNF: 6821723 clauses 

DEBUG: Adding 6821723 new clauses to MiniSAT (incremental run)
DEBUG: Clause load summary: input=6821723, added=6821723, tautologies_skipped=0, duplicates_skipped=0, unit_clauses=170, empties=0, intra_clause_literals_removed=0, added_but_db_unchanged=196
DEBUG: After adding clauses, solver has 6821357 clauses and 51857 variables
DEBUG: MiniSAT found 51857 variables
DEBUG: Assignment size: 51857
DEBUG: First few assignment values: 1 0 1 1 1 1 0 1 0 0 

=== DEBUG: cnf_assignment_to_paths ===
Input assignment size: 51857

=== END DEBUG ===
[SAT] Found 7 vertex collisions and 5 edge collisions
[SAT] Adding collision clauses and solving again...
[SAT] Solving local zone with SAT iteration 2...
[SAT] Local CNF: 6821735 clauses 

DEBUG: Adding 12 new clauses to MiniSAT (incremental run)
[SAT] Previous assignment invalidated by new clauses, reset solver and retrying without assumptions...
DEBUG: Adding 6821735 new clauses to MiniSAT (incremental run)
[SAT] Local problem appears to be unsatisfiable in current zone
[Waiting_time_Solve] No solution found, trying to apply waiting time:2
[Waiting_time_Solve] Applying waiting time 2 to agent 1 who has waiting time 71
[Waiting_time_Solve] New path is consistent after applying waiting time for agent 1
[Current_Solution] Agent 1 used 2 waiting timesteps, 69 remaining
[Waiting_time_Solve] Applied 2 waiting time  for agent 1 who has waiting time 69
[Waiting_time_Solve] Applying waiting time 2 to agent 2 who has waiting time 33
[Current_Solution] Agent 2 used 1 waiting timesteps, 32 remaining
[Waiting_time_Solve] New path is consistent after applying waiting time for agent 2
[Current_Solution] Agent 2 used 2 waiting timesteps, 30 remaining
[Waiting_time_Solve] Applied 2 waiting time  for agent 2 who has waiting time 30
[Waiting_time_Solve] Applying waiting time 2 to agent 6 who has waiting time 33
[Current_Solution] Agent 6 used 1 waiting timesteps, 32 remaining
[Waiting_time_Solve] New path is consistent after applying waiting time for agent 6
[Current_Solution] Agent 6 used 2 waiting timesteps, 30 remaining
[Waiting_time_Solve] Applied 2 waiting time  for agent 6 who has waiting time 30
[Waiting_time_Solve] Applying waiting time 2 to agent 7 who has waiting time 5
[Waiting_time_Solve] New path is consistent after applying waiting time for agent 7
[Current_Solution] Agent 7 used 2 waiting timesteps, 3 remaining
[Waiting_time_Solve] Applied 2 waiting time  for agent 7 who has waiting time 3
[Waiting_time_Solve] ALL Waiting time applied
[Waiting_time_Solve] Extended Zone end time from 105 to 107
[Current_Solution] Agent 0 used 2 waiting timesteps, 32 remaining
[Current_Solution] Agent 11 used 2 waiting timesteps, 32 remaining
[Waiting_time_Solve] Iteration 2...
[SAT] Start solving CNF: 7985378 clauses and 57747 variables
[SAT] Agent 19 entry time: 35 exit time: 51
[SAT] Agent 0 entry time: 35 exit time: 107
[SAT] Agent 1 entry time: 35 exit time: 60
[SAT] Agent 2 entry time: 35 exit time: 107
[SAT] Agent 15 entry time: 35 exit time: 50
[SAT] Agent 4 entry time: 36 exit time: 106
[SAT] Agent 5 entry time: 35 exit time: 78
[SAT] Agent 6 entry time: 35 exit time: 107
[SAT] Agent 7 entry time: 35 exit time: 107
[SAT] Agent 8 entry time: 35 exit time: 103
[SAT] Agent 9 entry time: 35 exit time: 72
[SAT] Agent 11 entry time: 35 exit time: 107
[SAT] Agent 12 entry time: 44 exit time: 107
[SAT] Agent 16 entry time: 35 exit time: 104

[SAT] Start time: 35 End time: 107

[SAT] Solving local zone with SAT iteration 1...
[SAT] Local CNF: 7985419 clauses 

DEBUG: Adding 7985419 new clauses to MiniSAT (incremental run)
DEBUG: Clause load summary: input=7985419, added=7985419, tautologies_skipped=0, duplicates_skipped=0, unit_clauses=167, empties=0, intra_clause_literals_removed=0, added_but_db_unchanged=196
DEBUG: After adding clauses, solver has 7985056 clauses and 57747 variables
DEBUG: MiniSAT found 57747 variables
DEBUG: Assignment size: 57747
DEBUG: First few assignment values: 1 0 1 1 1 1 0 1 0 0 

=== DEBUG: cnf_assignment_to_paths ===
Input assignment size: 57747

=== END DEBUG ===
[SAT] Found 2 vertex collisions and 5 edge collisions
[SAT] Adding collision clauses and solving again...
[SAT] Solving local zone with SAT iteration 2...
[SAT] Local CNF: 7985426 clauses 

DEBUG: Adding 7 new clauses to MiniSAT (incremental run)
DEBUG: Clause load summary: input=7, added=7, tautologies_skipped=0, duplicates_skipped=0, unit_clauses=0, empties=0, intra_clause_literals_removed=0, added_but_db_unchanged=2
DEBUG: After adding clauses, solver has 7985049 clauses and 57747 variables
DEBUG: MiniSAT found 57747 variables
DEBUG: Assignment size: 57747
DEBUG: First few assignment values: 1 0 1 1 1 1 0 1 0 0 

=== DEBUG: cnf_assignment_to_paths ===
Input assignment size: 57747

=== END DEBUG ===
[SAT] Found 5 vertex collisions and 2 edge collisions
[SAT] Adding collision clauses and solving again...
[SAT] Solving local zone with SAT iteration 3...
[SAT] Local CNF: 7985433 clauses 

DEBUG: Adding 7 new clauses to MiniSAT (incremental run)
[SAT] Previous assignment invalidated by new clauses, reset solver and retrying without assumptions...
DEBUG: Adding 7985433 new clauses to MiniSAT (incremental run)
[SAT] Local problem appears to be unsatisfiable in current zone
[Waiting_time_Solve] No solution found, trying to apply waiting time:3
[Waiting_time_Solve] Applying waiting time 3 to agent 2 who has waiting time 30
[Current_Solution] Agent 2 used 1 waiting timesteps, 29 remaining
[Waiting_time_Solve] New path is consistent after applying waiting time for agent 2
[Current_Solution] Agent 2 used 3 waiting timesteps, 26 remaining
[Waiting_time_Solve] Applied 3 waiting time  for agent 2 who has waiting time 26
[Waiting_time_Solve] Applying waiting time 3 to agent 4 who has waiting time 5
[Waiting_time_Solve] New path is consistent after applying waiting time for agent 4
[Current_Solution] Agent 4 used 3 waiting timesteps, 2 remaining
[Waiting_time_Solve] Applied 3 waiting time  for agent 4 who has waiting time 2
[Waiting_time_Solve] Applying waiting time 3 to agent 6 who has waiting time 30
[Current_Solution] Agent 6 used 1 waiting timesteps, 29 remaining
[Waiting_time_Solve] New path is consistent after applying waiting time for agent 6
[Current_Solution] Agent 6 used 3 waiting timesteps, 26 remaining
[Waiting_time_Solve] Applied 3 waiting time  for agent 6 who has waiting time 26
[Waiting_time_Solve] Applying waiting time 3 to agent 7 who has waiting time 3
[Waiting_time_Solve] New path is consistent after applying waiting time for agent 7
[Current_Solution] Agent 7 used 3 waiting timesteps, 0 remaining
[Waiting_time_Solve] Applied 3 waiting time  for agent 7 who has waiting time 0
[Waiting_time_Solve] ALL Waiting time applied
[Waiting_time_Solve] Extended Zone end time from 107 to 110
[Current_Solution] Agent 0 used 3 waiting timesteps, 29 remaining
[Current_Solution] Agent 11 used 3 waiting timesteps, 29 remaining
[Waiting_time_Solve] Iteration 3...
[SAT] Start solving CNF: 10023525 clauses and 67618 variables
[SAT] Agent 19 entry time: 35 exit time: 51
[SAT] Agent 0 entry time: 35 exit time: 110
[SAT] Agent 1 entry time: 35 exit time: 60
[SAT] Agent 2 entry time: 35 exit time: 110
[SAT] Agent 15 entry time: 35 exit time: 50
[SAT] Agent 4 entry time: 36 exit time: 109
[SAT] Agent 5 entry time: 35 exit time: 78
[SAT] Agent 6 entry time: 35 exit time: 110
[SAT] Agent 7 entry time: 35 exit time: 110
[SAT] Agent 8 entry time: 35 exit time: 103
[SAT] Agent 9 entry time: 35 exit time: 72
[SAT] Agent 11 entry time: 35 exit time: 110
[SAT] Agent 12 entry time: 44 exit time: 110
[SAT] Agent 16 entry time: 35 exit time: 104

[SAT] Start time: 35 End time: 110

[SAT] Solving local zone with SAT iteration 1...
[SAT] Local CNF: 10023580 clauses 

DEBUG: Adding 10023580 new clauses to MiniSAT (incremental run)
DEBUG: Clause load summary: input=10023580, added=10023580, tautologies_skipped=0, duplicates_skipped=0, unit_clauses=136, empties=0, intra_clause_literals_removed=0, added_but_db_unchanged=167
DEBUG: After adding clauses, solver has 10023277 clauses and 67618 variables
DEBUG: MiniSAT found 67618 variables
DEBUG: Assignment size: 67618
DEBUG: First few assignment values: 1 0 1 1 1 1 1 0 1 0 

=== DEBUG: cnf_assignment_to_paths ===
Input assignment size: 67618

=== END DEBUG ===
[SAT] Found 8 vertex collisions and 8 edge collisions
[SAT] Adding collision clauses and solving again...
[SAT] Solving local zone with SAT iteration 2...
[SAT] Local CNF: 10023596 clauses 

DEBUG: Adding 16 new clauses to MiniSAT (incremental run)
DEBUG: Clause load summary: input=16, added=16, tautologies_skipped=0, duplicates_skipped=0, unit_clauses=0, empties=0, intra_clause_literals_removed=0, added_but_db_unchanged=2
DEBUG: After adding clauses, solver has 10023220 clauses and 67618 variables
DEBUG: MiniSAT found 67618 variables
DEBUG: Assignment size: 67618
DEBUG: First few assignment values: 1 0 1 1 1 1 1 0 1 0 

=== DEBUG: cnf_assignment_to_paths ===
Input assignment size: 67618

=== END DEBUG ===
[SAT] Found 3 vertex collisions and 6 edge collisions
[SAT] Adding collision clauses and solving again...
[SAT] Solving local zone with SAT iteration 3...
[SAT] Local CNF: 10023605 clauses 

DEBUG: Adding 9 new clauses to MiniSAT (incremental run)
DEBUG: Clause load summary: input=9, added=9, tautologies_skipped=0, duplicates_skipped=0, unit_clauses=0, empties=0, intra_clause_literals_removed=0, added_but_db_unchanged=4
DEBUG: After adding clauses, solver has 10023225 clauses and 67618 variables
DEBUG: MiniSAT found 67618 variables
DEBUG: Assignment size: 67618
DEBUG: First few assignment values: 1 0 1 1 1 1 1 0 1 0 

=== DEBUG: cnf_assignment_to_paths ===
Input assignment size: 67618

=== END DEBUG ===
[SAT] Found 2 vertex collisions and 1 edge collisions
[SAT] Adding collision clauses and solving again...
[SAT] Solving local zone with SAT iteration 4...
[SAT] Local CNF: 10023608 clauses 

DEBUG: Adding 3 new clauses to MiniSAT (incremental run)
DEBUG: Clause load summary: input=3, added=3, tautologies_skipped=0, duplicates_skipped=0, unit_clauses=0, empties=0, intra_clause_literals_removed=0, added_but_db_unchanged=2
DEBUG: After adding clauses, solver has 10023226 clauses and 67618 variables
DEBUG: MiniSAT found 67618 variables
DEBUG: Assignment size: 67618
DEBUG: First few assignment values: 1 0 1 1 1 1 1 0 1 0 

=== DEBUG: cnf_assignment_to_paths ===
Input assignment size: 67618

=== END DEBUG ===
[SAT] Found 2 vertex collisions and 1 edge collisions
[SAT] Adding collision clauses and solving again...
[SAT] Solving local zone with SAT iteration 5...
[SAT] Local CNF: 10023611 clauses 

DEBUG: Adding 3 new clauses to MiniSAT (incremental run)
DEBUG: Clause load summary: input=3, added=3, tautologies_skipped=0, duplicates_skipped=0, unit_clauses=0, empties=0, intra_clause_literals_removed=0, added_but_db_unchanged=2
DEBUG: After adding clauses, solver has 10023227 clauses and 67618 variables
DEBUG: MiniSAT found 67618 variables
DEBUG: Assignment size: 67618
DEBUG: First few assignment values: 1 0 1 1 1 1 1 0 1 0 

=== DEBUG: cnf_assignment_to_paths ===
Input assignment size: 67618

=== END DEBUG ===
[SAT] Found 3 vertex collisions and 2 edge collisions
[SAT] Adding collision clauses and solving again...
[SAT] Solving local zone with SAT iteration 6...
[SAT] Local CNF: 10023616 clauses 

DEBUG: Adding 5 new clauses to MiniSAT (incremental run)
DEBUG: Clause load summary: input=5, added=5, tautologies_skipped=0, duplicates_skipped=0, unit_clauses=0, empties=0, intra_clause_literals_removed=0, added_but_db_unchanged=4
DEBUG: After adding clauses, solver has 10023228 clauses and 67618 variables
[SAT] Previous assignment invalidated by new clauses, reset solver and retrying without assumptions...
DEBUG: Adding 10023616 new clauses to MiniSAT (incremental run)
DEBUG: Clause load summary: input=10023616, added=10023616, tautologies_skipped=0, duplicates_skipped=0, unit_clauses=136, empties=0, intra_clause_literals_removed=0, added_but_db_unchanged=181
DEBUG: After adding clauses, solver has 10023299 clauses and 67618 variables
[SAT] Local problem appears to be unsatisfiable in current zone
[Waiting_time_Solve] No solution found, trying to apply waiting time:4
[Waiting_time_Solve] Applying waiting time 4 to agent 2 who has waiting time 26
[Current_Solution] Agent 2 used 1 waiting timesteps, 25 remaining
[Waiting_time_Solve] New path is consistent after applying waiting time for agent 2
[Current_Solution] Agent 2 used 4 waiting timesteps, 21 remaining
[Waiting_time_Solve] Applied 4 waiting time  for agent 2 who has waiting time 21
[Waiting_time_Solve] INFO: not enough waiting time for agent 4 (needs 4, available: 2)
[Waiting_time_Solve] INFO: not enough waiting time for agent 4 (needs 4, available: 2)
[Waiting_time_Solve] ALL Waiting time applied
[Waiting_time_Solve] Out of waiting time
[Waiting_time_Solve] No solution found
[Waiting_time_Solve] Restoring original paths
[Waiting_time_Solve] Restoring waiting times
[Current_Solution] Restored waiting times from backup
[Current_Solution] Restored paths from backup
[Solve_local_zone] Zone with expansion factor 32failed
[Solve_local_zone] Expanding zone with offset 35 (original: 2)
[Solve_local_zone] Final expanded zone contains 1176 positions with 3 conflicts 
[Solve_local_zone] New time window: [34, 105]
[Solve_local_zone] Current local zone size: 1176 (36.3861% of all walkable positions)
[Solve_local_zone] Local zone time window: [34, 105]
[Current_Solution] Agent 0 used 76 waiting timesteps, 34 remaining
[Current_Solution] Agent 2 used 25 waiting timesteps, 34 remaining
[Current_Solution] Agent 6 used 27 waiting timesteps, 34 remaining
[Current_Solution] Agent 11 used 100 waiting timesteps, 34 remaining
[Current_Solution] Agent 15 used 54 waiting timesteps, 34 remaining
[Waiting_time_Solve] Agent 0 has waiting time 34
[Waiting_time_Solve] Agent 1 has waiting time 71
[Waiting_time_Solve] Agent 2 has waiting time 34
[Waiting_time_Solve] Agent 3 has waiting time 125
[Waiting_time_Solve] Agent 4 has waiting time 5
[Waiting_time_Solve] Agent 5 has waiting time 55
[Waiting_time_Solve] Agent 6 has waiting time 34
[Waiting_time_Solve] Agent 7 has waiting time 6
[Waiting_time_Solve] Agent 8 has waiting time 0
[Waiting_time_Solve] Agent 9 has waiting time 57
[Waiting_time_Solve] Agent 10 has waiting time 137
[Waiting_time_Solve] Agent 11 has waiting time 34
[Waiting_time_Solve] Agent 12 has waiting time 2
[Waiting_time_Solve] Agent 13 has waiting time 44
[Waiting_time_Solve] Agent 14 has waiting time 129
[Waiting_time_Solve] Agent 15 has waiting time 34
[Waiting_time_Solve] Agent 16 has waiting time 3
[Waiting_time_Solve] Agent 17 has waiting time 128
[Waiting_time_Solve] Agent 18 has waiting time 82
[Waiting_time_Solve] Agent 19 has waiting time 59
[Waiting_time_Solve] Total available waiting time: 1073
[Waiting_time_Solve] Max iterations: 1073
[Waiting_time_Solve] Iteration 0...
[SAT] Start solving CNF: 10449878 clauses and 70035 variables
[SAT] Agent 19 entry time: 34 exit time: 52
[SAT] Agent 0 entry time: 34 exit time: 105
[SAT] Agent 1 entry time: 34 exit time: 59
[SAT] Agent 2 entry time: 34 exit time: 105
[SAT] Agent 15 entry time: 34 exit time: 105
[SAT] Agent 4 entry time: 35 exit time: 105
[SAT] Agent 5 entry time: 34 exit time: 79
[SAT] Agent 6 entry time: 34 exit time: 105
[SAT] Agent 7 entry time: 34 exit time: 105
[SAT] Agent 8 entry time: 34 exit time: 104
[SAT] Agent 9 entry time: 34 exit time: 72
[SAT] Agent 11 entry time: 34 exit time: 105
[SAT] Agent 12 entry time: 43 exit time: 105
[SAT] Agent 16 entry time: 34 exit time: 105

[SAT] Start time: 34 End time: 105

[SAT] Solving local zone with SAT iteration 1...
[SAT] Local CNF: 10449878 clauses 

DEBUG: Adding 10449878 new clauses to MiniSAT (incremental run)
DEBUG: Clause load summary: input=10449878, added=10449878, tautologies_skipped=0, duplicates_skipped=0, unit_clauses=184, empties=0, intra_clause_literals_removed=0, added_but_db_unchanged=212
DEBUG: After adding clauses, solver has 10449482 clauses and 70035 variables
DEBUG: MiniSAT found 70035 variables
DEBUG: Assignment size: 70035
DEBUG: First few assignment values: 1 0 1 0 1 0 0 0 0 1 

=== DEBUG: cnf_assignment_to_paths ===
Input assignment size: 70035

=== END DEBUG ===
[SAT] Found 6 vertex collisions and 29 edge collisions
[SAT] Adding collision clauses and solving again...
[SAT] Solving local zone with SAT iteration 2...
[SAT] Local CNF: 10449913 clauses 

DEBUG: Adding 35 new clauses to MiniSAT (incremental run)
[SAT] Previous assignment invalidated by new clauses, reset solver and retrying without assumptions...
DEBUG: Adding 10449913 new clauses to MiniSAT (incremental run)
[SAT] Local problem appears to be unsatisfiable in current zone
[Waiting_time_Solve] No solution found, trying to apply waiting time:1
[Waiting_time_Solve] Applying waiting time 1 to agent 2 who has waiting time 34
[Current_Solution] Agent 2 used 1 waiting timesteps, 33 remaining
[Waiting_time_Solve] New path is consistent after applying waiting time for agent 2
[Current_Solution] Agent 2 used 1 waiting timesteps, 32 remaining
[Waiting_time_Solve] Applied 1 waiting time  for agent 2 who has waiting time 32
[Waiting_time_Solve] Applying waiting time 1 to agent 7 who has waiting time 6
[Waiting_time_Solve] New path is consistent after applying waiting time for agent 7
[Current_Solution] Agent 7 used 1 waiting timesteps, 5 remaining
[Waiting_time_Solve] Applied 1 waiting time  for agent 7 who has waiting time 5
[Waiting_time_Solve] Applying waiting time 1 to agent 19 who has waiting time 59
[Waiting_time_Solve] New path is consistent after applying waiting time for agent 19
[Current_Solution] Agent 19 used 1 waiting timesteps, 58 remaining
[Waiting_time_Solve] Applied 1 waiting time  for agent 19 who has waiting time 58
[Waiting_time_Solve] Applying waiting time 1 to agent 6 who has waiting time 34
[Current_Solution] Agent 6 used 1 waiting timesteps, 33 remaining
[Waiting_time_Solve] New path is consistent after applying waiting time for agent 6
[Current_Solution] Agent 6 used 1 waiting timesteps, 32 remaining
[Waiting_time_Solve] Applied 1 waiting time  for agent 6 who has waiting time 32
[Waiting_time_Solve] Applying waiting time 1 to agent 9 who has waiting time 57
[Waiting_time_Solve] New path is consistent after applying waiting time for agent 9
[Current_Solution] Agent 9 used 1 waiting timesteps, 56 remaining
[Waiting_time_Solve] Applied 1 waiting time  for agent 9 who has waiting time 56
[Waiting_time_Solve] ALL Waiting time applied
[Waiting_time_Solve] Extended Zone end time from 105 to 106
[Current_Solution] Agent 0 used 1 waiting timesteps, 33 remaining
[Current_Solution] Agent 11 used 1 waiting timesteps, 33 remaining
[Current_Solution] Agent 15 used 1 waiting timesteps, 33 remaining
[Waiting_time_Solve] Iteration 1...
[SAT] Start solving CNF: 11236095 clauses and 73669 variables
[SAT] Agent 19 entry time: 34 exit time: 53
[SAT] Agent 0 entry time: 34 exit time: 106
[SAT] Agent 1 entry time: 34 exit time: 59
[SAT] Agent 2 entry time: 34 exit time: 106
[SAT] Agent 15 entry time: 34 exit time: 106
[SAT] Agent 4 entry time: 35 exit time: 106
[SAT] Agent 5 entry time: 34 exit time: 79
[SAT] Agent 6 entry time: 34 exit time: 106
[SAT] Agent 7 entry time: 34 exit time: 106
[SAT] Agent 8 entry time: 34 exit time: 104
[SAT] Agent 9 entry time: 34 exit time: 73
[SAT] Agent 11 entry time: 34 exit time: 106
[SAT] Agent 12 entry time: 43 exit time: 106
[SAT] Agent 16 entry time: 34 exit time: 105

[SAT] Start time: 34 End time: 106

[SAT] Solving local zone with SAT iteration 1...
[SAT] Local CNF: 11236130 clauses 

DEBUG: Adding 11236130 new clauses to MiniSAT (incremental run)
DEBUG: Clause load summary: input=11236130, added=11236130, tautologies_skipped=0, duplicates_skipped=0, unit_clauses=156, empties=0, intra_clause_literals_removed=0, added_but_db_unchanged=183
DEBUG: After adding clauses, solver has 11235791 clauses and 73669 variables
DEBUG: MiniSAT found 73669 variables
DEBUG: Assignment size: 73669
DEBUG: First few assignment values: 1 1 0 0 0 1 0 0 0 0 

=== DEBUG: cnf_assignment_to_paths ===
Input assignment size: 73669

=== END DEBUG ===
[SAT] Found 3 vertex collisions and 3 edge collisions
[SAT] Adding collision clauses and solving again...
[SAT] Solving local zone with SAT iteration 2...
[SAT] Local CNF: 11236136 clauses 

DEBUG: Adding 6 new clauses to MiniSAT (incremental run)
[SAT] Previous assignment invalidated by new clauses, reset solver and retrying without assumptions...
DEBUG: Adding 11236136 new clauses to MiniSAT (incremental run)
[SAT] Local problem appears to be unsatisfiable in current zone
[Waiting_time_Solve] No solution found, trying to apply waiting time:2
[Waiting_time_Solve] Applying waiting time 2 to agent 1 who has waiting time 71
[Waiting_time_Solve] New path is consistent after applying waiting time for agent 1
[Current_Solution] Agent 1 used 2 waiting timesteps, 69 remaining
[Waiting_time_Solve] Applied 2 waiting time  for agent 1 who has waiting time 69
[Waiting_time_Solve] Applying waiting time 2 to agent 2 who has waiting time 32
[Current_Solution] Agent 2 used 1 waiting timesteps, 31 remaining
[Waiting_time_Solve] New path is consistent after applying waiting time for agent 2
[Current_Solution] Agent 2 used 2 waiting timesteps, 29 remaining
[Waiting_time_Solve] Applied 2 waiting time  for agent 2 who has waiting time 29
[Waiting_time_Solve] Applying waiting time 2 to agent 7 who has waiting time 5
[Waiting_time_Solve] New path is consistent after applying waiting time for agent 7
[Current_Solution] Agent 7 used 2 waiting timesteps, 3 remaining
[Waiting_time_Solve] Applied 2 waiting time  for agent 7 who has waiting time 3
[Waiting_time_Solve] Applying waiting time 2 to agent 15 who has waiting time 33
[Current_Solution] Agent 15 used 2 waiting timesteps, 31 remaining
[Waiting_time_Solve] New path is consistent after applying waiting time for agent 15
[Current_Solution] Agent 15 used 2 waiting timesteps, 29 remaining
[Waiting_time_Solve] Applied 2 waiting time  for agent 15 who has waiting time 29
[Waiting_time_Solve] ALL Waiting time applied
[Waiting_time_Solve] Extended Zone end time from 106 to 108
[Current_Solution] Agent 0 used 2 waiting timesteps, 31 remaining
[Current_Solution] Agent 6 used 1 waiting timesteps, 31 remaining
[Current_Solution] Agent 11 used 2 waiting timesteps, 31 remaining
[Waiting_time_Solve] Iteration 2...
[SAT] Start solving CNF: 12928300 clauses and 81149 variables
[SAT] Agent 19 entry time: 34 exit time: 53
[SAT] Agent 0 entry time: 34 exit time: 108
[SAT] Agent 1 entry time: 34 exit time: 61
[SAT] Agent 2 entry time: 34 exit time: 108
[SAT] Agent 15 entry time: 34 exit time: 108
[SAT] Agent 4 entry time: 35 exit time: 107
[SAT] Agent 5 entry time: 34 exit time: 79
[SAT] Agent 6 entry time: 34 exit time: 108
[SAT] Agent 7 entry time: 34 exit time: 108
[SAT] Agent 8 entry time: 34 exit time: 104
[SAT] Agent 9 entry time: 34 exit time: 73
[SAT] Agent 11 entry time: 34 exit time: 108
[SAT] Agent 12 entry time: 43 exit time: 108
[SAT] Agent 16 entry time: 34 exit time: 105

[SAT] Start time: 34 End time: 108

[SAT] Solving local zone with SAT iteration 1...
[SAT] Local CNF: 12928341 clauses 

DEBUG: Adding 12928341 new clauses to MiniSAT (incremental run)
DEBUG: Clause load summary: input=12928341, added=12928341, tautologies_skipped=0, duplicates_skipped=0, unit_clauses=152, empties=0, intra_clause_literals_removed=0, added_but_db_unchanged=182
DEBUG: After adding clauses, solver has 12928007 clauses and 81149 variables
DEBUG: MiniSAT found 81149 variables
DEBUG: Assignment size: 81149
DEBUG: First few assignment values: 1 0 0 1 1 0 0 0 0 0 

=== DEBUG: cnf_assignment_to_paths ===
Input assignment size: 81149

=== END DEBUG ===
[SAT] Found 6 vertex collisions and 4 edge collisions
[SAT] Adding collision clauses and solving again...
[SAT] Solving local zone with SAT iteration 2...
[SAT] Local CNF: 12928351 clauses 

DEBUG: Adding 10 new clauses to MiniSAT (incremental run)
DEBUG: Clause load summary: input=10, added=10, tautologies_skipped=0, duplicates_skipped=0, unit_clauses=0, empties=0, intra_clause_literals_removed=0, added_but_db_unchanged=2
DEBUG: After adding clauses, solver has 12928003 clauses and 81149 variables
DEBUG: MiniSAT found 81149 variables
DEBUG: Assignment size: 81149
DEBUG: First few assignment values: 1 0 0 1 1 0 0 0 0 0 

=== DEBUG: cnf_assignment_to_paths ===
Input assignment size: 81149

=== END DEBUG ===
[SAT] Found 4 vertex collisions and 2 edge collisions
[SAT] Adding collision clauses and solving again...
[SAT] Solving local zone with SAT iteration 3...
[SAT] Local CNF: 12928357 clauses 

DEBUG: Adding 6 new clauses to MiniSAT (incremental run)
[SAT] Previous assignment invalidated by new clauses, reset solver and retrying without assumptions...
DEBUG: Adding 12928357 new clauses to MiniSAT (incremental run)
[SAT] Local problem appears to be unsatisfiable in current zone
[Waiting_time_Solve] No solution found, trying to apply waiting time:3
[Waiting_time_Solve] Applying waiting time 3 to agent 2 who has waiting time 29
[Current_Solution] Agent 2 used 1 waiting timesteps, 28 remaining
[Waiting_time_Solve] New path is consistent after applying waiting time for agent 2
[Current_Solution] Agent 2 used 3 waiting timesteps, 25 remaining
[Waiting_time_Solve] Applied 3 waiting time  for agent 2 who has waiting time 25
[Waiting_time_Solve] Applying waiting time 3 to agent 4 who has waiting time 5
[Waiting_time_Solve] New path is consistent after applying waiting time for agent 4
[Current_Solution] Agent 4 used 3 waiting timesteps, 2 remaining
[Waiting_time_Solve] Applied 3 waiting time  for agent 4 who has waiting time 2
[Waiting_time_Solve] Applying waiting time 3 to agent 7 who has waiting time 3
[Waiting_time_Solve] New path is consistent after applying waiting time for agent 7
[Current_Solution] Agent 7 used 3 waiting timesteps, 0 remaining
[Waiting_time_Solve] Applied 3 waiting time  for agent 7 who has waiting time 0
[Waiting_time_Solve] Applying waiting time 3 to agent 11 who has waiting time 31
[Current_Solution] Agent 11 used 3 waiting timesteps, 28 remaining
[Waiting_time_Solve] New path is consistent after applying waiting time for agent 11
[Current_Solution] Agent 11 used 3 waiting timesteps, 25 remaining
[Waiting_time_Solve] Applied 3 waiting time  for agent 11 who has waiting time 25
[Waiting_time_Solve] Applying waiting time 3 to agent 19 who has waiting time 58
[Waiting_time_Solve] New path is consistent after applying waiting time for agent 19
[Current_Solution] Agent 19 used 3 waiting timesteps, 55 remaining
[Waiting_time_Solve] Applied 3 waiting time  for agent 19 who has waiting time 55
[Waiting_time_Solve] Applying waiting time 3 to agent 6 who has waiting time 31
[Current_Solution] Agent 6 used 3 waiting timesteps, 28 remaining
[Waiting_time_Solve] New path is consistent after applying waiting time for agent 6
[Current_Solution] Agent 6 used 3 waiting timesteps, 25 remaining
[Waiting_time_Solve] Applied 3 waiting time  for agent 6 who has waiting time 25
[Waiting_time_Solve] ALL Waiting time applied
[Waiting_time_Solve] Extended Zone end time from 108 to 111
[Current_Solution] Agent 0 used 3 waiting timesteps, 28 remaining
[Current_Solution] Agent 15 used 1 waiting timesteps, 28 remaining
[Waiting_time_Solve] Iteration 3...
[SAT] Start solving CNF: 15813873 clauses and 93614 variables
[SAT] Agent 19 entry time: 34 exit time: 56
[SAT] Agent 0 entry time: 34 exit time: 111
[SAT] Agent 1 entry time: 34 exit time: 61
[SAT] Agent 2 entry time: 34 exit time: 111
[SAT] Agent 15 entry time: 34 exit time: 111
[SAT] Agent 4 entry time: 35 exit time: 110
[SAT] Agent 5 entry time: 34 exit time: 79
[SAT] Agent 6 entry time: 34 exit time: 111
[SAT] Agent 7 entry time: 34 exit time: 111
[SAT] Agent 8 entry time: 34 exit time: 104
[SAT] Agent 9 entry time: 34 exit time: 73
[SAT] Agent 11 entry time: 34 exit time: 111
[SAT] Agent 12 entry time: 43 exit time: 111
[SAT] Agent 16 entry time: 34 exit time: 105

[SAT] Start time: 34 End time: 111

[SAT] Solving local zone with SAT iteration 1...
[SAT] Local CNF: 15813930 clauses 

DEBUG: Adding 15813930 new clauses to MiniSAT (incremental run)
DEBUG: Clause load summary: input=15813930, added=15813930, tautologies_skipped=0, duplicates_skipped=0, unit_clauses=125, empties=0, intra_clause_literals_removed=0, added_but_db_unchanged=156
DEBUG: After adding clauses, solver has 15813649 clauses and 93614 variables
DEBUG: MiniSAT found 93614 variables
DEBUG: Assignment size: 93614
DEBUG: First few assignment values: 1 0 0 1 1 0 0 0 0 0 
Command terminated after exceeding the time limit.
# Run terminated after reaching overall time limit

# Batch stopped after reaching overall time limit (elapsed 599s)
