[LNS] Loaded map 32x32, agents: 80
[LNS] Map:
.......@.........@@.......@.....
.....................@...@.....@
.......@@......@..@@......@.....
...............@.............@..
@..............@........@.......
.........@..........@.@.........
@...@.@.........................
........@..............@@.......
..@...@.....@.@@...@......@.....
........@...@.............@.....
.................@..............
.......@@....@......@..........@
@....@.@...@.@.............@...@
@........@.@..................@.
....@..@@.......................
........@......@....@...........
@.................@............@
............................@...
@@....@........@.@..............
...@......................@.@...
....@...........................
....@.........................@@
@.............@.......@..@......
....................@..@.@..@...
.....@@..............@..........
................................
.@............@......@......@..@
.......@........................
...@.................@@.........
.........@............@.........
....@..........@................
...@...................@........
[LNS] Number of agents: 80
[LNS] Agents (start -> goal):
  Agent 0: (5,30) -> (14,28)
  Agent 1: (18,23) -> (27,23)
  Agent 2: (6,16) -> (20,1)
  Agent 3: (1,18) -> (29,29)
  Agent 4: (25,2) -> (30,0)
  Agent 5: (29,17) -> (0,31)
  Agent 6: (21,0) -> (23,1)
  Agent 7: (2,23) -> (27,2)
  Agent 8: (0,31) -> (17,4)
  Agent 9: (27,17) -> (19,16)
  Agent 10: (18,21) -> (18,11)
  Agent 11: (10,6) -> (18,29)
  Agent 12: (25,30) -> (14,20)
  Agent 13: (21,7) -> (19,6)
  Agent 14: (22,31) -> (11,1)
  Agent 15: (28,12) -> (5,12)
  Agent 16: (19,13) -> (28,7)
  Agent 17: (15,0) -> (0,9)
  Agent 18: (29,28) -> (19,17)
  Agent 19: (22,19) -> (23,19)
  Agent 20: (5,8) -> (30,22)
  Agent 21: (24,20) -> (30,19)
  Agent 22: (5,2) -> (30,16)
  Agent 23: (17,18) -> (20,20)
  Agent 24: (1,13) -> (7,10)
  Agent 25: (18,18) -> (23,15)
  Agent 26: (21,16) -> (23,14)
  Agent 27: (31,20) -> (6,22)
  Agent 28: (15,4) -> (27,13)
  Agent 29: (28,8) -> (1,5)
  Agent 30: (3,25) -> (30,31)
  Agent 31: (13,13) -> (2,27)
  Agent 32: (5,28) -> (24,29)
  Agent 33: (11,1) -> (30,17)
  Agent 34: (29,13) -> (0,6)
  Agent 35: (27,22) -> (16,3)
  Agent 36: (4,20) -> (3,27)
  Agent 37: (10,29) -> (13,28)
  Agent 38: (26,17) -> (22,23)
  Agent 39: (30,22) -> (2,25)
  Agent 40: (3,28) -> (3,6)
  Agent 41: (12,18) -> (15,25)
  Agent 42: (26,29) -> (13,24)
  Agent 43: (14,24) -> (9,2)
  Agent 44: (29,24) -> (19,31)
  Agent 45: (25,14) -> (6,20)
  Agent 46: (1,20) -> (19,20)
  Agent 47: (1,28) -> (24,18)
  Agent 48: (10,9) -> (20,18)
  Agent 49: (8,20) -> (2,24)
  Agent 50: (2,1) -> (17,27)
  Agent 51: (22,7) -> (31,15)
  Agent 52: (5,17) -> (27,31)
  Agent 53: (13,23) -> (30,24)
  Agent 54: (24,10) -> (1,26)
  Agent 55: (15,7) -> (3,22)
  Agent 56: (4,26) -> (14,3)
  Agent 57: (18,7) -> (30,26)
  Agent 58: (12,26) -> (13,26)
  Agent 59: (6,19) -> (28,14)
  Agent 60: (9,31) -> (23,18)
  Agent 61: (28,29) -> (13,1)
  Agent 62: (24,26) -> (25,21)
  Agent 63: (2,11) -> (3,9)
  Agent 64: (31,27) -> (27,24)
  Agent 65: (24,13) -> (26,26)
  Agent 66: (19,11) -> (10,29)
  Agent 67: (19,15) -> (18,13)
  Agent 68: (21,14) -> (25,15)
  Agent 69: (17,14) -> (17,1)
  Agent 70: (30,12) -> (16,30)
  Agent 71: (4,1) -> (29,11)
  Agent 72: (29,14) -> (1,2)
  Agent 73: (17,5) -> (12,10)
  Agent 74: (13,20) -> (5,14)
  Agent 75: (0,16) -> (15,0)
  Agent 76: (17,19) -> (11,16)
  Agent 77: (5,26) -> (12,29)
  Agent 78: (12,1) -> (31,1)
  Agent 79: (9,15) -> (25,14)
[LNS] Base makespan: 46

[LNS] === Attempt with max_timesteps=46 ===
[SAT] Creating MDDs with shortest paths + waiting time...
[SAT] Created 80 MDDs with waiting time structure
[LNS] Built MDDs with waiting time structure for 80 agents at makespan 46
[Current_Solution] Calculating waiting times for agents...
[Current_Solution] Agent 79 reaches goal at t=19, waiting time=27
[Current_Solution] Agent 78 reaches goal at t=21, waiting time=25
[Current_Solution] Agent 77 reaches goal at t=10, waiting time=36
[Current_Solution] Agent 76 reaches goal at t=9, waiting time=37
[Current_Solution] Agent 75 reaches goal at t=31, waiting time=15
[Current_Solution] Agent 74 reaches goal at t=14, waiting time=32
[Current_Solution] Agent 73 reaches goal at t=10, waiting time=36
[Current_Solution] Agent 72 reaches goal at t=40, waiting time=6
[Current_Solution] Agent 71 reaches goal at t=35, waiting time=11
[Current_Solution] Agent 70 reaches goal at t=32, waiting time=14
[Current_Solution] Agent 69 reaches goal at t=13, waiting time=33
[Current_Solution] Agent 68 reaches goal at t=5, waiting time=41
[Current_Solution] Agent 67 reaches goal at t=3, waiting time=43
[Current_Solution] Agent 66 reaches goal at t=27, waiting time=19
[Current_Solution] Agent 65 reaches goal at t=15, waiting time=31
[Current_Solution] Agent 64 reaches goal at t=7, waiting time=39
[Current_Solution] Agent 63 reaches goal at t=3, waiting time=43
[Current_Solution] Agent 62 reaches goal at t=6, waiting time=40
[Current_Solution] Agent 61 reaches goal at t=43, waiting time=3
[Current_Solution] Agent 60 reaches goal at t=27, waiting time=19
[Current_Solution] Agent 59 reaches goal at t=27, waiting time=19
[Current_Solution] Agent 58 reaches goal at t=1, waiting time=45
[Current_Solution] Agent 57 reaches goal at t=31, waiting time=15
[Current_Solution] Agent 56 reaches goal at t=33, waiting time=13
[Current_Solution] Agent 55 reaches goal at t=29, waiting time=17
[Current_Solution] Agent 54 reaches goal at t=41, waiting time=5
[Current_Solution] Agent 53 reaches goal at t=18, waiting time=28
[Current_Solution] Agent 52 reaches goal at t=36, waiting time=10
[Current_Solution] Agent 51 reaches goal at t=17, waiting time=29
[Current_Solution] Agent 50 reaches goal at t=41, waiting time=5
[Current_Solution] Agent 49 reaches goal at t=10, waiting time=36
[Current_Solution] Agent 48 reaches goal at t=19, waiting time=27
[Current_Solution] Agent 47 reaches goal at t=33, waiting time=13
[Current_Solution] Agent 46 reaches goal at t=20, waiting time=26
[Current_Solution] Agent 45 reaches goal at t=25, waiting time=21
[Current_Solution] Agent 44 reaches goal at t=17, waiting time=29
[Current_Solution] Agent 43 reaches goal at t=27, waiting time=19
[Current_Solution] Agent 42 reaches goal at t=18, waiting time=28
[Current_Solution] Agent 41 reaches goal at t=10, waiting time=36
[Current_Solution] Agent 40 reaches goal at t=26, waiting time=20
[Current_Solution] Agent 39 reaches goal at t=31, waiting time=15
[Current_Solution] Agent 38 reaches goal at t=12, waiting time=34
[Current_Solution] Agent 37 reaches goal at t=4, waiting time=42
[Current_Solution] Agent 36 reaches goal at t=8, waiting time=38
[Current_Solution] Agent 35 reaches goal at t=30, waiting time=16
[Current_Solution] Agent 34 reaches goal at t=36, waiting time=10
[Current_Solution] Agent 33 reaches goal at t=35, waiting time=11
[Current_Solution] Agent 32 reaches goal at t=20, waiting time=26
[Current_Solution] Agent 31 reaches goal at t=25, waiting time=21
[Current_Solution] Agent 30 reaches goal at t=33, waiting time=13
[Current_Solution] Agent 29 reaches goal at t=30, waiting time=16
[Current_Solution] Agent 28 reaches goal at t=21, waiting time=25
[Current_Solution] Agent 27 reaches goal at t=29, waiting time=17
[Current_Solution] Agent 26 reaches goal at t=4, waiting time=42
[Current_Solution] Agent 25 reaches goal at t=8, waiting time=38
[Current_Solution] Agent 24 reaches goal at t=9, waiting time=37
[Current_Solution] Agent 23 reaches goal at t=5, waiting time=41
[Current_Solution] Agent 22 reaches goal at t=39, waiting time=7
[Current_Solution] Agent 21 reaches goal at t=7, waiting time=39
[Current_Solution] Agent 20 reaches goal at t=39, waiting time=7
[Current_Solution] Agent 19 reaches goal at t=1, waiting time=45
[Current_Solution] Agent 18 reaches goal at t=21, waiting time=25
[Current_Solution] Agent 17 reaches goal at t=24, waiting time=22
[Current_Solution] Agent 16 reaches goal at t=15, waiting time=31
[Current_Solution] Agent 15 reaches goal at t=25, waiting time=21
[Current_Solution] Agent 14 reaches goal at t=41, waiting time=5
[Current_Solution] Agent 13 reaches goal at t=3, waiting time=43
[Current_Solution] Agent 12 reaches goal at t=21, waiting time=25
[Current_Solution] Agent 11 reaches goal at t=31, waiting time=15
[Current_Solution] Agent 10 reaches goal at t=12, waiting time=34
[Current_Solution] Agent 9 reaches goal at t=9, waiting time=37
[Current_Solution] Agent 8 reaches goal at t=44, waiting time=2
[Current_Solution] Agent 7 reaches goal at t=46, waiting time=0
[Current_Solution] Agent 6 reaches goal at t=3, waiting time=43
[Current_Solution] Agent 5 reaches goal at t=43, waiting time=3
[Current_Solution] Agent 4 reaches goal at t=7, waiting time=39
[Current_Solution] Agent 3 reaches goal at t=39, waiting time=7
[Current_Solution] Agent 2 reaches goal at t=29, waiting time=17
[Current_Solution] Agent 1 reaches goal at t=11, waiting time=35
[Current_Solution] Agent 0 reaches goal at t=11, waiting time=35
[Current_Solution] Waiting time calculation complete
[LNS] Created current solution with 80 agent paths on a map of size 32x32
[LNS] Analyzing conflicts...
[LNS] Current solution: vertex collisions=117, edge collisions=23
[LNS] Creating conflict buckets...
[LOCAL ZONE] Building diamond bucket for conflict 117
[LOCAL ZONE] Built diamond bucket for conflict 117 with 7 positions, 1 conflicts, 0 - 0 time window
[LNS] Selected most relevant bucket 117 with time window: 0 - 0, 1 conflicts and 7 positions.
[LNS] Solving the best bucket Local Zone...
[Solve_local_zone] Current local zone size: 7 (0.759219% of all walkable positions)
[Solve_local_zone] Local zone time window: [0, 1]
[Create_Local_problem] Agent 23 contiguous intervals: [0, 1] 
[Create_Local_problem] Agent 23 exited the zone at exit time 1
[Create_Local_Problem] MDD already aligned to the time window
[Create_Local_problem] Agent 25 contiguous intervals: [0, 0] 
[Create_Local_problem] Agent 25 exited the zone at exit time 0
[Create_Local_Problem] MDD already aligned to the time window
[Create_Local_problem] Agent 76 contiguous intervals: [0, 1] 
[Create_Local_problem] Agent 76 exited the zone at exit time 1
[Create_Local_Problem] MDD already aligned to the time window
[Waiting_time_Solve] Total available waiting time: 1970
[Waiting_time_Solve] Iteration 0...
[SAT] Start solving CNF: 7 clauses and 5 variables
[SAT] Solving local zone with SAT iteration 1...
[SAT] Local CNF: 7 clauses 

DEBUG: Adding 7 new clauses to MiniSAT (incremental run)
DEBUG: Clause load summary: input=7, added=7, tautologies_skipped=0, duplicates_skipped=0, unit_clauses=5, empties=0, intra_clause_literals_removed=0, added_but_db_unchanged=2
DEBUG: After adding clauses, solver has 0 clauses and 5 variables
DEBUG: MiniSAT found 5 variables
DEBUG: Assignment size: 5
DEBUG: First few assignment values: 1 1 1 1 1 

=== DEBUG: cnf_assignment_to_paths ===
Input assignment size: 5

=== END DEBUG ===
[SAT] Found 0 vertex collisions and 1 edge collisions
[SAT] Adding collision clauses and solving again...
[SAT] Solving local zone with SAT iteration 2...
[SAT] Local CNF: 8 clauses 

DEBUG: Adding 1 new clauses to MiniSAT (incremental run)
[SAT] Previous assignment invalidated by new clauses, retrying without assumptions...
DEBUG: Adding 0 new clauses to MiniSAT (incremental run)
DEBUG: Clause load summary: input=0, added=0, tautologies_skipped=0, duplicates_skipped=0, unit_clauses=0, empties=0, intra_clause_literals_removed=0, added_but_db_unchanged=0
DEBUG: After adding clauses, solver has 0 clauses and 5 variables
[SAT] Local problem is unsatisfiable after 2 iterations
[SAT] Local problem appears to be unsatisfiable in current zone
[Waiting_time_Solve] No solution found, trying to apply waiting time:1
[Waiting_time_Solve] Applying waiting time delta 1 to segment 23
[Waiting_time_Solve] Original id: 23
[Create_Local_Problem] MDD already aligned to the time window
[Create_Local_Problem] MDD already aligned to the time window
[Waiting_time_Solve] Path length: 47
[Waiting_time_Solve] Makespan: 46
[Waiting_time_Solve] Segment exit time: 2
[Waiting_time_Solve] Path length after shifting suffix: 47
[Waiting_time_Solve] path length after inserting segment path: 47
[Waiting_time_Solve] inserting following segments
[Waiting_time_Solve] curren pos_it: 0
[Waiting_time_Solve] pushing new path into current solution
[Waiting_time_Solve] New path is consistent after applying waiting time for agent 23
[Current_Solution] Agent 23 used 1 waiting timesteps, 40 remaining
[Waiting_time_Solve] Applied 1 waiting time to segment 23 for agent 23
[Waiting_time_Solve] Waiting time applied
[Waiting_time_Solve] Extended Zone end time from 1 to 2
[Create_Local_Problem] Agent 23 is being scanned from timestep 2 to 2
[Create_Local_problem] Agent 23 contiguous intervals: [2, 2] 
[Create_Local_problem] Agent 23 exited the zone at exit time 2
[Create_Local_Problem] Agent 23 is already extended to the end of the previous zone: 2
[Create_Local_Problem] Agent 76 is being scanned from timestep 2 to 2
[Create_Local_problem] Agent 76 contiguous intervals: [2, 2] 
[Create_Local_problem] Agent 76 exited the zone at exit time 2
[Create_Local_Problem] Agent 76 is continuing in the zone until timestep 2
[Create_Local_Problem] Agent 76old segment entry, exit: 0, 1
[Create_Local_Problem] Agent 76new segment entry, exit: 2, 2
[Create_Local_Problem] MDD already aligned to the time window
[Waiting_time_Solve] Iteration 1...
[SAT] Start solving CNF: 13 clauses and 8 variables
[SAT] Solving local zone with SAT iteration 1...
[SAT] Local CNF: 14 clauses 

DEBUG: Adding 14 new clauses to MiniSAT (incremental run)
DEBUG: Clause load summary: input=14, added=14, tautologies_skipped=0, duplicates_skipped=0, unit_clauses=6, empties=0, intra_clause_literals_removed=0, added_but_db_unchanged=5
DEBUG: After adding clauses, solver has 3 clauses and 8 variables
DEBUG: MiniSAT found 8 variables
DEBUG: Assignment size: 8
DEBUG: First few assignment values: 1 1 1 1 1 0 1 1 

=== DEBUG: cnf_assignment_to_paths ===
Input assignment size: 8

=== END DEBUG ===
[SAT] Found 1 vertex collisions and 0 edge collisions
[SAT] Adding collision clauses and solving again...
[SAT] Solving local zone with SAT iteration 2...
[SAT] Local CNF: 15 clauses 

DEBUG: Adding 1 new clauses to MiniSAT (incremental run)
[SAT] Previous assignment invalidated by new clauses, retrying without assumptions...
DEBUG: Adding 0 new clauses to MiniSAT (incremental run)
DEBUG: Clause load summary: input=0, added=0, tautologies_skipped=0, duplicates_skipped=0, unit_clauses=0, empties=0, intra_clause_literals_removed=0, added_but_db_unchanged=0
DEBUG: After adding clauses, solver has 0 clauses and 8 variables
[SAT] Local problem is unsatisfiable after 2 iterations
[SAT] Local problem appears to be unsatisfiable in current zone
[Waiting_time_Solve] No solution found, trying to apply waiting time:2
[Waiting_time_Solve] Applying waiting time delta 2 to segment 23
[Waiting_time_Solve] Original id: 23
[Create_Local_Problem] MDD already aligned to the time window
[Create_Local_Problem] MDD already aligned to the time window
[Waiting_time_Solve] Path length: 47
[Waiting_time_Solve] Makespan: 46
[Waiting_time_Solve] Segment exit time: 4
[Waiting_time_Solve] Path length after shifting suffix: 47
[Waiting_time_Solve] path length after inserting segment path: 47
[Waiting_time_Solve] inserting following segments
[Waiting_time_Solve] curren pos_it: 0
[Waiting_time_Solve] pushing new path into current solution
[Waiting_time_Solve] New path is consistent after applying waiting time for agent 23
[Current_Solution] Agent 23 used 2 waiting timesteps, 38 remaining
[Waiting_time_Solve] Applied 2 waiting time to segment 23 for agent 23
[Waiting_time_Solve] Waiting time applied
[Waiting_time_Solve] Extended Zone end time from 2 to 4
[Create_Local_Problem] Agent 23 is being scanned from timestep 3 to 4
[Create_Local_problem] Agent 23 contiguous intervals: [3, 4] 
[Create_Local_problem] Agent 23 exited the zone at exit time 4
[Create_Local_Problem] Agent 23 is already extended to the end of the previous zone: 4
[Waiting_time_Solve] Iteration 2...
[SAT] Start solving CNF: 65 clauses and 22 variables
[SAT] Solving local zone with SAT iteration 1...
[SAT] Local CNF: 67 clauses 

DEBUG: Adding 67 new clauses to MiniSAT (incremental run)
DEBUG: Clause load summary: input=67, added=67, tautologies_skipped=0, duplicates_skipped=0, unit_clauses=6, empties=0, intra_clause_literals_removed=0, added_but_db_unchanged=9
DEBUG: After adding clauses, solver has 52 clauses and 22 variables
DEBUG: MiniSAT found 22 variables
DEBUG: Assignment size: 22
DEBUG: First few assignment values: 1 1 1 1 1 0 1 0 0 1 

=== DEBUG: cnf_assignment_to_paths ===
Input assignment size: 22

=== END DEBUG ===
[SAT] Found 0 vertex collisions and 1 edge collisions
[SAT] Adding collision clauses and solving again...
[SAT] Solving local zone with SAT iteration 2...
[SAT] Local CNF: 68 clauses 

DEBUG: Adding 1 new clauses to MiniSAT (incremental run)
DEBUG: Clause load summary: input=1, added=1, tautologies_skipped=0, duplicates_skipped=0, unit_clauses=0, empties=0, intra_clause_literals_removed=0, added_but_db_unchanged=0
DEBUG: After adding clauses, solver has 46 clauses and 22 variables
DEBUG: MiniSAT found 22 variables
DEBUG: Assignment size: 22
DEBUG: First few assignment values: 1 1 1 1 1 0 1 0 0 0 

=== DEBUG: cnf_assignment_to_paths ===
Input assignment size: 22

=== END DEBUG ===
[SAT] Found 1 vertex collisions and 0 edge collisions
[SAT] Adding collision clauses and solving again...
[SAT] Solving local zone with SAT iteration 3...
[SAT] Local CNF: 69 clauses 

DEBUG: Adding 1 new clauses to MiniSAT (incremental run)
DEBUG: Clause load summary: input=1, added=1, tautologies_skipped=0, duplicates_skipped=0, unit_clauses=0, empties=0, intra_clause_literals_removed=0, added_but_db_unchanged=1
DEBUG: After adding clauses, solver has 46 clauses and 22 variables
DEBUG: MiniSAT found 22 variables
DEBUG: Assignment size: 22
DEBUG: First few assignment values: 1 1 1 1 1 1 0 0 0 0 

=== DEBUG: cnf_assignment_to_paths ===
Input assignment size: 22

=== END DEBUG ===
[SAT] Found 0 vertex collisions and 0 edge collisions
[SAT] Found collision-free local solution!
[Waiting_time_Solve] Solution found, updating global solution
[LNS] Updating global solution with pseudo-agent local paths...
[Current_Solution] Updating global solution for agent 76
[Current_Solution] INFO: Segment 76 exit adjusted from 1 to 2 due to waiting time
[Current_Solution] Segment 76 lengthened by 1 timesteps; shifting suffix
[Current_Solution] Global solution is consistent before shifting suffix
[Current_Solution] Global solution is consistent after shifting suffix
[Current_Solution] Global solution is consistent after updating with local path
[LNS] Successfully updated global solution with pseudo-agent local paths!
[Current_Solution] Updating global solution for agent 25
[Current_Solution] Global solution is consistent after updating with local path
[LNS] Successfully updated global solution with pseudo-agent local paths!
[Current_Solution] Updating global solution for agent 23
[Current_Solution] INFO: Segment 23 exit adjusted from 1 to 4 due to waiting time
[Current_Solution] Segment 23 lengthened by 3 timesteps; shifting suffix
[Current_Solution] Global solution is consistent before shifting suffix
[Current_Solution] Global solution is consistent after shifting suffix
[Current_Solution] Global solution is consistent after updating with local path
[LNS] Successfully updated global solution with pseudo-agent local paths!
[LNS] Updating path map with new local paths...
[LNS] Successfully updated global solution with local paths and pseudo agents!
[Solve_local_zone] Successfully solved local zone
[LNS] Successfully solved local zone
[LNS] Analyzing conflicts...
[LNS] Current solution: vertex collisions=117, edge collisions=22
[LNS] Creating conflict buckets...
[LOCAL ZONE] Building diamond bucket for conflict 0
[LOCAL ZONE] Built diamond bucket for conflict 0 with 5 positions, 1 conflicts, 1 - 1 time window
[LOCAL ZONE] Building diamond bucket for conflict 1
[LOCAL ZONE] Built diamond bucket for conflict 1 with 4 positions, 1 conflicts, 1 - 1 time window
[LOCAL ZONE] Building diamond bucket for conflict 2
[LOCAL ZONE] Built diamond bucket for conflict 2 with 13 positions, 4 conflicts, 1 - 4 time window
[LNS] Selected most relevant bucket 2 with time window: 1 - 4, 4 conflicts and 13 positions.
[LNS] Solving the best bucket Local Zone...
[Solve_local_zone] Current local zone size: 13 (1.40998% of all walkable positions)
[Solve_local_zone] Local zone time window: [0, 5]
[Create_Local_problem] Agent 12 contiguous intervals: [0, 5] 
[Create_Local_problem] Agent 12 exited the zone at exit time 5
[Create_Local_Problem] MDD already aligned to the time window
[Create_Local_problem] Agent 14 contiguous intervals: [1, 3] 
[Create_Local_problem] Agent 14 exited the zone at exit time 3
[Create_Local_problem] Agent 42 contiguous intervals: [0, 5] 
[Create_Local_problem] Agent 42 exited the zone at exit time 5
[Create_Local_Problem] MDD already aligned to the time window
[Waiting_time_Solve] Total available waiting time: 1967
[Waiting_time_Solve] Iteration 0...
[SAT] Start solving CNF: 33 clauses and 18 variables
[SAT] Solving local zone with SAT iteration 1...
[SAT] Local CNF: 33 clauses 

DEBUG: Adding 33 new clauses to MiniSAT (incremental run)
DEBUG: Clause load summary: input=33, added=33, tautologies_skipped=0, duplicates_skipped=0, unit_clauses=12, empties=0, intra_clause_literals_removed=0, added_but_db_unchanged=10
DEBUG: After adding clauses, solver has 11 clauses and 18 variables
DEBUG: MiniSAT found 18 variables
DEBUG: Assignment size: 18
DEBUG: First few assignment values: 1 1 1 1 1 1 1 1 1 1 

=== DEBUG: cnf_assignment_to_paths ===
Input assignment size: 18

=== END DEBUG ===
[SAT] Found 4 vertex collisions and 0 edge collisions
[SAT] Adding collision clauses and solving again...
[SAT] Solving local zone with SAT iteration 2...
[SAT] Local CNF: 37 clauses 

DEBUG: Adding 4 new clauses to MiniSAT (incremental run)
[SAT] Previous assignment invalidated by new clauses, retrying without assumptions...
DEBUG: Adding 0 new clauses to MiniSAT (incremental run)
DEBUG: Clause load summary: input=0, added=0, tautologies_skipped=0, duplicates_skipped=0, unit_clauses=0, empties=0, intra_clause_literals_removed=0, added_but_db_unchanged=0
DEBUG: After adding clauses, solver has 11 clauses and 18 variables
[SAT] Local problem is unsatisfiable after 2 iterations
[SAT] Local problem appears to be unsatisfiable in current zone
[Waiting_time_Solve] No solution found, trying to apply waiting time:1
[Waiting_time_Solve] Applying waiting time delta 1 to segment 42
[Waiting_time_Solve] Original id: 42
[Create_Local_Problem] MDD already aligned to the time window
[Create_Local_Problem] MDD already aligned to the time window
[Waiting_time_Solve] Path length: 47
[Waiting_time_Solve] Makespan: 46
[Waiting_time_Solve] Segment exit time: 6
[Waiting_time_Solve] Path length after shifting suffix: 47
[Waiting_time_Solve] path length after inserting segment path: 47
[Waiting_time_Solve] inserting following segments
[Waiting_time_Solve] curren pos_it: 2
[Waiting_time_Solve] pushing new path into current solution
[Waiting_time_Solve] New path is consistent after applying waiting time for agent 42
[Current_Solution] Agent 42 used 1 waiting timesteps, 27 remaining
[Waiting_time_Solve] Applied 1 waiting time to segment 42 for agent 42
[Waiting_time_Solve] Waiting time applied
[Waiting_time_Solve] Extended Zone end time from 5 to 6
[Create_Local_Problem] Agent 42 is being scanned from timestep 6 to 6
[Create_Local_problem] Agent 42 contiguous intervals: [6, 6] 
[Create_Local_problem] Agent 42 exited the zone at exit time 6
[Create_Local_Problem] Agent 42 is already extended to the end of the previous zone: 6
[Waiting_time_Solve] Iteration 1...
[SAT] Start solving CNF: 45 clauses and 24 variables
[SAT] Solving local zone with SAT iteration 1...
[SAT] Local CNF: 49 clauses 

DEBUG: Adding 49 new clauses to MiniSAT (incremental run)
DEBUG: Clause load summary: input=49, added=49, tautologies_skipped=0, duplicates_skipped=0, unit_clauses=8, empties=0, intra_clause_literals_removed=0, added_but_db_unchanged=8
DEBUG: After adding clauses, solver has 33 clauses and 24 variables
DEBUG: MiniSAT found 24 variables
DEBUG: Assignment size: 24
DEBUG: First few assignment values: 1 0 1 0 1 0 1 0 1 0 

=== DEBUG: cnf_assignment_to_paths ===
Input assignment size: 24

=== END DEBUG ===
[SAT] Found 0 vertex collisions and 0 edge collisions
[SAT] Found collision-free local solution!
[Waiting_time_Solve] Solution found, updating global solution
[LNS] Updating global solution with pseudo-agent local paths...
[Current_Solution] Updating global solution for agent 42
[Current_Solution] INFO: Segment 42 exit adjusted from 5 to 6 due to waiting time
[Current_Solution] Segment 42 lengthened by 1 timesteps; shifting suffix
[Current_Solution] Global solution is consistent before shifting suffix
[Current_Solution] Global solution is consistent after shifting suffix
[Current_Solution] Global solution is consistent after updating with local path
[LNS] Successfully updated global solution with pseudo-agent local paths!
[Current_Solution] Updating global solution for agent 14
[Current_Solution] Global solution is consistent after updating with local path
[LNS] Successfully updated global solution with pseudo-agent local paths!
[Current_Solution] Updating global solution for agent 12
[Current_Solution] Global solution is consistent after updating with local path
[LNS] Successfully updated global solution with pseudo-agent local paths!
[LNS] Updating path map with new local paths...
[LNS] Successfully updated global solution with local paths and pseudo agents!
[Solve_local_zone] Successfully solved local zone
[LNS] Successfully solved local zone
[LNS] Analyzing conflicts...
[LNS] Current solution: vertex collisions=112, edge collisions=22
[LNS] Creating conflict buckets...
[LOCAL ZONE] Building diamond bucket for conflict 0
[LOCAL ZONE] Built diamond bucket for conflict 0 with 5 positions, 1 conflicts, 1 - 1 time window
[LOCAL ZONE] Building diamond bucket for conflict 1
[LOCAL ZONE] Built diamond bucket for conflict 1 with 4 positions, 1 conflicts, 1 - 1 time window
[LNS] Selected most relevant bucket 0 with time window: 1 - 1, 1 conflicts and 5 positions.
[LNS] Solving the best bucket Local Zone...
[Solve_local_zone] Current local zone size: 5 (0.542299% of all walkable positions)
[Solve_local_zone] Local zone time window: [0, 2]
[Create_Local_problem] Agent 43 contiguous intervals: [0, 2] 
[Create_Local_problem] Agent 43 exited the zone at exit time 2
[Create_Local_Problem] MDD already aligned to the time window
[Create_Local_problem] Agent 53 contiguous intervals: [0, 2] 
[Create_Local_problem] Agent 53 exited the zone at exit time 2
[Create_Local_Problem] MDD already aligned to the time window
[Waiting_time_Solve] Total available waiting time: 1966
[Waiting_time_Solve] Iteration 0...
[SAT] Start solving CNF: 10 clauses and 6 variables
[SAT] Solving local zone with SAT iteration 1...
[SAT] Local CNF: 10 clauses 

DEBUG: Adding 10 new clauses to MiniSAT (incremental run)
DEBUG: Clause load summary: input=10, added=10, tautologies_skipped=0, duplicates_skipped=0, unit_clauses=6, empties=0, intra_clause_literals_removed=0, added_but_db_unchanged=4
DEBUG: After adding clauses, solver has 0 clauses and 6 variables
DEBUG: MiniSAT found 6 variables
DEBUG: Assignment size: 6
DEBUG: First few assignment values: 1 1 1 1 1 1 

=== DEBUG: cnf_assignment_to_paths ===
Input assignment size: 6

=== END DEBUG ===
[SAT] Found 1 vertex collisions and 0 edge collisions
[SAT] Adding collision clauses and solving again...
[SAT] Solving local zone with SAT iteration 2...
[SAT] Local CNF: 11 clauses 

DEBUG: Adding 1 new clauses to MiniSAT (incremental run)
[SAT] Previous assignment invalidated by new clauses, retrying without assumptions...
DEBUG: Adding 0 new clauses to MiniSAT (incremental run)
DEBUG: Clause load summary: input=0, added=0, tautologies_skipped=0, duplicates_skipped=0, unit_clauses=0, empties=0, intra_clause_literals_removed=0, added_but_db_unchanged=0
DEBUG: After adding clauses, solver has 0 clauses and 6 variables
[SAT] Local problem is unsatisfiable after 2 iterations
[SAT] Local problem appears to be unsatisfiable in current zone
[Waiting_time_Solve] No solution found, trying to apply waiting time:1
[Waiting_time_Solve] Applying waiting time delta 1 to segment 53
[Waiting_time_Solve] Original id: 53
[Create_Local_Problem] MDD already aligned to the time window
[Create_Local_Problem] MDD already aligned to the time window
[Waiting_time_Solve] Path length: 47
[Waiting_time_Solve] Makespan: 46
[Waiting_time_Solve] Segment exit time: 3
[Waiting_time_Solve] Path length after shifting suffix: 47
[Waiting_time_Solve] path length after inserting segment path: 47
[Waiting_time_Solve] inserting following segments
[Waiting_time_Solve] curren pos_it: 1
[Waiting_time_Solve] pushing new path into current solution
[Waiting_time_Solve] New path is consistent after applying waiting time for agent 53
[Current_Solution] Agent 53 used 1 waiting timesteps, 27 remaining
[Waiting_time_Solve] Applied 1 waiting time to segment 53 for agent 53
[Waiting_time_Solve] Waiting time applied
[Waiting_time_Solve] Extended Zone end time from 2 to 3
[Create_Local_Problem] Agent 53 is being scanned from timestep 3 to 3
[Create_Local_problem] Agent 53 contiguous intervals: [3, 3] 
[Create_Local_problem] Agent 53 exited the zone at exit time 3
[Create_Local_Problem] Agent 53 is already extended to the end of the previous zone: 3
[Waiting_time_Solve] Iteration 1...
[SAT] Start solving CNF: 16 clauses and 9 variables
[SAT] Solving local zone with SAT iteration 1...
[SAT] Local CNF: 17 clauses 

DEBUG: Adding 17 new clauses to MiniSAT (incremental run)
DEBUG: Clause load summary: input=17, added=17, tautologies_skipped=0, duplicates_skipped=0, unit_clauses=5, empties=0, intra_clause_literals_removed=0, added_but_db_unchanged=5
DEBUG: After adding clauses, solver has 7 clauses and 9 variables
DEBUG: MiniSAT found 9 variables
DEBUG: Assignment size: 9
DEBUG: First few assignment values: 1 0 1 0 1 1 1 1 1 

=== DEBUG: cnf_assignment_to_paths ===
Input assignment size: 9

=== END DEBUG ===
[SAT] Found 0 vertex collisions and 1 edge collisions
[SAT] Adding collision clauses and solving again...
[SAT] Solving local zone with SAT iteration 2...
[SAT] Local CNF: 18 clauses 

DEBUG: Adding 1 new clauses to MiniSAT (incremental run)
[SAT] Previous assignment invalidated by new clauses, retrying without assumptions...
DEBUG: Adding 0 new clauses to MiniSAT (incremental run)
DEBUG: Clause load summary: input=0, added=0, tautologies_skipped=0, duplicates_skipped=0, unit_clauses=0, empties=0, intra_clause_literals_removed=0, added_but_db_unchanged=0
DEBUG: After adding clauses, solver has 0 clauses and 9 variables
[SAT] Local problem is unsatisfiable after 2 iterations
[SAT] Local problem appears to be unsatisfiable in current zone
[Waiting_time_Solve] No solution found, trying to apply waiting time:2
[Waiting_time_Solve] Applying waiting time delta 2 to segment 53
[Waiting_time_Solve] Original id: 53
[Create_Local_Problem] MDD already aligned to the time window
[Create_Local_Problem] MDD already aligned to the time window
[Waiting_time_Solve] Path length: 47
[Waiting_time_Solve] Makespan: 46
[Waiting_time_Solve] Segment exit time: 5
[Waiting_time_Solve] Path length after shifting suffix: 47
[Waiting_time_Solve] path length after inserting segment path: 47
[Waiting_time_Solve] inserting following segments
[Waiting_time_Solve] curren pos_it: 1
[Waiting_time_Solve] pushing new path into current solution
[Waiting_time_Solve] New path is consistent after applying waiting time for agent 53
[Current_Solution] Agent 53 used 2 waiting timesteps, 25 remaining
[Waiting_time_Solve] Applied 2 waiting time to segment 53 for agent 53
[Waiting_time_Solve] Waiting time applied
[Waiting_time_Solve] Extended Zone end time from 3 to 5
[Create_Local_Problem] Agent 53 is being scanned from timestep 4 to 5
[Create_Local_problem] Agent 53 contiguous intervals: [4, 5] 
[Create_Local_problem] Agent 53 exited the zone at exit time 5
[Create_Local_Problem] Agent 53 is already extended to the end of the previous zone: 5
[Waiting_time_Solve] Iteration 2...
[SAT] Start solving CNF: 48 clauses and 19 variables
[SAT] Solving local zone with SAT iteration 1...
[SAT] Local CNF: 50 clauses 

DEBUG: Adding 50 new clauses to MiniSAT (incremental run)
DEBUG: Clause load summary: input=50, added=50, tautologies_skipped=0, duplicates_skipped=0, unit_clauses=5, empties=0, intra_clause_literals_removed=0, added_but_db_unchanged=6
DEBUG: After adding clauses, solver has 39 clauses and 19 variables
DEBUG: MiniSAT found 19 variables
DEBUG: Assignment size: 19
DEBUG: First few assignment values: 1 0 1 1 0 0 0 0 0 1 

=== DEBUG: cnf_assignment_to_paths ===
Input assignment size: 19

=== END DEBUG ===
[SAT] Found 1 vertex collisions and 0 edge collisions
[SAT] Adding collision clauses and solving again...
[SAT] Solving local zone with SAT iteration 2...
[SAT] Local CNF: 51 clauses 

DEBUG: Adding 1 new clauses to MiniSAT (incremental run)
[SAT] Previous assignment invalidated by new clauses, retrying without assumptions...
DEBUG: Adding 0 new clauses to MiniSAT (incremental run)
DEBUG: Clause load summary: input=0, added=0, tautologies_skipped=0, duplicates_skipped=0, unit_clauses=0, empties=0, intra_clause_literals_removed=0, added_but_db_unchanged=0
DEBUG: After adding clauses, solver has 19 clauses and 19 variables
[SAT] Local problem is unsatisfiable after 2 iterations
[SAT] Local problem appears to be unsatisfiable in current zone
[Waiting_time_Solve] No solution found, trying to apply waiting time:3
[Waiting_time_Solve] Applying waiting time delta 3 to segment 53
[Waiting_time_Solve] Original id: 53
[Create_Local_Problem] MDD already aligned to the time window
[Create_Local_Problem] MDD already aligned to the time window
[Waiting_time_Solve] Path length: 47
[Waiting_time_Solve] Makespan: 46
[Waiting_time_Solve] Segment exit time: 8
[Waiting_time_Solve] Path length after shifting suffix: 47
[Waiting_time_Solve] path length after inserting segment path: 47
[Waiting_time_Solve] inserting following segments
[Waiting_time_Solve] curren pos_it: 1
[Waiting_time_Solve] pushing new path into current solution
[Waiting_time_Solve] New path is consistent after applying waiting time for agent 53
[Current_Solution] Agent 53 used 3 waiting timesteps, 22 remaining
[Waiting_time_Solve] Applied 3 waiting time to segment 53 for agent 53
[Waiting_time_Solve] Waiting time applied
[Waiting_time_Solve] Extended Zone end time from 5 to 8
[Create_Local_Problem] Agent 41 is being scanned from timestep 6 to 8
[Create_Local_problem] Agent 41 contiguous intervals: [6, 6] 
[Create_Local_problem] Agent 41 exited the zone at exit time 6
[Create_Local_Problem] Agent 41 is new in the zone
[Create_Local_Problem] Agent 53 is being scanned from timestep 6 to 8
[Create_Local_problem] Agent 53 contiguous intervals: [6, 8] 
[Create_Local_problem] Agent 53 exited the zone at exit time 8
[Create_Local_Problem] Agent 53 is already extended to the end of the previous zone: 8
[Waiting_time_Solve] Iteration 3...
[SAT] Start solving CNF: 97 clauses and 35 variables
[SAT] Solving local zone with SAT iteration 1...
[SAT] Local CNF: 100 clauses 

DEBUG: Adding 100 new clauses to MiniSAT (incremental run)
[SAT] Local problem is unsatisfiable after 1 iterations
[SAT] Local problem appears to be unsatisfiable in current zone
[Waiting_time_Solve] No solution found, trying to apply waiting time:4
[Waiting_time_Solve] No waiting time applied
[Waiting_time_Solve] No solution found
[Waiting_time_Solve] Restoring original paths
[Waiting_time_Solve] Restoring waiting times
[Current_Solution] Restored waiting times from backup
[Current_Solution] Restored paths from backup
[Solve_local_zone] Zone with expansion factor 0failed
[Solve_local_zone] Expanding zone with offset 2 (original: 1)
[Solve_local_zone] Final expanded zone contains 13 positions with 1 conflicts 
[Solve_local_zone] New time window: [0, 3]
[Solve_local_zone] Current local zone size: 13 (1.40998% of all walkable positions)
[Solve_local_zone] Local zone time window: [0, 3]
[Create_Local_problem] Agent 43 contiguous intervals: [0, 3] 
[Create_Local_problem] Agent 43 exited the zone at exit time 3
[Create_Local_Problem] MDD already aligned to the time window
[Create_Local_problem] Agent 53 contiguous intervals: [0, 3] 
[Create_Local_problem] Agent 53 exited the zone at exit time 3
[Create_Local_Problem] MDD already aligned to the time window
[Waiting_time_Solve] Total available waiting time: 1966
[Waiting_time_Solve] Iteration 0...
[SAT] Start solving CNF: 22 clauses and 12 variables
[SAT] Solving local zone with SAT iteration 1...
[SAT] Local CNF: 22 clauses 

DEBUG: Adding 22 new clauses to MiniSAT (incremental run)
DEBUG: Clause load summary: input=22, added=22, tautologies_skipped=0, duplicates_skipped=0, unit_clauses=4, empties=0, intra_clause_literals_removed=0, added_but_db_unchanged=4
DEBUG: After adding clauses, solver has 14 clauses and 12 variables
DEBUG: MiniSAT found 12 variables
DEBUG: Assignment size: 12
DEBUG: First few assignment values: 1 0 1 0 1 1 1 1 0 1 

=== DEBUG: cnf_assignment_to_paths ===
Input assignment size: 12

=== END DEBUG ===
[SAT] Found 1 vertex collisions and 0 edge collisions
[SAT] Adding collision clauses and solving again...
[SAT] Solving local zone with SAT iteration 2...
[SAT] Local CNF: 23 clauses 

DEBUG: Adding 1 new clauses to MiniSAT (incremental run)
DEBUG: Clause load summary: input=1, added=1, tautologies_skipped=0, duplicates_skipped=0, unit_clauses=0, empties=0, intra_clause_literals_removed=0, added_but_db_unchanged=0
DEBUG: After adding clauses, solver has 15 clauses and 12 variables
DEBUG: MiniSAT found 12 variables
DEBUG: Assignment size: 12
DEBUG: First few assignment values: 1 1 0 0 1 1 1 1 0 1 

=== DEBUG: cnf_assignment_to_paths ===
Input assignment size: 12

=== END DEBUG ===
[SAT] Found 0 vertex collisions and 0 edge collisions
[SAT] Found collision-free local solution!
[Waiting_time_Solve] Solution found, updating global solution
[LNS] Updating global solution with pseudo-agent local paths...
[Current_Solution] Updating global solution for agent 53
[Current_Solution] Global solution is consistent after updating with local path
[LNS] Successfully updated global solution with pseudo-agent local paths!
[Current_Solution] Updating global solution for agent 43
[Current_Solution] Global solution is consistent after updating with local path
[LNS] Successfully updated global solution with pseudo-agent local paths!
[LNS] Updating path map with new local paths...
[LNS] Successfully updated global solution with local paths and pseudo agents!
[Solve_local_zone] Successfully solved local zone
[LNS] Successfully solved local zone
[LNS] Analyzing conflicts...
[LNS] Current solution: vertex collisions=111, edge collisions=22
[LNS] Creating conflict buckets...
[LOCAL ZONE] Building diamond bucket for conflict 0
[LOCAL ZONE] Built diamond bucket for conflict 0 with 4 positions, 1 conflicts, 1 - 1 time window
[LNS] Selected most relevant bucket 0 with time window: 1 - 1, 1 conflicts and 4 positions.
[LNS] Solving the best bucket Local Zone...
[Solve_local_zone] Current local zone size: 4 (0.433839% of all walkable positions)
[Solve_local_zone] Local zone time window: [0, 2]
[Create_Local_problem] Agent 30 contiguous intervals: [0, 2] 
[Create_Local_problem] Agent 30 exited the zone at exit time 2
[Create_Local_Problem] MDD already aligned to the time window
[Create_Local_problem] Agent 56 contiguous intervals: [0, 2] 
[Create_Local_problem] Agent 56 exited the zone at exit time 2
[Create_Local_Problem] MDD already aligned to the time window
[Waiting_time_Solve] Total available waiting time: 1966
[Waiting_time_Solve] Iteration 0...
[SAT] Start solving CNF: 10 clauses and 6 variables
[SAT] Solving local zone with SAT iteration 1...
[SAT] Local CNF: 10 clauses 

DEBUG: Adding 10 new clauses to MiniSAT (incremental run)
DEBUG: Clause load summary: input=10, added=10, tautologies_skipped=0, duplicates_skipped=0, unit_clauses=6, empties=0, intra_clause_literals_removed=0, added_but_db_unchanged=4
DEBUG: After adding clauses, solver has 0 clauses and 6 variables
DEBUG: MiniSAT found 6 variables
DEBUG: Assignment size: 6
DEBUG: First few assignment values: 1 1 1 1 1 1 

=== DEBUG: cnf_assignment_to_paths ===
Input assignment size: 6

=== END DEBUG ===
[SAT] Found 1 vertex collisions and 0 edge collisions
[SAT] Adding collision clauses and solving again...
[SAT] Solving local zone with SAT iteration 2...
[SAT] Local CNF: 11 clauses 

DEBUG: Adding 1 new clauses to MiniSAT (incremental run)
[SAT] Previous assignment invalidated by new clauses, retrying without assumptions...
DEBUG: Adding 0 new clauses to MiniSAT (incremental run)
DEBUG: Clause load summary: input=0, added=0, tautologies_skipped=0, duplicates_skipped=0, unit_clauses=0, empties=0, intra_clause_literals_removed=0, added_but_db_unchanged=0
DEBUG: After adding clauses, solver has 0 clauses and 6 variables
[SAT] Local problem is unsatisfiable after 2 iterations
[SAT] Local problem appears to be unsatisfiable in current zone
[Waiting_time_Solve] No solution found, trying to apply waiting time:1
[Waiting_time_Solve] Applying waiting time delta 1 to segment 56
[Waiting_time_Solve] Original id: 56
[Create_Local_Problem] MDD already aligned to the time window
[Create_Local_Problem] MDD already aligned to the time window
[Waiting_time_Solve] Path length: 47
[Waiting_time_Solve] Makespan: 46
[Waiting_time_Solve] Segment exit time: 3
[Waiting_time_Solve] Path length after shifting suffix: 47
[Waiting_time_Solve] path length after inserting segment path: 47
[Waiting_time_Solve] inserting following segments
[Waiting_time_Solve] curren pos_it: 1
[Waiting_time_Solve] pushing new path into current solution
[Waiting_time_Solve] New path is consistent after applying waiting time for agent 56
[Current_Solution] Agent 56 used 1 waiting timesteps, 12 remaining
[Waiting_time_Solve] Applied 1 waiting time to segment 56 for agent 56
[Waiting_time_Solve] Waiting time applied
[Waiting_time_Solve] Extended Zone end time from 2 to 3
[Create_Local_Problem] Agent 40 is being scanned from timestep 3 to 3
[Create_Local_problem] Agent 40 contiguous intervals: [3, 3] 
[Create_Local_problem] Agent 40 exited the zone at exit time 3
[Create_Local_Problem] Agent 40 is new in the zone
[Create_Local_Problem] Agent 56 is being scanned from timestep 3 to 3
[Create_Local_problem] Agent 56 contiguous intervals: [3, 3] 
[Create_Local_problem] Agent 56 exited the zone at exit time 3
[Create_Local_Problem] Agent 56 is already extended to the end of the previous zone: 3
[Waiting_time_Solve] Iteration 1...
[SAT] Start solving CNF: 17 clauses and 10 variables
[SAT] Solving local zone with SAT iteration 1...
[SAT] Local CNF: 18 clauses 

DEBUG: Adding 18 new clauses to MiniSAT (incremental run)
DEBUG: Clause load summary: input=18, added=18, tautologies_skipped=0, duplicates_skipped=0, unit_clauses=6, empties=0, intra_clause_literals_removed=0, added_but_db_unchanged=5
DEBUG: After adding clauses, solver has 7 clauses and 10 variables
DEBUG: MiniSAT found 10 variables
DEBUG: Assignment size: 10
DEBUG: First few assignment values: 1 1 0 1 0 1 1 1 1 1 

=== DEBUG: cnf_assignment_to_paths ===
Input assignment size: 10

=== END DEBUG ===
[SAT] Found 0 vertex collisions and 1 edge collisions
[SAT] Adding collision clauses and solving again...
[SAT] Solving local zone with SAT iteration 2...
[SAT] Local CNF: 19 clauses 

DEBUG: Adding 1 new clauses to MiniSAT (incremental run)
[SAT] Previous assignment invalidated by new clauses, retrying without assumptions...
DEBUG: Adding 0 new clauses to MiniSAT (incremental run)
DEBUG: Clause load summary: input=0, added=0, tautologies_skipped=0, duplicates_skipped=0, unit_clauses=0, empties=0, intra_clause_literals_removed=0, added_but_db_unchanged=0
DEBUG: After adding clauses, solver has 0 clauses and 10 variables
[SAT] Local problem is unsatisfiable after 2 iterations
[SAT] Local problem appears to be unsatisfiable in current zone
[Waiting_time_Solve] No solution found, trying to apply waiting time:2
[Waiting_time_Solve] Applying waiting time delta 2 to segment 30
[Waiting_time_Solve] Original id: 30
[Create_Local_Problem] MDD already aligned to the time window
[Create_Local_Problem] MDD already aligned to the time window
[Waiting_time_Solve] Path length: 47
[Waiting_time_Solve] Makespan: 46
[Waiting_time_Solve] Segment exit time: 4
[Waiting_time_Solve] Path length after shifting suffix: 47
[Waiting_time_Solve] path length after inserting segment path: 47
[Waiting_time_Solve] inserting following segments
[Waiting_time_Solve] curren pos_it: 0
[Waiting_time_Solve] pushing new path into current solution
[Waiting_time_Solve] New path is consistent after applying waiting time for agent 30
[Current_Solution] Agent 30 used 2 waiting timesteps, 11 remaining
[Waiting_time_Solve] Applied 2 waiting time to segment 30 for agent 30
[Waiting_time_Solve] Waiting time applied
[Waiting_time_Solve] Extended Zone end time from 3 to 4
[Create_Local_Problem] Agent 30 is being scanned from timestep 4 to 4
[Create_Local_problem] Agent 30 contiguous intervals: [4, 4] 
[Create_Local_problem] Agent 30 exited the zone at exit time 4
[Create_Local_Problem] Agent 30 is already extended to the end of the previous zone: 4
[Waiting_time_Solve] Iteration 2...
[SAT] Start solving CNF: 34 clauses and 17 variables
[SAT] Solving local zone with SAT iteration 1...
[SAT] Local CNF: 36 clauses 

DEBUG: Adding 36 new clauses to MiniSAT (incremental run)
DEBUG: Clause load summary: input=36, added=36, tautologies_skipped=0, duplicates_skipped=0, unit_clauses=5, empties=0, intra_clause_literals_removed=0, added_but_db_unchanged=4
DEBUG: After adding clauses, solver has 27 clauses and 17 variables
DEBUG: MiniSAT found 17 variables
DEBUG: Assignment size: 17
DEBUG: First few assignment values: 1 1 0 1 0 1 1 1 1 0 

=== DEBUG: cnf_assignment_to_paths ===
Input assignment size: 17

=== END DEBUG ===
[SAT] Found 0 vertex collisions and 0 edge collisions
[SAT] Found collision-free local solution!
[Waiting_time_Solve] Solution found, updating global solution
[LNS] Updating global solution with pseudo-agent local paths...
[Current_Solution] Updating global solution for agent 40
[Current_Solution] Global solution is consistent after updating with local path
[LNS] Successfully updated global solution with pseudo-agent local paths!
[Current_Solution] Updating global solution for agent 56
[Current_Solution] INFO: Segment 56 exit adjusted from 2 to 3 due to waiting time
[Current_Solution] Segment 56 lengthened by 1 timesteps; shifting suffix
[Current_Solution] Global solution is consistent before shifting suffix
[Current_Solution] Global solution is consistent after shifting suffix
[Current_Solution] Global solution is consistent after updating with local path
[LNS] Successfully updated global solution with pseudo-agent local paths!
[Current_Solution] Updating global solution for agent 30
[Current_Solution] INFO: Segment 30 exit adjusted from 2 to 4 due to waiting time
[Current_Solution] Segment 30 lengthened by 2 timesteps; shifting suffix
[Current_Solution] Global solution is consistent before shifting suffix
[Current_Solution] Global solution is consistent after shifting suffix
[Current_Solution] Global solution is consistent after updating with local path
[LNS] Successfully updated global solution with pseudo-agent local paths!
[LNS] Updating path map with new local paths...
[LNS] Successfully updated global solution with local paths and pseudo agents!
[Solve_local_zone] Successfully solved local zone
[LNS] Successfully solved local zone
[LNS] Analyzing conflicts...
[LNS] Current solution: vertex collisions=109, edge collisions=22
[LNS] Creating conflict buckets...
[LOCAL ZONE] Building diamond bucket for conflict 0
[LOCAL ZONE] Built diamond bucket for conflict 0 with 7 positions, 4 conflicts, 2 - 3 time window
[LOCAL ZONE] Building diamond bucket for conflict 1
[LOCAL ZONE] Built diamond bucket for conflict 1 with 11 positions, 5 conflicts, 2 - 4 time window
[LOCAL ZONE] Building diamond bucket for conflict 2
[LOCAL ZONE] Built diamond bucket for conflict 2 with 8 positions, 2 conflicts, 2 - 3 time window
[LNS] Selected most relevant bucket 1 with time window: 2 - 4, 5 conflicts and 11 positions.
[LNS] Solving the best bucket Local Zone...
[Solve_local_zone] Current local zone size: 11 (1.19306% of all walkable positions)
[Solve_local_zone] Local zone time window: [1, 5]
[Create_Local_problem] Agent 18 contiguous intervals: [1, 5] 
[Create_Local_problem] Agent 18 exited the zone at exit time 5
[Create_Local_problem] Agent 44 contiguous intervals: [1, 5] 
[Create_Local_problem] Agent 44 exited the zone at exit time 5
[Create_Local_problem] Agent 61 contiguous intervals: [2, 4] 
[Create_Local_problem] Agent 61 exited the zone at exit time 4
[Create_Local_problem] Agent 64 contiguous intervals: [2, 5] 
[Create_Local_problem] Agent 64 exited the zone at exit time 5
[Waiting_time_Solve] Total available waiting time: 1963
[Waiting_time_Solve] Iteration 0...
[SAT] Start solving CNF: 45 clauses and 24 variables
[SAT] Solving local zone with SAT iteration 1...
[SAT] Local CNF: 45 clauses 

DEBUG: Adding 45 new clauses to MiniSAT (incremental run)
DEBUG: Clause load summary: input=45, added=45, tautologies_skipped=0, duplicates_skipped=0, unit_clauses=11, empties=0, intra_clause_literals_removed=0, added_but_db_unchanged=10
DEBUG: After adding clauses, solver has 24 clauses and 24 variables
DEBUG: MiniSAT found 24 variables
DEBUG: Assignment size: 24
DEBUG: First few assignment values: 1 1 0 1 1 1 1 1 1 1 

=== DEBUG: cnf_assignment_to_paths ===
Input assignment size: 24

=== END DEBUG ===
[SAT] Found 2 vertex collisions and 0 edge collisions
[SAT] Adding collision clauses and solving again...
[SAT] Solving local zone with SAT iteration 2...
[SAT] Local CNF: 47 clauses 

DEBUG: Adding 2 new clauses to MiniSAT (incremental run)
DEBUG: Clause load summary: input=2, added=2, tautologies_skipped=0, duplicates_skipped=0, unit_clauses=0, empties=0, intra_clause_literals_removed=0, added_but_db_unchanged=2
DEBUG: After adding clauses, solver has 24 clauses and 24 variables
DEBUG: MiniSAT found 24 variables
DEBUG: Assignment size: 24
DEBUG: First few assignment values: 1 1 0 1 1 1 1 1 1 1 

=== DEBUG: cnf_assignment_to_paths ===
Input assignment size: 24

=== END DEBUG ===
[SAT] Found 3 vertex collisions and 0 edge collisions
[SAT] Adding collision clauses and solving again...
[SAT] Solving local zone with SAT iteration 3...
[SAT] Local CNF: 50 clauses 

DEBUG: Adding 3 new clauses to MiniSAT (incremental run)
[SAT] Local problem is unsatisfiable after 3 iterations
[SAT] Local problem appears to be unsatisfiable in current zone
[Waiting_time_Solve] No solution found, trying to apply waiting time:1
[Waiting_time_Solve] Applying waiting time delta 1 to segment 44
[Waiting_time_Solve] Original id: 44
[Create_Local_Problem] MDD already aligned to the time window
[Waiting_time_Solve] Path length: 47
[Waiting_time_Solve] Makespan: 46
[Waiting_time_Solve] Segment exit time: 6
[Waiting_time_Solve] Path length after shifting suffix: 47
[Waiting_time_Solve] path length after inserting segment path: 47
[Waiting_time_Solve] inserting following segments
[Waiting_time_Solve] curren pos_it: 1
[Waiting_time_Solve] pushing new path into current solution
[Waiting_time_Solve] New path is consistent after applying waiting time for agent 44
[Current_Solution] Agent 44 used 1 waiting timesteps, 28 remaining
[Waiting_time_Solve] Applied 1 waiting time to segment 44 for agent 44
[Waiting_time_Solve] Applying waiting time delta 1 to segment 18
[Waiting_time_Solve] Original id: 18
[Create_Local_Problem] MDD already aligned to the time window
[Waiting_time_Solve] Path length: 47
[Waiting_time_Solve] Makespan: 46
[Waiting_time_Solve] Segment exit time: 6
[Waiting_time_Solve] Path length after shifting suffix: 47
[Waiting_time_Solve] path length after inserting segment path: 47
[Waiting_time_Solve] inserting following segments
[Waiting_time_Solve] curren pos_it: 0
[Waiting_time_Solve] pushing new path into current solution
[Waiting_time_Solve] New path is consistent after applying waiting time for agent 18
[Current_Solution] Agent 18 used 1 waiting timesteps, 24 remaining
[Waiting_time_Solve] Applied 1 waiting time to segment 18 for agent 18
[Waiting_time_Solve] Waiting time applied
[Waiting_time_Solve] Extended Zone end time from 5 to 6
[Create_Local_Problem] Agent 18 is being scanned from timestep 6 to 6
[Create_Local_problem] Agent 18 contiguous intervals: [6, 6] 
[Create_Local_problem] Agent 18 exited the zone at exit time 6
[Create_Local_Problem] Agent 18 is already extended to the end of the previous zone: 6
[Create_Local_Problem] Agent 44 is being scanned from timestep 6 to 6
[Create_Local_problem] Agent 44 contiguous intervals: [6, 6] 
[Create_Local_problem] Agent 44 exited the zone at exit time 6
[Create_Local_Problem] Agent 44 is already extended to the end of the previous zone: 6
[Create_Local_Problem] Agent 64 is being scanned from timestep 6 to 6
[Create_Local_problem] Agent 64 contiguous intervals: [6, 6] 
[Create_Local_problem] Agent 64 exited the zone at exit time 6
[Create_Local_Problem] Agent 64 is continuing in the zone until timestep 6
[Create_Local_Problem] Agent 64old segment entry, exit: 2, 5
[Create_Local_Problem] Agent 64new segment entry, exit: 6, 6
[Waiting_time_Solve] Iteration 1...
[SAT] Start solving CNF: 99 clauses and 42 variables
[SAT] Solving local zone with SAT iteration 1...
[SAT] Local CNF: 104 clauses 

DEBUG: Adding 104 new clauses to MiniSAT (incremental run)
DEBUG: Clause load summary: input=104, added=104, tautologies_skipped=0, duplicates_skipped=0, unit_clauses=10, empties=0, intra_clause_literals_removed=0, added_but_db_unchanged=13
DEBUG: After adding clauses, solver has 81 clauses and 42 variables
DEBUG: MiniSAT found 42 variables
DEBUG: Assignment size: 42
DEBUG: First few assignment values: 1 1 0 1 0 1 1 1 1 1 

=== DEBUG: cnf_assignment_to_paths ===
Input assignment size: 42

=== END DEBUG ===
[SAT] Found 2 vertex collisions and 0 edge collisions
[SAT] Adding collision clauses and solving again...
[SAT] Solving local zone with SAT iteration 2...
[SAT] Local CNF: 106 clauses 

DEBUG: Adding 2 new clauses to MiniSAT (incremental run)
DEBUG: Clause load summary: input=2, added=2, tautologies_skipped=0, duplicates_skipped=0, unit_clauses=0, empties=0, intra_clause_literals_removed=0, added_but_db_unchanged=2
DEBUG: After adding clauses, solver has 68 clauses and 42 variables
DEBUG: MiniSAT found 42 variables
DEBUG: Assignment size: 42
DEBUG: First few assignment values: 1 1 0 1 0 1 1 1 1 1 

=== DEBUG: cnf_assignment_to_paths ===
Input assignment size: 42

=== END DEBUG ===
[SAT] Found 0 vertex collisions and 0 edge collisions
[SAT] Found collision-free local solution!
[Waiting_time_Solve] Solution found, updating global solution
[LNS] Updating global solution with pseudo-agent local paths...
[Current_Solution] Updating global solution for agent 64
[Current_Solution] INFO: Segment 64 exit adjusted from 5 to 6 due to waiting time
[Current_Solution] Segment 64 lengthened by 1 timesteps; shifting suffix
[Current_Solution] Global solution is consistent before shifting suffix
[Current_Solution] Global solution is consistent after shifting suffix
[Current_Solution] Global solution is consistent after updating with local path
[LNS] Successfully updated global solution with pseudo-agent local paths!
[Current_Solution] Updating global solution for agent 61
[Current_Solution] Global solution is consistent after updating with local path
[LNS] Successfully updated global solution with pseudo-agent local paths!
[Current_Solution] Updating global solution for agent 44
[Current_Solution] INFO: Segment 44 exit adjusted from 5 to 6 due to waiting time
[Current_Solution] Segment 44 lengthened by 1 timesteps; shifting suffix
[Current_Solution] Global solution is consistent before shifting suffix
[Current_Solution] Global solution is consistent after shifting suffix
[Current_Solution] Global solution is consistent after updating with local path
[LNS] Successfully updated global solution with pseudo-agent local paths!
[Current_Solution] Updating global solution for agent 18
[Current_Solution] INFO: Segment 18 exit adjusted from 5 to 6 due to waiting time
[Current_Solution] Segment 18 lengthened by 1 timesteps; shifting suffix
[Current_Solution] Global solution is consistent before shifting suffix
[Current_Solution] Global solution is consistent after shifting suffix
[Current_Solution] Global solution is consistent after updating with local path
[LNS] Successfully updated global solution with pseudo-agent local paths!
[LNS] Updating path map with new local paths...
[LNS] Successfully updated global solution with local paths and pseudo agents!
[Solve_local_zone] Successfully solved local zone
[LNS] Successfully solved local zone
[LNS] Analyzing conflicts...
[LNS] Current solution: vertex collisions=101, edge collisions=21
[LNS] Creating conflict buckets...
[LOCAL ZONE] Building diamond bucket for conflict 0
[LOCAL ZONE] Built diamond bucket for conflict 0 with 7 positions, 4 conflicts, 2 - 3 time window
[LOCAL ZONE] Building diamond bucket for conflict 1
[LOCAL ZONE] Built diamond bucket for conflict 1 with 8 positions, 2 conflicts, 2 - 3 time window
[LNS] Selected most relevant bucket 0 with time window: 2 - 3, 4 conflicts and 7 positions.
[LNS] Solving the best bucket Local Zone...
[Solve_local_zone] Current local zone size: 7 (0.759219% of all walkable positions)
[Solve_local_zone] Local zone time window: [1, 4]
[Create_Local_problem] Agent 26 contiguous intervals: [1, 4] 
[Create_Local_problem] Agent 26 exited the zone at exit time 4
[Create_Local_problem] Agent 45 contiguous intervals: [2, 4] 
[Create_Local_problem] Agent 45 exited the zone at exit time 4
[Create_Local_problem] Agent 68 contiguous intervals: [1, 4] 
[Create_Local_problem] Agent 68 exited the zone at exit time 4
[Waiting_time_Solve] Total available waiting time: 1961
[Waiting_time_Solve] Iteration 0...
[SAT] Start solving CNF: 21 clauses and 12 variables
[SAT] Solving local zone with SAT iteration 1...
[SAT] Local CNF: 21 clauses 

DEBUG: Adding 21 new clauses to MiniSAT (incremental run)
DEBUG: Clause load summary: input=21, added=21, tautologies_skipped=0, duplicates_skipped=0, unit_clauses=10, empties=0, intra_clause_literals_removed=0, added_but_db_unchanged=8
DEBUG: After adding clauses, solver has 3 clauses and 12 variables
DEBUG: MiniSAT found 12 variables
DEBUG: Assignment size: 12
DEBUG: First few assignment values: 1 1 1 1 1 1 1 1 0 1 

=== DEBUG: cnf_assignment_to_paths ===
Input assignment size: 12

=== END DEBUG ===
[SAT] Found 4 vertex collisions and 0 edge collisions
[SAT] Adding collision clauses and solving again...
[SAT] Solving local zone with SAT iteration 2...
[SAT] Local CNF: 25 clauses 

DEBUG: Adding 4 new clauses to MiniSAT (incremental run)
[SAT] Local problem is unsatisfiable after 2 iterations
[SAT] Local problem appears to be unsatisfiable in current zone
[Waiting_time_Solve] No solution found, trying to apply waiting time:1
[Waiting_time_Solve] Applying waiting time delta 1 to segment 26
[Waiting_time_Solve] Original id: 26
[Current_Solution] Agent 26 used 1 waiting timesteps, 41 remaining
[Create_Local_Problem] MDD already aligned to the time window
[Waiting_time_Solve] Path length: 47
[Waiting_time_Solve] Makespan: 46
[Waiting_time_Solve] Segment exit time: 5
[Waiting_time_Solve] Path length after shifting suffix: 47
[Waiting_time_Solve] path length after inserting segment path: 47
[Waiting_time_Solve] inserting following segments
[Waiting_time_Solve] curren pos_it: 0
[Waiting_time_Solve] pushing new path into current solution
[Waiting_time_Solve] New path is consistent after applying waiting time for agent 26
[Current_Solution] Agent 26 used 1 waiting timesteps, 40 remaining
[Waiting_time_Solve] Applied 1 waiting time to segment 26 for agent 26
[Waiting_time_Solve] Applying waiting time delta 1 to segment 68
[Waiting_time_Solve] Original id: 68
[Create_Local_Problem] MDD already aligned to the time window
[Waiting_time_Solve] Path length: 47
[Waiting_time_Solve] Makespan: 46
[Waiting_time_Solve] Segment exit time: 5
[Waiting_time_Solve] Path length after shifting suffix: 47
[Waiting_time_Solve] path length after inserting segment path: 47
[Waiting_time_Solve] inserting following segments
[Waiting_time_Solve] curren pos_it: 2
[Waiting_time_Solve] pushing new path into current solution
[Waiting_time_Solve] New path is consistent after applying waiting time for agent 68
[Current_Solution] Agent 68 used 1 waiting timesteps, 40 remaining
[Waiting_time_Solve] Applied 1 waiting time to segment 68 for agent 68
[Waiting_time_Solve] Waiting time applied
[Waiting_time_Solve] Extended Zone end time from 4 to 5
[Create_Local_Problem] Agent 9 is being scanned from timestep 5 to 5
[Create_Local_problem] Agent 9 contiguous intervals: [5, 5] 
[Create_Local_problem] Agent 9 exited the zone at exit time 5
[Create_Local_Problem] Agent 9 is new in the zone
[Create_Local_Problem] Agent 26 is being scanned from timestep 5 to 5
[Create_Local_problem] Agent 26 contiguous intervals: [5, 5] 
[Create_Local_problem] Agent 26 exited the zone at exit time 5
[Create_Local_Problem] Agent 26 is already extended to the end of the previous zone: 5
[Create_Local_Problem] Agent 45 is being scanned from timestep 5 to 5
[Create_Local_problem] Agent 45 contiguous intervals: [5, 5] 
[Create_Local_problem] Agent 45 exited the zone at exit time 5
[Create_Local_Problem] Agent 45 is continuing in the zone until timestep 5
[Create_Local_Problem] Agent 45old segment entry, exit: 2, 4
[Create_Local_Problem] Agent 45new segment entry, exit: 5, 5
[Create_Local_Problem] Agent 68 is being scanned from timestep 5 to 5
[Create_Local_problem] Agent 68 contiguous intervals: [5, 5] 
[Create_Local_problem] Agent 68 exited the zone at exit time 5
[Create_Local_Problem] Agent 68 is already extended to the end of the previous zone: 5
[Waiting_time_Solve] Iteration 1...
[SAT] Start solving CNF: 46 clauses and 24 variables
[SAT] Solving local zone with SAT iteration 1...
[SAT] Local CNF: 50 clauses 

DEBUG: Adding 50 new clauses to MiniSAT (incremental run)
DEBUG: Clause load summary: input=50, added=50, tautologies_skipped=0, duplicates_skipped=0, unit_clauses=8, empties=0, intra_clause_literals_removed=0, added_but_db_unchanged=10
DEBUG: After adding clauses, solver has 32 clauses and 24 variables
DEBUG: MiniSAT found 24 variables
DEBUG: Assignment size: 24
DEBUG: First few assignment values: 1 1 0 1 0 1 0 1 1 1 

=== DEBUG: cnf_assignment_to_paths ===
Input assignment size: 24

=== END DEBUG ===
[SAT] Found 1 vertex collisions and 1 edge collisions
[SAT] Adding collision clauses and solving again...
[SAT] Solving local zone with SAT iteration 2...
[SAT] Local CNF: 52 clauses 

DEBUG: Adding 2 new clauses to MiniSAT (incremental run)
[SAT] Previous assignment invalidated by new clauses, retrying without assumptions...
DEBUG: Adding 0 new clauses to MiniSAT (incremental run)
DEBUG: Clause load summary: input=0, added=0, tautologies_skipped=0, duplicates_skipped=0, unit_clauses=0, empties=0, intra_clause_literals_removed=0, added_but_db_unchanged=0
DEBUG: After adding clauses, solver has 21 clauses and 24 variables
[SAT] Local problem is unsatisfiable after 2 iterations
[SAT] Local problem appears to be unsatisfiable in current zone
[Waiting_time_Solve] No solution found, trying to apply waiting time:2
[Waiting_time_Solve] Applying waiting time delta 2 to segment 68
[Waiting_time_Solve] Original id: 68
[Create_Local_Problem] MDD already aligned to the time window
[Waiting_time_Solve] Path length: 47
[Waiting_time_Solve] Makespan: 46
[Waiting_time_Solve] Segment exit time: 7
[Waiting_time_Solve] Path length after shifting suffix: 47
[Waiting_time_Solve] path length after inserting segment path: 47
[Waiting_time_Solve] inserting following segments
[Waiting_time_Solve] curren pos_it: 2
[Waiting_time_Solve] pushing new path into current solution
[Waiting_time_Solve] New path is consistent after applying waiting time for agent 68
[Current_Solution] Agent 68 used 2 waiting timesteps, 38 remaining
[Waiting_time_Solve] Applied 2 waiting time to segment 68 for agent 68
[Waiting_time_Solve] Waiting time applied
[Waiting_time_Solve] Extended Zone end time from 5 to 7
[Create_Local_Problem] Agent 9 is being scanned from timestep 6 to 7
[Create_Local_problem] Agent 9 contiguous intervals: [6, 6] 
[Create_Local_problem] Agent 9 exited the zone at exit time 6
[Create_Local_Problem] Agent 9 is continuing in the zone until timestep 6
[Create_Local_Problem] Agent 9old segment entry, exit: 5, 5
[Create_Local_Problem] Agent 9new segment entry, exit: 6, 6
[Create_Local_Problem] Agent 25 is being scanned from timestep 6 to 7
[Create_Local_problem] Agent 25 contiguous intervals: [6, 7] 
[Create_Local_problem] Agent 25 exited the zone at exit time 7
[Create_Local_Problem] Agent 25 is new in the zone
[Create_Local_Problem] Agent 26 is being scanned from timestep 6 to 7
[Create_Local_problem] Agent 26 contiguous intervals: [6, 7] 
[Create_Local_problem] Agent 26 exited the zone at exit time 7
[Create_Local_Problem] Agent 26 is continuing in the zone until timestep 7
[Create_Local_Problem] Agent 26old segment entry, exit: 1, 5
[Create_Local_Problem] Agent 26new segment entry, exit: 6, 7
[Current_Solution] Agent 26 used 1 waiting timesteps, 39 remaining
[Create_Local_Problem] Agent 68 is being scanned from timestep 6 to 7
[Create_Local_problem] Agent 68 contiguous intervals: [6, 7] 
[Create_Local_problem] Agent 68 exited the zone at exit time 7
[Create_Local_Problem] Agent 68 is already extended to the end of the previous zone: 7
[Waiting_time_Solve] Iteration 2...
[SAT] Start solving CNF: 157 clauses and 55 variables
[SAT] Solving local zone with SAT iteration 1...
[SAT] Local CNF: 163 clauses 

DEBUG: Adding 163 new clauses to MiniSAT (incremental run)
DEBUG: Clause load summary: input=163, added=163, tautologies_skipped=0, duplicates_skipped=0, unit_clauses=11, empties=0, intra_clause_literals_removed=0, added_but_db_unchanged=12
DEBUG: After adding clauses, solver has 140 clauses and 55 variables
DEBUG: MiniSAT found 55 variables
DEBUG: Assignment size: 55
DEBUG: First few assignment values: 1 1 1 1 1 0 1 1 0 0 

=== DEBUG: cnf_assignment_to_paths ===
Input assignment size: 55

=== END DEBUG ===
[SAT] Found 3 vertex collisions and 0 edge collisions
[SAT] Adding collision clauses and solving again...
[SAT] Solving local zone with SAT iteration 2...
[SAT] Local CNF: 166 clauses 

DEBUG: Adding 3 new clauses to MiniSAT (incremental run)
[SAT] Previous assignment invalidated by new clauses, retrying without assumptions...
DEBUG: Adding 0 new clauses to MiniSAT (incremental run)
DEBUG: Clause load summary: input=0, added=0, tautologies_skipped=0, duplicates_skipped=0, unit_clauses=0, empties=0, intra_clause_literals_removed=0, added_but_db_unchanged=0
DEBUG: After adding clauses, solver has 133 clauses and 55 variables
[SAT] Local problem is unsatisfiable after 2 iterations
[SAT] Local problem appears to be unsatisfiable in current zone
[Waiting_time_Solve] No solution found, trying to apply waiting time:3
[Waiting_time_Solve] Applying waiting time delta 3 to segment 25
[Waiting_time_Solve] Original id: 25
[Create_Local_Problem] MDD already aligned to the time window
[Waiting_time_Solve] Path length: 47
[Waiting_time_Solve] Makespan: 46
[Waiting_time_Solve] Segment exit time: 10
[Waiting_time_Solve] Path length after shifting suffix: 47
[Waiting_time_Solve] path length after inserting segment path: 47
[Waiting_time_Solve] inserting following segments
[Waiting_time_Solve] curren pos_it: 4
[Waiting_time_Solve] pushing new path into current solution
[Waiting_time_Solve] New path is consistent after applying waiting time for agent 25
[Current_Solution] Agent 25 used 3 waiting timesteps, 35 remaining
[Waiting_time_Solve] Applied 3 waiting time to segment 25 for agent 25
[Waiting_time_Solve] Applying waiting time delta 3 to segment 26
[Waiting_time_Solve] Original id: 26
[Create_Local_Problem] MDD already aligned to the time window
[Waiting_time_Solve] Path length: 47
[Waiting_time_Solve] Makespan: 46
[Waiting_time_Solve] Segment exit time: 7
[Waiting_time_Solve] Path length after shifting suffix: 47
[Waiting_time_Solve] path length after inserting segment path: 47
[Waiting_time_Solve] inserting following segments
[Waiting_time_Solve] curren pos_it: 0
[Waiting_time_Solve] pushing new path into current solution
[Waiting_time_Solve] New path is consistent after applying waiting time for agent 26
[Current_Solution] Agent 26 used 3 waiting timesteps, 36 remaining
[Waiting_time_Solve] Applied 3 waiting time to segment 26 for agent 26
[Waiting_time_Solve] Applying waiting time delta 3 to segment 68
[Waiting_time_Solve] Original id: 68
[Create_Local_Problem] MDD already aligned to the time window
[Waiting_time_Solve] Path length: 47
[Waiting_time_Solve] Makespan: 46
[Waiting_time_Solve] Segment exit time: 10
[Waiting_time_Solve] Path length after shifting suffix: 47
[Waiting_time_Solve] path length after inserting segment path: 47
[Waiting_time_Solve] inserting following segments
[Waiting_time_Solve] curren pos_it: 2
[Waiting_time_Solve] pushing new path into current solution
[Waiting_time_Solve] New path is consistent after applying waiting time for agent 68
[Current_Solution] Agent 68 used 3 waiting timesteps, 35 remaining
[Waiting_time_Solve] Applied 3 waiting time to segment 68 for agent 68
[Waiting_time_Solve] Waiting time applied
[Waiting_time_Solve] Extended Zone end time from 7 to 10
[Create_Local_Problem] Agent 25 is being scanned from timestep 8 to 10
[Create_Local_problem] Agent 25 contiguous intervals: [8, 10] 
[Create_Local_problem] Agent 25 exited the zone at exit time 10
[Create_Local_Problem] Agent 25 is already extended to the end of the previous zone: 10
[Create_Local_Problem] Agent 26 is being scanned from timestep 8 to 10
[Create_Local_problem] Agent 26 contiguous intervals: [8, 10] 
[Create_Local_problem] Agent 26 exited the zone at exit time 10
[Create_Local_Problem] Agent 26 is continuing in the zone until timestep 10
[Create_Local_Problem] Agent 26old segment entry, exit: 1, 7
[Create_Local_Problem] Agent 26new segment entry, exit: 8, 10
[Create_Local_Problem] Agent 35 is being scanned from timestep 8 to 10
[Create_Local_problem] Agent 35 contiguous intervals: [10, 10] 
[Create_Local_problem] Agent 35 exited the zone at exit time 10
[Create_Local_Problem] Agent 35 is new in the zone
[Create_Local_Problem] Agent 68 is being scanned from timestep 8 to 10
[Create_Local_problem] Agent 68 contiguous intervals: [8, 10] 
[Create_Local_problem] Agent 68 exited the zone at exit time 10
[Create_Local_Problem] Agent 68 is already extended to the end of the previous zone: 10
[Waiting_time_Solve] Iteration 3...
[SAT] Start solving CNF: 357 clauses and 108 variables
[SAT] Solving local zone with SAT iteration 1...
[SAT] Local CNF: 366 clauses 

DEBUG: Adding 366 new clauses to MiniSAT (incremental run)
[SAT] Local problem is unsatisfiable after 1 iterations
[SAT] Local problem appears to be unsatisfiable in current zone
[Waiting_time_Solve] No solution found, trying to apply waiting time:4
[Waiting_time_Solve] No waiting time applied
[Waiting_time_Solve] No solution found
[Waiting_time_Solve] Restoring original paths
[Waiting_time_Solve] Restoring waiting times
[Current_Solution] Restored waiting times from backup
[Current_Solution] Restored paths from backup
[Solve_local_zone] Zone with expansion factor 0failed
[Solve_local_zone] Expanding zone with offset 2 (original: 1)
[Solve_local_zone] Final expanded zone contains 16 positions with 4 conflicts 
[Solve_local_zone] New time window: [0, 5]
[Solve_local_zone] Current local zone size: 16 (1.73536% of all walkable positions)
[Solve_local_zone] Local zone time window: [0, 5]
[Create_Local_problem] Agent 9 contiguous intervals: [4, 5] 
[Create_Local_problem] Agent 9 exited the zone at exit time 5
[Create_Local_problem] Agent 25 contiguous intervals: [5, 5] 
[Create_Local_problem] Agent 25 exited the zone at exit time 5
[Create_Local_problem] Agent 26 contiguous intervals: [0, 5] 
[Create_Local_problem] Agent 26 exited the zone at exit time 5
[Current_Solution] Agent 26 used 1 waiting timesteps, 41 remaining
[Create_Local_Problem] MDD already aligned to the time window
[Create_Local_problem] Agent 38 contiguous intervals: [3, 3] 
[Create_Local_problem] Agent 38 exited the zone at exit time 3
[Create_Local_problem] Agent 45 contiguous intervals: [1, 5] 
[Create_Local_problem] Agent 45 exited the zone at exit time 5
[Create_Local_problem] Agent 65 contiguous intervals: [3, 3] 
[Create_Local_problem] Agent 65 exited the zone at exit time 3
[Create_Local_problem] Agent 68 contiguous intervals: [0, 5] 
[Create_Local_problem] Agent 68 exited the zone at exit time 5
[Create_Local_Problem] MDD already aligned to the time window
[Waiting_time_Solve] Total available waiting time: 1960
[Waiting_time_Solve] Iteration 0...
[SAT] Start solving CNF: 64 clauses and 33 variables
[SAT] Solving local zone with SAT iteration 1...
[SAT] Local CNF: 64 clauses 

DEBUG: Adding 64 new clauses to MiniSAT (incremental run)
DEBUG: Clause load summary: input=64, added=64, tautologies_skipped=0, duplicates_skipped=0, unit_clauses=15, empties=0, intra_clause_literals_removed=0, added_but_db_unchanged=10
DEBUG: After adding clauses, solver has 39 clauses and 33 variables
DEBUG: MiniSAT found 33 variables
DEBUG: Assignment size: 33
DEBUG: First few assignment values: 1 1 1 1 1 1 1 0 1 1 

=== DEBUG: cnf_assignment_to_paths ===
Input assignment size: 33

=== END DEBUG ===
[SAT] Found 3 vertex collisions and 0 edge collisions
[SAT] Adding collision clauses and solving again...
[SAT] Solving local zone with SAT iteration 2...
[SAT] Local CNF: 67 clauses 

DEBUG: Adding 3 new clauses to MiniSAT (incremental run)
DEBUG: Clause load summary: input=3, added=3, tautologies_skipped=0, duplicates_skipped=0, unit_clauses=0, empties=0, intra_clause_literals_removed=0, added_but_db_unchanged=3
DEBUG: After adding clauses, solver has 39 clauses and 33 variables
DEBUG: MiniSAT found 33 variables
DEBUG: Assignment size: 33
DEBUG: First few assignment values: 1 1 1 1 1 1 1 0 1 0 

=== DEBUG: cnf_assignment_to_paths ===
Input assignment size: 33

=== END DEBUG ===
[SAT] Found 0 vertex collisions and 0 edge collisions
[SAT] Found collision-free local solution!
[Waiting_time_Solve] Solution found, updating global solution
[LNS] Updating global solution with pseudo-agent local paths...
[Current_Solution] Updating global solution for agent 68
[Current_Solution] Global solution is consistent after updating with local path
[LNS] Successfully updated global solution with pseudo-agent local paths!
[Current_Solution] Updating global solution for agent 45
[Current_Solution] Global solution is consistent after updating with local path
[LNS] Successfully updated global solution with pseudo-agent local paths!
[Current_Solution] Updating global solution for agent 65
[Current_Solution] Global solution is consistent after updating with local path
[LNS] Successfully updated global solution with pseudo-agent local paths!
[Current_Solution] Updating global solution for agent 26
[Current_Solution] Global solution is consistent after updating with local path
[LNS] Successfully updated global solution with pseudo-agent local paths!
[Current_Solution] Updating global solution for agent 38
[Current_Solution] Global solution is consistent after updating with local path
[LNS] Successfully updated global solution with pseudo-agent local paths!
[Current_Solution] Updating global solution for agent 25
[Current_Solution] Global solution is consistent after updating with local path
[LNS] Successfully updated global solution with pseudo-agent local paths!
[Current_Solution] Updating global solution for agent 9
[Current_Solution] Global solution is consistent after updating with local path
[LNS] Successfully updated global solution with pseudo-agent local paths!
[LNS] Updating path map with new local paths...
[LNS] Successfully updated global solution with local paths and pseudo agents!
[Solve_local_zone] Successfully solved local zone
[LNS] Successfully solved local zone
[LNS] Analyzing conflicts...
[LNS] Current solution: vertex collisions=97, edge collisions=21
[LNS] Creating conflict buckets...
[LOCAL ZONE] Building diamond bucket for conflict 0
[LOCAL ZONE] Built diamond bucket for conflict 0 with 8 positions, 2 conflicts, 2 - 3 time window
[LNS] Selected most relevant bucket 0 with time window: 2 - 3, 2 conflicts and 8 positions.
[LNS] Solving the best bucket Local Zone...
[Solve_local_zone] Current local zone size: 8 (0.867679% of all walkable positions)
[Solve_local_zone] Local zone time window: [1, 4]
[Create_Local_problem] Agent 17 contiguous intervals: [1, 4] 
[Create_Local_problem] Agent 17 exited the zone at exit time 4
[Create_Local_problem] Agent 78 contiguous intervals: [1, 4] 
[Create_Local_problem] Agent 78 exited the zone at exit time 4
[Waiting_time_Solve] Total available waiting time: 1960
[Waiting_time_Solve] Iteration 0...
[SAT] Start solving CNF: 18 clauses and 10 variables
[SAT] Solving local zone with SAT iteration 1...
[SAT] Local CNF: 18 clauses 

DEBUG: Adding 18 new clauses to MiniSAT (incremental run)
DEBUG: Clause load summary: input=18, added=18, tautologies_skipped=0, duplicates_skipped=0, unit_clauses=6, empties=0, intra_clause_literals_removed=0, added_but_db_unchanged=5
DEBUG: After adding clauses, solver has 7 clauses and 10 variables
DEBUG: MiniSAT found 10 variables
DEBUG: Assignment size: 10
DEBUG: First few assignment values: 1 0 1 0 1 1 1 1 1 1 

=== DEBUG: cnf_assignment_to_paths ===
Input assignment size: 10

=== END DEBUG ===
[SAT] Found 1 vertex collisions and 0 edge collisions
[SAT] Adding collision clauses and solving again...
[SAT] Solving local zone with SAT iteration 2...
[SAT] Local CNF: 19 clauses 

DEBUG: Adding 1 new clauses to MiniSAT (incremental run)
DEBUG: Clause load summary: input=1, added=1, tautologies_skipped=0, duplicates_skipped=0, unit_clauses=0, empties=0, intra_clause_literals_removed=0, added_but_db_unchanged=1
DEBUG: After adding clauses, solver has 7 clauses and 10 variables
DEBUG: MiniSAT found 10 variables
DEBUG: Assignment size: 10
DEBUG: First few assignment values: 1 1 0 1 0 1 1 1 1 1 

=== DEBUG: cnf_assignment_to_paths ===
Input assignment size: 10

=== END DEBUG ===
[SAT] Found 1 vertex collisions and 0 edge collisions
[SAT] Adding collision clauses and solving again...
[SAT] Solving local zone with SAT iteration 3...
[SAT] Local CNF: 20 clauses 

DEBUG: Adding 1 new clauses to MiniSAT (incremental run)
[SAT] Local problem is unsatisfiable after 3 iterations
[SAT] Local problem appears to be unsatisfiable in current zone
[Waiting_time_Solve] No solution found, trying to apply waiting time:1
[Waiting_time_Solve] Applying waiting time delta 1 to segment 78
[Waiting_time_Solve] Original id: 78
[Create_Local_Problem] MDD already aligned to the time window
[Waiting_time_Solve] Path length: 47
[Waiting_time_Solve] Makespan: 46
[Waiting_time_Solve] Segment exit time: 5
[Waiting_time_Solve] Path length after shifting suffix: 47
[Waiting_time_Solve] path length after inserting segment path: 47
[Waiting_time_Solve] inserting following segments
[Waiting_time_Solve] curren pos_it: 1
[Waiting_time_Solve] pushing new path into current solution
[Waiting_time_Solve] New path is consistent after applying waiting time for agent 78
[Current_Solution] Agent 78 used 1 waiting timesteps, 24 remaining
[Waiting_time_Solve] Applied 1 waiting time to segment 78 for agent 78
[Waiting_time_Solve] Waiting time applied
[Waiting_time_Solve] Extended Zone end time from 4 to 5
[Create_Local_Problem] Agent 78 is being scanned from timestep 5 to 5
[Create_Local_problem] Agent 78 contiguous intervals: [5, 5] 
[Create_Local_problem] Agent 78 exited the zone at exit time 5
[Create_Local_Problem] Agent 78 is already extended to the end of the previous zone: 5
[Waiting_time_Solve] Iteration 1...
[SAT] Start solving CNF: 35 clauses and 16 variables
[SAT] Solving local zone with SAT iteration 1...
[SAT] Local CNF: 37 clauses 

DEBUG: Adding 37 new clauses to MiniSAT (incremental run)
DEBUG: Clause load summary: input=37, added=37, tautologies_skipped=0, duplicates_skipped=0, unit_clauses=6, empties=0, intra_clause_literals_removed=0, added_but_db_unchanged=8
DEBUG: After adding clauses, solver has 23 clauses and 16 variables
DEBUG: MiniSAT found 16 variables
DEBUG: Assignment size: 16
DEBUG: First few assignment values: 1 0 0 1 0 0 1 0 0 1 

=== DEBUG: cnf_assignment_to_paths ===
Input assignment size: 16

=== END DEBUG ===
[SAT] Found 0 vertex collisions and 0 edge collisions
[SAT] Found collision-free local solution!
[Waiting_time_Solve] Solution found, updating global solution
[LNS] Updating global solution with pseudo-agent local paths...
[Current_Solution] Updating global solution for agent 78
[Current_Solution] INFO: Segment 78 exit adjusted from 4 to 5 due to waiting time
[Current_Solution] Segment 78 lengthened by 1 timesteps; shifting suffix
[Current_Solution] Global solution is consistent before shifting suffix
[Current_Solution] Global solution is consistent after shifting suffix
[Current_Solution] Global solution is consistent after updating with local path
[LNS] Successfully updated global solution with pseudo-agent local paths!
[Current_Solution] Updating global solution for agent 17
[Current_Solution] Global solution is consistent after updating with local path
[LNS] Successfully updated global solution with pseudo-agent local paths!
[LNS] Updating path map with new local paths...
[LNS] Successfully updated global solution with local paths and pseudo agents!
[Solve_local_zone] Successfully solved local zone
[LNS] Successfully solved local zone
[LNS] Analyzing conflicts...
[LNS] Current solution: vertex collisions=95, edge collisions=21
[LNS] Creating conflict buckets...
[LOCAL ZONE] Building diamond bucket for conflict 95
[LOCAL ZONE] Built diamond bucket for conflict 95 with 10 positions, 3 conflicts, 3 - 4 time window
[LNS] Selected most relevant bucket 1 with time window: 3 - 4, 3 conflicts and 10 positions.
[LNS] Solving the best bucket Local Zone...
[Solve_local_zone] Current local zone size: 10 (1.0846% of all walkable positions)
[Solve_local_zone] Local zone time window: [2, 5]
[Create_Local_problem] Agent 5 contiguous intervals: [2, 5] 
[Create_Local_problem] Agent 5 exited the zone at exit time 5
[Create_Local_problem] Agent 21 contiguous intervals: [3, 5] 
[Create_Local_problem] Agent 21 exited the zone at exit time 5
[Create_Local_problem] Agent 27 contiguous intervals: [3, 5] 
[Create_Local_problem] Agent 27 exited the zone at exit time 5
[Create_Local_problem] Agent 35 contiguous intervals: [2, 5] 
[Create_Local_problem] Agent 35 exited the zone at exit time 5
[Waiting_time_Solve] Total available waiting time: 1959
[Waiting_time_Solve] Iteration 0...
[SAT] Start solving CNF: 28 clauses and 16 variables
[SAT] Solving local zone with SAT iteration 1...
[SAT] Local CNF: 28 clauses 

DEBUG: Adding 28 new clauses to MiniSAT (incremental run)
DEBUG: Clause load summary: input=28, added=28, tautologies_skipped=0, duplicates_skipped=0, unit_clauses=12, empties=0, intra_clause_literals_removed=0, added_but_db_unchanged=9
DEBUG: After adding clauses, solver has 7 clauses and 16 variables
DEBUG: MiniSAT found 16 variables
DEBUG: Assignment size: 16
DEBUG: First few assignment values: 1 1 1 1 1 1 1 1 1 1 

=== DEBUG: cnf_assignment_to_paths ===
Input assignment size: 16

=== END DEBUG ===
[SAT] Found 1 vertex collisions and 1 edge collisions
[SAT] Adding collision clauses and solving again...
[SAT] Solving local zone with SAT iteration 2...
[SAT] Local CNF: 30 clauses 

DEBUG: Adding 2 new clauses to MiniSAT (incremental run)
[SAT] Local problem is unsatisfiable after 2 iterations
[SAT] Local problem appears to be unsatisfiable in current zone
[Waiting_time_Solve] No solution found, trying to apply waiting time:1
[Waiting_time_Solve] Applying waiting time delta 1 to segment 21
[Waiting_time_Solve] Original id: 21
[Create_Local_Problem] MDD already aligned to the time window
[Waiting_time_Solve] Path length: 47
[Waiting_time_Solve] Makespan: 46
[Waiting_time_Solve] Segment exit time: 6
[Waiting_time_Solve] Path length after shifting suffix: 47
[Waiting_time_Solve] path length after inserting segment path: 47
[Waiting_time_Solve] inserting following segments
[Waiting_time_Solve] curren pos_it: 1
[Waiting_time_Solve] pushing new path into current solution
[Waiting_time_Solve] New path is consistent after applying waiting time for agent 21
[Current_Solution] Agent 21 used 1 waiting timesteps, 38 remaining
[Waiting_time_Solve] Applied 1 waiting time to segment 21 for agent 21
[Waiting_time_Solve] Waiting time applied
[Waiting_time_Solve] Extended Zone end time from 5 to 6
[Create_Local_Problem] Agent 21 is being scanned from timestep 6 to 6
[Create_Local_problem] Agent 21 contiguous intervals: [6, 6] 
[Create_Local_problem] Agent 21 exited the zone at exit time 6
[Create_Local_Problem] Agent 21 is already extended to the end of the previous zone: 6
[Create_Local_Problem] Agent 27 is being scanned from timestep 6 to 6
[Create_Local_problem] Agent 27 contiguous intervals: [6, 6] 
[Create_Local_problem] Agent 27 exited the zone at exit time 6
[Create_Local_Problem] Agent 27 is continuing in the zone until timestep 6
[Create_Local_Problem] Agent 27old segment entry, exit: 3, 5
[Create_Local_Problem] Agent 27new segment entry, exit: 6, 6
[Waiting_time_Solve] Iteration 1...
[SAT] Start solving CNF: 36 clauses and 20 variables
[SAT] Solving local zone with SAT iteration 1...
[SAT] Local CNF: 38 clauses 

DEBUG: Adding 38 new clauses to MiniSAT (incremental run)
DEBUG: Clause load summary: input=38, added=38, tautologies_skipped=0, duplicates_skipped=0, unit_clauses=12, empties=0, intra_clause_literals_removed=0, added_but_db_unchanged=10
DEBUG: After adding clauses, solver has 16 clauses and 20 variables
DEBUG: MiniSAT found 20 variables
DEBUG: Assignment size: 20
DEBUG: First few assignment values: 1 1 1 1 1 1 1 1 1 0 

=== DEBUG: cnf_assignment_to_paths ===
Input assignment size: 20

=== END DEBUG ===
[SAT] Found 1 vertex collisions and 1 edge collisions
[SAT] Adding collision clauses and solving again...
[SAT] Solving local zone with SAT iteration 2...
[SAT] Local CNF: 40 clauses 

DEBUG: Adding 2 new clauses to MiniSAT (incremental run)
[SAT] Local problem is unsatisfiable after 2 iterations
[SAT] Local problem appears to be unsatisfiable in current zone
[Waiting_time_Solve] No solution found, trying to apply waiting time:2
[Waiting_time_Solve] Applying waiting time delta 2 to segment 21
[Waiting_time_Solve] Original id: 21
[Create_Local_Problem] MDD already aligned to the time window
[Waiting_time_Solve] Path length: 47
[Waiting_time_Solve] Makespan: 46
[Waiting_time_Solve] Segment exit time: 8
[Waiting_time_Solve] Path length after shifting suffix: 47
[Waiting_time_Solve] path length after inserting segment path: 47
[Waiting_time_Solve] inserting following segments
[Waiting_time_Solve] curren pos_it: 1
[Waiting_time_Solve] pushing new path into current solution
[Waiting_time_Solve] New path is consistent after applying waiting time for agent 21
[Current_Solution] Agent 21 used 2 waiting timesteps, 36 remaining
[Waiting_time_Solve] Applied 2 waiting time to segment 21 for agent 21
[Waiting_time_Solve] Applying waiting time delta 2 to segment 35
[Waiting_time_Solve] Original id: 35
[Create_Local_Problem] MDD already aligned to the time window
[Waiting_time_Solve] Path length: 47
[Waiting_time_Solve] Makespan: 46
[Waiting_time_Solve] Segment exit time: 7
[Waiting_time_Solve] Path length after shifting suffix: 47
[Waiting_time_Solve] path length after inserting segment path: 47
[Waiting_time_Solve] inserting following segments
[Waiting_time_Solve] curren pos_it: 3
[Waiting_time_Solve] pushing new path into current solution
[Waiting_time_Solve] New path is consistent after applying waiting time for agent 35
[Current_Solution] Agent 35 used 2 waiting timesteps, 14 remaining
[Waiting_time_Solve] Applied 2 waiting time to segment 35 for agent 35
[Waiting_time_Solve] Waiting time applied
[Waiting_time_Solve] Extended Zone end time from 6 to 8
[Create_Local_Problem] Agent 21 is being scanned from timestep 7 to 8
[Create_Local_problem] Agent 21 contiguous intervals: [7, 8] 
[Create_Local_problem] Agent 21 exited the zone at exit time 8
[Create_Local_Problem] Agent 21 is already extended to the end of the previous zone: 8
[Create_Local_Problem] Agent 35 is being scanned from timestep 7 to 8
[Create_Local_problem] Agent 35 contiguous intervals: [7, 7] 
[Create_Local_problem] Agent 35 exited the zone at exit time 7
[Create_Local_Problem] Agent 35 is already extended to the end of the previous zone: 7
[Waiting_time_Solve] Iteration 2...
[SAT] Start solving CNF: 149 clauses and 51 variables
[SAT] Solving local zone with SAT iteration 1...
[SAT] Local CNF: 153 clauses 

DEBUG: Adding 153 new clauses to MiniSAT (incremental run)
DEBUG: Clause load summary: input=153, added=153, tautologies_skipped=0, duplicates_skipped=0, unit_clauses=10, empties=0, intra_clause_literals_removed=0, added_but_db_unchanged=13
DEBUG: After adding clauses, solver has 130 clauses and 51 variables
DEBUG: MiniSAT found 51 variables
DEBUG: Assignment size: 51
DEBUG: First few assignment values: 1 0 1 0 1 0 0 0 0 1 

=== DEBUG: cnf_assignment_to_paths ===
Input assignment size: 51

=== END DEBUG ===
[SAT] Found 1 vertex collisions and 2 edge collisions
[SAT] Adding collision clauses and solving again...
[SAT] Solving local zone with SAT iteration 2...
[SAT] Local CNF: 156 clauses 

DEBUG: Adding 3 new clauses to MiniSAT (incremental run)
DEBUG: Clause load summary: input=3, added=3, tautologies_skipped=0, duplicates_skipped=0, unit_clauses=0, empties=0, intra_clause_literals_removed=0, added_but_db_unchanged=2
DEBUG: After adding clauses, solver has 125 clauses and 51 variables
DEBUG: MiniSAT found 51 variables
DEBUG: Assignment size: 51
DEBUG: First few assignment values: 1 0 1 0 0 1 0 0 0 0 

=== DEBUG: cnf_assignment_to_paths ===
Input assignment size: 51

=== END DEBUG ===
[SAT] Found 1 vertex collisions and 0 edge collisions
[SAT] Adding collision clauses and solving again...
[SAT] Solving local zone with SAT iteration 3...
[SAT] Local CNF: 157 clauses 

DEBUG: Adding 1 new clauses to MiniSAT (incremental run)
DEBUG: Clause load summary: input=1, added=1, tautologies_skipped=0, duplicates_skipped=0, unit_clauses=0, empties=0, intra_clause_literals_removed=0, added_but_db_unchanged=1
DEBUG: After adding clauses, solver has 125 clauses and 51 variables
DEBUG: MiniSAT found 51 variables
DEBUG: Assignment size: 51
DEBUG: First few assignment values: 1 0 1 0 0 0 1 0 0 0 

=== DEBUG: cnf_assignment_to_paths ===
Input assignment size: 51

=== END DEBUG ===
[SAT] Found 0 vertex collisions and 0 edge collisions
[SAT] Found collision-free local solution!
[Waiting_time_Solve] Solution found, updating global solution
[LNS] Updating global solution with pseudo-agent local paths...
[Current_Solution] Updating global solution for agent 35
[Current_Solution] INFO: Segment 35 exit adjusted from 5 to 7 due to waiting time
[Current_Solution] Segment 35 lengthened by 2 timesteps; shifting suffix
[Current_Solution] Global solution is consistent before shifting suffix
[Current_Solution] Global solution is consistent after shifting suffix
[Current_Solution] Global solution is consistent after updating with local path
[LNS] Successfully updated global solution with pseudo-agent local paths!
[Current_Solution] Updating global solution for agent 27
[Current_Solution] INFO: Segment 27 exit adjusted from 5 to 6 due to waiting time
[Current_Solution] Segment 27 lengthened by 1 timesteps; shifting suffix
[Current_Solution] Global solution is consistent before shifting suffix
[Current_Solution] Global solution is consistent after shifting suffix
[Current_Solution] Global solution is consistent after updating with local path
[LNS] Successfully updated global solution with pseudo-agent local paths!
[Current_Solution] Updating global solution for agent 21
[Current_Solution] INFO: Segment 21 exit adjusted from 5 to 8 due to waiting time
[Current_Solution] Segment 21 lengthened by 3 timesteps; shifting suffix
[Current_Solution] Global solution is consistent before shifting suffix
[Current_Solution] Global solution is consistent after shifting suffix
[Current_Solution] Global solution is consistent after updating with local path
[LNS] Successfully updated global solution with pseudo-agent local paths!
[Current_Solution] Updating global solution for agent 5
[Current_Solution] Global solution is consistent after updating with local path
[LNS] Successfully updated global solution with pseudo-agent local paths!
[LNS] Updating path map with new local paths...
[LNS] Successfully updated global solution with local paths and pseudo agents!
[Solve_local_zone] Successfully solved local zone
[LNS] Successfully solved local zone
[LNS] Analyzing conflicts...
[LNS] Current solution: vertex collisions=94, edge collisions=19
[LNS] Creating conflict buckets...
[LOCAL ZONE] Building diamond bucket for conflict 0
[LOCAL ZONE] Built diamond bucket for conflict 0 with 5 positions, 1 conflicts, 4 - 4 time window
[LOCAL ZONE] Building diamond bucket for conflict 1
[LOCAL ZONE] Built diamond bucket for conflict 1 with 14 positions, 4 conflicts, 4 - 7 time window
[LOCAL ZONE] Building diamond bucket for conflict 94
[LOCAL ZONE] Built diamond bucket for conflict 94 with 7 positions, 1 conflicts, 4 - 4 time window
[LOCAL ZONE] Building diamond bucket for conflict 95
[LOCAL ZONE] Built diamond bucket for conflict 95 with 6 positions, 1 conflicts, 4 - 4 time window
[LNS] Selected most relevant bucket 1 with time window: 4 - 7, 4 conflicts and 14 positions.
[LNS] Solving the best bucket Local Zone...
[Solve_local_zone] Current local zone size: 14 (1.51844% of all walkable positions)
[Solve_local_zone] Local zone time window: [3, 8]
[Create_Local_problem] Agent 0 contiguous intervals: [3, 8] 
[Create_Local_problem] Agent 0 exited the zone at exit time 8
[Create_Local_problem] Agent 30 contiguous intervals: [8, 8] 
[Create_Local_problem] Agent 30 exited the zone at exit time 8
[Create_Local_problem] Agent 32 contiguous intervals: [3, 6] 
[Create_Local_problem] Agent 32 exited the zone at exit time 6
[Create_Local_problem] Agent 60 contiguous intervals: [3, 5] 
[Create_Local_problem] Agent 60 exited the zone at exit time 5
[Create_Local_problem] Agent 77 contiguous intervals: [3, 8] 
[Create_Local_problem] Agent 77 exited the zone at exit time 8
[Waiting_time_Solve] Total available waiting time: 1954
[Waiting_time_Solve] Iteration 0...
[SAT] Start solving CNF: 49 clauses and 26 variables
[SAT] Solving local zone with SAT iteration 1...
[SAT] Local CNF: 49 clauses 

DEBUG: Adding 49 new clauses to MiniSAT (incremental run)
DEBUG: Clause load summary: input=49, added=49, tautologies_skipped=0, duplicates_skipped=0, unit_clauses=16, empties=0, intra_clause_literals_removed=0, added_but_db_unchanged=12
DEBUG: After adding clauses, solver has 21 clauses and 26 variables
DEBUG: MiniSAT found 26 variables
DEBUG: Assignment size: 26
DEBUG: First few assignment values: 1 0 1 0 1 0 0 1 0 1 

=== DEBUG: cnf_assignment_to_paths ===
Input assignment size: 26

=== END DEBUG ===
[SAT] Found 4 vertex collisions and 0 edge collisions
[SAT] Adding collision clauses and solving again...
[SAT] Solving local zone with SAT iteration 2...
[SAT] Local CNF: 53 clauses 

DEBUG: Adding 4 new clauses to MiniSAT (incremental run)
[SAT] Local problem is unsatisfiable after 2 iterations
[SAT] Local problem appears to be unsatisfiable in current zone
[Waiting_time_Solve] No solution found, trying to apply waiting time:1
[Waiting_time_Solve] Applying waiting time delta 1 to segment 77
[Waiting_time_Solve] Original id: 77
[Create_Local_Problem] MDD already aligned to the time window
[Waiting_time_Solve] Path length: 47
[Waiting_time_Solve] Makespan: 46
[Waiting_time_Solve] Segment exit time: 9
[Waiting_time_Solve] Path length after shifting suffix: 47
[Waiting_time_Solve] path length after inserting segment path: 47
[Waiting_time_Solve] inserting following segments
[Waiting_time_Solve] curren pos_it: 4
[Waiting_time_Solve] pushing new path into current solution
[Waiting_time_Solve] New path is consistent after applying waiting time for agent 77
[Current_Solution] Agent 77 used 1 waiting timesteps, 35 remaining
[Waiting_time_Solve] Applied 1 waiting time to segment 77 for agent 77
[Waiting_time_Solve] Waiting time applied
[Waiting_time_Solve] Extended Zone end time from 8 to 9
[Create_Local_Problem] Agent 8 is being scanned from timestep 9 to 9
[Create_Local_problem] Agent 8 contiguous intervals: [9, 9] 
[Create_Local_problem] Agent 8 exited the zone at exit time 9
[Create_Local_Problem] Agent 8 is new in the zone
[Create_Local_Problem] Agent 30 is being scanned from timestep 9 to 9
[Create_Local_problem] Agent 30 contiguous intervals: [9, 9] 
[Create_Local_problem] Agent 30 exited the zone at exit time 9
[Create_Local_Problem] Agent 30 is continuing in the zone until timestep 9
[Create_Local_Problem] Agent 30old segment entry, exit: 8, 8
[Create_Local_Problem] Agent 30new segment entry, exit: 9, 9
[Create_Local_Problem] Agent 77 is being scanned from timestep 9 to 9
[Create_Local_problem] Agent 77 contiguous intervals: [9, 9] 
[Create_Local_problem] Agent 77 exited the zone at exit time 9
[Create_Local_Problem] Agent 77 is already extended to the end of the previous zone: 9
[Waiting_time_Solve] Iteration 1...
[SAT] Start solving CNF: 98 clauses and 40 variables
[SAT] Solving local zone with SAT iteration 1...
[SAT] Local CNF: 102 clauses 

DEBUG: Adding 102 new clauses to MiniSAT (incremental run)
DEBUG: Clause load summary: input=102, added=102, tautologies_skipped=0, duplicates_skipped=0, unit_clauses=18, empties=0, intra_clause_literals_removed=0, added_but_db_unchanged=18
DEBUG: After adding clauses, solver has 66 clauses and 40 variables
DEBUG: MiniSAT found 40 variables
DEBUG: Assignment size: 40
DEBUG: First few assignment values: 1 0 0 1 0 0 1 0 0 0 

=== DEBUG: cnf_assignment_to_paths ===
Input assignment size: 40

=== END DEBUG ===
[SAT] Found 0 vertex collisions and 0 edge collisions
[SAT] Found collision-free local solution!
[Waiting_time_Solve] Solution found, updating global solution
[LNS] Updating global solution with pseudo-agent local paths...
[Current_Solution] Updating global solution for agent 77
[Current_Solution] INFO: Segment 77 exit adjusted from 8 to 9 due to waiting time
[Current_Solution] Segment 77 lengthened by 1 timesteps; shifting suffix
[Current_Solution] Global solution is consistent before shifting suffix
[Current_Solution] Global solution is consistent after shifting suffix
[Current_Solution] Global solution is consistent after updating with local path
[LNS] Successfully updated global solution with pseudo-agent local paths!
[Current_Solution] Updating global solution for agent 8
[Current_Solution] Global solution is consistent after updating with local path
[LNS] Successfully updated global solution with pseudo-agent local paths!
[Current_Solution] Updating global solution for agent 60
[Current_Solution] Global solution is consistent after updating with local path
[LNS] Successfully updated global solution with pseudo-agent local paths!
[Current_Solution] Updating global solution for agent 32
[Current_Solution] Global solution is consistent after updating with local path
[LNS] Successfully updated global solution with pseudo-agent local paths!
[Current_Solution] Updating global solution for agent 30
[Current_Solution] INFO: Segment 30 exit adjusted from 8 to 9 due to waiting time
[Current_Solution] Segment 30 lengthened by 1 timesteps; shifting suffix
[Current_Solution] Global solution is consistent before shifting suffix
[Current_Solution] Global solution is consistent after shifting suffix
[Current_Solution] Global solution is consistent after updating with local path
[LNS] Successfully updated global solution with pseudo-agent local paths!
[Current_Solution] Updating global solution for agent 0
[Current_Solution] Global solution is consistent after updating with local path
[LNS] Successfully updated global solution with pseudo-agent local paths!
[LNS] Updating path map with new local paths...
[LNS] Successfully updated global solution with local paths and pseudo agents!
[Solve_local_zone] Successfully solved local zone
[LNS] Successfully solved local zone
[LNS] Analyzing conflicts...
[LNS] Current solution: vertex collisions=90, edge collisions=19
[LNS] Creating conflict buckets...
[LOCAL ZONE] Building diamond bucket for conflict 0
[LOCAL ZONE] Built diamond bucket for conflict 0 with 5 positions, 1 conflicts, 4 - 4 time window
[LOCAL ZONE] Building diamond bucket for conflict 90
[LOCAL ZONE] Built diamond bucket for conflict 90 with 7 positions, 1 conflicts, 4 - 4 time window
[LOCAL ZONE] Building diamond bucket for conflict 91
[LOCAL ZONE] Built diamond bucket for conflict 91 with 6 positions, 1 conflicts, 4 - 4 time window
[LNS] Selected most relevant bucket 90 with time window: 4 - 4, 1 conflicts and 7 positions.
[LNS] Solving the best bucket Local Zone...
[Solve_local_zone] Current local zone size: 7 (0.759219% of all walkable positions)
[Solve_local_zone] Local zone time window: [3, 5]
[Create_Local_problem] Agent 36 contiguous intervals: [3, 5] 
[Create_Local_problem] Agent 36 exited the zone at exit time 5
[Create_Local_problem] Agent 40 contiguous intervals: [3, 5] 
[Create_Local_problem] Agent 40 exited the zone at exit time 5
[Create_Local_problem] Agent 47 contiguous intervals: [5, 5] 
[Create_Local_problem] Agent 47 exited the zone at exit time 5
[Waiting_time_Solve] Total available waiting time: 1953
[Waiting_time_Solve] Iteration 0...
[SAT] Start solving CNF: 11 clauses and 7 variables
[SAT] Solving local zone with SAT iteration 1...
[SAT] Local CNF: 11 clauses 

DEBUG: Adding 11 new clauses to MiniSAT (incremental run)
DEBUG: Clause load summary: input=11, added=11, tautologies_skipped=0, duplicates_skipped=0, unit_clauses=7, empties=0, intra_clause_literals_removed=0, added_but_db_unchanged=4
DEBUG: After adding clauses, solver has 0 clauses and 7 variables
DEBUG: MiniSAT found 7 variables
DEBUG: Assignment size: 7
DEBUG: First few assignment values: 1 1 1 1 1 1 1 

=== DEBUG: cnf_assignment_to_paths ===
Input assignment size: 7

=== END DEBUG ===
[SAT] Found 0 vertex collisions and 1 edge collisions
[SAT] Adding collision clauses and solving again...
[SAT] Solving local zone with SAT iteration 2...
[SAT] Local CNF: 12 clauses 

DEBUG: Adding 1 new clauses to MiniSAT (incremental run)
[SAT] Local problem is unsatisfiable after 2 iterations
[SAT] Local problem appears to be unsatisfiable in current zone
[Waiting_time_Solve] No solution found, trying to apply waiting time:1
[Waiting_time_Solve] Applying waiting time delta 1 to segment 36
[Waiting_time_Solve] Original id: 36
[Create_Local_Problem] MDD already aligned to the time window
[Waiting_time_Solve] Path length: 47
[Waiting_time_Solve] Makespan: 46
[Waiting_time_Solve] Segment exit time: 6
[Waiting_time_Solve] Path length after shifting suffix: 47
[Waiting_time_Solve] path length after inserting segment path: 47
[Waiting_time_Solve] inserting following segments
[Waiting_time_Solve] curren pos_it: 0
[Waiting_time_Solve] pushing new path into current solution
[Waiting_time_Solve] New path is consistent after applying waiting time for agent 36
[Current_Solution] Agent 36 used 1 waiting timesteps, 37 remaining
[Waiting_time_Solve] Applied 1 waiting time to segment 36 for agent 36
[Waiting_time_Solve] Waiting time applied
[Waiting_time_Solve] Extended Zone end time from 5 to 6
[Create_Local_Problem] Agent 3 is being scanned from timestep 6 to 6
[Create_Local_problem] Agent 3 contiguous intervals: [6, 6] 
[Create_Local_problem] Agent 3 exited the zone at exit time 6
[Create_Local_Problem] Agent 3 is new in the zone
[Create_Local_Problem] Agent 36 is being scanned from timestep 6 to 6
[Create_Local_problem] Agent 36 contiguous intervals: [6, 6] 
[Create_Local_problem] Agent 36 exited the zone at exit time 6
[Create_Local_Problem] Agent 36 is already extended to the end of the previous zone: 6
[Create_Local_Problem] Agent 40 is being scanned from timestep 6 to 6
[Create_Local_problem] Agent 40 contiguous intervals: [6, 6] 
[Create_Local_problem] Agent 40 exited the zone at exit time 6
[Create_Local_Problem] Agent 40 is continuing in the zone until timestep 6
[Create_Local_Problem] Agent 40old segment entry, exit: 3, 5
[Create_Local_Problem] Agent 40new segment entry, exit: 6, 6
[Waiting_time_Solve] Iteration 1...
[SAT] Start solving CNF: 22 clauses and 13 variables
[SAT] Solving local zone with SAT iteration 1...
[SAT] Local CNF: 23 clauses 

DEBUG: Adding 23 new clauses to MiniSAT (incremental run)
DEBUG: Clause load summary: input=23, added=23, tautologies_skipped=0, duplicates_skipped=0, unit_clauses=7, empties=0, intra_clause_literals_removed=0, added_but_db_unchanged=5
DEBUG: After adding clauses, solver has 11 clauses and 13 variables
DEBUG: MiniSAT found 13 variables
DEBUG: Assignment size: 13
DEBUG: First few assignment values: 1 1 1 1 0 1 1 1 0 1 

=== DEBUG: cnf_assignment_to_paths ===
Input assignment size: 13

=== END DEBUG ===
[SAT] Found 2 vertex collisions and 0 edge collisions
[SAT] Adding collision clauses and solving again...
[SAT] Solving local zone with SAT iteration 2...
[SAT] Local CNF: 25 clauses 

DEBUG: Adding 2 new clauses to MiniSAT (incremental run)
[SAT] Local problem is unsatisfiable after 2 iterations
[SAT] Local problem appears to be unsatisfiable in current zone
[Waiting_time_Solve] No solution found, trying to apply waiting time:2
[Waiting_time_Solve] Applying waiting time delta 2 to segment 40
[Waiting_time_Solve] Original id: 40
[Create_Local_Problem] MDD already aligned to the time window
[Waiting_time_Solve] Path length: 47
[Waiting_time_Solve] Makespan: 46
[Waiting_time_Solve] Segment exit time: 8
[Waiting_time_Solve] Path length after shifting suffix: 47
[Waiting_time_Solve] path length after inserting segment path: 47
[Waiting_time_Solve] inserting following segments
[Waiting_time_Solve] curren pos_it: 1
[Waiting_time_Solve] pushing new path into current solution
[Waiting_time_Solve] New path is consistent after applying waiting time for agent 40
[Current_Solution] Agent 40 used 2 waiting timesteps, 18 remaining
[Waiting_time_Solve] Applied 2 waiting time to segment 40 for agent 40
[Waiting_time_Solve] Waiting time applied
[Waiting_time_Solve] Extended Zone end time from 6 to 8
[Create_Local_Problem] Agent 3 is being scanned from timestep 7 to 8
[Create_Local_problem] Agent 3 contiguous intervals: [7, 8] 
[Create_Local_problem] Agent 3 exited the zone at exit time 8
[Create_Local_Problem] Agent 3 is continuing in the zone until timestep 8
[Create_Local_Problem] Agent 3old segment entry, exit: 6, 6
[Create_Local_Problem] Agent 3new segment entry, exit: 7, 8
[Create_Local_Problem] Agent 36 is being scanned from timestep 7 to 8
[Create_Local_problem] Agent 36 contiguous intervals: [7, 7] 
[Create_Local_problem] Agent 36 exited the zone at exit time 7
[Create_Local_Problem] Agent 36 is continuing in the zone until timestep 7
[Create_Local_Problem] Agent 36old segment entry, exit: 3, 6
[Create_Local_Problem] Agent 36new segment entry, exit: 7, 7
[Create_Local_Problem] Agent 40 is being scanned from timestep 7 to 8
[Create_Local_problem] Agent 40 contiguous intervals: [7, 8] 
[Create_Local_problem] Agent 40 exited the zone at exit time 8
[Create_Local_Problem] Agent 40 is already extended to the end of the previous zone: 8
[Create_Local_Problem] Agent 49 is being scanned from timestep 7 to 8
[Create_Local_problem] Agent 49 contiguous intervals: [7, 8] 
[Create_Local_problem] Agent 49 exited the zone at exit time 8
[Create_Local_Problem] Agent 49 is new in the zone
[Waiting_time_Solve] Iteration 2...
[SAT] Start solving CNF: 71 clauses and 31 variables
[SAT] Solving local zone with SAT iteration 1...
[SAT] Local CNF: 74 clauses 

DEBUG: Adding 74 new clauses to MiniSAT (incremental run)
DEBUG: Clause load summary: input=74, added=74, tautologies_skipped=0, duplicates_skipped=0, unit_clauses=10, empties=0, intra_clause_literals_removed=0, added_but_db_unchanged=9
DEBUG: After adding clauses, solver has 55 clauses and 31 variables
DEBUG: MiniSAT found 31 variables
DEBUG: Assignment size: 31
DEBUG: First few assignment values: 1 1 1 1 1 0 1 0 0 1 

=== DEBUG: cnf_assignment_to_paths ===
Input assignment size: 31

=== END DEBUG ===
[SAT] Found 1 vertex collisions and 2 edge collisions
[SAT] Adding collision clauses and solving again...
[SAT] Solving local zone with SAT iteration 2...
[SAT] Local CNF: 77 clauses 

DEBUG: Adding 3 new clauses to MiniSAT (incremental run)
[SAT] Local problem is unsatisfiable after 2 iterations
[SAT] Local problem appears to be unsatisfiable in current zone
[Waiting_time_Solve] No solution found, trying to apply waiting time:3
[Waiting_time_Solve] Applying waiting time delta 3 to segment 40
[Waiting_time_Solve] Original id: 40
[Create_Local_Problem] MDD already aligned to the time window
[Waiting_time_Solve] Path length: 47
[Waiting_time_Solve] Makespan: 46
[Waiting_time_Solve] Segment exit time: 11
[Waiting_time_Solve] Path length after shifting suffix: 47
[Waiting_time_Solve] path length after inserting segment path: 47
[Waiting_time_Solve] inserting following segments
[Waiting_time_Solve] curren pos_it: 1
[Waiting_time_Solve] pushing new path into current solution
[Waiting_time_Solve] New path is consistent after applying waiting time for agent 40
[Current_Solution] Agent 40 used 3 waiting timesteps, 15 remaining
[Waiting_time_Solve] Applied 3 waiting time to segment 40 for agent 40
[Waiting_time_Solve] Applying waiting time delta 3 to segment 49
[Waiting_time_Solve] Original id: 49
[Create_Local_Problem] MDD already aligned to the time window
[Waiting_time_Solve] Path length: 47
[Waiting_time_Solve] Makespan: 46
[Waiting_time_Solve] Segment exit time: 11
[Waiting_time_Solve] Path length after shifting suffix: 47
[Waiting_time_Solve] path length after inserting segment path: 47
[Waiting_time_Solve] inserting following segments
[Waiting_time_Solve] curren pos_it: 4
[Waiting_time_Solve] pushing new path into current solution
[Waiting_time_Solve] New path is consistent after applying waiting time for agent 49
[Current_Solution] Agent 49 used 3 waiting timesteps, 33 remaining
[Waiting_time_Solve] Applied 3 waiting time to segment 49 for agent 49
[Waiting_time_Solve] Waiting time applied
[Waiting_time_Solve] Extended Zone end time from 8 to 11
[Create_Local_Problem] Agent 40 is being scanned from timestep 9 to 11
[Create_Local_problem] Agent 40 contiguous intervals: [9, 11] 
[Create_Local_problem] Agent 40 exited the zone at exit time 11
[Create_Local_Problem] Agent 40 is already extended to the end of the previous zone: 11
[Create_Local_Problem] Agent 49 is being scanned from timestep 9 to 11
[Create_Local_problem] Agent 49 contiguous intervals: [9, 11] 
[Create_Local_problem] Agent 49 exited the zone at exit time 11
[Create_Local_Problem] Agent 49 is already extended to the end of the previous zone: 11
[Waiting_time_Solve] Iteration 3...
[SAT] Start solving CNF: 194 clauses and 64 variables
[SAT] Solving local zone with SAT iteration 1...
[SAT] Local CNF: 200 clauses 

DEBUG: Adding 200 new clauses to MiniSAT (incremental run)
DEBUG: Clause load summary: input=200, added=200, tautologies_skipped=0, duplicates_skipped=0, unit_clauses=10, empties=0, intra_clause_literals_removed=0, added_but_db_unchanged=16
DEBUG: After adding clauses, solver has 174 clauses and 64 variables
DEBUG: MiniSAT found 64 variables
DEBUG: Assignment size: 64
DEBUG: First few assignment values: 1 1 1 1 1 0 1 0 0 0 

=== DEBUG: cnf_assignment_to_paths ===
Input assignment size: 64

=== END DEBUG ===
[SAT] Found 2 vertex collisions and 0 edge collisions
[SAT] Adding collision clauses and solving again...
[SAT] Solving local zone with SAT iteration 2...
[SAT] Local CNF: 202 clauses 

DEBUG: Adding 2 new clauses to MiniSAT (incremental run)
[SAT] Previous assignment invalidated by new clauses, retrying without assumptions...
DEBUG: Adding 0 new clauses to MiniSAT (incremental run)
DEBUG: Clause load summary: input=0, added=0, tautologies_skipped=0, duplicates_skipped=0, unit_clauses=0, empties=0, intra_clause_literals_removed=0, added_but_db_unchanged=0
DEBUG: After adding clauses, solver has 160 clauses and 64 variables
[SAT] Local problem is unsatisfiable after 2 iterations
[SAT] Local problem appears to be unsatisfiable in current zone
[Waiting_time_Solve] No solution found, trying to apply waiting time:4
[Waiting_time_Solve] Applying waiting time delta 4 to segment 49
[Waiting_time_Solve] Original id: 49
[Create_Local_Problem] MDD already aligned to the time window
[Waiting_time_Solve] Path length: 47
[Waiting_time_Solve] Makespan: 46
[Waiting_time_Solve] Segment exit time: 15
[Waiting_time_Solve] Path length after shifting suffix: 47
[Waiting_time_Solve] path length after inserting segment path: 47
[Waiting_time_Solve] inserting following segments
[Waiting_time_Solve] curren pos_it: 4
[Waiting_time_Solve] pushing new path into current solution
[Waiting_time_Solve] New path is consistent after applying waiting time for agent 49
[Current_Solution] Agent 49 used 4 waiting timesteps, 29 remaining
[Waiting_time_Solve] Applied 4 waiting time to segment 49 for agent 49
[Waiting_time_Solve] Applying waiting time delta 4 to segment 36
[Waiting_time_Solve] Original id: 36
[Create_Local_Problem] MDD already aligned to the time window
[Waiting_time_Solve] Path length: 47
[Waiting_time_Solve] Makespan: 46
[Waiting_time_Solve] Segment exit time: 11
[Waiting_time_Solve] Path length after shifting suffix: 47
[Waiting_time_Solve] path length after inserting segment path: 47
[Waiting_time_Solve] inserting following segments
[Waiting_time_Solve] curren pos_it: 0
[Waiting_time_Solve] pushing new path into current solution
[Waiting_time_Solve] New path is consistent after applying waiting time for agent 36
[Current_Solution] Agent 36 used 4 waiting timesteps, 33 remaining
[Waiting_time_Solve] Applied 4 waiting time to segment 36 for agent 36
[Waiting_time_Solve] Waiting time applied
[Waiting_time_Solve] Extended Zone end time from 11 to 15
[Create_Local_Problem] Agent 49 is being scanned from timestep 12 to 15
[Create_Local_problem] Agent 49 contiguous intervals: [12, 15] 
[Create_Local_problem] Agent 49 exited the zone at exit time 15
[Create_Local_Problem] Agent 49 is already extended to the end of the previous zone: 15
[Waiting_time_Solve] Iteration 4...
[SAT] Start solving CNF: 420 clauses and 120 variables
[SAT] Solving local zone with SAT iteration 1...
[SAT] Local CNF: 428 clauses 

DEBUG: Adding 428 new clauses to MiniSAT (incremental run)
[SAT] Local problem is unsatisfiable after 1 iterations
[SAT] Local problem appears to be unsatisfiable in current zone
[Waiting_time_Solve] No solution found, trying to apply waiting time:5
[Waiting_time_Solve] No waiting time applied
[Waiting_time_Solve] No solution found
[Waiting_time_Solve] Restoring original paths
[Waiting_time_Solve] Restoring waiting times
[Current_Solution] Restored waiting times from backup
[Current_Solution] Restored paths from backup
[Solve_local_zone] Zone with expansion factor 0failed
[Solve_local_zone] Expanding zone with offset 2 (original: 1)
[Solve_local_zone] Final expanded zone contains 16 positions with 1 conflicts 
[Solve_local_zone] New time window: [2, 6]
[Solve_local_zone] Current local zone size: 16 (1.73536% of all walkable positions)
[Solve_local_zone] Local zone time window: [2, 6]
[Create_Local_problem] Agent 3 contiguous intervals: [5, 6] 
[Create_Local_problem] Agent 3 exited the zone at exit time 6
[Create_Local_problem] Agent 7 contiguous intervals: [2, 3] 
[Create_Local_problem] Agent 7 exited the zone at exit time 3
[Create_Local_problem] Agent 30 contiguous intervals: [2, 3] 
[Create_Local_problem] Agent 30 exited the zone at exit time 3
[Create_Local_problem] Agent 36 contiguous intervals: [2, 6] 
[Create_Local_problem] Agent 36 exited the zone at exit time 6
[Create_Local_problem] Agent 40 contiguous intervals: [2, 6] 
[Create_Local_problem] Agent 40 exited the zone at exit time 6
[Create_Local_problem] Agent 47 contiguous intervals: [4, 6] 
[Create_Local_problem] Agent 47 exited the zone at exit time 6
[Create_Local_problem] Agent 49 contiguous intervals: [6, 6] 
[Create_Local_problem] Agent 49 exited the zone at exit time 6
[Create_Local_problem] Agent 56 contiguous intervals: [2, 2] 
[Create_Local_problem] Agent 56 exited the zone at exit time 2
[Waiting_time_Solve] Total available waiting time: 1953
[Waiting_time_Solve] Iteration 0...
[SAT] Start solving CNF: 38 clauses and 23 variables
[SAT] Solving local zone with SAT iteration 1...
[SAT] Local CNF: 38 clauses 

DEBUG: Adding 38 new clauses to MiniSAT (incremental run)
DEBUG: Clause load summary: input=38, added=38, tautologies_skipped=0, duplicates_skipped=0, unit_clauses=19, empties=0, intra_clause_literals_removed=0, added_but_db_unchanged=12
DEBUG: After adding clauses, solver has 7 clauses and 23 variables
DEBUG: MiniSAT found 23 variables
DEBUG: Assignment size: 23
DEBUG: First few assignment values: 1 1 1 1 1 0 1 1 0 1 

=== DEBUG: cnf_assignment_to_paths ===
Input assignment size: 23

=== END DEBUG ===
[SAT] Found 1 vertex collisions and 0 edge collisions
[SAT] Adding collision clauses and solving again...
[SAT] Solving local zone with SAT iteration 2...
[SAT] Local CNF: 39 clauses 

DEBUG: Adding 1 new clauses to MiniSAT (incremental run)
[SAT] Local problem is unsatisfiable after 2 iterations
[SAT] Local problem appears to be unsatisfiable in current zone
[Waiting_time_Solve] No solution found, trying to apply waiting time:1
[Waiting_time_Solve] Applying waiting time delta 1 to segment 40
[Waiting_time_Solve] Original id: 40
[Create_Local_Problem] MDD already aligned to the time window
[Waiting_time_Solve] Path length: 47
[Waiting_time_Solve] Makespan: 46
[Waiting_time_Solve] Segment exit time: 7
[Waiting_time_Solve] Path length after shifting suffix: 47
[Waiting_time_Solve] path length after inserting segment path: 47
[Waiting_time_Solve] inserting following segments
[Waiting_time_Solve] curren pos_it: 4
[Waiting_time_Solve] pushing new path into current solution
[Waiting_time_Solve] New path is consistent after applying waiting time for agent 40
[Current_Solution] Agent 40 used 1 waiting timesteps, 19 remaining
[Waiting_time_Solve] Applied 1 waiting time to segment 40 for agent 40
[Waiting_time_Solve] Waiting time applied
[Waiting_time_Solve] Extended Zone end time from 6 to 7
[Create_Local_Problem] Agent 3 is being scanned from timestep 7 to 7
[Create_Local_problem] Agent 3 contiguous intervals: [7, 7] 
[Create_Local_problem] Agent 3 exited the zone at exit time 7
[Create_Local_Problem] Agent 3 is continuing in the zone until timestep 7
[Create_Local_Problem] Agent 3old segment entry, exit: 5, 6
[Create_Local_Problem] Agent 3new segment entry, exit: 7, 7
[Create_Local_Problem] Agent 36 is being scanned from timestep 7 to 7
[Create_Local_problem] Agent 36 contiguous intervals: [7, 7] 
[Create_Local_problem] Agent 36 exited the zone at exit time 7
[Create_Local_Problem] Agent 36 is continuing in the zone until timestep 7
[Create_Local_Problem] Agent 36old segment entry, exit: 2, 6
[Create_Local_Problem] Agent 36new segment entry, exit: 7, 7
[Create_Local_Problem] Agent 40 is being scanned from timestep 7 to 7
[Create_Local_problem] Agent 40 contiguous intervals: [7, 7] 
[Create_Local_problem] Agent 40 exited the zone at exit time 7
[Create_Local_Problem] Agent 40 is already extended to the end of the previous zone: 7
[Create_Local_Problem] Agent 49 is being scanned from timestep 7 to 7
[Create_Local_problem] Agent 49 contiguous intervals: [7, 7] 
[Create_Local_problem] Agent 49 exited the zone at exit time 7
[Create_Local_Problem] Agent 49 is continuing in the zone until timestep 7
[Create_Local_Problem] Agent 49old segment entry, exit: 6, 6
[Create_Local_Problem] Agent 49new segment entry, exit: 7, 7
[Waiting_time_Solve] Iteration 1...
[SAT] Start solving CNF: 65 clauses and 34 variables
[SAT] Solving local zone with SAT iteration 1...
[SAT] Local CNF: 66 clauses 

DEBUG: Adding 66 new clauses to MiniSAT (incremental run)
DEBUG: Clause load summary: input=66, added=66, tautologies_skipped=0, duplicates_skipped=0, unit_clauses=20, empties=0, intra_clause_literals_removed=0, added_but_db_unchanged=15
DEBUG: After adding clauses, solver has 31 clauses and 34 variables
DEBUG: MiniSAT found 34 variables
DEBUG: Assignment size: 34
DEBUG: First few assignment values: 1 1 1 1 0 1 0 0 1 0 

=== DEBUG: cnf_assignment_to_paths ===
Input assignment size: 34

=== END DEBUG ===
[SAT] Found 0 vertex collisions and 0 edge collisions
[SAT] Found collision-free local solution!
[Waiting_time_Solve] Solution found, updating global solution
[LNS] Updating global solution with pseudo-agent local paths...
[Current_Solution] Updating global solution for agent 47
[Current_Solution] Global solution is consistent after updating with local path
[LNS] Successfully updated global solution with pseudo-agent local paths!
[Current_Solution] Updating global solution for agent 40
[Current_Solution] INFO: Segment 40 exit adjusted from 6 to 7 due to waiting time
[Current_Solution] Segment 40 lengthened by 1 timesteps; shifting suffix
[Current_Solution] Global solution is consistent before shifting suffix
[Current_Solution] Global solution is consistent after shifting suffix
[Current_Solution] Global solution is consistent after updating with local path
[LNS] Successfully updated global solution with pseudo-agent local paths!
[Current_Solution] Updating global solution for agent 49
[Current_Solution] INFO: Segment 49 exit adjusted from 6 to 7 due to waiting time
[Current_Solution] Segment 49 lengthened by 1 timesteps; shifting suffix
[Current_Solution] Global solution is consistent before shifting suffix
[Current_Solution] Global solution is consistent after shifting suffix
[Current_Solution] Global solution is consistent after updating with local path
[LNS] Successfully updated global solution with pseudo-agent local paths!
[Current_Solution] Updating global solution for agent 36
[Current_Solution] INFO: Segment 36 exit adjusted from 6 to 7 due to waiting time
[Current_Solution] Segment 36 lengthened by 1 timesteps; shifting suffix
[Current_Solution] Global solution is consistent before shifting suffix
[Current_Solution] Global solution is consistent after shifting suffix
[Current_Solution] Global solution is consistent after updating with local path
[LNS] Successfully updated global solution with pseudo-agent local paths!
[Current_Solution] Updating global solution for agent 56
[Current_Solution] Global solution is consistent after updating with local path
[LNS] Successfully updated global solution with pseudo-agent local paths!
[Current_Solution] Updating global solution for agent 30
[Current_Solution] Global solution is consistent after updating with local path
[LNS] Successfully updated global solution with pseudo-agent local paths!
[Current_Solution] Updating global solution for agent 7
[Current_Solution] Global solution is consistent after updating with local path
[LNS] Successfully updated global solution with pseudo-agent local paths!
[Current_Solution] Updating global solution for agent 3
[Current_Solution] INFO: Segment 3 exit adjusted from 6 to 7 due to waiting time
[Current_Solution] Segment 3 lengthened by 1 timesteps; shifting suffix
[Current_Solution] Global solution is consistent before shifting suffix
[Current_Solution] Global solution is consistent after shifting suffix
[Current_Solution] Global solution is consistent after updating with local path
[LNS] Successfully updated global solution with pseudo-agent local paths!
[LNS] Updating path map with new local paths...
[LNS] Successfully updated global solution with local paths and pseudo agents!
[Solve_local_zone] Successfully solved local zone
[LNS] Successfully solved local zone
[LNS] Analyzing conflicts...
[LNS] Current solution: vertex collisions=89, edge collisions=18
[LNS] Creating conflict buckets...
[LOCAL ZONE] Building diamond bucket for conflict 0
[LOCAL ZONE] Built diamond bucket for conflict 0 with 5 positions, 1 conflicts, 4 - 4 time window
[LOCAL ZONE] Building diamond bucket for conflict 89
[LOCAL ZONE] Built diamond bucket for conflict 89 with 6 positions, 1 conflicts, 4 - 4 time window
[LNS] Selected most relevant bucket 89 with time window: 4 - 4, 1 conflicts and 6 positions.
[LNS] Solving the best bucket Local Zone...
[Solve_local_zone] Current local zone size: 6 (0.650759% of all walkable positions)
[Solve_local_zone] Local zone time window: [3, 5]
[Create_Local_problem] Agent 7 contiguous intervals: [3, 5] 
[Create_Local_problem] Agent 7 exited the zone at exit time 5
[Create_Local_problem] Agent 49 contiguous intervals: [3, 5] 
[Create_Local_problem] Agent 49 exited the zone at exit time 5
[Create_Local_problem] Agent 56 contiguous intervals: [5, 5] 
[Create_Local_problem] Agent 56 exited the zone at exit time 5
[Waiting_time_Solve] Total available waiting time: 1952
[Waiting_time_Solve] Iteration 0...
[SAT] Start solving CNF: 11 clauses and 7 variables
[SAT] Solving local zone with SAT iteration 1...
[SAT] Local CNF: 11 clauses 

DEBUG: Adding 11 new clauses to MiniSAT (incremental run)
DEBUG: Clause load summary: input=11, added=11, tautologies_skipped=0, duplicates_skipped=0, unit_clauses=7, empties=0, intra_clause_literals_removed=0, added_but_db_unchanged=4
DEBUG: After adding clauses, solver has 0 clauses and 7 variables
DEBUG: MiniSAT found 7 variables
DEBUG: Assignment size: 7
DEBUG: First few assignment values: 1 1 1 1 1 1 1 

=== DEBUG: cnf_assignment_to_paths ===
Input assignment size: 7

=== END DEBUG ===
[SAT] Found 0 vertex collisions and 1 edge collisions
[SAT] Adding collision clauses and solving again...
[SAT] Solving local zone with SAT iteration 2...
[SAT] Local CNF: 12 clauses 

DEBUG: Adding 1 new clauses to MiniSAT (incremental run)
[SAT] Local problem is unsatisfiable after 2 iterations
[SAT] Local problem appears to be unsatisfiable in current zone
[Waiting_time_Solve] No solution found, trying to apply waiting time:1
[Waiting_time_Solve] Applying waiting time delta 1 to segment 49
[Waiting_time_Solve] Original id: 49
[Create_Local_Problem] MDD already aligned to the time window
[Waiting_time_Solve] Path length: 47
[Waiting_time_Solve] Makespan: 46
[Waiting_time_Solve] Segment exit time: 6
[Waiting_time_Solve] Path length after shifting suffix: 47
[Waiting_time_Solve] path length after inserting segment path: 47
[Waiting_time_Solve] inserting following segments
[Waiting_time_Solve] curren pos_it: 1
[Waiting_time_Solve] pushing new path into current solution
[Waiting_time_Solve] New path is consistent after applying waiting time for agent 49
[Current_Solution] Agent 49 used 1 waiting timesteps, 35 remaining
[Waiting_time_Solve] Applied 1 waiting time to segment 49 for agent 49
[Waiting_time_Solve] Waiting time applied
[Waiting_time_Solve] Extended Zone end time from 5 to 6
[Create_Local_Problem] Agent 7 is being scanned from timestep 6 to 6
[Create_Local_problem] Agent 7 contiguous intervals: [6, 6] 
[Create_Local_problem] Agent 7 exited the zone at exit time 6
[Create_Local_Problem] Agent 7 is continuing in the zone until timestep 6
[Create_Local_Problem] Agent 7old segment entry, exit: 3, 5
[Create_Local_Problem] Agent 7new segment entry, exit: 6, 6
[Create_Local_Problem] Agent 46 is being scanned from timestep 6 to 6
[Create_Local_problem] Agent 46 contiguous intervals: [6, 6] 
[Create_Local_problem] Agent 46 exited the zone at exit time 6
[Create_Local_Problem] Agent 46 is new in the zone
[Create_Local_Problem] Agent 49 is being scanned from timestep 6 to 6
[Create_Local_problem] Agent 49 contiguous intervals: [6, 6] 
[Create_Local_problem] Agent 49 exited the zone at exit time 6
[Create_Local_Problem] Agent 49 is already extended to the end of the previous zone: 6
[Create_Local_Problem] Agent 56 is being scanned from timestep 6 to 6
[Create_Local_problem] Agent 56 contiguous intervals: [6, 6] 
[Create_Local_problem] Agent 56 exited the zone at exit time 6
[Create_Local_Problem] Agent 56 is continuing in the zone until timestep 6
[Create_Local_Problem] Agent 56old segment entry, exit: 5, 5
[Create_Local_Problem] Agent 56new segment entry, exit: 6, 6
[Waiting_time_Solve] Iteration 1...
[SAT] Start solving CNF: 22 clauses and 13 variables
[SAT] Solving local zone with SAT iteration 1...
[SAT] Local CNF: 23 clauses 

DEBUG: Adding 23 new clauses to MiniSAT (incremental run)
DEBUG: Clause load summary: input=23, added=23, tautologies_skipped=0, duplicates_skipped=0, unit_clauses=9, empties=0, intra_clause_literals_removed=0, added_but_db_unchanged=6
DEBUG: After adding clauses, solver has 8 clauses and 13 variables
DEBUG: MiniSAT found 13 variables
DEBUG: Assignment size: 13
DEBUG: First few assignment values: 1 1 1 0 1 0 1 1 1 1 

=== DEBUG: cnf_assignment_to_paths ===
Input assignment size: 13

=== END DEBUG ===
[SAT] Found 3 vertex collisions and 0 edge collisions
[SAT] Adding collision clauses and solving again...
[SAT] Solving local zone with SAT iteration 2...
[SAT] Local CNF: 26 clauses 

DEBUG: Adding 3 new clauses to MiniSAT (incremental run)
[SAT] Local problem is unsatisfiable after 2 iterations
[SAT] Local problem appears to be unsatisfiable in current zone
[Waiting_time_Solve] No solution found, trying to apply waiting time:2
[Waiting_time_Solve] Applying waiting time delta 2 to segment 46
[Waiting_time_Solve] Original id: 46
[Create_Local_Problem] MDD already aligned to the time window
[Waiting_time_Solve] Path length: 47
[Waiting_time_Solve] Makespan: 46
[Waiting_time_Solve] Segment exit time: 8
[Waiting_time_Solve] Path length after shifting suffix: 47
[Waiting_time_Solve] path length after inserting segment path: 47
[Waiting_time_Solve] inserting following segments
[Waiting_time_Solve] curren pos_it: 3
[Waiting_time_Solve] pushing new path into current solution
[Waiting_time_Solve] New path is consistent after applying waiting time for agent 46
[Current_Solution] Agent 46 used 2 waiting timesteps, 24 remaining
[Waiting_time_Solve] Applied 2 waiting time to segment 46 for agent 46
[Waiting_time_Solve] Applying waiting time delta 2 to segment 49
[Waiting_time_Solve] Original id: 49
[Create_Local_Problem] MDD already aligned to the time window
[Waiting_time_Solve] Path length: 47
[Waiting_time_Solve] Makespan: 46
[Waiting_time_Solve] Segment exit time: 8
[Waiting_time_Solve] Path length after shifting suffix: 47
[Waiting_time_Solve] path length after inserting segment path: 47
[Waiting_time_Solve] inserting following segments
[Waiting_time_Solve] curren pos_it: 1
[Waiting_time_Solve] pushing new path into current solution
[Waiting_time_Solve] New path is consistent after applying waiting time for agent 49
[Current_Solution] Agent 49 used 2 waiting timesteps, 33 remaining
[Waiting_time_Solve] Applied 2 waiting time to segment 49 for agent 49
[Waiting_time_Solve] Waiting time applied
[Waiting_time_Solve] Extended Zone end time from 6 to 8
[Create_Local_Problem] Agent 46 is being scanned from timestep 7 to 8
[Create_Local_problem] Agent 46 contiguous intervals: [7, 8] 
[Create_Local_problem] Agent 46 exited the zone at exit time 8
[Create_Local_Problem] Agent 46 is already extended to the end of the previous zone: 8
[Create_Local_Problem] Agent 49 is being scanned from timestep 7 to 8
[Create_Local_problem] Agent 49 contiguous intervals: [7, 8] 
[Create_Local_problem] Agent 49 exited the zone at exit time 8
[Create_Local_Problem] Agent 49 is already extended to the end of the previous zone: 8
[Create_Local_Problem] Agent 52 is being scanned from timestep 7 to 8
[Create_Local_problem] Agent 52 contiguous intervals: [7, 7] 
[Create_Local_problem] Agent 52 exited the zone at exit time 7
[Create_Local_Problem] Agent 52 is new in the zone
[Create_Local_Problem] Agent 56 is being scanned from timestep 7 to 8
[Create_Local_problem] Agent 56 contiguous intervals: [7, 8] 
[Create_Local_problem] Agent 56 exited the zone at exit time 8
[Create_Local_Problem] Agent 56 is continuing in the zone until timestep 8
[Create_Local_Problem] Agent 56old segment entry, exit: 5, 6
[Create_Local_Problem] Agent 56new segment entry, exit: 7, 8
[Waiting_time_Solve] Iteration 2...
[SAT] Start solving CNF: 73 clauses and 31 variables
[SAT] Solving local zone with SAT iteration 1...
[SAT] Local CNF: 77 clauses 

DEBUG: Adding 77 new clauses to MiniSAT (incremental run)
[SAT] Local problem is unsatisfiable after 1 iterations
[SAT] Local problem appears to be unsatisfiable in current zone
[Waiting_time_Solve] No solution found, trying to apply waiting time:3
[Waiting_time_Solve] No waiting time applied
[Waiting_time_Solve] No solution found
[Waiting_time_Solve] Restoring original paths
[Waiting_time_Solve] Restoring waiting times
[Current_Solution] Restored waiting times from backup
[Current_Solution] Restored paths from backup
[Solve_local_zone] Zone with expansion factor 0failed
[Solve_local_zone] Expanding zone with offset 2 (original: 1)
[Solve_local_zone] Final expanded zone contains 13 positions with 1 conflicts 
[Solve_local_zone] New time window: [2, 6]
[Solve_local_zone] Current local zone size: 13 (1.40998% of all walkable positions)
[Solve_local_zone] Local zone time window: [2, 6]
[Create_Local_problem] Agent 7 contiguous intervals: [2, 6] 
[Create_Local_problem] Agent 7 exited the zone at exit time 6
[Create_Local_problem] Agent 46 contiguous intervals: [5, 6] 
[Create_Local_problem] Agent 46 exited the zone at exit time 6
[Create_Local_problem] Agent 49 contiguous intervals: [2, 6] 
[Create_Local_problem] Agent 49 exited the zone at exit time 6
[Create_Local_problem] Agent 52 contiguous intervals: [6, 6] 
[Create_Local_problem] Agent 52 exited the zone at exit time 6
[Create_Local_problem] Agent 56 contiguous intervals: [4, 6] 
[Create_Local_problem] Agent 56 exited the zone at exit time 6
[Waiting_time_Solve] Total available waiting time: 1952
[Waiting_time_Solve] Iteration 0...
[SAT] Start solving CNF: 27 clauses and 16 variables
[SAT] Solving local zone with SAT iteration 1...
[SAT] Local CNF: 27 clauses 

DEBUG: Adding 27 new clauses to MiniSAT (incremental run)
DEBUG: Clause load summary: input=27, added=27, tautologies_skipped=0, duplicates_skipped=0, unit_clauses=16, empties=0, intra_clause_literals_removed=0, added_but_db_unchanged=11
DEBUG: After adding clauses, solver has 0 clauses and 16 variables
DEBUG: MiniSAT found 16 variables
DEBUG: Assignment size: 16
DEBUG: First few assignment values: 1 1 1 1 1 1 1 1 1 1 

=== DEBUG: cnf_assignment_to_paths ===
Input assignment size: 16

=== END DEBUG ===
[SAT] Found 1 vertex collisions and 1 edge collisions
[SAT] Adding collision clauses and solving again...
[SAT] Solving local zone with SAT iteration 2...
[SAT] Local CNF: 29 clauses 

DEBUG: Adding 2 new clauses to MiniSAT (incremental run)
[SAT] Local problem is unsatisfiable after 2 iterations
[SAT] Local problem appears to be unsatisfiable in current zone
[Waiting_time_Solve] No solution found, trying to apply waiting time:1
[Waiting_time_Solve] Applying waiting time delta 1 to segment 46
[Waiting_time_Solve] Original id: 46
[Create_Local_Problem] MDD already aligned to the time window
[Waiting_time_Solve] Path length: 47
[Waiting_time_Solve] Makespan: 46
[Waiting_time_Solve] Segment exit time: 7
[Waiting_time_Solve] Path length after shifting suffix: 47
[Waiting_time_Solve] path length after inserting segment path: 47
[Waiting_time_Solve] inserting following segments
[Waiting_time_Solve] curren pos_it: 1
[Waiting_time_Solve] pushing new path into current solution
[Waiting_time_Solve] New path is consistent after applying waiting time for agent 46
[Current_Solution] Agent 46 used 1 waiting timesteps, 25 remaining
[Waiting_time_Solve] Applied 1 waiting time to segment 46 for agent 46
[Waiting_time_Solve] Applying waiting time delta 1 to segment 49
[Waiting_time_Solve] Original id: 49
[Create_Local_Problem] MDD already aligned to the time window
[Waiting_time_Solve] Path length: 47
[Waiting_time_Solve] Makespan: 46
[Waiting_time_Solve] Segment exit time: 7
[Waiting_time_Solve] Path length after shifting suffix: 47
[Waiting_time_Solve] path length after inserting segment path: 47
[Waiting_time_Solve] inserting following segments
[Waiting_time_Solve] curren pos_it: 2
[Waiting_time_Solve] pushing new path into current solution
[Waiting_time_Solve] New path is consistent after applying waiting time for agent 49
[Current_Solution] Agent 49 used 1 waiting timesteps, 35 remaining
[Waiting_time_Solve] Applied 1 waiting time to segment 49 for agent 49
[Waiting_time_Solve] Waiting time applied
[Waiting_time_Solve] Extended Zone end time from 6 to 7
[Create_Local_Problem] Agent 7 is being scanned from timestep 7 to 7
[Create_Local_problem] Agent 7 contiguous intervals: [7, 7] 
[Create_Local_problem] Agent 7 exited the zone at exit time 7
[Create_Local_Problem] Agent 7 is continuing in the zone until timestep 7
[Create_Local_Problem] Agent 7old segment entry, exit: 2, 6
[Create_Local_Problem] Agent 7new segment entry, exit: 7, 7
[Create_Local_Problem] Agent 46 is being scanned from timestep 7 to 7
[Create_Local_problem] Agent 46 contiguous intervals: [7, 7] 
[Create_Local_problem] Agent 46 exited the zone at exit time 7
[Create_Local_Problem] Agent 46 is already extended to the end of the previous zone: 7
[Create_Local_Problem] Agent 49 is being scanned from timestep 7 to 7
[Create_Local_problem] Agent 49 contiguous intervals: [7, 7] 
[Create_Local_problem] Agent 49 exited the zone at exit time 7
[Create_Local_Problem] Agent 49 is already extended to the end of the previous zone: 7
[Create_Local_Problem] Agent 52 is being scanned from timestep 7 to 7
[Create_Local_problem] Agent 52 contiguous intervals: [7, 7] 
[Create_Local_problem] Agent 52 exited the zone at exit time 7
[Create_Local_Problem] Agent 52 is continuing in the zone until timestep 7
[Create_Local_Problem] Agent 52old segment entry, exit: 6, 6
[Create_Local_Problem] Agent 52new segment entry, exit: 7, 7
[Create_Local_Problem] Agent 56 is being scanned from timestep 7 to 7
[Create_Local_problem] Agent 56 contiguous intervals: [7, 7] 
[Create_Local_problem] Agent 56 exited the zone at exit time 7
[Create_Local_Problem] Agent 56 is continuing in the zone until timestep 7
[Create_Local_Problem] Agent 56old segment entry, exit: 4, 6
[Create_Local_Problem] Agent 56new segment entry, exit: 7, 7
[Waiting_time_Solve] Iteration 1...
[SAT] Start solving CNF: 47 clauses and 26 variables
[SAT] Solving local zone with SAT iteration 1...
[SAT] Local CNF: 49 clauses 

DEBUG: Adding 49 new clauses to MiniSAT (incremental run)
DEBUG: Clause load summary: input=49, added=49, tautologies_skipped=0, duplicates_skipped=0, unit_clauses=16, empties=0, intra_clause_literals_removed=0, added_but_db_unchanged=14
DEBUG: After adding clauses, solver has 19 clauses and 26 variables
DEBUG: MiniSAT found 26 variables
DEBUG: Assignment size: 26
DEBUG: First few assignment values: 1 1 1 1 1 1 1 0 1 0 

=== DEBUG: cnf_assignment_to_paths ===
Input assignment size: 26

=== END DEBUG ===
[SAT] Found 2 vertex collisions and 0 edge collisions
[SAT] Adding collision clauses and solving again...
[SAT] Solving local zone with SAT iteration 2...
[SAT] Local CNF: 51 clauses 

DEBUG: Adding 2 new clauses to MiniSAT (incremental run)
[SAT] Local problem is unsatisfiable after 2 iterations
[SAT] Local problem appears to be unsatisfiable in current zone
[Waiting_time_Solve] No solution found, trying to apply waiting time:2
[Waiting_time_Solve] Applying waiting time delta 2 to segment 49
[Waiting_time_Solve] Original id: 49
[Create_Local_Problem] MDD already aligned to the time window
[Waiting_time_Solve] Path length: 47
[Waiting_time_Solve] Makespan: 46
[Waiting_time_Solve] Segment exit time: 9
[Waiting_time_Solve] Path length after shifting suffix: 47
[Waiting_time_Solve] path length after inserting segment path: 47
[Waiting_time_Solve] inserting following segments
[Waiting_time_Solve] curren pos_it: 2
[Waiting_time_Solve] pushing new path into current solution
[Waiting_time_Solve] New path is consistent after applying waiting time for agent 49
[Current_Solution] Agent 49 used 2 waiting timesteps, 33 remaining
[Waiting_time_Solve] Applied 2 waiting time to segment 49 for agent 49
[Waiting_time_Solve] Waiting time applied
[Waiting_time_Solve] Extended Zone end time from 7 to 9
[Create_Local_Problem] Agent 3 is being scanned from timestep 8 to 9
[Create_Local_problem] Agent 3 contiguous intervals: [8, 9] 
[Create_Local_problem] Agent 3 exited the zone at exit time 9
[Create_Local_Problem] Agent 3 is new in the zone
[Create_Local_Problem] Agent 46 is being scanned from timestep 8 to 9
[Create_Local_problem] Agent 46 contiguous intervals: [8, 8] 
[Create_Local_problem] Agent 46 exited the zone at exit time 8
[Create_Local_Problem] Agent 46 is continuing in the zone until timestep 8
[Create_Local_Problem] Agent 46old segment entry, exit: 5, 7
[Create_Local_Problem] Agent 46new segment entry, exit: 8, 8
[Create_Local_Problem] Agent 47 is being scanned from timestep 8 to 9
[Create_Local_problem] Agent 47 contiguous intervals: [8, 9] 
[Create_Local_problem] Agent 47 exited the zone at exit time 9
[Create_Local_Problem] Agent 47 is new in the zone
[Create_Local_Problem] Agent 49 is being scanned from timestep 8 to 9
[Create_Local_problem] Agent 49 contiguous intervals: [8, 9] 
[Create_Local_problem] Agent 49 exited the zone at exit time 9
[Create_Local_Problem] Agent 49 is already extended to the end of the previous zone: 9
[Create_Local_Problem] Agent 52 is being scanned from timestep 8 to 9
[Create_Local_problem] Agent 52 contiguous intervals: [8, 8] 
[Create_Local_problem] Agent 52 exited the zone at exit time 8
[Create_Local_Problem] Agent 52 is continuing in the zone until timestep 8
[Create_Local_Problem] Agent 52old segment entry, exit: 6, 7
[Create_Local_Problem] Agent 52new segment entry, exit: 8, 8
[Create_Local_Problem] Agent 56 is being scanned from timestep 8 to 9
[Create_Local_problem] Agent 56 contiguous intervals: [8, 9] 
[Create_Local_problem] Agent 56 exited the zone at exit time 9
[Create_Local_Problem] Agent 56 is continuing in the zone until timestep 9
[Create_Local_Problem] Agent 56old segment entry, exit: 4, 7
[Create_Local_Problem] Agent 56new segment entry, exit: 8, 9
[Waiting_time_Solve] Iteration 2...
[SAT] Start solving CNF: 153 clauses and 58 variables
[SAT] Solving local zone with SAT iteration 1...
[SAT] Local CNF: 157 clauses 

DEBUG: Adding 157 new clauses to MiniSAT (incremental run)
DEBUG: Clause load summary: input=157, added=157, tautologies_skipped=0, duplicates_skipped=0, unit_clauses=22, empties=0, intra_clause_literals_removed=0, added_but_db_unchanged=23
DEBUG: After adding clauses, solver has 112 clauses and 58 variables
DEBUG: MiniSAT found 58 variables
DEBUG: Assignment size: 58
DEBUG: First few assignment values: 1 1 1 1 1 1 1 1 0 1 

=== DEBUG: cnf_assignment_to_paths ===
Input assignment size: 58

=== END DEBUG ===
[SAT] Found 1 vertex collisions and 2 edge collisions
[SAT] Adding collision clauses and solving again...
[SAT] Solving local zone with SAT iteration 2...
[SAT] Local CNF: 160 clauses 

DEBUG: Adding 3 new clauses to MiniSAT (incremental run)
[SAT] Previous assignment invalidated by new clauses, retrying without assumptions...
DEBUG: Adding 0 new clauses to MiniSAT (incremental run)
DEBUG: Clause load summary: input=0, added=0, tautologies_skipped=0, duplicates_skipped=0, unit_clauses=0, empties=0, intra_clause_literals_removed=0, added_but_db_unchanged=0
DEBUG: After adding clauses, solver has 92 clauses and 58 variables
[SAT] Local problem is unsatisfiable after 2 iterations
[SAT] Local problem appears to be unsatisfiable in current zone
[Waiting_time_Solve] No solution found, trying to apply waiting time:3
[Waiting_time_Solve] Applying waiting time delta 3 to segment 49
[Waiting_time_Solve] Original id: 49
[Create_Local_Problem] MDD already aligned to the time window
[Waiting_time_Solve] Path length: 47
[Waiting_time_Solve] Makespan: 46
[Waiting_time_Solve] Segment exit time: 12
[Waiting_time_Solve] Path length after shifting suffix: 47
[Waiting_time_Solve] path length after inserting segment path: 47
[Waiting_time_Solve] inserting following segments
[Waiting_time_Solve] curren pos_it: 2
[Waiting_time_Solve] pushing new path into current solution
[Waiting_time_Solve] New path is consistent after applying waiting time for agent 49
[Current_Solution] Agent 49 used 3 waiting timesteps, 30 remaining
[Waiting_time_Solve] Applied 3 waiting time to segment 49 for agent 49
[Waiting_time_Solve] Waiting time applied
[Waiting_time_Solve] Extended Zone end time from 9 to 12
[Create_Local_Problem] Agent 3 is being scanned from timestep 10 to 12
[Create_Local_problem] Agent 3 contiguous intervals: [10, 10] [12, 12] 
[Create_Local_problem] Agent 3 exited the zone at exit time 12
[Create_Local_problem] Agent 3 returned to the zone 1 times within time window
[Create_Local_Problem] Agent 3 is continuing in the zone until timestep 10
[Create_Local_Problem] Agent 3old segment entry, exit: 8, 9
[Create_Local_Problem] Agent 3new segment entry, exit: 10, 10
[Create_Local_Problem] Agent 47 is being scanned from timestep 10 to 12
[Create_Local_problem] Agent 47 contiguous intervals: [10, 12] 
[Create_Local_problem] Agent 47 exited the zone at exit time 12
[Create_Local_Problem] Agent 47 is continuing in the zone until timestep 12
[Create_Local_Problem] Agent 47old segment entry, exit: 8, 9
[Create_Local_Problem] Agent 47new segment entry, exit: 10, 12
[Create_Local_Problem] Agent 49 is being scanned from timestep 10 to 12
[Create_Local_problem] Agent 49 contiguous intervals: [10, 12] 
[Create_Local_problem] Agent 49 exited the zone at exit time 12
[Create_Local_Problem] Agent 49 is already extended to the end of the previous zone: 12
[Waiting_time_Solve] Iteration 3...
[Waiting_time_Solve] Agent 3 pseudo agents: 80 
[SAT] Start solving CNF: 426 clauses and 102 variables
[SAT] Solving local zone with SAT iteration 1...
[SAT] Local CNF: 433 clauses 

DEBUG: Adding 433 new clauses to MiniSAT (incremental run)
DEBUG: Clause load summary: input=433, added=433, tautologies_skipped=0, duplicates_skipped=0, unit_clauses=27, empties=0, intra_clause_literals_removed=0, added_but_db_unchanged=28
DEBUG: After adding clauses, solver has 378 clauses and 102 variables
DEBUG: MiniSAT found 102 variables
DEBUG: Assignment size: 102
DEBUG: First few assignment values: 1 1 1 1 1 1 1 1 1 1 

=== DEBUG: cnf_assignment_to_paths ===
Input assignment size: 102

=== END DEBUG ===
[SAT] Found 2 vertex collisions and 1 edge collisions
[SAT] Adding collision clauses and solving again...
[SAT] Solving local zone with SAT iteration 2...
[SAT] Local CNF: 436 clauses 

DEBUG: Adding 3 new clauses to MiniSAT (incremental run)
DEBUG: Clause load summary: input=3, added=3, tautologies_skipped=0, duplicates_skipped=0, unit_clauses=0, empties=0, intra_clause_literals_removed=0, added_but_db_unchanged=2
DEBUG: After adding clauses, solver has 346 clauses and 102 variables
DEBUG: MiniSAT found 102 variables
DEBUG: Assignment size: 102
DEBUG: First few assignment values: 1 1 1 1 1 1 1 1 1 1 

=== DEBUG: cnf_assignment_to_paths ===
Input assignment size: 102

=== END DEBUG ===
[SAT] Found 2 vertex collisions and 0 edge collisions
[SAT] Adding collision clauses and solving again...
[SAT] Solving local zone with SAT iteration 3...
[SAT] Local CNF: 438 clauses 

DEBUG: Adding 2 new clauses to MiniSAT (incremental run)
DEBUG: Clause load summary: input=2, added=2, tautologies_skipped=0, duplicates_skipped=0, unit_clauses=0, empties=0, intra_clause_literals_removed=0, added_but_db_unchanged=2
DEBUG: After adding clauses, solver has 346 clauses and 102 variables
DEBUG: MiniSAT found 102 variables
DEBUG: Assignment size: 102
DEBUG: First few assignment values: 1 1 1 1 1 1 1 1 1 1 

=== DEBUG: cnf_assignment_to_paths ===
Input assignment size: 102

=== END DEBUG ===
[SAT] Found 2 vertex collisions and 0 edge collisions
[SAT] Adding collision clauses and solving again...
[SAT] Solving local zone with SAT iteration 4...
[SAT] Local CNF: 440 clauses 

DEBUG: Adding 2 new clauses to MiniSAT (incremental run)
DEBUG: Clause load summary: input=2, added=2, tautologies_skipped=0, duplicates_skipped=0, unit_clauses=0, empties=0, intra_clause_literals_removed=0, added_but_db_unchanged=2
DEBUG: After adding clauses, solver has 346 clauses and 102 variables
DEBUG: MiniSAT found 102 variables
DEBUG: Assignment size: 102
DEBUG: First few assignment values: 1 1 1 1 1 1 1 1 1 1 

=== DEBUG: cnf_assignment_to_paths ===
Input assignment size: 102

=== END DEBUG ===
[SAT] Found 3 vertex collisions and 0 edge collisions
[SAT] Adding collision clauses and solving again...
[SAT] Solving local zone with SAT iteration 5...
[SAT] Local CNF: 443 clauses 

DEBUG: Adding 3 new clauses to MiniSAT (incremental run)
DEBUG: Clause load summary: input=3, added=3, tautologies_skipped=0, duplicates_skipped=0, unit_clauses=0, empties=0, intra_clause_literals_removed=0, added_but_db_unchanged=2
DEBUG: After adding clauses, solver has 347 clauses and 102 variables
[SAT] Previous assignment invalidated by new clauses, retrying without assumptions...
DEBUG: Adding 0 new clauses to MiniSAT (incremental run)
DEBUG: Clause load summary: input=0, added=0, tautologies_skipped=0, duplicates_skipped=0, unit_clauses=0, empties=0, intra_clause_literals_removed=0, added_but_db_unchanged=0
DEBUG: After adding clauses, solver has 347 clauses and 102 variables
[SAT] Local problem is unsatisfiable after 5 iterations
[SAT] Local problem appears to be unsatisfiable in current zone
[Waiting_time_Solve] No solution found, trying to apply waiting time:4
[Waiting_time_Solve] Applying waiting time delta 4 to segment 49
[Waiting_time_Solve] Original id: 49
[Create_Local_Problem] MDD already aligned to the time window
[Waiting_time_Solve] Path length: 47
[Waiting_time_Solve] Makespan: 46
[Waiting_time_Solve] Segment exit time: 16
[Waiting_time_Solve] Path length after shifting suffix: 47
[Waiting_time_Solve] path length after inserting segment path: 47
[Waiting_time_Solve] inserting following segments
[Waiting_time_Solve] curren pos_it: 2
[Waiting_time_Solve] pushing new path into current solution
[Waiting_time_Solve] New path is consistent after applying waiting time for agent 49
[Current_Solution] Agent 49 used 4 waiting timesteps, 26 remaining
[Waiting_time_Solve] Applied 4 waiting time to segment 49 for agent 49
[Waiting_time_Solve] Waiting time applied
[Waiting_time_Solve] Extended Zone end time from 12 to 16
[Create_Local_Problem] Agent 47 is being scanned from timestep 13 to 16
[Create_Local_problem] Agent 47 contiguous intervals: [13, 13] 
[Create_Local_problem] Agent 47 exited the zone at exit time 13
[Create_Local_Problem] Agent 47 is continuing in the zone until timestep 13
[Create_Local_Problem] Agent 47old segment entry, exit: 8, 12
[Create_Local_Problem] Agent 47new segment entry, exit: 13, 13
[Create_Local_Problem] Agent 49 is being scanned from timestep 13 to 16
[Create_Local_problem] Agent 49 contiguous intervals: [13, 16] 
[Create_Local_problem] Agent 49 exited the zone at exit time 16
[Create_Local_Problem] Agent 49 is already extended to the end of the previous zone: 16
[Waiting_time_Solve] Iteration 4...
[Waiting_time_Solve] Agent 3 pseudo agents: 80 
[SAT] Start solving CNF: 796 clauses and 155 variables
[SAT] Solving local zone with SAT iteration 1...
[SAT] Local CNF: 813 clauses 

DEBUG: Adding 813 new clauses to MiniSAT (incremental run)
DEBUG: Clause load summary: input=813, added=813, tautologies_skipped=0, duplicates_skipped=0, unit_clauses=28, empties=0, intra_clause_literals_removed=0, added_but_db_unchanged=37
DEBUG: After adding clauses, solver has 748 clauses and 155 variables
DEBUG: MiniSAT found 155 variables
DEBUG: Assignment size: 155
DEBUG: First few assignment values: 1 1 1 1 1 1 1 1 1 1 

=== DEBUG: cnf_assignment_to_paths ===
Input assignment size: 155

=== END DEBUG ===
[SAT] Found 1 vertex collisions and 2 edge collisions
[SAT] Adding collision clauses and solving again...
[SAT] Solving local zone with SAT iteration 2...
[SAT] Local CNF: 816 clauses 

DEBUG: Adding 3 new clauses to MiniSAT (incremental run)
DEBUG: Clause load summary: input=3, added=3, tautologies_skipped=0, duplicates_skipped=0, unit_clauses=0, empties=0, intra_clause_literals_removed=0, added_but_db_unchanged=2
DEBUG: After adding clauses, solver has 612 clauses and 155 variables
DEBUG: MiniSAT found 155 variables
DEBUG: Assignment size: 155
DEBUG: First few assignment values: 1 1 1 1 1 1 1 1 1 1 

=== DEBUG: cnf_assignment_to_paths ===
Input assignment size: 155

=== END DEBUG ===
[SAT] Found 1 vertex collisions and 1 edge collisions
[SAT] Adding collision clauses and solving again...
[SAT] Solving local zone with SAT iteration 3...
[SAT] Local CNF: 818 clauses 

DEBUG: Adding 2 new clauses to MiniSAT (incremental run)
DEBUG: Clause load summary: input=2, added=2, tautologies_skipped=0, duplicates_skipped=0, unit_clauses=0, empties=0, intra_clause_literals_removed=0, added_but_db_unchanged=1
DEBUG: After adding clauses, solver has 613 clauses and 155 variables
DEBUG: MiniSAT found 155 variables
DEBUG: Assignment size: 155
DEBUG: First few assignment values: 1 1 1 1 1 1 1 1 1 1 

=== DEBUG: cnf_assignment_to_paths ===
Input assignment size: 155

=== END DEBUG ===
[SAT] Found 1 vertex collisions and 0 edge collisions
[SAT] Adding collision clauses and solving again...
[SAT] Solving local zone with SAT iteration 4...
[SAT] Local CNF: 819 clauses 

DEBUG: Adding 1 new clauses to MiniSAT (incremental run)
DEBUG: Clause load summary: input=1, added=1, tautologies_skipped=0, duplicates_skipped=0, unit_clauses=0, empties=0, intra_clause_literals_removed=0, added_but_db_unchanged=1
DEBUG: After adding clauses, solver has 613 clauses and 155 variables
[SAT] Previous assignment invalidated by new clauses, retrying without assumptions...
DEBUG: Adding 0 new clauses to MiniSAT (incremental run)
DEBUG: Clause load summary: input=0, added=0, tautologies_skipped=0, duplicates_skipped=0, unit_clauses=0, empties=0, intra_clause_literals_removed=0, added_but_db_unchanged=0
DEBUG: After adding clauses, solver has 613 clauses and 155 variables
[SAT] Local problem is unsatisfiable after 4 iterations
[SAT] Local problem appears to be unsatisfiable in current zone
[Waiting_time_Solve] No solution found, trying to apply waiting time:5
[Waiting_time_Solve] Applying waiting time delta 5 to segment 49
[Waiting_time_Solve] Original id: 49
[Create_Local_Problem] MDD already aligned to the time window
[Waiting_time_Solve] Path length: 47
[Waiting_time_Solve] Makespan: 46
[Waiting_time_Solve] Segment exit time: 21
[Waiting_time_Solve] Path length after shifting suffix: 47
[Waiting_time_Solve] path length after inserting segment path: 47
[Waiting_time_Solve] inserting following segments
[Waiting_time_Solve] curren pos_it: 2
[Waiting_time_Solve] pushing new path into current solution
[Waiting_time_Solve] New path is consistent after applying waiting time for agent 49
[Current_Solution] Agent 49 used 5 waiting timesteps, 21 remaining
[Waiting_time_Solve] Applied 5 waiting time to segment 49 for agent 49
[Waiting_time_Solve] Waiting time applied
[Waiting_time_Solve] Extended Zone end time from 16 to 21
[Create_Local_Problem] Agent 49 is being scanned from timestep 17 to 21
[Create_Local_problem] Agent 49 contiguous intervals: [17, 21] 
[Create_Local_problem] Agent 49 exited the zone at exit time 21
[Create_Local_Problem] Agent 49 is already extended to the end of the previous zone: 21
[Waiting_time_Solve] Iteration 5...
[Waiting_time_Solve] Agent 3 pseudo agents: 80 
[SAT] Start solving CNF: 1256 clauses and 220 variables
[SAT] Solving local zone with SAT iteration 1...
[SAT] Local CNF: 1279 clauses 

DEBUG: Adding 1279 new clauses to MiniSAT (incremental run)
DEBUG: Clause load summary: input=1279, added=1279, tautologies_skipped=0, duplicates_skipped=0, unit_clauses=28, empties=0, intra_clause_literals_removed=0, added_but_db_unchanged=41
DEBUG: After adding clauses, solver has 1210 clauses and 220 variables
[SAT] Local problem is unsatisfiable after 1 iterations
[SAT] Local problem appears to be unsatisfiable in current zone
[Waiting_time_Solve] No solution found, trying to apply waiting time:6
[Waiting_time_Solve] No waiting time applied
[Waiting_time_Solve] No solution found
[Waiting_time_Solve] Restoring original paths
[Waiting_time_Solve] Restoring waiting times
[Current_Solution] Restored waiting times from backup
[Current_Solution] Restored paths from backup
[Solve_local_zone] Zone with expansion factor 1failed
[Solve_local_zone] Expanding zone with offset 3 (original: 1)
[Solve_local_zone] Final expanded zone contains 24 positions with 1 conflicts 
[Solve_local_zone] New time window: [1, 7]
[Solve_local_zone] Current local zone size: 24 (2.60304% of all walkable positions)
[Solve_local_zone] Local zone time window: [1, 7]
[Create_Local_problem] Agent 3 contiguous intervals: [7, 7] 
[Create_Local_problem] Agent 3 exited the zone at exit time 7
[Create_Local_problem] Agent 7 contiguous intervals: [1, 7] 
[Create_Local_problem] Agent 7 exited the zone at exit time 7
[Create_Local_problem] Agent 36 contiguous intervals: [1, 1] [4, 4] 
[Create_Local_problem] Agent 36 exited the zone at exit time 4
[Create_Local_problem] Agent 36 returned to the zone 1 times within time window
[Create_Local_problem] Agent 46 contiguous intervals: [4, 7] 
[Create_Local_problem] Agent 46 exited the zone at exit time 7
[Create_Local_problem] Agent 47 contiguous intervals: [7, 7] 
[Create_Local_problem] Agent 47 exited the zone at exit time 7
[Create_Local_problem] Agent 49 contiguous intervals: [1, 7] 
[Create_Local_problem] Agent 49 exited the zone at exit time 7
[Create_Local_problem] Agent 52 contiguous intervals: [5, 7] 
[Create_Local_problem] Agent 52 exited the zone at exit time 7
[Create_Local_problem] Agent 56 contiguous intervals: [3, 7] 
[Create_Local_problem] Agent 56 exited the zone at exit time 7
[Create_Local_problem] Agent 77 contiguous intervals: [1, 1] 
[Create_Local_problem] Agent 77 exited the zone at exit time 1
[Waiting_time_Solve] Total available waiting time: 1952
[Waiting_time_Solve] Iteration 0...
[Waiting_time_Solve] Agent 36 pseudo agents: 80 
[SAT] Start solving CNF: 72 clauses and 41 variables
[SAT] Solving local zone with SAT iteration 1...
[SAT] Local CNF: 72 clauses 

DEBUG: Adding 72 new clauses to MiniSAT (incremental run)
DEBUG: Clause load summary: input=72, added=72, tautologies_skipped=0, duplicates_skipped=0, unit_clauses=21, empties=0, intra_clause_literals_removed=0, added_but_db_unchanged=14
DEBUG: After adding clauses, solver has 37 clauses and 41 variables
DEBUG: MiniSAT found 41 variables
DEBUG: Assignment size: 41
DEBUG: First few assignment values: 1 1 0 1 1 0 1 1 1 1 

=== DEBUG: cnf_assignment_to_paths ===
Input assignment size: 41

=== END DEBUG ===
[SAT] Found 1 vertex collisions and 1 edge collisions
[SAT] Adding collision clauses and solving again...
[SAT] Solving local zone with SAT iteration 2...
[SAT] Local CNF: 74 clauses 

DEBUG: Adding 2 new clauses to MiniSAT (incremental run)
[SAT] Local problem is unsatisfiable after 2 iterations
[SAT] Local problem appears to be unsatisfiable in current zone
[Waiting_time_Solve] No solution found, trying to apply waiting time:1
[Waiting_time_Solve] Applying waiting time delta 1 to segment 46
[Waiting_time_Solve] Original id: 46
[Create_Local_Problem] MDD already aligned to the time window
[Waiting_time_Solve] Path length: 47
[Waiting_time_Solve] Makespan: 46
[Waiting_time_Solve] Segment exit time: 8
[Waiting_time_Solve] Path length after shifting suffix: 47
[Waiting_time_Solve] path length after inserting segment path: 47
[Waiting_time_Solve] inserting following segments
[Waiting_time_Solve] curren pos_it: 4
[Waiting_time_Solve] pushing new path into current solution
[Waiting_time_Solve] New path is consistent after applying waiting time for agent 46
[Current_Solution] Agent 46 used 1 waiting timesteps, 25 remaining
[Waiting_time_Solve] Applied 1 waiting time to segment 46 for agent 46
[Waiting_time_Solve] Waiting time applied
[Waiting_time_Solve] Extended Zone end time from 7 to 8
[Create_Local_Problem] Agent 3 is being scanned from timestep 8 to 8
[Create_Local_problem] Agent 3 contiguous intervals: [8, 8] 
[Create_Local_problem] Agent 3 exited the zone at exit time 8
[Create_Local_Problem] Agent 3 is continuing in the zone until timestep 8
[Create_Local_Problem] Agent 3old segment entry, exit: 7, 7
[Create_Local_Problem] Agent 3new segment entry, exit: 8, 8
[Create_Local_Problem] Agent 7 is being scanned from timestep 8 to 8
[Create_Local_problem] Agent 7 contiguous intervals: [8, 8] 
[Create_Local_problem] Agent 7 exited the zone at exit time 8
[Create_Local_Problem] Agent 7 is continuing in the zone until timestep 8
[Create_Local_Problem] Agent 7old segment entry, exit: 1, 7
[Create_Local_Problem] Agent 7new segment entry, exit: 8, 8
[Create_Local_Problem] Agent 46 is being scanned from timestep 8 to 8
[Create_Local_problem] Agent 46 contiguous intervals: [8, 8] 
[Create_Local_problem] Agent 46 exited the zone at exit time 8
[Create_Local_Problem] Agent 46 is already extended to the end of the previous zone: 8
[Create_Local_Problem] Agent 47 is being scanned from timestep 8 to 8
[Create_Local_problem] Agent 47 contiguous intervals: [8, 8] 
[Create_Local_problem] Agent 47 exited the zone at exit time 8
[Create_Local_Problem] Agent 47 is continuing in the zone until timestep 8
[Create_Local_Problem] Agent 47old segment entry, exit: 7, 7
[Create_Local_Problem] Agent 47new segment entry, exit: 8, 8
[Create_Local_Problem] Agent 49 is being scanned from timestep 8 to 8
[Create_Local_problem] Agent 49 contiguous intervals: [8, 8] 
[Create_Local_problem] Agent 49 exited the zone at exit time 8
[Create_Local_Problem] Agent 49 is continuing in the zone until timestep 8
[Create_Local_Problem] Agent 49old segment entry, exit: 1, 7
[Create_Local_Problem] Agent 49new segment entry, exit: 8, 8
[Create_Local_Problem] Agent 52 is being scanned from timestep 8 to 8
[Create_Local_problem] Agent 52 contiguous intervals: [8, 8] 
[Create_Local_problem] Agent 52 exited the zone at exit time 8
[Create_Local_Problem] Agent 52 is continuing in the zone until timestep 8
[Create_Local_Problem] Agent 52old segment entry, exit: 5, 7
[Create_Local_Problem] Agent 52new segment entry, exit: 8, 8
[Create_Local_Problem] Agent 56 is being scanned from timestep 8 to 8
[Create_Local_problem] Agent 56 contiguous intervals: [8, 8] 
[Create_Local_problem] Agent 56 exited the zone at exit time 8
[Create_Local_Problem] Agent 56 is continuing in the zone until timestep 8
[Create_Local_Problem] Agent 56old segment entry, exit: 3, 7
[Create_Local_Problem] Agent 56new segment entry, exit: 8, 8
[Waiting_time_Solve] Iteration 1...
[Waiting_time_Solve] Agent 36 pseudo agents: 80 
[SAT] Start solving CNF: 94 clauses and 52 variables
[SAT] Solving local zone with SAT iteration 1...
[SAT] Local CNF: 96 clauses 

DEBUG: Adding 96 new clauses to MiniSAT (incremental run)
DEBUG: Clause load summary: input=96, added=96, tautologies_skipped=0, duplicates_skipped=0, unit_clauses=24, empties=0, intra_clause_literals_removed=0, added_but_db_unchanged=20
DEBUG: After adding clauses, solver has 52 clauses and 52 variables
DEBUG: MiniSAT found 52 variables
DEBUG: Assignment size: 52
DEBUG: First few assignment values: 1 1 0 1 1 0 1 1 1 1 

=== DEBUG: cnf_assignment_to_paths ===
Input assignment size: 52

=== END DEBUG ===
[SAT] Found 0 vertex collisions and 2 edge collisions
[SAT] Adding collision clauses and solving again...
[SAT] Solving local zone with SAT iteration 2...
[SAT] Local CNF: 98 clauses 

DEBUG: Adding 2 new clauses to MiniSAT (incremental run)
[SAT] Local problem is unsatisfiable after 2 iterations
[SAT] Local problem appears to be unsatisfiable in current zone
[Waiting_time_Solve] No solution found, trying to apply waiting time:2
[Waiting_time_Solve] Applying waiting time delta 2 to segment 49
[Waiting_time_Solve] Original id: 49
[Create_Local_Problem] MDD already aligned to the time window
[Waiting_time_Solve] Path length: 47
[Waiting_time_Solve] Makespan: 46
[Waiting_time_Solve] Segment exit time: 10
[Waiting_time_Solve] Path length after shifting suffix: 47
[Waiting_time_Solve] path length after inserting segment path: 47
[Waiting_time_Solve] inserting following segments
[Waiting_time_Solve] curren pos_it: 6
[Waiting_time_Solve] pushing new path into current solution
[Waiting_time_Solve] New path is consistent after applying waiting time for agent 49
[Current_Solution] Agent 49 used 2 waiting timesteps, 34 remaining
[Waiting_time_Solve] Applied 2 waiting time to segment 49 for agent 49
[Waiting_time_Solve] Waiting time applied
[Waiting_time_Solve] Extended Zone end time from 8 to 10
[Create_Local_Problem] Agent 3 is being scanned from timestep 9 to 10
[Create_Local_problem] Agent 3 contiguous intervals: [9, 10] 
[Create_Local_problem] Agent 3 exited the zone at exit time 10
[Create_Local_Problem] Agent 3 is continuing in the zone until timestep 10
[Create_Local_Problem] Agent 3old segment entry, exit: 7, 8
[Create_Local_Problem] Agent 3new segment entry, exit: 9, 10
[Create_Local_Problem] Agent 46 is being scanned from timestep 9 to 10
[Create_Local_problem] Agent 46 contiguous intervals: [9, 9] 
[Create_Local_problem] Agent 46 exited the zone at exit time 9
[Create_Local_Problem] Agent 46 is continuing in the zone until timestep 9
[Create_Local_Problem] Agent 46old segment entry, exit: 4, 8
[Create_Local_Problem] Agent 46new segment entry, exit: 9, 9
[Create_Local_Problem] Agent 47 is being scanned from timestep 9 to 10
[Create_Local_problem] Agent 47 contiguous intervals: [9, 10] 
[Create_Local_problem] Agent 47 exited the zone at exit time 10
[Create_Local_Problem] Agent 47 is continuing in the zone until timestep 10
[Create_Local_Problem] Agent 47old segment entry, exit: 7, 8
[Create_Local_Problem] Agent 47new segment entry, exit: 9, 10
[Create_Local_Problem] Agent 49 is being scanned from timestep 9 to 10
[Create_Local_problem] Agent 49 contiguous intervals: [9, 10] 
[Create_Local_problem] Agent 49 exited the zone at exit time 10
[Create_Local_Problem] Agent 49 is already extended to the end of the previous zone: 10
[Create_Local_Problem] Agent 52 is being scanned from timestep 9 to 10
[Create_Local_problem] Agent 52 contiguous intervals: [9, 9] 
[Create_Local_problem] Agent 52 exited the zone at exit time 9
[Create_Local_Problem] Agent 52 is continuing in the zone until timestep 9
[Create_Local_Problem] Agent 52old segment entry, exit: 5, 8
[Create_Local_Problem] Agent 52new segment entry, exit: 9, 9
[Create_Local_Problem] Agent 56 is being scanned from timestep 9 to 10
[Create_Local_problem] Agent 56 contiguous intervals: [9, 10] 
[Create_Local_problem] Agent 56 exited the zone at exit time 10
[Create_Local_Problem] Agent 56 is continuing in the zone until timestep 10
[Create_Local_Problem] Agent 56old segment entry, exit: 3, 8
[Create_Local_Problem] Agent 56new segment entry, exit: 9, 10
[Waiting_time_Solve] Iteration 2...
[Waiting_time_Solve] Agent 36 pseudo agents: 80 
[SAT] Start solving CNF: 251 clauses and 96 variables
[SAT] Solving local zone with SAT iteration 1...
[SAT] Local CNF: 255 clauses 

DEBUG: Adding 255 new clauses to MiniSAT (incremental run)
DEBUG: Clause load summary: input=255, added=255, tautologies_skipped=0, duplicates_skipped=0, unit_clauses=26, empties=0, intra_clause_literals_removed=0, added_but_db_unchanged=24
DEBUG: After adding clauses, solver has 205 clauses and 96 variables
DEBUG: MiniSAT found 96 variables
DEBUG: Assignment size: 96
DEBUG: First few assignment values: 1 1 0 1 1 0 1 1 1 0 

=== DEBUG: cnf_assignment_to_paths ===
Input assignment size: 96

=== END DEBUG ===
[SAT] Found 1 vertex collisions and 0 edge collisions
[SAT] Adding collision clauses and solving again...
[SAT] Solving local zone with SAT iteration 2...
[SAT] Local CNF: 256 clauses 

DEBUG: Adding 1 new clauses to MiniSAT (incremental run)
DEBUG: Clause load summary: input=1, added=1, tautologies_skipped=0, duplicates_skipped=0, unit_clauses=0, empties=0, intra_clause_literals_removed=0, added_but_db_unchanged=1
DEBUG: After adding clauses, solver has 193 clauses and 96 variables
DEBUG: MiniSAT found 96 variables
DEBUG: Assignment size: 96
DEBUG: First few assignment values: 1 1 0 1 1 0 1 1 1 0 

=== DEBUG: cnf_assignment_to_paths ===
Input assignment size: 96

=== END DEBUG ===
[SAT] Found 1 vertex collisions and 0 edge collisions
[SAT] Adding collision clauses and solving again...
[SAT] Solving local zone with SAT iteration 3...
[SAT] Local CNF: 257 clauses 

DEBUG: Adding 1 new clauses to MiniSAT (incremental run)
DEBUG: Clause load summary: input=1, added=1, tautologies_skipped=0, duplicates_skipped=0, unit_clauses=0, empties=0, intra_clause_literals_removed=0, added_but_db_unchanged=0
DEBUG: After adding clauses, solver has 194 clauses and 96 variables
DEBUG: MiniSAT found 96 variables
DEBUG: Assignment size: 96
DEBUG: First few assignment values: 1 1 0 1 1 0 1 1 1 0 

=== DEBUG: cnf_assignment_to_paths ===
Input assignment size: 96

=== END DEBUG ===
[SAT] Found 0 vertex collisions and 1 edge collisions
[SAT] Adding collision clauses and solving again...
[SAT] Solving local zone with SAT iteration 4...
[SAT] Local CNF: 258 clauses 

DEBUG: Adding 1 new clauses to MiniSAT (incremental run)
DEBUG: Clause load summary: input=1, added=1, tautologies_skipped=0, duplicates_skipped=0, unit_clauses=0, empties=0, intra_clause_literals_removed=0, added_but_db_unchanged=0
DEBUG: After adding clauses, solver has 195 clauses and 96 variables
DEBUG: MiniSAT found 96 variables
DEBUG: Assignment size: 96
DEBUG: First few assignment values: 1 1 0 1 1 0 1 1 1 0 

=== DEBUG: cnf_assignment_to_paths ===
Input assignment size: 96

=== END DEBUG ===
[SAT] Found 1 vertex collisions and 0 edge collisions
[SAT] Adding collision clauses and solving again...
[SAT] Solving local zone with SAT iteration 5...
[SAT] Local CNF: 259 clauses 

DEBUG: Adding 1 new clauses to MiniSAT (incremental run)
DEBUG: Clause load summary: input=1, added=1, tautologies_skipped=0, duplicates_skipped=0, unit_clauses=0, empties=0, intra_clause_literals_removed=0, added_but_db_unchanged=0
DEBUG: After adding clauses, solver has 196 clauses and 96 variables
DEBUG: MiniSAT found 96 variables
DEBUG: Assignment size: 96
DEBUG: First few assignment values: 1 1 0 1 1 0 1 1 1 0 

=== DEBUG: cnf_assignment_to_paths ===
Input assignment size: 96

=== END DEBUG ===
[SAT] Found 0 vertex collisions and 3 edge collisions
[SAT] Adding collision clauses and solving again...
[SAT] Solving local zone with SAT iteration 6...
[SAT] Local CNF: 262 clauses 

DEBUG: Adding 3 new clauses to MiniSAT (incremental run)
DEBUG: Clause load summary: input=3, added=3, tautologies_skipped=0, duplicates_skipped=0, unit_clauses=0, empties=0, intra_clause_literals_removed=0, added_but_db_unchanged=0
DEBUG: After adding clauses, solver has 199 clauses and 96 variables
DEBUG: MiniSAT found 96 variables
DEBUG: Assignment size: 96
DEBUG: First few assignment values: 1 1 0 1 1 0 1 1 1 0 

=== DEBUG: cnf_assignment_to_paths ===
Input assignment size: 96

=== END DEBUG ===
[SAT] Found 4 vertex collisions and 0 edge collisions
[SAT] Adding collision clauses and solving again...
[SAT] Solving local zone with SAT iteration 7...
[SAT] Local CNF: 266 clauses 

DEBUG: Adding 4 new clauses to MiniSAT (incremental run)
DEBUG: Clause load summary: input=4, added=4, tautologies_skipped=0, duplicates_skipped=0, unit_clauses=0, empties=0, intra_clause_literals_removed=0, added_but_db_unchanged=4
DEBUG: After adding clauses, solver has 199 clauses and 96 variables
[SAT] Previous assignment invalidated by new clauses, retrying without assumptions...
DEBUG: Adding 0 new clauses to MiniSAT (incremental run)
DEBUG: Clause load summary: input=0, added=0, tautologies_skipped=0, duplicates_skipped=0, unit_clauses=0, empties=0, intra_clause_literals_removed=0, added_but_db_unchanged=0
DEBUG: After adding clauses, solver has 86 clauses and 96 variables
[SAT] Local problem is unsatisfiable after 7 iterations
[SAT] Local problem appears to be unsatisfiable in current zone
[Waiting_time_Solve] No solution found, trying to apply waiting time:3
[Waiting_time_Solve] Applying waiting time delta 3 to segment 46
[Waiting_time_Solve] Original id: 46
[Create_Local_Problem] MDD already aligned to the time window
[Waiting_time_Solve] Path length: 47
[Waiting_time_Solve] Makespan: 46
[Waiting_time_Solve] Segment exit time: 12
[Waiting_time_Solve] Path length after shifting suffix: 47
[Waiting_time_Solve] path length after inserting segment path: 47
[Waiting_time_Solve] inserting following segments
[Waiting_time_Solve] curren pos_it: 4
[Waiting_time_Solve] pushing new path into current solution
[Waiting_time_Solve] New path is consistent after applying waiting time for agent 46
[Current_Solution] Agent 46 used 3 waiting timesteps, 22 remaining
[Waiting_time_Solve] Applied 3 waiting time to segment 46 for agent 46
[Waiting_time_Solve] Applying waiting time delta 3 to segment 49
[Waiting_time_Solve] Original id: 49
[Create_Local_Problem] MDD already aligned to the time window
[Waiting_time_Solve] Path length: 47
[Waiting_time_Solve] Makespan: 46
[Waiting_time_Solve] Segment exit time: 13
[Waiting_time_Solve] Path length after shifting suffix: 47
[Waiting_time_Solve] path length after inserting segment path: 47
[Waiting_time_Solve] inserting following segments
[Waiting_time_Solve] curren pos_it: 6
[Waiting_time_Solve] pushing new path into current solution
[Waiting_time_Solve] New path is consistent after applying waiting time for agent 49
[Current_Solution] Agent 49 used 3 waiting timesteps, 31 remaining
[Waiting_time_Solve] Applied 3 waiting time to segment 49 for agent 49
[Waiting_time_Solve] Waiting time applied
[Waiting_time_Solve] Extended Zone end time from 10 to 13
[Create_Local_Problem] Agent 3 is being scanned from timestep 11 to 13
[Create_Local_problem] Agent 3 contiguous intervals: [11, 13] 
[Create_Local_problem] Agent 3 exited the zone at exit time 13
[Create_Local_Problem] Agent 3 is continuing in the zone until timestep 13
[Create_Local_Problem] Agent 3old segment entry, exit: 7, 10
[Create_Local_Problem] Agent 3new segment entry, exit: 11, 13
[Create_Local_Problem] Agent 46 is being scanned from timestep 11 to 13
[Create_Local_problem] Agent 46 contiguous intervals: [11, 12] 
[Create_Local_problem] Agent 46 exited the zone at exit time 12
[Create_Local_Problem] Agent 46 is already extended to the end of the previous zone: 12
[Create_Local_Problem] Agent 47 is being scanned from timestep 11 to 13
[Create_Local_problem] Agent 47 contiguous intervals: [11, 13] 
[Create_Local_problem] Agent 47 exited the zone at exit time 13
[Create_Local_Problem] Agent 47 is continuing in the zone until timestep 13
[Create_Local_Problem] Agent 47old segment entry, exit: 7, 10
[Create_Local_Problem] Agent 47new segment entry, exit: 11, 13
[Create_Local_Problem] Agent 49 is being scanned from timestep 11 to 13
[Create_Local_problem] Agent 49 contiguous intervals: [11, 13] 
[Create_Local_problem] Agent 49 exited the zone at exit time 13
[Create_Local_Problem] Agent 49 is already extended to the end of the previous zone: 13
[Waiting_time_Solve] Iteration 3...
[Waiting_time_Solve] Agent 36 pseudo agents: 80 
[SAT] Start solving CNF: 1005 clauses and 205 variables
[SAT] Solving local zone with SAT iteration 1...
[SAT] Local CNF: 1020 clauses 

DEBUG: Adding 1020 new clauses to MiniSAT (incremental run)
DEBUG: Clause load summary: input=1020, added=1020, tautologies_skipped=0, duplicates_skipped=0, unit_clauses=30, empties=0, intra_clause_literals_removed=0, added_but_db_unchanged=34
DEBUG: After adding clauses, solver has 956 clauses and 205 variables
DEBUG: MiniSAT found 205 variables
DEBUG: Assignment size: 205
DEBUG: First few assignment values: 1 1 0 1 1 0 1 1 1 0 

=== DEBUG: cnf_assignment_to_paths ===
Input assignment size: 205

=== END DEBUG ===
[SAT] Found 2 vertex collisions and 2 edge collisions
[SAT] Adding collision clauses and solving again...
[SAT] Solving local zone with SAT iteration 2...
[SAT] Local CNF: 1024 clauses 

DEBUG: Adding 4 new clauses to MiniSAT (incremental run)
DEBUG: Clause load summary: input=4, added=4, tautologies_skipped=0, duplicates_skipped=0, unit_clauses=0, empties=0, intra_clause_literals_removed=0, added_but_db_unchanged=2
DEBUG: After adding clauses, solver has 911 clauses and 205 variables
DEBUG: MiniSAT found 205 variables
DEBUG: Assignment size: 205
DEBUG: First few assignment values: 1 1 0 1 1 0 1 1 1 0 

=== DEBUG: cnf_assignment_to_paths ===
Input assignment size: 205

=== END DEBUG ===
[SAT] Found 0 vertex collisions and 1 edge collisions
[SAT] Adding collision clauses and solving again...
[SAT] Solving local zone with SAT iteration 3...
[SAT] Local CNF: 1025 clauses 

DEBUG: Adding 1 new clauses to MiniSAT (incremental run)
DEBUG: Clause load summary: input=1, added=1, tautologies_skipped=0, duplicates_skipped=0, unit_clauses=0, empties=0, intra_clause_literals_removed=0, added_but_db_unchanged=0
DEBUG: After adding clauses, solver has 912 clauses and 205 variables
DEBUG: MiniSAT found 205 variables
DEBUG: Assignment size: 205
DEBUG: First few assignment values: 1 1 0 1 1 0 1 1 1 0 

=== DEBUG: cnf_assignment_to_paths ===
Input assignment size: 205

=== END DEBUG ===
[SAT] Found 3 vertex collisions and 0 edge collisions
[SAT] Adding collision clauses and solving again...
[SAT] Solving local zone with SAT iteration 4...
[SAT] Local CNF: 1028 clauses 

DEBUG: Adding 3 new clauses to MiniSAT (incremental run)
DEBUG: Clause load summary: input=3, added=3, tautologies_skipped=0, duplicates_skipped=0, unit_clauses=0, empties=0, intra_clause_literals_removed=0, added_but_db_unchanged=1
DEBUG: After adding clauses, solver has 914 clauses and 205 variables
DEBUG: MiniSAT found 205 variables
DEBUG: Assignment size: 205
DEBUG: First few assignment values: 1 1 0 1 1 0 1 1 1 0 

=== DEBUG: cnf_assignment_to_paths ===
Input assignment size: 205

=== END DEBUG ===
[SAT] Found 2 vertex collisions and 0 edge collisions
[SAT] Adding collision clauses and solving again...
[SAT] Solving local zone with SAT iteration 5...
[SAT] Local CNF: 1030 clauses 

DEBUG: Adding 2 new clauses to MiniSAT (incremental run)
DEBUG: Clause load summary: input=2, added=2, tautologies_skipped=0, duplicates_skipped=0, unit_clauses=0, empties=0, intra_clause_literals_removed=0, added_but_db_unchanged=0
DEBUG: After adding clauses, solver has 916 clauses and 205 variables
DEBUG: MiniSAT found 205 variables
DEBUG: Assignment size: 205
DEBUG: First few assignment values: 1 1 0 1 1 0 1 1 1 0 

=== DEBUG: cnf_assignment_to_paths ===
Input assignment size: 205

=== END DEBUG ===
[SAT] Found 1 vertex collisions and 0 edge collisions
[SAT] Adding collision clauses and solving again...
[SAT] Solving local zone with SAT iteration 6...
[SAT] Local CNF: 1031 clauses 

DEBUG: Adding 1 new clauses to MiniSAT (incremental run)
DEBUG: Clause load summary: input=1, added=1, tautologies_skipped=0, duplicates_skipped=0, unit_clauses=0, empties=0, intra_clause_literals_removed=0, added_but_db_unchanged=0
DEBUG: After adding clauses, solver has 917 clauses and 205 variables
DEBUG: MiniSAT found 205 variables
DEBUG: Assignment size: 205
DEBUG: First few assignment values: 1 1 0 1 1 0 1 1 1 0 

=== DEBUG: cnf_assignment_to_paths ===
Input assignment size: 205

=== END DEBUG ===
[SAT] Found 1 vertex collisions and 0 edge collisions
[SAT] Adding collision clauses and solving again...
[SAT] Solving local zone with SAT iteration 7...
[SAT] Local CNF: 1032 clauses 

DEBUG: Adding 1 new clauses to MiniSAT (incremental run)
DEBUG: Clause load summary: input=1, added=1, tautologies_skipped=0, duplicates_skipped=0, unit_clauses=0, empties=0, intra_clause_literals_removed=0, added_but_db_unchanged=1
DEBUG: After adding clauses, solver has 917 clauses and 205 variables
DEBUG: MiniSAT found 205 variables
DEBUG: Assignment size: 205
DEBUG: First few assignment values: 1 1 0 1 1 0 1 1 1 0 

=== DEBUG: cnf_assignment_to_paths ===
Input assignment size: 205

=== END DEBUG ===
[SAT] Found 0 vertex collisions and 1 edge collisions
[SAT] Adding collision clauses and solving again...
[SAT] Solving local zone with SAT iteration 8...
[SAT] Local CNF: 1033 clauses 

DEBUG: Adding 1 new clauses to MiniSAT (incremental run)
DEBUG: Clause load summary: input=1, added=1, tautologies_skipped=0, duplicates_skipped=0, unit_clauses=0, empties=0, intra_clause_literals_removed=0, added_but_db_unchanged=0
DEBUG: After adding clauses, solver has 918 clauses and 205 variables
DEBUG: MiniSAT found 205 variables
DEBUG: Assignment size: 205
DEBUG: First few assignment values: 1 1 0 1 1 0 1 1 1 0 

=== DEBUG: cnf_assignment_to_paths ===
Input assignment size: 205

=== END DEBUG ===
[SAT] Found 0 vertex collisions and 1 edge collisions
[SAT] Adding collision clauses and solving again...
[SAT] Solving local zone with SAT iteration 9...
[SAT] Local CNF: 1034 clauses 

DEBUG: Adding 1 new clauses to MiniSAT (incremental run)
DEBUG: Clause load summary: input=1, added=1, tautologies_skipped=0, duplicates_skipped=0, unit_clauses=0, empties=0, intra_clause_literals_removed=0, added_but_db_unchanged=0
DEBUG: After adding clauses, solver has 919 clauses and 205 variables
DEBUG: MiniSAT found 205 variables
DEBUG: Assignment size: 205
DEBUG: First few assignment values: 1 1 0 1 1 0 1 1 1 0 

=== DEBUG: cnf_assignment_to_paths ===
Input assignment size: 205

=== END DEBUG ===
[SAT] Found 0 vertex collisions and 0 edge collisions
[SAT] Found collision-free local solution!
[Waiting_time_Solve] Solution found, updating global solution
[LNS] Updating global solution with pseudo-agent local paths...
[Current_Solution] Updating global solution for agent 77
[Current_Solution] Global solution is consistent after updating with local path
[LNS] Successfully updated global solution with pseudo-agent local paths!
[Current_Solution] Updating global solution for agent 56
[Current_Solution] INFO: Segment 56 exit adjusted from 7 to 10 due to waiting time
[Current_Solution] Segment 56 lengthened by 3 timesteps; shifting suffix
[Current_Solution] Global solution is consistent before shifting suffix
[Current_Solution] Global solution is consistent after shifting suffix
[Current_Solution] Global solution is consistent after updating with local path
[LNS] Successfully updated global solution with pseudo-agent local paths!
[Current_Solution] Updating global solution for agent 52
[Current_Solution] INFO: Segment 52 exit adjusted from 7 to 9 due to waiting time
[Current_Solution] Segment 52 lengthened by 2 timesteps; shifting suffix
[Current_Solution] Global solution is consistent before shifting suffix
[Current_Solution] Global solution is consistent after shifting suffix
[Current_Solution] Global solution is consistent after updating with local path
[LNS] Successfully updated global solution with pseudo-agent local paths!
[Current_Solution] Updating global solution for agent 47
[Current_Solution] INFO: Segment 47 exit adjusted from 7 to 13 due to waiting time
[Current_Solution] Segment 47 lengthened by 6 timesteps; shifting suffix
[Current_Solution] Global solution is consistent before shifting suffix
[Current_Solution] Global solution is consistent after shifting suffix
[Current_Solution] Global solution is consistent after updating with local path
[LNS] Successfully updated global solution with pseudo-agent local paths!
[Current_Solution] Updating global solution for agent 49
[Current_Solution] INFO: Segment 49 exit adjusted from 7 to 13 due to waiting time
[Current_Solution] Segment 49 lengthened by 6 timesteps; shifting suffix
[Current_Solution] Global solution is consistent before shifting suffix
[Current_Solution] Global solution is consistent after shifting suffix
[Current_Solution] Global solution is consistent after updating with local path
[LNS] Successfully updated global solution with pseudo-agent local paths!
[Current_Solution] Updating global solution for agent 36
[Current_Solution] Global solution is consistent after updating with local path
[Current_Solution] Global solution is consistent after updating with local path
[LNS] Successfully updated global solution with pseudo-agent local paths!
[Current_Solution] Updating global solution for agent 46
[Current_Solution] INFO: Segment 46 exit adjusted from 7 to 12 due to waiting time
[Current_Solution] Segment 46 lengthened by 5 timesteps; shifting suffix
[Current_Solution] Global solution is consistent before shifting suffix
[Current_Solution] Global solution is consistent after shifting suffix
[Current_Solution] Global solution is consistent after updating with local path
[LNS] Successfully updated global solution with pseudo-agent local paths!
[Current_Solution] Updating global solution for agent 7
[Current_Solution] INFO: Segment 7 exit adjusted from 7 to 8 due to waiting time
[Current_Solution] Segment 7 lengthened by 1 timesteps; shifting suffix
[Current_Solution] Global solution is consistent before shifting suffix
[Current_Solution] Global solution is consistent after shifting suffix
[Current_Solution] Global solution is consistent after updating with local path
[LNS] Successfully updated global solution with pseudo-agent local paths!
[Current_Solution] Updating global solution for agent 3
[Current_Solution] INFO: Segment 3 exit adjusted from 7 to 13 due to waiting time
[Current_Solution] Segment 3 lengthened by 6 timesteps; shifting suffix
[Current_Solution] Global solution is consistent before shifting suffix
[Current_Solution] Global solution is consistent after shifting suffix
[Current_Solution] Global solution is consistent after updating with local path
[LNS] Successfully updated global solution with pseudo-agent local paths!
[LNS] Updating path map with new local paths...
[LNS] Successfully updated global solution with local paths and pseudo agents!
[Solve_local_zone] Successfully solved local zone
[LNS] Successfully solved local zone
[LNS] Analyzing conflicts...
[LNS] Current solution: vertex collisions=88, edge collisions=16
[LNS] Creating conflict buckets...
[LOCAL ZONE] Building diamond bucket for conflict 0
[LOCAL ZONE] Built diamond bucket for conflict 0 with 5 positions, 1 conflicts, 4 - 4 time window
[LNS] Selected most relevant bucket 0 with time window: 4 - 4, 1 conflicts and 5 positions.
[LNS] Solving the best bucket Local Zone...
[Solve_local_zone] Current local zone size: 5 (0.542299% of all walkable positions)
[Solve_local_zone] Local zone time window: [3, 5]
[Create_Local_problem] Agent 16 contiguous intervals: [3, 5] 
[Create_Local_problem] Agent 16 exited the zone at exit time 5
[Create_Local_problem] Agent 54 contiguous intervals: [3, 5] 
[Create_Local_problem] Agent 54 exited the zone at exit time 5
[Waiting_time_Solve] Total available waiting time: 1943
[Waiting_time_Solve] Iteration 0...
[SAT] Start solving CNF: 10 clauses and 6 variables
[SAT] Solving local zone with SAT iteration 1...
[SAT] Local CNF: 10 clauses 

DEBUG: Adding 10 new clauses to MiniSAT (incremental run)
DEBUG: Clause load summary: input=10, added=10, tautologies_skipped=0, duplicates_skipped=0, unit_clauses=6, empties=0, intra_clause_literals_removed=0, added_but_db_unchanged=4
DEBUG: After adding clauses, solver has 0 clauses and 6 variables
DEBUG: MiniSAT found 6 variables
DEBUG: Assignment size: 6
DEBUG: First few assignment values: 1 1 1 1 1 1 

=== DEBUG: cnf_assignment_to_paths ===
Input assignment size: 6

=== END DEBUG ===
[SAT] Found 1 vertex collisions and 0 edge collisions
[SAT] Adding collision clauses and solving again...
[SAT] Solving local zone with SAT iteration 2...
[SAT] Local CNF: 11 clauses 

DEBUG: Adding 1 new clauses to MiniSAT (incremental run)
[SAT] Local problem is unsatisfiable after 2 iterations
[SAT] Local problem appears to be unsatisfiable in current zone
[Waiting_time_Solve] No solution found, trying to apply waiting time:1
[Waiting_time_Solve] Applying waiting time delta 1 to segment 16
[Waiting_time_Solve] Original id: 16
[Create_Local_Problem] MDD already aligned to the time window
[Waiting_time_Solve] Path length: 47
[Waiting_time_Solve] Makespan: 46
[Waiting_time_Solve] Segment exit time: 6
[Waiting_time_Solve] Path length after shifting suffix: 47
[Waiting_time_Solve] path length after inserting segment path: 47
[Waiting_time_Solve] inserting following segments
[Waiting_time_Solve] curren pos_it: 0
[Waiting_time_Solve] pushing new path into current solution
[Waiting_time_Solve] New path is consistent after applying waiting time for agent 16
[Current_Solution] Agent 16 used 1 waiting timesteps, 30 remaining
[Waiting_time_Solve] Applied 1 waiting time to segment 16 for agent 16
[Waiting_time_Solve] Waiting time applied
[Waiting_time_Solve] Extended Zone end time from 5 to 6
[Create_Local_Problem] Agent 16 is being scanned from timestep 6 to 6
[Create_Local_problem] Agent 16 contiguous intervals: [6, 6] 
[Create_Local_problem] Agent 16 exited the zone at exit time 6
[Create_Local_Problem] Agent 16 is already extended to the end of the previous zone: 6
[Waiting_time_Solve] Iteration 1...
[SAT] Start solving CNF: 16 clauses and 9 variables
[SAT] Solving local zone with SAT iteration 1...
[SAT] Local CNF: 17 clauses 

DEBUG: Adding 17 new clauses to MiniSAT (incremental run)
DEBUG: Clause load summary: input=17, added=17, tautologies_skipped=0, duplicates_skipped=0, unit_clauses=5, empties=0, intra_clause_literals_removed=0, added_but_db_unchanged=5
DEBUG: After adding clauses, solver has 7 clauses and 9 variables
DEBUG: MiniSAT found 9 variables
DEBUG: Assignment size: 9
DEBUG: First few assignment values: 1 1 1 1 0 1 0 1 1 

=== DEBUG: cnf_assignment_to_paths ===
Input assignment size: 9

=== END DEBUG ===
[SAT] Found 0 vertex collisions and 0 edge collisions
[SAT] Found collision-free local solution!
[Waiting_time_Solve] Solution found, updating global solution
[LNS] Updating global solution with pseudo-agent local paths...
[Current_Solution] Updating global solution for agent 54
[Current_Solution] Global solution is consistent after updating with local path
[LNS] Successfully updated global solution with pseudo-agent local paths!
[Current_Solution] Updating global solution for agent 16
[Current_Solution] INFO: Segment 16 exit adjusted from 5 to 6 due to waiting time
[Current_Solution] Segment 16 lengthened by 1 timesteps; shifting suffix
[Current_Solution] Global solution is consistent before shifting suffix
[Current_Solution] Global solution is consistent after shifting suffix
[Current_Solution] Global solution is consistent after updating with local path
[LNS] Successfully updated global solution with pseudo-agent local paths!
[LNS] Updating path map with new local paths...
[LNS] Successfully updated global solution with local paths and pseudo agents!
[Solve_local_zone] Successfully solved local zone
[LNS] Successfully solved local zone
[LNS] Analyzing conflicts...
[LNS] Current solution: vertex collisions=88, edge collisions=15
[LNS] Creating conflict buckets...
[LOCAL ZONE] Building diamond bucket for conflict 0
[LOCAL ZONE] Built diamond bucket for conflict 0 with 4 positions, 1 conflicts, 5 - 5 time window
[LNS] Selected most relevant bucket 0 with time window: 5 - 5, 1 conflicts and 4 positions.
[LNS] Solving the best bucket Local Zone...
[Solve_local_zone] Current local zone size: 4 (0.433839% of all walkable positions)
[Solve_local_zone] Local zone time window: [4, 6]
[Create_Local_problem] Agent 19 contiguous intervals: [4, 6] 
[Create_Local_problem] Agent 19 exited the zone at exit time 6
[Current_Solution] Agent 19 used 5 waiting timesteps, 40 remaining
[Create_Local_problem] Agent 38 contiguous intervals: [4, 6] 
[Create_Local_problem] Agent 38 exited the zone at exit time 6
[Waiting_time_Solve] Total available waiting time: 1937
[Waiting_time_Solve] Iteration 0...
[SAT] Start solving CNF: 19 clauses and 9 variables
[SAT] Solving local zone with SAT iteration 1...
[SAT] Local CNF: 19 clauses 

DEBUG: Adding 19 new clauses to MiniSAT (incremental run)
DEBUG: Clause load summary: input=19, added=19, tautologies_skipped=0, duplicates_skipped=0, unit_clauses=5, empties=0, intra_clause_literals_removed=0, added_but_db_unchanged=6
DEBUG: After adding clauses, solver has 8 clauses and 9 variables
DEBUG: MiniSAT found 9 variables
DEBUG: Assignment size: 9
DEBUG: First few assignment values: 1 1 1 1 0 1 0 0 1 

=== DEBUG: cnf_assignment_to_paths ===
Input assignment size: 9

=== END DEBUG ===
[SAT] Found 0 vertex collisions and 0 edge collisions
[SAT] Found collision-free local solution!
[Waiting_time_Solve] Solution found, updating global solution
[LNS] Updating global solution with pseudo-agent local paths...
[Current_Solution] Updating global solution for agent 38
[Current_Solution] Global solution is consistent after updating with local path
[LNS] Successfully updated global solution with pseudo-agent local paths!
[Current_Solution] Updating global solution for agent 19
[Current_Solution] Global solution is consistent after updating with local path
[LNS] Successfully updated global solution with pseudo-agent local paths!
[LNS] Updating path map with new local paths...
[LNS] Successfully updated global solution with local paths and pseudo agents!
[Solve_local_zone] Successfully solved local zone
[LNS] Successfully solved local zone
[LNS] Analyzing conflicts...
[LNS] Current solution: vertex collisions=87, edge collisions=15
[LNS] Creating conflict buckets...
[LOCAL ZONE] Building diamond bucket for conflict 0
[LOCAL ZONE] Built diamond bucket for conflict 0 with 5 positions, 1 conflicts, 6 - 6 time window
[LOCAL ZONE] Building diamond bucket for conflict 1
[LOCAL ZONE] Built diamond bucket for conflict 1 with 5 positions, 1 conflicts, 6 - 6 time window
[LOCAL ZONE] Building diamond bucket for conflict 87
[LOCAL ZONE] Built diamond bucket for conflict 87 with 8 positions, 1 conflicts, 6 - 6 time window
[LNS] Selected most relevant bucket 87 with time window: 6 - 6, 1 conflicts and 8 positions.
[LNS] Solving the best bucket Local Zone...
[Solve_local_zone] Current local zone size: 8 (0.867679% of all walkable positions)
[Solve_local_zone] Local zone time window: [5, 7]
[Create_Local_problem] Agent 48 contiguous intervals: [5, 7] 
[Create_Local_problem] Agent 48 exited the zone at exit time 7
[Create_Local_problem] Agent 55 contiguous intervals: [5, 6] 
[Create_Local_problem] Agent 55 exited the zone at exit time 6
[Create_Local_problem] Agent 73 contiguous intervals: [5, 7] 
[Create_Local_problem] Agent 73 exited the zone at exit time 7
[Waiting_time_Solve] Total available waiting time: 1937
[Waiting_time_Solve] Iteration 0...
[SAT] Start solving CNF: 15 clauses and 9 variables
[SAT] Solving local zone with SAT iteration 1...
[SAT] Local CNF: 15 clauses 

DEBUG: Adding 15 new clauses to MiniSAT (incremental run)
DEBUG: Clause load summary: input=15, added=15, tautologies_skipped=0, duplicates_skipped=0, unit_clauses=7, empties=0, intra_clause_literals_removed=0, added_but_db_unchanged=5
DEBUG: After adding clauses, solver has 3 clauses and 9 variables
DEBUG: MiniSAT found 9 variables
DEBUG: Assignment size: 9
DEBUG: First few assignment values: 1 0 1 1 1 1 1 1 1 

=== DEBUG: cnf_assignment_to_paths ===
Input assignment size: 9

=== END DEBUG ===
[SAT] Found 0 vertex collisions and 1 edge collisions
[SAT] Adding collision clauses and solving again...
[SAT] Solving local zone with SAT iteration 2...
[SAT] Local CNF: 16 clauses 

DEBUG: Adding 1 new clauses to MiniSAT (incremental run)
DEBUG: Clause load summary: input=1, added=1, tautologies_skipped=0, duplicates_skipped=0, unit_clauses=0, empties=0, intra_clause_literals_removed=0, added_but_db_unchanged=1
DEBUG: After adding clauses, solver has 3 clauses and 9 variables
DEBUG: MiniSAT found 9 variables
DEBUG: Assignment size: 9
DEBUG: First few assignment values: 1 1 0 1 1 1 1 1 1 

=== DEBUG: cnf_assignment_to_paths ===
Input assignment size: 9

=== END DEBUG ===
[SAT] Found 0 vertex collisions and 0 edge collisions
[SAT] Found collision-free local solution!
[Waiting_time_Solve] Solution found, updating global solution
[LNS] Updating global solution with pseudo-agent local paths...
[Current_Solution] Updating global solution for agent 73
[Current_Solution] Global solution is consistent after updating with local path
[LNS] Successfully updated global solution with pseudo-agent local paths!
[Current_Solution] Updating global solution for agent 55
[Current_Solution] Global solution is consistent after updating with local path
[LNS] Successfully updated global solution with pseudo-agent local paths!
[Current_Solution] Updating global solution for agent 48
[Current_Solution] Global solution is consistent after updating with local path
[LNS] Successfully updated global solution with pseudo-agent local paths!
[LNS] Updating path map with new local paths...
[LNS] Successfully updated global solution with local paths and pseudo agents!
[Solve_local_zone] Successfully solved local zone
[LNS] Successfully solved local zone
[LNS] Analyzing conflicts...
[LNS] Current solution: vertex collisions=87, edge collisions=14
[LNS] Creating conflict buckets...
[LOCAL ZONE] Building diamond bucket for conflict 0
[LOCAL ZONE] Built diamond bucket for conflict 0 with 5 positions, 1 conflicts, 6 - 6 time window
[LOCAL ZONE] Building diamond bucket for conflict 1
[LOCAL ZONE] Built diamond bucket for conflict 1 with 5 positions, 1 conflicts, 6 - 6 time window
[LNS] Selected most relevant bucket 0 with time window: 6 - 6, 1 conflicts and 5 positions.
[LNS] Solving the best bucket Local Zone...
[Solve_local_zone] Current local zone size: 5 (0.542299% of all walkable positions)
[Solve_local_zone] Local zone time window: [5, 7]
[Create_Local_problem] Agent 76 contiguous intervals: [5, 7] 
[Create_Local_problem] Agent 76 exited the zone at exit time 7
[Create_Local_problem] Agent 79 contiguous intervals: [5, 7] 
[Create_Local_problem] Agent 79 exited the zone at exit time 7
[Waiting_time_Solve] Total available waiting time: 1937
[Waiting_time_Solve] Iteration 0...
[SAT] Start solving CNF: 10 clauses and 6 variables
[SAT] Solving local zone with SAT iteration 1...
[SAT] Local CNF: 10 clauses 

DEBUG: Adding 10 new clauses to MiniSAT (incremental run)
DEBUG: Clause load summary: input=10, added=10, tautologies_skipped=0, duplicates_skipped=0, unit_clauses=6, empties=0, intra_clause_literals_removed=0, added_but_db_unchanged=4
DEBUG: After adding clauses, solver has 0 clauses and 6 variables
DEBUG: MiniSAT found 6 variables
DEBUG: Assignment size: 6
DEBUG: First few assignment values: 1 1 1 1 1 1 

=== DEBUG: cnf_assignment_to_paths ===
Input assignment size: 6

=== END DEBUG ===
[SAT] Found 1 vertex collisions and 0 edge collisions
[SAT] Adding collision clauses and solving again...
[SAT] Solving local zone with SAT iteration 2...
[SAT] Local CNF: 11 clauses 

DEBUG: Adding 1 new clauses to MiniSAT (incremental run)
[SAT] Local problem is unsatisfiable after 2 iterations
[SAT] Local problem appears to be unsatisfiable in current zone
[Waiting_time_Solve] No solution found, trying to apply waiting time:1
[Waiting_time_Solve] Applying waiting time delta 1 to segment 76
[Waiting_time_Solve] Original id: 76
[Create_Local_Problem] MDD already aligned to the time window
[Waiting_time_Solve] Path length: 47
[Waiting_time_Solve] Makespan: 46
[Waiting_time_Solve] Segment exit time: 8
[Waiting_time_Solve] Path length after shifting suffix: 47
[Waiting_time_Solve] path length after inserting segment path: 47
[Waiting_time_Solve] inserting following segments
[Waiting_time_Solve] curren pos_it: 0
[Waiting_time_Solve] pushing new path into current solution
[Waiting_time_Solve] New path is consistent after applying waiting time for agent 76
[Current_Solution] Agent 76 used 1 waiting timesteps, 36 remaining
[Waiting_time_Solve] Applied 1 waiting time to segment 76 for agent 76
[Waiting_time_Solve] Waiting time applied
[Waiting_time_Solve] Extended Zone end time from 7 to 8
[Create_Local_Problem] Agent 76 is being scanned from timestep 8 to 8
[Create_Local_problem] Agent 76 contiguous intervals: [8, 8] 
[Create_Local_problem] Agent 76 exited the zone at exit time 8
[Create_Local_Problem] Agent 76 is already extended to the end of the previous zone: 8
[Waiting_time_Solve] Iteration 1...
[SAT] Start solving CNF: 16 clauses and 9 variables
[SAT] Solving local zone with SAT iteration 1...
[SAT] Local CNF: 17 clauses 

DEBUG: Adding 17 new clauses to MiniSAT (incremental run)
DEBUG: Clause load summary: input=17, added=17, tautologies_skipped=0, duplicates_skipped=0, unit_clauses=5, empties=0, intra_clause_literals_removed=0, added_but_db_unchanged=5
DEBUG: After adding clauses, solver has 7 clauses and 9 variables
DEBUG: MiniSAT found 9 variables
DEBUG: Assignment size: 9
DEBUG: First few assignment values: 1 1 1 1 0 1 0 1 1 

=== DEBUG: cnf_assignment_to_paths ===
Input assignment size: 9

=== END DEBUG ===
[SAT] Found 0 vertex collisions and 0 edge collisions
[SAT] Found collision-free local solution!
[Waiting_time_Solve] Solution found, updating global solution
[LNS] Updating global solution with pseudo-agent local paths...
[Current_Solution] Updating global solution for agent 79
[Current_Solution] Global solution is consistent after updating with local path
[LNS] Successfully updated global solution with pseudo-agent local paths!
[Current_Solution] Updating global solution for agent 76
[Current_Solution] INFO: Segment 76 exit adjusted from 7 to 8 due to waiting time
[Current_Solution] Segment 76 lengthened by 1 timesteps; shifting suffix
[Current_Solution] Global solution is consistent before shifting suffix
[Current_Solution] Global solution is consistent after shifting suffix
[Current_Solution] Global solution is consistent after updating with local path
[LNS] Successfully updated global solution with pseudo-agent local paths!
[LNS] Updating path map with new local paths...
[LNS] Successfully updated global solution with local paths and pseudo agents!
[Solve_local_zone] Successfully solved local zone
[LNS] Successfully solved local zone
[LNS] Analyzing conflicts...
[LNS] Current solution: vertex collisions=87, edge collisions=13
[LNS] Creating conflict buckets...
[LOCAL ZONE] Building diamond bucket for conflict 0
[LOCAL ZONE] Built diamond bucket for conflict 0 with 5 positions, 1 conflicts, 6 - 6 time window
[LNS] Selected most relevant bucket 0 with time window: 6 - 6, 1 conflicts and 5 positions.
[LNS] Solving the best bucket Local Zone...
[Solve_local_zone] Current local zone size: 5 (0.542299% of all walkable positions)
[Solve_local_zone] Local zone time window: [5, 7]
[Create_Local_problem] Agent 9 contiguous intervals: [5, 7] 
[Create_Local_problem] Agent 9 exited the zone at exit time 7
[Create_Local_problem] Agent 25 contiguous intervals: [5, 7] 
[Create_Local_problem] Agent 25 exited the zone at exit time 7
[Create_Local_problem] Agent 45 contiguous intervals: [5, 6] 
[Create_Local_problem] Agent 45 exited the zone at exit time 6
[Waiting_time_Solve] Total available waiting time: 1936
[Waiting_time_Solve] Iteration 0...
[SAT] Start solving CNF: 13 clauses and 8 variables
[SAT] Solving local zone with SAT iteration 1...
[SAT] Local CNF: 13 clauses 

DEBUG: Adding 13 new clauses to MiniSAT (incremental run)
DEBUG: Clause load summary: input=13, added=13, tautologies_skipped=0, duplicates_skipped=0, unit_clauses=8, empties=0, intra_clause_literals_removed=0, added_but_db_unchanged=5
DEBUG: After adding clauses, solver has 0 clauses and 8 variables
DEBUG: MiniSAT found 8 variables
DEBUG: Assignment size: 8
DEBUG: First few assignment values: 1 1 1 1 1 1 1 1 

=== DEBUG: cnf_assignment_to_paths ===
Input assignment size: 8

=== END DEBUG ===
[SAT] Found 1 vertex collisions and 0 edge collisions
[SAT] Adding collision clauses and solving again...
[SAT] Solving local zone with SAT iteration 2...
[SAT] Local CNF: 14 clauses 

DEBUG: Adding 1 new clauses to MiniSAT (incremental run)
[SAT] Local problem is unsatisfiable after 2 iterations
[SAT] Local problem appears to be unsatisfiable in current zone
[Waiting_time_Solve] No solution found, trying to apply waiting time:1
[Waiting_time_Solve] Applying waiting time delta 1 to segment 25
[Waiting_time_Solve] Original id: 25
[Create_Local_Problem] MDD already aligned to the time window
[Waiting_time_Solve] Path length: 47
[Waiting_time_Solve] Makespan: 46
[Waiting_time_Solve] Segment exit time: 8
[Waiting_time_Solve] Path length after shifting suffix: 47
[Waiting_time_Solve] path length after inserting segment path: 47
[Waiting_time_Solve] inserting following segments
[Waiting_time_Solve] curren pos_it: 1
[Waiting_time_Solve] pushing new path into current solution
[Waiting_time_Solve] New path is consistent after applying waiting time for agent 25
[Current_Solution] Agent 25 used 1 waiting timesteps, 37 remaining
[Waiting_time_Solve] Applied 1 waiting time to segment 25 for agent 25
[Waiting_time_Solve] Waiting time applied
[Waiting_time_Solve] Extended Zone end time from 7 to 8
[Create_Local_Problem] Agent 25 is being scanned from timestep 8 to 8
[Create_Local_problem] Agent 25 contiguous intervals: [8, 8] 
[Create_Local_problem] Agent 25 exited the zone at exit time 8
[Create_Local_Problem] Agent 25 is already extended to the end of the previous zone: 8
[Waiting_time_Solve] Iteration 1...
[SAT] Start solving CNF: 19 clauses and 11 variables
[SAT] Solving local zone with SAT iteration 1...
[SAT] Local CNF: 20 clauses 

DEBUG: Adding 20 new clauses to MiniSAT (incremental run)
DEBUG: Clause load summary: input=20, added=20, tautologies_skipped=0, duplicates_skipped=0, unit_clauses=7, empties=0, intra_clause_literals_removed=0, added_but_db_unchanged=6
DEBUG: After adding clauses, solver has 7 clauses and 11 variables
DEBUG: MiniSAT found 11 variables
DEBUG: Assignment size: 11
DEBUG: First few assignment values: 1 1 1 0 1 0 1 1 1 1 

=== DEBUG: cnf_assignment_to_paths ===
Input assignment size: 11

=== END DEBUG ===
[SAT] Found 0 vertex collisions and 0 edge collisions
[SAT] Found collision-free local solution!
[Waiting_time_Solve] Solution found, updating global solution
[LNS] Updating global solution with pseudo-agent local paths...
[Current_Solution] Updating global solution for agent 45
[Current_Solution] Global solution is consistent after updating with local path
[LNS] Successfully updated global solution with pseudo-agent local paths!
[Current_Solution] Updating global solution for agent 25
[Current_Solution] INFO: Segment 25 exit adjusted from 7 to 8 due to waiting time
[Current_Solution] Segment 25 lengthened by 1 timesteps; shifting suffix
[Current_Solution] Global solution is consistent before shifting suffix
[Current_Solution] Global solution is consistent after shifting suffix
[Current_Solution] Global solution is consistent after updating with local path
[LNS] Successfully updated global solution with pseudo-agent local paths!
[Current_Solution] Updating global solution for agent 9
[Current_Solution] Global solution is consistent after updating with local path
[LNS] Successfully updated global solution with pseudo-agent local paths!
[LNS] Updating path map with new local paths...
[LNS] Successfully updated global solution with local paths and pseudo agents!
[Solve_local_zone] Successfully solved local zone
[LNS] Successfully solved local zone
[LNS] Analyzing conflicts...
[LNS] Current solution: vertex collisions=86, edge collisions=13
[LNS] Creating conflict buckets...
[LOCAL ZONE] Building diamond bucket for conflict 0
[LOCAL ZONE] Built diamond bucket for conflict 0 with 5 positions, 1 conflicts, 7 - 7 time window
[LOCAL ZONE] Building diamond bucket for conflict 1
[LOCAL ZONE] Built diamond bucket for conflict 1 with 5 positions, 1 conflicts, 7 - 7 time window
[LOCAL ZONE] Building diamond bucket for conflict 2
[LOCAL ZONE] Built diamond bucket for conflict 2 with 5 positions, 1 conflicts, 7 - 7 time window
[LNS] Selected most relevant bucket 0 with time window: 7 - 7, 1 conflicts and 5 positions.
[LNS] Solving the best bucket Local Zone...
[Solve_local_zone] Current local zone size: 5 (0.542299% of all walkable positions)
[Solve_local_zone] Local zone time window: [6, 8]
[Create_Local_problem] Agent 37 contiguous intervals: [6, 8] 
[Create_Local_problem] Agent 37 exited the zone at exit time 8
[Current_Solution] Agent 37 used 4 waiting timesteps, 38 remaining
[Create_Local_problem] Agent 60 contiguous intervals: [6, 8] 
[Create_Local_problem] Agent 60 exited the zone at exit time 8
[Waiting_time_Solve] Total available waiting time: 1931
[Waiting_time_Solve] Iteration 0...
[SAT] Start solving CNF: 24 clauses and 10 variables
[SAT] Solving local zone with SAT iteration 1...
[SAT] Local CNF: 24 clauses 

DEBUG: Adding 24 new clauses to MiniSAT (incremental run)
DEBUG: Clause load summary: input=24, added=24, tautologies_skipped=0, duplicates_skipped=0, unit_clauses=5, empties=0, intra_clause_literals_removed=0, added_but_db_unchanged=7
DEBUG: After adding clauses, solver has 12 clauses and 10 variables
DEBUG: MiniSAT found 10 variables
DEBUG: Assignment size: 10
DEBUG: First few assignment values: 1 1 1 1 0 1 0 0 0 1 

=== DEBUG: cnf_assignment_to_paths ===
Input assignment size: 10

=== END DEBUG ===
[SAT] Found 0 vertex collisions and 1 edge collisions
[SAT] Adding collision clauses and solving again...
[SAT] Solving local zone with SAT iteration 2...
[SAT] Local CNF: 25 clauses 

DEBUG: Adding 1 new clauses to MiniSAT (incremental run)
DEBUG: Clause load summary: input=1, added=1, tautologies_skipped=0, duplicates_skipped=0, unit_clauses=0, empties=0, intra_clause_literals_removed=0, added_but_db_unchanged=1
DEBUG: After adding clauses, solver has 12 clauses and 10 variables
DEBUG: MiniSAT found 10 variables
DEBUG: Assignment size: 10
DEBUG: First few assignment values: 1 1 1 1 0 0 1 0 0 1 

=== DEBUG: cnf_assignment_to_paths ===
Input assignment size: 10

=== END DEBUG ===
[SAT] Found 0 vertex collisions and 0 edge collisions
[SAT] Found collision-free local solution!
[Waiting_time_Solve] Solution found, updating global solution
[LNS] Updating global solution with pseudo-agent local paths...
[Current_Solution] Updating global solution for agent 60
[Current_Solution] Global solution is consistent after updating with local path
[LNS] Successfully updated global solution with pseudo-agent local paths!
[Current_Solution] Updating global solution for agent 37
[Current_Solution] Global solution is consistent after updating with local path
[LNS] Successfully updated global solution with pseudo-agent local paths!
[LNS] Updating path map with new local paths...
[LNS] Successfully updated global solution with local paths and pseudo agents!
[Solve_local_zone] Successfully solved local zone
[LNS] Successfully solved local zone
[LNS] Analyzing conflicts...
[LNS] Current solution: vertex collisions=85, edge collisions=13
[LNS] Creating conflict buckets...
[LOCAL ZONE] Building diamond bucket for conflict 0
[LOCAL ZONE] Built diamond bucket for conflict 0 with 5 positions, 1 conflicts, 7 - 7 time window
[LOCAL ZONE] Building diamond bucket for conflict 1
[LOCAL ZONE] Built diamond bucket for conflict 1 with 5 positions, 1 conflicts, 7 - 7 time window
[LNS] Selected most relevant bucket 0 with time window: 7 - 7, 1 conflicts and 5 positions.
[LNS] Solving the best bucket Local Zone...
[Solve_local_zone] Current local zone size: 5 (0.542299% of all walkable positions)
[Solve_local_zone] Local zone time window: [6, 8]
[Create_Local_problem] Agent 27 contiguous intervals: [6, 8] 
[Create_Local_problem] Agent 27 exited the zone at exit time 8
[Create_Local_problem] Agent 65 contiguous intervals: [6, 8] 
[Create_Local_problem] Agent 65 exited the zone at exit time 8
[Waiting_time_Solve] Total available waiting time: 1931
[Waiting_time_Solve] Iteration 0...
[SAT] Start solving CNF: 10 clauses and 6 variables
[SAT] Solving local zone with SAT iteration 1...
[SAT] Local CNF: 10 clauses 

DEBUG: Adding 10 new clauses to MiniSAT (incremental run)
DEBUG: Clause load summary: input=10, added=10, tautologies_skipped=0, duplicates_skipped=0, unit_clauses=6, empties=0, intra_clause_literals_removed=0, added_but_db_unchanged=4
DEBUG: After adding clauses, solver has 0 clauses and 6 variables
DEBUG: MiniSAT found 6 variables
DEBUG: Assignment size: 6
DEBUG: First few assignment values: 1 1 1 1 1 1 

=== DEBUG: cnf_assignment_to_paths ===
Input assignment size: 6

=== END DEBUG ===
[SAT] Found 1 vertex collisions and 0 edge collisions
[SAT] Adding collision clauses and solving again...
[SAT] Solving local zone with SAT iteration 2...
[SAT] Local CNF: 11 clauses 

DEBUG: Adding 1 new clauses to MiniSAT (incremental run)
[SAT] Local problem is unsatisfiable after 2 iterations
[SAT] Local problem appears to be unsatisfiable in current zone
[Waiting_time_Solve] No solution found, trying to apply waiting time:1
[Waiting_time_Solve] Applying waiting time delta 1 to segment 65
[Waiting_time_Solve] Original id: 65
[Create_Local_Problem] MDD already aligned to the time window
[Waiting_time_Solve] Path length: 47
[Waiting_time_Solve] Makespan: 46
[Waiting_time_Solve] Segment exit time: 9
[Waiting_time_Solve] Path length after shifting suffix: 47
[Waiting_time_Solve] path length after inserting segment path: 47
[Waiting_time_Solve] inserting following segments
[Waiting_time_Solve] curren pos_it: 1
[Waiting_time_Solve] pushing new path into current solution
[Waiting_time_Solve] New path is consistent after applying waiting time for agent 65
[Current_Solution] Agent 65 used 1 waiting timesteps, 30 remaining
[Waiting_time_Solve] Applied 1 waiting time to segment 65 for agent 65
[Waiting_time_Solve] Waiting time applied
[Waiting_time_Solve] Extended Zone end time from 8 to 9
[Create_Local_Problem] Agent 65 is being scanned from timestep 9 to 9
[Create_Local_problem] Agent 65 contiguous intervals: [9, 9] 
[Create_Local_problem] Agent 65 exited the zone at exit time 9
[Create_Local_Problem] Agent 65 is already extended to the end of the previous zone: 9
[Waiting_time_Solve] Iteration 1...
[SAT] Start solving CNF: 16 clauses and 9 variables
[SAT] Solving local zone with SAT iteration 1...
[SAT] Local CNF: 17 clauses 

DEBUG: Adding 17 new clauses to MiniSAT (incremental run)
DEBUG: Clause load summary: input=17, added=17, tautologies_skipped=0, duplicates_skipped=0, unit_clauses=5, empties=0, intra_clause_literals_removed=0, added_but_db_unchanged=5
DEBUG: After adding clauses, solver has 7 clauses and 9 variables
DEBUG: MiniSAT found 9 variables
DEBUG: Assignment size: 9
DEBUG: First few assignment values: 1 0 1 0 1 1 1 1 1 

=== DEBUG: cnf_assignment_to_paths ===
Input assignment size: 9

=== END DEBUG ===
[SAT] Found 0 vertex collisions and 0 edge collisions
[SAT] Found collision-free local solution!
[Waiting_time_Solve] Solution found, updating global solution
[LNS] Updating global solution with pseudo-agent local paths...
[Current_Solution] Updating global solution for agent 65
[Current_Solution] INFO: Segment 65 exit adjusted from 8 to 9 due to waiting time
[Current_Solution] Segment 65 lengthened by 1 timesteps; shifting suffix
[Current_Solution] Global solution is consistent before shifting suffix
[Current_Solution] Global solution is consistent after shifting suffix
[Current_Solution] Global solution is consistent after updating with local path
[LNS] Successfully updated global solution with pseudo-agent local paths!
[Current_Solution] Updating global solution for agent 27
[Current_Solution] Global solution is consistent after updating with local path
[LNS] Successfully updated global solution with pseudo-agent local paths!
[LNS] Updating path map with new local paths...
[LNS] Successfully updated global solution with local paths and pseudo agents!
[Solve_local_zone] Successfully solved local zone
[LNS] Successfully solved local zone
[LNS] Analyzing conflicts...
[LNS] Current solution: vertex collisions=84, edge collisions=13
[LNS] Creating conflict buckets...
[LOCAL ZONE] Building diamond bucket for conflict 0
[LOCAL ZONE] Built diamond bucket for conflict 0 with 5 positions, 1 conflicts, 7 - 7 time window
[LNS] Selected most relevant bucket 0 with time window: 7 - 7, 1 conflicts and 5 positions.
[LNS] Solving the best bucket Local Zone...
[Solve_local_zone] Current local zone size: 5 (0.542299% of all walkable positions)
[Solve_local_zone] Local zone time window: [6, 8]
[Create_Local_problem] Agent 16 contiguous intervals: [6, 8] 
[Create_Local_problem] Agent 16 exited the zone at exit time 8
[Create_Local_problem] Agent 57 contiguous intervals: [6, 8] 
[Create_Local_problem] Agent 57 exited the zone at exit time 8
[Waiting_time_Solve] Total available waiting time: 1930
[Waiting_time_Solve] Iteration 0...
[SAT] Start solving CNF: 10 clauses and 6 variables
[SAT] Solving local zone with SAT iteration 1...
[SAT] Local CNF: 10 clauses 

DEBUG: Adding 10 new clauses to MiniSAT (incremental run)
DEBUG: Clause load summary: input=10, added=10, tautologies_skipped=0, duplicates_skipped=0, unit_clauses=6, empties=0, intra_clause_literals_removed=0, added_but_db_unchanged=4
DEBUG: After adding clauses, solver has 0 clauses and 6 variables
DEBUG: MiniSAT found 6 variables
DEBUG: Assignment size: 6
DEBUG: First few assignment values: 1 1 1 1 1 1 

=== DEBUG: cnf_assignment_to_paths ===
Input assignment size: 6

=== END DEBUG ===
[SAT] Found 1 vertex collisions and 0 edge collisions
[SAT] Adding collision clauses and solving again...
[SAT] Solving local zone with SAT iteration 2...
[SAT] Local CNF: 11 clauses 

DEBUG: Adding 1 new clauses to MiniSAT (incremental run)
[SAT] Local problem is unsatisfiable after 2 iterations
[SAT] Local problem appears to be unsatisfiable in current zone
[Waiting_time_Solve] No solution found, trying to apply waiting time:1
[Waiting_time_Solve] Applying waiting time delta 1 to segment 16
[Waiting_time_Solve] Original id: 16
[Create_Local_Problem] MDD already aligned to the time window
[Waiting_time_Solve] Path length: 47
[Waiting_time_Solve] Makespan: 46
[Waiting_time_Solve] Segment exit time: 9
[Waiting_time_Solve] Path length after shifting suffix: 47
[Waiting_time_Solve] path length after inserting segment path: 47
[Waiting_time_Solve] inserting following segments
[Waiting_time_Solve] curren pos_it: 0
[Waiting_time_Solve] pushing new path into current solution
[Waiting_time_Solve] New path is consistent after applying waiting time for agent 16
[Current_Solution] Agent 16 used 1 waiting timesteps, 29 remaining
[Waiting_time_Solve] Applied 1 waiting time to segment 16 for agent 16
[Waiting_time_Solve] Waiting time applied
[Waiting_time_Solve] Extended Zone end time from 8 to 9
[Create_Local_Problem] Agent 16 is being scanned from timestep 9 to 9
[Create_Local_problem] Agent 16 contiguous intervals: [9, 9] 
[Create_Local_problem] Agent 16 exited the zone at exit time 9
[Create_Local_Problem] Agent 16 is already extended to the end of the previous zone: 9
[Create_Local_Problem] Agent 34 is being scanned from timestep 9 to 9
[Create_Local_problem] Agent 34 contiguous intervals: [9, 9] 
[Create_Local_problem] Agent 34 exited the zone at exit time 9
[Create_Local_Problem] Agent 34 is new in the zone
[Waiting_time_Solve] Iteration 1...
[SAT] Start solving CNF: 17 clauses and 10 variables
[SAT] Solving local zone with SAT iteration 1...
[SAT] Local CNF: 18 clauses 

DEBUG: Adding 18 new clauses to MiniSAT (incremental run)
DEBUG: Clause load summary: input=18, added=18, tautologies_skipped=0, duplicates_skipped=0, unit_clauses=6, empties=0, intra_clause_literals_removed=0, added_but_db_unchanged=5
DEBUG: After adding clauses, solver has 7 clauses and 10 variables
DEBUG: MiniSAT found 10 variables
DEBUG: Assignment size: 10
DEBUG: First few assignment values: 1 1 1 1 1 0 1 0 1 1 

=== DEBUG: cnf_assignment_to_paths ===
Input assignment size: 10

=== END DEBUG ===
[SAT] Found 0 vertex collisions and 0 edge collisions
[SAT] Found collision-free local solution!
[Waiting_time_Solve] Solution found, updating global solution
[LNS] Updating global solution with pseudo-agent local paths...
[Current_Solution] Updating global solution for agent 34
[Current_Solution] Global solution is consistent after updating with local path
[LNS] Successfully updated global solution with pseudo-agent local paths!
[Current_Solution] Updating global solution for agent 57
[Current_Solution] Global solution is consistent after updating with local path
[LNS] Successfully updated global solution with pseudo-agent local paths!
[Current_Solution] Updating global solution for agent 16
[Current_Solution] INFO: Segment 16 exit adjusted from 8 to 9 due to waiting time
[Current_Solution] Segment 16 lengthened by 1 timesteps; shifting suffix
[Current_Solution] Global solution is consistent before shifting suffix
[Current_Solution] Global solution is consistent after shifting suffix
[Current_Solution] Global solution is consistent after updating with local path
[LNS] Successfully updated global solution with pseudo-agent local paths!
[LNS] Updating path map with new local paths...
[LNS] Successfully updated global solution with local paths and pseudo agents!
[Solve_local_zone] Successfully solved local zone
[LNS] Successfully solved local zone
[LNS] Analyzing conflicts...
[LNS] Current solution: vertex collisions=83, edge collisions=13
[LNS] Creating conflict buckets...
[LOCAL ZONE] Building diamond bucket for conflict 0
[LOCAL ZONE] Built diamond bucket for conflict 0 with 5 positions, 1 conflicts, 9 - 9 time window
[LOCAL ZONE] Building diamond bucket for conflict 1
[LOCAL ZONE] Built diamond bucket for conflict 1 with 5 positions, 2 conflicts, 9 - 10 time window
[LOCAL ZONE] Building diamond bucket for conflict 2
[LOCAL ZONE] Built diamond bucket for conflict 2 with 4 positions, 1 conflicts, 9 - 9 time window
[LNS] Selected most relevant bucket 1 with time window: 9 - 10, 2 conflicts and 5 positions.
[LNS] Solving the best bucket Local Zone...
[Solve_local_zone] Current local zone size: 5 (0.542299% of all walkable positions)
[Solve_local_zone] Local zone time window: [8, 11]
[Create_Local_problem] Agent 10 contiguous intervals: [9, 11] 
[Create_Local_problem] Agent 10 exited the zone at exit time 11
[Create_Local_problem] Agent 15 contiguous intervals: [10, 10] 
[Create_Local_problem] Agent 15 exited the zone at exit time 10
[Create_Local_problem] Agent 54 contiguous intervals: [8, 10] 
[Create_Local_problem] Agent 54 exited the zone at exit time 10
[Create_Local_problem] Agent 67 contiguous intervals: [8, 11] 
[Create_Local_problem] Agent 67 exited the zone at exit time 11
[Current_Solution] Agent 67 used 8 waiting timesteps, 35 remaining
[Waiting_time_Solve] Total available waiting time: 1921
[Waiting_time_Solve] Iteration 0...
[SAT] Start solving CNF: 46 clauses and 19 variables
[SAT] Solving local zone with SAT iteration 1...
[SAT] Local CNF: 46 clauses 

DEBUG: Adding 46 new clauses to MiniSAT (incremental run)
DEBUG: Clause load summary: input=46, added=46, tautologies_skipped=0, duplicates_skipped=0, unit_clauses=9, empties=0, intra_clause_literals_removed=0, added_but_db_unchanged=9
DEBUG: After adding clauses, solver has 28 clauses and 19 variables
DEBUG: MiniSAT found 19 variables
DEBUG: Assignment size: 19
DEBUG: First few assignment values: 1 0 1 0 0 0 1 0 0 0 

=== DEBUG: cnf_assignment_to_paths ===
Input assignment size: 19

=== END DEBUG ===
[SAT] Found 1 vertex collisions and 1 edge collisions
[SAT] Adding collision clauses and solving again...
[SAT] Solving local zone with SAT iteration 2...
[SAT] Local CNF: 48 clauses 

DEBUG: Adding 2 new clauses to MiniSAT (incremental run)
DEBUG: Clause load summary: input=2, added=2, tautologies_skipped=0, duplicates_skipped=0, unit_clauses=0, empties=0, intra_clause_literals_removed=0, added_but_db_unchanged=2
DEBUG: After adding clauses, solver has 28 clauses and 19 variables
DEBUG: MiniSAT found 19 variables
DEBUG: Assignment size: 19
DEBUG: First few assignment values: 1 0 0 0 0 1 0 1 0 0 

=== DEBUG: cnf_assignment_to_paths ===
Input assignment size: 19

=== END DEBUG ===
[SAT] Found 2 vertex collisions and 0 edge collisions
[SAT] Adding collision clauses and solving again...
[SAT] Solving local zone with SAT iteration 3...
[SAT] Local CNF: 50 clauses 

DEBUG: Adding 2 new clauses to MiniSAT (incremental run)
DEBUG: Clause load summary: input=2, added=2, tautologies_skipped=0, duplicates_skipped=0, unit_clauses=0, empties=0, intra_clause_literals_removed=0, added_but_db_unchanged=2
DEBUG: After adding clauses, solver has 28 clauses and 19 variables
DEBUG: MiniSAT found 19 variables
DEBUG: Assignment size: 19
DEBUG: First few assignment values: 1 0 0 1 0 0 0 0 0 1 

=== DEBUG: cnf_assignment_to_paths ===
Input assignment size: 19

=== END DEBUG ===
[SAT] Found 1 vertex collisions and 1 edge collisions
[SAT] Adding collision clauses and solving again...
[SAT] Solving local zone with SAT iteration 4...
[SAT] Local CNF: 52 clauses 

DEBUG: Adding 2 new clauses to MiniSAT (incremental run)
DEBUG: Clause load summary: input=2, added=2, tautologies_skipped=0, duplicates_skipped=0, unit_clauses=0, empties=0, intra_clause_literals_removed=0, added_but_db_unchanged=2
DEBUG: After adding clauses, solver has 28 clauses and 19 variables
DEBUG: MiniSAT found 19 variables
DEBUG: Assignment size: 19
DEBUG: First few assignment values: 1 0 0 0 1 0 0 0 0 0 

=== DEBUG: cnf_assignment_to_paths ===
Input assignment size: 19

=== END DEBUG ===
[SAT] Found 1 vertex collisions and 0 edge collisions
[SAT] Adding collision clauses and solving again...
[SAT] Solving local zone with SAT iteration 5...
[SAT] Local CNF: 53 clauses 

DEBUG: Adding 1 new clauses to MiniSAT (incremental run)
[SAT] Local problem is unsatisfiable after 5 iterations
[SAT] Local problem appears to be unsatisfiable in current zone
[Waiting_time_Solve] No solution found, trying to apply waiting time:1
[Current_Solution] Agent 67 used 0 waiting timesteps, 35 remaining
[Waiting_time_Solve] Applied 0 waiting time to segment 67 for agent 67
[Waiting_time_Solve] Waiting time applied
[Waiting_time_Solve] Iteration 1...
[SAT] Start solving CNF: 46 clauses and 19 variables
[SAT] Solving local zone with SAT iteration 1...
[SAT] Local CNF: 53 clauses 

DEBUG: Adding 53 new clauses to MiniSAT (incremental run)
[SAT] Local problem is unsatisfiable after 1 iterations
[SAT] Local problem appears to be unsatisfiable in current zone
[Waiting_time_Solve] No solution found, trying to apply waiting time:2
[Waiting_time_Solve] No waiting time applied
[Waiting_time_Solve] No solution found
[Waiting_time_Solve] Restoring original paths
[Waiting_time_Solve] Restoring waiting times
[Current_Solution] Restored waiting times from backup
[Current_Solution] Restored paths from backup
[Solve_local_zone] Zone with expansion factor 0failed
[Solve_local_zone] Expanding zone with offset 2 (original: 1)
[Solve_local_zone] Final expanded zone contains 12 positions with 2 conflicts 
[Solve_local_zone] New time window: [7, 12]
[Solve_local_zone] Current local zone size: 12 (1.30152% of all walkable positions)
[Solve_local_zone] Local zone time window: [7, 12]
[Create_Local_problem] Agent 10 contiguous intervals: [8, 12] 
[Create_Local_problem] Agent 10 exited the zone at exit time 12
[Create_Local_problem] Agent 15 contiguous intervals: [9, 11] 
[Create_Local_problem] Agent 15 exited the zone at exit time 11
[Create_Local_problem] Agent 48 contiguous intervals: [10, 10] 
[Create_Local_problem] Agent 48 exited the zone at exit time 10
[Create_Local_problem] Agent 54 contiguous intervals: [7, 11] 
[Create_Local_problem] Agent 54 exited the zone at exit time 11
[Create_Local_problem] Agent 67 contiguous intervals: [7, 12] 
[Create_Local_problem] Agent 67 exited the zone at exit time 12
[Current_Solution] Agent 67 used 9 waiting timesteps, 34 remaining
[Waiting_time_Solve] Total available waiting time: 1920
[Waiting_time_Solve] Iteration 0...
[SAT] Start solving CNF: 230 clauses and 56 variables
[SAT] Solving local zone with SAT iteration 1...
[SAT] Local CNF: 230 clauses 

DEBUG: Adding 230 new clauses to MiniSAT (incremental run)
DEBUG: Clause load summary: input=230, added=230, tautologies_skipped=0, duplicates_skipped=0, unit_clauses=11, empties=0, intra_clause_literals_removed=0, added_but_db_unchanged=12
DEBUG: After adding clauses, solver has 207 clauses and 56 variables
DEBUG: MiniSAT found 56 variables
DEBUG: Assignment size: 56
DEBUG: First few assignment values: 1 1 0 0 0 1 0 0 1 0 

=== DEBUG: cnf_assignment_to_paths ===
Input assignment size: 56

=== END DEBUG ===
[SAT] Found 1 vertex collisions and 0 edge collisions
[SAT] Adding collision clauses and solving again...
[SAT] Solving local zone with SAT iteration 2...
[SAT] Local CNF: 231 clauses 

DEBUG: Adding 1 new clauses to MiniSAT (incremental run)
DEBUG: Clause load summary: input=1, added=1, tautologies_skipped=0, duplicates_skipped=0, unit_clauses=0, empties=0, intra_clause_literals_removed=0, added_but_db_unchanged=0
DEBUG: After adding clauses, solver has 208 clauses and 56 variables
DEBUG: MiniSAT found 56 variables
DEBUG: Assignment size: 56
DEBUG: First few assignment values: 1 1 0 0 0 1 0 0 1 0 

=== DEBUG: cnf_assignment_to_paths ===
Input assignment size: 56

=== END DEBUG ===
[SAT] Found 1 vertex collisions and 1 edge collisions
[SAT] Adding collision clauses and solving again...
[SAT] Solving local zone with SAT iteration 3...
[SAT] Local CNF: 233 clauses 

DEBUG: Adding 2 new clauses to MiniSAT (incremental run)
DEBUG: Clause load summary: input=2, added=2, tautologies_skipped=0, duplicates_skipped=0, unit_clauses=0, empties=0, intra_clause_literals_removed=0, added_but_db_unchanged=0
DEBUG: After adding clauses, solver has 210 clauses and 56 variables
DEBUG: MiniSAT found 56 variables
DEBUG: Assignment size: 56
DEBUG: First few assignment values: 1 1 0 0 0 1 0 0 1 0 

=== DEBUG: cnf_assignment_to_paths ===
Input assignment size: 56

=== END DEBUG ===
[SAT] Found 0 vertex collisions and 0 edge collisions
[SAT] Found collision-free local solution!
[Waiting_time_Solve] Solution found, updating global solution
[LNS] Updating global solution with pseudo-agent local paths...
[Current_Solution] Updating global solution for agent 48
[Current_Solution] Global solution is consistent after updating with local path
[LNS] Successfully updated global solution with pseudo-agent local paths!
[Current_Solution] Updating global solution for agent 67
[Current_Solution] Global solution is consistent after updating with local path
[LNS] Successfully updated global solution with pseudo-agent local paths!
[Current_Solution] Updating global solution for agent 54
[Current_Solution] Global solution is consistent after updating with local path
[LNS] Successfully updated global solution with pseudo-agent local paths!
[Current_Solution] Updating global solution for agent 15
[Current_Solution] Global solution is consistent after updating with local path
[LNS] Successfully updated global solution with pseudo-agent local paths!
[Current_Solution] Updating global solution for agent 10
[Current_Solution] Global solution is consistent after updating with local path
[LNS] Successfully updated global solution with pseudo-agent local paths!
[LNS] Updating path map with new local paths...
[LNS] Successfully updated global solution with local paths and pseudo agents!
[Solve_local_zone] Successfully solved local zone
[LNS] Successfully solved local zone
[LNS] Analyzing conflicts...
[LNS] Current solution: vertex collisions=81, edge collisions=13
[LNS] Creating conflict buckets...
[LOCAL ZONE] Building diamond bucket for conflict 0
[LOCAL ZONE] Built diamond bucket for conflict 0 with 5 positions, 1 conflicts, 9 - 9 time window
[LOCAL ZONE] Building diamond bucket for conflict 1
[LOCAL ZONE] Built diamond bucket for conflict 1 with 4 positions, 1 conflicts, 9 - 9 time window
[LNS] Selected most relevant bucket 0 with time window: 9 - 9, 1 conflicts and 5 positions.
[LNS] Solving the best bucket Local Zone...
[Solve_local_zone] Current local zone size: 5 (0.542299% of all walkable positions)
[Solve_local_zone] Local zone time window: [8, 10]
[Create_Local_problem] Agent 43 contiguous intervals: [9, 10] 
[Create_Local_problem] Agent 43 exited the zone at exit time 10
[Create_Local_problem] Agent 59 contiguous intervals: [8, 10] 
[Create_Local_problem] Agent 59 exited the zone at exit time 10
[Create_Local_problem] Agent 76 contiguous intervals: [8, 10] 
[Create_Local_problem] Agent 76 exited the zone at exit time 10
[Waiting_time_Solve] Total available waiting time: 1920
[Waiting_time_Solve] Iteration 0...
[SAT] Start solving CNF: 13 clauses and 8 variables
[SAT] Solving local zone with SAT iteration 1...
[SAT] Local CNF: 13 clauses 

DEBUG: Adding 13 new clauses to MiniSAT (incremental run)
DEBUG: Clause load summary: input=13, added=13, tautologies_skipped=0, duplicates_skipped=0, unit_clauses=8, empties=0, intra_clause_literals_removed=0, added_but_db_unchanged=5
DEBUG: After adding clauses, solver has 0 clauses and 8 variables
DEBUG: MiniSAT found 8 variables
DEBUG: Assignment size: 8
DEBUG: First few assignment values: 1 1 1 1 1 1 1 1 

=== DEBUG: cnf_assignment_to_paths ===
Input assignment size: 8

=== END DEBUG ===
[SAT] Found 1 vertex collisions and 0 edge collisions
[SAT] Adding collision clauses and solving again...
[SAT] Solving local zone with SAT iteration 2...
[SAT] Local CNF: 14 clauses 

DEBUG: Adding 1 new clauses to MiniSAT (incremental run)
[SAT] Local problem is unsatisfiable after 2 iterations
[SAT] Local problem appears to be unsatisfiable in current zone
[Waiting_time_Solve] No solution found, trying to apply waiting time:1
[Waiting_time_Solve] Applying waiting time delta 1 to segment 76
[Waiting_time_Solve] Original id: 76
[Current_Solution] Agent 76 used 1 waiting timesteps, 35 remaining
[Create_Local_Problem] MDD already aligned to the time window
[Waiting_time_Solve] Path length: 47
[Waiting_time_Solve] Makespan: 46
[Waiting_time_Solve] Segment exit time: 11
[Waiting_time_Solve] Path length after shifting suffix: 47
[Waiting_time_Solve] path length after inserting segment path: 47
[Waiting_time_Solve] inserting following segments
[Waiting_time_Solve] curren pos_it: 2
[Waiting_time_Solve] pushing new path into current solution
[Waiting_time_Solve] New path is consistent after applying waiting time for agent 76
[Current_Solution] Agent 76 used 1 waiting timesteps, 34 remaining
[Waiting_time_Solve] Applied 1 waiting time to segment 76 for agent 76
[Waiting_time_Solve] Waiting time applied
[Waiting_time_Solve] Extended Zone end time from 10 to 11
[Create_Local_Problem] Agent 43 is being scanned from timestep 11 to 11
[Create_Local_problem] Agent 43 contiguous intervals: [11, 11] 
[Create_Local_problem] Agent 43 exited the zone at exit time 11
[Create_Local_Problem] Agent 43 is continuing in the zone until timestep 11
[Create_Local_Problem] Agent 43old segment entry, exit: 9, 10
[Create_Local_Problem] Agent 43new segment entry, exit: 11, 11
[Create_Local_Problem] Agent 66 is being scanned from timestep 11 to 11
[Create_Local_problem] Agent 66 contiguous intervals: [11, 11] 
[Create_Local_problem] Agent 66 exited the zone at exit time 11
[Create_Local_Problem] Agent 66 is new in the zone
[Create_Local_Problem] Agent 76 is being scanned from timestep 11 to 11
[Create_Local_problem] Agent 76 contiguous intervals: [11, 11] 
[Create_Local_problem] Agent 76 exited the zone at exit time 11
[Create_Local_Problem] Agent 76 is already extended to the end of the previous zone: 11
[Waiting_time_Solve] Iteration 1...
[SAT] Start solving CNF: 22 clauses and 13 variables
[SAT] Solving local zone with SAT iteration 1...
[SAT] Local CNF: 23 clauses 

DEBUG: Adding 23 new clauses to MiniSAT (incremental run)
DEBUG: Clause load summary: input=23, added=23, tautologies_skipped=0, duplicates_skipped=0, unit_clauses=9, empties=0, intra_clause_literals_removed=0, added_but_db_unchanged=7
DEBUG: After adding clauses, solver has 7 clauses and 13 variables
DEBUG: MiniSAT found 13 variables
DEBUG: Assignment size: 13
DEBUG: First few assignment values: 1 1 0 1 0 1 1 1 1 1 

=== DEBUG: cnf_assignment_to_paths ===
Input assignment size: 13

=== END DEBUG ===
[SAT] Found 1 vertex collisions and 1 edge collisions
[SAT] Adding collision clauses and solving again...
[SAT] Solving local zone with SAT iteration 2...
[SAT] Local CNF: 25 clauses 

DEBUG: Adding 2 new clauses to MiniSAT (incremental run)
[SAT] Local problem is unsatisfiable after 2 iterations
[SAT] Local problem appears to be unsatisfiable in current zone
[Waiting_time_Solve] No solution found, trying to apply waiting time:2
[Waiting_time_Solve] Applying waiting time delta 2 to segment 76
[Waiting_time_Solve] Original id: 76
[Create_Local_Problem] MDD already aligned to the time window
[Waiting_time_Solve] Path length: 47
[Waiting_time_Solve] Makespan: 46
[Waiting_time_Solve] Segment exit time: 12
[Waiting_time_Solve] Path length after shifting suffix: 47
[Waiting_time_Solve] path length after inserting segment path: 47
[Waiting_time_Solve] inserting following segments
[Waiting_time_Solve] curren pos_it: 2
[Waiting_time_Solve] pushing new path into current solution
[Waiting_time_Solve] New path is consistent after applying waiting time for agent 76
[Current_Solution] Agent 76 used 2 waiting timesteps, 32 remaining
[Waiting_time_Solve] Applied 2 waiting time to segment 76 for agent 76
[Waiting_time_Solve] Waiting time applied
[Waiting_time_Solve] Extended Zone end time from 11 to 12
[Create_Local_Problem] Agent 66 is being scanned from timestep 12 to 12
[Create_Local_problem] Agent 66 contiguous intervals: [12, 12] 
[Create_Local_problem] Agent 66 exited the zone at exit time 12
[Create_Local_Problem] Agent 66 is continuing in the zone until timestep 12
[Create_Local_Problem] Agent 66old segment entry, exit: 11, 11
[Create_Local_Problem] Agent 66new segment entry, exit: 12, 12
[Create_Local_Problem] Agent 76 is being scanned from timestep 12 to 12
[Create_Local_problem] Agent 76 contiguous intervals: [12, 12] 
[Create_Local_problem] Agent 76 exited the zone at exit time 12
[Create_Local_Problem] Agent 76 is already extended to the end of the previous zone: 12
[Waiting_time_Solve] Iteration 2...
[SAT] Start solving CNF: 40 clauses and 19 variables
[SAT] Solving local zone with SAT iteration 1...
[SAT] Local CNF: 43 clauses 

DEBUG: Adding 43 new clauses to MiniSAT (incremental run)
DEBUG: Clause load summary: input=43, added=43, tautologies_skipped=0, duplicates_skipped=0, unit_clauses=10, empties=0, intra_clause_literals_removed=0, added_but_db_unchanged=10
DEBUG: After adding clauses, solver has 23 clauses and 19 variables
DEBUG: MiniSAT found 19 variables
DEBUG: Assignment size: 19
DEBUG: First few assignment values: 1 1 1 0 1 0 1 0 0 0 

=== DEBUG: cnf_assignment_to_paths ===
Input assignment size: 19

=== END DEBUG ===
[SAT] Found 1 vertex collisions and 0 edge collisions
[SAT] Adding collision clauses and solving again...
[SAT] Solving local zone with SAT iteration 2...
[SAT] Local CNF: 44 clauses 

DEBUG: Adding 1 new clauses to MiniSAT (incremental run)
[SAT] Local problem is unsatisfiable after 2 iterations
[SAT] Local problem appears to be unsatisfiable in current zone
[Waiting_time_Solve] No solution found, trying to apply waiting time:3
[Waiting_time_Solve] Applying waiting time delta 3 to segment 76
[Waiting_time_Solve] Original id: 76
[Create_Local_Problem] MDD already aligned to the time window
[Waiting_time_Solve] Path length: 47
[Waiting_time_Solve] Makespan: 46
[Waiting_time_Solve] Segment exit time: 13
[Waiting_time_Solve] Path length after shifting suffix: 47
[Waiting_time_Solve] path length after inserting segment path: 47
[Waiting_time_Solve] inserting following segments
[Waiting_time_Solve] curren pos_it: 2
[Waiting_time_Solve] pushing new path into current solution
[Waiting_time_Solve] New path is consistent after applying waiting time for agent 76
[Current_Solution] Agent 76 used 3 waiting timesteps, 29 remaining
[Waiting_time_Solve] Applied 3 waiting time to segment 76 for agent 76
[Waiting_time_Solve] Waiting time applied
[Waiting_time_Solve] Extended Zone end time from 12 to 13
[Create_Local_Problem] Agent 55 is being scanned from timestep 13 to 13
[Create_Local_problem] Agent 55 contiguous intervals: [13, 13] 
[Create_Local_problem] Agent 55 exited the zone at exit time 13
[Create_Local_Problem] Agent 55 is new in the zone
[Create_Local_Problem] Agent 66 is being scanned from timestep 13 to 13
[Create_Local_problem] Agent 66 contiguous intervals: [13, 13] 
[Create_Local_problem] Agent 66 exited the zone at exit time 13
[Create_Local_Problem] Agent 66 is continuing in the zone until timestep 13
[Create_Local_Problem] Agent 66old segment entry, exit: 11, 12
[Create_Local_Problem] Agent 66new segment entry, exit: 13, 13
[Create_Local_Problem] Agent 76 is being scanned from timestep 13 to 13
[Create_Local_problem] Agent 76 contiguous intervals: [13, 13] 
[Create_Local_problem] Agent 76 exited the zone at exit time 13
[Create_Local_Problem] Agent 76 is already extended to the end of the previous zone: 13
[Waiting_time_Solve] Iteration 3...
[SAT] Start solving CNF: 59 clauses and 26 variables
[SAT] Solving local zone with SAT iteration 1...
[SAT] Local CNF: 63 clauses 

DEBUG: Adding 63 new clauses to MiniSAT (incremental run)
[SAT] Local problem is unsatisfiable after 1 iterations
[SAT] Local problem appears to be unsatisfiable in current zone
[Waiting_time_Solve] No solution found, trying to apply waiting time:4
[Waiting_time_Solve] No waiting time applied
[Waiting_time_Solve] No solution found
[Waiting_time_Solve] Restoring original paths
[Waiting_time_Solve] Restoring waiting times
[Current_Solution] Restored waiting times from backup
[Current_Solution] Restored paths from backup
[Solve_local_zone] Zone with expansion factor 0failed
[Solve_local_zone] Expanding zone with offset 2 (original: 1)
[Solve_local_zone] Final expanded zone contains 13 positions with 1 conflicts 
[Solve_local_zone] New time window: [7, 11]
[Solve_local_zone] Current local zone size: 13 (1.40998% of all walkable positions)
[Solve_local_zone] Local zone time window: [7, 11]
[Create_Local_problem] Agent 43 contiguous intervals: [8, 11] 
[Create_Local_problem] Agent 43 exited the zone at exit time 11
[Create_Local_problem] Agent 59 contiguous intervals: [7, 11] 
[Create_Local_problem] Agent 59 exited the zone at exit time 11
[Create_Local_problem] Agent 66 contiguous intervals: [10, 11] 
[Create_Local_problem] Agent 66 exited the zone at exit time 11
[Create_Local_problem] Agent 76 contiguous intervals: [7, 11] 
[Create_Local_problem] Agent 76 exited the zone at exit time 11
[Current_Solution] Agent 76 used 1 waiting timesteps, 35 remaining
[Waiting_time_Solve] Total available waiting time: 1919
[Waiting_time_Solve] Iteration 0...
[SAT] Start solving CNF: 34 clauses and 19 variables
[SAT] Solving local zone with SAT iteration 1...
[SAT] Local CNF: 34 clauses 

DEBUG: Adding 34 new clauses to MiniSAT (incremental run)
DEBUG: Clause load summary: input=34, added=34, tautologies_skipped=0, duplicates_skipped=0, unit_clauses=13, empties=0, intra_clause_literals_removed=0, added_but_db_unchanged=10
DEBUG: After adding clauses, solver has 11 clauses and 19 variables
DEBUG: MiniSAT found 19 variables
DEBUG: Assignment size: 19
DEBUG: First few assignment values: 1 0 1 0 1 0 1 1 1 1 

=== DEBUG: cnf_assignment_to_paths ===
Input assignment size: 19

=== END DEBUG ===
[SAT] Found 1 vertex collisions and 1 edge collisions
[SAT] Adding collision clauses and solving again...
[SAT] Solving local zone with SAT iteration 2...
[SAT] Local CNF: 36 clauses 

DEBUG: Adding 2 new clauses to MiniSAT (incremental run)
DEBUG: Clause load summary: input=2, added=2, tautologies_skipped=0, duplicates_skipped=0, unit_clauses=0, empties=0, intra_clause_literals_removed=0, added_but_db_unchanged=2
DEBUG: After adding clauses, solver has 11 clauses and 19 variables
DEBUG: MiniSAT found 19 variables
DEBUG: Assignment size: 19
DEBUG: First few assignment values: 1 1 0 1 0 1 0 1 1 1 

=== DEBUG: cnf_assignment_to_paths ===
Input assignment size: 19

=== END DEBUG ===
[SAT] Found 1 vertex collisions and 0 edge collisions
[SAT] Adding collision clauses and solving again...
[SAT] Solving local zone with SAT iteration 3...
[SAT] Local CNF: 37 clauses 

DEBUG: Adding 1 new clauses to MiniSAT (incremental run)
[SAT] Local problem is unsatisfiable after 3 iterations
[SAT] Local problem appears to be unsatisfiable in current zone
[Waiting_time_Solve] No solution found, trying to apply waiting time:1
[Waiting_time_Solve] Applying waiting time delta 1 to segment 76
[Waiting_time_Solve] Original id: 76
[Create_Local_Problem] MDD already aligned to the time window
[Waiting_time_Solve] Path length: 47
[Waiting_time_Solve] Makespan: 46
[Waiting_time_Solve] Segment exit time: 11
[Waiting_time_Solve] Path length after shifting suffix: 47
[Waiting_time_Solve] path length after inserting segment path: 47
[Waiting_time_Solve] inserting following segments
[Waiting_time_Solve] curren pos_it: 3
[Waiting_time_Solve] pushing new path into current solution
[Waiting_time_Solve] New path is consistent after applying waiting time for agent 76
[Current_Solution] Agent 76 used 1 waiting timesteps, 34 remaining
[Waiting_time_Solve] Applied 1 waiting time to segment 76 for agent 76
[Waiting_time_Solve] Waiting time applied
[Waiting_time_Solve] Iteration 1...
[SAT] Start solving CNF: 34 clauses and 19 variables
[SAT] Solving local zone with SAT iteration 1...
[SAT] Local CNF: 37 clauses 

DEBUG: Adding 37 new clauses to MiniSAT (incremental run)
[SAT] Local problem is unsatisfiable after 1 iterations
[SAT] Local problem appears to be unsatisfiable in current zone
[Waiting_time_Solve] No solution found, trying to apply waiting time:2
[Waiting_time_Solve] No waiting time applied
[Waiting_time_Solve] No solution found
[Waiting_time_Solve] Restoring original paths
[Waiting_time_Solve] Restoring waiting times
[Current_Solution] Restored waiting times from backup
[Current_Solution] Restored paths from backup
[Solve_local_zone] Zone with expansion factor 1failed
[Solve_local_zone] Expanding zone with offset 3 (original: 1)
[Solve_local_zone] Final expanded zone contains 23 positions with 1 conflicts 
[Solve_local_zone] New time window: [6, 12]
[Solve_local_zone] Current local zone size: 23 (2.49458% of all walkable positions)
[Solve_local_zone] Local zone time window: [6, 12]
[Create_Local_problem] Agent 31 contiguous intervals: [7, 7] 
[Create_Local_problem] Agent 31 exited the zone at exit time 7
[Create_Local_problem] Agent 43 contiguous intervals: [7, 12] 
[Create_Local_problem] Agent 43 exited the zone at exit time 12
[Create_Local_problem] Agent 55 contiguous intervals: [11, 12] 
[Create_Local_problem] Agent 55 exited the zone at exit time 12
[Create_Local_problem] Agent 59 contiguous intervals: [6, 12] 
[Create_Local_problem] Agent 59 exited the zone at exit time 12
[Create_Local_problem] Agent 66 contiguous intervals: [9, 12] 
[Create_Local_problem] Agent 66 exited the zone at exit time 12
[Create_Local_problem] Agent 74 contiguous intervals: [8, 8] 
[Create_Local_problem] Agent 74 exited the zone at exit time 8
[Create_Local_problem] Agent 76 contiguous intervals: [6, 12] 
[Create_Local_problem] Agent 76 exited the zone at exit time 12
[Current_Solution] Agent 76 used 2 waiting timesteps, 34 remaining
[Create_Local_problem] Agent 79 contiguous intervals: [6, 7] 
[Create_Local_problem] Agent 79 exited the zone at exit time 7
[Waiting_time_Solve] Total available waiting time: 1918
[Waiting_time_Solve] Iteration 0...
[SAT] Start solving CNF: 172 clauses and 58 variables
[SAT] Solving local zone with SAT iteration 1...
[SAT] Local CNF: 172 clauses 

DEBUG: Adding 172 new clauses to MiniSAT (incremental run)
DEBUG: Clause load summary: input=172, added=172, tautologies_skipped=0, duplicates_skipped=0, unit_clauses=23, empties=0, intra_clause_literals_removed=0, added_but_db_unchanged=20
DEBUG: After adding clauses, solver has 129 clauses and 58 variables
DEBUG: MiniSAT found 58 variables
DEBUG: Assignment size: 58
DEBUG: First few assignment values: 1 0 1 0 0 0 1 0 0 0 

=== DEBUG: cnf_assignment_to_paths ===
Input assignment size: 58

=== END DEBUG ===
[SAT] Found 1 vertex collisions and 0 edge collisions
[SAT] Adding collision clauses and solving again...
[SAT] Solving local zone with SAT iteration 2...
[SAT] Local CNF: 173 clauses 

DEBUG: Adding 1 new clauses to MiniSAT (incremental run)
DEBUG: Clause load summary: input=1, added=1, tautologies_skipped=0, duplicates_skipped=0, unit_clauses=0, empties=0, intra_clause_literals_removed=0, added_but_db_unchanged=1
DEBUG: After adding clauses, solver has 129 clauses and 58 variables
DEBUG: MiniSAT found 58 variables
DEBUG: Assignment size: 58
DEBUG: First few assignment values: 1 0 1 0 0 0 1 0 0 0 

=== DEBUG: cnf_assignment_to_paths ===
Input assignment size: 58

=== END DEBUG ===
[SAT] Found 0 vertex collisions and 0 edge collisions
[SAT] Found collision-free local solution!
[Waiting_time_Solve] Solution found, updating global solution
[LNS] Updating global solution with pseudo-agent local paths...
[Current_Solution] Updating global solution for agent 76
[Current_Solution] Global solution is consistent after updating with local path
[LNS] Successfully updated global solution with pseudo-agent local paths!
[Current_Solution] Updating global solution for agent 74
[Current_Solution] Global solution is consistent after updating with local path
[LNS] Successfully updated global solution with pseudo-agent local paths!
[Current_Solution] Updating global solution for agent 79
[Current_Solution] Global solution is consistent after updating with local path
[LNS] Successfully updated global solution with pseudo-agent local paths!
[Current_Solution] Updating global solution for agent 66
[Current_Solution] Global solution is consistent after updating with local path
[LNS] Successfully updated global solution with pseudo-agent local paths!
[Current_Solution] Updating global solution for agent 59
[Current_Solution] Global solution is consistent after updating with local path
[LNS] Successfully updated global solution with pseudo-agent local paths!
[Current_Solution] Updating global solution for agent 55
[Current_Solution] Global solution is consistent after updating with local path
[LNS] Successfully updated global solution with pseudo-agent local paths!
[Current_Solution] Updating global solution for agent 43
[Current_Solution] Global solution is consistent after updating with local path
[LNS] Successfully updated global solution with pseudo-agent local paths!
[Current_Solution] Updating global solution for agent 31
[Current_Solution] Global solution is consistent after updating with local path
[LNS] Successfully updated global solution with pseudo-agent local paths!
[LNS] Updating path map with new local paths...
[LNS] Successfully updated global solution with local paths and pseudo agents!
[Solve_local_zone] Successfully solved local zone
[LNS] Successfully solved local zone
[LNS] Analyzing conflicts...
[LNS] Current solution: vertex collisions=80, edge collisions=13
[LNS] Creating conflict buckets...
[LOCAL ZONE] Building diamond bucket for conflict 0
[LOCAL ZONE] Built diamond bucket for conflict 0 with 4 positions, 1 conflicts, 9 - 9 time window
[LNS] Selected most relevant bucket 0 with time window: 9 - 9, 1 conflicts and 4 positions.
[LNS] Solving the best bucket Local Zone...
[Solve_local_zone] Current local zone size: 4 (0.433839% of all walkable positions)
[Solve_local_zone] Local zone time window: [8, 10]
[Create_Local_problem] Agent 19 contiguous intervals: [8, 10] 
[Create_Local_problem] Agent 19 exited the zone at exit time 10
[Current_Solution] Agent 19 used 4 waiting timesteps, 36 remaining
[Create_Local_problem] Agent 27 contiguous intervals: [8, 10] 
[Create_Local_problem] Agent 27 exited the zone at exit time 10
[Waiting_time_Solve] Total available waiting time: 1914
[Waiting_time_Solve] Iteration 0...
[SAT] Start solving CNF: 19 clauses and 9 variables
[SAT] Solving local zone with SAT iteration 1...
[SAT] Local CNF: 19 clauses 

DEBUG: Adding 19 new clauses to MiniSAT (incremental run)
DEBUG: Clause load summary: input=19, added=19, tautologies_skipped=0, duplicates_skipped=0, unit_clauses=5, empties=0, intra_clause_literals_removed=0, added_but_db_unchanged=6
DEBUG: After adding clauses, solver has 8 clauses and 9 variables
DEBUG: MiniSAT found 9 variables
DEBUG: Assignment size: 9
DEBUG: First few assignment values: 1 1 1 1 0 1 0 0 1 

=== DEBUG: cnf_assignment_to_paths ===
Input assignment size: 9

=== END DEBUG ===
[SAT] Found 0 vertex collisions and 1 edge collisions
[SAT] Adding collision clauses and solving again...
[SAT] Solving local zone with SAT iteration 2...
[SAT] Local CNF: 20 clauses 

DEBUG: Adding 1 new clauses to MiniSAT (incremental run)
DEBUG: Clause load summary: input=1, added=1, tautologies_skipped=0, duplicates_skipped=0, unit_clauses=0, empties=0, intra_clause_literals_removed=0, added_but_db_unchanged=1
DEBUG: After adding clauses, solver has 8 clauses and 9 variables
DEBUG: MiniSAT found 9 variables
DEBUG: Assignment size: 9
DEBUG: First few assignment values: 1 1 1 1 0 0 1 0 1 

=== DEBUG: cnf_assignment_to_paths ===
Input assignment size: 9

=== END DEBUG ===
[SAT] Found 0 vertex collisions and 0 edge collisions
[SAT] Found collision-free local solution!
[Waiting_time_Solve] Solution found, updating global solution
[LNS] Updating global solution with pseudo-agent local paths...
[Current_Solution] Updating global solution for agent 27
[Current_Solution] Global solution is consistent after updating with local path
[LNS] Successfully updated global solution with pseudo-agent local paths!
[Current_Solution] Updating global solution for agent 19
[Current_Solution] Global solution is consistent after updating with local path
[LNS] Successfully updated global solution with pseudo-agent local paths!
[LNS] Updating path map with new local paths...
[LNS] Successfully updated global solution with local paths and pseudo agents!
[Solve_local_zone] Successfully solved local zone
[LNS] Successfully solved local zone
[LNS] Analyzing conflicts...
[LNS] Current solution: vertex collisions=79, edge collisions=13
[LNS] Creating conflict buckets...
[LOCAL ZONE] Building diamond bucket for conflict 0
[LOCAL ZONE] Built diamond bucket for conflict 0 with 9 positions, 1 conflicts, 10 - 10 time window
[LOCAL ZONE] Building diamond bucket for conflict 1
[LOCAL ZONE] Built diamond bucket for conflict 1 with 8 positions, 2 conflicts, 10 - 11 time window
[LOCAL ZONE] Building diamond bucket for conflict 2
[LOCAL ZONE] Built diamond bucket for conflict 2 with 8 positions, 2 conflicts, 10 - 11 time window
[LOCAL ZONE] Building diamond bucket for conflict 3
[LOCAL ZONE] Built diamond bucket for conflict 3 with 5 positions, 1 conflicts, 10 - 10 time window
[LNS] Selected most relevant bucket 1 with time window: 10 - 11, 2 conflicts and 8 positions.
[LNS] Solving the best bucket Local Zone...
[Solve_local_zone] Current local zone size: 8 (0.867679% of all walkable positions)
[Solve_local_zone] Local zone time window: [9, 12]
[Create_Local_problem] Agent 18 contiguous intervals: [9, 12] 
[Create_Local_problem] Agent 18 exited the zone at exit time 12
[Create_Local_problem] Agent 38 contiguous intervals: [12, 12] 
[Create_Local_problem] Agent 38 exited the zone at exit time 12
[Create_Local_problem] Agent 39 contiguous intervals: [9, 11] 
[Create_Local_problem] Agent 39 exited the zone at exit time 11
[Create_Local_problem] Agent 53 contiguous intervals: [9, 12] 
[Create_Local_problem] Agent 53 exited the zone at exit time 12
[Waiting_time_Solve] Total available waiting time: 1914
[Waiting_time_Solve] Iteration 0...
[SAT] Start solving CNF: 20 clauses and 12 variables
[SAT] Solving local zone with SAT iteration 1...
[SAT] Local CNF: 20 clauses 

DEBUG: Adding 20 new clauses to MiniSAT (incremental run)
DEBUG: Clause load summary: input=20, added=20, tautologies_skipped=0, duplicates_skipped=0, unit_clauses=12, empties=0, intra_clause_literals_removed=0, added_but_db_unchanged=8
DEBUG: After adding clauses, solver has 0 clauses and 12 variables
DEBUG: MiniSAT found 12 variables
DEBUG: Assignment size: 12
DEBUG: First few assignment values: 1 1 1 1 1 1 1 1 1 1 

=== DEBUG: cnf_assignment_to_paths ===
Input assignment size: 12

=== END DEBUG ===
[SAT] Found 2 vertex collisions and 0 edge collisions
[SAT] Adding collision clauses and solving again...
[SAT] Solving local zone with SAT iteration 2...
[SAT] Local CNF: 22 clauses 

DEBUG: Adding 2 new clauses to MiniSAT (incremental run)
[SAT] Local problem is unsatisfiable after 2 iterations
[SAT] Local problem appears to be unsatisfiable in current zone
[Waiting_time_Solve] No solution found, trying to apply waiting time:1
[Waiting_time_Solve] Applying waiting time delta 1 to segment 53
[Waiting_time_Solve] Original id: 53
[Create_Local_Problem] MDD already aligned to the time window
[Waiting_time_Solve] Path length: 47
[Waiting_time_Solve] Makespan: 46
[Waiting_time_Solve] Segment exit time: 13
[Waiting_time_Solve] Path length after shifting suffix: 47
[Waiting_time_Solve] path length after inserting segment path: 47
[Waiting_time_Solve] inserting following segments
[Waiting_time_Solve] curren pos_it: 3
[Waiting_time_Solve] pushing new path into current solution
[Waiting_time_Solve] New path is consistent after applying waiting time for agent 53
[Current_Solution] Agent 53 used 1 waiting timesteps, 27 remaining
[Waiting_time_Solve] Applied 1 waiting time to segment 53 for agent 53
[Waiting_time_Solve] Waiting time applied
[Waiting_time_Solve] Extended Zone end time from 12 to 13
[Create_Local_Problem] Agent 18 is being scanned from timestep 13 to 13
[Create_Local_problem] Agent 18 contiguous intervals: [13, 13] 
[Create_Local_problem] Agent 18 exited the zone at exit time 13
[Create_Local_Problem] Agent 18 is continuing in the zone until timestep 13
[Create_Local_Problem] Agent 18old segment entry, exit: 9, 12
[Create_Local_Problem] Agent 18new segment entry, exit: 13, 13
[Create_Local_Problem] Agent 38 is being scanned from timestep 13 to 13
[Create_Local_problem] Agent 38 contiguous intervals: [13, 13] 
[Create_Local_problem] Agent 38 exited the zone at exit time 13
[Create_Local_Problem] Agent 38 is continuing in the zone until timestep 13
[Create_Local_Problem] Agent 38old segment entry, exit: 12, 12
[Create_Local_Problem] Agent 38new segment entry, exit: 13, 13
[Current_Solution] Agent 38 used 1 waiting timesteps, 33 remaining
[Create_Local_Problem] Agent 53 is being scanned from timestep 13 to 13
[Create_Local_problem] Agent 53 contiguous intervals: [13, 13] 
[Create_Local_problem] Agent 53 exited the zone at exit time 13
[Create_Local_Problem] Agent 53 is already extended to the end of the previous zone: 13
[Waiting_time_Solve] Iteration 1...
[SAT] Start solving CNF: 32 clauses and 18 variables
[SAT] Solving local zone with SAT iteration 1...
[SAT] Local CNF: 34 clauses 

DEBUG: Adding 34 new clauses to MiniSAT (incremental run)
DEBUG: Clause load summary: input=34, added=34, tautologies_skipped=0, duplicates_skipped=0, unit_clauses=12, empties=0, intra_clause_literals_removed=0, added_but_db_unchanged=11
DEBUG: After adding clauses, solver has 11 clauses and 18 variables
DEBUG: MiniSAT found 18 variables
DEBUG: Assignment size: 18
DEBUG: First few assignment values: 1 0 1 0 1 0 1 1 1 1 

=== DEBUG: cnf_assignment_to_paths ===
Input assignment size: 18

=== END DEBUG ===
[SAT] Found 1 vertex collisions and 2 edge collisions
[SAT] Adding collision clauses and solving again...
[SAT] Solving local zone with SAT iteration 2...
[SAT] Local CNF: 37 clauses 

DEBUG: Adding 3 new clauses to MiniSAT (incremental run)
[SAT] Local problem is unsatisfiable after 2 iterations
[SAT] Local problem appears to be unsatisfiable in current zone
[Waiting_time_Solve] No solution found, trying to apply waiting time:2
[Current_Solution] Agent 38 used 0 waiting timesteps, 33 remaining
[Waiting_time_Solve] Applied 0 waiting time to segment 38 for agent 38
[Waiting_time_Solve] Applying waiting time delta 2 to segment 53
[Waiting_time_Solve] Original id: 53
[Create_Local_Problem] MDD already aligned to the time window
[Waiting_time_Solve] Path length: 47
[Waiting_time_Solve] Makespan: 46
[Waiting_time_Solve] Segment exit time: 15
[Waiting_time_Solve] Path length after shifting suffix: 47
[Waiting_time_Solve] path length after inserting segment path: 47
[Waiting_time_Solve] inserting following segments
[Waiting_time_Solve] curren pos_it: 3
[Waiting_time_Solve] pushing new path into current solution
[Waiting_time_Solve] New path is consistent after applying waiting time for agent 53
[Current_Solution] Agent 53 used 2 waiting timesteps, 25 remaining
[Waiting_time_Solve] Applied 2 waiting time to segment 53 for agent 53
[Waiting_time_Solve] Waiting time applied
[Waiting_time_Solve] Extended Zone end time from 13 to 15
[Create_Local_Problem] Agent 38 is being scanned from timestep 14 to 15
[Create_Local_problem] Agent 38 contiguous intervals: [14, 15] 
[Create_Local_problem] Agent 38 exited the zone at exit time 15
[Create_Local_Problem] Agent 38 is continuing in the zone until timestep 15
[Create_Local_Problem] Agent 38old segment entry, exit: 12, 13
[Create_Local_Problem] Agent 38new segment entry, exit: 14, 15
[Current_Solution] Agent 38 used 2 waiting timesteps, 31 remaining
[Create_Local_Problem] Agent 53 is being scanned from timestep 14 to 15
[Create_Local_problem] Agent 53 contiguous intervals: [14, 15] 
[Create_Local_problem] Agent 53 exited the zone at exit time 15
[Create_Local_Problem] Agent 53 is already extended to the end of the previous zone: 15
[Waiting_time_Solve] Iteration 2...
[SAT] Start solving CNF: 97 clauses and 38 variables
[SAT] Solving local zone with SAT iteration 1...
[SAT] Local CNF: 102 clauses 

DEBUG: Adding 102 new clauses to MiniSAT (incremental run)
DEBUG: Clause load summary: input=102, added=102, tautologies_skipped=0, duplicates_skipped=0, unit_clauses=12, empties=0, intra_clause_literals_removed=0, added_but_db_unchanged=17
DEBUG: After adding clauses, solver has 73 clauses and 38 variables
DEBUG: MiniSAT found 38 variables
DEBUG: Assignment size: 38
DEBUG: First few assignment values: 1 0 1 1 0 0 0 0 1 0 

=== DEBUG: cnf_assignment_to_paths ===
Input assignment size: 38

=== END DEBUG ===
[SAT] Found 2 vertex collisions and 1 edge collisions
[SAT] Adding collision clauses and solving again...
[SAT] Solving local zone with SAT iteration 2...
[SAT] Local CNF: 105 clauses 

DEBUG: Adding 3 new clauses to MiniSAT (incremental run)
[SAT] Local problem is unsatisfiable after 2 iterations
[SAT] Local problem appears to be unsatisfiable in current zone
[Waiting_time_Solve] No solution found, trying to apply waiting time:3
[Waiting_time_Solve] Applying waiting time delta 3 to segment 38
[Waiting_time_Solve] Original id: 38
[Create_Local_Problem] MDD already aligned to the time window
[Waiting_time_Solve] Path length: 47
[Waiting_time_Solve] Makespan: 46
[Waiting_time_Solve] Segment exit time: 15
[Waiting_time_Solve] Path length after shifting suffix: 47
[Waiting_time_Solve] path length after inserting segment path: 47
[Waiting_time_Solve] inserting following segments
[Waiting_time_Solve] curren pos_it: 1
[Waiting_time_Solve] pushing new path into current solution
[Waiting_time_Solve] New path is consistent after applying waiting time for agent 38
[Current_Solution] Agent 38 used 3 waiting timesteps, 28 remaining
[Waiting_time_Solve] Applied 3 waiting time to segment 38 for agent 38
[Waiting_time_Solve] Applying waiting time delta 3 to segment 53
[Waiting_time_Solve] Original id: 53
[Create_Local_Problem] MDD already aligned to the time window
[Waiting_time_Solve] Path length: 47
[Waiting_time_Solve] Makespan: 46
[Waiting_time_Solve] Segment exit time: 18
[Waiting_time_Solve] Path length after shifting suffix: 47
[Waiting_time_Solve] path length after inserting segment path: 47
[Waiting_time_Solve] inserting following segments
[Waiting_time_Solve] curren pos_it: 3
[Waiting_time_Solve] pushing new path into current solution
[Waiting_time_Solve] New path is consistent after applying waiting time for agent 53
[Current_Solution] Agent 53 used 3 waiting timesteps, 22 remaining
[Waiting_time_Solve] Applied 3 waiting time to segment 53 for agent 53
[Waiting_time_Solve] Waiting time applied
[Waiting_time_Solve] Extended Zone end time from 15 to 18
[Create_Local_Problem] Agent 38 is being scanned from timestep 16 to 18
[Create_Local_problem] Agent 38 contiguous intervals: [16, 18] 
[Create_Local_problem] Agent 38 exited the zone at exit time 18
[Create_Local_Problem] Agent 38 is continuing in the zone until timestep 18
[Create_Local_Problem] Agent 38old segment entry, exit: 12, 15
[Create_Local_Problem] Agent 38new segment entry, exit: 16, 18
[Create_Local_Problem] Agent 53 is being scanned from timestep 16 to 18
[Create_Local_problem] Agent 53 contiguous intervals: [16, 18] 
[Create_Local_problem] Agent 53 exited the zone at exit time 18
[Create_Local_Problem] Agent 53 is already extended to the end of the previous zone: 18
[Waiting_time_Solve] Iteration 3...
[SAT] Start solving CNF: 246 clauses and 75 variables
[SAT] Solving local zone with SAT iteration 1...
[SAT] Local CNF: 254 clauses 

DEBUG: Adding 254 new clauses to MiniSAT (incremental run)
[SAT] Local problem is unsatisfiable after 1 iterations
[SAT] Local problem appears to be unsatisfiable in current zone
[Waiting_time_Solve] No solution found, trying to apply waiting time:4
[Waiting_time_Solve] No waiting time applied
[Waiting_time_Solve] No solution found
[Waiting_time_Solve] Restoring original paths
[Waiting_time_Solve] Restoring waiting times
[Current_Solution] Restored waiting times from backup
[Current_Solution] Restored paths from backup
[Solve_local_zone] Zone with expansion factor 0failed
[Solve_local_zone] Expanding zone with offset 2 (original: 1)
[Solve_local_zone] Final expanded zone contains 16 positions with 2 conflicts 
[Solve_local_zone] New time window: [8, 13]
[Solve_local_zone] Current local zone size: 16 (1.73536% of all walkable positions)
[Solve_local_zone] Local zone time window: [8, 13]
[Create_Local_problem] Agent 1 contiguous intervals: [8, 9] 
[Create_Local_problem] Agent 1 exited the zone at exit time 9
[Create_Local_problem] Agent 5 contiguous intervals: [10, 10] 
[Create_Local_problem] Agent 5 exited the zone at exit time 10
[Create_Local_problem] Agent 18 contiguous intervals: [8, 13] 
[Create_Local_problem] Agent 18 exited the zone at exit time 13
[Create_Local_problem] Agent 38 contiguous intervals: [11, 13] 
[Create_Local_problem] Agent 38 exited the zone at exit time 13
[Current_Solution] Agent 38 used 1 waiting timesteps, 33 remaining
[Create_Local_problem] Agent 39 contiguous intervals: [8, 12] 
[Create_Local_problem] Agent 39 exited the zone at exit time 12
[Create_Local_problem] Agent 53 contiguous intervals: [8, 13] 
[Create_Local_problem] Agent 53 exited the zone at exit time 13
[Create_Local_problem] Agent 61 contiguous intervals: [11, 11] 
[Create_Local_problem] Agent 61 exited the zone at exit time 11
[Waiting_time_Solve] Total available waiting time: 1913
[Waiting_time_Solve] Iteration 0...
[SAT] Start solving CNF: 45 clauses and 26 variables
[SAT] Solving local zone with SAT iteration 1...
[SAT] Local CNF: 45 clauses 

DEBUG: Adding 45 new clauses to MiniSAT (incremental run)
DEBUG: Clause load summary: input=45, added=45, tautologies_skipped=0, duplicates_skipped=0, unit_clauses=22, empties=0, intra_clause_literals_removed=0, added_but_db_unchanged=17
DEBUG: After adding clauses, solver has 6 clauses and 26 variables
DEBUG: MiniSAT found 26 variables
DEBUG: Assignment size: 26
DEBUG: First few assignment values: 1 1 1 1 1 1 1 0 1 1 

=== DEBUG: cnf_assignment_to_paths ===
Input assignment size: 26

=== END DEBUG ===
[SAT] Found 3 vertex collisions and 0 edge collisions
[SAT] Adding collision clauses and solving again...
[SAT] Solving local zone with SAT iteration 2...
[SAT] Local CNF: 48 clauses 

DEBUG: Adding 3 new clauses to MiniSAT (incremental run)
[SAT] Local problem is unsatisfiable after 2 iterations
[SAT] Local problem appears to be unsatisfiable in current zone
[Waiting_time_Solve] No solution found, trying to apply waiting time:1
[Waiting_time_Solve] Applying waiting time delta 1 to segment 53
[Waiting_time_Solve] Original id: 53
[Create_Local_Problem] MDD already aligned to the time window
[Waiting_time_Solve] Path length: 47
[Waiting_time_Solve] Makespan: 46
[Waiting_time_Solve] Segment exit time: 14
[Waiting_time_Solve] Path length after shifting suffix: 47
[Waiting_time_Solve] path length after inserting segment path: 47
[Waiting_time_Solve] inserting following segments
[Waiting_time_Solve] curren pos_it: 5
[Waiting_time_Solve] pushing new path into current solution
[Waiting_time_Solve] New path is consistent after applying waiting time for agent 53
[Current_Solution] Agent 53 used 1 waiting timesteps, 27 remaining
[Waiting_time_Solve] Applied 1 waiting time to segment 53 for agent 53
[Current_Solution] Agent 38 used 0 waiting timesteps, 33 remaining
[Waiting_time_Solve] Applied 0 waiting time to segment 38 for agent 38
[Waiting_time_Solve] Waiting time applied
[Waiting_time_Solve] Extended Zone end time from 13 to 14
[Create_Local_Problem] Agent 18 is being scanned from timestep 14 to 14
[Create_Local_problem] Agent 18 contiguous intervals: [14, 14] 
[Create_Local_problem] Agent 18 exited the zone at exit time 14
[Create_Local_Problem] Agent 18 is continuing in the zone until timestep 14
[Create_Local_Problem] Agent 18old segment entry, exit: 8, 13
[Create_Local_Problem] Agent 18new segment entry, exit: 14, 14
[Create_Local_Problem] Agent 38 is being scanned from timestep 14 to 14
[Create_Local_problem] Agent 38 contiguous intervals: [14, 14] 
[Create_Local_problem] Agent 38 exited the zone at exit time 14
[Create_Local_Problem] Agent 38 is continuing in the zone until timestep 14
[Create_Local_Problem] Agent 38old segment entry, exit: 11, 13
[Create_Local_Problem] Agent 38new segment entry, exit: 14, 14
[Current_Solution] Agent 38 used 1 waiting timesteps, 32 remaining
[Create_Local_Problem] Agent 53 is being scanned from timestep 14 to 14
[Create_Local_problem] Agent 53 contiguous intervals: [14, 14] 
[Create_Local_problem] Agent 53 exited the zone at exit time 14
[Create_Local_Problem] Agent 53 is already extended to the end of the previous zone: 14
[Create_Local_Problem] Agent 65 is being scanned from timestep 14 to 14
[Create_Local_problem] Agent 65 contiguous intervals: [14, 14] 
[Create_Local_problem] Agent 65 exited the zone at exit time 14
[Create_Local_Problem] Agent 65 is new in the zone
[Waiting_time_Solve] Iteration 1...
[SAT] Start solving CNF: 72 clauses and 39 variables
[SAT] Solving local zone with SAT iteration 1...
[SAT] Local CNF: 75 clauses 

DEBUG: Adding 75 new clauses to MiniSAT (incremental run)
DEBUG: Clause load summary: input=75, added=75, tautologies_skipped=0, duplicates_skipped=0, unit_clauses=19, empties=0, intra_clause_literals_removed=0, added_but_db_unchanged=18
DEBUG: After adding clauses, solver has 38 clauses and 39 variables
DEBUG: MiniSAT found 39 variables
DEBUG: Assignment size: 39
DEBUG: First few assignment values: 1 1 1 1 1 1 1 1 0 1 

=== DEBUG: cnf_assignment_to_paths ===
Input assignment size: 39

=== END DEBUG ===
[SAT] Found 0 vertex collisions and 2 edge collisions
[SAT] Adding collision clauses and solving again...
[SAT] Solving local zone with SAT iteration 2...
[SAT] Local CNF: 77 clauses 

DEBUG: Adding 2 new clauses to MiniSAT (incremental run)
[SAT] Local problem is unsatisfiable after 2 iterations
[SAT] Local problem appears to be unsatisfiable in current zone
[Waiting_time_Solve] No solution found, trying to apply waiting time:2
[Waiting_time_Solve] Applying waiting time delta 2 to segment 53
[Waiting_time_Solve] Original id: 53
[Create_Local_Problem] MDD already aligned to the time window
[Waiting_time_Solve] Path length: 47
[Waiting_time_Solve] Makespan: 46
[Waiting_time_Solve] Segment exit time: 16
[Waiting_time_Solve] Path length after shifting suffix: 47
[Waiting_time_Solve] path length after inserting segment path: 47
[Waiting_time_Solve] inserting following segments
[Waiting_time_Solve] curren pos_it: 5
[Waiting_time_Solve] pushing new path into current solution
[Waiting_time_Solve] New path is consistent after applying waiting time for agent 53
[Current_Solution] Agent 53 used 2 waiting timesteps, 25 remaining
[Waiting_time_Solve] Applied 2 waiting time to segment 53 for agent 53
[Waiting_time_Solve] Waiting time applied
[Waiting_time_Solve] Extended Zone end time from 14 to 16
[Create_Local_Problem] Agent 38 is being scanned from timestep 15 to 16
[Create_Local_problem] Agent 38 contiguous intervals: [15, 16] 
[Create_Local_problem] Agent 38 exited the zone at exit time 16
[Create_Local_Problem] Agent 38 is continuing in the zone until timestep 16
[Create_Local_Problem] Agent 38old segment entry, exit: 11, 14
[Create_Local_Problem] Agent 38new segment entry, exit: 15, 16
[Current_Solution] Agent 38 used 2 waiting timesteps, 30 remaining
[Create_Local_Problem] Agent 53 is being scanned from timestep 15 to 16
[Create_Local_problem] Agent 53 contiguous intervals: [15, 16] 
[Create_Local_problem] Agent 53 exited the zone at exit time 16
[Create_Local_Problem] Agent 53 is already extended to the end of the previous zone: 16
[Waiting_time_Solve] Iteration 2...
[SAT] Start solving CNF: 230 clauses and 78 variables
[SAT] Solving local zone with SAT iteration 1...
[SAT] Local CNF: 235 clauses 

DEBUG: Adding 235 new clauses to MiniSAT (incremental run)
DEBUG: Clause load summary: input=235, added=235, tautologies_skipped=0, duplicates_skipped=0, unit_clauses=19, empties=0, intra_clause_literals_removed=0, added_but_db_unchanged=21
DEBUG: After adding clauses, solver has 195 clauses and 78 variables
DEBUG: MiniSAT found 78 variables
DEBUG: Assignment size: 78
DEBUG: First few assignment values: 1 1 1 1 1 1 1 1 0 1 

=== DEBUG: cnf_assignment_to_paths ===
Input assignment size: 78

=== END DEBUG ===
[SAT] Found 2 vertex collisions and 0 edge collisions
[SAT] Adding collision clauses and solving again...
[SAT] Solving local zone with SAT iteration 2...
[SAT] Local CNF: 237 clauses 

DEBUG: Adding 2 new clauses to MiniSAT (incremental run)
DEBUG: Clause load summary: input=2, added=2, tautologies_skipped=0, duplicates_skipped=0, unit_clauses=0, empties=0, intra_clause_literals_removed=0, added_but_db_unchanged=2
DEBUG: After adding clauses, solver has 183 clauses and 78 variables
DEBUG: MiniSAT found 78 variables
DEBUG: Assignment size: 78
DEBUG: First few assignment values: 1 1 1 1 1 1 1 1 0 1 

=== DEBUG: cnf_assignment_to_paths ===
Input assignment size: 78

=== END DEBUG ===
[SAT] Found 2 vertex collisions and 1 edge collisions
[SAT] Adding collision clauses and solving again...
[SAT] Solving local zone with SAT iteration 3...
[SAT] Local CNF: 240 clauses 

DEBUG: Adding 3 new clauses to MiniSAT (incremental run)
DEBUG: Clause load summary: input=3, added=3, tautologies_skipped=0, duplicates_skipped=0, unit_clauses=0, empties=0, intra_clause_literals_removed=0, added_but_db_unchanged=1
DEBUG: After adding clauses, solver has 185 clauses and 78 variables
DEBUG: MiniSAT found 78 variables
DEBUG: Assignment size: 78
DEBUG: First few assignment values: 1 1 1 1 1 1 1 1 1 0 

=== DEBUG: cnf_assignment_to_paths ===
Input assignment size: 78

=== END DEBUG ===
[SAT] Found 0 vertex collisions and 2 edge collisions
[SAT] Adding collision clauses and solving again...
[SAT] Solving local zone with SAT iteration 4...
[SAT] Local CNF: 242 clauses 

DEBUG: Adding 2 new clauses to MiniSAT (incremental run)
DEBUG: Clause load summary: input=2, added=2, tautologies_skipped=0, duplicates_skipped=0, unit_clauses=0, empties=0, intra_clause_literals_removed=0, added_but_db_unchanged=0
DEBUG: After adding clauses, solver has 187 clauses and 78 variables
DEBUG: MiniSAT found 78 variables
DEBUG: Assignment size: 78
DEBUG: First few assignment values: 1 1 1 1 1 1 1 1 1 0 

=== DEBUG: cnf_assignment_to_paths ===
Input assignment size: 78

=== END DEBUG ===
[SAT] Found 1 vertex collisions and 0 edge collisions
[SAT] Adding collision clauses and solving again...
[SAT] Solving local zone with SAT iteration 5...
[SAT] Local CNF: 243 clauses 

DEBUG: Adding 1 new clauses to MiniSAT (incremental run)
DEBUG: Clause load summary: input=1, added=1, tautologies_skipped=0, duplicates_skipped=0, unit_clauses=0, empties=0, intra_clause_literals_removed=0, added_but_db_unchanged=1
DEBUG: After adding clauses, solver has 187 clauses and 78 variables
DEBUG: MiniSAT found 78 variables
DEBUG: Assignment size: 78
DEBUG: First few assignment values: 1 1 1 1 1 1 1 1 1 0 

=== DEBUG: cnf_assignment_to_paths ===
Input assignment size: 78

=== END DEBUG ===
[SAT] Found 0 vertex collisions and 0 edge collisions
[SAT] Found collision-free local solution!
[Waiting_time_Solve] Solution found, updating global solution
[LNS] Updating global solution with pseudo-agent local paths...
[Current_Solution] Updating global solution for agent 61
[Current_Solution] Global solution is consistent after updating with local path
[LNS] Successfully updated global solution with pseudo-agent local paths!
[Current_Solution] Updating global solution for agent 65
[Current_Solution] Global solution is consistent after updating with local path
[LNS] Successfully updated global solution with pseudo-agent local paths!
[Current_Solution] Updating global solution for agent 39
[Current_Solution] Global solution is consistent after updating with local path
[LNS] Successfully updated global solution with pseudo-agent local paths!
[Current_Solution] Updating global solution for agent 38
[Current_Solution] INFO: Segment 38 exit adjusted from 13 to 16 due to waiting time
[Current_Solution] Segment 38 lengthened by 3 timesteps; shifting suffix
[Current_Solution] Global solution is consistent before shifting suffix
[Current_Solution] Global solution is consistent after shifting suffix
[Current_Solution] Global solution is consistent after updating with local path
[LNS] Successfully updated global solution with pseudo-agent local paths!
[Current_Solution] Updating global solution for agent 18
[Current_Solution] INFO: Segment 18 exit adjusted from 13 to 14 due to waiting time
[Current_Solution] Segment 18 lengthened by 1 timesteps; shifting suffix
[Current_Solution] Global solution is consistent before shifting suffix
[Current_Solution] Global solution is consistent after shifting suffix
[Current_Solution] Global solution is consistent after updating with local path
[LNS] Successfully updated global solution with pseudo-agent local paths!
[Current_Solution] Updating global solution for agent 5
[Current_Solution] Global solution is consistent after updating with local path
[LNS] Successfully updated global solution with pseudo-agent local paths!
[Current_Solution] Updating global solution for agent 53
[Current_Solution] INFO: Segment 53 exit adjusted from 13 to 16 due to waiting time
[Current_Solution] Segment 53 lengthened by 3 timesteps; shifting suffix
[Current_Solution] Global solution is consistent before shifting suffix
[Current_Solution] Global solution is consistent after shifting suffix
[Current_Solution] Global solution is consistent after updating with local path
[LNS] Successfully updated global solution with pseudo-agent local paths!
[Current_Solution] Updating global solution for agent 1
[Current_Solution] Global solution is consistent after updating with local path
[LNS] Successfully updated global solution with pseudo-agent local paths!
[LNS] Updating path map with new local paths...
[LNS] Successfully updated global solution with local paths and pseudo agents!
[Solve_local_zone] Successfully solved local zone
[LNS] Successfully solved local zone
[LNS] Analyzing conflicts...
[LNS] Current solution: vertex collisions=75, edge collisions=13
[LNS] Creating conflict buckets...
[LOCAL ZONE] Building diamond bucket for conflict 0
[LOCAL ZONE] Built diamond bucket for conflict 0 with 9 positions, 1 conflicts, 10 - 10 time window
[LOCAL ZONE] Building diamond bucket for conflict 1
[LOCAL ZONE] Built diamond bucket for conflict 1 with 8 positions, 2 conflicts, 10 - 11 time window
[LOCAL ZONE] Building diamond bucket for conflict 2
[LOCAL ZONE] Built diamond bucket for conflict 2 with 5 positions, 1 conflicts, 10 - 10 time window
[LNS] Selected most relevant bucket 1 with time window: 10 - 11, 2 conflicts and 8 positions.
[LNS] Solving the best bucket Local Zone...
[Solve_local_zone] Current local zone size: 8 (0.867679% of all walkable positions)
[Solve_local_zone] Local zone time window: [9, 12]
[Create_Local_problem] Agent 7 contiguous intervals: [10, 12] 
[Create_Local_problem] Agent 7 exited the zone at exit time 12
[Create_Local_problem] Agent 20 contiguous intervals: [9, 11] 
[Create_Local_problem] Agent 20 exited the zone at exit time 11
[Create_Local_problem] Agent 31 contiguous intervals: [9, 11] 
[Create_Local_problem] Agent 31 exited the zone at exit time 11
[Create_Local_problem] Agent 74 contiguous intervals: [9, 12] 
[Create_Local_problem] Agent 74 exited the zone at exit time 12
[Waiting_time_Solve] Total available waiting time: 1907
[Waiting_time_Solve] Iteration 0...
[SAT] Start solving CNF: 24 clauses and 14 variables
[SAT] Solving local zone with SAT iteration 1...
[SAT] Local CNF: 24 clauses 

DEBUG: Adding 24 new clauses to MiniSAT (incremental run)
DEBUG: Clause load summary: input=24, added=24, tautologies_skipped=0, duplicates_skipped=0, unit_clauses=12, empties=0, intra_clause_literals_removed=0, added_but_db_unchanged=9
DEBUG: After adding clauses, solver has 3 clauses and 14 variables
DEBUG: MiniSAT found 14 variables
DEBUG: Assignment size: 14
DEBUG: First few assignment values: 1 1 1 1 1 1 1 1 1 1 

=== DEBUG: cnf_assignment_to_paths ===
Input assignment size: 14

=== END DEBUG ===
[SAT] Found 2 vertex collisions and 0 edge collisions
[SAT] Adding collision clauses and solving again...
[SAT] Solving local zone with SAT iteration 2...
[SAT] Local CNF: 26 clauses 

DEBUG: Adding 2 new clauses to MiniSAT (incremental run)
[SAT] Local problem is unsatisfiable after 2 iterations
[SAT] Local problem appears to be unsatisfiable in current zone
[Waiting_time_Solve] No solution found, trying to apply waiting time:1
[Waiting_time_Solve] Applying waiting time delta 1 to segment 74
[Waiting_time_Solve] Original id: 74
[Create_Local_Problem] MDD already aligned to the time window
[Waiting_time_Solve] Path length: 47
[Waiting_time_Solve] Makespan: 46
[Waiting_time_Solve] Segment exit time: 13
[Waiting_time_Solve] Path length after shifting suffix: 47
[Waiting_time_Solve] path length after inserting segment path: 47
[Waiting_time_Solve] inserting following segments
[Waiting_time_Solve] curren pos_it: 3
[Waiting_time_Solve] pushing new path into current solution
[Waiting_time_Solve] New path is consistent after applying waiting time for agent 74
[Current_Solution] Agent 74 used 1 waiting timesteps, 31 remaining
[Waiting_time_Solve] Applied 1 waiting time to segment 74 for agent 74
[Waiting_time_Solve] Waiting time applied
[Waiting_time_Solve] Extended Zone end time from 12 to 13
[Create_Local_Problem] Agent 7 is being scanned from timestep 13 to 13
[Create_Local_problem] Agent 7 contiguous intervals: [13, 13] 
[Create_Local_problem] Agent 7 exited the zone at exit time 13
[Create_Local_Problem] Agent 7 is continuing in the zone until timestep 13
[Create_Local_Problem] Agent 7old segment entry, exit: 10, 12
[Create_Local_Problem] Agent 7new segment entry, exit: 13, 13
[Create_Local_Problem] Agent 74 is being scanned from timestep 13 to 13
[Create_Local_problem] Agent 74 contiguous intervals: [13, 13] 
[Create_Local_problem] Agent 74 exited the zone at exit time 13
[Create_Local_Problem] Agent 74 is already extended to the end of the previous zone: 13
[Waiting_time_Solve] Iteration 1...
[SAT] Start solving CNF: 36 clauses and 20 variables
[SAT] Solving local zone with SAT iteration 1...
[SAT] Local CNF: 38 clauses 

DEBUG: Adding 38 new clauses to MiniSAT (incremental run)
DEBUG: Clause load summary: input=38, added=38, tautologies_skipped=0, duplicates_skipped=0, unit_clauses=10, empties=0, intra_clause_literals_removed=0, added_but_db_unchanged=9
DEBUG: After adding clauses, solver has 19 clauses and 20 variables
DEBUG: MiniSAT found 20 variables
DEBUG: Assignment size: 20
DEBUG: First few assignment values: 1 0 1 0 1 0 1 1 1 1 

=== DEBUG: cnf_assignment_to_paths ===
Input assignment size: 20

=== END DEBUG ===
[SAT] Found 0 vertex collisions and 2 edge collisions
[SAT] Adding collision clauses and solving again...
[SAT] Solving local zone with SAT iteration 2...
[SAT] Local CNF: 40 clauses 

DEBUG: Adding 2 new clauses to MiniSAT (incremental run)
[SAT] Local problem is unsatisfiable after 2 iterations
[SAT] Local problem appears to be unsatisfiable in current zone
[Waiting_time_Solve] No solution found, trying to apply waiting time:2
[Waiting_time_Solve] Applying waiting time delta 2 to segment 74
[Waiting_time_Solve] Original id: 74
[Create_Local_Problem] MDD already aligned to the time window
[Waiting_time_Solve] Path length: 47
[Waiting_time_Solve] Makespan: 46
[Waiting_time_Solve] Segment exit time: 15
[Waiting_time_Solve] Path length after shifting suffix: 47
[Waiting_time_Solve] path length after inserting segment path: 47
[Waiting_time_Solve] inserting following segments
[Waiting_time_Solve] curren pos_it: 3
[Waiting_time_Solve] pushing new path into current solution
[Waiting_time_Solve] New path is consistent after applying waiting time for agent 74
[Current_Solution] Agent 74 used 2 waiting timesteps, 29 remaining
[Waiting_time_Solve] Applied 2 waiting time to segment 74 for agent 74
[Waiting_time_Solve] Waiting time applied
[Waiting_time_Solve] Extended Zone end time from 13 to 15
[Create_Local_Problem] Agent 74 is being scanned from timestep 14 to 15
[Create_Local_problem] Agent 74 contiguous intervals: [14, 15] 
[Create_Local_problem] Agent 74 exited the zone at exit time 15
[Create_Local_Problem] Agent 74 is already extended to the end of the previous zone: 15
[Waiting_time_Solve] Iteration 2...
[SAT] Start solving CNF: 101 clauses and 36 variables
[SAT] Solving local zone with SAT iteration 1...
[SAT] Local CNF: 105 clauses 

DEBUG: Adding 105 new clauses to MiniSAT (incremental run)
DEBUG: Clause load summary: input=105, added=105, tautologies_skipped=0, duplicates_skipped=0, unit_clauses=10, empties=0, intra_clause_literals_removed=0, added_but_db_unchanged=10
DEBUG: After adding clauses, solver has 85 clauses and 36 variables
DEBUG: MiniSAT found 36 variables
DEBUG: Assignment size: 36
DEBUG: First few assignment values: 1 0 1 0 1 0 0 0 0 1 

=== DEBUG: cnf_assignment_to_paths ===
Input assignment size: 36

=== END DEBUG ===
[SAT] Found 2 vertex collisions and 0 edge collisions
[SAT] Adding collision clauses and solving again...
[SAT] Solving local zone with SAT iteration 2...
[SAT] Local CNF: 107 clauses 

DEBUG: Adding 2 new clauses to MiniSAT (incremental run)
[SAT] Local problem is unsatisfiable after 2 iterations
[SAT] Local problem appears to be unsatisfiable in current zone
[Waiting_time_Solve] No solution found, trying to apply waiting time:3
[Waiting_time_Solve] Applying waiting time delta 3 to segment 74
[Waiting_time_Solve] Original id: 74
[Create_Local_Problem] MDD already aligned to the time window
[Waiting_time_Solve] Path length: 47
[Waiting_time_Solve] Makespan: 46
[Waiting_time_Solve] Segment exit time: 18
[Waiting_time_Solve] Path length after shifting suffix: 47
[Waiting_time_Solve] path length after inserting segment path: 47
[Waiting_time_Solve] inserting following segments
[Waiting_time_Solve] curren pos_it: 3
[Waiting_time_Solve] pushing new path into current solution
[Waiting_time_Solve] New path is consistent after applying waiting time for agent 74
[Current_Solution] Agent 74 used 3 waiting timesteps, 26 remaining
[Waiting_time_Solve] Applied 3 waiting time to segment 74 for agent 74
[Waiting_time_Solve] Waiting time applied
[Waiting_time_Solve] Extended Zone end time from 15 to 18
[Create_Local_Problem] Agent 74 is being scanned from timestep 16 to 18
[Create_Local_problem] Agent 74 contiguous intervals: [16, 18] 
[Create_Local_problem] Agent 74 exited the zone at exit time 18
[Create_Local_Problem] Agent 74 is already extended to the end of the previous zone: 18
[Waiting_time_Solve] Iteration 3...
[SAT] Start solving CNF: 212 clauses and 60 variables
[SAT] Solving local zone with SAT iteration 1...
[SAT] Local CNF: 218 clauses 

DEBUG: Adding 218 new clauses to MiniSAT (incremental run)
[SAT] Local problem is unsatisfiable after 1 iterations
[SAT] Local problem appears to be unsatisfiable in current zone
[Waiting_time_Solve] No solution found, trying to apply waiting time:4
[Waiting_time_Solve] No waiting time applied
[Waiting_time_Solve] No solution found
[Waiting_time_Solve] Restoring original paths
[Waiting_time_Solve] Restoring waiting times
[Current_Solution] Restored waiting times from backup
[Current_Solution] Restored paths from backup
[Solve_local_zone] Zone with expansion factor 0failed
[Solve_local_zone] Expanding zone with offset 2 (original: 1)
[Solve_local_zone] Final expanded zone contains 17 positions with 2 conflicts 
[Solve_local_zone] New time window: [8, 13]
[Solve_local_zone] Current local zone size: 17 (1.84382% of all walkable positions)
[Solve_local_zone] Local zone time window: [8, 13]
[Create_Local_problem] Agent 7 contiguous intervals: [9, 13] 
[Create_Local_problem] Agent 7 exited the zone at exit time 13
[Create_Local_problem] Agent 20 contiguous intervals: [8, 12] 
[Create_Local_problem] Agent 20 exited the zone at exit time 12
[Create_Local_problem] Agent 31 contiguous intervals: [8, 12] 
[Create_Local_problem] Agent 31 exited the zone at exit time 12
[Create_Local_problem] Agent 74 contiguous intervals: [8, 13] 
[Create_Local_problem] Agent 74 exited the zone at exit time 13
[Waiting_time_Solve] Total available waiting time: 1907
[Waiting_time_Solve] Iteration 0...
[SAT] Start solving CNF: 50 clauses and 27 variables
[SAT] Solving local zone with SAT iteration 1...
[SAT] Local CNF: 50 clauses 

DEBUG: Adding 50 new clauses to MiniSAT (incremental run)
DEBUG: Clause load summary: input=50, added=50, tautologies_skipped=0, duplicates_skipped=0, unit_clauses=15, empties=0, intra_clause_literals_removed=0, added_but_db_unchanged=14
DEBUG: After adding clauses, solver has 21 clauses and 27 variables
DEBUG: MiniSAT found 27 variables
DEBUG: Assignment size: 27
DEBUG: First few assignment values: 1 1 1 0 1 0 1 1 1 1 

=== DEBUG: cnf_assignment_to_paths ===
Input assignment size: 27

=== END DEBUG ===
[SAT] Found 1 vertex collisions and 0 edge collisions
[SAT] Adding collision clauses and solving again...
[SAT] Solving local zone with SAT iteration 2...
[SAT] Local CNF: 51 clauses 

DEBUG: Adding 1 new clauses to MiniSAT (incremental run)
[SAT] Local problem is unsatisfiable after 2 iterations
[SAT] Local problem appears to be unsatisfiable in current zone
[Waiting_time_Solve] No solution found, trying to apply waiting time:1
[Waiting_time_Solve] Applying waiting time delta 1 to segment 74
[Waiting_time_Solve] Original id: 74
[Create_Local_Problem] MDD already aligned to the time window
[Waiting_time_Solve] Path length: 47
[Waiting_time_Solve] Makespan: 46
[Waiting_time_Solve] Segment exit time: 14
[Waiting_time_Solve] Path length after shifting suffix: 47
[Waiting_time_Solve] path length after inserting segment path: 47
[Waiting_time_Solve] inserting following segments
[Waiting_time_Solve] curren pos_it: 3
[Waiting_time_Solve] pushing new path into current solution
[Waiting_time_Solve] New path is consistent after applying waiting time for agent 74
[Current_Solution] Agent 74 used 1 waiting timesteps, 31 remaining
[Waiting_time_Solve] Applied 1 waiting time to segment 74 for agent 74
[Waiting_time_Solve] Waiting time applied
[Waiting_time_Solve] Extended Zone end time from 13 to 14
[Create_Local_Problem] Agent 7 is being scanned from timestep 14 to 14
[Create_Local_problem] Agent 7 contiguous intervals: [14, 14] 
[Create_Local_problem] Agent 7 exited the zone at exit time 14
[Create_Local_Problem] Agent 7 is continuing in the zone until timestep 14
[Create_Local_Problem] Agent 7old segment entry, exit: 9, 13
[Create_Local_Problem] Agent 7new segment entry, exit: 14, 14
[Create_Local_Problem] Agent 74 is being scanned from timestep 14 to 14
[Create_Local_problem] Agent 74 contiguous intervals: [14, 14] 
[Create_Local_problem] Agent 74 exited the zone at exit time 14
[Create_Local_Problem] Agent 74 is already extended to the end of the previous zone: 14
[Waiting_time_Solve] Iteration 1...
[SAT] Start solving CNF: 75 clauses and 37 variables
[SAT] Solving local zone with SAT iteration 1...
[SAT] Local CNF: 76 clauses 

DEBUG: Adding 76 new clauses to MiniSAT (incremental run)
DEBUG: Clause load summary: input=76, added=76, tautologies_skipped=0, duplicates_skipped=0, unit_clauses=13, empties=0, intra_clause_literals_removed=0, added_but_db_unchanged=14
DEBUG: After adding clauses, solver has 49 clauses and 37 variables
DEBUG: MiniSAT found 37 variables
DEBUG: Assignment size: 37
DEBUG: First few assignment values: 1 0 1 0 1 0 0 1 0 0 

=== DEBUG: cnf_assignment_to_paths ===
Input assignment size: 37

=== END DEBUG ===
[SAT] Found 0 vertex collisions and 1 edge collisions
[SAT] Adding collision clauses and solving again...
[SAT] Solving local zone with SAT iteration 2...
[SAT] Local CNF: 77 clauses 

DEBUG: Adding 1 new clauses to MiniSAT (incremental run)
DEBUG: Clause load summary: input=1, added=1, tautologies_skipped=0, duplicates_skipped=0, unit_clauses=0, empties=0, intra_clause_literals_removed=0, added_but_db_unchanged=1
DEBUG: After adding clauses, solver has 37 clauses and 37 variables
DEBUG: MiniSAT found 37 variables
DEBUG: Assignment size: 37
DEBUG: First few assignment values: 1 0 1 0 1 0 0 1 0 0 

=== DEBUG: cnf_assignment_to_paths ===
Input assignment size: 37

=== END DEBUG ===
[SAT] Found 1 vertex collisions and 0 edge collisions
[SAT] Adding collision clauses and solving again...
[SAT] Solving local zone with SAT iteration 3...
[SAT] Local CNF: 78 clauses 

DEBUG: Adding 1 new clauses to MiniSAT (incremental run)
DEBUG: Clause load summary: input=1, added=1, tautologies_skipped=0, duplicates_skipped=0, unit_clauses=0, empties=0, intra_clause_literals_removed=0, added_but_db_unchanged=1
DEBUG: After adding clauses, solver has 37 clauses and 37 variables
DEBUG: MiniSAT found 37 variables
DEBUG: Assignment size: 37
DEBUG: First few assignment values: 1 0 1 0 1 0 0 1 0 0 

=== DEBUG: cnf_assignment_to_paths ===
Input assignment size: 37

=== END DEBUG ===
[SAT] Found 0 vertex collisions and 1 edge collisions
[SAT] Adding collision clauses and solving again...
[SAT] Solving local zone with SAT iteration 4...
[SAT] Local CNF: 79 clauses 

DEBUG: Adding 1 new clauses to MiniSAT (incremental run)
DEBUG: Clause load summary: input=1, added=1, tautologies_skipped=0, duplicates_skipped=0, unit_clauses=0, empties=0, intra_clause_literals_removed=0, added_but_db_unchanged=0
DEBUG: After adding clauses, solver has 38 clauses and 37 variables
DEBUG: MiniSAT found 37 variables
DEBUG: Assignment size: 37
DEBUG: First few assignment values: 1 0 1 0 1 0 0 1 0 0 

=== DEBUG: cnf_assignment_to_paths ===
Input assignment size: 37

=== END DEBUG ===
[SAT] Found 0 vertex collisions and 0 edge collisions
[SAT] Found collision-free local solution!
[Waiting_time_Solve] Solution found, updating global solution
[LNS] Updating global solution with pseudo-agent local paths...
[Current_Solution] Updating global solution for agent 74
[Current_Solution] INFO: Segment 74 exit adjusted from 13 to 14 due to waiting time
[Current_Solution] Segment 74 lengthened by 1 timesteps; shifting suffix
[Current_Solution] Global solution is consistent before shifting suffix
[Current_Solution] Global solution is consistent after shifting suffix
[Current_Solution] Global solution is consistent after updating with local path
[LNS] Successfully updated global solution with pseudo-agent local paths!
[Current_Solution] Updating global solution for agent 31
[Current_Solution] Global solution is consistent after updating with local path
[LNS] Successfully updated global solution with pseudo-agent local paths!
[Current_Solution] Updating global solution for agent 20
[Current_Solution] Global solution is consistent after updating with local path
[LNS] Successfully updated global solution with pseudo-agent local paths!
[Current_Solution] Updating global solution for agent 7
[Current_Solution] INFO: Segment 7 exit adjusted from 13 to 14 due to waiting time
[Current_Solution] Segment 7 lengthened by 1 timesteps; shifting suffix
[Current_Solution] Global solution is consistent before shifting suffix
[Current_Solution] Global solution is consistent after shifting suffix
[Current_Solution] Global solution is consistent after updating with local path
[LNS] Successfully updated global solution with pseudo-agent local paths!
[LNS] Updating path map with new local paths...
[LNS] Successfully updated global solution with local paths and pseudo agents!
[Solve_local_zone] Successfully solved local zone
[LNS] Successfully solved local zone
[LNS] Analyzing conflicts...
[LNS] Current solution: vertex collisions=73, edge collisions=13
[LNS] Creating conflict buckets...
[LOCAL ZONE] Building diamond bucket for conflict 0
[LOCAL ZONE] Built diamond bucket for conflict 0 with 9 positions, 1 conflicts, 10 - 10 time window
[LOCAL ZONE] Building diamond bucket for conflict 1
[LOCAL ZONE] Built diamond bucket for conflict 1 with 5 positions, 1 conflicts, 10 - 10 time window
[LNS] Selected most relevant bucket 0 with time window: 10 - 10, 1 conflicts and 9 positions.
[LNS] Solving the best bucket Local Zone...
[Solve_local_zone] Current local zone size: 9 (0.976139% of all walkable positions)
[Solve_local_zone] Local zone time window: [9, 11]
[Create_Local_problem] Agent 1 contiguous intervals: [9, 9] 
[Create_Local_problem] Agent 1 exited the zone at exit time 9
[Create_Local_problem] Agent 61 contiguous intervals: [9, 11] 
[Create_Local_problem] Agent 61 exited the zone at exit time 11
[Create_Local_problem] Agent 62 contiguous intervals: [9, 11] 
[Create_Local_problem] Agent 62 exited the zone at exit time 11
[Current_Solution] Agent 62 used 5 waiting timesteps, 35 remaining
[Create_Local_problem] Agent 65 contiguous intervals: [9, 11] 
[Create_Local_problem] Agent 65 exited the zone at exit time 11
[Waiting_time_Solve] Total available waiting time: 1901
[Waiting_time_Solve] Iteration 0...
[SAT] Start solving CNF: 21 clauses and 12 variables
[SAT] Solving local zone with SAT iteration 1...
[SAT] Local CNF: 21 clauses 

DEBUG: Adding 21 new clauses to MiniSAT (incremental run)
DEBUG: Clause load summary: input=21, added=21, tautologies_skipped=0, duplicates_skipped=0, unit_clauses=9, empties=0, intra_clause_literals_removed=0, added_but_db_unchanged=7
DEBUG: After adding clauses, solver has 5 clauses and 12 variables
DEBUG: MiniSAT found 12 variables
DEBUG: Assignment size: 12
DEBUG: First few assignment values: 1 1 1 1 0 1 0 1 1 1 

=== DEBUG: cnf_assignment_to_paths ===
Input assignment size: 12

=== END DEBUG ===
[SAT] Found 1 vertex collisions and 1 edge collisions
[SAT] Adding collision clauses and solving again...
[SAT] Solving local zone with SAT iteration 2...
[SAT] Local CNF: 23 clauses 

DEBUG: Adding 2 new clauses to MiniSAT (incremental run)
DEBUG: Clause load summary: input=2, added=2, tautologies_skipped=0, duplicates_skipped=0, unit_clauses=0, empties=0, intra_clause_literals_removed=0, added_but_db_unchanged=2
DEBUG: After adding clauses, solver has 5 clauses and 12 variables
DEBUG: MiniSAT found 12 variables
DEBUG: Assignment size: 12
DEBUG: First few assignment values: 1 1 1 1 0 0 1 1 1 1 

=== DEBUG: cnf_assignment_to_paths ===
Input assignment size: 12

=== END DEBUG ===
[SAT] Found 1 vertex collisions and 0 edge collisions
[SAT] Adding collision clauses and solving again...
[SAT] Solving local zone with SAT iteration 3...
[SAT] Local CNF: 24 clauses 

DEBUG: Adding 1 new clauses to MiniSAT (incremental run)
DEBUG: Clause load summary: input=1, added=1, tautologies_skipped=0, duplicates_skipped=0, unit_clauses=0, empties=0, intra_clause_literals_removed=0, added_but_db_unchanged=1
DEBUG: After adding clauses, solver has 5 clauses and 12 variables
DEBUG: MiniSAT found 12 variables
DEBUG: Assignment size: 12
DEBUG: First few assignment values: 1 1 1 1 1 0 0 1 1 1 

=== DEBUG: cnf_assignment_to_paths ===
Input assignment size: 12

=== END DEBUG ===
[SAT] Found 0 vertex collisions and 1 edge collisions
[SAT] Adding collision clauses and solving again...
[SAT] Solving local zone with SAT iteration 4...
[SAT] Local CNF: 25 clauses 

DEBUG: Adding 1 new clauses to MiniSAT (incremental run)
[SAT] Local problem is unsatisfiable after 4 iterations
[SAT] Local problem appears to be unsatisfiable in current zone
[Waiting_time_Solve] No solution found, trying to apply waiting time:1
[Waiting_time_Solve] Applying waiting time delta 1 to segment 62
[Waiting_time_Solve] Original id: 62
[Create_Local_Problem] MDD already aligned to the time window
[Waiting_time_Solve] Path length: 47
[Waiting_time_Solve] Makespan: 46
[Waiting_time_Solve] Segment exit time: 11
[Waiting_time_Solve] Path length after shifting suffix: 47
[Waiting_time_Solve] path length after inserting segment path: 47
[Waiting_time_Solve] inserting following segments
[Waiting_time_Solve] curren pos_it: 2
[Waiting_time_Solve] pushing new path into current solution
[Waiting_time_Solve] New path is consistent after applying waiting time for agent 62
[Current_Solution] Agent 62 used 1 waiting timesteps, 34 remaining
[Waiting_time_Solve] Applied 1 waiting time to segment 62 for agent 62
[Waiting_time_Solve] Waiting time applied
[Waiting_time_Solve] Iteration 1...
[SAT] Start solving CNF: 21 clauses and 12 variables
[SAT] Solving local zone with SAT iteration 1...
[SAT] Local CNF: 25 clauses 

DEBUG: Adding 25 new clauses to MiniSAT (incremental run)
[SAT] Local problem is unsatisfiable after 1 iterations
[SAT] Local problem appears to be unsatisfiable in current zone
[Waiting_time_Solve] No solution found, trying to apply waiting time:2
[Waiting_time_Solve] No waiting time applied
[Waiting_time_Solve] No solution found
[Waiting_time_Solve] Restoring original paths
[Waiting_time_Solve] Restoring waiting times
[Current_Solution] Restored waiting times from backup
[Current_Solution] Restored paths from backup
[Solve_local_zone] Zone with expansion factor 0failed
[Solve_local_zone] Expanding zone with offset 2 (original: 1)
[Solve_local_zone] Final expanded zone contains 18 positions with 1 conflicts 
[Solve_local_zone] New time window: [8, 12]
[Solve_local_zone] Current local zone size: 18 (1.95228% of all walkable positions)
[Solve_local_zone] Local zone time window: [8, 12]
[Create_Local_problem] Agent 1 contiguous intervals: [8, 10] 
[Create_Local_problem] Agent 1 exited the zone at exit time 10
[Create_Local_problem] Agent 5 contiguous intervals: [9, 9] 
[Create_Local_problem] Agent 5 exited the zone at exit time 9
[Create_Local_problem] Agent 27 contiguous intervals: [8, 8] 
[Create_Local_problem] Agent 27 exited the zone at exit time 8
[Create_Local_problem] Agent 61 contiguous intervals: [8, 12] 
[Create_Local_problem] Agent 61 exited the zone at exit time 12
[Create_Local_problem] Agent 62 contiguous intervals: [8, 12] 
[Create_Local_problem] Agent 62 exited the zone at exit time 12
[Current_Solution] Agent 62 used 6 waiting timesteps, 34 remaining
[Create_Local_problem] Agent 65 contiguous intervals: [8, 12] 
[Create_Local_problem] Agent 65 exited the zone at exit time 12
[Create_Local_problem] Agent 70 contiguous intervals: [11, 11] 
[Create_Local_problem] Agent 70 exited the zone at exit time 11
[Waiting_time_Solve] Total available waiting time: 1900
[Waiting_time_Solve] Iteration 0...
[SAT] Start solving CNF: 93 clauses and 35 variables
[SAT] Solving local zone with SAT iteration 1...
[SAT] Local CNF: 93 clauses 

DEBUG: Adding 93 new clauses to MiniSAT (incremental run)
DEBUG: Clause load summary: input=93, added=93, tautologies_skipped=0, duplicates_skipped=0, unit_clauses=16, empties=0, intra_clause_literals_removed=0, added_but_db_unchanged=12
DEBUG: After adding clauses, solver has 65 clauses and 35 variables
DEBUG: MiniSAT found 35 variables
DEBUG: Assignment size: 35
DEBUG: First few assignment values: 1 1 1 1 1 1 0 1 0 0 

=== DEBUG: cnf_assignment_to_paths ===
Input assignment size: 35

=== END DEBUG ===
[SAT] Found 2 vertex collisions and 0 edge collisions
[SAT] Adding collision clauses and solving again...
[SAT] Solving local zone with SAT iteration 2...
[SAT] Local CNF: 95 clauses 

DEBUG: Adding 2 new clauses to MiniSAT (incremental run)
DEBUG: Clause load summary: input=2, added=2, tautologies_skipped=0, duplicates_skipped=0, unit_clauses=0, empties=0, intra_clause_literals_removed=0, added_but_db_unchanged=2
DEBUG: After adding clauses, solver has 65 clauses and 35 variables
DEBUG: MiniSAT found 35 variables
DEBUG: Assignment size: 35
DEBUG: First few assignment values: 1 1 1 1 1 1 0 1 0 0 

=== DEBUG: cnf_assignment_to_paths ===
Input assignment size: 35

=== END DEBUG ===
[SAT] Found 1 vertex collisions and 1 edge collisions
[SAT] Adding collision clauses and solving again...
[SAT] Solving local zone with SAT iteration 3...
[SAT] Local CNF: 97 clauses 

DEBUG: Adding 2 new clauses to MiniSAT (incremental run)
DEBUG: Clause load summary: input=2, added=2, tautologies_skipped=0, duplicates_skipped=0, unit_clauses=0, empties=0, intra_clause_literals_removed=0, added_but_db_unchanged=2
DEBUG: After adding clauses, solver has 65 clauses and 35 variables
DEBUG: MiniSAT found 35 variables
DEBUG: Assignment size: 35
DEBUG: First few assignment values: 1 1 1 1 1 1 1 0 0 1 

=== DEBUG: cnf_assignment_to_paths ===
Input assignment size: 35

=== END DEBUG ===
[SAT] Found 1 vertex collisions and 0 edge collisions
[SAT] Adding collision clauses and solving again...
[SAT] Solving local zone with SAT iteration 4...
[SAT] Local CNF: 98 clauses 

DEBUG: Adding 1 new clauses to MiniSAT (incremental run)
DEBUG: Clause load summary: input=1, added=1, tautologies_skipped=0, duplicates_skipped=0, unit_clauses=0, empties=0, intra_clause_literals_removed=0, added_but_db_unchanged=1
DEBUG: After adding clauses, solver has 65 clauses and 35 variables
DEBUG: MiniSAT found 35 variables
DEBUG: Assignment size: 35
DEBUG: First few assignment values: 1 1 1 1 1 1 0 1 0 0 

=== DEBUG: cnf_assignment_to_paths ===
Input assignment size: 35

=== END DEBUG ===
[SAT] Found 1 vertex collisions and 1 edge collisions
[SAT] Adding collision clauses and solving again...
[SAT] Solving local zone with SAT iteration 5...
[SAT] Local CNF: 100 clauses 

DEBUG: Adding 2 new clauses to MiniSAT (incremental run)
DEBUG: Clause load summary: input=2, added=2, tautologies_skipped=0, duplicates_skipped=0, unit_clauses=0, empties=0, intra_clause_literals_removed=0, added_but_db_unchanged=2
DEBUG: After adding clauses, solver has 65 clauses and 35 variables
DEBUG: MiniSAT found 35 variables
DEBUG: Assignment size: 35
DEBUG: First few assignment values: 1 1 1 1 1 1 0 0 1 0 

=== DEBUG: cnf_assignment_to_paths ===
Input assignment size: 35

=== END DEBUG ===
[SAT] Found 0 vertex collisions and 1 edge collisions
[SAT] Adding collision clauses and solving again...
[SAT] Solving local zone with SAT iteration 6...
[SAT] Local CNF: 101 clauses 

DEBUG: Adding 1 new clauses to MiniSAT (incremental run)
[SAT] Local problem is unsatisfiable after 6 iterations
[SAT] Local problem appears to be unsatisfiable in current zone
[Waiting_time_Solve] No solution found, trying to apply waiting time:1
[Waiting_time_Solve] Applying waiting time delta 1 to segment 1
[Waiting_time_Solve] Original id: 1
[Create_Local_Problem] MDD already aligned to the time window
[Waiting_time_Solve] Path length: 47
[Waiting_time_Solve] Makespan: 46
[Waiting_time_Solve] Segment exit time: 11
[Waiting_time_Solve] Path length after shifting suffix: 47
[Waiting_time_Solve] path length after inserting segment path: 47
[Waiting_time_Solve] inserting following segments
[Waiting_time_Solve] curren pos_it: 0
[Waiting_time_Solve] pushing new path into current solution
[Waiting_time_Solve] New path is consistent after applying waiting time for agent 1
[Current_Solution] Agent 1 used 1 waiting timesteps, 34 remaining
[Waiting_time_Solve] Applied 1 waiting time to segment 1 for agent 1
[Waiting_time_Solve] Applying waiting time delta 1 to segment 62
[Waiting_time_Solve] Original id: 62
[Create_Local_Problem] MDD already aligned to the time window
[Waiting_time_Solve] Path length: 47
[Waiting_time_Solve] Makespan: 46
[Waiting_time_Solve] Segment exit time: 12
[Waiting_time_Solve] Path length after shifting suffix: 47
[Waiting_time_Solve] path length after inserting segment path: 47
[Waiting_time_Solve] inserting following segments
[Waiting_time_Solve] curren pos_it: 4
[Waiting_time_Solve] pushing new path into current solution
[Waiting_time_Solve] New path is consistent after applying waiting time for agent 62
[Current_Solution] Agent 62 used 1 waiting timesteps, 33 remaining
[Waiting_time_Solve] Applied 1 waiting time to segment 62 for agent 62
[Waiting_time_Solve] Waiting time applied
[Waiting_time_Solve] Iteration 1...
[SAT] Start solving CNF: 99 clauses and 38 variables
[SAT] Solving local zone with SAT iteration 1...
[SAT] Local CNF: 107 clauses 

DEBUG: Adding 107 new clauses to MiniSAT (incremental run)
DEBUG: Clause load summary: input=107, added=107, tautologies_skipped=0, duplicates_skipped=0, unit_clauses=15, empties=0, intra_clause_literals_removed=0, added_but_db_unchanged=16
DEBUG: After adding clauses, solver has 76 clauses and 38 variables
[SAT] Local problem is unsatisfiable after 1 iterations
[SAT] Local problem appears to be unsatisfiable in current zone
[Waiting_time_Solve] No solution found, trying to apply waiting time:2
[Waiting_time_Solve] No waiting time applied
[Waiting_time_Solve] No solution found
[Waiting_time_Solve] Restoring original paths
[Waiting_time_Solve] Restoring waiting times
[Current_Solution] Restored waiting times from backup
[Current_Solution] Restored paths from backup
[Solve_local_zone] Zone with expansion factor 1failed
[Solve_local_zone] Expanding zone with offset 3 (original: 1)
[Solve_local_zone] Final expanded zone contains 30 positions with 1 conflicts 
[Solve_local_zone] New time window: [7, 13]
[Solve_local_zone] Current local zone size: 30 (3.2538% of all walkable positions)
[Solve_local_zone] Local zone time window: [7, 13]
[Create_Local_problem] Agent 1 contiguous intervals: [7, 13] 
[Create_Local_problem] Agent 1 exited the zone at exit time 13
[Current_Solution] Agent 1 used 2 waiting timesteps, 33 remaining
[Create_Local_problem] Agent 5 contiguous intervals: [7, 10] 
[Create_Local_problem] Agent 5 exited the zone at exit time 10
[Create_Local_problem] Agent 18 contiguous intervals: [8, 8] [10, 10] 
[Create_Local_problem] Agent 18 exited the zone at exit time 10
[Create_Local_problem] Agent 18 returned to the zone 1 times within time window
[Create_Local_problem] Agent 19 contiguous intervals: [7, 8] [10, 13] 
[Create_Local_problem] Agent 19 exited the zone at exit time 13
[Create_Local_problem] Agent 19 returned to the zone 1 times within time window
[Current_Solution] Agent 19 used 3 waiting timesteps, 33 remaining
[Create_Local_problem] Agent 27 contiguous intervals: [7, 9] 
[Create_Local_problem] Agent 27 exited the zone at exit time 9
[Create_Local_problem] Agent 39 contiguous intervals: [7, 8] 
[Create_Local_problem] Agent 39 exited the zone at exit time 8
[Create_Local_problem] Agent 61 contiguous intervals: [7, 13] 
[Create_Local_problem] Agent 61 exited the zone at exit time 13
[Create_Local_problem] Agent 62 contiguous intervals: [7, 13] 
[Create_Local_problem] Agent 62 exited the zone at exit time 13
[Current_Solution] Agent 62 used 7 waiting timesteps, 33 remaining
[Create_Local_problem] Agent 65 contiguous intervals: [7, 13] 
[Create_Local_problem] Agent 65 exited the zone at exit time 13
[Create_Local_problem] Agent 70 contiguous intervals: [10, 12] 
[Create_Local_problem] Agent 70 exited the zone at exit time 12
[Waiting_time_Solve] Total available waiting time: 1894
[Waiting_time_Solve] Iteration 0...
[Waiting_time_Solve] Agent 19 pseudo agents: 81 
[Waiting_time_Solve] Agent 18 pseudo agents: 80 
[SAT] Start solving CNF: 437 clauses and 111 variables
[SAT] Solving local zone with SAT iteration 1...
[SAT] Local CNF: 437 clauses 

DEBUG: Adding 437 new clauses to MiniSAT (incremental run)
DEBUG: Clause load summary: input=437, added=437, tautologies_skipped=0, duplicates_skipped=0, unit_clauses=31, empties=0, intra_clause_literals_removed=0, added_but_db_unchanged=27
DEBUG: After adding clauses, solver has 379 clauses and 111 variables
DEBUG: MiniSAT found 111 variables
DEBUG: Assignment size: 111
DEBUG: First few assignment values: 1 0 1 0 0 0 0 1 0 0 

=== DEBUG: cnf_assignment_to_paths ===
Input assignment size: 111

=== END DEBUG ===
[SAT] Found 0 vertex collisions and 2 edge collisions
[SAT] Adding collision clauses and solving again...
[SAT] Solving local zone with SAT iteration 2...
[SAT] Local CNF: 439 clauses 

DEBUG: Adding 2 new clauses to MiniSAT (incremental run)
DEBUG: Clause load summary: input=2, added=2, tautologies_skipped=0, duplicates_skipped=0, unit_clauses=0, empties=0, intra_clause_literals_removed=0, added_but_db_unchanged=1
DEBUG: After adding clauses, solver has 380 clauses and 111 variables
DEBUG: MiniSAT found 111 variables
DEBUG: Assignment size: 111
DEBUG: First few assignment values: 1 0 1 0 0 0 0 1 0 0 

=== DEBUG: cnf_assignment_to_paths ===
Input assignment size: 111

=== END DEBUG ===
[SAT] Found 0 vertex collisions and 1 edge collisions
[SAT] Adding collision clauses and solving again...
[SAT] Solving local zone with SAT iteration 3...
[SAT] Local CNF: 440 clauses 

DEBUG: Adding 1 new clauses to MiniSAT (incremental run)
DEBUG: Clause load summary: input=1, added=1, tautologies_skipped=0, duplicates_skipped=0, unit_clauses=0, empties=0, intra_clause_literals_removed=0, added_but_db_unchanged=0
DEBUG: After adding clauses, solver has 381 clauses and 111 variables
DEBUG: MiniSAT found 111 variables
DEBUG: Assignment size: 111
DEBUG: First few assignment values: 1 0 1 0 0 0 0 1 0 0 

=== DEBUG: cnf_assignment_to_paths ===
Input assignment size: 111

=== END DEBUG ===
[SAT] Found 1 vertex collisions and 0 edge collisions
[SAT] Adding collision clauses and solving again...
[SAT] Solving local zone with SAT iteration 4...
[SAT] Local CNF: 441 clauses 

DEBUG: Adding 1 new clauses to MiniSAT (incremental run)
DEBUG: Clause load summary: input=1, added=1, tautologies_skipped=0, duplicates_skipped=0, unit_clauses=0, empties=0, intra_clause_literals_removed=0, added_but_db_unchanged=1
DEBUG: After adding clauses, solver has 381 clauses and 111 variables
DEBUG: MiniSAT found 111 variables
DEBUG: Assignment size: 111
DEBUG: First few assignment values: 1 0 1 0 0 0 0 1 0 0 

=== DEBUG: cnf_assignment_to_paths ===
Input assignment size: 111

=== END DEBUG ===
[SAT] Found 1 vertex collisions and 0 edge collisions
[SAT] Adding collision clauses and solving again...
[SAT] Solving local zone with SAT iteration 5...
[SAT] Local CNF: 442 clauses 

DEBUG: Adding 1 new clauses to MiniSAT (incremental run)
DEBUG: Clause load summary: input=1, added=1, tautologies_skipped=0, duplicates_skipped=0, unit_clauses=0, empties=0, intra_clause_literals_removed=0, added_but_db_unchanged=1
DEBUG: After adding clauses, solver has 381 clauses and 111 variables
DEBUG: MiniSAT found 111 variables
DEBUG: Assignment size: 111
DEBUG: First few assignment values: 1 0 1 0 0 0 0 1 0 0 

=== DEBUG: cnf_assignment_to_paths ===
Input assignment size: 111

=== END DEBUG ===
[SAT] Found 0 vertex collisions and 1 edge collisions
[SAT] Adding collision clauses and solving again...
[SAT] Solving local zone with SAT iteration 6...
[SAT] Local CNF: 443 clauses 

DEBUG: Adding 1 new clauses to MiniSAT (incremental run)
DEBUG: Clause load summary: input=1, added=1, tautologies_skipped=0, duplicates_skipped=0, unit_clauses=0, empties=0, intra_clause_literals_removed=0, added_but_db_unchanged=0
DEBUG: After adding clauses, solver has 382 clauses and 111 variables
DEBUG: MiniSAT found 111 variables
DEBUG: Assignment size: 111
DEBUG: First few assignment values: 1 0 1 0 0 0 0 1 0 0 

=== DEBUG: cnf_assignment_to_paths ===
Input assignment size: 111

=== END DEBUG ===
[SAT] Found 0 vertex collisions and 0 edge collisions
[SAT] Found collision-free local solution!
[Waiting_time_Solve] Solution found, updating global solution
[LNS] Updating global solution with pseudo-agent local paths...
[Current_Solution] Updating global solution for agent 62
[Current_Solution] Global solution is consistent after updating with local path
[LNS] Successfully updated global solution with pseudo-agent local paths!
[Current_Solution] Updating global solution for agent 61
[Current_Solution] Global solution is consistent after updating with local path
[LNS] Successfully updated global solution with pseudo-agent local paths!
[Current_Solution] Updating global solution for agent 65
[Current_Solution] Global solution is consistent after updating with local path
[LNS] Successfully updated global solution with pseudo-agent local paths!
[Current_Solution] Updating global solution for agent 39
[Current_Solution] Global solution is consistent after updating with local path
[LNS] Successfully updated global solution with pseudo-agent local paths!
[Current_Solution] Updating global solution for agent 19
[Current_Solution] Global solution is consistent after updating with local path
[Current_Solution] Global solution is consistent after updating with local path
[LNS] Successfully updated global solution with pseudo-agent local paths!
[Current_Solution] Updating global solution for agent 70
[Current_Solution] Global solution is consistent after updating with local path
[LNS] Successfully updated global solution with pseudo-agent local paths!
[Current_Solution] Updating global solution for agent 18
[Current_Solution] Global solution is consistent after updating with local path
[Current_Solution] Global solution is consistent after updating with local path
[LNS] Successfully updated global solution with pseudo-agent local paths!
[Current_Solution] Updating global solution for agent 5
[Current_Solution] Global solution is consistent after updating with local path
[LNS] Successfully updated global solution with pseudo-agent local paths!
[Current_Solution] Updating global solution for agent 27
[Current_Solution] Global solution is consistent after updating with local path
[LNS] Successfully updated global solution with pseudo-agent local paths!
[Current_Solution] Updating global solution for agent 1
[Current_Solution] Global solution is consistent after updating with local path
[LNS] Successfully updated global solution with pseudo-agent local paths!
[LNS] Updating path map with new local paths...
[LNS] Successfully updated global solution with local paths and pseudo agents!
[Solve_local_zone] Successfully solved local zone
[LNS] Successfully solved local zone
[LNS] Analyzing conflicts...
[LNS] Current solution: vertex collisions=72, edge collisions=13
[LNS] Creating conflict buckets...
[LOCAL ZONE] Building diamond bucket for conflict 0
[LOCAL ZONE] Built diamond bucket for conflict 0 with 5 positions, 1 conflicts, 10 - 10 time window
[LNS] Selected most relevant bucket 0 with time window: 10 - 10, 1 conflicts and 5 positions.
[LNS] Solving the best bucket Local Zone...
[Solve_local_zone] Current local zone size: 5 (0.542299% of all walkable positions)
[Solve_local_zone] Local zone time window: [9, 11]
[Create_Local_problem] Agent 0 contiguous intervals: [9, 11] 
[Create_Local_problem] Agent 0 exited the zone at exit time 11
[Create_Local_problem] Agent 32 contiguous intervals: [9, 9] 
[Create_Local_problem] Agent 32 exited the zone at exit time 9
[Create_Local_problem] Agent 37 contiguous intervals: [9, 11] 
[Create_Local_problem] Agent 37 exited the zone at exit time 11
[Current_Solution] Agent 37 used 3 waiting timesteps, 35 remaining
[Waiting_time_Solve] Total available waiting time: 1891
[Waiting_time_Solve] Iteration 0...
[SAT] Start solving CNF: 25 clauses and 11 variables
[SAT] Solving local zone with SAT iteration 1...
[SAT] Local CNF: 25 clauses 

DEBUG: Adding 25 new clauses to MiniSAT (incremental run)
DEBUG: Clause load summary: input=25, added=25, tautologies_skipped=0, duplicates_skipped=0, unit_clauses=6, empties=0, intra_clause_literals_removed=0, added_but_db_unchanged=7
DEBUG: After adding clauses, solver has 12 clauses and 11 variables
DEBUG: MiniSAT found 11 variables
DEBUG: Assignment size: 11
DEBUG: First few assignment values: 1 0 1 0 0 0 1 1 1 1 

=== DEBUG: cnf_assignment_to_paths ===
Input assignment size: 11

=== END DEBUG ===
[SAT] Found 0 vertex collisions and 1 edge collisions
[SAT] Adding collision clauses and solving again...
[SAT] Solving local zone with SAT iteration 2...
[SAT] Local CNF: 26 clauses 

DEBUG: Adding 1 new clauses to MiniSAT (incremental run)
DEBUG: Clause load summary: input=1, added=1, tautologies_skipped=0, duplicates_skipped=0, unit_clauses=0, empties=0, intra_clause_literals_removed=0, added_but_db_unchanged=1
DEBUG: After adding clauses, solver has 12 clauses and 11 variables
DEBUG: MiniSAT found 11 variables
DEBUG: Assignment size: 11
DEBUG: First few assignment values: 1 0 0 1 0 0 1 1 1 1 

=== DEBUG: cnf_assignment_to_paths ===
Input assignment size: 11

=== END DEBUG ===
[SAT] Found 0 vertex collisions and 0 edge collisions
[SAT] Found collision-free local solution!
[Waiting_time_Solve] Solution found, updating global solution
[LNS] Updating global solution with pseudo-agent local paths...
[Current_Solution] Updating global solution for agent 37
[Current_Solution] Global solution is consistent after updating with local path
[LNS] Successfully updated global solution with pseudo-agent local paths!
[Current_Solution] Updating global solution for agent 32
[Current_Solution] Global solution is consistent after updating with local path
[LNS] Successfully updated global solution with pseudo-agent local paths!
[Current_Solution] Updating global solution for agent 0
[Current_Solution] Global solution is consistent after updating with local path
[LNS] Successfully updated global solution with pseudo-agent local paths!
[LNS] Updating path map with new local paths...
[LNS] Successfully updated global solution with local paths and pseudo agents!
[Solve_local_zone] Successfully solved local zone
[LNS] Successfully solved local zone
[LNS] Analyzing conflicts...
[LNS] Current solution: vertex collisions=71, edge collisions=13
[LNS] Creating conflict buckets...
[LOCAL ZONE] Building diamond bucket for conflict 0
[LOCAL ZONE] Built diamond bucket for conflict 0 with 12 positions, 5 conflicts, 11 - 13 time window
[LOCAL ZONE] Building diamond bucket for conflict 1
[LOCAL ZONE] Built diamond bucket for conflict 1 with 5 positions, 1 conflicts, 11 - 11 time window
[LNS] Selected most relevant bucket 0 with time window: 11 - 13, 5 conflicts and 12 positions.
[LNS] Solving the best bucket Local Zone...
[Solve_local_zone] Current local zone size: 12 (1.30152% of all walkable positions)
[Solve_local_zone] Local zone time window: [10, 14]
[Create_Local_problem] Agent 2 contiguous intervals: [10, 14] 
[Create_Local_problem] Agent 2 exited the zone at exit time 14
[Create_Local_problem] Agent 17 contiguous intervals: [10, 14] 
[Create_Local_problem] Agent 17 exited the zone at exit time 14
[Create_Local_problem] Agent 22 contiguous intervals: [10, 13] 
[Create_Local_problem] Agent 22 exited the zone at exit time 13
[Create_Local_problem] Agent 50 contiguous intervals: [12, 14] 
[Create_Local_problem] Agent 50 exited the zone at exit time 14
[Create_Local_problem] Agent 71 contiguous intervals: [10, 14] 
[Create_Local_problem] Agent 71 exited the zone at exit time 14
[Waiting_time_Solve] Total available waiting time: 1891
[Waiting_time_Solve] Iteration 0...
[SAT] Start solving CNF: 41 clauses and 23 variables
[SAT] Solving local zone with SAT iteration 1...
[SAT] Local CNF: 41 clauses 

DEBUG: Adding 41 new clauses to MiniSAT (incremental run)
DEBUG: Clause load summary: input=41, added=41, tautologies_skipped=0, duplicates_skipped=0, unit_clauses=21, empties=0, intra_clause_literals_removed=0, added_but_db_unchanged=17
DEBUG: After adding clauses, solver has 3 clauses and 23 variables
DEBUG: MiniSAT found 23 variables
DEBUG: Assignment size: 23
DEBUG: First few assignment values: 1 1 1 1 1 1 1 1 1 1 

=== DEBUG: cnf_assignment_to_paths ===
Input assignment size: 23

=== END DEBUG ===
[SAT] Found 3 vertex collisions and 2 edge collisions
[SAT] Adding collision clauses and solving again...
[SAT] Solving local zone with SAT iteration 2...
[SAT] Local CNF: 46 clauses 

DEBUG: Adding 5 new clauses to MiniSAT (incremental run)
[SAT] Local problem is unsatisfiable after 2 iterations
[SAT] Local problem appears to be unsatisfiable in current zone
[Waiting_time_Solve] No solution found, trying to apply waiting time:1
[Waiting_time_Solve] Applying waiting time delta 1 to segment 17
[Waiting_time_Solve] Original id: 17
[Create_Local_Problem] MDD already aligned to the time window
[Waiting_time_Solve] Path length: 47
[Waiting_time_Solve] Makespan: 46
[Waiting_time_Solve] Segment exit time: 15
[Waiting_time_Solve] Path length after shifting suffix: 47
[Waiting_time_Solve] path length after inserting segment path: 47
[Waiting_time_Solve] inserting following segments
[Waiting_time_Solve] curren pos_it: 1
[Waiting_time_Solve] pushing new path into current solution
[Waiting_time_Solve] New path is consistent after applying waiting time for agent 17
[Current_Solution] Agent 17 used 1 waiting timesteps, 21 remaining
[Waiting_time_Solve] Applied 1 waiting time to segment 17 for agent 17
[Waiting_time_Solve] Applying waiting time delta 1 to segment 2
[Waiting_time_Solve] Original id: 2
[Create_Local_Problem] MDD already aligned to the time window
[Waiting_time_Solve] Path length: 47
[Waiting_time_Solve] Makespan: 46
[Waiting_time_Solve] Segment exit time: 15
[Waiting_time_Solve] Path length after shifting suffix: 47
[Waiting_time_Solve] path length after inserting segment path: 47
[Waiting_time_Solve] inserting following segments
[Waiting_time_Solve] curren pos_it: 0
[Waiting_time_Solve] pushing new path into current solution
[Waiting_time_Solve] New path is consistent after applying waiting time for agent 2
[Current_Solution] Agent 2 used 1 waiting timesteps, 16 remaining
[Waiting_time_Solve] Applied 1 waiting time to segment 2 for agent 2
[Waiting_time_Solve] Waiting time applied
[Waiting_time_Solve] Extended Zone end time from 14 to 15
[Create_Local_Problem] Agent 2 is being scanned from timestep 15 to 15
[Create_Local_problem] Agent 2 contiguous intervals: [15, 15] 
[Create_Local_problem] Agent 2 exited the zone at exit time 15
[Create_Local_Problem] Agent 2 is already extended to the end of the previous zone: 15
[Create_Local_Problem] Agent 17 is being scanned from timestep 15 to 15
[Create_Local_problem] Agent 17 contiguous intervals: [15, 15] 
[Create_Local_problem] Agent 17 exited the zone at exit time 15
[Create_Local_Problem] Agent 17 is already extended to the end of the previous zone: 15
[Create_Local_Problem] Agent 50 is being scanned from timestep 15 to 15
[Create_Local_problem] Agent 50 contiguous intervals: [15, 15] 
[Create_Local_problem] Agent 50 exited the zone at exit time 15
[Create_Local_Problem] Agent 50 is continuing in the zone until timestep 15
[Create_Local_Problem] Agent 50old segment entry, exit: 12, 14
[Create_Local_Problem] Agent 50new segment entry, exit: 15, 15
[Create_Local_Problem] Agent 71 is being scanned from timestep 15 to 15
[Create_Local_problem] Agent 71 contiguous intervals: [15, 15] 
[Create_Local_problem] Agent 71 exited the zone at exit time 15
[Create_Local_Problem] Agent 71 is continuing in the zone until timestep 15
[Create_Local_Problem] Agent 71old segment entry, exit: 10, 14
[Create_Local_Problem] Agent 71new segment entry, exit: 15, 15
[Waiting_time_Solve] Iteration 1...
[SAT] Start solving CNF: 69 clauses and 36 variables
[SAT] Solving local zone with SAT iteration 1...
[SAT] Local CNF: 74 clauses 

DEBUG: Adding 74 new clauses to MiniSAT (incremental run)
DEBUG: Clause load summary: input=74, added=74, tautologies_skipped=0, duplicates_skipped=0, unit_clauses=18, empties=0, intra_clause_literals_removed=0, added_but_db_unchanged=18
DEBUG: After adding clauses, solver has 38 clauses and 36 variables
DEBUG: MiniSAT found 36 variables
DEBUG: Assignment size: 36
DEBUG: First few assignment values: 1 1 1 1 1 1 1 1 1 1 

=== DEBUG: cnf_assignment_to_paths ===
Input assignment size: 36

=== END DEBUG ===
[SAT] Found 3 vertex collisions and 1 edge collisions
[SAT] Adding collision clauses and solving again...
[SAT] Solving local zone with SAT iteration 2...
[SAT] Local CNF: 78 clauses 

DEBUG: Adding 4 new clauses to MiniSAT (incremental run)
[SAT] Local problem is unsatisfiable after 2 iterations
[SAT] Local problem appears to be unsatisfiable in current zone
[Waiting_time_Solve] No solution found, trying to apply waiting time:2
[Waiting_time_Solve] Applying waiting time delta 2 to segment 2
[Waiting_time_Solve] Original id: 2
[Create_Local_Problem] MDD already aligned to the time window
[Waiting_time_Solve] Path length: 47
[Waiting_time_Solve] Makespan: 46
[Waiting_time_Solve] Segment exit time: 17
[Waiting_time_Solve] Path length after shifting suffix: 47
[Waiting_time_Solve] path length after inserting segment path: 47
[Waiting_time_Solve] inserting following segments
[Waiting_time_Solve] curren pos_it: 0
[Waiting_time_Solve] pushing new path into current solution
[Waiting_time_Solve] New path is consistent after applying waiting time for agent 2
[Current_Solution] Agent 2 used 2 waiting timesteps, 14 remaining
[Waiting_time_Solve] Applied 2 waiting time to segment 2 for agent 2
[Waiting_time_Solve] Applying waiting time delta 2 to segment 17
[Waiting_time_Solve] Original id: 17
[Create_Local_Problem] MDD already aligned to the time window
[Waiting_time_Solve] Path length: 47
[Waiting_time_Solve] Makespan: 46
[Waiting_time_Solve] Segment exit time: 17
[Waiting_time_Solve] Path length after shifting suffix: 47
[Waiting_time_Solve] path length after inserting segment path: 47
[Waiting_time_Solve] inserting following segments
[Waiting_time_Solve] curren pos_it: 1
[Waiting_time_Solve] pushing new path into current solution
[Waiting_time_Solve] New path is consistent after applying waiting time for agent 17
[Current_Solution] Agent 17 used 2 waiting timesteps, 19 remaining
[Waiting_time_Solve] Applied 2 waiting time to segment 17 for agent 17
[Waiting_time_Solve] Waiting time applied
[Waiting_time_Solve] Extended Zone end time from 15 to 17
[Create_Local_Problem] Agent 2 is being scanned from timestep 16 to 17
[Create_Local_problem] Agent 2 contiguous intervals: [16, 17] 
[Create_Local_problem] Agent 2 exited the zone at exit time 17
[Create_Local_Problem] Agent 2 is already extended to the end of the previous zone: 17
[Create_Local_Problem] Agent 17 is being scanned from timestep 16 to 17
[Create_Local_problem] Agent 17 contiguous intervals: [16, 17] 
[Create_Local_problem] Agent 17 exited the zone at exit time 17
[Create_Local_Problem] Agent 17 is already extended to the end of the previous zone: 17
[Create_Local_Problem] Agent 50 is being scanned from timestep 16 to 17
[Create_Local_problem] Agent 50 contiguous intervals: [16, 17] 
[Create_Local_problem] Agent 50 exited the zone at exit time 17
[Create_Local_Problem] Agent 50 is continuing in the zone until timestep 17
[Create_Local_Problem] Agent 50old segment entry, exit: 12, 15
[Create_Local_Problem] Agent 50new segment entry, exit: 16, 17
[Create_Local_Problem] Agent 75 is being scanned from timestep 16 to 17
[Create_Local_problem] Agent 75 contiguous intervals: [17, 17] 
[Create_Local_problem] Agent 75 exited the zone at exit time 17
[Create_Local_Problem] Agent 75 is new in the zone
[Waiting_time_Solve] Iteration 2...
[SAT] Start solving CNF: 225 clauses and 77 variables
[SAT] Solving local zone with SAT iteration 1...
[SAT] Local CNF: 234 clauses 

DEBUG: Adding 234 new clauses to MiniSAT (incremental run)
DEBUG: Clause load summary: input=234, added=234, tautologies_skipped=0, duplicates_skipped=0, unit_clauses=21, empties=0, intra_clause_literals_removed=0, added_but_db_unchanged=26
DEBUG: After adding clauses, solver has 187 clauses and 77 variables
DEBUG: MiniSAT found 77 variables
DEBUG: Assignment size: 77
DEBUG: First few assignment values: 1 1 1 1 1 1 1 1 1 1 

=== DEBUG: cnf_assignment_to_paths ===
Input assignment size: 77

=== END DEBUG ===
[SAT] Found 1 vertex collisions and 2 edge collisions
[SAT] Adding collision clauses and solving again...
[SAT] Solving local zone with SAT iteration 2...
[SAT] Local CNF: 237 clauses 

DEBUG: Adding 3 new clauses to MiniSAT (incremental run)
[SAT] Local problem is unsatisfiable after 2 iterations
[SAT] Local problem appears to be unsatisfiable in current zone
[Waiting_time_Solve] No solution found, trying to apply waiting time:3
[Waiting_time_Solve] Applying waiting time delta 3 to segment 17
[Waiting_time_Solve] Original id: 17
[Create_Local_Problem] MDD already aligned to the time window
[Waiting_time_Solve] Path length: 47
[Waiting_time_Solve] Makespan: 46
[Waiting_time_Solve] Segment exit time: 20
[Waiting_time_Solve] Path length after shifting suffix: 47
[Waiting_time_Solve] path length after inserting segment path: 47
[Waiting_time_Solve] inserting following segments
[Waiting_time_Solve] curren pos_it: 1
[Waiting_time_Solve] pushing new path into current solution
[Waiting_time_Solve] New path is consistent after applying waiting time for agent 17
[Current_Solution] Agent 17 used 3 waiting timesteps, 16 remaining
[Waiting_time_Solve] Applied 3 waiting time to segment 17 for agent 17
[Waiting_time_Solve] Applying waiting time delta 3 to segment 2
[Waiting_time_Solve] Original id: 2
[Create_Local_Problem] MDD already aligned to the time window
[Waiting_time_Solve] Path length: 47
[Waiting_time_Solve] Makespan: 46
[Waiting_time_Solve] Segment exit time: 20
[Waiting_time_Solve] Path length after shifting suffix: 47
[Waiting_time_Solve] path length after inserting segment path: 47
[Waiting_time_Solve] inserting following segments
[Waiting_time_Solve] curren pos_it: 0
[Waiting_time_Solve] pushing new path into current solution
[Waiting_time_Solve] New path is consistent after applying waiting time for agent 2
[Current_Solution] Agent 2 used 3 waiting timesteps, 11 remaining
[Waiting_time_Solve] Applied 3 waiting time to segment 2 for agent 2
[Waiting_time_Solve] Waiting time applied
[Waiting_time_Solve] Extended Zone end time from 17 to 20
[Create_Local_Problem] Agent 2 is being scanned from timestep 18 to 20
[Create_Local_problem] Agent 2 contiguous intervals: [18, 20] 
[Create_Local_problem] Agent 2 exited the zone at exit time 20
[Create_Local_Problem] Agent 2 is already extended to the end of the previous zone: 20
[Create_Local_Problem] Agent 17 is being scanned from timestep 18 to 20
[Create_Local_problem] Agent 17 contiguous intervals: [18, 20] 
[Create_Local_problem] Agent 17 exited the zone at exit time 20
[Create_Local_Problem] Agent 17 is already extended to the end of the previous zone: 20
[Create_Local_Problem] Agent 29 is being scanned from timestep 18 to 20
[Create_Local_problem] Agent 29 contiguous intervals: [19, 19] 
[Create_Local_problem] Agent 29 exited the zone at exit time 19
[Create_Local_Problem] Agent 29 is new in the zone
[Create_Local_Problem] Agent 43 is being scanned from timestep 18 to 20
[Create_Local_problem] Agent 43 contiguous intervals: [18, 20] 
[Create_Local_problem] Agent 43 exited the zone at exit time 20
[Create_Local_Problem] Agent 43 is new in the zone
[Create_Local_Problem] Agent 75 is being scanned from timestep 18 to 20
[Create_Local_problem] Agent 75 contiguous intervals: [18, 20] 
[Create_Local_problem] Agent 75 exited the zone at exit time 20
[Create_Local_Problem] Agent 75 is continuing in the zone until timestep 20
[Create_Local_Problem] Agent 75old segment entry, exit: 17, 17
[Create_Local_Problem] Agent 75new segment entry, exit: 18, 20
[Waiting_time_Solve] Iteration 3...
[SAT] Start solving CNF: 635 clauses and 151 variables
[SAT] Solving local zone with SAT iteration 1...
[SAT] Local CNF: 647 clauses 

DEBUG: Adding 647 new clauses to MiniSAT (incremental run)
DEBUG: Clause load summary: input=647, added=647, tautologies_skipped=0, duplicates_skipped=0, unit_clauses=27, empties=0, intra_clause_literals_removed=0, added_but_db_unchanged=32
DEBUG: After adding clauses, solver has 588 clauses and 151 variables
DEBUG: MiniSAT found 151 variables
DEBUG: Assignment size: 151
DEBUG: First few assignment values: 1 1 1 0 1 1 1 1 1 1 

=== DEBUG: cnf_assignment_to_paths ===
Input assignment size: 151

=== END DEBUG ===
[SAT] Found 1 vertex collisions and 1 edge collisions
[SAT] Adding collision clauses and solving again...
[SAT] Solving local zone with SAT iteration 2...
[SAT] Local CNF: 649 clauses 

DEBUG: Adding 2 new clauses to MiniSAT (incremental run)
[SAT] Local problem is unsatisfiable after 2 iterations
[SAT] Local problem appears to be unsatisfiable in current zone
[Waiting_time_Solve] No solution found, trying to apply waiting time:4
[Waiting_time_Solve] Applying waiting time delta 4 to segment 75
[Waiting_time_Solve] Original id: 75
[Create_Local_Problem] MDD already aligned to the time window
[Waiting_time_Solve] Path length: 47
[Waiting_time_Solve] Makespan: 46
[Waiting_time_Solve] Segment exit time: 24
[Waiting_time_Solve] Path length after shifting suffix: 47
[Waiting_time_Solve] path length after inserting segment path: 47
[Waiting_time_Solve] inserting following segments
[Waiting_time_Solve] curren pos_it: 5
[Waiting_time_Solve] pushing new path into current solution
[Waiting_time_Solve] New path is consistent after applying waiting time for agent 75
[Current_Solution] Agent 75 used 4 waiting timesteps, 11 remaining
[Waiting_time_Solve] Applied 4 waiting time to segment 75 for agent 75
[Waiting_time_Solve] Waiting time applied
[Waiting_time_Solve] Extended Zone end time from 20 to 24
[Create_Local_Problem] Agent 2 is being scanned from timestep 21 to 24
[Create_Local_problem] Agent 2 contiguous intervals: [21, 21] 
[Create_Local_problem] Agent 2 exited the zone at exit time 21
[Create_Local_Problem] Agent 2 is continuing in the zone until timestep 21
[Create_Local_Problem] Agent 2old segment entry, exit: 10, 20
[Create_Local_Problem] Agent 2new segment entry, exit: 21, 21
[Create_Local_Problem] Agent 29 is being scanned from timestep 21 to 24
[Create_Local_problem] Agent 29 contiguous intervals: [21, 21] 
[Create_Local_problem] Agent 29 exited the zone at exit time 21
[Create_Local_Problem] Agent 29 is returning to the zone
[Create_Local_Problem] Agent 34 is being scanned from timestep 21 to 24
[Create_Local_problem] Agent 34 contiguous intervals: [22, 24] 
[Create_Local_problem] Agent 34 exited the zone at exit time 24
[Create_Local_Problem] Agent 34 is new in the zone
[Create_Local_Problem] Agent 43 is being scanned from timestep 21 to 24
[Create_Local_problem] Agent 43 contiguous intervals: [21, 23] 
[Create_Local_problem] Agent 43 exited the zone at exit time 23
[Create_Local_Problem] Agent 43 is continuing in the zone until timestep 23
[Create_Local_Problem] Agent 43old segment entry, exit: 18, 20
[Create_Local_Problem] Agent 43new segment entry, exit: 21, 23
[Create_Local_Problem] Agent 75 is being scanned from timestep 21 to 24
[Create_Local_problem] Agent 75 contiguous intervals: [21, 24] 
[Create_Local_problem] Agent 75 exited the zone at exit time 24
[Create_Local_Problem] Agent 75 is already extended to the end of the previous zone: 24
[Waiting_time_Solve] Iteration 4...
[Waiting_time_Solve] Agent 29 pseudo agents: 80 
[SAT] Start solving CNF: 775 clauses and 191 variables
[SAT] Solving local zone with SAT iteration 1...
[SAT] Local CNF: 789 clauses 

DEBUG: Adding 789 new clauses to MiniSAT (incremental run)
DEBUG: Clause load summary: input=789, added=789, tautologies_skipped=0, duplicates_skipped=0, unit_clauses=32, empties=0, intra_clause_literals_removed=0, added_but_db_unchanged=36
DEBUG: After adding clauses, solver has 721 clauses and 191 variables
DEBUG: MiniSAT found 191 variables
DEBUG: Assignment size: 191
DEBUG: First few assignment values: 1 1 1 1 1 0 1 1 0 0 

=== DEBUG: cnf_assignment_to_paths ===
Input assignment size: 191

=== END DEBUG ===
[SAT] Found 1 vertex collisions and 1 edge collisions
[SAT] Adding collision clauses and solving again...
[SAT] Solving local zone with SAT iteration 2...
[SAT] Local CNF: 791 clauses 

DEBUG: Adding 2 new clauses to MiniSAT (incremental run)
DEBUG: Clause load summary: input=2, added=2, tautologies_skipped=0, duplicates_skipped=0, unit_clauses=0, empties=0, intra_clause_literals_removed=0, added_but_db_unchanged=0
DEBUG: After adding clauses, solver has 682 clauses and 191 variables
DEBUG: MiniSAT found 191 variables
DEBUG: Assignment size: 191
DEBUG: First few assignment values: 1 1 1 1 1 0 1 0 0 0 

=== DEBUG: cnf_assignment_to_paths ===
Input assignment size: 191

=== END DEBUG ===
[SAT] Found 2 vertex collisions and 0 edge collisions
[SAT] Adding collision clauses and solving again...
[SAT] Solving local zone with SAT iteration 3...
[SAT] Local CNF: 793 clauses 

DEBUG: Adding 2 new clauses to MiniSAT (incremental run)
DEBUG: Clause load summary: input=2, added=2, tautologies_skipped=0, duplicates_skipped=0, unit_clauses=0, empties=0, intra_clause_literals_removed=0, added_but_db_unchanged=1
DEBUG: After adding clauses, solver has 683 clauses and 191 variables
DEBUG: MiniSAT found 191 variables
DEBUG: Assignment size: 191
DEBUG: First few assignment values: 1 1 1 1 1 0 1 1 0 0 

=== DEBUG: cnf_assignment_to_paths ===
Input assignment size: 191

=== END DEBUG ===
[SAT] Found 1 vertex collisions and 1 edge collisions
[SAT] Adding collision clauses and solving again...
[SAT] Solving local zone with SAT iteration 4...
[SAT] Local CNF: 795 clauses 

DEBUG: Adding 2 new clauses to MiniSAT (incremental run)
DEBUG: Clause load summary: input=2, added=2, tautologies_skipped=0, duplicates_skipped=0, unit_clauses=0, empties=0, intra_clause_literals_removed=0, added_but_db_unchanged=1
DEBUG: After adding clauses, solver has 684 clauses and 191 variables
DEBUG: MiniSAT found 191 variables
DEBUG: Assignment size: 191
DEBUG: First few assignment values: 1 1 1 1 1 0 1 0 0 0 

=== DEBUG: cnf_assignment_to_paths ===
Input assignment size: 191

=== END DEBUG ===
[SAT] Found 1 vertex collisions and 0 edge collisions
[SAT] Adding collision clauses and solving again...
[SAT] Solving local zone with SAT iteration 5...
[SAT] Local CNF: 796 clauses 

DEBUG: Adding 1 new clauses to MiniSAT (incremental run)
DEBUG: Clause load summary: input=1, added=1, tautologies_skipped=0, duplicates_skipped=0, unit_clauses=0, empties=0, intra_clause_literals_removed=0, added_but_db_unchanged=0
DEBUG: After adding clauses, solver has 685 clauses and 191 variables
DEBUG: MiniSAT found 191 variables
DEBUG: Assignment size: 191
DEBUG: First few assignment values: 1 1 1 1 1 0 1 0 0 0 

=== DEBUG: cnf_assignment_to_paths ===
Input assignment size: 191

=== END DEBUG ===
[SAT] Found 0 vertex collisions and 1 edge collisions
[SAT] Adding collision clauses and solving again...
[SAT] Solving local zone with SAT iteration 6...
[SAT] Local CNF: 797 clauses 

DEBUG: Adding 1 new clauses to MiniSAT (incremental run)
DEBUG: Clause load summary: input=1, added=1, tautologies_skipped=0, duplicates_skipped=0, unit_clauses=0, empties=0, intra_clause_literals_removed=0, added_but_db_unchanged=0
DEBUG: After adding clauses, solver has 686 clauses and 191 variables
DEBUG: MiniSAT found 191 variables
DEBUG: Assignment size: 191
DEBUG: First few assignment values: 1 1 1 1 1 1 0 0 0 0 

=== DEBUG: cnf_assignment_to_paths ===
Input assignment size: 191

=== END DEBUG ===
[SAT] Found 0 vertex collisions and 1 edge collisions
[SAT] Adding collision clauses and solving again...
[SAT] Solving local zone with SAT iteration 7...
[SAT] Local CNF: 798 clauses 

DEBUG: Adding 1 new clauses to MiniSAT (incremental run)
DEBUG: Clause load summary: input=1, added=1, tautologies_skipped=0, duplicates_skipped=0, unit_clauses=0, empties=0, intra_clause_literals_removed=0, added_but_db_unchanged=0
DEBUG: After adding clauses, solver has 687 clauses and 191 variables
DEBUG: MiniSAT found 191 variables
DEBUG: Assignment size: 191
DEBUG: First few assignment values: 1 1 1 1 1 1 0 0 0 0 

=== DEBUG: cnf_assignment_to_paths ===
Input assignment size: 191

=== END DEBUG ===
[SAT] Found 1 vertex collisions and 0 edge collisions
[SAT] Adding collision clauses and solving again...
[SAT] Solving local zone with SAT iteration 8...
[SAT] Local CNF: 799 clauses 

DEBUG: Adding 1 new clauses to MiniSAT (incremental run)
DEBUG: Clause load summary: input=1, added=1, tautologies_skipped=0, duplicates_skipped=0, unit_clauses=0, empties=0, intra_clause_literals_removed=0, added_but_db_unchanged=0
DEBUG: After adding clauses, solver has 688 clauses and 191 variables
DEBUG: MiniSAT found 191 variables
DEBUG: Assignment size: 191
DEBUG: First few assignment values: 1 1 1 1 1 0 1 1 0 0 

=== DEBUG: cnf_assignment_to_paths ===
Input assignment size: 191

=== END DEBUG ===
[SAT] Found 1 vertex collisions and 0 edge collisions
[SAT] Adding collision clauses and solving again...
[SAT] Solving local zone with SAT iteration 9...
[SAT] Local CNF: 800 clauses 

DEBUG: Adding 1 new clauses to MiniSAT (incremental run)
DEBUG: Clause load summary: input=1, added=1, tautologies_skipped=0, duplicates_skipped=0, unit_clauses=0, empties=0, intra_clause_literals_removed=0, added_but_db_unchanged=0
DEBUG: After adding clauses, solver has 689 clauses and 191 variables
DEBUG: MiniSAT found 191 variables
DEBUG: Assignment size: 191
DEBUG: First few assignment values: 1 1 1 1 1 1 0 0 1 0 

=== DEBUG: cnf_assignment_to_paths ===
Input assignment size: 191

=== END DEBUG ===
[SAT] Found 1 vertex collisions and 0 edge collisions
[SAT] Adding collision clauses and solving again...
[SAT] Solving local zone with SAT iteration 10...
[SAT] Local CNF: 801 clauses 

DEBUG: Adding 1 new clauses to MiniSAT (incremental run)
DEBUG: Clause load summary: input=1, added=1, tautologies_skipped=0, duplicates_skipped=0, unit_clauses=0, empties=0, intra_clause_literals_removed=0, added_but_db_unchanged=0
DEBUG: After adding clauses, solver has 690 clauses and 191 variables
DEBUG: MiniSAT found 191 variables
DEBUG: Assignment size: 191
DEBUG: First few assignment values: 1 1 1 1 1 1 0 0 1 0 

=== DEBUG: cnf_assignment_to_paths ===
Input assignment size: 191

=== END DEBUG ===
[SAT] Found 0 vertex collisions and 1 edge collisions
[SAT] Adding collision clauses and solving again...
[SAT] Solving local zone with SAT iteration 11...
[SAT] Local CNF: 802 clauses 

DEBUG: Adding 1 new clauses to MiniSAT (incremental run)
DEBUG: Clause load summary: input=1, added=1, tautologies_skipped=0, duplicates_skipped=0, unit_clauses=0, empties=0, intra_clause_literals_removed=0, added_but_db_unchanged=0
DEBUG: After adding clauses, solver has 691 clauses and 191 variables
DEBUG: MiniSAT found 191 variables
DEBUG: Assignment size: 191
DEBUG: First few assignment values: 1 1 1 1 1 1 0 0 1 0 

=== DEBUG: cnf_assignment_to_paths ===
Input assignment size: 191

=== END DEBUG ===
[SAT] Found 1 vertex collisions and 0 edge collisions
[SAT] Adding collision clauses and solving again...
[SAT] Solving local zone with SAT iteration 12...
[SAT] Local CNF: 803 clauses 

DEBUG: Adding 1 new clauses to MiniSAT (incremental run)
DEBUG: Clause load summary: input=1, added=1, tautologies_skipped=0, duplicates_skipped=0, unit_clauses=0, empties=0, intra_clause_literals_removed=0, added_but_db_unchanged=1
DEBUG: After adding clauses, solver has 691 clauses and 191 variables
DEBUG: MiniSAT found 191 variables
DEBUG: Assignment size: 191
DEBUG: First few assignment values: 1 1 1 1 1 1 0 0 1 0 

=== DEBUG: cnf_assignment_to_paths ===
Input assignment size: 191

=== END DEBUG ===
[SAT] Found 2 vertex collisions and 0 edge collisions
[SAT] Adding collision clauses and solving again...
[SAT] Solving local zone with SAT iteration 13...
[SAT] Local CNF: 805 clauses 

DEBUG: Adding 2 new clauses to MiniSAT (incremental run)
DEBUG: Clause load summary: input=2, added=2, tautologies_skipped=0, duplicates_skipped=0, unit_clauses=0, empties=0, intra_clause_literals_removed=0, added_but_db_unchanged=2
DEBUG: After adding clauses, solver has 639 clauses and 191 variables
DEBUG: MiniSAT found 191 variables
DEBUG: Assignment size: 191
DEBUG: First few assignment values: 1 1 1 1 1 1 0 0 0 1 

=== DEBUG: cnf_assignment_to_paths ===
Input assignment size: 191

=== END DEBUG ===
[SAT] Found 0 vertex collisions and 0 edge collisions
[SAT] Found collision-free local solution!
[Waiting_time_Solve] Solution found, updating global solution
[LNS] Updating global solution with pseudo-agent local paths...
[Current_Solution] Updating global solution for agent 34
[Current_Solution] Global solution is consistent after updating with local path
[LNS] Successfully updated global solution with pseudo-agent local paths!
[Current_Solution] Updating global solution for agent 29
[Current_Solution] Global solution is consistent after updating with local path
[Current_Solution] Global solution is consistent after updating with local path
[LNS] Successfully updated global solution with pseudo-agent local paths!
[Current_Solution] Updating global solution for agent 75
[Current_Solution] INFO: Segment 75 exit adjusted from 17 to 24 due to waiting time
[Current_Solution] Segment 75 lengthened by 7 timesteps; shifting suffix
[Current_Solution] Global solution is consistent before shifting suffix
[Current_Solution] Global solution is consistent after shifting suffix
[Current_Solution] Global solution is consistent after updating with local path
[LNS] Successfully updated global solution with pseudo-agent local paths!
[Current_Solution] Updating global solution for agent 71
[Current_Solution] INFO: Segment 71 exit adjusted from 14 to 15 due to waiting time
[Current_Solution] Segment 71 lengthened by 1 timesteps; shifting suffix
[Current_Solution] Global solution is consistent before shifting suffix
[Current_Solution] Global solution is consistent after shifting suffix
[Current_Solution] Global solution is consistent after updating with local path
[LNS] Successfully updated global solution with pseudo-agent local paths!
[Current_Solution] Updating global solution for agent 50
[Current_Solution] INFO: Segment 50 exit adjusted from 14 to 17 due to waiting time
[Current_Solution] Segment 50 lengthened by 3 timesteps; shifting suffix
[Current_Solution] Global solution is consistent before shifting suffix
[Current_Solution] Global solution is consistent after shifting suffix
[Current_Solution] Global solution is consistent after updating with local path
[LNS] Successfully updated global solution with pseudo-agent local paths!
[Current_Solution] Updating global solution for agent 22
[Current_Solution] Global solution is consistent after updating with local path
[LNS] Successfully updated global solution with pseudo-agent local paths!
[Current_Solution] Updating global solution for agent 43
[Current_Solution] INFO: Segment 43 exit adjusted from 20 to 23 due to waiting time
[Current_Solution] Segment 43 lengthened by 3 timesteps; shifting suffix
[Current_Solution] Global solution is consistent before shifting suffix
[Current_Solution] Global solution is consistent after shifting suffix
[Current_Solution] Global solution is consistent after updating with local path
[LNS] Successfully updated global solution with pseudo-agent local paths!
[Current_Solution] Updating global solution for agent 17
[Current_Solution] INFO: Segment 17 exit adjusted from 14 to 20 due to waiting time
[Current_Solution] Segment 17 lengthened by 6 timesteps; shifting suffix
[Current_Solution] Global solution is consistent before shifting suffix
[Current_Solution] Global solution is consistent after shifting suffix
[Current_Solution] Global solution is consistent after updating with local path
[LNS] Successfully updated global solution with pseudo-agent local paths!
[Current_Solution] Updating global solution for agent 2
[Current_Solution] INFO: Segment 2 exit adjusted from 14 to 21 due to waiting time
[Current_Solution] Segment 2 lengthened by 7 timesteps; shifting suffix
[Current_Solution] Global solution is consistent before shifting suffix
[Current_Solution] Global solution is consistent after shifting suffix
[Current_Solution] Global solution is consistent after updating with local path
[LNS] Successfully updated global solution with pseudo-agent local paths!
[LNS] Updating path map with new local paths...
[LNS] Successfully updated global solution with local paths and pseudo agents!
[Solve_local_zone] Successfully solved local zone
[LNS] Successfully solved local zone
[LNS] Analyzing conflicts...
[LNS] Current solution: vertex collisions=66, edge collisions=11
[LNS] Creating conflict buckets...
[LOCAL ZONE] Building diamond bucket for conflict 0
[LOCAL ZONE] Built diamond bucket for conflict 0 with 5 positions, 1 conflicts, 11 - 11 time window
[LNS] Selected most relevant bucket 0 with time window: 11 - 11, 1 conflicts and 5 positions.
[LNS] Solving the best bucket Local Zone...
[Solve_local_zone] Current local zone size: 5 (0.542299% of all walkable positions)
[Solve_local_zone] Local zone time window: [10, 12]
[Create_Local_problem] Agent 9 contiguous intervals: [10, 12] 
[Create_Local_problem] Agent 9 exited the zone at exit time 12
[Current_Solution] Agent 9 used 3 waiting timesteps, 34 remaining
[Create_Local_problem] Agent 79 contiguous intervals: [10, 12] 
[Create_Local_problem] Agent 79 exited the zone at exit time 12
[Waiting_time_Solve] Total available waiting time: 1872
[Waiting_time_Solve] Iteration 0...
[SAT] Start solving CNF: 24 clauses and 10 variables
[SAT] Solving local zone with SAT iteration 1...
[SAT] Local CNF: 24 clauses 

DEBUG: Adding 24 new clauses to MiniSAT (incremental run)
DEBUG: Clause load summary: input=24, added=24, tautologies_skipped=0, duplicates_skipped=0, unit_clauses=5, empties=0, intra_clause_literals_removed=0, added_but_db_unchanged=7
DEBUG: After adding clauses, solver has 12 clauses and 10 variables
DEBUG: MiniSAT found 10 variables
DEBUG: Assignment size: 10
DEBUG: First few assignment values: 1 1 1 1 0 1 0 0 0 1 

=== DEBUG: cnf_assignment_to_paths ===
Input assignment size: 10

=== END DEBUG ===
[SAT] Found 0 vertex collisions and 0 edge collisions
[SAT] Found collision-free local solution!
[Waiting_time_Solve] Solution found, updating global solution
[LNS] Updating global solution with pseudo-agent local paths...
[Current_Solution] Updating global solution for agent 79
[Current_Solution] Global solution is consistent after updating with local path
[LNS] Successfully updated global solution with pseudo-agent local paths!
[Current_Solution] Updating global solution for agent 9
[Current_Solution] Global solution is consistent after updating with local path
[LNS] Successfully updated global solution with pseudo-agent local paths!
[LNS] Updating path map with new local paths...
[LNS] Successfully updated global solution with local paths and pseudo agents!
[Solve_local_zone] Successfully solved local zone
[LNS] Successfully solved local zone
[LNS] Analyzing conflicts...
[LNS] Current solution: vertex collisions=65, edge collisions=11
[LNS] Creating conflict buckets...
[LOCAL ZONE] Building diamond bucket for conflict 0
[LOCAL ZONE] Built diamond bucket for conflict 0 with 5 positions, 1 conflicts, 12 - 12 time window
[LOCAL ZONE] Building diamond bucket for conflict 65
[LOCAL ZONE] Built diamond bucket for conflict 65 with 6 positions, 1 conflicts, 12 - 12 time window
[LNS] Selected most relevant bucket 65 with time window: 12 - 12, 1 conflicts and 6 positions.
[LNS] Solving the best bucket Local Zone...
[Solve_local_zone] Current local zone size: 6 (0.650759% of all walkable positions)
[Solve_local_zone] Local zone time window: [11, 13]
[Create_Local_problem] Agent 48 contiguous intervals: [11, 13] 
[Create_Local_problem] Agent 48 exited the zone at exit time 13
[Create_Local_problem] Agent 54 contiguous intervals: [11, 13] 
[Create_Local_problem] Agent 54 exited the zone at exit time 13
[Create_Local_problem] Agent 59 contiguous intervals: [13, 13] 
[Create_Local_problem] Agent 59 exited the zone at exit time 13
[Waiting_time_Solve] Total available waiting time: 1872
[Waiting_time_Solve] Iteration 0...
[SAT] Start solving CNF: 15 clauses and 9 variables
[SAT] Solving local zone with SAT iteration 1...
[SAT] Local CNF: 15 clauses 

DEBUG: Adding 15 new clauses to MiniSAT (incremental run)
DEBUG: Clause load summary: input=15, added=15, tautologies_skipped=0, duplicates_skipped=0, unit_clauses=5, empties=0, intra_clause_literals_removed=0, added_but_db_unchanged=4
DEBUG: After adding clauses, solver has 6 clauses and 9 variables
DEBUG: MiniSAT found 9 variables
DEBUG: Assignment size: 9
DEBUG: First few assignment values: 1 1 0 1 1 1 1 0 1 

=== DEBUG: cnf_assignment_to_paths ===
Input assignment size: 9

=== END DEBUG ===
[SAT] Found 0 vertex collisions and 0 edge collisions
[SAT] Found collision-free local solution!
[Waiting_time_Solve] Solution found, updating global solution
[LNS] Updating global solution with pseudo-agent local paths...
[Current_Solution] Updating global solution for agent 59
[Current_Solution] Global solution is consistent after updating with local path
[LNS] Successfully updated global solution with pseudo-agent local paths!
[Current_Solution] Updating global solution for agent 54
[Current_Solution] Global solution is consistent after updating with local path
[LNS] Successfully updated global solution with pseudo-agent local paths!
[Current_Solution] Updating global solution for agent 48
[Current_Solution] Global solution is consistent after updating with local path
[LNS] Successfully updated global solution with pseudo-agent local paths!
[LNS] Updating path map with new local paths...
[LNS] Successfully updated global solution with local paths and pseudo agents!
[Solve_local_zone] Successfully solved local zone
[LNS] Successfully solved local zone
[LNS] Analyzing conflicts...
[LNS] Current solution: vertex collisions=65, edge collisions=10
[LNS] Creating conflict buckets...
[LOCAL ZONE] Building diamond bucket for conflict 0
[LOCAL ZONE] Built diamond bucket for conflict 0 with 5 positions, 1 conflicts, 12 - 12 time window
[LNS] Selected most relevant bucket 0 with time window: 12 - 12, 1 conflicts and 5 positions.
[LNS] Solving the best bucket Local Zone...
[Solve_local_zone] Current local zone size: 5 (0.542299% of all walkable positions)
[Solve_local_zone] Local zone time window: [11, 13]
[Create_Local_problem] Agent 41 contiguous intervals: [11, 13] 
[Create_Local_problem] Agent 41 exited the zone at exit time 13
[Current_Solution] Agent 41 used 3 waiting timesteps, 33 remaining
[Create_Local_problem] Agent 60 contiguous intervals: [11, 13] 
[Create_Local_problem] Agent 60 exited the zone at exit time 13
[Waiting_time_Solve] Total available waiting time: 1869
[Waiting_time_Solve] Iteration 0...
[SAT] Start solving CNF: 24 clauses and 10 variables
[SAT] Solving local zone with SAT iteration 1...
[SAT] Local CNF: 24 clauses 

DEBUG: Adding 24 new clauses to MiniSAT (incremental run)
DEBUG: Clause load summary: input=24, added=24, tautologies_skipped=0, duplicates_skipped=0, unit_clauses=5, empties=0, intra_clause_literals_removed=0, added_but_db_unchanged=7
DEBUG: After adding clauses, solver has 12 clauses and 10 variables
DEBUG: MiniSAT found 10 variables
DEBUG: Assignment size: 10
DEBUG: First few assignment values: 1 1 1 1 0 1 0 0 0 1 

=== DEBUG: cnf_assignment_to_paths ===
Input assignment size: 10

=== END DEBUG ===
[SAT] Found 0 vertex collisions and 1 edge collisions
[SAT] Adding collision clauses and solving again...
[SAT] Solving local zone with SAT iteration 2...
[SAT] Local CNF: 25 clauses 

DEBUG: Adding 1 new clauses to MiniSAT (incremental run)
DEBUG: Clause load summary: input=1, added=1, tautologies_skipped=0, duplicates_skipped=0, unit_clauses=0, empties=0, intra_clause_literals_removed=0, added_but_db_unchanged=1
DEBUG: After adding clauses, solver has 12 clauses and 10 variables
DEBUG: MiniSAT found 10 variables
DEBUG: Assignment size: 10
DEBUG: First few assignment values: 1 1 1 1 0 0 1 0 0 1 

=== DEBUG: cnf_assignment_to_paths ===
Input assignment size: 10

=== END DEBUG ===
[SAT] Found 0 vertex collisions and 0 edge collisions
[SAT] Found collision-free local solution!
[Waiting_time_Solve] Solution found, updating global solution
[LNS] Updating global solution with pseudo-agent local paths...
[Current_Solution] Updating global solution for agent 60
[Current_Solution] Global solution is consistent after updating with local path
[LNS] Successfully updated global solution with pseudo-agent local paths!
[Current_Solution] Updating global solution for agent 41
[Current_Solution] Global solution is consistent after updating with local path
[LNS] Successfully updated global solution with pseudo-agent local paths!
[LNS] Updating path map with new local paths...
[LNS] Successfully updated global solution with local paths and pseudo agents!
[Solve_local_zone] Successfully solved local zone
[LNS] Successfully solved local zone
[LNS] Analyzing conflicts...
[LNS] Current solution: vertex collisions=64, edge collisions=10
[LNS] Creating conflict buckets...
[LOCAL ZONE] Building diamond bucket for conflict 0
[LOCAL ZONE] Built diamond bucket for conflict 0 with 7 positions, 2 conflicts, 13 - 14 time window
[LOCAL ZONE] Building diamond bucket for conflict 1
[LOCAL ZONE] Built diamond bucket for conflict 1 with 5 positions, 1 conflicts, 13 - 13 time window
[LNS] Selected most relevant bucket 0 with time window: 13 - 14, 2 conflicts and 7 positions.
[LNS] Solving the best bucket Local Zone...
[Solve_local_zone] Current local zone size: 7 (0.759219% of all walkable positions)
[Solve_local_zone] Local zone time window: [12, 15]
[Create_Local_problem] Agent 25 contiguous intervals: [12, 15] 
[Create_Local_problem] Agent 25 exited the zone at exit time 15
[Current_Solution] Agent 25 used 6 waiting timesteps, 31 remaining
[Create_Local_problem] Agent 26 contiguous intervals: [12, 15] 
[Create_Local_problem] Agent 26 exited the zone at exit time 15
[Current_Solution] Agent 26 used 10 waiting timesteps, 31 remaining
[Create_Local_problem] Agent 35 contiguous intervals: [12, 15] 
[Create_Local_problem] Agent 35 exited the zone at exit time 15
[Create_Local_problem] Agent 79 contiguous intervals: [15, 15] 
[Create_Local_problem] Agent 79 exited the zone at exit time 15
[Waiting_time_Solve] Total available waiting time: 1853
[Waiting_time_Solve] Iteration 0...
[SAT] Start solving CNF: 68 clauses and 27 variables
[SAT] Solving local zone with SAT iteration 1...
[SAT] Local CNF: 68 clauses 

DEBUG: Adding 68 new clauses to MiniSAT (incremental run)
DEBUG: Clause load summary: input=68, added=68, tautologies_skipped=0, duplicates_skipped=0, unit_clauses=9, empties=0, intra_clause_literals_removed=0, added_but_db_unchanged=12
DEBUG: After adding clauses, solver has 47 clauses and 27 variables
DEBUG: MiniSAT found 27 variables
DEBUG: Assignment size: 27
DEBUG: First few assignment values: 1 1 1 1 1 1 0 1 0 0 

=== DEBUG: cnf_assignment_to_paths ===
Input assignment size: 27

=== END DEBUG ===
[SAT] Found 1 vertex collisions and 0 edge collisions
[SAT] Adding collision clauses and solving again...
[SAT] Solving local zone with SAT iteration 2...
[SAT] Local CNF: 69 clauses 

DEBUG: Adding 1 new clauses to MiniSAT (incremental run)
DEBUG: Clause load summary: input=1, added=1, tautologies_skipped=0, duplicates_skipped=0, unit_clauses=0, empties=0, intra_clause_literals_removed=0, added_but_db_unchanged=1
DEBUG: After adding clauses, solver has 47 clauses and 27 variables
DEBUG: MiniSAT found 27 variables
DEBUG: Assignment size: 27
DEBUG: First few assignment values: 1 1 1 1 1 1 0 1 0 0 

=== DEBUG: cnf_assignment_to_paths ===
Input assignment size: 27

=== END DEBUG ===
[SAT] Found 0 vertex collisions and 1 edge collisions
[SAT] Adding collision clauses and solving again...
[SAT] Solving local zone with SAT iteration 3...
[SAT] Local CNF: 70 clauses 

DEBUG: Adding 1 new clauses to MiniSAT (incremental run)
DEBUG: Clause load summary: input=1, added=1, tautologies_skipped=0, duplicates_skipped=0, unit_clauses=0, empties=0, intra_clause_literals_removed=0, added_but_db_unchanged=1
DEBUG: After adding clauses, solver has 47 clauses and 27 variables
DEBUG: MiniSAT found 27 variables
DEBUG: Assignment size: 27
DEBUG: First few assignment values: 1 1 1 1 1 1 0 0 0 1 

=== DEBUG: cnf_assignment_to_paths ===
Input assignment size: 27

=== END DEBUG ===
[SAT] Found 1 vertex collisions and 1 edge collisions
[SAT] Adding collision clauses and solving again...
[SAT] Solving local zone with SAT iteration 4...
[SAT] Local CNF: 72 clauses 

DEBUG: Adding 2 new clauses to MiniSAT (incremental run)
DEBUG: Clause load summary: input=2, added=2, tautologies_skipped=0, duplicates_skipped=0, unit_clauses=0, empties=0, intra_clause_literals_removed=0, added_but_db_unchanged=0
DEBUG: After adding clauses, solver has 49 clauses and 27 variables
DEBUG: MiniSAT found 27 variables
DEBUG: Assignment size: 27
DEBUG: First few assignment values: 1 1 1 1 1 1 0 0 0 1 

=== DEBUG: cnf_assignment_to_paths ===
Input assignment size: 27

=== END DEBUG ===
[SAT] Found 0 vertex collisions and 0 edge collisions
[SAT] Found collision-free local solution!
[Waiting_time_Solve] Solution found, updating global solution
[LNS] Updating global solution with pseudo-agent local paths...
[Current_Solution] Updating global solution for agent 79
[Current_Solution] Global solution is consistent after updating with local path
[LNS] Successfully updated global solution with pseudo-agent local paths!
[Current_Solution] Updating global solution for agent 35
[Current_Solution] Global solution is consistent after updating with local path
[LNS] Successfully updated global solution with pseudo-agent local paths!
[Current_Solution] Updating global solution for agent 26
[Current_Solution] Global solution is consistent after updating with local path
[LNS] Successfully updated global solution with pseudo-agent local paths!
[Current_Solution] Updating global solution for agent 25
[Current_Solution] Global solution is consistent after updating with local path
[LNS] Successfully updated global solution with pseudo-agent local paths!
[LNS] Updating path map with new local paths...
[LNS] Successfully updated global solution with local paths and pseudo agents!
[Solve_local_zone] Successfully solved local zone
[LNS] Successfully solved local zone
[LNS] Analyzing conflicts...
[LNS] Current solution: vertex collisions=62, edge collisions=10
[LNS] Creating conflict buckets...
[LOCAL ZONE] Building diamond bucket for conflict 0
[LOCAL ZONE] Built diamond bucket for conflict 0 with 5 positions, 1 conflicts, 13 - 13 time window
[LNS] Selected most relevant bucket 0 with time window: 13 - 13, 1 conflicts and 5 positions.
[LNS] Solving the best bucket Local Zone...
[Solve_local_zone] Current local zone size: 5 (0.542299% of all walkable positions)
[Solve_local_zone] Local zone time window: [12, 14]
[Create_Local_problem] Agent 23 contiguous intervals: [12, 14] 
[Create_Local_problem] Agent 23 exited the zone at exit time 14
[Current_Solution] Agent 23 used 6 waiting timesteps, 32 remaining
[Create_Local_problem] Agent 27 contiguous intervals: [12, 14] 
[Create_Local_problem] Agent 27 exited the zone at exit time 14
[Waiting_time_Solve] Total available waiting time: 1847
[Waiting_time_Solve] Iteration 0...
[SAT] Start solving CNF: 24 clauses and 10 variables
[SAT] Solving local zone with SAT iteration 1...
[SAT] Local CNF: 24 clauses 

DEBUG: Adding 24 new clauses to MiniSAT (incremental run)
DEBUG: Clause load summary: input=24, added=24, tautologies_skipped=0, duplicates_skipped=0, unit_clauses=5, empties=0, intra_clause_literals_removed=0, added_but_db_unchanged=7
DEBUG: After adding clauses, solver has 12 clauses and 10 variables
DEBUG: MiniSAT found 10 variables
DEBUG: Assignment size: 10
DEBUG: First few assignment values: 1 1 1 1 0 1 0 0 0 1 

=== DEBUG: cnf_assignment_to_paths ===
Input assignment size: 10

=== END DEBUG ===
[SAT] Found 0 vertex collisions and 1 edge collisions
[SAT] Adding collision clauses and solving again...
[SAT] Solving local zone with SAT iteration 2...
[SAT] Local CNF: 25 clauses 

DEBUG: Adding 1 new clauses to MiniSAT (incremental run)
DEBUG: Clause load summary: input=1, added=1, tautologies_skipped=0, duplicates_skipped=0, unit_clauses=0, empties=0, intra_clause_literals_removed=0, added_but_db_unchanged=1
DEBUG: After adding clauses, solver has 12 clauses and 10 variables
DEBUG: MiniSAT found 10 variables
DEBUG: Assignment size: 10
DEBUG: First few assignment values: 1 1 1 1 0 0 1 0 0 1 

=== DEBUG: cnf_assignment_to_paths ===
Input assignment size: 10

=== END DEBUG ===
[SAT] Found 0 vertex collisions and 0 edge collisions
[SAT] Found collision-free local solution!
[Waiting_time_Solve] Solution found, updating global solution
[LNS] Updating global solution with pseudo-agent local paths...
[Current_Solution] Updating global solution for agent 27
[Current_Solution] Global solution is consistent after updating with local path
[LNS] Successfully updated global solution with pseudo-agent local paths!
[Current_Solution] Updating global solution for agent 23
[Current_Solution] Global solution is consistent after updating with local path
[LNS] Successfully updated global solution with pseudo-agent local paths!
[LNS] Updating path map with new local paths...
[LNS] Successfully updated global solution with local paths and pseudo agents!
[Solve_local_zone] Successfully solved local zone
[LNS] Successfully solved local zone
[LNS] Analyzing conflicts...
[LNS] Current solution: vertex collisions=61, edge collisions=10
[LNS] Creating conflict buckets...
[LOCAL ZONE] Building diamond bucket for conflict 0
[LOCAL ZONE] Built diamond bucket for conflict 0 with 12 positions, 6 conflicts, 14 - 17 time window
[LOCAL ZONE] Building diamond bucket for conflict 1
[LOCAL ZONE] Built diamond bucket for conflict 1 with 5 positions, 1 conflicts, 14 - 14 time window
[LOCAL ZONE] Building diamond bucket for conflict 2
[LOCAL ZONE] Built diamond bucket for conflict 2 with 4 positions, 1 conflicts, 14 - 14 time window
[LNS] Selected most relevant bucket 0 with time window: 14 - 17, 6 conflicts and 12 positions.
[LNS] Solving the best bucket Local Zone...
[Solve_local_zone] Current local zone size: 12 (1.30152% of all walkable positions)
[Solve_local_zone] Local zone time window: [13, 18]
[Create_Local_problem] Agent 9 contiguous intervals: [13, 18] 
[Create_Local_problem] Agent 9 exited the zone at exit time 18
[Current_Solution] Agent 9 used 6 waiting timesteps, 28 remaining
[Create_Local_problem] Agent 11 contiguous intervals: [16, 18] 
[Create_Local_problem] Agent 11 exited the zone at exit time 18
[Create_Local_problem] Agent 48 contiguous intervals: [13, 18] 
[Create_Local_problem] Agent 48 exited the zone at exit time 18
[Create_Local_problem] Agent 54 contiguous intervals: [14, 14] 
[Create_Local_problem] Agent 54 exited the zone at exit time 14
[Create_Local_problem] Agent 59 contiguous intervals: [13, 18] 
[Create_Local_problem] Agent 59 exited the zone at exit time 18
[Create_Local_problem] Agent 79 contiguous intervals: [13, 13] 
[Create_Local_problem] Agent 79 exited the zone at exit time 13
[Waiting_time_Solve] Total available waiting time: 1841
[Waiting_time_Solve] Iteration 0...
[SAT] Start solving CNF: 158 clauses and 48 variables
[SAT] Solving local zone with SAT iteration 1...
[SAT] Local CNF: 158 clauses 

DEBUG: Adding 158 new clauses to MiniSAT (incremental run)
DEBUG: Clause load summary: input=158, added=158, tautologies_skipped=0, duplicates_skipped=0, unit_clauses=18, empties=0, intra_clause_literals_removed=0, added_but_db_unchanged=17
DEBUG: After adding clauses, solver has 123 clauses and 48 variables
DEBUG: MiniSAT found 48 variables
DEBUG: Assignment size: 48
DEBUG: First few assignment values: 1 1 1 1 1 1 1 1 1 1 

=== DEBUG: cnf_assignment_to_paths ===
Input assignment size: 48

=== END DEBUG ===
[SAT] Found 3 vertex collisions and 2 edge collisions
[SAT] Adding collision clauses and solving again...
[SAT] Solving local zone with SAT iteration 2...
[SAT] Local CNF: 163 clauses 

DEBUG: Adding 5 new clauses to MiniSAT (incremental run)
[SAT] Local problem is unsatisfiable after 2 iterations
[SAT] Local problem appears to be unsatisfiable in current zone
[Waiting_time_Solve] No solution found, trying to apply waiting time:1
[Waiting_time_Solve] Applying waiting time delta 1 to segment 48
[Waiting_time_Solve] Original id: 48
[Create_Local_Problem] MDD already aligned to the time window
[Waiting_time_Solve] Path length: 47
[Waiting_time_Solve] Makespan: 46
[Waiting_time_Solve] Segment exit time: 19
[Waiting_time_Solve] Path length after shifting suffix: 47
[Waiting_time_Solve] path length after inserting segment path: 47
[Waiting_time_Solve] inserting following segments
[Waiting_time_Solve] curren pos_it: 2
[Waiting_time_Solve] pushing new path into current solution
[Waiting_time_Solve] New path is consistent after applying waiting time for agent 48
[Current_Solution] Agent 48 used 1 waiting timesteps, 26 remaining
[Waiting_time_Solve] Applied 1 waiting time to segment 48 for agent 48
[Waiting_time_Solve] Applying waiting time delta 1 to segment 9
[Waiting_time_Solve] Original id: 9
[Create_Local_Problem] MDD already aligned to the time window
[Waiting_time_Solve] Path length: 47
[Waiting_time_Solve] Makespan: 46
[Waiting_time_Solve] Segment exit time: 18
[Waiting_time_Solve] Path length after shifting suffix: 47
[Waiting_time_Solve] path length after inserting segment path: 47
[Waiting_time_Solve] inserting following segments
[Waiting_time_Solve] curren pos_it: 0
[Waiting_time_Solve] pushing new path into current solution
[Waiting_time_Solve] New path is consistent after applying waiting time for agent 9
[Current_Solution] Agent 9 used 1 waiting timesteps, 27 remaining
[Waiting_time_Solve] Applied 1 waiting time to segment 9 for agent 9
[Waiting_time_Solve] Waiting time applied
[Waiting_time_Solve] Extended Zone end time from 18 to 19
[Create_Local_Problem] Agent 9 is being scanned from timestep 19 to 19
[Create_Local_problem] Agent 9 contiguous intervals: [19, 19] 
[Create_Local_problem] Agent 9 exited the zone at exit time 19
[Create_Local_Problem] Agent 9 is continuing in the zone until timestep 19
[Create_Local_Problem] Agent 9old segment entry, exit: 13, 18
[Create_Local_Problem] Agent 9new segment entry, exit: 19, 19
[Create_Local_Problem] Agent 14 is being scanned from timestep 19 to 19
[Create_Local_problem] Agent 14 contiguous intervals: [19, 19] 
[Create_Local_problem] Agent 14 exited the zone at exit time 19
[Create_Local_Problem] Agent 14 is new in the zone
[Create_Local_Problem] Agent 48 is being scanned from timestep 19 to 19
[Create_Local_problem] Agent 48 contiguous intervals: [19, 19] 
[Create_Local_problem] Agent 48 exited the zone at exit time 19
[Create_Local_Problem] Agent 48 is already extended to the end of the previous zone: 19
[Waiting_time_Solve] Iteration 1...
[SAT] Start solving CNF: 254 clauses and 68 variables
[SAT] Solving local zone with SAT iteration 1...
[SAT] Local CNF: 259 clauses 

DEBUG: Adding 259 new clauses to MiniSAT (incremental run)
DEBUG: Clause load summary: input=259, added=259, tautologies_skipped=0, duplicates_skipped=0, unit_clauses=16, empties=0, intra_clause_literals_removed=0, added_but_db_unchanged=19
DEBUG: After adding clauses, solver has 224 clauses and 68 variables
DEBUG: MiniSAT found 68 variables
DEBUG: Assignment size: 68
DEBUG: First few assignment values: 1 1 1 1 1 1 1 1 1 1 

=== DEBUG: cnf_assignment_to_paths ===
Input assignment size: 68

=== END DEBUG ===
[SAT] Found 2 vertex collisions and 1 edge collisions
[SAT] Adding collision clauses and solving again...
[SAT] Solving local zone with SAT iteration 2...
[SAT] Local CNF: 262 clauses 

DEBUG: Adding 3 new clauses to MiniSAT (incremental run)
DEBUG: Clause load summary: input=3, added=3, tautologies_skipped=0, duplicates_skipped=0, unit_clauses=0, empties=0, intra_clause_literals_removed=0, added_but_db_unchanged=3
DEBUG: After adding clauses, solver has 205 clauses and 68 variables
DEBUG: MiniSAT found 68 variables
DEBUG: Assignment size: 68
DEBUG: First few assignment values: 1 1 1 1 1 1 1 1 1 1 

=== DEBUG: cnf_assignment_to_paths ===
Input assignment size: 68

=== END DEBUG ===
[SAT] Found 0 vertex collisions and 0 edge collisions
[SAT] Found collision-free local solution!
[Waiting_time_Solve] Solution found, updating global solution
[LNS] Updating global solution with pseudo-agent local paths...
[Current_Solution] Updating global solution for agent 14
[Current_Solution] Global solution is consistent after updating with local path
[LNS] Successfully updated global solution with pseudo-agent local paths!
[Current_Solution] Updating global solution for agent 79
[Current_Solution] Global solution is consistent after updating with local path
[LNS] Successfully updated global solution with pseudo-agent local paths!
[Current_Solution] Updating global solution for agent 59
[Current_Solution] Global solution is consistent after updating with local path
[LNS] Successfully updated global solution with pseudo-agent local paths!
[Current_Solution] Updating global solution for agent 54
[Current_Solution] Global solution is consistent after updating with local path
[LNS] Successfully updated global solution with pseudo-agent local paths!
[Current_Solution] Updating global solution for agent 11
[Current_Solution] Global solution is consistent after updating with local path
[LNS] Successfully updated global solution with pseudo-agent local paths!
[Current_Solution] Updating global solution for agent 48
[Current_Solution] INFO: Segment 48 exit adjusted from 18 to 19 due to waiting time
[Current_Solution] Segment 48 lengthened by 1 timesteps; shifting suffix
[Current_Solution] Global solution is consistent before shifting suffix
[Current_Solution] Global solution is consistent after shifting suffix
[Current_Solution] Global solution is consistent after updating with local path
[LNS] Successfully updated global solution with pseudo-agent local paths!
[Current_Solution] Updating global solution for agent 9
[Current_Solution] INFO: Segment 9 exit adjusted from 18 to 19 due to waiting time
[Current_Solution] Segment 9 lengthened by 1 timesteps; shifting suffix
[Current_Solution] Global solution is consistent before shifting suffix
[Current_Solution] Global solution is consistent after shifting suffix
[Current_Solution] Global solution is consistent after updating with local path
[LNS] Successfully updated global solution with pseudo-agent local paths!
[LNS] Updating path map with new local paths...
[LNS] Successfully updated global solution with local paths and pseudo agents!
[Solve_local_zone] Successfully solved local zone
[LNS] Successfully solved local zone
[LNS] Analyzing conflicts...
[LNS] Current solution: vertex collisions=54, edge collisions=10
[LNS] Creating conflict buckets...
[LOCAL ZONE] Building diamond bucket for conflict 0
[LOCAL ZONE] Built diamond bucket for conflict 0 with 5 positions, 1 conflicts, 14 - 14 time window
[LOCAL ZONE] Building diamond bucket for conflict 1
[LOCAL ZONE] Built diamond bucket for conflict 1 with 4 positions, 1 conflicts, 14 - 14 time window
[LNS] Selected most relevant bucket 0 with time window: 14 - 14, 1 conflicts and 5 positions.
[LNS] Solving the best bucket Local Zone...
[Solve_local_zone] Current local zone size: 5 (0.542299% of all walkable positions)
[Solve_local_zone] Local zone time window: [13, 15]
[Create_Local_problem] Agent 20 contiguous intervals: [13, 15] 
[Create_Local_problem] Agent 20 exited the zone at exit time 15
[Create_Local_problem] Agent 56 contiguous intervals: [13, 15] 
[Create_Local_problem] Agent 56 exited the zone at exit time 15
[Waiting_time_Solve] Total available waiting time: 1839
[Waiting_time_Solve] Iteration 0...
[SAT] Start solving CNF: 10 clauses and 6 variables
[SAT] Solving local zone with SAT iteration 1...
[SAT] Local CNF: 10 clauses 

DEBUG: Adding 10 new clauses to MiniSAT (incremental run)
DEBUG: Clause load summary: input=10, added=10, tautologies_skipped=0, duplicates_skipped=0, unit_clauses=6, empties=0, intra_clause_literals_removed=0, added_but_db_unchanged=4
DEBUG: After adding clauses, solver has 0 clauses and 6 variables
DEBUG: MiniSAT found 6 variables
DEBUG: Assignment size: 6
DEBUG: First few assignment values: 1 1 1 1 1 1 

=== DEBUG: cnf_assignment_to_paths ===
Input assignment size: 6

=== END DEBUG ===
[SAT] Found 1 vertex collisions and 0 edge collisions
[SAT] Adding collision clauses and solving again...
[SAT] Solving local zone with SAT iteration 2...
[SAT] Local CNF: 11 clauses 

DEBUG: Adding 1 new clauses to MiniSAT (incremental run)
[SAT] Local problem is unsatisfiable after 2 iterations
[SAT] Local problem appears to be unsatisfiable in current zone
[Waiting_time_Solve] No solution found, trying to apply waiting time:1
[Waiting_time_Solve] Applying waiting time delta 1 to segment 56
[Waiting_time_Solve] Original id: 56
[Create_Local_Problem] MDD already aligned to the time window
[Waiting_time_Solve] Path length: 47
[Waiting_time_Solve] Makespan: 46
[Waiting_time_Solve] Segment exit time: 16
[Waiting_time_Solve] Path length after shifting suffix: 47
[Waiting_time_Solve] path length after inserting segment path: 47
[Waiting_time_Solve] inserting following segments
[Waiting_time_Solve] curren pos_it: 1
[Waiting_time_Solve] pushing new path into current solution
[Waiting_time_Solve] New path is consistent after applying waiting time for agent 56
[Current_Solution] Agent 56 used 1 waiting timesteps, 11 remaining
[Waiting_time_Solve] Applied 1 waiting time to segment 56 for agent 56
[Waiting_time_Solve] Waiting time applied
[Waiting_time_Solve] Extended Zone end time from 15 to 16
[Create_Local_Problem] Agent 56 is being scanned from timestep 16 to 16
[Create_Local_problem] Agent 56 contiguous intervals: [16, 16] 
[Create_Local_problem] Agent 56 exited the zone at exit time 16
[Create_Local_Problem] Agent 56 is already extended to the end of the previous zone: 16
[Waiting_time_Solve] Iteration 1...
[SAT] Start solving CNF: 16 clauses and 9 variables
[SAT] Solving local zone with SAT iteration 1...
[SAT] Local CNF: 17 clauses 

DEBUG: Adding 17 new clauses to MiniSAT (incremental run)
DEBUG: Clause load summary: input=17, added=17, tautologies_skipped=0, duplicates_skipped=0, unit_clauses=5, empties=0, intra_clause_literals_removed=0, added_but_db_unchanged=5
DEBUG: After adding clauses, solver has 7 clauses and 9 variables
DEBUG: MiniSAT found 9 variables
DEBUG: Assignment size: 9
DEBUG: First few assignment values: 1 0 1 0 1 1 1 1 1 

=== DEBUG: cnf_assignment_to_paths ===
Input assignment size: 9

=== END DEBUG ===
[SAT] Found 0 vertex collisions and 0 edge collisions
[SAT] Found collision-free local solution!
[Waiting_time_Solve] Solution found, updating global solution
[LNS] Updating global solution with pseudo-agent local paths...
[Current_Solution] Updating global solution for agent 56
[Current_Solution] INFO: Segment 56 exit adjusted from 15 to 16 due to waiting time
[Current_Solution] Segment 56 lengthened by 1 timesteps; shifting suffix
[Current_Solution] Global solution is consistent before shifting suffix
[Current_Solution] Global solution is consistent after shifting suffix
[Current_Solution] Global solution is consistent after updating with local path
[LNS] Successfully updated global solution with pseudo-agent local paths!
[Current_Solution] Updating global solution for agent 20
[Current_Solution] Global solution is consistent after updating with local path
[LNS] Successfully updated global solution with pseudo-agent local paths!
[LNS] Updating path map with new local paths...
[LNS] Successfully updated global solution with local paths and pseudo agents!
[Solve_local_zone] Successfully solved local zone
[LNS] Successfully solved local zone
[LNS] Analyzing conflicts...
[LNS] Current solution: vertex collisions=54, edge collisions=9
[LNS] Creating conflict buckets...
[LOCAL ZONE] Building diamond bucket for conflict 0
[LOCAL ZONE] Built diamond bucket for conflict 0 with 4 positions, 1 conflicts, 14 - 14 time window
[LNS] Selected most relevant bucket 0 with time window: 14 - 14, 1 conflicts and 4 positions.
[LNS] Solving the best bucket Local Zone...
[Solve_local_zone] Current local zone size: 4 (0.433839% of all walkable positions)
[Solve_local_zone] Local zone time window: [13, 15]
[Create_Local_problem] Agent 19 contiguous intervals: [13, 15] 
[Create_Local_problem] Agent 19 exited the zone at exit time 15
[Current_Solution] Agent 19 used 2 waiting timesteps, 31 remaining
[Create_Local_problem] Agent 70 contiguous intervals: [13, 15] 
[Create_Local_problem] Agent 70 exited the zone at exit time 15
[Waiting_time_Solve] Total available waiting time: 1836
[Waiting_time_Solve] Iteration 0...
[SAT] Start solving CNF: 19 clauses and 9 variables
[SAT] Solving local zone with SAT iteration 1...
[SAT] Local CNF: 19 clauses 

DEBUG: Adding 19 new clauses to MiniSAT (incremental run)
DEBUG: Clause load summary: input=19, added=19, tautologies_skipped=0, duplicates_skipped=0, unit_clauses=5, empties=0, intra_clause_literals_removed=0, added_but_db_unchanged=6
DEBUG: After adding clauses, solver has 8 clauses and 9 variables
DEBUG: MiniSAT found 9 variables
DEBUG: Assignment size: 9
DEBUG: First few assignment values: 1 1 1 1 0 1 0 0 1 

=== DEBUG: cnf_assignment_to_paths ===
Input assignment size: 9

=== END DEBUG ===
[SAT] Found 0 vertex collisions and 0 edge collisions
[SAT] Found collision-free local solution!
[Waiting_time_Solve] Solution found, updating global solution
[LNS] Updating global solution with pseudo-agent local paths...
[Current_Solution] Updating global solution for agent 70
[Current_Solution] Global solution is consistent after updating with local path
[LNS] Successfully updated global solution with pseudo-agent local paths!
[Current_Solution] Updating global solution for agent 19
[Current_Solution] Global solution is consistent after updating with local path
[LNS] Successfully updated global solution with pseudo-agent local paths!
[LNS] Updating path map with new local paths...
[LNS] Successfully updated global solution with local paths and pseudo agents!
[Solve_local_zone] Successfully solved local zone
[LNS] Successfully solved local zone
[LNS] Analyzing conflicts...
[LNS] Current solution: vertex collisions=53, edge collisions=9
[LNS] Creating conflict buckets...
[LOCAL ZONE] Building diamond bucket for conflict 0
[LOCAL ZONE] Built diamond bucket for conflict 0 with 5 positions, 1 conflicts, 15 - 15 time window
[LOCAL ZONE] Building diamond bucket for conflict 1
[LOCAL ZONE] Built diamond bucket for conflict 1 with 5 positions, 1 conflicts, 15 - 15 time window
[LOCAL ZONE] Building diamond bucket for conflict 53
[LOCAL ZONE] Built diamond bucket for conflict 53 with 6 positions, 1 conflicts, 15 - 15 time window
[LNS] Selected most relevant bucket 53 with time window: 15 - 15, 1 conflicts and 6 positions.
[LNS] Solving the best bucket Local Zone...
[Solve_local_zone] Current local zone size: 6 (0.650759% of all walkable positions)
[Solve_local_zone] Local zone time window: [14, 16]
[Create_Local_problem] Agent 22 contiguous intervals: [14, 16] 
[Create_Local_problem] Agent 22 exited the zone at exit time 16
[Create_Local_problem] Agent 43 contiguous intervals: [14, 16] 
[Create_Local_problem] Agent 43 exited the zone at exit time 16
[Waiting_time_Solve] Total available waiting time: 1836
[Waiting_time_Solve] Iteration 0...
[SAT] Start solving CNF: 10 clauses and 6 variables
[SAT] Solving local zone with SAT iteration 1...
[SAT] Local CNF: 10 clauses 

DEBUG: Adding 10 new clauses to MiniSAT (incremental run)
DEBUG: Clause load summary: input=10, added=10, tautologies_skipped=0, duplicates_skipped=0, unit_clauses=6, empties=0, intra_clause_literals_removed=0, added_but_db_unchanged=4
DEBUG: After adding clauses, solver has 0 clauses and 6 variables
DEBUG: MiniSAT found 6 variables
DEBUG: Assignment size: 6
DEBUG: First few assignment values: 1 1 1 1 1 1 

=== DEBUG: cnf_assignment_to_paths ===
Input assignment size: 6

=== END DEBUG ===
[SAT] Found 0 vertex collisions and 1 edge collisions
[SAT] Adding collision clauses and solving again...
[SAT] Solving local zone with SAT iteration 2...
[SAT] Local CNF: 11 clauses 

DEBUG: Adding 1 new clauses to MiniSAT (incremental run)
[SAT] Local problem is unsatisfiable after 2 iterations
[SAT] Local problem appears to be unsatisfiable in current zone
[Waiting_time_Solve] No solution found, trying to apply waiting time:1
[Waiting_time_Solve] Applying waiting time delta 1 to segment 43
[Waiting_time_Solve] Original id: 43
[Create_Local_Problem] MDD already aligned to the time window
[Waiting_time_Solve] Path length: 47
[Waiting_time_Solve] Makespan: 46
[Waiting_time_Solve] Segment exit time: 17
[Waiting_time_Solve] Path length after shifting suffix: 47
[Waiting_time_Solve] path length after inserting segment path: 47
[Waiting_time_Solve] inserting following segments
[Waiting_time_Solve] curren pos_it: 1
[Waiting_time_Solve] pushing new path into current solution
[Waiting_time_Solve] New path is consistent after applying waiting time for agent 43
[Current_Solution] Agent 43 used 1 waiting timesteps, 18 remaining
[Waiting_time_Solve] Applied 1 waiting time to segment 43 for agent 43
[Waiting_time_Solve] Waiting time applied
[Waiting_time_Solve] Extended Zone end time from 16 to 17
[Create_Local_Problem] Agent 7 is being scanned from timestep 17 to 17
[Create_Local_problem] Agent 7 contiguous intervals: [17, 17] 
[Create_Local_problem] Agent 7 exited the zone at exit time 17
[Create_Local_Problem] Agent 7 is new in the zone
[Create_Local_Problem] Agent 15 is being scanned from timestep 17 to 17
[Create_Local_problem] Agent 15 contiguous intervals: [17, 17] 
[Create_Local_problem] Agent 15 exited the zone at exit time 17
[Create_Local_Problem] Agent 15 is new in the zone
[Create_Local_Problem] Agent 22 is being scanned from timestep 17 to 17
[Create_Local_problem] Agent 22 contiguous intervals: [17, 17] 
[Create_Local_problem] Agent 22 exited the zone at exit time 17
[Create_Local_Problem] Agent 22 is continuing in the zone until timestep 17
[Create_Local_Problem] Agent 22old segment entry, exit: 14, 16
[Create_Local_Problem] Agent 22new segment entry, exit: 17, 17
[Create_Local_Problem] Agent 43 is being scanned from timestep 17 to 17
[Create_Local_problem] Agent 43 contiguous intervals: [17, 17] 
[Create_Local_problem] Agent 43 exited the zone at exit time 17
[Create_Local_Problem] Agent 43 is already extended to the end of the previous zone: 17
[Waiting_time_Solve] Iteration 1...
[SAT] Start solving CNF: 20 clauses and 12 variables
[SAT] Solving local zone with SAT iteration 1...
[SAT] Local CNF: 21 clauses 

DEBUG: Adding 21 new clauses to MiniSAT (incremental run)
DEBUG: Clause load summary: input=21, added=21, tautologies_skipped=0, duplicates_skipped=0, unit_clauses=8, empties=0, intra_clause_literals_removed=0, added_but_db_unchanged=5
DEBUG: After adding clauses, solver has 8 clauses and 12 variables
DEBUG: MiniSAT found 12 variables
DEBUG: Assignment size: 12
DEBUG: First few assignment values: 1 1 1 0 1 0 1 1 1 1 

=== DEBUG: cnf_assignment_to_paths ===
Input assignment size: 12

=== END DEBUG ===
[SAT] Found 1 vertex collisions and 0 edge collisions
[SAT] Adding collision clauses and solving again...
[SAT] Solving local zone with SAT iteration 2...
[SAT] Local CNF: 22 clauses 

DEBUG: Adding 1 new clauses to MiniSAT (incremental run)
[SAT] Local problem is unsatisfiable after 2 iterations
[SAT] Local problem appears to be unsatisfiable in current zone
[Waiting_time_Solve] No solution found, trying to apply waiting time:2
[Waiting_time_Solve] Applying waiting time delta 2 to segment 43
[Waiting_time_Solve] Original id: 43
[Create_Local_Problem] MDD already aligned to the time window
[Waiting_time_Solve] Path length: 47
[Waiting_time_Solve] Makespan: 46
[Waiting_time_Solve] Segment exit time: 19
[Waiting_time_Solve] Path length after shifting suffix: 47
[Waiting_time_Solve] path length after inserting segment path: 47
[Waiting_time_Solve] inserting following segments
[Waiting_time_Solve] curren pos_it: 1
[Waiting_time_Solve] pushing new path into current solution
[Waiting_time_Solve] New path is consistent after applying waiting time for agent 43
[Current_Solution] Agent 43 used 2 waiting timesteps, 16 remaining
[Waiting_time_Solve] Applied 2 waiting time to segment 43 for agent 43
[Waiting_time_Solve] Waiting time applied
[Waiting_time_Solve] Extended Zone end time from 17 to 19
[Create_Local_Problem] Agent 7 is being scanned from timestep 18 to 19
[Create_Local_problem] Agent 7 contiguous intervals: [18, 19] 
[Create_Local_problem] Agent 7 exited the zone at exit time 19
[Create_Local_Problem] Agent 7 is continuing in the zone until timestep 19
[Create_Local_Problem] Agent 7old segment entry, exit: 17, 17
[Create_Local_Problem] Agent 7new segment entry, exit: 18, 19
[Create_Local_Problem] Agent 15 is being scanned from timestep 18 to 19
[Create_Local_problem] Agent 15 contiguous intervals: [19, 19] 
[Create_Local_problem] Agent 15 exited the zone at exit time 19
[Create_Local_Problem] Agent 15 is continuing in the zone until timestep 19
[Create_Local_Problem] Agent 15old segment entry, exit: 17, 17
[Create_Local_Problem] Agent 15new segment entry, exit: 19, 19
[Create_Local_Problem] Agent 43 is being scanned from timestep 18 to 19
[Create_Local_problem] Agent 43 contiguous intervals: [18, 19] 
[Create_Local_problem] Agent 43 exited the zone at exit time 19
[Create_Local_Problem] Agent 43 is already extended to the end of the previous zone: 19
[Waiting_time_Solve] Iteration 2...
[SAT] Start solving CNF: 68 clauses and 28 variables
[SAT] Solving local zone with SAT iteration 1...
[SAT] Local CNF: 70 clauses 

DEBUG: Adding 70 new clauses to MiniSAT (incremental run)
DEBUG: Clause load summary: input=70, added=70, tautologies_skipped=0, duplicates_skipped=0, unit_clauses=12, empties=0, intra_clause_literals_removed=0, added_but_db_unchanged=12
DEBUG: After adding clauses, solver has 46 clauses and 28 variables
DEBUG: MiniSAT found 28 variables
DEBUG: Assignment size: 28
DEBUG: First few assignment values: 1 1 1 1 1 1 1 0 1 0 

=== DEBUG: cnf_assignment_to_paths ===
Input assignment size: 28

=== END DEBUG ===
[SAT] Found 2 vertex collisions and 1 edge collisions
[SAT] Adding collision clauses and solving again...
[SAT] Solving local zone with SAT iteration 2...
[SAT] Local CNF: 73 clauses 

DEBUG: Adding 3 new clauses to MiniSAT (incremental run)
[SAT] Local problem is unsatisfiable after 2 iterations
[SAT] Local problem appears to be unsatisfiable in current zone
[Waiting_time_Solve] No solution found, trying to apply waiting time:3
[Waiting_time_Solve] Applying waiting time delta 3 to segment 43
[Waiting_time_Solve] Original id: 43
[Create_Local_Problem] MDD already aligned to the time window
[Waiting_time_Solve] Path length: 47
[Waiting_time_Solve] Makespan: 46
[Waiting_time_Solve] Segment exit time: 22
[Waiting_time_Solve] Path length after shifting suffix: 47
[Waiting_time_Solve] path length after inserting segment path: 47
[Waiting_time_Solve] inserting following segments
[Waiting_time_Solve] curren pos_it: 1
[Waiting_time_Solve] pushing new path into current solution
[Waiting_time_Solve] New path is consistent after applying waiting time for agent 43
[Current_Solution] Agent 43 used 3 waiting timesteps, 13 remaining
[Waiting_time_Solve] Applied 3 waiting time to segment 43 for agent 43
[Waiting_time_Solve] Waiting time applied
[Waiting_time_Solve] Extended Zone end time from 19 to 22
[Create_Local_Problem] Agent 7 is being scanned from timestep 20 to 22
[Create_Local_problem] Agent 7 contiguous intervals: [20, 20] 
[Create_Local_problem] Agent 7 exited the zone at exit time 20
[Create_Local_Problem] Agent 7 is continuing in the zone until timestep 20
[Create_Local_Problem] Agent 7old segment entry, exit: 17, 19
[Create_Local_Problem] Agent 7new segment entry, exit: 20, 20
[Create_Local_Problem] Agent 43 is being scanned from timestep 20 to 22
[Create_Local_problem] Agent 43 contiguous intervals: [20, 22] 
[Create_Local_problem] Agent 43 exited the zone at exit time 22
[Create_Local_Problem] Agent 43 is already extended to the end of the previous zone: 22
[Create_Local_Problem] Agent 56 is being scanned from timestep 20 to 22
[Create_Local_problem] Agent 56 contiguous intervals: [20, 22] 
[Create_Local_problem] Agent 56 exited the zone at exit time 22
[Create_Local_Problem] Agent 56 is new in the zone
[Waiting_time_Solve] Iteration 3...
[SAT] Start solving CNF: 141 clauses and 50 variables
[SAT] Solving local zone with SAT iteration 1...
[SAT] Local CNF: 146 clauses 

DEBUG: Adding 146 new clauses to MiniSAT (incremental run)
DEBUG: Clause load summary: input=146, added=146, tautologies_skipped=0, duplicates_skipped=0, unit_clauses=16, empties=0, intra_clause_literals_removed=0, added_but_db_unchanged=17
DEBUG: After adding clauses, solver has 113 clauses and 50 variables
DEBUG: MiniSAT found 50 variables
DEBUG: Assignment size: 50
DEBUG: First few assignment values: 1 1 1 1 1 1 1 1 1 1 

=== DEBUG: cnf_assignment_to_paths ===
Input assignment size: 50

=== END DEBUG ===
[SAT] Found 4 vertex collisions and 0 edge collisions
[SAT] Adding collision clauses and solving again...
[SAT] Solving local zone with SAT iteration 2...
[SAT] Local CNF: 150 clauses 

DEBUG: Adding 4 new clauses to MiniSAT (incremental run)
[SAT] Local problem is unsatisfiable after 2 iterations
[SAT] Local problem appears to be unsatisfiable in current zone
[Waiting_time_Solve] No solution found, trying to apply waiting time:4
[Waiting_time_Solve] Applying waiting time delta 4 to segment 43
[Waiting_time_Solve] Original id: 43
[Create_Local_Problem] MDD already aligned to the time window
[Waiting_time_Solve] Path length: 47
[Waiting_time_Solve] Makespan: 46
[Waiting_time_Solve] Segment exit time: 26
[Waiting_time_Solve] Path length after shifting suffix: 47
[Waiting_time_Solve] path length after inserting segment path: 47
[Waiting_time_Solve] inserting following segments
[Waiting_time_Solve] curren pos_it: 1
[Waiting_time_Solve] pushing new path into current solution
[Waiting_time_Solve] New path is consistent after applying waiting time for agent 43
[Current_Solution] Agent 43 used 4 waiting timesteps, 9 remaining
[Waiting_time_Solve] Applied 4 waiting time to segment 43 for agent 43
[Waiting_time_Solve] Waiting time applied
[Waiting_time_Solve] Extended Zone end time from 22 to 26
[Create_Local_Problem] Agent 43 is being scanned from timestep 23 to 26
[Create_Local_problem] Agent 43 contiguous intervals: [23, 26] 
[Create_Local_problem] Agent 43 exited the zone at exit time 26
[Create_Local_Problem] Agent 43 is already extended to the end of the previous zone: 26
[Create_Local_Problem] Agent 56 is being scanned from timestep 23 to 26
[Create_Local_problem] Agent 56 contiguous intervals: [23, 23] 
[Create_Local_problem] Agent 56 exited the zone at exit time 23
[Create_Local_Problem] Agent 56 is continuing in the zone until timestep 23
[Create_Local_Problem] Agent 56old segment entry, exit: 20, 22
[Create_Local_Problem] Agent 56new segment entry, exit: 23, 23
[Waiting_time_Solve] Iteration 4...
[SAT] Start solving CNF: 231 clauses and 75 variables
[SAT] Solving local zone with SAT iteration 1...
[SAT] Local CNF: 240 clauses 

DEBUG: Adding 240 new clauses to MiniSAT (incremental run)
DEBUG: Clause load summary: input=240, added=240, tautologies_skipped=0, duplicates_skipped=0, unit_clauses=17, empties=0, intra_clause_literals_removed=0, added_but_db_unchanged=22
DEBUG: After adding clauses, solver has 201 clauses and 75 variables
DEBUG: MiniSAT found 75 variables
DEBUG: Assignment size: 75
DEBUG: First few assignment values: 1 1 1 1 1 1 1 1 1 1 

=== DEBUG: cnf_assignment_to_paths ===
Input assignment size: 75

=== END DEBUG ===
[SAT] Found 0 vertex collisions and 2 edge collisions
[SAT] Adding collision clauses and solving again...
[SAT] Solving local zone with SAT iteration 2...
[SAT] Local CNF: 242 clauses 

DEBUG: Adding 2 new clauses to MiniSAT (incremental run)
DEBUG: Clause load summary: input=2, added=2, tautologies_skipped=0, duplicates_skipped=0, unit_clauses=0, empties=0, intra_clause_literals_removed=0, added_but_db_unchanged=0
DEBUG: After adding clauses, solver has 163 clauses and 75 variables
DEBUG: MiniSAT found 75 variables
DEBUG: Assignment size: 75
DEBUG: First few assignment values: 1 1 1 1 1 1 1 1 1 1 

=== DEBUG: cnf_assignment_to_paths ===
Input assignment size: 75

=== END DEBUG ===
[SAT] Found 0 vertex collisions and 1 edge collisions
[SAT] Adding collision clauses and solving again...
[SAT] Solving local zone with SAT iteration 3...
[SAT] Local CNF: 243 clauses 

DEBUG: Adding 1 new clauses to MiniSAT (incremental run)
DEBUG: Clause load summary: input=1, added=1, tautologies_skipped=0, duplicates_skipped=0, unit_clauses=0, empties=0, intra_clause_literals_removed=0, added_but_db_unchanged=0
DEBUG: After adding clauses, solver has 164 clauses and 75 variables
DEBUG: MiniSAT found 75 variables
DEBUG: Assignment size: 75
DEBUG: First few assignment values: 1 1 1 1 1 1 1 1 1 1 

=== DEBUG: cnf_assignment_to_paths ===
Input assignment size: 75

=== END DEBUG ===
[SAT] Found 0 vertex collisions and 0 edge collisions
[SAT] Found collision-free local solution!
[Waiting_time_Solve] Solution found, updating global solution
[LNS] Updating global solution with pseudo-agent local paths...
[Current_Solution] Updating global solution for agent 15
[Current_Solution] INFO: Segment 15 exit adjusted from 17 to 19 due to waiting time
[Current_Solution] Segment 15 lengthened by 2 timesteps; shifting suffix
[Current_Solution] Global solution is consistent before shifting suffix
[Current_Solution] Global solution is consistent after shifting suffix
[Current_Solution] Global solution is consistent after updating with local path
[LNS] Successfully updated global solution with pseudo-agent local paths!
[Current_Solution] Updating global solution for agent 7
[Current_Solution] INFO: Segment 7 exit adjusted from 17 to 20 due to waiting time
[Current_Solution] Segment 7 lengthened by 3 timesteps; shifting suffix
[Current_Solution] Global solution is consistent before shifting suffix
[Current_Solution] Global solution is consistent after shifting suffix
[Current_Solution] Global solution is consistent after updating with local path
[LNS] Successfully updated global solution with pseudo-agent local paths!
[Current_Solution] Updating global solution for agent 56
[Current_Solution] INFO: Segment 56 exit adjusted from 22 to 23 due to waiting time
[Current_Solution] Segment 56 lengthened by 1 timesteps; shifting suffix
[Current_Solution] Global solution is consistent before shifting suffix
[Current_Solution] Global solution is consistent after shifting suffix
[Current_Solution] Global solution is consistent after updating with local path
[LNS] Successfully updated global solution with pseudo-agent local paths!
[Current_Solution] Updating global solution for agent 43
[Current_Solution] INFO: Segment 43 exit adjusted from 16 to 26 due to waiting time
[Current_Solution] Segment 43 lengthened by 10 timesteps; shifting suffix
[Current_Solution] Global solution is consistent before shifting suffix
[Current_Solution] Global solution is consistent after shifting suffix
[Current_Solution] Global solution is consistent after updating with local path
[LNS] Successfully updated global solution with pseudo-agent local paths!
[Current_Solution] Updating global solution for agent 22
[Current_Solution] INFO: Segment 22 exit adjusted from 16 to 17 due to waiting time
[Current_Solution] Segment 22 lengthened by 1 timesteps; shifting suffix
[Current_Solution] Global solution is consistent before shifting suffix
[Current_Solution] Global solution is consistent after shifting suffix
[Current_Solution] Global solution is consistent after updating with local path
[LNS] Successfully updated global solution with pseudo-agent local paths!
[LNS] Updating path map with new local paths...
[LNS] Successfully updated global solution with local paths and pseudo agents!
[Solve_local_zone] Successfully solved local zone
[LNS] Successfully solved local zone
[LNS] Analyzing conflicts...
[LNS] Current solution: vertex collisions=53, edge collisions=8
[LNS] Creating conflict buckets...
[LOCAL ZONE] Building diamond bucket for conflict 0
[LOCAL ZONE] Built diamond bucket for conflict 0 with 5 positions, 1 conflicts, 15 - 15 time window
[LOCAL ZONE] Building diamond bucket for conflict 1
[LOCAL ZONE] Built diamond bucket for conflict 1 with 5 positions, 1 conflicts, 15 - 15 time window
[LNS] Selected most relevant bucket 0 with time window: 15 - 15, 1 conflicts and 5 positions.
[LNS] Solving the best bucket Local Zone...
[Solve_local_zone] Current local zone size: 5 (0.542299% of all walkable positions)
[Solve_local_zone] Local zone time window: [14, 16]
[Create_Local_problem] Agent 30 contiguous intervals: [14, 16] 
[Create_Local_problem] Agent 30 exited the zone at exit time 16
[Create_Local_problem] Agent 77 contiguous intervals: [14, 16] 
[Create_Local_problem] Agent 77 exited the zone at exit time 16
[Current_Solution] Agent 77 used 5 waiting timesteps, 30 remaining
[Waiting_time_Solve] Total available waiting time: 1821
[Waiting_time_Solve] Iteration 0...
[SAT] Start solving CNF: 24 clauses and 10 variables
[SAT] Solving local zone with SAT iteration 1...
[SAT] Local CNF: 24 clauses 

DEBUG: Adding 24 new clauses to MiniSAT (incremental run)
DEBUG: Clause load summary: input=24, added=24, tautologies_skipped=0, duplicates_skipped=0, unit_clauses=5, empties=0, intra_clause_literals_removed=0, added_but_db_unchanged=7
DEBUG: After adding clauses, solver has 12 clauses and 10 variables
DEBUG: MiniSAT found 10 variables
DEBUG: Assignment size: 10
DEBUG: First few assignment values: 1 0 1 0 0 0 1 1 1 1 

=== DEBUG: cnf_assignment_to_paths ===
Input assignment size: 10

=== END DEBUG ===
[SAT] Found 0 vertex collisions and 1 edge collisions
[SAT] Adding collision clauses and solving again...
[SAT] Solving local zone with SAT iteration 2...
[SAT] Local CNF: 25 clauses 

DEBUG: Adding 1 new clauses to MiniSAT (incremental run)
DEBUG: Clause load summary: input=1, added=1, tautologies_skipped=0, duplicates_skipped=0, unit_clauses=0, empties=0, intra_clause_literals_removed=0, added_but_db_unchanged=1
DEBUG: After adding clauses, solver has 12 clauses and 10 variables
DEBUG: MiniSAT found 10 variables
DEBUG: Assignment size: 10
DEBUG: First few assignment values: 1 0 0 1 0 0 1 1 1 1 

=== DEBUG: cnf_assignment_to_paths ===
Input assignment size: 10

=== END DEBUG ===
[SAT] Found 0 vertex collisions and 0 edge collisions
[SAT] Found collision-free local solution!
[Waiting_time_Solve] Solution found, updating global solution
[LNS] Updating global solution with pseudo-agent local paths...
[Current_Solution] Updating global solution for agent 77
[Current_Solution] Global solution is consistent after updating with local path
[LNS] Successfully updated global solution with pseudo-agent local paths!
[Current_Solution] Updating global solution for agent 30
[Current_Solution] Global solution is consistent after updating with local path
[LNS] Successfully updated global solution with pseudo-agent local paths!
[LNS] Updating path map with new local paths...
[LNS] Successfully updated global solution with local paths and pseudo agents!
[Solve_local_zone] Successfully solved local zone
[LNS] Successfully solved local zone
[LNS] Analyzing conflicts...
[LNS] Current solution: vertex collisions=52, edge collisions=8
[LNS] Creating conflict buckets...
[LOCAL ZONE] Building diamond bucket for conflict 0
[LOCAL ZONE] Built diamond bucket for conflict 0 with 5 positions, 1 conflicts, 15 - 15 time window
[LNS] Selected most relevant bucket 0 with time window: 15 - 15, 1 conflicts and 5 positions.
[LNS] Solving the best bucket Local Zone...
[Solve_local_zone] Current local zone size: 5 (0.542299% of all walkable positions)
[Solve_local_zone] Local zone time window: [14, 16]
[Create_Local_problem] Agent 12 contiguous intervals: [14, 16] 
[Create_Local_problem] Agent 12 exited the zone at exit time 16
[Create_Local_problem] Agent 41 contiguous intervals: [14, 16] 
[Create_Local_problem] Agent 41 exited the zone at exit time 16
[Current_Solution] Agent 41 used 3 waiting timesteps, 30 remaining
[Waiting_time_Solve] Total available waiting time: 1818
[Waiting_time_Solve] Iteration 0...
[SAT] Start solving CNF: 24 clauses and 10 variables
[SAT] Solving local zone with SAT iteration 1...
[SAT] Local CNF: 24 clauses 

DEBUG: Adding 24 new clauses to MiniSAT (incremental run)
DEBUG: Clause load summary: input=24, added=24, tautologies_skipped=0, duplicates_skipped=0, unit_clauses=5, empties=0, intra_clause_literals_removed=0, added_but_db_unchanged=7
DEBUG: After adding clauses, solver has 12 clauses and 10 variables
DEBUG: MiniSAT found 10 variables
DEBUG: Assignment size: 10
DEBUG: First few assignment values: 1 0 1 0 0 0 1 1 1 1 

=== DEBUG: cnf_assignment_to_paths ===
Input assignment size: 10

=== END DEBUG ===
[SAT] Found 0 vertex collisions and 1 edge collisions
[SAT] Adding collision clauses and solving again...
[SAT] Solving local zone with SAT iteration 2...
[SAT] Local CNF: 25 clauses 

DEBUG: Adding 1 new clauses to MiniSAT (incremental run)
DEBUG: Clause load summary: input=1, added=1, tautologies_skipped=0, duplicates_skipped=0, unit_clauses=0, empties=0, intra_clause_literals_removed=0, added_but_db_unchanged=1
DEBUG: After adding clauses, solver has 12 clauses and 10 variables
DEBUG: MiniSAT found 10 variables
DEBUG: Assignment size: 10
DEBUG: First few assignment values: 1 0 0 1 0 0 1 1 1 1 

=== DEBUG: cnf_assignment_to_paths ===
Input assignment size: 10

=== END DEBUG ===
[SAT] Found 0 vertex collisions and 1 edge collisions
[SAT] Adding collision clauses and solving again...
[SAT] Solving local zone with SAT iteration 3...
[SAT] Local CNF: 26 clauses 

DEBUG: Adding 1 new clauses to MiniSAT (incremental run)
DEBUG: Clause load summary: input=1, added=1, tautologies_skipped=0, duplicates_skipped=0, unit_clauses=0, empties=0, intra_clause_literals_removed=0, added_but_db_unchanged=1
DEBUG: After adding clauses, solver has 12 clauses and 10 variables
DEBUG: MiniSAT found 10 variables
DEBUG: Assignment size: 10
DEBUG: First few assignment values: 1 0 0 0 1 0 1 1 1 1 

=== DEBUG: cnf_assignment_to_paths ===
Input assignment size: 10

=== END DEBUG ===
[SAT] Found 0 vertex collisions and 0 edge collisions
[SAT] Found collision-free local solution!
[Waiting_time_Solve] Solution found, updating global solution
[LNS] Updating global solution with pseudo-agent local paths...
[Current_Solution] Updating global solution for agent 41
[Current_Solution] Global solution is consistent after updating with local path
[LNS] Successfully updated global solution with pseudo-agent local paths!
[Current_Solution] Updating global solution for agent 12
[Current_Solution] Global solution is consistent after updating with local path
[LNS] Successfully updated global solution with pseudo-agent local paths!
[LNS] Updating path map with new local paths...
[LNS] Successfully updated global solution with local paths and pseudo agents!
[Solve_local_zone] Successfully solved local zone
[LNS] Successfully solved local zone
[LNS] Analyzing conflicts...
[LNS] Current solution: vertex collisions=51, edge collisions=8
[LNS] Creating conflict buckets...
[LOCAL ZONE] Building diamond bucket for conflict 0
[LOCAL ZONE] Built diamond bucket for conflict 0 with 5 positions, 1 conflicts, 16 - 16 time window
[LOCAL ZONE] Building diamond bucket for conflict 51
[LOCAL ZONE] Built diamond bucket for conflict 51 with 7 positions, 1 conflicts, 16 - 16 time window
[LNS] Selected most relevant bucket 51 with time window: 16 - 16, 1 conflicts and 7 positions.
[LNS] Solving the best bucket Local Zone...
[Solve_local_zone] Current local zone size: 7 (0.759219% of all walkable positions)
[Solve_local_zone] Local zone time window: [15, 17]
[Create_Local_problem] Agent 20 contiguous intervals: [15, 17] 
[Create_Local_problem] Agent 20 exited the zone at exit time 17
[Create_Local_problem] Agent 47 contiguous intervals: [17, 17] 
[Create_Local_problem] Agent 47 exited the zone at exit time 17
[Create_Local_problem] Agent 66 contiguous intervals: [15, 17] 
[Create_Local_problem] Agent 66 exited the zone at exit time 17
[Waiting_time_Solve] Total available waiting time: 1818
[Waiting_time_Solve] Iteration 0...
[SAT] Start solving CNF: 13 clauses and 8 variables
[SAT] Solving local zone with SAT iteration 1...
[SAT] Local CNF: 13 clauses 

DEBUG: Adding 13 new clauses to MiniSAT (incremental run)
DEBUG: Clause load summary: input=13, added=13, tautologies_skipped=0, duplicates_skipped=0, unit_clauses=6, empties=0, intra_clause_literals_removed=0, added_but_db_unchanged=4
DEBUG: After adding clauses, solver has 3 clauses and 8 variables
DEBUG: MiniSAT found 8 variables
DEBUG: Assignment size: 8
DEBUG: First few assignment values: 1 1 1 1 1 0 1 1 

=== DEBUG: cnf_assignment_to_paths ===
Input assignment size: 8

=== END DEBUG ===
[SAT] Found 0 vertex collisions and 1 edge collisions
[SAT] Adding collision clauses and solving again...
[SAT] Solving local zone with SAT iteration 2...
[SAT] Local CNF: 14 clauses 

DEBUG: Adding 1 new clauses to MiniSAT (incremental run)
DEBUG: Clause load summary: input=1, added=1, tautologies_skipped=0, duplicates_skipped=0, unit_clauses=0, empties=0, intra_clause_literals_removed=0, added_but_db_unchanged=1
DEBUG: After adding clauses, solver has 3 clauses and 8 variables
DEBUG: MiniSAT found 8 variables
DEBUG: Assignment size: 8
DEBUG: First few assignment values: 1 1 1 1 1 1 0 1 

=== DEBUG: cnf_assignment_to_paths ===
Input assignment size: 8

=== END DEBUG ===
[SAT] Found 0 vertex collisions and 0 edge collisions
[SAT] Found collision-free local solution!
[Waiting_time_Solve] Solution found, updating global solution
[LNS] Updating global solution with pseudo-agent local paths...
[Current_Solution] Updating global solution for agent 66
[Current_Solution] Global solution is consistent after updating with local path
[LNS] Successfully updated global solution with pseudo-agent local paths!
[Current_Solution] Updating global solution for agent 47
[Current_Solution] Global solution is consistent after updating with local path
[LNS] Successfully updated global solution with pseudo-agent local paths!
[Current_Solution] Updating global solution for agent 20
[Current_Solution] Global solution is consistent after updating with local path
[LNS] Successfully updated global solution with pseudo-agent local paths!
[LNS] Updating path map with new local paths...
[LNS] Successfully updated global solution with local paths and pseudo agents!
[Solve_local_zone] Successfully solved local zone
[LNS] Successfully solved local zone
[LNS] Analyzing conflicts...
[LNS] Current solution: vertex collisions=51, edge collisions=7
[LNS] Creating conflict buckets...
[LOCAL ZONE] Building diamond bucket for conflict 0
[LOCAL ZONE] Built diamond bucket for conflict 0 with 5 positions, 1 conflicts, 16 - 16 time window
[LNS] Selected most relevant bucket 0 with time window: 16 - 16, 1 conflicts and 5 positions.
[LNS] Solving the best bucket Local Zone...
[Solve_local_zone] Current local zone size: 5 (0.542299% of all walkable positions)
[Solve_local_zone] Local zone time window: [15, 17]
[Create_Local_problem] Agent 25 contiguous intervals: [15, 17] 
[Create_Local_problem] Agent 25 exited the zone at exit time 17
[Current_Solution] Agent 25 used 2 waiting timesteps, 29 remaining
[Create_Local_problem] Agent 26 contiguous intervals: [15, 17] 
[Create_Local_problem] Agent 26 exited the zone at exit time 17
[Current_Solution] Agent 26 used 2 waiting timesteps, 29 remaining
[Create_Local_problem] Agent 79 contiguous intervals: [15, 17] 
[Create_Local_problem] Agent 79 exited the zone at exit time 17
[Waiting_time_Solve] Total available waiting time: 1814
[Waiting_time_Solve] Iteration 0...
[SAT] Start solving CNF: 31 clauses and 14 variables
[SAT] Solving local zone with SAT iteration 1...
[SAT] Local CNF: 31 clauses 

DEBUG: Adding 31 new clauses to MiniSAT (incremental run)
DEBUG: Clause load summary: input=31, added=31, tautologies_skipped=0, duplicates_skipped=0, unit_clauses=7, empties=0, intra_clause_literals_removed=0, added_but_db_unchanged=9
DEBUG: After adding clauses, solver has 15 clauses and 14 variables
DEBUG: MiniSAT found 14 variables
DEBUG: Assignment size: 14
DEBUG: First few assignment values: 1 1 1 1 0 1 1 1 1 0 

=== DEBUG: cnf_assignment_to_paths ===
Input assignment size: 14

=== END DEBUG ===
[SAT] Found 0 vertex collisions and 1 edge collisions
[SAT] Adding collision clauses and solving again...
[SAT] Solving local zone with SAT iteration 2...
[SAT] Local CNF: 32 clauses 

DEBUG: Adding 1 new clauses to MiniSAT (incremental run)
DEBUG: Clause load summary: input=1, added=1, tautologies_skipped=0, duplicates_skipped=0, unit_clauses=0, empties=0, intra_clause_literals_removed=0, added_but_db_unchanged=1
DEBUG: After adding clauses, solver has 15 clauses and 14 variables
DEBUG: MiniSAT found 14 variables
DEBUG: Assignment size: 14
DEBUG: First few assignment values: 1 1 1 1 0 1 1 1 0 1 

=== DEBUG: cnf_assignment_to_paths ===
Input assignment size: 14

=== END DEBUG ===
[SAT] Found 0 vertex collisions and 1 edge collisions
[SAT] Adding collision clauses and solving again...
[SAT] Solving local zone with SAT iteration 3...
[SAT] Local CNF: 33 clauses 

DEBUG: Adding 1 new clauses to MiniSAT (incremental run)
DEBUG: Clause load summary: input=1, added=1, tautologies_skipped=0, duplicates_skipped=0, unit_clauses=0, empties=0, intra_clause_literals_removed=0, added_but_db_unchanged=1
DEBUG: After adding clauses, solver has 15 clauses and 14 variables
DEBUG: MiniSAT found 14 variables
DEBUG: Assignment size: 14
DEBUG: First few assignment values: 1 1 1 1 0 1 1 1 0 0 

=== DEBUG: cnf_assignment_to_paths ===
Input assignment size: 14

=== END DEBUG ===
[SAT] Found 1 vertex collisions and 0 edge collisions
[SAT] Adding collision clauses and solving again...
[SAT] Solving local zone with SAT iteration 4...
[SAT] Local CNF: 34 clauses 

DEBUG: Adding 1 new clauses to MiniSAT (incremental run)
DEBUG: Clause load summary: input=1, added=1, tautologies_skipped=0, duplicates_skipped=0, unit_clauses=0, empties=0, intra_clause_literals_removed=0, added_but_db_unchanged=0
DEBUG: After adding clauses, solver has 16 clauses and 14 variables
DEBUG: MiniSAT found 14 variables
DEBUG: Assignment size: 14
DEBUG: First few assignment values: 1 1 1 1 1 0 1 1 0 0 

=== DEBUG: cnf_assignment_to_paths ===
Input assignment size: 14

=== END DEBUG ===
[SAT] Found 1 vertex collisions and 2 edge collisions
[SAT] Adding collision clauses and solving again...
[SAT] Solving local zone with SAT iteration 5...
[SAT] Local CNF: 37 clauses 

DEBUG: Adding 3 new clauses to MiniSAT (incremental run)
DEBUG: Clause load summary: input=3, added=3, tautologies_skipped=0, duplicates_skipped=0, unit_clauses=0, empties=0, intra_clause_literals_removed=0, added_but_db_unchanged=3
DEBUG: After adding clauses, solver has 16 clauses and 14 variables
DEBUG: MiniSAT found 14 variables
DEBUG: Assignment size: 14
DEBUG: First few assignment values: 1 1 1 1 0 1 1 1 0 0 

=== DEBUG: cnf_assignment_to_paths ===
Input assignment size: 14

=== END DEBUG ===
[SAT] Found 1 vertex collisions and 0 edge collisions
[SAT] Adding collision clauses and solving again...
[SAT] Solving local zone with SAT iteration 6...
[SAT] Local CNF: 38 clauses 

DEBUG: Adding 1 new clauses to MiniSAT (incremental run)
DEBUG: Clause load summary: input=1, added=1, tautologies_skipped=0, duplicates_skipped=0, unit_clauses=0, empties=0, intra_clause_literals_removed=0, added_but_db_unchanged=1
DEBUG: After adding clauses, solver has 16 clauses and 14 variables
DEBUG: MiniSAT found 14 variables
DEBUG: Assignment size: 14
DEBUG: First few assignment values: 1 1 1 1 0 1 1 1 0 0 

=== DEBUG: cnf_assignment_to_paths ===
Input assignment size: 14

=== END DEBUG ===
[SAT] Found 0 vertex collisions and 0 edge collisions
[SAT] Found collision-free local solution!
[Waiting_time_Solve] Solution found, updating global solution
[LNS] Updating global solution with pseudo-agent local paths...
[Current_Solution] Updating global solution for agent 79
[Current_Solution] Global solution is consistent after updating with local path
[LNS] Successfully updated global solution with pseudo-agent local paths!
[Current_Solution] Updating global solution for agent 26
[Current_Solution] Global solution is consistent after updating with local path
[LNS] Successfully updated global solution with pseudo-agent local paths!
[Current_Solution] Updating global solution for agent 25
[Current_Solution] Global solution is consistent after updating with local path
[LNS] Successfully updated global solution with pseudo-agent local paths!
[LNS] Updating path map with new local paths...
[LNS] Successfully updated global solution with local paths and pseudo agents!
[Solve_local_zone] Successfully solved local zone
[LNS] Successfully solved local zone
[LNS] Analyzing conflicts...
[LNS] Current solution: vertex collisions=50, edge collisions=7
[LNS] Creating conflict buckets...
[LOCAL ZONE] Building diamond bucket for conflict 0
[LOCAL ZONE] Built diamond bucket for conflict 0 with 8 positions, 3 conflicts, 17 - 19 time window
[LOCAL ZONE] Building diamond bucket for conflict 1
[LOCAL ZONE] Built diamond bucket for conflict 1 with 5 positions, 1 conflicts, 17 - 17 time window
[LOCAL ZONE] Building diamond bucket for conflict 2
[LOCAL ZONE] Built diamond bucket for conflict 2 with 5 positions, 3 conflicts, 17 - 17 time window
[LOCAL ZONE] Building diamond bucket for conflict 5
[LOCAL ZONE] Built diamond bucket for conflict 5 with 5 positions, 1 conflicts, 17 - 17 time window
[LNS] Selected most relevant bucket 0 with time window: 17 - 19, 3 conflicts and 8 positions.
[LNS] Solving the best bucket Local Zone...
[Solve_local_zone] Current local zone size: 8 (0.867679% of all walkable positions)
[Solve_local_zone] Local zone time window: [16, 20]
[Create_Local_problem] Agent 34 contiguous intervals: [17, 20] 
[Create_Local_problem] Agent 34 exited the zone at exit time 20
[Create_Local_problem] Agent 50 contiguous intervals: [18, 20] 
[Create_Local_problem] Agent 50 exited the zone at exit time 20
[Create_Local_problem] Agent 71 contiguous intervals: [16, 20] 
[Create_Local_problem] Agent 71 exited the zone at exit time 20
[Create_Local_problem] Agent 73 contiguous intervals: [16, 20] 
[Create_Local_problem] Agent 73 exited the zone at exit time 20
[Current_Solution] Agent 73 used 10 waiting timesteps, 26 remaining
[Waiting_time_Solve] Total available waiting time: 1804
[Waiting_time_Solve] Iteration 0...
[SAT] Start solving CNF: 62 clauses and 27 variables
[SAT] Solving local zone with SAT iteration 1...
[SAT] Local CNF: 62 clauses 

DEBUG: Adding 62 new clauses to MiniSAT (incremental run)
DEBUG: Clause load summary: input=62, added=62, tautologies_skipped=0, duplicates_skipped=0, unit_clauses=14, empties=0, intra_clause_literals_removed=0, added_but_db_unchanged=13
DEBUG: After adding clauses, solver has 35 clauses and 27 variables
DEBUG: MiniSAT found 27 variables
DEBUG: Assignment size: 27
DEBUG: First few assignment values: 1 1 1 1 1 1 1 1 1 0 

=== DEBUG: cnf_assignment_to_paths ===
Input assignment size: 27

=== END DEBUG ===
[SAT] Found 1 vertex collisions and 4 edge collisions
[SAT] Adding collision clauses and solving again...
[SAT] Solving local zone with SAT iteration 2...
[SAT] Local CNF: 67 clauses 

DEBUG: Adding 5 new clauses to MiniSAT (incremental run)
[SAT] Local problem is unsatisfiable after 2 iterations
[SAT] Local problem appears to be unsatisfiable in current zone
[Waiting_time_Solve] No solution found, trying to apply waiting time:1
[Current_Solution] Agent 73 used 0 waiting timesteps, 26 remaining
[Waiting_time_Solve] Applied 0 waiting time to segment 73 for agent 73
[Waiting_time_Solve] Applying waiting time delta 1 to segment 34
[Waiting_time_Solve] Original id: 34
[Create_Local_Problem] MDD already aligned to the time window
[Waiting_time_Solve] Path length: 47
[Waiting_time_Solve] Makespan: 46
[Waiting_time_Solve] Segment exit time: 21
[Waiting_time_Solve] Path length after shifting suffix: 47
[Waiting_time_Solve] path length after inserting segment path: 47
[Waiting_time_Solve] inserting following segments
[Waiting_time_Solve] curren pos_it: 0
[Waiting_time_Solve] pushing new path into current solution
[Waiting_time_Solve] New path is consistent after applying waiting time for agent 34
[Current_Solution] Agent 34 used 1 waiting timesteps, 9 remaining
[Waiting_time_Solve] Applied 1 waiting time to segment 34 for agent 34
[Waiting_time_Solve] Waiting time applied
[Waiting_time_Solve] Extended Zone end time from 20 to 21
[Create_Local_Problem] Agent 34 is being scanned from timestep 21 to 21
[Create_Local_problem] Agent 34 contiguous intervals: [21, 21] 
[Create_Local_problem] Agent 34 exited the zone at exit time 21
[Create_Local_Problem] Agent 34 is already extended to the end of the previous zone: 21
[Create_Local_Problem] Agent 50 is being scanned from timestep 21 to 21
[Create_Local_problem] Agent 50 contiguous intervals: [21, 21] 
[Create_Local_problem] Agent 50 exited the zone at exit time 21
[Create_Local_Problem] Agent 50 is continuing in the zone until timestep 21
[Create_Local_Problem] Agent 50old segment entry, exit: 18, 20
[Create_Local_Problem] Agent 50new segment entry, exit: 21, 21
[Create_Local_Problem] Agent 73 is being scanned from timestep 21 to 21
[Create_Local_problem] Agent 73 contiguous intervals: [21, 21] 
[Create_Local_problem] Agent 73 exited the zone at exit time 21
[Create_Local_Problem] Agent 73 is continuing in the zone until timestep 21
[Create_Local_Problem] Agent 73old segment entry, exit: 16, 20
[Create_Local_Problem] Agent 73new segment entry, exit: 21, 21
[Current_Solution] Agent 73 used 1 waiting timesteps, 25 remaining
[Waiting_time_Solve] Iteration 1...
[SAT] Start solving CNF: 88 clauses and 37 variables
[SAT] Solving local zone with SAT iteration 1...
[SAT] Local CNF: 93 clauses 

DEBUG: Adding 93 new clauses to MiniSAT (incremental run)
DEBUG: Clause load summary: input=93, added=93, tautologies_skipped=0, duplicates_skipped=0, unit_clauses=13, empties=0, intra_clause_literals_removed=0, added_but_db_unchanged=13
DEBUG: After adding clauses, solver has 67 clauses and 37 variables
DEBUG: MiniSAT found 37 variables
DEBUG: Assignment size: 37
DEBUG: First few assignment values: 1 1 1 1 1 1 1 1 1 1 

=== DEBUG: cnf_assignment_to_paths ===
Input assignment size: 37

=== END DEBUG ===
[SAT] Found 4 vertex collisions and 2 edge collisions
[SAT] Adding collision clauses and solving again...
[SAT] Solving local zone with SAT iteration 2...
[SAT] Local CNF: 99 clauses 

DEBUG: Adding 6 new clauses to MiniSAT (incremental run)
[SAT] Local problem is unsatisfiable after 2 iterations
[SAT] Local problem appears to be unsatisfiable in current zone
[Waiting_time_Solve] No solution found, trying to apply waiting time:2
[Waiting_time_Solve] Applying waiting time delta 2 to segment 34
[Waiting_time_Solve] Original id: 34
[Create_Local_Problem] MDD already aligned to the time window
[Waiting_time_Solve] Path length: 47
[Waiting_time_Solve] Makespan: 46
[Waiting_time_Solve] Segment exit time: 23
[Waiting_time_Solve] Path length after shifting suffix: 47
[Waiting_time_Solve] path length after inserting segment path: 47
[Waiting_time_Solve] inserting following segments
[Waiting_time_Solve] curren pos_it: 0
[Waiting_time_Solve] pushing new path into current solution
[Waiting_time_Solve] New path is consistent after applying waiting time for agent 34
[Current_Solution] Agent 34 used 2 waiting timesteps, 7 remaining
[Waiting_time_Solve] Applied 2 waiting time to segment 34 for agent 34
[Current_Solution] Agent 73 used 0 waiting timesteps, 25 remaining
[Waiting_time_Solve] Applied 0 waiting time to segment 73 for agent 73
[Waiting_time_Solve] Waiting time applied
[Waiting_time_Solve] Extended Zone end time from 21 to 23
[Create_Local_Problem] Agent 7 is being scanned from timestep 22 to 23
[Create_Local_problem] Agent 7 contiguous intervals: [22, 23] 
[Create_Local_problem] Agent 7 exited the zone at exit time 23
[Create_Local_Problem] Agent 7 is new in the zone
[Create_Local_Problem] Agent 34 is being scanned from timestep 22 to 23
[Create_Local_problem] Agent 34 contiguous intervals: [22, 23] 
[Create_Local_problem] Agent 34 exited the zone at exit time 23
[Create_Local_Problem] Agent 34 is already extended to the end of the previous zone: 23
[Create_Local_Problem] Agent 50 is being scanned from timestep 22 to 23
[Create_Local_problem] Agent 50 contiguous intervals: [22, 22] 
[Create_Local_problem] Agent 50 exited the zone at exit time 22
[Create_Local_Problem] Agent 50 is continuing in the zone until timestep 22
[Create_Local_Problem] Agent 50old segment entry, exit: 18, 21
[Create_Local_Problem] Agent 50new segment entry, exit: 22, 22
[Create_Local_Problem] Agent 73 is being scanned from timestep 22 to 23
[Create_Local_problem] Agent 73 contiguous intervals: [22, 23] 
[Create_Local_problem] Agent 73 exited the zone at exit time 23
[Create_Local_Problem] Agent 73 is continuing in the zone until timestep 23
[Create_Local_Problem] Agent 73old segment entry, exit: 16, 21
[Create_Local_Problem] Agent 73new segment entry, exit: 22, 23
[Current_Solution] Agent 73 used 2 waiting timesteps, 23 remaining
[Waiting_time_Solve] Iteration 2...
[SAT] Start solving CNF: 224 clauses and 72 variables
[SAT] Solving local zone with SAT iteration 1...
[SAT] Local CNF: 235 clauses 

DEBUG: Adding 235 new clauses to MiniSAT (incremental run)
DEBUG: Clause load summary: input=235, added=235, tautologies_skipped=0, duplicates_skipped=0, unit_clauses=16, empties=0, intra_clause_literals_removed=0, added_but_db_unchanged=19
DEBUG: After adding clauses, solver has 200 clauses and 72 variables
DEBUG: MiniSAT found 72 variables
DEBUG: Assignment size: 72
DEBUG: First few assignment values: 1 1 1 1 1 1 1 1 1 1 

=== DEBUG: cnf_assignment_to_paths ===
Input assignment size: 72

=== END DEBUG ===
[SAT] Found 4 vertex collisions and 1 edge collisions
[SAT] Adding collision clauses and solving again...
[SAT] Solving local zone with SAT iteration 2...
[SAT] Local CNF: 240 clauses 

DEBUG: Adding 5 new clauses to MiniSAT (incremental run)
[SAT] Local problem is unsatisfiable after 2 iterations
[SAT] Local problem appears to be unsatisfiable in current zone
[Waiting_time_Solve] No solution found, trying to apply waiting time:3
[Waiting_time_Solve] Applying waiting time delta 3 to segment 34
[Waiting_time_Solve] Original id: 34
[Create_Local_Problem] MDD already aligned to the time window
[Waiting_time_Solve] Path length: 47
[Waiting_time_Solve] Makespan: 46
[Waiting_time_Solve] Segment exit time: 26
[Waiting_time_Solve] Path length after shifting suffix: 47
[Waiting_time_Solve] path length after inserting segment path: 47
[Waiting_time_Solve] inserting following segments
[Waiting_time_Solve] curren pos_it: 0
[Waiting_time_Solve] pushing new path into current solution
[Waiting_time_Solve] New path is consistent after applying waiting time for agent 34
[Current_Solution] Agent 34 used 3 waiting timesteps, 4 remaining
[Waiting_time_Solve] Applied 3 waiting time to segment 34 for agent 34
[Current_Solution] Agent 73 used 0 waiting timesteps, 23 remaining
[Waiting_time_Solve] Applied 0 waiting time to segment 73 for agent 73
[Waiting_time_Solve] Waiting time applied
[Waiting_time_Solve] Extended Zone end time from 23 to 26
[Create_Local_Problem] Agent 7 is being scanned from timestep 24 to 26
[Create_Local_problem] Agent 7 contiguous intervals: [24, 26] 
[Create_Local_problem] Agent 7 exited the zone at exit time 26
[Create_Local_Problem] Agent 7 is continuing in the zone until timestep 26
[Create_Local_Problem] Agent 7old segment entry, exit: 22, 23
[Create_Local_Problem] Agent 7new segment entry, exit: 24, 26
[Create_Local_Problem] Agent 34 is being scanned from timestep 24 to 26
[Create_Local_problem] Agent 34 contiguous intervals: [24, 26] 
[Create_Local_problem] Agent 34 exited the zone at exit time 26
[Create_Local_Problem] Agent 34 is already extended to the end of the previous zone: 26
[Create_Local_Problem] Agent 56 is being scanned from timestep 24 to 26
[Create_Local_problem] Agent 56 contiguous intervals: [25, 26] 
[Create_Local_problem] Agent 56 exited the zone at exit time 26
[Create_Local_Problem] Agent 56 is new in the zone
[Create_Local_Problem] Agent 73 is being scanned from timestep 24 to 26
[Create_Local_problem] Agent 73 contiguous intervals: [24, 26] 
[Create_Local_problem] Agent 73 exited the zone at exit time 26
[Create_Local_Problem] Agent 73 is continuing in the zone until timestep 26
[Create_Local_Problem] Agent 73old segment entry, exit: 16, 23
[Create_Local_Problem] Agent 73new segment entry, exit: 24, 26
[Current_Solution] Agent 73 used 3 waiting timesteps, 20 remaining
[Waiting_time_Solve] Iteration 3...
[SAT] Start solving CNF: 455 clauses and 125 variables
[SAT] Solving local zone with SAT iteration 1...
[SAT] Local CNF: 471 clauses 

DEBUG: Adding 471 new clauses to MiniSAT (incremental run)
DEBUG: Clause load summary: input=471, added=471, tautologies_skipped=0, duplicates_skipped=0, unit_clauses=21, empties=0, intra_clause_literals_removed=0, added_but_db_unchanged=26
DEBUG: After adding clauses, solver has 424 clauses and 125 variables
DEBUG: MiniSAT found 125 variables
DEBUG: Assignment size: 125
DEBUG: First few assignment values: 1 1 1 1 1 1 1 1 1 1 

=== DEBUG: cnf_assignment_to_paths ===
Input assignment size: 125

=== END DEBUG ===
[SAT] Found 10 vertex collisions and 1 edge collisions
[SAT] Adding collision clauses and solving again...
[SAT] Solving local zone with SAT iteration 2...
[SAT] Local CNF: 482 clauses 

DEBUG: Adding 11 new clauses to MiniSAT (incremental run)
[SAT] Local problem is unsatisfiable after 2 iterations
[SAT] Local problem appears to be unsatisfiable in current zone
[Waiting_time_Solve] No solution found, trying to apply waiting time:4
[Waiting_time_Solve] Applying waiting time delta 4 to segment 73
[Waiting_time_Solve] Original id: 73
[Create_Local_Problem] MDD already aligned to the time window
[Waiting_time_Solve] Path length: 47
[Waiting_time_Solve] Makespan: 46
[Waiting_time_Solve] Segment exit time: 26
[Waiting_time_Solve] Path length after shifting suffix: 47
[Waiting_time_Solve] path length after inserting segment path: 47
[Waiting_time_Solve] inserting following segments
[Waiting_time_Solve] curren pos_it: 3
[Waiting_time_Solve] pushing new path into current solution
[Waiting_time_Solve] New path is consistent after applying waiting time for agent 73
[Current_Solution] Agent 73 used 4 waiting timesteps, 16 remaining
[Waiting_time_Solve] Applied 4 waiting time to segment 73 for agent 73
[Waiting_time_Solve] Applying waiting time delta 4 to segment 56
[Waiting_time_Solve] Original id: 56
[Create_Local_Problem] MDD already aligned to the time window
[Waiting_time_Solve] Path length: 47
[Waiting_time_Solve] Makespan: 46
[Waiting_time_Solve] Segment exit time: 30
[Waiting_time_Solve] Path length after shifting suffix: 47
[Waiting_time_Solve] path length after inserting segment path: 47
[Waiting_time_Solve] inserting following segments
[Waiting_time_Solve] curren pos_it: 5
[Waiting_time_Solve] pushing new path into current solution
[Waiting_time_Solve] New path is consistent after applying waiting time for agent 56
[Current_Solution] Agent 56 used 4 waiting timesteps, 7 remaining
[Waiting_time_Solve] Applied 4 waiting time to segment 56 for agent 56
[Waiting_time_Solve] Applying waiting time delta 4 to segment 34
[Waiting_time_Solve] Original id: 34
[Create_Local_Problem] MDD already aligned to the time window
[Waiting_time_Solve] Path length: 47
[Waiting_time_Solve] Makespan: 46
[Waiting_time_Solve] Segment exit time: 30
[Waiting_time_Solve] Path length after shifting suffix: 47
[Waiting_time_Solve] path length after inserting segment path: 47
[Waiting_time_Solve] inserting following segments
[Waiting_time_Solve] curren pos_it: 0
[Waiting_time_Solve] pushing new path into current solution
[Waiting_time_Solve] New path is consistent after applying waiting time for agent 34
[Current_Solution] Agent 34 used 4 waiting timesteps, 0 remaining
[Waiting_time_Solve] Applied 4 waiting time to segment 34 for agent 34
[Waiting_time_Solve] Waiting time applied
[Waiting_time_Solve] Extended Zone end time from 26 to 30
[Create_Local_Problem] Agent 34 is being scanned from timestep 27 to 30
[Create_Local_problem] Agent 34 contiguous intervals: [27, 30] 
[Create_Local_problem] Agent 34 exited the zone at exit time 30
[Create_Local_Problem] Agent 34 is already extended to the end of the previous zone: 30
[Create_Local_Problem] Agent 56 is being scanned from timestep 27 to 30
[Create_Local_problem] Agent 56 contiguous intervals: [27, 30] 
[Create_Local_problem] Agent 56 exited the zone at exit time 30
[Create_Local_Problem] Agent 56 is already extended to the end of the previous zone: 30
[Create_Local_Problem] Agent 73 is being scanned from timestep 27 to 30
[Create_Local_problem] Agent 73 contiguous intervals: [27, 30] 
[Create_Local_problem] Agent 73 exited the zone at exit time 30
[Create_Local_Problem] Agent 73 is continuing in the zone until timestep 30
[Create_Local_Problem] Agent 73old segment entry, exit: 16, 26
[Create_Local_Problem] Agent 73new segment entry, exit: 27, 30
[Waiting_time_Solve] Iteration 4...
[SAT] Start solving CNF: 793 clauses and 204 variables
[SAT] Solving local zone with SAT iteration 1...
[SAT] Local CNF: 820 clauses 

DEBUG: Adding 820 new clauses to MiniSAT (incremental run)
DEBUG: Clause load summary: input=820, added=820, tautologies_skipped=0, duplicates_skipped=0, unit_clauses=21, empties=0, intra_clause_literals_removed=0, added_but_db_unchanged=35
DEBUG: After adding clauses, solver has 764 clauses and 204 variables
DEBUG: MiniSAT found 204 variables
DEBUG: Assignment size: 204
DEBUG: First few assignment values: 1 0 1 0 0 0 1 1 0 0 

=== DEBUG: cnf_assignment_to_paths ===
Input assignment size: 204

=== END DEBUG ===
[SAT] Found 15 vertex collisions and 3 edge collisions
[SAT] Adding collision clauses and solving again...
[SAT] Solving local zone with SAT iteration 2...
[SAT] Local CNF: 838 clauses 

DEBUG: Adding 18 new clauses to MiniSAT (incremental run)
[SAT] Local problem is unsatisfiable after 2 iterations
[SAT] Local problem appears to be unsatisfiable in current zone
[Waiting_time_Solve] No solution found, trying to apply waiting time:5
[Waiting_time_Solve] Applying waiting time delta 5 to segment 73
[Waiting_time_Solve] Original id: 73
[Create_Local_Problem] MDD already aligned to the time window
[Waiting_time_Solve] Path length: 47
[Waiting_time_Solve] Makespan: 46
[Waiting_time_Solve] Segment exit time: 30
[Waiting_time_Solve] Path length after shifting suffix: 47
[Waiting_time_Solve] path length after inserting segment path: 47
[Waiting_time_Solve] inserting following segments
[Waiting_time_Solve] curren pos_it: 3
[Waiting_time_Solve] pushing new path into current solution
[Waiting_time_Solve] New path is consistent after applying waiting time for agent 73
[Current_Solution] Agent 73 used 5 waiting timesteps, 11 remaining
[Waiting_time_Solve] Applied 5 waiting time to segment 73 for agent 73
[Waiting_time_Solve] Applying waiting time delta 5 to segment 56
[Waiting_time_Solve] Original id: 56
[Create_Local_Problem] MDD already aligned to the time window
[Waiting_time_Solve] Path length: 47
[Waiting_time_Solve] Makespan: 46
[Waiting_time_Solve] Segment exit time: 35
[Waiting_time_Solve] Path length after shifting suffix: 47
[Waiting_time_Solve] path length after inserting segment path: 47
[Waiting_time_Solve] inserting following segments
[Waiting_time_Solve] curren pos_it: 5
[Waiting_time_Solve] pushing new path into current solution
[Waiting_time_Solve] New path is consistent after applying waiting time for agent 56
[Current_Solution] Agent 56 used 5 waiting timesteps, 2 remaining
[Waiting_time_Solve] Applied 5 waiting time to segment 56 for agent 56
[Waiting_time_Solve] INFO: not enough waiting time for agent 7 (needs 5, available: 0)
[Waiting_time_Solve] Waiting time applied
[Waiting_time_Solve] Out of waiting time
[Waiting_time_Solve] No solution found
[Waiting_time_Solve] Restoring original paths
[Waiting_time_Solve] Restoring waiting times
[Current_Solution] Restored waiting times from backup
[Current_Solution] Restored paths from backup
[Solve_local_zone] Zone with expansion factor 0failed
[Solve_local_zone] Expanding zone with offset 2 (original: 1)
[Solve_local_zone] Final expanded zone contains 16 positions with 3 conflicts 
[Solve_local_zone] New time window: [15, 21]
[Solve_local_zone] Current local zone size: 16 (1.73536% of all walkable positions)
[Solve_local_zone] Local zone time window: [15, 21]
[Create_Local_problem] Agent 7 contiguous intervals: [21, 21] 
[Create_Local_problem] Agent 7 exited the zone at exit time 21
[Create_Local_problem] Agent 34 contiguous intervals: [16, 21] 
[Create_Local_problem] Agent 34 exited the zone at exit time 21
[Create_Local_problem] Agent 50 contiguous intervals: [17, 21] 
[Create_Local_problem] Agent 50 exited the zone at exit time 21
[Create_Local_problem] Agent 71 contiguous intervals: [15, 21] 
[Create_Local_problem] Agent 71 exited the zone at exit time 21
[Create_Local_problem] Agent 73 contiguous intervals: [15, 21] 
[Create_Local_problem] Agent 73 exited the zone at exit time 21
[Current_Solution] Agent 73 used 11 waiting timesteps, 25 remaining
[Waiting_time_Solve] Total available waiting time: 1803
[Waiting_time_Solve] Iteration 0...
[SAT] Start solving CNF: 230 clauses and 59 variables
[SAT] Solving local zone with SAT iteration 1...
[SAT] Local CNF: 230 clauses 

DEBUG: Adding 230 new clauses to MiniSAT (incremental run)
DEBUG: Clause load summary: input=230, added=230, tautologies_skipped=0, duplicates_skipped=0, unit_clauses=21, empties=0, intra_clause_literals_removed=0, added_but_db_unchanged=19
DEBUG: After adding clauses, solver has 190 clauses and 59 variables
DEBUG: MiniSAT found 59 variables
DEBUG: Assignment size: 59
DEBUG: First few assignment values: 1 1 1 1 1 1 1 1 1 1 

=== DEBUG: cnf_assignment_to_paths ===
Input assignment size: 59

=== END DEBUG ===
[SAT] Found 2 vertex collisions and 3 edge collisions
[SAT] Adding collision clauses and solving again...
[SAT] Solving local zone with SAT iteration 2...
[SAT] Local CNF: 235 clauses 

DEBUG: Adding 5 new clauses to MiniSAT (incremental run)
[SAT] Local problem is unsatisfiable after 2 iterations
[SAT] Local problem appears to be unsatisfiable in current zone
[Waiting_time_Solve] No solution found, trying to apply waiting time:1
[Waiting_time_Solve] Applying waiting time delta 1 to segment 73
[Waiting_time_Solve] Original id: 73
[Create_Local_Problem] MDD already aligned to the time window
[Waiting_time_Solve] Path length: 47
[Waiting_time_Solve] Makespan: 46
[Waiting_time_Solve] Segment exit time: 21
[Waiting_time_Solve] Path length after shifting suffix: 47
[Waiting_time_Solve] path length after inserting segment path: 47
[Waiting_time_Solve] inserting following segments
[Waiting_time_Solve] curren pos_it: 4
[Waiting_time_Solve] pushing new path into current solution
[Waiting_time_Solve] New path is consistent after applying waiting time for agent 73
[Current_Solution] Agent 73 used 1 waiting timesteps, 24 remaining
[Waiting_time_Solve] Applied 1 waiting time to segment 73 for agent 73
[Waiting_time_Solve] Applying waiting time delta 1 to segment 34
[Waiting_time_Solve] Original id: 34
[Create_Local_Problem] MDD already aligned to the time window
[Waiting_time_Solve] Path length: 47
[Waiting_time_Solve] Makespan: 46
[Waiting_time_Solve] Segment exit time: 22
[Waiting_time_Solve] Path length after shifting suffix: 47
[Waiting_time_Solve] path length after inserting segment path: 47
[Waiting_time_Solve] inserting following segments
[Waiting_time_Solve] curren pos_it: 1
[Waiting_time_Solve] pushing new path into current solution
[Waiting_time_Solve] New path is consistent after applying waiting time for agent 34
[Current_Solution] Agent 34 used 1 waiting timesteps, 9 remaining
[Waiting_time_Solve] Applied 1 waiting time to segment 34 for agent 34
[Waiting_time_Solve] Waiting time applied
[Waiting_time_Solve] Extended Zone end time from 21 to 22
[Create_Local_Problem] Agent 7 is being scanned from timestep 22 to 22
[Create_Local_problem] Agent 7 contiguous intervals: [22, 22] 
[Create_Local_problem] Agent 7 exited the zone at exit time 22
[Create_Local_Problem] Agent 7 is continuing in the zone until timestep 22
[Create_Local_Problem] Agent 7old segment entry, exit: 21, 21
[Create_Local_Problem] Agent 7new segment entry, exit: 22, 22
[Create_Local_Problem] Agent 34 is being scanned from timestep 22 to 22
[Create_Local_problem] Agent 34 contiguous intervals: [22, 22] 
[Create_Local_problem] Agent 34 exited the zone at exit time 22
[Create_Local_Problem] Agent 34 is already extended to the end of the previous zone: 22
[Create_Local_Problem] Agent 50 is being scanned from timestep 22 to 22
[Create_Local_problem] Agent 50 contiguous intervals: [22, 22] 
[Create_Local_problem] Agent 50 exited the zone at exit time 22
[Create_Local_Problem] Agent 50 is continuing in the zone until timestep 22
[Create_Local_Problem] Agent 50old segment entry, exit: 17, 21
[Create_Local_Problem] Agent 50new segment entry, exit: 22, 22
[Create_Local_Problem] Agent 73 is being scanned from timestep 22 to 22
[Create_Local_problem] Agent 73 contiguous intervals: [22, 22] 
[Create_Local_problem] Agent 73 exited the zone at exit time 22
[Create_Local_Problem] Agent 73 is continuing in the zone until timestep 22
[Create_Local_Problem] Agent 73old segment entry, exit: 15, 21
[Create_Local_Problem] Agent 73new segment entry, exit: 22, 22
[Waiting_time_Solve] Iteration 1...
[SAT] Start solving CNF: 325 clauses and 79 variables
[SAT] Solving local zone with SAT iteration 1...
[SAT] Local CNF: 330 clauses 

DEBUG: Adding 330 new clauses to MiniSAT (incremental run)
DEBUG: Clause load summary: input=330, added=330, tautologies_skipped=0, duplicates_skipped=0, unit_clauses=19, empties=0, intra_clause_literals_removed=0, added_but_db_unchanged=20
DEBUG: After adding clauses, solver has 291 clauses and 79 variables
DEBUG: MiniSAT found 79 variables
DEBUG: Assignment size: 79
DEBUG: First few assignment values: 1 1 1 1 1 1 1 1 1 1 

=== DEBUG: cnf_assignment_to_paths ===
Input assignment size: 79

=== END DEBUG ===
[SAT] Found 4 vertex collisions and 2 edge collisions
[SAT] Adding collision clauses and solving again...
[SAT] Solving local zone with SAT iteration 2...
[SAT] Local CNF: 336 clauses 

DEBUG: Adding 6 new clauses to MiniSAT (incremental run)
[SAT] Local problem is unsatisfiable after 2 iterations
[SAT] Local problem appears to be unsatisfiable in current zone
[Waiting_time_Solve] No solution found, trying to apply waiting time:2
[Waiting_time_Solve] Applying waiting time delta 2 to segment 34
[Waiting_time_Solve] Original id: 34
[Create_Local_Problem] MDD already aligned to the time window
[Waiting_time_Solve] Path length: 47
[Waiting_time_Solve] Makespan: 46
[Waiting_time_Solve] Segment exit time: 24
[Waiting_time_Solve] Path length after shifting suffix: 47
[Waiting_time_Solve] path length after inserting segment path: 47
[Waiting_time_Solve] inserting following segments
[Waiting_time_Solve] curren pos_it: 1
[Waiting_time_Solve] pushing new path into current solution
[Waiting_time_Solve] New path is consistent after applying waiting time for agent 34
[Current_Solution] Agent 34 used 2 waiting timesteps, 7 remaining
[Waiting_time_Solve] Applied 2 waiting time to segment 34 for agent 34
[Current_Solution] Agent 73 used 0 waiting timesteps, 24 remaining
[Waiting_time_Solve] Applied 0 waiting time to segment 73 for agent 73
[Waiting_time_Solve] Waiting time applied
[Waiting_time_Solve] Extended Zone end time from 22 to 24
[Create_Local_Problem] Agent 7 is being scanned from timestep 23 to 24
[Create_Local_problem] Agent 7 contiguous intervals: [23, 24] 
[Create_Local_problem] Agent 7 exited the zone at exit time 24
[Create_Local_Problem] Agent 7 is continuing in the zone until timestep 24
[Create_Local_Problem] Agent 7old segment entry, exit: 21, 22
[Create_Local_Problem] Agent 7new segment entry, exit: 23, 24
[Create_Local_Problem] Agent 34 is being scanned from timestep 23 to 24
[Create_Local_problem] Agent 34 contiguous intervals: [23, 24] 
[Create_Local_problem] Agent 34 exited the zone at exit time 24
[Create_Local_Problem] Agent 34 is already extended to the end of the previous zone: 24
[Create_Local_Problem] Agent 50 is being scanned from timestep 23 to 24
[Create_Local_problem] Agent 50 contiguous intervals: [23, 23] 
[Create_Local_problem] Agent 50 exited the zone at exit time 23
[Create_Local_Problem] Agent 50 is continuing in the zone until timestep 23
[Create_Local_Problem] Agent 50old segment entry, exit: 17, 22
[Create_Local_Problem] Agent 50new segment entry, exit: 23, 23
[Create_Local_Problem] Agent 56 is being scanned from timestep 23 to 24
[Create_Local_problem] Agent 56 contiguous intervals: [24, 24] 
[Create_Local_problem] Agent 56 exited the zone at exit time 24
[Create_Local_Problem] Agent 56 is new in the zone
[Create_Local_Problem] Agent 73 is being scanned from timestep 23 to 24
[Create_Local_problem] Agent 73 contiguous intervals: [23, 24] 
[Create_Local_problem] Agent 73 exited the zone at exit time 24
[Create_Local_Problem] Agent 73 is continuing in the zone until timestep 24
[Create_Local_Problem] Agent 73old segment entry, exit: 15, 22
[Create_Local_Problem] Agent 73new segment entry, exit: 23, 24
[Current_Solution] Agent 73 used 2 waiting timesteps, 22 remaining
[Waiting_time_Solve] Iteration 2...
[SAT] Start solving CNF: 726 clauses and 143 variables
[SAT] Solving local zone with SAT iteration 1...
[SAT] Local CNF: 737 clauses 

DEBUG: Adding 737 new clauses to MiniSAT (incremental run)
DEBUG: Clause load summary: input=737, added=737, tautologies_skipped=0, duplicates_skipped=0, unit_clauses=23, empties=0, intra_clause_literals_removed=0, added_but_db_unchanged=29
DEBUG: After adding clauses, solver has 685 clauses and 143 variables
DEBUG: MiniSAT found 143 variables
DEBUG: Assignment size: 143
DEBUG: First few assignment values: 1 1 1 1 1 1 1 1 1 1 

=== DEBUG: cnf_assignment_to_paths ===
Input assignment size: 143

=== END DEBUG ===
[SAT] Found 4 vertex collisions and 3 edge collisions
[SAT] Adding collision clauses and solving again...
[SAT] Solving local zone with SAT iteration 2...
[SAT] Local CNF: 744 clauses 

DEBUG: Adding 7 new clauses to MiniSAT (incremental run)
DEBUG: Clause load summary: input=7, added=7, tautologies_skipped=0, duplicates_skipped=0, unit_clauses=0, empties=0, intra_clause_literals_removed=0, added_but_db_unchanged=5
DEBUG: After adding clauses, solver has 645 clauses and 143 variables
DEBUG: MiniSAT found 143 variables
DEBUG: Assignment size: 143
DEBUG: First few assignment values: 1 1 1 1 1 1 1 1 1 1 

=== DEBUG: cnf_assignment_to_paths ===
Input assignment size: 143

=== END DEBUG ===
[SAT] Found 3 vertex collisions and 1 edge collisions
[SAT] Adding collision clauses and solving again...
[SAT] Solving local zone with SAT iteration 3...
[SAT] Local CNF: 748 clauses 

DEBUG: Adding 4 new clauses to MiniSAT (incremental run)
[SAT] Local problem is unsatisfiable after 3 iterations
[SAT] Local problem appears to be unsatisfiable in current zone
[Waiting_time_Solve] No solution found, trying to apply waiting time:3
[Waiting_time_Solve] Applying waiting time delta 3 to segment 34
[Waiting_time_Solve] Original id: 34
[Create_Local_Problem] MDD already aligned to the time window
[Waiting_time_Solve] Path length: 47
[Waiting_time_Solve] Makespan: 46
[Waiting_time_Solve] Segment exit time: 27
[Waiting_time_Solve] Path length after shifting suffix: 47
[Waiting_time_Solve] path length after inserting segment path: 47
[Waiting_time_Solve] inserting following segments
[Waiting_time_Solve] curren pos_it: 1
[Waiting_time_Solve] pushing new path into current solution
[Waiting_time_Solve] New path is consistent after applying waiting time for agent 34
[Current_Solution] Agent 34 used 3 waiting timesteps, 4 remaining
[Waiting_time_Solve] Applied 3 waiting time to segment 34 for agent 34
[Current_Solution] Agent 73 used 0 waiting timesteps, 22 remaining
[Waiting_time_Solve] Applied 0 waiting time to segment 73 for agent 73
[Waiting_time_Solve] Waiting time applied
[Waiting_time_Solve] Extended Zone end time from 24 to 27
[Create_Local_Problem] Agent 7 is being scanned from timestep 25 to 27
[Create_Local_problem] Agent 7 contiguous intervals: [25, 27] 
[Create_Local_problem] Agent 7 exited the zone at exit time 27
[Create_Local_Problem] Agent 7 is continuing in the zone until timestep 27
[Create_Local_Problem] Agent 7old segment entry, exit: 21, 24
[Create_Local_Problem] Agent 7new segment entry, exit: 25, 27
[Create_Local_Problem] Agent 14 is being scanned from timestep 25 to 27
[Create_Local_problem] Agent 14 contiguous intervals: [27, 27] 
[Create_Local_problem] Agent 14 exited the zone at exit time 27
[Create_Local_Problem] Agent 14 is new in the zone
[Create_Local_Problem] Agent 34 is being scanned from timestep 25 to 27
[Create_Local_problem] Agent 34 contiguous intervals: [25, 27] 
[Create_Local_problem] Agent 34 exited the zone at exit time 27
[Create_Local_Problem] Agent 34 is already extended to the end of the previous zone: 27
[Create_Local_Problem] Agent 56 is being scanned from timestep 25 to 27
[Create_Local_problem] Agent 56 contiguous intervals: [25, 27] 
[Create_Local_problem] Agent 56 exited the zone at exit time 27
[Create_Local_Problem] Agent 56 is continuing in the zone until timestep 27
[Create_Local_Problem] Agent 56old segment entry, exit: 24, 24
[Create_Local_Problem] Agent 56new segment entry, exit: 25, 27
[Create_Local_Problem] Agent 73 is being scanned from timestep 25 to 27
[Create_Local_problem] Agent 73 contiguous intervals: [25, 27] 
[Create_Local_problem] Agent 73 exited the zone at exit time 27
[Create_Local_Problem] Agent 73 is continuing in the zone until timestep 27
[Create_Local_Problem] Agent 73old segment entry, exit: 15, 24
[Create_Local_Problem] Agent 73new segment entry, exit: 25, 27
[Current_Solution] Agent 73 used 3 waiting timesteps, 19 remaining
[Waiting_time_Solve] Iteration 3...
[SAT] Start solving CNF: 1513 clauses and 248 variables
[SAT] Solving local zone with SAT iteration 1...
[SAT] Local CNF: 1535 clauses 

DEBUG: Adding 1535 new clauses to MiniSAT (incremental run)
DEBUG: Clause load summary: input=1535, added=1535, tautologies_skipped=0, duplicates_skipped=0, unit_clauses=28, empties=0, intra_clause_literals_removed=0, added_but_db_unchanged=44
DEBUG: After adding clauses, solver has 1463 clauses and 248 variables
DEBUG: MiniSAT found 248 variables
DEBUG: Assignment size: 248
DEBUG: First few assignment values: 1 1 1 0 1 1 1 1 1 1 

=== DEBUG: cnf_assignment_to_paths ===
Input assignment size: 248

=== END DEBUG ===
[SAT] Found 2 vertex collisions and 2 edge collisions
[SAT] Adding collision clauses and solving again...
[SAT] Solving local zone with SAT iteration 2...
[SAT] Local CNF: 1539 clauses 

DEBUG: Adding 4 new clauses to MiniSAT (incremental run)
DEBUG: Clause load summary: input=4, added=4, tautologies_skipped=0, duplicates_skipped=0, unit_clauses=0, empties=0, intra_clause_literals_removed=0, added_but_db_unchanged=1
DEBUG: After adding clauses, solver has 1324 clauses and 248 variables
DEBUG: MiniSAT found 248 variables
DEBUG: Assignment size: 248
DEBUG: First few assignment values: 1 1 1 0 1 1 1 1 1 1 

=== DEBUG: cnf_assignment_to_paths ===
Input assignment size: 248

=== END DEBUG ===
[SAT] Found 0 vertex collisions and 3 edge collisions
[SAT] Adding collision clauses and solving again...
[SAT] Solving local zone with SAT iteration 3...
[SAT] Local CNF: 1542 clauses 

DEBUG: Adding 3 new clauses to MiniSAT (incremental run)
DEBUG: Clause load summary: input=3, added=3, tautologies_skipped=0, duplicates_skipped=0, unit_clauses=0, empties=0, intra_clause_literals_removed=0, added_but_db_unchanged=0
DEBUG: After adding clauses, solver has 1327 clauses and 248 variables
DEBUG: MiniSAT found 248 variables
DEBUG: Assignment size: 248
DEBUG: First few assignment values: 1 1 1 0 1 1 1 1 1 1 

=== DEBUG: cnf_assignment_to_paths ===
Input assignment size: 248

=== END DEBUG ===
[SAT] Found 2 vertex collisions and 1 edge collisions
[SAT] Adding collision clauses and solving again...
[SAT] Solving local zone with SAT iteration 4...
[SAT] Local CNF: 1545 clauses 

DEBUG: Adding 3 new clauses to MiniSAT (incremental run)
[SAT] Local problem is unsatisfiable after 4 iterations
[SAT] Local problem appears to be unsatisfiable in current zone
[Waiting_time_Solve] No solution found, trying to apply waiting time:4
[Waiting_time_Solve] Applying waiting time delta 4 to segment 34
[Waiting_time_Solve] Original id: 34
[Create_Local_Problem] MDD already aligned to the time window
[Waiting_time_Solve] Path length: 47
[Waiting_time_Solve] Makespan: 46
[Waiting_time_Solve] Segment exit time: 31
[Waiting_time_Solve] Path length after shifting suffix: 47
[Waiting_time_Solve] path length after inserting segment path: 47
[Waiting_time_Solve] inserting following segments
[Waiting_time_Solve] curren pos_it: 1
[Waiting_time_Solve] pushing new path into current solution
[Waiting_time_Solve] New path is consistent after applying waiting time for agent 34
[Current_Solution] Agent 34 used 4 waiting timesteps, 0 remaining
[Waiting_time_Solve] Applied 4 waiting time to segment 34 for agent 34
[Waiting_time_Solve] Waiting time applied
[Waiting_time_Solve] Extended Zone end time from 27 to 31
[Create_Local_Problem] Agent 34 is being scanned from timestep 28 to 31
[Create_Local_problem] Agent 34 contiguous intervals: [28, 31] 
[Create_Local_problem] Agent 34 exited the zone at exit time 31
[Create_Local_Problem] Agent 34 is already extended to the end of the previous zone: 31
[Create_Local_Problem] Agent 43 is being scanned from timestep 28 to 31
[Create_Local_problem] Agent 43 contiguous intervals: [28, 28] 
[Create_Local_problem] Agent 43 exited the zone at exit time 28
[Create_Local_Problem] Agent 43 is new in the zone
[Create_Local_Problem] Agent 56 is being scanned from timestep 28 to 31
[Create_Local_problem] Agent 56 contiguous intervals: [28, 28] 
[Create_Local_problem] Agent 56 exited the zone at exit time 28
[Create_Local_Problem] Agent 56 is continuing in the zone until timestep 28
[Create_Local_Problem] Agent 56old segment entry, exit: 24, 27
[Create_Local_Problem] Agent 56new segment entry, exit: 28, 28
[Create_Local_Problem] Agent 61 is being scanned from timestep 28 to 31
[Create_Local_problem] Agent 61 contiguous intervals: [31, 31] 
[Create_Local_problem] Agent 61 exited the zone at exit time 31
[Create_Local_Problem] Agent 61 is new in the zone
[Create_Local_Problem] Agent 73 is being scanned from timestep 28 to 31
[Create_Local_problem] Agent 73 contiguous intervals: [28, 31] 
[Create_Local_problem] Agent 73 exited the zone at exit time 31
[Create_Local_Problem] Agent 73 is continuing in the zone until timestep 31
[Create_Local_Problem] Agent 73old segment entry, exit: 15, 27
[Create_Local_Problem] Agent 73new segment entry, exit: 28, 31
[Current_Solution] Agent 73 used 4 waiting timesteps, 15 remaining
[Waiting_time_Solve] Iteration 4...
[SAT] Start solving CNF: 2613 clauses and 379 variables
[SAT] Solving local zone with SAT iteration 1...
[SAT] Local CNF: 2645 clauses 

DEBUG: Adding 2645 new clauses to MiniSAT (incremental run)
DEBUG: Clause load summary: input=2645, added=2645, tautologies_skipped=0, duplicates_skipped=0, unit_clauses=31, empties=0, intra_clause_literals_removed=0, added_but_db_unchanged=48
DEBUG: After adding clauses, solver has 2566 clauses and 379 variables
DEBUG: MiniSAT found 379 variables
DEBUG: Assignment size: 379
DEBUG: First few assignment values: 1 1 1 1 1 0 1 1 1 1 

=== DEBUG: cnf_assignment_to_paths ===
Input assignment size: 379

=== END DEBUG ===
[SAT] Found 2 vertex collisions and 3 edge collisions
[SAT] Adding collision clauses and solving again...
[SAT] Solving local zone with SAT iteration 2...
[SAT] Local CNF: 2650 clauses 

DEBUG: Adding 5 new clauses to MiniSAT (incremental run)
DEBUG: Clause load summary: input=5, added=5, tautologies_skipped=0, duplicates_skipped=0, unit_clauses=0, empties=0, intra_clause_literals_removed=0, added_but_db_unchanged=1
DEBUG: After adding clauses, solver has 2377 clauses and 379 variables
DEBUG: MiniSAT found 379 variables
DEBUG: Assignment size: 379
DEBUG: First few assignment values: 1 1 1 1 1 0 1 1 1 1 

=== DEBUG: cnf_assignment_to_paths ===
Input assignment size: 379

=== END DEBUG ===
[SAT] Found 1 vertex collisions and 1 edge collisions
[SAT] Adding collision clauses and solving again...
[SAT] Solving local zone with SAT iteration 3...
[SAT] Local CNF: 2652 clauses 

DEBUG: Adding 2 new clauses to MiniSAT (incremental run)
DEBUG: Clause load summary: input=2, added=2, tautologies_skipped=0, duplicates_skipped=0, unit_clauses=0, empties=0, intra_clause_literals_removed=0, added_but_db_unchanged=1
DEBUG: After adding clauses, solver has 2378 clauses and 379 variables
DEBUG: MiniSAT found 379 variables
DEBUG: Assignment size: 379
DEBUG: First few assignment values: 1 1 1 1 1 0 1 1 1 1 

=== DEBUG: cnf_assignment_to_paths ===
Input assignment size: 379

=== END DEBUG ===
[SAT] Found 2 vertex collisions and 0 edge collisions
[SAT] Adding collision clauses and solving again...
[SAT] Solving local zone with SAT iteration 4...
[SAT] Local CNF: 2654 clauses 

DEBUG: Adding 2 new clauses to MiniSAT (incremental run)
DEBUG: Clause load summary: input=2, added=2, tautologies_skipped=0, duplicates_skipped=0, unit_clauses=0, empties=0, intra_clause_literals_removed=0, added_but_db_unchanged=1
DEBUG: After adding clauses, solver has 2379 clauses and 379 variables
DEBUG: MiniSAT found 379 variables
DEBUG: Assignment size: 379
DEBUG: First few assignment values: 1 1 1 1 1 0 1 1 1 1 

=== DEBUG: cnf_assignment_to_paths ===
Input assignment size: 379

=== END DEBUG ===
[SAT] Found 0 vertex collisions and 0 edge collisions
[SAT] Found collision-free local solution!
[Waiting_time_Solve] Solution found, updating global solution
[LNS] Updating global solution with pseudo-agent local paths...
[Current_Solution] Updating global solution for agent 61
[Current_Solution] Global solution is consistent after updating with local path
[LNS] Successfully updated global solution with pseudo-agent local paths!
[Current_Solution] Updating global solution for agent 14
[Current_Solution] Global solution is consistent after updating with local path
[LNS] Successfully updated global solution with pseudo-agent local paths!
[Current_Solution] Updating global solution for agent 43
[Current_Solution] Global solution is consistent after updating with local path
[LNS] Successfully updated global solution with pseudo-agent local paths!
[Current_Solution] Updating global solution for agent 56
[Current_Solution] INFO: Segment 56 exit adjusted from 24 to 28 due to waiting time
[Current_Solution] Segment 56 lengthened by 4 timesteps; shifting suffix
[Current_Solution] Global solution is consistent before shifting suffix
[Current_Solution] Global solution is consistent after shifting suffix
[Current_Solution] Global solution is consistent after updating with local path
[LNS] Successfully updated global solution with pseudo-agent local paths!
[Current_Solution] Updating global solution for agent 71
[Current_Solution] Global solution is consistent after updating with local path
[LNS] Successfully updated global solution with pseudo-agent local paths!
[Current_Solution] Updating global solution for agent 50
[Current_Solution] INFO: Segment 50 exit adjusted from 21 to 23 due to waiting time
[Current_Solution] Segment 50 lengthened by 2 timesteps; shifting suffix
[Current_Solution] Global solution is consistent before shifting suffix
[Current_Solution] Global solution is consistent after shifting suffix
[Current_Solution] Global solution is consistent after updating with local path
[LNS] Successfully updated global solution with pseudo-agent local paths!
[Current_Solution] Updating global solution for agent 73
[Current_Solution] INFO: Segment 73 exit adjusted from 21 to 31 due to waiting time
[Current_Solution] Segment 73 lengthened by 10 timesteps; shifting suffix
[Current_Solution] Global solution is consistent before shifting suffix
[Current_Solution] Global solution is consistent after shifting suffix
[Current_Solution] Global solution is consistent after updating with local path
[LNS] Successfully updated global solution with pseudo-agent local paths!
[Current_Solution] Updating global solution for agent 34
[Current_Solution] INFO: Segment 34 exit adjusted from 21 to 31 due to waiting time
[Current_Solution] Segment 34 lengthened by 10 timesteps; shifting suffix
[Current_Solution] Global solution is consistent before shifting suffix
[Current_Solution] Global solution is consistent after shifting suffix
[Current_Solution] Global solution is consistent after updating with local path
[LNS] Successfully updated global solution with pseudo-agent local paths!
[Current_Solution] Updating global solution for agent 7
[Current_Solution] INFO: Segment 7 exit adjusted from 21 to 27 due to waiting time
[Current_Solution] Segment 7 lengthened by 6 timesteps; shifting suffix
[Current_Solution] Global solution is consistent before shifting suffix
[Current_Solution] Global solution is consistent after shifting suffix
[Current_Solution] Global solution is consistent after updating with local path
[LNS] Successfully updated global solution with pseudo-agent local paths!
[LNS] Updating path map with new local paths...
[LNS] Successfully updated global solution with local paths and pseudo agents!
[Solve_local_zone] Successfully solved local zone
[LNS] Successfully solved local zone
[LNS] Analyzing conflicts...
[LNS] Current solution: vertex collisions=45, edge collisions=5
[LNS] Creating conflict buckets...
[LOCAL ZONE] Building diamond bucket for conflict 0
[LOCAL ZONE] Built diamond bucket for conflict 0 with 5 positions, 1 conflicts, 17 - 17 time window
[LOCAL ZONE] Building diamond bucket for conflict 1
[LOCAL ZONE] Built diamond bucket for conflict 1 with 5 positions, 3 conflicts, 17 - 17 time window
[LOCAL ZONE] Building diamond bucket for conflict 4
[LOCAL ZONE] Built diamond bucket for conflict 4 with 5 positions, 1 conflicts, 17 - 17 time window
[LNS] Selected most relevant bucket 1 with time window: 17 - 17, 3 conflicts and 5 positions.
[LNS] Solving the best bucket Local Zone...
[Solve_local_zone] Current local zone size: 5 (0.542299% of all walkable positions)
[Solve_local_zone] Local zone time window: [16, 18]
[Create_Local_problem] Agent 42 contiguous intervals: [16, 18] 
[Create_Local_problem] Agent 42 exited the zone at exit time 18
[Create_Local_problem] Agent 52 contiguous intervals: [16, 18] 
[Create_Local_problem] Agent 52 exited the zone at exit time 18
[Create_Local_problem] Agent 58 contiguous intervals: [16, 18] 
[Create_Local_problem] Agent 58 exited the zone at exit time 18
[Current_Solution] Agent 58 used 17 waiting timesteps, 28 remaining
[Waiting_time_Solve] Total available waiting time: 1766
[Waiting_time_Solve] Iteration 0...
[SAT] Start solving CNF: 29 clauses and 13 variables
[SAT] Solving local zone with SAT iteration 1...
[SAT] Local CNF: 29 clauses 

DEBUG: Adding 29 new clauses to MiniSAT (incremental run)
DEBUG: Clause load summary: input=29, added=29, tautologies_skipped=0, duplicates_skipped=0, unit_clauses=8, empties=0, intra_clause_literals_removed=0, added_but_db_unchanged=9
DEBUG: After adding clauses, solver has 12 clauses and 13 variables
DEBUG: MiniSAT found 13 variables
DEBUG: Assignment size: 13
DEBUG: First few assignment values: 1 0 1 0 0 0 1 1 1 1 

=== DEBUG: cnf_assignment_to_paths ===
Input assignment size: 13

=== END DEBUG ===
[SAT] Found 1 vertex collisions and 1 edge collisions
[SAT] Adding collision clauses and solving again...
[SAT] Solving local zone with SAT iteration 2...
[SAT] Local CNF: 31 clauses 

DEBUG: Adding 2 new clauses to MiniSAT (incremental run)
[SAT] Local problem is unsatisfiable after 2 iterations
[SAT] Local problem appears to be unsatisfiable in current zone
[Waiting_time_Solve] No solution found, trying to apply waiting time:1
[Waiting_time_Solve] Applying waiting time delta 1 to segment 42
[Waiting_time_Solve] Original id: 42
[Create_Local_Problem] MDD already aligned to the time window
[Waiting_time_Solve] Path length: 47
[Waiting_time_Solve] Makespan: 46
[Waiting_time_Solve] Segment exit time: 19
[Waiting_time_Solve] Path length after shifting suffix: 47
[Waiting_time_Solve] path length after inserting segment path: 47
[Waiting_time_Solve] inserting following segments
[Waiting_time_Solve] curren pos_it: 0
[Waiting_time_Solve] pushing new path into current solution
[Waiting_time_Solve] New path is consistent after applying waiting time for agent 42
[Current_Solution] Agent 42 used 1 waiting timesteps, 26 remaining
[Waiting_time_Solve] Applied 1 waiting time to segment 42 for agent 42
[Current_Solution] Agent 58 used 0 waiting timesteps, 28 remaining
[Waiting_time_Solve] Applied 0 waiting time to segment 58 for agent 58
[Waiting_time_Solve] Waiting time applied
[Waiting_time_Solve] Extended Zone end time from 18 to 19
[Create_Local_Problem] Agent 42 is being scanned from timestep 19 to 19
[Create_Local_problem] Agent 42 contiguous intervals: [19, 19] 
[Create_Local_problem] Agent 42 exited the zone at exit time 19
[Create_Local_Problem] Agent 42 is already extended to the end of the previous zone: 19
[Create_Local_Problem] Agent 58 is being scanned from timestep 19 to 19
[Create_Local_problem] Agent 58 contiguous intervals: [19, 19] 
[Create_Local_problem] Agent 58 exited the zone at exit time 19
[Create_Local_Problem] Agent 58 is continuing in the zone until timestep 19
[Create_Local_Problem] Agent 58old segment entry, exit: 16, 18
[Create_Local_Problem] Agent 58new segment entry, exit: 19, 19
[Current_Solution] Agent 58 used 1 waiting timesteps, 27 remaining
[Waiting_time_Solve] Iteration 1...
[SAT] Start solving CNF: 51 clauses and 21 variables
[SAT] Solving local zone with SAT iteration 1...
[SAT] Local CNF: 53 clauses 

DEBUG: Adding 53 new clauses to MiniSAT (incremental run)
DEBUG: Clause load summary: input=53, added=53, tautologies_skipped=0, duplicates_skipped=0, unit_clauses=7, empties=0, intra_clause_literals_removed=0, added_but_db_unchanged=10
DEBUG: After adding clauses, solver has 36 clauses and 21 variables
DEBUG: MiniSAT found 21 variables
DEBUG: Assignment size: 21
DEBUG: First few assignment values: 1 0 0 1 0 0 1 0 0 0 

=== DEBUG: cnf_assignment_to_paths ===
Input assignment size: 21

=== END DEBUG ===
[SAT] Found 1 vertex collisions and 0 edge collisions
[SAT] Adding collision clauses and solving again...
[SAT] Solving local zone with SAT iteration 2...
[SAT] Local CNF: 54 clauses 

DEBUG: Adding 1 new clauses to MiniSAT (incremental run)
DEBUG: Clause load summary: input=1, added=1, tautologies_skipped=0, duplicates_skipped=0, unit_clauses=0, empties=0, intra_clause_literals_removed=0, added_but_db_unchanged=1
DEBUG: After adding clauses, solver has 29 clauses and 21 variables
DEBUG: MiniSAT found 21 variables
DEBUG: Assignment size: 21
DEBUG: First few assignment values: 1 0 0 1 0 0 0 0 0 1 

=== DEBUG: cnf_assignment_to_paths ===
Input assignment size: 21

=== END DEBUG ===
[SAT] Found 0 vertex collisions and 1 edge collisions
[SAT] Adding collision clauses and solving again...
[SAT] Solving local zone with SAT iteration 3...
[SAT] Local CNF: 55 clauses 

DEBUG: Adding 1 new clauses to MiniSAT (incremental run)
DEBUG: Clause load summary: input=1, added=1, tautologies_skipped=0, duplicates_skipped=0, unit_clauses=0, empties=0, intra_clause_literals_removed=0, added_but_db_unchanged=1
DEBUG: After adding clauses, solver has 29 clauses and 21 variables
DEBUG: MiniSAT found 21 variables
DEBUG: Assignment size: 21
DEBUG: First few assignment values: 1 0 0 0 0 1 0 0 1 0 

=== DEBUG: cnf_assignment_to_paths ===
Input assignment size: 21

=== END DEBUG ===
[SAT] Found 2 vertex collisions and 0 edge collisions
[SAT] Adding collision clauses and solving again...
[SAT] Solving local zone with SAT iteration 4...
[SAT] Local CNF: 57 clauses 

DEBUG: Adding 2 new clauses to MiniSAT (incremental run)
DEBUG: Clause load summary: input=2, added=2, tautologies_skipped=0, duplicates_skipped=0, unit_clauses=0, empties=0, intra_clause_literals_removed=0, added_but_db_unchanged=2
DEBUG: After adding clauses, solver has 29 clauses and 21 variables
DEBUG: MiniSAT found 21 variables
DEBUG: Assignment size: 21
DEBUG: First few assignment values: 1 1 0 0 0 0 0 1 0 0 

=== DEBUG: cnf_assignment_to_paths ===
Input assignment size: 21

=== END DEBUG ===
[SAT] Found 0 vertex collisions and 1 edge collisions
[SAT] Adding collision clauses and solving again...
[SAT] Solving local zone with SAT iteration 5...
[SAT] Local CNF: 58 clauses 

DEBUG: Adding 1 new clauses to MiniSAT (incremental run)
DEBUG: Clause load summary: input=1, added=1, tautologies_skipped=0, duplicates_skipped=0, unit_clauses=0, empties=0, intra_clause_literals_removed=0, added_but_db_unchanged=1
DEBUG: After adding clauses, solver has 29 clauses and 21 variables
DEBUG: MiniSAT found 21 variables
DEBUG: Assignment size: 21
DEBUG: First few assignment values: 1 0 0 0 1 0 0 0 0 0 

=== DEBUG: cnf_assignment_to_paths ===
Input assignment size: 21

=== END DEBUG ===
[SAT] Found 1 vertex collisions and 0 edge collisions
[SAT] Adding collision clauses and solving again...
[SAT] Solving local zone with SAT iteration 6...
[SAT] Local CNF: 59 clauses 

DEBUG: Adding 1 new clauses to MiniSAT (incremental run)
[SAT] Local problem is unsatisfiable after 6 iterations
[SAT] Local problem appears to be unsatisfiable in current zone
[Waiting_time_Solve] No solution found, trying to apply waiting time:2
[Current_Solution] Agent 58 used 0 waiting timesteps, 27 remaining
[Waiting_time_Solve] Applied 0 waiting time to segment 58 for agent 58
[Waiting_time_Solve] Waiting time applied
[Waiting_time_Solve] Iteration 2...
[SAT] Start solving CNF: 51 clauses and 21 variables
[SAT] Solving local zone with SAT iteration 1...
[SAT] Local CNF: 59 clauses 

DEBUG: Adding 59 new clauses to MiniSAT (incremental run)
[SAT] Local problem is unsatisfiable after 1 iterations
[SAT] Local problem appears to be unsatisfiable in current zone
[Waiting_time_Solve] No solution found, trying to apply waiting time:3
[Waiting_time_Solve] No waiting time applied
[Waiting_time_Solve] No solution found
[Waiting_time_Solve] Restoring original paths
[Waiting_time_Solve] Restoring waiting times
[Current_Solution] Restored waiting times from backup
[Current_Solution] Restored paths from backup
[Solve_local_zone] Zone with expansion factor 0failed
[Solve_local_zone] Expanding zone with offset 2 (original: 1)
[Solve_local_zone] Final expanded zone contains 12 positions with 3 conflicts 
[Solve_local_zone] New time window: [15, 19]
[Solve_local_zone] Current local zone size: 12 (1.30152% of all walkable positions)
[Solve_local_zone] Local zone time window: [15, 19]
[Create_Local_problem] Agent 8 contiguous intervals: [16, 16] 
[Create_Local_problem] Agent 8 exited the zone at exit time 16
[Create_Local_problem] Agent 37 contiguous intervals: [15, 19] 
[Create_Local_problem] Agent 37 exited the zone at exit time 19
[Current_Solution] Agent 37 used 8 waiting timesteps, 27 remaining
[Create_Local_problem] Agent 39 contiguous intervals: [19, 19] 
[Create_Local_problem] Agent 39 exited the zone at exit time 19
[Create_Local_problem] Agent 41 contiguous intervals: [15, 15] 
[Create_Local_problem] Agent 41 exited the zone at exit time 15
[Create_Local_problem] Agent 42 contiguous intervals: [15, 19] 
[Create_Local_problem] Agent 42 exited the zone at exit time 19
[Create_Local_problem] Agent 52 contiguous intervals: [15, 19] 
[Create_Local_problem] Agent 52 exited the zone at exit time 19
[Create_Local_problem] Agent 58 contiguous intervals: [15, 19] 
[Create_Local_problem] Agent 58 exited the zone at exit time 19
[Current_Solution] Agent 58 used 18 waiting timesteps, 27 remaining
[Waiting_time_Solve] Total available waiting time: 1757
[Waiting_time_Solve] Iteration 0...
[SAT] Start solving CNF: 167 clauses and 52 variables
[SAT] Solving local zone with SAT iteration 1...
[SAT] Local CNF: 167 clauses 

DEBUG: Adding 167 new clauses to MiniSAT (incremental run)
DEBUG: Clause load summary: input=167, added=167, tautologies_skipped=0, duplicates_skipped=0, unit_clauses=12, empties=0, intra_clause_literals_removed=0, added_but_db_unchanged=12
DEBUG: After adding clauses, solver has 143 clauses and 52 variables
DEBUG: MiniSAT found 52 variables
DEBUG: Assignment size: 52
DEBUG: First few assignment values: 1 0 0 0 1 0 0 1 0 0 

=== DEBUG: cnf_assignment_to_paths ===
Input assignment size: 52

=== END DEBUG ===
[SAT] Found 4 vertex collisions and 0 edge collisions
[SAT] Adding collision clauses and solving again...
[SAT] Solving local zone with SAT iteration 2...
[SAT] Local CNF: 171 clauses 

DEBUG: Adding 4 new clauses to MiniSAT (incremental run)
DEBUG: Clause load summary: input=4, added=4, tautologies_skipped=0, duplicates_skipped=0, unit_clauses=0, empties=0, intra_clause_literals_removed=0, added_but_db_unchanged=0
DEBUG: After adding clauses, solver has 147 clauses and 52 variables
DEBUG: MiniSAT found 52 variables
DEBUG: Assignment size: 52
DEBUG: First few assignment values: 1 0 0 0 1 0 0 1 0 0 

=== DEBUG: cnf_assignment_to_paths ===
Input assignment size: 52

=== END DEBUG ===
[SAT] Found 1 vertex collisions and 0 edge collisions
[SAT] Adding collision clauses and solving again...
[SAT] Solving local zone with SAT iteration 3...
[SAT] Local CNF: 172 clauses 

DEBUG: Adding 1 new clauses to MiniSAT (incremental run)
DEBUG: Clause load summary: input=1, added=1, tautologies_skipped=0, duplicates_skipped=0, unit_clauses=0, empties=0, intra_clause_literals_removed=0, added_but_db_unchanged=0
DEBUG: After adding clauses, solver has 148 clauses and 52 variables
DEBUG: MiniSAT found 52 variables
DEBUG: Assignment size: 52
DEBUG: First few assignment values: 1 0 0 0 1 0 0 1 0 0 

=== DEBUG: cnf_assignment_to_paths ===
Input assignment size: 52

=== END DEBUG ===
[SAT] Found 1 vertex collisions and 0 edge collisions
[SAT] Adding collision clauses and solving again...
[SAT] Solving local zone with SAT iteration 4...
[SAT] Local CNF: 173 clauses 

DEBUG: Adding 1 new clauses to MiniSAT (incremental run)
DEBUG: Clause load summary: input=1, added=1, tautologies_skipped=0, duplicates_skipped=0, unit_clauses=0, empties=0, intra_clause_literals_removed=0, added_but_db_unchanged=0
DEBUG: After adding clauses, solver has 149 clauses and 52 variables
DEBUG: MiniSAT found 52 variables
DEBUG: Assignment size: 52
DEBUG: First few assignment values: 1 0 0 0 1 0 0 0 0 0 

=== DEBUG: cnf_assignment_to_paths ===
Input assignment size: 52

=== END DEBUG ===
[SAT] Found 1 vertex collisions and 0 edge collisions
[SAT] Adding collision clauses and solving again...
[SAT] Solving local zone with SAT iteration 5...
[SAT] Local CNF: 174 clauses 

DEBUG: Adding 1 new clauses to MiniSAT (incremental run)
DEBUG: Clause load summary: input=1, added=1, tautologies_skipped=0, duplicates_skipped=0, unit_clauses=0, empties=0, intra_clause_literals_removed=0, added_but_db_unchanged=0
DEBUG: After adding clauses, solver has 150 clauses and 52 variables
DEBUG: MiniSAT found 52 variables
DEBUG: Assignment size: 52
DEBUG: First few assignment values: 1 0 0 0 1 0 0 0 0 0 

=== DEBUG: cnf_assignment_to_paths ===
Input assignment size: 52

=== END DEBUG ===
[SAT] Found 1 vertex collisions and 0 edge collisions
[SAT] Adding collision clauses and solving again...
[SAT] Solving local zone with SAT iteration 6...
[SAT] Local CNF: 175 clauses 

DEBUG: Adding 1 new clauses to MiniSAT (incremental run)
DEBUG: Clause load summary: input=1, added=1, tautologies_skipped=0, duplicates_skipped=0, unit_clauses=0, empties=0, intra_clause_literals_removed=0, added_but_db_unchanged=0
DEBUG: After adding clauses, solver has 151 clauses and 52 variables
DEBUG: MiniSAT found 52 variables
DEBUG: Assignment size: 52
DEBUG: First few assignment values: 1 0 0 0 1 0 0 0 0 0 

=== DEBUG: cnf_assignment_to_paths ===
Input assignment size: 52

=== END DEBUG ===
[SAT] Found 0 vertex collisions and 0 edge collisions
[SAT] Found collision-free local solution!
[Waiting_time_Solve] Solution found, updating global solution
[LNS] Updating global solution with pseudo-agent local paths...
[Current_Solution] Updating global solution for agent 58
[Current_Solution] Global solution is consistent after updating with local path
[LNS] Successfully updated global solution with pseudo-agent local paths!
[Current_Solution] Updating global solution for agent 42
[Current_Solution] Global solution is consistent after updating with local path
[LNS] Successfully updated global solution with pseudo-agent local paths!
[Current_Solution] Updating global solution for agent 41
[Current_Solution] Global solution is consistent after updating with local path
[LNS] Successfully updated global solution with pseudo-agent local paths!
[Current_Solution] Updating global solution for agent 52
[Current_Solution] Global solution is consistent after updating with local path
[LNS] Successfully updated global solution with pseudo-agent local paths!
[Current_Solution] Updating global solution for agent 39
[Current_Solution] Global solution is consistent after updating with local path
[LNS] Successfully updated global solution with pseudo-agent local paths!
[Current_Solution] Updating global solution for agent 37
[Current_Solution] Global solution is consistent after updating with local path
[LNS] Successfully updated global solution with pseudo-agent local paths!
[Current_Solution] Updating global solution for agent 8
[Current_Solution] Global solution is consistent after updating with local path
[LNS] Successfully updated global solution with pseudo-agent local paths!
[LNS] Updating path map with new local paths...
[LNS] Successfully updated global solution with local paths and pseudo agents!
[Solve_local_zone] Successfully solved local zone
[LNS] Successfully solved local zone
[LNS] Analyzing conflicts...
[LNS] Current solution: vertex collisions=42, edge collisions=5
[LNS] Creating conflict buckets...
[LOCAL ZONE] Building diamond bucket for conflict 0
[LOCAL ZONE] Built diamond bucket for conflict 0 with 5 positions, 1 conflicts, 17 - 17 time window
[LOCAL ZONE] Building diamond bucket for conflict 1
[LOCAL ZONE] Built diamond bucket for conflict 1 with 5 positions, 1 conflicts, 17 - 17 time window
[LNS] Selected most relevant bucket 0 with time window: 17 - 17, 1 conflicts and 5 positions.
[LNS] Solving the best bucket Local Zone...
[Solve_local_zone] Current local zone size: 5 (0.542299% of all walkable positions)
[Solve_local_zone] Local zone time window: [16, 18]
[Create_Local_problem] Agent 55 contiguous intervals: [16, 18] 
[Create_Local_problem] Agent 55 exited the zone at exit time 18
[Create_Local_problem] Agent 56 contiguous intervals: [16, 18] 
[Create_Local_problem] Agent 56 exited the zone at exit time 18
[Waiting_time_Solve] Total available waiting time: 1757
[Waiting_time_Solve] Iteration 0...
[SAT] Start solving CNF: 10 clauses and 6 variables
[SAT] Solving local zone with SAT iteration 1...
[SAT] Local CNF: 10 clauses 

DEBUG: Adding 10 new clauses to MiniSAT (incremental run)
DEBUG: Clause load summary: input=10, added=10, tautologies_skipped=0, duplicates_skipped=0, unit_clauses=6, empties=0, intra_clause_literals_removed=0, added_but_db_unchanged=4
DEBUG: After adding clauses, solver has 0 clauses and 6 variables
DEBUG: MiniSAT found 6 variables
DEBUG: Assignment size: 6
DEBUG: First few assignment values: 1 1 1 1 1 1 

=== DEBUG: cnf_assignment_to_paths ===
Input assignment size: 6

=== END DEBUG ===
[SAT] Found 1 vertex collisions and 0 edge collisions
[SAT] Adding collision clauses and solving again...
[SAT] Solving local zone with SAT iteration 2...
[SAT] Local CNF: 11 clauses 

DEBUG: Adding 1 new clauses to MiniSAT (incremental run)
[SAT] Local problem is unsatisfiable after 2 iterations
[SAT] Local problem appears to be unsatisfiable in current zone
[Waiting_time_Solve] No solution found, trying to apply waiting time:1
[Waiting_time_Solve] Applying waiting time delta 1 to segment 55
[Waiting_time_Solve] Original id: 55
[Create_Local_Problem] MDD already aligned to the time window
[Waiting_time_Solve] Path length: 47
[Waiting_time_Solve] Makespan: 46
[Waiting_time_Solve] Segment exit time: 19
[Waiting_time_Solve] Path length after shifting suffix: 47
[Waiting_time_Solve] path length after inserting segment path: 47
[Waiting_time_Solve] inserting following segments
[Waiting_time_Solve] curren pos_it: 0
[Waiting_time_Solve] pushing new path into current solution
[Waiting_time_Solve] New path is consistent after applying waiting time for agent 55
[Current_Solution] Agent 55 used 1 waiting timesteps, 16 remaining
[Waiting_time_Solve] Applied 1 waiting time to segment 55 for agent 55
[Waiting_time_Solve] Waiting time applied
[Waiting_time_Solve] Extended Zone end time from 18 to 19
[Create_Local_Problem] Agent 55 is being scanned from timestep 19 to 19
[Create_Local_problem] Agent 55 contiguous intervals: [19, 19] 
[Create_Local_problem] Agent 55 exited the zone at exit time 19
[Create_Local_Problem] Agent 55 is already extended to the end of the previous zone: 19
[Waiting_time_Solve] Iteration 1...
[SAT] Start solving CNF: 16 clauses and 9 variables
[SAT] Solving local zone with SAT iteration 1...
[SAT] Local CNF: 17 clauses 

DEBUG: Adding 17 new clauses to MiniSAT (incremental run)
DEBUG: Clause load summary: input=17, added=17, tautologies_skipped=0, duplicates_skipped=0, unit_clauses=5, empties=0, intra_clause_literals_removed=0, added_but_db_unchanged=5
DEBUG: After adding clauses, solver has 7 clauses and 9 variables
DEBUG: MiniSAT found 9 variables
DEBUG: Assignment size: 9
DEBUG: First few assignment values: 1 1 1 1 0 1 0 1 1 

=== DEBUG: cnf_assignment_to_paths ===
Input assignment size: 9

=== END DEBUG ===
[SAT] Found 0 vertex collisions and 1 edge collisions
[SAT] Adding collision clauses and solving again...
[SAT] Solving local zone with SAT iteration 2...
[SAT] Local CNF: 18 clauses 

DEBUG: Adding 1 new clauses to MiniSAT (incremental run)
[SAT] Local problem is unsatisfiable after 2 iterations
[SAT] Local problem appears to be unsatisfiable in current zone
[Waiting_time_Solve] No solution found, trying to apply waiting time:2
[Waiting_time_Solve] Applying waiting time delta 2 to segment 55
[Waiting_time_Solve] Original id: 55
[Create_Local_Problem] MDD already aligned to the time window
[Waiting_time_Solve] Path length: 47
[Waiting_time_Solve] Makespan: 46
[Waiting_time_Solve] Segment exit time: 21
[Waiting_time_Solve] Path length after shifting suffix: 47
[Waiting_time_Solve] path length after inserting segment path: 47
[Waiting_time_Solve] inserting following segments
[Waiting_time_Solve] curren pos_it: 0
[Waiting_time_Solve] pushing new path into current solution
[Waiting_time_Solve] New path is consistent after applying waiting time for agent 55
[Current_Solution] Agent 55 used 2 waiting timesteps, 14 remaining
[Waiting_time_Solve] Applied 2 waiting time to segment 55 for agent 55
[Waiting_time_Solve] Waiting time applied
[Waiting_time_Solve] Extended Zone end time from 19 to 21
[Create_Local_Problem] Agent 55 is being scanned from timestep 20 to 21
[Create_Local_problem] Agent 55 contiguous intervals: [20, 21] 
[Create_Local_problem] Agent 55 exited the zone at exit time 21
[Create_Local_Problem] Agent 55 is already extended to the end of the previous zone: 21
[Waiting_time_Solve] Iteration 2...
[SAT] Start solving CNF: 48 clauses and 19 variables
[SAT] Solving local zone with SAT iteration 1...
[SAT] Local CNF: 50 clauses 

DEBUG: Adding 50 new clauses to MiniSAT (incremental run)
DEBUG: Clause load summary: input=50, added=50, tautologies_skipped=0, duplicates_skipped=0, unit_clauses=5, empties=0, intra_clause_literals_removed=0, added_but_db_unchanged=6
DEBUG: After adding clauses, solver has 39 clauses and 19 variables
DEBUG: MiniSAT found 19 variables
DEBUG: Assignment size: 19
DEBUG: First few assignment values: 1 1 1 1 0 1 0 0 1 0 

=== DEBUG: cnf_assignment_to_paths ===
Input assignment size: 19

=== END DEBUG ===
[SAT] Found 1 vertex collisions and 0 edge collisions
[SAT] Adding collision clauses and solving again...
[SAT] Solving local zone with SAT iteration 2...
[SAT] Local CNF: 51 clauses 

DEBUG: Adding 1 new clauses to MiniSAT (incremental run)
[SAT] Local problem is unsatisfiable after 2 iterations
[SAT] Local problem appears to be unsatisfiable in current zone
[Waiting_time_Solve] No solution found, trying to apply waiting time:3
[Waiting_time_Solve] Applying waiting time delta 3 to segment 55
[Waiting_time_Solve] Original id: 55
[Create_Local_Problem] MDD already aligned to the time window
[Waiting_time_Solve] Path length: 47
[Waiting_time_Solve] Makespan: 46
[Waiting_time_Solve] Segment exit time: 24
[Waiting_time_Solve] Path length after shifting suffix: 47
[Waiting_time_Solve] path length after inserting segment path: 47
[Waiting_time_Solve] inserting following segments
[Waiting_time_Solve] curren pos_it: 0
[Waiting_time_Solve] pushing new path into current solution
[Waiting_time_Solve] New path is consistent after applying waiting time for agent 55
[Current_Solution] Agent 55 used 3 waiting timesteps, 11 remaining
[Waiting_time_Solve] Applied 3 waiting time to segment 55 for agent 55
[Waiting_time_Solve] Waiting time applied
[Waiting_time_Solve] Extended Zone end time from 21 to 24
[Create_Local_Problem] Agent 55 is being scanned from timestep 22 to 24
[Create_Local_problem] Agent 55 contiguous intervals: [22, 24] 
[Create_Local_problem] Agent 55 exited the zone at exit time 24
[Create_Local_Problem] Agent 55 is already extended to the end of the previous zone: 24
[Waiting_time_Solve] Iteration 3...
[SAT] Start solving CNF: 96 clauses and 34 variables
[SAT] Solving local zone with SAT iteration 1...
[SAT] Local CNF: 99 clauses 

DEBUG: Adding 99 new clauses to MiniSAT (incremental run)
[SAT] Local problem is unsatisfiable after 1 iterations
[SAT] Local problem appears to be unsatisfiable in current zone
[Waiting_time_Solve] No solution found, trying to apply waiting time:4
[Waiting_time_Solve] No waiting time applied
[Waiting_time_Solve] No solution found
[Waiting_time_Solve] Restoring original paths
[Waiting_time_Solve] Restoring waiting times
[Current_Solution] Restored waiting times from backup
[Current_Solution] Restored paths from backup
[Solve_local_zone] Zone with expansion factor 0failed
[Solve_local_zone] Expanding zone with offset 2 (original: 1)
[Solve_local_zone] Final expanded zone contains 11 positions with 1 conflicts 
[Solve_local_zone] New time window: [15, 19]
[Solve_local_zone] Current local zone size: 11 (1.19306% of all walkable positions)
[Solve_local_zone] Local zone time window: [15, 19]
[Create_Local_problem] Agent 55 contiguous intervals: [15, 19] 
[Create_Local_problem] Agent 55 exited the zone at exit time 19
[Create_Local_problem] Agent 56 contiguous intervals: [15, 19] 
[Create_Local_problem] Agent 56 exited the zone at exit time 19
[Create_Local_problem] Agent 76 contiguous intervals: [15, 19] 
[Create_Local_problem] Agent 76 exited the zone at exit time 19
[Current_Solution] Agent 76 used 7 waiting timesteps, 27 remaining
[Waiting_time_Solve] Total available waiting time: 1750
[Waiting_time_Solve] Iteration 0...
[SAT] Start solving CNF: 44 clauses and 22 variables
[SAT] Solving local zone with SAT iteration 1...
[SAT] Local CNF: 44 clauses 

DEBUG: Adding 44 new clauses to MiniSAT (incremental run)
DEBUG: Clause load summary: input=44, added=44, tautologies_skipped=0, duplicates_skipped=0, unit_clauses=10, empties=0, intra_clause_literals_removed=0, added_but_db_unchanged=10
DEBUG: After adding clauses, solver has 24 clauses and 22 variables
DEBUG: MiniSAT found 22 variables
DEBUG: Assignment size: 22
DEBUG: First few assignment values: 1 0 1 0 1 0 0 1 0 1 

=== DEBUG: cnf_assignment_to_paths ===
Input assignment size: 22

=== END DEBUG ===
[SAT] Found 1 vertex collisions and 0 edge collisions
[SAT] Adding collision clauses and solving again...
[SAT] Solving local zone with SAT iteration 2...
[SAT] Local CNF: 45 clauses 

DEBUG: Adding 1 new clauses to MiniSAT (incremental run)
[SAT] Local problem is unsatisfiable after 2 iterations
[SAT] Local problem appears to be unsatisfiable in current zone
[Waiting_time_Solve] No solution found, trying to apply waiting time:1
[Waiting_time_Solve] Applying waiting time delta 1 to segment 55
[Waiting_time_Solve] Original id: 55
[Create_Local_Problem] MDD already aligned to the time window
[Waiting_time_Solve] Path length: 47
[Waiting_time_Solve] Makespan: 46
[Waiting_time_Solve] Segment exit time: 20
[Waiting_time_Solve] Path length after shifting suffix: 47
[Waiting_time_Solve] path length after inserting segment path: 47
[Waiting_time_Solve] inserting following segments
[Waiting_time_Solve] curren pos_it: 0
[Waiting_time_Solve] pushing new path into current solution
[Waiting_time_Solve] New path is consistent after applying waiting time for agent 55
[Current_Solution] Agent 55 used 1 waiting timesteps, 16 remaining
[Waiting_time_Solve] Applied 1 waiting time to segment 55 for agent 55
[Waiting_time_Solve] Waiting time applied
[Waiting_time_Solve] Extended Zone end time from 19 to 20
[Create_Local_Problem] Agent 55 is being scanned from timestep 20 to 20
[Create_Local_problem] Agent 55 contiguous intervals: [20, 20] 
[Create_Local_problem] Agent 55 exited the zone at exit time 20
[Create_Local_Problem] Agent 55 is already extended to the end of the previous zone: 20
[Create_Local_Problem] Agent 76 is being scanned from timestep 20 to 20
[Create_Local_problem] Agent 76 contiguous intervals: [20, 20] 
[Create_Local_problem] Agent 76 exited the zone at exit time 20
[Create_Local_Problem] Agent 76 is continuing in the zone until timestep 20
[Create_Local_Problem] Agent 76old segment entry, exit: 15, 19
[Create_Local_Problem] Agent 76new segment entry, exit: 20, 20
[Current_Solution] Agent 76 used 1 waiting timesteps, 26 remaining
[Waiting_time_Solve] Iteration 1...
[SAT] Start solving CNF: 73 clauses and 33 variables
[SAT] Solving local zone with SAT iteration 1...
[SAT] Local CNF: 74 clauses 

DEBUG: Adding 74 new clauses to MiniSAT (incremental run)
DEBUG: Clause load summary: input=74, added=74, tautologies_skipped=0, duplicates_skipped=0, unit_clauses=9, empties=0, intra_clause_literals_removed=0, added_but_db_unchanged=10
DEBUG: After adding clauses, solver has 55 clauses and 33 variables
DEBUG: MiniSAT found 33 variables
DEBUG: Assignment size: 33
DEBUG: First few assignment values: 1 0 1 0 0 0 1 1 0 0 

=== DEBUG: cnf_assignment_to_paths ===
Input assignment size: 33

=== END DEBUG ===
[SAT] Found 0 vertex collisions and 1 edge collisions
[SAT] Adding collision clauses and solving again...
[SAT] Solving local zone with SAT iteration 2...
[SAT] Local CNF: 75 clauses 

DEBUG: Adding 1 new clauses to MiniSAT (incremental run)
DEBUG: Clause load summary: input=1, added=1, tautologies_skipped=0, duplicates_skipped=0, unit_clauses=0, empties=0, intra_clause_literals_removed=0, added_but_db_unchanged=1
DEBUG: After adding clauses, solver has 52 clauses and 33 variables
DEBUG: MiniSAT found 33 variables
DEBUG: Assignment size: 33
DEBUG: First few assignment values: 1 0 1 0 0 0 1 1 0 0 

=== DEBUG: cnf_assignment_to_paths ===
Input assignment size: 33

=== END DEBUG ===
[SAT] Found 1 vertex collisions and 0 edge collisions
[SAT] Adding collision clauses and solving again...
[SAT] Solving local zone with SAT iteration 3...
[SAT] Local CNF: 76 clauses 

DEBUG: Adding 1 new clauses to MiniSAT (incremental run)
DEBUG: Clause load summary: input=1, added=1, tautologies_skipped=0, duplicates_skipped=0, unit_clauses=0, empties=0, intra_clause_literals_removed=0, added_but_db_unchanged=1
DEBUG: After adding clauses, solver has 52 clauses and 33 variables
DEBUG: MiniSAT found 33 variables
DEBUG: Assignment size: 33
DEBUG: First few assignment values: 1 1 0 1 0 0 0 1 0 0 

=== DEBUG: cnf_assignment_to_paths ===
Input assignment size: 33

=== END DEBUG ===
[SAT] Found 1 vertex collisions and 1 edge collisions
[SAT] Adding collision clauses and solving again...
[SAT] Solving local zone with SAT iteration 4...
[SAT] Local CNF: 78 clauses 

DEBUG: Adding 2 new clauses to MiniSAT (incremental run)
DEBUG: Clause load summary: input=2, added=2, tautologies_skipped=0, duplicates_skipped=0, unit_clauses=0, empties=0, intra_clause_literals_removed=0, added_but_db_unchanged=2
DEBUG: After adding clauses, solver has 52 clauses and 33 variables
DEBUG: MiniSAT found 33 variables
DEBUG: Assignment size: 33
DEBUG: First few assignment values: 1 1 0 0 1 0 0 1 0 0 

=== DEBUG: cnf_assignment_to_paths ===
Input assignment size: 33

=== END DEBUG ===
[SAT] Found 0 vertex collisions and 0 edge collisions
[SAT] Found collision-free local solution!
[Waiting_time_Solve] Solution found, updating global solution
[LNS] Updating global solution with pseudo-agent local paths...
[Current_Solution] Updating global solution for agent 76
[Current_Solution] INFO: Segment 76 exit adjusted from 19 to 20 due to waiting time
[Current_Solution] Segment 76 lengthened by 1 timesteps; shifting suffix
[Current_Solution] Global solution is consistent before shifting suffix
[Current_Solution] Global solution is consistent after shifting suffix
[Current_Solution] Global solution is consistent after updating with local path
[LNS] Successfully updated global solution with pseudo-agent local paths!
[Current_Solution] Updating global solution for agent 56
[Current_Solution] Global solution is consistent after updating with local path
[LNS] Successfully updated global solution with pseudo-agent local paths!
[Current_Solution] Updating global solution for agent 55
[Current_Solution] INFO: Segment 55 exit adjusted from 19 to 20 due to waiting time
[Current_Solution] Segment 55 lengthened by 1 timesteps; shifting suffix
[Current_Solution] Global solution is consistent before shifting suffix
[Current_Solution] Global solution is consistent after shifting suffix
[Current_Solution] Global solution is consistent after updating with local path
[LNS] Successfully updated global solution with pseudo-agent local paths!
[LNS] Updating path map with new local paths...
[LNS] Successfully updated global solution with local paths and pseudo agents!
[Solve_local_zone] Successfully solved local zone
[LNS] Successfully solved local zone
[LNS] Analyzing conflicts...
[LNS] Current solution: vertex collisions=41, edge collisions=5
[LNS] Creating conflict buckets...
[LOCAL ZONE] Building diamond bucket for conflict 0
[LOCAL ZONE] Built diamond bucket for conflict 0 with 5 positions, 1 conflicts, 17 - 17 time window
[LNS] Selected most relevant bucket 0 with time window: 17 - 17, 1 conflicts and 5 positions.
[LNS] Solving the best bucket Local Zone...
[Solve_local_zone] Current local zone size: 5 (0.542299% of all walkable positions)
[Solve_local_zone] Local zone time window: [16, 18]
[Create_Local_problem] Agent 23 contiguous intervals: [16, 18] 
[Create_Local_problem] Agent 23 exited the zone at exit time 18
[Current_Solution] Agent 23 used 4 waiting timesteps, 28 remaining
[Create_Local_problem] Agent 61 contiguous intervals: [16, 18] 
[Create_Local_problem] Agent 61 exited the zone at exit time 18
[Waiting_time_Solve] Total available waiting time: 1744
[Waiting_time_Solve] Iteration 0...
[SAT] Start solving CNF: 24 clauses and 10 variables
[SAT] Solving local zone with SAT iteration 1...
[SAT] Local CNF: 24 clauses 

DEBUG: Adding 24 new clauses to MiniSAT (incremental run)
DEBUG: Clause load summary: input=24, added=24, tautologies_skipped=0, duplicates_skipped=0, unit_clauses=5, empties=0, intra_clause_literals_removed=0, added_but_db_unchanged=7
DEBUG: After adding clauses, solver has 12 clauses and 10 variables
DEBUG: MiniSAT found 10 variables
DEBUG: Assignment size: 10
DEBUG: First few assignment values: 1 1 1 1 0 1 0 0 0 1 

=== DEBUG: cnf_assignment_to_paths ===
Input assignment size: 10

=== END DEBUG ===
[SAT] Found 0 vertex collisions and 1 edge collisions
[SAT] Adding collision clauses and solving again...
[SAT] Solving local zone with SAT iteration 2...
[SAT] Local CNF: 25 clauses 

DEBUG: Adding 1 new clauses to MiniSAT (incremental run)
DEBUG: Clause load summary: input=1, added=1, tautologies_skipped=0, duplicates_skipped=0, unit_clauses=0, empties=0, intra_clause_literals_removed=0, added_but_db_unchanged=1
DEBUG: After adding clauses, solver has 12 clauses and 10 variables
DEBUG: MiniSAT found 10 variables
DEBUG: Assignment size: 10
DEBUG: First few assignment values: 1 1 1 1 0 0 1 0 0 1 

=== DEBUG: cnf_assignment_to_paths ===
Input assignment size: 10

=== END DEBUG ===
[SAT] Found 0 vertex collisions and 1 edge collisions
[SAT] Adding collision clauses and solving again...
[SAT] Solving local zone with SAT iteration 3...
[SAT] Local CNF: 26 clauses 

DEBUG: Adding 1 new clauses to MiniSAT (incremental run)
DEBUG: Clause load summary: input=1, added=1, tautologies_skipped=0, duplicates_skipped=0, unit_clauses=0, empties=0, intra_clause_literals_removed=0, added_but_db_unchanged=1
DEBUG: After adding clauses, solver has 12 clauses and 10 variables
DEBUG: MiniSAT found 10 variables
DEBUG: Assignment size: 10
DEBUG: First few assignment values: 1 1 1 1 0 0 0 1 0 1 

=== DEBUG: cnf_assignment_to_paths ===
Input assignment size: 10

=== END DEBUG ===
[SAT] Found 0 vertex collisions and 0 edge collisions
[SAT] Found collision-free local solution!
[Waiting_time_Solve] Solution found, updating global solution
[LNS] Updating global solution with pseudo-agent local paths...
[Current_Solution] Updating global solution for agent 61
[Current_Solution] Global solution is consistent after updating with local path
[LNS] Successfully updated global solution with pseudo-agent local paths!
[Current_Solution] Updating global solution for agent 23
[Current_Solution] Global solution is consistent after updating with local path
[LNS] Successfully updated global solution with pseudo-agent local paths!
[LNS] Updating path map with new local paths...
[LNS] Successfully updated global solution with local paths and pseudo agents!
[Solve_local_zone] Successfully solved local zone
[LNS] Successfully solved local zone
[LNS] Analyzing conflicts...
[LNS] Current solution: vertex collisions=40, edge collisions=5
[LNS] Creating conflict buckets...
[LOCAL ZONE] Building diamond bucket for conflict 0
[LOCAL ZONE] Built diamond bucket for conflict 0 with 5 positions, 1 conflicts, 18 - 18 time window
[LOCAL ZONE] Building diamond bucket for conflict 1
[LOCAL ZONE] Built diamond bucket for conflict 1 with 5 positions, 1 conflicts, 18 - 18 time window
[LOCAL ZONE] Building diamond bucket for conflict 2
[LOCAL ZONE] Built diamond bucket for conflict 2 with 5 positions, 1 conflicts, 18 - 18 time window
[LOCAL ZONE] Building diamond bucket for conflict 3
[LOCAL ZONE] Built diamond bucket for conflict 3 with 7 positions, 2 conflicts, 18 - 19 time window
[LOCAL ZONE] Building diamond bucket for conflict 40
[LOCAL ZONE] Built diamond bucket for conflict 40 with 6 positions, 1 conflicts, 18 - 18 time window
[LNS] Selected most relevant bucket 3 with time window: 18 - 19, 2 conflicts and 7 positions.
[LNS] Solving the best bucket Local Zone...
[Solve_local_zone] Current local zone size: 7 (0.759219% of all walkable positions)
[Solve_local_zone] Local zone time window: [17, 20]
[Create_Local_problem] Agent 20 contiguous intervals: [17, 19] 
[Create_Local_problem] Agent 20 exited the zone at exit time 19
[Create_Local_problem] Agent 45 contiguous intervals: [17, 20] 
[Create_Local_problem] Agent 45 exited the zone at exit time 20
[Create_Local_problem] Agent 47 contiguous intervals: [18, 20] 
[Create_Local_problem] Agent 47 exited the zone at exit time 20
[Create_Local_problem] Agent 54 contiguous intervals: [20, 20] 
[Create_Local_problem] Agent 54 exited the zone at exit time 20
[Create_Local_problem] Agent 66 contiguous intervals: [17, 17] 
[Create_Local_problem] Agent 66 exited the zone at exit time 17
[Waiting_time_Solve] Total available waiting time: 1744
[Waiting_time_Solve] Iteration 0...
[SAT] Start solving CNF: 19 clauses and 12 variables
[SAT] Solving local zone with SAT iteration 1...
[SAT] Local CNF: 19 clauses 

DEBUG: Adding 19 new clauses to MiniSAT (incremental run)
DEBUG: Clause load summary: input=19, added=19, tautologies_skipped=0, duplicates_skipped=0, unit_clauses=12, empties=0, intra_clause_literals_removed=0, added_but_db_unchanged=7
DEBUG: After adding clauses, solver has 0 clauses and 12 variables
DEBUG: MiniSAT found 12 variables
DEBUG: Assignment size: 12
DEBUG: First few assignment values: 1 1 1 1 1 1 1 1 1 1 

=== DEBUG: cnf_assignment_to_paths ===
Input assignment size: 12

=== END DEBUG ===
[SAT] Found 2 vertex collisions and 0 edge collisions
[SAT] Adding collision clauses and solving again...
[SAT] Solving local zone with SAT iteration 2...
[SAT] Local CNF: 21 clauses 

DEBUG: Adding 2 new clauses to MiniSAT (incremental run)
[SAT] Local problem is unsatisfiable after 2 iterations
[SAT] Local problem appears to be unsatisfiable in current zone
[Waiting_time_Solve] No solution found, trying to apply waiting time:1
[Waiting_time_Solve] Applying waiting time delta 1 to segment 45
[Waiting_time_Solve] Original id: 45
[Create_Local_Problem] MDD already aligned to the time window
[Waiting_time_Solve] Path length: 47
[Waiting_time_Solve] Makespan: 46
[Waiting_time_Solve] Segment exit time: 21
[Waiting_time_Solve] Path length after shifting suffix: 47
[Waiting_time_Solve] path length after inserting segment path: 47
[Waiting_time_Solve] inserting following segments
[Waiting_time_Solve] curren pos_it: 1
[Waiting_time_Solve] pushing new path into current solution
[Waiting_time_Solve] New path is consistent after applying waiting time for agent 45
[Current_Solution] Agent 45 used 1 waiting timesteps, 20 remaining
[Waiting_time_Solve] Applied 1 waiting time to segment 45 for agent 45
[Waiting_time_Solve] Waiting time applied
[Waiting_time_Solve] Extended Zone end time from 20 to 21
[Create_Local_Problem] Agent 45 is being scanned from timestep 21 to 21
[Create_Local_problem] Agent 45 contiguous intervals: [21, 21] 
[Create_Local_problem] Agent 45 exited the zone at exit time 21
[Create_Local_Problem] Agent 45 is already extended to the end of the previous zone: 21
[Create_Local_Problem] Agent 47 is being scanned from timestep 21 to 21
[Create_Local_problem] Agent 47 contiguous intervals: [21, 21] 
[Create_Local_problem] Agent 47 exited the zone at exit time 21
[Create_Local_Problem] Agent 47 is continuing in the zone until timestep 21
[Create_Local_Problem] Agent 47old segment entry, exit: 18, 20
[Create_Local_Problem] Agent 47new segment entry, exit: 21, 21
[Create_Local_Problem] Agent 54 is being scanned from timestep 21 to 21
[Create_Local_problem] Agent 54 contiguous intervals: [21, 21] 
[Create_Local_problem] Agent 54 exited the zone at exit time 21
[Create_Local_Problem] Agent 54 is continuing in the zone until timestep 21
[Create_Local_Problem] Agent 54old segment entry, exit: 20, 20
[Create_Local_Problem] Agent 54new segment entry, exit: 21, 21
[Waiting_time_Solve] Iteration 1...
[SAT] Start solving CNF: 31 clauses and 18 variables
[SAT] Solving local zone with SAT iteration 1...
[SAT] Local CNF: 33 clauses 

DEBUG: Adding 33 new clauses to MiniSAT (incremental run)
DEBUG: Clause load summary: input=33, added=33, tautologies_skipped=0, duplicates_skipped=0, unit_clauses=12, empties=0, intra_clause_literals_removed=0, added_but_db_unchanged=10
DEBUG: After adding clauses, solver has 11 clauses and 18 variables
DEBUG: MiniSAT found 18 variables
DEBUG: Assignment size: 18
DEBUG: First few assignment values: 1 1 1 1 1 1 1 1 0 1 

=== DEBUG: cnf_assignment_to_paths ===
Input assignment size: 18

=== END DEBUG ===
[SAT] Found 0 vertex collisions and 2 edge collisions
[SAT] Adding collision clauses and solving again...
[SAT] Solving local zone with SAT iteration 2...
[SAT] Local CNF: 35 clauses 

DEBUG: Adding 2 new clauses to MiniSAT (incremental run)
[SAT] Local problem is unsatisfiable after 2 iterations
[SAT] Local problem appears to be unsatisfiable in current zone
[Waiting_time_Solve] No solution found, trying to apply waiting time:2
[Waiting_time_Solve] Applying waiting time delta 2 to segment 45
[Waiting_time_Solve] Original id: 45
[Create_Local_Problem] MDD already aligned to the time window
[Waiting_time_Solve] Path length: 47
[Waiting_time_Solve] Makespan: 46
[Waiting_time_Solve] Segment exit time: 23
[Waiting_time_Solve] Path length after shifting suffix: 47
[Waiting_time_Solve] path length after inserting segment path: 47
[Waiting_time_Solve] inserting following segments
[Waiting_time_Solve] curren pos_it: 1
[Waiting_time_Solve] pushing new path into current solution
[Waiting_time_Solve] New path is consistent after applying waiting time for agent 45
[Current_Solution] Agent 45 used 2 waiting timesteps, 18 remaining
[Waiting_time_Solve] Applied 2 waiting time to segment 45 for agent 45
[Waiting_time_Solve] Waiting time applied
[Waiting_time_Solve] Extended Zone end time from 21 to 23
[Create_Local_Problem] Agent 45 is being scanned from timestep 22 to 23
[Create_Local_problem] Agent 45 contiguous intervals: [22, 23] 
[Create_Local_problem] Agent 45 exited the zone at exit time 23
[Create_Local_Problem] Agent 45 is already extended to the end of the previous zone: 23
[Create_Local_Problem] Agent 54 is being scanned from timestep 22 to 23
[Create_Local_problem] Agent 54 contiguous intervals: [22, 23] 
[Create_Local_problem] Agent 54 exited the zone at exit time 23
[Create_Local_Problem] Agent 54 is continuing in the zone until timestep 23
[Create_Local_Problem] Agent 54old segment entry, exit: 20, 21
[Create_Local_Problem] Agent 54new segment entry, exit: 22, 23
[Waiting_time_Solve] Iteration 2...
[SAT] Start solving CNF: 89 clauses and 35 variables
[SAT] Solving local zone with SAT iteration 1...
[SAT] Local CNF: 93 clauses 

DEBUG: Adding 93 new clauses to MiniSAT (incremental run)
DEBUG: Clause load summary: input=93, added=93, tautologies_skipped=0, duplicates_skipped=0, unit_clauses=13, empties=0, intra_clause_literals_removed=0, added_but_db_unchanged=14
DEBUG: After adding clauses, solver has 66 clauses and 35 variables
DEBUG: MiniSAT found 35 variables
DEBUG: Assignment size: 35
DEBUG: First few assignment values: 1 1 0 1 1 1 1 1 1 1 

=== DEBUG: cnf_assignment_to_paths ===
Input assignment size: 35

=== END DEBUG ===
[SAT] Found 3 vertex collisions and 0 edge collisions
[SAT] Adding collision clauses and solving again...
[SAT] Solving local zone with SAT iteration 2...
[SAT] Local CNF: 96 clauses 

DEBUG: Adding 3 new clauses to MiniSAT (incremental run)
[SAT] Local problem is unsatisfiable after 2 iterations
[SAT] Local problem appears to be unsatisfiable in current zone
[Waiting_time_Solve] No solution found, trying to apply waiting time:3
[Waiting_time_Solve] Applying waiting time delta 3 to segment 45
[Waiting_time_Solve] Original id: 45
[Create_Local_Problem] MDD already aligned to the time window
[Waiting_time_Solve] Path length: 47
[Waiting_time_Solve] Makespan: 46
[Waiting_time_Solve] Segment exit time: 26
[Waiting_time_Solve] Path length after shifting suffix: 47
[Waiting_time_Solve] path length after inserting segment path: 47
[Waiting_time_Solve] inserting following segments
[Waiting_time_Solve] curren pos_it: 1
[Waiting_time_Solve] pushing new path into current solution
[Waiting_time_Solve] New path is consistent after applying waiting time for agent 45
[Current_Solution] Agent 45 used 3 waiting timesteps, 15 remaining
[Waiting_time_Solve] Applied 3 waiting time to segment 45 for agent 45
[Waiting_time_Solve] Waiting time applied
[Waiting_time_Solve] Extended Zone end time from 23 to 26
[Create_Local_Problem] Agent 45 is being scanned from timestep 24 to 26
[Create_Local_problem] Agent 45 contiguous intervals: [24, 26] 
[Create_Local_problem] Agent 45 exited the zone at exit time 26
[Create_Local_Problem] Agent 45 is already extended to the end of the previous zone: 26
[Waiting_time_Solve] Iteration 3...
[SAT] Start solving CNF: 176 clauses and 56 variables
[SAT] Solving local zone with SAT iteration 1...
[SAT] Local CNF: 183 clauses 

DEBUG: Adding 183 new clauses to MiniSAT (incremental run)
[SAT] Local problem is unsatisfiable after 1 iterations
[SAT] Local problem appears to be unsatisfiable in current zone
[Waiting_time_Solve] No solution found, trying to apply waiting time:4
[Waiting_time_Solve] No waiting time applied
[Waiting_time_Solve] No solution found
[Waiting_time_Solve] Restoring original paths
[Waiting_time_Solve] Restoring waiting times
[Current_Solution] Restored waiting times from backup
[Current_Solution] Restored paths from backup
[Solve_local_zone] Zone with expansion factor 0failed
[Solve_local_zone] Expanding zone with offset 2 (original: 1)
[Solve_local_zone] Final expanded zone contains 16 positions with 2 conflicts 
[Solve_local_zone] New time window: [16, 21]
[Solve_local_zone] Current local zone size: 16 (1.73536% of all walkable positions)
[Solve_local_zone] Local zone time window: [16, 21]
[Create_Local_problem] Agent 20 contiguous intervals: [16, 20] 
[Create_Local_problem] Agent 20 exited the zone at exit time 20
[Create_Local_problem] Agent 45 contiguous intervals: [16, 21] 
[Create_Local_problem] Agent 45 exited the zone at exit time 21
[Create_Local_problem] Agent 46 contiguous intervals: [16, 16] 
[Create_Local_problem] Agent 46 exited the zone at exit time 16
[Create_Local_problem] Agent 47 contiguous intervals: [17, 21] 
[Create_Local_problem] Agent 47 exited the zone at exit time 21
[Create_Local_problem] Agent 54 contiguous intervals: [19, 21] 
[Create_Local_problem] Agent 54 exited the zone at exit time 21
[Create_Local_problem] Agent 66 contiguous intervals: [16, 18] 
[Create_Local_problem] Agent 66 exited the zone at exit time 18
[Waiting_time_Solve] Total available waiting time: 1744
[Waiting_time_Solve] Iteration 0...
[SAT] Start solving CNF: 44 clauses and 25 variables
[SAT] Solving local zone with SAT iteration 1...
[SAT] Local CNF: 44 clauses 

DEBUG: Adding 44 new clauses to MiniSAT (incremental run)
DEBUG: Clause load summary: input=44, added=44, tautologies_skipped=0, duplicates_skipped=0, unit_clauses=21, empties=0, intra_clause_literals_removed=0, added_but_db_unchanged=16
DEBUG: After adding clauses, solver has 7 clauses and 25 variables
DEBUG: MiniSAT found 25 variables
DEBUG: Assignment size: 25
DEBUG: First few assignment values: 1 1 1 1 1 1 1 1 1 1 

=== DEBUG: cnf_assignment_to_paths ===
Input assignment size: 25

=== END DEBUG ===
[SAT] Found 2 vertex collisions and 0 edge collisions
[SAT] Adding collision clauses and solving again...
[SAT] Solving local zone with SAT iteration 2...
[SAT] Local CNF: 46 clauses 

DEBUG: Adding 2 new clauses to MiniSAT (incremental run)
[SAT] Local problem is unsatisfiable after 2 iterations
[SAT] Local problem appears to be unsatisfiable in current zone
[Waiting_time_Solve] No solution found, trying to apply waiting time:1
[Waiting_time_Solve] Applying waiting time delta 1 to segment 45
[Waiting_time_Solve] Original id: 45
[Create_Local_Problem] MDD already aligned to the time window
[Waiting_time_Solve] Path length: 47
[Waiting_time_Solve] Makespan: 46
[Waiting_time_Solve] Segment exit time: 22
[Waiting_time_Solve] Path length after shifting suffix: 47
[Waiting_time_Solve] path length after inserting segment path: 47
[Waiting_time_Solve] inserting following segments
[Waiting_time_Solve] curren pos_it: 1
[Waiting_time_Solve] pushing new path into current solution
[Waiting_time_Solve] New path is consistent after applying waiting time for agent 45
[Current_Solution] Agent 45 used 1 waiting timesteps, 20 remaining
[Waiting_time_Solve] Applied 1 waiting time to segment 45 for agent 45
[Waiting_time_Solve] Waiting time applied
[Waiting_time_Solve] Extended Zone end time from 21 to 22
[Create_Local_Problem] Agent 45 is being scanned from timestep 22 to 22
[Create_Local_problem] Agent 45 contiguous intervals: [22, 22] 
[Create_Local_problem] Agent 45 exited the zone at exit time 22
[Create_Local_Problem] Agent 45 is already extended to the end of the previous zone: 22
[Create_Local_Problem] Agent 47 is being scanned from timestep 22 to 22
[Create_Local_problem] Agent 47 contiguous intervals: [22, 22] 
[Create_Local_problem] Agent 47 exited the zone at exit time 22
[Create_Local_Problem] Agent 47 is continuing in the zone until timestep 22
[Create_Local_Problem] Agent 47old segment entry, exit: 17, 21
[Create_Local_Problem] Agent 47new segment entry, exit: 22, 22
[Create_Local_Problem] Agent 54 is being scanned from timestep 22 to 22
[Create_Local_problem] Agent 54 contiguous intervals: [22, 22] 
[Create_Local_problem] Agent 54 exited the zone at exit time 22
[Create_Local_Problem] Agent 54 is continuing in the zone until timestep 22
[Create_Local_Problem] Agent 54old segment entry, exit: 19, 21
[Create_Local_Problem] Agent 54new segment entry, exit: 22, 22
[Waiting_time_Solve] Iteration 1...
[SAT] Start solving CNF: 64 clauses and 35 variables
[SAT] Solving local zone with SAT iteration 1...
[SAT] Local CNF: 66 clauses 

DEBUG: Adding 66 new clauses to MiniSAT (incremental run)
DEBUG: Clause load summary: input=66, added=66, tautologies_skipped=0, duplicates_skipped=0, unit_clauses=17, empties=0, intra_clause_literals_removed=0, added_but_db_unchanged=15
DEBUG: After adding clauses, solver has 34 clauses and 35 variables
DEBUG: MiniSAT found 35 variables
DEBUG: Assignment size: 35
DEBUG: First few assignment values: 1 1 1 1 0 1 0 1 1 1 

=== DEBUG: cnf_assignment_to_paths ===
Input assignment size: 35

=== END DEBUG ===
[SAT] Found 0 vertex collisions and 2 edge collisions
[SAT] Adding collision clauses and solving again...
[SAT] Solving local zone with SAT iteration 2...
[SAT] Local CNF: 68 clauses 

DEBUG: Adding 2 new clauses to MiniSAT (incremental run)
[SAT] Local problem is unsatisfiable after 2 iterations
[SAT] Local problem appears to be unsatisfiable in current zone
[Waiting_time_Solve] No solution found, trying to apply waiting time:2
[Waiting_time_Solve] Applying waiting time delta 2 to segment 45
[Waiting_time_Solve] Original id: 45
[Create_Local_Problem] MDD already aligned to the time window
[Waiting_time_Solve] Path length: 47
[Waiting_time_Solve] Makespan: 46
[Waiting_time_Solve] Segment exit time: 24
[Waiting_time_Solve] Path length after shifting suffix: 47
[Waiting_time_Solve] path length after inserting segment path: 47
[Waiting_time_Solve] inserting following segments
[Waiting_time_Solve] curren pos_it: 1
[Waiting_time_Solve] pushing new path into current solution
[Waiting_time_Solve] New path is consistent after applying waiting time for agent 45
[Current_Solution] Agent 45 used 2 waiting timesteps, 18 remaining
[Waiting_time_Solve] Applied 2 waiting time to segment 45 for agent 45
[Waiting_time_Solve] Applying waiting time delta 2 to segment 47
[Waiting_time_Solve] Original id: 47
[Create_Local_Problem] MDD already aligned to the time window
[Waiting_time_Solve] Path length: 47
[Waiting_time_Solve] Makespan: 46
[Waiting_time_Solve] Segment exit time: 24
[Waiting_time_Solve] Path length after shifting suffix: 47
[Waiting_time_Solve] path length after inserting segment path: 47
[Waiting_time_Solve] inserting following segments
[Waiting_time_Solve] curren pos_it: 3
[Waiting_time_Solve] pushing new path into current solution
[Waiting_time_Solve] New path is consistent after applying waiting time for agent 47
[Current_Solution] Agent 47 used 2 waiting timesteps, 11 remaining
[Waiting_time_Solve] Applied 2 waiting time to segment 47 for agent 47
[Waiting_time_Solve] Waiting time applied
[Waiting_time_Solve] Extended Zone end time from 22 to 24
[Create_Local_Problem] Agent 45 is being scanned from timestep 23 to 24
[Create_Local_problem] Agent 45 contiguous intervals: [23, 24] 
[Create_Local_problem] Agent 45 exited the zone at exit time 24
[Create_Local_Problem] Agent 45 is already extended to the end of the previous zone: 24
[Create_Local_Problem] Agent 47 is being scanned from timestep 23 to 24
[Create_Local_problem] Agent 47 contiguous intervals: [23, 24] 
[Create_Local_problem] Agent 47 exited the zone at exit time 24
[Create_Local_Problem] Agent 47 is already extended to the end of the previous zone: 24
[Create_Local_Problem] Agent 54 is being scanned from timestep 23 to 24
[Create_Local_problem] Agent 54 contiguous intervals: [23, 24] 
[Create_Local_problem] Agent 54 exited the zone at exit time 24
[Create_Local_Problem] Agent 54 is continuing in the zone until timestep 24
[Create_Local_Problem] Agent 54old segment entry, exit: 19, 22
[Create_Local_Problem] Agent 54new segment entry, exit: 23, 24
[Waiting_time_Solve] Iteration 2...
[SAT] Start solving CNF: 244 clauses and 83 variables
[SAT] Solving local zone with SAT iteration 1...
[SAT] Local CNF: 248 clauses 

DEBUG: Adding 248 new clauses to MiniSAT (incremental run)
DEBUG: Clause load summary: input=248, added=248, tautologies_skipped=0, duplicates_skipped=0, unit_clauses=14, empties=0, intra_clause_literals_removed=0, added_but_db_unchanged=12
DEBUG: After adding clauses, solver has 222 clauses and 83 variables
DEBUG: MiniSAT found 83 variables
DEBUG: Assignment size: 83
DEBUG: First few assignment values: 1 1 1 1 0 1 0 1 0 1 

=== DEBUG: cnf_assignment_to_paths ===
Input assignment size: 83

=== END DEBUG ===
[SAT] Found 2 vertex collisions and 1 edge collisions
[SAT] Adding collision clauses and solving again...
[SAT] Solving local zone with SAT iteration 2...
[SAT] Local CNF: 251 clauses 

DEBUG: Adding 3 new clauses to MiniSAT (incremental run)
[SAT] Local problem is unsatisfiable after 2 iterations
[SAT] Local problem appears to be unsatisfiable in current zone
[Waiting_time_Solve] No solution found, trying to apply waiting time:3
[Waiting_time_Solve] Applying waiting time delta 3 to segment 45
[Waiting_time_Solve] Original id: 45
[Create_Local_Problem] MDD already aligned to the time window
[Waiting_time_Solve] Path length: 47
[Waiting_time_Solve] Makespan: 46
[Waiting_time_Solve] Segment exit time: 27
[Waiting_time_Solve] Path length after shifting suffix: 47
[Waiting_time_Solve] path length after inserting segment path: 47
[Waiting_time_Solve] inserting following segments
[Waiting_time_Solve] curren pos_it: 1
[Waiting_time_Solve] pushing new path into current solution
[Waiting_time_Solve] New path is consistent after applying waiting time for agent 45
[Current_Solution] Agent 45 used 3 waiting timesteps, 15 remaining
[Waiting_time_Solve] Applied 3 waiting time to segment 45 for agent 45
[Waiting_time_Solve] Applying waiting time delta 3 to segment 47
[Waiting_time_Solve] Original id: 47
[Create_Local_Problem] MDD already aligned to the time window
[Waiting_time_Solve] Path length: 47
[Waiting_time_Solve] Makespan: 46
[Waiting_time_Solve] Segment exit time: 27
[Waiting_time_Solve] Path length after shifting suffix: 47
[Waiting_time_Solve] path length after inserting segment path: 47
[Waiting_time_Solve] inserting following segments
[Waiting_time_Solve] curren pos_it: 3
[Waiting_time_Solve] pushing new path into current solution
[Waiting_time_Solve] New path is consistent after applying waiting time for agent 47
[Current_Solution] Agent 47 used 3 waiting timesteps, 8 remaining
[Waiting_time_Solve] Applied 3 waiting time to segment 47 for agent 47
[Waiting_time_Solve] Waiting time applied
[Waiting_time_Solve] Extended Zone end time from 24 to 27
[Create_Local_Problem] Agent 8 is being scanned from timestep 25 to 27
[Create_Local_problem] Agent 8 contiguous intervals: [26, 26] 
[Create_Local_problem] Agent 8 exited the zone at exit time 26
[Create_Local_Problem] Agent 8 is new in the zone
[Create_Local_Problem] Agent 45 is being scanned from timestep 25 to 27
[Create_Local_problem] Agent 45 contiguous intervals: [25, 27] 
[Create_Local_problem] Agent 45 exited the zone at exit time 27
[Create_Local_Problem] Agent 45 is already extended to the end of the previous zone: 27
[Create_Local_Problem] Agent 47 is being scanned from timestep 25 to 27
[Create_Local_problem] Agent 47 contiguous intervals: [25, 27] 
[Create_Local_problem] Agent 47 exited the zone at exit time 27
[Create_Local_Problem] Agent 47 is already extended to the end of the previous zone: 27
[Waiting_time_Solve] Iteration 3...
[SAT] Start solving CNF: 958 clauses and 177 variables
[SAT] Solving local zone with SAT iteration 1...
[SAT] Local CNF: 965 clauses 

DEBUG: Adding 965 new clauses to MiniSAT (incremental run)
DEBUG: Clause load summary: input=965, added=965, tautologies_skipped=0, duplicates_skipped=0, unit_clauses=15, empties=0, intra_clause_literals_removed=0, added_but_db_unchanged=13
DEBUG: After adding clauses, solver has 937 clauses and 177 variables
DEBUG: MiniSAT found 177 variables
DEBUG: Assignment size: 177
DEBUG: First few assignment values: 1 1 1 1 0 1 0 1 0 1 

=== DEBUG: cnf_assignment_to_paths ===
Input assignment size: 177

=== END DEBUG ===
[SAT] Found 3 vertex collisions and 2 edge collisions
[SAT] Adding collision clauses and solving again...
[SAT] Solving local zone with SAT iteration 2...
[SAT] Local CNF: 970 clauses 

DEBUG: Adding 5 new clauses to MiniSAT (incremental run)
DEBUG: Clause load summary: input=5, added=5, tautologies_skipped=0, duplicates_skipped=0, unit_clauses=0, empties=0, intra_clause_literals_removed=0, added_but_db_unchanged=1
DEBUG: After adding clauses, solver has 934 clauses and 177 variables
DEBUG: MiniSAT found 177 variables
DEBUG: Assignment size: 177
DEBUG: First few assignment values: 1 1 1 1 0 1 0 1 0 1 

=== DEBUG: cnf_assignment_to_paths ===
Input assignment size: 177

=== END DEBUG ===
[SAT] Found 2 vertex collisions and 2 edge collisions
[SAT] Adding collision clauses and solving again...
[SAT] Solving local zone with SAT iteration 3...
[SAT] Local CNF: 974 clauses 

DEBUG: Adding 4 new clauses to MiniSAT (incremental run)
DEBUG: Clause load summary: input=4, added=4, tautologies_skipped=0, duplicates_skipped=0, unit_clauses=0, empties=0, intra_clause_literals_removed=0, added_but_db_unchanged=0
DEBUG: After adding clauses, solver has 938 clauses and 177 variables
DEBUG: MiniSAT found 177 variables
DEBUG: Assignment size: 177
DEBUG: First few assignment values: 1 1 1 1 0 1 0 1 0 1 

=== DEBUG: cnf_assignment_to_paths ===
Input assignment size: 177

=== END DEBUG ===
[SAT] Found 1 vertex collisions and 0 edge collisions
[SAT] Adding collision clauses and solving again...
[SAT] Solving local zone with SAT iteration 4...
[SAT] Local CNF: 975 clauses 

DEBUG: Adding 1 new clauses to MiniSAT (incremental run)
DEBUG: Clause load summary: input=1, added=1, tautologies_skipped=0, duplicates_skipped=0, unit_clauses=0, empties=0, intra_clause_literals_removed=0, added_but_db_unchanged=0
DEBUG: After adding clauses, solver has 939 clauses and 177 variables
DEBUG: MiniSAT found 177 variables
DEBUG: Assignment size: 177
DEBUG: First few assignment values: 1 1 1 1 0 1 0 1 0 1 

=== DEBUG: cnf_assignment_to_paths ===
Input assignment size: 177

=== END DEBUG ===
[SAT] Found 0 vertex collisions and 0 edge collisions
[SAT] Found collision-free local solution!
[Waiting_time_Solve] Solution found, updating global solution
[LNS] Updating global solution with pseudo-agent local paths...
[Current_Solution] Updating global solution for agent 66
[Current_Solution] Global solution is consistent after updating with local path
[LNS] Successfully updated global solution with pseudo-agent local paths!
[Current_Solution] Updating global solution for agent 54
[Current_Solution] INFO: Segment 54 exit adjusted from 21 to 24 due to waiting time
[Current_Solution] Segment 54 lengthened by 3 timesteps; shifting suffix
[Current_Solution] Global solution is consistent before shifting suffix
[Current_Solution] Global solution is consistent after shifting suffix
[Current_Solution] Global solution is consistent after updating with local path
[LNS] Successfully updated global solution with pseudo-agent local paths!
[Current_Solution] Updating global solution for agent 8
[Current_Solution] Global solution is consistent after updating with local path
[LNS] Successfully updated global solution with pseudo-agent local paths!
[Current_Solution] Updating global solution for agent 47
[Current_Solution] INFO: Segment 47 exit adjusted from 21 to 27 due to waiting time
[Current_Solution] Segment 47 lengthened by 6 timesteps; shifting suffix
[Current_Solution] Global solution is consistent before shifting suffix
[Current_Solution] Global solution is consistent after shifting suffix
[Current_Solution] Global solution is consistent after updating with local path
[LNS] Successfully updated global solution with pseudo-agent local paths!
[Current_Solution] Updating global solution for agent 45
[Current_Solution] INFO: Segment 45 exit adjusted from 21 to 27 due to waiting time
[Current_Solution] Segment 45 lengthened by 6 timesteps; shifting suffix
[Current_Solution] Global solution is consistent before shifting suffix
[Current_Solution] Global solution is consistent after shifting suffix
[Current_Solution] Global solution is consistent after updating with local path
[LNS] Successfully updated global solution with pseudo-agent local paths!
[Current_Solution] Updating global solution for agent 46
[Current_Solution] Global solution is consistent after updating with local path
[LNS] Successfully updated global solution with pseudo-agent local paths!
[Current_Solution] Updating global solution for agent 20
[Current_Solution] Global solution is consistent after updating with local path
[LNS] Successfully updated global solution with pseudo-agent local paths!
[LNS] Updating path map with new local paths...
[LNS] Successfully updated global solution with local paths and pseudo agents!
[Solve_local_zone] Successfully solved local zone
[LNS] Successfully solved local zone
[LNS] Analyzing conflicts...
[LNS] Current solution: vertex collisions=37, edge collisions=5
[LNS] Creating conflict buckets...
[LOCAL ZONE] Building diamond bucket for conflict 0
[LOCAL ZONE] Built diamond bucket for conflict 0 with 5 positions, 1 conflicts, 18 - 18 time window
[LOCAL ZONE] Building diamond bucket for conflict 1
[LOCAL ZONE] Built diamond bucket for conflict 1 with 5 positions, 1 conflicts, 18 - 18 time window
[LOCAL ZONE] Building diamond bucket for conflict 2
[LOCAL ZONE] Built diamond bucket for conflict 2 with 5 positions, 1 conflicts, 18 - 18 time window
[LOCAL ZONE] Building diamond bucket for conflict 37
[LOCAL ZONE] Built diamond bucket for conflict 37 with 6 positions, 1 conflicts, 18 - 18 time window
[LNS] Selected most relevant bucket 37 with time window: 18 - 18, 1 conflicts and 6 positions.
[LNS] Solving the best bucket Local Zone...
[Solve_local_zone] Current local zone size: 6 (0.650759% of all walkable positions)
[Solve_local_zone] Local zone time window: [17, 19]
[Create_Local_problem] Agent 11 contiguous intervals: [17, 19] 
[Create_Local_problem] Agent 11 exited the zone at exit time 19
[Create_Local_problem] Agent 14 contiguous intervals: [17, 19] 
[Create_Local_problem] Agent 14 exited the zone at exit time 19
[Waiting_time_Solve] Total available waiting time: 1733
[Waiting_time_Solve] Iteration 0...
[SAT] Start solving CNF: 10 clauses and 6 variables
[SAT] Solving local zone with SAT iteration 1...
[SAT] Local CNF: 10 clauses 

DEBUG: Adding 10 new clauses to MiniSAT (incremental run)
DEBUG: Clause load summary: input=10, added=10, tautologies_skipped=0, duplicates_skipped=0, unit_clauses=6, empties=0, intra_clause_literals_removed=0, added_but_db_unchanged=4
DEBUG: After adding clauses, solver has 0 clauses and 6 variables
DEBUG: MiniSAT found 6 variables
DEBUG: Assignment size: 6
DEBUG: First few assignment values: 1 1 1 1 1 1 

=== DEBUG: cnf_assignment_to_paths ===
Input assignment size: 6

=== END DEBUG ===
[SAT] Found 0 vertex collisions and 1 edge collisions
[SAT] Adding collision clauses and solving again...
[SAT] Solving local zone with SAT iteration 2...
[SAT] Local CNF: 11 clauses 

DEBUG: Adding 1 new clauses to MiniSAT (incremental run)
[SAT] Local problem is unsatisfiable after 2 iterations
[SAT] Local problem appears to be unsatisfiable in current zone
[Waiting_time_Solve] No solution found, trying to apply waiting time:1
[Waiting_time_Solve] Applying waiting time delta 1 to segment 11
[Waiting_time_Solve] Original id: 11
[Create_Local_Problem] MDD already aligned to the time window
[Waiting_time_Solve] Path length: 47
[Waiting_time_Solve] Makespan: 46
[Waiting_time_Solve] Segment exit time: 20
[Waiting_time_Solve] Path length after shifting suffix: 47
[Waiting_time_Solve] path length after inserting segment path: 47
[Waiting_time_Solve] inserting following segments
[Waiting_time_Solve] curren pos_it: 0
[Waiting_time_Solve] pushing new path into current solution
[Waiting_time_Solve] New path is consistent after applying waiting time for agent 11
[Current_Solution] Agent 11 used 1 waiting timesteps, 14 remaining
[Waiting_time_Solve] Applied 1 waiting time to segment 11 for agent 11
[Waiting_time_Solve] Waiting time applied
[Waiting_time_Solve] Extended Zone end time from 19 to 20
[Create_Local_Problem] Agent 11 is being scanned from timestep 20 to 20
[Create_Local_problem] Agent 11 contiguous intervals: [20, 20] 
[Create_Local_problem] Agent 11 exited the zone at exit time 20
[Create_Local_Problem] Agent 11 is already extended to the end of the previous zone: 20
[Create_Local_Problem] Agent 14 is being scanned from timestep 20 to 20
[Create_Local_problem] Agent 14 contiguous intervals: [20, 20] 
[Create_Local_problem] Agent 14 exited the zone at exit time 20
[Create_Local_Problem] Agent 14 is continuing in the zone until timestep 20
[Create_Local_Problem] Agent 14old segment entry, exit: 17, 19
[Create_Local_Problem] Agent 14new segment entry, exit: 20, 20
[Waiting_time_Solve] Iteration 1...
[SAT] Start solving CNF: 18 clauses and 10 variables
[SAT] Solving local zone with SAT iteration 1...
[SAT] Local CNF: 19 clauses 

DEBUG: Adding 19 new clauses to MiniSAT (incremental run)
DEBUG: Clause load summary: input=19, added=19, tautologies_skipped=0, duplicates_skipped=0, unit_clauses=6, empties=0, intra_clause_literals_removed=0, added_but_db_unchanged=5
DEBUG: After adding clauses, solver has 8 clauses and 10 variables
DEBUG: MiniSAT found 10 variables
DEBUG: Assignment size: 10
DEBUG: First few assignment values: 1 1 1 1 1 0 1 0 1 1 

=== DEBUG: cnf_assignment_to_paths ===
Input assignment size: 10

=== END DEBUG ===
[SAT] Found 1 vertex collisions and 0 edge collisions
[SAT] Adding collision clauses and solving again...
[SAT] Solving local zone with SAT iteration 2...
[SAT] Local CNF: 20 clauses 

DEBUG: Adding 1 new clauses to MiniSAT (incremental run)
[SAT] Local problem is unsatisfiable after 2 iterations
[SAT] Local problem appears to be unsatisfiable in current zone
[Waiting_time_Solve] No solution found, trying to apply waiting time:2
[Waiting_time_Solve] Applying waiting time delta 2 to segment 11
[Waiting_time_Solve] Original id: 11
[Create_Local_Problem] MDD already aligned to the time window
[Waiting_time_Solve] Path length: 47
[Waiting_time_Solve] Makespan: 46
[Waiting_time_Solve] Segment exit time: 22
[Waiting_time_Solve] Path length after shifting suffix: 47
[Waiting_time_Solve] path length after inserting segment path: 47
[Waiting_time_Solve] inserting following segments
[Waiting_time_Solve] curren pos_it: 0
[Waiting_time_Solve] pushing new path into current solution
[Waiting_time_Solve] New path is consistent after applying waiting time for agent 11
[Current_Solution] Agent 11 used 2 waiting timesteps, 12 remaining
[Waiting_time_Solve] Applied 2 waiting time to segment 11 for agent 11
[Waiting_time_Solve] Waiting time applied
[Waiting_time_Solve] Extended Zone end time from 20 to 22
[Create_Local_Problem] Agent 11 is being scanned from timestep 21 to 22
[Create_Local_problem] Agent 11 contiguous intervals: [21, 22] 
[Create_Local_problem] Agent 11 exited the zone at exit time 22
[Create_Local_Problem] Agent 11 is already extended to the end of the previous zone: 22
[Create_Local_Problem] Agent 60 is being scanned from timestep 21 to 22
[Create_Local_problem] Agent 60 contiguous intervals: [22, 22] 
[Create_Local_problem] Agent 60 exited the zone at exit time 22
[Create_Local_Problem] Agent 60 is new in the zone
[Waiting_time_Solve] Iteration 2...
[SAT] Start solving CNF: 59 clauses and 23 variables
[SAT] Solving local zone with SAT iteration 1...
[SAT] Local CNF: 61 clauses 

DEBUG: Adding 61 new clauses to MiniSAT (incremental run)
DEBUG: Clause load summary: input=61, added=61, tautologies_skipped=0, duplicates_skipped=0, unit_clauses=7, empties=0, intra_clause_literals_removed=0, added_but_db_unchanged=8
DEBUG: After adding clauses, solver has 46 clauses and 23 variables
DEBUG: MiniSAT found 23 variables
DEBUG: Assignment size: 23
DEBUG: First few assignment values: 1 1 1 1 1 1 0 1 0 1 

=== DEBUG: cnf_assignment_to_paths ===
Input assignment size: 23

=== END DEBUG ===
[SAT] Found 0 vertex collisions and 0 edge collisions
[SAT] Found collision-free local solution!
[Waiting_time_Solve] Solution found, updating global solution
[LNS] Updating global solution with pseudo-agent local paths...
[Current_Solution] Updating global solution for agent 60
[Current_Solution] Global solution is consistent after updating with local path
[LNS] Successfully updated global solution with pseudo-agent local paths!
[Current_Solution] Updating global solution for agent 14
[Current_Solution] INFO: Segment 14 exit adjusted from 19 to 20 due to waiting time
[Current_Solution] Segment 14 lengthened by 1 timesteps; shifting suffix
[Current_Solution] Global solution is consistent before shifting suffix
[Current_Solution] Global solution is consistent after shifting suffix
[Current_Solution] Global solution is consistent after updating with local path
[LNS] Successfully updated global solution with pseudo-agent local paths!
[Current_Solution] Updating global solution for agent 11
[Current_Solution] INFO: Segment 11 exit adjusted from 19 to 22 due to waiting time
[Current_Solution] Segment 11 lengthened by 3 timesteps; shifting suffix
[Current_Solution] Global solution is consistent before shifting suffix
[Current_Solution] Global solution is consistent after shifting suffix
[Current_Solution] Global solution is consistent after updating with local path
[LNS] Successfully updated global solution with pseudo-agent local paths!
[LNS] Updating path map with new local paths...
[LNS] Successfully updated global solution with local paths and pseudo agents!
[Solve_local_zone] Successfully solved local zone
[LNS] Successfully solved local zone
[LNS] Analyzing conflicts...
[LNS] Current solution: vertex collisions=38, edge collisions=4
[LNS] Creating conflict buckets...
[LOCAL ZONE] Building diamond bucket for conflict 0
[LOCAL ZONE] Built diamond bucket for conflict 0 with 5 positions, 1 conflicts, 18 - 18 time window
[LOCAL ZONE] Building diamond bucket for conflict 1
[LOCAL ZONE] Built diamond bucket for conflict 1 with 5 positions, 1 conflicts, 18 - 18 time window
[LOCAL ZONE] Building diamond bucket for conflict 2
[LOCAL ZONE] Built diamond bucket for conflict 2 with 5 positions, 1 conflicts, 18 - 18 time window
[LNS] Selected most relevant bucket 0 with time window: 18 - 18, 1 conflicts and 5 positions.
[LNS] Solving the best bucket Local Zone...
[Solve_local_zone] Current local zone size: 5 (0.542299% of all walkable positions)
[Solve_local_zone] Local zone time window: [17, 19]
[Create_Local_problem] Agent 68 contiguous intervals: [17, 19] 
[Create_Local_problem] Agent 68 exited the zone at exit time 19
[Current_Solution] Agent 68 used 14 waiting timesteps, 27 remaining
[Create_Local_problem] Agent 79 contiguous intervals: [17, 19] 
[Create_Local_problem] Agent 79 exited the zone at exit time 19
[Waiting_time_Solve] Total available waiting time: 1716
[Waiting_time_Solve] Iteration 0...
[SAT] Start solving CNF: 24 clauses and 10 variables
[SAT] Solving local zone with SAT iteration 1...
[SAT] Local CNF: 24 clauses 

DEBUG: Adding 24 new clauses to MiniSAT (incremental run)
DEBUG: Clause load summary: input=24, added=24, tautologies_skipped=0, duplicates_skipped=0, unit_clauses=5, empties=0, intra_clause_literals_removed=0, added_but_db_unchanged=7
DEBUG: After adding clauses, solver has 12 clauses and 10 variables
DEBUG: MiniSAT found 10 variables
DEBUG: Assignment size: 10
DEBUG: First few assignment values: 1 1 1 1 0 1 0 0 0 1 

=== DEBUG: cnf_assignment_to_paths ===
Input assignment size: 10

=== END DEBUG ===
[SAT] Found 0 vertex collisions and 0 edge collisions
[SAT] Found collision-free local solution!
[Waiting_time_Solve] Solution found, updating global solution
[LNS] Updating global solution with pseudo-agent local paths...
[Current_Solution] Updating global solution for agent 79
[Current_Solution] Global solution is consistent after updating with local path
[LNS] Successfully updated global solution with pseudo-agent local paths!
[Current_Solution] Updating global solution for agent 68
[Current_Solution] Global solution is consistent after updating with local path
[LNS] Successfully updated global solution with pseudo-agent local paths!
[LNS] Updating path map with new local paths...
[LNS] Successfully updated global solution with local paths and pseudo agents!
[Solve_local_zone] Successfully solved local zone
[LNS] Successfully solved local zone
[LNS] Analyzing conflicts...
[LNS] Current solution: vertex collisions=37, edge collisions=4
[LNS] Creating conflict buckets...
[LOCAL ZONE] Building diamond bucket for conflict 0
[LOCAL ZONE] Built diamond bucket for conflict 0 with 5 positions, 1 conflicts, 18 - 18 time window
[LOCAL ZONE] Building diamond bucket for conflict 1
[LOCAL ZONE] Built diamond bucket for conflict 1 with 5 positions, 1 conflicts, 18 - 18 time window
[LNS] Selected most relevant bucket 0 with time window: 18 - 18, 1 conflicts and 5 positions.
[LNS] Solving the best bucket Local Zone...
[Solve_local_zone] Current local zone size: 5 (0.542299% of all walkable positions)
[Solve_local_zone] Local zone time window: [17, 19]
[Create_Local_problem] Agent 1 contiguous intervals: [17, 19] 
[Create_Local_problem] Agent 1 exited the zone at exit time 19
[Current_Solution] Agent 1 used 6 waiting timesteps, 27 remaining
[Create_Local_problem] Agent 53 contiguous intervals: [17, 19] 
[Create_Local_problem] Agent 53 exited the zone at exit time 19
[Create_Local_problem] Agent 64 contiguous intervals: [17, 19] 
[Create_Local_problem] Agent 64 exited the zone at exit time 19
[Current_Solution] Agent 64 used 12 waiting timesteps, 27 remaining
[Waiting_time_Solve] Total available waiting time: 1698
[Waiting_time_Solve] Iteration 0...
[SAT] Start solving CNF: 31 clauses and 14 variables
[SAT] Solving local zone with SAT iteration 1...
[SAT] Local CNF: 31 clauses 

DEBUG: Adding 31 new clauses to MiniSAT (incremental run)
DEBUG: Clause load summary: input=31, added=31, tautologies_skipped=0, duplicates_skipped=0, unit_clauses=7, empties=0, intra_clause_literals_removed=0, added_but_db_unchanged=9
DEBUG: After adding clauses, solver has 15 clauses and 14 variables
DEBUG: MiniSAT found 14 variables
DEBUG: Assignment size: 14
DEBUG: First few assignment values: 1 0 1 0 0 0 1 1 1 1 

=== DEBUG: cnf_assignment_to_paths ===
Input assignment size: 14

=== END DEBUG ===
[SAT] Found 1 vertex collisions and 1 edge collisions
[SAT] Adding collision clauses and solving again...
[SAT] Solving local zone with SAT iteration 2...
[SAT] Local CNF: 33 clauses 

DEBUG: Adding 2 new clauses to MiniSAT (incremental run)
DEBUG: Clause load summary: input=2, added=2, tautologies_skipped=0, duplicates_skipped=0, unit_clauses=0, empties=0, intra_clause_literals_removed=0, added_but_db_unchanged=2
DEBUG: After adding clauses, solver has 15 clauses and 14 variables
DEBUG: MiniSAT found 14 variables
DEBUG: Assignment size: 14
DEBUG: First few assignment values: 1 0 0 1 0 0 1 1 1 1 

=== DEBUG: cnf_assignment_to_paths ===
Input assignment size: 14

=== END DEBUG ===
[SAT] Found 1 vertex collisions and 0 edge collisions
[SAT] Adding collision clauses and solving again...
[SAT] Solving local zone with SAT iteration 3...
[SAT] Local CNF: 34 clauses 

DEBUG: Adding 1 new clauses to MiniSAT (incremental run)
DEBUG: Clause load summary: input=1, added=1, tautologies_skipped=0, duplicates_skipped=0, unit_clauses=0, empties=0, intra_clause_literals_removed=0, added_but_db_unchanged=1
DEBUG: After adding clauses, solver has 15 clauses and 14 variables
DEBUG: MiniSAT found 14 variables
DEBUG: Assignment size: 14
DEBUG: First few assignment values: 1 0 0 0 1 0 1 1 1 1 

=== DEBUG: cnf_assignment_to_paths ===
Input assignment size: 14

=== END DEBUG ===
[SAT] Found 0 vertex collisions and 0 edge collisions
[SAT] Found collision-free local solution!
[Waiting_time_Solve] Solution found, updating global solution
[LNS] Updating global solution with pseudo-agent local paths...
[Current_Solution] Updating global solution for agent 64
[Current_Solution] Global solution is consistent after updating with local path
[LNS] Successfully updated global solution with pseudo-agent local paths!
[Current_Solution] Updating global solution for agent 53
[Current_Solution] Global solution is consistent after updating with local path
[LNS] Successfully updated global solution with pseudo-agent local paths!
[Current_Solution] Updating global solution for agent 1
[Current_Solution] Global solution is consistent after updating with local path
[LNS] Successfully updated global solution with pseudo-agent local paths!
[LNS] Updating path map with new local paths...
[LNS] Successfully updated global solution with local paths and pseudo agents!
[Solve_local_zone] Successfully solved local zone
[LNS] Successfully solved local zone
[LNS] Analyzing conflicts...
[LNS] Current solution: vertex collisions=36, edge collisions=4
[LNS] Creating conflict buckets...
[LOCAL ZONE] Building diamond bucket for conflict 0
[LOCAL ZONE] Built diamond bucket for conflict 0 with 5 positions, 1 conflicts, 18 - 18 time window
[LNS] Selected most relevant bucket 0 with time window: 18 - 18, 1 conflicts and 5 positions.
[LNS] Solving the best bucket Local Zone...
[Solve_local_zone] Current local zone size: 5 (0.542299% of all walkable positions)
[Solve_local_zone] Local zone time window: [17, 19]
[Create_Local_problem] Agent 39 contiguous intervals: [17, 19] 
[Create_Local_problem] Agent 39 exited the zone at exit time 19
[Create_Local_problem] Agent 41 contiguous intervals: [17, 19] 
[Create_Local_problem] Agent 41 exited the zone at exit time 19
[Current_Solution] Agent 41 used 3 waiting timesteps, 27 remaining
[Create_Local_problem] Agent 42 contiguous intervals: [17, 17] 
[Create_Local_problem] Agent 42 exited the zone at exit time 17
[Waiting_time_Solve] Total available waiting time: 1695
[Waiting_time_Solve] Iteration 0...
[SAT] Start solving CNF: 25 clauses and 11 variables
[SAT] Solving local zone with SAT iteration 1...
[SAT] Local CNF: 25 clauses 

DEBUG: Adding 25 new clauses to MiniSAT (incremental run)
DEBUG: Clause load summary: input=25, added=25, tautologies_skipped=0, duplicates_skipped=0, unit_clauses=6, empties=0, intra_clause_literals_removed=0, added_but_db_unchanged=7
DEBUG: After adding clauses, solver has 12 clauses and 11 variables
DEBUG: MiniSAT found 11 variables
DEBUG: Assignment size: 11
DEBUG: First few assignment values: 1 1 0 1 0 0 0 1 1 1 

=== DEBUG: cnf_assignment_to_paths ===
Input assignment size: 11

=== END DEBUG ===
[SAT] Found 0 vertex collisions and 1 edge collisions
[SAT] Adding collision clauses and solving again...
[SAT] Solving local zone with SAT iteration 2...
[SAT] Local CNF: 26 clauses 

DEBUG: Adding 1 new clauses to MiniSAT (incremental run)
DEBUG: Clause load summary: input=1, added=1, tautologies_skipped=0, duplicates_skipped=0, unit_clauses=0, empties=0, intra_clause_literals_removed=0, added_but_db_unchanged=1
DEBUG: After adding clauses, solver has 12 clauses and 11 variables
DEBUG: MiniSAT found 11 variables
DEBUG: Assignment size: 11
DEBUG: First few assignment values: 1 1 0 0 1 0 0 1 1 1 

=== DEBUG: cnf_assignment_to_paths ===
Input assignment size: 11

=== END DEBUG ===
[SAT] Found 0 vertex collisions and 0 edge collisions
[SAT] Found collision-free local solution!
[Waiting_time_Solve] Solution found, updating global solution
[LNS] Updating global solution with pseudo-agent local paths...
[Current_Solution] Updating global solution for agent 42
[Current_Solution] Global solution is consistent after updating with local path
[LNS] Successfully updated global solution with pseudo-agent local paths!
[Current_Solution] Updating global solution for agent 41
[Current_Solution] Global solution is consistent after updating with local path
[LNS] Successfully updated global solution with pseudo-agent local paths!
[Current_Solution] Updating global solution for agent 39
[Current_Solution] Global solution is consistent after updating with local path
[LNS] Successfully updated global solution with pseudo-agent local paths!
[LNS] Updating path map with new local paths...
[LNS] Successfully updated global solution with local paths and pseudo agents!
[Solve_local_zone] Successfully solved local zone
[LNS] Successfully solved local zone
[LNS] Analyzing conflicts...
[LNS] Current solution: vertex collisions=35, edge collisions=4
[LNS] Creating conflict buckets...
[LOCAL ZONE] Building diamond bucket for conflict 0
[LOCAL ZONE] Built diamond bucket for conflict 0 with 5 positions, 1 conflicts, 19 - 19 time window
[LNS] Selected most relevant bucket 0 with time window: 19 - 19, 1 conflicts and 5 positions.
[LNS] Solving the best bucket Local Zone...
[Solve_local_zone] Current local zone size: 5 (0.542299% of all walkable positions)
[Solve_local_zone] Local zone time window: [18, 20]
[Create_Local_problem] Agent 33 contiguous intervals: [18, 20] 
[Create_Local_problem] Agent 33 exited the zone at exit time 20
[Create_Local_problem] Agent 67 contiguous intervals: [18, 20] 
[Create_Local_problem] Agent 67 exited the zone at exit time 20
[Current_Solution] Agent 67 used 8 waiting timesteps, 26 remaining
[Waiting_time_Solve] Total available waiting time: 1687
[Waiting_time_Solve] Iteration 0...
[SAT] Start solving CNF: 24 clauses and 10 variables
[SAT] Solving local zone with SAT iteration 1...
[SAT] Local CNF: 24 clauses 

DEBUG: Adding 24 new clauses to MiniSAT (incremental run)
DEBUG: Clause load summary: input=24, added=24, tautologies_skipped=0, duplicates_skipped=0, unit_clauses=5, empties=0, intra_clause_literals_removed=0, added_but_db_unchanged=7
DEBUG: After adding clauses, solver has 12 clauses and 10 variables
DEBUG: MiniSAT found 10 variables
DEBUG: Assignment size: 10
DEBUG: First few assignment values: 1 0 1 0 0 0 1 1 1 1 

=== DEBUG: cnf_assignment_to_paths ===
Input assignment size: 10

=== END DEBUG ===
[SAT] Found 0 vertex collisions and 1 edge collisions
[SAT] Adding collision clauses and solving again...
[SAT] Solving local zone with SAT iteration 2...
[SAT] Local CNF: 25 clauses 

DEBUG: Adding 1 new clauses to MiniSAT (incremental run)
DEBUG: Clause load summary: input=1, added=1, tautologies_skipped=0, duplicates_skipped=0, unit_clauses=0, empties=0, intra_clause_literals_removed=0, added_but_db_unchanged=1
DEBUG: After adding clauses, solver has 12 clauses and 10 variables
DEBUG: MiniSAT found 10 variables
DEBUG: Assignment size: 10
DEBUG: First few assignment values: 1 0 0 1 0 0 1 1 1 1 

=== DEBUG: cnf_assignment_to_paths ===
Input assignment size: 10

=== END DEBUG ===
[SAT] Found 0 vertex collisions and 0 edge collisions
[SAT] Found collision-free local solution!
[Waiting_time_Solve] Solution found, updating global solution
[LNS] Updating global solution with pseudo-agent local paths...
[Current_Solution] Updating global solution for agent 67
[Current_Solution] Global solution is consistent after updating with local path
[LNS] Successfully updated global solution with pseudo-agent local paths!
[Current_Solution] Updating global solution for agent 33
[Current_Solution] Global solution is consistent after updating with local path
[LNS] Successfully updated global solution with pseudo-agent local paths!
[LNS] Updating path map with new local paths...
[LNS] Successfully updated global solution with local paths and pseudo agents!
[Solve_local_zone] Successfully solved local zone
[LNS] Successfully solved local zone
[LNS] Analyzing conflicts...
[LNS] Current solution: vertex collisions=34, edge collisions=4
[LNS] Creating conflict buckets...
[LOCAL ZONE] Building diamond bucket for conflict 0
[LOCAL ZONE] Built diamond bucket for conflict 0 with 5 positions, 1 conflicts, 20 - 20 time window
[LNS] Selected most relevant bucket 0 with time window: 20 - 20, 1 conflicts and 5 positions.
[LNS] Solving the best bucket Local Zone...
[Solve_local_zone] Current local zone size: 5 (0.542299% of all walkable positions)
[Solve_local_zone] Local zone time window: [19, 21]
[Create_Local_problem] Agent 0 contiguous intervals: [19, 21] 
[Create_Local_problem] Agent 0 exited the zone at exit time 21
[Current_Solution] Agent 0 used 10 waiting timesteps, 25 remaining
[Create_Local_problem] Agent 37 contiguous intervals: [19, 21] 
[Create_Local_problem] Agent 37 exited the zone at exit time 21
[Current_Solution] Agent 37 used 2 waiting timesteps, 25 remaining
[Create_Local_problem] Agent 52 contiguous intervals: [19, 21] 
[Create_Local_problem] Agent 52 exited the zone at exit time 21
[Waiting_time_Solve] Total available waiting time: 1675
[Waiting_time_Solve] Iteration 0...
[SAT] Start solving CNF: 31 clauses and 14 variables
[SAT] Solving local zone with SAT iteration 1...
[SAT] Local CNF: 31 clauses 

DEBUG: Adding 31 new clauses to MiniSAT (incremental run)
DEBUG: Clause load summary: input=31, added=31, tautologies_skipped=0, duplicates_skipped=0, unit_clauses=7, empties=0, intra_clause_literals_removed=0, added_but_db_unchanged=9
DEBUG: After adding clauses, solver has 15 clauses and 14 variables
DEBUG: MiniSAT found 14 variables
DEBUG: Assignment size: 14
DEBUG: First few assignment values: 1 0 1 1 1 1 1 1 1 0 

=== DEBUG: cnf_assignment_to_paths ===
Input assignment size: 14

=== END DEBUG ===
[SAT] Found 1 vertex collisions and 0 edge collisions
[SAT] Adding collision clauses and solving again...
[SAT] Solving local zone with SAT iteration 2...
[SAT] Local CNF: 32 clauses 

DEBUG: Adding 1 new clauses to MiniSAT (incremental run)
DEBUG: Clause load summary: input=1, added=1, tautologies_skipped=0, duplicates_skipped=0, unit_clauses=0, empties=0, intra_clause_literals_removed=0, added_but_db_unchanged=0
DEBUG: After adding clauses, solver has 16 clauses and 14 variables
DEBUG: MiniSAT found 14 variables
DEBUG: Assignment size: 14
DEBUG: First few assignment values: 1 1 0 1 1 1 1 1 1 0 

=== DEBUG: cnf_assignment_to_paths ===
Input assignment size: 14

=== END DEBUG ===
[SAT] Found 1 vertex collisions and 2 edge collisions
[SAT] Adding collision clauses and solving again...
[SAT] Solving local zone with SAT iteration 3...
[SAT] Local CNF: 35 clauses 

DEBUG: Adding 3 new clauses to MiniSAT (incremental run)
DEBUG: Clause load summary: input=3, added=3, tautologies_skipped=0, duplicates_skipped=0, unit_clauses=0, empties=0, intra_clause_literals_removed=0, added_but_db_unchanged=3
DEBUG: After adding clauses, solver has 16 clauses and 14 variables
DEBUG: MiniSAT found 14 variables
DEBUG: Assignment size: 14
DEBUG: First few assignment values: 1 0 1 1 1 1 1 1 0 0 

=== DEBUG: cnf_assignment_to_paths ===
Input assignment size: 14

=== END DEBUG ===
[SAT] Found 1 vertex collisions and 0 edge collisions
[SAT] Adding collision clauses and solving again...
[SAT] Solving local zone with SAT iteration 4...
[SAT] Local CNF: 36 clauses 

DEBUG: Adding 1 new clauses to MiniSAT (incremental run)
DEBUG: Clause load summary: input=1, added=1, tautologies_skipped=0, duplicates_skipped=0, unit_clauses=0, empties=0, intra_clause_literals_removed=0, added_but_db_unchanged=1
DEBUG: After adding clauses, solver has 16 clauses and 14 variables
DEBUG: MiniSAT found 14 variables
DEBUG: Assignment size: 14
DEBUG: First few assignment values: 1 0 1 1 1 1 1 1 0 0 

=== DEBUG: cnf_assignment_to_paths ===
Input assignment size: 14

=== END DEBUG ===
[SAT] Found 0 vertex collisions and 0 edge collisions
[SAT] Found collision-free local solution!
[Waiting_time_Solve] Solution found, updating global solution
[LNS] Updating global solution with pseudo-agent local paths...
[Current_Solution] Updating global solution for agent 37
[Current_Solution] Global solution is consistent after updating with local path
[LNS] Successfully updated global solution with pseudo-agent local paths!
[Current_Solution] Updating global solution for agent 52
[Current_Solution] Global solution is consistent after updating with local path
[LNS] Successfully updated global solution with pseudo-agent local paths!
[Current_Solution] Updating global solution for agent 0
[Current_Solution] Global solution is consistent after updating with local path
[LNS] Successfully updated global solution with pseudo-agent local paths!
[LNS] Updating path map with new local paths...
[LNS] Successfully updated global solution with local paths and pseudo agents!
[Solve_local_zone] Successfully solved local zone
[LNS] Successfully solved local zone
[LNS] Analyzing conflicts...
[LNS] Current solution: vertex collisions=33, edge collisions=4
[LNS] Creating conflict buckets...
[LOCAL ZONE] Building diamond bucket for conflict 0
[LOCAL ZONE] Built diamond bucket for conflict 0 with 9 positions, 4 conflicts, 22 - 24 time window
[LOCAL ZONE] Building diamond bucket for conflict 1
[LOCAL ZONE] Built diamond bucket for conflict 1 with 5 positions, 1 conflicts, 22 - 22 time window
[LOCAL ZONE] Building diamond bucket for conflict 2
[LOCAL ZONE] Built diamond bucket for conflict 2 with 4 positions, 1 conflicts, 22 - 22 time window
[LOCAL ZONE] Building diamond bucket for conflict 3
[LOCAL ZONE] Built diamond bucket for conflict 3 with 5 positions, 1 conflicts, 22 - 22 time window
[LNS] Selected most relevant bucket 0 with time window: 22 - 24, 4 conflicts and 9 positions.
[LNS] Solving the best bucket Local Zone...
[Solve_local_zone] Current local zone size: 9 (0.976139% of all walkable positions)
[Solve_local_zone] Local zone time window: [21, 25]
[Create_Local_problem] Agent 9 contiguous intervals: [21, 25] 
[Create_Local_problem] Agent 9 exited the zone at exit time 25
[Current_Solution] Agent 9 used 6 waiting timesteps, 21 remaining
[Create_Local_problem] Agent 18 contiguous intervals: [21, 25] 
[Create_Local_problem] Agent 18 exited the zone at exit time 25
[Current_Solution] Agent 18 used 3 waiting timesteps, 21 remaining
[Create_Local_problem] Agent 33 contiguous intervals: [21, 25] 
[Create_Local_problem] Agent 33 exited the zone at exit time 25
[Create_Local_problem] Agent 60 contiguous intervals: [23, 23] 
[Create_Local_problem] Agent 60 exited the zone at exit time 23
[Create_Local_problem] Agent 61 contiguous intervals: [21, 24] 
[Create_Local_problem] Agent 61 exited the zone at exit time 24
[Waiting_time_Solve] Total available waiting time: 1666
[Waiting_time_Solve] Iteration 0...
[SAT] Start solving CNF: 131 clauses and 45 variables
[SAT] Solving local zone with SAT iteration 1...
[SAT] Local CNF: 131 clauses 

DEBUG: Adding 131 new clauses to MiniSAT (incremental run)
DEBUG: Clause load summary: input=131, added=131, tautologies_skipped=0, duplicates_skipped=0, unit_clauses=12, empties=0, intra_clause_literals_removed=0, added_but_db_unchanged=15
DEBUG: After adding clauses, solver has 104 clauses and 45 variables
DEBUG: MiniSAT found 45 variables
DEBUG: Assignment size: 45
DEBUG: First few assignment values: 1 1 1 0 1 1 0 1 1 1 

=== DEBUG: cnf_assignment_to_paths ===
Input assignment size: 45

=== END DEBUG ===
[SAT] Found 1 vertex collisions and 1 edge collisions
[SAT] Adding collision clauses and solving again...
[SAT] Solving local zone with SAT iteration 2...
[SAT] Local CNF: 133 clauses 

DEBUG: Adding 2 new clauses to MiniSAT (incremental run)
DEBUG: Clause load summary: input=2, added=2, tautologies_skipped=0, duplicates_skipped=0, unit_clauses=0, empties=0, intra_clause_literals_removed=0, added_but_db_unchanged=1
DEBUG: After adding clauses, solver has 105 clauses and 45 variables
DEBUG: MiniSAT found 45 variables
DEBUG: Assignment size: 45
DEBUG: First few assignment values: 1 1 1 1 0 1 0 1 1 1 

=== DEBUG: cnf_assignment_to_paths ===
Input assignment size: 45

=== END DEBUG ===
[SAT] Found 0 vertex collisions and 0 edge collisions
[SAT] Found collision-free local solution!
[Waiting_time_Solve] Solution found, updating global solution
[LNS] Updating global solution with pseudo-agent local paths...
[Current_Solution] Updating global solution for agent 60
[Current_Solution] Global solution is consistent after updating with local path
[LNS] Successfully updated global solution with pseudo-agent local paths!
[Current_Solution] Updating global solution for agent 33
[Current_Solution] Global solution is consistent after updating with local path
[LNS] Successfully updated global solution with pseudo-agent local paths!
[Current_Solution] Updating global solution for agent 18
[Current_Solution] Global solution is consistent after updating with local path
[LNS] Successfully updated global solution with pseudo-agent local paths!
[Current_Solution] Updating global solution for agent 61
[Current_Solution] Global solution is consistent after updating with local path
[LNS] Successfully updated global solution with pseudo-agent local paths!
[Current_Solution] Updating global solution for agent 9
[Current_Solution] Global solution is consistent after updating with local path
[LNS] Successfully updated global solution with pseudo-agent local paths!
[LNS] Updating path map with new local paths...
[LNS] Successfully updated global solution with local paths and pseudo agents!
[Solve_local_zone] Successfully solved local zone
[LNS] Successfully solved local zone
[LNS] Analyzing conflicts...
[LNS] Current solution: vertex collisions=30, edge collisions=3
[LNS] Creating conflict buckets...
[LOCAL ZONE] Building diamond bucket for conflict 0
[LOCAL ZONE] Built diamond bucket for conflict 0 with 5 positions, 1 conflicts, 22 - 22 time window
[LOCAL ZONE] Building diamond bucket for conflict 1
[LOCAL ZONE] Built diamond bucket for conflict 1 with 4 positions, 1 conflicts, 22 - 22 time window
[LOCAL ZONE] Building diamond bucket for conflict 2
[LOCAL ZONE] Built diamond bucket for conflict 2 with 5 positions, 1 conflicts, 22 - 22 time window
[LNS] Selected most relevant bucket 0 with time window: 22 - 22, 1 conflicts and 5 positions.
[LNS] Solving the best bucket Local Zone...
[Solve_local_zone] Current local zone size: 5 (0.542299% of all walkable positions)
[Solve_local_zone] Local zone time window: [21, 23]
[Create_Local_problem] Agent 8 contiguous intervals: [21, 23] 
[Create_Local_problem] Agent 8 exited the zone at exit time 23
[Create_Local_problem] Agent 27 contiguous intervals: [21, 23] 
[Create_Local_problem] Agent 27 exited the zone at exit time 23
[Waiting_time_Solve] Total available waiting time: 1666
[Waiting_time_Solve] Iteration 0...
[SAT] Start solving CNF: 10 clauses and 6 variables
[SAT] Solving local zone with SAT iteration 1...
[SAT] Local CNF: 10 clauses 

DEBUG: Adding 10 new clauses to MiniSAT (incremental run)
DEBUG: Clause load summary: input=10, added=10, tautologies_skipped=0, duplicates_skipped=0, unit_clauses=6, empties=0, intra_clause_literals_removed=0, added_but_db_unchanged=4
DEBUG: After adding clauses, solver has 0 clauses and 6 variables
DEBUG: MiniSAT found 6 variables
DEBUG: Assignment size: 6
DEBUG: First few assignment values: 1 1 1 1 1 1 

=== DEBUG: cnf_assignment_to_paths ===
Input assignment size: 6

=== END DEBUG ===
[SAT] Found 1 vertex collisions and 0 edge collisions
[SAT] Adding collision clauses and solving again...
[SAT] Solving local zone with SAT iteration 2...
[SAT] Local CNF: 11 clauses 

DEBUG: Adding 1 new clauses to MiniSAT (incremental run)
[SAT] Local problem is unsatisfiable after 2 iterations
[SAT] Local problem appears to be unsatisfiable in current zone
[Waiting_time_Solve] No solution found, trying to apply waiting time:1
[Waiting_time_Solve] Applying waiting time delta 1 to segment 27
[Waiting_time_Solve] Original id: 27
[Create_Local_Problem] MDD already aligned to the time window
[Waiting_time_Solve] Path length: 47
[Waiting_time_Solve] Makespan: 46
[Waiting_time_Solve] Segment exit time: 24
[Waiting_time_Solve] Path length after shifting suffix: 47
[Waiting_time_Solve] path length after inserting segment path: 47
[Waiting_time_Solve] inserting following segments
[Waiting_time_Solve] curren pos_it: 1
[Waiting_time_Solve] pushing new path into current solution
[Waiting_time_Solve] New path is consistent after applying waiting time for agent 27
[Current_Solution] Agent 27 used 1 waiting timesteps, 16 remaining
[Waiting_time_Solve] Applied 1 waiting time to segment 27 for agent 27
[Waiting_time_Solve] Waiting time applied
[Waiting_time_Solve] Extended Zone end time from 23 to 24
[Create_Local_Problem] Agent 27 is being scanned from timestep 24 to 24
[Create_Local_problem] Agent 27 contiguous intervals: [24, 24] 
[Create_Local_problem] Agent 27 exited the zone at exit time 24
[Create_Local_Problem] Agent 27 is already extended to the end of the previous zone: 24
[Waiting_time_Solve] Iteration 1...
[SAT] Start solving CNF: 16 clauses and 9 variables
[SAT] Solving local zone with SAT iteration 1...
[SAT] Local CNF: 17 clauses 

DEBUG: Adding 17 new clauses to MiniSAT (incremental run)
DEBUG: Clause load summary: input=17, added=17, tautologies_skipped=0, duplicates_skipped=0, unit_clauses=5, empties=0, intra_clause_literals_removed=0, added_but_db_unchanged=5
DEBUG: After adding clauses, solver has 7 clauses and 9 variables
DEBUG: MiniSAT found 9 variables
DEBUG: Assignment size: 9
DEBUG: First few assignment values: 1 0 1 0 1 1 1 1 1 

=== DEBUG: cnf_assignment_to_paths ===
Input assignment size: 9

=== END DEBUG ===
[SAT] Found 0 vertex collisions and 0 edge collisions
[SAT] Found collision-free local solution!
[Waiting_time_Solve] Solution found, updating global solution
[LNS] Updating global solution with pseudo-agent local paths...
[Current_Solution] Updating global solution for agent 27
[Current_Solution] INFO: Segment 27 exit adjusted from 23 to 24 due to waiting time
[Current_Solution] Segment 27 lengthened by 1 timesteps; shifting suffix
[Current_Solution] Global solution is consistent before shifting suffix
[Current_Solution] Global solution is consistent after shifting suffix
[Current_Solution] Global solution is consistent after updating with local path
[LNS] Successfully updated global solution with pseudo-agent local paths!
[Current_Solution] Updating global solution for agent 8
[Current_Solution] Global solution is consistent after updating with local path
[LNS] Successfully updated global solution with pseudo-agent local paths!
[LNS] Updating path map with new local paths...
[LNS] Successfully updated global solution with local paths and pseudo agents!
[Solve_local_zone] Successfully solved local zone
[LNS] Successfully solved local zone
[LNS] Analyzing conflicts...
[LNS] Current solution: vertex collisions=29, edge collisions=3
[LNS] Creating conflict buckets...
[LOCAL ZONE] Building diamond bucket for conflict 0
[LOCAL ZONE] Built diamond bucket for conflict 0 with 4 positions, 1 conflicts, 22 - 22 time window
[LOCAL ZONE] Building diamond bucket for conflict 1
[LOCAL ZONE] Built diamond bucket for conflict 1 with 5 positions, 1 conflicts, 22 - 22 time window
[LNS] Selected most relevant bucket 1 with time window: 22 - 22, 1 conflicts and 5 positions.
[LNS] Solving the best bucket Local Zone...
[Solve_local_zone] Current local zone size: 5 (0.542299% of all walkable positions)
[Solve_local_zone] Local zone time window: [21, 23]
[Create_Local_problem] Agent 3 contiguous intervals: [21, 23] 
[Create_Local_problem] Agent 3 exited the zone at exit time 23
[Create_Local_problem] Agent 77 contiguous intervals: [21, 23] 
[Create_Local_problem] Agent 77 exited the zone at exit time 23
[Current_Solution] Agent 77 used 7 waiting timesteps, 23 remaining
[Waiting_time_Solve] Total available waiting time: 1658
[Waiting_time_Solve] Iteration 0...
[SAT] Start solving CNF: 24 clauses and 10 variables
[SAT] Solving local zone with SAT iteration 1...
[SAT] Local CNF: 24 clauses 

DEBUG: Adding 24 new clauses to MiniSAT (incremental run)
DEBUG: Clause load summary: input=24, added=24, tautologies_skipped=0, duplicates_skipped=0, unit_clauses=5, empties=0, intra_clause_literals_removed=0, added_but_db_unchanged=7
DEBUG: After adding clauses, solver has 12 clauses and 10 variables
DEBUG: MiniSAT found 10 variables
DEBUG: Assignment size: 10
DEBUG: First few assignment values: 1 0 1 0 0 0 1 1 1 1 

=== DEBUG: cnf_assignment_to_paths ===
Input assignment size: 10

=== END DEBUG ===
[SAT] Found 0 vertex collisions and 1 edge collisions
[SAT] Adding collision clauses and solving again...
[SAT] Solving local zone with SAT iteration 2...
[SAT] Local CNF: 25 clauses 

DEBUG: Adding 1 new clauses to MiniSAT (incremental run)
DEBUG: Clause load summary: input=1, added=1, tautologies_skipped=0, duplicates_skipped=0, unit_clauses=0, empties=0, intra_clause_literals_removed=0, added_but_db_unchanged=1
DEBUG: After adding clauses, solver has 12 clauses and 10 variables
DEBUG: MiniSAT found 10 variables
DEBUG: Assignment size: 10
DEBUG: First few assignment values: 1 0 0 1 0 0 1 1 1 1 

=== DEBUG: cnf_assignment_to_paths ===
Input assignment size: 10

=== END DEBUG ===
[SAT] Found 0 vertex collisions and 0 edge collisions
[SAT] Found collision-free local solution!
[Waiting_time_Solve] Solution found, updating global solution
[LNS] Updating global solution with pseudo-agent local paths...
[Current_Solution] Updating global solution for agent 77
[Current_Solution] Global solution is consistent after updating with local path
[LNS] Successfully updated global solution with pseudo-agent local paths!
[Current_Solution] Updating global solution for agent 3
[Current_Solution] Global solution is consistent after updating with local path
[LNS] Successfully updated global solution with pseudo-agent local paths!
[LNS] Updating path map with new local paths...
[LNS] Successfully updated global solution with local paths and pseudo agents!
[Solve_local_zone] Successfully solved local zone
[LNS] Successfully solved local zone
[LNS] Analyzing conflicts...
[LNS] Current solution: vertex collisions=28, edge collisions=3
[LNS] Creating conflict buckets...
[LOCAL ZONE] Building diamond bucket for conflict 0
[LOCAL ZONE] Built diamond bucket for conflict 0 with 4 positions, 1 conflicts, 22 - 22 time window
[LNS] Selected most relevant bucket 0 with time window: 22 - 22, 1 conflicts and 4 positions.
[LNS] Solving the best bucket Local Zone...
[Solve_local_zone] Current local zone size: 4 (0.433839% of all walkable positions)
[Solve_local_zone] Local zone time window: [21, 23]
[Create_Local_problem] Agent 5 contiguous intervals: [21, 23] 
[Create_Local_problem] Agent 5 exited the zone at exit time 23
[Create_Local_problem] Agent 30 contiguous intervals: [21, 23] 
[Create_Local_problem] Agent 30 exited the zone at exit time 23
[Waiting_time_Solve] Total available waiting time: 1658
[Waiting_time_Solve] Iteration 0...
[SAT] Start solving CNF: 10 clauses and 6 variables
[SAT] Solving local zone with SAT iteration 1...
[SAT] Local CNF: 10 clauses 

DEBUG: Adding 10 new clauses to MiniSAT (incremental run)
DEBUG: Clause load summary: input=10, added=10, tautologies_skipped=0, duplicates_skipped=0, unit_clauses=6, empties=0, intra_clause_literals_removed=0, added_but_db_unchanged=4
DEBUG: After adding clauses, solver has 0 clauses and 6 variables
DEBUG: MiniSAT found 6 variables
DEBUG: Assignment size: 6
DEBUG: First few assignment values: 1 1 1 1 1 1 

=== DEBUG: cnf_assignment_to_paths ===
Input assignment size: 6

=== END DEBUG ===
[SAT] Found 1 vertex collisions and 0 edge collisions
[SAT] Adding collision clauses and solving again...
[SAT] Solving local zone with SAT iteration 2...
[SAT] Local CNF: 11 clauses 

DEBUG: Adding 1 new clauses to MiniSAT (incremental run)
[SAT] Local problem is unsatisfiable after 2 iterations
[SAT] Local problem appears to be unsatisfiable in current zone
[Waiting_time_Solve] No solution found, trying to apply waiting time:1
[Waiting_time_Solve] Applying waiting time delta 1 to segment 30
[Waiting_time_Solve] Original id: 30
[Create_Local_Problem] MDD already aligned to the time window
[Waiting_time_Solve] Path length: 47
[Waiting_time_Solve] Makespan: 46
[Waiting_time_Solve] Segment exit time: 24
[Waiting_time_Solve] Path length after shifting suffix: 47
[Waiting_time_Solve] path length after inserting segment path: 47
[Waiting_time_Solve] inserting following segments
[Waiting_time_Solve] curren pos_it: 1
[Waiting_time_Solve] pushing new path into current solution
[Waiting_time_Solve] New path is consistent after applying waiting time for agent 30
[Current_Solution] Agent 30 used 1 waiting timesteps, 10 remaining
[Waiting_time_Solve] Applied 1 waiting time to segment 30 for agent 30
[Waiting_time_Solve] Waiting time applied
[Waiting_time_Solve] Extended Zone end time from 23 to 24
[Create_Local_Problem] Agent 30 is being scanned from timestep 24 to 24
[Create_Local_problem] Agent 30 contiguous intervals: [24, 24] 
[Create_Local_problem] Agent 30 exited the zone at exit time 24
[Create_Local_Problem] Agent 30 is already extended to the end of the previous zone: 24
[Waiting_time_Solve] Iteration 1...
[SAT] Start solving CNF: 16 clauses and 9 variables
[SAT] Solving local zone with SAT iteration 1...
[SAT] Local CNF: 17 clauses 

DEBUG: Adding 17 new clauses to MiniSAT (incremental run)
DEBUG: Clause load summary: input=17, added=17, tautologies_skipped=0, duplicates_skipped=0, unit_clauses=5, empties=0, intra_clause_literals_removed=0, added_but_db_unchanged=5
DEBUG: After adding clauses, solver has 7 clauses and 9 variables
DEBUG: MiniSAT found 9 variables
DEBUG: Assignment size: 9
DEBUG: First few assignment values: 1 0 1 0 1 1 1 1 1 

=== DEBUG: cnf_assignment_to_paths ===
Input assignment size: 9

=== END DEBUG ===
[SAT] Found 0 vertex collisions and 1 edge collisions
[SAT] Adding collision clauses and solving again...
[SAT] Solving local zone with SAT iteration 2...
[SAT] Local CNF: 18 clauses 

DEBUG: Adding 1 new clauses to MiniSAT (incremental run)
[SAT] Local problem is unsatisfiable after 2 iterations
[SAT] Local problem appears to be unsatisfiable in current zone
[Waiting_time_Solve] No solution found, trying to apply waiting time:2
[Waiting_time_Solve] Applying waiting time delta 2 to segment 30
[Waiting_time_Solve] Original id: 30
[Create_Local_Problem] MDD already aligned to the time window
[Waiting_time_Solve] Path length: 47
[Waiting_time_Solve] Makespan: 46
[Waiting_time_Solve] Segment exit time: 26
[Waiting_time_Solve] Path length after shifting suffix: 47
[Waiting_time_Solve] path length after inserting segment path: 47
[Waiting_time_Solve] inserting following segments
[Waiting_time_Solve] curren pos_it: 1
[Waiting_time_Solve] pushing new path into current solution
[Waiting_time_Solve] New path is consistent after applying waiting time for agent 30
[Current_Solution] Agent 30 used 2 waiting timesteps, 8 remaining
[Waiting_time_Solve] Applied 2 waiting time to segment 30 for agent 30
[Waiting_time_Solve] Waiting time applied
[Waiting_time_Solve] Extended Zone end time from 24 to 26
[Create_Local_Problem] Agent 30 is being scanned from timestep 25 to 26
[Create_Local_problem] Agent 30 contiguous intervals: [25, 26] 
[Create_Local_problem] Agent 30 exited the zone at exit time 26
[Create_Local_Problem] Agent 30 is already extended to the end of the previous zone: 26
[Create_Local_Problem] Agent 52 is being scanned from timestep 25 to 26
[Create_Local_problem] Agent 52 contiguous intervals: [25, 26] 
[Create_Local_problem] Agent 52 exited the zone at exit time 26
[Create_Local_Problem] Agent 52 is new in the zone
[Waiting_time_Solve] Iteration 2...
[SAT] Start solving CNF: 41 clauses and 19 variables
[SAT] Solving local zone with SAT iteration 1...
[SAT] Local CNF: 43 clauses 

DEBUG: Adding 43 new clauses to MiniSAT (incremental run)
DEBUG: Clause load summary: input=43, added=43, tautologies_skipped=0, duplicates_skipped=0, unit_clauses=7, empties=0, intra_clause_literals_removed=0, added_but_db_unchanged=7
DEBUG: After adding clauses, solver has 29 clauses and 19 variables
DEBUG: MiniSAT found 19 variables
DEBUG: Assignment size: 19
DEBUG: First few assignment values: 1 1 1 0 1 1 0 0 0 0 

=== DEBUG: cnf_assignment_to_paths ===
Input assignment size: 19

=== END DEBUG ===
[SAT] Found 1 vertex collisions and 0 edge collisions
[SAT] Adding collision clauses and solving again...
[SAT] Solving local zone with SAT iteration 2...
[SAT] Local CNF: 44 clauses 

DEBUG: Adding 1 new clauses to MiniSAT (incremental run)
[SAT] Local problem is unsatisfiable after 2 iterations
[SAT] Local problem appears to be unsatisfiable in current zone
[Waiting_time_Solve] No solution found, trying to apply waiting time:3
[Waiting_time_Solve] Applying waiting time delta 3 to segment 30
[Waiting_time_Solve] Original id: 30
[Create_Local_Problem] MDD already aligned to the time window
[Waiting_time_Solve] Path length: 47
[Waiting_time_Solve] Makespan: 46
[Waiting_time_Solve] Segment exit time: 29
[Waiting_time_Solve] Path length after shifting suffix: 47
[Waiting_time_Solve] path length after inserting segment path: 47
[Waiting_time_Solve] inserting following segments
[Waiting_time_Solve] curren pos_it: 1
[Waiting_time_Solve] pushing new path into current solution
[Waiting_time_Solve] New path is consistent after applying waiting time for agent 30
[Current_Solution] Agent 30 used 3 waiting timesteps, 5 remaining
[Waiting_time_Solve] Applied 3 waiting time to segment 30 for agent 30
[Waiting_time_Solve] Waiting time applied
[Waiting_time_Solve] Extended Zone end time from 26 to 29
[Create_Local_Problem] Agent 3 is being scanned from timestep 27 to 29
[Create_Local_problem] Agent 3 contiguous intervals: [28, 29] 
[Create_Local_problem] Agent 3 exited the zone at exit time 29
[Create_Local_Problem] Agent 3 is new in the zone
[Create_Local_Problem] Agent 30 is being scanned from timestep 27 to 29
[Create_Local_problem] Agent 30 contiguous intervals: [27, 29] 
[Create_Local_problem] Agent 30 exited the zone at exit time 29
[Create_Local_Problem] Agent 30 is already extended to the end of the previous zone: 29
[Create_Local_Problem] Agent 52 is being scanned from timestep 27 to 29
[Create_Local_problem] Agent 52 contiguous intervals: [27, 27] 
[Create_Local_problem] Agent 52 exited the zone at exit time 27
[Create_Local_Problem] Agent 52 is continuing in the zone until timestep 27
[Create_Local_Problem] Agent 52old segment entry, exit: 25, 26
[Create_Local_Problem] Agent 52new segment entry, exit: 27, 27
[Create_Local_Problem] Agent 70 is being scanned from timestep 27 to 29
[Create_Local_problem] Agent 70 contiguous intervals: [29, 29] 
[Create_Local_problem] Agent 70 exited the zone at exit time 29
[Create_Local_Problem] Agent 70 is new in the zone
[Waiting_time_Solve] Iteration 3...
[SAT] Start solving CNF: 80 clauses and 35 variables
[SAT] Solving local zone with SAT iteration 1...
[SAT] Local CNF: 83 clauses 

DEBUG: Adding 83 new clauses to MiniSAT (incremental run)
[SAT] Local problem is unsatisfiable after 1 iterations
[SAT] Local problem appears to be unsatisfiable in current zone
[Waiting_time_Solve] No solution found, trying to apply waiting time:4
[Waiting_time_Solve] No waiting time applied
[Waiting_time_Solve] No solution found
[Waiting_time_Solve] Restoring original paths
[Waiting_time_Solve] Restoring waiting times
[Current_Solution] Restored waiting times from backup
[Current_Solution] Restored paths from backup
[Solve_local_zone] Zone with expansion factor 0failed
[Solve_local_zone] Expanding zone with offset 2 (original: 1)
[Solve_local_zone] Final expanded zone contains 11 positions with 1 conflicts 
[Solve_local_zone] New time window: [20, 24]
[Solve_local_zone] Current local zone size: 11 (1.19306% of all walkable positions)
[Solve_local_zone] Local zone time window: [20, 24]
[Create_Local_problem] Agent 5 contiguous intervals: [20, 24] 
[Create_Local_problem] Agent 5 exited the zone at exit time 24
[Create_Local_problem] Agent 30 contiguous intervals: [20, 24] 
[Create_Local_problem] Agent 30 exited the zone at exit time 24
[Create_Local_problem] Agent 44 contiguous intervals: [20, 24] 
[Create_Local_problem] Agent 44 exited the zone at exit time 24
[Current_Solution] Agent 44 used 6 waiting timesteps, 22 remaining
[Create_Local_problem] Agent 52 contiguous intervals: [24, 24] 
[Create_Local_problem] Agent 52 exited the zone at exit time 24
[Waiting_time_Solve] Total available waiting time: 1652
[Waiting_time_Solve] Iteration 0...
[SAT] Start solving CNF: 46 clauses and 22 variables
[SAT] Solving local zone with SAT iteration 1...
[SAT] Local CNF: 46 clauses 

DEBUG: Adding 46 new clauses to MiniSAT (incremental run)
DEBUG: Clause load summary: input=46, added=46, tautologies_skipped=0, duplicates_skipped=0, unit_clauses=13, empties=0, intra_clause_literals_removed=0, added_but_db_unchanged=10
DEBUG: After adding clauses, solver has 23 clauses and 22 variables
DEBUG: MiniSAT found 22 variables
DEBUG: Assignment size: 22
DEBUG: First few assignment values: 1 1 1 1 1 1 1 0 1 0 

=== DEBUG: cnf_assignment_to_paths ===
Input assignment size: 22

=== END DEBUG ===
[SAT] Found 2 vertex collisions and 0 edge collisions
[SAT] Adding collision clauses and solving again...
[SAT] Solving local zone with SAT iteration 2...
[SAT] Local CNF: 48 clauses 

DEBUG: Adding 2 new clauses to MiniSAT (incremental run)
[SAT] Local problem is unsatisfiable after 2 iterations
[SAT] Local problem appears to be unsatisfiable in current zone
[Waiting_time_Solve] No solution found, trying to apply waiting time:1
[Waiting_time_Solve] Applying waiting time delta 1 to segment 30
[Waiting_time_Solve] Original id: 30
[Create_Local_Problem] MDD already aligned to the time window
[Waiting_time_Solve] Path length: 47
[Waiting_time_Solve] Makespan: 46
[Waiting_time_Solve] Segment exit time: 25
[Waiting_time_Solve] Path length after shifting suffix: 47
[Waiting_time_Solve] path length after inserting segment path: 47
[Waiting_time_Solve] inserting following segments
[Waiting_time_Solve] curren pos_it: 1
[Waiting_time_Solve] pushing new path into current solution
[Waiting_time_Solve] New path is consistent after applying waiting time for agent 30
[Current_Solution] Agent 30 used 1 waiting timesteps, 10 remaining
[Waiting_time_Solve] Applied 1 waiting time to segment 30 for agent 30
[Waiting_time_Solve] Applying waiting time delta 1 to segment 52
[Waiting_time_Solve] Original id: 52
[Create_Local_Problem] MDD already aligned to the time window
[Waiting_time_Solve] Path length: 47
[Waiting_time_Solve] Makespan: 46
[Waiting_time_Solve] Segment exit time: 25
[Waiting_time_Solve] Path length after shifting suffix: 47
[Waiting_time_Solve] path length after inserting segment path: 47
[Waiting_time_Solve] inserting following segments
[Waiting_time_Solve] curren pos_it: 3
[Waiting_time_Solve] pushing new path into current solution
[Waiting_time_Solve] New path is consistent after applying waiting time for agent 52
[Current_Solution] Agent 52 used 1 waiting timesteps, 9 remaining
[Waiting_time_Solve] Applied 1 waiting time to segment 52 for agent 52
[Waiting_time_Solve] Waiting time applied
[Waiting_time_Solve] Extended Zone end time from 24 to 25
[Create_Local_Problem] Agent 30 is being scanned from timestep 25 to 25
[Create_Local_problem] Agent 30 contiguous intervals: [25, 25] 
[Create_Local_problem] Agent 30 exited the zone at exit time 25
[Create_Local_Problem] Agent 30 is already extended to the end of the previous zone: 25
[Create_Local_Problem] Agent 44 is being scanned from timestep 25 to 25
[Create_Local_problem] Agent 44 contiguous intervals: [25, 25] 
[Create_Local_problem] Agent 44 exited the zone at exit time 25
[Create_Local_Problem] Agent 44 is continuing in the zone until timestep 25
[Create_Local_Problem] Agent 44old segment entry, exit: 20, 24
[Create_Local_Problem] Agent 44new segment entry, exit: 25, 25
[Current_Solution] Agent 44 used 1 waiting timesteps, 21 remaining
[Create_Local_Problem] Agent 52 is being scanned from timestep 25 to 25
[Create_Local_problem] Agent 52 contiguous intervals: [25, 25] 
[Create_Local_problem] Agent 52 exited the zone at exit time 25
[Create_Local_Problem] Agent 52 is already extended to the end of the previous zone: 25
[Waiting_time_Solve] Iteration 1...
[SAT] Start solving CNF: 74 clauses and 33 variables
[SAT] Solving local zone with SAT iteration 1...
[SAT] Local CNF: 76 clauses 

DEBUG: Adding 76 new clauses to MiniSAT (incremental run)
[SAT] Local problem is unsatisfiable after 1 iterations
[SAT] Local problem appears to be unsatisfiable in current zone
[Waiting_time_Solve] No solution found, trying to apply waiting time:2
[Waiting_time_Solve] No waiting time applied
[Waiting_time_Solve] No solution found
[Waiting_time_Solve] Restoring original paths
[Waiting_time_Solve] Restoring waiting times
[Current_Solution] Restored waiting times from backup
[Current_Solution] Restored paths from backup
[Solve_local_zone] Zone with expansion factor 1failed
[Solve_local_zone] Expanding zone with offset 3 (original: 1)
[Solve_local_zone] Final expanded zone contains 19 positions with 1 conflicts 
[Solve_local_zone] New time window: [19, 25]
[Solve_local_zone] Current local zone size: 19 (2.06074% of all walkable positions)
[Solve_local_zone] Local zone time window: [19, 25]
[Create_Local_problem] Agent 5 contiguous intervals: [19, 25] 
[Create_Local_problem] Agent 5 exited the zone at exit time 25
[Create_Local_problem] Agent 30 contiguous intervals: [19, 25] 
[Create_Local_problem] Agent 30 exited the zone at exit time 25
[Create_Local_problem] Agent 44 contiguous intervals: [19, 25] 
[Create_Local_problem] Agent 44 exited the zone at exit time 25
[Current_Solution] Agent 44 used 7 waiting timesteps, 21 remaining
[Create_Local_problem] Agent 52 contiguous intervals: [23, 25] 
[Create_Local_problem] Agent 52 exited the zone at exit time 25
[Waiting_time_Solve] Total available waiting time: 1651
[Waiting_time_Solve] Iteration 0...
[SAT] Start solving CNF: 172 clauses and 52 variables
[SAT] Solving local zone with SAT iteration 1...
[SAT] Local CNF: 172 clauses 

DEBUG: Adding 172 new clauses to MiniSAT (incremental run)
DEBUG: Clause load summary: input=172, added=172, tautologies_skipped=0, duplicates_skipped=0, unit_clauses=18, empties=0, intra_clause_literals_removed=0, added_but_db_unchanged=18
DEBUG: After adding clauses, solver has 136 clauses and 52 variables
DEBUG: MiniSAT found 52 variables
DEBUG: Assignment size: 52
DEBUG: First few assignment values: 1 1 1 1 1 1 1 1 1 1 

=== DEBUG: cnf_assignment_to_paths ===
Input assignment size: 52

=== END DEBUG ===
[SAT] Found 2 vertex collisions and 0 edge collisions
[SAT] Adding collision clauses and solving again...
[SAT] Solving local zone with SAT iteration 2...
[SAT] Local CNF: 174 clauses 

DEBUG: Adding 2 new clauses to MiniSAT (incremental run)
[SAT] Local problem is unsatisfiable after 2 iterations
[SAT] Local problem appears to be unsatisfiable in current zone
[Waiting_time_Solve] No solution found, trying to apply waiting time:1
[Waiting_time_Solve] Applying waiting time delta 1 to segment 30
[Waiting_time_Solve] Original id: 30
[Create_Local_Problem] MDD already aligned to the time window
[Waiting_time_Solve] Path length: 47
[Waiting_time_Solve] Makespan: 46
[Waiting_time_Solve] Segment exit time: 26
[Waiting_time_Solve] Path length after shifting suffix: 47
[Waiting_time_Solve] path length after inserting segment path: 47
[Waiting_time_Solve] inserting following segments
[Waiting_time_Solve] curren pos_it: 1
[Waiting_time_Solve] pushing new path into current solution
[Waiting_time_Solve] New path is consistent after applying waiting time for agent 30
[Current_Solution] Agent 30 used 1 waiting timesteps, 10 remaining
[Waiting_time_Solve] Applied 1 waiting time to segment 30 for agent 30
[Waiting_time_Solve] Applying waiting time delta 1 to segment 52
[Waiting_time_Solve] Original id: 52
[Create_Local_Problem] MDD already aligned to the time window
[Waiting_time_Solve] Path length: 47
[Waiting_time_Solve] Makespan: 46
[Waiting_time_Solve] Segment exit time: 26
[Waiting_time_Solve] Path length after shifting suffix: 47
[Waiting_time_Solve] path length after inserting segment path: 47
[Waiting_time_Solve] inserting following segments
[Waiting_time_Solve] curren pos_it: 3
[Waiting_time_Solve] pushing new path into current solution
[Waiting_time_Solve] New path is consistent after applying waiting time for agent 52
[Current_Solution] Agent 52 used 1 waiting timesteps, 9 remaining
[Waiting_time_Solve] Applied 1 waiting time to segment 52 for agent 52
[Waiting_time_Solve] Waiting time applied
[Waiting_time_Solve] Extended Zone end time from 25 to 26
[Create_Local_Problem] Agent 3 is being scanned from timestep 26 to 26
[Create_Local_problem] Agent 3 contiguous intervals: [26, 26] 
[Create_Local_problem] Agent 3 exited the zone at exit time 26
[Create_Local_Problem] Agent 3 is new in the zone
[Create_Local_Problem] Agent 30 is being scanned from timestep 26 to 26
[Create_Local_problem] Agent 30 contiguous intervals: [26, 26] 
[Create_Local_problem] Agent 30 exited the zone at exit time 26
[Create_Local_Problem] Agent 30 is already extended to the end of the previous zone: 26
[Create_Local_Problem] Agent 44 is being scanned from timestep 26 to 26
[Create_Local_problem] Agent 44 contiguous intervals: [26, 26] 
[Create_Local_problem] Agent 44 exited the zone at exit time 26
[Create_Local_Problem] Agent 44 is continuing in the zone until timestep 26
[Create_Local_Problem] Agent 44old segment entry, exit: 19, 25
[Create_Local_Problem] Agent 44new segment entry, exit: 26, 26
[Current_Solution] Agent 44 used 1 waiting timesteps, 20 remaining
[Create_Local_Problem] Agent 52 is being scanned from timestep 26 to 26
[Create_Local_problem] Agent 52 contiguous intervals: [26, 26] 
[Create_Local_problem] Agent 52 exited the zone at exit time 26
[Create_Local_Problem] Agent 52 is already extended to the end of the previous zone: 26
[Waiting_time_Solve] Iteration 1...
[SAT] Start solving CNF: 249 clauses and 73 variables
[SAT] Solving local zone with SAT iteration 1...
[SAT] Local CNF: 251 clauses 

DEBUG: Adding 251 new clauses to MiniSAT (incremental run)
DEBUG: Clause load summary: input=251, added=251, tautologies_skipped=0, duplicates_skipped=0, unit_clauses=13, empties=0, intra_clause_literals_removed=0, added_but_db_unchanged=16
DEBUG: After adding clauses, solver has 222 clauses and 73 variables
DEBUG: MiniSAT found 73 variables
DEBUG: Assignment size: 73
DEBUG: First few assignment values: 1 1 0 1 0 1 1 1 0 1 

=== DEBUG: cnf_assignment_to_paths ===
Input assignment size: 73

=== END DEBUG ===
[SAT] Found 0 vertex collisions and 2 edge collisions
[SAT] Adding collision clauses and solving again...
[SAT] Solving local zone with SAT iteration 2...
[SAT] Local CNF: 253 clauses 

DEBUG: Adding 2 new clauses to MiniSAT (incremental run)
[SAT] Local problem is unsatisfiable after 2 iterations
[SAT] Local problem appears to be unsatisfiable in current zone
[Waiting_time_Solve] No solution found, trying to apply waiting time:2
[Waiting_time_Solve] Applying waiting time delta 2 to segment 30
[Waiting_time_Solve] Original id: 30
[Create_Local_Problem] MDD already aligned to the time window
[Waiting_time_Solve] Path length: 47
[Waiting_time_Solve] Makespan: 46
[Waiting_time_Solve] Segment exit time: 28
[Waiting_time_Solve] Path length after shifting suffix: 47
[Waiting_time_Solve] path length after inserting segment path: 47
[Waiting_time_Solve] inserting following segments
[Waiting_time_Solve] curren pos_it: 1
[Waiting_time_Solve] pushing new path into current solution
[Waiting_time_Solve] New path is consistent after applying waiting time for agent 30
[Current_Solution] Agent 30 used 2 waiting timesteps, 8 remaining
[Waiting_time_Solve] Applied 2 waiting time to segment 30 for agent 30
[Waiting_time_Solve] Applying waiting time delta 2 to segment 52
[Waiting_time_Solve] Original id: 52
[Create_Local_Problem] MDD already aligned to the time window
[Waiting_time_Solve] Path length: 47
[Waiting_time_Solve] Makespan: 46
[Waiting_time_Solve] Segment exit time: 28
[Waiting_time_Solve] Path length after shifting suffix: 47
[Waiting_time_Solve] path length after inserting segment path: 47
[Waiting_time_Solve] inserting following segments
[Waiting_time_Solve] curren pos_it: 3
[Waiting_time_Solve] pushing new path into current solution
[Waiting_time_Solve] New path is consistent after applying waiting time for agent 52
[Current_Solution] Agent 52 used 2 waiting timesteps, 7 remaining
[Waiting_time_Solve] Applied 2 waiting time to segment 52 for agent 52
[Waiting_time_Solve] Waiting time applied
[Waiting_time_Solve] Extended Zone end time from 26 to 28
[Create_Local_Problem] Agent 3 is being scanned from timestep 27 to 28
[Create_Local_problem] Agent 3 contiguous intervals: [27, 28] 
[Create_Local_problem] Agent 3 exited the zone at exit time 28
[Create_Local_Problem] Agent 3 is continuing in the zone until timestep 28
[Create_Local_Problem] Agent 3old segment entry, exit: 26, 26
[Create_Local_Problem] Agent 3new segment entry, exit: 27, 28
[Create_Local_Problem] Agent 30 is being scanned from timestep 27 to 28
[Create_Local_problem] Agent 30 contiguous intervals: [27, 28] 
[Create_Local_problem] Agent 30 exited the zone at exit time 28
[Create_Local_Problem] Agent 30 is already extended to the end of the previous zone: 28
[Create_Local_Problem] Agent 44 is being scanned from timestep 27 to 28
[Create_Local_problem] Agent 44 contiguous intervals: [27, 28] 
[Create_Local_problem] Agent 44 exited the zone at exit time 28
[Create_Local_Problem] Agent 44 is continuing in the zone until timestep 28
[Create_Local_Problem] Agent 44old segment entry, exit: 19, 26
[Create_Local_Problem] Agent 44new segment entry, exit: 27, 28
[Current_Solution] Agent 44 used 2 waiting timesteps, 18 remaining
[Create_Local_Problem] Agent 52 is being scanned from timestep 27 to 28
[Create_Local_problem] Agent 52 contiguous intervals: [27, 28] 
[Create_Local_problem] Agent 52 exited the zone at exit time 28
[Create_Local_Problem] Agent 52 is already extended to the end of the previous zone: 28
[Create_Local_Problem] Agent 70 is being scanned from timestep 27 to 28
[Create_Local_problem] Agent 70 contiguous intervals: [27, 28] 
[Create_Local_problem] Agent 70 exited the zone at exit time 28
[Create_Local_Problem] Agent 70 is new in the zone
[Waiting_time_Solve] Iteration 2...
[SAT] Start solving CNF: 642 clauses and 147 variables
[SAT] Solving local zone with SAT iteration 1...
[SAT] Local CNF: 646 clauses 

DEBUG: Adding 646 new clauses to MiniSAT (incremental run)
DEBUG: Clause load summary: input=646, added=646, tautologies_skipped=0, duplicates_skipped=0, unit_clauses=17, empties=0, intra_clause_literals_removed=0, added_but_db_unchanged=23
DEBUG: After adding clauses, solver has 606 clauses and 147 variables
DEBUG: MiniSAT found 147 variables
DEBUG: Assignment size: 147
DEBUG: First few assignment values: 1 1 1 1 0 1 1 0 0 0 

=== DEBUG: cnf_assignment_to_paths ===
Input assignment size: 147

=== END DEBUG ===
[SAT] Found 5 vertex collisions and 0 edge collisions
[SAT] Adding collision clauses and solving again...
[SAT] Solving local zone with SAT iteration 2...
[SAT] Local CNF: 651 clauses 

DEBUG: Adding 5 new clauses to MiniSAT (incremental run)
[SAT] Local problem is unsatisfiable after 2 iterations
[SAT] Local problem appears to be unsatisfiable in current zone
[Waiting_time_Solve] No solution found, trying to apply waiting time:3
[Waiting_time_Solve] Applying waiting time delta 3 to segment 3
[Waiting_time_Solve] Original id: 3
[Create_Local_Problem] MDD already aligned to the time window
[Waiting_time_Solve] Path length: 47
[Waiting_time_Solve] Makespan: 46
[Waiting_time_Solve] Segment exit time: 31
[Waiting_time_Solve] Path length after shifting suffix: 47
[Waiting_time_Solve] path length after inserting segment path: 47
[Waiting_time_Solve] inserting following segments
[Waiting_time_Solve] curren pos_it: 4
[Waiting_time_Solve] pushing new path into current solution
[Waiting_time_Solve] New path is consistent after applying waiting time for agent 3
[Current_Solution] Agent 3 used 3 waiting timesteps, 4 remaining
[Waiting_time_Solve] Applied 3 waiting time to segment 3 for agent 3
[Waiting_time_Solve] Applying waiting time delta 3 to segment 30
[Waiting_time_Solve] Original id: 30
[Create_Local_Problem] MDD already aligned to the time window
[Waiting_time_Solve] Path length: 47
[Waiting_time_Solve] Makespan: 46
[Waiting_time_Solve] Segment exit time: 31
[Waiting_time_Solve] Path length after shifting suffix: 47
[Waiting_time_Solve] path length after inserting segment path: 47
[Waiting_time_Solve] inserting following segments
[Waiting_time_Solve] curren pos_it: 1
[Waiting_time_Solve] pushing new path into current solution
[Waiting_time_Solve] New path is consistent after applying waiting time for agent 30
[Current_Solution] Agent 30 used 3 waiting timesteps, 5 remaining
[Waiting_time_Solve] Applied 3 waiting time to segment 30 for agent 30
[Waiting_time_Solve] Applying waiting time delta 3 to segment 52
[Waiting_time_Solve] Original id: 52
[Create_Local_Problem] MDD already aligned to the time window
[Waiting_time_Solve] Path length: 47
[Waiting_time_Solve] Makespan: 46
[Waiting_time_Solve] Segment exit time: 31
[Waiting_time_Solve] Path length after shifting suffix: 47
[Waiting_time_Solve] path length after inserting segment path: 47
[Waiting_time_Solve] inserting following segments
[Waiting_time_Solve] curren pos_it: 3
[Waiting_time_Solve] pushing new path into current solution
[Waiting_time_Solve] New path is consistent after applying waiting time for agent 52
[Current_Solution] Agent 52 used 3 waiting timesteps, 4 remaining
[Waiting_time_Solve] Applied 3 waiting time to segment 52 for agent 52
[Waiting_time_Solve] Waiting time applied
[Waiting_time_Solve] Extended Zone end time from 28 to 31
[Create_Local_Problem] Agent 3 is being scanned from timestep 29 to 31
[Create_Local_problem] Agent 3 contiguous intervals: [29, 31] 
[Create_Local_problem] Agent 3 exited the zone at exit time 31
[Create_Local_Problem] Agent 3 is already extended to the end of the previous zone: 31
[Create_Local_Problem] Agent 30 is being scanned from timestep 29 to 31
[Create_Local_problem] Agent 30 contiguous intervals: [29, 31] 
[Create_Local_problem] Agent 30 exited the zone at exit time 31
[Create_Local_Problem] Agent 30 is already extended to the end of the previous zone: 31
[Create_Local_Problem] Agent 44 is being scanned from timestep 29 to 31
[Create_Local_problem] Agent 44 contiguous intervals: [29, 31] 
[Create_Local_problem] Agent 44 exited the zone at exit time 31
[Create_Local_Problem] Agent 44 is continuing in the zone until timestep 31
[Create_Local_Problem] Agent 44old segment entry, exit: 19, 28
[Create_Local_Problem] Agent 44new segment entry, exit: 29, 31
[Current_Solution] Agent 44 used 3 waiting timesteps, 15 remaining
[Create_Local_Problem] Agent 52 is being scanned from timestep 29 to 31
[Create_Local_problem] Agent 52 contiguous intervals: [29, 31] 
[Create_Local_problem] Agent 52 exited the zone at exit time 31
[Create_Local_Problem] Agent 52 is already extended to the end of the previous zone: 31
[Create_Local_Problem] Agent 70 is being scanned from timestep 29 to 31
[Create_Local_problem] Agent 70 contiguous intervals: [29, 31] 
[Create_Local_problem] Agent 70 exited the zone at exit time 31
[Create_Local_Problem] Agent 70 is continuing in the zone until timestep 31
[Create_Local_Problem] Agent 70old segment entry, exit: 27, 28
[Create_Local_Problem] Agent 70new segment entry, exit: 29, 31
[Waiting_time_Solve] Iteration 3...
[SAT] Start solving CNF: 2045 clauses and 319 variables
[SAT] Solving local zone with SAT iteration 1...
[SAT] Local CNF: 2054 clauses 

DEBUG: Adding 2054 new clauses to MiniSAT (incremental run)
[SAT] Local problem is unsatisfiable after 1 iterations
[SAT] Local problem appears to be unsatisfiable in current zone
[Waiting_time_Solve] No solution found, trying to apply waiting time:4
[Waiting_time_Solve] No waiting time applied
[Waiting_time_Solve] No solution found
[Waiting_time_Solve] Restoring original paths
[Waiting_time_Solve] Restoring waiting times
[Current_Solution] Restored waiting times from backup
[Current_Solution] Restored paths from backup
[Solve_local_zone] Zone with expansion factor 2failed
[Solve_local_zone] Expanding zone with offset 4 (original: 1)
[Solve_local_zone] Final expanded zone contains 31 positions with 1 conflicts 
[Solve_local_zone] New time window: [18, 26]
[Solve_local_zone] Current local zone size: 31 (3.36226% of all walkable positions)
[Solve_local_zone] Local zone time window: [18, 26]
[Create_Local_problem] Agent 3 contiguous intervals: [25, 26] 
[Create_Local_problem] Agent 3 exited the zone at exit time 26
[Create_Local_problem] Agent 5 contiguous intervals: [18, 26] 
[Create_Local_problem] Agent 5 exited the zone at exit time 26
[Create_Local_problem] Agent 30 contiguous intervals: [18, 26] 
[Create_Local_problem] Agent 30 exited the zone at exit time 26
[Create_Local_problem] Agent 32 contiguous intervals: [18, 19] 
[Create_Local_problem] Agent 32 exited the zone at exit time 19
[Create_Local_problem] Agent 44 contiguous intervals: [18, 26] 
[Create_Local_problem] Agent 44 exited the zone at exit time 26
[Current_Solution] Agent 44 used 8 waiting timesteps, 20 remaining
[Create_Local_problem] Agent 52 contiguous intervals: [22, 26] 
[Create_Local_problem] Agent 52 exited the zone at exit time 26
[Create_Local_problem] Agent 70 contiguous intervals: [26, 26] 
[Create_Local_problem] Agent 70 exited the zone at exit time 26
[Waiting_time_Solve] Total available waiting time: 1650
[Waiting_time_Solve] Iteration 0...
[SAT] Start solving CNF: 431 clauses and 97 variables
[SAT] Solving local zone with SAT iteration 1...
[SAT] Local CNF: 431 clauses 

DEBUG: Adding 431 new clauses to MiniSAT (incremental run)
DEBUG: Clause load summary: input=431, added=431, tautologies_skipped=0, duplicates_skipped=0, unit_clauses=26, empties=0, intra_clause_literals_removed=0, added_but_db_unchanged=23
DEBUG: After adding clauses, solver has 382 clauses and 97 variables
DEBUG: MiniSAT found 97 variables
DEBUG: Assignment size: 97
DEBUG: First few assignment values: 1 1 1 1 1 1 1 1 1 1 

=== DEBUG: cnf_assignment_to_paths ===
Input assignment size: 97

=== END DEBUG ===
[SAT] Found 1 vertex collisions and 1 edge collisions
[SAT] Adding collision clauses and solving again...
[SAT] Solving local zone with SAT iteration 2...
[SAT] Local CNF: 433 clauses 

DEBUG: Adding 2 new clauses to MiniSAT (incremental run)
[SAT] Local problem is unsatisfiable after 2 iterations
[SAT] Local problem appears to be unsatisfiable in current zone
[Waiting_time_Solve] No solution found, trying to apply waiting time:1
[Waiting_time_Solve] Applying waiting time delta 1 to segment 52
[Waiting_time_Solve] Original id: 52
[Create_Local_Problem] MDD already aligned to the time window
[Waiting_time_Solve] Path length: 47
[Waiting_time_Solve] Makespan: 46
[Waiting_time_Solve] Segment exit time: 27
[Waiting_time_Solve] Path length after shifting suffix: 47
[Waiting_time_Solve] path length after inserting segment path: 47
[Waiting_time_Solve] inserting following segments
[Waiting_time_Solve] curren pos_it: 5
[Waiting_time_Solve] pushing new path into current solution
[Waiting_time_Solve] New path is consistent after applying waiting time for agent 52
[Current_Solution] Agent 52 used 1 waiting timesteps, 9 remaining
[Waiting_time_Solve] Applied 1 waiting time to segment 52 for agent 52
[Waiting_time_Solve] Applying waiting time delta 1 to segment 3
[Waiting_time_Solve] Original id: 3
[Create_Local_Problem] MDD already aligned to the time window
[Waiting_time_Solve] Path length: 47
[Waiting_time_Solve] Makespan: 46
[Waiting_time_Solve] Segment exit time: 27
[Waiting_time_Solve] Path length after shifting suffix: 47
[Waiting_time_Solve] path length after inserting segment path: 47
[Waiting_time_Solve] inserting following segments
[Waiting_time_Solve] curren pos_it: 0
[Waiting_time_Solve] pushing new path into current solution
[Waiting_time_Solve] New path is consistent after applying waiting time for agent 3
[Current_Solution] Agent 3 used 1 waiting timesteps, 6 remaining
[Waiting_time_Solve] Applied 1 waiting time to segment 3 for agent 3
[Waiting_time_Solve] Waiting time applied
[Waiting_time_Solve] Extended Zone end time from 26 to 27
[Create_Local_Problem] Agent 3 is being scanned from timestep 27 to 27
[Create_Local_problem] Agent 3 contiguous intervals: [27, 27] 
[Create_Local_problem] Agent 3 exited the zone at exit time 27
[Create_Local_Problem] Agent 3 is already extended to the end of the previous zone: 27
[Create_Local_Problem] Agent 44 is being scanned from timestep 27 to 27
[Create_Local_problem] Agent 44 contiguous intervals: [27, 27] 
[Create_Local_problem] Agent 44 exited the zone at exit time 27
[Create_Local_Problem] Agent 44 is continuing in the zone until timestep 27
[Create_Local_Problem] Agent 44old segment entry, exit: 18, 26
[Create_Local_Problem] Agent 44new segment entry, exit: 27, 27
[Current_Solution] Agent 44 used 1 waiting timesteps, 19 remaining
[Create_Local_Problem] Agent 52 is being scanned from timestep 27 to 27
[Create_Local_problem] Agent 52 contiguous intervals: [27, 27] 
[Create_Local_problem] Agent 52 exited the zone at exit time 27
[Create_Local_Problem] Agent 52 is already extended to the end of the previous zone: 27
[Create_Local_Problem] Agent 70 is being scanned from timestep 27 to 27
[Create_Local_problem] Agent 70 contiguous intervals: [27, 27] 
[Create_Local_problem] Agent 70 exited the zone at exit time 27
[Create_Local_Problem] Agent 70 is continuing in the zone until timestep 27
[Create_Local_Problem] Agent 70old segment entry, exit: 26, 26
[Create_Local_Problem] Agent 70new segment entry, exit: 27, 27
[Waiting_time_Solve] Iteration 1...
[SAT] Start solving CNF: 584 clauses and 121 variables
[SAT] Solving local zone with SAT iteration 1...
[SAT] Local CNF: 586 clauses 

DEBUG: Adding 586 new clauses to MiniSAT (incremental run)
DEBUG: Clause load summary: input=586, added=586, tautologies_skipped=0, duplicates_skipped=0, unit_clauses=24, empties=0, intra_clause_literals_removed=0, added_but_db_unchanged=25
DEBUG: After adding clauses, solver has 537 clauses and 121 variables
DEBUG: MiniSAT found 121 variables
DEBUG: Assignment size: 121
DEBUG: First few assignment values: 1 0 1 0 1 0 1 0 1 1 

=== DEBUG: cnf_assignment_to_paths ===
Input assignment size: 121

=== END DEBUG ===
[SAT] Found 1 vertex collisions and 1 edge collisions
[SAT] Adding collision clauses and solving again...
[SAT] Solving local zone with SAT iteration 2...
[SAT] Local CNF: 588 clauses 

DEBUG: Adding 2 new clauses to MiniSAT (incremental run)
[SAT] Local problem is unsatisfiable after 2 iterations
[SAT] Local problem appears to be unsatisfiable in current zone
[Waiting_time_Solve] No solution found, trying to apply waiting time:2
[Waiting_time_Solve] Applying waiting time delta 2 to segment 3
[Waiting_time_Solve] Original id: 3
[Create_Local_Problem] MDD already aligned to the time window
[Waiting_time_Solve] Path length: 47
[Waiting_time_Solve] Makespan: 46
[Waiting_time_Solve] Segment exit time: 29
[Waiting_time_Solve] Path length after shifting suffix: 47
[Waiting_time_Solve] path length after inserting segment path: 47
[Waiting_time_Solve] inserting following segments
[Waiting_time_Solve] curren pos_it: 0
[Waiting_time_Solve] pushing new path into current solution
[Waiting_time_Solve] New path is consistent after applying waiting time for agent 3
[Current_Solution] Agent 3 used 2 waiting timesteps, 4 remaining
[Waiting_time_Solve] Applied 2 waiting time to segment 3 for agent 3
[Waiting_time_Solve] Applying waiting time delta 2 to segment 52
[Waiting_time_Solve] Original id: 52
[Create_Local_Problem] MDD already aligned to the time window
[Waiting_time_Solve] Path length: 47
[Waiting_time_Solve] Makespan: 46
[Waiting_time_Solve] Segment exit time: 29
[Waiting_time_Solve] Path length after shifting suffix: 47
[Waiting_time_Solve] path length after inserting segment path: 47
[Waiting_time_Solve] inserting following segments
[Waiting_time_Solve] curren pos_it: 5
[Waiting_time_Solve] pushing new path into current solution
[Waiting_time_Solve] New path is consistent after applying waiting time for agent 52
[Current_Solution] Agent 52 used 2 waiting timesteps, 7 remaining
[Waiting_time_Solve] Applied 2 waiting time to segment 52 for agent 52
[Waiting_time_Solve] Waiting time applied
[Waiting_time_Solve] Extended Zone end time from 27 to 29
[Create_Local_Problem] Agent 3 is being scanned from timestep 28 to 29
[Create_Local_problem] Agent 3 contiguous intervals: [28, 29] 
[Create_Local_problem] Agent 3 exited the zone at exit time 29
[Create_Local_Problem] Agent 3 is already extended to the end of the previous zone: 29
[Create_Local_Problem] Agent 44 is being scanned from timestep 28 to 29
[Create_Local_problem] Agent 44 contiguous intervals: [28, 29] 
[Create_Local_problem] Agent 44 exited the zone at exit time 29
[Create_Local_Problem] Agent 44 is continuing in the zone until timestep 29
[Create_Local_Problem] Agent 44old segment entry, exit: 18, 27
[Create_Local_Problem] Agent 44new segment entry, exit: 28, 29
[Current_Solution] Agent 44 used 2 waiting timesteps, 17 remaining
[Create_Local_Problem] Agent 52 is being scanned from timestep 28 to 29
[Create_Local_problem] Agent 52 contiguous intervals: [28, 29] 
[Create_Local_problem] Agent 52 exited the zone at exit time 29
[Create_Local_Problem] Agent 52 is already extended to the end of the previous zone: 29
[Create_Local_Problem] Agent 70 is being scanned from timestep 28 to 29
[Create_Local_problem] Agent 70 contiguous intervals: [28, 29] 
[Create_Local_problem] Agent 70 exited the zone at exit time 29
[Create_Local_Problem] Agent 70 is continuing in the zone until timestep 29
[Create_Local_Problem] Agent 70old segment entry, exit: 26, 27
[Create_Local_Problem] Agent 70new segment entry, exit: 28, 29
[Waiting_time_Solve] Iteration 2...
[SAT] Start solving CNF: 1186 clauses and 199 variables
[SAT] Solving local zone with SAT iteration 1...
[SAT] Local CNF: 1190 clauses 

DEBUG: Adding 1190 new clauses to MiniSAT (incremental run)
[SAT] Local problem is unsatisfiable after 1 iterations
[SAT] Local problem appears to be unsatisfiable in current zone
[Waiting_time_Solve] No solution found, trying to apply waiting time:3
[Waiting_time_Solve] No waiting time applied
[Waiting_time_Solve] No solution found
[Waiting_time_Solve] Restoring original paths
[Waiting_time_Solve] Restoring waiting times
[Current_Solution] Restored waiting times from backup
[Current_Solution] Restored paths from backup
[Solve_local_zone] Zone with expansion factor 3failed
[Solve_local_zone] Expanding zone with offset 5 (original: 1)
[Solve_local_zone] Final expanded zone contains 43 positions with 1 conflicts 
[Solve_local_zone] New time window: [17, 27]
[Solve_local_zone] Current local zone size: 43 (4.66377% of all walkable positions)
[Solve_local_zone] Local zone time window: [17, 27]
[Create_Local_problem] Agent 0 contiguous intervals: [20, 20] 
[Create_Local_problem] Agent 0 exited the zone at exit time 20
[Create_Local_problem] Agent 3 contiguous intervals: [24, 27] 
[Create_Local_problem] Agent 3 exited the zone at exit time 27
[Create_Local_problem] Agent 5 contiguous intervals: [17, 27] 
[Create_Local_problem] Agent 5 exited the zone at exit time 27
[Create_Local_problem] Agent 30 contiguous intervals: [17, 27] 
[Create_Local_problem] Agent 30 exited the zone at exit time 27
[Create_Local_problem] Agent 32 contiguous intervals: [17, 27] 
[Create_Local_problem] Agent 32 exited the zone at exit time 27
[Current_Solution] Agent 32 used 7 waiting timesteps, 19 remaining
[Create_Local_problem] Agent 44 contiguous intervals: [17, 27] 
[Create_Local_problem] Agent 44 exited the zone at exit time 27
[Current_Solution] Agent 44 used 9 waiting timesteps, 19 remaining
[Create_Local_problem] Agent 52 contiguous intervals: [21, 27] 
[Create_Local_problem] Agent 52 exited the zone at exit time 27
[Create_Local_problem] Agent 70 contiguous intervals: [25, 27] 
[Create_Local_problem] Agent 70 exited the zone at exit time 27
[Waiting_time_Solve] Total available waiting time: 1642
[Waiting_time_Solve] Iteration 0...
[SAT] Start solving CNF: 1804 clauses and 262 variables
[SAT] Solving local zone with SAT iteration 1...
[SAT] Local CNF: 1804 clauses 

DEBUG: Adding 1804 new clauses to MiniSAT (incremental run)
DEBUG: Clause load summary: input=1804, added=1804, tautologies_skipped=0, duplicates_skipped=0, unit_clauses=31, empties=0, intra_clause_literals_removed=0, added_but_db_unchanged=30
DEBUG: After adding clauses, solver has 1743 clauses and 262 variables
DEBUG: MiniSAT found 262 variables
DEBUG: Assignment size: 262
DEBUG: First few assignment values: 1 0 0 0 1 0 1 0 0 0 

=== DEBUG: cnf_assignment_to_paths ===
Input assignment size: 262

=== END DEBUG ===
[SAT] Found 0 vertex collisions and 0 edge collisions
[SAT] Found collision-free local solution!
[Waiting_time_Solve] Solution found, updating global solution
[LNS] Updating global solution with pseudo-agent local paths...
[Current_Solution] Updating global solution for agent 32
[Current_Solution] Global solution is consistent after updating with local path
[LNS] Successfully updated global solution with pseudo-agent local paths!
[Current_Solution] Updating global solution for agent 30
[Current_Solution] Global solution is consistent after updating with local path
[LNS] Successfully updated global solution with pseudo-agent local paths!
[Current_Solution] Updating global solution for agent 70
[Current_Solution] Global solution is consistent after updating with local path
[LNS] Successfully updated global solution with pseudo-agent local paths!
[Current_Solution] Updating global solution for agent 44
[Current_Solution] Global solution is consistent after updating with local path
[LNS] Successfully updated global solution with pseudo-agent local paths!
[Current_Solution] Updating global solution for agent 5
[Current_Solution] Global solution is consistent after updating with local path
[LNS] Successfully updated global solution with pseudo-agent local paths!
[Current_Solution] Updating global solution for agent 3
[Current_Solution] Global solution is consistent after updating with local path
[LNS] Successfully updated global solution with pseudo-agent local paths!
[Current_Solution] Updating global solution for agent 52
[Current_Solution] Global solution is consistent after updating with local path
[LNS] Successfully updated global solution with pseudo-agent local paths!
[Current_Solution] Updating global solution for agent 0
[Current_Solution] Global solution is consistent after updating with local path
[LNS] Successfully updated global solution with pseudo-agent local paths!
[LNS] Updating path map with new local paths...
[LNS] Successfully updated global solution with local paths and pseudo agents!
[Solve_local_zone] Successfully solved local zone
[LNS] Successfully solved local zone
[LNS] Analyzing conflicts...
[LNS] Current solution: vertex collisions=26, edge collisions=2
[LNS] Creating conflict buckets...
[LOCAL ZONE] Building diamond bucket for conflict 0
[LOCAL ZONE] Built diamond bucket for conflict 0 with 5 positions, 1 conflicts, 23 - 23 time window
[LOCAL ZONE] Building diamond bucket for conflict 1
[LOCAL ZONE] Built diamond bucket for conflict 1 with 5 positions, 1 conflicts, 23 - 23 time window
[LOCAL ZONE] Building diamond bucket for conflict 2
[LOCAL ZONE] Built diamond bucket for conflict 2 with 5 positions, 1 conflicts, 23 - 23 time window
[LOCAL ZONE] Building diamond bucket for conflict 3
[LOCAL ZONE] Built diamond bucket for conflict 3 with 5 positions, 1 conflicts, 23 - 23 time window
[LNS] Selected most relevant bucket 0 with time window: 23 - 23, 1 conflicts and 5 positions.
[LNS] Solving the best bucket Local Zone...
[Solve_local_zone] Current local zone size: 5 (0.542299% of all walkable positions)
[Solve_local_zone] Local zone time window: [22, 24]
[Create_Local_problem] Agent 59 contiguous intervals: [22, 24] 
[Create_Local_problem] Agent 59 exited the zone at exit time 24
[Create_Local_problem] Agent 68 contiguous intervals: [22, 24] 
[Create_Local_problem] Agent 68 exited the zone at exit time 24
[Current_Solution] Agent 68 used 5 waiting timesteps, 22 remaining
[Create_Local_problem] Agent 79 contiguous intervals: [22, 24] 
[Create_Local_problem] Agent 79 exited the zone at exit time 24
[Current_Solution] Agent 79 used 5 waiting timesteps, 22 remaining
[Waiting_time_Solve] Total available waiting time: 1632
[Waiting_time_Solve] Iteration 0...
[SAT] Start solving CNF: 31 clauses and 14 variables
[SAT] Solving local zone with SAT iteration 1...
[SAT] Local CNF: 31 clauses 

DEBUG: Adding 31 new clauses to MiniSAT (incremental run)
DEBUG: Clause load summary: input=31, added=31, tautologies_skipped=0, duplicates_skipped=0, unit_clauses=7, empties=0, intra_clause_literals_removed=0, added_but_db_unchanged=9
DEBUG: After adding clauses, solver has 15 clauses and 14 variables
DEBUG: MiniSAT found 14 variables
DEBUG: Assignment size: 14
DEBUG: First few assignment values: 1 0 1 1 1 1 0 0 0 0 

=== DEBUG: cnf_assignment_to_paths ===
Input assignment size: 14

=== END DEBUG ===
[SAT] Found 0 vertex collisions and 0 edge collisions
[SAT] Found collision-free local solution!
[Waiting_time_Solve] Solution found, updating global solution
[LNS] Updating global solution with pseudo-agent local paths...
[Current_Solution] Updating global solution for agent 79
[Current_Solution] Global solution is consistent after updating with local path
[LNS] Successfully updated global solution with pseudo-agent local paths!
[Current_Solution] Updating global solution for agent 68
[Current_Solution] Global solution is consistent after updating with local path
[LNS] Successfully updated global solution with pseudo-agent local paths!
[Current_Solution] Updating global solution for agent 59
[Current_Solution] Global solution is consistent after updating with local path
[LNS] Successfully updated global solution with pseudo-agent local paths!
[LNS] Updating path map with new local paths...
[LNS] Successfully updated global solution with local paths and pseudo agents!
[Solve_local_zone] Successfully solved local zone
[LNS] Successfully solved local zone
[LNS] Analyzing conflicts...
[LNS] Current solution: vertex collisions=25, edge collisions=2
[LNS] Creating conflict buckets...
[LOCAL ZONE] Building diamond bucket for conflict 0
[LOCAL ZONE] Built diamond bucket for conflict 0 with 5 positions, 1 conflicts, 23 - 23 time window
[LOCAL ZONE] Building diamond bucket for conflict 1
[LOCAL ZONE] Built diamond bucket for conflict 1 with 5 positions, 1 conflicts, 23 - 23 time window
[LOCAL ZONE] Building diamond bucket for conflict 2
[LOCAL ZONE] Built diamond bucket for conflict 2 with 5 positions, 1 conflicts, 23 - 23 time window
[LNS] Selected most relevant bucket 0 with time window: 23 - 23, 1 conflicts and 5 positions.
[LNS] Solving the best bucket Local Zone...
[Solve_local_zone] Current local zone size: 5 (0.542299% of all walkable positions)
[Solve_local_zone] Local zone time window: [22, 24]
[Create_Local_problem] Agent 39 contiguous intervals: [22, 24] 
[Create_Local_problem] Agent 39 exited the zone at exit time 24
[Create_Local_problem] Agent 66 contiguous intervals: [22, 24] 
[Create_Local_problem] Agent 66 exited the zone at exit time 24
[Waiting_time_Solve] Total available waiting time: 1632
[Waiting_time_Solve] Iteration 0...
[SAT] Start solving CNF: 10 clauses and 6 variables
[SAT] Solving local zone with SAT iteration 1...
[SAT] Local CNF: 10 clauses 

DEBUG: Adding 10 new clauses to MiniSAT (incremental run)
DEBUG: Clause load summary: input=10, added=10, tautologies_skipped=0, duplicates_skipped=0, unit_clauses=6, empties=0, intra_clause_literals_removed=0, added_but_db_unchanged=4
DEBUG: After adding clauses, solver has 0 clauses and 6 variables
DEBUG: MiniSAT found 6 variables
DEBUG: Assignment size: 6
DEBUG: First few assignment values: 1 1 1 1 1 1 

=== DEBUG: cnf_assignment_to_paths ===
Input assignment size: 6

=== END DEBUG ===
[SAT] Found 1 vertex collisions and 0 edge collisions
[SAT] Adding collision clauses and solving again...
[SAT] Solving local zone with SAT iteration 2...
[SAT] Local CNF: 11 clauses 

DEBUG: Adding 1 new clauses to MiniSAT (incremental run)
[SAT] Local problem is unsatisfiable after 2 iterations
[SAT] Local problem appears to be unsatisfiable in current zone
[Waiting_time_Solve] No solution found, trying to apply waiting time:1
[Waiting_time_Solve] Applying waiting time delta 1 to segment 66
[Waiting_time_Solve] Original id: 66
[Create_Local_Problem] MDD already aligned to the time window
[Waiting_time_Solve] Path length: 47
[Waiting_time_Solve] Makespan: 46
[Waiting_time_Solve] Segment exit time: 25
[Waiting_time_Solve] Path length after shifting suffix: 47
[Waiting_time_Solve] path length after inserting segment path: 47
[Waiting_time_Solve] inserting following segments
[Waiting_time_Solve] curren pos_it: 1
[Waiting_time_Solve] pushing new path into current solution
[Waiting_time_Solve] New path is consistent after applying waiting time for agent 66
[Current_Solution] Agent 66 used 1 waiting timesteps, 18 remaining
[Waiting_time_Solve] Applied 1 waiting time to segment 66 for agent 66
[Waiting_time_Solve] Waiting time applied
[Waiting_time_Solve] Extended Zone end time from 24 to 25
[Create_Local_Problem] Agent 66 is being scanned from timestep 25 to 25
[Create_Local_problem] Agent 66 contiguous intervals: [25, 25] 
[Create_Local_problem] Agent 66 exited the zone at exit time 25
[Create_Local_Problem] Agent 66 is already extended to the end of the previous zone: 25
[Waiting_time_Solve] Iteration 1...
[SAT] Start solving CNF: 16 clauses and 9 variables
[SAT] Solving local zone with SAT iteration 1...
[SAT] Local CNF: 17 clauses 

DEBUG: Adding 17 new clauses to MiniSAT (incremental run)
DEBUG: Clause load summary: input=17, added=17, tautologies_skipped=0, duplicates_skipped=0, unit_clauses=5, empties=0, intra_clause_literals_removed=0, added_but_db_unchanged=5
DEBUG: After adding clauses, solver has 7 clauses and 9 variables
DEBUG: MiniSAT found 9 variables
DEBUG: Assignment size: 9
DEBUG: First few assignment values: 1 0 1 0 1 1 1 1 1 

=== DEBUG: cnf_assignment_to_paths ===
Input assignment size: 9

=== END DEBUG ===
[SAT] Found 0 vertex collisions and 0 edge collisions
[SAT] Found collision-free local solution!
[Waiting_time_Solve] Solution found, updating global solution
[LNS] Updating global solution with pseudo-agent local paths...
[Current_Solution] Updating global solution for agent 66
[Current_Solution] INFO: Segment 66 exit adjusted from 24 to 25 due to waiting time
[Current_Solution] Segment 66 lengthened by 1 timesteps; shifting suffix
[Current_Solution] Global solution is consistent before shifting suffix
[Current_Solution] Global solution is consistent after shifting suffix
[Current_Solution] Global solution is consistent after updating with local path
[LNS] Successfully updated global solution with pseudo-agent local paths!
[Current_Solution] Updating global solution for agent 39
[Current_Solution] Global solution is consistent after updating with local path
[LNS] Successfully updated global solution with pseudo-agent local paths!
[LNS] Updating path map with new local paths...
[LNS] Successfully updated global solution with local paths and pseudo agents!
[Solve_local_zone] Successfully solved local zone
[LNS] Successfully solved local zone
[LNS] Analyzing conflicts...
[LNS] Current solution: vertex collisions=24, edge collisions=2
[LNS] Creating conflict buckets...
[LOCAL ZONE] Building diamond bucket for conflict 0
[LOCAL ZONE] Built diamond bucket for conflict 0 with 5 positions, 1 conflicts, 23 - 23 time window
[LOCAL ZONE] Building diamond bucket for conflict 1
[LOCAL ZONE] Built diamond bucket for conflict 1 with 5 positions, 1 conflicts, 23 - 23 time window
[LNS] Selected most relevant bucket 0 with time window: 23 - 23, 1 conflicts and 5 positions.
[LNS] Solving the best bucket Local Zone...
[Solve_local_zone] Current local zone size: 5 (0.542299% of all walkable positions)
[Solve_local_zone] Local zone time window: [22, 24]
[Create_Local_problem] Agent 14 contiguous intervals: [22, 24] 
[Create_Local_problem] Agent 14 exited the zone at exit time 24
[Create_Local_problem] Agent 22 contiguous intervals: [22, 24] 
[Create_Local_problem] Agent 22 exited the zone at exit time 24
[Waiting_time_Solve] Total available waiting time: 1631
[Waiting_time_Solve] Iteration 0...
[SAT] Start solving CNF: 10 clauses and 6 variables
[SAT] Solving local zone with SAT iteration 1...
[SAT] Local CNF: 10 clauses 

DEBUG: Adding 10 new clauses to MiniSAT (incremental run)
DEBUG: Clause load summary: input=10, added=10, tautologies_skipped=0, duplicates_skipped=0, unit_clauses=6, empties=0, intra_clause_literals_removed=0, added_but_db_unchanged=4
DEBUG: After adding clauses, solver has 0 clauses and 6 variables
DEBUG: MiniSAT found 6 variables
DEBUG: Assignment size: 6
DEBUG: First few assignment values: 1 1 1 1 1 1 

=== DEBUG: cnf_assignment_to_paths ===
Input assignment size: 6

=== END DEBUG ===
[SAT] Found 1 vertex collisions and 0 edge collisions
[SAT] Adding collision clauses and solving again...
[SAT] Solving local zone with SAT iteration 2...
[SAT] Local CNF: 11 clauses 

DEBUG: Adding 1 new clauses to MiniSAT (incremental run)
[SAT] Local problem is unsatisfiable after 2 iterations
[SAT] Local problem appears to be unsatisfiable in current zone
[Waiting_time_Solve] No solution found, trying to apply waiting time:1
[Waiting_time_Solve] Applying waiting time delta 1 to segment 22
[Waiting_time_Solve] Original id: 22
[Create_Local_Problem] MDD already aligned to the time window
[Waiting_time_Solve] Path length: 47
[Waiting_time_Solve] Makespan: 46
[Waiting_time_Solve] Segment exit time: 25
[Waiting_time_Solve] Path length after shifting suffix: 47
[Waiting_time_Solve] path length after inserting segment path: 47
[Waiting_time_Solve] inserting following segments
[Waiting_time_Solve] curren pos_it: 1
[Waiting_time_Solve] pushing new path into current solution
[Waiting_time_Solve] New path is consistent after applying waiting time for agent 22
[Current_Solution] Agent 22 used 1 waiting timesteps, 6 remaining
[Waiting_time_Solve] Applied 1 waiting time to segment 22 for agent 22
[Waiting_time_Solve] Waiting time applied
[Waiting_time_Solve] Extended Zone end time from 24 to 25
[Create_Local_Problem] Agent 22 is being scanned from timestep 25 to 25
[Create_Local_problem] Agent 22 contiguous intervals: [25, 25] 
[Create_Local_problem] Agent 22 exited the zone at exit time 25
[Create_Local_Problem] Agent 22 is already extended to the end of the previous zone: 25
[Waiting_time_Solve] Iteration 1...
[SAT] Start solving CNF: 16 clauses and 9 variables
[SAT] Solving local zone with SAT iteration 1...
[SAT] Local CNF: 17 clauses 

DEBUG: Adding 17 new clauses to MiniSAT (incremental run)
DEBUG: Clause load summary: input=17, added=17, tautologies_skipped=0, duplicates_skipped=0, unit_clauses=5, empties=0, intra_clause_literals_removed=0, added_but_db_unchanged=5
DEBUG: After adding clauses, solver has 7 clauses and 9 variables
DEBUG: MiniSAT found 9 variables
DEBUG: Assignment size: 9
DEBUG: First few assignment values: 1 0 1 0 1 1 1 1 1 

=== DEBUG: cnf_assignment_to_paths ===
Input assignment size: 9

=== END DEBUG ===
[SAT] Found 0 vertex collisions and 0 edge collisions
[SAT] Found collision-free local solution!
[Waiting_time_Solve] Solution found, updating global solution
[LNS] Updating global solution with pseudo-agent local paths...
[Current_Solution] Updating global solution for agent 22
[Current_Solution] INFO: Segment 22 exit adjusted from 24 to 25 due to waiting time
[Current_Solution] Segment 22 lengthened by 1 timesteps; shifting suffix
[Current_Solution] Global solution is consistent before shifting suffix
[Current_Solution] Global solution is consistent after shifting suffix
[Current_Solution] Global solution is consistent after updating with local path
[LNS] Successfully updated global solution with pseudo-agent local paths!
[Current_Solution] Updating global solution for agent 14
[Current_Solution] Global solution is consistent after updating with local path
[LNS] Successfully updated global solution with pseudo-agent local paths!
[LNS] Updating path map with new local paths...
[LNS] Successfully updated global solution with local paths and pseudo agents!
[Solve_local_zone] Successfully solved local zone
[LNS] Successfully solved local zone
[LNS] Analyzing conflicts...
[LNS] Current solution: vertex collisions=23, edge collisions=2
[LNS] Creating conflict buckets...
[LOCAL ZONE] Building diamond bucket for conflict 0
[LOCAL ZONE] Built diamond bucket for conflict 0 with 5 positions, 1 conflicts, 23 - 23 time window
[LNS] Selected most relevant bucket 0 with time window: 23 - 23, 1 conflicts and 5 positions.
[LNS] Solving the best bucket Local Zone...
[Solve_local_zone] Current local zone size: 5 (0.542299% of all walkable positions)
[Solve_local_zone] Local zone time window: [22, 24]
[Create_Local_problem] Agent 11 contiguous intervals: [22, 24] 
[Create_Local_problem] Agent 11 exited the zone at exit time 24
[Create_Local_problem] Agent 20 contiguous intervals: [22, 24] 
[Create_Local_problem] Agent 20 exited the zone at exit time 24
[Create_Local_problem] Agent 46 contiguous intervals: [22, 22] 
[Create_Local_problem] Agent 46 exited the zone at exit time 22
[Waiting_time_Solve] Total available waiting time: 1630
[Waiting_time_Solve] Iteration 0...
[SAT] Start solving CNF: 11 clauses and 7 variables
[SAT] Solving local zone with SAT iteration 1...
[SAT] Local CNF: 11 clauses 

DEBUG: Adding 11 new clauses to MiniSAT (incremental run)
DEBUG: Clause load summary: input=11, added=11, tautologies_skipped=0, duplicates_skipped=0, unit_clauses=7, empties=0, intra_clause_literals_removed=0, added_but_db_unchanged=4
DEBUG: After adding clauses, solver has 0 clauses and 7 variables
DEBUG: MiniSAT found 7 variables
DEBUG: Assignment size: 7
DEBUG: First few assignment values: 1 1 1 1 1 1 1 

=== DEBUG: cnf_assignment_to_paths ===
Input assignment size: 7

=== END DEBUG ===
[SAT] Found 1 vertex collisions and 0 edge collisions
[SAT] Adding collision clauses and solving again...
[SAT] Solving local zone with SAT iteration 2...
[SAT] Local CNF: 12 clauses 

DEBUG: Adding 1 new clauses to MiniSAT (incremental run)
[SAT] Local problem is unsatisfiable after 2 iterations
[SAT] Local problem appears to be unsatisfiable in current zone
[Waiting_time_Solve] No solution found, trying to apply waiting time:1
[Waiting_time_Solve] Applying waiting time delta 1 to segment 11
[Waiting_time_Solve] Original id: 11
[Create_Local_Problem] MDD already aligned to the time window
[Waiting_time_Solve] Path length: 47
[Waiting_time_Solve] Makespan: 46
[Waiting_time_Solve] Segment exit time: 25
[Waiting_time_Solve] Path length after shifting suffix: 47
[Waiting_time_Solve] path length after inserting segment path: 47
[Waiting_time_Solve] inserting following segments
[Waiting_time_Solve] curren pos_it: 0
[Waiting_time_Solve] pushing new path into current solution
[Waiting_time_Solve] New path is consistent after applying waiting time for agent 11
[Current_Solution] Agent 11 used 1 waiting timesteps, 11 remaining
[Waiting_time_Solve] Applied 1 waiting time to segment 11 for agent 11
[Waiting_time_Solve] Waiting time applied
[Waiting_time_Solve] Extended Zone end time from 24 to 25
[Create_Local_Problem] Agent 11 is being scanned from timestep 25 to 25
[Create_Local_problem] Agent 11 contiguous intervals: [25, 25] 
[Create_Local_problem] Agent 11 exited the zone at exit time 25
[Create_Local_Problem] Agent 11 is already extended to the end of the previous zone: 25
[Waiting_time_Solve] Iteration 1...
[SAT] Start solving CNF: 17 clauses and 10 variables
[SAT] Solving local zone with SAT iteration 1...
[SAT] Local CNF: 18 clauses 

DEBUG: Adding 18 new clauses to MiniSAT (incremental run)
DEBUG: Clause load summary: input=18, added=18, tautologies_skipped=0, duplicates_skipped=0, unit_clauses=6, empties=0, intra_clause_literals_removed=0, added_but_db_unchanged=5
DEBUG: After adding clauses, solver has 7 clauses and 10 variables
DEBUG: MiniSAT found 10 variables
DEBUG: Assignment size: 10
DEBUG: First few assignment values: 1 1 1 1 1 0 1 0 1 1 

=== DEBUG: cnf_assignment_to_paths ===
Input assignment size: 10

=== END DEBUG ===
[SAT] Found 0 vertex collisions and 0 edge collisions
[SAT] Found collision-free local solution!
[Waiting_time_Solve] Solution found, updating global solution
[LNS] Updating global solution with pseudo-agent local paths...
[Current_Solution] Updating global solution for agent 46
[Current_Solution] Global solution is consistent after updating with local path
[LNS] Successfully updated global solution with pseudo-agent local paths!
[Current_Solution] Updating global solution for agent 20
[Current_Solution] Global solution is consistent after updating with local path
[LNS] Successfully updated global solution with pseudo-agent local paths!
[Current_Solution] Updating global solution for agent 11
[Current_Solution] INFO: Segment 11 exit adjusted from 24 to 25 due to waiting time
[Current_Solution] Segment 11 lengthened by 1 timesteps; shifting suffix
[Current_Solution] Global solution is consistent before shifting suffix
[Current_Solution] Global solution is consistent after shifting suffix
[Current_Solution] Global solution is consistent after updating with local path
[LNS] Successfully updated global solution with pseudo-agent local paths!
[LNS] Updating path map with new local paths...
[LNS] Successfully updated global solution with local paths and pseudo agents!
[Solve_local_zone] Successfully solved local zone
[LNS] Successfully solved local zone
[LNS] Analyzing conflicts...
[LNS] Current solution: vertex collisions=22, edge collisions=2
[LNS] Creating conflict buckets...
[LOCAL ZONE] Building diamond bucket for conflict 0
[LOCAL ZONE] Built diamond bucket for conflict 0 with 5 positions, 1 conflicts, 24 - 24 time window
[LOCAL ZONE] Building diamond bucket for conflict 1
[LOCAL ZONE] Built diamond bucket for conflict 1 with 5 positions, 1 conflicts, 24 - 24 time window
[LOCAL ZONE] Building diamond bucket for conflict 2
[LOCAL ZONE] Built diamond bucket for conflict 2 with 5 positions, 1 conflicts, 24 - 24 time window
[LOCAL ZONE] Building diamond bucket for conflict 3
[LOCAL ZONE] Built diamond bucket for conflict 3 with 5 positions, 1 conflicts, 24 - 24 time window
[LNS] Selected most relevant bucket 0 with time window: 24 - 24, 1 conflicts and 5 positions.
[LNS] Solving the best bucket Local Zone...
[Solve_local_zone] Current local zone size: 5 (0.542299% of all walkable positions)
[Solve_local_zone] Local zone time window: [23, 25]
[Create_Local_problem] Agent 18 contiguous intervals: [23, 23] 
[Create_Local_problem] Agent 18 exited the zone at exit time 23
[Create_Local_problem] Agent 33 contiguous intervals: [25, 25] 
[Create_Local_problem] Agent 33 exited the zone at exit time 25
[Create_Local_problem] Agent 48 contiguous intervals: [23, 25] 
[Create_Local_problem] Agent 48 exited the zone at exit time 25
[Current_Solution] Agent 48 used 5 waiting timesteps, 21 remaining
[Create_Local_problem] Agent 60 contiguous intervals: [23, 25] 
[Create_Local_problem] Agent 60 exited the zone at exit time 25
[Waiting_time_Solve] Total available waiting time: 1624
[Waiting_time_Solve] Iteration 0...
[SAT] Start solving CNF: 26 clauses and 12 variables
[SAT] Solving local zone with SAT iteration 1...
[SAT] Local CNF: 26 clauses 

DEBUG: Adding 26 new clauses to MiniSAT (incremental run)
DEBUG: Clause load summary: input=26, added=26, tautologies_skipped=0, duplicates_skipped=0, unit_clauses=7, empties=0, intra_clause_literals_removed=0, added_but_db_unchanged=7
DEBUG: After adding clauses, solver has 12 clauses and 12 variables
DEBUG: MiniSAT found 12 variables
DEBUG: Assignment size: 12
DEBUG: First few assignment values: 1 1 1 1 0 1 0 0 0 1 

=== DEBUG: cnf_assignment_to_paths ===
Input assignment size: 12

=== END DEBUG ===
[SAT] Found 0 vertex collisions and 1 edge collisions
[SAT] Adding collision clauses and solving again...
[SAT] Solving local zone with SAT iteration 2...
[SAT] Local CNF: 27 clauses 

DEBUG: Adding 1 new clauses to MiniSAT (incremental run)
DEBUG: Clause load summary: input=1, added=1, tautologies_skipped=0, duplicates_skipped=0, unit_clauses=0, empties=0, intra_clause_literals_removed=0, added_but_db_unchanged=1
DEBUG: After adding clauses, solver has 12 clauses and 12 variables
DEBUG: MiniSAT found 12 variables
DEBUG: Assignment size: 12
DEBUG: First few assignment values: 1 1 1 1 0 0 1 0 0 1 

=== DEBUG: cnf_assignment_to_paths ===
Input assignment size: 12

=== END DEBUG ===
[SAT] Found 0 vertex collisions and 0 edge collisions
[SAT] Found collision-free local solution!
[Waiting_time_Solve] Solution found, updating global solution
[LNS] Updating global solution with pseudo-agent local paths...
[Current_Solution] Updating global solution for agent 60
[Current_Solution] Global solution is consistent after updating with local path
[LNS] Successfully updated global solution with pseudo-agent local paths!
[Current_Solution] Updating global solution for agent 48
[Current_Solution] Global solution is consistent after updating with local path
[LNS] Successfully updated global solution with pseudo-agent local paths!
[Current_Solution] Updating global solution for agent 33
[Current_Solution] Global solution is consistent after updating with local path
[LNS] Successfully updated global solution with pseudo-agent local paths!
[Current_Solution] Updating global solution for agent 18
[Current_Solution] Global solution is consistent after updating with local path
[LNS] Successfully updated global solution with pseudo-agent local paths!
[LNS] Updating path map with new local paths...
[LNS] Successfully updated global solution with local paths and pseudo agents!
[Solve_local_zone] Successfully solved local zone
[LNS] Successfully solved local zone
[LNS] Analyzing conflicts...
[LNS] Current solution: vertex collisions=21, edge collisions=2
[LNS] Creating conflict buckets...
[LOCAL ZONE] Building diamond bucket for conflict 0
[LOCAL ZONE] Built diamond bucket for conflict 0 with 5 positions, 1 conflicts, 24 - 24 time window
[LOCAL ZONE] Building diamond bucket for conflict 1
[LOCAL ZONE] Built diamond bucket for conflict 1 with 5 positions, 1 conflicts, 24 - 24 time window
[LOCAL ZONE] Building diamond bucket for conflict 2
[LOCAL ZONE] Built diamond bucket for conflict 2 with 5 positions, 1 conflicts, 24 - 24 time window
[LNS] Selected most relevant bucket 0 with time window: 24 - 24, 1 conflicts and 5 positions.
[LNS] Solving the best bucket Local Zone...
[Solve_local_zone] Current local zone size: 5 (0.542299% of all walkable positions)
[Solve_local_zone] Local zone time window: [23, 25]
[Create_Local_problem] Agent 40 contiguous intervals: [23, 25] 
[Create_Local_problem] Agent 40 exited the zone at exit time 25
[Create_Local_problem] Agent 63 contiguous intervals: [23, 25] 
[Create_Local_problem] Agent 63 exited the zone at exit time 25
[Current_Solution] Agent 63 used 22 waiting timesteps, 21 remaining
[Waiting_time_Solve] Total available waiting time: 1602
[Waiting_time_Solve] Iteration 0...
[SAT] Start solving CNF: 24 clauses and 10 variables
[SAT] Solving local zone with SAT iteration 1...
[SAT] Local CNF: 24 clauses 

DEBUG: Adding 24 new clauses to MiniSAT (incremental run)
DEBUG: Clause load summary: input=24, added=24, tautologies_skipped=0, duplicates_skipped=0, unit_clauses=5, empties=0, intra_clause_literals_removed=0, added_but_db_unchanged=7
DEBUG: After adding clauses, solver has 12 clauses and 10 variables
DEBUG: MiniSAT found 10 variables
DEBUG: Assignment size: 10
DEBUG: First few assignment values: 1 0 1 0 0 0 1 1 1 1 

=== DEBUG: cnf_assignment_to_paths ===
Input assignment size: 10

=== END DEBUG ===
[SAT] Found 0 vertex collisions and 0 edge collisions
[SAT] Found collision-free local solution!
[Waiting_time_Solve] Solution found, updating global solution
[LNS] Updating global solution with pseudo-agent local paths...
[Current_Solution] Updating global solution for agent 63
[Current_Solution] Global solution is consistent after updating with local path
[LNS] Successfully updated global solution with pseudo-agent local paths!
[Current_Solution] Updating global solution for agent 40
[Current_Solution] Global solution is consistent after updating with local path
[LNS] Successfully updated global solution with pseudo-agent local paths!
[LNS] Updating path map with new local paths...
[LNS] Successfully updated global solution with local paths and pseudo agents!
[Solve_local_zone] Successfully solved local zone
[LNS] Successfully solved local zone
[LNS] Analyzing conflicts...
[LNS] Current solution: vertex collisions=20, edge collisions=2
[LNS] Creating conflict buckets...
[LOCAL ZONE] Building diamond bucket for conflict 0
[LOCAL ZONE] Built diamond bucket for conflict 0 with 5 positions, 1 conflicts, 24 - 24 time window
[LOCAL ZONE] Building diamond bucket for conflict 1
[LOCAL ZONE] Built diamond bucket for conflict 1 with 5 positions, 1 conflicts, 24 - 24 time window
[LNS] Selected most relevant bucket 0 with time window: 24 - 24, 1 conflicts and 5 positions.
[LNS] Solving the best bucket Local Zone...
[Solve_local_zone] Current local zone size: 5 (0.542299% of all walkable positions)
[Solve_local_zone] Local zone time window: [23, 25]
[Create_Local_problem] Agent 31 contiguous intervals: [23, 25] 
[Create_Local_problem] Agent 31 exited the zone at exit time 25
[Create_Local_problem] Agent 36 contiguous intervals: [23, 25] 
[Create_Local_problem] Agent 36 exited the zone at exit time 25
[Current_Solution] Agent 36 used 17 waiting timesteps, 21 remaining
[Waiting_time_Solve] Total available waiting time: 1585
[Waiting_time_Solve] Iteration 0...
[SAT] Start solving CNF: 24 clauses and 10 variables
[SAT] Solving local zone with SAT iteration 1...
[SAT] Local CNF: 24 clauses 

DEBUG: Adding 24 new clauses to MiniSAT (incremental run)
DEBUG: Clause load summary: input=24, added=24, tautologies_skipped=0, duplicates_skipped=0, unit_clauses=5, empties=0, intra_clause_literals_removed=0, added_but_db_unchanged=7
DEBUG: After adding clauses, solver has 12 clauses and 10 variables
DEBUG: MiniSAT found 10 variables
DEBUG: Assignment size: 10
DEBUG: First few assignment values: 1 0 1 0 0 0 1 1 1 1 

=== DEBUG: cnf_assignment_to_paths ===
Input assignment size: 10

=== END DEBUG ===
[SAT] Found 0 vertex collisions and 0 edge collisions
[SAT] Found collision-free local solution!
[Waiting_time_Solve] Solution found, updating global solution
[LNS] Updating global solution with pseudo-agent local paths...
[Current_Solution] Updating global solution for agent 36
[Current_Solution] Global solution is consistent after updating with local path
[LNS] Successfully updated global solution with pseudo-agent local paths!
[Current_Solution] Updating global solution for agent 31
[Current_Solution] Global solution is consistent after updating with local path
[LNS] Successfully updated global solution with pseudo-agent local paths!
[LNS] Updating path map with new local paths...
[LNS] Successfully updated global solution with local paths and pseudo agents!
[Solve_local_zone] Successfully solved local zone
[LNS] Successfully solved local zone
[LNS] Analyzing conflicts...
[LNS] Current solution: vertex collisions=19, edge collisions=2
[LNS] Creating conflict buckets...
[LOCAL ZONE] Building diamond bucket for conflict 0
[LOCAL ZONE] Built diamond bucket for conflict 0 with 5 positions, 1 conflicts, 24 - 24 time window
[LNS] Selected most relevant bucket 0 with time window: 24 - 24, 1 conflicts and 5 positions.
[LNS] Solving the best bucket Local Zone...
[Solve_local_zone] Current local zone size: 5 (0.542299% of all walkable positions)
[Solve_local_zone] Local zone time window: [23, 25]
[Create_Local_problem] Agent 10 contiguous intervals: [23, 25] 
[Create_Local_problem] Agent 10 exited the zone at exit time 25
[Current_Solution] Agent 10 used 13 waiting timesteps, 21 remaining
[Create_Local_problem] Agent 71 contiguous intervals: [23, 25] 
[Create_Local_problem] Agent 71 exited the zone at exit time 25
[Waiting_time_Solve] Total available waiting time: 1572
[Waiting_time_Solve] Iteration 0...
[SAT] Start solving CNF: 24 clauses and 10 variables
[SAT] Solving local zone with SAT iteration 1...
[SAT] Local CNF: 24 clauses 

DEBUG: Adding 24 new clauses to MiniSAT (incremental run)
DEBUG: Clause load summary: input=24, added=24, tautologies_skipped=0, duplicates_skipped=0, unit_clauses=5, empties=0, intra_clause_literals_removed=0, added_but_db_unchanged=7
DEBUG: After adding clauses, solver has 12 clauses and 10 variables
DEBUG: MiniSAT found 10 variables
DEBUG: Assignment size: 10
DEBUG: First few assignment values: 1 1 1 1 0 1 0 0 0 1 

=== DEBUG: cnf_assignment_to_paths ===
Input assignment size: 10

=== END DEBUG ===
[SAT] Found 0 vertex collisions and 1 edge collisions
[SAT] Adding collision clauses and solving again...
[SAT] Solving local zone with SAT iteration 2...
[SAT] Local CNF: 25 clauses 

DEBUG: Adding 1 new clauses to MiniSAT (incremental run)
DEBUG: Clause load summary: input=1, added=1, tautologies_skipped=0, duplicates_skipped=0, unit_clauses=0, empties=0, intra_clause_literals_removed=0, added_but_db_unchanged=1
DEBUG: After adding clauses, solver has 12 clauses and 10 variables
DEBUG: MiniSAT found 10 variables
DEBUG: Assignment size: 10
DEBUG: First few assignment values: 1 1 1 1 0 0 1 0 0 1 

=== DEBUG: cnf_assignment_to_paths ===
Input assignment size: 10

=== END DEBUG ===
[SAT] Found 0 vertex collisions and 0 edge collisions
[SAT] Found collision-free local solution!
[Waiting_time_Solve] Solution found, updating global solution
[LNS] Updating global solution with pseudo-agent local paths...
[Current_Solution] Updating global solution for agent 71
[Current_Solution] Global solution is consistent after updating with local path
[LNS] Successfully updated global solution with pseudo-agent local paths!
[Current_Solution] Updating global solution for agent 10
[Current_Solution] Global solution is consistent after updating with local path
[LNS] Successfully updated global solution with pseudo-agent local paths!
[LNS] Updating path map with new local paths...
[LNS] Successfully updated global solution with local paths and pseudo agents!
[Solve_local_zone] Successfully solved local zone
[LNS] Successfully solved local zone
[LNS] Analyzing conflicts...
[LNS] Current solution: vertex collisions=18, edge collisions=2
[LNS] Creating conflict buckets...
[LOCAL ZONE] Building diamond bucket for conflict 0
[LOCAL ZONE] Built diamond bucket for conflict 0 with 5 positions, 1 conflicts, 25 - 25 time window
[LOCAL ZONE] Building diamond bucket for conflict 1
[LOCAL ZONE] Built diamond bucket for conflict 1 with 4 positions, 1 conflicts, 25 - 25 time window
[LNS] Selected most relevant bucket 0 with time window: 25 - 25, 1 conflicts and 5 positions.
[LNS] Solving the best bucket Local Zone...
[Solve_local_zone] Current local zone size: 5 (0.542299% of all walkable positions)
[Solve_local_zone] Local zone time window: [24, 26]
[Create_Local_problem] Agent 14 contiguous intervals: [24, 26] 
[Create_Local_problem] Agent 14 exited the zone at exit time 26
[Create_Local_problem] Agent 50 contiguous intervals: [24, 26] 
[Create_Local_problem] Agent 50 exited the zone at exit time 26
[Waiting_time_Solve] Total available waiting time: 1572
[Waiting_time_Solve] Iteration 0...
[SAT] Start solving CNF: 10 clauses and 6 variables
[SAT] Solving local zone with SAT iteration 1...
[SAT] Local CNF: 10 clauses 

DEBUG: Adding 10 new clauses to MiniSAT (incremental run)
DEBUG: Clause load summary: input=10, added=10, tautologies_skipped=0, duplicates_skipped=0, unit_clauses=6, empties=0, intra_clause_literals_removed=0, added_but_db_unchanged=4
DEBUG: After adding clauses, solver has 0 clauses and 6 variables
DEBUG: MiniSAT found 6 variables
DEBUG: Assignment size: 6
DEBUG: First few assignment values: 1 1 1 1 1 1 

=== DEBUG: cnf_assignment_to_paths ===
Input assignment size: 6

=== END DEBUG ===
[SAT] Found 1 vertex collisions and 0 edge collisions
[SAT] Adding collision clauses and solving again...
[SAT] Solving local zone with SAT iteration 2...
[SAT] Local CNF: 11 clauses 

DEBUG: Adding 1 new clauses to MiniSAT (incremental run)
[SAT] Local problem is unsatisfiable after 2 iterations
[SAT] Local problem appears to be unsatisfiable in current zone
[Waiting_time_Solve] No solution found, trying to apply waiting time:1
[Waiting_time_Solve] Applying waiting time delta 1 to segment 50
[Waiting_time_Solve] Original id: 50
[Create_Local_Problem] MDD already aligned to the time window
[Waiting_time_Solve] Path length: 47
[Waiting_time_Solve] Makespan: 46
[Waiting_time_Solve] Segment exit time: 27
[Waiting_time_Solve] Path length after shifting suffix: 47
[Waiting_time_Solve] path length after inserting segment path: 47
[Waiting_time_Solve] inserting following segments
[Waiting_time_Solve] curren pos_it: 1
[Waiting_time_Solve] pushing new path into current solution
[Waiting_time_Solve] New path is consistent after applying waiting time for agent 50
[Current_Solution] Agent 50 used 1 waiting timesteps, 4 remaining
[Waiting_time_Solve] Applied 1 waiting time to segment 50 for agent 50
[Waiting_time_Solve] Waiting time applied
[Waiting_time_Solve] Extended Zone end time from 26 to 27
[Create_Local_Problem] Agent 50 is being scanned from timestep 27 to 27
[Create_Local_problem] Agent 50 contiguous intervals: [27, 27] 
[Create_Local_problem] Agent 50 exited the zone at exit time 27
[Create_Local_Problem] Agent 50 is already extended to the end of the previous zone: 27
[Waiting_time_Solve] Iteration 1...
[SAT] Start solving CNF: 16 clauses and 9 variables
[SAT] Solving local zone with SAT iteration 1...
[SAT] Local CNF: 17 clauses 

DEBUG: Adding 17 new clauses to MiniSAT (incremental run)
DEBUG: Clause load summary: input=17, added=17, tautologies_skipped=0, duplicates_skipped=0, unit_clauses=5, empties=0, intra_clause_literals_removed=0, added_but_db_unchanged=5
DEBUG: After adding clauses, solver has 7 clauses and 9 variables
DEBUG: MiniSAT found 9 variables
DEBUG: Assignment size: 9
DEBUG: First few assignment values: 1 0 1 0 1 1 1 1 1 

=== DEBUG: cnf_assignment_to_paths ===
Input assignment size: 9

=== END DEBUG ===
[SAT] Found 0 vertex collisions and 0 edge collisions
[SAT] Found collision-free local solution!
[Waiting_time_Solve] Solution found, updating global solution
[LNS] Updating global solution with pseudo-agent local paths...
[Current_Solution] Updating global solution for agent 50
[Current_Solution] INFO: Segment 50 exit adjusted from 26 to 27 due to waiting time
[Current_Solution] Segment 50 lengthened by 1 timesteps; shifting suffix
[Current_Solution] Global solution is consistent before shifting suffix
[Current_Solution] Global solution is consistent after shifting suffix
[Current_Solution] Global solution is consistent after updating with local path
[LNS] Successfully updated global solution with pseudo-agent local paths!
[Current_Solution] Updating global solution for agent 14
[Current_Solution] Global solution is consistent after updating with local path
[LNS] Successfully updated global solution with pseudo-agent local paths!
[LNS] Updating path map with new local paths...
[LNS] Successfully updated global solution with local paths and pseudo agents!
[Solve_local_zone] Successfully solved local zone
[LNS] Successfully solved local zone
[LNS] Analyzing conflicts...
[LNS] Current solution: vertex collisions=15, edge collisions=4
[LNS] Creating conflict buckets...
[LOCAL ZONE] Building diamond bucket for conflict 0
[LOCAL ZONE] Built diamond bucket for conflict 0 with 4 positions, 1 conflicts, 25 - 25 time window
[LNS] Selected most relevant bucket 0 with time window: 25 - 25, 1 conflicts and 4 positions.
[LNS] Solving the best bucket Local Zone...
[Solve_local_zone] Current local zone size: 4 (0.433839% of all walkable positions)
[Solve_local_zone] Local zone time window: [24, 26]
[Create_Local_problem] Agent 8 contiguous intervals: [24, 26] 
[Create_Local_problem] Agent 8 exited the zone at exit time 26
[Create_Local_problem] Agent 12 contiguous intervals: [24, 26] 
[Create_Local_problem] Agent 12 exited the zone at exit time 26
[Current_Solution] Agent 12 used 5 waiting timesteps, 20 remaining
[Waiting_time_Solve] Total available waiting time: 1566
[Waiting_time_Solve] Iteration 0...
[SAT] Start solving CNF: 19 clauses and 9 variables
[SAT] Solving local zone with SAT iteration 1...
[SAT] Local CNF: 19 clauses 

DEBUG: Adding 19 new clauses to MiniSAT (incremental run)
DEBUG: Clause load summary: input=19, added=19, tautologies_skipped=0, duplicates_skipped=0, unit_clauses=5, empties=0, intra_clause_literals_removed=0, added_but_db_unchanged=6
DEBUG: After adding clauses, solver has 8 clauses and 9 variables
DEBUG: MiniSAT found 9 variables
DEBUG: Assignment size: 9
DEBUG: First few assignment values: 1 0 1 0 0 1 1 1 1 

=== DEBUG: cnf_assignment_to_paths ===
Input assignment size: 9

=== END DEBUG ===
[SAT] Found 0 vertex collisions and 1 edge collisions
[SAT] Adding collision clauses and solving again...
[SAT] Solving local zone with SAT iteration 2...
[SAT] Local CNF: 20 clauses 

DEBUG: Adding 1 new clauses to MiniSAT (incremental run)
DEBUG: Clause load summary: input=1, added=1, tautologies_skipped=0, duplicates_skipped=0, unit_clauses=0, empties=0, intra_clause_literals_removed=0, added_but_db_unchanged=1
DEBUG: After adding clauses, solver has 8 clauses and 9 variables
DEBUG: MiniSAT found 9 variables
DEBUG: Assignment size: 9
DEBUG: First few assignment values: 1 0 0 1 0 1 1 1 1 

=== DEBUG: cnf_assignment_to_paths ===
Input assignment size: 9

=== END DEBUG ===
[SAT] Found 0 vertex collisions and 1 edge collisions
[SAT] Adding collision clauses and solving again...
[SAT] Solving local zone with SAT iteration 3...
[SAT] Local CNF: 21 clauses 

DEBUG: Adding 1 new clauses to MiniSAT (incremental run)
DEBUG: Clause load summary: input=1, added=1, tautologies_skipped=0, duplicates_skipped=0, unit_clauses=0, empties=0, intra_clause_literals_removed=0, added_but_db_unchanged=1
DEBUG: After adding clauses, solver has 8 clauses and 9 variables
DEBUG: MiniSAT found 9 variables
DEBUG: Assignment size: 9
DEBUG: First few assignment values: 1 0 0 0 1 1 1 1 1 

=== DEBUG: cnf_assignment_to_paths ===
Input assignment size: 9

=== END DEBUG ===
[SAT] Found 1 vertex collisions and 0 edge collisions
[SAT] Adding collision clauses and solving again...
[SAT] Solving local zone with SAT iteration 4...
[SAT] Local CNF: 22 clauses 

DEBUG: Adding 1 new clauses to MiniSAT (incremental run)
DEBUG: Clause load summary: input=1, added=1, tautologies_skipped=0, duplicates_skipped=0, unit_clauses=0, empties=0, intra_clause_literals_removed=0, added_but_db_unchanged=1
DEBUG: After adding clauses, solver has 8 clauses and 9 variables
DEBUG: MiniSAT found 9 variables
DEBUG: Assignment size: 9
DEBUG: First few assignment values: 1 1 0 0 0 1 1 1 1 

=== DEBUG: cnf_assignment_to_paths ===
Input assignment size: 9

=== END DEBUG ===
[SAT] Found 0 vertex collisions and 0 edge collisions
[SAT] Found collision-free local solution!
[Waiting_time_Solve] Solution found, updating global solution
[LNS] Updating global solution with pseudo-agent local paths...
[Current_Solution] Updating global solution for agent 12
[Current_Solution] Global solution is consistent after updating with local path
[LNS] Successfully updated global solution with pseudo-agent local paths!
[Current_Solution] Updating global solution for agent 8
[Current_Solution] Global solution is consistent after updating with local path
[LNS] Successfully updated global solution with pseudo-agent local paths!
[LNS] Updating path map with new local paths...
[LNS] Successfully updated global solution with local paths and pseudo agents!
[Solve_local_zone] Successfully solved local zone
[LNS] Successfully solved local zone
[LNS] Analyzing conflicts...
[LNS] Current solution: vertex collisions=14, edge collisions=4
[LNS] Creating conflict buckets...
[LOCAL ZONE] Building diamond bucket for conflict 0
[LOCAL ZONE] Built diamond bucket for conflict 0 with 10 positions, 2 conflicts, 26 - 27 time window
[LOCAL ZONE] Building diamond bucket for conflict 14
[LOCAL ZONE] Built diamond bucket for conflict 14 with 7 positions, 1 conflicts, 26 - 26 time window
[LNS] Selected most relevant bucket 0 with time window: 26 - 27, 2 conflicts and 10 positions.
[LNS] Solving the best bucket Local Zone...
[Solve_local_zone] Current local zone size: 10 (1.0846% of all walkable positions)
[Solve_local_zone] Local zone time window: [25, 28]
[Create_Local_problem] Agent 14 contiguous intervals: [25, 25] 
[Create_Local_problem] Agent 14 exited the zone at exit time 25
[Create_Local_problem] Agent 22 contiguous intervals: [25, 26] 
[Create_Local_problem] Agent 22 exited the zone at exit time 26
[Create_Local_problem] Agent 50 contiguous intervals: [26, 28] 
[Create_Local_problem] Agent 50 exited the zone at exit time 28
[Create_Local_problem] Agent 61 contiguous intervals: [25, 28] 
[Create_Local_problem] Agent 61 exited the zone at exit time 28
[Create_Local_problem] Agent 67 contiguous intervals: [25, 28] 
[Create_Local_problem] Agent 67 exited the zone at exit time 28
[Current_Solution] Agent 67 used 8 waiting timesteps, 18 remaining
[Waiting_time_Solve] Total available waiting time: 1558
[Waiting_time_Solve] Iteration 0...
[SAT] Start solving CNF: 55 clauses and 24 variables
[SAT] Solving local zone with SAT iteration 1...
[SAT] Local CNF: 55 clauses 

DEBUG: Adding 55 new clauses to MiniSAT (incremental run)
DEBUG: Clause load summary: input=55, added=55, tautologies_skipped=0, duplicates_skipped=0, unit_clauses=10, empties=0, intra_clause_literals_removed=0, added_but_db_unchanged=11
DEBUG: After adding clauses, solver has 34 clauses and 24 variables
DEBUG: MiniSAT found 24 variables
DEBUG: Assignment size: 24
DEBUG: First few assignment values: 1 0 1 0 0 0 1 0 0 0 

=== DEBUG: cnf_assignment_to_paths ===
Input assignment size: 24

=== END DEBUG ===
[SAT] Found 0 vertex collisions and 2 edge collisions
[SAT] Adding collision clauses and solving again...
[SAT] Solving local zone with SAT iteration 2...
[SAT] Local CNF: 57 clauses 

DEBUG: Adding 2 new clauses to MiniSAT (incremental run)
DEBUG: Clause load summary: input=2, added=2, tautologies_skipped=0, duplicates_skipped=0, unit_clauses=0, empties=0, intra_clause_literals_removed=0, added_but_db_unchanged=1
DEBUG: After adding clauses, solver has 35 clauses and 24 variables
DEBUG: MiniSAT found 24 variables
DEBUG: Assignment size: 24
DEBUG: First few assignment values: 1 0 0 1 0 0 1 0 0 0 

=== DEBUG: cnf_assignment_to_paths ===
Input assignment size: 24

=== END DEBUG ===
[SAT] Found 0 vertex collisions and 0 edge collisions
[SAT] Found collision-free local solution!
[Waiting_time_Solve] Solution found, updating global solution
[LNS] Updating global solution with pseudo-agent local paths...
[Current_Solution] Updating global solution for agent 67
[Current_Solution] Global solution is consistent after updating with local path
[LNS] Successfully updated global solution with pseudo-agent local paths!
[Current_Solution] Updating global solution for agent 50
[Current_Solution] Global solution is consistent after updating with local path
[LNS] Successfully updated global solution with pseudo-agent local paths!
[Current_Solution] Updating global solution for agent 61
[Current_Solution] Global solution is consistent after updating with local path
[LNS] Successfully updated global solution with pseudo-agent local paths!
[Current_Solution] Updating global solution for agent 22
[Current_Solution] Global solution is consistent after updating with local path
[LNS] Successfully updated global solution with pseudo-agent local paths!
[Current_Solution] Updating global solution for agent 14
[Current_Solution] Global solution is consistent after updating with local path
[LNS] Successfully updated global solution with pseudo-agent local paths!
[LNS] Updating path map with new local paths...
[LNS] Successfully updated global solution with local paths and pseudo agents!
[Solve_local_zone] Successfully solved local zone
[LNS] Successfully solved local zone
[LNS] Analyzing conflicts...
[LNS] Current solution: vertex collisions=13, edge collisions=3
[LNS] Creating conflict buckets...
[LOCAL ZONE] Building diamond bucket for conflict 13
[LOCAL ZONE] Built diamond bucket for conflict 13 with 7 positions, 1 conflicts, 26 - 26 time window
[LNS] Selected most relevant bucket 13 with time window: 26 - 26, 1 conflicts and 7 positions.
[LNS] Solving the best bucket Local Zone...
[Solve_local_zone] Current local zone size: 7 (0.759219% of all walkable positions)
[Solve_local_zone] Local zone time window: [25, 27]
[Create_Local_problem] Agent 2 contiguous intervals: [25, 27] 
[Create_Local_problem] Agent 2 exited the zone at exit time 27
[Create_Local_problem] Agent 72 contiguous intervals: [25, 27] 
[Create_Local_problem] Agent 72 exited the zone at exit time 27
[Waiting_time_Solve] Total available waiting time: 1558
[Waiting_time_Solve] Iteration 0...
[SAT] Start solving CNF: 10 clauses and 6 variables
[SAT] Solving local zone with SAT iteration 1...
[SAT] Local CNF: 10 clauses 

DEBUG: Adding 10 new clauses to MiniSAT (incremental run)
DEBUG: Clause load summary: input=10, added=10, tautologies_skipped=0, duplicates_skipped=0, unit_clauses=6, empties=0, intra_clause_literals_removed=0, added_but_db_unchanged=4
DEBUG: After adding clauses, solver has 0 clauses and 6 variables
DEBUG: MiniSAT found 6 variables
DEBUG: Assignment size: 6
DEBUG: First few assignment values: 1 1 1 1 1 1 

=== DEBUG: cnf_assignment_to_paths ===
Input assignment size: 6

=== END DEBUG ===
[SAT] Found 0 vertex collisions and 1 edge collisions
[SAT] Adding collision clauses and solving again...
[SAT] Solving local zone with SAT iteration 2...
[SAT] Local CNF: 11 clauses 

DEBUG: Adding 1 new clauses to MiniSAT (incremental run)
[SAT] Local problem is unsatisfiable after 2 iterations
[SAT] Local problem appears to be unsatisfiable in current zone
[Waiting_time_Solve] No solution found, trying to apply waiting time:1
[Waiting_time_Solve] Applying waiting time delta 1 to segment 2
[Waiting_time_Solve] Original id: 2
[Create_Local_Problem] MDD already aligned to the time window
[Waiting_time_Solve] Path length: 47
[Waiting_time_Solve] Makespan: 46
[Waiting_time_Solve] Segment exit time: 28
[Waiting_time_Solve] Path length after shifting suffix: 47
[Waiting_time_Solve] path length after inserting segment path: 47
[Waiting_time_Solve] inserting following segments
[Waiting_time_Solve] curren pos_it: 0
[Waiting_time_Solve] pushing new path into current solution
[Waiting_time_Solve] New path is consistent after applying waiting time for agent 2
[Current_Solution] Agent 2 used 1 waiting timesteps, 10 remaining
[Waiting_time_Solve] Applied 1 waiting time to segment 2 for agent 2
[Waiting_time_Solve] Waiting time applied
[Waiting_time_Solve] Extended Zone end time from 27 to 28
[Create_Local_Problem] Agent 2 is being scanned from timestep 28 to 28
[Create_Local_problem] Agent 2 contiguous intervals: [28, 28] 
[Create_Local_problem] Agent 2 exited the zone at exit time 28
[Create_Local_Problem] Agent 2 is already extended to the end of the previous zone: 28
[Create_Local_Problem] Agent 72 is being scanned from timestep 28 to 28
[Create_Local_problem] Agent 72 contiguous intervals: [28, 28] 
[Create_Local_problem] Agent 72 exited the zone at exit time 28
[Create_Local_Problem] Agent 72 is continuing in the zone until timestep 28
[Create_Local_Problem] Agent 72old segment entry, exit: 25, 27
[Create_Local_Problem] Agent 72new segment entry, exit: 28, 28
[Waiting_time_Solve] Iteration 1...
[SAT] Start solving CNF: 18 clauses and 10 variables
[SAT] Solving local zone with SAT iteration 1...
[SAT] Local CNF: 19 clauses 

DEBUG: Adding 19 new clauses to MiniSAT (incremental run)
DEBUG: Clause load summary: input=19, added=19, tautologies_skipped=0, duplicates_skipped=0, unit_clauses=6, empties=0, intra_clause_literals_removed=0, added_but_db_unchanged=5
DEBUG: After adding clauses, solver has 8 clauses and 10 variables
DEBUG: MiniSAT found 10 variables
DEBUG: Assignment size: 10
DEBUG: First few assignment values: 1 1 1 1 1 0 1 0 1 1 

=== DEBUG: cnf_assignment_to_paths ===
Input assignment size: 10

=== END DEBUG ===
[SAT] Found 1 vertex collisions and 0 edge collisions
[SAT] Adding collision clauses and solving again...
[SAT] Solving local zone with SAT iteration 2...
[SAT] Local CNF: 20 clauses 

DEBUG: Adding 1 new clauses to MiniSAT (incremental run)
[SAT] Local problem is unsatisfiable after 2 iterations
[SAT] Local problem appears to be unsatisfiable in current zone
[Waiting_time_Solve] No solution found, trying to apply waiting time:2
[Waiting_time_Solve] Applying waiting time delta 2 to segment 2
[Waiting_time_Solve] Original id: 2
[Create_Local_Problem] MDD already aligned to the time window
[Waiting_time_Solve] Path length: 47
[Waiting_time_Solve] Makespan: 46
[Waiting_time_Solve] Segment exit time: 30
[Waiting_time_Solve] Path length after shifting suffix: 47
[Waiting_time_Solve] path length after inserting segment path: 47
[Waiting_time_Solve] inserting following segments
[Waiting_time_Solve] curren pos_it: 0
[Waiting_time_Solve] pushing new path into current solution
[Waiting_time_Solve] New path is consistent after applying waiting time for agent 2
[Current_Solution] Agent 2 used 2 waiting timesteps, 8 remaining
[Waiting_time_Solve] Applied 2 waiting time to segment 2 for agent 2
[Waiting_time_Solve] Waiting time applied
[Waiting_time_Solve] Extended Zone end time from 28 to 30
[Create_Local_Problem] Agent 2 is being scanned from timestep 29 to 30
[Create_Local_problem] Agent 2 contiguous intervals: [29, 30] 
[Create_Local_problem] Agent 2 exited the zone at exit time 30
[Create_Local_Problem] Agent 2 is already extended to the end of the previous zone: 30
[Create_Local_Problem] Agent 75 is being scanned from timestep 29 to 30
[Create_Local_problem] Agent 75 contiguous intervals: [29, 30] 
[Create_Local_problem] Agent 75 exited the zone at exit time 30
[Create_Local_Problem] Agent 75 is new in the zone
[Waiting_time_Solve] Iteration 2...
[SAT] Start solving CNF: 73 clauses and 26 variables
[SAT] Solving local zone with SAT iteration 1...
[SAT] Local CNF: 75 clauses 

DEBUG: Adding 75 new clauses to MiniSAT (incremental run)
DEBUG: Clause load summary: input=75, added=75, tautologies_skipped=0, duplicates_skipped=0, unit_clauses=8, empties=0, intra_clause_literals_removed=0, added_but_db_unchanged=9
DEBUG: After adding clauses, solver has 58 clauses and 26 variables
DEBUG: MiniSAT found 26 variables
DEBUG: Assignment size: 26
DEBUG: First few assignment values: 1 1 1 1 1 1 1 0 1 0 

=== DEBUG: cnf_assignment_to_paths ===
Input assignment size: 26

=== END DEBUG ===
[SAT] Found 0 vertex collisions and 0 edge collisions
[SAT] Found collision-free local solution!
[Waiting_time_Solve] Solution found, updating global solution
[LNS] Updating global solution with pseudo-agent local paths...
[Current_Solution] Updating global solution for agent 75
[Current_Solution] Global solution is consistent after updating with local path
[LNS] Successfully updated global solution with pseudo-agent local paths!
[Current_Solution] Updating global solution for agent 72
[Current_Solution] INFO: Segment 72 exit adjusted from 27 to 28 due to waiting time
[Current_Solution] Segment 72 lengthened by 1 timesteps; shifting suffix
[Current_Solution] Global solution is consistent before shifting suffix
[Current_Solution] Global solution is consistent after shifting suffix
[Current_Solution] Global solution is consistent after updating with local path
[LNS] Successfully updated global solution with pseudo-agent local paths!
[Current_Solution] Updating global solution for agent 2
[Current_Solution] INFO: Segment 2 exit adjusted from 27 to 30 due to waiting time
[Current_Solution] Segment 2 lengthened by 3 timesteps; shifting suffix
[Current_Solution] Global solution is consistent before shifting suffix
[Current_Solution] Global solution is consistent after shifting suffix
[Current_Solution] Global solution is consistent after updating with local path
[LNS] Successfully updated global solution with pseudo-agent local paths!
[LNS] Updating path map with new local paths...
[LNS] Successfully updated global solution with local paths and pseudo agents!
[Solve_local_zone] Successfully solved local zone
[LNS] Successfully solved local zone
[LNS] Analyzing conflicts...
[LNS] Current solution: vertex collisions=14, edge collisions=2
[LNS] Creating conflict buckets...
[LOCAL ZONE] Building diamond bucket for conflict 0
[LOCAL ZONE] Built diamond bucket for conflict 0 with 5 positions, 1 conflicts, 27 - 27 time window
[LNS] Selected most relevant bucket 0 with time window: 27 - 27, 1 conflicts and 5 positions.
[LNS] Solving the best bucket Local Zone...
[Solve_local_zone] Current local zone size: 5 (0.542299% of all walkable positions)
[Solve_local_zone] Local zone time window: [26, 28]
[Create_Local_problem] Agent 17 contiguous intervals: [26, 28] 
[Create_Local_problem] Agent 17 exited the zone at exit time 28
[Create_Local_problem] Agent 63 contiguous intervals: [26, 28] 
[Create_Local_problem] Agent 63 exited the zone at exit time 28
[Current_Solution] Agent 63 used 3 waiting timesteps, 18 remaining
[Waiting_time_Solve] Total available waiting time: 1552
[Waiting_time_Solve] Iteration 0...
[SAT] Start solving CNF: 24 clauses and 10 variables
[SAT] Solving local zone with SAT iteration 1...
[SAT] Local CNF: 24 clauses 

DEBUG: Adding 24 new clauses to MiniSAT (incremental run)
DEBUG: Clause load summary: input=24, added=24, tautologies_skipped=0, duplicates_skipped=0, unit_clauses=5, empties=0, intra_clause_literals_removed=0, added_but_db_unchanged=7
DEBUG: After adding clauses, solver has 12 clauses and 10 variables
DEBUG: MiniSAT found 10 variables
DEBUG: Assignment size: 10
DEBUG: First few assignment values: 1 0 1 0 0 0 1 1 1 1 

=== DEBUG: cnf_assignment_to_paths ===
Input assignment size: 10

=== END DEBUG ===
[SAT] Found 0 vertex collisions and 1 edge collisions
[SAT] Adding collision clauses and solving again...
[SAT] Solving local zone with SAT iteration 2...
[SAT] Local CNF: 25 clauses 

DEBUG: Adding 1 new clauses to MiniSAT (incremental run)
DEBUG: Clause load summary: input=1, added=1, tautologies_skipped=0, duplicates_skipped=0, unit_clauses=0, empties=0, intra_clause_literals_removed=0, added_but_db_unchanged=1
DEBUG: After adding clauses, solver has 12 clauses and 10 variables
DEBUG: MiniSAT found 10 variables
DEBUG: Assignment size: 10
DEBUG: First few assignment values: 1 0 0 1 0 0 1 1 1 1 

=== DEBUG: cnf_assignment_to_paths ===
Input assignment size: 10

=== END DEBUG ===
[SAT] Found 0 vertex collisions and 0 edge collisions
[SAT] Found collision-free local solution!
[Waiting_time_Solve] Solution found, updating global solution
[LNS] Updating global solution with pseudo-agent local paths...
[Current_Solution] Updating global solution for agent 63
[Current_Solution] Global solution is consistent after updating with local path
[LNS] Successfully updated global solution with pseudo-agent local paths!
[Current_Solution] Updating global solution for agent 17
[Current_Solution] Global solution is consistent after updating with local path
[LNS] Successfully updated global solution with pseudo-agent local paths!
[LNS] Updating path map with new local paths...
[LNS] Successfully updated global solution with local paths and pseudo agents!
[Solve_local_zone] Successfully solved local zone
[LNS] Successfully solved local zone
[LNS] Analyzing conflicts...
[LNS] Current solution: vertex collisions=13, edge collisions=2
[LNS] Creating conflict buckets...
[LOCAL ZONE] Building diamond bucket for conflict 0
[LOCAL ZONE] Built diamond bucket for conflict 0 with 10 positions, 3 conflicts, 28 - 30 time window
[LOCAL ZONE] Building diamond bucket for conflict 13
[LOCAL ZONE] Built diamond bucket for conflict 13 with 8 positions, 1 conflicts, 28 - 28 time window
[LNS] Selected most relevant bucket 0 with time window: 28 - 30, 3 conflicts and 10 positions.
[LNS] Solving the best bucket Local Zone...
[Solve_local_zone] Current local zone size: 10 (1.0846% of all walkable positions)
[Solve_local_zone] Local zone time window: [27, 31]
[Create_Local_problem] Agent 7 contiguous intervals: [27, 31] 
[Create_Local_problem] Agent 7 exited the zone at exit time 31
[Create_Local_problem] Agent 14 contiguous intervals: [27, 31] 
[Create_Local_problem] Agent 14 exited the zone at exit time 31
[Create_Local_problem] Agent 61 contiguous intervals: [31, 31] 
[Create_Local_problem] Agent 61 exited the zone at exit time 31
[Waiting_time_Solve] Total available waiting time: 1552
[Waiting_time_Solve] Iteration 0...
[SAT] Start solving CNF: 19 clauses and 11 variables
[SAT] Solving local zone with SAT iteration 1...
[SAT] Local CNF: 19 clauses 

DEBUG: Adding 19 new clauses to MiniSAT (incremental run)
DEBUG: Clause load summary: input=19, added=19, tautologies_skipped=0, duplicates_skipped=0, unit_clauses=11, empties=0, intra_clause_literals_removed=0, added_but_db_unchanged=8
DEBUG: After adding clauses, solver has 0 clauses and 11 variables
DEBUG: MiniSAT found 11 variables
DEBUG: Assignment size: 11
DEBUG: First few assignment values: 1 1 1 1 1 1 1 1 1 1 

=== DEBUG: cnf_assignment_to_paths ===
Input assignment size: 11

=== END DEBUG ===
[SAT] Found 3 vertex collisions and 0 edge collisions
[SAT] Adding collision clauses and solving again...
[SAT] Solving local zone with SAT iteration 2...
[SAT] Local CNF: 22 clauses 

DEBUG: Adding 3 new clauses to MiniSAT (incremental run)
[SAT] Local problem is unsatisfiable after 2 iterations
[SAT] Local problem appears to be unsatisfiable in current zone
[Waiting_time_Solve] No solution found, trying to apply waiting time:1
[Waiting_time_Solve] Applying waiting time delta 1 to segment 14
[Waiting_time_Solve] Original id: 14
[Create_Local_Problem] MDD already aligned to the time window
[Waiting_time_Solve] Path length: 47
[Waiting_time_Solve] Makespan: 46
[Waiting_time_Solve] Segment exit time: 32
[Waiting_time_Solve] Path length after shifting suffix: 47
[Waiting_time_Solve] path length after inserting segment path: 47
[Waiting_time_Solve] inserting following segments
[Waiting_time_Solve] curren pos_it: 1
[Waiting_time_Solve] pushing new path into current solution
[Waiting_time_Solve] New path is consistent after applying waiting time for agent 14
[Current_Solution] Agent 14 used 1 waiting timesteps, 4 remaining
[Waiting_time_Solve] Applied 1 waiting time to segment 14 for agent 14
[Waiting_time_Solve] Waiting time applied
[Waiting_time_Solve] Extended Zone end time from 31 to 32
[Create_Local_Problem] Agent 14 is being scanned from timestep 32 to 32
[Create_Local_problem] Agent 14 contiguous intervals: [32, 32] 
[Create_Local_problem] Agent 14 exited the zone at exit time 32
[Create_Local_Problem] Agent 14 is already extended to the end of the previous zone: 32
[Create_Local_Problem] Agent 61 is being scanned from timestep 32 to 32
[Create_Local_problem] Agent 61 contiguous intervals: [32, 32] 
[Create_Local_problem] Agent 61 exited the zone at exit time 32
[Create_Local_Problem] Agent 61 is continuing in the zone until timestep 32
[Create_Local_Problem] Agent 61old segment entry, exit: 31, 31
[Create_Local_Problem] Agent 61new segment entry, exit: 32, 32
[Waiting_time_Solve] Iteration 1...
[SAT] Start solving CNF: 31 clauses and 17 variables
[SAT] Solving local zone with SAT iteration 1...
[SAT] Local CNF: 34 clauses 

DEBUG: Adding 34 new clauses to MiniSAT (incremental run)
DEBUG: Clause load summary: input=34, added=34, tautologies_skipped=0, duplicates_skipped=0, unit_clauses=9, empties=0, intra_clause_literals_removed=0, added_but_db_unchanged=10
DEBUG: After adding clauses, solver has 15 clauses and 17 variables
DEBUG: MiniSAT found 17 variables
DEBUG: Assignment size: 17
DEBUG: First few assignment values: 1 1 1 0 1 0 1 0 1 0 

=== DEBUG: cnf_assignment_to_paths ===
Input assignment size: 17

=== END DEBUG ===
[SAT] Found 0 vertex collisions and 0 edge collisions
[SAT] Found collision-free local solution!
[Waiting_time_Solve] Solution found, updating global solution
[LNS] Updating global solution with pseudo-agent local paths...
[Current_Solution] Updating global solution for agent 61
[Current_Solution] INFO: Segment 61 exit adjusted from 31 to 32 due to waiting time
[Current_Solution] Segment 61 lengthened by 1 timesteps; shifting suffix
[Current_Solution] Global solution is consistent before shifting suffix
[Current_Solution] Global solution is consistent after shifting suffix
[Current_Solution] Global solution is consistent after updating with local path
[LNS] Successfully updated global solution with pseudo-agent local paths!
[Current_Solution] Updating global solution for agent 14
[Current_Solution] INFO: Segment 14 exit adjusted from 31 to 32 due to waiting time
[Current_Solution] Segment 14 lengthened by 1 timesteps; shifting suffix
[Current_Solution] Global solution is consistent before shifting suffix
[Current_Solution] Global solution is consistent after shifting suffix
[Current_Solution] Global solution is consistent after updating with local path
[LNS] Successfully updated global solution with pseudo-agent local paths!
[Current_Solution] Updating global solution for agent 7
[Current_Solution] Global solution is consistent after updating with local path
[LNS] Successfully updated global solution with pseudo-agent local paths!
[LNS] Updating path map with new local paths...
[LNS] Successfully updated global solution with local paths and pseudo agents!
[Solve_local_zone] Successfully solved local zone
[LNS] Successfully solved local zone
[LNS] Analyzing conflicts...
[LNS] Current solution: vertex collisions=10, edge collisions=2
[LNS] Creating conflict buckets...
[LOCAL ZONE] Building diamond bucket for conflict 10
[LOCAL ZONE] Built diamond bucket for conflict 10 with 8 positions, 1 conflicts, 28 - 28 time window
[LNS] Selected most relevant bucket 10 with time window: 28 - 28, 1 conflicts and 8 positions.
[LNS] Solving the best bucket Local Zone...
[Solve_local_zone] Current local zone size: 8 (0.867679% of all walkable positions)
[Solve_local_zone] Local zone time window: [27, 29]
[Create_Local_problem] Agent 2 contiguous intervals: [28, 28] 
[Create_Local_problem] Agent 2 exited the zone at exit time 28
[Create_Local_problem] Agent 72 contiguous intervals: [27, 29] 
[Create_Local_problem] Agent 72 exited the zone at exit time 29
[Create_Local_problem] Agent 75 contiguous intervals: [27, 29] 
[Create_Local_problem] Agent 75 exited the zone at exit time 29
[Waiting_time_Solve] Total available waiting time: 1551
[Waiting_time_Solve] Iteration 0...
[SAT] Start solving CNF: 13 clauses and 8 variables
[SAT] Solving local zone with SAT iteration 1...
[SAT] Local CNF: 13 clauses 

DEBUG: Adding 13 new clauses to MiniSAT (incremental run)
DEBUG: Clause load summary: input=13, added=13, tautologies_skipped=0, duplicates_skipped=0, unit_clauses=6, empties=0, intra_clause_literals_removed=0, added_but_db_unchanged=4
DEBUG: After adding clauses, solver has 3 clauses and 8 variables
DEBUG: MiniSAT found 8 variables
DEBUG: Assignment size: 8
DEBUG: First few assignment values: 1 0 1 1 1 1 1 1 

=== DEBUG: cnf_assignment_to_paths ===
Input assignment size: 8

=== END DEBUG ===
[SAT] Found 0 vertex collisions and 1 edge collisions
[SAT] Adding collision clauses and solving again...
[SAT] Solving local zone with SAT iteration 2...
[SAT] Local CNF: 14 clauses 

DEBUG: Adding 1 new clauses to MiniSAT (incremental run)
DEBUG: Clause load summary: input=1, added=1, tautologies_skipped=0, duplicates_skipped=0, unit_clauses=0, empties=0, intra_clause_literals_removed=0, added_but_db_unchanged=1
DEBUG: After adding clauses, solver has 3 clauses and 8 variables
DEBUG: MiniSAT found 8 variables
DEBUG: Assignment size: 8
DEBUG: First few assignment values: 1 1 0 1 1 1 1 1 

=== DEBUG: cnf_assignment_to_paths ===
Input assignment size: 8

=== END DEBUG ===
[SAT] Found 0 vertex collisions and 0 edge collisions
[SAT] Found collision-free local solution!
[Waiting_time_Solve] Solution found, updating global solution
[LNS] Updating global solution with pseudo-agent local paths...
[Current_Solution] Updating global solution for agent 75
[Current_Solution] Global solution is consistent after updating with local path
[LNS] Successfully updated global solution with pseudo-agent local paths!
[Current_Solution] Updating global solution for agent 72
[Current_Solution] Global solution is consistent after updating with local path
[LNS] Successfully updated global solution with pseudo-agent local paths!
[Current_Solution] Updating global solution for agent 2
[Current_Solution] Global solution is consistent after updating with local path
[LNS] Successfully updated global solution with pseudo-agent local paths!
[LNS] Updating path map with new local paths...
[LNS] Successfully updated global solution with local paths and pseudo agents!
[Solve_local_zone] Successfully solved local zone
[LNS] Successfully solved local zone
[LNS] Analyzing conflicts...
[LNS] Current solution: vertex collisions=10, edge collisions=1
[LNS] Creating conflict buckets...
[LOCAL ZONE] Building diamond bucket for conflict 0
[LOCAL ZONE] Built diamond bucket for conflict 0 with 5 positions, 1 conflicts, 29 - 29 time window
[LOCAL ZONE] Building diamond bucket for conflict 1
[LOCAL ZONE] Built diamond bucket for conflict 1 with 4 positions, 1 conflicts, 29 - 29 time window
[LOCAL ZONE] Building diamond bucket for conflict 2
[LOCAL ZONE] Built diamond bucket for conflict 2 with 5 positions, 1 conflicts, 29 - 29 time window
[LNS] Selected most relevant bucket 0 with time window: 29 - 29, 1 conflicts and 5 positions.
[LNS] Solving the best bucket Local Zone...
[Solve_local_zone] Current local zone size: 5 (0.542299% of all walkable positions)
[Solve_local_zone] Local zone time window: [28, 30]
[Create_Local_problem] Agent 53 contiguous intervals: [28, 30] 
[Create_Local_problem] Agent 53 exited the zone at exit time 30
[Current_Solution] Agent 53 used 9 waiting timesteps, 16 remaining
[Create_Local_problem] Agent 57 contiguous intervals: [28, 30] 
[Create_Local_problem] Agent 57 exited the zone at exit time 30
[Waiting_time_Solve] Total available waiting time: 1542
[Waiting_time_Solve] Iteration 0...
[SAT] Start solving CNF: 24 clauses and 10 variables
[SAT] Solving local zone with SAT iteration 1...
[SAT] Local CNF: 24 clauses 

DEBUG: Adding 24 new clauses to MiniSAT (incremental run)
DEBUG: Clause load summary: input=24, added=24, tautologies_skipped=0, duplicates_skipped=0, unit_clauses=5, empties=0, intra_clause_literals_removed=0, added_but_db_unchanged=7
DEBUG: After adding clauses, solver has 12 clauses and 10 variables
DEBUG: MiniSAT found 10 variables
DEBUG: Assignment size: 10
DEBUG: First few assignment values: 1 1 1 1 0 1 0 0 0 1 

=== DEBUG: cnf_assignment_to_paths ===
Input assignment size: 10

=== END DEBUG ===
[SAT] Found 0 vertex collisions and 0 edge collisions
[SAT] Found collision-free local solution!
[Waiting_time_Solve] Solution found, updating global solution
[LNS] Updating global solution with pseudo-agent local paths...
[Current_Solution] Updating global solution for agent 57
[Current_Solution] Global solution is consistent after updating with local path
[LNS] Successfully updated global solution with pseudo-agent local paths!
[Current_Solution] Updating global solution for agent 53
[Current_Solution] Global solution is consistent after updating with local path
[LNS] Successfully updated global solution with pseudo-agent local paths!
[LNS] Updating path map with new local paths...
[LNS] Successfully updated global solution with local paths and pseudo agents!
[Solve_local_zone] Successfully solved local zone
[LNS] Successfully solved local zone
[LNS] Analyzing conflicts...
[LNS] Current solution: vertex collisions=9, edge collisions=1
[LNS] Creating conflict buckets...
[LOCAL ZONE] Building diamond bucket for conflict 0
[LOCAL ZONE] Built diamond bucket for conflict 0 with 4 positions, 1 conflicts, 29 - 29 time window
[LOCAL ZONE] Building diamond bucket for conflict 1
[LOCAL ZONE] Built diamond bucket for conflict 1 with 5 positions, 1 conflicts, 29 - 29 time window
[LNS] Selected most relevant bucket 1 with time window: 29 - 29, 1 conflicts and 5 positions.
[LNS] Solving the best bucket Local Zone...
[Solve_local_zone] Current local zone size: 5 (0.542299% of all walkable positions)
[Solve_local_zone] Local zone time window: [28, 30]
[Create_Local_problem] Agent 5 contiguous intervals: [28, 30] 
[Create_Local_problem] Agent 5 exited the zone at exit time 30
[Create_Local_problem] Agent 77 contiguous intervals: [28, 30] 
[Create_Local_problem] Agent 77 exited the zone at exit time 30
[Current_Solution] Agent 77 used 7 waiting timesteps, 16 remaining
[Waiting_time_Solve] Total available waiting time: 1535
[Waiting_time_Solve] Iteration 0...
[SAT] Start solving CNF: 24 clauses and 10 variables
[SAT] Solving local zone with SAT iteration 1...
[SAT] Local CNF: 24 clauses 

DEBUG: Adding 24 new clauses to MiniSAT (incremental run)
DEBUG: Clause load summary: input=24, added=24, tautologies_skipped=0, duplicates_skipped=0, unit_clauses=5, empties=0, intra_clause_literals_removed=0, added_but_db_unchanged=7
DEBUG: After adding clauses, solver has 12 clauses and 10 variables
DEBUG: MiniSAT found 10 variables
DEBUG: Assignment size: 10
DEBUG: First few assignment values: 1 0 1 0 0 0 1 1 1 1 

=== DEBUG: cnf_assignment_to_paths ===
Input assignment size: 10

=== END DEBUG ===
[SAT] Found 0 vertex collisions and 1 edge collisions
[SAT] Adding collision clauses and solving again...
[SAT] Solving local zone with SAT iteration 2...
[SAT] Local CNF: 25 clauses 

DEBUG: Adding 1 new clauses to MiniSAT (incremental run)
DEBUG: Clause load summary: input=1, added=1, tautologies_skipped=0, duplicates_skipped=0, unit_clauses=0, empties=0, intra_clause_literals_removed=0, added_but_db_unchanged=1
DEBUG: After adding clauses, solver has 12 clauses and 10 variables
DEBUG: MiniSAT found 10 variables
DEBUG: Assignment size: 10
DEBUG: First few assignment values: 1 0 0 1 0 0 1 1 1 1 

=== DEBUG: cnf_assignment_to_paths ===
Input assignment size: 10

=== END DEBUG ===
[SAT] Found 0 vertex collisions and 0 edge collisions
[SAT] Found collision-free local solution!
[Waiting_time_Solve] Solution found, updating global solution
[LNS] Updating global solution with pseudo-agent local paths...
[Current_Solution] Updating global solution for agent 77
[Current_Solution] Global solution is consistent after updating with local path
[LNS] Successfully updated global solution with pseudo-agent local paths!
[Current_Solution] Updating global solution for agent 5
[Current_Solution] Global solution is consistent after updating with local path
[LNS] Successfully updated global solution with pseudo-agent local paths!
[LNS] Updating path map with new local paths...
[LNS] Successfully updated global solution with local paths and pseudo agents!
[Solve_local_zone] Successfully solved local zone
[LNS] Successfully solved local zone
[LNS] Analyzing conflicts...
[LNS] Current solution: vertex collisions=8, edge collisions=1
[LNS] Creating conflict buckets...
[LOCAL ZONE] Building diamond bucket for conflict 0
[LOCAL ZONE] Built diamond bucket for conflict 0 with 4 positions, 1 conflicts, 29 - 29 time window
[LNS] Selected most relevant bucket 0 with time window: 29 - 29, 1 conflicts and 4 positions.
[LNS] Solving the best bucket Local Zone...
[Solve_local_zone] Current local zone size: 4 (0.433839% of all walkable positions)
[Solve_local_zone] Local zone time window: [28, 30]
[Create_Local_problem] Agent 19 contiguous intervals: [28, 30] 
[Create_Local_problem] Agent 19 exited the zone at exit time 30
[Current_Solution] Agent 19 used 15 waiting timesteps, 16 remaining
[Create_Local_problem] Agent 20 contiguous intervals: [28, 30] 
[Create_Local_problem] Agent 20 exited the zone at exit time 30
[Create_Local_problem] Agent 60 contiguous intervals: [28, 30] 
[Create_Local_problem] Agent 60 exited the zone at exit time 30
[Current_Solution] Agent 60 used 3 waiting timesteps, 16 remaining
[Waiting_time_Solve] Total available waiting time: 1517
[Waiting_time_Solve] Iteration 0...
[SAT] Start solving CNF: 26 clauses and 13 variables
[SAT] Solving local zone with SAT iteration 1...
[SAT] Local CNF: 26 clauses 

DEBUG: Adding 26 new clauses to MiniSAT (incremental run)
DEBUG: Clause load summary: input=26, added=26, tautologies_skipped=0, duplicates_skipped=0, unit_clauses=7, empties=0, intra_clause_literals_removed=0, added_but_db_unchanged=8
DEBUG: After adding clauses, solver has 11 clauses and 13 variables
DEBUG: MiniSAT found 13 variables
DEBUG: Assignment size: 13
DEBUG: First few assignment values: 1 0 1 1 1 1 1 1 1 0 

=== DEBUG: cnf_assignment_to_paths ===
Input assignment size: 13

=== END DEBUG ===
[SAT] Found 0 vertex collisions and 1 edge collisions
[SAT] Adding collision clauses and solving again...
[SAT] Solving local zone with SAT iteration 2...
[SAT] Local CNF: 27 clauses 

DEBUG: Adding 1 new clauses to MiniSAT (incremental run)
DEBUG: Clause load summary: input=1, added=1, tautologies_skipped=0, duplicates_skipped=0, unit_clauses=0, empties=0, intra_clause_literals_removed=0, added_but_db_unchanged=1
DEBUG: After adding clauses, solver has 11 clauses and 13 variables
DEBUG: MiniSAT found 13 variables
DEBUG: Assignment size: 13
DEBUG: First few assignment values: 1 0 1 1 1 1 1 1 0 1 

=== DEBUG: cnf_assignment_to_paths ===
Input assignment size: 13

=== END DEBUG ===
[SAT] Found 0 vertex collisions and 1 edge collisions
[SAT] Adding collision clauses and solving again...
[SAT] Solving local zone with SAT iteration 3...
[SAT] Local CNF: 28 clauses 

DEBUG: Adding 1 new clauses to MiniSAT (incremental run)
DEBUG: Clause load summary: input=1, added=1, tautologies_skipped=0, duplicates_skipped=0, unit_clauses=0, empties=0, intra_clause_literals_removed=0, added_but_db_unchanged=1
DEBUG: After adding clauses, solver has 11 clauses and 13 variables
DEBUG: MiniSAT found 13 variables
DEBUG: Assignment size: 13
DEBUG: First few assignment values: 1 0 1 1 1 1 1 1 0 0 

=== DEBUG: cnf_assignment_to_paths ===
Input assignment size: 13

=== END DEBUG ===
[SAT] Found 1 vertex collisions and 0 edge collisions
[SAT] Adding collision clauses and solving again...
[SAT] Solving local zone with SAT iteration 4...
[SAT] Local CNF: 29 clauses 

DEBUG: Adding 1 new clauses to MiniSAT (incremental run)
DEBUG: Clause load summary: input=1, added=1, tautologies_skipped=0, duplicates_skipped=0, unit_clauses=0, empties=0, intra_clause_literals_removed=0, added_but_db_unchanged=0
DEBUG: After adding clauses, solver has 12 clauses and 13 variables
DEBUG: MiniSAT found 13 variables
DEBUG: Assignment size: 13
DEBUG: First few assignment values: 1 1 0 1 1 1 1 1 0 0 

=== DEBUG: cnf_assignment_to_paths ===
Input assignment size: 13

=== END DEBUG ===
[SAT] Found 1 vertex collisions and 2 edge collisions
[SAT] Adding collision clauses and solving again...
[SAT] Solving local zone with SAT iteration 5...
[SAT] Local CNF: 32 clauses 

DEBUG: Adding 3 new clauses to MiniSAT (incremental run)
DEBUG: Clause load summary: input=3, added=3, tautologies_skipped=0, duplicates_skipped=0, unit_clauses=0, empties=0, intra_clause_literals_removed=0, added_but_db_unchanged=3
DEBUG: After adding clauses, solver has 12 clauses and 13 variables
DEBUG: MiniSAT found 13 variables
DEBUG: Assignment size: 13
DEBUG: First few assignment values: 1 0 1 1 1 1 1 1 0 0 

=== DEBUG: cnf_assignment_to_paths ===
Input assignment size: 13

=== END DEBUG ===
[SAT] Found 1 vertex collisions and 0 edge collisions
[SAT] Adding collision clauses and solving again...
[SAT] Solving local zone with SAT iteration 6...
[SAT] Local CNF: 33 clauses 

DEBUG: Adding 1 new clauses to MiniSAT (incremental run)
[SAT] Local problem is unsatisfiable after 6 iterations
[SAT] Local problem appears to be unsatisfiable in current zone
[Waiting_time_Solve] No solution found, trying to apply waiting time:1
[Current_Solution] Agent 19 used 0 waiting timesteps, 16 remaining
[Waiting_time_Solve] Applied 0 waiting time to segment 19 for agent 19
[Waiting_time_Solve] Applying waiting time delta 1 to segment 60
[Waiting_time_Solve] Original id: 60
[Create_Local_Problem] MDD already aligned to the time window
[Waiting_time_Solve] Path length: 47
[Waiting_time_Solve] Makespan: 46
[Waiting_time_Solve] Segment exit time: 30
[Waiting_time_Solve] Path length after shifting suffix: 47
[Waiting_time_Solve] path length after inserting segment path: 47
[Waiting_time_Solve] inserting following segments
[Waiting_time_Solve] curren pos_it: 2
[Waiting_time_Solve] pushing new path into current solution
[Waiting_time_Solve] New path is consistent after applying waiting time for agent 60
[Current_Solution] Agent 60 used 1 waiting timesteps, 15 remaining
[Waiting_time_Solve] Applied 1 waiting time to segment 60 for agent 60
[Waiting_time_Solve] Waiting time applied
[Waiting_time_Solve] Iteration 1...
[SAT] Start solving CNF: 26 clauses and 13 variables
[SAT] Solving local zone with SAT iteration 1...
[SAT] Local CNF: 33 clauses 

DEBUG: Adding 33 new clauses to MiniSAT (incremental run)
[SAT] Local problem is unsatisfiable after 1 iterations
[SAT] Local problem appears to be unsatisfiable in current zone
[Waiting_time_Solve] No solution found, trying to apply waiting time:2
[Waiting_time_Solve] No waiting time applied
[Waiting_time_Solve] No solution found
[Waiting_time_Solve] Restoring original paths
[Waiting_time_Solve] Restoring waiting times
[Current_Solution] Restored waiting times from backup
[Current_Solution] Restored paths from backup
[Solve_local_zone] Zone with expansion factor 0failed
[Solve_local_zone] Expanding zone with offset 2 (original: 1)
[Solve_local_zone] Final expanded zone contains 11 positions with 1 conflicts 
[Solve_local_zone] New time window: [27, 31]
[Solve_local_zone] Current local zone size: 11 (1.19306% of all walkable positions)
[Solve_local_zone] Local zone time window: [27, 31]
[Create_Local_problem] Agent 19 contiguous intervals: [27, 31] 
[Create_Local_problem] Agent 19 exited the zone at exit time 31
[Current_Solution] Agent 19 used 16 waiting timesteps, 15 remaining
[Create_Local_problem] Agent 20 contiguous intervals: [27, 31] 
[Create_Local_problem] Agent 20 exited the zone at exit time 31
[Create_Local_problem] Agent 33 contiguous intervals: [28, 28] 
[Create_Local_problem] Agent 33 exited the zone at exit time 28
[Create_Local_problem] Agent 60 contiguous intervals: [27, 31] 
[Create_Local_problem] Agent 60 exited the zone at exit time 31
[Current_Solution] Agent 60 used 4 waiting timesteps, 15 remaining
[Waiting_time_Solve] Total available waiting time: 1515
[Waiting_time_Solve] Iteration 0...
[SAT] Start solving CNF: 166 clauses and 46 variables
[SAT] Solving local zone with SAT iteration 1...
[SAT] Local CNF: 166 clauses 

DEBUG: Adding 166 new clauses to MiniSAT (incremental run)
DEBUG: Clause load summary: input=166, added=166, tautologies_skipped=0, duplicates_skipped=0, unit_clauses=10, empties=0, intra_clause_literals_removed=0, added_but_db_unchanged=13
DEBUG: After adding clauses, solver has 143 clauses and 46 variables
DEBUG: MiniSAT found 46 variables
DEBUG: Assignment size: 46
DEBUG: First few assignment values: 1 0 1 0 0 0 1 0 0 0 

=== DEBUG: cnf_assignment_to_paths ===
Input assignment size: 46

=== END DEBUG ===
[SAT] Found 1 vertex collisions and 0 edge collisions
[SAT] Adding collision clauses and solving again...
[SAT] Solving local zone with SAT iteration 2...
[SAT] Local CNF: 167 clauses 

DEBUG: Adding 1 new clauses to MiniSAT (incremental run)
DEBUG: Clause load summary: input=1, added=1, tautologies_skipped=0, duplicates_skipped=0, unit_clauses=0, empties=0, intra_clause_literals_removed=0, added_but_db_unchanged=1
DEBUG: After adding clauses, solver has 143 clauses and 46 variables
DEBUG: MiniSAT found 46 variables
DEBUG: Assignment size: 46
DEBUG: First few assignment values: 1 0 1 0 0 0 1 0 0 0 

=== DEBUG: cnf_assignment_to_paths ===
Input assignment size: 46

=== END DEBUG ===
[SAT] Found 1 vertex collisions and 0 edge collisions
[SAT] Adding collision clauses and solving again...
[SAT] Solving local zone with SAT iteration 3...
[SAT] Local CNF: 168 clauses 

DEBUG: Adding 1 new clauses to MiniSAT (incremental run)
DEBUG: Clause load summary: input=1, added=1, tautologies_skipped=0, duplicates_skipped=0, unit_clauses=0, empties=0, intra_clause_literals_removed=0, added_but_db_unchanged=1
DEBUG: After adding clauses, solver has 143 clauses and 46 variables
DEBUG: MiniSAT found 46 variables
DEBUG: Assignment size: 46
DEBUG: First few assignment values: 1 0 1 0 0 0 1 0 0 0 

=== DEBUG: cnf_assignment_to_paths ===
Input assignment size: 46

=== END DEBUG ===
[SAT] Found 1 vertex collisions and 0 edge collisions
[SAT] Adding collision clauses and solving again...
[SAT] Solving local zone with SAT iteration 4...
[SAT] Local CNF: 169 clauses 

DEBUG: Adding 1 new clauses to MiniSAT (incremental run)
DEBUG: Clause load summary: input=1, added=1, tautologies_skipped=0, duplicates_skipped=0, unit_clauses=0, empties=0, intra_clause_literals_removed=0, added_but_db_unchanged=0
DEBUG: After adding clauses, solver has 144 clauses and 46 variables
DEBUG: MiniSAT found 46 variables
DEBUG: Assignment size: 46
DEBUG: First few assignment values: 1 0 0 0 0 1 0 0 0 0 

=== DEBUG: cnf_assignment_to_paths ===
Input assignment size: 46

=== END DEBUG ===
[SAT] Found 0 vertex collisions and 0 edge collisions
[SAT] Found collision-free local solution!
[Waiting_time_Solve] Solution found, updating global solution
[LNS] Updating global solution with pseudo-agent local paths...
[Current_Solution] Updating global solution for agent 60
[Current_Solution] Global solution is consistent after updating with local path
[LNS] Successfully updated global solution with pseudo-agent local paths!
[Current_Solution] Updating global solution for agent 33
[Current_Solution] Global solution is consistent after updating with local path
[LNS] Successfully updated global solution with pseudo-agent local paths!
[Current_Solution] Updating global solution for agent 20
[Current_Solution] Global solution is consistent after updating with local path
[LNS] Successfully updated global solution with pseudo-agent local paths!
[Current_Solution] Updating global solution for agent 19
[Current_Solution] Global solution is consistent after updating with local path
[LNS] Successfully updated global solution with pseudo-agent local paths!
[LNS] Updating path map with new local paths...
[LNS] Successfully updated global solution with local paths and pseudo agents!
[Solve_local_zone] Successfully solved local zone
[LNS] Successfully solved local zone
[LNS] Analyzing conflicts...
[LNS] Current solution: vertex collisions=7, edge collisions=1
[LNS] Creating conflict buckets...
[LOCAL ZONE] Building diamond bucket for conflict 0
[LOCAL ZONE] Built diamond bucket for conflict 0 with 4 positions, 1 conflicts, 30 - 30 time window
[LNS] Selected most relevant bucket 0 with time window: 30 - 30, 1 conflicts and 4 positions.
[LNS] Solving the best bucket Local Zone...
[Solve_local_zone] Current local zone size: 4 (0.433839% of all walkable positions)
[Solve_local_zone] Local zone time window: [29, 31]
[Create_Local_problem] Agent 27 contiguous intervals: [29, 31] 
[Create_Local_problem] Agent 27 exited the zone at exit time 31
[Current_Solution] Agent 27 used 1 waiting timesteps, 15 remaining
[Create_Local_problem] Agent 54 contiguous intervals: [29, 31] 
[Create_Local_problem] Agent 54 exited the zone at exit time 31
[Waiting_time_Solve] Total available waiting time: 1514
[Waiting_time_Solve] Iteration 0...
[SAT] Start solving CNF: 12 clauses and 7 variables
[SAT] Solving local zone with SAT iteration 1...
[SAT] Local CNF: 12 clauses 

DEBUG: Adding 12 new clauses to MiniSAT (incremental run)
DEBUG: Clause load summary: input=12, added=12, tautologies_skipped=0, duplicates_skipped=0, unit_clauses=5, empties=0, intra_clause_literals_removed=0, added_but_db_unchanged=4
DEBUG: After adding clauses, solver has 3 clauses and 7 variables
DEBUG: MiniSAT found 7 variables
DEBUG: Assignment size: 7
DEBUG: First few assignment values: 1 1 1 1 0 1 1 

=== DEBUG: cnf_assignment_to_paths ===
Input assignment size: 7

=== END DEBUG ===
[SAT] Found 0 vertex collisions and 0 edge collisions
[SAT] Found collision-free local solution!
[Waiting_time_Solve] Solution found, updating global solution
[LNS] Updating global solution with pseudo-agent local paths...
[Current_Solution] Updating global solution for agent 54
[Current_Solution] Global solution is consistent after updating with local path
[LNS] Successfully updated global solution with pseudo-agent local paths!
[Current_Solution] Updating global solution for agent 27
[Current_Solution] Global solution is consistent after updating with local path
[LNS] Successfully updated global solution with pseudo-agent local paths!
[LNS] Updating path map with new local paths...
[LNS] Successfully updated global solution with local paths and pseudo agents!
[Solve_local_zone] Successfully solved local zone
[LNS] Successfully solved local zone
[LNS] Analyzing conflicts...
[LNS] Current solution: vertex collisions=6, edge collisions=1
[LNS] Creating conflict buckets...
[LOCAL ZONE] Building diamond bucket for conflict 6
[LOCAL ZONE] Built diamond bucket for conflict 6 with 7 positions, 1 conflicts, 31 - 31 time window
[LNS] Selected most relevant bucket 6 with time window: 31 - 31, 1 conflicts and 7 positions.
[LNS] Solving the best bucket Local Zone...
[Solve_local_zone] Current local zone size: 7 (0.759219% of all walkable positions)
[Solve_local_zone] Local zone time window: [30, 32]
[Create_Local_problem] Agent 8 contiguous intervals: [30, 32] 
[Create_Local_problem] Agent 8 exited the zone at exit time 32
[Create_Local_problem] Agent 50 contiguous intervals: [30, 32] 
[Create_Local_problem] Agent 50 exited the zone at exit time 32
[Waiting_time_Solve] Total available waiting time: 1514
[Waiting_time_Solve] Iteration 0...
[SAT] Start solving CNF: 10 clauses and 6 variables
[SAT] Solving local zone with SAT iteration 1...
[SAT] Local CNF: 10 clauses 

DEBUG: Adding 10 new clauses to MiniSAT (incremental run)
DEBUG: Clause load summary: input=10, added=10, tautologies_skipped=0, duplicates_skipped=0, unit_clauses=6, empties=0, intra_clause_literals_removed=0, added_but_db_unchanged=4
DEBUG: After adding clauses, solver has 0 clauses and 6 variables
DEBUG: MiniSAT found 6 variables
DEBUG: Assignment size: 6
DEBUG: First few assignment values: 1 1 1 1 1 1 

=== DEBUG: cnf_assignment_to_paths ===
Input assignment size: 6

=== END DEBUG ===
[SAT] Found 0 vertex collisions and 1 edge collisions
[SAT] Adding collision clauses and solving again...
[SAT] Solving local zone with SAT iteration 2...
[SAT] Local CNF: 11 clauses 

DEBUG: Adding 1 new clauses to MiniSAT (incremental run)
[SAT] Local problem is unsatisfiable after 2 iterations
[SAT] Local problem appears to be unsatisfiable in current zone
[Waiting_time_Solve] No solution found, trying to apply waiting time:1
[Waiting_time_Solve] Applying waiting time delta 1 to segment 50
[Waiting_time_Solve] Original id: 50
[Create_Local_Problem] MDD already aligned to the time window
[Waiting_time_Solve] Path length: 47
[Waiting_time_Solve] Makespan: 46
[Waiting_time_Solve] Segment exit time: 33
[Waiting_time_Solve] Path length after shifting suffix: 47
[Waiting_time_Solve] path length after inserting segment path: 47
[Waiting_time_Solve] inserting following segments
[Waiting_time_Solve] curren pos_it: 1
[Waiting_time_Solve] pushing new path into current solution
[Waiting_time_Solve] New path is consistent after applying waiting time for agent 50
[Current_Solution] Agent 50 used 1 waiting timesteps, 3 remaining
[Waiting_time_Solve] Applied 1 waiting time to segment 50 for agent 50
[Waiting_time_Solve] Waiting time applied
[Waiting_time_Solve] Extended Zone end time from 32 to 33
[Create_Local_Problem] Agent 8 is being scanned from timestep 33 to 33
[Create_Local_problem] Agent 8 contiguous intervals: [33, 33] 
[Create_Local_problem] Agent 8 exited the zone at exit time 33
[Create_Local_Problem] Agent 8 is continuing in the zone until timestep 33
[Create_Local_Problem] Agent 8old segment entry, exit: 30, 32
[Create_Local_Problem] Agent 8new segment entry, exit: 33, 33
[Create_Local_Problem] Agent 50 is being scanned from timestep 33 to 33
[Create_Local_problem] Agent 50 contiguous intervals: [33, 33] 
[Create_Local_problem] Agent 50 exited the zone at exit time 33
[Create_Local_Problem] Agent 50 is already extended to the end of the previous zone: 33
[Waiting_time_Solve] Iteration 1...
[SAT] Start solving CNF: 18 clauses and 10 variables
[SAT] Solving local zone with SAT iteration 1...
[SAT] Local CNF: 19 clauses 

DEBUG: Adding 19 new clauses to MiniSAT (incremental run)
DEBUG: Clause load summary: input=19, added=19, tautologies_skipped=0, duplicates_skipped=0, unit_clauses=6, empties=0, intra_clause_literals_removed=0, added_but_db_unchanged=5
DEBUG: After adding clauses, solver has 8 clauses and 10 variables
DEBUG: MiniSAT found 10 variables
DEBUG: Assignment size: 10
DEBUG: First few assignment values: 1 0 1 0 1 1 1 1 1 1 

=== DEBUG: cnf_assignment_to_paths ===
Input assignment size: 10

=== END DEBUG ===
[SAT] Found 1 vertex collisions and 0 edge collisions
[SAT] Adding collision clauses and solving again...
[SAT] Solving local zone with SAT iteration 2...
[SAT] Local CNF: 20 clauses 

DEBUG: Adding 1 new clauses to MiniSAT (incremental run)
[SAT] Local problem is unsatisfiable after 2 iterations
[SAT] Local problem appears to be unsatisfiable in current zone
[Waiting_time_Solve] No solution found, trying to apply waiting time:2
[Waiting_time_Solve] Applying waiting time delta 2 to segment 50
[Waiting_time_Solve] Original id: 50
[Create_Local_Problem] MDD already aligned to the time window
[Waiting_time_Solve] Path length: 47
[Waiting_time_Solve] Makespan: 46
[Waiting_time_Solve] Segment exit time: 35
[Waiting_time_Solve] Path length after shifting suffix: 47
[Waiting_time_Solve] path length after inserting segment path: 47
[Waiting_time_Solve] inserting following segments
[Waiting_time_Solve] curren pos_it: 1
[Waiting_time_Solve] pushing new path into current solution
[Waiting_time_Solve] New path is consistent after applying waiting time for agent 50
[Current_Solution] Agent 50 used 2 waiting timesteps, 1 remaining
[Waiting_time_Solve] Applied 2 waiting time to segment 50 for agent 50
[Waiting_time_Solve] Waiting time applied
[Waiting_time_Solve] Extended Zone end time from 33 to 35
[Create_Local_Problem] Agent 50 is being scanned from timestep 34 to 35
[Create_Local_problem] Agent 50 contiguous intervals: [34, 35] 
[Create_Local_problem] Agent 50 exited the zone at exit time 35
[Create_Local_Problem] Agent 50 is already extended to the end of the previous zone: 35
[Waiting_time_Solve] Iteration 2...
[SAT] Start solving CNF: 70 clauses and 24 variables
[SAT] Solving local zone with SAT iteration 1...
[SAT] Local CNF: 72 clauses 

DEBUG: Adding 72 new clauses to MiniSAT (incremental run)
DEBUG: Clause load summary: input=72, added=72, tautologies_skipped=0, duplicates_skipped=0, unit_clauses=6, empties=0, intra_clause_literals_removed=0, added_but_db_unchanged=8
DEBUG: After adding clauses, solver has 58 clauses and 24 variables
DEBUG: MiniSAT found 24 variables
DEBUG: Assignment size: 24
DEBUG: First few assignment values: 1 0 1 0 0 1 0 0 1 0 

=== DEBUG: cnf_assignment_to_paths ===
Input assignment size: 24

=== END DEBUG ===
[SAT] Found 0 vertex collisions and 1 edge collisions
[SAT] Adding collision clauses and solving again...
[SAT] Solving local zone with SAT iteration 2...
[SAT] Local CNF: 73 clauses 

DEBUG: Adding 1 new clauses to MiniSAT (incremental run)
DEBUG: Clause load summary: input=1, added=1, tautologies_skipped=0, duplicates_skipped=0, unit_clauses=0, empties=0, intra_clause_literals_removed=0, added_but_db_unchanged=0
DEBUG: After adding clauses, solver has 54 clauses and 24 variables
DEBUG: MiniSAT found 24 variables
DEBUG: Assignment size: 24
DEBUG: First few assignment values: 1 0 1 0 0 1 0 0 0 0 

=== DEBUG: cnf_assignment_to_paths ===
Input assignment size: 24

=== END DEBUG ===
[SAT] Found 1 vertex collisions and 0 edge collisions
[SAT] Adding collision clauses and solving again...
[SAT] Solving local zone with SAT iteration 3...
[SAT] Local CNF: 74 clauses 

DEBUG: Adding 1 new clauses to MiniSAT (incremental run)
DEBUG: Clause load summary: input=1, added=1, tautologies_skipped=0, duplicates_skipped=0, unit_clauses=0, empties=0, intra_clause_literals_removed=0, added_but_db_unchanged=1
DEBUG: After adding clauses, solver has 54 clauses and 24 variables
DEBUG: MiniSAT found 24 variables
DEBUG: Assignment size: 24
DEBUG: First few assignment values: 1 1 0 0 1 0 0 0 0 0 

=== DEBUG: cnf_assignment_to_paths ===
Input assignment size: 24

=== END DEBUG ===
[SAT] Found 0 vertex collisions and 0 edge collisions
[SAT] Found collision-free local solution!
[Waiting_time_Solve] Solution found, updating global solution
[LNS] Updating global solution with pseudo-agent local paths...
[Current_Solution] Updating global solution for agent 50
[Current_Solution] INFO: Segment 50 exit adjusted from 32 to 35 due to waiting time
[Current_Solution] Segment 50 lengthened by 3 timesteps; shifting suffix
[Current_Solution] Global solution is consistent before shifting suffix
[Current_Solution] Global solution is consistent after shifting suffix
[Current_Solution] Global solution is consistent after updating with local path
[LNS] Successfully updated global solution with pseudo-agent local paths!
[Current_Solution] Updating global solution for agent 8
[Current_Solution] INFO: Segment 8 exit adjusted from 32 to 33 due to waiting time
[Current_Solution] Segment 8 lengthened by 1 timesteps; shifting suffix
[Current_Solution] Global solution is consistent before shifting suffix
[Current_Solution] Global solution is consistent after shifting suffix
[Current_Solution] Global solution is consistent after updating with local path
[LNS] Successfully updated global solution with pseudo-agent local paths!
[LNS] Updating path map with new local paths...
[LNS] Successfully updated global solution with local paths and pseudo agents!
[Solve_local_zone] Successfully solved local zone
[LNS] Successfully solved local zone
[LNS] Analyzing conflicts...
[LNS] Current solution: vertex collisions=6, edge collisions=0
[LNS] Creating conflict buckets...
[LOCAL ZONE] Building diamond bucket for conflict 0
[LOCAL ZONE] Built diamond bucket for conflict 0 with 5 positions, 1 conflicts, 32 - 32 time window
[LNS] Selected most relevant bucket 0 with time window: 32 - 32, 1 conflicts and 5 positions.
[LNS] Solving the best bucket Local Zone...
[Solve_local_zone] Current local zone size: 5 (0.542299% of all walkable positions)
[Solve_local_zone] Local zone time window: [31, 33]
[Create_Local_problem] Agent 2 contiguous intervals: [31, 33] 
[Create_Local_problem] Agent 2 exited the zone at exit time 33
[Create_Local_problem] Agent 35 contiguous intervals: [31, 33] 
[Create_Local_problem] Agent 35 exited the zone at exit time 33
[Current_Solution] Agent 35 used 1 waiting timesteps, 13 remaining
[Create_Local_problem] Agent 75 contiguous intervals: [32, 32] 
[Create_Local_problem] Agent 75 exited the zone at exit time 32
[Waiting_time_Solve] Total available waiting time: 1510
[Waiting_time_Solve] Iteration 0...
[SAT] Start solving CNF: 13 clauses and 8 variables
[SAT] Solving local zone with SAT iteration 1...
[SAT] Local CNF: 13 clauses 

DEBUG: Adding 13 new clauses to MiniSAT (incremental run)
DEBUG: Clause load summary: input=13, added=13, tautologies_skipped=0, duplicates_skipped=0, unit_clauses=6, empties=0, intra_clause_literals_removed=0, added_but_db_unchanged=4
DEBUG: After adding clauses, solver has 3 clauses and 8 variables
DEBUG: MiniSAT found 8 variables
DEBUG: Assignment size: 8
DEBUG: First few assignment values: 1 1 0 1 1 1 1 1 

=== DEBUG: cnf_assignment_to_paths ===
Input assignment size: 8

=== END DEBUG ===
[SAT] Found 0 vertex collisions and 0 edge collisions
[SAT] Found collision-free local solution!
[Waiting_time_Solve] Solution found, updating global solution
[LNS] Updating global solution with pseudo-agent local paths...
[Current_Solution] Updating global solution for agent 75
[Current_Solution] Global solution is consistent after updating with local path
[LNS] Successfully updated global solution with pseudo-agent local paths!
[Current_Solution] Updating global solution for agent 35
[Current_Solution] Global solution is consistent after updating with local path
[LNS] Successfully updated global solution with pseudo-agent local paths!
[Current_Solution] Updating global solution for agent 2
[Current_Solution] Global solution is consistent after updating with local path
[LNS] Successfully updated global solution with pseudo-agent local paths!
[LNS] Updating path map with new local paths...
[LNS] Successfully updated global solution with local paths and pseudo agents!
[Solve_local_zone] Successfully solved local zone
[LNS] Successfully solved local zone
[LNS] Analyzing conflicts...
[LNS] Current solution: vertex collisions=5, edge collisions=0
[LNS] Creating conflict buckets...
[LOCAL ZONE] Building diamond bucket for conflict 0
[LOCAL ZONE] Built diamond bucket for conflict 0 with 5 positions, 1 conflicts, 34 - 34 time window
[LNS] Selected most relevant bucket 0 with time window: 34 - 34, 1 conflicts and 5 positions.
[LNS] Solving the best bucket Local Zone...
[Solve_local_zone] Current local zone size: 5 (0.542299% of all walkable positions)
[Solve_local_zone] Local zone time window: [33, 35]
[Create_Local_problem] Agent 3 contiguous intervals: [33, 35] 
[Create_Local_problem] Agent 3 exited the zone at exit time 35
[Create_Local_problem] Agent 32 contiguous intervals: [33, 35] 
[Create_Local_problem] Agent 32 exited the zone at exit time 35
[Current_Solution] Agent 32 used 8 waiting timesteps, 11 remaining
[Waiting_time_Solve] Total available waiting time: 1502
[Waiting_time_Solve] Iteration 0...
[SAT] Start solving CNF: 24 clauses and 10 variables
[SAT] Solving local zone with SAT iteration 1...
[SAT] Local CNF: 24 clauses 

DEBUG: Adding 24 new clauses to MiniSAT (incremental run)
DEBUG: Clause load summary: input=24, added=24, tautologies_skipped=0, duplicates_skipped=0, unit_clauses=5, empties=0, intra_clause_literals_removed=0, added_but_db_unchanged=7
DEBUG: After adding clauses, solver has 12 clauses and 10 variables
DEBUG: MiniSAT found 10 variables
DEBUG: Assignment size: 10
DEBUG: First few assignment values: 1 0 1 0 0 0 1 1 1 1 

=== DEBUG: cnf_assignment_to_paths ===
Input assignment size: 10

=== END DEBUG ===
[SAT] Found 0 vertex collisions and 1 edge collisions
[SAT] Adding collision clauses and solving again...
[SAT] Solving local zone with SAT iteration 2...
[SAT] Local CNF: 25 clauses 

DEBUG: Adding 1 new clauses to MiniSAT (incremental run)
DEBUG: Clause load summary: input=1, added=1, tautologies_skipped=0, duplicates_skipped=0, unit_clauses=0, empties=0, intra_clause_literals_removed=0, added_but_db_unchanged=1
DEBUG: After adding clauses, solver has 12 clauses and 10 variables
DEBUG: MiniSAT found 10 variables
DEBUG: Assignment size: 10
DEBUG: First few assignment values: 1 0 0 1 0 0 1 1 1 1 

=== DEBUG: cnf_assignment_to_paths ===
Input assignment size: 10

=== END DEBUG ===
[SAT] Found 0 vertex collisions and 0 edge collisions
[SAT] Found collision-free local solution!
[Waiting_time_Solve] Solution found, updating global solution
[LNS] Updating global solution with pseudo-agent local paths...
[Current_Solution] Updating global solution for agent 32
[Current_Solution] Global solution is consistent after updating with local path
[LNS] Successfully updated global solution with pseudo-agent local paths!
[Current_Solution] Updating global solution for agent 3
[Current_Solution] Global solution is consistent after updating with local path
[LNS] Successfully updated global solution with pseudo-agent local paths!
[LNS] Updating path map with new local paths...
[LNS] Successfully updated global solution with local paths and pseudo agents!
[Solve_local_zone] Successfully solved local zone
[LNS] Successfully solved local zone
[LNS] Analyzing conflicts...
[LNS] Current solution: vertex collisions=4, edge collisions=0
[LNS] Creating conflict buckets...
[LOCAL ZONE] Building diamond bucket for conflict 0
[LOCAL ZONE] Built diamond bucket for conflict 0 with 5 positions, 1 conflicts, 37 - 37 time window
[LNS] Selected most relevant bucket 0 with time window: 37 - 37, 1 conflicts and 5 positions.
[LNS] Solving the best bucket Local Zone...
[Solve_local_zone] Current local zone size: 5 (0.542299% of all walkable positions)
[Solve_local_zone] Local zone time window: [36, 38]
[Create_Local_problem] Agent 19 contiguous intervals: [36, 38] 
[Create_Local_problem] Agent 19 exited the zone at exit time 38
[Current_Solution] Agent 19 used 7 waiting timesteps, 8 remaining
[Create_Local_problem] Agent 47 contiguous intervals: [36, 38] 
[Create_Local_problem] Agent 47 exited the zone at exit time 38
[Create_Local_problem] Agent 60 contiguous intervals: [36, 38] 
[Create_Local_problem] Agent 60 exited the zone at exit time 38
[Current_Solution] Agent 60 used 7 waiting timesteps, 8 remaining
[Waiting_time_Solve] Total available waiting time: 1488
[Waiting_time_Solve] Iteration 0...
[SAT] Start solving CNF: 31 clauses and 14 variables
[SAT] Solving local zone with SAT iteration 1...
[SAT] Local CNF: 31 clauses 

DEBUG: Adding 31 new clauses to MiniSAT (incremental run)
DEBUG: Clause load summary: input=31, added=31, tautologies_skipped=0, duplicates_skipped=0, unit_clauses=7, empties=0, intra_clause_literals_removed=0, added_but_db_unchanged=9
DEBUG: After adding clauses, solver has 15 clauses and 14 variables
DEBUG: MiniSAT found 14 variables
DEBUG: Assignment size: 14
DEBUG: First few assignment values: 1 0 1 0 0 0 1 1 1 1 

=== DEBUG: cnf_assignment_to_paths ===
Input assignment size: 14

=== END DEBUG ===
[SAT] Found 1 vertex collisions and 1 edge collisions
[SAT] Adding collision clauses and solving again...
[SAT] Solving local zone with SAT iteration 2...
[SAT] Local CNF: 33 clauses 

DEBUG: Adding 2 new clauses to MiniSAT (incremental run)
DEBUG: Clause load summary: input=2, added=2, tautologies_skipped=0, duplicates_skipped=0, unit_clauses=0, empties=0, intra_clause_literals_removed=0, added_but_db_unchanged=2
DEBUG: After adding clauses, solver has 15 clauses and 14 variables
DEBUG: MiniSAT found 14 variables
DEBUG: Assignment size: 14
DEBUG: First few assignment values: 1 0 0 1 0 0 1 1 1 1 

=== DEBUG: cnf_assignment_to_paths ===
Input assignment size: 14

=== END DEBUG ===
[SAT] Found 0 vertex collisions and 0 edge collisions
[SAT] Found collision-free local solution!
[Waiting_time_Solve] Solution found, updating global solution
[LNS] Updating global solution with pseudo-agent local paths...
[Current_Solution] Updating global solution for agent 60
[Current_Solution] Global solution is consistent after updating with local path
[LNS] Successfully updated global solution with pseudo-agent local paths!
[Current_Solution] Updating global solution for agent 47
[Current_Solution] Global solution is consistent after updating with local path
[LNS] Successfully updated global solution with pseudo-agent local paths!
[Current_Solution] Updating global solution for agent 19
[Current_Solution] Global solution is consistent after updating with local path
[LNS] Successfully updated global solution with pseudo-agent local paths!
[LNS] Updating path map with new local paths...
[LNS] Successfully updated global solution with local paths and pseudo agents!
[Solve_local_zone] Successfully solved local zone
[LNS] Successfully solved local zone
[LNS] Analyzing conflicts...
[LNS] Current solution: vertex collisions=3, edge collisions=0
[LNS] Creating conflict buckets...
[LOCAL ZONE] Building diamond bucket for conflict 0
[LOCAL ZONE] Built diamond bucket for conflict 0 with 7 positions, 2 conflicts, 38 - 39 time window
[LNS] Selected most relevant bucket 0 with time window: 38 - 39, 2 conflicts and 7 positions.
[LNS] Solving the best bucket Local Zone...
[Solve_local_zone] Current local zone size: 7 (0.759219% of all walkable positions)
[Solve_local_zone] Local zone time window: [37, 40]
[Create_Local_problem] Agent 31 contiguous intervals: [37, 40] 
[Create_Local_problem] Agent 31 exited the zone at exit time 40
[Current_Solution] Agent 31 used 15 waiting timesteps, 6 remaining
[Create_Local_problem] Agent 36 contiguous intervals: [37, 40] 
[Create_Local_problem] Agent 36 exited the zone at exit time 40
[Current_Solution] Agent 36 used 15 waiting timesteps, 6 remaining
[Create_Local_problem] Agent 54 contiguous intervals: [37, 40] 
[Create_Local_problem] Agent 54 exited the zone at exit time 40
[Waiting_time_Solve] Total available waiting time: 1458
[Waiting_time_Solve] Iteration 0...
[SAT] Start solving CNF: 67 clauses and 26 variables
[SAT] Solving local zone with SAT iteration 1...
[SAT] Local CNF: 67 clauses 

DEBUG: Adding 67 new clauses to MiniSAT (incremental run)
DEBUG: Clause load summary: input=67, added=67, tautologies_skipped=0, duplicates_skipped=0, unit_clauses=8, empties=0, intra_clause_literals_removed=0, added_but_db_unchanged=12
DEBUG: After adding clauses, solver has 47 clauses and 26 variables
DEBUG: MiniSAT found 26 variables
DEBUG: Assignment size: 26
DEBUG: First few assignment values: 1 1 1 1 1 0 1 0 0 0 

=== DEBUG: cnf_assignment_to_paths ===
Input assignment size: 26

=== END DEBUG ===
[SAT] Found 1 vertex collisions and 0 edge collisions
[SAT] Adding collision clauses and solving again...
[SAT] Solving local zone with SAT iteration 2...
[SAT] Local CNF: 68 clauses 

DEBUG: Adding 1 new clauses to MiniSAT (incremental run)
DEBUG: Clause load summary: input=1, added=1, tautologies_skipped=0, duplicates_skipped=0, unit_clauses=0, empties=0, intra_clause_literals_removed=0, added_but_db_unchanged=1
DEBUG: After adding clauses, solver has 47 clauses and 26 variables
DEBUG: MiniSAT found 26 variables
DEBUG: Assignment size: 26
DEBUG: First few assignment values: 1 1 1 1 1 0 1 0 0 0 

=== DEBUG: cnf_assignment_to_paths ===
Input assignment size: 26

=== END DEBUG ===
[SAT] Found 0 vertex collisions and 1 edge collisions
[SAT] Adding collision clauses and solving again...
[SAT] Solving local zone with SAT iteration 3...
[SAT] Local CNF: 69 clauses 

DEBUG: Adding 1 new clauses to MiniSAT (incremental run)
DEBUG: Clause load summary: input=1, added=1, tautologies_skipped=0, duplicates_skipped=0, unit_clauses=0, empties=0, intra_clause_literals_removed=0, added_but_db_unchanged=1
DEBUG: After adding clauses, solver has 47 clauses and 26 variables
DEBUG: MiniSAT found 26 variables
DEBUG: Assignment size: 26
DEBUG: First few assignment values: 1 1 1 1 1 0 1 0 0 0 

=== DEBUG: cnf_assignment_to_paths ===
Input assignment size: 26

=== END DEBUG ===
[SAT] Found 1 vertex collisions and 1 edge collisions
[SAT] Adding collision clauses and solving again...
[SAT] Solving local zone with SAT iteration 4...
[SAT] Local CNF: 71 clauses 

DEBUG: Adding 2 new clauses to MiniSAT (incremental run)
DEBUG: Clause load summary: input=2, added=2, tautologies_skipped=0, duplicates_skipped=0, unit_clauses=0, empties=0, intra_clause_literals_removed=0, added_but_db_unchanged=0
DEBUG: After adding clauses, solver has 49 clauses and 26 variables
DEBUG: MiniSAT found 26 variables
DEBUG: Assignment size: 26
DEBUG: First few assignment values: 1 1 1 1 1 0 1 0 0 0 

=== DEBUG: cnf_assignment_to_paths ===
Input assignment size: 26

=== END DEBUG ===
[SAT] Found 0 vertex collisions and 0 edge collisions
[SAT] Found collision-free local solution!
[Waiting_time_Solve] Solution found, updating global solution
[LNS] Updating global solution with pseudo-agent local paths...
[Current_Solution] Updating global solution for agent 54
[Current_Solution] Global solution is consistent after updating with local path
[LNS] Successfully updated global solution with pseudo-agent local paths!
[Current_Solution] Updating global solution for agent 36
[Current_Solution] Global solution is consistent after updating with local path
[LNS] Successfully updated global solution with pseudo-agent local paths!
[Current_Solution] Updating global solution for agent 31
[Current_Solution] Global solution is consistent after updating with local path
[LNS] Successfully updated global solution with pseudo-agent local paths!
[LNS] Updating path map with new local paths...
[LNS] Successfully updated global solution with local paths and pseudo agents!
[Solve_local_zone] Successfully solved local zone
[LNS] Successfully solved local zone
[LNS] Analyzing conflicts...
[LNS] Current solution: vertex collisions=1, edge collisions=0
[LNS] Creating conflict buckets...
[LOCAL ZONE] Building diamond bucket for conflict 0
[LOCAL ZONE] Built diamond bucket for conflict 0 with 5 positions, 1 conflicts, 43 - 43 time window
[LNS] Selected most relevant bucket 0 with time window: 43 - 43, 1 conflicts and 5 positions.
[LNS] Solving the best bucket Local Zone...
[Solve_local_zone] Current local zone size: 5 (0.542299% of all walkable positions)
[Solve_local_zone] Local zone time window: [42, 44]
[Create_Local_problem] Agent 34 contiguous intervals: [42, 44] 
[Create_Local_problem] Agent 34 exited the zone at exit time 44
[Create_Local_problem] Agent 40 contiguous intervals: [42, 44] 
[Create_Local_problem] Agent 40 exited the zone at exit time 44
[Current_Solution] Agent 40 used 17 waiting timesteps, 2 remaining
[Waiting_time_Solve] Total available waiting time: 1441
[Waiting_time_Solve] Iteration 0...
[SAT] Start solving CNF: 24 clauses and 10 variables
[SAT] Solving local zone with SAT iteration 1...
[SAT] Local CNF: 24 clauses 

DEBUG: Adding 24 new clauses to MiniSAT (incremental run)
DEBUG: Clause load summary: input=24, added=24, tautologies_skipped=0, duplicates_skipped=0, unit_clauses=5, empties=0, intra_clause_literals_removed=0, added_but_db_unchanged=7
DEBUG: After adding clauses, solver has 12 clauses and 10 variables
DEBUG: MiniSAT found 10 variables
DEBUG: Assignment size: 10
DEBUG: First few assignment values: 1 0 1 0 0 0 1 1 1 1 

=== DEBUG: cnf_assignment_to_paths ===
Input assignment size: 10

=== END DEBUG ===
[SAT] Found 0 vertex collisions and 1 edge collisions
[SAT] Adding collision clauses and solving again...
[SAT] Solving local zone with SAT iteration 2...
[SAT] Local CNF: 25 clauses 

DEBUG: Adding 1 new clauses to MiniSAT (incremental run)
DEBUG: Clause load summary: input=1, added=1, tautologies_skipped=0, duplicates_skipped=0, unit_clauses=0, empties=0, intra_clause_literals_removed=0, added_but_db_unchanged=1
DEBUG: After adding clauses, solver has 12 clauses and 10 variables
DEBUG: MiniSAT found 10 variables
DEBUG: Assignment size: 10
DEBUG: First few assignment values: 1 0 0 1 0 0 1 1 1 1 

=== DEBUG: cnf_assignment_to_paths ===
Input assignment size: 10

=== END DEBUG ===
[SAT] Found 0 vertex collisions and 0 edge collisions
[SAT] Found collision-free local solution!
[Waiting_time_Solve] Solution found, updating global solution
[LNS] Updating global solution with pseudo-agent local paths...
[Current_Solution] Updating global solution for agent 40
[Current_Solution] Global solution is consistent after updating with local path
[LNS] Successfully updated global solution with pseudo-agent local paths!
[Current_Solution] Updating global solution for agent 34
[Current_Solution] Global solution is consistent after updating with local path
[LNS] Successfully updated global solution with pseudo-agent local paths!
[LNS] Updating path map with new local paths...
[LNS] Successfully updated global solution with local paths and pseudo agents!
[Solve_local_zone] Successfully solved local zone
[LNS] Successfully solved local zone
[LNS] Analyzing conflicts...
[LNS] Current solution: vertex collisions=0, edge collisions=0
[LNS] Collision-free solution found at makespan 46
[LNS] Final agent paths:

=== Agent Paths ===
Agent 79 path:
  Time 0: (9, 15)
  Time 1: (9, 16)
  Time 2: (10, 16)
  Time 3: (11, 16)
  Time 4: (12, 16)
  Time 5: (13, 16)
  Time 6: (14, 16)
  Time 7: (15, 16)
  Time 8: (16, 16)
  Time 9: (17, 16)
  Time 10: (18, 16)
  Time 11: (19, 16)
  Time 12: (19, 15)
  Time 13: (20, 15)
  Time 14: (21, 15)
  Time 15: (22, 15)
  Time 16: (23, 15)
  Time 17: (24, 15)
  Time 18: (25, 15)
  Time 19: (25, 14)
  Time 20: (25, 14)
  Time 21: (25, 14)
  Time 22: (25, 14)
  Time 23: (25, 14)
  Time 24: (25, 14)
  Time 25: (25, 14)
  Time 26: (25, 14)
  Time 27: (25, 14)
  Time 28: (25, 14)
  Time 29: (25, 14)
  Time 30: (25, 14)
  Time 31: (25, 14)
  Time 32: (25, 14)
  Time 33: (25, 14)
  Time 34: (25, 14)
  Time 35: (25, 14)
  Time 36: (25, 14)
  Time 37: (25, 14)
  Time 38: (25, 14)
  Time 39: (25, 14)
  Time 40: (25, 14)
  Time 41: (25, 14)
  Time 42: (25, 14)
  Time 43: (25, 14)
  Time 44: (25, 14)
  Time 45: (25, 14)
  Time 46: (25, 14)

Agent 78 path:
  Time 0: (12, 1)
  Time 1: (13, 1)
  Time 2: (13, 1)
  Time 3: (14, 1)
  Time 4: (15, 1)
  Time 5: (15, 2)
  Time 6: (16, 2)
  Time 7: (17, 2)
  Time 8: (18, 2)
  Time 9: (19, 2)
  Time 10: (20, 2)
  Time 11: (21, 2)
  Time 12: (22, 2)
  Time 13: (23, 2)
  Time 14: (24, 2)
  Time 15: (25, 2)
  Time 16: (26, 2)
  Time 17: (27, 2)
  Time 18: (27, 1)
  Time 19: (28, 1)
  Time 20: (29, 1)
  Time 21: (30, 1)
  Time 22: (31, 1)
  Time 23: (31, 1)
  Time 24: (31, 1)
  Time 25: (31, 1)
  Time 26: (31, 1)
  Time 27: (31, 1)
  Time 28: (31, 1)
  Time 29: (31, 1)
  Time 30: (31, 1)
  Time 31: (31, 1)
  Time 32: (31, 1)
  Time 33: (31, 1)
  Time 34: (31, 1)
  Time 35: (31, 1)
  Time 36: (31, 1)
  Time 37: (31, 1)
  Time 38: (31, 1)
  Time 39: (31, 1)
  Time 40: (31, 1)
  Time 41: (31, 1)
  Time 42: (31, 1)
  Time 43: (31, 1)
  Time 44: (31, 1)
  Time 45: (31, 1)
  Time 46: (31, 1)

Agent 77 path:
  Time 0: (5, 26)
  Time 1: (6, 26)
  Time 2: (7, 26)
  Time 3: (7, 27)
  Time 4: (7, 27)
  Time 5: (8, 27)
  Time 6: (8, 28)
  Time 7: (9, 28)
  Time 8: (10, 28)
  Time 9: (10, 29)
  Time 10: (11, 29)
  Time 11: (12, 29)
  Time 12: (12, 29)
  Time 13: (12, 29)
  Time 14: (12, 29)
  Time 15: (12, 28)
  Time 16: (12, 29)
  Time 17: (12, 29)
  Time 18: (12, 29)
  Time 19: (12, 29)
  Time 20: (12, 29)
  Time 21: (12, 29)
  Time 22: (12, 28)
  Time 23: (12, 29)
  Time 24: (12, 29)
  Time 25: (12, 29)
  Time 26: (12, 29)
  Time 27: (12, 29)
  Time 28: (12, 29)
  Time 29: (12, 28)
  Time 30: (12, 29)
  Time 31: (12, 29)
  Time 32: (12, 29)
  Time 33: (12, 29)
  Time 34: (12, 29)
  Time 35: (12, 29)
  Time 36: (12, 29)
  Time 37: (12, 29)
  Time 38: (12, 29)
  Time 39: (12, 29)
  Time 40: (12, 29)
  Time 41: (12, 29)
  Time 42: (12, 29)
  Time 43: (12, 29)
  Time 44: (12, 29)
  Time 45: (12, 29)
  Time 46: (12, 29)

Agent 76 path:
  Time 0: (17, 19)
  Time 1: (17, 18)
  Time 2: (17, 17)
  Time 3: (16, 17)
  Time 4: (15, 17)
  Time 5: (14, 17)
  Time 6: (14, 17)
  Time 7: (14, 16)
  Time 8: (13, 16)
  Time 9: (13, 17)
  Time 10: (12, 17)
  Time 11: (11, 17)
  Time 12: (11, 16)
  Time 13: (11, 16)
  Time 14: (11, 16)
  Time 15: (11, 16)
  Time 16: (10, 16)
  Time 17: (11, 16)
  Time 18: (10, 16)
  Time 19: (11, 16)
  Time 20: (11, 16)
  Time 21: (11, 16)
  Time 22: (11, 16)
  Time 23: (11, 16)
  Time 24: (11, 16)
  Time 25: (11, 16)
  Time 26: (11, 16)
  Time 27: (11, 16)
  Time 28: (11, 16)
  Time 29: (11, 16)
  Time 30: (11, 16)
  Time 31: (11, 16)
  Time 32: (11, 16)
  Time 33: (11, 16)
  Time 34: (11, 16)
  Time 35: (11, 16)
  Time 36: (11, 16)
  Time 37: (11, 16)
  Time 38: (11, 16)
  Time 39: (11, 16)
  Time 40: (11, 16)
  Time 41: (11, 16)
  Time 42: (11, 16)
  Time 43: (11, 16)
  Time 44: (11, 16)
  Time 45: (11, 16)
  Time 46: (11, 16)

Agent 75 path:
  Time 0: (0, 16)
  Time 1: (0, 15)
  Time 2: (1, 15)
  Time 3: (1, 14)
  Time 4: (2, 14)
  Time 5: (3, 14)
  Time 6: (3, 13)
  Time 7: (3, 12)
  Time 8: (4, 12)
  Time 9: (4, 11)
  Time 10: (5, 11)
  Time 11: (5, 10)
  Time 12: (6, 10)
  Time 13: (6, 9)
  Time 14: (6, 8)
  Time 15: (6, 7)
  Time 16: (7, 7)
  Time 17: (8, 7)
  Time 18: (9, 7)
  Time 19: (9, 6)
  Time 20: (9, 7)
  Time 21: (9, 6)
  Time 22: (10, 6)
  Time 23: (10, 7)
  Time 24: (10, 6)
  Time 25: (10, 5)
  Time 26: (10, 4)
  Time 27: (11, 4)
  Time 28: (12, 4)
  Time 29: (12, 3)
  Time 30: (13, 3)
  Time 31: (14, 3)
  Time 32: (15, 3)
  Time 33: (15, 2)
  Time 34: (15, 1)
  Time 35: (15, 0)
  Time 36: (15, 0)
  Time 37: (15, 0)
  Time 38: (15, 0)
  Time 39: (15, 0)
  Time 40: (15, 0)
  Time 41: (15, 0)
  Time 42: (15, 0)
  Time 43: (15, 0)
  Time 44: (15, 0)
  Time 45: (15, 0)
  Time 46: (15, 0)

Agent 74 path:
  Time 0: (13, 20)
  Time 1: (13, 19)
  Time 2: (12, 19)
  Time 3: (11, 19)
  Time 4: (10, 19)
  Time 5: (10, 18)
  Time 6: (9, 18)
  Time 7: (9, 17)
  Time 8: (9, 16)
  Time 9: (9, 16)
  Time 10: (8, 16)
  Time 11: (7, 16)
  Time 12: (6, 16)
  Time 13: (5, 16)
  Time 14: (5, 15)
  Time 15: (5, 14)
  Time 16: (5, 14)
  Time 17: (5, 14)
  Time 18: (5, 14)
  Time 19: (5, 14)
  Time 20: (5, 14)
  Time 21: (5, 14)
  Time 22: (5, 14)
  Time 23: (5, 14)
  Time 24: (5, 14)
  Time 25: (5, 14)
  Time 26: (5, 14)
  Time 27: (5, 14)
  Time 28: (5, 14)
  Time 29: (5, 14)
  Time 30: (5, 14)
  Time 31: (5, 14)
  Time 32: (5, 14)
  Time 33: (5, 14)
  Time 34: (5, 14)
  Time 35: (5, 14)
  Time 36: (5, 14)
  Time 37: (5, 14)
  Time 38: (5, 14)
  Time 39: (5, 14)
  Time 40: (5, 14)
  Time 41: (5, 14)
  Time 42: (5, 14)
  Time 43: (5, 14)
  Time 44: (5, 14)
  Time 45: (5, 14)
  Time 46: (5, 14)

Agent 73 path:
  Time 0: (17, 5)
  Time 1: (17, 6)
  Time 2: (17, 7)
  Time 3: (17, 8)
  Time 4: (16, 8)
  Time 5: (16, 9)
  Time 6: (15, 9)
  Time 7: (15, 10)
  Time 8: (14, 10)
  Time 9: (13, 10)
  Time 10: (12, 10)
  Time 11: (12, 10)
  Time 12: (12, 10)
  Time 13: (12, 10)
  Time 14: (12, 10)
  Time 15: (12, 10)
  Time 16: (12, 10)
  Time 17: (13, 10)
  Time 18: (14, 10)
  Time 19: (15, 10)
  Time 20: (15, 11)
  Time 21: (15, 11)
  Time 22: (15, 10)
  Time 23: (14, 10)
  Time 24: (14, 10)
  Time 25: (14, 11)
  Time 26: (14, 12)
  Time 27: (14, 12)
  Time 28: (14, 11)
  Time 29: (14, 10)
  Time 30: (13, 10)
  Time 31: (12, 10)
  Time 32: (12, 10)
  Time 33: (12, 10)
  Time 34: (12, 10)
  Time 35: (12, 10)
  Time 36: (12, 10)
  Time 37: (12, 10)
  Time 38: (12, 10)
  Time 39: (12, 10)
  Time 40: (12, 10)
  Time 41: (12, 10)
  Time 42: (12, 10)
  Time 43: (12, 10)
  Time 44: (12, 10)
  Time 45: (12, 10)
  Time 46: (12, 10)

Agent 72 path:
  Time 0: (29, 14)
  Time 1: (29, 13)
  Time 2: (28, 13)
  Time 3: (28, 12)
  Time 4: (28, 11)
  Time 5: (28, 10)
  Time 6: (28, 9)
  Time 7: (28, 8)
  Time 8: (27, 8)
  Time 9: (26, 8)
  Time 10: (26, 7)
  Time 11: (25, 7)
  Time 12: (24, 7)
  Time 13: (23, 7)
  Time 14: (23, 6)
  Time 15: (23, 5)
  Time 16: (22, 5)
  Time 17: (21, 5)
  Time 18: (20, 5)
  Time 19: (19, 5)
  Time 20: (18, 5)
  Time 21: (17, 5)
  Time 22: (16, 5)
  Time 23: (16, 4)
  Time 24: (16, 3)
  Time 25: (15, 3)
  Time 26: (14, 3)
  Time 27: (13, 3)
  Time 28: (12, 3)
  Time 29: (11, 3)
  Time 30: (10, 3)
  Time 31: (9, 3)
  Time 32: (8, 3)
  Time 33: (7, 3)
  Time 34: (7, 2)
  Time 35: (6, 2)
  Time 36: (5, 2)
  Time 37: (4, 2)
  Time 38: (3, 2)
  Time 39: (2, 2)
  Time 40: (1, 2)
  Time 41: (1, 2)
  Time 42: (1, 2)
  Time 43: (1, 2)
  Time 44: (1, 2)
  Time 45: (1, 2)
  Time 46: (1, 2)

Agent 71 path:
  Time 0: (4, 1)
  Time 1: (4, 2)
  Time 2: (5, 2)
  Time 3: (5, 3)
  Time 4: (6, 3)
  Time 5: (7, 3)
  Time 6: (7, 4)
  Time 7: (8, 4)
  Time 8: (9, 4)
  Time 9: (10, 4)
  Time 10: (10, 5)
  Time 11: (10, 6)
  Time 12: (10, 7)
  Time 13: (10, 8)
  Time 14: (10, 9)
  Time 15: (10, 10)
  Time 16: (11, 10)
  Time 17: (12, 10)
  Time 18: (13, 10)
  Time 19: (14, 10)
  Time 20: (15, 10)
  Time 21: (16, 10)
  Time 22: (16, 11)
  Time 23: (17, 11)
  Time 24: (18, 11)
  Time 25: (19, 11)
  Time 26: (20, 11)
  Time 27: (21, 11)
  Time 28: (22, 11)
  Time 29: (23, 11)
  Time 30: (24, 11)
  Time 31: (25, 11)
  Time 32: (26, 11)
  Time 33: (27, 11)
  Time 34: (28, 11)
  Time 35: (29, 11)
  Time 36: (29, 11)
  Time 37: (29, 11)
  Time 38: (29, 11)
  Time 39: (29, 11)
  Time 40: (29, 11)
  Time 41: (29, 11)
  Time 42: (29, 11)
  Time 43: (29, 11)
  Time 44: (29, 11)
  Time 45: (29, 11)
  Time 46: (29, 11)

Agent 70 path:
  Time 0: (30, 12)
  Time 1: (29, 12)
  Time 2: (29, 13)
  Time 3: (28, 13)
  Time 4: (27, 13)
  Time 5: (27, 14)
  Time 6: (27, 15)
  Time 7: (26, 15)
  Time 8: (26, 16)
  Time 9: (25, 16)
  Time 10: (25, 17)
  Time 11: (25, 18)
  Time 12: (24, 18)
  Time 13: (23, 18)
  Time 14: (23, 19)
  Time 15: (22, 19)
  Time 16: (22, 20)
  Time 17: (22, 21)
  Time 18: (21, 21)
  Time 19: (21, 22)
  Time 20: (20, 22)
  Time 21: (19, 22)
  Time 22: (19, 23)
  Time 23: (19, 24)
  Time 24: (19, 25)
  Time 25: (18, 25)
  Time 26: (18, 26)
  Time 27: (18, 27)
  Time 28: (18, 28)
  Time 29: (18, 29)
  Time 30: (18, 30)
  Time 31: (17, 30)
  Time 32: (16, 30)
  Time 33: (16, 30)
  Time 34: (16, 30)
  Time 35: (16, 30)
  Time 36: (16, 30)
  Time 37: (16, 30)
  Time 38: (16, 30)
  Time 39: (16, 30)
  Time 40: (16, 30)
  Time 41: (16, 30)
  Time 42: (16, 30)
  Time 43: (16, 30)
  Time 44: (16, 30)
  Time 45: (16, 30)
  Time 46: (16, 30)

Agent 69 path:
  Time 0: (17, 14)
  Time 1: (17, 13)
  Time 2: (17, 12)
  Time 3: (17, 11)
  Time 4: (17, 10)
  Time 5: (17, 9)
  Time 6: (17, 8)
  Time 7: (17, 7)
  Time 8: (17, 6)
  Time 9: (17, 5)
  Time 10: (17, 4)
  Time 11: (17, 3)
  Time 12: (17, 2)
  Time 13: (17, 1)
  Time 14: (17, 1)
  Time 15: (17, 1)
  Time 16: (17, 1)
  Time 17: (17, 1)
  Time 18: (17, 1)
  Time 19: (17, 1)
  Time 20: (17, 1)
  Time 21: (17, 1)
  Time 22: (17, 1)
  Time 23: (17, 1)
  Time 24: (17, 1)
  Time 25: (17, 1)
  Time 26: (17, 1)
  Time 27: (17, 1)
  Time 28: (17, 1)
  Time 29: (17, 1)
  Time 30: (17, 1)
  Time 31: (17, 1)
  Time 32: (17, 1)
  Time 33: (17, 1)
  Time 34: (17, 1)
  Time 35: (17, 1)
  Time 36: (17, 1)
  Time 37: (17, 1)
  Time 38: (17, 1)
  Time 39: (17, 1)
  Time 40: (17, 1)
  Time 41: (17, 1)
  Time 42: (17, 1)
  Time 43: (17, 1)
  Time 44: (17, 1)
  Time 45: (17, 1)
  Time 46: (17, 1)

Agent 68 path:
  Time 0: (21, 14)
  Time 1: (21, 15)
  Time 2: (22, 15)
  Time 3: (23, 15)
  Time 4: (24, 15)
  Time 5: (25, 15)
  Time 6: (25, 15)
  Time 7: (25, 15)
  Time 8: (25, 15)
  Time 9: (25, 15)
  Time 10: (25, 15)
  Time 11: (25, 15)
  Time 12: (25, 15)
  Time 13: (25, 15)
  Time 14: (25, 15)
  Time 15: (25, 15)
  Time 16: (25, 15)
  Time 17: (25, 15)
  Time 18: (26, 15)
  Time 19: (25, 15)
  Time 20: (25, 15)
  Time 21: (25, 15)
  Time 22: (25, 15)
  Time 23: (24, 15)
  Time 24: (25, 15)
  Time 25: (25, 15)
  Time 26: (25, 15)
  Time 27: (25, 15)
  Time 28: (25, 15)
  Time 29: (25, 15)
  Time 30: (25, 15)
  Time 31: (25, 15)
  Time 32: (25, 15)
  Time 33: (25, 15)
  Time 34: (25, 15)
  Time 35: (25, 15)
  Time 36: (25, 15)
  Time 37: (25, 15)
  Time 38: (25, 15)
  Time 39: (25, 15)
  Time 40: (25, 15)
  Time 41: (25, 15)
  Time 42: (25, 15)
  Time 43: (25, 15)
  Time 44: (25, 15)
  Time 45: (25, 15)
  Time 46: (25, 15)

Agent 67 path:
  Time 0: (19, 15)
  Time 1: (19, 14)
  Time 2: (18, 14)
  Time 3: (18, 13)
  Time 4: (18, 13)
  Time 5: (18, 13)
  Time 6: (18, 13)
  Time 7: (18, 13)
  Time 8: (18, 14)
  Time 9: (18, 13)
  Time 10: (17, 13)
  Time 11: (18, 13)
  Time 12: (18, 13)
  Time 13: (18, 13)
  Time 14: (18, 13)
  Time 15: (18, 13)
  Time 16: (18, 13)
  Time 17: (18, 13)
  Time 18: (18, 13)
  Time 19: (18, 12)
  Time 20: (18, 13)
  Time 21: (18, 13)
  Time 22: (18, 13)
  Time 23: (18, 13)
  Time 24: (18, 13)
  Time 25: (18, 13)
  Time 26: (18, 12)
  Time 27: (18, 13)
  Time 28: (18, 13)
  Time 29: (18, 13)
  Time 30: (18, 13)
  Time 31: (18, 13)
  Time 32: (18, 13)
  Time 33: (18, 13)
  Time 34: (18, 13)
  Time 35: (18, 13)
  Time 36: (18, 13)
  Time 37: (18, 13)
  Time 38: (18, 13)
  Time 39: (18, 13)
  Time 40: (18, 13)
  Time 41: (18, 13)
  Time 42: (18, 13)
  Time 43: (18, 13)
  Time 44: (18, 13)
  Time 45: (18, 13)
  Time 46: (18, 13)

Agent 66 path:
  Time 0: (19, 11)
  Time 1: (18, 11)
  Time 2: (17, 11)
  Time 3: (16, 11)
  Time 4: (15, 11)
  Time 5: (15, 12)
  Time 6: (15, 13)
  Time 7: (15, 14)
  Time 8: (14, 14)
  Time 9: (13, 14)
  Time 10: (13, 15)
  Time 11: (13, 16)
  Time 12: (12, 16)
  Time 13: (12, 17)
  Time 14: (12, 18)
  Time 15: (12, 19)
  Time 16: (11, 19)
  Time 17: (10, 19)
  Time 18: (10, 20)
  Time 19: (10, 21)
  Time 20: (10, 22)
  Time 21: (10, 23)
  Time 22: (10, 24)
  Time 23: (10, 24)
  Time 24: (10, 25)
  Time 25: (10, 26)
  Time 26: (10, 27)
  Time 27: (10, 28)
  Time 28: (10, 29)
  Time 29: (10, 29)
  Time 30: (10, 29)
  Time 31: (10, 29)
  Time 32: (10, 29)
  Time 33: (10, 29)
  Time 34: (10, 29)
  Time 35: (10, 29)
  Time 36: (10, 29)
  Time 37: (10, 29)
  Time 38: (10, 29)
  Time 39: (10, 29)
  Time 40: (10, 29)
  Time 41: (10, 29)
  Time 42: (10, 29)
  Time 43: (10, 29)
  Time 44: (10, 29)
  Time 45: (10, 29)
  Time 46: (10, 29)

Agent 65 path:
  Time 0: (24, 13)
  Time 1: (25, 13)
  Time 2: (25, 14)
  Time 3: (25, 15)
  Time 4: (25, 16)
  Time 5: (25, 17)
  Time 6: (25, 18)
  Time 7: (25, 18)
  Time 8: (25, 19)
  Time 9: (25, 20)
  Time 10: (25, 21)
  Time 11: (25, 22)
  Time 12: (25, 23)
  Time 13: (26, 23)
  Time 14: (26, 24)
  Time 15: (26, 25)
  Time 16: (26, 26)
  Time 17: (26, 26)
  Time 18: (26, 26)
  Time 19: (26, 26)
  Time 20: (26, 26)
  Time 21: (26, 26)
  Time 22: (26, 26)
  Time 23: (26, 26)
  Time 24: (26, 26)
  Time 25: (26, 26)
  Time 26: (26, 26)
  Time 27: (26, 26)
  Time 28: (26, 26)
  Time 29: (26, 26)
  Time 30: (26, 26)
  Time 31: (26, 26)
  Time 32: (26, 26)
  Time 33: (26, 26)
  Time 34: (26, 26)
  Time 35: (26, 26)
  Time 36: (26, 26)
  Time 37: (26, 26)
  Time 38: (26, 26)
  Time 39: (26, 26)
  Time 40: (26, 26)
  Time 41: (26, 26)
  Time 42: (26, 26)
  Time 43: (26, 26)
  Time 44: (26, 26)
  Time 45: (26, 26)
  Time 46: (26, 26)

Agent 64 path:
  Time 0: (31, 27)
  Time 1: (30, 27)
  Time 2: (30, 26)
  Time 3: (29, 26)
  Time 4: (29, 25)
  Time 5: (28, 25)
  Time 6: (27, 25)
  Time 7: (27, 24)
  Time 8: (27, 24)
  Time 9: (27, 24)
  Time 10: (27, 24)
  Time 11: (27, 24)
  Time 12: (27, 24)
  Time 13: (27, 24)
  Time 14: (27, 24)
  Time 15: (27, 24)
  Time 16: (27, 24)
  Time 17: (27, 24)
  Time 18: (27, 25)
  Time 19: (27, 24)
  Time 20: (27, 24)
  Time 21: (27, 24)
  Time 22: (27, 24)
  Time 23: (27, 24)
  Time 24: (27, 24)
  Time 25: (27, 24)
  Time 26: (27, 24)
  Time 27: (27, 24)
  Time 28: (27, 24)
  Time 29: (27, 24)
  Time 30: (27, 24)
  Time 31: (27, 24)
  Time 32: (27, 24)
  Time 33: (27, 24)
  Time 34: (27, 24)
  Time 35: (27, 24)
  Time 36: (27, 24)
  Time 37: (27, 24)
  Time 38: (27, 24)
  Time 39: (27, 24)
  Time 40: (27, 24)
  Time 41: (27, 24)
  Time 42: (27, 24)
  Time 43: (27, 24)
  Time 44: (27, 24)
  Time 45: (27, 24)
  Time 46: (27, 24)

Agent 63 path:
  Time 0: (2, 11)
  Time 1: (3, 11)
  Time 2: (3, 10)
  Time 3: (3, 9)
  Time 4: (3, 9)
  Time 5: (3, 9)
  Time 6: (3, 9)
  Time 7: (3, 9)
  Time 8: (3, 9)
  Time 9: (3, 9)
  Time 10: (3, 9)
  Time 11: (3, 9)
  Time 12: (3, 9)
  Time 13: (3, 9)
  Time 14: (3, 9)
  Time 15: (3, 9)
  Time 16: (3, 9)
  Time 17: (3, 9)
  Time 18: (3, 9)
  Time 19: (3, 9)
  Time 20: (3, 9)
  Time 21: (3, 9)
  Time 22: (3, 9)
  Time 23: (3, 9)
  Time 24: (4, 9)
  Time 25: (3, 9)
  Time 26: (3, 9)
  Time 27: (3, 8)
  Time 28: (3, 9)
  Time 29: (3, 9)
  Time 30: (3, 9)
  Time 31: (3, 9)
  Time 32: (3, 9)
  Time 33: (3, 9)
  Time 34: (3, 9)
  Time 35: (3, 9)
  Time 36: (3, 9)
  Time 37: (3, 9)
  Time 38: (3, 9)
  Time 39: (3, 9)
  Time 40: (3, 9)
  Time 41: (3, 9)
  Time 42: (3, 9)
  Time 43: (3, 9)
  Time 44: (3, 9)
  Time 45: (3, 9)
  Time 46: (3, 9)

Agent 62 path:
  Time 0: (24, 26)
  Time 1: (24, 25)
  Time 2: (25, 25)
  Time 3: (25, 24)
  Time 4: (25, 23)
  Time 5: (25, 22)
  Time 6: (25, 21)
  Time 7: (25, 21)
  Time 8: (25, 22)
  Time 9: (25, 21)
  Time 10: (25, 22)
  Time 11: (26, 22)
  Time 12: (25, 22)
  Time 13: (25, 21)
  Time 14: (25, 21)
  Time 15: (25, 21)
  Time 16: (25, 21)
  Time 17: (25, 21)
  Time 18: (25, 21)
  Time 19: (25, 21)
  Time 20: (25, 21)
  Time 21: (25, 21)
  Time 22: (25, 21)
  Time 23: (25, 21)
  Time 24: (25, 21)
  Time 25: (25, 21)
  Time 26: (25, 21)
  Time 27: (25, 21)
  Time 28: (25, 21)
  Time 29: (25, 21)
  Time 30: (25, 21)
  Time 31: (25, 21)
  Time 32: (25, 21)
  Time 33: (25, 21)
  Time 34: (25, 21)
  Time 35: (25, 21)
  Time 36: (25, 21)
  Time 37: (25, 21)
  Time 38: (25, 21)
  Time 39: (25, 21)
  Time 40: (25, 21)
  Time 41: (25, 21)
  Time 42: (25, 21)
  Time 43: (25, 21)
  Time 44: (25, 21)
  Time 45: (25, 21)
  Time 46: (25, 21)

Agent 61 path:
  Time 0: (28, 29)
  Time 1: (28, 28)
  Time 2: (28, 27)
  Time 3: (28, 26)
  Time 4: (28, 25)
  Time 5: (28, 24)
  Time 6: (28, 23)
  Time 7: (27, 23)
  Time 8: (26, 23)
  Time 9: (25, 23)
  Time 10: (24, 23)
  Time 11: (24, 22)
  Time 12: (23, 22)
  Time 13: (23, 21)
  Time 14: (22, 21)
  Time 15: (22, 20)
  Time 16: (21, 20)
  Time 17: (20, 20)
  Time 18: (20, 19)
  Time 19: (20, 18)
  Time 20: (19, 18)
  Time 21: (19, 17)
  Time 22: (19, 16)
  Time 23: (19, 15)
  Time 24: (19, 14)
  Time 25: (19, 13)
  Time 26: (18, 13)
  Time 27: (17, 13)
  Time 28: (17, 12)
  Time 29: (17, 11)
  Time 30: (16, 11)
  Time 31: (16, 10)
  Time 32: (16, 9)
  Time 33: (16, 8)
  Time 34: (16, 7)
  Time 35: (16, 6)
  Time 36: (15, 6)
  Time 37: (14, 6)
  Time 38: (13, 6)
  Time 39: (13, 5)
  Time 40: (13, 4)
  Time 41: (13, 3)
  Time 42: (13, 2)
  Time 43: (13, 1)
  Time 44: (13, 1)
  Time 45: (13, 1)
  Time 46: (13, 1)

Agent 60 path:
  Time 0: (9, 31)
  Time 1: (10, 31)
  Time 2: (10, 30)
  Time 3: (10, 29)
  Time 4: (10, 28)
  Time 5: (11, 28)
  Time 6: (12, 28)
  Time 7: (13, 28)
  Time 8: (14, 28)
  Time 9: (15, 28)
  Time 10: (15, 27)
  Time 11: (15, 26)
  Time 12: (15, 25)
  Time 13: (16, 25)
  Time 14: (16, 24)
  Time 15: (17, 24)
  Time 16: (17, 23)
  Time 17: (17, 22)
  Time 18: (17, 21)
  Time 19: (17, 20)
  Time 20: (18, 20)
  Time 21: (18, 19)
  Time 22: (18, 18)
  Time 23: (19, 18)
  Time 24: (20, 18)
  Time 25: (21, 18)
  Time 26: (22, 18)
  Time 27: (23, 18)
  Time 28: (23, 18)
  Time 29: (23, 17)
  Time 30: (23, 17)
  Time 31: (23, 18)
  Time 32: (23, 18)
  Time 33: (23, 18)
  Time 34: (23, 18)
  Time 35: (23, 18)
  Time 36: (23, 18)
  Time 37: (23, 17)
  Time 38: (23, 18)
  Time 39: (23, 18)
  Time 40: (23, 18)
  Time 41: (23, 18)
  Time 42: (23, 18)
  Time 43: (23, 18)
  Time 44: (23, 18)
  Time 45: (23, 18)
  Time 46: (23, 18)

Agent 59 path:
  Time 0: (6, 19)
  Time 1: (7, 19)
  Time 2: (7, 18)
  Time 3: (7, 17)
  Time 4: (7, 16)
  Time 5: (8, 16)
  Time 6: (9, 16)
  Time 7: (10, 16)
  Time 8: (11, 16)
  Time 9: (12, 16)
  Time 10: (13, 16)
  Time 11: (14, 16)
  Time 12: (15, 16)
  Time 13: (16, 16)
  Time 14: (17, 16)
  Time 15: (18, 16)
  Time 16: (19, 16)
  Time 17: (20, 16)
  Time 18: (21, 16)
  Time 19: (22, 16)
  Time 20: (23, 16)
  Time 21: (24, 16)
  Time 22: (25, 16)
  Time 23: (25, 15)
  Time 24: (26, 15)
  Time 25: (27, 15)
  Time 26: (28, 15)
  Time 27: (28, 14)
  Time 28: (28, 14)
  Time 29: (28, 14)
  Time 30: (28, 14)
  Time 31: (28, 14)
  Time 32: (28, 14)
  Time 33: (28, 14)
  Time 34: (28, 14)
  Time 35: (28, 14)
  Time 36: (28, 14)
  Time 37: (28, 14)
  Time 38: (28, 14)
  Time 39: (28, 14)
  Time 40: (28, 14)
  Time 41: (28, 14)
  Time 42: (28, 14)
  Time 43: (28, 14)
  Time 44: (28, 14)
  Time 45: (28, 14)
  Time 46: (28, 14)

Agent 58 path:
  Time 0: (12, 26)
  Time 1: (13, 26)
  Time 2: (13, 26)
  Time 3: (13, 26)
  Time 4: (13, 26)
  Time 5: (13, 26)
  Time 6: (13, 26)
  Time 7: (13, 26)
  Time 8: (13, 26)
  Time 9: (13, 26)
  Time 10: (13, 26)
  Time 11: (13, 26)
  Time 12: (13, 26)
  Time 13: (13, 26)
  Time 14: (13, 26)
  Time 15: (13, 26)
  Time 16: (13, 27)
  Time 17: (14, 27)
  Time 18: (14, 26)
  Time 19: (13, 26)
  Time 20: (13, 26)
  Time 21: (13, 26)
  Time 22: (13, 26)
  Time 23: (13, 26)
  Time 24: (13, 26)
  Time 25: (13, 26)
  Time 26: (13, 26)
  Time 27: (13, 26)
  Time 28: (13, 26)
  Time 29: (13, 26)
  Time 30: (13, 26)
  Time 31: (13, 26)
  Time 32: (13, 26)
  Time 33: (13, 26)
  Time 34: (13, 26)
  Time 35: (13, 26)
  Time 36: (13, 26)
  Time 37: (13, 26)
  Time 38: (13, 26)
  Time 39: (13, 26)
  Time 40: (13, 26)
  Time 41: (13, 26)
  Time 42: (13, 26)
  Time 43: (13, 26)
  Time 44: (13, 26)
  Time 45: (13, 26)
  Time 46: (13, 26)

Agent 57 path:
  Time 0: (18, 7)
  Time 1: (18, 8)
  Time 2: (19, 8)
  Time 3: (19, 9)
  Time 4: (20, 9)
  Time 5: (21, 9)
  Time 6: (22, 9)
  Time 7: (22, 10)
  Time 8: (23, 10)
  Time 9: (24, 10)
  Time 10: (24, 11)
  Time 11: (25, 11)
  Time 12: (25, 12)
  Time 13: (26, 12)
  Time 14: (26, 13)
  Time 15: (27, 13)
  Time 16: (27, 14)
  Time 17: (27, 15)
  Time 18: (28, 15)
  Time 19: (29, 15)
  Time 20: (29, 16)
  Time 21: (29, 17)
  Time 22: (29, 18)
  Time 23: (29, 19)
  Time 24: (29, 20)
  Time 25: (29, 21)
  Time 26: (30, 21)
  Time 27: (30, 22)
  Time 28: (30, 23)
  Time 29: (30, 24)
  Time 30: (30, 25)
  Time 31: (30, 26)
  Time 32: (30, 26)
  Time 33: (30, 26)
  Time 34: (30, 26)
  Time 35: (30, 26)
  Time 36: (30, 26)
  Time 37: (30, 26)
  Time 38: (30, 26)
  Time 39: (30, 26)
  Time 40: (30, 26)
  Time 41: (30, 26)
  Time 42: (30, 26)
  Time 43: (30, 26)
  Time 44: (30, 26)
  Time 45: (30, 26)
  Time 46: (30, 26)

Agent 56 path:
  Time 0: (4, 26)
  Time 1: (4, 26)
  Time 2: (4, 25)
  Time 3: (5, 25)
  Time 4: (5, 24)
  Time 5: (6, 24)
  Time 6: (6, 23)
  Time 7: (6, 22)
  Time 8: (7, 22)
  Time 9: (8, 22)
  Time 10: (8, 21)
  Time 11: (9, 21)
  Time 12: (9, 20)
  Time 13: (9, 19)
  Time 14: (9, 19)
  Time 15: (9, 18)
  Time 16: (9, 17)
  Time 17: (9, 16)
  Time 18: (9, 15)
  Time 19: (9, 14)
  Time 20: (9, 13)
  Time 21: (10, 13)
  Time 22: (10, 12)
  Time 23: (11, 12)
  Time 24: (11, 11)
  Time 25: (11, 10)
  Time 26: (11, 9)
  Time 27: (12, 9)
  Time 28: (12, 8)
  Time 29: (13, 8)
  Time 30: (13, 7)
  Time 31: (13, 6)
  Time 32: (13, 5)
  Time 33: (13, 4)
  Time 34: (13, 3)
  Time 35: (14, 3)
  Time 36: (14, 3)
  Time 37: (14, 3)
  Time 38: (14, 3)
  Time 39: (14, 3)
  Time 40: (14, 3)
  Time 41: (14, 3)
  Time 42: (14, 3)
  Time 43: (14, 3)
  Time 44: (14, 3)
  Time 45: (14, 3)
  Time 46: (14, 3)

Agent 55 path:
  Time 0: (15, 7)
  Time 1: (16, 7)
  Time 2: (16, 8)
  Time 3: (16, 9)
  Time 4: (16, 10)
  Time 5: (15, 10)
  Time 6: (15, 11)
  Time 7: (15, 12)
  Time 8: (14, 12)
  Time 9: (14, 13)
  Time 10: (14, 14)
  Time 11: (13, 14)
  Time 12: (13, 15)
  Time 13: (12, 15)
  Time 14: (11, 15)
  Time 15: (10, 15)
  Time 16: (10, 15)
  Time 17: (10, 16)
  Time 18: (9, 16)
  Time 19: (9, 17)
  Time 20: (8, 17)
  Time 21: (8, 18)
  Time 22: (7, 18)
  Time 23: (6, 18)
  Time 24: (6, 19)
  Time 25: (5, 19)
  Time 26: (4, 19)
  Time 27: (3, 19)
  Time 28: (3, 20)
  Time 29: (3, 21)
  Time 30: (3, 22)
  Time 31: (3, 22)
  Time 32: (3, 22)
  Time 33: (3, 22)
  Time 34: (3, 22)
  Time 35: (3, 22)
  Time 36: (3, 22)
  Time 37: (3, 22)
  Time 38: (3, 22)
  Time 39: (3, 22)
  Time 40: (3, 22)
  Time 41: (3, 22)
  Time 42: (3, 22)
  Time 43: (3, 22)
  Time 44: (3, 22)
  Time 45: (3, 22)
  Time 46: (3, 22)

Agent 54 path:
  Time 0: (24, 10)
  Time 1: (23, 10)
  Time 2: (22, 10)
  Time 3: (21, 10)
  Time 4: (21, 11)
  Time 5: (21, 12)
  Time 6: (20, 12)
  Time 7: (19, 12)
  Time 8: (19, 13)
  Time 9: (19, 14)
  Time 10: (18, 14)
  Time 11: (17, 14)
  Time 12: (17, 15)
  Time 13: (16, 15)
  Time 14: (16, 16)
  Time 15: (16, 17)
  Time 16: (15, 17)
  Time 17: (14, 17)
  Time 18: (14, 18)
  Time 19: (13, 18)
  Time 20: (13, 19)
  Time 21: (12, 19)
  Time 22: (11, 19)
  Time 23: (10, 19)
  Time 24: (9, 19)
  Time 25: (9, 20)
  Time 26: (8, 20)
  Time 27: (7, 20)
  Time 28: (6, 20)
  Time 29: (6, 21)
  Time 30: (6, 22)
  Time 31: (6, 23)
  Time 32: (6, 24)
  Time 33: (5, 24)
  Time 34: (5, 25)
  Time 35: (4, 25)
  Time 36: (4, 26)
  Time 37: (3, 26)
  Time 38: (3, 27)
  Time 39: (2, 27)
  Time 40: (1, 27)
  Time 41: (1, 26)
  Time 42: (1, 26)
  Time 43: (1, 26)
  Time 44: (1, 26)
  Time 45: (1, 26)
  Time 46: (1, 26)

Agent 53 path:
  Time 0: (13, 23)
  Time 1: (14, 23)
  Time 2: (14, 24)
  Time 3: (15, 24)
  Time 4: (16, 24)
  Time 5: (17, 24)
  Time 6: (18, 24)
  Time 7: (19, 24)
  Time 8: (20, 24)
  Time 9: (21, 24)
  Time 10: (21, 24)
  Time 11: (20, 24)
  Time 12: (21, 24)
  Time 13: (22, 24)
  Time 14: (23, 24)
  Time 15: (24, 24)
  Time 16: (25, 24)
  Time 17: (26, 24)
  Time 18: (27, 24)
  Time 19: (28, 24)
  Time 20: (29, 24)
  Time 21: (30, 24)
  Time 22: (30, 24)
  Time 23: (30, 24)
  Time 24: (30, 24)
  Time 25: (30, 24)
  Time 26: (30, 24)
  Time 27: (30, 24)
  Time 28: (30, 24)
  Time 29: (31, 24)
  Time 30: (30, 24)
  Time 31: (30, 24)
  Time 32: (30, 24)
  Time 33: (30, 24)
  Time 34: (30, 24)
  Time 35: (30, 24)
  Time 36: (30, 24)
  Time 37: (30, 24)
  Time 38: (30, 24)
  Time 39: (30, 24)
  Time 40: (30, 24)
  Time 41: (30, 24)
  Time 42: (30, 24)
  Time 43: (30, 24)
  Time 44: (30, 24)
  Time 45: (30, 24)
  Time 46: (30, 24)

Agent 52 path:
  Time 0: (5, 17)
  Time 1: (6, 17)
  Time 2: (6, 18)
  Time 3: (7, 18)
  Time 4: (7, 19)
  Time 5: (7, 20)
  Time 6: (7, 21)
  Time 7: (8, 21)
  Time 8: (8, 22)
  Time 9: (9, 22)
  Time 10: (9, 23)
  Time 11: (10, 23)
  Time 12: (11, 23)
  Time 13: (11, 24)
  Time 14: (11, 25)
  Time 15: (12, 25)
  Time 16: (13, 25)
  Time 17: (13, 26)
  Time 18: (13, 27)
  Time 19: (14, 27)
  Time 20: (14, 28)
  Time 21: (15, 28)
  Time 22: (16, 28)
  Time 23: (16, 29)
  Time 24: (17, 29)
  Time 25: (18, 29)
  Time 26: (19, 29)
  Time 27: (20, 29)
  Time 28: (21, 29)
  Time 29: (22, 29)
  Time 30: (23, 29)
  Time 31: (23, 30)
  Time 32: (24, 30)
  Time 33: (25, 30)
  Time 34: (26, 30)
  Time 35: (27, 30)
  Time 36: (27, 31)
  Time 37: (27, 31)
  Time 38: (27, 31)
  Time 39: (27, 31)
  Time 40: (27, 31)
  Time 41: (27, 31)
  Time 42: (27, 31)
  Time 43: (27, 31)
  Time 44: (27, 31)
  Time 45: (27, 31)
  Time 46: (27, 31)

Agent 51 path:
  Time 0: (22, 7)
  Time 1: (23, 7)
  Time 2: (23, 8)
  Time 3: (23, 9)
  Time 4: (24, 9)
  Time 5: (24, 10)
  Time 6: (25, 10)
  Time 7: (26, 10)
  Time 8: (27, 10)
  Time 9: (28, 10)
  Time 10: (28, 11)
  Time 11: (28, 12)
  Time 12: (28, 13)
  Time 13: (28, 14)
  Time 14: (29, 14)
  Time 15: (30, 14)
  Time 16: (31, 14)
  Time 17: (31, 15)
  Time 18: (31, 15)
  Time 19: (31, 15)
  Time 20: (31, 15)
  Time 21: (31, 15)
  Time 22: (31, 15)
  Time 23: (31, 15)
  Time 24: (31, 15)
  Time 25: (31, 15)
  Time 26: (31, 15)
  Time 27: (31, 15)
  Time 28: (31, 15)
  Time 29: (31, 15)
  Time 30: (31, 15)
  Time 31: (31, 15)
  Time 32: (31, 15)
  Time 33: (31, 15)
  Time 34: (31, 15)
  Time 35: (31, 15)
  Time 36: (31, 15)
  Time 37: (31, 15)
  Time 38: (31, 15)
  Time 39: (31, 15)
  Time 40: (31, 15)
  Time 41: (31, 15)
  Time 42: (31, 15)
  Time 43: (31, 15)
  Time 44: (31, 15)
  Time 45: (31, 15)
  Time 46: (31, 15)

Agent 50 path:
  Time 0: (2, 1)
  Time 1: (2, 2)
  Time 2: (2, 3)
  Time 3: (2, 4)
  Time 4: (2, 5)
  Time 5: (2, 6)
  Time 6: (3, 6)
  Time 7: (3, 7)
  Time 8: (4, 7)
  Time 9: (5, 7)
  Time 10: (6, 7)
  Time 11: (7, 7)
  Time 12: (8, 7)
  Time 13: (9, 7)
  Time 14: (10, 7)
  Time 15: (10, 8)
  Time 16: (10, 9)
  Time 17: (10, 10)
  Time 18: (11, 10)
  Time 19: (12, 10)
  Time 20: (13, 10)
  Time 21: (14, 10)
  Time 22: (14, 11)
  Time 23: (14, 12)
  Time 24: (15, 12)
  Time 25: (15, 12)
  Time 26: (16, 12)
  Time 27: (16, 13)
  Time 28: (17, 13)
  Time 29: (17, 14)
  Time 30: (17, 15)
  Time 31: (17, 16)
  Time 32: (18, 16)
  Time 33: (18, 16)
  Time 34: (17, 16)
  Time 35: (17, 17)
  Time 36: (17, 18)
  Time 37: (17, 19)
  Time 38: (17, 20)
  Time 39: (17, 21)
  Time 40: (17, 22)
  Time 41: (17, 23)
  Time 42: (17, 24)
  Time 43: (17, 25)
  Time 44: (17, 26)
  Time 45: (17, 27)
  Time 46: (17, 27)

Agent 49 path:
  Time 0: (8, 20)
  Time 1: (7, 20)
  Time 2: (6, 20)
  Time 3: (6, 21)
  Time 4: (5, 21)
  Time 5: (5, 21)
  Time 6: (4, 21)
  Time 7: (5, 21)
  Time 8: (6, 21)
  Time 9: (5, 21)
  Time 10: (4, 21)
  Time 11: (4, 22)
  Time 12: (4, 23)
  Time 13: (3, 23)
  Time 14: (3, 24)
  Time 15: (2, 24)
  Time 16: (2, 24)
  Time 17: (2, 24)
  Time 18: (2, 24)
  Time 19: (2, 24)
  Time 20: (2, 24)
  Time 21: (2, 24)
  Time 22: (2, 24)
  Time 23: (2, 24)
  Time 24: (2, 24)
  Time 25: (2, 24)
  Time 26: (2, 24)
  Time 27: (2, 24)
  Time 28: (2, 24)
  Time 29: (2, 24)
  Time 30: (2, 24)
  Time 31: (2, 24)
  Time 32: (2, 24)
  Time 33: (2, 24)
  Time 34: (2, 24)
  Time 35: (2, 24)
  Time 36: (2, 24)
  Time 37: (2, 24)
  Time 38: (2, 24)
  Time 39: (2, 24)
  Time 40: (2, 24)
  Time 41: (2, 24)
  Time 42: (2, 24)
  Time 43: (2, 24)
  Time 44: (2, 24)
  Time 45: (2, 24)
  Time 46: (2, 24)

Agent 48 path:
  Time 0: (10, 9)
  Time 1: (10, 10)
  Time 2: (11, 10)
  Time 3: (12, 10)
  Time 4: (13, 10)
  Time 5: (14, 10)
  Time 6: (15, 10)
  Time 7: (16, 10)
  Time 8: (16, 11)
  Time 9: (16, 12)
  Time 10: (16, 13)
  Time 11: (16, 14)
  Time 12: (17, 14)
  Time 13: (17, 15)
  Time 14: (17, 15)
  Time 15: (17, 16)
  Time 16: (18, 16)
  Time 17: (19, 16)
  Time 18: (20, 16)
  Time 19: (20, 17)
  Time 20: (20, 18)
  Time 21: (20, 18)
  Time 22: (20, 18)
  Time 23: (20, 18)
  Time 24: (20, 17)
  Time 25: (20, 18)
  Time 26: (20, 18)
  Time 27: (20, 18)
  Time 28: (20, 18)
  Time 29: (20, 18)
  Time 30: (20, 18)
  Time 31: (20, 18)
  Time 32: (20, 18)
  Time 33: (20, 18)
  Time 34: (20, 18)
  Time 35: (20, 18)
  Time 36: (20, 18)
  Time 37: (20, 18)
  Time 38: (20, 18)
  Time 39: (20, 18)
  Time 40: (20, 18)
  Time 41: (20, 18)
  Time 42: (20, 18)
  Time 43: (20, 18)
  Time 44: (20, 18)
  Time 45: (20, 18)
  Time 46: (20, 18)

Agent 47 path:
  Time 0: (1, 28)
  Time 1: (2, 28)
  Time 2: (3, 28)
  Time 3: (3, 27)
  Time 4: (3, 26)
  Time 5: (3, 25)
  Time 6: (4, 25)
  Time 7: (5, 25)
  Time 8: (6, 25)
  Time 9: (6, 24)
  Time 10: (6, 23)
  Time 11: (6, 22)
  Time 12: (6, 21)
  Time 13: (6, 20)
  Time 14: (7, 20)
  Time 15: (8, 20)
  Time 16: (9, 20)
  Time 17: (9, 19)
  Time 18: (10, 19)
  Time 19: (10, 18)
  Time 20: (11, 18)
  Time 21: (12, 18)
  Time 22: (12, 19)
  Time 23: (13, 19)
  Time 24: (12, 19)
  Time 25: (13, 19)
  Time 26: (13, 19)
  Time 27: (14, 19)
  Time 28: (15, 19)
  Time 29: (16, 19)
  Time 30: (17, 19)
  Time 31: (18, 19)
  Time 32: (19, 19)
  Time 33: (20, 19)
  Time 34: (21, 19)
  Time 35: (21, 18)
  Time 36: (22, 18)
  Time 37: (23, 18)
  Time 38: (24, 18)
  Time 39: (24, 18)
  Time 40: (24, 18)
  Time 41: (24, 18)
  Time 42: (24, 18)
  Time 43: (24, 18)
  Time 44: (24, 18)
  Time 45: (24, 18)
  Time 46: (24, 18)

Agent 46 path:
  Time 0: (1, 20)
  Time 1: (2, 20)
  Time 2: (3, 20)
  Time 3: (4, 20)
  Time 4: (4, 21)
  Time 5: (4, 22)
  Time 6: (4, 23)
  Time 7: (5, 23)
  Time 8: (6, 23)
  Time 9: (6, 22)
  Time 10: (6, 21)
  Time 11: (7, 21)
  Time 12: (8, 21)
  Time 13: (9, 21)
  Time 14: (10, 21)
  Time 15: (11, 21)
  Time 16: (12, 21)
  Time 17: (13, 21)
  Time 18: (14, 21)
  Time 19: (15, 21)
  Time 20: (16, 21)
  Time 21: (16, 20)
  Time 22: (17, 20)
  Time 23: (18, 20)
  Time 24: (19, 20)
  Time 25: (19, 20)
  Time 26: (19, 20)
  Time 27: (19, 20)
  Time 28: (19, 20)
  Time 29: (19, 20)
  Time 30: (19, 20)
  Time 31: (19, 20)
  Time 32: (19, 20)
  Time 33: (19, 20)
  Time 34: (19, 20)
  Time 35: (19, 20)
  Time 36: (19, 20)
  Time 37: (19, 20)
  Time 38: (19, 20)
  Time 39: (19, 20)
  Time 40: (19, 20)
  Time 41: (19, 20)
  Time 42: (19, 20)
  Time 43: (19, 20)
  Time 44: (19, 20)
  Time 45: (19, 20)
  Time 46: (19, 20)

Agent 45 path:
  Time 0: (25, 14)
  Time 1: (24, 14)
  Time 2: (24, 15)
  Time 3: (24, 16)
  Time 4: (23, 16)
  Time 5: (22, 16)
  Time 6: (21, 16)
  Time 7: (21, 17)
  Time 8: (21, 18)
  Time 9: (21, 19)
  Time 10: (20, 19)
  Time 11: (19, 19)
  Time 12: (18, 19)
  Time 13: (17, 19)
  Time 14: (16, 19)
  Time 15: (15, 19)
  Time 16: (14, 19)
  Time 17: (13, 19)
  Time 18: (12, 19)
  Time 19: (11, 19)
  Time 20: (10, 19)
  Time 21: (11, 19)
  Time 22: (11, 18)
  Time 23: (11, 19)
  Time 24: (10, 19)
  Time 25: (9, 19)
  Time 26: (10, 19)
  Time 27: (9, 19)
  Time 28: (9, 20)
  Time 29: (8, 20)
  Time 30: (7, 20)
  Time 31: (6, 20)
  Time 32: (6, 20)
  Time 33: (6, 20)
  Time 34: (6, 20)
  Time 35: (6, 20)
  Time 36: (6, 20)
  Time 37: (6, 20)
  Time 38: (6, 20)
  Time 39: (6, 20)
  Time 40: (6, 20)
  Time 41: (6, 20)
  Time 42: (6, 20)
  Time 43: (6, 20)
  Time 44: (6, 20)
  Time 45: (6, 20)
  Time 46: (6, 20)

Agent 44 path:
  Time 0: (29, 24)
  Time 1: (29, 25)
  Time 2: (28, 25)
  Time 3: (27, 25)
  Time 4: (27, 26)
  Time 5: (27, 27)
  Time 6: (27, 27)
  Time 7: (26, 27)
  Time 8: (25, 27)
  Time 9: (25, 28)
  Time 10: (25, 29)
  Time 11: (24, 29)
  Time 12: (23, 29)
  Time 13: (22, 29)
  Time 14: (21, 29)
  Time 15: (20, 29)
  Time 16: (20, 30)
  Time 17: (19, 30)
  Time 18: (18, 30)
  Time 19: (17, 30)
  Time 20: (16, 30)
  Time 21: (15, 30)
  Time 22: (16, 30)
  Time 23: (17, 30)
  Time 24: (18, 30)
  Time 25: (19, 30)
  Time 26: (19, 31)
  Time 27: (19, 31)
  Time 28: (19, 31)
  Time 29: (19, 31)
  Time 30: (19, 31)
  Time 31: (19, 31)
  Time 32: (19, 31)
  Time 33: (19, 31)
  Time 34: (19, 31)
  Time 35: (19, 31)
  Time 36: (19, 31)
  Time 37: (19, 31)
  Time 38: (19, 31)
  Time 39: (19, 31)
  Time 40: (19, 31)
  Time 41: (19, 31)
  Time 42: (19, 31)
  Time 43: (19, 31)
  Time 44: (19, 31)
  Time 45: (19, 31)
  Time 46: (19, 31)

Agent 43 path:
  Time 0: (14, 24)
  Time 1: (13, 24)
  Time 2: (13, 23)
  Time 3: (13, 22)
  Time 4: (12, 22)
  Time 5: (12, 21)
  Time 6: (12, 20)
  Time 7: (12, 19)
  Time 8: (12, 18)
  Time 9: (12, 17)
  Time 10: (12, 16)
  Time 11: (12, 15)
  Time 12: (12, 14)
  Time 13: (11, 14)
  Time 14: (10, 14)
  Time 15: (10, 13)
  Time 16: (9, 13)
  Time 17: (10, 13)
  Time 18: (10, 14)
  Time 19: (10, 13)
  Time 20: (10, 13)
  Time 21: (10, 12)
  Time 22: (10, 11)
  Time 23: (10, 11)
  Time 24: (10, 12)
  Time 25: (10, 12)
  Time 26: (10, 12)
  Time 27: (10, 11)
  Time 28: (10, 10)
  Time 29: (10, 9)
  Time 30: (10, 8)
  Time 31: (10, 7)
  Time 32: (9, 7)
  Time 33: (9, 6)
  Time 34: (9, 5)
  Time 35: (9, 4)
  Time 36: (9, 3)
  Time 37: (9, 2)
  Time 38: (9, 2)
  Time 39: (9, 2)
  Time 40: (9, 2)
  Time 41: (9, 2)
  Time 42: (9, 2)
  Time 43: (9, 2)
  Time 44: (9, 2)
  Time 45: (9, 2)
  Time 46: (9, 2)

Agent 42 path:
  Time 0: (26, 29)
  Time 1: (26, 29)
  Time 2: (25, 29)
  Time 3: (24, 29)
  Time 4: (23, 29)
  Time 5: (22, 29)
  Time 6: (21, 29)
  Time 7: (21, 28)
  Time 8: (21, 27)
  Time 9: (20, 27)
  Time 10: (19, 27)
  Time 11: (18, 27)
  Time 12: (17, 27)
  Time 13: (16, 27)
  Time 14: (15, 27)
  Time 15: (14, 27)
  Time 16: (14, 26)
  Time 17: (14, 25)
  Time 18: (13, 25)
  Time 19: (13, 24)
  Time 20: (13, 24)
  Time 21: (13, 24)
  Time 22: (13, 24)
  Time 23: (13, 24)
  Time 24: (13, 24)
  Time 25: (13, 24)
  Time 26: (13, 24)
  Time 27: (13, 24)
  Time 28: (13, 24)
  Time 29: (13, 24)
  Time 30: (13, 24)
  Time 31: (13, 24)
  Time 32: (13, 24)
  Time 33: (13, 24)
  Time 34: (13, 24)
  Time 35: (13, 24)
  Time 36: (13, 24)
  Time 37: (13, 24)
  Time 38: (13, 24)
  Time 39: (13, 24)
  Time 40: (13, 24)
  Time 41: (13, 24)
  Time 42: (13, 24)
  Time 43: (13, 24)
  Time 44: (13, 24)
  Time 45: (13, 24)
  Time 46: (13, 24)

Agent 41 path:
  Time 0: (12, 18)
  Time 1: (12, 19)
  Time 2: (12, 20)
  Time 3: (13, 20)
  Time 4: (13, 21)
  Time 5: (13, 22)
  Time 6: (13, 23)
  Time 7: (13, 24)
  Time 8: (13, 25)
  Time 9: (14, 25)
  Time 10: (15, 25)
  Time 11: (15, 25)
  Time 12: (15, 24)
  Time 13: (15, 25)
  Time 14: (15, 25)
  Time 15: (15, 26)
  Time 16: (15, 25)
  Time 17: (15, 25)
  Time 18: (15, 24)
  Time 19: (15, 25)
  Time 20: (15, 25)
  Time 21: (15, 25)
  Time 22: (15, 25)
  Time 23: (15, 25)
  Time 24: (15, 25)
  Time 25: (15, 25)
  Time 26: (15, 25)
  Time 27: (15, 25)
  Time 28: (15, 25)
  Time 29: (15, 25)
  Time 30: (15, 25)
  Time 31: (15, 25)
  Time 32: (15, 25)
  Time 33: (15, 25)
  Time 34: (15, 25)
  Time 35: (15, 25)
  Time 36: (15, 25)
  Time 37: (15, 25)
  Time 38: (15, 25)
  Time 39: (15, 25)
  Time 40: (15, 25)
  Time 41: (15, 25)
  Time 42: (15, 25)
  Time 43: (15, 25)
  Time 44: (15, 25)
  Time 45: (15, 25)
  Time 46: (15, 25)

Agent 40 path:
  Time 0: (3, 28)
  Time 1: (3, 27)
  Time 2: (3, 26)
  Time 3: (3, 26)
  Time 4: (3, 25)
  Time 5: (2, 25)
  Time 6: (2, 24)
  Time 7: (2, 23)
  Time 8: (2, 22)
  Time 9: (2, 21)
  Time 10: (2, 20)
  Time 11: (1, 20)
  Time 12: (1, 19)
  Time 13: (1, 18)
  Time 14: (1, 17)
  Time 15: (1, 16)
  Time 16: (1, 15)
  Time 17: (1, 14)
  Time 18: (2, 14)
  Time 19: (3, 14)
  Time 20: (3, 13)
  Time 21: (3, 12)
  Time 22: (3, 11)
  Time 23: (3, 10)
  Time 24: (3, 9)
  Time 25: (3, 8)
  Time 26: (3, 7)
  Time 27: (3, 6)
  Time 28: (3, 6)
  Time 29: (3, 6)
  Time 30: (3, 6)
  Time 31: (3, 6)
  Time 32: (3, 6)
  Time 33: (3, 6)
  Time 34: (3, 6)
  Time 35: (3, 6)
  Time 36: (3, 6)
  Time 37: (3, 6)
  Time 38: (3, 6)
  Time 39: (3, 6)
  Time 40: (3, 6)
  Time 41: (3, 6)
  Time 42: (3, 6)
  Time 43: (3, 5)
  Time 44: (3, 6)
  Time 45: (3, 6)
  Time 46: (3, 6)

Agent 39 path:
  Time 0: (30, 22)
  Time 1: (30, 23)
  Time 2: (29, 23)
  Time 3: (28, 23)
  Time 4: (28, 24)
  Time 5: (27, 24)
  Time 6: (26, 24)
  Time 7: (25, 24)
  Time 8: (24, 24)
  Time 9: (23, 24)
  Time 10: (22, 24)
  Time 11: (21, 24)
  Time 12: (21, 25)
  Time 13: (20, 25)
  Time 14: (19, 25)
  Time 15: (18, 25)
  Time 16: (17, 25)
  Time 17: (16, 25)
  Time 18: (15, 25)
  Time 19: (14, 25)
  Time 20: (13, 25)
  Time 21: (12, 25)
  Time 22: (11, 25)
  Time 23: (10, 25)
  Time 24: (9, 25)
  Time 25: (8, 25)
  Time 26: (7, 25)
  Time 27: (6, 25)
  Time 28: (5, 25)
  Time 29: (4, 25)
  Time 30: (3, 25)
  Time 31: (2, 25)
  Time 32: (2, 25)
  Time 33: (2, 25)
  Time 34: (2, 25)
  Time 35: (2, 25)
  Time 36: (2, 25)
  Time 37: (2, 25)
  Time 38: (2, 25)
  Time 39: (2, 25)
  Time 40: (2, 25)
  Time 41: (2, 25)
  Time 42: (2, 25)
  Time 43: (2, 25)
  Time 44: (2, 25)
  Time 45: (2, 25)
  Time 46: (2, 25)

Agent 38 path:
  Time 0: (26, 17)
  Time 1: (25, 17)
  Time 2: (24, 17)
  Time 3: (23, 17)
  Time 4: (23, 18)
  Time 5: (23, 19)
  Time 6: (22, 19)
  Time 7: (22, 20)
  Time 8: (21, 20)
  Time 9: (21, 21)
  Time 10: (21, 22)
  Time 11: (21, 23)
  Time 12: (22, 23)
  Time 13: (21, 23)
  Time 14: (21, 24)
  Time 15: (21, 23)
  Time 16: (22, 23)
  Time 17: (22, 23)
  Time 18: (22, 23)
  Time 19: (22, 23)
  Time 20: (22, 23)
  Time 21: (22, 23)
  Time 22: (22, 23)
  Time 23: (22, 23)
  Time 24: (22, 23)
  Time 25: (22, 23)
  Time 26: (22, 23)
  Time 27: (22, 23)
  Time 28: (22, 23)
  Time 29: (22, 23)
  Time 30: (22, 23)
  Time 31: (22, 23)
  Time 32: (22, 23)
  Time 33: (22, 23)
  Time 34: (22, 23)
  Time 35: (22, 23)
  Time 36: (22, 23)
  Time 37: (22, 23)
  Time 38: (22, 23)
  Time 39: (22, 23)
  Time 40: (22, 23)
  Time 41: (22, 23)
  Time 42: (22, 23)
  Time 43: (22, 23)
  Time 44: (22, 23)
  Time 45: (22, 23)
  Time 46: (22, 23)

Agent 37 path:
  Time 0: (10, 29)
  Time 1: (11, 29)
  Time 2: (11, 28)
  Time 3: (12, 28)
  Time 4: (13, 28)
  Time 5: (13, 28)
  Time 6: (13, 28)
  Time 7: (13, 27)
  Time 8: (13, 28)
  Time 9: (13, 28)
  Time 10: (13, 27)
  Time 11: (13, 28)
  Time 12: (13, 28)
  Time 13: (13, 28)
  Time 14: (13, 28)
  Time 15: (13, 28)
  Time 16: (13, 28)
  Time 17: (13, 28)
  Time 18: (13, 28)
  Time 19: (13, 28)
  Time 20: (13, 28)
  Time 21: (13, 28)
  Time 22: (13, 28)
  Time 23: (13, 28)
  Time 24: (13, 28)
  Time 25: (13, 28)
  Time 26: (13, 28)
  Time 27: (13, 28)
  Time 28: (13, 28)
  Time 29: (13, 28)
  Time 30: (13, 28)
  Time 31: (13, 28)
  Time 32: (13, 28)
  Time 33: (13, 28)
  Time 34: (13, 28)
  Time 35: (13, 28)
  Time 36: (13, 28)
  Time 37: (13, 28)
  Time 38: (13, 28)
  Time 39: (13, 28)
  Time 40: (13, 28)
  Time 41: (13, 28)
  Time 42: (13, 28)
  Time 43: (13, 28)
  Time 44: (13, 28)
  Time 45: (13, 28)
  Time 46: (13, 28)

Agent 36 path:
  Time 0: (4, 20)
  Time 1: (4, 21)
  Time 2: (3, 21)
  Time 3: (3, 22)
  Time 4: (3, 23)
  Time 5: (3, 24)
  Time 6: (3, 25)
  Time 7: (3, 26)
  Time 8: (3, 27)
  Time 9: (3, 27)
  Time 10: (3, 27)
  Time 11: (3, 27)
  Time 12: (3, 27)
  Time 13: (3, 27)
  Time 14: (3, 27)
  Time 15: (3, 27)
  Time 16: (3, 27)
  Time 17: (3, 27)
  Time 18: (3, 27)
  Time 19: (3, 27)
  Time 20: (3, 27)
  Time 21: (3, 27)
  Time 22: (3, 27)
  Time 23: (3, 27)
  Time 24: (4, 27)
  Time 25: (3, 27)
  Time 26: (3, 27)
  Time 27: (3, 27)
  Time 28: (3, 27)
  Time 29: (3, 27)
  Time 30: (3, 27)
  Time 31: (3, 27)
  Time 32: (3, 27)
  Time 33: (3, 27)
  Time 34: (3, 27)
  Time 35: (3, 27)
  Time 36: (3, 27)
  Time 37: (3, 27)
  Time 38: (4, 27)
  Time 39: (3, 27)
  Time 40: (3, 27)
  Time 41: (3, 27)
  Time 42: (3, 27)
  Time 43: (3, 27)
  Time 44: (3, 27)
  Time 45: (3, 27)
  Time 46: (3, 27)

Agent 35 path:
  Time 0: (27, 22)
  Time 1: (27, 21)
  Time 2: (27, 20)
  Time 3: (27, 19)
  Time 4: (26, 19)
  Time 5: (26, 18)
  Time 6: (27, 18)
  Time 7: (27, 17)
  Time 8: (27, 16)
  Time 9: (26, 16)
  Time 10: (25, 16)
  Time 11: (24, 16)
  Time 12: (23, 16)
  Time 13: (23, 15)
  Time 14: (23, 14)
  Time 15: (23, 13)
  Time 16: (23, 12)
  Time 17: (23, 11)
  Time 18: (23, 10)
  Time 19: (23, 9)
  Time 20: (22, 9)
  Time 21: (21, 9)
  Time 22: (21, 8)
  Time 23: (21, 7)
  Time 24: (21, 6)
  Time 25: (21, 5)
  Time 26: (20, 5)
  Time 27: (19, 5)
  Time 28: (18, 5)
  Time 29: (18, 4)
  Time 30: (18, 3)
  Time 31: (17, 3)
  Time 32: (17, 3)
  Time 33: (16, 3)
  Time 34: (16, 3)
  Time 35: (16, 3)
  Time 36: (16, 3)
  Time 37: (16, 3)
  Time 38: (16, 3)
  Time 39: (16, 3)
  Time 40: (16, 3)
  Time 41: (16, 3)
  Time 42: (16, 3)
  Time 43: (16, 3)
  Time 44: (16, 3)
  Time 45: (16, 3)
  Time 46: (16, 3)

Agent 34 path:
  Time 0: (29, 13)
  Time 1: (28, 13)
  Time 2: (27, 13)
  Time 3: (26, 13)
  Time 4: (25, 13)
  Time 5: (24, 13)
  Time 6: (24, 12)
  Time 7: (24, 11)
  Time 8: (23, 11)
  Time 9: (22, 11)
  Time 10: (22, 10)
  Time 11: (21, 10)
  Time 12: (20, 10)
  Time 13: (19, 10)
  Time 14: (18, 10)
  Time 15: (17, 10)
  Time 16: (16, 10)
  Time 17: (15, 10)
  Time 18: (15, 9)
  Time 19: (14, 9)
  Time 20: (14, 9)
  Time 21: (15, 9)
  Time 22: (15, 9)
  Time 23: (15, 10)
  Time 24: (15, 11)
  Time 25: (15, 10)
  Time 26: (14, 10)
  Time 27: (13, 10)
  Time 28: (12, 10)
  Time 29: (11, 10)
  Time 30: (10, 10)
  Time 31: (11, 10)
  Time 32: (11, 9)
  Time 33: (10, 9)
  Time 34: (9, 9)
  Time 35: (8, 9)
  Time 36: (8, 8)
  Time 37: (8, 7)
  Time 38: (7, 7)
  Time 39: (6, 7)
  Time 40: (5, 7)
  Time 41: (5, 6)
  Time 42: (4, 6)
  Time 43: (3, 6)
  Time 44: (2, 6)
  Time 45: (1, 6)
  Time 46: (0, 6)

Agent 33 path:
  Time 0: (11, 1)
  Time 1: (11, 2)
  Time 2: (12, 2)
  Time 3: (12, 3)
  Time 4: (13, 3)
  Time 5: (13, 4)
  Time 6: (13, 5)
  Time 7: (13, 6)
  Time 8: (14, 6)
  Time 9: (15, 6)
  Time 10: (15, 7)
  Time 11: (16, 7)
  Time 12: (16, 8)
  Time 13: (16, 9)
  Time 14: (16, 10)
  Time 15: (16, 11)
  Time 16: (17, 11)
  Time 17: (17, 12)
  Time 18: (17, 13)
  Time 19: (18, 13)
  Time 20: (19, 13)
  Time 21: (19, 14)
  Time 22: (19, 15)
  Time 23: (20, 15)
  Time 24: (20, 16)
  Time 25: (20, 17)
  Time 26: (21, 17)
  Time 27: (22, 17)
  Time 28: (23, 17)
  Time 29: (24, 17)
  Time 30: (25, 17)
  Time 31: (26, 17)
  Time 32: (27, 17)
  Time 33: (28, 17)
  Time 34: (29, 17)
  Time 35: (30, 17)
  Time 36: (30, 17)
  Time 37: (30, 17)
  Time 38: (30, 17)
  Time 39: (30, 17)
  Time 40: (30, 17)
  Time 41: (30, 17)
  Time 42: (30, 17)
  Time 43: (30, 17)
  Time 44: (30, 17)
  Time 45: (30, 17)
  Time 46: (30, 17)

Agent 32 path:
  Time 0: (5, 28)
  Time 1: (6, 28)
  Time 2: (7, 28)
  Time 3: (7, 29)
  Time 4: (8, 29)
  Time 5: (9, 29)
  Time 6: (10, 29)
  Time 7: (11, 29)
  Time 8: (12, 29)
  Time 9: (13, 29)
  Time 10: (14, 29)
  Time 11: (15, 29)
  Time 12: (16, 29)
  Time 13: (17, 29)
  Time 14: (18, 29)
  Time 15: (19, 29)
  Time 16: (20, 29)
  Time 17: (21, 29)
  Time 18: (21, 29)
  Time 19: (21, 29)
  Time 20: (20, 29)
  Time 21: (19, 29)
  Time 22: (20, 29)
  Time 23: (21, 29)
  Time 24: (22, 29)
  Time 25: (23, 29)
  Time 26: (24, 29)
  Time 27: (24, 29)
  Time 28: (24, 29)
  Time 29: (24, 29)
  Time 30: (24, 29)
  Time 31: (24, 29)
  Time 32: (24, 29)
  Time 33: (24, 29)
  Time 34: (24, 28)
  Time 35: (24, 29)
  Time 36: (24, 29)
  Time 37: (24, 29)
  Time 38: (24, 29)
  Time 39: (24, 29)
  Time 40: (24, 29)
  Time 41: (24, 29)
  Time 42: (24, 29)
  Time 43: (24, 29)
  Time 44: (24, 29)
  Time 45: (24, 29)
  Time 46: (24, 29)

Agent 31 path:
  Time 0: (13, 13)
  Time 1: (13, 14)
  Time 2: (12, 14)
  Time 3: (12, 15)
  Time 4: (11, 15)
  Time 5: (10, 15)
  Time 6: (9, 15)
  Time 7: (9, 16)
  Time 8: (8, 16)
  Time 9: (7, 16)
  Time 10: (6, 16)
  Time 11: (5, 16)
  Time 12: (4, 16)
  Time 13: (4, 17)
  Time 14: (4, 18)
  Time 15: (4, 19)
  Time 16: (3, 19)
  Time 17: (3, 20)
  Time 18: (3, 21)
  Time 19: (3, 22)
  Time 20: (3, 23)
  Time 21: (3, 24)
  Time 22: (3, 25)
  Time 23: (3, 26)
  Time 24: (3, 27)
  Time 25: (2, 27)
  Time 26: (2, 27)
  Time 27: (2, 27)
  Time 28: (2, 27)
  Time 29: (2, 27)
  Time 30: (2, 27)
  Time 31: (2, 27)
  Time 32: (2, 27)
  Time 33: (2, 27)
  Time 34: (2, 27)
  Time 35: (2, 27)
  Time 36: (2, 27)
  Time 37: (2, 27)
  Time 38: (2, 27)
  Time 39: (2, 28)
  Time 40: (2, 27)
  Time 41: (2, 27)
  Time 42: (2, 27)
  Time 43: (2, 27)
  Time 44: (2, 27)
  Time 45: (2, 27)
  Time 46: (2, 27)

Agent 30 path:
  Time 0: (3, 25)
  Time 1: (4, 25)
  Time 2: (3, 25)
  Time 3: (4, 25)
  Time 4: (4, 26)
  Time 5: (5, 26)
  Time 6: (5, 27)
  Time 7: (5, 28)
  Time 8: (6, 28)
  Time 9: (7, 28)
  Time 10: (8, 28)
  Time 11: (8, 29)
  Time 12: (9, 29)
  Time 13: (10, 29)
  Time 14: (11, 29)
  Time 15: (12, 29)
  Time 16: (13, 29)
  Time 17: (14, 29)
  Time 18: (15, 29)
  Time 19: (16, 29)
  Time 20: (17, 29)
  Time 21: (18, 29)
  Time 22: (19, 29)
  Time 23: (20, 29)
  Time 24: (21, 29)
  Time 25: (22, 29)
  Time 26: (23, 29)
  Time 27: (23, 30)
  Time 28: (24, 30)
  Time 29: (25, 30)
  Time 30: (26, 30)
  Time 31: (27, 30)
  Time 32: (28, 30)
  Time 33: (29, 30)
  Time 34: (30, 30)
  Time 35: (30, 31)
  Time 36: (30, 31)
  Time 37: (30, 31)
  Time 38: (30, 31)
  Time 39: (30, 31)
  Time 40: (30, 31)
  Time 41: (30, 31)
  Time 42: (30, 31)
  Time 43: (30, 31)
  Time 44: (30, 31)
  Time 45: (30, 31)
  Time 46: (30, 31)

Agent 29 path:
  Time 0: (28, 8)
  Time 1: (27, 8)
  Time 2: (26, 8)
  Time 3: (26, 7)
  Time 4: (25, 7)
  Time 5: (24, 7)
  Time 6: (23, 7)
  Time 7: (22, 7)
  Time 8: (21, 7)
  Time 9: (20, 7)
  Time 10: (19, 7)
  Time 11: (18, 7)
  Time 12: (17, 7)
  Time 13: (16, 7)
  Time 14: (16, 6)
  Time 15: (15, 6)
  Time 16: (14, 6)
  Time 17: (13, 6)
  Time 18: (12, 6)
  Time 19: (11, 6)
  Time 20: (11, 5)
  Time 21: (10, 5)
  Time 22: (9, 5)
  Time 23: (8, 5)
  Time 24: (7, 5)
  Time 25: (6, 5)
  Time 26: (5, 5)
  Time 27: (4, 5)
  Time 28: (3, 5)
  Time 29: (2, 5)
  Time 30: (1, 5)
  Time 31: (1, 5)
  Time 32: (1, 5)
  Time 33: (1, 5)
  Time 34: (1, 5)
  Time 35: (1, 5)
  Time 36: (1, 5)
  Time 37: (1, 5)
  Time 38: (1, 5)
  Time 39: (1, 5)
  Time 40: (1, 5)
  Time 41: (1, 5)
  Time 42: (1, 5)
  Time 43: (1, 5)
  Time 44: (1, 5)
  Time 45: (1, 5)
  Time 46: (1, 5)

Agent 28 path:
  Time 0: (15, 4)
  Time 1: (16, 4)
  Time 2: (16, 5)
  Time 3: (16, 6)
  Time 4: (16, 7)
  Time 5: (17, 7)
  Time 6: (18, 7)
  Time 7: (19, 7)
  Time 8: (20, 7)
  Time 9: (20, 8)
  Time 10: (21, 8)
  Time 11: (22, 8)
  Time 12: (22, 9)
  Time 13: (23, 9)
  Time 14: (24, 9)
  Time 15: (24, 10)
  Time 16: (24, 11)
  Time 17: (24, 12)
  Time 18: (25, 12)
  Time 19: (26, 12)
  Time 20: (26, 13)
  Time 21: (27, 13)
  Time 22: (27, 13)
  Time 23: (27, 13)
  Time 24: (27, 13)
  Time 25: (27, 13)
  Time 26: (27, 13)
  Time 27: (27, 13)
  Time 28: (27, 13)
  Time 29: (27, 13)
  Time 30: (27, 13)
  Time 31: (27, 13)
  Time 32: (27, 13)
  Time 33: (27, 13)
  Time 34: (27, 13)
  Time 35: (27, 13)
  Time 36: (27, 13)
  Time 37: (27, 13)
  Time 38: (27, 13)
  Time 39: (27, 13)
  Time 40: (27, 13)
  Time 41: (27, 13)
  Time 42: (27, 13)
  Time 43: (27, 13)
  Time 44: (27, 13)
  Time 45: (27, 13)
  Time 46: (27, 13)

Agent 27 path:
  Time 0: (31, 20)
  Time 1: (30, 20)
  Time 2: (30, 19)
  Time 3: (29, 19)
  Time 4: (28, 19)
  Time 5: (27, 19)
  Time 6: (26, 19)
  Time 7: (25, 19)
  Time 8: (24, 19)
  Time 9: (23, 19)
  Time 10: (22, 19)
  Time 11: (21, 19)
  Time 12: (21, 20)
  Time 13: (20, 20)
  Time 14: (20, 21)
  Time 15: (20, 22)
  Time 16: (19, 22)
  Time 17: (18, 22)
  Time 18: (17, 22)
  Time 19: (16, 22)
  Time 20: (15, 22)
  Time 21: (14, 22)
  Time 22: (14, 22)
  Time 23: (13, 22)
  Time 24: (12, 22)
  Time 25: (11, 22)
  Time 26: (10, 22)
  Time 27: (9, 22)
  Time 28: (8, 22)
  Time 29: (7, 22)
  Time 30: (7, 22)
  Time 31: (6, 22)
  Time 32: (6, 22)
  Time 33: (6, 22)
  Time 34: (6, 22)
  Time 35: (6, 22)
  Time 36: (6, 22)
  Time 37: (6, 22)
  Time 38: (6, 22)
  Time 39: (6, 22)
  Time 40: (6, 22)
  Time 41: (6, 22)
  Time 42: (6, 22)
  Time 43: (6, 22)
  Time 44: (6, 22)
  Time 45: (6, 22)
  Time 46: (6, 22)

Agent 26 path:
  Time 0: (21, 16)
  Time 1: (22, 16)
  Time 2: (23, 16)
  Time 3: (23, 16)
  Time 4: (23, 15)
  Time 5: (23, 14)
  Time 6: (23, 14)
  Time 7: (23, 14)
  Time 8: (23, 14)
  Time 9: (23, 14)
  Time 10: (23, 14)
  Time 11: (23, 14)
  Time 12: (23, 14)
  Time 13: (23, 14)
  Time 14: (24, 14)
  Time 15: (23, 14)
  Time 16: (23, 14)
  Time 17: (23, 14)
  Time 18: (23, 14)
  Time 19: (23, 14)
  Time 20: (23, 14)
  Time 21: (23, 14)
  Time 22: (23, 14)
  Time 23: (23, 14)
  Time 24: (23, 14)
  Time 25: (23, 14)
  Time 26: (23, 14)
  Time 27: (23, 14)
  Time 28: (23, 14)
  Time 29: (23, 14)
  Time 30: (23, 14)
  Time 31: (23, 14)
  Time 32: (23, 14)
  Time 33: (23, 14)
  Time 34: (23, 14)
  Time 35: (23, 14)
  Time 36: (23, 14)
  Time 37: (23, 14)
  Time 38: (23, 14)
  Time 39: (23, 14)
  Time 40: (23, 14)
  Time 41: (23, 14)
  Time 42: (23, 14)
  Time 43: (23, 14)
  Time 44: (23, 14)
  Time 45: (23, 14)
  Time 46: (23, 14)

Agent 25 path:
  Time 0: (18, 18)
  Time 1: (19, 18)
  Time 2: (20, 18)
  Time 3: (20, 17)
  Time 4: (21, 17)
  Time 5: (22, 17)
  Time 6: (22, 17)
  Time 7: (22, 16)
  Time 8: (23, 16)
  Time 9: (23, 15)
  Time 10: (23, 15)
  Time 11: (23, 15)
  Time 12: (23, 15)
  Time 13: (22, 15)
  Time 14: (23, 15)
  Time 15: (23, 15)
  Time 16: (23, 16)
  Time 17: (23, 15)
  Time 18: (23, 15)
  Time 19: (23, 15)
  Time 20: (23, 15)
  Time 21: (23, 15)
  Time 22: (23, 15)
  Time 23: (23, 15)
  Time 24: (23, 15)
  Time 25: (23, 15)
  Time 26: (23, 15)
  Time 27: (23, 15)
  Time 28: (23, 15)
  Time 29: (23, 15)
  Time 30: (23, 15)
  Time 31: (23, 15)
  Time 32: (23, 15)
  Time 33: (23, 15)
  Time 34: (23, 15)
  Time 35: (23, 15)
  Time 36: (23, 15)
  Time 37: (23, 15)
  Time 38: (23, 15)
  Time 39: (23, 15)
  Time 40: (23, 15)
  Time 41: (23, 15)
  Time 42: (23, 15)
  Time 43: (23, 15)
  Time 44: (23, 15)
  Time 45: (23, 15)
  Time 46: (23, 15)

Agent 24 path:
  Time 0: (1, 13)
  Time 1: (1, 12)
  Time 2: (2, 12)
  Time 3: (2, 11)
  Time 4: (3, 11)
  Time 5: (3, 10)
  Time 6: (4, 10)
  Time 7: (5, 10)
  Time 8: (6, 10)
  Time 9: (7, 10)
  Time 10: (7, 10)
  Time 11: (7, 10)
  Time 12: (7, 10)
  Time 13: (7, 10)
  Time 14: (7, 10)
  Time 15: (7, 10)
  Time 16: (7, 10)
  Time 17: (7, 10)
  Time 18: (7, 10)
  Time 19: (7, 10)
  Time 20: (7, 10)
  Time 21: (7, 10)
  Time 22: (7, 10)
  Time 23: (7, 10)
  Time 24: (7, 10)
  Time 25: (7, 10)
  Time 26: (7, 10)
  Time 27: (7, 10)
  Time 28: (7, 10)
  Time 29: (7, 10)
  Time 30: (7, 10)
  Time 31: (7, 10)
  Time 32: (7, 10)
  Time 33: (7, 10)
  Time 34: (7, 10)
  Time 35: (7, 10)
  Time 36: (7, 10)
  Time 37: (7, 10)
  Time 38: (7, 10)
  Time 39: (7, 10)
  Time 40: (7, 10)
  Time 41: (7, 10)
  Time 42: (7, 10)
  Time 43: (7, 10)
  Time 44: (7, 10)
  Time 45: (7, 10)
  Time 46: (7, 10)

Agent 23 path:
  Time 0: (17, 18)
  Time 1: (18, 18)
  Time 2: (18, 18)
  Time 3: (17, 18)
  Time 4: (17, 19)
  Time 5: (17, 20)
  Time 6: (18, 20)
  Time 7: (19, 20)
  Time 8: (20, 20)
  Time 9: (20, 20)
  Time 10: (20, 20)
  Time 11: (20, 20)
  Time 12: (20, 20)
  Time 13: (20, 19)
  Time 14: (20, 20)
  Time 15: (20, 20)
  Time 16: (20, 20)
  Time 17: (20, 21)
  Time 18: (20, 20)
  Time 19: (20, 20)
  Time 20: (20, 20)
  Time 21: (20, 20)
  Time 22: (20, 20)
  Time 23: (20, 20)
  Time 24: (20, 20)
  Time 25: (20, 20)
  Time 26: (20, 20)
  Time 27: (20, 20)
  Time 28: (20, 20)
  Time 29: (20, 20)
  Time 30: (20, 20)
  Time 31: (20, 20)
  Time 32: (20, 20)
  Time 33: (20, 20)
  Time 34: (20, 20)
  Time 35: (20, 20)
  Time 36: (20, 20)
  Time 37: (20, 20)
  Time 38: (20, 20)
  Time 39: (20, 20)
  Time 40: (20, 20)
  Time 41: (20, 20)
  Time 42: (20, 20)
  Time 43: (20, 20)
  Time 44: (20, 20)
  Time 45: (20, 20)
  Time 46: (20, 20)

Agent 22 path:
  Time 0: (5, 2)
  Time 1: (5, 3)
  Time 2: (6, 3)
  Time 3: (7, 3)
  Time 4: (7, 4)
  Time 5: (8, 4)
  Time 6: (8, 5)
  Time 7: (9, 5)
  Time 8: (9, 6)
  Time 9: (9, 7)
  Time 10: (10, 7)
  Time 11: (10, 8)
  Time 12: (10, 9)
  Time 13: (10, 10)
  Time 14: (10, 11)
  Time 15: (10, 12)
  Time 16: (10, 13)
  Time 17: (10, 14)
  Time 18: (11, 14)
  Time 19: (12, 14)
  Time 20: (13, 14)
  Time 21: (14, 14)
  Time 22: (15, 14)
  Time 23: (15, 14)
  Time 24: (16, 14)
  Time 25: (17, 14)
  Time 26: (18, 14)
  Time 27: (19, 14)
  Time 28: (20, 14)
  Time 29: (21, 14)
  Time 30: (21, 15)
  Time 31: (22, 15)
  Time 32: (22, 16)
  Time 33: (23, 16)
  Time 34: (24, 16)
  Time 35: (25, 16)
  Time 36: (26, 16)
  Time 37: (27, 16)
  Time 38: (28, 16)
  Time 39: (29, 16)
  Time 40: (30, 16)
  Time 41: (30, 16)
  Time 42: (30, 16)
  Time 43: (30, 16)
  Time 44: (30, 16)
  Time 45: (30, 16)
  Time 46: (30, 16)

Agent 21 path:
  Time 0: (24, 20)
  Time 1: (24, 19)
  Time 2: (25, 19)
  Time 3: (26, 19)
  Time 4: (26, 18)
  Time 5: (27, 18)
  Time 6: (27, 19)
  Time 7: (28, 19)
  Time 8: (28, 19)
  Time 9: (29, 19)
  Time 10: (30, 19)
  Time 11: (30, 19)
  Time 12: (30, 19)
  Time 13: (30, 19)
  Time 14: (30, 19)
  Time 15: (30, 19)
  Time 16: (30, 19)
  Time 17: (30, 19)
  Time 18: (30, 19)
  Time 19: (30, 19)
  Time 20: (30, 19)
  Time 21: (30, 19)
  Time 22: (30, 19)
  Time 23: (30, 19)
  Time 24: (30, 19)
  Time 25: (30, 19)
  Time 26: (30, 19)
  Time 27: (30, 19)
  Time 28: (30, 19)
  Time 29: (30, 19)
  Time 30: (30, 19)
  Time 31: (30, 19)
  Time 32: (30, 19)
  Time 33: (30, 19)
  Time 34: (30, 19)
  Time 35: (30, 19)
  Time 36: (30, 19)
  Time 37: (30, 19)
  Time 38: (30, 19)
  Time 39: (30, 19)
  Time 40: (30, 19)
  Time 41: (30, 19)
  Time 42: (30, 19)
  Time 43: (30, 19)
  Time 44: (30, 19)
  Time 45: (30, 19)
  Time 46: (30, 19)

Agent 20 path:
  Time 0: (5, 8)
  Time 1: (6, 8)
  Time 2: (6, 9)
  Time 3: (6, 10)
  Time 4: (6, 11)
  Time 5: (6, 12)
  Time 6: (7, 12)
  Time 7: (7, 13)
  Time 8: (7, 14)
  Time 9: (7, 15)
  Time 10: (7, 16)
  Time 11: (7, 17)
  Time 12: (8, 17)
  Time 13: (9, 17)
  Time 14: (9, 18)
  Time 15: (10, 18)
  Time 16: (11, 18)
  Time 17: (12, 18)
  Time 18: (13, 18)
  Time 19: (13, 19)
  Time 20: (14, 19)
  Time 21: (15, 19)
  Time 22: (16, 19)
  Time 23: (17, 19)
  Time 24: (18, 19)
  Time 25: (19, 19)
  Time 26: (20, 19)
  Time 27: (21, 19)
  Time 28: (22, 19)
  Time 29: (23, 19)
  Time 30: (24, 19)
  Time 31: (25, 19)
  Time 32: (25, 20)
  Time 33: (26, 20)
  Time 34: (27, 20)
  Time 35: (28, 20)
  Time 36: (29, 20)
  Time 37: (30, 20)
  Time 38: (30, 21)
  Time 39: (30, 22)
  Time 40: (30, 22)
  Time 41: (30, 22)
  Time 42: (30, 22)
  Time 43: (30, 22)
  Time 44: (30, 22)
  Time 45: (30, 22)
  Time 46: (30, 22)

Agent 19 path:
  Time 0: (22, 19)
  Time 1: (23, 19)
  Time 2: (23, 19)
  Time 3: (23, 19)
  Time 4: (23, 19)
  Time 5: (24, 19)
  Time 6: (23, 19)
  Time 7: (23, 19)
  Time 8: (23, 19)
  Time 9: (23, 18)
  Time 10: (23, 19)
  Time 11: (24, 19)
  Time 12: (23, 19)
  Time 13: (23, 19)
  Time 14: (24, 19)
  Time 15: (23, 19)
  Time 16: (23, 19)
  Time 17: (23, 19)
  Time 18: (23, 19)
  Time 19: (23, 19)
  Time 20: (23, 19)
  Time 21: (23, 19)
  Time 22: (23, 19)
  Time 23: (23, 19)
  Time 24: (23, 19)
  Time 25: (23, 19)
  Time 26: (23, 19)
  Time 27: (23, 19)
  Time 28: (23, 19)
  Time 29: (23, 18)
  Time 30: (23, 19)
  Time 31: (23, 19)
  Time 32: (23, 19)
  Time 33: (23, 19)
  Time 34: (23, 19)
  Time 35: (23, 19)
  Time 36: (23, 19)
  Time 37: (23, 19)
  Time 38: (23, 19)
  Time 39: (23, 19)
  Time 40: (23, 19)
  Time 41: (23, 19)
  Time 42: (23, 19)
  Time 43: (23, 19)
  Time 44: (23, 19)
  Time 45: (23, 19)
  Time 46: (23, 19)

Agent 18 path:
  Time 0: (29, 28)
  Time 1: (29, 27)
  Time 2: (29, 27)
  Time 3: (28, 27)
  Time 4: (28, 26)
  Time 5: (27, 26)
  Time 6: (26, 26)
  Time 7: (25, 26)
  Time 8: (25, 25)
  Time 9: (24, 25)
  Time 10: (24, 24)
  Time 11: (23, 24)
  Time 12: (22, 24)
  Time 13: (22, 23)
  Time 14: (21, 23)
  Time 15: (20, 23)
  Time 16: (20, 22)
  Time 17: (19, 22)
  Time 18: (19, 21)
  Time 19: (19, 20)
  Time 20: (19, 19)
  Time 21: (19, 18)
  Time 22: (19, 17)
  Time 23: (20, 17)
  Time 24: (19, 17)
  Time 25: (19, 17)
  Time 26: (19, 17)
  Time 27: (19, 17)
  Time 28: (19, 17)
  Time 29: (19, 17)
  Time 30: (19, 17)
  Time 31: (19, 17)
  Time 32: (19, 17)
  Time 33: (19, 17)
  Time 34: (19, 17)
  Time 35: (19, 17)
  Time 36: (19, 17)
  Time 37: (19, 17)
  Time 38: (19, 17)
  Time 39: (19, 17)
  Time 40: (19, 17)
  Time 41: (19, 17)
  Time 42: (19, 17)
  Time 43: (19, 17)
  Time 44: (19, 17)
  Time 45: (19, 17)
  Time 46: (19, 17)

Agent 17 path:
  Time 0: (15, 0)
  Time 1: (14, 0)
  Time 2: (14, 1)
  Time 3: (14, 2)
  Time 4: (14, 3)
  Time 5: (13, 3)
  Time 6: (13, 4)
  Time 7: (13, 5)
  Time 8: (13, 6)
  Time 9: (12, 6)
  Time 10: (11, 6)
  Time 11: (11, 6)
  Time 12: (11, 6)
  Time 13: (10, 6)
  Time 14: (9, 6)
  Time 15: (9, 7)
  Time 16: (9, 7)
  Time 17: (10, 7)
  Time 18: (10, 7)
  Time 19: (9, 7)
  Time 20: (8, 7)
  Time 21: (7, 7)
  Time 22: (6, 7)
  Time 23: (6, 8)
  Time 24: (5, 8)
  Time 25: (4, 8)
  Time 26: (4, 9)
  Time 27: (3, 9)
  Time 28: (2, 9)
  Time 29: (1, 9)
  Time 30: (0, 9)
  Time 31: (0, 9)
  Time 32: (0, 9)
  Time 33: (0, 9)
  Time 34: (0, 9)
  Time 35: (0, 9)
  Time 36: (0, 9)
  Time 37: (0, 9)
  Time 38: (0, 9)
  Time 39: (0, 9)
  Time 40: (0, 9)
  Time 41: (0, 9)
  Time 42: (0, 9)
  Time 43: (0, 9)
  Time 44: (0, 9)
  Time 45: (0, 9)
  Time 46: (0, 9)

Agent 16 path:
  Time 0: (19, 13)
  Time 1: (19, 12)
  Time 2: (19, 11)
  Time 3: (20, 11)
  Time 4: (20, 11)
  Time 5: (21, 11)
  Time 6: (21, 10)
  Time 7: (21, 10)
  Time 8: (22, 10)
  Time 9: (22, 9)
  Time 10: (22, 8)
  Time 11: (23, 8)
  Time 12: (24, 8)
  Time 13: (25, 8)
  Time 14: (26, 8)
  Time 15: (27, 8)
  Time 16: (28, 8)
  Time 17: (28, 7)
  Time 18: (28, 7)
  Time 19: (28, 7)
  Time 20: (28, 7)
  Time 21: (28, 7)
  Time 22: (28, 7)
  Time 23: (28, 7)
  Time 24: (28, 7)
  Time 25: (28, 7)
  Time 26: (28, 7)
  Time 27: (28, 7)
  Time 28: (28, 7)
  Time 29: (28, 7)
  Time 30: (28, 7)
  Time 31: (28, 7)
  Time 32: (28, 7)
  Time 33: (28, 7)
  Time 34: (28, 7)
  Time 35: (28, 7)
  Time 36: (28, 7)
  Time 37: (28, 7)
  Time 38: (28, 7)
  Time 39: (28, 7)
  Time 40: (28, 7)
  Time 41: (28, 7)
  Time 42: (28, 7)
  Time 43: (28, 7)
  Time 44: (28, 7)
  Time 45: (28, 7)
  Time 46: (28, 7)

Agent 15 path:
  Time 0: (28, 12)
  Time 1: (27, 12)
  Time 2: (26, 12)
  Time 3: (25, 12)
  Time 4: (24, 12)
  Time 5: (23, 12)
  Time 6: (22, 12)
  Time 7: (21, 12)
  Time 8: (20, 12)
  Time 9: (19, 12)
  Time 10: (18, 12)
  Time 11: (17, 12)
  Time 12: (16, 12)
  Time 13: (15, 12)
  Time 14: (14, 12)
  Time 15: (13, 12)
  Time 16: (12, 12)
  Time 17: (11, 12)
  Time 18: (10, 12)
  Time 19: (10, 11)
  Time 20: (9, 11)
  Time 21: (8, 11)
  Time 22: (7, 11)
  Time 23: (7, 12)
  Time 24: (6, 12)
  Time 25: (5, 12)
  Time 26: (5, 12)
  Time 27: (5, 12)
  Time 28: (5, 12)
  Time 29: (5, 12)
  Time 30: (5, 12)
  Time 31: (5, 12)
  Time 32: (5, 12)
  Time 33: (5, 12)
  Time 34: (5, 12)
  Time 35: (5, 12)
  Time 36: (5, 12)
  Time 37: (5, 12)
  Time 38: (5, 12)
  Time 39: (5, 12)
  Time 40: (5, 12)
  Time 41: (5, 12)
  Time 42: (5, 12)
  Time 43: (5, 12)
  Time 44: (5, 12)
  Time 45: (5, 12)
  Time 46: (5, 12)

Agent 14 path:
  Time 0: (22, 31)
  Time 1: (22, 30)
  Time 2: (22, 29)
  Time 3: (22, 28)
  Time 4: (22, 27)
  Time 5: (21, 27)
  Time 6: (21, 26)
  Time 7: (20, 26)
  Time 8: (20, 25)
  Time 9: (19, 25)
  Time 10: (19, 24)
  Time 11: (19, 23)
  Time 12: (18, 23)
  Time 13: (17, 23)
  Time 14: (17, 22)
  Time 15: (17, 21)
  Time 16: (17, 20)
  Time 17: (17, 19)
  Time 18: (17, 18)
  Time 19: (17, 17)
  Time 20: (16, 17)
  Time 21: (16, 16)
  Time 22: (16, 15)
  Time 23: (16, 14)
  Time 24: (16, 13)
  Time 25: (16, 12)
  Time 26: (16, 11)
  Time 27: (16, 10)
  Time 28: (16, 10)
  Time 29: (16, 9)
  Time 30: (16, 8)
  Time 31: (16, 7)
  Time 32: (15, 7)
  Time 33: (15, 6)
  Time 34: (14, 6)
  Time 35: (13, 6)
  Time 36: (13, 5)
  Time 37: (13, 4)
  Time 38: (13, 3)
  Time 39: (12, 3)
  Time 40: (11, 3)
  Time 41: (11, 2)
  Time 42: (11, 1)
  Time 43: (11, 1)
  Time 44: (11, 1)
  Time 45: (11, 1)
  Time 46: (11, 1)

Agent 13 path:
  Time 0: (21, 7)
  Time 1: (20, 7)
  Time 2: (19, 7)
  Time 3: (19, 6)
  Time 4: (19, 6)
  Time 5: (19, 6)
  Time 6: (19, 6)
  Time 7: (19, 6)
  Time 8: (19, 6)
  Time 9: (19, 6)
  Time 10: (19, 6)
  Time 11: (19, 6)
  Time 12: (19, 6)
  Time 13: (19, 6)
  Time 14: (19, 6)
  Time 15: (19, 6)
  Time 16: (19, 6)
  Time 17: (19, 6)
  Time 18: (19, 6)
  Time 19: (19, 6)
  Time 20: (19, 6)
  Time 21: (19, 6)
  Time 22: (19, 6)
  Time 23: (19, 6)
  Time 24: (19, 6)
  Time 25: (19, 6)
  Time 26: (19, 6)
  Time 27: (19, 6)
  Time 28: (19, 6)
  Time 29: (19, 6)
  Time 30: (19, 6)
  Time 31: (19, 6)
  Time 32: (19, 6)
  Time 33: (19, 6)
  Time 34: (19, 6)
  Time 35: (19, 6)
  Time 36: (19, 6)
  Time 37: (19, 6)
  Time 38: (19, 6)
  Time 39: (19, 6)
  Time 40: (19, 6)
  Time 41: (19, 6)
  Time 42: (19, 6)
  Time 43: (19, 6)
  Time 44: (19, 6)
  Time 45: (19, 6)
  Time 46: (19, 6)

Agent 12 path:
  Time 0: (25, 30)
  Time 1: (24, 30)
  Time 2: (23, 30)
  Time 3: (22, 30)
  Time 4: (22, 29)
  Time 5: (22, 28)
  Time 6: (21, 28)
  Time 7: (20, 28)
  Time 8: (20, 27)
  Time 9: (20, 26)
  Time 10: (20, 25)
  Time 11: (19, 25)
  Time 12: (18, 25)
  Time 13: (17, 25)
  Time 14: (16, 25)
  Time 15: (15, 25)
  Time 16: (15, 24)
  Time 17: (15, 23)
  Time 18: (14, 23)
  Time 19: (14, 22)
  Time 20: (14, 21)
  Time 21: (14, 20)
  Time 22: (14, 20)
  Time 23: (14, 20)
  Time 24: (14, 20)
  Time 25: (13, 20)
  Time 26: (14, 20)
  Time 27: (14, 20)
  Time 28: (14, 20)
  Time 29: (14, 20)
  Time 30: (14, 20)
  Time 31: (14, 20)
  Time 32: (14, 20)
  Time 33: (14, 20)
  Time 34: (14, 20)
  Time 35: (14, 20)
  Time 36: (14, 20)
  Time 37: (14, 20)
  Time 38: (14, 20)
  Time 39: (14, 20)
  Time 40: (14, 20)
  Time 41: (14, 20)
  Time 42: (14, 20)
  Time 43: (14, 20)
  Time 44: (14, 20)
  Time 45: (14, 20)
  Time 46: (14, 20)

Agent 11 path:
  Time 0: (10, 6)
  Time 1: (10, 7)
  Time 2: (10, 8)
  Time 3: (10, 9)
  Time 4: (11, 9)
  Time 5: (11, 10)
  Time 6: (11, 11)
  Time 7: (11, 12)
  Time 8: (12, 12)
  Time 9: (13, 12)
  Time 10: (13, 13)
  Time 11: (14, 13)
  Time 12: (15, 13)
  Time 13: (16, 13)
  Time 14: (17, 13)
  Time 15: (17, 14)
  Time 16: (17, 15)
  Time 17: (17, 16)
  Time 18: (17, 16)
  Time 19: (17, 16)
  Time 20: (17, 17)
  Time 21: (17, 18)
  Time 22: (17, 18)
  Time 23: (17, 18)
  Time 24: (17, 19)
  Time 25: (17, 20)
  Time 26: (18, 20)
  Time 27: (18, 21)
  Time 28: (18, 22)
  Time 29: (18, 23)
  Time 30: (18, 24)
  Time 31: (18, 25)
  Time 32: (18, 26)
  Time 33: (18, 27)
  Time 34: (18, 28)
  Time 35: (18, 29)
  Time 36: (18, 29)
  Time 37: (18, 29)
  Time 38: (18, 29)
  Time 39: (18, 29)
  Time 40: (18, 29)
  Time 41: (18, 29)
  Time 42: (18, 29)
  Time 43: (18, 29)
  Time 44: (18, 29)
  Time 45: (18, 29)
  Time 46: (18, 29)

Agent 10 path:
  Time 0: (18, 21)
  Time 1: (18, 20)
  Time 2: (19, 20)
  Time 3: (19, 19)
  Time 4: (19, 18)
  Time 5: (19, 17)
  Time 6: (19, 16)
  Time 7: (19, 15)
  Time 8: (19, 14)
  Time 9: (18, 14)
  Time 10: (18, 13)
  Time 11: (18, 12)
  Time 12: (18, 11)
  Time 13: (18, 11)
  Time 14: (18, 11)
  Time 15: (18, 11)
  Time 16: (18, 11)
  Time 17: (18, 11)
  Time 18: (18, 11)
  Time 19: (18, 11)
  Time 20: (18, 11)
  Time 21: (18, 11)
  Time 22: (18, 11)
  Time 23: (18, 11)
  Time 24: (18, 10)
  Time 25: (18, 11)
  Time 26: (18, 11)
  Time 27: (18, 11)
  Time 28: (18, 11)
  Time 29: (18, 11)
  Time 30: (18, 11)
  Time 31: (18, 11)
  Time 32: (18, 11)
  Time 33: (18, 11)
  Time 34: (18, 11)
  Time 35: (18, 11)
  Time 36: (18, 11)
  Time 37: (18, 11)
  Time 38: (18, 11)
  Time 39: (18, 11)
  Time 40: (18, 11)
  Time 41: (18, 11)
  Time 42: (18, 11)
  Time 43: (18, 11)
  Time 44: (18, 11)
  Time 45: (18, 11)
  Time 46: (18, 11)

Agent 9 path:
  Time 0: (27, 17)
  Time 1: (26, 17)
  Time 2: (25, 17)
  Time 3: (24, 17)
  Time 4: (24, 16)
  Time 5: (23, 16)
  Time 6: (22, 16)
  Time 7: (21, 16)
  Time 8: (20, 16)
  Time 9: (19, 16)
  Time 10: (19, 16)
  Time 11: (20, 16)
  Time 12: (19, 16)
  Time 13: (19, 16)
  Time 14: (19, 15)
  Time 15: (19, 16)
  Time 16: (20, 16)
  Time 17: (20, 15)
  Time 18: (19, 15)
  Time 19: (19, 16)
  Time 20: (19, 16)
  Time 21: (19, 16)
  Time 22: (18, 16)
  Time 23: (19, 16)
  Time 24: (18, 16)
  Time 25: (19, 16)
  Time 26: (19, 16)
  Time 27: (19, 16)
  Time 28: (19, 16)
  Time 29: (19, 16)
  Time 30: (19, 16)
  Time 31: (19, 16)
  Time 32: (19, 16)
  Time 33: (19, 16)
  Time 34: (19, 16)
  Time 35: (19, 16)
  Time 36: (19, 16)
  Time 37: (19, 16)
  Time 38: (19, 16)
  Time 39: (19, 16)
  Time 40: (19, 16)
  Time 41: (19, 16)
  Time 42: (19, 16)
  Time 43: (19, 16)
  Time 44: (19, 16)
  Time 45: (19, 16)
  Time 46: (19, 16)

Agent 8 path:
  Time 0: (0, 31)
  Time 1: (0, 30)
  Time 2: (1, 30)
  Time 3: (2, 30)
  Time 4: (2, 29)
  Time 5: (2, 28)
  Time 6: (3, 28)
  Time 7: (4, 28)
  Time 8: (5, 28)
  Time 9: (6, 28)
  Time 10: (7, 28)
  Time 11: (8, 28)
  Time 12: (9, 28)
  Time 13: (9, 27)
  Time 14: (10, 27)
  Time 15: (11, 27)
  Time 16: (11, 26)
  Time 17: (11, 25)
  Time 18: (11, 24)
  Time 19: (11, 23)
  Time 20: (11, 22)
  Time 21: (12, 22)
  Time 22: (13, 22)
  Time 23: (13, 21)
  Time 24: (14, 21)
  Time 25: (14, 20)
  Time 26: (14, 19)
  Time 27: (15, 19)
  Time 28: (16, 19)
  Time 29: (17, 19)
  Time 30: (17, 18)
  Time 31: (17, 17)
  Time 32: (17, 16)
  Time 33: (17, 15)
  Time 34: (17, 14)
  Time 35: (17, 13)
  Time 36: (17, 12)
  Time 37: (17, 11)
  Time 38: (17, 10)
  Time 39: (17, 9)
  Time 40: (17, 8)
  Time 41: (17, 7)
  Time 42: (17, 6)
  Time 43: (17, 5)
  Time 44: (17, 4)
  Time 45: (17, 4)
  Time 46: (17, 4)

Agent 7 path:
  Time 0: (2, 23)
  Time 1: (3, 23)
  Time 2: (4, 23)
  Time 3: (5, 23)
  Time 4: (6, 23)
  Time 5: (6, 22)
  Time 6: (6, 21)
  Time 7: (6, 20)
  Time 8: (6, 19)
  Time 9: (6, 18)
  Time 10: (6, 17)
  Time 11: (6, 16)
  Time 12: (6, 15)
  Time 13: (7, 15)
  Time 14: (7, 14)
  Time 15: (7, 13)
  Time 16: (8, 13)
  Time 17: (9, 13)
  Time 18: (10, 13)
  Time 19: (10, 12)
  Time 20: (10, 11)
  Time 21: (11, 11)
  Time 22: (11, 10)
  Time 23: (12, 10)
  Time 24: (13, 10)
  Time 25: (14, 10)
  Time 26: (14, 9)
  Time 27: (15, 9)
  Time 28: (16, 9)
  Time 29: (16, 8)
  Time 30: (16, 7)
  Time 31: (16, 6)
  Time 32: (16, 5)
  Time 33: (17, 5)
  Time 34: (17, 4)
  Time 35: (17, 3)
  Time 36: (18, 3)
  Time 37: (18, 2)
  Time 38: (19, 2)
  Time 39: (20, 2)
  Time 40: (21, 2)
  Time 41: (22, 2)
  Time 42: (23, 2)
  Time 43: (24, 2)
  Time 44: (25, 2)
  Time 45: (26, 2)
  Time 46: (27, 2)

Agent 6 path:
  Time 0: (21, 0)
  Time 1: (21, 1)
  Time 2: (22, 1)
  Time 3: (23, 1)
  Time 4: (23, 1)
  Time 5: (23, 1)
  Time 6: (23, 1)
  Time 7: (23, 1)
  Time 8: (23, 1)
  Time 9: (23, 1)
  Time 10: (23, 1)
  Time 11: (23, 1)
  Time 12: (23, 1)
  Time 13: (23, 1)
  Time 14: (23, 1)
  Time 15: (23, 1)
  Time 16: (23, 1)
  Time 17: (23, 1)
  Time 18: (23, 1)
  Time 19: (23, 1)
  Time 20: (23, 1)
  Time 21: (23, 1)
  Time 22: (23, 1)
  Time 23: (23, 1)
  Time 24: (23, 1)
  Time 25: (23, 1)
  Time 26: (23, 1)
  Time 27: (23, 1)
  Time 28: (23, 1)
  Time 29: (23, 1)
  Time 30: (23, 1)
  Time 31: (23, 1)
  Time 32: (23, 1)
  Time 33: (23, 1)
  Time 34: (23, 1)
  Time 35: (23, 1)
  Time 36: (23, 1)
  Time 37: (23, 1)
  Time 38: (23, 1)
  Time 39: (23, 1)
  Time 40: (23, 1)
  Time 41: (23, 1)
  Time 42: (23, 1)
  Time 43: (23, 1)
  Time 44: (23, 1)
  Time 45: (23, 1)
  Time 46: (23, 1)

Agent 5 path:
  Time 0: (29, 17)
  Time 1: (29, 18)
  Time 2: (28, 18)
  Time 3: (27, 18)
  Time 4: (27, 19)
  Time 5: (27, 20)
  Time 6: (27, 21)
  Time 7: (27, 22)
  Time 8: (26, 22)
  Time 9: (26, 23)
  Time 10: (26, 24)
  Time 11: (26, 25)
  Time 12: (26, 26)
  Time 13: (26, 27)
  Time 14: (25, 27)
  Time 15: (24, 27)
  Time 16: (23, 27)
  Time 17: (22, 27)
  Time 18: (21, 27)
  Time 19: (20, 27)
  Time 20: (19, 27)
  Time 21: (18, 27)
  Time 22: (17, 27)
  Time 23: (16, 27)
  Time 24: (16, 28)
  Time 25: (15, 28)
  Time 26: (15, 29)
  Time 27: (14, 29)
  Time 28: (13, 29)
  Time 29: (12, 29)
  Time 30: (11, 29)
  Time 31: (11, 30)
  Time 32: (10, 30)
  Time 33: (9, 30)
  Time 34: (8, 30)
  Time 35: (7, 30)
  Time 36: (6, 30)
  Time 37: (5, 30)
  Time 38: (4, 30)
  Time 39: (3, 30)
  Time 40: (2, 30)
  Time 41: (1, 30)
  Time 42: (0, 30)
  Time 43: (0, 31)
  Time 44: (0, 31)
  Time 45: (0, 31)
  Time 46: (0, 31)

Agent 4 path:
  Time 0: (25, 2)
  Time 1: (25, 1)
  Time 2: (25, 0)
  Time 3: (26, 0)
  Time 4: (27, 0)
  Time 5: (28, 0)
  Time 6: (29, 0)
  Time 7: (30, 0)
  Time 8: (30, 0)
  Time 9: (30, 0)
  Time 10: (30, 0)
  Time 11: (30, 0)
  Time 12: (30, 0)
  Time 13: (30, 0)
  Time 14: (30, 0)
  Time 15: (30, 0)
  Time 16: (30, 0)
  Time 17: (30, 0)
  Time 18: (30, 0)
  Time 19: (30, 0)
  Time 20: (30, 0)
  Time 21: (30, 0)
  Time 22: (30, 0)
  Time 23: (30, 0)
  Time 24: (30, 0)
  Time 25: (30, 0)
  Time 26: (30, 0)
  Time 27: (30, 0)
  Time 28: (30, 0)
  Time 29: (30, 0)
  Time 30: (30, 0)
  Time 31: (30, 0)
  Time 32: (30, 0)
  Time 33: (30, 0)
  Time 34: (30, 0)
  Time 35: (30, 0)
  Time 36: (30, 0)
  Time 37: (30, 0)
  Time 38: (30, 0)
  Time 39: (30, 0)
  Time 40: (30, 0)
  Time 41: (30, 0)
  Time 42: (30, 0)
  Time 43: (30, 0)
  Time 44: (30, 0)
  Time 45: (30, 0)
  Time 46: (30, 0)

Agent 3 path:
  Time 0: (1, 18)
  Time 1: (1, 19)
  Time 2: (1, 20)
  Time 3: (2, 20)
  Time 4: (2, 21)
  Time 5: (2, 22)
  Time 6: (3, 22)
  Time 7: (3, 23)
  Time 8: (4, 23)
  Time 9: (5, 23)
  Time 10: (5, 24)
  Time 11: (6, 24)
  Time 12: (6, 25)
  Time 13: (7, 25)
  Time 14: (8, 25)
  Time 15: (9, 25)
  Time 16: (10, 25)
  Time 17: (10, 26)
  Time 18: (10, 27)
  Time 19: (10, 28)
  Time 20: (10, 29)
  Time 21: (11, 29)
  Time 22: (12, 29)
  Time 23: (13, 29)
  Time 24: (14, 29)
  Time 25: (15, 29)
  Time 26: (16, 29)
  Time 27: (17, 29)
  Time 28: (18, 29)
  Time 29: (19, 29)
  Time 30: (20, 29)
  Time 31: (21, 29)
  Time 32: (22, 29)
  Time 33: (23, 29)
  Time 34: (24, 29)
  Time 35: (25, 29)
  Time 36: (26, 29)
  Time 37: (27, 29)
  Time 38: (28, 29)
  Time 39: (29, 29)
  Time 40: (29, 29)
  Time 41: (29, 29)
  Time 42: (29, 29)
  Time 43: (29, 29)
  Time 44: (29, 29)
  Time 45: (29, 29)
  Time 46: (29, 29)

Agent 2 path:
  Time 0: (6, 16)
  Time 1: (6, 15)
  Time 2: (6, 14)
  Time 3: (6, 13)
  Time 4: (6, 12)
  Time 5: (7, 12)
  Time 6: (7, 11)
  Time 7: (8, 11)
  Time 8: (8, 10)
  Time 9: (9, 10)
  Time 10: (9, 9)
  Time 11: (10, 9)
  Time 12: (9, 9)
  Time 13: (9, 9)
  Time 14: (9, 9)
  Time 15: (9, 9)
  Time 16: (9, 9)
  Time 17: (10, 9)
  Time 18: (10, 8)
  Time 19: (10, 7)
  Time 20: (10, 6)
  Time 21: (11, 6)
  Time 22: (12, 6)
  Time 23: (13, 6)
  Time 24: (13, 5)
  Time 25: (13, 4)
  Time 26: (13, 4)
  Time 27: (13, 4)
  Time 28: (13, 3)
  Time 29: (14, 3)
  Time 30: (14, 3)
  Time 31: (15, 3)
  Time 32: (16, 3)
  Time 33: (16, 2)
  Time 34: (17, 2)
  Time 35: (18, 2)
  Time 36: (19, 2)
  Time 37: (20, 2)
  Time 38: (20, 1)
  Time 39: (20, 1)
  Time 40: (20, 1)
  Time 41: (20, 1)
  Time 42: (20, 1)
  Time 43: (20, 1)
  Time 44: (20, 1)
  Time 45: (20, 1)
  Time 46: (20, 1)

Agent 1 path:
  Time 0: (18, 23)
  Time 1: (19, 23)
  Time 2: (20, 23)
  Time 3: (21, 23)
  Time 4: (21, 24)
  Time 5: (22, 24)
  Time 6: (23, 24)
  Time 7: (24, 24)
  Time 8: (24, 23)
  Time 9: (24, 24)
  Time 10: (25, 24)
  Time 11: (26, 24)
  Time 12: (26, 23)
  Time 13: (27, 23)
  Time 14: (27, 23)
  Time 15: (27, 23)
  Time 16: (27, 23)
  Time 17: (27, 23)
  Time 18: (27, 23)
  Time 19: (27, 23)
  Time 20: (27, 23)
  Time 21: (27, 23)
  Time 22: (27, 23)
  Time 23: (27, 23)
  Time 24: (27, 23)
  Time 25: (27, 23)
  Time 26: (27, 23)
  Time 27: (27, 23)
  Time 28: (27, 23)
  Time 29: (27, 23)
  Time 30: (27, 23)
  Time 31: (27, 23)
  Time 32: (27, 23)
  Time 33: (27, 23)
  Time 34: (27, 23)
  Time 35: (27, 23)
  Time 36: (27, 23)
  Time 37: (27, 23)
  Time 38: (27, 23)
  Time 39: (27, 23)
  Time 40: (27, 23)
  Time 41: (27, 23)
  Time 42: (27, 23)
  Time 43: (27, 23)
  Time 44: (27, 23)
  Time 45: (27, 23)
  Time 46: (27, 23)

Agent 0 path:
  Time 0: (5, 30)
  Time 1: (6, 30)
  Time 2: (6, 29)
  Time 3: (6, 28)
  Time 4: (7, 28)
  Time 5: (8, 28)
  Time 6: (9, 28)
  Time 7: (10, 28)
  Time 8: (11, 28)
  Time 9: (12, 28)
  Time 10: (13, 28)
  Time 11: (14, 28)
  Time 12: (14, 28)
  Time 13: (14, 28)
  Time 14: (14, 28)
  Time 15: (14, 28)
  Time 16: (14, 28)
  Time 17: (14, 28)
  Time 18: (14, 28)
  Time 19: (14, 28)
  Time 20: (14, 29)
  Time 21: (14, 28)
  Time 22: (14, 28)
  Time 23: (14, 28)
  Time 24: (14, 28)
  Time 25: (14, 28)
  Time 26: (14, 28)
  Time 27: (14, 28)
  Time 28: (14, 28)
  Time 29: (14, 28)
  Time 30: (14, 28)
  Time 31: (14, 28)
  Time 32: (14, 28)
  Time 33: (14, 28)
  Time 34: (14, 28)
  Time 35: (14, 28)
  Time 36: (14, 28)
  Time 37: (14, 28)
  Time 38: (14, 28)
  Time 39: (14, 28)
  Time 40: (14, 28)
  Time 41: (14, 28)
  Time 42: (14, 28)
  Time 43: (14, 28)
  Time 44: (14, 28)
  Time 45: (14, 28)
  Time 46: (14, 28)

[LNS] All conflicts resolved
[VerificationHelpers] Verifying Agent 79 path
[VerificationHelpers] Verifying Agent 78 path
[VerificationHelpers] Verifying Agent 77 path
[VerificationHelpers] Verifying Agent 76 path
[VerificationHelpers] Verifying Agent 75 path
[VerificationHelpers] Verifying Agent 74 path
[VerificationHelpers] Verifying Agent 73 path
[VerificationHelpers] Verifying Agent 72 path
[VerificationHelpers] Verifying Agent 71 path
[VerificationHelpers] Verifying Agent 70 path
[VerificationHelpers] Verifying Agent 69 path
[VerificationHelpers] Verifying Agent 68 path
[VerificationHelpers] Verifying Agent 67 path
[VerificationHelpers] Verifying Agent 66 path
[VerificationHelpers] Verifying Agent 65 path
[VerificationHelpers] Verifying Agent 64 path
[VerificationHelpers] Verifying Agent 63 path
[VerificationHelpers] Verifying Agent 62 path
[VerificationHelpers] Verifying Agent 61 path
[VerificationHelpers] Verifying Agent 60 path
[VerificationHelpers] Verifying Agent 59 path
[VerificationHelpers] Verifying Agent 58 path
[VerificationHelpers] Verifying Agent 57 path
[VerificationHelpers] Verifying Agent 56 path
[VerificationHelpers] Verifying Agent 55 path
[VerificationHelpers] Verifying Agent 54 path
[VerificationHelpers] Verifying Agent 53 path
[VerificationHelpers] Verifying Agent 52 path
[VerificationHelpers] Verifying Agent 51 path
[VerificationHelpers] Verifying Agent 50 path
[VerificationHelpers] Verifying Agent 49 path
[VerificationHelpers] Verifying Agent 48 path
[VerificationHelpers] Verifying Agent 47 path
[VerificationHelpers] Verifying Agent 46 path
[VerificationHelpers] Verifying Agent 45 path
[VerificationHelpers] Verifying Agent 44 path
[VerificationHelpers] Verifying Agent 43 path
[VerificationHelpers] Verifying Agent 42 path
[VerificationHelpers] Verifying Agent 41 path
[VerificationHelpers] Verifying Agent 40 path
[VerificationHelpers] Verifying Agent 39 path
[VerificationHelpers] Verifying Agent 38 path
[VerificationHelpers] Verifying Agent 37 path
[VerificationHelpers] Verifying Agent 36 path
[VerificationHelpers] Verifying Agent 35 path
[VerificationHelpers] Verifying Agent 34 path
[VerificationHelpers] Verifying Agent 33 path
[VerificationHelpers] Verifying Agent 32 path
[VerificationHelpers] Verifying Agent 31 path
[VerificationHelpers] Verifying Agent 30 path
[VerificationHelpers] Verifying Agent 29 path
[VerificationHelpers] Verifying Agent 28 path
[VerificationHelpers] Verifying Agent 27 path
[VerificationHelpers] Verifying Agent 26 path
[VerificationHelpers] Verifying Agent 25 path
[VerificationHelpers] Verifying Agent 24 path
[VerificationHelpers] Verifying Agent 23 path
[VerificationHelpers] Verifying Agent 22 path
[VerificationHelpers] Verifying Agent 21 path
[VerificationHelpers] Verifying Agent 20 path
[VerificationHelpers] Verifying Agent 19 path
[VerificationHelpers] Verifying Agent 18 path
[VerificationHelpers] Verifying Agent 17 path
[VerificationHelpers] Verifying Agent 16 path
[VerificationHelpers] Verifying Agent 15 path
[VerificationHelpers] Verifying Agent 14 path
[VerificationHelpers] Verifying Agent 13 path
[VerificationHelpers] Verifying Agent 12 path
[VerificationHelpers] Verifying Agent 11 path
[VerificationHelpers] Verifying Agent 10 path
[VerificationHelpers] Verifying Agent 9 path
[VerificationHelpers] Verifying Agent 8 path
[VerificationHelpers] Verifying Agent 7 path
[VerificationHelpers] Verifying Agent 6 path
[VerificationHelpers] Verifying Agent 5 path
[VerificationHelpers] Verifying Agent 4 path
[VerificationHelpers] Verifying Agent 3 path
[VerificationHelpers] Verifying Agent 2 path
[VerificationHelpers] Verifying Agent 1 path
[VerificationHelpers] Verifying Agent 0 path
[LNS] Collision-free solution found at makespan 46
[LNS] Final agent paths:

=== Agent Paths ===
Agent 79 path:
  Time 0: (9, 15)
  Time 1: (9, 16)
  Time 2: (10, 16)
  Time 3: (11, 16)
  Time 4: (12, 16)
  Time 5: (13, 16)
  Time 6: (14, 16)
  Time 7: (15, 16)
  Time 8: (16, 16)
  Time 9: (17, 16)
  Time 10: (18, 16)
  Time 11: (19, 16)
  Time 12: (19, 15)
  Time 13: (20, 15)
  Time 14: (21, 15)
  Time 15: (22, 15)
  Time 16: (23, 15)
  Time 17: (24, 15)
  Time 18: (25, 15)
  Time 19: (25, 14)
  Time 20: (25, 14)
  Time 21: (25, 14)
  Time 22: (25, 14)
  Time 23: (25, 14)
  Time 24: (25, 14)
  Time 25: (25, 14)
  Time 26: (25, 14)
  Time 27: (25, 14)
  Time 28: (25, 14)
  Time 29: (25, 14)
  Time 30: (25, 14)
  Time 31: (25, 14)
  Time 32: (25, 14)
  Time 33: (25, 14)
  Time 34: (25, 14)
  Time 35: (25, 14)
  Time 36: (25, 14)
  Time 37: (25, 14)
  Time 38: (25, 14)
  Time 39: (25, 14)
  Time 40: (25, 14)
  Time 41: (25, 14)
  Time 42: (25, 14)
  Time 43: (25, 14)
  Time 44: (25, 14)
  Time 45: (25, 14)
  Time 46: (25, 14)

Agent 78 path:
  Time 0: (12, 1)
  Time 1: (13, 1)
  Time 2: (13, 1)
  Time 3: (14, 1)
  Time 4: (15, 1)
  Time 5: (15, 2)
  Time 6: (16, 2)
  Time 7: (17, 2)
  Time 8: (18, 2)
  Time 9: (19, 2)
  Time 10: (20, 2)
  Time 11: (21, 2)
  Time 12: (22, 2)
  Time 13: (23, 2)
  Time 14: (24, 2)
  Time 15: (25, 2)
  Time 16: (26, 2)
  Time 17: (27, 2)
  Time 18: (27, 1)
  Time 19: (28, 1)
  Time 20: (29, 1)
  Time 21: (30, 1)
  Time 22: (31, 1)
  Time 23: (31, 1)
  Time 24: (31, 1)
  Time 25: (31, 1)
  Time 26: (31, 1)
  Time 27: (31, 1)
  Time 28: (31, 1)
  Time 29: (31, 1)
  Time 30: (31, 1)
  Time 31: (31, 1)
  Time 32: (31, 1)
  Time 33: (31, 1)
  Time 34: (31, 1)
  Time 35: (31, 1)
  Time 36: (31, 1)
  Time 37: (31, 1)
  Time 38: (31, 1)
  Time 39: (31, 1)
  Time 40: (31, 1)
  Time 41: (31, 1)
  Time 42: (31, 1)
  Time 43: (31, 1)
  Time 44: (31, 1)
  Time 45: (31, 1)
  Time 46: (31, 1)

Agent 77 path:
  Time 0: (5, 26)
  Time 1: (6, 26)
  Time 2: (7, 26)
  Time 3: (7, 27)
  Time 4: (7, 27)
  Time 5: (8, 27)
  Time 6: (8, 28)
  Time 7: (9, 28)
  Time 8: (10, 28)
  Time 9: (10, 29)
  Time 10: (11, 29)
  Time 11: (12, 29)
  Time 12: (12, 29)
  Time 13: (12, 29)
  Time 14: (12, 29)
  Time 15: (12, 28)
  Time 16: (12, 29)
  Time 17: (12, 29)
  Time 18: (12, 29)
  Time 19: (12, 29)
  Time 20: (12, 29)
  Time 21: (12, 29)
  Time 22: (12, 28)
  Time 23: (12, 29)
  Time 24: (12, 29)
  Time 25: (12, 29)
  Time 26: (12, 29)
  Time 27: (12, 29)
  Time 28: (12, 29)
  Time 29: (12, 28)
  Time 30: (12, 29)
  Time 31: (12, 29)
  Time 32: (12, 29)
  Time 33: (12, 29)
  Time 34: (12, 29)
  Time 35: (12, 29)
  Time 36: (12, 29)
  Time 37: (12, 29)
  Time 38: (12, 29)
  Time 39: (12, 29)
  Time 40: (12, 29)
  Time 41: (12, 29)
  Time 42: (12, 29)
  Time 43: (12, 29)
  Time 44: (12, 29)
  Time 45: (12, 29)
  Time 46: (12, 29)

Agent 76 path:
  Time 0: (17, 19)
  Time 1: (17, 18)
  Time 2: (17, 17)
  Time 3: (16, 17)
  Time 4: (15, 17)
  Time 5: (14, 17)
  Time 6: (14, 17)
  Time 7: (14, 16)
  Time 8: (13, 16)
  Time 9: (13, 17)
  Time 10: (12, 17)
  Time 11: (11, 17)
  Time 12: (11, 16)
  Time 13: (11, 16)
  Time 14: (11, 16)
  Time 15: (11, 16)
  Time 16: (10, 16)
  Time 17: (11, 16)
  Time 18: (10, 16)
  Time 19: (11, 16)
  Time 20: (11, 16)
  Time 21: (11, 16)
  Time 22: (11, 16)
  Time 23: (11, 16)
  Time 24: (11, 16)
  Time 25: (11, 16)
  Time 26: (11, 16)
  Time 27: (11, 16)
  Time 28: (11, 16)
  Time 29: (11, 16)
  Time 30: (11, 16)
  Time 31: (11, 16)
  Time 32: (11, 16)
  Time 33: (11, 16)
  Time 34: (11, 16)
  Time 35: (11, 16)
  Time 36: (11, 16)
  Time 37: (11, 16)
  Time 38: (11, 16)
  Time 39: (11, 16)
  Time 40: (11, 16)
  Time 41: (11, 16)
  Time 42: (11, 16)
  Time 43: (11, 16)
  Time 44: (11, 16)
  Time 45: (11, 16)
  Time 46: (11, 16)

Agent 75 path:
  Time 0: (0, 16)
  Time 1: (0, 15)
  Time 2: (1, 15)
  Time 3: (1, 14)
  Time 4: (2, 14)
  Time 5: (3, 14)
  Time 6: (3, 13)
  Time 7: (3, 12)
  Time 8: (4, 12)
  Time 9: (4, 11)
  Time 10: (5, 11)
  Time 11: (5, 10)
  Time 12: (6, 10)
  Time 13: (6, 9)
  Time 14: (6, 8)
  Time 15: (6, 7)
  Time 16: (7, 7)
  Time 17: (8, 7)
  Time 18: (9, 7)
  Time 19: (9, 6)
  Time 20: (9, 7)
  Time 21: (9, 6)
  Time 22: (10, 6)
  Time 23: (10, 7)
  Time 24: (10, 6)
  Time 25: (10, 5)
  Time 26: (10, 4)
  Time 27: (11, 4)
  Time 28: (12, 4)
  Time 29: (12, 3)
  Time 30: (13, 3)
  Time 31: (14, 3)
  Time 32: (15, 3)
  Time 33: (15, 2)
  Time 34: (15, 1)
  Time 35: (15, 0)
  Time 36: (15, 0)
  Time 37: (15, 0)
  Time 38: (15, 0)
  Time 39: (15, 0)
  Time 40: (15, 0)
  Time 41: (15, 0)
  Time 42: (15, 0)
  Time 43: (15, 0)
  Time 44: (15, 0)
  Time 45: (15, 0)
  Time 46: (15, 0)

Agent 74 path:
  Time 0: (13, 20)
  Time 1: (13, 19)
  Time 2: (12, 19)
  Time 3: (11, 19)
  Time 4: (10, 19)
  Time 5: (10, 18)
  Time 6: (9, 18)
  Time 7: (9, 17)
  Time 8: (9, 16)
  Time 9: (9, 16)
  Time 10: (8, 16)
  Time 11: (7, 16)
  Time 12: (6, 16)
  Time 13: (5, 16)
  Time 14: (5, 15)
  Time 15: (5, 14)
  Time 16: (5, 14)
  Time 17: (5, 14)
  Time 18: (5, 14)
  Time 19: (5, 14)
  Time 20: (5, 14)
  Time 21: (5, 14)
  Time 22: (5, 14)
  Time 23: (5, 14)
  Time 24: (5, 14)
  Time 25: (5, 14)
  Time 26: (5, 14)
  Time 27: (5, 14)
  Time 28: (5, 14)
  Time 29: (5, 14)
  Time 30: (5, 14)
  Time 31: (5, 14)
  Time 32: (5, 14)
  Time 33: (5, 14)
  Time 34: (5, 14)
  Time 35: (5, 14)
  Time 36: (5, 14)
  Time 37: (5, 14)
  Time 38: (5, 14)
  Time 39: (5, 14)
  Time 40: (5, 14)
  Time 41: (5, 14)
  Time 42: (5, 14)
  Time 43: (5, 14)
  Time 44: (5, 14)
  Time 45: (5, 14)
  Time 46: (5, 14)

Agent 73 path:
  Time 0: (17, 5)
  Time 1: (17, 6)
  Time 2: (17, 7)
  Time 3: (17, 8)
  Time 4: (16, 8)
  Time 5: (16, 9)
  Time 6: (15, 9)
  Time 7: (15, 10)
  Time 8: (14, 10)
  Time 9: (13, 10)
  Time 10: (12, 10)
  Time 11: (12, 10)
  Time 12: (12, 10)
  Time 13: (12, 10)
  Time 14: (12, 10)
  Time 15: (12, 10)
  Time 16: (12, 10)
  Time 17: (13, 10)
  Time 18: (14, 10)
  Time 19: (15, 10)
  Time 20: (15, 11)
  Time 21: (15, 11)
  Time 22: (15, 10)
  Time 23: (14, 10)
  Time 24: (14, 10)
  Time 25: (14, 11)
  Time 26: (14, 12)
  Time 27: (14, 12)
  Time 28: (14, 11)
  Time 29: (14, 10)
  Time 30: (13, 10)
  Time 31: (12, 10)
  Time 32: (12, 10)
  Time 33: (12, 10)
  Time 34: (12, 10)
  Time 35: (12, 10)
  Time 36: (12, 10)
  Time 37: (12, 10)
  Time 38: (12, 10)
  Time 39: (12, 10)
  Time 40: (12, 10)
  Time 41: (12, 10)
  Time 42: (12, 10)
  Time 43: (12, 10)
  Time 44: (12, 10)
  Time 45: (12, 10)
  Time 46: (12, 10)

Agent 72 path:
  Time 0: (29, 14)
  Time 1: (29, 13)
  Time 2: (28, 13)
  Time 3: (28, 12)
  Time 4: (28, 11)
  Time 5: (28, 10)
  Time 6: (28, 9)
  Time 7: (28, 8)
  Time 8: (27, 8)
  Time 9: (26, 8)
  Time 10: (26, 7)
  Time 11: (25, 7)
  Time 12: (24, 7)
  Time 13: (23, 7)
  Time 14: (23, 6)
  Time 15: (23, 5)
  Time 16: (22, 5)
  Time 17: (21, 5)
  Time 18: (20, 5)
  Time 19: (19, 5)
  Time 20: (18, 5)
  Time 21: (17, 5)
  Time 22: (16, 5)
  Time 23: (16, 4)
  Time 24: (16, 3)
  Time 25: (15, 3)
  Time 26: (14, 3)
  Time 27: (13, 3)
  Time 28: (12, 3)
  Time 29: (11, 3)
  Time 30: (10, 3)
  Time 31: (9, 3)
  Time 32: (8, 3)
  Time 33: (7, 3)
  Time 34: (7, 2)
  Time 35: (6, 2)
  Time 36: (5, 2)
  Time 37: (4, 2)
  Time 38: (3, 2)
  Time 39: (2, 2)
  Time 40: (1, 2)
  Time 41: (1, 2)
  Time 42: (1, 2)
  Time 43: (1, 2)
  Time 44: (1, 2)
  Time 45: (1, 2)
  Time 46: (1, 2)

Agent 71 path:
  Time 0: (4, 1)
  Time 1: (4, 2)
  Time 2: (5, 2)
  Time 3: (5, 3)
  Time 4: (6, 3)
  Time 5: (7, 3)
  Time 6: (7, 4)
  Time 7: (8, 4)
  Time 8: (9, 4)
  Time 9: (10, 4)
  Time 10: (10, 5)
  Time 11: (10, 6)
  Time 12: (10, 7)
  Time 13: (10, 8)
  Time 14: (10, 9)
  Time 15: (10, 10)
  Time 16: (11, 10)
  Time 17: (12, 10)
  Time 18: (13, 10)
  Time 19: (14, 10)
  Time 20: (15, 10)
  Time 21: (16, 10)
  Time 22: (16, 11)
  Time 23: (17, 11)
  Time 24: (18, 11)
  Time 25: (19, 11)
  Time 26: (20, 11)
  Time 27: (21, 11)
  Time 28: (22, 11)
  Time 29: (23, 11)
  Time 30: (24, 11)
  Time 31: (25, 11)
  Time 32: (26, 11)
  Time 33: (27, 11)
  Time 34: (28, 11)
  Time 35: (29, 11)
  Time 36: (29, 11)
  Time 37: (29, 11)
  Time 38: (29, 11)
  Time 39: (29, 11)
  Time 40: (29, 11)
  Time 41: (29, 11)
  Time 42: (29, 11)
  Time 43: (29, 11)
  Time 44: (29, 11)
  Time 45: (29, 11)
  Time 46: (29, 11)

Agent 70 path:
  Time 0: (30, 12)
  Time 1: (29, 12)
  Time 2: (29, 13)
  Time 3: (28, 13)
  Time 4: (27, 13)
  Time 5: (27, 14)
  Time 6: (27, 15)
  Time 7: (26, 15)
  Time 8: (26, 16)
  Time 9: (25, 16)
  Time 10: (25, 17)
  Time 11: (25, 18)
  Time 12: (24, 18)
  Time 13: (23, 18)
  Time 14: (23, 19)
  Time 15: (22, 19)
  Time 16: (22, 20)
  Time 17: (22, 21)
  Time 18: (21, 21)
  Time 19: (21, 22)
  Time 20: (20, 22)
  Time 21: (19, 22)
  Time 22: (19, 23)
  Time 23: (19, 24)
  Time 24: (19, 25)
  Time 25: (18, 25)
  Time 26: (18, 26)
  Time 27: (18, 27)
  Time 28: (18, 28)
  Time 29: (18, 29)
  Time 30: (18, 30)
  Time 31: (17, 30)
  Time 32: (16, 30)
  Time 33: (16, 30)
  Time 34: (16, 30)
  Time 35: (16, 30)
  Time 36: (16, 30)
  Time 37: (16, 30)
  Time 38: (16, 30)
  Time 39: (16, 30)
  Time 40: (16, 30)
  Time 41: (16, 30)
  Time 42: (16, 30)
  Time 43: (16, 30)
  Time 44: (16, 30)
  Time 45: (16, 30)
  Time 46: (16, 30)

Agent 69 path:
  Time 0: (17, 14)
  Time 1: (17, 13)
  Time 2: (17, 12)
  Time 3: (17, 11)
  Time 4: (17, 10)
  Time 5: (17, 9)
  Time 6: (17, 8)
  Time 7: (17, 7)
  Time 8: (17, 6)
  Time 9: (17, 5)
  Time 10: (17, 4)
  Time 11: (17, 3)
  Time 12: (17, 2)
  Time 13: (17, 1)
  Time 14: (17, 1)
  Time 15: (17, 1)
  Time 16: (17, 1)
  Time 17: (17, 1)
  Time 18: (17, 1)
  Time 19: (17, 1)
  Time 20: (17, 1)
  Time 21: (17, 1)
  Time 22: (17, 1)
  Time 23: (17, 1)
  Time 24: (17, 1)
  Time 25: (17, 1)
  Time 26: (17, 1)
  Time 27: (17, 1)
  Time 28: (17, 1)
  Time 29: (17, 1)
  Time 30: (17, 1)
  Time 31: (17, 1)
  Time 32: (17, 1)
  Time 33: (17, 1)
  Time 34: (17, 1)
  Time 35: (17, 1)
  Time 36: (17, 1)
  Time 37: (17, 1)
  Time 38: (17, 1)
  Time 39: (17, 1)
  Time 40: (17, 1)
  Time 41: (17, 1)
  Time 42: (17, 1)
  Time 43: (17, 1)
  Time 44: (17, 1)
  Time 45: (17, 1)
  Time 46: (17, 1)

Agent 68 path:
  Time 0: (21, 14)
  Time 1: (21, 15)
  Time 2: (22, 15)
  Time 3: (23, 15)
  Time 4: (24, 15)
  Time 5: (25, 15)
  Time 6: (25, 15)
  Time 7: (25, 15)
  Time 8: (25, 15)
  Time 9: (25, 15)
  Time 10: (25, 15)
  Time 11: (25, 15)
  Time 12: (25, 15)
  Time 13: (25, 15)
  Time 14: (25, 15)
  Time 15: (25, 15)
  Time 16: (25, 15)
  Time 17: (25, 15)
  Time 18: (26, 15)
  Time 19: (25, 15)
  Time 20: (25, 15)
  Time 21: (25, 15)
  Time 22: (25, 15)
  Time 23: (24, 15)
  Time 24: (25, 15)
  Time 25: (25, 15)
  Time 26: (25, 15)
  Time 27: (25, 15)
  Time 28: (25, 15)
  Time 29: (25, 15)
  Time 30: (25, 15)
  Time 31: (25, 15)
  Time 32: (25, 15)
  Time 33: (25, 15)
  Time 34: (25, 15)
  Time 35: (25, 15)
  Time 36: (25, 15)
  Time 37: (25, 15)
  Time 38: (25, 15)
  Time 39: (25, 15)
  Time 40: (25, 15)
  Time 41: (25, 15)
  Time 42: (25, 15)
  Time 43: (25, 15)
  Time 44: (25, 15)
  Time 45: (25, 15)
  Time 46: (25, 15)

Agent 67 path:
  Time 0: (19, 15)
  Time 1: (19, 14)
  Time 2: (18, 14)
  Time 3: (18, 13)
  Time 4: (18, 13)
  Time 5: (18, 13)
  Time 6: (18, 13)
  Time 7: (18, 13)
  Time 8: (18, 14)
  Time 9: (18, 13)
  Time 10: (17, 13)
  Time 11: (18, 13)
  Time 12: (18, 13)
  Time 13: (18, 13)
  Time 14: (18, 13)
  Time 15: (18, 13)
  Time 16: (18, 13)
  Time 17: (18, 13)
  Time 18: (18, 13)
  Time 19: (18, 12)
  Time 20: (18, 13)
  Time 21: (18, 13)
  Time 22: (18, 13)
  Time 23: (18, 13)
  Time 24: (18, 13)
  Time 25: (18, 13)
  Time 26: (18, 12)
  Time 27: (18, 13)
  Time 28: (18, 13)
  Time 29: (18, 13)
  Time 30: (18, 13)
  Time 31: (18, 13)
  Time 32: (18, 13)
  Time 33: (18, 13)
  Time 34: (18, 13)
  Time 35: (18, 13)
  Time 36: (18, 13)
  Time 37: (18, 13)
  Time 38: (18, 13)
  Time 39: (18, 13)
  Time 40: (18, 13)
  Time 41: (18, 13)
  Time 42: (18, 13)
  Time 43: (18, 13)
  Time 44: (18, 13)
  Time 45: (18, 13)
  Time 46: (18, 13)

Agent 66 path:
  Time 0: (19, 11)
  Time 1: (18, 11)
  Time 2: (17, 11)
  Time 3: (16, 11)
  Time 4: (15, 11)
  Time 5: (15, 12)
  Time 6: (15, 13)
  Time 7: (15, 14)
  Time 8: (14, 14)
  Time 9: (13, 14)
  Time 10: (13, 15)
  Time 11: (13, 16)
  Time 12: (12, 16)
  Time 13: (12, 17)
  Time 14: (12, 18)
  Time 15: (12, 19)
  Time 16: (11, 19)
  Time 17: (10, 19)
  Time 18: (10, 20)
  Time 19: (10, 21)
  Time 20: (10, 22)
  Time 21: (10, 23)
  Time 22: (10, 24)
  Time 23: (10, 24)
  Time 24: (10, 25)
  Time 25: (10, 26)
  Time 26: (10, 27)
  Time 27: (10, 28)
  Time 28: (10, 29)
  Time 29: (10, 29)
  Time 30: (10, 29)
  Time 31: (10, 29)
  Time 32: (10, 29)
  Time 33: (10, 29)
  Time 34: (10, 29)
  Time 35: (10, 29)
  Time 36: (10, 29)
  Time 37: (10, 29)
  Time 38: (10, 29)
  Time 39: (10, 29)
  Time 40: (10, 29)
  Time 41: (10, 29)
  Time 42: (10, 29)
  Time 43: (10, 29)
  Time 44: (10, 29)
  Time 45: (10, 29)
  Time 46: (10, 29)

Agent 65 path:
  Time 0: (24, 13)
  Time 1: (25, 13)
  Time 2: (25, 14)
  Time 3: (25, 15)
  Time 4: (25, 16)
  Time 5: (25, 17)
  Time 6: (25, 18)
  Time 7: (25, 18)
  Time 8: (25, 19)
  Time 9: (25, 20)
  Time 10: (25, 21)
  Time 11: (25, 22)
  Time 12: (25, 23)
  Time 13: (26, 23)
  Time 14: (26, 24)
  Time 15: (26, 25)
  Time 16: (26, 26)
  Time 17: (26, 26)
  Time 18: (26, 26)
  Time 19: (26, 26)
  Time 20: (26, 26)
  Time 21: (26, 26)
  Time 22: (26, 26)
  Time 23: (26, 26)
  Time 24: (26, 26)
  Time 25: (26, 26)
  Time 26: (26, 26)
  Time 27: (26, 26)
  Time 28: (26, 26)
  Time 29: (26, 26)
  Time 30: (26, 26)
  Time 31: (26, 26)
  Time 32: (26, 26)
  Time 33: (26, 26)
  Time 34: (26, 26)
  Time 35: (26, 26)
  Time 36: (26, 26)
  Time 37: (26, 26)
  Time 38: (26, 26)
  Time 39: (26, 26)
  Time 40: (26, 26)
  Time 41: (26, 26)
  Time 42: (26, 26)
  Time 43: (26, 26)
  Time 44: (26, 26)
  Time 45: (26, 26)
  Time 46: (26, 26)

Agent 64 path:
  Time 0: (31, 27)
  Time 1: (30, 27)
  Time 2: (30, 26)
  Time 3: (29, 26)
  Time 4: (29, 25)
  Time 5: (28, 25)
  Time 6: (27, 25)
  Time 7: (27, 24)
  Time 8: (27, 24)
  Time 9: (27, 24)
  Time 10: (27, 24)
  Time 11: (27, 24)
  Time 12: (27, 24)
  Time 13: (27, 24)
  Time 14: (27, 24)
  Time 15: (27, 24)
  Time 16: (27, 24)
  Time 17: (27, 24)
  Time 18: (27, 25)
  Time 19: (27, 24)
  Time 20: (27, 24)
  Time 21: (27, 24)
  Time 22: (27, 24)
  Time 23: (27, 24)
  Time 24: (27, 24)
  Time 25: (27, 24)
  Time 26: (27, 24)
  Time 27: (27, 24)
  Time 28: (27, 24)
  Time 29: (27, 24)
  Time 30: (27, 24)
  Time 31: (27, 24)
  Time 32: (27, 24)
  Time 33: (27, 24)
  Time 34: (27, 24)
  Time 35: (27, 24)
  Time 36: (27, 24)
  Time 37: (27, 24)
  Time 38: (27, 24)
  Time 39: (27, 24)
  Time 40: (27, 24)
  Time 41: (27, 24)
  Time 42: (27, 24)
  Time 43: (27, 24)
  Time 44: (27, 24)
  Time 45: (27, 24)
  Time 46: (27, 24)

Agent 63 path:
  Time 0: (2, 11)
  Time 1: (3, 11)
  Time 2: (3, 10)
  Time 3: (3, 9)
  Time 4: (3, 9)
  Time 5: (3, 9)
  Time 6: (3, 9)
  Time 7: (3, 9)
  Time 8: (3, 9)
  Time 9: (3, 9)
  Time 10: (3, 9)
  Time 11: (3, 9)
  Time 12: (3, 9)
  Time 13: (3, 9)
  Time 14: (3, 9)
  Time 15: (3, 9)
  Time 16: (3, 9)
  Time 17: (3, 9)
  Time 18: (3, 9)
  Time 19: (3, 9)
  Time 20: (3, 9)
  Time 21: (3, 9)
  Time 22: (3, 9)
  Time 23: (3, 9)
  Time 24: (4, 9)
  Time 25: (3, 9)
  Time 26: (3, 9)
  Time 27: (3, 8)
  Time 28: (3, 9)
  Time 29: (3, 9)
  Time 30: (3, 9)
  Time 31: (3, 9)
  Time 32: (3, 9)
  Time 33: (3, 9)
  Time 34: (3, 9)
  Time 35: (3, 9)
  Time 36: (3, 9)
  Time 37: (3, 9)
  Time 38: (3, 9)
  Time 39: (3, 9)
  Time 40: (3, 9)
  Time 41: (3, 9)
  Time 42: (3, 9)
  Time 43: (3, 9)
  Time 44: (3, 9)
  Time 45: (3, 9)
  Time 46: (3, 9)

Agent 62 path:
  Time 0: (24, 26)
  Time 1: (24, 25)
  Time 2: (25, 25)
  Time 3: (25, 24)
  Time 4: (25, 23)
  Time 5: (25, 22)
  Time 6: (25, 21)
  Time 7: (25, 21)
  Time 8: (25, 22)
  Time 9: (25, 21)
  Time 10: (25, 22)
  Time 11: (26, 22)
  Time 12: (25, 22)
  Time 13: (25, 21)
  Time 14: (25, 21)
  Time 15: (25, 21)
  Time 16: (25, 21)
  Time 17: (25, 21)
  Time 18: (25, 21)
  Time 19: (25, 21)
  Time 20: (25, 21)
  Time 21: (25, 21)
  Time 22: (25, 21)
  Time 23: (25, 21)
  Time 24: (25, 21)
  Time 25: (25, 21)
  Time 26: (25, 21)
  Time 27: (25, 21)
  Time 28: (25, 21)
  Time 29: (25, 21)
  Time 30: (25, 21)
  Time 31: (25, 21)
  Time 32: (25, 21)
  Time 33: (25, 21)
  Time 34: (25, 21)
  Time 35: (25, 21)
  Time 36: (25, 21)
  Time 37: (25, 21)
  Time 38: (25, 21)
  Time 39: (25, 21)
  Time 40: (25, 21)
  Time 41: (25, 21)
  Time 42: (25, 21)
  Time 43: (25, 21)
  Time 44: (25, 21)
  Time 45: (25, 21)
  Time 46: (25, 21)

Agent 61 path:
  Time 0: (28, 29)
  Time 1: (28, 28)
  Time 2: (28, 27)
  Time 3: (28, 26)
  Time 4: (28, 25)
  Time 5: (28, 24)
  Time 6: (28, 23)
  Time 7: (27, 23)
  Time 8: (26, 23)
  Time 9: (25, 23)
  Time 10: (24, 23)
  Time 11: (24, 22)
  Time 12: (23, 22)
  Time 13: (23, 21)
  Time 14: (22, 21)
  Time 15: (22, 20)
  Time 16: (21, 20)
  Time 17: (20, 20)
  Time 18: (20, 19)
  Time 19: (20, 18)
  Time 20: (19, 18)
  Time 21: (19, 17)
  Time 22: (19, 16)
  Time 23: (19, 15)
  Time 24: (19, 14)
  Time 25: (19, 13)
  Time 26: (18, 13)
  Time 27: (17, 13)
  Time 28: (17, 12)
  Time 29: (17, 11)
  Time 30: (16, 11)
  Time 31: (16, 10)
  Time 32: (16, 9)
  Time 33: (16, 8)
  Time 34: (16, 7)
  Time 35: (16, 6)
  Time 36: (15, 6)
  Time 37: (14, 6)
  Time 38: (13, 6)
  Time 39: (13, 5)
  Time 40: (13, 4)
  Time 41: (13, 3)
  Time 42: (13, 2)
  Time 43: (13, 1)
  Time 44: (13, 1)
  Time 45: (13, 1)
  Time 46: (13, 1)

Agent 60 path:
  Time 0: (9, 31)
  Time 1: (10, 31)
  Time 2: (10, 30)
  Time 3: (10, 29)
  Time 4: (10, 28)
  Time 5: (11, 28)
  Time 6: (12, 28)
  Time 7: (13, 28)
  Time 8: (14, 28)
  Time 9: (15, 28)
  Time 10: (15, 27)
  Time 11: (15, 26)
  Time 12: (15, 25)
  Time 13: (16, 25)
  Time 14: (16, 24)
  Time 15: (17, 24)
  Time 16: (17, 23)
  Time 17: (17, 22)
  Time 18: (17, 21)
  Time 19: (17, 20)
  Time 20: (18, 20)
  Time 21: (18, 19)
  Time 22: (18, 18)
  Time 23: (19, 18)
  Time 24: (20, 18)
  Time 25: (21, 18)
  Time 26: (22, 18)
  Time 27: (23, 18)
  Time 28: (23, 18)
  Time 29: (23, 17)
  Time 30: (23, 17)
  Time 31: (23, 18)
  Time 32: (23, 18)
  Time 33: (23, 18)
  Time 34: (23, 18)
  Time 35: (23, 18)
  Time 36: (23, 18)
  Time 37: (23, 17)
  Time 38: (23, 18)
  Time 39: (23, 18)
  Time 40: (23, 18)
  Time 41: (23, 18)
  Time 42: (23, 18)
  Time 43: (23, 18)
  Time 44: (23, 18)
  Time 45: (23, 18)
  Time 46: (23, 18)

Agent 59 path:
  Time 0: (6, 19)
  Time 1: (7, 19)
  Time 2: (7, 18)
  Time 3: (7, 17)
  Time 4: (7, 16)
  Time 5: (8, 16)
  Time 6: (9, 16)
  Time 7: (10, 16)
  Time 8: (11, 16)
  Time 9: (12, 16)
  Time 10: (13, 16)
  Time 11: (14, 16)
  Time 12: (15, 16)
  Time 13: (16, 16)
  Time 14: (17, 16)
  Time 15: (18, 16)
  Time 16: (19, 16)
  Time 17: (20, 16)
  Time 18: (21, 16)
  Time 19: (22, 16)
  Time 20: (23, 16)
  Time 21: (24, 16)
  Time 22: (25, 16)
  Time 23: (25, 15)
  Time 24: (26, 15)
  Time 25: (27, 15)
  Time 26: (28, 15)
  Time 27: (28, 14)
  Time 28: (28, 14)
  Time 29: (28, 14)
  Time 30: (28, 14)
  Time 31: (28, 14)
  Time 32: (28, 14)
  Time 33: (28, 14)
  Time 34: (28, 14)
  Time 35: (28, 14)
  Time 36: (28, 14)
  Time 37: (28, 14)
  Time 38: (28, 14)
  Time 39: (28, 14)
  Time 40: (28, 14)
  Time 41: (28, 14)
  Time 42: (28, 14)
  Time 43: (28, 14)
  Time 44: (28, 14)
  Time 45: (28, 14)
  Time 46: (28, 14)

Agent 58 path:
  Time 0: (12, 26)
  Time 1: (13, 26)
  Time 2: (13, 26)
  Time 3: (13, 26)
  Time 4: (13, 26)
  Time 5: (13, 26)
  Time 6: (13, 26)
  Time 7: (13, 26)
  Time 8: (13, 26)
  Time 9: (13, 26)
  Time 10: (13, 26)
  Time 11: (13, 26)
  Time 12: (13, 26)
  Time 13: (13, 26)
  Time 14: (13, 26)
  Time 15: (13, 26)
  Time 16: (13, 27)
  Time 17: (14, 27)
  Time 18: (14, 26)
  Time 19: (13, 26)
  Time 20: (13, 26)
  Time 21: (13, 26)
  Time 22: (13, 26)
  Time 23: (13, 26)
  Time 24: (13, 26)
  Time 25: (13, 26)
  Time 26: (13, 26)
  Time 27: (13, 26)
  Time 28: (13, 26)
  Time 29: (13, 26)
  Time 30: (13, 26)
  Time 31: (13, 26)
  Time 32: (13, 26)
  Time 33: (13, 26)
  Time 34: (13, 26)
  Time 35: (13, 26)
  Time 36: (13, 26)
  Time 37: (13, 26)
  Time 38: (13, 26)
  Time 39: (13, 26)
  Time 40: (13, 26)
  Time 41: (13, 26)
  Time 42: (13, 26)
  Time 43: (13, 26)
  Time 44: (13, 26)
  Time 45: (13, 26)
  Time 46: (13, 26)

Agent 57 path:
  Time 0: (18, 7)
  Time 1: (18, 8)
  Time 2: (19, 8)
  Time 3: (19, 9)
  Time 4: (20, 9)
  Time 5: (21, 9)
  Time 6: (22, 9)
  Time 7: (22, 10)
  Time 8: (23, 10)
  Time 9: (24, 10)
  Time 10: (24, 11)
  Time 11: (25, 11)
  Time 12: (25, 12)
  Time 13: (26, 12)
  Time 14: (26, 13)
  Time 15: (27, 13)
  Time 16: (27, 14)
  Time 17: (27, 15)
  Time 18: (28, 15)
  Time 19: (29, 15)
  Time 20: (29, 16)
  Time 21: (29, 17)
  Time 22: (29, 18)
  Time 23: (29, 19)
  Time 24: (29, 20)
  Time 25: (29, 21)
  Time 26: (30, 21)
  Time 27: (30, 22)
  Time 28: (30, 23)
  Time 29: (30, 24)
  Time 30: (30, 25)
  Time 31: (30, 26)
  Time 32: (30, 26)
  Time 33: (30, 26)
  Time 34: (30, 26)
  Time 35: (30, 26)
  Time 36: (30, 26)
  Time 37: (30, 26)
  Time 38: (30, 26)
  Time 39: (30, 26)
  Time 40: (30, 26)
  Time 41: (30, 26)
  Time 42: (30, 26)
  Time 43: (30, 26)
  Time 44: (30, 26)
  Time 45: (30, 26)
  Time 46: (30, 26)

Agent 56 path:
  Time 0: (4, 26)
  Time 1: (4, 26)
  Time 2: (4, 25)
  Time 3: (5, 25)
  Time 4: (5, 24)
  Time 5: (6, 24)
  Time 6: (6, 23)
  Time 7: (6, 22)
  Time 8: (7, 22)
  Time 9: (8, 22)
  Time 10: (8, 21)
  Time 11: (9, 21)
  Time 12: (9, 20)
  Time 13: (9, 19)
  Time 14: (9, 19)
  Time 15: (9, 18)
  Time 16: (9, 17)
  Time 17: (9, 16)
  Time 18: (9, 15)
  Time 19: (9, 14)
  Time 20: (9, 13)
  Time 21: (10, 13)
  Time 22: (10, 12)
  Time 23: (11, 12)
  Time 24: (11, 11)
  Time 25: (11, 10)
  Time 26: (11, 9)
  Time 27: (12, 9)
  Time 28: (12, 8)
  Time 29: (13, 8)
  Time 30: (13, 7)
  Time 31: (13, 6)
  Time 32: (13, 5)
  Time 33: (13, 4)
  Time 34: (13, 3)
  Time 35: (14, 3)
  Time 36: (14, 3)
  Time 37: (14, 3)
  Time 38: (14, 3)
  Time 39: (14, 3)
  Time 40: (14, 3)
  Time 41: (14, 3)
  Time 42: (14, 3)
  Time 43: (14, 3)
  Time 44: (14, 3)
  Time 45: (14, 3)
  Time 46: (14, 3)

Agent 55 path:
  Time 0: (15, 7)
  Time 1: (16, 7)
  Time 2: (16, 8)
  Time 3: (16, 9)
  Time 4: (16, 10)
  Time 5: (15, 10)
  Time 6: (15, 11)
  Time 7: (15, 12)
  Time 8: (14, 12)
  Time 9: (14, 13)
  Time 10: (14, 14)
  Time 11: (13, 14)
  Time 12: (13, 15)
  Time 13: (12, 15)
  Time 14: (11, 15)
  Time 15: (10, 15)
  Time 16: (10, 15)
  Time 17: (10, 16)
  Time 18: (9, 16)
  Time 19: (9, 17)
  Time 20: (8, 17)
  Time 21: (8, 18)
  Time 22: (7, 18)
  Time 23: (6, 18)
  Time 24: (6, 19)
  Time 25: (5, 19)
  Time 26: (4, 19)
  Time 27: (3, 19)
  Time 28: (3, 20)
  Time 29: (3, 21)
  Time 30: (3, 22)
  Time 31: (3, 22)
  Time 32: (3, 22)
  Time 33: (3, 22)
  Time 34: (3, 22)
  Time 35: (3, 22)
  Time 36: (3, 22)
  Time 37: (3, 22)
  Time 38: (3, 22)
  Time 39: (3, 22)
  Time 40: (3, 22)
  Time 41: (3, 22)
  Time 42: (3, 22)
  Time 43: (3, 22)
  Time 44: (3, 22)
  Time 45: (3, 22)
  Time 46: (3, 22)

Agent 54 path:
  Time 0: (24, 10)
  Time 1: (23, 10)
  Time 2: (22, 10)
  Time 3: (21, 10)
  Time 4: (21, 11)
  Time 5: (21, 12)
  Time 6: (20, 12)
  Time 7: (19, 12)
  Time 8: (19, 13)
  Time 9: (19, 14)
  Time 10: (18, 14)
  Time 11: (17, 14)
  Time 12: (17, 15)
  Time 13: (16, 15)
  Time 14: (16, 16)
  Time 15: (16, 17)
  Time 16: (15, 17)
  Time 17: (14, 17)
  Time 18: (14, 18)
  Time 19: (13, 18)
  Time 20: (13, 19)
  Time 21: (12, 19)
  Time 22: (11, 19)
  Time 23: (10, 19)
  Time 24: (9, 19)
  Time 25: (9, 20)
  Time 26: (8, 20)
  Time 27: (7, 20)
  Time 28: (6, 20)
  Time 29: (6, 21)
  Time 30: (6, 22)
  Time 31: (6, 23)
  Time 32: (6, 24)
  Time 33: (5, 24)
  Time 34: (5, 25)
  Time 35: (4, 25)
  Time 36: (4, 26)
  Time 37: (3, 26)
  Time 38: (3, 27)
  Time 39: (2, 27)
  Time 40: (1, 27)
  Time 41: (1, 26)
  Time 42: (1, 26)
  Time 43: (1, 26)
  Time 44: (1, 26)
  Time 45: (1, 26)
  Time 46: (1, 26)

Agent 53 path:
  Time 0: (13, 23)
  Time 1: (14, 23)
  Time 2: (14, 24)
  Time 3: (15, 24)
  Time 4: (16, 24)
  Time 5: (17, 24)
  Time 6: (18, 24)
  Time 7: (19, 24)
  Time 8: (20, 24)
  Time 9: (21, 24)
  Time 10: (21, 24)
  Time 11: (20, 24)
  Time 12: (21, 24)
  Time 13: (22, 24)
  Time 14: (23, 24)
  Time 15: (24, 24)
  Time 16: (25, 24)
  Time 17: (26, 24)
  Time 18: (27, 24)
  Time 19: (28, 24)
  Time 20: (29, 24)
  Time 21: (30, 24)
  Time 22: (30, 24)
  Time 23: (30, 24)
  Time 24: (30, 24)
  Time 25: (30, 24)
  Time 26: (30, 24)
  Time 27: (30, 24)
  Time 28: (30, 24)
  Time 29: (31, 24)
  Time 30: (30, 24)
  Time 31: (30, 24)
  Time 32: (30, 24)
  Time 33: (30, 24)
  Time 34: (30, 24)
  Time 35: (30, 24)
  Time 36: (30, 24)
  Time 37: (30, 24)
  Time 38: (30, 24)
  Time 39: (30, 24)
  Time 40: (30, 24)
  Time 41: (30, 24)
  Time 42: (30, 24)
  Time 43: (30, 24)
  Time 44: (30, 24)
  Time 45: (30, 24)
  Time 46: (30, 24)

Agent 52 path:
  Time 0: (5, 17)
  Time 1: (6, 17)
  Time 2: (6, 18)
  Time 3: (7, 18)
  Time 4: (7, 19)
  Time 5: (7, 20)
  Time 6: (7, 21)
  Time 7: (8, 21)
  Time 8: (8, 22)
  Time 9: (9, 22)
  Time 10: (9, 23)
  Time 11: (10, 23)
  Time 12: (11, 23)
  Time 13: (11, 24)
  Time 14: (11, 25)
  Time 15: (12, 25)
  Time 16: (13, 25)
  Time 17: (13, 26)
  Time 18: (13, 27)
  Time 19: (14, 27)
  Time 20: (14, 28)
  Time 21: (15, 28)
  Time 22: (16, 28)
  Time 23: (16, 29)
  Time 24: (17, 29)
  Time 25: (18, 29)
  Time 26: (19, 29)
  Time 27: (20, 29)
  Time 28: (21, 29)
  Time 29: (22, 29)
  Time 30: (23, 29)
  Time 31: (23, 30)
  Time 32: (24, 30)
  Time 33: (25, 30)
  Time 34: (26, 30)
  Time 35: (27, 30)
  Time 36: (27, 31)
  Time 37: (27, 31)
  Time 38: (27, 31)
  Time 39: (27, 31)
  Time 40: (27, 31)
  Time 41: (27, 31)
  Time 42: (27, 31)
  Time 43: (27, 31)
  Time 44: (27, 31)
  Time 45: (27, 31)
  Time 46: (27, 31)

Agent 51 path:
  Time 0: (22, 7)
  Time 1: (23, 7)
  Time 2: (23, 8)
  Time 3: (23, 9)
  Time 4: (24, 9)
  Time 5: (24, 10)
  Time 6: (25, 10)
  Time 7: (26, 10)
  Time 8: (27, 10)
  Time 9: (28, 10)
  Time 10: (28, 11)
  Time 11: (28, 12)
  Time 12: (28, 13)
  Time 13: (28, 14)
  Time 14: (29, 14)
  Time 15: (30, 14)
  Time 16: (31, 14)
  Time 17: (31, 15)
  Time 18: (31, 15)
  Time 19: (31, 15)
  Time 20: (31, 15)
  Time 21: (31, 15)
  Time 22: (31, 15)
  Time 23: (31, 15)
  Time 24: (31, 15)
  Time 25: (31, 15)
  Time 26: (31, 15)
  Time 27: (31, 15)
  Time 28: (31, 15)
  Time 29: (31, 15)
  Time 30: (31, 15)
  Time 31: (31, 15)
  Time 32: (31, 15)
  Time 33: (31, 15)
  Time 34: (31, 15)
  Time 35: (31, 15)
  Time 36: (31, 15)
  Time 37: (31, 15)
  Time 38: (31, 15)
  Time 39: (31, 15)
  Time 40: (31, 15)
  Time 41: (31, 15)
  Time 42: (31, 15)
  Time 43: (31, 15)
  Time 44: (31, 15)
  Time 45: (31, 15)
  Time 46: (31, 15)

Agent 50 path:
  Time 0: (2, 1)
  Time 1: (2, 2)
  Time 2: (2, 3)
  Time 3: (2, 4)
  Time 4: (2, 5)
  Time 5: (2, 6)
  Time 6: (3, 6)
  Time 7: (3, 7)
  Time 8: (4, 7)
  Time 9: (5, 7)
  Time 10: (6, 7)
  Time 11: (7, 7)
  Time 12: (8, 7)
  Time 13: (9, 7)
  Time 14: (10, 7)
  Time 15: (10, 8)
  Time 16: (10, 9)
  Time 17: (10, 10)
  Time 18: (11, 10)
  Time 19: (12, 10)
  Time 20: (13, 10)
  Time 21: (14, 10)
  Time 22: (14, 11)
  Time 23: (14, 12)
  Time 24: (15, 12)
  Time 25: (15, 12)
  Time 26: (16, 12)
  Time 27: (16, 13)
  Time 28: (17, 13)
  Time 29: (17, 14)
  Time 30: (17, 15)
  Time 31: (17, 16)
  Time 32: (18, 16)
  Time 33: (18, 16)
  Time 34: (17, 16)
  Time 35: (17, 17)
  Time 36: (17, 18)
  Time 37: (17, 19)
  Time 38: (17, 20)
  Time 39: (17, 21)
  Time 40: (17, 22)
  Time 41: (17, 23)
  Time 42: (17, 24)
  Time 43: (17, 25)
  Time 44: (17, 26)
  Time 45: (17, 27)
  Time 46: (17, 27)

Agent 49 path:
  Time 0: (8, 20)
  Time 1: (7, 20)
  Time 2: (6, 20)
  Time 3: (6, 21)
  Time 4: (5, 21)
  Time 5: (5, 21)
  Time 6: (4, 21)
  Time 7: (5, 21)
  Time 8: (6, 21)
  Time 9: (5, 21)
  Time 10: (4, 21)
  Time 11: (4, 22)
  Time 12: (4, 23)
  Time 13: (3, 23)
  Time 14: (3, 24)
  Time 15: (2, 24)
  Time 16: (2, 24)
  Time 17: (2, 24)
  Time 18: (2, 24)
  Time 19: (2, 24)
  Time 20: (2, 24)
  Time 21: (2, 24)
  Time 22: (2, 24)
  Time 23: (2, 24)
  Time 24: (2, 24)
  Time 25: (2, 24)
  Time 26: (2, 24)
  Time 27: (2, 24)
  Time 28: (2, 24)
  Time 29: (2, 24)
  Time 30: (2, 24)
  Time 31: (2, 24)
  Time 32: (2, 24)
  Time 33: (2, 24)
  Time 34: (2, 24)
  Time 35: (2, 24)
  Time 36: (2, 24)
  Time 37: (2, 24)
  Time 38: (2, 24)
  Time 39: (2, 24)
  Time 40: (2, 24)
  Time 41: (2, 24)
  Time 42: (2, 24)
  Time 43: (2, 24)
  Time 44: (2, 24)
  Time 45: (2, 24)
  Time 46: (2, 24)

Agent 48 path:
  Time 0: (10, 9)
  Time 1: (10, 10)
  Time 2: (11, 10)
  Time 3: (12, 10)
  Time 4: (13, 10)
  Time 5: (14, 10)
  Time 6: (15, 10)
  Time 7: (16, 10)
  Time 8: (16, 11)
  Time 9: (16, 12)
  Time 10: (16, 13)
  Time 11: (16, 14)
  Time 12: (17, 14)
  Time 13: (17, 15)
  Time 14: (17, 15)
  Time 15: (17, 16)
  Time 16: (18, 16)
  Time 17: (19, 16)
  Time 18: (20, 16)
  Time 19: (20, 17)
  Time 20: (20, 18)
  Time 21: (20, 18)
  Time 22: (20, 18)
  Time 23: (20, 18)
  Time 24: (20, 17)
  Time 25: (20, 18)
  Time 26: (20, 18)
  Time 27: (20, 18)
  Time 28: (20, 18)
  Time 29: (20, 18)
  Time 30: (20, 18)
  Time 31: (20, 18)
  Time 32: (20, 18)
  Time 33: (20, 18)
  Time 34: (20, 18)
  Time 35: (20, 18)
  Time 36: (20, 18)
  Time 37: (20, 18)
  Time 38: (20, 18)
  Time 39: (20, 18)
  Time 40: (20, 18)
  Time 41: (20, 18)
  Time 42: (20, 18)
  Time 43: (20, 18)
  Time 44: (20, 18)
  Time 45: (20, 18)
  Time 46: (20, 18)

Agent 47 path:
  Time 0: (1, 28)
  Time 1: (2, 28)
  Time 2: (3, 28)
  Time 3: (3, 27)
  Time 4: (3, 26)
  Time 5: (3, 25)
  Time 6: (4, 25)
  Time 7: (5, 25)
  Time 8: (6, 25)
  Time 9: (6, 24)
  Time 10: (6, 23)
  Time 11: (6, 22)
  Time 12: (6, 21)
  Time 13: (6, 20)
  Time 14: (7, 20)
  Time 15: (8, 20)
  Time 16: (9, 20)
  Time 17: (9, 19)
  Time 18: (10, 19)
  Time 19: (10, 18)
  Time 20: (11, 18)
  Time 21: (12, 18)
  Time 22: (12, 19)
  Time 23: (13, 19)
  Time 24: (12, 19)
  Time 25: (13, 19)
  Time 26: (13, 19)
  Time 27: (14, 19)
  Time 28: (15, 19)
  Time 29: (16, 19)
  Time 30: (17, 19)
  Time 31: (18, 19)
  Time 32: (19, 19)
  Time 33: (20, 19)
  Time 34: (21, 19)
  Time 35: (21, 18)
  Time 36: (22, 18)
  Time 37: (23, 18)
  Time 38: (24, 18)
  Time 39: (24, 18)
  Time 40: (24, 18)
  Time 41: (24, 18)
  Time 42: (24, 18)
  Time 43: (24, 18)
  Time 44: (24, 18)
  Time 45: (24, 18)
  Time 46: (24, 18)

Agent 46 path:
  Time 0: (1, 20)
  Time 1: (2, 20)
  Time 2: (3, 20)
  Time 3: (4, 20)
  Time 4: (4, 21)
  Time 5: (4, 22)
  Time 6: (4, 23)
  Time 7: (5, 23)
  Time 8: (6, 23)
  Time 9: (6, 22)
  Time 10: (6, 21)
  Time 11: (7, 21)
  Time 12: (8, 21)
  Time 13: (9, 21)
  Time 14: (10, 21)
  Time 15: (11, 21)
  Time 16: (12, 21)
  Time 17: (13, 21)
  Time 18: (14, 21)
  Time 19: (15, 21)
  Time 20: (16, 21)
  Time 21: (16, 20)
  Time 22: (17, 20)
  Time 23: (18, 20)
  Time 24: (19, 20)
  Time 25: (19, 20)
  Time 26: (19, 20)
  Time 27: (19, 20)
  Time 28: (19, 20)
  Time 29: (19, 20)
  Time 30: (19, 20)
  Time 31: (19, 20)
  Time 32: (19, 20)
  Time 33: (19, 20)
  Time 34: (19, 20)
  Time 35: (19, 20)
  Time 36: (19, 20)
  Time 37: (19, 20)
  Time 38: (19, 20)
  Time 39: (19, 20)
  Time 40: (19, 20)
  Time 41: (19, 20)
  Time 42: (19, 20)
  Time 43: (19, 20)
  Time 44: (19, 20)
  Time 45: (19, 20)
  Time 46: (19, 20)

Agent 45 path:
  Time 0: (25, 14)
  Time 1: (24, 14)
  Time 2: (24, 15)
  Time 3: (24, 16)
  Time 4: (23, 16)
  Time 5: (22, 16)
  Time 6: (21, 16)
  Time 7: (21, 17)
  Time 8: (21, 18)
  Time 9: (21, 19)
  Time 10: (20, 19)
  Time 11: (19, 19)
  Time 12: (18, 19)
  Time 13: (17, 19)
  Time 14: (16, 19)
  Time 15: (15, 19)
  Time 16: (14, 19)
  Time 17: (13, 19)
  Time 18: (12, 19)
  Time 19: (11, 19)
  Time 20: (10, 19)
  Time 21: (11, 19)
  Time 22: (11, 18)
  Time 23: (11, 19)
  Time 24: (10, 19)
  Time 25: (9, 19)
  Time 26: (10, 19)
  Time 27: (9, 19)
  Time 28: (9, 20)
  Time 29: (8, 20)
  Time 30: (7, 20)
  Time 31: (6, 20)
  Time 32: (6, 20)
  Time 33: (6, 20)
  Time 34: (6, 20)
  Time 35: (6, 20)
  Time 36: (6, 20)
  Time 37: (6, 20)
  Time 38: (6, 20)
  Time 39: (6, 20)
  Time 40: (6, 20)
  Time 41: (6, 20)
  Time 42: (6, 20)
  Time 43: (6, 20)
  Time 44: (6, 20)
  Time 45: (6, 20)
  Time 46: (6, 20)

Agent 44 path:
  Time 0: (29, 24)
  Time 1: (29, 25)
  Time 2: (28, 25)
  Time 3: (27, 25)
  Time 4: (27, 26)
  Time 5: (27, 27)
  Time 6: (27, 27)
  Time 7: (26, 27)
  Time 8: (25, 27)
  Time 9: (25, 28)
  Time 10: (25, 29)
  Time 11: (24, 29)
  Time 12: (23, 29)
  Time 13: (22, 29)
  Time 14: (21, 29)
  Time 15: (20, 29)
  Time 16: (20, 30)
  Time 17: (19, 30)
  Time 18: (18, 30)
  Time 19: (17, 30)
  Time 20: (16, 30)
  Time 21: (15, 30)
  Time 22: (16, 30)
  Time 23: (17, 30)
  Time 24: (18, 30)
  Time 25: (19, 30)
  Time 26: (19, 31)
  Time 27: (19, 31)
  Time 28: (19, 31)
  Time 29: (19, 31)
  Time 30: (19, 31)
  Time 31: (19, 31)
  Time 32: (19, 31)
  Time 33: (19, 31)
  Time 34: (19, 31)
  Time 35: (19, 31)
  Time 36: (19, 31)
  Time 37: (19, 31)
  Time 38: (19, 31)
  Time 39: (19, 31)
  Time 40: (19, 31)
  Time 41: (19, 31)
  Time 42: (19, 31)
  Time 43: (19, 31)
  Time 44: (19, 31)
  Time 45: (19, 31)
  Time 46: (19, 31)

Agent 43 path:
  Time 0: (14, 24)
  Time 1: (13, 24)
  Time 2: (13, 23)
  Time 3: (13, 22)
  Time 4: (12, 22)
  Time 5: (12, 21)
  Time 6: (12, 20)
  Time 7: (12, 19)
  Time 8: (12, 18)
  Time 9: (12, 17)
  Time 10: (12, 16)
  Time 11: (12, 15)
  Time 12: (12, 14)
  Time 13: (11, 14)
  Time 14: (10, 14)
  Time 15: (10, 13)
  Time 16: (9, 13)
  Time 17: (10, 13)
  Time 18: (10, 14)
  Time 19: (10, 13)
  Time 20: (10, 13)
  Time 21: (10, 12)
  Time 22: (10, 11)
  Time 23: (10, 11)
  Time 24: (10, 12)
  Time 25: (10, 12)
  Time 26: (10, 12)
  Time 27: (10, 11)
  Time 28: (10, 10)
  Time 29: (10, 9)
  Time 30: (10, 8)
  Time 31: (10, 7)
  Time 32: (9, 7)
  Time 33: (9, 6)
  Time 34: (9, 5)
  Time 35: (9, 4)
  Time 36: (9, 3)
  Time 37: (9, 2)
  Time 38: (9, 2)
  Time 39: (9, 2)
  Time 40: (9, 2)
  Time 41: (9, 2)
  Time 42: (9, 2)
  Time 43: (9, 2)
  Time 44: (9, 2)
  Time 45: (9, 2)
  Time 46: (9, 2)

Agent 42 path:
  Time 0: (26, 29)
  Time 1: (26, 29)
  Time 2: (25, 29)
  Time 3: (24, 29)
  Time 4: (23, 29)
  Time 5: (22, 29)
  Time 6: (21, 29)
  Time 7: (21, 28)
  Time 8: (21, 27)
  Time 9: (20, 27)
  Time 10: (19, 27)
  Time 11: (18, 27)
  Time 12: (17, 27)
  Time 13: (16, 27)
  Time 14: (15, 27)
  Time 15: (14, 27)
  Time 16: (14, 26)
  Time 17: (14, 25)
  Time 18: (13, 25)
  Time 19: (13, 24)
  Time 20: (13, 24)
  Time 21: (13, 24)
  Time 22: (13, 24)
  Time 23: (13, 24)
  Time 24: (13, 24)
  Time 25: (13, 24)
  Time 26: (13, 24)
  Time 27: (13, 24)
  Time 28: (13, 24)
  Time 29: (13, 24)
  Time 30: (13, 24)
  Time 31: (13, 24)
  Time 32: (13, 24)
  Time 33: (13, 24)
  Time 34: (13, 24)
  Time 35: (13, 24)
  Time 36: (13, 24)
  Time 37: (13, 24)
  Time 38: (13, 24)
  Time 39: (13, 24)
  Time 40: (13, 24)
  Time 41: (13, 24)
  Time 42: (13, 24)
  Time 43: (13, 24)
  Time 44: (13, 24)
  Time 45: (13, 24)
  Time 46: (13, 24)

Agent 41 path:
  Time 0: (12, 18)
  Time 1: (12, 19)
  Time 2: (12, 20)
  Time 3: (13, 20)
  Time 4: (13, 21)
  Time 5: (13, 22)
  Time 6: (13, 23)
  Time 7: (13, 24)
  Time 8: (13, 25)
  Time 9: (14, 25)
  Time 10: (15, 25)
  Time 11: (15, 25)
  Time 12: (15, 24)
  Time 13: (15, 25)
  Time 14: (15, 25)
  Time 15: (15, 26)
  Time 16: (15, 25)
  Time 17: (15, 25)
  Time 18: (15, 24)
  Time 19: (15, 25)
  Time 20: (15, 25)
  Time 21: (15, 25)
  Time 22: (15, 25)
  Time 23: (15, 25)
  Time 24: (15, 25)
  Time 25: (15, 25)
  Time 26: (15, 25)
  Time 27: (15, 25)
  Time 28: (15, 25)
  Time 29: (15, 25)
  Time 30: (15, 25)
  Time 31: (15, 25)
  Time 32: (15, 25)
  Time 33: (15, 25)
  Time 34: (15, 25)
  Time 35: (15, 25)
  Time 36: (15, 25)
  Time 37: (15, 25)
  Time 38: (15, 25)
  Time 39: (15, 25)
  Time 40: (15, 25)
  Time 41: (15, 25)
  Time 42: (15, 25)
  Time 43: (15, 25)
  Time 44: (15, 25)
  Time 45: (15, 25)
  Time 46: (15, 25)

Agent 40 path:
  Time 0: (3, 28)
  Time 1: (3, 27)
  Time 2: (3, 26)
  Time 3: (3, 26)
  Time 4: (3, 25)
  Time 5: (2, 25)
  Time 6: (2, 24)
  Time 7: (2, 23)
  Time 8: (2, 22)
  Time 9: (2, 21)
  Time 10: (2, 20)
  Time 11: (1, 20)
  Time 12: (1, 19)
  Time 13: (1, 18)
  Time 14: (1, 17)
  Time 15: (1, 16)
  Time 16: (1, 15)
  Time 17: (1, 14)
  Time 18: (2, 14)
  Time 19: (3, 14)
  Time 20: (3, 13)
  Time 21: (3, 12)
  Time 22: (3, 11)
  Time 23: (3, 10)
  Time 24: (3, 9)
  Time 25: (3, 8)
  Time 26: (3, 7)
  Time 27: (3, 6)
  Time 28: (3, 6)
  Time 29: (3, 6)
  Time 30: (3, 6)
  Time 31: (3, 6)
  Time 32: (3, 6)
  Time 33: (3, 6)
  Time 34: (3, 6)
  Time 35: (3, 6)
  Time 36: (3, 6)
  Time 37: (3, 6)
  Time 38: (3, 6)
  Time 39: (3, 6)
  Time 40: (3, 6)
  Time 41: (3, 6)
  Time 42: (3, 6)
  Time 43: (3, 5)
  Time 44: (3, 6)
  Time 45: (3, 6)
  Time 46: (3, 6)

Agent 39 path:
  Time 0: (30, 22)
  Time 1: (30, 23)
  Time 2: (29, 23)
  Time 3: (28, 23)
  Time 4: (28, 24)
  Time 5: (27, 24)
  Time 6: (26, 24)
  Time 7: (25, 24)
  Time 8: (24, 24)
  Time 9: (23, 24)
  Time 10: (22, 24)
  Time 11: (21, 24)
  Time 12: (21, 25)
  Time 13: (20, 25)
  Time 14: (19, 25)
  Time 15: (18, 25)
  Time 16: (17, 25)
  Time 17: (16, 25)
  Time 18: (15, 25)
  Time 19: (14, 25)
  Time 20: (13, 25)
  Time 21: (12, 25)
  Time 22: (11, 25)
  Time 23: (10, 25)
  Time 24: (9, 25)
  Time 25: (8, 25)
  Time 26: (7, 25)
  Time 27: (6, 25)
  Time 28: (5, 25)
  Time 29: (4, 25)
  Time 30: (3, 25)
  Time 31: (2, 25)
  Time 32: (2, 25)
  Time 33: (2, 25)
  Time 34: (2, 25)
  Time 35: (2, 25)
  Time 36: (2, 25)
  Time 37: (2, 25)
  Time 38: (2, 25)
  Time 39: (2, 25)
  Time 40: (2, 25)
  Time 41: (2, 25)
  Time 42: (2, 25)
  Time 43: (2, 25)
  Time 44: (2, 25)
  Time 45: (2, 25)
  Time 46: (2, 25)

Agent 38 path:
  Time 0: (26, 17)
  Time 1: (25, 17)
  Time 2: (24, 17)
  Time 3: (23, 17)
  Time 4: (23, 18)
  Time 5: (23, 19)
  Time 6: (22, 19)
  Time 7: (22, 20)
  Time 8: (21, 20)
  Time 9: (21, 21)
  Time 10: (21, 22)
  Time 11: (21, 23)
  Time 12: (22, 23)
  Time 13: (21, 23)
  Time 14: (21, 24)
  Time 15: (21, 23)
  Time 16: (22, 23)
  Time 17: (22, 23)
  Time 18: (22, 23)
  Time 19: (22, 23)
  Time 20: (22, 23)
  Time 21: (22, 23)
  Time 22: (22, 23)
  Time 23: (22, 23)
  Time 24: (22, 23)
  Time 25: (22, 23)
  Time 26: (22, 23)
  Time 27: (22, 23)
  Time 28: (22, 23)
  Time 29: (22, 23)
  Time 30: (22, 23)
  Time 31: (22, 23)
  Time 32: (22, 23)
  Time 33: (22, 23)
  Time 34: (22, 23)
  Time 35: (22, 23)
  Time 36: (22, 23)
  Time 37: (22, 23)
  Time 38: (22, 23)
  Time 39: (22, 23)
  Time 40: (22, 23)
  Time 41: (22, 23)
  Time 42: (22, 23)
  Time 43: (22, 23)
  Time 44: (22, 23)
  Time 45: (22, 23)
  Time 46: (22, 23)

Agent 37 path:
  Time 0: (10, 29)
  Time 1: (11, 29)
  Time 2: (11, 28)
  Time 3: (12, 28)
  Time 4: (13, 28)
  Time 5: (13, 28)
  Time 6: (13, 28)
  Time 7: (13, 27)
  Time 8: (13, 28)
  Time 9: (13, 28)
  Time 10: (13, 27)
  Time 11: (13, 28)
  Time 12: (13, 28)
  Time 13: (13, 28)
  Time 14: (13, 28)
  Time 15: (13, 28)
  Time 16: (13, 28)
  Time 17: (13, 28)
  Time 18: (13, 28)
  Time 19: (13, 28)
  Time 20: (13, 28)
  Time 21: (13, 28)
  Time 22: (13, 28)
  Time 23: (13, 28)
  Time 24: (13, 28)
  Time 25: (13, 28)
  Time 26: (13, 28)
  Time 27: (13, 28)
  Time 28: (13, 28)
  Time 29: (13, 28)
  Time 30: (13, 28)
  Time 31: (13, 28)
  Time 32: (13, 28)
  Time 33: (13, 28)
  Time 34: (13, 28)
  Time 35: (13, 28)
  Time 36: (13, 28)
  Time 37: (13, 28)
  Time 38: (13, 28)
  Time 39: (13, 28)
  Time 40: (13, 28)
  Time 41: (13, 28)
  Time 42: (13, 28)
  Time 43: (13, 28)
  Time 44: (13, 28)
  Time 45: (13, 28)
  Time 46: (13, 28)

Agent 36 path:
  Time 0: (4, 20)
  Time 1: (4, 21)
  Time 2: (3, 21)
  Time 3: (3, 22)
  Time 4: (3, 23)
  Time 5: (3, 24)
  Time 6: (3, 25)
  Time 7: (3, 26)
  Time 8: (3, 27)
  Time 9: (3, 27)
  Time 10: (3, 27)
  Time 11: (3, 27)
  Time 12: (3, 27)
  Time 13: (3, 27)
  Time 14: (3, 27)
  Time 15: (3, 27)
  Time 16: (3, 27)
  Time 17: (3, 27)
  Time 18: (3, 27)
  Time 19: (3, 27)
  Time 20: (3, 27)
  Time 21: (3, 27)
  Time 22: (3, 27)
  Time 23: (3, 27)
  Time 24: (4, 27)
  Time 25: (3, 27)
  Time 26: (3, 27)
  Time 27: (3, 27)
  Time 28: (3, 27)
  Time 29: (3, 27)
  Time 30: (3, 27)
  Time 31: (3, 27)
  Time 32: (3, 27)
  Time 33: (3, 27)
  Time 34: (3, 27)
  Time 35: (3, 27)
  Time 36: (3, 27)
  Time 37: (3, 27)
  Time 38: (4, 27)
  Time 39: (3, 27)
  Time 40: (3, 27)
  Time 41: (3, 27)
  Time 42: (3, 27)
  Time 43: (3, 27)
  Time 44: (3, 27)
  Time 45: (3, 27)
  Time 46: (3, 27)

Agent 35 path:
  Time 0: (27, 22)
  Time 1: (27, 21)
  Time 2: (27, 20)
  Time 3: (27, 19)
  Time 4: (26, 19)
  Time 5: (26, 18)
  Time 6: (27, 18)
  Time 7: (27, 17)
  Time 8: (27, 16)
  Time 9: (26, 16)
  Time 10: (25, 16)
  Time 11: (24, 16)
  Time 12: (23, 16)
  Time 13: (23, 15)
  Time 14: (23, 14)
  Time 15: (23, 13)
  Time 16: (23, 12)
  Time 17: (23, 11)
  Time 18: (23, 10)
  Time 19: (23, 9)
  Time 20: (22, 9)
  Time 21: (21, 9)
  Time 22: (21, 8)
  Time 23: (21, 7)
  Time 24: (21, 6)
  Time 25: (21, 5)
  Time 26: (20, 5)
  Time 27: (19, 5)
  Time 28: (18, 5)
  Time 29: (18, 4)
  Time 30: (18, 3)
  Time 31: (17, 3)
  Time 32: (17, 3)
  Time 33: (16, 3)
  Time 34: (16, 3)
  Time 35: (16, 3)
  Time 36: (16, 3)
  Time 37: (16, 3)
  Time 38: (16, 3)
  Time 39: (16, 3)
  Time 40: (16, 3)
  Time 41: (16, 3)
  Time 42: (16, 3)
  Time 43: (16, 3)
  Time 44: (16, 3)
  Time 45: (16, 3)
  Time 46: (16, 3)

Agent 34 path:
  Time 0: (29, 13)
  Time 1: (28, 13)
  Time 2: (27, 13)
  Time 3: (26, 13)
  Time 4: (25, 13)
  Time 5: (24, 13)
  Time 6: (24, 12)
  Time 7: (24, 11)
  Time 8: (23, 11)
  Time 9: (22, 11)
  Time 10: (22, 10)
  Time 11: (21, 10)
  Time 12: (20, 10)
  Time 13: (19, 10)
  Time 14: (18, 10)
  Time 15: (17, 10)
  Time 16: (16, 10)
  Time 17: (15, 10)
  Time 18: (15, 9)
  Time 19: (14, 9)
  Time 20: (14, 9)
  Time 21: (15, 9)
  Time 22: (15, 9)
  Time 23: (15, 10)
  Time 24: (15, 11)
  Time 25: (15, 10)
  Time 26: (14, 10)
  Time 27: (13, 10)
  Time 28: (12, 10)
  Time 29: (11, 10)
  Time 30: (10, 10)
  Time 31: (11, 10)
  Time 32: (11, 9)
  Time 33: (10, 9)
  Time 34: (9, 9)
  Time 35: (8, 9)
  Time 36: (8, 8)
  Time 37: (8, 7)
  Time 38: (7, 7)
  Time 39: (6, 7)
  Time 40: (5, 7)
  Time 41: (5, 6)
  Time 42: (4, 6)
  Time 43: (3, 6)
  Time 44: (2, 6)
  Time 45: (1, 6)
  Time 46: (0, 6)

Agent 33 path:
  Time 0: (11, 1)
  Time 1: (11, 2)
  Time 2: (12, 2)
  Time 3: (12, 3)
  Time 4: (13, 3)
  Time 5: (13, 4)
  Time 6: (13, 5)
  Time 7: (13, 6)
  Time 8: (14, 6)
  Time 9: (15, 6)
  Time 10: (15, 7)
  Time 11: (16, 7)
  Time 12: (16, 8)
  Time 13: (16, 9)
  Time 14: (16, 10)
  Time 15: (16, 11)
  Time 16: (17, 11)
  Time 17: (17, 12)
  Time 18: (17, 13)
  Time 19: (18, 13)
  Time 20: (19, 13)
  Time 21: (19, 14)
  Time 22: (19, 15)
  Time 23: (20, 15)
  Time 24: (20, 16)
  Time 25: (20, 17)
  Time 26: (21, 17)
  Time 27: (22, 17)
  Time 28: (23, 17)
  Time 29: (24, 17)
  Time 30: (25, 17)
  Time 31: (26, 17)
  Time 32: (27, 17)
  Time 33: (28, 17)
  Time 34: (29, 17)
  Time 35: (30, 17)
  Time 36: (30, 17)
  Time 37: (30, 17)
  Time 38: (30, 17)
  Time 39: (30, 17)
  Time 40: (30, 17)
  Time 41: (30, 17)
  Time 42: (30, 17)
  Time 43: (30, 17)
  Time 44: (30, 17)
  Time 45: (30, 17)
  Time 46: (30, 17)

Agent 32 path:
  Time 0: (5, 28)
  Time 1: (6, 28)
  Time 2: (7, 28)
  Time 3: (7, 29)
  Time 4: (8, 29)
  Time 5: (9, 29)
  Time 6: (10, 29)
  Time 7: (11, 29)
  Time 8: (12, 29)
  Time 9: (13, 29)
  Time 10: (14, 29)
  Time 11: (15, 29)
  Time 12: (16, 29)
  Time 13: (17, 29)
  Time 14: (18, 29)
  Time 15: (19, 29)
  Time 16: (20, 29)
  Time 17: (21, 29)
  Time 18: (21, 29)
  Time 19: (21, 29)
  Time 20: (20, 29)
  Time 21: (19, 29)
  Time 22: (20, 29)
  Time 23: (21, 29)
  Time 24: (22, 29)
  Time 25: (23, 29)
  Time 26: (24, 29)
  Time 27: (24, 29)
  Time 28: (24, 29)
  Time 29: (24, 29)
  Time 30: (24, 29)
  Time 31: (24, 29)
  Time 32: (24, 29)
  Time 33: (24, 29)
  Time 34: (24, 28)
  Time 35: (24, 29)
  Time 36: (24, 29)
  Time 37: (24, 29)
  Time 38: (24, 29)
  Time 39: (24, 29)
  Time 40: (24, 29)
  Time 41: (24, 29)
  Time 42: (24, 29)
  Time 43: (24, 29)
  Time 44: (24, 29)
  Time 45: (24, 29)
  Time 46: (24, 29)

Agent 31 path:
  Time 0: (13, 13)
  Time 1: (13, 14)
  Time 2: (12, 14)
  Time 3: (12, 15)
  Time 4: (11, 15)
  Time 5: (10, 15)
  Time 6: (9, 15)
  Time 7: (9, 16)
  Time 8: (8, 16)
  Time 9: (7, 16)
  Time 10: (6, 16)
  Time 11: (5, 16)
  Time 12: (4, 16)
  Time 13: (4, 17)
  Time 14: (4, 18)
  Time 15: (4, 19)
  Time 16: (3, 19)
  Time 17: (3, 20)
  Time 18: (3, 21)
  Time 19: (3, 22)
  Time 20: (3, 23)
  Time 21: (3, 24)
  Time 22: (3, 25)
  Time 23: (3, 26)
  Time 24: (3, 27)
  Time 25: (2, 27)
  Time 26: (2, 27)
  Time 27: (2, 27)
  Time 28: (2, 27)
  Time 29: (2, 27)
  Time 30: (2, 27)
  Time 31: (2, 27)
  Time 32: (2, 27)
  Time 33: (2, 27)
  Time 34: (2, 27)
  Time 35: (2, 27)
  Time 36: (2, 27)
  Time 37: (2, 27)
  Time 38: (2, 27)
  Time 39: (2, 28)
  Time 40: (2, 27)
  Time 41: (2, 27)
  Time 42: (2, 27)
  Time 43: (2, 27)
  Time 44: (2, 27)
  Time 45: (2, 27)
  Time 46: (2, 27)

Agent 30 path:
  Time 0: (3, 25)
  Time 1: (4, 25)
  Time 2: (3, 25)
  Time 3: (4, 25)
  Time 4: (4, 26)
  Time 5: (5, 26)
  Time 6: (5, 27)
  Time 7: (5, 28)
  Time 8: (6, 28)
  Time 9: (7, 28)
  Time 10: (8, 28)
  Time 11: (8, 29)
  Time 12: (9, 29)
  Time 13: (10, 29)
  Time 14: (11, 29)
  Time 15: (12, 29)
  Time 16: (13, 29)
  Time 17: (14, 29)
  Time 18: (15, 29)
  Time 19: (16, 29)
  Time 20: (17, 29)
  Time 21: (18, 29)
  Time 22: (19, 29)
  Time 23: (20, 29)
  Time 24: (21, 29)
  Time 25: (22, 29)
  Time 26: (23, 29)
  Time 27: (23, 30)
  Time 28: (24, 30)
  Time 29: (25, 30)
  Time 30: (26, 30)
  Time 31: (27, 30)
  Time 32: (28, 30)
  Time 33: (29, 30)
  Time 34: (30, 30)
  Time 35: (30, 31)
  Time 36: (30, 31)
  Time 37: (30, 31)
  Time 38: (30, 31)
  Time 39: (30, 31)
  Time 40: (30, 31)
  Time 41: (30, 31)
  Time 42: (30, 31)
  Time 43: (30, 31)
  Time 44: (30, 31)
  Time 45: (30, 31)
  Time 46: (30, 31)

Agent 29 path:
  Time 0: (28, 8)
  Time 1: (27, 8)
  Time 2: (26, 8)
  Time 3: (26, 7)
  Time 4: (25, 7)
  Time 5: (24, 7)
  Time 6: (23, 7)
  Time 7: (22, 7)
  Time 8: (21, 7)
  Time 9: (20, 7)
  Time 10: (19, 7)
  Time 11: (18, 7)
  Time 12: (17, 7)
  Time 13: (16, 7)
  Time 14: (16, 6)
  Time 15: (15, 6)
  Time 16: (14, 6)
  Time 17: (13, 6)
  Time 18: (12, 6)
  Time 19: (11, 6)
  Time 20: (11, 5)
  Time 21: (10, 5)
  Time 22: (9, 5)
  Time 23: (8, 5)
  Time 24: (7, 5)
  Time 25: (6, 5)
  Time 26: (5, 5)
  Time 27: (4, 5)
  Time 28: (3, 5)
  Time 29: (2, 5)
  Time 30: (1, 5)
  Time 31: (1, 5)
  Time 32: (1, 5)
  Time 33: (1, 5)
  Time 34: (1, 5)
  Time 35: (1, 5)
  Time 36: (1, 5)
  Time 37: (1, 5)
  Time 38: (1, 5)
  Time 39: (1, 5)
  Time 40: (1, 5)
  Time 41: (1, 5)
  Time 42: (1, 5)
  Time 43: (1, 5)
  Time 44: (1, 5)
  Time 45: (1, 5)
  Time 46: (1, 5)

Agent 28 path:
  Time 0: (15, 4)
  Time 1: (16, 4)
  Time 2: (16, 5)
  Time 3: (16, 6)
  Time 4: (16, 7)
  Time 5: (17, 7)
  Time 6: (18, 7)
  Time 7: (19, 7)
  Time 8: (20, 7)
  Time 9: (20, 8)
  Time 10: (21, 8)
  Time 11: (22, 8)
  Time 12: (22, 9)
  Time 13: (23, 9)
  Time 14: (24, 9)
  Time 15: (24, 10)
  Time 16: (24, 11)
  Time 17: (24, 12)
  Time 18: (25, 12)
  Time 19: (26, 12)
  Time 20: (26, 13)
  Time 21: (27, 13)
  Time 22: (27, 13)
  Time 23: (27, 13)
  Time 24: (27, 13)
  Time 25: (27, 13)
  Time 26: (27, 13)
  Time 27: (27, 13)
  Time 28: (27, 13)
  Time 29: (27, 13)
  Time 30: (27, 13)
  Time 31: (27, 13)
  Time 32: (27, 13)
  Time 33: (27, 13)
  Time 34: (27, 13)
  Time 35: (27, 13)
  Time 36: (27, 13)
  Time 37: (27, 13)
  Time 38: (27, 13)
  Time 39: (27, 13)
  Time 40: (27, 13)
  Time 41: (27, 13)
  Time 42: (27, 13)
  Time 43: (27, 13)
  Time 44: (27, 13)
  Time 45: (27, 13)
  Time 46: (27, 13)

Agent 27 path:
  Time 0: (31, 20)
  Time 1: (30, 20)
  Time 2: (30, 19)
  Time 3: (29, 19)
  Time 4: (28, 19)
  Time 5: (27, 19)
  Time 6: (26, 19)
  Time 7: (25, 19)
  Time 8: (24, 19)
  Time 9: (23, 19)
  Time 10: (22, 19)
  Time 11: (21, 19)
  Time 12: (21, 20)
  Time 13: (20, 20)
  Time 14: (20, 21)
  Time 15: (20, 22)
  Time 16: (19, 22)
  Time 17: (18, 22)
  Time 18: (17, 22)
  Time 19: (16, 22)
  Time 20: (15, 22)
  Time 21: (14, 22)
  Time 22: (14, 22)
  Time 23: (13, 22)
  Time 24: (12, 22)
  Time 25: (11, 22)
  Time 26: (10, 22)
  Time 27: (9, 22)
  Time 28: (8, 22)
  Time 29: (7, 22)
  Time 30: (7, 22)
  Time 31: (6, 22)
  Time 32: (6, 22)
  Time 33: (6, 22)
  Time 34: (6, 22)
  Time 35: (6, 22)
  Time 36: (6, 22)
  Time 37: (6, 22)
  Time 38: (6, 22)
  Time 39: (6, 22)
  Time 40: (6, 22)
  Time 41: (6, 22)
  Time 42: (6, 22)
  Time 43: (6, 22)
  Time 44: (6, 22)
  Time 45: (6, 22)
  Time 46: (6, 22)

Agent 26 path:
  Time 0: (21, 16)
  Time 1: (22, 16)
  Time 2: (23, 16)
  Time 3: (23, 16)
  Time 4: (23, 15)
  Time 5: (23, 14)
  Time 6: (23, 14)
  Time 7: (23, 14)
  Time 8: (23, 14)
  Time 9: (23, 14)
  Time 10: (23, 14)
  Time 11: (23, 14)
  Time 12: (23, 14)
  Time 13: (23, 14)
  Time 14: (24, 14)
  Time 15: (23, 14)
  Time 16: (23, 14)
  Time 17: (23, 14)
  Time 18: (23, 14)
  Time 19: (23, 14)
  Time 20: (23, 14)
  Time 21: (23, 14)
  Time 22: (23, 14)
  Time 23: (23, 14)
  Time 24: (23, 14)
  Time 25: (23, 14)
  Time 26: (23, 14)
  Time 27: (23, 14)
  Time 28: (23, 14)
  Time 29: (23, 14)
  Time 30: (23, 14)
  Time 31: (23, 14)
  Time 32: (23, 14)
  Time 33: (23, 14)
  Time 34: (23, 14)
  Time 35: (23, 14)
  Time 36: (23, 14)
  Time 37: (23, 14)
  Time 38: (23, 14)
  Time 39: (23, 14)
  Time 40: (23, 14)
  Time 41: (23, 14)
  Time 42: (23, 14)
  Time 43: (23, 14)
  Time 44: (23, 14)
  Time 45: (23, 14)
  Time 46: (23, 14)

Agent 25 path:
  Time 0: (18, 18)
  Time 1: (19, 18)
  Time 2: (20, 18)
  Time 3: (20, 17)
  Time 4: (21, 17)
  Time 5: (22, 17)
  Time 6: (22, 17)
  Time 7: (22, 16)
  Time 8: (23, 16)
  Time 9: (23, 15)
  Time 10: (23, 15)
  Time 11: (23, 15)
  Time 12: (23, 15)
  Time 13: (22, 15)
  Time 14: (23, 15)
  Time 15: (23, 15)
  Time 16: (23, 16)
  Time 17: (23, 15)
  Time 18: (23, 15)
  Time 19: (23, 15)
  Time 20: (23, 15)
  Time 21: (23, 15)
  Time 22: (23, 15)
  Time 23: (23, 15)
  Time 24: (23, 15)
  Time 25: (23, 15)
  Time 26: (23, 15)
  Time 27: (23, 15)
  Time 28: (23, 15)
  Time 29: (23, 15)
  Time 30: (23, 15)
  Time 31: (23, 15)
  Time 32: (23, 15)
  Time 33: (23, 15)
  Time 34: (23, 15)
  Time 35: (23, 15)
  Time 36: (23, 15)
  Time 37: (23, 15)
  Time 38: (23, 15)
  Time 39: (23, 15)
  Time 40: (23, 15)
  Time 41: (23, 15)
  Time 42: (23, 15)
  Time 43: (23, 15)
  Time 44: (23, 15)
  Time 45: (23, 15)
  Time 46: (23, 15)

Agent 24 path:
  Time 0: (1, 13)
  Time 1: (1, 12)
  Time 2: (2, 12)
  Time 3: (2, 11)
  Time 4: (3, 11)
  Time 5: (3, 10)
  Time 6: (4, 10)
  Time 7: (5, 10)
  Time 8: (6, 10)
  Time 9: (7, 10)
  Time 10: (7, 10)
  Time 11: (7, 10)
  Time 12: (7, 10)
  Time 13: (7, 10)
  Time 14: (7, 10)
  Time 15: (7, 10)
  Time 16: (7, 10)
  Time 17: (7, 10)
  Time 18: (7, 10)
  Time 19: (7, 10)
  Time 20: (7, 10)
  Time 21: (7, 10)
  Time 22: (7, 10)
  Time 23: (7, 10)
  Time 24: (7, 10)
  Time 25: (7, 10)
  Time 26: (7, 10)
  Time 27: (7, 10)
  Time 28: (7, 10)
  Time 29: (7, 10)
  Time 30: (7, 10)
  Time 31: (7, 10)
  Time 32: (7, 10)
  Time 33: (7, 10)
  Time 34: (7, 10)
  Time 35: (7, 10)
  Time 36: (7, 10)
  Time 37: (7, 10)
  Time 38: (7, 10)
  Time 39: (7, 10)
  Time 40: (7, 10)
  Time 41: (7, 10)
  Time 42: (7, 10)
  Time 43: (7, 10)
  Time 44: (7, 10)
  Time 45: (7, 10)
  Time 46: (7, 10)

Agent 23 path:
  Time 0: (17, 18)
  Time 1: (18, 18)
  Time 2: (18, 18)
  Time 3: (17, 18)
  Time 4: (17, 19)
  Time 5: (17, 20)
  Time 6: (18, 20)
  Time 7: (19, 20)
  Time 8: (20, 20)
  Time 9: (20, 20)
  Time 10: (20, 20)
  Time 11: (20, 20)
  Time 12: (20, 20)
  Time 13: (20, 19)
  Time 14: (20, 20)
  Time 15: (20, 20)
  Time 16: (20, 20)
  Time 17: (20, 21)
  Time 18: (20, 20)
  Time 19: (20, 20)
  Time 20: (20, 20)
  Time 21: (20, 20)
  Time 22: (20, 20)
  Time 23: (20, 20)
  Time 24: (20, 20)
  Time 25: (20, 20)
  Time 26: (20, 20)
  Time 27: (20, 20)
  Time 28: (20, 20)
  Time 29: (20, 20)
  Time 30: (20, 20)
  Time 31: (20, 20)
  Time 32: (20, 20)
  Time 33: (20, 20)
  Time 34: (20, 20)
  Time 35: (20, 20)
  Time 36: (20, 20)
  Time 37: (20, 20)
  Time 38: (20, 20)
  Time 39: (20, 20)
  Time 40: (20, 20)
  Time 41: (20, 20)
  Time 42: (20, 20)
  Time 43: (20, 20)
  Time 44: (20, 20)
  Time 45: (20, 20)
  Time 46: (20, 20)

Agent 22 path:
  Time 0: (5, 2)
  Time 1: (5, 3)
  Time 2: (6, 3)
  Time 3: (7, 3)
  Time 4: (7, 4)
  Time 5: (8, 4)
  Time 6: (8, 5)
  Time 7: (9, 5)
  Time 8: (9, 6)
  Time 9: (9, 7)
  Time 10: (10, 7)
  Time 11: (10, 8)
  Time 12: (10, 9)
  Time 13: (10, 10)
  Time 14: (10, 11)
  Time 15: (10, 12)
  Time 16: (10, 13)
  Time 17: (10, 14)
  Time 18: (11, 14)
  Time 19: (12, 14)
  Time 20: (13, 14)
  Time 21: (14, 14)
  Time 22: (15, 14)
  Time 23: (15, 14)
  Time 24: (16, 14)
  Time 25: (17, 14)
  Time 26: (18, 14)
  Time 27: (19, 14)
  Time 28: (20, 14)
  Time 29: (21, 14)
  Time 30: (21, 15)
  Time 31: (22, 15)
  Time 32: (22, 16)
  Time 33: (23, 16)
  Time 34: (24, 16)
  Time 35: (25, 16)
  Time 36: (26, 16)
  Time 37: (27, 16)
  Time 38: (28, 16)
  Time 39: (29, 16)
  Time 40: (30, 16)
  Time 41: (30, 16)
  Time 42: (30, 16)
  Time 43: (30, 16)
  Time 44: (30, 16)
  Time 45: (30, 16)
  Time 46: (30, 16)

Agent 21 path:
  Time 0: (24, 20)
  Time 1: (24, 19)
  Time 2: (25, 19)
  Time 3: (26, 19)
  Time 4: (26, 18)
  Time 5: (27, 18)
  Time 6: (27, 19)
  Time 7: (28, 19)
  Time 8: (28, 19)
  Time 9: (29, 19)
  Time 10: (30, 19)
  Time 11: (30, 19)
  Time 12: (30, 19)
  Time 13: (30, 19)
  Time 14: (30, 19)
  Time 15: (30, 19)
  Time 16: (30, 19)
  Time 17: (30, 19)
  Time 18: (30, 19)
  Time 19: (30, 19)
  Time 20: (30, 19)
  Time 21: (30, 19)
  Time 22: (30, 19)
  Time 23: (30, 19)
  Time 24: (30, 19)
  Time 25: (30, 19)
  Time 26: (30, 19)
  Time 27: (30, 19)
  Time 28: (30, 19)
  Time 29: (30, 19)
  Time 30: (30, 19)
  Time 31: (30, 19)
  Time 32: (30, 19)
  Time 33: (30, 19)
  Time 34: (30, 19)
  Time 35: (30, 19)
  Time 36: (30, 19)
  Time 37: (30, 19)
  Time 38: (30, 19)
  Time 39: (30, 19)
  Time 40: (30, 19)
  Time 41: (30, 19)
  Time 42: (30, 19)
  Time 43: (30, 19)
  Time 44: (30, 19)
  Time 45: (30, 19)
  Time 46: (30, 19)

Agent 20 path:
  Time 0: (5, 8)
  Time 1: (6, 8)
  Time 2: (6, 9)
  Time 3: (6, 10)
  Time 4: (6, 11)
  Time 5: (6, 12)
  Time 6: (7, 12)
  Time 7: (7, 13)
  Time 8: (7, 14)
  Time 9: (7, 15)
  Time 10: (7, 16)
  Time 11: (7, 17)
  Time 12: (8, 17)
  Time 13: (9, 17)
  Time 14: (9, 18)
  Time 15: (10, 18)
  Time 16: (11, 18)
  Time 17: (12, 18)
  Time 18: (13, 18)
  Time 19: (13, 19)
  Time 20: (14, 19)
  Time 21: (15, 19)
  Time 22: (16, 19)
  Time 23: (17, 19)
  Time 24: (18, 19)
  Time 25: (19, 19)
  Time 26: (20, 19)
  Time 27: (21, 19)
  Time 28: (22, 19)
  Time 29: (23, 19)
  Time 30: (24, 19)
  Time 31: (25, 19)
  Time 32: (25, 20)
  Time 33: (26, 20)
  Time 34: (27, 20)
  Time 35: (28, 20)
  Time 36: (29, 20)
  Time 37: (30, 20)
  Time 38: (30, 21)
  Time 39: (30, 22)
  Time 40: (30, 22)
  Time 41: (30, 22)
  Time 42: (30, 22)
  Time 43: (30, 22)
  Time 44: (30, 22)
  Time 45: (30, 22)
  Time 46: (30, 22)

Agent 19 path:
  Time 0: (22, 19)
  Time 1: (23, 19)
  Time 2: (23, 19)
  Time 3: (23, 19)
  Time 4: (23, 19)
  Time 5: (24, 19)
  Time 6: (23, 19)
  Time 7: (23, 19)
  Time 8: (23, 19)
  Time 9: (23, 18)
  Time 10: (23, 19)
  Time 11: (24, 19)
  Time 12: (23, 19)
  Time 13: (23, 19)
  Time 14: (24, 19)
  Time 15: (23, 19)
  Time 16: (23, 19)
  Time 17: (23, 19)
  Time 18: (23, 19)
  Time 19: (23, 19)
  Time 20: (23, 19)
  Time 21: (23, 19)
  Time 22: (23, 19)
  Time 23: (23, 19)
  Time 24: (23, 19)
  Time 25: (23, 19)
  Time 26: (23, 19)
  Time 27: (23, 19)
  Time 28: (23, 19)
  Time 29: (23, 18)
  Time 30: (23, 19)
  Time 31: (23, 19)
  Time 32: (23, 19)
  Time 33: (23, 19)
  Time 34: (23, 19)
  Time 35: (23, 19)
  Time 36: (23, 19)
  Time 37: (23, 19)
  Time 38: (23, 19)
  Time 39: (23, 19)
  Time 40: (23, 19)
  Time 41: (23, 19)
  Time 42: (23, 19)
  Time 43: (23, 19)
  Time 44: (23, 19)
  Time 45: (23, 19)
  Time 46: (23, 19)

Agent 18 path:
  Time 0: (29, 28)
  Time 1: (29, 27)
  Time 2: (29, 27)
  Time 3: (28, 27)
  Time 4: (28, 26)
  Time 5: (27, 26)
  Time 6: (26, 26)
  Time 7: (25, 26)
  Time 8: (25, 25)
  Time 9: (24, 25)
  Time 10: (24, 24)
  Time 11: (23, 24)
  Time 12: (22, 24)
  Time 13: (22, 23)
  Time 14: (21, 23)
  Time 15: (20, 23)
  Time 16: (20, 22)
  Time 17: (19, 22)
  Time 18: (19, 21)
  Time 19: (19, 20)
  Time 20: (19, 19)
  Time 21: (19, 18)
  Time 22: (19, 17)
  Time 23: (20, 17)
  Time 24: (19, 17)
  Time 25: (19, 17)
  Time 26: (19, 17)
  Time 27: (19, 17)
  Time 28: (19, 17)
  Time 29: (19, 17)
  Time 30: (19, 17)
  Time 31: (19, 17)
  Time 32: (19, 17)
  Time 33: (19, 17)
  Time 34: (19, 17)
  Time 35: (19, 17)
  Time 36: (19, 17)
  Time 37: (19, 17)
  Time 38: (19, 17)
  Time 39: (19, 17)
  Time 40: (19, 17)
  Time 41: (19, 17)
  Time 42: (19, 17)
  Time 43: (19, 17)
  Time 44: (19, 17)
  Time 45: (19, 17)
  Time 46: (19, 17)

Agent 17 path:
  Time 0: (15, 0)
  Time 1: (14, 0)
  Time 2: (14, 1)
  Time 3: (14, 2)
  Time 4: (14, 3)
  Time 5: (13, 3)
  Time 6: (13, 4)
  Time 7: (13, 5)
  Time 8: (13, 6)
  Time 9: (12, 6)
  Time 10: (11, 6)
  Time 11: (11, 6)
  Time 12: (11, 6)
  Time 13: (10, 6)
  Time 14: (9, 6)
  Time 15: (9, 7)
  Time 16: (9, 7)
  Time 17: (10, 7)
  Time 18: (10, 7)
  Time 19: (9, 7)
  Time 20: (8, 7)
  Time 21: (7, 7)
  Time 22: (6, 7)
  Time 23: (6, 8)
  Time 24: (5, 8)
  Time 25: (4, 8)
  Time 26: (4, 9)
  Time 27: (3, 9)
  Time 28: (2, 9)
  Time 29: (1, 9)
  Time 30: (0, 9)
  Time 31: (0, 9)
  Time 32: (0, 9)
  Time 33: (0, 9)
  Time 34: (0, 9)
  Time 35: (0, 9)
  Time 36: (0, 9)
  Time 37: (0, 9)
  Time 38: (0, 9)
  Time 39: (0, 9)
  Time 40: (0, 9)
  Time 41: (0, 9)
  Time 42: (0, 9)
  Time 43: (0, 9)
  Time 44: (0, 9)
  Time 45: (0, 9)
  Time 46: (0, 9)

Agent 16 path:
  Time 0: (19, 13)
  Time 1: (19, 12)
  Time 2: (19, 11)
  Time 3: (20, 11)
  Time 4: (20, 11)
  Time 5: (21, 11)
  Time 6: (21, 10)
  Time 7: (21, 10)
  Time 8: (22, 10)
  Time 9: (22, 9)
  Time 10: (22, 8)
  Time 11: (23, 8)
  Time 12: (24, 8)
  Time 13: (25, 8)
  Time 14: (26, 8)
  Time 15: (27, 8)
  Time 16: (28, 8)
  Time 17: (28, 7)
  Time 18: (28, 7)
  Time 19: (28, 7)
  Time 20: (28, 7)
  Time 21: (28, 7)
  Time 22: (28, 7)
  Time 23: (28, 7)
  Time 24: (28, 7)
  Time 25: (28, 7)
  Time 26: (28, 7)
  Time 27: (28, 7)
  Time 28: (28, 7)
  Time 29: (28, 7)
  Time 30: (28, 7)
  Time 31: (28, 7)
  Time 32: (28, 7)
  Time 33: (28, 7)
  Time 34: (28, 7)
  Time 35: (28, 7)
  Time 36: (28, 7)
  Time 37: (28, 7)
  Time 38: (28, 7)
  Time 39: (28, 7)
  Time 40: (28, 7)
  Time 41: (28, 7)
  Time 42: (28, 7)
  Time 43: (28, 7)
  Time 44: (28, 7)
  Time 45: (28, 7)
  Time 46: (28, 7)

Agent 15 path:
  Time 0: (28, 12)
  Time 1: (27, 12)
  Time 2: (26, 12)
  Time 3: (25, 12)
  Time 4: (24, 12)
  Time 5: (23, 12)
  Time 6: (22, 12)
  Time 7: (21, 12)
  Time 8: (20, 12)
  Time 9: (19, 12)
  Time 10: (18, 12)
  Time 11: (17, 12)
  Time 12: (16, 12)
  Time 13: (15, 12)
  Time 14: (14, 12)
  Time 15: (13, 12)
  Time 16: (12, 12)
  Time 17: (11, 12)
  Time 18: (10, 12)
  Time 19: (10, 11)
  Time 20: (9, 11)
  Time 21: (8, 11)
  Time 22: (7, 11)
  Time 23: (7, 12)
  Time 24: (6, 12)
  Time 25: (5, 12)
  Time 26: (5, 12)
  Time 27: (5, 12)
  Time 28: (5, 12)
  Time 29: (5, 12)
  Time 30: (5, 12)
  Time 31: (5, 12)
  Time 32: (5, 12)
  Time 33: (5, 12)
  Time 34: (5, 12)
  Time 35: (5, 12)
  Time 36: (5, 12)
  Time 37: (5, 12)
  Time 38: (5, 12)
  Time 39: (5, 12)
  Time 40: (5, 12)
  Time 41: (5, 12)
  Time 42: (5, 12)
  Time 43: (5, 12)
  Time 44: (5, 12)
  Time 45: (5, 12)
  Time 46: (5, 12)

Agent 14 path:
  Time 0: (22, 31)
  Time 1: (22, 30)
  Time 2: (22, 29)
  Time 3: (22, 28)
  Time 4: (22, 27)
  Time 5: (21, 27)
  Time 6: (21, 26)
  Time 7: (20, 26)
  Time 8: (20, 25)
  Time 9: (19, 25)
  Time 10: (19, 24)
  Time 11: (19, 23)
  Time 12: (18, 23)
  Time 13: (17, 23)
  Time 14: (17, 22)
  Time 15: (17, 21)
  Time 16: (17, 20)
  Time 17: (17, 19)
  Time 18: (17, 18)
  Time 19: (17, 17)
  Time 20: (16, 17)
  Time 21: (16, 16)
  Time 22: (16, 15)
  Time 23: (16, 14)
  Time 24: (16, 13)
  Time 25: (16, 12)
  Time 26: (16, 11)
  Time 27: (16, 10)
  Time 28: (16, 10)
  Time 29: (16, 9)
  Time 30: (16, 8)
  Time 31: (16, 7)
  Time 32: (15, 7)
  Time 33: (15, 6)
  Time 34: (14, 6)
  Time 35: (13, 6)
  Time 36: (13, 5)
  Time 37: (13, 4)
  Time 38: (13, 3)
  Time 39: (12, 3)
  Time 40: (11, 3)
  Time 41: (11, 2)
  Time 42: (11, 1)
  Time 43: (11, 1)
  Time 44: (11, 1)
  Time 45: (11, 1)
  Time 46: (11, 1)

Agent 13 path:
  Time 0: (21, 7)
  Time 1: (20, 7)
  Time 2: (19, 7)
  Time 3: (19, 6)
  Time 4: (19, 6)
  Time 5: (19, 6)
  Time 6: (19, 6)
  Time 7: (19, 6)
  Time 8: (19, 6)
  Time 9: (19, 6)
  Time 10: (19, 6)
  Time 11: (19, 6)
  Time 12: (19, 6)
  Time 13: (19, 6)
  Time 14: (19, 6)
  Time 15: (19, 6)
  Time 16: (19, 6)
  Time 17: (19, 6)
  Time 18: (19, 6)
  Time 19: (19, 6)
  Time 20: (19, 6)
  Time 21: (19, 6)
  Time 22: (19, 6)
  Time 23: (19, 6)
  Time 24: (19, 6)
  Time 25: (19, 6)
  Time 26: (19, 6)
  Time 27: (19, 6)
  Time 28: (19, 6)
  Time 29: (19, 6)
  Time 30: (19, 6)
  Time 31: (19, 6)
  Time 32: (19, 6)
  Time 33: (19, 6)
  Time 34: (19, 6)
  Time 35: (19, 6)
  Time 36: (19, 6)
  Time 37: (19, 6)
  Time 38: (19, 6)
  Time 39: (19, 6)
  Time 40: (19, 6)
  Time 41: (19, 6)
  Time 42: (19, 6)
  Time 43: (19, 6)
  Time 44: (19, 6)
  Time 45: (19, 6)
  Time 46: (19, 6)

Agent 12 path:
  Time 0: (25, 30)
  Time 1: (24, 30)
  Time 2: (23, 30)
  Time 3: (22, 30)
  Time 4: (22, 29)
  Time 5: (22, 28)
  Time 6: (21, 28)
  Time 7: (20, 28)
  Time 8: (20, 27)
  Time 9: (20, 26)
  Time 10: (20, 25)
  Time 11: (19, 25)
  Time 12: (18, 25)
  Time 13: (17, 25)
  Time 14: (16, 25)
  Time 15: (15, 25)
  Time 16: (15, 24)
  Time 17: (15, 23)
  Time 18: (14, 23)
  Time 19: (14, 22)
  Time 20: (14, 21)
  Time 21: (14, 20)
  Time 22: (14, 20)
  Time 23: (14, 20)
  Time 24: (14, 20)
  Time 25: (13, 20)
  Time 26: (14, 20)
  Time 27: (14, 20)
  Time 28: (14, 20)
  Time 29: (14, 20)
  Time 30: (14, 20)
  Time 31: (14, 20)
  Time 32: (14, 20)
  Time 33: (14, 20)
  Time 34: (14, 20)
  Time 35: (14, 20)
  Time 36: (14, 20)
  Time 37: (14, 20)
  Time 38: (14, 20)
  Time 39: (14, 20)
  Time 40: (14, 20)
  Time 41: (14, 20)
  Time 42: (14, 20)
  Time 43: (14, 20)
  Time 44: (14, 20)
  Time 45: (14, 20)
  Time 46: (14, 20)

Agent 11 path:
  Time 0: (10, 6)
  Time 1: (10, 7)
  Time 2: (10, 8)
  Time 3: (10, 9)
  Time 4: (11, 9)
  Time 5: (11, 10)
  Time 6: (11, 11)
  Time 7: (11, 12)
  Time 8: (12, 12)
  Time 9: (13, 12)
  Time 10: (13, 13)
  Time 11: (14, 13)
  Time 12: (15, 13)
  Time 13: (16, 13)
  Time 14: (17, 13)
  Time 15: (17, 14)
  Time 16: (17, 15)
  Time 17: (17, 16)
  Time 18: (17, 16)
  Time 19: (17, 16)
  Time 20: (17, 17)
  Time 21: (17, 18)
  Time 22: (17, 18)
  Time 23: (17, 18)
  Time 24: (17, 19)
  Time 25: (17, 20)
  Time 26: (18, 20)
  Time 27: (18, 21)
  Time 28: (18, 22)
  Time 29: (18, 23)
  Time 30: (18, 24)
  Time 31: (18, 25)
  Time 32: (18, 26)
  Time 33: (18, 27)
  Time 34: (18, 28)
  Time 35: (18, 29)
  Time 36: (18, 29)
  Time 37: (18, 29)
  Time 38: (18, 29)
  Time 39: (18, 29)
  Time 40: (18, 29)
  Time 41: (18, 29)
  Time 42: (18, 29)
  Time 43: (18, 29)
  Time 44: (18, 29)
  Time 45: (18, 29)
  Time 46: (18, 29)

Agent 10 path:
  Time 0: (18, 21)
  Time 1: (18, 20)
  Time 2: (19, 20)
  Time 3: (19, 19)
  Time 4: (19, 18)
  Time 5: (19, 17)
  Time 6: (19, 16)
  Time 7: (19, 15)
  Time 8: (19, 14)
  Time 9: (18, 14)
  Time 10: (18, 13)
  Time 11: (18, 12)
  Time 12: (18, 11)
  Time 13: (18, 11)
  Time 14: (18, 11)
  Time 15: (18, 11)
  Time 16: (18, 11)
  Time 17: (18, 11)
  Time 18: (18, 11)
  Time 19: (18, 11)
  Time 20: (18, 11)
  Time 21: (18, 11)
  Time 22: (18, 11)
  Time 23: (18, 11)
  Time 24: (18, 10)
  Time 25: (18, 11)
  Time 26: (18, 11)
  Time 27: (18, 11)
  Time 28: (18, 11)
  Time 29: (18, 11)
  Time 30: (18, 11)
  Time 31: (18, 11)
  Time 32: (18, 11)
  Time 33: (18, 11)
  Time 34: (18, 11)
  Time 35: (18, 11)
  Time 36: (18, 11)
  Time 37: (18, 11)
  Time 38: (18, 11)
  Time 39: (18, 11)
  Time 40: (18, 11)
  Time 41: (18, 11)
  Time 42: (18, 11)
  Time 43: (18, 11)
  Time 44: (18, 11)
  Time 45: (18, 11)
  Time 46: (18, 11)

Agent 9 path:
  Time 0: (27, 17)
  Time 1: (26, 17)
  Time 2: (25, 17)
  Time 3: (24, 17)
  Time 4: (24, 16)
  Time 5: (23, 16)
  Time 6: (22, 16)
  Time 7: (21, 16)
  Time 8: (20, 16)
  Time 9: (19, 16)
  Time 10: (19, 16)
  Time 11: (20, 16)
  Time 12: (19, 16)
  Time 13: (19, 16)
  Time 14: (19, 15)
  Time 15: (19, 16)
  Time 16: (20, 16)
  Time 17: (20, 15)
  Time 18: (19, 15)
  Time 19: (19, 16)
  Time 20: (19, 16)
  Time 21: (19, 16)
  Time 22: (18, 16)
  Time 23: (19, 16)
  Time 24: (18, 16)
  Time 25: (19, 16)
  Time 26: (19, 16)
  Time 27: (19, 16)
  Time 28: (19, 16)
  Time 29: (19, 16)
  Time 30: (19, 16)
  Time 31: (19, 16)
  Time 32: (19, 16)
  Time 33: (19, 16)
  Time 34: (19, 16)
  Time 35: (19, 16)
  Time 36: (19, 16)
  Time 37: (19, 16)
  Time 38: (19, 16)
  Time 39: (19, 16)
  Time 40: (19, 16)
  Time 41: (19, 16)
  Time 42: (19, 16)
  Time 43: (19, 16)
  Time 44: (19, 16)
  Time 45: (19, 16)
  Time 46: (19, 16)

Agent 8 path:
  Time 0: (0, 31)
  Time 1: (0, 30)
  Time 2: (1, 30)
  Time 3: (2, 30)
  Time 4: (2, 29)
  Time 5: (2, 28)
  Time 6: (3, 28)
  Time 7: (4, 28)
  Time 8: (5, 28)
  Time 9: (6, 28)
  Time 10: (7, 28)
  Time 11: (8, 28)
  Time 12: (9, 28)
  Time 13: (9, 27)
  Time 14: (10, 27)
  Time 15: (11, 27)
  Time 16: (11, 26)
  Time 17: (11, 25)
  Time 18: (11, 24)
  Time 19: (11, 23)
  Time 20: (11, 22)
  Time 21: (12, 22)
  Time 22: (13, 22)
  Time 23: (13, 21)
  Time 24: (14, 21)
  Time 25: (14, 20)
  Time 26: (14, 19)
  Time 27: (15, 19)
  Time 28: (16, 19)
  Time 29: (17, 19)
  Time 30: (17, 18)
  Time 31: (17, 17)
  Time 32: (17, 16)
  Time 33: (17, 15)
  Time 34: (17, 14)
  Time 35: (17, 13)
  Time 36: (17, 12)
  Time 37: (17, 11)
  Time 38: (17, 10)
  Time 39: (17, 9)
  Time 40: (17, 8)
  Time 41: (17, 7)
  Time 42: (17, 6)
  Time 43: (17, 5)
  Time 44: (17, 4)
  Time 45: (17, 4)
  Time 46: (17, 4)

Agent 7 path:
  Time 0: (2, 23)
  Time 1: (3, 23)
  Time 2: (4, 23)
  Time 3: (5, 23)
  Time 4: (6, 23)
  Time 5: (6, 22)
  Time 6: (6, 21)
  Time 7: (6, 20)
  Time 8: (6, 19)
  Time 9: (6, 18)
  Time 10: (6, 17)
  Time 11: (6, 16)
  Time 12: (6, 15)
  Time 13: (7, 15)
  Time 14: (7, 14)
  Time 15: (7, 13)
  Time 16: (8, 13)
  Time 17: (9, 13)
  Time 18: (10, 13)
  Time 19: (10, 12)
  Time 20: (10, 11)
  Time 21: (11, 11)
  Time 22: (11, 10)
  Time 23: (12, 10)
  Time 24: (13, 10)
  Time 25: (14, 10)
  Time 26: (14, 9)
  Time 27: (15, 9)
  Time 28: (16, 9)
  Time 29: (16, 8)
  Time 30: (16, 7)
  Time 31: (16, 6)
  Time 32: (16, 5)
  Time 33: (17, 5)
  Time 34: (17, 4)
  Time 35: (17, 3)
  Time 36: (18, 3)
  Time 37: (18, 2)
  Time 38: (19, 2)
  Time 39: (20, 2)
  Time 40: (21, 2)
  Time 41: (22, 2)
  Time 42: (23, 2)
  Time 43: (24, 2)
  Time 44: (25, 2)
  Time 45: (26, 2)
  Time 46: (27, 2)

Agent 6 path:
  Time 0: (21, 0)
  Time 1: (21, 1)
  Time 2: (22, 1)
  Time 3: (23, 1)
  Time 4: (23, 1)
  Time 5: (23, 1)
  Time 6: (23, 1)
  Time 7: (23, 1)
  Time 8: (23, 1)
  Time 9: (23, 1)
  Time 10: (23, 1)
  Time 11: (23, 1)
  Time 12: (23, 1)
  Time 13: (23, 1)
  Time 14: (23, 1)
  Time 15: (23, 1)
  Time 16: (23, 1)
  Time 17: (23, 1)
  Time 18: (23, 1)
  Time 19: (23, 1)
  Time 20: (23, 1)
  Time 21: (23, 1)
  Time 22: (23, 1)
  Time 23: (23, 1)
  Time 24: (23, 1)
  Time 25: (23, 1)
  Time 26: (23, 1)
  Time 27: (23, 1)
  Time 28: (23, 1)
  Time 29: (23, 1)
  Time 30: (23, 1)
  Time 31: (23, 1)
  Time 32: (23, 1)
  Time 33: (23, 1)
  Time 34: (23, 1)
  Time 35: (23, 1)
  Time 36: (23, 1)
  Time 37: (23, 1)
  Time 38: (23, 1)
  Time 39: (23, 1)
  Time 40: (23, 1)
  Time 41: (23, 1)
  Time 42: (23, 1)
  Time 43: (23, 1)
  Time 44: (23, 1)
  Time 45: (23, 1)
  Time 46: (23, 1)

Agent 5 path:
  Time 0: (29, 17)
  Time 1: (29, 18)
  Time 2: (28, 18)
  Time 3: (27, 18)
  Time 4: (27, 19)
  Time 5: (27, 20)
  Time 6: (27, 21)
  Time 7: (27, 22)
  Time 8: (26, 22)
  Time 9: (26, 23)
  Time 10: (26, 24)
  Time 11: (26, 25)
  Time 12: (26, 26)
  Time 13: (26, 27)
  Time 14: (25, 27)
  Time 15: (24, 27)
  Time 16: (23, 27)
  Time 17: (22, 27)
  Time 18: (21, 27)
  Time 19: (20, 27)
  Time 20: (19, 27)
  Time 21: (18, 27)
  Time 22: (17, 27)
  Time 23: (16, 27)
  Time 24: (16, 28)
  Time 25: (15, 28)
  Time 26: (15, 29)
  Time 27: (14, 29)
  Time 28: (13, 29)
  Time 29: (12, 29)
  Time 30: (11, 29)
  Time 31: (11, 30)
  Time 32: (10, 30)
  Time 33: (9, 30)
  Time 34: (8, 30)
  Time 35: (7, 30)
  Time 36: (6, 30)
  Time 37: (5, 30)
  Time 38: (4, 30)
  Time 39: (3, 30)
  Time 40: (2, 30)
  Time 41: (1, 30)
  Time 42: (0, 30)
  Time 43: (0, 31)
  Time 44: (0, 31)
  Time 45: (0, 31)
  Time 46: (0, 31)

Agent 4 path:
  Time 0: (25, 2)
  Time 1: (25, 1)
  Time 2: (25, 0)
  Time 3: (26, 0)
  Time 4: (27, 0)
  Time 5: (28, 0)
  Time 6: (29, 0)
  Time 7: (30, 0)
  Time 8: (30, 0)
  Time 9: (30, 0)
  Time 10: (30, 0)
  Time 11: (30, 0)
  Time 12: (30, 0)
  Time 13: (30, 0)
  Time 14: (30, 0)
  Time 15: (30, 0)
  Time 16: (30, 0)
  Time 17: (30, 0)
  Time 18: (30, 0)
  Time 19: (30, 0)
  Time 20: (30, 0)
  Time 21: (30, 0)
  Time 22: (30, 0)
  Time 23: (30, 0)
  Time 24: (30, 0)
  Time 25: (30, 0)
  Time 26: (30, 0)
  Time 27: (30, 0)
  Time 28: (30, 0)
  Time 29: (30, 0)
  Time 30: (30, 0)
  Time 31: (30, 0)
  Time 32: (30, 0)
  Time 33: (30, 0)
  Time 34: (30, 0)
  Time 35: (30, 0)
  Time 36: (30, 0)
  Time 37: (30, 0)
  Time 38: (30, 0)
  Time 39: (30, 0)
  Time 40: (30, 0)
  Time 41: (30, 0)
  Time 42: (30, 0)
  Time 43: (30, 0)
  Time 44: (30, 0)
  Time 45: (30, 0)
  Time 46: (30, 0)

Agent 3 path:
  Time 0: (1, 18)
  Time 1: (1, 19)
  Time 2: (1, 20)
  Time 3: (2, 20)
  Time 4: (2, 21)
  Time 5: (2, 22)
  Time 6: (3, 22)
  Time 7: (3, 23)
  Time 8: (4, 23)
  Time 9: (5, 23)
  Time 10: (5, 24)
  Time 11: (6, 24)
  Time 12: (6, 25)
  Time 13: (7, 25)
  Time 14: (8, 25)
  Time 15: (9, 25)
  Time 16: (10, 25)
  Time 17: (10, 26)
  Time 18: (10, 27)
  Time 19: (10, 28)
  Time 20: (10, 29)
  Time 21: (11, 29)
  Time 22: (12, 29)
  Time 23: (13, 29)
  Time 24: (14, 29)
  Time 25: (15, 29)
  Time 26: (16, 29)
  Time 27: (17, 29)
  Time 28: (18, 29)
  Time 29: (19, 29)
  Time 30: (20, 29)
  Time 31: (21, 29)
  Time 32: (22, 29)
  Time 33: (23, 29)
  Time 34: (24, 29)
  Time 35: (25, 29)
  Time 36: (26, 29)
  Time 37: (27, 29)
  Time 38: (28, 29)
  Time 39: (29, 29)
  Time 40: (29, 29)
  Time 41: (29, 29)
  Time 42: (29, 29)
  Time 43: (29, 29)
  Time 44: (29, 29)
  Time 45: (29, 29)
  Time 46: (29, 29)

Agent 2 path:
  Time 0: (6, 16)
  Time 1: (6, 15)
  Time 2: (6, 14)
  Time 3: (6, 13)
  Time 4: (6, 12)
  Time 5: (7, 12)
  Time 6: (7, 11)
  Time 7: (8, 11)
  Time 8: (8, 10)
  Time 9: (9, 10)
  Time 10: (9, 9)
  Time 11: (10, 9)
  Time 12: (9, 9)
  Time 13: (9, 9)
  Time 14: (9, 9)
  Time 15: (9, 9)
  Time 16: (9, 9)
  Time 17: (10, 9)
  Time 18: (10, 8)
  Time 19: (10, 7)
  Time 20: (10, 6)
  Time 21: (11, 6)
  Time 22: (12, 6)
  Time 23: (13, 6)
  Time 24: (13, 5)
  Time 25: (13, 4)
  Time 26: (13, 4)
  Time 27: (13, 4)
  Time 28: (13, 3)
  Time 29: (14, 3)
  Time 30: (14, 3)
  Time 31: (15, 3)
  Time 32: (16, 3)
  Time 33: (16, 2)
  Time 34: (17, 2)
  Time 35: (18, 2)
  Time 36: (19, 2)
  Time 37: (20, 2)
  Time 38: (20, 1)
  Time 39: (20, 1)
  Time 40: (20, 1)
  Time 41: (20, 1)
  Time 42: (20, 1)
  Time 43: (20, 1)
  Time 44: (20, 1)
  Time 45: (20, 1)
  Time 46: (20, 1)

Agent 1 path:
  Time 0: (18, 23)
  Time 1: (19, 23)
  Time 2: (20, 23)
  Time 3: (21, 23)
  Time 4: (21, 24)
  Time 5: (22, 24)
  Time 6: (23, 24)
  Time 7: (24, 24)
  Time 8: (24, 23)
  Time 9: (24, 24)
  Time 10: (25, 24)
  Time 11: (26, 24)
  Time 12: (26, 23)
  Time 13: (27, 23)
  Time 14: (27, 23)
  Time 15: (27, 23)
  Time 16: (27, 23)
  Time 17: (27, 23)
  Time 18: (27, 23)
  Time 19: (27, 23)
  Time 20: (27, 23)
  Time 21: (27, 23)
  Time 22: (27, 23)
  Time 23: (27, 23)
  Time 24: (27, 23)
  Time 25: (27, 23)
  Time 26: (27, 23)
  Time 27: (27, 23)
  Time 28: (27, 23)
  Time 29: (27, 23)
  Time 30: (27, 23)
  Time 31: (27, 23)
  Time 32: (27, 23)
  Time 33: (27, 23)
  Time 34: (27, 23)
  Time 35: (27, 23)
  Time 36: (27, 23)
  Time 37: (27, 23)
  Time 38: (27, 23)
  Time 39: (27, 23)
  Time 40: (27, 23)
  Time 41: (27, 23)
  Time 42: (27, 23)
  Time 43: (27, 23)
  Time 44: (27, 23)
  Time 45: (27, 23)
  Time 46: (27, 23)

Agent 0 path:
  Time 0: (5, 30)
  Time 1: (6, 30)
  Time 2: (6, 29)
  Time 3: (6, 28)
  Time 4: (7, 28)
  Time 5: (8, 28)
  Time 6: (9, 28)
  Time 7: (10, 28)
  Time 8: (11, 28)
  Time 9: (12, 28)
  Time 10: (13, 28)
  Time 11: (14, 28)
  Time 12: (14, 28)
  Time 13: (14, 28)
  Time 14: (14, 28)
  Time 15: (14, 28)
  Time 16: (14, 28)
  Time 17: (14, 28)
  Time 18: (14, 28)
  Time 19: (14, 28)
  Time 20: (14, 29)
  Time 21: (14, 28)
  Time 22: (14, 28)
  Time 23: (14, 28)
  Time 24: (14, 28)
  Time 25: (14, 28)
  Time 26: (14, 28)
  Time 27: (14, 28)
  Time 28: (14, 28)
  Time 29: (14, 28)
  Time 30: (14, 28)
  Time 31: (14, 28)
  Time 32: (14, 28)
  Time 33: (14, 28)
  Time 34: (14, 28)
  Time 35: (14, 28)
  Time 36: (14, 28)
  Time 37: (14, 28)
  Time 38: (14, 28)
  Time 39: (14, 28)
  Time 40: (14, 28)
  Time 41: (14, 28)
  Time 42: (14, 28)
  Time 43: (14, 28)
  Time 44: (14, 28)
  Time 45: (14, 28)
  Time 46: (14, 28)

[LNS] Verified Final agent paths:
[LNS] IT WORKED I THINK
