# Batch started 2026-07-08 22:34:21 | map=/home/max/Documents/PhD/MAPF/LNS/MAPF_LNS_SAT/mapf-map/empty-32-32.map | agents=100 | total_time_limit=600s

# Run 0 | scenario="/home/max/Documents/PhD/MAPF/LNS/MAPF_LNS_SAT/mapf-scen-even/scen-even/empty-32-32-even-1.scen" | scenario_index=0
# Command: /home/max/Documents/PhD/MAPF/LNS/MAPF_LNS_SAT/lns_clean/main_clean_lns /home/max/Documents/PhD/MAPF/LNS/MAPF_LNS_SAT/mapf-map/empty-32-32.map /home/max/Documents/PhD/MAPF/LNS/MAPF_LNS_SAT/mapf-scen-even/scen-even/empty-32-32-even-1.scen 100 0 minisat 42
# Remaining time budget: 599 seconds
[LNS] Loaded map 32x32, agents: 100
[LNS] Map:
................................
................................
................................
................................
................................
................................
................................
................................
................................
................................
................................
................................
................................
................................
................................
................................
................................
................................
................................
................................
................................
................................
................................
................................
................................
................................
................................
................................
................................
................................
................................
................................
[LNS] Number of agents: 100
[LNS] Agents (start -> goal):
  Agent 0: (25,11) -> (30,20)
  Agent 1: (31,14) -> (16,23)
  Agent 2: (23,5) -> (11,5)
  Agent 3: (13,13) -> (27,28)
  Agent 4: (27,3) -> (2,13)
  Agent 5: (3,16) -> (22,0)
  Agent 6: (25,24) -> (23,22)
  Agent 7: (22,18) -> (2,27)
  Agent 8: (8,28) -> (7,11)
  Agent 9: (3,7) -> (28,12)
  Agent 10: (0,5) -> (10,2)
  Agent 11: (7,14) -> (28,26)
  Agent 12: (8,23) -> (22,24)
  Agent 13: (20,9) -> (20,20)
  Agent 14: (14,26) -> (17,31)
  Agent 15: (10,19) -> (28,28)
  Agent 16: (25,9) -> (2,26)
  Agent 17: (1,22) -> (19,0)
  Agent 18: (24,18) -> (14,10)
  Agent 19: (4,3) -> (30,11)
  Agent 20: (26,1) -> (18,30)
  Agent 21: (27,11) -> (30,30)
  Agent 22: (10,31) -> (6,6)
  Agent 23: (16,12) -> (9,21)
  Agent 24: (9,8) -> (13,26)
  Agent 25: (14,13) -> (12,17)
  Agent 26: (3,0) -> (5,28)
  Agent 27: (8,31) -> (18,31)
  Agent 28: (17,30) -> (21,28)
  Agent 29: (17,6) -> (29,0)
  Agent 30: (19,26) -> (26,6)
  Agent 31: (0,15) -> (3,2)
  Agent 32: (5,12) -> (7,29)
  Agent 33: (25,17) -> (0,12)
  Agent 34: (1,25) -> (20,19)
  Agent 35: (18,26) -> (17,16)
  Agent 36: (22,29) -> (0,26)
  Agent 37: (11,10) -> (23,8)
  Agent 38: (13,14) -> (13,24)
  Agent 39: (21,3) -> (2,15)
  Agent 40: (11,3) -> (30,2)
  Agent 41: (10,16) -> (18,21)
  Agent 42: (14,29) -> (15,5)
  Agent 43: (31,13) -> (29,22)
  Agent 44: (30,16) -> (15,29)
  Agent 45: (27,19) -> (13,9)
  Agent 46: (13,29) -> (0,30)
  Agent 47: (19,4) -> (11,24)
  Agent 48: (10,13) -> (17,8)
  Agent 49: (11,17) -> (5,21)
  Agent 50: (26,30) -> (17,3)
  Agent 51: (27,27) -> (22,13)
  Agent 52: (3,30) -> (25,7)
  Agent 53: (9,3) -> (25,8)
  Agent 54: (26,25) -> (23,7)
  Agent 55: (20,1) -> (4,5)
  Agent 56: (5,0) -> (7,6)
  Agent 57: (30,10) -> (26,5)
  Agent 58: (1,31) -> (8,30)
  Agent 59: (30,14) -> (15,11)
  Agent 60: (9,26) -> (15,31)
  Agent 61: (26,31) -> (4,11)
  Agent 62: (24,7) -> (29,30)
  Agent 63: (16,19) -> (4,13)
  Agent 64: (9,6) -> (21,9)
  Agent 65: (24,31) -> (8,27)
  Agent 66: (19,5) -> (0,10)
  Agent 67: (18,28) -> (16,21)
  Agent 68: (22,14) -> (1,12)
  Agent 69: (1,10) -> (15,9)
  Agent 70: (7,27) -> (10,17)
  Agent 71: (4,9) -> (28,7)
  Agent 72: (21,29) -> (15,20)
  Agent 73: (20,3) -> (20,8)
  Agent 74: (21,30) -> (16,26)
  Agent 75: (6,23) -> (1,6)
  Agent 76: (4,25) -> (18,22)
  Agent 77: (20,14) -> (4,30)
  Agent 78: (21,21) -> (29,7)
  Agent 79: (8,2) -> (5,22)
  Agent 80: (4,6) -> (2,12)
  Agent 81: (11,18) -> (6,27)
  Agent 82: (0,8) -> (2,31)
  Agent 83: (8,18) -> (6,8)
  Agent 84: (16,29) -> (6,4)
  Agent 85: (26,19) -> (20,23)
  Agent 86: (18,0) -> (19,7)
  Agent 87: (20,11) -> (5,10)
  Agent 88: (13,5) -> (2,29)
  Agent 89: (15,27) -> (1,3)
  Agent 90: (11,6) -> (16,15)
  Agent 91: (26,15) -> (5,14)
  Agent 92: (12,3) -> (18,18)
  Agent 93: (11,31) -> (25,23)
  Agent 94: (5,20) -> (3,27)
  Agent 95: (15,16) -> (18,17)
  Agent 96: (31,5) -> (30,28)
  Agent 97: (8,10) -> (11,28)
  Agent 98: (19,23) -> (14,27)
  Agent 99: (19,29) -> (21,2)
[LNS] Base makespan: 45

[LNS] === Attempt with max_timesteps=45 ===
[SAT] Creating MDDs with shortest paths + waiting time...
[SAT] Created 100 MDDs with waiting time structure
[LNS] Built MDDs with waiting time structure for 100 agents at makespan 45
[Current_Solution] Calculating waiting times for agents...
[Current_Solution] Agent 99 reaches goal at t=29, waiting time=16
[Current_Solution] Agent 98 reaches goal at t=9, waiting time=36
[Current_Solution] Agent 97 reaches goal at t=21, waiting time=24
[Current_Solution] Agent 96 reaches goal at t=24, waiting time=21
[Current_Solution] Agent 95 reaches goal at t=4, waiting time=41
[Current_Solution] Agent 94 reaches goal at t=9, waiting time=36
[Current_Solution] Agent 93 reaches goal at t=22, waiting time=23
[Current_Solution] Agent 92 reaches goal at t=21, waiting time=24
[Current_Solution] Agent 91 reaches goal at t=22, waiting time=23
[Current_Solution] Agent 90 reaches goal at t=14, waiting time=31
[Current_Solution] Agent 89 reaches goal at t=38, waiting time=7
[Current_Solution] Agent 88 reaches goal at t=35, waiting time=10
[Current_Solution] Agent 87 reaches goal at t=16, waiting time=29
[Current_Solution] Agent 86 reaches goal at t=8, waiting time=37
[Current_Solution] Agent 85 reaches goal at t=10, waiting time=35
[Current_Solution] Agent 84 reaches goal at t=35, waiting time=10
[Current_Solution] Agent 83 reaches goal at t=12, waiting time=33
[Current_Solution] Agent 82 reaches goal at t=25, waiting time=20
[Current_Solution] Agent 81 reaches goal at t=14, waiting time=31
[Current_Solution] Agent 80 reaches goal at t=8, waiting time=37
[Current_Solution] Agent 79 reaches goal at t=23, waiting time=22
[Current_Solution] Agent 78 reaches goal at t=22, waiting time=23
[Current_Solution] Agent 77 reaches goal at t=32, waiting time=13
[Current_Solution] Agent 76 reaches goal at t=17, waiting time=28
[Current_Solution] Agent 75 reaches goal at t=22, waiting time=23
[Current_Solution] Agent 74 reaches goal at t=9, waiting time=36
[Current_Solution] Agent 73 reaches goal at t=5, waiting time=40
[Current_Solution] Agent 72 reaches goal at t=15, waiting time=30
[Current_Solution] Agent 71 reaches goal at t=26, waiting time=19
[Current_Solution] Agent 70 reaches goal at t=13, waiting time=32
[Current_Solution] Agent 69 reaches goal at t=15, waiting time=30
[Current_Solution] Agent 68 reaches goal at t=23, waiting time=22
[Current_Solution] Agent 67 reaches goal at t=9, waiting time=36
[Current_Solution] Agent 66 reaches goal at t=24, waiting time=21
[Current_Solution] Agent 65 reaches goal at t=20, waiting time=25
[Current_Solution] Agent 64 reaches goal at t=15, waiting time=30
[Current_Solution] Agent 63 reaches goal at t=18, waiting time=27
[Current_Solution] Agent 62 reaches goal at t=28, waiting time=17
[Current_Solution] Agent 61 reaches goal at t=42, waiting time=3
[Current_Solution] Agent 60 reaches goal at t=11, waiting time=34
[Current_Solution] Agent 59 reaches goal at t=18, waiting time=27
[Current_Solution] Agent 58 reaches goal at t=8, waiting time=37
[Current_Solution] Agent 57 reaches goal at t=9, waiting time=36
[Current_Solution] Agent 56 reaches goal at t=8, waiting time=37
[Current_Solution] Agent 55 reaches goal at t=20, waiting time=25
[Current_Solution] Agent 54 reaches goal at t=21, waiting time=24
[Current_Solution] Agent 53 reaches goal at t=21, waiting time=24
[Current_Solution] Agent 52 reaches goal at t=45, waiting time=0
[Current_Solution] Agent 51 reaches goal at t=19, waiting time=26
[Current_Solution] Agent 50 reaches goal at t=36, waiting time=9
[Current_Solution] Agent 49 reaches goal at t=10, waiting time=35
[Current_Solution] Agent 48 reaches goal at t=12, waiting time=33
[Current_Solution] Agent 47 reaches goal at t=28, waiting time=17
[Current_Solution] Agent 46 reaches goal at t=14, waiting time=31
[Current_Solution] Agent 45 reaches goal at t=24, waiting time=21
[Current_Solution] Agent 44 reaches goal at t=28, waiting time=17
[Current_Solution] Agent 43 reaches goal at t=11, waiting time=34
[Current_Solution] Agent 42 reaches goal at t=25, waiting time=20
[Current_Solution] Agent 41 reaches goal at t=13, waiting time=32
[Current_Solution] Agent 40 reaches goal at t=20, waiting time=25
[Current_Solution] Agent 39 reaches goal at t=31, waiting time=14
[Current_Solution] Agent 38 reaches goal at t=10, waiting time=35
[Current_Solution] Agent 37 reaches goal at t=14, waiting time=31
[Current_Solution] Agent 36 reaches goal at t=25, waiting time=20
[Current_Solution] Agent 35 reaches goal at t=11, waiting time=34
[Current_Solution] Agent 34 reaches goal at t=25, waiting time=20
[Current_Solution] Agent 33 reaches goal at t=30, waiting time=15
[Current_Solution] Agent 32 reaches goal at t=19, waiting time=26
[Current_Solution] Agent 31 reaches goal at t=16, waiting time=29
[Current_Solution] Agent 30 reaches goal at t=27, waiting time=18
[Current_Solution] Agent 29 reaches goal at t=18, waiting time=27
[Current_Solution] Agent 28 reaches goal at t=6, waiting time=39
[Current_Solution] Agent 27 reaches goal at t=10, waiting time=35
[Current_Solution] Agent 26 reaches goal at t=30, waiting time=15
[Current_Solution] Agent 25 reaches goal at t=6, waiting time=39
[Current_Solution] Agent 24 reaches goal at t=22, waiting time=23
[Current_Solution] Agent 23 reaches goal at t=16, waiting time=29
[Current_Solution] Agent 22 reaches goal at t=29, waiting time=16
[Current_Solution] Agent 21 reaches goal at t=22, waiting time=23
[Current_Solution] Agent 20 reaches goal at t=37, waiting time=8
[Current_Solution] Agent 19 reaches goal at t=34, waiting time=11
[Current_Solution] Agent 18 reaches goal at t=18, waiting time=27
[Current_Solution] Agent 17 reaches goal at t=40, waiting time=5
[Current_Solution] Agent 16 reaches goal at t=40, waiting time=5
[Current_Solution] Agent 15 reaches goal at t=27, waiting time=18
[Current_Solution] Agent 14 reaches goal at t=8, waiting time=37
[Current_Solution] Agent 13 reaches goal at t=11, waiting time=34
[Current_Solution] Agent 12 reaches goal at t=15, waiting time=30
[Current_Solution] Agent 11 reaches goal at t=33, waiting time=12
[Current_Solution] Agent 10 reaches goal at t=13, waiting time=32
[Current_Solution] Agent 9 reaches goal at t=30, waiting time=15
[Current_Solution] Agent 8 reaches goal at t=18, waiting time=27
[Current_Solution] Agent 7 reaches goal at t=29, waiting time=16
[Current_Solution] Agent 6 reaches goal at t=4, waiting time=41
[Current_Solution] Agent 5 reaches goal at t=35, waiting time=10
[Current_Solution] Agent 4 reaches goal at t=35, waiting time=10
[Current_Solution] Agent 3 reaches goal at t=29, waiting time=16
[Current_Solution] Agent 2 reaches goal at t=12, waiting time=33
[Current_Solution] Agent 1 reaches goal at t=24, waiting time=21
[Current_Solution] Agent 0 reaches goal at t=14, waiting time=31
[Current_Solution] Waiting time calculation complete
[LNS] Created current solution with 100 agent paths on a map of size 32x32
[LNS] Analyzing conflicts...
[LNS] Current solution: vertex collisions=124, edge collisions=15
[LNS] Creating conflict buckets...
[LOCAL ZONE] Building diamond bucket for conflict 0
[LOCAL ZONE] Built diamond bucket for conflict 0 with 8 positions, 2 conflicts, 1 - 2 time window
[LOCAL ZONE] Building diamond bucket for conflict 1
[LOCAL ZONE] Built diamond bucket for conflict 1 with 5 positions, 1 conflicts, 1 - 1 time window
[LNS] Selected most relevant bucket 0 with time window: 1 - 2, 2 conflicts and 8 positions.
[LNS] Solving the best bucket Local Zone...
[Solve_local_zone] Current local zone size: 8 (0.78125% of all walkable positions)
[Solve_local_zone] Local zone time window: [0, 3]
[Waiting_time_Solve] Agent 0 has waiting time 31
[Waiting_time_Solve] Agent 1 has waiting time 21
[Waiting_time_Solve] Agent 2 has waiting time 33
[Waiting_time_Solve] Agent 3 has waiting time 16
[Waiting_time_Solve] Agent 4 has waiting time 10
[Waiting_time_Solve] Agent 5 has waiting time 10
[Waiting_time_Solve] Agent 6 has waiting time 41
[Waiting_time_Solve] Agent 7 has waiting time 16
[Waiting_time_Solve] Agent 8 has waiting time 27
[Waiting_time_Solve] Agent 9 has waiting time 15
[Waiting_time_Solve] Agent 10 has waiting time 32
[Waiting_time_Solve] Agent 11 has waiting time 12
[Waiting_time_Solve] Agent 12 has waiting time 30
[Waiting_time_Solve] Agent 13 has waiting time 34
[Waiting_time_Solve] Agent 14 has waiting time 37
[Waiting_time_Solve] Agent 15 has waiting time 18
[Waiting_time_Solve] Agent 16 has waiting time 5
[Waiting_time_Solve] Agent 17 has waiting time 5
[Waiting_time_Solve] Agent 18 has waiting time 27
[Waiting_time_Solve] Agent 19 has waiting time 11
[Waiting_time_Solve] Agent 20 has waiting time 8
[Waiting_time_Solve] Agent 21 has waiting time 23
[Waiting_time_Solve] Agent 22 has waiting time 16
[Waiting_time_Solve] Agent 23 has waiting time 29
[Waiting_time_Solve] Agent 24 has waiting time 23
[Waiting_time_Solve] Agent 25 has waiting time 39
[Waiting_time_Solve] Agent 26 has waiting time 15
[Waiting_time_Solve] Agent 27 has waiting time 35
[Waiting_time_Solve] Agent 28 has waiting time 39
[Waiting_time_Solve] Agent 29 has waiting time 27
[Waiting_time_Solve] Agent 30 has waiting time 18
[Waiting_time_Solve] Agent 31 has waiting time 29
[Waiting_time_Solve] Agent 32 has waiting time 26
[Waiting_time_Solve] Agent 33 has waiting time 15
[Waiting_time_Solve] Agent 34 has waiting time 20
[Waiting_time_Solve] Agent 35 has waiting time 34
[Waiting_time_Solve] Agent 36 has waiting time 20
[Waiting_time_Solve] Agent 37 has waiting time 31
[Waiting_time_Solve] Agent 38 has waiting time 35
[Waiting_time_Solve] Agent 39 has waiting time 14
[Waiting_time_Solve] Agent 40 has waiting time 25
[Waiting_time_Solve] Agent 41 has waiting time 32
[Waiting_time_Solve] Agent 42 has waiting time 20
[Waiting_time_Solve] Agent 43 has waiting time 34
[Waiting_time_Solve] Agent 44 has waiting time 17
[Waiting_time_Solve] Agent 45 has waiting time 21
[Waiting_time_Solve] Agent 46 has waiting time 31
[Waiting_time_Solve] Agent 47 has waiting time 17
[Waiting_time_Solve] Agent 48 has waiting time 33
[Waiting_time_Solve] Agent 49 has waiting time 35
[Waiting_time_Solve] Agent 50 has waiting time 9
[Waiting_time_Solve] Agent 51 has waiting time 26
[Waiting_time_Solve] Agent 52 has waiting time 0
[Waiting_time_Solve] Agent 53 has waiting time 24
[Waiting_time_Solve] Agent 54 has waiting time 24
[Waiting_time_Solve] Agent 55 has waiting time 25
[Waiting_time_Solve] Agent 56 has waiting time 37
[Waiting_time_Solve] Agent 57 has waiting time 36
[Waiting_time_Solve] Agent 58 has waiting time 37
[Waiting_time_Solve] Agent 59 has waiting time 27
[Waiting_time_Solve] Agent 60 has waiting time 34
[Waiting_time_Solve] Agent 61 has waiting time 3
[Waiting_time_Solve] Agent 62 has waiting time 17
[Waiting_time_Solve] Agent 63 has waiting time 27
[Waiting_time_Solve] Agent 64 has waiting time 30
[Waiting_time_Solve] Agent 65 has waiting time 25
[Waiting_time_Solve] Agent 66 has waiting time 21
[Waiting_time_Solve] Agent 67 has waiting time 36
[Waiting_time_Solve] Agent 68 has waiting time 22
[Waiting_time_Solve] Agent 69 has waiting time 30
[Waiting_time_Solve] Agent 70 has waiting time 32
[Waiting_time_Solve] Agent 71 has waiting time 19
[Waiting_time_Solve] Agent 72 has waiting time 30
[Waiting_time_Solve] Agent 73 has waiting time 40
[Waiting_time_Solve] Agent 74 has waiting time 36
[Waiting_time_Solve] Agent 75 has waiting time 23
[Waiting_time_Solve] Agent 76 has waiting time 28
[Waiting_time_Solve] Agent 77 has waiting time 13
[Waiting_time_Solve] Agent 78 has waiting time 23
[Waiting_time_Solve] Agent 79 has waiting time 22
[Waiting_time_Solve] Agent 80 has waiting time 37
[Waiting_time_Solve] Agent 81 has waiting time 31
[Waiting_time_Solve] Agent 82 has waiting time 20
[Waiting_time_Solve] Agent 83 has waiting time 33
[Waiting_time_Solve] Agent 84 has waiting time 10
[Waiting_time_Solve] Agent 85 has waiting time 35
[Waiting_time_Solve] Agent 86 has waiting time 37
[Waiting_time_Solve] Agent 87 has waiting time 29
[Waiting_time_Solve] Agent 88 has waiting time 10
[Waiting_time_Solve] Agent 89 has waiting time 7
[Waiting_time_Solve] Agent 90 has waiting time 31
[Waiting_time_Solve] Agent 91 has waiting time 23
[Waiting_time_Solve] Agent 92 has waiting time 24
[Waiting_time_Solve] Agent 93 has waiting time 23
[Waiting_time_Solve] Agent 94 has waiting time 36
[Waiting_time_Solve] Agent 95 has waiting time 41
[Waiting_time_Solve] Agent 96 has waiting time 21
[Waiting_time_Solve] Agent 97 has waiting time 24
[Waiting_time_Solve] Agent 98 has waiting time 36
[Waiting_time_Solve] Agent 99 has waiting time 16
[Waiting_time_Solve] Total available waiting time: 2472
[Waiting_time_Solve] Max iterations: 2472
[Waiting_time_Solve] Iteration 0...
[SAT] Start solving CNF: 18 clauses and 10 variables
[SAT] Agent 59 entry time: 0 exit time: 3
[SAT] Agent 43 entry time: 0 exit time: 3

[SAT] Start time: 0 End time: 3

[SAT] Solving local zone with SAT iteration 1...
[SAT] Local CNF: 18 clauses 

DEBUG: Adding 18 new clauses to MiniSAT (incremental run)
DEBUG: Clause load summary: input=18, added=18, tautologies_skipped=0, duplicates_skipped=0, unit_clauses=6, empties=0, intra_clause_literals_removed=0, added_but_db_unchanged=6
DEBUG: After adding clauses, solver has 6 clauses and 10 variables
DEBUG: MiniSAT found 10 variables
DEBUG: Assignment size: 10
DEBUG: First few assignment values: 1 0 1 1 1 1 1 1 0 1 

=== DEBUG: cnf_assignment_to_paths ===
Input assignment size: 10

=== END DEBUG ===
[SAT] Found 2 vertex collisions and 0 edge collisions
[SAT] Adding collision clauses and solving again...
[SAT] Solving local zone with SAT iteration 2...
[SAT] Local CNF: 20 clauses 

DEBUG: Adding 2 new clauses to MiniSAT (incremental run)
DEBUG: Clause load summary: input=2, added=2, tautologies_skipped=0, duplicates_skipped=0, unit_clauses=0, empties=0, intra_clause_literals_removed=0, added_but_db_unchanged=2
DEBUG: After adding clauses, solver has 6 clauses and 10 variables
DEBUG: MiniSAT found 10 variables
DEBUG: Assignment size: 10
DEBUG: First few assignment values: 1 1 0 1 1 1 1 0 1 1 

=== DEBUG: cnf_assignment_to_paths ===
Input assignment size: 10

=== END DEBUG ===
[SAT] Found 0 vertex collisions and 0 edge collisions
[SAT] Found collision-free local solution!
[Waiting_time_Solve] Solution found, updating global solution
[LNS] Updating global solution with pseudo-agent local paths...
[Current_Solution] Updating global solution for agent 59
[Current_Solution] Global solution is consistent after updating with local path
[LNS] Successfully updated global solution with pseudo-agent local paths!
[Current_Solution] Updating global solution for agent 43
[Current_Solution] Global solution is consistent after updating with local path
[LNS] Successfully updated global solution with pseudo-agent local paths!
[LNS] Updating path map with new local paths...
[LNS] Successfully updated global solution with local paths and pseudo agents!
[Solve_local_zone] Successfully solved local zone
[Solve_local_zone] Final local zone size: 8 (0.78125% of all walkable positions)
[LNS] Successfully solved local zone
[LNS] Analyzing conflicts...
[LNS] Current solution: vertex collisions=122, edge collisions=15
[LNS] Creating conflict buckets...
[LOCAL ZONE] Building diamond bucket for conflict 0
[LOCAL ZONE] Built diamond bucket for conflict 0 with 5 positions, 1 conflicts, 1 - 1 time window
[LNS] Selected most relevant bucket 0 with time window: 1 - 1, 1 conflicts and 5 positions.
[LNS] Solving the best bucket Local Zone...
[Solve_local_zone] Current local zone size: 5 (0.488281% of all walkable positions)
[Solve_local_zone] Local zone time window: [0, 2]
[Waiting_time_Solve] Agent 0 has waiting time 31
[Waiting_time_Solve] Agent 1 has waiting time 21
[Waiting_time_Solve] Agent 2 has waiting time 33
[Waiting_time_Solve] Agent 3 has waiting time 16
[Waiting_time_Solve] Agent 4 has waiting time 10
[Waiting_time_Solve] Agent 5 has waiting time 10
[Waiting_time_Solve] Agent 6 has waiting time 41
[Waiting_time_Solve] Agent 7 has waiting time 16
[Waiting_time_Solve] Agent 8 has waiting time 27
[Waiting_time_Solve] Agent 9 has waiting time 15
[Waiting_time_Solve] Agent 10 has waiting time 32
[Waiting_time_Solve] Agent 11 has waiting time 12
[Waiting_time_Solve] Agent 12 has waiting time 30
[Waiting_time_Solve] Agent 13 has waiting time 34
[Waiting_time_Solve] Agent 14 has waiting time 37
[Waiting_time_Solve] Agent 15 has waiting time 18
[Waiting_time_Solve] Agent 16 has waiting time 5
[Waiting_time_Solve] Agent 17 has waiting time 5
[Waiting_time_Solve] Agent 18 has waiting time 27
[Waiting_time_Solve] Agent 19 has waiting time 11
[Waiting_time_Solve] Agent 20 has waiting time 8
[Waiting_time_Solve] Agent 21 has waiting time 23
[Waiting_time_Solve] Agent 22 has waiting time 16
[Waiting_time_Solve] Agent 23 has waiting time 29
[Waiting_time_Solve] Agent 24 has waiting time 23
[Waiting_time_Solve] Agent 25 has waiting time 39
[Waiting_time_Solve] Agent 26 has waiting time 15
[Waiting_time_Solve] Agent 27 has waiting time 35
[Waiting_time_Solve] Agent 28 has waiting time 39
[Waiting_time_Solve] Agent 29 has waiting time 27
[Waiting_time_Solve] Agent 30 has waiting time 18
[Waiting_time_Solve] Agent 31 has waiting time 29
[Waiting_time_Solve] Agent 32 has waiting time 26
[Waiting_time_Solve] Agent 33 has waiting time 15
[Waiting_time_Solve] Agent 34 has waiting time 20
[Waiting_time_Solve] Agent 35 has waiting time 34
[Waiting_time_Solve] Agent 36 has waiting time 20
[Waiting_time_Solve] Agent 37 has waiting time 31
[Waiting_time_Solve] Agent 38 has waiting time 35
[Waiting_time_Solve] Agent 39 has waiting time 14
[Waiting_time_Solve] Agent 40 has waiting time 25
[Waiting_time_Solve] Agent 41 has waiting time 32
[Waiting_time_Solve] Agent 42 has waiting time 20
[Waiting_time_Solve] Agent 43 has waiting time 34
[Waiting_time_Solve] Agent 44 has waiting time 17
[Waiting_time_Solve] Agent 45 has waiting time 21
[Waiting_time_Solve] Agent 46 has waiting time 31
[Waiting_time_Solve] Agent 47 has waiting time 17
[Waiting_time_Solve] Agent 48 has waiting time 33
[Waiting_time_Solve] Agent 49 has waiting time 35
[Waiting_time_Solve] Agent 50 has waiting time 9
[Waiting_time_Solve] Agent 51 has waiting time 26
[Waiting_time_Solve] Agent 52 has waiting time 0
[Waiting_time_Solve] Agent 53 has waiting time 24
[Waiting_time_Solve] Agent 54 has waiting time 24
[Waiting_time_Solve] Agent 55 has waiting time 25
[Waiting_time_Solve] Agent 56 has waiting time 37
[Waiting_time_Solve] Agent 57 has waiting time 36
[Waiting_time_Solve] Agent 58 has waiting time 37
[Waiting_time_Solve] Agent 59 has waiting time 27
[Waiting_time_Solve] Agent 60 has waiting time 34
[Waiting_time_Solve] Agent 61 has waiting time 3
[Waiting_time_Solve] Agent 62 has waiting time 17
[Waiting_time_Solve] Agent 63 has waiting time 27
[Waiting_time_Solve] Agent 64 has waiting time 30
[Waiting_time_Solve] Agent 65 has waiting time 25
[Waiting_time_Solve] Agent 66 has waiting time 21
[Waiting_time_Solve] Agent 67 has waiting time 36
[Waiting_time_Solve] Agent 68 has waiting time 22
[Waiting_time_Solve] Agent 69 has waiting time 30
[Waiting_time_Solve] Agent 70 has waiting time 32
[Waiting_time_Solve] Agent 71 has waiting time 19
[Waiting_time_Solve] Agent 72 has waiting time 30
[Waiting_time_Solve] Agent 73 has waiting time 40
[Waiting_time_Solve] Agent 74 has waiting time 36
[Waiting_time_Solve] Agent 75 has waiting time 23
[Waiting_time_Solve] Agent 76 has waiting time 28
[Waiting_time_Solve] Agent 77 has waiting time 13
[Waiting_time_Solve] Agent 78 has waiting time 23
[Waiting_time_Solve] Agent 79 has waiting time 22
[Waiting_time_Solve] Agent 80 has waiting time 37
[Waiting_time_Solve] Agent 81 has waiting time 31
[Waiting_time_Solve] Agent 82 has waiting time 20
[Waiting_time_Solve] Agent 83 has waiting time 33
[Waiting_time_Solve] Agent 84 has waiting time 10
[Waiting_time_Solve] Agent 85 has waiting time 35
[Waiting_time_Solve] Agent 86 has waiting time 37
[Waiting_time_Solve] Agent 87 has waiting time 29
[Waiting_time_Solve] Agent 88 has waiting time 10
[Waiting_time_Solve] Agent 89 has waiting time 7
[Waiting_time_Solve] Agent 90 has waiting time 31
[Waiting_time_Solve] Agent 91 has waiting time 23
[Waiting_time_Solve] Agent 92 has waiting time 24
[Waiting_time_Solve] Agent 93 has waiting time 23
[Waiting_time_Solve] Agent 94 has waiting time 36
[Waiting_time_Solve] Agent 95 has waiting time 41
[Waiting_time_Solve] Agent 96 has waiting time 21
[Waiting_time_Solve] Agent 97 has waiting time 24
[Waiting_time_Solve] Agent 98 has waiting time 36
[Waiting_time_Solve] Agent 99 has waiting time 16
[Waiting_time_Solve] Total available waiting time: 2472
[Waiting_time_Solve] Max iterations: 2472
[Waiting_time_Solve] Iteration 0...
[SAT] Start solving CNF: 11 clauses and 7 variables
[SAT] Agent 70 entry time: 0 exit time: 2
[SAT] Agent 60 entry time: 1 exit time: 1
[SAT] Agent 8 entry time: 0 exit time: 2

[SAT] Start time: 0 End time: 2

[SAT] Solving local zone with SAT iteration 1...
[SAT] Local CNF: 11 clauses 

DEBUG: Adding 11 new clauses to MiniSAT (incremental run)
DEBUG: Clause load summary: input=11, added=11, tautologies_skipped=0, duplicates_skipped=0, unit_clauses=7, empties=0, intra_clause_literals_removed=0, added_but_db_unchanged=4
DEBUG: After adding clauses, solver has 0 clauses and 7 variables
DEBUG: MiniSAT found 7 variables
DEBUG: Assignment size: 7
DEBUG: First few assignment values: 1 1 1 1 1 1 1 

=== DEBUG: cnf_assignment_to_paths ===
Input assignment size: 7

=== END DEBUG ===
[SAT] Found 1 vertex collisions and 0 edge collisions
[SAT] Adding collision clauses and solving again...
[SAT] Solving local zone with SAT iteration 2...
[SAT] Local CNF: 12 clauses 

DEBUG: Adding 1 new clauses to MiniSAT (incremental run)
[SAT] Previous assignment invalidated by new clauses, reset solver and retrying without assumptions...
DEBUG: Adding 12 new clauses to MiniSAT (incremental run)
[SAT] Local problem appears to be unsatisfiable in current zone
[Waiting_time_Solve] No solution found, trying to apply waiting time:1
[Waiting_time_Solve] Applying waiting time 1 to agent 70 who has waiting time 32
[Waiting_time_Solve] New path is consistent after applying waiting time for agent 70
[Current_Solution] Agent 70 used 1 waiting timesteps, 31 remaining
[Waiting_time_Solve] Applied 1 waiting time  for agent 70 who has waiting time 31
[Waiting_time_Solve] ALL Waiting time applied
[Waiting_time_Solve] Extended Zone end time from 2 to 3
[Waiting_time_Solve] Iteration 1...
[SAT] Start solving CNF: 17 clauses and 10 variables
[SAT] Agent 70 entry time: 0 exit time: 3
[SAT] Agent 60 entry time: 1 exit time: 1
[SAT] Agent 8 entry time: 0 exit time: 2

[SAT] Start time: 0 End time: 3

[SAT] Solving local zone with SAT iteration 1...
[SAT] Local CNF: 18 clauses 

DEBUG: Adding 18 new clauses to MiniSAT (incremental run)
DEBUG: Clause load summary: input=18, added=18, tautologies_skipped=0, duplicates_skipped=0, unit_clauses=6, empties=0, intra_clause_literals_removed=0, added_but_db_unchanged=5
DEBUG: After adding clauses, solver has 7 clauses and 10 variables
DEBUG: MiniSAT found 10 variables
DEBUG: Assignment size: 10
DEBUG: First few assignment values: 1 0 1 0 1 1 1 1 1 1 

=== DEBUG: cnf_assignment_to_paths ===
Input assignment size: 10

=== END DEBUG ===
[SAT] Found 0 vertex collisions and 0 edge collisions
[SAT] Found collision-free local solution!
[Waiting_time_Solve] Solution found, updating global solution
[LNS] Updating global solution with pseudo-agent local paths...
[Current_Solution] Updating global solution for agent 70
[Current_Solution] INFO: Segment 70 exit adjusted from 2 to 3 due to waiting time
[Current_Solution] Segment 70 lengthened by 1 timesteps; shifting suffix
[Current_Solution] Global solution is consistent before shifting suffix
[Current_Solution] Global solution is consistent after shifting suffix
[Current_Solution] Global solution is consistent after updating with local path
[LNS] Successfully updated global solution with pseudo-agent local paths!
[Current_Solution] Updating global solution for agent 60
[Current_Solution] Global solution is consistent after updating with local path
[LNS] Successfully updated global solution with pseudo-agent local paths!
[Current_Solution] Updating global solution for agent 8
[Current_Solution] Global solution is consistent after updating with local path
[LNS] Successfully updated global solution with pseudo-agent local paths!
[LNS] Updating path map with new local paths...
[LNS] Successfully updated global solution with local paths and pseudo agents!
[Solve_local_zone] Successfully solved local zone
[Solve_local_zone] Final local zone size: 5 (0.488281% of all walkable positions)
[LNS] Successfully solved local zone
[LNS] Analyzing conflicts...
[LNS] Current solution: vertex collisions=122, edge collisions=15
[LNS] Creating conflict buckets...
[LOCAL ZONE] Building diamond bucket for conflict 0
[LOCAL ZONE] Built diamond bucket for conflict 0 with 11 positions, 5 conflicts, 2 - 4 time window
[LOCAL ZONE] Building diamond bucket for conflict 1
[LOCAL ZONE] Built diamond bucket for conflict 1 with 5 positions, 1 conflicts, 2 - 2 time window
[LOCAL ZONE] Building diamond bucket for conflict 2
[LOCAL ZONE] Built diamond bucket for conflict 2 with 5 positions, 1 conflicts, 2 - 2 time window
[LOCAL ZONE] Building diamond bucket for conflict 3
[LOCAL ZONE] Built diamond bucket for conflict 3 with 5 positions, 1 conflicts, 2 - 2 time window
[LOCAL ZONE] Building diamond bucket for conflict 122
[LOCAL ZONE] Built diamond bucket for conflict 122 with 8 positions, 1 conflicts, 2 - 2 time window
[LNS] Selected most relevant bucket 0 with time window: 2 - 4, 5 conflicts and 11 positions.
[LNS] Solving the best bucket Local Zone...
[Solve_local_zone] Current local zone size: 11 (1.07422% of all walkable positions)
[Solve_local_zone] Local zone time window: [1, 5]
[Waiting_time_Solve] Agent 0 has waiting time 31
[Waiting_time_Solve] Agent 1 has waiting time 21
[Waiting_time_Solve] Agent 2 has waiting time 33
[Waiting_time_Solve] Agent 3 has waiting time 16
[Waiting_time_Solve] Agent 4 has waiting time 10
[Waiting_time_Solve] Agent 5 has waiting time 10
[Waiting_time_Solve] Agent 6 has waiting time 41
[Waiting_time_Solve] Agent 7 has waiting time 16
[Waiting_time_Solve] Agent 8 has waiting time 27
[Waiting_time_Solve] Agent 9 has waiting time 15
[Waiting_time_Solve] Agent 10 has waiting time 32
[Waiting_time_Solve] Agent 11 has waiting time 12
[Waiting_time_Solve] Agent 12 has waiting time 30
[Waiting_time_Solve] Agent 13 has waiting time 34
[Waiting_time_Solve] Agent 14 has waiting time 37
[Waiting_time_Solve] Agent 15 has waiting time 18
[Waiting_time_Solve] Agent 16 has waiting time 5
[Waiting_time_Solve] Agent 17 has waiting time 5
[Waiting_time_Solve] Agent 18 has waiting time 27
[Waiting_time_Solve] Agent 19 has waiting time 11
[Waiting_time_Solve] Agent 20 has waiting time 8
[Waiting_time_Solve] Agent 21 has waiting time 23
[Waiting_time_Solve] Agent 22 has waiting time 16
[Waiting_time_Solve] Agent 23 has waiting time 29
[Waiting_time_Solve] Agent 24 has waiting time 23
[Waiting_time_Solve] Agent 25 has waiting time 39
[Waiting_time_Solve] Agent 26 has waiting time 15
[Waiting_time_Solve] Agent 27 has waiting time 35
[Waiting_time_Solve] Agent 28 has waiting time 39
[Waiting_time_Solve] Agent 29 has waiting time 27
[Waiting_time_Solve] Agent 30 has waiting time 18
[Waiting_time_Solve] Agent 31 has waiting time 29
[Waiting_time_Solve] Agent 32 has waiting time 26
[Waiting_time_Solve] Agent 33 has waiting time 15
[Waiting_time_Solve] Agent 34 has waiting time 20
[Waiting_time_Solve] Agent 35 has waiting time 34
[Waiting_time_Solve] Agent 36 has waiting time 20
[Waiting_time_Solve] Agent 37 has waiting time 31
[Waiting_time_Solve] Agent 38 has waiting time 35
[Waiting_time_Solve] Agent 39 has waiting time 14
[Waiting_time_Solve] Agent 40 has waiting time 25
[Waiting_time_Solve] Agent 41 has waiting time 32
[Waiting_time_Solve] Agent 42 has waiting time 20
[Waiting_time_Solve] Agent 43 has waiting time 34
[Waiting_time_Solve] Agent 44 has waiting time 17
[Waiting_time_Solve] Agent 45 has waiting time 21
[Waiting_time_Solve] Agent 46 has waiting time 31
[Waiting_time_Solve] Agent 47 has waiting time 17
[Waiting_time_Solve] Agent 48 has waiting time 33
[Waiting_time_Solve] Agent 49 has waiting time 35
[Waiting_time_Solve] Agent 50 has waiting time 9
[Waiting_time_Solve] Agent 51 has waiting time 26
[Waiting_time_Solve] Agent 52 has waiting time 0
[Waiting_time_Solve] Agent 53 has waiting time 24
[Waiting_time_Solve] Agent 54 has waiting time 24
[Waiting_time_Solve] Agent 55 has waiting time 25
[Waiting_time_Solve] Agent 56 has waiting time 37
[Waiting_time_Solve] Agent 57 has waiting time 36
[Waiting_time_Solve] Agent 58 has waiting time 37
[Waiting_time_Solve] Agent 59 has waiting time 27
[Waiting_time_Solve] Agent 60 has waiting time 34
[Waiting_time_Solve] Agent 61 has waiting time 3
[Waiting_time_Solve] Agent 62 has waiting time 17
[Waiting_time_Solve] Agent 63 has waiting time 27
[Waiting_time_Solve] Agent 64 has waiting time 30
[Waiting_time_Solve] Agent 65 has waiting time 25
[Waiting_time_Solve] Agent 66 has waiting time 21
[Waiting_time_Solve] Agent 67 has waiting time 36
[Waiting_time_Solve] Agent 68 has waiting time 22
[Waiting_time_Solve] Agent 69 has waiting time 30
[Waiting_time_Solve] Agent 70 has waiting time 31
[Waiting_time_Solve] Agent 71 has waiting time 19
[Waiting_time_Solve] Agent 72 has waiting time 30
[Waiting_time_Solve] Agent 73 has waiting time 40
[Waiting_time_Solve] Agent 74 has waiting time 36
[Waiting_time_Solve] Agent 75 has waiting time 23
[Waiting_time_Solve] Agent 76 has waiting time 28
[Waiting_time_Solve] Agent 77 has waiting time 13
[Waiting_time_Solve] Agent 78 has waiting time 23
[Waiting_time_Solve] Agent 79 has waiting time 22
[Waiting_time_Solve] Agent 80 has waiting time 37
[Waiting_time_Solve] Agent 81 has waiting time 31
[Waiting_time_Solve] Agent 82 has waiting time 20
[Waiting_time_Solve] Agent 83 has waiting time 33
[Waiting_time_Solve] Agent 84 has waiting time 10
[Waiting_time_Solve] Agent 85 has waiting time 35
[Waiting_time_Solve] Agent 86 has waiting time 37
[Waiting_time_Solve] Agent 87 has waiting time 29
[Waiting_time_Solve] Agent 88 has waiting time 10
[Waiting_time_Solve] Agent 89 has waiting time 7
[Waiting_time_Solve] Agent 90 has waiting time 31
[Waiting_time_Solve] Agent 91 has waiting time 23
[Waiting_time_Solve] Agent 92 has waiting time 24
[Waiting_time_Solve] Agent 93 has waiting time 23
[Waiting_time_Solve] Agent 94 has waiting time 36
[Waiting_time_Solve] Agent 95 has waiting time 41
[Waiting_time_Solve] Agent 96 has waiting time 21
[Waiting_time_Solve] Agent 97 has waiting time 24
[Waiting_time_Solve] Agent 98 has waiting time 36
[Waiting_time_Solve] Agent 99 has waiting time 16
[Waiting_time_Solve] Total available waiting time: 2471
[Waiting_time_Solve] Max iterations: 2471
[Waiting_time_Solve] Iteration 0...
[SAT] Start solving CNF: 49 clauses and 26 variables
[SAT] Agent 94 entry time: 1 exit time: 5
[SAT] Agent 76 entry time: 1 exit time: 4
[SAT] Agent 75 entry time: 1 exit time: 5
[SAT] Agent 17 entry time: 2 exit time: 5

[SAT] Start time: 1 End time: 5

[SAT] Solving local zone with SAT iteration 1...
[SAT] Local CNF: 49 clauses 

DEBUG: Adding 49 new clauses to MiniSAT (incremental run)
DEBUG: Clause load summary: input=49, added=49, tautologies_skipped=0, duplicates_skipped=0, unit_clauses=11, empties=0, intra_clause_literals_removed=0, added_but_db_unchanged=11
DEBUG: After adding clauses, solver has 27 clauses and 26 variables
DEBUG: MiniSAT found 26 variables
DEBUG: Assignment size: 26
DEBUG: First few assignment values: 1 0 1 1 0 1 1 1 1 1 

=== DEBUG: cnf_assignment_to_paths ===
Input assignment size: 26

=== END DEBUG ===
[SAT] Found 2 vertex collisions and 0 edge collisions
[SAT] Adding collision clauses and solving again...
[SAT] Solving local zone with SAT iteration 2...
[SAT] Local CNF: 51 clauses 

DEBUG: Adding 2 new clauses to MiniSAT (incremental run)
DEBUG: Clause load summary: input=2, added=2, tautologies_skipped=0, duplicates_skipped=0, unit_clauses=0, empties=0, intra_clause_literals_removed=0, added_but_db_unchanged=1
DEBUG: After adding clauses, solver has 28 clauses and 26 variables
DEBUG: MiniSAT found 26 variables
DEBUG: Assignment size: 26
DEBUG: First few assignment values: 1 0 1 1 0 1 1 1 1 1 

=== DEBUG: cnf_assignment_to_paths ===
Input assignment size: 26

=== END DEBUG ===
[SAT] Found 2 vertex collisions and 0 edge collisions
[SAT] Adding collision clauses and solving again...
[SAT] Solving local zone with SAT iteration 3...
[SAT] Local CNF: 53 clauses 

DEBUG: Adding 2 new clauses to MiniSAT (incremental run)
DEBUG: Clause load summary: input=2, added=2, tautologies_skipped=0, duplicates_skipped=0, unit_clauses=0, empties=0, intra_clause_literals_removed=0, added_but_db_unchanged=2
DEBUG: After adding clauses, solver has 28 clauses and 26 variables
DEBUG: MiniSAT found 26 variables
DEBUG: Assignment size: 26
DEBUG: First few assignment values: 1 1 0 1 0 1 1 1 1 1 

=== DEBUG: cnf_assignment_to_paths ===
Input assignment size: 26

=== END DEBUG ===
[SAT] Found 1 vertex collisions and 0 edge collisions
[SAT] Adding collision clauses and solving again...
[SAT] Solving local zone with SAT iteration 4...
[SAT] Local CNF: 54 clauses 

DEBUG: Adding 1 new clauses to MiniSAT (incremental run)
[SAT] Local problem appears to be unsatisfiable in current zone
[Waiting_time_Solve] No solution found, trying to apply waiting time:1
[Waiting_time_Solve] Applying waiting time 1 to agent 75 who has waiting time 23
[Waiting_time_Solve] New path is consistent after applying waiting time for agent 75
[Current_Solution] Agent 75 used 1 waiting timesteps, 22 remaining
[Waiting_time_Solve] Applied 1 waiting time  for agent 75 who has waiting time 22
[Waiting_time_Solve] Applying waiting time 1 to agent 94 who has waiting time 36
[Waiting_time_Solve] New path is consistent after applying waiting time for agent 94
[Current_Solution] Agent 94 used 1 waiting timesteps, 35 remaining
[Waiting_time_Solve] Applied 1 waiting time  for agent 94 who has waiting time 35
[Waiting_time_Solve] ALL Waiting time applied
[Waiting_time_Solve] Extended Zone end time from 5 to 6
[Create_Local_Problem] Agent 34 is new in the zone
[Waiting_time_Solve] Iteration 1...
[SAT] Start solving CNF: 100 clauses and 43 variables
[SAT] Agent 34 entry time: 6 exit time: 6
[SAT] Agent 94 entry time: 1 exit time: 6
[SAT] Agent 76 entry time: 1 exit time: 4
[SAT] Agent 75 entry time: 1 exit time: 6
[SAT] Agent 17 entry time: 2 exit time: 5

[SAT] Start time: 1 End time: 6

[SAT] Solving local zone with SAT iteration 1...
[SAT] Local CNF: 105 clauses 

DEBUG: Adding 105 new clauses to MiniSAT (incremental run)
DEBUG: Clause load summary: input=105, added=105, tautologies_skipped=0, duplicates_skipped=0, unit_clauses=11, empties=0, intra_clause_literals_removed=0, added_but_db_unchanged=13
DEBUG: After adding clauses, solver has 81 clauses and 43 variables
DEBUG: MiniSAT found 43 variables
DEBUG: Assignment size: 43
DEBUG: First few assignment values: 1 1 0 0 1 0 1 0 0 0 

=== DEBUG: cnf_assignment_to_paths ===
Input assignment size: 43

=== END DEBUG ===
[SAT] Found 1 vertex collisions and 1 edge collisions
[SAT] Adding collision clauses and solving again...
[SAT] Solving local zone with SAT iteration 2...
[SAT] Local CNF: 107 clauses 

DEBUG: Adding 2 new clauses to MiniSAT (incremental run)
DEBUG: Clause load summary: input=2, added=2, tautologies_skipped=0, duplicates_skipped=0, unit_clauses=0, empties=0, intra_clause_literals_removed=0, added_but_db_unchanged=0
DEBUG: After adding clauses, solver has 75 clauses and 43 variables
DEBUG: MiniSAT found 43 variables
DEBUG: Assignment size: 43
DEBUG: First few assignment values: 1 1 0 0 1 0 1 0 0 0 

=== DEBUG: cnf_assignment_to_paths ===
Input assignment size: 43

=== END DEBUG ===
[SAT] Found 0 vertex collisions and 0 edge collisions
[SAT] Found collision-free local solution!
[Waiting_time_Solve] Solution found, updating global solution
[LNS] Updating global solution with pseudo-agent local paths...
[Current_Solution] Updating global solution for agent 34
[Current_Solution] Global solution is consistent after updating with local path
[LNS] Successfully updated global solution with pseudo-agent local paths!
[Current_Solution] Updating global solution for agent 94
[Current_Solution] INFO: Segment 94 exit adjusted from 5 to 6 due to waiting time
[Current_Solution] Segment 94 lengthened by 1 timesteps; shifting suffix
[Current_Solution] Global solution is consistent before shifting suffix
[Current_Solution] Global solution is consistent after shifting suffix
[Current_Solution] Global solution is consistent after updating with local path
[LNS] Successfully updated global solution with pseudo-agent local paths!
[Current_Solution] Updating global solution for agent 76
[Current_Solution] Global solution is consistent after updating with local path
[LNS] Successfully updated global solution with pseudo-agent local paths!
[Current_Solution] Updating global solution for agent 75
[Current_Solution] INFO: Segment 75 exit adjusted from 5 to 6 due to waiting time
[Current_Solution] Segment 75 lengthened by 1 timesteps; shifting suffix
[Current_Solution] Global solution is consistent before shifting suffix
[Current_Solution] Global solution is consistent after shifting suffix
[Current_Solution] Global solution is consistent after updating with local path
[LNS] Successfully updated global solution with pseudo-agent local paths!
[Current_Solution] Updating global solution for agent 17
[Current_Solution] Global solution is consistent after updating with local path
[LNS] Successfully updated global solution with pseudo-agent local paths!
[LNS] Updating path map with new local paths...
[LNS] Successfully updated global solution with local paths and pseudo agents!
[Solve_local_zone] Successfully solved local zone
[Solve_local_zone] Final local zone size: 11 (1.07422% of all walkable positions)
[LNS] Successfully solved local zone
[LNS] Analyzing conflicts...
[LNS] Current solution: vertex collisions=117, edge collisions=15
[LNS] Creating conflict buckets...
[LOCAL ZONE] Building diamond bucket for conflict 0
[LOCAL ZONE] Built diamond bucket for conflict 0 with 5 positions, 1 conflicts, 2 - 2 time window
[LOCAL ZONE] Building diamond bucket for conflict 1
[LOCAL ZONE] Built diamond bucket for conflict 1 with 5 positions, 1 conflicts, 2 - 2 time window
[LOCAL ZONE] Building diamond bucket for conflict 2
[LOCAL ZONE] Built diamond bucket for conflict 2 with 5 positions, 1 conflicts, 2 - 2 time window
[LOCAL ZONE] Building diamond bucket for conflict 117
[LOCAL ZONE] Built diamond bucket for conflict 117 with 8 positions, 1 conflicts, 2 - 2 time window
[LNS] Selected most relevant bucket 117 with time window: 2 - 2, 1 conflicts and 8 positions.
[LNS] Solving the best bucket Local Zone...
[Solve_local_zone] Current local zone size: 8 (0.78125% of all walkable positions)
[Solve_local_zone] Local zone time window: [1, 3]
[Waiting_time_Solve] Agent 0 has waiting time 31
[Waiting_time_Solve] Agent 1 has waiting time 21
[Waiting_time_Solve] Agent 2 has waiting time 33
[Waiting_time_Solve] Agent 3 has waiting time 16
[Waiting_time_Solve] Agent 4 has waiting time 10
[Waiting_time_Solve] Agent 5 has waiting time 10
[Waiting_time_Solve] Agent 6 has waiting time 41
[Waiting_time_Solve] Agent 7 has waiting time 16
[Waiting_time_Solve] Agent 8 has waiting time 27
[Waiting_time_Solve] Agent 9 has waiting time 15
[Waiting_time_Solve] Agent 10 has waiting time 32
[Waiting_time_Solve] Agent 11 has waiting time 12
[Waiting_time_Solve] Agent 12 has waiting time 30
[Waiting_time_Solve] Agent 13 has waiting time 34
[Waiting_time_Solve] Agent 14 has waiting time 37
[Waiting_time_Solve] Agent 15 has waiting time 18
[Waiting_time_Solve] Agent 16 has waiting time 5
[Waiting_time_Solve] Agent 17 has waiting time 5
[Waiting_time_Solve] Agent 18 has waiting time 27
[Waiting_time_Solve] Agent 19 has waiting time 11
[Waiting_time_Solve] Agent 20 has waiting time 8
[Waiting_time_Solve] Agent 21 has waiting time 23
[Waiting_time_Solve] Agent 22 has waiting time 16
[Waiting_time_Solve] Agent 23 has waiting time 29
[Waiting_time_Solve] Agent 24 has waiting time 23
[Waiting_time_Solve] Agent 25 has waiting time 39
[Waiting_time_Solve] Agent 26 has waiting time 15
[Waiting_time_Solve] Agent 27 has waiting time 35
[Waiting_time_Solve] Agent 28 has waiting time 39
[Waiting_time_Solve] Agent 29 has waiting time 27
[Waiting_time_Solve] Agent 30 has waiting time 18
[Waiting_time_Solve] Agent 31 has waiting time 29
[Waiting_time_Solve] Agent 32 has waiting time 26
[Waiting_time_Solve] Agent 33 has waiting time 15
[Waiting_time_Solve] Agent 34 has waiting time 20
[Waiting_time_Solve] Agent 35 has waiting time 34
[Waiting_time_Solve] Agent 36 has waiting time 20
[Waiting_time_Solve] Agent 37 has waiting time 31
[Waiting_time_Solve] Agent 38 has waiting time 35
[Waiting_time_Solve] Agent 39 has waiting time 14
[Waiting_time_Solve] Agent 40 has waiting time 25
[Waiting_time_Solve] Agent 41 has waiting time 32
[Waiting_time_Solve] Agent 42 has waiting time 20
[Waiting_time_Solve] Agent 43 has waiting time 34
[Waiting_time_Solve] Agent 44 has waiting time 17
[Waiting_time_Solve] Agent 45 has waiting time 21
[Waiting_time_Solve] Agent 46 has waiting time 31
[Waiting_time_Solve] Agent 47 has waiting time 17
[Waiting_time_Solve] Agent 48 has waiting time 33
[Waiting_time_Solve] Agent 49 has waiting time 35
[Waiting_time_Solve] Agent 50 has waiting time 9
[Waiting_time_Solve] Agent 51 has waiting time 26
[Waiting_time_Solve] Agent 52 has waiting time 0
[Waiting_time_Solve] Agent 53 has waiting time 24
[Waiting_time_Solve] Agent 54 has waiting time 24
[Waiting_time_Solve] Agent 55 has waiting time 25
[Waiting_time_Solve] Agent 56 has waiting time 37
[Waiting_time_Solve] Agent 57 has waiting time 36
[Waiting_time_Solve] Agent 58 has waiting time 37
[Waiting_time_Solve] Agent 59 has waiting time 27
[Waiting_time_Solve] Agent 60 has waiting time 34
[Waiting_time_Solve] Agent 61 has waiting time 3
[Waiting_time_Solve] Agent 62 has waiting time 17
[Waiting_time_Solve] Agent 63 has waiting time 27
[Waiting_time_Solve] Agent 64 has waiting time 30
[Waiting_time_Solve] Agent 65 has waiting time 25
[Waiting_time_Solve] Agent 66 has waiting time 21
[Waiting_time_Solve] Agent 67 has waiting time 36
[Waiting_time_Solve] Agent 68 has waiting time 22
[Waiting_time_Solve] Agent 69 has waiting time 30
[Waiting_time_Solve] Agent 70 has waiting time 31
[Waiting_time_Solve] Agent 71 has waiting time 19
[Waiting_time_Solve] Agent 72 has waiting time 30
[Waiting_time_Solve] Agent 73 has waiting time 40
[Waiting_time_Solve] Agent 74 has waiting time 36
[Waiting_time_Solve] Agent 75 has waiting time 22
[Waiting_time_Solve] Agent 76 has waiting time 28
[Waiting_time_Solve] Agent 77 has waiting time 13
[Waiting_time_Solve] Agent 78 has waiting time 23
[Waiting_time_Solve] Agent 79 has waiting time 22
[Waiting_time_Solve] Agent 80 has waiting time 37
[Waiting_time_Solve] Agent 81 has waiting time 31
[Waiting_time_Solve] Agent 82 has waiting time 20
[Waiting_time_Solve] Agent 83 has waiting time 33
[Waiting_time_Solve] Agent 84 has waiting time 10
[Waiting_time_Solve] Agent 85 has waiting time 35
[Waiting_time_Solve] Agent 86 has waiting time 37
[Waiting_time_Solve] Agent 87 has waiting time 29
[Waiting_time_Solve] Agent 88 has waiting time 10
[Waiting_time_Solve] Agent 89 has waiting time 7
[Waiting_time_Solve] Agent 90 has waiting time 31
[Waiting_time_Solve] Agent 91 has waiting time 23
[Waiting_time_Solve] Agent 92 has waiting time 24
[Waiting_time_Solve] Agent 93 has waiting time 23
[Waiting_time_Solve] Agent 94 has waiting time 35
[Waiting_time_Solve] Agent 95 has waiting time 41
[Waiting_time_Solve] Agent 96 has waiting time 21
[Waiting_time_Solve] Agent 97 has waiting time 24
[Waiting_time_Solve] Agent 98 has waiting time 36
[Waiting_time_Solve] Agent 99 has waiting time 16
[Waiting_time_Solve] Total available waiting time: 2469
[Waiting_time_Solve] Max iterations: 2469
[Waiting_time_Solve] Iteration 0...
[SAT] Start solving CNF: 17 clauses and 10 variables
[SAT] Agent 38 entry time: 1 exit time: 2
[SAT] Agent 25 entry time: 1 exit time: 3
[SAT] Agent 3 entry time: 1 exit time: 3

[SAT] Start time: 1 End time: 3

[SAT] Solving local zone with SAT iteration 1...
[SAT] Local CNF: 17 clauses 

DEBUG: Adding 17 new clauses to MiniSAT (incremental run)
DEBUG: Clause load summary: input=17, added=17, tautologies_skipped=0, duplicates_skipped=0, unit_clauses=6, empties=0, intra_clause_literals_removed=0, added_but_db_unchanged=5
DEBUG: After adding clauses, solver has 6 clauses and 10 variables
DEBUG: MiniSAT found 10 variables
DEBUG: Assignment size: 10
DEBUG: First few assignment values: 1 1 1 0 1 1 1 1 0 1 

=== DEBUG: cnf_assignment_to_paths ===
Input assignment size: 10

=== END DEBUG ===
[SAT] Found 0 vertex collisions and 0 edge collisions
[SAT] Found collision-free local solution!
[Waiting_time_Solve] Solution found, updating global solution
[LNS] Updating global solution with pseudo-agent local paths...
[Current_Solution] Updating global solution for agent 38
[Current_Solution] Global solution is consistent after updating with local path
[LNS] Successfully updated global solution with pseudo-agent local paths!
[Current_Solution] Updating global solution for agent 25
[Current_Solution] Global solution is consistent after updating with local path
[LNS] Successfully updated global solution with pseudo-agent local paths!
[Current_Solution] Updating global solution for agent 3
[Current_Solution] Global solution is consistent after updating with local path
[LNS] Successfully updated global solution with pseudo-agent local paths!
[LNS] Updating path map with new local paths...
[LNS] Successfully updated global solution with local paths and pseudo agents!
[Solve_local_zone] Successfully solved local zone
[Solve_local_zone] Final local zone size: 8 (0.78125% of all walkable positions)
[LNS] Successfully solved local zone
[LNS] Analyzing conflicts...
[LNS] Current solution: vertex collisions=117, edge collisions=14
[LNS] Creating conflict buckets...
[LOCAL ZONE] Building diamond bucket for conflict 0
[LOCAL ZONE] Built diamond bucket for conflict 0 with 5 positions, 1 conflicts, 2 - 2 time window
[LOCAL ZONE] Building diamond bucket for conflict 1
[LOCAL ZONE] Built diamond bucket for conflict 1 with 5 positions, 1 conflicts, 2 - 2 time window
[LOCAL ZONE] Building diamond bucket for conflict 2
[LOCAL ZONE] Built diamond bucket for conflict 2 with 5 positions, 1 conflicts, 2 - 2 time window
[LNS] Selected most relevant bucket 0 with time window: 2 - 2, 1 conflicts and 5 positions.
[LNS] Solving the best bucket Local Zone...
[Solve_local_zone] Current local zone size: 5 (0.488281% of all walkable positions)
[Solve_local_zone] Local zone time window: [1, 3]
[Waiting_time_Solve] Agent 0 has waiting time 31
[Waiting_time_Solve] Agent 1 has waiting time 21
[Waiting_time_Solve] Agent 2 has waiting time 33
[Waiting_time_Solve] Agent 3 has waiting time 16
[Waiting_time_Solve] Agent 4 has waiting time 10
[Waiting_time_Solve] Agent 5 has waiting time 10
[Waiting_time_Solve] Agent 6 has waiting time 41
[Waiting_time_Solve] Agent 7 has waiting time 16
[Waiting_time_Solve] Agent 8 has waiting time 27
[Waiting_time_Solve] Agent 9 has waiting time 15
[Waiting_time_Solve] Agent 10 has waiting time 32
[Waiting_time_Solve] Agent 11 has waiting time 12
[Waiting_time_Solve] Agent 12 has waiting time 30
[Waiting_time_Solve] Agent 13 has waiting time 34
[Waiting_time_Solve] Agent 14 has waiting time 37
[Waiting_time_Solve] Agent 15 has waiting time 18
[Waiting_time_Solve] Agent 16 has waiting time 5
[Waiting_time_Solve] Agent 17 has waiting time 5
[Waiting_time_Solve] Agent 18 has waiting time 27
[Waiting_time_Solve] Agent 19 has waiting time 11
[Waiting_time_Solve] Agent 20 has waiting time 8
[Waiting_time_Solve] Agent 21 has waiting time 23
[Waiting_time_Solve] Agent 22 has waiting time 16
[Waiting_time_Solve] Agent 23 has waiting time 29
[Waiting_time_Solve] Agent 24 has waiting time 23
[Waiting_time_Solve] Agent 25 has waiting time 39
[Waiting_time_Solve] Agent 26 has waiting time 15
[Waiting_time_Solve] Agent 27 has waiting time 35
[Waiting_time_Solve] Agent 28 has waiting time 39
[Waiting_time_Solve] Agent 29 has waiting time 27
[Waiting_time_Solve] Agent 30 has waiting time 18
[Waiting_time_Solve] Agent 31 has waiting time 29
[Waiting_time_Solve] Agent 32 has waiting time 26
[Waiting_time_Solve] Agent 33 has waiting time 15
[Waiting_time_Solve] Agent 34 has waiting time 20
[Waiting_time_Solve] Agent 35 has waiting time 34
[Waiting_time_Solve] Agent 36 has waiting time 20
[Waiting_time_Solve] Agent 37 has waiting time 31
[Waiting_time_Solve] Agent 38 has waiting time 35
[Waiting_time_Solve] Agent 39 has waiting time 14
[Waiting_time_Solve] Agent 40 has waiting time 25
[Waiting_time_Solve] Agent 41 has waiting time 32
[Waiting_time_Solve] Agent 42 has waiting time 20
[Waiting_time_Solve] Agent 43 has waiting time 34
[Waiting_time_Solve] Agent 44 has waiting time 17
[Waiting_time_Solve] Agent 45 has waiting time 21
[Waiting_time_Solve] Agent 46 has waiting time 31
[Waiting_time_Solve] Agent 47 has waiting time 17
[Waiting_time_Solve] Agent 48 has waiting time 33
[Waiting_time_Solve] Agent 49 has waiting time 35
[Waiting_time_Solve] Agent 50 has waiting time 9
[Waiting_time_Solve] Agent 51 has waiting time 26
[Waiting_time_Solve] Agent 52 has waiting time 0
[Waiting_time_Solve] Agent 53 has waiting time 24
[Waiting_time_Solve] Agent 54 has waiting time 24
[Waiting_time_Solve] Agent 55 has waiting time 25
[Waiting_time_Solve] Agent 56 has waiting time 37
[Waiting_time_Solve] Agent 57 has waiting time 36
[Waiting_time_Solve] Agent 58 has waiting time 37
[Waiting_time_Solve] Agent 59 has waiting time 27
[Waiting_time_Solve] Agent 60 has waiting time 34
[Waiting_time_Solve] Agent 61 has waiting time 3
[Waiting_time_Solve] Agent 62 has waiting time 17
[Waiting_time_Solve] Agent 63 has waiting time 27
[Waiting_time_Solve] Agent 64 has waiting time 30
[Waiting_time_Solve] Agent 65 has waiting time 25
[Waiting_time_Solve] Agent 66 has waiting time 21
[Waiting_time_Solve] Agent 67 has waiting time 36
[Waiting_time_Solve] Agent 68 has waiting time 22
[Waiting_time_Solve] Agent 69 has waiting time 30
[Waiting_time_Solve] Agent 70 has waiting time 31
[Waiting_time_Solve] Agent 71 has waiting time 19
[Waiting_time_Solve] Agent 72 has waiting time 30
[Waiting_time_Solve] Agent 73 has waiting time 40
[Waiting_time_Solve] Agent 74 has waiting time 36
[Waiting_time_Solve] Agent 75 has waiting time 22
[Waiting_time_Solve] Agent 76 has waiting time 28
[Waiting_time_Solve] Agent 77 has waiting time 13
[Waiting_time_Solve] Agent 78 has waiting time 23
[Waiting_time_Solve] Agent 79 has waiting time 22
[Waiting_time_Solve] Agent 80 has waiting time 37
[Waiting_time_Solve] Agent 81 has waiting time 31
[Waiting_time_Solve] Agent 82 has waiting time 20
[Waiting_time_Solve] Agent 83 has waiting time 33
[Waiting_time_Solve] Agent 84 has waiting time 10
[Waiting_time_Solve] Agent 85 has waiting time 35
[Waiting_time_Solve] Agent 86 has waiting time 37
[Waiting_time_Solve] Agent 87 has waiting time 29
[Waiting_time_Solve] Agent 88 has waiting time 10
[Waiting_time_Solve] Agent 89 has waiting time 7
[Waiting_time_Solve] Agent 90 has waiting time 31
[Waiting_time_Solve] Agent 91 has waiting time 23
[Waiting_time_Solve] Agent 92 has waiting time 24
[Waiting_time_Solve] Agent 93 has waiting time 23
[Waiting_time_Solve] Agent 94 has waiting time 35
[Waiting_time_Solve] Agent 95 has waiting time 41
[Waiting_time_Solve] Agent 96 has waiting time 21
[Waiting_time_Solve] Agent 97 has waiting time 24
[Waiting_time_Solve] Agent 98 has waiting time 36
[Waiting_time_Solve] Agent 99 has waiting time 16
[Waiting_time_Solve] Total available waiting time: 2469
[Waiting_time_Solve] Max iterations: 2469
[Waiting_time_Solve] Iteration 0...
[SAT] Start solving CNF: 13 clauses and 8 variables
[SAT] Agent 99 entry time: 1 exit time: 3
[SAT] Agent 72 entry time: 1 exit time: 3
[SAT] Agent 36 entry time: 2 exit time: 3

[SAT] Start time: 1 End time: 3

[SAT] Solving local zone with SAT iteration 1...
[SAT] Local CNF: 13 clauses 

DEBUG: Adding 13 new clauses to MiniSAT (incremental run)
DEBUG: Clause load summary: input=13, added=13, tautologies_skipped=0, duplicates_skipped=0, unit_clauses=8, empties=0, intra_clause_literals_removed=0, added_but_db_unchanged=5
DEBUG: After adding clauses, solver has 0 clauses and 8 variables
DEBUG: MiniSAT found 8 variables
DEBUG: Assignment size: 8
DEBUG: First few assignment values: 1 1 1 1 1 1 1 1 

=== DEBUG: cnf_assignment_to_paths ===
Input assignment size: 8

=== END DEBUG ===
[SAT] Found 1 vertex collisions and 0 edge collisions
[SAT] Adding collision clauses and solving again...
[SAT] Solving local zone with SAT iteration 2...
[SAT] Local CNF: 14 clauses 

DEBUG: Adding 1 new clauses to MiniSAT (incremental run)
[SAT] Local problem appears to be unsatisfiable in current zone
[Waiting_time_Solve] No solution found, trying to apply waiting time:1
[Waiting_time_Solve] Applying waiting time 1 to agent 72 who has waiting time 30
[Waiting_time_Solve] New path is consistent after applying waiting time for agent 72
[Current_Solution] Agent 72 used 1 waiting timesteps, 29 remaining
[Waiting_time_Solve] Applied 1 waiting time  for agent 72 who has waiting time 29
[Waiting_time_Solve] ALL Waiting time applied
[Waiting_time_Solve] Extended Zone end time from 3 to 4
[Create_Local_Problem] Agent 28 is new in the zone
[Waiting_time_Solve] Iteration 1...
[SAT] Start solving CNF: 22 clauses and 13 variables
[SAT] Agent 28 entry time: 4 exit time: 4
[SAT] Agent 99 entry time: 1 exit time: 3
[SAT] Agent 72 entry time: 1 exit time: 4
[SAT] Agent 36 entry time: 2 exit time: 4

[SAT] Start time: 1 End time: 4

[SAT] Solving local zone with SAT iteration 1...
[SAT] Local CNF: 23 clauses 

DEBUG: Adding 23 new clauses to MiniSAT (incremental run)
DEBUG: Clause load summary: input=23, added=23, tautologies_skipped=0, duplicates_skipped=0, unit_clauses=9, empties=0, intra_clause_literals_removed=0, added_but_db_unchanged=7
DEBUG: After adding clauses, solver has 7 clauses and 13 variables
DEBUG: MiniSAT found 13 variables
DEBUG: Assignment size: 13
DEBUG: First few assignment values: 1 1 1 1 1 0 1 0 1 1 

=== DEBUG: cnf_assignment_to_paths ===
Input assignment size: 13

=== END DEBUG ===
[SAT] Found 2 vertex collisions and 1 edge collisions
[SAT] Adding collision clauses and solving again...
[SAT] Solving local zone with SAT iteration 2...
[SAT] Local CNF: 26 clauses 

DEBUG: Adding 3 new clauses to MiniSAT (incremental run)
[SAT] Previous assignment invalidated by new clauses, reset solver and retrying without assumptions...
DEBUG: Adding 26 new clauses to MiniSAT (incremental run)
[SAT] Local problem appears to be unsatisfiable in current zone
[Waiting_time_Solve] No solution found, trying to apply waiting time:2
[Waiting_time_Solve] Applying waiting time 2 to agent 28 who has waiting time 39
[Waiting_time_Solve] New path is consistent after applying waiting time for agent 28
[Current_Solution] Agent 28 used 2 waiting timesteps, 37 remaining
[Waiting_time_Solve] Applied 2 waiting time  for agent 28 who has waiting time 37
[Waiting_time_Solve] Applying waiting time 2 to agent 72 who has waiting time 29
[Waiting_time_Solve] New path is consistent after applying waiting time for agent 72
[Current_Solution] Agent 72 used 2 waiting timesteps, 27 remaining
[Waiting_time_Solve] Applied 2 waiting time  for agent 72 who has waiting time 27
[Waiting_time_Solve] ALL Waiting time applied
[Waiting_time_Solve] Extended Zone end time from 4 to 6
[Create_Local_Problem] Agent 65 is new in the zone
[Waiting_time_Solve] Iteration 2...
[SAT] Start solving CNF: 61 clauses and 27 variables
[SAT] Agent 65 entry time: 6 exit time: 6
[SAT] Agent 28 entry time: 4 exit time: 6
[SAT] Agent 99 entry time: 1 exit time: 3
[SAT] Agent 72 entry time: 1 exit time: 6
[SAT] Agent 36 entry time: 2 exit time: 4

[SAT] Start time: 1 End time: 6

[SAT] Solving local zone with SAT iteration 1...
[SAT] Local CNF: 65 clauses 

DEBUG: Adding 65 new clauses to MiniSAT (incremental run)
DEBUG: Clause load summary: input=65, added=65, tautologies_skipped=0, duplicates_skipped=0, unit_clauses=11, empties=0, intra_clause_literals_removed=0, added_but_db_unchanged=12
DEBUG: After adding clauses, solver has 42 clauses and 27 variables
DEBUG: MiniSAT found 27 variables
DEBUG: Assignment size: 27
DEBUG: First few assignment values: 1 1 0 1 1 1 1 1 1 0 

=== DEBUG: cnf_assignment_to_paths ===
Input assignment size: 27

=== END DEBUG ===
[SAT] Found 3 vertex collisions and 0 edge collisions
[SAT] Adding collision clauses and solving again...
[SAT] Solving local zone with SAT iteration 2...
[SAT] Local CNF: 68 clauses 

DEBUG: Adding 3 new clauses to MiniSAT (incremental run)
[SAT] Previous assignment invalidated by new clauses, reset solver and retrying without assumptions...
DEBUG: Adding 68 new clauses to MiniSAT (incremental run)
[SAT] Local problem appears to be unsatisfiable in current zone
[Waiting_time_Solve] No solution found, trying to apply waiting time:3
[Waiting_time_Solve] Applying waiting time 3 to agent 28 who has waiting time 37
[Waiting_time_Solve] New path is consistent after applying waiting time for agent 28
[Current_Solution] Agent 28 used 3 waiting timesteps, 34 remaining
[Waiting_time_Solve] Applied 3 waiting time  for agent 28 who has waiting time 34
[Waiting_time_Solve] Applying waiting time 3 to agent 72 who has waiting time 27
[Waiting_time_Solve] New path is consistent after applying waiting time for agent 72
[Current_Solution] Agent 72 used 3 waiting timesteps, 24 remaining
[Waiting_time_Solve] Applied 3 waiting time  for agent 72 who has waiting time 24
[Waiting_time_Solve] ALL Waiting time applied
[Waiting_time_Solve] Extended Zone end time from 6 to 9
[Create_Local_Problem] Agent 61 is new in the zone
[Waiting_time_Solve] Iteration 3...
[SAT] Start solving CNF: 150 clauses and 57 variables
[SAT] Agent 61 entry time: 8 exit time: 8
[SAT] Agent 65 entry time: 6 exit time: 8
[SAT] Agent 28 entry time: 4 exit time: 9
[SAT] Agent 99 entry time: 1 exit time: 3
[SAT] Agent 72 entry time: 1 exit time: 9
[SAT] Agent 36 entry time: 2 exit time: 4

[SAT] Start time: 1 End time: 9

[SAT] Solving local zone with SAT iteration 1...
[SAT] Local CNF: 157 clauses 

DEBUG: Adding 157 new clauses to MiniSAT (incremental run)
[SAT] Local problem appears to be unsatisfiable in current zone
[Waiting_time_Solve] No solution found, trying to apply waiting time:4
[Waiting_time_Solve] No waiting time applied
[Waiting_time_Solve] No solution found
[Waiting_time_Solve] Restoring original paths
[Waiting_time_Solve] Restoring waiting times
[Current_Solution] Restored waiting times from backup
[Current_Solution] Restored paths from backup
[Solve_local_zone] Zone with expansion factor 0failed
[Solve_local_zone] Expanding zone with offset 2 (original: 1)
[Solve_local_zone] Final expanded zone contains 13 positions with 1 conflicts 
[Solve_local_zone] New time window: [0, 4]
[Solve_local_zone] Current local zone size: 13 (1.26953% of all walkable positions)
[Solve_local_zone] Local zone time window: [0, 4]
[Waiting_time_Solve] Agent 0 has waiting time 31
[Waiting_time_Solve] Agent 1 has waiting time 21
[Waiting_time_Solve] Agent 2 has waiting time 33
[Waiting_time_Solve] Agent 3 has waiting time 16
[Waiting_time_Solve] Agent 4 has waiting time 10
[Waiting_time_Solve] Agent 5 has waiting time 10
[Waiting_time_Solve] Agent 6 has waiting time 41
[Waiting_time_Solve] Agent 7 has waiting time 16
[Waiting_time_Solve] Agent 8 has waiting time 27
[Waiting_time_Solve] Agent 9 has waiting time 15
[Waiting_time_Solve] Agent 10 has waiting time 32
[Waiting_time_Solve] Agent 11 has waiting time 12
[Waiting_time_Solve] Agent 12 has waiting time 30
[Waiting_time_Solve] Agent 13 has waiting time 34
[Waiting_time_Solve] Agent 14 has waiting time 37
[Waiting_time_Solve] Agent 15 has waiting time 18
[Waiting_time_Solve] Agent 16 has waiting time 5
[Waiting_time_Solve] Agent 17 has waiting time 5
[Waiting_time_Solve] Agent 18 has waiting time 27
[Waiting_time_Solve] Agent 19 has waiting time 11
[Waiting_time_Solve] Agent 20 has waiting time 8
[Waiting_time_Solve] Agent 21 has waiting time 23
[Waiting_time_Solve] Agent 22 has waiting time 16
[Waiting_time_Solve] Agent 23 has waiting time 29
[Waiting_time_Solve] Agent 24 has waiting time 23
[Waiting_time_Solve] Agent 25 has waiting time 39
[Waiting_time_Solve] Agent 26 has waiting time 15
[Waiting_time_Solve] Agent 27 has waiting time 35
[Waiting_time_Solve] Agent 28 has waiting time 39
[Waiting_time_Solve] Agent 29 has waiting time 27
[Waiting_time_Solve] Agent 30 has waiting time 18
[Waiting_time_Solve] Agent 31 has waiting time 29
[Waiting_time_Solve] Agent 32 has waiting time 26
[Waiting_time_Solve] Agent 33 has waiting time 15
[Waiting_time_Solve] Agent 34 has waiting time 20
[Waiting_time_Solve] Agent 35 has waiting time 34
[Waiting_time_Solve] Agent 36 has waiting time 20
[Waiting_time_Solve] Agent 37 has waiting time 31
[Waiting_time_Solve] Agent 38 has waiting time 35
[Waiting_time_Solve] Agent 39 has waiting time 14
[Waiting_time_Solve] Agent 40 has waiting time 25
[Waiting_time_Solve] Agent 41 has waiting time 32
[Waiting_time_Solve] Agent 42 has waiting time 20
[Waiting_time_Solve] Agent 43 has waiting time 34
[Waiting_time_Solve] Agent 44 has waiting time 17
[Waiting_time_Solve] Agent 45 has waiting time 21
[Waiting_time_Solve] Agent 46 has waiting time 31
[Waiting_time_Solve] Agent 47 has waiting time 17
[Waiting_time_Solve] Agent 48 has waiting time 33
[Waiting_time_Solve] Agent 49 has waiting time 35
[Waiting_time_Solve] Agent 50 has waiting time 9
[Waiting_time_Solve] Agent 51 has waiting time 26
[Waiting_time_Solve] Agent 52 has waiting time 0
[Waiting_time_Solve] Agent 53 has waiting time 24
[Waiting_time_Solve] Agent 54 has waiting time 24
[Waiting_time_Solve] Agent 55 has waiting time 25
[Waiting_time_Solve] Agent 56 has waiting time 37
[Waiting_time_Solve] Agent 57 has waiting time 36
[Waiting_time_Solve] Agent 58 has waiting time 37
[Waiting_time_Solve] Agent 59 has waiting time 27
[Waiting_time_Solve] Agent 60 has waiting time 34
[Waiting_time_Solve] Agent 61 has waiting time 3
[Waiting_time_Solve] Agent 62 has waiting time 17
[Waiting_time_Solve] Agent 63 has waiting time 27
[Waiting_time_Solve] Agent 64 has waiting time 30
[Waiting_time_Solve] Agent 65 has waiting time 25
[Waiting_time_Solve] Agent 66 has waiting time 21
[Waiting_time_Solve] Agent 67 has waiting time 36
[Waiting_time_Solve] Agent 68 has waiting time 22
[Waiting_time_Solve] Agent 69 has waiting time 30
[Waiting_time_Solve] Agent 70 has waiting time 31
[Waiting_time_Solve] Agent 71 has waiting time 19
[Waiting_time_Solve] Agent 72 has waiting time 30
[Waiting_time_Solve] Agent 73 has waiting time 40
[Waiting_time_Solve] Agent 74 has waiting time 36
[Waiting_time_Solve] Agent 75 has waiting time 22
[Waiting_time_Solve] Agent 76 has waiting time 28
[Waiting_time_Solve] Agent 77 has waiting time 13
[Waiting_time_Solve] Agent 78 has waiting time 23
[Waiting_time_Solve] Agent 79 has waiting time 22
[Waiting_time_Solve] Agent 80 has waiting time 37
[Waiting_time_Solve] Agent 81 has waiting time 31
[Waiting_time_Solve] Agent 82 has waiting time 20
[Waiting_time_Solve] Agent 83 has waiting time 33
[Waiting_time_Solve] Agent 84 has waiting time 10
[Waiting_time_Solve] Agent 85 has waiting time 35
[Waiting_time_Solve] Agent 86 has waiting time 37
[Waiting_time_Solve] Agent 87 has waiting time 29
[Waiting_time_Solve] Agent 88 has waiting time 10
[Waiting_time_Solve] Agent 89 has waiting time 7
[Waiting_time_Solve] Agent 90 has waiting time 31
[Waiting_time_Solve] Agent 91 has waiting time 23
[Waiting_time_Solve] Agent 92 has waiting time 24
[Waiting_time_Solve] Agent 93 has waiting time 23
[Waiting_time_Solve] Agent 94 has waiting time 35
[Waiting_time_Solve] Agent 95 has waiting time 41
[Waiting_time_Solve] Agent 96 has waiting time 21
[Waiting_time_Solve] Agent 97 has waiting time 24
[Waiting_time_Solve] Agent 98 has waiting time 36
[Waiting_time_Solve] Agent 99 has waiting time 16
[Waiting_time_Solve] Total available waiting time: 2469
[Waiting_time_Solve] Max iterations: 2469
[Waiting_time_Solve] Iteration 0...
[SAT] Start solving CNF: 53 clauses and 29 variables
[SAT] Agent 99 entry time: 0 exit time: 4
[SAT] Agent 74 entry time: 1 exit time: 1
[SAT] Agent 72 entry time: 0 exit time: 4
[SAT] Agent 36 entry time: 1 exit time: 4
[SAT] Agent 30 entry time: 1 exit time: 1
[SAT] Agent 67 entry time: 0 exit time: 0
[SAT] Agent 28 entry time: 3 exit time: 4

[SAT] Start time: 0 End time: 4

[SAT] Solving local zone with SAT iteration 1...
[SAT] Local CNF: 53 clauses 

DEBUG: Adding 53 new clauses to MiniSAT (incremental run)
DEBUG: Clause load summary: input=53, added=53, tautologies_skipped=0, duplicates_skipped=0, unit_clauses=11, empties=0, intra_clause_literals_removed=0, added_but_db_unchanged=7
DEBUG: After adding clauses, solver has 35 clauses and 29 variables
DEBUG: MiniSAT found 29 variables
DEBUG: Assignment size: 29
DEBUG: First few assignment values: 1 0 1 0 1 0 1 0 1 1 

=== DEBUG: cnf_assignment_to_paths ===
Input assignment size: 29

=== END DEBUG ===
[SAT] Found 0 vertex collisions and 0 edge collisions
[SAT] Found collision-free local solution!
[Waiting_time_Solve] Solution found, updating global solution
[LNS] Updating global solution with pseudo-agent local paths...
[Current_Solution] Updating global solution for agent 99
[Current_Solution] Global solution is consistent after updating with local path
[LNS] Successfully updated global solution with pseudo-agent local paths!
[Current_Solution] Updating global solution for agent 74
[Current_Solution] Global solution is consistent after updating with local path
[LNS] Successfully updated global solution with pseudo-agent local paths!
[Current_Solution] Updating global solution for agent 72
[Current_Solution] Global solution is consistent after updating with local path
[LNS] Successfully updated global solution with pseudo-agent local paths!
[Current_Solution] Updating global solution for agent 36
[Current_Solution] Global solution is consistent after updating with local path
[LNS] Successfully updated global solution with pseudo-agent local paths!
[Current_Solution] Updating global solution for agent 30
[Current_Solution] Global solution is consistent after updating with local path
[LNS] Successfully updated global solution with pseudo-agent local paths!
[Current_Solution] Updating global solution for agent 67
[Current_Solution] Global solution is consistent after updating with local path
[LNS] Successfully updated global solution with pseudo-agent local paths!
[Current_Solution] Updating global solution for agent 28
[Current_Solution] Global solution is consistent after updating with local path
[LNS] Successfully updated global solution with pseudo-agent local paths!
[LNS] Updating path map with new local paths...
[LNS] Successfully updated global solution with local paths and pseudo agents!
[Solve_local_zone] Successfully solved local zone
[Solve_local_zone] Final local zone size: 13 (1.26953% of all walkable positions)
[LNS] Successfully solved local zone
[LNS] Analyzing conflicts...
[LNS] Current solution: vertex collisions=116, edge collisions=14
[LNS] Creating conflict buckets...
[LOCAL ZONE] Building diamond bucket for conflict 0
[LOCAL ZONE] Built diamond bucket for conflict 0 with 5 positions, 1 conflicts, 2 - 2 time window
[LOCAL ZONE] Building diamond bucket for conflict 1
[LOCAL ZONE] Built diamond bucket for conflict 1 with 5 positions, 1 conflicts, 2 - 2 time window
[LNS] Selected most relevant bucket 0 with time window: 2 - 2, 1 conflicts and 5 positions.
[LNS] Solving the best bucket Local Zone...
[Solve_local_zone] Current local zone size: 5 (0.488281% of all walkable positions)
[Solve_local_zone] Local zone time window: [1, 3]
[Waiting_time_Solve] Agent 0 has waiting time 31
[Waiting_time_Solve] Agent 1 has waiting time 21
[Waiting_time_Solve] Agent 2 has waiting time 33
[Waiting_time_Solve] Agent 3 has waiting time 16
[Waiting_time_Solve] Agent 4 has waiting time 10
[Waiting_time_Solve] Agent 5 has waiting time 10
[Waiting_time_Solve] Agent 6 has waiting time 41
[Waiting_time_Solve] Agent 7 has waiting time 16
[Waiting_time_Solve] Agent 8 has waiting time 27
[Waiting_time_Solve] Agent 9 has waiting time 15
[Waiting_time_Solve] Agent 10 has waiting time 32
[Waiting_time_Solve] Agent 11 has waiting time 12
[Waiting_time_Solve] Agent 12 has waiting time 30
[Waiting_time_Solve] Agent 13 has waiting time 34
[Waiting_time_Solve] Agent 14 has waiting time 37
[Waiting_time_Solve] Agent 15 has waiting time 18
[Waiting_time_Solve] Agent 16 has waiting time 5
[Waiting_time_Solve] Agent 17 has waiting time 5
[Waiting_time_Solve] Agent 18 has waiting time 27
[Waiting_time_Solve] Agent 19 has waiting time 11
[Waiting_time_Solve] Agent 20 has waiting time 8
[Waiting_time_Solve] Agent 21 has waiting time 23
[Waiting_time_Solve] Agent 22 has waiting time 16
[Waiting_time_Solve] Agent 23 has waiting time 29
[Waiting_time_Solve] Agent 24 has waiting time 23
[Waiting_time_Solve] Agent 25 has waiting time 39
[Waiting_time_Solve] Agent 26 has waiting time 15
[Waiting_time_Solve] Agent 27 has waiting time 35
[Waiting_time_Solve] Agent 28 has waiting time 39
[Waiting_time_Solve] Agent 29 has waiting time 27
[Waiting_time_Solve] Agent 30 has waiting time 18
[Waiting_time_Solve] Agent 31 has waiting time 29
[Waiting_time_Solve] Agent 32 has waiting time 26
[Waiting_time_Solve] Agent 33 has waiting time 15
[Waiting_time_Solve] Agent 34 has waiting time 20
[Waiting_time_Solve] Agent 35 has waiting time 34
[Waiting_time_Solve] Agent 36 has waiting time 20
[Waiting_time_Solve] Agent 37 has waiting time 31
[Waiting_time_Solve] Agent 38 has waiting time 35
[Waiting_time_Solve] Agent 39 has waiting time 14
[Waiting_time_Solve] Agent 40 has waiting time 25
[Waiting_time_Solve] Agent 41 has waiting time 32
[Waiting_time_Solve] Agent 42 has waiting time 20
[Waiting_time_Solve] Agent 43 has waiting time 34
[Waiting_time_Solve] Agent 44 has waiting time 17
[Waiting_time_Solve] Agent 45 has waiting time 21
[Waiting_time_Solve] Agent 46 has waiting time 31
[Waiting_time_Solve] Agent 47 has waiting time 17
[Waiting_time_Solve] Agent 48 has waiting time 33
[Waiting_time_Solve] Agent 49 has waiting time 35
[Waiting_time_Solve] Agent 50 has waiting time 9
[Waiting_time_Solve] Agent 51 has waiting time 26
[Waiting_time_Solve] Agent 52 has waiting time 0
[Waiting_time_Solve] Agent 53 has waiting time 24
[Waiting_time_Solve] Agent 54 has waiting time 24
[Waiting_time_Solve] Agent 55 has waiting time 25
[Waiting_time_Solve] Agent 56 has waiting time 37
[Waiting_time_Solve] Agent 57 has waiting time 36
[Waiting_time_Solve] Agent 58 has waiting time 37
[Waiting_time_Solve] Agent 59 has waiting time 27
[Waiting_time_Solve] Agent 60 has waiting time 34
[Waiting_time_Solve] Agent 61 has waiting time 3
[Waiting_time_Solve] Agent 62 has waiting time 17
[Waiting_time_Solve] Agent 63 has waiting time 27
[Waiting_time_Solve] Agent 64 has waiting time 30
[Waiting_time_Solve] Agent 65 has waiting time 25
[Waiting_time_Solve] Agent 66 has waiting time 21
[Waiting_time_Solve] Agent 67 has waiting time 36
[Waiting_time_Solve] Agent 68 has waiting time 22
[Waiting_time_Solve] Agent 69 has waiting time 30
[Waiting_time_Solve] Agent 70 has waiting time 31
[Waiting_time_Solve] Agent 71 has waiting time 19
[Waiting_time_Solve] Agent 72 has waiting time 30
[Waiting_time_Solve] Agent 73 has waiting time 40
[Waiting_time_Solve] Agent 74 has waiting time 36
[Waiting_time_Solve] Agent 75 has waiting time 22
[Waiting_time_Solve] Agent 76 has waiting time 28
[Waiting_time_Solve] Agent 77 has waiting time 13
[Waiting_time_Solve] Agent 78 has waiting time 23
[Waiting_time_Solve] Agent 79 has waiting time 22
[Waiting_time_Solve] Agent 80 has waiting time 37
[Waiting_time_Solve] Agent 81 has waiting time 31
[Waiting_time_Solve] Agent 82 has waiting time 20
[Waiting_time_Solve] Agent 83 has waiting time 33
[Waiting_time_Solve] Agent 84 has waiting time 10
[Waiting_time_Solve] Agent 85 has waiting time 35
[Waiting_time_Solve] Agent 86 has waiting time 37
[Waiting_time_Solve] Agent 87 has waiting time 29
[Waiting_time_Solve] Agent 88 has waiting time 10
[Waiting_time_Solve] Agent 89 has waiting time 7
[Waiting_time_Solve] Agent 90 has waiting time 31
[Waiting_time_Solve] Agent 91 has waiting time 23
[Waiting_time_Solve] Agent 92 has waiting time 24
[Waiting_time_Solve] Agent 93 has waiting time 23
[Waiting_time_Solve] Agent 94 has waiting time 35
[Waiting_time_Solve] Agent 95 has waiting time 41
[Waiting_time_Solve] Agent 96 has waiting time 21
[Waiting_time_Solve] Agent 97 has waiting time 24
[Waiting_time_Solve] Agent 98 has waiting time 36
[Waiting_time_Solve] Agent 99 has waiting time 16
[Waiting_time_Solve] Total available waiting time: 2469
[Waiting_time_Solve] Max iterations: 2469
[Waiting_time_Solve] Iteration 0...
[SAT] Start solving CNF: 11 clauses and 7 variables
[SAT] Agent 84 entry time: 1 exit time: 3
[SAT] Agent 42 entry time: 1 exit time: 3
[SAT] Agent 14 entry time: 2 exit time: 2

[SAT] Start time: 1 End time: 3

[SAT] Solving local zone with SAT iteration 1...
[SAT] Local CNF: 11 clauses 

DEBUG: Adding 11 new clauses to MiniSAT (incremental run)
DEBUG: Clause load summary: input=11, added=11, tautologies_skipped=0, duplicates_skipped=0, unit_clauses=7, empties=0, intra_clause_literals_removed=0, added_but_db_unchanged=4
DEBUG: After adding clauses, solver has 0 clauses and 7 variables
DEBUG: MiniSAT found 7 variables
DEBUG: Assignment size: 7
DEBUG: First few assignment values: 1 1 1 1 1 1 1 

=== DEBUG: cnf_assignment_to_paths ===
Input assignment size: 7

=== END DEBUG ===
[SAT] Found 1 vertex collisions and 0 edge collisions
[SAT] Adding collision clauses and solving again...
[SAT] Solving local zone with SAT iteration 2...
[SAT] Local CNF: 12 clauses 

DEBUG: Adding 1 new clauses to MiniSAT (incremental run)
[SAT] Local problem appears to be unsatisfiable in current zone
[Waiting_time_Solve] No solution found, trying to apply waiting time:1
[Waiting_time_Solve] Applying waiting time 1 to agent 42 who has waiting time 20
[Waiting_time_Solve] New path is consistent after applying waiting time for agent 42
[Current_Solution] Agent 42 used 1 waiting timesteps, 19 remaining
[Waiting_time_Solve] Applied 1 waiting time  for agent 42 who has waiting time 19
[Waiting_time_Solve] ALL Waiting time applied
[Waiting_time_Solve] Extended Zone end time from 3 to 4
[Waiting_time_Solve] Iteration 1...
[Waiting_time_Solve] Agent 14 pseudo agents: 100 
[SAT] Start solving CNF: 18 clauses and 11 variables
[SAT] Agent 100 entry time: 4 exit time: 4
[SAT] Agent 84 entry time: 1 exit time: 3
[SAT] Agent 42 entry time: 1 exit time: 4
[SAT] Agent 14 entry time: 2 exit time: 2

[SAT] Start time: 1 End time: 4

[SAT] Solving local zone with SAT iteration 1...
[SAT] Local CNF: 19 clauses 

DEBUG: Adding 19 new clauses to MiniSAT (incremental run)
DEBUG: Clause load summary: input=19, added=19, tautologies_skipped=0, duplicates_skipped=0, unit_clauses=7, empties=0, intra_clause_literals_removed=0, added_but_db_unchanged=5
DEBUG: After adding clauses, solver has 7 clauses and 11 variables
DEBUG: MiniSAT found 11 variables
DEBUG: Assignment size: 11
DEBUG: First few assignment values: 1 1 1 1 1 0 1 0 1 1 

=== DEBUG: cnf_assignment_to_paths ===
Input assignment size: 11

=== END DEBUG ===
[SAT] Found 0 vertex collisions and 1 edge collisions
[SAT] Adding collision clauses and solving again...
[SAT] Solving local zone with SAT iteration 2...
[SAT] Local CNF: 20 clauses 

DEBUG: Adding 1 new clauses to MiniSAT (incremental run)
[SAT] Previous assignment invalidated by new clauses, reset solver and retrying without assumptions...
DEBUG: Adding 20 new clauses to MiniSAT (incremental run)
[SAT] Local problem appears to be unsatisfiable in current zone
[Waiting_time_Solve] No solution found, trying to apply waiting time:2
[Waiting_time_Solve] Applying waiting time 2 to agent 42 who has waiting time 19
[Waiting_time_Solve] New path is consistent after applying waiting time for agent 42
[Current_Solution] Agent 42 used 2 waiting timesteps, 17 remaining
[Waiting_time_Solve] Applied 2 waiting time  for agent 42 who has waiting time 17
[Waiting_time_Solve] ALL Waiting time applied
[Waiting_time_Solve] Extended Zone end time from 4 to 6
[Create_Local_Problem] Agent 93 is new in the zone
[Waiting_time_Solve] Iteration 2...
[Waiting_time_Solve] Agent 14 pseudo agents: 100 
[SAT] Start solving CNF: 51 clauses and 22 variables
[SAT] Agent 93 entry time: 6 exit time: 6
[SAT] Agent 100 entry time: 4 exit time: 4
[SAT] Agent 84 entry time: 1 exit time: 3
[SAT] Agent 42 entry time: 1 exit time: 6
[SAT] Agent 14 entry time: 2 exit time: 2

[SAT] Start time: 1 End time: 6

[SAT] Solving local zone with SAT iteration 1...
[SAT] Local CNF: 53 clauses 

DEBUG: Adding 53 new clauses to MiniSAT (incremental run)
DEBUG: Clause load summary: input=53, added=53, tautologies_skipped=0, duplicates_skipped=0, unit_clauses=8, empties=0, intra_clause_literals_removed=0, added_but_db_unchanged=6
DEBUG: After adding clauses, solver has 39 clauses and 22 variables
DEBUG: MiniSAT found 22 variables
DEBUG: Assignment size: 22
DEBUG: First few assignment values: 1 1 1 1 1 1 0 1 1 0 

=== DEBUG: cnf_assignment_to_paths ===
Input assignment size: 22

=== END DEBUG ===
[SAT] Found 1 vertex collisions and 0 edge collisions
[SAT] Adding collision clauses and solving again...
[SAT] Solving local zone with SAT iteration 2...
[SAT] Local CNF: 54 clauses 

DEBUG: Adding 1 new clauses to MiniSAT (incremental run)
[SAT] Previous assignment invalidated by new clauses, reset solver and retrying without assumptions...
DEBUG: Adding 54 new clauses to MiniSAT (incremental run)
[SAT] Local problem appears to be unsatisfiable in current zone
[Waiting_time_Solve] No solution found, trying to apply waiting time:3
[Waiting_time_Solve] Applying waiting time 3 to agent 42 who has waiting time 17
[Waiting_time_Solve] New path is consistent after applying waiting time for agent 42
[Current_Solution] Agent 42 used 3 waiting timesteps, 14 remaining
[Waiting_time_Solve] Applied 3 waiting time  for agent 42 who has waiting time 14
[Waiting_time_Solve] ALL Waiting time applied
[Waiting_time_Solve] Extended Zone end time from 6 to 9
[Create_Local_Problem] Agent 98 is new in the zone
[Waiting_time_Solve] Iteration 3...
[Waiting_time_Solve] Agent 14 pseudo agents: 100 
[SAT] Start solving CNF: 104 clauses and 40 variables
[SAT] Agent 98 entry time: 8 exit time: 8
[SAT] Agent 93 entry time: 6 exit time: 8
[SAT] Agent 100 entry time: 4 exit time: 4
[SAT] Agent 84 entry time: 1 exit time: 3
[SAT] Agent 42 entry time: 1 exit time: 9
[SAT] Agent 14 entry time: 2 exit time: 2

[SAT] Start time: 1 End time: 9

[SAT] Solving local zone with SAT iteration 1...
[SAT] Local CNF: 107 clauses 

DEBUG: Adding 107 new clauses to MiniSAT (incremental run)
[SAT] Local problem appears to be unsatisfiable in current zone
[Waiting_time_Solve] No solution found, trying to apply waiting time:4
[Waiting_time_Solve] No waiting time applied
[Waiting_time_Solve] No solution found
[Waiting_time_Solve] Restoring original paths
[Waiting_time_Solve] Restoring waiting times
[Current_Solution] Restored waiting times from backup
[Current_Solution] Restored paths from backup
[Solve_local_zone] Zone with expansion factor 0failed
[Solve_local_zone] Expanding zone with offset 2 (original: 1)
[LOCAL ZONE] Found newly touched conflict 3 at position (16,27)
[Solve_local_zone] Final expanded zone contains 18 positions with 2 conflicts 
[Solve_local_zone] New time window: [0, 5]
[Solve_local_zone] Current local zone size: 18 (1.75781% of all walkable positions)
[Solve_local_zone] Local zone time window: [0, 5]
[Waiting_time_Solve] Agent 0 has waiting time 31
[Waiting_time_Solve] Agent 1 has waiting time 21
[Waiting_time_Solve] Agent 2 has waiting time 33
[Waiting_time_Solve] Agent 3 has waiting time 16
[Waiting_time_Solve] Agent 4 has waiting time 10
[Waiting_time_Solve] Agent 5 has waiting time 10
[Waiting_time_Solve] Agent 6 has waiting time 41
[Waiting_time_Solve] Agent 7 has waiting time 16
[Waiting_time_Solve] Agent 8 has waiting time 27
[Waiting_time_Solve] Agent 9 has waiting time 15
[Waiting_time_Solve] Agent 10 has waiting time 32
[Waiting_time_Solve] Agent 11 has waiting time 12
[Waiting_time_Solve] Agent 12 has waiting time 30
[Waiting_time_Solve] Agent 13 has waiting time 34
[Waiting_time_Solve] Agent 14 has waiting time 37
[Waiting_time_Solve] Agent 15 has waiting time 18
[Waiting_time_Solve] Agent 16 has waiting time 5
[Waiting_time_Solve] Agent 17 has waiting time 5
[Waiting_time_Solve] Agent 18 has waiting time 27
[Waiting_time_Solve] Agent 19 has waiting time 11
[Waiting_time_Solve] Agent 20 has waiting time 8
[Waiting_time_Solve] Agent 21 has waiting time 23
[Waiting_time_Solve] Agent 22 has waiting time 16
[Waiting_time_Solve] Agent 23 has waiting time 29
[Waiting_time_Solve] Agent 24 has waiting time 23
[Waiting_time_Solve] Agent 25 has waiting time 39
[Waiting_time_Solve] Agent 26 has waiting time 15
[Waiting_time_Solve] Agent 27 has waiting time 35
[Waiting_time_Solve] Agent 28 has waiting time 39
[Waiting_time_Solve] Agent 29 has waiting time 27
[Waiting_time_Solve] Agent 30 has waiting time 18
[Waiting_time_Solve] Agent 31 has waiting time 29
[Waiting_time_Solve] Agent 32 has waiting time 26
[Waiting_time_Solve] Agent 33 has waiting time 15
[Waiting_time_Solve] Agent 34 has waiting time 20
[Waiting_time_Solve] Agent 35 has waiting time 34
[Waiting_time_Solve] Agent 36 has waiting time 20
[Waiting_time_Solve] Agent 37 has waiting time 31
[Waiting_time_Solve] Agent 38 has waiting time 35
[Waiting_time_Solve] Agent 39 has waiting time 14
[Waiting_time_Solve] Agent 40 has waiting time 25
[Waiting_time_Solve] Agent 41 has waiting time 32
[Waiting_time_Solve] Agent 42 has waiting time 20
[Waiting_time_Solve] Agent 43 has waiting time 34
[Waiting_time_Solve] Agent 44 has waiting time 17
[Waiting_time_Solve] Agent 45 has waiting time 21
[Waiting_time_Solve] Agent 46 has waiting time 31
[Waiting_time_Solve] Agent 47 has waiting time 17
[Waiting_time_Solve] Agent 48 has waiting time 33
[Waiting_time_Solve] Agent 49 has waiting time 35
[Waiting_time_Solve] Agent 50 has waiting time 9
[Waiting_time_Solve] Agent 51 has waiting time 26
[Waiting_time_Solve] Agent 52 has waiting time 0
[Waiting_time_Solve] Agent 53 has waiting time 24
[Waiting_time_Solve] Agent 54 has waiting time 24
[Waiting_time_Solve] Agent 55 has waiting time 25
[Waiting_time_Solve] Agent 56 has waiting time 37
[Waiting_time_Solve] Agent 57 has waiting time 36
[Waiting_time_Solve] Agent 58 has waiting time 37
[Waiting_time_Solve] Agent 59 has waiting time 27
[Waiting_time_Solve] Agent 60 has waiting time 34
[Waiting_time_Solve] Agent 61 has waiting time 3
[Waiting_time_Solve] Agent 62 has waiting time 17
[Waiting_time_Solve] Agent 63 has waiting time 27
[Waiting_time_Solve] Agent 64 has waiting time 30
[Waiting_time_Solve] Agent 65 has waiting time 25
[Waiting_time_Solve] Agent 66 has waiting time 21
[Waiting_time_Solve] Agent 67 has waiting time 36
[Waiting_time_Solve] Agent 68 has waiting time 22
[Waiting_time_Solve] Agent 69 has waiting time 30
[Waiting_time_Solve] Agent 70 has waiting time 31
[Waiting_time_Solve] Agent 71 has waiting time 19
[Waiting_time_Solve] Agent 72 has waiting time 30
[Waiting_time_Solve] Agent 73 has waiting time 40
[Waiting_time_Solve] Agent 74 has waiting time 36
[Waiting_time_Solve] Agent 75 has waiting time 22
[Waiting_time_Solve] Agent 76 has waiting time 28
[Waiting_time_Solve] Agent 77 has waiting time 13
[Waiting_time_Solve] Agent 78 has waiting time 23
[Waiting_time_Solve] Agent 79 has waiting time 22
[Waiting_time_Solve] Agent 80 has waiting time 37
[Waiting_time_Solve] Agent 81 has waiting time 31
[Waiting_time_Solve] Agent 82 has waiting time 20
[Waiting_time_Solve] Agent 83 has waiting time 33
[Waiting_time_Solve] Agent 84 has waiting time 10
[Waiting_time_Solve] Agent 85 has waiting time 35
[Waiting_time_Solve] Agent 86 has waiting time 37
[Waiting_time_Solve] Agent 87 has waiting time 29
[Waiting_time_Solve] Agent 88 has waiting time 10
[Waiting_time_Solve] Agent 89 has waiting time 7
[Waiting_time_Solve] Agent 90 has waiting time 31
[Waiting_time_Solve] Agent 91 has waiting time 23
[Waiting_time_Solve] Agent 92 has waiting time 24
[Waiting_time_Solve] Agent 93 has waiting time 23
[Waiting_time_Solve] Agent 94 has waiting time 35
[Waiting_time_Solve] Agent 95 has waiting time 41
[Waiting_time_Solve] Agent 96 has waiting time 21
[Waiting_time_Solve] Agent 97 has waiting time 24
[Waiting_time_Solve] Agent 98 has waiting time 36
[Waiting_time_Solve] Agent 99 has waiting time 16
[Waiting_time_Solve] Total available waiting time: 2469
[Waiting_time_Solve] Max iterations: 2469
[Waiting_time_Solve] Iteration 0...
[SAT] Start solving CNF: 63 clauses and 35 variables
[SAT] Agent 98 entry time: 5 exit time: 5
[SAT] Agent 89 entry time: 0 exit time: 1
[SAT] Agent 84 entry time: 0 exit time: 4
[SAT] Agent 93 entry time: 5 exit time: 5
[SAT] Agent 67 entry time: 1 exit time: 5
[SAT] Agent 42 entry time: 0 exit time: 4
[SAT] Agent 35 entry time: 1 exit time: 1
[SAT] Agent 14 entry time: 1 exit time: 5

[SAT] Start time: 0 End time: 5

[SAT] Solving local zone with SAT iteration 1...
[SAT] Local CNF: 63 clauses 

DEBUG: Adding 63 new clauses to MiniSAT (incremental run)
DEBUG: Clause load summary: input=63, added=63, tautologies_skipped=0, duplicates_skipped=0, unit_clauses=16, empties=0, intra_clause_literals_removed=0, added_but_db_unchanged=12
DEBUG: After adding clauses, solver has 35 clauses and 35 variables
DEBUG: MiniSAT found 35 variables
DEBUG: Assignment size: 35
DEBUG: First few assignment values: 1 1 1 1 0 1 0 1 1 1 

=== DEBUG: cnf_assignment_to_paths ===
Input assignment size: 35

=== END DEBUG ===
[SAT] Found 1 vertex collisions and 0 edge collisions
[SAT] Adding collision clauses and solving again...
[SAT] Solving local zone with SAT iteration 2...
[SAT] Local CNF: 64 clauses 

DEBUG: Adding 1 new clauses to MiniSAT (incremental run)
DEBUG: Clause load summary: input=1, added=1, tautologies_skipped=0, duplicates_skipped=0, unit_clauses=0, empties=0, intra_clause_literals_removed=0, added_but_db_unchanged=0
DEBUG: After adding clauses, solver has 36 clauses and 35 variables
DEBUG: MiniSAT found 35 variables
DEBUG: Assignment size: 35
DEBUG: First few assignment values: 1 1 1 1 0 1 0 1 1 1 

=== DEBUG: cnf_assignment_to_paths ===
Input assignment size: 35

=== END DEBUG ===
[SAT] Found 0 vertex collisions and 0 edge collisions
[SAT] Found collision-free local solution!
[Waiting_time_Solve] Solution found, updating global solution
[LNS] Updating global solution with pseudo-agent local paths...
[Current_Solution] Updating global solution for agent 98
[Current_Solution] Global solution is consistent after updating with local path
[LNS] Successfully updated global solution with pseudo-agent local paths!
[Current_Solution] Updating global solution for agent 89
[Current_Solution] Global solution is consistent after updating with local path
[LNS] Successfully updated global solution with pseudo-agent local paths!
[Current_Solution] Updating global solution for agent 84
[Current_Solution] Global solution is consistent after updating with local path
[LNS] Successfully updated global solution with pseudo-agent local paths!
[Current_Solution] Updating global solution for agent 93
[Current_Solution] Global solution is consistent after updating with local path
[LNS] Successfully updated global solution with pseudo-agent local paths!
[Current_Solution] Updating global solution for agent 67
[Current_Solution] Global solution is consistent after updating with local path
[LNS] Successfully updated global solution with pseudo-agent local paths!
[Current_Solution] Updating global solution for agent 42
[Current_Solution] Global solution is consistent after updating with local path
[LNS] Successfully updated global solution with pseudo-agent local paths!
[Current_Solution] Updating global solution for agent 35
[Current_Solution] Global solution is consistent after updating with local path
[LNS] Successfully updated global solution with pseudo-agent local paths!
[Current_Solution] Updating global solution for agent 14
[Current_Solution] Global solution is consistent after updating with local path
[LNS] Successfully updated global solution with pseudo-agent local paths!
[LNS] Updating path map with new local paths...
[LNS] Successfully updated global solution with local paths and pseudo agents!
[Solve_local_zone] Successfully solved local zone
[Solve_local_zone] Final local zone size: 18 (1.75781% of all walkable positions)
[LNS] Successfully solved local zone
[LNS] Analyzing conflicts...
[LNS] Current solution: vertex collisions=114, edge collisions=14
[LNS] Creating conflict buckets...
[LOCAL ZONE] Building diamond bucket for conflict 0
[LOCAL ZONE] Built diamond bucket for conflict 0 with 5 positions, 1 conflicts, 2 - 2 time window
[LNS] Selected most relevant bucket 0 with time window: 2 - 2, 1 conflicts and 5 positions.
[LNS] Solving the best bucket Local Zone...
[Solve_local_zone] Current local zone size: 5 (0.488281% of all walkable positions)
[Solve_local_zone] Local zone time window: [1, 3]
[Waiting_time_Solve] Agent 0 has waiting time 31
[Waiting_time_Solve] Agent 1 has waiting time 21
[Waiting_time_Solve] Agent 2 has waiting time 33
[Waiting_time_Solve] Agent 3 has waiting time 16
[Waiting_time_Solve] Agent 4 has waiting time 10
[Waiting_time_Solve] Agent 5 has waiting time 10
[Waiting_time_Solve] Agent 6 has waiting time 41
[Waiting_time_Solve] Agent 7 has waiting time 16
[Waiting_time_Solve] Agent 8 has waiting time 27
[Waiting_time_Solve] Agent 9 has waiting time 15
[Waiting_time_Solve] Agent 10 has waiting time 32
[Waiting_time_Solve] Agent 11 has waiting time 12
[Waiting_time_Solve] Agent 12 has waiting time 30
[Waiting_time_Solve] Agent 13 has waiting time 34
[Waiting_time_Solve] Agent 14 has waiting time 37
[Waiting_time_Solve] Agent 15 has waiting time 18
[Waiting_time_Solve] Agent 16 has waiting time 5
[Waiting_time_Solve] Agent 17 has waiting time 5
[Waiting_time_Solve] Agent 18 has waiting time 27
[Waiting_time_Solve] Agent 19 has waiting time 11
[Waiting_time_Solve] Agent 20 has waiting time 8
[Waiting_time_Solve] Agent 21 has waiting time 23
[Waiting_time_Solve] Agent 22 has waiting time 16
[Waiting_time_Solve] Agent 23 has waiting time 29
[Waiting_time_Solve] Agent 24 has waiting time 23
[Waiting_time_Solve] Agent 25 has waiting time 39
[Waiting_time_Solve] Agent 26 has waiting time 15
[Waiting_time_Solve] Agent 27 has waiting time 35
[Waiting_time_Solve] Agent 28 has waiting time 39
[Waiting_time_Solve] Agent 29 has waiting time 27
[Waiting_time_Solve] Agent 30 has waiting time 18
[Waiting_time_Solve] Agent 31 has waiting time 29
[Waiting_time_Solve] Agent 32 has waiting time 26
[Waiting_time_Solve] Agent 33 has waiting time 15
[Waiting_time_Solve] Agent 34 has waiting time 20
[Waiting_time_Solve] Agent 35 has waiting time 34
[Waiting_time_Solve] Agent 36 has waiting time 20
[Waiting_time_Solve] Agent 37 has waiting time 31
[Waiting_time_Solve] Agent 38 has waiting time 35
[Waiting_time_Solve] Agent 39 has waiting time 14
[Waiting_time_Solve] Agent 40 has waiting time 25
[Waiting_time_Solve] Agent 41 has waiting time 32
[Waiting_time_Solve] Agent 42 has waiting time 20
[Waiting_time_Solve] Agent 43 has waiting time 34
[Waiting_time_Solve] Agent 44 has waiting time 17
[Waiting_time_Solve] Agent 45 has waiting time 21
[Waiting_time_Solve] Agent 46 has waiting time 31
[Waiting_time_Solve] Agent 47 has waiting time 17
[Waiting_time_Solve] Agent 48 has waiting time 33
[Waiting_time_Solve] Agent 49 has waiting time 35
[Waiting_time_Solve] Agent 50 has waiting time 9
[Waiting_time_Solve] Agent 51 has waiting time 26
[Waiting_time_Solve] Agent 52 has waiting time 0
[Waiting_time_Solve] Agent 53 has waiting time 24
[Waiting_time_Solve] Agent 54 has waiting time 24
[Waiting_time_Solve] Agent 55 has waiting time 25
[Waiting_time_Solve] Agent 56 has waiting time 37
[Waiting_time_Solve] Agent 57 has waiting time 36
[Waiting_time_Solve] Agent 58 has waiting time 37
[Waiting_time_Solve] Agent 59 has waiting time 27
[Waiting_time_Solve] Agent 60 has waiting time 34
[Waiting_time_Solve] Agent 61 has waiting time 3
[Waiting_time_Solve] Agent 62 has waiting time 17
[Waiting_time_Solve] Agent 63 has waiting time 27
[Waiting_time_Solve] Agent 64 has waiting time 30
[Waiting_time_Solve] Agent 65 has waiting time 25
[Waiting_time_Solve] Agent 66 has waiting time 21
[Waiting_time_Solve] Agent 67 has waiting time 36
[Waiting_time_Solve] Agent 68 has waiting time 22
[Waiting_time_Solve] Agent 69 has waiting time 30
[Waiting_time_Solve] Agent 70 has waiting time 31
[Waiting_time_Solve] Agent 71 has waiting time 19
[Waiting_time_Solve] Agent 72 has waiting time 30
[Waiting_time_Solve] Agent 73 has waiting time 40
[Waiting_time_Solve] Agent 74 has waiting time 36
[Waiting_time_Solve] Agent 75 has waiting time 22
[Waiting_time_Solve] Agent 76 has waiting time 28
[Waiting_time_Solve] Agent 77 has waiting time 13
[Waiting_time_Solve] Agent 78 has waiting time 23
[Waiting_time_Solve] Agent 79 has waiting time 22
[Waiting_time_Solve] Agent 80 has waiting time 37
[Waiting_time_Solve] Agent 81 has waiting time 31
[Waiting_time_Solve] Agent 82 has waiting time 20
[Waiting_time_Solve] Agent 83 has waiting time 33
[Waiting_time_Solve] Agent 84 has waiting time 10
[Waiting_time_Solve] Agent 85 has waiting time 35
[Waiting_time_Solve] Agent 86 has waiting time 37
[Waiting_time_Solve] Agent 87 has waiting time 29
[Waiting_time_Solve] Agent 88 has waiting time 10
[Waiting_time_Solve] Agent 89 has waiting time 7
[Waiting_time_Solve] Agent 90 has waiting time 31
[Waiting_time_Solve] Agent 91 has waiting time 23
[Waiting_time_Solve] Agent 92 has waiting time 24
[Waiting_time_Solve] Agent 93 has waiting time 23
[Waiting_time_Solve] Agent 94 has waiting time 35
[Waiting_time_Solve] Agent 95 has waiting time 41
[Waiting_time_Solve] Agent 96 has waiting time 21
[Waiting_time_Solve] Agent 97 has waiting time 24
[Waiting_time_Solve] Agent 98 has waiting time 36
[Waiting_time_Solve] Agent 99 has waiting time 16
[Waiting_time_Solve] Total available waiting time: 2469
[Waiting_time_Solve] Max iterations: 2469
[Waiting_time_Solve] Iteration 0...
[SAT] Start solving CNF: 13 clauses and 8 variables
[SAT] Agent 81 entry time: 1 exit time: 2
[SAT] Agent 49 entry time: 1 exit time: 3
[SAT] Agent 41 entry time: 1 exit time: 3

[SAT] Start time: 1 End time: 3

[SAT] Solving local zone with SAT iteration 1...
[SAT] Local CNF: 13 clauses 

DEBUG: Adding 13 new clauses to MiniSAT (incremental run)
DEBUG: Clause load summary: input=13, added=13, tautologies_skipped=0, duplicates_skipped=0, unit_clauses=8, empties=0, intra_clause_literals_removed=0, added_but_db_unchanged=5
DEBUG: After adding clauses, solver has 0 clauses and 8 variables
DEBUG: MiniSAT found 8 variables
DEBUG: Assignment size: 8
DEBUG: First few assignment values: 1 1 1 1 1 1 1 1 

=== DEBUG: cnf_assignment_to_paths ===
Input assignment size: 8

=== END DEBUG ===
[SAT] Found 1 vertex collisions and 0 edge collisions
[SAT] Adding collision clauses and solving again...
[SAT] Solving local zone with SAT iteration 2...
[SAT] Local CNF: 14 clauses 

DEBUG: Adding 1 new clauses to MiniSAT (incremental run)
[SAT] Local problem appears to be unsatisfiable in current zone
[Waiting_time_Solve] No solution found, trying to apply waiting time:1
[Waiting_time_Solve] Applying waiting time 1 to agent 49 who has waiting time 35
[Waiting_time_Solve] New path is consistent after applying waiting time for agent 49
[Current_Solution] Agent 49 used 1 waiting timesteps, 34 remaining
[Waiting_time_Solve] Applied 1 waiting time  for agent 49 who has waiting time 34
[Waiting_time_Solve] ALL Waiting time applied
[Waiting_time_Solve] Extended Zone end time from 3 to 4
[Waiting_time_Solve] Iteration 1...
[SAT] Start solving CNF: 19 clauses and 11 variables
[SAT] Agent 81 entry time: 1 exit time: 2
[SAT] Agent 49 entry time: 1 exit time: 4
[SAT] Agent 41 entry time: 1 exit time: 3

[SAT] Start time: 1 End time: 4

[SAT] Solving local zone with SAT iteration 1...
[SAT] Local CNF: 20 clauses 

DEBUG: Adding 20 new clauses to MiniSAT (incremental run)
DEBUG: Clause load summary: input=20, added=20, tautologies_skipped=0, duplicates_skipped=0, unit_clauses=7, empties=0, intra_clause_literals_removed=0, added_but_db_unchanged=6
DEBUG: After adding clauses, solver has 7 clauses and 11 variables
DEBUG: MiniSAT found 11 variables
DEBUG: Assignment size: 11
DEBUG: First few assignment values: 1 1 1 0 1 0 1 1 1 1 

=== DEBUG: cnf_assignment_to_paths ===
Input assignment size: 11

=== END DEBUG ===
[SAT] Found 0 vertex collisions and 1 edge collisions
[SAT] Adding collision clauses and solving again...
[SAT] Solving local zone with SAT iteration 2...
[SAT] Local CNF: 21 clauses 

DEBUG: Adding 1 new clauses to MiniSAT (incremental run)
[SAT] Previous assignment invalidated by new clauses, reset solver and retrying without assumptions...
DEBUG: Adding 21 new clauses to MiniSAT (incremental run)
[SAT] Local problem appears to be unsatisfiable in current zone
[Waiting_time_Solve] No solution found, trying to apply waiting time:2
[Waiting_time_Solve] Applying waiting time 2 to agent 49 who has waiting time 34
[Waiting_time_Solve] New path is consistent after applying waiting time for agent 49
[Current_Solution] Agent 49 used 2 waiting timesteps, 32 remaining
[Waiting_time_Solve] Applied 2 waiting time  for agent 49 who has waiting time 32
[Waiting_time_Solve] ALL Waiting time applied
[Waiting_time_Solve] Extended Zone end time from 4 to 6
[Waiting_time_Solve] Iteration 2...
[SAT] Start solving CNF: 51 clauses and 21 variables
[SAT] Agent 81 entry time: 1 exit time: 2
[SAT] Agent 49 entry time: 1 exit time: 6
[SAT] Agent 41 entry time: 1 exit time: 3

[SAT] Start time: 1 End time: 6

[SAT] Solving local zone with SAT iteration 1...
[SAT] Local CNF: 53 clauses 

DEBUG: Adding 53 new clauses to MiniSAT (incremental run)
DEBUG: Clause load summary: input=53, added=53, tautologies_skipped=0, duplicates_skipped=0, unit_clauses=7, empties=0, intra_clause_literals_removed=0, added_but_db_unchanged=7
DEBUG: After adding clauses, solver has 39 clauses and 21 variables
DEBUG: MiniSAT found 21 variables
DEBUG: Assignment size: 21
DEBUG: First few assignment values: 1 1 1 0 1 0 1 0 0 0 

=== DEBUG: cnf_assignment_to_paths ===
Input assignment size: 21

=== END DEBUG ===
[SAT] Found 1 vertex collisions and 0 edge collisions
[SAT] Adding collision clauses and solving again...
[SAT] Solving local zone with SAT iteration 2...
[SAT] Local CNF: 54 clauses 

DEBUG: Adding 1 new clauses to MiniSAT (incremental run)
[SAT] Previous assignment invalidated by new clauses, reset solver and retrying without assumptions...
DEBUG: Adding 54 new clauses to MiniSAT (incremental run)
[SAT] Local problem appears to be unsatisfiable in current zone
[Waiting_time_Solve] No solution found, trying to apply waiting time:3
[Waiting_time_Solve] Applying waiting time 3 to agent 49 who has waiting time 32
[Waiting_time_Solve] New path is consistent after applying waiting time for agent 49
[Current_Solution] Agent 49 used 3 waiting timesteps, 29 remaining
[Waiting_time_Solve] Applied 3 waiting time  for agent 49 who has waiting time 29
[Waiting_time_Solve] ALL Waiting time applied
[Waiting_time_Solve] Extended Zone end time from 6 to 9
[Waiting_time_Solve] Iteration 3...
[SAT] Start solving CNF: 99 clauses and 36 variables
[SAT] Agent 81 entry time: 1 exit time: 2
[SAT] Agent 49 entry time: 1 exit time: 9
[SAT] Agent 41 entry time: 1 exit time: 3

[SAT] Start time: 1 End time: 9

[SAT] Solving local zone with SAT iteration 1...
[SAT] Local CNF: 102 clauses 

DEBUG: Adding 102 new clauses to MiniSAT (incremental run)
[SAT] Local problem appears to be unsatisfiable in current zone
[Waiting_time_Solve] No solution found, trying to apply waiting time:4
[Waiting_time_Solve] No waiting time applied
[Waiting_time_Solve] No solution found
[Waiting_time_Solve] Restoring original paths
[Waiting_time_Solve] Restoring waiting times
[Current_Solution] Restored waiting times from backup
[Current_Solution] Restored paths from backup
[Solve_local_zone] Zone with expansion factor 0failed
[Solve_local_zone] Expanding zone with offset 2 (original: 1)
[Solve_local_zone] Final expanded zone contains 13 positions with 1 conflicts 
[Solve_local_zone] New time window: [0, 4]
[Solve_local_zone] Current local zone size: 13 (1.26953% of all walkable positions)
[Solve_local_zone] Local zone time window: [0, 4]
[Waiting_time_Solve] Agent 0 has waiting time 31
[Waiting_time_Solve] Agent 1 has waiting time 21
[Waiting_time_Solve] Agent 2 has waiting time 33
[Waiting_time_Solve] Agent 3 has waiting time 16
[Waiting_time_Solve] Agent 4 has waiting time 10
[Waiting_time_Solve] Agent 5 has waiting time 10
[Waiting_time_Solve] Agent 6 has waiting time 41
[Waiting_time_Solve] Agent 7 has waiting time 16
[Waiting_time_Solve] Agent 8 has waiting time 27
[Waiting_time_Solve] Agent 9 has waiting time 15
[Waiting_time_Solve] Agent 10 has waiting time 32
[Waiting_time_Solve] Agent 11 has waiting time 12
[Waiting_time_Solve] Agent 12 has waiting time 30
[Waiting_time_Solve] Agent 13 has waiting time 34
[Waiting_time_Solve] Agent 14 has waiting time 37
[Waiting_time_Solve] Agent 15 has waiting time 18
[Waiting_time_Solve] Agent 16 has waiting time 5
[Waiting_time_Solve] Agent 17 has waiting time 5
[Waiting_time_Solve] Agent 18 has waiting time 27
[Waiting_time_Solve] Agent 19 has waiting time 11
[Waiting_time_Solve] Agent 20 has waiting time 8
[Waiting_time_Solve] Agent 21 has waiting time 23
[Waiting_time_Solve] Agent 22 has waiting time 16
[Waiting_time_Solve] Agent 23 has waiting time 29
[Waiting_time_Solve] Agent 24 has waiting time 23
[Waiting_time_Solve] Agent 25 has waiting time 39
[Waiting_time_Solve] Agent 26 has waiting time 15
[Waiting_time_Solve] Agent 27 has waiting time 35
[Waiting_time_Solve] Agent 28 has waiting time 39
[Waiting_time_Solve] Agent 29 has waiting time 27
[Waiting_time_Solve] Agent 30 has waiting time 18
[Waiting_time_Solve] Agent 31 has waiting time 29
[Waiting_time_Solve] Agent 32 has waiting time 26
[Waiting_time_Solve] Agent 33 has waiting time 15
[Waiting_time_Solve] Agent 34 has waiting time 20
[Waiting_time_Solve] Agent 35 has waiting time 34
[Waiting_time_Solve] Agent 36 has waiting time 20
[Waiting_time_Solve] Agent 37 has waiting time 31
[Waiting_time_Solve] Agent 38 has waiting time 35
[Waiting_time_Solve] Agent 39 has waiting time 14
[Waiting_time_Solve] Agent 40 has waiting time 25
[Waiting_time_Solve] Agent 41 has waiting time 32
[Waiting_time_Solve] Agent 42 has waiting time 20
[Waiting_time_Solve] Agent 43 has waiting time 34
[Waiting_time_Solve] Agent 44 has waiting time 17
[Waiting_time_Solve] Agent 45 has waiting time 21
[Waiting_time_Solve] Agent 46 has waiting time 31
[Waiting_time_Solve] Agent 47 has waiting time 17
[Waiting_time_Solve] Agent 48 has waiting time 33
[Waiting_time_Solve] Agent 49 has waiting time 35
[Waiting_time_Solve] Agent 50 has waiting time 9
[Waiting_time_Solve] Agent 51 has waiting time 26
[Waiting_time_Solve] Agent 52 has waiting time 0
[Waiting_time_Solve] Agent 53 has waiting time 24
[Waiting_time_Solve] Agent 54 has waiting time 24
[Waiting_time_Solve] Agent 55 has waiting time 25
[Waiting_time_Solve] Agent 56 has waiting time 37
[Waiting_time_Solve] Agent 57 has waiting time 36
[Waiting_time_Solve] Agent 58 has waiting time 37
[Waiting_time_Solve] Agent 59 has waiting time 27
[Waiting_time_Solve] Agent 60 has waiting time 34
[Waiting_time_Solve] Agent 61 has waiting time 3
[Waiting_time_Solve] Agent 62 has waiting time 17
[Waiting_time_Solve] Agent 63 has waiting time 27
[Waiting_time_Solve] Agent 64 has waiting time 30
[Waiting_time_Solve] Agent 65 has waiting time 25
[Waiting_time_Solve] Agent 66 has waiting time 21
[Waiting_time_Solve] Agent 67 has waiting time 36
[Waiting_time_Solve] Agent 68 has waiting time 22
[Waiting_time_Solve] Agent 69 has waiting time 30
[Waiting_time_Solve] Agent 70 has waiting time 31
[Waiting_time_Solve] Agent 71 has waiting time 19
[Waiting_time_Solve] Agent 72 has waiting time 30
[Waiting_time_Solve] Agent 73 has waiting time 40
[Waiting_time_Solve] Agent 74 has waiting time 36
[Waiting_time_Solve] Agent 75 has waiting time 22
[Waiting_time_Solve] Agent 76 has waiting time 28
[Waiting_time_Solve] Agent 77 has waiting time 13
[Waiting_time_Solve] Agent 78 has waiting time 23
[Waiting_time_Solve] Agent 79 has waiting time 22
[Waiting_time_Solve] Agent 80 has waiting time 37
[Waiting_time_Solve] Agent 81 has waiting time 31
[Waiting_time_Solve] Agent 82 has waiting time 20
[Waiting_time_Solve] Agent 83 has waiting time 33
[Waiting_time_Solve] Agent 84 has waiting time 10
[Waiting_time_Solve] Agent 85 has waiting time 35
[Waiting_time_Solve] Agent 86 has waiting time 37
[Waiting_time_Solve] Agent 87 has waiting time 29
[Waiting_time_Solve] Agent 88 has waiting time 10
[Waiting_time_Solve] Agent 89 has waiting time 7
[Waiting_time_Solve] Agent 90 has waiting time 31
[Waiting_time_Solve] Agent 91 has waiting time 23
[Waiting_time_Solve] Agent 92 has waiting time 24
[Waiting_time_Solve] Agent 93 has waiting time 23
[Waiting_time_Solve] Agent 94 has waiting time 35
[Waiting_time_Solve] Agent 95 has waiting time 41
[Waiting_time_Solve] Agent 96 has waiting time 21
[Waiting_time_Solve] Agent 97 has waiting time 24
[Waiting_time_Solve] Agent 98 has waiting time 36
[Waiting_time_Solve] Agent 99 has waiting time 16
[Waiting_time_Solve] Total available waiting time: 2469
[Waiting_time_Solve] Max iterations: 2469
[Waiting_time_Solve] Iteration 0...
[SAT] Start solving CNF: 35 clauses and 20 variables
[SAT] Agent 83 entry time: 0 exit time: 0
[SAT] Agent 81 entry time: 0 exit time: 3
[SAT] Agent 49 entry time: 0 exit time: 4
[SAT] Agent 41 entry time: 0 exit time: 4
[SAT] Agent 15 entry time: 0 exit time: 1

[SAT] Start time: 0 End time: 4

[SAT] Solving local zone with SAT iteration 1...
[SAT] Local CNF: 35 clauses 

DEBUG: Adding 35 new clauses to MiniSAT (incremental run)
DEBUG: Clause load summary: input=35, added=35, tautologies_skipped=0, duplicates_skipped=0, unit_clauses=14, empties=0, intra_clause_literals_removed=0, added_but_db_unchanged=11
DEBUG: After adding clauses, solver has 10 clauses and 20 variables
DEBUG: MiniSAT found 20 variables
DEBUG: Assignment size: 20
DEBUG: First few assignment values: 1 1 1 1 1 1 0 1 0 1 

=== DEBUG: cnf_assignment_to_paths ===
Input assignment size: 20

=== END DEBUG ===
[SAT] Found 0 vertex collisions and 0 edge collisions
[SAT] Found collision-free local solution!
[Waiting_time_Solve] Solution found, updating global solution
[LNS] Updating global solution with pseudo-agent local paths...
[Current_Solution] Updating global solution for agent 83
[Current_Solution] Global solution is consistent after updating with local path
[LNS] Successfully updated global solution with pseudo-agent local paths!
[Current_Solution] Updating global solution for agent 81
[Current_Solution] Global solution is consistent after updating with local path
[LNS] Successfully updated global solution with pseudo-agent local paths!
[Current_Solution] Updating global solution for agent 49
[Current_Solution] Global solution is consistent after updating with local path
[LNS] Successfully updated global solution with pseudo-agent local paths!
[Current_Solution] Updating global solution for agent 41
[Current_Solution] Global solution is consistent after updating with local path
[LNS] Successfully updated global solution with pseudo-agent local paths!
[Current_Solution] Updating global solution for agent 15
[Current_Solution] Global solution is consistent after updating with local path
[LNS] Successfully updated global solution with pseudo-agent local paths!
[LNS] Updating path map with new local paths...
[LNS] Successfully updated global solution with local paths and pseudo agents!
[Solve_local_zone] Successfully solved local zone
[Solve_local_zone] Final local zone size: 13 (1.26953% of all walkable positions)
[LNS] Successfully solved local zone
[LNS] Analyzing conflicts...
[LNS] Current solution: vertex collisions=113, edge collisions=14
[LNS] Creating conflict buckets...
[LOCAL ZONE] Building diamond bucket for conflict 0
[LOCAL ZONE] Built diamond bucket for conflict 0 with 10 positions, 2 conflicts, 3 - 4 time window
[LOCAL ZONE] Building diamond bucket for conflict 113
[LOCAL ZONE] Built diamond bucket for conflict 113 with 8 positions, 1 conflicts, 3 - 3 time window
[LNS] Selected most relevant bucket 0 with time window: 3 - 4, 2 conflicts and 10 positions.
[LNS] Solving the best bucket Local Zone...
[Solve_local_zone] Current local zone size: 10 (0.976562% of all walkable positions)
[Solve_local_zone] Local zone time window: [2, 5]
[Waiting_time_Solve] Agent 0 has waiting time 31
[Waiting_time_Solve] Agent 1 has waiting time 21
[Waiting_time_Solve] Agent 2 has waiting time 33
[Waiting_time_Solve] Agent 3 has waiting time 16
[Waiting_time_Solve] Agent 4 has waiting time 10
[Waiting_time_Solve] Agent 5 has waiting time 10
[Waiting_time_Solve] Agent 6 has waiting time 41
[Waiting_time_Solve] Agent 7 has waiting time 16
[Waiting_time_Solve] Agent 8 has waiting time 27
[Waiting_time_Solve] Agent 9 has waiting time 15
[Waiting_time_Solve] Agent 10 has waiting time 32
[Waiting_time_Solve] Agent 11 has waiting time 12
[Waiting_time_Solve] Agent 12 has waiting time 30
[Waiting_time_Solve] Agent 13 has waiting time 34
[Waiting_time_Solve] Agent 14 has waiting time 37
[Waiting_time_Solve] Agent 15 has waiting time 18
[Waiting_time_Solve] Agent 16 has waiting time 5
[Waiting_time_Solve] Agent 17 has waiting time 5
[Waiting_time_Solve] Agent 18 has waiting time 27
[Waiting_time_Solve] Agent 19 has waiting time 11
[Waiting_time_Solve] Agent 20 has waiting time 8
[Waiting_time_Solve] Agent 21 has waiting time 23
[Waiting_time_Solve] Agent 22 has waiting time 16
[Waiting_time_Solve] Agent 23 has waiting time 29
[Waiting_time_Solve] Agent 24 has waiting time 23
[Waiting_time_Solve] Agent 25 has waiting time 39
[Waiting_time_Solve] Agent 26 has waiting time 15
[Waiting_time_Solve] Agent 27 has waiting time 35
[Waiting_time_Solve] Agent 28 has waiting time 39
[Waiting_time_Solve] Agent 29 has waiting time 27
[Waiting_time_Solve] Agent 30 has waiting time 18
[Waiting_time_Solve] Agent 31 has waiting time 29
[Waiting_time_Solve] Agent 32 has waiting time 26
[Waiting_time_Solve] Agent 33 has waiting time 15
[Waiting_time_Solve] Agent 34 has waiting time 20
[Waiting_time_Solve] Agent 35 has waiting time 34
[Waiting_time_Solve] Agent 36 has waiting time 20
[Waiting_time_Solve] Agent 37 has waiting time 31
[Waiting_time_Solve] Agent 38 has waiting time 35
[Waiting_time_Solve] Agent 39 has waiting time 14
[Waiting_time_Solve] Agent 40 has waiting time 25
[Waiting_time_Solve] Agent 41 has waiting time 32
[Waiting_time_Solve] Agent 42 has waiting time 20
[Waiting_time_Solve] Agent 43 has waiting time 34
[Waiting_time_Solve] Agent 44 has waiting time 17
[Waiting_time_Solve] Agent 45 has waiting time 21
[Waiting_time_Solve] Agent 46 has waiting time 31
[Waiting_time_Solve] Agent 47 has waiting time 17
[Waiting_time_Solve] Agent 48 has waiting time 33
[Waiting_time_Solve] Agent 49 has waiting time 35
[Waiting_time_Solve] Agent 50 has waiting time 9
[Waiting_time_Solve] Agent 51 has waiting time 26
[Waiting_time_Solve] Agent 52 has waiting time 0
[Waiting_time_Solve] Agent 53 has waiting time 24
[Waiting_time_Solve] Agent 54 has waiting time 24
[Waiting_time_Solve] Agent 55 has waiting time 25
[Waiting_time_Solve] Agent 56 has waiting time 37
[Waiting_time_Solve] Agent 57 has waiting time 36
[Waiting_time_Solve] Agent 58 has waiting time 37
[Waiting_time_Solve] Agent 59 has waiting time 27
[Waiting_time_Solve] Agent 60 has waiting time 34
[Waiting_time_Solve] Agent 61 has waiting time 3
[Waiting_time_Solve] Agent 62 has waiting time 17
[Waiting_time_Solve] Agent 63 has waiting time 27
[Waiting_time_Solve] Agent 64 has waiting time 30
[Waiting_time_Solve] Agent 65 has waiting time 25
[Waiting_time_Solve] Agent 66 has waiting time 21
[Waiting_time_Solve] Agent 67 has waiting time 36
[Waiting_time_Solve] Agent 68 has waiting time 22
[Waiting_time_Solve] Agent 69 has waiting time 30
[Waiting_time_Solve] Agent 70 has waiting time 31
[Waiting_time_Solve] Agent 71 has waiting time 19
[Waiting_time_Solve] Agent 72 has waiting time 30
[Waiting_time_Solve] Agent 73 has waiting time 40
[Waiting_time_Solve] Agent 74 has waiting time 36
[Waiting_time_Solve] Agent 75 has waiting time 22
[Waiting_time_Solve] Agent 76 has waiting time 28
[Waiting_time_Solve] Agent 77 has waiting time 13
[Waiting_time_Solve] Agent 78 has waiting time 23
[Waiting_time_Solve] Agent 79 has waiting time 22
[Waiting_time_Solve] Agent 80 has waiting time 37
[Waiting_time_Solve] Agent 81 has waiting time 31
[Waiting_time_Solve] Agent 82 has waiting time 20
[Waiting_time_Solve] Agent 83 has waiting time 33
[Waiting_time_Solve] Agent 84 has waiting time 10
[Waiting_time_Solve] Agent 85 has waiting time 35
[Waiting_time_Solve] Agent 86 has waiting time 37
[Waiting_time_Solve] Agent 87 has waiting time 29
[Waiting_time_Solve] Agent 88 has waiting time 10
[Waiting_time_Solve] Agent 89 has waiting time 7
[Waiting_time_Solve] Agent 90 has waiting time 31
[Waiting_time_Solve] Agent 91 has waiting time 23
[Waiting_time_Solve] Agent 92 has waiting time 24
[Waiting_time_Solve] Agent 93 has waiting time 23
[Waiting_time_Solve] Agent 94 has waiting time 35
[Waiting_time_Solve] Agent 95 has waiting time 41
[Waiting_time_Solve] Agent 96 has waiting time 21
[Waiting_time_Solve] Agent 97 has waiting time 24
[Waiting_time_Solve] Agent 98 has waiting time 36
[Waiting_time_Solve] Agent 99 has waiting time 16
[Waiting_time_Solve] Total available waiting time: 2469
[Waiting_time_Solve] Max iterations: 2469
[Waiting_time_Solve] Iteration 0...
[SAT] Start solving CNF: 20 clauses and 12 variables
[SAT] Agent 60 entry time: 2 exit time: 5
[SAT] Agent 46 entry time: 3 exit time: 5
[SAT] Agent 27 entry time: 2 exit time: 2
[SAT] Agent 22 entry time: 2 exit time: 4

[SAT] Start time: 2 End time: 5

[SAT] Solving local zone with SAT iteration 1...
[SAT] Local CNF: 20 clauses 

DEBUG: Adding 20 new clauses to MiniSAT (incremental run)
DEBUG: Clause load summary: input=20, added=20, tautologies_skipped=0, duplicates_skipped=0, unit_clauses=10, empties=0, intra_clause_literals_removed=0, added_but_db_unchanged=7
DEBUG: After adding clauses, solver has 3 clauses and 12 variables
DEBUG: MiniSAT found 12 variables
DEBUG: Assignment size: 12
DEBUG: First few assignment values: 1 1 0 1 1 1 1 1 1 1 

=== DEBUG: cnf_assignment_to_paths ===
Input assignment size: 12

=== END DEBUG ===
[SAT] Found 1 vertex collisions and 1 edge collisions
[SAT] Adding collision clauses and solving again...
[SAT] Solving local zone with SAT iteration 2...
[SAT] Local CNF: 22 clauses 

DEBUG: Adding 2 new clauses to MiniSAT (incremental run)
[SAT] Local problem appears to be unsatisfiable in current zone
[Waiting_time_Solve] No solution found, trying to apply waiting time:1
[Waiting_time_Solve] Applying waiting time 1 to agent 60 who has waiting time 34
[Waiting_time_Solve] New path is consistent after applying waiting time for agent 60
[Current_Solution] Agent 60 used 1 waiting timesteps, 33 remaining
[Waiting_time_Solve] Applied 1 waiting time  for agent 60 who has waiting time 33
[Waiting_time_Solve] ALL Waiting time applied
[Waiting_time_Solve] Extended Zone end time from 5 to 6
[Waiting_time_Solve] Iteration 1...
[SAT] Start solving CNF: 34 clauses and 18 variables
[SAT] Agent 60 entry time: 2 exit time: 6
[SAT] Agent 46 entry time: 3 exit time: 6
[SAT] Agent 27 entry time: 2 exit time: 2
[SAT] Agent 22 entry time: 2 exit time: 4

[SAT] Start time: 2 End time: 6

[SAT] Solving local zone with SAT iteration 1...
[SAT] Local CNF: 36 clauses 

DEBUG: Adding 36 new clauses to MiniSAT (incremental run)
DEBUG: Clause load summary: input=36, added=36, tautologies_skipped=0, duplicates_skipped=0, unit_clauses=10, empties=0, intra_clause_literals_removed=0, added_but_db_unchanged=10
DEBUG: After adding clauses, solver has 16 clauses and 18 variables
DEBUG: MiniSAT found 18 variables
DEBUG: Assignment size: 18
DEBUG: First few assignment values: 1 0 1 0 0 1 0 1 0 1 

=== DEBUG: cnf_assignment_to_paths ===
Input assignment size: 18

=== END DEBUG ===
[SAT] Found 0 vertex collisions and 1 edge collisions
[SAT] Adding collision clauses and solving again...
[SAT] Solving local zone with SAT iteration 2...
[SAT] Local CNF: 37 clauses 

DEBUG: Adding 1 new clauses to MiniSAT (incremental run)
[SAT] Local problem appears to be unsatisfiable in current zone
[Waiting_time_Solve] No solution found, trying to apply waiting time:2
[Waiting_time_Solve] Applying waiting time 2 to agent 60 who has waiting time 33
[Waiting_time_Solve] New path is consistent after applying waiting time for agent 60
[Current_Solution] Agent 60 used 2 waiting timesteps, 31 remaining
[Waiting_time_Solve] Applied 2 waiting time  for agent 60 who has waiting time 31
[Waiting_time_Solve] ALL Waiting time applied
[Waiting_time_Solve] Extended Zone end time from 6 to 8
[Create_Local_Problem] Agent 58 is new in the zone
[Waiting_time_Solve] Iteration 2...
[SAT] Start solving CNF: 127 clauses and 39 variables
[SAT] Agent 58 entry time: 8 exit time: 8
[SAT] Agent 60 entry time: 2 exit time: 8
[SAT] Agent 46 entry time: 3 exit time: 6
[SAT] Agent 27 entry time: 2 exit time: 2
[SAT] Agent 22 entry time: 2 exit time: 4

[SAT] Start time: 2 End time: 8

[SAT] Solving local zone with SAT iteration 1...
[SAT] Local CNF: 130 clauses 

DEBUG: Adding 130 new clauses to MiniSAT (incremental run)
DEBUG: Clause load summary: input=130, added=130, tautologies_skipped=0, duplicates_skipped=0, unit_clauses=11, empties=0, intra_clause_literals_removed=0, added_but_db_unchanged=13
DEBUG: After adding clauses, solver has 106 clauses and 39 variables
DEBUG: MiniSAT found 39 variables
DEBUG: Assignment size: 39
DEBUG: First few assignment values: 1 1 0 1 0 0 1 0 0 0 

=== DEBUG: cnf_assignment_to_paths ===
Input assignment size: 39

=== END DEBUG ===
[SAT] Found 1 vertex collisions and 0 edge collisions
[SAT] Adding collision clauses and solving again...
[SAT] Solving local zone with SAT iteration 2...
[SAT] Local CNF: 131 clauses 

DEBUG: Adding 1 new clauses to MiniSAT (incremental run)
[SAT] Previous assignment invalidated by new clauses, reset solver and retrying without assumptions...
DEBUG: Adding 131 new clauses to MiniSAT (incremental run)
[SAT] Local problem appears to be unsatisfiable in current zone
[Waiting_time_Solve] No solution found, trying to apply waiting time:3
[Waiting_time_Solve] Applying waiting time 3 to agent 60 who has waiting time 31
[Waiting_time_Solve] New path is consistent after applying waiting time for agent 60
[Current_Solution] Agent 60 used 3 waiting timesteps, 28 remaining
[Waiting_time_Solve] Applied 3 waiting time  for agent 60 who has waiting time 28
[Waiting_time_Solve] ALL Waiting time applied
[Waiting_time_Solve] Extended Zone end time from 8 to 11
[Current_Solution] Agent 58 used 3 waiting timesteps, 34 remaining
[Waiting_time_Solve] Iteration 3...
[SAT] Start solving CNF: 311 clauses and 76 variables
[SAT] Agent 58 entry time: 8 exit time: 11
[SAT] Agent 60 entry time: 2 exit time: 11
[SAT] Agent 46 entry time: 3 exit time: 6
[SAT] Agent 27 entry time: 2 exit time: 2
[SAT] Agent 22 entry time: 2 exit time: 4

[SAT] Start time: 2 End time: 11

[SAT] Solving local zone with SAT iteration 1...
[SAT] Local CNF: 315 clauses 

DEBUG: Adding 315 new clauses to MiniSAT (incremental run)
[SAT] Local problem appears to be unsatisfiable in current zone
[Waiting_time_Solve] No solution found, trying to apply waiting time:4
[Waiting_time_Solve] No waiting time applied
[Waiting_time_Solve] No solution found
[Waiting_time_Solve] Restoring original paths
[Waiting_time_Solve] Restoring waiting times
[Current_Solution] Restored waiting times from backup
[Current_Solution] Restored paths from backup
[Solve_local_zone] Zone with expansion factor 0failed
[Solve_local_zone] Expanding zone with offset 2 (original: 1)
[Solve_local_zone] Final expanded zone contains 19 positions with 2 conflicts 
[Solve_local_zone] New time window: [1, 6]
[Solve_local_zone] Current local zone size: 19 (1.85547% of all walkable positions)
[Solve_local_zone] Local zone time window: [1, 6]
[Waiting_time_Solve] Agent 0 has waiting time 31
[Waiting_time_Solve] Agent 1 has waiting time 21
[Waiting_time_Solve] Agent 2 has waiting time 33
[Waiting_time_Solve] Agent 3 has waiting time 16
[Waiting_time_Solve] Agent 4 has waiting time 10
[Waiting_time_Solve] Agent 5 has waiting time 10
[Waiting_time_Solve] Agent 6 has waiting time 41
[Waiting_time_Solve] Agent 7 has waiting time 16
[Waiting_time_Solve] Agent 8 has waiting time 27
[Waiting_time_Solve] Agent 9 has waiting time 15
[Waiting_time_Solve] Agent 10 has waiting time 32
[Waiting_time_Solve] Agent 11 has waiting time 12
[Waiting_time_Solve] Agent 12 has waiting time 30
[Waiting_time_Solve] Agent 13 has waiting time 34
[Waiting_time_Solve] Agent 14 has waiting time 37
[Waiting_time_Solve] Agent 15 has waiting time 18
[Waiting_time_Solve] Agent 16 has waiting time 5
[Waiting_time_Solve] Agent 17 has waiting time 5
[Waiting_time_Solve] Agent 18 has waiting time 27
[Waiting_time_Solve] Agent 19 has waiting time 11
[Waiting_time_Solve] Agent 20 has waiting time 8
[Waiting_time_Solve] Agent 21 has waiting time 23
[Waiting_time_Solve] Agent 22 has waiting time 16
[Waiting_time_Solve] Agent 23 has waiting time 29
[Waiting_time_Solve] Agent 24 has waiting time 23
[Waiting_time_Solve] Agent 25 has waiting time 39
[Waiting_time_Solve] Agent 26 has waiting time 15
[Waiting_time_Solve] Agent 27 has waiting time 35
[Waiting_time_Solve] Agent 28 has waiting time 39
[Waiting_time_Solve] Agent 29 has waiting time 27
[Waiting_time_Solve] Agent 30 has waiting time 18
[Waiting_time_Solve] Agent 31 has waiting time 29
[Waiting_time_Solve] Agent 32 has waiting time 26
[Waiting_time_Solve] Agent 33 has waiting time 15
[Waiting_time_Solve] Agent 34 has waiting time 20
[Waiting_time_Solve] Agent 35 has waiting time 34
[Waiting_time_Solve] Agent 36 has waiting time 20
[Waiting_time_Solve] Agent 37 has waiting time 31
[Waiting_time_Solve] Agent 38 has waiting time 35
[Waiting_time_Solve] Agent 39 has waiting time 14
[Waiting_time_Solve] Agent 40 has waiting time 25
[Waiting_time_Solve] Agent 41 has waiting time 32
[Waiting_time_Solve] Agent 42 has waiting time 20
[Waiting_time_Solve] Agent 43 has waiting time 34
[Waiting_time_Solve] Agent 44 has waiting time 17
[Waiting_time_Solve] Agent 45 has waiting time 21
[Waiting_time_Solve] Agent 46 has waiting time 31
[Waiting_time_Solve] Agent 47 has waiting time 17
[Waiting_time_Solve] Agent 48 has waiting time 33
[Waiting_time_Solve] Agent 49 has waiting time 35
[Waiting_time_Solve] Agent 50 has waiting time 9
[Waiting_time_Solve] Agent 51 has waiting time 26
[Waiting_time_Solve] Agent 52 has waiting time 0
[Waiting_time_Solve] Agent 53 has waiting time 24
[Waiting_time_Solve] Agent 54 has waiting time 24
[Waiting_time_Solve] Agent 55 has waiting time 25
[Waiting_time_Solve] Agent 56 has waiting time 37
[Waiting_time_Solve] Agent 57 has waiting time 36
[Waiting_time_Solve] Agent 58 has waiting time 37
[Waiting_time_Solve] Agent 59 has waiting time 27
[Waiting_time_Solve] Agent 60 has waiting time 34
[Waiting_time_Solve] Agent 61 has waiting time 3
[Waiting_time_Solve] Agent 62 has waiting time 17
[Waiting_time_Solve] Agent 63 has waiting time 27
[Waiting_time_Solve] Agent 64 has waiting time 30
[Waiting_time_Solve] Agent 65 has waiting time 25
[Waiting_time_Solve] Agent 66 has waiting time 21
[Waiting_time_Solve] Agent 67 has waiting time 36
[Waiting_time_Solve] Agent 68 has waiting time 22
[Waiting_time_Solve] Agent 69 has waiting time 30
[Waiting_time_Solve] Agent 70 has waiting time 31
[Waiting_time_Solve] Agent 71 has waiting time 19
[Waiting_time_Solve] Agent 72 has waiting time 30
[Waiting_time_Solve] Agent 73 has waiting time 40
[Waiting_time_Solve] Agent 74 has waiting time 36
[Waiting_time_Solve] Agent 75 has waiting time 22
[Waiting_time_Solve] Agent 76 has waiting time 28
[Waiting_time_Solve] Agent 77 has waiting time 13
[Waiting_time_Solve] Agent 78 has waiting time 23
[Waiting_time_Solve] Agent 79 has waiting time 22
[Waiting_time_Solve] Agent 80 has waiting time 37
[Waiting_time_Solve] Agent 81 has waiting time 31
[Waiting_time_Solve] Agent 82 has waiting time 20
[Waiting_time_Solve] Agent 83 has waiting time 33
[Waiting_time_Solve] Agent 84 has waiting time 10
[Waiting_time_Solve] Agent 85 has waiting time 35
[Waiting_time_Solve] Agent 86 has waiting time 37
[Waiting_time_Solve] Agent 87 has waiting time 29
[Waiting_time_Solve] Agent 88 has waiting time 10
[Waiting_time_Solve] Agent 89 has waiting time 7
[Waiting_time_Solve] Agent 90 has waiting time 31
[Waiting_time_Solve] Agent 91 has waiting time 23
[Waiting_time_Solve] Agent 92 has waiting time 24
[Waiting_time_Solve] Agent 93 has waiting time 23
[Waiting_time_Solve] Agent 94 has waiting time 35
[Waiting_time_Solve] Agent 95 has waiting time 41
[Waiting_time_Solve] Agent 96 has waiting time 21
[Waiting_time_Solve] Agent 97 has waiting time 24
[Waiting_time_Solve] Agent 98 has waiting time 36
[Waiting_time_Solve] Agent 99 has waiting time 16
[Waiting_time_Solve] Total available waiting time: 2469
[Waiting_time_Solve] Max iterations: 2469
[Waiting_time_Solve] Iteration 0...
[SAT] Start solving CNF: 52 clauses and 29 variables
[SAT] Agent 93 entry time: 2 exit time: 2
[SAT] Agent 70 entry time: 3 exit time: 3
[SAT] Agent 60 entry time: 1 exit time: 6
[SAT] Agent 46 entry time: 2 exit time: 6
[SAT] Agent 27 entry time: 1 exit time: 3
[SAT] Agent 22 entry time: 1 exit time: 5

[SAT] Start time: 1 End time: 6

[SAT] Solving local zone with SAT iteration 1...
[SAT] Local CNF: 52 clauses 

DEBUG: Adding 52 new clauses to MiniSAT (incremental run)
DEBUG: Clause load summary: input=52, added=52, tautologies_skipped=0, duplicates_skipped=0, unit_clauses=13, empties=0, intra_clause_literals_removed=0, added_but_db_unchanged=10
DEBUG: After adding clauses, solver has 29 clauses and 29 variables
DEBUG: MiniSAT found 29 variables
DEBUG: Assignment size: 29
DEBUG: First few assignment values: 1 1 1 1 0 1 1 0 1 0 

=== DEBUG: cnf_assignment_to_paths ===
Input assignment size: 29

=== END DEBUG ===
[SAT] Found 1 vertex collisions and 1 edge collisions
[SAT] Adding collision clauses and solving again...
[SAT] Solving local zone with SAT iteration 2...
[SAT] Local CNF: 54 clauses 

DEBUG: Adding 2 new clauses to MiniSAT (incremental run)
DEBUG: Clause load summary: input=2, added=2, tautologies_skipped=0, duplicates_skipped=0, unit_clauses=0, empties=0, intra_clause_literals_removed=0, added_but_db_unchanged=0
DEBUG: After adding clauses, solver has 31 clauses and 29 variables
DEBUG: MiniSAT found 29 variables
DEBUG: Assignment size: 29
DEBUG: First few assignment values: 1 1 1 1 0 1 1 0 1 0 

=== DEBUG: cnf_assignment_to_paths ===
Input assignment size: 29

=== END DEBUG ===
[SAT] Found 0 vertex collisions and 0 edge collisions
[SAT] Found collision-free local solution!
[Waiting_time_Solve] Solution found, updating global solution
[LNS] Updating global solution with pseudo-agent local paths...
[Current_Solution] Updating global solution for agent 93
[Current_Solution] Global solution is consistent after updating with local path
[LNS] Successfully updated global solution with pseudo-agent local paths!
[Current_Solution] Updating global solution for agent 70
[Current_Solution] Global solution is consistent after updating with local path
[LNS] Successfully updated global solution with pseudo-agent local paths!
[Current_Solution] Updating global solution for agent 60
[Current_Solution] Global solution is consistent after updating with local path
[LNS] Successfully updated global solution with pseudo-agent local paths!
[Current_Solution] Updating global solution for agent 46
[Current_Solution] Global solution is consistent after updating with local path
[LNS] Successfully updated global solution with pseudo-agent local paths!
[Current_Solution] Updating global solution for agent 27
[Current_Solution] Global solution is consistent after updating with local path
[LNS] Successfully updated global solution with pseudo-agent local paths!
[Current_Solution] Updating global solution for agent 22
[Current_Solution] Global solution is consistent after updating with local path
[LNS] Successfully updated global solution with pseudo-agent local paths!
[LNS] Updating path map with new local paths...
[LNS] Successfully updated global solution with local paths and pseudo agents!
[Solve_local_zone] Successfully solved local zone
[Solve_local_zone] Final local zone size: 19 (1.85547% of all walkable positions)
[LNS] Successfully solved local zone
[LNS] Analyzing conflicts...
[LNS] Current solution: vertex collisions=112, edge collisions=13
[LNS] Creating conflict buckets...
[LOCAL ZONE] Building diamond bucket for conflict 112
[LOCAL ZONE] Built diamond bucket for conflict 112 with 8 positions, 1 conflicts, 3 - 3 time window
[LNS] Selected most relevant bucket 112 with time window: 3 - 3, 1 conflicts and 8 positions.
[LNS] Solving the best bucket Local Zone...
[Solve_local_zone] Current local zone size: 8 (0.78125% of all walkable positions)
[Solve_local_zone] Local zone time window: [2, 4]
[Waiting_time_Solve] Agent 0 has waiting time 31
[Waiting_time_Solve] Agent 1 has waiting time 21
[Waiting_time_Solve] Agent 2 has waiting time 33
[Waiting_time_Solve] Agent 3 has waiting time 16
[Waiting_time_Solve] Agent 4 has waiting time 10
[Waiting_time_Solve] Agent 5 has waiting time 10
[Waiting_time_Solve] Agent 6 has waiting time 41
[Waiting_time_Solve] Agent 7 has waiting time 16
[Waiting_time_Solve] Agent 8 has waiting time 27
[Waiting_time_Solve] Agent 9 has waiting time 15
[Waiting_time_Solve] Agent 10 has waiting time 32
[Waiting_time_Solve] Agent 11 has waiting time 12
[Waiting_time_Solve] Agent 12 has waiting time 30
[Waiting_time_Solve] Agent 13 has waiting time 34
[Waiting_time_Solve] Agent 14 has waiting time 37
[Waiting_time_Solve] Agent 15 has waiting time 18
[Waiting_time_Solve] Agent 16 has waiting time 5
[Waiting_time_Solve] Agent 17 has waiting time 5
[Waiting_time_Solve] Agent 18 has waiting time 27
[Waiting_time_Solve] Agent 19 has waiting time 11
[Waiting_time_Solve] Agent 20 has waiting time 8
[Waiting_time_Solve] Agent 21 has waiting time 23
[Waiting_time_Solve] Agent 22 has waiting time 16
[Waiting_time_Solve] Agent 23 has waiting time 29
[Waiting_time_Solve] Agent 24 has waiting time 23
[Waiting_time_Solve] Agent 25 has waiting time 39
[Waiting_time_Solve] Agent 26 has waiting time 15
[Waiting_time_Solve] Agent 27 has waiting time 35
[Waiting_time_Solve] Agent 28 has waiting time 39
[Waiting_time_Solve] Agent 29 has waiting time 27
[Waiting_time_Solve] Agent 30 has waiting time 18
[Waiting_time_Solve] Agent 31 has waiting time 29
[Waiting_time_Solve] Agent 32 has waiting time 26
[Waiting_time_Solve] Agent 33 has waiting time 15
[Waiting_time_Solve] Agent 34 has waiting time 20
[Waiting_time_Solve] Agent 35 has waiting time 34
[Waiting_time_Solve] Agent 36 has waiting time 20
[Waiting_time_Solve] Agent 37 has waiting time 31
[Waiting_time_Solve] Agent 38 has waiting time 35
[Waiting_time_Solve] Agent 39 has waiting time 14
[Waiting_time_Solve] Agent 40 has waiting time 25
[Waiting_time_Solve] Agent 41 has waiting time 32
[Waiting_time_Solve] Agent 42 has waiting time 20
[Waiting_time_Solve] Agent 43 has waiting time 34
[Waiting_time_Solve] Agent 44 has waiting time 17
[Waiting_time_Solve] Agent 45 has waiting time 21
[Waiting_time_Solve] Agent 46 has waiting time 31
[Waiting_time_Solve] Agent 47 has waiting time 17
[Waiting_time_Solve] Agent 48 has waiting time 33
[Waiting_time_Solve] Agent 49 has waiting time 35
[Waiting_time_Solve] Agent 50 has waiting time 9
[Waiting_time_Solve] Agent 51 has waiting time 26
[Waiting_time_Solve] Agent 52 has waiting time 0
[Waiting_time_Solve] Agent 53 has waiting time 24
[Waiting_time_Solve] Agent 54 has waiting time 24
[Waiting_time_Solve] Agent 55 has waiting time 25
[Waiting_time_Solve] Agent 56 has waiting time 37
[Waiting_time_Solve] Agent 57 has waiting time 36
[Waiting_time_Solve] Agent 58 has waiting time 37
[Waiting_time_Solve] Agent 59 has waiting time 27
[Waiting_time_Solve] Agent 60 has waiting time 34
[Waiting_time_Solve] Agent 61 has waiting time 3
[Waiting_time_Solve] Agent 62 has waiting time 17
[Waiting_time_Solve] Agent 63 has waiting time 27
[Waiting_time_Solve] Agent 64 has waiting time 30
[Waiting_time_Solve] Agent 65 has waiting time 25
[Waiting_time_Solve] Agent 66 has waiting time 21
[Waiting_time_Solve] Agent 67 has waiting time 36
[Waiting_time_Solve] Agent 68 has waiting time 22
[Waiting_time_Solve] Agent 69 has waiting time 30
[Waiting_time_Solve] Agent 70 has waiting time 31
[Waiting_time_Solve] Agent 71 has waiting time 19
[Waiting_time_Solve] Agent 72 has waiting time 30
[Waiting_time_Solve] Agent 73 has waiting time 40
[Waiting_time_Solve] Agent 74 has waiting time 36
[Waiting_time_Solve] Agent 75 has waiting time 22
[Waiting_time_Solve] Agent 76 has waiting time 28
[Waiting_time_Solve] Agent 77 has waiting time 13
[Waiting_time_Solve] Agent 78 has waiting time 23
[Waiting_time_Solve] Agent 79 has waiting time 22
[Waiting_time_Solve] Agent 80 has waiting time 37
[Waiting_time_Solve] Agent 81 has waiting time 31
[Waiting_time_Solve] Agent 82 has waiting time 20
[Waiting_time_Solve] Agent 83 has waiting time 33
[Waiting_time_Solve] Agent 84 has waiting time 10
[Waiting_time_Solve] Agent 85 has waiting time 35
[Waiting_time_Solve] Agent 86 has waiting time 37
[Waiting_time_Solve] Agent 87 has waiting time 29
[Waiting_time_Solve] Agent 88 has waiting time 10
[Waiting_time_Solve] Agent 89 has waiting time 7
[Waiting_time_Solve] Agent 90 has waiting time 31
[Waiting_time_Solve] Agent 91 has waiting time 23
[Waiting_time_Solve] Agent 92 has waiting time 24
[Waiting_time_Solve] Agent 93 has waiting time 23
[Waiting_time_Solve] Agent 94 has waiting time 35
[Waiting_time_Solve] Agent 95 has waiting time 41
[Waiting_time_Solve] Agent 96 has waiting time 21
[Waiting_time_Solve] Agent 97 has waiting time 24
[Waiting_time_Solve] Agent 98 has waiting time 36
[Waiting_time_Solve] Agent 99 has waiting time 16
[Waiting_time_Solve] Total available waiting time: 2469
[Waiting_time_Solve] Max iterations: 2469
[Waiting_time_Solve] Iteration 0...
[SAT] Start solving CNF: 15 clauses and 9 variables
[SAT] Agent 85 entry time: 2 exit time: 4
[SAT] Agent 78 entry time: 2 exit time: 4
[SAT] Agent 6 entry time: 3 exit time: 3

[SAT] Start time: 2 End time: 4

[SAT] Solving local zone with SAT iteration 1...
[SAT] Local CNF: 15 clauses 

DEBUG: Adding 15 new clauses to MiniSAT (incremental run)
DEBUG: Clause load summary: input=15, added=15, tautologies_skipped=0, duplicates_skipped=0, unit_clauses=5, empties=0, intra_clause_literals_removed=0, added_but_db_unchanged=4
DEBUG: After adding clauses, solver has 6 clauses and 9 variables
DEBUG: MiniSAT found 9 variables
DEBUG: Assignment size: 9
DEBUG: First few assignment values: 1 0 1 1 1 1 0 1 1 

=== DEBUG: cnf_assignment_to_paths ===
Input assignment size: 9

=== END DEBUG ===
[SAT] Found 0 vertex collisions and 0 edge collisions
[SAT] Found collision-free local solution!
[Waiting_time_Solve] Solution found, updating global solution
[LNS] Updating global solution with pseudo-agent local paths...
[Current_Solution] Updating global solution for agent 85
[Current_Solution] Global solution is consistent after updating with local path
[LNS] Successfully updated global solution with pseudo-agent local paths!
[Current_Solution] Updating global solution for agent 78
[Current_Solution] Global solution is consistent after updating with local path
[LNS] Successfully updated global solution with pseudo-agent local paths!
[Current_Solution] Updating global solution for agent 6
[Current_Solution] Global solution is consistent after updating with local path
[LNS] Successfully updated global solution with pseudo-agent local paths!
[LNS] Updating path map with new local paths...
[LNS] Successfully updated global solution with local paths and pseudo agents!
[Solve_local_zone] Successfully solved local zone
[Solve_local_zone] Final local zone size: 8 (0.78125% of all walkable positions)
[LNS] Successfully solved local zone
[LNS] Analyzing conflicts...
[LNS] Current solution: vertex collisions=112, edge collisions=12
[LNS] Creating conflict buckets...
[LOCAL ZONE] Building diamond bucket for conflict 0
[LOCAL ZONE] Built diamond bucket for conflict 0 with 5 positions, 1 conflicts, 4 - 4 time window
[LOCAL ZONE] Building diamond bucket for conflict 1
[LOCAL ZONE] Built diamond bucket for conflict 1 with 23 positions, 9 conflicts, 4 - 10 time window
[LOCAL ZONE] Building diamond bucket for conflict 2
[LOCAL ZONE] Built diamond bucket for conflict 2 with 8 positions, 2 conflicts, 4 - 5 time window
[LNS] Selected most relevant bucket 1 with time window: 4 - 10, 9 conflicts and 23 positions.
[LNS] Solving the best bucket Local Zone...
[Solve_local_zone] Current local zone size: 23 (2.24609% of all walkable positions)
[Solve_local_zone] Local zone time window: [3, 11]
[Create_Local_problem] Agent 88 returned to the zone 1 times within time window
[Waiting_time_Solve] Agent 0 has waiting time 31
[Waiting_time_Solve] Agent 1 has waiting time 21
[Waiting_time_Solve] Agent 2 has waiting time 33
[Waiting_time_Solve] Agent 3 has waiting time 16
[Waiting_time_Solve] Agent 4 has waiting time 10
[Waiting_time_Solve] Agent 5 has waiting time 10
[Waiting_time_Solve] Agent 6 has waiting time 41
[Waiting_time_Solve] Agent 7 has waiting time 16
[Waiting_time_Solve] Agent 8 has waiting time 27
[Waiting_time_Solve] Agent 9 has waiting time 15
[Waiting_time_Solve] Agent 10 has waiting time 32
[Waiting_time_Solve] Agent 11 has waiting time 12
[Waiting_time_Solve] Agent 12 has waiting time 30
[Waiting_time_Solve] Agent 13 has waiting time 34
[Waiting_time_Solve] Agent 14 has waiting time 37
[Waiting_time_Solve] Agent 15 has waiting time 18
[Waiting_time_Solve] Agent 16 has waiting time 5
[Waiting_time_Solve] Agent 17 has waiting time 5
[Waiting_time_Solve] Agent 18 has waiting time 27
[Waiting_time_Solve] Agent 19 has waiting time 11
[Waiting_time_Solve] Agent 20 has waiting time 8
[Waiting_time_Solve] Agent 21 has waiting time 23
[Waiting_time_Solve] Agent 22 has waiting time 16
[Waiting_time_Solve] Agent 23 has waiting time 29
[Waiting_time_Solve] Agent 24 has waiting time 23
[Waiting_time_Solve] Agent 25 has waiting time 39
[Waiting_time_Solve] Agent 26 has waiting time 15
[Waiting_time_Solve] Agent 27 has waiting time 35
[Waiting_time_Solve] Agent 28 has waiting time 39
[Waiting_time_Solve] Agent 29 has waiting time 27
[Waiting_time_Solve] Agent 30 has waiting time 18
[Waiting_time_Solve] Agent 31 has waiting time 29
[Waiting_time_Solve] Agent 32 has waiting time 26
[Waiting_time_Solve] Agent 33 has waiting time 15
[Waiting_time_Solve] Agent 34 has waiting time 20
[Waiting_time_Solve] Agent 35 has waiting time 34
[Waiting_time_Solve] Agent 36 has waiting time 20
[Waiting_time_Solve] Agent 37 has waiting time 31
[Waiting_time_Solve] Agent 38 has waiting time 35
[Waiting_time_Solve] Agent 39 has waiting time 14
[Waiting_time_Solve] Agent 40 has waiting time 25
[Waiting_time_Solve] Agent 41 has waiting time 32
[Waiting_time_Solve] Agent 42 has waiting time 20
[Waiting_time_Solve] Agent 43 has waiting time 34
[Waiting_time_Solve] Agent 44 has waiting time 17
[Waiting_time_Solve] Agent 45 has waiting time 21
[Waiting_time_Solve] Agent 46 has waiting time 31
[Waiting_time_Solve] Agent 47 has waiting time 17
[Waiting_time_Solve] Agent 48 has waiting time 33
[Waiting_time_Solve] Agent 49 has waiting time 35
[Waiting_time_Solve] Agent 50 has waiting time 9
[Waiting_time_Solve] Agent 51 has waiting time 26
[Waiting_time_Solve] Agent 52 has waiting time 0
[Waiting_time_Solve] Agent 53 has waiting time 24
[Waiting_time_Solve] Agent 54 has waiting time 24
[Waiting_time_Solve] Agent 55 has waiting time 25
[Waiting_time_Solve] Agent 56 has waiting time 37
[Waiting_time_Solve] Agent 57 has waiting time 36
[Waiting_time_Solve] Agent 58 has waiting time 37
[Waiting_time_Solve] Agent 59 has waiting time 27
[Waiting_time_Solve] Agent 60 has waiting time 34
[Waiting_time_Solve] Agent 61 has waiting time 3
[Waiting_time_Solve] Agent 62 has waiting time 17
[Waiting_time_Solve] Agent 63 has waiting time 27
[Waiting_time_Solve] Agent 64 has waiting time 30
[Waiting_time_Solve] Agent 65 has waiting time 25
[Waiting_time_Solve] Agent 66 has waiting time 21
[Waiting_time_Solve] Agent 67 has waiting time 36
[Waiting_time_Solve] Agent 68 has waiting time 22
[Waiting_time_Solve] Agent 69 has waiting time 30
[Waiting_time_Solve] Agent 70 has waiting time 31
[Waiting_time_Solve] Agent 71 has waiting time 19
[Waiting_time_Solve] Agent 72 has waiting time 30
[Waiting_time_Solve] Agent 73 has waiting time 40
[Waiting_time_Solve] Agent 74 has waiting time 36
[Waiting_time_Solve] Agent 75 has waiting time 22
[Waiting_time_Solve] Agent 76 has waiting time 28
[Waiting_time_Solve] Agent 77 has waiting time 13
[Waiting_time_Solve] Agent 78 has waiting time 23
[Waiting_time_Solve] Agent 79 has waiting time 22
[Waiting_time_Solve] Agent 80 has waiting time 37
[Waiting_time_Solve] Agent 81 has waiting time 31
[Waiting_time_Solve] Agent 82 has waiting time 20
[Waiting_time_Solve] Agent 83 has waiting time 33
[Waiting_time_Solve] Agent 84 has waiting time 10
[Waiting_time_Solve] Agent 85 has waiting time 35
[Waiting_time_Solve] Agent 86 has waiting time 37
[Waiting_time_Solve] Agent 87 has waiting time 29
[Waiting_time_Solve] Agent 88 has waiting time 10
[Waiting_time_Solve] Agent 89 has waiting time 7
[Waiting_time_Solve] Agent 90 has waiting time 31
[Waiting_time_Solve] Agent 91 has waiting time 23
[Waiting_time_Solve] Agent 92 has waiting time 24
[Waiting_time_Solve] Agent 93 has waiting time 23
[Waiting_time_Solve] Agent 94 has waiting time 35
[Waiting_time_Solve] Agent 95 has waiting time 41
[Waiting_time_Solve] Agent 96 has waiting time 21
[Waiting_time_Solve] Agent 97 has waiting time 24
[Waiting_time_Solve] Agent 98 has waiting time 36
[Waiting_time_Solve] Agent 99 has waiting time 16
[Waiting_time_Solve] Total available waiting time: 2469
[Waiting_time_Solve] Max iterations: 2469
[Waiting_time_Solve] Iteration 0...
[Waiting_time_Solve] Agent 88 pseudo agents: 100 
[SAT] Start solving CNF: 154 clauses and 82 variables
[SAT] Agent 88 entry time: 3 exit time: 5
[SAT] Agent 69 entry time: 11 exit time: 11
[SAT] Agent 66 entry time: 5 exit time: 11
[SAT] Agent 90 entry time: 3 exit time: 8
[SAT] Agent 64 entry time: 5 exit time: 10
[SAT] Agent 100 entry time: 7 exit time: 7
[SAT] Agent 87 entry time: 6 exit time: 11
[SAT] Agent 48 entry time: 3 exit time: 11
[SAT] Agent 47 entry time: 7 exit time: 11
[SAT] Agent 39 entry time: 9 exit time: 11
[SAT] Agent 37 entry time: 3 exit time: 8
[SAT] Agent 24 entry time: 3 exit time: 5

[SAT] Start time: 3 End time: 11

[SAT] Solving local zone with SAT iteration 1...
[SAT] Local CNF: 154 clauses 

DEBUG: Adding 154 new clauses to MiniSAT (incremental run)
DEBUG: Clause load summary: input=154, added=154, tautologies_skipped=0, duplicates_skipped=0, unit_clauses=32, empties=0, intra_clause_literals_removed=0, added_but_db_unchanged=26
DEBUG: After adding clauses, solver has 96 clauses and 82 variables
DEBUG: MiniSAT found 82 variables
DEBUG: Assignment size: 82
DEBUG: First few assignment values: 1 1 1 1 1 1 0 1 0 1 

=== DEBUG: cnf_assignment_to_paths ===
Input assignment size: 82

=== END DEBUG ===
[SAT] Found 4 vertex collisions and 1 edge collisions
[SAT] Adding collision clauses and solving again...
[SAT] Solving local zone with SAT iteration 2...
[SAT] Local CNF: 159 clauses 

DEBUG: Adding 5 new clauses to MiniSAT (incremental run)
DEBUG: Clause load summary: input=5, added=5, tautologies_skipped=0, duplicates_skipped=0, unit_clauses=0, empties=0, intra_clause_literals_removed=0, added_but_db_unchanged=4
DEBUG: After adding clauses, solver has 97 clauses and 82 variables
DEBUG: MiniSAT found 82 variables
DEBUG: Assignment size: 82
DEBUG: First few assignment values: 1 1 1 1 1 1 0 1 0 1 

=== DEBUG: cnf_assignment_to_paths ===
Input assignment size: 82

=== END DEBUG ===
[SAT] Found 2 vertex collisions and 3 edge collisions
[SAT] Adding collision clauses and solving again...
[SAT] Solving local zone with SAT iteration 3...
[SAT] Local CNF: 164 clauses 

DEBUG: Adding 5 new clauses to MiniSAT (incremental run)
[SAT] Local problem appears to be unsatisfiable in current zone
[Waiting_time_Solve] No solution found, trying to apply waiting time:1
[Waiting_time_Solve] Applying waiting time 1 to agent 64 who has waiting time 30
[Waiting_time_Solve] New path is consistent after applying waiting time for agent 64
[Current_Solution] Agent 64 used 1 waiting timesteps, 29 remaining
[Waiting_time_Solve] Applied 1 waiting time  for agent 64 who has waiting time 29
[Waiting_time_Solve] Applying waiting time 1 to agent 48 who has waiting time 33
[Waiting_time_Solve] New path is consistent after applying waiting time for agent 48
[Current_Solution] Agent 48 used 1 waiting timesteps, 32 remaining
[Waiting_time_Solve] Applied 1 waiting time  for agent 48 who has waiting time 32
[Waiting_time_Solve] Applying waiting time 1 to agent 37 who has waiting time 31
[Waiting_time_Solve] New path is consistent after applying waiting time for agent 37
[Current_Solution] Agent 37 used 1 waiting timesteps, 30 remaining
[Waiting_time_Solve] Applied 1 waiting time  for agent 37 who has waiting time 30
[Waiting_time_Solve] ALL Waiting time applied
[Waiting_time_Solve] Extended Zone end time from 11 to 12
[Waiting_time_Solve] Iteration 1...
[Waiting_time_Solve] Agent 88 pseudo agents: 100 
[SAT] Start solving CNF: 288 clauses and 124 variables
[SAT] Agent 88 entry time: 3 exit time: 5
[SAT] Agent 69 entry time: 11 exit time: 12
[SAT] Agent 66 entry time: 5 exit time: 12
[SAT] Agent 90 entry time: 3 exit time: 8
[SAT] Agent 64 entry time: 5 exit time: 11
[SAT] Agent 100 entry time: 7 exit time: 7
[SAT] Agent 87 entry time: 6 exit time: 11
[SAT] Agent 48 entry time: 3 exit time: 12
[SAT] Agent 47 entry time: 7 exit time: 12
[SAT] Agent 39 entry time: 9 exit time: 12
[SAT] Agent 37 entry time: 3 exit time: 9
[SAT] Agent 24 entry time: 3 exit time: 5

[SAT] Start time: 3 End time: 12

[SAT] Solving local zone with SAT iteration 1...
[SAT] Local CNF: 298 clauses 

DEBUG: Adding 298 new clauses to MiniSAT (incremental run)
DEBUG: Clause load summary: input=298, added=298, tautologies_skipped=0, duplicates_skipped=0, unit_clauses=34, empties=0, intra_clause_literals_removed=0, added_but_db_unchanged=34
DEBUG: After adding clauses, solver has 230 clauses and 124 variables
DEBUG: MiniSAT found 124 variables
DEBUG: Assignment size: 124
DEBUG: First few assignment values: 1 1 1 1 1 1 1 0 1 0 

=== DEBUG: cnf_assignment_to_paths ===
Input assignment size: 124

=== END DEBUG ===
[SAT] Found 5 vertex collisions and 2 edge collisions
[SAT] Adding collision clauses and solving again...
[SAT] Solving local zone with SAT iteration 2...
[SAT] Local CNF: 305 clauses 

DEBUG: Adding 7 new clauses to MiniSAT (incremental run)
[SAT] Local problem appears to be unsatisfiable in current zone
[Waiting_time_Solve] No solution found, trying to apply waiting time:2
[Waiting_time_Solve] Applying waiting time 2 to agent 37 who has waiting time 30
[Waiting_time_Solve] New path is consistent after applying waiting time for agent 37
[Current_Solution] Agent 37 used 2 waiting timesteps, 28 remaining
[Waiting_time_Solve] Applied 2 waiting time  for agent 37 who has waiting time 28
[Waiting_time_Solve] Applying waiting time 2 to agent 64 who has waiting time 29
[Waiting_time_Solve] New path is consistent after applying waiting time for agent 64
[Current_Solution] Agent 64 used 2 waiting timesteps, 27 remaining
[Waiting_time_Solve] Applied 2 waiting time  for agent 64 who has waiting time 27
[Waiting_time_Solve] Applying waiting time 2 to agent 48 who has waiting time 32
[Waiting_time_Solve] New path is consistent after applying waiting time for agent 48
[Current_Solution] Agent 48 used 2 waiting timesteps, 30 remaining
[Waiting_time_Solve] Applied 2 waiting time  for agent 48 who has waiting time 30
[Waiting_time_Solve] Applying waiting time 2 to agent 90 who has waiting time 31
[Waiting_time_Solve] New path is consistent after applying waiting time for agent 90
[Current_Solution] Agent 90 used 2 waiting timesteps, 29 remaining
[Waiting_time_Solve] Applied 2 waiting time  for agent 90 who has waiting time 29
[Waiting_time_Solve] Applying waiting time 2 to agent 69 who has waiting time 30
[Waiting_time_Solve] New path is consistent after applying waiting time for agent 69
[Current_Solution] Agent 69 used 2 waiting timesteps, 28 remaining
[Waiting_time_Solve] Applied 2 waiting time  for agent 69 who has waiting time 28
[Waiting_time_Solve] ALL Waiting time applied
[Waiting_time_Solve] Extended Zone end time from 12 to 14
[Create_Local_Problem] Agent 71 is new in the zone
[Waiting_time_Solve] Iteration 2...
[Waiting_time_Solve] Agent 88 pseudo agents: 100 
[SAT] Start solving CNF: 1165 clauses and 282 variables
[SAT] Agent 71 entry time: 13 exit time: 14
[SAT] Agent 88 entry time: 3 exit time: 5
[SAT] Agent 69 entry time: 11 exit time: 14
[SAT] Agent 66 entry time: 5 exit time: 14
[SAT] Agent 90 entry time: 3 exit time: 10
[SAT] Agent 64 entry time: 5 exit time: 13
[SAT] Agent 100 entry time: 7 exit time: 7
[SAT] Agent 87 entry time: 6 exit time: 11
[SAT] Agent 48 entry time: 3 exit time: 14
[SAT] Agent 47 entry time: 7 exit time: 12
[SAT] Agent 39 entry time: 9 exit time: 13
[SAT] Agent 37 entry time: 3 exit time: 11
[SAT] Agent 24 entry time: 3 exit time: 5

[SAT] Start time: 3 End time: 14

[SAT] Solving local zone with SAT iteration 1...
[SAT] Local CNF: 1182 clauses 

DEBUG: Adding 1182 new clauses to MiniSAT (incremental run)
DEBUG: Clause load summary: input=1182, added=1182, tautologies_skipped=0, duplicates_skipped=0, unit_clauses=37, empties=0, intra_clause_literals_removed=0, added_but_db_unchanged=45
DEBUG: After adding clauses, solver has 1100 clauses and 282 variables
DEBUG: MiniSAT found 282 variables
DEBUG: Assignment size: 282
DEBUG: First few assignment values: 1 1 1 1 1 1 0 1 0 1 

=== DEBUG: cnf_assignment_to_paths ===
Input assignment size: 282

=== END DEBUG ===
[SAT] Found 6 vertex collisions and 4 edge collisions
[SAT] Adding collision clauses and solving again...
[SAT] Solving local zone with SAT iteration 2...
[SAT] Local CNF: 1192 clauses 

DEBUG: Adding 10 new clauses to MiniSAT (incremental run)
DEBUG: Clause load summary: input=10, added=10, tautologies_skipped=0, duplicates_skipped=0, unit_clauses=0, empties=0, intra_clause_literals_removed=0, added_but_db_unchanged=4
DEBUG: After adding clauses, solver has 1063 clauses and 282 variables
DEBUG: MiniSAT found 282 variables
DEBUG: Assignment size: 282
DEBUG: First few assignment values: 1 1 1 1 1 1 0 1 0 1 

=== DEBUG: cnf_assignment_to_paths ===
Input assignment size: 282

=== END DEBUG ===
[SAT] Found 5 vertex collisions and 1 edge collisions
[SAT] Adding collision clauses and solving again...
[SAT] Solving local zone with SAT iteration 3...
[SAT] Local CNF: 1198 clauses 

DEBUG: Adding 6 new clauses to MiniSAT (incremental run)
[SAT] Previous assignment invalidated by new clauses, reset solver and retrying without assumptions...
DEBUG: Adding 1198 new clauses to MiniSAT (incremental run)
[SAT] Local problem appears to be unsatisfiable in current zone
[Waiting_time_Solve] No solution found, trying to apply waiting time:3
[Waiting_time_Solve] Applying waiting time 3 to agent 37 who has waiting time 28
[Waiting_time_Solve] New path is consistent after applying waiting time for agent 37
[Current_Solution] Agent 37 used 3 waiting timesteps, 25 remaining
[Waiting_time_Solve] Applied 3 waiting time  for agent 37 who has waiting time 25
[Waiting_time_Solve] Applying waiting time 3 to agent 48 who has waiting time 30
[Waiting_time_Solve] New path is consistent after applying waiting time for agent 48
[Current_Solution] Agent 48 used 3 waiting timesteps, 27 remaining
[Waiting_time_Solve] Applied 3 waiting time  for agent 48 who has waiting time 27
[Waiting_time_Solve] Applying waiting time 3 to agent 64 who has waiting time 27
[Waiting_time_Solve] New path is consistent after applying waiting time for agent 64
[Current_Solution] Agent 64 used 3 waiting timesteps, 24 remaining
[Waiting_time_Solve] Applied 3 waiting time  for agent 64 who has waiting time 24
[Waiting_time_Solve] Applying waiting time 3 to agent 69 who has waiting time 28
[Waiting_time_Solve] New path is consistent after applying waiting time for agent 69
[Current_Solution] Agent 69 used 3 waiting timesteps, 25 remaining
[Waiting_time_Solve] Applied 3 waiting time  for agent 69 who has waiting time 25
[Waiting_time_Solve] ALL Waiting time applied
[Waiting_time_Solve] Extended Zone end time from 14 to 17
[Create_Local_Problem] Agent 18 is new in the zone
[Create_Local_Problem] Agent 19 is new in the zone
[Waiting_time_Solve] Iteration 3...
[Waiting_time_Solve] Agent 88 pseudo agents: 100 
[Waiting_time_Solve] Agent 39 pseudo agents: 101 
[SAT] Start solving CNF: 3244 clauses and 507 variables
[SAT] Agent 101 entry time: 15 exit time: 15
[SAT] Agent 24 entry time: 3 exit time: 5
[SAT] Agent 39 entry time: 9 exit time: 13
[SAT] Agent 18 entry time: 17 exit time: 17
[SAT] Agent 47 entry time: 7 exit time: 12
[SAT] Agent 19 entry time: 15 exit time: 16
[SAT] Agent 48 entry time: 3 exit time: 17
[SAT] Agent 87 entry time: 6 exit time: 11
[SAT] Agent 64 entry time: 5 exit time: 16
[SAT] Agent 90 entry time: 3 exit time: 10
[SAT] Agent 37 entry time: 3 exit time: 14
[SAT] Agent 66 entry time: 5 exit time: 14
[SAT] Agent 69 entry time: 11 exit time: 17
[SAT] Agent 88 entry time: 3 exit time: 5
[SAT] Agent 100 entry time: 7 exit time: 7
[SAT] Agent 71 entry time: 13 exit time: 14

[SAT] Start time: 3 End time: 17

[SAT] Solving local zone with SAT iteration 1...
[SAT] Local CNF: 3277 clauses 

DEBUG: Adding 3277 new clauses to MiniSAT (incremental run)
DEBUG: Clause load summary: input=3277, added=3277, tautologies_skipped=0, duplicates_skipped=0, unit_clauses=41, empties=0, intra_clause_literals_removed=0, added_but_db_unchanged=51
DEBUG: After adding clauses, solver has 3185 clauses and 507 variables
DEBUG: MiniSAT found 507 variables
DEBUG: Assignment size: 507
DEBUG: First few assignment values: 1 1 1 1 1 1 0 1 1 1 

=== DEBUG: cnf_assignment_to_paths ===
Input assignment size: 507

=== END DEBUG ===
[SAT] Found 5 vertex collisions and 2 edge collisions
[SAT] Adding collision clauses and solving again...
[SAT] Solving local zone with SAT iteration 2...
[SAT] Local CNF: 3284 clauses 

DEBUG: Adding 7 new clauses to MiniSAT (incremental run)
DEBUG: Clause load summary: input=7, added=7, tautologies_skipped=0, duplicates_skipped=0, unit_clauses=0, empties=0, intra_clause_literals_removed=0, added_but_db_unchanged=3
DEBUG: After adding clauses, solver has 3060 clauses and 507 variables
DEBUG: MiniSAT found 507 variables
DEBUG: Assignment size: 507
DEBUG: First few assignment values: 1 1 1 1 1 1 1 0 1 1 

=== DEBUG: cnf_assignment_to_paths ===
Input assignment size: 507

=== END DEBUG ===
[SAT] Found 4 vertex collisions and 0 edge collisions
[SAT] Adding collision clauses and solving again...
[SAT] Solving local zone with SAT iteration 3...
[SAT] Local CNF: 3288 clauses 

DEBUG: Adding 4 new clauses to MiniSAT (incremental run)
DEBUG: Clause load summary: input=4, added=4, tautologies_skipped=0, duplicates_skipped=0, unit_clauses=0, empties=0, intra_clause_literals_removed=0, added_but_db_unchanged=3
DEBUG: After adding clauses, solver has 3061 clauses and 507 variables
DEBUG: MiniSAT found 507 variables
DEBUG: Assignment size: 507
DEBUG: First few assignment values: 1 1 1 1 1 1 1 0 1 1 

=== DEBUG: cnf_assignment_to_paths ===
Input assignment size: 507

=== END DEBUG ===
[SAT] Found 3 vertex collisions and 2 edge collisions
[SAT] Adding collision clauses and solving again...
[SAT] Solving local zone with SAT iteration 4...
[SAT] Local CNF: 3293 clauses 

DEBUG: Adding 5 new clauses to MiniSAT (incremental run)
DEBUG: Clause load summary: input=5, added=5, tautologies_skipped=0, duplicates_skipped=0, unit_clauses=0, empties=0, intra_clause_literals_removed=0, added_but_db_unchanged=2
DEBUG: After adding clauses, solver has 3064 clauses and 507 variables
DEBUG: MiniSAT found 507 variables
DEBUG: Assignment size: 507
DEBUG: First few assignment values: 1 1 1 1 1 1 1 0 1 1 

=== DEBUG: cnf_assignment_to_paths ===
Input assignment size: 507

=== END DEBUG ===
[SAT] Found 2 vertex collisions and 0 edge collisions
[SAT] Adding collision clauses and solving again...
[SAT] Solving local zone with SAT iteration 5...
[SAT] Local CNF: 3295 clauses 

DEBUG: Adding 2 new clauses to MiniSAT (incremental run)
DEBUG: Clause load summary: input=2, added=2, tautologies_skipped=0, duplicates_skipped=0, unit_clauses=0, empties=0, intra_clause_literals_removed=0, added_but_db_unchanged=0
DEBUG: After adding clauses, solver has 3066 clauses and 507 variables
DEBUG: MiniSAT found 507 variables
DEBUG: Assignment size: 507
DEBUG: First few assignment values: 1 1 1 1 1 1 1 0 1 1 

=== DEBUG: cnf_assignment_to_paths ===
Input assignment size: 507

=== END DEBUG ===
[SAT] Found 1 vertex collisions and 0 edge collisions
[SAT] Adding collision clauses and solving again...
[SAT] Solving local zone with SAT iteration 6...
[SAT] Local CNF: 3296 clauses 

DEBUG: Adding 1 new clauses to MiniSAT (incremental run)
DEBUG: Clause load summary: input=1, added=1, tautologies_skipped=0, duplicates_skipped=0, unit_clauses=0, empties=0, intra_clause_literals_removed=0, added_but_db_unchanged=0
DEBUG: After adding clauses, solver has 3067 clauses and 507 variables
DEBUG: MiniSAT found 507 variables
DEBUG: Assignment size: 507
DEBUG: First few assignment values: 1 1 1 1 1 1 1 0 1 1 

=== DEBUG: cnf_assignment_to_paths ===
Input assignment size: 507

=== END DEBUG ===
[SAT] Found 0 vertex collisions and 0 edge collisions
[SAT] Found collision-free local solution!
[Waiting_time_Solve] Solution found, updating global solution
[LNS] Updating global solution with pseudo-agent local paths...
[Current_Solution] Updating global solution for agent 24
[Current_Solution] Global solution is consistent after updating with local path
[LNS] Successfully updated global solution with pseudo-agent local paths!
[Current_Solution] Updating global solution for agent 39
[Current_Solution] INFO: Segment 39 exit adjusted from 11 to 13 due to waiting time
[Current_Solution] Segment 39 lengthened by 2 timesteps; shifting suffix
[Current_Solution] Global solution is consistent before shifting suffix
[Current_Solution] Global solution is consistent after shifting suffix
[Current_Solution] Global solution is consistent after updating with local path
[Current_Solution] WARNING: Segment 101 entry mismatch after cumulative shift (expected 17 got 15)
[Current_Solution] INFO: Segment 101 exit adjusted from 17 to 15 due to waiting time
[Current_Solution] WARNING: Segment 101 shortened by 2 timesteps; shrinking not supported yet
[LNS] Successfully updated global solution with pseudo-agent local paths!
[Current_Solution] Updating global solution for agent 19
[Current_Solution] Global solution is consistent after updating with local path
[LNS] Successfully updated global solution with pseudo-agent local paths!
[Current_Solution] Updating global solution for agent 48
[Current_Solution] INFO: Segment 48 exit adjusted from 11 to 17 due to waiting time
[Current_Solution] Segment 48 lengthened by 6 timesteps; shifting suffix
[Current_Solution] Global solution is consistent before shifting suffix
[Current_Solution] Global solution is consistent after shifting suffix
[Current_Solution] Global solution is consistent after updating with local path
[LNS] Successfully updated global solution with pseudo-agent local paths!
[Current_Solution] Updating global solution for agent 87
[Current_Solution] Global solution is consistent after updating with local path
[LNS] Successfully updated global solution with pseudo-agent local paths!
[Current_Solution] Updating global solution for agent 64
[Current_Solution] INFO: Segment 64 exit adjusted from 10 to 16 due to waiting time
[Current_Solution] Segment 64 lengthened by 6 timesteps; shifting suffix
[Current_Solution] Global solution is consistent before shifting suffix
[Current_Solution] Global solution is consistent after shifting suffix
[Current_Solution] Global solution is consistent after updating with local path
[LNS] Successfully updated global solution with pseudo-agent local paths!
[Current_Solution] Updating global solution for agent 90
[Current_Solution] INFO: Segment 90 exit adjusted from 8 to 10 due to waiting time
[Current_Solution] Segment 90 lengthened by 2 timesteps; shifting suffix
[Current_Solution] Global solution is consistent before shifting suffix
[Current_Solution] Global solution is consistent after shifting suffix
[Current_Solution] Global solution is consistent after updating with local path
[LNS] Successfully updated global solution with pseudo-agent local paths!
[Current_Solution] Updating global solution for agent 37
[Current_Solution] INFO: Segment 37 exit adjusted from 8 to 14 due to waiting time
[Current_Solution] Segment 37 lengthened by 6 timesteps; shifting suffix
[Current_Solution] Global solution is consistent before shifting suffix
[Current_Solution] Global solution is consistent after shifting suffix
[Current_Solution] Global solution is consistent after updating with local path
[LNS] Successfully updated global solution with pseudo-agent local paths!
[Current_Solution] Updating global solution for agent 66
[Current_Solution] INFO: Segment 66 exit adjusted from 11 to 14 due to waiting time
[Current_Solution] Segment 66 lengthened by 3 timesteps; shifting suffix
[Current_Solution] Global solution is consistent before shifting suffix
[Current_Solution] Global solution is consistent after shifting suffix
[Current_Solution] Global solution is consistent after updating with local path
[LNS] Successfully updated global solution with pseudo-agent local paths!
[Current_Solution] Updating global solution for agent 69
[Current_Solution] INFO: Segment 69 exit adjusted from 11 to 17 due to waiting time
[Current_Solution] Segment 69 lengthened by 6 timesteps; shifting suffix
[Current_Solution] Global solution is consistent before shifting suffix
[Current_Solution] Global solution is consistent after shifting suffix
[Current_Solution] Global solution is consistent after updating with local path
[LNS] Successfully updated global solution with pseudo-agent local paths!
[Current_Solution] Updating global solution for agent 88
[Current_Solution] Global solution is consistent after updating with local path
[Current_Solution] Global solution is consistent after updating with local path
[LNS] Successfully updated global solution with pseudo-agent local paths!
[Current_Solution] Updating global solution for agent 71
[Current_Solution] Global solution is consistent after updating with local path
[LNS] Successfully updated global solution with pseudo-agent local paths!
[Current_Solution] Updating global solution for agent 47
[Current_Solution] INFO: Segment 47 exit adjusted from 11 to 12 due to waiting time
[Current_Solution] Segment 47 lengthened by 1 timesteps; shifting suffix
[Current_Solution] Global solution is consistent before shifting suffix
[Current_Solution] Global solution is consistent after shifting suffix
[Current_Solution] Global solution is consistent after updating with local path
[LNS] Successfully updated global solution with pseudo-agent local paths!
[Current_Solution] Updating global solution for agent 18
[Current_Solution] Global solution is consistent after updating with local path
[LNS] Successfully updated global solution with pseudo-agent local paths!
[LNS] Updating path map with new local paths...
[LNS] Successfully updated global solution with local paths and pseudo agents!
[Solve_local_zone] Successfully solved local zone
[Solve_local_zone] Final local zone size: 23 (2.24609% of all walkable positions)
[LNS] Successfully solved local zone
[LNS] Analyzing conflicts...
[LNS] Current solution: vertex collisions=104, edge collisions=8
[LNS] Creating conflict buckets...
[LOCAL ZONE] Building diamond bucket for conflict 0
[LOCAL ZONE] Built diamond bucket for conflict 0 with 5 positions, 1 conflicts, 4 - 4 time window
[LOCAL ZONE] Building diamond bucket for conflict 1
[LOCAL ZONE] Built diamond bucket for conflict 1 with 8 positions, 2 conflicts, 4 - 5 time window
[LNS] Selected most relevant bucket 1 with time window: 4 - 5, 2 conflicts and 8 positions.
[LNS] Solving the best bucket Local Zone...
[Solve_local_zone] Current local zone size: 8 (0.78125% of all walkable positions)
[Solve_local_zone] Local zone time window: [3, 6]
[Waiting_time_Solve] Agent 0 has waiting time 31
[Waiting_time_Solve] Agent 1 has waiting time 21
[Waiting_time_Solve] Agent 2 has waiting time 33
[Waiting_time_Solve] Agent 3 has waiting time 16
[Waiting_time_Solve] Agent 4 has waiting time 10
[Waiting_time_Solve] Agent 5 has waiting time 10
[Waiting_time_Solve] Agent 6 has waiting time 41
[Waiting_time_Solve] Agent 7 has waiting time 16
[Waiting_time_Solve] Agent 8 has waiting time 27
[Waiting_time_Solve] Agent 9 has waiting time 15
[Waiting_time_Solve] Agent 10 has waiting time 32
[Waiting_time_Solve] Agent 11 has waiting time 12
[Waiting_time_Solve] Agent 12 has waiting time 30
[Waiting_time_Solve] Agent 13 has waiting time 34
[Waiting_time_Solve] Agent 14 has waiting time 37
[Waiting_time_Solve] Agent 15 has waiting time 18
[Waiting_time_Solve] Agent 16 has waiting time 5
[Waiting_time_Solve] Agent 17 has waiting time 5
[Waiting_time_Solve] Agent 18 has waiting time 27
[Waiting_time_Solve] Agent 19 has waiting time 11
[Waiting_time_Solve] Agent 20 has waiting time 8
[Waiting_time_Solve] Agent 21 has waiting time 23
[Waiting_time_Solve] Agent 22 has waiting time 16
[Waiting_time_Solve] Agent 23 has waiting time 29
[Waiting_time_Solve] Agent 24 has waiting time 23
[Waiting_time_Solve] Agent 25 has waiting time 39
[Waiting_time_Solve] Agent 26 has waiting time 15
[Waiting_time_Solve] Agent 27 has waiting time 35
[Waiting_time_Solve] Agent 28 has waiting time 39
[Waiting_time_Solve] Agent 29 has waiting time 27
[Waiting_time_Solve] Agent 30 has waiting time 18
[Waiting_time_Solve] Agent 31 has waiting time 29
[Waiting_time_Solve] Agent 32 has waiting time 26
[Waiting_time_Solve] Agent 33 has waiting time 15
[Waiting_time_Solve] Agent 34 has waiting time 20
[Waiting_time_Solve] Agent 35 has waiting time 34
[Waiting_time_Solve] Agent 36 has waiting time 20
[Waiting_time_Solve] Agent 37 has waiting time 25
[Waiting_time_Solve] Agent 38 has waiting time 35
[Waiting_time_Solve] Agent 39 has waiting time 14
[Waiting_time_Solve] Agent 40 has waiting time 25
[Waiting_time_Solve] Agent 41 has waiting time 32
[Waiting_time_Solve] Agent 42 has waiting time 20
[Waiting_time_Solve] Agent 43 has waiting time 34
[Waiting_time_Solve] Agent 44 has waiting time 17
[Waiting_time_Solve] Agent 45 has waiting time 21
[Waiting_time_Solve] Agent 46 has waiting time 31
[Waiting_time_Solve] Agent 47 has waiting time 17
[Waiting_time_Solve] Agent 48 has waiting time 27
[Waiting_time_Solve] Agent 49 has waiting time 35
[Waiting_time_Solve] Agent 50 has waiting time 9
[Waiting_time_Solve] Agent 51 has waiting time 26
[Waiting_time_Solve] Agent 52 has waiting time 0
[Waiting_time_Solve] Agent 53 has waiting time 24
[Waiting_time_Solve] Agent 54 has waiting time 24
[Waiting_time_Solve] Agent 55 has waiting time 25
[Waiting_time_Solve] Agent 56 has waiting time 37
[Waiting_time_Solve] Agent 57 has waiting time 36
[Waiting_time_Solve] Agent 58 has waiting time 37
[Waiting_time_Solve] Agent 59 has waiting time 27
[Waiting_time_Solve] Agent 60 has waiting time 34
[Waiting_time_Solve] Agent 61 has waiting time 3
[Waiting_time_Solve] Agent 62 has waiting time 17
[Waiting_time_Solve] Agent 63 has waiting time 27
[Waiting_time_Solve] Agent 64 has waiting time 24
[Waiting_time_Solve] Agent 65 has waiting time 25
[Waiting_time_Solve] Agent 66 has waiting time 21
[Waiting_time_Solve] Agent 67 has waiting time 36
[Waiting_time_Solve] Agent 68 has waiting time 22
[Waiting_time_Solve] Agent 69 has waiting time 25
[Waiting_time_Solve] Agent 70 has waiting time 31
[Waiting_time_Solve] Agent 71 has waiting time 19
[Waiting_time_Solve] Agent 72 has waiting time 30
[Waiting_time_Solve] Agent 73 has waiting time 40
[Waiting_time_Solve] Agent 74 has waiting time 36
[Waiting_time_Solve] Agent 75 has waiting time 22
[Waiting_time_Solve] Agent 76 has waiting time 28
[Waiting_time_Solve] Agent 77 has waiting time 13
[Waiting_time_Solve] Agent 78 has waiting time 23
[Waiting_time_Solve] Agent 79 has waiting time 22
[Waiting_time_Solve] Agent 80 has waiting time 37
[Waiting_time_Solve] Agent 81 has waiting time 31
[Waiting_time_Solve] Agent 82 has waiting time 20
[Waiting_time_Solve] Agent 83 has waiting time 33
[Waiting_time_Solve] Agent 84 has waiting time 10
[Waiting_time_Solve] Agent 85 has waiting time 35
[Waiting_time_Solve] Agent 86 has waiting time 37
[Waiting_time_Solve] Agent 87 has waiting time 29
[Waiting_time_Solve] Agent 88 has waiting time 10
[Waiting_time_Solve] Agent 89 has waiting time 7
[Waiting_time_Solve] Agent 90 has waiting time 29
[Waiting_time_Solve] Agent 91 has waiting time 23
[Waiting_time_Solve] Agent 92 has waiting time 24
[Waiting_time_Solve] Agent 93 has waiting time 23
[Waiting_time_Solve] Agent 94 has waiting time 35
[Waiting_time_Solve] Agent 95 has waiting time 41
[Waiting_time_Solve] Agent 96 has waiting time 21
[Waiting_time_Solve] Agent 97 has waiting time 24
[Waiting_time_Solve] Agent 98 has waiting time 36
[Waiting_time_Solve] Agent 99 has waiting time 16
[Waiting_time_Solve] Total available waiting time: 2444
[Waiting_time_Solve] Max iterations: 2444
[Waiting_time_Solve] Iteration 0...
[SAT] Start solving CNF: 22 clauses and 13 variables
[SAT] Agent 86 entry time: 5 exit time: 6
[SAT] Agent 47 entry time: 3 exit time: 3
[SAT] Agent 39 entry time: 3 exit time: 6
[SAT] Agent 2 entry time: 3 exit time: 6

[SAT] Start time: 3 End time: 6

[SAT] Solving local zone with SAT iteration 1...
[SAT] Local CNF: 22 clauses 

DEBUG: Adding 22 new clauses to MiniSAT (incremental run)
DEBUG: Clause load summary: input=22, added=22, tautologies_skipped=0, duplicates_skipped=0, unit_clauses=9, empties=0, intra_clause_literals_removed=0, added_but_db_unchanged=6
DEBUG: After adding clauses, solver has 7 clauses and 13 variables
DEBUG: MiniSAT found 13 variables
DEBUG: Assignment size: 13
DEBUG: First few assignment values: 1 1 1 1 0 1 1 0 1 1 

=== DEBUG: cnf_assignment_to_paths ===
Input assignment size: 13

=== END DEBUG ===
[SAT] Found 2 vertex collisions and 0 edge collisions
[SAT] Adding collision clauses and solving again...
[SAT] Solving local zone with SAT iteration 2...
[SAT] Local CNF: 24 clauses 

DEBUG: Adding 2 new clauses to MiniSAT (incremental run)
[SAT] Local problem appears to be unsatisfiable in current zone
[Waiting_time_Solve] No solution found, trying to apply waiting time:1
[Waiting_time_Solve] Applying waiting time 1 to agent 2 who has waiting time 33
[Waiting_time_Solve] New path is consistent after applying waiting time for agent 2
[Current_Solution] Agent 2 used 1 waiting timesteps, 32 remaining
[Waiting_time_Solve] Applied 1 waiting time  for agent 2 who has waiting time 32
[Waiting_time_Solve] ALL Waiting time applied
[Waiting_time_Solve] Extended Zone end time from 6 to 7
[Create_Local_Problem] Agent 92 is new in the zone
[Waiting_time_Solve] Iteration 1...
[SAT] Start solving CNF: 33 clauses and 19 variables
[SAT] Agent 92 entry time: 7 exit time: 7
[SAT] Agent 86 entry time: 5 exit time: 7
[SAT] Agent 47 entry time: 3 exit time: 3
[SAT] Agent 39 entry time: 3 exit time: 6
[SAT] Agent 2 entry time: 3 exit time: 7

[SAT] Start time: 3 End time: 7

[SAT] Solving local zone with SAT iteration 1...
[SAT] Local CNF: 35 clauses 

DEBUG: Adding 35 new clauses to MiniSAT (incremental run)
DEBUG: Clause load summary: input=35, added=35, tautologies_skipped=0, duplicates_skipped=0, unit_clauses=9, empties=0, intra_clause_literals_removed=0, added_but_db_unchanged=6
DEBUG: After adding clauses, solver has 20 clauses and 19 variables
DEBUG: MiniSAT found 19 variables
DEBUG: Assignment size: 19
DEBUG: First few assignment values: 1 1 1 1 1 1 0 1 1 0 

=== DEBUG: cnf_assignment_to_paths ===
Input assignment size: 19

=== END DEBUG ===
[SAT] Found 0 vertex collisions and 0 edge collisions
[SAT] Found collision-free local solution!
[Waiting_time_Solve] Solution found, updating global solution
[LNS] Updating global solution with pseudo-agent local paths...
[Current_Solution] Updating global solution for agent 92
[Current_Solution] Global solution is consistent after updating with local path
[LNS] Successfully updated global solution with pseudo-agent local paths!
[Current_Solution] Updating global solution for agent 86
[Current_Solution] INFO: Segment 86 exit adjusted from 6 to 7 due to waiting time
[Current_Solution] Segment 86 lengthened by 1 timesteps; shifting suffix
[Current_Solution] Global solution is consistent before shifting suffix
[Current_Solution] Global solution is consistent after shifting suffix
[Current_Solution] Global solution is consistent after updating with local path
[LNS] Successfully updated global solution with pseudo-agent local paths!
[Current_Solution] Updating global solution for agent 47
[Current_Solution] Global solution is consistent after updating with local path
[LNS] Successfully updated global solution with pseudo-agent local paths!
[Current_Solution] Updating global solution for agent 39
[Current_Solution] Global solution is consistent after updating with local path
[LNS] Successfully updated global solution with pseudo-agent local paths!
[Current_Solution] Updating global solution for agent 2
[Current_Solution] INFO: Segment 2 exit adjusted from 6 to 7 due to waiting time
[Current_Solution] Segment 2 lengthened by 1 timesteps; shifting suffix
[Current_Solution] Global solution is consistent before shifting suffix
[Current_Solution] Global solution is consistent after shifting suffix
[Current_Solution] Global solution is consistent after updating with local path
[LNS] Successfully updated global solution with pseudo-agent local paths!
[LNS] Updating path map with new local paths...
[LNS] Successfully updated global solution with local paths and pseudo agents!
[Solve_local_zone] Successfully solved local zone
[Solve_local_zone] Final local zone size: 8 (0.78125% of all walkable positions)
[LNS] Successfully solved local zone
[LNS] Analyzing conflicts...
[LNS] Current solution: vertex collisions=101, edge collisions=9
[LNS] Creating conflict buckets...
[LOCAL ZONE] Building diamond bucket for conflict 0
[LOCAL ZONE] Built diamond bucket for conflict 0 with 5 positions, 1 conflicts, 4 - 4 time window
[LNS] Selected most relevant bucket 0 with time window: 4 - 4, 1 conflicts and 5 positions.
[LNS] Solving the best bucket Local Zone...
[Solve_local_zone] Current local zone size: 5 (0.488281% of all walkable positions)
[Solve_local_zone] Local zone time window: [3, 5]
[Waiting_time_Solve] Agent 0 has waiting time 31
[Waiting_time_Solve] Agent 1 has waiting time 21
[Waiting_time_Solve] Agent 2 has waiting time 32
[Waiting_time_Solve] Agent 3 has waiting time 16
[Waiting_time_Solve] Agent 4 has waiting time 10
[Waiting_time_Solve] Agent 5 has waiting time 10
[Waiting_time_Solve] Agent 6 has waiting time 41
[Waiting_time_Solve] Agent 7 has waiting time 16
[Waiting_time_Solve] Agent 8 has waiting time 27
[Waiting_time_Solve] Agent 9 has waiting time 15
[Waiting_time_Solve] Agent 10 has waiting time 32
[Waiting_time_Solve] Agent 11 has waiting time 12
[Waiting_time_Solve] Agent 12 has waiting time 30
[Waiting_time_Solve] Agent 13 has waiting time 34
[Waiting_time_Solve] Agent 14 has waiting time 37
[Waiting_time_Solve] Agent 15 has waiting time 18
[Waiting_time_Solve] Agent 16 has waiting time 5
[Waiting_time_Solve] Agent 17 has waiting time 5
[Waiting_time_Solve] Agent 18 has waiting time 27
[Waiting_time_Solve] Agent 19 has waiting time 11
[Waiting_time_Solve] Agent 20 has waiting time 8
[Waiting_time_Solve] Agent 21 has waiting time 23
[Waiting_time_Solve] Agent 22 has waiting time 16
[Waiting_time_Solve] Agent 23 has waiting time 29
[Waiting_time_Solve] Agent 24 has waiting time 23
[Waiting_time_Solve] Agent 25 has waiting time 39
[Waiting_time_Solve] Agent 26 has waiting time 15
[Waiting_time_Solve] Agent 27 has waiting time 35
[Waiting_time_Solve] Agent 28 has waiting time 39
[Waiting_time_Solve] Agent 29 has waiting time 27
[Waiting_time_Solve] Agent 30 has waiting time 18
[Waiting_time_Solve] Agent 31 has waiting time 29
[Waiting_time_Solve] Agent 32 has waiting time 26
[Waiting_time_Solve] Agent 33 has waiting time 15
[Waiting_time_Solve] Agent 34 has waiting time 20
[Waiting_time_Solve] Agent 35 has waiting time 34
[Waiting_time_Solve] Agent 36 has waiting time 20
[Waiting_time_Solve] Agent 37 has waiting time 25
[Waiting_time_Solve] Agent 38 has waiting time 35
[Waiting_time_Solve] Agent 39 has waiting time 14
[Waiting_time_Solve] Agent 40 has waiting time 25
[Waiting_time_Solve] Agent 41 has waiting time 32
[Waiting_time_Solve] Agent 42 has waiting time 20
[Waiting_time_Solve] Agent 43 has waiting time 34
[Waiting_time_Solve] Agent 44 has waiting time 17
[Waiting_time_Solve] Agent 45 has waiting time 21
[Waiting_time_Solve] Agent 46 has waiting time 31
[Waiting_time_Solve] Agent 47 has waiting time 17
[Waiting_time_Solve] Agent 48 has waiting time 27
[Waiting_time_Solve] Agent 49 has waiting time 35
[Waiting_time_Solve] Agent 50 has waiting time 9
[Waiting_time_Solve] Agent 51 has waiting time 26
[Waiting_time_Solve] Agent 52 has waiting time 0
[Waiting_time_Solve] Agent 53 has waiting time 24
[Waiting_time_Solve] Agent 54 has waiting time 24
[Waiting_time_Solve] Agent 55 has waiting time 25
[Waiting_time_Solve] Agent 56 has waiting time 37
[Waiting_time_Solve] Agent 57 has waiting time 36
[Waiting_time_Solve] Agent 58 has waiting time 37
[Waiting_time_Solve] Agent 59 has waiting time 27
[Waiting_time_Solve] Agent 60 has waiting time 34
[Waiting_time_Solve] Agent 61 has waiting time 3
[Waiting_time_Solve] Agent 62 has waiting time 17
[Waiting_time_Solve] Agent 63 has waiting time 27
[Waiting_time_Solve] Agent 64 has waiting time 24
[Waiting_time_Solve] Agent 65 has waiting time 25
[Waiting_time_Solve] Agent 66 has waiting time 21
[Waiting_time_Solve] Agent 67 has waiting time 36
[Waiting_time_Solve] Agent 68 has waiting time 22
[Waiting_time_Solve] Agent 69 has waiting time 25
[Waiting_time_Solve] Agent 70 has waiting time 31
[Waiting_time_Solve] Agent 71 has waiting time 19
[Waiting_time_Solve] Agent 72 has waiting time 30
[Waiting_time_Solve] Agent 73 has waiting time 40
[Waiting_time_Solve] Agent 74 has waiting time 36
[Waiting_time_Solve] Agent 75 has waiting time 22
[Waiting_time_Solve] Agent 76 has waiting time 28
[Waiting_time_Solve] Agent 77 has waiting time 13
[Waiting_time_Solve] Agent 78 has waiting time 23
[Waiting_time_Solve] Agent 79 has waiting time 22
[Waiting_time_Solve] Agent 80 has waiting time 37
[Waiting_time_Solve] Agent 81 has waiting time 31
[Waiting_time_Solve] Agent 82 has waiting time 20
[Waiting_time_Solve] Agent 83 has waiting time 33
[Waiting_time_Solve] Agent 84 has waiting time 10
[Waiting_time_Solve] Agent 85 has waiting time 35
[Waiting_time_Solve] Agent 86 has waiting time 37
[Waiting_time_Solve] Agent 87 has waiting time 29
[Waiting_time_Solve] Agent 88 has waiting time 10
[Waiting_time_Solve] Agent 89 has waiting time 7
[Waiting_time_Solve] Agent 90 has waiting time 29
[Waiting_time_Solve] Agent 91 has waiting time 23
[Waiting_time_Solve] Agent 92 has waiting time 24
[Waiting_time_Solve] Agent 93 has waiting time 23
[Waiting_time_Solve] Agent 94 has waiting time 35
[Waiting_time_Solve] Agent 95 has waiting time 41
[Waiting_time_Solve] Agent 96 has waiting time 21
[Waiting_time_Solve] Agent 97 has waiting time 24
[Waiting_time_Solve] Agent 98 has waiting time 36
[Waiting_time_Solve] Agent 99 has waiting time 16
[Waiting_time_Solve] Total available waiting time: 2443
[Waiting_time_Solve] Max iterations: 2443
[Waiting_time_Solve] Iteration 0...
[SAT] Start solving CNF: 11 clauses and 7 variables
[SAT] Agent 63 entry time: 3 exit time: 5
[SAT] Agent 41 entry time: 4 exit time: 4
[SAT] Agent 38 entry time: 3 exit time: 5

[SAT] Start time: 3 End time: 5

[SAT] Solving local zone with SAT iteration 1...
[SAT] Local CNF: 11 clauses 

DEBUG: Adding 11 new clauses to MiniSAT (incremental run)
DEBUG: Clause load summary: input=11, added=11, tautologies_skipped=0, duplicates_skipped=0, unit_clauses=7, empties=0, intra_clause_literals_removed=0, added_but_db_unchanged=4
DEBUG: After adding clauses, solver has 0 clauses and 7 variables
DEBUG: MiniSAT found 7 variables
DEBUG: Assignment size: 7
DEBUG: First few assignment values: 1 1 1 1 1 1 1 

=== DEBUG: cnf_assignment_to_paths ===
Input assignment size: 7

=== END DEBUG ===
[SAT] Found 1 vertex collisions and 0 edge collisions
[SAT] Adding collision clauses and solving again...
[SAT] Solving local zone with SAT iteration 2...
[SAT] Local CNF: 12 clauses 

DEBUG: Adding 1 new clauses to MiniSAT (incremental run)
[SAT] Local problem appears to be unsatisfiable in current zone
[Waiting_time_Solve] No solution found, trying to apply waiting time:1
[Waiting_time_Solve] Applying waiting time 1 to agent 38 who has waiting time 35
[Waiting_time_Solve] New path is consistent after applying waiting time for agent 38
[Current_Solution] Agent 38 used 1 waiting timesteps, 34 remaining
[Waiting_time_Solve] Applied 1 waiting time  for agent 38 who has waiting time 34
[Waiting_time_Solve] ALL Waiting time applied
[Waiting_time_Solve] Extended Zone end time from 5 to 6
[Waiting_time_Solve] Iteration 1...
[Waiting_time_Solve] Agent 41 pseudo agents: 100 
[SAT] Start solving CNF: 18 clauses and 11 variables
[SAT] Agent 100 entry time: 6 exit time: 6
[SAT] Agent 63 entry time: 3 exit time: 5
[SAT] Agent 41 entry time: 4 exit time: 4
[SAT] Agent 38 entry time: 3 exit time: 6

[SAT] Start time: 3 End time: 6

[SAT] Solving local zone with SAT iteration 1...
[SAT] Local CNF: 19 clauses 

DEBUG: Adding 19 new clauses to MiniSAT (incremental run)
DEBUG: Clause load summary: input=19, added=19, tautologies_skipped=0, duplicates_skipped=0, unit_clauses=7, empties=0, intra_clause_literals_removed=0, added_but_db_unchanged=5
DEBUG: After adding clauses, solver has 7 clauses and 11 variables
DEBUG: MiniSAT found 11 variables
DEBUG: Assignment size: 11
DEBUG: First few assignment values: 1 1 1 1 1 1 0 1 0 1 

=== DEBUG: cnf_assignment_to_paths ===
Input assignment size: 11

=== END DEBUG ===
[SAT] Found 1 vertex collisions and 0 edge collisions
[SAT] Adding collision clauses and solving again...
[SAT] Solving local zone with SAT iteration 2...
[SAT] Local CNF: 20 clauses 

DEBUG: Adding 1 new clauses to MiniSAT (incremental run)
[SAT] Local problem appears to be unsatisfiable in current zone
[Waiting_time_Solve] No solution found, trying to apply waiting time:2
[Waiting_time_Solve] Applying waiting time 2 to agent 38 who has waiting time 34
[Waiting_time_Solve] New path is consistent after applying waiting time for agent 38
[Current_Solution] Agent 38 used 2 waiting timesteps, 32 remaining
[Waiting_time_Solve] Applied 2 waiting time  for agent 38 who has waiting time 32
[Waiting_time_Solve] ALL Waiting time applied
[Waiting_time_Solve] Extended Zone end time from 6 to 8
[Waiting_time_Solve] Iteration 2...
[Waiting_time_Solve] Agent 41 pseudo agents: 100 
[SAT] Start solving CNF: 50 clauses and 21 variables
[SAT] Agent 100 entry time: 6 exit time: 6
[SAT] Agent 63 entry time: 3 exit time: 5
[SAT] Agent 41 entry time: 4 exit time: 4
[SAT] Agent 38 entry time: 3 exit time: 8

[SAT] Start time: 3 End time: 8

[SAT] Solving local zone with SAT iteration 1...
[SAT] Local CNF: 52 clauses 

DEBUG: Adding 52 new clauses to MiniSAT (incremental run)
DEBUG: Clause load summary: input=52, added=52, tautologies_skipped=0, duplicates_skipped=0, unit_clauses=7, empties=0, intra_clause_literals_removed=0, added_but_db_unchanged=6
DEBUG: After adding clauses, solver has 39 clauses and 21 variables
DEBUG: MiniSAT found 21 variables
DEBUG: Assignment size: 21
DEBUG: First few assignment values: 1 1 1 1 1 1 0 1 0 0 

=== DEBUG: cnf_assignment_to_paths ===
Input assignment size: 21

=== END DEBUG ===
[SAT] Found 0 vertex collisions and 0 edge collisions
[SAT] Found collision-free local solution!
[Waiting_time_Solve] Solution found, updating global solution
[LNS] Updating global solution with pseudo-agent local paths...
[Current_Solution] Updating global solution for agent 63
[Current_Solution] Global solution is consistent after updating with local path
[LNS] Successfully updated global solution with pseudo-agent local paths!
[Current_Solution] Updating global solution for agent 41
[Current_Solution] Global solution is consistent after updating with local path
[Current_Solution] Global solution is consistent after updating with local path
[LNS] Successfully updated global solution with pseudo-agent local paths!
[Current_Solution] Updating global solution for agent 38
[Current_Solution] INFO: Segment 38 exit adjusted from 5 to 8 due to waiting time
[Current_Solution] Segment 38 lengthened by 3 timesteps; shifting suffix
[Current_Solution] Global solution is consistent before shifting suffix
[Current_Solution] Global solution is consistent after shifting suffix
[Current_Solution] Global solution is consistent after updating with local path
[LNS] Successfully updated global solution with pseudo-agent local paths!
[LNS] Updating path map with new local paths...
[LNS] Successfully updated global solution with local paths and pseudo agents!
[Solve_local_zone] Successfully solved local zone
[Solve_local_zone] Final local zone size: 5 (0.488281% of all walkable positions)
[LNS] Successfully solved local zone
[LNS] Analyzing conflicts...
[LNS] Current solution: vertex collisions=100, edge collisions=9
[LNS] Creating conflict buckets...
[LOCAL ZONE] Building diamond bucket for conflict 0
[LOCAL ZONE] Built diamond bucket for conflict 0 with 5 positions, 3 conflicts, 6 - 6 time window
[LOCAL ZONE] Building diamond bucket for conflict 1
[LOCAL ZONE] Built diamond bucket for conflict 1 with 8 positions, 2 conflicts, 6 - 7 time window
[LNS] Selected most relevant bucket 0 with time window: 6 - 6, 3 conflicts and 5 positions.
[LNS] Solving the best bucket Local Zone...
[Solve_local_zone] Current local zone size: 5 (0.488281% of all walkable positions)
[Solve_local_zone] Local zone time window: [5, 7]
[Current_Solution] Agent 6 used 3 waiting timesteps, 38 remaining
[Waiting_time_Solve] Agent 0 has waiting time 31
[Waiting_time_Solve] Agent 1 has waiting time 21
[Waiting_time_Solve] Agent 2 has waiting time 32
[Waiting_time_Solve] Agent 3 has waiting time 16
[Waiting_time_Solve] Agent 4 has waiting time 10
[Waiting_time_Solve] Agent 5 has waiting time 10
[Waiting_time_Solve] Agent 6 has waiting time 38
[Waiting_time_Solve] Agent 7 has waiting time 16
[Waiting_time_Solve] Agent 8 has waiting time 27
[Waiting_time_Solve] Agent 9 has waiting time 15
[Waiting_time_Solve] Agent 10 has waiting time 32
[Waiting_time_Solve] Agent 11 has waiting time 12
[Waiting_time_Solve] Agent 12 has waiting time 30
[Waiting_time_Solve] Agent 13 has waiting time 34
[Waiting_time_Solve] Agent 14 has waiting time 37
[Waiting_time_Solve] Agent 15 has waiting time 18
[Waiting_time_Solve] Agent 16 has waiting time 5
[Waiting_time_Solve] Agent 17 has waiting time 5
[Waiting_time_Solve] Agent 18 has waiting time 27
[Waiting_time_Solve] Agent 19 has waiting time 11
[Waiting_time_Solve] Agent 20 has waiting time 8
[Waiting_time_Solve] Agent 21 has waiting time 23
[Waiting_time_Solve] Agent 22 has waiting time 16
[Waiting_time_Solve] Agent 23 has waiting time 29
[Waiting_time_Solve] Agent 24 has waiting time 23
[Waiting_time_Solve] Agent 25 has waiting time 39
[Waiting_time_Solve] Agent 26 has waiting time 15
[Waiting_time_Solve] Agent 27 has waiting time 35
[Waiting_time_Solve] Agent 28 has waiting time 39
[Waiting_time_Solve] Agent 29 has waiting time 27
[Waiting_time_Solve] Agent 30 has waiting time 18
[Waiting_time_Solve] Agent 31 has waiting time 29
[Waiting_time_Solve] Agent 32 has waiting time 26
[Waiting_time_Solve] Agent 33 has waiting time 15
[Waiting_time_Solve] Agent 34 has waiting time 20
[Waiting_time_Solve] Agent 35 has waiting time 34
[Waiting_time_Solve] Agent 36 has waiting time 20
[Waiting_time_Solve] Agent 37 has waiting time 25
[Waiting_time_Solve] Agent 38 has waiting time 32
[Waiting_time_Solve] Agent 39 has waiting time 14
[Waiting_time_Solve] Agent 40 has waiting time 25
[Waiting_time_Solve] Agent 41 has waiting time 32
[Waiting_time_Solve] Agent 42 has waiting time 20
[Waiting_time_Solve] Agent 43 has waiting time 34
[Waiting_time_Solve] Agent 44 has waiting time 17
[Waiting_time_Solve] Agent 45 has waiting time 21
[Waiting_time_Solve] Agent 46 has waiting time 31
[Waiting_time_Solve] Agent 47 has waiting time 17
[Waiting_time_Solve] Agent 48 has waiting time 27
[Waiting_time_Solve] Agent 49 has waiting time 35
[Waiting_time_Solve] Agent 50 has waiting time 9
[Waiting_time_Solve] Agent 51 has waiting time 26
[Waiting_time_Solve] Agent 52 has waiting time 0
[Waiting_time_Solve] Agent 53 has waiting time 24
[Waiting_time_Solve] Agent 54 has waiting time 24
[Waiting_time_Solve] Agent 55 has waiting time 25
[Waiting_time_Solve] Agent 56 has waiting time 37
[Waiting_time_Solve] Agent 57 has waiting time 36
[Waiting_time_Solve] Agent 58 has waiting time 37
[Waiting_time_Solve] Agent 59 has waiting time 27
[Waiting_time_Solve] Agent 60 has waiting time 34
[Waiting_time_Solve] Agent 61 has waiting time 3
[Waiting_time_Solve] Agent 62 has waiting time 17
[Waiting_time_Solve] Agent 63 has waiting time 27
[Waiting_time_Solve] Agent 64 has waiting time 24
[Waiting_time_Solve] Agent 65 has waiting time 25
[Waiting_time_Solve] Agent 66 has waiting time 21
[Waiting_time_Solve] Agent 67 has waiting time 36
[Waiting_time_Solve] Agent 68 has waiting time 22
[Waiting_time_Solve] Agent 69 has waiting time 25
[Waiting_time_Solve] Agent 70 has waiting time 31
[Waiting_time_Solve] Agent 71 has waiting time 19
[Waiting_time_Solve] Agent 72 has waiting time 30
[Waiting_time_Solve] Agent 73 has waiting time 40
[Waiting_time_Solve] Agent 74 has waiting time 36
[Waiting_time_Solve] Agent 75 has waiting time 22
[Waiting_time_Solve] Agent 76 has waiting time 28
[Waiting_time_Solve] Agent 77 has waiting time 13
[Waiting_time_Solve] Agent 78 has waiting time 23
[Waiting_time_Solve] Agent 79 has waiting time 22
[Waiting_time_Solve] Agent 80 has waiting time 37
[Waiting_time_Solve] Agent 81 has waiting time 31
[Waiting_time_Solve] Agent 82 has waiting time 20
[Waiting_time_Solve] Agent 83 has waiting time 33
[Waiting_time_Solve] Agent 84 has waiting time 10
[Waiting_time_Solve] Agent 85 has waiting time 35
[Waiting_time_Solve] Agent 86 has waiting time 37
[Waiting_time_Solve] Agent 87 has waiting time 29
[Waiting_time_Solve] Agent 88 has waiting time 10
[Waiting_time_Solve] Agent 89 has waiting time 7
[Waiting_time_Solve] Agent 90 has waiting time 29
[Waiting_time_Solve] Agent 91 has waiting time 23
[Waiting_time_Solve] Agent 92 has waiting time 24
[Waiting_time_Solve] Agent 93 has waiting time 23
[Waiting_time_Solve] Agent 94 has waiting time 35
[Waiting_time_Solve] Agent 95 has waiting time 41
[Waiting_time_Solve] Agent 96 has waiting time 21
[Waiting_time_Solve] Agent 97 has waiting time 24
[Waiting_time_Solve] Agent 98 has waiting time 36
[Waiting_time_Solve] Agent 99 has waiting time 16
[Waiting_time_Solve] Total available waiting time: 2437
[Waiting_time_Solve] Max iterations: 2437
[Waiting_time_Solve] Iteration 0...
[SAT] Start solving CNF: 29 clauses and 13 variables
[SAT] Agent 85 entry time: 5 exit time: 7
[SAT] Agent 54 entry time: 5 exit time: 7
[SAT] Agent 6 entry time: 5 exit time: 7

[SAT] Start time: 5 End time: 7

[SAT] Solving local zone with SAT iteration 1...
[SAT] Local CNF: 29 clauses 

DEBUG: Adding 29 new clauses to MiniSAT (incremental run)
DEBUG: Clause load summary: input=29, added=29, tautologies_skipped=0, duplicates_skipped=0, unit_clauses=8, empties=0, intra_clause_literals_removed=0, added_but_db_unchanged=9
DEBUG: After adding clauses, solver has 12 clauses and 13 variables
DEBUG: MiniSAT found 13 variables
DEBUG: Assignment size: 13
DEBUG: First few assignment values: 1 1 1 1 1 1 1 0 1 0 

=== DEBUG: cnf_assignment_to_paths ===
Input assignment size: 13

=== END DEBUG ===
[SAT] Found 1 vertex collisions and 0 edge collisions
[SAT] Adding collision clauses and solving again...
[SAT] Solving local zone with SAT iteration 2...
[SAT] Local CNF: 30 clauses 

DEBUG: Adding 1 new clauses to MiniSAT (incremental run)
[SAT] Local problem appears to be unsatisfiable in current zone
[Waiting_time_Solve] No solution found, trying to apply waiting time:1
[Waiting_time_Solve] Applying waiting time 1 to agent 85 who has waiting time 35
[Waiting_time_Solve] New path is consistent after applying waiting time for agent 85
[Current_Solution] Agent 85 used 1 waiting timesteps, 34 remaining
[Waiting_time_Solve] Applied 1 waiting time  for agent 85 who has waiting time 34
[Waiting_time_Solve] ALL Waiting time applied
[Waiting_time_Solve] Extended Zone end time from 7 to 8
[Current_Solution] Agent 6 used 1 waiting timesteps, 37 remaining
[Create_Local_Problem] Agent 51 is new in the zone
[Waiting_time_Solve] Iteration 1...
[SAT] Start solving CNF: 52 clauses and 22 variables
[SAT] Agent 51 entry time: 8 exit time: 8
[SAT] Agent 85 entry time: 5 exit time: 8
[SAT] Agent 54 entry time: 5 exit time: 7
[SAT] Agent 6 entry time: 5 exit time: 8

[SAT] Start time: 5 End time: 8

[SAT] Solving local zone with SAT iteration 1...
[SAT] Local CNF: 53 clauses 

DEBUG: Adding 53 new clauses to MiniSAT (incremental run)
DEBUG: Clause load summary: input=53, added=53, tautologies_skipped=0, duplicates_skipped=0, unit_clauses=8, empties=0, intra_clause_literals_removed=0, added_but_db_unchanged=10
DEBUG: After adding clauses, solver has 35 clauses and 22 variables
DEBUG: MiniSAT found 22 variables
DEBUG: Assignment size: 22
DEBUG: First few assignment values: 1 1 0 1 0 1 1 1 1 1 

=== DEBUG: cnf_assignment_to_paths ===
Input assignment size: 22

=== END DEBUG ===
[SAT] Found 1 vertex collisions and 1 edge collisions
[SAT] Adding collision clauses and solving again...
[SAT] Solving local zone with SAT iteration 2...
[SAT] Local CNF: 55 clauses 

DEBUG: Adding 2 new clauses to MiniSAT (incremental run)
[SAT] Local problem appears to be unsatisfiable in current zone
[Waiting_time_Solve] No solution found, trying to apply waiting time:2
[Waiting_time_Solve] Applying waiting time 2 to agent 6 who has waiting time 37
[Current_Solution] Agent 6 used 2 waiting timesteps, 35 remaining
[Waiting_time_Solve] New path is consistent after applying waiting time for agent 6
[Current_Solution] Agent 6 used 2 waiting timesteps, 33 remaining
[Waiting_time_Solve] Applied 2 waiting time  for agent 6 who has waiting time 33
[Waiting_time_Solve] Applying waiting time 2 to agent 85 who has waiting time 34
[Waiting_time_Solve] New path is consistent after applying waiting time for agent 85
[Current_Solution] Agent 85 used 2 waiting timesteps, 32 remaining
[Waiting_time_Solve] Applied 2 waiting time  for agent 85 who has waiting time 32
[Waiting_time_Solve] ALL Waiting time applied
[Waiting_time_Solve] Extended Zone end time from 8 to 10
[Waiting_time_Solve] Iteration 2...
[SAT] Start solving CNF: 116 clauses and 42 variables
[SAT] Agent 51 entry time: 8 exit time: 8
[SAT] Agent 85 entry time: 5 exit time: 10
[SAT] Agent 54 entry time: 5 exit time: 7
[SAT] Agent 6 entry time: 5 exit time: 10

[SAT] Start time: 5 End time: 10

[SAT] Solving local zone with SAT iteration 1...
[SAT] Local CNF: 119 clauses 

DEBUG: Adding 119 new clauses to MiniSAT (incremental run)
DEBUG: Clause load summary: input=119, added=119, tautologies_skipped=0, duplicates_skipped=0, unit_clauses=8, empties=0, intra_clause_literals_removed=0, added_but_db_unchanged=11
DEBUG: After adding clauses, solver has 100 clauses and 42 variables
DEBUG: MiniSAT found 42 variables
DEBUG: Assignment size: 42
DEBUG: First few assignment values: 1 1 0 1 0 0 1 0 0 0 

=== DEBUG: cnf_assignment_to_paths ===
Input assignment size: 42

=== END DEBUG ===
[SAT] Found 2 vertex collisions and 0 edge collisions
[SAT] Adding collision clauses and solving again...
[SAT] Solving local zone with SAT iteration 2...
[SAT] Local CNF: 121 clauses 

DEBUG: Adding 2 new clauses to MiniSAT (incremental run)
[SAT] Previous assignment invalidated by new clauses, reset solver and retrying without assumptions...
DEBUG: Adding 121 new clauses to MiniSAT (incremental run)
[SAT] Local problem appears to be unsatisfiable in current zone
[Waiting_time_Solve] No solution found, trying to apply waiting time:3
[Waiting_time_Solve] Applying waiting time 3 to agent 6 who has waiting time 33
[Current_Solution] Agent 6 used 1 waiting timesteps, 32 remaining
[Waiting_time_Solve] New path is consistent after applying waiting time for agent 6
[Current_Solution] Agent 6 used 3 waiting timesteps, 29 remaining
[Waiting_time_Solve] Applied 3 waiting time  for agent 6 who has waiting time 29
[Waiting_time_Solve] Applying waiting time 3 to agent 85 who has waiting time 32
[Waiting_time_Solve] New path is consistent after applying waiting time for agent 85
[Current_Solution] Agent 85 used 3 waiting timesteps, 29 remaining
[Waiting_time_Solve] Applied 3 waiting time  for agent 85 who has waiting time 29
[Waiting_time_Solve] ALL Waiting time applied
[Waiting_time_Solve] Extended Zone end time from 10 to 13
[Waiting_time_Solve] Iteration 3...
[SAT] Start solving CNF: 212 clauses and 72 variables
[SAT] Agent 51 entry time: 8 exit time: 8
[SAT] Agent 85 entry time: 5 exit time: 13
[SAT] Agent 54 entry time: 5 exit time: 7
[SAT] Agent 6 entry time: 5 exit time: 13

[SAT] Start time: 5 End time: 13

[SAT] Solving local zone with SAT iteration 1...
[SAT] Local CNF: 217 clauses 

DEBUG: Adding 217 new clauses to MiniSAT (incremental run)
[SAT] Local problem appears to be unsatisfiable in current zone
[Waiting_time_Solve] No solution found, trying to apply waiting time:4
[Waiting_time_Solve] No waiting time applied
[Waiting_time_Solve] No solution found
[Waiting_time_Solve] Restoring original paths
[Waiting_time_Solve] Restoring waiting times
[Current_Solution] Restored waiting times from backup
[Current_Solution] Restored paths from backup
[Solve_local_zone] Zone with expansion factor 0failed
[Solve_local_zone] Expanding zone with offset 2 (original: 1)
[Solve_local_zone] Final expanded zone contains 13 positions with 3 conflicts 
[Solve_local_zone] New time window: [4, 8]
[Solve_local_zone] Current local zone size: 13 (1.26953% of all walkable positions)
[Solve_local_zone] Local zone time window: [4, 8]
[Current_Solution] Agent 6 used 4 waiting timesteps, 37 remaining
[Waiting_time_Solve] Agent 0 has waiting time 31
[Waiting_time_Solve] Agent 1 has waiting time 21
[Waiting_time_Solve] Agent 2 has waiting time 32
[Waiting_time_Solve] Agent 3 has waiting time 16
[Waiting_time_Solve] Agent 4 has waiting time 10
[Waiting_time_Solve] Agent 5 has waiting time 10
[Waiting_time_Solve] Agent 6 has waiting time 37
[Waiting_time_Solve] Agent 7 has waiting time 16
[Waiting_time_Solve] Agent 8 has waiting time 27
[Waiting_time_Solve] Agent 9 has waiting time 15
[Waiting_time_Solve] Agent 10 has waiting time 32
[Waiting_time_Solve] Agent 11 has waiting time 12
[Waiting_time_Solve] Agent 12 has waiting time 30
[Waiting_time_Solve] Agent 13 has waiting time 34
[Waiting_time_Solve] Agent 14 has waiting time 37
[Waiting_time_Solve] Agent 15 has waiting time 18
[Waiting_time_Solve] Agent 16 has waiting time 5
[Waiting_time_Solve] Agent 17 has waiting time 5
[Waiting_time_Solve] Agent 18 has waiting time 27
[Waiting_time_Solve] Agent 19 has waiting time 11
[Waiting_time_Solve] Agent 20 has waiting time 8
[Waiting_time_Solve] Agent 21 has waiting time 23
[Waiting_time_Solve] Agent 22 has waiting time 16
[Waiting_time_Solve] Agent 23 has waiting time 29
[Waiting_time_Solve] Agent 24 has waiting time 23
[Waiting_time_Solve] Agent 25 has waiting time 39
[Waiting_time_Solve] Agent 26 has waiting time 15
[Waiting_time_Solve] Agent 27 has waiting time 35
[Waiting_time_Solve] Agent 28 has waiting time 39
[Waiting_time_Solve] Agent 29 has waiting time 27
[Waiting_time_Solve] Agent 30 has waiting time 18
[Waiting_time_Solve] Agent 31 has waiting time 29
[Waiting_time_Solve] Agent 32 has waiting time 26
[Waiting_time_Solve] Agent 33 has waiting time 15
[Waiting_time_Solve] Agent 34 has waiting time 20
[Waiting_time_Solve] Agent 35 has waiting time 34
[Waiting_time_Solve] Agent 36 has waiting time 20
[Waiting_time_Solve] Agent 37 has waiting time 25
[Waiting_time_Solve] Agent 38 has waiting time 32
[Waiting_time_Solve] Agent 39 has waiting time 14
[Waiting_time_Solve] Agent 40 has waiting time 25
[Waiting_time_Solve] Agent 41 has waiting time 32
[Waiting_time_Solve] Agent 42 has waiting time 20
[Waiting_time_Solve] Agent 43 has waiting time 34
[Waiting_time_Solve] Agent 44 has waiting time 17
[Waiting_time_Solve] Agent 45 has waiting time 21
[Waiting_time_Solve] Agent 46 has waiting time 31
[Waiting_time_Solve] Agent 47 has waiting time 17
[Waiting_time_Solve] Agent 48 has waiting time 27
[Waiting_time_Solve] Agent 49 has waiting time 35
[Waiting_time_Solve] Agent 50 has waiting time 9
[Waiting_time_Solve] Agent 51 has waiting time 26
[Waiting_time_Solve] Agent 52 has waiting time 0
[Waiting_time_Solve] Agent 53 has waiting time 24
[Waiting_time_Solve] Agent 54 has waiting time 24
[Waiting_time_Solve] Agent 55 has waiting time 25
[Waiting_time_Solve] Agent 56 has waiting time 37
[Waiting_time_Solve] Agent 57 has waiting time 36
[Waiting_time_Solve] Agent 58 has waiting time 37
[Waiting_time_Solve] Agent 59 has waiting time 27
[Waiting_time_Solve] Agent 60 has waiting time 34
[Waiting_time_Solve] Agent 61 has waiting time 3
[Waiting_time_Solve] Agent 62 has waiting time 17
[Waiting_time_Solve] Agent 63 has waiting time 27
[Waiting_time_Solve] Agent 64 has waiting time 24
[Waiting_time_Solve] Agent 65 has waiting time 25
[Waiting_time_Solve] Agent 66 has waiting time 21
[Waiting_time_Solve] Agent 67 has waiting time 36
[Waiting_time_Solve] Agent 68 has waiting time 22
[Waiting_time_Solve] Agent 69 has waiting time 25
[Waiting_time_Solve] Agent 70 has waiting time 31
[Waiting_time_Solve] Agent 71 has waiting time 19
[Waiting_time_Solve] Agent 72 has waiting time 30
[Waiting_time_Solve] Agent 73 has waiting time 40
[Waiting_time_Solve] Agent 74 has waiting time 36
[Waiting_time_Solve] Agent 75 has waiting time 22
[Waiting_time_Solve] Agent 76 has waiting time 28
[Waiting_time_Solve] Agent 77 has waiting time 13
[Waiting_time_Solve] Agent 78 has waiting time 23
[Waiting_time_Solve] Agent 79 has waiting time 22
[Waiting_time_Solve] Agent 80 has waiting time 37
[Waiting_time_Solve] Agent 81 has waiting time 31
[Waiting_time_Solve] Agent 82 has waiting time 20
[Waiting_time_Solve] Agent 83 has waiting time 33
[Waiting_time_Solve] Agent 84 has waiting time 10
[Waiting_time_Solve] Agent 85 has waiting time 35
[Waiting_time_Solve] Agent 86 has waiting time 37
[Waiting_time_Solve] Agent 87 has waiting time 29
[Waiting_time_Solve] Agent 88 has waiting time 10
[Waiting_time_Solve] Agent 89 has waiting time 7
[Waiting_time_Solve] Agent 90 has waiting time 29
[Waiting_time_Solve] Agent 91 has waiting time 23
[Waiting_time_Solve] Agent 92 has waiting time 24
[Waiting_time_Solve] Agent 93 has waiting time 23
[Waiting_time_Solve] Agent 94 has waiting time 35
[Waiting_time_Solve] Agent 95 has waiting time 41
[Waiting_time_Solve] Agent 96 has waiting time 21
[Waiting_time_Solve] Agent 97 has waiting time 24
[Waiting_time_Solve] Agent 98 has waiting time 36
[Waiting_time_Solve] Agent 99 has waiting time 16
[Waiting_time_Solve] Total available waiting time: 2436
[Waiting_time_Solve] Max iterations: 2436
[Waiting_time_Solve] Iteration 0...
[SAT] Start solving CNF: 161 clauses and 43 variables
[SAT] Agent 85 entry time: 4 exit time: 8
[SAT] Agent 54 entry time: 4 exit time: 8
[SAT] Agent 51 entry time: 7 exit time: 8
[SAT] Agent 6 entry time: 4 exit time: 8

[SAT] Start time: 4 End time: 8

[SAT] Solving local zone with SAT iteration 1...
[SAT] Local CNF: 161 clauses 

DEBUG: Adding 161 new clauses to MiniSAT (incremental run)
DEBUG: Clause load summary: input=161, added=161, tautologies_skipped=0, duplicates_skipped=0, unit_clauses=9, empties=0, intra_clause_literals_removed=0, added_but_db_unchanged=11
DEBUG: After adding clauses, solver has 141 clauses and 43 variables
DEBUG: MiniSAT found 43 variables
DEBUG: Assignment size: 43
DEBUG: First few assignment values: 1 0 1 0 1 0 1 0 1 1 

=== DEBUG: cnf_assignment_to_paths ===
Input assignment size: 43

=== END DEBUG ===
[SAT] Found 2 vertex collisions and 0 edge collisions
[SAT] Adding collision clauses and solving again...
[SAT] Solving local zone with SAT iteration 2...
[SAT] Local CNF: 163 clauses 

DEBUG: Adding 2 new clauses to MiniSAT (incremental run)
DEBUG: Clause load summary: input=2, added=2, tautologies_skipped=0, duplicates_skipped=0, unit_clauses=0, empties=0, intra_clause_literals_removed=0, added_but_db_unchanged=0
DEBUG: After adding clauses, solver has 143 clauses and 43 variables
DEBUG: MiniSAT found 43 variables
DEBUG: Assignment size: 43
DEBUG: First few assignment values: 1 0 1 0 0 1 0 1 1 1 

=== DEBUG: cnf_assignment_to_paths ===
Input assignment size: 43

=== END DEBUG ===
[SAT] Found 0 vertex collisions and 0 edge collisions
[SAT] Found collision-free local solution!
[Waiting_time_Solve] Solution found, updating global solution
[LNS] Updating global solution with pseudo-agent local paths...
[Current_Solution] Updating global solution for agent 85
[Current_Solution] Global solution is consistent after updating with local path
[LNS] Successfully updated global solution with pseudo-agent local paths!
[Current_Solution] Updating global solution for agent 54
[Current_Solution] Global solution is consistent after updating with local path
[LNS] Successfully updated global solution with pseudo-agent local paths!
[Current_Solution] Updating global solution for agent 51
[Current_Solution] Global solution is consistent after updating with local path
[LNS] Successfully updated global solution with pseudo-agent local paths!
[Current_Solution] Updating global solution for agent 6
[Current_Solution] Global solution is consistent after updating with local path
[LNS] Successfully updated global solution with pseudo-agent local paths!
[LNS] Updating path map with new local paths...
[LNS] Successfully updated global solution with local paths and pseudo agents!
[Solve_local_zone] Successfully solved local zone
[Solve_local_zone] Final local zone size: 13 (1.26953% of all walkable positions)
[LNS] Successfully solved local zone
[LNS] Analyzing conflicts...
[LNS] Current solution: vertex collisions=97, edge collisions=9
[LNS] Creating conflict buckets...
[LOCAL ZONE] Building diamond bucket for conflict 0
[LOCAL ZONE] Built diamond bucket for conflict 0 with 8 positions, 2 conflicts, 6 - 7 time window
[LNS] Selected most relevant bucket 0 with time window: 6 - 7, 2 conflicts and 8 positions.
[LNS] Solving the best bucket Local Zone...
[Solve_local_zone] Current local zone size: 8 (0.78125% of all walkable positions)
[Solve_local_zone] Local zone time window: [5, 8]
[Current_Solution] Agent 25 used 2 waiting timesteps, 37 remaining
[Waiting_time_Solve] Agent 0 has waiting time 31
[Waiting_time_Solve] Agent 1 has waiting time 21
[Waiting_time_Solve] Agent 2 has waiting time 32
[Waiting_time_Solve] Agent 3 has waiting time 16
[Waiting_time_Solve] Agent 4 has waiting time 10
[Waiting_time_Solve] Agent 5 has waiting time 10
[Waiting_time_Solve] Agent 6 has waiting time 37
[Waiting_time_Solve] Agent 7 has waiting time 16
[Waiting_time_Solve] Agent 8 has waiting time 27
[Waiting_time_Solve] Agent 9 has waiting time 15
[Waiting_time_Solve] Agent 10 has waiting time 32
[Waiting_time_Solve] Agent 11 has waiting time 12
[Waiting_time_Solve] Agent 12 has waiting time 30
[Waiting_time_Solve] Agent 13 has waiting time 34
[Waiting_time_Solve] Agent 14 has waiting time 37
[Waiting_time_Solve] Agent 15 has waiting time 18
[Waiting_time_Solve] Agent 16 has waiting time 5
[Waiting_time_Solve] Agent 17 has waiting time 5
[Waiting_time_Solve] Agent 18 has waiting time 27
[Waiting_time_Solve] Agent 19 has waiting time 11
[Waiting_time_Solve] Agent 20 has waiting time 8
[Waiting_time_Solve] Agent 21 has waiting time 23
[Waiting_time_Solve] Agent 22 has waiting time 16
[Waiting_time_Solve] Agent 23 has waiting time 29
[Waiting_time_Solve] Agent 24 has waiting time 23
[Waiting_time_Solve] Agent 25 has waiting time 37
[Waiting_time_Solve] Agent 26 has waiting time 15
[Waiting_time_Solve] Agent 27 has waiting time 35
[Waiting_time_Solve] Agent 28 has waiting time 39
[Waiting_time_Solve] Agent 29 has waiting time 27
[Waiting_time_Solve] Agent 30 has waiting time 18
[Waiting_time_Solve] Agent 31 has waiting time 29
[Waiting_time_Solve] Agent 32 has waiting time 26
[Waiting_time_Solve] Agent 33 has waiting time 15
[Waiting_time_Solve] Agent 34 has waiting time 20
[Waiting_time_Solve] Agent 35 has waiting time 34
[Waiting_time_Solve] Agent 36 has waiting time 20
[Waiting_time_Solve] Agent 37 has waiting time 25
[Waiting_time_Solve] Agent 38 has waiting time 32
[Waiting_time_Solve] Agent 39 has waiting time 14
[Waiting_time_Solve] Agent 40 has waiting time 25
[Waiting_time_Solve] Agent 41 has waiting time 32
[Waiting_time_Solve] Agent 42 has waiting time 20
[Waiting_time_Solve] Agent 43 has waiting time 34
[Waiting_time_Solve] Agent 44 has waiting time 17
[Waiting_time_Solve] Agent 45 has waiting time 21
[Waiting_time_Solve] Agent 46 has waiting time 31
[Waiting_time_Solve] Agent 47 has waiting time 17
[Waiting_time_Solve] Agent 48 has waiting time 27
[Waiting_time_Solve] Agent 49 has waiting time 35
[Waiting_time_Solve] Agent 50 has waiting time 9
[Waiting_time_Solve] Agent 51 has waiting time 26
[Waiting_time_Solve] Agent 52 has waiting time 0
[Waiting_time_Solve] Agent 53 has waiting time 24
[Waiting_time_Solve] Agent 54 has waiting time 24
[Waiting_time_Solve] Agent 55 has waiting time 25
[Waiting_time_Solve] Agent 56 has waiting time 37
[Waiting_time_Solve] Agent 57 has waiting time 36
[Waiting_time_Solve] Agent 58 has waiting time 37
[Waiting_time_Solve] Agent 59 has waiting time 27
[Waiting_time_Solve] Agent 60 has waiting time 34
[Waiting_time_Solve] Agent 61 has waiting time 3
[Waiting_time_Solve] Agent 62 has waiting time 17
[Waiting_time_Solve] Agent 63 has waiting time 27
[Waiting_time_Solve] Agent 64 has waiting time 24
[Waiting_time_Solve] Agent 65 has waiting time 25
[Waiting_time_Solve] Agent 66 has waiting time 21
[Waiting_time_Solve] Agent 67 has waiting time 36
[Waiting_time_Solve] Agent 68 has waiting time 22
[Waiting_time_Solve] Agent 69 has waiting time 25
[Waiting_time_Solve] Agent 70 has waiting time 31
[Waiting_time_Solve] Agent 71 has waiting time 19
[Waiting_time_Solve] Agent 72 has waiting time 30
[Waiting_time_Solve] Agent 73 has waiting time 40
[Waiting_time_Solve] Agent 74 has waiting time 36
[Waiting_time_Solve] Agent 75 has waiting time 22
[Waiting_time_Solve] Agent 76 has waiting time 28
[Waiting_time_Solve] Agent 77 has waiting time 13
[Waiting_time_Solve] Agent 78 has waiting time 23
[Waiting_time_Solve] Agent 79 has waiting time 22
[Waiting_time_Solve] Agent 80 has waiting time 37
[Waiting_time_Solve] Agent 81 has waiting time 31
[Waiting_time_Solve] Agent 82 has waiting time 20
[Waiting_time_Solve] Agent 83 has waiting time 33
[Waiting_time_Solve] Agent 84 has waiting time 10
[Waiting_time_Solve] Agent 85 has waiting time 35
[Waiting_time_Solve] Agent 86 has waiting time 37
[Waiting_time_Solve] Agent 87 has waiting time 29
[Waiting_time_Solve] Agent 88 has waiting time 10
[Waiting_time_Solve] Agent 89 has waiting time 7
[Waiting_time_Solve] Agent 90 has waiting time 29
[Waiting_time_Solve] Agent 91 has waiting time 23
[Waiting_time_Solve] Agent 92 has waiting time 24
[Waiting_time_Solve] Agent 93 has waiting time 23
[Waiting_time_Solve] Agent 94 has waiting time 35
[Waiting_time_Solve] Agent 95 has waiting time 41
[Waiting_time_Solve] Agent 96 has waiting time 21
[Waiting_time_Solve] Agent 97 has waiting time 24
[Waiting_time_Solve] Agent 98 has waiting time 36
[Waiting_time_Solve] Agent 99 has waiting time 16
[Waiting_time_Solve] Total available waiting time: 2434
[Waiting_time_Solve] Max iterations: 2434
[Waiting_time_Solve] Iteration 0...
[SAT] Start solving CNF: 49 clauses and 21 variables
[SAT] Agent 38 entry time: 5 exit time: 5
[SAT] Agent 25 entry time: 5 exit time: 8
[SAT] Agent 23 entry time: 7 exit time: 7
[SAT] Agent 63 entry time: 5 exit time: 8
[SAT] Agent 11 entry time: 6 exit time: 8

[SAT] Start time: 5 End time: 8

[SAT] Solving local zone with SAT iteration 1...
[SAT] Local CNF: 49 clauses 

DEBUG: Adding 49 new clauses to MiniSAT (incremental run)
DEBUG: Clause load summary: input=49, added=49, tautologies_skipped=0, duplicates_skipped=0, unit_clauses=11, empties=0, intra_clause_literals_removed=0, added_but_db_unchanged=10
DEBUG: After adding clauses, solver has 28 clauses and 21 variables
DEBUG: MiniSAT found 21 variables
DEBUG: Assignment size: 21
DEBUG: First few assignment values: 1 1 0 1 0 0 0 1 0 0 

=== DEBUG: cnf_assignment_to_paths ===
Input assignment size: 21

=== END DEBUG ===
[SAT] Found 3 vertex collisions and 0 edge collisions
[SAT] Adding collision clauses and solving again...
[SAT] Solving local zone with SAT iteration 2...
[SAT] Local CNF: 52 clauses 

DEBUG: Adding 3 new clauses to MiniSAT (incremental run)
[SAT] Local problem appears to be unsatisfiable in current zone
[Waiting_time_Solve] No solution found, trying to apply waiting time:1
[Waiting_time_Solve] Applying waiting time 1 to agent 25 who has waiting time 37
[Current_Solution] Agent 25 used 1 waiting timesteps, 36 remaining
[Waiting_time_Solve] New path is consistent after applying waiting time for agent 25
[Current_Solution] Agent 25 used 1 waiting timesteps, 35 remaining
[Waiting_time_Solve] Applied 1 waiting time  for agent 25 who has waiting time 35
[Waiting_time_Solve] Applying waiting time 1 to agent 63 who has waiting time 27
[Waiting_time_Solve] New path is consistent after applying waiting time for agent 63
[Current_Solution] Agent 63 used 1 waiting timesteps, 26 remaining
[Waiting_time_Solve] Applied 1 waiting time  for agent 63 who has waiting time 26
[Waiting_time_Solve] ALL Waiting time applied
[Waiting_time_Solve] Extended Zone end time from 8 to 9
[Create_Local_Problem] Agent 97 is new in the zone
[Waiting_time_Solve] Iteration 1...
[Waiting_time_Solve] Agent 23 pseudo agents: 100 
[SAT] Start solving CNF: 96 clauses and 35 variables
[SAT] Agent 97 entry time: 9 exit time: 9
[SAT] Agent 100 entry time: 9 exit time: 9
[SAT] Agent 38 entry time: 5 exit time: 5
[SAT] Agent 25 entry time: 5 exit time: 9
[SAT] Agent 23 entry time: 7 exit time: 7
[SAT] Agent 63 entry time: 5 exit time: 9
[SAT] Agent 11 entry time: 6 exit time: 8

[SAT] Start time: 5 End time: 9

[SAT] Solving local zone with SAT iteration 1...
[SAT] Local CNF: 99 clauses 

DEBUG: Adding 99 new clauses to MiniSAT (incremental run)
DEBUG: Clause load summary: input=99, added=99, tautologies_skipped=0, duplicates_skipped=0, unit_clauses=11, empties=0, intra_clause_literals_removed=0, added_but_db_unchanged=12
DEBUG: After adding clauses, solver has 76 clauses and 35 variables
DEBUG: MiniSAT found 35 variables
DEBUG: Assignment size: 35
DEBUG: First few assignment values: 1 1 1 1 0 0 0 1 0 0 

=== DEBUG: cnf_assignment_to_paths ===
Input assignment size: 35

=== END DEBUG ===
[SAT] Found 2 vertex collisions and 0 edge collisions
[SAT] Adding collision clauses and solving again...
[SAT] Solving local zone with SAT iteration 2...
[SAT] Local CNF: 101 clauses 

DEBUG: Adding 2 new clauses to MiniSAT (incremental run)
[SAT] Local problem appears to be unsatisfiable in current zone
[Waiting_time_Solve] No solution found, trying to apply waiting time:2
[Waiting_time_Solve] Applying waiting time 2 to agent 25 who has waiting time 35
[Current_Solution] Agent 25 used 1 waiting timesteps, 34 remaining
[Waiting_time_Solve] New path is consistent after applying waiting time for agent 25
[Current_Solution] Agent 25 used 2 waiting timesteps, 32 remaining
[Waiting_time_Solve] Applied 2 waiting time  for agent 25 who has waiting time 32
[Waiting_time_Solve] Applying waiting time 2 to agent 23 who has waiting time 29
[Waiting_time_Solve] New path is consistent after applying waiting time for agent 23
[Current_Solution] Agent 23 used 2 waiting timesteps, 27 remaining
[Waiting_time_Solve] Applied 2 waiting time  for agent 23 who has waiting time 27
[Waiting_time_Solve] ALL Waiting time applied
[Waiting_time_Solve] Extended Zone end time from 9 to 11
[Waiting_time_Solve] Iteration 2...
[Waiting_time_Solve] Agent 23 pseudo agents: 100 
[SAT] Start solving CNF: 181 clauses and 56 variables
[SAT] Agent 97 entry time: 9 exit time: 10
[SAT] Agent 100 entry time: 9 exit time: 11
[SAT] Agent 38 entry time: 5 exit time: 5
[SAT] Agent 25 entry time: 5 exit time: 11
[SAT] Agent 23 entry time: 7 exit time: 7
[SAT] Agent 63 entry time: 5 exit time: 9
[SAT] Agent 11 entry time: 6 exit time: 8

[SAT] Start time: 5 End time: 11

[SAT] Solving local zone with SAT iteration 1...
[SAT] Local CNF: 186 clauses 

DEBUG: Adding 186 new clauses to MiniSAT (incremental run)
[SAT] Local problem appears to be unsatisfiable in current zone
[Waiting_time_Solve] No solution found, trying to apply waiting time:3
[Waiting_time_Solve] No waiting time applied
[Waiting_time_Solve] No solution found
[Waiting_time_Solve] Restoring original paths
[Waiting_time_Solve] Restoring waiting times
[Current_Solution] Restored waiting times from backup
[Current_Solution] Restored paths from backup
[Solve_local_zone] Zone with expansion factor 0failed
[Solve_local_zone] Expanding zone with offset 2 (original: 1)
[LOCAL ZONE] Found newly touched conflict 4 at position (11,15)
[Solve_local_zone] Final expanded zone contains 23 positions with 3 conflicts 
[Solve_local_zone] New time window: [4, 10]
[Solve_local_zone] Current local zone size: 23 (2.24609% of all walkable positions)
[Solve_local_zone] Local zone time window: [4, 10]
[Current_Solution] Agent 25 used 4 waiting timesteps, 35 remaining
[Waiting_time_Solve] Agent 0 has waiting time 31
[Waiting_time_Solve] Agent 1 has waiting time 21
[Waiting_time_Solve] Agent 2 has waiting time 32
[Waiting_time_Solve] Agent 3 has waiting time 16
[Waiting_time_Solve] Agent 4 has waiting time 10
[Waiting_time_Solve] Agent 5 has waiting time 10
[Waiting_time_Solve] Agent 6 has waiting time 37
[Waiting_time_Solve] Agent 7 has waiting time 16
[Waiting_time_Solve] Agent 8 has waiting time 27
[Waiting_time_Solve] Agent 9 has waiting time 15
[Waiting_time_Solve] Agent 10 has waiting time 32
[Waiting_time_Solve] Agent 11 has waiting time 12
[Waiting_time_Solve] Agent 12 has waiting time 30
[Waiting_time_Solve] Agent 13 has waiting time 34
[Waiting_time_Solve] Agent 14 has waiting time 37
[Waiting_time_Solve] Agent 15 has waiting time 18
[Waiting_time_Solve] Agent 16 has waiting time 5
[Waiting_time_Solve] Agent 17 has waiting time 5
[Waiting_time_Solve] Agent 18 has waiting time 27
[Waiting_time_Solve] Agent 19 has waiting time 11
[Waiting_time_Solve] Agent 20 has waiting time 8
[Waiting_time_Solve] Agent 21 has waiting time 23
[Waiting_time_Solve] Agent 22 has waiting time 16
[Waiting_time_Solve] Agent 23 has waiting time 29
[Waiting_time_Solve] Agent 24 has waiting time 23
[Waiting_time_Solve] Agent 25 has waiting time 35
[Waiting_time_Solve] Agent 26 has waiting time 15
[Waiting_time_Solve] Agent 27 has waiting time 35
[Waiting_time_Solve] Agent 28 has waiting time 39
[Waiting_time_Solve] Agent 29 has waiting time 27
[Waiting_time_Solve] Agent 30 has waiting time 18
[Waiting_time_Solve] Agent 31 has waiting time 29
[Waiting_time_Solve] Agent 32 has waiting time 26
[Waiting_time_Solve] Agent 33 has waiting time 15
[Waiting_time_Solve] Agent 34 has waiting time 20
[Waiting_time_Solve] Agent 35 has waiting time 34
[Waiting_time_Solve] Agent 36 has waiting time 20
[Waiting_time_Solve] Agent 37 has waiting time 25
[Waiting_time_Solve] Agent 38 has waiting time 32
[Waiting_time_Solve] Agent 39 has waiting time 14
[Waiting_time_Solve] Agent 40 has waiting time 25
[Waiting_time_Solve] Agent 41 has waiting time 32
[Waiting_time_Solve] Agent 42 has waiting time 20
[Waiting_time_Solve] Agent 43 has waiting time 34
[Waiting_time_Solve] Agent 44 has waiting time 17
[Waiting_time_Solve] Agent 45 has waiting time 21
[Waiting_time_Solve] Agent 46 has waiting time 31
[Waiting_time_Solve] Agent 47 has waiting time 17
[Waiting_time_Solve] Agent 48 has waiting time 27
[Waiting_time_Solve] Agent 49 has waiting time 35
[Waiting_time_Solve] Agent 50 has waiting time 9
[Waiting_time_Solve] Agent 51 has waiting time 26
[Waiting_time_Solve] Agent 52 has waiting time 0
[Waiting_time_Solve] Agent 53 has waiting time 24
[Waiting_time_Solve] Agent 54 has waiting time 24
[Waiting_time_Solve] Agent 55 has waiting time 25
[Waiting_time_Solve] Agent 56 has waiting time 37
[Waiting_time_Solve] Agent 57 has waiting time 36
[Waiting_time_Solve] Agent 58 has waiting time 37
[Waiting_time_Solve] Agent 59 has waiting time 27
[Waiting_time_Solve] Agent 60 has waiting time 34
[Waiting_time_Solve] Agent 61 has waiting time 3
[Waiting_time_Solve] Agent 62 has waiting time 17
[Waiting_time_Solve] Agent 63 has waiting time 27
[Waiting_time_Solve] Agent 64 has waiting time 24
[Waiting_time_Solve] Agent 65 has waiting time 25
[Waiting_time_Solve] Agent 66 has waiting time 21
[Waiting_time_Solve] Agent 67 has waiting time 36
[Waiting_time_Solve] Agent 68 has waiting time 22
[Waiting_time_Solve] Agent 69 has waiting time 25
[Waiting_time_Solve] Agent 70 has waiting time 31
[Waiting_time_Solve] Agent 71 has waiting time 19
[Waiting_time_Solve] Agent 72 has waiting time 30
[Waiting_time_Solve] Agent 73 has waiting time 40
[Waiting_time_Solve] Agent 74 has waiting time 36
[Waiting_time_Solve] Agent 75 has waiting time 22
[Waiting_time_Solve] Agent 76 has waiting time 28
[Waiting_time_Solve] Agent 77 has waiting time 13
[Waiting_time_Solve] Agent 78 has waiting time 23
[Waiting_time_Solve] Agent 79 has waiting time 22
[Waiting_time_Solve] Agent 80 has waiting time 37
[Waiting_time_Solve] Agent 81 has waiting time 31
[Waiting_time_Solve] Agent 82 has waiting time 20
[Waiting_time_Solve] Agent 83 has waiting time 33
[Waiting_time_Solve] Agent 84 has waiting time 10
[Waiting_time_Solve] Agent 85 has waiting time 35
[Waiting_time_Solve] Agent 86 has waiting time 37
[Waiting_time_Solve] Agent 87 has waiting time 29
[Waiting_time_Solve] Agent 88 has waiting time 10
[Waiting_time_Solve] Agent 89 has waiting time 7
[Waiting_time_Solve] Agent 90 has waiting time 29
[Waiting_time_Solve] Agent 91 has waiting time 23
[Waiting_time_Solve] Agent 92 has waiting time 24
[Waiting_time_Solve] Agent 93 has waiting time 23
[Waiting_time_Solve] Agent 94 has waiting time 35
[Waiting_time_Solve] Agent 95 has waiting time 41
[Waiting_time_Solve] Agent 96 has waiting time 21
[Waiting_time_Solve] Agent 97 has waiting time 24
[Waiting_time_Solve] Agent 98 has waiting time 36
[Waiting_time_Solve] Agent 99 has waiting time 16
[Waiting_time_Solve] Total available waiting time: 2432
[Waiting_time_Solve] Max iterations: 2432
[Waiting_time_Solve] Iteration 0...
[SAT] Start solving CNF: 369 clauses and 97 variables
[SAT] Agent 97 entry time: 6 exit time: 10
[SAT] Agent 41 entry time: 4 exit time: 5
[SAT] Agent 38 entry time: 4 exit time: 6
[SAT] Agent 25 entry time: 4 exit time: 10
[SAT] Agent 88 entry time: 10 exit time: 10
[SAT] Agent 23 entry time: 6 exit time: 10
[SAT] Agent 63 entry time: 4 exit time: 10
[SAT] Agent 24 entry time: 7 exit time: 7
[SAT] Agent 11 entry time: 4 exit time: 10

[SAT] Start time: 4 End time: 10

[SAT] Solving local zone with SAT iteration 1...
[SAT] Local CNF: 369 clauses 

DEBUG: Adding 369 new clauses to MiniSAT (incremental run)
DEBUG: Clause load summary: input=369, added=369, tautologies_skipped=0, duplicates_skipped=0, unit_clauses=19, empties=0, intra_clause_literals_removed=0, added_but_db_unchanged=18
DEBUG: After adding clauses, solver has 332 clauses and 97 variables
DEBUG: MiniSAT found 97 variables
DEBUG: Assignment size: 97
DEBUG: First few assignment values: 1 1 1 1 1 1 1 1 0 1 

=== DEBUG: cnf_assignment_to_paths ===
Input assignment size: 97

=== END DEBUG ===
[SAT] Found 2 vertex collisions and 3 edge collisions
[SAT] Adding collision clauses and solving again...
[SAT] Solving local zone with SAT iteration 2...
[SAT] Local CNF: 374 clauses 

DEBUG: Adding 5 new clauses to MiniSAT (incremental run)
DEBUG: Clause load summary: input=5, added=5, tautologies_skipped=0, duplicates_skipped=0, unit_clauses=0, empties=0, intra_clause_literals_removed=0, added_but_db_unchanged=2
DEBUG: After adding clauses, solver has 335 clauses and 97 variables
DEBUG: MiniSAT found 97 variables
DEBUG: Assignment size: 97
DEBUG: First few assignment values: 1 1 1 1 1 1 1 1 0 1 

=== DEBUG: cnf_assignment_to_paths ===
Input assignment size: 97

=== END DEBUG ===
[SAT] Found 3 vertex collisions and 1 edge collisions
[SAT] Adding collision clauses and solving again...
[SAT] Solving local zone with SAT iteration 3...
[SAT] Local CNF: 378 clauses 

DEBUG: Adding 4 new clauses to MiniSAT (incremental run)
[SAT] Previous assignment invalidated by new clauses, reset solver and retrying without assumptions...
DEBUG: Adding 378 new clauses to MiniSAT (incremental run)
[SAT] Local problem appears to be unsatisfiable in current zone
[Waiting_time_Solve] No solution found, trying to apply waiting time:1
[Waiting_time_Solve] Applying waiting time 1 to agent 25 who has waiting time 35
[Current_Solution] Agent 25 used 1 waiting timesteps, 34 remaining
[Waiting_time_Solve] New path is consistent after applying waiting time for agent 25
[Current_Solution] Agent 25 used 1 waiting timesteps, 33 remaining
[Waiting_time_Solve] Applied 1 waiting time  for agent 25 who has waiting time 33
[Waiting_time_Solve] Applying waiting time 1 to agent 63 who has waiting time 27
[Waiting_time_Solve] New path is consistent after applying waiting time for agent 63
[Current_Solution] Agent 63 used 1 waiting timesteps, 26 remaining
[Waiting_time_Solve] Applied 1 waiting time  for agent 63 who has waiting time 26
[Waiting_time_Solve] Applying waiting time 1 to agent 23 who has waiting time 29
[Waiting_time_Solve] New path is consistent after applying waiting time for agent 23
[Current_Solution] Agent 23 used 1 waiting timesteps, 28 remaining
[Waiting_time_Solve] Applied 1 waiting time  for agent 23 who has waiting time 28
[Waiting_time_Solve] ALL Waiting time applied
[Waiting_time_Solve] Extended Zone end time from 10 to 11
[Waiting_time_Solve] Iteration 1...
[Waiting_time_Solve] Agent 24 pseudo agents: 100 
[SAT] Start solving CNF: 650 clauses and 141 variables
[SAT] Agent 100 entry time: 11 exit time: 11
[SAT] Agent 97 entry time: 6 exit time: 11
[SAT] Agent 41 entry time: 4 exit time: 5
[SAT] Agent 38 entry time: 4 exit time: 6
[SAT] Agent 25 entry time: 4 exit time: 11
[SAT] Agent 88 entry time: 10 exit time: 10
[SAT] Agent 23 entry time: 6 exit time: 11
[SAT] Agent 63 entry time: 4 exit time: 11
[SAT] Agent 24 entry time: 7 exit time: 7
[SAT] Agent 11 entry time: 4 exit time: 10

[SAT] Start time: 4 End time: 11

[SAT] Solving local zone with SAT iteration 1...
[SAT] Local CNF: 659 clauses 

DEBUG: Adding 659 new clauses to MiniSAT (incremental run)
DEBUG: Clause load summary: input=659, added=659, tautologies_skipped=0, duplicates_skipped=0, unit_clauses=21, empties=0, intra_clause_literals_removed=0, added_but_db_unchanged=24
DEBUG: After adding clauses, solver has 614 clauses and 141 variables
DEBUG: MiniSAT found 141 variables
DEBUG: Assignment size: 141
DEBUG: First few assignment values: 1 1 1 1 1 1 1 1 1 1 

=== DEBUG: cnf_assignment_to_paths ===
Input assignment size: 141

=== END DEBUG ===
[SAT] Found 4 vertex collisions and 0 edge collisions
[SAT] Adding collision clauses and solving again...
[SAT] Solving local zone with SAT iteration 2...
[SAT] Local CNF: 663 clauses 

DEBUG: Adding 4 new clauses to MiniSAT (incremental run)
DEBUG: Clause load summary: input=4, added=4, tautologies_skipped=0, duplicates_skipped=0, unit_clauses=0, empties=0, intra_clause_literals_removed=0, added_but_db_unchanged=0
DEBUG: After adding clauses, solver has 610 clauses and 141 variables
DEBUG: MiniSAT found 141 variables
DEBUG: Assignment size: 141
DEBUG: First few assignment values: 1 1 1 1 1 1 1 1 1 1 

=== DEBUG: cnf_assignment_to_paths ===
Input assignment size: 141

=== END DEBUG ===
[SAT] Found 1 vertex collisions and 0 edge collisions
[SAT] Adding collision clauses and solving again...
[SAT] Solving local zone with SAT iteration 3...
[SAT] Local CNF: 664 clauses 

DEBUG: Adding 1 new clauses to MiniSAT (incremental run)
DEBUG: Clause load summary: input=1, added=1, tautologies_skipped=0, duplicates_skipped=0, unit_clauses=0, empties=0, intra_clause_literals_removed=0, added_but_db_unchanged=0
DEBUG: After adding clauses, solver has 611 clauses and 141 variables
DEBUG: MiniSAT found 141 variables
DEBUG: Assignment size: 141
DEBUG: First few assignment values: 1 1 1 1 1 1 1 1 1 1 

=== DEBUG: cnf_assignment_to_paths ===
Input assignment size: 141

=== END DEBUG ===
[SAT] Found 0 vertex collisions and 0 edge collisions
[SAT] Found collision-free local solution!
[Waiting_time_Solve] Solution found, updating global solution
[LNS] Updating global solution with pseudo-agent local paths...
[Current_Solution] Updating global solution for agent 97
[Current_Solution] INFO: Segment 97 exit adjusted from 10 to 11 due to waiting time
[Current_Solution] Segment 97 lengthened by 1 timesteps; shifting suffix
[Current_Solution] Global solution is consistent before shifting suffix
[Current_Solution] Global solution is consistent after shifting suffix
[Current_Solution] Global solution is consistent after updating with local path
[LNS] Successfully updated global solution with pseudo-agent local paths!
[Current_Solution] Updating global solution for agent 41
[Current_Solution] Global solution is consistent after updating with local path
[LNS] Successfully updated global solution with pseudo-agent local paths!
[Current_Solution] Updating global solution for agent 38
[Current_Solution] Global solution is consistent after updating with local path
[LNS] Successfully updated global solution with pseudo-agent local paths!
[Current_Solution] Updating global solution for agent 25
[Current_Solution] INFO: Segment 25 exit adjusted from 10 to 11 due to waiting time
[Current_Solution] Segment 25 lengthened by 1 timesteps; shifting suffix
[Current_Solution] Global solution is consistent before shifting suffix
[Current_Solution] Global solution is consistent after shifting suffix
[Current_Solution] Global solution is consistent after updating with local path
[LNS] Successfully updated global solution with pseudo-agent local paths!
[Current_Solution] Updating global solution for agent 88
[Current_Solution] Global solution is consistent after updating with local path
[LNS] Successfully updated global solution with pseudo-agent local paths!
[Current_Solution] Updating global solution for agent 23
[Current_Solution] INFO: Segment 23 exit adjusted from 10 to 11 due to waiting time
[Current_Solution] Segment 23 lengthened by 1 timesteps; shifting suffix
[Current_Solution] Global solution is consistent before shifting suffix
[Current_Solution] Global solution is consistent after shifting suffix
[Current_Solution] Global solution is consistent after updating with local path
[LNS] Successfully updated global solution with pseudo-agent local paths!
[Current_Solution] Updating global solution for agent 63
[Current_Solution] INFO: Segment 63 exit adjusted from 10 to 11 due to waiting time
[Current_Solution] Segment 63 lengthened by 1 timesteps; shifting suffix
[Current_Solution] Global solution is consistent before shifting suffix
[Current_Solution] Global solution is consistent after shifting suffix
[Current_Solution] Global solution is consistent after updating with local path
[LNS] Successfully updated global solution with pseudo-agent local paths!
[Current_Solution] Updating global solution for agent 24
[Current_Solution] Global solution is consistent after updating with local path
[Current_Solution] Global solution is consistent after updating with local path
[LNS] Successfully updated global solution with pseudo-agent local paths!
[Current_Solution] Updating global solution for agent 11
[Current_Solution] Global solution is consistent after updating with local path
[LNS] Successfully updated global solution with pseudo-agent local paths!
[LNS] Updating path map with new local paths...
[LNS] Successfully updated global solution with local paths and pseudo agents!
[Solve_local_zone] Successfully solved local zone
[Solve_local_zone] Final local zone size: 23 (2.24609% of all walkable positions)
[LNS] Successfully solved local zone
[LNS] Analyzing conflicts...
[LNS] Current solution: vertex collisions=94, edge collisions=9
[LNS] Creating conflict buckets...
[LOCAL ZONE] Building diamond bucket for conflict 0
[LOCAL ZONE] Built diamond bucket for conflict 0 with 5 positions, 1 conflicts, 7 - 7 time window
[LNS] Selected most relevant bucket 0 with time window: 7 - 7, 1 conflicts and 5 positions.
[LNS] Solving the best bucket Local Zone...
[Solve_local_zone] Current local zone size: 5 (0.488281% of all walkable positions)
[Solve_local_zone] Local zone time window: [6, 8]
[Waiting_time_Solve] Agent 0 has waiting time 31
[Waiting_time_Solve] Agent 1 has waiting time 21
[Waiting_time_Solve] Agent 2 has waiting time 32
[Waiting_time_Solve] Agent 3 has waiting time 16
[Waiting_time_Solve] Agent 4 has waiting time 10
[Waiting_time_Solve] Agent 5 has waiting time 10
[Waiting_time_Solve] Agent 6 has waiting time 37
[Waiting_time_Solve] Agent 7 has waiting time 16
[Waiting_time_Solve] Agent 8 has waiting time 27
[Waiting_time_Solve] Agent 9 has waiting time 15
[Waiting_time_Solve] Agent 10 has waiting time 32
[Waiting_time_Solve] Agent 11 has waiting time 12
[Waiting_time_Solve] Agent 12 has waiting time 30
[Waiting_time_Solve] Agent 13 has waiting time 34
[Waiting_time_Solve] Agent 14 has waiting time 37
[Waiting_time_Solve] Agent 15 has waiting time 18
[Waiting_time_Solve] Agent 16 has waiting time 5
[Waiting_time_Solve] Agent 17 has waiting time 5
[Waiting_time_Solve] Agent 18 has waiting time 27
[Waiting_time_Solve] Agent 19 has waiting time 11
[Waiting_time_Solve] Agent 20 has waiting time 8
[Waiting_time_Solve] Agent 21 has waiting time 23
[Waiting_time_Solve] Agent 22 has waiting time 16
[Waiting_time_Solve] Agent 23 has waiting time 28
[Waiting_time_Solve] Agent 24 has waiting time 23
[Waiting_time_Solve] Agent 25 has waiting time 33
[Waiting_time_Solve] Agent 26 has waiting time 15
[Waiting_time_Solve] Agent 27 has waiting time 35
[Waiting_time_Solve] Agent 28 has waiting time 39
[Waiting_time_Solve] Agent 29 has waiting time 27
[Waiting_time_Solve] Agent 30 has waiting time 18
[Waiting_time_Solve] Agent 31 has waiting time 29
[Waiting_time_Solve] Agent 32 has waiting time 26
[Waiting_time_Solve] Agent 33 has waiting time 15
[Waiting_time_Solve] Agent 34 has waiting time 20
[Waiting_time_Solve] Agent 35 has waiting time 34
[Waiting_time_Solve] Agent 36 has waiting time 20
[Waiting_time_Solve] Agent 37 has waiting time 25
[Waiting_time_Solve] Agent 38 has waiting time 32
[Waiting_time_Solve] Agent 39 has waiting time 14
[Waiting_time_Solve] Agent 40 has waiting time 25
[Waiting_time_Solve] Agent 41 has waiting time 32
[Waiting_time_Solve] Agent 42 has waiting time 20
[Waiting_time_Solve] Agent 43 has waiting time 34
[Waiting_time_Solve] Agent 44 has waiting time 17
[Waiting_time_Solve] Agent 45 has waiting time 21
[Waiting_time_Solve] Agent 46 has waiting time 31
[Waiting_time_Solve] Agent 47 has waiting time 17
[Waiting_time_Solve] Agent 48 has waiting time 27
[Waiting_time_Solve] Agent 49 has waiting time 35
[Waiting_time_Solve] Agent 50 has waiting time 9
[Waiting_time_Solve] Agent 51 has waiting time 26
[Waiting_time_Solve] Agent 52 has waiting time 0
[Waiting_time_Solve] Agent 53 has waiting time 24
[Waiting_time_Solve] Agent 54 has waiting time 24
[Waiting_time_Solve] Agent 55 has waiting time 25
[Waiting_time_Solve] Agent 56 has waiting time 37
[Waiting_time_Solve] Agent 57 has waiting time 36
[Waiting_time_Solve] Agent 58 has waiting time 37
[Waiting_time_Solve] Agent 59 has waiting time 27
[Waiting_time_Solve] Agent 60 has waiting time 34
[Waiting_time_Solve] Agent 61 has waiting time 3
[Waiting_time_Solve] Agent 62 has waiting time 17
[Waiting_time_Solve] Agent 63 has waiting time 26
[Waiting_time_Solve] Agent 64 has waiting time 24
[Waiting_time_Solve] Agent 65 has waiting time 25
[Waiting_time_Solve] Agent 66 has waiting time 21
[Waiting_time_Solve] Agent 67 has waiting time 36
[Waiting_time_Solve] Agent 68 has waiting time 22
[Waiting_time_Solve] Agent 69 has waiting time 25
[Waiting_time_Solve] Agent 70 has waiting time 31
[Waiting_time_Solve] Agent 71 has waiting time 19
[Waiting_time_Solve] Agent 72 has waiting time 30
[Waiting_time_Solve] Agent 73 has waiting time 40
[Waiting_time_Solve] Agent 74 has waiting time 36
[Waiting_time_Solve] Agent 75 has waiting time 22
[Waiting_time_Solve] Agent 76 has waiting time 28
[Waiting_time_Solve] Agent 77 has waiting time 13
[Waiting_time_Solve] Agent 78 has waiting time 23
[Waiting_time_Solve] Agent 79 has waiting time 22
[Waiting_time_Solve] Agent 80 has waiting time 37
[Waiting_time_Solve] Agent 81 has waiting time 31
[Waiting_time_Solve] Agent 82 has waiting time 20
[Waiting_time_Solve] Agent 83 has waiting time 33
[Waiting_time_Solve] Agent 84 has waiting time 10
[Waiting_time_Solve] Agent 85 has waiting time 35
[Waiting_time_Solve] Agent 86 has waiting time 37
[Waiting_time_Solve] Agent 87 has waiting time 29
[Waiting_time_Solve] Agent 88 has waiting time 10
[Waiting_time_Solve] Agent 89 has waiting time 7
[Waiting_time_Solve] Agent 90 has waiting time 29
[Waiting_time_Solve] Agent 91 has waiting time 23
[Waiting_time_Solve] Agent 92 has waiting time 24
[Waiting_time_Solve] Agent 93 has waiting time 23
[Waiting_time_Solve] Agent 94 has waiting time 35
[Waiting_time_Solve] Agent 95 has waiting time 41
[Waiting_time_Solve] Agent 96 has waiting time 21
[Waiting_time_Solve] Agent 97 has waiting time 24
[Waiting_time_Solve] Agent 98 has waiting time 36
[Waiting_time_Solve] Agent 99 has waiting time 16
[Waiting_time_Solve] Total available waiting time: 2428
[Waiting_time_Solve] Max iterations: 2428
[Waiting_time_Solve] Iteration 0...
[SAT] Start solving CNF: 10 clauses and 6 variables
[SAT] Agent 58 entry time: 6 exit time: 8
[SAT] Agent 46 entry time: 6 exit time: 8

[SAT] Start time: 6 End time: 8

[SAT] Solving local zone with SAT iteration 1...
[SAT] Local CNF: 10 clauses 

DEBUG: Adding 10 new clauses to MiniSAT (incremental run)
DEBUG: Clause load summary: input=10, added=10, tautologies_skipped=0, duplicates_skipped=0, unit_clauses=6, empties=0, intra_clause_literals_removed=0, added_but_db_unchanged=4
DEBUG: After adding clauses, solver has 0 clauses and 6 variables
DEBUG: MiniSAT found 6 variables
DEBUG: Assignment size: 6
DEBUG: First few assignment values: 1 1 1 1 1 1 

=== DEBUG: cnf_assignment_to_paths ===
Input assignment size: 6

=== END DEBUG ===
[SAT] Found 1 vertex collisions and 0 edge collisions
[SAT] Adding collision clauses and solving again...
[SAT] Solving local zone with SAT iteration 2...
[SAT] Local CNF: 11 clauses 

DEBUG: Adding 1 new clauses to MiniSAT (incremental run)
[SAT] Local problem appears to be unsatisfiable in current zone
[Waiting_time_Solve] No solution found, trying to apply waiting time:1
[Waiting_time_Solve] Applying waiting time 1 to agent 58 who has waiting time 37
[Current_Solution] Agent 58 used 1 waiting timesteps, 36 remaining
[Waiting_time_Solve] New path is consistent after applying waiting time for agent 58
[Current_Solution] Agent 58 used 1 waiting timesteps, 35 remaining
[Waiting_time_Solve] Applied 1 waiting time  for agent 58 who has waiting time 35
[Waiting_time_Solve] ALL Waiting time applied
[Waiting_time_Solve] Extended Zone end time from 8 to 9
[Waiting_time_Solve] Iteration 1...
[SAT] Start solving CNF: 16 clauses and 9 variables
[SAT] Agent 58 entry time: 6 exit time: 9
[SAT] Agent 46 entry time: 6 exit time: 8

[SAT] Start time: 6 End time: 9

[SAT] Solving local zone with SAT iteration 1...
[SAT] Local CNF: 17 clauses 

DEBUG: Adding 17 new clauses to MiniSAT (incremental run)
DEBUG: Clause load summary: input=17, added=17, tautologies_skipped=0, duplicates_skipped=0, unit_clauses=5, empties=0, intra_clause_literals_removed=0, added_but_db_unchanged=5
DEBUG: After adding clauses, solver has 7 clauses and 9 variables
DEBUG: MiniSAT found 9 variables
DEBUG: Assignment size: 9
DEBUG: First few assignment values: 1 0 1 0 1 1 1 1 1 

=== DEBUG: cnf_assignment_to_paths ===
Input assignment size: 9

=== END DEBUG ===
[SAT] Found 0 vertex collisions and 1 edge collisions
[SAT] Adding collision clauses and solving again...
[SAT] Solving local zone with SAT iteration 2...
[SAT] Local CNF: 18 clauses 

DEBUG: Adding 1 new clauses to MiniSAT (incremental run)
[SAT] Local problem appears to be unsatisfiable in current zone
[Waiting_time_Solve] No solution found, trying to apply waiting time:2
[Waiting_time_Solve] Applying waiting time 2 to agent 58 who has waiting time 35
[Current_Solution] Agent 58 used 1 waiting timesteps, 34 remaining
[Waiting_time_Solve] New path is consistent after applying waiting time for agent 58
[Current_Solution] Agent 58 used 2 waiting timesteps, 32 remaining
[Waiting_time_Solve] Applied 2 waiting time  for agent 58 who has waiting time 32
[Waiting_time_Solve] ALL Waiting time applied
[Waiting_time_Solve] Extended Zone end time from 9 to 11
[Waiting_time_Solve] Iteration 2...
[SAT] Start solving CNF: 48 clauses and 19 variables
[SAT] Agent 58 entry time: 6 exit time: 11
[SAT] Agent 46 entry time: 6 exit time: 8

[SAT] Start time: 6 End time: 11

[SAT] Solving local zone with SAT iteration 1...
[SAT] Local CNF: 50 clauses 

DEBUG: Adding 50 new clauses to MiniSAT (incremental run)
DEBUG: Clause load summary: input=50, added=50, tautologies_skipped=0, duplicates_skipped=0, unit_clauses=5, empties=0, intra_clause_literals_removed=0, added_but_db_unchanged=6
DEBUG: After adding clauses, solver has 39 clauses and 19 variables
DEBUG: MiniSAT found 19 variables
DEBUG: Assignment size: 19
DEBUG: First few assignment values: 1 0 1 1 0 0 0 0 0 1 

=== DEBUG: cnf_assignment_to_paths ===
Input assignment size: 19

=== END DEBUG ===
[SAT] Found 1 vertex collisions and 0 edge collisions
[SAT] Adding collision clauses and solving again...
[SAT] Solving local zone with SAT iteration 2...
[SAT] Local CNF: 51 clauses 

DEBUG: Adding 1 new clauses to MiniSAT (incremental run)
[SAT] Local problem appears to be unsatisfiable in current zone
[Waiting_time_Solve] No solution found, trying to apply waiting time:3
[Waiting_time_Solve] Applying waiting time 3 to agent 58 who has waiting time 32
[Current_Solution] Agent 58 used 1 waiting timesteps, 31 remaining
[Waiting_time_Solve] New path is consistent after applying waiting time for agent 58
[Current_Solution] Agent 58 used 3 waiting timesteps, 28 remaining
[Waiting_time_Solve] Applied 3 waiting time  for agent 58 who has waiting time 28
[Waiting_time_Solve] ALL Waiting time applied
[Waiting_time_Solve] Extended Zone end time from 11 to 14
[Waiting_time_Solve] Iteration 3...
[SAT] Start solving CNF: 96 clauses and 34 variables
[SAT] Agent 58 entry time: 6 exit time: 14
[SAT] Agent 46 entry time: 6 exit time: 8

[SAT] Start time: 6 End time: 14

[SAT] Solving local zone with SAT iteration 1...
[SAT] Local CNF: 99 clauses 

DEBUG: Adding 99 new clauses to MiniSAT (incremental run)
[SAT] Local problem appears to be unsatisfiable in current zone
[Waiting_time_Solve] No solution found, trying to apply waiting time:4
[Waiting_time_Solve] No waiting time applied
[Waiting_time_Solve] No solution found
[Waiting_time_Solve] Restoring original paths
[Waiting_time_Solve] Restoring waiting times
[Current_Solution] Restored waiting times from backup
[Current_Solution] Restored paths from backup
[Solve_local_zone] Zone with expansion factor 0failed
[Solve_local_zone] Expanding zone with offset 2 (original: 1)
[Solve_local_zone] Final expanded zone contains 12 positions with 1 conflicts 
[Solve_local_zone] New time window: [5, 9]
[Solve_local_zone] Current local zone size: 12 (1.17188% of all walkable positions)
[Solve_local_zone] Local zone time window: [5, 9]
[Current_Solution] Agent 58 used 1 waiting timesteps, 36 remaining
[Waiting_time_Solve] Agent 0 has waiting time 31
[Waiting_time_Solve] Agent 1 has waiting time 21
[Waiting_time_Solve] Agent 2 has waiting time 32
[Waiting_time_Solve] Agent 3 has waiting time 16
[Waiting_time_Solve] Agent 4 has waiting time 10
[Waiting_time_Solve] Agent 5 has waiting time 10
[Waiting_time_Solve] Agent 6 has waiting time 37
[Waiting_time_Solve] Agent 7 has waiting time 16
[Waiting_time_Solve] Agent 8 has waiting time 27
[Waiting_time_Solve] Agent 9 has waiting time 15
[Waiting_time_Solve] Agent 10 has waiting time 32
[Waiting_time_Solve] Agent 11 has waiting time 12
[Waiting_time_Solve] Agent 12 has waiting time 30
[Waiting_time_Solve] Agent 13 has waiting time 34
[Waiting_time_Solve] Agent 14 has waiting time 37
[Waiting_time_Solve] Agent 15 has waiting time 18
[Waiting_time_Solve] Agent 16 has waiting time 5
[Waiting_time_Solve] Agent 17 has waiting time 5
[Waiting_time_Solve] Agent 18 has waiting time 27
[Waiting_time_Solve] Agent 19 has waiting time 11
[Waiting_time_Solve] Agent 20 has waiting time 8
[Waiting_time_Solve] Agent 21 has waiting time 23
[Waiting_time_Solve] Agent 22 has waiting time 16
[Waiting_time_Solve] Agent 23 has waiting time 28
[Waiting_time_Solve] Agent 24 has waiting time 23
[Waiting_time_Solve] Agent 25 has waiting time 33
[Waiting_time_Solve] Agent 26 has waiting time 15
[Waiting_time_Solve] Agent 27 has waiting time 35
[Waiting_time_Solve] Agent 28 has waiting time 39
[Waiting_time_Solve] Agent 29 has waiting time 27
[Waiting_time_Solve] Agent 30 has waiting time 18
[Waiting_time_Solve] Agent 31 has waiting time 29
[Waiting_time_Solve] Agent 32 has waiting time 26
[Waiting_time_Solve] Agent 33 has waiting time 15
[Waiting_time_Solve] Agent 34 has waiting time 20
[Waiting_time_Solve] Agent 35 has waiting time 34
[Waiting_time_Solve] Agent 36 has waiting time 20
[Waiting_time_Solve] Agent 37 has waiting time 25
[Waiting_time_Solve] Agent 38 has waiting time 32
[Waiting_time_Solve] Agent 39 has waiting time 14
[Waiting_time_Solve] Agent 40 has waiting time 25
[Waiting_time_Solve] Agent 41 has waiting time 32
[Waiting_time_Solve] Agent 42 has waiting time 20
[Waiting_time_Solve] Agent 43 has waiting time 34
[Waiting_time_Solve] Agent 44 has waiting time 17
[Waiting_time_Solve] Agent 45 has waiting time 21
[Waiting_time_Solve] Agent 46 has waiting time 31
[Waiting_time_Solve] Agent 47 has waiting time 17
[Waiting_time_Solve] Agent 48 has waiting time 27
[Waiting_time_Solve] Agent 49 has waiting time 35
[Waiting_time_Solve] Agent 50 has waiting time 9
[Waiting_time_Solve] Agent 51 has waiting time 26
[Waiting_time_Solve] Agent 52 has waiting time 0
[Waiting_time_Solve] Agent 53 has waiting time 24
[Waiting_time_Solve] Agent 54 has waiting time 24
[Waiting_time_Solve] Agent 55 has waiting time 25
[Waiting_time_Solve] Agent 56 has waiting time 37
[Waiting_time_Solve] Agent 57 has waiting time 36
[Waiting_time_Solve] Agent 58 has waiting time 36
[Waiting_time_Solve] Agent 59 has waiting time 27
[Waiting_time_Solve] Agent 60 has waiting time 34
[Waiting_time_Solve] Agent 61 has waiting time 3
[Waiting_time_Solve] Agent 62 has waiting time 17
[Waiting_time_Solve] Agent 63 has waiting time 26
[Waiting_time_Solve] Agent 64 has waiting time 24
[Waiting_time_Solve] Agent 65 has waiting time 25
[Waiting_time_Solve] Agent 66 has waiting time 21
[Waiting_time_Solve] Agent 67 has waiting time 36
[Waiting_time_Solve] Agent 68 has waiting time 22
[Waiting_time_Solve] Agent 69 has waiting time 25
[Waiting_time_Solve] Agent 70 has waiting time 31
[Waiting_time_Solve] Agent 71 has waiting time 19
[Waiting_time_Solve] Agent 72 has waiting time 30
[Waiting_time_Solve] Agent 73 has waiting time 40
[Waiting_time_Solve] Agent 74 has waiting time 36
[Waiting_time_Solve] Agent 75 has waiting time 22
[Waiting_time_Solve] Agent 76 has waiting time 28
[Waiting_time_Solve] Agent 77 has waiting time 13
[Waiting_time_Solve] Agent 78 has waiting time 23
[Waiting_time_Solve] Agent 79 has waiting time 22
[Waiting_time_Solve] Agent 80 has waiting time 37
[Waiting_time_Solve] Agent 81 has waiting time 31
[Waiting_time_Solve] Agent 82 has waiting time 20
[Waiting_time_Solve] Agent 83 has waiting time 33
[Waiting_time_Solve] Agent 84 has waiting time 10
[Waiting_time_Solve] Agent 85 has waiting time 35
[Waiting_time_Solve] Agent 86 has waiting time 37
[Waiting_time_Solve] Agent 87 has waiting time 29
[Waiting_time_Solve] Agent 88 has waiting time 10
[Waiting_time_Solve] Agent 89 has waiting time 7
[Waiting_time_Solve] Agent 90 has waiting time 29
[Waiting_time_Solve] Agent 91 has waiting time 23
[Waiting_time_Solve] Agent 92 has waiting time 24
[Waiting_time_Solve] Agent 93 has waiting time 23
[Waiting_time_Solve] Agent 94 has waiting time 35
[Waiting_time_Solve] Agent 95 has waiting time 41
[Waiting_time_Solve] Agent 96 has waiting time 21
[Waiting_time_Solve] Agent 97 has waiting time 24
[Waiting_time_Solve] Agent 98 has waiting time 36
[Waiting_time_Solve] Agent 99 has waiting time 16
[Waiting_time_Solve] Total available waiting time: 2427
[Waiting_time_Solve] Max iterations: 2427
[Waiting_time_Solve] Iteration 0...
[SAT] Start solving CNF: 24 clauses and 13 variables
[SAT] Agent 58 entry time: 5 exit time: 9
[SAT] Agent 46 entry time: 5 exit time: 9

[SAT] Start time: 5 End time: 9

[SAT] Solving local zone with SAT iteration 1...
[SAT] Local CNF: 24 clauses 

DEBUG: Adding 24 new clauses to MiniSAT (incremental run)
DEBUG: Clause load summary: input=24, added=24, tautologies_skipped=0, duplicates_skipped=0, unit_clauses=7, empties=0, intra_clause_literals_removed=0, added_but_db_unchanged=6
DEBUG: After adding clauses, solver has 11 clauses and 13 variables
DEBUG: MiniSAT found 13 variables
DEBUG: Assignment size: 13
DEBUG: First few assignment values: 1 0 1 0 1 0 1 1 1 1 

=== DEBUG: cnf_assignment_to_paths ===
Input assignment size: 13

=== END DEBUG ===
[SAT] Found 0 vertex collisions and 1 edge collisions
[SAT] Adding collision clauses and solving again...
[SAT] Solving local zone with SAT iteration 2...
[SAT] Local CNF: 25 clauses 

DEBUG: Adding 1 new clauses to MiniSAT (incremental run)
DEBUG: Clause load summary: input=1, added=1, tautologies_skipped=0, duplicates_skipped=0, unit_clauses=0, empties=0, intra_clause_literals_removed=0, added_but_db_unchanged=0
DEBUG: After adding clauses, solver has 12 clauses and 13 variables
DEBUG: MiniSAT found 13 variables
DEBUG: Assignment size: 13
DEBUG: First few assignment values: 1 1 0 1 0 0 1 1 1 1 

=== DEBUG: cnf_assignment_to_paths ===
Input assignment size: 13

=== END DEBUG ===
[SAT] Found 1 vertex collisions and 0 edge collisions
[SAT] Adding collision clauses and solving again...
[SAT] Solving local zone with SAT iteration 3...
[SAT] Local CNF: 26 clauses 

DEBUG: Adding 1 new clauses to MiniSAT (incremental run)
[SAT] Local problem appears to be unsatisfiable in current zone
[Waiting_time_Solve] No solution found, trying to apply waiting time:1
[Waiting_time_Solve] Applying waiting time 1 to agent 58 who has waiting time 36
[Current_Solution] Agent 58 used 1 waiting timesteps, 35 remaining
[Waiting_time_Solve] New path is consistent after applying waiting time for agent 58
[Current_Solution] Agent 58 used 1 waiting timesteps, 34 remaining
[Waiting_time_Solve] Applied 1 waiting time  for agent 58 who has waiting time 34
[Waiting_time_Solve] ALL Waiting time applied
[Waiting_time_Solve] Extended Zone end time from 9 to 10
[Waiting_time_Solve] Iteration 1...
[SAT] Start solving CNF: 64 clauses and 24 variables
[SAT] Agent 58 entry time: 5 exit time: 10
[SAT] Agent 46 entry time: 5 exit time: 9

[SAT] Start time: 5 End time: 10

[SAT] Solving local zone with SAT iteration 1...
[SAT] Local CNF: 66 clauses 

DEBUG: Adding 66 new clauses to MiniSAT (incremental run)
DEBUG: Clause load summary: input=66, added=66, tautologies_skipped=0, duplicates_skipped=0, unit_clauses=7, empties=0, intra_clause_literals_removed=0, added_but_db_unchanged=10
DEBUG: After adding clauses, solver has 49 clauses and 24 variables
DEBUG: MiniSAT found 24 variables
DEBUG: Assignment size: 24
DEBUG: First few assignment values: 1 0 1 1 0 0 0 0 1 0 

=== DEBUG: cnf_assignment_to_paths ===
Input assignment size: 24

=== END DEBUG ===
[SAT] Found 1 vertex collisions and 0 edge collisions
[SAT] Adding collision clauses and solving again...
[SAT] Solving local zone with SAT iteration 2...
[SAT] Local CNF: 67 clauses 

DEBUG: Adding 1 new clauses to MiniSAT (incremental run)
DEBUG: Clause load summary: input=1, added=1, tautologies_skipped=0, duplicates_skipped=0, unit_clauses=0, empties=0, intra_clause_literals_removed=0, added_but_db_unchanged=1
DEBUG: After adding clauses, solver has 44 clauses and 24 variables
DEBUG: MiniSAT found 24 variables
DEBUG: Assignment size: 24
DEBUG: First few assignment values: 1 1 0 0 0 1 0 0 0 0 

=== DEBUG: cnf_assignment_to_paths ===
Input assignment size: 24

=== END DEBUG ===
[SAT] Found 0 vertex collisions and 0 edge collisions
[SAT] Found collision-free local solution!
[Waiting_time_Solve] Solution found, updating global solution
[LNS] Updating global solution with pseudo-agent local paths...
[Current_Solution] Updating global solution for agent 58
[Current_Solution] INFO: Segment 58 exit adjusted from 9 to 10 due to waiting time
[Current_Solution] Segment 58 lengthened by 1 timesteps; shifting suffix
[Current_Solution] Global solution is consistent before shifting suffix
[Current_Solution] Global solution is consistent after shifting suffix
[Current_Solution] Global solution is consistent after updating with local path
[LNS] Successfully updated global solution with pseudo-agent local paths!
[Current_Solution] Updating global solution for agent 46
[Current_Solution] Global solution is consistent after updating with local path
[LNS] Successfully updated global solution with pseudo-agent local paths!
[LNS] Updating path map with new local paths...
[LNS] Successfully updated global solution with local paths and pseudo agents!
[Solve_local_zone] Successfully solved local zone
[Solve_local_zone] Final local zone size: 12 (1.17188% of all walkable positions)
[LNS] Successfully solved local zone
[LNS] Analyzing conflicts...
[LNS] Current solution: vertex collisions=93, edge collisions=9
[LNS] Creating conflict buckets...
[LOCAL ZONE] Building diamond bucket for conflict 0
[LOCAL ZONE] Built diamond bucket for conflict 0 with 12 positions, 3 conflicts, 8 - 10 time window
[LOCAL ZONE] Building diamond bucket for conflict 1
[LOCAL ZONE] Built diamond bucket for conflict 1 with 11 positions, 2 conflicts, 8 - 9 time window
[LOCAL ZONE] Building diamond bucket for conflict 2
[LOCAL ZONE] Built diamond bucket for conflict 2 with 5 positions, 1 conflicts, 8 - 8 time window
[LOCAL ZONE] Building diamond bucket for conflict 3
[LOCAL ZONE] Built diamond bucket for conflict 3 with 8 positions, 2 conflicts, 8 - 9 time window
[LOCAL ZONE] Building diamond bucket for conflict 93
[LOCAL ZONE] Built diamond bucket for conflict 93 with 8 positions, 1 conflicts, 8 - 8 time window
[LOCAL ZONE] Building diamond bucket for conflict 94
[LOCAL ZONE] Built diamond bucket for conflict 94 with 8 positions, 1 conflicts, 8 - 8 time window
[LNS] Selected most relevant bucket 0 with time window: 8 - 10, 3 conflicts and 12 positions.
[LNS] Solving the best bucket Local Zone...
[Solve_local_zone] Current local zone size: 12 (1.17188% of all walkable positions)
[Solve_local_zone] Local zone time window: [7, 11]
[Current_Solution] Agent 74 used 2 waiting timesteps, 34 remaining
[Waiting_time_Solve] Agent 0 has waiting time 31
[Waiting_time_Solve] Agent 1 has waiting time 21
[Waiting_time_Solve] Agent 2 has waiting time 32
[Waiting_time_Solve] Agent 3 has waiting time 16
[Waiting_time_Solve] Agent 4 has waiting time 10
[Waiting_time_Solve] Agent 5 has waiting time 10
[Waiting_time_Solve] Agent 6 has waiting time 37
[Waiting_time_Solve] Agent 7 has waiting time 16
[Waiting_time_Solve] Agent 8 has waiting time 27
[Waiting_time_Solve] Agent 9 has waiting time 15
[Waiting_time_Solve] Agent 10 has waiting time 32
[Waiting_time_Solve] Agent 11 has waiting time 12
[Waiting_time_Solve] Agent 12 has waiting time 30
[Waiting_time_Solve] Agent 13 has waiting time 34
[Waiting_time_Solve] Agent 14 has waiting time 37
[Waiting_time_Solve] Agent 15 has waiting time 18
[Waiting_time_Solve] Agent 16 has waiting time 5
[Waiting_time_Solve] Agent 17 has waiting time 5
[Waiting_time_Solve] Agent 18 has waiting time 27
[Waiting_time_Solve] Agent 19 has waiting time 11
[Waiting_time_Solve] Agent 20 has waiting time 8
[Waiting_time_Solve] Agent 21 has waiting time 23
[Waiting_time_Solve] Agent 22 has waiting time 16
[Waiting_time_Solve] Agent 23 has waiting time 28
[Waiting_time_Solve] Agent 24 has waiting time 23
[Waiting_time_Solve] Agent 25 has waiting time 33
[Waiting_time_Solve] Agent 26 has waiting time 15
[Waiting_time_Solve] Agent 27 has waiting time 35
[Waiting_time_Solve] Agent 28 has waiting time 39
[Waiting_time_Solve] Agent 29 has waiting time 27
[Waiting_time_Solve] Agent 30 has waiting time 18
[Waiting_time_Solve] Agent 31 has waiting time 29
[Waiting_time_Solve] Agent 32 has waiting time 26
[Waiting_time_Solve] Agent 33 has waiting time 15
[Waiting_time_Solve] Agent 34 has waiting time 20
[Waiting_time_Solve] Agent 35 has waiting time 34
[Waiting_time_Solve] Agent 36 has waiting time 20
[Waiting_time_Solve] Agent 37 has waiting time 25
[Waiting_time_Solve] Agent 38 has waiting time 32
[Waiting_time_Solve] Agent 39 has waiting time 14
[Waiting_time_Solve] Agent 40 has waiting time 25
[Waiting_time_Solve] Agent 41 has waiting time 32
[Waiting_time_Solve] Agent 42 has waiting time 20
[Waiting_time_Solve] Agent 43 has waiting time 34
[Waiting_time_Solve] Agent 44 has waiting time 17
[Waiting_time_Solve] Agent 45 has waiting time 21
[Waiting_time_Solve] Agent 46 has waiting time 31
[Waiting_time_Solve] Agent 47 has waiting time 17
[Waiting_time_Solve] Agent 48 has waiting time 27
[Waiting_time_Solve] Agent 49 has waiting time 35
[Waiting_time_Solve] Agent 50 has waiting time 9
[Waiting_time_Solve] Agent 51 has waiting time 26
[Waiting_time_Solve] Agent 52 has waiting time 0
[Waiting_time_Solve] Agent 53 has waiting time 24
[Waiting_time_Solve] Agent 54 has waiting time 24
[Waiting_time_Solve] Agent 55 has waiting time 25
[Waiting_time_Solve] Agent 56 has waiting time 37
[Waiting_time_Solve] Agent 57 has waiting time 36
[Waiting_time_Solve] Agent 58 has waiting time 34
[Waiting_time_Solve] Agent 59 has waiting time 27
[Waiting_time_Solve] Agent 60 has waiting time 34
[Waiting_time_Solve] Agent 61 has waiting time 3
[Waiting_time_Solve] Agent 62 has waiting time 17
[Waiting_time_Solve] Agent 63 has waiting time 26
[Waiting_time_Solve] Agent 64 has waiting time 24
[Waiting_time_Solve] Agent 65 has waiting time 25
[Waiting_time_Solve] Agent 66 has waiting time 21
[Waiting_time_Solve] Agent 67 has waiting time 36
[Waiting_time_Solve] Agent 68 has waiting time 22
[Waiting_time_Solve] Agent 69 has waiting time 25
[Waiting_time_Solve] Agent 70 has waiting time 31
[Waiting_time_Solve] Agent 71 has waiting time 19
[Waiting_time_Solve] Agent 72 has waiting time 30
[Waiting_time_Solve] Agent 73 has waiting time 40
[Waiting_time_Solve] Agent 74 has waiting time 34
[Waiting_time_Solve] Agent 75 has waiting time 22
[Waiting_time_Solve] Agent 76 has waiting time 28
[Waiting_time_Solve] Agent 77 has waiting time 13
[Waiting_time_Solve] Agent 78 has waiting time 23
[Waiting_time_Solve] Agent 79 has waiting time 22
[Waiting_time_Solve] Agent 80 has waiting time 37
[Waiting_time_Solve] Agent 81 has waiting time 31
[Waiting_time_Solve] Agent 82 has waiting time 20
[Waiting_time_Solve] Agent 83 has waiting time 33
[Waiting_time_Solve] Agent 84 has waiting time 10
[Waiting_time_Solve] Agent 85 has waiting time 35
[Waiting_time_Solve] Agent 86 has waiting time 37
[Waiting_time_Solve] Agent 87 has waiting time 29
[Waiting_time_Solve] Agent 88 has waiting time 10
[Waiting_time_Solve] Agent 89 has waiting time 7
[Waiting_time_Solve] Agent 90 has waiting time 29
[Waiting_time_Solve] Agent 91 has waiting time 23
[Waiting_time_Solve] Agent 92 has waiting time 24
[Waiting_time_Solve] Agent 93 has waiting time 23
[Waiting_time_Solve] Agent 94 has waiting time 35
[Waiting_time_Solve] Agent 95 has waiting time 41
[Waiting_time_Solve] Agent 96 has waiting time 21
[Waiting_time_Solve] Agent 97 has waiting time 24
[Waiting_time_Solve] Agent 98 has waiting time 36
[Waiting_time_Solve] Agent 99 has waiting time 16
[Waiting_time_Solve] Total available waiting time: 2423
[Waiting_time_Solve] Max iterations: 2423
[Waiting_time_Solve] Iteration 0...
[SAT] Start solving CNF: 76 clauses and 30 variables
[SAT] Agent 98 entry time: 7 exit time: 7
[SAT] Agent 93 entry time: 9 exit time: 11
[SAT] Agent 65 entry time: 9 exit time: 11
[SAT] Agent 74 entry time: 7 exit time: 11
[SAT] Agent 61 entry time: 11 exit time: 11
[SAT] Agent 36 entry time: 7 exit time: 10

[SAT] Start time: 7 End time: 11

[SAT] Solving local zone with SAT iteration 1...
[SAT] Local CNF: 76 clauses 

DEBUG: Adding 76 new clauses to MiniSAT (incremental run)
DEBUG: Clause load summary: input=76, added=76, tautologies_skipped=0, duplicates_skipped=0, unit_clauses=14, empties=0, intra_clause_literals_removed=0, added_but_db_unchanged=12
DEBUG: After adding clauses, solver has 50 clauses and 30 variables
DEBUG: MiniSAT found 30 variables
DEBUG: Assignment size: 30
DEBUG: First few assignment values: 1 1 1 1 1 1 1 1 0 1 

=== DEBUG: cnf_assignment_to_paths ===
Input assignment size: 30

=== END DEBUG ===
[SAT] Found 0 vertex collisions and 2 edge collisions
[SAT] Adding collision clauses and solving again...
[SAT] Solving local zone with SAT iteration 2...
[SAT] Local CNF: 78 clauses 

DEBUG: Adding 2 new clauses to MiniSAT (incremental run)
[SAT] Local problem appears to be unsatisfiable in current zone
[Waiting_time_Solve] No solution found, trying to apply waiting time:1
[Waiting_time_Solve] Applying waiting time 1 to agent 65 who has waiting time 25
[Waiting_time_Solve] New path is consistent after applying waiting time for agent 65
[Current_Solution] Agent 65 used 1 waiting timesteps, 24 remaining
[Waiting_time_Solve] Applied 1 waiting time  for agent 65 who has waiting time 24
[Waiting_time_Solve] Applying waiting time 1 to agent 74 who has waiting time 34
[Current_Solution] Agent 74 used 1 waiting timesteps, 33 remaining
[Waiting_time_Solve] New path is consistent after applying waiting time for agent 74
[Current_Solution] Agent 74 used 1 waiting timesteps, 32 remaining
[Waiting_time_Solve] Applied 1 waiting time  for agent 74 who has waiting time 32
[Waiting_time_Solve] ALL Waiting time applied
[Waiting_time_Solve] Extended Zone end time from 11 to 12
[Create_Local_Problem] Agent 7 is new in the zone
[Waiting_time_Solve] Iteration 1...
[SAT] Start solving CNF: 139 clauses and 46 variables
[SAT] Agent 7 entry time: 12 exit time: 12
[SAT] Agent 98 entry time: 7 exit time: 7
[SAT] Agent 93 entry time: 9 exit time: 12
[SAT] Agent 65 entry time: 9 exit time: 12
[SAT] Agent 74 entry time: 7 exit time: 12
[SAT] Agent 61 entry time: 11 exit time: 12
[SAT] Agent 36 entry time: 7 exit time: 10

[SAT] Start time: 7 End time: 12

[SAT] Solving local zone with SAT iteration 1...
[SAT] Local CNF: 141 clauses 

DEBUG: Adding 141 new clauses to MiniSAT (incremental run)
DEBUG: Clause load summary: input=141, added=141, tautologies_skipped=0, duplicates_skipped=0, unit_clauses=16, empties=0, intra_clause_literals_removed=0, added_but_db_unchanged=14
DEBUG: After adding clauses, solver has 111 clauses and 46 variables
DEBUG: MiniSAT found 46 variables
DEBUG: Assignment size: 46
DEBUG: First few assignment values: 1 1 1 1 1 1 1 0 1 0 

=== DEBUG: cnf_assignment_to_paths ===
Input assignment size: 46

=== END DEBUG ===
[SAT] Found 2 vertex collisions and 0 edge collisions
[SAT] Adding collision clauses and solving again...
[SAT] Solving local zone with SAT iteration 2...
[SAT] Local CNF: 143 clauses 

DEBUG: Adding 2 new clauses to MiniSAT (incremental run)
[SAT] Local problem appears to be unsatisfiable in current zone
[Waiting_time_Solve] No solution found, trying to apply waiting time:2
[Waiting_time_Solve] Applying waiting time 2 to agent 74 who has waiting time 32
[Current_Solution] Agent 74 used 1 waiting timesteps, 31 remaining
[Waiting_time_Solve] New path is consistent after applying waiting time for agent 74
[Current_Solution] Agent 74 used 2 waiting timesteps, 29 remaining
[Waiting_time_Solve] Applied 2 waiting time  for agent 74 who has waiting time 29
[Waiting_time_Solve] Applying waiting time 2 to agent 65 who has waiting time 24
[Waiting_time_Solve] New path is consistent after applying waiting time for agent 65
[Current_Solution] Agent 65 used 2 waiting timesteps, 22 remaining
[Waiting_time_Solve] Applied 2 waiting time  for agent 65 who has waiting time 22
[Waiting_time_Solve] ALL Waiting time applied
[Waiting_time_Solve] Extended Zone end time from 12 to 14
[Create_Local_Problem] Agent 15 is new in the zone
[Waiting_time_Solve] Iteration 2...
[SAT] Start solving CNF: 369 clauses and 92 variables
[SAT] Agent 7 entry time: 12 exit time: 13
[SAT] Agent 98 entry time: 7 exit time: 7
[SAT] Agent 15 entry time: 13 exit time: 14
[SAT] Agent 93 entry time: 9 exit time: 12
[SAT] Agent 65 entry time: 9 exit time: 14
[SAT] Agent 74 entry time: 7 exit time: 14
[SAT] Agent 61 entry time: 11 exit time: 14
[SAT] Agent 36 entry time: 7 exit time: 10

[SAT] Start time: 7 End time: 14

[SAT] Solving local zone with SAT iteration 1...
[SAT] Local CNF: 373 clauses 

DEBUG: Adding 373 new clauses to MiniSAT (incremental run)
DEBUG: Clause load summary: input=373, added=373, tautologies_skipped=0, duplicates_skipped=0, unit_clauses=20, empties=0, intra_clause_literals_removed=0, added_but_db_unchanged=23
DEBUG: After adding clauses, solver has 330 clauses and 92 variables
DEBUG: MiniSAT found 92 variables
DEBUG: Assignment size: 92
DEBUG: First few assignment values: 1 1 1 1 1 1 1 1 1 1 

=== DEBUG: cnf_assignment_to_paths ===
Input assignment size: 92

=== END DEBUG ===
[SAT] Found 2 vertex collisions and 1 edge collisions
[SAT] Adding collision clauses and solving again...
[SAT] Solving local zone with SAT iteration 2...
[SAT] Local CNF: 376 clauses 

DEBUG: Adding 3 new clauses to MiniSAT (incremental run)
DEBUG: Clause load summary: input=3, added=3, tautologies_skipped=0, duplicates_skipped=0, unit_clauses=0, empties=0, intra_clause_literals_removed=0, added_but_db_unchanged=2
DEBUG: After adding clauses, solver has 316 clauses and 92 variables
DEBUG: MiniSAT found 92 variables
DEBUG: Assignment size: 92
DEBUG: First few assignment values: 1 1 1 1 1 1 1 1 1 1 

=== DEBUG: cnf_assignment_to_paths ===
Input assignment size: 92

=== END DEBUG ===
[SAT] Found 2 vertex collisions and 1 edge collisions
[SAT] Adding collision clauses and solving again...
[SAT] Solving local zone with SAT iteration 3...
[SAT] Local CNF: 379 clauses 

DEBUG: Adding 3 new clauses to MiniSAT (incremental run)
DEBUG: Clause load summary: input=3, added=3, tautologies_skipped=0, duplicates_skipped=0, unit_clauses=0, empties=0, intra_clause_literals_removed=0, added_but_db_unchanged=2
DEBUG: After adding clauses, solver has 317 clauses and 92 variables
DEBUG: MiniSAT found 92 variables
DEBUG: Assignment size: 92
DEBUG: First few assignment values: 1 1 1 1 1 1 1 1 1 1 

=== DEBUG: cnf_assignment_to_paths ===
Input assignment size: 92

=== END DEBUG ===
[SAT] Found 1 vertex collisions and 0 edge collisions
[SAT] Adding collision clauses and solving again...
[SAT] Solving local zone with SAT iteration 4...
[SAT] Local CNF: 380 clauses 

DEBUG: Adding 1 new clauses to MiniSAT (incremental run)
DEBUG: Clause load summary: input=1, added=1, tautologies_skipped=0, duplicates_skipped=0, unit_clauses=0, empties=0, intra_clause_literals_removed=0, added_but_db_unchanged=1
DEBUG: After adding clauses, solver has 317 clauses and 92 variables
DEBUG: MiniSAT found 92 variables
DEBUG: Assignment size: 92
DEBUG: First few assignment values: 1 1 1 1 1 1 1 1 1 1 

=== DEBUG: cnf_assignment_to_paths ===
Input assignment size: 92

=== END DEBUG ===
[SAT] Found 2 vertex collisions and 0 edge collisions
[SAT] Adding collision clauses and solving again...
[SAT] Solving local zone with SAT iteration 5...
[SAT] Local CNF: 382 clauses 

DEBUG: Adding 2 new clauses to MiniSAT (incremental run)
DEBUG: Clause load summary: input=2, added=2, tautologies_skipped=0, duplicates_skipped=0, unit_clauses=0, empties=0, intra_clause_literals_removed=0, added_but_db_unchanged=1
DEBUG: After adding clauses, solver has 318 clauses and 92 variables
DEBUG: MiniSAT found 92 variables
DEBUG: Assignment size: 92
DEBUG: First few assignment values: 1 1 1 1 1 1 1 1 1 1 

=== DEBUG: cnf_assignment_to_paths ===
Input assignment size: 92

=== END DEBUG ===
[SAT] Found 0 vertex collisions and 0 edge collisions
[SAT] Found collision-free local solution!
[Waiting_time_Solve] Solution found, updating global solution
[LNS] Updating global solution with pseudo-agent local paths...
[Current_Solution] Updating global solution for agent 7
[Current_Solution] INFO: Segment 7 exit adjusted from 12 to 13 due to waiting time
[Current_Solution] Segment 7 lengthened by 1 timesteps; shifting suffix
[Current_Solution] Global solution is consistent before shifting suffix
[Current_Solution] Global solution is consistent after shifting suffix
[Current_Solution] Global solution is consistent after updating with local path
[LNS] Successfully updated global solution with pseudo-agent local paths!
[Current_Solution] Updating global solution for agent 98
[Current_Solution] Global solution is consistent after updating with local path
[LNS] Successfully updated global solution with pseudo-agent local paths!
[Current_Solution] Updating global solution for agent 15
[Current_Solution] Global solution is consistent after updating with local path
[LNS] Successfully updated global solution with pseudo-agent local paths!
[Current_Solution] Updating global solution for agent 93
[Current_Solution] INFO: Segment 93 exit adjusted from 11 to 12 due to waiting time
[Current_Solution] Segment 93 lengthened by 1 timesteps; shifting suffix
[Current_Solution] Global solution is consistent before shifting suffix
[Current_Solution] Global solution is consistent after shifting suffix
[Current_Solution] Global solution is consistent after updating with local path
[LNS] Successfully updated global solution with pseudo-agent local paths!
[Current_Solution] Updating global solution for agent 65
[Current_Solution] INFO: Segment 65 exit adjusted from 11 to 14 due to waiting time
[Current_Solution] Segment 65 lengthened by 3 timesteps; shifting suffix
[Current_Solution] Global solution is consistent before shifting suffix
[Current_Solution] Global solution is consistent after shifting suffix
[Current_Solution] Global solution is consistent after updating with local path
[LNS] Successfully updated global solution with pseudo-agent local paths!
[Current_Solution] Updating global solution for agent 74
[Current_Solution] INFO: Segment 74 exit adjusted from 11 to 14 due to waiting time
[Current_Solution] Segment 74 lengthened by 3 timesteps; shifting suffix
[Current_Solution] Global solution is consistent before shifting suffix
[Current_Solution] Global solution is consistent after shifting suffix
[Current_Solution] Global solution is consistent after updating with local path
[LNS] Successfully updated global solution with pseudo-agent local paths!
[Current_Solution] Updating global solution for agent 61
[Current_Solution] INFO: Segment 61 exit adjusted from 11 to 14 due to waiting time
[Current_Solution] Segment 61 lengthened by 3 timesteps; shifting suffix
[Current_Solution] Global solution is consistent before shifting suffix
[Current_Solution] Global solution is consistent after shifting suffix
[Current_Solution] Global solution is consistent after updating with local path
[LNS] Successfully updated global solution with pseudo-agent local paths!
[Current_Solution] Updating global solution for agent 36
[Current_Solution] Global solution is consistent after updating with local path
[LNS] Successfully updated global solution with pseudo-agent local paths!
[LNS] Updating path map with new local paths...
[LNS] Successfully updated global solution with local paths and pseudo agents!
[Solve_local_zone] Successfully solved local zone
[Solve_local_zone] Final local zone size: 12 (1.17188% of all walkable positions)
[LNS] Successfully solved local zone
[LNS] Analyzing conflicts...
[LNS] Current solution: vertex collisions=96, edge collisions=8
[LNS] Creating conflict buckets...
[LOCAL ZONE] Building diamond bucket for conflict 0
[LOCAL ZONE] Built diamond bucket for conflict 0 with 11 positions, 2 conflicts, 8 - 9 time window
[LOCAL ZONE] Building diamond bucket for conflict 1
[LOCAL ZONE] Built diamond bucket for conflict 1 with 5 positions, 1 conflicts, 8 - 8 time window
[LOCAL ZONE] Building diamond bucket for conflict 2
[LOCAL ZONE] Built diamond bucket for conflict 2 with 8 positions, 2 conflicts, 8 - 9 time window
[LOCAL ZONE] Building diamond bucket for conflict 96
[LOCAL ZONE] Built diamond bucket for conflict 96 with 8 positions, 1 conflicts, 8 - 8 time window
[LOCAL ZONE] Building diamond bucket for conflict 97
[LOCAL ZONE] Built diamond bucket for conflict 97 with 8 positions, 1 conflicts, 8 - 8 time window
[LNS] Selected most relevant bucket 0 with time window: 8 - 9, 2 conflicts and 11 positions.
[LNS] Solving the best bucket Local Zone...
[Solve_local_zone] Current local zone size: 11 (1.07422% of all walkable positions)
[Solve_local_zone] Local zone time window: [7, 10]
[Current_Solution] Agent 67 used 1 waiting timesteps, 35 remaining
[Waiting_time_Solve] Agent 0 has waiting time 31
[Waiting_time_Solve] Agent 1 has waiting time 21
[Waiting_time_Solve] Agent 2 has waiting time 32
[Waiting_time_Solve] Agent 3 has waiting time 16
[Waiting_time_Solve] Agent 4 has waiting time 10
[Waiting_time_Solve] Agent 5 has waiting time 10
[Waiting_time_Solve] Agent 6 has waiting time 37
[Waiting_time_Solve] Agent 7 has waiting time 16
[Waiting_time_Solve] Agent 8 has waiting time 27
[Waiting_time_Solve] Agent 9 has waiting time 15
[Waiting_time_Solve] Agent 10 has waiting time 32
[Waiting_time_Solve] Agent 11 has waiting time 12
[Waiting_time_Solve] Agent 12 has waiting time 30
[Waiting_time_Solve] Agent 13 has waiting time 34
[Waiting_time_Solve] Agent 14 has waiting time 37
[Waiting_time_Solve] Agent 15 has waiting time 18
[Waiting_time_Solve] Agent 16 has waiting time 5
[Waiting_time_Solve] Agent 17 has waiting time 5
[Waiting_time_Solve] Agent 18 has waiting time 27
[Waiting_time_Solve] Agent 19 has waiting time 11
[Waiting_time_Solve] Agent 20 has waiting time 8
[Waiting_time_Solve] Agent 21 has waiting time 23
[Waiting_time_Solve] Agent 22 has waiting time 16
[Waiting_time_Solve] Agent 23 has waiting time 28
[Waiting_time_Solve] Agent 24 has waiting time 23
[Waiting_time_Solve] Agent 25 has waiting time 33
[Waiting_time_Solve] Agent 26 has waiting time 15
[Waiting_time_Solve] Agent 27 has waiting time 35
[Waiting_time_Solve] Agent 28 has waiting time 39
[Waiting_time_Solve] Agent 29 has waiting time 27
[Waiting_time_Solve] Agent 30 has waiting time 18
[Waiting_time_Solve] Agent 31 has waiting time 29
[Waiting_time_Solve] Agent 32 has waiting time 26
[Waiting_time_Solve] Agent 33 has waiting time 15
[Waiting_time_Solve] Agent 34 has waiting time 20
[Waiting_time_Solve] Agent 35 has waiting time 34
[Waiting_time_Solve] Agent 36 has waiting time 20
[Waiting_time_Solve] Agent 37 has waiting time 25
[Waiting_time_Solve] Agent 38 has waiting time 32
[Waiting_time_Solve] Agent 39 has waiting time 14
[Waiting_time_Solve] Agent 40 has waiting time 25
[Waiting_time_Solve] Agent 41 has waiting time 32
[Waiting_time_Solve] Agent 42 has waiting time 20
[Waiting_time_Solve] Agent 43 has waiting time 34
[Waiting_time_Solve] Agent 44 has waiting time 17
[Waiting_time_Solve] Agent 45 has waiting time 21
[Waiting_time_Solve] Agent 46 has waiting time 31
[Waiting_time_Solve] Agent 47 has waiting time 17
[Waiting_time_Solve] Agent 48 has waiting time 27
[Waiting_time_Solve] Agent 49 has waiting time 35
[Waiting_time_Solve] Agent 50 has waiting time 9
[Waiting_time_Solve] Agent 51 has waiting time 26
[Waiting_time_Solve] Agent 52 has waiting time 0
[Waiting_time_Solve] Agent 53 has waiting time 24
[Waiting_time_Solve] Agent 54 has waiting time 24
[Waiting_time_Solve] Agent 55 has waiting time 25
[Waiting_time_Solve] Agent 56 has waiting time 37
[Waiting_time_Solve] Agent 57 has waiting time 36
[Waiting_time_Solve] Agent 58 has waiting time 34
[Waiting_time_Solve] Agent 59 has waiting time 27
[Waiting_time_Solve] Agent 60 has waiting time 34
[Waiting_time_Solve] Agent 61 has waiting time 3
[Waiting_time_Solve] Agent 62 has waiting time 17
[Waiting_time_Solve] Agent 63 has waiting time 26
[Waiting_time_Solve] Agent 64 has waiting time 24
[Waiting_time_Solve] Agent 65 has waiting time 22
[Waiting_time_Solve] Agent 66 has waiting time 21
[Waiting_time_Solve] Agent 67 has waiting time 35
[Waiting_time_Solve] Agent 68 has waiting time 22
[Waiting_time_Solve] Agent 69 has waiting time 25
[Waiting_time_Solve] Agent 70 has waiting time 31
[Waiting_time_Solve] Agent 71 has waiting time 19
[Waiting_time_Solve] Agent 72 has waiting time 30
[Waiting_time_Solve] Agent 73 has waiting time 40
[Waiting_time_Solve] Agent 74 has waiting time 29
[Waiting_time_Solve] Agent 75 has waiting time 22
[Waiting_time_Solve] Agent 76 has waiting time 28
[Waiting_time_Solve] Agent 77 has waiting time 13
[Waiting_time_Solve] Agent 78 has waiting time 23
[Waiting_time_Solve] Agent 79 has waiting time 22
[Waiting_time_Solve] Agent 80 has waiting time 37
[Waiting_time_Solve] Agent 81 has waiting time 31
[Waiting_time_Solve] Agent 82 has waiting time 20
[Waiting_time_Solve] Agent 83 has waiting time 33
[Waiting_time_Solve] Agent 84 has waiting time 10
[Waiting_time_Solve] Agent 85 has waiting time 35
[Waiting_time_Solve] Agent 86 has waiting time 37
[Waiting_time_Solve] Agent 87 has waiting time 29
[Waiting_time_Solve] Agent 88 has waiting time 10
[Waiting_time_Solve] Agent 89 has waiting time 7
[Waiting_time_Solve] Agent 90 has waiting time 29
[Waiting_time_Solve] Agent 91 has waiting time 23
[Waiting_time_Solve] Agent 92 has waiting time 24
[Waiting_time_Solve] Agent 93 has waiting time 23
[Waiting_time_Solve] Agent 94 has waiting time 35
[Waiting_time_Solve] Agent 95 has waiting time 41
[Waiting_time_Solve] Agent 96 has waiting time 21
[Waiting_time_Solve] Agent 97 has waiting time 24
[Waiting_time_Solve] Agent 98 has waiting time 36
[Waiting_time_Solve] Agent 99 has waiting time 16
[Waiting_time_Solve] Total available waiting time: 2414
[Waiting_time_Solve] Max iterations: 2414
[Waiting_time_Solve] Iteration 0...
[SAT] Start solving CNF: 27 clauses and 16 variables
[SAT] Agent 77 entry time: 10 exit time: 10
[SAT] Agent 42 entry time: 7 exit time: 10
[SAT] Agent 67 entry time: 8 exit time: 10
[SAT] Agent 41 entry time: 8 exit time: 10
[SAT] Agent 15 entry time: 7 exit time: 9

[SAT] Start time: 7 End time: 10

[SAT] Solving local zone with SAT iteration 1...
[SAT] Local CNF: 27 clauses 

DEBUG: Adding 27 new clauses to MiniSAT (incremental run)
DEBUG: Clause load summary: input=27, added=27, tautologies_skipped=0, duplicates_skipped=0, unit_clauses=12, empties=0, intra_clause_literals_removed=0, added_but_db_unchanged=9
DEBUG: After adding clauses, solver has 6 clauses and 16 variables
DEBUG: MiniSAT found 16 variables
DEBUG: Assignment size: 16
DEBUG: First few assignment values: 1 1 1 1 1 1 0 1 1 1 

=== DEBUG: cnf_assignment_to_paths ===
Input assignment size: 16

=== END DEBUG ===
[SAT] Found 1 vertex collisions and 1 edge collisions
[SAT] Adding collision clauses and solving again...
[SAT] Solving local zone with SAT iteration 2...
[SAT] Local CNF: 29 clauses 

DEBUG: Adding 2 new clauses to MiniSAT (incremental run)
[SAT] Local problem appears to be unsatisfiable in current zone
[Waiting_time_Solve] No solution found, trying to apply waiting time:1
[Waiting_time_Solve] Applying waiting time 1 to agent 42 who has waiting time 20
[Waiting_time_Solve] New path is consistent after applying waiting time for agent 42
[Current_Solution] Agent 42 used 1 waiting timesteps, 19 remaining
[Waiting_time_Solve] Applied 1 waiting time  for agent 42 who has waiting time 19
[Waiting_time_Solve] ALL Waiting time applied
[Waiting_time_Solve] Extended Zone end time from 10 to 11
[Current_Solution] Agent 67 used 1 waiting timesteps, 34 remaining
[Waiting_time_Solve] Iteration 1...
[SAT] Start solving CNF: 53 clauses and 27 variables
[SAT] Agent 77 entry time: 10 exit time: 10
[SAT] Agent 42 entry time: 7 exit time: 11
[SAT] Agent 67 entry time: 8 exit time: 11
[SAT] Agent 41 entry time: 8 exit time: 11
[SAT] Agent 15 entry time: 7 exit time: 9

[SAT] Start time: 7 End time: 11

[SAT] Solving local zone with SAT iteration 1...
[SAT] Local CNF: 55 clauses 

DEBUG: Adding 55 new clauses to MiniSAT (incremental run)
DEBUG: Clause load summary: input=55, added=55, tautologies_skipped=0, duplicates_skipped=0, unit_clauses=10, empties=0, intra_clause_literals_removed=0, added_but_db_unchanged=12
DEBUG: After adding clauses, solver has 33 clauses and 27 variables
DEBUG: MiniSAT found 27 variables
DEBUG: Assignment size: 27
DEBUG: First few assignment values: 1 1 0 1 0 1 0 1 1 1 

=== DEBUG: cnf_assignment_to_paths ===
Input assignment size: 27

=== END DEBUG ===
[SAT] Found 1 vertex collisions and 1 edge collisions
[SAT] Adding collision clauses and solving again...
[SAT] Solving local zone with SAT iteration 2...
[SAT] Local CNF: 57 clauses 

DEBUG: Adding 2 new clauses to MiniSAT (incremental run)
[SAT] Local problem appears to be unsatisfiable in current zone
[Waiting_time_Solve] No solution found, trying to apply waiting time:2
[Waiting_time_Solve] Applying waiting time 2 to agent 67 who has waiting time 34
[Current_Solution] Agent 67 used 2 waiting timesteps, 32 remaining
[Waiting_time_Solve] New path is consistent after applying waiting time for agent 67
[Current_Solution] Agent 67 used 2 waiting timesteps, 30 remaining
[Waiting_time_Solve] Applied 2 waiting time  for agent 67 who has waiting time 30
[Waiting_time_Solve] Applying waiting time 2 to agent 42 who has waiting time 19
[Waiting_time_Solve] New path is consistent after applying waiting time for agent 42
[Current_Solution] Agent 42 used 2 waiting timesteps, 17 remaining
[Waiting_time_Solve] Applied 2 waiting time  for agent 42 who has waiting time 17
[Waiting_time_Solve] ALL Waiting time applied
[Waiting_time_Solve] Extended Zone end time from 11 to 13
[Create_Local_Problem] Agent 76 is new in the zone
[Waiting_time_Solve] Iteration 2...
[Waiting_time_Solve] Agent 77 pseudo agents: 100 
[SAT] Start solving CNF: 211 clauses and 65 variables
[SAT] Agent 100 entry time: 12 exit time: 12
[SAT] Agent 76 entry time: 13 exit time: 13
[SAT] Agent 77 entry time: 10 exit time: 10
[SAT] Agent 42 entry time: 7 exit time: 13
[SAT] Agent 67 entry time: 8 exit time: 13
[SAT] Agent 41 entry time: 8 exit time: 11
[SAT] Agent 15 entry time: 7 exit time: 9

[SAT] Start time: 7 End time: 13

[SAT] Solving local zone with SAT iteration 1...
[SAT] Local CNF: 215 clauses 

DEBUG: Adding 215 new clauses to MiniSAT (incremental run)
DEBUG: Clause load summary: input=215, added=215, tautologies_skipped=0, duplicates_skipped=0, unit_clauses=12, empties=0, intra_clause_literals_removed=0, added_but_db_unchanged=17
DEBUG: After adding clauses, solver has 186 clauses and 65 variables
DEBUG: MiniSAT found 65 variables
DEBUG: Assignment size: 65
DEBUG: First few assignment values: 1 1 1 1 0 1 0 0 0 1 

=== DEBUG: cnf_assignment_to_paths ===
Input assignment size: 65

=== END DEBUG ===
[SAT] Found 2 vertex collisions and 0 edge collisions
[SAT] Adding collision clauses and solving again...
[SAT] Solving local zone with SAT iteration 2...
[SAT] Local CNF: 217 clauses 

DEBUG: Adding 2 new clauses to MiniSAT (incremental run)
[SAT] Local problem appears to be unsatisfiable in current zone
[Waiting_time_Solve] No solution found, trying to apply waiting time:3
[Waiting_time_Solve] Applying waiting time 3 to agent 15 who has waiting time 18
[Waiting_time_Solve] New path is consistent after applying waiting time for agent 15
[Current_Solution] Agent 15 used 3 waiting timesteps, 15 remaining
[Waiting_time_Solve] Applied 3 waiting time  for agent 15 who has waiting time 15
[Waiting_time_Solve] Applying waiting time 3 to agent 67 who has waiting time 30
[Current_Solution] Agent 67 used 1 waiting timesteps, 29 remaining
[Waiting_time_Solve] New path is consistent after applying waiting time for agent 67
[Current_Solution] Agent 67 used 3 waiting timesteps, 26 remaining
[Waiting_time_Solve] Applied 3 waiting time  for agent 67 who has waiting time 26
[Waiting_time_Solve] ALL Waiting time applied
[Waiting_time_Solve] Extended Zone end time from 13 to 16
[Create_Local_Problem] Agent 72 is new in the zone
[Current_Solution] Agent 72 used 1 waiting timesteps, 29 remaining
[Waiting_time_Solve] Iteration 3...
[Waiting_time_Solve] Agent 77 pseudo agents: 100 
[SAT] Start solving CNF: 453 clauses and 119 variables
[SAT] Agent 72 entry time: 14 exit time: 16
[SAT] Agent 100 entry time: 12 exit time: 12
[SAT] Agent 76 entry time: 13 exit time: 15
[SAT] Agent 77 entry time: 10 exit time: 10
[SAT] Agent 42 entry time: 7 exit time: 14
[SAT] Agent 67 entry time: 8 exit time: 16
[SAT] Agent 41 entry time: 8 exit time: 11
[SAT] Agent 15 entry time: 7 exit time: 12

[SAT] Start time: 7 End time: 16

[SAT] Solving local zone with SAT iteration 1...
[SAT] Local CNF: 459 clauses 

DEBUG: Adding 459 new clauses to MiniSAT (incremental run)
DEBUG: Clause load summary: input=459, added=459, tautologies_skipped=0, duplicates_skipped=0, unit_clauses=15, empties=0, intra_clause_literals_removed=0, added_but_db_unchanged=15
DEBUG: After adding clauses, solver has 429 clauses and 119 variables
DEBUG: MiniSAT found 119 variables
DEBUG: Assignment size: 119
DEBUG: First few assignment values: 1 0 1 1 1 1 1 1 1 1 

=== DEBUG: cnf_assignment_to_paths ===
Input assignment size: 119

=== END DEBUG ===
[SAT] Found 1 vertex collisions and 1 edge collisions
[SAT] Adding collision clauses and solving again...
[SAT] Solving local zone with SAT iteration 2...
[SAT] Local CNF: 461 clauses 

DEBUG: Adding 2 new clauses to MiniSAT (incremental run)
DEBUG: Clause load summary: input=2, added=2, tautologies_skipped=0, duplicates_skipped=0, unit_clauses=0, empties=0, intra_clause_literals_removed=0, added_but_db_unchanged=0
DEBUG: After adding clauses, solver has 422 clauses and 119 variables
DEBUG: MiniSAT found 119 variables
DEBUG: Assignment size: 119
DEBUG: First few assignment values: 1 0 1 1 1 1 1 1 1 1 

=== DEBUG: cnf_assignment_to_paths ===
Input assignment size: 119

=== END DEBUG ===
[SAT] Found 0 vertex collisions and 0 edge collisions
[SAT] Found collision-free local solution!
[Waiting_time_Solve] Solution found, updating global solution
[LNS] Updating global solution with pseudo-agent local paths...
[Current_Solution] Updating global solution for agent 72
[Current_Solution] Global solution is consistent after updating with local path
[LNS] Successfully updated global solution with pseudo-agent local paths!
[Current_Solution] Updating global solution for agent 76
[Current_Solution] INFO: Segment 76 exit adjusted from 13 to 15 due to waiting time
[Current_Solution] Segment 76 lengthened by 2 timesteps; shifting suffix
[Current_Solution] Global solution is consistent before shifting suffix
[Current_Solution] Global solution is consistent after shifting suffix
[Current_Solution] Global solution is consistent after updating with local path
[LNS] Successfully updated global solution with pseudo-agent local paths!
[Current_Solution] Updating global solution for agent 77
[Current_Solution] Global solution is consistent after updating with local path
[Current_Solution] Global solution is consistent after updating with local path
[LNS] Successfully updated global solution with pseudo-agent local paths!
[Current_Solution] Updating global solution for agent 42
[Current_Solution] INFO: Segment 42 exit adjusted from 10 to 14 due to waiting time
[Current_Solution] Segment 42 lengthened by 4 timesteps; shifting suffix
[Current_Solution] Global solution is consistent before shifting suffix
[Current_Solution] Global solution is consistent after shifting suffix
[Current_Solution] Global solution is consistent after updating with local path
[LNS] Successfully updated global solution with pseudo-agent local paths!
[Current_Solution] Updating global solution for agent 67
[Current_Solution] INFO: Segment 67 exit adjusted from 10 to 16 due to waiting time
[Current_Solution] Segment 67 lengthened by 6 timesteps; shifting suffix
[Current_Solution] Global solution is consistent before shifting suffix
[Current_Solution] Global solution is consistent after shifting suffix
[Current_Solution] Global solution is consistent after updating with local path
[LNS] Successfully updated global solution with pseudo-agent local paths!
[Current_Solution] Updating global solution for agent 41
[Current_Solution] INFO: Segment 41 exit adjusted from 10 to 11 due to waiting time
[Current_Solution] Segment 41 lengthened by 1 timesteps; shifting suffix
[Current_Solution] Global solution is consistent before shifting suffix
[Current_Solution] Global solution is consistent after shifting suffix
[Current_Solution] Global solution is consistent after updating with local path
[LNS] Successfully updated global solution with pseudo-agent local paths!
[Current_Solution] Updating global solution for agent 15
[Current_Solution] INFO: Segment 15 exit adjusted from 9 to 12 due to waiting time
[Current_Solution] Segment 15 lengthened by 3 timesteps; shifting suffix
[Current_Solution] Global solution is consistent before shifting suffix
[Current_Solution] Global solution is consistent after shifting suffix
[Current_Solution] Global solution is consistent after updating with local path
[LNS] Successfully updated global solution with pseudo-agent local paths!
[LNS] Updating path map with new local paths...
[LNS] Successfully updated global solution with local paths and pseudo agents!
[Solve_local_zone] Successfully solved local zone
[Solve_local_zone] Final local zone size: 11 (1.07422% of all walkable positions)
[LNS] Successfully solved local zone
[LNS] Analyzing conflicts...
[LNS] Current solution: vertex collisions=94, edge collisions=7
[LNS] Creating conflict buckets...
[LOCAL ZONE] Building diamond bucket for conflict 0
[LOCAL ZONE] Built diamond bucket for conflict 0 with 5 positions, 1 conflicts, 8 - 8 time window
[LOCAL ZONE] Building diamond bucket for conflict 1
[LOCAL ZONE] Built diamond bucket for conflict 1 with 8 positions, 2 conflicts, 8 - 9 time window
[LOCAL ZONE] Building diamond bucket for conflict 94
[LOCAL ZONE] Built diamond bucket for conflict 94 with 8 positions, 1 conflicts, 8 - 8 time window
[LOCAL ZONE] Building diamond bucket for conflict 95
[LOCAL ZONE] Built diamond bucket for conflict 95 with 8 positions, 1 conflicts, 8 - 8 time window
[LNS] Selected most relevant bucket 1 with time window: 8 - 9, 2 conflicts and 8 positions.
[LNS] Solving the best bucket Local Zone...
[Solve_local_zone] Current local zone size: 8 (0.78125% of all walkable positions)
[Solve_local_zone] Local zone time window: [7, 10]
[Waiting_time_Solve] Agent 0 has waiting time 31
[Waiting_time_Solve] Agent 1 has waiting time 21
[Waiting_time_Solve] Agent 2 has waiting time 32
[Waiting_time_Solve] Agent 3 has waiting time 16
[Waiting_time_Solve] Agent 4 has waiting time 10
[Waiting_time_Solve] Agent 5 has waiting time 10
[Waiting_time_Solve] Agent 6 has waiting time 37
[Waiting_time_Solve] Agent 7 has waiting time 16
[Waiting_time_Solve] Agent 8 has waiting time 27
[Waiting_time_Solve] Agent 9 has waiting time 15
[Waiting_time_Solve] Agent 10 has waiting time 32
[Waiting_time_Solve] Agent 11 has waiting time 12
[Waiting_time_Solve] Agent 12 has waiting time 30
[Waiting_time_Solve] Agent 13 has waiting time 34
[Waiting_time_Solve] Agent 14 has waiting time 37
[Waiting_time_Solve] Agent 15 has waiting time 15
[Waiting_time_Solve] Agent 16 has waiting time 5
[Waiting_time_Solve] Agent 17 has waiting time 5
[Waiting_time_Solve] Agent 18 has waiting time 27
[Waiting_time_Solve] Agent 19 has waiting time 11
[Waiting_time_Solve] Agent 20 has waiting time 8
[Waiting_time_Solve] Agent 21 has waiting time 23
[Waiting_time_Solve] Agent 22 has waiting time 16
[Waiting_time_Solve] Agent 23 has waiting time 28
[Waiting_time_Solve] Agent 24 has waiting time 23
[Waiting_time_Solve] Agent 25 has waiting time 33
[Waiting_time_Solve] Agent 26 has waiting time 15
[Waiting_time_Solve] Agent 27 has waiting time 35
[Waiting_time_Solve] Agent 28 has waiting time 39
[Waiting_time_Solve] Agent 29 has waiting time 27
[Waiting_time_Solve] Agent 30 has waiting time 18
[Waiting_time_Solve] Agent 31 has waiting time 29
[Waiting_time_Solve] Agent 32 has waiting time 26
[Waiting_time_Solve] Agent 33 has waiting time 15
[Waiting_time_Solve] Agent 34 has waiting time 20
[Waiting_time_Solve] Agent 35 has waiting time 34
[Waiting_time_Solve] Agent 36 has waiting time 20
[Waiting_time_Solve] Agent 37 has waiting time 25
[Waiting_time_Solve] Agent 38 has waiting time 32
[Waiting_time_Solve] Agent 39 has waiting time 14
[Waiting_time_Solve] Agent 40 has waiting time 25
[Waiting_time_Solve] Agent 41 has waiting time 32
[Waiting_time_Solve] Agent 42 has waiting time 17
[Waiting_time_Solve] Agent 43 has waiting time 34
[Waiting_time_Solve] Agent 44 has waiting time 17
[Waiting_time_Solve] Agent 45 has waiting time 21
[Waiting_time_Solve] Agent 46 has waiting time 31
[Waiting_time_Solve] Agent 47 has waiting time 17
[Waiting_time_Solve] Agent 48 has waiting time 27
[Waiting_time_Solve] Agent 49 has waiting time 35
[Waiting_time_Solve] Agent 50 has waiting time 9
[Waiting_time_Solve] Agent 51 has waiting time 26
[Waiting_time_Solve] Agent 52 has waiting time 0
[Waiting_time_Solve] Agent 53 has waiting time 24
[Waiting_time_Solve] Agent 54 has waiting time 24
[Waiting_time_Solve] Agent 55 has waiting time 25
[Waiting_time_Solve] Agent 56 has waiting time 37
[Waiting_time_Solve] Agent 57 has waiting time 36
[Waiting_time_Solve] Agent 58 has waiting time 34
[Waiting_time_Solve] Agent 59 has waiting time 27
[Waiting_time_Solve] Agent 60 has waiting time 34
[Waiting_time_Solve] Agent 61 has waiting time 3
[Waiting_time_Solve] Agent 62 has waiting time 17
[Waiting_time_Solve] Agent 63 has waiting time 26
[Waiting_time_Solve] Agent 64 has waiting time 24
[Waiting_time_Solve] Agent 65 has waiting time 22
[Waiting_time_Solve] Agent 66 has waiting time 21
[Waiting_time_Solve] Agent 67 has waiting time 26
[Waiting_time_Solve] Agent 68 has waiting time 22
[Waiting_time_Solve] Agent 69 has waiting time 25
[Waiting_time_Solve] Agent 70 has waiting time 31
[Waiting_time_Solve] Agent 71 has waiting time 19
[Waiting_time_Solve] Agent 72 has waiting time 29
[Waiting_time_Solve] Agent 73 has waiting time 40
[Waiting_time_Solve] Agent 74 has waiting time 29
[Waiting_time_Solve] Agent 75 has waiting time 22
[Waiting_time_Solve] Agent 76 has waiting time 28
[Waiting_time_Solve] Agent 77 has waiting time 13
[Waiting_time_Solve] Agent 78 has waiting time 23
[Waiting_time_Solve] Agent 79 has waiting time 22
[Waiting_time_Solve] Agent 80 has waiting time 37
[Waiting_time_Solve] Agent 81 has waiting time 31
[Waiting_time_Solve] Agent 82 has waiting time 20
[Waiting_time_Solve] Agent 83 has waiting time 33
[Waiting_time_Solve] Agent 84 has waiting time 10
[Waiting_time_Solve] Agent 85 has waiting time 35
[Waiting_time_Solve] Agent 86 has waiting time 37
[Waiting_time_Solve] Agent 87 has waiting time 29
[Waiting_time_Solve] Agent 88 has waiting time 10
[Waiting_time_Solve] Agent 89 has waiting time 7
[Waiting_time_Solve] Agent 90 has waiting time 29
[Waiting_time_Solve] Agent 91 has waiting time 23
[Waiting_time_Solve] Agent 92 has waiting time 24
[Waiting_time_Solve] Agent 93 has waiting time 23
[Waiting_time_Solve] Agent 94 has waiting time 35
[Waiting_time_Solve] Agent 95 has waiting time 41
[Waiting_time_Solve] Agent 96 has waiting time 21
[Waiting_time_Solve] Agent 97 has waiting time 24
[Waiting_time_Solve] Agent 98 has waiting time 36
[Waiting_time_Solve] Agent 99 has waiting time 16
[Waiting_time_Solve] Total available waiting time: 2398
[Waiting_time_Solve] Max iterations: 2398
[Waiting_time_Solve] Iteration 0...
[SAT] Start solving CNF: 19 clauses and 11 variables
[SAT] Agent 77 entry time: 7 exit time: 9
[SAT] Agent 35 entry time: 8 exit time: 10
[SAT] Agent 3 entry time: 7 exit time: 10

[SAT] Start time: 7 End time: 10

[SAT] Solving local zone with SAT iteration 1...
[SAT] Local CNF: 19 clauses 

DEBUG: Adding 19 new clauses to MiniSAT (incremental run)
DEBUG: Clause load summary: input=19, added=19, tautologies_skipped=0, duplicates_skipped=0, unit_clauses=9, empties=0, intra_clause_literals_removed=0, added_but_db_unchanged=7
DEBUG: After adding clauses, solver has 3 clauses and 11 variables
DEBUG: MiniSAT found 11 variables
DEBUG: Assignment size: 11
DEBUG: First few assignment values: 1 1 1 1 1 1 1 1 0 1 

=== DEBUG: cnf_assignment_to_paths ===
Input assignment size: 11

=== END DEBUG ===
[SAT] Found 1 vertex collisions and 0 edge collisions
[SAT] Adding collision clauses and solving again...
[SAT] Solving local zone with SAT iteration 2...
[SAT] Local CNF: 20 clauses 

DEBUG: Adding 1 new clauses to MiniSAT (incremental run)
[SAT] Local problem appears to be unsatisfiable in current zone
[Waiting_time_Solve] No solution found, trying to apply waiting time:1
[Waiting_time_Solve] Applying waiting time 1 to agent 3 who has waiting time 16
[Waiting_time_Solve] New path is consistent after applying waiting time for agent 3
[Current_Solution] Agent 3 used 1 waiting timesteps, 15 remaining
[Waiting_time_Solve] Applied 1 waiting time  for agent 3 who has waiting time 15
[Waiting_time_Solve] ALL Waiting time applied
[Waiting_time_Solve] Extended Zone end time from 10 to 11
[Waiting_time_Solve] Iteration 1...
[SAT] Start solving CNF: 31 clauses and 16 variables
[SAT] Agent 77 entry time: 7 exit time: 9
[SAT] Agent 35 entry time: 8 exit time: 10
[SAT] Agent 3 entry time: 7 exit time: 11

[SAT] Start time: 7 End time: 11

[SAT] Solving local zone with SAT iteration 1...
[SAT] Local CNF: 32 clauses 

DEBUG: Adding 32 new clauses to MiniSAT (incremental run)
DEBUG: Clause load summary: input=32, added=32, tautologies_skipped=0, duplicates_skipped=0, unit_clauses=8, empties=0, intra_clause_literals_removed=0, added_but_db_unchanged=8
DEBUG: After adding clauses, solver has 16 clauses and 16 variables
DEBUG: MiniSAT found 16 variables
DEBUG: Assignment size: 16
DEBUG: First few assignment values: 1 1 1 1 1 1 1 0 1 0 

=== DEBUG: cnf_assignment_to_paths ===
Input assignment size: 16

=== END DEBUG ===
[SAT] Found 0 vertex collisions and 1 edge collisions
[SAT] Adding collision clauses and solving again...
[SAT] Solving local zone with SAT iteration 2...
[SAT] Local CNF: 33 clauses 

DEBUG: Adding 1 new clauses to MiniSAT (incremental run)
[SAT] Local problem appears to be unsatisfiable in current zone
[Waiting_time_Solve] No solution found, trying to apply waiting time:2
[Waiting_time_Solve] Applying waiting time 2 to agent 3 who has waiting time 15
[Waiting_time_Solve] New path is consistent after applying waiting time for agent 3
[Current_Solution] Agent 3 used 2 waiting timesteps, 13 remaining
[Waiting_time_Solve] Applied 2 waiting time  for agent 3 who has waiting time 13
[Waiting_time_Solve] ALL Waiting time applied
[Waiting_time_Solve] Extended Zone end time from 11 to 13
[Create_Local_Problem] Agent 11 is new in the zone
[Waiting_time_Solve] Iteration 2...
[SAT] Start solving CNF: 102 clauses and 34 variables
[SAT] Agent 11 entry time: 12 exit time: 13
[SAT] Agent 77 entry time: 7 exit time: 9
[SAT] Agent 35 entry time: 8 exit time: 10
[SAT] Agent 3 entry time: 7 exit time: 13

[SAT] Start time: 7 End time: 13

[SAT] Solving local zone with SAT iteration 1...
[SAT] Local CNF: 104 clauses 

DEBUG: Adding 104 new clauses to MiniSAT (incremental run)
DEBUG: Clause load summary: input=104, added=104, tautologies_skipped=0, duplicates_skipped=0, unit_clauses=10, empties=0, intra_clause_literals_removed=0, added_but_db_unchanged=10
DEBUG: After adding clauses, solver has 84 clauses and 34 variables
DEBUG: MiniSAT found 34 variables
DEBUG: Assignment size: 34
DEBUG: First few assignment values: 1 1 1 1 1 1 1 1 1 0 

=== DEBUG: cnf_assignment_to_paths ===
Input assignment size: 34

=== END DEBUG ===
[SAT] Found 1 vertex collisions and 0 edge collisions
[SAT] Adding collision clauses and solving again...
[SAT] Solving local zone with SAT iteration 2...
[SAT] Local CNF: 105 clauses 

DEBUG: Adding 1 new clauses to MiniSAT (incremental run)
[SAT] Local problem appears to be unsatisfiable in current zone
[Waiting_time_Solve] No solution found, trying to apply waiting time:3
[Waiting_time_Solve] Applying waiting time 3 to agent 77 who has waiting time 13
[Waiting_time_Solve] New path is consistent after applying waiting time for agent 77
[Current_Solution] Agent 77 used 3 waiting timesteps, 10 remaining
[Waiting_time_Solve] Applied 3 waiting time  for agent 77 who has waiting time 10
[Waiting_time_Solve] ALL Waiting time applied
[Waiting_time_Solve] Iteration 3...
[SAT] Start solving CNF: 149 clauses and 49 variables
[SAT] Agent 11 entry time: 12 exit time: 13
[SAT] Agent 77 entry time: 7 exit time: 12
[SAT] Agent 35 entry time: 8 exit time: 10
[SAT] Agent 3 entry time: 7 exit time: 13

[SAT] Start time: 7 End time: 13

[SAT] Solving local zone with SAT iteration 1...
[SAT] Local CNF: 152 clauses 

DEBUG: Adding 152 new clauses to MiniSAT (incremental run)
DEBUG: Clause load summary: input=152, added=152, tautologies_skipped=0, duplicates_skipped=0, unit_clauses=9, empties=0, intra_clause_literals_removed=0, added_but_db_unchanged=8
DEBUG: After adding clauses, solver has 135 clauses and 49 variables
DEBUG: MiniSAT found 49 variables
DEBUG: Assignment size: 49
DEBUG: First few assignment values: 1 1 1 0 0 1 1 0 0 0 

=== DEBUG: cnf_assignment_to_paths ===
Input assignment size: 49

=== END DEBUG ===
[SAT] Found 2 vertex collisions and 0 edge collisions
[SAT] Adding collision clauses and solving again...
[SAT] Solving local zone with SAT iteration 2...
[SAT] Local CNF: 154 clauses 

DEBUG: Adding 2 new clauses to MiniSAT (incremental run)
[SAT] Local problem appears to be unsatisfiable in current zone
[Waiting_time_Solve] No solution found, trying to apply waiting time:4
[Waiting_time_Solve] Applying waiting time 4 to agent 11 who has waiting time 12
[Waiting_time_Solve] New path is consistent after applying waiting time for agent 11
[Current_Solution] Agent 11 used 4 waiting timesteps, 8 remaining
[Waiting_time_Solve] Applied 4 waiting time  for agent 11 who has waiting time 8
[Waiting_time_Solve] Applying waiting time 4 to agent 3 who has waiting time 13
[Waiting_time_Solve] New path is consistent after applying waiting time for agent 3
[Current_Solution] Agent 3 used 4 waiting timesteps, 9 remaining
[Waiting_time_Solve] Applied 4 waiting time  for agent 3 who has waiting time 9
[Waiting_time_Solve] ALL Waiting time applied
[Waiting_time_Solve] Extended Zone end time from 13 to 17
[Create_Local_Problem] Agent 16 is new in the zone
[Create_Local_Problem] Agent 42 is new in the zone
[Waiting_time_Solve] Iteration 4...
[SAT] Start solving CNF: 374 clauses and 104 variables
[SAT] Agent 11 entry time: 12 exit time: 17
[SAT] Agent 77 entry time: 7 exit time: 12
[SAT] Agent 35 entry time: 8 exit time: 10
[SAT] Agent 42 entry time: 15 exit time: 15
[SAT] Agent 16 entry time: 16 exit time: 17
[SAT] Agent 3 entry time: 7 exit time: 17

[SAT] Start time: 7 End time: 17

[SAT] Solving local zone with SAT iteration 1...
[SAT] Local CNF: 379 clauses 

DEBUG: Adding 379 new clauses to MiniSAT (incremental run)
[SAT] Local problem appears to be unsatisfiable in current zone
[Waiting_time_Solve] No solution found, trying to apply waiting time:5
[Waiting_time_Solve] No waiting time applied
[Waiting_time_Solve] No solution found
[Waiting_time_Solve] Restoring original paths
[Waiting_time_Solve] Restoring waiting times
[Current_Solution] Restored waiting times from backup
[Current_Solution] Restored paths from backup
[Solve_local_zone] Zone with expansion factor 0failed
[Solve_local_zone] Expanding zone with offset 2 (original: 1)
[Solve_local_zone] Final expanded zone contains 18 positions with 2 conflicts 
[Solve_local_zone] New time window: [6, 11]
[Solve_local_zone] Current local zone size: 18 (1.75781% of all walkable positions)
[Solve_local_zone] Local zone time window: [6, 11]
[Current_Solution] Agent 95 used 7 waiting timesteps, 34 remaining
[Waiting_time_Solve] Agent 0 has waiting time 31
[Waiting_time_Solve] Agent 1 has waiting time 21
[Waiting_time_Solve] Agent 2 has waiting time 32
[Waiting_time_Solve] Agent 3 has waiting time 16
[Waiting_time_Solve] Agent 4 has waiting time 10
[Waiting_time_Solve] Agent 5 has waiting time 10
[Waiting_time_Solve] Agent 6 has waiting time 37
[Waiting_time_Solve] Agent 7 has waiting time 16
[Waiting_time_Solve] Agent 8 has waiting time 27
[Waiting_time_Solve] Agent 9 has waiting time 15
[Waiting_time_Solve] Agent 10 has waiting time 32
[Waiting_time_Solve] Agent 11 has waiting time 12
[Waiting_time_Solve] Agent 12 has waiting time 30
[Waiting_time_Solve] Agent 13 has waiting time 34
[Waiting_time_Solve] Agent 14 has waiting time 37
[Waiting_time_Solve] Agent 15 has waiting time 15
[Waiting_time_Solve] Agent 16 has waiting time 5
[Waiting_time_Solve] Agent 17 has waiting time 5
[Waiting_time_Solve] Agent 18 has waiting time 27
[Waiting_time_Solve] Agent 19 has waiting time 11
[Waiting_time_Solve] Agent 20 has waiting time 8
[Waiting_time_Solve] Agent 21 has waiting time 23
[Waiting_time_Solve] Agent 22 has waiting time 16
[Waiting_time_Solve] Agent 23 has waiting time 28
[Waiting_time_Solve] Agent 24 has waiting time 23
[Waiting_time_Solve] Agent 25 has waiting time 33
[Waiting_time_Solve] Agent 26 has waiting time 15
[Waiting_time_Solve] Agent 27 has waiting time 35
[Waiting_time_Solve] Agent 28 has waiting time 39
[Waiting_time_Solve] Agent 29 has waiting time 27
[Waiting_time_Solve] Agent 30 has waiting time 18
[Waiting_time_Solve] Agent 31 has waiting time 29
[Waiting_time_Solve] Agent 32 has waiting time 26
[Waiting_time_Solve] Agent 33 has waiting time 15
[Waiting_time_Solve] Agent 34 has waiting time 20
[Waiting_time_Solve] Agent 35 has waiting time 34
[Waiting_time_Solve] Agent 36 has waiting time 20
[Waiting_time_Solve] Agent 37 has waiting time 25
[Waiting_time_Solve] Agent 38 has waiting time 32
[Waiting_time_Solve] Agent 39 has waiting time 14
[Waiting_time_Solve] Agent 40 has waiting time 25
[Waiting_time_Solve] Agent 41 has waiting time 32
[Waiting_time_Solve] Agent 42 has waiting time 17
[Waiting_time_Solve] Agent 43 has waiting time 34
[Waiting_time_Solve] Agent 44 has waiting time 17
[Waiting_time_Solve] Agent 45 has waiting time 21
[Waiting_time_Solve] Agent 46 has waiting time 31
[Waiting_time_Solve] Agent 47 has waiting time 17
[Waiting_time_Solve] Agent 48 has waiting time 27
[Waiting_time_Solve] Agent 49 has waiting time 35
[Waiting_time_Solve] Agent 50 has waiting time 9
[Waiting_time_Solve] Agent 51 has waiting time 26
[Waiting_time_Solve] Agent 52 has waiting time 0
[Waiting_time_Solve] Agent 53 has waiting time 24
[Waiting_time_Solve] Agent 54 has waiting time 24
[Waiting_time_Solve] Agent 55 has waiting time 25
[Waiting_time_Solve] Agent 56 has waiting time 37
[Waiting_time_Solve] Agent 57 has waiting time 36
[Waiting_time_Solve] Agent 58 has waiting time 34
[Waiting_time_Solve] Agent 59 has waiting time 27
[Waiting_time_Solve] Agent 60 has waiting time 34
[Waiting_time_Solve] Agent 61 has waiting time 3
[Waiting_time_Solve] Agent 62 has waiting time 17
[Waiting_time_Solve] Agent 63 has waiting time 26
[Waiting_time_Solve] Agent 64 has waiting time 24
[Waiting_time_Solve] Agent 65 has waiting time 22
[Waiting_time_Solve] Agent 66 has waiting time 21
[Waiting_time_Solve] Agent 67 has waiting time 26
[Waiting_time_Solve] Agent 68 has waiting time 22
[Waiting_time_Solve] Agent 69 has waiting time 25
[Waiting_time_Solve] Agent 70 has waiting time 31
[Waiting_time_Solve] Agent 71 has waiting time 19
[Waiting_time_Solve] Agent 72 has waiting time 29
[Waiting_time_Solve] Agent 73 has waiting time 40
[Waiting_time_Solve] Agent 74 has waiting time 29
[Waiting_time_Solve] Agent 75 has waiting time 22
[Waiting_time_Solve] Agent 76 has waiting time 28
[Waiting_time_Solve] Agent 77 has waiting time 13
[Waiting_time_Solve] Agent 78 has waiting time 23
[Waiting_time_Solve] Agent 79 has waiting time 22
[Waiting_time_Solve] Agent 80 has waiting time 37
[Waiting_time_Solve] Agent 81 has waiting time 31
[Waiting_time_Solve] Agent 82 has waiting time 20
[Waiting_time_Solve] Agent 83 has waiting time 33
[Waiting_time_Solve] Agent 84 has waiting time 10
[Waiting_time_Solve] Agent 85 has waiting time 35
[Waiting_time_Solve] Agent 86 has waiting time 37
[Waiting_time_Solve] Agent 87 has waiting time 29
[Waiting_time_Solve] Agent 88 has waiting time 10
[Waiting_time_Solve] Agent 89 has waiting time 7
[Waiting_time_Solve] Agent 90 has waiting time 29
[Waiting_time_Solve] Agent 91 has waiting time 23
[Waiting_time_Solve] Agent 92 has waiting time 24
[Waiting_time_Solve] Agent 93 has waiting time 23
[Waiting_time_Solve] Agent 94 has waiting time 35
[Waiting_time_Solve] Agent 95 has waiting time 34
[Waiting_time_Solve] Agent 96 has waiting time 21
[Waiting_time_Solve] Agent 97 has waiting time 24
[Waiting_time_Solve] Agent 98 has waiting time 36
[Waiting_time_Solve] Agent 99 has waiting time 16
[Waiting_time_Solve] Total available waiting time: 2391
[Waiting_time_Solve] Max iterations: 2391
[Waiting_time_Solve] Iteration 0...
[SAT] Start solving CNF: 137 clauses and 49 variables
[SAT] Agent 95 entry time: 6 exit time: 11
[SAT] Agent 77 entry time: 6 exit time: 10
[SAT] Agent 41 entry time: 10 exit time: 10
[SAT] Agent 35 entry time: 7 exit time: 11
[SAT] Agent 11 entry time: 11 exit time: 11
[SAT] Agent 3 entry time: 6 exit time: 11

[SAT] Start time: 6 End time: 11

[SAT] Solving local zone with SAT iteration 1...
[SAT] Local CNF: 137 clauses 

DEBUG: Adding 137 new clauses to MiniSAT (incremental run)
DEBUG: Clause load summary: input=137, added=137, tautologies_skipped=0, duplicates_skipped=0, unit_clauses=14, empties=0, intra_clause_literals_removed=0, added_but_db_unchanged=12
DEBUG: After adding clauses, solver has 111 clauses and 49 variables
DEBUG: MiniSAT found 49 variables
DEBUG: Assignment size: 49
DEBUG: First few assignment values: 1 0 1 0 0 1 0 0 0 0 

=== DEBUG: cnf_assignment_to_paths ===
Input assignment size: 49

=== END DEBUG ===
[SAT] Found 2 vertex collisions and 0 edge collisions
[SAT] Adding collision clauses and solving again...
[SAT] Solving local zone with SAT iteration 2...
[SAT] Local CNF: 139 clauses 

DEBUG: Adding 2 new clauses to MiniSAT (incremental run)
DEBUG: Clause load summary: input=2, added=2, tautologies_skipped=0, duplicates_skipped=0, unit_clauses=0, empties=0, intra_clause_literals_removed=0, added_but_db_unchanged=2
DEBUG: After adding clauses, solver has 111 clauses and 49 variables
DEBUG: MiniSAT found 49 variables
DEBUG: Assignment size: 49
DEBUG: First few assignment values: 1 0 1 0 0 1 0 0 0 0 

=== DEBUG: cnf_assignment_to_paths ===
Input assignment size: 49

=== END DEBUG ===
[SAT] Found 0 vertex collisions and 0 edge collisions
[SAT] Found collision-free local solution!
[Waiting_time_Solve] Solution found, updating global solution
[LNS] Updating global solution with pseudo-agent local paths...
[Current_Solution] Updating global solution for agent 95
[Current_Solution] Global solution is consistent after updating with local path
[LNS] Successfully updated global solution with pseudo-agent local paths!
[Current_Solution] Updating global solution for agent 77
[Current_Solution] Global solution is consistent after updating with local path
[LNS] Successfully updated global solution with pseudo-agent local paths!
[Current_Solution] Updating global solution for agent 41
[Current_Solution] Global solution is consistent after updating with local path
[LNS] Successfully updated global solution with pseudo-agent local paths!
[Current_Solution] Updating global solution for agent 35
[Current_Solution] Global solution is consistent after updating with local path
[LNS] Successfully updated global solution with pseudo-agent local paths!
[Current_Solution] Updating global solution for agent 11
[Current_Solution] Global solution is consistent after updating with local path
[LNS] Successfully updated global solution with pseudo-agent local paths!
[Current_Solution] Updating global solution for agent 3
[Current_Solution] Global solution is consistent after updating with local path
[LNS] Successfully updated global solution with pseudo-agent local paths!
[LNS] Updating path map with new local paths...
[LNS] Successfully updated global solution with local paths and pseudo agents!
[Solve_local_zone] Successfully solved local zone
[Solve_local_zone] Final local zone size: 18 (1.75781% of all walkable positions)
[LNS] Successfully solved local zone
[LNS] Analyzing conflicts...
[LNS] Current solution: vertex collisions=92, edge collisions=7
[LNS] Creating conflict buckets...
[LOCAL ZONE] Building diamond bucket for conflict 0
[LOCAL ZONE] Built diamond bucket for conflict 0 with 5 positions, 1 conflicts, 8 - 8 time window
[LOCAL ZONE] Building diamond bucket for conflict 92
[LOCAL ZONE] Built diamond bucket for conflict 92 with 8 positions, 1 conflicts, 8 - 8 time window
[LOCAL ZONE] Building diamond bucket for conflict 93
[LOCAL ZONE] Built diamond bucket for conflict 93 with 8 positions, 1 conflicts, 8 - 8 time window
[LNS] Selected most relevant bucket 92 with time window: 8 - 8, 1 conflicts and 8 positions.
[LNS] Solving the best bucket Local Zone...
[Solve_local_zone] Current local zone size: 8 (0.78125% of all walkable positions)
[Solve_local_zone] Local zone time window: [7, 9]
[Waiting_time_Solve] Agent 0 has waiting time 31
[Waiting_time_Solve] Agent 1 has waiting time 21
[Waiting_time_Solve] Agent 2 has waiting time 32
[Waiting_time_Solve] Agent 3 has waiting time 16
[Waiting_time_Solve] Agent 4 has waiting time 10
[Waiting_time_Solve] Agent 5 has waiting time 10
[Waiting_time_Solve] Agent 6 has waiting time 37
[Waiting_time_Solve] Agent 7 has waiting time 16
[Waiting_time_Solve] Agent 8 has waiting time 27
[Waiting_time_Solve] Agent 9 has waiting time 15
[Waiting_time_Solve] Agent 10 has waiting time 32
[Waiting_time_Solve] Agent 11 has waiting time 12
[Waiting_time_Solve] Agent 12 has waiting time 30
[Waiting_time_Solve] Agent 13 has waiting time 34
[Waiting_time_Solve] Agent 14 has waiting time 37
[Waiting_time_Solve] Agent 15 has waiting time 15
[Waiting_time_Solve] Agent 16 has waiting time 5
[Waiting_time_Solve] Agent 17 has waiting time 5
[Waiting_time_Solve] Agent 18 has waiting time 27
[Waiting_time_Solve] Agent 19 has waiting time 11
[Waiting_time_Solve] Agent 20 has waiting time 8
[Waiting_time_Solve] Agent 21 has waiting time 23
[Waiting_time_Solve] Agent 22 has waiting time 16
[Waiting_time_Solve] Agent 23 has waiting time 28
[Waiting_time_Solve] Agent 24 has waiting time 23
[Waiting_time_Solve] Agent 25 has waiting time 33
[Waiting_time_Solve] Agent 26 has waiting time 15
[Waiting_time_Solve] Agent 27 has waiting time 35
[Waiting_time_Solve] Agent 28 has waiting time 39
[Waiting_time_Solve] Agent 29 has waiting time 27
[Waiting_time_Solve] Agent 30 has waiting time 18
[Waiting_time_Solve] Agent 31 has waiting time 29
[Waiting_time_Solve] Agent 32 has waiting time 26
[Waiting_time_Solve] Agent 33 has waiting time 15
[Waiting_time_Solve] Agent 34 has waiting time 20
[Waiting_time_Solve] Agent 35 has waiting time 34
[Waiting_time_Solve] Agent 36 has waiting time 20
[Waiting_time_Solve] Agent 37 has waiting time 25
[Waiting_time_Solve] Agent 38 has waiting time 32
[Waiting_time_Solve] Agent 39 has waiting time 14
[Waiting_time_Solve] Agent 40 has waiting time 25
[Waiting_time_Solve] Agent 41 has waiting time 32
[Waiting_time_Solve] Agent 42 has waiting time 17
[Waiting_time_Solve] Agent 43 has waiting time 34
[Waiting_time_Solve] Agent 44 has waiting time 17
[Waiting_time_Solve] Agent 45 has waiting time 21
[Waiting_time_Solve] Agent 46 has waiting time 31
[Waiting_time_Solve] Agent 47 has waiting time 17
[Waiting_time_Solve] Agent 48 has waiting time 27
[Waiting_time_Solve] Agent 49 has waiting time 35
[Waiting_time_Solve] Agent 50 has waiting time 9
[Waiting_time_Solve] Agent 51 has waiting time 26
[Waiting_time_Solve] Agent 52 has waiting time 0
[Waiting_time_Solve] Agent 53 has waiting time 24
[Waiting_time_Solve] Agent 54 has waiting time 24
[Waiting_time_Solve] Agent 55 has waiting time 25
[Waiting_time_Solve] Agent 56 has waiting time 37
[Waiting_time_Solve] Agent 57 has waiting time 36
[Waiting_time_Solve] Agent 58 has waiting time 34
[Waiting_time_Solve] Agent 59 has waiting time 27
[Waiting_time_Solve] Agent 60 has waiting time 34
[Waiting_time_Solve] Agent 61 has waiting time 3
[Waiting_time_Solve] Agent 62 has waiting time 17
[Waiting_time_Solve] Agent 63 has waiting time 26
[Waiting_time_Solve] Agent 64 has waiting time 24
[Waiting_time_Solve] Agent 65 has waiting time 22
[Waiting_time_Solve] Agent 66 has waiting time 21
[Waiting_time_Solve] Agent 67 has waiting time 26
[Waiting_time_Solve] Agent 68 has waiting time 22
[Waiting_time_Solve] Agent 69 has waiting time 25
[Waiting_time_Solve] Agent 70 has waiting time 31
[Waiting_time_Solve] Agent 71 has waiting time 19
[Waiting_time_Solve] Agent 72 has waiting time 29
[Waiting_time_Solve] Agent 73 has waiting time 40
[Waiting_time_Solve] Agent 74 has waiting time 29
[Waiting_time_Solve] Agent 75 has waiting time 22
[Waiting_time_Solve] Agent 76 has waiting time 28
[Waiting_time_Solve] Agent 77 has waiting time 13
[Waiting_time_Solve] Agent 78 has waiting time 23
[Waiting_time_Solve] Agent 79 has waiting time 22
[Waiting_time_Solve] Agent 80 has waiting time 37
[Waiting_time_Solve] Agent 81 has waiting time 31
[Waiting_time_Solve] Agent 82 has waiting time 20
[Waiting_time_Solve] Agent 83 has waiting time 33
[Waiting_time_Solve] Agent 84 has waiting time 10
[Waiting_time_Solve] Agent 85 has waiting time 35
[Waiting_time_Solve] Agent 86 has waiting time 37
[Waiting_time_Solve] Agent 87 has waiting time 29
[Waiting_time_Solve] Agent 88 has waiting time 10
[Waiting_time_Solve] Agent 89 has waiting time 7
[Waiting_time_Solve] Agent 90 has waiting time 29
[Waiting_time_Solve] Agent 91 has waiting time 23
[Waiting_time_Solve] Agent 92 has waiting time 24
[Waiting_time_Solve] Agent 93 has waiting time 23
[Waiting_time_Solve] Agent 94 has waiting time 35
[Waiting_time_Solve] Agent 95 has waiting time 34
[Waiting_time_Solve] Agent 96 has waiting time 21
[Waiting_time_Solve] Agent 97 has waiting time 24
[Waiting_time_Solve] Agent 98 has waiting time 36
[Waiting_time_Solve] Agent 99 has waiting time 16
[Waiting_time_Solve] Total available waiting time: 2391
[Waiting_time_Solve] Max iterations: 2391
[Waiting_time_Solve] Iteration 0...
[SAT] Start solving CNF: 13 clauses and 8 variables
[SAT] Agent 81 entry time: 7 exit time: 9
[SAT] Agent 34 entry time: 7 exit time: 9
[SAT] Agent 8 entry time: 7 exit time: 8

[SAT] Start time: 7 End time: 9

[SAT] Solving local zone with SAT iteration 1...
[SAT] Local CNF: 13 clauses 

DEBUG: Adding 13 new clauses to MiniSAT (incremental run)
DEBUG: Clause load summary: input=13, added=13, tautologies_skipped=0, duplicates_skipped=0, unit_clauses=8, empties=0, intra_clause_literals_removed=0, added_but_db_unchanged=5
DEBUG: After adding clauses, solver has 0 clauses and 8 variables
DEBUG: MiniSAT found 8 variables
DEBUG: Assignment size: 8
DEBUG: First few assignment values: 1 1 1 1 1 1 1 1 

=== DEBUG: cnf_assignment_to_paths ===
Input assignment size: 8

=== END DEBUG ===
[SAT] Found 0 vertex collisions and 1 edge collisions
[SAT] Adding collision clauses and solving again...
[SAT] Solving local zone with SAT iteration 2...
[SAT] Local CNF: 14 clauses 

DEBUG: Adding 1 new clauses to MiniSAT (incremental run)
[SAT] Local problem appears to be unsatisfiable in current zone
[Waiting_time_Solve] No solution found, trying to apply waiting time:1
[Waiting_time_Solve] Applying waiting time 1 to agent 81 who has waiting time 31
[Waiting_time_Solve] New path is consistent after applying waiting time for agent 81
[Current_Solution] Agent 81 used 1 waiting timesteps, 30 remaining
[Waiting_time_Solve] Applied 1 waiting time  for agent 81 who has waiting time 30
[Waiting_time_Solve] ALL Waiting time applied
[Waiting_time_Solve] Extended Zone end time from 9 to 10
[Create_Local_Problem] Agent 49 is new in the zone
[Waiting_time_Solve] Iteration 1...
[SAT] Start solving CNF: 22 clauses and 13 variables
[SAT] Agent 49 entry time: 10 exit time: 10
[SAT] Agent 81 entry time: 7 exit time: 10
[SAT] Agent 34 entry time: 7 exit time: 10
[SAT] Agent 8 entry time: 7 exit time: 8

[SAT] Start time: 7 End time: 10

[SAT] Solving local zone with SAT iteration 1...
[SAT] Local CNF: 23 clauses 

DEBUG: Adding 23 new clauses to MiniSAT (incremental run)
DEBUG: Clause load summary: input=23, added=23, tautologies_skipped=0, duplicates_skipped=0, unit_clauses=9, empties=0, intra_clause_literals_removed=0, added_but_db_unchanged=6
DEBUG: After adding clauses, solver has 8 clauses and 13 variables
DEBUG: MiniSAT found 13 variables
DEBUG: Assignment size: 13
DEBUG: First few assignment values: 1 1 0 1 0 1 1 1 1 1 

=== DEBUG: cnf_assignment_to_paths ===
Input assignment size: 13

=== END DEBUG ===
[SAT] Found 1 vertex collisions and 0 edge collisions
[SAT] Adding collision clauses and solving again...
[SAT] Solving local zone with SAT iteration 2...
[SAT] Local CNF: 24 clauses 

DEBUG: Adding 1 new clauses to MiniSAT (incremental run)
[SAT] Local problem appears to be unsatisfiable in current zone
[Waiting_time_Solve] No solution found, trying to apply waiting time:2
[Waiting_time_Solve] Applying waiting time 2 to agent 81 who has waiting time 30
[Waiting_time_Solve] New path is consistent after applying waiting time for agent 81
[Current_Solution] Agent 81 used 2 waiting timesteps, 28 remaining
[Waiting_time_Solve] Applied 2 waiting time  for agent 81 who has waiting time 28
[Waiting_time_Solve] ALL Waiting time applied
[Waiting_time_Solve] Extended Zone end time from 10 to 12
[Create_Local_Problem] Agent 22 is new in the zone
[Create_Local_Problem] Agent 32 is new in the zone
[Current_Solution] Agent 49 used 2 waiting timesteps, 33 remaining
[Waiting_time_Solve] Iteration 2...
[SAT] Start solving CNF: 100 clauses and 36 variables
[SAT] Agent 32 entry time: 11 exit time: 12
[SAT] Agent 22 entry time: 12 exit time: 12
[SAT] Agent 49 entry time: 10 exit time: 12
[SAT] Agent 81 entry time: 7 exit time: 12
[SAT] Agent 34 entry time: 7 exit time: 10
[SAT] Agent 8 entry time: 7 exit time: 8

[SAT] Start time: 7 End time: 12

[SAT] Solving local zone with SAT iteration 1...
[SAT] Local CNF: 102 clauses 

DEBUG: Adding 102 new clauses to MiniSAT (incremental run)
DEBUG: Clause load summary: input=102, added=102, tautologies_skipped=0, duplicates_skipped=0, unit_clauses=13, empties=0, intra_clause_literals_removed=0, added_but_db_unchanged=14
DEBUG: After adding clauses, solver has 75 clauses and 36 variables
DEBUG: MiniSAT found 36 variables
DEBUG: Assignment size: 36
DEBUG: First few assignment values: 1 1 1 1 0 1 0 1 1 1 

=== DEBUG: cnf_assignment_to_paths ===
Input assignment size: 36

=== END DEBUG ===
[SAT] Found 0 vertex collisions and 0 edge collisions
[SAT] Found collision-free local solution!
[Waiting_time_Solve] Solution found, updating global solution
[LNS] Updating global solution with pseudo-agent local paths...
[Current_Solution] Updating global solution for agent 32
[Current_Solution] Global solution is consistent after updating with local path
[LNS] Successfully updated global solution with pseudo-agent local paths!
[Current_Solution] Updating global solution for agent 22
[Current_Solution] Global solution is consistent after updating with local path
[LNS] Successfully updated global solution with pseudo-agent local paths!
[Current_Solution] Updating global solution for agent 49
[Current_Solution] INFO: Segment 49 exit adjusted from 10 to 12 due to waiting time
[Current_Solution] Segment 49 lengthened by 2 timesteps; shifting suffix
[Current_Solution] Global solution is consistent before shifting suffix
[Current_Solution] Global solution is consistent after shifting suffix
[Current_Solution] Global solution is consistent after updating with local path
[LNS] Successfully updated global solution with pseudo-agent local paths!
[Current_Solution] Updating global solution for agent 81
[Current_Solution] INFO: Segment 81 exit adjusted from 9 to 12 due to waiting time
[Current_Solution] Segment 81 lengthened by 3 timesteps; shifting suffix
[Current_Solution] Global solution is consistent before shifting suffix
[Current_Solution] Global solution is consistent after shifting suffix
[Current_Solution] Global solution is consistent after updating with local path
[LNS] Successfully updated global solution with pseudo-agent local paths!
[Current_Solution] Updating global solution for agent 34
[Current_Solution] INFO: Segment 34 exit adjusted from 9 to 10 due to waiting time
[Current_Solution] Segment 34 lengthened by 1 timesteps; shifting suffix
[Current_Solution] Global solution is consistent before shifting suffix
[Current_Solution] Global solution is consistent after shifting suffix
[Current_Solution] Global solution is consistent after updating with local path
[LNS] Successfully updated global solution with pseudo-agent local paths!
[Current_Solution] Updating global solution for agent 8
[Current_Solution] Global solution is consistent after updating with local path
[LNS] Successfully updated global solution with pseudo-agent local paths!
[LNS] Updating path map with new local paths...
[LNS] Successfully updated global solution with local paths and pseudo agents!
[Solve_local_zone] Successfully solved local zone
[Solve_local_zone] Final local zone size: 8 (0.78125% of all walkable positions)
[LNS] Successfully solved local zone
[LNS] Analyzing conflicts...
[LNS] Current solution: vertex collisions=91, edge collisions=7
[LNS] Creating conflict buckets...
[LOCAL ZONE] Building diamond bucket for conflict 0
[LOCAL ZONE] Built diamond bucket for conflict 0 with 5 positions, 1 conflicts, 8 - 8 time window
[LOCAL ZONE] Building diamond bucket for conflict 91
[LOCAL ZONE] Built diamond bucket for conflict 91 with 8 positions, 1 conflicts, 8 - 8 time window
[LNS] Selected most relevant bucket 91 with time window: 8 - 8, 1 conflicts and 8 positions.
[LNS] Solving the best bucket Local Zone...
[Solve_local_zone] Current local zone size: 8 (0.78125% of all walkable positions)
[Solve_local_zone] Local zone time window: [7, 9]
[Waiting_time_Solve] Agent 0 has waiting time 31
[Waiting_time_Solve] Agent 1 has waiting time 21
[Waiting_time_Solve] Agent 2 has waiting time 32
[Waiting_time_Solve] Agent 3 has waiting time 16
[Waiting_time_Solve] Agent 4 has waiting time 10
[Waiting_time_Solve] Agent 5 has waiting time 10
[Waiting_time_Solve] Agent 6 has waiting time 37
[Waiting_time_Solve] Agent 7 has waiting time 16
[Waiting_time_Solve] Agent 8 has waiting time 27
[Waiting_time_Solve] Agent 9 has waiting time 15
[Waiting_time_Solve] Agent 10 has waiting time 32
[Waiting_time_Solve] Agent 11 has waiting time 12
[Waiting_time_Solve] Agent 12 has waiting time 30
[Waiting_time_Solve] Agent 13 has waiting time 34
[Waiting_time_Solve] Agent 14 has waiting time 37
[Waiting_time_Solve] Agent 15 has waiting time 15
[Waiting_time_Solve] Agent 16 has waiting time 5
[Waiting_time_Solve] Agent 17 has waiting time 5
[Waiting_time_Solve] Agent 18 has waiting time 27
[Waiting_time_Solve] Agent 19 has waiting time 11
[Waiting_time_Solve] Agent 20 has waiting time 8
[Waiting_time_Solve] Agent 21 has waiting time 23
[Waiting_time_Solve] Agent 22 has waiting time 16
[Waiting_time_Solve] Agent 23 has waiting time 28
[Waiting_time_Solve] Agent 24 has waiting time 23
[Waiting_time_Solve] Agent 25 has waiting time 33
[Waiting_time_Solve] Agent 26 has waiting time 15
[Waiting_time_Solve] Agent 27 has waiting time 35
[Waiting_time_Solve] Agent 28 has waiting time 39
[Waiting_time_Solve] Agent 29 has waiting time 27
[Waiting_time_Solve] Agent 30 has waiting time 18
[Waiting_time_Solve] Agent 31 has waiting time 29
[Waiting_time_Solve] Agent 32 has waiting time 26
[Waiting_time_Solve] Agent 33 has waiting time 15
[Waiting_time_Solve] Agent 34 has waiting time 20
[Waiting_time_Solve] Agent 35 has waiting time 34
[Waiting_time_Solve] Agent 36 has waiting time 20
[Waiting_time_Solve] Agent 37 has waiting time 25
[Waiting_time_Solve] Agent 38 has waiting time 32
[Waiting_time_Solve] Agent 39 has waiting time 14
[Waiting_time_Solve] Agent 40 has waiting time 25
[Waiting_time_Solve] Agent 41 has waiting time 32
[Waiting_time_Solve] Agent 42 has waiting time 17
[Waiting_time_Solve] Agent 43 has waiting time 34
[Waiting_time_Solve] Agent 44 has waiting time 17
[Waiting_time_Solve] Agent 45 has waiting time 21
[Waiting_time_Solve] Agent 46 has waiting time 31
[Waiting_time_Solve] Agent 47 has waiting time 17
[Waiting_time_Solve] Agent 48 has waiting time 27
[Waiting_time_Solve] Agent 49 has waiting time 33
[Waiting_time_Solve] Agent 50 has waiting time 9
[Waiting_time_Solve] Agent 51 has waiting time 26
[Waiting_time_Solve] Agent 52 has waiting time 0
[Waiting_time_Solve] Agent 53 has waiting time 24
[Waiting_time_Solve] Agent 54 has waiting time 24
[Waiting_time_Solve] Agent 55 has waiting time 25
[Waiting_time_Solve] Agent 56 has waiting time 37
[Waiting_time_Solve] Agent 57 has waiting time 36
[Waiting_time_Solve] Agent 58 has waiting time 34
[Waiting_time_Solve] Agent 59 has waiting time 27
[Waiting_time_Solve] Agent 60 has waiting time 34
[Waiting_time_Solve] Agent 61 has waiting time 3
[Waiting_time_Solve] Agent 62 has waiting time 17
[Waiting_time_Solve] Agent 63 has waiting time 26
[Waiting_time_Solve] Agent 64 has waiting time 24
[Waiting_time_Solve] Agent 65 has waiting time 22
[Waiting_time_Solve] Agent 66 has waiting time 21
[Waiting_time_Solve] Agent 67 has waiting time 26
[Waiting_time_Solve] Agent 68 has waiting time 22
[Waiting_time_Solve] Agent 69 has waiting time 25
[Waiting_time_Solve] Agent 70 has waiting time 31
[Waiting_time_Solve] Agent 71 has waiting time 19
[Waiting_time_Solve] Agent 72 has waiting time 29
[Waiting_time_Solve] Agent 73 has waiting time 40
[Waiting_time_Solve] Agent 74 has waiting time 29
[Waiting_time_Solve] Agent 75 has waiting time 22
[Waiting_time_Solve] Agent 76 has waiting time 28
[Waiting_time_Solve] Agent 77 has waiting time 13
[Waiting_time_Solve] Agent 78 has waiting time 23
[Waiting_time_Solve] Agent 79 has waiting time 22
[Waiting_time_Solve] Agent 80 has waiting time 37
[Waiting_time_Solve] Agent 81 has waiting time 28
[Waiting_time_Solve] Agent 82 has waiting time 20
[Waiting_time_Solve] Agent 83 has waiting time 33
[Waiting_time_Solve] Agent 84 has waiting time 10
[Waiting_time_Solve] Agent 85 has waiting time 35
[Waiting_time_Solve] Agent 86 has waiting time 37
[Waiting_time_Solve] Agent 87 has waiting time 29
[Waiting_time_Solve] Agent 88 has waiting time 10
[Waiting_time_Solve] Agent 89 has waiting time 7
[Waiting_time_Solve] Agent 90 has waiting time 29
[Waiting_time_Solve] Agent 91 has waiting time 23
[Waiting_time_Solve] Agent 92 has waiting time 24
[Waiting_time_Solve] Agent 93 has waiting time 23
[Waiting_time_Solve] Agent 94 has waiting time 35
[Waiting_time_Solve] Agent 95 has waiting time 34
[Waiting_time_Solve] Agent 96 has waiting time 21
[Waiting_time_Solve] Agent 97 has waiting time 24
[Waiting_time_Solve] Agent 98 has waiting time 36
[Waiting_time_Solve] Agent 99 has waiting time 16
[Waiting_time_Solve] Total available waiting time: 2386
[Waiting_time_Solve] Max iterations: 2386
[Waiting_time_Solve] Iteration 0...
[SAT] Start solving CNF: 10 clauses and 6 variables
[SAT] Agent 53 entry time: 7 exit time: 9
[SAT] Agent 2 entry time: 7 exit time: 9

[SAT] Start time: 7 End time: 9

[SAT] Solving local zone with SAT iteration 1...
[SAT] Local CNF: 10 clauses 

DEBUG: Adding 10 new clauses to MiniSAT (incremental run)
DEBUG: Clause load summary: input=10, added=10, tautologies_skipped=0, duplicates_skipped=0, unit_clauses=6, empties=0, intra_clause_literals_removed=0, added_but_db_unchanged=4
DEBUG: After adding clauses, solver has 0 clauses and 6 variables
DEBUG: MiniSAT found 6 variables
DEBUG: Assignment size: 6
DEBUG: First few assignment values: 1 1 1 1 1 1 

=== DEBUG: cnf_assignment_to_paths ===
Input assignment size: 6

=== END DEBUG ===
[SAT] Found 0 vertex collisions and 1 edge collisions
[SAT] Adding collision clauses and solving again...
[SAT] Solving local zone with SAT iteration 2...
[SAT] Local CNF: 11 clauses 

DEBUG: Adding 1 new clauses to MiniSAT (incremental run)
[SAT] Local problem appears to be unsatisfiable in current zone
[Waiting_time_Solve] No solution found, trying to apply waiting time:1
[Waiting_time_Solve] Applying waiting time 1 to agent 2 who has waiting time 32
[Waiting_time_Solve] New path is consistent after applying waiting time for agent 2
[Current_Solution] Agent 2 used 1 waiting timesteps, 31 remaining
[Waiting_time_Solve] Applied 1 waiting time  for agent 2 who has waiting time 31
[Waiting_time_Solve] ALL Waiting time applied
[Waiting_time_Solve] Extended Zone end time from 9 to 10
[Waiting_time_Solve] Iteration 1...
[SAT] Start solving CNF: 18 clauses and 10 variables
[SAT] Agent 53 entry time: 7 exit time: 10
[SAT] Agent 2 entry time: 7 exit time: 10

[SAT] Start time: 7 End time: 10

[SAT] Solving local zone with SAT iteration 1...
[SAT] Local CNF: 19 clauses 

DEBUG: Adding 19 new clauses to MiniSAT (incremental run)
DEBUG: Clause load summary: input=19, added=19, tautologies_skipped=0, duplicates_skipped=0, unit_clauses=6, empties=0, intra_clause_literals_removed=0, added_but_db_unchanged=5
DEBUG: After adding clauses, solver has 8 clauses and 10 variables
DEBUG: MiniSAT found 10 variables
DEBUG: Assignment size: 10
DEBUG: First few assignment values: 1 1 1 1 1 0 1 0 1 1 

=== DEBUG: cnf_assignment_to_paths ===
Input assignment size: 10

=== END DEBUG ===
[SAT] Found 1 vertex collisions and 0 edge collisions
[SAT] Adding collision clauses and solving again...
[SAT] Solving local zone with SAT iteration 2...
[SAT] Local CNF: 20 clauses 

DEBUG: Adding 1 new clauses to MiniSAT (incremental run)
[SAT] Local problem appears to be unsatisfiable in current zone
[Waiting_time_Solve] No solution found, trying to apply waiting time:2
[Waiting_time_Solve] Applying waiting time 2 to agent 2 who has waiting time 31
[Waiting_time_Solve] New path is consistent after applying waiting time for agent 2
[Current_Solution] Agent 2 used 2 waiting timesteps, 29 remaining
[Waiting_time_Solve] Applied 2 waiting time  for agent 2 who has waiting time 29
[Waiting_time_Solve] ALL Waiting time applied
[Waiting_time_Solve] Extended Zone end time from 10 to 12
[Waiting_time_Solve] Iteration 2...
[SAT] Start solving CNF: 83 clauses and 26 variables
[SAT] Agent 53 entry time: 7 exit time: 10
[SAT] Agent 2 entry time: 7 exit time: 12

[SAT] Start time: 7 End time: 12

[SAT] Solving local zone with SAT iteration 1...
[SAT] Local CNF: 85 clauses 

DEBUG: Adding 85 new clauses to MiniSAT (incremental run)
DEBUG: Clause load summary: input=85, added=85, tautologies_skipped=0, duplicates_skipped=0, unit_clauses=6, empties=0, intra_clause_literals_removed=0, added_but_db_unchanged=9
DEBUG: After adding clauses, solver has 70 clauses and 26 variables
DEBUG: MiniSAT found 26 variables
DEBUG: Assignment size: 26
DEBUG: First few assignment values: 1 1 1 1 1 0 1 0 1 0 

=== DEBUG: cnf_assignment_to_paths ===
Input assignment size: 26

=== END DEBUG ===
[SAT] Found 0 vertex collisions and 1 edge collisions
[SAT] Adding collision clauses and solving again...
[SAT] Solving local zone with SAT iteration 2...
[SAT] Local CNF: 86 clauses 

DEBUG: Adding 1 new clauses to MiniSAT (incremental run)
DEBUG: Clause load summary: input=1, added=1, tautologies_skipped=0, duplicates_skipped=0, unit_clauses=0, empties=0, intra_clause_literals_removed=0, added_but_db_unchanged=0
DEBUG: After adding clauses, solver has 66 clauses and 26 variables
DEBUG: MiniSAT found 26 variables
DEBUG: Assignment size: 26
DEBUG: First few assignment values: 1 1 1 1 1 0 1 0 1 0 

=== DEBUG: cnf_assignment_to_paths ===
Input assignment size: 26

=== END DEBUG ===
[SAT] Found 1 vertex collisions and 0 edge collisions
[SAT] Adding collision clauses and solving again...
[SAT] Solving local zone with SAT iteration 3...
[SAT] Local CNF: 87 clauses 

DEBUG: Adding 1 new clauses to MiniSAT (incremental run)
DEBUG: Clause load summary: input=1, added=1, tautologies_skipped=0, duplicates_skipped=0, unit_clauses=0, empties=0, intra_clause_literals_removed=0, added_but_db_unchanged=1
DEBUG: After adding clauses, solver has 66 clauses and 26 variables
DEBUG: MiniSAT found 26 variables
DEBUG: Assignment size: 26
DEBUG: First few assignment values: 1 1 1 1 1 1 0 0 0 0 

=== DEBUG: cnf_assignment_to_paths ===
Input assignment size: 26

=== END DEBUG ===
[SAT] Found 0 vertex collisions and 0 edge collisions
[SAT] Found collision-free local solution!
[Waiting_time_Solve] Solution found, updating global solution
[LNS] Updating global solution with pseudo-agent local paths...
[Current_Solution] Updating global solution for agent 53
[Current_Solution] INFO: Segment 53 exit adjusted from 9 to 10 due to waiting time
[Current_Solution] Segment 53 lengthened by 1 timesteps; shifting suffix
[Current_Solution] Global solution is consistent before shifting suffix
[Current_Solution] Global solution is consistent after shifting suffix
[Current_Solution] Global solution is consistent after updating with local path
[LNS] Successfully updated global solution with pseudo-agent local paths!
[Current_Solution] Updating global solution for agent 2
[Current_Solution] INFO: Segment 2 exit adjusted from 9 to 12 due to waiting time
[Current_Solution] Segment 2 lengthened by 3 timesteps; shifting suffix
[Current_Solution] Global solution is consistent before shifting suffix
[Current_Solution] Global solution is consistent after shifting suffix
[Current_Solution] Global solution is consistent after updating with local path
[LNS] Successfully updated global solution with pseudo-agent local paths!
[LNS] Updating path map with new local paths...
[LNS] Successfully updated global solution with local paths and pseudo agents!
[Solve_local_zone] Successfully solved local zone
[Solve_local_zone] Final local zone size: 8 (0.78125% of all walkable positions)
[LNS] Successfully solved local zone
[LNS] Analyzing conflicts...
[LNS] Current solution: vertex collisions=91, edge collisions=6
[LNS] Creating conflict buckets...
[LOCAL ZONE] Building diamond bucket for conflict 0
[LOCAL ZONE] Built diamond bucket for conflict 0 with 5 positions, 1 conflicts, 8 - 8 time window
[LNS] Selected most relevant bucket 0 with time window: 8 - 8, 1 conflicts and 5 positions.
[LNS] Solving the best bucket Local Zone...
[Solve_local_zone] Current local zone size: 5 (0.488281% of all walkable positions)
[Solve_local_zone] Local zone time window: [7, 9]
[Waiting_time_Solve] Agent 0 has waiting time 31
[Waiting_time_Solve] Agent 1 has waiting time 21
[Waiting_time_Solve] Agent 2 has waiting time 29
[Waiting_time_Solve] Agent 3 has waiting time 16
[Waiting_time_Solve] Agent 4 has waiting time 10
[Waiting_time_Solve] Agent 5 has waiting time 10
[Waiting_time_Solve] Agent 6 has waiting time 37
[Waiting_time_Solve] Agent 7 has waiting time 16
[Waiting_time_Solve] Agent 8 has waiting time 27
[Waiting_time_Solve] Agent 9 has waiting time 15
[Waiting_time_Solve] Agent 10 has waiting time 32
[Waiting_time_Solve] Agent 11 has waiting time 12
[Waiting_time_Solve] Agent 12 has waiting time 30
[Waiting_time_Solve] Agent 13 has waiting time 34
[Waiting_time_Solve] Agent 14 has waiting time 37
[Waiting_time_Solve] Agent 15 has waiting time 15
[Waiting_time_Solve] Agent 16 has waiting time 5
[Waiting_time_Solve] Agent 17 has waiting time 5
[Waiting_time_Solve] Agent 18 has waiting time 27
[Waiting_time_Solve] Agent 19 has waiting time 11
[Waiting_time_Solve] Agent 20 has waiting time 8
[Waiting_time_Solve] Agent 21 has waiting time 23
[Waiting_time_Solve] Agent 22 has waiting time 16
[Waiting_time_Solve] Agent 23 has waiting time 28
[Waiting_time_Solve] Agent 24 has waiting time 23
[Waiting_time_Solve] Agent 25 has waiting time 33
[Waiting_time_Solve] Agent 26 has waiting time 15
[Waiting_time_Solve] Agent 27 has waiting time 35
[Waiting_time_Solve] Agent 28 has waiting time 39
[Waiting_time_Solve] Agent 29 has waiting time 27
[Waiting_time_Solve] Agent 30 has waiting time 18
[Waiting_time_Solve] Agent 31 has waiting time 29
[Waiting_time_Solve] Agent 32 has waiting time 26
[Waiting_time_Solve] Agent 33 has waiting time 15
[Waiting_time_Solve] Agent 34 has waiting time 20
[Waiting_time_Solve] Agent 35 has waiting time 34
[Waiting_time_Solve] Agent 36 has waiting time 20
[Waiting_time_Solve] Agent 37 has waiting time 25
[Waiting_time_Solve] Agent 38 has waiting time 32
[Waiting_time_Solve] Agent 39 has waiting time 14
[Waiting_time_Solve] Agent 40 has waiting time 25
[Waiting_time_Solve] Agent 41 has waiting time 32
[Waiting_time_Solve] Agent 42 has waiting time 17
[Waiting_time_Solve] Agent 43 has waiting time 34
[Waiting_time_Solve] Agent 44 has waiting time 17
[Waiting_time_Solve] Agent 45 has waiting time 21
[Waiting_time_Solve] Agent 46 has waiting time 31
[Waiting_time_Solve] Agent 47 has waiting time 17
[Waiting_time_Solve] Agent 48 has waiting time 27
[Waiting_time_Solve] Agent 49 has waiting time 33
[Waiting_time_Solve] Agent 50 has waiting time 9
[Waiting_time_Solve] Agent 51 has waiting time 26
[Waiting_time_Solve] Agent 52 has waiting time 0
[Waiting_time_Solve] Agent 53 has waiting time 24
[Waiting_time_Solve] Agent 54 has waiting time 24
[Waiting_time_Solve] Agent 55 has waiting time 25
[Waiting_time_Solve] Agent 56 has waiting time 37
[Waiting_time_Solve] Agent 57 has waiting time 36
[Waiting_time_Solve] Agent 58 has waiting time 34
[Waiting_time_Solve] Agent 59 has waiting time 27
[Waiting_time_Solve] Agent 60 has waiting time 34
[Waiting_time_Solve] Agent 61 has waiting time 3
[Waiting_time_Solve] Agent 62 has waiting time 17
[Waiting_time_Solve] Agent 63 has waiting time 26
[Waiting_time_Solve] Agent 64 has waiting time 24
[Waiting_time_Solve] Agent 65 has waiting time 22
[Waiting_time_Solve] Agent 66 has waiting time 21
[Waiting_time_Solve] Agent 67 has waiting time 26
[Waiting_time_Solve] Agent 68 has waiting time 22
[Waiting_time_Solve] Agent 69 has waiting time 25
[Waiting_time_Solve] Agent 70 has waiting time 31
[Waiting_time_Solve] Agent 71 has waiting time 19
[Waiting_time_Solve] Agent 72 has waiting time 29
[Waiting_time_Solve] Agent 73 has waiting time 40
[Waiting_time_Solve] Agent 74 has waiting time 29
[Waiting_time_Solve] Agent 75 has waiting time 22
[Waiting_time_Solve] Agent 76 has waiting time 28
[Waiting_time_Solve] Agent 77 has waiting time 13
[Waiting_time_Solve] Agent 78 has waiting time 23
[Waiting_time_Solve] Agent 79 has waiting time 22
[Waiting_time_Solve] Agent 80 has waiting time 37
[Waiting_time_Solve] Agent 81 has waiting time 28
[Waiting_time_Solve] Agent 82 has waiting time 20
[Waiting_time_Solve] Agent 83 has waiting time 33
[Waiting_time_Solve] Agent 84 has waiting time 10
[Waiting_time_Solve] Agent 85 has waiting time 35
[Waiting_time_Solve] Agent 86 has waiting time 37
[Waiting_time_Solve] Agent 87 has waiting time 29
[Waiting_time_Solve] Agent 88 has waiting time 10
[Waiting_time_Solve] Agent 89 has waiting time 7
[Waiting_time_Solve] Agent 90 has waiting time 29
[Waiting_time_Solve] Agent 91 has waiting time 23
[Waiting_time_Solve] Agent 92 has waiting time 24
[Waiting_time_Solve] Agent 93 has waiting time 23
[Waiting_time_Solve] Agent 94 has waiting time 35
[Waiting_time_Solve] Agent 95 has waiting time 34
[Waiting_time_Solve] Agent 96 has waiting time 21
[Waiting_time_Solve] Agent 97 has waiting time 24
[Waiting_time_Solve] Agent 98 has waiting time 36
[Waiting_time_Solve] Agent 99 has waiting time 16
[Waiting_time_Solve] Total available waiting time: 2383
[Waiting_time_Solve] Max iterations: 2383
[Waiting_time_Solve] Iteration 0...
[SAT] Start solving CNF: 11 clauses and 7 variables
[SAT] Agent 9 entry time: 7 exit time: 9
[SAT] Agent 83 entry time: 7 exit time: 9
[SAT] Agent 5 entry time: 8 exit time: 8

[SAT] Start time: 7 End time: 9

[SAT] Solving local zone with SAT iteration 1...
[SAT] Local CNF: 11 clauses 

DEBUG: Adding 11 new clauses to MiniSAT (incremental run)
DEBUG: Clause load summary: input=11, added=11, tautologies_skipped=0, duplicates_skipped=0, unit_clauses=7, empties=0, intra_clause_literals_removed=0, added_but_db_unchanged=4
DEBUG: After adding clauses, solver has 0 clauses and 7 variables
DEBUG: MiniSAT found 7 variables
DEBUG: Assignment size: 7
DEBUG: First few assignment values: 1 1 1 1 1 1 1 

=== DEBUG: cnf_assignment_to_paths ===
Input assignment size: 7

=== END DEBUG ===
[SAT] Found 1 vertex collisions and 0 edge collisions
[SAT] Adding collision clauses and solving again...
[SAT] Solving local zone with SAT iteration 2...
[SAT] Local CNF: 12 clauses 

DEBUG: Adding 1 new clauses to MiniSAT (incremental run)
[SAT] Local problem appears to be unsatisfiable in current zone
[Waiting_time_Solve] No solution found, trying to apply waiting time:1
[Waiting_time_Solve] Applying waiting time 1 to agent 83 who has waiting time 33
[Waiting_time_Solve] New path is consistent after applying waiting time for agent 83
[Current_Solution] Agent 83 used 1 waiting timesteps, 32 remaining
[Waiting_time_Solve] Applied 1 waiting time  for agent 83 who has waiting time 32
[Waiting_time_Solve] ALL Waiting time applied
[Waiting_time_Solve] Extended Zone end time from 9 to 10
[Waiting_time_Solve] Iteration 1...
[SAT] Start solving CNF: 17 clauses and 10 variables
[SAT] Agent 9 entry time: 7 exit time: 9
[SAT] Agent 83 entry time: 7 exit time: 10
[SAT] Agent 5 entry time: 8 exit time: 8

[SAT] Start time: 7 End time: 10

[SAT] Solving local zone with SAT iteration 1...
[SAT] Local CNF: 18 clauses 

DEBUG: Adding 18 new clauses to MiniSAT (incremental run)
DEBUG: Clause load summary: input=18, added=18, tautologies_skipped=0, duplicates_skipped=0, unit_clauses=6, empties=0, intra_clause_literals_removed=0, added_but_db_unchanged=5
DEBUG: After adding clauses, solver has 7 clauses and 10 variables
DEBUG: MiniSAT found 10 variables
DEBUG: Assignment size: 10
DEBUG: First few assignment values: 1 1 1 1 0 1 0 1 1 1 

=== DEBUG: cnf_assignment_to_paths ===
Input assignment size: 10

=== END DEBUG ===
[SAT] Found 0 vertex collisions and 0 edge collisions
[SAT] Found collision-free local solution!
[Waiting_time_Solve] Solution found, updating global solution
[LNS] Updating global solution with pseudo-agent local paths...
[Current_Solution] Updating global solution for agent 9
[Current_Solution] Global solution is consistent after updating with local path
[LNS] Successfully updated global solution with pseudo-agent local paths!
[Current_Solution] Updating global solution for agent 83
[Current_Solution] INFO: Segment 83 exit adjusted from 9 to 10 due to waiting time
[Current_Solution] Segment 83 lengthened by 1 timesteps; shifting suffix
[Current_Solution] Global solution is consistent before shifting suffix
[Current_Solution] Global solution is consistent after shifting suffix
[Current_Solution] Global solution is consistent after updating with local path
[LNS] Successfully updated global solution with pseudo-agent local paths!
[Current_Solution] Updating global solution for agent 5
[Current_Solution] Global solution is consistent after updating with local path
[LNS] Successfully updated global solution with pseudo-agent local paths!
[LNS] Updating path map with new local paths...
[LNS] Successfully updated global solution with local paths and pseudo agents!
[Solve_local_zone] Successfully solved local zone
[Solve_local_zone] Final local zone size: 5 (0.488281% of all walkable positions)
[LNS] Successfully solved local zone
[LNS] Analyzing conflicts...
[LNS] Current solution: vertex collisions=90, edge collisions=6
[LNS] Creating conflict buckets...
[LOCAL ZONE] Building diamond bucket for conflict 0
[LOCAL ZONE] Built diamond bucket for conflict 0 with 5 positions, 1 conflicts, 9 - 9 time window
[LOCAL ZONE] Building diamond bucket for conflict 1
[LOCAL ZONE] Built diamond bucket for conflict 1 with 4 positions, 1 conflicts, 9 - 9 time window
[LOCAL ZONE] Building diamond bucket for conflict 90
[LOCAL ZONE] Built diamond bucket for conflict 90 with 8 positions, 1 conflicts, 9 - 9 time window
[LNS] Selected most relevant bucket 90 with time window: 9 - 9, 1 conflicts and 8 positions.
[LNS] Solving the best bucket Local Zone...
[Solve_local_zone] Current local zone size: 8 (0.78125% of all walkable positions)
[Solve_local_zone] Local zone time window: [8, 10]
[Waiting_time_Solve] Agent 0 has waiting time 31
[Waiting_time_Solve] Agent 1 has waiting time 21
[Waiting_time_Solve] Agent 2 has waiting time 29
[Waiting_time_Solve] Agent 3 has waiting time 16
[Waiting_time_Solve] Agent 4 has waiting time 10
[Waiting_time_Solve] Agent 5 has waiting time 10
[Waiting_time_Solve] Agent 6 has waiting time 37
[Waiting_time_Solve] Agent 7 has waiting time 16
[Waiting_time_Solve] Agent 8 has waiting time 27
[Waiting_time_Solve] Agent 9 has waiting time 15
[Waiting_time_Solve] Agent 10 has waiting time 32
[Waiting_time_Solve] Agent 11 has waiting time 12
[Waiting_time_Solve] Agent 12 has waiting time 30
[Waiting_time_Solve] Agent 13 has waiting time 34
[Waiting_time_Solve] Agent 14 has waiting time 37
[Waiting_time_Solve] Agent 15 has waiting time 15
[Waiting_time_Solve] Agent 16 has waiting time 5
[Waiting_time_Solve] Agent 17 has waiting time 5
[Waiting_time_Solve] Agent 18 has waiting time 27
[Waiting_time_Solve] Agent 19 has waiting time 11
[Waiting_time_Solve] Agent 20 has waiting time 8
[Waiting_time_Solve] Agent 21 has waiting time 23
[Waiting_time_Solve] Agent 22 has waiting time 16
[Waiting_time_Solve] Agent 23 has waiting time 28
[Waiting_time_Solve] Agent 24 has waiting time 23
[Waiting_time_Solve] Agent 25 has waiting time 33
[Waiting_time_Solve] Agent 26 has waiting time 15
[Waiting_time_Solve] Agent 27 has waiting time 35
[Waiting_time_Solve] Agent 28 has waiting time 39
[Waiting_time_Solve] Agent 29 has waiting time 27
[Waiting_time_Solve] Agent 30 has waiting time 18
[Waiting_time_Solve] Agent 31 has waiting time 29
[Waiting_time_Solve] Agent 32 has waiting time 26
[Waiting_time_Solve] Agent 33 has waiting time 15
[Waiting_time_Solve] Agent 34 has waiting time 20
[Waiting_time_Solve] Agent 35 has waiting time 34
[Waiting_time_Solve] Agent 36 has waiting time 20
[Waiting_time_Solve] Agent 37 has waiting time 25
[Waiting_time_Solve] Agent 38 has waiting time 32
[Waiting_time_Solve] Agent 39 has waiting time 14
[Waiting_time_Solve] Agent 40 has waiting time 25
[Waiting_time_Solve] Agent 41 has waiting time 32
[Waiting_time_Solve] Agent 42 has waiting time 17
[Waiting_time_Solve] Agent 43 has waiting time 34
[Waiting_time_Solve] Agent 44 has waiting time 17
[Waiting_time_Solve] Agent 45 has waiting time 21
[Waiting_time_Solve] Agent 46 has waiting time 31
[Waiting_time_Solve] Agent 47 has waiting time 17
[Waiting_time_Solve] Agent 48 has waiting time 27
[Waiting_time_Solve] Agent 49 has waiting time 33
[Waiting_time_Solve] Agent 50 has waiting time 9
[Waiting_time_Solve] Agent 51 has waiting time 26
[Waiting_time_Solve] Agent 52 has waiting time 0
[Waiting_time_Solve] Agent 53 has waiting time 24
[Waiting_time_Solve] Agent 54 has waiting time 24
[Waiting_time_Solve] Agent 55 has waiting time 25
[Waiting_time_Solve] Agent 56 has waiting time 37
[Waiting_time_Solve] Agent 57 has waiting time 36
[Waiting_time_Solve] Agent 58 has waiting time 34
[Waiting_time_Solve] Agent 59 has waiting time 27
[Waiting_time_Solve] Agent 60 has waiting time 34
[Waiting_time_Solve] Agent 61 has waiting time 3
[Waiting_time_Solve] Agent 62 has waiting time 17
[Waiting_time_Solve] Agent 63 has waiting time 26
[Waiting_time_Solve] Agent 64 has waiting time 24
[Waiting_time_Solve] Agent 65 has waiting time 22
[Waiting_time_Solve] Agent 66 has waiting time 21
[Waiting_time_Solve] Agent 67 has waiting time 26
[Waiting_time_Solve] Agent 68 has waiting time 22
[Waiting_time_Solve] Agent 69 has waiting time 25
[Waiting_time_Solve] Agent 70 has waiting time 31
[Waiting_time_Solve] Agent 71 has waiting time 19
[Waiting_time_Solve] Agent 72 has waiting time 29
[Waiting_time_Solve] Agent 73 has waiting time 40
[Waiting_time_Solve] Agent 74 has waiting time 29
[Waiting_time_Solve] Agent 75 has waiting time 22
[Waiting_time_Solve] Agent 76 has waiting time 28
[Waiting_time_Solve] Agent 77 has waiting time 13
[Waiting_time_Solve] Agent 78 has waiting time 23
[Waiting_time_Solve] Agent 79 has waiting time 22
[Waiting_time_Solve] Agent 80 has waiting time 37
[Waiting_time_Solve] Agent 81 has waiting time 28
[Waiting_time_Solve] Agent 82 has waiting time 20
[Waiting_time_Solve] Agent 83 has waiting time 32
[Waiting_time_Solve] Agent 84 has waiting time 10
[Waiting_time_Solve] Agent 85 has waiting time 35
[Waiting_time_Solve] Agent 86 has waiting time 37
[Waiting_time_Solve] Agent 87 has waiting time 29
[Waiting_time_Solve] Agent 88 has waiting time 10
[Waiting_time_Solve] Agent 89 has waiting time 7
[Waiting_time_Solve] Agent 90 has waiting time 29
[Waiting_time_Solve] Agent 91 has waiting time 23
[Waiting_time_Solve] Agent 92 has waiting time 24
[Waiting_time_Solve] Agent 93 has waiting time 23
[Waiting_time_Solve] Agent 94 has waiting time 35
[Waiting_time_Solve] Agent 95 has waiting time 34
[Waiting_time_Solve] Agent 96 has waiting time 21
[Waiting_time_Solve] Agent 97 has waiting time 24
[Waiting_time_Solve] Agent 98 has waiting time 36
[Waiting_time_Solve] Agent 99 has waiting time 16
[Waiting_time_Solve] Total available waiting time: 2382
[Waiting_time_Solve] Max iterations: 2382
[Waiting_time_Solve] Iteration 0...
[SAT] Start solving CNF: 11 clauses and 7 variables
[SAT] Agent 32 entry time: 8 exit time: 10
[SAT] Agent 34 entry time: 10 exit time: 10
[SAT] Agent 8 entry time: 8 exit time: 10

[SAT] Start time: 8 End time: 10

[SAT] Solving local zone with SAT iteration 1...
[SAT] Local CNF: 11 clauses 

DEBUG: Adding 11 new clauses to MiniSAT (incremental run)
DEBUG: Clause load summary: input=11, added=11, tautologies_skipped=0, duplicates_skipped=0, unit_clauses=7, empties=0, intra_clause_literals_removed=0, added_but_db_unchanged=4
DEBUG: After adding clauses, solver has 0 clauses and 7 variables
DEBUG: MiniSAT found 7 variables
DEBUG: Assignment size: 7
DEBUG: First few assignment values: 1 1 1 1 1 1 1 

=== DEBUG: cnf_assignment_to_paths ===
Input assignment size: 7

=== END DEBUG ===
[SAT] Found 0 vertex collisions and 1 edge collisions
[SAT] Adding collision clauses and solving again...
[SAT] Solving local zone with SAT iteration 2...
[SAT] Local CNF: 12 clauses 

DEBUG: Adding 1 new clauses to MiniSAT (incremental run)
[SAT] Local problem appears to be unsatisfiable in current zone
[Waiting_time_Solve] No solution found, trying to apply waiting time:1
[Waiting_time_Solve] Applying waiting time 1 to agent 8 who has waiting time 27
[Waiting_time_Solve] New path is consistent after applying waiting time for agent 8
[Current_Solution] Agent 8 used 1 waiting timesteps, 26 remaining
[Waiting_time_Solve] Applied 1 waiting time  for agent 8 who has waiting time 26
[Waiting_time_Solve] ALL Waiting time applied
[Waiting_time_Solve] Extended Zone end time from 10 to 11
[Waiting_time_Solve] Iteration 1...
[SAT] Start solving CNF: 21 clauses and 12 variables
[SAT] Agent 32 entry time: 8 exit time: 11
[SAT] Agent 34 entry time: 10 exit time: 11
[SAT] Agent 8 entry time: 8 exit time: 11

[SAT] Start time: 8 End time: 11

[SAT] Solving local zone with SAT iteration 1...
[SAT] Local CNF: 22 clauses 

DEBUG: Adding 22 new clauses to MiniSAT (incremental run)
DEBUG: Clause load summary: input=22, added=22, tautologies_skipped=0, duplicates_skipped=0, unit_clauses=8, empties=0, intra_clause_literals_removed=0, added_but_db_unchanged=6
DEBUG: After adding clauses, solver has 8 clauses and 12 variables
DEBUG: MiniSAT found 12 variables
DEBUG: Assignment size: 12
DEBUG: First few assignment values: 1 1 1 1 1 1 1 0 1 0 

=== DEBUG: cnf_assignment_to_paths ===
Input assignment size: 12

=== END DEBUG ===
[SAT] Found 1 vertex collisions and 0 edge collisions
[SAT] Adding collision clauses and solving again...
[SAT] Solving local zone with SAT iteration 2...
[SAT] Local CNF: 23 clauses 

DEBUG: Adding 1 new clauses to MiniSAT (incremental run)
[SAT] Local problem appears to be unsatisfiable in current zone
[Waiting_time_Solve] No solution found, trying to apply waiting time:2
[Waiting_time_Solve] Applying waiting time 2 to agent 32 who has waiting time 26
[Waiting_time_Solve] New path is consistent after applying waiting time for agent 32
[Current_Solution] Agent 32 used 2 waiting timesteps, 24 remaining
[Waiting_time_Solve] Applied 2 waiting time  for agent 32 who has waiting time 24
[Waiting_time_Solve] ALL Waiting time applied
[Waiting_time_Solve] Extended Zone end time from 11 to 13
[Waiting_time_Solve] Iteration 2...
[SAT] Start solving CNF: 69 clauses and 30 variables
[SAT] Agent 32 entry time: 8 exit time: 13
[SAT] Agent 34 entry time: 10 exit time: 13
[SAT] Agent 8 entry time: 8 exit time: 12

[SAT] Start time: 8 End time: 13

[SAT] Solving local zone with SAT iteration 1...
[SAT] Local CNF: 71 clauses 

DEBUG: Adding 71 new clauses to MiniSAT (incremental run)
DEBUG: Clause load summary: input=71, added=71, tautologies_skipped=0, duplicates_skipped=0, unit_clauses=6, empties=0, intra_clause_literals_removed=0, added_but_db_unchanged=6
DEBUG: After adding clauses, solver has 59 clauses and 30 variables
DEBUG: MiniSAT found 30 variables
DEBUG: Assignment size: 30
DEBUG: First few assignment values: 1 0 1 0 0 1 0 0 1 0 

=== DEBUG: cnf_assignment_to_paths ===
Input assignment size: 30

=== END DEBUG ===
[SAT] Found 0 vertex collisions and 1 edge collisions
[SAT] Adding collision clauses and solving again...
[SAT] Solving local zone with SAT iteration 2...
[SAT] Local CNF: 72 clauses 

DEBUG: Adding 1 new clauses to MiniSAT (incremental run)
DEBUG: Clause load summary: input=1, added=1, tautologies_skipped=0, duplicates_skipped=0, unit_clauses=0, empties=0, intra_clause_literals_removed=0, added_but_db_unchanged=0
DEBUG: After adding clauses, solver has 60 clauses and 30 variables
DEBUG: MiniSAT found 30 variables
DEBUG: Assignment size: 30
DEBUG: First few assignment values: 1 0 1 0 0 0 0 1 1 0 

=== DEBUG: cnf_assignment_to_paths ===
Input assignment size: 30

=== END DEBUG ===
[SAT] Found 1 vertex collisions and 0 edge collisions
[SAT] Adding collision clauses and solving again...
[SAT] Solving local zone with SAT iteration 3...
[SAT] Local CNF: 73 clauses 

DEBUG: Adding 1 new clauses to MiniSAT (incremental run)
DEBUG: Clause load summary: input=1, added=1, tautologies_skipped=0, duplicates_skipped=0, unit_clauses=0, empties=0, intra_clause_literals_removed=0, added_but_db_unchanged=0
DEBUG: After adding clauses, solver has 61 clauses and 30 variables
DEBUG: MiniSAT found 30 variables
DEBUG: Assignment size: 30
DEBUG: First few assignment values: 1 0 1 0 0 1 0 0 1 0 

=== DEBUG: cnf_assignment_to_paths ===
Input assignment size: 30

=== END DEBUG ===
[SAT] Found 1 vertex collisions and 0 edge collisions
[SAT] Adding collision clauses and solving again...
[SAT] Solving local zone with SAT iteration 4...
[SAT] Local CNF: 74 clauses 

DEBUG: Adding 1 new clauses to MiniSAT (incremental run)
DEBUG: Clause load summary: input=1, added=1, tautologies_skipped=0, duplicates_skipped=0, unit_clauses=0, empties=0, intra_clause_literals_removed=0, added_but_db_unchanged=0
DEBUG: After adding clauses, solver has 62 clauses and 30 variables
DEBUG: MiniSAT found 30 variables
DEBUG: Assignment size: 30
DEBUG: First few assignment values: 1 1 0 0 1 0 0 0 1 0 

=== DEBUG: cnf_assignment_to_paths ===
Input assignment size: 30

=== END DEBUG ===
[SAT] Found 0 vertex collisions and 0 edge collisions
[SAT] Found collision-free local solution!
[Waiting_time_Solve] Solution found, updating global solution
[LNS] Updating global solution with pseudo-agent local paths...
[Current_Solution] Updating global solution for agent 32
[Current_Solution] INFO: Segment 32 exit adjusted from 10 to 13 due to waiting time
[Current_Solution] Segment 32 lengthened by 3 timesteps; shifting suffix
[Current_Solution] Global solution is consistent before shifting suffix
[Current_Solution] Global solution is consistent after shifting suffix
[Current_Solution] Global solution is consistent after updating with local path
[LNS] Successfully updated global solution with pseudo-agent local paths!
[Current_Solution] Updating global solution for agent 34
[Current_Solution] INFO: Segment 34 exit adjusted from 10 to 13 due to waiting time
[Current_Solution] Segment 34 lengthened by 3 timesteps; shifting suffix
[Current_Solution] Global solution is consistent before shifting suffix
[Current_Solution] Global solution is consistent after shifting suffix
[Current_Solution] Global solution is consistent after updating with local path
[LNS] Successfully updated global solution with pseudo-agent local paths!
[Current_Solution] Updating global solution for agent 8
[Current_Solution] INFO: Segment 8 exit adjusted from 10 to 12 due to waiting time
[Current_Solution] Segment 8 lengthened by 2 timesteps; shifting suffix
[Current_Solution] Global solution is consistent before shifting suffix
[Current_Solution] Global solution is consistent after shifting suffix
[Current_Solution] Global solution is consistent after updating with local path
[LNS] Successfully updated global solution with pseudo-agent local paths!
[LNS] Updating path map with new local paths...
[LNS] Successfully updated global solution with local paths and pseudo agents!
[Solve_local_zone] Successfully solved local zone
[Solve_local_zone] Final local zone size: 8 (0.78125% of all walkable positions)
[LNS] Successfully solved local zone
[LNS] Analyzing conflicts...
[LNS] Current solution: vertex collisions=88, edge collisions=5
[LNS] Creating conflict buckets...
[LOCAL ZONE] Building diamond bucket for conflict 0
[LOCAL ZONE] Built diamond bucket for conflict 0 with 5 positions, 1 conflicts, 9 - 9 time window
[LOCAL ZONE] Building diamond bucket for conflict 1
[LOCAL ZONE] Built diamond bucket for conflict 1 with 4 positions, 1 conflicts, 9 - 9 time window
[LNS] Selected most relevant bucket 0 with time window: 9 - 9, 1 conflicts and 5 positions.
[LNS] Solving the best bucket Local Zone...
[Solve_local_zone] Current local zone size: 5 (0.488281% of all walkable positions)
[Solve_local_zone] Local zone time window: [8, 10]
[Waiting_time_Solve] Agent 0 has waiting time 31
[Waiting_time_Solve] Agent 1 has waiting time 21
[Waiting_time_Solve] Agent 2 has waiting time 29
[Waiting_time_Solve] Agent 3 has waiting time 16
[Waiting_time_Solve] Agent 4 has waiting time 10
[Waiting_time_Solve] Agent 5 has waiting time 10
[Waiting_time_Solve] Agent 6 has waiting time 37
[Waiting_time_Solve] Agent 7 has waiting time 16
[Waiting_time_Solve] Agent 8 has waiting time 26
[Waiting_time_Solve] Agent 9 has waiting time 15
[Waiting_time_Solve] Agent 10 has waiting time 32
[Waiting_time_Solve] Agent 11 has waiting time 12
[Waiting_time_Solve] Agent 12 has waiting time 30
[Waiting_time_Solve] Agent 13 has waiting time 34
[Waiting_time_Solve] Agent 14 has waiting time 37
[Waiting_time_Solve] Agent 15 has waiting time 15
[Waiting_time_Solve] Agent 16 has waiting time 5
[Waiting_time_Solve] Agent 17 has waiting time 5
[Waiting_time_Solve] Agent 18 has waiting time 27
[Waiting_time_Solve] Agent 19 has waiting time 11
[Waiting_time_Solve] Agent 20 has waiting time 8
[Waiting_time_Solve] Agent 21 has waiting time 23
[Waiting_time_Solve] Agent 22 has waiting time 16
[Waiting_time_Solve] Agent 23 has waiting time 28
[Waiting_time_Solve] Agent 24 has waiting time 23
[Waiting_time_Solve] Agent 25 has waiting time 33
[Waiting_time_Solve] Agent 26 has waiting time 15
[Waiting_time_Solve] Agent 27 has waiting time 35
[Waiting_time_Solve] Agent 28 has waiting time 39
[Waiting_time_Solve] Agent 29 has waiting time 27
[Waiting_time_Solve] Agent 30 has waiting time 18
[Waiting_time_Solve] Agent 31 has waiting time 29
[Waiting_time_Solve] Agent 32 has waiting time 24
[Waiting_time_Solve] Agent 33 has waiting time 15
[Waiting_time_Solve] Agent 34 has waiting time 20
[Waiting_time_Solve] Agent 35 has waiting time 34
[Waiting_time_Solve] Agent 36 has waiting time 20
[Waiting_time_Solve] Agent 37 has waiting time 25
[Waiting_time_Solve] Agent 38 has waiting time 32
[Waiting_time_Solve] Agent 39 has waiting time 14
[Waiting_time_Solve] Agent 40 has waiting time 25
[Waiting_time_Solve] Agent 41 has waiting time 32
[Waiting_time_Solve] Agent 42 has waiting time 17
[Waiting_time_Solve] Agent 43 has waiting time 34
[Waiting_time_Solve] Agent 44 has waiting time 17
[Waiting_time_Solve] Agent 45 has waiting time 21
[Waiting_time_Solve] Agent 46 has waiting time 31
[Waiting_time_Solve] Agent 47 has waiting time 17
[Waiting_time_Solve] Agent 48 has waiting time 27
[Waiting_time_Solve] Agent 49 has waiting time 33
[Waiting_time_Solve] Agent 50 has waiting time 9
[Waiting_time_Solve] Agent 51 has waiting time 26
[Waiting_time_Solve] Agent 52 has waiting time 0
[Waiting_time_Solve] Agent 53 has waiting time 24
[Waiting_time_Solve] Agent 54 has waiting time 24
[Waiting_time_Solve] Agent 55 has waiting time 25
[Waiting_time_Solve] Agent 56 has waiting time 37
[Waiting_time_Solve] Agent 57 has waiting time 36
[Waiting_time_Solve] Agent 58 has waiting time 34
[Waiting_time_Solve] Agent 59 has waiting time 27
[Waiting_time_Solve] Agent 60 has waiting time 34
[Waiting_time_Solve] Agent 61 has waiting time 3
[Waiting_time_Solve] Agent 62 has waiting time 17
[Waiting_time_Solve] Agent 63 has waiting time 26
[Waiting_time_Solve] Agent 64 has waiting time 24
[Waiting_time_Solve] Agent 65 has waiting time 22
[Waiting_time_Solve] Agent 66 has waiting time 21
[Waiting_time_Solve] Agent 67 has waiting time 26
[Waiting_time_Solve] Agent 68 has waiting time 22
[Waiting_time_Solve] Agent 69 has waiting time 25
[Waiting_time_Solve] Agent 70 has waiting time 31
[Waiting_time_Solve] Agent 71 has waiting time 19
[Waiting_time_Solve] Agent 72 has waiting time 29
[Waiting_time_Solve] Agent 73 has waiting time 40
[Waiting_time_Solve] Agent 74 has waiting time 29
[Waiting_time_Solve] Agent 75 has waiting time 22
[Waiting_time_Solve] Agent 76 has waiting time 28
[Waiting_time_Solve] Agent 77 has waiting time 13
[Waiting_time_Solve] Agent 78 has waiting time 23
[Waiting_time_Solve] Agent 79 has waiting time 22
[Waiting_time_Solve] Agent 80 has waiting time 37
[Waiting_time_Solve] Agent 81 has waiting time 28
[Waiting_time_Solve] Agent 82 has waiting time 20
[Waiting_time_Solve] Agent 83 has waiting time 32
[Waiting_time_Solve] Agent 84 has waiting time 10
[Waiting_time_Solve] Agent 85 has waiting time 35
[Waiting_time_Solve] Agent 86 has waiting time 37
[Waiting_time_Solve] Agent 87 has waiting time 29
[Waiting_time_Solve] Agent 88 has waiting time 10
[Waiting_time_Solve] Agent 89 has waiting time 7
[Waiting_time_Solve] Agent 90 has waiting time 29
[Waiting_time_Solve] Agent 91 has waiting time 23
[Waiting_time_Solve] Agent 92 has waiting time 24
[Waiting_time_Solve] Agent 93 has waiting time 23
[Waiting_time_Solve] Agent 94 has waiting time 35
[Waiting_time_Solve] Agent 95 has waiting time 34
[Waiting_time_Solve] Agent 96 has waiting time 21
[Waiting_time_Solve] Agent 97 has waiting time 24
[Waiting_time_Solve] Agent 98 has waiting time 36
[Waiting_time_Solve] Agent 99 has waiting time 16
[Waiting_time_Solve] Total available waiting time: 2379
[Waiting_time_Solve] Max iterations: 2379
[Waiting_time_Solve] Iteration 0...
[SAT] Start solving CNF: 10 clauses and 6 variables
[SAT] Agent 76 entry time: 8 exit time: 10
[SAT] Agent 70 entry time: 8 exit time: 10

[SAT] Start time: 8 End time: 10

[SAT] Solving local zone with SAT iteration 1...
[SAT] Local CNF: 10 clauses 

DEBUG: Adding 10 new clauses to MiniSAT (incremental run)
DEBUG: Clause load summary: input=10, added=10, tautologies_skipped=0, duplicates_skipped=0, unit_clauses=6, empties=0, intra_clause_literals_removed=0, added_but_db_unchanged=4
DEBUG: After adding clauses, solver has 0 clauses and 6 variables
DEBUG: MiniSAT found 6 variables
DEBUG: Assignment size: 6
DEBUG: First few assignment values: 1 1 1 1 1 1 

=== DEBUG: cnf_assignment_to_paths ===
Input assignment size: 6

=== END DEBUG ===
[SAT] Found 1 vertex collisions and 0 edge collisions
[SAT] Adding collision clauses and solving again...
[SAT] Solving local zone with SAT iteration 2...
[SAT] Local CNF: 11 clauses 

DEBUG: Adding 1 new clauses to MiniSAT (incremental run)
[SAT] Local problem appears to be unsatisfiable in current zone
[Waiting_time_Solve] No solution found, trying to apply waiting time:1
[Waiting_time_Solve] Applying waiting time 1 to agent 70 who has waiting time 31
[Waiting_time_Solve] New path is consistent after applying waiting time for agent 70
[Current_Solution] Agent 70 used 1 waiting timesteps, 30 remaining
[Waiting_time_Solve] Applied 1 waiting time  for agent 70 who has waiting time 30
[Waiting_time_Solve] ALL Waiting time applied
[Waiting_time_Solve] Extended Zone end time from 10 to 11
[Waiting_time_Solve] Iteration 1...
[SAT] Start solving CNF: 16 clauses and 9 variables
[SAT] Agent 76 entry time: 8 exit time: 10
[SAT] Agent 70 entry time: 8 exit time: 11

[SAT] Start time: 8 End time: 11

[SAT] Solving local zone with SAT iteration 1...
[SAT] Local CNF: 17 clauses 

DEBUG: Adding 17 new clauses to MiniSAT (incremental run)
DEBUG: Clause load summary: input=17, added=17, tautologies_skipped=0, duplicates_skipped=0, unit_clauses=5, empties=0, intra_clause_literals_removed=0, added_but_db_unchanged=5
DEBUG: After adding clauses, solver has 7 clauses and 9 variables
DEBUG: MiniSAT found 9 variables
DEBUG: Assignment size: 9
DEBUG: First few assignment values: 1 1 1 1 0 1 0 1 1 

=== DEBUG: cnf_assignment_to_paths ===
Input assignment size: 9

=== END DEBUG ===
[SAT] Found 0 vertex collisions and 0 edge collisions
[SAT] Found collision-free local solution!
[Waiting_time_Solve] Solution found, updating global solution
[LNS] Updating global solution with pseudo-agent local paths...
[Current_Solution] Updating global solution for agent 76
[Current_Solution] Global solution is consistent after updating with local path
[LNS] Successfully updated global solution with pseudo-agent local paths!
[Current_Solution] Updating global solution for agent 70
[Current_Solution] INFO: Segment 70 exit adjusted from 10 to 11 due to waiting time
[Current_Solution] Segment 70 lengthened by 1 timesteps; shifting suffix
[Current_Solution] Global solution is consistent before shifting suffix
[Current_Solution] Global solution is consistent after shifting suffix
[Current_Solution] Global solution is consistent after updating with local path
[LNS] Successfully updated global solution with pseudo-agent local paths!
[LNS] Updating path map with new local paths...
[LNS] Successfully updated global solution with local paths and pseudo agents!
[Solve_local_zone] Successfully solved local zone
[Solve_local_zone] Final local zone size: 5 (0.488281% of all walkable positions)
[LNS] Successfully solved local zone
[LNS] Analyzing conflicts...
[LNS] Current solution: vertex collisions=87, edge collisions=5
[LNS] Creating conflict buckets...
[LOCAL ZONE] Building diamond bucket for conflict 0
[LOCAL ZONE] Built diamond bucket for conflict 0 with 4 positions, 1 conflicts, 9 - 9 time window
[LNS] Selected most relevant bucket 0 with time window: 9 - 9, 1 conflicts and 4 positions.
[LNS] Solving the best bucket Local Zone...
[Solve_local_zone] Current local zone size: 4 (0.390625% of all walkable positions)
[Solve_local_zone] Local zone time window: [8, 10]
[Current_Solution] Agent 14 used 2 waiting timesteps, 35 remaining
[Waiting_time_Solve] Agent 0 has waiting time 31
[Waiting_time_Solve] Agent 1 has waiting time 21
[Waiting_time_Solve] Agent 2 has waiting time 29
[Waiting_time_Solve] Agent 3 has waiting time 16
[Waiting_time_Solve] Agent 4 has waiting time 10
[Waiting_time_Solve] Agent 5 has waiting time 10
[Waiting_time_Solve] Agent 6 has waiting time 37
[Waiting_time_Solve] Agent 7 has waiting time 16
[Waiting_time_Solve] Agent 8 has waiting time 26
[Waiting_time_Solve] Agent 9 has waiting time 15
[Waiting_time_Solve] Agent 10 has waiting time 32
[Waiting_time_Solve] Agent 11 has waiting time 12
[Waiting_time_Solve] Agent 12 has waiting time 30
[Waiting_time_Solve] Agent 13 has waiting time 34
[Waiting_time_Solve] Agent 14 has waiting time 35
[Waiting_time_Solve] Agent 15 has waiting time 15
[Waiting_time_Solve] Agent 16 has waiting time 5
[Waiting_time_Solve] Agent 17 has waiting time 5
[Waiting_time_Solve] Agent 18 has waiting time 27
[Waiting_time_Solve] Agent 19 has waiting time 11
[Waiting_time_Solve] Agent 20 has waiting time 8
[Waiting_time_Solve] Agent 21 has waiting time 23
[Waiting_time_Solve] Agent 22 has waiting time 16
[Waiting_time_Solve] Agent 23 has waiting time 28
[Waiting_time_Solve] Agent 24 has waiting time 23
[Waiting_time_Solve] Agent 25 has waiting time 33
[Waiting_time_Solve] Agent 26 has waiting time 15
[Waiting_time_Solve] Agent 27 has waiting time 35
[Waiting_time_Solve] Agent 28 has waiting time 39
[Waiting_time_Solve] Agent 29 has waiting time 27
[Waiting_time_Solve] Agent 30 has waiting time 18
[Waiting_time_Solve] Agent 31 has waiting time 29
[Waiting_time_Solve] Agent 32 has waiting time 24
[Waiting_time_Solve] Agent 33 has waiting time 15
[Waiting_time_Solve] Agent 34 has waiting time 20
[Waiting_time_Solve] Agent 35 has waiting time 34
[Waiting_time_Solve] Agent 36 has waiting time 20
[Waiting_time_Solve] Agent 37 has waiting time 25
[Waiting_time_Solve] Agent 38 has waiting time 32
[Waiting_time_Solve] Agent 39 has waiting time 14
[Waiting_time_Solve] Agent 40 has waiting time 25
[Waiting_time_Solve] Agent 41 has waiting time 32
[Waiting_time_Solve] Agent 42 has waiting time 17
[Waiting_time_Solve] Agent 43 has waiting time 34
[Waiting_time_Solve] Agent 44 has waiting time 17
[Waiting_time_Solve] Agent 45 has waiting time 21
[Waiting_time_Solve] Agent 46 has waiting time 31
[Waiting_time_Solve] Agent 47 has waiting time 17
[Waiting_time_Solve] Agent 48 has waiting time 27
[Waiting_time_Solve] Agent 49 has waiting time 33
[Waiting_time_Solve] Agent 50 has waiting time 9
[Waiting_time_Solve] Agent 51 has waiting time 26
[Waiting_time_Solve] Agent 52 has waiting time 0
[Waiting_time_Solve] Agent 53 has waiting time 24
[Waiting_time_Solve] Agent 54 has waiting time 24
[Waiting_time_Solve] Agent 55 has waiting time 25
[Waiting_time_Solve] Agent 56 has waiting time 37
[Waiting_time_Solve] Agent 57 has waiting time 36
[Waiting_time_Solve] Agent 58 has waiting time 34
[Waiting_time_Solve] Agent 59 has waiting time 27
[Waiting_time_Solve] Agent 60 has waiting time 34
[Waiting_time_Solve] Agent 61 has waiting time 3
[Waiting_time_Solve] Agent 62 has waiting time 17
[Waiting_time_Solve] Agent 63 has waiting time 26
[Waiting_time_Solve] Agent 64 has waiting time 24
[Waiting_time_Solve] Agent 65 has waiting time 22
[Waiting_time_Solve] Agent 66 has waiting time 21
[Waiting_time_Solve] Agent 67 has waiting time 26
[Waiting_time_Solve] Agent 68 has waiting time 22
[Waiting_time_Solve] Agent 69 has waiting time 25
[Waiting_time_Solve] Agent 70 has waiting time 30
[Waiting_time_Solve] Agent 71 has waiting time 19
[Waiting_time_Solve] Agent 72 has waiting time 29
[Waiting_time_Solve] Agent 73 has waiting time 40
[Waiting_time_Solve] Agent 74 has waiting time 29
[Waiting_time_Solve] Agent 75 has waiting time 22
[Waiting_time_Solve] Agent 76 has waiting time 28
[Waiting_time_Solve] Agent 77 has waiting time 13
[Waiting_time_Solve] Agent 78 has waiting time 23
[Waiting_time_Solve] Agent 79 has waiting time 22
[Waiting_time_Solve] Agent 80 has waiting time 37
[Waiting_time_Solve] Agent 81 has waiting time 28
[Waiting_time_Solve] Agent 82 has waiting time 20
[Waiting_time_Solve] Agent 83 has waiting time 32
[Waiting_time_Solve] Agent 84 has waiting time 10
[Waiting_time_Solve] Agent 85 has waiting time 35
[Waiting_time_Solve] Agent 86 has waiting time 37
[Waiting_time_Solve] Agent 87 has waiting time 29
[Waiting_time_Solve] Agent 88 has waiting time 10
[Waiting_time_Solve] Agent 89 has waiting time 7
[Waiting_time_Solve] Agent 90 has waiting time 29
[Waiting_time_Solve] Agent 91 has waiting time 23
[Waiting_time_Solve] Agent 92 has waiting time 24
[Waiting_time_Solve] Agent 93 has waiting time 23
[Waiting_time_Solve] Agent 94 has waiting time 35
[Waiting_time_Solve] Agent 95 has waiting time 34
[Waiting_time_Solve] Agent 96 has waiting time 21
[Waiting_time_Solve] Agent 97 has waiting time 24
[Waiting_time_Solve] Agent 98 has waiting time 36
[Waiting_time_Solve] Agent 99 has waiting time 16
[Waiting_time_Solve] Total available waiting time: 2376
[Waiting_time_Solve] Max iterations: 2376
[Waiting_time_Solve] Iteration 0...
[SAT] Start solving CNF: 19 clauses and 9 variables
[SAT] Agent 27 entry time: 8 exit time: 10
[SAT] Agent 14 entry time: 8 exit time: 10

[SAT] Start time: 8 End time: 10

[SAT] Solving local zone with SAT iteration 1...
[SAT] Local CNF: 19 clauses 

DEBUG: Adding 19 new clauses to MiniSAT (incremental run)
DEBUG: Clause load summary: input=19, added=19, tautologies_skipped=0, duplicates_skipped=0, unit_clauses=5, empties=0, intra_clause_literals_removed=0, added_but_db_unchanged=6
DEBUG: After adding clauses, solver has 8 clauses and 9 variables
DEBUG: MiniSAT found 9 variables
DEBUG: Assignment size: 9
DEBUG: First few assignment values: 1 1 1 1 0 1 0 0 1 

=== DEBUG: cnf_assignment_to_paths ===
Input assignment size: 9

=== END DEBUG ===
[SAT] Found 0 vertex collisions and 1 edge collisions
[SAT] Adding collision clauses and solving again...
[SAT] Solving local zone with SAT iteration 2...
[SAT] Local CNF: 20 clauses 

DEBUG: Adding 1 new clauses to MiniSAT (incremental run)
DEBUG: Clause load summary: input=1, added=1, tautologies_skipped=0, duplicates_skipped=0, unit_clauses=0, empties=0, intra_clause_literals_removed=0, added_but_db_unchanged=1
DEBUG: After adding clauses, solver has 8 clauses and 9 variables
DEBUG: MiniSAT found 9 variables
DEBUG: Assignment size: 9
DEBUG: First few assignment values: 1 1 1 1 0 0 1 0 1 

=== DEBUG: cnf_assignment_to_paths ===
Input assignment size: 9

=== END DEBUG ===
[SAT] Found 0 vertex collisions and 0 edge collisions
[SAT] Found collision-free local solution!
[Waiting_time_Solve] Solution found, updating global solution
[LNS] Updating global solution with pseudo-agent local paths...
[Current_Solution] Updating global solution for agent 27
[Current_Solution] Global solution is consistent after updating with local path
[LNS] Successfully updated global solution with pseudo-agent local paths!
[Current_Solution] Updating global solution for agent 14
[Current_Solution] Global solution is consistent after updating with local path
[LNS] Successfully updated global solution with pseudo-agent local paths!
[LNS] Updating path map with new local paths...
[LNS] Successfully updated global solution with local paths and pseudo agents!
[Solve_local_zone] Successfully solved local zone
[Solve_local_zone] Final local zone size: 4 (0.390625% of all walkable positions)
[LNS] Successfully solved local zone
[LNS] Analyzing conflicts...
[LNS] Current solution: vertex collisions=86, edge collisions=5
[LNS] Creating conflict buckets...
[LOCAL ZONE] Building diamond bucket for conflict 0
[LOCAL ZONE] Built diamond bucket for conflict 0 with 17 positions, 4 conflicts, 10 - 13 time window
[LNS] Selected most relevant bucket 0 with time window: 10 - 13, 4 conflicts and 17 positions.
[LNS] Solving the best bucket Local Zone...
[Solve_local_zone] Current local zone size: 17 (1.66016% of all walkable positions)
[Solve_local_zone] Local zone time window: [9, 14]
[Create_Local_problem] Agent 34 returned to the zone 1 times within time window
[Waiting_time_Solve] Agent 0 has waiting time 31
[Waiting_time_Solve] Agent 1 has waiting time 21
[Waiting_time_Solve] Agent 2 has waiting time 29
[Waiting_time_Solve] Agent 3 has waiting time 16
[Waiting_time_Solve] Agent 4 has waiting time 10
[Waiting_time_Solve] Agent 5 has waiting time 10
[Waiting_time_Solve] Agent 6 has waiting time 37
[Waiting_time_Solve] Agent 7 has waiting time 16
[Waiting_time_Solve] Agent 8 has waiting time 26
[Waiting_time_Solve] Agent 9 has waiting time 15
[Waiting_time_Solve] Agent 10 has waiting time 32
[Waiting_time_Solve] Agent 11 has waiting time 12
[Waiting_time_Solve] Agent 12 has waiting time 30
[Waiting_time_Solve] Agent 13 has waiting time 34
[Waiting_time_Solve] Agent 14 has waiting time 35
[Waiting_time_Solve] Agent 15 has waiting time 15
[Waiting_time_Solve] Agent 16 has waiting time 5
[Waiting_time_Solve] Agent 17 has waiting time 5
[Waiting_time_Solve] Agent 18 has waiting time 27
[Waiting_time_Solve] Agent 19 has waiting time 11
[Waiting_time_Solve] Agent 20 has waiting time 8
[Waiting_time_Solve] Agent 21 has waiting time 23
[Waiting_time_Solve] Agent 22 has waiting time 16
[Waiting_time_Solve] Agent 23 has waiting time 28
[Waiting_time_Solve] Agent 24 has waiting time 23
[Waiting_time_Solve] Agent 25 has waiting time 33
[Waiting_time_Solve] Agent 26 has waiting time 15
[Waiting_time_Solve] Agent 27 has waiting time 35
[Waiting_time_Solve] Agent 28 has waiting time 39
[Waiting_time_Solve] Agent 29 has waiting time 27
[Waiting_time_Solve] Agent 30 has waiting time 18
[Waiting_time_Solve] Agent 31 has waiting time 29
[Waiting_time_Solve] Agent 32 has waiting time 24
[Waiting_time_Solve] Agent 33 has waiting time 15
[Waiting_time_Solve] Agent 34 has waiting time 20
[Waiting_time_Solve] Agent 35 has waiting time 34
[Waiting_time_Solve] Agent 36 has waiting time 20
[Waiting_time_Solve] Agent 37 has waiting time 25
[Waiting_time_Solve] Agent 38 has waiting time 32
[Waiting_time_Solve] Agent 39 has waiting time 14
[Waiting_time_Solve] Agent 40 has waiting time 25
[Waiting_time_Solve] Agent 41 has waiting time 32
[Waiting_time_Solve] Agent 42 has waiting time 17
[Waiting_time_Solve] Agent 43 has waiting time 34
[Waiting_time_Solve] Agent 44 has waiting time 17
[Waiting_time_Solve] Agent 45 has waiting time 21
[Waiting_time_Solve] Agent 46 has waiting time 31
[Waiting_time_Solve] Agent 47 has waiting time 17
[Waiting_time_Solve] Agent 48 has waiting time 27
[Waiting_time_Solve] Agent 49 has waiting time 33
[Waiting_time_Solve] Agent 50 has waiting time 9
[Waiting_time_Solve] Agent 51 has waiting time 26
[Waiting_time_Solve] Agent 52 has waiting time 0
[Waiting_time_Solve] Agent 53 has waiting time 24
[Waiting_time_Solve] Agent 54 has waiting time 24
[Waiting_time_Solve] Agent 55 has waiting time 25
[Waiting_time_Solve] Agent 56 has waiting time 37
[Waiting_time_Solve] Agent 57 has waiting time 36
[Waiting_time_Solve] Agent 58 has waiting time 34
[Waiting_time_Solve] Agent 59 has waiting time 27
[Waiting_time_Solve] Agent 60 has waiting time 34
[Waiting_time_Solve] Agent 61 has waiting time 3
[Waiting_time_Solve] Agent 62 has waiting time 17
[Waiting_time_Solve] Agent 63 has waiting time 26
[Waiting_time_Solve] Agent 64 has waiting time 24
[Waiting_time_Solve] Agent 65 has waiting time 22
[Waiting_time_Solve] Agent 66 has waiting time 21
[Waiting_time_Solve] Agent 67 has waiting time 26
[Waiting_time_Solve] Agent 68 has waiting time 22
[Waiting_time_Solve] Agent 69 has waiting time 25
[Waiting_time_Solve] Agent 70 has waiting time 30
[Waiting_time_Solve] Agent 71 has waiting time 19
[Waiting_time_Solve] Agent 72 has waiting time 29
[Waiting_time_Solve] Agent 73 has waiting time 40
[Waiting_time_Solve] Agent 74 has waiting time 29
[Waiting_time_Solve] Agent 75 has waiting time 22
[Waiting_time_Solve] Agent 76 has waiting time 28
[Waiting_time_Solve] Agent 77 has waiting time 13
[Waiting_time_Solve] Agent 78 has waiting time 23
[Waiting_time_Solve] Agent 79 has waiting time 22
[Waiting_time_Solve] Agent 80 has waiting time 37
[Waiting_time_Solve] Agent 81 has waiting time 28
[Waiting_time_Solve] Agent 82 has waiting time 20
[Waiting_time_Solve] Agent 83 has waiting time 32
[Waiting_time_Solve] Agent 84 has waiting time 10
[Waiting_time_Solve] Agent 85 has waiting time 35
[Waiting_time_Solve] Agent 86 has waiting time 37
[Waiting_time_Solve] Agent 87 has waiting time 29
[Waiting_time_Solve] Agent 88 has waiting time 10
[Waiting_time_Solve] Agent 89 has waiting time 7
[Waiting_time_Solve] Agent 90 has waiting time 29
[Waiting_time_Solve] Agent 91 has waiting time 23
[Waiting_time_Solve] Agent 92 has waiting time 24
[Waiting_time_Solve] Agent 93 has waiting time 23
[Waiting_time_Solve] Agent 94 has waiting time 35
[Waiting_time_Solve] Agent 95 has waiting time 34
[Waiting_time_Solve] Agent 96 has waiting time 21
[Waiting_time_Solve] Agent 97 has waiting time 24
[Waiting_time_Solve] Agent 98 has waiting time 36
[Waiting_time_Solve] Agent 99 has waiting time 16
[Waiting_time_Solve] Total available waiting time: 2376
[Waiting_time_Solve] Max iterations: 2376
[Waiting_time_Solve] Iteration 0...
[Waiting_time_Solve] Agent 34 pseudo agents: 100 
[SAT] Start solving CNF: 72 clauses and 40 variables
[SAT] Agent 89 entry time: 10 exit time: 14
[SAT] Agent 81 entry time: 10 exit time: 14
[SAT] Agent 52 entry time: 9 exit time: 13
[SAT] Agent 49 entry time: 11 exit time: 11
[SAT] Agent 32 entry time: 12 exit time: 14
[SAT] Agent 100 entry time: 11 exit time: 11
[SAT] Agent 22 entry time: 9 exit time: 14
[SAT] Agent 34 entry time: 9 exit time: 9
[SAT] Agent 8 entry time: 9 exit time: 9

[SAT] Start time: 9 End time: 14

[SAT] Solving local zone with SAT iteration 1...
[SAT] Local CNF: 72 clauses 

DEBUG: Adding 72 new clauses to MiniSAT (incremental run)
DEBUG: Clause load summary: input=72, added=72, tautologies_skipped=0, duplicates_skipped=0, unit_clauses=17, empties=0, intra_clause_literals_removed=0, added_but_db_unchanged=12
DEBUG: After adding clauses, solver has 43 clauses and 40 variables
DEBUG: MiniSAT found 40 variables
DEBUG: Assignment size: 40
DEBUG: First few assignment values: 1 1 0 1 1 0 1 1 1 0 

=== DEBUG: cnf_assignment_to_paths ===
Input assignment size: 40

=== END DEBUG ===
[SAT] Found 2 vertex collisions and 1 edge collisions
[SAT] Adding collision clauses and solving again...
[SAT] Solving local zone with SAT iteration 2...
[SAT] Local CNF: 75 clauses 

DEBUG: Adding 3 new clauses to MiniSAT (incremental run)
DEBUG: Clause load summary: input=3, added=3, tautologies_skipped=0, duplicates_skipped=0, unit_clauses=0, empties=0, intra_clause_literals_removed=0, added_but_db_unchanged=2
DEBUG: After adding clauses, solver has 44 clauses and 40 variables
DEBUG: MiniSAT found 40 variables
DEBUG: Assignment size: 40
DEBUG: First few assignment values: 1 1 0 1 0 1 1 1 1 0 

=== DEBUG: cnf_assignment_to_paths ===
Input assignment size: 40

=== END DEBUG ===
[SAT] Found 0 vertex collisions and 1 edge collisions
[SAT] Adding collision clauses and solving again...
[SAT] Solving local zone with SAT iteration 3...
[SAT] Local CNF: 76 clauses 

DEBUG: Adding 1 new clauses to MiniSAT (incremental run)
DEBUG: Clause load summary: input=1, added=1, tautologies_skipped=0, duplicates_skipped=0, unit_clauses=0, empties=0, intra_clause_literals_removed=0, added_but_db_unchanged=0
DEBUG: After adding clauses, solver has 45 clauses and 40 variables
DEBUG: MiniSAT found 40 variables
DEBUG: Assignment size: 40
DEBUG: First few assignment values: 1 1 0 1 0 1 1 1 1 0 

=== DEBUG: cnf_assignment_to_paths ===
Input assignment size: 40

=== END DEBUG ===
[SAT] Found 1 vertex collisions and 0 edge collisions
[SAT] Adding collision clauses and solving again...
[SAT] Solving local zone with SAT iteration 4...
[SAT] Local CNF: 77 clauses 

DEBUG: Adding 1 new clauses to MiniSAT (incremental run)
DEBUG: Clause load summary: input=1, added=1, tautologies_skipped=0, duplicates_skipped=0, unit_clauses=0, empties=0, intra_clause_literals_removed=0, added_but_db_unchanged=0
DEBUG: After adding clauses, solver has 46 clauses and 40 variables
DEBUG: MiniSAT found 40 variables
DEBUG: Assignment size: 40
DEBUG: First few assignment values: 1 1 0 1 0 1 1 1 1 0 

=== DEBUG: cnf_assignment_to_paths ===
Input assignment size: 40

=== END DEBUG ===
[SAT] Found 2 vertex collisions and 0 edge collisions
[SAT] Adding collision clauses and solving again...
[SAT] Solving local zone with SAT iteration 5...
[SAT] Local CNF: 79 clauses 

DEBUG: Adding 2 new clauses to MiniSAT (incremental run)
DEBUG: Clause load summary: input=2, added=2, tautologies_skipped=0, duplicates_skipped=0, unit_clauses=0, empties=0, intra_clause_literals_removed=0, added_but_db_unchanged=0
DEBUG: After adding clauses, solver has 48 clauses and 40 variables
[SAT] Local problem appears to be unsatisfiable in current zone
[Waiting_time_Solve] No solution found, trying to apply waiting time:1
[Waiting_time_Solve] Applying waiting time 1 to agent 22 who has waiting time 16
[Waiting_time_Solve] New path is consistent after applying waiting time for agent 22
[Current_Solution] Agent 22 used 1 waiting timesteps, 15 remaining
[Waiting_time_Solve] Applied 1 waiting time  for agent 22 who has waiting time 15
[Waiting_time_Solve] Applying waiting time 1 to agent 81 who has waiting time 28
[Waiting_time_Solve] New path is consistent after applying waiting time for agent 81
[Current_Solution] Agent 81 used 1 waiting timesteps, 27 remaining
[Waiting_time_Solve] Applied 1 waiting time  for agent 81 who has waiting time 27
[Waiting_time_Solve] Applying waiting time 1 to agent 32 who has waiting time 24
[Waiting_time_Solve] New path is consistent after applying waiting time for agent 32
[Current_Solution] Agent 32 used 1 waiting timesteps, 23 remaining
[Waiting_time_Solve] Applied 1 waiting time  for agent 32 who has waiting time 23
[Waiting_time_Solve] ALL Waiting time applied
[Waiting_time_Solve] Extended Zone end time from 14 to 15
[Waiting_time_Solve] Iteration 1...
[Waiting_time_Solve] Agent 34 pseudo agents: 100 
[SAT] Start solving CNF: 145 clauses and 65 variables
[SAT] Agent 89 entry time: 10 exit time: 15
[SAT] Agent 81 entry time: 10 exit time: 15
[SAT] Agent 52 entry time: 9 exit time: 13
[SAT] Agent 49 entry time: 11 exit time: 11
[SAT] Agent 32 entry time: 12 exit time: 15
[SAT] Agent 100 entry time: 11 exit time: 11
[SAT] Agent 22 entry time: 9 exit time: 15
[SAT] Agent 34 entry time: 9 exit time: 9
[SAT] Agent 8 entry time: 9 exit time: 9

[SAT] Start time: 9 End time: 15

[SAT] Solving local zone with SAT iteration 1...
[SAT] Local CNF: 152 clauses 

DEBUG: Adding 152 new clauses to MiniSAT (incremental run)
DEBUG: Clause load summary: input=152, added=152, tautologies_skipped=0, duplicates_skipped=0, unit_clauses=15, empties=0, intra_clause_literals_removed=0, added_but_db_unchanged=13
DEBUG: After adding clauses, solver has 124 clauses and 65 variables
DEBUG: MiniSAT found 65 variables
DEBUG: Assignment size: 65
DEBUG: First few assignment values: 1 1 0 1 0 1 0 1 0 1 

=== DEBUG: cnf_assignment_to_paths ===
Input assignment size: 65

=== END DEBUG ===
[SAT] Found 2 vertex collisions and 0 edge collisions
[SAT] Adding collision clauses and solving again...
[SAT] Solving local zone with SAT iteration 2...
[SAT] Local CNF: 154 clauses 

DEBUG: Adding 2 new clauses to MiniSAT (incremental run)
[SAT] Local problem appears to be unsatisfiable in current zone
[Waiting_time_Solve] No solution found, trying to apply waiting time:2
[Waiting_time_Solve] Applying waiting time 2 to agent 81 who has waiting time 27
[Waiting_time_Solve] New path is consistent after applying waiting time for agent 81
[Current_Solution] Agent 81 used 2 waiting timesteps, 25 remaining
[Waiting_time_Solve] Applied 2 waiting time  for agent 81 who has waiting time 25
[Waiting_time_Solve] Applying waiting time 2 to agent 22 who has waiting time 15
[Waiting_time_Solve] New path is consistent after applying waiting time for agent 22
[Current_Solution] Agent 22 used 2 waiting timesteps, 13 remaining
[Waiting_time_Solve] Applied 2 waiting time  for agent 22 who has waiting time 13
[Waiting_time_Solve] ALL Waiting time applied
[Waiting_time_Solve] Extended Zone end time from 15 to 17
[Waiting_time_Solve] Iteration 2...
[Waiting_time_Solve] Agent 34 pseudo agents: 100 
[SAT] Start solving CNF: 503 clauses and 127 variables
[SAT] Agent 89 entry time: 10 exit time: 15
[SAT] Agent 81 entry time: 10 exit time: 17
[SAT] Agent 52 entry time: 9 exit time: 13
[SAT] Agent 49 entry time: 11 exit time: 11
[SAT] Agent 32 entry time: 12 exit time: 17
[SAT] Agent 100 entry time: 11 exit time: 11
[SAT] Agent 22 entry time: 9 exit time: 17
[SAT] Agent 34 entry time: 9 exit time: 9
[SAT] Agent 8 entry time: 9 exit time: 9

[SAT] Start time: 9 End time: 17

[SAT] Solving local zone with SAT iteration 1...
[SAT] Local CNF: 512 clauses 

DEBUG: Adding 512 new clauses to MiniSAT (incremental run)
DEBUG: Clause load summary: input=512, added=512, tautologies_skipped=0, duplicates_skipped=0, unit_clauses=15, empties=0, intra_clause_literals_removed=0, added_but_db_unchanged=14
DEBUG: After adding clauses, solver has 483 clauses and 127 variables
DEBUG: MiniSAT found 127 variables
DEBUG: Assignment size: 127
DEBUG: First few assignment values: 1 1 0 1 0 1 0 1 0 1 

=== DEBUG: cnf_assignment_to_paths ===
Input assignment size: 127

=== END DEBUG ===
[SAT] Found 2 vertex collisions and 1 edge collisions
[SAT] Adding collision clauses and solving again...
[SAT] Solving local zone with SAT iteration 2...
[SAT] Local CNF: 515 clauses 

DEBUG: Adding 3 new clauses to MiniSAT (incremental run)
DEBUG: Clause load summary: input=3, added=3, tautologies_skipped=0, duplicates_skipped=0, unit_clauses=0, empties=0, intra_clause_literals_removed=0, added_but_db_unchanged=0
DEBUG: After adding clauses, solver has 478 clauses and 127 variables
DEBUG: MiniSAT found 127 variables
DEBUG: Assignment size: 127
DEBUG: First few assignment values: 1 1 0 1 0 1 0 1 0 1 

=== DEBUG: cnf_assignment_to_paths ===
Input assignment size: 127

=== END DEBUG ===
[SAT] Found 2 vertex collisions and 1 edge collisions
[SAT] Adding collision clauses and solving again...
[SAT] Solving local zone with SAT iteration 3...
[SAT] Local CNF: 518 clauses 

DEBUG: Adding 3 new clauses to MiniSAT (incremental run)
DEBUG: Clause load summary: input=3, added=3, tautologies_skipped=0, duplicates_skipped=0, unit_clauses=0, empties=0, intra_clause_literals_removed=0, added_but_db_unchanged=0
DEBUG: After adding clauses, solver has 481 clauses and 127 variables
DEBUG: MiniSAT found 127 variables
DEBUG: Assignment size: 127
DEBUG: First few assignment values: 1 1 0 1 0 1 0 1 0 1 

=== DEBUG: cnf_assignment_to_paths ===
Input assignment size: 127

=== END DEBUG ===
[SAT] Found 1 vertex collisions and 0 edge collisions
[SAT] Adding collision clauses and solving again...
[SAT] Solving local zone with SAT iteration 4...
[SAT] Local CNF: 519 clauses 

DEBUG: Adding 1 new clauses to MiniSAT (incremental run)
DEBUG: Clause load summary: input=1, added=1, tautologies_skipped=0, duplicates_skipped=0, unit_clauses=0, empties=0, intra_clause_literals_removed=0, added_but_db_unchanged=0
DEBUG: After adding clauses, solver has 482 clauses and 127 variables
DEBUG: MiniSAT found 127 variables
DEBUG: Assignment size: 127
DEBUG: First few assignment values: 1 1 0 1 0 1 0 1 0 1 

=== DEBUG: cnf_assignment_to_paths ===
Input assignment size: 127

=== END DEBUG ===
[SAT] Found 0 vertex collisions and 0 edge collisions
[SAT] Found collision-free local solution!
[Waiting_time_Solve] Solution found, updating global solution
[LNS] Updating global solution with pseudo-agent local paths...
[Current_Solution] Updating global solution for agent 89
[Current_Solution] INFO: Segment 89 exit adjusted from 14 to 15 due to waiting time
[Current_Solution] Segment 89 lengthened by 1 timesteps; shifting suffix
[Current_Solution] Global solution is consistent before shifting suffix
[Current_Solution] Global solution is consistent after shifting suffix
[Current_Solution] Global solution is consistent after updating with local path
[LNS] Successfully updated global solution with pseudo-agent local paths!
[Current_Solution] Updating global solution for agent 81
[Current_Solution] INFO: Segment 81 exit adjusted from 14 to 17 due to waiting time
[Current_Solution] Segment 81 lengthened by 3 timesteps; shifting suffix
[Current_Solution] Global solution is consistent before shifting suffix
[Current_Solution] Global solution is consistent after shifting suffix
[Current_Solution] Global solution is consistent after updating with local path
[LNS] Successfully updated global solution with pseudo-agent local paths!
[Current_Solution] Updating global solution for agent 52
[Current_Solution] Global solution is consistent after updating with local path
[LNS] Successfully updated global solution with pseudo-agent local paths!
[Current_Solution] Updating global solution for agent 49
[Current_Solution] Global solution is consistent after updating with local path
[LNS] Successfully updated global solution with pseudo-agent local paths!
[Current_Solution] Updating global solution for agent 32
[Current_Solution] INFO: Segment 32 exit adjusted from 14 to 17 due to waiting time
[Current_Solution] Segment 32 lengthened by 3 timesteps; shifting suffix
[Current_Solution] Global solution is consistent before shifting suffix
[Current_Solution] Global solution is consistent after shifting suffix
[Current_Solution] Global solution is consistent after updating with local path
[LNS] Successfully updated global solution with pseudo-agent local paths!
[Current_Solution] Updating global solution for agent 22
[Current_Solution] INFO: Segment 22 exit adjusted from 14 to 17 due to waiting time
[Current_Solution] Segment 22 lengthened by 3 timesteps; shifting suffix
[Current_Solution] Global solution is consistent before shifting suffix
[Current_Solution] Global solution is consistent after shifting suffix
[Current_Solution] Global solution is consistent after updating with local path
[LNS] Successfully updated global solution with pseudo-agent local paths!
[Current_Solution] Updating global solution for agent 34
[Current_Solution] Global solution is consistent after updating with local path
[Current_Solution] Global solution is consistent after updating with local path
[LNS] Successfully updated global solution with pseudo-agent local paths!
[Current_Solution] Updating global solution for agent 8
[Current_Solution] Global solution is consistent after updating with local path
[LNS] Successfully updated global solution with pseudo-agent local paths!
[LNS] Updating path map with new local paths...
[LNS] Successfully updated global solution with local paths and pseudo agents!
[Solve_local_zone] Successfully solved local zone
[Solve_local_zone] Final local zone size: 17 (1.66016% of all walkable positions)
[LNS] Successfully solved local zone
[LNS] Analyzing conflicts...
[LNS] Current solution: vertex collisions=84, edge collisions=2
[LNS] Creating conflict buckets...
[LOCAL ZONE] Building diamond bucket for conflict 0
[LOCAL ZONE] Built diamond bucket for conflict 0 with 5 positions, 1 conflicts, 12 - 12 time window
[LOCAL ZONE] Building diamond bucket for conflict 1
[LOCAL ZONE] Built diamond bucket for conflict 1 with 8 positions, 2 conflicts, 12 - 13 time window
[LNS] Selected most relevant bucket 1 with time window: 12 - 13, 2 conflicts and 8 positions.
[LNS] Solving the best bucket Local Zone...
[Solve_local_zone] Current local zone size: 8 (0.78125% of all walkable positions)
[Solve_local_zone] Local zone time window: [11, 14]
[Current_Solution] Agent 41 used 1 waiting timesteps, 31 remaining
[Waiting_time_Solve] Agent 0 has waiting time 31
[Waiting_time_Solve] Agent 1 has waiting time 21
[Waiting_time_Solve] Agent 2 has waiting time 29
[Waiting_time_Solve] Agent 3 has waiting time 16
[Waiting_time_Solve] Agent 4 has waiting time 10
[Waiting_time_Solve] Agent 5 has waiting time 10
[Waiting_time_Solve] Agent 6 has waiting time 37
[Waiting_time_Solve] Agent 7 has waiting time 16
[Waiting_time_Solve] Agent 8 has waiting time 26
[Waiting_time_Solve] Agent 9 has waiting time 15
[Waiting_time_Solve] Agent 10 has waiting time 32
[Waiting_time_Solve] Agent 11 has waiting time 12
[Waiting_time_Solve] Agent 12 has waiting time 30
[Waiting_time_Solve] Agent 13 has waiting time 34
[Waiting_time_Solve] Agent 14 has waiting time 35
[Waiting_time_Solve] Agent 15 has waiting time 15
[Waiting_time_Solve] Agent 16 has waiting time 5
[Waiting_time_Solve] Agent 17 has waiting time 5
[Waiting_time_Solve] Agent 18 has waiting time 27
[Waiting_time_Solve] Agent 19 has waiting time 11
[Waiting_time_Solve] Agent 20 has waiting time 8
[Waiting_time_Solve] Agent 21 has waiting time 23
[Waiting_time_Solve] Agent 22 has waiting time 13
[Waiting_time_Solve] Agent 23 has waiting time 28
[Waiting_time_Solve] Agent 24 has waiting time 23
[Waiting_time_Solve] Agent 25 has waiting time 33
[Waiting_time_Solve] Agent 26 has waiting time 15
[Waiting_time_Solve] Agent 27 has waiting time 35
[Waiting_time_Solve] Agent 28 has waiting time 39
[Waiting_time_Solve] Agent 29 has waiting time 27
[Waiting_time_Solve] Agent 30 has waiting time 18
[Waiting_time_Solve] Agent 31 has waiting time 29
[Waiting_time_Solve] Agent 32 has waiting time 23
[Waiting_time_Solve] Agent 33 has waiting time 15
[Waiting_time_Solve] Agent 34 has waiting time 20
[Waiting_time_Solve] Agent 35 has waiting time 34
[Waiting_time_Solve] Agent 36 has waiting time 20
[Waiting_time_Solve] Agent 37 has waiting time 25
[Waiting_time_Solve] Agent 38 has waiting time 32
[Waiting_time_Solve] Agent 39 has waiting time 14
[Waiting_time_Solve] Agent 40 has waiting time 25
[Waiting_time_Solve] Agent 41 has waiting time 31
[Waiting_time_Solve] Agent 42 has waiting time 17
[Waiting_time_Solve] Agent 43 has waiting time 34
[Waiting_time_Solve] Agent 44 has waiting time 17
[Waiting_time_Solve] Agent 45 has waiting time 21
[Waiting_time_Solve] Agent 46 has waiting time 31
[Waiting_time_Solve] Agent 47 has waiting time 17
[Waiting_time_Solve] Agent 48 has waiting time 27
[Waiting_time_Solve] Agent 49 has waiting time 33
[Waiting_time_Solve] Agent 50 has waiting time 9
[Waiting_time_Solve] Agent 51 has waiting time 26
[Waiting_time_Solve] Agent 52 has waiting time 0
[Waiting_time_Solve] Agent 53 has waiting time 24
[Waiting_time_Solve] Agent 54 has waiting time 24
[Waiting_time_Solve] Agent 55 has waiting time 25
[Waiting_time_Solve] Agent 56 has waiting time 37
[Waiting_time_Solve] Agent 57 has waiting time 36
[Waiting_time_Solve] Agent 58 has waiting time 34
[Waiting_time_Solve] Agent 59 has waiting time 27
[Waiting_time_Solve] Agent 60 has waiting time 34
[Waiting_time_Solve] Agent 61 has waiting time 3
[Waiting_time_Solve] Agent 62 has waiting time 17
[Waiting_time_Solve] Agent 63 has waiting time 26
[Waiting_time_Solve] Agent 64 has waiting time 24
[Waiting_time_Solve] Agent 65 has waiting time 22
[Waiting_time_Solve] Agent 66 has waiting time 21
[Waiting_time_Solve] Agent 67 has waiting time 26
[Waiting_time_Solve] Agent 68 has waiting time 22
[Waiting_time_Solve] Agent 69 has waiting time 25
[Waiting_time_Solve] Agent 70 has waiting time 30
[Waiting_time_Solve] Agent 71 has waiting time 19
[Waiting_time_Solve] Agent 72 has waiting time 29
[Waiting_time_Solve] Agent 73 has waiting time 40
[Waiting_time_Solve] Agent 74 has waiting time 29
[Waiting_time_Solve] Agent 75 has waiting time 22
[Waiting_time_Solve] Agent 76 has waiting time 28
[Waiting_time_Solve] Agent 77 has waiting time 13
[Waiting_time_Solve] Agent 78 has waiting time 23
[Waiting_time_Solve] Agent 79 has waiting time 22
[Waiting_time_Solve] Agent 80 has waiting time 37
[Waiting_time_Solve] Agent 81 has waiting time 25
[Waiting_time_Solve] Agent 82 has waiting time 20
[Waiting_time_Solve] Agent 83 has waiting time 32
[Waiting_time_Solve] Agent 84 has waiting time 10
[Waiting_time_Solve] Agent 85 has waiting time 35
[Waiting_time_Solve] Agent 86 has waiting time 37
[Waiting_time_Solve] Agent 87 has waiting time 29
[Waiting_time_Solve] Agent 88 has waiting time 10
[Waiting_time_Solve] Agent 89 has waiting time 7
[Waiting_time_Solve] Agent 90 has waiting time 29
[Waiting_time_Solve] Agent 91 has waiting time 23
[Waiting_time_Solve] Agent 92 has waiting time 24
[Waiting_time_Solve] Agent 93 has waiting time 23
[Waiting_time_Solve] Agent 94 has waiting time 35
[Waiting_time_Solve] Agent 95 has waiting time 34
[Waiting_time_Solve] Agent 96 has waiting time 21
[Waiting_time_Solve] Agent 97 has waiting time 24
[Waiting_time_Solve] Agent 98 has waiting time 36
[Waiting_time_Solve] Agent 99 has waiting time 16
[Waiting_time_Solve] Total available waiting time: 2368
[Waiting_time_Solve] Max iterations: 2368
[Waiting_time_Solve] Iteration 0...
[SAT] Start solving CNF: 27 clauses and 15 variables
[SAT] Agent 72 entry time: 11 exit time: 13
[SAT] Agent 41 entry time: 11 exit time: 14
[SAT] Agent 3 entry time: 11 exit time: 14

[SAT] Start time: 11 End time: 14

[SAT] Solving local zone with SAT iteration 1...
[SAT] Local CNF: 27 clauses 

DEBUG: Adding 27 new clauses to MiniSAT (incremental run)
DEBUG: Clause load summary: input=27, added=27, tautologies_skipped=0, duplicates_skipped=0, unit_clauses=7, empties=0, intra_clause_literals_removed=0, added_but_db_unchanged=7
DEBUG: After adding clauses, solver has 13 clauses and 15 variables
DEBUG: MiniSAT found 15 variables
DEBUG: Assignment size: 15
DEBUG: First few assignment values: 1 0 1 1 1 1 0 1 0 1 

=== DEBUG: cnf_assignment_to_paths ===
Input assignment size: 15

=== END DEBUG ===
[SAT] Found 2 vertex collisions and 0 edge collisions
[SAT] Adding collision clauses and solving again...
[SAT] Solving local zone with SAT iteration 2...
[SAT] Local CNF: 29 clauses 

DEBUG: Adding 2 new clauses to MiniSAT (incremental run)
DEBUG: Clause load summary: input=2, added=2, tautologies_skipped=0, duplicates_skipped=0, unit_clauses=0, empties=0, intra_clause_literals_removed=0, added_but_db_unchanged=1
DEBUG: After adding clauses, solver has 14 clauses and 15 variables
DEBUG: MiniSAT found 15 variables
DEBUG: Assignment size: 15
DEBUG: First few assignment values: 1 0 1 1 1 1 0 0 1 1 

=== DEBUG: cnf_assignment_to_paths ===
Input assignment size: 15

=== END DEBUG ===
[SAT] Found 1 vertex collisions and 0 edge collisions
[SAT] Adding collision clauses and solving again...
[SAT] Solving local zone with SAT iteration 3...
[SAT] Local CNF: 30 clauses 

DEBUG: Adding 1 new clauses to MiniSAT (incremental run)
DEBUG: Clause load summary: input=1, added=1, tautologies_skipped=0, duplicates_skipped=0, unit_clauses=0, empties=0, intra_clause_literals_removed=0, added_but_db_unchanged=0
DEBUG: After adding clauses, solver has 15 clauses and 15 variables
DEBUG: MiniSAT found 15 variables
DEBUG: Assignment size: 15
DEBUG: First few assignment values: 1 0 1 1 1 0 1 0 1 1 

=== DEBUG: cnf_assignment_to_paths ===
Input assignment size: 15

=== END DEBUG ===
[SAT] Found 0 vertex collisions and 0 edge collisions
[SAT] Found collision-free local solution!
[Waiting_time_Solve] Solution found, updating global solution
[LNS] Updating global solution with pseudo-agent local paths...
[Current_Solution] Updating global solution for agent 72
[Current_Solution] Global solution is consistent after updating with local path
[LNS] Successfully updated global solution with pseudo-agent local paths!
[Current_Solution] Updating global solution for agent 41
[Current_Solution] Global solution is consistent after updating with local path
[LNS] Successfully updated global solution with pseudo-agent local paths!
[Current_Solution] Updating global solution for agent 3
[Current_Solution] Global solution is consistent after updating with local path
[LNS] Successfully updated global solution with pseudo-agent local paths!
[LNS] Updating path map with new local paths...
[LNS] Successfully updated global solution with local paths and pseudo agents!
[Solve_local_zone] Successfully solved local zone
[Solve_local_zone] Final local zone size: 8 (0.78125% of all walkable positions)
[LNS] Successfully solved local zone
[LNS] Analyzing conflicts...
[LNS] Current solution: vertex collisions=82, edge collisions=2
[LNS] Creating conflict buckets...
[LOCAL ZONE] Building diamond bucket for conflict 0
[LOCAL ZONE] Built diamond bucket for conflict 0 with 5 positions, 1 conflicts, 12 - 12 time window
[LNS] Selected most relevant bucket 0 with time window: 12 - 12, 1 conflicts and 5 positions.
[LNS] Solving the best bucket Local Zone...
[Solve_local_zone] Current local zone size: 5 (0.488281% of all walkable positions)
[Solve_local_zone] Local zone time window: [11, 13]
[Current_Solution] Agent 73 used 8 waiting timesteps, 32 remaining
[Waiting_time_Solve] Agent 0 has waiting time 31
[Waiting_time_Solve] Agent 1 has waiting time 21
[Waiting_time_Solve] Agent 2 has waiting time 29
[Waiting_time_Solve] Agent 3 has waiting time 16
[Waiting_time_Solve] Agent 4 has waiting time 10
[Waiting_time_Solve] Agent 5 has waiting time 10
[Waiting_time_Solve] Agent 6 has waiting time 37
[Waiting_time_Solve] Agent 7 has waiting time 16
[Waiting_time_Solve] Agent 8 has waiting time 26
[Waiting_time_Solve] Agent 9 has waiting time 15
[Waiting_time_Solve] Agent 10 has waiting time 32
[Waiting_time_Solve] Agent 11 has waiting time 12
[Waiting_time_Solve] Agent 12 has waiting time 30
[Waiting_time_Solve] Agent 13 has waiting time 34
[Waiting_time_Solve] Agent 14 has waiting time 35
[Waiting_time_Solve] Agent 15 has waiting time 15
[Waiting_time_Solve] Agent 16 has waiting time 5
[Waiting_time_Solve] Agent 17 has waiting time 5
[Waiting_time_Solve] Agent 18 has waiting time 27
[Waiting_time_Solve] Agent 19 has waiting time 11
[Waiting_time_Solve] Agent 20 has waiting time 8
[Waiting_time_Solve] Agent 21 has waiting time 23
[Waiting_time_Solve] Agent 22 has waiting time 13
[Waiting_time_Solve] Agent 23 has waiting time 28
[Waiting_time_Solve] Agent 24 has waiting time 23
[Waiting_time_Solve] Agent 25 has waiting time 33
[Waiting_time_Solve] Agent 26 has waiting time 15
[Waiting_time_Solve] Agent 27 has waiting time 35
[Waiting_time_Solve] Agent 28 has waiting time 39
[Waiting_time_Solve] Agent 29 has waiting time 27
[Waiting_time_Solve] Agent 30 has waiting time 18
[Waiting_time_Solve] Agent 31 has waiting time 29
[Waiting_time_Solve] Agent 32 has waiting time 23
[Waiting_time_Solve] Agent 33 has waiting time 15
[Waiting_time_Solve] Agent 34 has waiting time 20
[Waiting_time_Solve] Agent 35 has waiting time 34
[Waiting_time_Solve] Agent 36 has waiting time 20
[Waiting_time_Solve] Agent 37 has waiting time 25
[Waiting_time_Solve] Agent 38 has waiting time 32
[Waiting_time_Solve] Agent 39 has waiting time 14
[Waiting_time_Solve] Agent 40 has waiting time 25
[Waiting_time_Solve] Agent 41 has waiting time 31
[Waiting_time_Solve] Agent 42 has waiting time 17
[Waiting_time_Solve] Agent 43 has waiting time 34
[Waiting_time_Solve] Agent 44 has waiting time 17
[Waiting_time_Solve] Agent 45 has waiting time 21
[Waiting_time_Solve] Agent 46 has waiting time 31
[Waiting_time_Solve] Agent 47 has waiting time 17
[Waiting_time_Solve] Agent 48 has waiting time 27
[Waiting_time_Solve] Agent 49 has waiting time 33
[Waiting_time_Solve] Agent 50 has waiting time 9
[Waiting_time_Solve] Agent 51 has waiting time 26
[Waiting_time_Solve] Agent 52 has waiting time 0
[Waiting_time_Solve] Agent 53 has waiting time 24
[Waiting_time_Solve] Agent 54 has waiting time 24
[Waiting_time_Solve] Agent 55 has waiting time 25
[Waiting_time_Solve] Agent 56 has waiting time 37
[Waiting_time_Solve] Agent 57 has waiting time 36
[Waiting_time_Solve] Agent 58 has waiting time 34
[Waiting_time_Solve] Agent 59 has waiting time 27
[Waiting_time_Solve] Agent 60 has waiting time 34
[Waiting_time_Solve] Agent 61 has waiting time 3
[Waiting_time_Solve] Agent 62 has waiting time 17
[Waiting_time_Solve] Agent 63 has waiting time 26
[Waiting_time_Solve] Agent 64 has waiting time 24
[Waiting_time_Solve] Agent 65 has waiting time 22
[Waiting_time_Solve] Agent 66 has waiting time 21
[Waiting_time_Solve] Agent 67 has waiting time 26
[Waiting_time_Solve] Agent 68 has waiting time 22
[Waiting_time_Solve] Agent 69 has waiting time 25
[Waiting_time_Solve] Agent 70 has waiting time 30
[Waiting_time_Solve] Agent 71 has waiting time 19
[Waiting_time_Solve] Agent 72 has waiting time 29
[Waiting_time_Solve] Agent 73 has waiting time 32
[Waiting_time_Solve] Agent 74 has waiting time 29
[Waiting_time_Solve] Agent 75 has waiting time 22
[Waiting_time_Solve] Agent 76 has waiting time 28
[Waiting_time_Solve] Agent 77 has waiting time 13
[Waiting_time_Solve] Agent 78 has waiting time 23
[Waiting_time_Solve] Agent 79 has waiting time 22
[Waiting_time_Solve] Agent 80 has waiting time 37
[Waiting_time_Solve] Agent 81 has waiting time 25
[Waiting_time_Solve] Agent 82 has waiting time 20
[Waiting_time_Solve] Agent 83 has waiting time 32
[Waiting_time_Solve] Agent 84 has waiting time 10
[Waiting_time_Solve] Agent 85 has waiting time 35
[Waiting_time_Solve] Agent 86 has waiting time 37
[Waiting_time_Solve] Agent 87 has waiting time 29
[Waiting_time_Solve] Agent 88 has waiting time 10
[Waiting_time_Solve] Agent 89 has waiting time 7
[Waiting_time_Solve] Agent 90 has waiting time 29
[Waiting_time_Solve] Agent 91 has waiting time 23
[Waiting_time_Solve] Agent 92 has waiting time 24
[Waiting_time_Solve] Agent 93 has waiting time 23
[Waiting_time_Solve] Agent 94 has waiting time 35
[Waiting_time_Solve] Agent 95 has waiting time 34
[Waiting_time_Solve] Agent 96 has waiting time 21
[Waiting_time_Solve] Agent 97 has waiting time 24
[Waiting_time_Solve] Agent 98 has waiting time 36
[Waiting_time_Solve] Agent 99 has waiting time 16
[Waiting_time_Solve] Total available waiting time: 2360
[Waiting_time_Solve] Max iterations: 2360
[Waiting_time_Solve] Iteration 0...
[SAT] Start solving CNF: 25 clauses and 11 variables
[SAT] Agent 73 entry time: 11 exit time: 13
[SAT] Agent 20 entry time: 12 exit time: 12
[SAT] Agent 4 entry time: 11 exit time: 13

[SAT] Start time: 11 End time: 13

[SAT] Solving local zone with SAT iteration 1...
[SAT] Local CNF: 25 clauses 

DEBUG: Adding 25 new clauses to MiniSAT (incremental run)
DEBUG: Clause load summary: input=25, added=25, tautologies_skipped=0, duplicates_skipped=0, unit_clauses=6, empties=0, intra_clause_literals_removed=0, added_but_db_unchanged=7
DEBUG: After adding clauses, solver has 12 clauses and 11 variables
DEBUG: MiniSAT found 11 variables
DEBUG: Assignment size: 11
DEBUG: First few assignment values: 1 0 1 0 0 0 1 1 1 1 

=== DEBUG: cnf_assignment_to_paths ===
Input assignment size: 11

=== END DEBUG ===
[SAT] Found 0 vertex collisions and 0 edge collisions
[SAT] Found collision-free local solution!
[Waiting_time_Solve] Solution found, updating global solution
[LNS] Updating global solution with pseudo-agent local paths...
[Current_Solution] Updating global solution for agent 73
[Current_Solution] Global solution is consistent after updating with local path
[LNS] Successfully updated global solution with pseudo-agent local paths!
[Current_Solution] Updating global solution for agent 20
[Current_Solution] Global solution is consistent after updating with local path
[LNS] Successfully updated global solution with pseudo-agent local paths!
[Current_Solution] Updating global solution for agent 4
[Current_Solution] Global solution is consistent after updating with local path
[LNS] Successfully updated global solution with pseudo-agent local paths!
[LNS] Updating path map with new local paths...
[LNS] Successfully updated global solution with local paths and pseudo agents!
[Solve_local_zone] Successfully solved local zone
[Solve_local_zone] Final local zone size: 5 (0.488281% of all walkable positions)
[LNS] Successfully solved local zone
[LNS] Analyzing conflicts...
[LNS] Current solution: vertex collisions=81, edge collisions=2
[LNS] Creating conflict buckets...
[LOCAL ZONE] Building diamond bucket for conflict 0
[LOCAL ZONE] Built diamond bucket for conflict 0 with 5 positions, 2 conflicts, 13 - 14 time window
[LOCAL ZONE] Building diamond bucket for conflict 1
[LOCAL ZONE] Built diamond bucket for conflict 1 with 5 positions, 1 conflicts, 13 - 13 time window
[LOCAL ZONE] Building diamond bucket for conflict 81
[LOCAL ZONE] Built diamond bucket for conflict 81 with 8 positions, 1 conflicts, 13 - 13 time window
[LNS] Selected most relevant bucket 0 with time window: 13 - 14, 2 conflicts and 5 positions.
[LNS] Solving the best bucket Local Zone...
[Solve_local_zone] Current local zone size: 5 (0.488281% of all walkable positions)
[Solve_local_zone] Local zone time window: [12, 15]
[Current_Solution] Agent 86 used 7 waiting timesteps, 30 remaining
[Waiting_time_Solve] Agent 0 has waiting time 31
[Waiting_time_Solve] Agent 1 has waiting time 21
[Waiting_time_Solve] Agent 2 has waiting time 29
[Waiting_time_Solve] Agent 3 has waiting time 16
[Waiting_time_Solve] Agent 4 has waiting time 10
[Waiting_time_Solve] Agent 5 has waiting time 10
[Waiting_time_Solve] Agent 6 has waiting time 37
[Waiting_time_Solve] Agent 7 has waiting time 16
[Waiting_time_Solve] Agent 8 has waiting time 26
[Waiting_time_Solve] Agent 9 has waiting time 15
[Waiting_time_Solve] Agent 10 has waiting time 32
[Waiting_time_Solve] Agent 11 has waiting time 12
[Waiting_time_Solve] Agent 12 has waiting time 30
[Waiting_time_Solve] Agent 13 has waiting time 34
[Waiting_time_Solve] Agent 14 has waiting time 35
[Waiting_time_Solve] Agent 15 has waiting time 15
[Waiting_time_Solve] Agent 16 has waiting time 5
[Waiting_time_Solve] Agent 17 has waiting time 5
[Waiting_time_Solve] Agent 18 has waiting time 27
[Waiting_time_Solve] Agent 19 has waiting time 11
[Waiting_time_Solve] Agent 20 has waiting time 8
[Waiting_time_Solve] Agent 21 has waiting time 23
[Waiting_time_Solve] Agent 22 has waiting time 13
[Waiting_time_Solve] Agent 23 has waiting time 28
[Waiting_time_Solve] Agent 24 has waiting time 23
[Waiting_time_Solve] Agent 25 has waiting time 33
[Waiting_time_Solve] Agent 26 has waiting time 15
[Waiting_time_Solve] Agent 27 has waiting time 35
[Waiting_time_Solve] Agent 28 has waiting time 39
[Waiting_time_Solve] Agent 29 has waiting time 27
[Waiting_time_Solve] Agent 30 has waiting time 18
[Waiting_time_Solve] Agent 31 has waiting time 29
[Waiting_time_Solve] Agent 32 has waiting time 23
[Waiting_time_Solve] Agent 33 has waiting time 15
[Waiting_time_Solve] Agent 34 has waiting time 20
[Waiting_time_Solve] Agent 35 has waiting time 34
[Waiting_time_Solve] Agent 36 has waiting time 20
[Waiting_time_Solve] Agent 37 has waiting time 25
[Waiting_time_Solve] Agent 38 has waiting time 32
[Waiting_time_Solve] Agent 39 has waiting time 14
[Waiting_time_Solve] Agent 40 has waiting time 25
[Waiting_time_Solve] Agent 41 has waiting time 31
[Waiting_time_Solve] Agent 42 has waiting time 17
[Waiting_time_Solve] Agent 43 has waiting time 34
[Waiting_time_Solve] Agent 44 has waiting time 17
[Waiting_time_Solve] Agent 45 has waiting time 21
[Waiting_time_Solve] Agent 46 has waiting time 31
[Waiting_time_Solve] Agent 47 has waiting time 17
[Waiting_time_Solve] Agent 48 has waiting time 27
[Waiting_time_Solve] Agent 49 has waiting time 33
[Waiting_time_Solve] Agent 50 has waiting time 9
[Waiting_time_Solve] Agent 51 has waiting time 26
[Waiting_time_Solve] Agent 52 has waiting time 0
[Waiting_time_Solve] Agent 53 has waiting time 24
[Waiting_time_Solve] Agent 54 has waiting time 24
[Waiting_time_Solve] Agent 55 has waiting time 25
[Waiting_time_Solve] Agent 56 has waiting time 37
[Waiting_time_Solve] Agent 57 has waiting time 36
[Waiting_time_Solve] Agent 58 has waiting time 34
[Waiting_time_Solve] Agent 59 has waiting time 27
[Waiting_time_Solve] Agent 60 has waiting time 34
[Waiting_time_Solve] Agent 61 has waiting time 3
[Waiting_time_Solve] Agent 62 has waiting time 17
[Waiting_time_Solve] Agent 63 has waiting time 26
[Waiting_time_Solve] Agent 64 has waiting time 24
[Waiting_time_Solve] Agent 65 has waiting time 22
[Waiting_time_Solve] Agent 66 has waiting time 21
[Waiting_time_Solve] Agent 67 has waiting time 26
[Waiting_time_Solve] Agent 68 has waiting time 22
[Waiting_time_Solve] Agent 69 has waiting time 25
[Waiting_time_Solve] Agent 70 has waiting time 30
[Waiting_time_Solve] Agent 71 has waiting time 19
[Waiting_time_Solve] Agent 72 has waiting time 29
[Waiting_time_Solve] Agent 73 has waiting time 32
[Waiting_time_Solve] Agent 74 has waiting time 29
[Waiting_time_Solve] Agent 75 has waiting time 22
[Waiting_time_Solve] Agent 76 has waiting time 28
[Waiting_time_Solve] Agent 77 has waiting time 13
[Waiting_time_Solve] Agent 78 has waiting time 23
[Waiting_time_Solve] Agent 79 has waiting time 22
[Waiting_time_Solve] Agent 80 has waiting time 37
[Waiting_time_Solve] Agent 81 has waiting time 25
[Waiting_time_Solve] Agent 82 has waiting time 20
[Waiting_time_Solve] Agent 83 has waiting time 32
[Waiting_time_Solve] Agent 84 has waiting time 10
[Waiting_time_Solve] Agent 85 has waiting time 35
[Waiting_time_Solve] Agent 86 has waiting time 30
[Waiting_time_Solve] Agent 87 has waiting time 29
[Waiting_time_Solve] Agent 88 has waiting time 10
[Waiting_time_Solve] Agent 89 has waiting time 7
[Waiting_time_Solve] Agent 90 has waiting time 29
[Waiting_time_Solve] Agent 91 has waiting time 23
[Waiting_time_Solve] Agent 92 has waiting time 24
[Waiting_time_Solve] Agent 93 has waiting time 23
[Waiting_time_Solve] Agent 94 has waiting time 35
[Waiting_time_Solve] Agent 95 has waiting time 34
[Waiting_time_Solve] Agent 96 has waiting time 21
[Waiting_time_Solve] Agent 97 has waiting time 24
[Waiting_time_Solve] Agent 98 has waiting time 36
[Waiting_time_Solve] Agent 99 has waiting time 16
[Waiting_time_Solve] Total available waiting time: 2353
[Waiting_time_Solve] Max iterations: 2353
[Waiting_time_Solve] Iteration 0...
[SAT] Start solving CNF: 45 clauses and 18 variables
[SAT] Agent 86 entry time: 12 exit time: 15
[SAT] Agent 53 entry time: 13 exit time: 15
[SAT] Agent 20 entry time: 12 exit time: 14

[SAT] Start time: 12 End time: 15

[SAT] Solving local zone with SAT iteration 1...
[SAT] Local CNF: 45 clauses 

DEBUG: Adding 45 new clauses to MiniSAT (incremental run)
DEBUG: Clause load summary: input=45, added=45, tautologies_skipped=0, duplicates_skipped=0, unit_clauses=8, empties=0, intra_clause_literals_removed=0, added_but_db_unchanged=9
DEBUG: After adding clauses, solver has 28 clauses and 18 variables
DEBUG: MiniSAT found 18 variables
DEBUG: Assignment size: 18
DEBUG: First few assignment values: 1 0 1 0 0 0 1 0 0 0 

=== DEBUG: cnf_assignment_to_paths ===
Input assignment size: 18

=== END DEBUG ===
[SAT] Found 1 vertex collisions and 1 edge collisions
[SAT] Adding collision clauses and solving again...
[SAT] Solving local zone with SAT iteration 2...
[SAT] Local CNF: 47 clauses 

DEBUG: Adding 2 new clauses to MiniSAT (incremental run)
DEBUG: Clause load summary: input=2, added=2, tautologies_skipped=0, duplicates_skipped=0, unit_clauses=0, empties=0, intra_clause_literals_removed=0, added_but_db_unchanged=2
DEBUG: After adding clauses, solver has 28 clauses and 18 variables
DEBUG: MiniSAT found 18 variables
DEBUG: Assignment size: 18
DEBUG: First few assignment values: 1 0 0 0 0 1 0 1 0 0 

=== DEBUG: cnf_assignment_to_paths ===
Input assignment size: 18

=== END DEBUG ===
[SAT] Found 1 vertex collisions and 1 edge collisions
[SAT] Adding collision clauses and solving again...
[SAT] Solving local zone with SAT iteration 3...
[SAT] Local CNF: 49 clauses 

DEBUG: Adding 2 new clauses to MiniSAT (incremental run)
DEBUG: Clause load summary: input=2, added=2, tautologies_skipped=0, duplicates_skipped=0, unit_clauses=0, empties=0, intra_clause_literals_removed=0, added_but_db_unchanged=2
DEBUG: After adding clauses, solver has 28 clauses and 18 variables
DEBUG: MiniSAT found 18 variables
DEBUG: Assignment size: 18
DEBUG: First few assignment values: 1 1 0 0 0 0 0 1 0 0 

=== DEBUG: cnf_assignment_to_paths ===
Input assignment size: 18

=== END DEBUG ===
[SAT] Found 1 vertex collisions and 0 edge collisions
[SAT] Adding collision clauses and solving again...
[SAT] Solving local zone with SAT iteration 4...
[SAT] Local CNF: 50 clauses 

DEBUG: Adding 1 new clauses to MiniSAT (incremental run)
DEBUG: Clause load summary: input=1, added=1, tautologies_skipped=0, duplicates_skipped=0, unit_clauses=0, empties=0, intra_clause_literals_removed=0, added_but_db_unchanged=1
DEBUG: After adding clauses, solver has 28 clauses and 18 variables
DEBUG: MiniSAT found 18 variables
DEBUG: Assignment size: 18
DEBUG: First few assignment values: 1 0 0 1 0 0 0 0 0 1 

=== DEBUG: cnf_assignment_to_paths ===
Input assignment size: 18

=== END DEBUG ===
[SAT] Found 0 vertex collisions and 0 edge collisions
[SAT] Found collision-free local solution!
[Waiting_time_Solve] Solution found, updating global solution
[LNS] Updating global solution with pseudo-agent local paths...
[Current_Solution] Updating global solution for agent 86
[Current_Solution] Global solution is consistent after updating with local path
[LNS] Successfully updated global solution with pseudo-agent local paths!
[Current_Solution] Updating global solution for agent 53
[Current_Solution] Global solution is consistent after updating with local path
[LNS] Successfully updated global solution with pseudo-agent local paths!
[Current_Solution] Updating global solution for agent 20
[Current_Solution] Global solution is consistent after updating with local path
[LNS] Successfully updated global solution with pseudo-agent local paths!
[LNS] Updating path map with new local paths...
[LNS] Successfully updated global solution with local paths and pseudo agents!
[Solve_local_zone] Successfully solved local zone
[Solve_local_zone] Final local zone size: 5 (0.488281% of all walkable positions)
[LNS] Successfully solved local zone
[LNS] Analyzing conflicts...
[LNS] Current solution: vertex collisions=79, edge collisions=2
[LNS] Creating conflict buckets...
[LOCAL ZONE] Building diamond bucket for conflict 0
[LOCAL ZONE] Built diamond bucket for conflict 0 with 5 positions, 1 conflicts, 13 - 13 time window
[LOCAL ZONE] Building diamond bucket for conflict 79
[LOCAL ZONE] Built diamond bucket for conflict 79 with 8 positions, 1 conflicts, 13 - 13 time window
[LNS] Selected most relevant bucket 79 with time window: 13 - 13, 1 conflicts and 8 positions.
[LNS] Solving the best bucket Local Zone...
[Solve_local_zone] Current local zone size: 8 (0.78125% of all walkable positions)
[Solve_local_zone] Local zone time window: [12, 14]
[Waiting_time_Solve] Agent 0 has waiting time 31
[Waiting_time_Solve] Agent 1 has waiting time 21
[Waiting_time_Solve] Agent 2 has waiting time 29
[Waiting_time_Solve] Agent 3 has waiting time 16
[Waiting_time_Solve] Agent 4 has waiting time 10
[Waiting_time_Solve] Agent 5 has waiting time 10
[Waiting_time_Solve] Agent 6 has waiting time 37
[Waiting_time_Solve] Agent 7 has waiting time 16
[Waiting_time_Solve] Agent 8 has waiting time 26
[Waiting_time_Solve] Agent 9 has waiting time 15
[Waiting_time_Solve] Agent 10 has waiting time 32
[Waiting_time_Solve] Agent 11 has waiting time 12
[Waiting_time_Solve] Agent 12 has waiting time 30
[Waiting_time_Solve] Agent 13 has waiting time 34
[Waiting_time_Solve] Agent 14 has waiting time 35
[Waiting_time_Solve] Agent 15 has waiting time 15
[Waiting_time_Solve] Agent 16 has waiting time 5
[Waiting_time_Solve] Agent 17 has waiting time 5
[Waiting_time_Solve] Agent 18 has waiting time 27
[Waiting_time_Solve] Agent 19 has waiting time 11
[Waiting_time_Solve] Agent 20 has waiting time 8
[Waiting_time_Solve] Agent 21 has waiting time 23
[Waiting_time_Solve] Agent 22 has waiting time 13
[Waiting_time_Solve] Agent 23 has waiting time 28
[Waiting_time_Solve] Agent 24 has waiting time 23
[Waiting_time_Solve] Agent 25 has waiting time 33
[Waiting_time_Solve] Agent 26 has waiting time 15
[Waiting_time_Solve] Agent 27 has waiting time 35
[Waiting_time_Solve] Agent 28 has waiting time 39
[Waiting_time_Solve] Agent 29 has waiting time 27
[Waiting_time_Solve] Agent 30 has waiting time 18
[Waiting_time_Solve] Agent 31 has waiting time 29
[Waiting_time_Solve] Agent 32 has waiting time 23
[Waiting_time_Solve] Agent 33 has waiting time 15
[Waiting_time_Solve] Agent 34 has waiting time 20
[Waiting_time_Solve] Agent 35 has waiting time 34
[Waiting_time_Solve] Agent 36 has waiting time 20
[Waiting_time_Solve] Agent 37 has waiting time 25
[Waiting_time_Solve] Agent 38 has waiting time 32
[Waiting_time_Solve] Agent 39 has waiting time 14
[Waiting_time_Solve] Agent 40 has waiting time 25
[Waiting_time_Solve] Agent 41 has waiting time 31
[Waiting_time_Solve] Agent 42 has waiting time 17
[Waiting_time_Solve] Agent 43 has waiting time 34
[Waiting_time_Solve] Agent 44 has waiting time 17
[Waiting_time_Solve] Agent 45 has waiting time 21
[Waiting_time_Solve] Agent 46 has waiting time 31
[Waiting_time_Solve] Agent 47 has waiting time 17
[Waiting_time_Solve] Agent 48 has waiting time 27
[Waiting_time_Solve] Agent 49 has waiting time 33
[Waiting_time_Solve] Agent 50 has waiting time 9
[Waiting_time_Solve] Agent 51 has waiting time 26
[Waiting_time_Solve] Agent 52 has waiting time 0
[Waiting_time_Solve] Agent 53 has waiting time 24
[Waiting_time_Solve] Agent 54 has waiting time 24
[Waiting_time_Solve] Agent 55 has waiting time 25
[Waiting_time_Solve] Agent 56 has waiting time 37
[Waiting_time_Solve] Agent 57 has waiting time 36
[Waiting_time_Solve] Agent 58 has waiting time 34
[Waiting_time_Solve] Agent 59 has waiting time 27
[Waiting_time_Solve] Agent 60 has waiting time 34
[Waiting_time_Solve] Agent 61 has waiting time 3
[Waiting_time_Solve] Agent 62 has waiting time 17
[Waiting_time_Solve] Agent 63 has waiting time 26
[Waiting_time_Solve] Agent 64 has waiting time 24
[Waiting_time_Solve] Agent 65 has waiting time 22
[Waiting_time_Solve] Agent 66 has waiting time 21
[Waiting_time_Solve] Agent 67 has waiting time 26
[Waiting_time_Solve] Agent 68 has waiting time 22
[Waiting_time_Solve] Agent 69 has waiting time 25
[Waiting_time_Solve] Agent 70 has waiting time 30
[Waiting_time_Solve] Agent 71 has waiting time 19
[Waiting_time_Solve] Agent 72 has waiting time 29
[Waiting_time_Solve] Agent 73 has waiting time 32
[Waiting_time_Solve] Agent 74 has waiting time 29
[Waiting_time_Solve] Agent 75 has waiting time 22
[Waiting_time_Solve] Agent 76 has waiting time 28
[Waiting_time_Solve] Agent 77 has waiting time 13
[Waiting_time_Solve] Agent 78 has waiting time 23
[Waiting_time_Solve] Agent 79 has waiting time 22
[Waiting_time_Solve] Agent 80 has waiting time 37
[Waiting_time_Solve] Agent 81 has waiting time 25
[Waiting_time_Solve] Agent 82 has waiting time 20
[Waiting_time_Solve] Agent 83 has waiting time 32
[Waiting_time_Solve] Agent 84 has waiting time 10
[Waiting_time_Solve] Agent 85 has waiting time 35
[Waiting_time_Solve] Agent 86 has waiting time 30
[Waiting_time_Solve] Agent 87 has waiting time 29
[Waiting_time_Solve] Agent 88 has waiting time 10
[Waiting_time_Solve] Agent 89 has waiting time 7
[Waiting_time_Solve] Agent 90 has waiting time 29
[Waiting_time_Solve] Agent 91 has waiting time 23
[Waiting_time_Solve] Agent 92 has waiting time 24
[Waiting_time_Solve] Agent 93 has waiting time 23
[Waiting_time_Solve] Agent 94 has waiting time 35
[Waiting_time_Solve] Agent 95 has waiting time 34
[Waiting_time_Solve] Agent 96 has waiting time 21
[Waiting_time_Solve] Agent 97 has waiting time 24
[Waiting_time_Solve] Agent 98 has waiting time 36
[Waiting_time_Solve] Agent 99 has waiting time 16
[Waiting_time_Solve] Total available waiting time: 2353
[Waiting_time_Solve] Max iterations: 2353
[Waiting_time_Solve] Iteration 0...
[SAT] Start solving CNF: 13 clauses and 8 variables
[SAT] Agent 96 entry time: 12 exit time: 12
[SAT] Agent 78 entry time: 12 exit time: 14
[SAT] Agent 62 entry time: 12 exit time: 14

[SAT] Start time: 12 End time: 14

[SAT] Solving local zone with SAT iteration 1...
[SAT] Local CNF: 13 clauses 

DEBUG: Adding 13 new clauses to MiniSAT (incremental run)
DEBUG: Clause load summary: input=13, added=13, tautologies_skipped=0, duplicates_skipped=0, unit_clauses=6, empties=0, intra_clause_literals_removed=0, added_but_db_unchanged=4
DEBUG: After adding clauses, solver has 3 clauses and 8 variables
DEBUG: MiniSAT found 8 variables
DEBUG: Assignment size: 8
DEBUG: First few assignment values: 1 1 0 1 1 1 1 1 

=== DEBUG: cnf_assignment_to_paths ===
Input assignment size: 8

=== END DEBUG ===
[SAT] Found 0 vertex collisions and 0 edge collisions
[SAT] Found collision-free local solution!
[Waiting_time_Solve] Solution found, updating global solution
[LNS] Updating global solution with pseudo-agent local paths...
[Current_Solution] Updating global solution for agent 96
[Current_Solution] Global solution is consistent after updating with local path
[LNS] Successfully updated global solution with pseudo-agent local paths!
[Current_Solution] Updating global solution for agent 78
[Current_Solution] Global solution is consistent after updating with local path
[LNS] Successfully updated global solution with pseudo-agent local paths!
[Current_Solution] Updating global solution for agent 62
[Current_Solution] Global solution is consistent after updating with local path
[LNS] Successfully updated global solution with pseudo-agent local paths!
[LNS] Updating path map with new local paths...
[LNS] Successfully updated global solution with local paths and pseudo agents!
[Solve_local_zone] Successfully solved local zone
[Solve_local_zone] Final local zone size: 8 (0.78125% of all walkable positions)
[LNS] Successfully solved local zone
[LNS] Analyzing conflicts...
[LNS] Current solution: vertex collisions=79, edge collisions=1
[LNS] Creating conflict buckets...
[LOCAL ZONE] Building diamond bucket for conflict 0
[LOCAL ZONE] Built diamond bucket for conflict 0 with 5 positions, 1 conflicts, 13 - 13 time window
[LNS] Selected most relevant bucket 0 with time window: 13 - 13, 1 conflicts and 5 positions.
[LNS] Solving the best bucket Local Zone...
[Solve_local_zone] Current local zone size: 5 (0.488281% of all walkable positions)
[Solve_local_zone] Local zone time window: [12, 14]
[Waiting_time_Solve] Agent 0 has waiting time 31
[Waiting_time_Solve] Agent 1 has waiting time 21
[Waiting_time_Solve] Agent 2 has waiting time 29
[Waiting_time_Solve] Agent 3 has waiting time 16
[Waiting_time_Solve] Agent 4 has waiting time 10
[Waiting_time_Solve] Agent 5 has waiting time 10
[Waiting_time_Solve] Agent 6 has waiting time 37
[Waiting_time_Solve] Agent 7 has waiting time 16
[Waiting_time_Solve] Agent 8 has waiting time 26
[Waiting_time_Solve] Agent 9 has waiting time 15
[Waiting_time_Solve] Agent 10 has waiting time 32
[Waiting_time_Solve] Agent 11 has waiting time 12
[Waiting_time_Solve] Agent 12 has waiting time 30
[Waiting_time_Solve] Agent 13 has waiting time 34
[Waiting_time_Solve] Agent 14 has waiting time 35
[Waiting_time_Solve] Agent 15 has waiting time 15
[Waiting_time_Solve] Agent 16 has waiting time 5
[Waiting_time_Solve] Agent 17 has waiting time 5
[Waiting_time_Solve] Agent 18 has waiting time 27
[Waiting_time_Solve] Agent 19 has waiting time 11
[Waiting_time_Solve] Agent 20 has waiting time 8
[Waiting_time_Solve] Agent 21 has waiting time 23
[Waiting_time_Solve] Agent 22 has waiting time 13
[Waiting_time_Solve] Agent 23 has waiting time 28
[Waiting_time_Solve] Agent 24 has waiting time 23
[Waiting_time_Solve] Agent 25 has waiting time 33
[Waiting_time_Solve] Agent 26 has waiting time 15
[Waiting_time_Solve] Agent 27 has waiting time 35
[Waiting_time_Solve] Agent 28 has waiting time 39
[Waiting_time_Solve] Agent 29 has waiting time 27
[Waiting_time_Solve] Agent 30 has waiting time 18
[Waiting_time_Solve] Agent 31 has waiting time 29
[Waiting_time_Solve] Agent 32 has waiting time 23
[Waiting_time_Solve] Agent 33 has waiting time 15
[Waiting_time_Solve] Agent 34 has waiting time 20
[Waiting_time_Solve] Agent 35 has waiting time 34
[Waiting_time_Solve] Agent 36 has waiting time 20
[Waiting_time_Solve] Agent 37 has waiting time 25
[Waiting_time_Solve] Agent 38 has waiting time 32
[Waiting_time_Solve] Agent 39 has waiting time 14
[Waiting_time_Solve] Agent 40 has waiting time 25
[Waiting_time_Solve] Agent 41 has waiting time 31
[Waiting_time_Solve] Agent 42 has waiting time 17
[Waiting_time_Solve] Agent 43 has waiting time 34
[Waiting_time_Solve] Agent 44 has waiting time 17
[Waiting_time_Solve] Agent 45 has waiting time 21
[Waiting_time_Solve] Agent 46 has waiting time 31
[Waiting_time_Solve] Agent 47 has waiting time 17
[Waiting_time_Solve] Agent 48 has waiting time 27
[Waiting_time_Solve] Agent 49 has waiting time 33
[Waiting_time_Solve] Agent 50 has waiting time 9
[Waiting_time_Solve] Agent 51 has waiting time 26
[Waiting_time_Solve] Agent 52 has waiting time 0
[Waiting_time_Solve] Agent 53 has waiting time 24
[Waiting_time_Solve] Agent 54 has waiting time 24
[Waiting_time_Solve] Agent 55 has waiting time 25
[Waiting_time_Solve] Agent 56 has waiting time 37
[Waiting_time_Solve] Agent 57 has waiting time 36
[Waiting_time_Solve] Agent 58 has waiting time 34
[Waiting_time_Solve] Agent 59 has waiting time 27
[Waiting_time_Solve] Agent 60 has waiting time 34
[Waiting_time_Solve] Agent 61 has waiting time 3
[Waiting_time_Solve] Agent 62 has waiting time 17
[Waiting_time_Solve] Agent 63 has waiting time 26
[Waiting_time_Solve] Agent 64 has waiting time 24
[Waiting_time_Solve] Agent 65 has waiting time 22
[Waiting_time_Solve] Agent 66 has waiting time 21
[Waiting_time_Solve] Agent 67 has waiting time 26
[Waiting_time_Solve] Agent 68 has waiting time 22
[Waiting_time_Solve] Agent 69 has waiting time 25
[Waiting_time_Solve] Agent 70 has waiting time 30
[Waiting_time_Solve] Agent 71 has waiting time 19
[Waiting_time_Solve] Agent 72 has waiting time 29
[Waiting_time_Solve] Agent 73 has waiting time 32
[Waiting_time_Solve] Agent 74 has waiting time 29
[Waiting_time_Solve] Agent 75 has waiting time 22
[Waiting_time_Solve] Agent 76 has waiting time 28
[Waiting_time_Solve] Agent 77 has waiting time 13
[Waiting_time_Solve] Agent 78 has waiting time 23
[Waiting_time_Solve] Agent 79 has waiting time 22
[Waiting_time_Solve] Agent 80 has waiting time 37
[Waiting_time_Solve] Agent 81 has waiting time 25
[Waiting_time_Solve] Agent 82 has waiting time 20
[Waiting_time_Solve] Agent 83 has waiting time 32
[Waiting_time_Solve] Agent 84 has waiting time 10
[Waiting_time_Solve] Agent 85 has waiting time 35
[Waiting_time_Solve] Agent 86 has waiting time 30
[Waiting_time_Solve] Agent 87 has waiting time 29
[Waiting_time_Solve] Agent 88 has waiting time 10
[Waiting_time_Solve] Agent 89 has waiting time 7
[Waiting_time_Solve] Agent 90 has waiting time 29
[Waiting_time_Solve] Agent 91 has waiting time 23
[Waiting_time_Solve] Agent 92 has waiting time 24
[Waiting_time_Solve] Agent 93 has waiting time 23
[Waiting_time_Solve] Agent 94 has waiting time 35
[Waiting_time_Solve] Agent 95 has waiting time 34
[Waiting_time_Solve] Agent 96 has waiting time 21
[Waiting_time_Solve] Agent 97 has waiting time 24
[Waiting_time_Solve] Agent 98 has waiting time 36
[Waiting_time_Solve] Agent 99 has waiting time 16
[Waiting_time_Solve] Total available waiting time: 2353
[Waiting_time_Solve] Max iterations: 2353
[Waiting_time_Solve] Iteration 0...
[SAT] Start solving CNF: 10 clauses and 6 variables
[SAT] Agent 68 entry time: 12 exit time: 14
[SAT] Agent 9 entry time: 12 exit time: 14

[SAT] Start time: 12 End time: 14

[SAT] Solving local zone with SAT iteration 1...
[SAT] Local CNF: 10 clauses 

DEBUG: Adding 10 new clauses to MiniSAT (incremental run)
DEBUG: Clause load summary: input=10, added=10, tautologies_skipped=0, duplicates_skipped=0, unit_clauses=6, empties=0, intra_clause_literals_removed=0, added_but_db_unchanged=4
DEBUG: After adding clauses, solver has 0 clauses and 6 variables
DEBUG: MiniSAT found 6 variables
DEBUG: Assignment size: 6
DEBUG: First few assignment values: 1 1 1 1 1 1 

=== DEBUG: cnf_assignment_to_paths ===
Input assignment size: 6

=== END DEBUG ===
[SAT] Found 1 vertex collisions and 0 edge collisions
[SAT] Adding collision clauses and solving again...
[SAT] Solving local zone with SAT iteration 2...
[SAT] Local CNF: 11 clauses 

DEBUG: Adding 1 new clauses to MiniSAT (incremental run)
[SAT] Local problem appears to be unsatisfiable in current zone
[Waiting_time_Solve] No solution found, trying to apply waiting time:1
[Waiting_time_Solve] Applying waiting time 1 to agent 68 who has waiting time 22
[Waiting_time_Solve] New path is consistent after applying waiting time for agent 68
[Current_Solution] Agent 68 used 1 waiting timesteps, 21 remaining
[Waiting_time_Solve] Applied 1 waiting time  for agent 68 who has waiting time 21
[Waiting_time_Solve] ALL Waiting time applied
[Waiting_time_Solve] Extended Zone end time from 14 to 15
[Create_Local_Problem] Agent 19 is new in the zone
[Waiting_time_Solve] Iteration 1...
[SAT] Start solving CNF: 17 clauses and 10 variables
[SAT] Agent 19 entry time: 15 exit time: 15
[SAT] Agent 68 entry time: 12 exit time: 15
[SAT] Agent 9 entry time: 12 exit time: 14

[SAT] Start time: 12 End time: 15

[SAT] Solving local zone with SAT iteration 1...
[SAT] Local CNF: 18 clauses 

DEBUG: Adding 18 new clauses to MiniSAT (incremental run)
DEBUG: Clause load summary: input=18, added=18, tautologies_skipped=0, duplicates_skipped=0, unit_clauses=6, empties=0, intra_clause_literals_removed=0, added_but_db_unchanged=5
DEBUG: After adding clauses, solver has 7 clauses and 10 variables
DEBUG: MiniSAT found 10 variables
DEBUG: Assignment size: 10
DEBUG: First few assignment values: 1 1 0 1 0 1 1 1 1 1 

=== DEBUG: cnf_assignment_to_paths ===
Input assignment size: 10

=== END DEBUG ===
[SAT] Found 0 vertex collisions and 1 edge collisions
[SAT] Adding collision clauses and solving again...
[SAT] Solving local zone with SAT iteration 2...
[SAT] Local CNF: 19 clauses 

DEBUG: Adding 1 new clauses to MiniSAT (incremental run)
[SAT] Local problem appears to be unsatisfiable in current zone
[Waiting_time_Solve] No solution found, trying to apply waiting time:2
[Waiting_time_Solve] Applying waiting time 2 to agent 68 who has waiting time 21
[Waiting_time_Solve] New path is consistent after applying waiting time for agent 68
[Current_Solution] Agent 68 used 2 waiting timesteps, 19 remaining
[Waiting_time_Solve] Applied 2 waiting time  for agent 68 who has waiting time 19
[Waiting_time_Solve] ALL Waiting time applied
[Waiting_time_Solve] Extended Zone end time from 15 to 17
[Waiting_time_Solve] Iteration 2...
[SAT] Start solving CNF: 49 clauses and 20 variables
[SAT] Agent 19 entry time: 15 exit time: 15
[SAT] Agent 68 entry time: 12 exit time: 17
[SAT] Agent 9 entry time: 12 exit time: 14

[SAT] Start time: 12 End time: 17

[SAT] Solving local zone with SAT iteration 1...
[SAT] Local CNF: 51 clauses 

DEBUG: Adding 51 new clauses to MiniSAT (incremental run)
DEBUG: Clause load summary: input=51, added=51, tautologies_skipped=0, duplicates_skipped=0, unit_clauses=6, empties=0, intra_clause_literals_removed=0, added_but_db_unchanged=6
DEBUG: After adding clauses, solver has 39 clauses and 20 variables
DEBUG: MiniSAT found 20 variables
DEBUG: Assignment size: 20
DEBUG: First few assignment values: 1 1 0 1 0 1 0 0 0 0 

=== DEBUG: cnf_assignment_to_paths ===
Input assignment size: 20

=== END DEBUG ===
[SAT] Found 1 vertex collisions and 0 edge collisions
[SAT] Adding collision clauses and solving again...
[SAT] Solving local zone with SAT iteration 2...
[SAT] Local CNF: 52 clauses 

DEBUG: Adding 1 new clauses to MiniSAT (incremental run)
[SAT] Local problem appears to be unsatisfiable in current zone
[Waiting_time_Solve] No solution found, trying to apply waiting time:3
[Waiting_time_Solve] Applying waiting time 3 to agent 68 who has waiting time 19
[Waiting_time_Solve] New path is consistent after applying waiting time for agent 68
[Current_Solution] Agent 68 used 3 waiting timesteps, 16 remaining
[Waiting_time_Solve] Applied 3 waiting time  for agent 68 who has waiting time 16
[Waiting_time_Solve] ALL Waiting time applied
[Waiting_time_Solve] Extended Zone end time from 17 to 20
[Create_Local_Problem] Agent 33 is new in the zone
[Waiting_time_Solve] Iteration 3...
[SAT] Start solving CNF: 102 clauses and 38 variables
[SAT] Agent 33 entry time: 18 exit time: 20
[SAT] Agent 19 entry time: 15 exit time: 15
[SAT] Agent 68 entry time: 12 exit time: 20
[SAT] Agent 9 entry time: 12 exit time: 14

[SAT] Start time: 12 End time: 20

[SAT] Solving local zone with SAT iteration 1...
[SAT] Local CNF: 105 clauses 

DEBUG: Adding 105 new clauses to MiniSAT (incremental run)
[SAT] Local problem appears to be unsatisfiable in current zone
[Waiting_time_Solve] No solution found, trying to apply waiting time:4
[Waiting_time_Solve] No waiting time applied
[Waiting_time_Solve] No solution found
[Waiting_time_Solve] Restoring original paths
[Waiting_time_Solve] Restoring waiting times
[Current_Solution] Restored waiting times from backup
[Current_Solution] Restored paths from backup
[Solve_local_zone] Zone with expansion factor 0failed
[Solve_local_zone] Expanding zone with offset 2 (original: 1)
[Solve_local_zone] Final expanded zone contains 13 positions with 1 conflicts 
[Solve_local_zone] New time window: [11, 15]
[Solve_local_zone] Current local zone size: 13 (1.26953% of all walkable positions)
[Solve_local_zone] Local zone time window: [11, 15]
[Create_Local_problem] Agent 63 returned to the zone 1 times within time window
[Waiting_time_Solve] Agent 0 has waiting time 31
[Waiting_time_Solve] Agent 1 has waiting time 21
[Waiting_time_Solve] Agent 2 has waiting time 29
[Waiting_time_Solve] Agent 3 has waiting time 16
[Waiting_time_Solve] Agent 4 has waiting time 10
[Waiting_time_Solve] Agent 5 has waiting time 10
[Waiting_time_Solve] Agent 6 has waiting time 37
[Waiting_time_Solve] Agent 7 has waiting time 16
[Waiting_time_Solve] Agent 8 has waiting time 26
[Waiting_time_Solve] Agent 9 has waiting time 15
[Waiting_time_Solve] Agent 10 has waiting time 32
[Waiting_time_Solve] Agent 11 has waiting time 12
[Waiting_time_Solve] Agent 12 has waiting time 30
[Waiting_time_Solve] Agent 13 has waiting time 34
[Waiting_time_Solve] Agent 14 has waiting time 35
[Waiting_time_Solve] Agent 15 has waiting time 15
[Waiting_time_Solve] Agent 16 has waiting time 5
[Waiting_time_Solve] Agent 17 has waiting time 5
[Waiting_time_Solve] Agent 18 has waiting time 27
[Waiting_time_Solve] Agent 19 has waiting time 11
[Waiting_time_Solve] Agent 20 has waiting time 8
[Waiting_time_Solve] Agent 21 has waiting time 23
[Waiting_time_Solve] Agent 22 has waiting time 13
[Waiting_time_Solve] Agent 23 has waiting time 28
[Waiting_time_Solve] Agent 24 has waiting time 23
[Waiting_time_Solve] Agent 25 has waiting time 33
[Waiting_time_Solve] Agent 26 has waiting time 15
[Waiting_time_Solve] Agent 27 has waiting time 35
[Waiting_time_Solve] Agent 28 has waiting time 39
[Waiting_time_Solve] Agent 29 has waiting time 27
[Waiting_time_Solve] Agent 30 has waiting time 18
[Waiting_time_Solve] Agent 31 has waiting time 29
[Waiting_time_Solve] Agent 32 has waiting time 23
[Waiting_time_Solve] Agent 33 has waiting time 15
[Waiting_time_Solve] Agent 34 has waiting time 20
[Waiting_time_Solve] Agent 35 has waiting time 34
[Waiting_time_Solve] Agent 36 has waiting time 20
[Waiting_time_Solve] Agent 37 has waiting time 25
[Waiting_time_Solve] Agent 38 has waiting time 32
[Waiting_time_Solve] Agent 39 has waiting time 14
[Waiting_time_Solve] Agent 40 has waiting time 25
[Waiting_time_Solve] Agent 41 has waiting time 31
[Waiting_time_Solve] Agent 42 has waiting time 17
[Waiting_time_Solve] Agent 43 has waiting time 34
[Waiting_time_Solve] Agent 44 has waiting time 17
[Waiting_time_Solve] Agent 45 has waiting time 21
[Waiting_time_Solve] Agent 46 has waiting time 31
[Waiting_time_Solve] Agent 47 has waiting time 17
[Waiting_time_Solve] Agent 48 has waiting time 27
[Waiting_time_Solve] Agent 49 has waiting time 33
[Waiting_time_Solve] Agent 50 has waiting time 9
[Waiting_time_Solve] Agent 51 has waiting time 26
[Waiting_time_Solve] Agent 52 has waiting time 0
[Waiting_time_Solve] Agent 53 has waiting time 24
[Waiting_time_Solve] Agent 54 has waiting time 24
[Waiting_time_Solve] Agent 55 has waiting time 25
[Waiting_time_Solve] Agent 56 has waiting time 37
[Waiting_time_Solve] Agent 57 has waiting time 36
[Waiting_time_Solve] Agent 58 has waiting time 34
[Waiting_time_Solve] Agent 59 has waiting time 27
[Waiting_time_Solve] Agent 60 has waiting time 34
[Waiting_time_Solve] Agent 61 has waiting time 3
[Waiting_time_Solve] Agent 62 has waiting time 17
[Waiting_time_Solve] Agent 63 has waiting time 26
[Waiting_time_Solve] Agent 64 has waiting time 24
[Waiting_time_Solve] Agent 65 has waiting time 22
[Waiting_time_Solve] Agent 66 has waiting time 21
[Waiting_time_Solve] Agent 67 has waiting time 26
[Waiting_time_Solve] Agent 68 has waiting time 22
[Waiting_time_Solve] Agent 69 has waiting time 25
[Waiting_time_Solve] Agent 70 has waiting time 30
[Waiting_time_Solve] Agent 71 has waiting time 19
[Waiting_time_Solve] Agent 72 has waiting time 29
[Waiting_time_Solve] Agent 73 has waiting time 32
[Waiting_time_Solve] Agent 74 has waiting time 29
[Waiting_time_Solve] Agent 75 has waiting time 22
[Waiting_time_Solve] Agent 76 has waiting time 28
[Waiting_time_Solve] Agent 77 has waiting time 13
[Waiting_time_Solve] Agent 78 has waiting time 23
[Waiting_time_Solve] Agent 79 has waiting time 22
[Waiting_time_Solve] Agent 80 has waiting time 37
[Waiting_time_Solve] Agent 81 has waiting time 25
[Waiting_time_Solve] Agent 82 has waiting time 20
[Waiting_time_Solve] Agent 83 has waiting time 32
[Waiting_time_Solve] Agent 84 has waiting time 10
[Waiting_time_Solve] Agent 85 has waiting time 35
[Waiting_time_Solve] Agent 86 has waiting time 30
[Waiting_time_Solve] Agent 87 has waiting time 29
[Waiting_time_Solve] Agent 88 has waiting time 10
[Waiting_time_Solve] Agent 89 has waiting time 7
[Waiting_time_Solve] Agent 90 has waiting time 29
[Waiting_time_Solve] Agent 91 has waiting time 23
[Waiting_time_Solve] Agent 92 has waiting time 24
[Waiting_time_Solve] Agent 93 has waiting time 23
[Waiting_time_Solve] Agent 94 has waiting time 35
[Waiting_time_Solve] Agent 95 has waiting time 34
[Waiting_time_Solve] Agent 96 has waiting time 21
[Waiting_time_Solve] Agent 97 has waiting time 24
[Waiting_time_Solve] Agent 98 has waiting time 36
[Waiting_time_Solve] Agent 99 has waiting time 16
[Waiting_time_Solve] Total available waiting time: 2353
[Waiting_time_Solve] Max iterations: 2353
[Waiting_time_Solve] Iteration 0...
[Waiting_time_Solve] Agent 63 pseudo agents: 100 
[SAT] Start solving CNF: 25 clauses and 16 variables
[SAT] Agent 88 entry time: 11 exit time: 11
[SAT] Agent 68 entry time: 11 exit time: 15
[SAT] Agent 66 entry time: 13 exit time: 13
[SAT] Agent 63 entry time: 11 exit time: 11
[SAT] Agent 19 entry time: 14 exit time: 15
[SAT] Agent 100 entry time: 13 exit time: 13
[SAT] Agent 9 entry time: 11 exit time: 15

[SAT] Start time: 11 End time: 15

[SAT] Solving local zone with SAT iteration 1...
[SAT] Local CNF: 25 clauses 

DEBUG: Adding 25 new clauses to MiniSAT (incremental run)
DEBUG: Clause load summary: input=25, added=25, tautologies_skipped=0, duplicates_skipped=0, unit_clauses=16, empties=0, intra_clause_literals_removed=0, added_but_db_unchanged=9
DEBUG: After adding clauses, solver has 0 clauses and 16 variables
DEBUG: MiniSAT found 16 variables
DEBUG: Assignment size: 16
DEBUG: First few assignment values: 1 1 1 1 1 1 1 1 1 1 

=== DEBUG: cnf_assignment_to_paths ===
Input assignment size: 16

=== END DEBUG ===
[SAT] Found 1 vertex collisions and 0 edge collisions
[SAT] Adding collision clauses and solving again...
[SAT] Solving local zone with SAT iteration 2...
[SAT] Local CNF: 26 clauses 

DEBUG: Adding 1 new clauses to MiniSAT (incremental run)
[SAT] Local problem appears to be unsatisfiable in current zone
[Waiting_time_Solve] No solution found, trying to apply waiting time:1
[Waiting_time_Solve] Applying waiting time 1 to agent 68 who has waiting time 22
[Waiting_time_Solve] New path is consistent after applying waiting time for agent 68
[Current_Solution] Agent 68 used 1 waiting timesteps, 21 remaining
[Waiting_time_Solve] Applied 1 waiting time  for agent 68 who has waiting time 21
[Waiting_time_Solve] ALL Waiting time applied
[Waiting_time_Solve] Extended Zone end time from 15 to 16
[Create_Local_Problem] Agent 47 is new in the zone
[Create_Local_Problem] Agent 91 is new in the zone
[Waiting_time_Solve] Iteration 1...
[Waiting_time_Solve] Agent 63 pseudo agents: 100 
[SAT] Start solving CNF: 39 clauses and 24 variables
[SAT] Agent 91 entry time: 16 exit time: 16
[SAT] Agent 47 entry time: 16 exit time: 16
[SAT] Agent 88 entry time: 11 exit time: 11
[SAT] Agent 68 entry time: 11 exit time: 16
[SAT] Agent 66 entry time: 13 exit time: 13
[SAT] Agent 63 entry time: 11 exit time: 11
[SAT] Agent 19 entry time: 14 exit time: 16
[SAT] Agent 100 entry time: 13 exit time: 13
[SAT] Agent 9 entry time: 11 exit time: 15

[SAT] Start time: 11 End time: 16

[SAT] Solving local zone with SAT iteration 1...
[SAT] Local CNF: 40 clauses 

DEBUG: Adding 40 new clauses to MiniSAT (incremental run)
DEBUG: Clause load summary: input=40, added=40, tautologies_skipped=0, duplicates_skipped=0, unit_clauses=16, empties=0, intra_clause_literals_removed=0, added_but_db_unchanged=9
DEBUG: After adding clauses, solver has 15 clauses and 24 variables
DEBUG: MiniSAT found 24 variables
DEBUG: Assignment size: 24
DEBUG: First few assignment values: 1 1 1 1 0 1 0 1 0 1 

=== DEBUG: cnf_assignment_to_paths ===
Input assignment size: 24

=== END DEBUG ===
[SAT] Found 0 vertex collisions and 1 edge collisions
[SAT] Adding collision clauses and solving again...
[SAT] Solving local zone with SAT iteration 2...
[SAT] Local CNF: 41 clauses 

DEBUG: Adding 1 new clauses to MiniSAT (incremental run)
[SAT] Local problem appears to be unsatisfiable in current zone
[Waiting_time_Solve] No solution found, trying to apply waiting time:2
[Waiting_time_Solve] Applying waiting time 2 to agent 68 who has waiting time 21
[Waiting_time_Solve] New path is consistent after applying waiting time for agent 68
[Current_Solution] Agent 68 used 2 waiting timesteps, 19 remaining
[Waiting_time_Solve] Applied 2 waiting time  for agent 68 who has waiting time 19
[Waiting_time_Solve] ALL Waiting time applied
[Waiting_time_Solve] Extended Zone end time from 16 to 18
[Create_Local_Problem] Agent 33 is new in the zone
[Create_Local_Problem] Agent 39 is new in the zone
[Waiting_time_Solve] Iteration 2...
[Waiting_time_Solve] Agent 63 pseudo agents: 100 
[SAT] Start solving CNF: 141 clauses and 49 variables
[SAT] Agent 33 entry time: 17 exit time: 18
[SAT] Agent 39 entry time: 17 exit time: 17
[SAT] Agent 91 entry time: 16 exit time: 16
[SAT] Agent 47 entry time: 16 exit time: 16
[SAT] Agent 88 entry time: 11 exit time: 11
[SAT] Agent 68 entry time: 11 exit time: 18
[SAT] Agent 66 entry time: 13 exit time: 13
[SAT] Agent 63 entry time: 11 exit time: 11
[SAT] Agent 19 entry time: 14 exit time: 16
[SAT] Agent 100 entry time: 13 exit time: 13
[SAT] Agent 9 entry time: 11 exit time: 15

[SAT] Start time: 11 End time: 18

[SAT] Solving local zone with SAT iteration 1...
[SAT] Local CNF: 143 clauses 

DEBUG: Adding 143 new clauses to MiniSAT (incremental run)
DEBUG: Clause load summary: input=143, added=143, tautologies_skipped=0, duplicates_skipped=0, unit_clauses=19, empties=0, intra_clause_literals_removed=0, added_but_db_unchanged=10
DEBUG: After adding clauses, solver has 114 clauses and 49 variables
DEBUG: MiniSAT found 49 variables
DEBUG: Assignment size: 49
DEBUG: First few assignment values: 1 1 1 1 1 1 1 0 1 0 

=== DEBUG: cnf_assignment_to_paths ===
Input assignment size: 49

=== END DEBUG ===
[SAT] Found 2 vertex collisions and 0 edge collisions
[SAT] Adding collision clauses and solving again...
[SAT] Solving local zone with SAT iteration 2...
[SAT] Local CNF: 145 clauses 

DEBUG: Adding 2 new clauses to MiniSAT (incremental run)
[SAT] Local problem appears to be unsatisfiable in current zone
[Waiting_time_Solve] No solution found, trying to apply waiting time:3
[Waiting_time_Solve] Applying waiting time 3 to agent 33 who has waiting time 15
[Waiting_time_Solve] New path is consistent after applying waiting time for agent 33
[Current_Solution] Agent 33 used 3 waiting timesteps, 12 remaining
[Waiting_time_Solve] Applied 3 waiting time  for agent 33 who has waiting time 12
[Waiting_time_Solve] Applying waiting time 3 to agent 68 who has waiting time 19
[Waiting_time_Solve] New path is consistent after applying waiting time for agent 68
[Current_Solution] Agent 68 used 3 waiting timesteps, 16 remaining
[Waiting_time_Solve] Applied 3 waiting time  for agent 68 who has waiting time 16
[Waiting_time_Solve] ALL Waiting time applied
[Waiting_time_Solve] Extended Zone end time from 18 to 21
[Waiting_time_Solve] Iteration 3...
[Waiting_time_Solve] Agent 39 pseudo agents: 101 
[Waiting_time_Solve] Agent 63 pseudo agents: 100 
[SAT] Start solving CNF: 454 clauses and 101 variables
[SAT] Agent 33 entry time: 17 exit time: 21
[SAT] Agent 39 entry time: 17 exit time: 17
[SAT] Agent 91 entry time: 16 exit time: 16
[SAT] Agent 47 entry time: 16 exit time: 16
[SAT] Agent 101 entry time: 19 exit time: 19
[SAT] Agent 88 entry time: 11 exit time: 11
[SAT] Agent 68 entry time: 11 exit time: 21
[SAT] Agent 66 entry time: 13 exit time: 13
[SAT] Agent 63 entry time: 11 exit time: 11
[SAT] Agent 19 entry time: 14 exit time: 16
[SAT] Agent 100 entry time: 13 exit time: 13
[SAT] Agent 9 entry time: 11 exit time: 15

[SAT] Start time: 11 End time: 21

[SAT] Solving local zone with SAT iteration 1...
[SAT] Local CNF: 458 clauses 

DEBUG: Adding 458 new clauses to MiniSAT (incremental run)
[SAT] Local problem appears to be unsatisfiable in current zone
[Waiting_time_Solve] No solution found, trying to apply waiting time:4
[Waiting_time_Solve] No waiting time applied
[Waiting_time_Solve] No solution found
[Waiting_time_Solve] Restoring original paths
[Waiting_time_Solve] Restoring waiting times
[Current_Solution] Restored waiting times from backup
[Current_Solution] Restored paths from backup
[Solve_local_zone] Zone with expansion factor 1failed
[Solve_local_zone] Expanding zone with offset 4 (original: 1)
[LOCAL ZONE] Found newly touched conflict 6 at position (14,12)
[LOCAL ZONE] Found newly touched conflict 8 at position (14,12)
[LOCAL ZONE] Found newly touched conflict 9 at position (14,12)
[LOCAL ZONE] Found newly touched conflict 10 at position (14,12)
[LOCAL ZONE] Found newly touched conflict 11 at position (14,12)
[LOCAL ZONE] Found newly touched conflict 12 at position (14,12)
[Solve_local_zone] Final expanded zone contains 64 positions with 7 conflicts 
[Solve_local_zone] New time window: [9, 20]
[Solve_local_zone] Current local zone size: 64 (6.25% of all walkable positions)
[Solve_local_zone] Local zone time window: [9, 20]
[Current_Solution] Agent 18 used 2 waiting timesteps, 25 remaining
[Create_Local_problem] Agent 37 returned to the zone 1 times within time window
[Current_Solution] Agent 59 used 2 waiting timesteps, 25 remaining
[Waiting_time_Solve] Agent 0 has waiting time 31
[Waiting_time_Solve] Agent 1 has waiting time 21
[Waiting_time_Solve] Agent 2 has waiting time 29
[Waiting_time_Solve] Agent 3 has waiting time 16
[Waiting_time_Solve] Agent 4 has waiting time 10
[Waiting_time_Solve] Agent 5 has waiting time 10
[Waiting_time_Solve] Agent 6 has waiting time 37
[Waiting_time_Solve] Agent 7 has waiting time 16
[Waiting_time_Solve] Agent 8 has waiting time 26
[Waiting_time_Solve] Agent 9 has waiting time 15
[Waiting_time_Solve] Agent 10 has waiting time 32
[Waiting_time_Solve] Agent 11 has waiting time 12
[Waiting_time_Solve] Agent 12 has waiting time 30
[Waiting_time_Solve] Agent 13 has waiting time 34
[Waiting_time_Solve] Agent 14 has waiting time 35
[Waiting_time_Solve] Agent 15 has waiting time 15
[Waiting_time_Solve] Agent 16 has waiting time 5
[Waiting_time_Solve] Agent 17 has waiting time 5
[Waiting_time_Solve] Agent 18 has waiting time 25
[Waiting_time_Solve] Agent 19 has waiting time 11
[Waiting_time_Solve] Agent 20 has waiting time 8
[Waiting_time_Solve] Agent 21 has waiting time 23
[Waiting_time_Solve] Agent 22 has waiting time 13
[Waiting_time_Solve] Agent 23 has waiting time 28
[Waiting_time_Solve] Agent 24 has waiting time 23
[Waiting_time_Solve] Agent 25 has waiting time 33
[Waiting_time_Solve] Agent 26 has waiting time 15
[Waiting_time_Solve] Agent 27 has waiting time 35
[Waiting_time_Solve] Agent 28 has waiting time 39
[Waiting_time_Solve] Agent 29 has waiting time 27
[Waiting_time_Solve] Agent 30 has waiting time 18
[Waiting_time_Solve] Agent 31 has waiting time 29
[Waiting_time_Solve] Agent 32 has waiting time 23
[Waiting_time_Solve] Agent 33 has waiting time 15
[Waiting_time_Solve] Agent 34 has waiting time 20
[Waiting_time_Solve] Agent 35 has waiting time 34
[Waiting_time_Solve] Agent 36 has waiting time 20
[Waiting_time_Solve] Agent 37 has waiting time 25
[Waiting_time_Solve] Agent 38 has waiting time 32
[Waiting_time_Solve] Agent 39 has waiting time 14
[Waiting_time_Solve] Agent 40 has waiting time 25
[Waiting_time_Solve] Agent 41 has waiting time 31
[Waiting_time_Solve] Agent 42 has waiting time 17
[Waiting_time_Solve] Agent 43 has waiting time 34
[Waiting_time_Solve] Agent 44 has waiting time 17
[Waiting_time_Solve] Agent 45 has waiting time 21
[Waiting_time_Solve] Agent 46 has waiting time 31
[Waiting_time_Solve] Agent 47 has waiting time 17
[Waiting_time_Solve] Agent 48 has waiting time 27
[Waiting_time_Solve] Agent 49 has waiting time 33
[Waiting_time_Solve] Agent 50 has waiting time 9
[Waiting_time_Solve] Agent 51 has waiting time 26
[Waiting_time_Solve] Agent 52 has waiting time 0
[Waiting_time_Solve] Agent 53 has waiting time 24
[Waiting_time_Solve] Agent 54 has waiting time 24
[Waiting_time_Solve] Agent 55 has waiting time 25
[Waiting_time_Solve] Agent 56 has waiting time 37
[Waiting_time_Solve] Agent 57 has waiting time 36
[Waiting_time_Solve] Agent 58 has waiting time 34
[Waiting_time_Solve] Agent 59 has waiting time 25
[Waiting_time_Solve] Agent 60 has waiting time 34
[Waiting_time_Solve] Agent 61 has waiting time 3
[Waiting_time_Solve] Agent 62 has waiting time 17
[Waiting_time_Solve] Agent 63 has waiting time 26
[Waiting_time_Solve] Agent 64 has waiting time 24
[Waiting_time_Solve] Agent 65 has waiting time 22
[Waiting_time_Solve] Agent 66 has waiting time 21
[Waiting_time_Solve] Agent 67 has waiting time 26
[Waiting_time_Solve] Agent 68 has waiting time 22
[Waiting_time_Solve] Agent 69 has waiting time 25
[Waiting_time_Solve] Agent 70 has waiting time 30
[Waiting_time_Solve] Agent 71 has waiting time 19
[Waiting_time_Solve] Agent 72 has waiting time 29
[Waiting_time_Solve] Agent 73 has waiting time 32
[Waiting_time_Solve] Agent 74 has waiting time 29
[Waiting_time_Solve] Agent 75 has waiting time 22
[Waiting_time_Solve] Agent 76 has waiting time 28
[Waiting_time_Solve] Agent 77 has waiting time 13
[Waiting_time_Solve] Agent 78 has waiting time 23
[Waiting_time_Solve] Agent 79 has waiting time 22
[Waiting_time_Solve] Agent 80 has waiting time 37
[Waiting_time_Solve] Agent 81 has waiting time 25
[Waiting_time_Solve] Agent 82 has waiting time 20
[Waiting_time_Solve] Agent 83 has waiting time 32
[Waiting_time_Solve] Agent 84 has waiting time 10
[Waiting_time_Solve] Agent 85 has waiting time 35
[Waiting_time_Solve] Agent 86 has waiting time 30
[Waiting_time_Solve] Agent 87 has waiting time 29
[Waiting_time_Solve] Agent 88 has waiting time 10
[Waiting_time_Solve] Agent 89 has waiting time 7
[Waiting_time_Solve] Agent 90 has waiting time 29
[Waiting_time_Solve] Agent 91 has waiting time 23
[Waiting_time_Solve] Agent 92 has waiting time 24
[Waiting_time_Solve] Agent 93 has waiting time 23
[Waiting_time_Solve] Agent 94 has waiting time 35
[Waiting_time_Solve] Agent 95 has waiting time 34
[Waiting_time_Solve] Agent 96 has waiting time 21
[Waiting_time_Solve] Agent 97 has waiting time 24
[Waiting_time_Solve] Agent 98 has waiting time 36
[Waiting_time_Solve] Agent 99 has waiting time 16
[Waiting_time_Solve] Total available waiting time: 2349
[Waiting_time_Solve] Max iterations: 2349
[Waiting_time_Solve] Iteration 0...
[Waiting_time_Solve] Agent 37 pseudo agents: 100 
[SAT] Start solving CNF: 1299 clauses and 364 variables
[SAT] Agent 97 entry time: 9 exit time: 9
[SAT] Agent 37 entry time: 9 exit time: 9
[SAT] Agent 8 entry time: 18 exit time: 18
[SAT] Agent 66 entry time: 10 exit time: 15
[SAT] Agent 24 entry time: 9 exit time: 11
[SAT] Agent 23 entry time: 10 exit time: 10
[SAT] Agent 91 entry time: 11 exit time: 18
[SAT] Agent 20 entry time: 19 exit time: 19
[SAT] Agent 19 entry time: 12 exit time: 20
[SAT] Agent 48 entry time: 9 exit time: 15
[SAT] Agent 100 entry time: 11 exit time: 11
[SAT] Agent 42 entry time: 18 exit time: 20
[SAT] Agent 18 entry time: 12 exit time: 20
[SAT] Agent 47 entry time: 9 exit time: 18
[SAT] Agent 4 entry time: 18 exit time: 20
[SAT] Agent 63 entry time: 9 exit time: 15
[SAT] Agent 33 entry time: 12 exit time: 20
[SAT] Agent 92 entry time: 15 exit time: 15
[SAT] Agent 17 entry time: 16 exit time: 18
[SAT] Agent 39 entry time: 12 exit time: 20
[SAT] Agent 9 entry time: 9 exit time: 20
[SAT] Agent 68 entry time: 9 exit time: 17
[SAT] Agent 45 entry time: 16 exit time: 20
[SAT] Agent 59 entry time: 16 exit time: 20
[SAT] Agent 88 entry time: 9 exit time: 13
[SAT] Agent 5 entry time: 9 exit time: 10
[SAT] Agent 64 entry time: 13 exit time: 13
[SAT] Agent 69 entry time: 10 exit time: 20
[SAT] Agent 87 entry time: 9 exit time: 12
[SAT] Agent 90 entry time: 9 exit time: 15

[SAT] Start time: 9 End time: 20

[SAT] Solving local zone with SAT iteration 1...
[SAT] Local CNF: 1299 clauses 

DEBUG: Adding 1299 new clauses to MiniSAT (incremental run)
DEBUG: Clause load summary: input=1299, added=1299, tautologies_skipped=0, duplicates_skipped=0, unit_clauses=100, empties=0, intra_clause_literals_removed=0, added_but_db_unchanged=89
DEBUG: After adding clauses, solver has 1110 clauses and 364 variables
DEBUG: MiniSAT found 364 variables
DEBUG: Assignment size: 364
DEBUG: First few assignment values: 1 1 1 1 0 1 0 1 0 1 

=== DEBUG: cnf_assignment_to_paths ===
Input assignment size: 364

=== END DEBUG ===
[SAT] Found 8 vertex collisions and 2 edge collisions
[SAT] Adding collision clauses and solving again...
[SAT] Solving local zone with SAT iteration 2...
[SAT] Local CNF: 1309 clauses 

DEBUG: Adding 10 new clauses to MiniSAT (incremental run)
[SAT] Local problem appears to be unsatisfiable in current zone
[Waiting_time_Solve] No solution found, trying to apply waiting time:1
[Waiting_time_Solve] Applying waiting time 1 to agent 45 who has waiting time 21
[Waiting_time_Solve] New path is consistent after applying waiting time for agent 45
[Current_Solution] Agent 45 used 1 waiting timesteps, 20 remaining
[Waiting_time_Solve] Applied 1 waiting time  for agent 45 who has waiting time 20
[Waiting_time_Solve] Applying waiting time 1 to agent 18 who has waiting time 25
[Current_Solution] Agent 18 used 1 waiting timesteps, 24 remaining
[Waiting_time_Solve] New path is consistent after applying waiting time for agent 18
[Current_Solution] Agent 18 used 1 waiting timesteps, 23 remaining
[Waiting_time_Solve] Applied 1 waiting time  for agent 18 who has waiting time 23
[Waiting_time_Solve] Applying waiting time 1 to agent 33 who has waiting time 15
[Waiting_time_Solve] New path is consistent after applying waiting time for agent 33
[Current_Solution] Agent 33 used 1 waiting timesteps, 14 remaining
[Waiting_time_Solve] Applied 1 waiting time  for agent 33 who has waiting time 14
[Waiting_time_Solve] Applying waiting time 1 to agent 48 who has waiting time 27
[Waiting_time_Solve] New path is consistent after applying waiting time for agent 48
[Current_Solution] Agent 48 used 1 waiting timesteps, 26 remaining
[Waiting_time_Solve] Applied 1 waiting time  for agent 48 who has waiting time 26
[Waiting_time_Solve] Applying waiting time 1 to agent 68 who has waiting time 22
[Waiting_time_Solve] New path is consistent after applying waiting time for agent 68
[Current_Solution] Agent 68 used 1 waiting timesteps, 21 remaining
[Waiting_time_Solve] Applied 1 waiting time  for agent 68 who has waiting time 21
[Waiting_time_Solve] Applying waiting time 1 to agent 59 who has waiting time 25
[Current_Solution] Agent 59 used 1 waiting timesteps, 24 remaining
[Waiting_time_Solve] New path is consistent after applying waiting time for agent 59
[Current_Solution] Agent 59 used 1 waiting timesteps, 23 remaining
[Waiting_time_Solve] Applied 1 waiting time  for agent 59 who has waiting time 23
[Waiting_time_Solve] ALL Waiting time applied
[Waiting_time_Solve] Extended Zone end time from 20 to 21
[Current_Solution] Agent 69 used 1 waiting timesteps, 24 remaining
[Waiting_time_Solve] Iteration 1...
[Waiting_time_Solve] Agent 37 pseudo agents: 100 
[SAT] Start solving CNF: 2082 clauses and 475 variables
[SAT] Agent 97 entry time: 9 exit time: 9
[SAT] Agent 37 entry time: 9 exit time: 9
[SAT] Agent 8 entry time: 18 exit time: 18
[SAT] Agent 66 entry time: 10 exit time: 15
[SAT] Agent 24 entry time: 9 exit time: 11
[SAT] Agent 23 entry time: 10 exit time: 10
[SAT] Agent 91 entry time: 11 exit time: 18
[SAT] Agent 20 entry time: 19 exit time: 19
[SAT] Agent 19 entry time: 12 exit time: 21
[SAT] Agent 48 entry time: 9 exit time: 16
[SAT] Agent 100 entry time: 11 exit time: 11
[SAT] Agent 42 entry time: 18 exit time: 21
[SAT] Agent 18 entry time: 12 exit time: 21
[SAT] Agent 47 entry time: 9 exit time: 18
[SAT] Agent 4 entry time: 18 exit time: 21
[SAT] Agent 63 entry time: 9 exit time: 15
[SAT] Agent 33 entry time: 12 exit time: 21
[SAT] Agent 92 entry time: 15 exit time: 15
[SAT] Agent 17 entry time: 16 exit time: 18
[SAT] Agent 39 entry time: 12 exit time: 21
[SAT] Agent 9 entry time: 9 exit time: 20
[SAT] Agent 68 entry time: 9 exit time: 18
[SAT] Agent 45 entry time: 16 exit time: 21
[SAT] Agent 59 entry time: 16 exit time: 21
[SAT] Agent 88 entry time: 9 exit time: 13
[SAT] Agent 5 entry time: 9 exit time: 10
[SAT] Agent 64 entry time: 13 exit time: 13
[SAT] Agent 69 entry time: 10 exit time: 21
[SAT] Agent 87 entry time: 9 exit time: 12
[SAT] Agent 90 entry time: 9 exit time: 15

[SAT] Start time: 9 End time: 21

[SAT] Solving local zone with SAT iteration 1...
[SAT] Local CNF: 2092 clauses 

DEBUG: Adding 2092 new clauses to MiniSAT (incremental run)
DEBUG: Clause load summary: input=2092, added=2092, tautologies_skipped=0, duplicates_skipped=0, unit_clauses=87, empties=0, intra_clause_literals_removed=0, added_but_db_unchanged=83
DEBUG: After adding clauses, solver has 1922 clauses and 475 variables
DEBUG: MiniSAT found 475 variables
DEBUG: Assignment size: 475
DEBUG: First few assignment values: 1 1 1 1 0 1 0 1 0 1 

=== DEBUG: cnf_assignment_to_paths ===
Input assignment size: 475

=== END DEBUG ===
[SAT] Found 9 vertex collisions and 7 edge collisions
[SAT] Adding collision clauses and solving again...
[SAT] Solving local zone with SAT iteration 2...
[SAT] Local CNF: 2108 clauses 

DEBUG: Adding 16 new clauses to MiniSAT (incremental run)
[SAT] Local problem appears to be unsatisfiable in current zone
[Waiting_time_Solve] No solution found, trying to apply waiting time:2
[Waiting_time_Solve] Applying waiting time 2 to agent 59 who has waiting time 23
[Current_Solution] Agent 59 used 1 waiting timesteps, 22 remaining
[Waiting_time_Solve] New path is consistent after applying waiting time for agent 59
[Current_Solution] Agent 59 used 2 waiting timesteps, 20 remaining
[Waiting_time_Solve] Applied 2 waiting time  for agent 59 who has waiting time 20
[Waiting_time_Solve] Applying waiting time 2 to agent 8 who has waiting time 26
[Waiting_time_Solve] New path is consistent after applying waiting time for agent 8
[Current_Solution] Agent 8 used 2 waiting timesteps, 24 remaining
[Waiting_time_Solve] Applied 2 waiting time  for agent 8 who has waiting time 24
[Waiting_time_Solve] Applying waiting time 2 to agent 68 who has waiting time 21
[Waiting_time_Solve] New path is consistent after applying waiting time for agent 68
[Current_Solution] Agent 68 used 2 waiting timesteps, 19 remaining
[Waiting_time_Solve] Applied 2 waiting time  for agent 68 who has waiting time 19
[Waiting_time_Solve] Applying waiting time 2 to agent 18 who has waiting time 23
[Current_Solution] Agent 18 used 1 waiting timesteps, 22 remaining
[Waiting_time_Solve] New path is consistent after applying waiting time for agent 18
[Current_Solution] Agent 18 used 2 waiting timesteps, 20 remaining
[Waiting_time_Solve] Applied 2 waiting time  for agent 18 who has waiting time 20
[Waiting_time_Solve] Applying waiting time 2 to agent 42 who has waiting time 17
[Waiting_time_Solve] New path is consistent after applying waiting time for agent 42
[Current_Solution] Agent 42 used 2 waiting timesteps, 15 remaining
[Waiting_time_Solve] Applied 2 waiting time  for agent 42 who has waiting time 15
[Waiting_time_Solve] Applying waiting time 2 to agent 48 who has waiting time 26
[Waiting_time_Solve] New path is consistent after applying waiting time for agent 48
[Current_Solution] Agent 48 used 2 waiting timesteps, 24 remaining
[Waiting_time_Solve] Applied 2 waiting time  for agent 48 who has waiting time 24
[Waiting_time_Solve] Applying waiting time 2 to agent 45 who has waiting time 20
[Waiting_time_Solve] New path is consistent after applying waiting time for agent 45
[Current_Solution] Agent 45 used 2 waiting timesteps, 18 remaining
[Waiting_time_Solve] Applied 2 waiting time  for agent 45 who has waiting time 18
[Waiting_time_Solve] Applying waiting time 2 to agent 19 who has waiting time 11
[Waiting_time_Solve] New path is consistent after applying waiting time for agent 19
[Current_Solution] Agent 19 used 2 waiting timesteps, 9 remaining
[Waiting_time_Solve] Applied 2 waiting time  for agent 19 who has waiting time 9
[Waiting_time_Solve] Applying waiting time 2 to agent 9 who has waiting time 15
[Waiting_time_Solve] New path is consistent after applying waiting time for agent 9
[Current_Solution] Agent 9 used 2 waiting timesteps, 13 remaining
[Waiting_time_Solve] Applied 2 waiting time  for agent 9 who has waiting time 13
[Waiting_time_Solve] ALL Waiting time applied
[Waiting_time_Solve] Extended Zone end time from 21 to 23
[Current_Solution] Agent 69 used 2 waiting timesteps, 22 remaining
[Waiting_time_Solve] Iteration 2...
[Waiting_time_Solve] Agent 37 pseudo agents: 100 
[SAT] Start solving CNF: 5594 clauses and 896 variables
[SAT] Agent 97 entry time: 9 exit time: 9
[SAT] Agent 37 entry time: 9 exit time: 9
[SAT] Agent 8 entry time: 18 exit time: 20
[SAT] Agent 66 entry time: 10 exit time: 15
[SAT] Agent 24 entry time: 9 exit time: 11
[SAT] Agent 23 entry time: 10 exit time: 10
[SAT] Agent 91 entry time: 11 exit time: 18
[SAT] Agent 20 entry time: 19 exit time: 19
[SAT] Agent 19 entry time: 12 exit time: 23
[SAT] Agent 48 entry time: 9 exit time: 18
[SAT] Agent 100 entry time: 11 exit time: 11
[SAT] Agent 42 entry time: 18 exit time: 23
[SAT] Agent 18 entry time: 12 exit time: 23
[SAT] Agent 47 entry time: 9 exit time: 18
[SAT] Agent 4 entry time: 18 exit time: 23
[SAT] Agent 63 entry time: 9 exit time: 15
[SAT] Agent 33 entry time: 12 exit time: 23
[SAT] Agent 92 entry time: 15 exit time: 15
[SAT] Agent 17 entry time: 16 exit time: 18
[SAT] Agent 39 entry time: 12 exit time: 23
[SAT] Agent 9 entry time: 9 exit time: 22
[SAT] Agent 68 entry time: 9 exit time: 20
[SAT] Agent 45 entry time: 16 exit time: 23
[SAT] Agent 59 entry time: 16 exit time: 23
[SAT] Agent 88 entry time: 9 exit time: 13
[SAT] Agent 5 entry time: 9 exit time: 10
[SAT] Agent 64 entry time: 13 exit time: 13
[SAT] Agent 69 entry time: 10 exit time: 23
[SAT] Agent 87 entry time: 9 exit time: 12
[SAT] Agent 90 entry time: 9 exit time: 15

[SAT] Start time: 9 End time: 23

[SAT] Solving local zone with SAT iteration 1...
[SAT] Local CNF: 5620 clauses 

DEBUG: Adding 5620 new clauses to MiniSAT (incremental run)
DEBUG: Clause load summary: input=5620, added=5620, tautologies_skipped=0, duplicates_skipped=0, unit_clauses=68, empties=0, intra_clause_literals_removed=0, added_but_db_unchanged=73
DEBUG: After adding clauses, solver has 5479 clauses and 896 variables
DEBUG: MiniSAT found 896 variables
DEBUG: Assignment size: 896
DEBUG: First few assignment values: 1 1 1 0 1 1 1 1 0 1 

=== DEBUG: cnf_assignment_to_paths ===
Input assignment size: 896

=== END DEBUG ===
[SAT] Found 13 vertex collisions and 5 edge collisions
[SAT] Adding collision clauses and solving again...
[SAT] Solving local zone with SAT iteration 2...
[SAT] Local CNF: 5638 clauses 

DEBUG: Adding 18 new clauses to MiniSAT (incremental run)
[SAT] Local problem appears to be unsatisfiable in current zone
[Waiting_time_Solve] No solution found, trying to apply waiting time:3
[Waiting_time_Solve] Applying waiting time 3 to agent 59 who has waiting time 20
[Current_Solution] Agent 59 used 1 waiting timesteps, 19 remaining
[Waiting_time_Solve] New path is consistent after applying waiting time for agent 59
[Current_Solution] Agent 59 used 3 waiting timesteps, 16 remaining
[Waiting_time_Solve] Applied 3 waiting time  for agent 59 who has waiting time 16
[Waiting_time_Solve] Applying waiting time 3 to agent 8 who has waiting time 24
[Waiting_time_Solve] New path is consistent after applying waiting time for agent 8
[Current_Solution] Agent 8 used 3 waiting timesteps, 21 remaining
[Waiting_time_Solve] Applied 3 waiting time  for agent 8 who has waiting time 21
[Waiting_time_Solve] Applying waiting time 3 to agent 45 who has waiting time 18
[Waiting_time_Solve] New path is consistent after applying waiting time for agent 45
[Current_Solution] Agent 45 used 3 waiting timesteps, 15 remaining
[Waiting_time_Solve] Applied 3 waiting time  for agent 45 who has waiting time 15
[Waiting_time_Solve] Applying waiting time 3 to agent 18 who has waiting time 20
[Current_Solution] Agent 18 used 1 waiting timesteps, 19 remaining
[Waiting_time_Solve] New path is consistent after applying waiting time for agent 18
[Current_Solution] Agent 18 used 3 waiting timesteps, 16 remaining
[Waiting_time_Solve] Applied 3 waiting time  for agent 18 who has waiting time 16
[Waiting_time_Solve] Applying waiting time 3 to agent 33 who has waiting time 14
[Waiting_time_Solve] New path is consistent after applying waiting time for agent 33
[Current_Solution] Agent 33 used 3 waiting timesteps, 11 remaining
[Waiting_time_Solve] Applied 3 waiting time  for agent 33 who has waiting time 11
[Waiting_time_Solve] Applying waiting time 3 to agent 48 who has waiting time 24
[Waiting_time_Solve] New path is consistent after applying waiting time for agent 48
[Current_Solution] Agent 48 used 3 waiting timesteps, 21 remaining
[Waiting_time_Solve] Applied 3 waiting time  for agent 48 who has waiting time 21
[Waiting_time_Solve] Applying waiting time 3 to agent 68 who has waiting time 19
[Waiting_time_Solve] New path is consistent after applying waiting time for agent 68
[Current_Solution] Agent 68 used 3 waiting timesteps, 16 remaining
[Waiting_time_Solve] Applied 3 waiting time  for agent 68 who has waiting time 16
[Waiting_time_Solve] Applying waiting time 3 to agent 4 who has waiting time 10
[Waiting_time_Solve] New path is consistent after applying waiting time for agent 4
[Current_Solution] Agent 4 used 3 waiting timesteps, 7 remaining
[Waiting_time_Solve] Applied 3 waiting time  for agent 4 who has waiting time 7
[Waiting_time_Solve] Applying waiting time 3 to agent 69 who has waiting time 22
[Current_Solution] Agent 69 used 3 waiting timesteps, 19 remaining
[Waiting_time_Solve] New path is consistent after applying waiting time for agent 69
[Current_Solution] Agent 69 used 3 waiting timesteps, 16 remaining
[Waiting_time_Solve] Applied 3 waiting time  for agent 69 who has waiting time 16
[Waiting_time_Solve] ALL Waiting time applied
[Waiting_time_Solve] Extended Zone end time from 23 to 26
[Create_Local_Problem] Agent 50 is new in the zone
[Create_Local_Problem] Agent 52 is new in the zone
[Waiting_time_Solve] Iteration 3...
[Waiting_time_Solve] Agent 37 pseudo agents: 100 
[SAT] Start solving CNF: 18132 clauses and 1760 variables
[SAT] Agent 52 entry time: 25 exit time: 26
[SAT] Agent 50 entry time: 26 exit time: 26
[SAT] Agent 97 entry time: 9 exit time: 9
[SAT] Agent 37 entry time: 9 exit time: 9
[SAT] Agent 8 entry time: 18 exit time: 23
[SAT] Agent 66 entry time: 10 exit time: 15
[SAT] Agent 24 entry time: 9 exit time: 11
[SAT] Agent 23 entry time: 10 exit time: 10
[SAT] Agent 91 entry time: 11 exit time: 18
[SAT] Agent 20 entry time: 19 exit time: 19
[SAT] Agent 19 entry time: 12 exit time: 23
[SAT] Agent 48 entry time: 9 exit time: 21
[SAT] Agent 100 entry time: 11 exit time: 11
[SAT] Agent 42 entry time: 18 exit time: 26
[SAT] Agent 18 entry time: 12 exit time: 26
[SAT] Agent 47 entry time: 9 exit time: 18
[SAT] Agent 4 entry time: 18 exit time: 26
[SAT] Agent 63 entry time: 9 exit time: 15
[SAT] Agent 33 entry time: 12 exit time: 26
[SAT] Agent 92 entry time: 15 exit time: 15
[SAT] Agent 17 entry time: 16 exit time: 18
[SAT] Agent 39 entry time: 12 exit time: 23
[SAT] Agent 9 entry time: 9 exit time: 22
[SAT] Agent 68 entry time: 9 exit time: 23
[SAT] Agent 45 entry time: 16 exit time: 26
[SAT] Agent 59 entry time: 16 exit time: 26
[SAT] Agent 88 entry time: 9 exit time: 13
[SAT] Agent 5 entry time: 9 exit time: 10
[SAT] Agent 64 entry time: 13 exit time: 13
[SAT] Agent 69 entry time: 10 exit time: 26
[SAT] Agent 87 entry time: 9 exit time: 12
[SAT] Agent 90 entry time: 9 exit time: 15

[SAT] Start time: 9 End time: 26

[SAT] Solving local zone with SAT iteration 1...
[SAT] Local CNF: 18176 clauses 

DEBUG: Adding 18176 new clauses to MiniSAT (incremental run)
DEBUG: Clause load summary: input=18176, added=18176, tautologies_skipped=0, duplicates_skipped=0, unit_clauses=71, empties=0, intra_clause_literals_removed=0, added_but_db_unchanged=78
DEBUG: After adding clauses, solver has 18027 clauses and 1760 variables
DEBUG: MiniSAT found 1760 variables
DEBUG: Assignment size: 1760
DEBUG: First few assignment values: 1 1 1 1 1 1 0 1 0 0 

=== DEBUG: cnf_assignment_to_paths ===
Input assignment size: 1760

=== END DEBUG ===
[SAT] Found 13 vertex collisions and 3 edge collisions
[SAT] Adding collision clauses and solving again...
[SAT] Solving local zone with SAT iteration 2...
[SAT] Local CNF: 18192 clauses 

DEBUG: Adding 16 new clauses to MiniSAT (incremental run)
[SAT] Previous assignment invalidated by new clauses, reset solver and retrying without assumptions...
DEBUG: Adding 18192 new clauses to MiniSAT (incremental run)
[SAT] Local problem appears to be unsatisfiable in current zone
[Waiting_time_Solve] No solution found, trying to apply waiting time:4
[Waiting_time_Solve] Applying waiting time 4 to agent 9 who has waiting time 13
[Waiting_time_Solve] New path is consistent after applying waiting time for agent 9
[Current_Solution] Agent 9 used 4 waiting timesteps, 9 remaining
[Waiting_time_Solve] Applied 4 waiting time  for agent 9 who has waiting time 9
[Waiting_time_Solve] Applying waiting time 4 to agent 45 who has waiting time 15
[Waiting_time_Solve] New path is consistent after applying waiting time for agent 45
[Current_Solution] Agent 45 used 4 waiting timesteps, 11 remaining
[Waiting_time_Solve] Applied 4 waiting time  for agent 45 who has waiting time 11
[Waiting_time_Solve] Applying waiting time 4 to agent 8 who has waiting time 21
[Waiting_time_Solve] New path is consistent after applying waiting time for agent 8
[Current_Solution] Agent 8 used 4 waiting timesteps, 17 remaining
[Waiting_time_Solve] Applied 4 waiting time  for agent 8 who has waiting time 17
[Waiting_time_Solve] Applying waiting time 4 to agent 18 who has waiting time 16
[Current_Solution] Agent 18 used 1 waiting timesteps, 15 remaining
[Waiting_time_Solve] New path is consistent after applying waiting time for agent 18
[Current_Solution] Agent 18 used 4 waiting timesteps, 11 remaining
[Waiting_time_Solve] Applied 4 waiting time  for agent 18 who has waiting time 11
[Waiting_time_Solve] Applying waiting time 4 to agent 69 who has waiting time 16
[Current_Solution] Agent 69 used 1 waiting timesteps, 15 remaining
[Waiting_time_Solve] New path is consistent after applying waiting time for agent 69
[Current_Solution] Agent 69 used 4 waiting timesteps, 11 remaining
[Waiting_time_Solve] Applied 4 waiting time  for agent 69 who has waiting time 11
[Waiting_time_Solve] Applying waiting time 4 to agent 39 who has waiting time 14
[Waiting_time_Solve] New path is consistent after applying waiting time for agent 39
[Current_Solution] Agent 39 used 4 waiting timesteps, 10 remaining
[Waiting_time_Solve] Applied 4 waiting time  for agent 39 who has waiting time 10
[Waiting_time_Solve] Applying waiting time 4 to agent 66 who has waiting time 21
[Waiting_time_Solve] New path is consistent after applying waiting time for agent 66
[Current_Solution] Agent 66 used 4 waiting timesteps, 17 remaining
[Waiting_time_Solve] Applied 4 waiting time  for agent 66 who has waiting time 17
[Waiting_time_Solve] ALL Waiting time applied
[Waiting_time_Solve] Extended Zone end time from 26 to 30
[Current_Solution] Agent 59 used 1 waiting timesteps, 15 remaining
[Waiting_time_Solve] Iteration 4...
[Waiting_time_Solve] Agent 37 pseudo agents: 100 
[SAT] Start solving CNF: 44570 clauses and 3133 variables
[SAT] Agent 52 entry time: 25 exit time: 30
[SAT] Agent 50 entry time: 26 exit time: 28
[SAT] Agent 97 entry time: 9 exit time: 9
[SAT] Agent 37 entry time: 9 exit time: 9
[SAT] Agent 8 entry time: 18 exit time: 27
[SAT] Agent 66 entry time: 10 exit time: 19
[SAT] Agent 24 entry time: 9 exit time: 11
[SAT] Agent 23 entry time: 10 exit time: 10
[SAT] Agent 91 entry time: 11 exit time: 18
[SAT] Agent 20 entry time: 19 exit time: 19
[SAT] Agent 19 entry time: 12 exit time: 23
[SAT] Agent 48 entry time: 9 exit time: 21
[SAT] Agent 100 entry time: 11 exit time: 11
[SAT] Agent 42 entry time: 18 exit time: 26
[SAT] Agent 18 entry time: 12 exit time: 30
[SAT] Agent 47 entry time: 9 exit time: 18
[SAT] Agent 4 entry time: 18 exit time: 30
[SAT] Agent 63 entry time: 9 exit time: 15
[SAT] Agent 33 entry time: 12 exit time: 27
[SAT] Agent 92 entry time: 15 exit time: 15
[SAT] Agent 17 entry time: 16 exit time: 18
[SAT] Agent 39 entry time: 12 exit time: 27
[SAT] Agent 9 entry time: 9 exit time: 26
[SAT] Agent 68 entry time: 9 exit time: 23
[SAT] Agent 45 entry time: 16 exit time: 30
[SAT] Agent 59 entry time: 16 exit time: 30
[SAT] Agent 88 entry time: 9 exit time: 13
[SAT] Agent 5 entry time: 9 exit time: 10
[SAT] Agent 64 entry time: 13 exit time: 13
[SAT] Agent 69 entry time: 10 exit time: 30
[SAT] Agent 87 entry time: 9 exit time: 12
[SAT] Agent 90 entry time: 9 exit time: 15

[SAT] Start time: 9 End time: 30

[SAT] Solving local zone with SAT iteration 1...
[SAT] Local CNF: 44630 clauses 

DEBUG: Adding 44630 new clauses to MiniSAT (incremental run)
DEBUG: Clause load summary: input=44630, added=44630, tautologies_skipped=0, duplicates_skipped=0, unit_clauses=72, empties=0, intra_clause_literals_removed=0, added_but_db_unchanged=81
DEBUG: After adding clauses, solver has 44477 clauses and 3133 variables
DEBUG: MiniSAT found 3133 variables
DEBUG: Assignment size: 3133
DEBUG: First few assignment values: 1 0 1 0 0 1 0 1 0 0 

=== DEBUG: cnf_assignment_to_paths ===
Input assignment size: 3133

=== END DEBUG ===
[SAT] Found 15 vertex collisions and 8 edge collisions
[SAT] Adding collision clauses and solving again...
[SAT] Solving local zone with SAT iteration 2...
[SAT] Local CNF: 44653 clauses 

DEBUG: Adding 23 new clauses to MiniSAT (incremental run)
[SAT] Previous assignment invalidated by new clauses, reset solver and retrying without assumptions...
DEBUG: Adding 44653 new clauses to MiniSAT (incremental run)
[SAT] Local problem appears to be unsatisfiable in current zone
[Waiting_time_Solve] No solution found, trying to apply waiting time:5
[Waiting_time_Solve] Applying waiting time 5 to agent 59 who has waiting time 15
[Current_Solution] Agent 59 used 5 waiting timesteps, 10 remaining
[Waiting_time_Solve] New path is consistent after applying waiting time for agent 59
[Current_Solution] Agent 59 used 5 waiting timesteps, 5 remaining
[Waiting_time_Solve] Applied 5 waiting time  for agent 59 who has waiting time 5
[Waiting_time_Solve] Applying waiting time 5 to agent 8 who has waiting time 17
[Waiting_time_Solve] New path is consistent after applying waiting time for agent 8
[Current_Solution] Agent 8 used 5 waiting timesteps, 12 remaining
[Waiting_time_Solve] Applied 5 waiting time  for agent 8 who has waiting time 12
[Waiting_time_Solve] Applying waiting time 5 to agent 45 who has waiting time 11
[Waiting_time_Solve] New path is consistent after applying waiting time for agent 45
[Current_Solution] Agent 45 used 5 waiting timesteps, 6 remaining
[Waiting_time_Solve] Applied 5 waiting time  for agent 45 who has waiting time 6
[Waiting_time_Solve] Applying waiting time 5 to agent 33 who has waiting time 11
[Waiting_time_Solve] New path is consistent after applying waiting time for agent 33
[Current_Solution] Agent 33 used 5 waiting timesteps, 6 remaining
[Waiting_time_Solve] Applied 5 waiting time  for agent 33 who has waiting time 6
[Waiting_time_Solve] Applying waiting time 5 to agent 42 who has waiting time 15
[Waiting_time_Solve] New path is consistent after applying waiting time for agent 42
[Current_Solution] Agent 42 used 5 waiting timesteps, 10 remaining
[Waiting_time_Solve] Applied 5 waiting time  for agent 42 who has waiting time 10
[Waiting_time_Solve] Applying waiting time 5 to agent 66 who has waiting time 17
[Waiting_time_Solve] New path is consistent after applying waiting time for agent 66
[Current_Solution] Agent 66 used 5 waiting timesteps, 12 remaining
[Waiting_time_Solve] Applied 5 waiting time  for agent 66 who has waiting time 12
[Waiting_time_Solve] Applying waiting time 5 to agent 68 who has waiting time 16
[Waiting_time_Solve] New path is consistent after applying waiting time for agent 68
[Current_Solution] Agent 68 used 5 waiting timesteps, 11 remaining
[Waiting_time_Solve] Applied 5 waiting time  for agent 68 who has waiting time 11
[Waiting_time_Solve] Applying waiting time 5 to agent 69 who has waiting time 11
[Current_Solution] Agent 69 used 1 waiting timesteps, 10 remaining
[Waiting_time_Solve] New path is consistent after applying waiting time for agent 69
[Current_Solution] Agent 69 used 5 waiting timesteps, 5 remaining
[Waiting_time_Solve] Applied 5 waiting time  for agent 69 who has waiting time 5
[Waiting_time_Solve] ALL Waiting time applied
[Waiting_time_Solve] Extended Zone end time from 30 to 35
[Current_Solution] Agent 18 used 1 waiting timesteps, 10 remaining
[Waiting_time_Solve] Iteration 5...
[Waiting_time_Solve] Agent 37 pseudo agents: 100 
[SAT] Start solving CNF: 102849 clauses and 5425 variables
[SAT] Agent 52 entry time: 25 exit time: 33
[SAT] Agent 50 entry time: 26 exit time: 28
[SAT] Agent 97 entry time: 9 exit time: 9
[SAT] Agent 37 entry time: 9 exit time: 9
[SAT] Agent 8 entry time: 18 exit time: 32
[SAT] Agent 66 entry time: 10 exit time: 24
[SAT] Agent 24 entry time: 9 exit time: 11
[SAT] Agent 23 entry time: 10 exit time: 10
[SAT] Agent 91 entry time: 11 exit time: 18
[SAT] Agent 20 entry time: 19 exit time: 19
[SAT] Agent 19 entry time: 12 exit time: 23
[SAT] Agent 48 entry time: 9 exit time: 21
[SAT] Agent 100 entry time: 11 exit time: 11
[SAT] Agent 42 entry time: 18 exit time: 31
[SAT] Agent 18 entry time: 12 exit time: 35
[SAT] Agent 47 entry time: 9 exit time: 18
[SAT] Agent 4 entry time: 18 exit time: 32
[SAT] Agent 63 entry time: 9 exit time: 15
[SAT] Agent 33 entry time: 12 exit time: 32
[SAT] Agent 92 entry time: 15 exit time: 15
[SAT] Agent 17 entry time: 16 exit time: 18
[SAT] Agent 39 entry time: 12 exit time: 27
[SAT] Agent 9 entry time: 9 exit time: 26
[SAT] Agent 68 entry time: 9 exit time: 28
[SAT] Agent 45 entry time: 16 exit time: 35
[SAT] Agent 59 entry time: 16 exit time: 35
[SAT] Agent 88 entry time: 9 exit time: 13
[SAT] Agent 5 entry time: 9 exit time: 10
[SAT] Agent 64 entry time: 13 exit time: 13
[SAT] Agent 69 entry time: 10 exit time: 35
[SAT] Agent 87 entry time: 9 exit time: 12
[SAT] Agent 90 entry time: 9 exit time: 15

[SAT] Start time: 9 End time: 35

[SAT] Solving local zone with SAT iteration 1...
[SAT] Local CNF: 102932 clauses 

DEBUG: Adding 102932 new clauses to MiniSAT (incremental run)
DEBUG: Clause load summary: input=102932, added=102932, tautologies_skipped=0, duplicates_skipped=0, unit_clauses=72, empties=0, intra_clause_literals_removed=0, added_but_db_unchanged=77
DEBUG: After adding clauses, solver has 102783 clauses and 5425 variables
DEBUG: MiniSAT found 5425 variables
DEBUG: Assignment size: 5425
DEBUG: First few assignment values: 1 0 1 0 0 1 0 1 0 0 

=== DEBUG: cnf_assignment_to_paths ===
Input assignment size: 5425

=== END DEBUG ===
[SAT] Found 27 vertex collisions and 8 edge collisions
[SAT] Adding collision clauses and solving again...
[SAT] Solving local zone with SAT iteration 2...
[SAT] Local CNF: 102967 clauses 

DEBUG: Adding 35 new clauses to MiniSAT (incremental run)
[SAT] Previous assignment invalidated by new clauses, reset solver and retrying without assumptions...
DEBUG: Adding 102967 new clauses to MiniSAT (incremental run)
[SAT] Local problem appears to be unsatisfiable in current zone
[Waiting_time_Solve] No solution found, trying to apply waiting time:6
[Waiting_time_Solve] Applying waiting time 6 to agent 4 who has waiting time 7
[Waiting_time_Solve] New path is consistent after applying waiting time for agent 4
[Current_Solution] Agent 4 used 6 waiting timesteps, 1 remaining
[Waiting_time_Solve] Applied 6 waiting time  for agent 4 who has waiting time 1
[Waiting_time_Solve] Applying waiting time 6 to agent 8 who has waiting time 12
[Waiting_time_Solve] New path is consistent after applying waiting time for agent 8
[Current_Solution] Agent 8 used 6 waiting timesteps, 6 remaining
[Waiting_time_Solve] Applied 6 waiting time  for agent 8 who has waiting time 6
[Waiting_time_Solve] Applying waiting time 6 to agent 9 who has waiting time 9
[Waiting_time_Solve] New path is consistent after applying waiting time for agent 9
[Current_Solution] Agent 9 used 6 waiting timesteps, 3 remaining
[Waiting_time_Solve] Applied 6 waiting time  for agent 9 who has waiting time 3
[Waiting_time_Solve] Applying waiting time 6 to agent 18 who has waiting time 10
[Current_Solution] Agent 18 used 6 waiting timesteps, 4 remaining
[Waiting_time_Solve] New path is consistent after applying waiting time for agent 18
[Current_Solution] Agent 18 used 6 waiting timesteps, 0 remaining
[Waiting_time_Solve] Applied 6 waiting time  for agent 18 who has waiting time 0
[Waiting_time_Solve] Applying waiting time 6 to agent 33 who has waiting time 6
[Waiting_time_Solve] New path is consistent after applying waiting time for agent 33
[Current_Solution] Agent 33 used 6 waiting timesteps, 0 remaining
[Waiting_time_Solve] Applied 6 waiting time  for agent 33 who has waiting time 0
[Waiting_time_Solve] Applying waiting time 6 to agent 39 who has waiting time 10
[Waiting_time_Solve] New path is consistent after applying waiting time for agent 39
[Current_Solution] Agent 39 used 6 waiting timesteps, 4 remaining
[Waiting_time_Solve] Applied 6 waiting time  for agent 39 who has waiting time 4
[Waiting_time_Solve] Applying waiting time 6 to agent 45 who has waiting time 6
[Waiting_time_Solve] New path is consistent after applying waiting time for agent 45
[Current_Solution] Agent 45 used 6 waiting timesteps, 0 remaining
[Waiting_time_Solve] Applied 6 waiting time  for agent 45 who has waiting time 0
[Waiting_time_Solve] Applying waiting time 6 to agent 47 who has waiting time 17
[Waiting_time_Solve] New path is consistent after applying waiting time for agent 47
[Current_Solution] Agent 47 used 6 waiting timesteps, 11 remaining
[Waiting_time_Solve] Applied 6 waiting time  for agent 47 who has waiting time 11
[Waiting_time_Solve] Applying waiting time 6 to agent 66 who has waiting time 12
[Waiting_time_Solve] New path is consistent after applying waiting time for agent 66
[Current_Solution] Agent 66 used 6 waiting timesteps, 6 remaining
[Waiting_time_Solve] Applied 6 waiting time  for agent 66 who has waiting time 6
[Waiting_time_Solve] ALL Waiting time applied
[Waiting_time_Solve] Extended Zone end time from 35 to 41
[Current_Solution] Agent 59 used 1 waiting timesteps, 4 remaining
[Current_Solution] Agent 69 used 1 waiting timesteps, 4 remaining
[Waiting_time_Solve] Iteration 6...
[Waiting_time_Solve] Agent 37 pseudo agents: 100 
[SAT] Start solving CNF: 217227 clauses and 9359 variables
[SAT] Agent 52 entry time: 25 exit time: 33
[SAT] Agent 50 entry time: 26 exit time: 28
[SAT] Agent 97 entry time: 9 exit time: 9
[SAT] Agent 37 entry time: 9 exit time: 9
[SAT] Agent 8 entry time: 18 exit time: 38
[SAT] Agent 66 entry time: 10 exit time: 30
[SAT] Agent 24 entry time: 9 exit time: 11
[SAT] Agent 23 entry time: 10 exit time: 10
[SAT] Agent 91 entry time: 11 exit time: 18
[SAT] Agent 20 entry time: 19 exit time: 19
[SAT] Agent 19 entry time: 12 exit time: 23
[SAT] Agent 48 entry time: 9 exit time: 21
[SAT] Agent 100 entry time: 11 exit time: 11
[SAT] Agent 42 entry time: 18 exit time: 31
[SAT] Agent 18 entry time: 12 exit time: 41
[SAT] Agent 47 entry time: 9 exit time: 24
[SAT] Agent 4 entry time: 18 exit time: 38
[SAT] Agent 63 entry time: 9 exit time: 15
[SAT] Agent 33 entry time: 12 exit time: 38
[SAT] Agent 92 entry time: 15 exit time: 15
[SAT] Agent 17 entry time: 16 exit time: 18
[SAT] Agent 39 entry time: 12 exit time: 33
[SAT] Agent 9 entry time: 9 exit time: 32
[SAT] Agent 68 entry time: 9 exit time: 28
[SAT] Agent 45 entry time: 16 exit time: 41
[SAT] Agent 59 entry time: 16 exit time: 41
[SAT] Agent 88 entry time: 9 exit time: 13
[SAT] Agent 5 entry time: 9 exit time: 10
[SAT] Agent 64 entry time: 13 exit time: 13
[SAT] Agent 69 entry time: 10 exit time: 41
[SAT] Agent 87 entry time: 9 exit time: 12
[SAT] Agent 90 entry time: 9 exit time: 15

[SAT] Start time: 9 End time: 41

[SAT] Solving local zone with SAT iteration 1...
[SAT] Local CNF: 217345 clauses 

DEBUG: Adding 217345 new clauses to MiniSAT (incremental run)
DEBUG: Clause load summary: input=217345, added=217345, tautologies_skipped=0, duplicates_skipped=0, unit_clauses=71, empties=0, intra_clause_literals_removed=0, added_but_db_unchanged=80
DEBUG: After adding clauses, solver has 217194 clauses and 9359 variables
DEBUG: MiniSAT found 9359 variables
DEBUG: Assignment size: 9359
DEBUG: First few assignment values: 1 0 1 0 0 1 0 1 0 0 

=== DEBUG: cnf_assignment_to_paths ===
Input assignment size: 9359

=== END DEBUG ===
[SAT] Found 53 vertex collisions and 29 edge collisions
[SAT] Adding collision clauses and solving again...
[SAT] Solving local zone with SAT iteration 2...
[SAT] Local CNF: 217427 clauses 

DEBUG: Adding 82 new clauses to MiniSAT (incremental run)
[SAT] Previous assignment invalidated by new clauses, reset solver and retrying without assumptions...
DEBUG: Adding 217427 new clauses to MiniSAT (incremental run)
[SAT] Local problem appears to be unsatisfiable in current zone
[Waiting_time_Solve] No solution found, trying to apply waiting time:7
[Waiting_time_Solve] INFO: not enough waiting time for agent 4 (needs 7, available: 1)
[Waiting_time_Solve] INFO: not enough waiting time for agent 8 (needs 7, available: 6)
[Waiting_time_Solve] No waiting time applied
[Waiting_time_Solve] No solution found
[Waiting_time_Solve] Restoring original paths
[Waiting_time_Solve] Restoring waiting times
[Current_Solution] Restored waiting times from backup
[Current_Solution] Restored paths from backup
[Solve_local_zone] Zone with expansion factor 3failed
[Solve_local_zone] Expanding zone with offset 7 (original: 1)
[LOCAL ZONE] Found newly touched conflict 37 at position (11,17)
[LOCAL ZONE] Found newly touched conflict 31 at position (12,17)
[LOCAL ZONE] Found newly touched conflict 46 at position (12,17)
[LOCAL ZONE] Found newly touched conflict 7 at position (9,20)
[LOCAL ZONE] Found newly touched conflict 2 at position (18,17)
[LOCAL ZONE] Found newly touched conflict 26 at position (18,17)
[LOCAL ZONE] Found newly touched conflict 5 at position (5,21)
[LOCAL ZONE] Found newly touched conflict 44 at position (5,21)
[LOCAL ZONE] Found newly touched conflict 49 at position (5,21)
[LOCAL ZONE] Found newly touched conflict 47 at position (9,27)
[LOCAL ZONE] Found newly touched conflict 38 at position (16,21)
[LOCAL ZONE] Found newly touched conflict 23 at position (20,20)
[LOCAL ZONE] Found newly touched conflict 41 at position (3,17)
[LOCAL ZONE] Found newly touched conflict 21 at position (6,26)
[LOCAL ZONE] Found newly touched conflict 51 at position (8,27)
[LOCAL ZONE] Found newly touched conflict 39 at position (10,27)
[LOCAL ZONE] Found newly touched conflict 27 at position (11,27)
[LOCAL ZONE] Found newly touched conflict 33 at position (11,27)
[LOCAL ZONE] Found newly touched conflict 34 at position (11,27)
[LOCAL ZONE] Found newly touched conflict 48 at position (11,28)
[LOCAL ZONE] Found newly touched conflict 24 at position (12,27)
[LOCAL ZONE] Found newly touched conflict 32 at position (13,24)
[LOCAL ZONE] Found newly touched conflict 3 at position (14,27)
[LOCAL ZONE] Found newly touched conflict 15 at position (14,27)
[LOCAL ZONE] Found newly touched conflict 35 at position (20,23)
[LOCAL ZONE] Found newly touched conflict 18 at position (22,24)
[LOCAL ZONE] Found newly touched conflict 42 at position (2,12)
[LOCAL ZONE] Found newly touched conflict 50 at position (21,28)
[LOCAL ZONE] Found newly touched conflict 20 at position (5,10)
[Solve_local_zone] Final expanded zone contains 642 positions with 36 conflicts 
[Solve_local_zone] New time window: [6, 30]
[Solve_local_zone] Current local zone size: 642 (62.6953% of all walkable positions)
[Solve_local_zone] Local zone time window: [6, 30]
[Create_Local_problem] Agent 1 returned to the zone 1 times within time window
[Current_Solution] Agent 1 used 6 waiting timesteps, 15 remaining
[Create_Local_problem] Agent 2 returned to the zone 1 times within time window
[Current_Solution] Agent 2 used 14 waiting timesteps, 15 remaining
[Current_Solution] Agent 3 used 1 waiting timesteps, 15 remaining
[Create_Local_problem] Agent 5 returned to the zone 1 times within time window
[Current_Solution] Agent 6 used 22 waiting timesteps, 15 remaining
[Current_Solution] Agent 7 used 1 waiting timesteps, 15 remaining
[Current_Solution] Agent 8 used 11 waiting timesteps, 15 remaining
[Create_Local_problem] Agent 11 returned to the zone 1 times within time window
[Current_Solution] Agent 12 used 15 waiting timesteps, 15 remaining
[Current_Solution] Agent 13 used 19 waiting timesteps, 15 remaining
[Current_Solution] Agent 14 used 20 waiting timesteps, 15 remaining
[Current_Solution] Agent 18 used 12 waiting timesteps, 15 remaining
[Current_Solution] Agent 23 used 13 waiting timesteps, 15 remaining
[Current_Solution] Agent 24 used 8 waiting timesteps, 15 remaining
[Current_Solution] Agent 25 used 18 waiting timesteps, 15 remaining
[Current_Solution] Agent 27 used 20 waiting timesteps, 15 remaining
[Current_Solution] Agent 28 used 24 waiting timesteps, 15 remaining
[Current_Solution] Agent 32 used 8 waiting timesteps, 15 remaining
[Current_Solution] Agent 34 used 5 waiting timesteps, 15 remaining
[Current_Solution] Agent 35 used 19 waiting timesteps, 15 remaining
[Current_Solution] Agent 36 used 5 waiting timesteps, 15 remaining
[Current_Solution] Agent 38 used 17 waiting timesteps, 15 remaining
[Current_Solution] Agent 41 used 16 waiting timesteps, 15 remaining
[Create_Local_problem] Agent 44 returned to the zone 1 times within time window
[Current_Solution] Agent 44 used 2 waiting timesteps, 15 remaining
[Current_Solution] Agent 45 used 6 waiting timesteps, 15 remaining
[Current_Solution] Agent 47 used 2 waiting timesteps, 15 remaining
[Current_Solution] Agent 48 used 12 waiting timesteps, 15 remaining
[Current_Solution] Agent 49 used 18 waiting timesteps, 15 remaining
[Create_Local_problem] Agent 50 returned to the zone 1 times within time window
[Current_Solution] Agent 55 used 10 waiting timesteps, 15 remaining
[Current_Solution] Agent 56 used 22 waiting timesteps, 15 remaining
[Current_Solution] Agent 58 used 19 waiting timesteps, 15 remaining
[Current_Solution] Agent 59 used 12 waiting timesteps, 15 remaining
[Current_Solution] Agent 60 used 19 waiting timesteps, 15 remaining
[Current_Solution] Agent 63 used 11 waiting timesteps, 15 remaining
[Current_Solution] Agent 65 used 7 waiting timesteps, 15 remaining
[Current_Solution] Agent 66 used 6 waiting timesteps, 15 remaining
[Current_Solution] Agent 67 used 11 waiting timesteps, 15 remaining
[Current_Solution] Agent 68 used 7 waiting timesteps, 15 remaining
[Current_Solution] Agent 69 used 10 waiting timesteps, 15 remaining
[Current_Solution] Agent 70 used 15 waiting timesteps, 15 remaining
[Current_Solution] Agent 72 used 14 waiting timesteps, 15 remaining
[Current_Solution] Agent 74 used 14 waiting timesteps, 15 remaining
[Current_Solution] Agent 75 used 7 waiting timesteps, 15 remaining
[Current_Solution] Agent 76 used 13 waiting timesteps, 15 remaining
[Current_Solution] Agent 79 used 7 waiting timesteps, 15 remaining
[Current_Solution] Agent 80 used 22 waiting timesteps, 15 remaining
[Current_Solution] Agent 81 used 10 waiting timesteps, 15 remaining
[Current_Solution] Agent 83 used 17 waiting timesteps, 15 remaining
[Current_Solution] Agent 85 used 20 waiting timesteps, 15 remaining
[Current_Solution] Agent 87 used 14 waiting timesteps, 15 remaining
[Current_Solution] Agent 90 used 14 waiting timesteps, 15 remaining
[Current_Solution] Agent 91 used 8 waiting timesteps, 15 remaining
[Current_Solution] Agent 92 used 9 waiting timesteps, 15 remaining
[Current_Solution] Agent 93 used 8 waiting timesteps, 15 remaining
[Current_Solution] Agent 94 used 20 waiting timesteps, 15 remaining
[Current_Solution] Agent 95 used 19 waiting timesteps, 15 remaining
[Current_Solution] Agent 97 used 9 waiting timesteps, 15 remaining
[Current_Solution] Agent 98 used 21 waiting timesteps, 15 remaining
[Waiting_time_Solve] Agent 0 has waiting time 31
[Waiting_time_Solve] Agent 1 has waiting time 15
[Waiting_time_Solve] Agent 2 has waiting time 15
[Waiting_time_Solve] Agent 3 has waiting time 15
[Waiting_time_Solve] Agent 4 has waiting time 10
[Waiting_time_Solve] Agent 5 has waiting time 10
[Waiting_time_Solve] Agent 6 has waiting time 15
[Waiting_time_Solve] Agent 7 has waiting time 15
[Waiting_time_Solve] Agent 8 has waiting time 15
[Waiting_time_Solve] Agent 9 has waiting time 15
[Waiting_time_Solve] Agent 10 has waiting time 32
[Waiting_time_Solve] Agent 11 has waiting time 12
[Waiting_time_Solve] Agent 12 has waiting time 15
[Waiting_time_Solve] Agent 13 has waiting time 15
[Waiting_time_Solve] Agent 14 has waiting time 15
[Waiting_time_Solve] Agent 15 has waiting time 15
[Waiting_time_Solve] Agent 16 has waiting time 5
[Waiting_time_Solve] Agent 17 has waiting time 5
[Waiting_time_Solve] Agent 18 has waiting time 15
[Waiting_time_Solve] Agent 19 has waiting time 11
[Waiting_time_Solve] Agent 20 has waiting time 8
[Waiting_time_Solve] Agent 21 has waiting time 23
[Waiting_time_Solve] Agent 22 has waiting time 13
[Waiting_time_Solve] Agent 23 has waiting time 15
[Waiting_time_Solve] Agent 24 has waiting time 15
[Waiting_time_Solve] Agent 25 has waiting time 15
[Waiting_time_Solve] Agent 26 has waiting time 15
[Waiting_time_Solve] Agent 27 has waiting time 15
[Waiting_time_Solve] Agent 28 has waiting time 15
[Waiting_time_Solve] Agent 29 has waiting time 27
[Waiting_time_Solve] Agent 30 has waiting time 18
[Waiting_time_Solve] Agent 31 has waiting time 29
[Waiting_time_Solve] Agent 32 has waiting time 15
[Waiting_time_Solve] Agent 33 has waiting time 15
[Waiting_time_Solve] Agent 34 has waiting time 15
[Waiting_time_Solve] Agent 35 has waiting time 15
[Waiting_time_Solve] Agent 36 has waiting time 15
[Waiting_time_Solve] Agent 37 has waiting time 25
[Waiting_time_Solve] Agent 38 has waiting time 15
[Waiting_time_Solve] Agent 39 has waiting time 14
[Waiting_time_Solve] Agent 40 has waiting time 25
[Waiting_time_Solve] Agent 41 has waiting time 15
[Waiting_time_Solve] Agent 42 has waiting time 17
[Waiting_time_Solve] Agent 43 has waiting time 34
[Waiting_time_Solve] Agent 44 has waiting time 15
[Waiting_time_Solve] Agent 45 has waiting time 15
[Waiting_time_Solve] Agent 46 has waiting time 31
[Waiting_time_Solve] Agent 47 has waiting time 15
[Waiting_time_Solve] Agent 48 has waiting time 15
[Waiting_time_Solve] Agent 49 has waiting time 15
[Waiting_time_Solve] Agent 50 has waiting time 9
[Waiting_time_Solve] Agent 51 has waiting time 26
[Waiting_time_Solve] Agent 52 has waiting time 0
[Waiting_time_Solve] Agent 53 has waiting time 24
[Waiting_time_Solve] Agent 54 has waiting time 24
[Waiting_time_Solve] Agent 55 has waiting time 15
[Waiting_time_Solve] Agent 56 has waiting time 15
[Waiting_time_Solve] Agent 57 has waiting time 36
[Waiting_time_Solve] Agent 58 has waiting time 15
[Waiting_time_Solve] Agent 59 has waiting time 15
[Waiting_time_Solve] Agent 60 has waiting time 15
[Waiting_time_Solve] Agent 61 has waiting time 3
[Waiting_time_Solve] Agent 62 has waiting time 17
[Waiting_time_Solve] Agent 63 has waiting time 15
[Waiting_time_Solve] Agent 64 has waiting time 24
[Waiting_time_Solve] Agent 65 has waiting time 15
[Waiting_time_Solve] Agent 66 has waiting time 15
[Waiting_time_Solve] Agent 67 has waiting time 15
[Waiting_time_Solve] Agent 68 has waiting time 15
[Waiting_time_Solve] Agent 69 has waiting time 15
[Waiting_time_Solve] Agent 70 has waiting time 15
[Waiting_time_Solve] Agent 71 has waiting time 19
[Waiting_time_Solve] Agent 72 has waiting time 15
[Waiting_time_Solve] Agent 73 has waiting time 32
[Waiting_time_Solve] Agent 74 has waiting time 15
[Waiting_time_Solve] Agent 75 has waiting time 15
[Waiting_time_Solve] Agent 76 has waiting time 15
[Waiting_time_Solve] Agent 77 has waiting time 13
[Waiting_time_Solve] Agent 78 has waiting time 23
[Waiting_time_Solve] Agent 79 has waiting time 15
[Waiting_time_Solve] Agent 80 has waiting time 15
[Waiting_time_Solve] Agent 81 has waiting time 15
[Waiting_time_Solve] Agent 82 has waiting time 20
[Waiting_time_Solve] Agent 83 has waiting time 15
[Waiting_time_Solve] Agent 84 has waiting time 10
[Waiting_time_Solve] Agent 85 has waiting time 15
[Waiting_time_Solve] Agent 86 has waiting time 30
[Waiting_time_Solve] Agent 87 has waiting time 15
[Waiting_time_Solve] Agent 88 has waiting time 10
[Waiting_time_Solve] Agent 89 has waiting time 7
[Waiting_time_Solve] Agent 90 has waiting time 15
[Waiting_time_Solve] Agent 91 has waiting time 15
[Waiting_time_Solve] Agent 92 has waiting time 15
[Waiting_time_Solve] Agent 93 has waiting time 15
[Waiting_time_Solve] Agent 94 has waiting time 15
[Waiting_time_Solve] Agent 95 has waiting time 15
[Waiting_time_Solve] Agent 96 has waiting time 21
[Waiting_time_Solve] Agent 97 has waiting time 15
[Waiting_time_Solve] Agent 98 has waiting time 15
[Waiting_time_Solve] Agent 99 has waiting time 16
[Waiting_time_Solve] Total available waiting time: 1644
[Waiting_time_Solve] Max iterations: 1644
[Waiting_time_Solve] Iteration 0...
[Waiting_time_Solve] Agent 1 pseudo agents: 100 
[Waiting_time_Solve] Agent 2 pseudo agents: 101 
[Waiting_time_Solve] Agent 5 pseudo agents: 102 
[Waiting_time_Solve] Agent 11 pseudo agents: 103 
[Waiting_time_Solve] Agent 44 pseudo agents: 104 
[Waiting_time_Solve] Agent 50 pseudo agents: 105 
[SAT] Start solving CNF: 4494401 clauses and 82124 variables
[SAT] Agent 99 entry time: 6 exit time: 19
[SAT] Agent 98 entry time: 6 exit time: 30
[SAT] Agent 97 entry time: 6 exit time: 30
[SAT] Agent 95 entry time: 6 exit time: 30
[SAT] Agent 94 entry time: 6 exit time: 30
[SAT] Agent 93 entry time: 6 exit time: 30
[SAT] Agent 92 entry time: 12 exit time: 30
[SAT] Agent 91 entry time: 6 exit time: 30
[SAT] Agent 90 entry time: 6 exit time: 30
[SAT] Agent 89 entry time: 6 exit time: 30
[SAT] Agent 88 entry time: 6 exit time: 30
[SAT] Agent 87 entry time: 6 exit time: 30
[SAT] Agent 85 entry time: 6 exit time: 30
[SAT] Agent 84 entry time: 6 exit time: 30
[SAT] Agent 83 entry time: 6 exit time: 30
[SAT] Agent 82 entry time: 6 exit time: 23
[SAT] Agent 81 entry time: 6 exit time: 30
[SAT] Agent 80 entry time: 6 exit time: 30
[SAT] Agent 79 entry time: 6 exit time: 30
[SAT] Agent 78 entry time: 6 exit time: 8
[SAT] Agent 77 entry time: 6 exit time: 30
[SAT] Agent 76 entry time: 6 exit time: 30
[SAT] Agent 75 entry time: 6 exit time: 30
[SAT] Agent 74 entry time: 6 exit time: 30
[SAT] Agent 72 entry time: 6 exit time: 30
[SAT] Agent 71 entry time: 6 exit time: 14
[SAT] Agent 70 entry time: 6 exit time: 30
[SAT] Agent 69 entry time: 6 exit time: 30
[SAT] Agent 68 entry time: 6 exit time: 30
[SAT] Agent 67 entry time: 6 exit time: 30
[SAT] Agent 66 entry time: 6 exit time: 30
[SAT] Agent 65 entry time: 6 exit time: 30
[SAT] Agent 64 entry time: 6 exit time: 18
[SAT] Agent 63 entry time: 6 exit time: 30
[SAT] Agent 62 entry time: 22 exit time: 22
[SAT] Agent 61 entry time: 6 exit time: 30
[SAT] Agent 60 entry time: 6 exit time: 30
[SAT] Agent 27 entry time: 6 exit time: 30
[SAT] Agent 26 entry time: 6 exit time: 30
[SAT] Agent 25 entry time: 6 exit time: 30
[SAT] Agent 24 entry time: 6 exit time: 30
[SAT] Agent 23 entry time: 6 exit time: 30
[SAT] Agent 22 entry time: 6 exit time: 30
[SAT] Agent 20 entry time: 16 exit time: 30
[SAT] Agent 19 entry time: 6 exit time: 24
[SAT] Agent 18 entry time: 6 exit time: 30
[SAT] Agent 17 entry time: 6 exit time: 23
[SAT] Agent 12 entry time: 6 exit time: 30
[SAT] Agent 16 entry time: 8 exit time: 30
[SAT] Agent 103 entry time: 30 exit time: 30
[SAT] Agent 44 entry time: 7 exit time: 7
[SAT] Agent 1 entry time: 10 exit time: 10
[SAT] Agent 13 entry time: 6 exit time: 30
[SAT] Agent 100 entry time: 12 exit time: 30
[SAT] Agent 41 entry time: 6 exit time: 30
[SAT] Agent 9 entry time: 6 exit time: 23
[SAT] Agent 2 entry time: 13 exit time: 13
[SAT] Agent 14 entry time: 6 exit time: 30
[SAT] Agent 101 entry time: 16 exit time: 30
[SAT] Agent 42 entry time: 6 exit time: 27
[SAT] Agent 3 entry time: 6 exit time: 30
[SAT] Agent 4 entry time: 15 exit time: 30
[SAT] Agent 5 entry time: 6 exit time: 20
[SAT] Agent 15 entry time: 6 exit time: 30
[SAT] Agent 102 entry time: 22 exit time: 22
[SAT] Agent 11 entry time: 6 exit time: 28
[SAT] Agent 6 entry time: 6 exit time: 30
[SAT] Agent 7 entry time: 6 exit time: 30
[SAT] Agent 8 entry time: 6 exit time: 30
[SAT] Agent 28 entry time: 6 exit time: 30
[SAT] Agent 30 entry time: 6 exit time: 14
[SAT] Agent 31 entry time: 6 exit time: 13
[SAT] Agent 32 entry time: 6 exit time: 30
[SAT] Agent 33 entry time: 9 exit time: 30
[SAT] Agent 34 entry time: 6 exit time: 30
[SAT] Agent 35 entry time: 6 exit time: 30
[SAT] Agent 36 entry time: 6 exit time: 30
[SAT] Agent 37 entry time: 6 exit time: 14
[SAT] Agent 38 entry time: 6 exit time: 30
[SAT] Agent 39 entry time: 9 exit time: 30
[SAT] Agent 104 entry time: 9 exit time: 30
[SAT] Agent 45 entry time: 12 exit time: 30
[SAT] Agent 46 entry time: 6 exit time: 11
[SAT] Agent 105 entry time: 18 exit time: 30
[SAT] Agent 47 entry time: 6 exit time: 30
[SAT] Agent 48 entry time: 6 exit time: 30
[SAT] Agent 49 entry time: 6 exit time: 30
[SAT] Agent 50 entry time: 6 exit time: 11
[SAT] Agent 51 entry time: 6 exit time: 18
[SAT] Agent 52 entry time: 6 exit time: 30
[SAT] Agent 53 entry time: 7 exit time: 7
[SAT] Agent 54 entry time: 6 exit time: 13
[SAT] Agent 55 entry time: 17 exit time: 30
[SAT] Agent 56 entry time: 7 exit time: 30
[SAT] Agent 58 entry time: 6 exit time: 30
[SAT] Agent 59 entry time: 13 exit time: 30

[SAT] Start time: 6 End time: 30

[SAT] Solving local zone with SAT iteration 1...
[SAT] Local CNF: 4494401 clauses 

DEBUG: Adding 4494401 new clauses to MiniSAT (incremental run)
DEBUG: Clause load summary: input=4494401, added=4494401, tautologies_skipped=0, duplicates_skipped=0, unit_clauses=302, empties=0, intra_clause_literals_removed=0, added_but_db_unchanged=442
DEBUG: After adding clauses, solver has 4493657 clauses and 82124 variables
DEBUG: MiniSAT found 82124 variables
DEBUG: Assignment size: 82124
DEBUG: First few assignment values: 1 1 1 1 1 1 1 1 1 1 

=== DEBUG: cnf_assignment_to_paths ===
Input assignment size: 82124

=== END DEBUG ===
[SAT] Found 75 vertex collisions and 42 edge collisions
[SAT] Adding collision clauses and solving again...
[SAT] Solving local zone with SAT iteration 2...
[SAT] Local CNF: 4494518 clauses 

DEBUG: Adding 117 new clauses to MiniSAT (incremental run)
[SAT] Previous assignment invalidated by new clauses, reset solver and retrying without assumptions...
DEBUG: Adding 4494518 new clauses to MiniSAT (incremental run)
[SAT] Local problem appears to be unsatisfiable in current zone
[Waiting_time_Solve] No solution found, trying to apply waiting time:1
[Waiting_time_Solve] Applying waiting time 1 to agent 6 who has waiting time 15
[Current_Solution] Agent 6 used 1 waiting timesteps, 14 remaining
[Waiting_time_Solve] New path is consistent after applying waiting time for agent 6
[Current_Solution] Agent 6 used 1 waiting timesteps, 13 remaining
[Waiting_time_Solve] Applied 1 waiting time  for agent 6 who has waiting time 13
[Waiting_time_Solve] Applying waiting time 1 to agent 8 who has waiting time 15
[Current_Solution] Agent 8 used 1 waiting timesteps, 14 remaining
[Waiting_time_Solve] New path is consistent after applying waiting time for agent 8
[Current_Solution] Agent 8 used 1 waiting timesteps, 13 remaining
[Waiting_time_Solve] Applied 1 waiting time  for agent 8 who has waiting time 13
[Waiting_time_Solve] Applying waiting time 1 to agent 12 who has waiting time 15
[Current_Solution] Agent 12 used 1 waiting timesteps, 14 remaining
[Waiting_time_Solve] New path is consistent after applying waiting time for agent 12
[Current_Solution] Agent 12 used 1 waiting timesteps, 13 remaining
[Waiting_time_Solve] Applied 1 waiting time  for agent 12 who has waiting time 13
[Waiting_time_Solve] Applying waiting time 1 to agent 13 who has waiting time 15
[Current_Solution] Agent 13 used 1 waiting timesteps, 14 remaining
[Waiting_time_Solve] New path is consistent after applying waiting time for agent 13
[Current_Solution] Agent 13 used 1 waiting timesteps, 13 remaining
[Waiting_time_Solve] Applied 1 waiting time  for agent 13 who has waiting time 13
[Waiting_time_Solve] Applying waiting time 1 to agent 14 who has waiting time 15
[Current_Solution] Agent 14 used 1 waiting timesteps, 14 remaining
[Waiting_time_Solve] New path is consistent after applying waiting time for agent 14
[Current_Solution] Agent 14 used 1 waiting timesteps, 13 remaining
[Waiting_time_Solve] Applied 1 waiting time  for agent 14 who has waiting time 13
[Waiting_time_Solve] Applying waiting time 1 to agent 42 who has waiting time 17
[Waiting_time_Solve] New path is consistent after applying waiting time for agent 42
[Current_Solution] Agent 42 used 1 waiting timesteps, 16 remaining
[Waiting_time_Solve] Applied 1 waiting time  for agent 42 who has waiting time 16
[Waiting_time_Solve] Applying waiting time 1 to agent 81 who has waiting time 15
[Current_Solution] Agent 81 used 1 waiting timesteps, 14 remaining
[Waiting_time_Solve] New path is consistent after applying waiting time for agent 81
[Current_Solution] Agent 81 used 1 waiting timesteps, 13 remaining
[Waiting_time_Solve] Applied 1 waiting time  for agent 81 who has waiting time 13
[Waiting_time_Solve] Applying waiting time 1 to agent 83 who has waiting time 15
[Current_Solution] Agent 83 used 1 waiting timesteps, 14 remaining
[Waiting_time_Solve] New path is consistent after applying waiting time for agent 83
[Current_Solution] Agent 83 used 1 waiting timesteps, 13 remaining
[Waiting_time_Solve] Applied 1 waiting time  for agent 83 who has waiting time 13
[Waiting_time_Solve] Applying waiting time 1 to agent 25 who has waiting time 15
[Current_Solution] Agent 25 used 1 waiting timesteps, 14 remaining
[Waiting_time_Solve] New path is consistent after applying waiting time for agent 25
[Current_Solution] Agent 25 used 1 waiting timesteps, 13 remaining
[Waiting_time_Solve] Applied 1 waiting time  for agent 25 who has waiting time 13
[Waiting_time_Solve] Applying waiting time 1 to agent 26 who has waiting time 15
[Current_Solution] Agent 26 used 1 waiting timesteps, 14 remaining
[Waiting_time_Solve] New path is consistent after applying waiting time for agent 26
[Current_Solution] Agent 26 used 1 waiting timesteps, 13 remaining
[Waiting_time_Solve] Applied 1 waiting time  for agent 26 who has waiting time 13
[Waiting_time_Solve] Applying waiting time 1 to agent 31 who has waiting time 29
[Waiting_time_Solve] New path is consistent after applying waiting time for agent 31
[Current_Solution] Agent 31 used 1 waiting timesteps, 28 remaining
[Waiting_time_Solve] Applied 1 waiting time  for agent 31 who has waiting time 28
[Waiting_time_Solve] Applying waiting time 1 to agent 32 who has waiting time 15
[Current_Solution] Agent 32 used 1 waiting timesteps, 14 remaining
[Waiting_time_Solve] New path is consistent after applying waiting time for agent 32
[Current_Solution] Agent 32 used 1 waiting timesteps, 13 remaining
[Waiting_time_Solve] Applied 1 waiting time  for agent 32 who has waiting time 13
[Waiting_time_Solve] Applying waiting time 1 to agent 33 who has waiting time 15
[Current_Solution] Agent 33 used 1 waiting timesteps, 14 remaining
[Waiting_time_Solve] New path is consistent after applying waiting time for agent 33
[Current_Solution] Agent 33 used 1 waiting timesteps, 13 remaining
[Waiting_time_Solve] Applied 1 waiting time  for agent 33 who has waiting time 13
[Waiting_time_Solve] Applying waiting time 1 to agent 35 who has waiting time 15
[Current_Solution] Agent 35 used 1 waiting timesteps, 14 remaining
[Waiting_time_Solve] New path is consistent after applying waiting time for agent 35
[Current_Solution] Agent 35 used 1 waiting timesteps, 13 remaining
[Waiting_time_Solve] Applied 1 waiting time  for agent 35 who has waiting time 13
[Waiting_time_Solve] Applying waiting time 1 to agent 41 who has waiting time 15
[Current_Solution] Agent 41 used 1 waiting timesteps, 14 remaining
[Waiting_time_Solve] New path is consistent after applying waiting time for agent 41
[Current_Solution] Agent 41 used 1 waiting timesteps, 13 remaining
[Waiting_time_Solve] Applied 1 waiting time  for agent 41 who has waiting time 13
[Waiting_time_Solve] Applying waiting time 1 to agent 45 who has waiting time 15
[Current_Solution] Agent 45 used 1 waiting timesteps, 14 remaining
[Waiting_time_Solve] New path is consistent after applying waiting time for agent 45
[Current_Solution] Agent 45 used 1 waiting timesteps, 13 remaining
[Waiting_time_Solve] Applied 1 waiting time  for agent 45 who has waiting time 13
[Waiting_time_Solve] Applying waiting time 1 to agent 46 who has waiting time 31
[Waiting_time_Solve] New path is consistent after applying waiting time for agent 46
[Current_Solution] Agent 46 used 1 waiting timesteps, 30 remaining
[Waiting_time_Solve] Applied 1 waiting time  for agent 46 who has waiting time 30
[Waiting_time_Solve] Applying waiting time 1 to agent 48 who has waiting time 15
[Current_Solution] Agent 48 used 1 waiting timesteps, 14 remaining
[Waiting_time_Solve] New path is consistent after applying waiting time for agent 48
[Current_Solution] Agent 48 used 1 waiting timesteps, 13 remaining
[Waiting_time_Solve] Applied 1 waiting time  for agent 48 who has waiting time 13
[Waiting_time_Solve] Applying waiting time 1 to agent 49 who has waiting time 15
[Current_Solution] Agent 49 used 1 waiting timesteps, 14 remaining
[Waiting_time_Solve] New path is consistent after applying waiting time for agent 49
[Current_Solution] Agent 49 used 1 waiting timesteps, 13 remaining
[Waiting_time_Solve] Applied 1 waiting time  for agent 49 who has waiting time 13
[Waiting_time_Solve] Applying waiting time 1 to agent 22 who has waiting time 13
[Waiting_time_Solve] New path is consistent after applying waiting time for agent 22
[Current_Solution] Agent 22 used 1 waiting timesteps, 12 remaining
[Waiting_time_Solve] Applied 1 waiting time  for agent 22 who has waiting time 12
[Waiting_time_Solve] Applying waiting time 1 to agent 74 who has waiting time 15
[Current_Solution] Agent 74 used 1 waiting timesteps, 14 remaining
[Waiting_time_Solve] New path is consistent after applying waiting time for agent 74
[Current_Solution] Agent 74 used 1 waiting timesteps, 13 remaining
[Waiting_time_Solve] Applied 1 waiting time  for agent 74 who has waiting time 13
[Waiting_time_Solve] Applying waiting time 1 to agent 56 who has waiting time 15
[Current_Solution] Agent 56 used 1 waiting timesteps, 14 remaining
[Waiting_time_Solve] New path is consistent after applying waiting time for agent 56
[Current_Solution] Agent 56 used 1 waiting timesteps, 13 remaining
[Waiting_time_Solve] Applied 1 waiting time  for agent 56 who has waiting time 13
[Waiting_time_Solve] Applying waiting time 1 to agent 59 who has waiting time 15
[Current_Solution] Agent 59 used 1 waiting timesteps, 14 remaining
[Waiting_time_Solve] New path is consistent after applying waiting time for agent 59
[Current_Solution] Agent 59 used 1 waiting timesteps, 13 remaining
[Waiting_time_Solve] Applied 1 waiting time  for agent 59 who has waiting time 13
[Waiting_time_Solve] Applying waiting time 1 to agent 63 who has waiting time 15
[Current_Solution] Agent 63 used 1 waiting timesteps, 14 remaining
[Waiting_time_Solve] New path is consistent after applying waiting time for agent 63
[Current_Solution] Agent 63 used 1 waiting timesteps, 13 remaining
[Waiting_time_Solve] Applied 1 waiting time  for agent 63 who has waiting time 13
[Waiting_time_Solve] Applying waiting time 1 to agent 66 who has waiting time 15
[Current_Solution] Agent 66 used 1 waiting timesteps, 14 remaining
[Waiting_time_Solve] New path is consistent after applying waiting time for agent 66
[Current_Solution] Agent 66 used 1 waiting timesteps, 13 remaining
[Waiting_time_Solve] Applied 1 waiting time  for agent 66 who has waiting time 13
[Waiting_time_Solve] Applying waiting time 1 to agent 67 who has waiting time 15
[Current_Solution] Agent 67 used 1 waiting timesteps, 14 remaining
[Waiting_time_Solve] New path is consistent after applying waiting time for agent 67
[Current_Solution] Agent 67 used 1 waiting timesteps, 13 remaining
[Waiting_time_Solve] Applied 1 waiting time  for agent 67 who has waiting time 13
[Waiting_time_Solve] Applying waiting time 1 to agent 68 who has waiting time 15
[Current_Solution] Agent 68 used 1 waiting timesteps, 14 remaining
[Waiting_time_Solve] New path is consistent after applying waiting time for agent 68
[Current_Solution] Agent 68 used 1 waiting timesteps, 13 remaining
[Waiting_time_Solve] Applied 1 waiting time  for agent 68 who has waiting time 13
[Waiting_time_Solve] Applying waiting time 1 to agent 75 who has waiting time 15
[Current_Solution] Agent 75 used 1 waiting timesteps, 14 remaining
[Waiting_time_Solve] New path is consistent after applying waiting time for agent 75
[Current_Solution] Agent 75 used 1 waiting timesteps, 13 remaining
[Waiting_time_Solve] Applied 1 waiting time  for agent 75 who has waiting time 13
[Waiting_time_Solve] Applying waiting time 1 to agent 76 who has waiting time 15
[Current_Solution] Agent 76 used 1 waiting timesteps, 14 remaining
[Waiting_time_Solve] New path is consistent after applying waiting time for agent 76
[Current_Solution] Agent 76 used 1 waiting timesteps, 13 remaining
[Waiting_time_Solve] Applied 1 waiting time  for agent 76 who has waiting time 13
[Waiting_time_Solve] Applying waiting time 1 to agent 94 who has waiting time 15
[Current_Solution] Agent 94 used 1 waiting timesteps, 14 remaining
[Waiting_time_Solve] New path is consistent after applying waiting time for agent 94
[Current_Solution] Agent 94 used 1 waiting timesteps, 13 remaining
[Waiting_time_Solve] Applied 1 waiting time  for agent 94 who has waiting time 13
[Waiting_time_Solve] Applying waiting time 1 to agent 92 who has waiting time 15
[Current_Solution] Agent 92 used 1 waiting timesteps, 14 remaining
[Waiting_time_Solve] New path is consistent after applying waiting time for agent 92
[Current_Solution] Agent 92 used 1 waiting timesteps, 13 remaining
[Waiting_time_Solve] Applied 1 waiting time  for agent 92 who has waiting time 13
[Waiting_time_Solve] Applying waiting time 1 to agent 95 who has waiting time 15
[Current_Solution] Agent 95 used 1 waiting timesteps, 14 remaining
[Waiting_time_Solve] New path is consistent after applying waiting time for agent 95
[Current_Solution] Agent 95 used 1 waiting timesteps, 13 remaining
[Waiting_time_Solve] Applied 1 waiting time  for agent 95 who has waiting time 13
[Waiting_time_Solve] Applying waiting time 1 to agent 98 who has waiting time 15
[Current_Solution] Agent 98 used 1 waiting timesteps, 14 remaining
[Waiting_time_Solve] New path is consistent after applying waiting time for agent 98
[Current_Solution] Agent 98 used 1 waiting timesteps, 13 remaining
[Waiting_time_Solve] Applied 1 waiting time  for agent 98 who has waiting time 13
[Waiting_time_Solve] Applying waiting time 1 to agent 1 who has waiting time 15
[Current_Solution] Agent 1 used 1 waiting timesteps, 14 remaining
[Waiting_time_Solve] New path is consistent after applying waiting time for agent 1
[Current_Solution] Agent 1 used 1 waiting timesteps, 13 remaining
[Waiting_time_Solve] Applied 1 waiting time  for agent 1 who has waiting time 13
[Waiting_time_Solve] Applying waiting time 1 to agent 44 who has waiting time 15
[Current_Solution] Agent 44 used 1 waiting timesteps, 14 remaining
[Waiting_time_Solve] New path is consistent after applying waiting time for agent 44
[Current_Solution] Agent 44 used 1 waiting timesteps, 13 remaining
[Waiting_time_Solve] Applied 1 waiting time  for agent 44 who has waiting time 13
[Waiting_time_Solve] Applying waiting time 1 to agent 18 who has waiting time 15
[Current_Solution] Agent 18 used 1 waiting timesteps, 14 remaining
[Waiting_time_Solve] New path is consistent after applying waiting time for agent 18
[Current_Solution] Agent 18 used 1 waiting timesteps, 13 remaining
[Waiting_time_Solve] Applied 1 waiting time  for agent 18 who has waiting time 13
[Waiting_time_Solve] Applying waiting time 1 to agent 77 who has waiting time 13
[Waiting_time_Solve] New path is consistent after applying waiting time for agent 77
[Current_Solution] Agent 77 used 1 waiting timesteps, 12 remaining
[Waiting_time_Solve] Applied 1 waiting time  for agent 77 who has waiting time 12
[Waiting_time_Solve] Applying waiting time 1 to agent 39 who has waiting time 14
[Waiting_time_Solve] New path is consistent after applying waiting time for agent 39
[Current_Solution] Agent 39 used 1 waiting timesteps, 13 remaining
[Waiting_time_Solve] Applied 1 waiting time  for agent 39 who has waiting time 13
[Waiting_time_Solve] Applying waiting time 1 to agent 60 who has waiting time 15
[Current_Solution] Agent 60 used 1 waiting timesteps, 14 remaining
[Waiting_time_Solve] New path is consistent after applying waiting time for agent 60
[Current_Solution] Agent 60 used 1 waiting timesteps, 13 remaining
[Waiting_time_Solve] Applied 1 waiting time  for agent 60 who has waiting time 13
[Waiting_time_Solve] Applying waiting time 1 to agent 65 who has waiting time 15
[Current_Solution] Agent 65 used 1 waiting timesteps, 14 remaining
[Waiting_time_Solve] New path is consistent after applying waiting time for agent 65
[Current_Solution] Agent 65 used 1 waiting timesteps, 13 remaining
[Waiting_time_Solve] Applied 1 waiting time  for agent 65 who has waiting time 13
[Waiting_time_Solve] Applying waiting time 1 to agent 69 who has waiting time 15
[Current_Solution] Agent 69 used 1 waiting timesteps, 14 remaining
[Waiting_time_Solve] New path is consistent after applying waiting time for agent 69
[Current_Solution] Agent 69 used 1 waiting timesteps, 13 remaining
[Waiting_time_Solve] Applied 1 waiting time  for agent 69 who has waiting time 13
[Waiting_time_Solve] Applying waiting time 1 to agent 85 who has waiting time 15
[Current_Solution] Agent 85 used 1 waiting timesteps, 14 remaining
[Waiting_time_Solve] New path is consistent after applying waiting time for agent 85
[Current_Solution] Agent 85 used 1 waiting timesteps, 13 remaining
[Waiting_time_Solve] Applied 1 waiting time  for agent 85 who has waiting time 13
[Waiting_time_Solve] Applying waiting time 1 to agent 87 who has waiting time 15
[Current_Solution] Agent 87 used 1 waiting timesteps, 14 remaining
[Waiting_time_Solve] New path is consistent after applying waiting time for agent 87
[Current_Solution] Agent 87 used 1 waiting timesteps, 13 remaining
[Waiting_time_Solve] Applied 1 waiting time  for agent 87 who has waiting time 13
[Waiting_time_Solve] Applying waiting time 1 to agent 70 who has waiting time 15
[Current_Solution] Agent 70 used 1 waiting timesteps, 14 remaining
[Waiting_time_Solve] New path is consistent after applying waiting time for agent 70
[Current_Solution] Agent 70 used 1 waiting timesteps, 13 remaining
[Waiting_time_Solve] Applied 1 waiting time  for agent 70 who has waiting time 13
[Waiting_time_Solve] Applying waiting time 1 to agent 90 who has waiting time 15
[Current_Solution] Agent 90 used 1 waiting timesteps, 14 remaining
[Waiting_time_Solve] New path is consistent after applying waiting time for agent 90
[Current_Solution] Agent 90 used 1 waiting timesteps, 13 remaining
[Waiting_time_Solve] Applied 1 waiting time  for agent 90 who has waiting time 13
[Waiting_time_Solve] Applying waiting time 1 to agent 97 who has waiting time 15
[Current_Solution] Agent 97 used 1 waiting timesteps, 14 remaining
[Waiting_time_Solve] New path is consistent after applying waiting time for agent 97
[Current_Solution] Agent 97 used 1 waiting timesteps, 13 remaining
[Waiting_time_Solve] Applied 1 waiting time  for agent 97 who has waiting time 13
[Waiting_time_Solve] ALL Waiting time applied
[Waiting_time_Solve] Extended Zone end time from 30 to 31
[Current_Solution] Agent 2 used 1 waiting timesteps, 14 remaining
[Current_Solution] Agent 3 used 1 waiting timesteps, 14 remaining
[Current_Solution] Agent 7 used 1 waiting timesteps, 14 remaining
[Current_Solution] Agent 15 used 1 waiting timesteps, 14 remaining
[Current_Solution] Agent 23 used 1 waiting timesteps, 14 remaining
[Current_Solution] Agent 24 used 1 waiting timesteps, 14 remaining
[Current_Solution] Agent 27 used 1 waiting timesteps, 14 remaining
[Current_Solution] Agent 28 used 1 waiting timesteps, 14 remaining
[Current_Solution] Agent 34 used 1 waiting timesteps, 14 remaining
[Current_Solution] Agent 36 used 1 waiting timesteps, 14 remaining
[Current_Solution] Agent 38 used 1 waiting timesteps, 14 remaining
[Current_Solution] Agent 47 used 1 waiting timesteps, 14 remaining
[Current_Solution] Agent 55 used 1 waiting timesteps, 14 remaining
[Current_Solution] Agent 58 used 1 waiting timesteps, 14 remaining
[Current_Solution] Agent 72 used 1 waiting timesteps, 14 remaining
[Current_Solution] Agent 79 used 1 waiting timesteps, 14 remaining
[Current_Solution] Agent 80 used 1 waiting timesteps, 14 remaining
[Current_Solution] Agent 91 used 1 waiting timesteps, 14 remaining
[Current_Solution] Agent 93 used 1 waiting timesteps, 14 remaining
[Waiting_time_Solve] Iteration 1...
[Waiting_time_Solve] Agent 1 pseudo agents: 100 
[Waiting_time_Solve] Agent 2 pseudo agents: 101 
[Waiting_time_Solve] Agent 5 pseudo agents: 102 
[Waiting_time_Solve] Agent 11 pseudo agents: 103 
[Waiting_time_Solve] Agent 44 pseudo agents: 104 
[Waiting_time_Solve] Agent 50 pseudo agents: 105 
[SAT] Start solving CNF: 5538160 clauses and 94538 variables
[SAT] Agent 99 entry time: 6 exit time: 19
[SAT] Agent 98 entry time: 6 exit time: 31
[SAT] Agent 97 entry time: 6 exit time: 31
[SAT] Agent 95 entry time: 6 exit time: 31
[SAT] Agent 94 entry time: 6 exit time: 31
[SAT] Agent 93 entry time: 6 exit time: 31
[SAT] Agent 92 entry time: 12 exit time: 31
[SAT] Agent 91 entry time: 6 exit time: 31
[SAT] Agent 90 entry time: 6 exit time: 31
[SAT] Agent 89 entry time: 6 exit time: 31
[SAT] Agent 88 entry time: 6 exit time: 31
[SAT] Agent 87 entry time: 6 exit time: 31
[SAT] Agent 85 entry time: 6 exit time: 31
[SAT] Agent 84 entry time: 6 exit time: 31
[SAT] Agent 83 entry time: 6 exit time: 31
[SAT] Agent 82 entry time: 6 exit time: 23
[SAT] Agent 81 entry time: 6 exit time: 31
[SAT] Agent 80 entry time: 6 exit time: 31
[SAT] Agent 79 entry time: 6 exit time: 31
[SAT] Agent 78 entry time: 6 exit time: 8
[SAT] Agent 77 entry time: 6 exit time: 31
[SAT] Agent 76 entry time: 6 exit time: 31
[SAT] Agent 75 entry time: 6 exit time: 31
[SAT] Agent 74 entry time: 6 exit time: 31
[SAT] Agent 72 entry time: 6 exit time: 31
[SAT] Agent 71 entry time: 6 exit time: 14
[SAT] Agent 70 entry time: 6 exit time: 31
[SAT] Agent 69 entry time: 6 exit time: 31
[SAT] Agent 68 entry time: 6 exit time: 31
[SAT] Agent 67 entry time: 6 exit time: 31
[SAT] Agent 66 entry time: 6 exit time: 31
[SAT] Agent 65 entry time: 6 exit time: 31
[SAT] Agent 64 entry time: 6 exit time: 18
[SAT] Agent 63 entry time: 6 exit time: 31
[SAT] Agent 62 entry time: 22 exit time: 22
[SAT] Agent 61 entry time: 6 exit time: 31
[SAT] Agent 60 entry time: 6 exit time: 31
[SAT] Agent 27 entry time: 6 exit time: 31
[SAT] Agent 26 entry time: 6 exit time: 31
[SAT] Agent 25 entry time: 6 exit time: 31
[SAT] Agent 24 entry time: 6 exit time: 31
[SAT] Agent 23 entry time: 6 exit time: 31
[SAT] Agent 22 entry time: 6 exit time: 31
[SAT] Agent 20 entry time: 16 exit time: 31
[SAT] Agent 19 entry time: 6 exit time: 24
[SAT] Agent 18 entry time: 6 exit time: 31
[SAT] Agent 17 entry time: 6 exit time: 23
[SAT] Agent 12 entry time: 6 exit time: 31
[SAT] Agent 16 entry time: 8 exit time: 31
[SAT] Agent 103 entry time: 30 exit time: 31
[SAT] Agent 44 entry time: 7 exit time: 7
[SAT] Agent 1 entry time: 10 exit time: 10
[SAT] Agent 13 entry time: 6 exit time: 31
[SAT] Agent 100 entry time: 12 exit time: 31
[SAT] Agent 41 entry time: 6 exit time: 31
[SAT] Agent 9 entry time: 6 exit time: 23
[SAT] Agent 2 entry time: 13 exit time: 13
[SAT] Agent 14 entry time: 6 exit time: 31
[SAT] Agent 101 entry time: 16 exit time: 31
[SAT] Agent 42 entry time: 6 exit time: 28
[SAT] Agent 3 entry time: 6 exit time: 31
[SAT] Agent 4 entry time: 15 exit time: 31
[SAT] Agent 5 entry time: 6 exit time: 20
[SAT] Agent 15 entry time: 6 exit time: 31
[SAT] Agent 102 entry time: 22 exit time: 22
[SAT] Agent 11 entry time: 6 exit time: 28
[SAT] Agent 6 entry time: 6 exit time: 31
[SAT] Agent 7 entry time: 6 exit time: 31
[SAT] Agent 8 entry time: 6 exit time: 31
[SAT] Agent 28 entry time: 6 exit time: 31
[SAT] Agent 30 entry time: 6 exit time: 14
[SAT] Agent 31 entry time: 6 exit time: 14
[SAT] Agent 32 entry time: 6 exit time: 31
[SAT] Agent 33 entry time: 9 exit time: 31
[SAT] Agent 34 entry time: 6 exit time: 31
[SAT] Agent 35 entry time: 6 exit time: 31
[SAT] Agent 36 entry time: 6 exit time: 31
[SAT] Agent 37 entry time: 6 exit time: 14
[SAT] Agent 38 entry time: 6 exit time: 31
[SAT] Agent 39 entry time: 9 exit time: 31
[SAT] Agent 104 entry time: 9 exit time: 31
[SAT] Agent 45 entry time: 12 exit time: 31
[SAT] Agent 46 entry time: 6 exit time: 12
[SAT] Agent 105 entry time: 18 exit time: 31
[SAT] Agent 47 entry time: 6 exit time: 31
[SAT] Agent 48 entry time: 6 exit time: 31
[SAT] Agent 49 entry time: 6 exit time: 31
[SAT] Agent 50 entry time: 6 exit time: 11
[SAT] Agent 51 entry time: 6 exit time: 18
[SAT] Agent 52 entry time: 6 exit time: 31
[SAT] Agent 53 entry time: 7 exit time: 7
[SAT] Agent 54 entry time: 6 exit time: 13
[SAT] Agent 55 entry time: 17 exit time: 31
[SAT] Agent 56 entry time: 7 exit time: 31
[SAT] Agent 58 entry time: 6 exit time: 31
[SAT] Agent 59 entry time: 13 exit time: 31

[SAT] Start time: 6 End time: 31

[SAT] Solving local zone with SAT iteration 1...
[SAT] Local CNF: 5538277 clauses 

DEBUG: Adding 5538277 new clauses to MiniSAT (incremental run)
DEBUG: Clause load summary: input=5538277, added=5538277, tautologies_skipped=0, duplicates_skipped=0, unit_clauses=252, empties=0, intra_clause_literals_removed=0, added_but_db_unchanged=406
DEBUG: After adding clauses, solver has 5537619 clauses and 94538 variables
DEBUG: MiniSAT found 94538 variables
DEBUG: Assignment size: 94538
DEBUG: First few assignment values: 1 1 1 1 1 1 1 1 1 1 

=== DEBUG: cnf_assignment_to_paths ===
Input assignment size: 94538

=== END DEBUG ===
[SAT] Found 71 vertex collisions and 38 edge collisions
[SAT] Adding collision clauses and solving again...
[SAT] Solving local zone with SAT iteration 2...
[SAT] Local CNF: 5538386 clauses 

DEBUG: Adding 109 new clauses to MiniSAT (incremental run)
[SAT] Previous assignment invalidated by new clauses, reset solver and retrying without assumptions...
DEBUG: Adding 5538386 new clauses to MiniSAT (incremental run)
[SAT] Local problem appears to be unsatisfiable in current zone
[Waiting_time_Solve] No solution found, trying to apply waiting time:2
[Waiting_time_Solve] Applying waiting time 2 to agent 3 who has waiting time 14
[Current_Solution] Agent 3 used 2 waiting timesteps, 12 remaining
[Waiting_time_Solve] New path is consistent after applying waiting time for agent 3
[Current_Solution] Agent 3 used 2 waiting timesteps, 10 remaining
[Waiting_time_Solve] Applied 2 waiting time  for agent 3 who has waiting time 10
[Waiting_time_Solve] Applying waiting time 2 to agent 83 who has waiting time 13
[Current_Solution] Agent 83 used 1 waiting timesteps, 12 remaining
[Waiting_time_Solve] New path is consistent after applying waiting time for agent 83
[Current_Solution] Agent 83 used 2 waiting timesteps, 10 remaining
[Waiting_time_Solve] Applied 2 waiting time  for agent 83 who has waiting time 10
[Waiting_time_Solve] Applying waiting time 2 to agent 15 who has waiting time 14
[Current_Solution] Agent 15 used 2 waiting timesteps, 12 remaining
[Waiting_time_Solve] New path is consistent after applying waiting time for agent 15
[Current_Solution] Agent 15 used 2 waiting timesteps, 10 remaining
[Waiting_time_Solve] Applied 2 waiting time  for agent 15 who has waiting time 10
[Waiting_time_Solve] Applying waiting time 2 to agent 42 who has waiting time 16
[Waiting_time_Solve] New path is consistent after applying waiting time for agent 42
[Current_Solution] Agent 42 used 2 waiting timesteps, 14 remaining
[Waiting_time_Solve] Applied 2 waiting time  for agent 42 who has waiting time 14
[Waiting_time_Solve] Applying waiting time 2 to agent 12 who has waiting time 13
[Current_Solution] Agent 12 used 1 waiting timesteps, 12 remaining
[Waiting_time_Solve] New path is consistent after applying waiting time for agent 12
[Current_Solution] Agent 12 used 2 waiting timesteps, 10 remaining
[Waiting_time_Solve] Applied 2 waiting time  for agent 12 who has waiting time 10
[Waiting_time_Solve] Applying waiting time 2 to agent 24 who has waiting time 14
[Current_Solution] Agent 24 used 2 waiting timesteps, 12 remaining
[Waiting_time_Solve] New path is consistent after applying waiting time for agent 24
[Current_Solution] Agent 24 used 2 waiting timesteps, 10 remaining
[Waiting_time_Solve] Applied 2 waiting time  for agent 24 who has waiting time 10
[Waiting_time_Solve] Applying waiting time 2 to agent 93 who has waiting time 14
[Current_Solution] Agent 93 used 2 waiting timesteps, 12 remaining
[Waiting_time_Solve] New path is consistent after applying waiting time for agent 93
[Current_Solution] Agent 93 used 2 waiting timesteps, 10 remaining
[Waiting_time_Solve] Applied 2 waiting time  for agent 93 who has waiting time 10
[Waiting_time_Solve] Applying waiting time 2 to agent 14 who has waiting time 13
[Current_Solution] Agent 14 used 1 waiting timesteps, 12 remaining
[Waiting_time_Solve] New path is consistent after applying waiting time for agent 14
[Current_Solution] Agent 14 used 2 waiting timesteps, 10 remaining
[Waiting_time_Solve] Applied 2 waiting time  for agent 14 who has waiting time 10
[Waiting_time_Solve] Applying waiting time 2 to agent 18 who has waiting time 13
[Current_Solution] Agent 18 used 1 waiting timesteps, 12 remaining
[Waiting_time_Solve] New path is consistent after applying waiting time for agent 18
[Current_Solution] Agent 18 used 2 waiting timesteps, 10 remaining
[Waiting_time_Solve] Applied 2 waiting time  for agent 18 who has waiting time 10
[Waiting_time_Solve] Applying waiting time 2 to agent 34 who has waiting time 14
[Current_Solution] Agent 34 used 2 waiting timesteps, 12 remaining
[Waiting_time_Solve] New path is consistent after applying waiting time for agent 34
[Current_Solution] Agent 34 used 2 waiting timesteps, 10 remaining
[Waiting_time_Solve] Applied 2 waiting time  for agent 34 who has waiting time 10
[Waiting_time_Solve] Applying waiting time 2 to agent 7 who has waiting time 14
[Current_Solution] Agent 7 used 2 waiting timesteps, 12 remaining
[Waiting_time_Solve] New path is consistent after applying waiting time for agent 7
[Current_Solution] Agent 7 used 2 waiting timesteps, 10 remaining
[Waiting_time_Solve] Applied 2 waiting time  for agent 7 who has waiting time 10
[Waiting_time_Solve] Applying waiting time 2 to agent 38 who has waiting time 14
[Current_Solution] Agent 38 used 2 waiting timesteps, 12 remaining
[Waiting_time_Solve] New path is consistent after applying waiting time for agent 38
[Current_Solution] Agent 38 used 2 waiting timesteps, 10 remaining
[Waiting_time_Solve] Applied 2 waiting time  for agent 38 who has waiting time 10
[Waiting_time_Solve] Applying waiting time 2 to agent 41 who has waiting time 13
[Current_Solution] Agent 41 used 1 waiting timesteps, 12 remaining
[Waiting_time_Solve] New path is consistent after applying waiting time for agent 41
[Current_Solution] Agent 41 used 2 waiting timesteps, 10 remaining
[Waiting_time_Solve] Applied 2 waiting time  for agent 41 who has waiting time 10
[Waiting_time_Solve] Applying waiting time 2 to agent 45 who has waiting time 13
[Current_Solution] Agent 45 used 1 waiting timesteps, 12 remaining
[Waiting_time_Solve] New path is consistent after applying waiting time for agent 45
[Current_Solution] Agent 45 used 2 waiting timesteps, 10 remaining
[Waiting_time_Solve] Applied 2 waiting time  for agent 45 who has waiting time 10
[Waiting_time_Solve] Applying waiting time 2 to agent 79 who has waiting time 14
[Current_Solution] Agent 79 used 2 waiting timesteps, 12 remaining
[Waiting_time_Solve] New path is consistent after applying waiting time for agent 79
[Current_Solution] Agent 79 used 2 waiting timesteps, 10 remaining
[Waiting_time_Solve] Applied 2 waiting time  for agent 79 who has waiting time 10
[Waiting_time_Solve] Applying waiting time 2 to agent 6 who has waiting time 13
[Current_Solution] Agent 6 used 1 waiting timesteps, 12 remaining
[Waiting_time_Solve] New path is consistent after applying waiting time for agent 6
[Current_Solution] Agent 6 used 2 waiting timesteps, 10 remaining
[Waiting_time_Solve] Applied 2 waiting time  for agent 6 who has waiting time 10
[Waiting_time_Solve] Applying waiting time 2 to agent 59 who has waiting time 13
[Current_Solution] Agent 59 used 1 waiting timesteps, 12 remaining
[Waiting_time_Solve] New path is consistent after applying waiting time for agent 59
[Current_Solution] Agent 59 used 2 waiting timesteps, 10 remaining
[Waiting_time_Solve] Applied 2 waiting time  for agent 59 who has waiting time 10
[Waiting_time_Solve] Applying waiting time 2 to agent 65 who has waiting time 13
[Current_Solution] Agent 65 used 1 waiting timesteps, 12 remaining
[Waiting_time_Solve] New path is consistent after applying waiting time for agent 65
[Current_Solution] Agent 65 used 2 waiting timesteps, 10 remaining
[Waiting_time_Solve] Applied 2 waiting time  for agent 65 who has waiting time 10
[Waiting_time_Solve] Applying waiting time 2 to agent 74 who has waiting time 13
[Current_Solution] Agent 74 used 1 waiting timesteps, 12 remaining
[Waiting_time_Solve] New path is consistent after applying waiting time for agent 74
[Current_Solution] Agent 74 used 2 waiting timesteps, 10 remaining
[Waiting_time_Solve] Applied 2 waiting time  for agent 74 who has waiting time 10
[Waiting_time_Solve] Applying waiting time 2 to agent 64 who has waiting time 24
[Waiting_time_Solve] New path is consistent after applying waiting time for agent 64
[Current_Solution] Agent 64 used 2 waiting timesteps, 22 remaining
[Waiting_time_Solve] Applied 2 waiting time  for agent 64 who has waiting time 22
[Waiting_time_Solve] Applying waiting time 2 to agent 72 who has waiting time 14
[Current_Solution] Agent 72 used 2 waiting timesteps, 12 remaining
[Waiting_time_Solve] New path is consistent after applying waiting time for agent 72
[Current_Solution] Agent 72 used 2 waiting timesteps, 10 remaining
[Waiting_time_Solve] Applied 2 waiting time  for agent 72 who has waiting time 10
[Waiting_time_Solve] Applying waiting time 2 to agent 68 who has waiting time 13
[Current_Solution] Agent 68 used 1 waiting timesteps, 12 remaining
[Waiting_time_Solve] New path is consistent after applying waiting time for agent 68
[Current_Solution] Agent 68 used 2 waiting timesteps, 10 remaining
[Waiting_time_Solve] Applied 2 waiting time  for agent 68 who has waiting time 10
[Waiting_time_Solve] Applying waiting time 2 to agent 23 who has waiting time 14
[Current_Solution] Agent 23 used 2 waiting timesteps, 12 remaining
[Waiting_time_Solve] New path is consistent after applying waiting time for agent 23
[Current_Solution] Agent 23 used 2 waiting timesteps, 10 remaining
[Waiting_time_Solve] Applied 2 waiting time  for agent 23 who has waiting time 10
[Waiting_time_Solve] Applying waiting time 2 to agent 80 who has waiting time 14
[Current_Solution] Agent 80 used 2 waiting timesteps, 12 remaining
[Waiting_time_Solve] New path is consistent after applying waiting time for agent 80
[Current_Solution] Agent 80 used 2 waiting timesteps, 10 remaining
[Waiting_time_Solve] Applied 2 waiting time  for agent 80 who has waiting time 10
[Waiting_time_Solve] Applying waiting time 2 to agent 82 who has waiting time 20
[Waiting_time_Solve] New path is consistent after applying waiting time for agent 82
[Current_Solution] Agent 82 used 2 waiting timesteps, 18 remaining
[Waiting_time_Solve] Applied 2 waiting time  for agent 82 who has waiting time 18
[Waiting_time_Solve] Applying waiting time 2 to agent 22 who has waiting time 12
[Waiting_time_Solve] New path is consistent after applying waiting time for agent 22
[Current_Solution] Agent 22 used 2 waiting timesteps, 10 remaining
[Waiting_time_Solve] Applied 2 waiting time  for agent 22 who has waiting time 10
[Waiting_time_Solve] Applying waiting time 2 to agent 9 who has waiting time 15
[Waiting_time_Solve] New path is consistent after applying waiting time for agent 9
[Current_Solution] Agent 9 used 2 waiting timesteps, 13 remaining
[Waiting_time_Solve] Applied 2 waiting time  for agent 9 who has waiting time 13
[Waiting_time_Solve] Applying waiting time 2 to agent 26 who has waiting time 13
[Current_Solution] Agent 26 used 1 waiting timesteps, 12 remaining
[Waiting_time_Solve] New path is consistent after applying waiting time for agent 26
[Current_Solution] Agent 26 used 2 waiting timesteps, 10 remaining
[Waiting_time_Solve] Applied 2 waiting time  for agent 26 who has waiting time 10
[Waiting_time_Solve] Applying waiting time 2 to agent 75 who has waiting time 13
[Current_Solution] Agent 75 used 1 waiting timesteps, 12 remaining
[Waiting_time_Solve] New path is consistent after applying waiting time for agent 75
[Current_Solution] Agent 75 used 2 waiting timesteps, 10 remaining
[Waiting_time_Solve] Applied 2 waiting time  for agent 75 who has waiting time 10
[Waiting_time_Solve] Applying waiting time 2 to agent 90 who has waiting time 13
[Current_Solution] Agent 90 used 1 waiting timesteps, 12 remaining
[Waiting_time_Solve] New path is consistent after applying waiting time for agent 90
[Current_Solution] Agent 90 used 2 waiting timesteps, 10 remaining
[Waiting_time_Solve] Applied 2 waiting time  for agent 90 who has waiting time 10
[Waiting_time_Solve] Applying waiting time 2 to agent 92 who has waiting time 13
[Current_Solution] Agent 92 used 1 waiting timesteps, 12 remaining
[Waiting_time_Solve] New path is consistent after applying waiting time for agent 92
[Current_Solution] Agent 92 used 2 waiting timesteps, 10 remaining
[Waiting_time_Solve] Applied 2 waiting time  for agent 92 who has waiting time 10
[Waiting_time_Solve] Applying waiting time 2 to agent 95 who has waiting time 13
[Current_Solution] Agent 95 used 1 waiting timesteps, 12 remaining
[Waiting_time_Solve] New path is consistent after applying waiting time for agent 95
[Current_Solution] Agent 95 used 2 waiting timesteps, 10 remaining
[Waiting_time_Solve] Applied 2 waiting time  for agent 95 who has waiting time 10
[Waiting_time_Solve] Applying waiting time 2 to agent 97 who has waiting time 13
[Current_Solution] Agent 97 used 1 waiting timesteps, 12 remaining
[Waiting_time_Solve] New path is consistent after applying waiting time for agent 97
[Current_Solution] Agent 97 used 2 waiting timesteps, 10 remaining
[Waiting_time_Solve] Applied 2 waiting time  for agent 97 who has waiting time 10
[Waiting_time_Solve] Applying waiting time 2 to agent 1 who has waiting time 13
[Current_Solution] Agent 1 used 1 waiting timesteps, 12 remaining
[Waiting_time_Solve] New path is consistent after applying waiting time for agent 1
[Current_Solution] Agent 1 used 2 waiting timesteps, 10 remaining
[Waiting_time_Solve] Applied 2 waiting time  for agent 1 who has waiting time 10
[Waiting_time_Solve] Applying waiting time 2 to agent 48 who has waiting time 13
[Current_Solution] Agent 48 used 1 waiting timesteps, 12 remaining
[Waiting_time_Solve] New path is consistent after applying waiting time for agent 48
[Current_Solution] Agent 48 used 2 waiting timesteps, 10 remaining
[Waiting_time_Solve] Applied 2 waiting time  for agent 48 who has waiting time 10
[Waiting_time_Solve] Applying waiting time 2 to agent 19 who has waiting time 11
[Waiting_time_Solve] New path is consistent after applying waiting time for agent 19
[Current_Solution] Agent 19 used 2 waiting timesteps, 9 remaining
[Waiting_time_Solve] Applied 2 waiting time  for agent 19 who has waiting time 9
[Waiting_time_Solve] Applying waiting time 2 to agent 81 who has waiting time 13
[Current_Solution] Agent 81 used 1 waiting timesteps, 12 remaining
[Waiting_time_Solve] New path is consistent after applying waiting time for agent 81
[Current_Solution] Agent 81 used 2 waiting timesteps, 10 remaining
[Waiting_time_Solve] Applied 2 waiting time  for agent 81 who has waiting time 10
[Waiting_time_Solve] Applying waiting time 2 to agent 32 who has waiting time 13
[Current_Solution] Agent 32 used 1 waiting timesteps, 12 remaining
[Waiting_time_Solve] New path is consistent after applying waiting time for agent 32
[Current_Solution] Agent 32 used 2 waiting timesteps, 10 remaining
[Waiting_time_Solve] Applied 2 waiting time  for agent 32 who has waiting time 10
[Waiting_time_Solve] Applying waiting time 2 to agent 46 who has waiting time 30
[Waiting_time_Solve] New path is consistent after applying waiting time for agent 46
[Current_Solution] Agent 46 used 2 waiting timesteps, 28 remaining
[Waiting_time_Solve] Applied 2 waiting time  for agent 46 who has waiting time 28
[Waiting_time_Solve] Applying waiting time 2 to agent 58 who has waiting time 14
[Current_Solution] Agent 58 used 2 waiting timesteps, 12 remaining
[Waiting_time_Solve] New path is consistent after applying waiting time for agent 58
[Current_Solution] Agent 58 used 2 waiting timesteps, 10 remaining
[Waiting_time_Solve] Applied 2 waiting time  for agent 58 who has waiting time 10
[Waiting_time_Solve] Applying waiting time 2 to agent 69 who has waiting time 13
[Current_Solution] Agent 69 used 1 waiting timesteps, 12 remaining
[Waiting_time_Solve] New path is consistent after applying waiting time for agent 69
[Current_Solution] Agent 69 used 2 waiting timesteps, 10 remaining
[Waiting_time_Solve] Applied 2 waiting time  for agent 69 who has waiting time 10
[Waiting_time_Solve] Applying waiting time 2 to agent 84 who has waiting time 10
[Waiting_time_Solve] New path is consistent after applying waiting time for agent 84
[Current_Solution] Agent 84 used 2 waiting timesteps, 8 remaining
[Waiting_time_Solve] Applied 2 waiting time  for agent 84 who has waiting time 8
[Waiting_time_Solve] Applying waiting time 2 to agent 91 who has waiting time 14
[Current_Solution] Agent 91 used 2 waiting timesteps, 12 remaining
[Waiting_time_Solve] New path is consistent after applying waiting time for agent 91
[Current_Solution] Agent 91 used 2 waiting timesteps, 10 remaining
[Waiting_time_Solve] Applied 2 waiting time  for agent 91 who has waiting time 10
[Waiting_time_Solve] Applying waiting time 2 to agent 28 who has waiting time 14
[Current_Solution] Agent 28 used 2 waiting timesteps, 12 remaining
[Waiting_time_Solve] New path is consistent after applying waiting time for agent 28
[Current_Solution] Agent 28 used 2 waiting timesteps, 10 remaining
[Waiting_time_Solve] Applied 2 waiting time  for agent 28 who has waiting time 10
[Waiting_time_Solve] Applying waiting time 2 to agent 13 who has waiting time 13
[Current_Solution] Agent 13 used 1 waiting timesteps, 12 remaining
[Waiting_time_Solve] New path is consistent after applying waiting time for agent 13
[Current_Solution] Agent 13 used 2 waiting timesteps, 10 remaining
[Waiting_time_Solve] Applied 2 waiting time  for agent 13 who has waiting time 10
[Waiting_time_Solve] ALL Waiting time applied
[Waiting_time_Solve] Extended Zone end time from 31 to 33
[Current_Solution] Agent 2 used 2 waiting timesteps, 12 remaining
[Current_Solution] Agent 8 used 1 waiting timesteps, 12 remaining
[Current_Solution] Agent 25 used 1 waiting timesteps, 12 remaining
[Current_Solution] Agent 27 used 2 waiting timesteps, 12 remaining
[Current_Solution] Agent 33 used 1 waiting timesteps, 12 remaining
[Current_Solution] Agent 35 used 1 waiting timesteps, 12 remaining
[Current_Solution] Agent 36 used 2 waiting timesteps, 12 remaining
[Current_Solution] Agent 39 used 1 waiting timesteps, 12 remaining
[Current_Solution] Agent 44 used 1 waiting timesteps, 12 remaining
[Current_Solution] Agent 47 used 2 waiting timesteps, 12 remaining
[Current_Solution] Agent 49 used 1 waiting timesteps, 12 remaining
[Current_Solution] Agent 55 used 2 waiting timesteps, 12 remaining
[Current_Solution] Agent 56 used 1 waiting timesteps, 12 remaining
[Current_Solution] Agent 60 used 1 waiting timesteps, 12 remaining
[Current_Solution] Agent 63 used 1 waiting timesteps, 12 remaining
[Current_Solution] Agent 66 used 1 waiting timesteps, 12 remaining
[Current_Solution] Agent 67 used 1 waiting timesteps, 12 remaining
[Current_Solution] Agent 70 used 1 waiting timesteps, 12 remaining
[Current_Solution] Agent 76 used 1 waiting timesteps, 12 remaining
[Current_Solution] Agent 85 used 1 waiting timesteps, 12 remaining
[Current_Solution] Agent 87 used 1 waiting timesteps, 12 remaining
[Current_Solution] Agent 94 used 1 waiting timesteps, 12 remaining
[Current_Solution] Agent 98 used 1 waiting timesteps, 12 remaining
[Waiting_time_Solve] Iteration 2...
[Waiting_time_Solve] Agent 1 pseudo agents: 100 
[Waiting_time_Solve] Agent 2 pseudo agents: 101 
[Waiting_time_Solve] Agent 5 pseudo agents: 102 
[Waiting_time_Solve] Agent 11 pseudo agents: 103 
[Waiting_time_Solve] Agent 44 pseudo agents: 104 
[Waiting_time_Solve] Agent 50 pseudo agents: 105 
[SAT] Start solving CNF: 8229983 clauses and 123117 variables
[SAT] Agent 99 entry time: 6 exit time: 19
[SAT] Agent 98 entry time: 6 exit time: 33
[SAT] Agent 97 entry time: 6 exit time: 33
[SAT] Agent 95 entry time: 6 exit time: 33
[SAT] Agent 94 entry time: 6 exit time: 33
[SAT] Agent 93 entry time: 6 exit time: 33
[SAT] Agent 92 entry time: 12 exit time: 33
[SAT] Agent 91 entry time: 6 exit time: 33
[SAT] Agent 90 entry time: 6 exit time: 33
[SAT] Agent 89 entry time: 6 exit time: 33
[SAT] Agent 88 entry time: 6 exit time: 33
[SAT] Agent 87 entry time: 6 exit time: 33
[SAT] Agent 85 entry time: 6 exit time: 33
[SAT] Agent 84 entry time: 6 exit time: 33
[SAT] Agent 83 entry time: 6 exit time: 33
[SAT] Agent 82 entry time: 6 exit time: 25
[SAT] Agent 81 entry time: 6 exit time: 33
[SAT] Agent 80 entry time: 6 exit time: 33
[SAT] Agent 79 entry time: 6 exit time: 33
[SAT] Agent 78 entry time: 6 exit time: 8
[SAT] Agent 77 entry time: 6 exit time: 33
[SAT] Agent 76 entry time: 6 exit time: 33
[SAT] Agent 75 entry time: 6 exit time: 33
[SAT] Agent 74 entry time: 6 exit time: 33
[SAT] Agent 72 entry time: 6 exit time: 33
[SAT] Agent 71 entry time: 6 exit time: 14
[SAT] Agent 70 entry time: 6 exit time: 33
[SAT] Agent 69 entry time: 6 exit time: 33
[SAT] Agent 68 entry time: 6 exit time: 33
[SAT] Agent 67 entry time: 6 exit time: 33
[SAT] Agent 66 entry time: 6 exit time: 33
[SAT] Agent 65 entry time: 6 exit time: 33
[SAT] Agent 64 entry time: 6 exit time: 20
[SAT] Agent 63 entry time: 6 exit time: 33
[SAT] Agent 62 entry time: 22 exit time: 22
[SAT] Agent 61 entry time: 6 exit time: 33
[SAT] Agent 60 entry time: 6 exit time: 33
[SAT] Agent 27 entry time: 6 exit time: 33
[SAT] Agent 26 entry time: 6 exit time: 33
[SAT] Agent 25 entry time: 6 exit time: 33
[SAT] Agent 24 entry time: 6 exit time: 33
[SAT] Agent 23 entry time: 6 exit time: 33
[SAT] Agent 22 entry time: 6 exit time: 33
[SAT] Agent 20 entry time: 16 exit time: 33
[SAT] Agent 19 entry time: 6 exit time: 26
[SAT] Agent 18 entry time: 6 exit time: 33
[SAT] Agent 17 entry time: 6 exit time: 23
[SAT] Agent 12 entry time: 6 exit time: 33
[SAT] Agent 16 entry time: 8 exit time: 33
[SAT] Agent 103 entry time: 30 exit time: 32
[SAT] Agent 44 entry time: 7 exit time: 7
[SAT] Agent 1 entry time: 10 exit time: 10
[SAT] Agent 13 entry time: 6 exit time: 33
[SAT] Agent 100 entry time: 12 exit time: 33
[SAT] Agent 41 entry time: 6 exit time: 33
[SAT] Agent 9 entry time: 6 exit time: 25
[SAT] Agent 2 entry time: 13 exit time: 13
[SAT] Agent 14 entry time: 6 exit time: 33
[SAT] Agent 101 entry time: 16 exit time: 33
[SAT] Agent 42 entry time: 6 exit time: 30
[SAT] Agent 3 entry time: 6 exit time: 33
[SAT] Agent 4 entry time: 15 exit time: 33
[SAT] Agent 5 entry time: 6 exit time: 20
[SAT] Agent 15 entry time: 6 exit time: 33
[SAT] Agent 102 entry time: 22 exit time: 22
[SAT] Agent 11 entry time: 6 exit time: 28
[SAT] Agent 6 entry time: 6 exit time: 33
[SAT] Agent 7 entry time: 6 exit time: 33
[SAT] Agent 8 entry time: 6 exit time: 33
[SAT] Agent 28 entry time: 6 exit time: 33
[SAT] Agent 30 entry time: 6 exit time: 14
[SAT] Agent 31 entry time: 6 exit time: 14
[SAT] Agent 32 entry time: 6 exit time: 33
[SAT] Agent 33 entry time: 9 exit time: 33
[SAT] Agent 34 entry time: 6 exit time: 33
[SAT] Agent 35 entry time: 6 exit time: 33
[SAT] Agent 36 entry time: 6 exit time: 33
[SAT] Agent 37 entry time: 6 exit time: 14
[SAT] Agent 38 entry time: 6 exit time: 33
[SAT] Agent 39 entry time: 9 exit time: 33
[SAT] Agent 104 entry time: 9 exit time: 33
[SAT] Agent 45 entry time: 12 exit time: 33
[SAT] Agent 46 entry time: 6 exit time: 14
[SAT] Agent 105 entry time: 18 exit time: 31
[SAT] Agent 47 entry time: 6 exit time: 33
[SAT] Agent 48 entry time: 6 exit time: 33
[SAT] Agent 49 entry time: 6 exit time: 33
[SAT] Agent 50 entry time: 6 exit time: 11
[SAT] Agent 51 entry time: 6 exit time: 18
[SAT] Agent 52 entry time: 6 exit time: 33
[SAT] Agent 53 entry time: 7 exit time: 7
[SAT] Agent 54 entry time: 6 exit time: 13
[SAT] Agent 55 entry time: 17 exit time: 33
[SAT] Agent 56 entry time: 7 exit time: 33
[SAT] Agent 58 entry time: 6 exit time: 33
[SAT] Agent 59 entry time: 13 exit time: 33

[SAT] Start time: 6 End time: 33

[SAT] Solving local zone with SAT iteration 1...
[SAT] Local CNF: 8230209 clauses 

DEBUG: Adding 8230209 new clauses to MiniSAT (incremental run)
DEBUG: Clause load summary: input=8230209, added=8230209, tautologies_skipped=0, duplicates_skipped=0, unit_clauses=237, empties=0, intra_clause_literals_removed=0, added_but_db_unchanged=407
DEBUG: After adding clauses, solver has 8229565 clauses and 123117 variables
DEBUG: MiniSAT found 123117 variables
DEBUG: Assignment size: 123117
DEBUG: First few assignment values: 1 1 1 1 1 1 1 1 1 1 

=== DEBUG: cnf_assignment_to_paths ===
Input assignment size: 123117

=== END DEBUG ===
[SAT] Found 93 vertex collisions and 35 edge collisions
[SAT] Adding collision clauses and solving again...
[SAT] Solving local zone with SAT iteration 2...
[SAT] Local CNF: 8230337 clauses 

DEBUG: Adding 128 new clauses to MiniSAT (incremental run)
[SAT] Previous assignment invalidated by new clauses, reset solver and retrying without assumptions...
DEBUG: Adding 8230337 new clauses to MiniSAT (incremental run)
[SAT] Local problem appears to be unsatisfiable in current zone
[Waiting_time_Solve] No solution found, trying to apply waiting time:3
[Waiting_time_Solve] Applying waiting time 3 to agent 3 who has waiting time 10
[Current_Solution] Agent 3 used 1 waiting timesteps, 9 remaining
[Waiting_time_Solve] New path is consistent after applying waiting time for agent 3
[Current_Solution] Agent 3 used 3 waiting timesteps, 6 remaining
[Waiting_time_Solve] Applied 3 waiting time  for agent 3 who has waiting time 6
[Waiting_time_Solve] Applying waiting time 3 to agent 6 who has waiting time 10
[Current_Solution] Agent 6 used 1 waiting timesteps, 9 remaining
[Waiting_time_Solve] New path is consistent after applying waiting time for agent 6
[Current_Solution] Agent 6 used 3 waiting timesteps, 6 remaining
[Waiting_time_Solve] Applied 3 waiting time  for agent 6 who has waiting time 6
[Waiting_time_Solve] Applying waiting time 3 to agent 12 who has waiting time 10
[Current_Solution] Agent 12 used 1 waiting timesteps, 9 remaining
[Waiting_time_Solve] New path is consistent after applying waiting time for agent 12
[Current_Solution] Agent 12 used 3 waiting timesteps, 6 remaining
[Waiting_time_Solve] Applied 3 waiting time  for agent 12 who has waiting time 6
[Waiting_time_Solve] Applying waiting time 3 to agent 13 who has waiting time 10
[Current_Solution] Agent 13 used 1 waiting timesteps, 9 remaining
[Waiting_time_Solve] New path is consistent after applying waiting time for agent 13
[Current_Solution] Agent 13 used 3 waiting timesteps, 6 remaining
[Waiting_time_Solve] Applied 3 waiting time  for agent 13 who has waiting time 6
[Waiting_time_Solve] Applying waiting time 3 to agent 14 who has waiting time 10
[Current_Solution] Agent 14 used 1 waiting timesteps, 9 remaining
[Waiting_time_Solve] New path is consistent after applying waiting time for agent 14
[Current_Solution] Agent 14 used 3 waiting timesteps, 6 remaining
[Waiting_time_Solve] Applied 3 waiting time  for agent 14 who has waiting time 6
[Waiting_time_Solve] Applying waiting time 3 to agent 42 who has waiting time 14
[Waiting_time_Solve] New path is consistent after applying waiting time for agent 42
[Current_Solution] Agent 42 used 3 waiting timesteps, 11 remaining
[Waiting_time_Solve] Applied 3 waiting time  for agent 42 who has waiting time 11
[Waiting_time_Solve] Applying waiting time 3 to agent 81 who has waiting time 10
[Current_Solution] Agent 81 used 1 waiting timesteps, 9 remaining
[Waiting_time_Solve] New path is consistent after applying waiting time for agent 81
[Current_Solution] Agent 81 used 3 waiting timesteps, 6 remaining
[Waiting_time_Solve] Applied 3 waiting time  for agent 81 who has waiting time 6
[Waiting_time_Solve] Applying waiting time 3 to agent 22 who has waiting time 10
[Waiting_time_Solve] New path is consistent after applying waiting time for agent 22
[Current_Solution] Agent 22 used 3 waiting timesteps, 7 remaining
[Waiting_time_Solve] Applied 3 waiting time  for agent 22 who has waiting time 7
[Waiting_time_Solve] Applying waiting time 3 to agent 56 who has waiting time 12
[Current_Solution] Agent 56 used 3 waiting timesteps, 9 remaining
[Waiting_time_Solve] New path is consistent after applying waiting time for agent 56
[Current_Solution] Agent 56 used 3 waiting timesteps, 6 remaining
[Waiting_time_Solve] Applied 3 waiting time  for agent 56 who has waiting time 6
[Waiting_time_Solve] Applying waiting time 3 to agent 31 who has waiting time 28
[Waiting_time_Solve] New path is consistent after applying waiting time for agent 31
[Current_Solution] Agent 31 used 3 waiting timesteps, 25 remaining
[Waiting_time_Solve] Applied 3 waiting time  for agent 31 who has waiting time 25
[Waiting_time_Solve] Applying waiting time 3 to agent 8 who has waiting time 12
[Current_Solution] Agent 8 used 3 waiting timesteps, 9 remaining
[Waiting_time_Solve] New path is consistent after applying waiting time for agent 8
[Current_Solution] Agent 8 used 3 waiting timesteps, 6 remaining
[Waiting_time_Solve] Applied 3 waiting time  for agent 8 who has waiting time 6
[Waiting_time_Solve] Applying waiting time 3 to agent 35 who has waiting time 12
[Current_Solution] Agent 35 used 3 waiting timesteps, 9 remaining
[Waiting_time_Solve] New path is consistent after applying waiting time for agent 35
[Current_Solution] Agent 35 used 3 waiting timesteps, 6 remaining
[Waiting_time_Solve] Applied 3 waiting time  for agent 35 who has waiting time 6
[Waiting_time_Solve] Applying waiting time 3 to agent 41 who has waiting time 10
[Current_Solution] Agent 41 used 1 waiting timesteps, 9 remaining
[Waiting_time_Solve] New path is consistent after applying waiting time for agent 41
[Current_Solution] Agent 41 used 3 waiting timesteps, 6 remaining
[Waiting_time_Solve] Applied 3 waiting time  for agent 41 who has waiting time 6
[Waiting_time_Solve] Applying waiting time 3 to agent 45 who has waiting time 10
[Current_Solution] Agent 45 used 1 waiting timesteps, 9 remaining
[Waiting_time_Solve] New path is consistent after applying waiting time for agent 45
[Current_Solution] Agent 45 used 3 waiting timesteps, 6 remaining
[Waiting_time_Solve] Applied 3 waiting time  for agent 45 who has waiting time 6
[Waiting_time_Solve] Applying waiting time 3 to agent 46 who has waiting time 28
[Waiting_time_Solve] New path is consistent after applying waiting time for agent 46
[Current_Solution] Agent 46 used 3 waiting timesteps, 25 remaining
[Waiting_time_Solve] Applied 3 waiting time  for agent 46 who has waiting time 25
[Waiting_time_Solve] Applying waiting time 3 to agent 49 who has waiting time 12
[Current_Solution] Agent 49 used 3 waiting timesteps, 9 remaining
[Waiting_time_Solve] New path is consistent after applying waiting time for agent 49
[Current_Solution] Agent 49 used 3 waiting timesteps, 6 remaining
[Waiting_time_Solve] Applied 3 waiting time  for agent 49 who has waiting time 6
[Waiting_time_Solve] Applying waiting time 3 to agent 74 who has waiting time 10
[Current_Solution] Agent 74 used 1 waiting timesteps, 9 remaining
[Waiting_time_Solve] New path is consistent after applying waiting time for agent 74
[Current_Solution] Agent 74 used 3 waiting timesteps, 6 remaining
[Waiting_time_Solve] Applied 3 waiting time  for agent 74 who has waiting time 6
[Waiting_time_Solve] Applying waiting time 3 to agent 59 who has waiting time 10
[Current_Solution] Agent 59 used 1 waiting timesteps, 9 remaining
[Waiting_time_Solve] New path is consistent after applying waiting time for agent 59
[Current_Solution] Agent 59 used 3 waiting timesteps, 6 remaining
[Waiting_time_Solve] Applied 3 waiting time  for agent 59 who has waiting time 6
[Waiting_time_Solve] Applying waiting time 3 to agent 63 who has waiting time 12
[Current_Solution] Agent 63 used 3 waiting timesteps, 9 remaining
[Waiting_time_Solve] New path is consistent after applying waiting time for agent 63
[Current_Solution] Agent 63 used 3 waiting timesteps, 6 remaining
[Waiting_time_Solve] Applied 3 waiting time  for agent 63 who has waiting time 6
[Waiting_time_Solve] Applying waiting time 3 to agent 66 who has waiting time 12
[Current_Solution] Agent 66 used 3 waiting timesteps, 9 remaining
[Waiting_time_Solve] New path is consistent after applying waiting time for agent 66
[Current_Solution] Agent 66 used 3 waiting timesteps, 6 remaining
[Waiting_time_Solve] Applied 3 waiting time  for agent 66 who has waiting time 6
[Waiting_time_Solve] Applying waiting time 3 to agent 67 who has waiting time 12
[Current_Solution] Agent 67 used 3 waiting timesteps, 9 remaining
[Waiting_time_Solve] New path is consistent after applying waiting time for agent 67
[Current_Solution] Agent 67 used 3 waiting timesteps, 6 remaining
[Waiting_time_Solve] Applied 3 waiting time  for agent 67 who has waiting time 6
[Waiting_time_Solve] Applying waiting time 3 to agent 33 who has waiting time 12
[Current_Solution] Agent 33 used 3 waiting timesteps, 9 remaining
[Waiting_time_Solve] New path is consistent after applying waiting time for agent 33
[Current_Solution] Agent 33 used 3 waiting timesteps, 6 remaining
[Waiting_time_Solve] Applied 3 waiting time  for agent 33 who has waiting time 6
[Waiting_time_Solve] Applying waiting time 3 to agent 76 who has waiting time 12
[Current_Solution] Agent 76 used 3 waiting timesteps, 9 remaining
[Waiting_time_Solve] New path is consistent after applying waiting time for agent 76
[Current_Solution] Agent 76 used 3 waiting timesteps, 6 remaining
[Waiting_time_Solve] Applied 3 waiting time  for agent 76 who has waiting time 6
[Waiting_time_Solve] Applying waiting time 3 to agent 79 who has waiting time 10
[Current_Solution] Agent 79 used 1 waiting timesteps, 9 remaining
[Waiting_time_Solve] New path is consistent after applying waiting time for agent 79
[Current_Solution] Agent 79 used 3 waiting timesteps, 6 remaining
[Waiting_time_Solve] Applied 3 waiting time  for agent 79 who has waiting time 6
[Waiting_time_Solve] Applying waiting time 3 to agent 82 who has waiting time 18
[Waiting_time_Solve] New path is consistent after applying waiting time for agent 82
[Current_Solution] Agent 82 used 3 waiting timesteps, 15 remaining
[Waiting_time_Solve] Applied 3 waiting time  for agent 82 who has waiting time 15
[Waiting_time_Solve] Applying waiting time 3 to agent 83 who has waiting time 10
[Current_Solution] Agent 83 used 1 waiting timesteps, 9 remaining
[Waiting_time_Solve] New path is consistent after applying waiting time for agent 83
[Current_Solution] Agent 83 used 3 waiting timesteps, 6 remaining
[Waiting_time_Solve] Applied 3 waiting time  for agent 83 who has waiting time 6
[Waiting_time_Solve] Applying waiting time 3 to agent 85 who has waiting time 12
[Current_Solution] Agent 85 used 3 waiting timesteps, 9 remaining
[Waiting_time_Solve] New path is consistent after applying waiting time for agent 85
[Current_Solution] Agent 85 used 3 waiting timesteps, 6 remaining
[Waiting_time_Solve] Applied 3 waiting time  for agent 85 who has waiting time 6
[Waiting_time_Solve] Applying waiting time 3 to agent 88 who has waiting time 10
[Waiting_time_Solve] New path is consistent after applying waiting time for agent 88
[Current_Solution] Agent 88 used 3 waiting timesteps, 7 remaining
[Waiting_time_Solve] Applied 3 waiting time  for agent 88 who has waiting time 7
[Waiting_time_Solve] Applying waiting time 3 to agent 39 who has waiting time 12
[Current_Solution] Agent 39 used 3 waiting timesteps, 9 remaining
[Waiting_time_Solve] New path is consistent after applying waiting time for agent 39
[Current_Solution] Agent 39 used 3 waiting timesteps, 6 remaining
[Waiting_time_Solve] Applied 3 waiting time  for agent 39 who has waiting time 6
[Waiting_time_Solve] Applying waiting time 3 to agent 94 who has waiting time 12
[Current_Solution] Agent 94 used 3 waiting timesteps, 9 remaining
[Waiting_time_Solve] New path is consistent after applying waiting time for agent 94
[Current_Solution] Agent 94 used 3 waiting timesteps, 6 remaining
[Waiting_time_Solve] Applied 3 waiting time  for agent 94 who has waiting time 6
[Waiting_time_Solve] Applying waiting time 3 to agent 90 who has waiting time 10
[Current_Solution] Agent 90 used 1 waiting timesteps, 9 remaining
[Waiting_time_Solve] New path is consistent after applying waiting time for agent 90
[Current_Solution] Agent 90 used 3 waiting timesteps, 6 remaining
[Waiting_time_Solve] Applied 3 waiting time  for agent 90 who has waiting time 6
[Waiting_time_Solve] Applying waiting time 3 to agent 92 who has waiting time 10
[Current_Solution] Agent 92 used 1 waiting timesteps, 9 remaining
[Waiting_time_Solve] New path is consistent after applying waiting time for agent 92
[Current_Solution] Agent 92 used 3 waiting timesteps, 6 remaining
[Waiting_time_Solve] Applied 3 waiting time  for agent 92 who has waiting time 6
[Waiting_time_Solve] Applying waiting time 3 to agent 95 who has waiting time 10
[Current_Solution] Agent 95 used 1 waiting timesteps, 9 remaining
[Waiting_time_Solve] New path is consistent after applying waiting time for agent 95
[Current_Solution] Agent 95 used 3 waiting timesteps, 6 remaining
[Waiting_time_Solve] Applied 3 waiting time  for agent 95 who has waiting time 6
[Waiting_time_Solve] Applying waiting time 3 to agent 98 who has waiting time 12
[Current_Solution] Agent 98 used 3 waiting timesteps, 9 remaining
[Waiting_time_Solve] New path is consistent after applying waiting time for agent 98
[Current_Solution] Agent 98 used 3 waiting timesteps, 6 remaining
[Waiting_time_Solve] Applied 3 waiting time  for agent 98 who has waiting time 6
[Waiting_time_Solve] Applying waiting time 3 to agent 1 who has waiting time 10
[Current_Solution] Agent 1 used 1 waiting timesteps, 9 remaining
[Waiting_time_Solve] New path is consistent after applying waiting time for agent 1
[Current_Solution] Agent 1 used 3 waiting timesteps, 6 remaining
[Waiting_time_Solve] Applied 3 waiting time  for agent 1 who has waiting time 6
[Waiting_time_Solve] Applying waiting time 3 to agent 44 who has waiting time 12
[Current_Solution] Agent 44 used 3 waiting timesteps, 9 remaining
[Waiting_time_Solve] New path is consistent after applying waiting time for agent 44
[Current_Solution] Agent 44 used 3 waiting timesteps, 6 remaining
[Waiting_time_Solve] Applied 3 waiting time  for agent 44 who has waiting time 6
[Waiting_time_Solve] Applying waiting time 3 to agent 55 who has waiting time 12
[Current_Solution] Agent 55 used 3 waiting timesteps, 9 remaining
[Waiting_time_Solve] New path is consistent after applying waiting time for agent 55
[Current_Solution] Agent 55 used 3 waiting timesteps, 6 remaining
[Waiting_time_Solve] Applied 3 waiting time  for agent 55 who has waiting time 6
[Waiting_time_Solve] Applying waiting time 3 to agent 60 who has waiting time 12
[Current_Solution] Agent 60 used 3 waiting timesteps, 9 remaining
[Waiting_time_Solve] New path is consistent after applying waiting time for agent 60
[Current_Solution] Agent 60 used 3 waiting timesteps, 6 remaining
[Waiting_time_Solve] Applied 3 waiting time  for agent 60 who has waiting time 6
[Waiting_time_Solve] Applying waiting time 3 to agent 65 who has waiting time 10
[Current_Solution] Agent 65 used 1 waiting timesteps, 9 remaining
[Waiting_time_Solve] New path is consistent after applying waiting time for agent 65
[Current_Solution] Agent 65 used 3 waiting timesteps, 6 remaining
[Waiting_time_Solve] Applied 3 waiting time  for agent 65 who has waiting time 6
[Waiting_time_Solve] Applying waiting time 3 to agent 68 who has waiting time 10
[Current_Solution] Agent 68 used 1 waiting timesteps, 9 remaining
[Waiting_time_Solve] New path is consistent after applying waiting time for agent 68
[Current_Solution] Agent 68 used 3 waiting timesteps, 6 remaining
[Waiting_time_Solve] Applied 3 waiting time  for agent 68 who has waiting time 6
[Waiting_time_Solve] Applying waiting time 3 to agent 69 who has waiting time 10
[Current_Solution] Agent 69 used 1 waiting timesteps, 9 remaining
[Waiting_time_Solve] New path is consistent after applying waiting time for agent 69
[Current_Solution] Agent 69 used 3 waiting timesteps, 6 remaining
[Waiting_time_Solve] Applied 3 waiting time  for agent 69 who has waiting time 6
[Waiting_time_Solve] Applying waiting time 3 to agent 9 who has waiting time 13
[Waiting_time_Solve] New path is consistent after applying waiting time for agent 9
[Current_Solution] Agent 9 used 3 waiting timesteps, 10 remaining
[Waiting_time_Solve] Applied 3 waiting time  for agent 9 who has waiting time 10
[Waiting_time_Solve] Applying waiting time 3 to agent 87 who has waiting time 12
[Current_Solution] Agent 87 used 3 waiting timesteps, 9 remaining
[Waiting_time_Solve] New path is consistent after applying waiting time for agent 87
[Current_Solution] Agent 87 used 3 waiting timesteps, 6 remaining
[Waiting_time_Solve] Applied 3 waiting time  for agent 87 who has waiting time 6
[Waiting_time_Solve] Applying waiting time 3 to agent 97 who has waiting time 10
[Current_Solution] Agent 97 used 1 waiting timesteps, 9 remaining
[Waiting_time_Solve] New path is consistent after applying waiting time for agent 97
[Current_Solution] Agent 97 used 3 waiting timesteps, 6 remaining
[Waiting_time_Solve] Applied 3 waiting time  for agent 97 who has waiting time 6
[Waiting_time_Solve] ALL Waiting time applied
[Waiting_time_Solve] Extended Zone end time from 33 to 36
[Current_Solution] Agent 2 used 3 waiting timesteps, 9 remaining
[Current_Solution] Agent 4 used 1 waiting timesteps, 9 remaining
[Current_Solution] Agent 7 used 1 waiting timesteps, 9 remaining
[Current_Solution] Agent 15 used 1 waiting timesteps, 9 remaining
[Current_Solution] Agent 18 used 1 waiting timesteps, 9 remaining
[Current_Solution] Agent 23 used 1 waiting timesteps, 9 remaining
[Current_Solution] Agent 24 used 1 waiting timesteps, 9 remaining
[Current_Solution] Agent 25 used 3 waiting timesteps, 9 remaining
[Current_Solution] Agent 26 used 1 waiting timesteps, 9 remaining
[Current_Solution] Agent 27 used 3 waiting timesteps, 9 remaining
[Current_Solution] Agent 28 used 1 waiting timesteps, 9 remaining
[Current_Solution] Agent 32 used 1 waiting timesteps, 9 remaining
[Current_Solution] Agent 34 used 1 waiting timesteps, 9 remaining
[Current_Solution] Agent 36 used 3 waiting timesteps, 9 remaining
[Current_Solution] Agent 38 used 1 waiting timesteps, 9 remaining
[Current_Solution] Agent 47 used 3 waiting timesteps, 9 remaining
[Current_Solution] Agent 48 used 1 waiting timesteps, 9 remaining
[Current_Solution] Agent 58 used 1 waiting timesteps, 9 remaining
[Current_Solution] Agent 70 used 3 waiting timesteps, 9 remaining
[Current_Solution] Agent 72 used 1 waiting timesteps, 9 remaining
[Current_Solution] Agent 75 used 1 waiting timesteps, 9 remaining
[Current_Solution] Agent 77 used 3 waiting timesteps, 9 remaining
[Current_Solution] Agent 80 used 1 waiting timesteps, 9 remaining
[Current_Solution] Agent 91 used 1 waiting timesteps, 9 remaining
[Current_Solution] Agent 93 used 1 waiting timesteps, 9 remaining
[Waiting_time_Solve] Iteration 3...
[Waiting_time_Solve] Agent 1 pseudo agents: 100 
[Waiting_time_Solve] Agent 2 pseudo agents: 101 
[Waiting_time_Solve] Agent 5 pseudo agents: 102 
[Waiting_time_Solve] Agent 11 pseudo agents: 103 
[Waiting_time_Solve] Agent 44 pseudo agents: 104 
[Waiting_time_Solve] Agent 50 pseudo agents: 105 
[SAT] Start solving CNF: 14052258 clauses and 175035 variables
[SAT] Agent 99 entry time: 6 exit time: 19
[SAT] Agent 98 entry time: 6 exit time: 36
[SAT] Agent 97 entry time: 6 exit time: 36
[SAT] Agent 95 entry time: 6 exit time: 36
[SAT] Agent 94 entry time: 6 exit time: 36
[SAT] Agent 93 entry time: 6 exit time: 36
[SAT] Agent 92 entry time: 12 exit time: 36
[SAT] Agent 91 entry time: 6 exit time: 36
[SAT] Agent 90 entry time: 6 exit time: 36
[SAT] Agent 89 entry time: 6 exit time: 35
[SAT] Agent 88 entry time: 6 exit time: 36
[SAT] Agent 87 entry time: 6 exit time: 36
[SAT] Agent 85 entry time: 6 exit time: 36
[SAT] Agent 84 entry time: 6 exit time: 36
[SAT] Agent 83 entry time: 6 exit time: 36
[SAT] Agent 82 entry time: 6 exit time: 28
[SAT] Agent 81 entry time: 6 exit time: 36
[SAT] Agent 80 entry time: 6 exit time: 36
[SAT] Agent 79 entry time: 6 exit time: 36
[SAT] Agent 78 entry time: 6 exit time: 8
[SAT] Agent 77 entry time: 6 exit time: 36
[SAT] Agent 76 entry time: 6 exit time: 36
[SAT] Agent 75 entry time: 6 exit time: 36
[SAT] Agent 74 entry time: 6 exit time: 36
[SAT] Agent 72 entry time: 6 exit time: 36
[SAT] Agent 71 entry time: 6 exit time: 14
[SAT] Agent 70 entry time: 6 exit time: 36
[SAT] Agent 69 entry time: 6 exit time: 36
[SAT] Agent 68 entry time: 6 exit time: 36
[SAT] Agent 67 entry time: 6 exit time: 36
[SAT] Agent 66 entry time: 6 exit time: 36
[SAT] Agent 65 entry time: 6 exit time: 36
[SAT] Agent 64 entry time: 6 exit time: 20
[SAT] Agent 63 entry time: 6 exit time: 36
[SAT] Agent 62 entry time: 22 exit time: 22
[SAT] Agent 61 entry time: 6 exit time: 36
[SAT] Agent 60 entry time: 6 exit time: 36
[SAT] Agent 27 entry time: 6 exit time: 36
[SAT] Agent 26 entry time: 6 exit time: 36
[SAT] Agent 25 entry time: 6 exit time: 36
[SAT] Agent 24 entry time: 6 exit time: 36
[SAT] Agent 23 entry time: 6 exit time: 36
[SAT] Agent 22 entry time: 6 exit time: 36
[SAT] Agent 20 entry time: 16 exit time: 36
[SAT] Agent 19 entry time: 6 exit time: 26
[SAT] Agent 18 entry time: 6 exit time: 36
[SAT] Agent 17 entry time: 6 exit time: 23
[SAT] Agent 12 entry time: 6 exit time: 36
[SAT] Agent 16 entry time: 8 exit time: 36
[SAT] Agent 103 entry time: 30 exit time: 32
[SAT] Agent 44 entry time: 7 exit time: 7
[SAT] Agent 1 entry time: 10 exit time: 10
[SAT] Agent 13 entry time: 6 exit time: 36
[SAT] Agent 100 entry time: 12 exit time: 36
[SAT] Agent 41 entry time: 6 exit time: 36
[SAT] Agent 9 entry time: 6 exit time: 28
[SAT] Agent 2 entry time: 13 exit time: 13
[SAT] Agent 14 entry time: 6 exit time: 36
[SAT] Agent 101 entry time: 16 exit time: 36
[SAT] Agent 42 entry time: 6 exit time: 33
[SAT] Agent 3 entry time: 6 exit time: 36
[SAT] Agent 4 entry time: 15 exit time: 36
[SAT] Agent 5 entry time: 6 exit time: 20
[SAT] Agent 15 entry time: 6 exit time: 36
[SAT] Agent 102 entry time: 22 exit time: 22
[SAT] Agent 11 entry time: 6 exit time: 28
[SAT] Agent 6 entry time: 6 exit time: 36
[SAT] Agent 7 entry time: 6 exit time: 36
[SAT] Agent 8 entry time: 6 exit time: 36
[SAT] Agent 28 entry time: 6 exit time: 36
[SAT] Agent 30 entry time: 6 exit time: 14
[SAT] Agent 31 entry time: 6 exit time: 17
[SAT] Agent 32 entry time: 6 exit time: 36
[SAT] Agent 33 entry time: 9 exit time: 36
[SAT] Agent 34 entry time: 6 exit time: 36
[SAT] Agent 35 entry time: 6 exit time: 36
[SAT] Agent 36 entry time: 6 exit time: 36
[SAT] Agent 37 entry time: 6 exit time: 14
[SAT] Agent 38 entry time: 6 exit time: 36
[SAT] Agent 39 entry time: 9 exit time: 36
[SAT] Agent 104 entry time: 9 exit time: 36
[SAT] Agent 45 entry time: 12 exit time: 36
[SAT] Agent 46 entry time: 6 exit time: 17
[SAT] Agent 105 entry time: 18 exit time: 31
[SAT] Agent 47 entry time: 6 exit time: 36
[SAT] Agent 48 entry time: 6 exit time: 36
[SAT] Agent 49 entry time: 6 exit time: 36
[SAT] Agent 50 entry time: 6 exit time: 11
[SAT] Agent 51 entry time: 6 exit time: 18
[SAT] Agent 52 entry time: 6 exit time: 36
[SAT] Agent 53 entry time: 7 exit time: 7
[SAT] Agent 54 entry time: 6 exit time: 13
[SAT] Agent 55 entry time: 17 exit time: 36
[SAT] Agent 56 entry time: 7 exit time: 36
[SAT] Agent 58 entry time: 6 exit time: 36
[SAT] Agent 59 entry time: 13 exit time: 36

[SAT] Start time: 6 End time: 36

[SAT] Solving local zone with SAT iteration 1...
[SAT] Local CNF: 14052612 clauses 

DEBUG: Adding 14052612 new clauses to MiniSAT (incremental run)
DEBUG: Clause load summary: input=14052612, added=14052612, tautologies_skipped=0, duplicates_skipped=0, unit_clauses=240, empties=0, intra_clause_literals_removed=0, added_but_db_unchanged=419
DEBUG: After adding clauses, solver has 14051953 clauses and 175035 variables
DEBUG: MiniSAT found 175035 variables
DEBUG: Assignment size: 175035
DEBUG: First few assignment values: 1 1 1 1 1 1 1 1 1 1 

=== DEBUG: cnf_assignment_to_paths ===
Input assignment size: 175035

=== END DEBUG ===
[SAT] Found 104 vertex collisions and 44 edge collisions
[SAT] Adding collision clauses and solving again...
[SAT] Solving local zone with SAT iteration 2...
[SAT] Local CNF: 14052760 clauses 

DEBUG: Adding 148 new clauses to MiniSAT (incremental run)
[SAT] Previous assignment invalidated by new clauses, reset solver and retrying without assumptions...
DEBUG: Adding 14052760 new clauses to MiniSAT (incremental run)
[SAT] Local problem appears to be unsatisfiable in current zone
[Waiting_time_Solve] No solution found, trying to apply waiting time:4
[Waiting_time_Solve] Applying waiting time 4 to agent 15 who has waiting time 9
[Current_Solution] Agent 15 used 4 waiting timesteps, 5 remaining
[Waiting_time_Solve] New path is consistent after applying waiting time for agent 15
[Current_Solution] Agent 15 used 4 waiting timesteps, 1 remaining
[Waiting_time_Solve] Applied 4 waiting time  for agent 15 who has waiting time 1
[Waiting_time_Solve] Applying waiting time 4 to agent 20 who has waiting time 8
[Waiting_time_Solve] New path is consistent after applying waiting time for agent 20
[Current_Solution] Agent 20 used 4 waiting timesteps, 4 remaining
[Waiting_time_Solve] Applied 4 waiting time  for agent 20 who has waiting time 4
[Waiting_time_Solve] Applying waiting time 4 to agent 22 who has waiting time 7
[Waiting_time_Solve] New path is consistent after applying waiting time for agent 22
[Current_Solution] Agent 22 used 4 waiting timesteps, 3 remaining
[Waiting_time_Solve] Applied 4 waiting time  for agent 22 who has waiting time 3
[Waiting_time_Solve] Applying waiting time 4 to agent 93 who has waiting time 9
[Current_Solution] Agent 93 used 4 waiting timesteps, 5 remaining
[Waiting_time_Solve] New path is consistent after applying waiting time for agent 93
[Current_Solution] Agent 93 used 4 waiting timesteps, 1 remaining
[Waiting_time_Solve] Applied 4 waiting time  for agent 93 who has waiting time 1
[Waiting_time_Solve] Applying waiting time 4 to agent 24 who has waiting time 9
[Current_Solution] Agent 24 used 4 waiting timesteps, 5 remaining
[Waiting_time_Solve] New path is consistent after applying waiting time for agent 24
[Current_Solution] Agent 24 used 4 waiting timesteps, 1 remaining
[Waiting_time_Solve] Applied 4 waiting time  for agent 24 who has waiting time 1
[Waiting_time_Solve] Applying waiting time 4 to agent 31 who has waiting time 25
[Waiting_time_Solve] New path is consistent after applying waiting time for agent 31
[Current_Solution] Agent 31 used 4 waiting timesteps, 21 remaining
[Waiting_time_Solve] Applied 4 waiting time  for agent 31 who has waiting time 21
[Waiting_time_Solve] Applying waiting time 4 to agent 32 who has waiting time 9
[Current_Solution] Agent 32 used 4 waiting timesteps, 5 remaining
[Waiting_time_Solve] New path is consistent after applying waiting time for agent 32
[Current_Solution] Agent 32 used 4 waiting timesteps, 1 remaining
[Waiting_time_Solve] Applied 4 waiting time  for agent 32 who has waiting time 1
[Waiting_time_Solve] Applying waiting time 4 to agent 33 who has waiting time 6
[Current_Solution] Agent 33 used 1 waiting timesteps, 5 remaining
[Waiting_time_Solve] New path is consistent after applying waiting time for agent 33
[Current_Solution] Agent 33 used 4 waiting timesteps, 1 remaining
[Waiting_time_Solve] Applied 4 waiting time  for agent 33 who has waiting time 1
[Waiting_time_Solve] Applying waiting time 4 to agent 34 who has waiting time 9
[Current_Solution] Agent 34 used 4 waiting timesteps, 5 remaining
[Waiting_time_Solve] New path is consistent after applying waiting time for agent 34
[Current_Solution] Agent 34 used 4 waiting timesteps, 1 remaining
[Waiting_time_Solve] Applied 4 waiting time  for agent 34 who has waiting time 1
[Waiting_time_Solve] Applying waiting time 4 to agent 7 who has waiting time 9
[Current_Solution] Agent 7 used 4 waiting timesteps, 5 remaining
[Waiting_time_Solve] New path is consistent after applying waiting time for agent 7
[Current_Solution] Agent 7 used 4 waiting timesteps, 1 remaining
[Waiting_time_Solve] Applied 4 waiting time  for agent 7 who has waiting time 1
[Waiting_time_Solve] Applying waiting time 4 to agent 36 who has waiting time 9
[Current_Solution] Agent 36 used 4 waiting timesteps, 5 remaining
[Waiting_time_Solve] New path is consistent after applying waiting time for agent 36
[Current_Solution] Agent 36 used 4 waiting timesteps, 1 remaining
[Waiting_time_Solve] Applied 4 waiting time  for agent 36 who has waiting time 1
[Waiting_time_Solve] Applying waiting time 4 to agent 39 who has waiting time 6
[Current_Solution] Agent 39 used 1 waiting timesteps, 5 remaining
[Waiting_time_Solve] New path is consistent after applying waiting time for agent 39
[Current_Solution] Agent 39 used 4 waiting timesteps, 1 remaining
[Waiting_time_Solve] Applied 4 waiting time  for agent 39 who has waiting time 1
[Waiting_time_Solve] Applying waiting time 4 to agent 41 who has waiting time 6
[Current_Solution] Agent 41 used 1 waiting timesteps, 5 remaining
[Waiting_time_Solve] New path is consistent after applying waiting time for agent 41
[Current_Solution] Agent 41 used 4 waiting timesteps, 1 remaining
[Waiting_time_Solve] Applied 4 waiting time  for agent 41 who has waiting time 1
[Waiting_time_Solve] Applying waiting time 4 to agent 45 who has waiting time 6
[Current_Solution] Agent 45 used 1 waiting timesteps, 5 remaining
[Waiting_time_Solve] New path is consistent after applying waiting time for agent 45
[Current_Solution] Agent 45 used 4 waiting timesteps, 1 remaining
[Waiting_time_Solve] Applied 4 waiting time  for agent 45 who has waiting time 1
[Waiting_time_Solve] Applying waiting time 4 to agent 46 who has waiting time 25
[Waiting_time_Solve] New path is consistent after applying waiting time for agent 46
[Current_Solution] Agent 46 used 4 waiting timesteps, 21 remaining
[Waiting_time_Solve] Applied 4 waiting time  for agent 46 who has waiting time 21
[Waiting_time_Solve] Applying waiting time 4 to agent 75 who has waiting time 9
[Current_Solution] Agent 75 used 4 waiting timesteps, 5 remaining
[Waiting_time_Solve] New path is consistent after applying waiting time for agent 75
[Current_Solution] Agent 75 used 4 waiting timesteps, 1 remaining
[Waiting_time_Solve] Applied 4 waiting time  for agent 75 who has waiting time 1
[Waiting_time_Solve] Applying waiting time 4 to agent 48 who has waiting time 9
[Current_Solution] Agent 48 used 4 waiting timesteps, 5 remaining
[Waiting_time_Solve] New path is consistent after applying waiting time for agent 48
[Current_Solution] Agent 48 used 4 waiting timesteps, 1 remaining
[Waiting_time_Solve] Applied 4 waiting time  for agent 48 who has waiting time 1
[Waiting_time_Solve] Applying waiting time 4 to agent 56 who has waiting time 6
[Current_Solution] Agent 56 used 1 waiting timesteps, 5 remaining
[Waiting_time_Solve] New path is consistent after applying waiting time for agent 56
[Current_Solution] Agent 56 used 4 waiting timesteps, 1 remaining
[Waiting_time_Solve] Applied 4 waiting time  for agent 56 who has waiting time 1
[Waiting_time_Solve] Applying waiting time 4 to agent 18 who has waiting time 9
[Current_Solution] Agent 18 used 4 waiting timesteps, 5 remaining
[Waiting_time_Solve] New path is consistent after applying waiting time for agent 18
[Current_Solution] Agent 18 used 4 waiting timesteps, 1 remaining
[Waiting_time_Solve] Applied 4 waiting time  for agent 18 who has waiting time 1
[Waiting_time_Solve] Applying waiting time 4 to agent 28 who has waiting time 9
[Current_Solution] Agent 28 used 4 waiting timesteps, 5 remaining
[Waiting_time_Solve] New path is consistent after applying waiting time for agent 28
[Current_Solution] Agent 28 used 4 waiting timesteps, 1 remaining
[Waiting_time_Solve] Applied 4 waiting time  for agent 28 who has waiting time 1
[Waiting_time_Solve] Applying waiting time 4 to agent 70 who has waiting time 9
[Current_Solution] Agent 70 used 4 waiting timesteps, 5 remaining
[Waiting_time_Solve] New path is consistent after applying waiting time for agent 70
[Current_Solution] Agent 70 used 4 waiting timesteps, 1 remaining
[Waiting_time_Solve] Applied 4 waiting time  for agent 70 who has waiting time 1
[Waiting_time_Solve] Applying waiting time 4 to agent 91 who has waiting time 9
[Current_Solution] Agent 91 used 4 waiting timesteps, 5 remaining
[Waiting_time_Solve] New path is consistent after applying waiting time for agent 91
[Current_Solution] Agent 91 used 4 waiting timesteps, 1 remaining
[Waiting_time_Solve] Applied 4 waiting time  for agent 91 who has waiting time 1
[Waiting_time_Solve] Applying waiting time 4 to agent 82 who has waiting time 15
[Waiting_time_Solve] New path is consistent after applying waiting time for agent 82
[Current_Solution] Agent 82 used 4 waiting timesteps, 11 remaining
[Waiting_time_Solve] Applied 4 waiting time  for agent 82 who has waiting time 11
[Waiting_time_Solve] Applying waiting time 4 to agent 89 who has waiting time 7
[Waiting_time_Solve] New path is consistent after applying waiting time for agent 89
[Current_Solution] Agent 89 used 4 waiting timesteps, 3 remaining
[Waiting_time_Solve] Applied 4 waiting time  for agent 89 who has waiting time 3
[Waiting_time_Solve] Applying waiting time 4 to agent 72 who has waiting time 9
[Current_Solution] Agent 72 used 4 waiting timesteps, 5 remaining
[Waiting_time_Solve] New path is consistent after applying waiting time for agent 72
[Current_Solution] Agent 72 used 4 waiting timesteps, 1 remaining
[Waiting_time_Solve] Applied 4 waiting time  for agent 72 who has waiting time 1
[Waiting_time_Solve] Applying waiting time 4 to agent 67 who has waiting time 6
[Current_Solution] Agent 67 used 1 waiting timesteps, 5 remaining
[Waiting_time_Solve] New path is consistent after applying waiting time for agent 67
[Current_Solution] Agent 67 used 4 waiting timesteps, 1 remaining
[Waiting_time_Solve] Applied 4 waiting time  for agent 67 who has waiting time 1
[Waiting_time_Solve] Applying waiting time 4 to agent 38 who has waiting time 9
[Current_Solution] Agent 38 used 4 waiting timesteps, 5 remaining
[Waiting_time_Solve] New path is consistent after applying waiting time for agent 38
[Current_Solution] Agent 38 used 4 waiting timesteps, 1 remaining
[Waiting_time_Solve] Applied 4 waiting time  for agent 38 who has waiting time 1
[Waiting_time_Solve] Applying waiting time 4 to agent 84 who has waiting time 8
[Waiting_time_Solve] New path is consistent after applying waiting time for agent 84
[Current_Solution] Agent 84 used 4 waiting timesteps, 4 remaining
[Waiting_time_Solve] Applied 4 waiting time  for agent 84 who has waiting time 4
[Waiting_time_Solve] Applying waiting time 4 to agent 42 who has waiting time 11
[Waiting_time_Solve] New path is consistent after applying waiting time for agent 42
[Current_Solution] Agent 42 used 4 waiting timesteps, 7 remaining
[Waiting_time_Solve] Applied 4 waiting time  for agent 42 who has waiting time 7
[Waiting_time_Solve] Applying waiting time 4 to agent 23 who has waiting time 9
[Current_Solution] Agent 23 used 4 waiting timesteps, 5 remaining
[Waiting_time_Solve] New path is consistent after applying waiting time for agent 23
[Current_Solution] Agent 23 used 4 waiting timesteps, 1 remaining
[Waiting_time_Solve] Applied 4 waiting time  for agent 23 who has waiting time 1
[Waiting_time_Solve] Applying waiting time 4 to agent 88 who has waiting time 7
[Waiting_time_Solve] New path is consistent after applying waiting time for agent 88
[Current_Solution] Agent 88 used 4 waiting timesteps, 3 remaining
[Waiting_time_Solve] Applied 4 waiting time  for agent 88 who has waiting time 3
[Waiting_time_Solve] Applying waiting time 4 to agent 90 who has waiting time 6
[Current_Solution] Agent 90 used 1 waiting timesteps, 5 remaining
[Waiting_time_Solve] New path is consistent after applying waiting time for agent 90
[Current_Solution] Agent 90 used 4 waiting timesteps, 1 remaining
[Waiting_time_Solve] Applied 4 waiting time  for agent 90 who has waiting time 1
[Waiting_time_Solve] Applying waiting time 4 to agent 47 who has waiting time 9
[Current_Solution] Agent 47 used 4 waiting timesteps, 5 remaining
[Waiting_time_Solve] New path is consistent after applying waiting time for agent 47
[Current_Solution] Agent 47 used 4 waiting timesteps, 1 remaining
[Waiting_time_Solve] Applied 4 waiting time  for agent 47 who has waiting time 1
[Waiting_time_Solve] Applying waiting time 4 to agent 5 who has waiting time 10
[Waiting_time_Solve] New path is consistent after applying waiting time for agent 5
[Current_Solution] Agent 5 used 4 waiting timesteps, 6 remaining
[Waiting_time_Solve] Applied 4 waiting time  for agent 5 who has waiting time 6
[Waiting_time_Solve] Applying waiting time 4 to agent 97 who has waiting time 6
[Current_Solution] Agent 97 used 1 waiting timesteps, 5 remaining
[Waiting_time_Solve] New path is consistent after applying waiting time for agent 97
[Current_Solution] Agent 97 used 4 waiting timesteps, 1 remaining
[Waiting_time_Solve] Applied 4 waiting time  for agent 97 who has waiting time 1
[Waiting_time_Solve] Applying waiting time 4 to agent 1 who has waiting time 6
[Current_Solution] Agent 1 used 1 waiting timesteps, 5 remaining
[Waiting_time_Solve] New path is consistent after applying waiting time for agent 1
[Current_Solution] Agent 1 used 4 waiting timesteps, 1 remaining
[Waiting_time_Solve] Applied 4 waiting time  for agent 1 who has waiting time 1
[Waiting_time_Solve] Applying waiting time 4 to agent 8 who has waiting time 6
[Current_Solution] Agent 8 used 1 waiting timesteps, 5 remaining
[Waiting_time_Solve] New path is consistent after applying waiting time for agent 8
[Current_Solution] Agent 8 used 4 waiting timesteps, 1 remaining
[Waiting_time_Solve] Applied 4 waiting time  for agent 8 who has waiting time 1
[Waiting_time_Solve] Applying waiting time 4 to agent 11 who has waiting time 12
[Waiting_time_Solve] New path is consistent after applying waiting time for agent 11
[Current_Solution] Agent 11 used 4 waiting timesteps, 8 remaining
[Waiting_time_Solve] Applied 4 waiting time  for agent 11 who has waiting time 8
[Waiting_time_Solve] Applying waiting time 4 to agent 14 who has waiting time 6
[Current_Solution] Agent 14 used 1 waiting timesteps, 5 remaining
[Waiting_time_Solve] New path is consistent after applying waiting time for agent 14
[Current_Solution] Agent 14 used 4 waiting timesteps, 1 remaining
[Waiting_time_Solve] Applied 4 waiting time  for agent 14 who has waiting time 1
[Waiting_time_Solve] Applying waiting time 4 to agent 58 who has waiting time 9
[Current_Solution] Agent 58 used 4 waiting timesteps, 5 remaining
[Waiting_time_Solve] New path is consistent after applying waiting time for agent 58
[Current_Solution] Agent 58 used 4 waiting timesteps, 1 remaining
[Waiting_time_Solve] Applied 4 waiting time  for agent 58 who has waiting time 1
[Waiting_time_Solve] Applying waiting time 4 to agent 63 who has waiting time 6
[Current_Solution] Agent 63 used 1 waiting timesteps, 5 remaining
[Waiting_time_Solve] New path is consistent after applying waiting time for agent 63
[Current_Solution] Agent 63 used 4 waiting timesteps, 1 remaining
[Waiting_time_Solve] Applied 4 waiting time  for agent 63 who has waiting time 1
[Waiting_time_Solve] Applying waiting time 4 to agent 64 who has waiting time 22
[Waiting_time_Solve] New path is consistent after applying waiting time for agent 64
[Current_Solution] Agent 64 used 4 waiting timesteps, 18 remaining
[Waiting_time_Solve] Applied 4 waiting time  for agent 64 who has waiting time 18
[Waiting_time_Solve] Applying waiting time 4 to agent 4 who has waiting time 9
[Current_Solution] Agent 4 used 4 waiting timesteps, 5 remaining
[Waiting_time_Solve] New path is consistent after applying waiting time for agent 4
[Current_Solution] Agent 4 used 4 waiting timesteps, 1 remaining
[Waiting_time_Solve] Applied 4 waiting time  for agent 4 who has waiting time 1
[Waiting_time_Solve] Applying waiting time 4 to agent 80 who has waiting time 9
[Current_Solution] Agent 80 used 4 waiting timesteps, 5 remaining
[Waiting_time_Solve] New path is consistent after applying waiting time for agent 80
[Current_Solution] Agent 80 used 4 waiting timesteps, 1 remaining
[Waiting_time_Solve] Applied 4 waiting time  for agent 80 who has waiting time 1
[Waiting_time_Solve] Applying waiting time 4 to agent 98 who has waiting time 6
[Current_Solution] Agent 98 used 1 waiting timesteps, 5 remaining
[Waiting_time_Solve] New path is consistent after applying waiting time for agent 98
[Current_Solution] Agent 98 used 4 waiting timesteps, 1 remaining
[Waiting_time_Solve] Applied 4 waiting time  for agent 98 who has waiting time 1
[Waiting_time_Solve] Applying waiting time 4 to agent 44 who has waiting time 6
[Current_Solution] Agent 44 used 1 waiting timesteps, 5 remaining
[Waiting_time_Solve] New path is consistent after applying waiting time for agent 44
[Current_Solution] Agent 44 used 4 waiting timesteps, 1 remaining
[Waiting_time_Solve] Applied 4 waiting time  for agent 44 who has waiting time 1
[Waiting_time_Solve] ALL Waiting time applied
[Waiting_time_Solve] Extended Zone end time from 36 to 40
[Current_Solution] Agent 2 used 4 waiting timesteps, 5 remaining
[Current_Solution] Agent 3 used 1 waiting timesteps, 5 remaining
[Current_Solution] Agent 6 used 1 waiting timesteps, 5 remaining
[Current_Solution] Agent 12 used 1 waiting timesteps, 5 remaining
[Current_Solution] Agent 13 used 1 waiting timesteps, 5 remaining
[Current_Solution] Agent 25 used 4 waiting timesteps, 5 remaining
[Current_Solution] Agent 26 used 4 waiting timesteps, 5 remaining
[Current_Solution] Agent 27 used 4 waiting timesteps, 5 remaining
[Current_Solution] Agent 35 used 1 waiting timesteps, 5 remaining
[Current_Solution] Agent 49 used 1 waiting timesteps, 5 remaining
[Current_Solution] Agent 55 used 1 waiting timesteps, 5 remaining
[Current_Solution] Agent 59 used 1 waiting timesteps, 5 remaining
[Current_Solution] Agent 60 used 1 waiting timesteps, 5 remaining
[Current_Solution] Agent 65 used 1 waiting timesteps, 5 remaining
[Current_Solution] Agent 66 used 1 waiting timesteps, 5 remaining
[Current_Solution] Agent 68 used 1 waiting timesteps, 5 remaining
[Current_Solution] Agent 69 used 1 waiting timesteps, 5 remaining
[Current_Solution] Agent 74 used 1 waiting timesteps, 5 remaining
[Current_Solution] Agent 76 used 1 waiting timesteps, 5 remaining
[Current_Solution] Agent 77 used 4 waiting timesteps, 5 remaining
[Current_Solution] Agent 79 used 1 waiting timesteps, 5 remaining
[Current_Solution] Agent 81 used 1 waiting timesteps, 5 remaining
[Current_Solution] Agent 83 used 1 waiting timesteps, 5 remaining
[Current_Solution] Agent 85 used 1 waiting timesteps, 5 remaining
[Current_Solution] Agent 87 used 1 waiting timesteps, 5 remaining
[Current_Solution] Agent 92 used 1 waiting timesteps, 5 remaining
[Current_Solution] Agent 94 used 1 waiting timesteps, 5 remaining
[Current_Solution] Agent 95 used 1 waiting timesteps, 5 remaining
[Waiting_time_Solve] Iteration 4...
Command terminated after exceeding the time limit.
# Run terminated after reaching overall time limit

# Batch stopped after reaching overall time limit (elapsed 599s)
