experiment_id,makespan_attempt,zone_attempt,zone_positions,zone_fraction,conflicts,agents,start_t,end_t,waiting_attempts,total_lazy_iterations,total_cnf_clauses,total_cnf_variables,total_mdd_build_ms,total_cnf_build_ms,total_lazy_wall_ms,total_lazy_solver_wall_ms,total_lazy_solver_reported_ms,solved
_home_max_Documents_PhD_MAPF_LNS_MAPF_LNS_SAT_mapf-map_room-32-32-4_map-_home_max_Documents_PhD_MAPF_LNS_MAPF_LNS_SAT_mapf-scen-even_scen-even_room-32-32-4-even-1_scen-agents10-idx0-seed42-1760991853962,0,0,7,0.010264,1,2,1,3,3,7,99,40,0.000000,0.036000,0.197000,0.152000,0.020829,1
_home_max_Documents_PhD_MAPF_LNS_MAPF_LNS_SAT_mapf-map_room-32-32-4_map-_home_max_Documents_PhD_MAPF_LNS_MAPF_LNS_SAT_mapf-scen-even_scen-even_room-32-32-4-even-1_scen-agents10-idx0-seed42-1760991853962,0,0,9,0.013196,1,2,7,9,3,6,120,44,0.000000,0.038000,0.129000,0.100000,0.010260,1
_home_max_Documents_PhD_MAPF_LNS_MAPF_LNS_SAT_mapf-map_room-32-32-4_map-_home_max_Documents_PhD_MAPF_LNS_MAPF_LNS_SAT_mapf-scen-even_scen-even_room-32-32-4-even-1_scen-agents10-idx0-seed42-1760991853962,0,0,8,0.011730,1,2,11,13,1,1,12,7,0.000000,0.005000,0.020000,0.012000,0.000786,1
_home_max_Documents_PhD_MAPF_LNS_MAPF_LNS_SAT_mapf-map_room-32-32-4_map-_home_max_Documents_PhD_MAPF_LNS_MAPF_LNS_SAT_mapf-scen-even_scen-even_room-32-32-4-even-1_scen-agents10-idx0-seed42-1760991853962,0,0,5,0.007331,1,2,12,14,2,3,28,15,0.000000,0.008000,0.036000,0.024000,0.001485,1
_home_max_Documents_PhD_MAPF_LNS_MAPF_LNS_SAT_mapf-map_room-32-32-4_map-_home_max_Documents_PhD_MAPF_LNS_MAPF_LNS_SAT_mapf-scen-even_scen-even_room-32-32-4-even-1_scen-agents10-idx1-seed42-1760991854018,0,0,9,0.013196,2,3,8,11,4,10,646,182,0.000000,0.335000,0.828000,0.696000,0.085524,1
_home_max_Documents_PhD_MAPF_LNS_MAPF_LNS_SAT_mapf-map_room-32-32-4_map-_home_max_Documents_PhD_MAPF_LNS_MAPF_LNS_SAT_mapf-scen-even_scen-even_room-32-32-4-even-1_scen-agents10-idx1-seed42-1760991854018,0,0,9,0.013196,1,2,14,16,5,12,799,207,0.000000,0.327000,0.694000,0.601000,0.049513,1
_home_max_Documents_PhD_MAPF_LNS_MAPF_LNS_SAT_mapf-map_room-32-32-4_map-_home_max_Documents_PhD_MAPF_LNS_MAPF_LNS_SAT_mapf-scen-even_scen-even_room-32-32-4-even-1_scen-agents10-idx1-seed42-1760991854018,0,0,8,0.011730,1,2,19,21,1,1,12,7,0.000000,0.007000,0.023000,0.017000,0.001253,1
_home_max_Documents_PhD_MAPF_LNS_MAPF_LNS_SAT_mapf-map_room-32-32-4_map-_home_max_Documents_PhD_MAPF_LNS_MAPF_LNS_SAT_mapf-scen-even_scen-even_room-32-32-4-even-1_scen-agents10-idx1-seed42-1760991854018,0,0,9,0.013196,1,3,21,23,3,7,97,41,0.000000,0.042000,0.131000,0.092000,0.008684,1
_home_max_Documents_PhD_MAPF_LNS_MAPF_LNS_SAT_mapf-map_room-32-32-4_map-_home_max_Documents_PhD_MAPF_LNS_MAPF_LNS_SAT_mapf-scen-even_scen-even_room-32-32-4-even-1_scen-agents10-idx2-seed42-1760991854068,0,0,8,0.011730,1,2,2,4,3,7,118,42,0.000000,0.046000,0.207000,0.156000,0.026101,1
_home_max_Documents_PhD_MAPF_LNS_MAPF_LNS_SAT_mapf-map_room-32-32-4_map-_home_max_Documents_PhD_MAPF_LNS_MAPF_LNS_SAT_mapf-scen-even_scen-even_room-32-32-4-even-1_scen-agents10-idx2-seed42-1760991854068,0,0,5,0.007331,1,3,5,7,2,3,30,17,0.000000,0.015000,0.048000,0.032000,0.001988,1
_home_max_Documents_PhD_MAPF_LNS_MAPF_LNS_SAT_mapf-map_room-32-32-4_map-_home_max_Documents_PhD_MAPF_LNS_MAPF_LNS_SAT_mapf-scen-even_scen-even_room-32-32-4-even-1_scen-agents10-idx3-seed42-1760991854118,0,0,7,0.010264,1,2,20,22,3,7,83,36,0.000000,0.044000,0.205000,0.150000,0.018767,1
_home_max_Documents_PhD_MAPF_LNS_MAPF_LNS_SAT_mapf-map_room-32-32-4_map-_home_max_Documents_PhD_MAPF_LNS_MAPF_LNS_SAT_mapf-scen-even_scen-even_room-32-32-4-even-1_scen-agents10-idx3-seed42-1760991854118,0,0,5,0.007331,1,2,32,34,1,2,25,10,0.000000,0.011000,0.048000,0.033000,0.002498,1
_home_max_Documents_PhD_MAPF_LNS_MAPF_LNS_SAT_mapf-map_room-32-32-4_map-_home_max_Documents_PhD_MAPF_LNS_MAPF_LNS_SAT_mapf-scen-even_scen-even_room-32-32-4-even-1_scen-agents10-idx4-seed42-1760991854170,0,0,5,0.007331,1,2,3,5,1,1,24,10,0.000000,0.016000,0.158000,0.123000,0.029109,1
_home_max_Documents_PhD_MAPF_LNS_MAPF_LNS_SAT_mapf-map_room-32-32-4_map-_home_max_Documents_PhD_MAPF_LNS_MAPF_LNS_SAT_mapf-scen-even_scen-even_room-32-32-4-even-1_scen-agents10-idx4-seed42-1760991854170,0,0,9,0.013196,1,2,9,11,4,8,356,103,0.000000,0.146000,0.398000,0.309000,0.028868,1
_home_max_Documents_PhD_MAPF_LNS_MAPF_LNS_SAT_mapf-map_room-32-32-4_map-_home_max_Documents_PhD_MAPF_LNS_MAPF_LNS_SAT_mapf-scen-even_scen-even_room-32-32-4-even-1_scen-agents10-idx4-seed42-1760991854170,0,0,7,0.010264,1,3,13,15,4,9,267,95,0.000000,0.097000,0.232000,0.184000,0.016486,1
_home_max_Documents_PhD_MAPF_LNS_MAPF_LNS_SAT_mapf-map_room-32-32-4_map-_home_max_Documents_PhD_MAPF_LNS_MAPF_LNS_SAT_mapf-scen-even_scen-even_room-32-32-4-even-1_scen-agents10-idx4-seed42-1760991854170,0,0,9,0.013196,2,3,19,22,4,9,539,167,0.000000,0.174000,0.360000,0.301000,0.026783,1
_home_max_Documents_PhD_MAPF_LNS_MAPF_LNS_SAT_mapf-map_room-32-32-4_map-_home_max_Documents_PhD_MAPF_LNS_MAPF_LNS_SAT_mapf-scen-even_scen-even_room-32-32-4-even-1_scen-agents10-idx4-seed42-1760991854170,0,0,5,0.007331,1,2,22,24,1,2,25,10,0.000000,0.008000,0.036000,0.024000,0.001835,1
_home_max_Documents_PhD_MAPF_LNS_MAPF_LNS_SAT_mapf-map_room-32-32-4_map-_home_max_Documents_PhD_MAPF_LNS_MAPF_LNS_SAT_mapf-scen-even_scen-even_room-32-32-4-even-1_scen-agents10-idx4-seed42-1760991854170,0,0,5,0.007331,1,2,30,32,1,1,24,10,0.000000,0.007000,0.025000,0.020000,0.000993,1
_home_max_Documents_PhD_MAPF_LNS_MAPF_LNS_SAT_mapf-map_room-32-32-4_map-_home_max_Documents_PhD_MAPF_LNS_MAPF_LNS_SAT_mapf-scen-even_scen-even_room-32-32-4-even-1_scen-agents10-idx6-seed42-1760991854272,0,0,9,0.013196,3,2,5,9,2,3,54,25,0.000000,0.043000,0.189000,0.145000,0.018625,1
_home_max_Documents_PhD_MAPF_LNS_MAPF_LNS_SAT_mapf-map_room-32-32-4_map-_home_max_Documents_PhD_MAPF_LNS_MAPF_LNS_SAT_mapf-scen-even_scen-even_room-32-32-4-even-1_scen-agents10-idx6-seed42-1760991854272,0,0,5,0.007331,2,3,26,29,3,10,222,74,0.000000,0.203000,0.878000,0.749000,0.026468,0
_home_max_Documents_PhD_MAPF_LNS_MAPF_LNS_SAT_mapf-map_room-32-32-4_map-_home_max_Documents_PhD_MAPF_LNS_MAPF_LNS_SAT_mapf-scen-even_scen-even_room-32-32-4-even-1_scen-agents10-idx6-seed42-1760991854272,0,1,9,0.013196,2,3,25,30,1,1,163,48,0.000000,0.161000,0.289000,0.262000,0.016003,1
_home_max_Documents_PhD_MAPF_LNS_MAPF_LNS_SAT_mapf-map_room-32-32-4_map-_home_max_Documents_PhD_MAPF_LNS_MAPF_LNS_SAT_mapf-scen-even_scen-even_room-32-32-4-even-1_scen-agents10-idx7-seed42-1760991854322,0,0,7,0.010264,4,5,9,13,3,6,265,106,0.000000,0.118000,0.260000,0.206000,0.023762,0
_home_max_Documents_PhD_MAPF_LNS_MAPF_LNS_SAT_mapf-map_room-32-32-4_map-_home_max_Documents_PhD_MAPF_LNS_MAPF_LNS_SAT_mapf-scen-even_scen-even_room-32-32-4-even-1_scen-agents10-idx7-seed42-1760991854322,0,1,14,0.020528,4,5,8,14,3,7,736,218,0.000000,0.259000,0.442000,0.379000,0.031612,0
_home_max_Documents_PhD_MAPF_LNS_MAPF_LNS_SAT_mapf-map_room-32-32-4_map-_home_max_Documents_PhD_MAPF_LNS_MAPF_LNS_SAT_mapf-scen-even_scen-even_room-32-32-4-even-1_scen-agents10-idx7-seed42-1760991854322,0,2,22,0.032258,4,5,7,15,3,7,1245,318,0.000000,0.411000,0.685000,0.615000,0.041438,0
_home_max_Documents_PhD_MAPF_LNS_MAPF_LNS_SAT_mapf-map_room-32-32-4_map-_home_max_Documents_PhD_MAPF_LNS_MAPF_LNS_SAT_mapf-scen-even_scen-even_room-32-32-4-even-1_scen-agents10-idx7-seed42-1760991854322,0,3,31,0.045455,4,5,6,16,3,7,2067,436,0.000000,0.622000,1.504000,1.406000,0.059518,0
_home_max_Documents_PhD_MAPF_LNS_MAPF_LNS_SAT_mapf-map_room-32-32-4_map-_home_max_Documents_PhD_MAPF_LNS_MAPF_LNS_SAT_mapf-scen-even_scen-even_room-32-32-4-even-1_scen-agents10-idx7-seed42-1760991854322,0,4,41,0.060117,4,5,5,17,3,7,3471,588,0.000000,1.018000,2.946000,2.837000,0.081455,0
_home_max_Documents_PhD_MAPF_LNS_MAPF_LNS_SAT_mapf-map_room-32-32-4_map-_home_max_Documents_PhD_MAPF_LNS_MAPF_LNS_SAT_mapf-scen-even_scen-even_room-32-32-4-even-1_scen-agents10-idx7-seed42-1760991854322,0,5,57,0.083578,4,7,4,18,3,7,6425,826,0.000000,1.708000,5.114000,4.973000,0.119330,0
_home_max_Documents_PhD_MAPF_LNS_MAPF_LNS_SAT_mapf-map_room-32-32-4_map-_home_max_Documents_PhD_MAPF_LNS_MAPF_LNS_SAT_mapf-scen-even_scen-even_room-32-32-4-even-1_scen-agents10-idx7-seed42-1760991854322,0,6,73,0.107038,4,7,3,19,3,7,9708,1077,0.000000,2.444000,7.434000,7.260000,0.165396,0
_home_max_Documents_PhD_MAPF_LNS_MAPF_LNS_SAT_mapf-map_room-32-32-4_map-_home_max_Documents_PhD_MAPF_LNS_MAPF_LNS_SAT_mapf-scen-even_scen-even_room-32-32-4-even-1_scen-agents10-idx7-seed42-1760991854322,0,7,90,0.131965,4,8,2,20,3,7,19409,1906,0.000000,4.935000,14.467000,14.197000,0.286655,0
_home_max_Documents_PhD_MAPF_LNS_MAPF_LNS_SAT_mapf-map_room-32-32-4_map-_home_max_Documents_PhD_MAPF_LNS_MAPF_LNS_SAT_mapf-scen-even_scen-even_room-32-32-4-even-1_scen-agents10-idx7-seed42-1760991854322,0,8,106,0.155425,4,8,1,21,3,7,29125,2454,0.000000,7.197000,16.626000,16.344000,0.421511,1
_home_max_Documents_PhD_MAPF_LNS_MAPF_LNS_SAT_mapf-map_room-32-32-4_map-_home_max_Documents_PhD_MAPF_LNS_MAPF_LNS_SAT_mapf-scen-even_scen-even_room-32-32-4-even-1_scen-agents10-idx7-seed42-1760991854322,0,0,7,0.010264,3,2,29,33,2,3,54,25,0.000000,0.024000,0.057000,0.040000,0.002765,1
_home_max_Documents_PhD_MAPF_LNS_MAPF_LNS_SAT_mapf-map_room-32-32-4_map-_home_max_Documents_PhD_MAPF_LNS_MAPF_LNS_SAT_mapf-scen-even_scen-even_room-32-32-4-even-1_scen-agents10-idx8-seed42-1760991854473,0,0,7,0.010264,1,3,33,35,3,9,137,49,0.001000,0.145000,0.424000,0.317000,0.045398,1
_home_max_Documents_PhD_MAPF_LNS_MAPF_LNS_SAT_mapf-map_room-32-32-4_map-_home_max_Documents_PhD_MAPF_LNS_MAPF_LNS_SAT_mapf-scen-even_scen-even_room-32-32-4-even-1_scen-agents10-idx8-seed42-1760991854473,0,0,8,0.011730,1,2,41,43,3,7,148,48,0.000000,0.094000,0.283000,0.215000,0.019311,1
_home_max_Documents_PhD_MAPF_LNS_MAPF_LNS_SAT_mapf-map_room-32-32-4_map-_home_max_Documents_PhD_MAPF_LNS_MAPF_LNS_SAT_mapf-scen-even_scen-even_room-32-32-4-even-1_scen-agents10-idx8-seed42-1760991854473,0,0,5,0.007331,1,2,44,46,1,3,26,10,0.000000,0.018000,0.084000,0.054000,0.004212,1
_home_max_Documents_PhD_MAPF_LNS_MAPF_LNS_SAT_mapf-map_room-32-32-4_map-_home_max_Documents_PhD_MAPF_LNS_MAPF_LNS_SAT_mapf-scen-even_scen-even_room-32-32-4-even-1_scen-agents10-idx10-seed42-1760991854571,0,0,7,0.010264,1,2,1,3,4,8,258,87,0.000000,0.083000,0.353000,0.303000,0.031025,1
_home_max_Documents_PhD_MAPF_LNS_MAPF_LNS_SAT_mapf-map_room-32-32-4_map-_home_max_Documents_PhD_MAPF_LNS_MAPF_LNS_SAT_mapf-scen-even_scen-even_room-32-32-4-even-1_scen-agents10-idx10-seed42-1760991854571,0,0,9,0.013196,1,2,17,19,3,5,92,38,0.000000,0.033000,0.099000,0.076000,0.004744,1
_home_max_Documents_PhD_MAPF_LNS_MAPF_LNS_SAT_mapf-map_room-32-32-4_map-_home_max_Documents_PhD_MAPF_LNS_MAPF_LNS_SAT_mapf-scen-even_scen-even_room-32-32-4-even-1_scen-agents10-idx10-seed42-1760991854571,0,0,7,0.010264,1,2,17,19,1,1,14,8,0.000000,0.006000,0.020000,0.014000,0.000895,1
_home_max_Documents_PhD_MAPF_LNS_MAPF_LNS_SAT_mapf-map_room-32-32-4_map-_home_max_Documents_PhD_MAPF_LNS_MAPF_LNS_SAT_mapf-scen-even_scen-even_room-32-32-4-even-1_scen-agents10-idx10-seed42-1760991854571,0,0,5,0.007331,1,2,50,52,1,2,25,10,0.000000,0.008000,0.037000,0.025000,0.002060,1
_home_max_Documents_PhD_MAPF_LNS_MAPF_LNS_SAT_mapf-map_room-32-32-4_map-_home_max_Documents_PhD_MAPF_LNS_MAPF_LNS_SAT_mapf-scen-even_scen-even_room-32-32-4-even-1_scen-agents10-idx11-seed42-1760991854626,0,0,4,0.005865,1,2,4,6,1,2,20,9,0.000000,0.019000,0.150000,0.118000,0.019672,1
_home_max_Documents_PhD_MAPF_LNS_MAPF_LNS_SAT_mapf-map_room-32-32-4_map-_home_max_Documents_PhD_MAPF_LNS_MAPF_LNS_SAT_mapf-scen-even_scen-even_room-32-32-4-even-1_scen-agents10-idx11-seed42-1760991854626,0,0,12,0.017595,3,4,23,26,3,7,335,115,0.000000,0.220000,0.488000,0.389000,0.050194,0
_home_max_Documents_PhD_MAPF_LNS_MAPF_LNS_SAT_mapf-map_room-32-32-4_map-_home_max_Documents_PhD_MAPF_LNS_MAPF_LNS_SAT_mapf-scen-even_scen-even_room-32-32-4-even-1_scen-agents10-idx11-seed42-1760991854626,0,1,18,0.026393,3,4,22,27,3,7,521,174,0.000000,0.277000,0.752000,0.655000,0.062567,0
_home_max_Documents_PhD_MAPF_LNS_MAPF_LNS_SAT_mapf-map_room-32-32-4_map-_home_max_Documents_PhD_MAPF_LNS_MAPF_LNS_SAT_mapf-scen-even_scen-even_room-32-32-4-even-1_scen-agents10-idx11-seed42-1760991854626,0,2,23,0.033724,3,4,21,28,3,7,708,233,0.000000,0.315000,0.567000,0.475000,0.060950,0
_home_max_Documents_PhD_MAPF_LNS_MAPF_LNS_SAT_mapf-map_room-32-32-4_map-_home_max_Documents_PhD_MAPF_LNS_MAPF_LNS_SAT_mapf-scen-even_scen-even_room-32-32-4-even-1_scen-agents10-idx11-seed42-1760991854626,0,3,29,0.042522,3,4,20,29,3,7,901,297,0.002000,0.328000,0.576000,0.499000,0.062785,0
_home_max_Documents_PhD_MAPF_LNS_MAPF_LNS_SAT_mapf-map_room-32-32-4_map-_home_max_Documents_PhD_MAPF_LNS_MAPF_LNS_SAT_mapf-scen-even_scen-even_room-32-32-4-even-1_scen-agents10-idx11-seed42-1760991854626,0,4,40,0.058651,3,4,19,30,3,7,1078,357,0.000000,0.371000,0.648000,0.563000,0.081990,0
_home_max_Documents_PhD_MAPF_LNS_MAPF_LNS_SAT_mapf-map_room-32-32-4_map-_home_max_Documents_PhD_MAPF_LNS_MAPF_LNS_SAT_mapf-scen-even_scen-even_room-32-32-4-even-1_scen-agents10-idx11-seed42-1760991854626,0,5,53,0.077713,3,6,18,31,3,7,1254,424,0.000000,0.465000,0.734000,0.641000,0.090675,0
_home_max_Documents_PhD_MAPF_LNS_MAPF_LNS_SAT_mapf-map_room-32-32-4_map-_home_max_Documents_PhD_MAPF_LNS_MAPF_LNS_SAT_mapf-scen-even_scen-even_room-32-32-4-even-1_scen-agents10-idx11-seed42-1760991854626,0,6,69,0.101173,3,6,17,32,3,7,1450,494,0.000000,0.561000,0.829000,0.726000,0.083292,0
_home_max_Documents_PhD_MAPF_LNS_MAPF_LNS_SAT_mapf-map_room-32-32-4_map-_home_max_Documents_PhD_MAPF_LNS_MAPF_LNS_SAT_mapf-scen-even_scen-even_room-32-32-4-even-1_scen-agents10-idx11-seed42-1760991854626,0,7,83,0.121701,3,6,16,33,3,7,1629,566,0.000000,0.678000,0.932000,0.816000,0.087325,0
_home_max_Documents_PhD_MAPF_LNS_MAPF_LNS_SAT_mapf-map_room-32-32-4_map-_home_max_Documents_PhD_MAPF_LNS_MAPF_LNS_SAT_mapf-scen-even_scen-even_room-32-32-4-even-1_scen-agents10-idx11-seed42-1760991854626,0,8,104,0.152493,3,6,15,34,3,7,1838,642,0.000000,0.952000,1.046000,0.915000,0.105707,0
_home_max_Documents_PhD_MAPF_LNS_MAPF_LNS_SAT_mapf-map_room-32-32-4_map-_home_max_Documents_PhD_MAPF_LNS_MAPF_LNS_SAT_mapf-scen-even_scen-even_room-32-32-4-even-1_scen-agents10-idx11-seed42-1760991854626,0,9,125,0.183284,3,6,14,35,3,7,2207,740,0.000000,0.957000,1.249000,1.099000,0.128723,0
_home_max_Documents_PhD_MAPF_LNS_MAPF_LNS_SAT_mapf-map_room-32-32-4_map-_home_max_Documents_PhD_MAPF_LNS_MAPF_LNS_SAT_mapf-scen-even_scen-even_room-32-32-4-even-1_scen-agents10-idx11-seed42-1760991854626,0,10,147,0.215543,3,6,13,36,3,7,2602,847,0.000000,1.095000,1.387000,1.242000,0.149341,0
_home_max_Documents_PhD_MAPF_LNS_MAPF_LNS_SAT_mapf-map_room-32-32-4_map-_home_max_Documents_PhD_MAPF_LNS_MAPF_LNS_SAT_mapf-scen-even_scen-even_room-32-32-4-even-1_scen-agents10-idx11-seed42-1760991854626,0,11,167,0.244868,3,6,12,37,3,7,2841,936,0.000000,1.170000,1.658000,1.491000,0.168863,0
_home_max_Documents_PhD_MAPF_LNS_MAPF_LNS_SAT_mapf-map_room-32-32-4_map-_home_max_Documents_PhD_MAPF_LNS_MAPF_LNS_SAT_mapf-scen-even_scen-even_room-32-32-4-even-1_scen-agents10-idx11-seed42-1760991854626,0,12,191,0.280059,3,6,11,38,3,7,3226,1032,0.000000,1.427000,1.653000,1.478000,0.163037,0
_home_max_Documents_PhD_MAPF_LNS_MAPF_LNS_SAT_mapf-map_room-32-32-4_map-_home_max_Documents_PhD_MAPF_LNS_MAPF_LNS_SAT_mapf-scen-even_scen-even_room-32-32-4-even-1_scen-agents10-idx11-seed42-1760991854626,0,13,217,0.318182,3,7,10,39,3,7,79183,4099,0.000000,31.119000,59.712000,59.231000,1.266338,0
_home_max_Documents_PhD_MAPF_LNS_MAPF_LNS_SAT_mapf-map_room-32-32-4_map-_home_max_Documents_PhD_MAPF_LNS_MAPF_LNS_SAT_mapf-scen-even_scen-even_room-32-32-4-even-1_scen-agents10-idx11-seed42-1760991854626,0,14,237,0.347507,3,7,9,40,3,7,109854,4867,0.000000,45.090000,80.361000,79.714000,1.504094,0
_home_max_Documents_PhD_MAPF_LNS_MAPF_LNS_SAT_mapf-map_room-32-32-4_map-_home_max_Documents_PhD_MAPF_LNS_MAPF_LNS_SAT_mapf-scen-even_scen-even_room-32-32-4-even-1_scen-agents10-idx11-seed42-1760991854626,0,15,260,0.381232,3,7,8,41,3,7,165506,6023,0.000000,73.864000,124.482000,123.533000,2.140005,0
_home_max_Documents_PhD_MAPF_LNS_MAPF_LNS_SAT_mapf-map_room-32-32-4_map-_home_max_Documents_PhD_MAPF_LNS_MAPF_LNS_SAT_mapf-scen-even_scen-even_room-32-32-4-even-1_scen-agents10-idx11-seed42-1760991854626,0,16,290,0.425220,3,8,7,42,3,7,268010,9237,0.001000,125.371000,202.263000,200.767000,3.350403,0
_home_max_Documents_PhD_MAPF_LNS_MAPF_LNS_SAT_mapf-map_room-32-32-4_map-_home_max_Documents_PhD_MAPF_LNS_MAPF_LNS_SAT_mapf-scen-even_scen-even_room-32-32-4-even-1_scen-agents10-idx11-seed42-1760991854626,0,17,327,0.479472,3,8,6,43,3,7,380982,11118,0.002000,191.925000,333.771000,332.056000,4.485361,0
_home_max_Documents_PhD_MAPF_LNS_MAPF_LNS_SAT_mapf-map_room-32-32-4_map-_home_max_Documents_PhD_MAPF_LNS_MAPF_LNS_SAT_mapf-scen-even_scen-even_room-32-32-4-even-1_scen-agents10-idx11-seed42-1760991854626,0,18,366,0.536657,3,8,5,44,3,7,769485,18354,0.003000,418.709000,549.392000,545.186000,7.525028,1
_home_max_Documents_PhD_MAPF_LNS_MAPF_LNS_SAT_mapf-map_room-32-32-4_map-_home_max_Documents_PhD_MAPF_LNS_MAPF_LNS_SAT_mapf-scen-even_scen-even_room-32-32-4-even-1_scen-agents10-idx11-seed42-1760991854626,0,0,4,0.005865,1,2,41,43,1,2,20,9,0.000000,0.011000,0.050000,0.034000,0.005383,1
_home_max_Documents_PhD_MAPF_LNS_MAPF_LNS_SAT_mapf-map_room-32-32-4_map-_home_max_Documents_PhD_MAPF_LNS_MAPF_LNS_SAT_mapf-scen-even_scen-even_room-32-32-4-even-1_scen-agents10-idx12-seed42-1760991857085,0,0,9,0.013196,2,3,4,7,5,21,1112,298,0.000000,0.497000,1.605000,1.289000,0.269943,1
_home_max_Documents_PhD_MAPF_LNS_MAPF_LNS_SAT_mapf-map_room-32-32-4_map-_home_max_Documents_PhD_MAPF_LNS_MAPF_LNS_SAT_mapf-scen-even_scen-even_room-32-32-4-even-2_scen-agents10-idx0-seed42-1760991857135,0,0,5,0.007331,1,2,13,15,2,3,28,15,0.000000,0.031000,0.160000,0.122000,0.018294,1
_home_max_Documents_PhD_MAPF_LNS_MAPF_LNS_SAT_mapf-map_room-32-32-4_map-_home_max_Documents_PhD_MAPF_LNS_MAPF_LNS_SAT_mapf-scen-even_scen-even_room-32-32-4-even-2_scen-agents10-idx0-seed42-1760991857135,0,0,9,0.013196,1,2,16,18,3,7,166,50,0.000000,0.093000,0.310000,0.244000,0.023046,1
_home_max_Documents_PhD_MAPF_LNS_MAPF_LNS_SAT_mapf-map_room-32-32-4_map-_home_max_Documents_PhD_MAPF_LNS_MAPF_LNS_SAT_mapf-scen-even_scen-even_room-32-32-4-even-2_scen-agents10-idx0-seed42-1760991857135,0,0,9,0.013196,1,2,23,25,3,7,166,50,0.000000,0.085000,0.284000,0.217000,0.020171,1
_home_max_Documents_PhD_MAPF_LNS_MAPF_LNS_SAT_mapf-map_room-32-32-4_map-_home_max_Documents_PhD_MAPF_LNS_MAPF_LNS_SAT_mapf-scen-even_scen-even_room-32-32-4-even-2_scen-agents10-idx0-seed42-1760991857135,0,0,9,0.013196,1,2,44,46,3,7,166,50,0.000000,0.091000,0.247000,0.195000,0.017171,1
_home_max_Documents_PhD_MAPF_LNS_MAPF_LNS_SAT_mapf-map_room-32-32-4_map-_home_max_Documents_PhD_MAPF_LNS_MAPF_LNS_SAT_mapf-scen-even_scen-even_room-32-32-4-even-2_scen-agents10-idx1-seed42-1760991857185,0,0,5,0.007331,1,2,14,16,4,7,179,68,0.000000,0.124000,0.336000,0.281000,0.023817,0
_home_max_Documents_PhD_MAPF_LNS_MAPF_LNS_SAT_mapf-map_room-32-32-4_map-_home_max_Documents_PhD_MAPF_LNS_MAPF_LNS_SAT_mapf-scen-even_scen-even_room-32-32-4-even-2_scen-agents10-idx1-seed42-1760991857185,0,1,10,0.014663,1,2,13,17,5,10,907,227,0.000000,0.425000,0.843000,0.766000,0.052859,0
_home_max_Documents_PhD_MAPF_LNS_MAPF_LNS_SAT_mapf-map_room-32-32-4_map-_home_max_Documents_PhD_MAPF_LNS_MAPF_LNS_SAT_mapf-scen-even_scen-even_room-32-32-4-even-2_scen-agents10-idx1-seed42-1760991857185,0,2,16,0.023460,1,3,12,18,4,9,722,185,0.000000,0.271000,0.595000,0.513000,0.038951,1
_home_max_Documents_PhD_MAPF_LNS_MAPF_LNS_SAT_mapf-map_room-32-32-4_map-_home_max_Documents_PhD_MAPF_LNS_MAPF_LNS_SAT_mapf-scen-even_scen-even_room-32-32-4-even-2_scen-agents10-idx1-seed42-1760991857185,0,0,9,0.013196,1,2,19,21,3,5,92,38,0.000000,0.037000,0.105000,0.079000,0.004788,1
_home_max_Documents_PhD_MAPF_LNS_MAPF_LNS_SAT_mapf-map_room-32-32-4_map-_home_max_Documents_PhD_MAPF_LNS_MAPF_LNS_SAT_mapf-scen-even_scen-even_room-32-32-4-even-2_scen-agents10-idx1-seed42-1760991857185,0,0,9,0.013196,1,2,23,25,4,8,353,101,0.000000,0.103000,0.247000,0.209000,0.015044,1
_home_max_Documents_PhD_MAPF_LNS_MAPF_LNS_SAT_mapf-map_room-32-32-4_map-_home_max_Documents_PhD_MAPF_LNS_MAPF_LNS_SAT_mapf-scen-even_scen-even_room-32-32-4-even-2_scen-agents10-idx1-seed42-1760991857185,0,0,7,0.010264,1,2,41,43,3,7,101,41,0.000000,0.033000,0.104000,0.075000,0.006671,0
_home_max_Documents_PhD_MAPF_LNS_MAPF_LNS_SAT_mapf-map_room-32-32-4_map-_home_max_Documents_PhD_MAPF_LNS_MAPF_LNS_SAT_mapf-scen-even_scen-even_room-32-32-4-even-2_scen-agents10-idx1-seed42-1760991857185,0,1,15,0.021994,1,2,40,44,3,7,181,67,0.000000,0.058000,0.146000,0.115000,0.012666,0
_home_max_Documents_PhD_MAPF_LNS_MAPF_LNS_SAT_mapf-map_room-32-32-4_map-_home_max_Documents_PhD_MAPF_LNS_MAPF_LNS_SAT_mapf-scen-even_scen-even_room-32-32-4-even-2_scen-agents10-idx1-seed42-1760991857185,0,2,22,0.032258,1,2,39,45,3,7,240,89,0.000000,0.081000,0.179000,0.141000,0.013891,0
_home_max_Documents_PhD_MAPF_LNS_MAPF_LNS_SAT_mapf-map_room-32-32-4_map-_home_max_Documents_PhD_MAPF_LNS_MAPF_LNS_SAT_mapf-scen-even_scen-even_room-32-32-4-even-2_scen-agents10-idx1-seed42-1760991857185,0,3,31,0.045455,1,2,38,46,3,7,449,139,0.000000,0.151000,0.288000,0.245000,0.027378,0
_home_max_Documents_PhD_MAPF_LNS_MAPF_LNS_SAT_mapf-map_room-32-32-4_map-_home_max_Documents_PhD_MAPF_LNS_MAPF_LNS_SAT_mapf-scen-even_scen-even_room-32-32-4-even-2_scen-agents10-idx1-seed42-1760991857185,0,4,38,0.055718,1,2,37,47,2,5,330,111,0.000000,0.109000,0.216000,0.183000,0.015673,0
_home_max_Documents_PhD_MAPF_LNS_MAPF_LNS_SAT_mapf-map_room-32-32-4_map-_home_max_Documents_PhD_MAPF_LNS_MAPF_LNS_SAT_mapf-scen-even_scen-even_room-32-32-4-even-2_scen-agents10-idx1-seed42-1760991857185,0,5,44,0.064516,1,2,36,48,2,6,630,170,0.000000,0.188000,0.377000,0.334000,0.033969,0
_home_max_Documents_PhD_MAPF_LNS_MAPF_LNS_SAT_mapf-map_room-32-32-4_map-_home_max_Documents_PhD_MAPF_LNS_MAPF_LNS_SAT_mapf-scen-even_scen-even_room-32-32-4-even-2_scen-agents10-idx1-seed42-1760991857185,0,6,48,0.070381,1,2,35,49,2,6,1097,247,0.000000,0.311000,0.600000,0.535000,0.043352,1
_home_max_Documents_PhD_MAPF_LNS_MAPF_LNS_SAT_mapf-map_room-32-32-4_map-_home_max_Documents_PhD_MAPF_LNS_MAPF_LNS_SAT_mapf-scen-even_scen-even_room-32-32-4-even-2_scen-agents10-idx2-seed42-1760991857232,0,0,6,0.008798,1,2,0,2,2,4,33,17,0.000000,0.018000,0.133000,0.095000,0.011711,1
_home_max_Documents_PhD_MAPF_LNS_MAPF_LNS_SAT_mapf-map_room-32-32-4_map-_home_max_Documents_PhD_MAPF_LNS_MAPF_LNS_SAT_mapf-scen-even_scen-even_room-32-32-4-even-2_scen-agents10-idx2-seed42-1760991857232,0,0,7,0.010264,3,2,1,5,2,3,54,25,0.000000,0.025000,0.094000,0.066000,0.003211,1
_home_max_Documents_PhD_MAPF_LNS_MAPF_LNS_SAT_mapf-map_room-32-32-4_map-_home_max_Documents_PhD_MAPF_LNS_MAPF_LNS_SAT_mapf-scen-even_scen-even_room-32-32-4-even-2_scen-agents10-idx2-seed42-1760991857232,0,0,9,0.013196,1,2,11,13,4,8,353,101,0.000000,0.131000,0.403000,0.345000,0.030826,1
_home_max_Documents_PhD_MAPF_LNS_MAPF_LNS_SAT_mapf-map_room-32-32-4_map-_home_max_Documents_PhD_MAPF_LNS_MAPF_LNS_SAT_mapf-scen-even_scen-even_room-32-32-4-even-2_scen-agents10-idx2-seed42-1760991857232,0,0,9,0.013196,2,3,19,22,4,8,406,124,0.000000,0.202000,0.514000,0.431000,0.032561,1
_home_max_Documents_PhD_MAPF_LNS_MAPF_LNS_SAT_mapf-map_room-32-32-4_map-_home_max_Documents_PhD_MAPF_LNS_MAPF_LNS_SAT_mapf-scen-even_scen-even_room-32-32-4-even-2_scen-agents10-idx2-seed42-1760991857232,0,0,4,0.005865,1,2,40,42,1,2,20,9,0.000000,0.013000,0.058000,0.039000,0.003524,1
_home_max_Documents_PhD_MAPF_LNS_MAPF_LNS_SAT_mapf-map_room-32-32-4_map-_home_max_Documents_PhD_MAPF_LNS_MAPF_LNS_SAT_mapf-scen-even_scen-even_room-32-32-4-even-2_scen-agents10-idx3-seed42-1760991857286,0,0,7,0.010264,1,2,10,12,4,15,228,85,0.000000,0.143000,0.645000,0.475000,0.098599,1
_home_max_Documents_PhD_MAPF_LNS_MAPF_LNS_SAT_mapf-map_room-32-32-4_map-_home_max_Documents_PhD_MAPF_LNS_MAPF_LNS_SAT_mapf-scen-even_scen-even_room-32-32-4-even-2_scen-agents10-idx3-seed42-1760991857286,0,0,33,0.048387,14,2,19,34,2,3,194,85,0.000000,0.117000,0.203000,0.160000,0.009373,1
_home_max_Documents_PhD_MAPF_LNS_MAPF_LNS_SAT_mapf-map_room-32-32-4_map-_home_max_Documents_PhD_MAPF_LNS_MAPF_LNS_SAT_mapf-scen-even_scen-even_room-32-32-4-even-2_scen-agents10-idx4-seed42-1760991857337,0,0,5,0.007331,1,2,4,6,4,7,179,68,0.000000,0.058000,0.174000,0.143000,0.012661,0
_home_max_Documents_PhD_MAPF_LNS_MAPF_LNS_SAT_mapf-map_room-32-32-4_map-_home_max_Documents_PhD_MAPF_LNS_MAPF_LNS_SAT_mapf-scen-even_scen-even_room-32-32-4-even-2_scen-agents10-idx4-seed42-1760991857337,0,1,9,0.013196,1,2,3,7,5,10,874,228,0.000000,0.258000,0.697000,0.646000,0.045450,0
_home_max_Documents_PhD_MAPF_LNS_MAPF_LNS_SAT_mapf-map_room-32-32-4_map-_home_max_Documents_PhD_MAPF_LNS_MAPF_LNS_SAT_mapf-scen-even_scen-even_room-32-32-4-even-2_scen-agents10-idx4-seed42-1760991857337,0,2,15,0.021994,1,2,2,8,4,9,802,196,0.000000,0.222000,0.700000,0.616000,0.056487,1
_home_max_Documents_PhD_MAPF_LNS_MAPF_LNS_SAT_mapf-map_room-32-32-4_map-_home_max_Documents_PhD_MAPF_LNS_MAPF_LNS_SAT_mapf-scen-even_scen-even_room-32-32-4-even-2_scen-agents10-idx4-seed42-1760991857337,0,0,5,0.007331,1,2,26,28,1,1,24,10,0.000000,0.014000,0.031000,0.025000,0.002485,1
_home_max_Documents_PhD_MAPF_LNS_MAPF_LNS_SAT_mapf-map_room-32-32-4_map-_home_max_Documents_PhD_MAPF_LNS_MAPF_LNS_SAT_mapf-scen-even_scen-even_room-32-32-4-even-2_scen-agents10-idx4-seed42-1760991857337,0,0,4,0.005865,1,2,41,43,1,4,22,9,0.000000,0.008000,0.050000,0.027000,0.002408,1
_home_max_Documents_PhD_MAPF_LNS_MAPF_LNS_SAT_mapf-map_room-32-32-4_map-_home_max_Documents_PhD_MAPF_LNS_MAPF_LNS_SAT_mapf-scen-even_scen-even_room-32-32-4-even-2_scen-agents10-idx5-seed42-1760991857388,0,0,9,0.013196,3,3,7,11,2,3,56,28,0.000000,0.058000,0.251000,0.191000,0.019546,1
_home_max_Documents_PhD_MAPF_LNS_MAPF_LNS_SAT_mapf-map_room-32-32-4_map-_home_max_Documents_PhD_MAPF_LNS_MAPF_LNS_SAT_mapf-scen-even_scen-even_room-32-32-4-even-2_scen-agents10-idx5-seed42-1760991857388,0,0,9,0.013196,1,2,12,14,3,6,121,45,0.000000,0.073000,0.237000,0.177000,0.023700,1
_home_max_Documents_PhD_MAPF_LNS_MAPF_LNS_SAT_mapf-map_room-32-32-4_map-_home_max_Documents_PhD_MAPF_LNS_MAPF_LNS_SAT_mapf-scen-even_scen-even_room-32-32-4-even-2_scen-agents10-idx5-seed42-1760991857388,0,0,9,0.013196,1,4,17,19,4,9,318,104,0.000000,0.186000,0.387000,0.302000,0.030731,1
_home_max_Documents_PhD_MAPF_LNS_MAPF_LNS_SAT_mapf-map_room-32-32-4_map-_home_max_Documents_PhD_MAPF_LNS_MAPF_LNS_SAT_mapf-scen-even_scen-even_room-32-32-4-even-2_scen-agents10-idx6-seed42-1760991857438,0,0,5,0.007331,1,2,8,10,3,5,69,32,0.001000,0.060000,0.329000,0.271000,0.036785,1
_home_max_Documents_PhD_MAPF_LNS_MAPF_LNS_SAT_mapf-map_room-32-32-4_map-_home_max_Documents_PhD_MAPF_LNS_MAPF_LNS_SAT_mapf-scen-even_scen-even_room-32-32-4-even-2_scen-agents10-idx6-seed42-1760991857438,0,0,9,0.013196,1,2,14,16,3,7,94,38,0.000000,0.052000,0.233000,0.164000,0.014552,1
_home_max_Documents_PhD_MAPF_LNS_MAPF_LNS_SAT_mapf-map_room-32-32-4_map-_home_max_Documents_PhD_MAPF_LNS_MAPF_LNS_SAT_mapf-scen-even_scen-even_room-32-32-4-even-2_scen-agents10-idx6-seed42-1760991857438,0,0,5,0.007331,1,2,14,16,1,1,24,10,0.000000,0.012000,0.049000,0.038000,0.002281,1
_home_max_Documents_PhD_MAPF_LNS_MAPF_LNS_SAT_mapf-map_room-32-32-4_map-_home_max_Documents_PhD_MAPF_LNS_MAPF_LNS_SAT_mapf-scen-even_scen-even_room-32-32-4-even-2_scen-agents10-idx6-seed42-1760991857438,0,0,8,0.011730,1,2,20,22,1,2,15,8,0.000000,0.008000,0.045000,0.027000,0.001847,1
_home_max_Documents_PhD_MAPF_LNS_MAPF_LNS_SAT_mapf-map_room-32-32-4_map-_home_max_Documents_PhD_MAPF_LNS_MAPF_LNS_SAT_mapf-scen-even_scen-even_room-32-32-4-even-2_scen-agents10-idx7-seed42-1760991857490,0,0,9,0.013196,1,2,2,4,3,7,94,38,0.000000,0.041000,0.186000,0.139000,0.019539,1
_home_max_Documents_PhD_MAPF_LNS_MAPF_LNS_SAT_mapf-map_room-32-32-4_map-_home_max_Documents_PhD_MAPF_LNS_MAPF_LNS_SAT_mapf-scen-even_scen-even_room-32-32-4-even-2_scen-agents10-idx8-seed42-1760991857539,0,0,9,0.013196,1,3,13,15,4,8,471,140,0.000000,0.189000,0.475000,0.407000,0.026191,0
_home_max_Documents_PhD_MAPF_LNS_MAPF_LNS_SAT_mapf-map_room-32-32-4_map-_home_max_Documents_PhD_MAPF_LNS_MAPF_LNS_SAT_mapf-scen-even_scen-even_room-32-32-4-even-2_scen-agents10-idx8-seed42-1760991857539,0,1,16,0.023460,1,3,12,16,6,14,5479,933,0.000000,1.601000,2.770000,2.625000,0.168081,1
_home_max_Documents_PhD_MAPF_LNS_MAPF_LNS_SAT_mapf-map_room-32-32-4_map-_home_max_Documents_PhD_MAPF_LNS_MAPF_LNS_SAT_mapf-scen-even_scen-even_room-32-32-4-even-2_scen-agents10-idx8-seed42-1760991857539,0,0,9,0.013196,1,3,18,20,3,8,144,58,0.000000,0.057000,0.167000,0.117000,0.011550,1
_home_max_Documents_PhD_MAPF_LNS_MAPF_LNS_SAT_mapf-map_room-32-32-4_map-_home_max_Documents_PhD_MAPF_LNS_MAPF_LNS_SAT_mapf-scen-even_scen-even_room-32-32-4-even-2_scen-agents10-idx8-seed42-1760991857539,0,0,5,0.007331,1,2,29,31,1,1,12,7,0.000000,0.006000,0.019000,0.013000,0.000866,1
_home_max_Documents_PhD_MAPF_LNS_MAPF_LNS_SAT_mapf-map_room-32-32-4_map-_home_max_Documents_PhD_MAPF_LNS_MAPF_LNS_SAT_mapf-scen-even_scen-even_room-32-32-4-even-2_scen-agents10-idx9-seed42-1760991857590,0,0,7,0.010264,3,4,12,16,5,16,1461,414,0.000000,1.161000,2.466000,2.079000,0.299304,1
_home_max_Documents_PhD_MAPF_LNS_MAPF_LNS_SAT_mapf-map_room-32-32-4_map-_home_max_Documents_PhD_MAPF_LNS_MAPF_LNS_SAT_mapf-scen-even_scen-even_room-32-32-4-even-2_scen-agents10-idx10-seed42-1760991857642,0,0,8,0.011730,3,2,6,10,2,3,54,25,0.001000,0.047000,0.222000,0.166000,0.022405,1
_home_max_Documents_PhD_MAPF_LNS_MAPF_LNS_SAT_mapf-map_room-32-32-4_map-_home_max_Documents_PhD_MAPF_LNS_MAPF_LNS_SAT_mapf-scen-even_scen-even_room-32-32-4-even-2_scen-agents10-idx10-seed42-1760991857642,0,0,9,0.013196,2,3,6,9,5,10,1169,318,0.000000,0.827000,1.920000,1.788000,0.062705,0
_home_max_Documents_PhD_MAPF_LNS_MAPF_LNS_SAT_mapf-map_room-32-32-4_map-_home_max_Documents_PhD_MAPF_LNS_MAPF_LNS_SAT_mapf-scen-even_scen-even_room-32-32-4-even-2_scen-agents10-idx10-seed42-1760991857642,0,1,16,0.023460,2,3,5,10,5,10,3258,616,0.001000,2.030000,4.275000,4.117000,0.090872,0
_home_max_Documents_PhD_MAPF_LNS_MAPF_LNS_SAT_mapf-map_room-32-32-4_map-_home_max_Documents_PhD_MAPF_LNS_MAPF_LNS_SAT_mapf-scen-even_scen-even_room-32-32-4-even-2_scen-agents10-idx10-seed42-1760991857642,0,2,22,0.032258,2,3,4,11,4,7,2026,422,0.000000,0.864000,1.362000,1.282000,0.034143,0
_home_max_Documents_PhD_MAPF_LNS_MAPF_LNS_SAT_mapf-map_room-32-32-4_map-_home_max_Documents_PhD_MAPF_LNS_MAPF_LNS_SAT_mapf-scen-even_scen-even_room-32-32-4-even-2_scen-agents10-idx10-seed42-1760991857642,0,3,27,0.039589,2,5,3,12,4,10,2511,534,0.000000,0.745000,1.587000,1.455000,0.111048,1
_home_max_Documents_PhD_MAPF_LNS_MAPF_LNS_SAT_mapf-map_room-32-32-4_map-_home_max_Documents_PhD_MAPF_LNS_MAPF_LNS_SAT_mapf-scen-even_scen-even_room-32-32-4-even-2_scen-agents10-idx10-seed42-1760991857642,0,0,9,0.013196,2,4,21,24,3,5,180,75,0.000000,0.073000,0.126000,0.104000,0.003517,0
_home_max_Documents_PhD_MAPF_LNS_MAPF_LNS_SAT_mapf-map_room-32-32-4_map-_home_max_Documents_PhD_MAPF_LNS_MAPF_LNS_SAT_mapf-scen-even_scen-even_room-32-32-4-even-2_scen-agents10-idx10-seed42-1760991857642,0,1,15,0.021994,2,4,20,25,3,9,496,162,0.000000,0.158000,0.373000,0.298000,0.039677,1
_home_max_Documents_PhD_MAPF_LNS_MAPF_LNS_SAT_mapf-map_room-32-32-4_map-_home_max_Documents_PhD_MAPF_LNS_MAPF_LNS_SAT_mapf-scen-even_scen-even_room-32-32-4-even-2_scen-agents10-idx10-seed42-1760991857642,0,0,5,0.007331,1,2,46,48,1,2,25,10,0.000000,0.009000,0.035000,0.024000,0.001798,1
_home_max_Documents_PhD_MAPF_LNS_MAPF_LNS_SAT_mapf-map_room-32-32-4_map-_home_max_Documents_PhD_MAPF_LNS_MAPF_LNS_SAT_mapf-scen-even_scen-even_room-32-32-4-even-2_scen-agents10-idx11-seed42-1760991857688,0,0,4,0.005865,1,3,17,19,1,2,21,10,0.001000,0.025000,0.173000,0.130000,0.023189,1
_home_max_Documents_PhD_MAPF_LNS_MAPF_LNS_SAT_mapf-map_room-32-32-4_map-_home_max_Documents_PhD_MAPF_LNS_MAPF_LNS_SAT_mapf-scen-even_scen-even_room-32-32-4-even-2_scen-agents10-idx11-seed42-1760991857688,0,0,4,0.005865,1,3,19,21,1,2,21,10,0.000000,0.024000,0.185000,0.153000,0.005276,1
_home_max_Documents_PhD_MAPF_LNS_MAPF_LNS_SAT_mapf-map_room-32-32-4_map-_home_max_Documents_PhD_MAPF_LNS_MAPF_LNS_SAT_mapf-scen-even_scen-even_room-32-32-4-even-2_scen-agents10-idx11-seed42-1760991857688,0,0,4,0.005865,1,2,54,56,1,4,22,9,0.000000,0.018000,0.112000,0.065000,0.004897,1
_home_max_Documents_PhD_MAPF_LNS_MAPF_LNS_SAT_mapf-map_room-32-32-4_map-_home_max_Documents_PhD_MAPF_LNS_MAPF_LNS_SAT_mapf-scen-even_scen-even_room-32-32-4-even-2_scen-agents10-idx12-seed42-1760991857742,0,0,9,0.013196,1,2,20,22,3,9,169,51,0.000000,0.180000,0.439000,0.329000,0.047563,1
_home_max_Documents_PhD_MAPF_LNS_MAPF_LNS_SAT_mapf-map_room-32-32-4_map-_home_max_Documents_PhD_MAPF_LNS_MAPF_LNS_SAT_mapf-scen-even_scen-even_room-32-32-4-even-2_scen-agents10-idx12-seed42-1760991857742,0,0,5,0.007331,1,2,23,25,3,6,80,34,0.000000,0.040000,0.135000,0.100000,0.011539,0
_home_max_Documents_PhD_MAPF_LNS_MAPF_LNS_SAT_mapf-map_room-32-32-4_map-_home_max_Documents_PhD_MAPF_LNS_MAPF_LNS_SAT_mapf-scen-even_scen-even_room-32-32-4-even-2_scen-agents10-idx12-seed42-1760991857742,0,1,9,0.013196,1,3,22,26,3,6,174,68,0.000000,0.084000,0.187000,0.146000,0.010452,0
_home_max_Documents_PhD_MAPF_LNS_MAPF_LNS_SAT_mapf-map_room-32-32-4_map-_home_max_Documents_PhD_MAPF_LNS_MAPF_LNS_SAT_mapf-scen-even_scen-even_room-32-32-4-even-2_scen-agents10-idx12-seed42-1760991857742,0,2,15,0.021994,1,3,21,27,3,7,872,221,0.000000,0.323000,0.632000,0.561000,0.052185,1
_home_max_Documents_PhD_MAPF_LNS_MAPF_LNS_SAT_mapf-map_room-32-32-4_map-_home_max_Documents_PhD_MAPF_LNS_MAPF_LNS_SAT_mapf-scen-even_scen-even_room-32-32-4-even-3_scen-agents10-idx0-seed42-1760991857794,0,0,4,0.005865,1,2,12,14,1,4,22,9,0.000000,0.014000,0.133000,0.091000,0.014010,1
_home_max_Documents_PhD_MAPF_LNS_MAPF_LNS_SAT_mapf-map_room-32-32-4_map-_home_max_Documents_PhD_MAPF_LNS_MAPF_LNS_SAT_mapf-scen-even_scen-even_room-32-32-4-even-3_scen-agents10-idx0-seed42-1760991857794,0,0,7,0.010264,1,2,25,27,2,4,31,16,0.001000,0.021000,0.092000,0.063000,0.002450,0
_home_max_Documents_PhD_MAPF_LNS_MAPF_LNS_SAT_mapf-map_room-32-32-4_map-_home_max_Documents_PhD_MAPF_LNS_MAPF_LNS_SAT_mapf-scen-even_scen-even_room-32-32-4-even-3_scen-agents10-idx0-seed42-1760991857794,0,1,12,0.017595,1,3,24,28,2,4,152,60,0.000000,0.086000,0.177000,0.144000,0.011482,0
_home_max_Documents_PhD_MAPF_LNS_MAPF_LNS_SAT_mapf-map_room-32-32-4_map-_home_max_Documents_PhD_MAPF_LNS_MAPF_LNS_SAT_mapf-scen-even_scen-even_room-32-32-4-even-3_scen-agents10-idx0-seed42-1760991857794,0,2,19,0.027859,1,3,23,29,2,4,441,117,0.000000,0.187000,0.332000,0.298000,0.018372,0
_home_max_Documents_PhD_MAPF_LNS_MAPF_LNS_SAT_mapf-map_room-32-32-4_map-_home_max_Documents_PhD_MAPF_LNS_MAPF_LNS_SAT_mapf-scen-even_scen-even_room-32-32-4-even-3_scen-agents10-idx0-seed42-1760991857794,0,3,27,0.039589,1,3,22,30,2,4,861,185,0.000000,0.312000,0.500000,0.462000,0.026274,0
_home_max_Documents_PhD_MAPF_LNS_MAPF_LNS_SAT_mapf-map_room-32-32-4_map-_home_max_Documents_PhD_MAPF_LNS_MAPF_LNS_SAT_mapf-scen-even_scen-even_room-32-32-4-even-3_scen-agents10-idx0-seed42-1760991857794,0,4,37,0.054252,1,3,21,31,2,4,1704,280,0.000000,0.436000,0.805000,0.758000,0.038171,0
_home_max_Documents_PhD_MAPF_LNS_MAPF_LNS_SAT_mapf-map_room-32-32-4_map-_home_max_Documents_PhD_MAPF_LNS_MAPF_LNS_SAT_mapf-scen-even_scen-even_room-32-32-4-even-3_scen-agents10-idx0-seed42-1760991857794,0,5,49,0.071848,1,3,20,32,2,4,3268,400,0.000000,0.783000,1.390000,1.326000,0.070678,0
_home_max_Documents_PhD_MAPF_LNS_MAPF_LNS_SAT_mapf-map_room-32-32-4_map-_home_max_Documents_PhD_MAPF_LNS_MAPF_LNS_SAT_mapf-scen-even_scen-even_room-32-32-4-even-3_scen-agents10-idx0-seed42-1760991857794,0,6,63,0.092375,1,3,19,33,2,4,6064,556,0.000000,1.393000,2.473000,2.337000,0.089768,0
_home_max_Documents_PhD_MAPF_LNS_MAPF_LNS_SAT_mapf-map_room-32-32-4_map-_home_max_Documents_PhD_MAPF_LNS_MAPF_LNS_SAT_mapf-scen-even_scen-even_room-32-32-4-even-3_scen-agents10-idx0-seed42-1760991857794,0,7,78,0.114370,1,3,18,34,2,4,9973,740,0.000000,2.320000,3.853000,3.716000,0.127830,0
_home_max_Documents_PhD_MAPF_LNS_MAPF_LNS_SAT_mapf-map_room-32-32-4_map-_home_max_Documents_PhD_MAPF_LNS_MAPF_LNS_SAT_mapf-scen-even_scen-even_room-32-32-4-even-3_scen-agents10-idx0-seed42-1760991857794,0,8,93,0.136364,1,3,17,35,2,4,16165,969,0.000000,3.752000,11.651000,11.515000,0.187914,0
_home_max_Documents_PhD_MAPF_LNS_MAPF_LNS_SAT_mapf-map_room-32-32-4_map-_home_max_Documents_PhD_MAPF_LNS_MAPF_LNS_SAT_mapf-scen-even_scen-even_room-32-32-4-even-3_scen-agents10-idx0-seed42-1760991857794,0,9,105,0.153959,1,4,16,36,2,4,25376,1257,0.000000,6.038000,18.063000,17.908000,0.262458,0
_home_max_Documents_PhD_MAPF_LNS_MAPF_LNS_SAT_mapf-map_room-32-32-4_map-_home_max_Documents_PhD_MAPF_LNS_MAPF_LNS_SAT_mapf-scen-even_scen-even_room-32-32-4-even-3_scen-agents10-idx0-seed42-1760991857794,0,10,121,0.177419,1,4,15,37,2,4,38861,1598,0.000000,10.295000,27.894000,27.686000,0.383112,0
_home_max_Documents_PhD_MAPF_LNS_MAPF_LNS_SAT_mapf-map_room-32-32-4_map-_home_max_Documents_PhD_MAPF_LNS_MAPF_LNS_SAT_mapf-scen-even_scen-even_room-32-32-4-even-3_scen-agents10-idx0-seed42-1760991857794,0,11,141,0.206745,1,4,14,38,2,4,56817,1994,0.000000,15.520000,40.082000,39.790000,0.507508,0
_home_max_Documents_PhD_MAPF_LNS_MAPF_LNS_SAT_mapf-map_room-32-32-4_map-_home_max_Documents_PhD_MAPF_LNS_MAPF_LNS_SAT_mapf-scen-even_scen-even_room-32-32-4-even-3_scen-agents10-idx0-seed42-1760991857794,0,12,165,0.241935,1,5,13,39,2,4,80953,2458,0.000000,23.802000,58.748000,58.336000,0.702729,0
_home_max_Documents_PhD_MAPF_LNS_MAPF_LNS_SAT_mapf-map_room-32-32-4_map-_home_max_Documents_PhD_MAPF_LNS_MAPF_LNS_SAT_mapf-scen-even_scen-even_room-32-32-4-even-3_scen-agents10-idx0-seed42-1760991857794,0,13,192,0.281525,1,5,12,40,2,4,113401,2994,0.000000,38.169000,81.442000,80.882000,0.928758,0
_home_max_Documents_PhD_MAPF_LNS_MAPF_LNS_SAT_mapf-map_room-32-32-4_map-_home_max_Documents_PhD_MAPF_LNS_MAPF_LNS_SAT_mapf-scen-even_scen-even_room-32-32-4-even-3_scen-agents10-idx0-seed42-1760991857794,0,14,225,0.329912,1,6,11,41,2,4,203579,5199,0.001000,69.957000,156.561000,155.393000,1.688509,0
_home_max_Documents_PhD_MAPF_LNS_MAPF_LNS_SAT_mapf-map_room-32-32-4_map-_home_max_Documents_PhD_MAPF_LNS_MAPF_LNS_SAT_mapf-scen-even_scen-even_room-32-32-4-even-3_scen-agents10-idx0-seed42-1760991857794,0,15,260,0.381232,1,7,10,42,2,4,302918,7576,0.001000,123.119000,235.940000,234.244000,2.704317,0
_home_max_Documents_PhD_MAPF_LNS_MAPF_LNS_SAT_mapf-map_room-32-32-4_map-_home_max_Documents_PhD_MAPF_LNS_MAPF_LNS_SAT_mapf-scen-even_scen-even_room-32-32-4-even-3_scen-agents10-idx0-seed42-1760991857794,0,16,292,0.428152,1,8,9,43,2,4,585563,12180,0.002000,268.195000,539.450000,535.799000,4.966668,0
_home_max_Documents_PhD_MAPF_LNS_MAPF_LNS_SAT_mapf-map_room-32-32-4_map-_home_max_Documents_PhD_MAPF_LNS_MAPF_LNS_SAT_mapf-scen-even_scen-even_room-32-32-4-even-3_scen-agents10-idx0-seed42-1760991857794,0,17,322,0.472141,1,8,8,44,2,4,969108,18513,0.002000,714.563000,1101.492000,1095.447000,7.987872,0
_home_max_Documents_PhD_MAPF_LNS_MAPF_LNS_SAT_mapf-map_room-32-32-4_map-_home_max_Documents_PhD_MAPF_LNS_MAPF_LNS_SAT_mapf-scen-even_scen-even_room-32-32-4-even-3_scen-agents10-idx0-seed42-1760991857794,0,18,349,0.511730,1,9,7,45,2,4,1377678,22989,0.002000,996.432000,1737.651000,1729.300000,11.337777,0
_home_max_Documents_PhD_MAPF_LNS_MAPF_LNS_SAT_mapf-map_room-32-32-4_map-_home_max_Documents_PhD_MAPF_LNS_MAPF_LNS_SAT_mapf-scen-even_scen-even_room-32-32-4-even-3_scen-agents10-idx0-seed42-1760991857794,0,19,383,0.561584,1,9,6,46,2,4,1891633,28624,0.002000,1780.159000,2575.630000,2564.344000,15.392137,0
_home_max_Documents_PhD_MAPF_LNS_MAPF_LNS_SAT_mapf-map_room-32-32-4_map-_home_max_Documents_PhD_MAPF_LNS_MAPF_LNS_SAT_mapf-scen-even_scen-even_room-32-32-4-even-3_scen-agents10-idx0-seed42-1760991857794,0,20,420,0.615836,1,9,5,47,2,4,2737005,36495,0.001000,2829.167000,3925.220000,3908.880000,22.012754,0
_home_max_Documents_PhD_MAPF_LNS_MAPF_LNS_SAT_mapf-map_room-32-32-4_map-_home_max_Documents_PhD_MAPF_LNS_MAPF_LNS_SAT_mapf-scen-even_scen-even_room-32-32-4-even-3_scen-agents10-idx0-seed42-1760991857794,0,21,447,0.655425,1,9,4,48,2,4,3597490,43216,0.002000,4064.845000,5676.916000,5655.905000,28.141615,0
_home_max_Documents_PhD_MAPF_LNS_MAPF_LNS_SAT_mapf-map_room-32-32-4_map-_home_max_Documents_PhD_MAPF_LNS_MAPF_LNS_SAT_mapf-scen-even_scen-even_room-32-32-4-even-3_scen-agents10-idx0-seed42-1760991857794,0,22,479,0.702346,1,10,3,49,1,4,2201309,25351,0.001000,3122.701000,1802.401000,1779.936000,20.828316,1
_home_max_Documents_PhD_MAPF_LNS_MAPF_LNS_SAT_mapf-map_room-32-32-4_map-_home_max_Documents_PhD_MAPF_LNS_MAPF_LNS_SAT_mapf-scen-even_scen-even_room-32-32-4-even-3_scen-agents10-idx1-seed42-1760991890648,0,0,5,0.007331,1,2,12,14,1,2,25,10,0.000000,0.015000,0.124000,0.100000,0.027352,1
_home_max_Documents_PhD_MAPF_LNS_MAPF_LNS_SAT_mapf-map_room-32-32-4_map-_home_max_Documents_PhD_MAPF_LNS_MAPF_LNS_SAT_mapf-scen-even_scen-even_room-32-32-4-even-3_scen-agents10-idx1-seed42-1760991890648,0,0,5,0.007331,1,2,21,23,1,1,24,10,0.000000,0.013000,0.039000,0.031000,0.001934,1
_home_max_Documents_PhD_MAPF_LNS_MAPF_LNS_SAT_mapf-map_room-32-32-4_map-_home_max_Documents_PhD_MAPF_LNS_MAPF_LNS_SAT_mapf-scen-even_scen-even_room-32-32-4-even-3_scen-agents10-idx2-seed42-1760991890699,0,0,9,0.013196,1,2,8,10,4,8,353,101,0.000000,0.151000,0.451000,0.383000,0.037792,1
_home_max_Documents_PhD_MAPF_LNS_MAPF_LNS_SAT_mapf-map_room-32-32-4_map-_home_max_Documents_PhD_MAPF_LNS_MAPF_LNS_SAT_mapf-scen-even_scen-even_room-32-32-4-even-3_scen-agents10-idx2-seed42-1760991890699,0,0,9,0.013196,2,3,13,16,3,7,174,69,0.000000,0.086000,0.218000,0.159000,0.016870,1
_home_max_Documents_PhD_MAPF_LNS_MAPF_LNS_SAT_mapf-map_room-32-32-4_map-_home_max_Documents_PhD_MAPF_LNS_MAPF_LNS_SAT_mapf-scen-even_scen-even_room-32-32-4-even-3_scen-agents10-idx2-seed42-1760991890699,0,0,9,0.013196,1,3,21,23,3,6,124,48,0.000000,0.055000,0.147000,0.109000,0.008389,1
_home_max_Documents_PhD_MAPF_LNS_MAPF_LNS_SAT_mapf-map_room-32-32-4_map-_home_max_Documents_PhD_MAPF_LNS_MAPF_LNS_SAT_mapf-scen-even_scen-even_room-32-32-4-even-3_scen-agents10-idx2-seed42-1760991890699,0,0,8,0.011730,1,3,26,28,3,7,128,49,0.000000,0.058000,0.148000,0.105000,0.009200,1
_home_max_Documents_PhD_MAPF_LNS_MAPF_LNS_SAT_mapf-map_room-32-32-4_map-_home_max_Documents_PhD_MAPF_LNS_MAPF_LNS_SAT_mapf-scen-even_scen-even_room-32-32-4-even-3_scen-agents10-idx2-seed42-1760991890699,0,0,9,0.013196,1,2,30,32,3,7,94,38,0.000000,0.037000,0.125000,0.088000,0.008283,1
_home_max_Documents_PhD_MAPF_LNS_MAPF_LNS_SAT_mapf-map_room-32-32-4_map-_home_max_Documents_PhD_MAPF_LNS_MAPF_LNS_SAT_mapf-scen-even_scen-even_room-32-32-4-even-3_scen-agents10-idx3-seed42-1760991890749,0,0,7,0.010264,1,2,5,7,4,8,231,87,0.000000,0.118000,0.364000,0.299000,0.034558,1
_home_max_Documents_PhD_MAPF_LNS_MAPF_LNS_SAT_mapf-map_room-32-32-4_map-_home_max_Documents_PhD_MAPF_LNS_MAPF_LNS_SAT_mapf-scen-even_scen-even_room-32-32-4-even-3_scen-agents10-idx3-seed42-1760991890749,0,0,8,0.011730,1,2,8,10,1,2,13,7,0.000000,0.007000,0.039000,0.023000,0.001702,1
_home_max_Documents_PhD_MAPF_LNS_MAPF_LNS_SAT_mapf-map_room-32-32-4_map-_home_max_Documents_PhD_MAPF_LNS_MAPF_LNS_SAT_mapf-scen-even_scen-even_room-32-32-4-even-3_scen-agents10-idx3-seed42-1760991890749,0,0,6,0.008798,1,2,18,20,1,2,13,7,0.000000,0.006000,0.034000,0.020000,0.001122,1
_home_max_Documents_PhD_MAPF_LNS_MAPF_LNS_SAT_mapf-map_room-32-32-4_map-_home_max_Documents_PhD_MAPF_LNS_MAPF_LNS_SAT_mapf-scen-even_scen-even_room-32-32-4-even-3_scen-agents10-idx3-seed42-1760991890749,0,0,7,0.010264,1,2,24,26,1,1,12,7,0.000000,0.007000,0.020000,0.014000,0.000612,1
_home_max_Documents_PhD_MAPF_LNS_MAPF_LNS_SAT_mapf-map_room-32-32-4_map-_home_max_Documents_PhD_MAPF_LNS_MAPF_LNS_SAT_mapf-scen-even_scen-even_room-32-32-4-even-3_scen-agents10-idx3-seed42-1760991890749,0,0,5,0.007331,1,2,32,34,2,3,28,15,0.000000,0.014000,0.045000,0.030000,0.002912,1
_home_max_Documents_PhD_MAPF_LNS_MAPF_LNS_SAT_mapf-map_room-32-32-4_map-_home_max_Documents_PhD_MAPF_LNS_MAPF_LNS_SAT_mapf-scen-even_scen-even_room-32-32-4-even-3_scen-agents10-idx4-seed42-1760991890799,0,0,8,0.011730,1,2,16,18,3,9,150,48,0.000000,0.087000,0.416000,0.318000,0.040529,1
_home_max_Documents_PhD_MAPF_LNS_MAPF_LNS_SAT_mapf-map_room-32-32-4_map-_home_max_Documents_PhD_MAPF_LNS_MAPF_LNS_SAT_mapf-scen-even_scen-even_room-32-32-4-even-3_scen-agents10-idx5-seed42-1760991890851,0,0,11,0.016129,3,4,21,25,3,12,311,113,0.000000,0.200000,0.543000,0.378000,0.074376,1
_home_max_Documents_PhD_MAPF_LNS_MAPF_LNS_SAT_mapf-map_room-32-32-4_map-_home_max_Documents_PhD_MAPF_LNS_MAPF_LNS_SAT_mapf-scen-even_scen-even_room-32-32-4-even-3_scen-agents10-idx5-seed42-1760991890851,0,0,7,0.010264,1,2,23,25,1,1,12,7,0.000000,0.009000,0.032000,0.019000,0.001247,1
_home_max_Documents_PhD_MAPF_LNS_MAPF_LNS_SAT_mapf-map_room-32-32-4_map-_home_max_Documents_PhD_MAPF_LNS_MAPF_LNS_SAT_mapf-scen-even_scen-even_room-32-32-4-even-3_scen-agents10-idx5-seed42-1760991890851,0,0,4,0.005865,1,2,33,35,1,2,20,9,0.000000,0.011000,0.050000,0.034000,0.002237,1
_home_max_Documents_PhD_MAPF_LNS_MAPF_LNS_SAT_mapf-map_room-32-32-4_map-_home_max_Documents_PhD_MAPF_LNS_MAPF_LNS_SAT_mapf-scen-even_scen-even_room-32-32-4-even-3_scen-agents10-idx5-seed42-1760991890851,0,0,4,0.005865,1,2,38,40,1,4,22,9,0.000000,0.010000,0.066000,0.037000,0.002120,1
_home_max_Documents_PhD_MAPF_LNS_MAPF_LNS_SAT_mapf-map_room-32-32-4_map-_home_max_Documents_PhD_MAPF_LNS_MAPF_LNS_SAT_mapf-scen-even_scen-even_room-32-32-4-even-3_scen-agents10-idx6-seed42-1760991890901,0,0,5,0.007331,1,2,8,10,4,7,179,68,0.000000,0.085000,0.247000,0.207000,0.017599,0
_home_max_Documents_PhD_MAPF_LNS_MAPF_LNS_SAT_mapf-map_room-32-32-4_map-_home_max_Documents_PhD_MAPF_LNS_MAPF_LNS_SAT_mapf-scen-even_scen-even_room-32-32-4-even-3_scen-agents10-idx6-seed42-1760991890901,0,1,9,0.013196,1,2,7,11,3,6,154,58,0.000000,0.063000,0.171000,0.132000,0.016239,1
_home_max_Documents_PhD_MAPF_LNS_MAPF_LNS_SAT_mapf-map_room-32-32-4_map-_home_max_Documents_PhD_MAPF_LNS_MAPF_LNS_SAT_mapf-scen-even_scen-even_room-32-32-4-even-3_scen-agents10-idx6-seed42-1760991890901,0,0,9,0.013196,1,2,17,19,3,6,120,44,0.000000,0.046000,0.137000,0.104000,0.007992,1
_home_max_Documents_PhD_MAPF_LNS_MAPF_LNS_SAT_mapf-map_room-32-32-4_map-_home_max_Documents_PhD_MAPF_LNS_MAPF_LNS_SAT_mapf-scen-even_scen-even_room-32-32-4-even-3_scen-agents10-idx6-seed42-1760991890901,0,0,4,0.005865,1,2,19,21,4,7,144,61,0.000000,0.050000,0.128000,0.102000,0.005237,0
_home_max_Documents_PhD_MAPF_LNS_MAPF_LNS_SAT_mapf-map_room-32-32-4_map-_home_max_Documents_PhD_MAPF_LNS_MAPF_LNS_SAT_mapf-scen-even_scen-even_room-32-32-4-even-3_scen-agents10-idx6-seed42-1760991890901,0,1,9,0.013196,1,2,18,22,5,10,797,213,0.000000,0.241000,0.469000,0.421000,0.033438,0
_home_max_Documents_PhD_MAPF_LNS_MAPF_LNS_SAT_mapf-map_room-32-32-4_map-_home_max_Documents_PhD_MAPF_LNS_MAPF_LNS_SAT_mapf-scen-even_scen-even_room-32-32-4-even-3_scen-agents10-idx6-seed42-1760991890901,0,2,15,0.021994,1,2,17,23,4,9,693,178,0.000000,0.202000,0.434000,0.378000,0.048421,1
_home_max_Documents_PhD_MAPF_LNS_MAPF_LNS_SAT_mapf-map_room-32-32-4_map-_home_max_Documents_PhD_MAPF_LNS_MAPF_LNS_SAT_mapf-scen-even_scen-even_room-32-32-4-even-3_scen-agents10-idx6-seed42-1760991890901,0,0,9,0.013196,1,2,26,28,3,7,94,38,0.000000,0.029000,0.107000,0.073000,0.007839,1
_home_max_Documents_PhD_MAPF_LNS_MAPF_LNS_SAT_mapf-map_room-32-32-4_map-_home_max_Documents_PhD_MAPF_LNS_MAPF_LNS_SAT_mapf-scen-even_scen-even_room-32-32-4-even-3_scen-agents10-idx7-seed42-1760991890952,0,0,7,0.010264,1,2,3,5,2,3,32,17,0.000000,0.018000,0.102000,0.080000,0.010256,1
_home_max_Documents_PhD_MAPF_LNS_MAPF_LNS_SAT_mapf-map_room-32-32-4_map-_home_max_Documents_PhD_MAPF_LNS_MAPF_LNS_SAT_mapf-scen-even_scen-even_room-32-32-4-even-3_scen-agents10-idx7-seed42-1760991890952,0,0,4,0.005865,1,2,17,19,4,7,144,61,0.000000,0.064000,0.174000,0.134000,0.007592,0
_home_max_Documents_PhD_MAPF_LNS_MAPF_LNS_SAT_mapf-map_room-32-32-4_map-_home_max_Documents_PhD_MAPF_LNS_MAPF_LNS_SAT_mapf-scen-even_scen-even_room-32-32-4-even-3_scen-agents10-idx7-seed42-1760991890952,0,1,8,0.011730,1,2,16,20,5,10,661,192,0.000000,0.270000,0.516000,0.459000,0.037931,0
_home_max_Documents_PhD_MAPF_LNS_MAPF_LNS_SAT_mapf-map_room-32-32-4_map-_home_max_Documents_PhD_MAPF_LNS_MAPF_LNS_SAT_mapf-scen-even_scen-even_room-32-32-4-even-3_scen-agents10-idx7-seed42-1760991890952,0,2,14,0.020528,1,2,15,21,4,9,635,167,0.000000,0.196000,0.421000,0.360000,0.035201,1
_home_max_Documents_PhD_MAPF_LNS_MAPF_LNS_SAT_mapf-map_room-32-32-4_map-_home_max_Documents_PhD_MAPF_LNS_MAPF_LNS_SAT_mapf-scen-even_scen-even_room-32-32-4-even-3_scen-agents10-idx8-seed42-1760991891003,0,0,7,0.010264,1,2,15,17,3,7,105,40,0.000000,0.049000,0.223000,0.171000,0.019623,1
_home_max_Documents_PhD_MAPF_LNS_MAPF_LNS_SAT_mapf-map_room-32-32-4_map-_home_max_Documents_PhD_MAPF_LNS_MAPF_LNS_SAT_mapf-scen-even_scen-even_room-32-32-4-even-3_scen-agents10-idx8-seed42-1760991891003,0,0,7,0.010264,1,3,20,22,3,7,151,65,0.000000,0.089000,0.234000,0.172000,0.020202,1
_home_max_Documents_PhD_MAPF_LNS_MAPF_LNS_SAT_mapf-map_room-32-32-4_map-_home_max_Documents_PhD_MAPF_LNS_MAPF_LNS_SAT_mapf-scen-even_scen-even_room-32-32-4-even-3_scen-agents10-idx8-seed42-1760991891003,0,0,4,0.005865,1,2,25,27,1,1,19,9,0.000000,0.013000,0.038000,0.030000,0.002754,1
_home_max_Documents_PhD_MAPF_LNS_MAPF_LNS_SAT_mapf-map_room-32-32-4_map-_home_max_Documents_PhD_MAPF_LNS_MAPF_LNS_SAT_mapf-scen-even_scen-even_room-32-32-4-even-3_scen-agents10-idx8-seed42-1760991891003,0,0,4,0.005865,1,2,33,35,1,2,20,9,0.000000,0.011000,0.054000,0.034000,0.002322,1
_home_max_Documents_PhD_MAPF_LNS_MAPF_LNS_SAT_mapf-map_room-32-32-4_map-_home_max_Documents_PhD_MAPF_LNS_MAPF_LNS_SAT_mapf-scen-even_scen-even_room-32-32-4-even-3_scen-agents10-idx8-seed42-1760991891003,0,0,4,0.005865,1,2,39,41,1,2,20,9,0.000000,0.011000,0.047000,0.030000,0.001711,1
_home_max_Documents_PhD_MAPF_LNS_MAPF_LNS_SAT_mapf-map_room-32-32-4_map-_home_max_Documents_PhD_MAPF_LNS_MAPF_LNS_SAT_mapf-scen-even_scen-even_room-32-32-4-even-3_scen-agents10-idx8-seed42-1760991891003,0,0,8,0.011730,1,2,48,50,1,4,18,8,0.000000,0.012000,0.073000,0.040000,0.002233,0
_home_max_Documents_PhD_MAPF_LNS_MAPF_LNS_SAT_mapf-map_room-32-32-4_map-_home_max_Documents_PhD_MAPF_LNS_MAPF_LNS_SAT_mapf-scen-even_scen-even_room-32-32-4-even-3_scen-agents10-idx8-seed42-1760991891003,0,1,16,0.023460,1,2,47,50,1,4,28,12,0.000000,0.019000,0.085000,0.051000,0.003245,0
_home_max_Documents_PhD_MAPF_LNS_MAPF_LNS_SAT_mapf-map_room-32-32-4_map-_home_max_Documents_PhD_MAPF_LNS_MAPF_LNS_SAT_mapf-scen-even_scen-even_room-32-32-4-even-3_scen-agents10-idx8-seed42-1760991891003,0,2,23,0.033724,1,2,46,50,1,4,68,22,0.000000,0.045000,0.163000,0.116000,0.014634,1
_home_max_Documents_PhD_MAPF_LNS_MAPF_LNS_SAT_mapf-map_room-32-32-4_map-_home_max_Documents_PhD_MAPF_LNS_MAPF_LNS_SAT_mapf-scen-even_scen-even_room-32-32-4-even-3_scen-agents10-idx9-seed42-1760991891055,0,0,11,0.016129,4,2,3,8,2,3,68,32,0.000000,0.054000,0.198000,0.146000,0.022006,1
_home_max_Documents_PhD_MAPF_LNS_MAPF_LNS_SAT_mapf-map_room-32-32-4_map-_home_max_Documents_PhD_MAPF_LNS_MAPF_LNS_SAT_mapf-scen-even_scen-even_room-32-32-4-even-3_scen-agents10-idx9-seed42-1760991891055,0,0,7,0.010264,1,2,12,14,1,1,17,9,0.000000,0.015000,0.055000,0.042000,0.002980,1
_home_max_Documents_PhD_MAPF_LNS_MAPF_LNS_SAT_mapf-map_room-32-32-4_map-_home_max_Documents_PhD_MAPF_LNS_MAPF_LNS_SAT_mapf-scen-even_scen-even_room-32-32-4-even-3_scen-agents10-idx9-seed42-1760991891055,0,0,7,0.010264,2,3,14,17,3,8,243,90,0.000000,0.197000,0.554000,0.425000,0.058851,1
_home_max_Documents_PhD_MAPF_LNS_MAPF_LNS_SAT_mapf-map_room-32-32-4_map-_home_max_Documents_PhD_MAPF_LNS_MAPF_LNS_SAT_mapf-scen-even_scen-even_room-32-32-4-even-3_scen-agents10-idx9-seed42-1760991891055,0,0,7,0.010264,1,2,18,20,1,2,18,9,0.000000,0.019000,0.090000,0.058000,0.004301,1
_home_max_Documents_PhD_MAPF_LNS_MAPF_LNS_SAT_mapf-map_room-32-32-4_map-_home_max_Documents_PhD_MAPF_LNS_MAPF_LNS_SAT_mapf-scen-even_scen-even_room-32-32-4-even-3_scen-agents10-idx9-seed42-1760991891055,0,0,4,0.005865,1,2,28,30,1,2,20,9,0.000000,0.018000,0.429000,0.055000,0.004119,1
_home_max_Documents_PhD_MAPF_LNS_MAPF_LNS_SAT_mapf-map_room-32-32-4_map-_home_max_Documents_PhD_MAPF_LNS_MAPF_LNS_SAT_mapf-scen-even_scen-even_room-32-32-4-even-3_scen-agents10-idx9-seed42-1760991891055,0,0,4,0.005865,1,2,49,51,1,1,19,9,0.000000,0.021000,0.059000,0.044000,0.003240,1
_home_max_Documents_PhD_MAPF_LNS_MAPF_LNS_SAT_mapf-map_room-32-32-4_map-_home_max_Documents_PhD_MAPF_LNS_MAPF_LNS_SAT_mapf-scen-even_scen-even_room-32-32-4-even-3_scen-agents10-idx10-seed42-1760991891104,0,0,5,0.007331,1,2,4,6,1,2,25,10,0.001000,0.022000,0.141000,0.107000,0.016948,1
_home_max_Documents_PhD_MAPF_LNS_MAPF_LNS_SAT_mapf-map_room-32-32-4_map-_home_max_Documents_PhD_MAPF_LNS_MAPF_LNS_SAT_mapf-scen-even_scen-even_room-32-32-4-even-3_scen-agents10-idx10-seed42-1760991891104,0,0,4,0.005865,1,2,7,9,4,7,144,61,0.000000,0.106000,0.284000,0.231000,0.022876,0
_home_max_Documents_PhD_MAPF_LNS_MAPF_LNS_SAT_mapf-map_room-32-32-4_map-_home_max_Documents_PhD_MAPF_LNS_MAPF_LNS_SAT_mapf-scen-even_scen-even_room-32-32-4-even-3_scen-agents10-idx10-seed42-1760991891104,0,1,9,0.013196,1,2,6,10,4,9,458,132,0.000000,0.288000,0.625000,0.547000,0.042108,0
_home_max_Documents_PhD_MAPF_LNS_MAPF_LNS_SAT_mapf-map_room-32-32-4_map-_home_max_Documents_PhD_MAPF_LNS_MAPF_LNS_SAT_mapf-scen-even_scen-even_room-32-32-4-even-3_scen-agents10-idx10-seed42-1760991891104,0,2,14,0.020528,1,3,5,11,3,9,624,186,0.000000,0.366000,0.897000,0.774000,0.074421,1
_home_max_Documents_PhD_MAPF_LNS_MAPF_LNS_SAT_mapf-map_room-32-32-4_map-_home_max_Documents_PhD_MAPF_LNS_MAPF_LNS_SAT_mapf-scen-even_scen-even_room-32-32-4-even-3_scen-agents10-idx10-seed42-1760991891104,0,0,10,0.014663,2,4,13,16,3,7,312,101,0.000000,0.150000,0.363000,0.296000,0.025523,1
_home_max_Documents_PhD_MAPF_LNS_MAPF_LNS_SAT_mapf-map_room-32-32-4_map-_home_max_Documents_PhD_MAPF_LNS_MAPF_LNS_SAT_mapf-scen-even_scen-even_room-32-32-4-even-3_scen-agents10-idx10-seed42-1760991891104,0,0,5,0.007331,1,2,15,17,1,2,25,10,0.000000,0.010000,0.048000,0.034000,0.002741,1
_home_max_Documents_PhD_MAPF_LNS_MAPF_LNS_SAT_mapf-map_room-32-32-4_map-_home_max_Documents_PhD_MAPF_LNS_MAPF_LNS_SAT_mapf-scen-even_scen-even_room-32-32-4-even-3_scen-agents10-idx10-seed42-1760991891104,0,0,9,0.013196,1,2,19,21,4,8,353,101,0.000000,0.129000,0.301000,0.257000,0.020048,1
_home_max_Documents_PhD_MAPF_LNS_MAPF_LNS_SAT_mapf-map_room-32-32-4_map-_home_max_Documents_PhD_MAPF_LNS_MAPF_LNS_SAT_mapf-scen-even_scen-even_room-32-32-4-even-3_scen-agents10-idx10-seed42-1760991891104,0,0,7,0.010264,1,2,19,21,3,7,132,46,0.000000,0.043000,0.148000,0.114000,0.011924,1
_home_max_Documents_PhD_MAPF_LNS_MAPF_LNS_SAT_mapf-map_room-32-32-4_map-_home_max_Documents_PhD_MAPF_LNS_MAPF_LNS_SAT_mapf-scen-even_scen-even_room-32-32-4-even-3_scen-agents10-idx10-seed42-1760991891104,0,0,5,0.007331,1,3,22,24,1,3,27,11,0.000000,0.010000,0.048000,0.028000,0.002942,1
_home_max_Documents_PhD_MAPF_LNS_MAPF_LNS_SAT_mapf-map_room-32-32-4_map-_home_max_Documents_PhD_MAPF_LNS_MAPF_LNS_SAT_mapf-scen-even_scen-even_room-32-32-4-even-3_scen-agents10-idx10-seed42-1760991891104,0,0,7,0.010264,1,2,26,28,3,9,134,46,0.000000,0.040000,0.151000,0.109000,0.012036,1
_home_max_Documents_PhD_MAPF_LNS_MAPF_LNS_SAT_mapf-map_room-32-32-4_map-_home_max_Documents_PhD_MAPF_LNS_MAPF_LNS_SAT_mapf-scen-even_scen-even_room-32-32-4-even-3_scen-agents10-idx10-seed42-1760991891104,0,0,9,0.013196,1,2,44,46,2,6,46,20,0.000000,0.014000,0.059000,0.037000,0.002851,0
_home_max_Documents_PhD_MAPF_LNS_MAPF_LNS_SAT_mapf-map_room-32-32-4_map-_home_max_Documents_PhD_MAPF_LNS_MAPF_LNS_SAT_mapf-scen-even_scen-even_room-32-32-4-even-3_scen-agents10-idx10-seed42-1760991891104,0,1,16,0.023460,1,2,43,47,2,5,204,55,0.000000,0.055000,0.153000,0.129000,0.014349,1
_home_max_Documents_PhD_MAPF_LNS_MAPF_LNS_SAT_mapf-map_room-32-32-4_map-_home_max_Documents_PhD_MAPF_LNS_MAPF_LNS_SAT_mapf-scen-even_scen-even_room-32-32-4-even-3_scen-agents10-idx11-seed42-1760991891155,0,0,5,0.007331,1,2,0,2,2,3,28,15,0.000000,0.016000,0.116000,0.087000,0.010050,1
_home_max_Documents_PhD_MAPF_LNS_MAPF_LNS_SAT_mapf-map_room-32-32-4_map-_home_max_Documents_PhD_MAPF_LNS_MAPF_LNS_SAT_mapf-scen-even_scen-even_room-32-32-4-even-3_scen-agents10-idx11-seed42-1760991891155,0,0,4,0.005865,1,2,8,10,1,2,20,9,0.000000,0.009000,0.047000,0.031000,0.003002,1
_home_max_Documents_PhD_MAPF_LNS_MAPF_LNS_SAT_mapf-map_room-32-32-4_map-_home_max_Documents_PhD_MAPF_LNS_MAPF_LNS_SAT_mapf-scen-even_scen-even_room-32-32-4-even-3_scen-agents10-idx11-seed42-1760991891155,0,0,7,0.010264,2,3,16,18,5,15,998,288,0.000000,0.357000,0.781000,0.663000,0.091820,0
_home_max_Documents_PhD_MAPF_LNS_MAPF_LNS_SAT_mapf-map_room-32-32-4_map-_home_max_Documents_PhD_MAPF_LNS_MAPF_LNS_SAT_mapf-scen-even_scen-even_room-32-32-4-even-3_scen-agents10-idx11-seed42-1760991891155,0,1,15,0.021994,2,3,15,19,4,8,1172,273,0.000000,0.341000,0.661000,0.602000,0.045774,1
_home_max_Documents_PhD_MAPF_LNS_MAPF_LNS_SAT_mapf-map_room-32-32-4_map-_home_max_Documents_PhD_MAPF_LNS_MAPF_LNS_SAT_mapf-scen-even_scen-even_room-32-32-4-even-3_scen-agents10-idx11-seed42-1760991891155,0,0,4,0.005865,1,2,22,24,1,4,22,9,0.000000,0.007000,0.052000,0.028000,0.002059,1
_home_max_Documents_PhD_MAPF_LNS_MAPF_LNS_SAT_mapf-map_room-32-32-4_map-_home_max_Documents_PhD_MAPF_LNS_MAPF_LNS_SAT_mapf-scen-even_scen-even_room-32-32-4-even-3_scen-agents10-idx11-seed42-1760991891155,0,0,8,0.011730,1,2,26,28,3,7,118,42,0.000000,0.037000,0.122000,0.089000,0.008722,1
_home_max_Documents_PhD_MAPF_LNS_MAPF_LNS_SAT_mapf-map_room-32-32-4_map-_home_max_Documents_PhD_MAPF_LNS_MAPF_LNS_SAT_mapf-scen-even_scen-even_room-32-32-4-even-3_scen-agents10-idx11-seed42-1760991891155,0,0,4,0.005865,1,2,30,32,1,2,20,9,0.000000,0.007000,0.030000,0.019000,0.001499,1
_home_max_Documents_PhD_MAPF_LNS_MAPF_LNS_SAT_mapf-map_room-32-32-4_map-_home_max_Documents_PhD_MAPF_LNS_MAPF_LNS_SAT_mapf-scen-even_scen-even_room-32-32-4-even-3_scen-agents10-idx12-seed42-1760991891204,0,0,8,0.011730,1,2,17,19,3,7,148,48,0.000000,0.066000,0.253000,0.201000,0.026081,1
_home_max_Documents_PhD_MAPF_LNS_MAPF_LNS_SAT_mapf-map_room-32-32-4_map-_home_max_Documents_PhD_MAPF_LNS_MAPF_LNS_SAT_mapf-scen-even_scen-even_room-32-32-4-even-3_scen-agents10-idx12-seed42-1760991891204,0,0,4,0.005865,1,2,26,28,2,4,29,15,0.000000,0.016000,0.059000,0.038000,0.002271,0
_home_max_Documents_PhD_MAPF_LNS_MAPF_LNS_SAT_mapf-map_room-32-32-4_map-_home_max_Documents_PhD_MAPF_LNS_MAPF_LNS_SAT_mapf-scen-even_scen-even_room-32-32-4-even-3_scen-agents10-idx12-seed42-1760991891204,0,1,8,0.011730,1,2,25,29,2,4,49,25,0.000000,0.027000,0.076000,0.052000,0.003390,0
_home_max_Documents_PhD_MAPF_LNS_MAPF_LNS_SAT_mapf-map_room-32-32-4_map-_home_max_Documents_PhD_MAPF_LNS_MAPF_LNS_SAT_mapf-scen-even_scen-even_room-32-32-4-even-3_scen-agents10-idx12-seed42-1760991891204,0,2,12,0.017595,1,2,24,30,2,4,94,45,0.000000,0.063000,0.114000,0.089000,0.011422,0
_home_max_Documents_PhD_MAPF_LNS_MAPF_LNS_SAT_mapf-map_room-32-32-4_map-_home_max_Documents_PhD_MAPF_LNS_MAPF_LNS_SAT_mapf-scen-even_scen-even_room-32-32-4-even-3_scen-agents10-idx12-seed42-1760991891204,0,3,18,0.026393,1,2,23,31,2,4,114,55,0.000000,0.061000,0.117000,0.091000,0.010263,0
_home_max_Documents_PhD_MAPF_LNS_MAPF_LNS_SAT_mapf-map_room-32-32-4_map-_home_max_Documents_PhD_MAPF_LNS_MAPF_LNS_SAT_mapf-scen-even_scen-even_room-32-32-4-even-3_scen-agents10-idx12-seed42-1760991891204,0,4,23,0.033724,1,2,22,32,2,4,134,65,0.000000,0.066000,0.123000,0.096000,0.010150,0
_home_max_Documents_PhD_MAPF_LNS_MAPF_LNS_SAT_mapf-map_room-32-32-4_map-_home_max_Documents_PhD_MAPF_LNS_MAPF_LNS_SAT_mapf-scen-even_scen-even_room-32-32-4-even-3_scen-agents10-idx12-seed42-1760991891204,0,5,31,0.045455,1,2,21,33,2,4,154,75,0.000000,0.071000,0.120000,0.094000,0.007294,0
_home_max_Documents_PhD_MAPF_LNS_MAPF_LNS_SAT_mapf-map_room-32-32-4_map-_home_max_Documents_PhD_MAPF_LNS_MAPF_LNS_SAT_mapf-scen-even_scen-even_room-32-32-4-even-3_scen-agents10-idx12-seed42-1760991891204,0,6,41,0.060117,1,3,20,34,2,4,188,92,0.000000,0.095000,0.155000,0.123000,0.012870,0
_home_max_Documents_PhD_MAPF_LNS_MAPF_LNS_SAT_mapf-map_room-32-32-4_map-_home_max_Documents_PhD_MAPF_LNS_MAPF_LNS_SAT_mapf-scen-even_scen-even_room-32-32-4-even-3_scen-agents10-idx12-seed42-1760991891204,0,7,52,0.076246,1,3,19,35,2,4,237,115,0.000000,0.104000,0.163000,0.131000,0.011289,0
_home_max_Documents_PhD_MAPF_LNS_MAPF_LNS_SAT_mapf-map_room-32-32-4_map-_home_max_Documents_PhD_MAPF_LNS_MAPF_LNS_SAT_mapf-scen-even_scen-even_room-32-32-4-even-3_scen-agents10-idx12-seed42-1760991891204,0,8,64,0.093842,1,6,18,36,2,4,1869,396,0.000000,0.566000,0.948000,0.885000,0.046121,0
_home_max_Documents_PhD_MAPF_LNS_MAPF_LNS_SAT_mapf-map_room-32-32-4_map-_home_max_Documents_PhD_MAPF_LNS_MAPF_LNS_SAT_mapf-scen-even_scen-even_room-32-32-4-even-3_scen-agents10-idx12-seed42-1760991891204,0,9,82,0.120235,1,6,17,37,2,4,3553,560,0.000000,0.995000,1.563000,1.455000,0.069714,0
_home_max_Documents_PhD_MAPF_LNS_MAPF_LNS_SAT_mapf-map_room-32-32-4_map-_home_max_Documents_PhD_MAPF_LNS_MAPF_LNS_SAT_mapf-scen-even_scen-even_room-32-32-4-even-3_scen-agents10-idx12-seed42-1760991891204,0,10,101,0.148094,1,7,16,38,2,4,21241,1318,0.000000,6.335000,16.409000,16.233000,0.288049,0
_home_max_Documents_PhD_MAPF_LNS_MAPF_LNS_SAT_mapf-map_room-32-32-4_map-_home_max_Documents_PhD_MAPF_LNS_MAPF_LNS_SAT_mapf-scen-even_scen-even_room-32-32-4-even-3_scen-agents10-idx12-seed42-1760991891204,0,11,124,0.181818,1,7,15,39,2,4,37833,1802,0.000000,11.908000,26.974000,26.642000,0.367841,0
_home_max_Documents_PhD_MAPF_LNS_MAPF_LNS_SAT_mapf-map_room-32-32-4_map-_home_max_Documents_PhD_MAPF_LNS_MAPF_LNS_SAT_mapf-scen-even_scen-even_room-32-32-4-even-3_scen-agents10-idx12-seed42-1760991891204,0,12,145,0.212610,1,7,14,40,2,4,62236,2359,0.000000,21.584000,44.344000,44.020000,0.549183,0
_home_max_Documents_PhD_MAPF_LNS_MAPF_LNS_SAT_mapf-map_room-32-32-4_map-_home_max_Documents_PhD_MAPF_LNS_MAPF_LNS_SAT_mapf-scen-even_scen-even_room-32-32-4-even-3_scen-agents10-idx12-seed42-1760991891204,0,13,170,0.249267,1,7,13,41,2,4,96042,2983,0.001000,37.299000,69.853000,69.365000,0.818168,0
_home_max_Documents_PhD_MAPF_LNS_MAPF_LNS_SAT_mapf-map_room-32-32-4_map-_home_max_Documents_PhD_MAPF_LNS_MAPF_LNS_SAT_mapf-scen-even_scen-even_room-32-32-4-even-3_scen-agents10-idx12-seed42-1760991891204,0,14,197,0.288856,1,7,12,42,2,4,196497,4377,0.001000,84.958000,149.899000,149.215000,1.545193,0
_home_max_Documents_PhD_MAPF_LNS_MAPF_LNS_SAT_mapf-map_room-32-32-4_map-_home_max_Documents_PhD_MAPF_LNS_MAPF_LNS_SAT_mapf-scen-even_scen-even_room-32-32-4-even-3_scen-agents10-idx12-seed42-1760991891204,0,15,224,0.328446,1,8,11,43,2,5,285238,5450,0.001000,149.402000,212.496000,210.983000,2.282125,0
_home_max_Documents_PhD_MAPF_LNS_MAPF_LNS_SAT_mapf-map_room-32-32-4_map-_home_max_Documents_PhD_MAPF_LNS_MAPF_LNS_SAT_mapf-scen-even_scen-even_room-32-32-4-even-3_scen-agents10-idx12-seed42-1760991891204,0,16,252,0.369501,1,8,10,44,1,4,204912,3904,0.000000,101.681000,174.037000,171.970000,1.851603,0
_home_max_Documents_PhD_MAPF_LNS_MAPF_LNS_SAT_mapf-map_room-32-32-4_map-_home_max_Documents_PhD_MAPF_LNS_MAPF_LNS_SAT_mapf-scen-even_scen-even_room-32-32-4-even-3_scen-agents10-idx12-seed42-1760991891204,0,17,289,0.423754,1,9,9,44,1,4,257927,4396,0.000000,138.620000,219.455000,216.695000,2.431979,0
_home_max_Documents_PhD_MAPF_LNS_MAPF_LNS_SAT_mapf-map_room-32-32-4_map-_home_max_Documents_PhD_MAPF_LNS_MAPF_LNS_SAT_mapf-scen-even_scen-even_room-32-32-4-even-3_scen-agents10-idx12-seed42-1760991891204,0,18,318,0.466276,1,10,8,44,1,4,343761,6502,0.000000,238.788000,314.497000,310.736000,3.563398,0
_home_max_Documents_PhD_MAPF_LNS_MAPF_LNS_SAT_mapf-map_room-32-32-4_map-_home_max_Documents_PhD_MAPF_LNS_MAPF_LNS_SAT_mapf-scen-even_scen-even_room-32-32-4-even-3_scen-agents10-idx12-seed42-1760991891204,0,19,346,0.507331,1,10,7,44,1,4,475490,8935,0.000000,384.776000,522.298000,516.891000,4.565136,0
_home_max_Documents_PhD_MAPF_LNS_MAPF_LNS_SAT_mapf-map_room-32-32-4_map-_home_max_Documents_PhD_MAPF_LNS_MAPF_LNS_SAT_mapf-scen-even_scen-even_room-32-32-4-even-3_scen-agents10-idx12-seed42-1760991891204,0,20,367,0.538123,1,10,6,44,1,4,545554,9660,0.001000,469.661000,599.180000,593.046000,5.084719,0
_home_max_Documents_PhD_MAPF_LNS_MAPF_LNS_SAT_mapf-map_room-32-32-4_map-_home_max_Documents_PhD_MAPF_LNS_MAPF_LNS_SAT_mapf-scen-even_scen-even_room-32-32-4-even-3_scen-agents10-idx12-seed42-1760991891204,0,21,396,0.580645,1,10,5,44,1,4,702803,12639,0.000000,930.828000,838.731000,830.706000,6.618842,0
_home_max_Documents_PhD_MAPF_LNS_MAPF_LNS_SAT_mapf-map_room-32-32-4_map-_home_max_Documents_PhD_MAPF_LNS_MAPF_LNS_SAT_mapf-scen-even_scen-even_room-32-32-4-even-3_scen-agents10-idx12-seed42-1760991891204,0,22,420,0.615836,1,10,4,44,1,4,789087,13536,0.000000,1107.012000,1102.264000,1092.779000,7.820567,0
_home_max_Documents_PhD_MAPF_LNS_MAPF_LNS_SAT_mapf-map_room-32-32-4_map-_home_max_Documents_PhD_MAPF_LNS_MAPF_LNS_SAT_mapf-scen-even_scen-even_room-32-32-4-even-3_scen-agents10-idx12-seed42-1760991891204,0,23,442,0.648094,1,10,3,44,1,4,849678,14307,0.000000,1235.240000,1171.941000,1161.926000,8.232047,0
_home_max_Documents_PhD_MAPF_LNS_MAPF_LNS_SAT_mapf-map_room-32-32-4_map-_home_max_Documents_PhD_MAPF_LNS_MAPF_LNS_SAT_mapf-scen-even_scen-even_room-32-32-4-even-3_scen-agents10-idx12-seed42-1760991891204,0,24,459,0.673021,1,10,2,44,1,4,899209,14889,0.000000,1340.987000,1305.881000,1296.114000,8.522282,0
_home_max_Documents_PhD_MAPF_LNS_MAPF_LNS_SAT_mapf-map_room-32-32-4_map-_home_max_Documents_PhD_MAPF_LNS_MAPF_LNS_SAT_mapf-scen-even_scen-even_room-32-32-4-even-3_scen-agents10-idx12-seed42-1760991891204,0,25,479,0.702346,1,10,1,44,1,4,965378,16029,0.000000,1532.925000,1361.802000,1351.045000,9.091711,0
_home_max_Documents_PhD_MAPF_LNS_MAPF_LNS_SAT_mapf-map_room-32-32-4_map-_home_max_Documents_PhD_MAPF_LNS_MAPF_LNS_SAT_mapf-scen-even_scen-even_room-32-32-4-even-3_scen-agents10-idx12-seed42-1760991891204,0,26,499,0.731672,1,10,0,44,1,4,1320101,20291,0.000000,1796.186000,1839.393000,1824.358000,12.567316,0
_home_max_Documents_PhD_MAPF_LNS_MAPF_LNS_SAT_mapf-map_room-32-32-4_map-_home_max_Documents_PhD_MAPF_LNS_MAPF_LNS_SAT_mapf-scen-even_scen-even_room-32-32-4-even-3_scen-agents10-idx12-seed42-1760991891204,0,27,520,0.762463,1,10,0,44,1,4,1343361,20627,0.000000,1801.760000,1881.789000,1867.662000,12.638944,0
_home_max_Documents_PhD_MAPF_LNS_MAPF_LNS_SAT_mapf-map_room-32-32-4_map-_home_max_Documents_PhD_MAPF_LNS_MAPF_LNS_SAT_mapf-scen-even_scen-even_room-32-32-4-even-3_scen-agents10-idx12-seed42-1760991891204,0,28,537,0.787390,1,10,0,44,1,4,1373045,20875,0.000000,1792.845000,1981.193000,1966.644000,12.950523,0
_home_max_Documents_PhD_MAPF_LNS_MAPF_LNS_SAT_mapf-map_room-32-32-4_map-_home_max_Documents_PhD_MAPF_LNS_MAPF_LNS_SAT_mapf-scen-even_scen-even_room-32-32-4-even-3_scen-agents10-idx12-seed42-1760991891204,0,29,557,0.816716,1,10,0,44,1,4,1385155,21004,0.000000,1813.403000,1942.325000,1926.975000,13.179287,0
_home_max_Documents_PhD_MAPF_LNS_MAPF_LNS_SAT_mapf-map_room-32-32-4_map-_home_max_Documents_PhD_MAPF_LNS_MAPF_LNS_SAT_mapf-scen-even_scen-even_room-32-32-4-even-3_scen-agents10-idx12-seed42-1760991891204,0,30,578,0.847507,1,10,0,44,1,4,1395296,21104,0.000000,1838.441000,1981.732000,1966.195000,13.295901,0
_home_max_Documents_PhD_MAPF_LNS_MAPF_LNS_SAT_mapf-map_room-32-32-4_map-_home_max_Documents_PhD_MAPF_LNS_MAPF_LNS_SAT_mapf-scen-even_scen-even_room-32-32-4-even-3_scen-agents10-idx12-seed42-1760991891204,0,31,598,0.876833,1,10,0,44,1,4,1532958,23974,0.000000,2764.229000,2489.203000,2471.708000,16.179556,0
_home_max_Documents_PhD_MAPF_LNS_MAPF_LNS_SAT_mapf-map_room-32-32-4_map-_home_max_Documents_PhD_MAPF_LNS_MAPF_LNS_SAT_mapf-scen-even_scen-even_room-32-32-4-even-3_scen-agents10-idx12-seed42-1760991891204,0,32,613,0.898827,1,10,0,44,1,4,1540250,24087,0.000000,2778.373000,2514.515000,2497.388000,14.908618,0
_home_max_Documents_PhD_MAPF_LNS_MAPF_LNS_SAT_mapf-map_room-32-32-4_map-_home_max_Documents_PhD_MAPF_LNS_MAPF_LNS_SAT_mapf-scen-even_scen-even_room-32-32-4-even-3_scen-agents10-idx12-seed42-1760991891204,0,33,629,0.922287,1,10,0,44,1,4,1548085,24207,0.000000,2816.871000,2489.320000,2472.268000,14.835617,0
_home_max_Documents_PhD_MAPF_LNS_MAPF_LNS_SAT_mapf-map_room-32-32-4_map-_home_max_Documents_PhD_MAPF_LNS_MAPF_LNS_SAT_mapf-scen-even_scen-even_room-32-32-4-even-3_scen-agents10-idx12-seed42-1760991891204,0,34,641,0.939883,1,10,0,44,1,4,1561639,24386,0.000000,2910.394000,2656.033000,2636.544000,15.757416,0
_home_max_Documents_PhD_MAPF_LNS_MAPF_LNS_SAT_mapf-map_room-32-32-4_map-_home_max_Documents_PhD_MAPF_LNS_MAPF_LNS_SAT_mapf-scen-even_scen-even_room-32-32-4-even-3_scen-agents10-idx12-seed42-1760991891204,0,35,647,0.948680,1,10,0,44,1,4,1637855,24980,0.000000,3230.272000,2787.254000,2767.929000,16.241917,0
_home_max_Documents_PhD_MAPF_LNS_MAPF_LNS_SAT_mapf-map_room-32-32-4_map-_home_max_Documents_PhD_MAPF_LNS_MAPF_LNS_SAT_mapf-scen-even_scen-even_room-32-32-4-even-3_scen-agents10-idx12-seed42-1760991891204,0,36,682,1.000000,1,10,0,44,1,4,1645803,25072,0.000000,3224.650000,2883.599000,2865.854000,15.798972,0
_home_max_Documents_PhD_MAPF_LNS_MAPF_LNS_SAT_mapf-map_room-32-32-4_map-_home_max_Documents_PhD_MAPF_LNS_MAPF_LNS_SAT_mapf-scen-even_scen-even_room-32-32-4-even-3_scen-agents10-idx12-seed42-1760991891204,1,0,9,0.013196,2,3,17,19,4,8,388,116,0.000000,0.111000,0.285000,0.235000,0.028871,1
_home_max_Documents_PhD_MAPF_LNS_MAPF_LNS_SAT_mapf-map_room-32-32-4_map-_home_max_Documents_PhD_MAPF_LNS_MAPF_LNS_SAT_mapf-scen-even_scen-even_room-32-32-4-even-3_scen-agents10-idx12-seed42-1760991891204,1,0,8,0.011730,1,2,17,19,3,7,148,48,0.000000,0.043000,0.150000,0.115000,0.011785,1
_home_max_Documents_PhD_MAPF_LNS_MAPF_LNS_SAT_mapf-map_room-32-32-4_map-_home_max_Documents_PhD_MAPF_LNS_MAPF_LNS_SAT_mapf-scen-even_scen-even_room-32-32-4-even-3_scen-agents10-idx12-seed42-1760991891204,1,0,4,0.005865,1,2,26,28,3,6,70,32,0.000000,0.026000,0.081000,0.058000,0.004915,0
_home_max_Documents_PhD_MAPF_LNS_MAPF_LNS_SAT_mapf-map_room-32-32-4_map-_home_max_Documents_PhD_MAPF_LNS_MAPF_LNS_SAT_mapf-scen-even_scen-even_room-32-32-4-even-3_scen-agents10-idx12-seed42-1760991891204,1,1,8,0.011730,1,2,25,29,3,7,164,64,0.000000,0.060000,0.150000,0.117000,0.014314,0
_home_max_Documents_PhD_MAPF_LNS_MAPF_LNS_SAT_mapf-map_room-32-32-4_map-_home_max_Documents_PhD_MAPF_LNS_MAPF_LNS_SAT_mapf-scen-even_scen-even_room-32-32-4-even-3_scen-agents10-idx12-seed42-1760991891204,1,2,12,0.017595,1,2,24,30,3,7,260,96,0.000000,0.094000,0.205000,0.166000,0.020215,0
_home_max_Documents_PhD_MAPF_LNS_MAPF_LNS_SAT_mapf-map_room-32-32-4_map-_home_max_Documents_PhD_MAPF_LNS_MAPF_LNS_SAT_mapf-scen-even_scen-even_room-32-32-4-even-3_scen-agents10-idx12-seed42-1760991891204,1,3,18,0.026393,1,2,23,31,3,7,346,122,0.000000,0.131000,0.254000,0.211000,0.025216,0
_home_max_Documents_PhD_MAPF_LNS_MAPF_LNS_SAT_mapf-map_room-32-32-4_map-_home_max_Documents_PhD_MAPF_LNS_MAPF_LNS_SAT_mapf-scen-even_scen-even_room-32-32-4-even-3_scen-agents10-idx12-seed42-1760991891204,1,4,23,0.033724,1,2,22,32,3,7,396,142,0.000000,0.163000,0.301000,0.250000,0.030126,0
_home_max_Documents_PhD_MAPF_LNS_MAPF_LNS_SAT_mapf-map_room-32-32-4_map-_home_max_Documents_PhD_MAPF_LNS_MAPF_LNS_SAT_mapf-scen-even_scen-even_room-32-32-4-even-3_scen-agents10-idx12-seed42-1760991891204,1,5,31,0.045455,1,2,21,33,3,7,482,170,0.000000,0.170000,0.308000,0.262000,0.025088,0
_home_max_Documents_PhD_MAPF_LNS_MAPF_LNS_SAT_mapf-map_room-32-32-4_map-_home_max_Documents_PhD_MAPF_LNS_MAPF_LNS_SAT_mapf-scen-even_scen-even_room-32-32-4-even-3_scen-agents10-idx12-seed42-1760991891204,1,6,41,0.060117,1,4,20,34,3,7,607,213,0.000000,0.233000,0.371000,0.313000,0.029190,0
_home_max_Documents_PhD_MAPF_LNS_MAPF_LNS_SAT_mapf-map_room-32-32-4_map-_home_max_Documents_PhD_MAPF_LNS_MAPF_LNS_SAT_mapf-scen-even_scen-even_room-32-32-4-even-3_scen-agents10-idx12-seed42-1760991891204,1,7,52,0.076246,1,4,19,35,3,7,795,275,0.000000,0.305000,0.475000,0.410000,0.037633,0
_home_max_Documents_PhD_MAPF_LNS_MAPF_LNS_SAT_mapf-map_room-32-32-4_map-_home_max_Documents_PhD_MAPF_LNS_MAPF_LNS_SAT_mapf-scen-even_scen-even_room-32-32-4-even-3_scen-agents10-idx12-seed42-1760991891204,1,8,64,0.093842,1,6,18,36,3,7,3835,786,0.000000,1.208000,1.802000,1.696000,0.122210,0
_home_max_Documents_PhD_MAPF_LNS_MAPF_LNS_SAT_mapf-map_room-32-32-4_map-_home_max_Documents_PhD_MAPF_LNS_MAPF_LNS_SAT_mapf-scen-even_scen-even_room-32-32-4-even-3_scen-agents10-idx12-seed42-1760991891204,1,9,82,0.120235,1,6,17,37,3,7,8257,1253,0.000000,2.375000,3.701000,3.518000,0.279683,0
_home_max_Documents_PhD_MAPF_LNS_MAPF_LNS_SAT_mapf-map_room-32-32-4_map-_home_max_Documents_PhD_MAPF_LNS_MAPF_LNS_SAT_mapf-scen-even_scen-even_room-32-32-4-even-3_scen-agents10-idx12-seed42-1760991891204,1,10,101,0.148094,1,7,16,38,3,7,40128,2600,0.000000,14.221000,30.893000,30.539000,0.814723,0
_home_max_Documents_PhD_MAPF_LNS_MAPF_LNS_SAT_mapf-map_room-32-32-4_map-_home_max_Documents_PhD_MAPF_LNS_MAPF_LNS_SAT_mapf-scen-even_scen-even_room-32-32-4-even-3_scen-agents10-idx12-seed42-1760991891204,1,11,124,0.181818,1,7,15,39,3,7,68818,3442,0.002000,24.140000,52.125000,51.746000,1.063290,0
_home_max_Documents_PhD_MAPF_LNS_MAPF_LNS_SAT_mapf-map_room-32-32-4_map-_home_max_Documents_PhD_MAPF_LNS_MAPF_LNS_SAT_mapf-scen-even_scen-even_room-32-32-4-even-3_scen-agents10-idx12-seed42-1760991891204,1,12,145,0.212610,1,7,14,40,3,7,110833,4406,0.000000,42.596000,81.129000,80.741000,1.515350,0
_home_max_Documents_PhD_MAPF_LNS_MAPF_LNS_SAT_mapf-map_room-32-32-4_map-_home_max_Documents_PhD_MAPF_LNS_MAPF_LNS_SAT_mapf-scen-even_scen-even_room-32-32-4-even-3_scen-agents10-idx12-seed42-1760991891204,1,13,170,0.249267,1,7,13,41,3,7,168414,5489,0.001000,68.024000,122.258000,121.717000,2.117532,0
_home_max_Documents_PhD_MAPF_LNS_MAPF_LNS_SAT_mapf-map_room-32-32-4_map-_home_max_Documents_PhD_MAPF_LNS_MAPF_LNS_SAT_mapf-scen-even_scen-even_room-32-32-4-even-3_scen-agents10-idx12-seed42-1760991891204,1,14,197,0.288856,1,7,12,42,2,4,202609,4889,0.001000,97.435000,153.428000,152.742000,1.593518,0
_home_max_Documents_PhD_MAPF_LNS_MAPF_LNS_SAT_mapf-map_room-32-32-4_map-_home_max_Documents_PhD_MAPF_LNS_MAPF_LNS_SAT_mapf-scen-even_scen-even_room-32-32-4-even-3_scen-agents10-idx12-seed42-1760991891204,1,15,224,0.328446,1,8,11,43,2,5,292019,6020,0.001000,171.460000,219.644000,218.555000,2.358315,0
_home_max_Documents_PhD_MAPF_LNS_MAPF_LNS_SAT_mapf-map_room-32-32-4_map-_home_max_Documents_PhD_MAPF_LNS_MAPF_LNS_SAT_mapf-scen-even_scen-even_room-32-32-4-even-3_scen-agents10-idx12-seed42-1760991891204,1,16,252,0.369501,1,8,10,44,2,12,451599,9150,0.001000,225.810000,286.547000,283.814000,5.747789,1
_home_max_Documents_PhD_MAPF_LNS_MAPF_LNS_SAT_mapf-map_room-32-32-4_map-_home_max_Documents_PhD_MAPF_LNS_MAPF_LNS_SAT_mapf-scen-even_scen-even_room-32-32-4-even-4_scen-agents10-idx0-seed42-1760991962146,0,0,9,0.013196,1,3,36,38,4,10,461,122,0.000000,0.139000,0.539000,0.459000,0.067277,1
_home_max_Documents_PhD_MAPF_LNS_MAPF_LNS_SAT_mapf-map_room-32-32-4_map-_home_max_Documents_PhD_MAPF_LNS_MAPF_LNS_SAT_mapf-scen-even_scen-even_room-32-32-4-even-4_scen-agents10-idx1-seed42-1760991962200,0,0,9,0.013196,4,2,0,5,2,3,72,33,0.000000,0.056000,0.249000,0.206000,0.029876,1
_home_max_Documents_PhD_MAPF_LNS_MAPF_LNS_SAT_mapf-map_room-32-32-4_map-_home_max_Documents_PhD_MAPF_LNS_MAPF_LNS_SAT_mapf-scen-even_scen-even_room-32-32-4-even-4_scen-agents10-idx2-seed42-1760991962251,0,0,9,0.013196,4,2,6,11,2,3,68,32,0.000000,0.044000,0.140000,0.108000,0.013686,1
_home_max_Documents_PhD_MAPF_LNS_MAPF_LNS_SAT_mapf-map_room-32-32-4_map-_home_max_Documents_PhD_MAPF_LNS_MAPF_LNS_SAT_mapf-scen-even_scen-even_room-32-32-4-even-4_scen-agents10-idx3-seed42-1760991962301,0,0,7,0.010264,2,3,2,4,4,9,426,147,0.000000,0.161000,0.508000,0.428000,0.052024,1
_home_max_Documents_PhD_MAPF_LNS_MAPF_LNS_SAT_mapf-map_room-32-32-4_map-_home_max_Documents_PhD_MAPF_LNS_MAPF_LNS_SAT_mapf-scen-even_scen-even_room-32-32-4-even-4_scen-agents10-idx3-seed42-1760991962301,0,0,5,0.007331,1,2,9,11,1,2,25,10,0.000000,0.009000,0.042000,0.028000,0.002119,1
_home_max_Documents_PhD_MAPF_LNS_MAPF_LNS_SAT_mapf-map_room-32-32-4_map-_home_max_Documents_PhD_MAPF_LNS_MAPF_LNS_SAT_mapf-scen-even_scen-even_room-32-32-4-even-4_scen-agents10-idx3-seed42-1760991962301,0,0,7,0.010264,1,2,21,23,3,7,83,36,0.000000,0.030000,0.116000,0.080000,0.011410,1
_home_max_Documents_PhD_MAPF_LNS_MAPF_LNS_SAT_mapf-map_room-32-32-4_map-_home_max_Documents_PhD_MAPF_LNS_MAPF_LNS_SAT_mapf-scen-even_scen-even_room-32-32-4-even-4_scen-agents10-idx4-seed42-1760991962352,0,0,5,0.007331,1,2,6,8,4,7,181,70,0.000000,0.087000,0.249000,0.204000,0.018839,0
_home_max_Documents_PhD_MAPF_LNS_MAPF_LNS_SAT_mapf-map_room-32-32-4_map-_home_max_Documents_PhD_MAPF_LNS_MAPF_LNS_SAT_mapf-scen-even_scen-even_room-32-32-4-even-4_scen-agents10-idx4-seed42-1760991962352,0,1,11,0.016129,1,3,5,9,2,3,54,28,0.000000,0.022000,0.053000,0.040000,0.000515,0
_home_max_Documents_PhD_MAPF_LNS_MAPF_LNS_SAT_mapf-map_room-32-32-4_map-_home_max_Documents_PhD_MAPF_LNS_MAPF_LNS_SAT_mapf-scen-even_scen-even_room-32-32-4-even-4_scen-agents10-idx4-seed42-1760991962352,0,2,15,0.021994,1,3,4,10,4,7,1032,249,0.000000,0.346000,0.617000,0.572000,0.019368,0
_home_max_Documents_PhD_MAPF_LNS_MAPF_LNS_SAT_mapf-map_room-32-32-4_map-_home_max_Documents_PhD_MAPF_LNS_MAPF_LNS_SAT_mapf-scen-even_scen-even_room-32-32-4-even-4_scen-agents10-idx4-seed42-1760991962352,0,3,23,0.033724,1,3,3,11,3,7,445,155,0.000000,0.135000,0.327000,0.267000,0.043097,1
_home_max_Documents_PhD_MAPF_LNS_MAPF_LNS_SAT_mapf-map_room-32-32-4_map-_home_max_Documents_PhD_MAPF_LNS_MAPF_LNS_SAT_mapf-scen-even_scen-even_room-32-32-4-even-4_scen-agents10-idx4-seed42-1760991962352,0,0,9,0.013196,1,3,24,26,3,6,123,47,0.000000,0.039000,0.120000,0.091000,0.009537,1
_home_max_Documents_PhD_MAPF_LNS_MAPF_LNS_SAT_mapf-map_room-32-32-4_map-_home_max_Documents_PhD_MAPF_LNS_MAPF_LNS_SAT_mapf-scen-even_scen-even_room-32-32-4-even-4_scen-agents10-idx4-seed42-1760991962352,0,0,8,0.011730,1,2,24,26,3,7,118,42,0.000000,0.035000,0.115000,0.084000,0.008739,1
_home_max_Documents_PhD_MAPF_LNS_MAPF_LNS_SAT_mapf-map_room-32-32-4_map-_home_max_Documents_PhD_MAPF_LNS_MAPF_LNS_SAT_mapf-scen-even_scen-even_room-32-32-4-even-4_scen-agents10-idx4-seed42-1760991962352,0,0,5,0.007331,1,2,40,42,1,1,24,10,0.000000,0.008000,0.025000,0.020000,0.001154,1
_home_max_Documents_PhD_MAPF_LNS_MAPF_LNS_SAT_mapf-map_room-32-32-4_map-_home_max_Documents_PhD_MAPF_LNS_MAPF_LNS_SAT_mapf-scen-even_scen-even_room-32-32-4-even-4_scen-agents10-idx5-seed42-1760991962403,0,0,9,0.013196,1,2,0,1,3,7,78,32,0.000000,0.036000,0.193000,0.141000,0.018893,1
_home_max_Documents_PhD_MAPF_LNS_MAPF_LNS_SAT_mapf-map_room-32-32-4_map-_home_max_Documents_PhD_MAPF_LNS_MAPF_LNS_SAT_mapf-scen-even_scen-even_room-32-32-4-even-4_scen-agents10-idx5-seed42-1760991962403,0,0,9,0.013196,1,2,8,10,3,6,120,44,0.000000,0.046000,0.143000,0.111000,0.012186,1
_home_max_Documents_PhD_MAPF_LNS_MAPF_LNS_SAT_mapf-map_room-32-32-4_map-_home_max_Documents_PhD_MAPF_LNS_MAPF_LNS_SAT_mapf-scen-even_scen-even_room-32-32-4-even-4_scen-agents10-idx5-seed42-1760991962403,0,0,5,0.007331,1,2,22,24,1,2,25,10,0.000000,0.011000,0.050000,0.032000,0.003379,1
_home_max_Documents_PhD_MAPF_LNS_MAPF_LNS_SAT_mapf-map_room-32-32-4_map-_home_max_Documents_PhD_MAPF_LNS_MAPF_LNS_SAT_mapf-scen-even_scen-even_room-32-32-4-even-4_scen-agents10-idx5-seed42-1760991962403,0,0,5,0.007331,1,3,25,27,4,7,195,77,0.000000,0.072000,0.155000,0.125000,0.005474,0
_home_max_Documents_PhD_MAPF_LNS_MAPF_LNS_SAT_mapf-map_room-32-32-4_map-_home_max_Documents_PhD_MAPF_LNS_MAPF_LNS_SAT_mapf-scen-even_scen-even_room-32-32-4-even-4_scen-agents10-idx5-seed42-1760991962403,0,1,10,0.014663,1,3,24,28,3,7,167,70,0.000000,0.060000,0.164000,0.116000,0.015152,1
_home_max_Documents_PhD_MAPF_LNS_MAPF_LNS_SAT_mapf-map_room-32-32-4_map-_home_max_Documents_PhD_MAPF_LNS_MAPF_LNS_SAT_mapf-scen-even_scen-even_room-32-32-4-even-4_scen-agents10-idx5-seed42-1760991962403,0,0,5,0.007331,1,3,28,30,1,2,26,11,0.000000,0.009000,0.037000,0.024000,0.001925,1
_home_max_Documents_PhD_MAPF_LNS_MAPF_LNS_SAT_mapf-map_room-32-32-4_map-_home_max_Documents_PhD_MAPF_LNS_MAPF_LNS_SAT_mapf-scen-even_scen-even_room-32-32-4-even-4_scen-agents10-idx5-seed42-1760991962403,0,0,5,0.007331,1,3,30,32,1,1,25,11,0.000000,0.009000,0.024000,0.019000,0.001217,1
_home_max_Documents_PhD_MAPF_LNS_MAPF_LNS_SAT_mapf-map_room-32-32-4_map-_home_max_Documents_PhD_MAPF_LNS_MAPF_LNS_SAT_mapf-scen-even_scen-even_room-32-32-4-even-4_scen-agents10-idx5-seed42-1760991962403,0,0,7,0.010264,1,2,34,36,3,9,163,57,0.000000,0.053000,0.159000,0.118000,0.011547,1
_home_max_Documents_PhD_MAPF_LNS_MAPF_LNS_SAT_mapf-map_room-32-32-4_map-_home_max_Documents_PhD_MAPF_LNS_MAPF_LNS_SAT_mapf-scen-even_scen-even_room-32-32-4-even-4_scen-agents10-idx6-seed42-1760991962453,0,0,9,0.013196,4,2,4,9,1,1,30,16,0.000000,0.017000,0.072000,0.060000,0.009181,1
_home_max_Documents_PhD_MAPF_LNS_MAPF_LNS_SAT_mapf-map_room-32-32-4_map-_home_max_Documents_PhD_MAPF_LNS_MAPF_LNS_SAT_mapf-scen-even_scen-even_room-32-32-4-even-4_scen-agents10-idx7-seed42-1760991962505,0,0,4,0.005865,1,2,3,5,1,2,20,9,0.001000,0.025000,0.176000,0.129000,0.020654,1
_home_max_Documents_PhD_MAPF_LNS_MAPF_LNS_SAT_mapf-map_room-32-32-4_map-_home_max_Documents_PhD_MAPF_LNS_MAPF_LNS_SAT_mapf-scen-even_scen-even_room-32-32-4-even-4_scen-agents10-idx7-seed42-1760991962505,0,0,9,0.013196,1,2,12,14,3,9,168,50,0.000000,0.119000,0.432000,0.325000,0.037477,1
_home_max_Documents_PhD_MAPF_LNS_MAPF_LNS_SAT_mapf-map_room-32-32-4_map-_home_max_Documents_PhD_MAPF_LNS_MAPF_LNS_SAT_mapf-scen-even_scen-even_room-32-32-4-even-4_scen-agents10-idx7-seed42-1760991962505,0,0,8,0.011730,1,2,20,22,3,8,94,40,0.000000,0.080000,0.265000,0.187000,0.023216,1
_home_max_Documents_PhD_MAPF_LNS_MAPF_LNS_SAT_mapf-map_room-32-32-4_map-_home_max_Documents_PhD_MAPF_LNS_MAPF_LNS_SAT_mapf-scen-even_scen-even_room-32-32-4-even-4_scen-agents10-idx8-seed42-1760991962556,0,0,8,0.011730,1,2,10,12,2,4,33,17,0.000000,0.019000,0.114000,0.081000,0.014595,1
_home_max_Documents_PhD_MAPF_LNS_MAPF_LNS_SAT_mapf-map_room-32-32-4_map-_home_max_Documents_PhD_MAPF_LNS_MAPF_LNS_SAT_mapf-scen-even_scen-even_room-32-32-4-even-4_scen-agents10-idx8-seed42-1760991962556,0,0,4,0.005865,1,2,15,17,4,7,144,61,0.000000,0.064000,0.164000,0.126000,0.006929,0
_home_max_Documents_PhD_MAPF_LNS_MAPF_LNS_SAT_mapf-map_room-32-32-4_map-_home_max_Documents_PhD_MAPF_LNS_MAPF_LNS_SAT_mapf-scen-even_scen-even_room-32-32-4-even-4_scen-agents10-idx8-seed42-1760991962556,0,1,9,0.013196,1,2,14,18,4,9,372,114,0.000000,0.142000,0.319000,0.269000,0.020632,0
_home_max_Documents_PhD_MAPF_LNS_MAPF_LNS_SAT_mapf-map_room-32-32-4_map-_home_max_Documents_PhD_MAPF_LNS_MAPF_LNS_SAT_mapf-scen-even_scen-even_room-32-32-4-even-4_scen-agents10-idx8-seed42-1760991962556,0,2,14,0.020528,1,2,13,19,4,9,621,163,0.000000,0.206000,0.397000,0.340000,0.026902,1
_home_max_Documents_PhD_MAPF_LNS_MAPF_LNS_SAT_mapf-map_room-32-32-4_map-_home_max_Documents_PhD_MAPF_LNS_MAPF_LNS_SAT_mapf-scen-even_scen-even_room-32-32-4-even-4_scen-agents10-idx8-seed42-1760991962556,0,0,5,0.007331,1,2,23,25,1,1,24,10,0.000000,0.008000,0.026000,0.020000,0.001420,1
_home_max_Documents_PhD_MAPF_LNS_MAPF_LNS_SAT_mapf-map_room-32-32-4_map-_home_max_Documents_PhD_MAPF_LNS_MAPF_LNS_SAT_mapf-scen-even_scen-even_room-32-32-4-even-4_scen-agents10-idx9-seed42-1760991962606,0,0,6,0.008798,1,2,4,6,3,7,93,38,0.000000,0.046000,0.229000,0.172000,0.024115,1
_home_max_Documents_PhD_MAPF_LNS_MAPF_LNS_SAT_mapf-map_room-32-32-4_map-_home_max_Documents_PhD_MAPF_LNS_MAPF_LNS_SAT_mapf-scen-even_scen-even_room-32-32-4-even-4_scen-agents10-idx9-seed42-1760991962606,0,0,9,0.013196,1,2,23,25,3,6,120,44,0.000000,0.050000,0.153000,0.116000,0.009564,1
_home_max_Documents_PhD_MAPF_LNS_MAPF_LNS_SAT_mapf-map_room-32-32-4_map-_home_max_Documents_PhD_MAPF_LNS_MAPF_LNS_SAT_mapf-scen-even_scen-even_room-32-32-4-even-4_scen-agents10-idx9-seed42-1760991962606,0,0,7,0.010264,1,2,28,30,3,7,132,46,0.000000,0.044000,0.153000,0.118000,0.012435,1
_home_max_Documents_PhD_MAPF_LNS_MAPF_LNS_SAT_mapf-map_room-32-32-4_map-_home_max_Documents_PhD_MAPF_LNS_MAPF_LNS_SAT_mapf-scen-even_scen-even_room-32-32-4-even-4_scen-agents10-idx10-seed42-1760991962655,0,0,9,0.013196,1,3,6,8,3,8,137,53,0.000000,0.098000,0.416000,0.298000,0.040715,1
_home_max_Documents_PhD_MAPF_LNS_MAPF_LNS_SAT_mapf-map_room-32-32-4_map-_home_max_Documents_PhD_MAPF_LNS_MAPF_LNS_SAT_mapf-scen-even_scen-even_room-32-32-4-even-4_scen-agents10-idx10-seed42-1760991962655,0,0,7,0.010264,1,3,19,21,3,7,104,44,0.000000,0.086000,0.249000,0.180000,0.016185,0
_home_max_Documents_PhD_MAPF_LNS_MAPF_LNS_SAT_mapf-map_room-32-32-4_map-_home_max_Documents_PhD_MAPF_LNS_MAPF_LNS_SAT_mapf-scen-even_scen-even_room-32-32-4-even-4_scen-agents10-idx10-seed42-1760991962655,0,1,15,0.021994,1,3,18,22,3,7,202,79,0.000000,0.166000,0.385000,0.303000,0.031222,0
_home_max_Documents_PhD_MAPF_LNS_MAPF_LNS_SAT_mapf-map_room-32-32-4_map-_home_max_Documents_PhD_MAPF_LNS_MAPF_LNS_SAT_mapf-scen-even_scen-even_room-32-32-4-even-4_scen-agents10-idx10-seed42-1760991962655,0,2,21,0.030792,1,3,17,23,3,7,275,111,0.000000,0.229000,0.475000,0.378000,0.036503,0
_home_max_Documents_PhD_MAPF_LNS_MAPF_LNS_SAT_mapf-map_room-32-32-4_map-_home_max_Documents_PhD_MAPF_LNS_MAPF_LNS_SAT_mapf-scen-even_scen-even_room-32-32-4-even-4_scen-agents10-idx10-seed42-1760991962655,0,3,30,0.043988,1,3,16,24,3,7,459,166,0.000000,0.306000,0.537000,0.452000,0.043791,0
_home_max_Documents_PhD_MAPF_LNS_MAPF_LNS_SAT_mapf-map_room-32-32-4_map-_home_max_Documents_PhD_MAPF_LNS_MAPF_LNS_SAT_mapf-scen-even_scen-even_room-32-32-4-even-4_scen-agents10-idx10-seed42-1760991962655,0,4,41,0.060117,1,3,15,25,1,2,105,52,0.000000,0.075000,0.139000,0.104000,0.008672,1
_home_max_Documents_PhD_MAPF_LNS_MAPF_LNS_SAT_mapf-map_room-32-32-4_map-_home_max_Documents_PhD_MAPF_LNS_MAPF_LNS_SAT_mapf-scen-even_scen-even_room-32-32-4-even-4_scen-agents10-idx10-seed42-1760991962655,0,0,4,0.005865,1,2,37,39,1,4,22,9,0.000000,0.014000,0.075000,0.044000,0.003908,1
_home_max_Documents_PhD_MAPF_LNS_MAPF_LNS_SAT_mapf-map_room-32-32-4_map-_home_max_Documents_PhD_MAPF_LNS_MAPF_LNS_SAT_mapf-scen-even_scen-even_room-32-32-4-even-4_scen-agents10-idx10-seed42-1760991962655,0,0,5,0.007331,1,2,42,44,1,3,26,10,0.000000,0.013000,0.072000,0.049000,0.003278,1
_home_max_Documents_PhD_MAPF_LNS_MAPF_LNS_SAT_mapf-map_room-32-32-4_map-_home_max_Documents_PhD_MAPF_LNS_MAPF_LNS_SAT_mapf-scen-even_scen-even_room-32-32-4-even-4_scen-agents10-idx11-seed42-1760991962707,0,0,4,0.005865,1,2,17,19,4,7,144,61,0.000000,0.058000,0.180000,0.145000,0.013596,0
_home_max_Documents_PhD_MAPF_LNS_MAPF_LNS_SAT_mapf-map_room-32-32-4_map-_home_max_Documents_PhD_MAPF_LNS_MAPF_LNS_SAT_mapf-scen-even_scen-even_room-32-32-4-even-4_scen-agents10-idx11-seed42-1760991962707,0,1,9,0.013196,1,2,16,20,5,10,787,208,0.000000,0.256000,0.482000,0.436000,0.034821,0
_home_max_Documents_PhD_MAPF_LNS_MAPF_LNS_SAT_mapf-map_room-32-32-4_map-_home_max_Documents_PhD_MAPF_LNS_MAPF_LNS_SAT_mapf-scen-even_scen-even_room-32-32-4-even-4_scen-agents10-idx11-seed42-1760991962707,0,2,15,0.021994,1,2,15,21,4,11,683,170,0.000000,0.182000,0.436000,0.372000,0.054479,1
_home_max_Documents_PhD_MAPF_LNS_MAPF_LNS_SAT_mapf-map_room-32-32-4_map-_home_max_Documents_PhD_MAPF_LNS_MAPF_LNS_SAT_mapf-scen-even_scen-even_room-32-32-4-even-5_scen-agents10-idx0-seed42-1760991962759,0,0,5,0.007331,1,2,3,5,4,7,180,69,0.000000,0.075000,0.252000,0.213000,0.016421,0
_home_max_Documents_PhD_MAPF_LNS_MAPF_LNS_SAT_mapf-map_room-32-32-4_map-_home_max_Documents_PhD_MAPF_LNS_MAPF_LNS_SAT_mapf-scen-even_scen-even_room-32-32-4-even-5_scen-agents10-idx0-seed42-1760991962759,0,1,11,0.016129,1,2,2,6,3,6,178,62,0.000000,0.074000,0.192000,0.153000,0.021071,1
_home_max_Documents_PhD_MAPF_LNS_MAPF_LNS_SAT_mapf-map_room-32-32-4_map-_home_max_Documents_PhD_MAPF_LNS_MAPF_LNS_SAT_mapf-scen-even_scen-even_room-32-32-4-even-5_scen-agents10-idx0-seed42-1760991962759,0,0,9,0.013196,1,2,8,10,3,5,92,38,0.000000,0.032000,0.098000,0.074000,0.004549,1
_home_max_Documents_PhD_MAPF_LNS_MAPF_LNS_SAT_mapf-map_room-32-32-4_map-_home_max_Documents_PhD_MAPF_LNS_MAPF_LNS_SAT_mapf-scen-even_scen-even_room-32-32-4-even-5_scen-agents10-idx0-seed42-1760991962759,0,0,4,0.005865,1,2,11,13,1,4,22,9,0.000000,0.010000,0.052000,0.031000,0.002009,1
_home_max_Documents_PhD_MAPF_LNS_MAPF_LNS_SAT_mapf-map_room-32-32-4_map-_home_max_Documents_PhD_MAPF_LNS_MAPF_LNS_SAT_mapf-scen-even_scen-even_room-32-32-4-even-5_scen-agents10-idx0-seed42-1760991962759,0,0,5,0.007331,1,2,18,20,2,3,28,15,0.000000,0.009000,0.034000,0.023000,0.001653,1
_home_max_Documents_PhD_MAPF_LNS_MAPF_LNS_SAT_mapf-map_room-32-32-4_map-_home_max_Documents_PhD_MAPF_LNS_MAPF_LNS_SAT_mapf-scen-even_scen-even_room-32-32-4-even-5_scen-agents10-idx1-seed42-1760991962811,0,0,5,0.007331,1,2,0,2,4,7,179,68,0.000000,0.109000,0.351000,0.299000,0.018352,0
_home_max_Documents_PhD_MAPF_LNS_MAPF_LNS_SAT_mapf-map_room-32-32-4_map-_home_max_Documents_PhD_MAPF_LNS_MAPF_LNS_SAT_mapf-scen-even_scen-even_room-32-32-4-even-5_scen-agents10-idx1-seed42-1760991962811,0,1,9,0.013196,1,2,0,3,5,10,801,200,0.000000,0.315000,0.947000,0.872000,0.046935,0
_home_max_Documents_PhD_MAPF_LNS_MAPF_LNS_SAT_mapf-map_room-32-32-4_map-_home_max_Documents_PhD_MAPF_LNS_MAPF_LNS_SAT_mapf-scen-even_scen-even_room-32-32-4-even-5_scen-agents10-idx1-seed42-1760991962811,0,2,15,0.021994,1,2,0,4,4,9,696,158,0.000000,0.226000,0.596000,0.529000,0.043492,1
_home_max_Documents_PhD_MAPF_LNS_MAPF_LNS_SAT_mapf-map_room-32-32-4_map-_home_max_Documents_PhD_MAPF_LNS_MAPF_LNS_SAT_mapf-scen-even_scen-even_room-32-32-4-even-5_scen-agents10-idx1-seed42-1760991962811,0,0,5,0.007331,1,2,21,23,1,1,24,10,0.000000,0.008000,0.026000,0.020000,0.001358,1
_home_max_Documents_PhD_MAPF_LNS_MAPF_LNS_SAT_mapf-map_room-32-32-4_map-_home_max_Documents_PhD_MAPF_LNS_MAPF_LNS_SAT_mapf-scen-even_scen-even_room-32-32-4-even-5_scen-agents10-idx2-seed42-1760991962860,0,0,9,0.013196,1,2,10,12,3,9,168,50,0.000000,0.073000,0.319000,0.241000,0.032642,1
_home_max_Documents_PhD_MAPF_LNS_MAPF_LNS_SAT_mapf-map_room-32-32-4_map-_home_max_Documents_PhD_MAPF_LNS_MAPF_LNS_SAT_mapf-scen-even_scen-even_room-32-32-4-even-5_scen-agents10-idx2-seed42-1760991962860,0,0,5,0.007331,1,2,19,21,1,2,25,10,0.000000,0.011000,0.050000,0.034000,0.002531,1
_home_max_Documents_PhD_MAPF_LNS_MAPF_LNS_SAT_mapf-map_room-32-32-4_map-_home_max_Documents_PhD_MAPF_LNS_MAPF_LNS_SAT_mapf-scen-even_scen-even_room-32-32-4-even-5_scen-agents10-idx2-seed42-1760991962860,0,0,9,0.013196,1,2,27,29,3,9,168,50,0.000000,0.062000,0.211000,0.156000,0.018607,1
_home_max_Documents_PhD_MAPF_LNS_MAPF_LNS_SAT_mapf-map_room-32-32-4_map-_home_max_Documents_PhD_MAPF_LNS_MAPF_LNS_SAT_mapf-scen-even_scen-even_room-32-32-4-even-5_scen-agents10-idx2-seed42-1760991962860,0,0,5,0.007331,1,2,27,29,1,2,25,10,0.000000,0.010000,0.045000,0.030000,0.002324,1
_home_max_Documents_PhD_MAPF_LNS_MAPF_LNS_SAT_mapf-map_room-32-32-4_map-_home_max_Documents_PhD_MAPF_LNS_MAPF_LNS_SAT_mapf-scen-even_scen-even_room-32-32-4-even-5_scen-agents10-idx2-seed42-1760991962860,0,0,5,0.007331,1,2,36,38,1,2,25,10,0.000000,0.011000,0.041000,0.028000,0.001764,1
_home_max_Documents_PhD_MAPF_LNS_MAPF_LNS_SAT_mapf-map_room-32-32-4_map-_home_max_Documents_PhD_MAPF_LNS_MAPF_LNS_SAT_mapf-scen-even_scen-even_room-32-32-4-even-5_scen-agents10-idx3-seed42-1760991962911,0,0,9,0.013196,1,3,18,20,4,11,322,99,0.000000,0.394000,0.526000,0.403000,0.054137,1
_home_max_Documents_PhD_MAPF_LNS_MAPF_LNS_SAT_mapf-map_room-32-32-4_map-_home_max_Documents_PhD_MAPF_LNS_MAPF_LNS_SAT_mapf-scen-even_scen-even_room-32-32-4-even-5_scen-agents10-idx4-seed42-1760991962961,0,0,5,0.007331,1,3,10,12,1,1,25,11,0.000000,0.019000,0.108000,0.091000,0.019049,1
_home_max_Documents_PhD_MAPF_LNS_MAPF_LNS_SAT_mapf-map_room-32-32-4_map-_home_max_Documents_PhD_MAPF_LNS_MAPF_LNS_SAT_mapf-scen-even_scen-even_room-32-32-4-even-5_scen-agents10-idx4-seed42-1760991962961,0,0,5,0.007331,1,3,12,14,1,1,25,11,0.000000,0.019000,0.048000,0.038000,0.002886,1
_home_max_Documents_PhD_MAPF_LNS_MAPF_LNS_SAT_mapf-map_room-32-32-4_map-_home_max_Documents_PhD_MAPF_LNS_MAPF_LNS_SAT_mapf-scen-even_scen-even_room-32-32-4-even-5_scen-agents10-idx4-seed42-1760991962961,0,0,4,0.005865,1,2,12,14,1,4,22,9,0.000000,0.012000,0.089000,0.052000,0.003752,1
_home_max_Documents_PhD_MAPF_LNS_MAPF_LNS_SAT_mapf-map_room-32-32-4_map-_home_max_Documents_PhD_MAPF_LNS_MAPF_LNS_SAT_mapf-scen-even_scen-even_room-32-32-4-even-5_scen-agents10-idx5-seed42-1760991963011,0,0,5,0.007331,1,2,16,18,2,3,28,15,0.000000,0.027000,0.147000,0.112000,0.014534,1
_home_max_Documents_PhD_MAPF_LNS_MAPF_LNS_SAT_mapf-map_room-32-32-4_map-_home_max_Documents_PhD_MAPF_LNS_MAPF_LNS_SAT_mapf-scen-even_scen-even_room-32-32-4-even-5_scen-agents10-idx5-seed42-1760991963011,0,0,5,0.007331,1,2,22,24,1,1,24,10,0.000000,0.017000,0.049000,0.039000,0.003281,1
_home_max_Documents_PhD_MAPF_LNS_MAPF_LNS_SAT_mapf-map_room-32-32-4_map-_home_max_Documents_PhD_MAPF_LNS_MAPF_LNS_SAT_mapf-scen-even_scen-even_room-32-32-4-even-5_scen-agents10-idx6-seed42-1760991963062,0,0,8,0.011730,3,3,0,4,2,3,64,32,0.000000,0.031000,0.130000,0.099000,0.010609,1
_home_max_Documents_PhD_MAPF_LNS_MAPF_LNS_SAT_mapf-map_room-32-32-4_map-_home_max_Documents_PhD_MAPF_LNS_MAPF_LNS_SAT_mapf-scen-even_scen-even_room-32-32-4-even-5_scen-agents10-idx6-seed42-1760991963062,0,0,7,0.010264,1,2,0,2,1,1,12,7,0.000000,0.006000,0.022000,0.015000,0.001372,1
_home_max_Documents_PhD_MAPF_LNS_MAPF_LNS_SAT_mapf-map_room-32-32-4_map-_home_max_Documents_PhD_MAPF_LNS_MAPF_LNS_SAT_mapf-scen-even_scen-even_room-32-32-4-even-5_scen-agents10-idx6-seed42-1760991963062,0,0,6,0.008798,1,2,0,2,1,1,12,7,0.000000,0.004000,0.020000,0.013000,0.000640,1
_home_max_Documents_PhD_MAPF_LNS_MAPF_LNS_SAT_mapf-map_room-32-32-4_map-_home_max_Documents_PhD_MAPF_LNS_MAPF_LNS_SAT_mapf-scen-even_scen-even_room-32-32-4-even-5_scen-agents10-idx6-seed42-1760991963062,0,0,8,0.011730,1,3,2,4,4,15,258,92,0.000000,0.084000,0.407000,0.304000,0.048020,1
_home_max_Documents_PhD_MAPF_LNS_MAPF_LNS_SAT_mapf-map_room-32-32-4_map-_home_max_Documents_PhD_MAPF_LNS_MAPF_LNS_SAT_mapf-scen-even_scen-even_room-32-32-4-even-5_scen-agents10-idx6-seed42-1760991963062,0,0,5,0.007331,1,2,8,10,1,1,24,10,0.000000,0.008000,0.026000,0.021000,0.001355,1
_home_max_Documents_PhD_MAPF_LNS_MAPF_LNS_SAT_mapf-map_room-32-32-4_map-_home_max_Documents_PhD_MAPF_LNS_MAPF_LNS_SAT_mapf-scen-even_scen-even_room-32-32-4-even-5_scen-agents10-idx6-seed42-1760991963062,0,0,9,0.013196,1,2,21,23,3,7,94,38,0.000000,0.031000,0.122000,0.083000,0.007523,1
_home_max_Documents_PhD_MAPF_LNS_MAPF_LNS_SAT_mapf-map_room-32-32-4_map-_home_max_Documents_PhD_MAPF_LNS_MAPF_LNS_SAT_mapf-scen-even_scen-even_room-32-32-4-even-5_scen-agents10-idx6-seed42-1760991963062,0,0,7,0.010264,1,2,28,30,3,9,134,46,0.000000,0.035000,0.145000,0.105000,0.013129,1
_home_max_Documents_PhD_MAPF_LNS_MAPF_LNS_SAT_mapf-map_room-32-32-4_map-_home_max_Documents_PhD_MAPF_LNS_MAPF_LNS_SAT_mapf-scen-even_scen-even_room-32-32-4-even-5_scen-agents10-idx7-seed42-1760991963112,0,0,14,0.020528,6,4,1,8,2,3,122,59,0.000000,0.055000,0.170000,0.140000,0.011949,1
_home_max_Documents_PhD_MAPF_LNS_MAPF_LNS_SAT_mapf-map_room-32-32-4_map-_home_max_Documents_PhD_MAPF_LNS_MAPF_LNS_SAT_mapf-scen-even_scen-even_room-32-32-4-even-5_scen-agents10-idx8-seed42-1760991963163,0,0,8,0.011730,2,2,1,4,1,1,18,10,0.000000,0.017000,0.089000,0.075000,0.013657,1
_home_max_Documents_PhD_MAPF_LNS_MAPF_LNS_SAT_mapf-map_room-32-32-4_map-_home_max_Documents_PhD_MAPF_LNS_MAPF_LNS_SAT_mapf-scen-even_scen-even_room-32-32-4-even-5_scen-agents10-idx8-seed42-1760991963163,0,0,9,0.013196,1,2,22,24,3,7,94,38,0.000000,0.056000,0.198000,0.142000,0.018500,1
_home_max_Documents_PhD_MAPF_LNS_MAPF_LNS_SAT_mapf-map_room-32-32-4_map-_home_max_Documents_PhD_MAPF_LNS_MAPF_LNS_SAT_mapf-scen-even_scen-even_room-32-32-4-even-5_scen-agents10-idx8-seed42-1760991963163,0,0,5,0.007331,1,2,27,29,3,6,80,34,0.000000,0.041000,0.128000,0.094000,0.008948,0
_home_max_Documents_PhD_MAPF_LNS_MAPF_LNS_SAT_mapf-map_room-32-32-4_map-_home_max_Documents_PhD_MAPF_LNS_MAPF_LNS_SAT_mapf-scen-even_scen-even_room-32-32-4-even-5_scen-agents10-idx8-seed42-1760991963163,0,1,10,0.014663,1,2,26,30,3,7,142,56,0.000000,0.071000,0.192000,0.144000,0.015281,0
_home_max_Documents_PhD_MAPF_LNS_MAPF_LNS_SAT_mapf-map_room-32-32-4_map-_home_max_Documents_PhD_MAPF_LNS_MAPF_LNS_SAT_mapf-scen-even_scen-even_room-32-32-4-even-5_scen-agents10-idx8-seed42-1760991963163,0,2,16,0.023460,1,2,25,31,3,7,209,80,0.000000,0.090000,0.224000,0.178000,0.017842,0
_home_max_Documents_PhD_MAPF_LNS_MAPF_LNS_SAT_mapf-map_room-32-32-4_map-_home_max_Documents_PhD_MAPF_LNS_MAPF_LNS_SAT_mapf-scen-even_scen-even_room-32-32-4-even-5_scen-agents10-idx8-seed42-1760991963163,0,3,23,0.033724,1,3,24,32,3,7,294,109,0.000000,0.126000,0.258000,0.207000,0.018799,0
_home_max_Documents_PhD_MAPF_LNS_MAPF_LNS_SAT_mapf-map_room-32-32-4_map-_home_max_Documents_PhD_MAPF_LNS_MAPF_LNS_SAT_mapf-scen-even_scen-even_room-32-32-4-even-5_scen-agents10-idx8-seed42-1760991963163,0,4,31,0.045455,1,4,23,33,3,7,523,184,0.000000,0.204000,0.352000,0.295000,0.026657,0
_home_max_Documents_PhD_MAPF_LNS_MAPF_LNS_SAT_mapf-map_room-32-32-4_map-_home_max_Documents_PhD_MAPF_LNS_MAPF_LNS_SAT_mapf-scen-even_scen-even_room-32-32-4-even-5_scen-agents10-idx8-seed42-1760991963163,0,5,38,0.055718,1,4,22,34,3,7,782,259,0.000000,0.288000,0.470000,0.410000,0.033854,0
_home_max_Documents_PhD_MAPF_LNS_MAPF_LNS_SAT_mapf-map_room-32-32-4_map-_home_max_Documents_PhD_MAPF_LNS_MAPF_LNS_SAT_mapf-scen-even_scen-even_room-32-32-4-even-5_scen-agents10-idx8-seed42-1760991963163,0,6,49,0.071848,1,4,21,35,3,7,1386,397,0.000000,0.478000,0.770000,0.692000,0.051886,0
_home_max_Documents_PhD_MAPF_LNS_MAPF_LNS_SAT_mapf-map_room-32-32-4_map-_home_max_Documents_PhD_MAPF_LNS_MAPF_LNS_SAT_mapf-scen-even_scen-even_room-32-32-4-even-5_scen-agents10-idx8-seed42-1760991963163,0,7,61,0.089443,1,4,20,36,3,7,1445,449,0.000000,0.494000,0.795000,0.714000,0.061617,0
_home_max_Documents_PhD_MAPF_LNS_MAPF_LNS_SAT_mapf-map_room-32-32-4_map-_home_max_Documents_PhD_MAPF_LNS_MAPF_LNS_SAT_mapf-scen-even_scen-even_room-32-32-4-even-5_scen-agents10-idx8-seed42-1760991963163,0,8,75,0.109971,1,4,19,37,3,7,1725,527,0.000000,0.586000,0.917000,0.822000,0.067235,0
_home_max_Documents_PhD_MAPF_LNS_MAPF_LNS_SAT_mapf-map_room-32-32-4_map-_home_max_Documents_PhD_MAPF_LNS_MAPF_LNS_SAT_mapf-scen-even_scen-even_room-32-32-4-even-5_scen-agents10-idx8-seed42-1760991963163,0,9,90,0.131965,1,4,18,38,3,7,2187,629,0.000000,0.744000,1.152000,1.054000,0.087106,0
_home_max_Documents_PhD_MAPF_LNS_MAPF_LNS_SAT_mapf-map_room-32-32-4_map-_home_max_Documents_PhD_MAPF_LNS_MAPF_LNS_SAT_mapf-scen-even_scen-even_room-32-32-4-even-5_scen-agents10-idx8-seed42-1760991963163,0,10,111,0.162757,1,4,17,39,3,7,2490,717,0.000000,0.808000,1.304000,1.194000,0.095484,0
_home_max_Documents_PhD_MAPF_LNS_MAPF_LNS_SAT_mapf-map_room-32-32-4_map-_home_max_Documents_PhD_MAPF_LNS_MAPF_LNS_SAT_mapf-scen-even_scen-even_room-32-32-4-even-5_scen-agents10-idx8-seed42-1760991963163,0,11,130,0.190616,1,4,16,40,3,7,3291,881,0.000000,1.092000,1.646000,1.529000,0.116337,0
_home_max_Documents_PhD_MAPF_LNS_MAPF_LNS_SAT_mapf-map_room-32-32-4_map-_home_max_Documents_PhD_MAPF_LNS_MAPF_LNS_SAT_mapf-scen-even_scen-even_room-32-32-4-even-5_scen-agents10-idx8-seed42-1760991963163,0,12,155,0.227273,1,4,15,41,3,7,3099,879,0.000000,1.035000,1.550000,1.430000,0.119830,0
_home_max_Documents_PhD_MAPF_LNS_MAPF_LNS_SAT_mapf-map_room-32-32-4_map-_home_max_Documents_PhD_MAPF_LNS_MAPF_LNS_SAT_mapf-scen-even_scen-even_room-32-32-4-even-5_scen-agents10-idx8-seed42-1760991963163,0,13,177,0.259531,1,4,14,42,3,7,4814,1085,0.000000,1.532000,2.295000,2.161000,0.144533,0
_home_max_Documents_PhD_MAPF_LNS_MAPF_LNS_SAT_mapf-map_room-32-32-4_map-_home_max_Documents_PhD_MAPF_LNS_MAPF_LNS_SAT_mapf-scen-even_scen-even_room-32-32-4-even-5_scen-agents10-idx8-seed42-1760991963163,0,14,208,0.304985,1,5,13,43,3,7,6306,1274,0.000000,1.935000,2.849000,2.706000,0.166980,0
_home_max_Documents_PhD_MAPF_LNS_MAPF_LNS_SAT_mapf-map_room-32-32-4_map-_home_max_Documents_PhD_MAPF_LNS_MAPF_LNS_SAT_mapf-scen-even_scen-even_room-32-32-4-even-5_scen-agents10-idx8-seed42-1760991963163,0,15,234,0.343109,1,8,12,44,3,7,214276,8285,0.001000,76.450000,166.302000,165.165000,2.641359,0
_home_max_Documents_PhD_MAPF_LNS_MAPF_LNS_SAT_mapf-map_room-32-32-4_map-_home_max_Documents_PhD_MAPF_LNS_MAPF_LNS_SAT_mapf-scen-even_scen-even_room-32-32-4-even-5_scen-agents10-idx8-seed42-1760991963163,0,16,265,0.388563,1,8,11,45,3,7,297400,10048,0.002000,102.218000,226.754000,225.447000,3.405210,0
_home_max_Documents_PhD_MAPF_LNS_MAPF_LNS_SAT_mapf-map_room-32-32-4_map-_home_max_Documents_PhD_MAPF_LNS_MAPF_LNS_SAT_mapf-scen-even_scen-even_room-32-32-4-even-5_scen-agents10-idx8-seed42-1760991963163,0,17,293,0.429619,1,9,10,46,3,7,499670,15670,0.002000,254.328000,413.147000,410.461000,5.625817,0
_home_max_Documents_PhD_MAPF_LNS_MAPF_LNS_SAT_mapf-map_room-32-32-4_map-_home_max_Documents_PhD_MAPF_LNS_MAPF_LNS_SAT_mapf-scen-even_scen-even_room-32-32-4-even-5_scen-agents10-idx8-seed42-1760991963163,0,18,324,0.475073,1,9,9,47,3,7,854869,20699,0.003000,531.565000,781.986000,777.561000,9.288367,0
_home_max_Documents_PhD_MAPF_LNS_MAPF_LNS_SAT_mapf-map_room-32-32-4_map-_home_max_Documents_PhD_MAPF_LNS_MAPF_LNS_SAT_mapf-scen-even_scen-even_room-32-32-4-even-5_scen-agents10-idx8-seed42-1760991963163,0,19,359,0.526393,1,9,8,48,3,7,1179430,24824,0.003000,855.936000,1344.825000,1338.672000,14.138195,0
_home_max_Documents_PhD_MAPF_LNS_MAPF_LNS_SAT_mapf-map_room-32-32-4_map-_home_max_Documents_PhD_MAPF_LNS_MAPF_LNS_SAT_mapf-scen-even_scen-even_room-32-32-4-even-5_scen-agents10-idx8-seed42-1760991963163,0,20,392,0.574780,1,9,7,49,3,10,1683814,34110,0.004000,1492.821000,1661.465000,1650.799000,16.169683,1
_home_max_Documents_PhD_MAPF_LNS_MAPF_LNS_SAT_mapf-map_room-32-32-4_map-_home_max_Documents_PhD_MAPF_LNS_MAPF_LNS_SAT_mapf-scen-even_scen-even_room-32-32-4-even-5_scen-agents10-idx8-seed42-1760991963163,0,0,5,0.007331,1,2,44,46,1,1,24,10,0.000000,0.012000,0.042000,0.033000,0.004441,1
_home_max_Documents_PhD_MAPF_LNS_MAPF_LNS_SAT_mapf-map_room-32-32-4_map-_home_max_Documents_PhD_MAPF_LNS_MAPF_LNS_SAT_mapf-scen-even_scen-even_room-32-32-4-even-5_scen-agents10-idx9-seed42-1760991971436,0,0,4,0.005865,1,2,1,3,2,3,28,15,0.000000,0.011000,0.061000,0.045000,0.008339,1
_home_max_Documents_PhD_MAPF_LNS_MAPF_LNS_SAT_mapf-map_room-32-32-4_map-_home_max_Documents_PhD_MAPF_LNS_MAPF_LNS_SAT_mapf-scen-even_scen-even_room-32-32-4-even-5_scen-agents10-idx9-seed42-1760991971436,0,0,7,0.010264,1,2,6,8,3,7,84,37,0.000000,0.028000,0.109000,0.073000,0.007918,1
_home_max_Documents_PhD_MAPF_LNS_MAPF_LNS_SAT_mapf-map_room-32-32-4_map-_home_max_Documents_PhD_MAPF_LNS_MAPF_LNS_SAT_mapf-scen-even_scen-even_room-32-32-4-even-5_scen-agents10-idx9-seed42-1760991971436,0,0,8,0.011730,1,2,14,16,1,2,13,7,0.000000,0.005000,0.027000,0.015000,0.000949,1
_home_max_Documents_PhD_MAPF_LNS_MAPF_LNS_SAT_mapf-map_room-32-32-4_map-_home_max_Documents_PhD_MAPF_LNS_MAPF_LNS_SAT_mapf-scen-even_scen-even_room-32-32-4-even-5_scen-agents10-idx9-seed42-1760991971436,0,0,4,0.005865,1,2,18,20,3,9,68,31,0.000000,0.020000,0.117000,0.075000,0.013408,1
_home_max_Documents_PhD_MAPF_LNS_MAPF_LNS_SAT_mapf-map_room-32-32-4_map-_home_max_Documents_PhD_MAPF_LNS_MAPF_LNS_SAT_mapf-scen-even_scen-even_room-32-32-4-even-5_scen-agents10-idx10-seed42-1760991971491,0,0,5,0.007331,1,2,7,9,2,3,28,15,0.000000,0.025000,0.164000,0.127000,0.018318,1
_home_max_Documents_PhD_MAPF_LNS_MAPF_LNS_SAT_mapf-map_room-32-32-4_map-_home_max_Documents_PhD_MAPF_LNS_MAPF_LNS_SAT_mapf-scen-even_scen-even_room-32-32-4-even-5_scen-agents10-idx10-seed42-1760991971491,0,0,7,0.010264,1,2,42,44,3,9,134,46,0.000000,0.095000,0.343000,0.242000,0.029811,1
_home_max_Documents_PhD_MAPF_LNS_MAPF_LNS_SAT_mapf-map_room-32-32-4_map-_home_max_Documents_PhD_MAPF_LNS_MAPF_LNS_SAT_mapf-scen-even_scen-even_room-32-32-4-even-5_scen-agents10-idx11-seed42-1760991971541,0,0,15,0.021994,7,2,19,27,2,3,101,46,0.000000,0.089000,0.216000,0.169000,0.022076,1
_home_max_Documents_PhD_MAPF_LNS_MAPF_LNS_SAT_mapf-map_room-32-32-4_map-_home_max_Documents_PhD_MAPF_LNS_MAPF_LNS_SAT_mapf-scen-even_scen-even_room-32-32-4-even-6_scen-agents10-idx0-seed42-1760991971593,0,0,8,0.011730,3,3,1,5,2,3,60,30,0.000000,0.072000,0.218000,0.162000,0.019316,1
_home_max_Documents_PhD_MAPF_LNS_MAPF_LNS_SAT_mapf-map_room-32-32-4_map-_home_max_Documents_PhD_MAPF_LNS_MAPF_LNS_SAT_mapf-scen-even_scen-even_room-32-32-4-even-6_scen-agents10-idx0-seed42-1760991971593,0,0,9,0.013196,3,2,6,10,2,3,52,25,0.000000,0.042000,0.142000,0.097000,0.005605,1
_home_max_Documents_PhD_MAPF_LNS_MAPF_LNS_SAT_mapf-map_room-32-32-4_map-_home_max_Documents_PhD_MAPF_LNS_MAPF_LNS_SAT_mapf-scen-even_scen-even_room-32-32-4-even-6_scen-agents10-idx0-seed42-1760991971593,0,0,5,0.007331,1,2,9,11,1,2,25,10,0.000000,0.020000,0.089000,0.061000,0.005752,1
_home_max_Documents_PhD_MAPF_LNS_MAPF_LNS_SAT_mapf-map_room-32-32-4_map-_home_max_Documents_PhD_MAPF_LNS_MAPF_LNS_SAT_mapf-scen-even_scen-even_room-32-32-4-even-6_scen-agents10-idx0-seed42-1760991971593,0,0,8,0.011730,2,3,10,12,4,7,353,112,0.000000,0.230000,0.455000,0.395000,0.015823,0
_home_max_Documents_PhD_MAPF_LNS_MAPF_LNS_SAT_mapf-map_room-32-32-4_map-_home_max_Documents_PhD_MAPF_LNS_MAPF_LNS_SAT_mapf-scen-even_scen-even_room-32-32-4-even-6_scen-agents10-idx0-seed42-1760991971593,0,1,13,0.019062,2,3,9,13,5,10,1690,350,0.000000,0.824000,1.338000,1.238000,0.044676,0
_home_max_Documents_PhD_MAPF_LNS_MAPF_LNS_SAT_mapf-map_room-32-32-4_map-_home_max_Documents_PhD_MAPF_LNS_MAPF_LNS_SAT_mapf-scen-even_scen-even_room-32-32-4-even-6_scen-agents10-idx0-seed42-1760991971593,0,2,19,0.027859,2,4,8,14,4,10,1656,329,0.000000,0.566000,0.993000,0.892000,0.057396,1
_home_max_Documents_PhD_MAPF_LNS_MAPF_LNS_SAT_mapf-map_room-32-32-4_map-_home_max_Documents_PhD_MAPF_LNS_MAPF_LNS_SAT_mapf-scen-even_scen-even_room-32-32-4-even-6_scen-agents10-idx0-seed42-1760991971593,0,0,9,0.013196,1,2,17,19,6,14,1526,371,0.000000,0.434000,0.864000,0.778000,0.071284,1
_home_max_Documents_PhD_MAPF_LNS_MAPF_LNS_SAT_mapf-map_room-32-32-4_map-_home_max_Documents_PhD_MAPF_LNS_MAPF_LNS_SAT_mapf-scen-even_scen-even_room-32-32-4-even-6_scen-agents10-idx0-seed42-1760991971593,0,0,9,0.013196,2,3,23,26,4,10,711,201,0.000000,0.207000,0.458000,0.394000,0.041104,1
_home_max_Documents_PhD_MAPF_LNS_MAPF_LNS_SAT_mapf-map_room-32-32-4_map-_home_max_Documents_PhD_MAPF_LNS_MAPF_LNS_SAT_mapf-scen-even_scen-even_room-32-32-4-even-6_scen-agents10-idx0-seed42-1760991971593,0,0,5,0.007331,2,3,30,33,1,3,51,18,0.000000,0.017000,0.066000,0.042000,0.003314,1
_home_max_Documents_PhD_MAPF_LNS_MAPF_LNS_SAT_mapf-map_room-32-32-4_map-_home_max_Documents_PhD_MAPF_LNS_MAPF_LNS_SAT_mapf-scen-even_scen-even_room-32-32-4-even-6_scen-agents10-idx0-seed42-1760991971593,0,0,5,0.007331,1,3,34,36,4,7,191,76,0.000000,0.068000,0.137000,0.111000,0.005729,0
_home_max_Documents_PhD_MAPF_LNS_MAPF_LNS_SAT_mapf-map_room-32-32-4_map-_home_max_Documents_PhD_MAPF_LNS_MAPF_LNS_SAT_mapf-scen-even_scen-even_room-32-32-4-even-6_scen-agents10-idx0-seed42-1760991971593,0,1,10,0.014663,1,3,33,37,2,4,75,38,0.000000,0.030000,0.076000,0.050000,0.004693,1
_home_max_Documents_PhD_MAPF_LNS_MAPF_LNS_SAT_mapf-map_room-32-32-4_map-_home_max_Documents_PhD_MAPF_LNS_MAPF_LNS_SAT_mapf-scen-even_scen-even_room-32-32-4-even-6_scen-agents10-idx1-seed42-1760991971642,0,0,5,0.007331,1,2,7,9,2,3,28,15,0.000000,0.026000,0.163000,0.125000,0.025452,1
_home_max_Documents_PhD_MAPF_LNS_MAPF_LNS_SAT_mapf-map_room-32-32-4_map-_home_max_Documents_PhD_MAPF_LNS_MAPF_LNS_SAT_mapf-scen-even_scen-even_room-32-32-4-even-6_scen-agents10-idx1-seed42-1760991971642,0,0,9,0.013196,2,3,36,39,2,6,196,63,0.000000,0.107000,0.299000,0.241000,0.026748,1
_home_max_Documents_PhD_MAPF_LNS_MAPF_LNS_SAT_mapf-map_room-32-32-4_map-_home_max_Documents_PhD_MAPF_LNS_MAPF_LNS_SAT_mapf-scen-even_scen-even_room-32-32-4-even-6_scen-agents10-idx2-seed42-1760991971694,0,0,5,0.007331,1,2,25,27,1,1,24,10,0.000000,0.024000,0.128000,0.108000,0.014449,1
_home_max_Documents_PhD_MAPF_LNS_MAPF_LNS_SAT_mapf-map_room-32-32-4_map-_home_max_Documents_PhD_MAPF_LNS_MAPF_LNS_SAT_mapf-scen-even_scen-even_room-32-32-4-even-6_scen-agents10-idx3-seed42-1760991971744,0,0,7,0.010264,1,2,17,19,3,6,98,40,0.000000,0.045000,0.184000,0.136000,0.020359,1
_home_max_Documents_PhD_MAPF_LNS_MAPF_LNS_SAT_mapf-map_room-32-32-4_map-_home_max_Documents_PhD_MAPF_LNS_MAPF_LNS_SAT_mapf-scen-even_scen-even_room-32-32-4-even-6_scen-agents10-idx3-seed42-1760991971744,0,0,5,0.007331,1,2,22,24,2,3,29,16,0.000000,0.014000,0.049000,0.033000,0.001803,1
_home_max_Documents_PhD_MAPF_LNS_MAPF_LNS_SAT_mapf-map_room-32-32-4_map-_home_max_Documents_PhD_MAPF_LNS_MAPF_LNS_SAT_mapf-scen-even_scen-even_room-32-32-4-even-6_scen-agents10-idx3-seed42-1760991971744,0,0,7,0.010264,1,2,30,32,1,2,18,9,0.000000,0.009000,0.039000,0.025000,0.002688,1
_home_max_Documents_PhD_MAPF_LNS_MAPF_LNS_SAT_mapf-map_room-32-32-4_map-_home_max_Documents_PhD_MAPF_LNS_MAPF_LNS_SAT_mapf-scen-even_scen-even_room-32-32-4-even-6_scen-agents10-idx4-seed42-1760991971795,0,0,5,0.007331,1,2,4,6,1,3,26,10,0.000000,0.018000,0.159000,0.121000,0.017076,1
_home_max_Documents_PhD_MAPF_LNS_MAPF_LNS_SAT_mapf-map_room-32-32-4_map-_home_max_Documents_PhD_MAPF_LNS_MAPF_LNS_SAT_mapf-scen-even_scen-even_room-32-32-4-even-6_scen-agents10-idx4-seed42-1760991971795,0,0,5,0.007331,1,2,6,8,1,1,24,10,0.000000,0.016000,0.051000,0.040000,0.002407,1
_home_max_Documents_PhD_MAPF_LNS_MAPF_LNS_SAT_mapf-map_room-32-32-4_map-_home_max_Documents_PhD_MAPF_LNS_MAPF_LNS_SAT_mapf-scen-even_scen-even_room-32-32-4-even-6_scen-agents10-idx4-seed42-1760991971795,0,0,9,0.013196,1,2,22,24,3,7,166,50,0.000000,0.089000,0.269000,0.210000,0.018884,1
_home_max_Documents_PhD_MAPF_LNS_MAPF_LNS_SAT_mapf-map_room-32-32-4_map-_home_max_Documents_PhD_MAPF_LNS_MAPF_LNS_SAT_mapf-scen-even_scen-even_room-32-32-4-even-6_scen-agents10-idx4-seed42-1760991971795,0,0,5,0.007331,1,2,27,29,1,3,26,10,0.000000,0.014000,0.076000,0.048000,0.003626,1
_home_max_Documents_PhD_MAPF_LNS_MAPF_LNS_SAT_mapf-map_room-32-32-4_map-_home_max_Documents_PhD_MAPF_LNS_MAPF_LNS_SAT_mapf-scen-even_scen-even_room-32-32-4-even-6_scen-agents10-idx4-seed42-1760991971795,0,0,5,0.007331,1,3,37,39,1,1,31,14,0.000000,0.021000,0.046000,0.037000,0.002254,1
_home_max_Documents_PhD_MAPF_LNS_MAPF_LNS_SAT_mapf-map_room-32-32-4_map-_home_max_Documents_PhD_MAPF_LNS_MAPF_LNS_SAT_mapf-scen-even_scen-even_room-32-32-4-even-6_scen-agents10-idx5-seed42-1760991971846,0,0,7,0.010264,1,2,2,4,3,7,83,36,0.000000,0.050000,0.249000,0.184000,0.024149,1
_home_max_Documents_PhD_MAPF_LNS_MAPF_LNS_SAT_mapf-map_room-32-32-4_map-_home_max_Documents_PhD_MAPF_LNS_MAPF_LNS_SAT_mapf-scen-even_scen-even_room-32-32-4-even-6_scen-agents10-idx5-seed42-1760991971846,0,0,5,0.007331,1,3,15,17,1,3,28,11,0.000000,0.014000,0.077000,0.045000,0.003608,1
_home_max_Documents_PhD_MAPF_LNS_MAPF_LNS_SAT_mapf-map_room-32-32-4_map-_home_max_Documents_PhD_MAPF_LNS_MAPF_LNS_SAT_mapf-scen-even_scen-even_room-32-32-4-even-6_scen-agents10-idx5-seed42-1760991971846,0,0,9,0.013196,1,2,23,25,3,7,166,50,0.000000,0.072000,0.206000,0.163000,0.017870,1
_home_max_Documents_PhD_MAPF_LNS_MAPF_LNS_SAT_mapf-map_room-32-32-4_map-_home_max_Documents_PhD_MAPF_LNS_MAPF_LNS_SAT_mapf-scen-even_scen-even_room-32-32-4-even-6_scen-agents10-idx5-seed42-1760991971846,0,0,5,0.007331,1,2,28,30,1,2,25,10,0.000000,0.011000,0.058000,0.039000,0.002429,1
_home_max_Documents_PhD_MAPF_LNS_MAPF_LNS_SAT_mapf-map_room-32-32-4_map-_home_max_Documents_PhD_MAPF_LNS_MAPF_LNS_SAT_mapf-scen-even_scen-even_room-32-32-4-even-6_scen-agents10-idx6-seed42-1760991971897,0,0,9,0.013196,1,2,0,1,3,7,80,31,0.000000,0.040000,0.259000,0.205000,0.017410,0
_home_max_Documents_PhD_MAPF_LNS_MAPF_LNS_SAT_mapf-map_room-32-32-4_map-_home_max_Documents_PhD_MAPF_LNS_MAPF_LNS_SAT_mapf-scen-even_scen-even_room-32-32-4-even-6_scen-agents10-idx6-seed42-1760991971897,0,1,16,0.023460,1,2,0,2,3,7,105,41,0.000000,0.046000,0.237000,0.189000,0.007650,0
_home_max_Documents_PhD_MAPF_LNS_MAPF_LNS_SAT_mapf-map_room-32-32-4_map-_home_max_Documents_PhD_MAPF_LNS_MAPF_LNS_SAT_mapf-scen-even_scen-even_room-32-32-4-even-6_scen-agents10-idx6-seed42-1760991971897,0,2,23,0.033724,1,2,0,3,3,7,186,62,0.000000,0.071000,0.314000,0.268000,0.011618,0
_home_max_Documents_PhD_MAPF_LNS_MAPF_LNS_SAT_mapf-map_room-32-32-4_map-_home_max_Documents_PhD_MAPF_LNS_MAPF_LNS_SAT_mapf-scen-even_scen-even_room-32-32-4-even-6_scen-agents10-idx6-seed42-1760991971897,0,3,30,0.043988,1,2,0,4,3,7,211,72,0.000000,0.081000,0.335000,0.287000,0.015728,0
_home_max_Documents_PhD_MAPF_LNS_MAPF_LNS_SAT_mapf-map_room-32-32-4_map-_home_max_Documents_PhD_MAPF_LNS_MAPF_LNS_SAT_mapf-scen-even_scen-even_room-32-32-4-even-6_scen-agents10-idx6-seed42-1760991971897,0,4,40,0.058651,1,2,0,5,3,7,257,88,0.000000,0.088000,0.337000,0.294000,0.014283,0
_home_max_Documents_PhD_MAPF_LNS_MAPF_LNS_SAT_mapf-map_room-32-32-4_map-_home_max_Documents_PhD_MAPF_LNS_MAPF_LNS_SAT_mapf-scen-even_scen-even_room-32-32-4-even-6_scen-agents10-idx6-seed42-1760991971897,0,5,51,0.074780,1,2,0,6,3,7,315,107,0.000000,0.104000,0.364000,0.321000,0.015215,0
_home_max_Documents_PhD_MAPF_LNS_MAPF_LNS_SAT_mapf-map_room-32-32-4_map-_home_max_Documents_PhD_MAPF_LNS_MAPF_LNS_SAT_mapf-scen-even_scen-even_room-32-32-4-even-6_scen-agents10-idx6-seed42-1760991971897,0,6,62,0.090909,1,4,0,7,3,7,369,130,0.000000,0.131000,0.425000,0.375000,0.017458,0
_home_max_Documents_PhD_MAPF_LNS_MAPF_LNS_SAT_mapf-map_room-32-32-4_map-_home_max_Documents_PhD_MAPF_LNS_MAPF_LNS_SAT_mapf-scen-even_scen-even_room-32-32-4-even-6_scen-agents10-idx6-seed42-1760991971897,0,7,67,0.098240,1,4,0,8,3,7,467,166,0.000000,0.160000,0.566000,0.499000,0.026967,0
_home_max_Documents_PhD_MAPF_LNS_MAPF_LNS_SAT_mapf-map_room-32-32-4_map-_home_max_Documents_PhD_MAPF_LNS_MAPF_LNS_SAT_mapf-scen-even_scen-even_room-32-32-4-even-6_scen-agents10-idx6-seed42-1760991971897,0,8,76,0.111437,1,4,0,9,3,7,515,191,0.000000,0.192000,0.580000,0.509000,0.023931,0
_home_max_Documents_PhD_MAPF_LNS_MAPF_LNS_SAT_mapf-map_room-32-32-4_map-_home_max_Documents_PhD_MAPF_LNS_MAPF_LNS_SAT_mapf-scen-even_scen-even_room-32-32-4-even-6_scen-agents10-idx6-seed42-1760991971897,0,9,87,0.127566,1,4,0,10,3,6,794,248,0.000000,0.289000,0.557000,0.495000,0.032057,1
_home_max_Documents_PhD_MAPF_LNS_MAPF_LNS_SAT_mapf-map_room-32-32-4_map-_home_max_Documents_PhD_MAPF_LNS_MAPF_LNS_SAT_mapf-scen-even_scen-even_room-32-32-4-even-6_scen-agents10-idx6-seed42-1760991971897,0,0,9,0.013196,1,2,15,17,4,8,353,101,0.000000,0.099000,0.242000,0.206000,0.016514,1
_home_max_Documents_PhD_MAPF_LNS_MAPF_LNS_SAT_mapf-map_room-32-32-4_map-_home_max_Documents_PhD_MAPF_LNS_MAPF_LNS_SAT_mapf-scen-even_scen-even_room-32-32-4-even-6_scen-agents10-idx6-seed42-1760991971897,0,0,4,0.005865,1,2,19,21,1,4,22,9,0.000000,0.007000,0.045000,0.026000,0.002047,1
_home_max_Documents_PhD_MAPF_LNS_MAPF_LNS_SAT_mapf-map_room-32-32-4_map-_home_max_Documents_PhD_MAPF_LNS_MAPF_LNS_SAT_mapf-scen-even_scen-even_room-32-32-4-even-6_scen-agents10-idx6-seed42-1760991971897,0,0,4,0.005865,1,2,28,30,1,2,20,9,0.000000,0.007000,0.027000,0.017000,0.001067,1
_home_max_Documents_PhD_MAPF_LNS_MAPF_LNS_SAT_mapf-map_room-32-32-4_map-_home_max_Documents_PhD_MAPF_LNS_MAPF_LNS_SAT_mapf-scen-even_scen-even_room-32-32-4-even-6_scen-agents10-idx7-seed42-1760991971945,0,0,7,0.010264,1,2,1,3,3,7,83,36,0.000000,0.063000,0.339000,0.256000,0.027064,1
_home_max_Documents_PhD_MAPF_LNS_MAPF_LNS_SAT_mapf-map_room-32-32-4_map-_home_max_Documents_PhD_MAPF_LNS_MAPF_LNS_SAT_mapf-scen-even_scen-even_room-32-32-4-even-6_scen-agents10-idx7-seed42-1760991971945,0,0,5,0.007331,1,2,19,21,2,3,28,15,0.000000,0.021000,0.170000,0.062000,0.003143,1
_home_max_Documents_PhD_MAPF_LNS_MAPF_LNS_SAT_mapf-map_room-32-32-4_map-_home_max_Documents_PhD_MAPF_LNS_MAPF_LNS_SAT_mapf-scen-even_scen-even_room-32-32-4-even-6_scen-agents10-idx7-seed42-1760991971945,0,0,9,0.013196,1,4,25,27,3,7,158,67,0.000000,0.113000,0.309000,0.228000,0.023711,1
_home_max_Documents_PhD_MAPF_LNS_MAPF_LNS_SAT_mapf-map_room-32-32-4_map-_home_max_Documents_PhD_MAPF_LNS_MAPF_LNS_SAT_mapf-scen-even_scen-even_room-32-32-4-even-6_scen-agents10-idx7-seed42-1760991971945,0,0,5,0.007331,1,2,27,29,3,6,108,41,0.000000,0.056000,0.169000,0.128000,0.005773,0
_home_max_Documents_PhD_MAPF_LNS_MAPF_LNS_SAT_mapf-map_room-32-32-4_map-_home_max_Documents_PhD_MAPF_LNS_MAPF_LNS_SAT_mapf-scen-even_scen-even_room-32-32-4-even-6_scen-agents10-idx7-seed42-1760991971945,0,1,10,0.014663,1,2,26,30,1,1,61,23,0.000000,0.033000,0.079000,0.068000,0.005531,1
_home_max_Documents_PhD_MAPF_LNS_MAPF_LNS_SAT_mapf-map_room-32-32-4_map-_home_max_Documents_PhD_MAPF_LNS_MAPF_LNS_SAT_mapf-scen-even_scen-even_room-32-32-4-even-6_scen-agents10-idx7-seed42-1760991971945,0,0,4,0.005865,1,2,36,38,1,2,20,9,0.000000,0.011000,0.057000,0.036000,0.003233,1
_home_max_Documents_PhD_MAPF_LNS_MAPF_LNS_SAT_mapf-map_room-32-32-4_map-_home_max_Documents_PhD_MAPF_LNS_MAPF_LNS_SAT_mapf-scen-even_scen-even_room-32-32-4-even-6_scen-agents10-idx8-seed42-1760991971998,0,0,5,0.007331,1,2,5,7,2,3,28,15,0.000000,0.017000,0.105000,0.079000,0.011787,1
_home_max_Documents_PhD_MAPF_LNS_MAPF_LNS_SAT_mapf-map_room-32-32-4_map-_home_max_Documents_PhD_MAPF_LNS_MAPF_LNS_SAT_mapf-scen-even_scen-even_room-32-32-4-even-6_scen-agents10-idx8-seed42-1760991971998,0,0,5,0.007331,1,2,19,21,1,3,26,10,0.000000,0.012000,0.069000,0.044000,0.004144,1
_home_max_Documents_PhD_MAPF_LNS_MAPF_LNS_SAT_mapf-map_room-32-32-4_map-_home_max_Documents_PhD_MAPF_LNS_MAPF_LNS_SAT_mapf-scen-even_scen-even_room-32-32-4-even-6_scen-agents10-idx9-seed42-1760991972049,0,0,7,0.010264,1,2,11,13,1,2,15,8,0.000000,0.010000,0.076000,0.055000,0.010321,1
_home_max_Documents_PhD_MAPF_LNS_MAPF_LNS_SAT_mapf-map_room-32-32-4_map-_home_max_Documents_PhD_MAPF_LNS_MAPF_LNS_SAT_mapf-scen-even_scen-even_room-32-32-4-even-6_scen-agents10-idx9-seed42-1760991972049,0,0,5,0.007331,1,2,16,18,2,3,28,15,0.000000,0.016000,0.055000,0.037000,0.002684,1
_home_max_Documents_PhD_MAPF_LNS_MAPF_LNS_SAT_mapf-map_room-32-32-4_map-_home_max_Documents_PhD_MAPF_LNS_MAPF_LNS_SAT_mapf-scen-even_scen-even_room-32-32-4-even-6_scen-agents10-idx10-seed42-1760991972099,0,0,7,0.010264,3,2,1,5,2,3,52,25,0.000000,0.026000,0.120000,0.089000,0.012898,1
_home_max_Documents_PhD_MAPF_LNS_MAPF_LNS_SAT_mapf-map_room-32-32-4_map-_home_max_Documents_PhD_MAPF_LNS_MAPF_LNS_SAT_mapf-scen-even_scen-even_room-32-32-4-even-6_scen-agents10-idx10-seed42-1760991972099,0,0,5,0.007331,1,2,4,6,1,2,25,10,0.000000,0.010000,0.054000,0.038000,0.003261,1
_home_max_Documents_PhD_MAPF_LNS_MAPF_LNS_SAT_mapf-map_room-32-32-4_map-_home_max_Documents_PhD_MAPF_LNS_MAPF_LNS_SAT_mapf-scen-even_scen-even_room-32-32-4-even-6_scen-agents10-idx10-seed42-1760991972099,0,0,4,0.005865,1,2,17,19,2,3,28,15,0.000000,0.013000,0.053000,0.035000,0.002241,1
_home_max_Documents_PhD_MAPF_LNS_MAPF_LNS_SAT_mapf-map_room-32-32-4_map-_home_max_Documents_PhD_MAPF_LNS_MAPF_LNS_SAT_mapf-scen-even_scen-even_room-32-32-4-even-6_scen-agents10-idx10-seed42-1760991972099,0,0,9,0.013196,1,3,21,23,3,6,125,49,0.000000,0.059000,0.148000,0.110000,0.008108,1
_home_max_Documents_PhD_MAPF_LNS_MAPF_LNS_SAT_mapf-map_room-32-32-4_map-_home_max_Documents_PhD_MAPF_LNS_MAPF_LNS_SAT_mapf-scen-even_scen-even_room-32-32-4-even-6_scen-agents10-idx10-seed42-1760991972099,0,0,5,0.007331,1,2,36,38,1,2,25,10,0.000000,0.010000,0.042000,0.028000,0.002274,1
_home_max_Documents_PhD_MAPF_LNS_MAPF_LNS_SAT_mapf-map_room-32-32-4_map-_home_max_Documents_PhD_MAPF_LNS_MAPF_LNS_SAT_mapf-scen-even_scen-even_room-32-32-4-even-6_scen-agents10-idx11-seed42-1760991972150,0,0,4,0.005865,1,2,3,5,4,7,144,61,0.000000,0.070000,0.272000,0.228000,0.015163,0
_home_max_Documents_PhD_MAPF_LNS_MAPF_LNS_SAT_mapf-map_room-32-32-4_map-_home_max_Documents_PhD_MAPF_LNS_MAPF_LNS_SAT_mapf-scen-even_scen-even_room-32-32-4-even-6_scen-agents10-idx11-seed42-1760991972150,0,1,9,0.013196,1,2,2,6,3,6,140,56,0.000000,0.061000,0.183000,0.138000,0.018699,1
_home_max_Documents_PhD_MAPF_LNS_MAPF_LNS_SAT_mapf-map_room-32-32-4_map-_home_max_Documents_PhD_MAPF_LNS_MAPF_LNS_SAT_mapf-scen-even_scen-even_room-32-32-4-even-6_scen-agents10-idx11-seed42-1760991972150,0,0,6,0.008798,1,2,17,19,3,7,93,38,0.000000,0.038000,0.146000,0.106000,0.010363,1
_home_max_Documents_PhD_MAPF_LNS_MAPF_LNS_SAT_mapf-map_room-32-32-4_map-_home_max_Documents_PhD_MAPF_LNS_MAPF_LNS_SAT_mapf-scen-even_scen-even_room-32-32-4-even-6_scen-agents10-idx11-seed42-1760991972150,0,0,5,0.007331,1,2,35,37,1,1,24,10,0.000000,0.011000,0.030000,0.023000,0.001460,1
_home_max_Documents_PhD_MAPF_LNS_MAPF_LNS_SAT_mapf-map_room-32-32-4_map-_home_max_Documents_PhD_MAPF_LNS_MAPF_LNS_SAT_mapf-scen-even_scen-even_room-32-32-4-even-7_scen-agents10-idx0-seed42-1760991972201,0,0,9,0.013196,1,2,14,16,4,9,354,101,0.000000,0.144000,0.424000,0.359000,0.046186,1
_home_max_Documents_PhD_MAPF_LNS_MAPF_LNS_SAT_mapf-map_room-32-32-4_map-_home_max_Documents_PhD_MAPF_LNS_MAPF_LNS_SAT_mapf-scen-even_scen-even_room-32-32-4-even-7_scen-agents10-idx1-seed42-1760991972251,0,0,8,0.011730,1,2,10,12,4,8,309,97,0.000000,0.102000,0.283000,0.240000,0.032104,1
_home_max_Documents_PhD_MAPF_LNS_MAPF_LNS_SAT_mapf-map_room-32-32-4_map-_home_max_Documents_PhD_MAPF_LNS_MAPF_LNS_SAT_mapf-scen-even_scen-even_room-32-32-4-even-7_scen-agents10-idx1-seed42-1760991972251,0,0,4,0.005865,1,2,26,28,1,4,22,9,0.000000,0.008000,0.050000,0.028000,0.002163,1
_home_max_Documents_PhD_MAPF_LNS_MAPF_LNS_SAT_mapf-map_room-32-32-4_map-_home_max_Documents_PhD_MAPF_LNS_MAPF_LNS_SAT_mapf-scen-even_scen-even_room-32-32-4-even-7_scen-agents10-idx1-seed42-1760991972251,0,0,4,0.005865,1,2,26,28,4,7,144,61,0.000000,0.047000,0.117000,0.094000,0.005190,0
_home_max_Documents_PhD_MAPF_LNS_MAPF_LNS_SAT_mapf-map_room-32-32-4_map-_home_max_Documents_PhD_MAPF_LNS_MAPF_LNS_SAT_mapf-scen-even_scen-even_room-32-32-4-even-7_scen-agents10-idx1-seed42-1760991972251,0,1,9,0.013196,1,2,25,29,5,10,831,225,0.000000,0.233000,0.485000,0.433000,0.035688,1
_home_max_Documents_PhD_MAPF_LNS_MAPF_LNS_SAT_mapf-map_room-32-32-4_map-_home_max_Documents_PhD_MAPF_LNS_MAPF_LNS_SAT_mapf-scen-even_scen-even_room-32-32-4-even-7_scen-agents10-idx2-seed42-1760991972303,0,0,9,0.013196,1,2,21,23,3,7,123,45,0.000000,0.057000,0.224000,0.170000,0.021442,0
_home_max_Documents_PhD_MAPF_LNS_MAPF_LNS_SAT_mapf-map_room-32-32-4_map-_home_max_Documents_PhD_MAPF_LNS_MAPF_LNS_SAT_mapf-scen-even_scen-even_room-32-32-4-even-7_scen-agents10-idx2-seed42-1760991972303,0,1,16,0.023460,1,2,20,24,3,7,197,69,0.000000,0.084000,0.215000,0.170000,0.018650,0
_home_max_Documents_PhD_MAPF_LNS_MAPF_LNS_SAT_mapf-map_room-32-32-4_map-_home_max_Documents_PhD_MAPF_LNS_MAPF_LNS_SAT_mapf-scen-even_scen-even_room-32-32-4-even-7_scen-agents10-idx2-seed42-1760991972303,0,2,23,0.033724,1,2,19,25,3,7,314,102,0.000000,0.135000,0.274000,0.228000,0.022984,0
_home_max_Documents_PhD_MAPF_LNS_MAPF_LNS_SAT_mapf-map_room-32-32-4_map-_home_max_Documents_PhD_MAPF_LNS_MAPF_LNS_SAT_mapf-scen-even_scen-even_room-32-32-4-even-7_scen-agents10-idx2-seed42-1760991972303,0,3,29,0.042522,1,3,18,26,3,7,871,258,0.000000,0.294000,0.604000,0.533000,0.053355,0
_home_max_Documents_PhD_MAPF_LNS_MAPF_LNS_SAT_mapf-map_room-32-32-4_map-_home_max_Documents_PhD_MAPF_LNS_MAPF_LNS_SAT_mapf-scen-even_scen-even_room-32-32-4-even-7_scen-agents10-idx2-seed42-1760991972303,0,4,40,0.058651,1,4,17,27,3,7,3273,661,0.000000,0.972000,1.834000,1.745000,0.100255,0
_home_max_Documents_PhD_MAPF_LNS_MAPF_LNS_SAT_mapf-map_room-32-32-4_map-_home_max_Documents_PhD_MAPF_LNS_MAPF_LNS_SAT_mapf-scen-even_scen-even_room-32-32-4-even-7_scen-agents10-idx2-seed42-1760991972303,0,5,53,0.077713,1,5,16,28,3,7,7135,1053,0.000000,2.043000,3.146000,3.010000,0.144433,0
_home_max_Documents_PhD_MAPF_LNS_MAPF_LNS_SAT_mapf-map_room-32-32-4_map-_home_max_Documents_PhD_MAPF_LNS_MAPF_LNS_SAT_mapf-scen-even_scen-even_room-32-32-4-even-7_scen-agents10-idx2-seed42-1760991972303,0,6,69,0.101173,1,5,15,29,3,7,15167,1602,0.000000,4.402000,10.595000,10.348000,0.322956,0
_home_max_Documents_PhD_MAPF_LNS_MAPF_LNS_SAT_mapf-map_room-32-32-4_map-_home_max_Documents_PhD_MAPF_LNS_MAPF_LNS_SAT_mapf-scen-even_scen-even_room-32-32-4-even-7_scen-agents10-idx2-seed42-1760991972303,0,7,84,0.123167,1,6,14,30,3,7,29261,2271,0.000000,8.439000,21.798000,21.595000,0.493094,0
_home_max_Documents_PhD_MAPF_LNS_MAPF_LNS_SAT_mapf-map_room-32-32-4_map-_home_max_Documents_PhD_MAPF_LNS_MAPF_LNS_SAT_mapf-scen-even_scen-even_room-32-32-4-even-7_scen-agents10-idx2-seed42-1760991972303,0,8,108,0.158358,1,7,13,31,3,7,57028,3217,0.000000,17.011000,41.606000,41.388000,0.770846,0
_home_max_Documents_PhD_MAPF_LNS_MAPF_LNS_SAT_mapf-map_room-32-32-4_map-_home_max_Documents_PhD_MAPF_LNS_MAPF_LNS_SAT_mapf-scen-even_scen-even_room-32-32-4-even-7_scen-agents10-idx2-seed42-1760991972303,0,9,135,0.197947,1,7,12,32,3,7,98098,4324,0.000000,31.382000,72.403000,71.983000,1.194654,0
_home_max_Documents_PhD_MAPF_LNS_MAPF_LNS_SAT_mapf-map_room-32-32-4_map-_home_max_Documents_PhD_MAPF_LNS_MAPF_LNS_SAT_mapf-scen-even_scen-even_room-32-32-4-even-7_scen-agents10-idx2-seed42-1760991972303,0,10,164,0.240469,1,7,11,33,3,7,177345,5986,0.000000,62.732000,130.719000,130.129000,2.120650,0
_home_max_Documents_PhD_MAPF_LNS_MAPF_LNS_SAT_mapf-map_room-32-32-4_map-_home_max_Documents_PhD_MAPF_LNS_MAPF_LNS_SAT_mapf-scen-even_scen-even_room-32-32-4-even-7_scen-agents10-idx2-seed42-1760991972303,0,11,190,0.278592,1,7,10,34,3,7,276004,8722,0.002000,116.742000,207.312000,206.049000,3.142972,0
_home_max_Documents_PhD_MAPF_LNS_MAPF_LNS_SAT_mapf-map_room-32-32-4_map-_home_max_Documents_PhD_MAPF_LNS_MAPF_LNS_SAT_mapf-scen-even_scen-even_room-32-32-4-even-7_scen-agents10-idx2-seed42-1760991972303,0,12,217,0.318182,1,8,9,35,3,7,392294,10783,0.002000,178.928000,304.987000,303.106000,4.344683,0
_home_max_Documents_PhD_MAPF_LNS_MAPF_LNS_SAT_mapf-map_room-32-32-4_map-_home_max_Documents_PhD_MAPF_LNS_MAPF_LNS_SAT_mapf-scen-even_scen-even_room-32-32-4-even-7_scen-agents10-idx2-seed42-1760991972303,0,13,247,0.362170,1,8,8,36,3,7,544996,13080,0.002000,269.951000,436.929000,434.389000,5.851380,0
_home_max_Documents_PhD_MAPF_LNS_MAPF_LNS_SAT_mapf-map_room-32-32-4_map-_home_max_Documents_PhD_MAPF_LNS_MAPF_LNS_SAT_mapf-scen-even_scen-even_room-32-32-4-even-7_scen-agents10-idx2-seed42-1760991972303,0,14,277,0.406158,1,9,7,37,3,7,927604,20128,0.002000,645.062000,883.289000,878.422000,9.967952,0
_home_max_Documents_PhD_MAPF_LNS_MAPF_LNS_SAT_mapf-map_room-32-32-4_map-_home_max_Documents_PhD_MAPF_LNS_MAPF_LNS_SAT_mapf-scen-even_scen-even_room-32-32-4-even-7_scen-agents10-idx2-seed42-1760991972303,0,15,297,0.435484,1,9,6,38,3,7,1276516,24200,0.003000,1005.217000,1399.872000,1394.619000,13.717746,0
_home_max_Documents_PhD_MAPF_LNS_MAPF_LNS_SAT_mapf-map_room-32-32-4_map-_home_max_Documents_PhD_MAPF_LNS_MAPF_LNS_SAT_mapf-scen-even_scen-even_room-32-32-4-even-7_scen-agents10-idx2-seed42-1760991972303,0,16,321,0.470674,1,9,5,39,3,7,1733462,29549,0.004000,1685.499000,2034.483000,2025.680000,18.666621,0
_home_max_Documents_PhD_MAPF_LNS_MAPF_LNS_SAT_mapf-map_room-32-32-4_map-_home_max_Documents_PhD_MAPF_LNS_MAPF_LNS_SAT_mapf-scen-even_scen-even_room-32-32-4-even-7_scen-agents10-idx2-seed42-1760991972303,0,17,345,0.505865,1,9,4,40,3,8,2195480,34344,0.002000,2337.262000,2301.113000,2287.006000,19.420950,1
_home_max_Documents_PhD_MAPF_LNS_MAPF_LNS_SAT_mapf-map_room-32-32-4_map-_home_max_Documents_PhD_MAPF_LNS_MAPF_LNS_SAT_mapf-scen-even_scen-even_room-32-32-4-even-7_scen-agents10-idx3-seed42-1760991986991,0,0,9,0.013196,1,2,11,13,3,9,168,50,0.000000,0.048000,0.197000,0.144000,0.021462,1
_home_max_Documents_PhD_MAPF_LNS_MAPF_LNS_SAT_mapf-map_room-32-32-4_map-_home_max_Documents_PhD_MAPF_LNS_MAPF_LNS_SAT_mapf-scen-even_scen-even_room-32-32-4-even-7_scen-agents10-idx3-seed42-1760991986991,0,0,5,0.007331,1,2,31,33,1,1,24,10,0.000000,0.008000,0.033000,0.026000,0.001583,1
_home_max_Documents_PhD_MAPF_LNS_MAPF_LNS_SAT_mapf-map_room-32-32-4_map-_home_max_Documents_PhD_MAPF_LNS_MAPF_LNS_SAT_mapf-scen-even_scen-even_room-32-32-4-even-7_scen-agents10-idx4-seed42-1760991987046,0,0,5,0.007331,1,2,12,14,1,3,26,10,0.000000,0.023000,0.167000,0.119000,0.019512,1
_home_max_Documents_PhD_MAPF_LNS_MAPF_LNS_SAT_mapf-map_room-32-32-4_map-_home_max_Documents_PhD_MAPF_LNS_MAPF_LNS_SAT_mapf-scen-even_scen-even_room-32-32-4-even-7_scen-agents10-idx4-seed42-1760991987046,0,0,8,0.011730,2,2,15,18,1,2,20,10,0.000000,0.022000,0.081000,0.051000,0.002940,1
_home_max_Documents_PhD_MAPF_LNS_MAPF_LNS_SAT_mapf-map_room-32-32-4_map-_home_max_Documents_PhD_MAPF_LNS_MAPF_LNS_SAT_mapf-scen-even_scen-even_room-32-32-4-even-7_scen-agents10-idx4-seed42-1760991987046,0,0,14,0.020528,6,2,18,25,2,3,88,40,0.000000,0.080000,0.180000,0.131000,0.009729,1
_home_max_Documents_PhD_MAPF_LNS_MAPF_LNS_SAT_mapf-map_room-32-32-4_map-_home_max_Documents_PhD_MAPF_LNS_MAPF_LNS_SAT_mapf-scen-even_scen-even_room-32-32-4-even-7_scen-agents10-idx4-seed42-1760991987046,0,0,8,0.011730,1,2,19,21,3,5,92,38,0.000000,0.071000,0.198000,0.154000,0.009462,1
_home_max_Documents_PhD_MAPF_LNS_MAPF_LNS_SAT_mapf-map_room-32-32-4_map-_home_max_Documents_PhD_MAPF_LNS_MAPF_LNS_SAT_mapf-scen-even_scen-even_room-32-32-4-even-7_scen-agents10-idx4-seed42-1760991987046,0,0,5,0.007331,1,2,29,31,1,1,24,10,0.000000,0.016000,0.048000,0.038000,0.002669,1
_home_max_Documents_PhD_MAPF_LNS_MAPF_LNS_SAT_mapf-map_room-32-32-4_map-_home_max_Documents_PhD_MAPF_LNS_MAPF_LNS_SAT_mapf-scen-even_scen-even_room-32-32-4-even-7_scen-agents10-idx4-seed42-1760991987046,0,0,5,0.007331,1,2,32,34,1,2,25,10,0.000000,0.017000,0.067000,0.044000,0.002963,1
_home_max_Documents_PhD_MAPF_LNS_MAPF_LNS_SAT_mapf-map_room-32-32-4_map-_home_max_Documents_PhD_MAPF_LNS_MAPF_LNS_SAT_mapf-scen-even_scen-even_room-32-32-4-even-7_scen-agents10-idx4-seed42-1760991987046,0,0,4,0.005865,1,2,38,40,1,2,20,9,0.000000,0.012000,0.055000,0.036000,0.002580,1
_home_max_Documents_PhD_MAPF_LNS_MAPF_LNS_SAT_mapf-map_room-32-32-4_map-_home_max_Documents_PhD_MAPF_LNS_MAPF_LNS_SAT_mapf-scen-even_scen-even_room-32-32-4-even-7_scen-agents10-idx5-seed42-1760991987095,0,0,5,0.007331,1,2,7,9,2,3,28,15,0.000000,0.017000,0.100000,0.076000,0.010800,1
_home_max_Documents_PhD_MAPF_LNS_MAPF_LNS_SAT_mapf-map_room-32-32-4_map-_home_max_Documents_PhD_MAPF_LNS_MAPF_LNS_SAT_mapf-scen-even_scen-even_room-32-32-4-even-7_scen-agents10-idx5-seed42-1760991987095,0,0,4,0.005865,1,2,17,19,1,1,19,9,0.000000,0.011000,0.033000,0.025000,0.002358,1
_home_max_Documents_PhD_MAPF_LNS_MAPF_LNS_SAT_mapf-map_room-32-32-4_map-_home_max_Documents_PhD_MAPF_LNS_MAPF_LNS_SAT_mapf-scen-even_scen-even_room-32-32-4-even-7_scen-agents10-idx5-seed42-1760991987095,0,0,8,0.011730,1,2,23,25,1,2,11,6,0.000000,0.007000,0.024000,0.015000,0.000502,0
_home_max_Documents_PhD_MAPF_LNS_MAPF_LNS_SAT_mapf-map_room-32-32-4_map-_home_max_Documents_PhD_MAPF_LNS_MAPF_LNS_SAT_mapf-scen-even_scen-even_room-32-32-4-even-7_scen-agents10-idx5-seed42-1760991987095,0,1,12,0.017595,1,2,22,26,1,2,19,10,0.000000,0.011000,0.028000,0.017000,0.000418,0
_home_max_Documents_PhD_MAPF_LNS_MAPF_LNS_SAT_mapf-map_room-32-32-4_map-_home_max_Documents_PhD_MAPF_LNS_MAPF_LNS_SAT_mapf-scen-even_scen-even_room-32-32-4-even-7_scen-agents10-idx5-seed42-1760991987095,0,2,16,0.023460,1,2,21,27,1,2,27,14,0.000000,0.013000,0.032000,0.020000,0.000396,0
_home_max_Documents_PhD_MAPF_LNS_MAPF_LNS_SAT_mapf-map_room-32-32-4_map-_home_max_Documents_PhD_MAPF_LNS_MAPF_LNS_SAT_mapf-scen-even_scen-even_room-32-32-4-even-7_scen-agents10-idx5-seed42-1760991987095,0,3,23,0.033724,1,2,20,28,1,2,35,18,0.000000,0.018000,0.038000,0.026000,0.000375,0
_home_max_Documents_PhD_MAPF_LNS_MAPF_LNS_SAT_mapf-map_room-32-32-4_map-_home_max_Documents_PhD_MAPF_LNS_MAPF_LNS_SAT_mapf-scen-even_scen-even_room-32-32-4-even-7_scen-agents10-idx5-seed42-1760991987095,0,4,29,0.042522,1,2,19,29,1,2,43,22,0.000000,0.020000,0.043000,0.026000,0.000418,0
_home_max_Documents_PhD_MAPF_LNS_MAPF_LNS_SAT_mapf-map_room-32-32-4_map-_home_max_Documents_PhD_MAPF_LNS_MAPF_LNS_SAT_mapf-scen-even_scen-even_room-32-32-4-even-7_scen-agents10-idx5-seed42-1760991987095,0,5,37,0.054252,1,3,18,30,1,2,811,145,0.000000,0.257000,0.484000,0.444000,0.025261,0
_home_max_Documents_PhD_MAPF_LNS_MAPF_LNS_SAT_mapf-map_room-32-32-4_map-_home_max_Documents_PhD_MAPF_LNS_MAPF_LNS_SAT_mapf-scen-even_scen-even_room-32-32-4-even-7_scen-agents10-idx5-seed42-1760991987095,0,6,45,0.065982,1,3,17,31,1,2,1426,203,0.000000,0.391000,0.664000,0.617000,0.020461,0
_home_max_Documents_PhD_MAPF_LNS_MAPF_LNS_SAT_mapf-map_room-32-32-4_map-_home_max_Documents_PhD_MAPF_LNS_MAPF_LNS_SAT_mapf-scen-even_scen-even_room-32-32-4-even-7_scen-agents10-idx5-seed42-1760991987095,0,7,58,0.085044,1,3,16,32,1,2,3229,311,0.000000,0.783000,2.518000,2.415000,0.038817,0
_home_max_Documents_PhD_MAPF_LNS_MAPF_LNS_SAT_mapf-map_room-32-32-4_map-_home_max_Documents_PhD_MAPF_LNS_MAPF_LNS_SAT_mapf-scen-even_scen-even_room-32-32-4-even-7_scen-agents10-idx5-seed42-1760991987095,0,8,76,0.111437,1,5,15,33,1,2,6925,465,0.000000,1.719000,5.221000,5.137000,0.066741,0
_home_max_Documents_PhD_MAPF_LNS_MAPF_LNS_SAT_mapf-map_room-32-32-4_map-_home_max_Documents_PhD_MAPF_LNS_MAPF_LNS_SAT_mapf-scen-even_scen-even_room-32-32-4-even-7_scen-agents10-idx5-seed42-1760991987095,0,9,97,0.142229,1,5,14,34,1,2,13646,673,0.000000,3.755000,10.047000,9.877000,0.113238,0
_home_max_Documents_PhD_MAPF_LNS_MAPF_LNS_SAT_mapf-map_room-32-32-4_map-_home_max_Documents_PhD_MAPF_LNS_MAPF_LNS_SAT_mapf-scen-even_scen-even_room-32-32-4-even-7_scen-agents10-idx5-seed42-1760991987095,0,10,116,0.170088,1,5,13,35,1,2,21904,892,0.000000,6.273000,16.232000,16.096000,0.173209,0
_home_max_Documents_PhD_MAPF_LNS_MAPF_LNS_SAT_mapf-map_room-32-32-4_map-_home_max_Documents_PhD_MAPF_LNS_MAPF_LNS_SAT_mapf-scen-even_scen-even_room-32-32-4-even-7_scen-agents10-idx5-seed42-1760991987095,0,11,143,0.209677,1,6,12,36,1,2,37183,1194,0.000000,11.653000,26.950000,26.616000,0.278244,0
_home_max_Documents_PhD_MAPF_LNS_MAPF_LNS_SAT_mapf-map_room-32-32-4_map-_home_max_Documents_PhD_MAPF_LNS_MAPF_LNS_SAT_mapf-scen-even_scen-even_room-32-32-4-even-7_scen-agents10-idx5-seed42-1760991987095,0,12,170,0.249267,1,6,11,37,1,2,59326,1544,0.000000,20.610000,43.452000,42.885000,0.427459,0
_home_max_Documents_PhD_MAPF_LNS_MAPF_LNS_SAT_mapf-map_room-32-32-4_map-_home_max_Documents_PhD_MAPF_LNS_MAPF_LNS_SAT_mapf-scen-even_scen-even_room-32-32-4-even-7_scen-agents10-idx5-seed42-1760991987095,0,13,187,0.274194,1,6,10,38,1,2,82489,1883,0.000000,30.140000,59.934000,59.194000,0.586353,0
_home_max_Documents_PhD_MAPF_LNS_MAPF_LNS_SAT_mapf-map_room-32-32-4_map-_home_max_Documents_PhD_MAPF_LNS_MAPF_LNS_SAT_mapf-scen-even_scen-even_room-32-32-4-even-7_scen-agents10-idx5-seed42-1760991987095,0,14,206,0.302053,1,6,9,39,1,2,110115,2244,0.000000,43.314000,117.600000,115.704000,1.665454,0
_home_max_Documents_PhD_MAPF_LNS_MAPF_LNS_SAT_mapf-map_room-32-32-4_map-_home_max_Documents_PhD_MAPF_LNS_MAPF_LNS_SAT_mapf-scen-even_scen-even_room-32-32-4-even-7_scen-agents10-idx5-seed42-1760991987095,0,15,232,0.340176,1,7,8,40,1,2,151271,2692,0.000000,66.659000,116.226000,114.759000,1.059583,0
_home_max_Documents_PhD_MAPF_LNS_MAPF_LNS_SAT_mapf-map_room-32-32-4_map-_home_max_Documents_PhD_MAPF_LNS_MAPF_LNS_SAT_mapf-scen-even_scen-even_room-32-32-4-even-7_scen-agents10-idx5-seed42-1760991987095,0,16,261,0.382698,1,7,7,41,1,2,204652,3206,0.000000,99.725000,176.190000,174.200000,1.395280,0
_home_max_Documents_PhD_MAPF_LNS_MAPF_LNS_SAT_mapf-map_room-32-32-4_map-_home_max_Documents_PhD_MAPF_LNS_MAPF_LNS_SAT_mapf-scen-even_scen-even_room-32-32-4-even-7_scen-agents10-idx5-seed42-1760991987095,0,17,286,0.419355,1,8,6,42,1,2,326425,5310,0.000000,245.455000,307.160000,303.825000,2.716204,0
_home_max_Documents_PhD_MAPF_LNS_MAPF_LNS_SAT_mapf-map_room-32-32-4_map-_home_max_Documents_PhD_MAPF_LNS_MAPF_LNS_SAT_mapf-scen-even_scen-even_room-32-32-4-even-7_scen-agents10-idx5-seed42-1760991987095,0,18,317,0.464809,1,8,5,43,1,2,418776,6227,0.000000,352.815000,491.614000,487.019000,3.175631,0
_home_max_Documents_PhD_MAPF_LNS_MAPF_LNS_SAT_mapf-map_room-32-32-4_map-_home_max_Documents_PhD_MAPF_LNS_MAPF_LNS_SAT_mapf-scen-even_scen-even_room-32-32-4-even-7_scen-agents10-idx5-seed42-1760991987095,0,19,354,0.519062,1,8,4,44,1,2,568086,7476,0.000000,495.756000,627.878000,622.307000,4.205243,0
_home_max_Documents_PhD_MAPF_LNS_MAPF_LNS_SAT_mapf-map_room-32-32-4_map-_home_max_Documents_PhD_MAPF_LNS_MAPF_LNS_SAT_mapf-scen-even_scen-even_room-32-32-4-even-7_scen-agents10-idx5-seed42-1760991987095,0,20,392,0.574780,1,10,3,45,1,2,724674,9119,0.000000,572.354000,1019.818000,1012.265000,5.230323,0
_home_max_Documents_PhD_MAPF_LNS_MAPF_LNS_SAT_mapf-map_room-32-32-4_map-_home_max_Documents_PhD_MAPF_LNS_MAPF_LNS_SAT_mapf-scen-even_scen-even_room-32-32-4-even-7_scen-agents10-idx5-seed42-1760991987095,0,21,432,0.633431,1,10,2,46,1,2,1160614,14461,0.000000,1954.379000,1760.026000,1748.260000,8.172256,0
_home_max_Documents_PhD_MAPF_LNS_MAPF_LNS_SAT_mapf-map_room-32-32-4_map-_home_max_Documents_PhD_MAPF_LNS_MAPF_LNS_SAT_mapf-scen-even_scen-even_room-32-32-4-even-7_scen-agents10-idx5-seed42-1760991987095,0,22,471,0.690616,1,10,1,47,1,2,1485071,17087,0.000000,2760.838000,2392.053000,2377.211000,10.438831,0
_home_max_Documents_PhD_MAPF_LNS_MAPF_LNS_SAT_mapf-map_room-32-32-4_map-_home_max_Documents_PhD_MAPF_LNS_MAPF_LNS_SAT_mapf-scen-even_scen-even_room-32-32-4-even-7_scen-agents10-idx5-seed42-1760991987095,0,23,511,0.749267,1,10,0,48,1,2,1793416,19379,0.000000,3267.692000,2842.028000,2824.432000,12.257095,0
_home_max_Documents_PhD_MAPF_LNS_MAPF_LNS_SAT_mapf-map_room-32-32-4_map-_home_max_Documents_PhD_MAPF_LNS_MAPF_LNS_SAT_mapf-scen-even_scen-even_room-32-32-4-even-7_scen-agents10-idx5-seed42-1760991987095,0,24,545,0.799120,1,10,0,49,1,2,2168065,23100,0.000000,4635.169000,3494.105000,3471.898000,14.845352,0
_home_max_Documents_PhD_MAPF_LNS_MAPF_LNS_SAT_mapf-map_room-32-32-4_map-_home_max_Documents_PhD_MAPF_LNS_MAPF_LNS_SAT_mapf-scen-even_scen-even_room-32-32-4-even-7_scen-agents10-idx5-seed42-1760991987095,0,25,570,0.835777,1,10,0,50,1,6,2997540,30314,0.000000,9757.361000,2813.778000,2427.337000,34.593715,1
_home_max_Documents_PhD_MAPF_LNS_MAPF_LNS_SAT_mapf-map_room-32-32-4_map-_home_max_Documents_PhD_MAPF_LNS_MAPF_LNS_SAT_mapf-scen-even_scen-even_room-32-32-4-even-7_scen-agents10-idx6-seed42-1760992028415,0,0,9,0.013196,1,2,11,13,3,7,121,44,0.000000,0.067000,0.329000,0.241000,0.045452,1
_home_max_Documents_PhD_MAPF_LNS_MAPF_LNS_SAT_mapf-map_room-32-32-4_map-_home_max_Documents_PhD_MAPF_LNS_MAPF_LNS_SAT_mapf-scen-even_scen-even_room-32-32-4-even-7_scen-agents10-idx6-seed42-1760992028415,0,0,8,0.011730,1,2,16,18,3,7,118,42,0.000000,0.044000,0.184000,0.132000,0.013224,1
_home_max_Documents_PhD_MAPF_LNS_MAPF_LNS_SAT_mapf-map_room-32-32-4_map-_home_max_Documents_PhD_MAPF_LNS_MAPF_LNS_SAT_mapf-scen-even_scen-even_room-32-32-4-even-7_scen-agents10-idx6-seed42-1760992028415,0,0,7,0.010264,1,2,17,19,3,7,99,40,0.000000,0.036000,0.153000,0.105000,0.011337,1
_home_max_Documents_PhD_MAPF_LNS_MAPF_LNS_SAT_mapf-map_room-32-32-4_map-_home_max_Documents_PhD_MAPF_LNS_MAPF_LNS_SAT_mapf-scen-even_scen-even_room-32-32-4-even-7_scen-agents10-idx6-seed42-1760992028415,0,0,5,0.007331,1,2,20,22,2,3,28,15,0.000000,0.013000,0.061000,0.040000,0.001958,1
_home_max_Documents_PhD_MAPF_LNS_MAPF_LNS_SAT_mapf-map_room-32-32-4_map-_home_max_Documents_PhD_MAPF_LNS_MAPF_LNS_SAT_mapf-scen-even_scen-even_room-32-32-4-even-7_scen-agents10-idx6-seed42-1760992028415,0,0,7,0.010264,1,2,26,28,3,7,106,41,0.000000,0.050000,0.192000,0.131000,0.015408,1
_home_max_Documents_PhD_MAPF_LNS_MAPF_LNS_SAT_mapf-map_room-32-32-4_map-_home_max_Documents_PhD_MAPF_LNS_MAPF_LNS_SAT_mapf-scen-even_scen-even_room-32-32-4-even-7_scen-agents10-idx6-seed42-1760992028415,0,0,4,0.005865,1,2,28,30,1,4,22,9,0.000000,0.010000,0.070000,0.039000,0.002836,1
_home_max_Documents_PhD_MAPF_LNS_MAPF_LNS_SAT_mapf-map_room-32-32-4_map-_home_max_Documents_PhD_MAPF_LNS_MAPF_LNS_SAT_mapf-scen-even_scen-even_room-32-32-4-even-7_scen-agents10-idx6-seed42-1760992028415,0,0,5,0.007331,1,2,29,31,4,7,179,68,0.000000,0.065000,0.169000,0.134000,0.006906,0
_home_max_Documents_PhD_MAPF_LNS_MAPF_LNS_SAT_mapf-map_room-32-32-4_map-_home_max_Documents_PhD_MAPF_LNS_MAPF_LNS_SAT_mapf-scen-even_scen-even_room-32-32-4-even-7_scen-agents10-idx6-seed42-1760992028415,0,1,9,0.013196,1,3,28,32,2,3,58,30,0.000000,0.030000,0.079000,0.056000,0.004977,1
_home_max_Documents_PhD_MAPF_LNS_MAPF_LNS_SAT_mapf-map_room-32-32-4_map-_home_max_Documents_PhD_MAPF_LNS_MAPF_LNS_SAT_mapf-scen-even_scen-even_room-32-32-4-even-7_scen-agents10-idx7-seed42-1760992028467,0,0,9,0.013196,1,2,18,20,4,9,354,101,0.000000,0.228000,0.630000,0.520000,0.052814,1
_home_max_Documents_PhD_MAPF_LNS_MAPF_LNS_SAT_mapf-map_room-32-32-4_map-_home_max_Documents_PhD_MAPF_LNS_MAPF_LNS_SAT_mapf-scen-even_scen-even_room-32-32-4-even-7_scen-agents10-idx7-seed42-1760992028467,0,0,4,0.005865,1,2,20,22,4,7,144,61,0.000000,0.102000,0.266000,0.216000,0.011879,0
_home_max_Documents_PhD_MAPF_LNS_MAPF_LNS_SAT_mapf-map_room-32-32-4_map-_home_max_Documents_PhD_MAPF_LNS_MAPF_LNS_SAT_mapf-scen-even_scen-even_room-32-32-4-even-7_scen-agents10-idx7-seed42-1760992028467,0,1,8,0.011730,1,3,19,23,1,2,28,15,0.000000,0.023000,0.076000,0.048000,0.004093,1
_home_max_Documents_PhD_MAPF_LNS_MAPF_LNS_SAT_mapf-map_room-32-32-4_map-_home_max_Documents_PhD_MAPF_LNS_MAPF_LNS_SAT_mapf-scen-even_scen-even_room-32-32-4-even-7_scen-agents10-idx7-seed42-1760992028467,0,0,9,0.013196,1,2,33,35,4,8,353,101,0.000000,0.193000,0.443000,0.376000,0.027772,1
_home_max_Documents_PhD_MAPF_LNS_MAPF_LNS_SAT_mapf-map_room-32-32-4_map-_home_max_Documents_PhD_MAPF_LNS_MAPF_LNS_SAT_mapf-scen-even_scen-even_room-32-32-4-even-7_scen-agents10-idx8-seed42-1760992028518,0,0,5,0.007331,1,2,8,10,2,3,28,15,0.000000,0.024000,0.115000,0.088000,0.014830,1
_home_max_Documents_PhD_MAPF_LNS_MAPF_LNS_SAT_mapf-map_room-32-32-4_map-_home_max_Documents_PhD_MAPF_LNS_MAPF_LNS_SAT_mapf-scen-even_scen-even_room-32-32-4-even-7_scen-agents10-idx8-seed42-1760992028518,0,0,9,0.013196,1,3,10,12,4,8,357,105,0.000000,0.177000,0.404000,0.343000,0.038684,1
_home_max_Documents_PhD_MAPF_LNS_MAPF_LNS_SAT_mapf-map_room-32-32-4_map-_home_max_Documents_PhD_MAPF_LNS_MAPF_LNS_SAT_mapf-scen-even_scen-even_room-32-32-4-even-7_scen-agents10-idx9-seed42-1760992028569,0,0,5,0.007331,1,2,5,7,1,1,24,10,0.000000,0.019000,0.110000,0.094000,0.014586,1
_home_max_Documents_PhD_MAPF_LNS_MAPF_LNS_SAT_mapf-map_room-32-32-4_map-_home_max_Documents_PhD_MAPF_LNS_MAPF_LNS_SAT_mapf-scen-even_scen-even_room-32-32-4-even-7_scen-agents10-idx9-seed42-1760992028569,0,0,5,0.007331,1,2,11,13,1,2,25,10,0.000000,0.014000,0.110000,0.048000,0.004225,1
_home_max_Documents_PhD_MAPF_LNS_MAPF_LNS_SAT_mapf-map_room-32-32-4_map-_home_max_Documents_PhD_MAPF_LNS_MAPF_LNS_SAT_mapf-scen-even_scen-even_room-32-32-4-even-7_scen-agents10-idx9-seed42-1760992028569,0,0,5,0.007331,1,2,13,15,2,3,28,15,0.000000,0.017000,0.066000,0.044000,0.003621,1
_home_max_Documents_PhD_MAPF_LNS_MAPF_LNS_SAT_mapf-map_room-32-32-4_map-_home_max_Documents_PhD_MAPF_LNS_MAPF_LNS_SAT_mapf-scen-even_scen-even_room-32-32-4-even-7_scen-agents10-idx9-seed42-1760992028569,0,0,9,0.013196,1,2,22,24,3,7,166,50,0.000000,0.071000,0.241000,0.185000,0.017209,1
_home_max_Documents_PhD_MAPF_LNS_MAPF_LNS_SAT_mapf-map_room-32-32-4_map-_home_max_Documents_PhD_MAPF_LNS_MAPF_LNS_SAT_mapf-scen-even_scen-even_room-32-32-4-even-7_scen-agents10-idx10-seed42-1760992028619,0,0,9,0.013196,1,2,10,12,3,7,166,50,0.000000,0.072000,0.281000,0.227000,0.027111,1
_home_max_Documents_PhD_MAPF_LNS_MAPF_LNS_SAT_mapf-map_room-32-32-4_map-_home_max_Documents_PhD_MAPF_LNS_MAPF_LNS_SAT_mapf-scen-even_scen-even_room-32-32-4-even-7_scen-agents10-idx10-seed42-1760992028619,0,0,9,0.013196,3,3,37,41,1,2,23,11,0.000000,0.015000,0.040000,0.023000,0.000647,0
_home_max_Documents_PhD_MAPF_LNS_MAPF_LNS_SAT_mapf-map_room-32-32-4_map-_home_max_Documents_PhD_MAPF_LNS_MAPF_LNS_SAT_mapf-scen-even_scen-even_room-32-32-4-even-7_scen-agents10-idx10-seed42-1760992028619,0,1,16,0.023460,3,3,36,42,1,2,41,20,0.000000,0.029000,0.049000,0.032000,0.001764,0
_home_max_Documents_PhD_MAPF_LNS_MAPF_LNS_SAT_mapf-map_room-32-32-4_map-_home_max_Documents_PhD_MAPF_LNS_MAPF_LNS_SAT_mapf-scen-even_scen-even_room-32-32-4-even-7_scen-agents10-idx10-seed42-1760992028619,0,2,24,0.035191,3,3,35,43,1,2,65,31,0.000000,0.039000,0.069000,0.049000,0.002997,0
_home_max_Documents_PhD_MAPF_LNS_MAPF_LNS_SAT_mapf-map_room-32-32-4_map-_home_max_Documents_PhD_MAPF_LNS_MAPF_LNS_SAT_mapf-scen-even_scen-even_room-32-32-4-even-7_scen-agents10-idx10-seed42-1760992028619,0,3,31,0.045455,3,4,34,44,1,2,111,51,0.000000,0.069000,0.103000,0.077000,0.004702,0
_home_max_Documents_PhD_MAPF_LNS_MAPF_LNS_SAT_mapf-map_room-32-32-4_map-_home_max_Documents_PhD_MAPF_LNS_MAPF_LNS_SAT_mapf-scen-even_scen-even_room-32-32-4-even-7_scen-agents10-idx10-seed42-1760992028619,0,4,45,0.065982,3,4,33,45,1,2,201,75,0.000000,0.097000,0.144000,0.117000,0.006378,0
_home_max_Documents_PhD_MAPF_LNS_MAPF_LNS_SAT_mapf-map_room-32-32-4_map-_home_max_Documents_PhD_MAPF_LNS_MAPF_LNS_SAT_mapf-scen-even_scen-even_room-32-32-4-even-7_scen-agents10-idx10-seed42-1760992028619,0,5,62,0.090909,3,4,32,46,1,2,383,108,0.000000,0.151000,0.217000,0.188000,0.008737,0
_home_max_Documents_PhD_MAPF_LNS_MAPF_LNS_SAT_mapf-map_room-32-32-4_map-_home_max_Documents_PhD_MAPF_LNS_MAPF_LNS_SAT_mapf-scen-even_scen-even_room-32-32-4-even-7_scen-agents10-idx10-seed42-1760992028619,0,6,77,0.112903,3,4,31,47,1,2,615,141,0.000000,0.212000,0.310000,0.277000,0.011498,0
_home_max_Documents_PhD_MAPF_LNS_MAPF_LNS_SAT_mapf-map_room-32-32-4_map-_home_max_Documents_PhD_MAPF_LNS_MAPF_LNS_SAT_mapf-scen-even_scen-even_room-32-32-4-even-7_scen-agents10-idx10-seed42-1760992028619,0,7,92,0.134897,3,5,30,48,1,2,2936,409,0.000000,0.924000,1.330000,1.231000,0.040998,0
_home_max_Documents_PhD_MAPF_LNS_MAPF_LNS_SAT_mapf-map_room-32-32-4_map-_home_max_Documents_PhD_MAPF_LNS_MAPF_LNS_SAT_mapf-scen-even_scen-even_room-32-32-4-even-7_scen-agents10-idx10-seed42-1760992028619,0,8,106,0.155425,3,5,29,49,1,2,5164,562,0.000000,1.594000,2.208000,2.148000,0.064697,0
_home_max_Documents_PhD_MAPF_LNS_MAPF_LNS_SAT_mapf-map_room-32-32-4_map-_home_max_Documents_PhD_MAPF_LNS_MAPF_LNS_SAT_mapf-scen-even_scen-even_room-32-32-4-even-7_scen-agents10-idx10-seed42-1760992028619,0,9,123,0.180352,3,5,28,49,1,2,7044,675,0.000000,2.186000,2.814000,2.721000,0.085281,0
_home_max_Documents_PhD_MAPF_LNS_MAPF_LNS_SAT_mapf-map_room-32-32-4_map-_home_max_Documents_PhD_MAPF_LNS_MAPF_LNS_SAT_mapf-scen-even_scen-even_room-32-32-4-even-7_scen-agents10-idx10-seed42-1760992028619,0,10,140,0.205279,3,5,27,49,1,2,14779,928,0.000000,5.138000,5.802000,5.643000,0.139562,0
_home_max_Documents_PhD_MAPF_LNS_MAPF_LNS_SAT_mapf-map_room-32-32-4_map-_home_max_Documents_PhD_MAPF_LNS_MAPF_LNS_SAT_mapf-scen-even_scen-even_room-32-32-4-even-7_scen-agents10-idx10-seed42-1760992028619,0,11,152,0.222874,3,5,26,49,1,2,18317,1037,0.000000,6.753000,6.956000,6.722000,0.169318,0
_home_max_Documents_PhD_MAPF_LNS_MAPF_LNS_SAT_mapf-map_room-32-32-4_map-_home_max_Documents_PhD_MAPF_LNS_MAPF_LNS_SAT_mapf-scen-even_scen-even_room-32-32-4-even-7_scen-agents10-idx10-seed42-1760992028619,0,12,166,0.243402,3,5,25,49,1,2,23300,1174,0.000000,7.556000,8.873000,8.649000,0.209543,0
_home_max_Documents_PhD_MAPF_LNS_MAPF_LNS_SAT_mapf-map_room-32-32-4_map-_home_max_Documents_PhD_MAPF_LNS_MAPF_LNS_SAT_mapf-scen-even_scen-even_room-32-32-4-even-7_scen-agents10-idx10-seed42-1760992028619,0,13,179,0.262463,3,6,24,49,1,2,28573,1313,0.000000,10.145000,20.551000,20.299000,0.249120,0
_home_max_Documents_PhD_MAPF_LNS_MAPF_LNS_SAT_mapf-map_room-32-32-4_map-_home_max_Documents_PhD_MAPF_LNS_MAPF_LNS_SAT_mapf-scen-even_scen-even_room-32-32-4-even-7_scen-agents10-idx10-seed42-1760992028619,0,14,193,0.282991,3,6,23,49,1,2,34687,1457,0.000000,13.341000,24.637000,24.335000,0.295677,0
_home_max_Documents_PhD_MAPF_LNS_MAPF_LNS_SAT_mapf-map_room-32-32-4_map-_home_max_Documents_PhD_MAPF_LNS_MAPF_LNS_SAT_mapf-scen-even_scen-even_room-32-32-4-even-7_scen-agents10-idx10-seed42-1760992028619,0,15,203,0.297654,3,6,22,49,1,2,40157,1576,0.000000,16.008000,28.475000,28.302000,0.330617,0
_home_max_Documents_PhD_MAPF_LNS_MAPF_LNS_SAT_mapf-map_room-32-32-4_map-_home_max_Documents_PhD_MAPF_LNS_MAPF_LNS_SAT_mapf-scen-even_scen-even_room-32-32-4-even-7_scen-agents10-idx10-seed42-1760992028619,0,16,219,0.321114,3,6,21,49,1,2,47709,1732,0.000000,19.406000,35.200000,34.784000,0.391359,0
_home_max_Documents_PhD_MAPF_LNS_MAPF_LNS_SAT_mapf-map_room-32-32-4_map-_home_max_Documents_PhD_MAPF_LNS_MAPF_LNS_SAT_mapf-scen-even_scen-even_room-32-32-4-even-7_scen-agents10-idx10-seed42-1760992028619,0,17,235,0.344575,3,6,20,49,1,2,55601,1893,0.000000,23.292000,40.723000,40.223000,0.446772,0
_home_max_Documents_PhD_MAPF_LNS_MAPF_LNS_SAT_mapf-map_room-32-32-4_map-_home_max_Documents_PhD_MAPF_LNS_MAPF_LNS_SAT_mapf-scen-even_scen-even_room-32-32-4-even-7_scen-agents10-idx10-seed42-1760992028619,0,18,252,0.369501,3,6,19,49,1,2,70034,2214,0.000000,30.511000,50.943000,50.113000,0.543802,0
_home_max_Documents_PhD_MAPF_LNS_MAPF_LNS_SAT_mapf-map_room-32-32-4_map-_home_max_Documents_PhD_MAPF_LNS_MAPF_LNS_SAT_mapf-scen-even_scen-even_room-32-32-4-even-7_scen-agents10-idx10-seed42-1760992028619,0,19,267,0.391496,3,6,18,49,1,2,79500,2374,0.000000,26.788000,56.957000,56.250000,0.601783,0
_home_max_Documents_PhD_MAPF_LNS_MAPF_LNS_SAT_mapf-map_room-32-32-4_map-_home_max_Documents_PhD_MAPF_LNS_MAPF_LNS_SAT_mapf-scen-even_scen-even_room-32-32-4-even-7_scen-agents10-idx10-seed42-1760992028619,0,20,286,0.419355,3,7,17,49,1,2,91300,2567,0.000000,32.810000,68.001000,67.565000,0.678804,0
_home_max_Documents_PhD_MAPF_LNS_MAPF_LNS_SAT_mapf-map_room-32-32-4_map-_home_max_Documents_PhD_MAPF_LNS_MAPF_LNS_SAT_mapf-scen-even_scen-even_room-32-32-4-even-7_scen-agents10-idx10-seed42-1760992028619,0,21,310,0.454545,3,7,16,49,1,2,138226,3998,0.000000,75.673000,108.318000,106.753000,1.050604,0
_home_max_Documents_PhD_MAPF_LNS_MAPF_LNS_SAT_mapf-map_room-32-32-4_map-_home_max_Documents_PhD_MAPF_LNS_MAPF_LNS_SAT_mapf-scen-even_scen-even_room-32-32-4-even-7_scen-agents10-idx10-seed42-1760992028619,0,22,332,0.486804,3,7,15,49,1,2,153747,4285,0.000000,85.303000,117.141000,115.665000,1.174938,0
_home_max_Documents_PhD_MAPF_LNS_MAPF_LNS_SAT_mapf-map_room-32-32-4_map-_home_max_Documents_PhD_MAPF_LNS_MAPF_LNS_SAT_mapf-scen-even_scen-even_room-32-32-4-even-7_scen-agents10-idx10-seed42-1760992028619,0,23,348,0.510264,3,7,14,49,1,2,169063,4549,0.000000,89.695000,130.866000,129.146000,1.261291,0
_home_max_Documents_PhD_MAPF_LNS_MAPF_LNS_SAT_mapf-map_room-32-32-4_map-_home_max_Documents_PhD_MAPF_LNS_MAPF_LNS_SAT_mapf-scen-even_scen-even_room-32-32-4-even-7_scen-agents10-idx10-seed42-1760992028619,0,24,368,0.539589,3,7,13,49,1,2,190965,5001,0.000000,98.648000,162.094000,160.138000,1.520878,0
_home_max_Documents_PhD_MAPF_LNS_MAPF_LNS_SAT_mapf-map_room-32-32-4_map-_home_max_Documents_PhD_MAPF_LNS_MAPF_LNS_SAT_mapf-scen-even_scen-even_room-32-32-4-even-7_scen-agents10-idx10-seed42-1760992028619,0,25,385,0.564516,3,8,12,49,1,2,220068,5395,0.000000,129.810000,188.214000,185.960000,1.648584,0
_home_max_Documents_PhD_MAPF_LNS_MAPF_LNS_SAT_mapf-map_room-32-32-4_map-_home_max_Documents_PhD_MAPF_LNS_MAPF_LNS_SAT_mapf-scen-even_scen-even_room-32-32-4-even-7_scen-agents10-idx10-seed42-1760992028619,0,26,403,0.590909,3,9,11,49,1,2,372370,9060,0.000000,257.598000,413.270000,409.002000,2.891401,0
_home_max_Documents_PhD_MAPF_LNS_MAPF_LNS_SAT_mapf-map_room-32-32-4_map-_home_max_Documents_PhD_MAPF_LNS_MAPF_LNS_SAT_mapf-scen-even_scen-even_room-32-32-4-even-7_scen-agents10-idx10-seed42-1760992028619,0,27,419,0.614370,3,9,10,49,1,2,432354,9843,0.000000,324.819000,479.652000,474.917000,3.596814,0
_home_max_Documents_PhD_MAPF_LNS_MAPF_LNS_SAT_mapf-map_room-32-32-4_map-_home_max_Documents_PhD_MAPF_LNS_MAPF_LNS_SAT_mapf-scen-even_scen-even_room-32-32-4-even-7_scen-agents10-idx10-seed42-1760992028619,0,28,446,0.653959,3,9,9,49,1,2,519395,11018,0.000000,320.425000,579.752000,574.041000,3.898253,0
_home_max_Documents_PhD_MAPF_LNS_MAPF_LNS_SAT_mapf-map_room-32-32-4_map-_home_max_Documents_PhD_MAPF_LNS_MAPF_LNS_SAT_mapf-scen-even_scen-even_room-32-32-4-even-7_scen-agents10-idx10-seed42-1760992028619,0,29,474,0.695015,3,9,8,49,1,2,602433,12077,0.000000,423.479000,695.569000,689.360000,4.498168,0
_home_max_Documents_PhD_MAPF_LNS_MAPF_LNS_SAT_mapf-map_room-32-32-4_map-_home_max_Documents_PhD_MAPF_LNS_MAPF_LNS_SAT_mapf-scen-even_scen-even_room-32-32-4-even-7_scen-agents10-idx10-seed42-1760992028619,0,30,500,0.733138,3,9,7,49,1,2,866944,14513,0.000000,633.660000,1179.120000,1170.214000,6.322107,0
_home_max_Documents_PhD_MAPF_LNS_MAPF_LNS_SAT_mapf-map_room-32-32-4_map-_home_max_Documents_PhD_MAPF_LNS_MAPF_LNS_SAT_mapf-scen-even_scen-even_room-32-32-4-even-7_scen-agents10-idx10-seed42-1760992028619,0,31,519,0.760997,3,10,6,49,1,2,1171978,19889,0.001000,1256.194000,1667.362000,1655.085000,8.744158,0
_home_max_Documents_PhD_MAPF_LNS_MAPF_LNS_SAT_mapf-map_room-32-32-4_map-_home_max_Documents_PhD_MAPF_LNS_MAPF_LNS_SAT_mapf-scen-even_scen-even_room-32-32-4-even-7_scen-agents10-idx10-seed42-1760992028619,0,32,546,0.800587,3,10,5,49,1,2,1521038,22933,0.000000,1794.644000,2557.501000,2540.870000,12.386877,0
_home_max_Documents_PhD_MAPF_LNS_MAPF_LNS_SAT_mapf-map_room-32-32-4_map-_home_max_Documents_PhD_MAPF_LNS_MAPF_LNS_SAT_mapf-scen-even_scen-even_room-32-32-4-even-7_scen-agents10-idx10-seed42-1760992028619,0,33,570,0.835777,3,10,4,49,1,2,1773168,24857,0.000000,2531.583000,2929.170000,2910.894000,12.813288,0
_home_max_Documents_PhD_MAPF_LNS_MAPF_LNS_SAT_mapf-map_room-32-32-4_map-_home_max_Documents_PhD_MAPF_LNS_MAPF_LNS_SAT_mapf-scen-even_scen-even_room-32-32-4-even-7_scen-agents10-idx10-seed42-1760992028619,0,34,593,0.869501,3,10,3,49,1,2,2133029,27428,0.000000,3688.854000,3452.296000,3429.493000,15.222704,0
_home_max_Documents_PhD_MAPF_LNS_MAPF_LNS_SAT_mapf-map_room-32-32-4_map-_home_max_Documents_PhD_MAPF_LNS_MAPF_LNS_SAT_mapf-scen-even_scen-even_room-32-32-4-even-7_scen-agents10-idx10-seed42-1760992028619,0,35,610,0.894428,3,10,2,49,1,2,2505935,29923,0.000000,4491.843000,4330.811000,4303.840000,17.584705,0
_home_max_Documents_PhD_MAPF_LNS_MAPF_LNS_SAT_mapf-map_room-32-32-4_map-_home_max_Documents_PhD_MAPF_LNS_MAPF_LNS_SAT_mapf-scen-even_scen-even_room-32-32-4-even-7_scen-agents10-idx10-seed42-1760992028619,0,36,621,0.910557,3,10,1,49,1,2,2906383,32282,0.001000,5558.520000,4721.373000,4691.778000,20.174914,0
_home_max_Documents_PhD_MAPF_LNS_MAPF_LNS_SAT_mapf-map_room-32-32-4_map-_home_max_Documents_PhD_MAPF_LNS_MAPF_LNS_SAT_mapf-scen-even_scen-even_room-32-32-4-even-7_scen-agents10-idx10-seed42-1760992028619,0,37,631,0.925220,3,10,0,49,1,2,3233067,34099,0.000000,6344.264000,5572.193000,5158.308000,22.368979,0
_home_max_Documents_PhD_MAPF_LNS_MAPF_LNS_SAT_mapf-map_room-32-32-4_map-_home_max_Documents_PhD_MAPF_LNS_MAPF_LNS_SAT_mapf-scen-even_scen-even_room-32-32-4-even-7_scen-agents10-idx10-seed42-1760992028619,0,38,641,0.939883,3,10,0,49,1,2,3339976,34503,0.001000,6648.497000,5612.355000,5189.307000,23.015644,0
_home_max_Documents_PhD_MAPF_LNS_MAPF_LNS_SAT_mapf-map_room-32-32-4_map-_home_max_Documents_PhD_MAPF_LNS_MAPF_LNS_SAT_mapf-scen-even_scen-even_room-32-32-4-even-7_scen-agents10-idx10-seed42-1760992028619,0,39,682,1.000000,11,10,0,49,1,2,3673779,36169,0.000000,8079.336000,6043.317000,5583.129000,25.082291,0
_home_max_Documents_PhD_MAPF_LNS_MAPF_LNS_SAT_mapf-map_room-32-32-4_map-_home_max_Documents_PhD_MAPF_LNS_MAPF_LNS_SAT_mapf-scen-even_scen-even_room-32-32-4-even-7_scen-agents10-idx10-seed42-1760992028619,1,0,9,0.013196,1,2,10,12,3,7,166,50,0.000000,0.045000,0.160000,0.125000,0.013789,1
_home_max_Documents_PhD_MAPF_LNS_MAPF_LNS_SAT_mapf-map_room-32-32-4_map-_home_max_Documents_PhD_MAPF_LNS_MAPF_LNS_SAT_mapf-scen-even_scen-even_room-32-32-4-even-7_scen-agents10-idx10-seed42-1760992028619,1,0,9,0.013196,3,3,37,41,2,3,58,28,0.000000,0.024000,0.056000,0.039000,0.002003,1
_home_max_Documents_PhD_MAPF_LNS_MAPF_LNS_SAT_mapf-map_room-32-32-4_map-_home_max_Documents_PhD_MAPF_LNS_MAPF_LNS_SAT_mapf-scen-even_scen-even_room-32-32-4-even-7_scen-agents10-idx11-seed42-1760992115531,0,0,8,0.011730,1,2,22,24,1,1,14,8,0.000000,0.017000,0.103000,0.083000,0.016537,1
_home_max_Documents_PhD_MAPF_LNS_MAPF_LNS_SAT_mapf-map_room-32-32-4_map-_home_max_Documents_PhD_MAPF_LNS_MAPF_LNS_SAT_mapf-scen-even_scen-even_room-32-32-4-even-7_scen-agents10-idx11-seed42-1760992115531,0,0,9,0.013196,1,3,37,39,3,7,230,76,0.000000,0.154000,0.393000,0.312000,0.028463,1
_home_max_Documents_PhD_MAPF_LNS_MAPF_LNS_SAT_mapf-map_room-32-32-4_map-_home_max_Documents_PhD_MAPF_LNS_MAPF_LNS_SAT_mapf-scen-even_scen-even_room-32-32-4-even-8_scen-agents10-idx0-seed42-1760992115584,0,0,9,0.013196,4,2,3,8,2,3,66,32,0.000000,0.039000,0.154000,0.118000,0.015824,1
_home_max_Documents_PhD_MAPF_LNS_MAPF_LNS_SAT_mapf-map_room-32-32-4_map-_home_max_Documents_PhD_MAPF_LNS_MAPF_LNS_SAT_mapf-scen-even_scen-even_room-32-32-4-even-8_scen-agents10-idx0-seed42-1760992115584,0,0,8,0.011730,1,2,33,35,3,7,148,48,0.000000,0.071000,0.255000,0.195000,0.021399,1
_home_max_Documents_PhD_MAPF_LNS_MAPF_LNS_SAT_mapf-map_room-32-32-4_map-_home_max_Documents_PhD_MAPF_LNS_MAPF_LNS_SAT_mapf-scen-even_scen-even_room-32-32-4-even-8_scen-agents10-idx1-seed42-1760992115632,0,0,6,0.008798,1,2,6,8,3,7,93,38,0.000000,0.079000,0.355000,0.272000,0.035397,1
_home_max_Documents_PhD_MAPF_LNS_MAPF_LNS_SAT_mapf-map_room-32-32-4_map-_home_max_Documents_PhD_MAPF_LNS_MAPF_LNS_SAT_mapf-scen-even_scen-even_room-32-32-4-even-8_scen-agents10-idx1-seed42-1760992115632,0,0,7,0.010264,2,3,7,10,4,7,382,139,0.000000,0.247000,0.465000,0.409000,0.023203,0
_home_max_Documents_PhD_MAPF_LNS_MAPF_LNS_SAT_mapf-map_room-32-32-4_map-_home_max_Documents_PhD_MAPF_LNS_MAPF_LNS_SAT_mapf-scen-even_scen-even_room-32-32-4-even-8_scen-agents10-idx1-seed42-1760992115632,0,1,15,0.021994,2,3,6,11,4,13,1302,302,0.000000,0.599000,1.531000,1.346000,0.131021,1
_home_max_Documents_PhD_MAPF_LNS_MAPF_LNS_SAT_mapf-map_room-32-32-4_map-_home_max_Documents_PhD_MAPF_LNS_MAPF_LNS_SAT_mapf-scen-even_scen-even_room-32-32-4-even-8_scen-agents10-idx1-seed42-1760992115632,0,0,5,0.007331,1,2,21,23,1,1,24,10,0.000000,0.011000,0.033000,0.026000,0.001816,1
_home_max_Documents_PhD_MAPF_LNS_MAPF_LNS_SAT_mapf-map_room-32-32-4_map-_home_max_Documents_PhD_MAPF_LNS_MAPF_LNS_SAT_mapf-scen-even_scen-even_room-32-32-4-even-8_scen-agents10-idx2-seed42-1760992115684,0,0,4,0.005865,1,2,11,13,1,2,20,9,0.000000,0.012000,0.095000,0.070000,0.011437,1
_home_max_Documents_PhD_MAPF_LNS_MAPF_LNS_SAT_mapf-map_room-32-32-4_map-_home_max_Documents_PhD_MAPF_LNS_MAPF_LNS_SAT_mapf-scen-even_scen-even_room-32-32-4-even-8_scen-agents10-idx2-seed42-1760992115684,0,0,5,0.007331,1,2,43,45,1,2,25,10,0.000000,0.015000,0.055000,0.038000,0.002931,1
_home_max_Documents_PhD_MAPF_LNS_MAPF_LNS_SAT_mapf-map_room-32-32-4_map-_home_max_Documents_PhD_MAPF_LNS_MAPF_LNS_SAT_mapf-scen-even_scen-even_room-32-32-4-even-8_scen-agents10-idx3-seed42-1760992115735,0,0,5,0.007331,1,3,4,6,1,2,26,11,0.000000,0.015000,0.105000,0.078000,0.012829,1
_home_max_Documents_PhD_MAPF_LNS_MAPF_LNS_SAT_mapf-map_room-32-32-4_map-_home_max_Documents_PhD_MAPF_LNS_MAPF_LNS_SAT_mapf-scen-even_scen-even_room-32-32-4-even-8_scen-agents10-idx3-seed42-1760992115735,0,0,9,0.013196,1,2,23,25,5,12,947,247,0.000000,0.365000,0.747000,0.646000,0.053555,1
_home_max_Documents_PhD_MAPF_LNS_MAPF_LNS_SAT_mapf-map_room-32-32-4_map-_home_max_Documents_PhD_MAPF_LNS_MAPF_LNS_SAT_mapf-scen-even_scen-even_room-32-32-4-even-8_scen-agents10-idx4-seed42-1760992115783,0,0,4,0.005865,1,2,13,15,4,7,144,61,0.001000,0.090000,0.340000,0.270000,0.026679,0
_home_max_Documents_PhD_MAPF_LNS_MAPF_LNS_SAT_mapf-map_room-32-32-4_map-_home_max_Documents_PhD_MAPF_LNS_MAPF_LNS_SAT_mapf-scen-even_scen-even_room-32-32-4-even-8_scen-agents10-idx4-seed42-1760992115783,0,1,8,0.011730,1,2,12,16,5,10,739,211,0.000000,0.250000,0.466000,0.421000,0.035339,0
_home_max_Documents_PhD_MAPF_LNS_MAPF_LNS_SAT_mapf-map_room-32-32-4_map-_home_max_Documents_PhD_MAPF_LNS_MAPF_LNS_SAT_mapf-scen-even_scen-even_room-32-32-4-even-8_scen-agents10-idx4-seed42-1760992115783,0,2,12,0.017595,1,3,11,17,5,10,1373,331,0.000000,0.441000,0.781000,0.716000,0.047149,1
_home_max_Documents_PhD_MAPF_LNS_MAPF_LNS_SAT_mapf-map_room-32-32-4_map-_home_max_Documents_PhD_MAPF_LNS_MAPF_LNS_SAT_mapf-scen-even_scen-even_room-32-32-4-even-8_scen-agents10-idx4-seed42-1760992115783,0,0,4,0.005865,1,2,16,18,4,7,144,61,0.000000,0.052000,0.128000,0.105000,0.005890,0
_home_max_Documents_PhD_MAPF_LNS_MAPF_LNS_SAT_mapf-map_room-32-32-4_map-_home_max_Documents_PhD_MAPF_LNS_MAPF_LNS_SAT_mapf-scen-even_scen-even_room-32-32-4-even-8_scen-agents10-idx4-seed42-1760992115783,0,1,9,0.013196,1,2,15,19,2,3,52,27,0.000000,0.017000,0.051000,0.037000,0.003133,1
_home_max_Documents_PhD_MAPF_LNS_MAPF_LNS_SAT_mapf-map_room-32-32-4_map-_home_max_Documents_PhD_MAPF_LNS_MAPF_LNS_SAT_mapf-scen-even_scen-even_room-32-32-4-even-8_scen-agents10-idx4-seed42-1760992115783,0,0,5,0.007331,1,2,29,31,1,1,24,10,0.000000,0.008000,0.023000,0.018000,0.001391,1
_home_max_Documents_PhD_MAPF_LNS_MAPF_LNS_SAT_mapf-map_room-32-32-4_map-_home_max_Documents_PhD_MAPF_LNS_MAPF_LNS_SAT_mapf-scen-even_scen-even_room-32-32-4-even-8_scen-agents10-idx4-seed42-1760992115783,0,0,4,0.005865,1,2,32,34,2,3,28,15,0.000000,0.010000,0.034000,0.022000,0.001419,1
_home_max_Documents_PhD_MAPF_LNS_MAPF_LNS_SAT_mapf-map_room-32-32-4_map-_home_max_Documents_PhD_MAPF_LNS_MAPF_LNS_SAT_mapf-scen-even_scen-even_room-32-32-4-even-8_scen-agents10-idx4-seed42-1760992115783,0,0,4,0.005865,1,2,43,45,1,2,20,9,0.000000,0.007000,0.030000,0.019000,0.001711,1
_home_max_Documents_PhD_MAPF_LNS_MAPF_LNS_SAT_mapf-map_room-32-32-4_map-_home_max_Documents_PhD_MAPF_LNS_MAPF_LNS_SAT_mapf-scen-even_scen-even_room-32-32-4-even-8_scen-agents10-idx5-seed42-1760992115835,0,0,5,0.007331,1,2,0,2,2,3,28,15,0.000000,0.019000,0.115000,0.086000,0.011153,1
_home_max_Documents_PhD_MAPF_LNS_MAPF_LNS_SAT_mapf-map_room-32-32-4_map-_home_max_Documents_PhD_MAPF_LNS_MAPF_LNS_SAT_mapf-scen-even_scen-even_room-32-32-4-even-8_scen-agents10-idx5-seed42-1760992115835,0,0,9,0.013196,1,2,21,23,5,17,877,237,0.000000,0.341000,0.859000,0.700000,0.117432,1
_home_max_Documents_PhD_MAPF_LNS_MAPF_LNS_SAT_mapf-map_room-32-32-4_map-_home_max_Documents_PhD_MAPF_LNS_MAPF_LNS_SAT_mapf-scen-even_scen-even_room-32-32-4-even-8_scen-agents10-idx6-seed42-1760992115887,0,0,8,0.011730,1,2,13,15,1,1,12,7,0.000000,0.011000,0.074000,0.054000,0.008584,1
_home_max_Documents_PhD_MAPF_LNS_MAPF_LNS_SAT_mapf-map_room-32-32-4_map-_home_max_Documents_PhD_MAPF_LNS_MAPF_LNS_SAT_mapf-scen-even_scen-even_room-32-32-4-even-8_scen-agents10-idx6-seed42-1760992115887,0,0,11,0.016129,2,4,23,26,2,4,155,57,0.000000,0.089000,0.177000,0.141000,0.012012,0
_home_max_Documents_PhD_MAPF_LNS_MAPF_LNS_SAT_mapf-map_room-32-32-4_map-_home_max_Documents_PhD_MAPF_LNS_MAPF_LNS_SAT_mapf-scen-even_scen-even_room-32-32-4-even-8_scen-agents10-idx6-seed42-1760992115887,0,1,19,0.027859,2,4,22,27,2,4,356,104,0.000000,0.160000,0.294000,0.247000,0.016297,0
_home_max_Documents_PhD_MAPF_LNS_MAPF_LNS_SAT_mapf-map_room-32-32-4_map-_home_max_Documents_PhD_MAPF_LNS_MAPF_LNS_SAT_mapf-scen-even_scen-even_room-32-32-4-even-8_scen-agents10-idx6-seed42-1760992115887,0,2,27,0.039589,2,4,21,28,2,4,767,178,0.000000,0.296000,0.454000,0.414000,0.022425,0
_home_max_Documents_PhD_MAPF_LNS_MAPF_LNS_SAT_mapf-map_room-32-32-4_map-_home_max_Documents_PhD_MAPF_LNS_MAPF_LNS_SAT_mapf-scen-even_scen-even_room-32-32-4-even-8_scen-agents10-idx6-seed42-1760992115887,0,3,35,0.051320,2,5,20,29,2,4,1380,265,0.000000,0.442000,0.704000,0.659000,0.030597,0
_home_max_Documents_PhD_MAPF_LNS_MAPF_LNS_SAT_mapf-map_room-32-32-4_map-_home_max_Documents_PhD_MAPF_LNS_MAPF_LNS_SAT_mapf-scen-even_scen-even_room-32-32-4-even-8_scen-agents10-idx6-seed42-1760992115887,0,4,43,0.063050,2,6,19,30,2,4,2409,386,0.000000,0.816000,1.250000,1.178000,0.052851,0
_home_max_Documents_PhD_MAPF_LNS_MAPF_LNS_SAT_mapf-map_room-32-32-4_map-_home_max_Documents_PhD_MAPF_LNS_MAPF_LNS_SAT_mapf-scen-even_scen-even_room-32-32-4-even-8_scen-agents10-idx6-seed42-1760992115887,0,5,51,0.074780,2,6,18,31,2,4,3489,495,0.000000,1.616000,2.317000,2.163000,0.093609,0
_home_max_Documents_PhD_MAPF_LNS_MAPF_LNS_SAT_mapf-map_room-32-32-4_map-_home_max_Documents_PhD_MAPF_LNS_MAPF_LNS_SAT_mapf-scen-even_scen-even_room-32-32-4-even-8_scen-agents10-idx6-seed42-1760992115887,0,6,64,0.093842,2,6,17,32,2,4,5289,638,0.000000,1.873000,2.367000,2.223000,0.081153,0
_home_max_Documents_PhD_MAPF_LNS_MAPF_LNS_SAT_mapf-map_room-32-32-4_map-_home_max_Documents_PhD_MAPF_LNS_MAPF_LNS_SAT_mapf-scen-even_scen-even_room-32-32-4-even-8_scen-agents10-idx6-seed42-1760992115887,0,7,81,0.118768,2,6,16,33,2,4,7751,810,0.000000,2.296000,3.021000,2.837000,0.102998,0
_home_max_Documents_PhD_MAPF_LNS_MAPF_LNS_SAT_mapf-map_room-32-32-4_map-_home_max_Documents_PhD_MAPF_LNS_MAPF_LNS_SAT_mapf-scen-even_scen-even_room-32-32-4-even-8_scen-agents10-idx6-seed42-1760992115887,0,8,100,0.146628,2,6,15,34,2,4,10617,983,0.000000,3.177000,4.056000,3.888000,0.122391,0
_home_max_Documents_PhD_MAPF_LNS_MAPF_LNS_SAT_mapf-map_room-32-32-4_map-_home_max_Documents_PhD_MAPF_LNS_MAPF_LNS_SAT_mapf-scen-even_scen-even_room-32-32-4-even-8_scen-agents10-idx6-seed42-1760992115887,0,9,116,0.170088,2,6,14,35,2,4,23206,1412,0.000000,7.436000,8.738000,8.602000,0.241142,0
_home_max_Documents_PhD_MAPF_LNS_MAPF_LNS_SAT_mapf-map_room-32-32-4_map-_home_max_Documents_PhD_MAPF_LNS_MAPF_LNS_SAT_mapf-scen-even_scen-even_room-32-32-4-even-8_scen-agents10-idx6-seed42-1760992115887,0,10,131,0.192082,2,7,13,36,2,4,29858,1635,0.000000,10.200000,21.220000,21.083000,0.279320,0
_home_max_Documents_PhD_MAPF_LNS_MAPF_LNS_SAT_mapf-map_room-32-32-4_map-_home_max_Documents_PhD_MAPF_LNS_MAPF_LNS_SAT_mapf-scen-even_scen-even_room-32-32-4-even-8_scen-agents10-idx6-seed42-1760992115887,0,11,148,0.217009,2,7,12,37,2,4,39146,2015,0.000000,14.333000,28.219000,27.953000,0.367174,0
_home_max_Documents_PhD_MAPF_LNS_MAPF_LNS_SAT_mapf-map_room-32-32-4_map-_home_max_Documents_PhD_MAPF_LNS_MAPF_LNS_SAT_mapf-scen-even_scen-even_room-32-32-4-even-8_scen-agents10-idx6-seed42-1760992115887,0,12,171,0.250733,2,7,11,38,2,4,52122,2403,0.000000,17.240000,37.564000,37.310000,0.464963,0
_home_max_Documents_PhD_MAPF_LNS_MAPF_LNS_SAT_mapf-map_room-32-32-4_map-_home_max_Documents_PhD_MAPF_LNS_MAPF_LNS_SAT_mapf-scen-even_scen-even_room-32-32-4-even-8_scen-agents10-idx6-seed42-1760992115887,0,13,196,0.287390,2,7,10,39,2,4,67419,2820,0.001000,26.419000,48.326000,47.988000,0.586950,0
_home_max_Documents_PhD_MAPF_LNS_MAPF_LNS_SAT_mapf-map_room-32-32-4_map-_home_max_Documents_PhD_MAPF_LNS_MAPF_LNS_SAT_mapf-scen-even_scen-even_room-32-32-4-even-8_scen-agents10-idx6-seed42-1760992115887,0,14,216,0.316716,2,7,9,40,2,4,101644,3649,0.000000,44.825000,77.585000,76.968000,0.840880,0
_home_max_Documents_PhD_MAPF_LNS_MAPF_LNS_SAT_mapf-map_room-32-32-4_map-_home_max_Documents_PhD_MAPF_LNS_MAPF_LNS_SAT_mapf-scen-even_scen-even_room-32-32-4-even-8_scen-agents10-idx6-seed42-1760992115887,0,15,235,0.344575,2,8,8,41,2,4,126027,4087,0.001000,57.049000,94.061000,93.257000,1.023917,0
_home_max_Documents_PhD_MAPF_LNS_MAPF_LNS_SAT_mapf-map_room-32-32-4_map-_home_max_Documents_PhD_MAPF_LNS_MAPF_LNS_SAT_mapf-scen-even_scen-even_room-32-32-4-even-8_scen-agents10-idx6-seed42-1760992115887,0,16,259,0.379765,2,8,7,42,2,4,156938,4609,0.001000,71.478000,117.608000,116.564000,1.253538,0
_home_max_Documents_PhD_MAPF_LNS_MAPF_LNS_SAT_mapf-map_room-32-32-4_map-_home_max_Documents_PhD_MAPF_LNS_MAPF_LNS_SAT_mapf-scen-even_scen-even_room-32-32-4-even-8_scen-agents10-idx6-seed42-1760992115887,0,17,290,0.425220,2,9,6,43,2,4,189566,5142,0.001000,89.177000,185.463000,183.990000,1.552126,0
_home_max_Documents_PhD_MAPF_LNS_MAPF_LNS_SAT_mapf-map_room-32-32-4_map-_home_max_Documents_PhD_MAPF_LNS_MAPF_LNS_SAT_mapf-scen-even_scen-even_room-32-32-4-even-8_scen-agents10-idx6-seed42-1760992115887,0,18,320,0.469208,2,9,5,44,2,4,227521,5841,0.001000,117.102000,174.065000,172.566000,1.797312,0
_home_max_Documents_PhD_MAPF_LNS_MAPF_LNS_SAT_mapf-map_room-32-32-4_map-_home_max_Documents_PhD_MAPF_LNS_MAPF_LNS_SAT_mapf-scen-even_scen-even_room-32-32-4-even-8_scen-agents10-idx6-seed42-1760992115887,0,19,347,0.508798,2,9,4,45,2,4,275030,6658,0.001000,155.456000,212.732000,210.905000,2.079849,0
_home_max_Documents_PhD_MAPF_LNS_MAPF_LNS_SAT_mapf-map_room-32-32-4_map-_home_max_Documents_PhD_MAPF_LNS_MAPF_LNS_SAT_mapf-scen-even_scen-even_room-32-32-4-even-8_scen-agents10-idx6-seed42-1760992115887,0,20,379,0.555718,2,9,3,46,2,4,553794,12405,0.002000,237.469000,484.908000,481.213000,4.370532,0
_home_max_Documents_PhD_MAPF_LNS_MAPF_LNS_SAT_mapf-map_room-32-32-4_map-_home_max_Documents_PhD_MAPF_LNS_MAPF_LNS_SAT_mapf-scen-even_scen-even_room-32-32-4-even-8_scen-agents10-idx6-seed42-1760992115887,0,21,406,0.595308,2,9,2,47,2,4,699448,14438,0.002000,303.310000,702.273000,697.646000,5.514098,0
_home_max_Documents_PhD_MAPF_LNS_MAPF_LNS_SAT_mapf-map_room-32-32-4_map-_home_max_Documents_PhD_MAPF_LNS_MAPF_LNS_SAT_mapf-scen-even_scen-even_room-32-32-4-even-8_scen-agents10-idx6-seed42-1760992115887,0,22,430,0.630499,2,9,1,48,2,4,854457,16485,0.002000,390.426000,939.781000,933.998000,7.082911,0
_home_max_Documents_PhD_MAPF_LNS_MAPF_LNS_SAT_mapf-map_room-32-32-4_map-_home_max_Documents_PhD_MAPF_LNS_MAPF_LNS_SAT_mapf-scen-even_scen-even_room-32-32-4-even-8_scen-agents10-idx6-seed42-1760992115887,0,23,455,0.667155,2,9,0,49,2,4,1353593,21657,0.002000,888.798000,1732.341000,1724.449000,12.068573,0
_home_max_Documents_PhD_MAPF_LNS_MAPF_LNS_SAT_mapf-map_room-32-32-4_map-_home_max_Documents_PhD_MAPF_LNS_MAPF_LNS_SAT_mapf-scen-even_scen-even_room-32-32-4-even-8_scen-agents10-idx6-seed42-1760992115887,0,24,479,0.702346,2,9,0,50,2,4,1644674,24410,0.002000,1091.321000,2289.109000,2278.805000,12.838204,0
_home_max_Documents_PhD_MAPF_LNS_MAPF_LNS_SAT_mapf-map_room-32-32-4_map-_home_max_Documents_PhD_MAPF_LNS_MAPF_LNS_SAT_mapf-scen-even_scen-even_room-32-32-4-even-8_scen-agents10-idx6-seed42-1760992115887,0,25,505,0.740469,2,9,0,51,2,4,2011880,28629,0.002000,1307.183000,2796.784000,2785.088000,15.486989,0
_home_max_Documents_PhD_MAPF_LNS_MAPF_LNS_SAT_mapf-map_room-32-32-4_map-_home_max_Documents_PhD_MAPF_LNS_MAPF_LNS_SAT_mapf-scen-even_scen-even_room-32-32-4-even-8_scen-agents10-idx6-seed42-1760992115887,0,26,525,0.769795,2,9,0,52,2,7,2571406,33437,0.003000,1755.357000,2611.667000,2594.910000,23.902039,1
_home_max_Documents_PhD_MAPF_LNS_MAPF_LNS_SAT_mapf-map_room-32-32-4_map-_home_max_Documents_PhD_MAPF_LNS_MAPF_LNS_SAT_mapf-scen-even_scen-even_room-32-32-4-even-8_scen-agents10-idx7-seed42-1760992135689,0,0,4,0.005865,1,2,1,3,3,7,66,31,0.000000,0.024000,0.146000,0.106000,0.021519,1
_home_max_Documents_PhD_MAPF_LNS_MAPF_LNS_SAT_mapf-map_room-32-32-4_map-_home_max_Documents_PhD_MAPF_LNS_MAPF_LNS_SAT_mapf-scen-even_scen-even_room-32-32-4-even-8_scen-agents10-idx7-seed42-1760992135689,0,0,12,0.017595,4,2,18,23,2,3,74,35,0.000000,0.025000,0.065000,0.048000,0.004537,1
_home_max_Documents_PhD_MAPF_LNS_MAPF_LNS_SAT_mapf-map_room-32-32-4_map-_home_max_Documents_PhD_MAPF_LNS_MAPF_LNS_SAT_mapf-scen-even_scen-even_room-32-32-4-even-8_scen-agents10-idx8-seed42-1760992135741,0,0,9,0.013196,1,2,19,21,5,18,684,196,0.000000,0.522000,1.416000,1.140000,0.203136,1
_home_max_Documents_PhD_MAPF_LNS_MAPF_LNS_SAT_mapf-map_room-32-32-4_map-_home_max_Documents_PhD_MAPF_LNS_MAPF_LNS_SAT_mapf-scen-even_scen-even_room-32-32-4-even-8_scen-agents10-idx8-seed42-1760992135741,0,0,5,0.007331,1,2,23,25,1,2,25,10,0.000000,0.017000,0.074000,0.051000,0.003993,1
_home_max_Documents_PhD_MAPF_LNS_MAPF_LNS_SAT_mapf-map_room-32-32-4_map-_home_max_Documents_PhD_MAPF_LNS_MAPF_LNS_SAT_mapf-scen-even_scen-even_room-32-32-4-even-8_scen-agents10-idx8-seed42-1760992135741,0,0,5,0.007331,1,2,27,29,1,2,25,10,0.000000,0.016000,0.062000,0.042000,0.002848,1
_home_max_Documents_PhD_MAPF_LNS_MAPF_LNS_SAT_mapf-map_room-32-32-4_map-_home_max_Documents_PhD_MAPF_LNS_MAPF_LNS_SAT_mapf-scen-even_scen-even_room-32-32-4-even-8_scen-agents10-idx8-seed42-1760992135741,0,0,9,0.013196,3,3,38,42,2,3,56,27,0.000000,0.047000,0.096000,0.066000,0.004156,1
_home_max_Documents_PhD_MAPF_LNS_MAPF_LNS_SAT_mapf-map_room-32-32-4_map-_home_max_Documents_PhD_MAPF_LNS_MAPF_LNS_SAT_mapf-scen-even_scen-even_room-32-32-4-even-8_scen-agents10-idx8-seed42-1760992135741,0,0,9,0.013196,1,2,46,48,3,8,173,54,0.000000,0.090000,0.245000,0.189000,0.020086,0
_home_max_Documents_PhD_MAPF_LNS_MAPF_LNS_SAT_mapf-map_room-32-32-4_map-_home_max_Documents_PhD_MAPF_LNS_MAPF_LNS_SAT_mapf-scen-even_scen-even_room-32-32-4-even-8_scen-agents10-idx8-seed42-1760992135741,0,1,17,0.024927,1,3,45,49,2,7,212,60,0.000000,0.097000,0.270000,0.210000,0.028222,1
_home_max_Documents_PhD_MAPF_LNS_MAPF_LNS_SAT_mapf-map_room-32-32-4_map-_home_max_Documents_PhD_MAPF_LNS_MAPF_LNS_SAT_mapf-scen-even_scen-even_room-32-32-4-even-8_scen-agents10-idx8-seed42-1760992135741,0,0,9,0.013196,1,2,50,52,2,6,46,20,0.000000,0.022000,0.094000,0.060000,0.004375,0
_home_max_Documents_PhD_MAPF_LNS_MAPF_LNS_SAT_mapf-map_room-32-32-4_map-_home_max_Documents_PhD_MAPF_LNS_MAPF_LNS_SAT_mapf-scen-even_scen-even_room-32-32-4-even-8_scen-agents10-idx8-seed42-1760992135741,0,1,17,0.024927,1,4,49,53,2,7,215,63,0.000000,0.101000,0.250000,0.192000,0.024093,1
_home_max_Documents_PhD_MAPF_LNS_MAPF_LNS_SAT_mapf-map_room-32-32-4_map-_home_max_Documents_PhD_MAPF_LNS_MAPF_LNS_SAT_mapf-scen-even_scen-even_room-32-32-4-even-8_scen-agents10-idx9-seed42-1760992135790,0,0,4,0.005865,1,2,10,12,1,2,20,9,0.000000,0.010000,0.063000,0.049000,0.008975,1
_home_max_Documents_PhD_MAPF_LNS_MAPF_LNS_SAT_mapf-map_room-32-32-4_map-_home_max_Documents_PhD_MAPF_LNS_MAPF_LNS_SAT_mapf-scen-even_scen-even_room-32-32-4-even-8_scen-agents10-idx9-seed42-1760992135790,0,0,9,0.013196,1,2,18,20,3,7,94,38,0.000000,0.032000,0.110000,0.078000,0.008476,1
_home_max_Documents_PhD_MAPF_LNS_MAPF_LNS_SAT_mapf-map_room-32-32-4_map-_home_max_Documents_PhD_MAPF_LNS_MAPF_LNS_SAT_mapf-scen-even_scen-even_room-32-32-4-even-8_scen-agents10-idx10-seed42-1760992135841,0,0,7,0.010264,1,2,3,5,3,5,103,40,0.000000,0.129000,0.315000,0.255000,0.025304,1
_home_max_Documents_PhD_MAPF_LNS_MAPF_LNS_SAT_mapf-map_room-32-32-4_map-_home_max_Documents_PhD_MAPF_LNS_MAPF_LNS_SAT_mapf-scen-even_scen-even_room-32-32-4-even-8_scen-agents10-idx10-seed42-1760992135841,0,0,8,0.011730,3,2,7,11,2,3,54,25,0.000000,0.038000,0.134000,0.093000,0.006045,1
_home_max_Documents_PhD_MAPF_LNS_MAPF_LNS_SAT_mapf-map_room-32-32-4_map-_home_max_Documents_PhD_MAPF_LNS_MAPF_LNS_SAT_mapf-scen-even_scen-even_room-32-32-4-even-8_scen-agents10-idx10-seed42-1760992135841,0,0,9,0.013196,1,2,17,19,3,9,168,50,0.000000,0.118000,0.426000,0.313000,0.040779,1
_home_max_Documents_PhD_MAPF_LNS_MAPF_LNS_SAT_mapf-map_room-32-32-4_map-_home_max_Documents_PhD_MAPF_LNS_MAPF_LNS_SAT_mapf-scen-even_scen-even_room-32-32-4-even-8_scen-agents10-idx10-seed42-1760992135841,0,0,5,0.007331,1,2,41,43,1,3,26,10,0.000000,0.024000,0.116000,0.074000,0.005905,1
_home_max_Documents_PhD_MAPF_LNS_MAPF_LNS_SAT_mapf-map_room-32-32-4_map-_home_max_Documents_PhD_MAPF_LNS_MAPF_LNS_SAT_mapf-scen-even_scen-even_room-32-32-4-even-8_scen-agents10-idx11-seed42-1760992135891,0,0,4,0.005865,1,2,14,16,1,4,22,9,0.000000,0.012000,0.096000,0.066000,0.011651,1
_home_max_Documents_PhD_MAPF_LNS_MAPF_LNS_SAT_mapf-map_room-32-32-4_map-_home_max_Documents_PhD_MAPF_LNS_MAPF_LNS_SAT_mapf-scen-even_scen-even_room-32-32-4-even-8_scen-agents10-idx11-seed42-1760992135891,0,0,9,0.013196,1,3,22,24,3,9,188,70,0.000000,0.089000,0.278000,0.198000,0.029189,1
_home_max_Documents_PhD_MAPF_LNS_MAPF_LNS_SAT_mapf-map_room-32-32-4_map-_home_max_Documents_PhD_MAPF_LNS_MAPF_LNS_SAT_mapf-scen-even_scen-even_room-32-32-4-even-8_scen-agents10-idx12-seed42-1760992135942,0,0,7,0.010264,1,2,0,2,4,14,237,87,0.000000,0.081000,0.428000,0.335000,0.059845,1
_home_max_Documents_PhD_MAPF_LNS_MAPF_LNS_SAT_mapf-map_room-32-32-4_map-_home_max_Documents_PhD_MAPF_LNS_MAPF_LNS_SAT_mapf-scen-even_scen-even_room-32-32-4-even-8_scen-agents10-idx12-seed42-1760992135942,0,0,5,0.007331,1,2,14,16,1,2,25,10,0.000000,0.008000,0.041000,0.028000,0.002050,1
_home_max_Documents_PhD_MAPF_LNS_MAPF_LNS_SAT_mapf-map_room-32-32-4_map-_home_max_Documents_PhD_MAPF_LNS_MAPF_LNS_SAT_mapf-scen-even_scen-even_room-32-32-4-even-8_scen-agents10-idx12-seed42-1760992135942,0,0,5,0.007331,3,3,30,32,2,4,83,34,0.000000,0.032000,0.085000,0.062000,0.004334,1
_home_max_Documents_PhD_MAPF_LNS_MAPF_LNS_SAT_mapf-map_room-32-32-4_map-_home_max_Documents_PhD_MAPF_LNS_MAPF_LNS_SAT_mapf-scen-even_scen-even_room-32-32-4-even-1_scen-agents20-idx0-seed42-1760992135990,0,0,7,0.010264,1,2,1,3,3,7,99,40,0.000000,0.032000,0.154000,0.113000,0.016327,1
_home_max_Documents_PhD_MAPF_LNS_MAPF_LNS_SAT_mapf-map_room-32-32-4_map-_home_max_Documents_PhD_MAPF_LNS_MAPF_LNS_SAT_mapf-scen-even_scen-even_room-32-32-4-even-1_scen-agents20-idx0-seed42-1760992135990,0,0,4,0.005865,1,2,5,7,4,7,151,66,0.000000,0.055000,0.124000,0.096000,0.004995,0
_home_max_Documents_PhD_MAPF_LNS_MAPF_LNS_SAT_mapf-map_room-32-32-4_map-_home_max_Documents_PhD_MAPF_LNS_MAPF_LNS_SAT_mapf-scen-even_scen-even_room-32-32-4-even-1_scen-agents20-idx0-seed42-1760992135990,0,1,9,0.013196,1,3,4,8,1,2,27,14,0.000000,0.010000,0.037000,0.021000,0.001538,1
_home_max_Documents_PhD_MAPF_LNS_MAPF_LNS_SAT_mapf-map_room-32-32-4_map-_home_max_Documents_PhD_MAPF_LNS_MAPF_LNS_SAT_mapf-scen-even_scen-even_room-32-32-4-even-1_scen-agents20-idx0-seed42-1760992135990,0,0,9,0.013196,1,2,7,9,3,6,120,44,0.000000,0.044000,0.117000,0.088000,0.010420,1
_home_max_Documents_PhD_MAPF_LNS_MAPF_LNS_SAT_mapf-map_room-32-32-4_map-_home_max_Documents_PhD_MAPF_LNS_MAPF_LNS_SAT_mapf-scen-even_scen-even_room-32-32-4-even-1_scen-agents20-idx0-seed42-1760992135990,0,0,12,0.017595,4,5,8,11,5,9,3738,776,0.000000,1.011000,2.365000,2.106000,0.050102,0
_home_max_Documents_PhD_MAPF_LNS_MAPF_LNS_SAT_mapf-map_room-32-32-4_map-_home_max_Documents_PhD_MAPF_LNS_MAPF_LNS_SAT_mapf-scen-even_scen-even_room-32-32-4-even-1_scen-agents20-idx0-seed42-1760992135990,0,1,18,0.026393,4,6,7,12,8,16,40646,5217,0.000000,11.765000,32.459000,31.983000,0.605950,0
_home_max_Documents_PhD_MAPF_LNS_MAPF_LNS_SAT_mapf-map_room-32-32-4_map-_home_max_Documents_PhD_MAPF_LNS_MAPF_LNS_SAT_mapf-scen-even_scen-even_room-32-32-4-even-1_scen-agents20-idx0-seed42-1760992135990,0,2,25,0.036657,4,6,6,13,4,11,6048,992,0.000000,1.737000,3.664000,3.472000,0.217970,1
_home_max_Documents_PhD_MAPF_LNS_MAPF_LNS_SAT_mapf-map_room-32-32-4_map-_home_max_Documents_PhD_MAPF_LNS_MAPF_LNS_SAT_mapf-scen-even_scen-even_room-32-32-4-even-1_scen-agents20-idx0-seed42-1760992135990,0,0,8,0.011730,1,2,11,13,3,7,119,43,0.000000,0.038000,0.126000,0.091000,0.009475,1
_home_max_Documents_PhD_MAPF_LNS_MAPF_LNS_SAT_mapf-map_room-32-32-4_map-_home_max_Documents_PhD_MAPF_LNS_MAPF_LNS_SAT_mapf-scen-even_scen-even_room-32-32-4-even-1_scen-agents20-idx0-seed42-1760992135990,0,0,5,0.007331,1,2,12,14,2,3,28,15,0.000000,0.009000,0.035000,0.023000,0.001784,1
_home_max_Documents_PhD_MAPF_LNS_MAPF_LNS_SAT_mapf-map_room-32-32-4_map-_home_max_Documents_PhD_MAPF_LNS_MAPF_LNS_SAT_mapf-scen-even_scen-even_room-32-32-4-even-1_scen-agents20-idx0-seed42-1760992135990,0,0,8,0.011730,1,2,15,17,4,8,328,99,0.000000,0.099000,0.228000,0.187000,0.014742,1
_home_max_Documents_PhD_MAPF_LNS_MAPF_LNS_SAT_mapf-map_room-32-32-4_map-_home_max_Documents_PhD_MAPF_LNS_MAPF_LNS_SAT_mapf-scen-even_scen-even_room-32-32-4-even-1_scen-agents20-idx0-seed42-1760992135990,0,0,9,0.013196,1,2,17,19,3,7,124,46,0.000000,0.037000,0.123000,0.087000,0.008819,1
_home_max_Documents_PhD_MAPF_LNS_MAPF_LNS_SAT_mapf-map_room-32-32-4_map-_home_max_Documents_PhD_MAPF_LNS_MAPF_LNS_SAT_mapf-scen-even_scen-even_room-32-32-4-even-1_scen-agents20-idx0-seed42-1760992135990,0,0,9,0.013196,1,5,21,23,4,14,303,111,0.000000,0.103000,0.340000,0.243000,0.042893,1
_home_max_Documents_PhD_MAPF_LNS_MAPF_LNS_SAT_mapf-map_room-32-32-4_map-_home_max_Documents_PhD_MAPF_LNS_MAPF_LNS_SAT_mapf-scen-even_scen-even_room-32-32-4-even-1_scen-agents20-idx0-seed42-1760992135990,0,0,7,0.010264,1,3,33,35,4,12,335,105,0.000000,0.107000,0.297000,0.226000,0.034502,1
_home_max_Documents_PhD_MAPF_LNS_MAPF_LNS_SAT_mapf-map_room-32-32-4_map-_home_max_Documents_PhD_MAPF_LNS_MAPF_LNS_SAT_mapf-scen-even_scen-even_room-32-32-4-even-1_scen-agents20-idx0-seed42-1760992135990,0,0,4,0.005865,1,2,46,48,1,2,20,9,0.000000,0.007000,0.030000,0.020000,0.001622,1
_home_max_Documents_PhD_MAPF_LNS_MAPF_LNS_SAT_mapf-map_room-32-32-4_map-_home_max_Documents_PhD_MAPF_LNS_MAPF_LNS_SAT_mapf-scen-even_scen-even_room-32-32-4-even-1_scen-agents20-idx1-seed42-1760992136091,0,0,8,0.011730,1,2,2,4,3,7,118,42,0.000000,0.062000,0.237000,0.180000,0.023282,1
_home_max_Documents_PhD_MAPF_LNS_MAPF_LNS_SAT_mapf-map_room-32-32-4_map-_home_max_Documents_PhD_MAPF_LNS_MAPF_LNS_SAT_mapf-scen-even_scen-even_room-32-32-4-even-1_scen-agents20-idx1-seed42-1760992136091,0,0,5,0.007331,1,4,5,7,3,5,87,42,0.000000,0.058000,0.158000,0.119000,0.004392,0
_home_max_Documents_PhD_MAPF_LNS_MAPF_LNS_SAT_mapf-map_room-32-32-4_map-_home_max_Documents_PhD_MAPF_LNS_MAPF_LNS_SAT_mapf-scen-even_scen-even_room-32-32-4-even-1_scen-agents20-idx1-seed42-1760992136091,0,1,10,0.014663,1,4,4,8,3,6,243,94,0.000000,0.132000,0.292000,0.226000,0.026477,1
_home_max_Documents_PhD_MAPF_LNS_MAPF_LNS_SAT_mapf-map_room-32-32-4_map-_home_max_Documents_PhD_MAPF_LNS_MAPF_LNS_SAT_mapf-scen-even_scen-even_room-32-32-4-even-1_scen-agents20-idx1-seed42-1760992136091,0,0,7,0.010264,1,2,8,10,2,4,33,17,0.000000,0.015000,0.077000,0.049000,0.004673,1
_home_max_Documents_PhD_MAPF_LNS_MAPF_LNS_SAT_mapf-map_room-32-32-4_map-_home_max_Documents_PhD_MAPF_LNS_MAPF_LNS_SAT_mapf-scen-even_scen-even_room-32-32-4-even-1_scen-agents20-idx1-seed42-1760992136091,0,0,9,0.013196,1,2,11,13,3,6,120,44,0.000000,0.049000,0.193000,0.151000,0.011769,1
_home_max_Documents_PhD_MAPF_LNS_MAPF_LNS_SAT_mapf-map_room-32-32-4_map-_home_max_Documents_PhD_MAPF_LNS_MAPF_LNS_SAT_mapf-scen-even_scen-even_room-32-32-4-even-1_scen-agents20-idx1-seed42-1760992136091,0,0,5,0.007331,1,2,15,17,1,2,25,10,0.000000,0.009000,0.050000,0.028000,0.002428,1
_home_max_Documents_PhD_MAPF_LNS_MAPF_LNS_SAT_mapf-map_room-32-32-4_map-_home_max_Documents_PhD_MAPF_LNS_MAPF_LNS_SAT_mapf-scen-even_scen-even_room-32-32-4-even-1_scen-agents20-idx1-seed42-1760992136091,0,0,7,0.010264,1,2,17,19,1,2,15,8,0.000000,0.006000,0.032000,0.019000,0.001509,1
_home_max_Documents_PhD_MAPF_LNS_MAPF_LNS_SAT_mapf-map_room-32-32-4_map-_home_max_Documents_PhD_MAPF_LNS_MAPF_LNS_SAT_mapf-scen-even_scen-even_room-32-32-4-even-1_scen-agents20-idx1-seed42-1760992136091,0,0,8,0.011730,2,5,25,28,4,15,959,275,0.000000,0.339000,0.749000,0.588000,0.096921,1
_home_max_Documents_PhD_MAPF_LNS_MAPF_LNS_SAT_mapf-map_room-32-32-4_map-_home_max_Documents_PhD_MAPF_LNS_MAPF_LNS_SAT_mapf-scen-even_scen-even_room-32-32-4-even-1_scen-agents20-idx1-seed42-1760992136091,0,0,5,0.007331,1,3,33,35,1,6,38,14,0.000000,0.014000,0.082000,0.043000,0.003453,1
_home_max_Documents_PhD_MAPF_LNS_MAPF_LNS_SAT_mapf-map_room-32-32-4_map-_home_max_Documents_PhD_MAPF_LNS_MAPF_LNS_SAT_mapf-scen-even_scen-even_room-32-32-4-even-1_scen-agents20-idx1-seed42-1760992136091,0,0,9,0.013196,1,2,37,39,4,14,284,93,0.000000,0.084000,0.315000,0.237000,0.036794,1
_home_max_Documents_PhD_MAPF_LNS_MAPF_LNS_SAT_mapf-map_room-32-32-4_map-_home_max_Documents_PhD_MAPF_LNS_MAPF_LNS_SAT_mapf-scen-even_scen-even_room-32-32-4-even-1_scen-agents20-idx2-seed42-1760992136142,0,0,12,0.017595,4,3,0,5,2,3,74,37,0.000000,0.032000,0.111000,0.087000,0.011386,1
_home_max_Documents_PhD_MAPF_LNS_MAPF_LNS_SAT_mapf-map_room-32-32-4_map-_home_max_Documents_PhD_MAPF_LNS_MAPF_LNS_SAT_mapf-scen-even_scen-even_room-32-32-4-even-1_scen-agents20-idx2-seed42-1760992136142,0,0,9,0.013196,1,2,2,4,3,7,94,38,0.000000,0.028000,0.113000,0.078000,0.009388,1
_home_max_Documents_PhD_MAPF_LNS_MAPF_LNS_SAT_mapf-map_room-32-32-4_map-_home_max_Documents_PhD_MAPF_LNS_MAPF_LNS_SAT_mapf-scen-even_scen-even_room-32-32-4-even-1_scen-agents20-idx2-seed42-1760992136142,0,0,5,0.007331,1,2,2,4,4,7,179,68,0.000000,0.055000,0.173000,0.144000,0.006185,0
_home_max_Documents_PhD_MAPF_LNS_MAPF_LNS_SAT_mapf-map_room-32-32-4_map-_home_max_Documents_PhD_MAPF_LNS_MAPF_LNS_SAT_mapf-scen-even_scen-even_room-32-32-4-even-1_scen-agents20-idx2-seed42-1760992136142,0,1,9,0.013196,1,2,1,5,5,10,874,228,0.000000,0.248000,0.696000,0.648000,0.047224,0
_home_max_Documents_PhD_MAPF_LNS_MAPF_LNS_SAT_mapf-map_room-32-32-4_map-_home_max_Documents_PhD_MAPF_LNS_MAPF_LNS_SAT_mapf-scen-even_scen-even_room-32-32-4-even-1_scen-agents20-idx2-seed42-1760992136142,0,2,15,0.021994,1,2,0,6,4,9,834,200,0.000000,0.245000,0.625000,0.566000,0.039862,1
_home_max_Documents_PhD_MAPF_LNS_MAPF_LNS_SAT_mapf-map_room-32-32-4_map-_home_max_Documents_PhD_MAPF_LNS_MAPF_LNS_SAT_mapf-scen-even_scen-even_room-32-32-4-even-1_scen-agents20-idx2-seed42-1760992136142,0,0,5,0.007331,1,2,3,5,1,1,24,10,0.000000,0.008000,0.027000,0.021000,0.001574,1
_home_max_Documents_PhD_MAPF_LNS_MAPF_LNS_SAT_mapf-map_room-32-32-4_map-_home_max_Documents_PhD_MAPF_LNS_MAPF_LNS_SAT_mapf-scen-even_scen-even_room-32-32-4-even-1_scen-agents20-idx2-seed42-1760992136142,0,0,5,0.007331,1,3,5,7,4,7,193,77,0.000000,0.064000,0.147000,0.119000,0.005647,0
_home_max_Documents_PhD_MAPF_LNS_MAPF_LNS_SAT_mapf-map_room-32-32-4_map-_home_max_Documents_PhD_MAPF_LNS_MAPF_LNS_SAT_mapf-scen-even_scen-even_room-32-32-4-even-1_scen-agents20-idx2-seed42-1760992136142,0,1,11,0.016129,1,3,4,8,3,7,175,70,0.000000,0.059000,0.178000,0.127000,0.018000,1
_home_max_Documents_PhD_MAPF_LNS_MAPF_LNS_SAT_mapf-map_room-32-32-4_map-_home_max_Documents_PhD_MAPF_LNS_MAPF_LNS_SAT_mapf-scen-even_scen-even_room-32-32-4-even-1_scen-agents20-idx2-seed42-1760992136142,0,0,9,0.013196,1,2,9,11,4,8,356,103,0.000000,0.107000,0.242000,0.204000,0.015996,1
_home_max_Documents_PhD_MAPF_LNS_MAPF_LNS_SAT_mapf-map_room-32-32-4_map-_home_max_Documents_PhD_MAPF_LNS_MAPF_LNS_SAT_mapf-scen-even_scen-even_room-32-32-4-even-1_scen-agents20-idx2-seed42-1760992136142,0,0,5,0.007331,1,2,11,13,4,7,179,68,0.000000,0.056000,0.138000,0.114000,0.005155,0
_home_max_Documents_PhD_MAPF_LNS_MAPF_LNS_SAT_mapf-map_room-32-32-4_map-_home_max_Documents_PhD_MAPF_LNS_MAPF_LNS_SAT_mapf-scen-even_scen-even_room-32-32-4-even-1_scen-agents20-idx2-seed42-1760992136142,0,1,10,0.014663,1,2,10,14,5,10,1015,242,0.000000,0.289000,0.544000,0.498000,0.036714,0
_home_max_Documents_PhD_MAPF_LNS_MAPF_LNS_SAT_mapf-map_room-32-32-4_map-_home_max_Documents_PhD_MAPF_LNS_MAPF_LNS_SAT_mapf-scen-even_scen-even_room-32-32-4-even-1_scen-agents20-idx2-seed42-1760992136142,0,2,16,0.023460,1,3,9,15,4,12,1166,251,0.000000,0.331000,0.716000,0.631000,0.085352,1
_home_max_Documents_PhD_MAPF_LNS_MAPF_LNS_SAT_mapf-map_room-32-32-4_map-_home_max_Documents_PhD_MAPF_LNS_MAPF_LNS_SAT_mapf-scen-even_scen-even_room-32-32-4-even-1_scen-agents20-idx2-seed42-1760992136142,0,0,7,0.010264,1,3,13,15,5,25,696,217,0.000000,0.214000,0.779000,0.557000,0.169879,1
_home_max_Documents_PhD_MAPF_LNS_MAPF_LNS_SAT_mapf-map_room-32-32-4_map-_home_max_Documents_PhD_MAPF_LNS_MAPF_LNS_SAT_mapf-scen-even_scen-even_room-32-32-4-even-1_scen-agents20-idx2-seed42-1760992136142,0,0,5,0.007331,1,2,14,16,1,2,25,10,0.000000,0.008000,0.037000,0.024000,0.001919,1
_home_max_Documents_PhD_MAPF_LNS_MAPF_LNS_SAT_mapf-map_room-32-32-4_map-_home_max_Documents_PhD_MAPF_LNS_MAPF_LNS_SAT_mapf-scen-even_scen-even_room-32-32-4-even-1_scen-agents20-idx2-seed42-1760992136142,0,0,9,0.013196,2,3,19,22,4,9,542,169,0.000000,0.176000,0.369000,0.306000,0.027211,1
_home_max_Documents_PhD_MAPF_LNS_MAPF_LNS_SAT_mapf-map_room-32-32-4_map-_home_max_Documents_PhD_MAPF_LNS_MAPF_LNS_SAT_mapf-scen-even_scen-even_room-32-32-4-even-1_scen-agents20-idx2-seed42-1760992136142,0,0,9,0.013196,1,3,24,26,3,7,124,47,0.000000,0.040000,0.125000,0.090000,0.009405,1
_home_max_Documents_PhD_MAPF_LNS_MAPF_LNS_SAT_mapf-map_room-32-32-4_map-_home_max_Documents_PhD_MAPF_LNS_MAPF_LNS_SAT_mapf-scen-even_scen-even_room-32-32-4-even-1_scen-agents20-idx2-seed42-1760992136142,0,0,5,0.007331,1,2,26,28,1,2,25,10,0.000000,0.007000,0.037000,0.026000,0.001946,1
_home_max_Documents_PhD_MAPF_LNS_MAPF_LNS_SAT_mapf-map_room-32-32-4_map-_home_max_Documents_PhD_MAPF_LNS_MAPF_LNS_SAT_mapf-scen-even_scen-even_room-32-32-4-even-1_scen-agents20-idx2-seed42-1760992136142,0,0,9,0.013196,1,2,28,30,2,4,31,16,0.000000,0.010000,0.038000,0.024000,0.001263,0
_home_max_Documents_PhD_MAPF_LNS_MAPF_LNS_SAT_mapf-map_room-32-32-4_map-_home_max_Documents_PhD_MAPF_LNS_MAPF_LNS_SAT_mapf-scen-even_scen-even_room-32-32-4-even-1_scen-agents20-idx2-seed42-1760992136142,0,1,16,0.023460,1,3,27,31,2,4,55,30,0.000000,0.025000,0.057000,0.037000,0.001851,0
_home_max_Documents_PhD_MAPF_LNS_MAPF_LNS_SAT_mapf-map_room-32-32-4_map-_home_max_Documents_PhD_MAPF_LNS_MAPF_LNS_SAT_mapf-scen-even_scen-even_room-32-32-4-even-1_scen-agents20-idx2-seed42-1760992136142,0,2,24,0.035191,1,5,26,32,2,5,152,69,0.000000,0.068000,0.131000,0.098000,0.006254,0
_home_max_Documents_PhD_MAPF_LNS_MAPF_LNS_SAT_mapf-map_room-32-32-4_map-_home_max_Documents_PhD_MAPF_LNS_MAPF_LNS_SAT_mapf-scen-even_scen-even_room-32-32-4-even-1_scen-agents20-idx2-seed42-1760992136142,0,3,30,0.043988,1,7,25,33,2,5,244,107,0.000000,0.120000,0.184000,0.140000,0.008240,0
_home_max_Documents_PhD_MAPF_LNS_MAPF_LNS_SAT_mapf-map_room-32-32-4_map-_home_max_Documents_PhD_MAPF_LNS_MAPF_LNS_SAT_mapf-scen-even_scen-even_room-32-32-4-even-1_scen-agents20-idx2-seed42-1760992136142,0,4,44,0.064516,1,7,24,34,2,5,327,144,0.000000,0.165000,0.222000,0.167000,0.009381,0
_home_max_Documents_PhD_MAPF_LNS_MAPF_LNS_SAT_mapf-map_room-32-32-4_map-_home_max_Documents_PhD_MAPF_LNS_MAPF_LNS_SAT_mapf-scen-even_scen-even_room-32-32-4-even-1_scen-agents20-idx2-seed42-1760992136142,0,5,59,0.086510,1,8,23,35,2,5,1177,345,0.000000,0.460000,0.622000,0.548000,0.029999,0
_home_max_Documents_PhD_MAPF_LNS_MAPF_LNS_SAT_mapf-map_room-32-32-4_map-_home_max_Documents_PhD_MAPF_LNS_MAPF_LNS_SAT_mapf-scen-even_scen-even_room-32-32-4-even-1_scen-agents20-idx2-seed42-1760992136142,0,6,76,0.111437,1,8,22,36,2,6,2882,586,0.000000,0.887000,1.470000,1.321000,0.107334,1
_home_max_Documents_PhD_MAPF_LNS_MAPF_LNS_SAT_mapf-map_room-32-32-4_map-_home_max_Documents_PhD_MAPF_LNS_MAPF_LNS_SAT_mapf-scen-even_scen-even_room-32-32-4-even-1_scen-agents20-idx2-seed42-1760992136142,0,0,5,0.007331,1,2,30,32,1,1,24,10,0.000000,0.009000,0.026000,0.020000,0.001380,1
_home_max_Documents_PhD_MAPF_LNS_MAPF_LNS_SAT_mapf-map_room-32-32-4_map-_home_max_Documents_PhD_MAPF_LNS_MAPF_LNS_SAT_mapf-scen-even_scen-even_room-32-32-4-even-1_scen-agents20-idx3-seed42-1760992136245,0,0,5,0.007331,1,2,3,5,2,3,28,15,0.000000,0.014000,0.083000,0.064000,0.017019,1
_home_max_Documents_PhD_MAPF_LNS_MAPF_LNS_SAT_mapf-map_room-32-32-4_map-_home_max_Documents_PhD_MAPF_LNS_MAPF_LNS_SAT_mapf-scen-even_scen-even_room-32-32-4-even-1_scen-agents20-idx3-seed42-1760992136245,0,0,9,0.013196,3,2,5,9,2,3,54,25,0.000000,0.015000,0.056000,0.038000,0.002935,1
_home_max_Documents_PhD_MAPF_LNS_MAPF_LNS_SAT_mapf-map_room-32-32-4_map-_home_max_Documents_PhD_MAPF_LNS_MAPF_LNS_SAT_mapf-scen-even_scen-even_room-32-32-4-even-1_scen-agents20-idx3-seed42-1760992136245,0,0,7,0.010264,4,5,9,13,3,5,262,106,0.000000,0.092000,0.191000,0.163000,0.006673,0
_home_max_Documents_PhD_MAPF_LNS_MAPF_LNS_SAT_mapf-map_room-32-32-4_map-_home_max_Documents_PhD_MAPF_LNS_MAPF_LNS_SAT_mapf-scen-even_scen-even_room-32-32-4-even-1_scen-agents20-idx3-seed42-1760992136245,0,1,14,0.020528,4,5,8,14,4,10,1600,392,0.001000,0.507000,0.937000,0.829000,0.074107,1
_home_max_Documents_PhD_MAPF_LNS_MAPF_LNS_SAT_mapf-map_room-32-32-4_map-_home_max_Documents_PhD_MAPF_LNS_MAPF_LNS_SAT_mapf-scen-even_scen-even_room-32-32-4-even-1_scen-agents20-idx3-seed42-1760992136245,0,0,5,0.007331,1,2,18,20,4,7,179,68,0.000000,0.062000,0.140000,0.116000,0.005873,0
_home_max_Documents_PhD_MAPF_LNS_MAPF_LNS_SAT_mapf-map_room-32-32-4_map-_home_max_Documents_PhD_MAPF_LNS_MAPF_LNS_SAT_mapf-scen-even_scen-even_room-32-32-4-even-1_scen-agents20-idx3-seed42-1760992136245,0,1,10,0.014663,1,2,17,21,5,10,939,229,0.000000,0.277000,0.514000,0.472000,0.034783,0
_home_max_Documents_PhD_MAPF_LNS_MAPF_LNS_SAT_mapf-map_room-32-32-4_map-_home_max_Documents_PhD_MAPF_LNS_MAPF_LNS_SAT_mapf-scen-even_scen-even_room-32-32-4-even-1_scen-agents20-idx3-seed42-1760992136245,0,2,16,0.023460,1,2,16,22,4,10,829,201,0.000000,0.265000,0.520000,0.461000,0.062766,1
_home_max_Documents_PhD_MAPF_LNS_MAPF_LNS_SAT_mapf-map_room-32-32-4_map-_home_max_Documents_PhD_MAPF_LNS_MAPF_LNS_SAT_mapf-scen-even_scen-even_room-32-32-4-even-1_scen-agents20-idx3-seed42-1760992136245,0,0,5,0.007331,2,3,26,29,3,10,222,74,0.000000,0.071000,0.192000,0.142000,0.008195,0
_home_max_Documents_PhD_MAPF_LNS_MAPF_LNS_SAT_mapf-map_room-32-32-4_map-_home_max_Documents_PhD_MAPF_LNS_MAPF_LNS_SAT_mapf-scen-even_scen-even_room-32-32-4-even-1_scen-agents20-idx3-seed42-1760992136245,0,1,9,0.013196,2,3,25,30,1,1,163,48,0.000000,0.054000,0.096000,0.089000,0.005227,1
_home_max_Documents_PhD_MAPF_LNS_MAPF_LNS_SAT_mapf-map_room-32-32-4_map-_home_max_Documents_PhD_MAPF_LNS_MAPF_LNS_SAT_mapf-scen-even_scen-even_room-32-32-4-even-1_scen-agents20-idx3-seed42-1760992136245,0,0,5,0.007331,1,2,26,28,4,7,180,69,0.000000,0.058000,0.134000,0.112000,0.005336,0
_home_max_Documents_PhD_MAPF_LNS_MAPF_LNS_SAT_mapf-map_room-32-32-4_map-_home_max_Documents_PhD_MAPF_LNS_MAPF_LNS_SAT_mapf-scen-even_scen-even_room-32-32-4-even-1_scen-agents20-idx3-seed42-1760992136245,0,1,10,0.014663,1,2,25,29,3,6,155,59,0.000000,0.049000,0.132000,0.102000,0.012058,1
_home_max_Documents_PhD_MAPF_LNS_MAPF_LNS_SAT_mapf-map_room-32-32-4_map-_home_max_Documents_PhD_MAPF_LNS_MAPF_LNS_SAT_mapf-scen-even_scen-even_room-32-32-4-even-1_scen-agents20-idx3-seed42-1760992136245,0,0,8,0.011730,1,3,29,31,3,5,96,45,0.000000,0.036000,0.091000,0.068000,0.003937,1
_home_max_Documents_PhD_MAPF_LNS_MAPF_LNS_SAT_mapf-map_room-32-32-4_map-_home_max_Documents_PhD_MAPF_LNS_MAPF_LNS_SAT_mapf-scen-even_scen-even_room-32-32-4-even-1_scen-agents20-idx3-seed42-1760992136245,0,0,12,0.017595,4,3,39,44,2,4,243,84,0.000000,0.087000,0.172000,0.143000,0.009948,1
_home_max_Documents_PhD_MAPF_LNS_MAPF_LNS_SAT_mapf-map_room-32-32-4_map-_home_max_Documents_PhD_MAPF_LNS_MAPF_LNS_SAT_mapf-scen-even_scen-even_room-32-32-4-even-1_scen-agents20-idx4-seed42-1760992136292,0,0,7,0.010264,1,2,4,6,3,7,83,36,0.000000,0.030000,0.144000,0.104000,0.016086,1
_home_max_Documents_PhD_MAPF_LNS_MAPF_LNS_SAT_mapf-map_room-32-32-4_map-_home_max_Documents_PhD_MAPF_LNS_MAPF_LNS_SAT_mapf-scen-even_scen-even_room-32-32-4-even-1_scen-agents20-idx4-seed42-1760992136292,0,0,7,0.010264,1,3,12,14,4,14,228,87,0.000000,0.082000,0.261000,0.182000,0.032482,1
_home_max_Documents_PhD_MAPF_LNS_MAPF_LNS_SAT_mapf-map_room-32-32-4_map-_home_max_Documents_PhD_MAPF_LNS_MAPF_LNS_SAT_mapf-scen-even_scen-even_room-32-32-4-even-1_scen-agents20-idx4-seed42-1760992136292,0,0,9,0.013196,3,2,15,19,2,3,52,25,0.000000,0.016000,0.053000,0.036000,0.002103,1
_home_max_Documents_PhD_MAPF_LNS_MAPF_LNS_SAT_mapf-map_room-32-32-4_map-_home_max_Documents_PhD_MAPF_LNS_MAPF_LNS_SAT_mapf-scen-even_scen-even_room-32-32-4-even-1_scen-agents20-idx4-seed42-1760992136292,0,0,9,0.013196,1,2,19,21,4,13,291,98,0.000000,0.090000,0.288000,0.218000,0.038555,1
_home_max_Documents_PhD_MAPF_LNS_MAPF_LNS_SAT_mapf-map_room-32-32-4_map-_home_max_Documents_PhD_MAPF_LNS_MAPF_LNS_SAT_mapf-scen-even_scen-even_room-32-32-4-even-1_scen-agents20-idx4-seed42-1760992136292,0,0,9,0.013196,1,3,24,26,3,7,97,41,0.000000,0.040000,0.118000,0.081000,0.008455,1
_home_max_Documents_PhD_MAPF_LNS_MAPF_LNS_SAT_mapf-map_room-32-32-4_map-_home_max_Documents_PhD_MAPF_LNS_MAPF_LNS_SAT_mapf-scen-even_scen-even_room-32-32-4-even-1_scen-agents20-idx4-seed42-1760992136292,0,0,7,0.010264,1,3,33,35,3,9,137,49,0.000000,0.045000,0.152000,0.106000,0.011777,1
_home_max_Documents_PhD_MAPF_LNS_MAPF_LNS_SAT_mapf-map_room-32-32-4_map-_home_max_Documents_PhD_MAPF_LNS_MAPF_LNS_SAT_mapf-scen-even_scen-even_room-32-32-4-even-1_scen-agents20-idx4-seed42-1760992136292,0,0,7,0.010264,1,2,40,42,3,9,134,46,0.000000,0.043000,0.148000,0.105000,0.011041,1
_home_max_Documents_PhD_MAPF_LNS_MAPF_LNS_SAT_mapf-map_room-32-32-4_map-_home_max_Documents_PhD_MAPF_LNS_MAPF_LNS_SAT_mapf-scen-even_scen-even_room-32-32-4-even-1_scen-agents20-idx4-seed42-1760992136292,0,0,8,0.011730,1,2,41,43,3,7,148,48,0.000000,0.045000,0.133000,0.102000,0.009411,1
_home_max_Documents_PhD_MAPF_LNS_MAPF_LNS_SAT_mapf-map_room-32-32-4_map-_home_max_Documents_PhD_MAPF_LNS_MAPF_LNS_SAT_mapf-scen-even_scen-even_room-32-32-4-even-1_scen-agents20-idx4-seed42-1760992136292,0,0,5,0.007331,1,2,44,46,1,3,26,10,0.000000,0.009000,0.043000,0.026000,0.002146,1
_home_max_Documents_PhD_MAPF_LNS_MAPF_LNS_SAT_mapf-map_room-32-32-4_map-_home_max_Documents_PhD_MAPF_LNS_MAPF_LNS_SAT_mapf-scen-even_scen-even_room-32-32-4-even-1_scen-agents20-idx5-seed42-1760992136345,0,0,8,0.011730,3,3,1,5,2,4,156,59,0.000000,0.054000,0.193000,0.160000,0.015761,1
_home_max_Documents_PhD_MAPF_LNS_MAPF_LNS_SAT_mapf-map_room-32-32-4_map-_home_max_Documents_PhD_MAPF_LNS_MAPF_LNS_SAT_mapf-scen-even_scen-even_room-32-32-4-even-1_scen-agents20-idx5-seed42-1760992136345,0,0,7,0.010264,1,2,1,3,4,8,258,87,0.000000,0.073000,0.261000,0.222000,0.025282,1
_home_max_Documents_PhD_MAPF_LNS_MAPF_LNS_SAT_mapf-map_room-32-32-4_map-_home_max_Documents_PhD_MAPF_LNS_MAPF_LNS_SAT_mapf-scen-even_scen-even_room-32-32-4-even-1_scen-agents20-idx5-seed42-1760992136345,0,0,7,0.010264,3,3,14,18,2,3,63,31,0.000000,0.022000,0.058000,0.040000,0.002194,1
_home_max_Documents_PhD_MAPF_LNS_MAPF_LNS_SAT_mapf-map_room-32-32-4_map-_home_max_Documents_PhD_MAPF_LNS_MAPF_LNS_SAT_mapf-scen-even_scen-even_room-32-32-4-even-1_scen-agents20-idx5-seed42-1760992136345,0,0,9,0.013196,1,2,17,19,3,5,93,39,0.000000,0.030000,0.087000,0.066000,0.004019,1
_home_max_Documents_PhD_MAPF_LNS_MAPF_LNS_SAT_mapf-map_room-32-32-4_map-_home_max_Documents_PhD_MAPF_LNS_MAPF_LNS_SAT_mapf-scen-even_scen-even_room-32-32-4-even-1_scen-agents20-idx5-seed42-1760992136345,0,0,7,0.010264,1,2,17,19,1,1,14,8,0.000000,0.006000,0.021000,0.015000,0.000971,1
_home_max_Documents_PhD_MAPF_LNS_MAPF_LNS_SAT_mapf-map_room-32-32-4_map-_home_max_Documents_PhD_MAPF_LNS_MAPF_LNS_SAT_mapf-scen-even_scen-even_room-32-32-4-even-1_scen-agents20-idx5-seed42-1760992136345,0,0,8,0.011730,1,4,20,22,1,2,19,11,0.000000,0.009000,0.033000,0.019000,0.000891,1
_home_max_Documents_PhD_MAPF_LNS_MAPF_LNS_SAT_mapf-map_room-32-32-4_map-_home_max_Documents_PhD_MAPF_LNS_MAPF_LNS_SAT_mapf-scen-even_scen-even_room-32-32-4-even-1_scen-agents20-idx5-seed42-1760992136345,0,0,5,0.007331,1,2,20,22,4,7,179,68,0.000000,0.058000,0.139000,0.113000,0.005041,0
_home_max_Documents_PhD_MAPF_LNS_MAPF_LNS_SAT_mapf-map_room-32-32-4_map-_home_max_Documents_PhD_MAPF_LNS_MAPF_LNS_SAT_mapf-scen-even_scen-even_room-32-32-4-even-1_scen-agents20-idx5-seed42-1760992136345,0,1,9,0.013196,1,3,19,23,5,10,834,219,0.000000,0.255000,0.506000,0.442000,0.039049,0
_home_max_Documents_PhD_MAPF_LNS_MAPF_LNS_SAT_mapf-map_room-32-32-4_map-_home_max_Documents_PhD_MAPF_LNS_MAPF_LNS_SAT_mapf-scen-even_scen-even_room-32-32-4-even-1_scen-agents20-idx5-seed42-1760992136345,0,2,15,0.021994,1,4,18,24,4,10,955,253,0.000000,0.304000,0.592000,0.517000,0.061992,1
_home_max_Documents_PhD_MAPF_LNS_MAPF_LNS_SAT_mapf-map_room-32-32-4_map-_home_max_Documents_PhD_MAPF_LNS_MAPF_LNS_SAT_mapf-scen-even_scen-even_room-32-32-4-even-1_scen-agents20-idx5-seed42-1760992136345,0,0,5,0.007331,1,3,22,24,2,3,30,17,0.000000,0.013000,0.040000,0.027000,0.001768,1
_home_max_Documents_PhD_MAPF_LNS_MAPF_LNS_SAT_mapf-map_room-32-32-4_map-_home_max_Documents_PhD_MAPF_LNS_MAPF_LNS_SAT_mapf-scen-even_scen-even_room-32-32-4-even-1_scen-agents20-idx5-seed42-1760992136345,0,0,12,0.017595,6,6,23,27,3,7,559,185,0.000000,0.195000,0.370000,0.299000,0.034581,0
_home_max_Documents_PhD_MAPF_LNS_MAPF_LNS_SAT_mapf-map_room-32-32-4_map-_home_max_Documents_PhD_MAPF_LNS_MAPF_LNS_SAT_mapf-scen-even_scen-even_room-32-32-4-even-1_scen-agents20-idx5-seed42-1760992136345,0,1,18,0.026393,6,6,22,28,3,7,896,288,0.000000,0.316000,0.544000,0.457000,0.053039,0
_home_max_Documents_PhD_MAPF_LNS_MAPF_LNS_SAT_mapf-map_room-32-32-4_map-_home_max_Documents_PhD_MAPF_LNS_MAPF_LNS_SAT_mapf-scen-even_scen-even_room-32-32-4-even-1_scen-agents20-idx5-seed42-1760992136345,0,2,23,0.033724,6,6,21,29,3,7,1254,396,0.000000,0.446000,0.726000,0.627000,0.070579,0
_home_max_Documents_PhD_MAPF_LNS_MAPF_LNS_SAT_mapf-map_room-32-32-4_map-_home_max_Documents_PhD_MAPF_LNS_MAPF_LNS_SAT_mapf-scen-even_scen-even_room-32-32-4-even-1_scen-agents20-idx5-seed42-1760992136345,0,3,29,0.042522,6,6,20,30,3,6,1731,535,0.000000,0.630000,0.900000,0.812000,0.045515,0
_home_max_Documents_PhD_MAPF_LNS_MAPF_LNS_SAT_mapf-map_room-32-32-4_map-_home_max_Documents_PhD_MAPF_LNS_MAPF_LNS_SAT_mapf-scen-even_scen-even_room-32-32-4-even-1_scen-agents20-idx5-seed42-1760992136345,0,4,40,0.058651,6,7,19,31,3,6,2123,655,0.000000,0.810000,1.081000,0.964000,0.057426,0
_home_max_Documents_PhD_MAPF_LNS_MAPF_LNS_SAT_mapf-map_room-32-32-4_map-_home_max_Documents_PhD_MAPF_LNS_MAPF_LNS_SAT_mapf-scen-even_scen-even_room-32-32-4-even-1_scen-agents20-idx5-seed42-1760992136345,0,5,53,0.077713,6,11,18,32,3,6,2571,808,0.000000,1.122000,1.294000,1.151000,0.066110,0
_home_max_Documents_PhD_MAPF_LNS_MAPF_LNS_SAT_mapf-map_room-32-32-4_map-_home_max_Documents_PhD_MAPF_LNS_MAPF_LNS_SAT_mapf-scen-even_scen-even_room-32-32-4-even-1_scen-agents20-idx5-seed42-1760992136345,0,6,69,0.101173,6,11,17,33,3,6,3203,996,0.000000,1.412000,1.547000,1.409000,0.079405,0
_home_max_Documents_PhD_MAPF_LNS_MAPF_LNS_SAT_mapf-map_room-32-32-4_map-_home_max_Documents_PhD_MAPF_LNS_MAPF_LNS_SAT_mapf-scen-even_scen-even_room-32-32-4-even-1_scen-agents20-idx5-seed42-1760992136345,0,7,83,0.121701,6,11,16,34,3,7,3980,1182,0.000000,1.925000,2.095000,1.866000,0.196655,0
_home_max_Documents_PhD_MAPF_LNS_MAPF_LNS_SAT_mapf-map_room-32-32-4_map-_home_max_Documents_PhD_MAPF_LNS_MAPF_LNS_SAT_mapf-scen-even_scen-even_room-32-32-4-even-1_scen-agents20-idx5-seed42-1760992136345,0,8,104,0.152493,6,12,15,35,3,6,9975,1973,0.000000,3.998000,4.458000,4.222000,0.205205,0
_home_max_Documents_PhD_MAPF_LNS_MAPF_LNS_SAT_mapf-map_room-32-32-4_map-_home_max_Documents_PhD_MAPF_LNS_MAPF_LNS_SAT_mapf-scen-even_scen-even_room-32-32-4-even-1_scen-agents20-idx5-seed42-1760992136345,0,9,125,0.183284,6,13,14,36,3,6,13881,2544,0.001000,5.665000,5.993000,5.745000,0.283262,0
_home_max_Documents_PhD_MAPF_LNS_MAPF_LNS_SAT_mapf-map_room-32-32-4_map-_home_max_Documents_PhD_MAPF_LNS_MAPF_LNS_SAT_mapf-scen-even_scen-even_room-32-32-4-even-1_scen-agents20-idx5-seed42-1760992136345,0,10,147,0.215543,6,13,13,37,3,6,16278,2930,0.002000,6.961000,6.851000,6.544000,0.368228,0
_home_max_Documents_PhD_MAPF_LNS_MAPF_LNS_SAT_mapf-map_room-32-32-4_map-_home_max_Documents_PhD_MAPF_LNS_MAPF_LNS_SAT_mapf-scen-even_scen-even_room-32-32-4-even-1_scen-agents20-idx5-seed42-1760992136345,0,11,167,0.244868,6,14,12,38,3,6,17987,3257,0.002000,8.141000,7.438000,7.131000,0.345274,0
_home_max_Documents_PhD_MAPF_LNS_MAPF_LNS_SAT_mapf-map_room-32-32-4_map-_home_max_Documents_PhD_MAPF_LNS_MAPF_LNS_SAT_mapf-scen-even_scen-even_room-32-32-4-even-1_scen-agents20-idx5-seed42-1760992136345,0,12,191,0.280059,6,14,11,39,3,6,20499,3621,0.001000,9.257000,8.719000,8.373000,0.388775,0
_home_max_Documents_PhD_MAPF_LNS_MAPF_LNS_SAT_mapf-map_room-32-32-4_map-_home_max_Documents_PhD_MAPF_LNS_MAPF_LNS_SAT_mapf-scen-even_scen-even_room-32-32-4-even-1_scen-agents20-idx5-seed42-1760992136345,0,13,217,0.318182,6,15,10,40,3,6,110902,7527,0.004000,50.247000,91.636000,90.567000,1.566218,0
_home_max_Documents_PhD_MAPF_LNS_MAPF_LNS_SAT_mapf-map_room-32-32-4_map-_home_max_Documents_PhD_MAPF_LNS_MAPF_LNS_SAT_mapf-scen-even_scen-even_room-32-32-4-even-1_scen-agents20-idx5-seed42-1760992136345,0,14,237,0.347507,6,15,9,41,3,6,183958,10776,0.003000,78.729000,141.884000,140.564000,1.873152,0
_home_max_Documents_PhD_MAPF_LNS_MAPF_LNS_SAT_mapf-map_room-32-32-4_map-_home_max_Documents_PhD_MAPF_LNS_MAPF_LNS_SAT_mapf-scen-even_scen-even_room-32-32-4-even-1_scen-agents20-idx5-seed42-1760992136345,0,15,260,0.381232,6,15,8,42,3,6,267999,13218,0.003000,126.917000,237.544000,235.453000,3.068327,0
_home_max_Documents_PhD_MAPF_LNS_MAPF_LNS_SAT_mapf-map_room-32-32-4_map-_home_max_Documents_PhD_MAPF_LNS_MAPF_LNS_SAT_mapf-scen-even_scen-even_room-32-32-4-even-1_scen-agents20-idx5-seed42-1760992136345,0,16,290,0.425220,6,16,7,43,3,6,574910,20914,0.005000,345.297000,501.249000,497.600000,5.378077,0
_home_max_Documents_PhD_MAPF_LNS_MAPF_LNS_SAT_mapf-map_room-32-32-4_map-_home_max_Documents_PhD_MAPF_LNS_MAPF_LNS_SAT_mapf-scen-even_scen-even_room-32-32-4-even-1_scen-agents20-idx5-seed42-1760992136345,0,17,327,0.479472,6,16,6,44,3,7,798059,25102,0.006000,538.485000,711.704000,706.746000,10.955109,0
_home_max_Documents_PhD_MAPF_LNS_MAPF_LNS_SAT_mapf-map_room-32-32-4_map-_home_max_Documents_PhD_MAPF_LNS_MAPF_LNS_SAT_mapf-scen-even_scen-even_room-32-32-4-even-1_scen-agents20-idx5-seed42-1760992136345,0,18,366,0.536657,6,16,5,45,3,12,1354377,35436,0.009000,971.457000,1234.590000,1222.630000,18.154534,1
_home_max_Documents_PhD_MAPF_LNS_MAPF_LNS_SAT_mapf-map_room-32-32-4_map-_home_max_Documents_PhD_MAPF_LNS_MAPF_LNS_SAT_mapf-scen-even_scen-even_room-32-32-4-even-1_scen-agents20-idx5-seed42-1760992136345,0,0,4,0.005865,1,2,44,46,1,1,19,9,0.000000,0.011000,0.040000,0.030000,0.004606,1
_home_max_Documents_PhD_MAPF_LNS_MAPF_LNS_SAT_mapf-map_room-32-32-4_map-_home_max_Documents_PhD_MAPF_LNS_MAPF_LNS_SAT_mapf-scen-even_scen-even_room-32-32-4-even-1_scen-agents20-idx5-seed42-1760992136345,0,0,5,0.007331,1,2,50,52,1,2,25,10,0.000000,0.009000,0.040000,0.025000,0.002035,1
_home_max_Documents_PhD_MAPF_LNS_MAPF_LNS_SAT_mapf-map_room-32-32-4_map-_home_max_Documents_PhD_MAPF_LNS_MAPF_LNS_SAT_mapf-scen-even_scen-even_room-32-32-4-even-2_scen-agents20-idx0-seed42-1760992141859,0,0,4,0.005865,1,2,1,3,4,7,147,63,0.000000,0.050000,0.180000,0.151000,0.012278,0
_home_max_Documents_PhD_MAPF_LNS_MAPF_LNS_SAT_mapf-map_room-32-32-4_map-_home_max_Documents_PhD_MAPF_LNS_MAPF_LNS_SAT_mapf-scen-even_scen-even_room-32-32-4-even-2_scen-agents20-idx0-seed42-1760992141859,0,1,9,0.013196,1,2,0,4,5,10,812,223,0.000000,0.252000,0.659000,0.602000,0.038985,0
_home_max_Documents_PhD_MAPF_LNS_MAPF_LNS_SAT_mapf-map_room-32-32-4_map-_home_max_Documents_PhD_MAPF_LNS_MAPF_LNS_SAT_mapf-scen-even_scen-even_room-32-32-4-even-2_scen-agents20-idx0-seed42-1760992141859,0,2,14,0.020528,1,2,0,5,4,9,626,169,0.000000,0.194000,0.486000,0.420000,0.030392,1
_home_max_Documents_PhD_MAPF_LNS_MAPF_LNS_SAT_mapf-map_room-32-32-4_map-_home_max_Documents_PhD_MAPF_LNS_MAPF_LNS_SAT_mapf-scen-even_scen-even_room-32-32-4-even-2_scen-agents20-idx0-seed42-1760992141859,0,0,5,0.007331,1,2,5,7,2,3,28,15,0.000000,0.009000,0.041000,0.026000,0.002098,1
_home_max_Documents_PhD_MAPF_LNS_MAPF_LNS_SAT_mapf-map_room-32-32-4_map-_home_max_Documents_PhD_MAPF_LNS_MAPF_LNS_SAT_mapf-scen-even_scen-even_room-32-32-4-even-2_scen-agents20-idx0-seed42-1760992141859,0,0,9,0.013196,1,2,9,11,3,7,166,50,0.000000,0.040000,0.144000,0.112000,0.010636,1
_home_max_Documents_PhD_MAPF_LNS_MAPF_LNS_SAT_mapf-map_room-32-32-4_map-_home_max_Documents_PhD_MAPF_LNS_MAPF_LNS_SAT_mapf-scen-even_scen-even_room-32-32-4-even-2_scen-agents20-idx0-seed42-1760992141859,0,0,9,0.013196,1,2,11,13,2,4,31,16,0.000000,0.009000,0.041000,0.026000,0.001869,0
_home_max_Documents_PhD_MAPF_LNS_MAPF_LNS_SAT_mapf-map_room-32-32-4_map-_home_max_Documents_PhD_MAPF_LNS_MAPF_LNS_SAT_mapf-scen-even_scen-even_room-32-32-4-even-2_scen-agents20-idx0-seed42-1760992141859,0,1,16,0.023460,1,4,10,14,2,4,61,34,0.000000,0.025000,0.060000,0.040000,0.002882,0
_home_max_Documents_PhD_MAPF_LNS_MAPF_LNS_SAT_mapf-map_room-32-32-4_map-_home_max_Documents_PhD_MAPF_LNS_MAPF_LNS_SAT_mapf-scen-even_scen-even_room-32-32-4-even-2_scen-agents20-idx0-seed42-1760992141859,0,2,23,0.033724,1,6,9,15,2,4,141,74,0.000000,0.066000,0.107000,0.082000,0.006840,0
_home_max_Documents_PhD_MAPF_LNS_MAPF_LNS_SAT_mapf-map_room-32-32-4_map-_home_max_Documents_PhD_MAPF_LNS_MAPF_LNS_SAT_mapf-scen-even_scen-even_room-32-32-4-even-2_scen-agents20-idx0-seed42-1760992141859,0,3,29,0.042522,1,7,8,16,2,4,206,107,0.000000,0.098000,0.144000,0.110000,0.008228,0
_home_max_Documents_PhD_MAPF_LNS_MAPF_LNS_SAT_mapf-map_room-32-32-4_map-_home_max_Documents_PhD_MAPF_LNS_MAPF_LNS_SAT_mapf-scen-even_scen-even_room-32-32-4-even-2_scen-agents20-idx0-seed42-1760992141859,0,4,40,0.058651,1,8,7,17,2,4,272,141,0.000000,0.134000,0.170000,0.131000,0.009110,0
_home_max_Documents_PhD_MAPF_LNS_MAPF_LNS_SAT_mapf-map_room-32-32-4_map-_home_max_Documents_PhD_MAPF_LNS_MAPF_LNS_SAT_mapf-scen-even_scen-even_room-32-32-4-even-2_scen-agents20-idx0-seed42-1760992141859,0,5,53,0.077713,1,9,6,18,2,4,376,193,0.000000,0.195000,0.232000,0.180000,0.012465,0
_home_max_Documents_PhD_MAPF_LNS_MAPF_LNS_SAT_mapf-map_room-32-32-4_map-_home_max_Documents_PhD_MAPF_LNS_MAPF_LNS_SAT_mapf-scen-even_scen-even_room-32-32-4-even-2_scen-agents20-idx0-seed42-1760992141859,0,6,69,0.101173,1,10,5,19,2,4,507,255,0.000000,0.282000,0.294000,0.232000,0.013180,0
_home_max_Documents_PhD_MAPF_LNS_MAPF_LNS_SAT_mapf-map_room-32-32-4_map-_home_max_Documents_PhD_MAPF_LNS_MAPF_LNS_SAT_mapf-scen-even_scen-even_room-32-32-4-even-2_scen-agents20-idx0-seed42-1760992141859,0,7,84,0.123167,1,10,4,20,2,4,1373,462,0.000000,0.572000,0.705000,0.618000,0.033793,0
_home_max_Documents_PhD_MAPF_LNS_MAPF_LNS_SAT_mapf-map_room-32-32-4_map-_home_max_Documents_PhD_MAPF_LNS_MAPF_LNS_SAT_mapf-scen-even_scen-even_room-32-32-4-even-2_scen-agents20-idx0-seed42-1760992141859,0,8,108,0.158358,1,11,3,21,2,4,2364,639,0.000000,0.944000,1.721000,1.598000,0.056558,0
_home_max_Documents_PhD_MAPF_LNS_MAPF_LNS_SAT_mapf-map_room-32-32-4_map-_home_max_Documents_PhD_MAPF_LNS_MAPF_LNS_SAT_mapf-scen-even_scen-even_room-32-32-4-even-2_scen-agents20-idx0-seed42-1760992141859,0,9,135,0.197947,1,13,2,22,2,4,5264,981,0.000000,1.742000,4.266000,4.068000,0.091603,0
_home_max_Documents_PhD_MAPF_LNS_MAPF_LNS_SAT_mapf-map_room-32-32-4_map-_home_max_Documents_PhD_MAPF_LNS_MAPF_LNS_SAT_mapf-scen-even_scen-even_room-32-32-4-even-2_scen-agents20-idx0-seed42-1760992141859,0,10,164,0.240469,1,14,1,23,5,14,99111,8071,0.003000,40.330000,58.888000,57.590000,2.200630,1
_home_max_Documents_PhD_MAPF_LNS_MAPF_LNS_SAT_mapf-map_room-32-32-4_map-_home_max_Documents_PhD_MAPF_LNS_MAPF_LNS_SAT_mapf-scen-even_scen-even_room-32-32-4-even-2_scen-agents20-idx0-seed42-1760992141859,0,0,5,0.007331,1,2,13,15,2,3,28,15,0.000000,0.013000,0.045000,0.030000,0.002553,1
_home_max_Documents_PhD_MAPF_LNS_MAPF_LNS_SAT_mapf-map_room-32-32-4_map-_home_max_Documents_PhD_MAPF_LNS_MAPF_LNS_SAT_mapf-scen-even_scen-even_room-32-32-4-even-2_scen-agents20-idx0-seed42-1760992141859,0,0,5,0.007331,1,2,14,16,4,7,182,70,0.000000,0.058000,0.143000,0.119000,0.005022,0
_home_max_Documents_PhD_MAPF_LNS_MAPF_LNS_SAT_mapf-map_room-32-32-4_map-_home_max_Documents_PhD_MAPF_LNS_MAPF_LNS_SAT_mapf-scen-even_scen-even_room-32-32-4-even-2_scen-agents20-idx0-seed42-1760992141859,0,1,10,0.014663,1,2,13,17,5,10,945,246,0.000000,0.289000,0.538000,0.491000,0.035955,0
_home_max_Documents_PhD_MAPF_LNS_MAPF_LNS_SAT_mapf-map_room-32-32-4_map-_home_max_Documents_PhD_MAPF_LNS_MAPF_LNS_SAT_mapf-scen-even_scen-even_room-32-32-4-even-2_scen-agents20-idx0-seed42-1760992141859,0,2,16,0.023460,1,3,12,18,5,25,1917,392,0.000000,0.566000,1.451000,1.190000,0.305904,1
_home_max_Documents_PhD_MAPF_LNS_MAPF_LNS_SAT_mapf-map_room-32-32-4_map-_home_max_Documents_PhD_MAPF_LNS_MAPF_LNS_SAT_mapf-scen-even_scen-even_room-32-32-4-even-2_scen-agents20-idx0-seed42-1760992141859,0,0,8,0.011730,1,3,17,19,3,7,121,45,0.000000,0.042000,0.130000,0.093000,0.009161,1
_home_max_Documents_PhD_MAPF_LNS_MAPF_LNS_SAT_mapf-map_room-32-32-4_map-_home_max_Documents_PhD_MAPF_LNS_MAPF_LNS_SAT_mapf-scen-even_scen-even_room-32-32-4-even-2_scen-agents20-idx0-seed42-1760992141859,0,0,5,0.007331,1,2,18,20,2,3,28,15,0.000000,0.009000,0.036000,0.024000,0.001696,1
_home_max_Documents_PhD_MAPF_LNS_MAPF_LNS_SAT_mapf-map_room-32-32-4_map-_home_max_Documents_PhD_MAPF_LNS_MAPF_LNS_SAT_mapf-scen-even_scen-even_room-32-32-4-even-2_scen-agents20-idx0-seed42-1760992141859,0,0,7,0.010264,1,2,24,26,3,7,83,36,0.000000,0.027000,0.099000,0.067000,0.006501,1
_home_max_Documents_PhD_MAPF_LNS_MAPF_LNS_SAT_mapf-map_room-32-32-4_map-_home_max_Documents_PhD_MAPF_LNS_MAPF_LNS_SAT_mapf-scen-even_scen-even_room-32-32-4-even-2_scen-agents20-idx0-seed42-1760992141859,0,0,5,0.007331,1,3,24,26,2,3,30,17,0.000000,0.012000,0.037000,0.024000,0.001775,1
_home_max_Documents_PhD_MAPF_LNS_MAPF_LNS_SAT_mapf-map_room-32-32-4_map-_home_max_Documents_PhD_MAPF_LNS_MAPF_LNS_SAT_mapf-scen-even_scen-even_room-32-32-4-even-2_scen-agents20-idx0-seed42-1760992141859,0,0,5,0.007331,1,2,28,30,2,3,29,16,0.000000,0.011000,0.034000,0.021000,0.001400,1
_home_max_Documents_PhD_MAPF_LNS_MAPF_LNS_SAT_mapf-map_room-32-32-4_map-_home_max_Documents_PhD_MAPF_LNS_MAPF_LNS_SAT_mapf-scen-even_scen-even_room-32-32-4-even-2_scen-agents20-idx0-seed42-1760992141859,0,0,5,0.007331,1,2,33,35,1,2,25,10,0.000000,0.008000,0.034000,0.022000,0.001890,1
_home_max_Documents_PhD_MAPF_LNS_MAPF_LNS_SAT_mapf-map_room-32-32-4_map-_home_max_Documents_PhD_MAPF_LNS_MAPF_LNS_SAT_mapf-scen-even_scen-even_room-32-32-4-even-2_scen-agents20-idx0-seed42-1760992141859,0,0,7,0.010264,1,2,41,43,3,7,101,41,0.000000,0.036000,0.104000,0.075000,0.007278,0
_home_max_Documents_PhD_MAPF_LNS_MAPF_LNS_SAT_mapf-map_room-32-32-4_map-_home_max_Documents_PhD_MAPF_LNS_MAPF_LNS_SAT_mapf-scen-even_scen-even_room-32-32-4-even-2_scen-agents20-idx0-seed42-1760992141859,0,1,15,0.021994,1,2,40,44,3,7,181,67,0.000000,0.060000,0.154000,0.121000,0.011434,0
_home_max_Documents_PhD_MAPF_LNS_MAPF_LNS_SAT_mapf-map_room-32-32-4_map-_home_max_Documents_PhD_MAPF_LNS_MAPF_LNS_SAT_mapf-scen-even_scen-even_room-32-32-4-even-2_scen-agents20-idx0-seed42-1760992141859,0,2,22,0.032258,1,2,39,45,3,7,341,107,0.000000,0.121000,0.241000,0.202000,0.020393,0
_home_max_Documents_PhD_MAPF_LNS_MAPF_LNS_SAT_mapf-map_room-32-32-4_map-_home_max_Documents_PhD_MAPF_LNS_MAPF_LNS_SAT_mapf-scen-even_scen-even_room-32-32-4-even-2_scen-agents20-idx0-seed42-1760992141859,0,3,31,0.045455,1,2,38,46,3,7,449,139,0.000000,0.154000,0.295000,0.253000,0.027757,0
_home_max_Documents_PhD_MAPF_LNS_MAPF_LNS_SAT_mapf-map_room-32-32-4_map-_home_max_Documents_PhD_MAPF_LNS_MAPF_LNS_SAT_mapf-scen-even_scen-even_room-32-32-4-even-2_scen-agents20-idx0-seed42-1760992141859,0,4,38,0.055718,1,2,37,47,3,6,916,231,0.000000,0.283000,0.511000,0.464000,0.034469,1
_home_max_Documents_PhD_MAPF_LNS_MAPF_LNS_SAT_mapf-map_room-32-32-4_map-_home_max_Documents_PhD_MAPF_LNS_MAPF_LNS_SAT_mapf-scen-even_scen-even_room-32-32-4-even-2_scen-agents20-idx1-seed42-1760992142057,0,0,6,0.008798,1,2,0,2,2,4,33,17,0.000000,0.023000,0.213000,0.165000,0.022680,1
_home_max_Documents_PhD_MAPF_LNS_MAPF_LNS_SAT_mapf-map_room-32-32-4_map-_home_max_Documents_PhD_MAPF_LNS_MAPF_LNS_SAT_mapf-scen-even_scen-even_room-32-32-4-even-2_scen-agents20-idx1-seed42-1760992142057,0,0,7,0.010264,3,2,1,5,2,3,54,25,0.001000,0.027000,0.148000,0.107000,0.007916,1
_home_max_Documents_PhD_MAPF_LNS_MAPF_LNS_SAT_mapf-map_room-32-32-4_map-_home_max_Documents_PhD_MAPF_LNS_MAPF_LNS_SAT_mapf-scen-even_scen-even_room-32-32-4-even-2_scen-agents20-idx1-seed42-1760992142057,0,0,9,0.013196,1,2,8,10,3,7,166,50,0.000000,0.073000,0.257000,0.200000,0.022066,1
_home_max_Documents_PhD_MAPF_LNS_MAPF_LNS_SAT_mapf-map_room-32-32-4_map-_home_max_Documents_PhD_MAPF_LNS_MAPF_LNS_SAT_mapf-scen-even_scen-even_room-32-32-4-even-2_scen-agents20-idx1-seed42-1760992142057,0,0,9,0.013196,1,2,9,11,3,5,92,38,0.000000,0.047000,0.177000,0.136000,0.011067,1
_home_max_Documents_PhD_MAPF_LNS_MAPF_LNS_SAT_mapf-map_room-32-32-4_map-_home_max_Documents_PhD_MAPF_LNS_MAPF_LNS_SAT_mapf-scen-even_scen-even_room-32-32-4-even-2_scen-agents20-idx1-seed42-1760992142057,0,0,7,0.010264,1,2,10,12,4,15,228,85,0.000000,0.107000,0.499000,0.342000,0.069353,1
_home_max_Documents_PhD_MAPF_LNS_MAPF_LNS_SAT_mapf-map_room-32-32-4_map-_home_max_Documents_PhD_MAPF_LNS_MAPF_LNS_SAT_mapf-scen-even_scen-even_room-32-32-4-even-2_scen-agents20-idx1-seed42-1760992142057,0,0,9,0.013196,1,2,11,13,4,8,353,101,0.000000,0.248000,0.536000,0.469000,0.028805,1
_home_max_Documents_PhD_MAPF_LNS_MAPF_LNS_SAT_mapf-map_room-32-32-4_map-_home_max_Documents_PhD_MAPF_LNS_MAPF_LNS_SAT_mapf-scen-even_scen-even_room-32-32-4-even-2_scen-agents20-idx1-seed42-1760992142057,0,0,9,0.013196,1,2,11,13,4,8,353,101,0.000000,0.151000,0.430000,0.359000,0.037212,1
_home_max_Documents_PhD_MAPF_LNS_MAPF_LNS_SAT_mapf-map_room-32-32-4_map-_home_max_Documents_PhD_MAPF_LNS_MAPF_LNS_SAT_mapf-scen-even_scen-even_room-32-32-4-even-2_scen-agents20-idx1-seed42-1760992142057,0,0,7,0.010264,1,3,17,19,1,1,13,8,0.000000,0.010000,0.031000,0.021000,0.001743,1
_home_max_Documents_PhD_MAPF_LNS_MAPF_LNS_SAT_mapf-map_room-32-32-4_map-_home_max_Documents_PhD_MAPF_LNS_MAPF_LNS_SAT_mapf-scen-even_scen-even_room-32-32-4-even-2_scen-agents20-idx1-seed42-1760992142057,0,0,48,0.070381,27,6,19,39,4,14,5468,1266,0.001000,3.371000,4.732000,4.260000,0.508261,0
_home_max_Documents_PhD_MAPF_LNS_MAPF_LNS_SAT_mapf-map_room-32-32-4_map-_home_max_Documents_PhD_MAPF_LNS_MAPF_LNS_SAT_mapf-scen-even_scen-even_room-32-32-4-even-2_scen-agents20-idx1-seed42-1760992142057,0,1,65,0.095308,27,8,18,40,4,14,7769,1681,0.000000,2.927000,6.238000,5.614000,0.930212,0
_home_max_Documents_PhD_MAPF_LNS_MAPF_LNS_SAT_mapf-map_room-32-32-4_map-_home_max_Documents_PhD_MAPF_LNS_MAPF_LNS_SAT_mapf-scen-even_scen-even_room-32-32-4-even-2_scen-agents20-idx1-seed42-1760992142057,0,2,95,0.139296,28,10,17,41,4,14,131982,7197,0.002000,45.135000,101.830000,100.789000,2.629729,0
_home_max_Documents_PhD_MAPF_LNS_MAPF_LNS_SAT_mapf-map_room-32-32-4_map-_home_max_Documents_PhD_MAPF_LNS_MAPF_LNS_SAT_mapf-scen-even_scen-even_room-32-32-4-even-2_scen-agents20-idx1-seed42-1760992142057,0,3,113,0.165689,28,10,16,42,4,9,214062,8992,0.001000,76.753000,130.530000,129.580000,2.206882,1
_home_max_Documents_PhD_MAPF_LNS_MAPF_LNS_SAT_mapf-map_room-32-32-4_map-_home_max_Documents_PhD_MAPF_LNS_MAPF_LNS_SAT_mapf-scen-even_scen-even_room-32-32-4-even-2_scen-agents20-idx1-seed42-1760992142057,0,0,4,0.005865,1,2,44,46,1,2,20,9,0.000000,0.011000,0.046000,0.031000,0.003303,1
_home_max_Documents_PhD_MAPF_LNS_MAPF_LNS_SAT_mapf-map_room-32-32-4_map-_home_max_Documents_PhD_MAPF_LNS_MAPF_LNS_SAT_mapf-scen-even_scen-even_room-32-32-4-even-2_scen-agents20-idx2-seed42-1760992142507,0,0,7,0.010264,3,2,0,4,2,3,54,25,0.000000,0.018000,0.102000,0.079000,0.010802,1
_home_max_Documents_PhD_MAPF_LNS_MAPF_LNS_SAT_mapf-map_room-32-32-4_map-_home_max_Documents_PhD_MAPF_LNS_MAPF_LNS_SAT_mapf-scen-even_scen-even_room-32-32-4-even-2_scen-agents20-idx2-seed42-1760992142507,0,0,5,0.007331,1,2,2,4,2,3,28,15,0.000000,0.009000,0.040000,0.026000,0.001591,1
_home_max_Documents_PhD_MAPF_LNS_MAPF_LNS_SAT_mapf-map_room-32-32-4_map-_home_max_Documents_PhD_MAPF_LNS_MAPF_LNS_SAT_mapf-scen-even_scen-even_room-32-32-4-even-2_scen-agents20-idx2-seed42-1760992142507,0,0,11,0.016129,4,2,3,8,2,3,64,30,0.000000,0.019000,0.056000,0.040000,0.001891,1
_home_max_Documents_PhD_MAPF_LNS_MAPF_LNS_SAT_mapf-map_room-32-32-4_map-_home_max_Documents_PhD_MAPF_LNS_MAPF_LNS_SAT_mapf-scen-even_scen-even_room-32-32-4-even-2_scen-agents20-idx2-seed42-1760992142507,0,0,8,0.011730,1,2,3,5,3,7,149,49,0.000000,0.041000,0.147000,0.116000,0.010357,1
_home_max_Documents_PhD_MAPF_LNS_MAPF_LNS_SAT_mapf-map_room-32-32-4_map-_home_max_Documents_PhD_MAPF_LNS_MAPF_LNS_SAT_mapf-scen-even_scen-even_room-32-32-4-even-2_scen-agents20-idx2-seed42-1760992142507,0,0,9,0.013196,1,4,4,6,4,13,421,128,0.000000,0.117000,0.373000,0.283000,0.041016,1
_home_max_Documents_PhD_MAPF_LNS_MAPF_LNS_SAT_mapf-map_room-32-32-4_map-_home_max_Documents_PhD_MAPF_LNS_MAPF_LNS_SAT_mapf-scen-even_scen-even_room-32-32-4-even-2_scen-agents20-idx2-seed42-1760992142507,0,0,9,0.013196,3,3,7,11,2,3,57,29,0.000000,0.019000,0.056000,0.038000,0.002094,1
_home_max_Documents_PhD_MAPF_LNS_MAPF_LNS_SAT_mapf-map_room-32-32-4_map-_home_max_Documents_PhD_MAPF_LNS_MAPF_LNS_SAT_mapf-scen-even_scen-even_room-32-32-4-even-2_scen-agents20-idx2-seed42-1760992142507,0,0,9,0.013196,1,2,12,14,3,6,121,45,0.000000,0.035000,0.117000,0.087000,0.006594,1
_home_max_Documents_PhD_MAPF_LNS_MAPF_LNS_SAT_mapf-map_room-32-32-4_map-_home_max_Documents_PhD_MAPF_LNS_MAPF_LNS_SAT_mapf-scen-even_scen-even_room-32-32-4-even-2_scen-agents20-idx2-seed42-1760992142507,0,0,8,0.011730,1,3,12,14,3,5,101,44,0.000000,0.032000,0.092000,0.070000,0.004120,1
_home_max_Documents_PhD_MAPF_LNS_MAPF_LNS_SAT_mapf-map_room-32-32-4_map-_home_max_Documents_PhD_MAPF_LNS_MAPF_LNS_SAT_mapf-scen-even_scen-even_room-32-32-4-even-2_scen-agents20-idx2-seed42-1760992142507,0,0,7,0.010264,1,3,14,16,3,5,88,43,0.000000,0.034000,0.089000,0.065000,0.003994,1
_home_max_Documents_PhD_MAPF_LNS_MAPF_LNS_SAT_mapf-map_room-32-32-4_map-_home_max_Documents_PhD_MAPF_LNS_MAPF_LNS_SAT_mapf-scen-even_scen-even_room-32-32-4-even-2_scen-agents20-idx2-seed42-1760992142507,0,0,9,0.013196,1,4,17,19,3,5,100,46,0.000000,0.038000,0.094000,0.070000,0.004242,1
_home_max_Documents_PhD_MAPF_LNS_MAPF_LNS_SAT_mapf-map_room-32-32-4_map-_home_max_Documents_PhD_MAPF_LNS_MAPF_LNS_SAT_mapf-scen-even_scen-even_room-32-32-4-even-2_scen-agents20-idx2-seed42-1760992142507,0,0,7,0.010264,1,2,18,20,1,2,13,7,0.000000,0.004000,0.033000,0.016000,0.000944,1
_home_max_Documents_PhD_MAPF_LNS_MAPF_LNS_SAT_mapf-map_room-32-32-4_map-_home_max_Documents_PhD_MAPF_LNS_MAPF_LNS_SAT_mapf-scen-even_scen-even_room-32-32-4-even-2_scen-agents20-idx2-seed42-1760992142507,0,0,5,0.007331,1,2,26,28,1,1,24,10,0.000000,0.007000,0.025000,0.019000,0.001423,1
_home_max_Documents_PhD_MAPF_LNS_MAPF_LNS_SAT_mapf-map_room-32-32-4_map-_home_max_Documents_PhD_MAPF_LNS_MAPF_LNS_SAT_mapf-scen-even_scen-even_room-32-32-4-even-2_scen-agents20-idx2-seed42-1760992142507,0,0,5,0.007331,1,2,30,32,1,2,25,10,0.000000,0.007000,0.032000,0.021000,0.001545,1
_home_max_Documents_PhD_MAPF_LNS_MAPF_LNS_SAT_mapf-map_room-32-32-4_map-_home_max_Documents_PhD_MAPF_LNS_MAPF_LNS_SAT_mapf-scen-even_scen-even_room-32-32-4-even-2_scen-agents20-idx2-seed42-1760992142507,0,0,4,0.005865,1,2,41,43,1,4,22,9,0.000000,0.006000,0.044000,0.024000,0.001832,1
_home_max_Documents_PhD_MAPF_LNS_MAPF_LNS_SAT_mapf-map_room-32-32-4_map-_home_max_Documents_PhD_MAPF_LNS_MAPF_LNS_SAT_mapf-scen-even_scen-even_room-32-32-4-even-2_scen-agents20-idx3-seed42-1760992142561,0,0,12,0.017595,6,2,1,8,2,3,109,50,0.000000,0.039000,0.121000,0.099000,0.017154,1
_home_max_Documents_PhD_MAPF_LNS_MAPF_LNS_SAT_mapf-map_room-32-32-4_map-_home_max_Documents_PhD_MAPF_LNS_MAPF_LNS_SAT_mapf-scen-even_scen-even_room-32-32-4-even-2_scen-agents20-idx3-seed42-1760992142561,0,0,9,0.013196,1,2,2,4,3,5,92,38,0.000000,0.027000,0.090000,0.068000,0.004619,1
_home_max_Documents_PhD_MAPF_LNS_MAPF_LNS_SAT_mapf-map_room-32-32-4_map-_home_max_Documents_PhD_MAPF_LNS_MAPF_LNS_SAT_mapf-scen-even_scen-even_room-32-32-4-even-2_scen-agents20-idx3-seed42-1760992142561,0,0,5,0.007331,1,2,8,10,3,5,69,32,0.000000,0.022000,0.076000,0.056000,0.003975,1
_home_max_Documents_PhD_MAPF_LNS_MAPF_LNS_SAT_mapf-map_room-32-32-4_map-_home_max_Documents_PhD_MAPF_LNS_MAPF_LNS_SAT_mapf-scen-even_scen-even_room-32-32-4-even-2_scen-agents20-idx3-seed42-1760992142561,0,0,9,0.013196,1,2,14,16,3,7,95,39,0.000000,0.028000,0.109000,0.076000,0.007809,1
_home_max_Documents_PhD_MAPF_LNS_MAPF_LNS_SAT_mapf-map_room-32-32-4_map-_home_max_Documents_PhD_MAPF_LNS_MAPF_LNS_SAT_mapf-scen-even_scen-even_room-32-32-4-even-2_scen-agents20-idx3-seed42-1760992142561,0,0,5,0.007331,1,2,14,16,1,1,24,10,0.000000,0.007000,0.025000,0.019000,0.001504,1
_home_max_Documents_PhD_MAPF_LNS_MAPF_LNS_SAT_mapf-map_room-32-32-4_map-_home_max_Documents_PhD_MAPF_LNS_MAPF_LNS_SAT_mapf-scen-even_scen-even_room-32-32-4-even-2_scen-agents20-idx3-seed42-1760992142561,0,0,4,0.005865,1,2,15,17,4,7,144,61,0.000000,0.046000,0.120000,0.096000,0.005168,0
_home_max_Documents_PhD_MAPF_LNS_MAPF_LNS_SAT_mapf-map_room-32-32-4_map-_home_max_Documents_PhD_MAPF_LNS_MAPF_LNS_SAT_mapf-scen-even_scen-even_room-32-32-4-even-2_scen-agents20-idx3-seed42-1760992142561,0,1,9,0.013196,1,2,14,18,3,6,138,56,0.000000,0.045000,0.135000,0.105000,0.012006,1
_home_max_Documents_PhD_MAPF_LNS_MAPF_LNS_SAT_mapf-map_room-32-32-4_map-_home_max_Documents_PhD_MAPF_LNS_MAPF_LNS_SAT_mapf-scen-even_scen-even_room-32-32-4-even-2_scen-agents20-idx3-seed42-1760992142561,0,0,8,0.011730,1,2,20,22,1,2,15,8,0.000000,0.005000,0.027000,0.017000,0.001416,1
_home_max_Documents_PhD_MAPF_LNS_MAPF_LNS_SAT_mapf-map_room-32-32-4_map-_home_max_Documents_PhD_MAPF_LNS_MAPF_LNS_SAT_mapf-scen-even_scen-even_room-32-32-4-even-2_scen-agents20-idx3-seed42-1760992142561,0,0,9,0.013196,1,2,23,25,3,7,122,45,0.000000,0.038000,0.127000,0.093000,0.009640,1
_home_max_Documents_PhD_MAPF_LNS_MAPF_LNS_SAT_mapf-map_room-32-32-4_map-_home_max_Documents_PhD_MAPF_LNS_MAPF_LNS_SAT_mapf-scen-even_scen-even_room-32-32-4-even-2_scen-agents20-idx3-seed42-1760992142561,0,0,8,0.011730,1,2,27,29,3,7,119,43,0.000000,0.039000,0.125000,0.090000,0.008674,1
_home_max_Documents_PhD_MAPF_LNS_MAPF_LNS_SAT_mapf-map_room-32-32-4_map-_home_max_Documents_PhD_MAPF_LNS_MAPF_LNS_SAT_mapf-scen-even_scen-even_room-32-32-4-even-2_scen-agents20-idx3-seed42-1760992142561,0,0,8,0.011730,1,2,31,33,3,7,118,42,0.000000,0.038000,0.121000,0.088000,0.007941,1
_home_max_Documents_PhD_MAPF_LNS_MAPF_LNS_SAT_mapf-map_room-32-32-4_map-_home_max_Documents_PhD_MAPF_LNS_MAPF_LNS_SAT_mapf-scen-even_scen-even_room-32-32-4-even-2_scen-agents20-idx3-seed42-1760992142561,0,0,5,0.007331,1,2,32,34,1,1,24,10,0.000000,0.008000,0.025000,0.020000,0.001346,1
_home_max_Documents_PhD_MAPF_LNS_MAPF_LNS_SAT_mapf-map_room-32-32-4_map-_home_max_Documents_PhD_MAPF_LNS_MAPF_LNS_SAT_mapf-scen-even_scen-even_room-32-32-4-even-2_scen-agents20-idx3-seed42-1760992142561,0,0,5,0.007331,1,2,50,52,1,3,26,10,0.000000,0.008000,0.046000,0.026000,0.002024,1
_home_max_Documents_PhD_MAPF_LNS_MAPF_LNS_SAT_mapf-map_room-32-32-4_map-_home_max_Documents_PhD_MAPF_LNS_MAPF_LNS_SAT_mapf-scen-even_scen-even_room-32-32-4-even-2_scen-agents20-idx4-seed42-1760992142610,0,0,4,0.005865,1,2,3,5,3,6,88,37,0.000000,0.029000,0.121000,0.095000,0.011964,0
_home_max_Documents_PhD_MAPF_LNS_MAPF_LNS_SAT_mapf-map_room-32-32-4_map-_home_max_Documents_PhD_MAPF_LNS_MAPF_LNS_SAT_mapf-scen-even_scen-even_room-32-32-4-even-2_scen-agents20-idx4-seed42-1760992142610,0,1,8,0.011730,1,2,2,6,1,3,40,17,0.000000,0.012000,0.056000,0.037000,0.005797,1
_home_max_Documents_PhD_MAPF_LNS_MAPF_LNS_SAT_mapf-map_room-32-32-4_map-_home_max_Documents_PhD_MAPF_LNS_MAPF_LNS_SAT_mapf-scen-even_scen-even_room-32-32-4-even-2_scen-agents20-idx4-seed42-1760992142610,0,0,7,0.010264,3,4,12,16,5,17,1463,414,0.000000,0.477000,0.987000,0.814000,0.131594,1
_home_max_Documents_PhD_MAPF_LNS_MAPF_LNS_SAT_mapf-map_room-32-32-4_map-_home_max_Documents_PhD_MAPF_LNS_MAPF_LNS_SAT_mapf-scen-even_scen-even_room-32-32-4-even-2_scen-agents20-idx4-seed42-1760992142610,0,0,9,0.013196,5,5,13,17,4,7,967,277,0.000000,0.302000,0.492000,0.448000,0.015849,0
_home_max_Documents_PhD_MAPF_LNS_MAPF_LNS_SAT_mapf-map_room-32-32-4_map-_home_max_Documents_PhD_MAPF_LNS_MAPF_LNS_SAT_mapf-scen-even_scen-even_room-32-32-4-even-2_scen-agents20-idx4-seed42-1760992142610,0,1,16,0.023460,5,5,12,18,5,13,5098,936,0.000000,1.480000,2.514000,2.343000,0.170843,1
_home_max_Documents_PhD_MAPF_LNS_MAPF_LNS_SAT_mapf-map_room-32-32-4_map-_home_max_Documents_PhD_MAPF_LNS_MAPF_LNS_SAT_mapf-scen-even_scen-even_room-32-32-4-even-2_scen-agents20-idx4-seed42-1760992142610,0,0,9,0.013196,2,4,18,20,4,9,401,127,0.000000,0.137000,0.297000,0.237000,0.017803,1
_home_max_Documents_PhD_MAPF_LNS_MAPF_LNS_SAT_mapf-map_room-32-32-4_map-_home_max_Documents_PhD_MAPF_LNS_MAPF_LNS_SAT_mapf-scen-even_scen-even_room-32-32-4-even-2_scen-agents20-idx4-seed42-1760992142610,0,0,9,0.013196,1,3,18,20,6,12,2365,573,0.000000,0.714000,1.196000,1.111000,0.065745,0
_home_max_Documents_PhD_MAPF_LNS_MAPF_LNS_SAT_mapf-map_room-32-32-4_map-_home_max_Documents_PhD_MAPF_LNS_MAPF_LNS_SAT_mapf-scen-even_scen-even_room-32-32-4-even-2_scen-agents20-idx4-seed42-1760992142610,0,1,15,0.021994,1,5,17,21,4,11,1012,262,0.000000,0.358000,0.657000,0.557000,0.071903,0
_home_max_Documents_PhD_MAPF_LNS_MAPF_LNS_SAT_mapf-map_room-32-32-4_map-_home_max_Documents_PhD_MAPF_LNS_MAPF_LNS_SAT_mapf-scen-even_scen-even_room-32-32-4-even-2_scen-agents20-idx4-seed42-1760992142610,0,2,20,0.029326,1,5,16,22,4,11,2006,485,0.000000,0.697000,1.110000,0.999000,0.119880,0
_home_max_Documents_PhD_MAPF_LNS_MAPF_LNS_SAT_mapf-map_room-32-32-4_map-_home_max_Documents_PhD_MAPF_LNS_MAPF_LNS_SAT_mapf-scen-even_scen-even_room-32-32-4-even-2_scen-agents20-idx4-seed42-1760992142610,0,3,24,0.035191,1,5,15,23,4,11,3551,761,0.000000,1.259000,1.844000,1.697000,0.176466,0
_home_max_Documents_PhD_MAPF_LNS_MAPF_LNS_SAT_mapf-map_room-32-32-4_map-_home_max_Documents_PhD_MAPF_LNS_MAPF_LNS_SAT_mapf-scen-even_scen-even_room-32-32-4-even-2_scen-agents20-idx4-seed42-1760992142610,0,4,30,0.043988,1,6,14,24,8,16,66084,7203,0.003000,25.712000,51.928000,51.295000,0.973779,0
_home_max_Documents_PhD_MAPF_LNS_MAPF_LNS_SAT_mapf-map_room-32-32-4_map-_home_max_Documents_PhD_MAPF_LNS_MAPF_LNS_SAT_mapf-scen-even_scen-even_room-32-32-4-even-2_scen-agents20-idx4-seed42-1760992142610,0,5,41,0.060117,1,7,13,25,5,19,26865,3317,0.000000,11.378000,15.755000,15.136000,1.167403,1
_home_max_Documents_PhD_MAPF_LNS_MAPF_LNS_SAT_mapf-map_room-32-32-4_map-_home_max_Documents_PhD_MAPF_LNS_MAPF_LNS_SAT_mapf-scen-even_scen-even_room-32-32-4-even-2_scen-agents20-idx4-seed42-1760992142610,0,0,9,0.013196,1,2,22,24,4,14,292,97,0.000000,0.087000,0.296000,0.220000,0.040194,1
_home_max_Documents_PhD_MAPF_LNS_MAPF_LNS_SAT_mapf-map_room-32-32-4_map-_home_max_Documents_PhD_MAPF_LNS_MAPF_LNS_SAT_mapf-scen-even_scen-even_room-32-32-4-even-2_scen-agents20-idx4-seed42-1760992142610,0,0,8,0.011730,2,2,33,36,1,2,33,14,0.000000,0.013000,0.038000,0.026000,0.002033,1
_home_max_Documents_PhD_MAPF_LNS_MAPF_LNS_SAT_mapf-map_room-32-32-4_map-_home_max_Documents_PhD_MAPF_LNS_MAPF_LNS_SAT_mapf-scen-even_scen-even_room-32-32-4-even-2_scen-agents20-idx4-seed42-1760992142610,0,0,8,0.011730,3,2,36,40,2,3,52,25,0.000000,0.019000,0.049000,0.035000,0.002770,1
_home_max_Documents_PhD_MAPF_LNS_MAPF_LNS_SAT_mapf-map_room-32-32-4_map-_home_max_Documents_PhD_MAPF_LNS_MAPF_LNS_SAT_mapf-scen-even_scen-even_room-32-32-4-even-2_scen-agents20-idx4-seed42-1760992142610,0,0,5,0.007331,1,2,38,40,1,1,24,10,0.000000,0.008000,0.022000,0.017000,0.001374,1
_home_max_Documents_PhD_MAPF_LNS_MAPF_LNS_SAT_mapf-map_room-32-32-4_map-_home_max_Documents_PhD_MAPF_LNS_MAPF_LNS_SAT_mapf-scen-even_scen-even_room-32-32-4-even-2_scen-agents20-idx4-seed42-1760992142610,0,0,4,0.005865,1,2,42,44,1,2,20,9,0.000000,0.006000,0.028000,0.018000,0.001545,1
_home_max_Documents_PhD_MAPF_LNS_MAPF_LNS_SAT_mapf-map_room-32-32-4_map-_home_max_Documents_PhD_MAPF_LNS_MAPF_LNS_SAT_mapf-scen-even_scen-even_room-32-32-4-even-2_scen-agents20-idx4-seed42-1760992142610,0,0,4,0.005865,1,2,46,48,1,1,19,9,0.000000,0.006000,0.018000,0.014000,0.000892,1
_home_max_Documents_PhD_MAPF_LNS_MAPF_LNS_SAT_mapf-map_room-32-32-4_map-_home_max_Documents_PhD_MAPF_LNS_MAPF_LNS_SAT_mapf-scen-even_scen-even_room-32-32-4-even-2_scen-agents20-idx5-seed42-1760992142810,0,0,8,0.011730,1,2,0,1,4,8,250,75,0.000000,0.077000,0.284000,0.238000,0.020834,1
_home_max_Documents_PhD_MAPF_LNS_MAPF_LNS_SAT_mapf-map_room-32-32-4_map-_home_max_Documents_PhD_MAPF_LNS_MAPF_LNS_SAT_mapf-scen-even_scen-even_room-32-32-4-even-2_scen-agents20-idx5-seed42-1760992142810,0,0,7,0.010264,3,3,0,4,2,3,56,27,0.000000,0.017000,0.067000,0.048000,0.002240,1
_home_max_Documents_PhD_MAPF_LNS_MAPF_LNS_SAT_mapf-map_room-32-32-4_map-_home_max_Documents_PhD_MAPF_LNS_MAPF_LNS_SAT_mapf-scen-even_scen-even_room-32-32-4-even-2_scen-agents20-idx5-seed42-1760992142810,0,0,8,0.011730,3,3,6,10,3,5,176,70,0.000000,0.052000,0.137000,0.109000,0.008637,1
_home_max_Documents_PhD_MAPF_LNS_MAPF_LNS_SAT_mapf-map_room-32-32-4_map-_home_max_Documents_PhD_MAPF_LNS_MAPF_LNS_SAT_mapf-scen-even_scen-even_room-32-32-4-even-2_scen-agents20-idx5-seed42-1760992142810,0,0,9,0.013196,2,4,6,9,6,11,2392,603,0.000000,0.728000,1.607000,1.531000,0.046917,0
_home_max_Documents_PhD_MAPF_LNS_MAPF_LNS_SAT_mapf-map_room-32-32-4_map-_home_max_Documents_PhD_MAPF_LNS_MAPF_LNS_SAT_mapf-scen-even_scen-even_room-32-32-4-even-2_scen-agents20-idx5-seed42-1760992142810,0,1,16,0.023460,2,4,5,10,5,9,3356,660,0.000000,0.940000,1.944000,1.874000,0.035408,0
_home_max_Documents_PhD_MAPF_LNS_MAPF_LNS_SAT_mapf-map_room-32-32-4_map-_home_max_Documents_PhD_MAPF_LNS_MAPF_LNS_SAT_mapf-scen-even_scen-even_room-32-32-4-even-2_scen-agents20-idx5-seed42-1760992142810,0,2,22,0.032258,2,4,4,11,4,7,2305,512,0.000000,0.675000,1.080000,1.024000,0.026898,0
_home_max_Documents_PhD_MAPF_LNS_MAPF_LNS_SAT_mapf-map_room-32-32-4_map-_home_max_Documents_PhD_MAPF_LNS_MAPF_LNS_SAT_mapf-scen-even_scen-even_room-32-32-4-even-2_scen-agents20-idx5-seed42-1760992142810,0,3,27,0.039589,2,6,3,12,4,9,2847,644,0.000000,0.840000,1.739000,1.611000,0.089684,1
_home_max_Documents_PhD_MAPF_LNS_MAPF_LNS_SAT_mapf-map_room-32-32-4_map-_home_max_Documents_PhD_MAPF_LNS_MAPF_LNS_SAT_mapf-scen-even_scen-even_room-32-32-4-even-2_scen-agents20-idx5-seed42-1760992142810,0,0,6,0.008798,1,2,15,17,1,2,15,8,0.000000,0.007000,0.031000,0.019000,0.001557,1
_home_max_Documents_PhD_MAPF_LNS_MAPF_LNS_SAT_mapf-map_room-32-32-4_map-_home_max_Documents_PhD_MAPF_LNS_MAPF_LNS_SAT_mapf-scen-even_scen-even_room-32-32-4-even-2_scen-agents20-idx5-seed42-1760992142810,0,0,9,0.013196,3,5,21,24,3,5,243,96,0.000000,0.096000,0.163000,0.137000,0.003988,0
_home_max_Documents_PhD_MAPF_LNS_MAPF_LNS_SAT_mapf-map_room-32-32-4_map-_home_max_Documents_PhD_MAPF_LNS_MAPF_LNS_SAT_mapf-scen-even_scen-even_room-32-32-4-even-2_scen-agents20-idx5-seed42-1760992142810,0,1,15,0.021994,3,5,20,25,4,11,1153,326,0.000000,0.376000,0.739000,0.627000,0.077463,1
_home_max_Documents_PhD_MAPF_LNS_MAPF_LNS_SAT_mapf-map_room-32-32-4_map-_home_max_Documents_PhD_MAPF_LNS_MAPF_LNS_SAT_mapf-scen-even_scen-even_room-32-32-4-even-2_scen-agents20-idx5-seed42-1760992142810,0,0,5,0.007331,1,2,21,23,4,7,179,68,0.000000,0.058000,0.134000,0.109000,0.005446,0
_home_max_Documents_PhD_MAPF_LNS_MAPF_LNS_SAT_mapf-map_room-32-32-4_map-_home_max_Documents_PhD_MAPF_LNS_MAPF_LNS_SAT_mapf-scen-even_scen-even_room-32-32-4-even-2_scen-agents20-idx5-seed42-1760992142810,0,1,10,0.014663,1,2,20,24,5,10,890,218,0.000000,0.257000,0.497000,0.453000,0.029982,0
_home_max_Documents_PhD_MAPF_LNS_MAPF_LNS_SAT_mapf-map_room-32-32-4_map-_home_max_Documents_PhD_MAPF_LNS_MAPF_LNS_SAT_mapf-scen-even_scen-even_room-32-32-4-even-2_scen-agents20-idx5-seed42-1760992142810,0,2,16,0.023460,1,3,19,25,4,9,707,178,0.000000,0.228000,0.442000,0.378000,0.034203,1
_home_max_Documents_PhD_MAPF_LNS_MAPF_LNS_SAT_mapf-map_room-32-32-4_map-_home_max_Documents_PhD_MAPF_LNS_MAPF_LNS_SAT_mapf-scen-even_scen-even_room-32-32-4-even-2_scen-agents20-idx5-seed42-1760992142810,0,0,8,0.011730,1,3,24,26,3,6,102,46,0.000000,0.041000,0.122000,0.086000,0.008210,1
_home_max_Documents_PhD_MAPF_LNS_MAPF_LNS_SAT_mapf-map_room-32-32-4_map-_home_max_Documents_PhD_MAPF_LNS_MAPF_LNS_SAT_mapf-scen-even_scen-even_room-32-32-4-even-2_scen-agents20-idx5-seed42-1760992142810,0,0,8,0.011730,1,2,32,34,3,7,151,50,0.000000,0.045000,0.140000,0.108000,0.011341,1
_home_max_Documents_PhD_MAPF_LNS_MAPF_LNS_SAT_mapf-map_room-32-32-4_map-_home_max_Documents_PhD_MAPF_LNS_MAPF_LNS_SAT_mapf-scen-even_scen-even_room-32-32-4-even-2_scen-agents20-idx5-seed42-1760992142810,0,0,4,0.005865,1,2,36,38,1,2,20,9,0.000000,0.008000,0.031000,0.020000,0.001664,1
_home_max_Documents_PhD_MAPF_LNS_MAPF_LNS_SAT_mapf-map_room-32-32-4_map-_home_max_Documents_PhD_MAPF_LNS_MAPF_LNS_SAT_mapf-scen-even_scen-even_room-32-32-4-even-2_scen-agents20-idx5-seed42-1760992142810,0,0,8,0.011730,1,2,39,41,3,7,151,50,0.000000,0.044000,0.139000,0.106000,0.009950,1
_home_max_Documents_PhD_MAPF_LNS_MAPF_LNS_SAT_mapf-map_room-32-32-4_map-_home_max_Documents_PhD_MAPF_LNS_MAPF_LNS_SAT_mapf-scen-even_scen-even_room-32-32-4-even-2_scen-agents20-idx5-seed42-1760992142810,0,0,8,0.011730,1,2,41,43,3,7,148,48,0.000000,0.042000,0.128000,0.099000,0.010265,1
_home_max_Documents_PhD_MAPF_LNS_MAPF_LNS_SAT_mapf-map_room-32-32-4_map-_home_max_Documents_PhD_MAPF_LNS_MAPF_LNS_SAT_mapf-scen-even_scen-even_room-32-32-4-even-2_scen-agents20-idx5-seed42-1760992142810,0,0,8,0.011730,1,2,44,46,3,7,148,48,0.000000,0.040000,0.131000,0.098000,0.009633,1
_home_max_Documents_PhD_MAPF_LNS_MAPF_LNS_SAT_mapf-map_room-32-32-4_map-_home_max_Documents_PhD_MAPF_LNS_MAPF_LNS_SAT_mapf-scen-even_scen-even_room-32-32-4-even-2_scen-agents20-idx5-seed42-1760992142810,0,0,5,0.007331,1,2,46,48,1,2,25,10,0.000000,0.008000,0.036000,0.024000,0.001876,1
_home_max_Documents_PhD_MAPF_LNS_MAPF_LNS_SAT_mapf-map_room-32-32-4_map-_home_max_Documents_PhD_MAPF_LNS_MAPF_LNS_SAT_mapf-scen-even_scen-even_room-32-32-4-even-2_scen-agents20-idx5-seed42-1760992142810,0,0,5,0.007331,1,2,47,49,1,1,24,10,0.000000,0.008000,0.022000,0.018000,0.000950,1
_home_max_Documents_PhD_MAPF_LNS_MAPF_LNS_SAT_mapf-map_room-32-32-4_map-_home_max_Documents_PhD_MAPF_LNS_MAPF_LNS_SAT_mapf-scen-even_scen-even_room-32-32-4-even-2_scen-agents20-idx5-seed42-1760992142810,0,0,5,0.007331,1,3,52,54,1,2,32,14,0.000000,0.013000,0.038000,0.026000,0.001760,1
_home_max_Documents_PhD_MAPF_LNS_MAPF_LNS_SAT_mapf-map_room-32-32-4_map-_home_max_Documents_PhD_MAPF_LNS_MAPF_LNS_SAT_mapf-scen-even_scen-even_room-32-32-4-even-2_scen-agents20-idx5-seed42-1760992142810,0,0,4,0.005865,1,2,54,56,1,2,20,9,0.000000,0.007000,0.029000,0.019000,0.001231,1
_home_max_Documents_PhD_MAPF_LNS_MAPF_LNS_SAT_mapf-map_room-32-32-4_map-_home_max_Documents_PhD_MAPF_LNS_MAPF_LNS_SAT_mapf-scen-even_scen-even_room-32-32-4-even-3_scen-agents20-idx0-seed42-1760992142914,0,0,5,0.007331,1,2,7,9,3,6,70,32,0.000000,0.024000,0.134000,0.094000,0.012688,1
_home_max_Documents_PhD_MAPF_LNS_MAPF_LNS_SAT_mapf-map_room-32-32-4_map-_home_max_Documents_PhD_MAPF_LNS_MAPF_LNS_SAT_mapf-scen-even_scen-even_room-32-32-4-even-3_scen-agents20-idx0-seed42-1760992142914,0,0,5,0.007331,1,2,12,14,1,2,25,10,0.000000,0.009000,0.037000,0.025000,0.002191,1
_home_max_Documents_PhD_MAPF_LNS_MAPF_LNS_SAT_mapf-map_room-32-32-4_map-_home_max_Documents_PhD_MAPF_LNS_MAPF_LNS_SAT_mapf-scen-even_scen-even_room-32-32-4-even-3_scen-agents20-idx0-seed42-1760992142914,0,0,5,0.007331,1,2,12,14,1,3,26,10,0.000000,0.008000,0.047000,0.027000,0.001957,1
_home_max_Documents_PhD_MAPF_LNS_MAPF_LNS_SAT_mapf-map_room-32-32-4_map-_home_max_Documents_PhD_MAPF_LNS_MAPF_LNS_SAT_mapf-scen-even_scen-even_room-32-32-4-even-3_scen-agents20-idx0-seed42-1760992142914,0,0,4,0.005865,1,2,12,14,1,4,22,9,0.000000,0.006000,0.046000,0.026000,0.001600,1
_home_max_Documents_PhD_MAPF_LNS_MAPF_LNS_SAT_mapf-map_room-32-32-4_map-_home_max_Documents_PhD_MAPF_LNS_MAPF_LNS_SAT_mapf-scen-even_scen-even_room-32-32-4-even-3_scen-agents20-idx0-seed42-1760992142914,0,0,5,0.007331,1,2,16,18,1,1,24,10,0.000000,0.007000,0.022000,0.018000,0.001029,1
_home_max_Documents_PhD_MAPF_LNS_MAPF_LNS_SAT_mapf-map_room-32-32-4_map-_home_max_Documents_PhD_MAPF_LNS_MAPF_LNS_SAT_mapf-scen-even_scen-even_room-32-32-4-even-3_scen-agents20-idx0-seed42-1760992142914,0,0,5,0.007331,1,2,18,20,1,1,24,10,0.000000,0.007000,0.022000,0.017000,0.000802,1
_home_max_Documents_PhD_MAPF_LNS_MAPF_LNS_SAT_mapf-map_room-32-32-4_map-_home_max_Documents_PhD_MAPF_LNS_MAPF_LNS_SAT_mapf-scen-even_scen-even_room-32-32-4-even-3_scen-agents20-idx0-seed42-1760992142914,0,0,5,0.007331,1,2,21,23,1,1,24,10,0.000000,0.006000,0.023000,0.018000,0.000927,1
_home_max_Documents_PhD_MAPF_LNS_MAPF_LNS_SAT_mapf-map_room-32-32-4_map-_home_max_Documents_PhD_MAPF_LNS_MAPF_LNS_SAT_mapf-scen-even_scen-even_room-32-32-4-even-3_scen-agents20-idx0-seed42-1760992142914,0,0,5,0.007331,1,2,22,24,1,1,24,10,0.000000,0.006000,0.022000,0.016000,0.000869,1
_home_max_Documents_PhD_MAPF_LNS_MAPF_LNS_SAT_mapf-map_room-32-32-4_map-_home_max_Documents_PhD_MAPF_LNS_MAPF_LNS_SAT_mapf-scen-even_scen-even_room-32-32-4-even-3_scen-agents20-idx0-seed42-1760992142914,0,0,7,0.010264,1,2,25,27,2,4,31,16,0.000000,0.010000,0.040000,0.025000,0.001172,0
_home_max_Documents_PhD_MAPF_LNS_MAPF_LNS_SAT_mapf-map_room-32-32-4_map-_home_max_Documents_PhD_MAPF_LNS_MAPF_LNS_SAT_mapf-scen-even_scen-even_room-32-32-4-even-3_scen-agents20-idx0-seed42-1760992142914,0,1,12,0.017595,1,3,24,28,2,4,152,60,0.000000,0.056000,0.116000,0.093000,0.007530,0
_home_max_Documents_PhD_MAPF_LNS_MAPF_LNS_SAT_mapf-map_room-32-32-4_map-_home_max_Documents_PhD_MAPF_LNS_MAPF_LNS_SAT_mapf-scen-even_scen-even_room-32-32-4-even-3_scen-agents20-idx0-seed42-1760992142914,0,2,19,0.027859,1,3,23,29,2,4,441,117,0.000000,0.138000,0.243000,0.217000,0.013840,0
_home_max_Documents_PhD_MAPF_LNS_MAPF_LNS_SAT_mapf-map_room-32-32-4_map-_home_max_Documents_PhD_MAPF_LNS_MAPF_LNS_SAT_mapf-scen-even_scen-even_room-32-32-4-even-3_scen-agents20-idx0-seed42-1760992142914,0,3,27,0.039589,1,3,22,30,2,4,861,185,0.000000,0.237000,0.427000,0.386000,0.022516,0
_home_max_Documents_PhD_MAPF_LNS_MAPF_LNS_SAT_mapf-map_room-32-32-4_map-_home_max_Documents_PhD_MAPF_LNS_MAPF_LNS_SAT_mapf-scen-even_scen-even_room-32-32-4-even-3_scen-agents20-idx0-seed42-1760992142914,0,4,37,0.054252,1,3,21,31,2,4,1704,280,0.000000,0.432000,0.754000,0.706000,0.037369,0
_home_max_Documents_PhD_MAPF_LNS_MAPF_LNS_SAT_mapf-map_room-32-32-4_map-_home_max_Documents_PhD_MAPF_LNS_MAPF_LNS_SAT_mapf-scen-even_scen-even_room-32-32-4-even-3_scen-agents20-idx0-seed42-1760992142914,0,5,49,0.071848,1,3,20,32,2,4,3268,400,0.000000,0.774000,1.357000,1.303000,0.071520,0
_home_max_Documents_PhD_MAPF_LNS_MAPF_LNS_SAT_mapf-map_room-32-32-4_map-_home_max_Documents_PhD_MAPF_LNS_MAPF_LNS_SAT_mapf-scen-even_scen-even_room-32-32-4-even-3_scen-agents20-idx0-seed42-1760992142914,0,6,63,0.092375,1,4,19,33,2,4,7477,779,0.000000,1.762000,3.246000,3.052000,0.128609,0
_home_max_Documents_PhD_MAPF_LNS_MAPF_LNS_SAT_mapf-map_room-32-32-4_map-_home_max_Documents_PhD_MAPF_LNS_MAPF_LNS_SAT_mapf-scen-even_scen-even_room-32-32-4-even-3_scen-agents20-idx0-seed42-1760992142914,0,7,78,0.114370,1,5,18,34,2,4,17312,1549,0.000000,4.298000,6.973000,6.825000,0.234395,0
_home_max_Documents_PhD_MAPF_LNS_MAPF_LNS_SAT_mapf-map_room-32-32-4_map-_home_max_Documents_PhD_MAPF_LNS_MAPF_LNS_SAT_mapf-scen-even_scen-even_room-32-32-4-even-3_scen-agents20-idx0-seed42-1760992142914,0,8,93,0.136364,1,5,17,35,2,4,32550,2277,0.000000,8.802000,24.052000,23.830000,0.362303,0
_home_max_Documents_PhD_MAPF_LNS_MAPF_LNS_SAT_mapf-map_room-32-32-4_map-_home_max_Documents_PhD_MAPF_LNS_MAPF_LNS_SAT_mapf-scen-even_scen-even_room-32-32-4-even-3_scen-agents20-idx0-seed42-1760992142914,0,9,105,0.153959,1,6,16,36,2,4,54687,3079,0.000000,15.275000,40.949000,40.623000,0.556630,0
_home_max_Documents_PhD_MAPF_LNS_MAPF_LNS_SAT_mapf-map_room-32-32-4_map-_home_max_Documents_PhD_MAPF_LNS_MAPF_LNS_SAT_mapf-scen-even_scen-even_room-32-32-4-even-3_scen-agents20-idx0-seed42-1760992142914,0,10,121,0.177419,1,6,15,37,2,4,85245,3969,0.000000,25.125000,64.539000,64.046000,0.774191,0
_home_max_Documents_PhD_MAPF_LNS_MAPF_LNS_SAT_mapf-map_room-32-32-4_map-_home_max_Documents_PhD_MAPF_LNS_MAPF_LNS_SAT_mapf-scen-even_scen-even_room-32-32-4-even-3_scen-agents20-idx0-seed42-1760992142914,0,11,141,0.206745,1,8,14,38,2,4,144833,5988,0.001000,52.075000,110.157000,109.152000,1.278626,0
_home_max_Documents_PhD_MAPF_LNS_MAPF_LNS_SAT_mapf-map_room-32-32-4_map-_home_max_Documents_PhD_MAPF_LNS_MAPF_LNS_SAT_mapf-scen-even_scen-even_room-32-32-4-even-3_scen-agents20-idx0-seed42-1760992142914,0,12,165,0.241935,1,10,13,39,2,4,228660,8609,0.001000,92.483000,180.812000,179.277000,1.986630,0
_home_max_Documents_PhD_MAPF_LNS_MAPF_LNS_SAT_mapf-map_room-32-32-4_map-_home_max_Documents_PhD_MAPF_LNS_MAPF_LNS_SAT_mapf-scen-even_scen-even_room-32-32-4-even-3_scen-agents20-idx0-seed42-1760992142914,0,13,192,0.281525,1,10,12,40,2,4,345617,11056,0.001000,172.082000,296.525000,294.042000,2.964233,0
_home_max_Documents_PhD_MAPF_LNS_MAPF_LNS_SAT_mapf-map_room-32-32-4_map-_home_max_Documents_PhD_MAPF_LNS_MAPF_LNS_SAT_mapf-scen-even_scen-even_room-32-32-4-even-3_scen-agents20-idx0-seed42-1760992142914,0,14,225,0.329912,1,11,11,41,2,4,551119,15460,0.003000,364.233000,509.368000,505.739000,4.492960,0
_home_max_Documents_PhD_MAPF_LNS_MAPF_LNS_SAT_mapf-map_room-32-32-4_map-_home_max_Documents_PhD_MAPF_LNS_MAPF_LNS_SAT_mapf-scen-even_scen-even_room-32-32-4-even-3_scen-agents20-idx0-seed42-1760992142914,0,15,260,0.381232,1,13,10,42,2,4,841741,20815,0.004000,590.162000,969.967000,963.912000,6.820535,0
_home_max_Documents_PhD_MAPF_LNS_MAPF_LNS_SAT_mapf-map_room-32-32-4_map-_home_max_Documents_PhD_MAPF_LNS_MAPF_LNS_SAT_mapf-scen-even_scen-even_room-32-32-4-even-3_scen-agents20-idx0-seed42-1760992142914,0,16,292,0.428152,1,14,9,43,2,4,1480329,29839,0.003000,1210.202000,1925.195000,1915.305000,11.428971,0
_home_max_Documents_PhD_MAPF_LNS_MAPF_LNS_SAT_mapf-map_room-32-32-4_map-_home_max_Documents_PhD_MAPF_LNS_MAPF_LNS_SAT_mapf-scen-even_scen-even_room-32-32-4-even-3_scen-agents20-idx0-seed42-1760992142914,0,17,322,0.472141,1,14,8,44,2,4,2240520,40313,0.003000,2521.624000,3113.947000,3099.108000,16.758478,0
_home_max_Documents_PhD_MAPF_LNS_MAPF_LNS_SAT_mapf-map_room-32-32-4_map-_home_max_Documents_PhD_MAPF_LNS_MAPF_LNS_SAT_mapf-scen-even_scen-even_room-32-32-4-even-3_scen-agents20-idx0-seed42-1760992142914,0,18,349,0.511730,1,16,7,45,2,4,3301445,53292,0.003000,4707.861000,5788.302000,5765.586000,24.767663,0
_home_max_Documents_PhD_MAPF_LNS_MAPF_LNS_SAT_mapf-map_room-32-32-4_map-_home_max_Documents_PhD_MAPF_LNS_MAPF_LNS_SAT_mapf-scen-even_scen-even_room-32-32-4-even-3_scen-agents20-idx0-seed42-1760992142914,0,19,383,0.561584,1,17,6,46,2,4,4366252,64434,0.004000,7781.215000,7609.331000,7542.262000,33.399411,0
_home_max_Documents_PhD_MAPF_LNS_MAPF_LNS_SAT_mapf-map_room-32-32-4_map-_home_max_Documents_PhD_MAPF_LNS_MAPF_LNS_SAT_mapf-scen-even_scen-even_room-32-32-4-even-3_scen-agents20-idx0-seed42-1760992142914,0,20,420,0.615836,1,17,5,47,2,4,6167058,81345,0.007000,12978.150000,10469.826000,10043.316000,44.684480,0
_home_max_Documents_PhD_MAPF_LNS_MAPF_LNS_SAT_mapf-map_room-32-32-4_map-_home_max_Documents_PhD_MAPF_LNS_MAPF_LNS_SAT_mapf-scen-even_scen-even_room-32-32-4-even-3_scen-agents20-idx0-seed42-1760992142914,0,21,447,0.655425,1,18,4,48,2,4,7784709,93705,0.004000,19448.969000,13120.900000,12165.135000,55.497568,0
_home_max_Documents_PhD_MAPF_LNS_MAPF_LNS_SAT_mapf-map_room-32-32-4_map-_home_max_Documents_PhD_MAPF_LNS_MAPF_LNS_SAT_mapf-scen-even_scen-even_room-32-32-4-even-3_scen-agents20-idx0-seed42-1760992142914,0,22,479,0.702346,1,20,3,49,1,6,4865347,56316,0.001000,15866.745000,4339.728000,3718.973000,63.290627,1
_home_max_Documents_PhD_MAPF_LNS_MAPF_LNS_SAT_mapf-map_room-32-32-4_map-_home_max_Documents_PhD_MAPF_LNS_MAPF_LNS_SAT_mapf-scen-even_scen-even_room-32-32-4-even-3_scen-agents20-idx1-seed42-1760992260342,0,0,6,0.008798,1,2,0,1,2,3,22,12,0.000000,0.009000,0.071000,0.055000,0.008148,1
_home_max_Documents_PhD_MAPF_LNS_MAPF_LNS_SAT_mapf-map_room-32-32-4_map-_home_max_Documents_PhD_MAPF_LNS_MAPF_LNS_SAT_mapf-scen-even_scen-even_room-32-32-4-even-3_scen-agents20-idx1-seed42-1760992260342,0,0,9,0.013196,1,2,8,10,4,8,355,103,0.000000,0.093000,0.244000,0.203000,0.016752,1
_home_max_Documents_PhD_MAPF_LNS_MAPF_LNS_SAT_mapf-map_room-32-32-4_map-_home_max_Documents_PhD_MAPF_LNS_MAPF_LNS_SAT_mapf-scen-even_scen-even_room-32-32-4-even-3_scen-agents20-idx1-seed42-1760992260342,0,0,9,0.013196,4,5,13,16,3,5,297,115,0.000000,0.111000,0.184000,0.149000,0.005389,0
_home_max_Documents_PhD_MAPF_LNS_MAPF_LNS_SAT_mapf-map_room-32-32-4_map-_home_max_Documents_PhD_MAPF_LNS_MAPF_LNS_SAT_mapf-scen-even_scen-even_room-32-32-4-even-3_scen-agents20-idx1-seed42-1760992260342,0,1,16,0.023460,4,6,12,17,6,15,9142,1621,0.000000,2.925000,6.001000,5.722000,0.245974,0
_home_max_Documents_PhD_MAPF_LNS_MAPF_LNS_SAT_mapf-map_room-32-32-4_map-_home_max_Documents_PhD_MAPF_LNS_MAPF_LNS_SAT_mapf-scen-even_scen-even_room-32-32-4-even-3_scen-agents20-idx1-seed42-1760992260342,0,2,23,0.033724,4,6,11,18,4,12,3121,709,0.000000,1.069000,1.694000,1.507000,0.161961,0
_home_max_Documents_PhD_MAPF_LNS_MAPF_LNS_SAT_mapf-map_room-32-32-4_map-_home_max_Documents_PhD_MAPF_LNS_MAPF_LNS_SAT_mapf-scen-even_scen-even_room-32-32-4-even-3_scen-agents20-idx1-seed42-1760992260342,0,3,29,0.042522,4,7,10,19,4,8,4140,928,0.000000,1.463000,1.892000,1.772000,0.099522,0
_home_max_Documents_PhD_MAPF_LNS_MAPF_LNS_SAT_mapf-map_room-32-32-4_map-_home_max_Documents_PhD_MAPF_LNS_MAPF_LNS_SAT_mapf-scen-even_scen-even_room-32-32-4-even-3_scen-agents20-idx1-seed42-1760992260342,0,4,40,0.058651,4,9,9,20,4,16,5454,1215,0.000000,1.972000,3.280000,2.855000,0.516935,1
_home_max_Documents_PhD_MAPF_LNS_MAPF_LNS_SAT_mapf-map_room-32-32-4_map-_home_max_Documents_PhD_MAPF_LNS_MAPF_LNS_SAT_mapf-scen-even_scen-even_room-32-32-4-even-3_scen-agents20-idx1-seed42-1760992260342,0,0,5,0.007331,1,2,23,25,2,3,28,15,0.000000,0.011000,0.044000,0.030000,0.002241,1
_home_max_Documents_PhD_MAPF_LNS_MAPF_LNS_SAT_mapf-map_room-32-32-4_map-_home_max_Documents_PhD_MAPF_LNS_MAPF_LNS_SAT_mapf-scen-even_scen-even_room-32-32-4-even-3_scen-agents20-idx1-seed42-1760992260342,0,0,8,0.011730,1,3,26,28,3,7,128,49,0.000000,0.046000,0.133000,0.092000,0.008951,1
_home_max_Documents_PhD_MAPF_LNS_MAPF_LNS_SAT_mapf-map_room-32-32-4_map-_home_max_Documents_PhD_MAPF_LNS_MAPF_LNS_SAT_mapf-scen-even_scen-even_room-32-32-4-even-3_scen-agents20-idx1-seed42-1760992260342,0,0,5,0.007331,1,2,26,28,4,7,179,68,0.000000,0.056000,0.133000,0.108000,0.006143,0
_home_max_Documents_PhD_MAPF_LNS_MAPF_LNS_SAT_mapf-map_room-32-32-4_map-_home_max_Documents_PhD_MAPF_LNS_MAPF_LNS_SAT_mapf-scen-even_scen-even_room-32-32-4-even-3_scen-agents20-idx1-seed42-1760992260342,0,1,10,0.014663,1,2,25,29,5,10,1012,239,0.000000,0.314000,0.628000,0.573000,0.039589,0
_home_max_Documents_PhD_MAPF_LNS_MAPF_LNS_SAT_mapf-map_room-32-32-4_map-_home_max_Documents_PhD_MAPF_LNS_MAPF_LNS_SAT_mapf-scen-even_scen-even_room-32-32-4-even-3_scen-agents20-idx1-seed42-1760992260342,0,2,16,0.023460,1,4,24,30,4,9,895,215,0.000000,0.273000,0.515000,0.445000,0.035681,1
_home_max_Documents_PhD_MAPF_LNS_MAPF_LNS_SAT_mapf-map_room-32-32-4_map-_home_max_Documents_PhD_MAPF_LNS_MAPF_LNS_SAT_mapf-scen-even_scen-even_room-32-32-4-even-3_scen-agents20-idx1-seed42-1760992260342,0,0,6,0.008798,1,2,28,30,3,7,93,38,0.000000,0.034000,0.114000,0.081000,0.008354,1
_home_max_Documents_PhD_MAPF_LNS_MAPF_LNS_SAT_mapf-map_room-32-32-4_map-_home_max_Documents_PhD_MAPF_LNS_MAPF_LNS_SAT_mapf-scen-even_scen-even_room-32-32-4-even-3_scen-agents20-idx1-seed42-1760992260342,0,0,9,0.013196,1,2,30,32,3,7,97,40,0.000000,0.035000,0.121000,0.081000,0.007507,1
_home_max_Documents_PhD_MAPF_LNS_MAPF_LNS_SAT_mapf-map_room-32-32-4_map-_home_max_Documents_PhD_MAPF_LNS_MAPF_LNS_SAT_mapf-scen-even_scen-even_room-32-32-4-even-3_scen-agents20-idx1-seed42-1760992260342,0,0,9,0.013196,1,2,34,36,4,9,354,101,0.000000,0.108000,0.259000,0.214000,0.018000,1
_home_max_Documents_PhD_MAPF_LNS_MAPF_LNS_SAT_mapf-map_room-32-32-4_map-_home_max_Documents_PhD_MAPF_LNS_MAPF_LNS_SAT_mapf-scen-even_scen-even_room-32-32-4-even-3_scen-agents20-idx1-seed42-1760992260342,0,0,4,0.005865,1,2,40,42,1,1,19,9,0.000000,0.011000,0.038000,0.029000,0.002408,1
_home_max_Documents_PhD_MAPF_LNS_MAPF_LNS_SAT_mapf-map_room-32-32-4_map-_home_max_Documents_PhD_MAPF_LNS_MAPF_LNS_SAT_mapf-scen-even_scen-even_room-32-32-4-even-3_scen-agents20-idx2-seed42-1760992260445,0,0,8,0.011730,1,2,16,18,3,9,150,48,0.000000,0.044000,0.215000,0.172000,0.027812,1
_home_max_Documents_PhD_MAPF_LNS_MAPF_LNS_SAT_mapf-map_room-32-32-4_map-_home_max_Documents_PhD_MAPF_LNS_MAPF_LNS_SAT_mapf-scen-even_scen-even_room-32-32-4-even-3_scen-agents20-idx2-seed42-1760992260445,0,0,4,0.005865,1,2,17,19,1,4,22,9,0.000000,0.007000,0.049000,0.028000,0.002043,1
_home_max_Documents_PhD_MAPF_LNS_MAPF_LNS_SAT_mapf-map_room-32-32-4_map-_home_max_Documents_PhD_MAPF_LNS_MAPF_LNS_SAT_mapf-scen-even_scen-even_room-32-32-4-even-3_scen-agents20-idx2-seed42-1760992260445,0,0,5,0.007331,1,2,20,22,4,7,182,70,0.000000,0.062000,0.136000,0.111000,0.005539,0
_home_max_Documents_PhD_MAPF_LNS_MAPF_LNS_SAT_mapf-map_room-32-32-4_map-_home_max_Documents_PhD_MAPF_LNS_MAPF_LNS_SAT_mapf-scen-even_scen-even_room-32-32-4-even-3_scen-agents20-idx2-seed42-1760992260445,0,1,10,0.014663,1,2,19,23,1,2,21,11,0.000000,0.008000,0.030000,0.018000,0.000883,1
_home_max_Documents_PhD_MAPF_LNS_MAPF_LNS_SAT_mapf-map_room-32-32-4_map-_home_max_Documents_PhD_MAPF_LNS_MAPF_LNS_SAT_mapf-scen-even_scen-even_room-32-32-4-even-3_scen-agents20-idx2-seed42-1760992260445,0,0,11,0.016129,3,4,21,25,4,7,926,258,0.000000,0.301000,0.469000,0.431000,0.010417,0
_home_max_Documents_PhD_MAPF_LNS_MAPF_LNS_SAT_mapf-map_room-32-32-4_map-_home_max_Documents_PhD_MAPF_LNS_MAPF_LNS_SAT_mapf-scen-even_scen-even_room-32-32-4-even-3_scen-agents20-idx2-seed42-1760992260445,0,1,13,0.019062,3,4,20,26,5,12,3355,732,0.000000,1.057000,1.672000,1.551000,0.105623,0
_home_max_Documents_PhD_MAPF_LNS_MAPF_LNS_SAT_mapf-map_room-32-32-4_map-_home_max_Documents_PhD_MAPF_LNS_MAPF_LNS_SAT_mapf-scen-even_scen-even_room-32-32-4-even-3_scen-agents20-idx2-seed42-1760992260445,0,2,19,0.027859,3,7,19,27,2,3,178,91,0.000000,0.097000,0.101000,0.080000,0.000685,0
_home_max_Documents_PhD_MAPF_LNS_MAPF_LNS_SAT_mapf-map_room-32-32-4_map-_home_max_Documents_PhD_MAPF_LNS_MAPF_LNS_SAT_mapf-scen-even_scen-even_room-32-32-4-even-3_scen-agents20-idx2-seed42-1760992260445,0,3,40,0.058651,4,7,18,29,4,25,5748,1204,0.000000,1.794000,4.180000,3.564000,1.025671,1
_home_max_Documents_PhD_MAPF_LNS_MAPF_LNS_SAT_mapf-map_room-32-32-4_map-_home_max_Documents_PhD_MAPF_LNS_MAPF_LNS_SAT_mapf-scen-even_scen-even_room-32-32-4-even-3_scen-agents20-idx2-seed42-1760992260445,0,0,4,0.005865,1,2,21,23,1,1,19,9,0.000000,0.009000,0.026000,0.020000,0.001550,1
_home_max_Documents_PhD_MAPF_LNS_MAPF_LNS_SAT_mapf-map_room-32-32-4_map-_home_max_Documents_PhD_MAPF_LNS_MAPF_LNS_SAT_mapf-scen-even_scen-even_room-32-32-4-even-3_scen-agents20-idx2-seed42-1760992260445,0,0,7,0.010264,1,2,23,25,1,2,13,7,0.000000,0.005000,0.026000,0.015000,0.000891,1
_home_max_Documents_PhD_MAPF_LNS_MAPF_LNS_SAT_mapf-map_room-32-32-4_map-_home_max_Documents_PhD_MAPF_LNS_MAPF_LNS_SAT_mapf-scen-even_scen-even_room-32-32-4-even-3_scen-agents20-idx2-seed42-1760992260445,0,0,4,0.005865,1,2,26,28,1,4,22,9,0.000000,0.006000,0.045000,0.026000,0.001755,1
_home_max_Documents_PhD_MAPF_LNS_MAPF_LNS_SAT_mapf-map_room-32-32-4_map-_home_max_Documents_PhD_MAPF_LNS_MAPF_LNS_SAT_mapf-scen-even_scen-even_room-32-32-4-even-3_scen-agents20-idx2-seed42-1760992260445,0,0,4,0.005865,1,2,36,38,1,2,20,9,0.000000,0.007000,0.029000,0.019000,0.001287,1
_home_max_Documents_PhD_MAPF_LNS_MAPF_LNS_SAT_mapf-map_room-32-32-4_map-_home_max_Documents_PhD_MAPF_LNS_MAPF_LNS_SAT_mapf-scen-even_scen-even_room-32-32-4-even-3_scen-agents20-idx2-seed42-1760992260445,0,0,4,0.005865,1,2,38,40,1,4,22,9,0.000000,0.006000,0.043000,0.025000,0.001478,1
_home_max_Documents_PhD_MAPF_LNS_MAPF_LNS_SAT_mapf-map_room-32-32-4_map-_home_max_Documents_PhD_MAPF_LNS_MAPF_LNS_SAT_mapf-scen-even_scen-even_room-32-32-4-even-3_scen-agents20-idx2-seed42-1760992260445,0,0,5,0.007331,1,2,40,42,1,3,26,10,0.000000,0.010000,0.041000,0.025000,0.001859,1
_home_max_Documents_PhD_MAPF_LNS_MAPF_LNS_SAT_mapf-map_room-32-32-4_map-_home_max_Documents_PhD_MAPF_LNS_MAPF_LNS_SAT_mapf-scen-even_scen-even_room-32-32-4-even-3_scen-agents20-idx2-seed42-1760992260445,0,0,5,0.007331,1,2,43,45,1,2,25,10,0.000000,0.008000,0.033000,0.022000,0.001424,1
_home_max_Documents_PhD_MAPF_LNS_MAPF_LNS_SAT_mapf-map_room-32-32-4_map-_home_max_Documents_PhD_MAPF_LNS_MAPF_LNS_SAT_mapf-scen-even_scen-even_room-32-32-4-even-3_scen-agents20-idx3-seed42-1760992260491,0,0,7,0.010264,1,2,3,5,3,5,103,40,0.000000,0.038000,0.163000,0.133000,0.014808,1
_home_max_Documents_PhD_MAPF_LNS_MAPF_LNS_SAT_mapf-map_room-32-32-4_map-_home_max_Documents_PhD_MAPF_LNS_MAPF_LNS_SAT_mapf-scen-even_scen-even_room-32-32-4-even-3_scen-agents20-idx3-seed42-1760992260491,0,0,5,0.007331,1,2,8,10,4,7,180,69,0.000000,0.059000,0.140000,0.116000,0.006343,0
_home_max_Documents_PhD_MAPF_LNS_MAPF_LNS_SAT_mapf-map_room-32-32-4_map-_home_max_Documents_PhD_MAPF_LNS_MAPF_LNS_SAT_mapf-scen-even_scen-even_room-32-32-4-even-3_scen-agents20-idx3-seed42-1760992260491,0,1,9,0.013196,1,2,7,11,3,6,154,58,0.000000,0.054000,0.133000,0.103000,0.013469,1
_home_max_Documents_PhD_MAPF_LNS_MAPF_LNS_SAT_mapf-map_room-32-32-4_map-_home_max_Documents_PhD_MAPF_LNS_MAPF_LNS_SAT_mapf-scen-even_scen-even_room-32-32-4-even-3_scen-agents20-idx3-seed42-1760992260491,0,0,8,0.011730,1,2,13,15,1,1,12,7,0.000000,0.005000,0.018000,0.013000,0.000827,1
_home_max_Documents_PhD_MAPF_LNS_MAPF_LNS_SAT_mapf-map_room-32-32-4_map-_home_max_Documents_PhD_MAPF_LNS_MAPF_LNS_SAT_mapf-scen-even_scen-even_room-32-32-4-even-3_scen-agents20-idx3-seed42-1760992260491,0,0,9,0.013196,1,2,17,19,3,6,120,44,0.000000,0.038000,0.113000,0.085000,0.006764,1
_home_max_Documents_PhD_MAPF_LNS_MAPF_LNS_SAT_mapf-map_room-32-32-4_map-_home_max_Documents_PhD_MAPF_LNS_MAPF_LNS_SAT_mapf-scen-even_scen-even_room-32-32-4-even-3_scen-agents20-idx3-seed42-1760992260491,0,0,5,0.007331,1,2,17,19,1,2,25,10,0.000000,0.007000,0.036000,0.023000,0.001903,1
_home_max_Documents_PhD_MAPF_LNS_MAPF_LNS_SAT_mapf-map_room-32-32-4_map-_home_max_Documents_PhD_MAPF_LNS_MAPF_LNS_SAT_mapf-scen-even_scen-even_room-32-32-4-even-3_scen-agents20-idx3-seed42-1760992260491,0,0,4,0.005865,1,2,19,21,4,7,145,62,0.000000,0.053000,0.124000,0.098000,0.005541,0
_home_max_Documents_PhD_MAPF_LNS_MAPF_LNS_SAT_mapf-map_room-32-32-4_map-_home_max_Documents_PhD_MAPF_LNS_MAPF_LNS_SAT_mapf-scen-even_scen-even_room-32-32-4-even-3_scen-agents20-idx3-seed42-1760992260491,0,1,9,0.013196,1,3,18,22,5,10,1921,472,0.000000,0.591000,1.042000,0.972000,0.068305,0
_home_max_Documents_PhD_MAPF_LNS_MAPF_LNS_SAT_mapf-map_room-32-32-4_map-_home_max_Documents_PhD_MAPF_LNS_MAPF_LNS_SAT_mapf-scen-even_scen-even_room-32-32-4-even-3_scen-agents20-idx3-seed42-1760992260491,0,2,15,0.021994,1,3,17,23,5,11,4614,815,0.000000,1.328000,2.237000,2.133000,0.178408,1
_home_max_Documents_PhD_MAPF_LNS_MAPF_LNS_SAT_mapf-map_room-32-32-4_map-_home_max_Documents_PhD_MAPF_LNS_MAPF_LNS_SAT_mapf-scen-even_scen-even_room-32-32-4-even-3_scen-agents20-idx3-seed42-1760992260491,0,0,4,0.005865,1,2,20,22,4,7,146,63,0.000000,0.052000,0.118000,0.095000,0.005677,0
_home_max_Documents_PhD_MAPF_LNS_MAPF_LNS_SAT_mapf-map_room-32-32-4_map-_home_max_Documents_PhD_MAPF_LNS_MAPF_LNS_SAT_mapf-scen-even_scen-even_room-32-32-4-even-3_scen-agents20-idx3-seed42-1760992260491,0,1,9,0.013196,1,2,19,23,5,10,895,244,0.000000,0.285000,0.499000,0.454000,0.028485,0
_home_max_Documents_PhD_MAPF_LNS_MAPF_LNS_SAT_mapf-map_room-32-32-4_map-_home_max_Documents_PhD_MAPF_LNS_MAPF_LNS_SAT_mapf-scen-even_scen-even_room-32-32-4-even-3_scen-agents20-idx3-seed42-1760992260491,0,2,14,0.020528,1,3,18,24,5,12,1876,411,0.000000,0.596000,0.983000,0.888000,0.076338,1
_home_max_Documents_PhD_MAPF_LNS_MAPF_LNS_SAT_mapf-map_room-32-32-4_map-_home_max_Documents_PhD_MAPF_LNS_MAPF_LNS_SAT_mapf-scen-even_scen-even_room-32-32-4-even-3_scen-agents20-idx3-seed42-1760992260491,0,0,5,0.007331,1,2,35,37,1,2,25,10,0.000000,0.009000,0.038000,0.026000,0.002297,1
_home_max_Documents_PhD_MAPF_LNS_MAPF_LNS_SAT_mapf-map_room-32-32-4_map-_home_max_Documents_PhD_MAPF_LNS_MAPF_LNS_SAT_mapf-scen-even_scen-even_room-32-32-4-even-3_scen-agents20-idx4-seed42-1760992260543,0,0,8,0.011730,3,2,3,7,2,3,52,25,0.000000,0.018000,0.087000,0.068000,0.009152,1
_home_max_Documents_PhD_MAPF_LNS_MAPF_LNS_SAT_mapf-map_room-32-32-4_map-_home_max_Documents_PhD_MAPF_LNS_MAPF_LNS_SAT_mapf-scen-even_scen-even_room-32-32-4-even-3_scen-agents20-idx4-seed42-1760992260543,0,0,9,0.013196,1,2,9,11,3,7,101,43,0.000000,0.032000,0.116000,0.081000,0.008849,1
_home_max_Documents_PhD_MAPF_LNS_MAPF_LNS_SAT_mapf-map_room-32-32-4_map-_home_max_Documents_PhD_MAPF_LNS_MAPF_LNS_SAT_mapf-scen-even_scen-even_room-32-32-4-even-3_scen-agents20-idx4-seed42-1760992260543,0,0,7,0.010264,1,3,12,14,1,2,21,11,0.000000,0.008000,0.033000,0.021000,0.001636,1
_home_max_Documents_PhD_MAPF_LNS_MAPF_LNS_SAT_mapf-map_room-32-32-4_map-_home_max_Documents_PhD_MAPF_LNS_MAPF_LNS_SAT_mapf-scen-even_scen-even_room-32-32-4-even-3_scen-agents20-idx4-seed42-1760992260543,0,0,10,0.014663,6,5,14,19,4,7,1448,365,0.000000,0.485000,0.704000,0.654000,0.020598,0
_home_max_Documents_PhD_MAPF_LNS_MAPF_LNS_SAT_mapf-map_room-32-32-4_map-_home_max_Documents_PhD_MAPF_LNS_MAPF_LNS_SAT_mapf-scen-even_scen-even_room-32-32-4-even-3_scen-agents20-idx4-seed42-1760992260543,0,1,17,0.024927,6,6,13,20,5,10,8947,1452,0.000000,3.298000,3.967000,3.830000,0.182188,0
_home_max_Documents_PhD_MAPF_LNS_MAPF_LNS_SAT_mapf-map_room-32-32-4_map-_home_max_Documents_PhD_MAPF_LNS_MAPF_LNS_SAT_mapf-scen-even_scen-even_room-32-32-4-even-3_scen-agents20-idx4-seed42-1760992260543,0,2,23,0.033724,6,8,12,21,5,16,15794,2137,0.000000,5.931000,9.696000,9.332000,0.605246,1
_home_max_Documents_PhD_MAPF_LNS_MAPF_LNS_SAT_mapf-map_room-32-32-4_map-_home_max_Documents_PhD_MAPF_LNS_MAPF_LNS_SAT_mapf-scen-even_scen-even_room-32-32-4-even-3_scen-agents20-idx4-seed42-1760992260543,0,0,7,0.010264,1,2,15,17,3,7,105,40,0.000000,0.035000,0.119000,0.086000,0.008769,1
_home_max_Documents_PhD_MAPF_LNS_MAPF_LNS_SAT_mapf-map_room-32-32-4_map-_home_max_Documents_PhD_MAPF_LNS_MAPF_LNS_SAT_mapf-scen-even_scen-even_room-32-32-4-even-3_scen-agents20-idx4-seed42-1760992260543,0,0,7,0.010264,1,3,20,22,3,7,151,65,0.000000,0.054000,0.148000,0.108000,0.012432,1
_home_max_Documents_PhD_MAPF_LNS_MAPF_LNS_SAT_mapf-map_room-32-32-4_map-_home_max_Documents_PhD_MAPF_LNS_MAPF_LNS_SAT_mapf-scen-even_scen-even_room-32-32-4-even-3_scen-agents20-idx4-seed42-1760992260543,0,0,4,0.005865,1,2,25,27,1,1,19,9,0.000000,0.006000,0.021000,0.016000,0.001165,1
_home_max_Documents_PhD_MAPF_LNS_MAPF_LNS_SAT_mapf-map_room-32-32-4_map-_home_max_Documents_PhD_MAPF_LNS_MAPF_LNS_SAT_mapf-scen-even_scen-even_room-32-32-4-even-3_scen-agents20-idx4-seed42-1760992260543,0,0,4,0.005865,1,2,28,30,1,4,22,9,0.000000,0.006000,0.044000,0.024000,0.001748,1
_home_max_Documents_PhD_MAPF_LNS_MAPF_LNS_SAT_mapf-map_room-32-32-4_map-_home_max_Documents_PhD_MAPF_LNS_MAPF_LNS_SAT_mapf-scen-even_scen-even_room-32-32-4-even-3_scen-agents20-idx4-seed42-1760992260543,0,0,4,0.005865,1,2,33,35,1,2,20,9,0.000000,0.006000,0.028000,0.019000,0.001403,1
_home_max_Documents_PhD_MAPF_LNS_MAPF_LNS_SAT_mapf-map_room-32-32-4_map-_home_max_Documents_PhD_MAPF_LNS_MAPF_LNS_SAT_mapf-scen-even_scen-even_room-32-32-4-even-3_scen-agents20-idx4-seed42-1760992260543,0,0,4,0.005865,1,2,39,41,1,2,20,9,0.000000,0.006000,0.027000,0.017000,0.001170,1
_home_max_Documents_PhD_MAPF_LNS_MAPF_LNS_SAT_mapf-map_room-32-32-4_map-_home_max_Documents_PhD_MAPF_LNS_MAPF_LNS_SAT_mapf-scen-even_scen-even_room-32-32-4-even-3_scen-agents20-idx4-seed42-1760992260543,0,0,8,0.011730,1,2,48,50,3,13,223,68,0.000000,0.070000,0.231000,0.167000,0.022517,1
_home_max_Documents_PhD_MAPF_LNS_MAPF_LNS_SAT_mapf-map_room-32-32-4_map-_home_max_Documents_PhD_MAPF_LNS_MAPF_LNS_SAT_mapf-scen-even_scen-even_room-32-32-4-even-3_scen-agents20-idx4-seed42-1760992260543,0,0,4,0.005865,1,2,49,51,1,1,19,9,0.000000,0.008000,0.021000,0.016000,0.001011,1
_home_max_Documents_PhD_MAPF_LNS_MAPF_LNS_SAT_mapf-map_room-32-32-4_map-_home_max_Documents_PhD_MAPF_LNS_MAPF_LNS_SAT_mapf-scen-even_scen-even_room-32-32-4-even-3_scen-agents20-idx5-seed42-1760992260648,0,0,5,0.007331,1,2,0,2,2,3,28,15,0.000000,0.011000,0.072000,0.055000,0.007923,1
_home_max_Documents_PhD_MAPF_LNS_MAPF_LNS_SAT_mapf-map_room-32-32-4_map-_home_max_Documents_PhD_MAPF_LNS_MAPF_LNS_SAT_mapf-scen-even_scen-even_room-32-32-4-even-3_scen-agents20-idx5-seed42-1760992260648,0,0,9,0.013196,1,2,3,5,3,7,121,44,0.000000,0.034000,0.121000,0.088000,0.009991,1
_home_max_Documents_PhD_MAPF_LNS_MAPF_LNS_SAT_mapf-map_room-32-32-4_map-_home_max_Documents_PhD_MAPF_LNS_MAPF_LNS_SAT_mapf-scen-even_scen-even_room-32-32-4-even-3_scen-agents20-idx5-seed42-1760992260648,0,0,5,0.007331,1,2,4,6,1,2,25,10,0.000000,0.007000,0.035000,0.023000,0.002005,1
_home_max_Documents_PhD_MAPF_LNS_MAPF_LNS_SAT_mapf-map_room-32-32-4_map-_home_max_Documents_PhD_MAPF_LNS_MAPF_LNS_SAT_mapf-scen-even_scen-even_room-32-32-4-even-3_scen-agents20-idx5-seed42-1760992260648,0,0,12,0.017595,4,2,5,10,2,3,68,32,0.000000,0.022000,0.058000,0.042000,0.003482,1
_home_max_Documents_PhD_MAPF_LNS_MAPF_LNS_SAT_mapf-map_room-32-32-4_map-_home_max_Documents_PhD_MAPF_LNS_MAPF_LNS_SAT_mapf-scen-even_scen-even_room-32-32-4-even-3_scen-agents20-idx5-seed42-1760992260648,0,0,4,0.005865,1,2,7,9,4,7,144,61,0.000000,0.047000,0.119000,0.095000,0.004640,0
_home_max_Documents_PhD_MAPF_LNS_MAPF_LNS_SAT_mapf-map_room-32-32-4_map-_home_max_Documents_PhD_MAPF_LNS_MAPF_LNS_SAT_mapf-scen-even_scen-even_room-32-32-4-even-3_scen-agents20-idx5-seed42-1760992260648,0,1,9,0.013196,1,2,6,10,4,9,458,132,0.000000,0.134000,0.297000,0.259000,0.019593,0
_home_max_Documents_PhD_MAPF_LNS_MAPF_LNS_SAT_mapf-map_room-32-32-4_map-_home_max_Documents_PhD_MAPF_LNS_MAPF_LNS_SAT_mapf-scen-even_scen-even_room-32-32-4-even-3_scen-agents20-idx5-seed42-1760992260648,0,2,14,0.020528,1,3,5,11,3,9,624,186,0.000000,0.194000,0.493000,0.429000,0.041318,1
_home_max_Documents_PhD_MAPF_LNS_MAPF_LNS_SAT_mapf-map_room-32-32-4_map-_home_max_Documents_PhD_MAPF_LNS_MAPF_LNS_SAT_mapf-scen-even_scen-even_room-32-32-4-even-3_scen-agents20-idx5-seed42-1760992260648,0,0,8,0.011730,1,2,8,10,4,8,304,94,0.000000,0.085000,0.225000,0.188000,0.021323,1
_home_max_Documents_PhD_MAPF_LNS_MAPF_LNS_SAT_mapf-map_room-32-32-4_map-_home_max_Documents_PhD_MAPF_LNS_MAPF_LNS_SAT_mapf-scen-even_scen-even_room-32-32-4-even-3_scen-agents20-idx5-seed42-1760992260648,0,0,7,0.010264,1,3,11,13,5,11,801,242,0.000000,0.240000,0.447000,0.395000,0.016670,0
_home_max_Documents_PhD_MAPF_LNS_MAPF_LNS_SAT_mapf-map_room-32-32-4_map-_home_max_Documents_PhD_MAPF_LNS_MAPF_LNS_SAT_mapf-scen-even_scen-even_room-32-32-4-even-3_scen-agents20-idx5-seed42-1760992260648,0,1,15,0.021994,1,5,10,14,4,7,1372,283,0.000000,0.384000,0.645000,0.606000,0.019431,0
_home_max_Documents_PhD_MAPF_LNS_MAPF_LNS_SAT_mapf-map_room-32-32-4_map-_home_max_Documents_PhD_MAPF_LNS_MAPF_LNS_SAT_mapf-scen-even_scen-even_room-32-32-4-even-3_scen-agents20-idx5-seed42-1760992260648,0,2,21,0.030792,1,6,9,15,4,8,3495,573,0.000000,0.998000,1.898000,1.825000,0.070182,0
_home_max_Documents_PhD_MAPF_LNS_MAPF_LNS_SAT_mapf-map_room-32-32-4_map-_home_max_Documents_PhD_MAPF_LNS_MAPF_LNS_SAT_mapf-scen-even_scen-even_room-32-32-4-even-3_scen-agents20-idx5-seed42-1760992260648,0,3,32,0.046921,1,6,8,16,4,9,10757,1273,0.000000,2.711000,6.672000,6.508000,0.294792,1
_home_max_Documents_PhD_MAPF_LNS_MAPF_LNS_SAT_mapf-map_room-32-32-4_map-_home_max_Documents_PhD_MAPF_LNS_MAPF_LNS_SAT_mapf-scen-even_scen-even_room-32-32-4-even-3_scen-agents20-idx5-seed42-1760992260648,0,0,7,0.010264,2,3,16,18,5,15,998,288,0.000000,0.292000,0.663000,0.572000,0.082322,0
_home_max_Documents_PhD_MAPF_LNS_MAPF_LNS_SAT_mapf-map_room-32-32-4_map-_home_max_Documents_PhD_MAPF_LNS_MAPF_LNS_SAT_mapf-scen-even_scen-even_room-32-32-4-even-3_scen-agents20-idx5-seed42-1760992260648,0,1,15,0.021994,2,3,15,19,4,8,1255,288,0.000000,0.366000,0.679000,0.625000,0.047923,1
_home_max_Documents_PhD_MAPF_LNS_MAPF_LNS_SAT_mapf-map_room-32-32-4_map-_home_max_Documents_PhD_MAPF_LNS_MAPF_LNS_SAT_mapf-scen-even_scen-even_room-32-32-4-even-3_scen-agents20-idx5-seed42-1760992260648,0,0,9,0.013196,2,4,18,21,7,16,2413,601,0.000000,0.708000,1.287000,1.160000,0.087409,1
_home_max_Documents_PhD_MAPF_LNS_MAPF_LNS_SAT_mapf-map_room-32-32-4_map-_home_max_Documents_PhD_MAPF_LNS_MAPF_LNS_SAT_mapf-scen-even_scen-even_room-32-32-4-even-3_scen-agents20-idx5-seed42-1760992260648,0,0,7,0.010264,1,2,22,24,4,9,322,102,0.000000,0.097000,0.240000,0.199000,0.018541,1
_home_max_Documents_PhD_MAPF_LNS_MAPF_LNS_SAT_mapf-map_room-32-32-4_map-_home_max_Documents_PhD_MAPF_LNS_MAPF_LNS_SAT_mapf-scen-even_scen-even_room-32-32-4-even-3_scen-agents20-idx5-seed42-1760992260648,0,0,5,0.007331,1,2,22,24,1,3,26,10,0.000000,0.008000,0.043000,0.027000,0.002202,1
_home_max_Documents_PhD_MAPF_LNS_MAPF_LNS_SAT_mapf-map_room-32-32-4_map-_home_max_Documents_PhD_MAPF_LNS_MAPF_LNS_SAT_mapf-scen-even_scen-even_room-32-32-4-even-3_scen-agents20-idx5-seed42-1760992260648,0,0,4,0.005865,1,2,22,24,1,2,20,9,0.000000,0.007000,0.031000,0.021000,0.001311,1
_home_max_Documents_PhD_MAPF_LNS_MAPF_LNS_SAT_mapf-map_room-32-32-4_map-_home_max_Documents_PhD_MAPF_LNS_MAPF_LNS_SAT_mapf-scen-even_scen-even_room-32-32-4-even-3_scen-agents20-idx5-seed42-1760992260648,0,0,9,0.013196,1,3,24,26,4,7,320,104,0.000000,0.112000,0.215000,0.179000,0.010300,1
_home_max_Documents_PhD_MAPF_LNS_MAPF_LNS_SAT_mapf-map_room-32-32-4_map-_home_max_Documents_PhD_MAPF_LNS_MAPF_LNS_SAT_mapf-scen-even_scen-even_room-32-32-4-even-3_scen-agents20-idx5-seed42-1760992260648,0,0,4,0.005865,1,2,30,32,1,2,20,9,0.000000,0.007000,0.032000,0.021000,0.001515,1
_home_max_Documents_PhD_MAPF_LNS_MAPF_LNS_SAT_mapf-map_room-32-32-4_map-_home_max_Documents_PhD_MAPF_LNS_MAPF_LNS_SAT_mapf-scen-even_scen-even_room-32-32-4-even-3_scen-agents20-idx5-seed42-1760992260648,0,0,5,0.007331,1,2,32,34,1,2,25,10,0.000000,0.008000,0.033000,0.022000,0.001769,1
_home_max_Documents_PhD_MAPF_LNS_MAPF_LNS_SAT_mapf-map_room-32-32-4_map-_home_max_Documents_PhD_MAPF_LNS_MAPF_LNS_SAT_mapf-scen-even_scen-even_room-32-32-4-even-3_scen-agents20-idx5-seed42-1760992260648,0,0,9,0.013196,1,2,44,46,3,9,168,50,0.000000,0.050000,0.162000,0.120000,0.013240,1
_home_max_Documents_PhD_MAPF_LNS_MAPF_LNS_SAT_mapf-map_room-32-32-4_map-_home_max_Documents_PhD_MAPF_LNS_MAPF_LNS_SAT_mapf-scen-even_scen-even_room-32-32-4-even-4_scen-agents20-idx0-seed42-1760992260750,0,0,9,0.013196,4,2,0,5,2,3,72,33,0.000000,0.029000,0.119000,0.096000,0.012129,1
_home_max_Documents_PhD_MAPF_LNS_MAPF_LNS_SAT_mapf-map_room-32-32-4_map-_home_max_Documents_PhD_MAPF_LNS_MAPF_LNS_SAT_mapf-scen-even_scen-even_room-32-32-4-even-4_scen-agents20-idx0-seed42-1760992260750,0,0,5,0.007331,1,2,2,4,3,6,70,32,0.000000,0.021000,0.092000,0.063000,0.008565,1
_home_max_Documents_PhD_MAPF_LNS_MAPF_LNS_SAT_mapf-map_room-32-32-4_map-_home_max_Documents_PhD_MAPF_LNS_MAPF_LNS_SAT_mapf-scen-even_scen-even_room-32-32-4-even-4_scen-agents20-idx0-seed42-1760992260750,0,0,5,0.007331,1,2,14,16,2,3,28,15,0.000000,0.009000,0.036000,0.023000,0.001442,1
_home_max_Documents_PhD_MAPF_LNS_MAPF_LNS_SAT_mapf-map_room-32-32-4_map-_home_max_Documents_PhD_MAPF_LNS_MAPF_LNS_SAT_mapf-scen-even_scen-even_room-32-32-4-even-4_scen-agents20-idx0-seed42-1760992260750,0,0,4,0.005865,1,2,22,24,1,2,20,9,0.000000,0.006000,0.030000,0.020000,0.001859,1
_home_max_Documents_PhD_MAPF_LNS_MAPF_LNS_SAT_mapf-map_room-32-32-4_map-_home_max_Documents_PhD_MAPF_LNS_MAPF_LNS_SAT_mapf-scen-even_scen-even_room-32-32-4-even-4_scen-agents20-idx0-seed42-1760992260750,0,0,4,0.005865,1,2,24,26,1,4,22,9,0.000000,0.006000,0.044000,0.025000,0.001708,1
_home_max_Documents_PhD_MAPF_LNS_MAPF_LNS_SAT_mapf-map_room-32-32-4_map-_home_max_Documents_PhD_MAPF_LNS_MAPF_LNS_SAT_mapf-scen-even_scen-even_room-32-32-4-even-4_scen-agents20-idx0-seed42-1760992260750,0,0,4,0.005865,1,4,31,33,3,8,180,73,0.000000,0.073000,0.146000,0.110000,0.004893,0
_home_max_Documents_PhD_MAPF_LNS_MAPF_LNS_SAT_mapf-map_room-32-32-4_map-_home_max_Documents_PhD_MAPF_LNS_MAPF_LNS_SAT_mapf-scen-even_scen-even_room-32-32-4-even-4_scen-agents20-idx0-seed42-1760992260750,0,1,9,0.013196,1,4,30,34,2,6,388,109,0.000000,0.140000,0.266000,0.218000,0.022673,1
_home_max_Documents_PhD_MAPF_LNS_MAPF_LNS_SAT_mapf-map_room-32-32-4_map-_home_max_Documents_PhD_MAPF_LNS_MAPF_LNS_SAT_mapf-scen-even_scen-even_room-32-32-4-even-4_scen-agents20-idx0-seed42-1760992260750,0,0,9,0.013196,1,3,36,38,4,10,461,122,0.000000,0.129000,0.314000,0.261000,0.025164,1
_home_max_Documents_PhD_MAPF_LNS_MAPF_LNS_SAT_mapf-map_room-32-32-4_map-_home_max_Documents_PhD_MAPF_LNS_MAPF_LNS_SAT_mapf-scen-even_scen-even_room-32-32-4-even-4_scen-agents20-idx1-seed42-1760992260796,0,0,7,0.010264,2,3,2,4,4,7,358,140,0.000000,0.119000,0.339000,0.299000,0.017472,0
_home_max_Documents_PhD_MAPF_LNS_MAPF_LNS_SAT_mapf-map_room-32-32-4_map-_home_max_Documents_PhD_MAPF_LNS_MAPF_LNS_SAT_mapf-scen-even_scen-even_room-32-32-4-even-4_scen-agents20-idx1-seed42-1760992260796,0,1,13,0.019062,2,3,1,5,4,10,726,251,0.000000,0.226000,0.630000,0.533000,0.048073,1
_home_max_Documents_PhD_MAPF_LNS_MAPF_LNS_SAT_mapf-map_room-32-32-4_map-_home_max_Documents_PhD_MAPF_LNS_MAPF_LNS_SAT_mapf-scen-even_scen-even_room-32-32-4-even-4_scen-agents20-idx1-seed42-1760992260796,0,0,7,0.010264,1,2,2,4,4,14,237,87,0.000000,0.069000,0.331000,0.251000,0.050616,1
_home_max_Documents_PhD_MAPF_LNS_MAPF_LNS_SAT_mapf-map_room-32-32-4_map-_home_max_Documents_PhD_MAPF_LNS_MAPF_LNS_SAT_mapf-scen-even_scen-even_room-32-32-4-even-4_scen-agents20-idx1-seed42-1760992260796,0,0,5,0.007331,1,2,9,11,1,2,25,10,0.000000,0.008000,0.038000,0.025000,0.002019,1
_home_max_Documents_PhD_MAPF_LNS_MAPF_LNS_SAT_mapf-map_room-32-32-4_map-_home_max_Documents_PhD_MAPF_LNS_MAPF_LNS_SAT_mapf-scen-even_scen-even_room-32-32-4-even-4_scen-agents20-idx1-seed42-1760992260796,0,0,5,0.007331,1,2,14,16,2,3,28,15,0.000000,0.008000,0.038000,0.025000,0.001934,1
_home_max_Documents_PhD_MAPF_LNS_MAPF_LNS_SAT_mapf-map_room-32-32-4_map-_home_max_Documents_PhD_MAPF_LNS_MAPF_LNS_SAT_mapf-scen-even_scen-even_room-32-32-4-even-4_scen-agents20-idx1-seed42-1760992260796,0,0,4,0.005865,1,2,15,17,1,1,19,9,0.000000,0.006000,0.021000,0.016000,0.001352,1
_home_max_Documents_PhD_MAPF_LNS_MAPF_LNS_SAT_mapf-map_room-32-32-4_map-_home_max_Documents_PhD_MAPF_LNS_MAPF_LNS_SAT_mapf-scen-even_scen-even_room-32-32-4-even-4_scen-agents20-idx1-seed42-1760992260796,0,0,4,0.005865,1,2,18,20,1,4,22,9,0.000000,0.005000,0.046000,0.025000,0.001852,1
_home_max_Documents_PhD_MAPF_LNS_MAPF_LNS_SAT_mapf-map_room-32-32-4_map-_home_max_Documents_PhD_MAPF_LNS_MAPF_LNS_SAT_mapf-scen-even_scen-even_room-32-32-4-even-4_scen-agents20-idx1-seed42-1760992260796,0,0,7,0.010264,1,2,21,23,3,7,83,36,0.000000,0.024000,0.101000,0.069000,0.007229,1
_home_max_Documents_PhD_MAPF_LNS_MAPF_LNS_SAT_mapf-map_room-32-32-4_map-_home_max_Documents_PhD_MAPF_LNS_MAPF_LNS_SAT_mapf-scen-even_scen-even_room-32-32-4-even-4_scen-agents20-idx1-seed42-1760992260796,0,0,5,0.007331,1,2,28,30,3,9,73,32,0.000000,0.022000,0.112000,0.072000,0.014482,1
_home_max_Documents_PhD_MAPF_LNS_MAPF_LNS_SAT_mapf-map_room-32-32-4_map-_home_max_Documents_PhD_MAPF_LNS_MAPF_LNS_SAT_mapf-scen-even_scen-even_room-32-32-4-even-4_scen-agents20-idx2-seed42-1760992260850,0,0,9,0.013196,1,2,0,1,3,7,78,32,0.000000,0.050000,0.284000,0.211000,0.027539,1
_home_max_Documents_PhD_MAPF_LNS_MAPF_LNS_SAT_mapf-map_room-32-32-4_map-_home_max_Documents_PhD_MAPF_LNS_MAPF_LNS_SAT_mapf-scen-even_scen-even_room-32-32-4-even-4_scen-agents20-idx2-seed42-1760992260850,0,0,19,0.027859,15,5,3,11,5,15,5302,970,0.000000,1.833000,4.185000,3.930000,0.283110,0
_home_max_Documents_PhD_MAPF_LNS_MAPF_LNS_SAT_mapf-map_room-32-32-4_map-_home_max_Documents_PhD_MAPF_LNS_MAPF_LNS_SAT_mapf-scen-even_scen-even_room-32-32-4-even-4_scen-agents20-idx2-seed42-1760992260850,0,1,29,0.042522,15,5,2,12,4,12,4019,801,0.000000,1.216000,2.453000,2.260000,0.196348,1
_home_max_Documents_PhD_MAPF_LNS_MAPF_LNS_SAT_mapf-map_room-32-32-4_map-_home_max_Documents_PhD_MAPF_LNS_MAPF_LNS_SAT_mapf-scen-even_scen-even_room-32-32-4-even-4_scen-agents20-idx2-seed42-1760992260850,0,0,4,0.005865,1,2,3,5,4,11,143,60,0.000000,0.047000,0.200000,0.146000,0.017709,1
_home_max_Documents_PhD_MAPF_LNS_MAPF_LNS_SAT_mapf-map_room-32-32-4_map-_home_max_Documents_PhD_MAPF_LNS_MAPF_LNS_SAT_mapf-scen-even_scen-even_room-32-32-4-even-4_scen-agents20-idx2-seed42-1760992260850,0,0,7,0.010264,1,2,15,17,3,9,134,46,0.000000,0.040000,0.149000,0.106000,0.013067,1
_home_max_Documents_PhD_MAPF_LNS_MAPF_LNS_SAT_mapf-map_room-32-32-4_map-_home_max_Documents_PhD_MAPF_LNS_MAPF_LNS_SAT_mapf-scen-even_scen-even_room-32-32-4-even-4_scen-agents20-idx2-seed42-1760992260850,0,0,9,0.013196,1,2,20,22,3,7,121,44,0.000000,0.037000,0.124000,0.092000,0.011191,1
_home_max_Documents_PhD_MAPF_LNS_MAPF_LNS_SAT_mapf-map_room-32-32-4_map-_home_max_Documents_PhD_MAPF_LNS_MAPF_LNS_SAT_mapf-scen-even_scen-even_room-32-32-4-even-4_scen-agents20-idx2-seed42-1760992260850,0,0,9,0.013196,1,3,22,24,3,7,100,43,0.000000,0.036000,0.113000,0.076000,0.007336,1
_home_max_Documents_PhD_MAPF_LNS_MAPF_LNS_SAT_mapf-map_room-32-32-4_map-_home_max_Documents_PhD_MAPF_LNS_MAPF_LNS_SAT_mapf-scen-even_scen-even_room-32-32-4-even-4_scen-agents20-idx2-seed42-1760992260850,0,0,8,0.011730,1,3,24,26,3,7,121,45,0.000000,0.040000,0.124000,0.088000,0.008399,1
_home_max_Documents_PhD_MAPF_LNS_MAPF_LNS_SAT_mapf-map_room-32-32-4_map-_home_max_Documents_PhD_MAPF_LNS_MAPF_LNS_SAT_mapf-scen-even_scen-even_room-32-32-4-even-4_scen-agents20-idx2-seed42-1760992260850,0,0,11,0.016129,3,4,25,29,4,22,1345,337,0.000000,0.448000,1.179000,0.936000,0.282658,1
_home_max_Documents_PhD_MAPF_LNS_MAPF_LNS_SAT_mapf-map_room-32-32-4_map-_home_max_Documents_PhD_MAPF_LNS_MAPF_LNS_SAT_mapf-scen-even_scen-even_room-32-32-4-even-4_scen-agents20-idx2-seed42-1760992260850,0,0,9,0.013196,2,3,25,28,4,20,566,166,0.000000,0.169000,0.602000,0.451000,0.133167,1
_home_max_Documents_PhD_MAPF_LNS_MAPF_LNS_SAT_mapf-map_room-32-32-4_map-_home_max_Documents_PhD_MAPF_LNS_MAPF_LNS_SAT_mapf-scen-even_scen-even_room-32-32-4-even-4_scen-agents20-idx2-seed42-1760992260850,0,0,7,0.010264,1,2,40,42,3,9,163,57,0.000000,0.054000,0.166000,0.123000,0.011783,1
_home_max_Documents_PhD_MAPF_LNS_MAPF_LNS_SAT_mapf-map_room-32-32-4_map-_home_max_Documents_PhD_MAPF_LNS_MAPF_LNS_SAT_mapf-scen-even_scen-even_room-32-32-4-even-4_scen-agents20-idx2-seed42-1760992260850,0,0,5,0.007331,1,2,40,42,1,1,24,10,0.000000,0.008000,0.024000,0.019000,0.001127,1
_home_max_Documents_PhD_MAPF_LNS_MAPF_LNS_SAT_mapf-map_room-32-32-4_map-_home_max_Documents_PhD_MAPF_LNS_MAPF_LNS_SAT_mapf-scen-even_scen-even_room-32-32-4-even-4_scen-agents20-idx2-seed42-1760992260850,0,0,9,0.013196,1,2,43,45,3,13,213,63,0.000000,0.056000,0.240000,0.174000,0.033053,1
_home_max_Documents_PhD_MAPF_LNS_MAPF_LNS_SAT_mapf-map_room-32-32-4_map-_home_max_Documents_PhD_MAPF_LNS_MAPF_LNS_SAT_mapf-scen-even_scen-even_room-32-32-4-even-4_scen-agents20-idx3-seed42-1760992260948,0,0,4,0.005865,1,2,3,5,1,4,22,9,0.001000,0.010000,0.106000,0.076000,0.015117,1
_home_max_Documents_PhD_MAPF_LNS_MAPF_LNS_SAT_mapf-map_room-32-32-4_map-_home_max_Documents_PhD_MAPF_LNS_MAPF_LNS_SAT_mapf-scen-even_scen-even_room-32-32-4-even-4_scen-agents20-idx3-seed42-1760992260948,0,0,9,0.013196,4,2,4,9,1,1,30,16,0.000000,0.011000,0.030000,0.022000,0.001739,1
_home_max_Documents_PhD_MAPF_LNS_MAPF_LNS_SAT_mapf-map_room-32-32-4_map-_home_max_Documents_PhD_MAPF_LNS_MAPF_LNS_SAT_mapf-scen-even_scen-even_room-32-32-4-even-4_scen-agents20-idx3-seed42-1760992260948,0,0,5,0.007331,1,2,6,8,1,2,25,10,0.000000,0.007000,0.036000,0.024000,0.001832,1
_home_max_Documents_PhD_MAPF_LNS_MAPF_LNS_SAT_mapf-map_room-32-32-4_map-_home_max_Documents_PhD_MAPF_LNS_MAPF_LNS_SAT_mapf-scen-even_scen-even_room-32-32-4-even-4_scen-agents20-idx3-seed42-1760992260948,0,0,8,0.011730,1,2,10,12,3,6,109,42,0.000000,0.032000,0.111000,0.084000,0.011044,1
_home_max_Documents_PhD_MAPF_LNS_MAPF_LNS_SAT_mapf-map_room-32-32-4_map-_home_max_Documents_PhD_MAPF_LNS_MAPF_LNS_SAT_mapf-scen-even_scen-even_room-32-32-4-even-4_scen-agents20-idx3-seed42-1760992260948,0,0,9,0.013196,1,2,12,14,3,9,168,50,0.000000,0.045000,0.163000,0.120000,0.017554,1
_home_max_Documents_PhD_MAPF_LNS_MAPF_LNS_SAT_mapf-map_room-32-32-4_map-_home_max_Documents_PhD_MAPF_LNS_MAPF_LNS_SAT_mapf-scen-even_scen-even_room-32-32-4-even-4_scen-agents20-idx3-seed42-1760992260948,0,0,9,0.013196,1,2,13,15,4,9,354,101,0.000000,0.097000,0.248000,0.204000,0.017472,1
_home_max_Documents_PhD_MAPF_LNS_MAPF_LNS_SAT_mapf-map_room-32-32-4_map-_home_max_Documents_PhD_MAPF_LNS_MAPF_LNS_SAT_mapf-scen-even_scen-even_room-32-32-4-even-4_scen-agents20-idx3-seed42-1760992260948,0,0,8,0.011730,1,2,20,22,3,8,94,40,0.000000,0.030000,0.120000,0.081000,0.010502,1
_home_max_Documents_PhD_MAPF_LNS_MAPF_LNS_SAT_mapf-map_room-32-32-4_map-_home_max_Documents_PhD_MAPF_LNS_MAPF_LNS_SAT_mapf-scen-even_scen-even_room-32-32-4-even-4_scen-agents20-idx3-seed42-1760992260948,0,0,4,0.005865,1,2,40,42,1,1,19,9,0.000000,0.007000,0.022000,0.017000,0.001199,1
_home_max_Documents_PhD_MAPF_LNS_MAPF_LNS_SAT_mapf-map_room-32-32-4_map-_home_max_Documents_PhD_MAPF_LNS_MAPF_LNS_SAT_mapf-scen-even_scen-even_room-32-32-4-even-4_scen-agents20-idx4-seed42-1760992261000,0,0,8,0.011730,2,3,3,6,1,2,51,20,0.000000,0.018000,0.083000,0.062000,0.009423,1
_home_max_Documents_PhD_MAPF_LNS_MAPF_LNS_SAT_mapf-map_room-32-32-4_map-_home_max_Documents_PhD_MAPF_LNS_MAPF_LNS_SAT_mapf-scen-even_scen-even_room-32-32-4-even-4_scen-agents20-idx4-seed42-1760992261000,0,0,6,0.008798,1,2,4,6,3,7,93,38,0.001000,0.031000,0.123000,0.088000,0.009302,1
_home_max_Documents_PhD_MAPF_LNS_MAPF_LNS_SAT_mapf-map_room-32-32-4_map-_home_max_Documents_PhD_MAPF_LNS_MAPF_LNS_SAT_mapf-scen-even_scen-even_room-32-32-4-even-4_scen-agents20-idx4-seed42-1760992261000,0,0,12,0.017595,2,3,10,13,3,6,176,68,0.000000,0.057000,0.145000,0.111000,0.009350,1
_home_max_Documents_PhD_MAPF_LNS_MAPF_LNS_SAT_mapf-map_room-32-32-4_map-_home_max_Documents_PhD_MAPF_LNS_MAPF_LNS_SAT_mapf-scen-even_scen-even_room-32-32-4-even-4_scen-agents20-idx4-seed42-1760992261000,0,0,4,0.005865,1,2,15,17,4,7,144,61,0.000000,0.047000,0.116000,0.094000,0.005076,0
_home_max_Documents_PhD_MAPF_LNS_MAPF_LNS_SAT_mapf-map_room-32-32-4_map-_home_max_Documents_PhD_MAPF_LNS_MAPF_LNS_SAT_mapf-scen-even_scen-even_room-32-32-4-even-4_scen-agents20-idx4-seed42-1760992261000,0,1,9,0.013196,1,2,14,18,5,14,726,202,0.000000,0.226000,0.493000,0.413000,0.047006,1
_home_max_Documents_PhD_MAPF_LNS_MAPF_LNS_SAT_mapf-map_room-32-32-4_map-_home_max_Documents_PhD_MAPF_LNS_MAPF_LNS_SAT_mapf-scen-even_scen-even_room-32-32-4-even-4_scen-agents20-idx4-seed42-1760992261000,0,0,5,0.007331,1,2,21,23,1,3,26,10,0.000000,0.007000,0.046000,0.027000,0.002291,1
_home_max_Documents_PhD_MAPF_LNS_MAPF_LNS_SAT_mapf-map_room-32-32-4_map-_home_max_Documents_PhD_MAPF_LNS_MAPF_LNS_SAT_mapf-scen-even_scen-even_room-32-32-4-even-4_scen-agents20-idx4-seed42-1760992261000,0,0,9,0.013196,2,3,22,25,3,8,168,67,0.000000,0.060000,0.167000,0.121000,0.016573,1
_home_max_Documents_PhD_MAPF_LNS_MAPF_LNS_SAT_mapf-map_room-32-32-4_map-_home_max_Documents_PhD_MAPF_LNS_MAPF_LNS_SAT_mapf-scen-even_scen-even_room-32-32-4-even-4_scen-agents20-idx4-seed42-1760992261000,0,0,5,0.007331,1,2,27,29,1,1,24,10,0.000000,0.008000,0.025000,0.020000,0.001341,1
_home_max_Documents_PhD_MAPF_LNS_MAPF_LNS_SAT_mapf-map_room-32-32-4_map-_home_max_Documents_PhD_MAPF_LNS_MAPF_LNS_SAT_mapf-scen-even_scen-even_room-32-32-4-even-4_scen-agents20-idx4-seed42-1760992261000,0,0,7,0.010264,1,2,28,30,3,7,142,51,0.000000,0.044000,0.114000,0.090000,0.002746,0
_home_max_Documents_PhD_MAPF_LNS_MAPF_LNS_SAT_mapf-map_room-32-32-4_map-_home_max_Documents_PhD_MAPF_LNS_MAPF_LNS_SAT_mapf-scen-even_scen-even_room-32-32-4-even-4_scen-agents20-idx4-seed42-1760992261000,0,1,15,0.021994,1,3,27,31,2,8,160,54,0.000000,0.051000,0.170000,0.117000,0.018637,1
_home_max_Documents_PhD_MAPF_LNS_MAPF_LNS_SAT_mapf-map_room-32-32-4_map-_home_max_Documents_PhD_MAPF_LNS_MAPF_LNS_SAT_mapf-scen-even_scen-even_room-32-32-4-even-4_scen-agents20-idx5-seed42-1760992261049,0,0,12,0.017595,4,2,0,5,2,3,74,33,0.000000,0.025000,0.111000,0.088000,0.011827,1
_home_max_Documents_PhD_MAPF_LNS_MAPF_LNS_SAT_mapf-map_room-32-32-4_map-_home_max_Documents_PhD_MAPF_LNS_MAPF_LNS_SAT_mapf-scen-even_scen-even_room-32-32-4-even-4_scen-agents20-idx5-seed42-1760992261049,0,0,21,0.030792,10,6,1,10,5,12,6293,1225,0.001000,1.935000,4.297000,4.095000,0.182404,1
_home_max_Documents_PhD_MAPF_LNS_MAPF_LNS_SAT_mapf-map_room-32-32-4_map-_home_max_Documents_PhD_MAPF_LNS_MAPF_LNS_SAT_mapf-scen-even_scen-even_room-32-32-4-even-4_scen-agents20-idx5-seed42-1760992261049,0,0,5,0.007331,1,2,2,4,2,3,28,15,0.000000,0.009000,0.044000,0.030000,0.002658,1
_home_max_Documents_PhD_MAPF_LNS_MAPF_LNS_SAT_mapf-map_room-32-32-4_map-_home_max_Documents_PhD_MAPF_LNS_MAPF_LNS_SAT_mapf-scen-even_scen-even_room-32-32-4-even-4_scen-agents20-idx5-seed42-1760992261049,0,0,8,0.011730,1,2,12,14,3,7,93,40,0.000000,0.028000,0.116000,0.081000,0.011891,1
_home_max_Documents_PhD_MAPF_LNS_MAPF_LNS_SAT_mapf-map_room-32-32-4_map-_home_max_Documents_PhD_MAPF_LNS_MAPF_LNS_SAT_mapf-scen-even_scen-even_room-32-32-4-even-4_scen-agents20-idx5-seed42-1760992261049,0,0,8,0.011730,1,2,16,18,3,7,110,42,0.000000,0.034000,0.121000,0.087000,0.011161,1
_home_max_Documents_PhD_MAPF_LNS_MAPF_LNS_SAT_mapf-map_room-32-32-4_map-_home_max_Documents_PhD_MAPF_LNS_MAPF_LNS_SAT_mapf-scen-even_scen-even_room-32-32-4-even-4_scen-agents20-idx5-seed42-1760992261049,0,0,4,0.005865,1,2,17,19,4,7,144,61,0.000000,0.044000,0.120000,0.096000,0.004708,0
_home_max_Documents_PhD_MAPF_LNS_MAPF_LNS_SAT_mapf-map_room-32-32-4_map-_home_max_Documents_PhD_MAPF_LNS_MAPF_LNS_SAT_mapf-scen-even_scen-even_room-32-32-4-even-4_scen-agents20-idx5-seed42-1760992261049,0,1,9,0.013196,1,2,16,20,5,10,787,208,0.000000,0.226000,0.469000,0.424000,0.031523,0
_home_max_Documents_PhD_MAPF_LNS_MAPF_LNS_SAT_mapf-map_room-32-32-4_map-_home_max_Documents_PhD_MAPF_LNS_MAPF_LNS_SAT_mapf-scen-even_scen-even_room-32-32-4-even-4_scen-agents20-idx5-seed42-1760992261049,0,2,15,0.021994,1,2,15,21,4,11,683,170,0.000000,0.185000,0.455000,0.387000,0.055284,1
_home_max_Documents_PhD_MAPF_LNS_MAPF_LNS_SAT_mapf-map_room-32-32-4_map-_home_max_Documents_PhD_MAPF_LNS_MAPF_LNS_SAT_mapf-scen-even_scen-even_room-32-32-4-even-4_scen-agents20-idx5-seed42-1760992261049,0,0,7,0.010264,1,2,19,21,3,7,103,43,0.000000,0.035000,0.113000,0.080000,0.007471,0
_home_max_Documents_PhD_MAPF_LNS_MAPF_LNS_SAT_mapf-map_room-32-32-4_map-_home_max_Documents_PhD_MAPF_LNS_MAPF_LNS_SAT_mapf-scen-even_scen-even_room-32-32-4-even-4_scen-agents20-idx5-seed42-1760992261049,0,1,15,0.021994,1,3,18,22,3,7,201,79,0.000000,0.072000,0.169000,0.133000,0.013372,0
_home_max_Documents_PhD_MAPF_LNS_MAPF_LNS_SAT_mapf-map_room-32-32-4_map-_home_max_Documents_PhD_MAPF_LNS_MAPF_LNS_SAT_mapf-scen-even_scen-even_room-32-32-4-even-4_scen-agents20-idx5-seed42-1760992261049,0,2,21,0.030792,1,3,17,23,3,7,330,129,0.000000,0.121000,0.243000,0.193000,0.020769,0
_home_max_Documents_PhD_MAPF_LNS_MAPF_LNS_SAT_mapf-map_room-32-32-4_map-_home_max_Documents_PhD_MAPF_LNS_MAPF_LNS_SAT_mapf-scen-even_scen-even_room-32-32-4-even-4_scen-agents20-idx5-seed42-1760992261049,0,3,30,0.043988,1,4,16,24,3,7,516,191,0.000000,0.194000,0.354000,0.299000,0.029430,0
_home_max_Documents_PhD_MAPF_LNS_MAPF_LNS_SAT_mapf-map_room-32-32-4_map-_home_max_Documents_PhD_MAPF_LNS_MAPF_LNS_SAT_mapf-scen-even_scen-even_room-32-32-4-even-4_scen-agents20-idx5-seed42-1760992261049,0,4,41,0.060117,1,4,15,25,1,2,113,56,0.000000,0.048000,0.092000,0.067000,0.005284,1
_home_max_Documents_PhD_MAPF_LNS_MAPF_LNS_SAT_mapf-map_room-32-32-4_map-_home_max_Documents_PhD_MAPF_LNS_MAPF_LNS_SAT_mapf-scen-even_scen-even_room-32-32-4-even-4_scen-agents20-idx5-seed42-1760992261049,0,0,9,0.013196,1,2,20,22,4,9,354,101,0.000000,0.105000,0.263000,0.219000,0.017766,1
_home_max_Documents_PhD_MAPF_LNS_MAPF_LNS_SAT_mapf-map_room-32-32-4_map-_home_max_Documents_PhD_MAPF_LNS_MAPF_LNS_SAT_mapf-scen-even_scen-even_room-32-32-4-even-4_scen-agents20-idx5-seed42-1760992261049,0,0,4,0.005865,1,2,23,25,2,3,28,15,0.000000,0.009000,0.043000,0.030000,0.001990,1
_home_max_Documents_PhD_MAPF_LNS_MAPF_LNS_SAT_mapf-map_room-32-32-4_map-_home_max_Documents_PhD_MAPF_LNS_MAPF_LNS_SAT_mapf-scen-even_scen-even_room-32-32-4-even-4_scen-agents20-idx5-seed42-1760992261049,0,0,5,0.007331,1,2,28,30,2,3,28,15,0.000000,0.009000,0.034000,0.022000,0.001257,1
_home_max_Documents_PhD_MAPF_LNS_MAPF_LNS_SAT_mapf-map_room-32-32-4_map-_home_max_Documents_PhD_MAPF_LNS_MAPF_LNS_SAT_mapf-scen-even_scen-even_room-32-32-4-even-4_scen-agents20-idx5-seed42-1760992261049,0,0,4,0.005865,1,2,37,39,1,1,12,7,0.000000,0.004000,0.015000,0.010000,0.000675,1
_home_max_Documents_PhD_MAPF_LNS_MAPF_LNS_SAT_mapf-map_room-32-32-4_map-_home_max_Documents_PhD_MAPF_LNS_MAPF_LNS_SAT_mapf-scen-even_scen-even_room-32-32-4-even-4_scen-agents20-idx5-seed42-1760992261049,0,0,5,0.007331,1,2,42,44,1,3,26,10,0.000000,0.008000,0.053000,0.032000,0.002476,1
_home_max_Documents_PhD_MAPF_LNS_MAPF_LNS_SAT_mapf-map_room-32-32-4_map-_home_max_Documents_PhD_MAPF_LNS_MAPF_LNS_SAT_mapf-scen-even_scen-even_room-32-32-4-even-5_scen-agents20-idx0-seed42-1760992261097,0,0,5,0.007331,1,2,0,2,4,7,188,73,0.000000,0.061000,0.222000,0.188000,0.014839,0
_home_max_Documents_PhD_MAPF_LNS_MAPF_LNS_SAT_mapf-map_room-32-32-4_map-_home_max_Documents_PhD_MAPF_LNS_MAPF_LNS_SAT_mapf-scen-even_scen-even_room-32-32-4-even-5_scen-agents20-idx0-seed42-1760992261097,0,1,9,0.013196,1,3,0,3,5,10,852,228,0.000000,0.255000,0.711000,0.647000,0.040091,0
_home_max_Documents_PhD_MAPF_LNS_MAPF_LNS_SAT_mapf-map_room-32-32-4_map-_home_max_Documents_PhD_MAPF_LNS_MAPF_LNS_SAT_mapf-scen-even_scen-even_room-32-32-4-even-5_scen-agents20-idx0-seed42-1760992261097,0,2,15,0.021994,1,3,0,4,5,12,1779,365,0.000000,0.497000,1.311000,1.201000,0.090002,1
_home_max_Documents_PhD_MAPF_LNS_MAPF_LNS_SAT_mapf-map_room-32-32-4_map-_home_max_Documents_PhD_MAPF_LNS_MAPF_LNS_SAT_mapf-scen-even_scen-even_room-32-32-4-even-5_scen-agents20-idx0-seed42-1760992261097,0,0,8,0.011730,1,2,1,3,5,11,625,185,0.000000,0.183000,0.594000,0.521000,0.052447,1
_home_max_Documents_PhD_MAPF_LNS_MAPF_LNS_SAT_mapf-map_room-32-32-4_map-_home_max_Documents_PhD_MAPF_LNS_MAPF_LNS_SAT_mapf-scen-even_scen-even_room-32-32-4-even-5_scen-agents20-idx0-seed42-1760992261097,0,0,5,0.007331,1,2,3,5,4,7,180,69,0.000000,0.055000,0.169000,0.142000,0.005918,0
_home_max_Documents_PhD_MAPF_LNS_MAPF_LNS_SAT_mapf-map_room-32-32-4_map-_home_max_Documents_PhD_MAPF_LNS_MAPF_LNS_SAT_mapf-scen-even_scen-even_room-32-32-4-even-5_scen-agents20-idx0-seed42-1760992261097,0,1,11,0.016129,1,3,2,6,3,6,526,148,0.000000,0.150000,0.413000,0.371000,0.020388,1
_home_max_Documents_PhD_MAPF_LNS_MAPF_LNS_SAT_mapf-map_room-32-32-4_map-_home_max_Documents_PhD_MAPF_LNS_MAPF_LNS_SAT_mapf-scen-even_scen-even_room-32-32-4-even-5_scen-agents20-idx0-seed42-1760992261097,0,0,9,0.013196,1,2,8,10,2,4,38,19,0.000000,0.012000,0.055000,0.036000,0.002350,1
_home_max_Documents_PhD_MAPF_LNS_MAPF_LNS_SAT_mapf-map_room-32-32-4_map-_home_max_Documents_PhD_MAPF_LNS_MAPF_LNS_SAT_mapf-scen-even_scen-even_room-32-32-4-even-5_scen-agents20-idx0-seed42-1760992261097,0,0,4,0.005865,1,3,10,12,4,7,148,65,0.000000,0.049000,0.124000,0.097000,0.006048,0
_home_max_Documents_PhD_MAPF_LNS_MAPF_LNS_SAT_mapf-map_room-32-32-4_map-_home_max_Documents_PhD_MAPF_LNS_MAPF_LNS_SAT_mapf-scen-even_scen-even_room-32-32-4-even-5_scen-agents20-idx0-seed42-1760992261097,0,1,9,0.013196,1,3,9,13,1,2,26,14,0.000000,0.009000,0.036000,0.019000,0.000972,1
_home_max_Documents_PhD_MAPF_LNS_MAPF_LNS_SAT_mapf-map_room-32-32-4_map-_home_max_Documents_PhD_MAPF_LNS_MAPF_LNS_SAT_mapf-scen-even_scen-even_room-32-32-4-even-5_scen-agents20-idx0-seed42-1760992261097,0,0,4,0.005865,1,2,11,13,1,4,22,9,0.000000,0.006000,0.046000,0.026000,0.001858,1
_home_max_Documents_PhD_MAPF_LNS_MAPF_LNS_SAT_mapf-map_room-32-32-4_map-_home_max_Documents_PhD_MAPF_LNS_MAPF_LNS_SAT_mapf-scen-even_scen-even_room-32-32-4-even-5_scen-agents20-idx0-seed42-1760992261097,0,0,6,0.008798,1,2,13,15,1,2,13,7,0.000000,0.004000,0.026000,0.015000,0.000880,1
_home_max_Documents_PhD_MAPF_LNS_MAPF_LNS_SAT_mapf-map_room-32-32-4_map-_home_max_Documents_PhD_MAPF_LNS_MAPF_LNS_SAT_mapf-scen-even_scen-even_room-32-32-4-even-5_scen-agents20-idx0-seed42-1760992261097,0,0,6,0.008798,1,2,14,16,1,1,12,7,0.000000,0.004000,0.015000,0.010000,0.000421,1
_home_max_Documents_PhD_MAPF_LNS_MAPF_LNS_SAT_mapf-map_room-32-32-4_map-_home_max_Documents_PhD_MAPF_LNS_MAPF_LNS_SAT_mapf-scen-even_scen-even_room-32-32-4-even-5_scen-agents20-idx0-seed42-1760992261097,0,0,5,0.007331,1,2,18,20,2,3,28,15,0.000000,0.008000,0.033000,0.022000,0.001487,1
_home_max_Documents_PhD_MAPF_LNS_MAPF_LNS_SAT_mapf-map_room-32-32-4_map-_home_max_Documents_PhD_MAPF_LNS_MAPF_LNS_SAT_mapf-scen-even_scen-even_room-32-32-4-even-5_scen-agents20-idx0-seed42-1760992261097,0,0,5,0.007331,1,2,20,22,4,7,179,68,0.000000,0.056000,0.131000,0.109000,0.004688,0
_home_max_Documents_PhD_MAPF_LNS_MAPF_LNS_SAT_mapf-map_room-32-32-4_map-_home_max_Documents_PhD_MAPF_LNS_MAPF_LNS_SAT_mapf-scen-even_scen-even_room-32-32-4-even-5_scen-agents20-idx0-seed42-1760992261097,0,1,9,0.013196,1,2,19,23,4,9,434,129,0.000000,0.135000,0.293000,0.251000,0.019950,0
_home_max_Documents_PhD_MAPF_LNS_MAPF_LNS_SAT_mapf-map_room-32-32-4_map-_home_max_Documents_PhD_MAPF_LNS_MAPF_LNS_SAT_mapf-scen-even_scen-even_room-32-32-4-even-5_scen-agents20-idx0-seed42-1760992261097,0,2,15,0.021994,1,2,18,24,4,9,811,200,0.000000,0.249000,0.473000,0.419000,0.039441,1
_home_max_Documents_PhD_MAPF_LNS_MAPF_LNS_SAT_mapf-map_room-32-32-4_map-_home_max_Documents_PhD_MAPF_LNS_MAPF_LNS_SAT_mapf-scen-even_scen-even_room-32-32-4-even-5_scen-agents20-idx0-seed42-1760992261097,0,0,5,0.007331,1,2,21,23,1,1,24,10,0.000000,0.008000,0.026000,0.020000,0.001512,1
_home_max_Documents_PhD_MAPF_LNS_MAPF_LNS_SAT_mapf-map_room-32-32-4_map-_home_max_Documents_PhD_MAPF_LNS_MAPF_LNS_SAT_mapf-scen-even_scen-even_room-32-32-4-even-5_scen-agents20-idx0-seed42-1760992261097,0,0,7,0.010264,1,2,29,31,3,7,161,57,0.000000,0.050000,0.140000,0.109000,0.007758,1
_home_max_Documents_PhD_MAPF_LNS_MAPF_LNS_SAT_mapf-map_room-32-32-4_map-_home_max_Documents_PhD_MAPF_LNS_MAPF_LNS_SAT_mapf-scen-even_scen-even_room-32-32-4-even-5_scen-agents20-idx0-seed42-1760992261097,0,0,5,0.007331,1,2,36,38,1,2,25,10,0.000000,0.008000,0.034000,0.022000,0.001764,1
_home_max_Documents_PhD_MAPF_LNS_MAPF_LNS_SAT_mapf-map_room-32-32-4_map-_home_max_Documents_PhD_MAPF_LNS_MAPF_LNS_SAT_mapf-scen-even_scen-even_room-32-32-4-even-5_scen-agents20-idx1-seed42-1760992261149,0,0,7,0.010264,3,2,1,5,2,3,54,25,0.000000,0.017000,0.089000,0.067000,0.010212,1
_home_max_Documents_PhD_MAPF_LNS_MAPF_LNS_SAT_mapf-map_room-32-32-4_map-_home_max_Documents_PhD_MAPF_LNS_MAPF_LNS_SAT_mapf-scen-even_scen-even_room-32-32-4-even-5_scen-agents20-idx1-seed42-1760992261149,0,0,4,0.005865,1,2,8,10,4,7,148,63,0.000000,0.049000,0.122000,0.096000,0.005117,0
_home_max_Documents_PhD_MAPF_LNS_MAPF_LNS_SAT_mapf-map_room-32-32-4_map-_home_max_Documents_PhD_MAPF_LNS_MAPF_LNS_SAT_mapf-scen-even_scen-even_room-32-32-4-even-5_scen-agents20-idx1-seed42-1760992261149,0,1,9,0.013196,1,2,7,11,5,10,813,224,0.000000,0.249000,0.465000,0.416000,0.034277,0
_home_max_Documents_PhD_MAPF_LNS_MAPF_LNS_SAT_mapf-map_room-32-32-4_map-_home_max_Documents_PhD_MAPF_LNS_MAPF_LNS_SAT_mapf-scen-even_scen-even_room-32-32-4-even-5_scen-agents20-idx1-seed42-1760992261149,0,2,15,0.021994,1,3,6,12,4,8,836,214,0.000000,0.257000,0.489000,0.430000,0.042215,1
_home_max_Documents_PhD_MAPF_LNS_MAPF_LNS_SAT_mapf-map_room-32-32-4_map-_home_max_Documents_PhD_MAPF_LNS_MAPF_LNS_SAT_mapf-scen-even_scen-even_room-32-32-4-even-5_scen-agents20-idx1-seed42-1760992261149,0,0,9,0.013196,1,2,10,12,3,9,168,50,0.000000,0.043000,0.169000,0.126000,0.015408,1
_home_max_Documents_PhD_MAPF_LNS_MAPF_LNS_SAT_mapf-map_room-32-32-4_map-_home_max_Documents_PhD_MAPF_LNS_MAPF_LNS_SAT_mapf-scen-even_scen-even_room-32-32-4-even-5_scen-agents20-idx1-seed42-1760992261149,0,0,5,0.007331,1,2,12,14,1,2,25,10,0.000000,0.007000,0.034000,0.022000,0.001738,1
_home_max_Documents_PhD_MAPF_LNS_MAPF_LNS_SAT_mapf-map_room-32-32-4_map-_home_max_Documents_PhD_MAPF_LNS_MAPF_LNS_SAT_mapf-scen-even_scen-even_room-32-32-4-even-5_scen-agents20-idx1-seed42-1760992261149,0,0,5,0.007331,1,2,17,19,1,3,26,10,0.000000,0.007000,0.041000,0.025000,0.001838,1
_home_max_Documents_PhD_MAPF_LNS_MAPF_LNS_SAT_mapf-map_room-32-32-4_map-_home_max_Documents_PhD_MAPF_LNS_MAPF_LNS_SAT_mapf-scen-even_scen-even_room-32-32-4-even-5_scen-agents20-idx1-seed42-1760992261149,0,0,5,0.007331,1,2,19,21,4,7,179,68,0.000000,0.055000,0.138000,0.114000,0.005408,0
_home_max_Documents_PhD_MAPF_LNS_MAPF_LNS_SAT_mapf-map_room-32-32-4_map-_home_max_Documents_PhD_MAPF_LNS_MAPF_LNS_SAT_mapf-scen-even_scen-even_room-32-32-4-even-5_scen-agents20-idx1-seed42-1760992261149,0,1,9,0.013196,1,2,18,22,5,10,839,219,0.000000,0.241000,0.468000,0.425000,0.032137,0
_home_max_Documents_PhD_MAPF_LNS_MAPF_LNS_SAT_mapf-map_room-32-32-4_map-_home_max_Documents_PhD_MAPF_LNS_MAPF_LNS_SAT_mapf-scen-even_scen-even_room-32-32-4-even-5_scen-agents20-idx1-seed42-1760992261149,0,2,15,0.021994,1,3,17,23,4,9,1017,229,0.000000,0.296000,0.558000,0.503000,0.034240,1
_home_max_Documents_PhD_MAPF_LNS_MAPF_LNS_SAT_mapf-map_room-32-32-4_map-_home_max_Documents_PhD_MAPF_LNS_MAPF_LNS_SAT_mapf-scen-even_scen-even_room-32-32-4-even-5_scen-agents20-idx1-seed42-1760992261149,0,0,5,0.007331,1,2,19,21,1,2,25,10,0.000000,0.008000,0.035000,0.023000,0.001744,1
_home_max_Documents_PhD_MAPF_LNS_MAPF_LNS_SAT_mapf-map_room-32-32-4_map-_home_max_Documents_PhD_MAPF_LNS_MAPF_LNS_SAT_mapf-scen-even_scen-even_room-32-32-4-even-5_scen-agents20-idx1-seed42-1760992261149,0,0,5,0.007331,1,2,20,22,4,7,180,69,0.000000,0.058000,0.133000,0.111000,0.005307,0
_home_max_Documents_PhD_MAPF_LNS_MAPF_LNS_SAT_mapf-map_room-32-32-4_map-_home_max_Documents_PhD_MAPF_LNS_MAPF_LNS_SAT_mapf-scen-even_scen-even_room-32-32-4-even-5_scen-agents20-idx1-seed42-1760992261149,0,1,9,0.013196,1,2,19,23,5,10,870,235,0.000000,0.268000,0.493000,0.447000,0.035867,0
_home_max_Documents_PhD_MAPF_LNS_MAPF_LNS_SAT_mapf-map_room-32-32-4_map-_home_max_Documents_PhD_MAPF_LNS_MAPF_LNS_SAT_mapf-scen-even_scen-even_room-32-32-4-even-5_scen-agents20-idx1-seed42-1760992261149,0,2,16,0.023460,1,3,18,24,4,10,845,210,0.000000,0.261000,0.524000,0.447000,0.055870,1
_home_max_Documents_PhD_MAPF_LNS_MAPF_LNS_SAT_mapf-map_room-32-32-4_map-_home_max_Documents_PhD_MAPF_LNS_MAPF_LNS_SAT_mapf-scen-even_scen-even_room-32-32-4-even-5_scen-agents20-idx1-seed42-1760992261149,0,0,9,0.013196,3,3,21,25,2,3,58,29,0.000000,0.022000,0.056000,0.039000,0.002363,1
_home_max_Documents_PhD_MAPF_LNS_MAPF_LNS_SAT_mapf-map_room-32-32-4_map-_home_max_Documents_PhD_MAPF_LNS_MAPF_LNS_SAT_mapf-scen-even_scen-even_room-32-32-4-even-5_scen-agents20-idx1-seed42-1760992261149,0,0,9,0.013196,1,2,22,24,3,6,121,45,0.000000,0.036000,0.113000,0.086000,0.009617,1
_home_max_Documents_PhD_MAPF_LNS_MAPF_LNS_SAT_mapf-map_room-32-32-4_map-_home_max_Documents_PhD_MAPF_LNS_MAPF_LNS_SAT_mapf-scen-even_scen-even_room-32-32-4-even-5_scen-agents20-idx1-seed42-1760992261149,0,0,5,0.007331,1,2,25,27,1,2,25,10,0.000000,0.007000,0.032000,0.022000,0.001951,1
_home_max_Documents_PhD_MAPF_LNS_MAPF_LNS_SAT_mapf-map_room-32-32-4_map-_home_max_Documents_PhD_MAPF_LNS_MAPF_LNS_SAT_mapf-scen-even_scen-even_room-32-32-4-even-5_scen-agents20-idx1-seed42-1760992261149,0,0,9,0.013196,1,2,27,29,3,9,168,50,0.000000,0.042000,0.161000,0.119000,0.015248,1
_home_max_Documents_PhD_MAPF_LNS_MAPF_LNS_SAT_mapf-map_room-32-32-4_map-_home_max_Documents_PhD_MAPF_LNS_MAPF_LNS_SAT_mapf-scen-even_scen-even_room-32-32-4-even-5_scen-agents20-idx1-seed42-1760992261149,0,0,5,0.007331,1,3,30,32,1,2,26,11,0.000000,0.009000,0.035000,0.023000,0.001692,1
_home_max_Documents_PhD_MAPF_LNS_MAPF_LNS_SAT_mapf-map_room-32-32-4_map-_home_max_Documents_PhD_MAPF_LNS_MAPF_LNS_SAT_mapf-scen-even_scen-even_room-32-32-4-even-5_scen-agents20-idx1-seed42-1760992261149,0,0,5,0.007331,1,3,32,34,1,2,26,11,0.000000,0.008000,0.032000,0.021000,0.001591,1
_home_max_Documents_PhD_MAPF_LNS_MAPF_LNS_SAT_mapf-map_room-32-32-4_map-_home_max_Documents_PhD_MAPF_LNS_MAPF_LNS_SAT_mapf-scen-even_scen-even_room-32-32-4-even-5_scen-agents20-idx1-seed42-1760992261149,0,0,9,0.013196,1,2,34,36,3,7,205,63,0.000000,0.059000,0.156000,0.126000,0.008140,1
_home_max_Documents_PhD_MAPF_LNS_MAPF_LNS_SAT_mapf-map_room-32-32-4_map-_home_max_Documents_PhD_MAPF_LNS_MAPF_LNS_SAT_mapf-scen-even_scen-even_room-32-32-4-even-5_scen-agents20-idx1-seed42-1760992261149,0,0,8,0.011730,3,3,36,39,1,4,57,21,0.000000,0.019000,0.077000,0.047000,0.005195,1
_home_max_Documents_PhD_MAPF_LNS_MAPF_LNS_SAT_mapf-map_room-32-32-4_map-_home_max_Documents_PhD_MAPF_LNS_MAPF_LNS_SAT_mapf-scen-even_scen-even_room-32-32-4-even-5_scen-agents20-idx1-seed42-1760992261149,0,0,9,0.013196,1,2,37,39,3,16,214,63,0.000000,0.056000,0.285000,0.201000,0.052343,1
_home_max_Documents_PhD_MAPF_LNS_MAPF_LNS_SAT_mapf-map_room-32-32-4_map-_home_max_Documents_PhD_MAPF_LNS_MAPF_LNS_SAT_mapf-scen-even_scen-even_room-32-32-4-even-5_scen-agents20-idx2-seed42-1760992261212,0,0,4,0.005865,1,2,3,5,4,12,145,60,0.000000,0.066000,0.341000,0.244000,0.038175,1
_home_max_Documents_PhD_MAPF_LNS_MAPF_LNS_SAT_mapf-map_room-32-32-4_map-_home_max_Documents_PhD_MAPF_LNS_MAPF_LNS_SAT_mapf-scen-even_scen-even_room-32-32-4-even-5_scen-agents20-idx2-seed42-1760992261212,0,0,4,0.005865,1,2,8,10,4,7,144,61,0.000000,0.054000,0.139000,0.108000,0.006009,0
_home_max_Documents_PhD_MAPF_LNS_MAPF_LNS_SAT_mapf-map_room-32-32-4_map-_home_max_Documents_PhD_MAPF_LNS_MAPF_LNS_SAT_mapf-scen-even_scen-even_room-32-32-4-even-5_scen-agents20-idx2-seed42-1760992261212,0,1,8,0.011730,1,2,7,11,5,10,664,194,0.000000,0.212000,0.416000,0.366000,0.026814,0
_home_max_Documents_PhD_MAPF_LNS_MAPF_LNS_SAT_mapf-map_room-32-32-4_map-_home_max_Documents_PhD_MAPF_LNS_MAPF_LNS_SAT_mapf-scen-even_scen-even_room-32-32-4-even-5_scen-agents20-idx2-seed42-1760992261212,0,2,14,0.020528,1,3,6,12,4,19,858,232,0.000000,0.262000,0.733000,0.557000,0.115834,1
_home_max_Documents_PhD_MAPF_LNS_MAPF_LNS_SAT_mapf-map_room-32-32-4_map-_home_max_Documents_PhD_MAPF_LNS_MAPF_LNS_SAT_mapf-scen-even_scen-even_room-32-32-4-even-5_scen-agents20-idx2-seed42-1760992261212,0,0,5,0.007331,2,3,11,14,3,9,229,79,0.000000,0.076000,0.197000,0.147000,0.008113,0
_home_max_Documents_PhD_MAPF_LNS_MAPF_LNS_SAT_mapf-map_room-32-32-4_map-_home_max_Documents_PhD_MAPF_LNS_MAPF_LNS_SAT_mapf-scen-even_scen-even_room-32-32-4-even-5_scen-agents20-idx2-seed42-1760992261212,0,1,10,0.014663,2,4,10,15,1,4,178,47,0.000000,0.050000,0.150000,0.113000,0.015535,1
_home_max_Documents_PhD_MAPF_LNS_MAPF_LNS_SAT_mapf-map_room-32-32-4_map-_home_max_Documents_PhD_MAPF_LNS_MAPF_LNS_SAT_mapf-scen-even_scen-even_room-32-32-4-even-5_scen-agents20-idx2-seed42-1760992261212,0,0,4,0.005865,1,2,12,14,1,4,22,9,0.000000,0.006000,0.051000,0.027000,0.001945,1
_home_max_Documents_PhD_MAPF_LNS_MAPF_LNS_SAT_mapf-map_room-32-32-4_map-_home_max_Documents_PhD_MAPF_LNS_MAPF_LNS_SAT_mapf-scen-even_scen-even_room-32-32-4-even-5_scen-agents20-idx2-seed42-1760992261212,0,0,5,0.007331,1,2,13,15,1,1,24,10,0.000000,0.007000,0.024000,0.019000,0.001234,1
_home_max_Documents_PhD_MAPF_LNS_MAPF_LNS_SAT_mapf-map_room-32-32-4_map-_home_max_Documents_PhD_MAPF_LNS_MAPF_LNS_SAT_mapf-scen-even_scen-even_room-32-32-4-even-5_scen-agents20-idx2-seed42-1760992261212,0,0,9,0.013196,2,4,14,17,4,9,485,155,0.000000,0.145000,0.337000,0.274000,0.023918,1
_home_max_Documents_PhD_MAPF_LNS_MAPF_LNS_SAT_mapf-map_room-32-32-4_map-_home_max_Documents_PhD_MAPF_LNS_MAPF_LNS_SAT_mapf-scen-even_scen-even_room-32-32-4-even-5_scen-agents20-idx2-seed42-1760992261212,0,0,5,0.007331,1,3,15,17,1,2,26,11,0.000000,0.008000,0.040000,0.025000,0.001944,1
_home_max_Documents_PhD_MAPF_LNS_MAPF_LNS_SAT_mapf-map_room-32-32-4_map-_home_max_Documents_PhD_MAPF_LNS_MAPF_LNS_SAT_mapf-scen-even_scen-even_room-32-32-4-even-5_scen-agents20-idx2-seed42-1760992261212,0,0,5,0.007331,1,4,17,19,1,1,32,15,0.000000,0.012000,0.030000,0.023000,0.001309,1
_home_max_Documents_PhD_MAPF_LNS_MAPF_LNS_SAT_mapf-map_room-32-32-4_map-_home_max_Documents_PhD_MAPF_LNS_MAPF_LNS_SAT_mapf-scen-even_scen-even_room-32-32-4-even-5_scen-agents20-idx2-seed42-1760992261212,0,0,5,0.007331,1,5,19,21,1,1,27,13,0.000000,0.010000,0.025000,0.019000,0.001008,1
_home_max_Documents_PhD_MAPF_LNS_MAPF_LNS_SAT_mapf-map_room-32-32-4_map-_home_max_Documents_PhD_MAPF_LNS_MAPF_LNS_SAT_mapf-scen-even_scen-even_room-32-32-4-even-5_scen-agents20-idx2-seed42-1760992261212,0,0,5,0.007331,1,2,22,24,1,1,24,10,0.000000,0.007000,0.023000,0.018000,0.001088,1
_home_max_Documents_PhD_MAPF_LNS_MAPF_LNS_SAT_mapf-map_room-32-32-4_map-_home_max_Documents_PhD_MAPF_LNS_MAPF_LNS_SAT_mapf-scen-even_scen-even_room-32-32-4-even-5_scen-agents20-idx2-seed42-1760992261212,0,0,5,0.007331,1,2,43,45,1,1,24,10,0.000000,0.007000,0.022000,0.017000,0.000871,1
_home_max_Documents_PhD_MAPF_LNS_MAPF_LNS_SAT_mapf-map_room-32-32-4_map-_home_max_Documents_PhD_MAPF_LNS_MAPF_LNS_SAT_mapf-scen-even_scen-even_room-32-32-4-even-5_scen-agents20-idx3-seed42-1760992261263,0,0,10,0.014663,8,4,0,5,4,27,1398,388,0.000000,0.417000,1.712000,1.359000,0.370280,1
_home_max_Documents_PhD_MAPF_LNS_MAPF_LNS_SAT_mapf-map_room-32-32-4_map-_home_max_Documents_PhD_MAPF_LNS_MAPF_LNS_SAT_mapf-scen-even_scen-even_room-32-32-4-even-5_scen-agents20-idx3-seed42-1760992261263,0,0,8,0.011730,3,5,0,4,2,3,68,36,0.000000,0.026000,0.079000,0.056000,0.002695,1
_home_max_Documents_PhD_MAPF_LNS_MAPF_LNS_SAT_mapf-map_room-32-32-4_map-_home_max_Documents_PhD_MAPF_LNS_MAPF_LNS_SAT_mapf-scen-even_scen-even_room-32-32-4-even-5_scen-agents20-idx3-seed42-1760992261263,0,0,7,0.010264,1,3,0,2,2,4,48,24,0.000000,0.016000,0.073000,0.050000,0.003009,1
_home_max_Documents_PhD_MAPF_LNS_MAPF_LNS_SAT_mapf-map_room-32-32-4_map-_home_max_Documents_PhD_MAPF_LNS_MAPF_LNS_SAT_mapf-scen-even_scen-even_room-32-32-4-even-5_scen-agents20-idx3-seed42-1760992261263,0,0,16,0.023460,9,6,1,9,3,7,400,161,0.000000,0.142000,0.342000,0.268000,0.026253,1
_home_max_Documents_PhD_MAPF_LNS_MAPF_LNS_SAT_mapf-map_room-32-32-4_map-_home_max_Documents_PhD_MAPF_LNS_MAPF_LNS_SAT_mapf-scen-even_scen-even_room-32-32-4-even-5_scen-agents20-idx3-seed42-1760992261263,0,0,5,0.007331,1,3,5,7,1,2,26,11,0.000000,0.009000,0.038000,0.024000,0.002106,1
_home_max_Documents_PhD_MAPF_LNS_MAPF_LNS_SAT_mapf-map_room-32-32-4_map-_home_max_Documents_PhD_MAPF_LNS_MAPF_LNS_SAT_mapf-scen-even_scen-even_room-32-32-4-even-5_scen-agents20-idx3-seed42-1760992261263,0,0,5,0.007331,1,2,8,10,1,1,24,10,0.000000,0.008000,0.023000,0.018000,0.001137,1
_home_max_Documents_PhD_MAPF_LNS_MAPF_LNS_SAT_mapf-map_room-32-32-4_map-_home_max_Documents_PhD_MAPF_LNS_MAPF_LNS_SAT_mapf-scen-even_scen-even_room-32-32-4-even-5_scen-agents20-idx3-seed42-1760992261263,0,0,10,0.014663,2,4,15,18,4,11,862,253,0.000000,0.281000,0.584000,0.497000,0.062646,1
_home_max_Documents_PhD_MAPF_LNS_MAPF_LNS_SAT_mapf-map_room-32-32-4_map-_home_max_Documents_PhD_MAPF_LNS_MAPF_LNS_SAT_mapf-scen-even_scen-even_room-32-32-4-even-5_scen-agents20-idx3-seed42-1760992261263,0,0,9,0.013196,5,4,20,24,4,10,1437,363,0.000000,0.374000,0.783000,0.700000,0.047243,0
_home_max_Documents_PhD_MAPF_LNS_MAPF_LNS_SAT_mapf-map_room-32-32-4_map-_home_max_Documents_PhD_MAPF_LNS_MAPF_LNS_SAT_mapf-scen-even_scen-even_room-32-32-4-even-5_scen-agents20-idx3-seed42-1760992261263,0,1,15,0.021994,5,4,19,25,3,11,1461,327,0.000000,0.374000,0.884000,0.761000,0.109246,1
_home_max_Documents_PhD_MAPF_LNS_MAPF_LNS_SAT_mapf-map_room-32-32-4_map-_home_max_Documents_PhD_MAPF_LNS_MAPF_LNS_SAT_mapf-scen-even_scen-even_room-32-32-4-even-5_scen-agents20-idx3-seed42-1760992261263,0,0,7,0.010264,1,2,28,30,3,9,134,46,0.000000,0.039000,0.159000,0.109000,0.013842,1
_home_max_Documents_PhD_MAPF_LNS_MAPF_LNS_SAT_mapf-map_room-32-32-4_map-_home_max_Documents_PhD_MAPF_LNS_MAPF_LNS_SAT_mapf-scen-even_scen-even_room-32-32-4-even-5_scen-agents20-idx3-seed42-1760992261263,0,0,5,0.007331,1,2,29,31,1,1,24,10,0.000000,0.008000,0.023000,0.018000,0.001340,1
_home_max_Documents_PhD_MAPF_LNS_MAPF_LNS_SAT_mapf-map_room-32-32-4_map-_home_max_Documents_PhD_MAPF_LNS_MAPF_LNS_SAT_mapf-scen-even_scen-even_room-32-32-4-even-5_scen-agents20-idx3-seed42-1760992261263,0,0,7,0.010264,1,2,32,34,3,9,134,46,0.000000,0.039000,0.140000,0.097000,0.012135,1
_home_max_Documents_PhD_MAPF_LNS_MAPF_LNS_SAT_mapf-map_room-32-32-4_map-_home_max_Documents_PhD_MAPF_LNS_MAPF_LNS_SAT_mapf-scen-even_scen-even_room-32-32-4-even-5_scen-agents20-idx4-seed42-1760992261312,0,0,8,0.011730,2,2,1,4,1,1,18,10,0.000000,0.008000,0.049000,0.041000,0.007238,1
_home_max_Documents_PhD_MAPF_LNS_MAPF_LNS_SAT_mapf-map_room-32-32-4_map-_home_max_Documents_PhD_MAPF_LNS_MAPF_LNS_SAT_mapf-scen-even_scen-even_room-32-32-4-even-5_scen-agents20-idx4-seed42-1760992261312,0,0,4,0.005865,1,3,1,3,2,3,32,18,0.000000,0.012000,0.045000,0.028000,0.002200,1
_home_max_Documents_PhD_MAPF_LNS_MAPF_LNS_SAT_mapf-map_room-32-32-4_map-_home_max_Documents_PhD_MAPF_LNS_MAPF_LNS_SAT_mapf-scen-even_scen-even_room-32-32-4-even-5_scen-agents20-idx4-seed42-1760992261312,0,0,7,0.010264,1,2,6,8,3,7,84,37,0.000000,0.028000,0.105000,0.071000,0.007629,1
_home_max_Documents_PhD_MAPF_LNS_MAPF_LNS_SAT_mapf-map_room-32-32-4_map-_home_max_Documents_PhD_MAPF_LNS_MAPF_LNS_SAT_mapf-scen-even_scen-even_room-32-32-4-even-5_scen-agents20-idx4-seed42-1760992261312,0,0,4,0.005865,1,3,8,10,4,7,153,68,0.000000,0.055000,0.123000,0.094000,0.004747,0
_home_max_Documents_PhD_MAPF_LNS_MAPF_LNS_SAT_mapf-map_room-32-32-4_map-_home_max_Documents_PhD_MAPF_LNS_MAPF_LNS_SAT_mapf-scen-even_scen-even_room-32-32-4-even-5_scen-agents20-idx4-seed42-1760992261312,0,1,9,0.013196,1,3,7,11,1,1,35,19,0.000000,0.012000,0.030000,0.023000,0.001619,1
_home_max_Documents_PhD_MAPF_LNS_MAPF_LNS_SAT_mapf-map_room-32-32-4_map-_home_max_Documents_PhD_MAPF_LNS_MAPF_LNS_SAT_mapf-scen-even_scen-even_room-32-32-4-even-5_scen-agents20-idx4-seed42-1760992261312,0,0,4,0.005865,1,2,11,13,4,7,147,63,0.000000,0.051000,0.118000,0.096000,0.004494,0
_home_max_Documents_PhD_MAPF_LNS_MAPF_LNS_SAT_mapf-map_room-32-32-4_map-_home_max_Documents_PhD_MAPF_LNS_MAPF_LNS_SAT_mapf-scen-even_scen-even_room-32-32-4-even-5_scen-agents20-idx4-seed42-1760992261312,0,1,9,0.013196,1,2,10,14,7,45,3802,884,0.000000,1.144000,4.236000,3.581000,1.065456,1
_home_max_Documents_PhD_MAPF_LNS_MAPF_LNS_SAT_mapf-map_room-32-32-4_map-_home_max_Documents_PhD_MAPF_LNS_MAPF_LNS_SAT_mapf-scen-even_scen-even_room-32-32-4-even-5_scen-agents20-idx4-seed42-1760992261312,0,0,5,0.007331,1,2,12,14,1,2,25,10,0.000000,0.011000,0.043000,0.029000,0.002396,1
_home_max_Documents_PhD_MAPF_LNS_MAPF_LNS_SAT_mapf-map_room-32-32-4_map-_home_max_Documents_PhD_MAPF_LNS_MAPF_LNS_SAT_mapf-scen-even_scen-even_room-32-32-4-even-5_scen-agents20-idx4-seed42-1760992261312,0,0,9,0.013196,1,2,22,24,3,7,95,39,0.000000,0.033000,0.112000,0.078000,0.007690,1
_home_max_Documents_PhD_MAPF_LNS_MAPF_LNS_SAT_mapf-map_room-32-32-4_map-_home_max_Documents_PhD_MAPF_LNS_MAPF_LNS_SAT_mapf-scen-even_scen-even_room-32-32-4-even-5_scen-agents20-idx4-seed42-1760992261312,0,0,5,0.007331,1,2,27,29,3,6,80,34,0.000000,0.025000,0.080000,0.058000,0.005698,0
_home_max_Documents_PhD_MAPF_LNS_MAPF_LNS_SAT_mapf-map_room-32-32-4_map-_home_max_Documents_PhD_MAPF_LNS_MAPF_LNS_SAT_mapf-scen-even_scen-even_room-32-32-4-even-5_scen-agents20-idx4-seed42-1760992261312,0,1,10,0.014663,1,2,26,30,3,7,142,56,0.000000,0.046000,0.130000,0.097000,0.010858,0
_home_max_Documents_PhD_MAPF_LNS_MAPF_LNS_SAT_mapf-map_room-32-32-4_map-_home_max_Documents_PhD_MAPF_LNS_MAPF_LNS_SAT_mapf-scen-even_scen-even_room-32-32-4-even-5_scen-agents20-idx4-seed42-1760992261312,0,2,16,0.023460,1,2,25,31,3,7,209,80,0.000000,0.066000,0.159000,0.127000,0.012511,0
_home_max_Documents_PhD_MAPF_LNS_MAPF_LNS_SAT_mapf-map_room-32-32-4_map-_home_max_Documents_PhD_MAPF_LNS_MAPF_LNS_SAT_mapf-scen-even_scen-even_room-32-32-4-even-5_scen-agents20-idx4-seed42-1760992261312,0,3,23,0.033724,1,3,24,32,3,7,294,109,0.000000,0.106000,0.209000,0.168000,0.015545,0
_home_max_Documents_PhD_MAPF_LNS_MAPF_LNS_SAT_mapf-map_room-32-32-4_map-_home_max_Documents_PhD_MAPF_LNS_MAPF_LNS_SAT_mapf-scen-even_scen-even_room-32-32-4-even-5_scen-agents20-idx4-seed42-1760992261312,0,4,31,0.045455,1,4,23,33,3,7,523,184,0.000000,0.199000,0.339000,0.283000,0.025077,0
_home_max_Documents_PhD_MAPF_LNS_MAPF_LNS_SAT_mapf-map_room-32-32-4_map-_home_max_Documents_PhD_MAPF_LNS_MAPF_LNS_SAT_mapf-scen-even_scen-even_room-32-32-4-even-5_scen-agents20-idx4-seed42-1760992261312,0,5,38,0.055718,1,4,22,34,3,7,782,259,0.000000,0.285000,0.461000,0.403000,0.032557,0
_home_max_Documents_PhD_MAPF_LNS_MAPF_LNS_SAT_mapf-map_room-32-32-4_map-_home_max_Documents_PhD_MAPF_LNS_MAPF_LNS_SAT_mapf-scen-even_scen-even_room-32-32-4-even-5_scen-agents20-idx4-seed42-1760992261312,0,6,49,0.071848,1,7,21,35,3,7,2212,586,0.000000,0.810000,1.135000,1.043000,0.071225,0
_home_max_Documents_PhD_MAPF_LNS_MAPF_LNS_SAT_mapf-map_room-32-32-4_map-_home_max_Documents_PhD_MAPF_LNS_MAPF_LNS_SAT_mapf-scen-even_scen-even_room-32-32-4-even-5_scen-agents20-idx4-seed42-1760992261312,0,7,61,0.089443,1,7,20,36,3,7,3767,813,0.000000,1.225000,1.754000,1.641000,0.093868,0
_home_max_Documents_PhD_MAPF_LNS_MAPF_LNS_SAT_mapf-map_room-32-32-4_map-_home_max_Documents_PhD_MAPF_LNS_MAPF_LNS_SAT_mapf-scen-even_scen-even_room-32-32-4-even-5_scen-agents20-idx4-seed42-1760992261312,0,8,75,0.109971,1,7,19,37,3,7,5840,1053,0.000000,1.782000,2.591000,2.447000,0.128165,0
_home_max_Documents_PhD_MAPF_LNS_MAPF_LNS_SAT_mapf-map_room-32-32-4_map-_home_max_Documents_PhD_MAPF_LNS_MAPF_LNS_SAT_mapf-scen-even_scen-even_room-32-32-4-even-5_scen-agents20-idx4-seed42-1760992261312,0,9,90,0.131965,1,7,18,38,3,7,17038,1679,0.000000,4.579000,6.710000,6.472000,0.260555,0
_home_max_Documents_PhD_MAPF_LNS_MAPF_LNS_SAT_mapf-map_room-32-32-4_map-_home_max_Documents_PhD_MAPF_LNS_MAPF_LNS_SAT_mapf-scen-even_scen-even_room-32-32-4-even-5_scen-agents20-idx4-seed42-1760992261312,0,10,111,0.162757,1,7,17,39,3,7,29160,2234,0.000000,8.146000,11.134000,10.902000,0.383349,0
_home_max_Documents_PhD_MAPF_LNS_MAPF_LNS_SAT_mapf-map_room-32-32-4_map-_home_max_Documents_PhD_MAPF_LNS_MAPF_LNS_SAT_mapf-scen-even_scen-even_room-32-32-4-even-5_scen-agents20-idx4-seed42-1760992261312,0,11,130,0.190616,1,7,16,40,3,7,38053,2591,0.001000,10.963000,20.925000,20.630000,0.631959,0
_home_max_Documents_PhD_MAPF_LNS_MAPF_LNS_SAT_mapf-map_room-32-32-4_map-_home_max_Documents_PhD_MAPF_LNS_MAPF_LNS_SAT_mapf-scen-even_scen-even_room-32-32-4-even-5_scen-agents20-idx4-seed42-1760992261312,0,12,155,0.227273,1,8,15,41,3,7,48979,3089,0.000000,14.206000,31.576000,31.290000,0.713823,0
_home_max_Documents_PhD_MAPF_LNS_MAPF_LNS_SAT_mapf-map_room-32-32-4_map-_home_max_Documents_PhD_MAPF_LNS_MAPF_LNS_SAT_mapf-scen-even_scen-even_room-32-32-4-even-5_scen-agents20-idx4-seed42-1760992261312,0,13,177,0.259531,1,8,14,42,3,7,63413,3535,0.000000,18.348000,45.258000,44.939000,0.856800,0
_home_max_Documents_PhD_MAPF_LNS_MAPF_LNS_SAT_mapf-map_room-32-32-4_map-_home_max_Documents_PhD_MAPF_LNS_MAPF_LNS_SAT_mapf-scen-even_scen-even_room-32-32-4-even-5_scen-agents20-idx4-seed42-1760992261312,0,14,208,0.304985,1,9,13,43,3,7,85068,4215,0.001000,27.431000,62.203000,61.644000,1.104598,0
_home_max_Documents_PhD_MAPF_LNS_MAPF_LNS_SAT_mapf-map_room-32-32-4_map-_home_max_Documents_PhD_MAPF_LNS_MAPF_LNS_SAT_mapf-scen-even_scen-even_room-32-32-4-even-5_scen-agents20-idx4-seed42-1760992261312,0,15,234,0.343109,1,12,12,44,3,7,319157,12029,0.002000,105.664000,257.409000,255.905000,3.677709,0
_home_max_Documents_PhD_MAPF_LNS_MAPF_LNS_SAT_mapf-map_room-32-32-4_map-_home_max_Documents_PhD_MAPF_LNS_MAPF_LNS_SAT_mapf-scen-even_scen-even_room-32-32-4-even-5_scen-agents20-idx4-seed42-1760992261312,0,16,265,0.388563,1,15,11,45,3,7,483494,16740,0.004000,178.886000,417.558000,414.861000,7.381426,0
_home_max_Documents_PhD_MAPF_LNS_MAPF_LNS_SAT_mapf-map_room-32-32-4_map-_home_max_Documents_PhD_MAPF_LNS_MAPF_LNS_SAT_mapf-scen-even_scen-even_room-32-32-4-even-5_scen-agents20-idx4-seed42-1760992261312,0,17,293,0.429619,1,16,10,46,3,7,931195,29024,0.005000,544.989000,996.155000,989.689000,14.957670,0
_home_max_Documents_PhD_MAPF_LNS_MAPF_LNS_SAT_mapf-map_room-32-32-4_map-_home_max_Documents_PhD_MAPF_LNS_MAPF_LNS_SAT_mapf-scen-even_scen-even_room-32-32-4-even-5_scen-agents20-idx4-seed42-1760992261312,0,18,324,0.475073,1,17,9,47,3,7,1631415,43141,0.007000,1055.297000,1986.257000,1975.954000,21.629758,0
_home_max_Documents_PhD_MAPF_LNS_MAPF_LNS_SAT_mapf-map_room-32-32-4_map-_home_max_Documents_PhD_MAPF_LNS_MAPF_LNS_SAT_mapf-scen-even_scen-even_room-32-32-4-even-5_scen-agents20-idx4-seed42-1760992261312,0,19,359,0.526393,1,18,8,48,3,7,2182870,50936,0.007000,1582.103000,2833.382000,2821.141000,27.650143,0
_home_max_Documents_PhD_MAPF_LNS_MAPF_LNS_SAT_mapf-map_room-32-32-4_map-_home_max_Documents_PhD_MAPF_LNS_MAPF_LNS_SAT_mapf-scen-even_scen-even_room-32-32-4-even-5_scen-agents20-idx4-seed42-1760992261312,0,20,392,0.574780,1,18,7,49,3,12,2949698,64562,0.005000,2665.631000,3350.572000,3328.026000,35.426180,1
_home_max_Documents_PhD_MAPF_LNS_MAPF_LNS_SAT_mapf-map_room-32-32-4_map-_home_max_Documents_PhD_MAPF_LNS_MAPF_LNS_SAT_mapf-scen-even_scen-even_room-32-32-4-even-5_scen-agents20-idx4-seed42-1760992261312,0,0,4,0.005865,1,3,29,31,2,3,30,17,0.001000,0.017000,0.059000,0.039000,0.005025,1
_home_max_Documents_PhD_MAPF_LNS_MAPF_LNS_SAT_mapf-map_room-32-32-4_map-_home_max_Documents_PhD_MAPF_LNS_MAPF_LNS_SAT_mapf-scen-even_scen-even_room-32-32-4-even-5_scen-agents20-idx4-seed42-1760992261312,0,0,5,0.007331,1,2,44,46,1,1,24,10,0.000000,0.009000,0.027000,0.021000,0.002062,1
_home_max_Documents_PhD_MAPF_LNS_MAPF_LNS_SAT_mapf-map_room-32-32-4_map-_home_max_Documents_PhD_MAPF_LNS_MAPF_LNS_SAT_mapf-scen-even_scen-even_room-32-32-4-even-5_scen-agents20-idx5-seed42-1760992278161,0,0,8,0.011730,1,4,0,2,4,10,338,110,0.000000,0.188000,0.703000,0.565000,0.067340,1
_home_max_Documents_PhD_MAPF_LNS_MAPF_LNS_SAT_mapf-map_room-32-32-4_map-_home_max_Documents_PhD_MAPF_LNS_MAPF_LNS_SAT_mapf-scen-even_scen-even_room-32-32-4-even-5_scen-agents20-idx5-seed42-1760992278161,0,0,8,0.011730,1,2,2,4,2,3,32,17,0.000000,0.023000,0.091000,0.062000,0.003998,1
_home_max_Documents_PhD_MAPF_LNS_MAPF_LNS_SAT_mapf-map_room-32-32-4_map-_home_max_Documents_PhD_MAPF_LNS_MAPF_LNS_SAT_mapf-scen-even_scen-even_room-32-32-4-even-5_scen-agents20-idx5-seed42-1760992278161,0,0,7,0.010264,1,2,2,4,3,5,103,40,0.000000,0.062000,0.189000,0.144000,0.009092,1
_home_max_Documents_PhD_MAPF_LNS_MAPF_LNS_SAT_mapf-map_room-32-32-4_map-_home_max_Documents_PhD_MAPF_LNS_MAPF_LNS_SAT_mapf-scen-even_scen-even_room-32-32-4-even-5_scen-agents20-idx5-seed42-1760992278161,0,0,9,0.013196,3,5,7,10,4,13,676,202,0.000000,0.393000,0.856000,0.674000,0.120717,0
_home_max_Documents_PhD_MAPF_LNS_MAPF_LNS_SAT_mapf-map_room-32-32-4_map-_home_max_Documents_PhD_MAPF_LNS_MAPF_LNS_SAT_mapf-scen-even_scen-even_room-32-32-4-even-5_scen-agents20-idx5-seed42-1760992278161,0,1,16,0.023460,3,6,6,11,4,15,1513,362,0.000000,0.644000,1.240000,1.028000,0.188375,1
_home_max_Documents_PhD_MAPF_LNS_MAPF_LNS_SAT_mapf-map_room-32-32-4_map-_home_max_Documents_PhD_MAPF_LNS_MAPF_LNS_SAT_mapf-scen-even_scen-even_room-32-32-4-even-5_scen-agents20-idx5-seed42-1760992278161,0,0,4,0.005865,1,2,10,12,4,7,144,61,0.000000,0.052000,0.145000,0.116000,0.005659,0
_home_max_Documents_PhD_MAPF_LNS_MAPF_LNS_SAT_mapf-map_room-32-32-4_map-_home_max_Documents_PhD_MAPF_LNS_MAPF_LNS_SAT_mapf-scen-even_scen-even_room-32-32-4-even-5_scen-agents20-idx5-seed42-1760992278161,0,1,9,0.013196,1,2,9,13,5,10,790,210,0.000000,0.232000,0.453000,0.408000,0.027613,0
_home_max_Documents_PhD_MAPF_LNS_MAPF_LNS_SAT_mapf-map_room-32-32-4_map-_home_max_Documents_PhD_MAPF_LNS_MAPF_LNS_SAT_mapf-scen-even_scen-even_room-32-32-4-even-5_scen-agents20-idx5-seed42-1760992278161,0,2,15,0.021994,1,2,8,14,4,9,636,164,0.000000,0.181000,0.384000,0.329000,0.026383,1
_home_max_Documents_PhD_MAPF_LNS_MAPF_LNS_SAT_mapf-map_room-32-32-4_map-_home_max_Documents_PhD_MAPF_LNS_MAPF_LNS_SAT_mapf-scen-even_scen-even_room-32-32-4-even-5_scen-agents20-idx5-seed42-1760992278161,0,0,7,0.010264,1,2,24,26,3,7,83,36,0.000000,0.028000,0.099000,0.068000,0.006526,1
_home_max_Documents_PhD_MAPF_LNS_MAPF_LNS_SAT_mapf-map_room-32-32-4_map-_home_max_Documents_PhD_MAPF_LNS_MAPF_LNS_SAT_mapf-scen-even_scen-even_room-32-32-4-even-5_scen-agents20-idx5-seed42-1760992278161,0,0,9,0.013196,3,2,27,31,2,3,52,25,0.000000,0.017000,0.053000,0.036000,0.002253,1
_home_max_Documents_PhD_MAPF_LNS_MAPF_LNS_SAT_mapf-map_room-32-32-4_map-_home_max_Documents_PhD_MAPF_LNS_MAPF_LNS_SAT_mapf-scen-even_scen-even_room-32-32-4-even-5_scen-agents20-idx5-seed42-1760992278161,0,0,4,0.005865,1,2,37,39,1,4,22,9,0.000000,0.007000,0.046000,0.026000,0.002164,1
_home_max_Documents_PhD_MAPF_LNS_MAPF_LNS_SAT_mapf-map_room-32-32-4_map-_home_max_Documents_PhD_MAPF_LNS_MAPF_LNS_SAT_mapf-scen-even_scen-even_room-32-32-4-even-5_scen-agents20-idx5-seed42-1760992278161,0,0,7,0.010264,2,3,41,44,3,9,381,118,0.000000,0.128000,0.311000,0.248000,0.036521,1
_home_max_Documents_PhD_MAPF_LNS_MAPF_LNS_SAT_mapf-map_room-32-32-4_map-_home_max_Documents_PhD_MAPF_LNS_MAPF_LNS_SAT_mapf-scen-even_scen-even_room-32-32-4-even-6_scen-agents20-idx0-seed42-1760992278212,0,0,7,0.010264,1,3,0,2,3,7,88,39,0.000000,0.027000,0.157000,0.113000,0.013975,1
_home_max_Documents_PhD_MAPF_LNS_MAPF_LNS_SAT_mapf-map_room-32-32-4_map-_home_max_Documents_PhD_MAPF_LNS_MAPF_LNS_SAT_mapf-scen-even_scen-even_room-32-32-4-even-6_scen-agents20-idx0-seed42-1760992278212,0,0,8,0.011730,3,3,1,5,2,3,60,30,0.000000,0.019000,0.054000,0.037000,0.002059,1
_home_max_Documents_PhD_MAPF_LNS_MAPF_LNS_SAT_mapf-map_room-32-32-4_map-_home_max_Documents_PhD_MAPF_LNS_MAPF_LNS_SAT_mapf-scen-even_scen-even_room-32-32-4-even-6_scen-agents20-idx0-seed42-1760992278212,0,0,9,0.013196,5,4,6,10,4,8,438,153,0.000000,0.139000,0.272000,0.229000,0.007807,0
_home_max_Documents_PhD_MAPF_LNS_MAPF_LNS_SAT_mapf-map_room-32-32-4_map-_home_max_Documents_PhD_MAPF_LNS_MAPF_LNS_SAT_mapf-scen-even_scen-even_room-32-32-4-even-6_scen-agents20-idx0-seed42-1760992278212,0,1,17,0.024927,5,6,5,11,2,3,152,72,0.000000,0.068000,0.090000,0.072000,0.001293,0
_home_max_Documents_PhD_MAPF_LNS_MAPF_LNS_SAT_mapf-map_room-32-32-4_map-_home_max_Documents_PhD_MAPF_LNS_MAPF_LNS_SAT_mapf-scen-even_scen-even_room-32-32-4-even-6_scen-agents20-idx0-seed42-1760992278212,0,2,36,0.052786,6,6,4,13,4,8,3267,682,0.000000,0.966000,1.592000,1.464000,0.101460,1
_home_max_Documents_PhD_MAPF_LNS_MAPF_LNS_SAT_mapf-map_room-32-32-4_map-_home_max_Documents_PhD_MAPF_LNS_MAPF_LNS_SAT_mapf-scen-even_scen-even_room-32-32-4-even-6_scen-agents20-idx0-seed42-1760992278212,0,0,9,0.013196,1,3,7,9,3,7,169,53,0.000000,0.046000,0.157000,0.122000,0.012492,1
_home_max_Documents_PhD_MAPF_LNS_MAPF_LNS_SAT_mapf-map_room-32-32-4_map-_home_max_Documents_PhD_MAPF_LNS_MAPF_LNS_SAT_mapf-scen-even_scen-even_room-32-32-4-even-6_scen-agents20-idx0-seed42-1760992278212,0,0,5,0.007331,1,2,9,11,1,2,25,10,0.000000,0.008000,0.036000,0.023000,0.001859,1
_home_max_Documents_PhD_MAPF_LNS_MAPF_LNS_SAT_mapf-map_room-32-32-4_map-_home_max_Documents_PhD_MAPF_LNS_MAPF_LNS_SAT_mapf-scen-even_scen-even_room-32-32-4-even-6_scen-agents20-idx0-seed42-1760992278212,0,0,9,0.013196,1,2,17,19,7,15,3279,737,0.000000,0.933000,2.188000,2.088000,0.084150,0
_home_max_Documents_PhD_MAPF_LNS_MAPF_LNS_SAT_mapf-map_room-32-32-4_map-_home_max_Documents_PhD_MAPF_LNS_MAPF_LNS_SAT_mapf-scen-even_scen-even_room-32-32-4-even-6_scen-agents20-idx0-seed42-1760992278212,0,1,16,0.023460,1,2,16,20,4,9,693,162,0.000000,0.207000,0.408000,0.355000,0.028758,1
_home_max_Documents_PhD_MAPF_LNS_MAPF_LNS_SAT_mapf-map_room-32-32-4_map-_home_max_Documents_PhD_MAPF_LNS_MAPF_LNS_SAT_mapf-scen-even_scen-even_room-32-32-4-even-6_scen-agents20-idx0-seed42-1760992278212,0,0,9,0.013196,2,3,23,26,4,10,711,201,0.000000,0.212000,0.469000,0.400000,0.042252,1
_home_max_Documents_PhD_MAPF_LNS_MAPF_LNS_SAT_mapf-map_room-32-32-4_map-_home_max_Documents_PhD_MAPF_LNS_MAPF_LNS_SAT_mapf-scen-even_scen-even_room-32-32-4-even-6_scen-agents20-idx0-seed42-1760992278212,0,0,12,0.017595,3,4,30,33,4,11,1174,279,0.000000,0.398000,0.714000,0.615000,0.058680,1
_home_max_Documents_PhD_MAPF_LNS_MAPF_LNS_SAT_mapf-map_room-32-32-4_map-_home_max_Documents_PhD_MAPF_LNS_MAPF_LNS_SAT_mapf-scen-even_scen-even_room-32-32-4-even-6_scen-agents20-idx0-seed42-1760992278212,0,0,8,0.011730,1,2,30,32,3,8,92,40,0.000000,0.031000,0.123000,0.080000,0.011745,1
_home_max_Documents_PhD_MAPF_LNS_MAPF_LNS_SAT_mapf-map_room-32-32-4_map-_home_max_Documents_PhD_MAPF_LNS_MAPF_LNS_SAT_mapf-scen-even_scen-even_room-32-32-4-even-6_scen-agents20-idx0-seed42-1760992278212,0,0,9,0.013196,2,3,36,39,2,10,203,63,0.000000,0.059000,0.218000,0.151000,0.021951,1
_home_max_Documents_PhD_MAPF_LNS_MAPF_LNS_SAT_mapf-map_room-32-32-4_map-_home_max_Documents_PhD_MAPF_LNS_MAPF_LNS_SAT_mapf-scen-even_scen-even_room-32-32-4-even-6_scen-agents20-idx0-seed42-1760992278212,0,0,9,0.013196,2,3,48,51,2,14,222,67,0.000000,0.067000,0.303000,0.206000,0.056945,1
_home_max_Documents_PhD_MAPF_LNS_MAPF_LNS_SAT_mapf-map_room-32-32-4_map-_home_max_Documents_PhD_MAPF_LNS_MAPF_LNS_SAT_mapf-scen-even_scen-even_room-32-32-4-even-6_scen-agents20-idx1-seed42-1760992278262,0,0,11,0.016129,2,3,10,13,3,10,378,105,0.000000,0.114000,0.333000,0.263000,0.038382,1
_home_max_Documents_PhD_MAPF_LNS_MAPF_LNS_SAT_mapf-map_room-32-32-4_map-_home_max_Documents_PhD_MAPF_LNS_MAPF_LNS_SAT_mapf-scen-even_scen-even_room-32-32-4-even-6_scen-agents20-idx1-seed42-1760992278262,0,0,7,0.010264,1,2,15,17,1,2,18,9,0.000000,0.007000,0.033000,0.021000,0.001834,1
_home_max_Documents_PhD_MAPF_LNS_MAPF_LNS_SAT_mapf-map_room-32-32-4_map-_home_max_Documents_PhD_MAPF_LNS_MAPF_LNS_SAT_mapf-scen-even_scen-even_room-32-32-4-even-6_scen-agents20-idx1-seed42-1760992278262,0,0,7,0.010264,1,2,17,19,3,6,98,40,0.000000,0.031000,0.112000,0.083000,0.010278,1
_home_max_Documents_PhD_MAPF_LNS_MAPF_LNS_SAT_mapf-map_room-32-32-4_map-_home_max_Documents_PhD_MAPF_LNS_MAPF_LNS_SAT_mapf-scen-even_scen-even_room-32-32-4-even-6_scen-agents20-idx1-seed42-1760992278262,0,0,12,0.017595,5,2,18,24,2,3,84,39,0.000000,0.030000,0.071000,0.054000,0.004587,1
_home_max_Documents_PhD_MAPF_LNS_MAPF_LNS_SAT_mapf-map_room-32-32-4_map-_home_max_Documents_PhD_MAPF_LNS_MAPF_LNS_SAT_mapf-scen-even_scen-even_room-32-32-4-even-6_scen-agents20-idx1-seed42-1760992278262,0,0,5,0.007331,1,2,25,27,1,1,24,10,0.000000,0.009000,0.027000,0.020000,0.001412,1
_home_max_Documents_PhD_MAPF_LNS_MAPF_LNS_SAT_mapf-map_room-32-32-4_map-_home_max_Documents_PhD_MAPF_LNS_MAPF_LNS_SAT_mapf-scen-even_scen-even_room-32-32-4-even-6_scen-agents20-idx1-seed42-1760992278262,0,0,5,0.007331,1,3,28,30,4,7,333,125,0.000000,0.131000,0.219000,0.192000,0.009079,0
_home_max_Documents_PhD_MAPF_LNS_MAPF_LNS_SAT_mapf-map_room-32-32-4_map-_home_max_Documents_PhD_MAPF_LNS_MAPF_LNS_SAT_mapf-scen-even_scen-even_room-32-32-4-even-6_scen-agents20-idx1-seed42-1760992278262,0,1,9,0.013196,1,3,27,31,5,10,1905,466,0.000000,0.614000,0.984000,0.920000,0.054831,0
_home_max_Documents_PhD_MAPF_LNS_MAPF_LNS_SAT_mapf-map_room-32-32-4_map-_home_max_Documents_PhD_MAPF_LNS_MAPF_LNS_SAT_mapf-scen-even_scen-even_room-32-32-4-even-6_scen-agents20-idx1-seed42-1760992278262,0,2,16,0.023460,1,3,26,32,4,11,2688,488,0.000000,0.780000,1.392000,1.291000,0.125548,1
_home_max_Documents_PhD_MAPF_LNS_MAPF_LNS_SAT_mapf-map_room-32-32-4_map-_home_max_Documents_PhD_MAPF_LNS_MAPF_LNS_SAT_mapf-scen-even_scen-even_room-32-32-4-even-6_scen-agents20-idx1-seed42-1760992278262,0,0,5,0.007331,1,2,34,36,1,2,25,10,0.000000,0.008000,0.040000,0.026000,0.002055,1
_home_max_Documents_PhD_MAPF_LNS_MAPF_LNS_SAT_mapf-map_room-32-32-4_map-_home_max_Documents_PhD_MAPF_LNS_MAPF_LNS_SAT_mapf-scen-even_scen-even_room-32-32-4-even-6_scen-agents20-idx2-seed42-1760992278313,0,0,5,0.007331,1,2,0,2,4,7,183,70,0.000000,0.059000,0.216000,0.185000,0.012370,0
_home_max_Documents_PhD_MAPF_LNS_MAPF_LNS_SAT_mapf-map_room-32-32-4_map-_home_max_Documents_PhD_MAPF_LNS_MAPF_LNS_SAT_mapf-scen-even_scen-even_room-32-32-4-even-6_scen-agents20-idx2-seed42-1760992278313,0,1,11,0.016129,1,2,0,3,1,2,21,11,0.000000,0.008000,0.036000,0.022000,0.002112,1
_home_max_Documents_PhD_MAPF_LNS_MAPF_LNS_SAT_mapf-map_room-32-32-4_map-_home_max_Documents_PhD_MAPF_LNS_MAPF_LNS_SAT_mapf-scen-even_scen-even_room-32-32-4-even-6_scen-agents20-idx2-seed42-1760992278313,0,0,7,0.010264,1,3,2,4,3,5,84,39,0.000000,0.029000,0.089000,0.067000,0.004146,1
_home_max_Documents_PhD_MAPF_LNS_MAPF_LNS_SAT_mapf-map_room-32-32-4_map-_home_max_Documents_PhD_MAPF_LNS_MAPF_LNS_SAT_mapf-scen-even_scen-even_room-32-32-4-even-6_scen-agents20-idx2-seed42-1760992278313,0,0,4,0.005865,1,2,2,4,1,2,20,9,0.000000,0.006000,0.033000,0.021000,0.001851,1
_home_max_Documents_PhD_MAPF_LNS_MAPF_LNS_SAT_mapf-map_room-32-32-4_map-_home_max_Documents_PhD_MAPF_LNS_MAPF_LNS_SAT_mapf-scen-even_scen-even_room-32-32-4-even-6_scen-agents20-idx2-seed42-1760992278313,0,0,5,0.007331,1,3,4,6,1,3,27,11,0.000000,0.007000,0.044000,0.025000,0.002188,1
_home_max_Documents_PhD_MAPF_LNS_MAPF_LNS_SAT_mapf-map_room-32-32-4_map-_home_max_Documents_PhD_MAPF_LNS_MAPF_LNS_SAT_mapf-scen-even_scen-even_room-32-32-4-even-6_scen-agents20-idx2-seed42-1760992278313,0,0,9,0.013196,1,3,5,7,3,9,171,53,0.000000,0.045000,0.168000,0.121000,0.014270,1
_home_max_Documents_PhD_MAPF_LNS_MAPF_LNS_SAT_mapf-map_room-32-32-4_map-_home_max_Documents_PhD_MAPF_LNS_MAPF_LNS_SAT_mapf-scen-even_scen-even_room-32-32-4-even-6_scen-agents20-idx2-seed42-1760992278313,0,0,5,0.007331,1,2,6,8,1,1,24,10,0.000000,0.007000,0.025000,0.019000,0.001285,1
_home_max_Documents_PhD_MAPF_LNS_MAPF_LNS_SAT_mapf-map_room-32-32-4_map-_home_max_Documents_PhD_MAPF_LNS_MAPF_LNS_SAT_mapf-scen-even_scen-even_room-32-32-4-even-6_scen-agents20-idx2-seed42-1760992278313,0,0,8,0.011730,1,2,11,13,3,7,118,42,0.000000,0.034000,0.119000,0.088000,0.008451,1
_home_max_Documents_PhD_MAPF_LNS_MAPF_LNS_SAT_mapf-map_room-32-32-4_map-_home_max_Documents_PhD_MAPF_LNS_MAPF_LNS_SAT_mapf-scen-even_scen-even_room-32-32-4-even-6_scen-agents20-idx2-seed42-1760992278313,0,0,4,0.005865,1,2,12,14,4,7,144,61,0.000000,0.050000,0.115000,0.092000,0.005253,0
_home_max_Documents_PhD_MAPF_LNS_MAPF_LNS_SAT_mapf-map_room-32-32-4_map-_home_max_Documents_PhD_MAPF_LNS_MAPF_LNS_SAT_mapf-scen-even_scen-even_room-32-32-4-even-6_scen-agents20-idx2-seed42-1760992278313,0,1,8,0.011730,1,2,11,15,5,10,661,192,0.000000,0.206000,0.394000,0.354000,0.028836,0
_home_max_Documents_PhD_MAPF_LNS_MAPF_LNS_SAT_mapf-map_room-32-32-4_map-_home_max_Documents_PhD_MAPF_LNS_MAPF_LNS_SAT_mapf-scen-even_scen-even_room-32-32-4-even-6_scen-agents20-idx2-seed42-1760992278313,0,2,14,0.020528,1,2,10,16,4,9,589,161,0.000000,0.180000,0.371000,0.318000,0.031318,1
_home_max_Documents_PhD_MAPF_LNS_MAPF_LNS_SAT_mapf-map_room-32-32-4_map-_home_max_Documents_PhD_MAPF_LNS_MAPF_LNS_SAT_mapf-scen-even_scen-even_room-32-32-4-even-6_scen-agents20-idx2-seed42-1760992278313,0,0,5,0.007331,1,2,13,15,4,7,180,69,0.000000,0.056000,0.136000,0.113000,0.005366,0
_home_max_Documents_PhD_MAPF_LNS_MAPF_LNS_SAT_mapf-map_room-32-32-4_map-_home_max_Documents_PhD_MAPF_LNS_MAPF_LNS_SAT_mapf-scen-even_scen-even_room-32-32-4-even-6_scen-agents20-idx2-seed42-1760992278313,0,1,10,0.014663,1,2,12,16,1,1,26,14,0.000000,0.009000,0.025000,0.018000,0.001474,1
_home_max_Documents_PhD_MAPF_LNS_MAPF_LNS_SAT_mapf-map_room-32-32-4_map-_home_max_Documents_PhD_MAPF_LNS_MAPF_LNS_SAT_mapf-scen-even_scen-even_room-32-32-4-even-6_scen-agents20-idx2-seed42-1760992278313,0,0,5,0.007331,1,3,17,19,1,3,27,11,0.000000,0.008000,0.044000,0.026000,0.002285,1
_home_max_Documents_PhD_MAPF_LNS_MAPF_LNS_SAT_mapf-map_room-32-32-4_map-_home_max_Documents_PhD_MAPF_LNS_MAPF_LNS_SAT_mapf-scen-even_scen-even_room-32-32-4-even-6_scen-agents20-idx2-seed42-1760992278313,0,0,9,0.013196,2,5,19,22,4,10,659,176,0.000000,0.212000,0.439000,0.364000,0.042107,1
_home_max_Documents_PhD_MAPF_LNS_MAPF_LNS_SAT_mapf-map_room-32-32-4_map-_home_max_Documents_PhD_MAPF_LNS_MAPF_LNS_SAT_mapf-scen-even_scen-even_room-32-32-4-even-6_scen-agents20-idx2-seed42-1760992278313,0,0,5,0.007331,1,2,20,22,1,1,24,10,0.000000,0.008000,0.025000,0.020000,0.001449,1
_home_max_Documents_PhD_MAPF_LNS_MAPF_LNS_SAT_mapf-map_room-32-32-4_map-_home_max_Documents_PhD_MAPF_LNS_MAPF_LNS_SAT_mapf-scen-even_scen-even_room-32-32-4-even-6_scen-agents20-idx2-seed42-1760992278313,0,0,9,0.013196,1,3,23,25,3,7,230,76,0.000000,0.069000,0.184000,0.144000,0.012332,1
_home_max_Documents_PhD_MAPF_LNS_MAPF_LNS_SAT_mapf-map_room-32-32-4_map-_home_max_Documents_PhD_MAPF_LNS_MAPF_LNS_SAT_mapf-scen-even_scen-even_room-32-32-4-even-6_scen-agents20-idx2-seed42-1760992278313,0,0,5,0.007331,1,2,24,26,1,3,26,10,0.000000,0.008000,0.042000,0.025000,0.002227,1
_home_max_Documents_PhD_MAPF_LNS_MAPF_LNS_SAT_mapf-map_room-32-32-4_map-_home_max_Documents_PhD_MAPF_LNS_MAPF_LNS_SAT_mapf-scen-even_scen-even_room-32-32-4-even-6_scen-agents20-idx2-seed42-1760992278313,0,0,5,0.007331,1,2,27,29,1,3,26,10,0.000000,0.007000,0.041000,0.024000,0.001815,1
_home_max_Documents_PhD_MAPF_LNS_MAPF_LNS_SAT_mapf-map_room-32-32-4_map-_home_max_Documents_PhD_MAPF_LNS_MAPF_LNS_SAT_mapf-scen-even_scen-even_room-32-32-4-even-6_scen-agents20-idx2-seed42-1760992278313,0,0,5,0.007331,1,2,28,30,1,2,25,10,0.000000,0.007000,0.034000,0.022000,0.001603,1
_home_max_Documents_PhD_MAPF_LNS_MAPF_LNS_SAT_mapf-map_room-32-32-4_map-_home_max_Documents_PhD_MAPF_LNS_MAPF_LNS_SAT_mapf-scen-even_scen-even_room-32-32-4-even-6_scen-agents20-idx2-seed42-1760992278313,0,0,5,0.007331,1,3,34,36,1,3,33,14,0.000000,0.011000,0.048000,0.030000,0.002143,1
_home_max_Documents_PhD_MAPF_LNS_MAPF_LNS_SAT_mapf-map_room-32-32-4_map-_home_max_Documents_PhD_MAPF_LNS_MAPF_LNS_SAT_mapf-scen-even_scen-even_room-32-32-4-even-6_scen-agents20-idx2-seed42-1760992278313,0,0,5,0.007331,1,3,37,39,1,1,31,14,0.000000,0.011000,0.026000,0.021000,0.001171,1
_home_max_Documents_PhD_MAPF_LNS_MAPF_LNS_SAT_mapf-map_room-32-32-4_map-_home_max_Documents_PhD_MAPF_LNS_MAPF_LNS_SAT_mapf-scen-even_scen-even_room-32-32-4-even-6_scen-agents20-idx2-seed42-1760992278313,0,0,5,0.007331,1,2,39,41,1,2,25,10,0.000000,0.007000,0.031000,0.020000,0.001326,1
_home_max_Documents_PhD_MAPF_LNS_MAPF_LNS_SAT_mapf-map_room-32-32-4_map-_home_max_Documents_PhD_MAPF_LNS_MAPF_LNS_SAT_mapf-scen-even_scen-even_room-32-32-4-even-6_scen-agents20-idx3-seed42-1760992278363,0,0,9,0.013196,1,2,0,1,3,7,80,31,0.000000,0.049000,0.370000,0.301000,0.023510,0
_home_max_Documents_PhD_MAPF_LNS_MAPF_LNS_SAT_mapf-map_room-32-32-4_map-_home_max_Documents_PhD_MAPF_LNS_MAPF_LNS_SAT_mapf-scen-even_scen-even_room-32-32-4-even-6_scen-agents20-idx3-seed42-1760992278363,0,1,16,0.023460,1,2,0,2,3,7,111,45,0.000000,0.061000,0.297000,0.235000,0.010235,0
_home_max_Documents_PhD_MAPF_LNS_MAPF_LNS_SAT_mapf-map_room-32-32-4_map-_home_max_Documents_PhD_MAPF_LNS_MAPF_LNS_SAT_mapf-scen-even_scen-even_room-32-32-4-even-6_scen-agents20-idx3-seed42-1760992278363,0,2,23,0.033724,1,3,0,3,3,7,207,74,0.000000,0.109000,0.438000,0.371000,0.015329,0
_home_max_Documents_PhD_MAPF_LNS_MAPF_LNS_SAT_mapf-map_room-32-32-4_map-_home_max_Documents_PhD_MAPF_LNS_MAPF_LNS_SAT_mapf-scen-even_scen-even_room-32-32-4-even-6_scen-agents20-idx3-seed42-1760992278363,0,3,30,0.043988,1,3,0,4,3,7,246,91,0.000000,0.119000,0.453000,0.386000,0.018373,0
_home_max_Documents_PhD_MAPF_LNS_MAPF_LNS_SAT_mapf-map_room-32-32-4_map-_home_max_Documents_PhD_MAPF_LNS_MAPF_LNS_SAT_mapf-scen-even_scen-even_room-32-32-4-even-6_scen-agents20-idx3-seed42-1760992278363,0,4,40,0.058651,1,3,0,5,3,7,308,115,0.000000,0.138000,0.450000,0.387000,0.018287,0
_home_max_Documents_PhD_MAPF_LNS_MAPF_LNS_SAT_mapf-map_room-32-32-4_map-_home_max_Documents_PhD_MAPF_LNS_MAPF_LNS_SAT_mapf-scen-even_scen-even_room-32-32-4-even-6_scen-agents20-idx3-seed42-1760992278363,0,5,51,0.074780,1,3,0,6,3,7,374,138,0.000000,0.150000,0.472000,0.410000,0.019069,0
_home_max_Documents_PhD_MAPF_LNS_MAPF_LNS_SAT_mapf-map_room-32-32-4_map-_home_max_Documents_PhD_MAPF_LNS_MAPF_LNS_SAT_mapf-scen-even_scen-even_room-32-32-4-even-6_scen-agents20-idx3-seed42-1760992278363,0,6,62,0.090909,1,5,0,7,3,7,436,165,0.000000,0.162000,0.508000,0.447000,0.019649,0
_home_max_Documents_PhD_MAPF_LNS_MAPF_LNS_SAT_mapf-map_room-32-32-4_map-_home_max_Documents_PhD_MAPF_LNS_MAPF_LNS_SAT_mapf-scen-even_scen-even_room-32-32-4-even-6_scen-agents20-idx3-seed42-1760992278363,0,7,67,0.098240,1,7,0,8,2,3,205,104,0.000000,0.090000,0.159000,0.138000,0.002698,0
_home_max_Documents_PhD_MAPF_LNS_MAPF_LNS_SAT_mapf-map_room-32-32-4_map-_home_max_Documents_PhD_MAPF_LNS_MAPF_LNS_SAT_mapf-scen-even_scen-even_room-32-32-4-even-6_scen-agents20-idx3-seed42-1760992278363,0,8,76,0.111437,1,7,0,9,2,3,255,130,0.000000,0.120000,0.187000,0.161000,0.002689,0
_home_max_Documents_PhD_MAPF_LNS_MAPF_LNS_SAT_mapf-map_room-32-32-4_map-_home_max_Documents_PhD_MAPF_LNS_MAPF_LNS_SAT_mapf-scen-even_scen-even_room-32-32-4-even-6_scen-agents20-idx3-seed42-1760992278363,0,9,87,0.127566,1,7,0,10,2,3,323,161,0.000000,0.143000,0.222000,0.196000,0.003313,0
_home_max_Documents_PhD_MAPF_LNS_MAPF_LNS_SAT_mapf-map_room-32-32-4_map-_home_max_Documents_PhD_MAPF_LNS_MAPF_LNS_SAT_mapf-scen-even_scen-even_room-32-32-4-even-6_scen-agents20-idx3-seed42-1760992278363,0,10,98,0.143695,1,7,0,11,3,6,1083,385,0.000000,0.416000,0.774000,0.680000,0.043178,1
_home_max_Documents_PhD_MAPF_LNS_MAPF_LNS_SAT_mapf-map_room-32-32-4_map-_home_max_Documents_PhD_MAPF_LNS_MAPF_LNS_SAT_mapf-scen-even_scen-even_room-32-32-4-even-6_scen-agents20-idx3-seed42-1760992278363,0,0,7,0.010264,1,2,1,3,3,7,83,36,0.000000,0.024000,0.119000,0.082000,0.008186,1
_home_max_Documents_PhD_MAPF_LNS_MAPF_LNS_SAT_mapf-map_room-32-32-4_map-_home_max_Documents_PhD_MAPF_LNS_MAPF_LNS_SAT_mapf-scen-even_scen-even_room-32-32-4-even-6_scen-agents20-idx3-seed42-1760992278363,0,0,5,0.007331,1,2,13,15,2,3,28,15,0.000000,0.009000,0.036000,0.024000,0.001691,1
_home_max_Documents_PhD_MAPF_LNS_MAPF_LNS_SAT_mapf-map_room-32-32-4_map-_home_max_Documents_PhD_MAPF_LNS_MAPF_LNS_SAT_mapf-scen-even_scen-even_room-32-32-4-even-6_scen-agents20-idx3-seed42-1760992278363,0,0,9,0.013196,2,3,15,18,4,9,413,127,0.000000,0.128000,0.295000,0.238000,0.020789,1
_home_max_Documents_PhD_MAPF_LNS_MAPF_LNS_SAT_mapf-map_room-32-32-4_map-_home_max_Documents_PhD_MAPF_LNS_MAPF_LNS_SAT_mapf-scen-even_scen-even_room-32-32-4-even-6_scen-agents20-idx3-seed42-1760992278363,0,0,9,0.013196,2,3,19,22,4,9,392,120,0.000000,0.129000,0.289000,0.233000,0.019519,1
_home_max_Documents_PhD_MAPF_LNS_MAPF_LNS_SAT_mapf-map_room-32-32-4_map-_home_max_Documents_PhD_MAPF_LNS_MAPF_LNS_SAT_mapf-scen-even_scen-even_room-32-32-4-even-6_scen-agents20-idx3-seed42-1760992278363,0,0,4,0.005865,1,2,19,21,1,4,22,9,0.000000,0.007000,0.047000,0.027000,0.002306,1
_home_max_Documents_PhD_MAPF_LNS_MAPF_LNS_SAT_mapf-map_room-32-32-4_map-_home_max_Documents_PhD_MAPF_LNS_MAPF_LNS_SAT_mapf-scen-even_scen-even_room-32-32-4-even-6_scen-agents20-idx3-seed42-1760992278363,0,0,4,0.005865,1,2,22,24,1,2,20,9,0.000000,0.006000,0.031000,0.020000,0.001569,1
_home_max_Documents_PhD_MAPF_LNS_MAPF_LNS_SAT_mapf-map_room-32-32-4_map-_home_max_Documents_PhD_MAPF_LNS_MAPF_LNS_SAT_mapf-scen-even_scen-even_room-32-32-4-even-6_scen-agents20-idx3-seed42-1760992278363,0,0,9,0.013196,1,4,25,27,3,7,158,67,0.000000,0.060000,0.160000,0.117000,0.012979,1
_home_max_Documents_PhD_MAPF_LNS_MAPF_LNS_SAT_mapf-map_room-32-32-4_map-_home_max_Documents_PhD_MAPF_LNS_MAPF_LNS_SAT_mapf-scen-even_scen-even_room-32-32-4-even-6_scen-agents20-idx3-seed42-1760992278363,0,0,4,0.005865,1,2,28,30,1,2,20,9,0.000000,0.007000,0.031000,0.020000,0.001720,1
_home_max_Documents_PhD_MAPF_LNS_MAPF_LNS_SAT_mapf-map_room-32-32-4_map-_home_max_Documents_PhD_MAPF_LNS_MAPF_LNS_SAT_mapf-scen-even_scen-even_room-32-32-4-even-6_scen-agents20-idx3-seed42-1760992278363,0,0,7,0.010264,1,2,29,31,4,10,235,88,0.000000,0.079000,0.216000,0.164000,0.018000,1
_home_max_Documents_PhD_MAPF_LNS_MAPF_LNS_SAT_mapf-map_room-32-32-4_map-_home_max_Documents_PhD_MAPF_LNS_MAPF_LNS_SAT_mapf-scen-even_scen-even_room-32-32-4-even-6_scen-agents20-idx4-seed42-1760992278413,0,0,4,0.005865,1,2,2,4,2,3,28,15,0.000000,0.015000,0.094000,0.075000,0.010110,1
_home_max_Documents_PhD_MAPF_LNS_MAPF_LNS_SAT_mapf-map_room-32-32-4_map-_home_max_Documents_PhD_MAPF_LNS_MAPF_LNS_SAT_mapf-scen-even_scen-even_room-32-32-4-even-6_scen-agents20-idx4-seed42-1760992278413,0,0,4,0.005865,1,2,3,5,4,7,144,61,0.000000,0.054000,0.174000,0.143000,0.006245,0
_home_max_Documents_PhD_MAPF_LNS_MAPF_LNS_SAT_mapf-map_room-32-32-4_map-_home_max_Documents_PhD_MAPF_LNS_MAPF_LNS_SAT_mapf-scen-even_scen-even_room-32-32-4-even-6_scen-agents20-idx4-seed42-1760992278413,0,1,9,0.013196,1,2,2,6,3,6,140,56,0.000000,0.054000,0.145000,0.112000,0.014620,1
_home_max_Documents_PhD_MAPF_LNS_MAPF_LNS_SAT_mapf-map_room-32-32-4_map-_home_max_Documents_PhD_MAPF_LNS_MAPF_LNS_SAT_mapf-scen-even_scen-even_room-32-32-4-even-6_scen-agents20-idx4-seed42-1760992278413,0,0,5,0.007331,1,2,10,12,1,2,25,10,0.000000,0.008000,0.038000,0.025000,0.002173,1
_home_max_Documents_PhD_MAPF_LNS_MAPF_LNS_SAT_mapf-map_room-32-32-4_map-_home_max_Documents_PhD_MAPF_LNS_MAPF_LNS_SAT_mapf-scen-even_scen-even_room-32-32-4-even-6_scen-agents20-idx4-seed42-1760992278413,0,0,5,0.007331,1,2,11,13,2,3,28,15,0.000000,0.009000,0.036000,0.025000,0.001581,1
_home_max_Documents_PhD_MAPF_LNS_MAPF_LNS_SAT_mapf-map_room-32-32-4_map-_home_max_Documents_PhD_MAPF_LNS_MAPF_LNS_SAT_mapf-scen-even_scen-even_room-32-32-4-even-6_scen-agents20-idx4-seed42-1760992278413,0,0,5,0.007331,1,2,18,20,1,1,24,10,0.000000,0.007000,0.023000,0.018000,0.001182,1
_home_max_Documents_PhD_MAPF_LNS_MAPF_LNS_SAT_mapf-map_room-32-32-4_map-_home_max_Documents_PhD_MAPF_LNS_MAPF_LNS_SAT_mapf-scen-even_scen-even_room-32-32-4-even-6_scen-agents20-idx4-seed42-1760992278413,0,0,9,0.013196,1,2,19,21,3,7,121,44,0.000000,0.036000,0.148000,0.110000,0.011971,1
_home_max_Documents_PhD_MAPF_LNS_MAPF_LNS_SAT_mapf-map_room-32-32-4_map-_home_max_Documents_PhD_MAPF_LNS_MAPF_LNS_SAT_mapf-scen-even_scen-even_room-32-32-4-even-6_scen-agents20-idx4-seed42-1760992278413,0,0,5,0.007331,1,2,19,21,1,3,26,10,0.000000,0.007000,0.043000,0.027000,0.002357,1
_home_max_Documents_PhD_MAPF_LNS_MAPF_LNS_SAT_mapf-map_room-32-32-4_map-_home_max_Documents_PhD_MAPF_LNS_MAPF_LNS_SAT_mapf-scen-even_scen-even_room-32-32-4-even-6_scen-agents20-idx4-seed42-1760992278413,0,0,5,0.007331,1,2,25,27,4,7,230,88,0.000000,0.089000,0.163000,0.137000,0.005678,0
_home_max_Documents_PhD_MAPF_LNS_MAPF_LNS_SAT_mapf-map_room-32-32-4_map-_home_max_Documents_PhD_MAPF_LNS_MAPF_LNS_SAT_mapf-scen-even_scen-even_room-32-32-4-even-6_scen-agents20-idx4-seed42-1760992278413,0,1,10,0.014663,1,3,24,28,3,6,173,69,0.000000,0.061000,0.149000,0.113000,0.013506,1
_home_max_Documents_PhD_MAPF_LNS_MAPF_LNS_SAT_mapf-map_room-32-32-4_map-_home_max_Documents_PhD_MAPF_LNS_MAPF_LNS_SAT_mapf-scen-even_scen-even_room-32-32-4-even-6_scen-agents20-idx4-seed42-1760992278413,0,0,4,0.005865,1,2,33,35,1,4,22,9,0.000000,0.007000,0.049000,0.029000,0.002049,1
_home_max_Documents_PhD_MAPF_LNS_MAPF_LNS_SAT_mapf-map_room-32-32-4_map-_home_max_Documents_PhD_MAPF_LNS_MAPF_LNS_SAT_mapf-scen-even_scen-even_room-32-32-4-even-6_scen-agents20-idx4-seed42-1760992278413,0,0,5,0.007331,1,2,34,36,1,2,25,10,0.000000,0.007000,0.035000,0.024000,0.001703,1
_home_max_Documents_PhD_MAPF_LNS_MAPF_LNS_SAT_mapf-map_room-32-32-4_map-_home_max_Documents_PhD_MAPF_LNS_MAPF_LNS_SAT_mapf-scen-even_scen-even_room-32-32-4-even-6_scen-agents20-idx5-seed42-1760992278467,0,0,7,0.010264,3,2,1,5,2,3,52,25,0.000000,0.021000,0.121000,0.096000,0.017975,1
_home_max_Documents_PhD_MAPF_LNS_MAPF_LNS_SAT_mapf-map_room-32-32-4_map-_home_max_Documents_PhD_MAPF_LNS_MAPF_LNS_SAT_mapf-scen-even_scen-even_room-32-32-4-even-6_scen-agents20-idx5-seed42-1760992278467,0,0,5,0.007331,1,2,3,5,4,7,179,68,0.000000,0.055000,0.163000,0.137000,0.005416,0
_home_max_Documents_PhD_MAPF_LNS_MAPF_LNS_SAT_mapf-map_room-32-32-4_map-_home_max_Documents_PhD_MAPF_LNS_MAPF_LNS_SAT_mapf-scen-even_scen-even_room-32-32-4-even-6_scen-agents20-idx5-seed42-1760992278467,0,1,10,0.014663,1,2,2,6,5,10,964,233,0.000000,0.282000,0.721000,0.676000,0.045516,0
_home_max_Documents_PhD_MAPF_LNS_MAPF_LNS_SAT_mapf-map_room-32-32-4_map-_home_max_Documents_PhD_MAPF_LNS_MAPF_LNS_SAT_mapf-scen-even_scen-even_room-32-32-4-even-6_scen-agents20-idx5-seed42-1760992278467,0,2,16,0.023460,1,2,1,7,4,11,830,201,0.000000,0.238000,0.656000,0.585000,0.070705,1
_home_max_Documents_PhD_MAPF_LNS_MAPF_LNS_SAT_mapf-map_room-32-32-4_map-_home_max_Documents_PhD_MAPF_LNS_MAPF_LNS_SAT_mapf-scen-even_scen-even_room-32-32-4-even-6_scen-agents20-idx5-seed42-1760992278467,0,0,4,0.005865,1,2,3,5,4,7,144,61,0.000000,0.044000,0.140000,0.116000,0.005508,0
_home_max_Documents_PhD_MAPF_LNS_MAPF_LNS_SAT_mapf-map_room-32-32-4_map-_home_max_Documents_PhD_MAPF_LNS_MAPF_LNS_SAT_mapf-scen-even_scen-even_room-32-32-4-even-6_scen-agents20-idx5-seed42-1760992278467,0,1,9,0.013196,1,2,2,6,3,6,140,56,0.000000,0.042000,0.128000,0.098000,0.013299,1
_home_max_Documents_PhD_MAPF_LNS_MAPF_LNS_SAT_mapf-map_room-32-32-4_map-_home_max_Documents_PhD_MAPF_LNS_MAPF_LNS_SAT_mapf-scen-even_scen-even_room-32-32-4-even-6_scen-agents20-idx5-seed42-1760992278467,0,0,5,0.007331,1,2,4,6,1,2,25,10,0.000000,0.007000,0.036000,0.024000,0.002002,1
_home_max_Documents_PhD_MAPF_LNS_MAPF_LNS_SAT_mapf-map_room-32-32-4_map-_home_max_Documents_PhD_MAPF_LNS_MAPF_LNS_SAT_mapf-scen-even_scen-even_room-32-32-4-even-6_scen-agents20-idx5-seed42-1760992278467,0,0,4,0.005865,1,2,6,8,1,2,20,9,0.000000,0.006000,0.031000,0.020000,0.001528,1
_home_max_Documents_PhD_MAPF_LNS_MAPF_LNS_SAT_mapf-map_room-32-32-4_map-_home_max_Documents_PhD_MAPF_LNS_MAPF_LNS_SAT_mapf-scen-even_scen-even_room-32-32-4-even-6_scen-agents20-idx5-seed42-1760992278467,0,0,8,0.011730,2,3,12,15,4,7,604,170,0.000000,0.179000,0.324000,0.294000,0.008438,0
_home_max_Documents_PhD_MAPF_LNS_MAPF_LNS_SAT_mapf-map_room-32-32-4_map-_home_max_Documents_PhD_MAPF_LNS_MAPF_LNS_SAT_mapf-scen-even_scen-even_room-32-32-4-even-6_scen-agents20-idx5-seed42-1760992278467,0,1,12,0.017595,2,3,11,16,3,6,353,116,0.000000,0.111000,0.243000,0.202000,0.021939,1
_home_max_Documents_PhD_MAPF_LNS_MAPF_LNS_SAT_mapf-map_room-32-32-4_map-_home_max_Documents_PhD_MAPF_LNS_MAPF_LNS_SAT_mapf-scen-even_scen-even_room-32-32-4-even-6_scen-agents20-idx5-seed42-1760992278467,0,0,6,0.008798,1,2,17,19,3,7,93,38,0.000000,0.028000,0.108000,0.077000,0.008066,1
_home_max_Documents_PhD_MAPF_LNS_MAPF_LNS_SAT_mapf-map_room-32-32-4_map-_home_max_Documents_PhD_MAPF_LNS_MAPF_LNS_SAT_mapf-scen-even_scen-even_room-32-32-4-even-6_scen-agents20-idx5-seed42-1760992278467,0,0,4,0.005865,1,2,17,19,4,7,144,61,0.000000,0.045000,0.117000,0.093000,0.005476,0
_home_max_Documents_PhD_MAPF_LNS_MAPF_LNS_SAT_mapf-map_room-32-32-4_map-_home_max_Documents_PhD_MAPF_LNS_MAPF_LNS_SAT_mapf-scen-even_scen-even_room-32-32-4-even-6_scen-agents20-idx5-seed42-1760992278467,0,1,8,0.011730,1,2,16,20,1,2,27,14,0.000000,0.009000,0.036000,0.022000,0.002043,1
_home_max_Documents_PhD_MAPF_LNS_MAPF_LNS_SAT_mapf-map_room-32-32-4_map-_home_max_Documents_PhD_MAPF_LNS_MAPF_LNS_SAT_mapf-scen-even_scen-even_room-32-32-4-even-6_scen-agents20-idx5-seed42-1760992278467,0,0,4,0.005865,1,2,17,19,2,3,28,15,0.000000,0.009000,0.033000,0.021000,0.001320,1
_home_max_Documents_PhD_MAPF_LNS_MAPF_LNS_SAT_mapf-map_room-32-32-4_map-_home_max_Documents_PhD_MAPF_LNS_MAPF_LNS_SAT_mapf-scen-even_scen-even_room-32-32-4-even-6_scen-agents20-idx5-seed42-1760992278467,0,0,9,0.013196,1,3,21,23,3,6,125,49,0.000000,0.045000,0.118000,0.087000,0.007059,1
_home_max_Documents_PhD_MAPF_LNS_MAPF_LNS_SAT_mapf-map_room-32-32-4_map-_home_max_Documents_PhD_MAPF_LNS_MAPF_LNS_SAT_mapf-scen-even_scen-even_room-32-32-4-even-6_scen-agents20-idx5-seed42-1760992278467,0,0,4,0.005865,1,2,28,30,1,1,19,9,0.000000,0.007000,0.021000,0.016000,0.001185,1
_home_max_Documents_PhD_MAPF_LNS_MAPF_LNS_SAT_mapf-map_room-32-32-4_map-_home_max_Documents_PhD_MAPF_LNS_MAPF_LNS_SAT_mapf-scen-even_scen-even_room-32-32-4-even-6_scen-agents20-idx5-seed42-1760992278467,0,0,6,0.008798,1,2,29,31,1,2,13,7,0.000000,0.004000,0.025000,0.014000,0.000898,1
_home_max_Documents_PhD_MAPF_LNS_MAPF_LNS_SAT_mapf-map_room-32-32-4_map-_home_max_Documents_PhD_MAPF_LNS_MAPF_LNS_SAT_mapf-scen-even_scen-even_room-32-32-4-even-6_scen-agents20-idx5-seed42-1760992278467,0,0,5,0.007331,1,2,29,31,1,1,24,10,0.000000,0.007000,0.025000,0.019000,0.001310,1
_home_max_Documents_PhD_MAPF_LNS_MAPF_LNS_SAT_mapf-map_room-32-32-4_map-_home_max_Documents_PhD_MAPF_LNS_MAPF_LNS_SAT_mapf-scen-even_scen-even_room-32-32-4-even-6_scen-agents20-idx5-seed42-1760992278467,0,0,7,0.010264,1,2,35,37,3,5,103,40,0.000000,0.034000,0.091000,0.071000,0.004217,1
_home_max_Documents_PhD_MAPF_LNS_MAPF_LNS_SAT_mapf-map_room-32-32-4_map-_home_max_Documents_PhD_MAPF_LNS_MAPF_LNS_SAT_mapf-scen-even_scen-even_room-32-32-4-even-6_scen-agents20-idx5-seed42-1760992278467,0,0,5,0.007331,1,2,35,37,1,1,24,10,0.000000,0.008000,0.024000,0.018000,0.001290,1
_home_max_Documents_PhD_MAPF_LNS_MAPF_LNS_SAT_mapf-map_room-32-32-4_map-_home_max_Documents_PhD_MAPF_LNS_MAPF_LNS_SAT_mapf-scen-even_scen-even_room-32-32-4-even-6_scen-agents20-idx5-seed42-1760992278467,0,0,5,0.007331,1,2,36,38,1,2,25,10,0.000000,0.007000,0.034000,0.021000,0.001712,1
_home_max_Documents_PhD_MAPF_LNS_MAPF_LNS_SAT_mapf-map_room-32-32-4_map-_home_max_Documents_PhD_MAPF_LNS_MAPF_LNS_SAT_mapf-scen-even_scen-even_room-32-32-4-even-6_scen-agents20-idx5-seed42-1760992278467,0,0,4,0.005865,1,2,39,41,1,2,20,9,0.000000,0.007000,0.029000,0.018000,0.001363,1
_home_max_Documents_PhD_MAPF_LNS_MAPF_LNS_SAT_mapf-map_room-32-32-4_map-_home_max_Documents_PhD_MAPF_LNS_MAPF_LNS_SAT_mapf-scen-even_scen-even_room-32-32-4-even-7_scen-agents20-idx0-seed42-1760992278514,0,0,4,0.005865,1,2,13,15,2,3,28,15,0.000000,0.020000,0.108000,0.081000,0.013705,1
_home_max_Documents_PhD_MAPF_LNS_MAPF_LNS_SAT_mapf-map_room-32-32-4_map-_home_max_Documents_PhD_MAPF_LNS_MAPF_LNS_SAT_mapf-scen-even_scen-even_room-32-32-4-even-7_scen-agents20-idx0-seed42-1760992278514,0,0,9,0.013196,1,2,14,16,4,9,355,102,0.000000,0.155000,0.388000,0.321000,0.042601,1
_home_max_Documents_PhD_MAPF_LNS_MAPF_LNS_SAT_mapf-map_room-32-32-4_map-_home_max_Documents_PhD_MAPF_LNS_MAPF_LNS_SAT_mapf-scen-even_scen-even_room-32-32-4-even-7_scen-agents20-idx0-seed42-1760992278514,0,0,12,0.017595,2,4,15,18,4,7,1086,281,0.000000,0.381000,0.794000,0.748000,0.016606,0
_home_max_Documents_PhD_MAPF_LNS_MAPF_LNS_SAT_mapf-map_room-32-32-4_map-_home_max_Documents_PhD_MAPF_LNS_MAPF_LNS_SAT_mapf-scen-even_scen-even_room-32-32-4-even-7_scen-agents20-idx0-seed42-1760992278514,0,1,20,0.029326,2,5,14,19,4,8,2287,473,0.000000,0.654000,1.059000,0.997000,0.034838,0
_home_max_Documents_PhD_MAPF_LNS_MAPF_LNS_SAT_mapf-map_room-32-32-4_map-_home_max_Documents_PhD_MAPF_LNS_MAPF_LNS_SAT_mapf-scen-even_scen-even_room-32-32-4-even-7_scen-agents20-idx0-seed42-1760992278514,0,2,27,0.039589,2,5,13,20,5,24,9205,1325,0.000000,2.506000,6.113000,5.658000,0.674408,1
_home_max_Documents_PhD_MAPF_LNS_MAPF_LNS_SAT_mapf-map_room-32-32-4_map-_home_max_Documents_PhD_MAPF_LNS_MAPF_LNS_SAT_mapf-scen-even_scen-even_room-32-32-4-even-7_scen-agents20-idx0-seed42-1760992278514,0,0,4,0.005865,1,2,26,28,1,1,19,9,0.000000,0.012000,0.030000,0.023000,0.002057,1
_home_max_Documents_PhD_MAPF_LNS_MAPF_LNS_SAT_mapf-map_room-32-32-4_map-_home_max_Documents_PhD_MAPF_LNS_MAPF_LNS_SAT_mapf-scen-even_scen-even_room-32-32-4-even-7_scen-agents20-idx1-seed42-1760992278564,0,0,9,0.013196,3,2,1,5,2,3,52,25,0.000000,0.021000,0.112000,0.090000,0.011031,1
_home_max_Documents_PhD_MAPF_LNS_MAPF_LNS_SAT_mapf-map_room-32-32-4_map-_home_max_Documents_PhD_MAPF_LNS_MAPF_LNS_SAT_mapf-scen-even_scen-even_room-32-32-4-even-7_scen-agents20-idx1-seed42-1760992278564,0,0,19,0.027859,7,4,4,12,2,3,108,52,0.000000,0.052000,0.103000,0.072000,0.003126,1
_home_max_Documents_PhD_MAPF_LNS_MAPF_LNS_SAT_mapf-map_room-32-32-4_map-_home_max_Documents_PhD_MAPF_LNS_MAPF_LNS_SAT_mapf-scen-even_scen-even_room-32-32-4-even-7_scen-agents20-idx1-seed42-1760992278564,0,0,9,0.013196,1,2,11,13,3,7,166,50,0.000000,0.061000,0.216000,0.167000,0.015897,1
_home_max_Documents_PhD_MAPF_LNS_MAPF_LNS_SAT_mapf-map_room-32-32-4_map-_home_max_Documents_PhD_MAPF_LNS_MAPF_LNS_SAT_mapf-scen-even_scen-even_room-32-32-4-even-7_scen-agents20-idx1-seed42-1760992278564,0,0,6,0.008798,1,3,17,19,3,8,173,69,0.000000,0.088000,0.260000,0.189000,0.020839,1
_home_max_Documents_PhD_MAPF_LNS_MAPF_LNS_SAT_mapf-map_room-32-32-4_map-_home_max_Documents_PhD_MAPF_LNS_MAPF_LNS_SAT_mapf-scen-even_scen-even_room-32-32-4-even-7_scen-agents20-idx1-seed42-1760992278564,0,0,9,0.013196,1,2,21,23,3,7,124,46,0.000000,0.053000,0.164000,0.124000,0.010703,0
_home_max_Documents_PhD_MAPF_LNS_MAPF_LNS_SAT_mapf-map_room-32-32-4_map-_home_max_Documents_PhD_MAPF_LNS_MAPF_LNS_SAT_mapf-scen-even_scen-even_room-32-32-4-even-7_scen-agents20-idx1-seed42-1760992278564,0,1,16,0.023460,1,2,20,24,3,6,203,73,0.000000,0.082000,0.179000,0.143000,0.008498,0
_home_max_Documents_PhD_MAPF_LNS_MAPF_LNS_SAT_mapf-map_room-32-32-4_map-_home_max_Documents_PhD_MAPF_LNS_MAPF_LNS_SAT_mapf-scen-even_scen-even_room-32-32-4-even-7_scen-agents20-idx1-seed42-1760992278564,0,2,23,0.033724,1,4,19,25,3,7,368,124,0.000000,0.156000,0.286000,0.233000,0.028451,0
_home_max_Documents_PhD_MAPF_LNS_MAPF_LNS_SAT_mapf-map_room-32-32-4_map-_home_max_Documents_PhD_MAPF_LNS_MAPF_LNS_SAT_mapf-scen-even_scen-even_room-32-32-4-even-7_scen-agents20-idx1-seed42-1760992278564,0,3,29,0.042522,1,5,18,26,3,7,781,270,0.000000,0.334000,0.483000,0.416000,0.046245,0
_home_max_Documents_PhD_MAPF_LNS_MAPF_LNS_SAT_mapf-map_room-32-32-4_map-_home_max_Documents_PhD_MAPF_LNS_MAPF_LNS_SAT_mapf-scen-even_scen-even_room-32-32-4-even-7_scen-agents20-idx1-seed42-1760992278564,0,4,40,0.058651,1,6,17,27,3,7,3675,787,0.000000,1.164000,1.904000,1.782000,0.128455,0
_home_max_Documents_PhD_MAPF_LNS_MAPF_LNS_SAT_mapf-map_room-32-32-4_map-_home_max_Documents_PhD_MAPF_LNS_MAPF_LNS_SAT_mapf-scen-even_scen-even_room-32-32-4-even-7_scen-agents20-idx1-seed42-1760992278564,0,5,53,0.077713,1,7,16,28,3,7,9146,1376,0.000000,2.921000,4.057000,3.882000,0.194602,0
_home_max_Documents_PhD_MAPF_LNS_MAPF_LNS_SAT_mapf-map_room-32-32-4_map-_home_max_Documents_PhD_MAPF_LNS_MAPF_LNS_SAT_mapf-scen-even_scen-even_room-32-32-4-even-7_scen-agents20-idx1-seed42-1760992278564,0,6,69,0.101173,1,7,15,29,3,7,18210,1997,0.000000,5.871000,13.713000,13.467000,0.416970,0
_home_max_Documents_PhD_MAPF_LNS_MAPF_LNS_SAT_mapf-map_room-32-32-4_map-_home_max_Documents_PhD_MAPF_LNS_MAPF_LNS_SAT_mapf-scen-even_scen-even_room-32-32-4-even-7_scen-agents20-idx1-seed42-1760992278564,0,7,84,0.123167,1,8,14,30,3,7,34232,2755,0.000000,11.012000,25.690000,25.461000,0.595959,0
_home_max_Documents_PhD_MAPF_LNS_MAPF_LNS_SAT_mapf-map_room-32-32-4_map-_home_max_Documents_PhD_MAPF_LNS_MAPF_LNS_SAT_mapf-scen-even_scen-even_room-32-32-4-even-7_scen-agents20-idx1-seed42-1760992278564,0,8,108,0.158358,1,9,13,31,3,7,58696,3695,0.000000,18.943000,45.094000,44.650000,0.924280,0
_home_max_Documents_PhD_MAPF_LNS_MAPF_LNS_SAT_mapf-map_room-32-32-4_map-_home_max_Documents_PhD_MAPF_LNS_MAPF_LNS_SAT_mapf-scen-even_scen-even_room-32-32-4-even-7_scen-agents20-idx1-seed42-1760992278564,0,9,135,0.197947,1,10,12,32,3,7,105347,5041,0.002000,36.266000,78.675000,78.092000,1.451296,0
_home_max_Documents_PhD_MAPF_LNS_MAPF_LNS_SAT_mapf-map_room-32-32-4_map-_home_max_Documents_PhD_MAPF_LNS_MAPF_LNS_SAT_mapf-scen-even_scen-even_room-32-32-4-even-7_scen-agents20-idx1-seed42-1760992278564,0,10,164,0.240469,1,13,11,33,3,7,167997,6695,0.002000,63.247000,133.831000,133.088000,2.288892,0
_home_max_Documents_PhD_MAPF_LNS_MAPF_LNS_SAT_mapf-map_room-32-32-4_map-_home_max_Documents_PhD_MAPF_LNS_MAPF_LNS_SAT_mapf-scen-even_scen-even_room-32-32-4-even-7_scen-agents20-idx1-seed42-1760992278564,0,11,190,0.278592,1,13,10,34,3,7,263386,9706,0.002000,117.473000,206.081000,204.604000,3.446293,0
_home_max_Documents_PhD_MAPF_LNS_MAPF_LNS_SAT_mapf-map_room-32-32-4_map-_home_max_Documents_PhD_MAPF_LNS_MAPF_LNS_SAT_mapf-scen-even_scen-even_room-32-32-4-even-7_scen-agents20-idx1-seed42-1760992278564,0,12,217,0.318182,1,14,9,35,3,7,376622,12189,0.003000,178.012000,304.522000,302.512000,4.940854,0
_home_max_Documents_PhD_MAPF_LNS_MAPF_LNS_SAT_mapf-map_room-32-32-4_map-_home_max_Documents_PhD_MAPF_LNS_MAPF_LNS_SAT_mapf-scen-even_scen-even_room-32-32-4-even-7_scen-agents20-idx1-seed42-1760992278564,0,13,247,0.362170,1,14,8,36,3,7,526267,14903,0.004000,285.305000,434.527000,431.869000,6.881842,0
_home_max_Documents_PhD_MAPF_LNS_MAPF_LNS_SAT_mapf-map_room-32-32-4_map-_home_max_Documents_PhD_MAPF_LNS_MAPF_LNS_SAT_mapf-scen-even_scen-even_room-32-32-4-even-7_scen-agents20-idx1-seed42-1760992278564,0,14,277,0.406158,1,15,7,37,3,7,1114589,27579,0.004000,1109.849000,1119.560000,1112.583000,14.818278,0
_home_max_Documents_PhD_MAPF_LNS_MAPF_LNS_SAT_mapf-map_room-32-32-4_map-_home_max_Documents_PhD_MAPF_LNS_MAPF_LNS_SAT_mapf-scen-even_scen-even_room-32-32-4-even-7_scen-agents20-idx1-seed42-1760992278564,0,15,297,0.435484,1,15,6,38,3,7,1562590,33528,0.007000,1733.763000,1796.852000,1787.700000,19.304521,0
_home_max_Documents_PhD_MAPF_LNS_MAPF_LNS_SAT_mapf-map_room-32-32-4_map-_home_max_Documents_PhD_MAPF_LNS_MAPF_LNS_SAT_mapf-scen-even_scen-even_room-32-32-4-even-7_scen-agents20-idx1-seed42-1760992278564,0,16,321,0.470674,1,15,5,39,3,6,2200549,42138,0.007000,2900.420000,2825.538000,2814.163000,17.253528,0
_home_max_Documents_PhD_MAPF_LNS_MAPF_LNS_SAT_mapf-map_room-32-32-4_map-_home_max_Documents_PhD_MAPF_LNS_MAPF_LNS_SAT_mapf-scen-even_scen-even_room-32-32-4-even-7_scen-agents20-idx1-seed42-1760992278564,0,17,345,0.505865,1,15,4,40,3,7,3354128,57326,0.008000,7052.842000,4890.215000,4870.311000,39.436774,0
_home_max_Documents_PhD_MAPF_LNS_MAPF_LNS_SAT_mapf-map_room-32-32-4_map-_home_max_Documents_PhD_MAPF_LNS_MAPF_LNS_SAT_mapf-scen-even_scen-even_room-32-32-4-even-7_scen-agents20-idx1-seed42-1760992278564,0,18,367,0.538123,1,15,3,41,3,7,4196675,65835,0.006000,9791.144000,6463.407000,6440.218000,48.566835,0
_home_max_Documents_PhD_MAPF_LNS_MAPF_LNS_SAT_mapf-map_room-32-32-4_map-_home_max_Documents_PhD_MAPF_LNS_MAPF_LNS_SAT_mapf-scen-even_scen-even_room-32-32-4-even-7_scen-agents20-idx1-seed42-1760992278564,0,19,388,0.568915,1,16,2,42,3,7,5051838,74058,0.008000,13477.400000,8106.839000,8078.780000,57.954647,0
_home_max_Documents_PhD_MAPF_LNS_MAPF_LNS_SAT_mapf-map_room-32-32-4_map-_home_max_Documents_PhD_MAPF_LNS_MAPF_LNS_SAT_mapf-scen-even_scen-even_room-32-32-4-even-7_scen-agents20-idx1-seed42-1760992278564,0,20,414,0.607038,1,17,1,43,3,7,6602146,91035,0.009000,19537.856000,10895.118000,10858.754000,76.633613,0
_home_max_Documents_PhD_MAPF_LNS_MAPF_LNS_SAT_mapf-map_room-32-32-4_map-_home_max_Documents_PhD_MAPF_LNS_MAPF_LNS_SAT_mapf-scen-even_scen-even_room-32-32-4-even-7_scen-agents20-idx1-seed42-1760992278564,0,21,435,0.637830,1,18,0,44,3,7,8133728,106233,0.009000,25602.103000,13634.932000,13152.750000,89.820067,0
_home_max_Documents_PhD_MAPF_LNS_MAPF_LNS_SAT_mapf-map_room-32-32-4_map-_home_max_Documents_PhD_MAPF_LNS_MAPF_LNS_SAT_mapf-scen-even_scen-even_room-32-32-4-even-7_scen-agents20-idx1-seed42-1760992278564,0,22,458,0.671554,1,19,0,45,3,23,9619084,118820,0.008000,34686.104000,13783.458000,13243.987000,165.866038,1
_home_max_Documents_PhD_MAPF_LNS_MAPF_LNS_SAT_mapf-map_room-32-32-4_map-_home_max_Documents_PhD_MAPF_LNS_MAPF_LNS_SAT_mapf-scen-even_scen-even_room-32-32-4-even-7_scen-agents20-idx1-seed42-1760992278564,0,0,9,0.013196,1,2,29,31,3,7,166,50,0.000000,0.054000,0.196000,0.153000,0.014542,1
_home_max_Documents_PhD_MAPF_LNS_MAPF_LNS_SAT_mapf-map_room-32-32-4_map-_home_max_Documents_PhD_MAPF_LNS_MAPF_LNS_SAT_mapf-scen-even_scen-even_room-32-32-4-even-7_scen-agents20-idx1-seed42-1760992278564,0,0,5,0.007331,1,2,31,33,1,1,24,10,0.000000,0.011000,0.038000,0.030000,0.002324,1
_home_max_Documents_PhD_MAPF_LNS_MAPF_LNS_SAT_mapf-map_room-32-32-4_map-_home_max_Documents_PhD_MAPF_LNS_MAPF_LNS_SAT_mapf-scen-even_scen-even_room-32-32-4-even-7_scen-agents20-idx1-seed42-1760992278564,0,0,8,0.011730,1,2,44,46,2,6,46,20,0.000000,0.022000,0.083000,0.052000,0.004158,0
_home_max_Documents_PhD_MAPF_LNS_MAPF_LNS_SAT_mapf-map_room-32-32-4_map-_home_max_Documents_PhD_MAPF_LNS_MAPF_LNS_SAT_mapf-scen-even_scen-even_room-32-32-4-even-7_scen-agents20-idx1-seed42-1760992278564,0,1,16,0.023460,1,2,43,47,2,5,177,52,0.000000,0.063000,0.163000,0.133000,0.016265,1
_home_max_Documents_PhD_MAPF_LNS_MAPF_LNS_SAT_mapf-map_room-32-32-4_map-_home_max_Documents_PhD_MAPF_LNS_MAPF_LNS_SAT_mapf-scen-even_scen-even_room-32-32-4-even-7_scen-agents20-idx2-seed42-1760992463174,0,0,4,0.005865,1,2,4,6,4,7,144,61,0.000000,0.050000,0.146000,0.118000,0.011591,0
_home_max_Documents_PhD_MAPF_LNS_MAPF_LNS_SAT_mapf-map_room-32-32-4_map-_home_max_Documents_PhD_MAPF_LNS_MAPF_LNS_SAT_mapf-scen-even_scen-even_room-32-32-4-even-7_scen-agents20-idx2-seed42-1760992463174,0,1,9,0.013196,1,2,3,7,3,6,138,56,0.000000,0.042000,0.126000,0.096000,0.012125,1
_home_max_Documents_PhD_MAPF_LNS_MAPF_LNS_SAT_mapf-map_room-32-32-4_map-_home_max_Documents_PhD_MAPF_LNS_MAPF_LNS_SAT_mapf-scen-even_scen-even_room-32-32-4-even-7_scen-agents20-idx2-seed42-1760992463174,0,0,12,0.017595,5,4,7,13,2,3,100,49,0.000000,0.037000,0.075000,0.054000,0.002435,1
_home_max_Documents_PhD_MAPF_LNS_MAPF_LNS_SAT_mapf-map_room-32-32-4_map-_home_max_Documents_PhD_MAPF_LNS_MAPF_LNS_SAT_mapf-scen-even_scen-even_room-32-32-4-even-7_scen-agents20-idx2-seed42-1760992463174,0,0,8,0.011730,1,2,7,9,3,6,109,42,0.000000,0.032000,0.107000,0.079000,0.006990,1
_home_max_Documents_PhD_MAPF_LNS_MAPF_LNS_SAT_mapf-map_room-32-32-4_map-_home_max_Documents_PhD_MAPF_LNS_MAPF_LNS_SAT_mapf-scen-even_scen-even_room-32-32-4-even-7_scen-agents20-idx2-seed42-1760992463174,0,0,5,0.007331,2,5,11,14,1,3,50,20,0.000000,0.018000,0.060000,0.039000,0.003324,1
_home_max_Documents_PhD_MAPF_LNS_MAPF_LNS_SAT_mapf-map_room-32-32-4_map-_home_max_Documents_PhD_MAPF_LNS_MAPF_LNS_SAT_mapf-scen-even_scen-even_room-32-32-4-even-7_scen-agents20-idx2-seed42-1760992463174,0,0,8,0.011730,2,2,15,18,1,2,20,10,0.000000,0.007000,0.032000,0.018000,0.001024,1
_home_max_Documents_PhD_MAPF_LNS_MAPF_LNS_SAT_mapf-map_room-32-32-4_map-_home_max_Documents_PhD_MAPF_LNS_MAPF_LNS_SAT_mapf-scen-even_scen-even_room-32-32-4-even-7_scen-agents20-idx2-seed42-1760992463174,0,0,14,0.020528,10,4,18,25,1,2,58,26,0.000000,0.022000,0.041000,0.024000,0.000449,0
_home_max_Documents_PhD_MAPF_LNS_MAPF_LNS_SAT_mapf-map_room-32-32-4_map-_home_max_Documents_PhD_MAPF_LNS_MAPF_LNS_SAT_mapf-scen-even_scen-even_room-32-32-4-even-7_scen-agents20-idx2-seed42-1760992463174,0,1,23,0.033724,10,6,17,26,1,2,89,42,0.000000,0.047000,0.061000,0.040000,0.001598,0
_home_max_Documents_PhD_MAPF_LNS_MAPF_LNS_SAT_mapf-map_room-32-32-4_map-_home_max_Documents_PhD_MAPF_LNS_MAPF_LNS_SAT_mapf-scen-even_scen-even_room-32-32-4-even-7_scen-agents20-idx2-seed42-1760992463174,0,2,30,0.043988,10,6,16,27,1,2,134,64,0.000000,0.066000,0.083000,0.060000,0.003162,0
_home_max_Documents_PhD_MAPF_LNS_MAPF_LNS_SAT_mapf-map_room-32-32-4_map-_home_max_Documents_PhD_MAPF_LNS_MAPF_LNS_SAT_mapf-scen-even_scen-even_room-32-32-4-even-7_scen-agents20-idx2-seed42-1760992463174,0,3,36,0.052786,10,7,15,28,1,2,168,80,0.000000,0.085000,0.097000,0.070000,0.003255,0
_home_max_Documents_PhD_MAPF_LNS_MAPF_LNS_SAT_mapf-map_room-32-32-4_map-_home_max_Documents_PhD_MAPF_LNS_MAPF_LNS_SAT_mapf-scen-even_scen-even_room-32-32-4-even-7_scen-agents20-idx2-seed42-1760992463174,0,4,46,0.067449,10,8,14,29,1,2,1191,234,0.000000,0.382000,0.992000,0.953000,0.018820,0
_home_max_Documents_PhD_MAPF_LNS_MAPF_LNS_SAT_mapf-map_room-32-32-4_map-_home_max_Documents_PhD_MAPF_LNS_MAPF_LNS_SAT_mapf-scen-even_scen-even_room-32-32-4-even-7_scen-agents20-idx2-seed42-1760992463174,0,5,61,0.089443,10,9,13,30,1,2,2172,327,0.000000,0.655000,1.763000,1.675000,0.029616,0
_home_max_Documents_PhD_MAPF_LNS_MAPF_LNS_SAT_mapf-map_room-32-32-4_map-_home_max_Documents_PhD_MAPF_LNS_MAPF_LNS_SAT_mapf-scen-even_scen-even_room-32-32-4-even-7_scen-agents20-idx2-seed42-1760992463174,0,6,81,0.118768,10,10,12,31,1,2,6375,703,0.000000,1.982000,5.298000,5.120000,0.077443,0
_home_max_Documents_PhD_MAPF_LNS_MAPF_LNS_SAT_mapf-map_room-32-32-4_map-_home_max_Documents_PhD_MAPF_LNS_MAPF_LNS_SAT_mapf-scen-even_scen-even_room-32-32-4-even-7_scen-agents20-idx2-seed42-1760992463174,0,7,100,0.146628,10,11,11,32,1,2,14215,1068,0.000000,4.243000,11.263000,11.049000,0.150452,0
_home_max_Documents_PhD_MAPF_LNS_MAPF_LNS_SAT_mapf-map_room-32-32-4_map-_home_max_Documents_PhD_MAPF_LNS_MAPF_LNS_SAT_mapf-scen-even_scen-even_room-32-32-4-even-7_scen-agents20-idx2-seed42-1760992463174,0,8,126,0.184751,10,12,10,33,1,2,43841,2453,0.000000,20.139000,37.956000,37.574000,0.394566,0
_home_max_Documents_PhD_MAPF_LNS_MAPF_LNS_SAT_mapf-map_room-32-32-4_map-_home_max_Documents_PhD_MAPF_LNS_MAPF_LNS_SAT_mapf-scen-even_scen-even_room-32-32-4-even-7_scen-agents20-idx2-seed42-1760992463174,0,9,152,0.222874,10,13,9,34,1,2,85694,3654,0.000000,48.809000,69.795000,69.197000,0.722869,0
_home_max_Documents_PhD_MAPF_LNS_MAPF_LNS_SAT_mapf-map_room-32-32-4_map-_home_max_Documents_PhD_MAPF_LNS_MAPF_LNS_SAT_mapf-scen-even_scen-even_room-32-32-4-even-7_scen-agents20-idx2-seed42-1760992463174,0,10,180,0.263930,10,13,8,35,1,2,154421,5223,0.001000,101.636000,140.912000,139.247000,1.211292,0
_home_max_Documents_PhD_MAPF_LNS_MAPF_LNS_SAT_mapf-map_room-32-32-4_map-_home_max_Documents_PhD_MAPF_LNS_MAPF_LNS_SAT_mapf-scen-even_scen-even_room-32-32-4-even-7_scen-agents20-idx2-seed42-1760992463174,0,11,209,0.306452,10,14,7,36,1,2,233804,6637,0.001000,172.868000,242.409000,239.087000,2.022734,0
_home_max_Documents_PhD_MAPF_LNS_MAPF_LNS_SAT_mapf-map_room-32-32-4_map-_home_max_Documents_PhD_MAPF_LNS_MAPF_LNS_SAT_mapf-scen-even_scen-even_room-32-32-4-even-7_scen-agents20-idx2-seed42-1760992463174,0,12,239,0.350440,10,15,6,37,1,2,331956,8115,0.001000,303.789000,331.523000,327.644000,2.609582,0
_home_max_Documents_PhD_MAPF_LNS_MAPF_LNS_SAT_mapf-map_room-32-32-4_map-_home_max_Documents_PhD_MAPF_LNS_MAPF_LNS_SAT_mapf-scen-even_scen-even_room-32-32-4-even-7_scen-agents20-idx2-seed42-1760992463174,0,13,269,0.394428,10,15,5,38,1,2,570967,12414,0.001000,774.802000,763.886000,757.377000,4.985657,0
_home_max_Documents_PhD_MAPF_LNS_MAPF_LNS_SAT_mapf-map_room-32-32-4_map-_home_max_Documents_PhD_MAPF_LNS_MAPF_LNS_SAT_mapf-scen-even_scen-even_room-32-32-4-even-7_scen-agents20-idx2-seed42-1760992463174,0,14,295,0.432551,10,17,4,39,1,2,1013876,19362,0.001000,2168.009000,1517.770000,1506.089000,7.893469,0
_home_max_Documents_PhD_MAPF_LNS_MAPF_LNS_SAT_mapf-map_room-32-32-4_map-_home_max_Documents_PhD_MAPF_LNS_MAPF_LNS_SAT_mapf-scen-even_scen-even_room-32-32-4-even-7_scen-agents20-idx2-seed42-1760992463174,0,15,312,0.457478,10,18,3,40,1,2,1386815,24273,0.001000,3470.762000,2310.931000,2294.625000,12.183486,0
_home_max_Documents_PhD_MAPF_LNS_MAPF_LNS_SAT_mapf-map_room-32-32-4_map-_home_max_Documents_PhD_MAPF_LNS_MAPF_LNS_SAT_mapf-scen-even_scen-even_room-32-32-4-even-7_scen-agents20-idx2-seed42-1760992463174,0,16,338,0.495601,10,18,2,41,1,2,1828078,28533,0.001000,5283.330000,3124.820000,3103.450000,13.642166,0
_home_max_Documents_PhD_MAPF_LNS_MAPF_LNS_SAT_mapf-map_room-32-32-4_map-_home_max_Documents_PhD_MAPF_LNS_MAPF_LNS_SAT_mapf-scen-even_scen-even_room-32-32-4-even-7_scen-agents20-idx2-seed42-1760992463174,0,17,370,0.542522,10,19,1,42,1,2,2281650,32840,0.001000,6043.809000,3654.124000,3626.395000,16.529974,0
_home_max_Documents_PhD_MAPF_LNS_MAPF_LNS_SAT_mapf-map_room-32-32-4_map-_home_max_Documents_PhD_MAPF_LNS_MAPF_LNS_SAT_mapf-scen-even_scen-even_room-32-32-4-even-7_scen-agents20-idx2-seed42-1760992463174,0,18,584,0.856305,11,20,0,43,1,5,3179408,41453,0.001000,12052.005000,3127.359000,2602.629000,42.519738,1
_home_max_Documents_PhD_MAPF_LNS_MAPF_LNS_SAT_mapf-map_room-32-32-4_map-_home_max_Documents_PhD_MAPF_LNS_MAPF_LNS_SAT_mapf-scen-even_scen-even_room-32-32-4-even-7_scen-agents20-idx3-seed42-1760992509606,0,0,4,0.005865,1,3,3,5,3,5,74,35,0.000000,0.025000,0.101000,0.077000,0.008780,0
_home_max_Documents_PhD_MAPF_LNS_MAPF_LNS_SAT_mapf-map_room-32-32-4_map-_home_max_Documents_PhD_MAPF_LNS_MAPF_LNS_SAT_mapf-scen-even_scen-even_room-32-32-4-even-7_scen-agents20-idx3-seed42-1760992509606,0,1,9,0.013196,1,3,2,6,3,6,163,68,0.000000,0.052000,0.144000,0.106000,0.010534,1
_home_max_Documents_PhD_MAPF_LNS_MAPF_LNS_SAT_mapf-map_room-32-32-4_map-_home_max_Documents_PhD_MAPF_LNS_MAPF_LNS_SAT_mapf-scen-even_scen-even_room-32-32-4-even-7_scen-agents20-idx3-seed42-1760992509606,0,0,9,0.013196,1,2,11,13,3,7,121,44,0.000000,0.039000,0.132000,0.094000,0.009786,1
_home_max_Documents_PhD_MAPF_LNS_MAPF_LNS_SAT_mapf-map_room-32-32-4_map-_home_max_Documents_PhD_MAPF_LNS_MAPF_LNS_SAT_mapf-scen-even_scen-even_room-32-32-4-even-7_scen-agents20-idx3-seed42-1760992509606,0,0,8,0.011730,1,2,16,18,3,7,126,46,0.000000,0.040000,0.135000,0.093000,0.007147,1
_home_max_Documents_PhD_MAPF_LNS_MAPF_LNS_SAT_mapf-map_room-32-32-4_map-_home_max_Documents_PhD_MAPF_LNS_MAPF_LNS_SAT_mapf-scen-even_scen-even_room-32-32-4-even-7_scen-agents20-idx3-seed42-1760992509606,0,0,7,0.010264,1,2,17,19,3,7,102,42,0.000000,0.038000,0.114000,0.079000,0.008157,1
_home_max_Documents_PhD_MAPF_LNS_MAPF_LNS_SAT_mapf-map_room-32-32-4_map-_home_max_Documents_PhD_MAPF_LNS_MAPF_LNS_SAT_mapf-scen-even_scen-even_room-32-32-4-even-7_scen-agents20-idx3-seed42-1760992509606,0,0,9,0.013196,1,2,18,20,4,8,353,101,0.000000,0.102000,0.240000,0.203000,0.016143,1
_home_max_Documents_PhD_MAPF_LNS_MAPF_LNS_SAT_mapf-map_room-32-32-4_map-_home_max_Documents_PhD_MAPF_LNS_MAPF_LNS_SAT_mapf-scen-even_scen-even_room-32-32-4-even-7_scen-agents20-idx3-seed42-1760992509606,0,0,4,0.005865,1,2,18,20,4,7,145,62,0.000000,0.054000,0.124000,0.099000,0.006220,0
_home_max_Documents_PhD_MAPF_LNS_MAPF_LNS_SAT_mapf-map_room-32-32-4_map-_home_max_Documents_PhD_MAPF_LNS_MAPF_LNS_SAT_mapf-scen-even_scen-even_room-32-32-4-even-7_scen-agents20-idx3-seed42-1760992509606,0,1,8,0.011730,1,3,17,21,1,2,26,14,0.000000,0.012000,0.037000,0.022000,0.002135,1
_home_max_Documents_PhD_MAPF_LNS_MAPF_LNS_SAT_mapf-map_room-32-32-4_map-_home_max_Documents_PhD_MAPF_LNS_MAPF_LNS_SAT_mapf-scen-even_scen-even_room-32-32-4-even-7_scen-agents20-idx3-seed42-1760992509606,0,0,9,0.013196,1,3,19,21,4,9,363,108,0.000000,0.112000,0.268000,0.217000,0.019072,1
_home_max_Documents_PhD_MAPF_LNS_MAPF_LNS_SAT_mapf-map_room-32-32-4_map-_home_max_Documents_PhD_MAPF_LNS_MAPF_LNS_SAT_mapf-scen-even_scen-even_room-32-32-4-even-7_scen-agents20-idx3-seed42-1760992509606,0,0,9,0.013196,2,3,20,23,4,8,328,112,0.000000,0.104000,0.246000,0.202000,0.015628,1
_home_max_Documents_PhD_MAPF_LNS_MAPF_LNS_SAT_mapf-map_room-32-32-4_map-_home_max_Documents_PhD_MAPF_LNS_MAPF_LNS_SAT_mapf-scen-even_scen-even_room-32-32-4-even-7_scen-agents20-idx3-seed42-1760992509606,0,0,7,0.010264,1,2,26,28,3,7,106,41,0.000000,0.037000,0.120000,0.083000,0.009148,1
_home_max_Documents_PhD_MAPF_LNS_MAPF_LNS_SAT_mapf-map_room-32-32-4_map-_home_max_Documents_PhD_MAPF_LNS_MAPF_LNS_SAT_mapf-scen-even_scen-even_room-32-32-4-even-7_scen-agents20-idx3-seed42-1760992509606,0,0,4,0.005865,1,2,28,30,1,4,22,9,0.000000,0.007000,0.045000,0.025000,0.002071,1
_home_max_Documents_PhD_MAPF_LNS_MAPF_LNS_SAT_mapf-map_room-32-32-4_map-_home_max_Documents_PhD_MAPF_LNS_MAPF_LNS_SAT_mapf-scen-even_scen-even_room-32-32-4-even-7_scen-agents20-idx3-seed42-1760992509606,0,0,5,0.007331,1,2,29,31,4,7,179,68,0.000000,0.056000,0.135000,0.111000,0.005456,0
_home_max_Documents_PhD_MAPF_LNS_MAPF_LNS_SAT_mapf-map_room-32-32-4_map-_home_max_Documents_PhD_MAPF_LNS_MAPF_LNS_SAT_mapf-scen-even_scen-even_room-32-32-4-even-7_scen-agents20-idx3-seed42-1760992509606,0,1,9,0.013196,1,3,28,32,2,3,58,30,0.000000,0.025000,0.072000,0.049000,0.005309,1
_home_max_Documents_PhD_MAPF_LNS_MAPF_LNS_SAT_mapf-map_room-32-32-4_map-_home_max_Documents_PhD_MAPF_LNS_MAPF_LNS_SAT_mapf-scen-even_scen-even_room-32-32-4-even-7_scen-agents20-idx3-seed42-1760992509606,0,0,7,0.010264,1,2,35,37,3,7,132,46,0.000000,0.043000,0.131000,0.102000,0.011616,1
_home_max_Documents_PhD_MAPF_LNS_MAPF_LNS_SAT_mapf-map_room-32-32-4_map-_home_max_Documents_PhD_MAPF_LNS_MAPF_LNS_SAT_mapf-scen-even_scen-even_room-32-32-4-even-7_scen-agents20-idx4-seed42-1760992509657,0,0,7,0.010264,2,3,0,3,2,3,52,27,0.000000,0.025000,0.121000,0.092000,0.011146,1
_home_max_Documents_PhD_MAPF_LNS_MAPF_LNS_SAT_mapf-map_room-32-32-4_map-_home_max_Documents_PhD_MAPF_LNS_MAPF_LNS_SAT_mapf-scen-even_scen-even_room-32-32-4-even-7_scen-agents20-idx4-seed42-1760992509657,0,0,5,0.007331,1,2,2,4,2,3,28,15,0.000000,0.010000,0.052000,0.032000,0.002120,1
_home_max_Documents_PhD_MAPF_LNS_MAPF_LNS_SAT_mapf-map_room-32-32-4_map-_home_max_Documents_PhD_MAPF_LNS_MAPF_LNS_SAT_mapf-scen-even_scen-even_room-32-32-4-even-7_scen-agents20-idx4-seed42-1760992509657,0,0,5,0.007331,1,2,3,5,1,3,26,10,0.000000,0.008000,0.057000,0.037000,0.003369,1
_home_max_Documents_PhD_MAPF_LNS_MAPF_LNS_SAT_mapf-map_room-32-32-4_map-_home_max_Documents_PhD_MAPF_LNS_MAPF_LNS_SAT_mapf-scen-even_scen-even_room-32-32-4-even-7_scen-agents20-idx4-seed42-1760992509657,0,0,4,0.005865,2,3,6,9,3,7,169,64,0.000000,0.068000,0.190000,0.147000,0.006557,0
_home_max_Documents_PhD_MAPF_LNS_MAPF_LNS_SAT_mapf-map_room-32-32-4_map-_home_max_Documents_PhD_MAPF_LNS_MAPF_LNS_SAT_mapf-scen-even_scen-even_room-32-32-4-even-7_scen-agents20-idx4-seed42-1760992509657,0,1,8,0.011730,2,3,5,10,1,5,124,37,0.000000,0.060000,0.197000,0.137000,0.024415,1
_home_max_Documents_PhD_MAPF_LNS_MAPF_LNS_SAT_mapf-map_room-32-32-4_map-_home_max_Documents_PhD_MAPF_LNS_MAPF_LNS_SAT_mapf-scen-even_scen-even_room-32-32-4-even-7_scen-agents20-idx4-seed42-1760992509657,0,0,5,0.007331,1,2,6,8,1,1,24,10,0.000000,0.012000,0.040000,0.032000,0.002062,1
_home_max_Documents_PhD_MAPF_LNS_MAPF_LNS_SAT_mapf-map_room-32-32-4_map-_home_max_Documents_PhD_MAPF_LNS_MAPF_LNS_SAT_mapf-scen-even_scen-even_room-32-32-4-even-7_scen-agents20-idx4-seed42-1760992509657,0,0,5,0.007331,1,2,8,10,2,3,28,15,0.000000,0.015000,0.062000,0.041000,0.002269,1
_home_max_Documents_PhD_MAPF_LNS_MAPF_LNS_SAT_mapf-map_room-32-32-4_map-_home_max_Documents_PhD_MAPF_LNS_MAPF_LNS_SAT_mapf-scen-even_scen-even_room-32-32-4-even-7_scen-agents20-idx4-seed42-1760992509657,0,0,9,0.013196,1,3,10,12,5,16,824,217,0.000000,0.434000,1.088000,0.898000,0.151095,1
_home_max_Documents_PhD_MAPF_LNS_MAPF_LNS_SAT_mapf-map_room-32-32-4_map-_home_max_Documents_PhD_MAPF_LNS_MAPF_LNS_SAT_mapf-scen-even_scen-even_room-32-32-4-even-7_scen-agents20-idx4-seed42-1760992509657,0,0,5,0.007331,3,3,11,13,4,7,426,146,0.000000,0.189000,0.396000,0.348000,0.020935,0
_home_max_Documents_PhD_MAPF_LNS_MAPF_LNS_SAT_mapf-map_room-32-32-4_map-_home_max_Documents_PhD_MAPF_LNS_MAPF_LNS_SAT_mapf-scen-even_scen-even_room-32-32-4-even-7_scen-agents20-idx4-seed42-1760992509657,0,1,10,0.014663,3,3,10,14,5,10,2449,522,0.000000,0.806000,1.677000,1.606000,0.087429,0
_home_max_Documents_PhD_MAPF_LNS_MAPF_LNS_SAT_mapf-map_room-32-32-4_map-_home_max_Documents_PhD_MAPF_LNS_MAPF_LNS_SAT_mapf-scen-even_scen-even_room-32-32-4-even-7_scen-agents20-idx4-seed42-1760992509657,0,2,17,0.024927,3,5,9,15,4,9,3471,553,0.000000,0.961000,1.937000,1.847000,0.098059,1
_home_max_Documents_PhD_MAPF_LNS_MAPF_LNS_SAT_mapf-map_room-32-32-4_map-_home_max_Documents_PhD_MAPF_LNS_MAPF_LNS_SAT_mapf-scen-even_scen-even_room-32-32-4-even-7_scen-agents20-idx4-seed42-1760992509657,0,0,5,0.007331,1,2,13,15,2,3,28,15,0.000000,0.011000,0.040000,0.027000,0.001884,1
_home_max_Documents_PhD_MAPF_LNS_MAPF_LNS_SAT_mapf-map_room-32-32-4_map-_home_max_Documents_PhD_MAPF_LNS_MAPF_LNS_SAT_mapf-scen-even_scen-even_room-32-32-4-even-7_scen-agents20-idx4-seed42-1760992509657,0,0,8,0.011730,1,3,14,16,1,4,24,12,0.000000,0.008000,0.051000,0.027000,0.002405,1
_home_max_Documents_PhD_MAPF_LNS_MAPF_LNS_SAT_mapf-map_room-32-32-4_map-_home_max_Documents_PhD_MAPF_LNS_MAPF_LNS_SAT_mapf-scen-even_scen-even_room-32-32-4-even-7_scen-agents20-idx4-seed42-1760992509657,0,0,4,0.005865,1,2,15,17,3,6,70,32,0.000000,0.022000,0.076000,0.053000,0.004784,0
_home_max_Documents_PhD_MAPF_LNS_MAPF_LNS_SAT_mapf-map_room-32-32-4_map-_home_max_Documents_PhD_MAPF_LNS_MAPF_LNS_SAT_mapf-scen-even_scen-even_room-32-32-4-even-7_scen-agents20-idx4-seed42-1760992509657,0,1,8,0.011730,1,3,14,18,3,6,131,57,0.000000,0.046000,0.126000,0.091000,0.010946,1
_home_max_Documents_PhD_MAPF_LNS_MAPF_LNS_SAT_mapf-map_room-32-32-4_map-_home_max_Documents_PhD_MAPF_LNS_MAPF_LNS_SAT_mapf-scen-even_scen-even_room-32-32-4-even-7_scen-agents20-idx5-seed42-1760992509756,0,0,9,0.013196,1,2,9,11,3,6,120,44,0.000000,0.036000,0.144000,0.113000,0.016648,1
_home_max_Documents_PhD_MAPF_LNS_MAPF_LNS_SAT_mapf-map_room-32-32-4_map-_home_max_Documents_PhD_MAPF_LNS_MAPF_LNS_SAT_mapf-scen-even_scen-even_room-32-32-4-even-7_scen-agents20-idx5-seed42-1760992509756,0,0,9,0.013196,1,2,10,12,3,7,166,50,0.000000,0.046000,0.150000,0.116000,0.011876,1
_home_max_Documents_PhD_MAPF_LNS_MAPF_LNS_SAT_mapf-map_room-32-32-4_map-_home_max_Documents_PhD_MAPF_LNS_MAPF_LNS_SAT_mapf-scen-even_scen-even_room-32-32-4-even-7_scen-agents20-idx5-seed42-1760992509756,0,0,8,0.011730,3,3,14,18,1,2,22,11,0.000000,0.008000,0.025000,0.015000,0.000386,0
_home_max_Documents_PhD_MAPF_LNS_MAPF_LNS_SAT_mapf-map_room-32-32-4_map-_home_max_Documents_PhD_MAPF_LNS_MAPF_LNS_SAT_mapf-scen-even_scen-even_room-32-32-4-even-7_scen-agents20-idx5-seed42-1760992509756,0,1,15,0.021994,3,3,13,19,1,2,39,19,0.000000,0.014000,0.036000,0.024000,0.001059,0
_home_max_Documents_PhD_MAPF_LNS_MAPF_LNS_SAT_mapf-map_room-32-32-4_map-_home_max_Documents_PhD_MAPF_LNS_MAPF_LNS_SAT_mapf-scen-even_scen-even_room-32-32-4-even-7_scen-agents20-idx5-seed42-1760992509756,0,2,22,0.032258,3,4,12,20,1,2,59,29,0.000000,0.022000,0.048000,0.033000,0.001500,0
_home_max_Documents_PhD_MAPF_LNS_MAPF_LNS_SAT_mapf-map_room-32-32-4_map-_home_max_Documents_PhD_MAPF_LNS_MAPF_LNS_SAT_mapf-scen-even_scen-even_room-32-32-4-even-7_scen-agents20-idx5-seed42-1760992509756,0,3,29,0.042522,3,4,11,21,1,2,86,42,0.000000,0.035000,0.061000,0.045000,0.002334,0
_home_max_Documents_PhD_MAPF_LNS_MAPF_LNS_SAT_mapf-map_room-32-32-4_map-_home_max_Documents_PhD_MAPF_LNS_MAPF_LNS_SAT_mapf-scen-even_scen-even_room-32-32-4-even-7_scen-agents20-idx5-seed42-1760992509756,0,4,37,0.054252,3,5,10,22,1,2,113,55,0.000000,0.047000,0.075000,0.057000,0.002805,0
_home_max_Documents_PhD_MAPF_LNS_MAPF_LNS_SAT_mapf-map_room-32-32-4_map-_home_max_Documents_PhD_MAPF_LNS_MAPF_LNS_SAT_mapf-scen-even_scen-even_room-32-32-4-even-7_scen-agents20-idx5-seed42-1760992509756,0,5,48,0.070381,3,6,9,23,1,2,1029,203,0.000000,0.304000,0.886000,0.843000,0.017061,0
_home_max_Documents_PhD_MAPF_LNS_MAPF_LNS_SAT_mapf-map_room-32-32-4_map-_home_max_Documents_PhD_MAPF_LNS_MAPF_LNS_SAT_mapf-scen-even_scen-even_room-32-32-4-even-7_scen-agents20-idx5-seed42-1760992509756,0,6,59,0.086510,3,6,8,24,1,2,2505,329,0.000000,0.729000,2.312000,2.267000,0.033491,0
_home_max_Documents_PhD_MAPF_LNS_MAPF_LNS_SAT_mapf-map_room-32-32-4_map-_home_max_Documents_PhD_MAPF_LNS_MAPF_LNS_SAT_mapf-scen-even_scen-even_room-32-32-4-even-7_scen-agents20-idx5-seed42-1760992509756,0,7,73,0.107038,3,8,7,25,1,2,4621,448,0.000000,1.371000,3.546000,3.414000,0.052046,0
_home_max_Documents_PhD_MAPF_LNS_MAPF_LNS_SAT_mapf-map_room-32-32-4_map-_home_max_Documents_PhD_MAPF_LNS_MAPF_LNS_SAT_mapf-scen-even_scen-even_room-32-32-4-even-7_scen-agents20-idx5-seed42-1760992509756,0,8,85,0.124633,3,9,6,26,1,2,10743,819,0.000000,3.556000,8.308000,8.210000,0.108641,0
_home_max_Documents_PhD_MAPF_LNS_MAPF_LNS_SAT_mapf-map_room-32-32-4_map-_home_max_Documents_PhD_MAPF_LNS_MAPF_LNS_SAT_mapf-scen-even_scen-even_room-32-32-4-even-7_scen-agents20-idx5-seed42-1760992509756,0,9,100,0.146628,3,11,5,27,1,2,16168,1046,0.000000,5.392000,12.262000,12.081000,0.150378,0
_home_max_Documents_PhD_MAPF_LNS_MAPF_LNS_SAT_mapf-map_room-32-32-4_map-_home_max_Documents_PhD_MAPF_LNS_MAPF_LNS_SAT_mapf-scen-even_scen-even_room-32-32-4-even-7_scen-agents20-idx5-seed42-1760992509756,0,10,112,0.164223,3,11,4,28,1,2,21505,1254,0.000000,8.719000,16.966000,16.620000,0.217364,0
_home_max_Documents_PhD_MAPF_LNS_MAPF_LNS_SAT_mapf-map_room-32-32-4_map-_home_max_Documents_PhD_MAPF_LNS_MAPF_LNS_SAT_mapf-scen-even_scen-even_room-32-32-4-even-7_scen-agents20-idx5-seed42-1760992509756,0,11,128,0.187683,3,12,3,29,1,2,33708,1943,0.000000,13.131000,27.834000,27.342000,0.304798,0
_home_max_Documents_PhD_MAPF_LNS_MAPF_LNS_SAT_mapf-map_room-32-32-4_map-_home_max_Documents_PhD_MAPF_LNS_MAPF_LNS_SAT_mapf-scen-even_scen-even_room-32-32-4-even-7_scen-agents20-idx5-seed42-1760992509756,0,12,142,0.208211,3,14,2,30,1,2,43506,2304,0.001000,21.980000,35.875000,35.435000,0.382248,0
_home_max_Documents_PhD_MAPF_LNS_MAPF_LNS_SAT_mapf-map_room-32-32-4_map-_home_max_Documents_PhD_MAPF_LNS_MAPF_LNS_SAT_mapf-scen-even_scen-even_room-32-32-4-even-7_scen-agents20-idx5-seed42-1760992509756,0,13,165,0.241935,3,14,1,31,1,2,59573,2792,0.001000,33.166000,49.600000,48.775000,0.519150,0
_home_max_Documents_PhD_MAPF_LNS_MAPF_LNS_SAT_mapf-map_room-32-32-4_map-_home_max_Documents_PhD_MAPF_LNS_MAPF_LNS_SAT_mapf-scen-even_scen-even_room-32-32-4-even-7_scen-agents20-idx5-seed42-1760992509756,0,14,187,0.274194,3,14,0,32,1,2,110082,4056,0.001000,73.338000,90.811000,89.313000,0.882488,0
_home_max_Documents_PhD_MAPF_LNS_MAPF_LNS_SAT_mapf-map_room-32-32-4_map-_home_max_Documents_PhD_MAPF_LNS_MAPF_LNS_SAT_mapf-scen-even_scen-even_room-32-32-4-even-7_scen-agents20-idx5-seed42-1760992509756,0,15,339,0.497067,4,18,0,33,1,2,167436,6108,0.001000,126.797000,146.051000,144.091000,1.373378,0
_home_max_Documents_PhD_MAPF_LNS_MAPF_LNS_SAT_mapf-map_room-32-32-4_map-_home_max_Documents_PhD_MAPF_LNS_MAPF_LNS_SAT_mapf-scen-even_scen-even_room-32-32-4-even-7_scen-agents20-idx5-seed42-1760992509756,0,16,376,0.551320,4,18,0,34,1,2,215929,7405,0.001000,173.700000,201.070000,198.342000,1.793482,0
_home_max_Documents_PhD_MAPF_LNS_MAPF_LNS_SAT_mapf-map_room-32-32-4_map-_home_max_Documents_PhD_MAPF_LNS_MAPF_LNS_SAT_mapf-scen-even_scen-even_room-32-32-4-even-7_scen-agents20-idx5-seed42-1760992509756,0,17,411,0.602639,4,18,0,35,1,2,388406,12082,0.001000,404.439000,479.518000,474.425000,3.392830,0
_home_max_Documents_PhD_MAPF_LNS_MAPF_LNS_SAT_mapf-map_room-32-32-4_map-_home_max_Documents_PhD_MAPF_LNS_MAPF_LNS_SAT_mapf-scen-even_scen-even_room-32-32-4-even-7_scen-agents20-idx5-seed42-1760992509756,0,18,433,0.634897,4,18,0,36,1,2,546984,14797,0.001000,672.231000,716.764000,709.267000,4.526235,0
_home_max_Documents_PhD_MAPF_LNS_MAPF_LNS_SAT_mapf-map_room-32-32-4_map-_home_max_Documents_PhD_MAPF_LNS_MAPF_LNS_SAT_mapf-scen-even_scen-even_room-32-32-4-even-7_scen-agents20-idx5-seed42-1760992509756,0,19,460,0.674487,4,18,0,37,1,2,718251,17439,0.001000,932.096000,1103.386000,1094.179000,6.522308,0
_home_max_Documents_PhD_MAPF_LNS_MAPF_LNS_SAT_mapf-map_room-32-32-4_map-_home_max_Documents_PhD_MAPF_LNS_MAPF_LNS_SAT_mapf-scen-even_scen-even_room-32-32-4-even-7_scen-agents20-idx5-seed42-1760992509756,0,20,482,0.706745,4,18,0,38,1,2,924544,20691,0.001000,1362.966000,1379.877000,1368.789000,7.360628,0
_home_max_Documents_PhD_MAPF_LNS_MAPF_LNS_SAT_mapf-map_room-32-32-4_map-_home_max_Documents_PhD_MAPF_LNS_MAPF_LNS_SAT_mapf-scen-even_scen-even_room-32-32-4-even-7_scen-agents20-idx5-seed42-1760992509756,0,21,502,0.736070,4,18,0,39,1,2,1129685,23402,0.001000,2076.220000,1628.520000,1615.711000,8.890593,0
_home_max_Documents_PhD_MAPF_LNS_MAPF_LNS_SAT_mapf-map_room-32-32-4_map-_home_max_Documents_PhD_MAPF_LNS_MAPF_LNS_SAT_mapf-scen-even_scen-even_room-32-32-4-even-7_scen-agents20-idx5-seed42-1760992509756,0,22,520,0.762463,4,18,0,40,1,2,1354508,26221,0.001000,2888.652000,2004.956000,1989.001000,10.448330,0
_home_max_Documents_PhD_MAPF_LNS_MAPF_LNS_SAT_mapf-map_room-32-32-4_map-_home_max_Documents_PhD_MAPF_LNS_MAPF_LNS_SAT_mapf-scen-even_scen-even_room-32-32-4-even-7_scen-agents20-idx5-seed42-1760992509756,0,23,539,0.790323,4,18,0,41,1,2,1657425,29666,0.001000,3702.219000,3107.434000,3088.489000,13.445656,0
_home_max_Documents_PhD_MAPF_LNS_MAPF_LNS_SAT_mapf-map_room-32-32-4_map-_home_max_Documents_PhD_MAPF_LNS_MAPF_LNS_SAT_mapf-scen-even_scen-even_room-32-32-4-even-7_scen-agents20-idx5-seed42-1760992509756,0,24,558,0.818182,4,19,0,42,1,2,2071575,34446,0.001000,4613.521000,3498.203000,3474.268000,15.757102,0
_home_max_Documents_PhD_MAPF_LNS_MAPF_LNS_SAT_mapf-map_room-32-32-4_map-_home_max_Documents_PhD_MAPF_LNS_MAPF_LNS_SAT_mapf-scen-even_scen-even_room-32-32-4-even-7_scen-agents20-idx5-seed42-1760992509756,0,25,576,0.844575,4,19,0,43,1,2,2445405,38239,0.001000,6003.507000,3981.745000,3955.513000,18.248049,0
_home_max_Documents_PhD_MAPF_LNS_MAPF_LNS_SAT_mapf-map_room-32-32-4_map-_home_max_Documents_PhD_MAPF_LNS_MAPF_LNS_SAT_mapf-scen-even_scen-even_room-32-32-4-even-7_scen-agents20-idx5-seed42-1760992509756,0,26,591,0.866569,4,19,0,44,1,2,2850316,42121,0.001000,7590.098000,4641.036000,4610.189000,21.104340,0
_home_max_Documents_PhD_MAPF_LNS_MAPF_LNS_SAT_mapf-map_room-32-32-4_map-_home_max_Documents_PhD_MAPF_LNS_MAPF_LNS_SAT_mapf-scen-even_scen-even_room-32-32-4-even-7_scen-agents20-idx5-seed42-1760992509756,0,27,607,0.890029,4,19,0,45,1,2,3312291,46236,0.001000,10137.141000,5943.814000,5513.889000,24.098556,0
_home_max_Documents_PhD_MAPF_LNS_MAPF_LNS_SAT_mapf-map_room-32-32-4_map-_home_max_Documents_PhD_MAPF_LNS_MAPF_LNS_SAT_mapf-scen-even_scen-even_room-32-32-4-even-7_scen-agents20-idx5-seed42-1760992509756,0,28,621,0.910557,4,19,0,46,1,2,3812213,50631,0.001000,13681.576000,6304.679000,5821.359000,27.446263,0
_home_max_Documents_PhD_MAPF_LNS_MAPF_LNS_SAT_mapf-map_room-32-32-4_map-_home_max_Documents_PhD_MAPF_LNS_MAPF_LNS_SAT_mapf-scen-even_scen-even_room-32-32-4-even-7_scen-agents20-idx5-seed42-1760992509756,0,29,631,0.925220,4,19,0,47,1,2,4527226,57911,0.001000,18942.384000,7532.141000,6962.165000,33.110572,0
_home_max_Documents_PhD_MAPF_LNS_MAPF_LNS_SAT_mapf-map_room-32-32-4_map-_home_max_Documents_PhD_MAPF_LNS_MAPF_LNS_SAT_mapf-scen-even_scen-even_room-32-32-4-even-7_scen-agents20-idx5-seed42-1760992509756,0,30,637,0.934018,4,19,0,48,1,2,5093813,62636,0.001000,22745.449000,8319.661000,7678.521000,36.379323,0
_home_max_Documents_PhD_MAPF_LNS_MAPF_LNS_SAT_mapf-map_room-32-32-4_map-_home_max_Documents_PhD_MAPF_LNS_MAPF_LNS_SAT_mapf-scen-even_scen-even_room-32-32-4-even-7_scen-agents20-idx5-seed42-1760992509756,0,31,644,0.944282,4,19,0,49,1,2,5735722,67672,0.001000,25686.608000,9212.510000,8493.633000,40.573062,0
_home_max_Documents_PhD_MAPF_LNS_MAPF_LNS_SAT_mapf-map_room-32-32-4_map-_home_max_Documents_PhD_MAPF_LNS_MAPF_LNS_SAT_mapf-scen-even_scen-even_room-32-32-4-even-1_scen-agents50-idx0-seed42-1760992735809,0,0,8,0.011730,2,4,0,2,2,4,70,30,0.000000,0.026000,0.119000,0.092000,0.011462,1
_home_max_Documents_PhD_MAPF_LNS_MAPF_LNS_SAT_mapf-map_room-32-32-4_map-_home_max_Documents_PhD_MAPF_LNS_MAPF_LNS_SAT_mapf-scen-even_scen-even_room-32-32-4-even-1_scen-agents50-idx0-seed42-1760992735809,0,0,10,0.014663,4,5,0,5,2,3,101,53,0.000000,0.038000,0.099000,0.073000,0.003563,1
_home_max_Documents_PhD_MAPF_LNS_MAPF_LNS_SAT_mapf-map_room-32-32-4_map-_home_max_Documents_PhD_MAPF_LNS_MAPF_LNS_SAT_mapf-scen-even_scen-even_room-32-32-4-even-1_scen-agents50-idx0-seed42-1760992735809,0,0,7,0.010264,2,4,1,4,4,7,468,161,0.000000,0.138000,0.352000,0.316000,0.010445,0
_home_max_Documents_PhD_MAPF_LNS_MAPF_LNS_SAT_mapf-map_room-32-32-4_map-_home_max_Documents_PhD_MAPF_LNS_MAPF_LNS_SAT_mapf-scen-even_scen-even_room-32-32-4-even-1_scen-agents50-idx0-seed42-1760992735809,0,1,14,0.020528,2,4,0,5,4,8,1199,309,0.000000,0.321000,0.828000,0.757000,0.041733,1
_home_max_Documents_PhD_MAPF_LNS_MAPF_LNS_SAT_mapf-map_room-32-32-4_map-_home_max_Documents_PhD_MAPF_LNS_MAPF_LNS_SAT_mapf-scen-even_scen-even_room-32-32-4-even-1_scen-agents50-idx0-seed42-1760992735809,0,0,4,0.005865,1,2,1,3,4,7,144,61,0.000000,0.044000,0.156000,0.129000,0.005187,0
_home_max_Documents_PhD_MAPF_LNS_MAPF_LNS_SAT_mapf-map_room-32-32-4_map-_home_max_Documents_PhD_MAPF_LNS_MAPF_LNS_SAT_mapf-scen-even_scen-even_room-32-32-4-even-1_scen-agents50-idx0-seed42-1760992735809,0,1,9,0.013196,1,2,0,4,2,3,56,28,0.000000,0.018000,0.067000,0.051000,0.003525,1
_home_max_Documents_PhD_MAPF_LNS_MAPF_LNS_SAT_mapf-map_room-32-32-4_map-_home_max_Documents_PhD_MAPF_LNS_MAPF_LNS_SAT_mapf-scen-even_scen-even_room-32-32-4-even-1_scen-agents50-idx0-seed42-1760992735809,0,0,8,0.011730,2,3,2,5,2,5,125,50,0.000000,0.042000,0.147000,0.113000,0.011263,1
_home_max_Documents_PhD_MAPF_LNS_MAPF_LNS_SAT_mapf-map_room-32-32-4_map-_home_max_Documents_PhD_MAPF_LNS_MAPF_LNS_SAT_mapf-scen-even_scen-even_room-32-32-4-even-1_scen-agents50-idx0-seed42-1760992735809,0,0,8,0.011730,1,4,2,4,3,7,218,81,0.000000,0.068000,0.220000,0.175000,0.014116,1
_home_max_Documents_PhD_MAPF_LNS_MAPF_LNS_SAT_mapf-map_room-32-32-4_map-_home_max_Documents_PhD_MAPF_LNS_MAPF_LNS_SAT_mapf-scen-even_scen-even_room-32-32-4-even-1_scen-agents50-idx0-seed42-1760992735809,0,0,8,0.011730,2,4,5,8,5,11,768,233,0.000000,0.227000,0.552000,0.481000,0.015033,0
_home_max_Documents_PhD_MAPF_LNS_MAPF_LNS_SAT_mapf-map_room-32-32-4_map-_home_max_Documents_PhD_MAPF_LNS_MAPF_LNS_SAT_mapf-scen-even_scen-even_room-32-32-4-even-1_scen-agents50-idx0-seed42-1760992735809,0,1,15,0.021994,2,5,4,9,4,8,773,223,0.000000,0.234000,0.447000,0.379000,0.026719,1
_home_max_Documents_PhD_MAPF_LNS_MAPF_LNS_SAT_mapf-map_room-32-32-4_map-_home_max_Documents_PhD_MAPF_LNS_MAPF_LNS_SAT_mapf-scen-even_scen-even_room-32-32-4-even-1_scen-agents50-idx0-seed42-1760992735809,0,0,7,0.010264,1,4,5,7,2,3,38,22,0.000000,0.015000,0.047000,0.032000,0.001817,1
_home_max_Documents_PhD_MAPF_LNS_MAPF_LNS_SAT_mapf-map_room-32-32-4_map-_home_max_Documents_PhD_MAPF_LNS_MAPF_LNS_SAT_mapf-scen-even_scen-even_room-32-32-4-even-1_scen-agents50-idx0-seed42-1760992735809,0,0,64,0.093842,72,26,6,27,3,6,62978,5758,0.005000,25.497000,48.432000,47.712000,0.847577,0
_home_max_Documents_PhD_MAPF_LNS_MAPF_LNS_SAT_mapf-map_room-32-32-4_map-_home_max_Documents_PhD_MAPF_LNS_MAPF_LNS_SAT_mapf-scen-even_scen-even_room-32-32-4-even-1_scen-agents50-idx0-seed42-1760992735809,0,1,145,0.212610,94,35,5,29,3,7,291570,17234,0.011000,182.377000,247.229000,243.924000,5.379579,0
_home_max_Documents_PhD_MAPF_LNS_MAPF_LNS_SAT_mapf-map_room-32-32-4_map-_home_max_Documents_PhD_MAPF_LNS_MAPF_LNS_SAT_mapf-scen-even_scen-even_room-32-32-4-even-1_scen-agents50-idx0-seed42-1760992735809,0,2,221,0.324047,105,40,4,30,3,7,782554,30797,0.007000,772.994000,727.719000,719.304000,14.341137,0
_home_max_Documents_PhD_MAPF_LNS_MAPF_LNS_SAT_mapf-map_room-32-32-4_map-_home_max_Documents_PhD_MAPF_LNS_MAPF_LNS_SAT_mapf-scen-even_scen-even_room-32-32-4-even-1_scen-agents50-idx0-seed42-1760992735809,0,3,254,0.372434,105,41,3,31,3,6,1165246,40394,0.015000,1391.395000,1266.463000,1256.041000,14.093795,0
_home_max_Documents_PhD_MAPF_LNS_MAPF_LNS_SAT_mapf-map_room-32-32-4_map-_home_max_Documents_PhD_MAPF_LNS_MAPF_LNS_SAT_mapf-scen-even_scen-even_room-32-32-4-even-1_scen-agents50-idx0-seed42-1760992735809,0,4,314,0.460411,106,44,2,32,3,6,1838031,54685,0.011000,2876.328000,2417.464000,2400.924000,19.650991,0
_home_max_Documents_PhD_MAPF_LNS_MAPF_LNS_SAT_mapf-map_room-32-32-4_map-_home_max_Documents_PhD_MAPF_LNS_MAPF_LNS_SAT_mapf-scen-even_scen-even_room-32-32-4-even-1_scen-agents50-idx0-seed42-1760992735809,0,5,370,0.542522,106,48,1,33,3,6,3001078,74695,0.014000,5832.326000,4215.302000,4190.041000,31.186592,0
_home_max_Documents_PhD_MAPF_LNS_MAPF_LNS_SAT_mapf-map_room-32-32-4_map-_home_max_Documents_PhD_MAPF_LNS_MAPF_LNS_SAT_mapf-scen-even_scen-even_room-32-32-4-even-1_scen-agents50-idx0-seed42-1760992735809,0,6,418,0.612903,106,49,0,34,3,6,4805051,107251,0.019000,13285.888000,7650.662000,7609.105000,49.399670,0
_home_max_Documents_PhD_MAPF_LNS_MAPF_LNS_SAT_mapf-map_room-32-32-4_map-_home_max_Documents_PhD_MAPF_LNS_MAPF_LNS_SAT_mapf-scen-even_scen-even_room-32-32-4-even-1_scen-agents50-idx0-seed42-1760992735809,0,7,481,0.705279,108,50,0,35,3,6,7517804,159743,0.023000,31405.906000,12626.452000,12174.529000,82.467706,0
_home_max_Documents_PhD_MAPF_LNS_MAPF_LNS_SAT_mapf-map_room-32-32-4_map-_home_max_Documents_PhD_MAPF_LNS_MAPF_LNS_SAT_mapf-scen-even_scen-even_room-32-32-4-even-1_scen-agents50-idx0-seed42-1760992735809,0,8,555,0.813783,109,50,0,36,3,6,11072394,202821,0.017000,63195.695000,18662.518000,17257.552000,111.326075,0
_home_max_Documents_PhD_MAPF_LNS_MAPF_LNS_SAT_mapf-map_room-32-32-4_map-_home_max_Documents_PhD_MAPF_LNS_MAPF_LNS_SAT_mapf-scen-even_scen-even_room-32-32-4-even-1_scen-agents50-idx0-seed42-1760992735809,0,9,575,0.843109,109,50,0,37,3,6,13381001,230234,0.028000,90706.069000,20966.205000,19312.990000,127.869057,0
_home_max_Documents_PhD_MAPF_LNS_MAPF_LNS_SAT_mapf-map_room-32-32-4_map-_home_max_Documents_PhD_MAPF_LNS_MAPF_LNS_SAT_mapf-scen-even_scen-even_room-32-32-4-even-1_scen-agents50-idx0-seed42-1760992735809,0,10,595,0.872434,109,50,0,38,3,6,15694167,253598,0.014000,121811.661000,26850.144000,25896.962000,145.602225,0
_home_max_Documents_PhD_MAPF_LNS_MAPF_LNS_SAT_mapf-map_room-32-32-4_map-_home_max_Documents_PhD_MAPF_LNS_MAPF_LNS_SAT_mapf-scen-even_scen-even_room-32-32-4-even-1_scen-agents100-idx0-seed42-1760993334873,0,0,8,0.011730,2,4,0,2,2,4,70,30,0.000000,0.026000,0.123000,0.094000,0.012068,1
_home_max_Documents_PhD_MAPF_LNS_MAPF_LNS_SAT_mapf-map_room-32-32-4_map-_home_max_Documents_PhD_MAPF_LNS_MAPF_LNS_SAT_mapf-scen-even_scen-even_room-32-32-4-even-1_scen-agents100-idx0-seed42-1760993334873,0,0,71,0.104106,68,36,0,17,3,5,38392,4907,0.004000,15.023000,22.469000,22.041000,0.305909,0
_home_max_Documents_PhD_MAPF_LNS_MAPF_LNS_SAT_mapf-map_room-32-32-4_map-_home_max_Documents_PhD_MAPF_LNS_MAPF_LNS_SAT_mapf-scen-even_scen-even_room-32-32-4-even-1_scen-agents100-idx0-seed42-1760993334873,0,1,323,0.473607,234,86,0,19,2,3,142574,12589,0.007000,105.449000,82.511000,81.112000,0.645320,0
_home_max_Documents_PhD_MAPF_LNS_MAPF_LNS_SAT_mapf-map_room-32-32-4_map-_home_max_Documents_PhD_MAPF_LNS_MAPF_LNS_SAT_mapf-scen-even_scen-even_room-32-32-4-even-1_scen-agents100-idx0-seed42-1760993334873,0,2,419,0.614370,253,92,0,20,2,3,316457,21236,0.008000,291.478000,208.030000,205.192000,1.347087,0
_home_max_Documents_PhD_MAPF_LNS_MAPF_LNS_SAT_mapf-map_room-32-32-4_map-_home_max_Documents_PhD_MAPF_LNS_MAPF_LNS_SAT_mapf-scen-even_scen-even_room-32-32-4-even-1_scen-agents100-idx0-seed42-1760993334873,0,3,592,0.868035,297,97,0,21,4,8,2166316,110732,0.042000,6170.921000,2907.691000,2869.576000,36.786188,0
_home_max_Documents_PhD_MAPF_LNS_MAPF_LNS_SAT_mapf-map_room-32-32-4_map-_home_max_Documents_PhD_MAPF_LNS_MAPF_LNS_SAT_mapf-scen-even_scen-even_room-32-32-4-even-1_scen-agents100-idx0-seed42-1760993334873,0,4,631,0.925220,297,98,0,22,3,6,1488214,77063,0.032000,2944.112000,1893.213000,1866.394000,24.331955,0
_home_max_Documents_PhD_MAPF_LNS_MAPF_LNS_SAT_mapf-map_room-64-64-8_map-_home_max_Documents_PhD_MAPF_LNS_MAPF_LNS_SAT_mapf-scen-even_scen-even_room-64-64-8-even-1_scen-agents10-idx1-seed42-1760993933971,0,0,31,0.009592,14,2,0,15,2,3,200,88,0.000000,0.072000,0.179000,0.147000,0.013975,1
_home_max_Documents_PhD_MAPF_LNS_MAPF_LNS_SAT_mapf-map_room-64-64-8_map-_home_max_Documents_PhD_MAPF_LNS_MAPF_LNS_SAT_mapf-scen-even_scen-even_room-64-64-8-even-1_scen-agents10-idx1-seed42-1760993933971,0,0,9,0.002785,1,2,21,23,9,40,9094,1932,0.000000,2.547000,5.938000,5.231000,1.416774,1
_home_max_Documents_PhD_MAPF_LNS_MAPF_LNS_SAT_mapf-map_room-64-64-8_map-_home_max_Documents_PhD_MAPF_LNS_MAPF_LNS_SAT_mapf-scen-even_scen-even_room-64-64-8-even-1_scen-agents10-idx1-seed42-1760993933971,0,0,8,0.002475,1,3,24,26,3,7,122,46,0.000000,0.046000,0.138000,0.098000,0.009546,1
_home_max_Documents_PhD_MAPF_LNS_MAPF_LNS_SAT_mapf-map_room-64-64-8_map-_home_max_Documents_PhD_MAPF_LNS_MAPF_LNS_SAT_mapf-scen-even_scen-even_room-64-64-8-even-1_scen-agents10-idx1-seed42-1760993933971,0,0,8,0.002475,1,2,28,30,1,2,13,7,0.000000,0.006000,0.029000,0.018000,0.000985,1
_home_max_Documents_PhD_MAPF_LNS_MAPF_LNS_SAT_mapf-map_room-64-64-8_map-_home_max_Documents_PhD_MAPF_LNS_MAPF_LNS_SAT_mapf-scen-even_scen-even_room-64-64-8-even-1_scen-agents10-idx1-seed42-1760993933971,0,0,5,0.001547,1,2,30,32,1,2,13,7,0.000000,0.006000,0.027000,0.016000,0.000825,1
_home_max_Documents_PhD_MAPF_LNS_MAPF_LNS_SAT_mapf-map_room-64-64-8_map-_home_max_Documents_PhD_MAPF_LNS_MAPF_LNS_SAT_mapf-scen-even_scen-even_room-64-64-8-even-1_scen-agents10-idx1-seed42-1760993933971,0,0,9,0.002785,1,3,34,36,3,12,212,73,0.000000,0.078000,0.270000,0.188000,0.045989,1
_home_max_Documents_PhD_MAPF_LNS_MAPF_LNS_SAT_mapf-map_room-64-64-8_map-_home_max_Documents_PhD_MAPF_LNS_MAPF_LNS_SAT_mapf-scen-even_scen-even_room-64-64-8-even-1_scen-agents10-idx1-seed42-1760993933971,0,0,8,0.002475,2,3,41,44,1,3,76,26,0.000000,0.027000,0.080000,0.058000,0.005695,1
_home_max_Documents_PhD_MAPF_LNS_MAPF_LNS_SAT_mapf-map_room-64-64-8_map-_home_max_Documents_PhD_MAPF_LNS_MAPF_LNS_SAT_mapf-scen-even_scen-even_room-64-64-8-even-1_scen-agents10-idx1-seed42-1760993933971,0,0,5,0.001547,1,2,46,48,4,7,179,68,0.000000,0.065000,0.138000,0.114000,0.005628,0
_home_max_Documents_PhD_MAPF_LNS_MAPF_LNS_SAT_mapf-map_room-64-64-8_map-_home_max_Documents_PhD_MAPF_LNS_MAPF_LNS_SAT_mapf-scen-even_scen-even_room-64-64-8-even-1_scen-agents10-idx1-seed42-1760993933971,0,1,12,0.003713,1,2,45,49,3,6,178,62,0.000000,0.062000,0.148000,0.116000,0.012882,1
_home_max_Documents_PhD_MAPF_LNS_MAPF_LNS_SAT_mapf-map_room-64-64-8_map-_home_max_Documents_PhD_MAPF_LNS_MAPF_LNS_SAT_mapf-scen-even_scen-even_room-64-64-8-even-1_scen-agents10-idx1-seed42-1760993933971,0,0,7,0.002166,1,3,47,49,3,8,308,101,0.000000,0.108000,0.241000,0.195000,0.019127,1
_home_max_Documents_PhD_MAPF_LNS_MAPF_LNS_SAT_mapf-map_room-64-64-8_map-_home_max_Documents_PhD_MAPF_LNS_MAPF_LNS_SAT_mapf-scen-even_scen-even_room-64-64-8-even-1_scen-agents10-idx1-seed42-1760993933971,0,0,9,0.002785,1,2,50,52,4,9,354,101,0.000000,0.112000,0.265000,0.217000,0.018454,1
_home_max_Documents_PhD_MAPF_LNS_MAPF_LNS_SAT_mapf-map_room-64-64-8_map-_home_max_Documents_PhD_MAPF_LNS_MAPF_LNS_SAT_mapf-scen-even_scen-even_room-64-64-8-even-1_scen-agents10-idx1-seed42-1760993933971,0,0,8,0.002475,5,3,54,58,2,9,205,72,0.000000,0.070000,0.222000,0.159000,0.025624,1
_home_max_Documents_PhD_MAPF_LNS_MAPF_LNS_SAT_mapf-map_room-64-64-8_map-_home_max_Documents_PhD_MAPF_LNS_MAPF_LNS_SAT_mapf-scen-even_scen-even_room-64-64-8-even-1_scen-agents10-idx1-seed42-1760993933971,0,0,5,0.001547,1,2,59,61,2,3,28,15,0.000000,0.014000,0.040000,0.026000,0.001809,1
_home_max_Documents_PhD_MAPF_LNS_MAPF_LNS_SAT_mapf-map_room-64-64-8_map-_home_max_Documents_PhD_MAPF_LNS_MAPF_LNS_SAT_mapf-scen-even_scen-even_room-64-64-8-even-1_scen-agents10-idx1-seed42-1760993933971,0,0,9,0.002785,1,3,61,63,4,9,358,105,0.000000,0.124000,0.259000,0.211000,0.018342,1
_home_max_Documents_PhD_MAPF_LNS_MAPF_LNS_SAT_mapf-map_room-64-64-8_map-_home_max_Documents_PhD_MAPF_LNS_MAPF_LNS_SAT_mapf-scen-even_scen-even_room-64-64-8-even-1_scen-agents10-idx1-seed42-1760993933971,0,0,9,0.002785,1,2,65,67,3,7,97,40,0.000000,0.042000,0.117000,0.081000,0.008162,1
_home_max_Documents_PhD_MAPF_LNS_MAPF_LNS_SAT_mapf-map_room-64-64-8_map-_home_max_Documents_PhD_MAPF_LNS_MAPF_LNS_SAT_mapf-scen-even_scen-even_room-64-64-8-even-1_scen-agents10-idx1-seed42-1760993933971,0,0,8,0.002475,1,3,67,69,3,6,121,45,0.000000,0.050000,0.115000,0.085000,0.005922,1
_home_max_Documents_PhD_MAPF_LNS_MAPF_LNS_SAT_mapf-map_room-64-64-8_map-_home_max_Documents_PhD_MAPF_LNS_MAPF_LNS_SAT_mapf-scen-even_scen-even_room-64-64-8-even-1_scen-agents10-idx2-seed42-1760993934072,0,0,6,0.001856,1,2,41,43,3,7,94,39,0.000000,0.039000,0.142000,0.104000,0.015772,1
_home_max_Documents_PhD_MAPF_LNS_MAPF_LNS_SAT_mapf-map_room-64-64-8_map-_home_max_Documents_PhD_MAPF_LNS_MAPF_LNS_SAT_mapf-scen-even_scen-even_room-64-64-8-even-1_scen-agents10-idx2-seed42-1760993934072,0,0,10,0.003094,2,3,68,71,4,7,612,168,0.000000,0.209000,0.341000,0.309000,0.009576,0
_home_max_Documents_PhD_MAPF_LNS_MAPF_LNS_SAT_mapf-map_room-64-64-8_map-_home_max_Documents_PhD_MAPF_LNS_MAPF_LNS_SAT_mapf-scen-even_scen-even_room-64-64-8-even-1_scen-agents10-idx2-seed42-1760993934072,0,1,17,0.005260,2,3,67,72,4,9,1283,274,0.000000,0.389000,0.668000,0.611000,0.044196,0
_home_max_Documents_PhD_MAPF_LNS_MAPF_LNS_SAT_mapf-map_room-64-64-8_map-_home_max_Documents_PhD_MAPF_LNS_MAPF_LNS_SAT_mapf-scen-even_scen-even_room-64-64-8-even-1_scen-agents10-idx2-seed42-1760993934072,0,2,28,0.008663,2,3,66,73,4,15,2312,404,0.000000,0.670000,1.256000,1.119000,0.162902,1
_home_max_Documents_PhD_MAPF_LNS_MAPF_LNS_SAT_mapf-map_room-64-64-8_map-_home_max_Documents_PhD_MAPF_LNS_MAPF_LNS_SAT_mapf-scen-even_scen-even_room-64-64-8-even-1_scen-agents10-idx3-seed42-1760993934175,0,0,4,0.001238,1,2,130,132,1,2,20,9,0.000000,0.013000,0.068000,0.052000,0.009880,1
_home_max_Documents_PhD_MAPF_LNS_MAPF_LNS_SAT_mapf-map_room-64-64-8_map-_home_max_Documents_PhD_MAPF_LNS_MAPF_LNS_SAT_mapf-scen-even_scen-even_room-64-64-8-even-1_scen-agents10-idx4-seed42-1760993934275,0,0,7,0.002166,1,2,8,10,4,8,258,87,0.000000,0.087000,0.230000,0.188000,0.020480,1
_home_max_Documents_PhD_MAPF_LNS_MAPF_LNS_SAT_mapf-map_room-64-64-8_map-_home_max_Documents_PhD_MAPF_LNS_MAPF_LNS_SAT_mapf-scen-even_scen-even_room-64-64-8-even-1_scen-agents10-idx4-seed42-1760993934275,0,0,5,0.001547,1,2,31,33,2,3,28,15,0.000000,0.013000,0.042000,0.028000,0.002082,1
_home_max_Documents_PhD_MAPF_LNS_MAPF_LNS_SAT_mapf-map_room-64-64-8_map-_home_max_Documents_PhD_MAPF_LNS_MAPF_LNS_SAT_mapf-scen-even_scen-even_room-64-64-8-even-1_scen-agents10-idx4-seed42-1760993934275,0,0,9,0.002785,1,2,34,36,3,7,121,44,0.000000,0.043000,0.126000,0.093000,0.011985,1
_home_max_Documents_PhD_MAPF_LNS_MAPF_LNS_SAT_mapf-map_room-64-64-8_map-_home_max_Documents_PhD_MAPF_LNS_MAPF_LNS_SAT_mapf-scen-even_scen-even_room-64-64-8-even-1_scen-agents10-idx4-seed42-1760993934275,0,0,9,0.002785,1,2,57,59,3,7,94,38,0.000000,0.038000,0.110000,0.078000,0.007924,1
_home_max_Documents_PhD_MAPF_LNS_MAPF_LNS_SAT_mapf-map_room-64-64-8_map-_home_max_Documents_PhD_MAPF_LNS_MAPF_LNS_SAT_mapf-scen-even_scen-even_room-64-64-8-even-1_scen-agents10-idx4-seed42-1760993934275,0,0,5,0.001547,1,2,77,79,1,2,25,10,0.000000,0.011000,0.037000,0.025000,0.001912,1
_home_max_Documents_PhD_MAPF_LNS_MAPF_LNS_SAT_mapf-map_room-64-64-8_map-_home_max_Documents_PhD_MAPF_LNS_MAPF_LNS_SAT_mapf-scen-even_scen-even_room-64-64-8-even-1_scen-agents10-idx5-seed42-1760993934377,0,0,8,0.002475,1,2,24,26,3,7,121,44,0.000000,0.041000,0.163000,0.123000,0.016062,1
_home_max_Documents_PhD_MAPF_LNS_MAPF_LNS_SAT_mapf-map_room-64-64-8_map-_home_max_Documents_PhD_MAPF_LNS_MAPF_LNS_SAT_mapf-scen-even_scen-even_room-64-64-8-even-1_scen-agents10-idx5-seed42-1760993934377,0,0,9,0.002785,1,3,26,28,4,8,357,105,0.000000,0.110000,0.249000,0.207000,0.015113,1
_home_max_Documents_PhD_MAPF_LNS_MAPF_LNS_SAT_mapf-map_room-64-64-8_map-_home_max_Documents_PhD_MAPF_LNS_MAPF_LNS_SAT_mapf-scen-even_scen-even_room-64-64-8-even-1_scen-agents10-idx5-seed42-1760993934377,0,0,8,0.002475,1,2,41,43,3,7,118,42,0.000000,0.039000,0.123000,0.092000,0.008968,1
_home_max_Documents_PhD_MAPF_LNS_MAPF_LNS_SAT_mapf-map_room-64-64-8_map-_home_max_Documents_PhD_MAPF_LNS_MAPF_LNS_SAT_mapf-scen-even_scen-even_room-64-64-8-even-1_scen-agents10-idx5-seed42-1760993934377,0,0,8,0.002475,1,3,50,52,2,4,48,24,0.000000,0.023000,0.064000,0.044000,0.002739,1
_home_max_Documents_PhD_MAPF_LNS_MAPF_LNS_SAT_mapf-map_room-64-64-8_map-_home_max_Documents_PhD_MAPF_LNS_MAPF_LNS_SAT_mapf-scen-even_scen-even_room-64-64-8-even-1_scen-agents10-idx6-seed42-1760993934475,0,0,5,0.001547,1,2,28,30,4,7,185,72,0.000000,0.071000,0.182000,0.150000,0.013976,0
_home_max_Documents_PhD_MAPF_LNS_MAPF_LNS_SAT_mapf-map_room-64-64-8_map-_home_max_Documents_PhD_MAPF_LNS_MAPF_LNS_SAT_mapf-scen-even_scen-even_room-64-64-8-even-1_scen-agents10-idx6-seed42-1760993934475,0,1,12,0.003713,1,2,27,31,1,2,23,12,0.000000,0.010000,0.035000,0.021000,0.001498,1
_home_max_Documents_PhD_MAPF_LNS_MAPF_LNS_SAT_mapf-map_room-64-64-8_map-_home_max_Documents_PhD_MAPF_LNS_MAPF_LNS_SAT_mapf-scen-even_scen-even_room-64-64-8-even-1_scen-agents10-idx6-seed42-1760993934475,0,0,9,0.002785,1,2,30,32,3,7,94,38,0.000000,0.033000,0.115000,0.080000,0.008439,1
_home_max_Documents_PhD_MAPF_LNS_MAPF_LNS_SAT_mapf-map_room-64-64-8_map-_home_max_Documents_PhD_MAPF_LNS_MAPF_LNS_SAT_mapf-scen-even_scen-even_room-64-64-8-even-1_scen-agents10-idx6-seed42-1760993934475,0,0,5,0.001547,1,3,46,48,2,3,30,17,0.000000,0.016000,0.039000,0.026000,0.001718,1
_home_max_Documents_PhD_MAPF_LNS_MAPF_LNS_SAT_mapf-map_room-64-64-8_map-_home_max_Documents_PhD_MAPF_LNS_MAPF_LNS_SAT_mapf-scen-even_scen-even_room-64-64-8-even-1_scen-agents10-idx7-seed42-1760993934578,0,0,5,0.001547,1,2,23,25,4,7,179,68,0.000000,0.064000,0.177000,0.147000,0.012416,0
_home_max_Documents_PhD_MAPF_LNS_MAPF_LNS_SAT_mapf-map_room-64-64-8_map-_home_max_Documents_PhD_MAPF_LNS_MAPF_LNS_SAT_mapf-scen-even_scen-even_room-64-64-8-even-1_scen-agents10-idx7-seed42-1760993934578,0,1,10,0.003094,1,2,22,26,5,10,1012,239,0.000000,0.297000,0.548000,0.501000,0.033379,0
_home_max_Documents_PhD_MAPF_LNS_MAPF_LNS_SAT_mapf-map_room-64-64-8_map-_home_max_Documents_PhD_MAPF_LNS_MAPF_LNS_SAT_mapf-scen-even_scen-even_room-64-64-8-even-1_scen-agents10-idx7-seed42-1760993934578,0,2,18,0.005569,1,2,21,27,4,9,1038,213,0.000000,0.299000,0.549000,0.492000,0.035389,1
_home_max_Documents_PhD_MAPF_LNS_MAPF_LNS_SAT_mapf-map_room-64-64-8_map-_home_max_Documents_PhD_MAPF_LNS_MAPF_LNS_SAT_mapf-scen-even_scen-even_room-64-64-8-even-1_scen-agents10-idx7-seed42-1760993934578,0,0,9,0.002785,1,3,32,34,4,8,376,111,0.000000,0.114000,0.257000,0.214000,0.015385,1
_home_max_Documents_PhD_MAPF_LNS_MAPF_LNS_SAT_mapf-map_room-64-64-8_map-_home_max_Documents_PhD_MAPF_LNS_MAPF_LNS_SAT_mapf-scen-even_scen-even_room-64-64-8-even-1_scen-agents10-idx7-seed42-1760993934578,0,0,5,0.001547,1,3,41,43,4,7,195,77,0.000000,0.077000,0.149000,0.122000,0.005416,0
_home_max_Documents_PhD_MAPF_LNS_MAPF_LNS_SAT_mapf-map_room-64-64-8_map-_home_max_Documents_PhD_MAPF_LNS_MAPF_LNS_SAT_mapf-scen-even_scen-even_room-64-64-8-even-1_scen-agents10-idx7-seed42-1760993934578,0,1,10,0.003094,1,3,40,44,5,10,1017,255,0.000000,0.312000,0.552000,0.501000,0.031740,0
_home_max_Documents_PhD_MAPF_LNS_MAPF_LNS_SAT_mapf-map_room-64-64-8_map-_home_max_Documents_PhD_MAPF_LNS_MAPF_LNS_SAT_mapf-scen-even_scen-even_room-64-64-8-even-1_scen-agents10-idx7-seed42-1760993934578,0,2,18,0.005569,1,3,39,45,5,12,2331,414,0.000000,0.650000,1.151000,1.057000,0.090743,1
_home_max_Documents_PhD_MAPF_LNS_MAPF_LNS_SAT_mapf-map_room-64-64-8_map-_home_max_Documents_PhD_MAPF_LNS_MAPF_LNS_SAT_mapf-scen-even_scen-even_room-64-64-8-even-1_scen-agents10-idx7-seed42-1760993934578,0,0,5,0.001547,1,2,64,66,4,7,179,68,0.000000,0.067000,0.143000,0.118000,0.005477,0
_home_max_Documents_PhD_MAPF_LNS_MAPF_LNS_SAT_mapf-map_room-64-64-8_map-_home_max_Documents_PhD_MAPF_LNS_MAPF_LNS_SAT_mapf-scen-even_scen-even_room-64-64-8-even-1_scen-agents10-idx7-seed42-1760993934578,0,1,12,0.003713,1,2,63,67,3,7,179,62,0.000000,0.065000,0.160000,0.125000,0.018637,1
_home_max_Documents_PhD_MAPF_LNS_MAPF_LNS_SAT_mapf-map_room-64-64-8_map-_home_max_Documents_PhD_MAPF_LNS_MAPF_LNS_SAT_mapf-scen-even_scen-even_room-64-64-8-even-1_scen-agents10-idx7-seed42-1760993934578,0,0,5,0.001547,1,2,117,119,1,2,25,10,0.000000,0.012000,0.038000,0.026000,0.002140,1
_home_max_Documents_PhD_MAPF_LNS_MAPF_LNS_SAT_mapf-map_room-64-64-8_map-_home_max_Documents_PhD_MAPF_LNS_MAPF_LNS_SAT_mapf-scen-even_scen-even_room-64-64-8-even-1_scen-agents10-idx8-seed42-1760993934677,0,0,5,0.001547,1,2,23,25,4,7,179,68,0.000000,0.064000,0.205000,0.171000,0.019455,0
_home_max_Documents_PhD_MAPF_LNS_MAPF_LNS_SAT_mapf-map_room-64-64-8_map-_home_max_Documents_PhD_MAPF_LNS_MAPF_LNS_SAT_mapf-scen-even_scen-even_room-64-64-8-even-1_scen-agents10-idx8-seed42-1760993934677,0,1,13,0.004022,1,2,22,26,1,1,29,15,0.000000,0.012000,0.031000,0.024000,0.002159,1
_home_max_Documents_PhD_MAPF_LNS_MAPF_LNS_SAT_mapf-map_room-64-64-8_map-_home_max_Documents_PhD_MAPF_LNS_MAPF_LNS_SAT_mapf-scen-even_scen-even_room-64-64-8-even-1_scen-agents10-idx8-seed42-1760993934677,0,0,5,0.001547,1,2,25,27,4,7,192,75,0.000000,0.072000,0.153000,0.126000,0.011439,0
_home_max_Documents_PhD_MAPF_LNS_MAPF_LNS_SAT_mapf-map_room-64-64-8_map-_home_max_Documents_PhD_MAPF_LNS_MAPF_LNS_SAT_mapf-scen-even_scen-even_room-64-64-8-even-1_scen-agents10-idx8-seed42-1760993934677,0,1,11,0.003403,1,3,24,28,5,10,1180,278,0.000000,0.359000,0.632000,0.582000,0.040903,0
_home_max_Documents_PhD_MAPF_LNS_MAPF_LNS_SAT_mapf-map_room-64-64-8_map-_home_max_Documents_PhD_MAPF_LNS_MAPF_LNS_SAT_mapf-scen-even_scen-even_room-64-64-8-even-1_scen-agents10-idx8-seed42-1760993934677,0,2,20,0.006188,1,4,23,29,5,12,6257,939,0.000000,1.889000,2.789000,2.662000,0.186436,1
_home_max_Documents_PhD_MAPF_LNS_MAPF_LNS_SAT_mapf-map_room-64-64-8_map-_home_max_Documents_PhD_MAPF_LNS_MAPF_LNS_SAT_mapf-scen-even_scen-even_room-64-64-8-even-1_scen-agents10-idx8-seed42-1760993934677,0,0,8,0.002475,1,2,51,53,3,5,126,47,0.000000,0.054000,0.099000,0.080000,0.002238,0
_home_max_Documents_PhD_MAPF_LNS_MAPF_LNS_SAT_mapf-map_room-64-64-8_map-_home_max_Documents_PhD_MAPF_LNS_MAPF_LNS_SAT_mapf-scen-even_scen-even_room-64-64-8-even-1_scen-agents10-idx8-seed42-1760993934677,0,1,14,0.004332,1,3,50,54,4,7,891,210,0.000000,0.281000,0.438000,0.408000,0.011683,0
_home_max_Documents_PhD_MAPF_LNS_MAPF_LNS_SAT_mapf-map_room-64-64-8_map-_home_max_Documents_PhD_MAPF_LNS_MAPF_LNS_SAT_mapf-scen-even_scen-even_room-64-64-8-even-1_scen-agents10-idx8-seed42-1760993934677,0,2,23,0.007116,1,3,49,55,3,7,424,136,0.000000,0.155000,0.308000,0.255000,0.038354,1
_home_max_Documents_PhD_MAPF_LNS_MAPF_LNS_SAT_mapf-map_room-64-64-8_map-_home_max_Documents_PhD_MAPF_LNS_MAPF_LNS_SAT_mapf-scen-even_scen-even_room-64-64-8-even-1_scen-agents10-idx8-seed42-1760993934677,0,0,4,0.001238,1,2,83,85,1,2,20,9,0.000000,0.011000,0.033000,0.022000,0.001970,1
_home_max_Documents_PhD_MAPF_LNS_MAPF_LNS_SAT_mapf-map_room-64-64-8_map-_home_max_Documents_PhD_MAPF_LNS_MAPF_LNS_SAT_mapf-scen-even_scen-even_room-64-64-8-even-1_scen-agents10-idx9-seed42-1760993934781,0,0,9,0.002785,1,2,16,18,3,9,168,50,0.000000,0.047000,0.210000,0.163000,0.022677,1
_home_max_Documents_PhD_MAPF_LNS_MAPF_LNS_SAT_mapf-map_room-64-64-8_map-_home_max_Documents_PhD_MAPF_LNS_MAPF_LNS_SAT_mapf-scen-even_scen-even_room-64-64-8-even-1_scen-agents10-idx9-seed42-1760993934781,0,0,9,0.002785,3,2,19,23,2,3,52,25,0.000000,0.018000,0.054000,0.039000,0.002314,1
_home_max_Documents_PhD_MAPF_LNS_MAPF_LNS_SAT_mapf-map_room-64-64-8_map-_home_max_Documents_PhD_MAPF_LNS_MAPF_LNS_SAT_mapf-scen-even_scen-even_room-64-64-8-even-1_scen-agents10-idx9-seed42-1760993934781,0,0,9,0.002785,1,2,27,29,3,9,168,50,0.000000,0.049000,0.172000,0.128000,0.018172,1
_home_max_Documents_PhD_MAPF_LNS_MAPF_LNS_SAT_mapf-map_room-64-64-8_map-_home_max_Documents_PhD_MAPF_LNS_MAPF_LNS_SAT_mapf-scen-even_scen-even_room-64-64-8-even-1_scen-agents10-idx9-seed42-1760993934781,0,0,5,0.001547,1,2,30,32,1,1,24,10,0.000000,0.009000,0.024000,0.019000,0.001324,1
_home_max_Documents_PhD_MAPF_LNS_MAPF_LNS_SAT_mapf-map_room-64-64-8_map-_home_max_Documents_PhD_MAPF_LNS_MAPF_LNS_SAT_mapf-scen-even_scen-even_room-64-64-8-even-1_scen-agents10-idx11-seed42-1760993934980,0,0,7,0.002166,1,2,32,34,3,6,98,40,0.001000,0.043000,0.175000,0.136000,0.026291,1
_home_max_Documents_PhD_MAPF_LNS_MAPF_LNS_SAT_mapf-map_room-64-64-8_map-_home_max_Documents_PhD_MAPF_LNS_MAPF_LNS_SAT_mapf-scen-even_scen-even_room-64-64-8-even-1_scen-agents10-idx11-seed42-1760993934980,0,0,4,0.001238,1,2,33,35,4,7,144,61,0.000000,0.051000,0.122000,0.096000,0.005235,0
_home_max_Documents_PhD_MAPF_LNS_MAPF_LNS_SAT_mapf-map_room-64-64-8_map-_home_max_Documents_PhD_MAPF_LNS_MAPF_LNS_SAT_mapf-scen-even_scen-even_room-64-64-8-even-1_scen-agents10-idx11-seed42-1760993934980,0,1,10,0.003094,1,2,32,36,1,1,22,12,0.000000,0.010000,0.024000,0.017000,0.001034,1
_home_max_Documents_PhD_MAPF_LNS_MAPF_LNS_SAT_mapf-map_room-64-64-8_map-_home_max_Documents_PhD_MAPF_LNS_MAPF_LNS_SAT_mapf-scen-even_scen-even_room-64-64-8-even-1_scen-agents10-idx11-seed42-1760993934980,0,0,8,0.002475,1,2,59,61,2,4,31,16,0.000000,0.015000,0.044000,0.029000,0.001392,0
_home_max_Documents_PhD_MAPF_LNS_MAPF_LNS_SAT_mapf-map_room-64-64-8_map-_home_max_Documents_PhD_MAPF_LNS_MAPF_LNS_SAT_mapf-scen-even_scen-even_room-64-64-8-even-1_scen-agents10-idx11-seed42-1760993934980,0,1,18,0.005569,1,2,58,62,1,1,22,12,0.000000,0.011000,0.023000,0.017000,0.001013,1
_home_max_Documents_PhD_MAPF_LNS_MAPF_LNS_SAT_mapf-map_room-64-64-8_map-_home_max_Documents_PhD_MAPF_LNS_MAPF_LNS_SAT_mapf-scen-even_scen-even_room-64-64-8-even-1_scen-agents10-idx12-seed42-1760993935081,0,0,9,0.002785,3,3,55,58,3,10,391,110,0.000000,0.131000,0.350000,0.275000,0.043128,1
_home_max_Documents_PhD_MAPF_LNS_MAPF_LNS_SAT_mapf-map_room-64-64-8_map-_home_max_Documents_PhD_MAPF_LNS_MAPF_LNS_SAT_mapf-scen-even_scen-even_room-64-64-8-even-1_scen-agents10-idx12-seed42-1760993935081,0,0,8,0.002475,1,2,65,67,3,7,118,42,0.000000,0.045000,0.125000,0.091000,0.009260,1
_home_max_Documents_PhD_MAPF_LNS_MAPF_LNS_SAT_mapf-map_room-64-64-8_map-_home_max_Documents_PhD_MAPF_LNS_MAPF_LNS_SAT_mapf-scen-even_scen-even_room-64-64-8-even-1_scen-agents10-idx12-seed42-1760993935081,0,0,9,0.002785,1,2,72,74,3,7,166,50,0.000000,0.055000,0.143000,0.113000,0.012008,1
_home_max_Documents_PhD_MAPF_LNS_MAPF_LNS_SAT_mapf-map_room-64-64-8_map-_home_max_Documents_PhD_MAPF_LNS_MAPF_LNS_SAT_mapf-scen-even_scen-even_room-64-64-8-even-1_scen-agents10-idx12-seed42-1760993935081,0,0,9,0.002785,1,2,91,93,3,7,166,50,0.000000,0.055000,0.143000,0.112000,0.011529,1
_home_max_Documents_PhD_MAPF_LNS_MAPF_LNS_SAT_mapf-map_room-64-64-8_map-_home_max_Documents_PhD_MAPF_LNS_MAPF_LNS_SAT_mapf-scen-even_scen-even_room-64-64-8-even-1_scen-agents10-idx13-seed42-1760993935182,0,0,9,0.002785,1,2,14,16,3,6,120,44,0.000000,0.040000,0.150000,0.115000,0.014607,1
_home_max_Documents_PhD_MAPF_LNS_MAPF_LNS_SAT_mapf-map_room-64-64-8_map-_home_max_Documents_PhD_MAPF_LNS_MAPF_LNS_SAT_mapf-scen-even_scen-even_room-64-64-8-even-1_scen-agents10-idx14-seed42-1760993935286,0,0,8,0.002475,2,3,18,21,3,7,191,74,0.000000,0.071000,0.209000,0.167000,0.022234,1
_home_max_Documents_PhD_MAPF_LNS_MAPF_LNS_SAT_mapf-map_room-64-64-8_map-_home_max_Documents_PhD_MAPF_LNS_MAPF_LNS_SAT_mapf-scen-even_scen-even_room-64-64-8-even-1_scen-agents10-idx14-seed42-1760993935286,0,0,8,0.002475,1,2,46,48,3,7,118,42,0.000000,0.043000,0.124000,0.091000,0.009095,1
_home_max_Documents_PhD_MAPF_LNS_MAPF_LNS_SAT_mapf-map_room-64-64-8_map-_home_max_Documents_PhD_MAPF_LNS_MAPF_LNS_SAT_mapf-scen-even_scen-even_room-64-64-8-even-1_scen-agents10-idx14-seed42-1760993935286,0,0,5,0.001547,1,2,61,63,2,3,28,15,0.000000,0.013000,0.038000,0.026000,0.001828,1
_home_max_Documents_PhD_MAPF_LNS_MAPF_LNS_SAT_mapf-map_room-64-64-8_map-_home_max_Documents_PhD_MAPF_LNS_MAPF_LNS_SAT_mapf-scen-even_scen-even_room-64-64-8-even-1_scen-agents10-idx14-seed42-1760993935286,0,0,9,0.002785,1,2,64,66,4,9,354,101,0.000000,0.110000,0.252000,0.209000,0.018406,1
_home_max_Documents_PhD_MAPF_LNS_MAPF_LNS_SAT_mapf-map_room-64-64-8_map-_home_max_Documents_PhD_MAPF_LNS_MAPF_LNS_SAT_mapf-scen-even_scen-even_room-64-64-8-even-1_scen-agents10-idx15-seed42-1760993935384,0,0,15,0.004641,7,3,1,9,2,3,132,62,0.000000,0.049000,0.136000,0.108000,0.013670,1
_home_max_Documents_PhD_MAPF_LNS_MAPF_LNS_SAT_mapf-map_room-64-64-8_map-_home_max_Documents_PhD_MAPF_LNS_MAPF_LNS_SAT_mapf-scen-even_scen-even_room-64-64-8-even-1_scen-agents10-idx15-seed42-1760993935384,0,0,6,0.001856,1,2,16,18,3,7,93,38,0.000000,0.031000,0.117000,0.083000,0.009105,1
_home_max_Documents_PhD_MAPF_LNS_MAPF_LNS_SAT_mapf-map_room-64-64-8_map-_home_max_Documents_PhD_MAPF_LNS_MAPF_LNS_SAT_mapf-scen-even_scen-even_room-64-64-8-even-1_scen-agents10-idx15-seed42-1760993935384,0,0,5,0.001547,1,2,50,52,4,7,182,70,0.000000,0.068000,0.137000,0.114000,0.005416,0
_home_max_Documents_PhD_MAPF_LNS_MAPF_LNS_SAT_mapf-map_room-64-64-8_map-_home_max_Documents_PhD_MAPF_LNS_MAPF_LNS_SAT_mapf-scen-even_scen-even_room-64-64-8-even-1_scen-agents10-idx15-seed42-1760993935384,0,1,12,0.003713,1,2,49,53,6,12,2878,564,0.000000,0.897000,1.336000,1.265000,0.060782,0
_home_max_Documents_PhD_MAPF_LNS_MAPF_LNS_SAT_mapf-map_room-64-64-8_map-_home_max_Documents_PhD_MAPF_LNS_MAPF_LNS_SAT_mapf-scen-even_scen-even_room-64-64-8-even-1_scen-agents10-idx15-seed42-1760993935384,0,2,19,0.005879,1,2,48,54,6,15,5627,839,0.000000,1.595000,2.530000,2.361000,0.190812,0
_home_max_Documents_PhD_MAPF_LNS_MAPF_LNS_SAT_mapf-map_room-64-64-8_map-_home_max_Documents_PhD_MAPF_LNS_MAPF_LNS_SAT_mapf-scen-even_scen-even_room-64-64-8-even-1_scen-agents10-idx15-seed42-1760993935384,0,3,29,0.008973,1,3,47,55,3,7,375,128,0.000000,0.160000,0.275000,0.219000,0.027427,1
_home_max_Documents_PhD_MAPF_LNS_MAPF_LNS_SAT_mapf-map_room-64-64-8_map-_home_max_Documents_PhD_MAPF_LNS_MAPF_LNS_SAT_mapf-scen-even_scen-even_room-64-64-8-even-1_scen-agents10-idx15-seed42-1760993935384,0,0,8,0.002475,1,2,57,59,3,7,118,42,0.000000,0.042000,0.121000,0.089000,0.008745,1
_home_max_Documents_PhD_MAPF_LNS_MAPF_LNS_SAT_mapf-map_room-64-64-8_map-_home_max_Documents_PhD_MAPF_LNS_MAPF_LNS_SAT_mapf-scen-even_scen-even_room-64-64-8-even-1_scen-agents10-idx15-seed42-1760993935384,0,0,5,0.001547,1,2,58,60,4,7,187,72,0.000000,0.074000,0.141000,0.117000,0.005449,0
_home_max_Documents_PhD_MAPF_LNS_MAPF_LNS_SAT_mapf-map_room-64-64-8_map-_home_max_Documents_PhD_MAPF_LNS_MAPF_LNS_SAT_mapf-scen-even_scen-even_room-64-64-8-even-1_scen-agents10-idx15-seed42-1760993935384,0,1,10,0.003094,1,2,57,61,5,10,1049,269,0.000000,0.350000,0.588000,0.536000,0.039968,0
_home_max_Documents_PhD_MAPF_LNS_MAPF_LNS_SAT_mapf-map_room-64-64-8_map-_home_max_Documents_PhD_MAPF_LNS_MAPF_LNS_SAT_mapf-scen-even_scen-even_room-64-64-8-even-1_scen-agents10-idx15-seed42-1760993935384,0,2,18,0.005569,1,3,56,62,5,12,2923,512,0.000000,0.889000,1.391000,1.300000,0.115301,0
_home_max_Documents_PhD_MAPF_LNS_MAPF_LNS_SAT_mapf-map_room-64-64-8_map-_home_max_Documents_PhD_MAPF_LNS_MAPF_LNS_SAT_mapf-scen-even_scen-even_room-64-64-8-even-1_scen-agents10-idx15-seed42-1760993935384,0,3,28,0.008663,1,5,55,63,5,14,4356,662,0.000000,1.375000,2.146000,1.988000,0.238124,1
_home_max_Documents_PhD_MAPF_LNS_MAPF_LNS_SAT_mapf-map_room-64-64-8_map-_home_max_Documents_PhD_MAPF_LNS_MAPF_LNS_SAT_mapf-scen-even_scen-even_room-64-64-8-even-1_scen-agents10-idx15-seed42-1760993935384,0,0,9,0.002785,1,2,62,64,3,6,120,44,0.000000,0.043000,0.123000,0.095000,0.010229,1
_home_max_Documents_PhD_MAPF_LNS_MAPF_LNS_SAT_mapf-map_room-64-64-8_map-_home_max_Documents_PhD_MAPF_LNS_MAPF_LNS_SAT_mapf-scen-even_scen-even_room-64-64-8-even-1_scen-agents10-idx16-seed42-1760993935482,0,0,4,0.001238,1,2,28,30,4,7,144,61,0.000000,0.058000,0.151000,0.121000,0.012258,0
_home_max_Documents_PhD_MAPF_LNS_MAPF_LNS_SAT_mapf-map_room-64-64-8_map-_home_max_Documents_PhD_MAPF_LNS_MAPF_LNS_SAT_mapf-scen-even_scen-even_room-64-64-8-even-1_scen-agents10-idx16-seed42-1760993935482,0,1,9,0.002785,1,2,27,31,3,6,138,56,0.000000,0.050000,0.131000,0.101000,0.012993,1
_home_max_Documents_PhD_MAPF_LNS_MAPF_LNS_SAT_mapf-map_room-64-64-8_map-_home_max_Documents_PhD_MAPF_LNS_MAPF_LNS_SAT_mapf-scen-even_scen-even_room-64-64-8-even-1_scen-agents10-idx16-seed42-1760993935482,0,0,8,0.002475,1,2,47,49,3,7,118,42,0.000000,0.041000,0.119000,0.086000,0.009038,1
_home_max_Documents_PhD_MAPF_LNS_MAPF_LNS_SAT_mapf-map_room-64-64-8_map-_home_max_Documents_PhD_MAPF_LNS_MAPF_LNS_SAT_mapf-scen-even_scen-even_room-64-64-8-even-1_scen-agents10-idx16-seed42-1760993935482,0,0,5,0.001547,1,3,48,50,3,5,92,42,0.000000,0.055000,0.074000,0.057000,0.001697,0
_home_max_Documents_PhD_MAPF_LNS_MAPF_LNS_SAT_mapf-map_room-64-64-8_map-_home_max_Documents_PhD_MAPF_LNS_MAPF_LNS_SAT_mapf-scen-even_scen-even_room-64-64-8-even-1_scen-agents10-idx16-seed42-1760993935482,0,1,13,0.004022,1,3,47,51,1,2,30,16,0.000000,0.016000,0.038000,0.023000,0.001411,1
_home_max_Documents_PhD_MAPF_LNS_MAPF_LNS_SAT_mapf-map_room-64-64-8_map-_home_max_Documents_PhD_MAPF_LNS_MAPF_LNS_SAT_mapf-scen-even_scen-even_room-64-64-8-even-1_scen-agents10-idx16-seed42-1760993935482,0,0,5,0.001547,1,2,62,64,4,7,179,68,0.000000,0.067000,0.137000,0.114000,0.005651,0
_home_max_Documents_PhD_MAPF_LNS_MAPF_LNS_SAT_mapf-map_room-64-64-8_map-_home_max_Documents_PhD_MAPF_LNS_MAPF_LNS_SAT_mapf-scen-even_scen-even_room-64-64-8-even-1_scen-agents10-idx16-seed42-1760993935482,0,1,13,0.004022,1,2,61,65,1,1,31,16,0.000000,0.014000,0.029000,0.024000,0.001955,1
_home_max_Documents_PhD_MAPF_LNS_MAPF_LNS_SAT_mapf-map_room-64-64-8_map-_home_max_Documents_PhD_MAPF_LNS_MAPF_LNS_SAT_mapf-scen-even_scen-even_room-64-64-8-even-1_scen-agents10-idx17-seed42-1760993935586,0,0,6,0.001856,1,2,9,11,3,7,96,40,0.000000,0.033000,0.146000,0.108000,0.015108,1
_home_max_Documents_PhD_MAPF_LNS_MAPF_LNS_SAT_mapf-map_room-64-64-8_map-_home_max_Documents_PhD_MAPF_LNS_MAPF_LNS_SAT_mapf-scen-even_scen-even_room-64-64-8-even-1_scen-agents10-idx17-seed42-1760993935586,0,0,12,0.003713,4,2,26,31,2,3,76,35,0.000000,0.029000,0.071000,0.055000,0.005054,1
_home_max_Documents_PhD_MAPF_LNS_MAPF_LNS_SAT_mapf-map_room-64-64-8_map-_home_max_Documents_PhD_MAPF_LNS_MAPF_LNS_SAT_mapf-scen-even_scen-even_room-64-64-8-even-1_scen-agents10-idx17-seed42-1760993935586,0,0,5,0.001547,1,2,46,48,3,6,80,34,0.000000,0.031000,0.083000,0.061000,0.005110,0
_home_max_Documents_PhD_MAPF_LNS_MAPF_LNS_SAT_mapf-map_room-64-64-8_map-_home_max_Documents_PhD_MAPF_LNS_MAPF_LNS_SAT_mapf-scen-even_scen-even_room-64-64-8-even-1_scen-agents10-idx17-seed42-1760993935586,0,1,10,0.003094,1,2,45,49,3,6,154,58,0.000000,0.053000,0.131000,0.102000,0.013658,1
_home_max_Documents_PhD_MAPF_LNS_MAPF_LNS_SAT_mapf-map_room-64-64-8_map-_home_max_Documents_PhD_MAPF_LNS_MAPF_LNS_SAT_mapf-scen-even_scen-even_room-64-64-8-even-1_scen-agents10-idx17-seed42-1760993935586,0,0,5,0.001547,1,2,50,52,3,6,80,34,0.000000,0.030000,0.083000,0.060000,0.004947,0
_home_max_Documents_PhD_MAPF_LNS_MAPF_LNS_SAT_mapf-map_room-64-64-8_map-_home_max_Documents_PhD_MAPF_LNS_MAPF_LNS_SAT_mapf-scen-even_scen-even_room-64-64-8-even-1_scen-agents10-idx17-seed42-1760993935586,0,1,12,0.003713,1,2,49,53,3,7,179,62,0.000000,0.061000,0.158000,0.124000,0.018438,1
_home_max_Documents_PhD_MAPF_LNS_MAPF_LNS_SAT_mapf-map_room-64-64-8_map-_home_max_Documents_PhD_MAPF_LNS_MAPF_LNS_SAT_mapf-scen-even_scen-even_room-64-64-8-even-1_scen-agents10-idx18-seed42-1760993935687,0,0,8,0.002475,1,2,17,19,1,1,12,7,0.000000,0.007000,0.050000,0.042000,0.006882,1
_home_max_Documents_PhD_MAPF_LNS_MAPF_LNS_SAT_mapf-map_room-64-64-8_map-_home_max_Documents_PhD_MAPF_LNS_MAPF_LNS_SAT_mapf-scen-even_scen-even_room-64-64-8-even-1_scen-agents10-idx18-seed42-1760993935687,0,0,4,0.001238,1,2,73,75,1,1,19,9,0.000000,0.010000,0.028000,0.020000,0.001908,1
_home_max_Documents_PhD_MAPF_LNS_MAPF_LNS_SAT_mapf-map_room-64-64-8_map-_home_max_Documents_PhD_MAPF_LNS_MAPF_LNS_SAT_mapf-scen-even_scen-even_room-64-64-8-even-1_scen-agents10-idx19-seed42-1760993935788,0,0,21,0.006498,7,3,3,11,2,3,118,58,0.000000,0.076000,0.200000,0.162000,0.022153,1
_home_max_Documents_PhD_MAPF_LNS_MAPF_LNS_SAT_mapf-map_room-64-64-8_map-_home_max_Documents_PhD_MAPF_LNS_MAPF_LNS_SAT_mapf-scen-even_scen-even_room-64-64-8-even-1_scen-agents10-idx19-seed42-1760993935788,0,0,4,0.001238,1,2,42,44,4,7,144,61,0.000000,0.076000,0.207000,0.168000,0.007238,0
_home_max_Documents_PhD_MAPF_LNS_MAPF_LNS_SAT_mapf-map_room-64-64-8_map-_home_max_Documents_PhD_MAPF_LNS_MAPF_LNS_SAT_mapf-scen-even_scen-even_room-64-64-8-even-1_scen-agents10-idx19-seed42-1760993935788,0,1,9,0.002785,1,2,41,45,2,4,53,27,0.000000,0.029000,0.105000,0.072000,0.005250,1
_home_max_Documents_PhD_MAPF_LNS_MAPF_LNS_SAT_mapf-map_room-64-64-8_map-_home_max_Documents_PhD_MAPF_LNS_MAPF_LNS_SAT_mapf-scen-even_scen-even_room-64-64-8-even-1_scen-agents10-idx19-seed42-1760993935788,0,0,8,0.002475,2,3,47,49,4,7,415,128,0.000000,0.202000,0.417000,0.370000,0.012356,0
_home_max_Documents_PhD_MAPF_LNS_MAPF_LNS_SAT_mapf-map_room-64-64-8_map-_home_max_Documents_PhD_MAPF_LNS_MAPF_LNS_SAT_mapf-scen-even_scen-even_room-64-64-8-even-1_scen-agents10-idx19-seed42-1760993935788,0,1,16,0.004950,2,3,46,50,3,5,310,105,0.000000,0.162000,0.300000,0.255000,0.019781,1
_home_max_Documents_PhD_MAPF_LNS_MAPF_LNS_SAT_mapf-map_room-64-64-8_map-_home_max_Documents_PhD_MAPF_LNS_MAPF_LNS_SAT_mapf-scen-even_scen-even_room-64-64-8-even-1_scen-agents10-idx19-seed42-1760993935788,0,0,9,0.002785,1,2,53,55,4,9,354,101,0.000000,0.121000,0.277000,0.231000,0.029596,1
_home_max_Documents_PhD_MAPF_LNS_MAPF_LNS_SAT_mapf-map_room-64-64-8_map-_home_max_Documents_PhD_MAPF_LNS_MAPF_LNS_SAT_mapf-scen-even_scen-even_room-64-64-8-even-1_scen-agents10-idx19-seed42-1760993935788,0,0,5,0.001547,1,2,104,106,1,1,24,10,0.000000,0.012000,0.027000,0.021000,0.001316,1
_home_max_Documents_PhD_MAPF_LNS_MAPF_LNS_SAT_mapf-map_room-64-64-8_map-_home_max_Documents_PhD_MAPF_LNS_MAPF_LNS_SAT_mapf-scen-even_scen-even_room-64-64-8-even-1_scen-agents10-idx21-seed42-1760993935990,0,0,6,0.001856,1,2,4,6,1,1,12,7,0.000000,0.008000,0.049000,0.041000,0.007675,1
_home_max_Documents_PhD_MAPF_LNS_MAPF_LNS_SAT_mapf-map_room-64-64-8_map-_home_max_Documents_PhD_MAPF_LNS_MAPF_LNS_SAT_mapf-scen-even_scen-even_room-64-64-8-even-1_scen-agents10-idx21-seed42-1760993935990,0,0,8,0.002475,1,2,49,51,3,7,118,42,0.000000,0.041000,0.127000,0.094000,0.013226,1
_home_max_Documents_PhD_MAPF_LNS_MAPF_LNS_SAT_mapf-map_room-64-64-8_map-_home_max_Documents_PhD_MAPF_LNS_MAPF_LNS_SAT_mapf-scen-even_scen-even_room-64-64-8-even-1_scen-agents10-idx21-seed42-1760993935990,0,0,5,0.001547,1,2,55,57,4,7,179,68,0.000000,0.065000,0.133000,0.110000,0.005784,0
_home_max_Documents_PhD_MAPF_LNS_MAPF_LNS_SAT_mapf-map_room-64-64-8_map-_home_max_Documents_PhD_MAPF_LNS_MAPF_LNS_SAT_mapf-scen-even_scen-even_room-64-64-8-even-1_scen-agents10-idx21-seed42-1760993935990,0,1,10,0.003094,1,2,54,58,3,6,154,58,0.000000,0.061000,0.135000,0.106000,0.014406,1
_home_max_Documents_PhD_MAPF_LNS_MAPF_LNS_SAT_mapf-map_room-64-64-8_map-_home_max_Documents_PhD_MAPF_LNS_MAPF_LNS_SAT_mapf-scen-even_scen-even_room-64-64-8-even-1_scen-agents10-idx21-seed42-1760993935990,0,0,7,0.002166,1,2,61,63,1,2,13,7,0.000000,0.011000,0.027000,0.017000,0.001073,1
_home_max_Documents_PhD_MAPF_LNS_MAPF_LNS_SAT_mapf-map_room-64-64-8_map-_home_max_Documents_PhD_MAPF_LNS_MAPF_LNS_SAT_mapf-scen-even_scen-even_room-64-64-8-even-1_scen-agents10-idx22-seed42-1760993936091,0,0,9,0.002785,3,3,22,26,2,3,62,30,0.000000,0.027000,0.090000,0.067000,0.009876,1
_home_max_Documents_PhD_MAPF_LNS_MAPF_LNS_SAT_mapf-map_room-64-64-8_map-_home_max_Documents_PhD_MAPF_LNS_MAPF_LNS_SAT_mapf-scen-even_scen-even_room-64-64-8-even-1_scen-agents10-idx22-seed42-1760993936091,0,0,8,0.002475,1,4,41,43,4,11,293,104,0.000000,0.114000,0.269000,0.200000,0.024295,1
_home_max_Documents_PhD_MAPF_LNS_MAPF_LNS_SAT_mapf-map_room-64-64-8_map-_home_max_Documents_PhD_MAPF_LNS_MAPF_LNS_SAT_mapf-scen-even_scen-even_room-64-64-8-even-1_scen-agents10-idx22-seed42-1760993936091,0,0,8,0.002475,1,2,51,53,3,7,118,42,0.000000,0.041000,0.124000,0.089000,0.009565,1
_home_max_Documents_PhD_MAPF_LNS_MAPF_LNS_SAT_mapf-map_room-64-64-8_map-_home_max_Documents_PhD_MAPF_LNS_MAPF_LNS_SAT_mapf-scen-even_scen-even_room-64-64-8-even-1_scen-agents10-idx22-seed42-1760993936091,0,0,9,0.002785,1,2,62,64,3,7,166,50,0.000000,0.051000,0.142000,0.111000,0.012031,1
_home_max_Documents_PhD_MAPF_LNS_MAPF_LNS_SAT_mapf-map_room-64-64-8_map-_home_max_Documents_PhD_MAPF_LNS_MAPF_LNS_SAT_mapf-scen-even_scen-even_room-64-64-8-even-1_scen-agents10-idx22-seed42-1760993936091,0,0,5,0.001547,1,2,65,67,1,1,24,10,0.000000,0.010000,0.025000,0.020000,0.001539,1
_home_max_Documents_PhD_MAPF_LNS_MAPF_LNS_SAT_mapf-map_room-64-64-8_map-_home_max_Documents_PhD_MAPF_LNS_MAPF_LNS_SAT_mapf-scen-even_scen-even_room-64-64-8-even-1_scen-agents10-idx24-seed42-1760993936292,0,0,6,0.001856,1,2,20,22,3,7,93,38,0.000000,0.035000,0.149000,0.111000,0.017974,1
_home_max_Documents_PhD_MAPF_LNS_MAPF_LNS_SAT_mapf-map_room-64-64-8_map-_home_max_Documents_PhD_MAPF_LNS_MAPF_LNS_SAT_mapf-scen-even_scen-even_room-64-64-8-even-1_scen-agents10-idx24-seed42-1760993936292,0,0,5,0.001547,1,2,26,28,4,7,179,68,0.000000,0.060000,0.138000,0.115000,0.005653,0
_home_max_Documents_PhD_MAPF_LNS_MAPF_LNS_SAT_mapf-map_room-64-64-8_map-_home_max_Documents_PhD_MAPF_LNS_MAPF_LNS_SAT_mapf-scen-even_scen-even_room-64-64-8-even-1_scen-agents10-idx24-seed42-1760993936292,0,1,13,0.004022,1,2,25,29,1,2,23,12,0.000000,0.010000,0.035000,0.021000,0.001324,1
_home_max_Documents_PhD_MAPF_LNS_MAPF_LNS_SAT_mapf-map_room-64-64-8_map-_home_max_Documents_PhD_MAPF_LNS_MAPF_LNS_SAT_mapf-scen-even_scen-even_room-64-64-8-even-1_scen-agents10-idx24-seed42-1760993936292,0,0,5,0.001547,1,2,38,40,1,3,26,10,0.000000,0.009000,0.044000,0.027000,0.002336,1
_home_max_Documents_PhD_MAPF_LNS_MAPF_LNS_SAT_mapf-map_room-64-64-8_map-_home_max_Documents_PhD_MAPF_LNS_MAPF_LNS_SAT_mapf-scen-even_scen-even_room-64-64-8-even-1_scen-agents10-idx24-seed42-1760993936292,0,0,5,0.001547,1,2,41,43,1,1,24,10,0.000000,0.009000,0.023000,0.018000,0.001091,1
_home_max_Documents_PhD_MAPF_LNS_MAPF_LNS_SAT_mapf-map_room-64-64-8_map-_home_max_Documents_PhD_MAPF_LNS_MAPF_LNS_SAT_mapf-scen-even_scen-even_room-64-64-8-even-1_scen-agents10-idx24-seed42-1760993936292,0,0,5,0.001547,1,2,49,51,1,1,24,10,0.000000,0.009000,0.024000,0.019000,0.001310,1
_home_max_Documents_PhD_MAPF_LNS_MAPF_LNS_SAT_mapf-map_room-64-64-8_map-_home_max_Documents_PhD_MAPF_LNS_MAPF_LNS_SAT_mapf-scen-even_scen-even_room-64-64-8-even-1_scen-agents10-idx25-seed42-1760993936394,0,0,6,0.001856,1,2,28,30,3,7,93,38,0.000000,0.035000,0.144000,0.107000,0.015818,1
_home_max_Documents_PhD_MAPF_LNS_MAPF_LNS_SAT_mapf-map_room-64-64-8_map-_home_max_Documents_PhD_MAPF_LNS_MAPF_LNS_SAT_mapf-scen-even_scen-even_room-64-64-8-even-1_scen-agents10-idx26-seed42-1760993936495,0,0,8,0.002475,1,2,10,12,3,7,118,42,0.000000,0.039000,0.166000,0.125000,0.016633,1
_home_max_Documents_PhD_MAPF_LNS_MAPF_LNS_SAT_mapf-map_room-64-64-8_map-_home_max_Documents_PhD_MAPF_LNS_MAPF_LNS_SAT_mapf-scen-even_scen-even_room-64-64-8-even-1_scen-agents10-idx27-seed42-1760993936596,0,0,8,0.002475,1,2,16,18,4,11,529,148,0.000000,0.153000,0.444000,0.358000,0.062327,1
_home_max_Documents_PhD_MAPF_LNS_MAPF_LNS_SAT_mapf-map_room-64-64-8_map-_home_max_Documents_PhD_MAPF_LNS_MAPF_LNS_SAT_mapf-scen-even_scen-even_room-64-64-8-even-1_scen-agents10-idx27-seed42-1760993936596,0,0,5,0.001547,1,2,24,26,4,7,179,68,0.000000,0.069000,0.163000,0.134000,0.006849,0
_home_max_Documents_PhD_MAPF_LNS_MAPF_LNS_SAT_mapf-map_room-64-64-8_map-_home_max_Documents_PhD_MAPF_LNS_MAPF_LNS_SAT_mapf-scen-even_scen-even_room-64-64-8-even-1_scen-agents10-idx27-seed42-1760993936596,0,1,12,0.003713,1,2,23,27,3,7,179,62,0.000000,0.068000,0.186000,0.145000,0.021769,1
_home_max_Documents_PhD_MAPF_LNS_MAPF_LNS_SAT_mapf-map_room-64-64-8_map-_home_max_Documents_PhD_MAPF_LNS_MAPF_LNS_SAT_mapf-scen-even_scen-even_room-64-64-8-even-1_scen-agents10-idx27-seed42-1760993936596,0,0,8,0.002475,1,2,36,38,3,5,132,51,0.000000,0.061000,0.105000,0.086000,0.001658,0
_home_max_Documents_PhD_MAPF_LNS_MAPF_LNS_SAT_mapf-map_room-64-64-8_map-_home_max_Documents_PhD_MAPF_LNS_MAPF_LNS_SAT_mapf-scen-even_scen-even_room-64-64-8-even-1_scen-agents10-idx27-seed42-1760993936596,0,1,18,0.005569,1,4,35,39,4,7,1180,252,0.000000,0.380000,0.558000,0.520000,0.014903,0
_home_max_Documents_PhD_MAPF_LNS_MAPF_LNS_SAT_mapf-map_room-64-64-8_map-_home_max_Documents_PhD_MAPF_LNS_MAPF_LNS_SAT_mapf-scen-even_scen-even_room-64-64-8-even-1_scen-agents10-idx27-seed42-1760993936596,0,2,28,0.008663,1,4,34,40,3,5,450,153,0.000000,0.178000,0.240000,0.211000,0.004732,0
_home_max_Documents_PhD_MAPF_LNS_MAPF_LNS_SAT_mapf-map_room-64-64-8_map-_home_max_Documents_PhD_MAPF_LNS_MAPF_LNS_SAT_mapf-scen-even_scen-even_room-64-64-8-even-1_scen-agents10-idx27-seed42-1760993936596,0,3,41,0.012686,1,5,33,41,5,14,13705,1325,0.000000,4.748000,5.983000,5.774000,0.362577,1
_home_max_Documents_PhD_MAPF_LNS_MAPF_LNS_SAT_mapf-map_room-64-64-8_map-_home_max_Documents_PhD_MAPF_LNS_MAPF_LNS_SAT_mapf-scen-even_scen-even_room-64-64-8-even-1_scen-agents10-idx28-seed42-1760993936693,0,0,5,0.001547,1,2,43,45,1,2,25,10,0.000000,0.011000,0.069000,0.054000,0.009246,1
_home_max_Documents_PhD_MAPF_LNS_MAPF_LNS_SAT_mapf-map_room-64-64-8_map-_home_max_Documents_PhD_MAPF_LNS_MAPF_LNS_SAT_mapf-scen-even_scen-even_room-64-64-8-even-1_scen-agents10-idx28-seed42-1760993936693,0,0,9,0.002785,2,3,50,53,5,10,1745,423,0.000000,0.505000,0.904000,0.837000,0.070876,0
_home_max_Documents_PhD_MAPF_LNS_MAPF_LNS_SAT_mapf-map_room-64-64-8_map-_home_max_Documents_PhD_MAPF_LNS_MAPF_LNS_SAT_mapf-scen-even_scen-even_room-64-64-8-even-1_scen-agents10-idx28-seed42-1760993936693,0,1,17,0.005260,2,3,49,54,3,7,1150,239,0.000000,0.331000,0.618000,0.565000,0.049608,1
_home_max_Documents_PhD_MAPF_LNS_MAPF_LNS_SAT_mapf-map_room-64-64-8_map-_home_max_Documents_PhD_MAPF_LNS_MAPF_LNS_SAT_mapf-scen-even_scen-even_room-64-64-8-even-1_scen-agents10-idx28-seed42-1760993936693,0,0,9,0.002785,1,2,54,56,3,5,92,38,0.000000,0.036000,0.092000,0.071000,0.004825,1
_home_max_Documents_PhD_MAPF_LNS_MAPF_LNS_SAT_mapf-map_room-64-64-8_map-_home_max_Documents_PhD_MAPF_LNS_MAPF_LNS_SAT_mapf-scen-even_scen-even_room-64-64-8-even-1_scen-agents10-idx28-seed42-1760993936693,0,0,5,0.001547,1,2,58,60,2,4,29,15,0.000000,0.013000,0.041000,0.026000,0.001893,0
_home_max_Documents_PhD_MAPF_LNS_MAPF_LNS_SAT_mapf-map_room-64-64-8_map-_home_max_Documents_PhD_MAPF_LNS_MAPF_LNS_SAT_mapf-scen-even_scen-even_room-64-64-8-even-1_scen-agents10-idx28-seed42-1760993936693,0,1,13,0.004022,1,2,57,61,1,2,25,13,0.000000,0.011000,0.034000,0.022000,0.001970,1
_home_max_Documents_PhD_MAPF_LNS_MAPF_LNS_SAT_mapf-map_room-64-64-8_map-_home_max_Documents_PhD_MAPF_LNS_MAPF_LNS_SAT_mapf-scen-even_scen-even_room-64-64-8-even-1_scen-agents10-idx28-seed42-1760993936693,0,0,5,0.001547,1,2,61,63,4,11,173,66,0.000000,0.064000,0.184000,0.136000,0.019559,1
_home_max_Documents_PhD_MAPF_LNS_MAPF_LNS_SAT_mapf-map_room-64-64-8_map-_home_max_Documents_PhD_MAPF_LNS_MAPF_LNS_SAT_mapf-scen-even_scen-even_room-64-64-8-even-1_scen-agents10-idx28-seed42-1760993936693,0,0,5,0.001547,1,2,66,68,1,2,25,10,0.000000,0.010000,0.034000,0.024000,0.002276,1
_home_max_Documents_PhD_MAPF_LNS_MAPF_LNS_SAT_mapf-map_room-64-64-8_map-_home_max_Documents_PhD_MAPF_LNS_MAPF_LNS_SAT_mapf-scen-even_scen-even_room-64-64-8-even-1_scen-agents10-idx28-seed42-1760993936693,0,0,5,0.001547,1,2,68,70,3,6,80,34,0.000000,0.032000,0.086000,0.064000,0.005232,0
_home_max_Documents_PhD_MAPF_LNS_MAPF_LNS_SAT_mapf-map_room-64-64-8_map-_home_max_Documents_PhD_MAPF_LNS_MAPF_LNS_SAT_mapf-scen-even_scen-even_room-64-64-8-even-1_scen-agents10-idx28-seed42-1760993936693,0,1,12,0.003713,1,3,67,71,3,6,305,103,0.000000,0.124000,0.202000,0.170000,0.013593,0
_home_max_Documents_PhD_MAPF_LNS_MAPF_LNS_SAT_mapf-map_room-64-64-8_map-_home_max_Documents_PhD_MAPF_LNS_MAPF_LNS_SAT_mapf-scen-even_scen-even_room-64-64-8-even-1_scen-agents10-idx28-seed42-1760993936693,0,2,21,0.006498,1,3,66,72,3,6,1285,266,0.000000,0.410000,0.649000,0.600000,0.045796,1
_home_max_Documents_PhD_MAPF_LNS_MAPF_LNS_SAT_mapf-map_room-64-64-8_map-_home_max_Documents_PhD_MAPF_LNS_MAPF_LNS_SAT_mapf-scen-even_scen-even_room-64-64-8-even-1_scen-agents10-idx29-seed42-1760993936798,0,0,8,0.002475,1,2,24,26,3,7,118,42,0.000000,0.040000,0.157000,0.119000,0.017658,1
_home_max_Documents_PhD_MAPF_LNS_MAPF_LNS_SAT_mapf-map_room-64-64-8_map-_home_max_Documents_PhD_MAPF_LNS_MAPF_LNS_SAT_mapf-scen-even_scen-even_room-64-64-8-even-1_scen-agents10-idx29-seed42-1760993936798,0,0,5,0.001547,1,2,36,38,2,3,28,15,0.000000,0.013000,0.041000,0.028000,0.002043,1
_home_max_Documents_PhD_MAPF_LNS_MAPF_LNS_SAT_mapf-map_room-64-64-8_map-_home_max_Documents_PhD_MAPF_LNS_MAPF_LNS_SAT_mapf-scen-even_scen-even_room-64-64-8-even-1_scen-agents10-idx29-seed42-1760993936798,0,0,5,0.001547,1,2,42,44,3,9,73,32,0.000000,0.027000,0.117000,0.077000,0.015031,1
_home_max_Documents_PhD_MAPF_LNS_MAPF_LNS_SAT_mapf-map_room-64-64-8_map-_home_max_Documents_PhD_MAPF_LNS_MAPF_LNS_SAT_mapf-scen-even_scen-even_room-64-64-8-even-1_scen-agents10-idx29-seed42-1760993936798,0,0,8,0.002475,5,3,45,49,4,12,681,202,0.000000,0.217000,0.477000,0.388000,0.056613,1
_home_max_Documents_PhD_MAPF_LNS_MAPF_LNS_SAT_mapf-map_room-64-64-8_map-_home_max_Documents_PhD_MAPF_LNS_MAPF_LNS_SAT_mapf-scen-even_scen-even_room-64-64-8-even-1_scen-agents10-idx29-seed42-1760993936798,0,0,8,0.002475,1,2,47,49,3,7,118,42,0.000000,0.043000,0.122000,0.090000,0.009442,1
_home_max_Documents_PhD_MAPF_LNS_MAPF_LNS_SAT_mapf-map_room-64-64-8_map-_home_max_Documents_PhD_MAPF_LNS_MAPF_LNS_SAT_mapf-scen-even_scen-even_room-64-64-8-even-1_scen-agents10-idx29-seed42-1760993936798,0,0,5,0.001547,1,2,54,56,4,7,179,68,0.000000,0.065000,0.136000,0.113000,0.005700,0
_home_max_Documents_PhD_MAPF_LNS_MAPF_LNS_SAT_mapf-map_room-64-64-8_map-_home_max_Documents_PhD_MAPF_LNS_MAPF_LNS_SAT_mapf-scen-even_scen-even_room-64-64-8-even-1_scen-agents10-idx29-seed42-1760993936798,0,1,11,0.003403,1,2,53,57,5,10,1046,238,0.000000,0.313000,0.554000,0.513000,0.031116,0
_home_max_Documents_PhD_MAPF_LNS_MAPF_LNS_SAT_mapf-map_room-64-64-8_map-_home_max_Documents_PhD_MAPF_LNS_MAPF_LNS_SAT_mapf-scen-even_scen-even_room-64-64-8-even-1_scen-agents10-idx29-seed42-1760993936798,0,2,20,0.006188,1,2,52,58,4,9,962,197,0.000000,0.276000,0.503000,0.448000,0.030710,1
_home_max_Documents_PhD_MAPF_LNS_MAPF_LNS_SAT_mapf-map_room-64-64-8_map-_home_max_Documents_PhD_MAPF_LNS_MAPF_LNS_SAT_mapf-scen-even_scen-even_room-64-64-8-even-1_scen-agents10-idx29-seed42-1760993936798,0,0,24,0.007426,8,2,56,65,2,3,154,65,0.000000,0.068000,0.116000,0.096000,0.008434,1
_home_max_Documents_PhD_MAPF_LNS_MAPF_LNS_SAT_mapf-map_room-64-64-8_map-_home_max_Documents_PhD_MAPF_LNS_MAPF_LNS_SAT_mapf-scen-even_scen-even_room-64-64-8-even-1_scen-agents10-idx29-seed42-1760993936798,0,0,5,0.001547,1,2,57,59,4,7,179,68,0.000000,0.065000,0.138000,0.115000,0.005495,0
_home_max_Documents_PhD_MAPF_LNS_MAPF_LNS_SAT_mapf-map_room-64-64-8_map-_home_max_Documents_PhD_MAPF_LNS_MAPF_LNS_SAT_mapf-scen-even_scen-even_room-64-64-8-even-1_scen-agents10-idx29-seed42-1760993936798,0,1,13,0.004022,1,2,56,60,1,1,26,14,0.000000,0.013000,0.026000,0.020000,0.001544,1
_home_max_Documents_PhD_MAPF_LNS_MAPF_LNS_SAT_mapf-map_room-64-64-8_map-_home_max_Documents_PhD_MAPF_LNS_MAPF_LNS_SAT_mapf-scen-even_scen-even_room-64-64-8-even-1_scen-agents10-idx29-seed42-1760993936798,0,0,8,0.002475,1,2,67,69,3,7,118,42,0.000000,0.044000,0.120000,0.087000,0.008867,1
_home_max_Documents_PhD_MAPF_LNS_MAPF_LNS_SAT_mapf-map_room-64-64-8_map-_home_max_Documents_PhD_MAPF_LNS_MAPF_LNS_SAT_mapf-scen-even_scen-even_room-64-64-8-even-1_scen-agents10-idx29-seed42-1760993936798,0,0,5,0.001547,1,2,85,87,1,2,25,10,0.000000,0.011000,0.036000,0.025000,0.002005,1
_home_max_Documents_PhD_MAPF_LNS_MAPF_LNS_SAT_mapf-map_room-64-64-8_map-_home_max_Documents_PhD_MAPF_LNS_MAPF_LNS_SAT_mapf-scen-even_scen-even_room-64-64-8-even-1_scen-agents10-idx29-seed42-1760993936798,0,0,5,0.001547,1,2,109,111,1,1,24,10,0.000000,0.011000,0.024000,0.019000,0.001136,1
_home_max_Documents_PhD_MAPF_LNS_MAPF_LNS_SAT_mapf-map_room-64-64-8_map-_home_max_Documents_PhD_MAPF_LNS_MAPF_LNS_SAT_mapf-scen-even_scen-even_room-64-64-8-even-1_scen-agents10-idx30-seed42-1760993936897,0,0,5,0.001547,1,2,24,26,4,7,179,68,0.000000,0.063000,0.174000,0.145000,0.013515,0
_home_max_Documents_PhD_MAPF_LNS_MAPF_LNS_SAT_mapf-map_room-64-64-8_map-_home_max_Documents_PhD_MAPF_LNS_MAPF_LNS_SAT_mapf-scen-even_scen-even_room-64-64-8-even-1_scen-agents10-idx30-seed42-1760993936897,0,1,12,0.003713,1,2,23,27,1,2,27,14,0.000000,0.010000,0.040000,0.024000,0.002501,1
_home_max_Documents_PhD_MAPF_LNS_MAPF_LNS_SAT_mapf-map_room-64-64-8_map-_home_max_Documents_PhD_MAPF_LNS_MAPF_LNS_SAT_mapf-scen-even_scen-even_room-64-64-8-even-1_scen-agents10-idx30-seed42-1760993936897,0,0,7,0.002166,1,2,44,46,3,7,105,40,0.000000,0.038000,0.114000,0.083000,0.008513,1
_home_max_Documents_PhD_MAPF_LNS_MAPF_LNS_SAT_mapf-map_room-64-64-8_map-_home_max_Documents_PhD_MAPF_LNS_MAPF_LNS_SAT_mapf-scen-even_scen-even_room-64-64-8-even-1_scen-agents10-idx30-seed42-1760993936897,0,0,8,0.002475,1,2,52,54,2,3,32,17,0.000000,0.015000,0.043000,0.030000,0.001650,1
_home_max_Documents_PhD_MAPF_LNS_MAPF_LNS_SAT_mapf-map_room-64-64-8_map-_home_max_Documents_PhD_MAPF_LNS_MAPF_LNS_SAT_mapf-scen-even_scen-even_room-64-64-8-even-1_scen-agents10-idx30-seed42-1760993936897,0,0,8,0.002475,1,2,55,57,1,1,14,8,0.000000,0.007000,0.019000,0.014000,0.000929,1
_home_max_Documents_PhD_MAPF_LNS_MAPF_LNS_SAT_mapf-map_room-64-64-8_map-_home_max_Documents_PhD_MAPF_LNS_MAPF_LNS_SAT_mapf-scen-even_scen-even_room-64-64-8-even-1_scen-agents10-idx30-seed42-1760993936897,0,0,5,0.001547,1,2,75,77,1,1,24,10,0.000000,0.010000,0.025000,0.020000,0.001352,1
_home_max_Documents_PhD_MAPF_LNS_MAPF_LNS_SAT_mapf-map_room-64-64-8_map-_home_max_Documents_PhD_MAPF_LNS_MAPF_LNS_SAT_mapf-scen-even_scen-even_room-64-64-8-even-2_scen-agents10-idx0-seed42-1760993936996,0,0,9,0.002785,3,2,4,8,2,3,54,25,0.000000,0.019000,0.086000,0.064000,0.010428,1
_home_max_Documents_PhD_MAPF_LNS_MAPF_LNS_SAT_mapf-map_room-64-64-8_map-_home_max_Documents_PhD_MAPF_LNS_MAPF_LNS_SAT_mapf-scen-even_scen-even_room-64-64-8-even-2_scen-agents10-idx0-seed42-1760993936996,0,0,9,0.002785,1,2,13,15,3,7,121,44,0.000000,0.037000,0.133000,0.101000,0.011991,1
_home_max_Documents_PhD_MAPF_LNS_MAPF_LNS_SAT_mapf-map_room-64-64-8_map-_home_max_Documents_PhD_MAPF_LNS_MAPF_LNS_SAT_mapf-scen-even_scen-even_room-64-64-8-even-2_scen-agents10-idx0-seed42-1760993936996,0,0,8,0.002475,2,3,47,50,3,6,166,65,0.000000,0.068000,0.144000,0.110000,0.010514,1
_home_max_Documents_PhD_MAPF_LNS_MAPF_LNS_SAT_mapf-map_room-64-64-8_map-_home_max_Documents_PhD_MAPF_LNS_MAPF_LNS_SAT_mapf-scen-even_scen-even_room-64-64-8-even-2_scen-agents10-idx0-seed42-1760993936996,0,0,8,0.002475,2,3,51,54,4,7,357,111,0.000000,0.130000,0.218000,0.189000,0.007096,0
_home_max_Documents_PhD_MAPF_LNS_MAPF_LNS_SAT_mapf-map_room-64-64-8_map-_home_max_Documents_PhD_MAPF_LNS_MAPF_LNS_SAT_mapf-scen-even_scen-even_room-64-64-8-even-2_scen-agents10-idx0-seed42-1760993936996,0,1,14,0.004332,2,3,50,55,3,7,235,86,0.000000,0.094000,0.197000,0.149000,0.019697,1
_home_max_Documents_PhD_MAPF_LNS_MAPF_LNS_SAT_mapf-map_room-64-64-8_map-_home_max_Documents_PhD_MAPF_LNS_MAPF_LNS_SAT_mapf-scen-even_scen-even_room-64-64-8-even-2_scen-agents10-idx0-seed42-1760993936996,0,0,8,0.002475,2,3,56,59,2,4,50,25,0.000000,0.025000,0.057000,0.038000,0.001939,0
_home_max_Documents_PhD_MAPF_LNS_MAPF_LNS_SAT_mapf-map_room-64-64-8_map-_home_max_Documents_PhD_MAPF_LNS_MAPF_LNS_SAT_mapf-scen-even_scen-even_room-64-64-8-even-2_scen-agents10-idx0-seed42-1760993936996,0,1,14,0.004332,2,3,55,60,2,4,78,39,0.000000,0.040000,0.069000,0.049000,0.002954,0
_home_max_Documents_PhD_MAPF_LNS_MAPF_LNS_SAT_mapf-map_room-64-64-8_map-_home_max_Documents_PhD_MAPF_LNS_MAPF_LNS_SAT_mapf-scen-even_scen-even_room-64-64-8-even-2_scen-agents10-idx0-seed42-1760993936996,0,2,23,0.007116,2,3,54,61,2,4,106,53,0.000000,0.055000,0.082000,0.059000,0.003408,0
_home_max_Documents_PhD_MAPF_LNS_MAPF_LNS_SAT_mapf-map_room-64-64-8_map-_home_max_Documents_PhD_MAPF_LNS_MAPF_LNS_SAT_mapf-scen-even_scen-even_room-64-64-8-even-2_scen-agents10-idx0-seed42-1760993936996,0,3,34,0.010520,2,4,53,62,2,4,138,71,0.000000,0.094000,0.098000,0.072000,0.003782,0
_home_max_Documents_PhD_MAPF_LNS_MAPF_LNS_SAT_mapf-map_room-64-64-8_map-_home_max_Documents_PhD_MAPF_LNS_MAPF_LNS_SAT_mapf-scen-even_scen-even_room-64-64-8-even-2_scen-agents10-idx0-seed42-1760993936996,0,4,47,0.014542,2,4,52,63,2,4,295,123,0.000000,0.151000,0.186000,0.152000,0.011848,0
_home_max_Documents_PhD_MAPF_LNS_MAPF_LNS_SAT_mapf-map_room-64-64-8_map-_home_max_Documents_PhD_MAPF_LNS_MAPF_LNS_SAT_mapf-scen-even_scen-even_room-64-64-8-even-2_scen-agents10-idx0-seed42-1760993936996,0,5,60,0.018564,2,4,51,64,2,4,471,179,0.000000,0.211000,0.274000,0.233000,0.014250,0
_home_max_Documents_PhD_MAPF_LNS_MAPF_LNS_SAT_mapf-map_room-64-64-8_map-_home_max_Documents_PhD_MAPF_LNS_MAPF_LNS_SAT_mapf-scen-even_scen-even_room-64-64-8-even-2_scen-agents10-idx0-seed42-1760993936996,0,6,72,0.022277,2,4,50,65,2,4,815,248,0.000000,0.323000,0.426000,0.382000,0.020040,0
_home_max_Documents_PhD_MAPF_LNS_MAPF_LNS_SAT_mapf-map_room-64-64-8_map-_home_max_Documents_PhD_MAPF_LNS_MAPF_LNS_SAT_mapf-scen-even_scen-even_room-64-64-8-even-2_scen-agents10-idx0-seed42-1760993936996,0,7,86,0.026609,2,5,49,66,2,4,1130,328,0.000000,0.490000,0.560000,0.508000,0.025999,0
_home_max_Documents_PhD_MAPF_LNS_MAPF_LNS_SAT_mapf-map_room-64-64-8_map-_home_max_Documents_PhD_MAPF_LNS_MAPF_LNS_SAT_mapf-scen-even_scen-even_room-64-64-8-even-2_scen-agents10-idx0-seed42-1760993936996,0,8,100,0.030941,2,5,48,67,2,4,2213,574,0.000000,0.775000,1.043000,0.961000,0.047659,0
_home_max_Documents_PhD_MAPF_LNS_MAPF_LNS_SAT_mapf-map_room-64-64-8_map-_home_max_Documents_PhD_MAPF_LNS_MAPF_LNS_SAT_mapf-scen-even_scen-even_room-64-64-8-even-2_scen-agents10-idx0-seed42-1760993936996,0,9,114,0.035272,2,6,47,68,2,4,3114,733,0.000000,1.082000,1.409000,1.312000,0.060446,0
_home_max_Documents_PhD_MAPF_LNS_MAPF_LNS_SAT_mapf-map_room-64-64-8_map-_home_max_Documents_PhD_MAPF_LNS_MAPF_LNS_SAT_mapf-scen-even_scen-even_room-64-64-8-even-2_scen-agents10-idx0-seed42-1760993936996,0,10,132,0.040842,2,6,46,69,2,4,4114,903,0.000000,1.402000,1.826000,1.703000,0.077019,0
_home_max_Documents_PhD_MAPF_LNS_MAPF_LNS_SAT_mapf-map_room-64-64-8_map-_home_max_Documents_PhD_MAPF_LNS_MAPF_LNS_SAT_mapf-scen-even_scen-even_room-64-64-8-even-2_scen-agents10-idx0-seed42-1760993936996,0,11,154,0.047649,2,6,45,70,2,4,5459,1100,0.000000,1.800000,2.310000,2.217000,0.109078,0
_home_max_Documents_PhD_MAPF_LNS_MAPF_LNS_SAT_mapf-map_room-64-64-8_map-_home_max_Documents_PhD_MAPF_LNS_MAPF_LNS_SAT_mapf-scen-even_scen-even_room-64-64-8-even-2_scen-agents10-idx0-seed42-1760993936996,0,12,179,0.055384,2,6,44,71,2,4,7459,1358,0.000000,2.346000,3.166000,2.990000,0.126937,0
_home_max_Documents_PhD_MAPF_LNS_MAPF_LNS_SAT_mapf-map_room-64-64-8_map-_home_max_Documents_PhD_MAPF_LNS_MAPF_LNS_SAT_mapf-scen-even_scen-even_room-64-64-8-even-2_scen-agents10-idx0-seed42-1760993936996,0,13,208,0.064356,2,7,43,72,2,4,67827,3740,0.000000,24.039000,26.743000,26.285000,0.622644,0
_home_max_Documents_PhD_MAPF_LNS_MAPF_LNS_SAT_mapf-map_room-64-64-8_map-_home_max_Documents_PhD_MAPF_LNS_MAPF_LNS_SAT_mapf-scen-even_scen-even_room-64-64-8-even-2_scen-agents10-idx0-seed42-1760993936996,0,14,241,0.074567,2,7,42,73,2,4,104043,4619,0.000000,37.220000,40.151000,39.379000,0.897415,0
_home_max_Documents_PhD_MAPF_LNS_MAPF_LNS_SAT_mapf-map_room-64-64-8_map-_home_max_Documents_PhD_MAPF_LNS_MAPF_LNS_SAT_mapf-scen-even_scen-even_room-64-64-8-even-2_scen-agents10-idx0-seed42-1760993936996,0,15,278,0.086015,2,7,41,74,2,4,149484,5510,0.000000,55.243000,56.769000,55.964000,1.204739,0
_home_max_Documents_PhD_MAPF_LNS_MAPF_LNS_SAT_mapf-map_room-64-64-8_map-_home_max_Documents_PhD_MAPF_LNS_MAPF_LNS_SAT_mapf-scen-even_scen-even_room-64-64-8-even-2_scen-agents10-idx0-seed42-1760993936996,0,16,318,0.098391,2,7,40,75,2,4,206005,6413,0.001000,81.365000,81.108000,80.038000,1.697653,0
_home_max_Documents_PhD_MAPF_LNS_MAPF_LNS_SAT_mapf-map_room-64-64-8_map-_home_max_Documents_PhD_MAPF_LNS_MAPF_LNS_SAT_mapf-scen-even_scen-even_room-64-64-8-even-2_scen-agents10-idx0-seed42-1760993936996,0,17,360,0.111386,2,7,39,76,2,4,271094,7328,0.001000,117.698000,106.591000,105.093000,2.130076,0
_home_max_Documents_PhD_MAPF_LNS_MAPF_LNS_SAT_mapf-map_room-64-64-8_map-_home_max_Documents_PhD_MAPF_LNS_MAPF_LNS_SAT_mapf-scen-even_scen-even_room-64-64-8-even-2_scen-agents10-idx0-seed42-1760993936996,0,18,403,0.124691,2,7,38,77,2,4,358117,8431,0.001000,163.109000,296.217000,294.267000,2.796410,0
_home_max_Documents_PhD_MAPF_LNS_MAPF_LNS_SAT_mapf-map_room-64-64-8_map-_home_max_Documents_PhD_MAPF_LNS_MAPF_LNS_SAT_mapf-scen-even_scen-even_room-64-64-8-even-2_scen-agents10-idx0-seed42-1760993936996,0,19,448,0.138614,2,7,37,78,2,4,474664,9799,0.001000,213.735000,413.169000,410.479000,3.505158,0
_home_max_Documents_PhD_MAPF_LNS_MAPF_LNS_SAT_mapf-map_room-64-64-8_map-_home_max_Documents_PhD_MAPF_LNS_MAPF_LNS_SAT_mapf-scen-even_scen-even_room-64-64-8-even-2_scen-agents10-idx0-seed42-1760993936996,0,20,492,0.152228,2,7,36,79,2,4,623699,11285,0.001000,291.074000,576.743000,573.246000,4.590564,0
_home_max_Documents_PhD_MAPF_LNS_MAPF_LNS_SAT_mapf-map_room-64-64-8_map-_home_max_Documents_PhD_MAPF_LNS_MAPF_LNS_SAT_mapf-scen-even_scen-even_room-64-64-8-even-2_scen-agents10-idx0-seed42-1760993936996,0,21,532,0.164604,2,7,35,80,2,4,1196563,14811,0.001000,890.517000,1470.891000,1464.222000,8.921101,0
_home_max_Documents_PhD_MAPF_LNS_MAPF_LNS_SAT_mapf-map_room-64-64-8_map-_home_max_Documents_PhD_MAPF_LNS_MAPF_LNS_SAT_mapf-scen-even_scen-even_room-64-64-8-even-2_scen-agents10-idx0-seed42-1760993936996,0,22,569,0.176052,2,7,34,81,2,4,1530219,16832,0.001000,1253.831000,2228.991000,2219.870000,10.814273,0
_home_max_Documents_PhD_MAPF_LNS_MAPF_LNS_SAT_mapf-map_room-64-64-8_map-_home_max_Documents_PhD_MAPF_LNS_MAPF_LNS_SAT_mapf-scen-even_scen-even_room-64-64-8-even-2_scen-agents10-idx0-seed42-1760993936996,0,23,603,0.186572,2,7,33,82,2,4,1937875,19068,0.003000,1673.933000,2768.360000,2758.022000,13.120978,0
_home_max_Documents_PhD_MAPF_LNS_MAPF_LNS_SAT_mapf-map_room-64-64-8_map-_home_max_Documents_PhD_MAPF_LNS_MAPF_LNS_SAT_mapf-scen-even_scen-even_room-64-64-8-even-2_scen-agents10-idx0-seed42-1760993936996,0,24,634,0.196163,2,8,32,83,2,4,2988905,30227,0.001000,3557.974000,4680.422000,4663.864000,20.705334,0
_home_max_Documents_PhD_MAPF_LNS_MAPF_LNS_SAT_mapf-map_room-64-64-8_map-_home_max_Documents_PhD_MAPF_LNS_MAPF_LNS_SAT_mapf-scen-even_scen-even_room-64-64-8-even-2_scen-agents10-idx0-seed42-1760993936996,0,25,666,0.206064,2,8,31,84,2,4,3786311,34731,0.002000,5504.579000,5939.357000,5917.217000,25.882026,0
_home_max_Documents_PhD_MAPF_LNS_MAPF_LNS_SAT_mapf-map_room-64-64-8_map-_home_max_Documents_PhD_MAPF_LNS_MAPF_LNS_SAT_mapf-scen-even_scen-even_room-64-64-8-even-2_scen-agents10-idx0-seed42-1760993936996,0,26,699,0.216275,2,8,30,85,2,4,4775940,39796,0.002000,7514.357000,7411.186000,7385.894000,32.250190,0
_home_max_Documents_PhD_MAPF_LNS_MAPF_LNS_SAT_mapf-map_room-64-64-8_map-_home_max_Documents_PhD_MAPF_LNS_MAPF_LNS_SAT_mapf-scen-even_scen-even_room-64-64-8-even-2_scen-agents10-idx0-seed42-1760993936996,0,27,740,0.228960,2,8,29,86,2,4,6122845,45882,0.002000,9091.936000,10318.599000,9552.930000,40.673150,0
_home_max_Documents_PhD_MAPF_LNS_MAPF_LNS_SAT_mapf-map_room-64-64-8_map-_home_max_Documents_PhD_MAPF_LNS_MAPF_LNS_SAT_mapf-scen-even_scen-even_room-64-64-8-even-2_scen-agents10-idx0-seed42-1760993936996,0,28,780,0.241337,2,8,28,87,2,4,7747788,52493,0.002000,12519.079000,12448.706000,11523.933000,50.909466,0
_home_max_Documents_PhD_MAPF_LNS_MAPF_LNS_SAT_mapf-map_room-64-64-8_map-_home_max_Documents_PhD_MAPF_LNS_MAPF_LNS_SAT_mapf-scen-even_scen-even_room-64-64-8-even-2_scen-agents10-idx0-seed42-1760993936996,0,29,821,0.254022,2,8,27,88,2,4,9799460,60202,0.001000,18356.685000,15556.198000,14399.064000,66.253938,0
_home_max_Documents_PhD_MAPF_LNS_MAPF_LNS_SAT_mapf-map_room-64-64-8_map-_home_max_Documents_PhD_MAPF_LNS_MAPF_LNS_SAT_mapf-scen-even_scen-even_room-64-64-8-even-2_scen-agents10-idx0-seed42-1760993936996,0,30,862,0.266708,2,8,26,89,2,4,11873348,67157,0.002000,25307.340000,20977.730000,20126.030000,79.349898,0
_home_max_Documents_PhD_MAPF_LNS_MAPF_LNS_SAT_mapf-map_room-64-64-8_map-_home_max_Documents_PhD_MAPF_LNS_MAPF_LNS_SAT_mapf-scen-even_scen-even_room-64-64-8-even-2_scen-agents10-idx0-seed42-1760993936996,0,31,905,0.280012,2,8,25,90,2,4,14312371,74693,0.002000,37838.129000,25105.744000,23256.669000,92.510689,0
_home_max_Documents_PhD_MAPF_LNS_MAPF_LNS_SAT_mapf-map_room-64-64-8_map-_home_max_Documents_PhD_MAPF_LNS_MAPF_LNS_SAT_mapf-scen-even_scen-even_room-64-64-8-even-2_scen-agents10-idx0-seed42-1760993936996,0,32,946,0.292698,2,8,24,91,2,4,16896456,82206,0.003000,47239.114000,28858.885000,26740.255000,108.159282,0
_home_max_Documents_PhD_MAPF_LNS_MAPF_LNS_SAT_mapf-map_room-64-64-8_map-_home_max_Documents_PhD_MAPF_LNS_MAPF_LNS_SAT_mapf-scen-even_scen-even_room-64-64-8-even-2_scen-agents10-idx0-seed42-1760993936996,0,33,990,0.306312,2,9,23,92,2,4,19769043,90106,0.002000,59495.039000,31757.842000,29319.844000,125.666536,0
_home_max_Documents_PhD_MAPF_LNS_MAPF_LNS_SAT_mapf-map_room-64-64-8_map-_home_max_Documents_PhD_MAPF_LNS_MAPF_LNS_SAT_mapf-scen-even_scen-even_room-64-64-8-even-2_scen-agents10-idx0-seed42-1760993936996,0,34,1033,0.319616,2,9,22,93,2,4,22749641,97870,0.002000,73311.462000,36769.891000,33945.493000,144.695366,0
_home_max_Documents_PhD_MAPF_LNS_MAPF_LNS_SAT_mapf-map_room-64-64-8_map-_home_max_Documents_PhD_MAPF_LNS_MAPF_LNS_SAT_mapf-scen-even_scen-even_room-64-64-8-even-1_scen-agents20-idx0-seed42-1760994533095,0,0,29,0.008973,13,2,1,15,2,3,184,81,0.000000,0.078000,0.142000,0.114000,0.012899,1
_home_max_Documents_PhD_MAPF_LNS_MAPF_LNS_SAT_mapf-map_room-64-64-8_map-_home_max_Documents_PhD_MAPF_LNS_MAPF_LNS_SAT_mapf-scen-even_scen-even_room-64-64-8-even-1_scen-agents20-idx0-seed42-1760994533095,0,0,9,0.002785,1,2,13,15,11,102,44060,7949,0.000000,13.227000,49.075000,45.213000,16.041573,0
_home_max_Documents_PhD_MAPF_LNS_MAPF_LNS_SAT_mapf-map_room-64-64-8_map-_home_max_Documents_PhD_MAPF_LNS_MAPF_LNS_SAT_mapf-scen-even_scen-even_room-64-64-8-even-1_scen-agents20-idx0-seed42-1760994533095,0,1,19,0.005879,1,3,12,16,5,19,3264,622,0.000000,0.955000,1.979000,1.719000,0.311054,1
_home_max_Documents_PhD_MAPF_LNS_MAPF_LNS_SAT_mapf-map_room-64-64-8_map-_home_max_Documents_PhD_MAPF_LNS_MAPF_LNS_SAT_mapf-scen-even_scen-even_room-64-64-8-even-1_scen-agents20-idx0-seed42-1760994533095,0,0,8,0.002475,2,4,24,27,2,3,62,32,0.000000,0.030000,0.060000,0.043000,0.001471,0
_home_max_Documents_PhD_MAPF_LNS_MAPF_LNS_SAT_mapf-map_room-64-64-8_map-_home_max_Documents_PhD_MAPF_LNS_MAPF_LNS_SAT_mapf-scen-even_scen-even_room-64-64-8-even-1_scen-agents20-idx0-seed42-1760994533095,0,1,18,0.005569,2,4,23,28,4,7,2267,425,0.000000,0.676000,0.983000,0.938000,0.017377,0
_home_max_Documents_PhD_MAPF_LNS_MAPF_LNS_SAT_mapf-map_room-64-64-8_map-_home_max_Documents_PhD_MAPF_LNS_MAPF_LNS_SAT_mapf-scen-even_scen-even_room-64-64-8-even-1_scen-agents20-idx0-seed42-1760994533095,0,2,28,0.008663,2,5,22,29,2,3,156,79,0.000000,0.074000,0.093000,0.076000,0.000680,0
_home_max_Documents_PhD_MAPF_LNS_MAPF_LNS_SAT_mapf-map_room-64-64-8_map-_home_max_Documents_PhD_MAPF_LNS_MAPF_LNS_SAT_mapf-scen-even_scen-even_room-64-64-8-even-1_scen-agents20-idx0-seed42-1760994533095,0,3,41,0.012686,2,5,21,30,4,7,6287,908,0.000000,1.940000,2.546000,2.486000,0.027845,0
_home_max_Documents_PhD_MAPF_LNS_MAPF_LNS_SAT_mapf-map_room-64-64-8_map-_home_max_Documents_PhD_MAPF_LNS_MAPF_LNS_SAT_mapf-scen-even_scen-even_room-64-64-8-even-1_scen-agents20-idx0-seed42-1760994533095,0,4,55,0.017017,2,5,20,31,3,7,1984,497,0.000000,0.656000,1.064000,0.962000,0.095995,1
_home_max_Documents_PhD_MAPF_LNS_MAPF_LNS_SAT_mapf-map_room-64-64-8_map-_home_max_Documents_PhD_MAPF_LNS_MAPF_LNS_SAT_mapf-scen-even_scen-even_room-64-64-8-even-1_scen-agents20-idx0-seed42-1760994533095,0,0,4,0.001238,1,3,35,37,12,117,12004,3286,0.000000,4.530000,14.905000,12.586000,5.054840,0
_home_max_Documents_PhD_MAPF_LNS_MAPF_LNS_SAT_mapf-map_room-64-64-8_map-_home_max_Documents_PhD_MAPF_LNS_MAPF_LNS_SAT_mapf-scen-even_scen-even_room-64-64-8-even-1_scen-agents20-idx0-seed42-1760994533095,0,1,9,0.002785,1,6,34,38,4,8,713,237,0.000000,0.306000,0.466000,0.393000,0.030254,1
_home_max_Documents_PhD_MAPF_LNS_MAPF_LNS_SAT_mapf-map_room-64-64-8_map-_home_max_Documents_PhD_MAPF_LNS_MAPF_LNS_SAT_mapf-scen-even_scen-even_room-64-64-8-even-1_scen-agents20-idx0-seed42-1760994533095,0,0,5,0.001547,1,3,41,43,3,5,86,39,0.000000,0.042000,0.082000,0.063000,0.002077,0
_home_max_Documents_PhD_MAPF_LNS_MAPF_LNS_SAT_mapf-map_room-64-64-8_map-_home_max_Documents_PhD_MAPF_LNS_MAPF_LNS_SAT_mapf-scen-even_scen-even_room-64-64-8-even-1_scen-agents20-idx0-seed42-1760994533095,0,1,12,0.003713,1,3,40,44,1,2,32,17,0.000000,0.016000,0.042000,0.026000,0.001897,1
_home_max_Documents_PhD_MAPF_LNS_MAPF_LNS_SAT_mapf-map_room-64-64-8_map-_home_max_Documents_PhD_MAPF_LNS_MAPF_LNS_SAT_mapf-scen-even_scen-even_room-64-64-8-even-1_scen-agents20-idx0-seed42-1760994533095,0,0,5,0.001547,1,2,46,48,4,7,184,71,0.000000,0.077000,0.155000,0.129000,0.005428,0
_home_max_Documents_PhD_MAPF_LNS_MAPF_LNS_SAT_mapf-map_room-64-64-8_map-_home_max_Documents_PhD_MAPF_LNS_MAPF_LNS_SAT_mapf-scen-even_scen-even_room-64-64-8-even-1_scen-agents20-idx0-seed42-1760994533095,0,1,12,0.003713,1,2,45,49,4,10,593,151,0.000000,0.200000,0.398000,0.333000,0.032593,1
_home_max_Documents_PhD_MAPF_LNS_MAPF_LNS_SAT_mapf-map_room-64-64-8_map-_home_max_Documents_PhD_MAPF_LNS_MAPF_LNS_SAT_mapf-scen-even_scen-even_room-64-64-8-even-1_scen-agents20-idx0-seed42-1760994533095,0,0,8,0.002475,2,3,52,54,4,11,532,157,0.000000,0.166000,0.382000,0.317000,0.037972,0
_home_max_Documents_PhD_MAPF_LNS_MAPF_LNS_SAT_mapf-map_room-64-64-8_map-_home_max_Documents_PhD_MAPF_LNS_MAPF_LNS_SAT_mapf-scen-even_scen-even_room-64-64-8-even-1_scen-agents20-idx0-seed42-1760994533095,0,1,16,0.004950,2,3,51,55,3,7,300,109,0.000000,0.115000,0.240000,0.190000,0.026364,1
_home_max_Documents_PhD_MAPF_LNS_MAPF_LNS_SAT_mapf-map_room-64-64-8_map-_home_max_Documents_PhD_MAPF_LNS_MAPF_LNS_SAT_mapf-scen-even_scen-even_room-64-64-8-even-1_scen-agents20-idx0-seed42-1760994533095,0,0,5,0.001547,1,2,54,56,2,3,28,15,0.000000,0.015000,0.042000,0.029000,0.002053,1
_home_max_Documents_PhD_MAPF_LNS_MAPF_LNS_SAT_mapf-map_room-64-64-8_map-_home_max_Documents_PhD_MAPF_LNS_MAPF_LNS_SAT_mapf-scen-even_scen-even_room-64-64-8-even-1_scen-agents20-idx0-seed42-1760994533095,0,0,8,0.002475,1,2,61,63,1,2,13,7,0.000000,0.007000,0.027000,0.017000,0.001101,1
_home_max_Documents_PhD_MAPF_LNS_MAPF_LNS_SAT_mapf-map_room-64-64-8_map-_home_max_Documents_PhD_MAPF_LNS_MAPF_LNS_SAT_mapf-scen-even_scen-even_room-64-64-8-even-1_scen-agents20-idx0-seed42-1760994533095,0,0,8,0.002475,1,2,64,66,3,7,118,42,0.000000,0.043000,0.126000,0.093000,0.009092,1
_home_max_Documents_PhD_MAPF_LNS_MAPF_LNS_SAT_mapf-map_room-64-64-8_map-_home_max_Documents_PhD_MAPF_LNS_MAPF_LNS_SAT_mapf-scen-even_scen-even_room-64-64-8-even-1_scen-agents20-idx0-seed42-1760994533095,0,0,5,0.001547,1,2,69,71,4,7,179,68,0.000000,0.069000,0.139000,0.113000,0.005504,0
_home_max_Documents_PhD_MAPF_LNS_MAPF_LNS_SAT_mapf-map_room-64-64-8_map-_home_max_Documents_PhD_MAPF_LNS_MAPF_LNS_SAT_mapf-scen-even_scen-even_room-64-64-8-even-1_scen-agents20-idx0-seed42-1760994533095,0,1,11,0.003403,1,2,68,72,5,10,1039,234,0.000000,0.308000,0.560000,0.517000,0.031152,0
_home_max_Documents_PhD_MAPF_LNS_MAPF_LNS_SAT_mapf-map_room-64-64-8_map-_home_max_Documents_PhD_MAPF_LNS_MAPF_LNS_SAT_mapf-scen-even_scen-even_room-64-64-8-even-1_scen-agents20-idx0-seed42-1760994533095,0,2,20,0.006188,1,2,67,73,4,9,959,195,0.000000,0.279000,0.525000,0.470000,0.035615,1
_home_max_Documents_PhD_MAPF_LNS_MAPF_LNS_SAT_mapf-map_room-64-64-8_map-_home_max_Documents_PhD_MAPF_LNS_MAPF_LNS_SAT_mapf-scen-even_scen-even_room-64-64-8-even-1_scen-agents20-idx0-seed42-1760994533095,0,0,5,0.001547,1,2,77,79,4,7,179,68,0.000000,0.071000,0.142000,0.116000,0.005793,0
_home_max_Documents_PhD_MAPF_LNS_MAPF_LNS_SAT_mapf-map_room-64-64-8_map-_home_max_Documents_PhD_MAPF_LNS_MAPF_LNS_SAT_mapf-scen-even_scen-even_room-64-64-8-even-1_scen-agents20-idx0-seed42-1760994533095,0,1,12,0.003713,1,2,76,80,1,1,22,12,0.000000,0.012000,0.025000,0.018000,0.001127,1
_home_max_Documents_PhD_MAPF_LNS_MAPF_LNS_SAT_mapf-map_room-64-64-8_map-_home_max_Documents_PhD_MAPF_LNS_MAPF_LNS_SAT_mapf-scen-even_scen-even_room-64-64-8-even-1_scen-agents20-idx1-seed42-1760994533346,0,0,27,0.008354,9,2,3,13,2,3,147,68,0.000000,0.051000,0.134000,0.107000,0.014662,1
_home_max_Documents_PhD_MAPF_LNS_MAPF_LNS_SAT_mapf-map_room-64-64-8_map-_home_max_Documents_PhD_MAPF_LNS_MAPF_LNS_SAT_mapf-scen-even_scen-even_room-64-64-8-even-1_scen-agents20-idx1-seed42-1760994533346,0,0,9,0.002785,1,2,23,25,5,11,788,202,0.000000,0.237000,0.482000,0.420000,0.040662,1
_home_max_Documents_PhD_MAPF_LNS_MAPF_LNS_SAT_mapf-map_room-64-64-8_map-_home_max_Documents_PhD_MAPF_LNS_MAPF_LNS_SAT_mapf-scen-even_scen-even_room-64-64-8-even-1_scen-agents20-idx1-seed42-1760994533346,0,0,9,0.002785,2,3,26,28,5,20,1255,321,0.000000,0.351000,0.954000,0.767000,0.158791,1
_home_max_Documents_PhD_MAPF_LNS_MAPF_LNS_SAT_mapf-map_room-64-64-8_map-_home_max_Documents_PhD_MAPF_LNS_MAPF_LNS_SAT_mapf-scen-even_scen-even_room-64-64-8-even-1_scen-agents20-idx1-seed42-1760994533346,0,0,6,0.001856,1,2,41,43,3,7,94,39,0.000000,0.038000,0.120000,0.084000,0.009464,1
_home_max_Documents_PhD_MAPF_LNS_MAPF_LNS_SAT_mapf-map_room-64-64-8_map-_home_max_Documents_PhD_MAPF_LNS_MAPF_LNS_SAT_mapf-scen-even_scen-even_room-64-64-8-even-1_scen-agents20-idx1-seed42-1760994533346,0,0,10,0.003094,3,4,68,71,4,7,645,184,0.000000,0.240000,0.352000,0.317000,0.009697,0
_home_max_Documents_PhD_MAPF_LNS_MAPF_LNS_SAT_mapf-map_room-64-64-8_map-_home_max_Documents_PhD_MAPF_LNS_MAPF_LNS_SAT_mapf-scen-even_scen-even_room-64-64-8-even-1_scen-agents20-idx1-seed42-1760994533346,0,1,17,0.005260,3,4,67,72,4,9,1346,302,0.000000,0.454000,0.693000,0.623000,0.037598,0
_home_max_Documents_PhD_MAPF_LNS_MAPF_LNS_SAT_mapf-map_room-64-64-8_map-_home_max_Documents_PhD_MAPF_LNS_MAPF_LNS_SAT_mapf-scen-even_scen-even_room-64-64-8-even-1_scen-agents20-idx1-seed42-1760994533346,0,2,28,0.008663,3,4,66,73,4,13,2402,446,0.000000,0.781000,1.245000,1.105000,0.109945,0
_home_max_Documents_PhD_MAPF_LNS_MAPF_LNS_SAT_mapf-map_room-64-64-8_map-_home_max_Documents_PhD_MAPF_LNS_MAPF_LNS_SAT_mapf-scen-even_scen-even_room-64-64-8-even-1_scen-agents20-idx1-seed42-1760994533346,0,3,41,0.012686,3,5,65,74,4,14,3882,627,0.000000,1.181000,1.912000,1.740000,0.172389,0
_home_max_Documents_PhD_MAPF_LNS_MAPF_LNS_SAT_mapf-map_room-64-64-8_map-_home_max_Documents_PhD_MAPF_LNS_MAPF_LNS_SAT_mapf-scen-even_scen-even_room-64-64-8-even-1_scen-agents20-idx1-seed42-1760994533346,0,4,57,0.017636,3,5,64,75,4,14,5406,828,0.000000,1.705000,2.497000,2.316000,0.216943,0
_home_max_Documents_PhD_MAPF_LNS_MAPF_LNS_SAT_mapf-map_room-64-64-8_map-_home_max_Documents_PhD_MAPF_LNS_MAPF_LNS_SAT_mapf-scen-even_scen-even_room-64-64-8-even-1_scen-agents20-idx1-seed42-1760994533346,0,5,73,0.022587,3,5,63,76,4,14,7233,1040,0.000000,2.258000,3.261000,3.049000,0.271275,0
_home_max_Documents_PhD_MAPF_LNS_MAPF_LNS_SAT_mapf-map_room-64-64-8_map-_home_max_Documents_PhD_MAPF_LNS_MAPF_LNS_SAT_mapf-scen-even_scen-even_room-64-64-8-even-1_scen-agents20-idx1-seed42-1760994533346,0,6,89,0.027537,3,5,62,77,4,14,8714,1256,0.000000,2.776000,3.860000,3.632000,0.299929,0
_home_max_Documents_PhD_MAPF_LNS_MAPF_LNS_SAT_mapf-map_room-64-64-8_map-_home_max_Documents_PhD_MAPF_LNS_MAPF_LNS_SAT_mapf-scen-even_scen-even_room-64-64-8-even-1_scen-agents20-idx1-seed42-1760994533346,0,7,106,0.032797,3,5,61,78,4,14,9741,1423,0.000000,3.059000,4.266000,4.026000,0.339440,0
_home_max_Documents_PhD_MAPF_LNS_MAPF_LNS_SAT_mapf-map_room-64-64-8_map-_home_max_Documents_PhD_MAPF_LNS_MAPF_LNS_SAT_mapf-scen-even_scen-even_room-64-64-8-even-1_scen-agents20-idx1-seed42-1760994533346,0,8,122,0.037748,3,6,60,79,4,14,10326,1540,0.000000,3.473000,4.538000,4.269000,0.360870,0
_home_max_Documents_PhD_MAPF_LNS_MAPF_LNS_SAT_mapf-map_room-64-64-8_map-_home_max_Documents_PhD_MAPF_LNS_MAPF_LNS_SAT_mapf-scen-even_scen-even_room-64-64-8-even-1_scen-agents20-idx1-seed42-1760994533346,0,9,138,0.042698,3,6,59,80,4,14,10811,1648,0.000000,3.702000,4.722000,4.436000,0.372032,0
_home_max_Documents_PhD_MAPF_LNS_MAPF_LNS_SAT_mapf-map_room-64-64-8_map-_home_max_Documents_PhD_MAPF_LNS_MAPF_LNS_SAT_mapf-scen-even_scen-even_room-64-64-8-even-1_scen-agents20-idx1-seed42-1760994533346,0,10,157,0.048577,3,7,58,81,4,14,11464,1785,0.000000,4.172000,5.013000,4.694000,0.395758,0
_home_max_Documents_PhD_MAPF_LNS_MAPF_LNS_SAT_mapf-map_room-64-64-8_map-_home_max_Documents_PhD_MAPF_LNS_MAPF_LNS_SAT_mapf-scen-even_scen-even_room-64-64-8-even-1_scen-agents20-idx1-seed42-1760994533346,0,11,177,0.054765,3,7,57,82,4,14,12192,1925,0.000000,4.583000,5.312000,4.990000,0.426639,0
_home_max_Documents_PhD_MAPF_LNS_MAPF_LNS_SAT_mapf-map_room-64-64-8_map-_home_max_Documents_PhD_MAPF_LNS_MAPF_LNS_SAT_mapf-scen-even_scen-even_room-64-64-8-even-1_scen-agents20-idx1-seed42-1760994533346,0,12,199,0.061572,3,8,56,83,4,14,13243,2116,0.000000,5.166000,5.794000,5.429000,0.456191,0
_home_max_Documents_PhD_MAPF_LNS_MAPF_LNS_SAT_mapf-map_room-64-64-8_map-_home_max_Documents_PhD_MAPF_LNS_MAPF_LNS_SAT_mapf-scen-even_scen-even_room-64-64-8-even-1_scen-agents20-idx1-seed42-1760994533346,0,13,225,0.069616,3,8,55,84,4,14,14342,2301,0.000000,5.575000,6.392000,6.012000,0.525731,0
_home_max_Documents_PhD_MAPF_LNS_MAPF_LNS_SAT_mapf-map_room-64-64-8_map-_home_max_Documents_PhD_MAPF_LNS_MAPF_LNS_SAT_mapf-scen-even_scen-even_room-64-64-8-even-1_scen-agents20-idx1-seed42-1760994533346,0,14,257,0.079517,3,8,54,85,4,14,15536,2501,0.000000,6.164000,6.845000,6.442000,0.534730,0
_home_max_Documents_PhD_MAPF_LNS_MAPF_LNS_SAT_mapf-map_room-64-64-8_map-_home_max_Documents_PhD_MAPF_LNS_MAPF_LNS_SAT_mapf-scen-even_scen-even_room-64-64-8-even-1_scen-agents20-idx1-seed42-1760994533346,0,15,291,0.090037,3,8,53,86,4,14,17475,2765,0.000000,6.873000,7.615000,7.182000,0.556046,0
_home_max_Documents_PhD_MAPF_LNS_MAPF_LNS_SAT_mapf-map_room-64-64-8_map-_home_max_Documents_PhD_MAPF_LNS_MAPF_LNS_SAT_mapf-scen-even_scen-even_room-64-64-8-even-1_scen-agents20-idx1-seed42-1760994533346,0,16,330,0.102104,3,8,52,87,4,14,18940,2981,0.000000,7.455000,8.244000,7.776000,0.620468,0
_home_max_Documents_PhD_MAPF_LNS_MAPF_LNS_SAT_mapf-map_room-64-64-8_map-_home_max_Documents_PhD_MAPF_LNS_MAPF_LNS_SAT_mapf-scen-even_scen-even_room-64-64-8-even-1_scen-agents20-idx1-seed42-1760994533346,0,17,371,0.114790,3,9,51,88,4,14,21133,3276,0.000000,8.620000,9.142000,8.622000,0.654873,0
_home_max_Documents_PhD_MAPF_LNS_MAPF_LNS_SAT_mapf-map_room-64-64-8_map-_home_max_Documents_PhD_MAPF_LNS_MAPF_LNS_SAT_mapf-scen-even_scen-even_room-64-64-8-even-1_scen-agents20-idx1-seed42-1760994533346,0,18,416,0.128713,3,9,50,89,4,14,23269,3567,0.000000,9.686000,9.955000,9.366000,0.699735,0
_home_max_Documents_PhD_MAPF_LNS_MAPF_LNS_SAT_mapf-map_room-64-64-8_map-_home_max_Documents_PhD_MAPF_LNS_MAPF_LNS_SAT_mapf-scen-even_scen-even_room-64-64-8-even-1_scen-agents20-idx1-seed42-1760994533346,0,19,461,0.142636,3,9,49,90,4,14,24798,3833,0.000000,10.745000,10.910000,10.216000,0.753402,0
_home_max_Documents_PhD_MAPF_LNS_MAPF_LNS_SAT_mapf-map_room-64-64-8_map-_home_max_Documents_PhD_MAPF_LNS_MAPF_LNS_SAT_mapf-scen-even_scen-even_room-64-64-8-even-1_scen-agents20-idx1-seed42-1760994533346,0,20,502,0.155322,3,9,48,91,4,14,26917,4169,0.000000,11.546000,11.746000,11.032000,0.798466,0
_home_max_Documents_PhD_MAPF_LNS_MAPF_LNS_SAT_mapf-map_room-64-64-8_map-_home_max_Documents_PhD_MAPF_LNS_MAPF_LNS_SAT_mapf-scen-even_scen-even_room-64-64-8-even-1_scen-agents20-idx1-seed42-1760994533346,0,21,540,0.167079,3,9,47,92,4,14,28141,4382,0.000000,12.861000,12.846000,12.018000,0.875488,0
_home_max_Documents_PhD_MAPF_LNS_MAPF_LNS_SAT_mapf-map_room-64-64-8_map-_home_max_Documents_PhD_MAPF_LNS_MAPF_LNS_SAT_mapf-scen-even_scen-even_room-64-64-8-even-1_scen-agents20-idx1-seed42-1760994533346,0,22,583,0.180384,3,10,46,93,4,14,29673,4639,0.001000,14.463000,13.748000,12.893000,0.876631,0
_home_max_Documents_PhD_MAPF_LNS_MAPF_LNS_SAT_mapf-map_room-64-64-8_map-_home_max_Documents_PhD_MAPF_LNS_MAPF_LNS_SAT_mapf-scen-even_scen-even_room-64-64-8-even-1_scen-agents20-idx1-seed42-1760994533346,0,23,627,0.193998,3,10,45,94,4,14,31265,4956,0.000000,15.481000,13.821000,12.974000,0.981380,0
_home_max_Documents_PhD_MAPF_LNS_MAPF_LNS_SAT_mapf-map_room-64-64-8_map-_home_max_Documents_PhD_MAPF_LNS_MAPF_LNS_SAT_mapf-scen-even_scen-even_room-64-64-8-even-1_scen-agents20-idx1-seed42-1760994533346,0,24,673,0.208230,3,10,44,95,4,14,33106,5255,0.000000,16.871000,15.048000,14.117000,1.026020,0
_home_max_Documents_PhD_MAPF_LNS_MAPF_LNS_SAT_mapf-map_room-64-64-8_map-_home_max_Documents_PhD_MAPF_LNS_MAPF_LNS_SAT_mapf-scen-even_scen-even_room-64-64-8-even-1_scen-agents20-idx1-seed42-1760994533346,0,25,720,0.222772,3,11,43,96,4,14,3108686,47262,0.007000,1747.511000,4264.093000,4248.205000,39.909719,0
_home_max_Documents_PhD_MAPF_LNS_MAPF_LNS_SAT_mapf-map_room-64-64-8_map-_home_max_Documents_PhD_MAPF_LNS_MAPF_LNS_SAT_mapf-scen-even_scen-even_room-64-64-8-even-1_scen-agents20-idx1-seed42-1760994533346,0,26,772,0.238861,3,12,42,97,4,14,4019925,54573,0.008000,2471.437000,5794.172000,5777.251000,47.249640,0
_home_max_Documents_PhD_MAPF_LNS_MAPF_LNS_SAT_mapf-map_room-64-64-8_map-_home_max_Documents_PhD_MAPF_LNS_MAPF_LNS_SAT_mapf-scen-even_scen-even_room-64-64-8-even-1_scen-agents20-idx1-seed42-1760994533346,0,27,822,0.254332,3,13,41,98,4,14,5081944,62205,0.006000,3375.902000,7773.154000,7751.352000,58.843470,0
_home_max_Documents_PhD_MAPF_LNS_MAPF_LNS_SAT_mapf-map_room-64-64-8_map-_home_max_Documents_PhD_MAPF_LNS_MAPF_LNS_SAT_mapf-scen-even_scen-even_room-64-64-8-even-1_scen-agents20-idx1-seed42-1760994533346,0,28,876,0.271040,3,14,40,99,4,13,9443036,101397,0.008000,7308.027000,15280.947000,14873.348000,96.898259,0
_home_max_Documents_PhD_MAPF_LNS_MAPF_LNS_SAT_mapf-map_room-64-64-8_map-_home_max_Documents_PhD_MAPF_LNS_MAPF_LNS_SAT_mapf-scen-even_scen-even_room-64-64-8-even-1_scen-agents20-idx1-seed42-1760994533346,0,29,929,0.287438,3,14,39,100,4,13,11909486,115015,0.007000,10329.116000,19806.683000,18944.176000,118.715756,0
_home_max_Documents_PhD_MAPF_LNS_MAPF_LNS_SAT_mapf-map_room-64-64-8_map-_home_max_Documents_PhD_MAPF_LNS_MAPF_LNS_SAT_mapf-scen-even_scen-even_room-64-64-8-even-1_scen-agents20-idx1-seed42-1760994533346,0,30,983,0.304146,3,14,38,101,4,13,15296591,133098,0.009000,14952.417000,25037.848000,23192.246000,149.783782,0
_home_max_Documents_PhD_MAPF_LNS_MAPF_LNS_SAT_mapf-map_room-64-64-8_map-_home_max_Documents_PhD_MAPF_LNS_MAPF_LNS_SAT_mapf-scen-even_scen-even_room-64-64-8-even-1_scen-agents20-idx1-seed42-1760994533346,0,31,1031,0.318998,3,14,37,102,4,13,18668712,149107,0.008000,21008.062000,31296.003000,30295.532000,180.042801,0
_home_max_Documents_PhD_MAPF_LNS_MAPF_LNS_SAT_mapf-map_room-64-64-8_map-_home_max_Documents_PhD_MAPF_LNS_MAPF_LNS_SAT_mapf-scen-even_scen-even_room-64-64-8-even-1_scen-agents20-idx1-seed42-1760994533346,0,32,1080,0.334158,3,14,36,103,4,13,26078936,203895,0.009000,39973.540000,45379.439000,43395.869000,251.917751,0
_home_max_Documents_PhD_MAPF_LNS_MAPF_LNS_SAT_mapf-map_room-64-64-8_map-_home_max_Documents_PhD_MAPF_LNS_MAPF_LNS_SAT_mapf-scen-even_scen-even_room-64-64-8-even-1_scen-agents20-idx1-seed42-1760994533346,0,33,1129,0.349319,3,14,35,104,4,13,31126437,226304,0.009000,54742.683000,54590.282000,50545.656000,313.612808,0
_home_max_Documents_PhD_MAPF_LNS_MAPF_LNS_SAT_mapf-map_room-64-64-8_map-_home_max_Documents_PhD_MAPF_LNS_MAPF_LNS_SAT_mapf-scen-even_scen-even_room-64-64-8-even-1_scen-agents20-idx1-seed42-1760994533346,0,34,1176,0.363861,3,14,34,105,4,13,49036340,314133,0.007000,101199.192000,81031.828000,74698.971000,454.844992,0
_home_max_Documents_PhD_MAPF_LNS_MAPF_LNS_SAT_mapf-map_room-64-64-8_map-_home_max_Documents_PhD_MAPF_LNS_MAPF_LNS_SAT_mapf-scen-even_scen-even_room-64-64-8-even-1_scen-agents50-idx0-seed42-1760995132458,0,0,13,0.004022,5,2,0,6,2,3,86,39,0.000000,0.048000,0.126000,0.102000,0.012739,1
_home_max_Documents_PhD_MAPF_LNS_MAPF_LNS_SAT_mapf-map_room-64-64-8_map-_home_max_Documents_PhD_MAPF_LNS_MAPF_LNS_SAT_mapf-scen-even_scen-even_room-64-64-8-even-1_scen-agents50-idx0-seed42-1760995132458,0,0,29,0.008973,13,3,1,15,2,3,202,91,0.000000,0.070000,0.132000,0.100000,0.006941,1
_home_max_Documents_PhD_MAPF_LNS_MAPF_LNS_SAT_mapf-map_room-64-64-8_map-_home_max_Documents_PhD_MAPF_LNS_MAPF_LNS_SAT_mapf-scen-even_scen-even_room-64-64-8-even-1_scen-agents50-idx0-seed42-1760995132458,0,0,5,0.001547,1,2,3,5,2,3,28,15,0.000000,0.010000,0.042000,0.028000,0.002073,1
_home_max_Documents_PhD_MAPF_LNS_MAPF_LNS_SAT_mapf-map_room-64-64-8_map-_home_max_Documents_PhD_MAPF_LNS_MAPF_LNS_SAT_mapf-scen-even_scen-even_room-64-64-8-even-1_scen-agents50-idx0-seed42-1760995132458,0,0,21,0.006498,7,5,5,13,2,3,186,92,0.000000,0.075000,0.133000,0.103000,0.009113,1
_home_max_Documents_PhD_MAPF_LNS_MAPF_LNS_SAT_mapf-map_room-64-64-8_map-_home_max_Documents_PhD_MAPF_LNS_MAPF_LNS_SAT_mapf-scen-even_scen-even_room-64-64-8-even-1_scen-agents50-idx0-seed42-1760995132458,0,0,5,0.001547,1,2,5,7,4,7,187,72,0.000000,0.059000,0.148000,0.120000,0.005861,0
_home_max_Documents_PhD_MAPF_LNS_MAPF_LNS_SAT_mapf-map_room-64-64-8_map-_home_max_Documents_PhD_MAPF_LNS_MAPF_LNS_SAT_mapf-scen-even_scen-even_room-64-64-8-even-1_scen-agents50-idx0-seed42-1760995132458,0,1,10,0.003094,1,2,4,8,4,8,507,141,0.000000,0.146000,0.330000,0.284000,0.025294,1
_home_max_Documents_PhD_MAPF_LNS_MAPF_LNS_SAT_mapf-map_room-64-64-8_map-_home_max_Documents_PhD_MAPF_LNS_MAPF_LNS_SAT_mapf-scen-even_scen-even_room-64-64-8-even-1_scen-agents50-idx0-seed42-1760995132458,0,0,5,0.001547,1,2,7,9,4,7,179,68,0.000000,0.062000,0.145000,0.120000,0.006250,0
_home_max_Documents_PhD_MAPF_LNS_MAPF_LNS_SAT_mapf-map_room-64-64-8_map-_home_max_Documents_PhD_MAPF_LNS_MAPF_LNS_SAT_mapf-scen-even_scen-even_room-64-64-8-even-1_scen-agents50-idx0-seed42-1760995132458,0,1,11,0.003403,1,2,6,10,2,4,53,27,0.000000,0.019000,0.067000,0.046000,0.004225,1
_home_max_Documents_PhD_MAPF_LNS_MAPF_LNS_SAT_mapf-map_room-64-64-8_map-_home_max_Documents_PhD_MAPF_LNS_MAPF_LNS_SAT_mapf-scen-even_scen-even_room-64-64-8-even-1_scen-agents50-idx0-seed42-1760995132458,0,0,4,0.001238,1,2,7,9,4,7,145,62,0.000000,0.049000,0.123000,0.100000,0.005201,0
_home_max_Documents_PhD_MAPF_LNS_MAPF_LNS_SAT_mapf-map_room-64-64-8_map-_home_max_Documents_PhD_MAPF_LNS_MAPF_LNS_SAT_mapf-scen-even_scen-even_room-64-64-8-even-1_scen-agents50-idx0-seed42-1760995132458,0,1,9,0.002785,1,2,6,10,1,2,23,12,0.000000,0.008000,0.034000,0.020000,0.001153,1
_home_max_Documents_PhD_MAPF_LNS_MAPF_LNS_SAT_mapf-map_room-64-64-8_map-_home_max_Documents_PhD_MAPF_LNS_MAPF_LNS_SAT_mapf-scen-even_scen-even_room-64-64-8-even-1_scen-agents50-idx0-seed42-1760995132458,0,0,7,0.002166,1,2,8,10,4,9,259,87,0.000000,0.078000,0.216000,0.171000,0.016584,1
_home_max_Documents_PhD_MAPF_LNS_MAPF_LNS_SAT_mapf-map_room-64-64-8_map-_home_max_Documents_PhD_MAPF_LNS_MAPF_LNS_SAT_mapf-scen-even_scen-even_room-64-64-8-even-1_scen-agents50-idx0-seed42-1760995132458,0,0,12,0.003713,4,4,13,17,11,63,128045,18527,0.002000,52.107000,140.678000,130.848000,27.211823,0
_home_max_Documents_PhD_MAPF_LNS_MAPF_LNS_SAT_mapf-map_room-64-64-8_map-_home_max_Documents_PhD_MAPF_LNS_MAPF_LNS_SAT_mapf-scen-even_scen-even_room-64-64-8-even-1_scen-agents50-idx0-seed42-1760995132458,0,1,24,0.007426,4,6,12,18,11,35,365072,33008,0.007000,192.309000,312.043000,308.000000,4.637364,0
_home_max_Documents_PhD_MAPF_LNS_MAPF_LNS_SAT_mapf-map_room-64-64-8_map-_home_max_Documents_PhD_MAPF_LNS_MAPF_LNS_SAT_mapf-scen-even_scen-even_room-64-64-8-even-1_scen-agents50-idx0-seed42-1760995132458,0,2,38,0.011757,4,7,11,19,6,15,40200,3908,0.000000,14.408000,17.264000,16.577000,0.973808,1
_home_max_Documents_PhD_MAPF_LNS_MAPF_LNS_SAT_mapf-map_room-64-64-8_map-_home_max_Documents_PhD_MAPF_LNS_MAPF_LNS_SAT_mapf-scen-even_scen-even_room-64-64-8-even-1_scen-agents50-idx0-seed42-1760995132458,0,0,9,0.002785,1,2,17,19,8,18,3726,840,0.000000,1.029000,2.298000,2.164000,0.104226,1
_home_max_Documents_PhD_MAPF_LNS_MAPF_LNS_SAT_mapf-map_room-64-64-8_map-_home_max_Documents_PhD_MAPF_LNS_MAPF_LNS_SAT_mapf-scen-even_scen-even_room-64-64-8-even-1_scen-agents50-idx0-seed42-1760995132458,0,0,9,0.002785,3,5,18,22,2,3,70,37,0.000000,0.034000,0.071000,0.047000,0.002929,1
_home_max_Documents_PhD_MAPF_LNS_MAPF_LNS_SAT_mapf-map_room-64-64-8_map-_home_max_Documents_PhD_MAPF_LNS_MAPF_LNS_SAT_mapf-scen-even_scen-even_room-64-64-8-even-1_scen-agents50-idx0-seed42-1760995132458,0,0,5,0.001547,1,2,21,23,4,7,179,68,0.000000,0.064000,0.145000,0.119000,0.006005,0
_home_max_Documents_PhD_MAPF_LNS_MAPF_LNS_SAT_mapf-map_room-64-64-8_map-_home_max_Documents_PhD_MAPF_LNS_MAPF_LNS_SAT_mapf-scen-even_scen-even_room-64-64-8-even-1_scen-agents50-idx0-seed42-1760995132458,0,1,11,0.003403,1,2,20,24,5,10,1122,249,0.000000,0.336000,0.604000,0.562000,0.035097,0
_home_max_Documents_PhD_MAPF_LNS_MAPF_LNS_SAT_mapf-map_room-64-64-8_map-_home_max_Documents_PhD_MAPF_LNS_MAPF_LNS_SAT_mapf-scen-even_scen-even_room-64-64-8-even-1_scen-agents50-idx0-seed42-1760995132458,0,2,20,0.006188,1,2,19,25,4,9,1101,215,0.000000,0.331000,0.593000,0.536000,0.037112,1
_home_max_Documents_PhD_MAPF_LNS_MAPF_LNS_SAT_mapf-map_room-64-64-8_map-_home_max_Documents_PhD_MAPF_LNS_MAPF_LNS_SAT_mapf-scen-even_scen-even_room-64-64-8-even-1_scen-agents50-idx0-seed42-1760995132458,0,0,4,0.001238,1,2,22,24,4,7,144,61,0.000000,0.054000,0.125000,0.100000,0.005636,0
_home_max_Documents_PhD_MAPF_LNS_MAPF_LNS_SAT_mapf-map_room-64-64-8_map-_home_max_Documents_PhD_MAPF_LNS_MAPF_LNS_SAT_mapf-scen-even_scen-even_room-64-64-8-even-1_scen-agents50-idx0-seed42-1760995132458,0,1,8,0.002475,1,2,21,25,5,10,671,197,0.000000,0.212000,0.407000,0.362000,0.029208,0
_home_max_Documents_PhD_MAPF_LNS_MAPF_LNS_SAT_mapf-map_room-64-64-8_map-_home_max_Documents_PhD_MAPF_LNS_MAPF_LNS_SAT_mapf-scen-even_scen-even_room-64-64-8-even-1_scen-agents50-idx0-seed42-1760995132458,0,2,14,0.004332,1,2,20,26,4,9,605,169,0.000000,0.192000,0.392000,0.337000,0.033598,1
_home_max_Documents_PhD_MAPF_LNS_MAPF_LNS_SAT_mapf-map_room-64-64-8_map-_home_max_Documents_PhD_MAPF_LNS_MAPF_LNS_SAT_mapf-scen-even_scen-even_room-64-64-8-even-1_scen-agents50-idx0-seed42-1760995132458,0,0,8,0.002475,1,3,24,26,3,6,121,45,0.000000,0.042000,0.121000,0.089000,0.006670,1
_home_max_Documents_PhD_MAPF_LNS_MAPF_LNS_SAT_mapf-map_room-64-64-8_map-_home_max_Documents_PhD_MAPF_LNS_MAPF_LNS_SAT_mapf-scen-even_scen-even_room-64-64-8-even-1_scen-agents50-idx0-seed42-1760995132458,0,0,5,0.001547,1,2,29,31,4,7,183,71,0.000000,0.070000,0.142000,0.117000,0.005915,0
_home_max_Documents_PhD_MAPF_LNS_MAPF_LNS_SAT_mapf-map_room-64-64-8_map-_home_max_Documents_PhD_MAPF_LNS_MAPF_LNS_SAT_mapf-scen-even_scen-even_room-64-64-8-even-1_scen-agents50-idx0-seed42-1760995132458,0,1,12,0.003713,1,2,28,32,1,1,22,12,0.000000,0.010000,0.023000,0.017000,0.001186,1
_home_max_Documents_PhD_MAPF_LNS_MAPF_LNS_SAT_mapf-map_room-64-64-8_map-_home_max_Documents_PhD_MAPF_LNS_MAPF_LNS_SAT_mapf-scen-even_scen-even_room-64-64-8-even-1_scen-agents50-idx0-seed42-1760995132458,0,0,9,0.002785,2,5,31,34,10,19,57737,11116,0.003000,29.053000,30.643000,29.226000,0.971695,0
_home_max_Documents_PhD_MAPF_LNS_MAPF_LNS_SAT_mapf-map_room-64-64-8_map-_home_max_Documents_PhD_MAPF_LNS_MAPF_LNS_SAT_mapf-scen-even_scen-even_room-64-64-8-even-1_scen-agents50-idx0-seed42-1760995132458,0,1,19,0.005879,2,9,30,35,10,19,200663,22376,0.004000,101.297000,100.280000,98.735000,1.794885,0
_home_max_Documents_PhD_MAPF_LNS_MAPF_LNS_SAT_mapf-map_room-64-64-8_map-_home_max_Documents_PhD_MAPF_LNS_MAPF_LNS_SAT_mapf-scen-even_scen-even_room-64-64-8-even-1_scen-agents50-idx0-seed42-1760995132458,0,2,31,0.009592,2,13,29,36,10,19,472196,34837,0.009000,293.901000,244.048000,241.791000,3.487103,0
_home_max_Documents_PhD_MAPF_LNS_MAPF_LNS_SAT_mapf-map_room-64-64-8_map-_home_max_Documents_PhD_MAPF_LNS_MAPF_LNS_SAT_mapf-scen-even_scen-even_room-64-64-8-even-1_scen-agents50-idx0-seed42-1760995132458,0,3,46,0.014233,2,14,28,37,10,20,1127118,58625,0.012000,1092.603000,983.327000,975.868000,11.628528,0
_home_max_Documents_PhD_MAPF_LNS_MAPF_LNS_SAT_mapf-map_room-64-64-8_map-_home_max_Documents_PhD_MAPF_LNS_MAPF_LNS_SAT_mapf-scen-even_scen-even_room-64-64-8-even-1_scen-agents50-idx0-seed42-1760995132458,0,4,61,0.018874,2,14,27,38,9,18,1478867,62212,0.011000,1641.531000,1338.474000,1330.467000,13.717539,0
_home_max_Documents_PhD_MAPF_LNS_MAPF_LNS_SAT_mapf-map_room-64-64-8_map-_home_max_Documents_PhD_MAPF_LNS_MAPF_LNS_SAT_mapf-scen-even_scen-even_room-64-64-8-even-1_scen-agents50-idx0-seed42-1760995132458,0,5,80,0.024752,2,17,26,39,8,15,1299431,49730,0.012000,1499.344000,892.543000,889.032000,6.615501,0
_home_max_Documents_PhD_MAPF_LNS_MAPF_LNS_SAT_mapf-map_room-64-64-8_map-_home_max_Documents_PhD_MAPF_LNS_MAPF_LNS_SAT_mapf-scen-even_scen-even_room-64-64-8-even-1_scen-agents50-idx0-seed42-1760995132458,0,6,99,0.030631,2,18,25,40,4,31,104458,8150,0.004000,65.102000,55.257000,51.760000,10.766847,1
_home_max_Documents_PhD_MAPF_LNS_MAPF_LNS_SAT_mapf-map_room-64-64-8_map-_home_max_Documents_PhD_MAPF_LNS_MAPF_LNS_SAT_mapf-scen-even_scen-even_room-64-64-8-even-1_scen-agents50-idx0-seed42-1760995132458,0,0,12,0.003713,2,5,41,44,3,7,200,83,0.002000,0.106000,0.209000,0.153000,0.021603,1
_home_max_Documents_PhD_MAPF_LNS_MAPF_LNS_SAT_mapf-map_room-64-64-8_map-_home_max_Documents_PhD_MAPF_LNS_MAPF_LNS_SAT_mapf-scen-even_scen-even_room-64-64-8-even-1_scen-agents50-idx0-seed42-1760995132458,0,0,5,0.001547,1,2,42,44,1,2,25,10,0.000000,0.010000,0.040000,0.026000,0.002336,1
_home_max_Documents_PhD_MAPF_LNS_MAPF_LNS_SAT_mapf-map_room-64-64-8_map-_home_max_Documents_PhD_MAPF_LNS_MAPF_LNS_SAT_mapf-scen-even_scen-even_room-64-64-8-even-1_scen-agents50-idx0-seed42-1760995132458,0,0,9,0.002785,1,4,43,45,6,12,1908,471,0.000000,0.746000,0.977000,0.899000,0.044016,0
_home_max_Documents_PhD_MAPF_LNS_MAPF_LNS_SAT_mapf-map_room-64-64-8_map-_home_max_Documents_PhD_MAPF_LNS_MAPF_LNS_SAT_mapf-scen-even_scen-even_room-64-64-8-even-1_scen-agents50-idx0-seed42-1760995132458,0,1,22,0.006807,2,4,42,46,5,9,6075,991,0.000000,1.984000,2.578000,2.502000,0.068960,0
_home_max_Documents_PhD_MAPF_LNS_MAPF_LNS_SAT_mapf-map_room-64-64-8_map-_home_max_Documents_PhD_MAPF_LNS_MAPF_LNS_SAT_mapf-scen-even_scen-even_room-64-64-8-even-1_scen-agents50-idx0-seed42-1760995132458,0,2,34,0.010520,2,5,41,47,6,11,27237,2803,0.000000,10.863000,10.809000,10.665000,0.243934,0
_home_max_Documents_PhD_MAPF_LNS_MAPF_LNS_SAT_mapf-map_room-64-64-8_map-_home_max_Documents_PhD_MAPF_LNS_MAPF_LNS_SAT_mapf-scen-even_scen-even_room-64-64-8-even-1_scen-agents50-idx0-seed42-1760995132458,0,3,48,0.014851,2,7,40,48,2,3,262,130,0.000000,0.173000,0.143000,0.121000,0.004289,0
_home_max_Documents_PhD_MAPF_LNS_MAPF_LNS_SAT_mapf-map_room-64-64-8_map-_home_max_Documents_PhD_MAPF_LNS_MAPF_LNS_SAT_mapf-scen-even_scen-even_room-64-64-8-even-1_scen-agents50-idx0-seed42-1760995132458,0,4,63,0.019493,2,7,39,49,4,12,7805,1310,0.000000,2.901000,3.913000,3.671000,0.480840,1
_home_max_Documents_PhD_MAPF_LNS_MAPF_LNS_SAT_mapf-map_room-64-64-8_map-_home_max_Documents_PhD_MAPF_LNS_MAPF_LNS_SAT_mapf-scen-even_scen-even_room-64-64-8-even-1_scen-agents50-idx0-seed42-1760995132458,0,0,8,0.002475,1,2,44,46,3,7,111,43,0.000000,0.044000,0.134000,0.095000,0.010560,1
_home_max_Documents_PhD_MAPF_LNS_MAPF_LNS_SAT_mapf-map_room-64-64-8_map-_home_max_Documents_PhD_MAPF_LNS_MAPF_LNS_SAT_mapf-scen-even_scen-even_room-64-64-8-even-1_scen-agents50-idx0-seed42-1760995132458,0,0,11,0.003403,4,7,47,51,4,7,795,234,0.000000,0.363000,0.434000,0.382000,0.012949,0
_home_max_Documents_PhD_MAPF_LNS_MAPF_LNS_SAT_mapf-map_room-64-64-8_map-_home_max_Documents_PhD_MAPF_LNS_MAPF_LNS_SAT_mapf-scen-even_scen-even_room-64-64-8-even-1_scen-agents50-idx0-seed42-1760995132458,0,1,23,0.007116,4,8,46,52,1,3,110,55,0.000000,0.081000,0.119000,0.068000,0.005226,1
_home_max_Documents_PhD_MAPF_LNS_MAPF_LNS_SAT_mapf-map_room-64-64-8_map-_home_max_Documents_PhD_MAPF_LNS_MAPF_LNS_SAT_mapf-scen-even_scen-even_room-64-64-8-even-1_scen-agents50-idx0-seed42-1760995132458,0,0,5,0.001547,1,2,47,49,1,1,24,10,0.000000,0.010000,0.029000,0.023000,0.001633,1
_home_max_Documents_PhD_MAPF_LNS_MAPF_LNS_SAT_mapf-map_room-64-64-8_map-_home_max_Documents_PhD_MAPF_LNS_MAPF_LNS_SAT_mapf-scen-even_scen-even_room-64-64-8-even-1_scen-agents50-idx0-seed42-1760995132458,0,0,8,0.002475,1,3,53,55,1,1,16,10,0.000000,0.011000,0.023000,0.017000,0.001238,1
_home_max_Documents_PhD_MAPF_LNS_MAPF_LNS_SAT_mapf-map_room-64-64-8_map-_home_max_Documents_PhD_MAPF_LNS_MAPF_LNS_SAT_mapf-scen-even_scen-even_room-64-64-8-even-1_scen-agents50-idx0-seed42-1760995132458,0,0,7,0.002166,1,4,53,55,1,2,26,14,0.000000,0.015000,0.043000,0.025000,0.001804,1
_home_max_Documents_PhD_MAPF_LNS_MAPF_LNS_SAT_mapf-map_room-64-64-8_map-_home_max_Documents_PhD_MAPF_LNS_MAPF_LNS_SAT_mapf-scen-even_scen-even_room-64-64-8-even-1_scen-agents50-idx0-seed42-1760995132458,0,0,6,0.001856,1,2,53,55,3,7,93,38,0.000000,0.040000,0.117000,0.083000,0.009486,1
_home_max_Documents_PhD_MAPF_LNS_MAPF_LNS_SAT_mapf-map_room-64-64-8_map-_home_max_Documents_PhD_MAPF_LNS_MAPF_LNS_SAT_mapf-scen-even_scen-even_room-64-64-8-even-1_scen-agents50-idx0-seed42-1760995132458,0,0,12,0.003713,8,6,57,62,4,7,1271,347,0.000000,0.571000,0.626000,0.569000,0.019044,0
_home_max_Documents_PhD_MAPF_LNS_MAPF_LNS_SAT_mapf-map_room-64-64-8_map-_home_max_Documents_PhD_MAPF_LNS_MAPF_LNS_SAT_mapf-scen-even_scen-even_room-64-64-8-even-1_scen-agents50-idx0-seed42-1760995132458,0,1,24,0.007426,8,8,56,63,5,13,12107,1783,0.000000,3.796000,5.490000,5.201000,0.344946,0
_home_max_Documents_PhD_MAPF_LNS_MAPF_LNS_SAT_mapf-map_room-64-64-8_map-_home_max_Documents_PhD_MAPF_LNS_MAPF_LNS_SAT_mapf-scen-even_scen-even_room-64-64-8-even-1_scen-agents50-idx0-seed42-1760995132458,0,2,38,0.011757,8,8,55,64,5,10,27977,2967,0.000000,8.097000,11.511000,11.240000,0.375559,0
_home_max_Documents_PhD_MAPF_LNS_MAPF_LNS_SAT_mapf-map_room-64-64-8_map-_home_max_Documents_PhD_MAPF_LNS_MAPF_LNS_SAT_mapf-scen-even_scen-even_room-64-64-8-even-1_scen-agents50-idx0-seed42-1760995132458,0,3,54,0.016708,8,12,54,65,4,9,22386,2337,0.000000,7.194000,9.132000,8.864000,0.339135,0
_home_max_Documents_PhD_MAPF_LNS_MAPF_LNS_SAT_mapf-map_room-64-64-8_map-_home_max_Documents_PhD_MAPF_LNS_MAPF_LNS_SAT_mapf-scen-even_scen-even_room-64-64-8-even-1_scen-agents50-idx0-seed42-1760995132458,0,4,72,0.022277,8,13,53,66,4,11,46319,3422,0.000000,14.795000,18.629000,18.188000,0.787543,0
_home_max_Documents_PhD_MAPF_LNS_MAPF_LNS_SAT_mapf-map_room-64-64-8_map-_home_max_Documents_PhD_MAPF_LNS_MAPF_LNS_SAT_mapf-scen-even_scen-even_room-64-64-8-even-1_scen-agents50-idx0-seed42-1760995132458,0,5,91,0.028156,8,14,52,67,4,11,90984,4745,0.004000,28.641000,35.646000,35.063000,1.212427,0
_home_max_Documents_PhD_MAPF_LNS_MAPF_LNS_SAT_mapf-map_room-64-64-8_map-_home_max_Documents_PhD_MAPF_LNS_MAPF_LNS_SAT_mapf-scen-even_scen-even_room-64-64-8-even-1_scen-agents50-idx0-seed42-1760995132458,0,6,112,0.034653,8,15,51,68,4,8,149527,6354,0.004000,51.541000,55.999000,55.438000,1.256045,0
_home_max_Documents_PhD_MAPF_LNS_MAPF_LNS_SAT_mapf-map_room-64-64-8_map-_home_max_Documents_PhD_MAPF_LNS_MAPF_LNS_SAT_mapf-scen-even_scen-even_room-64-64-8-even-1_scen-agents50-idx0-seed42-1760995132458,0,7,135,0.041770,8,16,50,69,4,11,224094,8070,0.004000,75.517000,86.303000,85.298000,2.371945,0
_home_max_Documents_PhD_MAPF_LNS_MAPF_LNS_SAT_mapf-map_room-64-64-8_map-_home_max_Documents_PhD_MAPF_LNS_MAPF_LNS_SAT_mapf-scen-even_scen-even_room-64-64-8-even-1_scen-agents50-idx0-seed42-1760995132458,0,8,162,0.050124,8,18,49,70,2,3,98947,3267,0.002000,34.627000,36.654000,36.364000,0.340227,0
_home_max_Documents_PhD_MAPF_LNS_MAPF_LNS_SAT_mapf-map_room-64-64-8_map-_home_max_Documents_PhD_MAPF_LNS_MAPF_LNS_SAT_mapf-scen-even_scen-even_room-64-64-8-even-1_scen-agents50-idx0-seed42-1760995132458,0,9,192,0.059406,8,21,48,71,3,5,254162,7068,0.003000,92.116000,93.673000,93.070000,1.037259,0
_home_max_Documents_PhD_MAPF_LNS_MAPF_LNS_SAT_mapf-map_room-64-64-8_map-_home_max_Documents_PhD_MAPF_LNS_MAPF_LNS_SAT_mapf-scen-even_scen-even_room-64-64-8-even-1_scen-agents50-idx0-seed42-1760995132458,0,10,225,0.069616,8,22,47,72,4,8,821844,20052,0.006000,315.825000,352.752000,350.326000,6.251528,0
_home_max_Documents_PhD_MAPF_LNS_MAPF_LNS_SAT_mapf-map_room-64-64-8_map-_home_max_Documents_PhD_MAPF_LNS_MAPF_LNS_SAT_mapf-scen-even_scen-even_room-64-64-8-even-1_scen-agents50-idx0-seed42-1760995132458,0,11,263,0.081374,8,25,46,73,2,4,432832,9339,0.002000,172.093000,189.026000,187.130000,3.497225,0
_home_max_Documents_PhD_MAPF_LNS_MAPF_LNS_SAT_mapf-map_room-64-64-8_map-_home_max_Documents_PhD_MAPF_LNS_MAPF_LNS_SAT_mapf-scen-even_scen-even_room-64-64-8-even-1_scen-agents50-idx0-seed42-1760995132458,0,12,301,0.093131,8,27,45,74,2,4,578554,11193,0.013000,246.962000,259.497000,257.037000,4.834685,0
_home_max_Documents_PhD_MAPF_LNS_MAPF_LNS_SAT_mapf-map_room-64-64-8_map-_home_max_Documents_PhD_MAPF_LNS_MAPF_LNS_SAT_mapf-scen-even_scen-even_room-64-64-8-even-1_scen-agents50-idx0-seed42-1760995132458,0,13,335,0.103651,8,27,44,75,2,4,810308,14381,0.003000,374.014000,447.282000,442.225000,6.639307,0
_home_max_Documents_PhD_MAPF_LNS_MAPF_LNS_SAT_mapf-map_room-64-64-8_map-_home_max_Documents_PhD_MAPF_LNS_MAPF_LNS_SAT_mapf-scen-even_scen-even_room-64-64-8-even-1_scen-agents50-idx0-seed42-1760995132458,0,14,370,0.114480,8,29,43,76,2,4,1116013,18303,0.003000,556.521000,623.637000,618.597000,8.899541,0
_home_max_Documents_PhD_MAPF_LNS_MAPF_LNS_SAT_mapf-map_room-64-64-8_map-_home_max_Documents_PhD_MAPF_LNS_MAPF_LNS_SAT_mapf-scen-even_scen-even_room-64-64-8-even-1_scen-agents50-idx0-seed42-1760995132458,0,15,404,0.125000,8,32,42,77,2,4,1456791,23650,0.005000,884.934000,891.515000,882.243000,11.407162,0
_home_max_Documents_PhD_MAPF_LNS_MAPF_LNS_SAT_mapf-map_room-64-64-8_map-_home_max_Documents_PhD_MAPF_LNS_MAPF_LNS_SAT_mapf-scen-even_scen-even_room-64-64-8-even-1_scen-agents50-idx0-seed42-1760995132458,0,16,439,0.135829,8,32,41,78,2,4,2002675,30099,0.006000,1338.166000,1315.692000,1303.201000,16.149358,0
_home_max_Documents_PhD_MAPF_LNS_MAPF_LNS_SAT_mapf-map_room-64-64-8_map-_home_max_Documents_PhD_MAPF_LNS_MAPF_LNS_SAT_mapf-scen-even_scen-even_room-64-64-8-even-1_scen-agents50-idx0-seed42-1760995132458,0,17,777,0.240408,12,37,40,80,2,4,3756263,59262,0.006000,3809.472000,5740.977000,5714.708000,32.843633,0
_home_max_Documents_PhD_MAPF_LNS_MAPF_LNS_SAT_mapf-map_room-64-64-8_map-_home_max_Documents_PhD_MAPF_LNS_MAPF_LNS_SAT_mapf-scen-even_scen-even_room-64-64-8-even-1_scen-agents50-idx0-seed42-1760995132458,0,18,818,0.253094,12,37,39,81,2,4,4778412,68248,0.009000,5263.843000,7202.637000,7169.478000,38.762773,0
_home_max_Documents_PhD_MAPF_LNS_MAPF_LNS_SAT_mapf-map_room-64-64-8_map-_home_max_Documents_PhD_MAPF_LNS_MAPF_LNS_SAT_mapf-scen-even_scen-even_room-64-64-8-even-1_scen-agents50-idx0-seed42-1760995132458,0,19,856,0.264851,12,38,38,82,2,4,6938087,88476,0.010000,10437.961000,10795.156000,9943.834000,57.477001,0
_home_max_Documents_PhD_MAPF_LNS_MAPF_LNS_SAT_mapf-map_room-64-64-8_map-_home_max_Documents_PhD_MAPF_LNS_MAPF_LNS_SAT_mapf-scen-even_scen-even_room-64-64-8-even-1_scen-agents50-idx0-seed42-1760995132458,0,20,892,0.275990,12,38,37,83,2,4,8464974,100642,0.011000,14683.252000,12818.226000,11797.942000,66.713725,0
_home_max_Documents_PhD_MAPF_LNS_MAPF_LNS_SAT_mapf-map_room-64-64-8_map-_home_max_Documents_PhD_MAPF_LNS_MAPF_LNS_SAT_mapf-scen-even_scen-even_room-64-64-8-even-1_scen-agents50-idx0-seed42-1760995132458,0,21,930,0.287748,12,39,36,84,2,4,10357360,114105,0.007000,18010.075000,15474.074000,14236.073000,79.187627,0
_home_max_Documents_PhD_MAPF_LNS_MAPF_LNS_SAT_mapf-map_room-64-64-8_map-_home_max_Documents_PhD_MAPF_LNS_MAPF_LNS_SAT_mapf-scen-even_scen-even_room-64-64-8-even-1_scen-agents50-idx0-seed42-1760995132458,0,22,973,0.301052,12,39,35,85,2,4,12353998,127302,0.007000,24357.381000,19648.915000,18085.375000,95.151654,0
_home_max_Documents_PhD_MAPF_LNS_MAPF_LNS_SAT_mapf-map_room-64-64-8_map-_home_max_Documents_PhD_MAPF_LNS_MAPF_LNS_SAT_mapf-scen-even_scen-even_room-64-64-8-even-1_scen-agents50-idx0-seed42-1760995132458,0,23,1016,0.314356,12,41,34,86,2,4,15593644,144693,0.010000,35549.204000,25226.201000,23243.756000,116.891432,0
_home_max_Documents_PhD_MAPF_LNS_MAPF_LNS_SAT_mapf-map_room-64-64-8_map-_home_max_Documents_PhD_MAPF_LNS_MAPF_LNS_SAT_mapf-scen-even_scen-even_room-64-64-8-even-1_scen-agents50-idx0-seed42-1760995132458,0,24,1060,0.327970,12,41,33,87,2,4,20393014,173633,0.008000,59053.000000,32675.996000,30120.728000,168.160984,0
_home_max_Documents_PhD_MAPF_LNS_MAPF_LNS_SAT_mapf-map_room-64-64-8_map-_home_max_Documents_PhD_MAPF_LNS_MAPF_LNS_SAT_mapf-scen-even_scen-even_room-64-64-8-even-1_scen-agents50-idx0-seed42-1760995132458,0,25,1102,0.340965,12,41,32,88,2,4,23680338,190304,0.008000,74408.722000,39671.936000,36533.417000,187.694552,0
_home_max_Documents_PhD_MAPF_LNS_MAPF_LNS_SAT_mapf-map_room-64-64-8_map-_home_max_Documents_PhD_MAPF_LNS_MAPF_LNS_SAT_mapf-scen-even_scen-even_room-64-64-8-even-1_scen-agents100-idx0-seed42-1760995731583,0,0,13,0.004022,5,2,0,6,2,3,86,39,0.000000,0.043000,0.138000,0.108000,0.012563,1
_home_max_Documents_PhD_MAPF_LNS_MAPF_LNS_SAT_mapf-map_room-64-64-8_map-_home_max_Documents_PhD_MAPF_LNS_MAPF_LNS_SAT_mapf-scen-even_scen-even_room-64-64-8-even-1_scen-agents100-idx0-seed42-1760995731583,0,0,29,0.008973,15,7,1,15,3,7,782,316,0.000000,0.301000,0.580000,0.459000,0.033624,1
_home_max_Documents_PhD_MAPF_LNS_MAPF_LNS_SAT_mapf-map_room-64-64-8_map-_home_max_Documents_PhD_MAPF_LNS_MAPF_LNS_SAT_mapf-scen-even_scen-even_room-64-64-8-even-1_scen-agents100-idx0-seed42-1760995731583,0,0,9,0.002785,3,4,1,5,2,3,74,38,0.000000,0.026000,0.071000,0.050000,0.003008,1
_home_max_Documents_PhD_MAPF_LNS_MAPF_LNS_SAT_mapf-map_room-64-64-8_map-_home_max_Documents_PhD_MAPF_LNS_MAPF_LNS_SAT_mapf-scen-even_scen-even_room-64-64-8-even-1_scen-agents100-idx0-seed42-1760995731583,0,0,7,0.002166,3,2,2,6,2,3,54,25,0.000000,0.017000,0.062000,0.042000,0.002424,1
_home_max_Documents_PhD_MAPF_LNS_MAPF_LNS_SAT_mapf-map_room-64-64-8_map-_home_max_Documents_PhD_MAPF_LNS_MAPF_LNS_SAT_mapf-scen-even_scen-even_room-64-64-8-even-1_scen-agents100-idx0-seed42-1760995731583,0,0,8,0.002475,2,2,2,5,1,2,21,11,0.000000,0.008000,0.035000,0.022000,0.001979,1
_home_max_Documents_PhD_MAPF_LNS_MAPF_LNS_SAT_mapf-map_room-64-64-8_map-_home_max_Documents_PhD_MAPF_LNS_MAPF_LNS_SAT_mapf-scen-even_scen-even_room-64-64-8-even-1_scen-agents100-idx0-seed42-1760995731583,0,0,5,0.001547,1,2,3,5,4,7,179,68,0.000000,0.059000,0.174000,0.149000,0.005948,0
_home_max_Documents_PhD_MAPF_LNS_MAPF_LNS_SAT_mapf-map_room-64-64-8_map-_home_max_Documents_PhD_MAPF_LNS_MAPF_LNS_SAT_mapf-scen-even_scen-even_room-64-64-8-even-1_scen-agents100-idx0-seed42-1760995731583,0,1,12,0.003713,1,2,2,6,1,2,31,15,0.000000,0.010000,0.042000,0.029000,0.002936,1
_home_max_Documents_PhD_MAPF_LNS_MAPF_LNS_SAT_mapf-map_room-64-64-8_map-_home_max_Documents_PhD_MAPF_LNS_MAPF_LNS_SAT_mapf-scen-even_scen-even_room-64-64-8-even-1_scen-agents100-idx0-seed42-1760995731583,0,0,5,0.001547,1,3,3,5,4,7,187,76,0.000000,0.063000,0.191000,0.160000,0.006362,0
_home_max_Documents_PhD_MAPF_LNS_MAPF_LNS_SAT_mapf-map_room-64-64-8_map-_home_max_Documents_PhD_MAPF_LNS_MAPF_LNS_SAT_mapf-scen-even_scen-even_room-64-64-8-even-1_scen-agents100-idx0-seed42-1760995731583,0,1,12,0.003713,1,4,2,6,2,4,124,55,0.000000,0.047000,0.115000,0.085000,0.008177,1
_home_max_Documents_PhD_MAPF_LNS_MAPF_LNS_SAT_mapf-map_room-64-64-8_map-_home_max_Documents_PhD_MAPF_LNS_MAPF_LNS_SAT_mapf-scen-even_scen-even_room-64-64-8-even-1_scen-agents100-idx0-seed42-1760995731583,0,0,5,0.001547,1,2,3,5,2,3,28,15,0.000000,0.011000,0.045000,0.031000,0.002189,1
_home_max_Documents_PhD_MAPF_LNS_MAPF_LNS_SAT_mapf-map_room-64-64-8_map-_home_max_Documents_PhD_MAPF_LNS_MAPF_LNS_SAT_mapf-scen-even_scen-even_room-64-64-8-even-1_scen-agents100-idx0-seed42-1760995731583,0,0,9,0.002785,1,3,4,6,3,5,95,41,0.000000,0.034000,0.099000,0.074000,0.005285,1
_home_max_Documents_PhD_MAPF_LNS_MAPF_LNS_SAT_mapf-map_room-64-64-8_map-_home_max_Documents_PhD_MAPF_LNS_MAPF_LNS_SAT_mapf-scen-even_scen-even_room-64-64-8-even-1_scen-agents100-idx0-seed42-1760995731583,0,0,21,0.006498,7,7,5,13,2,3,222,112,0.000000,0.098000,0.148000,0.113000,0.009027,1
_home_max_Documents_PhD_MAPF_LNS_MAPF_LNS_SAT_mapf-map_room-64-64-8_map-_home_max_Documents_PhD_MAPF_LNS_MAPF_LNS_SAT_mapf-scen-even_scen-even_room-64-64-8-even-1_scen-agents100-idx0-seed42-1760995731583,0,0,5,0.001547,1,2,5,7,4,7,182,71,0.000000,0.062000,0.153000,0.124000,0.006475,0
_home_max_Documents_PhD_MAPF_LNS_MAPF_LNS_SAT_mapf-map_room-64-64-8_map-_home_max_Documents_PhD_MAPF_LNS_MAPF_LNS_SAT_mapf-scen-even_scen-even_room-64-64-8-even-1_scen-agents100-idx0-seed42-1760995731583,0,1,13,0.004022,1,3,4,8,3,6,199,72,0.000000,0.064000,0.173000,0.134000,0.016071,1
_home_max_Documents_PhD_MAPF_LNS_MAPF_LNS_SAT_mapf-map_room-64-64-8_map-_home_max_Documents_PhD_MAPF_LNS_MAPF_LNS_SAT_mapf-scen-even_scen-even_room-64-64-8-even-1_scen-agents100-idx0-seed42-1760995731583,0,0,9,0.002785,4,2,6,11,2,3,68,32,0.000000,0.026000,0.069000,0.050000,0.004169,1
_home_max_Documents_PhD_MAPF_LNS_MAPF_LNS_SAT_mapf-map_room-64-64-8_map-_home_max_Documents_PhD_MAPF_LNS_MAPF_LNS_SAT_mapf-scen-even_scen-even_room-64-64-8-even-1_scen-agents100-idx0-seed42-1760995731583,0,0,9,0.002785,1,2,6,8,3,5,92,38,0.000000,0.032000,0.096000,0.074000,0.005319,1
_home_max_Documents_PhD_MAPF_LNS_MAPF_LNS_SAT_mapf-map_room-64-64-8_map-_home_max_Documents_PhD_MAPF_LNS_MAPF_LNS_SAT_mapf-scen-even_scen-even_room-64-64-8-even-1_scen-agents100-idx0-seed42-1760995731583,0,0,9,0.002785,1,2,6,8,7,18,3549,813,0.000000,1.056000,2.720000,2.526000,0.141410,1
_home_max_Documents_PhD_MAPF_LNS_MAPF_LNS_SAT_mapf-map_room-64-64-8_map-_home_max_Documents_PhD_MAPF_LNS_MAPF_LNS_SAT_mapf-scen-even_scen-even_room-64-64-8-even-1_scen-agents100-idx0-seed42-1760995731583,0,0,11,0.003403,2,3,7,10,4,7,630,175,0.000000,0.199000,0.348000,0.311000,0.009990,0
_home_max_Documents_PhD_MAPF_LNS_MAPF_LNS_SAT_mapf-map_room-64-64-8_map-_home_max_Documents_PhD_MAPF_LNS_MAPF_LNS_SAT_mapf-scen-even_scen-even_room-64-64-8-even-1_scen-agents100-idx0-seed42-1760995731583,0,1,31,0.009592,3,6,6,12,4,7,3231,597,0.000000,0.907000,1.356000,1.289000,0.021041,0
_home_max_Documents_PhD_MAPF_LNS_MAPF_LNS_SAT_mapf-map_room-64-64-8_map-_home_max_Documents_PhD_MAPF_LNS_MAPF_LNS_SAT_mapf-scen-even_scen-even_room-64-64-8-even-1_scen-agents100-idx0-seed42-1760995731583,0,2,44,0.013614,3,8,5,13,2,3,245,122,0.000000,0.107000,0.132000,0.107000,0.001398,0
_home_max_Documents_PhD_MAPF_LNS_MAPF_LNS_SAT_mapf-map_room-64-64-8_map-_home_max_Documents_PhD_MAPF_LNS_MAPF_LNS_SAT_mapf-scen-even_scen-even_room-64-64-8-even-1_scen-agents100-idx0-seed42-1760995731583,0,3,58,0.017946,3,9,4,14,10,19,2209059,93399,0.027000,2655.218000,1975.671000,1963.802000,12.166970,0
_home_max_Documents_PhD_MAPF_LNS_MAPF_LNS_SAT_mapf-map_room-64-64-8_map-_home_max_Documents_PhD_MAPF_LNS_MAPF_LNS_SAT_mapf-scen-even_scen-even_room-64-64-8-even-1_scen-agents100-idx0-seed42-1760995731583,0,4,75,0.023205,3,10,3,15,8,15,866035,34922,0.017000,631.534000,583.567000,581.134000,3.343092,0
_home_max_Documents_PhD_MAPF_LNS_MAPF_LNS_SAT_mapf-map_room-64-64-8_map-_home_max_Documents_PhD_MAPF_LNS_MAPF_LNS_SAT_mapf-scen-even_scen-even_room-64-64-8-even-1_scen-agents100-idx0-seed42-1760995731583,0,5,94,0.029084,3,11,2,16,8,15,1288158,46800,0.011000,1142.663000,982.162000,978.903000,4.703371,0
_home_max_Documents_PhD_MAPF_LNS_MAPF_LNS_SAT_mapf-map_room-64-64-8_map-_home_max_Documents_PhD_MAPF_LNS_MAPF_LNS_SAT_mapf-scen-even_scen-even_room-64-64-8-even-1_scen-agents100-idx0-seed42-1760995731583,0,6,120,0.037129,3,14,1,17,2,3,860,404,0.002000,0.487000,0.411000,0.350000,0.008648,0
_home_max_Documents_PhD_MAPF_LNS_MAPF_LNS_SAT_mapf-map_room-64-64-8_map-_home_max_Documents_PhD_MAPF_LNS_MAPF_LNS_SAT_mapf-scen-even_scen-even_room-64-64-8-even-1_scen-agents100-idx0-seed42-1760995731583,0,7,148,0.045792,3,17,0,18,7,13,1076038,38320,0.017000,1127.121000,804.591000,802.204000,3.315306,0
_home_max_Documents_PhD_MAPF_LNS_MAPF_LNS_SAT_mapf-map_room-64-64-8_map-_home_max_Documents_PhD_MAPF_LNS_MAPF_LNS_SAT_mapf-scen-even_scen-even_room-64-64-8-even-1_scen-agents100-idx0-seed42-1760995731583,0,8,181,0.056002,3,17,0,19,6,11,482417,23016,0.008000,410.657000,277.397000,276.050000,1.529102,0
_home_max_Documents_PhD_MAPF_LNS_MAPF_LNS_SAT_mapf-map_room-64-64-8_map-_home_max_Documents_PhD_MAPF_LNS_MAPF_LNS_SAT_mapf-scen-even_scen-even_room-64-64-8-even-1_scen-agents100-idx0-seed42-1760995731583,0,9,215,0.066522,3,21,0,20,6,11,606143,27384,0.009000,569.560000,386.892000,385.211000,1.823082,0
_home_max_Documents_PhD_MAPF_LNS_MAPF_LNS_SAT_mapf-map_room-64-64-8_map-_home_max_Documents_PhD_MAPF_LNS_MAPF_LNS_SAT_mapf-scen-even_scen-even_room-64-64-8-even-1_scen-agents100-idx0-seed42-1760995731583,0,10,249,0.077042,3,23,0,21,5,9,209376,15377,0.007000,158.353000,104.698000,103.845000,0.688960,0
_home_max_Documents_PhD_MAPF_LNS_MAPF_LNS_SAT_mapf-map_room-64-64-8_map-_home_max_Documents_PhD_MAPF_LNS_MAPF_LNS_SAT_mapf-scen-even_scen-even_room-64-64-8-even-1_scen-agents100-idx0-seed42-1760995731583,0,11,281,0.086943,3,24,0,22,5,9,244135,17530,0.008000,180.405000,129.635000,128.592000,0.841973,0
_home_max_Documents_PhD_MAPF_LNS_MAPF_LNS_SAT_mapf-map_room-64-64-8_map-_home_max_Documents_PhD_MAPF_LNS_MAPF_LNS_SAT_mapf-scen-even_scen-even_room-64-64-8-even-1_scen-agents100-idx0-seed42-1760995731583,0,12,315,0.097463,3,27,0,23,4,7,78576,9871,0.006000,50.069000,40.060000,39.441000,0.390624,0
_home_max_Documents_PhD_MAPF_LNS_MAPF_LNS_SAT_mapf-map_room-64-64-8_map-_home_max_Documents_PhD_MAPF_LNS_MAPF_LNS_SAT_mapf-scen-even_scen-even_room-64-64-8-even-1_scen-agents100-idx0-seed42-1760995731583,0,13,343,0.106126,3,30,0,24,2,3,8875,2278,0.002000,6.337000,4.960000,4.740000,0.054794,0
_home_max_Documents_PhD_MAPF_LNS_MAPF_LNS_SAT_mapf-map_room-64-64-8_map-_home_max_Documents_PhD_MAPF_LNS_MAPF_LNS_SAT_mapf-scen-even_scen-even_room-64-64-8-even-1_scen-agents100-idx0-seed42-1760995731583,0,14,375,0.116027,3,33,0,25,2,3,13181,2848,0.004000,9.911000,7.110000,6.827000,0.075143,0
_home_max_Documents_PhD_MAPF_LNS_MAPF_LNS_SAT_mapf-map_room-64-64-8_map-_home_max_Documents_PhD_MAPF_LNS_MAPF_LNS_SAT_mapf-scen-even_scen-even_room-64-64-8-even-1_scen-agents100-idx0-seed42-1760995731583,0,15,408,0.126238,3,36,0,26,2,3,29667,4156,0.004000,16.209000,16.384000,16.075000,0.149434,0
_home_max_Documents_PhD_MAPF_LNS_MAPF_LNS_SAT_mapf-map_room-64-64-8_map-_home_max_Documents_PhD_MAPF_LNS_MAPF_LNS_SAT_mapf-scen-even_scen-even_room-64-64-8-even-1_scen-agents100-idx0-seed42-1760995731583,0,16,441,0.136448,3,38,0,27,2,3,86629,6112,0.003000,38.679000,47.559000,47.078000,0.368621,0
_home_max_Documents_PhD_MAPF_LNS_MAPF_LNS_SAT_mapf-map_room-64-64-8_map-_home_max_Documents_PhD_MAPF_LNS_MAPF_LNS_SAT_mapf-scen-even_scen-even_room-64-64-8-even-1_scen-agents100-idx0-seed42-1760995731583,0,17,475,0.146968,3,40,0,28,2,3,98899,6816,0.004000,45.022000,55.213000,54.627000,0.418393,0
_home_max_Documents_PhD_MAPF_LNS_MAPF_LNS_SAT_mapf-map_room-64-64-8_map-_home_max_Documents_PhD_MAPF_LNS_MAPF_LNS_SAT_mapf-scen-even_scen-even_room-64-64-8-even-1_scen-agents200-idx0-seed42-1760996330710,0,0,8,0.002475,1,3,0,1,3,5,111,40,0.000000,0.036000,0.157000,0.127000,0.014981,1
_home_max_Documents_PhD_MAPF_LNS_MAPF_LNS_SAT_mapf-map_room-64-64-8_map-_home_max_Documents_PhD_MAPF_LNS_MAPF_LNS_SAT_mapf-scen-even_scen-even_room-64-64-8-even-1_scen-agents200-idx0-seed42-1760996330710,0,0,17,0.005260,20,8,0,9,3,5,665,257,0.000000,0.237000,0.526000,0.461000,0.026129,1
_home_max_Documents_PhD_MAPF_LNS_MAPF_LNS_SAT_mapf-map_room-64-64-8_map-_home_max_Documents_PhD_MAPF_LNS_MAPF_LNS_SAT_mapf-scen-even_scen-even_room-64-64-8-even-1_scen-agents200-idx0-seed42-1760996330710,0,0,13,0.004022,5,2,0,6,2,3,86,39,0.000000,0.028000,0.095000,0.075000,0.005221,1
_home_max_Documents_PhD_MAPF_LNS_MAPF_LNS_SAT_mapf-map_room-64-64-8_map-_home_max_Documents_PhD_MAPF_LNS_MAPF_LNS_SAT_mapf-scen-even_scen-even_room-64-64-8-even-1_scen-agents200-idx0-seed42-1760996330710,0,0,11,0.003403,4,3,0,5,2,3,93,44,0.000000,0.032000,0.098000,0.075000,0.004726,1
_home_max_Documents_PhD_MAPF_LNS_MAPF_LNS_SAT_mapf-map_room-64-64-8_map-_home_max_Documents_PhD_MAPF_LNS_MAPF_LNS_SAT_mapf-scen-even_scen-even_room-64-64-8-even-1_scen-agents200-idx0-seed42-1760996330710,0,0,7,0.002166,1,2,0,2,1,1,14,8,0.000000,0.006000,0.021000,0.015000,0.001162,1
_home_max_Documents_PhD_MAPF_LNS_MAPF_LNS_SAT_mapf-map_room-64-64-8_map-_home_max_Documents_PhD_MAPF_LNS_MAPF_LNS_SAT_mapf-scen-even_scen-even_room-64-64-8-even-1_scen-agents200-idx0-seed42-1760996330710,0,0,5,0.001547,1,3,0,2,3,5,92,42,0.000000,0.031000,0.119000,0.093000,0.006250,1
_home_max_Documents_PhD_MAPF_LNS_MAPF_LNS_SAT_mapf-map_room-64-64-8_map-_home_max_Documents_PhD_MAPF_LNS_MAPF_LNS_SAT_mapf-scen-even_scen-even_room-64-64-8-even-1_scen-agents200-idx0-seed42-1760996330710,0,0,5,0.001547,1,2,0,2,2,3,28,15,0.000000,0.010000,0.052000,0.037000,0.001966,1
_home_max_Documents_PhD_MAPF_LNS_MAPF_LNS_SAT_mapf-map_room-64-64-8_map-_home_max_Documents_PhD_MAPF_LNS_MAPF_LNS_SAT_mapf-scen-even_scen-even_room-64-64-8-even-1_scen-agents200-idx0-seed42-1760996330710,0,0,29,0.008973,17,11,1,15,4,7,2123,685,0.000000,0.818000,1.318000,1.203000,0.026601,0
_home_max_Documents_PhD_MAPF_LNS_MAPF_LNS_SAT_mapf-map_room-64-64-8_map-_home_max_Documents_PhD_MAPF_LNS_MAPF_LNS_SAT_mapf-scen-even_scen-even_room-64-64-8-even-1_scen-agents200-idx0-seed42-1760996330710,0,1,48,0.014851,17,11,0,16,7,26,36839,3382,0.000000,10.867000,22.289000,21.369000,0.951330,1
_home_max_Documents_PhD_MAPF_LNS_MAPF_LNS_SAT_mapf-map_room-64-64-8_map-_home_max_Documents_PhD_MAPF_LNS_MAPF_LNS_SAT_mapf-scen-even_scen-even_room-64-64-8-even-1_scen-agents200-idx0-seed42-1760996330710,0,0,9,0.002785,3,5,1,5,2,3,76,40,0.000000,0.029000,0.073000,0.050000,0.002884,1
_home_max_Documents_PhD_MAPF_LNS_MAPF_LNS_SAT_mapf-map_room-64-64-8_map-_home_max_Documents_PhD_MAPF_LNS_MAPF_LNS_SAT_mapf-scen-even_scen-even_room-64-64-8-even-1_scen-agents200-idx0-seed42-1760996330710,0,0,5,0.001547,1,3,1,3,4,9,217,88,0.000000,0.076000,0.254000,0.196000,0.016761,1
_home_max_Documents_PhD_MAPF_LNS_MAPF_LNS_SAT_mapf-map_room-64-64-8_map-_home_max_Documents_PhD_MAPF_LNS_MAPF_LNS_SAT_mapf-scen-even_scen-even_room-64-64-8-even-1_scen-agents200-idx0-seed42-1760996330710,0,0,5,0.001547,1,3,1,3,2,3,32,19,0.000000,0.014000,0.047000,0.032000,0.001911,1
_home_max_Documents_PhD_MAPF_LNS_MAPF_LNS_SAT_mapf-map_room-64-64-8_map-_home_max_Documents_PhD_MAPF_LNS_MAPF_LNS_SAT_mapf-scen-even_scen-even_room-64-64-8-even-1_scen-agents200-idx0-seed42-1760996330710,0,0,4,0.001238,1,2,1,3,4,7,154,68,0.000000,0.057000,0.173000,0.143000,0.005483,0
_home_max_Documents_PhD_MAPF_LNS_MAPF_LNS_SAT_mapf-map_room-64-64-8_map-_home_max_Documents_PhD_MAPF_LNS_MAPF_LNS_SAT_mapf-scen-even_scen-even_room-64-64-8-even-1_scen-agents200-idx0-seed42-1760996330710,0,1,9,0.002785,1,4,0,4,2,3,67,35,0.000000,0.026000,0.068000,0.055000,0.001379,0
_home_max_Documents_PhD_MAPF_LNS_MAPF_LNS_SAT_mapf-map_room-64-64-8_map-_home_max_Documents_PhD_MAPF_LNS_MAPF_LNS_SAT_mapf-scen-even_scen-even_room-64-64-8-even-1_scen-agents200-idx0-seed42-1760996330710,0,2,16,0.004950,1,5,0,5,4,7,997,267,0.000000,0.292000,0.653000,0.603000,0.013695,0
_home_max_Documents_PhD_MAPF_LNS_MAPF_LNS_SAT_mapf-map_room-64-64-8_map-_home_max_Documents_PhD_MAPF_LNS_MAPF_LNS_SAT_mapf-scen-even_scen-even_room-64-64-8-even-1_scen-agents200-idx0-seed42-1760996330710,0,3,25,0.007735,1,7,0,6,4,11,1667,394,0.000000,0.470000,1.143000,1.009000,0.077882,1
_home_max_Documents_PhD_MAPF_LNS_MAPF_LNS_SAT_mapf-map_room-64-64-8_map-_home_max_Documents_PhD_MAPF_LNS_MAPF_LNS_SAT_mapf-scen-even_scen-even_room-64-64-8-even-1_scen-agents200-idx0-seed42-1760996330710,0,0,18,0.005569,12,7,2,9,4,7,2180,546,0.000000,0.656000,1.007000,0.929000,0.030003,0
_home_max_Documents_PhD_MAPF_LNS_MAPF_LNS_SAT_mapf-map_room-64-64-8_map-_home_max_Documents_PhD_MAPF_LNS_MAPF_LNS_SAT_mapf-scen-even_scen-even_room-64-64-8-even-1_scen-agents200-idx0-seed42-1760996330710,0,1,70,0.021658,41,22,1,11,4,7,18746,3166,0.005000,6.749000,9.148000,8.830000,0.139872,0
_home_max_Documents_PhD_MAPF_LNS_MAPF_LNS_SAT_mapf-map_room-64-64-8_map-_home_max_Documents_PhD_MAPF_LNS_MAPF_LNS_SAT_mapf-scen-even_scen-even_room-64-64-8-even-1_scen-agents200-idx0-seed42-1760996330710,0,2,93,0.028775,41,27,0,12,7,13,875513,40347,0.011000,644.227000,610.871000,608.250000,3.854899,0
_home_max_Documents_PhD_MAPF_LNS_MAPF_LNS_SAT_mapf-map_room-64-64-8_map-_home_max_Documents_PhD_MAPF_LNS_MAPF_LNS_SAT_mapf-scen-even_scen-even_room-64-64-8-even-1_scen-agents200-idx0-seed42-1760996330710,0,3,162,0.050124,51,37,0,13,6,11,663537,34561,0.013000,375.903000,424.606000,422.327000,3.600566,0
_home_max_Documents_PhD_MAPF_LNS_MAPF_LNS_SAT_mapf-map_room-64-64-8_map-_home_max_Documents_PhD_MAPF_LNS_MAPF_LNS_SAT_mapf-scen-even_scen-even_room-64-64-8-even-1_scen-agents200-idx0-seed42-1760996330710,0,4,187,0.057859,51,38,0,14,7,13,1935465,69982,0.017000,1878.294000,1605.036000,1599.019000,8.139350,0
_home_max_Documents_PhD_MAPF_LNS_MAPF_LNS_SAT_mapf-map_room-64-64-8_map-_home_max_Documents_PhD_MAPF_LNS_MAPF_LNS_SAT_mapf-scen-even_scen-even_room-64-64-8-even-1_scen-agents200-idx0-seed42-1760996330710,0,5,217,0.067141,51,43,0,15,7,14,2441280,81101,0.026000,2885.515000,3426.372000,3409.563000,22.155295,0
_home_max_Documents_PhD_MAPF_LNS_MAPF_LNS_SAT_mapf-map_room-64-64-8_map-_home_max_Documents_PhD_MAPF_LNS_MAPF_LNS_SAT_mapf-scen-even_scen-even_room-64-64-8-even-1_scen-agents200-idx0-seed42-1760996330710,0,6,274,0.084777,52,43,0,16,8,16,8321968,183478,0.054000,20603.722000,12355.941000,11761.213000,67.043560,0
_home_max_Documents_PhD_MAPF_LNS_MAPF_LNS_SAT_mapf-map_room-64-64-8_map-_home_max_Documents_PhD_MAPF_LNS_MAPF_LNS_SAT_mapf-scen-even_scen-even_room-64-64-8-even-1_scen-agents200-idx0-seed42-1760996330710,0,7,298,0.092203,52,43,0,17,3,5,80526,9291,0.008000,39.044000,47.588000,46.779000,0.492185,0
_home_max_Documents_PhD_MAPF_LNS_MAPF_LNS_SAT_mapf-map_room-64-64-8_map-_home_max_Documents_PhD_MAPF_LNS_MAPF_LNS_SAT_mapf-scen-even_scen-even_room-64-64-8-even-1_scen-agents200-idx0-seed42-1760996330710,0,8,319,0.098700,52,45,0,18,2,3,48405,5411,0.004000,23.732000,26.802000,26.315000,0.230008,0
_home_max_Documents_PhD_MAPF_LNS_MAPF_LNS_SAT_mapf-map_room-64-64-8_map-_home_max_Documents_PhD_MAPF_LNS_MAPF_LNS_SAT_mapf-scen-even_scen-even_room-64-64-8-even-1_scen-agents200-idx0-seed42-1760996330710,0,9,337,0.104270,52,45,0,19,2,3,61944,6229,0.008000,29.885000,34.629000,34.021000,0.293572,0
_home_max_Documents_PhD_MAPF_LNS_MAPF_LNS_SAT_mapf-map_room-64-64-8_map-_home_max_Documents_PhD_MAPF_LNS_MAPF_LNS_SAT_mapf-scen-even_scen-even_room-64-64-8-even-1_scen-agents200-idx0-seed42-1760996330710,0,10,354,0.109530,52,45,0,20,2,3,79225,7168,0.004000,39.770000,44.178000,43.540000,0.359143,0
_home_max_Documents_PhD_MAPF_LNS_MAPF_LNS_SAT_mapf-map_room-64-64-8_map-_home_max_Documents_PhD_MAPF_LNS_MAPF_LNS_SAT_mapf-scen-even_scen-even_room-64-64-8-even-1_scen-agents200-idx0-seed42-1760996330710,0,11,370,0.114480,52,45,0,21,2,3,98659,7954,0.004000,46.069000,56.143000,55.366000,0.431943,0
_home_max_Documents_PhD_MAPF_LNS_MAPF_LNS_SAT_mapf-map_room-64-64-8_map-_home_max_Documents_PhD_MAPF_LNS_MAPF_LNS_SAT_mapf-scen-even_scen-even_room-64-64-8-even-1_scen-agents200-idx0-seed42-1760996330710,0,12,385,0.119121,52,46,0,22,4,7,510267,30809,0.012000,320.012000,309.348000,306.418000,2.685466,0
_home_max_Documents_PhD_MAPF_LNS_MAPF_LNS_SAT_mapf-map_room-64-64-8_map-_home_max_Documents_PhD_MAPF_LNS_MAPF_LNS_SAT_mapf-scen-even_scen-even_room-64-64-8-even-1_scen-agents200-idx0-seed42-1760996330710,0,13,403,0.124691,52,46,0,23,7,14,8188273,184362,0.030000,20150.193000,12482.447000,12433.238000,67.912552,0
_home_max_Documents_PhD_MAPF_LNS_MAPF_LNS_SAT_mapf-map_room-64-64-8_map-_home_max_Documents_PhD_MAPF_LNS_MAPF_LNS_SAT_mapf-scen-even_scen-even_room-64-64-8-even-1_scen-agents200-idx0-seed42-1760996330710,0,14,420,0.129950,52,46,0,24,2,3,184012,10795,0.004000,94.741000,103.500000,102.275000,0.741589,0
_home_max_Documents_PhD_MAPF_LNS_MAPF_LNS_SAT_mapf-map_room-64-64-8_map-_home_max_Documents_PhD_MAPF_LNS_MAPF_LNS_SAT_mapf-scen-even_scen-even_room-64-64-8-even-1_scen-agents200-idx0-seed42-1760996330710,0,15,434,0.134282,52,46,0,25,3,5,425807,22057,0.009000,244.611000,264.858000,262.173000,2.302899,0
_home_max_Documents_PhD_MAPF_LNS_MAPF_LNS_SAT_mapf-map_room-64-64-8_map-_home_max_Documents_PhD_MAPF_LNS_MAPF_LNS_SAT_mapf-scen-even_scen-even_room-64-64-8-even-1_scen-agents200-idx0-seed42-1760996330710,0,16,447,0.138304,52,47,0,26,3,5,514547,24224,0.014000,286.754000,320.170000,317.273000,2.709071,0
_home_max_Documents_PhD_MAPF_LNS_MAPF_LNS_SAT_mapf-map_room-64-64-8_map-_home_max_Documents_PhD_MAPF_LNS_MAPF_LNS_SAT_mapf-scen-even_scen-even_room-64-64-8-even-1_scen-agents200-idx0-seed42-1760996330710,0,17,455,0.140780,52,47,0,27,2,3,332182,14384,0.008000,193.297000,203.310000,201.452000,1.413717,0
_home_max_Documents_PhD_MAPF_LNS_MAPF_LNS_SAT_mapf-map_room-64-64-8_map-_home_max_Documents_PhD_MAPF_LNS_MAPF_LNS_SAT_mapf-scen-even_scen-even_room-64-64-8-even-1_scen-agents200-idx0-seed42-1760996330710,0,18,463,0.143255,52,47,0,28,4,7,1346683,50431,0.013000,932.937000,1033.638000,1027.258000,7.607065,0
_home_max_Documents_PhD_MAPF_LNS_MAPF_LNS_SAT_mapf-map_room-64-64-8_map-_home_max_Documents_PhD_MAPF_LNS_MAPF_LNS_SAT_mapf-scen-even_scen-even_room-64-64-8-even-1_scen-agents200-idx0-seed42-1760996330710,0,19,470,0.145421,52,48,0,29,6,11,6363706,158317,0.025000,12620.382000,6381.111000,6357.090000,30.737109,0
_home_max_Documents_PhD_MAPF_LNS_MAPF_LNS_SAT_mapf-map_room-64-64-8_map-_home_max_Documents_PhD_MAPF_LNS_MAPF_LNS_SAT_mapf-scen-even_scen-even_room-64-64-8-even-1_scen-agents200-idx0-seed42-1760996330710,0,20,479,0.148205,52,48,0,30,7,13,14736657,276612,0.036000,50812.577000,16285.308000,15808.643000,66.262042,0
_home_max_Documents_PhD_MAPF_LNS_MAPF_LNS_SAT_mapf-map_room-64-64-8_map-_home_max_Documents_PhD_MAPF_LNS_MAPF_LNS_SAT_mapf-scen-even_scen-even_room-64-64-8-even-1_scen-agents200-idx0-seed42-1760996330710,0,21,491,0.151918,52,48,0,31,3,5,1170717,35715,0.011000,872.270000,975.124000,968.680000,6.201659,0
_home_max_Documents_PhD_MAPF_LNS_MAPF_LNS_SAT_mapf-map_room-64-64-8_map-_home_max_Documents_PhD_MAPF_LNS_MAPF_LNS_SAT_mapf-scen-even_scen-even_room-64-64-8-even-1_scen-agents200-idx0-seed42-1760996330710,0,22,504,0.155941,52,48,0,32,4,7,2361029,67528,0.016000,2518.342000,2161.955000,2151.245000,12.592404,0
_home_max_Documents_PhD_MAPF_LNS_MAPF_LNS_SAT_mapf-map_room-64-64-8_map-_home_max_Documents_PhD_MAPF_LNS_MAPF_LNS_SAT_mapf-scen-even_scen-even_room-64-64-8-even-1_scen-agents200-idx0-seed42-1760996330710,0,23,519,0.160582,52,51,0,33,3,5,1678519,45408,0.011000,1633.501000,1468.845000,1460.782000,9.585912,0
_home_max_Documents_PhD_MAPF_LNS_MAPF_LNS_SAT_mapf-map_room-64-64-8_map-_home_max_Documents_PhD_MAPF_LNS_MAPF_LNS_SAT_mapf-scen-even_scen-even_room-64-64-8-even-1_scen-agents200-idx0-seed42-1760996330710,0,24,535,0.165532,52,52,0,34,5,9,5767186,137978,0.027000,10156.692000,6126.619000,6103.124000,29.253840,0
_home_max_Documents_PhD_MAPF_LNS_MAPF_LNS_SAT_mapf-map_room-64-64-8_map-_home_max_Documents_PhD_MAPF_LNS_MAPF_LNS_SAT_mapf-scen-even_scen-even_room-64-64-8-even-1_scen-agents200-idx0-seed42-1760996330710,0,25,551,0.170483,52,52,0,35,5,9,6545400,148972,0.024000,13040.259000,7531.236000,7504.431000,36.418027,0
_home_max_Documents_PhD_MAPF_LNS_MAPF_LNS_SAT_mapf-map_room-64-64-8_map-_home_max_Documents_PhD_MAPF_LNS_MAPF_LNS_SAT_mapf-scen-even_scen-even_room-64-64-8-even-1_scen-agents200-idx0-seed42-1760996330710,0,26,566,0.175124,52,52,0,36,4,7,4366290,99210,0.025000,7242.323000,4854.427000,4836.700000,24.435261,0
_home_max_Documents_PhD_MAPF_LNS_MAPF_LNS_SAT_mapf-map_room-64-64-8_map-_home_max_Documents_PhD_MAPF_LNS_MAPF_LNS_SAT_mapf-scen-even_scen-even_room-64-64-8-even-1_scen-agents200-idx0-seed42-1760996330710,0,27,581,0.179765,52,58,0,37,2,3,1852596,39096,0.010000,2084.214000,1828.085000,1820.545000,6.621242,0
_home_max_Documents_PhD_MAPF_LNS_MAPF_LNS_SAT_mapf-map_room-64-64-8_map-_home_max_Documents_PhD_MAPF_LNS_MAPF_LNS_SAT_mapf-scen-even_scen-even_room-64-64-8-even-1_scen-agents200-idx0-seed42-1760996330710,0,28,594,0.183787,52,59,0,38,2,3,2126007,42601,0.008000,3008.495000,2045.558000,2037.387000,7.371867,0
_home_max_Documents_PhD_MAPF_LNS_MAPF_LNS_SAT_mapf-map_room-64-64-8_map-_home_max_Documents_PhD_MAPF_LNS_MAPF_LNS_SAT_mapf-scen-even_scen-even_room-64-64-8-even-1_scen-agents200-idx0-seed42-1760996330710,0,29,607,0.187809,52,60,0,39,2,3,2428388,46336,0.010000,3318.923000,2476.625000,2466.446000,8.499117,0
_home_max_Documents_PhD_MAPF_LNS_MAPF_LNS_SAT_mapf-map_room-64-64-8_map-_home_max_Documents_PhD_MAPF_LNS_MAPF_LNS_SAT_mapf-scen-even_scen-even_room-64-64-8-even-1_scen-agents200-idx0-seed42-1760996330710,0,30,619,0.191522,52,61,0,40,2,3,2840701,51300,0.015000,4279.691000,2951.255000,2939.442000,9.885205,0
_home_max_Documents_PhD_MAPF_LNS_MAPF_LNS_SAT_mapf-map_room-64-64-8_map-_home_max_Documents_PhD_MAPF_LNS_MAPF_LNS_SAT_mapf-scen-even_scen-even_room-64-64-8-even-1_scen-agents200-idx0-seed42-1760996330710,0,31,631,0.195235,52,61,0,41,2,3,3234538,55995,0.010000,5496.906000,3709.968000,3696.446000,11.152735,0
_home_max_Documents_PhD_MAPF_LNS_MAPF_LNS_SAT_mapf-map_room-64-64-8_map-_home_max_Documents_PhD_MAPF_LNS_MAPF_LNS_SAT_mapf-scen-even_scen-even_room-64-64-8-even-1_scen-agents200-idx0-seed42-1760996330710,0,32,643,0.198948,52,62,0,42,2,3,3665268,60713,0.011000,7132.459000,4122.170000,4107.521000,12.675495,0
_home_max_Documents_PhD_MAPF_LNS_MAPF_LNS_SAT_mapf-map_room-64-64-8_map-_home_max_Documents_PhD_MAPF_LNS_MAPF_LNS_SAT_mapf-scen-even_scen-even_room-64-64-8-even-1_scen-agents200-idx0-seed42-1760996330710,0,33,657,0.203280,52,64,0,43,2,3,4141865,65655,0.011000,8320.599000,4524.634000,4508.569000,14.327276,0
_home_max_Documents_PhD_MAPF_LNS_MAPF_LNS_SAT_mapf-map_room-64-64-8_map-_home_max_Documents_PhD_MAPF_LNS_MAPF_LNS_SAT_mapf-scen-even_scen-even_room-64-64-8-even-1_scen-agents200-idx0-seed42-1760996330710,0,34,670,0.207302,52,64,0,44,2,3,4659985,70807,0.011000,10258.507000,5103.283000,5075.709000,15.896026,0
_home_max_Documents_PhD_MAPF_LNS_MAPF_LNS_SAT_mapf-map_room-64-64-8_map-_home_max_Documents_PhD_MAPF_LNS_MAPF_LNS_SAT_mapf-scen-even_scen-even_room-64-64-8-even-1_scen-agents200-idx0-seed42-1760996330710,0,35,686,0.212252,52,64,0,45,2,3,5235442,76632,0.012000,12525.971000,5760.441000,5728.349000,17.920216,0
_home_max_Documents_PhD_MAPF_LNS_MAPF_LNS_SAT_mapf-map_room-64-64-8_map-_home_max_Documents_PhD_MAPF_LNS_MAPF_LNS_SAT_mapf-scen-even_scen-even_room-64-64-8-even-1_scen-agents200-idx0-seed42-1760996330710,0,36,700,0.216584,52,66,0,46,2,3,5854248,82654,0.011000,12387.105000,6722.663000,6688.225000,19.831215,0
_home_max_Documents_PhD_MAPF_LNS_MAPF_LNS_SAT_mapf-map_room-64-64-8_map-_home_max_Documents_PhD_MAPF_LNS_MAPF_LNS_SAT_mapf-scen-even_scen-even_room-64-64-8-even-1_scen-agents200-idx0-seed42-1760996330710,0,37,713,0.220606,52,70,0,47,2,3,6520827,88784,0.017000,14948.618000,8163.641000,8124.357000,21.913201,0
_home_max_Documents_PhD_MAPF_LNS_MAPF_LNS_SAT_mapf-map_room-64-64-8_map-_home_max_Documents_PhD_MAPF_LNS_MAPF_LNS_SAT_mapf-scen-even_scen-even_room-64-64-8-even-1_scen-agents200-idx0-seed42-1760996330710,0,38,725,0.224319,52,72,0,48,2,3,7237403,95541,0.016000,15095.260000,8769.784000,8724.008000,25.757670,0
_home_max_Documents_PhD_MAPF_LNS_MAPF_LNS_SAT_mapf-map_room-64-64-8_map-_home_max_Documents_PhD_MAPF_LNS_MAPF_LNS_SAT_mapf-scen-even_scen-even_room-64-64-8-even-1_scen-agents200-idx0-seed42-1760996330710,0,39,736,0.227723,52,73,0,49,2,3,8004372,102641,0.012000,21386.333000,9550.731000,9501.963000,26.751496,0
_home_max_Documents_PhD_MAPF_LNS_MAPF_LNS_SAT_mapf-map_room-64-64-8_map-_home_max_Documents_PhD_MAPF_LNS_MAPF_LNS_SAT_mapf-scen-even_scen-even_room-64-64-8-even-1_scen-agents200-idx0-seed42-1760996330710,0,40,746,0.230817,52,77,0,50,2,3,8828512,109959,0.013000,26991.909000,10604.531000,10551.624000,29.410493,0
_home_max_Documents_PhD_MAPF_LNS_MAPF_LNS_SAT_mapf-map_room-64-64-8_map-_home_max_Documents_PhD_MAPF_LNS_MAPF_LNS_SAT_mapf-scen-even_scen-even_room-64-64-8-even-1_scen-agents200-idx0-seed42-1760996330710,0,41,755,0.233601,52,77,0,51,2,3,9713666,117740,0.012000,31657.967000,11486.129000,11427.834000,32.102897,0
_home_max_Documents_PhD_MAPF_LNS_MAPF_LNS_SAT_mapf-map_room-64-64-8_map-_home_max_Documents_PhD_MAPF_LNS_MAPF_LNS_SAT_mapf-scen-even_scen-even_room-64-64-8-even-1_scen-agents200-idx0-seed42-1760996330710,0,42,763,0.236077,52,78,0,52,2,3,10676129,125850,0.012000,38254.535000,12528.683000,12465.631000,35.612041,0
_home_max_Documents_PhD_MAPF_LNS_MAPF_LNS_SAT_mapf-map_room-64-64-16_map-_home_max_Documents_PhD_MAPF_LNS_MAPF_LNS_SAT_mapf-scen-even_scen-even_room-64-64-16-even-1_scen-agents10-idx0-seed42-1760996929804,0,0,5,0.001371,1,2,15,17,4,7,179,68,0.000000,0.062000,0.173000,0.145000,0.013642,0
_home_max_Documents_PhD_MAPF_LNS_MAPF_LNS_SAT_mapf-map_room-64-64-16_map-_home_max_Documents_PhD_MAPF_LNS_MAPF_LNS_SAT_mapf-scen-even_scen-even_room-64-64-16-even-1_scen-agents10-idx0-seed42-1760996929804,0,1,11,0.003017,1,2,14,18,2,4,53,27,0.000000,0.019000,0.068000,0.046000,0.004539,1
_home_max_Documents_PhD_MAPF_LNS_MAPF_LNS_SAT_mapf-map_room-64-64-16_map-_home_max_Documents_PhD_MAPF_LNS_MAPF_LNS_SAT_mapf-scen-even_scen-even_room-64-64-16-even-1_scen-agents10-idx0-seed42-1760996929804,0,0,5,0.001371,1,2,26,28,4,7,179,68,0.000000,0.062000,0.138000,0.114000,0.005358,0
_home_max_Documents_PhD_MAPF_LNS_MAPF_LNS_SAT_mapf-map_room-64-64-16_map-_home_max_Documents_PhD_MAPF_LNS_MAPF_LNS_SAT_mapf-scen-even_scen-even_room-64-64-16-even-1_scen-agents10-idx0-seed42-1760996929804,0,1,13,0.003566,1,2,25,29,1,1,36,18,0.000000,0.016000,0.032000,0.026000,0.002015,1
_home_max_Documents_PhD_MAPF_LNS_MAPF_LNS_SAT_mapf-map_room-64-64-16_map-_home_max_Documents_PhD_MAPF_LNS_MAPF_LNS_SAT_mapf-scen-even_scen-even_room-64-64-16-even-1_scen-agents10-idx0-seed42-1760996929804,0,0,5,0.001371,1,2,28,30,1,1,24,10,0.000000,0.009000,0.026000,0.021000,0.001528,1
_home_max_Documents_PhD_MAPF_LNS_MAPF_LNS_SAT_mapf-map_room-64-64-16_map-_home_max_Documents_PhD_MAPF_LNS_MAPF_LNS_SAT_mapf-scen-even_scen-even_room-64-64-16-even-1_scen-agents10-idx0-seed42-1760996929804,0,0,9,0.002468,1,2,32,34,3,6,120,44,0.000000,0.041000,0.110000,0.083000,0.006684,1
_home_max_Documents_PhD_MAPF_LNS_MAPF_LNS_SAT_mapf-map_room-64-64-16_map-_home_max_Documents_PhD_MAPF_LNS_MAPF_LNS_SAT_mapf-scen-even_scen-even_room-64-64-16-even-1_scen-agents10-idx0-seed42-1760996929804,0,0,5,0.001371,1,2,39,41,1,2,25,10,0.000000,0.010000,0.035000,0.024000,0.002017,1
_home_max_Documents_PhD_MAPF_LNS_MAPF_LNS_SAT_mapf-map_room-64-64-16_map-_home_max_Documents_PhD_MAPF_LNS_MAPF_LNS_SAT_mapf-scen-even_scen-even_room-64-64-16-even-1_scen-agents10-idx0-seed42-1760996929804,0,0,7,0.001920,1,2,56,58,1,1,12,7,0.000000,0.007000,0.020000,0.015000,0.000785,1
_home_max_Documents_PhD_MAPF_LNS_MAPF_LNS_SAT_mapf-map_room-64-64-16_map-_home_max_Documents_PhD_MAPF_LNS_MAPF_LNS_SAT_mapf-scen-even_scen-even_room-64-64-16-even-1_scen-agents10-idx0-seed42-1760996929804,0,0,5,0.001371,1,2,72,74,1,3,26,10,0.000000,0.010000,0.042000,0.027000,0.002218,1
_home_max_Documents_PhD_MAPF_LNS_MAPF_LNS_SAT_mapf-map_room-64-64-16_map-_home_max_Documents_PhD_MAPF_LNS_MAPF_LNS_SAT_mapf-scen-even_scen-even_room-64-64-16-even-1_scen-agents10-idx0-seed42-1760996929804,0,0,5,0.001371,1,2,123,125,1,2,25,10,0.000000,0.012000,0.034000,0.023000,0.001519,1
_home_max_Documents_PhD_MAPF_LNS_MAPF_LNS_SAT_mapf-map_room-64-64-16_map-_home_max_Documents_PhD_MAPF_LNS_MAPF_LNS_SAT_mapf-scen-even_scen-even_room-64-64-16-even-1_scen-agents10-idx0-seed42-1760996929804,0,0,5,0.001371,1,2,125,127,1,2,25,10,0.000000,0.012000,0.035000,0.025000,0.001482,1
_home_max_Documents_PhD_MAPF_LNS_MAPF_LNS_SAT_mapf-map_room-64-64-16_map-_home_max_Documents_PhD_MAPF_LNS_MAPF_LNS_SAT_mapf-scen-even_scen-even_room-64-64-16-even-1_scen-agents10-idx0-seed42-1760996929804,0,0,5,0.001371,1,2,136,138,1,1,24,10,0.000000,0.012000,0.024000,0.018000,0.001046,1
_home_max_Documents_PhD_MAPF_LNS_MAPF_LNS_SAT_mapf-map_room-64-64-16_map-_home_max_Documents_PhD_MAPF_LNS_MAPF_LNS_SAT_mapf-scen-even_scen-even_room-64-64-16-even-1_scen-agents10-idx1-seed42-1760996929909,0,0,8,0.002194,1,2,39,41,2,3,32,17,0.000000,0.016000,0.072000,0.055000,0.008981,1
_home_max_Documents_PhD_MAPF_LNS_MAPF_LNS_SAT_mapf-map_room-64-64-16_map-_home_max_Documents_PhD_MAPF_LNS_MAPF_LNS_SAT_mapf-scen-even_scen-even_room-64-64-16-even-1_scen-agents10-idx1-seed42-1760996929909,0,0,8,0.002194,1,3,43,45,2,4,37,20,0.000000,0.018000,0.060000,0.038000,0.003620,1
_home_max_Documents_PhD_MAPF_LNS_MAPF_LNS_SAT_mapf-map_room-64-64-16_map-_home_max_Documents_PhD_MAPF_LNS_MAPF_LNS_SAT_mapf-scen-even_scen-even_room-64-64-16-even-1_scen-agents10-idx1-seed42-1760996929909,0,0,19,0.005211,6,2,53,60,1,3,65,29,0.000000,0.028000,0.073000,0.048000,0.005881,1
_home_max_Documents_PhD_MAPF_LNS_MAPF_LNS_SAT_mapf-map_room-64-64-16_map-_home_max_Documents_PhD_MAPF_LNS_MAPF_LNS_SAT_mapf-scen-even_scen-even_room-64-64-16-even-1_scen-agents10-idx1-seed42-1760996929909,0,0,5,0.001371,1,2,63,65,2,3,28,15,0.000000,0.014000,0.040000,0.028000,0.002195,1
_home_max_Documents_PhD_MAPF_LNS_MAPF_LNS_SAT_mapf-map_room-64-64-16_map-_home_max_Documents_PhD_MAPF_LNS_MAPF_LNS_SAT_mapf-scen-even_scen-even_room-64-64-16-even-1_scen-agents10-idx2-seed42-1760996930008,0,0,9,0.002468,3,3,29,33,2,3,60,29,0.000000,0.026000,0.088000,0.065000,0.009328,1
_home_max_Documents_PhD_MAPF_LNS_MAPF_LNS_SAT_mapf-map_room-64-64-16_map-_home_max_Documents_PhD_MAPF_LNS_MAPF_LNS_SAT_mapf-scen-even_scen-even_room-64-64-16-even-1_scen-agents10-idx2-seed42-1760996930008,0,0,7,0.001920,2,3,62,65,4,10,323,115,0.000000,0.123000,0.277000,0.214000,0.031169,1
_home_max_Documents_PhD_MAPF_LNS_MAPF_LNS_SAT_mapf-map_room-64-64-16_map-_home_max_Documents_PhD_MAPF_LNS_MAPF_LNS_SAT_mapf-scen-even_scen-even_room-64-64-16-even-1_scen-agents10-idx3-seed42-1760996930110,0,0,7,0.001920,2,3,76,79,5,11,605,192,0.000000,0.225000,0.417000,0.355000,0.023013,0
_home_max_Documents_PhD_MAPF_LNS_MAPF_LNS_SAT_mapf-map_room-64-64-16_map-_home_max_Documents_PhD_MAPF_LNS_MAPF_LNS_SAT_mapf-scen-even_scen-even_room-64-64-16-even-1_scen-agents10-idx3-seed42-1760996930110,0,1,14,0.003840,2,3,75,80,3,7,240,95,0.000000,0.115000,0.205000,0.151000,0.015292,1
_home_max_Documents_PhD_MAPF_LNS_MAPF_LNS_SAT_mapf-map_room-64-64-16_map-_home_max_Documents_PhD_MAPF_LNS_MAPF_LNS_SAT_mapf-scen-even_scen-even_room-64-64-16-even-1_scen-agents10-idx4-seed42-1760996930210,0,0,9,0.002468,1,2,28,30,4,8,353,101,0.000000,0.108000,0.273000,0.233000,0.023181,1
_home_max_Documents_PhD_MAPF_LNS_MAPF_LNS_SAT_mapf-map_room-64-64-16_map-_home_max_Documents_PhD_MAPF_LNS_MAPF_LNS_SAT_mapf-scen-even_scen-even_room-64-64-16-even-1_scen-agents10-idx4-seed42-1760996930210,0,0,5,0.001371,1,2,46,48,2,3,28,15,0.000000,0.013000,0.042000,0.028000,0.002003,1
_home_max_Documents_PhD_MAPF_LNS_MAPF_LNS_SAT_mapf-map_room-64-64-16_map-_home_max_Documents_PhD_MAPF_LNS_MAPF_LNS_SAT_mapf-scen-even_scen-even_room-64-64-16-even-1_scen-agents10-idx4-seed42-1760996930210,0,0,8,0.002194,1,2,52,54,3,7,118,42,0.000000,0.040000,0.120000,0.088000,0.009198,1
_home_max_Documents_PhD_MAPF_LNS_MAPF_LNS_SAT_mapf-map_room-64-64-16_map-_home_max_Documents_PhD_MAPF_LNS_MAPF_LNS_SAT_mapf-scen-even_scen-even_room-64-64-16-even-1_scen-agents10-idx5-seed42-1760996930311,0,0,9,0.002468,1,2,79,81,3,7,122,45,0.000000,0.053000,0.156000,0.117000,0.016611,1
_home_max_Documents_PhD_MAPF_LNS_MAPF_LNS_SAT_mapf-map_room-64-64-16_map-_home_max_Documents_PhD_MAPF_LNS_MAPF_LNS_SAT_mapf-scen-even_scen-even_room-64-64-16-even-1_scen-agents10-idx5-seed42-1760996930311,0,0,8,0.002194,1,2,83,85,3,7,118,42,0.000000,0.047000,0.120000,0.090000,0.008888,1
_home_max_Documents_PhD_MAPF_LNS_MAPF_LNS_SAT_mapf-map_room-64-64-16_map-_home_max_Documents_PhD_MAPF_LNS_MAPF_LNS_SAT_mapf-scen-even_scen-even_room-64-64-16-even-1_scen-agents10-idx6-seed42-1760996930412,0,0,9,0.002468,1,2,36,38,3,7,121,44,0.000000,0.043000,0.171000,0.131000,0.018686,1
_home_max_Documents_PhD_MAPF_LNS_MAPF_LNS_SAT_mapf-map_room-64-64-16_map-_home_max_Documents_PhD_MAPF_LNS_MAPF_LNS_SAT_mapf-scen-even_scen-even_room-64-64-16-even-1_scen-agents10-idx6-seed42-1760996930412,0,0,8,0.002194,1,2,67,69,3,7,118,42,0.000000,0.044000,0.118000,0.086000,0.009035,1
_home_max_Documents_PhD_MAPF_LNS_MAPF_LNS_SAT_mapf-map_room-64-64-16_map-_home_max_Documents_PhD_MAPF_LNS_MAPF_LNS_SAT_mapf-scen-even_scen-even_room-64-64-16-even-1_scen-agents10-idx7-seed42-1760996930511,0,0,5,0.001371,1,2,34,36,4,8,170,66,0.000000,0.065000,0.194000,0.150000,0.018843,1
_home_max_Documents_PhD_MAPF_LNS_MAPF_LNS_SAT_mapf-map_room-64-64-16_map-_home_max_Documents_PhD_MAPF_LNS_MAPF_LNS_SAT_mapf-scen-even_scen-even_room-64-64-16-even-1_scen-agents10-idx7-seed42-1760996930511,0,0,5,0.001371,1,2,41,43,4,7,179,68,0.000000,0.065000,0.144000,0.117000,0.005461,0
_home_max_Documents_PhD_MAPF_LNS_MAPF_LNS_SAT_mapf-map_room-64-64-16_map-_home_max_Documents_PhD_MAPF_LNS_MAPF_LNS_SAT_mapf-scen-even_scen-even_room-64-64-16-even-1_scen-agents10-idx7-seed42-1760996930511,0,1,13,0.003566,1,2,40,44,3,6,178,62,0.000000,0.057000,0.152000,0.122000,0.013583,1
_home_max_Documents_PhD_MAPF_LNS_MAPF_LNS_SAT_mapf-map_room-64-64-16_map-_home_max_Documents_PhD_MAPF_LNS_MAPF_LNS_SAT_mapf-scen-even_scen-even_room-64-64-16-even-1_scen-agents10-idx8-seed42-1760996930613,0,0,5,0.001371,1,2,25,27,4,7,179,68,0.000000,0.061000,0.178000,0.149000,0.013004,0
_home_max_Documents_PhD_MAPF_LNS_MAPF_LNS_SAT_mapf-map_room-64-64-16_map-_home_max_Documents_PhD_MAPF_LNS_MAPF_LNS_SAT_mapf-scen-even_scen-even_room-64-64-16-even-1_scen-agents10-idx8-seed42-1760996930613,0,1,11,0.003017,1,2,24,28,5,10,1062,247,0.000000,0.294000,0.576000,0.529000,0.037925,0
_home_max_Documents_PhD_MAPF_LNS_MAPF_LNS_SAT_mapf-map_room-64-64-16_map-_home_max_Documents_PhD_MAPF_LNS_MAPF_LNS_SAT_mapf-scen-even_scen-even_room-64-64-16-even-1_scen-agents10-idx8-seed42-1760996930613,0,2,21,0.005760,1,2,23,29,4,9,1001,207,0.000000,0.263000,0.556000,0.496000,0.052727,1
_home_max_Documents_PhD_MAPF_LNS_MAPF_LNS_SAT_mapf-map_room-64-64-16_map-_home_max_Documents_PhD_MAPF_LNS_MAPF_LNS_SAT_mapf-scen-even_scen-even_room-64-64-16-even-1_scen-agents10-idx8-seed42-1760996930613,0,0,4,0.001097,1,2,50,52,4,7,145,62,0.000000,0.062000,0.125000,0.100000,0.005643,0
_home_max_Documents_PhD_MAPF_LNS_MAPF_LNS_SAT_mapf-map_room-64-64-16_map-_home_max_Documents_PhD_MAPF_LNS_MAPF_LNS_SAT_mapf-scen-even_scen-even_room-64-64-16-even-1_scen-agents10-idx8-seed42-1760996930613,0,1,9,0.002468,1,2,49,53,1,2,23,12,0.000000,0.011000,0.034000,0.022000,0.001439,1
_home_max_Documents_PhD_MAPF_LNS_MAPF_LNS_SAT_mapf-map_room-64-64-16_map-_home_max_Documents_PhD_MAPF_LNS_MAPF_LNS_SAT_mapf-scen-even_scen-even_room-64-64-16-even-1_scen-agents10-idx8-seed42-1760996930613,0,0,7,0.001920,1,2,66,68,3,7,83,36,0.000000,0.034000,0.104000,0.072000,0.007482,1
_home_max_Documents_PhD_MAPF_LNS_MAPF_LNS_SAT_mapf-map_room-64-64-16_map-_home_max_Documents_PhD_MAPF_LNS_MAPF_LNS_SAT_mapf-scen-even_scen-even_room-64-64-16-even-1_scen-agents10-idx8-seed42-1760996930613,0,0,5,0.001371,1,2,84,86,1,3,26,10,0.000000,0.011000,0.045000,0.028000,0.002477,1
_home_max_Documents_PhD_MAPF_LNS_MAPF_LNS_SAT_mapf-map_room-64-64-16_map-_home_max_Documents_PhD_MAPF_LNS_MAPF_LNS_SAT_mapf-scen-even_scen-even_room-64-64-16-even-1_scen-agents10-idx8-seed42-1760996930613,0,0,5,0.001371,1,2,118,120,1,1,24,10,0.000000,0.012000,0.025000,0.020000,0.001319,1
_home_max_Documents_PhD_MAPF_LNS_MAPF_LNS_SAT_mapf-map_room-64-64-16_map-_home_max_Documents_PhD_MAPF_LNS_MAPF_LNS_SAT_mapf-scen-even_scen-even_room-64-64-16-even-1_scen-agents10-idx8-seed42-1760996930613,0,0,5,0.001371,1,2,126,128,1,2,25,10,0.000000,0.013000,0.034000,0.023000,0.001657,1
_home_max_Documents_PhD_MAPF_LNS_MAPF_LNS_SAT_mapf-map_room-64-64-16_map-_home_max_Documents_PhD_MAPF_LNS_MAPF_LNS_SAT_mapf-scen-even_scen-even_room-64-64-16-even-1_scen-agents10-idx9-seed42-1760996930716,0,0,5,0.001371,1,2,55,57,4,7,179,68,0.000000,0.072000,0.166000,0.137000,0.012474,0
_home_max_Documents_PhD_MAPF_LNS_MAPF_LNS_SAT_mapf-map_room-64-64-16_map-_home_max_Documents_PhD_MAPF_LNS_MAPF_LNS_SAT_mapf-scen-even_scen-even_room-64-64-16-even-1_scen-agents10-idx9-seed42-1760996930716,0,1,13,0.003566,1,2,54,58,3,6,178,62,0.000000,0.067000,0.153000,0.121000,0.014286,1
_home_max_Documents_PhD_MAPF_LNS_MAPF_LNS_SAT_mapf-map_room-64-64-16_map-_home_max_Documents_PhD_MAPF_LNS_MAPF_LNS_SAT_mapf-scen-even_scen-even_room-64-64-16-even-1_scen-agents10-idx9-seed42-1760996930716,0,0,8,0.002194,1,2,67,69,3,7,119,43,0.000000,0.045000,0.125000,0.090000,0.009477,1
_home_max_Documents_PhD_MAPF_LNS_MAPF_LNS_SAT_mapf-map_room-64-64-16_map-_home_max_Documents_PhD_MAPF_LNS_MAPF_LNS_SAT_mapf-scen-even_scen-even_room-64-64-16-even-1_scen-agents10-idx9-seed42-1760996930716,0,0,8,0.002194,1,2,71,73,3,7,118,42,0.000000,0.045000,0.123000,0.091000,0.009201,1
_home_max_Documents_PhD_MAPF_LNS_MAPF_LNS_SAT_mapf-map_room-64-64-16_map-_home_max_Documents_PhD_MAPF_LNS_MAPF_LNS_SAT_mapf-scen-even_scen-even_room-64-64-16-even-1_scen-agents10-idx9-seed42-1760996930716,0,0,5,0.001371,1,2,77,79,1,1,24,10,0.000000,0.010000,0.025000,0.020000,0.001489,1
_home_max_Documents_PhD_MAPF_LNS_MAPF_LNS_SAT_mapf-map_room-64-64-16_map-_home_max_Documents_PhD_MAPF_LNS_MAPF_LNS_SAT_mapf-scen-even_scen-even_room-64-64-16-even-1_scen-agents10-idx9-seed42-1760996930716,0,0,5,0.001371,1,2,82,84,1,1,24,10,0.000000,0.010000,0.024000,0.018000,0.001141,1
_home_max_Documents_PhD_MAPF_LNS_MAPF_LNS_SAT_mapf-map_room-64-64-16_map-_home_max_Documents_PhD_MAPF_LNS_MAPF_LNS_SAT_mapf-scen-even_scen-even_room-64-64-16-even-1_scen-agents10-idx9-seed42-1760996930716,0,0,9,0.002468,1,3,84,86,3,5,153,64,0.000000,0.079000,0.127000,0.101000,0.007386,1
_home_max_Documents_PhD_MAPF_LNS_MAPF_LNS_SAT_mapf-map_room-64-64-16_map-_home_max_Documents_PhD_MAPF_LNS_MAPF_LNS_SAT_mapf-scen-even_scen-even_room-64-64-16-even-1_scen-agents10-idx9-seed42-1760996930716,0,0,5,0.001371,1,2,90,92,1,1,24,10,0.000000,0.010000,0.025000,0.020000,0.001447,1
_home_max_Documents_PhD_MAPF_LNS_MAPF_LNS_SAT_mapf-map_room-64-64-16_map-_home_max_Documents_PhD_MAPF_LNS_MAPF_LNS_SAT_mapf-scen-even_scen-even_room-64-64-16-even-1_scen-agents10-idx10-seed42-1760996930813,0,0,5,0.001371,1,2,26,28,4,7,179,68,0.000000,0.111000,0.305000,0.253000,0.020528,0
_home_max_Documents_PhD_MAPF_LNS_MAPF_LNS_SAT_mapf-map_room-64-64-16_map-_home_max_Documents_PhD_MAPF_LNS_MAPF_LNS_SAT_mapf-scen-even_scen-even_room-64-64-16-even-1_scen-agents10-idx10-seed42-1760996930813,0,1,13,0.003566,1,2,25,29,1,1,20,11,0.000000,0.015000,0.038000,0.027000,0.001828,1
_home_max_Documents_PhD_MAPF_LNS_MAPF_LNS_SAT_mapf-map_room-64-64-16_map-_home_max_Documents_PhD_MAPF_LNS_MAPF_LNS_SAT_mapf-scen-even_scen-even_room-64-64-16-even-1_scen-agents10-idx10-seed42-1760996930813,0,0,5,0.001371,1,2,81,83,1,1,24,10,0.000000,0.018000,0.044000,0.034000,0.002900,1
_home_max_Documents_PhD_MAPF_LNS_MAPF_LNS_SAT_mapf-map_room-64-64-16_map-_home_max_Documents_PhD_MAPF_LNS_MAPF_LNS_SAT_mapf-scen-even_scen-even_room-64-64-16-even-1_scen-agents10-idx10-seed42-1760996930813,0,0,4,0.001097,1,2,114,116,1,2,20,9,0.000000,0.012000,0.052000,0.034000,0.006713,1
_home_max_Documents_PhD_MAPF_LNS_MAPF_LNS_SAT_mapf-map_room-64-64-16_map-_home_max_Documents_PhD_MAPF_LNS_MAPF_LNS_SAT_mapf-scen-even_scen-even_room-64-64-16-even-1_scen-agents10-idx11-seed42-1760996930913,0,0,5,0.001371,1,2,46,48,4,7,179,68,0.000000,0.071000,0.190000,0.163000,0.012455,0
_home_max_Documents_PhD_MAPF_LNS_MAPF_LNS_SAT_mapf-map_room-64-64-16_map-_home_max_Documents_PhD_MAPF_LNS_MAPF_LNS_SAT_mapf-scen-even_scen-even_room-64-64-16-even-1_scen-agents10-idx11-seed42-1760996930913,0,1,11,0.003017,1,2,45,49,5,10,1000,228,0.000000,0.300000,0.568000,0.525000,0.035152,0
_home_max_Documents_PhD_MAPF_LNS_MAPF_LNS_SAT_mapf-map_room-64-64-16_map-_home_max_Documents_PhD_MAPF_LNS_MAPF_LNS_SAT_mapf-scen-even_scen-even_room-64-64-16-even-1_scen-agents10-idx11-seed42-1760996930913,0,2,22,0.006034,1,2,44,50,4,9,887,185,0.000000,0.303000,0.573000,0.497000,0.040584,1
_home_max_Documents_PhD_MAPF_LNS_MAPF_LNS_SAT_mapf-map_room-64-64-16_map-_home_max_Documents_PhD_MAPF_LNS_MAPF_LNS_SAT_mapf-scen-even_scen-even_room-64-64-16-even-1_scen-agents10-idx11-seed42-1760996930913,0,0,7,0.001920,1,2,70,72,3,7,86,38,0.000000,0.042000,0.115000,0.081000,0.011258,1
_home_max_Documents_PhD_MAPF_LNS_MAPF_LNS_SAT_mapf-map_room-64-64-16_map-_home_max_Documents_PhD_MAPF_LNS_MAPF_LNS_SAT_mapf-scen-even_scen-even_room-64-64-16-even-1_scen-agents10-idx11-seed42-1760996930913,0,0,7,0.001920,1,2,74,76,4,9,259,87,0.000000,0.089000,0.213000,0.172000,0.015671,1
_home_max_Documents_PhD_MAPF_LNS_MAPF_LNS_SAT_mapf-map_room-64-64-16_map-_home_max_Documents_PhD_MAPF_LNS_MAPF_LNS_SAT_mapf-scen-even_scen-even_room-64-64-16-even-1_scen-agents10-idx11-seed42-1760996930913,0,0,5,0.001371,1,2,81,83,1,2,25,10,0.000000,0.011000,0.038000,0.026000,0.002023,1
_home_max_Documents_PhD_MAPF_LNS_MAPF_LNS_SAT_mapf-map_room-64-64-16_map-_home_max_Documents_PhD_MAPF_LNS_MAPF_LNS_SAT_mapf-scen-even_scen-even_room-64-64-16-even-1_scen-agents10-idx12-seed42-1760996931013,0,0,21,0.005760,8,4,10,19,2,3,227,104,0.000000,0.098000,0.208000,0.165000,0.025687,1
_home_max_Documents_PhD_MAPF_LNS_MAPF_LNS_SAT_mapf-map_room-64-64-16_map-_home_max_Documents_PhD_MAPF_LNS_MAPF_LNS_SAT_mapf-scen-even_scen-even_room-64-64-16-even-1_scen-agents10-idx12-seed42-1760996931013,0,0,7,0.001920,3,4,53,56,4,7,482,166,0.000000,0.224000,0.330000,0.277000,0.013325,0
_home_max_Documents_PhD_MAPF_LNS_MAPF_LNS_SAT_mapf-map_room-64-64-16_map-_home_max_Documents_PhD_MAPF_LNS_MAPF_LNS_SAT_mapf-scen-even_scen-even_room-64-64-16-even-1_scen-agents10-idx12-seed42-1760996931013,0,1,14,0.003840,3,5,52,57,2,5,132,68,0.000000,0.096000,0.176000,0.113000,0.014403,1
_home_max_Documents_PhD_MAPF_LNS_MAPF_LNS_SAT_mapf-map_room-64-64-16_map-_home_max_Documents_PhD_MAPF_LNS_MAPF_LNS_SAT_mapf-scen-even_scen-even_room-64-64-16-even-1_scen-agents10-idx12-seed42-1760996931013,0,0,8,0.002194,2,5,58,61,1,2,26,15,0.000000,0.026000,0.056000,0.033000,0.002110,1
_home_max_Documents_PhD_MAPF_LNS_MAPF_LNS_SAT_mapf-map_room-64-64-16_map-_home_max_Documents_PhD_MAPF_LNS_MAPF_LNS_SAT_mapf-scen-even_scen-even_room-64-64-16-even-1_scen-agents10-idx13-seed42-1760996931114,0,0,5,0.001371,1,2,66,68,4,7,182,70,0.000000,0.076000,0.176000,0.146000,0.013144,0
_home_max_Documents_PhD_MAPF_LNS_MAPF_LNS_SAT_mapf-map_room-64-64-16_map-_home_max_Documents_PhD_MAPF_LNS_MAPF_LNS_SAT_mapf-scen-even_scen-even_room-64-64-16-even-1_scen-agents10-idx13-seed42-1760996931114,0,1,11,0.003017,1,2,65,69,5,10,1060,244,0.000000,0.339000,0.570000,0.522000,0.035632,0
_home_max_Documents_PhD_MAPF_LNS_MAPF_LNS_SAT_mapf-map_room-64-64-16_map-_home_max_Documents_PhD_MAPF_LNS_MAPF_LNS_SAT_mapf-scen-even_scen-even_room-64-64-16-even-1_scen-agents10-idx13-seed42-1760996931114,0,2,22,0.006034,1,2,64,70,4,9,1201,231,0.000000,0.343000,0.626000,0.559000,0.040399,1
_home_max_Documents_PhD_MAPF_LNS_MAPF_LNS_SAT_mapf-map_room-64-64-16_map-_home_max_Documents_PhD_MAPF_LNS_MAPF_LNS_SAT_mapf-scen-even_scen-even_room-64-64-16-even-1_scen-agents10-idx13-seed42-1760996931114,0,0,6,0.001646,1,2,67,69,1,1,12,7,0.000000,0.008000,0.020000,0.013000,0.000869,1
_home_max_Documents_PhD_MAPF_LNS_MAPF_LNS_SAT_mapf-map_room-64-64-16_map-_home_max_Documents_PhD_MAPF_LNS_MAPF_LNS_SAT_mapf-scen-even_scen-even_room-64-64-16-even-1_scen-agents10-idx14-seed42-1760996931218,0,0,9,0.002468,1,2,78,80,3,7,121,44,0.000000,0.052000,0.165000,0.127000,0.017931,1
_home_max_Documents_PhD_MAPF_LNS_MAPF_LNS_SAT_mapf-map_room-64-64-16_map-_home_max_Documents_PhD_MAPF_LNS_MAPF_LNS_SAT_mapf-scen-even_scen-even_room-64-64-16-even-1_scen-agents10-idx14-seed42-1760996931218,0,0,5,0.001371,1,2,121,123,1,3,26,10,0.000000,0.015000,0.044000,0.028000,0.002579,1
_home_max_Documents_PhD_MAPF_LNS_MAPF_LNS_SAT_mapf-map_room-64-64-16_map-_home_max_Documents_PhD_MAPF_LNS_MAPF_LNS_SAT_mapf-scen-even_scen-even_room-64-64-16-even-1_scen-agents10-idx15-seed42-1760996931320,0,0,9,0.002468,1,2,84,86,3,6,120,44,0.000000,0.053000,0.156000,0.122000,0.013714,1
_home_max_Documents_PhD_MAPF_LNS_MAPF_LNS_SAT_mapf-map_room-64-64-16_map-_home_max_Documents_PhD_MAPF_LNS_MAPF_LNS_SAT_mapf-scen-even_scen-even_room-64-64-16-even-1_scen-agents10-idx16-seed42-1760996931421,0,0,5,0.001371,1,2,20,22,4,7,179,68,0.000000,0.063000,0.183000,0.153000,0.013675,0
_home_max_Documents_PhD_MAPF_LNS_MAPF_LNS_SAT_mapf-map_room-64-64-16_map-_home_max_Documents_PhD_MAPF_LNS_MAPF_LNS_SAT_mapf-scen-even_scen-even_room-64-64-16-even-1_scen-agents10-idx16-seed42-1760996931421,0,1,11,0.003017,1,2,19,23,3,6,154,58,0.000000,0.049000,0.144000,0.107000,0.014313,1
_home_max_Documents_PhD_MAPF_LNS_MAPF_LNS_SAT_mapf-map_room-64-64-16_map-_home_max_Documents_PhD_MAPF_LNS_MAPF_LNS_SAT_mapf-scen-even_scen-even_room-64-64-16-even-1_scen-agents10-idx16-seed42-1760996931421,0,0,5,0.001371,1,2,33,35,4,7,179,68,0.000000,0.062000,0.140000,0.114000,0.005476,0
_home_max_Documents_PhD_MAPF_LNS_MAPF_LNS_SAT_mapf-map_room-64-64-16_map-_home_max_Documents_PhD_MAPF_LNS_MAPF_LNS_SAT_mapf-scen-even_scen-even_room-64-64-16-even-1_scen-agents10-idx16-seed42-1760996931421,0,1,11,0.003017,1,2,32,36,2,3,52,27,0.000000,0.022000,0.053000,0.038000,0.003488,1
_home_max_Documents_PhD_MAPF_LNS_MAPF_LNS_SAT_mapf-map_room-64-64-16_map-_home_max_Documents_PhD_MAPF_LNS_MAPF_LNS_SAT_mapf-scen-even_scen-even_room-64-64-16-even-1_scen-agents10-idx16-seed42-1760996931421,0,0,9,0.002468,1,2,39,41,4,9,354,101,0.000000,0.102000,0.254000,0.210000,0.019095,1
_home_max_Documents_PhD_MAPF_LNS_MAPF_LNS_SAT_mapf-map_room-64-64-16_map-_home_max_Documents_PhD_MAPF_LNS_MAPF_LNS_SAT_mapf-scen-even_scen-even_room-64-64-16-even-1_scen-agents10-idx16-seed42-1760996931421,0,0,5,0.001371,1,2,51,53,2,3,28,15,0.000000,0.014000,0.039000,0.027000,0.002031,1
_home_max_Documents_PhD_MAPF_LNS_MAPF_LNS_SAT_mapf-map_room-64-64-16_map-_home_max_Documents_PhD_MAPF_LNS_MAPF_LNS_SAT_mapf-scen-even_scen-even_room-64-64-16-even-1_scen-agents10-idx16-seed42-1760996931421,0,0,5,0.001371,1,2,54,56,4,7,179,68,0.000000,0.065000,0.138000,0.116000,0.005055,0
_home_max_Documents_PhD_MAPF_LNS_MAPF_LNS_SAT_mapf-map_room-64-64-16_map-_home_max_Documents_PhD_MAPF_LNS_MAPF_LNS_SAT_mapf-scen-even_scen-even_room-64-64-16-even-1_scen-agents10-idx16-seed42-1760996931421,0,1,11,0.003017,1,2,53,57,5,10,1000,228,0.000000,0.305000,0.537000,0.497000,0.031058,0
_home_max_Documents_PhD_MAPF_LNS_MAPF_LNS_SAT_mapf-map_room-64-64-16_map-_home_max_Documents_PhD_MAPF_LNS_MAPF_LNS_SAT_mapf-scen-even_scen-even_room-64-64-16-even-1_scen-agents10-idx16-seed42-1760996931421,0,2,21,0.005760,1,3,52,58,4,9,878,192,0.000000,0.282000,0.484000,0.425000,0.035724,1
_home_max_Documents_PhD_MAPF_LNS_MAPF_LNS_SAT_mapf-map_room-64-64-16_map-_home_max_Documents_PhD_MAPF_LNS_MAPF_LNS_SAT_mapf-scen-even_scen-even_room-64-64-16-even-1_scen-agents10-idx16-seed42-1760996931421,0,0,5,0.001371,1,2,105,107,1,3,26,10,0.000000,0.012000,0.046000,0.029000,0.002370,1
_home_max_Documents_PhD_MAPF_LNS_MAPF_LNS_SAT_mapf-map_room-64-64-16_map-_home_max_Documents_PhD_MAPF_LNS_MAPF_LNS_SAT_mapf-scen-even_scen-even_room-64-64-16-even-1_scen-agents10-idx16-seed42-1760996931421,0,0,5,0.001371,1,2,127,129,1,2,25,10,0.000000,0.013000,0.035000,0.024000,0.001726,1
_home_max_Documents_PhD_MAPF_LNS_MAPF_LNS_SAT_mapf-map_room-64-64-16_map-_home_max_Documents_PhD_MAPF_LNS_MAPF_LNS_SAT_mapf-scen-even_scen-even_room-64-64-16-even-1_scen-agents10-idx17-seed42-1760996931518,0,0,9,0.002468,1,2,27,29,3,5,92,38,0.000000,0.036000,0.127000,0.101000,0.012271,1
_home_max_Documents_PhD_MAPF_LNS_MAPF_LNS_SAT_mapf-map_room-64-64-16_map-_home_max_Documents_PhD_MAPF_LNS_MAPF_LNS_SAT_mapf-scen-even_scen-even_room-64-64-16-even-1_scen-agents10-idx17-seed42-1760996931518,0,0,11,0.003017,3,4,39,42,3,7,223,80,0.000000,0.093000,0.192000,0.138000,0.012160,1
_home_max_Documents_PhD_MAPF_LNS_MAPF_LNS_SAT_mapf-map_room-64-64-16_map-_home_max_Documents_PhD_MAPF_LNS_MAPF_LNS_SAT_mapf-scen-even_scen-even_room-64-64-16-even-1_scen-agents10-idx17-seed42-1760996931518,0,0,10,0.002743,3,4,72,75,5,13,2488,573,0.000000,0.788000,1.334000,1.216000,0.131988,0
_home_max_Documents_PhD_MAPF_LNS_MAPF_LNS_SAT_mapf-map_room-64-64-16_map-_home_max_Documents_PhD_MAPF_LNS_MAPF_LNS_SAT_mapf-scen-even_scen-even_room-64-64-16-even-1_scen-agents10-idx17-seed42-1760996931518,0,1,17,0.004663,3,4,71,76,4,10,1577,382,0.000000,0.531000,0.849000,0.752000,0.069009,1
_home_max_Documents_PhD_MAPF_LNS_MAPF_LNS_SAT_mapf-map_room-64-64-16_map-_home_max_Documents_PhD_MAPF_LNS_MAPF_LNS_SAT_mapf-scen-even_scen-even_room-64-64-16-even-1_scen-agents10-idx17-seed42-1760996931518,0,0,8,0.002194,1,3,92,94,2,4,33,18,0.000000,0.026000,0.049000,0.031000,0.001656,0
_home_max_Documents_PhD_MAPF_LNS_MAPF_LNS_SAT_mapf-map_room-64-64-16_map-_home_max_Documents_PhD_MAPF_LNS_MAPF_LNS_SAT_mapf-scen-even_scen-even_room-64-64-16-even-1_scen-agents10-idx17-seed42-1760996931518,0,1,16,0.004388,1,3,91,95,2,4,73,38,0.000000,0.050000,0.073000,0.051000,0.003835,0
_home_max_Documents_PhD_MAPF_LNS_MAPF_LNS_SAT_mapf-map_room-64-64-16_map-_home_max_Documents_PhD_MAPF_LNS_MAPF_LNS_SAT_mapf-scen-even_scen-even_room-64-64-16-even-1_scen-agents10-idx17-seed42-1760996931518,0,2,29,0.007954,1,4,90,96,2,4,266,106,0.000000,0.151000,0.180000,0.152000,0.010838,0
_home_max_Documents_PhD_MAPF_LNS_MAPF_LNS_SAT_mapf-map_room-64-64-16_map-_home_max_Documents_PhD_MAPF_LNS_MAPF_LNS_SAT_mapf-scen-even_scen-even_room-64-64-16-even-1_scen-agents10-idx17-seed42-1760996931518,0,3,45,0.012342,1,4,89,97,2,4,951,211,0.000000,0.344000,0.469000,0.430000,0.023362,0
_home_max_Documents_PhD_MAPF_LNS_MAPF_LNS_SAT_mapf-map_room-64-64-16_map-_home_max_Documents_PhD_MAPF_LNS_MAPF_LNS_SAT_mapf-scen-even_scen-even_room-64-64-16-even-1_scen-agents10-idx17-seed42-1760996931518,0,4,63,0.017279,1,4,88,98,2,4,3058,385,0.000000,0.806000,1.265000,1.195000,0.062999,1
_home_max_Documents_PhD_MAPF_LNS_MAPF_LNS_SAT_mapf-map_room-64-64-16_map-_home_max_Documents_PhD_MAPF_LNS_MAPF_LNS_SAT_mapf-scen-even_scen-even_room-64-64-16-even-1_scen-agents10-idx17-seed42-1760996931518,0,0,5,0.001371,1,2,112,114,1,2,25,10,0.000000,0.015000,0.047000,0.032000,0.003445,1
_home_max_Documents_PhD_MAPF_LNS_MAPF_LNS_SAT_mapf-map_room-64-64-16_map-_home_max_Documents_PhD_MAPF_LNS_MAPF_LNS_SAT_mapf-scen-even_scen-even_room-64-64-16-even-1_scen-agents10-idx17-seed42-1760996931518,0,0,5,0.001371,1,3,142,144,1,2,26,11,0.000000,0.017000,0.037000,0.025000,0.001753,1
_home_max_Documents_PhD_MAPF_LNS_MAPF_LNS_SAT_mapf-map_room-64-64-16_map-_home_max_Documents_PhD_MAPF_LNS_MAPF_LNS_SAT_mapf-scen-even_scen-even_room-64-64-16-even-1_scen-agents10-idx17-seed42-1760996931518,0,0,5,0.001371,1,3,144,146,1,2,26,11,0.000000,0.017000,0.034000,0.023000,0.001571,1
_home_max_Documents_PhD_MAPF_LNS_MAPF_LNS_SAT_mapf-map_room-64-64-16_map-_home_max_Documents_PhD_MAPF_LNS_MAPF_LNS_SAT_mapf-scen-even_scen-even_room-64-64-16-even-1_scen-agents10-idx18-seed42-1760996931618,0,0,8,0.002194,1,2,67,69,3,7,118,42,0.000000,0.048000,0.157000,0.119000,0.016822,1
_home_max_Documents_PhD_MAPF_LNS_MAPF_LNS_SAT_mapf-map_room-64-64-16_map-_home_max_Documents_PhD_MAPF_LNS_MAPF_LNS_SAT_mapf-scen-even_scen-even_room-64-64-16-even-1_scen-agents10-idx18-seed42-1760996931618,0,0,5,0.001371,1,2,153,155,1,1,24,10,0.000000,0.013000,0.026000,0.021000,0.001672,1
_home_max_Documents_PhD_MAPF_LNS_MAPF_LNS_SAT_mapf-map_room-64-64-16_map-_home_max_Documents_PhD_MAPF_LNS_MAPF_LNS_SAT_mapf-scen-even_scen-even_room-64-64-16-even-1_scen-agents10-idx19-seed42-1760996931723,0,0,5,0.001371,1,2,63,65,1,1,24,10,0.000000,0.012000,0.055000,0.047000,0.008312,1
_home_max_Documents_PhD_MAPF_LNS_MAPF_LNS_SAT_mapf-map_room-64-64-16_map-_home_max_Documents_PhD_MAPF_LNS_MAPF_LNS_SAT_mapf-scen-even_scen-even_room-64-64-16-even-1_scen-agents10-idx19-seed42-1760996931723,0,0,5,0.001371,1,2,67,69,4,7,179,68,0.000000,0.076000,0.146000,0.118000,0.006262,0
_home_max_Documents_PhD_MAPF_LNS_MAPF_LNS_SAT_mapf-map_room-64-64-16_map-_home_max_Documents_PhD_MAPF_LNS_MAPF_LNS_SAT_mapf-scen-even_scen-even_room-64-64-16-even-1_scen-agents10-idx19-seed42-1760996931723,0,1,13,0.003566,1,2,66,70,3,6,178,62,0.000000,0.069000,0.151000,0.120000,0.013881,1
_home_max_Documents_PhD_MAPF_LNS_MAPF_LNS_SAT_mapf-map_room-64-64-16_map-_home_max_Documents_PhD_MAPF_LNS_MAPF_LNS_SAT_mapf-scen-even_scen-even_room-64-64-16-even-1_scen-agents10-idx19-seed42-1760996931723,0,0,5,0.001371,1,2,80,82,4,7,187,72,0.000000,0.084000,0.146000,0.120000,0.005797,0
_home_max_Documents_PhD_MAPF_LNS_MAPF_LNS_SAT_mapf-map_room-64-64-16_map-_home_max_Documents_PhD_MAPF_LNS_MAPF_LNS_SAT_mapf-scen-even_scen-even_room-64-64-16-even-1_scen-agents10-idx19-seed42-1760996931723,0,1,13,0.003566,1,2,79,83,4,9,606,147,0.000000,0.214000,0.370000,0.317000,0.027792,1
_home_max_Documents_PhD_MAPF_LNS_MAPF_LNS_SAT_mapf-map_room-64-64-16_map-_home_max_Documents_PhD_MAPF_LNS_MAPF_LNS_SAT_mapf-scen-even_scen-even_room-64-64-16-even-1_scen-agents10-idx19-seed42-1760996931723,0,0,5,0.001371,1,2,83,85,1,1,24,10,0.000000,0.011000,0.028000,0.022000,0.001557,1
_home_max_Documents_PhD_MAPF_LNS_MAPF_LNS_SAT_mapf-map_room-64-64-16_map-_home_max_Documents_PhD_MAPF_LNS_MAPF_LNS_SAT_mapf-scen-even_scen-even_room-64-64-16-even-1_scen-agents10-idx20-seed42-1760996931822,0,0,15,0.004114,5,2,13,19,2,3,86,39,0.000000,0.040000,0.104000,0.081000,0.010971,1
_home_max_Documents_PhD_MAPF_LNS_MAPF_LNS_SAT_mapf-map_room-64-64-16_map-_home_max_Documents_PhD_MAPF_LNS_MAPF_LNS_SAT_mapf-scen-even_scen-even_room-64-64-16-even-1_scen-agents10-idx20-seed42-1760996931822,0,0,9,0.002468,1,2,30,32,3,6,120,44,0.000000,0.041000,0.117000,0.087000,0.008578,1
_home_max_Documents_PhD_MAPF_LNS_MAPF_LNS_SAT_mapf-map_room-64-64-16_map-_home_max_Documents_PhD_MAPF_LNS_MAPF_LNS_SAT_mapf-scen-even_scen-even_room-64-64-16-even-1_scen-agents10-idx20-seed42-1760996931822,0,0,5,0.001371,1,2,47,49,1,1,24,10,0.000000,0.009000,0.026000,0.020000,0.001448,1
_home_max_Documents_PhD_MAPF_LNS_MAPF_LNS_SAT_mapf-map_room-64-64-16_map-_home_max_Documents_PhD_MAPF_LNS_MAPF_LNS_SAT_mapf-scen-even_scen-even_room-64-64-16-even-1_scen-agents10-idx20-seed42-1760996931822,0,0,5,0.001371,1,2,67,69,1,1,24,10,0.000000,0.009000,0.024000,0.019000,0.001297,1
_home_max_Documents_PhD_MAPF_LNS_MAPF_LNS_SAT_mapf-map_room-64-64-16_map-_home_max_Documents_PhD_MAPF_LNS_MAPF_LNS_SAT_mapf-scen-even_scen-even_room-64-64-16-even-1_scen-agents10-idx21-seed42-1760996931922,0,0,77,0.021119,27,5,6,34,3,5,2289,795,0.000000,0.888000,1.119000,1.006000,0.057437,1
_home_max_Documents_PhD_MAPF_LNS_MAPF_LNS_SAT_mapf-map_room-64-64-16_map-_home_max_Documents_PhD_MAPF_LNS_MAPF_LNS_SAT_mapf-scen-even_scen-even_room-64-64-16-even-1_scen-agents10-idx21-seed42-1760996931922,0,0,8,0.002194,2,2,14,17,2,3,48,24,0.000000,0.017000,0.058000,0.042000,0.003178,1
_home_max_Documents_PhD_MAPF_LNS_MAPF_LNS_SAT_mapf-map_room-64-64-16_map-_home_max_Documents_PhD_MAPF_LNS_MAPF_LNS_SAT_mapf-scen-even_scen-even_room-64-64-16-even-1_scen-agents10-idx22-seed42-1760996932020,0,0,4,0.001097,1,2,84,86,1,4,22,9,0.000000,0.012000,0.080000,0.056000,0.009070,1
_home_max_Documents_PhD_MAPF_LNS_MAPF_LNS_SAT_mapf-map_room-64-64-16_map-_home_max_Documents_PhD_MAPF_LNS_MAPF_LNS_SAT_mapf-scen-even_scen-even_room-64-64-16-even-1_scen-agents10-idx22-seed42-1760996932020,0,0,4,0.001097,1,2,108,110,1,4,22,9,0.000000,0.011000,0.048000,0.029000,0.002394,1
_home_max_Documents_PhD_MAPF_LNS_MAPF_LNS_SAT_mapf-map_room-64-64-16_map-_home_max_Documents_PhD_MAPF_LNS_MAPF_LNS_SAT_mapf-scen-even_scen-even_room-64-64-16-even-1_scen-agents10-idx23-seed42-1760996932124,0,0,5,0.001371,1,2,4,6,4,7,179,68,0.000000,0.060000,0.181000,0.151000,0.014090,0
_home_max_Documents_PhD_MAPF_LNS_MAPF_LNS_SAT_mapf-map_room-64-64-16_map-_home_max_Documents_PhD_MAPF_LNS_MAPF_LNS_SAT_mapf-scen-even_scen-even_room-64-64-16-even-1_scen-agents10-idx23-seed42-1760996932124,0,1,13,0.003566,1,2,3,7,3,6,178,62,0.000000,0.073000,0.248000,0.204000,0.019918,1
_home_max_Documents_PhD_MAPF_LNS_MAPF_LNS_SAT_mapf-map_room-64-64-16_map-_home_max_Documents_PhD_MAPF_LNS_MAPF_LNS_SAT_mapf-scen-even_scen-even_room-64-64-16-even-1_scen-agents10-idx23-seed42-1760996932124,0,0,5,0.001371,1,2,22,24,2,3,28,15,0.000000,0.015000,0.058000,0.038000,0.002679,1
_home_max_Documents_PhD_MAPF_LNS_MAPF_LNS_SAT_mapf-map_room-64-64-16_map-_home_max_Documents_PhD_MAPF_LNS_MAPF_LNS_SAT_mapf-scen-even_scen-even_room-64-64-16-even-1_scen-agents10-idx23-seed42-1760996932124,0,0,9,0.002468,1,2,29,31,3,7,121,44,0.000000,0.041000,0.124000,0.091000,0.010289,1
_home_max_Documents_PhD_MAPF_LNS_MAPF_LNS_SAT_mapf-map_room-64-64-16_map-_home_max_Documents_PhD_MAPF_LNS_MAPF_LNS_SAT_mapf-scen-even_scen-even_room-64-64-16-even-1_scen-agents10-idx23-seed42-1760996932124,0,0,7,0.001920,1,2,58,60,3,7,105,40,0.000000,0.041000,0.117000,0.083000,0.008808,1
_home_max_Documents_PhD_MAPF_LNS_MAPF_LNS_SAT_mapf-map_room-64-64-16_map-_home_max_Documents_PhD_MAPF_LNS_MAPF_LNS_SAT_mapf-scen-even_scen-even_room-64-64-16-even-1_scen-agents10-idx24-seed42-1760996932225,0,0,4,0.001097,1,2,53,55,4,7,144,61,0.000000,0.061000,0.154000,0.125000,0.013093,0
_home_max_Documents_PhD_MAPF_LNS_MAPF_LNS_SAT_mapf-map_room-64-64-16_map-_home_max_Documents_PhD_MAPF_LNS_MAPF_LNS_SAT_mapf-scen-even_scen-even_room-64-64-16-even-1_scen-agents10-idx24-seed42-1760996932225,0,1,8,0.002194,1,3,52,56,5,10,676,202,0.000000,0.251000,0.423000,0.370000,0.034990,0
_home_max_Documents_PhD_MAPF_LNS_MAPF_LNS_SAT_mapf-map_room-64-64-16_map-_home_max_Documents_PhD_MAPF_LNS_MAPF_LNS_SAT_mapf-scen-even_scen-even_room-64-64-16-even-1_scen-agents10-idx24-seed42-1760996932225,0,2,14,0.003840,1,3,51,57,4,11,634,185,0.000000,0.242000,0.449000,0.365000,0.055419,1
_home_max_Documents_PhD_MAPF_LNS_MAPF_LNS_SAT_mapf-map_room-64-64-16_map-_home_max_Documents_PhD_MAPF_LNS_MAPF_LNS_SAT_mapf-scen-even_scen-even_room-64-64-16-even-1_scen-agents10-idx24-seed42-1760996932225,0,0,8,0.002194,1,2,61,63,1,2,13,7,0.000000,0.008000,0.030000,0.019000,0.001189,1
_home_max_Documents_PhD_MAPF_LNS_MAPF_LNS_SAT_mapf-map_room-64-64-16_map-_home_max_Documents_PhD_MAPF_LNS_MAPF_LNS_SAT_mapf-scen-even_scen-even_room-64-64-16-even-1_scen-agents10-idx25-seed42-1760996932325,0,0,12,0.003291,4,3,4,9,2,3,82,38,0.000000,0.031000,0.109000,0.086000,0.013200,1
_home_max_Documents_PhD_MAPF_LNS_MAPF_LNS_SAT_mapf-map_room-64-64-16_map-_home_max_Documents_PhD_MAPF_LNS_MAPF_LNS_SAT_mapf-scen-even_scen-even_room-64-64-16-even-1_scen-agents10-idx25-seed42-1760996932325,0,0,8,0.002194,2,3,69,71,3,7,219,75,0.000000,0.086000,0.194000,0.144000,0.015767,1
_home_max_Documents_PhD_MAPF_LNS_MAPF_LNS_SAT_mapf-map_room-64-64-16_map-_home_max_Documents_PhD_MAPF_LNS_MAPF_LNS_SAT_mapf-scen-even_scen-even_room-64-64-16-even-1_scen-agents10-idx25-seed42-1760996932325,0,0,9,0.002468,1,2,73,75,3,6,120,44,0.000000,0.045000,0.111000,0.084000,0.007082,1
_home_max_Documents_PhD_MAPF_LNS_MAPF_LNS_SAT_mapf-map_room-64-64-16_map-_home_max_Documents_PhD_MAPF_LNS_MAPF_LNS_SAT_mapf-scen-even_scen-even_room-64-64-16-even-1_scen-agents10-idx25-seed42-1760996932325,0,0,8,0.002194,2,4,76,78,3,7,219,76,0.000000,0.096000,0.184000,0.142000,0.015282,1
_home_max_Documents_PhD_MAPF_LNS_MAPF_LNS_SAT_mapf-map_room-64-64-16_map-_home_max_Documents_PhD_MAPF_LNS_MAPF_LNS_SAT_mapf-scen-even_scen-even_room-64-64-16-even-1_scen-agents10-idx25-seed42-1760996932325,0,0,5,0.001371,1,2,80,82,4,7,179,68,0.000000,0.071000,0.140000,0.115000,0.005788,0
_home_max_Documents_PhD_MAPF_LNS_MAPF_LNS_SAT_mapf-map_room-64-64-16_map-_home_max_Documents_PhD_MAPF_LNS_MAPF_LNS_SAT_mapf-scen-even_scen-even_room-64-64-16-even-1_scen-agents10-idx25-seed42-1760996932325,0,1,13,0.003566,1,2,79,83,1,2,23,12,0.000000,0.013000,0.035000,0.021000,0.001709,1
_home_max_Documents_PhD_MAPF_LNS_MAPF_LNS_SAT_mapf-map_room-64-64-16_map-_home_max_Documents_PhD_MAPF_LNS_MAPF_LNS_SAT_mapf-scen-even_scen-even_room-64-64-16-even-1_scen-agents10-idx26-seed42-1760996932426,0,0,5,0.001371,1,3,36,38,2,3,32,18,0.000000,0.019000,0.083000,0.064000,0.011199,1
_home_max_Documents_PhD_MAPF_LNS_MAPF_LNS_SAT_mapf-map_room-64-64-16_map-_home_max_Documents_PhD_MAPF_LNS_MAPF_LNS_SAT_mapf-scen-even_scen-even_room-64-64-16-even-1_scen-agents10-idx26-seed42-1760996932426,0,0,4,0.001097,1,3,56,58,4,7,167,72,0.000000,0.084000,0.134000,0.106000,0.005616,0
_home_max_Documents_PhD_MAPF_LNS_MAPF_LNS_SAT_mapf-map_room-64-64-16_map-_home_max_Documents_PhD_MAPF_LNS_MAPF_LNS_SAT_mapf-scen-even_scen-even_room-64-64-16-even-1_scen-agents10-idx26-seed42-1760996932426,0,1,9,0.002468,1,3,55,59,1,2,30,16,0.000000,0.017000,0.039000,0.023000,0.001564,1
_home_max_Documents_PhD_MAPF_LNS_MAPF_LNS_SAT_mapf-map_room-64-64-16_map-_home_max_Documents_PhD_MAPF_LNS_MAPF_LNS_SAT_mapf-scen-even_scen-even_room-64-64-16-even-1_scen-agents10-idx27-seed42-1760996932524,0,0,9,0.002468,3,2,8,12,2,3,54,25,0.000000,0.019000,0.086000,0.067000,0.010153,1
_home_max_Documents_PhD_MAPF_LNS_MAPF_LNS_SAT_mapf-map_room-64-64-16_map-_home_max_Documents_PhD_MAPF_LNS_MAPF_LNS_SAT_mapf-scen-even_scen-even_room-64-64-16-even-1_scen-agents10-idx27-seed42-1760996932524,0,0,9,0.002468,1,2,54,56,3,5,92,38,0.000000,0.035000,0.092000,0.069000,0.005161,1
_home_max_Documents_PhD_MAPF_LNS_MAPF_LNS_SAT_mapf-map_room-64-64-16_map-_home_max_Documents_PhD_MAPF_LNS_MAPF_LNS_SAT_mapf-scen-even_scen-even_room-64-64-16-even-1_scen-agents10-idx27-seed42-1760996932524,0,0,8,0.002194,1,2,65,67,1,2,13,7,0.000000,0.007000,0.027000,0.016000,0.001018,1
_home_max_Documents_PhD_MAPF_LNS_MAPF_LNS_SAT_mapf-map_room-64-64-16_map-_home_max_Documents_PhD_MAPF_LNS_MAPF_LNS_SAT_mapf-scen-even_scen-even_room-64-64-16-even-1_scen-agents10-idx27-seed42-1760996932524,0,0,8,0.002194,2,3,67,69,4,7,526,152,0.000000,0.183000,0.297000,0.269000,0.009394,0
_home_max_Documents_PhD_MAPF_LNS_MAPF_LNS_SAT_mapf-map_room-64-64-16_map-_home_max_Documents_PhD_MAPF_LNS_MAPF_LNS_SAT_mapf-scen-even_scen-even_room-64-64-16-even-1_scen-agents10-idx27-seed42-1760996932524,0,1,16,0.004388,2,3,66,70,5,10,2688,474,0.000000,0.800000,1.217000,1.161000,0.063868,0
_home_max_Documents_PhD_MAPF_LNS_MAPF_LNS_SAT_mapf-map_room-64-64-16_map-_home_max_Documents_PhD_MAPF_LNS_MAPF_LNS_SAT_mapf-scen-even_scen-even_room-64-64-16-even-1_scen-agents10-idx27-seed42-1760996932524,0,2,29,0.007954,2,3,65,71,4,15,2382,397,0.000000,0.684000,1.288000,1.158000,0.184902,1
_home_max_Documents_PhD_MAPF_LNS_MAPF_LNS_SAT_mapf-map_room-64-64-16_map-_home_max_Documents_PhD_MAPF_LNS_MAPF_LNS_SAT_mapf-scen-even_scen-even_room-64-64-16-even-1_scen-agents10-idx27-seed42-1760996932524,0,0,5,0.001371,1,2,77,79,4,7,179,68,0.000000,0.072000,0.144000,0.120000,0.005614,0
_home_max_Documents_PhD_MAPF_LNS_MAPF_LNS_SAT_mapf-map_room-64-64-16_map-_home_max_Documents_PhD_MAPF_LNS_MAPF_LNS_SAT_mapf-scen-even_scen-even_room-64-64-16-even-1_scen-agents10-idx27-seed42-1760996932524,0,1,13,0.003566,1,2,76,80,3,6,178,62,0.000000,0.061000,0.148000,0.118000,0.012726,1
_home_max_Documents_PhD_MAPF_LNS_MAPF_LNS_SAT_mapf-map_room-64-64-16_map-_home_max_Documents_PhD_MAPF_LNS_MAPF_LNS_SAT_mapf-scen-even_scen-even_room-64-64-16-even-1_scen-agents10-idx27-seed42-1760996932524,0,0,5,0.001371,1,2,88,90,4,7,179,68,0.000000,0.069000,0.139000,0.115000,0.005290,0
_home_max_Documents_PhD_MAPF_LNS_MAPF_LNS_SAT_mapf-map_room-64-64-16_map-_home_max_Documents_PhD_MAPF_LNS_MAPF_LNS_SAT_mapf-scen-even_scen-even_room-64-64-16-even-1_scen-agents10-idx27-seed42-1760996932524,0,1,13,0.003566,1,2,87,91,3,6,178,62,0.000000,0.069000,0.149000,0.118000,0.013188,1
_home_max_Documents_PhD_MAPF_LNS_MAPF_LNS_SAT_mapf-map_room-64-64-16_map-_home_max_Documents_PhD_MAPF_LNS_MAPF_LNS_SAT_mapf-scen-even_scen-even_room-64-64-16-even-1_scen-agents10-idx28-seed42-1760996932623,0,0,4,0.001097,1,3,59,61,4,7,148,65,0.000000,0.081000,0.158000,0.129000,0.012645,0
_home_max_Documents_PhD_MAPF_LNS_MAPF_LNS_SAT_mapf-map_room-64-64-16_map-_home_max_Documents_PhD_MAPF_LNS_MAPF_LNS_SAT_mapf-scen-even_scen-even_room-64-64-16-even-1_scen-agents10-idx28-seed42-1760996932623,0,1,9,0.002468,1,3,58,62,3,6,156,67,0.000000,0.079000,0.141000,0.105000,0.013319,1
_home_max_Documents_PhD_MAPF_LNS_MAPF_LNS_SAT_mapf-map_room-64-64-16_map-_home_max_Documents_PhD_MAPF_LNS_MAPF_LNS_SAT_mapf-scen-even_scen-even_room-64-64-16-even-1_scen-agents10-idx28-seed42-1760996932623,0,0,8,0.002194,2,4,61,64,4,7,351,113,0.000000,0.147000,0.217000,0.188000,0.007745,0
_home_max_Documents_PhD_MAPF_LNS_MAPF_LNS_SAT_mapf-map_room-64-64-16_map-_home_max_Documents_PhD_MAPF_LNS_MAPF_LNS_SAT_mapf-scen-even_scen-even_room-64-64-16-even-1_scen-agents10-idx28-seed42-1760996932623,0,1,16,0.004388,2,4,60,65,2,5,159,68,0.000000,0.084000,0.136000,0.100000,0.008775,1
_home_max_Documents_PhD_MAPF_LNS_MAPF_LNS_SAT_mapf-map_room-64-64-16_map-_home_max_Documents_PhD_MAPF_LNS_MAPF_LNS_SAT_mapf-scen-even_scen-even_room-64-64-16-even-1_scen-agents10-idx28-seed42-1760996932623,0,0,7,0.001920,1,2,65,67,3,7,105,40,0.000000,0.040000,0.120000,0.087000,0.008804,1
_home_max_Documents_PhD_MAPF_LNS_MAPF_LNS_SAT_mapf-map_room-64-64-16_map-_home_max_Documents_PhD_MAPF_LNS_MAPF_LNS_SAT_mapf-scen-even_scen-even_room-64-64-16-even-1_scen-agents10-idx28-seed42-1760996932623,0,0,5,0.001371,1,3,71,73,1,2,27,11,0.000000,0.013000,0.038000,0.025000,0.002072,1
_home_max_Documents_PhD_MAPF_LNS_MAPF_LNS_SAT_mapf-map_room-64-64-16_map-_home_max_Documents_PhD_MAPF_LNS_MAPF_LNS_SAT_mapf-scen-even_scen-even_room-64-64-16-even-1_scen-agents10-idx28-seed42-1760996932623,0,0,9,0.002468,1,2,87,89,3,5,92,38,0.000000,0.041000,0.091000,0.069000,0.004559,1
_home_max_Documents_PhD_MAPF_LNS_MAPF_LNS_SAT_mapf-map_room-64-64-16_map-_home_max_Documents_PhD_MAPF_LNS_MAPF_LNS_SAT_mapf-scen-even_scen-even_room-64-64-16-even-1_scen-agents10-idx28-seed42-1760996932623,0,0,5,0.001371,1,2,137,139,1,2,25,10,0.000000,0.013000,0.034000,0.023000,0.001933,1
_home_max_Documents_PhD_MAPF_LNS_MAPF_LNS_SAT_mapf-map_room-64-64-16_map-_home_max_Documents_PhD_MAPF_LNS_MAPF_LNS_SAT_mapf-scen-even_scen-even_room-64-64-16-even-1_scen-agents10-idx29-seed42-1760996932729,0,0,4,0.001097,1,2,35,37,4,7,144,61,0.000000,0.057000,0.159000,0.128000,0.013148,0
_home_max_Documents_PhD_MAPF_LNS_MAPF_LNS_SAT_mapf-map_room-64-64-16_map-_home_max_Documents_PhD_MAPF_LNS_MAPF_LNS_SAT_mapf-scen-even_scen-even_room-64-64-16-even-1_scen-agents10-idx29-seed42-1760996932729,0,1,9,0.002468,1,2,34,38,1,2,23,12,0.000000,0.010000,0.036000,0.020000,0.001477,1
_home_max_Documents_PhD_MAPF_LNS_MAPF_LNS_SAT_mapf-map_room-64-64-16_map-_home_max_Documents_PhD_MAPF_LNS_MAPF_LNS_SAT_mapf-scen-even_scen-even_room-64-64-16-even-1_scen-agents10-idx29-seed42-1760996932729,0,0,5,0.001371,1,2,58,60,1,3,26,10,0.000000,0.010000,0.044000,0.028000,0.002477,1
_home_max_Documents_PhD_MAPF_LNS_MAPF_LNS_SAT_mapf-map_room-64-64-16_map-_home_max_Documents_PhD_MAPF_LNS_MAPF_LNS_SAT_mapf-scen-even_scen-even_room-64-64-16-even-1_scen-agents10-idx29-seed42-1760996932729,0,0,5,0.001371,1,2,114,116,1,1,24,10,0.000000,0.011000,0.026000,0.021000,0.001345,1
_home_max_Documents_PhD_MAPF_LNS_MAPF_LNS_SAT_mapf-map_room-64-64-16_map-_home_max_Documents_PhD_MAPF_LNS_MAPF_LNS_SAT_mapf-scen-even_scen-even_room-64-64-16-even-1_scen-agents10-idx30-seed42-1760996932828,0,0,8,0.002194,1,2,54,56,3,7,118,42,0.000000,0.047000,0.167000,0.125000,0.017473,1
_home_max_Documents_PhD_MAPF_LNS_MAPF_LNS_SAT_mapf-map_room-64-64-16_map-_home_max_Documents_PhD_MAPF_LNS_MAPF_LNS_SAT_mapf-scen-even_scen-even_room-64-64-16-even-1_scen-agents10-idx30-seed42-1760996932828,0,0,6,0.001646,1,2,78,80,3,7,93,38,0.000000,0.040000,0.118000,0.084000,0.008876,1
_home_max_Documents_PhD_MAPF_LNS_MAPF_LNS_SAT_mapf-map_room-64-64-16_map-_home_max_Documents_PhD_MAPF_LNS_MAPF_LNS_SAT_mapf-scen-even_scen-even_room-64-64-16-even-1_scen-agents10-idx30-seed42-1760996932828,0,0,5,0.001371,1,2,82,84,1,2,25,10,0.000000,0.011000,0.038000,0.026000,0.001823,1
_home_max_Documents_PhD_MAPF_LNS_MAPF_LNS_SAT_mapf-map_room-64-64-16_map-_home_max_Documents_PhD_MAPF_LNS_MAPF_LNS_SAT_mapf-scen-even_scen-even_room-64-64-16-even-1_scen-agents10-idx32-seed42-1760996933026,0,0,9,0.002468,1,2,18,20,4,8,353,101,0.000000,0.112000,0.288000,0.239000,0.025482,1
_home_max_Documents_PhD_MAPF_LNS_MAPF_LNS_SAT_mapf-map_room-64-64-16_map-_home_max_Documents_PhD_MAPF_LNS_MAPF_LNS_SAT_mapf-scen-even_scen-even_room-64-64-16-even-1_scen-agents10-idx32-seed42-1760996933026,0,0,9,0.002468,1,2,38,40,4,8,353,101,0.000000,0.104000,0.248000,0.207000,0.018038,1
_home_max_Documents_PhD_MAPF_LNS_MAPF_LNS_SAT_mapf-map_room-64-64-16_map-_home_max_Documents_PhD_MAPF_LNS_MAPF_LNS_SAT_mapf-scen-even_scen-even_room-64-64-16-even-1_scen-agents10-idx32-seed42-1760996933026,0,0,6,0.001646,1,2,40,42,2,4,33,17,0.000000,0.014000,0.057000,0.038000,0.003764,1
_home_max_Documents_PhD_MAPF_LNS_MAPF_LNS_SAT_mapf-map_room-64-64-16_map-_home_max_Documents_PhD_MAPF_LNS_MAPF_LNS_SAT_mapf-scen-even_scen-even_room-64-64-16-even-1_scen-agents10-idx32-seed42-1760996933026,0,0,8,0.002194,2,4,75,78,3,7,156,66,0.000000,0.084000,0.151000,0.109000,0.010495,1
_home_max_Documents_PhD_MAPF_LNS_MAPF_LNS_SAT_mapf-map_room-64-64-16_map-_home_max_Documents_PhD_MAPF_LNS_MAPF_LNS_SAT_mapf-scen-even_scen-even_room-64-64-16-even-1_scen-agents10-idx33-seed42-1760996933128,0,0,8,0.002194,1,2,52,54,3,7,118,42,0.000000,0.042000,0.165000,0.120000,0.017637,1
_home_max_Documents_PhD_MAPF_LNS_MAPF_LNS_SAT_mapf-map_room-64-64-16_map-_home_max_Documents_PhD_MAPF_LNS_MAPF_LNS_SAT_mapf-scen-even_scen-even_room-64-64-16-even-1_scen-agents10-idx33-seed42-1760996933128,0,0,7,0.001920,1,2,76,78,5,12,560,172,0.000000,0.196000,0.398000,0.327000,0.036476,1
_home_max_Documents_PhD_MAPF_LNS_MAPF_LNS_SAT_mapf-map_room-64-64-16_map-_home_max_Documents_PhD_MAPF_LNS_MAPF_LNS_SAT_mapf-scen-even_scen-even_room-64-64-16-even-1_scen-agents10-idx33-seed42-1760996933128,0,0,9,0.002468,1,2,96,98,4,7,308,96,0.000000,0.124000,0.214000,0.179000,0.011649,1
_home_max_Documents_PhD_MAPF_LNS_MAPF_LNS_SAT_mapf-map_room-64-64-16_map-_home_max_Documents_PhD_MAPF_LNS_MAPF_LNS_SAT_mapf-scen-even_scen-even_room-64-64-16-even-1_scen-agents10-idx34-seed42-1760996933232,0,0,19,0.005211,8,2,6,15,2,3,133,61,0.000000,0.053000,0.130000,0.105000,0.014023,1
_home_max_Documents_PhD_MAPF_LNS_MAPF_LNS_SAT_mapf-map_room-64-64-16_map-_home_max_Documents_PhD_MAPF_LNS_MAPF_LNS_SAT_mapf-scen-even_scen-even_room-64-64-16-even-1_scen-agents10-idx34-seed42-1760996933232,0,0,8,0.002194,2,3,40,42,3,6,214,73,0.000000,0.071000,0.164000,0.131000,0.011144,1
_home_max_Documents_PhD_MAPF_LNS_MAPF_LNS_SAT_mapf-map_room-64-64-16_map-_home_max_Documents_PhD_MAPF_LNS_MAPF_LNS_SAT_mapf-scen-even_scen-even_room-64-64-16-even-1_scen-agents10-idx34-seed42-1760996933232,0,0,5,0.001371,1,2,70,72,4,7,179,68,0.000000,0.072000,0.135000,0.113000,0.005126,0
_home_max_Documents_PhD_MAPF_LNS_MAPF_LNS_SAT_mapf-map_room-64-64-16_map-_home_max_Documents_PhD_MAPF_LNS_MAPF_LNS_SAT_mapf-scen-even_scen-even_room-64-64-16-even-1_scen-agents10-idx34-seed42-1760996933232,0,1,10,0.002743,1,2,69,73,1,1,20,11,0.000000,0.011000,0.021000,0.015000,0.000757,1
_home_max_Documents_PhD_MAPF_LNS_MAPF_LNS_SAT_mapf-map_room-64-64-16_map-_home_max_Documents_PhD_MAPF_LNS_MAPF_LNS_SAT_mapf-scen-even_scen-even_room-64-64-16-even-1_scen-agents10-idx34-seed42-1760996933232,0,0,5,0.001371,1,2,90,92,4,7,179,68,0.000000,0.075000,0.136000,0.112000,0.005219,0
_home_max_Documents_PhD_MAPF_LNS_MAPF_LNS_SAT_mapf-map_room-64-64-16_map-_home_max_Documents_PhD_MAPF_LNS_MAPF_LNS_SAT_mapf-scen-even_scen-even_room-64-64-16-even-1_scen-agents10-idx34-seed42-1760996933232,0,1,13,0.003566,1,2,89,93,1,2,23,12,0.000000,0.013000,0.033000,0.021000,0.001291,1
_home_max_Documents_PhD_MAPF_LNS_MAPF_LNS_SAT_mapf-map_room-64-64-16_map-_home_max_Documents_PhD_MAPF_LNS_MAPF_LNS_SAT_mapf-scen-even_scen-even_room-64-64-16-even-1_scen-agents10-idx35-seed42-1760996933329,0,0,5,0.001371,1,2,30,32,1,1,24,10,0.000000,0.011000,0.057000,0.048000,0.008645,1
_home_max_Documents_PhD_MAPF_LNS_MAPF_LNS_SAT_mapf-map_room-64-64-16_map-_home_max_Documents_PhD_MAPF_LNS_MAPF_LNS_SAT_mapf-scen-even_scen-even_room-64-64-16-even-1_scen-agents10-idx35-seed42-1760996933329,0,0,8,0.002194,1,2,59,61,2,4,33,17,0.000000,0.017000,0.057000,0.037000,0.004379,1
_home_max_Documents_PhD_MAPF_LNS_MAPF_LNS_SAT_mapf-map_room-64-64-16_map-_home_max_Documents_PhD_MAPF_LNS_MAPF_LNS_SAT_mapf-scen-even_scen-even_room-64-64-16-even-1_scen-agents10-idx35-seed42-1760996933329,0,0,5,0.001371,1,2,65,67,4,7,180,69,0.000000,0.072000,0.140000,0.116000,0.005884,0
_home_max_Documents_PhD_MAPF_LNS_MAPF_LNS_SAT_mapf-map_room-64-64-16_map-_home_max_Documents_PhD_MAPF_LNS_MAPF_LNS_SAT_mapf-scen-even_scen-even_room-64-64-16-even-1_scen-agents10-idx35-seed42-1760996933329,0,1,10,0.002743,1,2,64,68,1,1,20,11,0.000000,0.011000,0.022000,0.016000,0.000932,1
_home_max_Documents_PhD_MAPF_LNS_MAPF_LNS_SAT_mapf-map_room-64-64-16_map-_home_max_Documents_PhD_MAPF_LNS_MAPF_LNS_SAT_mapf-scen-even_scen-even_room-64-64-16-even-1_scen-agents10-idx35-seed42-1760996933329,0,0,6,0.001646,1,2,68,70,3,5,101,43,0.000000,0.049000,0.087000,0.070000,0.001599,0
_home_max_Documents_PhD_MAPF_LNS_MAPF_LNS_SAT_mapf-map_room-64-64-16_map-_home_max_Documents_PhD_MAPF_LNS_MAPF_LNS_SAT_mapf-scen-even_scen-even_room-64-64-16-even-1_scen-agents10-idx35-seed42-1760996933329,0,1,11,0.003017,1,3,67,71,4,7,611,178,0.000000,0.220000,0.330000,0.298000,0.011053,0
_home_max_Documents_PhD_MAPF_LNS_MAPF_LNS_SAT_mapf-map_room-64-64-16_map-_home_max_Documents_PhD_MAPF_LNS_MAPF_LNS_SAT_mapf-scen-even_scen-even_room-64-64-16-even-1_scen-agents10-idx35-seed42-1760996933329,0,2,18,0.004937,1,4,66,72,2,3,102,53,0.000000,0.069000,0.083000,0.063000,0.003675,1
_home_max_Documents_PhD_MAPF_LNS_MAPF_LNS_SAT_mapf-map_room-64-64-16_map-_home_max_Documents_PhD_MAPF_LNS_MAPF_LNS_SAT_mapf-scen-even_scen-even_room-64-64-16-even-1_scen-agents10-idx35-seed42-1760996933329,0,0,5,0.001371,1,2,116,118,1,1,24,10,0.000000,0.013000,0.028000,0.022000,0.001604,1
_home_max_Documents_PhD_MAPF_LNS_MAPF_LNS_SAT_mapf-map_room-64-64-16_map-_home_max_Documents_PhD_MAPF_LNS_MAPF_LNS_SAT_mapf-scen-even_scen-even_room-64-64-16-even-1_scen-agents10-idx36-seed42-1760996933432,0,0,8,0.002194,1,2,31,33,3,5,92,38,0.000000,0.035000,0.119000,0.095000,0.011330,1
_home_max_Documents_PhD_MAPF_LNS_MAPF_LNS_SAT_mapf-map_room-64-64-16_map-_home_max_Documents_PhD_MAPF_LNS_MAPF_LNS_SAT_mapf-scen-even_scen-even_room-64-64-16-even-1_scen-agents10-idx36-seed42-1760996933432,0,0,5,0.001371,1,2,40,42,1,1,24,10,0.000000,0.010000,0.026000,0.021000,0.001808,1
_home_max_Documents_PhD_MAPF_LNS_MAPF_LNS_SAT_mapf-map_room-64-64-16_map-_home_max_Documents_PhD_MAPF_LNS_MAPF_LNS_SAT_mapf-scen-even_scen-even_room-64-64-16-even-1_scen-agents10-idx36-seed42-1760996933432,0,0,5,0.001371,1,2,43,45,2,3,28,15,0.000000,0.012000,0.039000,0.026000,0.002018,1
_home_max_Documents_PhD_MAPF_LNS_MAPF_LNS_SAT_mapf-map_room-64-64-16_map-_home_max_Documents_PhD_MAPF_LNS_MAPF_LNS_SAT_mapf-scen-even_scen-even_room-64-64-16-even-1_scen-agents10-idx36-seed42-1760996933432,0,0,5,0.001371,1,2,47,49,1,2,25,10,0.000000,0.009000,0.036000,0.025000,0.002324,1
_home_max_Documents_PhD_MAPF_LNS_MAPF_LNS_SAT_mapf-map_room-64-64-16_map-_home_max_Documents_PhD_MAPF_LNS_MAPF_LNS_SAT_mapf-scen-even_scen-even_room-64-64-16-even-1_scen-agents10-idx36-seed42-1760996933432,0,0,6,0.001646,1,2,63,65,1,1,12,7,0.000000,0.007000,0.018000,0.013000,0.000821,1
_home_max_Documents_PhD_MAPF_LNS_MAPF_LNS_SAT_mapf-map_room-64-64-16_map-_home_max_Documents_PhD_MAPF_LNS_MAPF_LNS_SAT_mapf-scen-even_scen-even_room-64-64-16-even-1_scen-agents10-idx36-seed42-1760996933432,0,0,5,0.001371,1,2,81,83,1,2,25,10,0.000000,0.009000,0.036000,0.024000,0.001948,1
_home_max_Documents_PhD_MAPF_LNS_MAPF_LNS_SAT_mapf-map_room-64-64-16_map-_home_max_Documents_PhD_MAPF_LNS_MAPF_LNS_SAT_mapf-scen-even_scen-even_room-64-64-16-even-1_scen-agents10-idx36-seed42-1760996933432,0,0,5,0.001371,1,2,87,89,1,2,25,10,0.000000,0.010000,0.039000,0.028000,0.001855,1
_home_max_Documents_PhD_MAPF_LNS_MAPF_LNS_SAT_mapf-map_room-64-64-16_map-_home_max_Documents_PhD_MAPF_LNS_MAPF_LNS_SAT_mapf-scen-even_scen-even_room-64-64-16-even-1_scen-agents10-idx36-seed42-1760996933432,0,0,5,0.001371,1,2,97,99,1,2,25,10,0.000000,0.011000,0.033000,0.022000,0.001406,1
_home_max_Documents_PhD_MAPF_LNS_MAPF_LNS_SAT_mapf-map_room-64-64-16_map-_home_max_Documents_PhD_MAPF_LNS_MAPF_LNS_SAT_mapf-scen-even_scen-even_room-64-64-16-even-1_scen-agents10-idx36-seed42-1760996933432,0,0,5,0.001371,1,2,107,109,1,1,24,10,0.000000,0.012000,0.025000,0.020000,0.001208,1
_home_max_Documents_PhD_MAPF_LNS_MAPF_LNS_SAT_mapf-map_room-64-64-16_map-_home_max_Documents_PhD_MAPF_LNS_MAPF_LNS_SAT_mapf-scen-even_scen-even_room-64-64-16-even-1_scen-agents10-idx37-seed42-1760996933530,0,0,5,0.001371,1,2,29,31,4,7,179,68,0.000000,0.066000,0.181000,0.151000,0.015609,0
_home_max_Documents_PhD_MAPF_LNS_MAPF_LNS_SAT_mapf-map_room-64-64-16_map-_home_max_Documents_PhD_MAPF_LNS_MAPF_LNS_SAT_mapf-scen-even_scen-even_room-64-64-16-even-1_scen-agents10-idx37-seed42-1760996933530,0,1,12,0.003291,1,3,28,32,1,2,26,14,0.000000,0.012000,0.038000,0.022000,0.001648,1
_home_max_Documents_PhD_MAPF_LNS_MAPF_LNS_SAT_mapf-map_room-64-64-16_map-_home_max_Documents_PhD_MAPF_LNS_MAPF_LNS_SAT_mapf-scen-even_scen-even_room-64-64-16-even-1_scen-agents10-idx37-seed42-1760996933530,0,0,5,0.001371,1,3,76,78,4,7,191,76,0.000000,0.091000,0.144000,0.118000,0.005823,0
_home_max_Documents_PhD_MAPF_LNS_MAPF_LNS_SAT_mapf-map_room-64-64-16_map-_home_max_Documents_PhD_MAPF_LNS_MAPF_LNS_SAT_mapf-scen-even_scen-even_room-64-64-16-even-1_scen-agents10-idx37-seed42-1760996933530,0,1,13,0.003566,1,3,75,79,3,6,205,77,0.000000,0.097000,0.166000,0.129000,0.014944,1
_home_max_Documents_PhD_MAPF_LNS_MAPF_LNS_SAT_mapf-map_room-64-64-16_map-_home_max_Documents_PhD_MAPF_LNS_MAPF_LNS_SAT_mapf-scen-even_scen-even_room-64-64-16-even-1_scen-agents10-idx38-seed42-1760996933631,0,0,5,0.001371,1,2,31,33,1,1,24,10,0.000000,0.011000,0.052000,0.045000,0.007985,1
_home_max_Documents_PhD_MAPF_LNS_MAPF_LNS_SAT_mapf-map_room-64-64-16_map-_home_max_Documents_PhD_MAPF_LNS_MAPF_LNS_SAT_mapf-scen-even_scen-even_room-64-64-16-even-1_scen-agents10-idx39-seed42-1760996933733,0,0,4,0.001097,1,2,59,61,4,7,144,61,0.000000,0.062000,0.157000,0.126000,0.013334,0
_home_max_Documents_PhD_MAPF_LNS_MAPF_LNS_SAT_mapf-map_room-64-64-16_map-_home_max_Documents_PhD_MAPF_LNS_MAPF_LNS_SAT_mapf-scen-even_scen-even_room-64-64-16-even-1_scen-agents10-idx39-seed42-1760996933733,0,1,9,0.002468,1,2,58,62,3,6,138,56,0.000000,0.056000,0.130000,0.096000,0.013014,1
_home_max_Documents_PhD_MAPF_LNS_MAPF_LNS_SAT_mapf-map_room-64-64-16_map-_home_max_Documents_PhD_MAPF_LNS_MAPF_LNS_SAT_mapf-scen-even_scen-even_room-64-64-16-even-1_scen-agents10-idx39-seed42-1760996933733,0,0,5,0.001371,1,2,89,91,1,1,24,10,0.000000,0.012000,0.028000,0.022000,0.001754,1
_home_max_Documents_PhD_MAPF_LNS_MAPF_LNS_SAT_mapf-map_room-64-64-16_map-_home_max_Documents_PhD_MAPF_LNS_MAPF_LNS_SAT_mapf-scen-even_scen-even_room-64-64-16-even-1_scen-agents10-idx39-seed42-1760996933733,0,0,5,0.001371,1,2,125,127,1,3,26,10,0.000000,0.012000,0.045000,0.027000,0.002231,1
_home_max_Documents_PhD_MAPF_LNS_MAPF_LNS_SAT_mapf-map_room-64-64-16_map-_home_max_Documents_PhD_MAPF_LNS_MAPF_LNS_SAT_mapf-scen-even_scen-even_room-64-64-16-even-2_scen-agents10-idx0-seed42-1760996933835,0,0,8,0.002194,1,2,38,40,3,7,118,42,0.000000,0.042000,0.160000,0.120000,0.021101,1
_home_max_Documents_PhD_MAPF_LNS_MAPF_LNS_SAT_mapf-map_room-64-64-16_map-_home_max_Documents_PhD_MAPF_LNS_MAPF_LNS_SAT_mapf-scen-even_scen-even_room-64-64-16-even-2_scen-agents10-idx0-seed42-1760996933835,0,0,9,0.002468,1,2,45,47,3,6,120,44,0.000000,0.045000,0.117000,0.087000,0.007709,1
_home_max_Documents_PhD_MAPF_LNS_MAPF_LNS_SAT_mapf-map_room-64-64-16_map-_home_max_Documents_PhD_MAPF_LNS_MAPF_LNS_SAT_mapf-scen-even_scen-even_room-64-64-16-even-2_scen-agents10-idx0-seed42-1760996933835,0,0,5,0.001371,1,2,77,79,2,3,28,15,0.000000,0.016000,0.039000,0.026000,0.001746,1
_home_max_Documents_PhD_MAPF_LNS_MAPF_LNS_SAT_mapf-map_room-64-64-16_map-_home_max_Documents_PhD_MAPF_LNS_MAPF_LNS_SAT_mapf-scen-even_scen-even_room-64-64-16-even-2_scen-agents10-idx0-seed42-1760996933835,0,0,9,0.002468,1,2,83,85,4,8,356,103,0.000000,0.125000,0.249000,0.210000,0.020641,1
_home_max_Documents_PhD_MAPF_LNS_MAPF_LNS_SAT_mapf-map_room-64-64-16_map-_home_max_Documents_PhD_MAPF_LNS_MAPF_LNS_SAT_mapf-scen-even_scen-even_room-64-64-16-even-2_scen-agents10-idx0-seed42-1760996933835,0,0,8,0.002194,1,3,92,94,3,7,127,48,0.000000,0.065000,0.133000,0.095000,0.009182,1
_home_max_Documents_PhD_MAPF_LNS_MAPF_LNS_SAT_mapf-map_room-64-64-16_map-_home_max_Documents_PhD_MAPF_LNS_MAPF_LNS_SAT_mapf-scen-even_scen-even_room-64-64-16-even-2_scen-agents10-idx0-seed42-1760996933835,0,0,5,0.001371,1,2,111,113,1,2,25,10,0.000000,0.012000,0.038000,0.026000,0.002167,1
_home_max_Documents_PhD_MAPF_LNS_MAPF_LNS_SAT_mapf-map_room-64-64-16_map-_home_max_Documents_PhD_MAPF_LNS_MAPF_LNS_SAT_mapf-scen-even_scen-even_room-64-64-16-even-2_scen-agents10-idx0-seed42-1760996933835,0,0,5,0.001371,1,2,132,134,1,2,25,10,0.000000,0.013000,0.036000,0.024000,0.001902,1
_home_max_Documents_PhD_MAPF_LNS_MAPF_LNS_SAT_mapf-map_room-64-64-16_map-_home_max_Documents_PhD_MAPF_LNS_MAPF_LNS_SAT_mapf-scen-even_scen-even_room-64-64-16-even-2_scen-agents10-idx0-seed42-1760996933835,0,0,5,0.001371,1,2,135,137,1,2,25,10,0.000000,0.013000,0.034000,0.023000,0.001573,1
_home_max_Documents_PhD_MAPF_LNS_MAPF_LNS_SAT_mapf-map_room-64-64-16_map-_home_max_Documents_PhD_MAPF_LNS_MAPF_LNS_SAT_mapf-scen-even_scen-even_room-64-64-16-even-2_scen-agents10-idx0-seed42-1760996933835,0,0,5,0.001371,1,2,139,141,1,2,25,10,0.000000,0.013000,0.035000,0.024000,0.001708,1
_home_max_Documents_PhD_MAPF_LNS_MAPF_LNS_SAT_mapf-map_room-64-64-16_map-_home_max_Documents_PhD_MAPF_LNS_MAPF_LNS_SAT_mapf-scen-even_scen-even_room-64-64-16-even-2_scen-agents10-idx1-seed42-1760996933932,0,0,4,0.001097,1,2,62,64,4,7,144,61,0.000000,0.061000,0.151000,0.122000,0.013337,0
_home_max_Documents_PhD_MAPF_LNS_MAPF_LNS_SAT_mapf-map_room-64-64-16_map-_home_max_Documents_PhD_MAPF_LNS_MAPF_LNS_SAT_mapf-scen-even_scen-even_room-64-64-16-even-2_scen-agents10-idx1-seed42-1760996933932,0,1,11,0.003017,1,2,61,65,1,1,22,12,0.000000,0.011000,0.024000,0.017000,0.001238,1
_home_max_Documents_PhD_MAPF_LNS_MAPF_LNS_SAT_mapf-map_room-64-64-16_map-_home_max_Documents_PhD_MAPF_LNS_MAPF_LNS_SAT_mapf-scen-even_scen-even_room-64-64-16-even-2_scen-agents10-idx1-seed42-1760996933932,0,0,9,0.002468,1,2,68,70,3,7,94,38,0.000000,0.038000,0.114000,0.079000,0.008461,1
_home_max_Documents_PhD_MAPF_LNS_MAPF_LNS_SAT_mapf-map_room-64-64-16_map-_home_max_Documents_PhD_MAPF_LNS_MAPF_LNS_SAT_mapf-scen-even_scen-even_room-64-64-16-even-2_scen-agents10-idx1-seed42-1760996933932,0,0,8,0.002194,1,2,74,76,1,1,12,7,0.000000,0.008000,0.023000,0.018000,0.001198,1
_home_max_Documents_PhD_MAPF_LNS_MAPF_LNS_SAT_mapf-map_room-64-64-16_map-_home_max_Documents_PhD_MAPF_LNS_MAPF_LNS_SAT_mapf-scen-even_scen-even_room-64-64-16-even-2_scen-agents10-idx1-seed42-1760996933932,0,0,9,0.002468,1,2,84,86,3,7,94,38,0.000000,0.042000,0.115000,0.084000,0.007643,1
_home_max_Documents_PhD_MAPF_LNS_MAPF_LNS_SAT_mapf-map_room-64-64-16_map-_home_max_Documents_PhD_MAPF_LNS_MAPF_LNS_SAT_mapf-scen-even_scen-even_room-64-64-16-even-2_scen-agents10-idx1-seed42-1760996933932,0,0,5,0.001371,1,2,96,98,1,3,26,10,0.000000,0.011000,0.044000,0.027000,0.002282,1
_home_max_Documents_PhD_MAPF_LNS_MAPF_LNS_SAT_mapf-map_room-64-64-16_map-_home_max_Documents_PhD_MAPF_LNS_MAPF_LNS_SAT_mapf-scen-even_scen-even_room-64-64-16-even-2_scen-agents10-idx3-seed42-1760996934136,0,0,5,0.001371,1,2,21,23,4,7,179,68,0.000000,0.063000,0.169000,0.139000,0.012588,0
_home_max_Documents_PhD_MAPF_LNS_MAPF_LNS_SAT_mapf-map_room-64-64-16_map-_home_max_Documents_PhD_MAPF_LNS_MAPF_LNS_SAT_mapf-scen-even_scen-even_room-64-64-16-even-2_scen-agents10-idx3-seed42-1760996934136,0,1,11,0.003017,1,2,20,24,3,6,154,58,0.000000,0.053000,0.146000,0.110000,0.015110,1
_home_max_Documents_PhD_MAPF_LNS_MAPF_LNS_SAT_mapf-map_room-64-64-16_map-_home_max_Documents_PhD_MAPF_LNS_MAPF_LNS_SAT_mapf-scen-even_scen-even_room-64-64-16-even-2_scen-agents10-idx4-seed42-1760996934238,0,0,5,0.001371,1,2,91,93,1,2,25,10,0.000000,0.013000,0.065000,0.049000,0.008203,1
_home_max_Documents_PhD_MAPF_LNS_MAPF_LNS_SAT_mapf-map_room-64-64-16_map-_home_max_Documents_PhD_MAPF_LNS_MAPF_LNS_SAT_mapf-scen-even_scen-even_room-64-64-16-even-2_scen-agents10-idx4-seed42-1760996934238,0,0,5,0.001371,1,2,109,111,1,2,25,10,0.000000,0.012000,0.038000,0.026000,0.002264,1
_home_max_Documents_PhD_MAPF_LNS_MAPF_LNS_SAT_mapf-map_room-64-64-16_map-_home_max_Documents_PhD_MAPF_LNS_MAPF_LNS_SAT_mapf-scen-even_scen-even_room-64-64-16-even-2_scen-agents10-idx4-seed42-1760996934238,0,0,5,0.001371,1,2,120,122,1,2,25,10,0.000000,0.012000,0.034000,0.023000,0.001831,1
_home_max_Documents_PhD_MAPF_LNS_MAPF_LNS_SAT_mapf-map_room-64-64-16_map-_home_max_Documents_PhD_MAPF_LNS_MAPF_LNS_SAT_mapf-scen-even_scen-even_room-64-64-16-even-2_scen-agents10-idx5-seed42-1760996934339,0,0,5,0.001371,1,2,43,45,4,7,179,68,0.000000,0.071000,0.177000,0.146000,0.013742,0
_home_max_Documents_PhD_MAPF_LNS_MAPF_LNS_SAT_mapf-map_room-64-64-16_map-_home_max_Documents_PhD_MAPF_LNS_MAPF_LNS_SAT_mapf-scen-even_scen-even_room-64-64-16-even-2_scen-agents10-idx5-seed42-1760996934339,0,1,13,0.003566,1,2,42,46,3,6,178,62,0.000000,0.060000,0.154000,0.119000,0.015340,1
_home_max_Documents_PhD_MAPF_LNS_MAPF_LNS_SAT_mapf-map_room-64-64-16_map-_home_max_Documents_PhD_MAPF_LNS_MAPF_LNS_SAT_mapf-scen-even_scen-even_room-64-64-16-even-2_scen-agents10-idx5-seed42-1760996934339,0,0,9,0.002468,1,2,73,75,3,7,121,44,0.000000,0.046000,0.124000,0.090000,0.009685,1
_home_max_Documents_PhD_MAPF_LNS_MAPF_LNS_SAT_mapf-map_room-64-64-16_map-_home_max_Documents_PhD_MAPF_LNS_MAPF_LNS_SAT_mapf-scen-even_scen-even_room-64-64-16-even-2_scen-agents10-idx6-seed42-1760996934439,0,0,9,0.002468,1,2,50,52,3,7,97,40,0.000000,0.044000,0.147000,0.106000,0.015719,1
_home_max_Documents_PhD_MAPF_LNS_MAPF_LNS_SAT_mapf-map_room-64-64-16_map-_home_max_Documents_PhD_MAPF_LNS_MAPF_LNS_SAT_mapf-scen-even_scen-even_room-64-64-16-even-2_scen-agents10-idx6-seed42-1760996934439,0,0,9,0.002468,1,2,54,56,4,8,353,101,0.000000,0.107000,0.241000,0.203000,0.017522,1
_home_max_Documents_PhD_MAPF_LNS_MAPF_LNS_SAT_mapf-map_room-64-64-16_map-_home_max_Documents_PhD_MAPF_LNS_MAPF_LNS_SAT_mapf-scen-even_scen-even_room-64-64-16-even-2_scen-agents10-idx6-seed42-1760996934439,0,0,9,0.002468,2,3,71,74,4,9,407,124,0.000000,0.148000,0.294000,0.239000,0.021451,1
_home_max_Documents_PhD_MAPF_LNS_MAPF_LNS_SAT_mapf-map_room-64-64-16_map-_home_max_Documents_PhD_MAPF_LNS_MAPF_LNS_SAT_mapf-scen-even_scen-even_room-64-64-16-even-2_scen-agents10-idx6-seed42-1760996934439,0,0,8,0.002194,1,2,81,83,3,7,118,42,0.000000,0.047000,0.126000,0.093000,0.009221,1
_home_max_Documents_PhD_MAPF_LNS_MAPF_LNS_SAT_mapf-map_room-64-64-16_map-_home_max_Documents_PhD_MAPF_LNS_MAPF_LNS_SAT_mapf-scen-even_scen-even_room-64-64-16-even-2_scen-agents10-idx6-seed42-1760996934439,0,0,8,0.002194,1,2,84,86,3,7,118,42,0.000000,0.046000,0.121000,0.089000,0.008422,1
_home_max_Documents_PhD_MAPF_LNS_MAPF_LNS_SAT_mapf-map_room-64-64-16_map-_home_max_Documents_PhD_MAPF_LNS_MAPF_LNS_SAT_mapf-scen-even_scen-even_room-64-64-16-even-2_scen-agents10-idx6-seed42-1760996934439,0,0,5,0.001371,1,2,117,119,1,2,25,10,0.000000,0.012000,0.035000,0.024000,0.002087,1
_home_max_Documents_PhD_MAPF_LNS_MAPF_LNS_SAT_mapf-map_room-64-64-16_map-_home_max_Documents_PhD_MAPF_LNS_MAPF_LNS_SAT_mapf-scen-even_scen-even_room-64-64-16-even-2_scen-agents10-idx6-seed42-1760996934439,0,0,5,0.001371,1,2,127,129,1,1,24,10,0.000000,0.012000,0.025000,0.020000,0.001271,1
_home_max_Documents_PhD_MAPF_LNS_MAPF_LNS_SAT_mapf-map_room-64-64-16_map-_home_max_Documents_PhD_MAPF_LNS_MAPF_LNS_SAT_mapf-scen-even_scen-even_room-64-64-16-even-2_scen-agents10-idx7-seed42-1760996934541,0,0,9,0.002468,3,3,7,11,2,3,62,30,0.000000,0.025000,0.095000,0.069000,0.010326,1
_home_max_Documents_PhD_MAPF_LNS_MAPF_LNS_SAT_mapf-map_room-64-64-16_map-_home_max_Documents_PhD_MAPF_LNS_MAPF_LNS_SAT_mapf-scen-even_scen-even_room-64-64-16-even-2_scen-agents10-idx7-seed42-1760996934541,0,0,5,0.001371,1,2,15,17,2,3,28,15,0.000000,0.011000,0.040000,0.027000,0.001740,1
_home_max_Documents_PhD_MAPF_LNS_MAPF_LNS_SAT_mapf-map_room-64-64-16_map-_home_max_Documents_PhD_MAPF_LNS_MAPF_LNS_SAT_mapf-scen-even_scen-even_room-64-64-16-even-2_scen-agents10-idx7-seed42-1760996934541,0,0,5,0.001371,1,2,96,98,1,1,24,10,0.000000,0.011000,0.026000,0.021000,0.001904,1
_home_max_Documents_PhD_MAPF_LNS_MAPF_LNS_SAT_mapf-map_room-64-64-16_map-_home_max_Documents_PhD_MAPF_LNS_MAPF_LNS_SAT_mapf-scen-even_scen-even_room-64-64-16-even-2_scen-agents10-idx8-seed42-1760996934637,0,0,5,0.001371,1,2,30,32,1,1,24,10,0.000000,0.011000,0.052000,0.044000,0.007347,1
_home_max_Documents_PhD_MAPF_LNS_MAPF_LNS_SAT_mapf-map_room-64-64-16_map-_home_max_Documents_PhD_MAPF_LNS_MAPF_LNS_SAT_mapf-scen-even_scen-even_room-64-64-16-even-2_scen-agents10-idx8-seed42-1760996934637,0,0,5,0.001371,1,2,55,57,2,3,28,15,0.000000,0.014000,0.043000,0.028000,0.002517,1
_home_max_Documents_PhD_MAPF_LNS_MAPF_LNS_SAT_mapf-map_room-64-64-16_map-_home_max_Documents_PhD_MAPF_LNS_MAPF_LNS_SAT_mapf-scen-even_scen-even_room-64-64-16-even-2_scen-agents10-idx8-seed42-1760996934637,0,0,7,0.001920,1,2,75,77,3,6,98,40,0.000000,0.040000,0.102000,0.075000,0.006660,1
_home_max_Documents_PhD_MAPF_LNS_MAPF_LNS_SAT_mapf-map_room-64-64-16_map-_home_max_Documents_PhD_MAPF_LNS_MAPF_LNS_SAT_mapf-scen-even_scen-even_room-64-64-16-even-2_scen-agents10-idx8-seed42-1760996934637,0,0,5,0.001371,1,2,129,131,1,1,24,10,0.000000,0.012000,0.025000,0.020000,0.001503,1
_home_max_Documents_PhD_MAPF_LNS_MAPF_LNS_SAT_mapf-map_room-64-64-16_map-_home_max_Documents_PhD_MAPF_LNS_MAPF_LNS_SAT_mapf-scen-even_scen-even_room-64-64-16-even-2_scen-agents10-idx9-seed42-1760996934741,0,0,35,0.009600,12,3,19,32,2,3,232,108,0.000000,0.114000,0.178000,0.147000,0.016294,1
_home_max_Documents_PhD_MAPF_LNS_MAPF_LNS_SAT_mapf-map_room-64-64-16_map-_home_max_Documents_PhD_MAPF_LNS_MAPF_LNS_SAT_mapf-scen-even_scen-even_room-64-64-16-even-2_scen-agents10-idx9-seed42-1760996934741,0,0,8,0.002194,1,2,33,35,1,1,14,8,0.000000,0.008000,0.022000,0.016000,0.001246,1
_home_max_Documents_PhD_MAPF_LNS_MAPF_LNS_SAT_mapf-map_room-64-64-16_map-_home_max_Documents_PhD_MAPF_LNS_MAPF_LNS_SAT_mapf-scen-even_scen-even_room-64-64-16-even-2_scen-agents10-idx9-seed42-1760996934741,0,0,4,0.001097,1,3,72,74,1,1,20,10,0.000000,0.012000,0.024000,0.019000,0.001391,1
_home_max_Documents_PhD_MAPF_LNS_MAPF_LNS_SAT_mapf-map_room-64-64-16_map-_home_max_Documents_PhD_MAPF_LNS_MAPF_LNS_SAT_mapf-scen-even_scen-even_room-64-64-16-even-2_scen-agents10-idx9-seed42-1760996934741,0,0,8,0.002194,1,2,89,91,2,4,33,17,0.000000,0.020000,0.053000,0.034000,0.003836,1
_home_max_Documents_PhD_MAPF_LNS_MAPF_LNS_SAT_mapf-map_room-64-64-16_map-_home_max_Documents_PhD_MAPF_LNS_MAPF_LNS_SAT_mapf-scen-even_scen-even_room-64-64-16-even-2_scen-agents10-idx10-seed42-1760996934842,0,0,5,0.001371,1,2,59,61,2,3,28,15,0.000000,0.015000,0.075000,0.057000,0.008541,1
_home_max_Documents_PhD_MAPF_LNS_MAPF_LNS_SAT_mapf-map_room-64-64-16_map-_home_max_Documents_PhD_MAPF_LNS_MAPF_LNS_SAT_mapf-scen-even_scen-even_room-64-64-16-even-2_scen-agents10-idx10-seed42-1760996934842,0,0,4,0.001097,1,2,63,65,1,4,22,9,0.000000,0.009000,0.051000,0.030000,0.002845,1
_home_max_Documents_PhD_MAPF_LNS_MAPF_LNS_SAT_mapf-map_room-64-64-16_map-_home_max_Documents_PhD_MAPF_LNS_MAPF_LNS_SAT_mapf-scen-even_scen-even_room-64-64-16-even-2_scen-agents10-idx10-seed42-1760996934842,0,0,5,0.001371,1,2,78,80,4,7,179,68,0.000000,0.079000,0.141000,0.115000,0.005540,0
_home_max_Documents_PhD_MAPF_LNS_MAPF_LNS_SAT_mapf-map_room-64-64-16_map-_home_max_Documents_PhD_MAPF_LNS_MAPF_LNS_SAT_mapf-scen-even_scen-even_room-64-64-16-even-2_scen-agents10-idx10-seed42-1760996934842,0,1,13,0.003566,1,2,77,81,3,6,178,62,0.000000,0.072000,0.152000,0.121000,0.014142,1
_home_max_Documents_PhD_MAPF_LNS_MAPF_LNS_SAT_mapf-map_room-64-64-16_map-_home_max_Documents_PhD_MAPF_LNS_MAPF_LNS_SAT_mapf-scen-even_scen-even_room-64-64-16-even-2_scen-agents10-idx11-seed42-1760996934943,0,0,5,0.001371,1,2,55,57,4,7,179,68,0.000000,0.070000,0.171000,0.142000,0.011849,0
_home_max_Documents_PhD_MAPF_LNS_MAPF_LNS_SAT_mapf-map_room-64-64-16_map-_home_max_Documents_PhD_MAPF_LNS_MAPF_LNS_SAT_mapf-scen-even_scen-even_room-64-64-16-even-2_scen-agents10-idx11-seed42-1760996934943,0,1,13,0.003566,1,2,54,58,1,1,20,11,0.000000,0.010000,0.021000,0.015000,0.000951,1
_home_max_Documents_PhD_MAPF_LNS_MAPF_LNS_SAT_mapf-map_room-64-64-16_map-_home_max_Documents_PhD_MAPF_LNS_MAPF_LNS_SAT_mapf-scen-even_scen-even_room-64-64-16-even-2_scen-agents10-idx11-seed42-1760996934943,0,0,7,0.001920,1,3,62,64,4,9,263,91,0.000000,0.097000,0.211000,0.168000,0.016574,1
_home_max_Documents_PhD_MAPF_LNS_MAPF_LNS_SAT_mapf-map_room-64-64-16_map-_home_max_Documents_PhD_MAPF_LNS_MAPF_LNS_SAT_mapf-scen-even_scen-even_room-64-64-16-even-2_scen-agents10-idx12-seed42-1760996935045,0,0,19,0.005211,6,3,5,12,2,3,130,61,0.000000,0.048000,0.133000,0.105000,0.016486,1
_home_max_Documents_PhD_MAPF_LNS_MAPF_LNS_SAT_mapf-map_room-64-64-16_map-_home_max_Documents_PhD_MAPF_LNS_MAPF_LNS_SAT_mapf-scen-even_scen-even_room-64-64-16-even-2_scen-agents10-idx12-seed42-1760996935045,0,0,5,0.001371,1,2,35,37,4,7,179,68,0.000000,0.061000,0.142000,0.115000,0.005962,0
_home_max_Documents_PhD_MAPF_LNS_MAPF_LNS_SAT_mapf-map_room-64-64-16_map-_home_max_Documents_PhD_MAPF_LNS_MAPF_LNS_SAT_mapf-scen-even_scen-even_room-64-64-16-even-2_scen-agents10-idx12-seed42-1760996935045,0,1,13,0.003566,1,2,34,38,3,6,178,62,0.000000,0.059000,0.148000,0.119000,0.014263,1
_home_max_Documents_PhD_MAPF_LNS_MAPF_LNS_SAT_mapf-map_room-64-64-16_map-_home_max_Documents_PhD_MAPF_LNS_MAPF_LNS_SAT_mapf-scen-even_scen-even_room-64-64-16-even-2_scen-agents10-idx12-seed42-1760996935045,0,0,5,0.001371,1,2,43,45,4,7,179,68,0.000000,0.062000,0.138000,0.115000,0.005518,0
_home_max_Documents_PhD_MAPF_LNS_MAPF_LNS_SAT_mapf-map_room-64-64-16_map-_home_max_Documents_PhD_MAPF_LNS_MAPF_LNS_SAT_mapf-scen-even_scen-even_room-64-64-16-even-2_scen-agents10-idx12-seed42-1760996935045,0,1,13,0.003566,1,2,42,46,1,2,23,12,0.000000,0.010000,0.040000,0.026000,0.001635,1
_home_max_Documents_PhD_MAPF_LNS_MAPF_LNS_SAT_mapf-map_room-64-64-16_map-_home_max_Documents_PhD_MAPF_LNS_MAPF_LNS_SAT_mapf-scen-even_scen-even_room-64-64-16-even-2_scen-agents10-idx13-seed42-1760996935144,0,0,7,0.001920,1,2,16,18,1,1,12,7,0.000000,0.008000,0.043000,0.035000,0.006627,1
_home_max_Documents_PhD_MAPF_LNS_MAPF_LNS_SAT_mapf-map_room-64-64-16_map-_home_max_Documents_PhD_MAPF_LNS_MAPF_LNS_SAT_mapf-scen-even_scen-even_room-64-64-16-even-2_scen-agents10-idx13-seed42-1760996935144,0,0,8,0.002194,1,2,38,40,3,7,118,42,0.000000,0.039000,0.128000,0.093000,0.010248,1
_home_max_Documents_PhD_MAPF_LNS_MAPF_LNS_SAT_mapf-map_room-64-64-16_map-_home_max_Documents_PhD_MAPF_LNS_MAPF_LNS_SAT_mapf-scen-even_scen-even_room-64-64-16-even-2_scen-agents10-idx13-seed42-1760996935144,0,0,5,0.001371,1,2,43,45,4,7,179,68,0.000000,0.065000,0.138000,0.114000,0.005910,0
_home_max_Documents_PhD_MAPF_LNS_MAPF_LNS_SAT_mapf-map_room-64-64-16_map-_home_max_Documents_PhD_MAPF_LNS_MAPF_LNS_SAT_mapf-scen-even_scen-even_room-64-64-16-even-2_scen-agents10-idx13-seed42-1760996935144,0,1,13,0.003566,1,2,42,46,3,6,178,62,0.000000,0.062000,0.154000,0.121000,0.013697,1
_home_max_Documents_PhD_MAPF_LNS_MAPF_LNS_SAT_mapf-map_room-64-64-16_map-_home_max_Documents_PhD_MAPF_LNS_MAPF_LNS_SAT_mapf-scen-even_scen-even_room-64-64-16-even-2_scen-agents10-idx14-seed42-1760996935245,0,0,8,0.002194,1,2,25,27,3,7,121,44,0.000000,0.044000,0.164000,0.124000,0.018061,1
_home_max_Documents_PhD_MAPF_LNS_MAPF_LNS_SAT_mapf-map_room-64-64-16_map-_home_max_Documents_PhD_MAPF_LNS_MAPF_LNS_SAT_mapf-scen-even_scen-even_room-64-64-16-even-2_scen-agents10-idx14-seed42-1760996935245,0,0,8,0.002194,1,3,27,29,1,1,13,8,0.000000,0.008000,0.020000,0.014000,0.000851,1
_home_max_Documents_PhD_MAPF_LNS_MAPF_LNS_SAT_mapf-map_room-64-64-16_map-_home_max_Documents_PhD_MAPF_LNS_MAPF_LNS_SAT_mapf-scen-even_scen-even_room-64-64-16-even-2_scen-agents10-idx14-seed42-1760996935245,0,0,6,0.001646,1,2,61,63,2,3,32,17,0.000000,0.015000,0.040000,0.028000,0.001723,1
_home_max_Documents_PhD_MAPF_LNS_MAPF_LNS_SAT_mapf-map_room-64-64-16_map-_home_max_Documents_PhD_MAPF_LNS_MAPF_LNS_SAT_mapf-scen-even_scen-even_room-64-64-16-even-2_scen-agents10-idx15-seed42-1760996935347,0,0,4,0.001097,1,2,15,17,4,7,144,61,0.000000,0.051000,0.155000,0.124000,0.012945,0
_home_max_Documents_PhD_MAPF_LNS_MAPF_LNS_SAT_mapf-map_room-64-64-16_map-_home_max_Documents_PhD_MAPF_LNS_MAPF_LNS_SAT_mapf-scen-even_scen-even_room-64-64-16-even-2_scen-agents10-idx15-seed42-1760996935347,0,1,9,0.002468,1,2,14,18,5,10,787,208,0.000000,0.231000,0.452000,0.407000,0.028971,0
_home_max_Documents_PhD_MAPF_LNS_MAPF_LNS_SAT_mapf-map_room-64-64-16_map-_home_max_Documents_PhD_MAPF_LNS_MAPF_LNS_SAT_mapf-scen-even_scen-even_room-64-64-16-even-2_scen-agents10-idx15-seed42-1760996935347,0,2,15,0.004114,1,2,13,19,4,9,657,168,0.000000,0.182000,0.394000,0.338000,0.027330,1
_home_max_Documents_PhD_MAPF_LNS_MAPF_LNS_SAT_mapf-map_room-64-64-16_map-_home_max_Documents_PhD_MAPF_LNS_MAPF_LNS_SAT_mapf-scen-even_scen-even_room-64-64-16-even-2_scen-agents10-idx15-seed42-1760996935347,0,0,5,0.001371,1,2,54,56,2,3,28,15,0.000000,0.013000,0.042000,0.028000,0.001898,1
_home_max_Documents_PhD_MAPF_LNS_MAPF_LNS_SAT_mapf-map_room-64-64-16_map-_home_max_Documents_PhD_MAPF_LNS_MAPF_LNS_SAT_mapf-scen-even_scen-even_room-64-64-16-even-2_scen-agents10-idx15-seed42-1760996935347,0,0,9,0.002468,2,3,71,74,4,11,714,201,0.000000,0.226000,0.470000,0.394000,0.046170,1
_home_max_Documents_PhD_MAPF_LNS_MAPF_LNS_SAT_mapf-map_room-64-64-16_map-_home_max_Documents_PhD_MAPF_LNS_MAPF_LNS_SAT_mapf-scen-even_scen-even_room-64-64-16-even-2_scen-agents10-idx15-seed42-1760996935347,0,0,9,0.002468,1,2,114,116,3,9,168,50,0.000000,0.059000,0.170000,0.128000,0.015851,1
_home_max_Documents_PhD_MAPF_LNS_MAPF_LNS_SAT_mapf-map_room-64-64-16_map-_home_max_Documents_PhD_MAPF_LNS_MAPF_LNS_SAT_mapf-scen-even_scen-even_room-64-64-16-even-2_scen-agents10-idx15-seed42-1760996935347,0,0,8,0.002194,1,2,148,150,3,9,150,48,0.000000,0.063000,0.162000,0.119000,0.014483,1
_home_max_Documents_PhD_MAPF_LNS_MAPF_LNS_SAT_mapf-map_room-64-64-16_map-_home_max_Documents_PhD_MAPF_LNS_MAPF_LNS_SAT_mapf-scen-even_scen-even_room-64-64-16-even-2_scen-agents10-idx15-seed42-1760996935347,0,0,4,0.001097,1,2,159,161,1,4,22,9,0.000000,0.013000,0.048000,0.028000,0.002162,1
_home_max_Documents_PhD_MAPF_LNS_MAPF_LNS_SAT_mapf-map_room-64-64-16_map-_home_max_Documents_PhD_MAPF_LNS_MAPF_LNS_SAT_mapf-scen-even_scen-even_room-64-64-16-even-2_scen-agents10-idx16-seed42-1760996935446,0,0,9,0.002468,3,2,17,21,2,3,54,25,0.000000,0.020000,0.090000,0.068000,0.010698,1
_home_max_Documents_PhD_MAPF_LNS_MAPF_LNS_SAT_mapf-map_room-64-64-16_map-_home_max_Documents_PhD_MAPF_LNS_MAPF_LNS_SAT_mapf-scen-even_scen-even_room-64-64-16-even-2_scen-agents10-idx16-seed42-1760996935446,0,0,9,0.002468,1,2,49,51,3,7,94,38,0.000000,0.035000,0.115000,0.080000,0.009005,1
_home_max_Documents_PhD_MAPF_LNS_MAPF_LNS_SAT_mapf-map_room-64-64-16_map-_home_max_Documents_PhD_MAPF_LNS_MAPF_LNS_SAT_mapf-scen-even_scen-even_room-64-64-16-even-2_scen-agents10-idx16-seed42-1760996935446,0,0,9,0.002468,2,3,68,70,4,13,638,176,0.000000,0.217000,0.487000,0.390000,0.070135,1
_home_max_Documents_PhD_MAPF_LNS_MAPF_LNS_SAT_mapf-map_room-64-64-16_map-_home_max_Documents_PhD_MAPF_LNS_MAPF_LNS_SAT_mapf-scen-even_scen-even_room-64-64-16-even-2_scen-agents10-idx16-seed42-1760996935446,0,0,5,0.001371,1,3,72,74,4,7,183,72,0.000000,0.085000,0.149000,0.123000,0.005885,0
_home_max_Documents_PhD_MAPF_LNS_MAPF_LNS_SAT_mapf-map_room-64-64-16_map-_home_max_Documents_PhD_MAPF_LNS_MAPF_LNS_SAT_mapf-scen-even_scen-even_room-64-64-16-even-2_scen-agents10-idx16-seed42-1760996935446,0,1,13,0.003566,1,4,71,75,1,2,31,17,0.000000,0.023000,0.040000,0.024000,0.001845,1
_home_max_Documents_PhD_MAPF_LNS_MAPF_LNS_SAT_mapf-map_room-64-64-16_map-_home_max_Documents_PhD_MAPF_LNS_MAPF_LNS_SAT_mapf-scen-even_scen-even_room-64-64-16-even-2_scen-agents10-idx16-seed42-1760996935446,0,0,7,0.001920,1,2,73,75,4,8,258,87,0.000000,0.089000,0.201000,0.163000,0.013524,1
_home_max_Documents_PhD_MAPF_LNS_MAPF_LNS_SAT_mapf-map_room-64-64-16_map-_home_max_Documents_PhD_MAPF_LNS_MAPF_LNS_SAT_mapf-scen-even_scen-even_room-64-64-16-even-2_scen-agents10-idx16-seed42-1760996935446,0,0,5,0.001371,1,2,100,102,1,1,24,10,0.000000,0.012000,0.027000,0.021000,0.001395,1
_home_max_Documents_PhD_MAPF_LNS_MAPF_LNS_SAT_mapf-map_room-64-64-16_map-_home_max_Documents_PhD_MAPF_LNS_MAPF_LNS_SAT_mapf-scen-even_scen-even_room-64-64-16-even-2_scen-agents10-idx17-seed42-1760996935546,0,0,21,0.005760,7,3,10,18,2,3,137,59,0.000000,0.078000,0.137000,0.112000,0.015602,1
_home_max_Documents_PhD_MAPF_LNS_MAPF_LNS_SAT_mapf-map_room-64-64-16_map-_home_max_Documents_PhD_MAPF_LNS_MAPF_LNS_SAT_mapf-scen-even_scen-even_room-64-64-16-even-2_scen-agents10-idx17-seed42-1760996935546,0,0,5,0.001371,1,2,173,175,1,2,25,10,0.000000,0.015000,0.042000,0.029000,0.006028,1
_home_max_Documents_PhD_MAPF_LNS_MAPF_LNS_SAT_mapf-map_room-64-64-16_map-_home_max_Documents_PhD_MAPF_LNS_MAPF_LNS_SAT_mapf-scen-even_scen-even_room-64-64-16-even-2_scen-agents10-idx18-seed42-1760996935649,0,0,27,0.007405,9,3,8,18,3,6,584,192,0.000000,0.170000,0.391000,0.329000,0.037502,1
_home_max_Documents_PhD_MAPF_LNS_MAPF_LNS_SAT_mapf-map_room-64-64-16_map-_home_max_Documents_PhD_MAPF_LNS_MAPF_LNS_SAT_mapf-scen-even_scen-even_room-64-64-16-even-2_scen-agents10-idx18-seed42-1760996935649,0,0,6,0.001646,1,2,76,78,3,7,93,38,0.000000,0.045000,0.140000,0.096000,0.012375,1
_home_max_Documents_PhD_MAPF_LNS_MAPF_LNS_SAT_mapf-map_room-64-64-16_map-_home_max_Documents_PhD_MAPF_LNS_MAPF_LNS_SAT_mapf-scen-even_scen-even_room-64-64-16-even-2_scen-agents10-idx18-seed42-1760996935649,0,0,4,0.001097,1,2,82,84,1,4,22,9,0.000000,0.010000,0.048000,0.028000,0.002140,1
_home_max_Documents_PhD_MAPF_LNS_MAPF_LNS_SAT_mapf-map_room-64-64-16_map-_home_max_Documents_PhD_MAPF_LNS_MAPF_LNS_SAT_mapf-scen-even_scen-even_room-64-64-16-even-2_scen-agents10-idx18-seed42-1760996935649,0,0,8,0.002194,1,2,89,91,3,7,126,46,0.000000,0.059000,0.130000,0.093000,0.007835,1
_home_max_Documents_PhD_MAPF_LNS_MAPF_LNS_SAT_mapf-map_room-64-64-16_map-_home_max_Documents_PhD_MAPF_LNS_MAPF_LNS_SAT_mapf-scen-even_scen-even_room-64-64-16-even-2_scen-agents10-idx18-seed42-1760996935649,0,0,4,0.001097,1,2,113,115,1,4,22,9,0.000000,0.011000,0.048000,0.028000,0.002077,1
_home_max_Documents_PhD_MAPF_LNS_MAPF_LNS_SAT_mapf-map_room-64-64-16_map-_home_max_Documents_PhD_MAPF_LNS_MAPF_LNS_SAT_mapf-scen-even_scen-even_room-64-64-16-even-2_scen-agents10-idx19-seed42-1760996935746,0,0,8,0.002194,1,2,47,49,3,7,118,42,0.000000,0.044000,0.147000,0.110000,0.015829,1
_home_max_Documents_PhD_MAPF_LNS_MAPF_LNS_SAT_mapf-map_room-64-64-16_map-_home_max_Documents_PhD_MAPF_LNS_MAPF_LNS_SAT_mapf-scen-even_scen-even_room-64-64-16-even-2_scen-agents10-idx19-seed42-1760996935746,0,0,8,0.002194,1,3,52,54,3,7,127,48,0.000000,0.051000,0.129000,0.093000,0.009261,1
_home_max_Documents_PhD_MAPF_LNS_MAPF_LNS_SAT_mapf-map_room-64-64-16_map-_home_max_Documents_PhD_MAPF_LNS_MAPF_LNS_SAT_mapf-scen-even_scen-even_room-64-64-16-even-2_scen-agents10-idx19-seed42-1760996935746,0,0,8,0.002194,2,3,59,62,3,7,156,59,0.000000,0.065000,0.149000,0.108000,0.009747,1
_home_max_Documents_PhD_MAPF_LNS_MAPF_LNS_SAT_mapf-map_room-64-64-16_map-_home_max_Documents_PhD_MAPF_LNS_MAPF_LNS_SAT_mapf-scen-even_scen-even_room-64-64-16-even-2_scen-agents10-idx21-seed42-1760996935950,0,0,4,0.001097,1,2,26,28,1,4,22,9,0.000000,0.009000,0.077000,0.052000,0.007601,1
_home_max_Documents_PhD_MAPF_LNS_MAPF_LNS_SAT_mapf-map_room-64-64-16_map-_home_max_Documents_PhD_MAPF_LNS_MAPF_LNS_SAT_mapf-scen-even_scen-even_room-64-64-16-even-2_scen-agents10-idx21-seed42-1760996935950,0,0,5,0.001371,1,2,33,35,2,3,28,15,0.000000,0.013000,0.042000,0.029000,0.002313,1
_home_max_Documents_PhD_MAPF_LNS_MAPF_LNS_SAT_mapf-map_room-64-64-16_map-_home_max_Documents_PhD_MAPF_LNS_MAPF_LNS_SAT_mapf-scen-even_scen-even_room-64-64-16-even-2_scen-agents10-idx21-seed42-1760996935950,0,0,5,0.001371,1,2,116,118,1,2,25,10,0.000000,0.011000,0.039000,0.027000,0.002301,1
_home_max_Documents_PhD_MAPF_LNS_MAPF_LNS_SAT_mapf-map_room-64-64-16_map-_home_max_Documents_PhD_MAPF_LNS_MAPF_LNS_SAT_mapf-scen-even_scen-even_room-64-64-16-even-2_scen-agents10-idx22-seed42-1760996936051,0,0,4,0.001097,1,2,9,11,4,7,144,61,0.000000,0.052000,0.149000,0.120000,0.012117,0
_home_max_Documents_PhD_MAPF_LNS_MAPF_LNS_SAT_mapf-map_room-64-64-16_map-_home_max_Documents_PhD_MAPF_LNS_MAPF_LNS_SAT_mapf-scen-even_scen-even_room-64-64-16-even-2_scen-agents10-idx22-seed42-1760996936051,0,1,9,0.002468,1,2,8,12,3,6,138,56,0.000000,0.045000,0.125000,0.094000,0.012895,1
_home_max_Documents_PhD_MAPF_LNS_MAPF_LNS_SAT_mapf-map_room-64-64-16_map-_home_max_Documents_PhD_MAPF_LNS_MAPF_LNS_SAT_mapf-scen-even_scen-even_room-64-64-16-even-2_scen-agents10-idx22-seed42-1760996936051,0,0,4,0.001097,1,2,73,75,2,3,28,15,0.000000,0.015000,0.039000,0.027000,0.001699,1
_home_max_Documents_PhD_MAPF_LNS_MAPF_LNS_SAT_mapf-map_room-64-64-16_map-_home_max_Documents_PhD_MAPF_LNS_MAPF_LNS_SAT_mapf-scen-even_scen-even_room-64-64-16-even-2_scen-agents10-idx22-seed42-1760996936051,0,0,5,0.001371,1,2,75,77,4,7,179,68,0.000000,0.073000,0.137000,0.113000,0.005190,0
_home_max_Documents_PhD_MAPF_LNS_MAPF_LNS_SAT_mapf-map_room-64-64-16_map-_home_max_Documents_PhD_MAPF_LNS_MAPF_LNS_SAT_mapf-scen-even_scen-even_room-64-64-16-even-2_scen-agents10-idx22-seed42-1760996936051,0,1,13,0.003566,1,2,74,78,3,6,178,62,0.000000,0.066000,0.146000,0.116000,0.013183,1
_home_max_Documents_PhD_MAPF_LNS_MAPF_LNS_SAT_mapf-map_room-64-64-16_map-_home_max_Documents_PhD_MAPF_LNS_MAPF_LNS_SAT_mapf-scen-even_scen-even_room-64-64-16-even-2_scen-agents10-idx22-seed42-1760996936051,0,0,8,0.002194,1,2,83,85,3,7,118,42,0.000000,0.048000,0.121000,0.088000,0.009166,1
_home_max_Documents_PhD_MAPF_LNS_MAPF_LNS_SAT_mapf-map_room-64-64-16_map-_home_max_Documents_PhD_MAPF_LNS_MAPF_LNS_SAT_mapf-scen-even_scen-even_room-64-64-16-even-2_scen-agents10-idx22-seed42-1760996936051,0,0,5,0.001371,1,2,84,86,4,7,179,68,0.000000,0.068000,0.135000,0.113000,0.005519,0
_home_max_Documents_PhD_MAPF_LNS_MAPF_LNS_SAT_mapf-map_room-64-64-16_map-_home_max_Documents_PhD_MAPF_LNS_MAPF_LNS_SAT_mapf-scen-even_scen-even_room-64-64-16-even-2_scen-agents10-idx22-seed42-1760996936051,0,1,13,0.003566,1,2,83,87,3,6,178,62,0.000000,0.064000,0.142000,0.114000,0.012959,1
_home_max_Documents_PhD_MAPF_LNS_MAPF_LNS_SAT_mapf-map_room-64-64-16_map-_home_max_Documents_PhD_MAPF_LNS_MAPF_LNS_SAT_mapf-scen-even_scen-even_room-64-64-16-even-2_scen-agents10-idx22-seed42-1760996936051,0,0,8,0.002194,1,2,92,94,3,7,118,42,0.000000,0.046000,0.124000,0.091000,0.009048,1
_home_max_Documents_PhD_MAPF_LNS_MAPF_LNS_SAT_mapf-map_room-64-64-16_map-_home_max_Documents_PhD_MAPF_LNS_MAPF_LNS_SAT_mapf-scen-even_scen-even_room-64-64-16-even-2_scen-agents10-idx23-seed42-1760996936151,0,0,9,0.002468,3,2,13,17,2,3,52,25,0.000000,0.021000,0.091000,0.066000,0.010206,1
_home_max_Documents_PhD_MAPF_LNS_MAPF_LNS_SAT_mapf-map_room-64-64-16_map-_home_max_Documents_PhD_MAPF_LNS_MAPF_LNS_SAT_mapf-scen-even_scen-even_room-64-64-16-even-2_scen-agents10-idx23-seed42-1760996936151,0,0,9,0.002468,1,2,34,36,4,8,353,101,0.000000,0.099000,0.242000,0.204000,0.017292,1
_home_max_Documents_PhD_MAPF_LNS_MAPF_LNS_SAT_mapf-map_room-64-64-16_map-_home_max_Documents_PhD_MAPF_LNS_MAPF_LNS_SAT_mapf-scen-even_scen-even_room-64-64-16-even-2_scen-agents10-idx24-seed42-1760996936253,0,0,4,0.001097,1,2,43,45,1,4,22,9,0.000000,0.010000,0.075000,0.053000,0.009098,1
_home_max_Documents_PhD_MAPF_LNS_MAPF_LNS_SAT_mapf-map_room-64-64-16_map-_home_max_Documents_PhD_MAPF_LNS_MAPF_LNS_SAT_mapf-scen-even_scen-even_room-64-64-16-even-2_scen-agents10-idx24-seed42-1760996936253,0,0,4,0.001097,1,2,49,51,1,4,22,9,0.000000,0.009000,0.047000,0.028000,0.002105,1
_home_max_Documents_PhD_MAPF_LNS_MAPF_LNS_SAT_mapf-map_room-64-64-16_map-_home_max_Documents_PhD_MAPF_LNS_MAPF_LNS_SAT_mapf-scen-even_scen-even_room-64-64-16-even-2_scen-agents10-idx24-seed42-1760996936253,0,0,5,0.001371,1,2,53,55,1,2,25,10,0.000000,0.010000,0.036000,0.025000,0.001884,1
_home_max_Documents_PhD_MAPF_LNS_MAPF_LNS_SAT_mapf-map_room-64-64-16_map-_home_max_Documents_PhD_MAPF_LNS_MAPF_LNS_SAT_mapf-scen-even_scen-even_room-64-64-16-even-2_scen-agents10-idx24-seed42-1760996936253,0,0,5,0.001371,1,2,64,66,1,2,25,10,0.000000,0.010000,0.033000,0.022000,0.001395,1
_home_max_Documents_PhD_MAPF_LNS_MAPF_LNS_SAT_mapf-map_room-64-64-16_map-_home_max_Documents_PhD_MAPF_LNS_MAPF_LNS_SAT_mapf-scen-even_scen-even_room-64-64-16-even-2_scen-agents10-idx24-seed42-1760996936253,0,0,4,0.001097,1,2,80,82,1,4,22,9,0.000000,0.009000,0.046000,0.026000,0.001667,1
_home_max_Documents_PhD_MAPF_LNS_MAPF_LNS_SAT_mapf-map_room-64-64-16_map-_home_max_Documents_PhD_MAPF_LNS_MAPF_LNS_SAT_mapf-scen-even_scen-even_room-64-64-16-even-2_scen-agents10-idx24-seed42-1760996936253,0,0,5,0.001371,1,2,101,103,1,1,24,10,0.000000,0.012000,0.024000,0.019000,0.001072,1
_home_max_Documents_PhD_MAPF_LNS_MAPF_LNS_SAT_mapf-map_room-64-64-16_map-_home_max_Documents_PhD_MAPF_LNS_MAPF_LNS_SAT_mapf-scen-even_scen-even_room-64-64-16-even-2_scen-agents10-idx26-seed42-1760996936449,0,0,9,0.002468,1,3,16,18,3,5,101,44,0.000000,0.046000,0.138000,0.110000,0.013035,1
_home_max_Documents_PhD_MAPF_LNS_MAPF_LNS_SAT_mapf-map_room-64-64-16_map-_home_max_Documents_PhD_MAPF_LNS_MAPF_LNS_SAT_mapf-scen-even_scen-even_room-64-64-16-even-2_scen-agents10-idx26-seed42-1760996936449,0,0,8,0.002194,1,2,21,23,2,3,32,17,0.000000,0.012000,0.044000,0.030000,0.002145,1
_home_max_Documents_PhD_MAPF_LNS_MAPF_LNS_SAT_mapf-map_room-64-64-16_map-_home_max_Documents_PhD_MAPF_LNS_MAPF_LNS_SAT_mapf-scen-even_scen-even_room-64-64-16-even-2_scen-agents10-idx26-seed42-1760996936449,0,0,5,0.001371,1,2,38,40,4,7,179,68,0.000000,0.064000,0.136000,0.112000,0.005743,0
_home_max_Documents_PhD_MAPF_LNS_MAPF_LNS_SAT_mapf-map_room-64-64-16_map-_home_max_Documents_PhD_MAPF_LNS_MAPF_LNS_SAT_mapf-scen-even_scen-even_room-64-64-16-even-2_scen-agents10-idx26-seed42-1760996936449,0,1,13,0.003566,1,2,37,41,1,2,27,14,0.000000,0.013000,0.036000,0.023000,0.002132,1
_home_max_Documents_PhD_MAPF_LNS_MAPF_LNS_SAT_mapf-map_room-64-64-16_map-_home_max_Documents_PhD_MAPF_LNS_MAPF_LNS_SAT_mapf-scen-even_scen-even_room-64-64-16-even-2_scen-agents10-idx27-seed42-1760996936554,0,0,7,0.001920,1,3,26,28,4,8,262,91,0.000000,0.088000,0.236000,0.192000,0.022103,1
_home_max_Documents_PhD_MAPF_LNS_MAPF_LNS_SAT_mapf-map_room-64-64-16_map-_home_max_Documents_PhD_MAPF_LNS_MAPF_LNS_SAT_mapf-scen-even_scen-even_room-64-64-16-even-2_scen-agents10-idx27-seed42-1760996936554,0,0,9,0.002468,1,2,69,71,5,9,999,259,0.000000,0.350000,0.515000,0.474000,0.013509,0
_home_max_Documents_PhD_MAPF_LNS_MAPF_LNS_SAT_mapf-map_room-64-64-16_map-_home_max_Documents_PhD_MAPF_LNS_MAPF_LNS_SAT_mapf-scen-even_scen-even_room-64-64-16-even-2_scen-agents10-idx27-seed42-1760996936554,0,1,19,0.005211,1,3,68,72,4,10,1107,233,0.000000,0.353000,0.616000,0.542000,0.047205,1
_home_max_Documents_PhD_MAPF_LNS_MAPF_LNS_SAT_mapf-map_room-64-64-16_map-_home_max_Documents_PhD_MAPF_LNS_MAPF_LNS_SAT_mapf-scen-even_scen-even_room-64-64-16-even-2_scen-agents10-idx28-seed42-1760996936653,0,0,5,0.001371,1,2,49,51,4,7,179,68,0.000000,0.070000,0.178000,0.150000,0.013571,0
_home_max_Documents_PhD_MAPF_LNS_MAPF_LNS_SAT_mapf-map_room-64-64-16_map-_home_max_Documents_PhD_MAPF_LNS_MAPF_LNS_SAT_mapf-scen-even_scen-even_room-64-64-16-even-2_scen-agents10-idx28-seed42-1760996936653,0,1,13,0.003566,1,2,48,52,3,6,178,62,0.000000,0.064000,0.154000,0.121000,0.014106,1
_home_max_Documents_PhD_MAPF_LNS_MAPF_LNS_SAT_mapf-map_room-64-64-16_map-_home_max_Documents_PhD_MAPF_LNS_MAPF_LNS_SAT_mapf-scen-even_scen-even_room-64-64-16-even-2_scen-agents10-idx28-seed42-1760996936653,0,0,8,0.002194,1,2,58,60,3,7,118,42,0.000000,0.046000,0.125000,0.091000,0.009167,1
_home_max_Documents_PhD_MAPF_LNS_MAPF_LNS_SAT_mapf-map_room-64-64-16_map-_home_max_Documents_PhD_MAPF_LNS_MAPF_LNS_SAT_mapf-scen-even_scen-even_room-64-64-16-even-2_scen-agents10-idx28-seed42-1760996936653,0,0,9,0.002468,1,2,69,71,4,9,359,104,0.000000,0.122000,0.276000,0.228000,0.019736,1
_home_max_Documents_PhD_MAPF_LNS_MAPF_LNS_SAT_mapf-map_room-64-64-16_map-_home_max_Documents_PhD_MAPF_LNS_MAPF_LNS_SAT_mapf-scen-even_scen-even_room-64-64-16-even-2_scen-agents10-idx29-seed42-1760996936754,0,0,6,0.001646,1,2,0,1,3,7,77,30,0.000000,0.027000,0.144000,0.106000,0.014202,1
_home_max_Documents_PhD_MAPF_LNS_MAPF_LNS_SAT_mapf-map_room-64-64-16_map-_home_max_Documents_PhD_MAPF_LNS_MAPF_LNS_SAT_mapf-scen-even_scen-even_room-64-64-16-even-2_scen-agents10-idx29-seed42-1760996936754,0,0,11,0.003017,2,3,79,82,3,7,191,66,0.000000,0.092000,0.167000,0.125000,0.012308,1
_home_max_Documents_PhD_MAPF_LNS_MAPF_LNS_SAT_mapf-map_room-64-64-16_map-_home_max_Documents_PhD_MAPF_LNS_MAPF_LNS_SAT_mapf-scen-even_scen-even_room-64-64-16-even-2_scen-agents10-idx29-seed42-1760996936754,0,0,5,0.001371,1,3,83,85,4,7,195,77,0.000000,0.093000,0.147000,0.120000,0.005651,0
_home_max_Documents_PhD_MAPF_LNS_MAPF_LNS_SAT_mapf-map_room-64-64-16_map-_home_max_Documents_PhD_MAPF_LNS_MAPF_LNS_SAT_mapf-scen-even_scen-even_room-64-64-16-even-2_scen-agents10-idx29-seed42-1760996936754,0,1,13,0.003566,1,3,82,86,1,2,26,14,0.000000,0.018000,0.035000,0.020000,0.001062,1
_home_max_Documents_PhD_MAPF_LNS_MAPF_LNS_SAT_mapf-map_room-64-64-16_map-_home_max_Documents_PhD_MAPF_LNS_MAPF_LNS_SAT_mapf-scen-even_scen-even_room-64-64-16-even-2_scen-agents10-idx30-seed42-1760996936854,0,0,5,0.001371,1,2,30,32,1,1,24,10,0.000000,0.011000,0.052000,0.044000,0.007884,1
_home_max_Documents_PhD_MAPF_LNS_MAPF_LNS_SAT_mapf-map_room-64-64-16_map-_home_max_Documents_PhD_MAPF_LNS_MAPF_LNS_SAT_mapf-scen-even_scen-even_room-64-64-16-even-2_scen-agents10-idx30-seed42-1760996936854,0,0,5,0.001371,1,2,55,57,2,3,28,15,0.000000,0.013000,0.045000,0.030000,0.002742,1
_home_max_Documents_PhD_MAPF_LNS_MAPF_LNS_SAT_mapf-map_room-64-64-16_map-_home_max_Documents_PhD_MAPF_LNS_MAPF_LNS_SAT_mapf-scen-even_scen-even_room-64-64-16-even-2_scen-agents10-idx30-seed42-1760996936854,0,0,4,0.001097,1,2,73,75,4,7,144,61,0.000000,0.060000,0.127000,0.101000,0.007909,0
_home_max_Documents_PhD_MAPF_LNS_MAPF_LNS_SAT_mapf-map_room-64-64-16_map-_home_max_Documents_PhD_MAPF_LNS_MAPF_LNS_SAT_mapf-scen-even_scen-even_room-64-64-16-even-2_scen-agents10-idx30-seed42-1760996936854,0,1,8,0.002194,1,3,72,76,5,10,676,202,0.000000,0.239000,0.411000,0.363000,0.030880,0
_home_max_Documents_PhD_MAPF_LNS_MAPF_LNS_SAT_mapf-map_room-64-64-16_map-_home_max_Documents_PhD_MAPF_LNS_MAPF_LNS_SAT_mapf-scen-even_scen-even_room-64-64-16-even-2_scen-agents10-idx30-seed42-1760996936854,0,2,14,0.003840,1,3,71,77,4,10,780,209,0.000000,0.263000,0.507000,0.438000,0.060334,1
_home_max_Documents_PhD_MAPF_LNS_MAPF_LNS_SAT_mapf-map_room-64-64-16_map-_home_max_Documents_PhD_MAPF_LNS_MAPF_LNS_SAT_mapf-scen-even_scen-even_room-64-64-16-even-2_scen-agents10-idx30-seed42-1760996936854,0,0,5,0.001371,1,2,156,158,1,2,25,10,0.000000,0.014000,0.039000,0.026000,0.002207,1
_home_max_Documents_PhD_MAPF_LNS_MAPF_LNS_SAT_mapf-map_room-64-64-16_map-_home_max_Documents_PhD_MAPF_LNS_MAPF_LNS_SAT_mapf-scen-even_scen-even_room-64-64-16-even-2_scen-agents10-idx31-seed42-1760996936954,0,0,5,0.001371,1,2,92,94,4,7,182,70,0.000000,0.081000,0.181000,0.152000,0.013137,0
_home_max_Documents_PhD_MAPF_LNS_MAPF_LNS_SAT_mapf-map_room-64-64-16_map-_home_max_Documents_PhD_MAPF_LNS_MAPF_LNS_SAT_mapf-scen-even_scen-even_room-64-64-16-even-2_scen-agents10-idx31-seed42-1760996936954,0,1,11,0.003017,1,2,91,95,5,10,1139,259,0.000000,0.370000,0.612000,0.559000,0.038277,0
_home_max_Documents_PhD_MAPF_LNS_MAPF_LNS_SAT_mapf-map_room-64-64-16_map-_home_max_Documents_PhD_MAPF_LNS_MAPF_LNS_SAT_mapf-scen-even_scen-even_room-64-64-16-even-2_scen-agents10-idx31-seed42-1760996936954,0,2,22,0.006034,1,2,90,96,4,9,1161,227,0.000000,0.369000,0.609000,0.545000,0.038047,1
_home_max_Documents_PhD_MAPF_LNS_MAPF_LNS_SAT_mapf-map_room-64-64-16_map-_home_max_Documents_PhD_MAPF_LNS_MAPF_LNS_SAT_mapf-scen-even_scen-even_room-64-64-16-even-2_scen-agents10-idx32-seed42-1760996937058,0,0,8,0.002194,3,2,5,9,2,3,54,25,0.000000,0.018000,0.081000,0.062000,0.010669,1
_home_max_Documents_PhD_MAPF_LNS_MAPF_LNS_SAT_mapf-map_room-64-64-16_map-_home_max_Documents_PhD_MAPF_LNS_MAPF_LNS_SAT_mapf-scen-even_scen-even_room-64-64-16-even-2_scen-agents10-idx32-seed42-1760996937058,0,0,8,0.002194,1,2,26,28,3,8,126,46,0.000000,0.044000,0.144000,0.099000,0.011127,1
_home_max_Documents_PhD_MAPF_LNS_MAPF_LNS_SAT_mapf-map_room-64-64-16_map-_home_max_Documents_PhD_MAPF_LNS_MAPF_LNS_SAT_mapf-scen-even_scen-even_room-64-64-16-even-2_scen-agents10-idx32-seed42-1760996937058,0,0,9,0.002468,1,2,69,71,3,5,92,38,0.000000,0.038000,0.091000,0.069000,0.004757,1
_home_max_Documents_PhD_MAPF_LNS_MAPF_LNS_SAT_mapf-map_room-64-64-16_map-_home_max_Documents_PhD_MAPF_LNS_MAPF_LNS_SAT_mapf-scen-even_scen-even_room-64-64-16-even-2_scen-agents10-idx32-seed42-1760996937058,0,0,5,0.001371,1,2,137,139,1,3,26,10,0.000000,0.013000,0.046000,0.028000,0.002507,1
_home_max_Documents_PhD_MAPF_LNS_MAPF_LNS_SAT_mapf-map_room-64-64-16_map-_home_max_Documents_PhD_MAPF_LNS_MAPF_LNS_SAT_mapf-scen-even_scen-even_room-64-64-16-even-2_scen-agents10-idx33-seed42-1760996937154,0,0,5,0.001371,1,2,5,7,2,3,28,15,0.000000,0.012000,0.078000,0.059000,0.008976,1
_home_max_Documents_PhD_MAPF_LNS_MAPF_LNS_SAT_mapf-map_room-64-64-16_map-_home_max_Documents_PhD_MAPF_LNS_MAPF_LNS_SAT_mapf-scen-even_scen-even_room-64-64-16-even-2_scen-agents10-idx33-seed42-1760996937154,0,0,5,0.001371,1,2,27,29,1,2,25,10,0.000000,0.009000,0.039000,0.026000,0.002944,1
_home_max_Documents_PhD_MAPF_LNS_MAPF_LNS_SAT_mapf-map_room-64-64-16_map-_home_max_Documents_PhD_MAPF_LNS_MAPF_LNS_SAT_mapf-scen-even_scen-even_room-64-64-16-even-2_scen-agents10-idx33-seed42-1760996937154,0,0,5,0.001371,1,2,30,32,1,2,25,10,0.000000,0.008000,0.034000,0.023000,0.001823,1
_home_max_Documents_PhD_MAPF_LNS_MAPF_LNS_SAT_mapf-map_room-64-64-16_map-_home_max_Documents_PhD_MAPF_LNS_MAPF_LNS_SAT_mapf-scen-even_scen-even_room-64-64-16-even-2_scen-agents10-idx33-seed42-1760996937154,0,0,5,0.001371,1,2,42,44,1,2,25,10,0.000000,0.009000,0.037000,0.026000,0.002268,1
_home_max_Documents_PhD_MAPF_LNS_MAPF_LNS_SAT_mapf-map_room-64-64-16_map-_home_max_Documents_PhD_MAPF_LNS_MAPF_LNS_SAT_mapf-scen-even_scen-even_room-64-64-16-even-2_scen-agents10-idx33-seed42-1760996937154,0,0,5,0.001371,1,2,48,50,1,2,25,10,0.000000,0.009000,0.033000,0.021000,0.001561,1
_home_max_Documents_PhD_MAPF_LNS_MAPF_LNS_SAT_mapf-map_room-64-64-16_map-_home_max_Documents_PhD_MAPF_LNS_MAPF_LNS_SAT_mapf-scen-even_scen-even_room-64-64-16-even-2_scen-agents10-idx33-seed42-1760996937154,0,0,9,0.002468,1,2,54,56,3,5,92,38,0.000000,0.034000,0.089000,0.068000,0.004697,1
_home_max_Documents_PhD_MAPF_LNS_MAPF_LNS_SAT_mapf-map_room-64-64-16_map-_home_max_Documents_PhD_MAPF_LNS_MAPF_LNS_SAT_mapf-scen-even_scen-even_room-64-64-16-even-2_scen-agents10-idx33-seed42-1760996937154,0,0,7,0.001920,1,2,76,78,3,7,99,40,0.000000,0.039000,0.111000,0.080000,0.009064,1
_home_max_Documents_PhD_MAPF_LNS_MAPF_LNS_SAT_mapf-map_room-64-64-16_map-_home_max_Documents_PhD_MAPF_LNS_MAPF_LNS_SAT_mapf-scen-even_scen-even_room-64-64-16-even-2_scen-agents10-idx33-seed42-1760996937154,0,0,5,0.001371,1,2,107,109,1,2,25,10,0.000000,0.012000,0.046000,0.030000,0.002808,1
_home_max_Documents_PhD_MAPF_LNS_MAPF_LNS_SAT_mapf-map_room-64-64-16_map-_home_max_Documents_PhD_MAPF_LNS_MAPF_LNS_SAT_mapf-scen-even_scen-even_room-64-64-16-even-2_scen-agents10-idx33-seed42-1760996937154,0,0,5,0.001371,1,2,156,158,1,2,25,10,0.000000,0.014000,0.035000,0.024000,0.001986,1
_home_max_Documents_PhD_MAPF_LNS_MAPF_LNS_SAT_mapf-map_room-64-64-16_map-_home_max_Documents_PhD_MAPF_LNS_MAPF_LNS_SAT_mapf-scen-even_scen-even_room-64-64-16-even-2_scen-agents10-idx33-seed42-1760996937154,0,0,5,0.001371,1,2,179,181,1,2,25,10,0.000000,0.014000,0.036000,0.025000,0.002087,1
_home_max_Documents_PhD_MAPF_LNS_MAPF_LNS_SAT_mapf-map_room-64-64-16_map-_home_max_Documents_PhD_MAPF_LNS_MAPF_LNS_SAT_mapf-scen-even_scen-even_room-64-64-16-even-2_scen-agents10-idx34-seed42-1760996937257,0,0,9,0.002468,3,2,11,15,2,3,54,25,0.000000,0.020000,0.085000,0.063000,0.011224,1
_home_max_Documents_PhD_MAPF_LNS_MAPF_LNS_SAT_mapf-map_room-64-64-16_map-_home_max_Documents_PhD_MAPF_LNS_MAPF_LNS_SAT_mapf-scen-even_scen-even_room-64-64-16-even-2_scen-agents10-idx34-seed42-1760996937257,0,0,5,0.001371,1,2,81,83,2,3,28,15,0.000000,0.016000,0.041000,0.027000,0.001926,1
_home_max_Documents_PhD_MAPF_LNS_MAPF_LNS_SAT_mapf-map_room-64-64-16_map-_home_max_Documents_PhD_MAPF_LNS_MAPF_LNS_SAT_mapf-scen-even_scen-even_room-64-64-16-even-2_scen-agents10-idx34-seed42-1760996937257,0,0,8,0.002194,2,3,92,95,3,7,162,63,0.000000,0.077000,0.150000,0.111000,0.009789,1
_home_max_Documents_PhD_MAPF_LNS_MAPF_LNS_SAT_mapf-map_room-64-64-16_map-_home_max_Documents_PhD_MAPF_LNS_MAPF_LNS_SAT_mapf-scen-even_scen-even_room-64-64-16-even-2_scen-agents10-idx35-seed42-1760996937359,0,0,5,0.001371,1,2,55,57,4,7,179,68,0.000000,0.070000,0.174000,0.144000,0.013057,0
_home_max_Documents_PhD_MAPF_LNS_MAPF_LNS_SAT_mapf-map_room-64-64-16_map-_home_max_Documents_PhD_MAPF_LNS_MAPF_LNS_SAT_mapf-scen-even_scen-even_room-64-64-16-even-2_scen-agents10-idx35-seed42-1760996937359,0,1,11,0.003017,1,2,54,58,5,10,1122,249,0.000000,0.341000,0.611000,0.563000,0.035674,0
_home_max_Documents_PhD_MAPF_LNS_MAPF_LNS_SAT_mapf-map_room-64-64-16_map-_home_max_Documents_PhD_MAPF_LNS_MAPF_LNS_SAT_mapf-scen-even_scen-even_room-64-64-16-even-2_scen-agents10-idx35-seed42-1760996937359,0,2,21,0.005760,1,2,53,59,4,9,1161,220,0.000000,0.336000,0.616000,0.559000,0.044976,1
_home_max_Documents_PhD_MAPF_LNS_MAPF_LNS_SAT_mapf-map_room-64-64-16_map-_home_max_Documents_PhD_MAPF_LNS_MAPF_LNS_SAT_mapf-scen-even_scen-even_room-64-64-16-even-2_scen-agents10-idx36-seed42-1760996937456,0,0,8,0.002194,1,2,68,70,3,7,118,42,0.000000,0.049000,0.162000,0.124000,0.018221,1
_home_max_Documents_PhD_MAPF_LNS_MAPF_LNS_SAT_mapf-map_room-64-64-16_map-_home_max_Documents_PhD_MAPF_LNS_MAPF_LNS_SAT_mapf-scen-even_scen-even_room-64-64-16-even-2_scen-agents10-idx37-seed42-1760996937559,0,0,7,0.001920,1,2,65,67,3,7,105,40,0.000000,0.044000,0.147000,0.107000,0.015912,1
_home_max_Documents_PhD_MAPF_LNS_MAPF_LNS_SAT_mapf-map_room-64-64-16_map-_home_max_Documents_PhD_MAPF_LNS_MAPF_LNS_SAT_mapf-scen-even_scen-even_room-64-64-16-even-2_scen-agents10-idx37-seed42-1760996937559,0,0,4,0.001097,1,2,74,76,4,7,144,61,0.000000,0.063000,0.123000,0.098000,0.005438,0
_home_max_Documents_PhD_MAPF_LNS_MAPF_LNS_SAT_mapf-map_room-64-64-16_map-_home_max_Documents_PhD_MAPF_LNS_MAPF_LNS_SAT_mapf-scen-even_scen-even_room-64-64-16-even-2_scen-agents10-idx37-seed42-1760996937559,0,1,9,0.002468,1,2,73,77,3,6,138,56,0.000000,0.055000,0.127000,0.098000,0.012334,1
_home_max_Documents_PhD_MAPF_LNS_MAPF_LNS_SAT_mapf-map_room-64-64-16_map-_home_max_Documents_PhD_MAPF_LNS_MAPF_LNS_SAT_mapf-scen-even_scen-even_room-64-64-16-even-2_scen-agents10-idx37-seed42-1760996937559,0,0,5,0.001371,1,2,91,93,4,7,179,68,0.000000,0.073000,0.139000,0.115000,0.005659,0
_home_max_Documents_PhD_MAPF_LNS_MAPF_LNS_SAT_mapf-map_room-64-64-16_map-_home_max_Documents_PhD_MAPF_LNS_MAPF_LNS_SAT_mapf-scen-even_scen-even_room-64-64-16-even-2_scen-agents10-idx37-seed42-1760996937559,0,1,11,0.003017,1,2,90,94,4,9,437,120,0.000000,0.142000,0.285000,0.242000,0.022119,0
_home_max_Documents_PhD_MAPF_LNS_MAPF_LNS_SAT_mapf-map_room-64-64-16_map-_home_max_Documents_PhD_MAPF_LNS_MAPF_LNS_SAT_mapf-scen-even_scen-even_room-64-64-16-even-2_scen-agents10-idx37-seed42-1760996937559,0,2,22,0.006034,1,2,89,95,4,9,1144,217,0.000000,0.327000,0.584000,0.529000,0.036506,1
_home_max_Documents_PhD_MAPF_LNS_MAPF_LNS_SAT_mapf-map_room-64-64-16_map-_home_max_Documents_PhD_MAPF_LNS_MAPF_LNS_SAT_mapf-scen-even_scen-even_room-64-64-16-even-2_scen-agents10-idx37-seed42-1760996937559,0,0,5,0.001371,1,2,144,146,1,1,24,10,0.000000,0.013000,0.028000,0.022000,0.001611,1
_home_max_Documents_PhD_MAPF_LNS_MAPF_LNS_SAT_mapf-map_room-64-64-16_map-_home_max_Documents_PhD_MAPF_LNS_MAPF_LNS_SAT_mapf-scen-even_scen-even_room-64-64-16-even-2_scen-agents10-idx38-seed42-1760996937661,0,0,9,0.002468,1,2,58,60,4,9,354,101,0.000000,0.111000,0.291000,0.241000,0.026039,1
_home_max_Documents_PhD_MAPF_LNS_MAPF_LNS_SAT_mapf-map_room-64-64-16_map-_home_max_Documents_PhD_MAPF_LNS_MAPF_LNS_SAT_mapf-scen-even_scen-even_room-64-64-16-even-2_scen-agents10-idx38-seed42-1760996937661,0,0,4,0.001097,1,2,76,78,4,7,145,62,0.000000,0.067000,0.126000,0.103000,0.005795,0
_home_max_Documents_PhD_MAPF_LNS_MAPF_LNS_SAT_mapf-map_room-64-64-16_map-_home_max_Documents_PhD_MAPF_LNS_MAPF_LNS_SAT_mapf-scen-even_scen-even_room-64-64-16-even-2_scen-agents10-idx38-seed42-1760996937661,0,1,9,0.002468,1,2,75,79,1,2,23,12,0.000000,0.012000,0.033000,0.021000,0.001390,1
_home_max_Documents_PhD_MAPF_LNS_MAPF_LNS_SAT_mapf-map_room-64-64-16_map-_home_max_Documents_PhD_MAPF_LNS_MAPF_LNS_SAT_mapf-scen-even_scen-even_room-64-64-16-even-2_scen-agents10-idx38-seed42-1760996937661,0,0,4,0.001097,1,2,80,82,4,7,144,61,0.000000,0.060000,0.117000,0.094000,0.004843,0
_home_max_Documents_PhD_MAPF_LNS_MAPF_LNS_SAT_mapf-map_room-64-64-16_map-_home_max_Documents_PhD_MAPF_LNS_MAPF_LNS_SAT_mapf-scen-even_scen-even_room-64-64-16-even-2_scen-agents10-idx38-seed42-1760996937661,0,1,8,0.002194,1,2,79,83,3,6,128,54,0.000000,0.052000,0.124000,0.094000,0.012416,1
_home_max_Documents_PhD_MAPF_LNS_MAPF_LNS_SAT_mapf-map_room-64-64-16_map-_home_max_Documents_PhD_MAPF_LNS_MAPF_LNS_SAT_mapf-scen-even_scen-even_room-64-64-16-even-2_scen-agents10-idx39-seed42-1760996937762,0,0,8,0.002194,2,3,83,85,3,7,219,73,0.000000,0.096000,0.224000,0.174000,0.022276,1
_home_max_Documents_PhD_MAPF_LNS_MAPF_LNS_SAT_mapf-map_room-64-64-16_map-_home_max_Documents_PhD_MAPF_LNS_MAPF_LNS_SAT_mapf-scen-even_scen-even_room-64-64-16-even-3_scen-agents10-idx0-seed42-1760996937863,0,0,5,0.001371,1,2,162,164,1,1,24,10,0.000000,0.016000,0.065000,0.057000,0.008383,1
_home_max_Documents_PhD_MAPF_LNS_MAPF_LNS_SAT_mapf-map_room-64-64-16_map-_home_max_Documents_PhD_MAPF_LNS_MAPF_LNS_SAT_mapf-scen-even_scen-even_room-64-64-16-even-3_scen-agents10-idx1-seed42-1760996937962,0,0,9,0.002468,1,2,42,44,3,6,120,44,0.000000,0.052000,0.149000,0.114000,0.014446,1
_home_max_Documents_PhD_MAPF_LNS_MAPF_LNS_SAT_mapf-map_room-64-64-16_map-_home_max_Documents_PhD_MAPF_LNS_MAPF_LNS_SAT_mapf-scen-even_scen-even_room-64-64-16-even-3_scen-agents10-idx2-seed42-1760996938064,0,0,5,0.001371,1,2,72,74,4,7,179,68,0.000000,0.074000,0.177000,0.149000,0.013518,0
_home_max_Documents_PhD_MAPF_LNS_MAPF_LNS_SAT_mapf-map_room-64-64-16_map-_home_max_Documents_PhD_MAPF_LNS_MAPF_LNS_SAT_mapf-scen-even_scen-even_room-64-64-16-even-3_scen-agents10-idx2-seed42-1760996938064,0,1,13,0.003566,1,2,71,75,1,2,23,12,0.000000,0.013000,0.034000,0.020000,0.001496,1
_home_max_Documents_PhD_MAPF_LNS_MAPF_LNS_SAT_mapf-map_room-64-64-16_map-_home_max_Documents_PhD_MAPF_LNS_MAPF_LNS_SAT_mapf-scen-even_scen-even_room-64-64-16-even-3_scen-agents10-idx3-seed42-1760996938165,0,0,9,0.002468,1,2,37,39,3,6,120,44,0.000000,0.044000,0.149000,0.117000,0.015153,1
_home_max_Documents_PhD_MAPF_LNS_MAPF_LNS_SAT_mapf-map_room-64-64-16_map-_home_max_Documents_PhD_MAPF_LNS_MAPF_LNS_SAT_mapf-scen-even_scen-even_room-64-64-16-even-3_scen-agents10-idx3-seed42-1760996938165,0,0,5,0.001371,1,2,87,89,4,7,179,68,0.000000,0.072000,0.139000,0.114000,0.005831,0
_home_max_Documents_PhD_MAPF_LNS_MAPF_LNS_SAT_mapf-map_room-64-64-16_map-_home_max_Documents_PhD_MAPF_LNS_MAPF_LNS_SAT_mapf-scen-even_scen-even_room-64-64-16-even-3_scen-agents10-idx3-seed42-1760996938165,0,1,11,0.003017,1,2,86,90,5,10,1053,241,0.000000,0.324000,0.551000,0.508000,0.034653,0
_home_max_Documents_PhD_MAPF_LNS_MAPF_LNS_SAT_mapf-map_room-64-64-16_map-_home_max_Documents_PhD_MAPF_LNS_MAPF_LNS_SAT_mapf-scen-even_scen-even_room-64-64-16-even-3_scen-agents10-idx3-seed42-1760996938165,0,2,22,0.006034,1,2,85,91,6,11,5507,746,0.000000,1.431000,2.257000,2.184000,0.090906,1
_home_max_Documents_PhD_MAPF_LNS_MAPF_LNS_SAT_mapf-map_room-64-64-16_map-_home_max_Documents_PhD_MAPF_LNS_MAPF_LNS_SAT_mapf-scen-even_scen-even_room-64-64-16-even-3_scen-agents10-idx4-seed42-1760996938261,0,0,5,0.001371,1,2,27,29,2,3,28,15,0.000000,0.014000,0.067000,0.049000,0.008206,1
_home_max_Documents_PhD_MAPF_LNS_MAPF_LNS_SAT_mapf-map_room-64-64-16_map-_home_max_Documents_PhD_MAPF_LNS_MAPF_LNS_SAT_mapf-scen-even_scen-even_room-64-64-16-even-3_scen-agents10-idx4-seed42-1760996938261,0,0,8,0.002194,1,2,46,48,3,5,81,36,0.000000,0.033000,0.086000,0.065000,0.004850,1
_home_max_Documents_PhD_MAPF_LNS_MAPF_LNS_SAT_mapf-map_room-64-64-16_map-_home_max_Documents_PhD_MAPF_LNS_MAPF_LNS_SAT_mapf-scen-even_scen-even_room-64-64-16-even-3_scen-agents10-idx4-seed42-1760996938261,0,0,9,0.002468,1,2,48,50,3,5,92,38,0.000000,0.034000,0.090000,0.070000,0.004911,1
_home_max_Documents_PhD_MAPF_LNS_MAPF_LNS_SAT_mapf-map_room-64-64-16_map-_home_max_Documents_PhD_MAPF_LNS_MAPF_LNS_SAT_mapf-scen-even_scen-even_room-64-64-16-even-3_scen-agents10-idx4-seed42-1760996938261,0,0,4,0.001097,1,2,67,69,2,3,28,15,0.000000,0.014000,0.037000,0.026000,0.001915,1
_home_max_Documents_PhD_MAPF_LNS_MAPF_LNS_SAT_mapf-map_room-64-64-16_map-_home_max_Documents_PhD_MAPF_LNS_MAPF_LNS_SAT_mapf-scen-even_scen-even_room-64-64-16-even-3_scen-agents10-idx5-seed42-1760996938366,0,0,5,0.001371,1,2,20,22,1,1,24,10,0.000000,0.010000,0.055000,0.047000,0.009424,1
_home_max_Documents_PhD_MAPF_LNS_MAPF_LNS_SAT_mapf-map_room-64-64-16_map-_home_max_Documents_PhD_MAPF_LNS_MAPF_LNS_SAT_mapf-scen-even_scen-even_room-64-64-16-even-3_scen-agents10-idx5-seed42-1760996938366,0,0,5,0.001371,1,2,32,34,1,1,24,10,0.000000,0.009000,0.027000,0.021000,0.001606,1
_home_max_Documents_PhD_MAPF_LNS_MAPF_LNS_SAT_mapf-map_room-64-64-16_map-_home_max_Documents_PhD_MAPF_LNS_MAPF_LNS_SAT_mapf-scen-even_scen-even_room-64-64-16-even-3_scen-agents10-idx5-seed42-1760996938366,0,0,8,0.002194,1,2,40,42,4,9,305,94,0.000000,0.093000,0.235000,0.187000,0.017364,1
_home_max_Documents_PhD_MAPF_LNS_MAPF_LNS_SAT_mapf-map_room-64-64-16_map-_home_max_Documents_PhD_MAPF_LNS_MAPF_LNS_SAT_mapf-scen-even_scen-even_room-64-64-16-even-3_scen-agents10-idx5-seed42-1760996938366,0,0,7,0.001920,1,2,53,55,3,7,105,40,0.000000,0.041000,0.117000,0.084000,0.008334,1
_home_max_Documents_PhD_MAPF_LNS_MAPF_LNS_SAT_mapf-map_room-64-64-16_map-_home_max_Documents_PhD_MAPF_LNS_MAPF_LNS_SAT_mapf-scen-even_scen-even_room-64-64-16-even-3_scen-agents10-idx6-seed42-1760996938467,0,0,15,0.004114,6,2,4,11,1,1,50,26,0.000000,0.024000,0.070000,0.060000,0.009231,1
_home_max_Documents_PhD_MAPF_LNS_MAPF_LNS_SAT_mapf-map_room-64-64-16_map-_home_max_Documents_PhD_MAPF_LNS_MAPF_LNS_SAT_mapf-scen-even_scen-even_room-64-64-16-even-3_scen-agents10-idx6-seed42-1760996938467,0,0,9,0.002468,2,3,71,74,4,10,618,190,0.000000,0.251000,0.426000,0.344000,0.036452,1
_home_max_Documents_PhD_MAPF_LNS_MAPF_LNS_SAT_mapf-map_room-64-64-16_map-_home_max_Documents_PhD_MAPF_LNS_MAPF_LNS_SAT_mapf-scen-even_scen-even_room-64-64-16-even-3_scen-agents10-idx6-seed42-1760996938467,0,0,5,0.001371,1,2,96,98,1,3,26,10,0.000000,0.012000,0.047000,0.029000,0.002442,1
_home_max_Documents_PhD_MAPF_LNS_MAPF_LNS_SAT_mapf-map_room-64-64-16_map-_home_max_Documents_PhD_MAPF_LNS_MAPF_LNS_SAT_mapf-scen-even_scen-even_room-64-64-16-even-3_scen-agents10-idx7-seed42-1760996938568,0,0,9,0.002468,1,2,51,53,3,5,92,38,0.000000,0.040000,0.119000,0.093000,0.011280,1
_home_max_Documents_PhD_MAPF_LNS_MAPF_LNS_SAT_mapf-map_room-64-64-16_map-_home_max_Documents_PhD_MAPF_LNS_MAPF_LNS_SAT_mapf-scen-even_scen-even_room-64-64-16-even-3_scen-agents10-idx7-seed42-1760996938568,0,0,9,0.002468,1,3,54,56,4,8,470,139,0.000000,0.160000,0.285000,0.247000,0.009782,0
_home_max_Documents_PhD_MAPF_LNS_MAPF_LNS_SAT_mapf-map_room-64-64-16_map-_home_max_Documents_PhD_MAPF_LNS_MAPF_LNS_SAT_mapf-scen-even_scen-even_room-64-64-16-even-3_scen-agents10-idx7-seed42-1760996938568,0,1,19,0.005211,1,3,53,57,4,9,1276,262,0.000000,0.360000,0.652000,0.591000,0.044280,1
_home_max_Documents_PhD_MAPF_LNS_MAPF_LNS_SAT_mapf-map_room-64-64-16_map-_home_max_Documents_PhD_MAPF_LNS_MAPF_LNS_SAT_mapf-scen-even_scen-even_room-64-64-16-even-3_scen-agents10-idx7-seed42-1760996938568,0,0,5,0.001371,1,2,152,154,1,1,24,10,0.000000,0.014000,0.028000,0.023000,0.001622,1
_home_max_Documents_PhD_MAPF_LNS_MAPF_LNS_SAT_mapf-map_room-64-64-16_map-_home_max_Documents_PhD_MAPF_LNS_MAPF_LNS_SAT_mapf-scen-even_scen-even_room-64-64-16-even-3_scen-agents10-idx8-seed42-1760996938668,0,0,9,0.002468,3,2,9,13,2,3,54,25,0.000000,0.019000,0.092000,0.069000,0.010018,1
_home_max_Documents_PhD_MAPF_LNS_MAPF_LNS_SAT_mapf-map_room-64-64-16_map-_home_max_Documents_PhD_MAPF_LNS_MAPF_LNS_SAT_mapf-scen-even_scen-even_room-64-64-16-even-3_scen-agents10-idx8-seed42-1760996938668,0,0,5,0.001371,1,2,71,73,4,7,179,68,0.000000,0.072000,0.148000,0.122000,0.005667,0
_home_max_Documents_PhD_MAPF_LNS_MAPF_LNS_SAT_mapf-map_room-64-64-16_map-_home_max_Documents_PhD_MAPF_LNS_MAPF_LNS_SAT_mapf-scen-even_scen-even_room-64-64-16-even-3_scen-agents10-idx8-seed42-1760996938668,0,1,11,0.003017,1,2,70,74,5,10,1000,228,0.000000,0.308000,0.536000,0.494000,0.030704,0
_home_max_Documents_PhD_MAPF_LNS_MAPF_LNS_SAT_mapf-map_room-64-64-16_map-_home_max_Documents_PhD_MAPF_LNS_MAPF_LNS_SAT_mapf-scen-even_scen-even_room-64-64-16-even-3_scen-agents10-idx8-seed42-1760996938668,0,2,21,0.005760,1,2,69,75,4,9,866,184,0.000000,0.263000,0.485000,0.429000,0.037011,1
_home_max_Documents_PhD_MAPF_LNS_MAPF_LNS_SAT_mapf-map_room-64-64-16_map-_home_max_Documents_PhD_MAPF_LNS_MAPF_LNS_SAT_mapf-scen-even_scen-even_room-64-64-16-even-3_scen-agents10-idx10-seed42-1760996938869,0,0,5,0.001371,1,2,54,56,4,7,184,71,0.000000,0.077000,0.184000,0.153000,0.014533,0
_home_max_Documents_PhD_MAPF_LNS_MAPF_LNS_SAT_mapf-map_room-64-64-16_map-_home_max_Documents_PhD_MAPF_LNS_MAPF_LNS_SAT_mapf-scen-even_scen-even_room-64-64-16-even-3_scen-agents10-idx10-seed42-1760996938869,0,1,11,0.003017,1,2,53,57,5,10,1068,246,0.000000,0.343000,0.574000,0.523000,0.033548,0
_home_max_Documents_PhD_MAPF_LNS_MAPF_LNS_SAT_mapf-map_room-64-64-16_map-_home_max_Documents_PhD_MAPF_LNS_MAPF_LNS_SAT_mapf-scen-even_scen-even_room-64-64-16-even-3_scen-agents10-idx10-seed42-1760996938869,0,2,22,0.006034,1,3,52,58,4,10,1210,235,0.000000,0.348000,0.661000,0.585000,0.055498,1
_home_max_Documents_PhD_MAPF_LNS_MAPF_LNS_SAT_mapf-map_room-64-64-16_map-_home_max_Documents_PhD_MAPF_LNS_MAPF_LNS_SAT_mapf-scen-even_scen-even_room-64-64-16-even-3_scen-agents10-idx10-seed42-1760996938869,0,0,7,0.001920,1,2,74,76,3,7,83,36,0.000000,0.036000,0.110000,0.075000,0.007567,1
_home_max_Documents_PhD_MAPF_LNS_MAPF_LNS_SAT_mapf-map_room-64-64-16_map-_home_max_Documents_PhD_MAPF_LNS_MAPF_LNS_SAT_mapf-scen-even_scen-even_room-64-64-16-even-3_scen-agents10-idx10-seed42-1760996938869,0,0,5,0.001371,1,2,96,98,4,7,179,68,0.000000,0.076000,0.138000,0.114000,0.005957,0
_home_max_Documents_PhD_MAPF_LNS_MAPF_LNS_SAT_mapf-map_room-64-64-16_map-_home_max_Documents_PhD_MAPF_LNS_MAPF_LNS_SAT_mapf-scen-even_scen-even_room-64-64-16-even-3_scen-agents10-idx10-seed42-1760996938869,0,1,13,0.003566,1,2,95,99,1,2,23,12,0.000000,0.014000,0.033000,0.020000,0.001429,1
_home_max_Documents_PhD_MAPF_LNS_MAPF_LNS_SAT_mapf-map_room-64-64-16_map-_home_max_Documents_PhD_MAPF_LNS_MAPF_LNS_SAT_mapf-scen-even_scen-even_room-64-64-16-even-3_scen-agents10-idx12-seed42-1760996939071,0,0,9,0.002468,5,3,61,65,4,11,477,153,0.000000,0.180000,0.403000,0.318000,0.041828,1
_home_max_Documents_PhD_MAPF_LNS_MAPF_LNS_SAT_mapf-map_room-64-64-16_map-_home_max_Documents_PhD_MAPF_LNS_MAPF_LNS_SAT_mapf-scen-even_scen-even_room-64-64-16-even-3_scen-agents10-idx12-seed42-1760996939071,0,0,4,0.001097,1,2,70,72,1,2,20,9,0.000000,0.010000,0.036000,0.024000,0.002054,1
_home_max_Documents_PhD_MAPF_LNS_MAPF_LNS_SAT_mapf-map_room-64-64-16_map-_home_max_Documents_PhD_MAPF_LNS_MAPF_LNS_SAT_mapf-scen-even_scen-even_room-64-64-16-even-3_scen-agents10-idx12-seed42-1760996939071,0,0,9,0.002468,2,3,89,91,1,2,17,9,0.000000,0.012000,0.025000,0.015000,0.000586,0
_home_max_Documents_PhD_MAPF_LNS_MAPF_LNS_SAT_mapf-map_room-64-64-16_map-_home_max_Documents_PhD_MAPF_LNS_MAPF_LNS_SAT_mapf-scen-even_scen-even_room-64-64-16-even-3_scen-agents10-idx12-seed42-1760996939071,0,1,19,0.005211,2,3,88,92,1,2,29,15,0.000000,0.021000,0.029000,0.018000,0.000429,0
_home_max_Documents_PhD_MAPF_LNS_MAPF_LNS_SAT_mapf-map_room-64-64-16_map-_home_max_Documents_PhD_MAPF_LNS_MAPF_LNS_SAT_mapf-scen-even_scen-even_room-64-64-16-even-3_scen-agents10-idx12-seed42-1760996939071,0,2,34,0.009325,2,3,87,93,1,2,45,23,0.000000,0.039000,0.039000,0.027000,0.001360,0
_home_max_Documents_PhD_MAPF_LNS_MAPF_LNS_SAT_mapf-map_room-64-64-16_map-_home_max_Documents_PhD_MAPF_LNS_MAPF_LNS_SAT_mapf-scen-even_scen-even_room-64-64-16-even-3_scen-agents10-idx12-seed42-1760996939071,0,3,52,0.014262,2,3,86,94,1,2,59,30,0.000000,0.039000,0.045000,0.032000,0.001310,0
_home_max_Documents_PhD_MAPF_LNS_MAPF_LNS_SAT_mapf-map_room-64-64-16_map-_home_max_Documents_PhD_MAPF_LNS_MAPF_LNS_SAT_mapf-scen-even_scen-even_room-64-64-16-even-3_scen-agents10-idx12-seed42-1760996939071,0,4,72,0.019748,2,3,85,95,1,2,89,44,0.000000,0.064000,0.066000,0.049000,0.003229,0
_home_max_Documents_PhD_MAPF_LNS_MAPF_LNS_SAT_mapf-map_room-64-64-16_map-_home_max_Documents_PhD_MAPF_LNS_MAPF_LNS_SAT_mapf-scen-even_scen-even_room-64-64-16-even-3_scen-agents10-idx12-seed42-1760996939071,0,5,94,0.025782,2,3,84,96,1,2,119,57,0.000000,0.069000,0.079000,0.062000,0.004244,0
_home_max_Documents_PhD_MAPF_LNS_MAPF_LNS_SAT_mapf-map_room-64-64-16_map-_home_max_Documents_PhD_MAPF_LNS_MAPF_LNS_SAT_mapf-scen-even_scen-even_room-64-64-16-even-3_scen-agents10-idx12-seed42-1760996939071,0,6,118,0.032364,2,3,83,97,1,2,158,72,0.000000,0.088000,0.095000,0.078000,0.004693,0
_home_max_Documents_PhD_MAPF_LNS_MAPF_LNS_SAT_mapf-map_room-64-64-16_map-_home_max_Documents_PhD_MAPF_LNS_MAPF_LNS_SAT_mapf-scen-even_scen-even_room-64-64-16-even-3_scen-agents10-idx12-seed42-1760996939071,0,7,144,0.039495,2,4,82,98,1,2,203,89,0.000000,0.122000,0.118000,0.096000,0.005689,0
_home_max_Documents_PhD_MAPF_LNS_MAPF_LNS_SAT_mapf-map_room-64-64-16_map-_home_max_Documents_PhD_MAPF_LNS_MAPF_LNS_SAT_mapf-scen-even_scen-even_room-64-64-16-even-3_scen-agents10-idx12-seed42-1760996939071,0,8,172,0.047175,2,4,81,99,1,2,253,108,0.000000,0.143000,0.141000,0.118000,0.006969,0
_home_max_Documents_PhD_MAPF_LNS_MAPF_LNS_SAT_mapf-map_room-64-64-16_map-_home_max_Documents_PhD_MAPF_LNS_MAPF_LNS_SAT_mapf-scen-even_scen-even_room-64-64-16-even-3_scen-agents10-idx12-seed42-1760996939071,0,9,202,0.055403,2,4,80,100,1,2,323,137,0.000000,0.178000,0.181000,0.152000,0.008526,0
_home_max_Documents_PhD_MAPF_LNS_MAPF_LNS_SAT_mapf-map_room-64-64-16_map-_home_max_Documents_PhD_MAPF_LNS_MAPF_LNS_SAT_mapf-scen-even_scen-even_room-64-64-16-even-3_scen-agents10-idx12-seed42-1760996939071,0,10,232,0.063631,2,5,79,101,1,2,380,160,0.000000,0.294000,0.204000,0.175000,0.010147,0
_home_max_Documents_PhD_MAPF_LNS_MAPF_LNS_SAT_mapf-map_room-64-64-16_map-_home_max_Documents_PhD_MAPF_LNS_MAPF_LNS_SAT_mapf-scen-even_scen-even_room-64-64-16-even-3_scen-agents10-idx12-seed42-1760996939071,0,11,262,0.071860,2,5,78,102,1,2,480,197,0.000000,0.264000,0.245000,0.212000,0.012422,0
_home_max_Documents_PhD_MAPF_LNS_MAPF_LNS_SAT_mapf-map_room-64-64-16_map-_home_max_Documents_PhD_MAPF_LNS_MAPF_LNS_SAT_mapf-scen-even_scen-even_room-64-64-16-even-3_scen-agents10-idx12-seed42-1760996939071,0,12,292,0.080088,2,5,77,103,1,2,567,228,0.000000,0.301000,0.281000,0.253000,0.012747,0
_home_max_Documents_PhD_MAPF_LNS_MAPF_LNS_SAT_mapf-map_room-64-64-16_map-_home_max_Documents_PhD_MAPF_LNS_MAPF_LNS_SAT_mapf-scen-even_scen-even_room-64-64-16-even-3_scen-agents10-idx12-seed42-1760996939071,0,13,323,0.088590,2,5,76,104,1,2,703,270,0.000000,0.359000,0.346000,0.307000,0.015287,0
_home_max_Documents_PhD_MAPF_LNS_MAPF_LNS_SAT_mapf-map_room-64-64-16_map-_home_max_Documents_PhD_MAPF_LNS_MAPF_LNS_SAT_mapf-scen-even_scen-even_room-64-64-16-even-3_scen-agents10-idx12-seed42-1760996939071,0,14,352,0.096544,2,5,75,105,1,2,792,301,0.000000,0.406000,0.374000,0.336000,0.017088,0
_home_max_Documents_PhD_MAPF_LNS_MAPF_LNS_SAT_mapf-map_room-64-64-16_map-_home_max_Documents_PhD_MAPF_LNS_MAPF_LNS_SAT_mapf-scen-even_scen-even_room-64-64-16-even-3_scen-agents10-idx12-seed42-1760996939071,0,15,377,0.103401,2,5,74,106,1,2,881,332,0.000000,0.467000,0.420000,0.375000,0.018872,0
_home_max_Documents_PhD_MAPF_LNS_MAPF_LNS_SAT_mapf-map_room-64-64-16_map-_home_max_Documents_PhD_MAPF_LNS_MAPF_LNS_SAT_mapf-scen-even_scen-even_room-64-64-16-even-3_scen-agents10-idx12-seed42-1760996939071,0,16,400,0.109709,2,5,73,107,1,2,956,359,0.000000,0.500000,0.434000,0.389000,0.018842,0
_home_max_Documents_PhD_MAPF_LNS_MAPF_LNS_SAT_mapf-map_room-64-64-16_map-_home_max_Documents_PhD_MAPF_LNS_MAPF_LNS_SAT_mapf-scen-even_scen-even_room-64-64-16-even-3_scen-agents10-idx12-seed42-1760996939071,0,17,422,0.115743,2,5,72,108,1,2,1086,397,0.000000,0.568000,0.499000,0.442000,0.020808,0
_home_max_Documents_PhD_MAPF_LNS_MAPF_LNS_SAT_mapf-map_room-64-64-16_map-_home_max_Documents_PhD_MAPF_LNS_MAPF_LNS_SAT_mapf-scen-even_scen-even_room-64-64-16-even-3_scen-agents10-idx12-seed42-1760996939071,0,18,443,0.121503,2,5,71,109,1,2,1207,438,0.000000,0.608000,0.561000,0.508000,0.024639,0
_home_max_Documents_PhD_MAPF_LNS_MAPF_LNS_SAT_mapf-map_room-64-64-16_map-_home_max_Documents_PhD_MAPF_LNS_MAPF_LNS_SAT_mapf-scen-even_scen-even_room-64-64-16-even-3_scen-agents10-idx12-seed42-1760996939071,0,19,463,0.126988,2,5,70,110,1,2,1270,463,0.000000,0.653000,0.591000,0.537000,0.025622,0
_home_max_Documents_PhD_MAPF_LNS_MAPF_LNS_SAT_mapf-map_room-64-64-16_map-_home_max_Documents_PhD_MAPF_LNS_MAPF_LNS_SAT_mapf-scen-even_scen-even_room-64-64-16-even-3_scen-agents10-idx12-seed42-1760996939071,0,20,484,0.132748,2,5,69,111,1,2,1384,502,0.000000,0.714000,0.634000,0.575000,0.031544,0
_home_max_Documents_PhD_MAPF_LNS_MAPF_LNS_SAT_mapf-map_room-64-64-16_map-_home_max_Documents_PhD_MAPF_LNS_MAPF_LNS_SAT_mapf-scen-even_scen-even_room-64-64-16-even-3_scen-agents10-idx12-seed42-1760996939071,0,21,505,0.138508,2,5,68,112,1,2,1436,525,0.000000,0.758000,0.646000,0.586000,0.029271,0
_home_max_Documents_PhD_MAPF_LNS_MAPF_LNS_SAT_mapf-map_room-64-64-16_map-_home_max_Documents_PhD_MAPF_LNS_MAPF_LNS_SAT_mapf-scen-even_scen-even_room-64-64-16-even-3_scen-agents10-idx12-seed42-1760996939071,0,22,525,0.143993,2,5,67,113,1,2,1496,550,0.000000,0.805000,0.668000,0.607000,0.029706,0
_home_max_Documents_PhD_MAPF_LNS_MAPF_LNS_SAT_mapf-map_room-64-64-16_map-_home_max_Documents_PhD_MAPF_LNS_MAPF_LNS_SAT_mapf-scen-even_scen-even_room-64-64-16-even-3_scen-agents10-idx12-seed42-1760996939071,0,23,546,0.149753,2,6,66,114,1,2,1844,671,0.000000,1.002000,0.822000,0.741000,0.037013,0
_home_max_Documents_PhD_MAPF_LNS_MAPF_LNS_SAT_mapf-map_room-64-64-16_map-_home_max_Documents_PhD_MAPF_LNS_MAPF_LNS_SAT_mapf-scen-even_scen-even_room-64-64-16-even-3_scen-agents10-idx12-seed42-1760996939071,0,24,568,0.155787,2,6,65,115,1,2,1949,710,0.000000,1.072000,0.872000,0.797000,0.037906,0
_home_max_Documents_PhD_MAPF_LNS_MAPF_LNS_SAT_mapf-map_room-64-64-16_map-_home_max_Documents_PhD_MAPF_LNS_MAPF_LNS_SAT_mapf-scen-even_scen-even_room-64-64-16-even-3_scen-agents10-idx12-seed42-1760996939071,0,25,591,0.162095,2,6,64,116,1,2,2071,749,0.000000,1.230000,0.932000,0.844000,0.040795,0
_home_max_Documents_PhD_MAPF_LNS_MAPF_LNS_SAT_mapf-map_room-64-64-16_map-_home_max_Documents_PhD_MAPF_LNS_MAPF_LNS_SAT_mapf-scen-even_scen-even_room-64-64-16-even-3_scen-agents10-idx12-seed42-1760996939071,0,26,617,0.169227,2,6,63,117,1,2,2334,803,0.000000,1.340000,1.045000,0.958000,0.045579,0
_home_max_Documents_PhD_MAPF_LNS_MAPF_LNS_SAT_mapf-map_room-64-64-16_map-_home_max_Documents_PhD_MAPF_LNS_MAPF_LNS_SAT_mapf-scen-even_scen-even_room-64-64-16-even-3_scen-agents10-idx12-seed42-1760996939071,0,27,646,0.177180,2,6,62,118,1,2,2860,871,0.000000,1.533000,1.279000,1.166000,0.056173,0
_home_max_Documents_PhD_MAPF_LNS_MAPF_LNS_SAT_mapf-map_room-64-64-16_map-_home_max_Documents_PhD_MAPF_LNS_MAPF_LNS_SAT_mapf-scen-even_scen-even_room-64-64-16-even-3_scen-agents10-idx12-seed42-1760996939071,0,28,679,0.186231,2,7,61,119,1,2,4676,1132,0.000000,2.372000,2.172000,2.015000,0.170575,0
_home_max_Documents_PhD_MAPF_LNS_MAPF_LNS_SAT_mapf-map_room-64-64-16_map-_home_max_Documents_PhD_MAPF_LNS_MAPF_LNS_SAT_mapf-scen-even_scen-even_room-64-64-16-even-3_scen-agents10-idx12-seed42-1760996939071,0,29,714,0.195831,2,7,60,120,1,2,5400,1223,0.000000,2.588000,2.340000,2.250000,0.147513,0
_home_max_Documents_PhD_MAPF_LNS_MAPF_LNS_SAT_mapf-map_room-64-64-16_map-_home_max_Documents_PhD_MAPF_LNS_MAPF_LNS_SAT_mapf-scen-even_scen-even_room-64-64-16-even-3_scen-agents10-idx12-seed42-1760996939071,0,30,750,0.205705,2,7,59,121,1,2,6129,1321,0.000000,2.926000,2.672000,2.554000,0.189295,0
_home_max_Documents_PhD_MAPF_LNS_MAPF_LNS_SAT_mapf-map_room-64-64-16_map-_home_max_Documents_PhD_MAPF_LNS_MAPF_LNS_SAT_mapf-scen-even_scen-even_room-64-64-16-even-3_scen-agents10-idx12-seed42-1760996939071,0,31,786,0.215579,2,7,58,122,1,2,6891,1425,0.000000,3.290000,2.931000,2.804000,0.190982,0
_home_max_Documents_PhD_MAPF_LNS_MAPF_LNS_SAT_mapf-map_room-64-64-16_map-_home_max_Documents_PhD_MAPF_LNS_MAPF_LNS_SAT_mapf-scen-even_scen-even_room-64-64-16-even-3_scen-agents10-idx12-seed42-1760996939071,0,32,822,0.225453,2,7,57,123,1,2,7616,1522,0.000000,3.656000,3.242000,3.104000,0.223709,0
_home_max_Documents_PhD_MAPF_LNS_MAPF_LNS_SAT_mapf-map_room-64-64-16_map-_home_max_Documents_PhD_MAPF_LNS_MAPF_LNS_SAT_mapf-scen-even_scen-even_room-64-64-16-even-3_scen-agents10-idx12-seed42-1760996939071,0,33,860,0.235875,2,7,56,124,1,2,9518,1693,0.000000,4.487000,4.020000,3.868000,0.252401,0
_home_max_Documents_PhD_MAPF_LNS_MAPF_LNS_SAT_mapf-map_room-64-64-16_map-_home_max_Documents_PhD_MAPF_LNS_MAPF_LNS_SAT_mapf-scen-even_scen-even_room-64-64-16-even-3_scen-agents10-idx12-seed42-1760996939071,0,34,896,0.245749,2,7,55,125,1,2,12146,1867,0.000000,5.618000,5.173000,4.984000,0.283754,0
_home_max_Documents_PhD_MAPF_LNS_MAPF_LNS_SAT_mapf-map_room-64-64-16_map-_home_max_Documents_PhD_MAPF_LNS_MAPF_LNS_SAT_mapf-scen-even_scen-even_room-64-64-16-even-3_scen-agents10-idx12-seed42-1760996939071,0,35,933,0.255897,2,7,54,126,1,2,13392,1985,0.000000,6.203000,5.508000,5.275000,0.318033,0
_home_max_Documents_PhD_MAPF_LNS_MAPF_LNS_SAT_mapf-map_room-64-64-16_map-_home_max_Documents_PhD_MAPF_LNS_MAPF_LNS_SAT_mapf-scen-even_scen-even_room-64-64-16-even-3_scen-agents10-idx12-seed42-1760996939071,0,36,973,0.266868,2,7,53,127,1,2,14881,2157,0.000000,6.877000,6.064000,5.843000,0.322543,0
_home_max_Documents_PhD_MAPF_LNS_MAPF_LNS_SAT_mapf-map_room-64-64-16_map-_home_max_Documents_PhD_MAPF_LNS_MAPF_LNS_SAT_mapf-scen-even_scen-even_room-64-64-16-even-3_scen-agents10-idx12-seed42-1760996939071,0,37,1014,0.278113,2,7,52,128,1,2,18986,2376,0.000000,8.678000,7.734000,7.475000,0.379680,0
_home_max_Documents_PhD_MAPF_LNS_MAPF_LNS_SAT_mapf-map_room-64-64-16_map-_home_max_Documents_PhD_MAPF_LNS_MAPF_LNS_SAT_mapf-scen-even_scen-even_room-64-64-16-even-3_scen-agents10-idx12-seed42-1760996939071,0,38,1057,0.289907,2,7,51,129,1,2,20865,2578,0.000000,9.454000,8.356000,8.126000,0.245339,0
_home_max_Documents_PhD_MAPF_LNS_MAPF_LNS_SAT_mapf-map_room-64-64-16_map-_home_max_Documents_PhD_MAPF_LNS_MAPF_LNS_SAT_mapf-scen-even_scen-even_room-64-64-16-even-3_scen-agents10-idx12-seed42-1760996939071,0,39,1100,0.301700,2,7,50,130,1,2,22665,2750,0.000000,10.329000,9.265000,8.867000,0.264231,0
_home_max_Documents_PhD_MAPF_LNS_MAPF_LNS_SAT_mapf-map_room-64-64-16_map-_home_max_Documents_PhD_MAPF_LNS_MAPF_LNS_SAT_mapf-scen-even_scen-even_room-64-64-16-even-3_scen-agents10-idx12-seed42-1760996939071,0,40,1144,0.313769,2,7,49,131,1,2,30648,3079,0.000000,14.724000,13.101000,12.635000,0.355367,0
_home_max_Documents_PhD_MAPF_LNS_MAPF_LNS_SAT_mapf-map_room-64-64-16_map-_home_max_Documents_PhD_MAPF_LNS_MAPF_LNS_SAT_mapf-scen-even_scen-even_room-64-64-16-even-3_scen-agents10-idx12-seed42-1760996939071,0,41,1189,0.326111,2,7,48,132,1,2,35115,3267,0.000000,17.872000,14.122000,13.481000,0.363978,0
_home_max_Documents_PhD_MAPF_LNS_MAPF_LNS_SAT_mapf-map_room-64-64-16_map-_home_max_Documents_PhD_MAPF_LNS_MAPF_LNS_SAT_mapf-scen-even_scen-even_room-64-64-16-even-3_scen-agents10-idx12-seed42-1760996939071,0,42,1236,0.339002,2,7,47,133,1,2,38219,3485,0.000000,19.395000,14.831000,14.405000,0.420058,0
_home_max_Documents_PhD_MAPF_LNS_MAPF_LNS_SAT_mapf-map_room-64-64-16_map-_home_max_Documents_PhD_MAPF_LNS_MAPF_LNS_SAT_mapf-scen-even_scen-even_room-64-64-16-even-3_scen-agents10-idx12-seed42-1760996939071,0,43,1285,0.352441,2,7,46,134,1,2,43351,3720,0.000000,21.196000,17.946000,17.548000,0.467900,0
_home_max_Documents_PhD_MAPF_LNS_MAPF_LNS_SAT_mapf-map_room-64-64-16_map-_home_max_Documents_PhD_MAPF_LNS_MAPF_LNS_SAT_mapf-scen-even_scen-even_room-64-64-16-even-3_scen-agents10-idx12-seed42-1760996939071,0,44,1336,0.366429,2,8,45,135,1,2,48778,3916,0.000000,23.856000,20.242000,19.586000,0.521120,0
_home_max_Documents_PhD_MAPF_LNS_MAPF_LNS_SAT_mapf-map_room-64-64-16_map-_home_max_Documents_PhD_MAPF_LNS_MAPF_LNS_SAT_mapf-scen-even_scen-even_room-64-64-16-even-3_scen-agents10-idx12-seed42-1760996939071,0,45,1390,0.381240,2,9,44,136,1,2,50522,4052,0.000000,25.174000,20.550000,19.898000,0.541739,0
_home_max_Documents_PhD_MAPF_LNS_MAPF_LNS_SAT_mapf-map_room-64-64-16_map-_home_max_Documents_PhD_MAPF_LNS_MAPF_LNS_SAT_mapf-scen-even_scen-even_room-64-64-16-even-3_scen-agents10-idx12-seed42-1760996939071,0,46,1446,0.396599,2,9,43,137,1,2,56572,4270,0.000000,27.317000,22.526000,21.815000,0.552097,0
_home_max_Documents_PhD_MAPF_LNS_MAPF_LNS_SAT_mapf-map_room-64-64-16_map-_home_max_Documents_PhD_MAPF_LNS_MAPF_LNS_SAT_mapf-scen-even_scen-even_room-64-64-16-even-3_scen-agents10-idx12-seed42-1760996939071,0,47,1506,0.413055,2,9,42,138,1,2,58076,4416,0.001000,27.738000,22.751000,22.213000,0.555656,0
_home_max_Documents_PhD_MAPF_LNS_MAPF_LNS_SAT_mapf-map_room-64-64-16_map-_home_max_Documents_PhD_MAPF_LNS_MAPF_LNS_SAT_mapf-scen-even_scen-even_room-64-64-16-even-3_scen-agents10-idx12-seed42-1760996939071,0,48,1567,0.429786,2,9,41,139,1,2,59366,4544,0.001000,28.291000,23.604000,22.823000,0.572048,0
_home_max_Documents_PhD_MAPF_LNS_MAPF_LNS_SAT_mapf-map_room-64-64-16_map-_home_max_Documents_PhD_MAPF_LNS_MAPF_LNS_SAT_mapf-scen-even_scen-even_room-64-64-16-even-3_scen-agents10-idx12-seed42-1760996939071,0,49,1630,0.447065,2,9,40,140,1,2,60024,4638,0.000000,28.824000,24.169000,23.658000,0.775312,0
_home_max_Documents_PhD_MAPF_LNS_MAPF_LNS_SAT_mapf-map_room-64-64-16_map-_home_max_Documents_PhD_MAPF_LNS_MAPF_LNS_SAT_mapf-scen-even_scen-even_room-64-64-16-even-3_scen-agents10-idx12-seed42-1760996939071,0,50,1691,0.463796,2,9,39,141,1,2,60644,4732,0.000000,29.461000,23.830000,23.312000,0.774832,0
_home_max_Documents_PhD_MAPF_LNS_MAPF_LNS_SAT_mapf-map_room-64-64-16_map-_home_max_Documents_PhD_MAPF_LNS_MAPF_LNS_SAT_mapf-scen-even_scen-even_room-64-64-16-even-3_scen-agents10-idx12-seed42-1760996939071,0,51,1750,0.479978,2,9,38,142,1,2,77728,5643,0.000000,39.261000,31.753000,30.721000,0.774339,0
_home_max_Documents_PhD_MAPF_LNS_MAPF_LNS_SAT_mapf-map_room-64-64-16_map-_home_max_Documents_PhD_MAPF_LNS_MAPF_LNS_SAT_mapf-scen-even_scen-even_room-64-64-16-even-3_scen-agents10-idx12-seed42-1760996939071,0,52,1808,0.495886,2,9,37,143,1,2,90803,6307,0.000000,51.113000,37.916000,36.966000,0.878000,0
_home_max_Documents_PhD_MAPF_LNS_MAPF_LNS_SAT_mapf-map_room-64-64-16_map-_home_max_Documents_PhD_MAPF_LNS_MAPF_LNS_SAT_mapf-scen-even_scen-even_room-64-64-16-even-3_scen-agents10-idx12-seed42-1760996939071,0,53,1864,0.511245,2,9,36,144,1,2,111015,7125,0.000000,64.386000,47.197000,45.860000,1.049652,0
_home_max_Documents_PhD_MAPF_LNS_MAPF_LNS_SAT_mapf-map_room-64-64-16_map-_home_max_Documents_PhD_MAPF_LNS_MAPF_LNS_SAT_mapf-scen-even_scen-even_room-64-64-16-even-3_scen-agents10-idx12-seed42-1760996939071,0,54,1918,0.526056,2,9,35,145,1,2,136387,7966,0.000000,75.921000,58.420000,56.688000,1.267628,0
_home_max_Documents_PhD_MAPF_LNS_MAPF_LNS_SAT_mapf-map_room-64-64-16_map-_home_max_Documents_PhD_MAPF_LNS_MAPF_LNS_SAT_mapf-scen-even_scen-even_room-64-64-16-even-3_scen-agents10-idx12-seed42-1760996939071,0,55,1971,0.540592,2,9,34,146,1,2,172888,8988,0.001000,112.274000,76.005000,73.604000,1.710250,0
_home_max_Documents_PhD_MAPF_LNS_MAPF_LNS_SAT_mapf-map_room-64-64-16_map-_home_max_Documents_PhD_MAPF_LNS_MAPF_LNS_SAT_mapf-scen-even_scen-even_room-64-64-16-even-3_scen-agents10-idx12-seed42-1760996939071,0,56,2022,0.554580,2,9,33,147,1,2,215273,9940,0.000000,138.799000,100.262000,97.360000,1.918519,0
_home_max_Documents_PhD_MAPF_LNS_MAPF_LNS_SAT_mapf-map_room-64-64-16_map-_home_max_Documents_PhD_MAPF_LNS_MAPF_LNS_SAT_mapf-scen-even_scen-even_room-64-64-16-even-3_scen-agents10-idx12-seed42-1760996939071,0,57,2071,0.568020,2,9,32,148,1,2,273836,11189,0.000000,185.972000,133.203000,129.578000,2.466872,0
_home_max_Documents_PhD_MAPF_LNS_MAPF_LNS_SAT_mapf-map_room-64-64-16_map-_home_max_Documents_PhD_MAPF_LNS_MAPF_LNS_SAT_mapf-scen-even_scen-even_room-64-64-16-even-3_scen-agents10-idx12-seed42-1760996939071,0,58,2118,0.580911,2,9,31,149,1,2,339760,12341,0.000000,267.515000,180.737000,176.080000,3.008715,0
_home_max_Documents_PhD_MAPF_LNS_MAPF_LNS_SAT_mapf-map_room-64-64-16_map-_home_max_Documents_PhD_MAPF_LNS_MAPF_LNS_SAT_mapf-scen-even_scen-even_room-64-64-16-even-3_scen-agents10-idx12-seed42-1760996939071,0,59,2162,0.592979,2,9,30,150,1,2,425874,13699,0.000000,366.037000,294.887000,289.225000,4.009908,0
_home_max_Documents_PhD_MAPF_LNS_MAPF_LNS_SAT_mapf-map_room-64-64-16_map-_home_max_Documents_PhD_MAPF_LNS_MAPF_LNS_SAT_mapf-scen-even_scen-even_room-64-64-16-even-3_scen-agents10-idx12-seed42-1760996939071,0,60,2203,0.604224,2,9,29,151,1,2,525094,15092,0.000000,486.143000,321.761000,315.153000,4.351559,0
_home_max_Documents_PhD_MAPF_LNS_MAPF_LNS_SAT_mapf-map_room-64-64-16_map-_home_max_Documents_PhD_MAPF_LNS_MAPF_LNS_SAT_mapf-scen-even_scen-even_room-64-64-16-even-3_scen-agents10-idx12-seed42-1760996939071,0,61,2243,0.615195,2,9,28,152,1,2,647969,16611,0.001000,648.788000,433.626000,425.526000,5.497944,0
_home_max_Documents_PhD_MAPF_LNS_MAPF_LNS_SAT_mapf-map_room-64-64-16_map-_home_max_Documents_PhD_MAPF_LNS_MAPF_LNS_SAT_mapf-scen-even_scen-even_room-64-64-16-even-3_scen-agents10-idx12-seed42-1760996939071,0,62,2284,0.626440,2,9,27,153,1,2,36399817,94667,0.001000,289630.193000,63271.577000,58146.447000,222.613327,0
_home_max_Documents_PhD_MAPF_LNS_MAPF_LNS_SAT_mapf-map_room-64-64-16_map-_home_max_Documents_PhD_MAPF_LNS_MAPF_LNS_SAT_mapf-scen-even_scen-even_room-64-64-16-even-1_scen-agents20-idx0-seed42-1760997529232,0,0,5,0.001371,1,2,9,11,2,3,28,15,0.000000,0.012000,0.089000,0.072000,0.010618,1
_home_max_Documents_PhD_MAPF_LNS_MAPF_LNS_SAT_mapf-map_room-64-64-16_map-_home_max_Documents_PhD_MAPF_LNS_MAPF_LNS_SAT_mapf-scen-even_scen-even_room-64-64-16-even-1_scen-agents20-idx0-seed42-1760997529232,0,0,5,0.001371,1,2,15,17,4,7,179,68,0.000000,0.060000,0.154000,0.129000,0.006061,0
_home_max_Documents_PhD_MAPF_LNS_MAPF_LNS_SAT_mapf-map_room-64-64-16_map-_home_max_Documents_PhD_MAPF_LNS_MAPF_LNS_SAT_mapf-scen-even_scen-even_room-64-64-16-even-1_scen-agents20-idx0-seed42-1760997529232,0,1,11,0.003017,1,2,14,18,2,4,53,27,0.000000,0.019000,0.066000,0.044000,0.004394,1
_home_max_Documents_PhD_MAPF_LNS_MAPF_LNS_SAT_mapf-map_room-64-64-16_map-_home_max_Documents_PhD_MAPF_LNS_MAPF_LNS_SAT_mapf-scen-even_scen-even_room-64-64-16-even-1_scen-agents20-idx0-seed42-1760997529232,0,0,5,0.001371,1,2,24,26,4,7,221,84,0.000000,0.079000,0.158000,0.133000,0.005438,0
_home_max_Documents_PhD_MAPF_LNS_MAPF_LNS_SAT_mapf-map_room-64-64-16_map-_home_max_Documents_PhD_MAPF_LNS_MAPF_LNS_SAT_mapf-scen-even_scen-even_room-64-64-16-even-1_scen-agents20-idx0-seed42-1760997529232,0,1,13,0.003566,1,3,23,27,2,3,68,35,0.000000,0.029000,0.055000,0.043000,0.001910,0
_home_max_Documents_PhD_MAPF_LNS_MAPF_LNS_SAT_mapf-map_room-64-64-16_map-_home_max_Documents_PhD_MAPF_LNS_MAPF_LNS_SAT_mapf-scen-even_scen-even_room-64-64-16-even-1_scen-agents20-idx0-seed42-1760997529232,0,2,25,0.006857,1,3,22,28,1,1,60,30,0.000000,0.026000,0.048000,0.040000,0.003157,1
_home_max_Documents_PhD_MAPF_LNS_MAPF_LNS_SAT_mapf-map_room-64-64-16_map-_home_max_Documents_PhD_MAPF_LNS_MAPF_LNS_SAT_mapf-scen-even_scen-even_room-64-64-16-even-1_scen-agents20-idx0-seed42-1760997529232,0,0,9,0.002468,3,3,28,31,4,17,891,237,0.000000,0.263000,0.719000,0.561000,0.104767,1
_home_max_Documents_PhD_MAPF_LNS_MAPF_LNS_SAT_mapf-map_room-64-64-16_map-_home_max_Documents_PhD_MAPF_LNS_MAPF_LNS_SAT_mapf-scen-even_scen-even_room-64-64-16-even-1_scen-agents20-idx0-seed42-1760997529232,0,0,9,0.002468,1,2,32,34,3,6,120,44,0.000000,0.045000,0.120000,0.091000,0.007520,1
_home_max_Documents_PhD_MAPF_LNS_MAPF_LNS_SAT_mapf-map_room-64-64-16_map-_home_max_Documents_PhD_MAPF_LNS_MAPF_LNS_SAT_mapf-scen-even_scen-even_room-64-64-16-even-1_scen-agents20-idx0-seed42-1760997529232,0,0,5,0.001371,1,5,37,39,1,1,27,13,0.000000,0.014000,0.030000,0.023000,0.001700,1
_home_max_Documents_PhD_MAPF_LNS_MAPF_LNS_SAT_mapf-map_room-64-64-16_map-_home_max_Documents_PhD_MAPF_LNS_MAPF_LNS_SAT_mapf-scen-even_scen-even_room-64-64-16-even-1_scen-agents20-idx0-seed42-1760997529232,0,0,5,0.001371,3,4,39,41,4,7,434,150,0.000000,0.162000,0.274000,0.240000,0.013654,0
_home_max_Documents_PhD_MAPF_LNS_MAPF_LNS_SAT_mapf-map_room-64-64-16_map-_home_max_Documents_PhD_MAPF_LNS_MAPF_LNS_SAT_mapf-scen-even_scen-even_room-64-64-16-even-1_scen-agents20-idx0-seed42-1760997529232,0,1,11,0.003017,3,5,38,42,5,10,2897,594,0.000000,0.952000,1.371000,1.300000,0.062681,0
_home_max_Documents_PhD_MAPF_LNS_MAPF_LNS_SAT_mapf-map_room-64-64-16_map-_home_max_Documents_PhD_MAPF_LNS_MAPF_LNS_SAT_mapf-scen-even_scen-even_room-64-64-16-even-1_scen-agents20-idx0-seed42-1760997529232,0,2,21,0.005760,3,5,37,43,4,10,5198,697,0.000000,1.518000,2.291000,2.167000,0.144387,1
_home_max_Documents_PhD_MAPF_LNS_MAPF_LNS_SAT_mapf-map_room-64-64-16_map-_home_max_Documents_PhD_MAPF_LNS_MAPF_LNS_SAT_mapf-scen-even_scen-even_room-64-64-16-even-1_scen-agents20-idx0-seed42-1760997529232,0,0,8,0.002194,1,2,46,48,2,4,33,17,0.000000,0.017000,0.058000,0.037000,0.003741,1
_home_max_Documents_PhD_MAPF_LNS_MAPF_LNS_SAT_mapf-map_room-64-64-16_map-_home_max_Documents_PhD_MAPF_LNS_MAPF_LNS_SAT_mapf-scen-even_scen-even_room-64-64-16-even-1_scen-agents20-idx0-seed42-1760997529232,0,0,5,0.001371,1,2,50,52,1,1,24,10,0.000000,0.010000,0.028000,0.022000,0.001650,1
_home_max_Documents_PhD_MAPF_LNS_MAPF_LNS_SAT_mapf-map_room-64-64-16_map-_home_max_Documents_PhD_MAPF_LNS_MAPF_LNS_SAT_mapf-scen-even_scen-even_room-64-64-16-even-1_scen-agents20-idx0-seed42-1760997529232,0,0,7,0.001920,1,2,56,58,1,1,12,7,0.000000,0.007000,0.018000,0.013000,0.000861,1
_home_max_Documents_PhD_MAPF_LNS_MAPF_LNS_SAT_mapf-map_room-64-64-16_map-_home_max_Documents_PhD_MAPF_LNS_MAPF_LNS_SAT_mapf-scen-even_scen-even_room-64-64-16-even-1_scen-agents20-idx0-seed42-1760997529232,0,0,27,0.007405,9,2,67,77,2,3,179,73,0.000000,0.071000,0.123000,0.100000,0.008206,1
_home_max_Documents_PhD_MAPF_LNS_MAPF_LNS_SAT_mapf-map_room-64-64-16_map-_home_max_Documents_PhD_MAPF_LNS_MAPF_LNS_SAT_mapf-scen-even_scen-even_room-64-64-16-even-1_scen-agents20-idx0-seed42-1760997529232,0,0,5,0.001371,1,2,72,74,1,3,26,10,0.000000,0.012000,0.052000,0.034000,0.003611,1
_home_max_Documents_PhD_MAPF_LNS_MAPF_LNS_SAT_mapf-map_room-64-64-16_map-_home_max_Documents_PhD_MAPF_LNS_MAPF_LNS_SAT_mapf-scen-even_scen-even_room-64-64-16-even-1_scen-agents20-idx0-seed42-1760997529232,0,0,5,0.001371,1,2,123,125,1,2,25,10,0.000000,0.012000,0.034000,0.023000,0.001650,1
_home_max_Documents_PhD_MAPF_LNS_MAPF_LNS_SAT_mapf-map_room-64-64-16_map-_home_max_Documents_PhD_MAPF_LNS_MAPF_LNS_SAT_mapf-scen-even_scen-even_room-64-64-16-even-1_scen-agents20-idx0-seed42-1760997529232,0,0,5,0.001371,1,2,125,127,1,2,25,10,0.000000,0.012000,0.035000,0.024000,0.001645,1
_home_max_Documents_PhD_MAPF_LNS_MAPF_LNS_SAT_mapf-map_room-64-64-16_map-_home_max_Documents_PhD_MAPF_LNS_MAPF_LNS_SAT_mapf-scen-even_scen-even_room-64-64-16-even-1_scen-agents20-idx0-seed42-1760997529232,0,0,5,0.001371,2,3,136,139,1,4,50,18,0.000000,0.027000,0.074000,0.046000,0.004386,1
_home_max_Documents_PhD_MAPF_LNS_MAPF_LNS_SAT_mapf-map_room-64-64-16_map-_home_max_Documents_PhD_MAPF_LNS_MAPF_LNS_SAT_mapf-scen-even_scen-even_room-64-64-16-even-1_scen-agents20-idx0-seed42-1760997529232,0,0,5,0.001371,1,2,136,138,1,1,24,10,0.000000,0.013000,0.026000,0.021000,0.001392,1
_home_max_Documents_PhD_MAPF_LNS_MAPF_LNS_SAT_mapf-map_room-64-64-16_map-_home_max_Documents_PhD_MAPF_LNS_MAPF_LNS_SAT_mapf-scen-even_scen-even_room-64-64-16-even-1_scen-agents20-idx1-seed42-1760997529384,0,0,9,0.002468,1,2,4,6,4,8,354,102,0.000000,0.123000,0.280000,0.240000,0.024823,1
_home_max_Documents_PhD_MAPF_LNS_MAPF_LNS_SAT_mapf-map_room-64-64-16_map-_home_max_Documents_PhD_MAPF_LNS_MAPF_LNS_SAT_mapf-scen-even_scen-even_room-64-64-16-even-1_scen-agents20-idx1-seed42-1760997529384,0,0,9,0.002468,3,3,5,9,2,3,58,29,0.000000,0.019000,0.071000,0.050000,0.003519,1
_home_max_Documents_PhD_MAPF_LNS_MAPF_LNS_SAT_mapf-map_room-64-64-16_map-_home_max_Documents_PhD_MAPF_LNS_MAPF_LNS_SAT_mapf-scen-even_scen-even_room-64-64-16-even-1_scen-agents20-idx1-seed42-1760997529384,0,0,7,0.001920,1,2,11,13,3,7,112,44,0.000000,0.036000,0.130000,0.088000,0.009138,1
_home_max_Documents_PhD_MAPF_LNS_MAPF_LNS_SAT_mapf-map_room-64-64-16_map-_home_max_Documents_PhD_MAPF_LNS_MAPF_LNS_SAT_mapf-scen-even_scen-even_room-64-64-16-even-1_scen-agents20-idx1-seed42-1760997529384,0,0,9,0.002468,3,3,12,16,2,3,58,29,0.000000,0.021000,0.060000,0.041000,0.002407,1
_home_max_Documents_PhD_MAPF_LNS_MAPF_LNS_SAT_mapf-map_room-64-64-16_map-_home_max_Documents_PhD_MAPF_LNS_MAPF_LNS_SAT_mapf-scen-even_scen-even_room-64-64-16-even-1_scen-agents20-idx1-seed42-1760997529384,0,0,9,0.002468,3,4,29,33,3,5,166,74,0.000000,0.071000,0.135000,0.103000,0.009874,1
_home_max_Documents_PhD_MAPF_LNS_MAPF_LNS_SAT_mapf-map_room-64-64-16_map-_home_max_Documents_PhD_MAPF_LNS_MAPF_LNS_SAT_mapf-scen-even_scen-even_room-64-64-16-even-1_scen-agents20-idx1-seed42-1760997529384,0,0,7,0.001920,1,2,43,45,4,9,260,88,0.000000,0.085000,0.216000,0.171000,0.016474,1
_home_max_Documents_PhD_MAPF_LNS_MAPF_LNS_SAT_mapf-map_room-64-64-16_map-_home_max_Documents_PhD_MAPF_LNS_MAPF_LNS_SAT_mapf-scen-even_scen-even_room-64-64-16-even-1_scen-agents20-idx1-seed42-1760997529384,0,0,6,0.001646,1,2,50,52,1,1,12,7,0.000000,0.007000,0.020000,0.014000,0.000962,1
_home_max_Documents_PhD_MAPF_LNS_MAPF_LNS_SAT_mapf-map_room-64-64-16_map-_home_max_Documents_PhD_MAPF_LNS_MAPF_LNS_SAT_mapf-scen-even_scen-even_room-64-64-16-even-1_scen-agents20-idx1-seed42-1760997529384,0,0,9,0.002468,1,2,56,58,4,8,356,103,0.000000,0.110000,0.249000,0.208000,0.016442,1
_home_max_Documents_PhD_MAPF_LNS_MAPF_LNS_SAT_mapf-map_room-64-64-16_map-_home_max_Documents_PhD_MAPF_LNS_MAPF_LNS_SAT_mapf-scen-even_scen-even_room-64-64-16-even-1_scen-agents20-idx1-seed42-1760997529384,0,0,7,0.001920,3,4,62,66,5,13,709,234,0.000000,0.299000,0.491000,0.401000,0.043382,0
_home_max_Documents_PhD_MAPF_LNS_MAPF_LNS_SAT_mapf-map_room-64-64-16_map-_home_max_Documents_PhD_MAPF_LNS_MAPF_LNS_SAT_mapf-scen-even_scen-even_room-64-64-16-even-1_scen-agents20-idx1-seed42-1760997529384,0,1,14,0.003840,3,4,61,67,4,9,760,228,0.000000,0.297000,0.463000,0.387000,0.032379,1
_home_max_Documents_PhD_MAPF_LNS_MAPF_LNS_SAT_mapf-map_room-64-64-16_map-_home_max_Documents_PhD_MAPF_LNS_MAPF_LNS_SAT_mapf-scen-even_scen-even_room-64-64-16-even-1_scen-agents20-idx1-seed42-1760997529384,0,0,5,0.001371,1,2,69,71,4,7,179,68,0.000000,0.070000,0.143000,0.118000,0.005736,0
_home_max_Documents_PhD_MAPF_LNS_MAPF_LNS_SAT_mapf-map_room-64-64-16_map-_home_max_Documents_PhD_MAPF_LNS_MAPF_LNS_SAT_mapf-scen-even_scen-even_room-64-64-16-even-1_scen-agents20-idx1-seed42-1760997529384,0,1,13,0.003566,1,3,68,72,1,1,32,17,0.000000,0.020000,0.033000,0.026000,0.002186,1
_home_max_Documents_PhD_MAPF_LNS_MAPF_LNS_SAT_mapf-map_room-64-64-16_map-_home_max_Documents_PhD_MAPF_LNS_MAPF_LNS_SAT_mapf-scen-even_scen-even_room-64-64-16-even-1_scen-agents20-idx1-seed42-1760997529384,0,0,8,0.002194,1,2,71,73,3,5,124,47,0.000000,0.056000,0.110000,0.087000,0.005391,1
_home_max_Documents_PhD_MAPF_LNS_MAPF_LNS_SAT_mapf-map_room-64-64-16_map-_home_max_Documents_PhD_MAPF_LNS_MAPF_LNS_SAT_mapf-scen-even_scen-even_room-64-64-16-even-1_scen-agents20-idx1-seed42-1760997529384,0,0,11,0.003017,2,4,75,78,5,10,1271,292,0.000000,0.419000,0.701000,0.637000,0.042251,1
_home_max_Documents_PhD_MAPF_LNS_MAPF_LNS_SAT_mapf-map_room-64-64-16_map-_home_max_Documents_PhD_MAPF_LNS_MAPF_LNS_SAT_mapf-scen-even_scen-even_room-64-64-16-even-1_scen-agents20-idx1-seed42-1760997529384,0,0,7,0.001920,2,3,76,79,5,11,605,192,0.000000,0.220000,0.383000,0.329000,0.016814,0
_home_max_Documents_PhD_MAPF_LNS_MAPF_LNS_SAT_mapf-map_room-64-64-16_map-_home_max_Documents_PhD_MAPF_LNS_MAPF_LNS_SAT_mapf-scen-even_scen-even_room-64-64-16-even-1_scen-agents20-idx1-seed42-1760997529384,0,1,14,0.003840,2,3,75,80,3,8,227,92,0.000000,0.107000,0.210000,0.152000,0.017476,1
_home_max_Documents_PhD_MAPF_LNS_MAPF_LNS_SAT_mapf-map_room-64-64-16_map-_home_max_Documents_PhD_MAPF_LNS_MAPF_LNS_SAT_mapf-scen-even_scen-even_room-64-64-16-even-1_scen-agents20-idx1-seed42-1760997529384,0,0,9,0.002468,2,4,83,86,4,9,531,166,0.000000,0.209000,0.355000,0.304000,0.015165,0
_home_max_Documents_PhD_MAPF_LNS_MAPF_LNS_SAT_mapf-map_room-64-64-16_map-_home_max_Documents_PhD_MAPF_LNS_MAPF_LNS_SAT_mapf-scen-even_scen-even_room-64-64-16-even-1_scen-agents20-idx1-seed42-1760997529384,0,1,19,0.005211,2,6,82,87,3,8,451,160,0.000000,0.262000,0.367000,0.283000,0.026328,1
_home_max_Documents_PhD_MAPF_LNS_MAPF_LNS_SAT_mapf-map_room-64-64-16_map-_home_max_Documents_PhD_MAPF_LNS_MAPF_LNS_SAT_mapf-scen-even_scen-even_room-64-64-16-even-1_scen-agents20-idx1-seed42-1760997529384,0,0,6,0.001646,1,2,87,89,3,7,93,38,0.000000,0.042000,0.124000,0.085000,0.009101,1
_home_max_Documents_PhD_MAPF_LNS_MAPF_LNS_SAT_mapf-map_room-64-64-16_map-_home_max_Documents_PhD_MAPF_LNS_MAPF_LNS_SAT_mapf-scen-even_scen-even_room-64-64-16-even-1_scen-agents20-idx1-seed42-1760997529384,0,0,5,0.001371,1,2,88,90,1,1,24,10,0.000000,0.011000,0.026000,0.021000,0.001484,1
_home_max_Documents_PhD_MAPF_LNS_MAPF_LNS_SAT_mapf-map_room-64-64-16_map-_home_max_Documents_PhD_MAPF_LNS_MAPF_LNS_SAT_mapf-scen-even_scen-even_room-64-64-16-even-1_scen-agents20-idx2-seed42-1760997529533,0,0,12,0.003291,4,3,5,10,2,3,82,40,0.000000,0.065000,0.108000,0.084000,0.012337,1
_home_max_Documents_PhD_MAPF_LNS_MAPF_LNS_SAT_mapf-map_room-64-64-16_map-_home_max_Documents_PhD_MAPF_LNS_MAPF_LNS_SAT_mapf-scen-even_scen-even_room-64-64-16-even-1_scen-agents20-idx2-seed42-1760997529533,0,0,9,0.002468,1,2,28,30,4,8,356,103,0.000000,0.107000,0.251000,0.210000,0.018045,1
_home_max_Documents_PhD_MAPF_LNS_MAPF_LNS_SAT_mapf-map_room-64-64-16_map-_home_max_Documents_PhD_MAPF_LNS_MAPF_LNS_SAT_mapf-scen-even_scen-even_room-64-64-16-even-1_scen-agents20-idx2-seed42-1760997529533,0,0,4,0.001097,1,2,37,39,4,7,144,61,0.000000,0.054000,0.125000,0.099000,0.005831,0
_home_max_Documents_PhD_MAPF_LNS_MAPF_LNS_SAT_mapf-map_room-64-64-16_map-_home_max_Documents_PhD_MAPF_LNS_MAPF_LNS_SAT_mapf-scen-even_scen-even_room-64-64-16-even-1_scen-agents20-idx2-seed42-1760997529533,0,1,9,0.002468,1,3,36,40,1,1,25,14,0.000000,0.013000,0.025000,0.018000,0.001378,1
_home_max_Documents_PhD_MAPF_LNS_MAPF_LNS_SAT_mapf-map_room-64-64-16_map-_home_max_Documents_PhD_MAPF_LNS_MAPF_LNS_SAT_mapf-scen-even_scen-even_room-64-64-16-even-1_scen-agents20-idx2-seed42-1760997529533,0,0,5,0.001371,1,2,43,45,4,7,180,69,0.000000,0.067000,0.137000,0.113000,0.005344,0
_home_max_Documents_PhD_MAPF_LNS_MAPF_LNS_SAT_mapf-map_room-64-64-16_map-_home_max_Documents_PhD_MAPF_LNS_MAPF_LNS_SAT_mapf-scen-even_scen-even_room-64-64-16-even-1_scen-agents20-idx2-seed42-1760997529533,0,1,13,0.003566,1,2,42,46,3,6,181,64,0.000000,0.066000,0.151000,0.120000,0.013752,1
_home_max_Documents_PhD_MAPF_LNS_MAPF_LNS_SAT_mapf-map_room-64-64-16_map-_home_max_Documents_PhD_MAPF_LNS_MAPF_LNS_SAT_mapf-scen-even_scen-even_room-64-64-16-even-1_scen-agents20-idx2-seed42-1760997529533,0,0,8,0.002194,1,2,44,46,3,7,120,44,0.000000,0.046000,0.130000,0.092000,0.009514,1
_home_max_Documents_PhD_MAPF_LNS_MAPF_LNS_SAT_mapf-map_room-64-64-16_map-_home_max_Documents_PhD_MAPF_LNS_MAPF_LNS_SAT_mapf-scen-even_scen-even_room-64-64-16-even-1_scen-agents20-idx2-seed42-1760997529533,0,0,8,0.002194,1,2,52,54,3,7,118,42,0.000000,0.042000,0.120000,0.089000,0.009244,1
_home_max_Documents_PhD_MAPF_LNS_MAPF_LNS_SAT_mapf-map_room-64-64-16_map-_home_max_Documents_PhD_MAPF_LNS_MAPF_LNS_SAT_mapf-scen-even_scen-even_room-64-64-16-even-1_scen-agents20-idx2-seed42-1760997529533,0,0,9,0.002468,1,2,79,81,3,6,121,45,0.000000,0.054000,0.117000,0.088000,0.007315,1
_home_max_Documents_PhD_MAPF_LNS_MAPF_LNS_SAT_mapf-map_room-64-64-16_map-_home_max_Documents_PhD_MAPF_LNS_MAPF_LNS_SAT_mapf-scen-even_scen-even_room-64-64-16-even-1_scen-agents20-idx3-seed42-1760997529684,0,0,5,0.001371,1,2,21,23,4,7,182,70,0.000000,0.064000,0.171000,0.142000,0.012289,0
_home_max_Documents_PhD_MAPF_LNS_MAPF_LNS_SAT_mapf-map_room-64-64-16_map-_home_max_Documents_PhD_MAPF_LNS_MAPF_LNS_SAT_mapf-scen-even_scen-even_room-64-64-16-even-1_scen-agents20-idx3-seed42-1760997529684,0,1,13,0.003566,1,2,20,24,1,1,22,12,0.000000,0.009000,0.029000,0.022000,0.001355,1
_home_max_Documents_PhD_MAPF_LNS_MAPF_LNS_SAT_mapf-map_room-64-64-16_map-_home_max_Documents_PhD_MAPF_LNS_MAPF_LNS_SAT_mapf-scen-even_scen-even_room-64-64-16-even-1_scen-agents20-idx3-seed42-1760997529684,0,0,5,0.001371,1,2,34,36,4,8,170,66,0.000000,0.058000,0.158000,0.121000,0.011786,1
_home_max_Documents_PhD_MAPF_LNS_MAPF_LNS_SAT_mapf-map_room-64-64-16_map-_home_max_Documents_PhD_MAPF_LNS_MAPF_LNS_SAT_mapf-scen-even_scen-even_room-64-64-16-even-1_scen-agents20-idx3-seed42-1760997529684,0,0,9,0.002468,1,2,36,38,3,7,121,44,0.000000,0.042000,0.125000,0.091000,0.009400,1
_home_max_Documents_PhD_MAPF_LNS_MAPF_LNS_SAT_mapf-map_room-64-64-16_map-_home_max_Documents_PhD_MAPF_LNS_MAPF_LNS_SAT_mapf-scen-even_scen-even_room-64-64-16-even-1_scen-agents20-idx3-seed42-1760997529684,0,0,11,0.003017,2,3,39,42,4,7,531,141,0.000000,0.166000,0.305000,0.273000,0.010621,0
_home_max_Documents_PhD_MAPF_LNS_MAPF_LNS_SAT_mapf-map_room-64-64-16_map-_home_max_Documents_PhD_MAPF_LNS_MAPF_LNS_SAT_mapf-scen-even_scen-even_room-64-64-16-even-1_scen-agents20-idx3-seed42-1760997529684,0,1,23,0.006308,2,3,38,43,1,1,54,27,0.000000,0.026000,0.046000,0.037000,0.002836,1
_home_max_Documents_PhD_MAPF_LNS_MAPF_LNS_SAT_mapf-map_room-64-64-16_map-_home_max_Documents_PhD_MAPF_LNS_MAPF_LNS_SAT_mapf-scen-even_scen-even_room-64-64-16-even-1_scen-agents20-idx3-seed42-1760997529684,0,0,5,0.001371,1,2,41,43,4,7,179,68,0.000000,0.065000,0.144000,0.116000,0.005584,0
_home_max_Documents_PhD_MAPF_LNS_MAPF_LNS_SAT_mapf-map_room-64-64-16_map-_home_max_Documents_PhD_MAPF_LNS_MAPF_LNS_SAT_mapf-scen-even_scen-even_room-64-64-16-even-1_scen-agents20-idx3-seed42-1760997529684,0,1,13,0.003566,1,2,40,44,3,6,178,62,0.000000,0.061000,0.149000,0.120000,0.013662,1
_home_max_Documents_PhD_MAPF_LNS_MAPF_LNS_SAT_mapf-map_room-64-64-16_map-_home_max_Documents_PhD_MAPF_LNS_MAPF_LNS_SAT_mapf-scen-even_scen-even_room-64-64-16-even-1_scen-agents20-idx3-seed42-1760997529684,0,0,5,0.001371,1,2,50,52,4,7,179,68,0.000000,0.065000,0.140000,0.114000,0.005167,0
_home_max_Documents_PhD_MAPF_LNS_MAPF_LNS_SAT_mapf-map_room-64-64-16_map-_home_max_Documents_PhD_MAPF_LNS_MAPF_LNS_SAT_mapf-scen-even_scen-even_room-64-64-16-even-1_scen-agents20-idx3-seed42-1760997529684,0,1,13,0.003566,1,2,49,53,1,2,23,12,0.000000,0.010000,0.034000,0.020000,0.001352,1
_home_max_Documents_PhD_MAPF_LNS_MAPF_LNS_SAT_mapf-map_room-64-64-16_map-_home_max_Documents_PhD_MAPF_LNS_MAPF_LNS_SAT_mapf-scen-even_scen-even_room-64-64-16-even-1_scen-agents20-idx3-seed42-1760997529684,0,0,5,0.001371,1,2,56,58,4,7,195,75,0.000000,0.079000,0.150000,0.122000,0.005961,0
_home_max_Documents_PhD_MAPF_LNS_MAPF_LNS_SAT_mapf-map_room-64-64-16_map-_home_max_Documents_PhD_MAPF_LNS_MAPF_LNS_SAT_mapf-scen-even_scen-even_room-64-64-16-even-1_scen-agents20-idx3-seed42-1760997529684,0,1,13,0.003566,1,3,55,59,1,2,26,14,0.000000,0.015000,0.037000,0.021000,0.001412,1
_home_max_Documents_PhD_MAPF_LNS_MAPF_LNS_SAT_mapf-map_room-64-64-16_map-_home_max_Documents_PhD_MAPF_LNS_MAPF_LNS_SAT_mapf-scen-even_scen-even_room-64-64-16-even-1_scen-agents20-idx3-seed42-1760997529684,0,0,4,0.001097,1,2,56,58,2,3,28,15,0.000000,0.014000,0.041000,0.027000,0.001626,1
_home_max_Documents_PhD_MAPF_LNS_MAPF_LNS_SAT_mapf-map_room-64-64-16_map-_home_max_Documents_PhD_MAPF_LNS_MAPF_LNS_SAT_mapf-scen-even_scen-even_room-64-64-16-even-1_scen-agents20-idx3-seed42-1760997529684,0,0,4,0.001097,1,2,61,63,4,7,147,63,0.000000,0.063000,0.123000,0.098000,0.004983,0
_home_max_Documents_PhD_MAPF_LNS_MAPF_LNS_SAT_mapf-map_room-64-64-16_map-_home_max_Documents_PhD_MAPF_LNS_MAPF_LNS_SAT_mapf-scen-even_scen-even_room-64-64-16-even-1_scen-agents20-idx3-seed42-1760997529684,0,1,9,0.002468,1,2,60,64,5,10,884,233,0.000000,0.285000,0.490000,0.443000,0.030270,0
_home_max_Documents_PhD_MAPF_LNS_MAPF_LNS_SAT_mapf-map_room-64-64-16_map-_home_max_Documents_PhD_MAPF_LNS_MAPF_LNS_SAT_mapf-scen-even_scen-even_room-64-64-16-even-1_scen-agents20-idx3-seed42-1760997529684,0,2,15,0.004114,1,2,59,65,4,9,832,202,0.000000,0.274000,0.489000,0.426000,0.039827,1
_home_max_Documents_PhD_MAPF_LNS_MAPF_LNS_SAT_mapf-map_room-64-64-16_map-_home_max_Documents_PhD_MAPF_LNS_MAPF_LNS_SAT_mapf-scen-even_scen-even_room-64-64-16-even-1_scen-agents20-idx3-seed42-1760997529684,0,0,8,0.002194,1,2,67,69,3,7,119,43,0.000000,0.048000,0.132000,0.094000,0.009276,1
_home_max_Documents_PhD_MAPF_LNS_MAPF_LNS_SAT_mapf-map_room-64-64-16_map-_home_max_Documents_PhD_MAPF_LNS_MAPF_LNS_SAT_mapf-scen-even_scen-even_room-64-64-16-even-1_scen-agents20-idx3-seed42-1760997529684,0,0,8,0.002194,1,2,71,73,3,7,126,46,0.000000,0.055000,0.137000,0.097000,0.007312,1
_home_max_Documents_PhD_MAPF_LNS_MAPF_LNS_SAT_mapf-map_room-64-64-16_map-_home_max_Documents_PhD_MAPF_LNS_MAPF_LNS_SAT_mapf-scen-even_scen-even_room-64-64-16-even-1_scen-agents20-idx3-seed42-1760997529684,0,0,9,0.002468,1,3,74,76,5,10,789,234,0.000000,0.305000,0.476000,0.416000,0.029796,1
_home_max_Documents_PhD_MAPF_LNS_MAPF_LNS_SAT_mapf-map_room-64-64-16_map-_home_max_Documents_PhD_MAPF_LNS_MAPF_LNS_SAT_mapf-scen-even_scen-even_room-64-64-16-even-1_scen-agents20-idx3-seed42-1760997529684,0,0,9,0.002468,1,2,85,87,3,5,92,38,0.000000,0.041000,0.093000,0.071000,0.004290,1
_home_max_Documents_PhD_MAPF_LNS_MAPF_LNS_SAT_mapf-map_room-64-64-16_map-_home_max_Documents_PhD_MAPF_LNS_MAPF_LNS_SAT_mapf-scen-even_scen-even_room-64-64-16-even-1_scen-agents20-idx3-seed42-1760997529684,0,0,5,0.001371,1,2,118,120,1,2,25,10,0.000000,0.012000,0.037000,0.025000,0.002073,1
_home_max_Documents_PhD_MAPF_LNS_MAPF_LNS_SAT_mapf-map_room-64-64-16_map-_home_max_Documents_PhD_MAPF_LNS_MAPF_LNS_SAT_mapf-scen-even_scen-even_room-64-64-16-even-1_scen-agents20-idx4-seed42-1760997529835,0,0,8,0.002194,1,2,16,18,1,1,12,7,0.001000,0.009000,0.073000,0.059000,0.007705,1
_home_max_Documents_PhD_MAPF_LNS_MAPF_LNS_SAT_mapf-map_room-64-64-16_map-_home_max_Documents_PhD_MAPF_LNS_MAPF_LNS_SAT_mapf-scen-even_scen-even_room-64-64-16-even-1_scen-agents20-idx4-seed42-1760997529835,0,0,5,0.001371,1,2,25,27,4,7,182,70,0.000000,0.066000,0.159000,0.126000,0.008821,0
_home_max_Documents_PhD_MAPF_LNS_MAPF_LNS_SAT_mapf-map_room-64-64-16_map-_home_max_Documents_PhD_MAPF_LNS_MAPF_LNS_SAT_mapf-scen-even_scen-even_room-64-64-16-even-1_scen-agents20-idx4-seed42-1760997529835,0,1,11,0.003017,1,2,24,28,5,10,1079,257,0.000000,0.314000,0.588000,0.542000,0.038982,0
_home_max_Documents_PhD_MAPF_LNS_MAPF_LNS_SAT_mapf-map_room-64-64-16_map-_home_max_Documents_PhD_MAPF_LNS_MAPF_LNS_SAT_mapf-scen-even_scen-even_room-64-64-16-even-1_scen-agents20-idx4-seed42-1760997529835,0,2,21,0.005760,1,2,23,29,4,9,1018,217,0.000000,0.281000,0.560000,0.499000,0.053492,1
_home_max_Documents_PhD_MAPF_LNS_MAPF_LNS_SAT_mapf-map_room-64-64-16_map-_home_max_Documents_PhD_MAPF_LNS_MAPF_LNS_SAT_mapf-scen-even_scen-even_room-64-64-16-even-1_scen-agents20-idx4-seed42-1760997529835,0,0,7,0.001920,1,2,42,44,3,6,98,40,0.000000,0.037000,0.113000,0.086000,0.009401,1
_home_max_Documents_PhD_MAPF_LNS_MAPF_LNS_SAT_mapf-map_room-64-64-16_map-_home_max_Documents_PhD_MAPF_LNS_MAPF_LNS_SAT_mapf-scen-even_scen-even_room-64-64-16-even-1_scen-agents20-idx4-seed42-1760997529835,0,0,4,0.001097,1,2,47,49,4,7,144,61,0.000000,0.057000,0.132000,0.107000,0.005188,0
_home_max_Documents_PhD_MAPF_LNS_MAPF_LNS_SAT_mapf-map_room-64-64-16_map-_home_max_Documents_PhD_MAPF_LNS_MAPF_LNS_SAT_mapf-scen-even_scen-even_room-64-64-16-even-1_scen-agents20-idx4-seed42-1760997529835,0,1,9,0.002468,1,2,46,50,1,2,23,12,0.000000,0.010000,0.035000,0.020000,0.001493,1
_home_max_Documents_PhD_MAPF_LNS_MAPF_LNS_SAT_mapf-map_room-64-64-16_map-_home_max_Documents_PhD_MAPF_LNS_MAPF_LNS_SAT_mapf-scen-even_scen-even_room-64-64-16-even-1_scen-agents20-idx4-seed42-1760997529835,0,0,4,0.001097,1,2,50,52,4,7,146,63,0.000000,0.063000,0.126000,0.102000,0.005188,0
_home_max_Documents_PhD_MAPF_LNS_MAPF_LNS_SAT_mapf-map_room-64-64-16_map-_home_max_Documents_PhD_MAPF_LNS_MAPF_LNS_SAT_mapf-scen-even_scen-even_room-64-64-16-even-1_scen-agents20-idx4-seed42-1760997529835,0,1,9,0.002468,1,2,49,53,1,2,23,12,0.000000,0.011000,0.034000,0.021000,0.001336,1
_home_max_Documents_PhD_MAPF_LNS_MAPF_LNS_SAT_mapf-map_room-64-64-16_map-_home_max_Documents_PhD_MAPF_LNS_MAPF_LNS_SAT_mapf-scen-even_scen-even_room-64-64-16-even-1_scen-agents20-idx4-seed42-1760997529835,0,0,5,0.001371,1,2,55,57,4,7,179,68,0.000000,0.066000,0.139000,0.114000,0.005363,0
_home_max_Documents_PhD_MAPF_LNS_MAPF_LNS_SAT_mapf-map_room-64-64-16_map-_home_max_Documents_PhD_MAPF_LNS_MAPF_LNS_SAT_mapf-scen-even_scen-even_room-64-64-16-even-1_scen-agents20-idx4-seed42-1760997529835,0,1,13,0.003566,1,2,54,58,3,6,178,62,0.000000,0.068000,0.152000,0.118000,0.013542,1
_home_max_Documents_PhD_MAPF_LNS_MAPF_LNS_SAT_mapf-map_room-64-64-16_map-_home_max_Documents_PhD_MAPF_LNS_MAPF_LNS_SAT_mapf-scen-even_scen-even_room-64-64-16-even-1_scen-agents20-idx4-seed42-1760997529835,0,0,7,0.001920,1,2,58,60,3,7,99,40,0.000000,0.038000,0.115000,0.080000,0.009387,1
_home_max_Documents_PhD_MAPF_LNS_MAPF_LNS_SAT_mapf-map_room-64-64-16_map-_home_max_Documents_PhD_MAPF_LNS_MAPF_LNS_SAT_mapf-scen-even_scen-even_room-64-64-16-even-1_scen-agents20-idx4-seed42-1760997529835,0,0,7,0.001920,2,3,63,65,4,7,294,98,0.000000,0.118000,0.199000,0.168000,0.007291,0
_home_max_Documents_PhD_MAPF_LNS_MAPF_LNS_SAT_mapf-map_room-64-64-16_map-_home_max_Documents_PhD_MAPF_LNS_MAPF_LNS_SAT_mapf-scen-even_scen-even_room-64-64-16-even-1_scen-agents20-idx4-seed42-1760997529835,0,1,14,0.003840,2,3,62,66,3,7,224,83,0.000000,0.100000,0.187000,0.138000,0.014648,1
_home_max_Documents_PhD_MAPF_LNS_MAPF_LNS_SAT_mapf-map_room-64-64-16_map-_home_max_Documents_PhD_MAPF_LNS_MAPF_LNS_SAT_mapf-scen-even_scen-even_room-64-64-16-even-1_scen-agents20-idx4-seed42-1760997529835,0,0,7,0.001920,2,4,66,68,4,7,261,97,0.000000,0.120000,0.181000,0.148000,0.005897,0
_home_max_Documents_PhD_MAPF_LNS_MAPF_LNS_SAT_mapf-map_room-64-64-16_map-_home_max_Documents_PhD_MAPF_LNS_MAPF_LNS_SAT_mapf-scen-even_scen-even_room-64-64-16-even-1_scen-agents20-idx4-seed42-1760997529835,0,1,14,0.003840,2,4,65,69,3,6,214,93,0.000000,0.112000,0.169000,0.128000,0.011219,1
_home_max_Documents_PhD_MAPF_LNS_MAPF_LNS_SAT_mapf-map_room-64-64-16_map-_home_max_Documents_PhD_MAPF_LNS_MAPF_LNS_SAT_mapf-scen-even_scen-even_room-64-64-16-even-1_scen-agents20-idx4-seed42-1760997529835,0,0,8,0.002194,1,2,67,69,3,7,119,43,0.000000,0.045000,0.130000,0.093000,0.009368,1
_home_max_Documents_PhD_MAPF_LNS_MAPF_LNS_SAT_mapf-map_room-64-64-16_map-_home_max_Documents_PhD_MAPF_LNS_MAPF_LNS_SAT_mapf-scen-even_scen-even_room-64-64-16-even-1_scen-agents20-idx4-seed42-1760997529835,0,0,8,0.002194,1,2,71,73,3,7,118,42,0.000000,0.045000,0.126000,0.090000,0.009022,1
_home_max_Documents_PhD_MAPF_LNS_MAPF_LNS_SAT_mapf-map_room-64-64-16_map-_home_max_Documents_PhD_MAPF_LNS_MAPF_LNS_SAT_mapf-scen-even_scen-even_room-64-64-16-even-1_scen-agents20-idx4-seed42-1760997529835,0,0,5,0.001371,1,3,71,73,4,7,183,72,0.000000,0.083000,0.148000,0.121000,0.005711,0
_home_max_Documents_PhD_MAPF_LNS_MAPF_LNS_SAT_mapf-map_room-64-64-16_map-_home_max_Documents_PhD_MAPF_LNS_MAPF_LNS_SAT_mapf-scen-even_scen-even_room-64-64-16-even-1_scen-agents20-idx4-seed42-1760997529835,0,1,12,0.003291,1,3,70,74,1,1,36,19,0.000000,0.021000,0.034000,0.026000,0.002195,1
_home_max_Documents_PhD_MAPF_LNS_MAPF_LNS_SAT_mapf-map_room-64-64-16_map-_home_max_Documents_PhD_MAPF_LNS_MAPF_LNS_SAT_mapf-scen-even_scen-even_room-64-64-16-even-1_scen-agents20-idx4-seed42-1760997529835,0,0,12,0.003291,2,3,77,80,6,27,5148,1014,0.000000,1.597000,4.017000,3.494000,0.608983,1
_home_max_Documents_PhD_MAPF_LNS_MAPF_LNS_SAT_mapf-map_room-64-64-16_map-_home_max_Documents_PhD_MAPF_LNS_MAPF_LNS_SAT_mapf-scen-even_scen-even_room-64-64-16-even-1_scen-agents20-idx4-seed42-1760997529835,0,0,5,0.001371,1,2,84,86,1,3,26,10,0.000000,0.023000,0.111000,0.070000,0.007710,1
_home_max_Documents_PhD_MAPF_LNS_MAPF_LNS_SAT_mapf-map_room-64-64-16_map-_home_max_Documents_PhD_MAPF_LNS_MAPF_LNS_SAT_mapf-scen-even_scen-even_room-64-64-16-even-1_scen-agents20-idx4-seed42-1760997529835,0,0,5,0.001371,1,2,116,118,1,2,25,10,0.000000,0.023000,0.085000,0.059000,0.005337,1
_home_max_Documents_PhD_MAPF_LNS_MAPF_LNS_SAT_mapf-map_room-64-64-16_map-_home_max_Documents_PhD_MAPF_LNS_MAPF_LNS_SAT_mapf-scen-even_scen-even_room-64-64-16-even-1_scen-agents20-idx4-seed42-1760997529835,0,0,5,0.001371,1,2,118,120,1,1,24,10,0.000000,0.023000,0.052000,0.039000,0.003740,1
_home_max_Documents_PhD_MAPF_LNS_MAPF_LNS_SAT_mapf-map_room-64-64-16_map-_home_max_Documents_PhD_MAPF_LNS_MAPF_LNS_SAT_mapf-scen-even_scen-even_room-64-64-16-even-1_scen-agents20-idx4-seed42-1760997529835,0,0,5,0.001371,1,2,126,128,1,2,25,10,0.000000,0.027000,0.077000,0.052000,0.005115,1
_home_max_Documents_PhD_MAPF_LNS_MAPF_LNS_SAT_mapf-map_room-64-64-16_map-_home_max_Documents_PhD_MAPF_LNS_MAPF_LNS_SAT_mapf-scen-even_scen-even_room-64-64-16-even-1_scen-agents20-idx5-seed42-1760997530036,0,0,4,0.001097,1,2,3,5,4,7,144,61,0.000000,0.057000,0.183000,0.150000,0.013111,0
_home_max_Documents_PhD_MAPF_LNS_MAPF_LNS_SAT_mapf-map_room-64-64-16_map-_home_max_Documents_PhD_MAPF_LNS_MAPF_LNS_SAT_mapf-scen-even_scen-even_room-64-64-16-even-1_scen-agents20-idx5-seed42-1760997530036,0,1,11,0.003017,1,2,2,6,1,1,24,13,0.000000,0.010000,0.026000,0.020000,0.001672,1
_home_max_Documents_PhD_MAPF_LNS_MAPF_LNS_SAT_mapf-map_room-64-64-16_map-_home_max_Documents_PhD_MAPF_LNS_MAPF_LNS_SAT_mapf-scen-even_scen-even_room-64-64-16-even-1_scen-agents20-idx5-seed42-1760997530036,0,0,5,0.001371,1,2,26,28,4,7,179,68,0.000000,0.063000,0.140000,0.115000,0.005806,0
_home_max_Documents_PhD_MAPF_LNS_MAPF_LNS_SAT_mapf-map_room-64-64-16_map-_home_max_Documents_PhD_MAPF_LNS_MAPF_LNS_SAT_mapf-scen-even_scen-even_room-64-64-16-even-1_scen-agents20-idx5-seed42-1760997530036,0,1,13,0.003566,1,2,25,29,1,1,20,11,0.000000,0.009000,0.023000,0.016000,0.000949,1
_home_max_Documents_PhD_MAPF_LNS_MAPF_LNS_SAT_mapf-map_room-64-64-16_map-_home_max_Documents_PhD_MAPF_LNS_MAPF_LNS_SAT_mapf-scen-even_scen-even_room-64-64-16-even-1_scen-agents20-idx5-seed42-1760997530036,0,0,4,0.001097,1,3,41,43,1,4,23,10,0.000000,0.010000,0.050000,0.029000,0.002397,1
_home_max_Documents_PhD_MAPF_LNS_MAPF_LNS_SAT_mapf-map_room-64-64-16_map-_home_max_Documents_PhD_MAPF_LNS_MAPF_LNS_SAT_mapf-scen-even_scen-even_room-64-64-16-even-1_scen-agents20-idx5-seed42-1760997530036,0,0,5,0.001371,1,2,46,48,4,7,179,68,0.000000,0.065000,0.139000,0.115000,0.005759,0
_home_max_Documents_PhD_MAPF_LNS_MAPF_LNS_SAT_mapf-map_room-64-64-16_map-_home_max_Documents_PhD_MAPF_LNS_MAPF_LNS_SAT_mapf-scen-even_scen-even_room-64-64-16-even-1_scen-agents20-idx5-seed42-1760997530036,0,1,11,0.003017,1,2,45,49,5,10,1122,249,0.000000,0.324000,0.597000,0.557000,0.038991,0
_home_max_Documents_PhD_MAPF_LNS_MAPF_LNS_SAT_mapf-map_room-64-64-16_map-_home_max_Documents_PhD_MAPF_LNS_MAPF_LNS_SAT_mapf-scen-even_scen-even_room-64-64-16-even-1_scen-agents20-idx5-seed42-1760997530036,0,2,22,0.006034,1,2,44,50,4,9,1182,221,0.000000,0.338000,0.602000,0.547000,0.039370,1
_home_max_Documents_PhD_MAPF_LNS_MAPF_LNS_SAT_mapf-map_room-64-64-16_map-_home_max_Documents_PhD_MAPF_LNS_MAPF_LNS_SAT_mapf-scen-even_scen-even_room-64-64-16-even-1_scen-agents20-idx5-seed42-1760997530036,0,0,4,0.001097,1,2,47,49,4,7,144,61,0.000000,0.057000,0.125000,0.100000,0.005485,0
_home_max_Documents_PhD_MAPF_LNS_MAPF_LNS_SAT_mapf-map_room-64-64-16_map-_home_max_Documents_PhD_MAPF_LNS_MAPF_LNS_SAT_mapf-scen-even_scen-even_room-64-64-16-even-1_scen-agents20-idx5-seed42-1760997530036,0,1,9,0.002468,1,2,46,50,1,2,23,12,0.000000,0.011000,0.035000,0.021000,0.001395,1
_home_max_Documents_PhD_MAPF_LNS_MAPF_LNS_SAT_mapf-map_room-64-64-16_map-_home_max_Documents_PhD_MAPF_LNS_MAPF_LNS_SAT_mapf-scen-even_scen-even_room-64-64-16-even-1_scen-agents20-idx5-seed42-1760997530036,0,0,7,0.001920,1,3,51,53,3,6,101,43,0.000000,0.044000,0.107000,0.079000,0.006549,1
_home_max_Documents_PhD_MAPF_LNS_MAPF_LNS_SAT_mapf-map_room-64-64-16_map-_home_max_Documents_PhD_MAPF_LNS_MAPF_LNS_SAT_mapf-scen-even_scen-even_room-64-64-16-even-1_scen-agents20-idx5-seed42-1760997530036,0,0,5,0.001371,1,2,56,58,1,1,24,10,0.000000,0.010000,0.028000,0.022000,0.001463,1
_home_max_Documents_PhD_MAPF_LNS_MAPF_LNS_SAT_mapf-map_room-64-64-16_map-_home_max_Documents_PhD_MAPF_LNS_MAPF_LNS_SAT_mapf-scen-even_scen-even_room-64-64-16-even-1_scen-agents20-idx5-seed42-1760997530036,0,0,5,0.001371,1,2,60,62,1,1,24,10,0.000000,0.009000,0.025000,0.020000,0.001308,1
_home_max_Documents_PhD_MAPF_LNS_MAPF_LNS_SAT_mapf-map_room-64-64-16_map-_home_max_Documents_PhD_MAPF_LNS_MAPF_LNS_SAT_mapf-scen-even_scen-even_room-64-64-16-even-1_scen-agents20-idx5-seed42-1760997530036,0,0,6,0.001646,1,2,69,71,1,1,12,7,0.000000,0.007000,0.017000,0.012000,0.000804,1
_home_max_Documents_PhD_MAPF_LNS_MAPF_LNS_SAT_mapf-map_room-64-64-16_map-_home_max_Documents_PhD_MAPF_LNS_MAPF_LNS_SAT_mapf-scen-even_scen-even_room-64-64-16-even-1_scen-agents20-idx5-seed42-1760997530036,0,0,7,0.001920,1,2,70,72,3,5,84,38,0.000000,0.044000,0.091000,0.068000,0.004352,1
_home_max_Documents_PhD_MAPF_LNS_MAPF_LNS_SAT_mapf-map_room-64-64-16_map-_home_max_Documents_PhD_MAPF_LNS_MAPF_LNS_SAT_mapf-scen-even_scen-even_room-64-64-16-even-1_scen-agents20-idx5-seed42-1760997530036,0,0,7,0.001920,1,2,74,76,4,9,292,93,0.000000,0.099000,0.244000,0.203000,0.017336,1
_home_max_Documents_PhD_MAPF_LNS_MAPF_LNS_SAT_mapf-map_room-64-64-16_map-_home_max_Documents_PhD_MAPF_LNS_MAPF_LNS_SAT_mapf-scen-even_scen-even_room-64-64-16-even-1_scen-agents20-idx5-seed42-1760997530036,0,0,5,0.001371,1,2,81,83,1,1,24,10,0.000000,0.011000,0.026000,0.021000,0.001455,1
_home_max_Documents_PhD_MAPF_LNS_MAPF_LNS_SAT_mapf-map_room-64-64-16_map-_home_max_Documents_PhD_MAPF_LNS_MAPF_LNS_SAT_mapf-scen-even_scen-even_room-64-64-16-even-1_scen-agents20-idx5-seed42-1760997530036,0,0,5,0.001371,1,2,84,86,1,1,24,10,0.000000,0.011000,0.027000,0.021000,0.001302,1
_home_max_Documents_PhD_MAPF_LNS_MAPF_LNS_SAT_mapf-map_room-64-64-16_map-_home_max_Documents_PhD_MAPF_LNS_MAPF_LNS_SAT_mapf-scen-even_scen-even_room-64-64-16-even-1_scen-agents20-idx5-seed42-1760997530036,0,0,9,0.002468,2,3,90,93,4,7,652,188,0.000000,0.251000,0.354000,0.318000,0.012271,0
_home_max_Documents_PhD_MAPF_LNS_MAPF_LNS_SAT_mapf-map_room-64-64-16_map-_home_max_Documents_PhD_MAPF_LNS_MAPF_LNS_SAT_mapf-scen-even_scen-even_room-64-64-16-even-1_scen-agents20-idx5-seed42-1760997530036,0,1,19,0.005211,2,5,89,94,5,13,3969,663,0.000000,1.173000,1.895000,1.761000,0.135872,1
_home_max_Documents_PhD_MAPF_LNS_MAPF_LNS_SAT_mapf-map_room-64-64-16_map-_home_max_Documents_PhD_MAPF_LNS_MAPF_LNS_SAT_mapf-scen-even_scen-even_room-64-64-16-even-1_scen-agents20-idx5-seed42-1760997530036,0,0,4,0.001097,1,2,93,95,1,2,20,9,0.000000,0.011000,0.036000,0.024000,0.001903,1
_home_max_Documents_PhD_MAPF_LNS_MAPF_LNS_SAT_mapf-map_room-64-64-16_map-_home_max_Documents_PhD_MAPF_LNS_MAPF_LNS_SAT_mapf-scen-even_scen-even_room-64-64-16-even-1_scen-agents20-idx5-seed42-1760997530036,0,0,5,0.001371,1,2,103,105,1,1,24,10,0.000000,0.012000,0.027000,0.021000,0.001623,1
_home_max_Documents_PhD_MAPF_LNS_MAPF_LNS_SAT_mapf-map_room-64-64-16_map-_home_max_Documents_PhD_MAPF_LNS_MAPF_LNS_SAT_mapf-scen-even_scen-even_room-64-64-16-even-1_scen-agents20-idx5-seed42-1760997530036,0,0,5,0.001371,1,2,108,110,1,1,24,10,0.000000,0.011000,0.025000,0.020000,0.001257,1
_home_max_Documents_PhD_MAPF_LNS_MAPF_LNS_SAT_mapf-map_room-64-64-16_map-_home_max_Documents_PhD_MAPF_LNS_MAPF_LNS_SAT_mapf-scen-even_scen-even_room-64-64-16-even-1_scen-agents20-idx5-seed42-1760997530036,0,0,4,0.001097,1,2,114,116,1,2,20,9,0.000000,0.010000,0.032000,0.021000,0.001597,1
_home_max_Documents_PhD_MAPF_LNS_MAPF_LNS_SAT_mapf-map_room-64-64-16_map-_home_max_Documents_PhD_MAPF_LNS_MAPF_LNS_SAT_mapf-scen-even_scen-even_room-64-64-16-even-1_scen-agents20-idx5-seed42-1760997530036,0,0,5,0.001371,1,2,124,126,1,1,24,10,0.000000,0.012000,0.027000,0.022000,0.001328,1
_home_max_Documents_PhD_MAPF_LNS_MAPF_LNS_SAT_mapf-map_room-64-64-16_map-_home_max_Documents_PhD_MAPF_LNS_MAPF_LNS_SAT_mapf-scen-even_scen-even_room-64-64-16-even-1_scen-agents20-idx6-seed42-1760997530186,0,0,21,0.005760,8,5,10,19,2,3,243,113,0.000000,0.105000,0.193000,0.158000,0.022691,1
_home_max_Documents_PhD_MAPF_LNS_MAPF_LNS_SAT_mapf-map_room-64-64-16_map-_home_max_Documents_PhD_MAPF_LNS_MAPF_LNS_SAT_mapf-scen-even_scen-even_room-64-64-16-even-1_scen-agents20-idx6-seed42-1760997530186,0,0,5,0.001371,1,2,14,16,4,7,179,68,0.000000,0.065000,0.150000,0.120000,0.006386,0
_home_max_Documents_PhD_MAPF_LNS_MAPF_LNS_SAT_mapf-map_room-64-64-16_map-_home_max_Documents_PhD_MAPF_LNS_MAPF_LNS_SAT_mapf-scen-even_scen-even_room-64-64-16-even-1_scen-agents20-idx6-seed42-1760997530186,0,1,11,0.003017,1,2,13,17,3,6,198,67,0.000000,0.066000,0.180000,0.150000,0.016092,1
_home_max_Documents_PhD_MAPF_LNS_MAPF_LNS_SAT_mapf-map_room-64-64-16_map-_home_max_Documents_PhD_MAPF_LNS_MAPF_LNS_SAT_mapf-scen-even_scen-even_room-64-64-16-even-1_scen-agents20-idx6-seed42-1760997530186,0,0,7,0.001920,1,2,44,46,4,9,259,87,0.000000,0.089000,0.216000,0.170000,0.016612,1
_home_max_Documents_PhD_MAPF_LNS_MAPF_LNS_SAT_mapf-map_room-64-64-16_map-_home_max_Documents_PhD_MAPF_LNS_MAPF_LNS_SAT_mapf-scen-even_scen-even_room-64-64-16-even-1_scen-agents20-idx6-seed42-1760997530186,0,0,7,0.001920,3,4,53,56,4,7,488,170,0.000000,0.220000,0.291000,0.255000,0.009826,0
_home_max_Documents_PhD_MAPF_LNS_MAPF_LNS_SAT_mapf-map_room-64-64-16_map-_home_max_Documents_PhD_MAPF_LNS_MAPF_LNS_SAT_mapf-scen-even_scen-even_room-64-64-16-even-1_scen-agents20-idx6-seed42-1760997530186,0,1,14,0.003840,3,6,52,57,2,5,139,73,0.000000,0.104000,0.134000,0.089000,0.009990,1
_home_max_Documents_PhD_MAPF_LNS_MAPF_LNS_SAT_mapf-map_room-64-64-16_map-_home_max_Documents_PhD_MAPF_LNS_MAPF_LNS_SAT_mapf-scen-even_scen-even_room-64-64-16-even-1_scen-agents20-idx6-seed42-1760997530186,0,0,5,0.001371,1,2,56,58,2,3,28,15,0.000000,0.013000,0.040000,0.027000,0.002164,1
_home_max_Documents_PhD_MAPF_LNS_MAPF_LNS_SAT_mapf-map_room-64-64-16_map-_home_max_Documents_PhD_MAPF_LNS_MAPF_LNS_SAT_mapf-scen-even_scen-even_room-64-64-16-even-1_scen-agents20-idx6-seed42-1760997530186,0,0,5,0.001371,1,2,66,68,4,7,182,70,0.000000,0.073000,0.140000,0.116000,0.005788,0
_home_max_Documents_PhD_MAPF_LNS_MAPF_LNS_SAT_mapf-map_room-64-64-16_map-_home_max_Documents_PhD_MAPF_LNS_MAPF_LNS_SAT_mapf-scen-even_scen-even_room-64-64-16-even-1_scen-agents20-idx6-seed42-1760997530186,0,1,11,0.003017,1,2,65,69,6,11,2053,449,0.000000,0.741000,1.001000,0.939000,0.053379,0
_home_max_Documents_PhD_MAPF_LNS_MAPF_LNS_SAT_mapf-map_room-64-64-16_map-_home_max_Documents_PhD_MAPF_LNS_MAPF_LNS_SAT_mapf-scen-even_scen-even_room-64-64-16-even-1_scen-agents20-idx6-seed42-1760997530186,0,2,22,0.006034,1,2,64,70,6,18,6024,786,0.000000,1.761000,2.715000,2.507000,0.182426,1
_home_max_Documents_PhD_MAPF_LNS_MAPF_LNS_SAT_mapf-map_room-64-64-16_map-_home_max_Documents_PhD_MAPF_LNS_MAPF_LNS_SAT_mapf-scen-even_scen-even_room-64-64-16-even-1_scen-agents20-idx6-seed42-1760997530186,0,0,5,0.001371,1,2,85,87,4,7,179,68,0.000000,0.077000,0.147000,0.120000,0.006283,0
_home_max_Documents_PhD_MAPF_LNS_MAPF_LNS_SAT_mapf-map_room-64-64-16_map-_home_max_Documents_PhD_MAPF_LNS_MAPF_LNS_SAT_mapf-scen-even_scen-even_room-64-64-16-even-1_scen-agents20-idx6-seed42-1760997530186,0,1,13,0.003566,1,2,84,88,1,1,37,17,0.000000,0.020000,0.035000,0.028000,0.002132,1
_home_max_Documents_PhD_MAPF_LNS_MAPF_LNS_SAT_mapf-map_room-64-64-16_map-_home_max_Documents_PhD_MAPF_LNS_MAPF_LNS_SAT_mapf-scen-even_scen-even_room-64-64-16-even-1_scen-agents20-idx7-seed42-1760997530337,0,0,9,0.002468,1,2,8,10,3,6,120,44,0.000000,0.039000,0.152000,0.117000,0.014592,1
_home_max_Documents_PhD_MAPF_LNS_MAPF_LNS_SAT_mapf-map_room-64-64-16_map-_home_max_Documents_PhD_MAPF_LNS_MAPF_LNS_SAT_mapf-scen-even_scen-even_room-64-64-16-even-1_scen-agents20-idx7-seed42-1760997530337,0,0,6,0.001646,2,3,66,69,4,7,269,102,0.000000,0.119000,0.192000,0.160000,0.008457,0
_home_max_Documents_PhD_MAPF_LNS_MAPF_LNS_SAT_mapf-map_room-64-64-16_map-_home_max_Documents_PhD_MAPF_LNS_MAPF_LNS_SAT_mapf-scen-even_scen-even_room-64-64-16-even-1_scen-agents20-idx7-seed42-1760997530337,0,1,11,0.003017,2,3,65,70,10,19,15304,2881,0.000000,5.390000,6.691000,6.379000,0.268015,1
_home_max_Documents_PhD_MAPF_LNS_MAPF_LNS_SAT_mapf-map_room-64-64-16_map-_home_max_Documents_PhD_MAPF_LNS_MAPF_LNS_SAT_mapf-scen-even_scen-even_room-64-64-16-even-1_scen-agents20-idx7-seed42-1760997530337,0,0,9,0.002468,1,2,78,80,3,7,121,44,0.000000,0.052000,0.136000,0.099000,0.011246,1
_home_max_Documents_PhD_MAPF_LNS_MAPF_LNS_SAT_mapf-map_room-64-64-16_map-_home_max_Documents_PhD_MAPF_LNS_MAPF_LNS_SAT_mapf-scen-even_scen-even_room-64-64-16-even-1_scen-agents20-idx7-seed42-1760997530337,0,0,9,0.002468,2,3,84,87,4,9,412,127,0.000000,0.166000,0.303000,0.245000,0.021205,1
_home_max_Documents_PhD_MAPF_LNS_MAPF_LNS_SAT_mapf-map_room-64-64-16_map-_home_max_Documents_PhD_MAPF_LNS_MAPF_LNS_SAT_mapf-scen-even_scen-even_room-64-64-16-even-1_scen-agents20-idx7-seed42-1760997530337,0,0,5,0.001371,1,3,119,121,1,1,25,11,0.000000,0.016000,0.029000,0.022000,0.001789,1
_home_max_Documents_PhD_MAPF_LNS_MAPF_LNS_SAT_mapf-map_room-64-64-16_map-_home_max_Documents_PhD_MAPF_LNS_MAPF_LNS_SAT_mapf-scen-even_scen-even_room-64-64-16-even-1_scen-agents20-idx7-seed42-1760997530337,0,0,5,0.001371,1,3,121,123,1,3,27,11,0.000000,0.016000,0.047000,0.029000,0.002132,1
_home_max_Documents_PhD_MAPF_LNS_MAPF_LNS_SAT_mapf-map_room-64-64-16_map-_home_max_Documents_PhD_MAPF_LNS_MAPF_LNS_SAT_mapf-scen-even_scen-even_room-64-64-16-even-1_scen-agents20-idx8-seed42-1760997530487,0,0,33,0.009051,11,3,9,21,2,4,237,111,0.000000,0.124000,0.194000,0.153000,0.021715,1
_home_max_Documents_PhD_MAPF_LNS_MAPF_LNS_SAT_mapf-map_room-64-64-16_map-_home_max_Documents_PhD_MAPF_LNS_MAPF_LNS_SAT_mapf-scen-even_scen-even_room-64-64-16-even-1_scen-agents20-idx8-seed42-1760997530487,0,0,5,0.001371,1,2,20,22,4,7,179,68,0.000000,0.060000,0.151000,0.123000,0.006826,0
_home_max_Documents_PhD_MAPF_LNS_MAPF_LNS_SAT_mapf-map_room-64-64-16_map-_home_max_Documents_PhD_MAPF_LNS_MAPF_LNS_SAT_mapf-scen-even_scen-even_room-64-64-16-even-1_scen-agents20-idx8-seed42-1760997530487,0,1,11,0.003017,1,2,19,23,3,6,154,58,0.000000,0.057000,0.141000,0.108000,0.013606,1
_home_max_Documents_PhD_MAPF_LNS_MAPF_LNS_SAT_mapf-map_room-64-64-16_map-_home_max_Documents_PhD_MAPF_LNS_MAPF_LNS_SAT_mapf-scen-even_scen-even_room-64-64-16-even-1_scen-agents20-idx8-seed42-1760997530487,0,0,8,0.002194,3,2,21,25,2,3,54,25,0.000000,0.019000,0.057000,0.041000,0.002368,1
_home_max_Documents_PhD_MAPF_LNS_MAPF_LNS_SAT_mapf-map_room-64-64-16_map-_home_max_Documents_PhD_MAPF_LNS_MAPF_LNS_SAT_mapf-scen-even_scen-even_room-64-64-16-even-1_scen-agents20-idx8-seed42-1760997530487,0,0,8,0.002194,1,2,31,33,3,7,118,42,0.000000,0.040000,0.125000,0.090000,0.009588,1
_home_max_Documents_PhD_MAPF_LNS_MAPF_LNS_SAT_mapf-map_room-64-64-16_map-_home_max_Documents_PhD_MAPF_LNS_MAPF_LNS_SAT_mapf-scen-even_scen-even_room-64-64-16-even-1_scen-agents20-idx8-seed42-1760997530487,0,0,5,0.001371,1,2,33,35,4,7,179,68,0.000000,0.063000,0.141000,0.117000,0.005936,0
_home_max_Documents_PhD_MAPF_LNS_MAPF_LNS_SAT_mapf-map_room-64-64-16_map-_home_max_Documents_PhD_MAPF_LNS_MAPF_LNS_SAT_mapf-scen-even_scen-even_room-64-64-16-even-1_scen-agents20-idx8-seed42-1760997530487,0,1,11,0.003017,1,3,32,36,2,3,54,29,0.000000,0.026000,0.061000,0.045000,0.003353,1
_home_max_Documents_PhD_MAPF_LNS_MAPF_LNS_SAT_mapf-map_room-64-64-16_map-_home_max_Documents_PhD_MAPF_LNS_MAPF_LNS_SAT_mapf-scen-even_scen-even_room-64-64-16-even-1_scen-agents20-idx8-seed42-1760997530487,0,0,9,0.002468,1,2,39,41,4,9,354,101,0.000000,0.103000,0.266000,0.219000,0.019010,1
_home_max_Documents_PhD_MAPF_LNS_MAPF_LNS_SAT_mapf-map_room-64-64-16_map-_home_max_Documents_PhD_MAPF_LNS_MAPF_LNS_SAT_mapf-scen-even_scen-even_room-64-64-16-even-1_scen-agents20-idx8-seed42-1760997530487,0,0,8,0.002194,3,4,41,44,4,7,394,127,0.000000,0.150000,0.241000,0.207000,0.007674,0
_home_max_Documents_PhD_MAPF_LNS_MAPF_LNS_SAT_mapf-map_room-64-64-16_map-_home_max_Documents_PhD_MAPF_LNS_MAPF_LNS_SAT_mapf-scen-even_scen-even_room-64-64-16-even-1_scen-agents20-idx8-seed42-1760997530487,0,1,18,0.004937,3,4,40,45,3,6,297,108,0.000000,0.128000,0.213000,0.165000,0.015165,1
_home_max_Documents_PhD_MAPF_LNS_MAPF_LNS_SAT_mapf-map_room-64-64-16_map-_home_max_Documents_PhD_MAPF_LNS_MAPF_LNS_SAT_mapf-scen-even_scen-even_room-64-64-16-even-1_scen-agents20-idx8-seed42-1760997530487,0,0,9,0.002468,2,3,51,53,5,12,718,218,0.000000,0.274000,0.496000,0.412000,0.053776,1
_home_max_Documents_PhD_MAPF_LNS_MAPF_LNS_SAT_mapf-map_room-64-64-16_map-_home_max_Documents_PhD_MAPF_LNS_MAPF_LNS_SAT_mapf-scen-even_scen-even_room-64-64-16-even-1_scen-agents20-idx8-seed42-1760997530487,0,0,7,0.001920,2,4,73,75,5,15,1013,298,0.000000,0.353000,0.684000,0.585000,0.087614,0
_home_max_Documents_PhD_MAPF_LNS_MAPF_LNS_SAT_mapf-map_room-64-64-16_map-_home_max_Documents_PhD_MAPF_LNS_MAPF_LNS_SAT_mapf-scen-even_scen-even_room-64-64-16-even-1_scen-agents20-idx8-seed42-1760997530487,0,1,14,0.003840,2,4,72,76,4,8,1108,279,0.000000,0.379000,0.604000,0.541000,0.043577,1
_home_max_Documents_PhD_MAPF_LNS_MAPF_LNS_SAT_mapf-map_room-64-64-16_map-_home_max_Documents_PhD_MAPF_LNS_MAPF_LNS_SAT_mapf-scen-even_scen-even_room-64-64-16-even-1_scen-agents20-idx8-seed42-1760997530487,0,0,5,0.001371,1,2,80,82,1,2,25,10,0.000000,0.012000,0.039000,0.026000,0.002080,1
_home_max_Documents_PhD_MAPF_LNS_MAPF_LNS_SAT_mapf-map_room-64-64-16_map-_home_max_Documents_PhD_MAPF_LNS_MAPF_LNS_SAT_mapf-scen-even_scen-even_room-64-64-16-even-1_scen-agents20-idx8-seed42-1760997530487,0,0,8,0.002194,1,3,92,94,2,4,37,20,0.000000,0.029000,0.057000,0.036000,0.001680,0
_home_max_Documents_PhD_MAPF_LNS_MAPF_LNS_SAT_mapf-map_room-64-64-16_map-_home_max_Documents_PhD_MAPF_LNS_MAPF_LNS_SAT_mapf-scen-even_scen-even_room-64-64-16-even-1_scen-agents20-idx8-seed42-1760997530487,0,1,16,0.004388,1,3,91,95,2,3,76,40,0.000000,0.051000,0.072000,0.053000,0.003836,1
_home_max_Documents_PhD_MAPF_LNS_MAPF_LNS_SAT_mapf-map_room-64-64-16_map-_home_max_Documents_PhD_MAPF_LNS_MAPF_LNS_SAT_mapf-scen-even_scen-even_room-64-64-16-even-1_scen-agents20-idx8-seed42-1760997530487,0,0,8,0.002194,1,3,96,98,2,4,58,29,0.000000,0.037000,0.064000,0.046000,0.004172,0
_home_max_Documents_PhD_MAPF_LNS_MAPF_LNS_SAT_mapf-map_room-64-64-16_map-_home_max_Documents_PhD_MAPF_LNS_MAPF_LNS_SAT_mapf-scen-even_scen-even_room-64-64-16-even-1_scen-agents20-idx8-seed42-1760997530487,0,1,16,0.004388,1,3,95,99,2,5,270,84,0.000000,0.109000,0.198000,0.165000,0.016896,1
_home_max_Documents_PhD_MAPF_LNS_MAPF_LNS_SAT_mapf-map_room-64-64-16_map-_home_max_Documents_PhD_MAPF_LNS_MAPF_LNS_SAT_mapf-scen-even_scen-even_room-64-64-16-even-1_scen-agents20-idx8-seed42-1760997530487,0,0,5,0.001371,1,2,105,107,1,3,26,10,0.000000,0.012000,0.044000,0.027000,0.002139,1
_home_max_Documents_PhD_MAPF_LNS_MAPF_LNS_SAT_mapf-map_room-64-64-16_map-_home_max_Documents_PhD_MAPF_LNS_MAPF_LNS_SAT_mapf-scen-even_scen-even_room-64-64-16-even-1_scen-agents20-idx8-seed42-1760997530487,0,0,5,0.001371,1,2,112,114,1,2,25,10,0.000000,0.011000,0.036000,0.025000,0.001834,1
_home_max_Documents_PhD_MAPF_LNS_MAPF_LNS_SAT_mapf-map_room-64-64-16_map-_home_max_Documents_PhD_MAPF_LNS_MAPF_LNS_SAT_mapf-scen-even_scen-even_room-64-64-16-even-1_scen-agents20-idx8-seed42-1760997530487,0,0,5,0.001371,1,2,128,130,1,2,25,10,0.000000,0.013000,0.036000,0.023000,0.001583,1
_home_max_Documents_PhD_MAPF_LNS_MAPF_LNS_SAT_mapf-map_room-64-64-16_map-_home_max_Documents_PhD_MAPF_LNS_MAPF_LNS_SAT_mapf-scen-even_scen-even_room-64-64-16-even-1_scen-agents20-idx8-seed42-1760997530487,0,0,5,0.001371,1,2,129,131,1,2,25,10,0.000000,0.012000,0.035000,0.024000,0.001592,1
_home_max_Documents_PhD_MAPF_LNS_MAPF_LNS_SAT_mapf-map_room-64-64-16_map-_home_max_Documents_PhD_MAPF_LNS_MAPF_LNS_SAT_mapf-scen-even_scen-even_room-64-64-16-even-1_scen-agents20-idx8-seed42-1760997530487,0,0,5,0.001371,1,2,133,135,1,3,26,10,0.000000,0.012000,0.043000,0.027000,0.001830,1
_home_max_Documents_PhD_MAPF_LNS_MAPF_LNS_SAT_mapf-map_room-64-64-16_map-_home_max_Documents_PhD_MAPF_LNS_MAPF_LNS_SAT_mapf-scen-even_scen-even_room-64-64-16-even-1_scen-agents20-idx8-seed42-1760997530487,0,0,5,0.001371,1,2,134,136,1,2,25,10,0.000000,0.012000,0.035000,0.023000,0.001480,1
_home_max_Documents_PhD_MAPF_LNS_MAPF_LNS_SAT_mapf-map_room-64-64-16_map-_home_max_Documents_PhD_MAPF_LNS_MAPF_LNS_SAT_mapf-scen-even_scen-even_room-64-64-16-even-1_scen-agents20-idx8-seed42-1760997530487,0,0,5,0.001371,1,3,142,144,1,2,26,11,0.000000,0.017000,0.038000,0.025000,0.001686,1
_home_max_Documents_PhD_MAPF_LNS_MAPF_LNS_SAT_mapf-map_room-64-64-16_map-_home_max_Documents_PhD_MAPF_LNS_MAPF_LNS_SAT_mapf-scen-even_scen-even_room-64-64-16-even-1_scen-agents20-idx8-seed42-1760997530487,0,0,5,0.001371,1,3,144,146,1,2,26,11,0.000000,0.017000,0.037000,0.024000,0.001538,1
_home_max_Documents_PhD_MAPF_LNS_MAPF_LNS_SAT_mapf-map_room-64-64-16_map-_home_max_Documents_PhD_MAPF_LNS_MAPF_LNS_SAT_mapf-scen-even_scen-even_room-64-64-16-even-1_scen-agents20-idx8-seed42-1760997530487,0,0,5,0.001371,1,2,152,154,1,2,25,10,0.000000,0.013000,0.036000,0.024000,0.001685,1
_home_max_Documents_PhD_MAPF_LNS_MAPF_LNS_SAT_mapf-map_room-64-64-16_map-_home_max_Documents_PhD_MAPF_LNS_MAPF_LNS_SAT_mapf-scen-even_scen-even_room-64-64-16-even-1_scen-agents20-idx9-seed42-1760997530692,0,0,19,0.005211,8,2,1,10,2,3,132,60,0.000000,0.075000,0.129000,0.101000,0.013518,1
_home_max_Documents_PhD_MAPF_LNS_MAPF_LNS_SAT_mapf-map_room-64-64-16_map-_home_max_Documents_PhD_MAPF_LNS_MAPF_LNS_SAT_mapf-scen-even_scen-even_room-64-64-16-even-1_scen-agents20-idx9-seed42-1760997530692,0,0,9,0.002468,3,3,9,13,2,3,58,28,0.000000,0.020000,0.060000,0.042000,0.002812,1
_home_max_Documents_PhD_MAPF_LNS_MAPF_LNS_SAT_mapf-map_room-64-64-16_map-_home_max_Documents_PhD_MAPF_LNS_MAPF_LNS_SAT_mapf-scen-even_scen-even_room-64-64-16-even-1_scen-agents20-idx9-seed42-1760997530692,0,0,4,0.001097,1,2,29,31,4,7,150,65,0.000000,0.058000,0.136000,0.103000,0.005453,0
_home_max_Documents_PhD_MAPF_LNS_MAPF_LNS_SAT_mapf-map_room-64-64-16_map-_home_max_Documents_PhD_MAPF_LNS_MAPF_LNS_SAT_mapf-scen-even_scen-even_room-64-64-16-even-1_scen-agents20-idx9-seed42-1760997530692,0,1,9,0.002468,1,2,28,32,5,10,777,216,0.000000,0.251000,0.459000,0.411000,0.029295,0
_home_max_Documents_PhD_MAPF_LNS_MAPF_LNS_SAT_mapf-map_room-64-64-16_map-_home_max_Documents_PhD_MAPF_LNS_MAPF_LNS_SAT_mapf-scen-even_scen-even_room-64-64-16-even-1_scen-agents20-idx9-seed42-1760997530692,0,2,15,0.004114,1,3,27,33,5,11,1880,376,0.000000,0.551000,0.957000,0.881000,0.069428,1
_home_max_Documents_PhD_MAPF_LNS_MAPF_LNS_SAT_mapf-map_room-64-64-16_map-_home_max_Documents_PhD_MAPF_LNS_MAPF_LNS_SAT_mapf-scen-even_scen-even_room-64-64-16-even-1_scen-agents20-idx9-seed42-1760997530692,0,0,5,0.001371,1,2,48,50,1,1,24,10,0.000000,0.010000,0.028000,0.022000,0.001561,1
_home_max_Documents_PhD_MAPF_LNS_MAPF_LNS_SAT_mapf-map_room-64-64-16_map-_home_max_Documents_PhD_MAPF_LNS_MAPF_LNS_SAT_mapf-scen-even_scen-even_room-64-64-16-even-1_scen-agents20-idx9-seed42-1760997530692,0,0,5,0.001371,1,2,53,55,1,1,24,10,0.000000,0.010000,0.026000,0.020000,0.001365,1
_home_max_Documents_PhD_MAPF_LNS_MAPF_LNS_SAT_mapf-map_room-64-64-16_map-_home_max_Documents_PhD_MAPF_LNS_MAPF_LNS_SAT_mapf-scen-even_scen-even_room-64-64-16-even-1_scen-agents20-idx9-seed42-1760997530692,0,0,5,0.001371,1,2,58,60,4,7,179,68,0.000000,0.065000,0.149000,0.123000,0.006200,0
_home_max_Documents_PhD_MAPF_LNS_MAPF_LNS_SAT_mapf-map_room-64-64-16_map-_home_max_Documents_PhD_MAPF_LNS_MAPF_LNS_SAT_mapf-scen-even_scen-even_room-64-64-16-even-1_scen-agents20-idx9-seed42-1760997530692,0,1,13,0.003566,1,3,57,61,1,1,23,13,0.000000,0.014000,0.025000,0.018000,0.001123,1
_home_max_Documents_PhD_MAPF_LNS_MAPF_LNS_SAT_mapf-map_room-64-64-16_map-_home_max_Documents_PhD_MAPF_LNS_MAPF_LNS_SAT_mapf-scen-even_scen-even_room-64-64-16-even-1_scen-agents20-idx9-seed42-1760997530692,0,0,5,0.001371,1,2,62,64,4,7,179,68,0.000000,0.068000,0.144000,0.119000,0.005820,0
_home_max_Documents_PhD_MAPF_LNS_MAPF_LNS_SAT_mapf-map_room-64-64-16_map-_home_max_Documents_PhD_MAPF_LNS_MAPF_LNS_SAT_mapf-scen-even_scen-even_room-64-64-16-even-1_scen-agents20-idx9-seed42-1760997530692,0,1,13,0.003566,1,2,61,65,3,6,178,62,0.000000,0.061000,0.150000,0.118000,0.014018,1
_home_max_Documents_PhD_MAPF_LNS_MAPF_LNS_SAT_mapf-map_room-64-64-16_map-_home_max_Documents_PhD_MAPF_LNS_MAPF_LNS_SAT_mapf-scen-even_scen-even_room-64-64-16-even-1_scen-agents20-idx9-seed42-1760997530692,0,0,5,0.001371,1,2,63,65,1,1,24,10,0.000000,0.011000,0.027000,0.022000,0.001617,1
_home_max_Documents_PhD_MAPF_LNS_MAPF_LNS_SAT_mapf-map_room-64-64-16_map-_home_max_Documents_PhD_MAPF_LNS_MAPF_LNS_SAT_mapf-scen-even_scen-even_room-64-64-16-even-1_scen-agents20-idx9-seed42-1760997530692,0,0,5,0.001371,1,2,67,69,4,7,179,68,0.000000,0.069000,0.143000,0.117000,0.005728,0
_home_max_Documents_PhD_MAPF_LNS_MAPF_LNS_SAT_mapf-map_room-64-64-16_map-_home_max_Documents_PhD_MAPF_LNS_MAPF_LNS_SAT_mapf-scen-even_scen-even_room-64-64-16-even-1_scen-agents20-idx9-seed42-1760997530692,0,1,13,0.003566,1,2,66,70,3,6,178,62,0.000000,0.067000,0.158000,0.122000,0.013677,1
_home_max_Documents_PhD_MAPF_LNS_MAPF_LNS_SAT_mapf-map_room-64-64-16_map-_home_max_Documents_PhD_MAPF_LNS_MAPF_LNS_SAT_mapf-scen-even_scen-even_room-64-64-16-even-1_scen-agents20-idx9-seed42-1760997530692,0,0,5,0.001371,1,2,69,71,4,7,179,68,0.000000,0.067000,0.143000,0.120000,0.005849,0
_home_max_Documents_PhD_MAPF_LNS_MAPF_LNS_SAT_mapf-map_room-64-64-16_map-_home_max_Documents_PhD_MAPF_LNS_MAPF_LNS_SAT_mapf-scen-even_scen-even_room-64-64-16-even-1_scen-agents20-idx9-seed42-1760997530692,0,1,13,0.003566,1,2,68,72,3,6,178,62,0.000000,0.067000,0.150000,0.120000,0.013914,1
_home_max_Documents_PhD_MAPF_LNS_MAPF_LNS_SAT_mapf-map_room-64-64-16_map-_home_max_Documents_PhD_MAPF_LNS_MAPF_LNS_SAT_mapf-scen-even_scen-even_room-64-64-16-even-1_scen-agents20-idx9-seed42-1760997530692,0,0,5,0.001371,1,2,74,76,4,7,179,68,0.000000,0.073000,0.142000,0.117000,0.005625,0
_home_max_Documents_PhD_MAPF_LNS_MAPF_LNS_SAT_mapf-map_room-64-64-16_map-_home_max_Documents_PhD_MAPF_LNS_MAPF_LNS_SAT_mapf-scen-even_scen-even_room-64-64-16-even-1_scen-agents20-idx9-seed42-1760997530692,0,1,13,0.003566,1,2,73,77,3,6,178,62,0.000000,0.066000,0.153000,0.122000,0.013798,1
_home_max_Documents_PhD_MAPF_LNS_MAPF_LNS_SAT_mapf-map_room-64-64-16_map-_home_max_Documents_PhD_MAPF_LNS_MAPF_LNS_SAT_mapf-scen-even_scen-even_room-64-64-16-even-1_scen-agents20-idx9-seed42-1760997530692,0,0,9,0.002468,1,2,76,78,3,7,97,40,0.000000,0.043000,0.118000,0.083000,0.008325,1
_home_max_Documents_PhD_MAPF_LNS_MAPF_LNS_SAT_mapf-map_room-64-64-16_map-_home_max_Documents_PhD_MAPF_LNS_MAPF_LNS_SAT_mapf-scen-even_scen-even_room-64-64-16-even-1_scen-agents20-idx9-seed42-1760997530692,0,0,9,0.002468,1,2,80,82,4,8,358,104,0.000000,0.130000,0.257000,0.216000,0.018390,1
_home_max_Documents_PhD_MAPF_LNS_MAPF_LNS_SAT_mapf-map_room-64-64-16_map-_home_max_Documents_PhD_MAPF_LNS_MAPF_LNS_SAT_mapf-scen-even_scen-even_room-64-64-16-even-1_scen-agents20-idx9-seed42-1760997530692,0,0,8,0.002194,1,2,81,83,3,7,119,43,0.000000,0.049000,0.128000,0.093000,0.009222,1
_home_max_Documents_PhD_MAPF_LNS_MAPF_LNS_SAT_mapf-map_room-64-64-16_map-_home_max_Documents_PhD_MAPF_LNS_MAPF_LNS_SAT_mapf-scen-even_scen-even_room-64-64-16-even-1_scen-agents20-idx9-seed42-1760997530692,0,0,5,0.001371,2,4,83,86,1,3,49,19,0.000000,0.026000,0.064000,0.041000,0.003731,1
_home_max_Documents_PhD_MAPF_LNS_MAPF_LNS_SAT_mapf-map_room-64-64-16_map-_home_max_Documents_PhD_MAPF_LNS_MAPF_LNS_SAT_mapf-scen-even_scen-even_room-64-64-16-even-1_scen-agents20-idx9-seed42-1760997530692,0,0,8,0.002194,1,2,85,87,3,7,118,42,0.000000,0.045000,0.137000,0.101000,0.011413,1
_home_max_Documents_PhD_MAPF_LNS_MAPF_LNS_SAT_mapf-map_room-64-64-16_map-_home_max_Documents_PhD_MAPF_LNS_MAPF_LNS_SAT_mapf-scen-even_scen-even_room-64-64-16-even-1_scen-agents20-idx9-seed42-1760997530692,0,0,8,0.002194,2,3,92,95,3,6,355,112,0.000000,0.166000,0.272000,0.232000,0.013624,0
_home_max_Documents_PhD_MAPF_LNS_MAPF_LNS_SAT_mapf-map_room-64-64-16_map-_home_max_Documents_PhD_MAPF_LNS_MAPF_LNS_SAT_mapf-scen-even_scen-even_room-64-64-16-even-1_scen-agents20-idx9-seed42-1760997530692,0,1,16,0.004388,2,4,91,96,3,6,1453,264,0.000000,0.494000,0.686000,0.641000,0.032734,0
_home_max_Documents_PhD_MAPF_LNS_MAPF_LNS_SAT_mapf-map_room-64-64-16_map-_home_max_Documents_PhD_MAPF_LNS_MAPF_LNS_SAT_mapf-scen-even_scen-even_room-64-64-16-even-1_scen-agents20-idx9-seed42-1760997530692,0,2,29,0.007954,2,5,90,97,3,5,4508,511,0.000000,1.254000,1.821000,1.776000,0.033650,0
_home_max_Documents_PhD_MAPF_LNS_MAPF_LNS_SAT_mapf-map_room-64-64-16_map-_home_max_Documents_PhD_MAPF_LNS_MAPF_LNS_SAT_mapf-scen-even_scen-even_room-64-64-16-even-1_scen-agents20-idx9-seed42-1760997530692,0,3,45,0.012342,2,7,89,98,3,7,11640,876,0.000000,2.987000,4.409000,4.289000,0.151467,0
_home_max_Documents_PhD_MAPF_LNS_MAPF_LNS_SAT_mapf-map_room-64-64-16_map-_home_max_Documents_PhD_MAPF_LNS_MAPF_LNS_SAT_mapf-scen-even_scen-even_room-64-64-16-even-1_scen-agents20-idx9-seed42-1760997530692,0,4,63,0.017279,2,8,88,99,3,7,25154,1366,0.000000,6.109000,9.414000,9.293000,0.273748,0
_home_max_Documents_PhD_MAPF_LNS_MAPF_LNS_SAT_mapf-map_room-64-64-16_map-_home_max_Documents_PhD_MAPF_LNS_MAPF_LNS_SAT_mapf-scen-even_scen-even_room-64-64-16-even-1_scen-agents20-idx9-seed42-1760997530692,0,5,84,0.023039,2,8,87,100,3,7,48406,1998,0.000000,12.779000,18.276000,18.044000,0.467703,0
_home_max_Documents_PhD_MAPF_LNS_MAPF_LNS_SAT_mapf-map_room-64-64-16_map-_home_max_Documents_PhD_MAPF_LNS_MAPF_LNS_SAT_mapf-scen-even_scen-even_room-64-64-16-even-1_scen-agents20-idx9-seed42-1760997530692,0,6,107,0.029347,2,8,86,101,3,7,85588,2779,0.000000,23.804000,30.534000,30.281000,0.767078,0
_home_max_Documents_PhD_MAPF_LNS_MAPF_LNS_SAT_mapf-map_room-64-64-16_map-_home_max_Documents_PhD_MAPF_LNS_MAPF_LNS_SAT_mapf-scen-even_scen-even_room-64-64-16-even-1_scen-agents20-idx9-seed42-1760997530692,0,7,132,0.036204,2,8,85,102,3,7,138998,3739,0.000000,44.284000,50.966000,50.495000,1.213576,0
_home_max_Documents_PhD_MAPF_LNS_MAPF_LNS_SAT_mapf-map_room-64-64-16_map-_home_max_Documents_PhD_MAPF_LNS_MAPF_LNS_SAT_mapf-scen-even_scen-even_room-64-64-16-even-1_scen-agents20-idx9-seed42-1760997530692,0,8,159,0.043609,2,8,84,103,3,7,220981,4893,0.002000,80.118000,82.513000,81.687000,1.770876,0
_home_max_Documents_PhD_MAPF_LNS_MAPF_LNS_SAT_mapf-map_room-64-64-16_map-_home_max_Documents_PhD_MAPF_LNS_MAPF_LNS_SAT_mapf-scen-even_scen-even_room-64-64-16-even-1_scen-agents20-idx9-seed42-1760997530692,0,9,188,0.051563,2,9,83,104,3,7,416574,8921,0.003000,155.715000,170.138000,168.727000,3.308788,0
_home_max_Documents_PhD_MAPF_LNS_MAPF_LNS_SAT_mapf-map_room-64-64-16_map-_home_max_Documents_PhD_MAPF_LNS_MAPF_LNS_SAT_mapf-scen-even_scen-even_room-64-64-16-even-1_scen-agents20-idx9-seed42-1760997530692,0,10,217,0.059517,2,11,82,105,3,7,634780,11671,0.002000,250.588000,268.194000,266.168000,5.093689,0
_home_max_Documents_PhD_MAPF_LNS_MAPF_LNS_SAT_mapf-map_room-64-64-16_map-_home_max_Documents_PhD_MAPF_LNS_MAPF_LNS_SAT_mapf-scen-even_scen-even_room-64-64-16-even-1_scen-agents20-idx9-seed42-1760997530692,0,11,247,0.067745,2,11,81,106,3,7,931038,14861,0.004000,393.545000,449.635000,446.441000,7.243539,0
_home_max_Documents_PhD_MAPF_LNS_MAPF_LNS_SAT_mapf-map_room-64-64-16_map-_home_max_Documents_PhD_MAPF_LNS_MAPF_LNS_SAT_mapf-scen-even_scen-even_room-64-64-16-even-1_scen-agents20-idx9-seed42-1760997530692,0,12,278,0.076248,2,11,80,107,3,7,1328272,18797,0.009000,634.933000,773.958000,768.717000,10.215073,0
_home_max_Documents_PhD_MAPF_LNS_MAPF_LNS_SAT_mapf-map_room-64-64-16_map-_home_max_Documents_PhD_MAPF_LNS_MAPF_LNS_SAT_mapf-scen-even_scen-even_room-64-64-16-even-1_scen-agents20-idx9-seed42-1760997530692,0,13,307,0.084202,2,11,79,108,3,7,1820598,22943,0.003000,941.242000,1173.963000,1167.105000,18.557326,0
_home_max_Documents_PhD_MAPF_LNS_MAPF_LNS_SAT_mapf-map_room-64-64-16_map-_home_max_Documents_PhD_MAPF_LNS_MAPF_LNS_SAT_mapf-scen-even_scen-even_room-64-64-16-even-1_scen-agents20-idx9-seed42-1760997530692,0,14,334,0.091607,2,11,78,109,3,7,2403067,27348,0.004000,1281.335000,1579.954000,1571.164000,17.640460,0
_home_max_Documents_PhD_MAPF_LNS_MAPF_LNS_SAT_mapf-map_room-64-64-16_map-_home_max_Documents_PhD_MAPF_LNS_MAPF_LNS_SAT_mapf-scen-even_scen-even_room-64-64-16-even-1_scen-agents20-idx9-seed42-1760997530692,0,15,359,0.098464,2,12,77,110,3,7,3064116,31859,0.005000,1865.515000,2057.107000,2045.892000,21.984026,0
_home_max_Documents_PhD_MAPF_LNS_MAPF_LNS_SAT_mapf-map_room-64-64-16_map-_home_max_Documents_PhD_MAPF_LNS_MAPF_LNS_SAT_mapf-scen-even_scen-even_room-64-64-16-even-1_scen-agents20-idx9-seed42-1760997530692,0,16,382,0.104772,2,13,76,111,3,7,4438807,46944,0.008000,3075.153000,3152.319000,3135.343000,32.513122,0
_home_max_Documents_PhD_MAPF_LNS_MAPF_LNS_SAT_mapf-map_room-64-64-16_map-_home_max_Documents_PhD_MAPF_LNS_MAPF_LNS_SAT_mapf-scen-even_scen-even_room-64-64-16-even-1_scen-agents20-idx9-seed42-1760997530692,0,17,402,0.110258,2,13,75,112,3,7,5538994,54831,0.005000,4473.192000,4177.036000,4154.484000,40.296366,0
_home_max_Documents_PhD_MAPF_LNS_MAPF_LNS_SAT_mapf-map_room-64-64-16_map-_home_max_Documents_PhD_MAPF_LNS_MAPF_LNS_SAT_mapf-scen-even_scen-even_room-64-64-16-even-1_scen-agents20-idx9-seed42-1760997530692,0,18,421,0.115469,2,13,74,113,3,7,6767671,62810,0.005000,6636.091000,5024.232000,4997.409000,48.934281,0
_home_max_Documents_PhD_MAPF_LNS_MAPF_LNS_SAT_mapf-map_room-64-64-16_map-_home_max_Documents_PhD_MAPF_LNS_MAPF_LNS_SAT_mapf-scen-even_scen-even_room-64-64-16-even-1_scen-agents20-idx9-seed42-1760997530692,0,19,441,0.120954,2,13,73,114,3,7,8156814,70936,0.049000,9622.589000,6442.099000,6408.526000,60.807393,0
_home_max_Documents_PhD_MAPF_LNS_MAPF_LNS_SAT_mapf-map_room-64-64-16_map-_home_max_Documents_PhD_MAPF_LNS_MAPF_LNS_SAT_mapf-scen-even_scen-even_room-64-64-16-even-1_scen-agents20-idx9-seed42-1760997530692,0,20,462,0.126714,2,13,72,115,3,7,9751379,80044,0.004000,12520.883000,8164.606000,7412.898000,485.534354,0
_home_max_Documents_PhD_MAPF_LNS_MAPF_LNS_SAT_mapf-map_room-64-64-16_map-_home_max_Documents_PhD_MAPF_LNS_MAPF_LNS_SAT_mapf-scen-even_scen-even_room-64-64-16-even-1_scen-agents20-idx9-seed42-1760997530692,0,21,482,0.132200,2,14,71,116,3,7,11564705,90483,0.025000,14146.621000,9497.848000,8633.881000,82.483718,0
_home_max_Documents_PhD_MAPF_LNS_MAPF_LNS_SAT_mapf-map_room-64-64-16_map-_home_max_Documents_PhD_MAPF_LNS_MAPF_LNS_SAT_mapf-scen-even_scen-even_room-64-64-16-even-1_scen-agents20-idx9-seed42-1760997530692,0,22,504,0.138234,2,14,70,117,3,7,13597737,100751,0.030000,18426.305000,10910.269000,9895.976000,96.970880,0
_home_max_Documents_PhD_MAPF_LNS_MAPF_LNS_SAT_mapf-map_room-64-64-16_map-_home_max_Documents_PhD_MAPF_LNS_MAPF_LNS_SAT_mapf-scen-even_scen-even_room-64-64-16-even-1_scen-agents20-idx9-seed42-1760997530692,0,23,525,0.143993,2,14,69,118,3,7,15843553,111709,0.033000,24374.398000,12645.172000,12044.592000,110.210933,0
_home_max_Documents_PhD_MAPF_LNS_MAPF_LNS_SAT_mapf-map_room-64-64-16_map-_home_max_Documents_PhD_MAPF_LNS_MAPF_LNS_SAT_mapf-scen-even_scen-even_room-64-64-16-even-1_scen-agents20-idx9-seed42-1760997530692,0,24,546,0.149753,2,14,68,119,3,7,18331581,123640,0.027000,36121.450000,16013.639000,15187.282000,128.864382,0
_home_max_Documents_PhD_MAPF_LNS_MAPF_LNS_SAT_mapf-map_room-64-64-16_map-_home_max_Documents_PhD_MAPF_LNS_MAPF_LNS_SAT_mapf-scen-even_scen-even_room-64-64-16-even-1_scen-agents20-idx9-seed42-1760997530692,0,25,568,0.155787,2,14,67,120,3,7,21067359,135697,0.034000,52397.036000,18580.892000,16868.720000,145.853965,0
_home_max_Documents_PhD_MAPF_LNS_MAPF_LNS_SAT_mapf-map_room-64-64-16_map-_home_max_Documents_PhD_MAPF_LNS_MAPF_LNS_SAT_mapf-scen-even_scen-even_room-64-64-16-even-1_scen-agents20-idx9-seed42-1760997530692,0,26,592,0.162370,2,14,66,121,3,7,24041981,147388,0.042000,62824.701000,20776.631000,18885.268000,163.397237,0
_home_max_Documents_PhD_MAPF_LNS_MAPF_LNS_SAT_mapf-map_room-64-64-16_map-_home_max_Documents_PhD_MAPF_LNS_MAPF_LNS_SAT_mapf-scen-even_scen-even_room-64-64-16-even-1_scen-agents20-idx9-seed42-1760997530692,0,27,618,0.169501,2,14,65,122,3,7,27387710,160271,0.042000,71107.738000,23242.760000,21109.815000,188.231381,0
_home_max_Documents_PhD_MAPF_LNS_MAPF_LNS_SAT_mapf-map_room-64-64-16_map-_home_max_Documents_PhD_MAPF_LNS_MAPF_LNS_SAT_mapf-scen-even_scen-even_room-64-64-16-even-1_scen-agents20-idx9-seed42-1760997530692,0,28,647,0.177455,2,14,64,123,3,7,30862485,173642,0.039000,82605.830000,25960.895000,24668.736000,211.683599,0
_home_max_Documents_PhD_MAPF_LNS_MAPF_LNS_SAT_mapf-map_room-64-64-16_map-_home_max_Documents_PhD_MAPF_LNS_MAPF_LNS_SAT_mapf-scen-even_scen-even_room-64-64-16-even-1_scen-agents50-idx0-seed42-1760998128788,0,0,9,0.002468,1,2,4,6,4,9,355,102,0.000000,0.112000,0.291000,0.239000,0.025373,1
_home_max_Documents_PhD_MAPF_LNS_MAPF_LNS_SAT_mapf-map_room-64-64-16_map-_home_max_Documents_PhD_MAPF_LNS_MAPF_LNS_SAT_mapf-scen-even_scen-even_room-64-64-16-even-1_scen-agents50-idx0-seed42-1760998128788,0,0,9,0.002468,3,6,5,9,4,7,510,178,0.000000,0.170000,0.300000,0.257000,0.009918,0
_home_max_Documents_PhD_MAPF_LNS_MAPF_LNS_SAT_mapf-map_room-64-64-16_map-_home_max_Documents_PhD_MAPF_LNS_MAPF_LNS_SAT_mapf-scen-even_scen-even_room-64-64-16-even-1_scen-agents50-idx0-seed42-1760998128788,0,1,19,0.005211,3,6,4,10,3,6,402,160,0.000000,0.145000,0.279000,0.215000,0.024641,1
_home_max_Documents_PhD_MAPF_LNS_MAPF_LNS_SAT_mapf-map_room-64-64-16_map-_home_max_Documents_PhD_MAPF_LNS_MAPF_LNS_SAT_mapf-scen-even_scen-even_room-64-64-16-even-1_scen-agents50-idx0-seed42-1760998128788,0,0,5,0.001371,1,3,9,11,2,3,30,17,0.000000,0.013000,0.045000,0.030000,0.002129,1
_home_max_Documents_PhD_MAPF_LNS_MAPF_LNS_SAT_mapf-map_room-64-64-16_map-_home_max_Documents_PhD_MAPF_LNS_MAPF_LNS_SAT_mapf-scen-even_scen-even_room-64-64-16-even-1_scen-agents50-idx0-seed42-1760998128788,0,0,5,0.001371,1,2,10,12,1,1,24,10,0.000000,0.009000,0.027000,0.022000,0.001741,1
_home_max_Documents_PhD_MAPF_LNS_MAPF_LNS_SAT_mapf-map_room-64-64-16_map-_home_max_Documents_PhD_MAPF_LNS_MAPF_LNS_SAT_mapf-scen-even_scen-even_room-64-64-16-even-1_scen-agents50-idx0-seed42-1760998128788,0,0,7,0.001920,3,2,11,15,2,3,52,25,0.000000,0.018000,0.055000,0.038000,0.002362,1
_home_max_Documents_PhD_MAPF_LNS_MAPF_LNS_SAT_mapf-map_room-64-64-16_map-_home_max_Documents_PhD_MAPF_LNS_MAPF_LNS_SAT_mapf-scen-even_scen-even_room-64-64-16-even-1_scen-agents50-idx0-seed42-1760998128788,0,0,7,0.001920,1,2,11,13,3,7,112,44,0.000000,0.040000,0.129000,0.090000,0.009219,1
_home_max_Documents_PhD_MAPF_LNS_MAPF_LNS_SAT_mapf-map_room-64-64-16_map-_home_max_Documents_PhD_MAPF_LNS_MAPF_LNS_SAT_mapf-scen-even_scen-even_room-64-64-16-even-1_scen-agents50-idx0-seed42-1760998128788,0,0,12,0.003291,4,4,12,17,2,3,102,51,0.000000,0.044000,0.085000,0.063000,0.004810,1
_home_max_Documents_PhD_MAPF_LNS_MAPF_LNS_SAT_mapf-map_room-64-64-16_map-_home_max_Documents_PhD_MAPF_LNS_MAPF_LNS_SAT_mapf-scen-even_scen-even_room-64-64-16-even-1_scen-agents50-idx0-seed42-1760998128788,0,0,5,0.001371,1,2,12,14,1,3,26,10,0.000000,0.009000,0.049000,0.031000,0.002650,1
_home_max_Documents_PhD_MAPF_LNS_MAPF_LNS_SAT_mapf-map_room-64-64-16_map-_home_max_Documents_PhD_MAPF_LNS_MAPF_LNS_SAT_mapf-scen-even_scen-even_room-64-64-16-even-1_scen-agents50-idx0-seed42-1760998128788,0,0,5,0.001371,1,2,15,17,4,7,192,75,0.000000,0.069000,0.155000,0.126000,0.006164,0
_home_max_Documents_PhD_MAPF_LNS_MAPF_LNS_SAT_mapf-map_room-64-64-16_map-_home_max_Documents_PhD_MAPF_LNS_MAPF_LNS_SAT_mapf-scen-even_scen-even_room-64-64-16-even-1_scen-agents50-idx0-seed42-1760998128788,0,1,11,0.003017,1,3,14,18,2,4,61,32,0.000000,0.024000,0.076000,0.048000,0.004088,1
_home_max_Documents_PhD_MAPF_LNS_MAPF_LNS_SAT_mapf-map_room-64-64-16_map-_home_max_Documents_PhD_MAPF_LNS_MAPF_LNS_SAT_mapf-scen-even_scen-even_room-64-64-16-even-1_scen-agents50-idx0-seed42-1760998128788,0,0,25,0.006857,12,3,17,30,2,3,240,99,0.000000,0.094000,0.154000,0.127000,0.010171,1
_home_max_Documents_PhD_MAPF_LNS_MAPF_LNS_SAT_mapf-map_room-64-64-16_map-_home_max_Documents_PhD_MAPF_LNS_MAPF_LNS_SAT_mapf-scen-even_scen-even_room-64-64-16-even-1_scen-agents50-idx0-seed42-1760998128788,0,0,8,0.002194,2,2,19,22,2,4,57,26,0.000000,0.024000,0.072000,0.051000,0.004942,1
_home_max_Documents_PhD_MAPF_LNS_MAPF_LNS_SAT_mapf-map_room-64-64-16_map-_home_max_Documents_PhD_MAPF_LNS_MAPF_LNS_SAT_mapf-scen-even_scen-even_room-64-64-16-even-1_scen-agents50-idx0-seed42-1760998128788,0,0,9,0.002468,1,2,21,23,3,7,122,45,0.000000,0.043000,0.134000,0.099000,0.009961,1
_home_max_Documents_PhD_MAPF_LNS_MAPF_LNS_SAT_mapf-map_room-64-64-16_map-_home_max_Documents_PhD_MAPF_LNS_MAPF_LNS_SAT_mapf-scen-even_scen-even_room-64-64-16-even-1_scen-agents50-idx0-seed42-1760998128788,0,0,5,0.001371,1,2,23,25,1,1,24,10,0.000000,0.009000,0.028000,0.022000,0.001451,1
_home_max_Documents_PhD_MAPF_LNS_MAPF_LNS_SAT_mapf-map_room-64-64-16_map-_home_max_Documents_PhD_MAPF_LNS_MAPF_LNS_SAT_mapf-scen-even_scen-even_room-64-64-16-even-1_scen-agents50-idx0-seed42-1760998128788,0,0,5,0.001371,1,2,24,26,4,7,221,84,0.000000,0.084000,0.164000,0.137000,0.005449,0
_home_max_Documents_PhD_MAPF_LNS_MAPF_LNS_SAT_mapf-map_room-64-64-16_map-_home_max_Documents_PhD_MAPF_LNS_MAPF_LNS_SAT_mapf-scen-even_scen-even_room-64-64-16-even-1_scen-agents50-idx0-seed42-1760998128788,0,1,13,0.003566,1,4,23,27,2,3,70,37,0.000000,0.032000,0.057000,0.046000,0.001972,0
_home_max_Documents_PhD_MAPF_LNS_MAPF_LNS_SAT_mapf-map_room-64-64-16_map-_home_max_Documents_PhD_MAPF_LNS_MAPF_LNS_SAT_mapf-scen-even_scen-even_room-64-64-16-even-1_scen-agents50-idx0-seed42-1760998128788,0,2,25,0.006857,1,4,22,28,1,2,66,33,0.000000,0.030000,0.065000,0.045000,0.004444,1
_home_max_Documents_PhD_MAPF_LNS_MAPF_LNS_SAT_mapf-map_room-64-64-16_map-_home_max_Documents_PhD_MAPF_LNS_MAPF_LNS_SAT_mapf-scen-even_scen-even_room-64-64-16-even-1_scen-agents50-idx0-seed42-1760998128788,0,0,8,0.002194,1,2,25,27,2,3,32,17,0.000000,0.013000,0.044000,0.031000,0.001745,1
_home_max_Documents_PhD_MAPF_LNS_MAPF_LNS_SAT_mapf-map_room-64-64-16_map-_home_max_Documents_PhD_MAPF_LNS_MAPF_LNS_SAT_mapf-scen-even_scen-even_room-64-64-16-even-1_scen-agents50-idx0-seed42-1760998128788,0,0,17,0.004663,16,8,26,32,9,33,55025,7270,0.002000,19.135000,34.621000,33.019000,3.287327,1
_home_max_Documents_PhD_MAPF_LNS_MAPF_LNS_SAT_mapf-map_room-64-64-16_map-_home_max_Documents_PhD_MAPF_LNS_MAPF_LNS_SAT_mapf-scen-even_scen-even_room-64-64-16-even-1_scen-agents50-idx0-seed42-1760998128788,0,0,9,0.002468,1,3,28,30,6,15,1533,379,0.000000,0.490000,0.910000,0.791000,0.073977,1
_home_max_Documents_PhD_MAPF_LNS_MAPF_LNS_SAT_mapf-map_room-64-64-16_map-_home_max_Documents_PhD_MAPF_LNS_MAPF_LNS_SAT_mapf-scen-even_scen-even_room-64-64-16-even-1_scen-agents50-idx0-seed42-1760998128788,0,0,9,0.002468,2,3,30,33,4,9,411,126,0.000000,0.140000,0.316000,0.256000,0.025655,1
_home_max_Documents_PhD_MAPF_LNS_MAPF_LNS_SAT_mapf-map_room-64-64-16_map-_home_max_Documents_PhD_MAPF_LNS_MAPF_LNS_SAT_mapf-scen-even_scen-even_room-64-64-16-even-1_scen-agents50-idx0-seed42-1760998128788,0,0,9,0.002468,2,3,32,34,3,9,197,71,0.000000,0.073000,0.206000,0.151000,0.021181,1
_home_max_Documents_PhD_MAPF_LNS_MAPF_LNS_SAT_mapf-map_room-64-64-16_map-_home_max_Documents_PhD_MAPF_LNS_MAPF_LNS_SAT_mapf-scen-even_scen-even_room-64-64-16-even-1_scen-agents50-idx0-seed42-1760998128788,0,0,8,0.002194,1,4,33,35,6,15,2401,608,0.000000,0.866000,1.349000,1.215000,0.108330,0
_home_max_Documents_PhD_MAPF_LNS_MAPF_LNS_SAT_mapf-map_room-64-64-16_map-_home_max_Documents_PhD_MAPF_LNS_MAPF_LNS_SAT_mapf-scen-even_scen-even_room-64-64-16-even-1_scen-agents50-idx0-seed42-1760998128788,0,1,18,0.004937,1,6,32,36,3,6,371,144,0.000000,0.176000,0.275000,0.221000,0.024895,1
_home_max_Documents_PhD_MAPF_LNS_MAPF_LNS_SAT_mapf-map_room-64-64-16_map-_home_max_Documents_PhD_MAPF_LNS_MAPF_LNS_SAT_mapf-scen-even_scen-even_room-64-64-16-even-1_scen-agents50-idx0-seed42-1760998128788,0,0,8,0.002194,1,2,39,41,3,7,118,42,0.000000,0.042000,0.129000,0.094000,0.009375,1
_home_max_Documents_PhD_MAPF_LNS_MAPF_LNS_SAT_mapf-map_room-64-64-16_map-_home_max_Documents_PhD_MAPF_LNS_MAPF_LNS_SAT_mapf-scen-even_scen-even_room-64-64-16-even-1_scen-agents50-idx0-seed42-1760998128788,0,0,7,0.001920,1,2,43,45,4,8,260,89,0.000000,0.097000,0.213000,0.172000,0.014246,1
_home_max_Documents_PhD_MAPF_LNS_MAPF_LNS_SAT_mapf-map_room-64-64-16_map-_home_max_Documents_PhD_MAPF_LNS_MAPF_LNS_SAT_mapf-scen-even_scen-even_room-64-64-16-even-1_scen-agents50-idx0-seed42-1760998128788,0,0,5,0.001371,1,2,45,47,4,7,208,82,0.000000,0.098000,0.162000,0.133000,0.006397,0
_home_max_Documents_PhD_MAPF_LNS_MAPF_LNS_SAT_mapf-map_room-64-64-16_map-_home_max_Documents_PhD_MAPF_LNS_MAPF_LNS_SAT_mapf-scen-even_scen-even_room-64-64-16-even-1_scen-agents50-idx0-seed42-1760998128788,0,1,13,0.003566,1,3,44,48,1,1,40,19,0.000000,0.021000,0.036000,0.028000,0.002054,1
_home_max_Documents_PhD_MAPF_LNS_MAPF_LNS_SAT_mapf-map_room-64-64-16_map-_home_max_Documents_PhD_MAPF_LNS_MAPF_LNS_SAT_mapf-scen-even_scen-even_room-64-64-16-even-1_scen-agents50-idx0-seed42-1760998128788,0,0,8,0.002194,4,6,46,49,2,4,86,45,0.000000,0.059000,0.097000,0.064000,0.005555,1
_home_max_Documents_PhD_MAPF_LNS_MAPF_LNS_SAT_mapf-map_room-64-64-16_map-_home_max_Documents_PhD_MAPF_LNS_MAPF_LNS_SAT_mapf-scen-even_scen-even_room-64-64-16-even-1_scen-agents50-idx0-seed42-1760998128788,0,0,5,0.001371,1,3,48,50,4,7,184,73,0.000000,0.081000,0.152000,0.125000,0.005761,0
_home_max_Documents_PhD_MAPF_LNS_MAPF_LNS_SAT_mapf-map_room-64-64-16_map-_home_max_Documents_PhD_MAPF_LNS_MAPF_LNS_SAT_mapf-scen-even_scen-even_room-64-64-16-even-1_scen-agents50-idx0-seed42-1760998128788,0,1,13,0.003566,1,4,47,51,1,2,50,24,0.000000,0.028000,0.060000,0.041000,0.005648,1
_home_max_Documents_PhD_MAPF_LNS_MAPF_LNS_SAT_mapf-map_room-64-64-16_map-_home_max_Documents_PhD_MAPF_LNS_MAPF_LNS_SAT_mapf-scen-even_scen-even_room-64-64-16-even-1_scen-agents50-idx0-seed42-1760998128788,0,0,11,0.003017,4,4,52,55,3,6,223,83,0.000000,0.105000,0.186000,0.143000,0.011053,1
_home_max_Documents_PhD_MAPF_LNS_MAPF_LNS_SAT_mapf-map_room-64-64-16_map-_home_max_Documents_PhD_MAPF_LNS_MAPF_LNS_SAT_mapf-scen-even_scen-even_room-64-64-16-even-1_scen-agents50-idx0-seed42-1760998128788,0,0,7,0.001920,2,4,52,55,4,9,320,116,0.000000,0.147000,0.270000,0.207000,0.022490,1
_home_max_Documents_PhD_MAPF_LNS_MAPF_LNS_SAT_mapf-map_room-64-64-16_map-_home_max_Documents_PhD_MAPF_LNS_MAPF_LNS_SAT_mapf-scen-even_scen-even_room-64-64-16-even-1_scen-agents50-idx0-seed42-1760998128788,0,0,5,0.001371,1,2,54,56,2,3,28,15,0.000000,0.016000,0.041000,0.028000,0.001995,1
_home_max_Documents_PhD_MAPF_LNS_MAPF_LNS_SAT_mapf-map_room-64-64-16_map-_home_max_Documents_PhD_MAPF_LNS_MAPF_LNS_SAT_mapf-scen-even_scen-even_room-64-64-16-even-1_scen-agents50-idx0-seed42-1760998128788,0,0,9,0.002468,2,3,55,58,8,15,7045,1641,0.001000,2.870000,3.072000,2.938000,0.088649,0
_home_max_Documents_PhD_MAPF_LNS_MAPF_LNS_SAT_mapf-map_room-64-64-16_map-_home_max_Documents_PhD_MAPF_LNS_MAPF_LNS_SAT_mapf-scen-even_scen-even_room-64-64-16-even-1_scen-agents50-idx0-seed42-1760998128788,0,1,19,0.005211,2,4,54,59,5,10,2811,527,0.000000,0.899000,1.347000,1.250000,0.065031,1
_home_max_Documents_PhD_MAPF_LNS_MAPF_LNS_SAT_mapf-map_room-64-64-16_map-_home_max_Documents_PhD_MAPF_LNS_MAPF_LNS_SAT_mapf-scen-even_scen-even_room-64-64-16-even-1_scen-agents50-idx0-seed42-1760998128788,0,0,7,0.001920,1,3,56,58,1,1,13,8,0.000000,0.010000,0.023000,0.016000,0.000934,1
_home_max_Documents_PhD_MAPF_LNS_MAPF_LNS_SAT_mapf-map_room-64-64-16_map-_home_max_Documents_PhD_MAPF_LNS_MAPF_LNS_SAT_mapf-scen-even_scen-even_room-64-64-16-even-1_scen-agents50-idx0-seed42-1760998128788,0,0,9,0.002468,1,2,58,60,4,9,354,101,0.000000,0.126000,0.282000,0.230000,0.021468,1
_home_max_Documents_PhD_MAPF_LNS_MAPF_LNS_SAT_mapf-map_room-64-64-16_map-_home_max_Documents_PhD_MAPF_LNS_MAPF_LNS_SAT_mapf-scen-even_scen-even_room-64-64-16-even-1_scen-agents50-idx0-seed42-1760998128788,0,0,8,0.002194,1,2,59,61,3,7,121,44,0.000000,0.048000,0.132000,0.096000,0.009354,1
_home_max_Documents_PhD_MAPF_LNS_MAPF_LNS_SAT_mapf-map_room-64-64-16_map-_home_max_Documents_PhD_MAPF_LNS_MAPF_LNS_SAT_mapf-scen-even_scen-even_room-64-64-16-even-1_scen-agents50-idx0-seed42-1760998128788,0,0,10,0.002743,6,7,62,67,6,13,2848,739,0.000000,1.471000,1.415000,1.274000,0.057558,0
_home_max_Documents_PhD_MAPF_LNS_MAPF_LNS_SAT_mapf-map_room-64-64-16_map-_home_max_Documents_PhD_MAPF_LNS_MAPF_LNS_SAT_mapf-scen-even_scen-even_room-64-64-16-even-1_scen-agents50-idx0-seed42-1760998128788,0,1,17,0.004663,6,8,61,68,7,16,11197,1934,0.000000,4.627000,4.688000,4.452000,0.132959,0
_home_max_Documents_PhD_MAPF_LNS_MAPF_LNS_SAT_mapf-map_room-64-64-16_map-_home_max_Documents_PhD_MAPF_LNS_MAPF_LNS_SAT_mapf-scen-even_scen-even_room-64-64-16-even-1_scen-agents50-idx0-seed42-1760998128788,0,2,27,0.007405,6,8,60,69,6,11,23496,3146,0.000000,9.136000,9.199000,9.005000,0.235822,0
_home_max_Documents_PhD_MAPF_LNS_MAPF_LNS_SAT_mapf-map_room-64-64-16_map-_home_max_Documents_PhD_MAPF_LNS_MAPF_LNS_SAT_mapf-scen-even_scen-even_room-64-64-16-even-1_scen-agents50-idx0-seed42-1760998128788,0,3,38,0.010422,6,9,59,70,11,24,599625,38298,0.006000,328.854000,277.156000,273.102000,7.431422,0
_home_max_Documents_PhD_MAPF_LNS_MAPF_LNS_SAT_mapf-map_room-64-64-16_map-_home_max_Documents_PhD_MAPF_LNS_MAPF_LNS_SAT_mapf-scen-even_scen-even_room-64-64-16-even-1_scen-agents50-idx0-seed42-1760998128788,0,4,51,0.013988,6,13,58,71,11,22,1183958,58049,0.012000,849.155000,570.751000,565.372000,10.940026,0
_home_max_Documents_PhD_MAPF_LNS_MAPF_LNS_SAT_mapf-map_room-64-64-16_map-_home_max_Documents_PhD_MAPF_LNS_MAPF_LNS_SAT_mapf-scen-even_scen-even_room-64-64-16-even-1_scen-agents50-idx0-seed42-1760998128788,0,5,66,0.018102,6,15,57,72,6,23,56741,5476,0.003000,25.678000,23.896000,22.843000,1.658863,1
_home_max_Documents_PhD_MAPF_LNS_MAPF_LNS_SAT_mapf-map_room-64-64-16_map-_home_max_Documents_PhD_MAPF_LNS_MAPF_LNS_SAT_mapf-scen-even_scen-even_room-64-64-16-even-1_scen-agents50-idx0-seed42-1760998128788,0,0,8,0.002194,1,4,65,67,2,3,44,25,0.000000,0.034000,0.057000,0.040000,0.002157,1
_home_max_Documents_PhD_MAPF_LNS_MAPF_LNS_SAT_mapf-map_room-64-64-16_map-_home_max_Documents_PhD_MAPF_LNS_MAPF_LNS_SAT_mapf-scen-even_scen-even_room-64-64-16-even-1_scen-agents50-idx0-seed42-1760998128788,0,0,5,0.001371,1,2,66,68,4,9,213,85,0.000000,0.115000,0.185000,0.146000,0.012166,0
_home_max_Documents_PhD_MAPF_LNS_MAPF_LNS_SAT_mapf-map_room-64-64-16_map-_home_max_Documents_PhD_MAPF_LNS_MAPF_LNS_SAT_mapf-scen-even_scen-even_room-64-64-16-even-1_scen-agents50-idx0-seed42-1760998128788,0,1,13,0.003566,1,5,65,69,1,2,80,28,0.000000,0.039000,0.073000,0.054000,0.006542,1
_home_max_Documents_PhD_MAPF_LNS_MAPF_LNS_SAT_mapf-map_room-64-64-16_map-_home_max_Documents_PhD_MAPF_LNS_MAPF_LNS_SAT_mapf-scen-even_scen-even_room-64-64-16-even-1_scen-agents50-idx0-seed42-1760998128788,0,0,23,0.006308,9,5,67,75,2,4,202,94,0.000000,0.132000,0.150000,0.111000,0.008241,1
_home_max_Documents_PhD_MAPF_LNS_MAPF_LNS_SAT_mapf-map_room-64-64-16_map-_home_max_Documents_PhD_MAPF_LNS_MAPF_LNS_SAT_mapf-scen-even_scen-even_room-64-64-16-even-1_scen-agents50-idx0-seed42-1760998128788,0,0,4,0.001097,1,2,67,69,4,7,144,61,0.000000,0.067000,0.124000,0.100000,0.005841,0
_home_max_Documents_PhD_MAPF_LNS_MAPF_LNS_SAT_mapf-map_room-64-64-16_map-_home_max_Documents_PhD_MAPF_LNS_MAPF_LNS_SAT_mapf-scen-even_scen-even_room-64-64-16-even-1_scen-agents50-idx0-seed42-1760998128788,0,1,8,0.002194,1,3,66,70,1,1,27,15,0.000000,0.018000,0.028000,0.020000,0.001542,1
_home_max_Documents_PhD_MAPF_LNS_MAPF_LNS_SAT_mapf-map_room-64-64-16_map-_home_max_Documents_PhD_MAPF_LNS_MAPF_LNS_SAT_mapf-scen-even_scen-even_room-64-64-16-even-1_scen-agents50-idx0-seed42-1760998128788,0,0,8,0.002194,1,2,69,71,3,7,128,48,0.000000,0.063000,0.134000,0.093000,0.007636,1
_home_max_Documents_PhD_MAPF_LNS_MAPF_LNS_SAT_mapf-map_room-64-64-16_map-_home_max_Documents_PhD_MAPF_LNS_MAPF_LNS_SAT_mapf-scen-even_scen-even_room-64-64-16-even-1_scen-agents50-idx0-seed42-1760998128788,0,0,21,0.005760,8,8,72,77,7,25,49030,5916,0.002000,19.487000,20.257000,19.662000,0.792915,0
_home_max_Documents_PhD_MAPF_LNS_MAPF_LNS_SAT_mapf-map_room-64-64-16_map-_home_max_Documents_PhD_MAPF_LNS_MAPF_LNS_SAT_mapf-scen-even_scen-even_room-64-64-16-even-1_scen-agents50-idx0-seed42-1760998128788,0,1,39,0.010697,8,8,71,78,7,14,163989,11554,0.003000,75.641000,64.783000,64.030000,1.682846,0
_home_max_Documents_PhD_MAPF_LNS_MAPF_LNS_SAT_mapf-map_room-64-64-16_map-_home_max_Documents_PhD_MAPF_LNS_MAPF_LNS_SAT_mapf-scen-even_scen-even_room-64-64-16-even-1_scen-agents50-idx0-seed42-1760998128788,0,2,62,0.017005,8,8,70,79,7,15,382945,18183,0.004000,223.842000,162.535000,161.175000,3.517717,0
_home_max_Documents_PhD_MAPF_LNS_MAPF_LNS_SAT_mapf-map_room-64-64-16_map-_home_max_Documents_PhD_MAPF_LNS_MAPF_LNS_SAT_mapf-scen-even_scen-even_room-64-64-16-even-1_scen-agents50-idx0-seed42-1760998128788,0,3,88,0.024136,8,12,69,80,4,11,33903,3228,0.001000,15.430000,14.095000,13.620000,0.708015,1
_home_max_Documents_PhD_MAPF_LNS_MAPF_LNS_SAT_mapf-map_room-64-64-16_map-_home_max_Documents_PhD_MAPF_LNS_MAPF_LNS_SAT_mapf-scen-even_scen-even_room-64-64-16-even-1_scen-agents50-idx0-seed42-1760998128788,0,0,5,0.001371,1,2,72,74,1,3,26,10,0.000000,0.012000,0.050000,0.031000,0.002774,1
_home_max_Documents_PhD_MAPF_LNS_MAPF_LNS_SAT_mapf-map_room-64-64-16_map-_home_max_Documents_PhD_MAPF_LNS_MAPF_LNS_SAT_mapf-scen-even_scen-even_room-64-64-16-even-1_scen-agents50-idx0-seed42-1760998128788,0,0,4,0.001097,1,2,73,75,1,1,12,7,0.000000,0.008000,0.019000,0.014000,0.000890,1
_home_max_Documents_PhD_MAPF_LNS_MAPF_LNS_SAT_mapf-map_room-64-64-16_map-_home_max_Documents_PhD_MAPF_LNS_MAPF_LNS_SAT_mapf-scen-even_scen-even_room-64-64-16-even-1_scen-agents50-idx0-seed42-1760998128788,0,0,5,0.001371,1,4,77,79,3,5,93,45,0.000000,0.070000,0.084000,0.062000,0.002452,0
_home_max_Documents_PhD_MAPF_LNS_MAPF_LNS_SAT_mapf-map_room-64-64-16_map-_home_max_Documents_PhD_MAPF_LNS_MAPF_LNS_SAT_mapf-scen-even_scen-even_room-64-64-16-even-1_scen-agents50-idx0-seed42-1760998128788,0,1,12,0.003291,1,5,76,80,2,6,276,88,0.000000,0.137000,0.227000,0.173000,0.026162,1
_home_max_Documents_PhD_MAPF_LNS_MAPF_LNS_SAT_mapf-map_room-64-64-16_map-_home_max_Documents_PhD_MAPF_LNS_MAPF_LNS_SAT_mapf-scen-even_scen-even_room-64-64-16-even-1_scen-agents50-idx0-seed42-1760998128788,0,0,8,0.002194,1,4,85,87,3,7,130,51,0.000000,0.077000,0.140000,0.098000,0.009718,1
_home_max_Documents_PhD_MAPF_LNS_MAPF_LNS_SAT_mapf-map_room-64-64-16_map-_home_max_Documents_PhD_MAPF_LNS_MAPF_LNS_SAT_mapf-scen-even_scen-even_room-64-64-16-even-1_scen-agents50-idx0-seed42-1760998128788,0,0,8,0.002194,2,4,86,89,1,1,22,13,0.000000,0.020000,0.026000,0.018000,0.001082,1
_home_max_Documents_PhD_MAPF_LNS_MAPF_LNS_SAT_mapf-map_room-64-64-16_map-_home_max_Documents_PhD_MAPF_LNS_MAPF_LNS_SAT_mapf-scen-even_scen-even_room-64-64-16-even-1_scen-agents50-idx0-seed42-1760998128788,0,0,32,0.008777,15,11,89,105,3,6,7311,1188,0.000000,3.133000,3.167000,2.989000,0.133463,1
_home_max_Documents_PhD_MAPF_LNS_MAPF_LNS_SAT_mapf-map_room-64-64-16_map-_home_max_Documents_PhD_MAPF_LNS_MAPF_LNS_SAT_mapf-scen-even_scen-even_room-64-64-16-even-1_scen-agents50-idx0-seed42-1760998128788,0,0,8,0.002194,2,4,90,92,4,7,355,112,0.000000,0.177000,0.226000,0.191000,0.008006,0
_home_max_Documents_PhD_MAPF_LNS_MAPF_LNS_SAT_mapf-map_room-64-64-16_map-_home_max_Documents_PhD_MAPF_LNS_MAPF_LNS_SAT_mapf-scen-even_scen-even_room-64-64-16-even-1_scen-agents50-idx0-seed42-1760998128788,0,1,18,0.004937,2,5,89,93,3,8,274,100,0.000000,0.177000,0.229000,0.167000,0.021201,1
_home_max_Documents_PhD_MAPF_LNS_MAPF_LNS_SAT_mapf-map_room-64-64-16_map-_home_max_Documents_PhD_MAPF_LNS_MAPF_LNS_SAT_mapf-scen-even_scen-even_room-64-64-16-even-1_scen-agents50-idx0-seed42-1760998128788,0,0,5,0.001371,1,2,91,93,2,3,29,16,0.000000,0.023000,0.050000,0.032000,0.002816,1
_home_max_Documents_PhD_MAPF_LNS_MAPF_LNS_SAT_mapf-map_room-64-64-16_map-_home_max_Documents_PhD_MAPF_LNS_MAPF_LNS_SAT_mapf-scen-even_scen-even_room-64-64-16-even-1_scen-agents50-idx0-seed42-1760998128788,0,0,12,0.003291,3,4,94,97,5,10,2913,622,0.000000,1.068000,1.407000,1.314000,0.068555,0
_home_max_Documents_PhD_MAPF_LNS_MAPF_LNS_SAT_mapf-map_room-64-64-16_map-_home_max_Documents_PhD_MAPF_LNS_MAPF_LNS_SAT_mapf-scen-even_scen-even_room-64-64-16-even-1_scen-agents50-idx0-seed42-1760998128788,0,1,24,0.006583,3,6,93,98,5,18,9376,1200,0.000000,3.019000,4.422000,4.122000,0.354208,1
_home_max_Documents_PhD_MAPF_LNS_MAPF_LNS_SAT_mapf-map_room-64-64-16_map-_home_max_Documents_PhD_MAPF_LNS_MAPF_LNS_SAT_mapf-scen-even_scen-even_room-64-64-16-even-1_scen-agents50-idx0-seed42-1760998128788,0,0,5,0.001371,1,2,97,99,1,3,26,10,0.000000,0.012000,0.049000,0.030000,0.002731,1
_home_max_Documents_PhD_MAPF_LNS_MAPF_LNS_SAT_mapf-map_room-64-64-16_map-_home_max_Documents_PhD_MAPF_LNS_MAPF_LNS_SAT_mapf-scen-even_scen-even_room-64-64-16-even-1_scen-agents50-idx0-seed42-1760998128788,0,0,5,0.001371,1,2,111,113,1,1,24,10,0.000000,0.013000,0.026000,0.020000,0.001372,1
_home_max_Documents_PhD_MAPF_LNS_MAPF_LNS_SAT_mapf-map_room-64-64-16_map-_home_max_Documents_PhD_MAPF_LNS_MAPF_LNS_SAT_mapf-scen-even_scen-even_room-64-64-16-even-1_scen-agents50-idx0-seed42-1760998128788,0,0,5,0.001371,1,2,112,114,1,1,24,10,0.000000,0.012000,0.030000,0.024000,0.001364,1
_home_max_Documents_PhD_MAPF_LNS_MAPF_LNS_SAT_mapf-map_room-64-64-16_map-_home_max_Documents_PhD_MAPF_LNS_MAPF_LNS_SAT_mapf-scen-even_scen-even_room-64-64-16-even-1_scen-agents50-idx0-seed42-1760998128788,0,0,5,0.001371,3,4,121,125,1,5,77,26,0.000000,0.044000,0.107000,0.062000,0.006473,1
_home_max_Documents_PhD_MAPF_LNS_MAPF_LNS_SAT_mapf-map_room-64-64-16_map-_home_max_Documents_PhD_MAPF_LNS_MAPF_LNS_SAT_mapf-scen-even_scen-even_room-64-64-16-even-1_scen-agents50-idx0-seed42-1760998128788,0,0,5,0.001371,1,2,122,124,1,1,24,10,0.000000,0.012000,0.025000,0.020000,0.001328,1
_home_max_Documents_PhD_MAPF_LNS_MAPF_LNS_SAT_mapf-map_room-64-64-16_map-_home_max_Documents_PhD_MAPF_LNS_MAPF_LNS_SAT_mapf-scen-even_scen-even_room-64-64-16-even-1_scen-agents50-idx0-seed42-1760998128788,0,0,5,0.001371,1,2,123,125,1,2,25,10,0.000000,0.012000,0.036000,0.023000,0.001720,1
_home_max_Documents_PhD_MAPF_LNS_MAPF_LNS_SAT_mapf-map_room-64-64-16_map-_home_max_Documents_PhD_MAPF_LNS_MAPF_LNS_SAT_mapf-scen-even_scen-even_room-64-64-16-even-1_scen-agents50-idx0-seed42-1760998128788,0,0,5,0.001371,1,2,125,127,1,2,25,10,0.000000,0.012000,0.037000,0.024000,0.001849,1
_home_max_Documents_PhD_MAPF_LNS_MAPF_LNS_SAT_mapf-map_room-64-64-16_map-_home_max_Documents_PhD_MAPF_LNS_MAPF_LNS_SAT_mapf-scen-even_scen-even_room-64-64-16-even-1_scen-agents50-idx0-seed42-1760998128788,0,0,5,0.001371,1,2,125,127,1,2,25,10,0.000000,0.012000,0.036000,0.024000,0.001586,1
_home_max_Documents_PhD_MAPF_LNS_MAPF_LNS_SAT_mapf-map_room-64-64-16_map-_home_max_Documents_PhD_MAPF_LNS_MAPF_LNS_SAT_mapf-scen-even_scen-even_room-64-64-16-even-1_scen-agents50-idx0-seed42-1760998128788,0,0,5,0.001371,1,2,130,132,1,2,25,10,0.000000,0.012000,0.039000,0.025000,0.001694,1
_home_max_Documents_PhD_MAPF_LNS_MAPF_LNS_SAT_mapf-map_room-64-64-16_map-_home_max_Documents_PhD_MAPF_LNS_MAPF_LNS_SAT_mapf-scen-even_scen-even_room-64-64-16-even-1_scen-agents50-idx0-seed42-1760998128788,0,0,5,0.001371,3,4,134,138,1,5,75,26,0.000000,0.043000,0.103000,0.061000,0.006895,1
_home_max_Documents_PhD_MAPF_LNS_MAPF_LNS_SAT_mapf-map_room-64-64-16_map-_home_max_Documents_PhD_MAPF_LNS_MAPF_LNS_SAT_mapf-scen-even_scen-even_room-64-64-16-even-1_scen-agents50-idx0-seed42-1760998128788,0,0,5,0.001371,2,3,136,139,1,4,50,18,0.000000,0.027000,0.073000,0.044000,0.004188,1
_home_max_Documents_PhD_MAPF_LNS_MAPF_LNS_SAT_mapf-map_room-64-64-16_map-_home_max_Documents_PhD_MAPF_LNS_MAPF_LNS_SAT_mapf-scen-even_scen-even_room-64-64-16-even-1_scen-agents50-idx0-seed42-1760998128788,0,0,5,0.001371,1,2,144,146,1,2,25,10,0.000000,0.013000,0.036000,0.024000,0.001738,1
_home_max_Documents_PhD_MAPF_LNS_MAPF_LNS_SAT_mapf-map_room-64-64-16_map-_home_max_Documents_PhD_MAPF_LNS_MAPF_LNS_SAT_mapf-scen-even_scen-even_room-64-64-16-even-1_scen-agents50-idx0-seed42-1760998128788,0,0,5,0.001371,1,3,145,147,1,1,25,11,0.000000,0.018000,0.027000,0.021000,0.001455,1
_home_max_Documents_PhD_MAPF_LNS_MAPF_LNS_SAT_mapf-map_room-64-64-16_map-_home_max_Documents_PhD_MAPF_LNS_MAPF_LNS_SAT_mapf-scen-even_scen-even_room-64-64-16-even-1_scen-agents50-idx0-seed42-1760998128788,0,0,5,0.001371,2,3,156,159,1,4,50,18,0.000000,0.028000,0.072000,0.044000,0.004132,1
_home_max_Documents_PhD_MAPF_LNS_MAPF_LNS_SAT_mapf-map_room-64-64-16_map-_home_max_Documents_PhD_MAPF_LNS_MAPF_LNS_SAT_mapf-scen-even_scen-even_room-64-64-16-even-1_scen-agents50-idx0-seed42-1760998128788,0,0,4,0.001097,1,2,174,176,1,2,20,9,0.000000,0.013000,0.032000,0.021000,0.001742,1
_home_max_Documents_PhD_MAPF_LNS_MAPF_LNS_SAT_mapf-map_room-64-64-16_map-_home_max_Documents_PhD_MAPF_LNS_MAPF_LNS_SAT_mapf-scen-even_scen-even_room-64-64-16-even-1_scen-agents50-idx1-seed42-1760998132602,0,0,11,0.003017,3,2,2,6,1,1,26,14,0.000000,0.011000,0.054000,0.046000,0.008421,1
_home_max_Documents_PhD_MAPF_LNS_MAPF_LNS_SAT_mapf-map_room-64-64-16_map-_home_max_Documents_PhD_MAPF_LNS_MAPF_LNS_SAT_mapf-scen-even_scen-even_room-64-64-16-even-1_scen-agents50-idx1-seed42-1760998132602,0,0,5,0.001371,1,3,2,4,3,5,94,42,0.000000,0.033000,0.091000,0.072000,0.002787,0
_home_max_Documents_PhD_MAPF_LNS_MAPF_LNS_SAT_mapf-map_room-64-64-16_map-_home_max_Documents_PhD_MAPF_LNS_MAPF_LNS_SAT_mapf-scen-even_scen-even_room-64-64-16-even-1_scen-agents50-idx1-seed42-1760998132602,0,1,13,0.003566,1,4,1,5,2,6,115,54,0.000000,0.043000,0.129000,0.086000,0.012999,1
_home_max_Documents_PhD_MAPF_LNS_MAPF_LNS_SAT_mapf-map_room-64-64-16_map-_home_max_Documents_PhD_MAPF_LNS_MAPF_LNS_SAT_mapf-scen-even_scen-even_room-64-64-16-even-1_scen-agents50-idx1-seed42-1760998132602,0,0,5,0.001371,1,2,2,4,2,3,28,15,0.000000,0.010000,0.041000,0.028000,0.001838,1
_home_max_Documents_PhD_MAPF_LNS_MAPF_LNS_SAT_mapf-map_room-64-64-16_map-_home_max_Documents_PhD_MAPF_LNS_MAPF_LNS_SAT_mapf-scen-even_scen-even_room-64-64-16-even-1_scen-agents50-idx1-seed42-1760998132602,0,0,9,0.002468,3,4,7,11,2,3,70,35,0.000000,0.028000,0.065000,0.045000,0.002249,1
_home_max_Documents_PhD_MAPF_LNS_MAPF_LNS_SAT_mapf-map_room-64-64-16_map-_home_max_Documents_PhD_MAPF_LNS_MAPF_LNS_SAT_mapf-scen-even_scen-even_room-64-64-16-even-1_scen-agents50-idx1-seed42-1760998132602,0,0,8,0.002194,1,2,8,10,1,1,12,7,0.000000,0.006000,0.019000,0.013000,0.001034,1
_home_max_Documents_PhD_MAPF_LNS_MAPF_LNS_SAT_mapf-map_room-64-64-16_map-_home_max_Documents_PhD_MAPF_LNS_MAPF_LNS_SAT_mapf-scen-even_scen-even_room-64-64-16-even-1_scen-agents50-idx1-seed42-1760998132602,0,0,9,0.002468,3,2,10,14,2,3,54,25,0.000000,0.017000,0.055000,0.038000,0.002007,1
_home_max_Documents_PhD_MAPF_LNS_MAPF_LNS_SAT_mapf-map_room-64-64-16_map-_home_max_Documents_PhD_MAPF_LNS_MAPF_LNS_SAT_mapf-scen-even_scen-even_room-64-64-16-even-1_scen-agents50-idx1-seed42-1760998132602,0,0,9,0.002468,5,4,19,23,8,24,3920,927,0.000000,1.215000,2.684000,2.359000,0.252406,1
_home_max_Documents_PhD_MAPF_LNS_MAPF_LNS_SAT_mapf-map_room-64-64-16_map-_home_max_Documents_PhD_MAPF_LNS_MAPF_LNS_SAT_mapf-scen-even_scen-even_room-64-64-16-even-1_scen-agents50-idx1-seed42-1760998132602,0,0,9,0.002468,2,5,22,25,3,7,235,92,0.000000,0.106000,0.226000,0.168000,0.024096,1
_home_max_Documents_PhD_MAPF_LNS_MAPF_LNS_SAT_mapf-map_room-64-64-16_map-_home_max_Documents_PhD_MAPF_LNS_MAPF_LNS_SAT_mapf-scen-even_scen-even_room-64-64-16-even-1_scen-agents50-idx1-seed42-1760998132602,0,0,9,0.002468,1,2,28,30,3,5,95,40,0.000000,0.039000,0.096000,0.074000,0.004913,1
_home_max_Documents_PhD_MAPF_LNS_MAPF_LNS_SAT_mapf-map_room-64-64-16_map-_home_max_Documents_PhD_MAPF_LNS_MAPF_LNS_SAT_mapf-scen-even_scen-even_room-64-64-16-even-1_scen-agents50-idx1-seed42-1760998132602,0,0,9,0.002468,1,2,30,32,5,16,752,205,0.000000,0.227000,0.557000,0.456000,0.073433,1
_home_max_Documents_PhD_MAPF_LNS_MAPF_LNS_SAT_mapf-map_room-64-64-16_map-_home_max_Documents_PhD_MAPF_LNS_MAPF_LNS_SAT_mapf-scen-even_scen-even_room-64-64-16-even-1_scen-agents50-idx1-seed42-1760998132602,0,0,8,0.002194,1,2,30,32,3,7,118,42,0.000000,0.043000,0.127000,0.092000,0.009158,1
_home_max_Documents_PhD_MAPF_LNS_MAPF_LNS_SAT_mapf-map_room-64-64-16_map-_home_max_Documents_PhD_MAPF_LNS_MAPF_LNS_SAT_mapf-scen-even_scen-even_room-64-64-16-even-1_scen-agents50-idx1-seed42-1760998132602,0,0,5,0.001371,1,2,30,32,4,7,179,68,0.000000,0.065000,0.144000,0.121000,0.005670,0
_home_max_Documents_PhD_MAPF_LNS_MAPF_LNS_SAT_mapf-map_room-64-64-16_map-_home_max_Documents_PhD_MAPF_LNS_MAPF_LNS_SAT_mapf-scen-even_scen-even_room-64-64-16-even-1_scen-agents50-idx1-seed42-1760998132602,0,1,11,0.003017,1,3,29,33,5,10,1045,254,0.000000,0.357000,0.558000,0.510000,0.032061,0
_home_max_Documents_PhD_MAPF_LNS_MAPF_LNS_SAT_mapf-map_room-64-64-16_map-_home_max_Documents_PhD_MAPF_LNS_MAPF_LNS_SAT_mapf-scen-even_scen-even_room-64-64-16-even-1_scen-agents50-idx1-seed42-1760998132602,0,2,21,0.005760,1,4,28,34,4,9,923,219,0.000000,0.306000,0.525000,0.457000,0.040048,1
_home_max_Documents_PhD_MAPF_LNS_MAPF_LNS_SAT_mapf-map_room-64-64-16_map-_home_max_Documents_PhD_MAPF_LNS_MAPF_LNS_SAT_mapf-scen-even_scen-even_room-64-64-16-even-1_scen-agents50-idx1-seed42-1760998132602,0,0,8,0.002194,2,3,32,35,2,3,69,33,0.000000,0.031000,0.069000,0.052000,0.003884,1
_home_max_Documents_PhD_MAPF_LNS_MAPF_LNS_SAT_mapf-map_room-64-64-16_map-_home_max_Documents_PhD_MAPF_LNS_MAPF_LNS_SAT_mapf-scen-even_scen-even_room-64-64-16-even-1_scen-agents50-idx1-seed42-1760998132602,0,0,8,0.002194,2,3,34,37,4,8,433,130,0.000000,0.142000,0.300000,0.251000,0.021807,1
_home_max_Documents_PhD_MAPF_LNS_MAPF_LNS_SAT_mapf-map_room-64-64-16_map-_home_max_Documents_PhD_MAPF_LNS_MAPF_LNS_SAT_mapf-scen-even_scen-even_room-64-64-16-even-1_scen-agents50-idx1-seed42-1760998132602,0,0,29,0.007954,11,5,35,45,3,8,714,225,0.000000,0.269000,0.458000,0.376000,0.039511,1
_home_max_Documents_PhD_MAPF_LNS_MAPF_LNS_SAT_mapf-map_room-64-64-16_map-_home_max_Documents_PhD_MAPF_LNS_MAPF_LNS_SAT_mapf-scen-even_scen-even_room-64-64-16-even-1_scen-agents50-idx1-seed42-1760998132602,0,0,9,0.002468,1,2,36,38,3,7,95,39,0.000000,0.035000,0.118000,0.083000,0.008407,1
_home_max_Documents_PhD_MAPF_LNS_MAPF_LNS_SAT_mapf-map_room-64-64-16_map-_home_max_Documents_PhD_MAPF_LNS_MAPF_LNS_SAT_mapf-scen-even_scen-even_room-64-64-16-even-1_scen-agents50-idx1-seed42-1760998132602,0,0,9,0.002468,2,4,39,42,9,86,14328,2914,0.000000,4.643000,14.273000,11.699000,5.616500,1
_home_max_Documents_PhD_MAPF_LNS_MAPF_LNS_SAT_mapf-map_room-64-64-16_map-_home_max_Documents_PhD_MAPF_LNS_MAPF_LNS_SAT_mapf-scen-even_scen-even_room-64-64-16-even-1_scen-agents50-idx1-seed42-1760998132602,0,0,5,0.001371,1,2,41,43,1,3,26,10,0.000000,0.012000,0.051000,0.033000,0.003849,1
_home_max_Documents_PhD_MAPF_LNS_MAPF_LNS_SAT_mapf-map_room-64-64-16_map-_home_max_Documents_PhD_MAPF_LNS_MAPF_LNS_SAT_mapf-scen-even_scen-even_room-64-64-16-even-1_scen-agents50-idx1-seed42-1760998132602,0,0,5,0.001371,1,2,41,43,4,7,179,68,0.005000,0.113000,0.285000,0.226000,0.021841,0
_home_max_Documents_PhD_MAPF_LNS_MAPF_LNS_SAT_mapf-map_room-64-64-16_map-_home_max_Documents_PhD_MAPF_LNS_MAPF_LNS_SAT_mapf-scen-even_scen-even_room-64-64-16-even-1_scen-agents50-idx1-seed42-1760998132602,0,1,11,0.003017,1,2,40,44,5,10,1012,235,0.001000,0.565000,1.110000,1.000000,0.068778,0
_home_max_Documents_PhD_MAPF_LNS_MAPF_LNS_SAT_mapf-map_room-64-64-16_map-_home_max_Documents_PhD_MAPF_LNS_MAPF_LNS_SAT_mapf-scen-even_scen-even_room-64-64-16-even-1_scen-agents50-idx1-seed42-1760998132602,0,2,21,0.005760,1,4,39,45,4,9,878,195,0.000000,0.513000,0.947000,0.809000,0.069498,1
_home_max_Documents_PhD_MAPF_LNS_MAPF_LNS_SAT_mapf-map_room-64-64-16_map-_home_max_Documents_PhD_MAPF_LNS_MAPF_LNS_SAT_mapf-scen-even_scen-even_room-64-64-16-even-1_scen-agents50-idx1-seed42-1760998132602,0,0,7,0.001920,2,3,42,44,7,17,3243,926,0.001000,1.820000,2.205000,1.954000,0.150536,0
_home_max_Documents_PhD_MAPF_LNS_MAPF_LNS_SAT_mapf-map_room-64-64-16_map-_home_max_Documents_PhD_MAPF_LNS_MAPF_LNS_SAT_mapf-scen-even_scen-even_room-64-64-16-even-1_scen-agents50-idx1-seed42-1760998132602,0,1,14,0.003840,2,4,41,45,4,18,1328,331,0.001000,0.455000,1.074000,0.875000,0.203421,1
_home_max_Documents_PhD_MAPF_LNS_MAPF_LNS_SAT_mapf-map_room-64-64-16_map-_home_max_Documents_PhD_MAPF_LNS_MAPF_LNS_SAT_mapf-scen-even_scen-even_room-64-64-16-even-1_scen-agents50-idx1-seed42-1760998132602,0,0,5,0.001371,1,2,44,46,2,3,28,15,0.000000,0.019000,0.062000,0.040000,0.004100,1
_home_max_Documents_PhD_MAPF_LNS_MAPF_LNS_SAT_mapf-map_room-64-64-16_map-_home_max_Documents_PhD_MAPF_LNS_MAPF_LNS_SAT_mapf-scen-even_scen-even_room-64-64-16-even-1_scen-agents50-idx1-seed42-1760998132602,0,0,8,0.002194,1,2,46,48,1,2,13,7,0.000000,0.008000,0.033000,0.019000,0.001984,1
_home_max_Documents_PhD_MAPF_LNS_MAPF_LNS_SAT_mapf-map_room-64-64-16_map-_home_max_Documents_PhD_MAPF_LNS_MAPF_LNS_SAT_mapf-scen-even_scen-even_room-64-64-16-even-1_scen-agents50-idx1-seed42-1760998132602,0,0,6,0.001646,1,2,48,50,2,4,33,17,0.000000,0.015000,0.055000,0.034000,0.004497,1
_home_max_Documents_PhD_MAPF_LNS_MAPF_LNS_SAT_mapf-map_room-64-64-16_map-_home_max_Documents_PhD_MAPF_LNS_MAPF_LNS_SAT_mapf-scen-even_scen-even_room-64-64-16-even-1_scen-agents50-idx1-seed42-1760998132602,0,0,5,0.001371,1,2,48,50,1,2,25,10,0.000000,0.011000,0.036000,0.026000,0.002156,1
_home_max_Documents_PhD_MAPF_LNS_MAPF_LNS_SAT_mapf-map_room-64-64-16_map-_home_max_Documents_PhD_MAPF_LNS_MAPF_LNS_SAT_mapf-scen-even_scen-even_room-64-64-16-even-1_scen-agents50-idx1-seed42-1760998132602,0,0,5,0.001371,1,2,49,51,4,7,179,68,0.000000,0.065000,0.146000,0.121000,0.006245,0
_home_max_Documents_PhD_MAPF_LNS_MAPF_LNS_SAT_mapf-map_room-64-64-16_map-_home_max_Documents_PhD_MAPF_LNS_MAPF_LNS_SAT_mapf-scen-even_scen-even_room-64-64-16-even-1_scen-agents50-idx1-seed42-1760998132602,0,1,13,0.003566,1,2,48,52,3,6,178,62,0.000000,0.058000,0.152000,0.123000,0.014212,1
_home_max_Documents_PhD_MAPF_LNS_MAPF_LNS_SAT_mapf-map_room-64-64-16_map-_home_max_Documents_PhD_MAPF_LNS_MAPF_LNS_SAT_mapf-scen-even_scen-even_room-64-64-16-even-1_scen-agents50-idx1-seed42-1760998132602,0,0,11,0.003017,2,4,50,53,3,6,207,84,0.000000,0.102000,0.178000,0.136000,0.013039,1
_home_max_Documents_PhD_MAPF_LNS_MAPF_LNS_SAT_mapf-map_room-64-64-16_map-_home_max_Documents_PhD_MAPF_LNS_MAPF_LNS_SAT_mapf-scen-even_scen-even_room-64-64-16-even-1_scen-agents50-idx1-seed42-1760998132602,0,0,10,0.002743,2,3,50,53,4,7,900,247,0.000000,0.367000,0.471000,0.433000,0.009827,0
_home_max_Documents_PhD_MAPF_LNS_MAPF_LNS_SAT_mapf-map_room-64-64-16_map-_home_max_Documents_PhD_MAPF_LNS_MAPF_LNS_SAT_mapf-scen-even_scen-even_room-64-64-16-even-1_scen-agents50-idx1-seed42-1760998132602,0,1,17,0.004663,2,7,49,54,2,3,242,88,0.000000,0.124000,0.140000,0.122000,0.003150,0
_home_max_Documents_PhD_MAPF_LNS_MAPF_LNS_SAT_mapf-map_room-64-64-16_map-_home_max_Documents_PhD_MAPF_LNS_MAPF_LNS_SAT_mapf-scen-even_scen-even_room-64-64-16-even-1_scen-agents50-idx1-seed42-1760998132602,0,2,25,0.006857,2,8,48,55,4,7,2373,503,0.000000,1.045000,1.068000,1.005000,0.029242,0
_home_max_Documents_PhD_MAPF_LNS_MAPF_LNS_SAT_mapf-map_room-64-64-16_map-_home_max_Documents_PhD_MAPF_LNS_MAPF_LNS_SAT_mapf-scen-even_scen-even_room-64-64-16-even-1_scen-agents50-idx1-seed42-1760998132602,0,3,35,0.009600,2,10,47,56,4,7,5465,862,0.000000,2.228000,2.246000,2.153000,0.052983,0
_home_max_Documents_PhD_MAPF_LNS_MAPF_LNS_SAT_mapf-map_room-64-64-16_map-_home_max_Documents_PhD_MAPF_LNS_MAPF_LNS_SAT_mapf-scen-even_scen-even_room-64-64-16-even-1_scen-agents50-idx1-seed42-1760998132602,0,4,47,0.012891,2,13,46,57,5,9,37740,3486,0.003000,15.584000,14.148000,13.933000,0.213454,0
_home_max_Documents_PhD_MAPF_LNS_MAPF_LNS_SAT_mapf-map_room-64-64-16_map-_home_max_Documents_PhD_MAPF_LNS_MAPF_LNS_SAT_mapf-scen-even_scen-even_room-64-64-16-even-1_scen-agents50-idx1-seed42-1760998132602,0,5,61,0.016731,2,15,45,58,11,97,1292125,55174,0.011000,1000.416000,861.869000,833.843000,148.384727,1
_home_max_Documents_PhD_MAPF_LNS_MAPF_LNS_SAT_mapf-map_room-64-64-16_map-_home_max_Documents_PhD_MAPF_LNS_MAPF_LNS_SAT_mapf-scen-even_scen-even_room-64-64-16-even-1_scen-agents50-idx1-seed42-1760998132602,0,0,11,0.003017,2,4,55,58,4,7,530,144,0.000000,0.219000,0.328000,0.288000,0.012388,0
_home_max_Documents_PhD_MAPF_LNS_MAPF_LNS_SAT_mapf-map_room-64-64-16_map-_home_max_Documents_PhD_MAPF_LNS_MAPF_LNS_SAT_mapf-scen-even_scen-even_room-64-64-16-even-1_scen-agents50-idx1-seed42-1760998132602,0,1,23,0.006308,2,4,54,59,3,7,328,116,0.000000,0.161000,0.256000,0.196000,0.020893,1
_home_max_Documents_PhD_MAPF_LNS_MAPF_LNS_SAT_mapf-map_room-64-64-16_map-_home_max_Documents_PhD_MAPF_LNS_MAPF_LNS_SAT_mapf-scen-even_scen-even_room-64-64-16-even-1_scen-agents50-idx1-seed42-1760998132602,0,0,5,0.001371,1,3,56,58,4,7,183,72,0.000000,0.080000,0.158000,0.129000,0.006532,0
_home_max_Documents_PhD_MAPF_LNS_MAPF_LNS_SAT_mapf-map_room-64-64-16_map-_home_max_Documents_PhD_MAPF_LNS_MAPF_LNS_SAT_mapf-scen-even_scen-even_room-64-64-16-even-1_scen-agents50-idx1-seed42-1760998132602,0,1,11,0.003017,1,3,55,59,5,10,1106,272,0.000000,0.441000,0.614000,0.558000,0.034258,0
_home_max_Documents_PhD_MAPF_LNS_MAPF_LNS_SAT_mapf-map_room-64-64-16_map-_home_max_Documents_PhD_MAPF_LNS_MAPF_LNS_SAT_mapf-scen-even_scen-even_room-64-64-16-even-1_scen-agents50-idx1-seed42-1760998132602,0,2,22,0.006034,1,4,54,60,11,23,185513,18135,0.005000,85.531000,101.310000,99.800000,2.284389,0
_home_max_Documents_PhD_MAPF_LNS_MAPF_LNS_SAT_mapf-map_room-64-64-16_map-_home_max_Documents_PhD_MAPF_LNS_MAPF_LNS_SAT_mapf-scen-even_scen-even_room-64-64-16-even-1_scen-agents50-idx1-seed42-1760998132602,0,3,36,0.009874,1,4,53,61,10,22,352907,23007,0.004000,187.964000,147.815000,145.782000,3.593887,0
_home_max_Documents_PhD_MAPF_LNS_MAPF_LNS_SAT_mapf-map_room-64-64-16_map-_home_max_Documents_PhD_MAPF_LNS_MAPF_LNS_SAT_mapf-scen-even_scen-even_room-64-64-16-even-1_scen-agents50-idx1-seed42-1760998132602,0,4,53,0.014536,1,7,52,62,9,19,411231,20412,0.005000,255.602000,176.243000,174.502000,3.852861,0
_home_max_Documents_PhD_MAPF_LNS_MAPF_LNS_SAT_mapf-map_room-64-64-16_map-_home_max_Documents_PhD_MAPF_LNS_MAPF_LNS_SAT_mapf-scen-even_scen-even_room-64-64-16-even-1_scen-agents50-idx1-seed42-1760998132602,0,5,73,0.020022,1,10,51,63,3,6,2260,564,0.000000,1.084000,1.187000,1.076000,0.074079,1
_home_max_Documents_PhD_MAPF_LNS_MAPF_LNS_SAT_mapf-map_room-64-64-16_map-_home_max_Documents_PhD_MAPF_LNS_MAPF_LNS_SAT_mapf-scen-even_scen-even_room-64-64-16-even-1_scen-agents50-idx1-seed42-1760998132602,0,0,9,0.002468,2,3,62,65,4,7,399,123,0.000000,0.147000,0.248000,0.214000,0.008684,0
_home_max_Documents_PhD_MAPF_LNS_MAPF_LNS_SAT_mapf-map_room-64-64-16_map-_home_max_Documents_PhD_MAPF_LNS_MAPF_LNS_SAT_mapf-scen-even_scen-even_room-64-64-16-even-1_scen-agents50-idx1-seed42-1760998132602,0,1,19,0.005211,2,4,61,66,3,7,298,107,0.000000,0.142000,0.239000,0.181000,0.021060,1
_home_max_Documents_PhD_MAPF_LNS_MAPF_LNS_SAT_mapf-map_room-64-64-16_map-_home_max_Documents_PhD_MAPF_LNS_MAPF_LNS_SAT_mapf-scen-even_scen-even_room-64-64-16-even-1_scen-agents50-idx1-seed42-1760998132602,0,0,12,0.003291,5,4,65,70,8,15,22781,4076,0.001000,9.334000,9.619000,9.353000,0.255139,0
_home_max_Documents_PhD_MAPF_LNS_MAPF_LNS_SAT_mapf-map_room-64-64-16_map-_home_max_Documents_PhD_MAPF_LNS_MAPF_LNS_SAT_mapf-scen-even_scen-even_room-64-64-16-even-1_scen-agents50-idx1-seed42-1760998132602,0,1,24,0.006583,5,6,64,71,7,15,43649,4685,0.001000,16.334000,18.143000,17.731000,0.590811,0
_home_max_Documents_PhD_MAPF_LNS_MAPF_LNS_SAT_mapf-map_room-64-64-16_map-_home_max_Documents_PhD_MAPF_LNS_MAPF_LNS_SAT_mapf-scen-even_scen-even_room-64-64-16-even-1_scen-agents50-idx1-seed42-1760998132602,0,2,41,0.011245,5,7,63,72,7,15,114449,7875,0.002000,46.109000,45.460000,44.751000,1.235676,0
_home_max_Documents_PhD_MAPF_LNS_MAPF_LNS_SAT_mapf-map_room-64-64-16_map-_home_max_Documents_PhD_MAPF_LNS_MAPF_LNS_SAT_mapf-scen-even_scen-even_room-64-64-16-even-1_scen-agents50-idx1-seed42-1760998132602,0,3,61,0.016731,5,10,62,73,7,14,196844,10413,0.004000,97.049000,88.563000,87.696000,1.845875,0
_home_max_Documents_PhD_MAPF_LNS_MAPF_LNS_SAT_mapf-map_room-64-64-16_map-_home_max_Documents_PhD_MAPF_LNS_MAPF_LNS_SAT_mapf-scen-even_scen-even_room-64-64-16-even-1_scen-agents50-idx1-seed42-1760998132602,0,4,82,0.022490,5,14,61,74,8,28,617344,23054,0.008000,353.173000,275.534000,271.952000,10.227271,1
_home_max_Documents_PhD_MAPF_LNS_MAPF_LNS_SAT_mapf-map_room-64-64-16_map-_home_max_Documents_PhD_MAPF_LNS_MAPF_LNS_SAT_mapf-scen-even_scen-even_room-64-64-16-even-1_scen-agents50-idx1-seed42-1760998132602,0,0,8,0.002194,1,2,66,68,2,5,60,24,0.000000,0.031000,0.104000,0.068000,0.007932,1
_home_max_Documents_PhD_MAPF_LNS_MAPF_LNS_SAT_mapf-map_room-64-64-16_map-_home_max_Documents_PhD_MAPF_LNS_MAPF_LNS_SAT_mapf-scen-even_scen-even_room-64-64-16-even-1_scen-agents50-idx1-seed42-1760998132602,0,0,11,0.003017,2,4,68,71,1,2,25,14,0.000000,0.019000,0.044000,0.027000,0.001656,1
_home_max_Documents_PhD_MAPF_LNS_MAPF_LNS_SAT_mapf-map_room-64-64-16_map-_home_max_Documents_PhD_MAPF_LNS_MAPF_LNS_SAT_mapf-scen-even_scen-even_room-64-64-16-even-1_scen-agents50-idx1-seed42-1760998132602,0,0,5,0.001371,1,2,72,74,4,7,183,71,0.000000,0.090000,0.146000,0.122000,0.007224,0
_home_max_Documents_PhD_MAPF_LNS_MAPF_LNS_SAT_mapf-map_room-64-64-16_map-_home_max_Documents_PhD_MAPF_LNS_MAPF_LNS_SAT_mapf-scen-even_scen-even_room-64-64-16-even-1_scen-agents50-idx1-seed42-1760998132602,0,1,13,0.003566,1,2,71,75,5,12,1403,284,0.000000,0.478000,0.775000,0.687000,0.048497,1
_home_max_Documents_PhD_MAPF_LNS_MAPF_LNS_SAT_mapf-map_room-64-64-16_map-_home_max_Documents_PhD_MAPF_LNS_MAPF_LNS_SAT_mapf-scen-even_scen-even_room-64-64-16-even-1_scen-agents50-idx1-seed42-1760998132602,0,0,9,0.002468,2,3,85,87,4,7,529,152,0.000000,0.190000,0.303000,0.270000,0.009735,0
_home_max_Documents_PhD_MAPF_LNS_MAPF_LNS_SAT_mapf-map_room-64-64-16_map-_home_max_Documents_PhD_MAPF_LNS_MAPF_LNS_SAT_mapf-scen-even_scen-even_room-64-64-16-even-1_scen-agents50-idx1-seed42-1760998132602,0,1,19,0.005211,2,3,84,88,3,7,286,102,0.000000,0.130000,0.241000,0.182000,0.025499,1
_home_max_Documents_PhD_MAPF_LNS_MAPF_LNS_SAT_mapf-map_room-64-64-16_map-_home_max_Documents_PhD_MAPF_LNS_MAPF_LNS_SAT_mapf-scen-even_scen-even_room-64-64-16-even-1_scen-agents50-idx1-seed42-1760998132602,0,0,5,0.001371,1,2,93,95,1,2,25,10,0.000000,0.012000,0.040000,0.027000,0.002302,1
_home_max_Documents_PhD_MAPF_LNS_MAPF_LNS_SAT_mapf-map_room-64-64-16_map-_home_max_Documents_PhD_MAPF_LNS_MAPF_LNS_SAT_mapf-scen-even_scen-even_room-64-64-16-even-1_scen-agents50-idx1-seed42-1760998132602,0,0,8,0.002194,1,4,99,101,1,1,14,9,0.000000,0.015000,0.022000,0.015000,0.001009,1
_home_max_Documents_PhD_MAPF_LNS_MAPF_LNS_SAT_mapf-map_room-64-64-16_map-_home_max_Documents_PhD_MAPF_LNS_MAPF_LNS_SAT_mapf-scen-even_scen-even_room-64-64-16-even-1_scen-agents50-idx1-seed42-1760998132602,0,0,5,0.001371,1,3,101,103,1,1,15,9,0.000000,0.013000,0.022000,0.016000,0.000962,1
_home_max_Documents_PhD_MAPF_LNS_MAPF_LNS_SAT_mapf-map_room-64-64-16_map-_home_max_Documents_PhD_MAPF_LNS_MAPF_LNS_SAT_mapf-scen-even_scen-even_room-64-64-16-even-1_scen-agents50-idx1-seed42-1760998132602,0,0,8,0.002194,2,4,104,106,4,7,437,137,0.000000,0.209000,0.275000,0.240000,0.008374,0
_home_max_Documents_PhD_MAPF_LNS_MAPF_LNS_SAT_mapf-map_room-64-64-16_map-_home_max_Documents_PhD_MAPF_LNS_MAPF_LNS_SAT_mapf-scen-even_scen-even_room-64-64-16-even-1_scen-agents50-idx1-seed42-1760998132602,0,1,16,0.004388,2,5,103,107,1,1,43,24,0.000000,0.044000,0.039000,0.029000,0.002092,1
_home_max_Documents_PhD_MAPF_LNS_MAPF_LNS_SAT_mapf-map_room-64-64-16_map-_home_max_Documents_PhD_MAPF_LNS_MAPF_LNS_SAT_mapf-scen-even_scen-even_room-64-64-16-even-1_scen-agents50-idx1-seed42-1760998132602,0,0,5,0.001371,1,2,108,110,1,1,24,10,0.000000,0.012000,0.028000,0.022000,0.001684,1
_home_max_Documents_PhD_MAPF_LNS_MAPF_LNS_SAT_mapf-map_room-64-64-16_map-_home_max_Documents_PhD_MAPF_LNS_MAPF_LNS_SAT_mapf-scen-even_scen-even_room-64-64-16-even-1_scen-agents50-idx1-seed42-1760998132602,0,0,4,0.001097,1,4,109,111,4,7,183,81,0.000000,0.132000,0.149000,0.114000,0.006333,0
_home_max_Documents_PhD_MAPF_LNS_MAPF_LNS_SAT_mapf-map_room-64-64-16_map-_home_max_Documents_PhD_MAPF_LNS_MAPF_LNS_SAT_mapf-scen-even_scen-even_room-64-64-16-even-1_scen-agents50-idx1-seed42-1760998132602,0,1,8,0.002194,1,5,108,112,1,4,71,29,0.000000,0.056000,0.094000,0.056000,0.008393,1
_home_max_Documents_PhD_MAPF_LNS_MAPF_LNS_SAT_mapf-map_room-64-64-16_map-_home_max_Documents_PhD_MAPF_LNS_MAPF_LNS_SAT_mapf-scen-even_scen-even_room-64-64-16-even-1_scen-agents50-idx1-seed42-1760998132602,0,0,5,0.001371,1,2,118,120,1,1,24,10,0.000000,0.012000,0.031000,0.024000,0.002422,1
_home_max_Documents_PhD_MAPF_LNS_MAPF_LNS_SAT_mapf-map_room-64-64-16_map-_home_max_Documents_PhD_MAPF_LNS_MAPF_LNS_SAT_mapf-scen-even_scen-even_room-64-64-16-even-1_scen-agents50-idx1-seed42-1760998132602,0,0,5,0.001371,1,2,119,121,1,2,25,10,0.000000,0.013000,0.040000,0.026000,0.002210,1
_home_max_Documents_PhD_MAPF_LNS_MAPF_LNS_SAT_mapf-map_room-64-64-16_map-_home_max_Documents_PhD_MAPF_LNS_MAPF_LNS_SAT_mapf-scen-even_scen-even_room-64-64-16-even-1_scen-agents50-idx1-seed42-1760998132602,0,0,4,0.001097,1,2,121,123,2,5,36,18,0.000000,0.021000,0.065000,0.040000,0.003493,1
_home_max_Documents_PhD_MAPF_LNS_MAPF_LNS_SAT_mapf-map_room-64-64-16_map-_home_max_Documents_PhD_MAPF_LNS_MAPF_LNS_SAT_mapf-scen-even_scen-even_room-64-64-16-even-1_scen-agents50-idx1-seed42-1760998132602,0,0,5,0.001371,2,3,125,128,1,4,50,18,0.000000,0.027000,0.075000,0.045000,0.004518,1
_home_max_Documents_PhD_MAPF_LNS_MAPF_LNS_SAT_mapf-map_room-64-64-16_map-_home_max_Documents_PhD_MAPF_LNS_MAPF_LNS_SAT_mapf-scen-even_scen-even_room-64-64-16-even-1_scen-agents50-idx1-seed42-1760998132602,0,0,4,0.001097,1,2,128,130,1,4,22,9,0.000000,0.011000,0.050000,0.029000,0.002171,1
_home_max_Documents_PhD_MAPF_LNS_MAPF_LNS_SAT_mapf-map_room-64-64-16_map-_home_max_Documents_PhD_MAPF_LNS_MAPF_LNS_SAT_mapf-scen-even_scen-even_room-64-64-16-even-1_scen-agents50-idx1-seed42-1760998132602,0,0,5,0.001371,1,2,132,134,1,2,25,10,0.000000,0.012000,0.041000,0.027000,0.002209,1
_home_max_Documents_PhD_MAPF_LNS_MAPF_LNS_SAT_mapf-map_room-64-64-16_map-_home_max_Documents_PhD_MAPF_LNS_MAPF_LNS_SAT_mapf-scen-even_scen-even_room-64-64-16-even-1_scen-agents50-idx1-seed42-1760998132602,0,0,4,0.001097,1,2,140,142,1,4,22,9,0.000000,0.013000,0.050000,0.028000,0.002035,1
_home_max_Documents_PhD_MAPF_LNS_MAPF_LNS_SAT_mapf-map_room-64-64-16_map-_home_max_Documents_PhD_MAPF_LNS_MAPF_LNS_SAT_mapf-scen-even_scen-even_room-64-64-16-even-1_scen-agents50-idx1-seed42-1760998132602,0,0,5,0.001371,1,2,141,143,1,2,25,10,0.000000,0.013000,0.038000,0.025000,0.002033,1
_home_max_Documents_PhD_MAPF_LNS_MAPF_LNS_SAT_mapf-map_room-64-64-16_map-_home_max_Documents_PhD_MAPF_LNS_MAPF_LNS_SAT_mapf-scen-even_scen-even_room-64-64-16-even-1_scen-agents50-idx1-seed42-1760998132602,0,0,5,0.001371,1,3,154,156,1,3,33,14,0.000000,0.022000,0.053000,0.034000,0.002391,1
_home_max_Documents_PhD_MAPF_LNS_MAPF_LNS_SAT_mapf-map_room-64-64-16_map-_home_max_Documents_PhD_MAPF_LNS_MAPF_LNS_SAT_mapf-scen-even_scen-even_room-64-64-16-even-1_scen-agents50-idx1-seed42-1760998132602,0,0,9,0.002468,1,2,162,164,3,7,166,50,0.000000,0.071000,0.149000,0.118000,0.012991,1
_home_max_Documents_PhD_MAPF_LNS_MAPF_LNS_SAT_mapf-map_room-64-64-16_map-_home_max_Documents_PhD_MAPF_LNS_MAPF_LNS_SAT_mapf-scen-even_scen-even_room-64-64-16-even-1_scen-agents50-idx2-seed42-1760998137515,0,0,41,0.011245,21,7,1,20,4,9,2277,774,0.000000,0.864000,1.696000,1.516000,0.106525,1
_home_max_Documents_PhD_MAPF_LNS_MAPF_LNS_SAT_mapf-map_room-64-64-16_map-_home_max_Documents_PhD_MAPF_LNS_MAPF_LNS_SAT_mapf-scen-even_scen-even_room-64-64-16-even-1_scen-agents50-idx2-seed42-1760998137515,0,0,4,0.001097,1,2,3,5,4,7,144,61,0.000000,0.053000,0.153000,0.126000,0.006159,0
_home_max_Documents_PhD_MAPF_LNS_MAPF_LNS_SAT_mapf-map_room-64-64-16_map-_home_max_Documents_PhD_MAPF_LNS_MAPF_LNS_SAT_mapf-scen-even_scen-even_room-64-64-16-even-1_scen-agents50-idx2-seed42-1760998137515,0,1,11,0.003017,1,3,2,6,1,1,25,14,0.000000,0.011000,0.028000,0.021000,0.001487,1
_home_max_Documents_PhD_MAPF_LNS_MAPF_LNS_SAT_mapf-map_room-64-64-16_map-_home_max_Documents_PhD_MAPF_LNS_MAPF_LNS_SAT_mapf-scen-even_scen-even_room-64-64-16-even-1_scen-agents50-idx2-seed42-1760998137515,0,0,12,0.003291,4,4,7,12,2,3,102,50,0.000000,0.042000,0.086000,0.064000,0.004271,1
_home_max_Documents_PhD_MAPF_LNS_MAPF_LNS_SAT_mapf-map_room-64-64-16_map-_home_max_Documents_PhD_MAPF_LNS_MAPF_LNS_SAT_mapf-scen-even_scen-even_room-64-64-16-even-1_scen-agents50-idx2-seed42-1760998137515,0,0,9,0.002468,1,2,9,11,3,7,121,44,0.000000,0.039000,0.128000,0.093000,0.010262,1
_home_max_Documents_PhD_MAPF_LNS_MAPF_LNS_SAT_mapf-map_room-64-64-16_map-_home_max_Documents_PhD_MAPF_LNS_MAPF_LNS_SAT_mapf-scen-even_scen-even_room-64-64-16-even-1_scen-agents50-idx2-seed42-1760998137515,0,0,12,0.003291,4,4,10,15,2,3,76,39,0.000000,0.031000,0.074000,0.053000,0.004304,1
_home_max_Documents_PhD_MAPF_LNS_MAPF_LNS_SAT_mapf-map_room-64-64-16_map-_home_max_Documents_PhD_MAPF_LNS_MAPF_LNS_SAT_mapf-scen-even_scen-even_room-64-64-16-even-1_scen-agents50-idx2-seed42-1760998137515,0,0,5,0.001371,1,2,12,14,4,7,179,68,0.000000,0.062000,0.144000,0.118000,0.005959,0
_home_max_Documents_PhD_MAPF_LNS_MAPF_LNS_SAT_mapf-map_room-64-64-16_map-_home_max_Documents_PhD_MAPF_LNS_MAPF_LNS_SAT_mapf-scen-even_scen-even_room-64-64-16-even-1_scen-agents50-idx2-seed42-1760998137515,0,1,13,0.003566,1,2,11,15,3,6,178,62,0.000000,0.056000,0.155000,0.124000,0.013837,1
_home_max_Documents_PhD_MAPF_LNS_MAPF_LNS_SAT_mapf-map_room-64-64-16_map-_home_max_Documents_PhD_MAPF_LNS_MAPF_LNS_SAT_mapf-scen-even_scen-even_room-64-64-16-even-1_scen-agents50-idx2-seed42-1760998137515,0,0,11,0.003017,4,4,16,21,2,5,283,93,0.000000,0.097000,0.213000,0.166000,0.012177,1
_home_max_Documents_PhD_MAPF_LNS_MAPF_LNS_SAT_mapf-map_room-64-64-16_map-_home_max_Documents_PhD_MAPF_LNS_MAPF_LNS_SAT_mapf-scen-even_scen-even_room-64-64-16-even-1_scen-agents50-idx2-seed42-1760998137515,0,0,5,0.001371,1,2,24,26,4,7,179,68,0.000000,0.061000,0.144000,0.119000,0.006052,0
_home_max_Documents_PhD_MAPF_LNS_MAPF_LNS_SAT_mapf-map_room-64-64-16_map-_home_max_Documents_PhD_MAPF_LNS_MAPF_LNS_SAT_mapf-scen-even_scen-even_room-64-64-16-even-1_scen-agents50-idx2-seed42-1760998137515,0,1,13,0.003566,1,2,23,27,1,2,21,11,0.000000,0.009000,0.032000,0.019000,0.001105,1
_home_max_Documents_PhD_MAPF_LNS_MAPF_LNS_SAT_mapf-map_room-64-64-16_map-_home_max_Documents_PhD_MAPF_LNS_MAPF_LNS_SAT_mapf-scen-even_scen-even_room-64-64-16-even-1_scen-agents50-idx2-seed42-1760998137515,0,0,5,0.001371,1,2,26,28,4,7,179,68,0.000000,0.064000,0.146000,0.120000,0.005699,0
_home_max_Documents_PhD_MAPF_LNS_MAPF_LNS_SAT_mapf-map_room-64-64-16_map-_home_max_Documents_PhD_MAPF_LNS_MAPF_LNS_SAT_mapf-scen-even_scen-even_room-64-64-16-even-1_scen-agents50-idx2-seed42-1760998137515,0,1,13,0.003566,1,2,25,29,1,1,20,11,0.000000,0.010000,0.024000,0.016000,0.000952,1
_home_max_Documents_PhD_MAPF_LNS_MAPF_LNS_SAT_mapf-map_room-64-64-16_map-_home_max_Documents_PhD_MAPF_LNS_MAPF_LNS_SAT_mapf-scen-even_scen-even_room-64-64-16-even-1_scen-agents50-idx2-seed42-1760998137515,0,0,4,0.001097,1,2,27,29,4,7,144,61,0.000000,0.055000,0.126000,0.102000,0.005493,0
_home_max_Documents_PhD_MAPF_LNS_MAPF_LNS_SAT_mapf-map_room-64-64-16_map-_home_max_Documents_PhD_MAPF_LNS_MAPF_LNS_SAT_mapf-scen-even_scen-even_room-64-64-16-even-1_scen-agents50-idx2-seed42-1760998137515,0,1,9,0.002468,1,2,26,30,1,2,23,12,0.000000,0.010000,0.037000,0.022000,0.001550,1
_home_max_Documents_PhD_MAPF_LNS_MAPF_LNS_SAT_mapf-map_room-64-64-16_map-_home_max_Documents_PhD_MAPF_LNS_MAPF_LNS_SAT_mapf-scen-even_scen-even_room-64-64-16-even-1_scen-agents50-idx2-seed42-1760998137515,0,0,5,0.001371,1,2,30,32,2,3,28,15,0.000000,0.013000,0.041000,0.028000,0.001635,1
_home_max_Documents_PhD_MAPF_LNS_MAPF_LNS_SAT_mapf-map_room-64-64-16_map-_home_max_Documents_PhD_MAPF_LNS_MAPF_LNS_SAT_mapf-scen-even_scen-even_room-64-64-16-even-1_scen-agents50-idx2-seed42-1760998137515,0,0,5,0.001371,1,3,35,37,1,2,27,11,0.000000,0.010000,0.040000,0.027000,0.002335,1
_home_max_Documents_PhD_MAPF_LNS_MAPF_LNS_SAT_mapf-map_room-64-64-16_map-_home_max_Documents_PhD_MAPF_LNS_MAPF_LNS_SAT_mapf-scen-even_scen-even_room-64-64-16-even-1_scen-agents50-idx2-seed42-1760998137515,0,0,11,0.003017,4,5,41,46,2,5,298,102,0.000000,0.132000,0.221000,0.170000,0.012739,1
_home_max_Documents_PhD_MAPF_LNS_MAPF_LNS_SAT_mapf-map_room-64-64-16_map-_home_max_Documents_PhD_MAPF_LNS_MAPF_LNS_SAT_mapf-scen-even_scen-even_room-64-64-16-even-1_scen-agents50-idx2-seed42-1760998137515,0,0,7,0.001920,2,3,43,46,7,19,3842,1029,0.000000,1.405000,2.171000,1.938000,0.244888,0
_home_max_Documents_PhD_MAPF_LNS_MAPF_LNS_SAT_mapf-map_room-64-64-16_map-_home_max_Documents_PhD_MAPF_LNS_MAPF_LNS_SAT_mapf-scen-even_scen-even_room-64-64-16-even-1_scen-agents50-idx2-seed42-1760998137515,0,1,14,0.003840,2,5,42,47,6,19,6144,1142,0.000000,1.918000,3.116000,2.814000,0.289135,1
_home_max_Documents_PhD_MAPF_LNS_MAPF_LNS_SAT_mapf-map_room-64-64-16_map-_home_max_Documents_PhD_MAPF_LNS_MAPF_LNS_SAT_mapf-scen-even_scen-even_room-64-64-16-even-1_scen-agents50-idx2-seed42-1760998137515,0,0,9,0.002468,2,3,45,48,4,9,407,124,0.000000,0.143000,0.312000,0.249000,0.020939,1
_home_max_Documents_PhD_MAPF_LNS_MAPF_LNS_SAT_mapf-map_room-64-64-16_map-_home_max_Documents_PhD_MAPF_LNS_MAPF_LNS_SAT_mapf-scen-even_scen-even_room-64-64-16-even-1_scen-agents50-idx2-seed42-1760998137515,0,0,9,0.002468,1,2,47,49,4,8,353,101,0.000000,0.119000,0.262000,0.220000,0.017459,1
_home_max_Documents_PhD_MAPF_LNS_MAPF_LNS_SAT_mapf-map_room-64-64-16_map-_home_max_Documents_PhD_MAPF_LNS_MAPF_LNS_SAT_mapf-scen-even_scen-even_room-64-64-16-even-1_scen-agents50-idx2-seed42-1760998137515,0,0,5,0.001371,1,2,48,50,1,3,26,10,0.000000,0.013000,0.060000,0.038000,0.004481,1
_home_max_Documents_PhD_MAPF_LNS_MAPF_LNS_SAT_mapf-map_room-64-64-16_map-_home_max_Documents_PhD_MAPF_LNS_MAPF_LNS_SAT_mapf-scen-even_scen-even_room-64-64-16-even-1_scen-agents50-idx2-seed42-1760998137515,0,0,7,0.001920,2,4,53,56,2,5,77,40,0.000000,0.051000,0.102000,0.064000,0.006843,1
_home_max_Documents_PhD_MAPF_LNS_MAPF_LNS_SAT_mapf-map_room-64-64-16_map-_home_max_Documents_PhD_MAPF_LNS_MAPF_LNS_SAT_mapf-scen-even_scen-even_room-64-64-16-even-1_scen-agents50-idx2-seed42-1760998137515,0,0,5,0.001371,1,2,55,57,4,7,182,70,0.000000,0.074000,0.146000,0.124000,0.006515,0
_home_max_Documents_PhD_MAPF_LNS_MAPF_LNS_SAT_mapf-map_room-64-64-16_map-_home_max_Documents_PhD_MAPF_LNS_MAPF_LNS_SAT_mapf-scen-even_scen-even_room-64-64-16-even-1_scen-agents50-idx2-seed42-1760998137515,0,1,12,0.003291,1,2,54,58,5,11,1267,273,0.000000,0.414000,0.729000,0.647000,0.041743,1
_home_max_Documents_PhD_MAPF_LNS_MAPF_LNS_SAT_mapf-map_room-64-64-16_map-_home_max_Documents_PhD_MAPF_LNS_MAPF_LNS_SAT_mapf-scen-even_scen-even_room-64-64-16-even-1_scen-agents50-idx2-seed42-1760998137515,0,0,5,0.001371,1,2,56,58,1,1,24,10,0.000000,0.011000,0.029000,0.023000,0.001648,1
_home_max_Documents_PhD_MAPF_LNS_MAPF_LNS_SAT_mapf-map_room-64-64-16_map-_home_max_Documents_PhD_MAPF_LNS_MAPF_LNS_SAT_mapf-scen-even_scen-even_room-64-64-16-even-1_scen-agents50-idx2-seed42-1760998137515,0,0,5,0.001371,1,2,59,61,1,3,26,10,0.000000,0.011000,0.046000,0.029000,0.002548,1
_home_max_Documents_PhD_MAPF_LNS_MAPF_LNS_SAT_mapf-map_room-64-64-16_map-_home_max_Documents_PhD_MAPF_LNS_MAPF_LNS_SAT_mapf-scen-even_scen-even_room-64-64-16-even-1_scen-agents50-idx2-seed42-1760998137515,0,0,10,0.002743,2,4,61,64,2,5,103,43,0.000000,0.056000,0.117000,0.082000,0.006917,1
_home_max_Documents_PhD_MAPF_LNS_MAPF_LNS_SAT_mapf-map_room-64-64-16_map-_home_max_Documents_PhD_MAPF_LNS_MAPF_LNS_SAT_mapf-scen-even_scen-even_room-64-64-16-even-1_scen-agents50-idx2-seed42-1760998137515,0,0,9,0.002468,2,3,66,69,8,16,9209,2092,0.000000,4.471000,4.088000,3.843000,0.126697,0
_home_max_Documents_PhD_MAPF_LNS_MAPF_LNS_SAT_mapf-map_room-64-64-16_map-_home_max_Documents_PhD_MAPF_LNS_MAPF_LNS_SAT_mapf-scen-even_scen-even_room-64-64-16-even-1_scen-agents50-idx2-seed42-1760998137515,0,1,19,0.005211,2,4,65,70,9,19,66126,7874,0.003000,25.567000,26.937000,26.067000,0.910747,0
_home_max_Documents_PhD_MAPF_LNS_MAPF_LNS_SAT_mapf-map_room-64-64-16_map-_home_max_Documents_PhD_MAPF_LNS_MAPF_LNS_SAT_mapf-scen-even_scen-even_room-64-64-16-even-1_scen-agents50-idx2-seed42-1760998137515,0,2,34,0.009325,2,7,64,71,9,19,190781,13955,0.003000,80.078000,78.363000,77.074000,2.034611,0
_home_max_Documents_PhD_MAPF_LNS_MAPF_LNS_SAT_mapf-map_room-64-64-16_map-_home_max_Documents_PhD_MAPF_LNS_MAPF_LNS_SAT_mapf-scen-even_scen-even_room-64-64-16-even-1_scen-agents50-idx2-seed42-1760998137515,0,3,52,0.014262,2,7,63,72,5,15,11897,1255,0.000000,4.284000,5.118000,4.772000,0.321679,1
_home_max_Documents_PhD_MAPF_LNS_MAPF_LNS_SAT_mapf-map_room-64-64-16_map-_home_max_Documents_PhD_MAPF_LNS_MAPF_LNS_SAT_mapf-scen-even_scen-even_room-64-64-16-even-1_scen-agents50-idx2-seed42-1760998137515,0,0,8,0.002194,5,6,68,71,2,4,114,57,0.000000,0.092000,0.120000,0.082000,0.006537,1
_home_max_Documents_PhD_MAPF_LNS_MAPF_LNS_SAT_mapf-map_room-64-64-16_map-_home_max_Documents_PhD_MAPF_LNS_MAPF_LNS_SAT_mapf-scen-even_scen-even_room-64-64-16-even-1_scen-agents50-idx2-seed42-1760998137515,0,0,7,0.001920,1,2,70,72,3,5,84,38,0.000000,0.042000,0.089000,0.066000,0.004687,1
_home_max_Documents_PhD_MAPF_LNS_MAPF_LNS_SAT_mapf-map_room-64-64-16_map-_home_max_Documents_PhD_MAPF_LNS_MAPF_LNS_SAT_mapf-scen-even_scen-even_room-64-64-16-even-1_scen-agents50-idx2-seed42-1760998137515,0,0,9,0.002468,1,3,71,73,4,8,370,110,0.000000,0.139000,0.269000,0.224000,0.024586,1
_home_max_Documents_PhD_MAPF_LNS_MAPF_LNS_SAT_mapf-map_room-64-64-16_map-_home_max_Documents_PhD_MAPF_LNS_MAPF_LNS_SAT_mapf-scen-even_scen-even_room-64-64-16-even-1_scen-agents50-idx2-seed42-1760998137515,0,0,5,0.001371,1,2,72,74,1,1,24,10,0.000000,0.010000,0.028000,0.021000,0.001580,1
_home_max_Documents_PhD_MAPF_LNS_MAPF_LNS_SAT_mapf-map_room-64-64-16_map-_home_max_Documents_PhD_MAPF_LNS_MAPF_LNS_SAT_mapf-scen-even_scen-even_room-64-64-16-even-1_scen-agents50-idx2-seed42-1760998137515,0,0,7,0.001920,1,2,74,76,4,9,292,93,0.000000,0.102000,0.233000,0.191000,0.017189,1
_home_max_Documents_PhD_MAPF_LNS_MAPF_LNS_SAT_mapf-map_room-64-64-16_map-_home_max_Documents_PhD_MAPF_LNS_MAPF_LNS_SAT_mapf-scen-even_scen-even_room-64-64-16-even-1_scen-agents50-idx2-seed42-1760998137515,0,0,5,0.001371,1,2,78,80,1,1,24,10,0.000000,0.011000,0.027000,0.021000,0.001492,1
_home_max_Documents_PhD_MAPF_LNS_MAPF_LNS_SAT_mapf-map_room-64-64-16_map-_home_max_Documents_PhD_MAPF_LNS_MAPF_LNS_SAT_mapf-scen-even_scen-even_room-64-64-16-even-1_scen-agents50-idx2-seed42-1760998137515,0,0,15,0.004114,3,7,81,85,1,2,83,35,0.000000,0.069000,0.078000,0.055000,0.003692,1
_home_max_Documents_PhD_MAPF_LNS_MAPF_LNS_SAT_mapf-map_room-64-64-16_map-_home_max_Documents_PhD_MAPF_LNS_MAPF_LNS_SAT_mapf-scen-even_scen-even_room-64-64-16-even-1_scen-agents50-idx2-seed42-1760998137515,0,0,5,0.001371,1,2,81,83,1,1,24,10,0.000000,0.010000,0.027000,0.021000,0.001434,1
_home_max_Documents_PhD_MAPF_LNS_MAPF_LNS_SAT_mapf-map_room-64-64-16_map-_home_max_Documents_PhD_MAPF_LNS_MAPF_LNS_SAT_mapf-scen-even_scen-even_room-64-64-16-even-1_scen-agents50-idx2-seed42-1760998137515,0,0,5,0.001371,1,3,83,85,4,7,237,93,0.000000,0.130000,0.171000,0.142000,0.006155,0
_home_max_Documents_PhD_MAPF_LNS_MAPF_LNS_SAT_mapf-map_room-64-64-16_map-_home_max_Documents_PhD_MAPF_LNS_MAPF_LNS_SAT_mapf-scen-even_scen-even_room-64-64-16-even-1_scen-agents50-idx2-seed42-1760998137515,0,1,13,0.003566,1,8,82,86,2,3,95,51,0.000000,0.114000,0.069000,0.053000,0.001327,0
_home_max_Documents_PhD_MAPF_LNS_MAPF_LNS_SAT_mapf-map_room-64-64-16_map-_home_max_Documents_PhD_MAPF_LNS_MAPF_LNS_SAT_mapf-scen-even_scen-even_room-64-64-16-even-1_scen-agents50-idx2-seed42-1760998137515,0,2,25,0.006857,1,10,81,87,2,3,168,91,0.000000,0.234000,0.105000,0.084000,0.002111,0
_home_max_Documents_PhD_MAPF_LNS_MAPF_LNS_SAT_mapf-map_room-64-64-16_map-_home_max_Documents_PhD_MAPF_LNS_MAPF_LNS_SAT_mapf-scen-even_scen-even_room-64-64-16-even-1_scen-agents50-idx2-seed42-1760998137515,0,3,39,0.010697,1,12,80,88,4,7,2362,627,0.001000,2.018000,1.109000,1.015000,0.027948,0
_home_max_Documents_PhD_MAPF_LNS_MAPF_LNS_SAT_mapf-map_room-64-64-16_map-_home_max_Documents_PhD_MAPF_LNS_MAPF_LNS_SAT_mapf-scen-even_scen-even_room-64-64-16-even-1_scen-agents50-idx2-seed42-1760998137515,0,4,57,0.015634,1,15,79,89,2,3,1241,384,0.001000,1.168000,0.573000,0.524000,0.010552,0
_home_max_Documents_PhD_MAPF_LNS_MAPF_LNS_SAT_mapf-map_room-64-64-16_map-_home_max_Documents_PhD_MAPF_LNS_MAPF_LNS_SAT_mapf-scen-even_scen-even_room-64-64-16-even-1_scen-agents50-idx2-seed42-1760998137515,0,5,76,0.020845,1,17,78,90,7,14,242114,11774,0.007000,150.163000,97.354000,96.405000,2.158158,0
_home_max_Documents_PhD_MAPF_LNS_MAPF_LNS_SAT_mapf-map_room-64-64-16_map-_home_max_Documents_PhD_MAPF_LNS_MAPF_LNS_SAT_mapf-scen-even_scen-even_room-64-64-16-even-1_scen-agents50-idx2-seed42-1760998137515,0,6,97,0.026604,1,18,77,91,6,20,215370,12150,0.004000,104.202000,88.818000,87.047000,4.446437,1
_home_max_Documents_PhD_MAPF_LNS_MAPF_LNS_SAT_mapf-map_room-64-64-16_map-_home_max_Documents_PhD_MAPF_LNS_MAPF_LNS_SAT_mapf-scen-even_scen-even_room-64-64-16-even-1_scen-agents50-idx2-seed42-1760998137515,0,0,9,0.002468,1,3,84,86,5,13,825,217,0.000000,0.317000,0.555000,0.461000,0.045445,1
_home_max_Documents_PhD_MAPF_LNS_MAPF_LNS_SAT_mapf-map_room-64-64-16_map-_home_max_Documents_PhD_MAPF_LNS_MAPF_LNS_SAT_mapf-scen-even_scen-even_room-64-64-16-even-1_scen-agents50-idx2-seed42-1760998137515,0,0,5,0.001371,1,2,84,86,1,1,24,10,0.000000,0.013000,0.029000,0.023000,0.001872,1
_home_max_Documents_PhD_MAPF_LNS_MAPF_LNS_SAT_mapf-map_room-64-64-16_map-_home_max_Documents_PhD_MAPF_LNS_MAPF_LNS_SAT_mapf-scen-even_scen-even_room-64-64-16-even-1_scen-agents50-idx2-seed42-1760998137515,0,0,4,0.001097,1,2,84,86,1,2,20,9,0.000000,0.010000,0.034000,0.022000,0.001936,1
_home_max_Documents_PhD_MAPF_LNS_MAPF_LNS_SAT_mapf-map_room-64-64-16_map-_home_max_Documents_PhD_MAPF_LNS_MAPF_LNS_SAT_mapf-scen-even_scen-even_room-64-64-16-even-1_scen-agents50-idx2-seed42-1760998137515,0,0,4,0.001097,1,3,92,94,1,2,21,10,0.000000,0.013000,0.035000,0.022000,0.001605,1
_home_max_Documents_PhD_MAPF_LNS_MAPF_LNS_SAT_mapf-map_room-64-64-16_map-_home_max_Documents_PhD_MAPF_LNS_MAPF_LNS_SAT_mapf-scen-even_scen-even_room-64-64-16-even-1_scen-agents50-idx2-seed42-1760998137515,0,0,5,0.001371,1,2,94,96,1,1,24,10,0.000000,0.011000,0.029000,0.023000,0.001704,1
_home_max_Documents_PhD_MAPF_LNS_MAPF_LNS_SAT_mapf-map_room-64-64-16_map-_home_max_Documents_PhD_MAPF_LNS_MAPF_LNS_SAT_mapf-scen-even_scen-even_room-64-64-16-even-1_scen-agents50-idx2-seed42-1760998137515,0,0,4,0.001097,1,3,94,96,1,2,21,10,0.000000,0.013000,0.035000,0.023000,0.001771,1
_home_max_Documents_PhD_MAPF_LNS_MAPF_LNS_SAT_mapf-map_room-64-64-16_map-_home_max_Documents_PhD_MAPF_LNS_MAPF_LNS_SAT_mapf-scen-even_scen-even_room-64-64-16-even-1_scen-agents50-idx2-seed42-1760998137515,0,0,23,0.006308,11,6,96,108,2,3,296,134,0.000000,0.272000,0.195000,0.154000,0.014772,1
_home_max_Documents_PhD_MAPF_LNS_MAPF_LNS_SAT_mapf-map_room-64-64-16_map-_home_max_Documents_PhD_MAPF_LNS_MAPF_LNS_SAT_mapf-scen-even_scen-even_room-64-64-16-even-1_scen-agents50-idx2-seed42-1760998137515,0,0,5,0.001371,1,2,99,101,1,1,24,10,0.000000,0.013000,0.029000,0.022000,0.001761,1
_home_max_Documents_PhD_MAPF_LNS_MAPF_LNS_SAT_mapf-map_room-64-64-16_map-_home_max_Documents_PhD_MAPF_LNS_MAPF_LNS_SAT_mapf-scen-even_scen-even_room-64-64-16-even-1_scen-agents50-idx2-seed42-1760998137515,0,0,5,0.001371,1,2,103,105,1,1,24,10,0.000000,0.011000,0.026000,0.021000,0.001445,1
_home_max_Documents_PhD_MAPF_LNS_MAPF_LNS_SAT_mapf-map_room-64-64-16_map-_home_max_Documents_PhD_MAPF_LNS_MAPF_LNS_SAT_mapf-scen-even_scen-even_room-64-64-16-even-1_scen-agents50-idx2-seed42-1760998137515,0,0,5,0.001371,1,2,108,110,1,1,24,10,0.000000,0.012000,0.026000,0.021000,0.001437,1
_home_max_Documents_PhD_MAPF_LNS_MAPF_LNS_SAT_mapf-map_room-64-64-16_map-_home_max_Documents_PhD_MAPF_LNS_MAPF_LNS_SAT_mapf-scen-even_scen-even_room-64-64-16-even-1_scen-agents50-idx2-seed42-1760998137515,0,0,4,0.001097,1,2,110,112,1,4,22,9,0.000000,0.011000,0.050000,0.028000,0.002085,1
_home_max_Documents_PhD_MAPF_LNS_MAPF_LNS_SAT_mapf-map_room-64-64-16_map-_home_max_Documents_PhD_MAPF_LNS_MAPF_LNS_SAT_mapf-scen-even_scen-even_room-64-64-16-even-1_scen-agents50-idx2-seed42-1760998137515,0,0,4,0.001097,1,2,114,116,1,2,20,9,0.000000,0.010000,0.031000,0.020000,0.001541,1
_home_max_Documents_PhD_MAPF_LNS_MAPF_LNS_SAT_mapf-map_room-64-64-16_map-_home_max_Documents_PhD_MAPF_LNS_MAPF_LNS_SAT_mapf-scen-even_scen-even_room-64-64-16-even-1_scen-agents50-idx2-seed42-1760998137515,0,0,5,0.001371,1,2,122,124,1,3,26,10,0.000000,0.013000,0.048000,0.029000,0.002442,1
_home_max_Documents_PhD_MAPF_LNS_MAPF_LNS_SAT_mapf-map_room-64-64-16_map-_home_max_Documents_PhD_MAPF_LNS_MAPF_LNS_SAT_mapf-scen-even_scen-even_room-64-64-16-even-1_scen-agents50-idx2-seed42-1760998137515,0,0,5,0.001371,1,2,124,126,1,1,24,10,0.000000,0.012000,0.027000,0.021000,0.001446,1
_home_max_Documents_PhD_MAPF_LNS_MAPF_LNS_SAT_mapf-map_room-64-64-16_map-_home_max_Documents_PhD_MAPF_LNS_MAPF_LNS_SAT_mapf-scen-even_scen-even_room-64-64-16-even-1_scen-agents50-idx2-seed42-1760998137515,0,0,5,0.001371,1,2,126,128,1,1,24,10,0.000000,0.013000,0.027000,0.021000,0.001510,1
_home_max_Documents_PhD_MAPF_LNS_MAPF_LNS_SAT_mapf-map_room-64-64-16_map-_home_max_Documents_PhD_MAPF_LNS_MAPF_LNS_SAT_mapf-scen-even_scen-even_room-64-64-16-even-1_scen-agents50-idx2-seed42-1760998137515,0,0,5,0.001371,1,2,134,136,1,3,26,10,0.000000,0.013000,0.048000,0.030000,0.002382,1
_home_max_Documents_PhD_MAPF_LNS_MAPF_LNS_SAT_mapf-map_room-64-64-16_map-_home_max_Documents_PhD_MAPF_LNS_MAPF_LNS_SAT_mapf-scen-even_scen-even_room-64-64-16-even-1_scen-agents50-idx2-seed42-1760998137515,0,0,5,0.001371,1,2,139,141,1,2,25,10,0.000000,0.013000,0.038000,0.025000,0.001926,1
_home_max_Documents_PhD_MAPF_LNS_MAPF_LNS_SAT_mapf-map_room-64-64-16_map-_home_max_Documents_PhD_MAPF_LNS_MAPF_LNS_SAT_mapf-scen-even_scen-even_room-64-64-16-even-1_scen-agents50-idx3-seed42-1760998138820,0,0,5,0.001371,1,2,0,2,2,3,28,15,0.000000,0.012000,0.080000,0.063000,0.010226,1
_home_max_Documents_PhD_MAPF_LNS_MAPF_LNS_SAT_mapf-map_room-64-64-16_map-_home_max_Documents_PhD_MAPF_LNS_MAPF_LNS_SAT_mapf-scen-even_scen-even_room-64-64-16-even-1_scen-agents50-idx3-seed42-1760998138820,0,0,8,0.002194,2,2,3,6,2,4,57,26,0.000000,0.023000,0.071000,0.050000,0.006209,1
_home_max_Documents_PhD_MAPF_LNS_MAPF_LNS_SAT_mapf-map_room-64-64-16_map-_home_max_Documents_PhD_MAPF_LNS_MAPF_LNS_SAT_mapf-scen-even_scen-even_room-64-64-16-even-1_scen-agents50-idx3-seed42-1760998138820,0,0,5,0.001371,1,2,4,6,2,3,28,15,0.000000,0.011000,0.042000,0.028000,0.001985,1
_home_max_Documents_PhD_MAPF_LNS_MAPF_LNS_SAT_mapf-map_room-64-64-16_map-_home_max_Documents_PhD_MAPF_LNS_MAPF_LNS_SAT_mapf-scen-even_scen-even_room-64-64-16-even-1_scen-agents50-idx3-seed42-1760998138820,0,0,8,0.002194,1,3,5,7,3,5,131,50,0.000000,0.044000,0.117000,0.091000,0.006085,1
_home_max_Documents_PhD_MAPF_LNS_MAPF_LNS_SAT_mapf-map_room-64-64-16_map-_home_max_Documents_PhD_MAPF_LNS_MAPF_LNS_SAT_mapf-scen-even_scen-even_room-64-64-16-even-1_scen-agents50-idx3-seed42-1760998138820,0,0,7,0.001920,3,3,7,11,2,3,62,31,0.000000,0.024000,0.063000,0.043000,0.002400,1
_home_max_Documents_PhD_MAPF_LNS_MAPF_LNS_SAT_mapf-map_room-64-64-16_map-_home_max_Documents_PhD_MAPF_LNS_MAPF_LNS_SAT_mapf-scen-even_scen-even_room-64-64-16-even-1_scen-agents50-idx3-seed42-1760998138820,0,0,5,0.001371,1,2,12,14,2,3,29,16,0.000000,0.012000,0.045000,0.029000,0.001743,1
_home_max_Documents_PhD_MAPF_LNS_MAPF_LNS_SAT_mapf-map_room-64-64-16_map-_home_max_Documents_PhD_MAPF_LNS_MAPF_LNS_SAT_mapf-scen-even_scen-even_room-64-64-16-even-1_scen-agents50-idx3-seed42-1760998138820,0,0,14,0.003840,5,3,15,21,2,4,95,45,0.000000,0.037000,0.102000,0.070000,0.008243,1
_home_max_Documents_PhD_MAPF_LNS_MAPF_LNS_SAT_mapf-map_room-64-64-16_map-_home_max_Documents_PhD_MAPF_LNS_MAPF_LNS_SAT_mapf-scen-even_scen-even_room-64-64-16-even-1_scen-agents50-idx3-seed42-1760998138820,0,0,9,0.002468,3,4,15,19,2,3,73,37,0.000000,0.031000,0.072000,0.050000,0.002651,1
_home_max_Documents_PhD_MAPF_LNS_MAPF_LNS_SAT_mapf-map_room-64-64-16_map-_home_max_Documents_PhD_MAPF_LNS_MAPF_LNS_SAT_mapf-scen-even_scen-even_room-64-64-16-even-1_scen-agents50-idx3-seed42-1760998138820,0,0,8,0.002194,3,2,21,25,2,3,52,25,0.000000,0.021000,0.063000,0.044000,0.003383,1
_home_max_Documents_PhD_MAPF_LNS_MAPF_LNS_SAT_mapf-map_room-64-64-16_map-_home_max_Documents_PhD_MAPF_LNS_MAPF_LNS_SAT_mapf-scen-even_scen-even_room-64-64-16-even-1_scen-agents50-idx3-seed42-1760998138820,0,0,4,0.001097,1,2,29,31,4,7,152,65,0.000000,0.059000,0.131000,0.104000,0.005817,0
_home_max_Documents_PhD_MAPF_LNS_MAPF_LNS_SAT_mapf-map_room-64-64-16_map-_home_max_Documents_PhD_MAPF_LNS_MAPF_LNS_SAT_mapf-scen-even_scen-even_room-64-64-16-even-1_scen-agents50-idx3-seed42-1760998138820,0,1,9,0.002468,1,2,28,32,5,10,833,227,0.000000,0.257000,0.489000,0.439000,0.033012,0
_home_max_Documents_PhD_MAPF_LNS_MAPF_LNS_SAT_mapf-map_room-64-64-16_map-_home_max_Documents_PhD_MAPF_LNS_MAPF_LNS_SAT_mapf-scen-even_scen-even_room-64-64-16-even-1_scen-agents50-idx3-seed42-1760998138820,0,2,15,0.004114,1,3,27,33,5,16,1915,386,0.000000,0.565000,1.098000,0.967000,0.123265,1
_home_max_Documents_PhD_MAPF_LNS_MAPF_LNS_SAT_mapf-map_room-64-64-16_map-_home_max_Documents_PhD_MAPF_LNS_MAPF_LNS_SAT_mapf-scen-even_scen-even_room-64-64-16-even-1_scen-agents50-idx3-seed42-1760998138820,0,0,4,0.001097,1,3,29,31,2,3,30,17,0.000000,0.016000,0.045000,0.030000,0.002012,1
_home_max_Documents_PhD_MAPF_LNS_MAPF_LNS_SAT_mapf-map_room-64-64-16_map-_home_max_Documents_PhD_MAPF_LNS_MAPF_LNS_SAT_mapf-scen-even_scen-even_room-64-64-16-even-1_scen-agents50-idx3-seed42-1760998138820,0,0,8,0.002194,1,3,31,33,3,7,127,48,0.000000,0.048000,0.134000,0.097000,0.009610,1
_home_max_Documents_PhD_MAPF_LNS_MAPF_LNS_SAT_mapf-map_room-64-64-16_map-_home_max_Documents_PhD_MAPF_LNS_MAPF_LNS_SAT_mapf-scen-even_scen-even_room-64-64-16-even-1_scen-agents50-idx3-seed42-1760998138820,0,0,9,0.002468,1,2,32,34,3,7,121,44,0.000000,0.042000,0.134000,0.098000,0.009924,1
_home_max_Documents_PhD_MAPF_LNS_MAPF_LNS_SAT_mapf-map_room-64-64-16_map-_home_max_Documents_PhD_MAPF_LNS_MAPF_LNS_SAT_mapf-scen-even_scen-even_room-64-64-16-even-1_scen-agents50-idx3-seed42-1760998138820,0,0,8,0.002194,1,2,39,41,4,8,352,111,0.000000,0.134000,0.264000,0.211000,0.017427,1
_home_max_Documents_PhD_MAPF_LNS_MAPF_LNS_SAT_mapf-map_room-64-64-16_map-_home_max_Documents_PhD_MAPF_LNS_MAPF_LNS_SAT_mapf-scen-even_scen-even_room-64-64-16-even-1_scen-agents50-idx3-seed42-1760998138820,0,0,9,0.002468,3,4,41,45,3,5,203,84,0.000000,0.100000,0.168000,0.129000,0.011770,1
_home_max_Documents_PhD_MAPF_LNS_MAPF_LNS_SAT_mapf-map_room-64-64-16_map-_home_max_Documents_PhD_MAPF_LNS_MAPF_LNS_SAT_mapf-scen-even_scen-even_room-64-64-16-even-1_scen-agents50-idx3-seed42-1760998138820,0,0,12,0.003291,4,7,48,53,3,5,968,277,0.000000,0.370000,0.494000,0.453000,0.014133,0
_home_max_Documents_PhD_MAPF_LNS_MAPF_LNS_SAT_mapf-map_room-64-64-16_map-_home_max_Documents_PhD_MAPF_LNS_MAPF_LNS_SAT_mapf-scen-even_scen-even_room-64-64-16-even-1_scen-agents50-idx3-seed42-1760998138820,0,1,24,0.006583,4,7,47,54,10,27,235024,21903,0.004000,93.544000,132.257000,130.461000,3.014973,0
_home_max_Documents_PhD_MAPF_LNS_MAPF_LNS_SAT_mapf-map_room-64-64-16_map-_home_max_Documents_PhD_MAPF_LNS_MAPF_LNS_SAT_mapf-scen-even_scen-even_room-64-64-16-even-1_scen-agents50-idx3-seed42-1760998138820,0,2,41,0.011245,4,7,46,55,4,13,19301,1853,0.000000,5.364000,8.071000,7.771000,0.585897,1
_home_max_Documents_PhD_MAPF_LNS_MAPF_LNS_SAT_mapf-map_room-64-64-16_map-_home_max_Documents_PhD_MAPF_LNS_MAPF_LNS_SAT_mapf-scen-even_scen-even_room-64-64-16-even-1_scen-agents50-idx3-seed42-1760998138820,0,0,9,0.002468,4,6,51,55,4,8,534,184,0.000000,0.291000,0.339000,0.276000,0.010660,0
_home_max_Documents_PhD_MAPF_LNS_MAPF_LNS_SAT_mapf-map_room-64-64-16_map-_home_max_Documents_PhD_MAPF_LNS_MAPF_LNS_SAT_mapf-scen-even_scen-even_room-64-64-16-even-1_scen-agents50-idx3-seed42-1760998138820,0,1,19,0.005211,4,7,50,56,8,32,14870,2067,0.000000,5.210000,7.027000,6.418000,0.632100,1
_home_max_Documents_PhD_MAPF_LNS_MAPF_LNS_SAT_mapf-map_room-64-64-16_map-_home_max_Documents_PhD_MAPF_LNS_MAPF_LNS_SAT_mapf-scen-even_scen-even_room-64-64-16-even-1_scen-agents50-idx3-seed42-1760998138820,0,0,9,0.002468,1,2,53,55,3,6,120,44,0.000000,0.046000,0.126000,0.096000,0.007632,1
_home_max_Documents_PhD_MAPF_LNS_MAPF_LNS_SAT_mapf-map_room-64-64-16_map-_home_max_Documents_PhD_MAPF_LNS_MAPF_LNS_SAT_mapf-scen-even_scen-even_room-64-64-16-even-1_scen-agents50-idx3-seed42-1760998138820,0,0,5,0.001371,1,3,54,56,1,1,13,8,0.000000,0.010000,0.022000,0.014000,0.001024,1
_home_max_Documents_PhD_MAPF_LNS_MAPF_LNS_SAT_mapf-map_room-64-64-16_map-_home_max_Documents_PhD_MAPF_LNS_MAPF_LNS_SAT_mapf-scen-even_scen-even_room-64-64-16-even-1_scen-agents50-idx3-seed42-1760998138820,0,0,8,0.002194,1,3,56,58,2,4,39,21,0.000000,0.022000,0.061000,0.039000,0.003683,1
_home_max_Documents_PhD_MAPF_LNS_MAPF_LNS_SAT_mapf-map_room-64-64-16_map-_home_max_Documents_PhD_MAPF_LNS_MAPF_LNS_SAT_mapf-scen-even_scen-even_room-64-64-16-even-1_scen-agents50-idx3-seed42-1760998138820,0,0,5,0.001371,1,4,56,58,1,2,27,12,0.000000,0.016000,0.042000,0.028000,0.002290,1
_home_max_Documents_PhD_MAPF_LNS_MAPF_LNS_SAT_mapf-map_room-64-64-16_map-_home_max_Documents_PhD_MAPF_LNS_MAPF_LNS_SAT_mapf-scen-even_scen-even_room-64-64-16-even-1_scen-agents50-idx3-seed42-1760998138820,0,0,8,0.002194,1,2,59,61,3,7,120,44,0.000000,0.052000,0.133000,0.096000,0.009281,1
_home_max_Documents_PhD_MAPF_LNS_MAPF_LNS_SAT_mapf-map_room-64-64-16_map-_home_max_Documents_PhD_MAPF_LNS_MAPF_LNS_SAT_mapf-scen-even_scen-even_room-64-64-16-even-1_scen-agents50-idx3-seed42-1760998138820,0,0,5,0.001371,1,2,59,61,2,3,28,15,0.000000,0.015000,0.042000,0.028000,0.001962,1
_home_max_Documents_PhD_MAPF_LNS_MAPF_LNS_SAT_mapf-map_room-64-64-16_map-_home_max_Documents_PhD_MAPF_LNS_MAPF_LNS_SAT_mapf-scen-even_scen-even_room-64-64-16-even-1_scen-agents50-idx3-seed42-1760998138820,0,0,5,0.001371,2,3,62,65,1,3,51,18,0.000000,0.022000,0.071000,0.047000,0.003930,1
_home_max_Documents_PhD_MAPF_LNS_MAPF_LNS_SAT_mapf-map_room-64-64-16_map-_home_max_Documents_PhD_MAPF_LNS_MAPF_LNS_SAT_mapf-scen-even_scen-even_room-64-64-16-even-1_scen-agents50-idx3-seed42-1760998138820,0,0,8,0.002194,1,2,63,65,3,7,118,42,0.000000,0.047000,0.127000,0.093000,0.009206,1
_home_max_Documents_PhD_MAPF_LNS_MAPF_LNS_SAT_mapf-map_room-64-64-16_map-_home_max_Documents_PhD_MAPF_LNS_MAPF_LNS_SAT_mapf-scen-even_scen-even_room-64-64-16-even-1_scen-agents50-idx3-seed42-1760998138820,0,0,5,0.001371,1,2,63,65,1,1,24,10,0.000000,0.012000,0.028000,0.022000,0.001619,1
_home_max_Documents_PhD_MAPF_LNS_MAPF_LNS_SAT_mapf-map_room-64-64-16_map-_home_max_Documents_PhD_MAPF_LNS_MAPF_LNS_SAT_mapf-scen-even_scen-even_room-64-64-16-even-1_scen-agents50-idx3-seed42-1760998138820,0,0,5,0.001371,1,2,67,69,4,7,183,71,0.000000,0.084000,0.151000,0.124000,0.006217,0
_home_max_Documents_PhD_MAPF_LNS_MAPF_LNS_SAT_mapf-map_room-64-64-16_map-_home_max_Documents_PhD_MAPF_LNS_MAPF_LNS_SAT_mapf-scen-even_scen-even_room-64-64-16-even-1_scen-agents50-idx3-seed42-1760998138820,0,1,13,0.003566,1,2,66,70,8,18,13667,2279,0.001000,5.916000,5.845000,5.581000,0.251852,0
_home_max_Documents_PhD_MAPF_LNS_MAPF_LNS_SAT_mapf-map_room-64-64-16_map-_home_max_Documents_PhD_MAPF_LNS_MAPF_LNS_SAT_mapf-scen-even_scen-even_room-64-64-16-even-1_scen-agents50-idx3-seed42-1760998138820,0,2,23,0.006308,1,3,65,71,9,20,58129,5969,0.003000,24.127000,23.307000,22.788000,0.749385,0
_home_max_Documents_PhD_MAPF_LNS_MAPF_LNS_SAT_mapf-map_room-64-64-16_map-_home_max_Documents_PhD_MAPF_LNS_MAPF_LNS_SAT_mapf-scen-even_scen-even_room-64-64-16-even-1_scen-agents50-idx3-seed42-1760998138820,0,3,38,0.010422,1,6,64,72,9,20,242292,15762,0.003000,108.736000,99.024000,97.773000,2.469134,0
_home_max_Documents_PhD_MAPF_LNS_MAPF_LNS_SAT_mapf-map_room-64-64-16_map-_home_max_Documents_PhD_MAPF_LNS_MAPF_LNS_SAT_mapf-scen-even_scen-even_room-64-64-16-even-1_scen-agents50-idx3-seed42-1760998138820,0,4,107,0.029347,2,11,63,74,7,14,559918,19091,0.004000,363.160000,254.249000,252.505000,4.635328,0
_home_max_Documents_PhD_MAPF_LNS_MAPF_LNS_SAT_mapf-map_room-64-64-16_map-_home_max_Documents_PhD_MAPF_LNS_MAPF_LNS_SAT_mapf-scen-even_scen-even_room-64-64-16-even-1_scen-agents50-idx3-seed42-1760998138820,0,5,134,0.036753,2,12,62,75,3,8,19424,1931,0.000000,6.534000,7.983000,7.642000,0.332713,1
_home_max_Documents_PhD_MAPF_LNS_MAPF_LNS_SAT_mapf-map_room-64-64-16_map-_home_max_Documents_PhD_MAPF_LNS_MAPF_LNS_SAT_mapf-scen-even_scen-even_room-64-64-16-even-1_scen-agents50-idx3-seed42-1760998138820,0,0,12,0.003291,12,9,73,78,10,32,69787,11423,0.003000,32.655000,36.543000,33.923000,5.093568,0
_home_max_Documents_PhD_MAPF_LNS_MAPF_LNS_SAT_mapf-map_room-64-64-16_map-_home_max_Documents_PhD_MAPF_LNS_MAPF_LNS_SAT_mapf-scen-even_scen-even_room-64-64-16-even-1_scen-agents50-idx3-seed42-1760998138820,0,1,20,0.005485,12,9,72,79,5,48,12520,1993,0.001000,4.502000,9.570000,8.090000,2.835369,1
_home_max_Documents_PhD_MAPF_LNS_MAPF_LNS_SAT_mapf-map_room-64-64-16_map-_home_max_Documents_PhD_MAPF_LNS_MAPF_LNS_SAT_mapf-scen-even_scen-even_room-64-64-16-even-1_scen-agents50-idx3-seed42-1760998138820,0,0,8,0.002194,2,4,77,80,3,5,186,76,0.000000,0.120000,0.138000,0.112000,0.004546,0
_home_max_Documents_PhD_MAPF_LNS_MAPF_LNS_SAT_mapf-map_room-64-64-16_map-_home_max_Documents_PhD_MAPF_LNS_MAPF_LNS_SAT_mapf-scen-even_scen-even_room-64-64-16-even-1_scen-agents50-idx3-seed42-1760998138820,0,1,33,0.009051,4,7,76,82,1,2,83,42,0.000000,0.086000,0.077000,0.048000,0.002995,1
_home_max_Documents_PhD_MAPF_LNS_MAPF_LNS_SAT_mapf-map_room-64-64-16_map-_home_max_Documents_PhD_MAPF_LNS_MAPF_LNS_SAT_mapf-scen-even_scen-even_room-64-64-16-even-1_scen-agents50-idx3-seed42-1760998138820,0,0,4,0.001097,1,2,78,80,1,2,20,9,0.000000,0.010000,0.036000,0.023000,0.002100,1
_home_max_Documents_PhD_MAPF_LNS_MAPF_LNS_SAT_mapf-map_room-64-64-16_map-_home_max_Documents_PhD_MAPF_LNS_MAPF_LNS_SAT_mapf-scen-even_scen-even_room-64-64-16-even-1_scen-agents50-idx3-seed42-1760998138820,0,0,9,0.002468,2,4,80,83,4,7,528,165,0.000000,0.226000,0.311000,0.272000,0.009224,0
_home_max_Documents_PhD_MAPF_LNS_MAPF_LNS_SAT_mapf-map_room-64-64-16_map-_home_max_Documents_PhD_MAPF_LNS_MAPF_LNS_SAT_mapf-scen-even_scen-even_room-64-64-16-even-1_scen-agents50-idx3-seed42-1760998138820,0,1,19,0.005211,2,6,79,84,4,8,1369,312,0.000000,0.527000,0.715000,0.640000,0.042141,1
_home_max_Documents_PhD_MAPF_LNS_MAPF_LNS_SAT_mapf-map_room-64-64-16_map-_home_max_Documents_PhD_MAPF_LNS_MAPF_LNS_SAT_mapf-scen-even_scen-even_room-64-64-16-even-1_scen-agents50-idx3-seed42-1760998138820,0,0,5,0.001371,1,2,80,82,2,3,30,17,0.000000,0.022000,0.045000,0.030000,0.002122,1
_home_max_Documents_PhD_MAPF_LNS_MAPF_LNS_SAT_mapf-map_room-64-64-16_map-_home_max_Documents_PhD_MAPF_LNS_MAPF_LNS_SAT_mapf-scen-even_scen-even_room-64-64-16-even-1_scen-agents50-idx3-seed42-1760998138820,0,0,24,0.006583,15,13,81,90,6,12,56255,6866,0.003000,21.334000,23.197000,22.650000,0.773832,0
_home_max_Documents_PhD_MAPF_LNS_MAPF_LNS_SAT_mapf-map_room-64-64-16_map-_home_max_Documents_PhD_MAPF_LNS_MAPF_LNS_SAT_mapf-scen-even_scen-even_room-64-64-16-even-1_scen-agents50-idx3-seed42-1760998138820,0,1,44,0.012068,15,15,80,91,6,12,145907,10379,0.007000,51.856000,56.734000,55.996000,1.479313,0
_home_max_Documents_PhD_MAPF_LNS_MAPF_LNS_SAT_mapf-map_room-64-64-16_map-_home_max_Documents_PhD_MAPF_LNS_MAPF_LNS_SAT_mapf-scen-even_scen-even_room-64-64-16-even-1_scen-agents50-idx3-seed42-1760998138820,0,2,107,0.029347,18,22,79,93,6,13,762016,30641,0.007000,449.771000,394.751000,392.295000,6.775702,0
_home_max_Documents_PhD_MAPF_LNS_MAPF_LNS_SAT_mapf-map_room-64-64-16_map-_home_max_Documents_PhD_MAPF_LNS_MAPF_LNS_SAT_mapf-scen-even_scen-even_room-64-64-16-even-1_scen-agents50-idx3-seed42-1760998138820,0,3,147,0.040318,18,22,78,94,6,19,1297058,38555,0.009000,820.522000,691.770000,686.826000,17.190374,1
_home_max_Documents_PhD_MAPF_LNS_MAPF_LNS_SAT_mapf-map_room-64-64-16_map-_home_max_Documents_PhD_MAPF_LNS_MAPF_LNS_SAT_mapf-scen-even_scen-even_room-64-64-16-even-1_scen-agents50-idx3-seed42-1760998138820,0,0,5,0.001371,1,2,92,94,1,3,26,10,0.000000,0.014000,0.096000,0.059000,0.006736,1
_home_max_Documents_PhD_MAPF_LNS_MAPF_LNS_SAT_mapf-map_room-64-64-16_map-_home_max_Documents_PhD_MAPF_LNS_MAPF_LNS_SAT_mapf-scen-even_scen-even_room-64-64-16-even-1_scen-agents50-idx3-seed42-1760998138820,0,0,5,0.001371,1,2,96,98,1,3,26,10,0.000000,0.015000,0.073000,0.048000,0.003337,1
_home_max_Documents_PhD_MAPF_LNS_MAPF_LNS_SAT_mapf-map_room-64-64-16_map-_home_max_Documents_PhD_MAPF_LNS_MAPF_LNS_SAT_mapf-scen-even_scen-even_room-64-64-16-even-1_scen-agents50-idx3-seed42-1760998138820,0,0,5,0.001371,1,2,108,110,1,1,24,10,0.000000,0.017000,0.051000,0.036000,0.002270,1
_home_max_Documents_PhD_MAPF_LNS_MAPF_LNS_SAT_mapf-map_room-64-64-16_map-_home_max_Documents_PhD_MAPF_LNS_MAPF_LNS_SAT_mapf-scen-even_scen-even_room-64-64-16-even-1_scen-agents50-idx3-seed42-1760998138820,0,0,5,0.001371,3,3,109,111,2,7,90,34,0.000000,0.051000,0.124000,0.079000,0.007888,1
_home_max_Documents_PhD_MAPF_LNS_MAPF_LNS_SAT_mapf-map_room-64-64-16_map-_home_max_Documents_PhD_MAPF_LNS_MAPF_LNS_SAT_mapf-scen-even_scen-even_room-64-64-16-even-1_scen-agents50-idx3-seed42-1760998138820,0,0,4,0.001097,1,2,109,111,1,1,19,9,0.000000,0.012000,0.026000,0.020000,0.001607,1
_home_max_Documents_PhD_MAPF_LNS_MAPF_LNS_SAT_mapf-map_room-64-64-16_map-_home_max_Documents_PhD_MAPF_LNS_MAPF_LNS_SAT_mapf-scen-even_scen-even_room-64-64-16-even-1_scen-agents50-idx3-seed42-1760998138820,0,0,5,0.001371,1,2,120,122,1,3,26,10,0.000000,0.012000,0.047000,0.028000,0.002508,1
_home_max_Documents_PhD_MAPF_LNS_MAPF_LNS_SAT_mapf-map_room-64-64-16_map-_home_max_Documents_PhD_MAPF_LNS_MAPF_LNS_SAT_mapf-scen-even_scen-even_room-64-64-16-even-1_scen-agents50-idx3-seed42-1760998138820,0,0,5,0.001371,1,2,122,124,1,2,25,10,0.000000,0.012000,0.037000,0.025000,0.002062,1
_home_max_Documents_PhD_MAPF_LNS_MAPF_LNS_SAT_mapf-map_room-64-64-16_map-_home_max_Documents_PhD_MAPF_LNS_MAPF_LNS_SAT_mapf-scen-even_scen-even_room-64-64-16-even-1_scen-agents50-idx3-seed42-1760998138820,0,0,5,0.001371,1,2,130,132,1,2,25,10,0.000000,0.012000,0.036000,0.024000,0.001958,1
_home_max_Documents_PhD_MAPF_LNS_MAPF_LNS_SAT_mapf-map_room-64-64-16_map-_home_max_Documents_PhD_MAPF_LNS_MAPF_LNS_SAT_mapf-scen-even_scen-even_room-64-64-16-even-1_scen-agents50-idx3-seed42-1760998138820,0,0,5,0.001371,1,2,137,139,1,2,25,10,0.000000,0.014000,0.039000,0.026000,0.002083,1
_home_max_Documents_PhD_MAPF_LNS_MAPF_LNS_SAT_mapf-map_room-64-64-16_map-_home_max_Documents_PhD_MAPF_LNS_MAPF_LNS_SAT_mapf-scen-even_scen-even_room-64-64-16-even-1_scen-agents50-idx3-seed42-1760998138820,0,0,5,0.001371,3,4,142,146,1,5,77,26,0.000000,0.045000,0.110000,0.067000,0.007153,1
_home_max_Documents_PhD_MAPF_LNS_MAPF_LNS_SAT_mapf-map_room-64-64-16_map-_home_max_Documents_PhD_MAPF_LNS_MAPF_LNS_SAT_mapf-scen-even_scen-even_room-64-64-16-even-1_scen-agents50-idx3-seed42-1760998138820,0,0,5,0.001371,1,3,149,151,1,2,26,11,0.000000,0.017000,0.041000,0.027000,0.002057,1
_home_max_Documents_PhD_MAPF_LNS_MAPF_LNS_SAT_mapf-map_room-64-64-16_map-_home_max_Documents_PhD_MAPF_LNS_MAPF_LNS_SAT_mapf-scen-even_scen-even_room-64-64-16-even-1_scen-agents50-idx3-seed42-1760998138820,0,0,5,0.001371,1,2,150,152,1,3,26,10,0.000000,0.013000,0.045000,0.027000,0.002291,1
_home_max_Documents_PhD_MAPF_LNS_MAPF_LNS_SAT_mapf-map_room-64-64-16_map-_home_max_Documents_PhD_MAPF_LNS_MAPF_LNS_SAT_mapf-scen-even_scen-even_room-64-64-16-even-1_scen-agents50-idx3-seed42-1760998138820,0,0,5,0.001371,1,3,151,153,1,2,26,11,0.000000,0.017000,0.040000,0.025000,0.001934,1
_home_max_Documents_PhD_MAPF_LNS_MAPF_LNS_SAT_mapf-map_room-64-64-16_map-_home_max_Documents_PhD_MAPF_LNS_MAPF_LNS_SAT_mapf-scen-even_scen-even_room-64-64-16-even-1_scen-agents50-idx3-seed42-1760998138820,0,0,4,0.001097,1,2,152,154,1,4,22,9,0.000000,0.012000,0.049000,0.028000,0.002081,1
_home_max_Documents_PhD_MAPF_LNS_MAPF_LNS_SAT_mapf-map_room-64-64-16_map-_home_max_Documents_PhD_MAPF_LNS_MAPF_LNS_SAT_mapf-scen-even_scen-even_room-64-64-16-even-1_scen-agents50-idx3-seed42-1760998138820,0,0,4,0.001097,1,2,159,161,1,2,20,9,0.000000,0.013000,0.033000,0.021000,0.001474,1
_home_max_Documents_PhD_MAPF_LNS_MAPF_LNS_SAT_mapf-map_room-64-64-16_map-_home_max_Documents_PhD_MAPF_LNS_MAPF_LNS_SAT_mapf-scen-even_scen-even_room-64-64-16-even-1_scen-agents50-idx3-seed42-1760998138820,0,0,5,0.001371,1,2,160,162,1,2,25,10,0.000000,0.014000,0.039000,0.026000,0.001995,1
_home_max_Documents_PhD_MAPF_LNS_MAPF_LNS_SAT_mapf-map_room-64-64-16_map-_home_max_Documents_PhD_MAPF_LNS_MAPF_LNS_SAT_mapf-scen-even_scen-even_room-64-64-16-even-1_scen-agents50-idx3-seed42-1760998138820,0,0,8,0.002194,2,3,178,181,1,3,85,30,0.000000,0.044000,0.086000,0.063000,0.006215,1
_home_max_Documents_PhD_MAPF_LNS_MAPF_LNS_SAT_mapf-map_room-64-64-16_map-_home_max_Documents_PhD_MAPF_LNS_MAPF_LNS_SAT_mapf-scen-even_scen-even_room-64-64-16-even-1_scen-agents50-idx4-seed42-1760998143637,0,0,86,0.023587,50,14,3,34,3,6,4733,1795,0.001000,2.689000,2.285000,1.941000,0.131921,1
_home_max_Documents_PhD_MAPF_LNS_MAPF_LNS_SAT_mapf-map_room-64-64-16_map-_home_max_Documents_PhD_MAPF_LNS_MAPF_LNS_SAT_mapf-scen-even_scen-even_room-64-64-16-even-1_scen-agents50-idx4-seed42-1760998143637,0,0,4,0.001097,1,3,4,6,3,5,72,35,0.000000,0.026000,0.079000,0.060000,0.002739,0
_home_max_Documents_PhD_MAPF_LNS_MAPF_LNS_SAT_mapf-map_room-64-64-16_map-_home_max_Documents_PhD_MAPF_LNS_MAPF_LNS_SAT_mapf-scen-even_scen-even_room-64-64-16-even-1_scen-agents50-idx4-seed42-1760998143637,0,1,10,0.002743,1,3,3,7,1,2,31,16,0.000000,0.011000,0.042000,0.026000,0.001787,1
_home_max_Documents_PhD_MAPF_LNS_MAPF_LNS_SAT_mapf-map_room-64-64-16_map-_home_max_Documents_PhD_MAPF_LNS_MAPF_LNS_SAT_mapf-scen-even_scen-even_room-64-64-16-even-1_scen-agents50-idx4-seed42-1760998143637,0,0,5,0.001371,1,2,5,7,1,1,24,10,0.000000,0.009000,0.031000,0.024000,0.002419,1
_home_max_Documents_PhD_MAPF_LNS_MAPF_LNS_SAT_mapf-map_room-64-64-16_map-_home_max_Documents_PhD_MAPF_LNS_MAPF_LNS_SAT_mapf-scen-even_scen-even_room-64-64-16-even-1_scen-agents50-idx4-seed42-1760998143637,0,0,5,0.001371,1,2,6,8,2,3,28,15,0.000000,0.011000,0.043000,0.029000,0.002342,1
_home_max_Documents_PhD_MAPF_LNS_MAPF_LNS_SAT_mapf-map_room-64-64-16_map-_home_max_Documents_PhD_MAPF_LNS_MAPF_LNS_SAT_mapf-scen-even_scen-even_room-64-64-16-even-1_scen-agents50-idx4-seed42-1760998143637,0,0,8,0.002194,1,3,7,9,1,1,13,8,0.000000,0.006000,0.020000,0.014000,0.000978,1
_home_max_Documents_PhD_MAPF_LNS_MAPF_LNS_SAT_mapf-map_room-64-64-16_map-_home_max_Documents_PhD_MAPF_LNS_MAPF_LNS_SAT_mapf-scen-even_scen-even_room-64-64-16-even-1_scen-agents50-idx4-seed42-1760998143637,0,0,5,0.001371,1,2,11,13,2,3,28,15,0.000000,0.011000,0.043000,0.029000,0.002029,1
_home_max_Documents_PhD_MAPF_LNS_MAPF_LNS_SAT_mapf-map_room-64-64-16_map-_home_max_Documents_PhD_MAPF_LNS_MAPF_LNS_SAT_mapf-scen-even_scen-even_room-64-64-16-even-1_scen-agents50-idx4-seed42-1760998143637,0,0,11,0.003017,5,3,12,18,2,3,110,53,0.000000,0.045000,0.105000,0.081000,0.012607,1
_home_max_Documents_PhD_MAPF_LNS_MAPF_LNS_SAT_mapf-map_room-64-64-16_map-_home_max_Documents_PhD_MAPF_LNS_MAPF_LNS_SAT_mapf-scen-even_scen-even_room-64-64-16-even-1_scen-agents50-idx4-seed42-1760998143637,0,0,15,0.004114,7,3,13,19,4,7,775,227,0.000000,0.225000,0.426000,0.381000,0.017805,0
_home_max_Documents_PhD_MAPF_LNS_MAPF_LNS_SAT_mapf-map_room-64-64-16_map-_home_max_Documents_PhD_MAPF_LNS_MAPF_LNS_SAT_mapf-scen-even_scen-even_room-64-64-16-even-1_scen-agents50-idx4-seed42-1760998143637,0,1,29,0.007954,7,3,12,20,3,7,551,183,0.000000,0.168000,0.370000,0.307000,0.039100,1
_home_max_Documents_PhD_MAPF_LNS_MAPF_LNS_SAT_mapf-map_room-64-64-16_map-_home_max_Documents_PhD_MAPF_LNS_MAPF_LNS_SAT_mapf-scen-even_scen-even_room-64-64-16-even-1_scen-agents50-idx4-seed42-1760998143637,0,0,9,0.002468,2,3,14,16,5,19,1392,352,0.000000,0.425000,1.005000,0.798000,0.137803,1
_home_max_Documents_PhD_MAPF_LNS_MAPF_LNS_SAT_mapf-map_room-64-64-16_map-_home_max_Documents_PhD_MAPF_LNS_MAPF_LNS_SAT_mapf-scen-even_scen-even_room-64-64-16-even-1_scen-agents50-idx4-seed42-1760998143637,0,0,8,0.002194,1,2,22,24,3,5,132,51,0.000000,0.050000,0.101000,0.082000,0.001890,0
_home_max_Documents_PhD_MAPF_LNS_MAPF_LNS_SAT_mapf-map_room-64-64-16_map-_home_max_Documents_PhD_MAPF_LNS_MAPF_LNS_SAT_mapf-scen-even_scen-even_room-64-64-16-even-1_scen-agents50-idx4-seed42-1760998143637,0,1,16,0.004388,1,5,21,25,2,3,83,45,0.000000,0.044000,0.080000,0.058000,0.003770,1
_home_max_Documents_PhD_MAPF_LNS_MAPF_LNS_SAT_mapf-map_room-64-64-16_map-_home_max_Documents_PhD_MAPF_LNS_MAPF_LNS_SAT_mapf-scen-even_scen-even_room-64-64-16-even-1_scen-agents50-idx4-seed42-1760998143637,0,0,5,0.001371,1,2,23,25,2,3,28,15,0.000000,0.011000,0.041000,0.028000,0.002042,1
_home_max_Documents_PhD_MAPF_LNS_MAPF_LNS_SAT_mapf-map_room-64-64-16_map-_home_max_Documents_PhD_MAPF_LNS_MAPF_LNS_SAT_mapf-scen-even_scen-even_room-64-64-16-even-1_scen-agents50-idx4-seed42-1760998143637,0,0,11,0.003017,2,3,29,32,4,7,517,134,0.000000,0.159000,0.299000,0.269000,0.009230,0
_home_max_Documents_PhD_MAPF_LNS_MAPF_LNS_SAT_mapf-map_room-64-64-16_map-_home_max_Documents_PhD_MAPF_LNS_MAPF_LNS_SAT_mapf-scen-even_scen-even_room-64-64-16-even-1_scen-agents50-idx4-seed42-1760998143637,0,1,23,0.006308,2,4,28,33,3,6,302,103,0.000000,0.109000,0.220000,0.175000,0.020094,1
_home_max_Documents_PhD_MAPF_LNS_MAPF_LNS_SAT_mapf-map_room-64-64-16_map-_home_max_Documents_PhD_MAPF_LNS_MAPF_LNS_SAT_mapf-scen-even_scen-even_room-64-64-16-even-1_scen-agents50-idx4-seed42-1760998143637,0,0,9,0.002468,1,2,33,35,4,7,248,92,0.000000,0.091000,0.201000,0.166000,0.014307,1
_home_max_Documents_PhD_MAPF_LNS_MAPF_LNS_SAT_mapf-map_room-64-64-16_map-_home_max_Documents_PhD_MAPF_LNS_MAPF_LNS_SAT_mapf-scen-even_scen-even_room-64-64-16-even-1_scen-agents50-idx4-seed42-1760998143637,0,0,8,0.002194,1,2,36,38,3,7,126,46,0.000000,0.048000,0.135000,0.097000,0.007723,1
_home_max_Documents_PhD_MAPF_LNS_MAPF_LNS_SAT_mapf-map_room-64-64-16_map-_home_max_Documents_PhD_MAPF_LNS_MAPF_LNS_SAT_mapf-scen-even_scen-even_room-64-64-16-even-1_scen-agents50-idx4-seed42-1760998143637,0,0,5,0.001371,1,2,39,41,2,3,28,15,0.000000,0.013000,0.042000,0.028000,0.002039,1
_home_max_Documents_PhD_MAPF_LNS_MAPF_LNS_SAT_mapf-map_room-64-64-16_map-_home_max_Documents_PhD_MAPF_LNS_MAPF_LNS_SAT_mapf-scen-even_scen-even_room-64-64-16-even-1_scen-agents50-idx4-seed42-1760998143637,0,0,5,0.001371,1,3,41,43,1,5,29,11,0.000000,0.011000,0.064000,0.036000,0.002960,1
_home_max_Documents_PhD_MAPF_LNS_MAPF_LNS_SAT_mapf-map_room-64-64-16_map-_home_max_Documents_PhD_MAPF_LNS_MAPF_LNS_SAT_mapf-scen-even_scen-even_room-64-64-16-even-1_scen-agents50-idx4-seed42-1760998143637,0,0,8,0.002194,1,2,42,44,3,7,118,42,0.000000,0.042000,0.126000,0.091000,0.009363,1
_home_max_Documents_PhD_MAPF_LNS_MAPF_LNS_SAT_mapf-map_room-64-64-16_map-_home_max_Documents_PhD_MAPF_LNS_MAPF_LNS_SAT_mapf-scen-even_scen-even_room-64-64-16-even-1_scen-agents50-idx4-seed42-1760998143637,0,0,9,0.002468,2,3,44,47,4,8,328,112,0.000000,0.115000,0.254000,0.211000,0.025362,1
_home_max_Documents_PhD_MAPF_LNS_MAPF_LNS_SAT_mapf-map_room-64-64-16_map-_home_max_Documents_PhD_MAPF_LNS_MAPF_LNS_SAT_mapf-scen-even_scen-even_room-64-64-16-even-1_scen-agents50-idx4-seed42-1760998143637,0,0,5,0.001371,1,2,45,47,4,7,197,78,0.000000,0.087000,0.154000,0.126000,0.005730,0
_home_max_Documents_PhD_MAPF_LNS_MAPF_LNS_SAT_mapf-map_room-64-64-16_map-_home_max_Documents_PhD_MAPF_LNS_MAPF_LNS_SAT_mapf-scen-even_scen-even_room-64-64-16-even-1_scen-agents50-idx4-seed42-1760998143637,0,1,11,0.003017,1,3,44,48,6,16,3647,769,0.000000,1.241000,1.784000,1.639000,0.120020,0
_home_max_Documents_PhD_MAPF_LNS_MAPF_LNS_SAT_mapf-map_room-64-64-16_map-_home_max_Documents_PhD_MAPF_LNS_MAPF_LNS_SAT_mapf-scen-even_scen-even_room-64-64-16-even-1_scen-agents50-idx4-seed42-1760998143637,0,2,22,0.006034,1,5,43,49,5,17,3926,681,0.000000,1.356000,2.092000,1.878000,0.259529,1
_home_max_Documents_PhD_MAPF_LNS_MAPF_LNS_SAT_mapf-map_room-64-64-16_map-_home_max_Documents_PhD_MAPF_LNS_MAPF_LNS_SAT_mapf-scen-even_scen-even_room-64-64-16-even-1_scen-agents50-idx4-seed42-1760998143637,0,0,5,0.001371,1,4,47,49,4,7,245,104,0.000000,0.139000,0.185000,0.148000,0.006976,0
_home_max_Documents_PhD_MAPF_LNS_MAPF_LNS_SAT_mapf-map_room-64-64-16_map-_home_max_Documents_PhD_MAPF_LNS_MAPF_LNS_SAT_mapf-scen-even_scen-even_room-64-64-16-even-1_scen-agents50-idx4-seed42-1760998143637,0,1,10,0.002743,1,7,46,50,1,1,39,23,0.000000,0.035000,0.034000,0.023000,0.000903,1
_home_max_Documents_PhD_MAPF_LNS_MAPF_LNS_SAT_mapf-map_room-64-64-16_map-_home_max_Documents_PhD_MAPF_LNS_MAPF_LNS_SAT_mapf-scen-even_scen-even_room-64-64-16-even-1_scen-agents50-idx4-seed42-1760998143637,0,0,5,0.001371,1,2,47,49,1,1,24,10,0.000000,0.010000,0.027000,0.021000,0.001552,1
_home_max_Documents_PhD_MAPF_LNS_MAPF_LNS_SAT_mapf-map_room-64-64-16_map-_home_max_Documents_PhD_MAPF_LNS_MAPF_LNS_SAT_mapf-scen-even_scen-even_room-64-64-16-even-1_scen-agents50-idx4-seed42-1760998143637,0,0,5,0.001371,1,2,49,51,4,7,238,90,0.000000,0.105000,0.173000,0.146000,0.006583,0
_home_max_Documents_PhD_MAPF_LNS_MAPF_LNS_SAT_mapf-map_room-64-64-16_map-_home_max_Documents_PhD_MAPF_LNS_MAPF_LNS_SAT_mapf-scen-even_scen-even_room-64-64-16-even-1_scen-agents50-idx4-seed42-1760998143637,0,1,22,0.006034,3,7,48,53,1,4,111,55,0.000000,0.072000,0.134000,0.081000,0.014334,1
_home_max_Documents_PhD_MAPF_LNS_MAPF_LNS_SAT_mapf-map_room-64-64-16_map-_home_max_Documents_PhD_MAPF_LNS_MAPF_LNS_SAT_mapf-scen-even_scen-even_room-64-64-16-even-1_scen-agents50-idx4-seed42-1760998143637,0,0,5,0.001371,1,2,51,53,2,3,28,15,0.000000,0.014000,0.042000,0.028000,0.002011,1
_home_max_Documents_PhD_MAPF_LNS_MAPF_LNS_SAT_mapf-map_room-64-64-16_map-_home_max_Documents_PhD_MAPF_LNS_MAPF_LNS_SAT_mapf-scen-even_scen-even_room-64-64-16-even-1_scen-agents50-idx4-seed42-1760998143637,0,0,8,0.002194,2,8,54,57,12,27,49267,11007,0.004000,27.237000,34.406000,33.128000,1.067170,0
_home_max_Documents_PhD_MAPF_LNS_MAPF_LNS_SAT_mapf-map_room-64-64-16_map-_home_max_Documents_PhD_MAPF_LNS_MAPF_LNS_SAT_mapf-scen-even_scen-even_room-64-64-16-even-1_scen-agents50-idx4-seed42-1760998143637,0,1,14,0.003840,2,8,53,58,7,19,11774,2261,0.004000,5.266000,5.868000,5.356000,0.452801,1
_home_max_Documents_PhD_MAPF_LNS_MAPF_LNS_SAT_mapf-map_room-64-64-16_map-_home_max_Documents_PhD_MAPF_LNS_MAPF_LNS_SAT_mapf-scen-even_scen-even_room-64-64-16-even-1_scen-agents50-idx4-seed42-1760998143637,0,0,9,0.002468,1,2,60,62,3,7,94,38,0.002000,0.052000,0.166000,0.113000,0.018305,1
_home_max_Documents_PhD_MAPF_LNS_MAPF_LNS_SAT_mapf-map_room-64-64-16_map-_home_max_Documents_PhD_MAPF_LNS_MAPF_LNS_SAT_mapf-scen-even_scen-even_room-64-64-16-even-1_scen-agents50-idx4-seed42-1760998143637,0,0,5,0.001371,5,6,66,72,1,3,111,42,0.001000,0.079000,0.126000,0.086000,0.010639,1
_home_max_Documents_PhD_MAPF_LNS_MAPF_LNS_SAT_mapf-map_room-64-64-16_map-_home_max_Documents_PhD_MAPF_LNS_MAPF_LNS_SAT_mapf-scen-even_scen-even_room-64-64-16-even-1_scen-agents50-idx4-seed42-1760998143637,0,0,9,0.002468,3,6,69,72,6,40,3033,723,0.002000,1.335000,2.667000,2.030000,0.560875,1
_home_max_Documents_PhD_MAPF_LNS_MAPF_LNS_SAT_mapf-map_room-64-64-16_map-_home_max_Documents_PhD_MAPF_LNS_MAPF_LNS_SAT_mapf-scen-even_scen-even_room-64-64-16-even-1_scen-agents50-idx4-seed42-1760998143637,0,0,5,0.001371,1,2,70,72,2,3,28,15,0.000000,0.018000,0.059000,0.038000,0.004164,1
_home_max_Documents_PhD_MAPF_LNS_MAPF_LNS_SAT_mapf-map_room-64-64-16_map-_home_max_Documents_PhD_MAPF_LNS_MAPF_LNS_SAT_mapf-scen-even_scen-even_room-64-64-16-even-1_scen-agents50-idx4-seed42-1760998143637,0,0,5,0.001371,3,4,76,80,1,2,67,26,0.000000,0.038000,0.070000,0.050000,0.004891,1
_home_max_Documents_PhD_MAPF_LNS_MAPF_LNS_SAT_mapf-map_room-64-64-16_map-_home_max_Documents_PhD_MAPF_LNS_MAPF_LNS_SAT_mapf-scen-even_scen-even_room-64-64-16-even-1_scen-agents50-idx4-seed42-1760998143637,0,0,5,0.001371,1,3,84,86,1,1,25,11,0.000000,0.014000,0.032000,0.026000,0.001643,1
_home_max_Documents_PhD_MAPF_LNS_MAPF_LNS_SAT_mapf-map_room-64-64-16_map-_home_max_Documents_PhD_MAPF_LNS_MAPF_LNS_SAT_mapf-scen-even_scen-even_room-64-64-16-even-1_scen-agents50-idx4-seed42-1760998143637,0,0,5,0.001371,1,2,86,88,1,2,25,10,0.000000,0.011000,0.039000,0.025000,0.002150,1
_home_max_Documents_PhD_MAPF_LNS_MAPF_LNS_SAT_mapf-map_room-64-64-16_map-_home_max_Documents_PhD_MAPF_LNS_MAPF_LNS_SAT_mapf-scen-even_scen-even_room-64-64-16-even-1_scen-agents50-idx4-seed42-1760998143637,0,0,5,0.001371,1,3,86,88,1,1,25,11,0.000000,0.014000,0.028000,0.022000,0.001387,1
_home_max_Documents_PhD_MAPF_LNS_MAPF_LNS_SAT_mapf-map_room-64-64-16_map-_home_max_Documents_PhD_MAPF_LNS_MAPF_LNS_SAT_mapf-scen-even_scen-even_room-64-64-16-even-1_scen-agents50-idx4-seed42-1760998143637,0,0,8,0.002194,1,3,89,91,3,5,126,49,0.000000,0.075000,0.114000,0.087000,0.005879,1
_home_max_Documents_PhD_MAPF_LNS_MAPF_LNS_SAT_mapf-map_room-64-64-16_map-_home_max_Documents_PhD_MAPF_LNS_MAPF_LNS_SAT_mapf-scen-even_scen-even_room-64-64-16-even-1_scen-agents50-idx4-seed42-1760998143637,0,0,4,0.001097,1,2,99,101,1,4,22,9,0.000000,0.011000,0.050000,0.029000,0.002402,1
_home_max_Documents_PhD_MAPF_LNS_MAPF_LNS_SAT_mapf-map_room-64-64-16_map-_home_max_Documents_PhD_MAPF_LNS_MAPF_LNS_SAT_mapf-scen-even_scen-even_room-64-64-16-even-1_scen-agents50-idx4-seed42-1760998143637,0,0,4,0.001097,1,2,108,110,1,4,22,9,0.000000,0.011000,0.049000,0.029000,0.002161,1
_home_max_Documents_PhD_MAPF_LNS_MAPF_LNS_SAT_mapf-map_room-64-64-16_map-_home_max_Documents_PhD_MAPF_LNS_MAPF_LNS_SAT_mapf-scen-even_scen-even_room-64-64-16-even-1_scen-agents50-idx4-seed42-1760998143637,0,0,5,0.001371,1,2,117,119,1,1,24,10,0.000000,0.012000,0.026000,0.021000,0.001642,1
_home_max_Documents_PhD_MAPF_LNS_MAPF_LNS_SAT_mapf-map_room-64-64-16_map-_home_max_Documents_PhD_MAPF_LNS_MAPF_LNS_SAT_mapf-scen-even_scen-even_room-64-64-16-even-1_scen-agents50-idx4-seed42-1760998143637,0,0,5,0.001371,1,2,133,135,1,1,24,10,0.000000,0.012000,0.026000,0.021000,0.001350,1
_home_max_Documents_PhD_MAPF_LNS_MAPF_LNS_SAT_mapf-map_room-64-64-16_map-_home_max_Documents_PhD_MAPF_LNS_MAPF_LNS_SAT_mapf-scen-even_scen-even_room-64-64-16-even-1_scen-agents50-idx4-seed42-1760998143637,0,0,5,0.001371,1,2,135,137,1,1,24,10,0.000000,0.013000,0.027000,0.021000,0.001455,1
_home_max_Documents_PhD_MAPF_LNS_MAPF_LNS_SAT_mapf-map_room-64-64-16_map-_home_max_Documents_PhD_MAPF_LNS_MAPF_LNS_SAT_mapf-scen-even_scen-even_room-64-64-16-even-1_scen-agents50-idx4-seed42-1760998143637,0,0,5,0.001371,1,2,153,155,1,1,24,10,0.000000,0.013000,0.026000,0.021000,0.001621,1
_home_max_Documents_PhD_MAPF_LNS_MAPF_LNS_SAT_mapf-map_room-64-64-16_map-_home_max_Documents_PhD_MAPF_LNS_MAPF_LNS_SAT_mapf-scen-even_scen-even_room-64-64-16-even-1_scen-agents50-idx4-seed42-1760998143637,0,0,5,0.001371,1,2,156,158,1,2,25,10,0.000000,0.014000,0.038000,0.025000,0.002016,1
_home_max_Documents_PhD_MAPF_LNS_MAPF_LNS_SAT_mapf-map_room-64-64-16_map-_home_max_Documents_PhD_MAPF_LNS_MAPF_LNS_SAT_mapf-scen-even_scen-even_room-64-64-16-even-1_scen-agents50-idx4-seed42-1760998143637,0,0,5,0.001371,1,2,156,158,1,1,24,10,0.000000,0.013000,0.026000,0.020000,0.001333,1
_home_max_Documents_PhD_MAPF_LNS_MAPF_LNS_SAT_mapf-map_room-64-64-16_map-_home_max_Documents_PhD_MAPF_LNS_MAPF_LNS_SAT_mapf-scen-even_scen-even_room-64-64-16-even-1_scen-agents50-idx4-seed42-1760998143637,0,0,5,0.001371,1,2,159,161,1,2,25,10,0.000000,0.014000,0.037000,0.025000,0.002025,1
_home_max_Documents_PhD_MAPF_LNS_MAPF_LNS_SAT_mapf-map_room-64-64-16_map-_home_max_Documents_PhD_MAPF_LNS_MAPF_LNS_SAT_mapf-scen-even_scen-even_room-64-64-16-even-1_scen-agents50-idx4-seed42-1760998143637,0,0,5,0.001371,1,2,172,174,1,1,24,10,0.000000,0.014000,0.027000,0.021000,0.001461,1
_home_max_Documents_PhD_MAPF_LNS_MAPF_LNS_SAT_mapf-map_room-64-64-16_map-_home_max_Documents_PhD_MAPF_LNS_MAPF_LNS_SAT_mapf-scen-even_scen-even_room-64-64-16-even-1_scen-agents50-idx5-seed42-1760998144239,0,0,18,0.004937,7,5,4,10,3,5,419,167,0.000000,0.153000,0.312000,0.257000,0.030972,1
_home_max_Documents_PhD_MAPF_LNS_MAPF_LNS_SAT_mapf-map_room-64-64-16_map-_home_max_Documents_PhD_MAPF_LNS_MAPF_LNS_SAT_mapf-scen-even_scen-even_room-64-64-16-even-1_scen-agents50-idx5-seed42-1760998144239,0,0,30,0.008228,16,6,8,19,4,7,2415,558,0.000000,0.710000,1.137000,1.050000,0.057515,1
_home_max_Documents_PhD_MAPF_LNS_MAPF_LNS_SAT_mapf-map_room-64-64-16_map-_home_max_Documents_PhD_MAPF_LNS_MAPF_LNS_SAT_mapf-scen-even_scen-even_room-64-64-16-even-1_scen-agents50-idx5-seed42-1760998144239,0,0,5,0.001371,1,2,13,15,4,7,179,68,0.000000,0.062000,0.148000,0.122000,0.006381,0
_home_max_Documents_PhD_MAPF_LNS_MAPF_LNS_SAT_mapf-map_room-64-64-16_map-_home_max_Documents_PhD_MAPF_LNS_MAPF_LNS_SAT_mapf-scen-even_scen-even_room-64-64-16-even-1_scen-agents50-idx5-seed42-1760998144239,0,1,11,0.003017,1,2,12,16,5,10,1006,232,0.000000,0.294000,0.555000,0.506000,0.031597,0
_home_max_Documents_PhD_MAPF_LNS_MAPF_LNS_SAT_mapf-map_room-64-64-16_map-_home_max_Documents_PhD_MAPF_LNS_MAPF_LNS_SAT_mapf-scen-even_scen-even_room-64-64-16-even-1_scen-agents50-idx5-seed42-1760998144239,0,2,20,0.005485,1,3,11,17,3,7,234,88,0.000000,0.089000,0.209000,0.160000,0.022725,1
_home_max_Documents_PhD_MAPF_LNS_MAPF_LNS_SAT_mapf-map_room-64-64-16_map-_home_max_Documents_PhD_MAPF_LNS_MAPF_LNS_SAT_mapf-scen-even_scen-even_room-64-64-16-even-1_scen-agents50-idx5-seed42-1760998144239,0,0,8,0.002194,1,2,15,17,3,7,118,42,0.000000,0.040000,0.128000,0.094000,0.009535,1
_home_max_Documents_PhD_MAPF_LNS_MAPF_LNS_SAT_mapf-map_room-64-64-16_map-_home_max_Documents_PhD_MAPF_LNS_MAPF_LNS_SAT_mapf-scen-even_scen-even_room-64-64-16-even-1_scen-agents50-idx5-seed42-1760998144239,0,0,11,0.003017,2,4,19,22,3,6,207,78,0.000000,0.079000,0.178000,0.137000,0.012102,1
_home_max_Documents_PhD_MAPF_LNS_MAPF_LNS_SAT_mapf-map_room-64-64-16_map-_home_max_Documents_PhD_MAPF_LNS_MAPF_LNS_SAT_mapf-scen-even_scen-even_room-64-64-16-even-1_scen-agents50-idx5-seed42-1760998144239,0,0,7,0.001920,1,3,20,22,1,1,24,13,0.000000,0.011000,0.029000,0.022000,0.001582,1
_home_max_Documents_PhD_MAPF_LNS_MAPF_LNS_SAT_mapf-map_room-64-64-16_map-_home_max_Documents_PhD_MAPF_LNS_MAPF_LNS_SAT_mapf-scen-even_scen-even_room-64-64-16-even-1_scen-agents50-idx5-seed42-1760998144239,0,0,9,0.002468,1,2,21,23,10,23,16734,3537,0.001000,5.671000,8.825000,8.411000,0.291691,0
_home_max_Documents_PhD_MAPF_LNS_MAPF_LNS_SAT_mapf-map_room-64-64-16_map-_home_max_Documents_PhD_MAPF_LNS_MAPF_LNS_SAT_mapf-scen-even_scen-even_room-64-64-16-even-1_scen-agents50-idx5-seed42-1760998144239,0,1,19,0.005211,1,2,20,24,4,14,613,174,0.000000,0.207000,0.492000,0.389000,0.062125,1
_home_max_Documents_PhD_MAPF_LNS_MAPF_LNS_SAT_mapf-map_room-64-64-16_map-_home_max_Documents_PhD_MAPF_LNS_MAPF_LNS_SAT_mapf-scen-even_scen-even_room-64-64-16-even-1_scen-agents50-idx5-seed42-1760998144239,0,0,9,0.002468,5,3,23,27,10,46,25672,5136,0.000000,8.203000,22.564000,20.519000,5.913724,0
_home_max_Documents_PhD_MAPF_LNS_MAPF_LNS_SAT_mapf-map_room-64-64-16_map-_home_max_Documents_PhD_MAPF_LNS_MAPF_LNS_SAT_mapf-scen-even_scen-even_room-64-64-16-even-1_scen-agents50-idx5-seed42-1760998144239,0,1,19,0.005211,5,5,22,28,7,40,16568,2334,0.000000,4.409000,9.126000,8.114000,1.716015,1
_home_max_Documents_PhD_MAPF_LNS_MAPF_LNS_SAT_mapf-map_room-64-64-16_map-_home_max_Documents_PhD_MAPF_LNS_MAPF_LNS_SAT_mapf-scen-even_scen-even_room-64-64-16-even-1_scen-agents50-idx5-seed42-1760998144239,0,0,5,0.001371,1,2,26,28,2,3,28,15,0.000000,0.014000,0.046000,0.032000,0.002678,1
_home_max_Documents_PhD_MAPF_LNS_MAPF_LNS_SAT_mapf-map_room-64-64-16_map-_home_max_Documents_PhD_MAPF_LNS_MAPF_LNS_SAT_mapf-scen-even_scen-even_room-64-64-16-even-1_scen-agents50-idx5-seed42-1760998144239,0,0,8,0.002194,2,4,27,30,1,2,22,12,0.000000,0.014000,0.046000,0.028000,0.002717,1
_home_max_Documents_PhD_MAPF_LNS_MAPF_LNS_SAT_mapf-map_room-64-64-16_map-_home_max_Documents_PhD_MAPF_LNS_MAPF_LNS_SAT_mapf-scen-even_scen-even_room-64-64-16-even-1_scen-agents50-idx5-seed42-1760998144239,0,0,9,0.002468,1,2,28,30,3,7,97,40,0.000000,0.035000,0.132000,0.095000,0.009679,1
_home_max_Documents_PhD_MAPF_LNS_MAPF_LNS_SAT_mapf-map_room-64-64-16_map-_home_max_Documents_PhD_MAPF_LNS_MAPF_LNS_SAT_mapf-scen-even_scen-even_room-64-64-16-even-1_scen-agents50-idx5-seed42-1760998144239,0,0,9,0.002468,1,2,32,34,3,7,94,38,0.000000,0.034000,0.117000,0.083000,0.009006,1
_home_max_Documents_PhD_MAPF_LNS_MAPF_LNS_SAT_mapf-map_room-64-64-16_map-_home_max_Documents_PhD_MAPF_LNS_MAPF_LNS_SAT_mapf-scen-even_scen-even_room-64-64-16-even-1_scen-agents50-idx5-seed42-1760998144239,0,0,8,0.002194,1,3,33,35,2,4,37,20,0.000000,0.018000,0.059000,0.037000,0.003927,1
_home_max_Documents_PhD_MAPF_LNS_MAPF_LNS_SAT_mapf-map_room-64-64-16_map-_home_max_Documents_PhD_MAPF_LNS_MAPF_LNS_SAT_mapf-scen-even_scen-even_room-64-64-16-even-1_scen-agents50-idx5-seed42-1760998144239,0,0,9,0.002468,3,4,37,41,2,3,66,34,0.000000,0.038000,0.067000,0.047000,0.002764,1
_home_max_Documents_PhD_MAPF_LNS_MAPF_LNS_SAT_mapf-map_room-64-64-16_map-_home_max_Documents_PhD_MAPF_LNS_MAPF_LNS_SAT_mapf-scen-even_scen-even_room-64-64-16-even-1_scen-agents50-idx5-seed42-1760998144239,0,0,5,0.001371,1,2,41,43,1,3,26,10,0.000000,0.011000,0.049000,0.030000,0.002830,1
_home_max_Documents_PhD_MAPF_LNS_MAPF_LNS_SAT_mapf-map_room-64-64-16_map-_home_max_Documents_PhD_MAPF_LNS_MAPF_LNS_SAT_mapf-scen-even_scen-even_room-64-64-16-even-1_scen-agents50-idx5-seed42-1760998144239,0,0,4,0.001097,1,3,44,46,3,5,90,45,0.000000,0.051000,0.082000,0.062000,0.001813,0
_home_max_Documents_PhD_MAPF_LNS_MAPF_LNS_SAT_mapf-map_room-64-64-16_map-_home_max_Documents_PhD_MAPF_LNS_MAPF_LNS_SAT_mapf-scen-even_scen-even_room-64-64-16-even-1_scen-agents50-idx5-seed42-1760998144239,0,1,9,0.002468,1,5,43,47,7,13,3677,959,0.000000,1.770000,1.736000,1.611000,0.061148,0
_home_max_Documents_PhD_MAPF_LNS_MAPF_LNS_SAT_mapf-map_room-64-64-16_map-_home_max_Documents_PhD_MAPF_LNS_MAPF_LNS_SAT_mapf-scen-even_scen-even_room-64-64-16-even-1_scen-agents50-idx5-seed42-1760998144239,0,2,15,0.004114,1,6,42,48,3,6,295,140,0.000000,0.198000,0.235000,0.169000,0.014481,1
_home_max_Documents_PhD_MAPF_LNS_MAPF_LNS_SAT_mapf-map_room-64-64-16_map-_home_max_Documents_PhD_MAPF_LNS_MAPF_LNS_SAT_mapf-scen-even_scen-even_room-64-64-16-even-1_scen-agents50-idx5-seed42-1760998144239,0,0,9,0.002468,2,4,48,51,4,11,513,162,0.000000,0.180000,0.434000,0.349000,0.044757,1
_home_max_Documents_PhD_MAPF_LNS_MAPF_LNS_SAT_mapf-map_room-64-64-16_map-_home_max_Documents_PhD_MAPF_LNS_MAPF_LNS_SAT_mapf-scen-even_scen-even_room-64-64-16-even-1_scen-agents50-idx5-seed42-1760998144239,0,0,5,0.001371,1,2,48,50,1,2,25,10,0.000000,0.011000,0.039000,0.027000,0.002195,1
_home_max_Documents_PhD_MAPF_LNS_MAPF_LNS_SAT_mapf-map_room-64-64-16_map-_home_max_Documents_PhD_MAPF_LNS_MAPF_LNS_SAT_mapf-scen-even_scen-even_room-64-64-16-even-1_scen-agents50-idx5-seed42-1760998144239,0,0,8,0.002194,2,4,51,54,2,5,59,32,0.000000,0.040000,0.089000,0.051000,0.003336,1
_home_max_Documents_PhD_MAPF_LNS_MAPF_LNS_SAT_mapf-map_room-64-64-16_map-_home_max_Documents_PhD_MAPF_LNS_MAPF_LNS_SAT_mapf-scen-even_scen-even_room-64-64-16-even-1_scen-agents50-idx5-seed42-1760998144239,0,0,9,0.002468,3,4,53,57,4,7,613,197,0.000000,0.239000,0.368000,0.324000,0.013727,0
_home_max_Documents_PhD_MAPF_LNS_MAPF_LNS_SAT_mapf-map_room-64-64-16_map-_home_max_Documents_PhD_MAPF_LNS_MAPF_LNS_SAT_mapf-scen-even_scen-even_room-64-64-16-even-1_scen-agents50-idx5-seed42-1760998144239,0,1,19,0.005211,3,4,52,58,5,16,3679,684,0.000000,1.132000,2.048000,1.860000,0.292046,1
_home_max_Documents_PhD_MAPF_LNS_MAPF_LNS_SAT_mapf-map_room-64-64-16_map-_home_max_Documents_PhD_MAPF_LNS_MAPF_LNS_SAT_mapf-scen-even_scen-even_room-64-64-16-even-1_scen-agents50-idx5-seed42-1760998144239,0,0,32,0.008777,20,9,54,64,7,34,59837,5805,0.000000,20.376000,27.650000,26.497000,3.756646,0
_home_max_Documents_PhD_MAPF_LNS_MAPF_LNS_SAT_mapf-map_room-64-64-16_map-_home_max_Documents_PhD_MAPF_LNS_MAPF_LNS_SAT_mapf-scen-even_scen-even_room-64-64-16-even-1_scen-agents50-idx5-seed42-1760998144239,0,1,57,0.015634,20,10,53,65,6,31,101202,6823,0.002000,35.008000,44.414000,42.884000,3.886635,1
_home_max_Documents_PhD_MAPF_LNS_MAPF_LNS_SAT_mapf-map_room-64-64-16_map-_home_max_Documents_PhD_MAPF_LNS_MAPF_LNS_SAT_mapf-scen-even_scen-even_room-64-64-16-even-1_scen-agents50-idx5-seed42-1760998144239,0,0,5,0.001371,1,4,55,57,2,3,36,21,0.000000,0.035000,0.080000,0.053000,0.004454,1
_home_max_Documents_PhD_MAPF_LNS_MAPF_LNS_SAT_mapf-map_room-64-64-16_map-_home_max_Documents_PhD_MAPF_LNS_MAPF_LNS_SAT_mapf-scen-even_scen-even_room-64-64-16-even-1_scen-agents50-idx5-seed42-1760998144239,0,0,11,0.003017,3,8,56,59,4,8,955,294,0.001000,0.498000,0.672000,0.563000,0.049326,1
_home_max_Documents_PhD_MAPF_LNS_MAPF_LNS_SAT_mapf-map_room-64-64-16_map-_home_max_Documents_PhD_MAPF_LNS_MAPF_LNS_SAT_mapf-scen-even_scen-even_room-64-64-16-even-1_scen-agents50-idx5-seed42-1760998144239,0,0,5,0.001371,1,2,62,64,1,3,26,10,0.000000,0.015000,0.076000,0.050000,0.003815,1
_home_max_Documents_PhD_MAPF_LNS_MAPF_LNS_SAT_mapf-map_room-64-64-16_map-_home_max_Documents_PhD_MAPF_LNS_MAPF_LNS_SAT_mapf-scen-even_scen-even_room-64-64-16-even-1_scen-agents50-idx5-seed42-1760998144239,0,0,9,0.002468,2,3,64,67,3,6,201,76,0.000000,0.106000,0.225000,0.165000,0.016132,1
_home_max_Documents_PhD_MAPF_LNS_MAPF_LNS_SAT_mapf-map_room-64-64-16_map-_home_max_Documents_PhD_MAPF_LNS_MAPF_LNS_SAT_mapf-scen-even_scen-even_room-64-64-16-even-1_scen-agents50-idx5-seed42-1760998144239,0,0,12,0.003291,3,6,66,69,8,15,26596,4646,0.002000,12.110000,11.257000,10.784000,0.288820,0
_home_max_Documents_PhD_MAPF_LNS_MAPF_LNS_SAT_mapf-map_room-64-64-16_map-_home_max_Documents_PhD_MAPF_LNS_MAPF_LNS_SAT_mapf-scen-even_scen-even_room-64-64-16-even-1_scen-agents50-idx5-seed42-1760998144239,0,1,24,0.006583,3,7,65,70,11,22,367319,32866,0.009000,214.177000,158.697000,155.725000,4.357996,0
_home_max_Documents_PhD_MAPF_LNS_MAPF_LNS_SAT_mapf-map_room-64-64-16_map-_home_max_Documents_PhD_MAPF_LNS_MAPF_LNS_SAT_mapf-scen-even_scen-even_room-64-64-16-even-1_scen-agents50-idx5-seed42-1760998144239,0,2,41,0.011245,3,9,64,71,11,35,944418,52191,0.009000,689.754000,470.375000,461.965000,21.275293,1
_home_max_Documents_PhD_MAPF_LNS_MAPF_LNS_SAT_mapf-map_room-64-64-16_map-_home_max_Documents_PhD_MAPF_LNS_MAPF_LNS_SAT_mapf-scen-even_scen-even_room-64-64-16-even-1_scen-agents50-idx5-seed42-1760998144239,0,0,5,0.001371,1,2,67,69,1,2,25,10,0.000000,0.015000,0.053000,0.035000,0.005815,1
_home_max_Documents_PhD_MAPF_LNS_MAPF_LNS_SAT_mapf-map_room-64-64-16_map-_home_max_Documents_PhD_MAPF_LNS_MAPF_LNS_SAT_mapf-scen-even_scen-even_room-64-64-16-even-1_scen-agents50-idx5-seed42-1760998144239,0,0,4,0.001097,1,2,69,71,4,7,146,63,0.000000,0.076000,0.129000,0.103000,0.006642,0
_home_max_Documents_PhD_MAPF_LNS_MAPF_LNS_SAT_mapf-map_room-64-64-16_map-_home_max_Documents_PhD_MAPF_LNS_MAPF_LNS_SAT_mapf-scen-even_scen-even_room-64-64-16-even-1_scen-agents50-idx5-seed42-1760998144239,0,1,10,0.002743,1,2,68,72,3,6,156,62,0.000000,0.068000,0.148000,0.116000,0.014622,1
_home_max_Documents_PhD_MAPF_LNS_MAPF_LNS_SAT_mapf-map_room-64-64-16_map-_home_max_Documents_PhD_MAPF_LNS_MAPF_LNS_SAT_mapf-scen-even_scen-even_room-64-64-16-even-1_scen-agents50-idx5-seed42-1760998144239,0,0,5,0.001371,1,4,71,73,1,2,28,12,0.000000,0.016000,0.042000,0.027000,0.002188,1
_home_max_Documents_PhD_MAPF_LNS_MAPF_LNS_SAT_mapf-map_room-64-64-16_map-_home_max_Documents_PhD_MAPF_LNS_MAPF_LNS_SAT_mapf-scen-even_scen-even_room-64-64-16-even-1_scen-agents50-idx5-seed42-1760998144239,0,0,7,0.001920,1,2,74,76,3,7,99,40,0.000000,0.042000,0.120000,0.084000,0.009286,1
_home_max_Documents_PhD_MAPF_LNS_MAPF_LNS_SAT_mapf-map_room-64-64-16_map-_home_max_Documents_PhD_MAPF_LNS_MAPF_LNS_SAT_mapf-scen-even_scen-even_room-64-64-16-even-1_scen-agents50-idx5-seed42-1760998144239,0,0,4,0.001097,1,3,75,77,4,7,158,70,0.000000,0.084000,0.130000,0.102000,0.005312,0
_home_max_Documents_PhD_MAPF_LNS_MAPF_LNS_SAT_mapf-map_room-64-64-16_map-_home_max_Documents_PhD_MAPF_LNS_MAPF_LNS_SAT_mapf-scen-even_scen-even_room-64-64-16-even-1_scen-agents50-idx5-seed42-1760998144239,0,1,9,0.002468,1,4,74,78,4,10,467,158,0.000000,0.211000,0.368000,0.290000,0.042037,1
_home_max_Documents_PhD_MAPF_LNS_MAPF_LNS_SAT_mapf-map_room-64-64-16_map-_home_max_Documents_PhD_MAPF_LNS_MAPF_LNS_SAT_mapf-scen-even_scen-even_room-64-64-16-even-1_scen-agents50-idx5-seed42-1760998144239,0,0,5,0.001371,1,2,78,80,1,1,24,10,0.000000,0.011000,0.029000,0.023000,0.001715,1
_home_max_Documents_PhD_MAPF_LNS_MAPF_LNS_SAT_mapf-map_room-64-64-16_map-_home_max_Documents_PhD_MAPF_LNS_MAPF_LNS_SAT_mapf-scen-even_scen-even_room-64-64-16-even-1_scen-agents50-idx5-seed42-1760998144239,0,0,12,0.003291,4,2,80,85,1,2,38,18,0.000000,0.020000,0.051000,0.033000,0.002439,1
_home_max_Documents_PhD_MAPF_LNS_MAPF_LNS_SAT_mapf-map_room-64-64-16_map-_home_max_Documents_PhD_MAPF_LNS_MAPF_LNS_SAT_mapf-scen-even_scen-even_room-64-64-16-even-1_scen-agents50-idx5-seed42-1760998144239,0,0,15,0.004114,6,3,85,92,2,3,124,55,0.000000,0.069000,0.104000,0.081000,0.008368,1
_home_max_Documents_PhD_MAPF_LNS_MAPF_LNS_SAT_mapf-map_room-64-64-16_map-_home_max_Documents_PhD_MAPF_LNS_MAPF_LNS_SAT_mapf-scen-even_scen-even_room-64-64-16-even-1_scen-agents50-idx5-seed42-1760998144239,0,0,5,0.001371,1,2,89,91,1,2,25,10,0.000000,0.012000,0.037000,0.025000,0.002156,1
_home_max_Documents_PhD_MAPF_LNS_MAPF_LNS_SAT_mapf-map_room-64-64-16_map-_home_max_Documents_PhD_MAPF_LNS_MAPF_LNS_SAT_mapf-scen-even_scen-even_room-64-64-16-even-1_scen-agents50-idx5-seed42-1760998144239,0,0,4,0.001097,1,2,91,93,4,7,147,63,0.000000,0.078000,0.126000,0.101000,0.005428,0
_home_max_Documents_PhD_MAPF_LNS_MAPF_LNS_SAT_mapf-map_room-64-64-16_map-_home_max_Documents_PhD_MAPF_LNS_MAPF_LNS_SAT_mapf-scen-even_scen-even_room-64-64-16-even-1_scen-agents50-idx5-seed42-1760998144239,0,1,9,0.002468,1,3,90,94,3,5,386,126,0.000000,0.165000,0.246000,0.214000,0.015111,1
_home_max_Documents_PhD_MAPF_LNS_MAPF_LNS_SAT_mapf-map_room-64-64-16_map-_home_max_Documents_PhD_MAPF_LNS_MAPF_LNS_SAT_mapf-scen-even_scen-even_room-64-64-16-even-1_scen-agents50-idx5-seed42-1760998144239,0,0,5,0.001371,1,2,93,95,1,3,26,10,0.000000,0.012000,0.047000,0.029000,0.002532,1
_home_max_Documents_PhD_MAPF_LNS_MAPF_LNS_SAT_mapf-map_room-64-64-16_map-_home_max_Documents_PhD_MAPF_LNS_MAPF_LNS_SAT_mapf-scen-even_scen-even_room-64-64-16-even-1_scen-agents50-idx5-seed42-1760998144239,0,0,5,0.001371,1,2,102,104,1,1,24,10,0.000000,0.012000,0.026000,0.020000,0.001356,1
_home_max_Documents_PhD_MAPF_LNS_MAPF_LNS_SAT_mapf-map_room-64-64-16_map-_home_max_Documents_PhD_MAPF_LNS_MAPF_LNS_SAT_mapf-scen-even_scen-even_room-64-64-16-even-1_scen-agents50-idx5-seed42-1760998144239,0,0,5,0.001371,1,3,112,114,1,3,27,11,0.000000,0.016000,0.051000,0.030000,0.002260,1
_home_max_Documents_PhD_MAPF_LNS_MAPF_LNS_SAT_mapf-map_room-64-64-16_map-_home_max_Documents_PhD_MAPF_LNS_MAPF_LNS_SAT_mapf-scen-even_scen-even_room-64-64-16-even-1_scen-agents50-idx5-seed42-1760998144239,0,0,5,0.001371,1,2,112,114,1,2,25,10,0.000000,0.012000,0.039000,0.027000,0.001831,1
_home_max_Documents_PhD_MAPF_LNS_MAPF_LNS_SAT_mapf-map_room-64-64-16_map-_home_max_Documents_PhD_MAPF_LNS_MAPF_LNS_SAT_mapf-scen-even_scen-even_room-64-64-16-even-1_scen-agents50-idx5-seed42-1760998144239,0,0,5,0.001371,1,3,114,116,1,3,27,11,0.000000,0.015000,0.047000,0.027000,0.002023,1
_home_max_Documents_PhD_MAPF_LNS_MAPF_LNS_SAT_mapf-map_room-64-64-16_map-_home_max_Documents_PhD_MAPF_LNS_MAPF_LNS_SAT_mapf-scen-even_scen-even_room-64-64-16-even-1_scen-agents50-idx5-seed42-1760998144239,0,0,5,0.001371,1,2,119,121,1,3,26,10,0.000000,0.013000,0.048000,0.028000,0.002086,1
_home_max_Documents_PhD_MAPF_LNS_MAPF_LNS_SAT_mapf-map_room-64-64-16_map-_home_max_Documents_PhD_MAPF_LNS_MAPF_LNS_SAT_mapf-scen-even_scen-even_room-64-64-16-even-1_scen-agents50-idx5-seed42-1760998144239,0,0,5,0.001371,1,2,133,135,1,3,26,10,0.000000,0.013000,0.047000,0.028000,0.002266,1
_home_max_Documents_PhD_MAPF_LNS_MAPF_LNS_SAT_mapf-map_room-64-64-16_map-_home_max_Documents_PhD_MAPF_LNS_MAPF_LNS_SAT_mapf-scen-even_scen-even_room-64-64-16-even-1_scen-agents50-idx5-seed42-1760998144239,0,0,5,0.001371,1,3,138,140,1,3,27,11,0.000000,0.017000,0.047000,0.028000,0.002249,1
_home_max_Documents_PhD_MAPF_LNS_MAPF_LNS_SAT_mapf-map_room-64-64-16_map-_home_max_Documents_PhD_MAPF_LNS_MAPF_LNS_SAT_mapf-scen-even_scen-even_room-64-64-16-even-1_scen-agents50-idx5-seed42-1760998144239,0,0,5,0.001371,1,3,140,142,1,2,26,11,0.000000,0.018000,0.036000,0.024000,0.002052,1
_home_max_Documents_PhD_MAPF_LNS_MAPF_LNS_SAT_mapf-map_room-64-64-16_map-_home_max_Documents_PhD_MAPF_LNS_MAPF_LNS_SAT_mapf-scen-even_scen-even_room-64-64-16-even-1_scen-agents50-idx5-seed42-1760998144239,0,0,5,0.001371,1,2,140,142,1,2,25,10,0.000000,0.013000,0.037000,0.025000,0.002115,1
_home_max_Documents_PhD_MAPF_LNS_MAPF_LNS_SAT_mapf-map_room-64-64-16_map-_home_max_Documents_PhD_MAPF_LNS_MAPF_LNS_SAT_mapf-scen-even_scen-even_room-64-64-16-even-1_scen-agents50-idx5-seed42-1760998144239,0,0,5,0.001371,1,2,144,146,1,3,26,10,0.000000,0.013000,0.044000,0.027000,0.002183,1
_home_max_Documents_PhD_MAPF_LNS_MAPF_LNS_SAT_mapf-map_room-64-64-16_map-_home_max_Documents_PhD_MAPF_LNS_MAPF_LNS_SAT_mapf-scen-even_scen-even_room-64-64-16-even-1_scen-agents50-idx5-seed42-1760998144239,0,0,5,0.001371,1,2,150,152,1,3,26,10,0.000000,0.013000,0.044000,0.027000,0.002074,1
_home_max_Documents_PhD_MAPF_LNS_MAPF_LNS_SAT_mapf-map_room-64-64-16_map-_home_max_Documents_PhD_MAPF_LNS_MAPF_LNS_SAT_mapf-scen-even_scen-even_room-64-64-16-even-1_scen-agents50-idx6-seed42-1760998146793,0,0,8,0.002194,1,2,4,6,3,7,83,36,0.000000,0.031000,0.137000,0.102000,0.015049,1
_home_max_Documents_PhD_MAPF_LNS_MAPF_LNS_SAT_mapf-map_room-64-64-16_map-_home_max_Documents_PhD_MAPF_LNS_MAPF_LNS_SAT_mapf-scen-even_scen-even_room-64-64-16-even-1_scen-agents50-idx6-seed42-1760998146793,0,0,21,0.005760,9,3,5,15,2,3,187,88,0.000000,0.065000,0.129000,0.102000,0.007878,1
_home_max_Documents_PhD_MAPF_LNS_MAPF_LNS_SAT_mapf-map_room-64-64-16_map-_home_max_Documents_PhD_MAPF_LNS_MAPF_LNS_SAT_mapf-scen-even_scen-even_room-64-64-16-even-1_scen-agents50-idx6-seed42-1760998146793,0,0,27,0.007405,9,9,7,17,4,9,1800,579,0.000000,0.709000,0.949000,0.796000,0.056817,1
_home_max_Documents_PhD_MAPF_LNS_MAPF_LNS_SAT_mapf-map_room-64-64-16_map-_home_max_Documents_PhD_MAPF_LNS_MAPF_LNS_SAT_mapf-scen-even_scen-even_room-64-64-16-even-1_scen-agents50-idx6-seed42-1760998146793,0,0,5,0.001371,1,2,7,9,1,1,24,10,0.000000,0.008000,0.027000,0.022000,0.001740,1
_home_max_Documents_PhD_MAPF_LNS_MAPF_LNS_SAT_mapf-map_room-64-64-16_map-_home_max_Documents_PhD_MAPF_LNS_MAPF_LNS_SAT_mapf-scen-even_scen-even_room-64-64-16-even-1_scen-agents50-idx6-seed42-1760998146793,0,0,8,0.002194,2,3,9,12,3,7,156,59,0.000000,0.049000,0.151000,0.110000,0.010172,1
_home_max_Documents_PhD_MAPF_LNS_MAPF_LNS_SAT_mapf-map_room-64-64-16_map-_home_max_Documents_PhD_MAPF_LNS_MAPF_LNS_SAT_mapf-scen-even_scen-even_room-64-64-16-even-1_scen-agents50-idx6-seed42-1760998146793,0,0,9,0.002468,4,4,17,20,4,13,763,215,0.000000,0.207000,0.548000,0.440000,0.072399,1
_home_max_Documents_PhD_MAPF_LNS_MAPF_LNS_SAT_mapf-map_room-64-64-16_map-_home_max_Documents_PhD_MAPF_LNS_MAPF_LNS_SAT_mapf-scen-even_scen-even_room-64-64-16-even-1_scen-agents50-idx6-seed42-1760998146793,0,0,8,0.002194,1,2,17,19,3,7,118,42,0.000000,0.037000,0.126000,0.091000,0.009569,1
_home_max_Documents_PhD_MAPF_LNS_MAPF_LNS_SAT_mapf-map_room-64-64-16_map-_home_max_Documents_PhD_MAPF_LNS_MAPF_LNS_SAT_mapf-scen-even_scen-even_room-64-64-16-even-1_scen-agents50-idx6-seed42-1760998146793,0,0,5,0.001371,1,2,20,22,1,3,26,10,0.000000,0.009000,0.045000,0.029000,0.002614,1
_home_max_Documents_PhD_MAPF_LNS_MAPF_LNS_SAT_mapf-map_room-64-64-16_map-_home_max_Documents_PhD_MAPF_LNS_MAPF_LNS_SAT_mapf-scen-even_scen-even_room-64-64-16-even-1_scen-agents50-idx6-seed42-1760998146793,0,0,8,0.002194,1,2,22,24,2,3,32,17,0.000000,0.013000,0.046000,0.031000,0.002190,1
_home_max_Documents_PhD_MAPF_LNS_MAPF_LNS_SAT_mapf-map_room-64-64-16_map-_home_max_Documents_PhD_MAPF_LNS_MAPF_LNS_SAT_mapf-scen-even_scen-even_room-64-64-16-even-1_scen-agents50-idx6-seed42-1760998146793,0,0,5,0.001371,1,2,25,27,1,1,24,10,0.000000,0.009000,0.026000,0.021000,0.001597,1
_home_max_Documents_PhD_MAPF_LNS_MAPF_LNS_SAT_mapf-map_room-64-64-16_map-_home_max_Documents_PhD_MAPF_LNS_MAPF_LNS_SAT_mapf-scen-even_scen-even_room-64-64-16-even-1_scen-agents50-idx6-seed42-1760998146793,0,0,8,0.002194,2,4,27,30,4,10,390,126,0.000000,0.136000,0.303000,0.236000,0.024093,1
_home_max_Documents_PhD_MAPF_LNS_MAPF_LNS_SAT_mapf-map_room-64-64-16_map-_home_max_Documents_PhD_MAPF_LNS_MAPF_LNS_SAT_mapf-scen-even_scen-even_room-64-64-16-even-1_scen-agents50-idx6-seed42-1760998146793,0,0,5,0.001371,1,2,28,30,2,3,28,15,0.000000,0.012000,0.041000,0.028000,0.001942,1
_home_max_Documents_PhD_MAPF_LNS_MAPF_LNS_SAT_mapf-map_room-64-64-16_map-_home_max_Documents_PhD_MAPF_LNS_MAPF_LNS_SAT_mapf-scen-even_scen-even_room-64-64-16-even-1_scen-agents50-idx6-seed42-1760998146793,0,0,8,0.002194,2,3,31,33,3,7,219,75,0.000000,0.078000,0.189000,0.146000,0.015991,1
_home_max_Documents_PhD_MAPF_LNS_MAPF_LNS_SAT_mapf-map_room-64-64-16_map-_home_max_Documents_PhD_MAPF_LNS_MAPF_LNS_SAT_mapf-scen-even_scen-even_room-64-64-16-even-1_scen-agents50-idx6-seed42-1760998146793,0,0,5,0.001371,1,2,32,34,1,1,24,10,0.000000,0.010000,0.027000,0.021000,0.001769,1
_home_max_Documents_PhD_MAPF_LNS_MAPF_LNS_SAT_mapf-map_room-64-64-16_map-_home_max_Documents_PhD_MAPF_LNS_MAPF_LNS_SAT_mapf-scen-even_scen-even_room-64-64-16-even-1_scen-agents50-idx6-seed42-1760998146793,0,0,5,0.001371,1,2,35,37,1,2,25,10,0.000000,0.009000,0.037000,0.025000,0.002182,1
_home_max_Documents_PhD_MAPF_LNS_MAPF_LNS_SAT_mapf-map_room-64-64-16_map-_home_max_Documents_PhD_MAPF_LNS_MAPF_LNS_SAT_mapf-scen-even_scen-even_room-64-64-16-even-1_scen-agents50-idx6-seed42-1760998146793,0,0,5,0.001371,1,3,37,39,1,2,26,11,0.000000,0.011000,0.038000,0.026000,0.002117,1
_home_max_Documents_PhD_MAPF_LNS_MAPF_LNS_SAT_mapf-map_room-64-64-16_map-_home_max_Documents_PhD_MAPF_LNS_MAPF_LNS_SAT_mapf-scen-even_scen-even_room-64-64-16-even-1_scen-agents50-idx6-seed42-1760998146793,0,0,5,0.001371,1,2,38,40,1,1,24,10,0.000000,0.010000,0.025000,0.020000,0.001430,1
_home_max_Documents_PhD_MAPF_LNS_MAPF_LNS_SAT_mapf-map_room-64-64-16_map-_home_max_Documents_PhD_MAPF_LNS_MAPF_LNS_SAT_mapf-scen-even_scen-even_room-64-64-16-even-1_scen-agents50-idx6-seed42-1760998146793,0,0,8,0.002194,2,3,41,44,4,7,512,156,0.000000,0.181000,0.304000,0.272000,0.013334,0
_home_max_Documents_PhD_MAPF_LNS_MAPF_LNS_SAT_mapf-map_room-64-64-16_map-_home_max_Documents_PhD_MAPF_LNS_MAPF_LNS_SAT_mapf-scen-even_scen-even_room-64-64-16-even-1_scen-agents50-idx6-seed42-1760998146793,0,1,18,0.004937,2,4,40,45,8,18,26423,3292,0.000000,7.802000,10.663000,10.332000,0.463369,1
_home_max_Documents_PhD_MAPF_LNS_MAPF_LNS_SAT_mapf-map_room-64-64-16_map-_home_max_Documents_PhD_MAPF_LNS_MAPF_LNS_SAT_mapf-scen-even_scen-even_room-64-64-16-even-1_scen-agents50-idx6-seed42-1760998146793,0,0,12,0.003291,4,4,44,47,4,12,792,219,0.000000,0.259000,0.548000,0.451000,0.065602,1
_home_max_Documents_PhD_MAPF_LNS_MAPF_LNS_SAT_mapf-map_room-64-64-16_map-_home_max_Documents_PhD_MAPF_LNS_MAPF_LNS_SAT_mapf-scen-even_scen-even_room-64-64-16-even-1_scen-agents50-idx6-seed42-1760998146793,0,0,5,0.001371,1,2,45,47,1,1,24,10,0.001000,0.018000,0.033000,0.025000,0.002675,1
_home_max_Documents_PhD_MAPF_LNS_MAPF_LNS_SAT_mapf-map_room-64-64-16_map-_home_max_Documents_PhD_MAPF_LNS_MAPF_LNS_SAT_mapf-scen-even_scen-even_room-64-64-16-even-1_scen-agents50-idx6-seed42-1760998146793,0,0,9,0.002468,2,3,47,50,6,26,2306,563,0.000000,0.782000,1.730000,1.393000,0.298134,1
_home_max_Documents_PhD_MAPF_LNS_MAPF_LNS_SAT_mapf-map_room-64-64-16_map-_home_max_Documents_PhD_MAPF_LNS_MAPF_LNS_SAT_mapf-scen-even_scen-even_room-64-64-16-even-1_scen-agents50-idx6-seed42-1760998146793,0,0,5,0.001371,1,2,49,51,1,1,24,10,0.000000,0.011000,0.029000,0.024000,0.001944,1
_home_max_Documents_PhD_MAPF_LNS_MAPF_LNS_SAT_mapf-map_room-64-64-16_map-_home_max_Documents_PhD_MAPF_LNS_MAPF_LNS_SAT_mapf-scen-even_scen-even_room-64-64-16-even-1_scen-agents50-idx6-seed42-1760998146793,0,0,7,0.001920,2,3,50,52,5,13,996,288,0.000000,0.330000,0.643000,0.563000,0.073185,0
_home_max_Documents_PhD_MAPF_LNS_MAPF_LNS_SAT_mapf-map_room-64-64-16_map-_home_max_Documents_PhD_MAPF_LNS_MAPF_LNS_SAT_mapf-scen-even_scen-even_room-64-64-16-even-1_scen-agents50-idx6-seed42-1760998146793,0,1,14,0.003840,2,3,49,53,4,12,1084,263,0.000000,0.340000,0.672000,0.580000,0.070265,1
_home_max_Documents_PhD_MAPF_LNS_MAPF_LNS_SAT_mapf-map_room-64-64-16_map-_home_max_Documents_PhD_MAPF_LNS_MAPF_LNS_SAT_mapf-scen-even_scen-even_room-64-64-16-even-1_scen-agents50-idx6-seed42-1760998146793,0,0,5,0.001371,1,2,52,54,1,1,24,10,0.000000,0.011000,0.034000,0.026000,0.002225,1
_home_max_Documents_PhD_MAPF_LNS_MAPF_LNS_SAT_mapf-map_room-64-64-16_map-_home_max_Documents_PhD_MAPF_LNS_MAPF_LNS_SAT_mapf-scen-even_scen-even_room-64-64-16-even-1_scen-agents50-idx6-seed42-1760998146793,0,0,8,0.002194,1,4,58,60,2,3,36,21,0.000000,0.025000,0.050000,0.032000,0.002214,1
_home_max_Documents_PhD_MAPF_LNS_MAPF_LNS_SAT_mapf-map_room-64-64-16_map-_home_max_Documents_PhD_MAPF_LNS_MAPF_LNS_SAT_mapf-scen-even_scen-even_room-64-64-16-even-1_scen-agents50-idx6-seed42-1760998146793,0,0,5,0.001371,1,2,59,61,2,3,28,15,0.000000,0.015000,0.045000,0.030000,0.001860,1
_home_max_Documents_PhD_MAPF_LNS_MAPF_LNS_SAT_mapf-map_room-64-64-16_map-_home_max_Documents_PhD_MAPF_LNS_MAPF_LNS_SAT_mapf-scen-even_scen-even_room-64-64-16-even-1_scen-agents50-idx6-seed42-1760998146793,0,0,9,0.002468,2,4,61,64,2,8,151,61,0.000000,0.073000,0.182000,0.123000,0.016661,1
_home_max_Documents_PhD_MAPF_LNS_MAPF_LNS_SAT_mapf-map_room-64-64-16_map-_home_max_Documents_PhD_MAPF_LNS_MAPF_LNS_SAT_mapf-scen-even_scen-even_room-64-64-16-even-1_scen-agents50-idx6-seed42-1760998146793,0,0,8,0.002194,1,2,61,63,3,7,118,42,0.000000,0.046000,0.130000,0.097000,0.009313,1
_home_max_Documents_PhD_MAPF_LNS_MAPF_LNS_SAT_mapf-map_room-64-64-16_map-_home_max_Documents_PhD_MAPF_LNS_MAPF_LNS_SAT_mapf-scen-even_scen-even_room-64-64-16-even-1_scen-agents50-idx6-seed42-1760998146793,0,0,9,0.002468,1,2,62,64,3,7,94,38,0.000000,0.036000,0.114000,0.080000,0.008588,1
_home_max_Documents_PhD_MAPF_LNS_MAPF_LNS_SAT_mapf-map_room-64-64-16_map-_home_max_Documents_PhD_MAPF_LNS_MAPF_LNS_SAT_mapf-scen-even_scen-even_room-64-64-16-even-1_scen-agents50-idx6-seed42-1760998146793,0,0,5,0.001371,1,2,67,69,2,3,29,16,0.000000,0.019000,0.043000,0.029000,0.001976,1
_home_max_Documents_PhD_MAPF_LNS_MAPF_LNS_SAT_mapf-map_room-64-64-16_map-_home_max_Documents_PhD_MAPF_LNS_MAPF_LNS_SAT_mapf-scen-even_scen-even_room-64-64-16-even-1_scen-agents50-idx6-seed42-1760998146793,0,0,5,0.001371,1,2,68,70,4,7,184,71,0.000000,0.079000,0.147000,0.122000,0.005748,0
_home_max_Documents_PhD_MAPF_LNS_MAPF_LNS_SAT_mapf-map_room-64-64-16_map-_home_max_Documents_PhD_MAPF_LNS_MAPF_LNS_SAT_mapf-scen-even_scen-even_room-64-64-16-even-1_scen-agents50-idx6-seed42-1760998146793,0,1,13,0.003566,1,2,67,71,6,12,3213,591,0.000000,1.014000,1.422000,1.355000,0.038303,0
_home_max_Documents_PhD_MAPF_LNS_MAPF_LNS_SAT_mapf-map_room-64-64-16_map-_home_max_Documents_PhD_MAPF_LNS_MAPF_LNS_SAT_mapf-scen-even_scen-even_room-64-64-16-even-1_scen-agents50-idx6-seed42-1760998146793,0,2,23,0.006308,1,4,66,72,7,18,16666,1789,0.000000,4.736000,6.777000,6.521000,0.338247,1
_home_max_Documents_PhD_MAPF_LNS_MAPF_LNS_SAT_mapf-map_room-64-64-16_map-_home_max_Documents_PhD_MAPF_LNS_MAPF_LNS_SAT_mapf-scen-even_scen-even_room-64-64-16-even-1_scen-agents50-idx6-seed42-1760998146793,0,0,14,0.003840,5,5,72,77,4,11,1326,328,0.000000,0.483000,0.789000,0.671000,0.073642,1
_home_max_Documents_PhD_MAPF_LNS_MAPF_LNS_SAT_mapf-map_room-64-64-16_map-_home_max_Documents_PhD_MAPF_LNS_MAPF_LNS_SAT_mapf-scen-even_scen-even_room-64-64-16-even-1_scen-agents50-idx6-seed42-1760998146793,0,0,9,0.002468,1,2,72,74,3,7,121,44,0.000000,0.050000,0.131000,0.097000,0.010227,1
_home_max_Documents_PhD_MAPF_LNS_MAPF_LNS_SAT_mapf-map_room-64-64-16_map-_home_max_Documents_PhD_MAPF_LNS_MAPF_LNS_SAT_mapf-scen-even_scen-even_room-64-64-16-even-1_scen-agents50-idx6-seed42-1760998146793,0,0,8,0.002194,1,3,72,74,3,5,121,45,0.000000,0.057000,0.115000,0.089000,0.005964,1
_home_max_Documents_PhD_MAPF_LNS_MAPF_LNS_SAT_mapf-map_room-64-64-16_map-_home_max_Documents_PhD_MAPF_LNS_MAPF_LNS_SAT_mapf-scen-even_scen-even_room-64-64-16-even-1_scen-agents50-idx6-seed42-1760998146793,0,0,5,0.001371,1,3,72,74,1,3,27,11,0.000000,0.014000,0.048000,0.030000,0.002539,1
_home_max_Documents_PhD_MAPF_LNS_MAPF_LNS_SAT_mapf-map_room-64-64-16_map-_home_max_Documents_PhD_MAPF_LNS_MAPF_LNS_SAT_mapf-scen-even_scen-even_room-64-64-16-even-1_scen-agents50-idx6-seed42-1760998146793,0,0,12,0.003291,6,9,74,80,5,10,2445,682,0.000000,1.456000,1.218000,1.104000,0.037880,0
_home_max_Documents_PhD_MAPF_LNS_MAPF_LNS_SAT_mapf-map_room-64-64-16_map-_home_max_Documents_PhD_MAPF_LNS_MAPF_LNS_SAT_mapf-scen-even_scen-even_room-64-64-16-even-1_scen-agents50-idx6-seed42-1760998146793,0,1,20,0.005485,6,12,73,81,5,18,4682,1068,0.000000,2.626000,2.576000,2.214000,0.234760,1
_home_max_Documents_PhD_MAPF_LNS_MAPF_LNS_SAT_mapf-map_room-64-64-16_map-_home_max_Documents_PhD_MAPF_LNS_MAPF_LNS_SAT_mapf-scen-even_scen-even_room-64-64-16-even-1_scen-agents50-idx6-seed42-1760998146793,0,0,8,0.002194,2,3,77,80,4,7,649,189,0.000000,0.237000,0.371000,0.339000,0.012888,0
_home_max_Documents_PhD_MAPF_LNS_MAPF_LNS_SAT_mapf-map_room-64-64-16_map-_home_max_Documents_PhD_MAPF_LNS_MAPF_LNS_SAT_mapf-scen-even_scen-even_room-64-64-16-even-1_scen-agents50-idx6-seed42-1760998146793,0,1,18,0.004937,2,3,76,81,3,5,1928,327,0.000000,0.505000,0.874000,0.836000,0.035993,1
_home_max_Documents_PhD_MAPF_LNS_MAPF_LNS_SAT_mapf-map_room-64-64-16_map-_home_max_Documents_PhD_MAPF_LNS_MAPF_LNS_SAT_mapf-scen-even_scen-even_room-64-64-16-even-1_scen-agents50-idx6-seed42-1760998146793,0,0,5,0.001371,1,4,80,82,1,1,26,12,0.000000,0.017000,0.033000,0.026000,0.001688,1
_home_max_Documents_PhD_MAPF_LNS_MAPF_LNS_SAT_mapf-map_room-64-64-16_map-_home_max_Documents_PhD_MAPF_LNS_MAPF_LNS_SAT_mapf-scen-even_scen-even_room-64-64-16-even-1_scen-agents50-idx6-seed42-1760998146793,0,0,7,0.001920,2,3,81,84,2,3,68,34,0.000000,0.043000,0.072000,0.054000,0.005335,1
_home_max_Documents_PhD_MAPF_LNS_MAPF_LNS_SAT_mapf-map_room-64-64-16_map-_home_max_Documents_PhD_MAPF_LNS_MAPF_LNS_SAT_mapf-scen-even_scen-even_room-64-64-16-even-1_scen-agents50-idx6-seed42-1760998146793,0,0,5,0.001371,1,4,82,84,1,2,27,12,0.000000,0.017000,0.041000,0.027000,0.002334,1
_home_max_Documents_PhD_MAPF_LNS_MAPF_LNS_SAT_mapf-map_room-64-64-16_map-_home_max_Documents_PhD_MAPF_LNS_MAPF_LNS_SAT_mapf-scen-even_scen-even_room-64-64-16-even-1_scen-agents50-idx6-seed42-1760998146793,0,0,8,0.002194,2,4,84,87,1,3,62,25,0.000000,0.038000,0.079000,0.056000,0.008474,1
_home_max_Documents_PhD_MAPF_LNS_MAPF_LNS_SAT_mapf-map_room-64-64-16_map-_home_max_Documents_PhD_MAPF_LNS_MAPF_LNS_SAT_mapf-scen-even_scen-even_room-64-64-16-even-1_scen-agents50-idx6-seed42-1760998146793,0,0,5,0.001371,1,4,87,89,1,1,16,10,0.000000,0.017000,0.028000,0.019000,0.001263,1
_home_max_Documents_PhD_MAPF_LNS_MAPF_LNS_SAT_mapf-map_room-64-64-16_map-_home_max_Documents_PhD_MAPF_LNS_MAPF_LNS_SAT_mapf-scen-even_scen-even_room-64-64-16-even-1_scen-agents50-idx6-seed42-1760998146793,0,0,8,0.002194,2,5,89,92,1,2,27,15,0.000000,0.028000,0.042000,0.024000,0.001205,1
_home_max_Documents_PhD_MAPF_LNS_MAPF_LNS_SAT_mapf-map_room-64-64-16_map-_home_max_Documents_PhD_MAPF_LNS_MAPF_LNS_SAT_mapf-scen-even_scen-even_room-64-64-16-even-1_scen-agents50-idx6-seed42-1760998146793,0,0,12,0.003291,5,9,95,99,5,30,3269,778,0.001000,1.661000,2.779000,2.218000,0.737419,1
_home_max_Documents_PhD_MAPF_LNS_MAPF_LNS_SAT_mapf-map_room-64-64-16_map-_home_max_Documents_PhD_MAPF_LNS_MAPF_LNS_SAT_mapf-scen-even_scen-even_room-64-64-16-even-1_scen-agents50-idx6-seed42-1760998146793,0,0,9,0.002468,1,3,108,110,1,1,29,13,0.000000,0.019000,0.033000,0.026000,0.001925,1
_home_max_Documents_PhD_MAPF_LNS_MAPF_LNS_SAT_mapf-map_room-64-64-16_map-_home_max_Documents_PhD_MAPF_LNS_MAPF_LNS_SAT_mapf-scen-even_scen-even_room-64-64-16-even-1_scen-agents50-idx6-seed42-1760998146793,0,0,5,0.001371,1,2,131,133,1,1,24,10,0.000000,0.013000,0.029000,0.024000,0.001579,1
_home_max_Documents_PhD_MAPF_LNS_MAPF_LNS_SAT_mapf-map_room-64-64-16_map-_home_max_Documents_PhD_MAPF_LNS_MAPF_LNS_SAT_mapf-scen-even_scen-even_room-64-64-16-even-1_scen-agents50-idx6-seed42-1760998146793,0,0,5,0.001371,1,2,163,165,1,2,25,10,0.000000,0.014000,0.038000,0.027000,0.001933,1
_home_max_Documents_PhD_MAPF_LNS_MAPF_LNS_SAT_mapf-map_room-64-64-16_map-_home_max_Documents_PhD_MAPF_LNS_MAPF_LNS_SAT_mapf-scen-even_scen-even_room-64-64-16-even-1_scen-agents50-idx7-seed42-1760998147346,0,0,11,0.003017,3,3,0,4,2,5,107,46,0.000000,0.038000,0.174000,0.139000,0.019683,1
_home_max_Documents_PhD_MAPF_LNS_MAPF_LNS_SAT_mapf-map_room-64-64-16_map-_home_max_Documents_PhD_MAPF_LNS_MAPF_LNS_SAT_mapf-scen-even_scen-even_room-64-64-16-even-1_scen-agents50-idx7-seed42-1760998147346,0,0,5,0.001371,1,2,0,2,4,7,179,68,0.000000,0.058000,0.188000,0.158000,0.006177,0
_home_max_Documents_PhD_MAPF_LNS_MAPF_LNS_SAT_mapf-map_room-64-64-16_map-_home_max_Documents_PhD_MAPF_LNS_MAPF_LNS_SAT_mapf-scen-even_scen-even_room-64-64-16-even-1_scen-agents50-idx7-seed42-1760998147346,0,1,13,0.003566,1,3,0,3,1,1,17,10,0.000000,0.007000,0.023000,0.016000,0.001107,1
_home_max_Documents_PhD_MAPF_LNS_MAPF_LNS_SAT_mapf-map_room-64-64-16_map-_home_max_Documents_PhD_MAPF_LNS_MAPF_LNS_SAT_mapf-scen-even_scen-even_room-64-64-16-even-1_scen-agents50-idx7-seed42-1760998147346,0,0,9,0.002468,2,3,7,10,4,9,403,124,0.000000,0.111000,0.295000,0.240000,0.025403,1
_home_max_Documents_PhD_MAPF_LNS_MAPF_LNS_SAT_mapf-map_room-64-64-16_map-_home_max_Documents_PhD_MAPF_LNS_MAPF_LNS_SAT_mapf-scen-even_scen-even_room-64-64-16-even-1_scen-agents50-idx7-seed42-1760998147346,0,0,5,0.001371,1,2,16,18,2,3,28,15,0.000000,0.012000,0.042000,0.029000,0.002069,1
_home_max_Documents_PhD_MAPF_LNS_MAPF_LNS_SAT_mapf-map_room-64-64-16_map-_home_max_Documents_PhD_MAPF_LNS_MAPF_LNS_SAT_mapf-scen-even_scen-even_room-64-64-16-even-1_scen-agents50-idx7-seed42-1760998147346,0,0,8,0.002194,1,2,19,21,4,8,346,107,0.000000,0.121000,0.253000,0.203000,0.017412,1
_home_max_Documents_PhD_MAPF_LNS_MAPF_LNS_SAT_mapf-map_room-64-64-16_map-_home_max_Documents_PhD_MAPF_LNS_MAPF_LNS_SAT_mapf-scen-even_scen-even_room-64-64-16-even-1_scen-agents50-idx7-seed42-1760998147346,0,0,5,0.001371,1,3,19,21,2,3,34,19,0.000000,0.015000,0.047000,0.032000,0.002162,1
_home_max_Documents_PhD_MAPF_LNS_MAPF_LNS_SAT_mapf-map_room-64-64-16_map-_home_max_Documents_PhD_MAPF_LNS_MAPF_LNS_SAT_mapf-scen-even_scen-even_room-64-64-16-even-1_scen-agents50-idx7-seed42-1760998147346,0,0,8,0.002194,1,2,26,28,3,7,118,42,0.000000,0.039000,0.131000,0.095000,0.009807,1
_home_max_Documents_PhD_MAPF_LNS_MAPF_LNS_SAT_mapf-map_room-64-64-16_map-_home_max_Documents_PhD_MAPF_LNS_MAPF_LNS_SAT_mapf-scen-even_scen-even_room-64-64-16-even-1_scen-agents50-idx7-seed42-1760998147346,0,0,9,0.002468,3,5,28,32,2,3,79,41,0.000000,0.044000,0.073000,0.050000,0.002424,1
_home_max_Documents_PhD_MAPF_LNS_MAPF_LNS_SAT_mapf-map_room-64-64-16_map-_home_max_Documents_PhD_MAPF_LNS_MAPF_LNS_SAT_mapf-scen-even_scen-even_room-64-64-16-even-1_scen-agents50-idx7-seed42-1760998147346,0,0,5,0.001371,1,3,30,32,1,1,25,11,0.000000,0.011000,0.031000,0.025000,0.002004,1
_home_max_Documents_PhD_MAPF_LNS_MAPF_LNS_SAT_mapf-map_room-64-64-16_map-_home_max_Documents_PhD_MAPF_LNS_MAPF_LNS_SAT_mapf-scen-even_scen-even_room-64-64-16-even-1_scen-agents50-idx7-seed42-1760998147346,0,0,8,0.002194,1,2,31,33,3,5,92,38,0.000000,0.037000,0.096000,0.073000,0.005195,1
_home_max_Documents_PhD_MAPF_LNS_MAPF_LNS_SAT_mapf-map_room-64-64-16_map-_home_max_Documents_PhD_MAPF_LNS_MAPF_LNS_SAT_mapf-scen-even_scen-even_room-64-64-16-even-1_scen-agents50-idx7-seed42-1760998147346,0,0,5,0.001371,1,3,31,33,4,7,200,82,0.000000,0.087000,0.159000,0.129000,0.005955,0
_home_max_Documents_PhD_MAPF_LNS_MAPF_LNS_SAT_mapf-map_room-64-64-16_map-_home_max_Documents_PhD_MAPF_LNS_MAPF_LNS_SAT_mapf-scen-even_scen-even_room-64-64-16-even-1_scen-agents50-idx7-seed42-1760998147346,0,1,11,0.003017,1,4,30,34,5,10,1240,314,0.000000,0.435000,0.680000,0.615000,0.041437,0
_home_max_Documents_PhD_MAPF_LNS_MAPF_LNS_SAT_mapf-map_room-64-64-16_map-_home_max_Documents_PhD_MAPF_LNS_MAPF_LNS_SAT_mapf-scen-even_scen-even_room-64-64-16-even-1_scen-agents50-idx7-seed42-1760998147346,0,2,21,0.005760,1,7,29,35,6,13,7068,1065,0.000000,2.262000,2.899000,2.756000,0.082707,0
_home_max_Documents_PhD_MAPF_LNS_MAPF_LNS_SAT_mapf-map_room-64-64-16_map-_home_max_Documents_PhD_MAPF_LNS_MAPF_LNS_SAT_mapf-scen-even_scen-even_room-64-64-16-even-1_scen-agents50-idx7-seed42-1760998147346,0,3,36,0.009874,1,8,28,36,7,15,35460,3245,0.000000,12.092000,13.571000,13.275000,0.247231,0
_home_max_Documents_PhD_MAPF_LNS_MAPF_LNS_SAT_mapf-map_room-64-64-16_map-_home_max_Documents_PhD_MAPF_LNS_MAPF_LNS_SAT_mapf-scen-even_scen-even_room-64-64-16-even-1_scen-agents50-idx7-seed42-1760998147346,0,4,53,0.014536,1,9,27,37,3,6,1732,522,0.002000,0.752000,0.994000,0.873000,0.074927,1
_home_max_Documents_PhD_MAPF_LNS_MAPF_LNS_SAT_mapf-map_room-64-64-16_map-_home_max_Documents_PhD_MAPF_LNS_MAPF_LNS_SAT_mapf-scen-even_scen-even_room-64-64-16-even-1_scen-agents50-idx7-seed42-1760998147346,0,0,5,0.001371,1,2,31,33,4,7,179,68,0.000000,0.066000,0.151000,0.124000,0.006771,0
_home_max_Documents_PhD_MAPF_LNS_MAPF_LNS_SAT_mapf-map_room-64-64-16_map-_home_max_Documents_PhD_MAPF_LNS_MAPF_LNS_SAT_mapf-scen-even_scen-even_room-64-64-16-even-1_scen-agents50-idx7-seed42-1760998147346,0,1,13,0.003566,1,2,30,34,1,2,32,16,0.000000,0.014000,0.043000,0.029000,0.003096,1
_home_max_Documents_PhD_MAPF_LNS_MAPF_LNS_SAT_mapf-map_room-64-64-16_map-_home_max_Documents_PhD_MAPF_LNS_MAPF_LNS_SAT_mapf-scen-even_scen-even_room-64-64-16-even-1_scen-agents50-idx7-seed42-1760998147346,0,0,5,0.001371,1,3,32,34,1,2,26,11,0.000000,0.011000,0.040000,0.026000,0.002308,1
_home_max_Documents_PhD_MAPF_LNS_MAPF_LNS_SAT_mapf-map_room-64-64-16_map-_home_max_Documents_PhD_MAPF_LNS_MAPF_LNS_SAT_mapf-scen-even_scen-even_room-64-64-16-even-1_scen-agents50-idx7-seed42-1760998147346,0,0,5,0.001371,1,2,32,34,1,1,24,10,0.000000,0.014000,0.029000,0.022000,0.001633,1
_home_max_Documents_PhD_MAPF_LNS_MAPF_LNS_SAT_mapf-map_room-64-64-16_map-_home_max_Documents_PhD_MAPF_LNS_MAPF_LNS_SAT_mapf-scen-even_scen-even_room-64-64-16-even-1_scen-agents50-idx7-seed42-1760998147346,0,0,5,0.001371,1,3,34,36,1,3,28,11,0.000000,0.011000,0.050000,0.031000,0.002419,1
_home_max_Documents_PhD_MAPF_LNS_MAPF_LNS_SAT_mapf-map_room-64-64-16_map-_home_max_Documents_PhD_MAPF_LNS_MAPF_LNS_SAT_mapf-scen-even_scen-even_room-64-64-16-even-1_scen-agents50-idx7-seed42-1760998147346,0,0,5,0.001371,1,3,35,37,4,7,183,72,0.000000,0.072000,0.152000,0.125000,0.005952,0
_home_max_Documents_PhD_MAPF_LNS_MAPF_LNS_SAT_mapf-map_room-64-64-16_map-_home_max_Documents_PhD_MAPF_LNS_MAPF_LNS_SAT_mapf-scen-even_scen-even_room-64-64-16-even-1_scen-agents50-idx7-seed42-1760998147346,0,1,13,0.003566,1,3,34,38,1,3,33,17,0.000000,0.017000,0.054000,0.032000,0.002507,1
_home_max_Documents_PhD_MAPF_LNS_MAPF_LNS_SAT_mapf-map_room-64-64-16_map-_home_max_Documents_PhD_MAPF_LNS_MAPF_LNS_SAT_mapf-scen-even_scen-even_room-64-64-16-even-1_scen-agents50-idx7-seed42-1760998147346,0,0,5,0.001371,1,2,37,39,1,1,24,10,0.000000,0.010000,0.027000,0.021000,0.001533,1
_home_max_Documents_PhD_MAPF_LNS_MAPF_LNS_SAT_mapf-map_room-64-64-16_map-_home_max_Documents_PhD_MAPF_LNS_MAPF_LNS_SAT_mapf-scen-even_scen-even_room-64-64-16-even-1_scen-agents50-idx7-seed42-1760998147346,0,0,5,0.001371,1,2,37,39,1,1,24,10,0.000000,0.009000,0.028000,0.022000,0.001637,1
_home_max_Documents_PhD_MAPF_LNS_MAPF_LNS_SAT_mapf-map_room-64-64-16_map-_home_max_Documents_PhD_MAPF_LNS_MAPF_LNS_SAT_mapf-scen-even_scen-even_room-64-64-16-even-1_scen-agents50-idx7-seed42-1760998147346,0,0,5,0.001371,1,2,40,42,1,1,24,10,0.000000,0.009000,0.028000,0.022000,0.001443,1
_home_max_Documents_PhD_MAPF_LNS_MAPF_LNS_SAT_mapf-map_room-64-64-16_map-_home_max_Documents_PhD_MAPF_LNS_MAPF_LNS_SAT_mapf-scen-even_scen-even_room-64-64-16-even-1_scen-agents50-idx7-seed42-1760998147346,0,0,11,0.003017,3,5,42,45,2,4,85,43,0.000000,0.054000,0.099000,0.067000,0.006074,1
_home_max_Documents_PhD_MAPF_LNS_MAPF_LNS_SAT_mapf-map_room-64-64-16_map-_home_max_Documents_PhD_MAPF_LNS_MAPF_LNS_SAT_mapf-scen-even_scen-even_room-64-64-16-even-1_scen-agents50-idx7-seed42-1760998147346,0,0,8,0.002194,2,4,42,45,3,5,211,85,0.000000,0.095000,0.143000,0.119000,0.002877,0
_home_max_Documents_PhD_MAPF_LNS_MAPF_LNS_SAT_mapf-map_room-64-64-16_map-_home_max_Documents_PhD_MAPF_LNS_MAPF_LNS_SAT_mapf-scen-even_scen-even_room-64-64-16-even-1_scen-agents50-idx7-seed42-1760998147346,0,1,15,0.004114,2,6,41,46,4,7,1220,306,0.000000,0.490000,0.592000,0.543000,0.012673,0
_home_max_Documents_PhD_MAPF_LNS_MAPF_LNS_SAT_mapf-map_room-64-64-16_map-_home_max_Documents_PhD_MAPF_LNS_MAPF_LNS_SAT_mapf-scen-even_scen-even_room-64-64-16-even-1_scen-agents50-idx7-seed42-1760998147346,0,2,25,0.006857,2,8,40,47,4,16,2241,502,0.000000,0.906000,1.378000,1.150000,0.163210,1
_home_max_Documents_PhD_MAPF_LNS_MAPF_LNS_SAT_mapf-map_room-64-64-16_map-_home_max_Documents_PhD_MAPF_LNS_MAPF_LNS_SAT_mapf-scen-even_scen-even_room-64-64-16-even-1_scen-agents50-idx7-seed42-1760998147346,0,0,5,0.001371,1,3,45,47,1,1,25,11,0.000000,0.012000,0.030000,0.024000,0.001960,1
_home_max_Documents_PhD_MAPF_LNS_MAPF_LNS_SAT_mapf-map_room-64-64-16_map-_home_max_Documents_PhD_MAPF_LNS_MAPF_LNS_SAT_mapf-scen-even_scen-even_room-64-64-16-even-1_scen-agents50-idx7-seed42-1760998147346,0,0,5,0.001371,2,5,47,50,5,9,1009,345,0.000000,0.443000,0.586000,0.526000,0.025183,0
_home_max_Documents_PhD_MAPF_LNS_MAPF_LNS_SAT_mapf-map_room-64-64-16_map-_home_max_Documents_PhD_MAPF_LNS_MAPF_LNS_SAT_mapf-scen-even_scen-even_room-64-64-16-even-1_scen-agents50-idx7-seed42-1760998147346,0,1,11,0.003017,2,6,46,51,7,28,8846,1736,0.000000,2.975000,4.785000,4.318000,0.621608,1
_home_max_Documents_PhD_MAPF_LNS_MAPF_LNS_SAT_mapf-map_room-64-64-16_map-_home_max_Documents_PhD_MAPF_LNS_MAPF_LNS_SAT_mapf-scen-even_scen-even_room-64-64-16-even-1_scen-agents50-idx7-seed42-1760998147346,0,0,8,0.002194,1,2,59,61,2,4,33,17,0.000000,0.019000,0.063000,0.042000,0.003964,1
_home_max_Documents_PhD_MAPF_LNS_MAPF_LNS_SAT_mapf-map_room-64-64-16_map-_home_max_Documents_PhD_MAPF_LNS_MAPF_LNS_SAT_mapf-scen-even_scen-even_room-64-64-16-even-1_scen-agents50-idx7-seed42-1760998147346,0,0,5,0.001371,1,2,61,63,4,7,186,73,0.000000,0.086000,0.155000,0.127000,0.006290,0
_home_max_Documents_PhD_MAPF_LNS_MAPF_LNS_SAT_mapf-map_room-64-64-16_map-_home_max_Documents_PhD_MAPF_LNS_MAPF_LNS_SAT_mapf-scen-even_scen-even_room-64-64-16-even-1_scen-agents50-idx7-seed42-1760998147346,0,1,10,0.002743,1,4,60,64,6,11,5709,1251,0.002000,4.146000,4.674000,4.495000,0.221952,0
_home_max_Documents_PhD_MAPF_LNS_MAPF_LNS_SAT_mapf-map_room-64-64-16_map-_home_max_Documents_PhD_MAPF_LNS_MAPF_LNS_SAT_mapf-scen-even_scen-even_room-64-64-16-even-1_scen-agents50-idx7-seed42-1760998147346,0,2,18,0.004937,1,5,59,65,4,9,3486,639,0.000000,1.337000,1.755000,1.623000,0.099428,1
_home_max_Documents_PhD_MAPF_LNS_MAPF_LNS_SAT_mapf-map_room-64-64-16_map-_home_max_Documents_PhD_MAPF_LNS_MAPF_LNS_SAT_mapf-scen-even_scen-even_room-64-64-16-even-1_scen-agents50-idx7-seed42-1760998147346,0,0,4,0.001097,1,2,62,64,4,7,168,72,0.000000,0.103000,0.189000,0.146000,0.011300,0
_home_max_Documents_PhD_MAPF_LNS_MAPF_LNS_SAT_mapf-map_room-64-64-16_map-_home_max_Documents_PhD_MAPF_LNS_MAPF_LNS_SAT_mapf-scen-even_scen-even_room-64-64-16-even-1_scen-agents50-idx7-seed42-1760998147346,0,1,10,0.002743,1,4,61,65,1,2,29,16,0.000000,0.022000,0.051000,0.030000,0.004082,1
_home_max_Documents_PhD_MAPF_LNS_MAPF_LNS_SAT_mapf-map_room-64-64-16_map-_home_max_Documents_PhD_MAPF_LNS_MAPF_LNS_SAT_mapf-scen-even_scen-even_room-64-64-16-even-1_scen-agents50-idx7-seed42-1760998147346,0,0,8,0.002194,1,3,63,65,4,8,350,113,0.001000,0.179000,0.281000,0.221000,0.019330,1
_home_max_Documents_PhD_MAPF_LNS_MAPF_LNS_SAT_mapf-map_room-64-64-16_map-_home_max_Documents_PhD_MAPF_LNS_MAPF_LNS_SAT_mapf-scen-even_scen-even_room-64-64-16-even-1_scen-agents50-idx7-seed42-1760998147346,0,0,7,0.001920,3,5,64,68,3,5,287,117,0.000000,0.160000,0.179000,0.150000,0.004915,0
_home_max_Documents_PhD_MAPF_LNS_MAPF_LNS_SAT_mapf-map_room-64-64-16_map-_home_max_Documents_PhD_MAPF_LNS_MAPF_LNS_SAT_mapf-scen-even_scen-even_room-64-64-16-even-1_scen-agents50-idx7-seed42-1760998147346,0,1,14,0.003840,3,5,63,69,4,7,1949,491,0.000000,0.793000,0.929000,0.861000,0.022746,0
_home_max_Documents_PhD_MAPF_LNS_MAPF_LNS_SAT_mapf-map_room-64-64-16_map-_home_max_Documents_PhD_MAPF_LNS_MAPF_LNS_SAT_mapf-scen-even_scen-even_room-64-64-16-even-1_scen-agents50-idx7-seed42-1760998147346,0,2,22,0.006034,3,6,62,70,4,7,3337,736,0.000000,1.359000,1.465000,1.394000,0.030786,0
_home_max_Documents_PhD_MAPF_LNS_MAPF_LNS_SAT_mapf-map_room-64-64-16_map-_home_max_Documents_PhD_MAPF_LNS_MAPF_LNS_SAT_mapf-scen-even_scen-even_room-64-64-16-even-1_scen-agents50-idx7-seed42-1760998147346,0,3,33,0.009051,3,8,61,71,4,10,5414,1052,0.000000,2.296000,2.568000,2.381000,0.205446,1
_home_max_Documents_PhD_MAPF_LNS_MAPF_LNS_SAT_mapf-map_room-64-64-16_map-_home_max_Documents_PhD_MAPF_LNS_MAPF_LNS_SAT_mapf-scen-even_scen-even_room-64-64-16-even-1_scen-agents50-idx7-seed42-1760998147346,0,0,5,0.001371,1,3,71,73,2,3,30,17,0.000000,0.024000,0.045000,0.030000,0.002316,1
_home_max_Documents_PhD_MAPF_LNS_MAPF_LNS_SAT_mapf-map_room-64-64-16_map-_home_max_Documents_PhD_MAPF_LNS_MAPF_LNS_SAT_mapf-scen-even_scen-even_room-64-64-16-even-1_scen-agents50-idx7-seed42-1760998147346,0,0,5,0.001371,1,2,73,75,1,2,25,10,0.000000,0.011000,0.039000,0.027000,0.002608,1
_home_max_Documents_PhD_MAPF_LNS_MAPF_LNS_SAT_mapf-map_room-64-64-16_map-_home_max_Documents_PhD_MAPF_LNS_MAPF_LNS_SAT_mapf-scen-even_scen-even_room-64-64-16-even-1_scen-agents50-idx7-seed42-1760998147346,0,0,5,0.001371,1,2,74,76,1,1,24,10,0.000000,0.010000,0.027000,0.021000,0.001634,1
_home_max_Documents_PhD_MAPF_LNS_MAPF_LNS_SAT_mapf-map_room-64-64-16_map-_home_max_Documents_PhD_MAPF_LNS_MAPF_LNS_SAT_mapf-scen-even_scen-even_room-64-64-16-even-1_scen-agents50-idx7-seed42-1760998147346,0,0,5,0.001371,1,2,76,78,4,7,180,69,0.000000,0.077000,0.145000,0.120000,0.006165,0
_home_max_Documents_PhD_MAPF_LNS_MAPF_LNS_SAT_mapf-map_room-64-64-16_map-_home_max_Documents_PhD_MAPF_LNS_MAPF_LNS_SAT_mapf-scen-even_scen-even_room-64-64-16-even-1_scen-agents50-idx7-seed42-1760998147346,0,1,13,0.003566,1,4,75,79,3,6,184,68,0.000000,0.094000,0.159000,0.122000,0.014048,1
_home_max_Documents_PhD_MAPF_LNS_MAPF_LNS_SAT_mapf-map_room-64-64-16_map-_home_max_Documents_PhD_MAPF_LNS_MAPF_LNS_SAT_mapf-scen-even_scen-even_room-64-64-16-even-1_scen-agents50-idx7-seed42-1760998147346,0,0,38,0.010422,18,8,77,91,2,4,9646,1044,0.000000,2.653000,3.795000,3.657000,0.116303,0
_home_max_Documents_PhD_MAPF_LNS_MAPF_LNS_SAT_mapf-map_room-64-64-16_map-_home_max_Documents_PhD_MAPF_LNS_MAPF_LNS_SAT_mapf-scen-even_scen-even_room-64-64-16-even-1_scen-agents50-idx7-seed42-1760998147346,0,1,67,0.018376,18,9,76,92,2,4,33100,1983,0.000000,8.733000,12.028000,11.886000,0.300439,0
_home_max_Documents_PhD_MAPF_LNS_MAPF_LNS_SAT_mapf-map_room-64-64-16_map-_home_max_Documents_PhD_MAPF_LNS_MAPF_LNS_SAT_mapf-scen-even_scen-even_room-64-64-16-even-1_scen-agents50-idx7-seed42-1760998147346,0,2,101,0.027702,18,13,75,93,2,4,80710,3203,0.002000,25.083000,30.837000,30.396000,0.654327,0
_home_max_Documents_PhD_MAPF_LNS_MAPF_LNS_SAT_mapf-map_room-64-64-16_map-_home_max_Documents_PhD_MAPF_LNS_MAPF_LNS_SAT_mapf-scen-even_scen-even_room-64-64-16-even-1_scen-agents50-idx7-seed42-1760998147346,0,3,137,0.037575,18,15,74,94,2,4,170516,4978,0.002000,64.397000,68.581000,67.689000,1.290067,0
_home_max_Documents_PhD_MAPF_LNS_MAPF_LNS_SAT_mapf-map_room-64-64-16_map-_home_max_Documents_PhD_MAPF_LNS_MAPF_LNS_SAT_mapf-scen-even_scen-even_room-64-64-16-even-1_scen-agents50-idx7-seed42-1760998147346,0,4,166,0.045529,18,17,73,95,2,4,320531,7976,0.003000,138.367000,132.491000,130.568000,2.377865,0
_home_max_Documents_PhD_MAPF_LNS_MAPF_LNS_SAT_mapf-map_room-64-64-16_map-_home_max_Documents_PhD_MAPF_LNS_MAPF_LNS_SAT_mapf-scen-even_scen-even_room-64-64-16-even-1_scen-agents50-idx7-seed42-1760998147346,0,5,295,0.080911,25,20,72,96,2,4,643609,13718,0.004000,369.621000,304.804000,301.157000,4.848354,0
_home_max_Documents_PhD_MAPF_LNS_MAPF_LNS_SAT_mapf-map_room-64-64-16_map-_home_max_Documents_PhD_MAPF_LNS_MAPF_LNS_SAT_mapf-scen-even_scen-even_room-64-64-16-even-1_scen-agents50-idx7-seed42-1760998147346,0,6,381,0.104498,26,22,71,97,2,4,1375793,25174,0.004000,1293.103000,931.506000,923.559000,10.269273,0
_home_max_Documents_PhD_MAPF_LNS_MAPF_LNS_SAT_mapf-map_room-64-64-16_map-_home_max_Documents_PhD_MAPF_LNS_MAPF_LNS_SAT_mapf-scen-even_scen-even_room-64-64-16-even-1_scen-agents50-idx7-seed42-1760998147346,0,7,414,0.113549,26,26,70,98,2,4,2311734,37980,0.009000,2609.219000,1681.435000,1668.499000,17.086204,0
_home_max_Documents_PhD_MAPF_LNS_MAPF_LNS_SAT_mapf-map_room-64-64-16_map-_home_max_Documents_PhD_MAPF_LNS_MAPF_LNS_SAT_mapf-scen-even_scen-even_room-64-64-16-even-1_scen-agents50-idx7-seed42-1760998147346,0,8,443,0.121503,26,27,69,99,2,4,3226966,47094,0.004000,4911.301000,2523.483000,2504.873000,23.083551,0
_home_max_Documents_PhD_MAPF_LNS_MAPF_LNS_SAT_mapf-map_room-64-64-16_map-_home_max_Documents_PhD_MAPF_LNS_MAPF_LNS_SAT_mapf-scen-even_scen-even_room-64-64-16-even-1_scen-agents50-idx7-seed42-1760998147346,0,9,472,0.129457,26,27,68,100,2,4,4364832,56986,0.005000,7967.885000,3314.537000,3288.879000,30.926311,0
_home_max_Documents_PhD_MAPF_LNS_MAPF_LNS_SAT_mapf-map_room-64-64-16_map-_home_max_Documents_PhD_MAPF_LNS_MAPF_LNS_SAT_mapf-scen-even_scen-even_room-64-64-16-even-1_scen-agents50-idx7-seed42-1760998147346,0,10,491,0.134668,26,27,67,101,2,4,5600122,66755,0.008000,10890.833000,4572.013000,4190.368000,38.877288,0
_home_max_Documents_PhD_MAPF_LNS_MAPF_LNS_SAT_mapf-map_room-64-64-16_map-_home_max_Documents_PhD_MAPF_LNS_MAPF_LNS_SAT_mapf-scen-even_scen-even_room-64-64-16-even-1_scen-agents50-idx7-seed42-1760998147346,0,11,509,0.139605,26,27,66,102,2,4,6981808,77720,0.005000,15759.484000,5843.546000,5007.082000,48.000817,0
_home_max_Documents_PhD_MAPF_LNS_MAPF_LNS_SAT_mapf-map_room-64-64-16_map-_home_max_Documents_PhD_MAPF_LNS_MAPF_LNS_SAT_mapf-scen-even_scen-even_room-64-64-16-even-1_scen-agents50-idx7-seed42-1760998147346,0,12,529,0.145091,26,28,65,103,2,4,8594079,89501,0.009000,23717.216000,6990.769000,5977.777000,58.476618,0
_home_max_Documents_PhD_MAPF_LNS_MAPF_LNS_SAT_mapf-map_room-64-64-16_map-_home_max_Documents_PhD_MAPF_LNS_MAPF_LNS_SAT_mapf-scen-even_scen-even_room-64-64-16-even-1_scen-agents50-idx7-seed42-1760998147346,0,13,551,0.151125,26,28,64,104,2,4,10444508,102297,0.004000,36853.802000,8425.178000,7805.930000,70.908195,0
_home_max_Documents_PhD_MAPF_LNS_MAPF_LNS_SAT_mapf-map_room-64-64-16_map-_home_max_Documents_PhD_MAPF_LNS_MAPF_LNS_SAT_mapf-scen-even_scen-even_room-64-64-16-even-1_scen-agents50-idx7-seed42-1760998147346,0,14,577,0.158256,26,28,63,105,2,4,12568223,115585,0.005000,47004.450000,11435.408000,9806.765000,84.084405,0
_home_max_Documents_PhD_MAPF_LNS_MAPF_LNS_SAT_mapf-map_room-64-64-16_map-_home_max_Documents_PhD_MAPF_LNS_MAPF_LNS_SAT_mapf-scen-even_scen-even_room-64-64-16-even-1_scen-agents50-idx7-seed42-1760998147346,0,15,607,0.166484,26,28,62,106,2,4,15069008,130506,0.005000,61094.058000,13173.297000,11282.881000,100.034122,0
_home_max_Documents_PhD_MAPF_LNS_MAPF_LNS_SAT_mapf-map_room-64-64-16_map-_home_max_Documents_PhD_MAPF_LNS_MAPF_LNS_SAT_mapf-scen-even_scen-even_room-64-64-16-even-1_scen-agents50-idx7-seed42-1760998147346,0,16,638,0.174986,26,28,61,107,2,4,17845702,147106,0.006000,77040.160000,15288.067000,13099.802000,119.127600,0
_home_max_Documents_PhD_MAPF_LNS_MAPF_LNS_SAT_mapf-map_room-64-64-16_map-_home_max_Documents_PhD_MAPF_LNS_MAPF_LNS_SAT_mapf-scen-even_scen-even_room-64-64-16-even-1_scen-agents50-idx7-seed42-1760998147346,0,17,671,0.184037,26,28,60,108,2,4,21227798,165141,0.005000,102084.064000,17953.636000,15352.263000,139.254516,0
_home_max_Documents_PhD_MAPF_LNS_MAPF_LNS_SAT_mapf-map_room-64-64-16_map-_home_max_Documents_PhD_MAPF_LNS_MAPF_LNS_SAT_mapf-scen-even_scen-even_room-64-64-16-even-1_scen-agents100-idx0-seed42-1760998728419,0,0,8,0.002194,2,5,0,3,1,2,28,16,0.000000,0.012000,0.073000,0.053000,0.008514,1
_home_max_Documents_PhD_MAPF_LNS_MAPF_LNS_SAT_mapf-map_room-64-64-16_map-_home_max_Documents_PhD_MAPF_LNS_MAPF_LNS_SAT_mapf-scen-even_scen-even_room-64-64-16-even-1_scen-agents100-idx0-seed42-1760998728419,0,0,8,0.002194,2,2,0,3,1,1,20,11,0.000000,0.008000,0.027000,0.021000,0.001768,1
_home_max_Documents_PhD_MAPF_LNS_MAPF_LNS_SAT_mapf-map_room-64-64-16_map-_home_max_Documents_PhD_MAPF_LNS_MAPF_LNS_SAT_mapf-scen-even_scen-even_room-64-64-16-even-1_scen-agents100-idx0-seed42-1760998728419,0,0,18,0.004937,6,2,2,9,1,3,59,28,0.000000,0.025000,0.071000,0.048000,0.005210,1
_home_max_Documents_PhD_MAPF_LNS_MAPF_LNS_SAT_mapf-map_room-64-64-16_map-_home_max_Documents_PhD_MAPF_LNS_MAPF_LNS_SAT_mapf-scen-even_scen-even_room-64-64-16-even-1_scen-agents100-idx0-seed42-1760998728419,0,0,8,0.002194,1,2,2,4,1,2,13,7,0.000000,0.005000,0.029000,0.018000,0.001232,1
_home_max_Documents_PhD_MAPF_LNS_MAPF_LNS_SAT_mapf-map_room-64-64-16_map-_home_max_Documents_PhD_MAPF_LNS_MAPF_LNS_SAT_mapf-scen-even_scen-even_room-64-64-16-even-1_scen-agents100-idx0-seed42-1760998728419,0,0,32,0.008777,11,5,3,15,2,3,303,132,0.000000,0.125000,0.194000,0.161000,0.015701,1
_home_max_Documents_PhD_MAPF_LNS_MAPF_LNS_SAT_mapf-map_room-64-64-16_map-_home_max_Documents_PhD_MAPF_LNS_MAPF_LNS_SAT_mapf-scen-even_scen-even_room-64-64-16-even-1_scen-agents100-idx0-seed42-1760998728419,0,0,9,0.002468,2,4,3,6,4,10,437,137,0.000000,0.135000,0.427000,0.344000,0.042226,1
_home_max_Documents_PhD_MAPF_LNS_MAPF_LNS_SAT_mapf-map_room-64-64-16_map-_home_max_Documents_PhD_MAPF_LNS_MAPF_LNS_SAT_mapf-scen-even_scen-even_room-64-64-16-even-1_scen-agents100-idx0-seed42-1760998728419,0,0,27,0.007405,25,10,5,14,4,11,5714,1256,0.000000,1.825000,2.884000,2.571000,0.249680,1
_home_max_Documents_PhD_MAPF_LNS_MAPF_LNS_SAT_mapf-map_room-64-64-16_map-_home_max_Documents_PhD_MAPF_LNS_MAPF_LNS_SAT_mapf-scen-even_scen-even_room-64-64-16-even-1_scen-agents100-idx0-seed42-1760998728419,0,0,11,0.003017,4,4,5,10,2,3,102,47,0.000000,0.043000,0.104000,0.079000,0.008840,1
_home_max_Documents_PhD_MAPF_LNS_MAPF_LNS_SAT_mapf-map_room-64-64-16_map-_home_max_Documents_PhD_MAPF_LNS_MAPF_LNS_SAT_mapf-scen-even_scen-even_room-64-64-16-even-1_scen-agents100-idx0-seed42-1760998728419,0,0,8,0.002194,1,2,5,7,3,7,118,42,0.000000,0.042000,0.128000,0.095000,0.009759,1
_home_max_Documents_PhD_MAPF_LNS_MAPF_LNS_SAT_mapf-map_room-64-64-16_map-_home_max_Documents_PhD_MAPF_LNS_MAPF_LNS_SAT_mapf-scen-even_scen-even_room-64-64-16-even-1_scen-agents100-idx0-seed42-1760998728419,0,0,27,0.007405,9,7,6,16,3,6,728,269,0.000000,0.275000,0.424000,0.342000,0.027478,1
_home_max_Documents_PhD_MAPF_LNS_MAPF_LNS_SAT_mapf-map_room-64-64-16_map-_home_max_Documents_PhD_MAPF_LNS_MAPF_LNS_SAT_mapf-scen-even_scen-even_room-64-64-16-even-1_scen-agents100-idx0-seed42-1760998728419,0,0,11,0.003017,11,4,9,15,3,6,291,114,0.000000,0.100000,0.221000,0.171000,0.016207,1
_home_max_Documents_PhD_MAPF_LNS_MAPF_LNS_SAT_mapf-map_room-64-64-16_map-_home_max_Documents_PhD_MAPF_LNS_MAPF_LNS_SAT_mapf-scen-even_scen-even_room-64-64-16-even-1_scen-agents100-idx0-seed42-1760998728419,0,0,8,0.002194,1,2,10,12,3,7,118,42,0.000000,0.038000,0.130000,0.094000,0.009900,1
_home_max_Documents_PhD_MAPF_LNS_MAPF_LNS_SAT_mapf-map_room-64-64-16_map-_home_max_Documents_PhD_MAPF_LNS_MAPF_LNS_SAT_mapf-scen-even_scen-even_room-64-64-16-even-1_scen-agents100-idx0-seed42-1760998728419,0,0,5,0.001371,1,2,10,12,1,1,24,10,0.000000,0.010000,0.028000,0.023000,0.001742,1
_home_max_Documents_PhD_MAPF_LNS_MAPF_LNS_SAT_mapf-map_room-64-64-16_map-_home_max_Documents_PhD_MAPF_LNS_MAPF_LNS_SAT_mapf-scen-even_scen-even_room-64-64-16-even-1_scen-agents100-idx0-seed42-1760998728419,0,0,7,0.001920,1,3,11,13,5,11,650,212,0.000000,0.249000,0.418000,0.349000,0.015168,0
_home_max_Documents_PhD_MAPF_LNS_MAPF_LNS_SAT_mapf-map_room-64-64-16_map-_home_max_Documents_PhD_MAPF_LNS_MAPF_LNS_SAT_mapf-scen-even_scen-even_room-64-64-16-even-1_scen-agents100-idx0-seed42-1760998728419,0,1,14,0.003840,1,5,10,14,3,8,282,104,0.000000,0.102000,0.250000,0.179000,0.016561,1
_home_max_Documents_PhD_MAPF_LNS_MAPF_LNS_SAT_mapf-map_room-64-64-16_map-_home_max_Documents_PhD_MAPF_LNS_MAPF_LNS_SAT_mapf-scen-even_scen-even_room-64-64-16-even-1_scen-agents100-idx0-seed42-1760998728419,0,0,18,0.004937,6,4,12,19,1,2,86,41,0.000000,0.038000,0.092000,0.064000,0.006404,1
_home_max_Documents_PhD_MAPF_LNS_MAPF_LNS_SAT_mapf-map_room-64-64-16_map-_home_max_Documents_PhD_MAPF_LNS_MAPF_LNS_SAT_mapf-scen-even_scen-even_room-64-64-16-even-1_scen-agents100-idx0-seed42-1760998728419,0,0,12,0.003291,4,5,12,17,2,3,102,51,0.000000,0.052000,0.141000,0.082000,0.011603,1
_home_max_Documents_PhD_MAPF_LNS_MAPF_LNS_SAT_mapf-map_room-64-64-16_map-_home_max_Documents_PhD_MAPF_LNS_MAPF_LNS_SAT_mapf-scen-even_scen-even_room-64-64-16-even-1_scen-agents100-idx0-seed42-1760998728419,0,0,12,0.003291,4,6,12,17,2,3,125,65,0.000000,0.061000,0.107000,0.080000,0.008867,1
_home_max_Documents_PhD_MAPF_LNS_MAPF_LNS_SAT_mapf-map_room-64-64-16_map-_home_max_Documents_PhD_MAPF_LNS_MAPF_LNS_SAT_mapf-scen-even_scen-even_room-64-64-16-even-1_scen-agents100-idx0-seed42-1760998728419,0,0,5,0.001371,1,2,12,14,1,3,26,10,0.000000,0.009000,0.045000,0.028000,0.002460,1
_home_max_Documents_PhD_MAPF_LNS_MAPF_LNS_SAT_mapf-map_room-64-64-16_map-_home_max_Documents_PhD_MAPF_LNS_MAPF_LNS_SAT_mapf-scen-even_scen-even_room-64-64-16-even-1_scen-agents100-idx0-seed42-1760998728419,0,0,27,0.007405,11,9,13,23,8,17,33976,3965,0.004000,10.706000,16.833000,16.469000,0.252718,0
_home_max_Documents_PhD_MAPF_LNS_MAPF_LNS_SAT_mapf-map_room-64-64-16_map-_home_max_Documents_PhD_MAPF_LNS_MAPF_LNS_SAT_mapf-scen-even_scen-even_room-64-64-16-even-1_scen-agents100-idx0-seed42-1760998728419,0,1,49,0.013439,11,11,12,24,6,12,19761,2317,0.003000,5.756000,7.762000,7.436000,0.141980,0
_home_max_Documents_PhD_MAPF_LNS_MAPF_LNS_SAT_mapf-map_room-64-64-16_map-_home_max_Documents_PhD_MAPF_LNS_MAPF_LNS_SAT_mapf-scen-even_scen-even_room-64-64-16-even-1_scen-agents100-idx0-seed42-1760998728419,0,2,76,0.020845,11,12,11,25,2,4,712,327,0.000000,0.432000,0.461000,0.354000,0.034976,1
_home_max_Documents_PhD_MAPF_LNS_MAPF_LNS_SAT_mapf-map_room-64-64-16_map-_home_max_Documents_PhD_MAPF_LNS_MAPF_LNS_SAT_mapf-scen-even_scen-even_room-64-64-16-even-1_scen-agents100-idx0-seed42-1760998728419,0,0,7,0.001920,2,3,14,17,4,7,344,126,0.000000,0.138000,0.238000,0.201000,0.009920,0
_home_max_Documents_PhD_MAPF_LNS_MAPF_LNS_SAT_mapf-map_room-64-64-16_map-_home_max_Documents_PhD_MAPF_LNS_MAPF_LNS_SAT_mapf-scen-even_scen-even_room-64-64-16-even-1_scen-agents100-idx0-seed42-1760998728419,0,1,14,0.003840,2,5,13,18,1,2,47,25,0.000000,0.022000,0.095000,0.056000,0.013505,1
_home_max_Documents_PhD_MAPF_LNS_MAPF_LNS_SAT_mapf-map_room-64-64-16_map-_home_max_Documents_PhD_MAPF_LNS_MAPF_LNS_SAT_mapf-scen-even_scen-even_room-64-64-16-even-1_scen-agents100-idx0-seed42-1760998728419,0,0,8,0.002194,1,2,16,18,1,1,12,7,0.000000,0.006000,0.019000,0.013000,0.000996,1
_home_max_Documents_PhD_MAPF_LNS_MAPF_LNS_SAT_mapf-map_room-64-64-16_map-_home_max_Documents_PhD_MAPF_LNS_MAPF_LNS_SAT_mapf-scen-even_scen-even_room-64-64-16-even-1_scen-agents100-idx0-seed42-1760998728419,0,0,5,0.001371,1,2,18,20,4,7,187,74,0.000000,0.072000,0.152000,0.127000,0.006466,0
_home_max_Documents_PhD_MAPF_LNS_MAPF_LNS_SAT_mapf-map_room-64-64-16_map-_home_max_Documents_PhD_MAPF_LNS_MAPF_LNS_SAT_mapf-scen-even_scen-even_room-64-64-16-even-1_scen-agents100-idx0-seed42-1760998728419,0,1,13,0.003566,1,6,17,21,1,2,29,17,0.000000,0.016000,0.044000,0.026000,0.001241,1
_home_max_Documents_PhD_MAPF_LNS_MAPF_LNS_SAT_mapf-map_room-64-64-16_map-_home_max_Documents_PhD_MAPF_LNS_MAPF_LNS_SAT_mapf-scen-even_scen-even_room-64-64-16-even-1_scen-agents100-idx0-seed42-1760998728419,0,0,12,0.003291,3,4,19,23,4,7,665,199,0.000000,0.237000,0.370000,0.326000,0.012584,0
_home_max_Documents_PhD_MAPF_LNS_MAPF_LNS_SAT_mapf-map_room-64-64-16_map-_home_max_Documents_PhD_MAPF_LNS_MAPF_LNS_SAT_mapf-scen-even_scen-even_room-64-64-16-even-1_scen-agents100-idx0-seed42-1760998728419,0,1,21,0.005760,3,8,18,24,6,26,6847,1153,0.001000,2.376000,3.779000,3.266000,0.495331,1
_home_max_Documents_PhD_MAPF_LNS_MAPF_LNS_SAT_mapf-map_room-64-64-16_map-_home_max_Documents_PhD_MAPF_LNS_MAPF_LNS_SAT_mapf-scen-even_scen-even_room-64-64-16-even-1_scen-agents100-idx0-seed42-1760998728419,0,0,11,0.003017,3,3,19,23,2,3,74,36,0.000000,0.032000,0.078000,0.057000,0.004134,1
_home_max_Documents_PhD_MAPF_LNS_MAPF_LNS_SAT_mapf-map_room-64-64-16_map-_home_max_Documents_PhD_MAPF_LNS_MAPF_LNS_SAT_mapf-scen-even_scen-even_room-64-64-16-even-1_scen-agents100-idx0-seed42-1760998728419,0,0,4,0.001097,1,2,19,21,4,7,152,65,0.000000,0.058000,0.133000,0.105000,0.005963,0
_home_max_Documents_PhD_MAPF_LNS_MAPF_LNS_SAT_mapf-map_room-64-64-16_map-_home_max_Documents_PhD_MAPF_LNS_MAPF_LNS_SAT_mapf-scen-even_scen-even_room-64-64-16-even-1_scen-agents100-idx0-seed42-1760998728419,0,1,8,0.002194,1,2,18,22,5,10,705,216,0.000000,0.235000,0.434000,0.385000,0.030771,0
_home_max_Documents_PhD_MAPF_LNS_MAPF_LNS_SAT_mapf-map_room-64-64-16_map-_home_max_Documents_PhD_MAPF_LNS_MAPF_LNS_SAT_mapf-scen-even_scen-even_room-64-64-16-even-1_scen-agents100-idx0-seed42-1760998728419,0,2,15,0.004114,1,4,17,23,7,18,5755,1025,0.000000,1.745000,2.630000,2.465000,0.136266,0
_home_max_Documents_PhD_MAPF_LNS_MAPF_LNS_SAT_mapf-map_room-64-64-16_map-_home_max_Documents_PhD_MAPF_LNS_MAPF_LNS_SAT_mapf-scen-even_scen-even_room-64-64-16-even-1_scen-agents100-idx0-seed42-1760998728419,0,3,24,0.006583,1,5,16,24,6,14,6642,955,0.000000,1.929000,2.789000,2.653000,0.098294,0
_home_max_Documents_PhD_MAPF_LNS_MAPF_LNS_SAT_mapf-map_room-64-64-16_map-_home_max_Documents_PhD_MAPF_LNS_MAPF_LNS_SAT_mapf-scen-even_scen-even_room-64-64-16-even-1_scen-agents100-idx0-seed42-1760998728419,0,4,36,0.009874,1,8,15,25,5,9,11966,1596,0.002000,3.595000,5.726000,5.607000,0.081180,0
_home_max_Documents_PhD_MAPF_LNS_MAPF_LNS_SAT_mapf-map_room-64-64-16_map-_home_max_Documents_PhD_MAPF_LNS_MAPF_LNS_SAT_mapf-scen-even_scen-even_room-64-64-16-even-1_scen-agents100-idx0-seed42-1760998728419,0,5,52,0.014262,1,11,14,26,4,7,10981,1394,0.002000,3.232000,5.297000,5.186000,0.079834,0
_home_max_Documents_PhD_MAPF_LNS_MAPF_LNS_SAT_mapf-map_room-64-64-16_map-_home_max_Documents_PhD_MAPF_LNS_MAPF_LNS_SAT_mapf-scen-even_scen-even_room-64-64-16-even-1_scen-agents100-idx0-seed42-1760998728419,0,6,71,0.019473,1,14,13,27,4,7,28802,2490,0.002000,8.013000,15.942000,15.731000,0.177462,0
_home_max_Documents_PhD_MAPF_LNS_MAPF_LNS_SAT_mapf-map_room-64-64-16_map-_home_max_Documents_PhD_MAPF_LNS_MAPF_LNS_SAT_mapf-scen-even_scen-even_room-64-64-16-even-1_scen-agents100-idx0-seed42-1760998728419,0,7,93,0.025507,1,19,12,28,2,3,18928,1273,0.002000,5.059000,9.767000,9.692000,0.077750,0
_home_max_Documents_PhD_MAPF_LNS_MAPF_LNS_SAT_mapf-map_room-64-64-16_map-_home_max_Documents_PhD_MAPF_LNS_MAPF_LNS_SAT_mapf-scen-even_scen-even_room-64-64-16-even-1_scen-agents100-idx0-seed42-1760998728419,0,8,120,0.032913,1,23,11,29,2,3,35969,1857,0.002000,10.929000,18.111000,17.985000,0.137004,0
_home_max_Documents_PhD_MAPF_LNS_MAPF_LNS_SAT_mapf-map_room-64-64-16_map-_home_max_Documents_PhD_MAPF_LNS_MAPF_LNS_SAT_mapf-scen-even_scen-even_room-64-64-16-even-1_scen-agents100-idx0-seed42-1760998728419,0,9,152,0.041690,1,25,10,30,16,32,53569149,843347,0.089000,196002.566000,84629.910000,78876.412000,402.975193,0
_home_max_Documents_PhD_MAPF_LNS_MAPF_LNS_SAT_mapf-map_room-64-64-16_map-_home_max_Documents_PhD_MAPF_LNS_MAPF_LNS_SAT_mapf-scen-even_scen-even_room-64-64-16-even-1_scen-agents100-idx0-seed42-1760998728419,0,10,188,0.051563,1,28,9,31,5,9,698791,19488,0.015000,303.805000,429.992000,428.160000,3.049054,0
_home_max_Documents_PhD_MAPF_LNS_MAPF_LNS_SAT_mapf-map_room-64-64-16_map-_home_max_Documents_PhD_MAPF_LNS_MAPF_LNS_SAT_mapf-scen-even_scen-even_room-64-64-16-even-1_scen-agents100-idx0-seed42-1760998728419,0,11,229,0.062809,1,31,8,32,12,38,34533336,430436,0.059000,132025.641000,46801.361000,46623.540000,402.094449,1
_home_max_Documents_PhD_MAPF_LNS_MAPF_LNS_SAT_mapf-map_room-64-64-16_map-_home_max_Documents_PhD_MAPF_LNS_MAPF_LNS_SAT_mapf-scen-even_scen-even_room-64-64-16-even-1_scen-agents100-idx0-seed42-1760998728419,0,0,14,0.003840,4,3,20,25,1,2,41,20,0.000000,0.021000,0.089000,0.067000,0.005544,1
_home_max_Documents_PhD_MAPF_LNS_MAPF_LNS_SAT_mapf-map_room-64-64-16_map-_home_max_Documents_PhD_MAPF_LNS_MAPF_LNS_SAT_mapf-scen-even_scen-even_room-64-64-16-even-1_scen-agents100-idx0-seed42-1760998728419,0,0,8,0.002194,1,4,23,25,1,1,14,9,0.000000,0.012000,0.040000,0.029000,0.003077,1
_home_max_Documents_PhD_MAPF_LNS_MAPF_LNS_SAT_mapf-map_room-64-64-16_map-_home_max_Documents_PhD_MAPF_LNS_MAPF_LNS_SAT_mapf-scen-even_scen-even_room-64-64-16-even-1_scen-agents100-idx0-seed42-1760998728419,0,0,6,0.001646,1,2,23,25,2,3,33,18,0.000000,0.014000,0.062000,0.046000,0.002327,1
_home_max_Documents_PhD_MAPF_LNS_MAPF_LNS_SAT_mapf-map_room-64-64-16_map-_home_max_Documents_PhD_MAPF_LNS_MAPF_LNS_SAT_mapf-scen-even_scen-even_room-64-64-16-even-1_scen-agents100-idx0-seed42-1760998728419,0,0,10,0.002743,2,6,24,27,1,2,36,20,0.000000,0.021000,0.053000,0.035000,0.002251,1
_home_max_Documents_PhD_MAPF_LNS_MAPF_LNS_SAT_mapf-map_room-64-64-16_map-_home_max_Documents_PhD_MAPF_LNS_MAPF_LNS_SAT_mapf-scen-even_scen-even_room-64-64-16-even-1_scen-agents100-idx0-seed42-1760998728419,0,0,11,0.003017,2,5,25,28,3,5,216,86,0.000000,0.094000,0.182000,0.151000,0.010404,1
_home_max_Documents_PhD_MAPF_LNS_MAPF_LNS_SAT_mapf-map_room-64-64-16_map-_home_max_Documents_PhD_MAPF_LNS_MAPF_LNS_SAT_mapf-scen-even_scen-even_room-64-64-16-even-1_scen-agents100-idx0-seed42-1760998728419,0,0,7,0.001920,1,4,25,27,7,13,3196,908,0.000000,1.435000,1.626000,1.519000,0.045087,0
_home_max_Documents_PhD_MAPF_LNS_MAPF_LNS_SAT_mapf-map_room-64-64-16_map-_home_max_Documents_PhD_MAPF_LNS_MAPF_LNS_SAT_mapf-scen-even_scen-even_room-64-64-16-even-1_scen-agents100-idx0-seed42-1760998728419,0,1,14,0.003840,1,5,24,28,1,2,36,20,0.000000,0.021000,0.054000,0.035000,0.001844,1
_home_max_Documents_PhD_MAPF_LNS_MAPF_LNS_SAT_mapf-map_room-64-64-16_map-_home_max_Documents_PhD_MAPF_LNS_MAPF_LNS_SAT_mapf-scen-even_scen-even_room-64-64-16-even-1_scen-agents100-idx0-seed42-1760998728419,0,0,9,0.002468,2,5,26,29,5,47,2050,490,0.000000,0.619000,2.801000,2.133000,1.042779,1
_home_max_Documents_PhD_MAPF_LNS_MAPF_LNS_SAT_mapf-map_room-64-64-16_map-_home_max_Documents_PhD_MAPF_LNS_MAPF_LNS_SAT_mapf-scen-even_scen-even_room-64-64-16-even-1_scen-agents100-idx0-seed42-1760998728419,0,0,5,0.001371,1,3,27,29,1,2,26,11,0.000000,0.012000,0.049000,0.033000,0.002437,1
_home_max_Documents_PhD_MAPF_LNS_MAPF_LNS_SAT_mapf-map_room-64-64-16_map-_home_max_Documents_PhD_MAPF_LNS_MAPF_LNS_SAT_mapf-scen-even_scen-even_room-64-64-16-even-1_scen-agents100-idx0-seed42-1760998728419,0,0,5,0.001371,1,2,28,30,4,7,252,100,0.000000,0.113000,0.205000,0.170000,0.006951,0
_home_max_Documents_PhD_MAPF_LNS_MAPF_LNS_SAT_mapf-map_room-64-64-16_map-_home_max_Documents_PhD_MAPF_LNS_MAPF_LNS_SAT_mapf-scen-even_scen-even_room-64-64-16-even-1_scen-agents100-idx0-seed42-1760998728419,0,1,11,0.003017,1,4,27,31,2,3,67,36,0.000000,0.037000,0.063000,0.050000,0.001036,0
_home_max_Documents_PhD_MAPF_LNS_MAPF_LNS_SAT_mapf-map_room-64-64-16_map-_home_max_Documents_PhD_MAPF_LNS_MAPF_LNS_SAT_mapf-scen-even_scen-even_room-64-64-16-even-1_scen-agents100-idx0-seed42-1760998728419,0,2,21,0.005760,1,7,26,32,2,3,148,76,0.000000,0.092000,0.101000,0.082000,0.001972,0
_home_max_Documents_PhD_MAPF_LNS_MAPF_LNS_SAT_mapf-map_room-64-64-16_map-_home_max_Documents_PhD_MAPF_LNS_MAPF_LNS_SAT_mapf-scen-even_scen-even_room-64-64-16-even-1_scen-agents100-idx0-seed42-1760998728419,0,3,35,0.009600,1,13,25,33,4,7,4409,827,0.001000,1.726000,1.906000,1.809000,0.034391,0
_home_max_Documents_PhD_MAPF_LNS_MAPF_LNS_SAT_mapf-map_room-64-64-16_map-_home_max_Documents_PhD_MAPF_LNS_MAPF_LNS_SAT_mapf-scen-even_scen-even_room-64-64-16-even-1_scen-agents100-idx0-seed42-1760998728419,0,4,53,0.014536,1,15,24,34,9,18,738462,35462,0.014000,578.482000,563.792000,559.632000,6.995126,0
_home_max_Documents_PhD_MAPF_LNS_MAPF_LNS_SAT_mapf-map_room-64-64-16_map-_home_max_Documents_PhD_MAPF_LNS_MAPF_LNS_SAT_mapf-scen-even_scen-even_room-64-64-16-even-1_scen-agents100-idx0-seed42-1760998728419,0,5,73,0.020022,1,20,23,35,8,15,790774,32142,0.016000,664.795000,375.483000,373.239000,3.778112,0
_home_max_Documents_PhD_MAPF_LNS_MAPF_LNS_SAT_mapf-map_room-64-64-16_map-_home_max_Documents_PhD_MAPF_LNS_MAPF_LNS_SAT_mapf-scen-even_scen-even_room-64-64-16-even-1_scen-agents100-idx0-seed42-1760998728419,0,6,95,0.026056,1,24,22,36,3,5,55830,4530,0.003000,17.450000,21.649000,21.379000,0.357755,0
_home_max_Documents_PhD_MAPF_LNS_MAPF_LNS_SAT_mapf-map_room-64-64-16_map-_home_max_Documents_PhD_MAPF_LNS_MAPF_LNS_SAT_mapf-scen-even_scen-even_room-64-64-16-even-1_scen-agents100-idx0-seed42-1760998728419,0,7,121,0.033187,1,24,21,37,9,18,5420363,133808,0.026000,12402.855000,7589.741000,7566.921000,45.930886,0
_home_max_Documents_PhD_MAPF_LNS_MAPF_LNS_SAT_mapf-map_room-64-64-16_map-_home_max_Documents_PhD_MAPF_LNS_MAPF_LNS_SAT_mapf-scen-even_scen-even_room-64-64-16-even-1_scen-agents100-idx0-seed42-1760998728419,0,8,149,0.040867,1,26,20,38,3,5,164168,8913,0.004000,58.755000,63.743000,63.060000,1.058461,0
_home_max_Documents_PhD_MAPF_LNS_MAPF_LNS_SAT_mapf-map_room-64-64-16_map-_home_max_Documents_PhD_MAPF_LNS_MAPF_LNS_SAT_mapf-scen-even_scen-even_room-64-64-16-even-1_scen-agents100-idx0-seed42-1760998728419,0,9,183,0.050192,1,28,19,39,5,42,1110842,36631,0.011000,802.010000,595.445000,578.166000,43.534828,1
_home_max_Documents_PhD_MAPF_LNS_MAPF_LNS_SAT_mapf-map_room-64-64-16_map-_home_max_Documents_PhD_MAPF_LNS_MAPF_LNS_SAT_mapf-scen-even_scen-even_room-64-64-16-even-1_scen-agents100-idx0-seed42-1760998728419,0,0,5,0.001371,1,3,29,31,1,1,25,11,0.000000,0.015000,0.046000,0.036000,0.004118,1
_home_max_Documents_PhD_MAPF_LNS_MAPF_LNS_SAT_mapf-map_room-64-64-16_map-_home_max_Documents_PhD_MAPF_LNS_MAPF_LNS_SAT_mapf-scen-even_scen-even_room-64-64-16-even-1_scen-agents100-idx0-seed42-1760998728419,0,0,18,0.004937,9,7,30,38,11,30,260544,30731,0.010000,167.021000,153.841000,151.132000,2.853530,0
_home_max_Documents_PhD_MAPF_LNS_MAPF_LNS_SAT_mapf-map_room-64-64-16_map-_home_max_Documents_PhD_MAPF_LNS_MAPF_LNS_SAT_mapf-scen-even_scen-even_room-64-64-16-even-1_scen-agents100-idx0-seed42-1760998728419,0,1,34,0.009325,9,8,29,39,8,30,148028,11519,0.004000,63.538000,61.974000,60.712000,2.596679,0
_home_max_Documents_PhD_MAPF_LNS_MAPF_LNS_SAT_mapf-map_room-64-64-16_map-_home_max_Documents_PhD_MAPF_LNS_MAPF_LNS_SAT_mapf-scen-even_scen-even_room-64-64-16-even-1_scen-agents100-idx0-seed42-1760998728419,0,2,55,0.015085,9,10,28,40,4,13,9698,1558,0.001000,3.538000,4.740000,4.382000,0.374168,1
_home_max_Documents_PhD_MAPF_LNS_MAPF_LNS_SAT_mapf-map_room-64-64-16_map-_home_max_Documents_PhD_MAPF_LNS_MAPF_LNS_SAT_mapf-scen-even_scen-even_room-64-64-16-even-1_scen-agents100-idx0-seed42-1760998728419,0,0,9,0.002468,3,5,30,34,3,5,208,87,0.000000,0.109000,0.139000,0.111000,0.003431,0
_home_max_Documents_PhD_MAPF_LNS_MAPF_LNS_SAT_mapf-map_room-64-64-16_map-_home_max_Documents_PhD_MAPF_LNS_MAPF_LNS_SAT_mapf-scen-even_scen-even_room-64-64-16-even-1_scen-agents100-idx0-seed42-1760998728419,0,1,19,0.005211,3,8,29,35,3,5,373,156,0.000000,0.211000,0.256000,0.201000,0.022740,1
_home_max_Documents_PhD_MAPF_LNS_MAPF_LNS_SAT_mapf-map_room-64-64-16_map-_home_max_Documents_PhD_MAPF_LNS_MAPF_LNS_SAT_mapf-scen-even_scen-even_room-64-64-16-even-1_scen-agents100-idx0-seed42-1760998728419,0,0,7,0.001920,2,4,30,32,4,7,317,109,0.000000,0.125000,0.206000,0.172000,0.007259,0
_home_max_Documents_PhD_MAPF_LNS_MAPF_LNS_SAT_mapf-map_room-64-64-16_map-_home_max_Documents_PhD_MAPF_LNS_MAPF_LNS_SAT_mapf-scen-even_scen-even_room-64-64-16-even-1_scen-agents100-idx0-seed42-1760998728419,0,1,14,0.003840,2,5,29,33,1,1,37,21,0.000000,0.022000,0.032000,0.022000,0.001303,1
_home_max_Documents_PhD_MAPF_LNS_MAPF_LNS_SAT_mapf-map_room-64-64-16_map-_home_max_Documents_PhD_MAPF_LNS_MAPF_LNS_SAT_mapf-scen-even_scen-even_room-64-64-16-even-1_scen-agents100-idx0-seed42-1760998728419,0,0,9,0.002468,4,5,31,34,8,15,10894,2450,0.003000,5.543000,4.930000,4.598000,0.161600,0
_home_max_Documents_PhD_MAPF_LNS_MAPF_LNS_SAT_mapf-map_room-64-64-16_map-_home_max_Documents_PhD_MAPF_LNS_MAPF_LNS_SAT_mapf-scen-even_scen-even_room-64-64-16-even-1_scen-agents100-idx0-seed42-1760998728419,0,1,19,0.005211,4,7,30,35,7,17,22340,3018,0.003000,9.023000,9.410000,9.090000,0.243311,0
_home_max_Documents_PhD_MAPF_LNS_MAPF_LNS_SAT_mapf-map_room-64-64-16_map-_home_max_Documents_PhD_MAPF_LNS_MAPF_LNS_SAT_mapf-scen-even_scen-even_room-64-64-16-even-1_scen-agents100-idx0-seed42-1760998728419,0,2,34,0.009325,4,9,29,36,9,19,144693,10735,0.005000,67.954000,73.274000,72.471000,0.968887,0
_home_max_Documents_PhD_MAPF_LNS_MAPF_LNS_SAT_mapf-map_room-64-64-16_map-_home_max_Documents_PhD_MAPF_LNS_MAPF_LNS_SAT_mapf-scen-even_scen-even_room-64-64-16-even-1_scen-agents100-idx0-seed42-1760998728419,0,3,52,0.014262,4,12,28,37,7,14,82652,5632,0.004000,35.570000,33.423000,32.927000,0.472135,0
_home_max_Documents_PhD_MAPF_LNS_MAPF_LNS_SAT_mapf-map_room-64-64-16_map-_home_max_Documents_PhD_MAPF_LNS_MAPF_LNS_SAT_mapf-scen-even_scen-even_room-64-64-16-even-1_scen-agents100-idx0-seed42-1760998728419,0,4,74,0.020296,4,16,27,38,6,12,96966,5932,0.005000,47.576000,37.632000,37.222000,0.393347,0
_home_max_Documents_PhD_MAPF_LNS_MAPF_LNS_SAT_mapf-map_room-64-64-16_map-_home_max_Documents_PhD_MAPF_LNS_MAPF_LNS_SAT_mapf-scen-even_scen-even_room-64-64-16-even-1_scen-agents100-idx0-seed42-1760998728419,0,5,100,0.027427,4,18,26,39,2,7,2442,604,0.002000,1.272000,1.409000,1.128000,0.090679,1
_home_max_Documents_PhD_MAPF_LNS_MAPF_LNS_SAT_mapf-map_room-64-64-16_map-_home_max_Documents_PhD_MAPF_LNS_MAPF_LNS_SAT_mapf-scen-even_scen-even_room-64-64-16-even-1_scen-agents100-idx0-seed42-1760998728419,0,0,10,0.002743,7,6,42,46,5,10,2520,656,0.000000,1.084000,1.239000,1.137000,0.050617,0
_home_max_Documents_PhD_MAPF_LNS_MAPF_LNS_SAT_mapf-map_room-64-64-16_map-_home_max_Documents_PhD_MAPF_LNS_MAPF_LNS_SAT_mapf-scen-even_scen-even_room-64-64-16-even-1_scen-agents100-idx0-seed42-1760998728419,0,1,17,0.004663,7,6,41,47,4,7,2420,592,0.000000,1.029000,1.117000,1.050000,0.028125,0
_home_max_Documents_PhD_MAPF_LNS_MAPF_LNS_SAT_mapf-map_room-64-64-16_map-_home_max_Documents_PhD_MAPF_LNS_MAPF_LNS_SAT_mapf-scen-even_scen-even_room-64-64-16-even-1_scen-agents100-idx0-seed42-1760998728419,0,2,27,0.007405,7,8,40,48,3,5,1126,384,0.000000,0.675000,0.563000,0.511000,0.014409,0
_home_max_Documents_PhD_MAPF_LNS_MAPF_LNS_SAT_mapf-map_room-64-64-16_map-_home_max_Documents_PhD_MAPF_LNS_MAPF_LNS_SAT_mapf-scen-even_scen-even_room-64-64-16-even-1_scen-agents100-idx0-seed42-1760998728419,0,3,38,0.010422,7,14,39,49,2,3,484,235,0.001000,0.491000,0.252000,0.212000,0.004041,0
_home_max_Documents_PhD_MAPF_LNS_MAPF_LNS_SAT_mapf-map_room-64-64-16_map-_home_max_Documents_PhD_MAPF_LNS_MAPF_LNS_SAT_mapf-scen-even_scen-even_room-64-64-16-even-1_scen-agents100-idx0-seed42-1760998728419,0,4,51,0.013988,7,16,38,50,2,3,783,358,0.002000,0.805000,0.382000,0.332000,0.006172,0
_home_max_Documents_PhD_MAPF_LNS_MAPF_LNS_SAT_mapf-map_room-64-64-16_map-_home_max_Documents_PhD_MAPF_LNS_MAPF_LNS_SAT_mapf-scen-even_scen-even_room-64-64-16-even-1_scen-agents100-idx0-seed42-1760998728419,0,5,113,0.030993,10,21,37,52,12,24,11555108,284955,0.044000,34754.494000,16662.366000,16598.330000,93.453688,0
_home_max_Documents_PhD_MAPF_LNS_MAPF_LNS_SAT_mapf-map_room-64-64-16_map-_home_max_Documents_PhD_MAPF_LNS_MAPF_LNS_SAT_mapf-scen-even_scen-even_room-64-64-16-even-1_scen-agents100-idx0-seed42-1760998728419,0,6,137,0.037575,10,25,36,53,8,15,2095728,71669,0.021000,2607.100000,1302.210000,1297.494000,7.921254,0
_home_max_Documents_PhD_MAPF_LNS_MAPF_LNS_SAT_mapf-map_room-64-64-16_map-_home_max_Documents_PhD_MAPF_LNS_MAPF_LNS_SAT_mapf-scen-even_scen-even_room-64-64-16-even-1_scen-agents100-idx0-seed42-1760998728419,0,7,162,0.044432,10,28,35,54,8,15,2554012,77393,0.021000,3065.854000,1742.936000,1737.209000,9.623832,0
_home_max_Documents_PhD_MAPF_LNS_MAPF_LNS_SAT_mapf-map_room-64-64-16_map-_home_max_Documents_PhD_MAPF_LNS_MAPF_LNS_SAT_mapf-scen-even_scen-even_room-64-64-16-even-1_scen-agents100-idx0-seed42-1760998728419,0,8,188,0.051563,10,32,34,55,9,17,7064050,161650,0.028000,16401.818000,5404.580000,5387.150000,28.805833,0
_home_max_Documents_PhD_MAPF_LNS_MAPF_LNS_SAT_mapf-map_room-64-64-16_map-_home_max_Documents_PhD_MAPF_LNS_MAPF_LNS_SAT_mapf-scen-even_scen-even_room-64-64-16-even-1_scen-agents100-idx0-seed42-1760998728419,0,9,215,0.058969,10,33,33,56,7,13,2296044,75750,0.019000,3881.985000,1482.001000,1475.966000,8.051556,0
_home_max_Documents_PhD_MAPF_LNS_MAPF_LNS_SAT_mapf-map_room-64-64-16_map-_home_max_Documents_PhD_MAPF_LNS_MAPF_LNS_SAT_mapf-scen-even_scen-even_room-64-64-16-even-1_scen-agents200-idx0-seed42-1760999327520,0,0,8,0.002194,2,6,0,3,3,6,214,89,0.000000,0.080000,0.264000,0.217000,0.019649,1
_home_max_Documents_PhD_MAPF_LNS_MAPF_LNS_SAT_mapf-map_room-64-64-16_map-_home_max_Documents_PhD_MAPF_LNS_MAPF_LNS_SAT_mapf-scen-even_scen-even_room-64-64-16-even-1_scen-agents200-idx0-seed42-1760999327520,0,0,8,0.002194,2,2,0,3,1,1,20,11,0.000000,0.010000,0.034000,0.025000,0.002991,1
_home_max_Documents_PhD_MAPF_LNS_MAPF_LNS_SAT_mapf-map_room-64-64-16_map-_home_max_Documents_PhD_MAPF_LNS_MAPF_LNS_SAT_mapf-scen-even_scen-even_room-64-64-16-even-1_scen-agents200-idx0-seed42-1760999327520,0,0,5,0.001371,1,4,0,2,2,3,34,20,0.000000,0.018000,0.075000,0.053000,0.005260,1
_home_max_Documents_PhD_MAPF_LNS_MAPF_LNS_SAT_mapf-map_room-64-64-16_map-_home_max_Documents_PhD_MAPF_LNS_MAPF_LNS_SAT_mapf-scen-even_scen-even_room-64-64-16-even-1_scen-agents200-idx0-seed42-1760999327520,0,0,5,0.001371,1,2,0,2,2,3,29,16,0.000000,0.015000,0.072000,0.047000,0.004491,1
_home_max_Documents_PhD_MAPF_LNS_MAPF_LNS_SAT_mapf-map_room-64-64-16_map-_home_max_Documents_PhD_MAPF_LNS_MAPF_LNS_SAT_mapf-scen-even_scen-even_room-64-64-16-even-1_scen-agents200-idx0-seed42-1760999327520,0,0,16,0.004388,6,4,1,7,8,18,19831,3088,0.002000,6.050000,12.077000,11.800000,0.218532,0
_home_max_Documents_PhD_MAPF_LNS_MAPF_LNS_SAT_mapf-map_room-64-64-16_map-_home_max_Documents_PhD_MAPF_LNS_MAPF_LNS_SAT_mapf-scen-even_scen-even_room-64-64-16-even-1_scen-agents200-idx0-seed42-1760999327520,0,1,42,0.011519,7,10,0,8,6,16,20581,2127,0.004000,6.145000,11.473000,11.055000,0.383020,1
_home_max_Documents_PhD_MAPF_LNS_MAPF_LNS_SAT_mapf-map_room-64-64-16_map-_home_max_Documents_PhD_MAPF_LNS_MAPF_LNS_SAT_mapf-scen-even_scen-even_room-64-64-16-even-1_scen-agents200-idx0-seed42-1760999327520,0,0,13,0.003566,5,6,1,7,2,4,174,78,0.001000,0.067000,0.184000,0.141000,0.014410,1
_home_max_Documents_PhD_MAPF_LNS_MAPF_LNS_SAT_mapf-map_room-64-64-16_map-_home_max_Documents_PhD_MAPF_LNS_MAPF_LNS_SAT_mapf-scen-even_scen-even_room-64-64-16-even-1_scen-agents200-idx0-seed42-1760999327520,0,0,183,0.050192,560,57,2,52,2,3,25444,9208,0.007000,87.797000,10.775000,9.656000,0.164710,0
_home_max_Documents_PhD_MAPF_LNS_MAPF_LNS_SAT_mapf-map_room-64-64-16_map-_home_max_Documents_PhD_MAPF_LNS_MAPF_LNS_SAT_mapf-scen-even_scen-even_room-64-64-16-even-1_scen-agents200-idx0-seed42-1760999327520,0,1,949,0.260285,1801,185,1,54,2,3,13167612,198053,33.983000,58089.708000,16250.283000,15319.717000,45.230301,0
