experiment_id,makespan_attempt,zone_attempt,waiting_attempt,iteration,clauses_before,variables,clauses_added,total_clauses_after,new_vertex_collisions,new_edge_collisions,total_vertex_collisions,total_edge_collisions,iteration_wall_ms,solver_wall_ms,solver_reported_ms,used_assumptions,reset_solver,satisfiable,num_decisions,num_propagations
_home_max_Documents_PhD_MAPF_LNS_MAPF_LNS_SAT_mapf-map_room-64-64-8_map-_home_max_Documents_PhD_MAPF_LNS_MAPF_LNS_SAT_mapf-scen-even_scen-even_room-64-64-8-even-1_scen-agents10-idx1-seed42-1783617171972,0,0,0,1,70,36,14,84,14,0,14,0,0.084000,0.067000,0.011317,0,1,1,2,36
_home_max_Documents_PhD_MAPF_LNS_MAPF_LNS_SAT_mapf-map_room-64-64-8_map-_home_max_Documents_PhD_MAPF_LNS_MAPF_LNS_SAT_mapf-scen-even_scen-even_room-64-64-8-even-1_scen-agents10-idx1-seed42-1783617171972,0,0,0,2,84,36,0,84,0,0,14,0,0.036000,0.034000,0.000000,1,1,0,0,0
_home_max_Documents_PhD_MAPF_LNS_MAPF_LNS_SAT_mapf-map_room-64-64-8_map-_home_max_Documents_PhD_MAPF_LNS_MAPF_LNS_SAT_mapf-scen-even_scen-even_room-64-64-8-even-1_scen-agents10-idx1-seed42-1783617171972,0,0,1,1,116,52,0,116,0,0,14,0,0.067000,0.057000,0.006126,0,1,1,2,52
_home_max_Documents_PhD_MAPF_LNS_MAPF_LNS_SAT_mapf-map_room-64-64-8_map-_home_max_Documents_PhD_MAPF_LNS_MAPF_LNS_SAT_mapf-scen-even_scen-even_room-64-64-8-even-1_scen-agents10-idx1-seed42-1783617171972,0,0,0,1,10,6,1,11,0,1,0,1,0.019000,0.013000,0.000770,0,1,1,1,6
_home_max_Documents_PhD_MAPF_LNS_MAPF_LNS_SAT_mapf-map_room-64-64-8_map-_home_max_Documents_PhD_MAPF_LNS_MAPF_LNS_SAT_mapf-scen-even_scen-even_room-64-64-8-even-1_scen-agents10-idx1-seed42-1783617171972,0,0,0,2,11,6,0,11,0,0,0,1,0.002000,0.001000,0.000000,0,0,0,0,0
_home_max_Documents_PhD_MAPF_LNS_MAPF_LNS_SAT_mapf-map_room-64-64-8_map-_home_max_Documents_PhD_MAPF_LNS_MAPF_LNS_SAT_mapf-scen-even_scen-even_room-64-64-8-even-1_scen-agents10-idx1-seed42-1783617171972,0,0,1,1,19,10,1,20,1,0,1,1,0.022000,0.017000,0.001254,0,1,1,2,10
_home_max_Documents_PhD_MAPF_LNS_MAPF_LNS_SAT_mapf-map_room-64-64-8_map-_home_max_Documents_PhD_MAPF_LNS_MAPF_LNS_SAT_mapf-scen-even_scen-even_room-64-64-8-even-1_scen-agents10-idx1-seed42-1783617171972,0,0,1,2,20,10,0,20,0,0,1,1,0.001000,0.001000,0.000000,0,0,0,0,0
_home_max_Documents_PhD_MAPF_LNS_MAPF_LNS_SAT_mapf-map_room-64-64-8_map-_home_max_Documents_PhD_MAPF_LNS_MAPF_LNS_SAT_mapf-scen-even_scen-even_room-64-64-8-even-1_scen-agents10-idx1-seed42-1783617171972,0,0,2,1,91,30,1,92,0,1,1,2,0.060000,0.054000,0.004116,0,1,1,14,30
_home_max_Documents_PhD_MAPF_LNS_MAPF_LNS_SAT_mapf-map_room-64-64-8_map-_home_max_Documents_PhD_MAPF_LNS_MAPF_LNS_SAT_mapf-scen-even_scen-even_room-64-64-8-even-1_scen-agents10-idx1-seed42-1783617171972,0,0,2,2,92,30,1,93,1,0,2,2,0.010000,0.005000,0.001577,0,0,1,16,51
_home_max_Documents_PhD_MAPF_LNS_MAPF_LNS_SAT_mapf-map_room-64-64-8_map-_home_max_Documents_PhD_MAPF_LNS_MAPF_LNS_SAT_mapf-scen-even_scen-even_room-64-64-8-even-1_scen-agents10-idx1-seed42-1783617171972,0,0,2,3,93,30,0,93,0,0,2,2,0.003000,0.003000,0.001569,0,0,0,18,67
_home_max_Documents_PhD_MAPF_LNS_MAPF_LNS_SAT_mapf-map_room-64-64-8_map-_home_max_Documents_PhD_MAPF_LNS_MAPF_LNS_SAT_mapf-scen-even_scen-even_room-64-64-8-even-1_scen-agents10-idx1-seed42-1783617171972,0,0,3,1,237,60,5,242,4,1,6,3,0.135000,0.125000,0.007421,0,1,1,20,60
_home_max_Documents_PhD_MAPF_LNS_MAPF_LNS_SAT_mapf-map_room-64-64-8_map-_home_max_Documents_PhD_MAPF_LNS_MAPF_LNS_SAT_mapf-scen-even_scen-even_room-64-64-8-even-1_scen-agents10-idx1-seed42-1783617171972,0,0,3,2,242,60,0,242,0,0,6,3,0.003000,0.002000,0.000000,0,0,0,0,0
_home_max_Documents_PhD_MAPF_LNS_MAPF_LNS_SAT_mapf-map_room-64-64-8_map-_home_max_Documents_PhD_MAPF_LNS_MAPF_LNS_SAT_mapf-scen-even_scen-even_room-64-64-8-even-1_scen-agents10-idx1-seed42-1783617171972,0,0,4,1,548,127,5,553,5,0,11,3,0.274000,0.261000,0.017658,0,1,1,47,133
_home_max_Documents_PhD_MAPF_LNS_MAPF_LNS_SAT_mapf-map_room-64-64-8_map-_home_max_Documents_PhD_MAPF_LNS_MAPF_LNS_SAT_mapf-scen-even_scen-even_room-64-64-8-even-1_scen-agents10-idx1-seed42-1783617171972,0,0,4,2,553,127,0,553,0,0,11,3,0.003000,0.002000,0.000000,0,0,0,0,0
_home_max_Documents_PhD_MAPF_LNS_MAPF_LNS_SAT_mapf-map_room-64-64-8_map-_home_max_Documents_PhD_MAPF_LNS_MAPF_LNS_SAT_mapf-scen-even_scen-even_room-64-64-8-even-1_scen-agents10-idx1-seed42-1783617171972,0,0,5,1,795,179,4,799,2,2,13,5,0.368000,0.353000,0.024835,0,1,1,54,187
_home_max_Documents_PhD_MAPF_LNS_MAPF_LNS_SAT_mapf-map_room-64-64-8_map-_home_max_Documents_PhD_MAPF_LNS_MAPF_LNS_SAT_mapf-scen-even_scen-even_room-64-64-8-even-1_scen-agents10-idx1-seed42-1783617171972,0,0,5,2,799,179,0,799,0,0,13,5,0.002000,0.002000,0.000000,0,0,0,0,0
_home_max_Documents_PhD_MAPF_LNS_MAPF_LNS_SAT_mapf-map_room-64-64-8_map-_home_max_Documents_PhD_MAPF_LNS_MAPF_LNS_SAT_mapf-scen-even_scen-even_room-64-64-8-even-1_scen-agents10-idx1-seed42-1783617171972,0,0,6,1,1386,308,11,1397,8,3,21,8,0.628000,0.604000,0.038811,0,1,1,93,318
_home_max_Documents_PhD_MAPF_LNS_MAPF_LNS_SAT_mapf-map_room-64-64-8_map-_home_max_Documents_PhD_MAPF_LNS_MAPF_LNS_SAT_mapf-scen-even_scen-even_room-64-64-8-even-1_scen-agents10-idx1-seed42-1783617171972,0,0,6,2,1397,308,0,1397,0,0,21,8,0.021000,0.004000,0.000000,0,0,0,0,0
_home_max_Documents_PhD_MAPF_LNS_MAPF_LNS_SAT_mapf-map_room-64-64-8_map-_home_max_Documents_PhD_MAPF_LNS_MAPF_LNS_SAT_mapf-scen-even_scen-even_room-64-64-8-even-1_scen-agents10-idx1-seed42-1783617171972,0,0,7,1,2363,497,16,2379,7,9,28,17,1.077000,1.038000,0.064767,0,1,1,149,522
_home_max_Documents_PhD_MAPF_LNS_MAPF_LNS_SAT_mapf-map_room-64-64-8_map-_home_max_Documents_PhD_MAPF_LNS_MAPF_LNS_SAT_mapf-scen-even_scen-even_room-64-64-8-even-1_scen-agents10-idx1-seed42-1783617171972,0,0,7,2,2379,497,0,2379,0,0,28,17,0.005000,0.005000,0.000000,0,0,0,0,0
_home_max_Documents_PhD_MAPF_LNS_MAPF_LNS_SAT_mapf-map_room-64-64-8_map-_home_max_Documents_PhD_MAPF_LNS_MAPF_LNS_SAT_mapf-scen-even_scen-even_room-64-64-8-even-1_scen-agents10-idx1-seed42-1783617171972,0,0,8,1,3487,715,20,3507,14,6,42,23,1.474000,1.434000,0.077391,0,1,1,218,752
_home_max_Documents_PhD_MAPF_LNS_MAPF_LNS_SAT_mapf-map_room-64-64-8_map-_home_max_Documents_PhD_MAPF_LNS_MAPF_LNS_SAT_mapf-scen-even_scen-even_room-64-64-8-even-1_scen-agents10-idx1-seed42-1783617171972,0,0,8,2,3507,715,15,3522,11,4,53,27,0.147000,0.114000,0.053196,0,0,1,439,1555
_home_max_Documents_PhD_MAPF_LNS_MAPF_LNS_SAT_mapf-map_room-64-64-8_map-_home_max_Documents_PhD_MAPF_LNS_MAPF_LNS_SAT_mapf-scen-even_scen-even_room-64-64-8-even-1_scen-agents10-idx1-seed42-1783617171972,0,0,8,3,3522,715,6,3528,5,1,58,28,0.101000,0.072000,0.060419,0,0,1,731,2645
_home_max_Documents_PhD_MAPF_LNS_MAPF_LNS_SAT_mapf-map_room-64-64-8_map-_home_max_Documents_PhD_MAPF_LNS_MAPF_LNS_SAT_mapf-scen-even_scen-even_room-64-64-8-even-1_scen-agents10-idx1-seed42-1783617171972,0,0,8,4,3528,715,9,3537,6,3,64,31,0.086000,0.060000,0.054311,0,0,1,953,3540
_home_max_Documents_PhD_MAPF_LNS_MAPF_LNS_SAT_mapf-map_room-64-64-8_map-_home_max_Documents_PhD_MAPF_LNS_MAPF_LNS_SAT_mapf-scen-even_scen-even_room-64-64-8-even-1_scen-agents10-idx1-seed42-1783617171972,0,0,8,5,3537,715,5,3542,2,3,66,34,0.084000,0.061000,0.053089,0,0,1,1126,4350
_home_max_Documents_PhD_MAPF_LNS_MAPF_LNS_SAT_mapf-map_room-64-64-8_map-_home_max_Documents_PhD_MAPF_LNS_MAPF_LNS_SAT_mapf-scen-even_scen-even_room-64-64-8-even-1_scen-agents10-idx1-seed42-1783617171972,0,0,8,6,3542,715,9,3551,8,1,74,35,0.092000,0.066000,0.059719,0,0,1,1324,5262
_home_max_Documents_PhD_MAPF_LNS_MAPF_LNS_SAT_mapf-map_room-64-64-8_map-_home_max_Documents_PhD_MAPF_LNS_MAPF_LNS_SAT_mapf-scen-even_scen-even_room-64-64-8-even-1_scen-agents10-idx1-seed42-1783617171972,0,0,8,7,3551,715,4,3555,4,0,78,35,0.085000,0.064000,0.056085,0,0,1,1529,6101
_home_max_Documents_PhD_MAPF_LNS_MAPF_LNS_SAT_mapf-map_room-64-64-8_map-_home_max_Documents_PhD_MAPF_LNS_MAPF_LNS_SAT_mapf-scen-even_scen-even_room-64-64-8-even-1_scen-agents10-idx1-seed42-1783617171972,0,0,8,8,3555,715,2,3557,0,2,78,37,0.070000,0.050000,0.046004,0,0,1,1643,6799
_home_max_Documents_PhD_MAPF_LNS_MAPF_LNS_SAT_mapf-map_room-64-64-8_map-_home_max_Documents_PhD_MAPF_LNS_MAPF_LNS_SAT_mapf-scen-even_scen-even_room-64-64-8-even-1_scen-agents10-idx1-seed42-1783617171972,0,0,8,9,3557,715,4,3561,4,0,82,37,0.068000,0.048000,0.043023,0,0,1,1773,7497
_home_max_Documents_PhD_MAPF_LNS_MAPF_LNS_SAT_mapf-map_room-64-64-8_map-_home_max_Documents_PhD_MAPF_LNS_MAPF_LNS_SAT_mapf-scen-even_scen-even_room-64-64-8-even-1_scen-agents10-idx1-seed42-1783617171972,0,0,8,10,3561,715,3,3564,0,3,82,40,0.070000,0.048000,0.043120,0,0,1,1902,8195
_home_max_Documents_PhD_MAPF_LNS_MAPF_LNS_SAT_mapf-map_room-64-64-8_map-_home_max_Documents_PhD_MAPF_LNS_MAPF_LNS_SAT_mapf-scen-even_scen-even_room-64-64-8-even-1_scen-agents10-idx1-seed42-1783617171972,0,0,8,11,3564,715,1,3565,1,0,83,40,0.078000,0.059000,0.054193,0,0,1,2066,9070
_home_max_Documents_PhD_MAPF_LNS_MAPF_LNS_SAT_mapf-map_room-64-64-8_map-_home_max_Documents_PhD_MAPF_LNS_MAPF_LNS_SAT_mapf-scen-even_scen-even_room-64-64-8-even-1_scen-agents10-idx1-seed42-1783617171972,0,0,8,12,3565,715,4,3569,3,1,86,41,0.111000,0.088000,0.084178,0,0,1,2195,9768
_home_max_Documents_PhD_MAPF_LNS_MAPF_LNS_SAT_mapf-map_room-64-64-8_map-_home_max_Documents_PhD_MAPF_LNS_MAPF_LNS_SAT_mapf-scen-even_scen-even_room-64-64-8-even-1_scen-agents10-idx1-seed42-1783617171972,0,0,8,13,3569,715,3,3572,2,1,88,42,0.072000,0.051000,0.045354,0,0,1,2325,10465
_home_max_Documents_PhD_MAPF_LNS_MAPF_LNS_SAT_mapf-map_room-64-64-8_map-_home_max_Documents_PhD_MAPF_LNS_MAPF_LNS_SAT_mapf-scen-even_scen-even_room-64-64-8-even-1_scen-agents10-idx1-seed42-1783617171972,0,0,8,14,3572,715,4,3576,2,2,90,44,0.075000,0.053000,0.048427,0,0,1,2445,11184
_home_max_Documents_PhD_MAPF_LNS_MAPF_LNS_SAT_mapf-map_room-64-64-8_map-_home_max_Documents_PhD_MAPF_LNS_MAPF_LNS_SAT_mapf-scen-even_scen-even_room-64-64-8-even-1_scen-agents10-idx1-seed42-1783617171972,0,0,8,15,3576,715,4,3580,2,2,92,46,0.076000,0.050000,0.044583,0,0,1,2569,11881
_home_max_Documents_PhD_MAPF_LNS_MAPF_LNS_SAT_mapf-map_room-64-64-8_map-_home_max_Documents_PhD_MAPF_LNS_MAPF_LNS_SAT_mapf-scen-even_scen-even_room-64-64-8-even-1_scen-agents10-idx1-seed42-1783617171972,0,0,8,16,3580,715,6,3586,5,1,97,47,0.082000,0.060000,0.054869,0,0,1,2729,12693
_home_max_Documents_PhD_MAPF_LNS_MAPF_LNS_SAT_mapf-map_room-64-64-8_map-_home_max_Documents_PhD_MAPF_LNS_MAPF_LNS_SAT_mapf-scen-even_scen-even_room-64-64-8-even-1_scen-agents10-idx1-seed42-1783617171972,0,0,8,17,3586,715,5,3591,2,3,99,50,0.087000,0.065000,0.059108,0,0,1,2883,13532
_home_max_Documents_PhD_MAPF_LNS_MAPF_LNS_SAT_mapf-map_room-64-64-8_map-_home_max_Documents_PhD_MAPF_LNS_MAPF_LNS_SAT_mapf-scen-even_scen-even_room-64-64-8-even-1_scen-agents10-idx1-seed42-1783617171972,0,0,8,18,3591,715,4,3595,2,2,101,52,0.075000,0.054000,0.048631,0,0,1,3016,14229
_home_max_Documents_PhD_MAPF_LNS_MAPF_LNS_SAT_mapf-map_room-64-64-8_map-_home_max_Documents_PhD_MAPF_LNS_MAPF_LNS_SAT_mapf-scen-even_scen-even_room-64-64-8-even-1_scen-agents10-idx1-seed42-1783617171972,0,0,8,19,3595,715,2,3597,1,1,102,53,0.070000,0.050000,0.045178,0,0,1,3130,14926
_home_max_Documents_PhD_MAPF_LNS_MAPF_LNS_SAT_mapf-map_room-64-64-8_map-_home_max_Documents_PhD_MAPF_LNS_MAPF_LNS_SAT_mapf-scen-even_scen-even_room-64-64-8-even-1_scen-agents10-idx1-seed42-1783617171972,0,0,8,20,3597,715,1,3598,1,0,103,53,0.075000,0.057000,0.052592,0,0,1,3259,15765
_home_max_Documents_PhD_MAPF_LNS_MAPF_LNS_SAT_mapf-map_room-64-64-8_map-_home_max_Documents_PhD_MAPF_LNS_MAPF_LNS_SAT_mapf-scen-even_scen-even_room-64-64-8-even-1_scen-agents10-idx1-seed42-1783617171972,0,0,8,21,3598,715,1,3599,1,0,104,53,0.067000,0.049000,0.045355,0,0,1,3376,16462
_home_max_Documents_PhD_MAPF_LNS_MAPF_LNS_SAT_mapf-map_room-64-64-8_map-_home_max_Documents_PhD_MAPF_LNS_MAPF_LNS_SAT_mapf-scen-even_scen-even_room-64-64-8-even-1_scen-agents10-idx1-seed42-1783617171972,0,0,8,22,3599,715,1,3600,1,0,105,53,0.084000,0.066000,0.062797,0,0,1,3526,17439
_home_max_Documents_PhD_MAPF_LNS_MAPF_LNS_SAT_mapf-map_room-64-64-8_map-_home_max_Documents_PhD_MAPF_LNS_MAPF_LNS_SAT_mapf-scen-even_scen-even_room-64-64-8-even-1_scen-agents10-idx1-seed42-1783617171972,0,0,8,23,3600,715,0,3600,0,0,105,53,0.067000,0.051000,0.047360,0,0,1,3636,18136
_home_max_Documents_PhD_MAPF_LNS_MAPF_LNS_SAT_mapf-map_room-64-64-8_map-_home_max_Documents_PhD_MAPF_LNS_MAPF_LNS_SAT_mapf-scen-even_scen-even_room-64-64-8-even-1_scen-agents10-idx1-seed42-1783617171972,0,0,0,1,11,7,1,12,0,1,0,1,0.020000,0.013000,0.000801,0,1,1,1,7
_home_max_Documents_PhD_MAPF_LNS_MAPF_LNS_SAT_mapf-map_room-64-64-8_map-_home_max_Documents_PhD_MAPF_LNS_MAPF_LNS_SAT_mapf-scen-even_scen-even_room-64-64-8-even-1_scen-agents10-idx1-seed42-1783617171972,0,0,0,2,12,7,0,12,0,0,0,1,0.002000,0.001000,0.000000,0,0,0,0,0
_home_max_Documents_PhD_MAPF_LNS_MAPF_LNS_SAT_mapf-map_room-64-64-8_map-_home_max_Documents_PhD_MAPF_LNS_MAPF_LNS_SAT_mapf-scen-even_scen-even_room-64-64-8-even-1_scen-agents10-idx1-seed42-1783617171972,0,0,1,1,20,11,1,21,1,0,1,1,0.024000,0.018000,0.001230,0,1,1,2,11
_home_max_Documents_PhD_MAPF_LNS_MAPF_LNS_SAT_mapf-map_room-64-64-8_map-_home_max_Documents_PhD_MAPF_LNS_MAPF_LNS_SAT_mapf-scen-even_scen-even_room-64-64-8-even-1_scen-agents10-idx1-seed42-1783617171972,0,0,1,2,21,11,0,21,0,0,1,1,0.001000,0.001000,0.000000,0,0,0,0,0
_home_max_Documents_PhD_MAPF_LNS_MAPF_LNS_SAT_mapf-map_room-64-64-8_map-_home_max_Documents_PhD_MAPF_LNS_MAPF_LNS_SAT_mapf-scen-even_scen-even_room-64-64-8-even-1_scen-agents10-idx1-seed42-1783617171972,0,0,2,1,87,28,1,88,0,1,1,2,0.061000,0.054000,0.003342,0,1,1,6,28
_home_max_Documents_PhD_MAPF_LNS_MAPF_LNS_SAT_mapf-map_room-64-64-8_map-_home_max_Documents_PhD_MAPF_LNS_MAPF_LNS_SAT_mapf-scen-even_scen-even_room-64-64-8-even-1_scen-agents10-idx1-seed42-1783617171972,0,0,2,2,88,28,1,89,1,0,2,2,0.010000,0.004000,0.001279,0,0,1,9,47
_home_max_Documents_PhD_MAPF_LNS_MAPF_LNS_SAT_mapf-map_room-64-64-8_map-_home_max_Documents_PhD_MAPF_LNS_MAPF_LNS_SAT_mapf-scen-even_scen-even_room-64-64-8-even-1_scen-agents10-idx1-seed42-1783617171972,0,0,2,3,89,28,0,89,0,0,2,2,0.010000,0.006000,0.002787,0,0,1,20,71
_home_max_Documents_PhD_MAPF_LNS_MAPF_LNS_SAT_mapf-map_room-64-64-8_map-_home_max_Documents_PhD_MAPF_LNS_MAPF_LNS_SAT_mapf-scen-even_scen-even_room-64-64-8-even-1_scen-agents10-idx1-seed42-1783617171972,0,0,0,1,12,7,1,13,0,1,0,1,0.019000,0.013000,0.000858,0,1,1,2,7
_home_max_Documents_PhD_MAPF_LNS_MAPF_LNS_SAT_mapf-map_room-64-64-8_map-_home_max_Documents_PhD_MAPF_LNS_MAPF_LNS_SAT_mapf-scen-even_scen-even_room-64-64-8-even-1_scen-agents10-idx1-seed42-1783617171972,0,0,0,2,13,7,0,13,0,0,0,1,0.007000,0.003000,0.000208,0,0,1,3,9
_home_max_Documents_PhD_MAPF_LNS_MAPF_LNS_SAT_mapf-map_room-64-64-8_map-_home_max_Documents_PhD_MAPF_LNS_MAPF_LNS_SAT_mapf-scen-even_scen-even_room-64-64-8-even-1_scen-agents10-idx1-seed42-1783617171972,0,0,0,1,12,7,1,13,1,0,1,0,0.017000,0.012000,0.000622,0,1,1,2,7
_home_max_Documents_PhD_MAPF_LNS_MAPF_LNS_SAT_mapf-map_room-64-64-8_map-_home_max_Documents_PhD_MAPF_LNS_MAPF_LNS_SAT_mapf-scen-even_scen-even_room-64-64-8-even-1_scen-agents10-idx1-seed42-1783617171972,0,0,0,2,13,7,0,13,0,0,1,0,0.006000,0.003000,0.000162,0,0,1,3,9
_home_max_Documents_PhD_MAPF_LNS_MAPF_LNS_SAT_mapf-map_room-64-64-8_map-_home_max_Documents_PhD_MAPF_LNS_MAPF_LNS_SAT_mapf-scen-even_scen-even_room-64-64-8-even-1_scen-agents10-idx1-seed42-1783617171972,0,0,0,1,13,8,1,14,0,1,0,1,0.018000,0.012000,0.000563,0,1,1,2,8
_home_max_Documents_PhD_MAPF_LNS_MAPF_LNS_SAT_mapf-map_room-64-64-8_map-_home_max_Documents_PhD_MAPF_LNS_MAPF_LNS_SAT_mapf-scen-even_scen-even_room-64-64-8-even-1_scen-agents10-idx1-seed42-1783617171972,0,0,0,2,14,8,1,15,1,0,1,1,0.008000,0.003000,0.000131,0,0,1,3,10
_home_max_Documents_PhD_MAPF_LNS_MAPF_LNS_SAT_mapf-map_room-64-64-8_map-_home_max_Documents_PhD_MAPF_LNS_MAPF_LNS_SAT_mapf-scen-even_scen-even_room-64-64-8-even-1_scen-agents10-idx1-seed42-1783617171972,0,0,0,3,15,8,0,15,0,0,1,1,0.001000,0.000000,0.000000,0,0,0,0,0
_home_max_Documents_PhD_MAPF_LNS_MAPF_LNS_SAT_mapf-map_room-64-64-8_map-_home_max_Documents_PhD_MAPF_LNS_MAPF_LNS_SAT_mapf-scen-even_scen-even_room-64-64-8-even-1_scen-agents10-idx1-seed42-1783617171972,0,0,1,1,39,17,1,40,1,0,2,1,0.035000,0.029000,0.001697,0,1,1,2,17
_home_max_Documents_PhD_MAPF_LNS_MAPF_LNS_SAT_mapf-map_room-64-64-8_map-_home_max_Documents_PhD_MAPF_LNS_MAPF_LNS_SAT_mapf-scen-even_scen-even_room-64-64-8-even-1_scen-agents10-idx1-seed42-1783617171972,0,0,1,2,40,17,0,40,0,0,2,1,0.001000,0.001000,0.000000,0,0,0,0,0
_home_max_Documents_PhD_MAPF_LNS_MAPF_LNS_SAT_mapf-map_room-64-64-8_map-_home_max_Documents_PhD_MAPF_LNS_MAPF_LNS_SAT_mapf-scen-even_scen-even_room-64-64-8-even-1_scen-agents10-idx1-seed42-1783617171972,0,0,2,1,146,48,3,149,2,1,4,2,0.095000,0.086000,0.010715,0,1,1,20,86
_home_max_Documents_PhD_MAPF_LNS_MAPF_LNS_SAT_mapf-map_room-64-64-8_map-_home_max_Documents_PhD_MAPF_LNS_MAPF_LNS_SAT_mapf-scen-even_scen-even_room-64-64-8-even-1_scen-agents10-idx1-seed42-1783617171972,0,0,2,2,149,48,2,151,2,0,6,2,0.016000,0.008000,0.003420,0,0,1,34,126
_home_max_Documents_PhD_MAPF_LNS_MAPF_LNS_SAT_mapf-map_room-64-64-8_map-_home_max_Documents_PhD_MAPF_LNS_MAPF_LNS_SAT_mapf-scen-even_scen-even_room-64-64-8-even-1_scen-agents10-idx1-seed42-1783617171972,0,0,2,3,151,48,3,154,2,1,8,3,0.016000,0.008000,0.004315,0,0,1,48,173
_home_max_Documents_PhD_MAPF_LNS_MAPF_LNS_SAT_mapf-map_room-64-64-8_map-_home_max_Documents_PhD_MAPF_LNS_MAPF_LNS_SAT_mapf-scen-even_scen-even_room-64-64-8-even-1_scen-agents10-idx1-seed42-1783617171972,0,0,2,4,154,48,1,155,1,0,9,3,0.015000,0.009000,0.004276,0,0,1,56,216
_home_max_Documents_PhD_MAPF_LNS_MAPF_LNS_SAT_mapf-map_room-64-64-8_map-_home_max_Documents_PhD_MAPF_LNS_MAPF_LNS_SAT_mapf-scen-even_scen-even_room-64-64-8-even-1_scen-agents10-idx1-seed42-1783617171972,0,0,2,5,155,48,1,156,0,1,9,4,0.016000,0.009000,0.006344,0,0,1,67,293
_home_max_Documents_PhD_MAPF_LNS_MAPF_LNS_SAT_mapf-map_room-64-64-8_map-_home_max_Documents_PhD_MAPF_LNS_MAPF_LNS_SAT_mapf-scen-even_scen-even_room-64-64-8-even-1_scen-agents10-idx1-seed42-1783617171972,0,0,2,6,156,48,1,157,1,0,10,4,0.012000,0.006000,0.002865,0,0,1,73,321
_home_max_Documents_PhD_MAPF_LNS_MAPF_LNS_SAT_mapf-map_room-64-64-8_map-_home_max_Documents_PhD_MAPF_LNS_MAPF_LNS_SAT_mapf-scen-even_scen-even_room-64-64-8-even-1_scen-agents10-idx1-seed42-1783617171972,0,0,2,7,157,48,0,157,0,0,10,4,0.020000,0.014000,0.011149,0,0,1,80,346
_home_max_Documents_PhD_MAPF_LNS_MAPF_LNS_SAT_mapf-map_room-64-64-8_map-_home_max_Documents_PhD_MAPF_LNS_MAPF_LNS_SAT_mapf-scen-even_scen-even_room-64-64-8-even-1_scen-agents10-idx1-seed42-1783617171972,0,0,0,1,73,26,2,75,0,2,0,2,0.056000,0.047000,0.002979,0,1,1,17,26
_home_max_Documents_PhD_MAPF_LNS_MAPF_LNS_SAT_mapf-map_room-64-64-8_map-_home_max_Documents_PhD_MAPF_LNS_MAPF_LNS_SAT_mapf-scen-even_scen-even_room-64-64-8-even-1_scen-agents10-idx1-seed42-1783617171972,0,0,0,2,75,26,1,76,1,0,1,2,0.012000,0.007000,0.001355,0,0,1,29,46
_home_max_Documents_PhD_MAPF_LNS_MAPF_LNS_SAT_mapf-map_room-64-64-8_map-_home_max_Documents_PhD_MAPF_LNS_MAPF_LNS_SAT_mapf-scen-even_scen-even_room-64-64-8-even-1_scen-agents10-idx1-seed42-1783617171972,0,0,0,3,76,26,0,76,0,0,1,2,0.008000,0.004000,0.001050,0,0,1,41,66
_home_max_Documents_PhD_MAPF_LNS_MAPF_LNS_SAT_mapf-map_room-64-64-8_map-_home_max_Documents_PhD_MAPF_LNS_MAPF_LNS_SAT_mapf-scen-even_scen-even_room-64-64-8-even-1_scen-agents10-idx1-seed42-1783617171972,0,0,0,1,10,6,1,11,1,0,1,0,0.016000,0.011000,0.000364,0,1,1,1,6
_home_max_Documents_PhD_MAPF_LNS_MAPF_LNS_SAT_mapf-map_room-64-64-8_map-_home_max_Documents_PhD_MAPF_LNS_MAPF_LNS_SAT_mapf-scen-even_scen-even_room-64-64-8-even-1_scen-agents10-idx1-seed42-1783617171972,0,0,0,2,11,6,0,11,0,0,1,0,0.001000,0.001000,0.000000,0,0,0,0,0
_home_max_Documents_PhD_MAPF_LNS_MAPF_LNS_SAT_mapf-map_room-64-64-8_map-_home_max_Documents_PhD_MAPF_LNS_MAPF_LNS_SAT_mapf-scen-even_scen-even_room-64-64-8-even-1_scen-agents10-idx1-seed42-1783617171972,0,0,1,1,17,9,1,18,0,1,1,1,0.020000,0.015000,0.001238,0,1,1,1,9
_home_max_Documents_PhD_MAPF_LNS_MAPF_LNS_SAT_mapf-map_room-64-64-8_map-_home_max_Documents_PhD_MAPF_LNS_MAPF_LNS_SAT_mapf-scen-even_scen-even_room-64-64-8-even-1_scen-agents10-idx1-seed42-1783617171972,0,0,1,2,18,9,0,18,0,0,1,1,0.001000,0.001000,0.000000,0,0,0,0,0
_home_max_Documents_PhD_MAPF_LNS_MAPF_LNS_SAT_mapf-map_room-64-64-8_map-_home_max_Documents_PhD_MAPF_LNS_MAPF_LNS_SAT_mapf-scen-even_scen-even_room-64-64-8-even-1_scen-agents10-idx1-seed42-1783617171972,0,0,2,1,50,19,1,51,1,0,2,1,0.042000,0.036000,0.003613,0,1,1,2,19
_home_max_Documents_PhD_MAPF_LNS_MAPF_LNS_SAT_mapf-map_room-64-64-8_map-_home_max_Documents_PhD_MAPF_LNS_MAPF_LNS_SAT_mapf-scen-even_scen-even_room-64-64-8-even-1_scen-agents10-idx1-seed42-1783617171972,0,0,2,2,51,19,0,51,0,0,2,1,0.001000,0.001000,0.000000,0,0,0,0,0
_home_max_Documents_PhD_MAPF_LNS_MAPF_LNS_SAT_mapf-map_room-64-64-8_map-_home_max_Documents_PhD_MAPF_LNS_MAPF_LNS_SAT_mapf-scen-even_scen-even_room-64-64-8-even-1_scen-agents10-idx1-seed42-1783617171972,0,0,3,1,99,34,0,99,0,0,2,1,0.051000,0.051000,0.000000,0,1,0,0,0
_home_max_Documents_PhD_MAPF_LNS_MAPF_LNS_SAT_mapf-map_room-64-64-8_map-_home_max_Documents_PhD_MAPF_LNS_MAPF_LNS_SAT_mapf-scen-even_scen-even_room-64-64-8-even-1_scen-agents10-idx1-seed42-1783617171972,0,1,0,1,26,14,1,27,1,0,1,0,0.023000,0.016000,0.000404,0,1,1,1,14
_home_max_Documents_PhD_MAPF_LNS_MAPF_LNS_SAT_mapf-map_room-64-64-8_map-_home_max_Documents_PhD_MAPF_LNS_MAPF_LNS_SAT_mapf-scen-even_scen-even_room-64-64-8-even-1_scen-agents10-idx1-seed42-1783617171972,0,1,0,2,27,14,0,27,0,0,1,0,0.001000,0.001000,0.000000,0,0,0,0,0
_home_max_Documents_PhD_MAPF_LNS_MAPF_LNS_SAT_mapf-map_room-64-64-8_map-_home_max_Documents_PhD_MAPF_LNS_MAPF_LNS_SAT_mapf-scen-even_scen-even_room-64-64-8-even-1_scen-agents10-idx1-seed42-1783617171972,0,1,1,1,41,21,1,42,0,1,1,1,0.035000,0.027000,0.002879,0,1,1,2,21
_home_max_Documents_PhD_MAPF_LNS_MAPF_LNS_SAT_mapf-map_room-64-64-8_map-_home_max_Documents_PhD_MAPF_LNS_MAPF_LNS_SAT_mapf-scen-even_scen-even_room-64-64-8-even-1_scen-agents10-idx1-seed42-1783617171972,0,1,1,2,42,21,0,42,0,0,1,1,0.004000,0.004000,0.000000,0,0,0,0,0
_home_max_Documents_PhD_MAPF_LNS_MAPF_LNS_SAT_mapf-map_room-64-64-8_map-_home_max_Documents_PhD_MAPF_LNS_MAPF_LNS_SAT_mapf-scen-even_scen-even_room-64-64-8-even-1_scen-agents10-idx1-seed42-1783617171972,0,1,2,1,206,55,1,207,1,0,2,1,0.112000,0.105000,0.006325,0,1,1,20,55
_home_max_Documents_PhD_MAPF_LNS_MAPF_LNS_SAT_mapf-map_room-64-64-8_map-_home_max_Documents_PhD_MAPF_LNS_MAPF_LNS_SAT_mapf-scen-even_scen-even_room-64-64-8-even-1_scen-agents10-idx1-seed42-1783617171972,0,1,2,2,207,55,0,207,0,0,2,1,0.018000,0.013000,0.009065,0,0,1,43,141
_home_max_Documents_PhD_MAPF_LNS_MAPF_LNS_SAT_mapf-map_room-64-64-8_map-_home_max_Documents_PhD_MAPF_LNS_MAPF_LNS_SAT_mapf-scen-even_scen-even_room-64-64-8-even-1_scen-agents10-idx1-seed42-1783617171972,0,0,0,1,19,11,1,20,0,1,0,1,0.026000,0.020000,0.000973,0,1,1,3,11
_home_max_Documents_PhD_MAPF_LNS_MAPF_LNS_SAT_mapf-map_room-64-64-8_map-_home_max_Documents_PhD_MAPF_LNS_MAPF_LNS_SAT_mapf-scen-even_scen-even_room-64-64-8-even-1_scen-agents10-idx1-seed42-1783617171972,0,0,0,2,20,11,1,21,1,0,1,1,0.008000,0.004000,0.000331,0,0,1,5,15
_home_max_Documents_PhD_MAPF_LNS_MAPF_LNS_SAT_mapf-map_room-64-64-8_map-_home_max_Documents_PhD_MAPF_LNS_MAPF_LNS_SAT_mapf-scen-even_scen-even_room-64-64-8-even-1_scen-agents10-idx1-seed42-1783617171972,0,0,0,3,21,11,0,21,0,0,1,1,0.001000,0.001000,0.000000,0,0,0,0,0
_home_max_Documents_PhD_MAPF_LNS_MAPF_LNS_SAT_mapf-map_room-64-64-8_map-_home_max_Documents_PhD_MAPF_LNS_MAPF_LNS_SAT_mapf-scen-even_scen-even_room-64-64-8-even-1_scen-agents10-idx1-seed42-1783617171972,0,0,1,1,59,24,1,60,1,0,2,1,0.044000,0.038000,0.004217,0,1,1,9,27
_home_max_Documents_PhD_MAPF_LNS_MAPF_LNS_SAT_mapf-map_room-64-64-8_map-_home_max_Documents_PhD_MAPF_LNS_MAPF_LNS_SAT_mapf-scen-even_scen-even_room-64-64-8-even-1_scen-agents10-idx1-seed42-1783617171972,0,0,1,2,60,24,1,61,0,1,2,2,0.009000,0.004000,0.001399,0,0,1,16,45
_home_max_Documents_PhD_MAPF_LNS_MAPF_LNS_SAT_mapf-map_room-64-64-8_map-_home_max_Documents_PhD_MAPF_LNS_MAPF_LNS_SAT_mapf-scen-even_scen-even_room-64-64-8-even-1_scen-agents10-idx1-seed42-1783617171972,0,0,1,3,61,24,0,61,0,0,2,2,0.003000,0.003000,0.001350,0,0,0,17,54
_home_max_Documents_PhD_MAPF_LNS_MAPF_LNS_SAT_mapf-map_room-64-64-8_map-_home_max_Documents_PhD_MAPF_LNS_MAPF_LNS_SAT_mapf-scen-even_scen-even_room-64-64-8-even-1_scen-agents10-idx1-seed42-1783617171972,0,0,2,1,223,66,3,226,1,2,3,4,0.126000,0.117000,0.006403,0,1,1,33,66
_home_max_Documents_PhD_MAPF_LNS_MAPF_LNS_SAT_mapf-map_room-64-64-8_map-_home_max_Documents_PhD_MAPF_LNS_MAPF_LNS_SAT_mapf-scen-even_scen-even_room-64-64-8-even-1_scen-agents10-idx1-seed42-1783617171972,0,0,2,2,226,66,0,226,0,0,3,4,0.014000,0.008000,0.003503,0,0,1,57,126
_home_max_Documents_PhD_MAPF_LNS_MAPF_LNS_SAT_mapf-map_room-64-64-8_map-_home_max_Documents_PhD_MAPF_LNS_MAPF_LNS_SAT_mapf-scen-even_scen-even_room-64-64-8-even-1_scen-agents10-idx1-seed42-1783617171972,0,0,0,1,10,6,1,11,0,1,0,1,0.016000,0.011000,0.000515,0,1,1,1,6
_home_max_Documents_PhD_MAPF_LNS_MAPF_LNS_SAT_mapf-map_room-64-64-8_map-_home_max_Documents_PhD_MAPF_LNS_MAPF_LNS_SAT_mapf-scen-even_scen-even_room-64-64-8-even-1_scen-agents10-idx1-seed42-1783617171972,0,0,0,2,11,6,0,11,0,0,0,1,0.001000,0.001000,0.000000,0,0,0,0,0
_home_max_Documents_PhD_MAPF_LNS_MAPF_LNS_SAT_mapf-map_room-64-64-8_map-_home_max_Documents_PhD_MAPF_LNS_MAPF_LNS_SAT_mapf-scen-even_scen-even_room-64-64-8-even-1_scen-agents10-idx1-seed42-1783617171972,0,0,1,1,19,10,1,20,1,0,1,1,0.022000,0.016000,0.001029,0,1,1,2,10
_home_max_Documents_PhD_MAPF_LNS_MAPF_LNS_SAT_mapf-map_room-64-64-8_map-_home_max_Documents_PhD_MAPF_LNS_MAPF_LNS_SAT_mapf-scen-even_scen-even_room-64-64-8-even-1_scen-agents10-idx1-seed42-1783617171972,0,0,1,2,20,10,0,20,0,0,1,1,0.001000,0.001000,0.000000,0,0,0,0,0
_home_max_Documents_PhD_MAPF_LNS_MAPF_LNS_SAT_mapf-map_room-64-64-8_map-_home_max_Documents_PhD_MAPF_LNS_MAPF_LNS_SAT_mapf-scen-even_scen-even_room-64-64-8-even-1_scen-agents10-idx1-seed42-1783617171972,0,0,2,1,90,29,1,91,0,1,1,2,0.061000,0.054000,0.003795,0,1,1,14,29
_home_max_Documents_PhD_MAPF_LNS_MAPF_LNS_SAT_mapf-map_room-64-64-8_map-_home_max_Documents_PhD_MAPF_LNS_MAPF_LNS_SAT_mapf-scen-even_scen-even_room-64-64-8-even-1_scen-agents10-idx1-seed42-1783617171972,0,0,2,2,91,29,1,92,1,0,2,2,0.010000,0.005000,0.001489,0,0,1,16,50
_home_max_Documents_PhD_MAPF_LNS_MAPF_LNS_SAT_mapf-map_room-64-64-8_map-_home_max_Documents_PhD_MAPF_LNS_MAPF_LNS_SAT_mapf-scen-even_scen-even_room-64-64-8-even-1_scen-agents10-idx1-seed42-1783617171972,0,0,2,3,92,29,0,92,0,0,2,2,0.004000,0.003000,0.001413,0,0,0,18,66
_home_max_Documents_PhD_MAPF_LNS_MAPF_LNS_SAT_mapf-map_room-64-64-8_map-_home_max_Documents_PhD_MAPF_LNS_MAPF_LNS_SAT_mapf-scen-even_scen-even_room-64-64-8-even-1_scen-agents10-idx1-seed42-1783617171972,0,0,3,1,230,56,1,231,0,1,2,3,0.122000,0.114000,0.006785,0,1,1,20,56
_home_max_Documents_PhD_MAPF_LNS_MAPF_LNS_SAT_mapf-map_room-64-64-8_map-_home_max_Documents_PhD_MAPF_LNS_MAPF_LNS_SAT_mapf-scen-even_scen-even_room-64-64-8-even-1_scen-agents10-idx1-seed42-1783617171972,0,0,3,2,231,56,0,231,0,0,2,3,0.010000,0.006000,0.002663,0,0,1,34,103
_home_max_Documents_PhD_MAPF_LNS_MAPF_LNS_SAT_mapf-map_room-64-64-8_map-_home_max_Documents_PhD_MAPF_LNS_MAPF_LNS_SAT_mapf-scen-even_scen-even_room-64-64-8-even-1_scen-agents10-idx1-seed42-1783617171972,0,0,0,1,77,30,2,79,2,0,2,0,0.060000,0.051000,0.003282,0,1,1,15,30
_home_max_Documents_PhD_MAPF_LNS_MAPF_LNS_SAT_mapf-map_room-64-64-8_map-_home_max_Documents_PhD_MAPF_LNS_MAPF_LNS_SAT_mapf-scen-even_scen-even_room-64-64-8-even-1_scen-agents10-idx1-seed42-1783617171972,0,0,0,2,79,30,1,80,0,1,2,1,0.012000,0.006000,0.001469,0,0,1,29,53
_home_max_Documents_PhD_MAPF_LNS_MAPF_LNS_SAT_mapf-map_room-64-64-8_map-_home_max_Documents_PhD_MAPF_LNS_MAPF_LNS_SAT_mapf-scen-even_scen-even_room-64-64-8-even-1_scen-agents10-idx1-seed42-1783617171972,0,0,0,3,80,30,1,81,1,0,3,1,0.011000,0.006000,0.002684,0,0,1,44,84
_home_max_Documents_PhD_MAPF_LNS_MAPF_LNS_SAT_mapf-map_room-64-64-8_map-_home_max_Documents_PhD_MAPF_LNS_MAPF_LNS_SAT_mapf-scen-even_scen-even_room-64-64-8-even-1_scen-agents10-idx1-seed42-1783617171972,0,0,0,4,81,30,0,81,0,0,3,1,0.001000,0.000000,0.000000,0,0,0,0,0
_home_max_Documents_PhD_MAPF_LNS_MAPF_LNS_SAT_mapf-map_room-64-64-8_map-_home_max_Documents_PhD_MAPF_LNS_MAPF_LNS_SAT_mapf-scen-even_scen-even_room-64-64-8-even-1_scen-agents10-idx1-seed42-1783617171972,0,0,1,1,119,42,1,120,1,0,4,1,0.078000,0.070000,0.005009,0,1,1,15,42
_home_max_Documents_PhD_MAPF_LNS_MAPF_LNS_SAT_mapf-map_room-64-64-8_map-_home_max_Documents_PhD_MAPF_LNS_MAPF_LNS_SAT_mapf-scen-even_scen-even_room-64-64-8-even-1_scen-agents10-idx1-seed42-1783617171972,0,0,1,2,120,42,2,122,1,1,5,2,0.014000,0.008000,0.004067,0,0,1,35,89
_home_max_Documents_PhD_MAPF_LNS_MAPF_LNS_SAT_mapf-map_room-64-64-8_map-_home_max_Documents_PhD_MAPF_LNS_MAPF_LNS_SAT_mapf-scen-even_scen-even_room-64-64-8-even-1_scen-agents10-idx1-seed42-1783617171972,0,0,1,3,122,42,1,123,1,0,6,2,0.011000,0.005000,0.002065,0,0,1,44,124
_home_max_Documents_PhD_MAPF_LNS_MAPF_LNS_SAT_mapf-map_room-64-64-8_map-_home_max_Documents_PhD_MAPF_LNS_MAPF_LNS_SAT_mapf-scen-even_scen-even_room-64-64-8-even-1_scen-agents10-idx1-seed42-1783617171972,0,0,1,4,123,42,1,124,1,0,7,2,0.013000,0.007000,0.004066,0,0,1,57,162
_home_max_Documents_PhD_MAPF_LNS_MAPF_LNS_SAT_mapf-map_room-64-64-8_map-_home_max_Documents_PhD_MAPF_LNS_MAPF_LNS_SAT_mapf-scen-even_scen-even_room-64-64-8-even-1_scen-agents10-idx1-seed42-1783617171972,0,0,1,5,124,42,0,124,0,0,7,2,0.010000,0.005000,0.002593,0,0,1,66,197
_home_max_Documents_PhD_MAPF_LNS_MAPF_LNS_SAT_mapf-map_room-64-64-8_map-_home_max_Documents_PhD_MAPF_LNS_MAPF_LNS_SAT_mapf-scen-even_scen-even_room-64-64-8-even-1_scen-agents10-idx1-seed42-1783617171972,0,0,0,1,10,6,1,11,1,0,1,0,0.016000,0.011000,0.000438,0,1,1,1,6
_home_max_Documents_PhD_MAPF_LNS_MAPF_LNS_SAT_mapf-map_room-64-64-8_map-_home_max_Documents_PhD_MAPF_LNS_MAPF_LNS_SAT_mapf-scen-even_scen-even_room-64-64-8-even-1_scen-agents10-idx1-seed42-1783617171972,0,0,0,2,11,6,0,11,0,0,1,0,0.001000,0.001000,0.000000,0,0,0,0,0
_home_max_Documents_PhD_MAPF_LNS_MAPF_LNS_SAT_mapf-map_room-64-64-8_map-_home_max_Documents_PhD_MAPF_LNS_MAPF_LNS_SAT_mapf-scen-even_scen-even_room-64-64-8-even-1_scen-agents10-idx1-seed42-1783617171972,0,0,1,1,17,9,0,17,0,0,1,0,0.022000,0.018000,0.001340,0,1,1,1,9
_home_max_Documents_PhD_MAPF_LNS_MAPF_LNS_SAT_mapf-map_room-64-64-8_map-_home_max_Documents_PhD_MAPF_LNS_MAPF_LNS_SAT_mapf-scen-even_scen-even_room-64-64-8-even-1_scen-agents10-idx1-seed42-1783617171972,0,0,0,1,11,7,1,12,0,1,0,1,0.017000,0.011000,0.000356,0,1,1,1,7
_home_max_Documents_PhD_MAPF_LNS_MAPF_LNS_SAT_mapf-map_room-64-64-8_map-_home_max_Documents_PhD_MAPF_LNS_MAPF_LNS_SAT_mapf-scen-even_scen-even_room-64-64-8-even-1_scen-agents10-idx1-seed42-1783617171972,0,0,0,2,12,7,0,12,0,0,0,1,0.002000,0.001000,0.000000,0,0,0,0,0
_home_max_Documents_PhD_MAPF_LNS_MAPF_LNS_SAT_mapf-map_room-64-64-8_map-_home_max_Documents_PhD_MAPF_LNS_MAPF_LNS_SAT_mapf-scen-even_scen-even_room-64-64-8-even-1_scen-agents10-idx1-seed42-1783617171972,0,0,1,1,20,11,1,21,1,0,1,1,0.023000,0.017000,0.001185,0,1,1,2,11
_home_max_Documents_PhD_MAPF_LNS_MAPF_LNS_SAT_mapf-map_room-64-64-8_map-_home_max_Documents_PhD_MAPF_LNS_MAPF_LNS_SAT_mapf-scen-even_scen-even_room-64-64-8-even-1_scen-agents10-idx1-seed42-1783617171972,0,0,1,2,21,11,0,21,0,0,1,1,0.001000,0.001000,0.000000,0,0,0,0,0
_home_max_Documents_PhD_MAPF_LNS_MAPF_LNS_SAT_mapf-map_room-64-64-8_map-_home_max_Documents_PhD_MAPF_LNS_MAPF_LNS_SAT_mapf-scen-even_scen-even_room-64-64-8-even-1_scen-agents10-idx1-seed42-1783617171972,0,0,2,1,91,30,1,92,0,1,1,2,0.061000,0.054000,0.003927,0,1,1,14,30
_home_max_Documents_PhD_MAPF_LNS_MAPF_LNS_SAT_mapf-map_room-64-64-8_map-_home_max_Documents_PhD_MAPF_LNS_MAPF_LNS_SAT_mapf-scen-even_scen-even_room-64-64-8-even-1_scen-agents10-idx1-seed42-1783617171972,0,0,2,2,92,30,1,93,1,0,2,2,0.013000,0.008000,0.004730,0,0,1,16,51
_home_max_Documents_PhD_MAPF_LNS_MAPF_LNS_SAT_mapf-map_room-64-64-8_map-_home_max_Documents_PhD_MAPF_LNS_MAPF_LNS_SAT_mapf-scen-even_scen-even_room-64-64-8-even-1_scen-agents10-idx1-seed42-1783617171972,0,0,2,3,93,30,0,93,0,0,2,2,0.003000,0.003000,0.001408,0,0,0,18,67
_home_max_Documents_PhD_MAPF_LNS_MAPF_LNS_SAT_mapf-map_room-64-64-8_map-_home_max_Documents_PhD_MAPF_LNS_MAPF_LNS_SAT_mapf-scen-even_scen-even_room-64-64-8-even-1_scen-agents10-idx1-seed42-1783617171972,0,0,3,1,231,57,1,232,0,1,2,3,0.122000,0.114000,0.006926,0,1,1,20,57
_home_max_Documents_PhD_MAPF_LNS_MAPF_LNS_SAT_mapf-map_room-64-64-8_map-_home_max_Documents_PhD_MAPF_LNS_MAPF_LNS_SAT_mapf-scen-even_scen-even_room-64-64-8-even-1_scen-agents10-idx1-seed42-1783617171972,0,0,3,2,232,57,0,232,0,0,2,3,0.011000,0.006000,0.002573,0,0,1,34,104
_home_max_Documents_PhD_MAPF_LNS_MAPF_LNS_SAT_mapf-map_room-64-64-8_map-_home_max_Documents_PhD_MAPF_LNS_MAPF_LNS_SAT_mapf-scen-even_scen-even_room-64-64-8-even-1_scen-agents10-idx1-seed42-1783617171972,0,0,0,1,10,6,1,11,0,1,0,1,0.017000,0.012000,0.000449,0,1,1,1,6
_home_max_Documents_PhD_MAPF_LNS_MAPF_LNS_SAT_mapf-map_room-64-64-8_map-_home_max_Documents_PhD_MAPF_LNS_MAPF_LNS_SAT_mapf-scen-even_scen-even_room-64-64-8-even-1_scen-agents10-idx1-seed42-1783617171972,0,0,0,2,11,6,0,11,0,0,0,1,0.001000,0.001000,0.000000,0,0,0,0,0
_home_max_Documents_PhD_MAPF_LNS_MAPF_LNS_SAT_mapf-map_room-64-64-8_map-_home_max_Documents_PhD_MAPF_LNS_MAPF_LNS_SAT_mapf-scen-even_scen-even_room-64-64-8-even-1_scen-agents10-idx1-seed42-1783617171972,0,0,1,1,19,10,1,20,1,0,1,1,0.021000,0.016000,0.000978,0,1,1,2,10
_home_max_Documents_PhD_MAPF_LNS_MAPF_LNS_SAT_mapf-map_room-64-64-8_map-_home_max_Documents_PhD_MAPF_LNS_MAPF_LNS_SAT_mapf-scen-even_scen-even_room-64-64-8-even-1_scen-agents10-idx1-seed42-1783617171972,0,0,1,2,20,10,0,20,0,0,1,1,0.001000,0.001000,0.000000,0,0,0,0,0
_home_max_Documents_PhD_MAPF_LNS_MAPF_LNS_SAT_mapf-map_room-64-64-8_map-_home_max_Documents_PhD_MAPF_LNS_MAPF_LNS_SAT_mapf-scen-even_scen-even_room-64-64-8-even-1_scen-agents10-idx1-seed42-1783617171972,0,0,2,1,64,24,1,65,0,1,1,2,0.049000,0.042000,0.002718,0,1,1,3,24
_home_max_Documents_PhD_MAPF_LNS_MAPF_LNS_SAT_mapf-map_room-64-64-8_map-_home_max_Documents_PhD_MAPF_LNS_MAPF_LNS_SAT_mapf-scen-even_scen-even_room-64-64-8-even-1_scen-agents10-idx1-seed42-1783617171972,0,0,2,2,65,24,1,66,1,0,2,2,0.009000,0.004000,0.001332,0,0,1,6,39
_home_max_Documents_PhD_MAPF_LNS_MAPF_LNS_SAT_mapf-map_room-64-64-8_map-_home_max_Documents_PhD_MAPF_LNS_MAPF_LNS_SAT_mapf-scen-even_scen-even_room-64-64-8-even-1_scen-agents10-idx1-seed42-1783617171972,0,0,2,3,66,24,0,66,0,0,2,2,0.010000,0.006000,0.002675,0,0,1,14,61
_home_max_Documents_PhD_MAPF_LNS_MAPF_LNS_SAT_mapf-map_room-64-64-8_map-_home_max_Documents_PhD_MAPF_LNS_MAPF_LNS_SAT_mapf-scen-even_scen-even_room-64-64-8-even-1_scen-agents10-idx1-seed42-1783617171972,0,0,0,1,11,7,1,12,0,1,0,1,0.016000,0.010000,0.000355,0,1,1,1,7
_home_max_Documents_PhD_MAPF_LNS_MAPF_LNS_SAT_mapf-map_room-64-64-8_map-_home_max_Documents_PhD_MAPF_LNS_MAPF_LNS_SAT_mapf-scen-even_scen-even_room-64-64-8-even-1_scen-agents10-idx1-seed42-1783617171972,0,0,0,2,12,7,0,12,0,0,0,1,0.002000,0.001000,0.000000,0,0,0,0,0
_home_max_Documents_PhD_MAPF_LNS_MAPF_LNS_SAT_mapf-map_room-64-64-8_map-_home_max_Documents_PhD_MAPF_LNS_MAPF_LNS_SAT_mapf-scen-even_scen-even_room-64-64-8-even-1_scen-agents10-idx1-seed42-1783617171972,0,0,1,1,20,11,1,21,1,0,1,1,0.022000,0.016000,0.000827,0,1,1,2,11
_home_max_Documents_PhD_MAPF_LNS_MAPF_LNS_SAT_mapf-map_room-64-64-8_map-_home_max_Documents_PhD_MAPF_LNS_MAPF_LNS_SAT_mapf-scen-even_scen-even_room-64-64-8-even-1_scen-agents10-idx1-seed42-1783617171972,0,0,1,2,21,11,0,21,0,0,1,1,0.001000,0.001000,0.000000,0,0,0,0,0
_home_max_Documents_PhD_MAPF_LNS_MAPF_LNS_SAT_mapf-map_room-64-64-8_map-_home_max_Documents_PhD_MAPF_LNS_MAPF_LNS_SAT_mapf-scen-even_scen-even_room-64-64-8-even-1_scen-agents10-idx1-seed42-1783617171972,0,0,2,1,86,27,2,88,1,1,2,2,0.058000,0.052000,0.003193,0,1,1,6,27
_home_max_Documents_PhD_MAPF_LNS_MAPF_LNS_SAT_mapf-map_room-64-64-8_map-_home_max_Documents_PhD_MAPF_LNS_MAPF_LNS_SAT_mapf-scen-even_scen-even_room-64-64-8-even-1_scen-agents10-idx1-seed42-1783617171972,0,0,2,2,88,27,0,88,0,0,2,2,0.011000,0.006000,0.001287,0,0,1,14,46
_home_max_Documents_PhD_MAPF_LNS_MAPF_LNS_SAT_mapf-map_room-64-64-8_map-_home_max_Documents_PhD_MAPF_LNS_MAPF_LNS_SAT_mapf-scen-even_scen-even_room-64-64-8-even-1_scen-agents10-idx2-seed42-1783617172072,0,0,0,1,10,6,1,11,0,1,0,1,0.050000,0.041000,0.008530,0,1,1,1,6
_home_max_Documents_PhD_MAPF_LNS_MAPF_LNS_SAT_mapf-map_room-64-64-8_map-_home_max_Documents_PhD_MAPF_LNS_MAPF_LNS_SAT_mapf-scen-even_scen-even_room-64-64-8-even-1_scen-agents10-idx2-seed42-1783617172072,0,0,0,2,11,6,0,11,0,0,0,1,0.003000,0.002000,0.000000,0,0,0,0,0
_home_max_Documents_PhD_MAPF_LNS_MAPF_LNS_SAT_mapf-map_room-64-64-8_map-_home_max_Documents_PhD_MAPF_LNS_MAPF_LNS_SAT_mapf-scen-even_scen-even_room-64-64-8-even-1_scen-agents10-idx2-seed42-1783617172072,0,0,1,1,19,10,1,20,1,0,1,1,0.025000,0.019000,0.001902,0,1,1,2,10
_home_max_Documents_PhD_MAPF_LNS_MAPF_LNS_SAT_mapf-map_room-64-64-8_map-_home_max_Documents_PhD_MAPF_LNS_MAPF_LNS_SAT_mapf-scen-even_scen-even_room-64-64-8-even-1_scen-agents10-idx2-seed42-1783617172072,0,0,1,2,20,10,0,20,0,0,1,1,0.001000,0.001000,0.000000,0,0,0,0,0
_home_max_Documents_PhD_MAPF_LNS_MAPF_LNS_SAT_mapf-map_room-64-64-8_map-_home_max_Documents_PhD_MAPF_LNS_MAPF_LNS_SAT_mapf-scen-even_scen-even_room-64-64-8-even-1_scen-agents10-idx2-seed42-1783617172072,0,0,2,1,61,23,1,62,0,1,1,2,0.051000,0.045000,0.004097,0,1,1,5,23
_home_max_Documents_PhD_MAPF_LNS_MAPF_LNS_SAT_mapf-map_room-64-64-8_map-_home_max_Documents_PhD_MAPF_LNS_MAPF_LNS_SAT_mapf-scen-even_scen-even_room-64-64-8-even-1_scen-agents10-idx2-seed42-1783617172072,0,0,2,2,62,23,1,63,1,0,2,2,0.010000,0.004000,0.001261,0,0,1,8,38
_home_max_Documents_PhD_MAPF_LNS_MAPF_LNS_SAT_mapf-map_room-64-64-8_map-_home_max_Documents_PhD_MAPF_LNS_MAPF_LNS_SAT_mapf-scen-even_scen-even_room-64-64-8-even-1_scen-agents10-idx2-seed42-1783617172072,0,0,2,3,63,23,0,63,0,0,2,2,0.012000,0.007000,0.003917,0,0,1,17,60
_home_max_Documents_PhD_MAPF_LNS_MAPF_LNS_SAT_mapf-map_room-64-64-8_map-_home_max_Documents_PhD_MAPF_LNS_MAPF_LNS_SAT_mapf-scen-even_scen-even_room-64-64-8-even-1_scen-agents10-idx2-seed42-1783617172072,0,0,0,1,21,12,1,22,1,0,1,0,0.025000,0.017000,0.001061,0,1,1,3,12
_home_max_Documents_PhD_MAPF_LNS_MAPF_LNS_SAT_mapf-map_room-64-64-8_map-_home_max_Documents_PhD_MAPF_LNS_MAPF_LNS_SAT_mapf-scen-even_scen-even_room-64-64-8-even-1_scen-agents10-idx2-seed42-1783617172072,0,0,0,2,22,12,0,22,0,0,1,0,0.001000,0.001000,0.000000,0,0,0,0,0
_home_max_Documents_PhD_MAPF_LNS_MAPF_LNS_SAT_mapf-map_room-64-64-8_map-_home_max_Documents_PhD_MAPF_LNS_MAPF_LNS_SAT_mapf-scen-even_scen-even_room-64-64-8-even-1_scen-agents10-idx2-seed42-1783617172072,0,0,1,1,38,19,1,39,0,1,1,1,0.034000,0.027000,0.003589,0,1,1,4,19
_home_max_Documents_PhD_MAPF_LNS_MAPF_LNS_SAT_mapf-map_room-64-64-8_map-_home_max_Documents_PhD_MAPF_LNS_MAPF_LNS_SAT_mapf-scen-even_scen-even_room-64-64-8-even-1_scen-agents10-idx2-seed42-1783617172072,0,0,1,2,39,19,0,39,0,0,1,1,0.001000,0.001000,0.000000,0,0,0,0,0
_home_max_Documents_PhD_MAPF_LNS_MAPF_LNS_SAT_mapf-map_room-64-64-8_map-_home_max_Documents_PhD_MAPF_LNS_MAPF_LNS_SAT_mapf-scen-even_scen-even_room-64-64-8-even-1_scen-agents10-idx2-seed42-1783617172072,0,0,2,1,133,40,2,135,2,0,3,1,0.084000,0.076000,0.004593,0,1,1,6,40
_home_max_Documents_PhD_MAPF_LNS_MAPF_LNS_SAT_mapf-map_room-64-64-8_map-_home_max_Documents_PhD_MAPF_LNS_MAPF_LNS_SAT_mapf-scen-even_scen-even_room-64-64-8-even-1_scen-agents10-idx2-seed42-1783617172072,0,0,2,2,135,40,0,135,0,0,3,1,0.001000,0.001000,0.000000,0,0,0,0,0
_home_max_Documents_PhD_MAPF_LNS_MAPF_LNS_SAT_mapf-map_room-64-64-8_map-_home_max_Documents_PhD_MAPF_LNS_MAPF_LNS_SAT_mapf-scen-even_scen-even_room-64-64-8-even-1_scen-agents10-idx2-seed42-1783617172072,0,0,3,1,416,97,0,416,0,0,3,1,0.179000,0.179000,0.000000,0,1,0,0,0
_home_max_Documents_PhD_MAPF_LNS_MAPF_LNS_SAT_mapf-map_room-64-64-8_map-_home_max_Documents_PhD_MAPF_LNS_MAPF_LNS_SAT_mapf-scen-even_scen-even_room-64-64-8-even-1_scen-agents10-idx2-seed42-1783617172072,0,1,0,1,62,32,1,63,1,0,1,0,0.048000,0.037000,0.002353,0,1,1,5,32
_home_max_Documents_PhD_MAPF_LNS_MAPF_LNS_SAT_mapf-map_room-64-64-8_map-_home_max_Documents_PhD_MAPF_LNS_MAPF_LNS_SAT_mapf-scen-even_scen-even_room-64-64-8-even-1_scen-agents10-idx2-seed42-1783617172072,0,1,0,2,63,32,0,63,0,0,1,0,0.001000,0.001000,0.000000,0,0,0,0,0
_home_max_Documents_PhD_MAPF_LNS_MAPF_LNS_SAT_mapf-map_room-64-64-8_map-_home_max_Documents_PhD_MAPF_LNS_MAPF_LNS_SAT_mapf-scen-even_scen-even_room-64-64-8-even-1_scen-agents10-idx2-seed42-1783617172072,0,1,1,1,102,45,1,103,0,1,1,1,0.067000,0.059000,0.006092,0,1,1,9,50
_home_max_Documents_PhD_MAPF_LNS_MAPF_LNS_SAT_mapf-map_room-64-64-8_map-_home_max_Documents_PhD_MAPF_LNS_MAPF_LNS_SAT_mapf-scen-even_scen-even_room-64-64-8-even-1_scen-agents10-idx2-seed42-1783617172072,0,1,1,2,103,45,0,103,0,0,1,1,0.001000,0.001000,0.000000,0,0,0,0,0
_home_max_Documents_PhD_MAPF_LNS_MAPF_LNS_SAT_mapf-map_room-64-64-8_map-_home_max_Documents_PhD_MAPF_LNS_MAPF_LNS_SAT_mapf-scen-even_scen-even_room-64-64-8-even-1_scen-agents10-idx2-seed42-1783617172072,0,1,2,1,400,92,1,401,1,0,2,1,0.197000,0.186000,0.010044,0,1,1,33,92
_home_max_Documents_PhD_MAPF_LNS_MAPF_LNS_SAT_mapf-map_room-64-64-8_map-_home_max_Documents_PhD_MAPF_LNS_MAPF_LNS_SAT_mapf-scen-even_scen-even_room-64-64-8-even-1_scen-agents10-idx2-seed42-1783617172072,0,1,2,2,401,92,2,403,1,1,3,2,0.022000,0.012000,0.008238,0,0,1,51,216
_home_max_Documents_PhD_MAPF_LNS_MAPF_LNS_SAT_mapf-map_room-64-64-8_map-_home_max_Documents_PhD_MAPF_LNS_MAPF_LNS_SAT_mapf-scen-even_scen-even_room-64-64-8-even-1_scen-agents10-idx2-seed42-1783617172072,0,1,2,3,403,92,0,403,0,0,3,2,0.001000,0.000000,0.000000,0,0,0,0,0
_home_max_Documents_PhD_MAPF_LNS_MAPF_LNS_SAT_mapf-map_room-64-64-8_map-_home_max_Documents_PhD_MAPF_LNS_MAPF_LNS_SAT_mapf-scen-even_scen-even_room-64-64-8-even-1_scen-agents10-idx2-seed42-1783617172072,0,1,3,1,1734,235,3,1737,2,1,5,3,0.708000,0.692000,0.027198,0,1,1,57,235
_home_max_Documents_PhD_MAPF_LNS_MAPF_LNS_SAT_mapf-map_room-64-64-8_map-_home_max_Documents_PhD_MAPF_LNS_MAPF_LNS_SAT_mapf-scen-even_scen-even_room-64-64-8-even-1_scen-agents10-idx2-seed42-1783617172072,0,1,3,2,1737,235,1,1738,1,0,6,3,0.037000,0.026000,0.020037,0,0,1,114,522
_home_max_Documents_PhD_MAPF_LNS_MAPF_LNS_SAT_mapf-map_room-64-64-8_map-_home_max_Documents_PhD_MAPF_LNS_MAPF_LNS_SAT_mapf-scen-even_scen-even_room-64-64-8-even-1_scen-agents10-idx2-seed42-1783617172072,0,1,3,3,1738,235,1,1739,1,0,7,3,0.031000,0.021000,0.017723,0,0,1,179,872
_home_max_Documents_PhD_MAPF_LNS_MAPF_LNS_SAT_mapf-map_room-64-64-8_map-_home_max_Documents_PhD_MAPF_LNS_MAPF_LNS_SAT_mapf-scen-even_scen-even_room-64-64-8-even-1_scen-agents10-idx2-seed42-1783617172072,0,1,3,4,1739,235,1,1740,0,1,7,4,0.024000,0.015000,0.011739,0,0,1,211,1094
_home_max_Documents_PhD_MAPF_LNS_MAPF_LNS_SAT_mapf-map_room-64-64-8_map-_home_max_Documents_PhD_MAPF_LNS_MAPF_LNS_SAT_mapf-scen-even_scen-even_room-64-64-8-even-1_scen-agents10-idx2-seed42-1783617172072,0,1,3,5,1740,235,1,1741,1,0,8,4,0.022000,0.013000,0.009775,0,0,1,231,1316
_home_max_Documents_PhD_MAPF_LNS_MAPF_LNS_SAT_mapf-map_room-64-64-8_map-_home_max_Documents_PhD_MAPF_LNS_MAPF_LNS_SAT_mapf-scen-even_scen-even_room-64-64-8-even-1_scen-agents10-idx2-seed42-1783617172072,0,1,3,6,1741,235,1,1742,1,0,9,4,0.026000,0.017000,0.014488,0,0,1,269,1572
_home_max_Documents_PhD_MAPF_LNS_MAPF_LNS_SAT_mapf-map_room-64-64-8_map-_home_max_Documents_PhD_MAPF_LNS_MAPF_LNS_SAT_mapf-scen-even_scen-even_room-64-64-8-even-1_scen-agents10-idx2-seed42-1783617172072,0,1,3,7,1742,235,1,1743,0,1,9,5,0.026000,0.017000,0.013699,0,0,1,300,1864
_home_max_Documents_PhD_MAPF_LNS_MAPF_LNS_SAT_mapf-map_room-64-64-8_map-_home_max_Documents_PhD_MAPF_LNS_MAPF_LNS_SAT_mapf-scen-even_scen-even_room-64-64-8-even-1_scen-agents10-idx2-seed42-1783617172072,0,1,3,8,1743,235,0,1743,0,0,9,5,0.026000,0.019000,0.015714,0,0,1,330,2114
_home_max_Documents_PhD_MAPF_LNS_MAPF_LNS_SAT_mapf-map_room-64-64-8_map-_home_max_Documents_PhD_MAPF_LNS_MAPF_LNS_SAT_mapf-scen-even_scen-even_room-64-64-8-even-1_scen-agents10-idx3-seed42-1783617172176,0,0,0,1,19,9,1,20,0,1,0,1,0.053000,0.045000,0.009846,0,1,1,4,9
_home_max_Documents_PhD_MAPF_LNS_MAPF_LNS_SAT_mapf-map_room-64-64-8_map-_home_max_Documents_PhD_MAPF_LNS_MAPF_LNS_SAT_mapf-scen-even_scen-even_room-64-64-8-even-1_scen-agents10-idx3-seed42-1783617172176,0,0,0,2,20,9,0,20,0,0,0,1,0.008000,0.005000,0.000515,0,0,1,7,13
_home_max_Documents_PhD_MAPF_LNS_MAPF_LNS_SAT_mapf-map_room-64-64-8_map-_home_max_Documents_PhD_MAPF_LNS_MAPF_LNS_SAT_mapf-scen-even_scen-even_room-64-64-8-even-1_scen-agents10-idx4-seed42-1783617172278,0,0,0,1,10,6,1,11,0,1,0,1,0.047000,0.039000,0.009733,0,1,1,1,6
_home_max_Documents_PhD_MAPF_LNS_MAPF_LNS_SAT_mapf-map_room-64-64-8_map-_home_max_Documents_PhD_MAPF_LNS_MAPF_LNS_SAT_mapf-scen-even_scen-even_room-64-64-8-even-1_scen-agents10-idx4-seed42-1783617172278,0,0,0,2,11,6,0,11,0,0,0,1,0.002000,0.002000,0.000000,0,0,0,0,0
_home_max_Documents_PhD_MAPF_LNS_MAPF_LNS_SAT_mapf-map_room-64-64-8_map-_home_max_Documents_PhD_MAPF_LNS_MAPF_LNS_SAT_mapf-scen-even_scen-even_room-64-64-8-even-1_scen-agents10-idx4-seed42-1783617172278,0,0,1,1,19,10,1,20,1,0,1,1,0.023000,0.017000,0.001630,0,1,1,2,10
_home_max_Documents_PhD_MAPF_LNS_MAPF_LNS_SAT_mapf-map_room-64-64-8_map-_home_max_Documents_PhD_MAPF_LNS_MAPF_LNS_SAT_mapf-scen-even_scen-even_room-64-64-8-even-1_scen-agents10-idx4-seed42-1783617172278,0,0,1,2,20,10,0,20,0,0,1,1,0.001000,0.001000,0.000000,0,0,0,0,0
_home_max_Documents_PhD_MAPF_LNS_MAPF_LNS_SAT_mapf-map_room-64-64-8_map-_home_max_Documents_PhD_MAPF_LNS_MAPF_LNS_SAT_mapf-scen-even_scen-even_room-64-64-8-even-1_scen-agents10-idx4-seed42-1783617172278,0,0,2,1,68,25,1,69,0,1,1,2,0.048000,0.042000,0.003903,0,1,1,11,25
_home_max_Documents_PhD_MAPF_LNS_MAPF_LNS_SAT_mapf-map_room-64-64-8_map-_home_max_Documents_PhD_MAPF_LNS_MAPF_LNS_SAT_mapf-scen-even_scen-even_room-64-64-8-even-1_scen-agents10-idx4-seed42-1783617172278,0,0,2,2,69,25,1,70,1,0,2,2,0.009000,0.004000,0.001313,0,0,1,13,42
_home_max_Documents_PhD_MAPF_LNS_MAPF_LNS_SAT_mapf-map_room-64-64-8_map-_home_max_Documents_PhD_MAPF_LNS_MAPF_LNS_SAT_mapf-scen-even_scen-even_room-64-64-8-even-1_scen-agents10-idx4-seed42-1783617172278,0,0,2,3,70,25,0,70,0,0,2,2,0.003000,0.003000,0.001360,0,0,0,15,56
_home_max_Documents_PhD_MAPF_LNS_MAPF_LNS_SAT_mapf-map_room-64-64-8_map-_home_max_Documents_PhD_MAPF_LNS_MAPF_LNS_SAT_mapf-scen-even_scen-even_room-64-64-8-even-1_scen-agents10-idx4-seed42-1783617172278,0,0,3,1,157,46,0,157,0,0,2,2,0.090000,0.084000,0.005843,0,1,1,16,46
_home_max_Documents_PhD_MAPF_LNS_MAPF_LNS_SAT_mapf-map_room-64-64-8_map-_home_max_Documents_PhD_MAPF_LNS_MAPF_LNS_SAT_mapf-scen-even_scen-even_room-64-64-8-even-1_scen-agents10-idx4-seed42-1783617172278,0,0,0,1,10,6,1,11,1,0,1,0,0.017000,0.012000,0.000531,0,1,1,1,6
_home_max_Documents_PhD_MAPF_LNS_MAPF_LNS_SAT_mapf-map_room-64-64-8_map-_home_max_Documents_PhD_MAPF_LNS_MAPF_LNS_SAT_mapf-scen-even_scen-even_room-64-64-8-even-1_scen-agents10-idx4-seed42-1783617172278,0,0,0,2,11,6,0,11,0,0,1,0,0.001000,0.001000,0.000000,0,0,0,0,0
_home_max_Documents_PhD_MAPF_LNS_MAPF_LNS_SAT_mapf-map_room-64-64-8_map-_home_max_Documents_PhD_MAPF_LNS_MAPF_LNS_SAT_mapf-scen-even_scen-even_room-64-64-8-even-1_scen-agents10-idx4-seed42-1783617172278,0,0,1,1,17,9,0,17,0,0,1,0,0.020000,0.015000,0.001807,0,1,1,1,9
_home_max_Documents_PhD_MAPF_LNS_MAPF_LNS_SAT_mapf-map_room-64-64-8_map-_home_max_Documents_PhD_MAPF_LNS_MAPF_LNS_SAT_mapf-scen-even_scen-even_room-64-64-8-even-1_scen-agents10-idx4-seed42-1783617172278,0,0,0,1,10,6,1,11,1,0,1,0,0.016000,0.011000,0.000376,0,1,1,1,6
_home_max_Documents_PhD_MAPF_LNS_MAPF_LNS_SAT_mapf-map_room-64-64-8_map-_home_max_Documents_PhD_MAPF_LNS_MAPF_LNS_SAT_mapf-scen-even_scen-even_room-64-64-8-even-1_scen-agents10-idx4-seed42-1783617172278,0,0,0,2,11,6,0,11,0,0,1,0,0.001000,0.001000,0.000000,0,0,0,0,0
_home_max_Documents_PhD_MAPF_LNS_MAPF_LNS_SAT_mapf-map_room-64-64-8_map-_home_max_Documents_PhD_MAPF_LNS_MAPF_LNS_SAT_mapf-scen-even_scen-even_room-64-64-8-even-1_scen-agents10-idx4-seed42-1783617172278,0,0,1,1,19,10,1,20,0,1,1,1,0.023000,0.017000,0.001370,0,1,1,1,10
_home_max_Documents_PhD_MAPF_LNS_MAPF_LNS_SAT_mapf-map_room-64-64-8_map-_home_max_Documents_PhD_MAPF_LNS_MAPF_LNS_SAT_mapf-scen-even_scen-even_room-64-64-8-even-1_scen-agents10-idx4-seed42-1783617172278,0,0,1,2,20,10,0,20,0,0,1,1,0.001000,0.001000,0.000000,0,0,0,0,0
_home_max_Documents_PhD_MAPF_LNS_MAPF_LNS_SAT_mapf-map_room-64-64-8_map-_home_max_Documents_PhD_MAPF_LNS_MAPF_LNS_SAT_mapf-scen-even_scen-even_room-64-64-8-even-1_scen-agents10-idx4-seed42-1783617172278,0,0,2,1,88,28,1,89,1,0,2,1,0.064000,0.058000,0.006432,0,1,1,12,36
_home_max_Documents_PhD_MAPF_LNS_MAPF_LNS_SAT_mapf-map_room-64-64-8_map-_home_max_Documents_PhD_MAPF_LNS_MAPF_LNS_SAT_mapf-scen-even_scen-even_room-64-64-8-even-1_scen-agents10-idx4-seed42-1783617172278,0,0,2,2,89,28,1,90,0,1,2,2,0.010000,0.006000,0.002251,0,0,1,16,57
_home_max_Documents_PhD_MAPF_LNS_MAPF_LNS_SAT_mapf-map_room-64-64-8_map-_home_max_Documents_PhD_MAPF_LNS_MAPF_LNS_SAT_mapf-scen-even_scen-even_room-64-64-8-even-1_scen-agents10-idx4-seed42-1783617172278,0,0,2,3,90,28,0,90,0,0,2,2,0.008000,0.004000,0.001838,0,0,1,21,77
_home_max_Documents_PhD_MAPF_LNS_MAPF_LNS_SAT_mapf-map_room-64-64-8_map-_home_max_Documents_PhD_MAPF_LNS_MAPF_LNS_SAT_mapf-scen-even_scen-even_room-64-64-8-even-1_scen-agents10-idx4-seed42-1783617172278,0,0,0,1,10,6,1,11,0,1,0,1,0.017000,0.011000,0.000484,0,1,1,1,6
_home_max_Documents_PhD_MAPF_LNS_MAPF_LNS_SAT_mapf-map_room-64-64-8_map-_home_max_Documents_PhD_MAPF_LNS_MAPF_LNS_SAT_mapf-scen-even_scen-even_room-64-64-8-even-1_scen-agents10-idx4-seed42-1783617172278,0,0,0,2,11,6,0,11,0,0,0,1,0.002000,0.001000,0.000000,0,0,0,0,0
_home_max_Documents_PhD_MAPF_LNS_MAPF_LNS_SAT_mapf-map_room-64-64-8_map-_home_max_Documents_PhD_MAPF_LNS_MAPF_LNS_SAT_mapf-scen-even_scen-even_room-64-64-8-even-1_scen-agents10-idx4-seed42-1783617172278,0,0,1,1,19,10,1,20,1,0,1,1,0.022000,0.017000,0.001303,0,1,1,2,10
_home_max_Documents_PhD_MAPF_LNS_MAPF_LNS_SAT_mapf-map_room-64-64-8_map-_home_max_Documents_PhD_MAPF_LNS_MAPF_LNS_SAT_mapf-scen-even_scen-even_room-64-64-8-even-1_scen-agents10-idx4-seed42-1783617172278,0,0,1,2,20,10,0,20,0,0,1,1,0.001000,0.001000,0.000000,0,0,0,0,0
_home_max_Documents_PhD_MAPF_LNS_MAPF_LNS_SAT_mapf-map_room-64-64-8_map-_home_max_Documents_PhD_MAPF_LNS_MAPF_LNS_SAT_mapf-scen-even_scen-even_room-64-64-8-even-1_scen-agents10-idx4-seed42-1783617172278,0,0,2,1,61,22,1,62,0,1,1,2,0.047000,0.042000,0.003623,0,1,1,4,22
_home_max_Documents_PhD_MAPF_LNS_MAPF_LNS_SAT_mapf-map_room-64-64-8_map-_home_max_Documents_PhD_MAPF_LNS_MAPF_LNS_SAT_mapf-scen-even_scen-even_room-64-64-8-even-1_scen-agents10-idx4-seed42-1783617172278,0,0,2,2,62,22,1,63,1,0,2,2,0.009000,0.004000,0.001214,0,0,1,7,37
_home_max_Documents_PhD_MAPF_LNS_MAPF_LNS_SAT_mapf-map_room-64-64-8_map-_home_max_Documents_PhD_MAPF_LNS_MAPF_LNS_SAT_mapf-scen-even_scen-even_room-64-64-8-even-1_scen-agents10-idx4-seed42-1783617172278,0,0,2,3,63,22,0,63,0,0,2,2,0.009000,0.005000,0.002601,0,0,1,14,57
_home_max_Documents_PhD_MAPF_LNS_MAPF_LNS_SAT_mapf-map_room-64-64-8_map-_home_max_Documents_PhD_MAPF_LNS_MAPF_LNS_SAT_mapf-scen-even_scen-even_room-64-64-8-even-1_scen-agents10-idx4-seed42-1783617172278,0,0,0,1,24,10,1,25,0,1,0,1,0.025000,0.020000,0.001461,0,1,1,5,10
_home_max_Documents_PhD_MAPF_LNS_MAPF_LNS_SAT_mapf-map_room-64-64-8_map-_home_max_Documents_PhD_MAPF_LNS_MAPF_LNS_SAT_mapf-scen-even_scen-even_room-64-64-8-even-1_scen-agents10-idx4-seed42-1783617172278,0,0,0,2,25,10,0,25,0,0,0,1,0.008000,0.004000,0.000600,0,0,1,9,15
_home_max_Documents_PhD_MAPF_LNS_MAPF_LNS_SAT_mapf-map_room-64-64-8_map-_home_max_Documents_PhD_MAPF_LNS_MAPF_LNS_SAT_mapf-scen-even_scen-even_room-64-64-8-even-1_scen-agents10-idx5-seed42-1783617172377,0,0,0,1,10,6,1,11,0,1,0,1,0.041000,0.033000,0.008673,0,1,1,1,6
_home_max_Documents_PhD_MAPF_LNS_MAPF_LNS_SAT_mapf-map_room-64-64-8_map-_home_max_Documents_PhD_MAPF_LNS_MAPF_LNS_SAT_mapf-scen-even_scen-even_room-64-64-8-even-1_scen-agents10-idx5-seed42-1783617172377,0,0,0,2,11,6,0,11,0,0,0,1,0.002000,0.002000,0.000000,0,0,0,0,0
_home_max_Documents_PhD_MAPF_LNS_MAPF_LNS_SAT_mapf-map_room-64-64-8_map-_home_max_Documents_PhD_MAPF_LNS_MAPF_LNS_SAT_mapf-scen-even_scen-even_room-64-64-8-even-1_scen-agents10-idx5-seed42-1783617172377,0,0,1,1,19,10,1,20,1,0,1,1,0.023000,0.018000,0.001557,0,1,1,2,10
_home_max_Documents_PhD_MAPF_LNS_MAPF_LNS_SAT_mapf-map_room-64-64-8_map-_home_max_Documents_PhD_MAPF_LNS_MAPF_LNS_SAT_mapf-scen-even_scen-even_room-64-64-8-even-1_scen-agents10-idx5-seed42-1783617172377,0,0,1,2,20,10,0,20,0,0,1,1,0.001000,0.001000,0.000000,0,0,0,0,0
_home_max_Documents_PhD_MAPF_LNS_MAPF_LNS_SAT_mapf-map_room-64-64-8_map-_home_max_Documents_PhD_MAPF_LNS_MAPF_LNS_SAT_mapf-scen-even_scen-even_room-64-64-8-even-1_scen-agents10-idx5-seed42-1783617172377,0,0,2,1,88,28,1,89,0,1,1,2,0.059000,0.052000,0.003675,0,1,1,6,28
_home_max_Documents_PhD_MAPF_LNS_MAPF_LNS_SAT_mapf-map_room-64-64-8_map-_home_max_Documents_PhD_MAPF_LNS_MAPF_LNS_SAT_mapf-scen-even_scen-even_room-64-64-8-even-1_scen-agents10-idx5-seed42-1783617172377,0,0,2,2,89,28,1,90,1,0,2,2,0.010000,0.005000,0.001287,0,0,1,9,47
_home_max_Documents_PhD_MAPF_LNS_MAPF_LNS_SAT_mapf-map_room-64-64-8_map-_home_max_Documents_PhD_MAPF_LNS_MAPF_LNS_SAT_mapf-scen-even_scen-even_room-64-64-8-even-1_scen-agents10-idx5-seed42-1783617172377,0,0,2,3,90,28,0,90,0,0,2,2,0.011000,0.006000,0.002908,0,0,1,20,71
_home_max_Documents_PhD_MAPF_LNS_MAPF_LNS_SAT_mapf-map_room-64-64-8_map-_home_max_Documents_PhD_MAPF_LNS_MAPF_LNS_SAT_mapf-scen-even_scen-even_room-64-64-8-even-1_scen-agents10-idx5-seed42-1783617172377,0,0,0,1,11,7,1,12,0,1,0,1,0.017000,0.011000,0.000523,0,1,1,1,7
_home_max_Documents_PhD_MAPF_LNS_MAPF_LNS_SAT_mapf-map_room-64-64-8_map-_home_max_Documents_PhD_MAPF_LNS_MAPF_LNS_SAT_mapf-scen-even_scen-even_room-64-64-8-even-1_scen-agents10-idx5-seed42-1783617172377,0,0,0,2,12,7,0,12,0,0,0,1,0.002000,0.001000,0.000000,0,0,0,0,0
_home_max_Documents_PhD_MAPF_LNS_MAPF_LNS_SAT_mapf-map_room-64-64-8_map-_home_max_Documents_PhD_MAPF_LNS_MAPF_LNS_SAT_mapf-scen-even_scen-even_room-64-64-8-even-1_scen-agents10-idx5-seed42-1783617172377,0,0,1,1,20,11,1,21,1,0,1,1,0.023000,0.017000,0.001167,0,1,1,2,11
_home_max_Documents_PhD_MAPF_LNS_MAPF_LNS_SAT_mapf-map_room-64-64-8_map-_home_max_Documents_PhD_MAPF_LNS_MAPF_LNS_SAT_mapf-scen-even_scen-even_room-64-64-8-even-1_scen-agents10-idx5-seed42-1783617172377,0,0,1,2,21,11,0,21,0,0,1,1,0.001000,0.001000,0.000000,0,0,0,0,0
_home_max_Documents_PhD_MAPF_LNS_MAPF_LNS_SAT_mapf-map_room-64-64-8_map-_home_max_Documents_PhD_MAPF_LNS_MAPF_LNS_SAT_mapf-scen-even_scen-even_room-64-64-8-even-1_scen-agents10-idx5-seed42-1783617172377,0,0,2,1,91,30,1,92,0,1,1,2,0.058000,0.052000,0.004010,0,1,1,14,30
_home_max_Documents_PhD_MAPF_LNS_MAPF_LNS_SAT_mapf-map_room-64-64-8_map-_home_max_Documents_PhD_MAPF_LNS_MAPF_LNS_SAT_mapf-scen-even_scen-even_room-64-64-8-even-1_scen-agents10-idx5-seed42-1783617172377,0,0,2,2,92,30,1,93,1,0,2,2,0.010000,0.005000,0.001509,0,0,1,16,51
_home_max_Documents_PhD_MAPF_LNS_MAPF_LNS_SAT_mapf-map_room-64-64-8_map-_home_max_Documents_PhD_MAPF_LNS_MAPF_LNS_SAT_mapf-scen-even_scen-even_room-64-64-8-even-1_scen-agents10-idx5-seed42-1783617172377,0,0,2,3,93,30,0,93,0,0,2,2,0.003000,0.003000,0.001354,0,0,0,18,67
_home_max_Documents_PhD_MAPF_LNS_MAPF_LNS_SAT_mapf-map_room-64-64-8_map-_home_max_Documents_PhD_MAPF_LNS_MAPF_LNS_SAT_mapf-scen-even_scen-even_room-64-64-8-even-1_scen-agents10-idx5-seed42-1783617172377,0,0,3,1,231,57,0,231,0,0,2,2,0.119000,0.113000,0.006779,0,1,1,20,57
_home_max_Documents_PhD_MAPF_LNS_MAPF_LNS_SAT_mapf-map_room-64-64-8_map-_home_max_Documents_PhD_MAPF_LNS_MAPF_LNS_SAT_mapf-scen-even_scen-even_room-64-64-8-even-1_scen-agents10-idx5-seed42-1783617172377,0,0,0,1,10,6,1,11,0,1,0,1,0.016000,0.011000,0.000422,0,1,1,1,6
_home_max_Documents_PhD_MAPF_LNS_MAPF_LNS_SAT_mapf-map_room-64-64-8_map-_home_max_Documents_PhD_MAPF_LNS_MAPF_LNS_SAT_mapf-scen-even_scen-even_room-64-64-8-even-1_scen-agents10-idx5-seed42-1783617172377,0,0,0,2,11,6,0,11,0,0,0,1,0.002000,0.002000,0.000000,0,0,0,0,0
_home_max_Documents_PhD_MAPF_LNS_MAPF_LNS_SAT_mapf-map_room-64-64-8_map-_home_max_Documents_PhD_MAPF_LNS_MAPF_LNS_SAT_mapf-scen-even_scen-even_room-64-64-8-even-1_scen-agents10-idx5-seed42-1783617172377,0,0,1,1,19,10,1,20,1,0,1,1,0.020000,0.016000,0.001009,0,1,1,2,10
_home_max_Documents_PhD_MAPF_LNS_MAPF_LNS_SAT_mapf-map_room-64-64-8_map-_home_max_Documents_PhD_MAPF_LNS_MAPF_LNS_SAT_mapf-scen-even_scen-even_room-64-64-8-even-1_scen-agents10-idx5-seed42-1783617172377,0,0,1,2,20,10,0,20,0,0,1,1,0.001000,0.001000,0.000000,0,0,0,0,0
_home_max_Documents_PhD_MAPF_LNS_MAPF_LNS_SAT_mapf-map_room-64-64-8_map-_home_max_Documents_PhD_MAPF_LNS_MAPF_LNS_SAT_mapf-scen-even_scen-even_room-64-64-8-even-1_scen-agents10-idx5-seed42-1783617172377,0,0,2,1,85,26,1,86,0,1,1,2,0.056000,0.051000,0.003355,0,1,1,5,26
_home_max_Documents_PhD_MAPF_LNS_MAPF_LNS_SAT_mapf-map_room-64-64-8_map-_home_max_Documents_PhD_MAPF_LNS_MAPF_LNS_SAT_mapf-scen-even_scen-even_room-64-64-8-even-1_scen-agents10-idx5-seed42-1783617172377,0,0,2,2,86,26,1,87,1,0,2,2,0.010000,0.005000,0.001509,0,0,1,8,45
_home_max_Documents_PhD_MAPF_LNS_MAPF_LNS_SAT_mapf-map_room-64-64-8_map-_home_max_Documents_PhD_MAPF_LNS_MAPF_LNS_SAT_mapf-scen-even_scen-even_room-64-64-8-even-1_scen-agents10-idx5-seed42-1783617172377,0,0,2,3,87,26,0,87,0,0,2,2,0.010000,0.006000,0.002938,0,0,1,17,69
_home_max_Documents_PhD_MAPF_LNS_MAPF_LNS_SAT_mapf-map_room-64-64-8_map-_home_max_Documents_PhD_MAPF_LNS_MAPF_LNS_SAT_mapf-scen-even_scen-even_room-64-64-8-even-1_scen-agents10-idx5-seed42-1783617172377,0,0,0,1,15,9,1,16,0,1,0,1,0.021000,0.014000,0.000817,0,1,1,2,9
_home_max_Documents_PhD_MAPF_LNS_MAPF_LNS_SAT_mapf-map_room-64-64-8_map-_home_max_Documents_PhD_MAPF_LNS_MAPF_LNS_SAT_mapf-scen-even_scen-even_room-64-64-8-even-1_scen-agents10-idx5-seed42-1783617172377,0,0,0,2,16,9,1,17,1,0,1,1,0.008000,0.004000,0.000208,0,0,1,3,11
_home_max_Documents_PhD_MAPF_LNS_MAPF_LNS_SAT_mapf-map_room-64-64-8_map-_home_max_Documents_PhD_MAPF_LNS_MAPF_LNS_SAT_mapf-scen-even_scen-even_room-64-64-8-even-1_scen-agents10-idx5-seed42-1783617172377,0,0,0,3,17,9,0,17,0,0,1,1,0.001000,0.000000,0.000000,0,0,0,0,0
_home_max_Documents_PhD_MAPF_LNS_MAPF_LNS_SAT_mapf-map_room-64-64-8_map-_home_max_Documents_PhD_MAPF_LNS_MAPF_LNS_SAT_mapf-scen-even_scen-even_room-64-64-8-even-1_scen-agents10-idx5-seed42-1783617172377,0,0,1,1,31,15,0,31,0,0,1,1,0.028000,0.023000,0.001664,0,1,1,4,15
_home_max_Documents_PhD_MAPF_LNS_MAPF_LNS_SAT_mapf-map_room-64-64-8_map-_home_max_Documents_PhD_MAPF_LNS_MAPF_LNS_SAT_mapf-scen-even_scen-even_room-64-64-8-even-1_scen-agents10-idx6-seed42-1783617172476,0,0,0,1,10,6,1,11,1,0,1,0,0.048000,0.038000,0.007173,0,1,1,1,6
_home_max_Documents_PhD_MAPF_LNS_MAPF_LNS_SAT_mapf-map_room-64-64-8_map-_home_max_Documents_PhD_MAPF_LNS_MAPF_LNS_SAT_mapf-scen-even_scen-even_room-64-64-8-even-1_scen-agents10-idx6-seed42-1783617172476,0,0,0,2,11,6,0,11,0,0,1,0,0.002000,0.001000,0.000000,0,0,0,0,0
_home_max_Documents_PhD_MAPF_LNS_MAPF_LNS_SAT_mapf-map_room-64-64-8_map-_home_max_Documents_PhD_MAPF_LNS_MAPF_LNS_SAT_mapf-scen-even_scen-even_room-64-64-8-even-1_scen-agents10-idx6-seed42-1783617172476,0,0,1,1,17,9,1,18,0,1,1,1,0.024000,0.017000,0.001900,0,1,1,1,9
_home_max_Documents_PhD_MAPF_LNS_MAPF_LNS_SAT_mapf-map_room-64-64-8_map-_home_max_Documents_PhD_MAPF_LNS_MAPF_LNS_SAT_mapf-scen-even_scen-even_room-64-64-8-even-1_scen-agents10-idx6-seed42-1783617172476,0,0,1,2,18,9,0,18,0,0,1,1,0.002000,0.001000,0.000000,0,0,0,0,0
_home_max_Documents_PhD_MAPF_LNS_MAPF_LNS_SAT_mapf-map_room-64-64-8_map-_home_max_Documents_PhD_MAPF_LNS_MAPF_LNS_SAT_mapf-scen-even_scen-even_room-64-64-8-even-1_scen-agents10-idx6-seed42-1783617172476,0,0,2,1,51,20,1,52,1,0,2,1,0.044000,0.038000,0.004504,0,1,1,2,20
_home_max_Documents_PhD_MAPF_LNS_MAPF_LNS_SAT_mapf-map_room-64-64-8_map-_home_max_Documents_PhD_MAPF_LNS_MAPF_LNS_SAT_mapf-scen-even_scen-even_room-64-64-8-even-1_scen-agents10-idx6-seed42-1783617172476,0,0,2,2,52,20,0,52,0,0,2,1,0.001000,0.001000,0.000000,0,0,0,0,0
_home_max_Documents_PhD_MAPF_LNS_MAPF_LNS_SAT_mapf-map_room-64-64-8_map-_home_max_Documents_PhD_MAPF_LNS_MAPF_LNS_SAT_mapf-scen-even_scen-even_room-64-64-8-even-1_scen-agents10-idx6-seed42-1783617172476,0,0,3,1,104,37,0,104,0,0,2,1,0.051000,0.051000,0.000000,0,1,0,0,0
_home_max_Documents_PhD_MAPF_LNS_MAPF_LNS_SAT_mapf-map_room-64-64-8_map-_home_max_Documents_PhD_MAPF_LNS_MAPF_LNS_SAT_mapf-scen-even_scen-even_room-64-64-8-even-1_scen-agents10-idx6-seed42-1783617172476,0,1,0,1,51,27,2,53,1,1,1,1,0.041000,0.029000,0.001927,0,1,1,5,27
_home_max_Documents_PhD_MAPF_LNS_MAPF_LNS_SAT_mapf-map_room-64-64-8_map-_home_max_Documents_PhD_MAPF_LNS_MAPF_LNS_SAT_mapf-scen-even_scen-even_room-64-64-8-even-1_scen-agents10-idx6-seed42-1783617172476,0,1,0,2,53,27,0,53,0,0,1,1,0.002000,0.002000,0.000000,0,0,0,0,0
_home_max_Documents_PhD_MAPF_LNS_MAPF_LNS_SAT_mapf-map_room-64-64-8_map-_home_max_Documents_PhD_MAPF_LNS_MAPF_LNS_SAT_mapf-scen-even_scen-even_room-64-64-8-even-1_scen-agents10-idx6-seed42-1783617172476,0,1,1,1,99,46,2,101,1,1,2,2,0.099000,0.085000,0.008758,0,1,1,13,63
_home_max_Documents_PhD_MAPF_LNS_MAPF_LNS_SAT_mapf-map_room-64-64-8_map-_home_max_Documents_PhD_MAPF_LNS_MAPF_LNS_SAT_mapf-scen-even_scen-even_room-64-64-8-even-1_scen-agents10-idx6-seed42-1783617172476,0,1,1,2,101,46,0,101,0,0,2,2,0.002000,0.002000,0.000000,0,0,0,0,0
_home_max_Documents_PhD_MAPF_LNS_MAPF_LNS_SAT_mapf-map_room-64-64-8_map-_home_max_Documents_PhD_MAPF_LNS_MAPF_LNS_SAT_mapf-scen-even_scen-even_room-64-64-8-even-1_scen-agents10-idx6-seed42-1783617172476,0,1,2,1,520,124,1,521,1,0,3,2,0.268000,0.253000,0.015738,0,1,1,52,124
_home_max_Documents_PhD_MAPF_LNS_MAPF_LNS_SAT_mapf-map_room-64-64-8_map-_home_max_Documents_PhD_MAPF_LNS_MAPF_LNS_SAT_mapf-scen-even_scen-even_room-64-64-8-even-1_scen-agents10-idx6-seed42-1783617172476,0,1,2,2,521,124,1,522,0,1,3,3,0.025000,0.014000,0.010546,0,0,1,113,312
_home_max_Documents_PhD_MAPF_LNS_MAPF_LNS_SAT_mapf-map_room-64-64-8_map-_home_max_Documents_PhD_MAPF_LNS_MAPF_LNS_SAT_mapf-scen-even_scen-even_room-64-64-8-even-1_scen-agents10-idx6-seed42-1783617172476,0,1,2,3,522,124,0,522,0,0,3,3,0.018000,0.011000,0.007537,0,0,1,150,421
_home_max_Documents_PhD_MAPF_LNS_MAPF_LNS_SAT_mapf-map_room-64-64-8_map-_home_max_Documents_PhD_MAPF_LNS_MAPF_LNS_SAT_mapf-scen-even_scen-even_room-64-64-8-even-1_scen-agents10-idx6-seed42-1783617172476,0,0,0,1,11,7,1,12,1,0,1,0,0.018000,0.012000,0.000575,0,1,1,1,7
_home_max_Documents_PhD_MAPF_LNS_MAPF_LNS_SAT_mapf-map_room-64-64-8_map-_home_max_Documents_PhD_MAPF_LNS_MAPF_LNS_SAT_mapf-scen-even_scen-even_room-64-64-8-even-1_scen-agents10-idx6-seed42-1783617172476,0,0,0,2,12,7,0,12,0,0,1,0,0.002000,0.001000,0.000000,0,0,0,0,0
_home_max_Documents_PhD_MAPF_LNS_MAPF_LNS_SAT_mapf-map_room-64-64-8_map-_home_max_Documents_PhD_MAPF_LNS_MAPF_LNS_SAT_mapf-scen-even_scen-even_room-64-64-8-even-1_scen-agents10-idx6-seed42-1783617172476,0,0,1,1,18,10,0,18,0,0,1,0,0.022000,0.017000,0.001380,0,1,1,1,10
_home_max_Documents_PhD_MAPF_LNS_MAPF_LNS_SAT_mapf-map_room-64-64-8_map-_home_max_Documents_PhD_MAPF_LNS_MAPF_LNS_SAT_mapf-scen-even_scen-even_room-64-64-8-even-1_scen-agents10-idx7-seed42-1783617172579,0,0,0,1,10,6,1,11,1,0,1,0,0.041000,0.033000,0.006883,0,1,1,1,6
_home_max_Documents_PhD_MAPF_LNS_MAPF_LNS_SAT_mapf-map_room-64-64-8_map-_home_max_Documents_PhD_MAPF_LNS_MAPF_LNS_SAT_mapf-scen-even_scen-even_room-64-64-8-even-1_scen-agents10-idx7-seed42-1783617172579,0,0,0,2,11,6,0,11,0,0,1,0,0.002000,0.001000,0.000000,0,0,0,0,0
_home_max_Documents_PhD_MAPF_LNS_MAPF_LNS_SAT_mapf-map_room-64-64-8_map-_home_max_Documents_PhD_MAPF_LNS_MAPF_LNS_SAT_mapf-scen-even_scen-even_room-64-64-8-even-1_scen-agents10-idx7-seed42-1783617172579,0,0,1,1,17,9,1,18,0,1,1,1,0.024000,0.017000,0.002210,0,1,1,1,9
_home_max_Documents_PhD_MAPF_LNS_MAPF_LNS_SAT_mapf-map_room-64-64-8_map-_home_max_Documents_PhD_MAPF_LNS_MAPF_LNS_SAT_mapf-scen-even_scen-even_room-64-64-8-even-1_scen-agents10-idx7-seed42-1783617172579,0,0,1,2,18,9,0,18,0,0,1,1,0.002000,0.001000,0.000000,0,0,0,0,0
_home_max_Documents_PhD_MAPF_LNS_MAPF_LNS_SAT_mapf-map_room-64-64-8_map-_home_max_Documents_PhD_MAPF_LNS_MAPF_LNS_SAT_mapf-scen-even_scen-even_room-64-64-8-even-1_scen-agents10-idx7-seed42-1783617172579,0,0,2,1,50,19,1,51,1,0,2,1,0.044000,0.038000,0.004006,0,1,1,2,19
_home_max_Documents_PhD_MAPF_LNS_MAPF_LNS_SAT_mapf-map_room-64-64-8_map-_home_max_Documents_PhD_MAPF_LNS_MAPF_LNS_SAT_mapf-scen-even_scen-even_room-64-64-8-even-1_scen-agents10-idx7-seed42-1783617172579,0,0,2,2,51,19,0,51,0,0,2,1,0.001000,0.001000,0.000000,0,0,0,0,0
_home_max_Documents_PhD_MAPF_LNS_MAPF_LNS_SAT_mapf-map_room-64-64-8_map-_home_max_Documents_PhD_MAPF_LNS_MAPF_LNS_SAT_mapf-scen-even_scen-even_room-64-64-8-even-1_scen-agents10-idx7-seed42-1783617172579,0,0,3,1,99,34,0,99,0,0,2,1,0.051000,0.051000,0.000000,0,1,0,0,0
_home_max_Documents_PhD_MAPF_LNS_MAPF_LNS_SAT_mapf-map_room-64-64-8_map-_home_max_Documents_PhD_MAPF_LNS_MAPF_LNS_SAT_mapf-scen-even_scen-even_room-64-64-8-even-1_scen-agents10-idx7-seed42-1783617172579,0,1,0,1,30,16,1,31,1,0,1,0,0.044000,0.032000,0.002470,0,1,1,2,16
_home_max_Documents_PhD_MAPF_LNS_MAPF_LNS_SAT_mapf-map_room-64-64-8_map-_home_max_Documents_PhD_MAPF_LNS_MAPF_LNS_SAT_mapf-scen-even_scen-even_room-64-64-8-even-1_scen-agents10-idx7-seed42-1783617172579,0,1,0,2,31,16,0,31,0,0,1,0,0.002000,0.001000,0.000000,0,0,0,0,0
_home_max_Documents_PhD_MAPF_LNS_MAPF_LNS_SAT_mapf-map_room-64-64-8_map-_home_max_Documents_PhD_MAPF_LNS_MAPF_LNS_SAT_mapf-scen-even_scen-even_room-64-64-8-even-1_scen-agents10-idx7-seed42-1783617172579,0,1,1,1,54,25,1,55,0,1,1,1,0.044000,0.036000,0.004872,0,1,1,3,25
_home_max_Documents_PhD_MAPF_LNS_MAPF_LNS_SAT_mapf-map_room-64-64-8_map-_home_max_Documents_PhD_MAPF_LNS_MAPF_LNS_SAT_mapf-scen-even_scen-even_room-64-64-8-even-1_scen-agents10-idx7-seed42-1783617172579,0,1,1,2,55,25,0,55,0,0,1,1,0.001000,0.001000,0.000000,0,0,0,0,0
_home_max_Documents_PhD_MAPF_LNS_MAPF_LNS_SAT_mapf-map_room-64-64-8_map-_home_max_Documents_PhD_MAPF_LNS_MAPF_LNS_SAT_mapf-scen-even_scen-even_room-64-64-8-even-1_scen-agents10-idx7-seed42-1783617172579,0,1,2,1,239,59,1,240,1,0,2,1,0.129000,0.121000,0.007199,0,1,1,20,59
_home_max_Documents_PhD_MAPF_LNS_MAPF_LNS_SAT_mapf-map_room-64-64-8_map-_home_max_Documents_PhD_MAPF_LNS_MAPF_LNS_SAT_mapf-scen-even_scen-even_room-64-64-8-even-1_scen-agents10-idx7-seed42-1783617172579,0,1,2,2,240,59,1,241,0,1,2,2,0.015000,0.009000,0.005403,0,0,1,32,130
_home_max_Documents_PhD_MAPF_LNS_MAPF_LNS_SAT_mapf-map_room-64-64-8_map-_home_max_Documents_PhD_MAPF_LNS_MAPF_LNS_SAT_mapf-scen-even_scen-even_room-64-64-8-even-1_scen-agents10-idx7-seed42-1783617172579,0,1,2,3,241,59,0,241,0,0,2,2,0.001000,0.001000,0.000000,0,0,0,0,0
_home_max_Documents_PhD_MAPF_LNS_MAPF_LNS_SAT_mapf-map_room-64-64-8_map-_home_max_Documents_PhD_MAPF_LNS_MAPF_LNS_SAT_mapf-scen-even_scen-even_room-64-64-8-even-1_scen-agents10-idx7-seed42-1783617172579,0,1,3,1,710,113,1,711,1,0,3,2,0.314000,0.305000,0.015140,0,1,1,28,113
_home_max_Documents_PhD_MAPF_LNS_MAPF_LNS_SAT_mapf-map_room-64-64-8_map-_home_max_Documents_PhD_MAPF_LNS_MAPF_LNS_SAT_mapf-scen-even_scen-even_room-64-64-8-even-1_scen-agents10-idx7-seed42-1783617172579,0,1,3,2,711,113,0,711,0,0,3,2,0.014000,0.008000,0.004433,0,0,1,54,215
_home_max_Documents_PhD_MAPF_LNS_MAPF_LNS_SAT_mapf-map_room-64-64-8_map-_home_max_Documents_PhD_MAPF_LNS_MAPF_LNS_SAT_mapf-scen-even_scen-even_room-64-64-8-even-1_scen-agents10-idx7-seed42-1783617172579,0,0,0,1,11,7,1,12,1,0,1,0,0.018000,0.012000,0.000679,0,1,1,1,7
_home_max_Documents_PhD_MAPF_LNS_MAPF_LNS_SAT_mapf-map_room-64-64-8_map-_home_max_Documents_PhD_MAPF_LNS_MAPF_LNS_SAT_mapf-scen-even_scen-even_room-64-64-8-even-1_scen-agents10-idx7-seed42-1783617172579,0,0,0,2,12,7,0,12,0,0,1,0,0.001000,0.001000,0.000000,0,0,0,0,0
_home_max_Documents_PhD_MAPF_LNS_MAPF_LNS_SAT_mapf-map_room-64-64-8_map-_home_max_Documents_PhD_MAPF_LNS_MAPF_LNS_SAT_mapf-scen-even_scen-even_room-64-64-8-even-1_scen-agents10-idx7-seed42-1783617172579,0,0,1,1,22,12,2,24,1,1,2,1,0.025000,0.018000,0.001351,0,1,1,1,12
_home_max_Documents_PhD_MAPF_LNS_MAPF_LNS_SAT_mapf-map_room-64-64-8_map-_home_max_Documents_PhD_MAPF_LNS_MAPF_LNS_SAT_mapf-scen-even_scen-even_room-64-64-8-even-1_scen-agents10-idx7-seed42-1783617172579,0,0,1,2,24,12,0,24,0,0,2,1,0.001000,0.001000,0.000000,0,0,0,0,0
_home_max_Documents_PhD_MAPF_LNS_MAPF_LNS_SAT_mapf-map_room-64-64-8_map-_home_max_Documents_PhD_MAPF_LNS_MAPF_LNS_SAT_mapf-scen-even_scen-even_room-64-64-8-even-1_scen-agents10-idx7-seed42-1783617172579,0,0,2,1,96,32,2,98,1,1,3,2,0.063000,0.056000,0.004530,0,1,1,13,32
_home_max_Documents_PhD_MAPF_LNS_MAPF_LNS_SAT_mapf-map_room-64-64-8_map-_home_max_Documents_PhD_MAPF_LNS_MAPF_LNS_SAT_mapf-scen-even_scen-even_room-64-64-8-even-1_scen-agents10-idx7-seed42-1783617172579,0,0,2,2,98,32,2,100,1,1,4,3,0.011000,0.005000,0.001384,0,0,1,15,52
_home_max_Documents_PhD_MAPF_LNS_MAPF_LNS_SAT_mapf-map_room-64-64-8_map-_home_max_Documents_PhD_MAPF_LNS_MAPF_LNS_SAT_mapf-scen-even_scen-even_room-64-64-8-even-1_scen-agents10-idx7-seed42-1783617172579,0,0,2,3,100,32,0,100,0,0,4,3,0.001000,0.001000,0.000000,0,0,0,0,0
_home_max_Documents_PhD_MAPF_LNS_MAPF_LNS_SAT_mapf-map_room-64-64-8_map-_home_max_Documents_PhD_MAPF_LNS_MAPF_LNS_SAT_mapf-scen-even_scen-even_room-64-64-8-even-1_scen-agents10-idx7-seed42-1783617172579,0,0,3,1,240,60,0,240,0,0,4,3,0.125000,0.117000,0.007504,0,1,1,17,60
_home_max_Documents_PhD_MAPF_LNS_MAPF_LNS_SAT_mapf-map_room-64-64-8_map-_home_max_Documents_PhD_MAPF_LNS_MAPF_LNS_SAT_mapf-scen-even_scen-even_room-64-64-8-even-1_scen-agents10-idx7-seed42-1783617172579,0,0,0,1,11,7,1,12,1,0,1,0,0.017000,0.011000,0.000542,0,1,1,1,7
_home_max_Documents_PhD_MAPF_LNS_MAPF_LNS_SAT_mapf-map_room-64-64-8_map-_home_max_Documents_PhD_MAPF_LNS_MAPF_LNS_SAT_mapf-scen-even_scen-even_room-64-64-8-even-1_scen-agents10-idx7-seed42-1783617172579,0,0,0,2,12,7,0,12,0,0,1,0,0.001000,0.001000,0.000000,0,0,0,0,0
_home_max_Documents_PhD_MAPF_LNS_MAPF_LNS_SAT_mapf-map_room-64-64-8_map-_home_max_Documents_PhD_MAPF_LNS_MAPF_LNS_SAT_mapf-scen-even_scen-even_room-64-64-8-even-1_scen-agents10-idx7-seed42-1783617172579,0,0,1,1,20,11,1,21,0,1,1,1,0.023000,0.017000,0.001484,0,1,1,1,11
_home_max_Documents_PhD_MAPF_LNS_MAPF_LNS_SAT_mapf-map_room-64-64-8_map-_home_max_Documents_PhD_MAPF_LNS_MAPF_LNS_SAT_mapf-scen-even_scen-even_room-64-64-8-even-1_scen-agents10-idx7-seed42-1783617172579,0,0,1,2,21,11,0,21,0,0,1,1,0.001000,0.001000,0.000000,0,0,0,0,0
_home_max_Documents_PhD_MAPF_LNS_MAPF_LNS_SAT_mapf-map_room-64-64-8_map-_home_max_Documents_PhD_MAPF_LNS_MAPF_LNS_SAT_mapf-scen-even_scen-even_room-64-64-8-even-1_scen-agents10-idx7-seed42-1783617172579,0,0,2,1,55,22,2,57,1,1,2,2,0.045000,0.038000,0.003568,0,1,1,2,22
_home_max_Documents_PhD_MAPF_LNS_MAPF_LNS_SAT_mapf-map_room-64-64-8_map-_home_max_Documents_PhD_MAPF_LNS_MAPF_LNS_SAT_mapf-scen-even_scen-even_room-64-64-8-even-1_scen-agents10-idx7-seed42-1783617172579,0,0,2,2,57,22,0,57,0,0,2,2,0.001000,0.000000,0.000000,0,0,0,0,0
_home_max_Documents_PhD_MAPF_LNS_MAPF_LNS_SAT_mapf-map_room-64-64-8_map-_home_max_Documents_PhD_MAPF_LNS_MAPF_LNS_SAT_mapf-scen-even_scen-even_room-64-64-8-even-1_scen-agents10-idx7-seed42-1783617172579,0,0,3,1,105,37,0,105,0,0,2,2,0.053000,0.053000,0.000000,0,1,0,0,0
_home_max_Documents_PhD_MAPF_LNS_MAPF_LNS_SAT_mapf-map_room-64-64-8_map-_home_max_Documents_PhD_MAPF_LNS_MAPF_LNS_SAT_mapf-scen-even_scen-even_room-64-64-8-even-1_scen-agents10-idx7-seed42-1783617172579,0,1,0,1,39,21,1,40,1,0,1,0,0.032000,0.023000,0.001112,0,1,1,2,21
_home_max_Documents_PhD_MAPF_LNS_MAPF_LNS_SAT_mapf-map_room-64-64-8_map-_home_max_Documents_PhD_MAPF_LNS_MAPF_LNS_SAT_mapf-scen-even_scen-even_room-64-64-8-even-1_scen-agents10-idx7-seed42-1783617172579,0,1,0,2,40,21,0,40,0,0,1,0,0.001000,0.001000,0.000000,0,0,0,0,0
_home_max_Documents_PhD_MAPF_LNS_MAPF_LNS_SAT_mapf-map_room-64-64-8_map-_home_max_Documents_PhD_MAPF_LNS_MAPF_LNS_SAT_mapf-scen-even_scen-even_room-64-64-8-even-1_scen-agents10-idx7-seed42-1783617172579,0,1,1,1,65,31,2,67,0,2,1,2,0.047000,0.039000,0.004151,0,1,1,3,31
_home_max_Documents_PhD_MAPF_LNS_MAPF_LNS_SAT_mapf-map_room-64-64-8_map-_home_max_Documents_PhD_MAPF_LNS_MAPF_LNS_SAT_mapf-scen-even_scen-even_room-64-64-8-even-1_scen-agents10-idx7-seed42-1783617172579,0,1,1,2,67,31,0,67,0,0,1,2,0.002000,0.001000,0.000000,0,0,0,0,0
_home_max_Documents_PhD_MAPF_LNS_MAPF_LNS_SAT_mapf-map_room-64-64-8_map-_home_max_Documents_PhD_MAPF_LNS_MAPF_LNS_SAT_mapf-scen-even_scen-even_room-64-64-8-even-1_scen-agents10-idx7-seed42-1783617172579,0,1,2,1,215,62,2,217,2,0,3,2,0.114000,0.105000,0.006475,0,1,1,20,62
_home_max_Documents_PhD_MAPF_LNS_MAPF_LNS_SAT_mapf-map_room-64-64-8_map-_home_max_Documents_PhD_MAPF_LNS_MAPF_LNS_SAT_mapf-scen-even_scen-even_room-64-64-8-even-1_scen-agents10-idx7-seed42-1783617172579,0,1,2,2,217,62,2,219,0,2,3,4,0.019000,0.011000,0.005042,0,0,1,28,127
_home_max_Documents_PhD_MAPF_LNS_MAPF_LNS_SAT_mapf-map_room-64-64-8_map-_home_max_Documents_PhD_MAPF_LNS_MAPF_LNS_SAT_mapf-scen-even_scen-even_room-64-64-8-even-1_scen-agents10-idx7-seed42-1783617172579,0,1,2,3,219,62,0,219,0,0,3,4,0.001000,0.001000,0.000000,0,0,0,0,0
_home_max_Documents_PhD_MAPF_LNS_MAPF_LNS_SAT_mapf-map_room-64-64-8_map-_home_max_Documents_PhD_MAPF_LNS_MAPF_LNS_SAT_mapf-scen-even_scen-even_room-64-64-8-even-1_scen-agents10-idx7-seed42-1783617172579,0,1,3,1,655,114,2,657,2,0,5,4,0.287000,0.277000,0.012862,0,1,1,28,114
_home_max_Documents_PhD_MAPF_LNS_MAPF_LNS_SAT_mapf-map_room-64-64-8_map-_home_max_Documents_PhD_MAPF_LNS_MAPF_LNS_SAT_mapf-scen-even_scen-even_room-64-64-8-even-1_scen-agents10-idx7-seed42-1783617172579,0,1,3,2,657,114,1,658,0,1,5,5,0.029000,0.021000,0.015888,0,0,1,60,305
_home_max_Documents_PhD_MAPF_LNS_MAPF_LNS_SAT_mapf-map_room-64-64-8_map-_home_max_Documents_PhD_MAPF_LNS_MAPF_LNS_SAT_mapf-scen-even_scen-even_room-64-64-8-even-1_scen-agents10-idx7-seed42-1783617172579,0,1,3,3,658,114,0,658,0,0,5,5,0.001000,0.001000,0.000000,0,0,0,0,0
_home_max_Documents_PhD_MAPF_LNS_MAPF_LNS_SAT_mapf-map_room-64-64-8_map-_home_max_Documents_PhD_MAPF_LNS_MAPF_LNS_SAT_mapf-scen-even_scen-even_room-64-64-8-even-1_scen-agents10-idx7-seed42-1783617172579,0,1,4,1,1346,186,1,1347,1,0,6,5,0.554000,0.543000,0.021801,0,1,1,31,186
_home_max_Documents_PhD_MAPF_LNS_MAPF_LNS_SAT_mapf-map_room-64-64-8_map-_home_max_Documents_PhD_MAPF_LNS_MAPF_LNS_SAT_mapf-scen-even_scen-even_room-64-64-8-even-1_scen-agents10-idx7-seed42-1783617172579,0,1,4,2,1347,186,0,1347,0,0,6,5,0.035000,0.027000,0.022608,0,0,1,71,423
_home_max_Documents_PhD_MAPF_LNS_MAPF_LNS_SAT_mapf-map_room-64-64-8_map-_home_max_Documents_PhD_MAPF_LNS_MAPF_LNS_SAT_mapf-scen-even_scen-even_room-64-64-8-even-1_scen-agents10-idx7-seed42-1783617172579,0,0,0,1,10,6,1,11,1,0,1,0,0.018000,0.012000,0.000549,0,1,1,1,6
_home_max_Documents_PhD_MAPF_LNS_MAPF_LNS_SAT_mapf-map_room-64-64-8_map-_home_max_Documents_PhD_MAPF_LNS_MAPF_LNS_SAT_mapf-scen-even_scen-even_room-64-64-8-even-1_scen-agents10-idx7-seed42-1783617172579,0,0,0,2,11,6,0,11,0,0,1,0,0.002000,0.001000,0.000000,0,0,0,0,0
_home_max_Documents_PhD_MAPF_LNS_MAPF_LNS_SAT_mapf-map_room-64-64-8_map-_home_max_Documents_PhD_MAPF_LNS_MAPF_LNS_SAT_mapf-scen-even_scen-even_room-64-64-8-even-1_scen-agents10-idx7-seed42-1783617172579,0,0,1,1,17,9,1,18,0,1,1,1,0.021000,0.015000,0.001299,0,1,1,1,9
_home_max_Documents_PhD_MAPF_LNS_MAPF_LNS_SAT_mapf-map_room-64-64-8_map-_home_max_Documents_PhD_MAPF_LNS_MAPF_LNS_SAT_mapf-scen-even_scen-even_room-64-64-8-even-1_scen-agents10-idx7-seed42-1783617172579,0,0,1,2,18,9,0,18,0,0,1,1,0.001000,0.001000,0.000000,0,0,0,0,0
_home_max_Documents_PhD_MAPF_LNS_MAPF_LNS_SAT_mapf-map_room-64-64-8_map-_home_max_Documents_PhD_MAPF_LNS_MAPF_LNS_SAT_mapf-scen-even_scen-even_room-64-64-8-even-1_scen-agents10-idx7-seed42-1783617172579,0,0,2,1,50,19,1,51,1,0,2,1,0.043000,0.038000,0.003774,0,1,1,2,19
_home_max_Documents_PhD_MAPF_LNS_MAPF_LNS_SAT_mapf-map_room-64-64-8_map-_home_max_Documents_PhD_MAPF_LNS_MAPF_LNS_SAT_mapf-scen-even_scen-even_room-64-64-8-even-1_scen-agents10-idx7-seed42-1783617172579,0,0,2,2,51,19,0,51,0,0,2,1,0.001000,0.001000,0.000000,0,0,0,0,0
_home_max_Documents_PhD_MAPF_LNS_MAPF_LNS_SAT_mapf-map_room-64-64-8_map-_home_max_Documents_PhD_MAPF_LNS_MAPF_LNS_SAT_mapf-scen-even_scen-even_room-64-64-8-even-1_scen-agents10-idx7-seed42-1783617172579,0,0,3,1,99,34,0,99,0,0,2,1,0.051000,0.051000,0.000000,0,1,0,0,0
_home_max_Documents_PhD_MAPF_LNS_MAPF_LNS_SAT_mapf-map_room-64-64-8_map-_home_max_Documents_PhD_MAPF_LNS_MAPF_LNS_SAT_mapf-scen-even_scen-even_room-64-64-8-even-1_scen-agents10-idx7-seed42-1783617172579,0,1,0,1,26,14,1,27,1,0,1,0,0.023000,0.016000,0.000479,0,1,1,1,14
_home_max_Documents_PhD_MAPF_LNS_MAPF_LNS_SAT_mapf-map_room-64-64-8_map-_home_max_Documents_PhD_MAPF_LNS_MAPF_LNS_SAT_mapf-scen-even_scen-even_room-64-64-8-even-1_scen-agents10-idx7-seed42-1783617172579,0,1,0,2,27,14,0,27,0,0,1,0,0.001000,0.001000,0.000000,0,0,0,0,0
_home_max_Documents_PhD_MAPF_LNS_MAPF_LNS_SAT_mapf-map_room-64-64-8_map-_home_max_Documents_PhD_MAPF_LNS_MAPF_LNS_SAT_mapf-scen-even_scen-even_room-64-64-8-even-1_scen-agents10-idx7-seed42-1783617172579,0,1,1,1,41,21,1,42,0,1,1,1,0.036000,0.029000,0.002871,0,1,1,2,21
_home_max_Documents_PhD_MAPF_LNS_MAPF_LNS_SAT_mapf-map_room-64-64-8_map-_home_max_Documents_PhD_MAPF_LNS_MAPF_LNS_SAT_mapf-scen-even_scen-even_room-64-64-8-even-1_scen-agents10-idx7-seed42-1783617172579,0,1,1,2,42,21,0,42,0,0,1,1,0.001000,0.001000,0.000000,0,0,0,0,0
_home_max_Documents_PhD_MAPF_LNS_MAPF_LNS_SAT_mapf-map_room-64-64-8_map-_home_max_Documents_PhD_MAPF_LNS_MAPF_LNS_SAT_mapf-scen-even_scen-even_room-64-64-8-even-1_scen-agents10-idx7-seed42-1783617172579,0,1,2,1,206,55,1,207,1,0,2,1,0.117000,0.110000,0.010120,0,1,1,10,68
_home_max_Documents_PhD_MAPF_LNS_MAPF_LNS_SAT_mapf-map_room-64-64-8_map-_home_max_Documents_PhD_MAPF_LNS_MAPF_LNS_SAT_mapf-scen-even_scen-even_room-64-64-8-even-1_scen-agents10-idx7-seed42-1783617172579,0,1,2,2,207,55,0,207,0,0,2,1,0.013000,0.008000,0.004621,0,0,1,26,113
_home_max_Documents_PhD_MAPF_LNS_MAPF_LNS_SAT_mapf-map_room-64-64-8_map-_home_max_Documents_PhD_MAPF_LNS_MAPF_LNS_SAT_mapf-scen-even_scen-even_room-64-64-8-even-1_scen-agents10-idx7-seed42-1783617172579,0,0,0,1,24,10,1,25,0,1,0,1,0.035000,0.026000,0.002516,0,1,1,5,10
_home_max_Documents_PhD_MAPF_LNS_MAPF_LNS_SAT_mapf-map_room-64-64-8_map-_home_max_Documents_PhD_MAPF_LNS_MAPF_LNS_SAT_mapf-scen-even_scen-even_room-64-64-8-even-1_scen-agents10-idx7-seed42-1783617172579,0,0,0,2,25,10,0,25,0,0,0,1,0.008000,0.004000,0.000548,0,0,1,9,15
_home_max_Documents_PhD_MAPF_LNS_MAPF_LNS_SAT_mapf-map_room-64-64-8_map-_home_max_Documents_PhD_MAPF_LNS_MAPF_LNS_SAT_mapf-scen-even_scen-even_room-64-64-8-even-1_scen-agents10-idx8-seed42-1783617172681,0,0,0,1,10,6,1,11,1,0,1,0,0.061000,0.052000,0.010993,0,1,1,1,6
_home_max_Documents_PhD_MAPF_LNS_MAPF_LNS_SAT_mapf-map_room-64-64-8_map-_home_max_Documents_PhD_MAPF_LNS_MAPF_LNS_SAT_mapf-scen-even_scen-even_room-64-64-8-even-1_scen-agents10-idx8-seed42-1783617172681,0,0,0,2,11,6,0,11,0,0,1,0,0.002000,0.002000,0.000000,0,0,0,0,0
_home_max_Documents_PhD_MAPF_LNS_MAPF_LNS_SAT_mapf-map_room-64-64-8_map-_home_max_Documents_PhD_MAPF_LNS_MAPF_LNS_SAT_mapf-scen-even_scen-even_room-64-64-8-even-1_scen-agents10-idx8-seed42-1783617172681,0,0,1,1,17,9,1,18,0,1,1,1,0.025000,0.017000,0.002412,0,1,1,1,9
_home_max_Documents_PhD_MAPF_LNS_MAPF_LNS_SAT_mapf-map_room-64-64-8_map-_home_max_Documents_PhD_MAPF_LNS_MAPF_LNS_SAT_mapf-scen-even_scen-even_room-64-64-8-even-1_scen-agents10-idx8-seed42-1783617172681,0,0,1,2,18,9,0,18,0,0,1,1,0.002000,0.001000,0.000000,0,0,0,0,0
_home_max_Documents_PhD_MAPF_LNS_MAPF_LNS_SAT_mapf-map_room-64-64-8_map-_home_max_Documents_PhD_MAPF_LNS_MAPF_LNS_SAT_mapf-scen-even_scen-even_room-64-64-8-even-1_scen-agents10-idx8-seed42-1783617172681,0,0,2,1,50,19,1,51,1,0,2,1,0.045000,0.038000,0.004062,0,1,1,2,19
_home_max_Documents_PhD_MAPF_LNS_MAPF_LNS_SAT_mapf-map_room-64-64-8_map-_home_max_Documents_PhD_MAPF_LNS_MAPF_LNS_SAT_mapf-scen-even_scen-even_room-64-64-8-even-1_scen-agents10-idx8-seed42-1783617172681,0,0,2,2,51,19,0,51,0,0,2,1,0.001000,0.001000,0.000000,0,0,0,0,0
_home_max_Documents_PhD_MAPF_LNS_MAPF_LNS_SAT_mapf-map_room-64-64-8_map-_home_max_Documents_PhD_MAPF_LNS_MAPF_LNS_SAT_mapf-scen-even_scen-even_room-64-64-8-even-1_scen-agents10-idx8-seed42-1783617172681,0,0,3,1,99,34,0,99,0,0,2,1,0.056000,0.056000,0.000000,0,1,0,0,0
_home_max_Documents_PhD_MAPF_LNS_MAPF_LNS_SAT_mapf-map_room-64-64-8_map-_home_max_Documents_PhD_MAPF_LNS_MAPF_LNS_SAT_mapf-scen-even_scen-even_room-64-64-8-even-1_scen-agents10-idx8-seed42-1783617172681,0,1,0,1,56,27,0,56,0,0,0,0,0.048000,0.041000,0.004614,0,1,1,6,27
_home_max_Documents_PhD_MAPF_LNS_MAPF_LNS_SAT_mapf-map_room-64-64-8_map-_home_max_Documents_PhD_MAPF_LNS_MAPF_LNS_SAT_mapf-scen-even_scen-even_room-64-64-8-even-1_scen-agents10-idx8-seed42-1783617172681,0,0,0,1,10,6,1,11,1,0,1,0,0.017000,0.011000,0.000683,0,1,1,1,6
_home_max_Documents_PhD_MAPF_LNS_MAPF_LNS_SAT_mapf-map_room-64-64-8_map-_home_max_Documents_PhD_MAPF_LNS_MAPF_LNS_SAT_mapf-scen-even_scen-even_room-64-64-8-even-1_scen-agents10-idx8-seed42-1783617172681,0,0,0,2,11,6,0,11,0,0,1,0,0.001000,0.001000,0.000000,0,0,0,0,0
_home_max_Documents_PhD_MAPF_LNS_MAPF_LNS_SAT_mapf-map_room-64-64-8_map-_home_max_Documents_PhD_MAPF_LNS_MAPF_LNS_SAT_mapf-scen-even_scen-even_room-64-64-8-even-1_scen-agents10-idx8-seed42-1783617172681,0,0,1,1,18,10,1,19,0,1,1,1,0.027000,0.021000,0.001477,0,1,1,1,10
_home_max_Documents_PhD_MAPF_LNS_MAPF_LNS_SAT_mapf-map_room-64-64-8_map-_home_max_Documents_PhD_MAPF_LNS_MAPF_LNS_SAT_mapf-scen-even_scen-even_room-64-64-8-even-1_scen-agents10-idx8-seed42-1783617172681,0,0,1,2,19,10,0,19,0,0,1,1,0.001000,0.001000,0.000000,0,0,0,0,0
_home_max_Documents_PhD_MAPF_LNS_MAPF_LNS_SAT_mapf-map_room-64-64-8_map-_home_max_Documents_PhD_MAPF_LNS_MAPF_LNS_SAT_mapf-scen-even_scen-even_room-64-64-8-even-1_scen-agents10-idx8-seed42-1783617172681,0,0,2,1,55,22,2,57,2,0,3,1,0.048000,0.039000,0.004493,0,1,1,2,22
_home_max_Documents_PhD_MAPF_LNS_MAPF_LNS_SAT_mapf-map_room-64-64-8_map-_home_max_Documents_PhD_MAPF_LNS_MAPF_LNS_SAT_mapf-scen-even_scen-even_room-64-64-8-even-1_scen-agents10-idx8-seed42-1783617172681,0,0,2,2,57,22,0,57,0,0,3,1,0.001000,0.001000,0.000000,0,0,0,0,0
_home_max_Documents_PhD_MAPF_LNS_MAPF_LNS_SAT_mapf-map_room-64-64-8_map-_home_max_Documents_PhD_MAPF_LNS_MAPF_LNS_SAT_mapf-scen-even_scen-even_room-64-64-8-even-1_scen-agents10-idx8-seed42-1783617172681,0,0,3,1,105,37,0,105,0,0,3,1,0.058000,0.058000,0.000000,0,1,0,0,0
_home_max_Documents_PhD_MAPF_LNS_MAPF_LNS_SAT_mapf-map_room-64-64-8_map-_home_max_Documents_PhD_MAPF_LNS_MAPF_LNS_SAT_mapf-scen-even_scen-even_room-64-64-8-even-1_scen-agents10-idx8-seed42-1783617172681,0,1,0,1,203,59,4,207,4,0,4,0,0.120000,0.105000,0.006132,0,1,1,20,59
_home_max_Documents_PhD_MAPF_LNS_MAPF_LNS_SAT_mapf-map_room-64-64-8_map-_home_max_Documents_PhD_MAPF_LNS_MAPF_LNS_SAT_mapf-scen-even_scen-even_room-64-64-8-even-1_scen-agents10-idx8-seed42-1783617172681,0,1,0,2,207,59,0,207,0,0,4,0,0.002000,0.002000,0.000000,0,0,0,0,0
_home_max_Documents_PhD_MAPF_LNS_MAPF_LNS_SAT_mapf-map_room-64-64-8_map-_home_max_Documents_PhD_MAPF_LNS_MAPF_LNS_SAT_mapf-scen-even_scen-even_room-64-64-8-even-1_scen-agents10-idx8-seed42-1783617172681,0,1,1,1,299,80,1,300,0,1,4,1,0.158000,0.147000,0.010722,0,1,1,25,83
_home_max_Documents_PhD_MAPF_LNS_MAPF_LNS_SAT_mapf-map_room-64-64-8_map-_home_max_Documents_PhD_MAPF_LNS_MAPF_LNS_SAT_mapf-scen-even_scen-even_room-64-64-8-even-1_scen-agents10-idx8-seed42-1783617172681,0,1,1,2,300,80,0,300,0,0,4,1,0.001000,0.001000,0.000000,0,0,0,0,0
_home_max_Documents_PhD_MAPF_LNS_MAPF_LNS_SAT_mapf-map_room-64-64-8_map-_home_max_Documents_PhD_MAPF_LNS_MAPF_LNS_SAT_mapf-scen-even_scen-even_room-64-64-8-even-1_scen-agents10-idx8-seed42-1783617172681,0,1,2,1,664,140,2,666,2,0,6,1,0.322000,0.309000,0.016709,0,1,1,50,144
_home_max_Documents_PhD_MAPF_LNS_MAPF_LNS_SAT_mapf-map_room-64-64-8_map-_home_max_Documents_PhD_MAPF_LNS_MAPF_LNS_SAT_mapf-scen-even_scen-even_room-64-64-8-even-1_scen-agents10-idx8-seed42-1783617172681,0,1,2,2,666,140,2,668,1,1,7,2,0.033000,0.021000,0.015083,0,0,1,112,364
_home_max_Documents_PhD_MAPF_LNS_MAPF_LNS_SAT_mapf-map_room-64-64-8_map-_home_max_Documents_PhD_MAPF_LNS_MAPF_LNS_SAT_mapf-scen-even_scen-even_room-64-64-8-even-1_scen-agents10-idx8-seed42-1783617172681,0,1,2,3,668,140,0,668,0,0,7,2,0.001000,0.000000,0.000000,0,0,0,0,0
_home_max_Documents_PhD_MAPF_LNS_MAPF_LNS_SAT_mapf-map_room-64-64-8_map-_home_max_Documents_PhD_MAPF_LNS_MAPF_LNS_SAT_mapf-scen-even_scen-even_room-64-64-8-even-1_scen-agents10-idx8-seed42-1783617172681,0,1,3,1,1691,250,4,1695,3,1,10,3,0.697000,0.680000,0.029620,0,1,1,70,254
_home_max_Documents_PhD_MAPF_LNS_MAPF_LNS_SAT_mapf-map_room-64-64-8_map-_home_max_Documents_PhD_MAPF_LNS_MAPF_LNS_SAT_mapf-scen-even_scen-even_room-64-64-8-even-1_scen-agents10-idx8-seed42-1783617172681,0,1,3,2,1695,250,1,1696,1,0,11,3,0.039000,0.028000,0.021171,0,0,1,128,530
_home_max_Documents_PhD_MAPF_LNS_MAPF_LNS_SAT_mapf-map_room-64-64-8_map-_home_max_Documents_PhD_MAPF_LNS_MAPF_LNS_SAT_mapf-scen-even_scen-even_room-64-64-8-even-1_scen-agents10-idx8-seed42-1783617172681,0,1,3,3,1696,250,0,1696,0,0,11,3,0.006000,0.005000,0.003638,0,0,0,136,582
_home_max_Documents_PhD_MAPF_LNS_MAPF_LNS_SAT_mapf-map_room-64-64-8_map-_home_max_Documents_PhD_MAPF_LNS_MAPF_LNS_SAT_mapf-scen-even_scen-even_room-64-64-8-even-1_scen-agents10-idx8-seed42-1783617172681,0,1,4,1,3384,410,2,3386,1,1,12,4,1.308000,1.291000,0.055291,0,1,1,95,426
_home_max_Documents_PhD_MAPF_LNS_MAPF_LNS_SAT_mapf-map_room-64-64-8_map-_home_max_Documents_PhD_MAPF_LNS_MAPF_LNS_SAT_mapf-scen-even_scen-even_room-64-64-8-even-1_scen-agents10-idx8-seed42-1783617172681,0,1,4,2,3386,410,0,3386,0,0,12,4,0.088000,0.075000,0.022172,0,0,1,191,822
_home_max_Documents_PhD_MAPF_LNS_MAPF_LNS_SAT_mapf-map_room-64-64-8_map-_home_max_Documents_PhD_MAPF_LNS_MAPF_LNS_SAT_mapf-scen-even_scen-even_room-64-64-8-even-1_scen-agents10-idx8-seed42-1783617172681,0,0,0,1,10,6,1,11,0,1,0,1,0.022000,0.013000,0.000626,0,1,1,1,6
_home_max_Documents_PhD_MAPF_LNS_MAPF_LNS_SAT_mapf-map_room-64-64-8_map-_home_max_Documents_PhD_MAPF_LNS_MAPF_LNS_SAT_mapf-scen-even_scen-even_room-64-64-8-even-1_scen-agents10-idx8-seed42-1783617172681,0,0,0,2,11,6,0,11,0,0,0,1,0.002000,0.002000,0.000000,0,0,0,0,0
_home_max_Documents_PhD_MAPF_LNS_MAPF_LNS_SAT_mapf-map_room-64-64-8_map-_home_max_Documents_PhD_MAPF_LNS_MAPF_LNS_SAT_mapf-scen-even_scen-even_room-64-64-8-even-1_scen-agents10-idx8-seed42-1783617172681,0,0,1,1,20,11,2,22,2,0,2,1,0.027000,0.020000,0.001294,0,1,1,2,11
_home_max_Documents_PhD_MAPF_LNS_MAPF_LNS_SAT_mapf-map_room-64-64-8_map-_home_max_Documents_PhD_MAPF_LNS_MAPF_LNS_SAT_mapf-scen-even_scen-even_room-64-64-8-even-1_scen-agents10-idx8-seed42-1783617172681,0,0,1,2,22,11,0,22,0,0,2,1,0.001000,0.001000,0.000000,0,0,0,0,0
_home_max_Documents_PhD_MAPF_LNS_MAPF_LNS_SAT_mapf-map_room-64-64-8_map-_home_max_Documents_PhD_MAPF_LNS_MAPF_LNS_SAT_mapf-scen-even_scen-even_room-64-64-8-even-1_scen-agents10-idx8-seed42-1783617172681,0,0,2,1,93,30,0,93,0,0,2,1,0.050000,0.050000,0.000000,0,1,0,0,0
_home_max_Documents_PhD_MAPF_LNS_MAPF_LNS_SAT_mapf-map_room-64-64-8_map-_home_max_Documents_PhD_MAPF_LNS_MAPF_LNS_SAT_mapf-scen-even_scen-even_room-64-64-8-even-1_scen-agents10-idx8-seed42-1783617172681,0,1,0,1,33,18,2,35,1,1,1,1,0.034000,0.024000,0.000632,0,1,1,1,18
_home_max_Documents_PhD_MAPF_LNS_MAPF_LNS_SAT_mapf-map_room-64-64-8_map-_home_max_Documents_PhD_MAPF_LNS_MAPF_LNS_SAT_mapf-scen-even_scen-even_room-64-64-8-even-1_scen-agents10-idx8-seed42-1783617172681,0,1,0,2,35,18,0,35,0,0,1,1,0.001000,0.001000,0.000000,0,0,0,0,0
_home_max_Documents_PhD_MAPF_LNS_MAPF_LNS_SAT_mapf-map_room-64-64-8_map-_home_max_Documents_PhD_MAPF_LNS_MAPF_LNS_SAT_mapf-scen-even_scen-even_room-64-64-8-even-1_scen-agents10-idx8-seed42-1783617172681,0,1,1,1,59,30,2,61,1,1,2,2,0.050000,0.040000,0.004202,0,1,1,3,30
_home_max_Documents_PhD_MAPF_LNS_MAPF_LNS_SAT_mapf-map_room-64-64-8_map-_home_max_Documents_PhD_MAPF_LNS_MAPF_LNS_SAT_mapf-scen-even_scen-even_room-64-64-8-even-1_scen-agents10-idx8-seed42-1783617172681,0,1,1,2,61,30,0,61,0,0,2,2,0.001000,0.001000,0.000000,0,0,0,0,0
_home_max_Documents_PhD_MAPF_LNS_MAPF_LNS_SAT_mapf-map_room-64-64-8_map-_home_max_Documents_PhD_MAPF_LNS_MAPF_LNS_SAT_mapf-scen-even_scen-even_room-64-64-8-even-1_scen-agents10-idx8-seed42-1783617172681,0,1,2,1,326,88,1,327,0,1,2,3,0.182000,0.172000,0.019738,0,1,1,27,118
_home_max_Documents_PhD_MAPF_LNS_MAPF_LNS_SAT_mapf-map_room-64-64-8_map-_home_max_Documents_PhD_MAPF_LNS_MAPF_LNS_SAT_mapf-scen-even_scen-even_room-64-64-8-even-1_scen-agents10-idx8-seed42-1783617172681,0,1,2,2,327,88,1,328,1,0,3,3,0.025000,0.016000,0.009627,0,0,1,50,208
_home_max_Documents_PhD_MAPF_LNS_MAPF_LNS_SAT_mapf-map_room-64-64-8_map-_home_max_Documents_PhD_MAPF_LNS_MAPF_LNS_SAT_mapf-scen-even_scen-even_room-64-64-8-even-1_scen-agents10-idx8-seed42-1783617172681,0,1,2,3,328,88,0,328,0,0,3,3,0.022000,0.015000,0.011248,0,0,1,65,291
_home_max_Documents_PhD_MAPF_LNS_MAPF_LNS_SAT_mapf-map_room-64-64-8_map-_home_max_Documents_PhD_MAPF_LNS_MAPF_LNS_SAT_mapf-scen-even_scen-even_room-64-64-8-even-1_scen-agents10-idx8-seed42-1783617172681,0,0,0,1,19,9,1,20,0,1,0,1,0.028000,0.022000,0.001398,0,1,1,4,9
_home_max_Documents_PhD_MAPF_LNS_MAPF_LNS_SAT_mapf-map_room-64-64-8_map-_home_max_Documents_PhD_MAPF_LNS_MAPF_LNS_SAT_mapf-scen-even_scen-even_room-64-64-8-even-1_scen-agents10-idx8-seed42-1783617172681,0,0,0,2,20,9,0,20,0,0,0,1,0.008000,0.004000,0.000470,0,0,1,7,13
_home_max_Documents_PhD_MAPF_LNS_MAPF_LNS_SAT_mapf-map_room-64-64-8_map-_home_max_Documents_PhD_MAPF_LNS_MAPF_LNS_SAT_mapf-scen-even_scen-even_room-64-64-8-even-1_scen-agents10-idx9-seed42-1783617172781,0,0,0,1,15,8,1,16,0,1,0,1,0.050000,0.042000,0.008613,0,1,1,3,8
_home_max_Documents_PhD_MAPF_LNS_MAPF_LNS_SAT_mapf-map_room-64-64-8_map-_home_max_Documents_PhD_MAPF_LNS_MAPF_LNS_SAT_mapf-scen-even_scen-even_room-64-64-8-even-1_scen-agents10-idx9-seed42-1783617172781,0,0,0,2,16,8,1,17,1,0,1,1,0.008000,0.004000,0.000330,0,0,1,5,11
_home_max_Documents_PhD_MAPF_LNS_MAPF_LNS_SAT_mapf-map_room-64-64-8_map-_home_max_Documents_PhD_MAPF_LNS_MAPF_LNS_SAT_mapf-scen-even_scen-even_room-64-64-8-even-1_scen-agents10-idx9-seed42-1783617172781,0,0,0,3,17,8,1,18,0,1,1,2,0.007000,0.003000,0.000169,0,0,1,6,13
_home_max_Documents_PhD_MAPF_LNS_MAPF_LNS_SAT_mapf-map_room-64-64-8_map-_home_max_Documents_PhD_MAPF_LNS_MAPF_LNS_SAT_mapf-scen-even_scen-even_room-64-64-8-even-1_scen-agents10-idx9-seed42-1783617172781,0,0,0,4,18,8,0,18,0,0,1,2,0.001000,0.001000,0.000000,0,0,0,0,0
_home_max_Documents_PhD_MAPF_LNS_MAPF_LNS_SAT_mapf-map_room-64-64-8_map-_home_max_Documents_PhD_MAPF_LNS_MAPF_LNS_SAT_mapf-scen-even_scen-even_room-64-64-8-even-1_scen-agents10-idx9-seed42-1783617172781,0,0,1,1,27,12,1,28,1,0,2,2,0.027000,0.022000,0.002034,0,1,1,1,12
_home_max_Documents_PhD_MAPF_LNS_MAPF_LNS_SAT_mapf-map_room-64-64-8_map-_home_max_Documents_PhD_MAPF_LNS_MAPF_LNS_SAT_mapf-scen-even_scen-even_room-64-64-8-even-1_scen-agents10-idx9-seed42-1783617172781,0,0,1,2,28,12,0,28,0,0,2,2,0.001000,0.001000,0.000000,0,0,0,0,0
_home_max_Documents_PhD_MAPF_LNS_MAPF_LNS_SAT_mapf-map_room-64-64-8_map-_home_max_Documents_PhD_MAPF_LNS_MAPF_LNS_SAT_mapf-scen-even_scen-even_room-64-64-8-even-1_scen-agents10-idx9-seed42-1783617172781,0,0,2,1,120,30,1,121,0,1,2,3,0.077000,0.072000,0.009269,0,1,1,8,38
_home_max_Documents_PhD_MAPF_LNS_MAPF_LNS_SAT_mapf-map_room-64-64-8_map-_home_max_Documents_PhD_MAPF_LNS_MAPF_LNS_SAT_mapf-scen-even_scen-even_room-64-64-8-even-1_scen-agents10-idx9-seed42-1783617172781,0,0,2,2,121,30,1,122,1,0,3,3,0.010000,0.005000,0.001864,0,0,1,10,57
_home_max_Documents_PhD_MAPF_LNS_MAPF_LNS_SAT_mapf-map_room-64-64-8_map-_home_max_Documents_PhD_MAPF_LNS_MAPF_LNS_SAT_mapf-scen-even_scen-even_room-64-64-8-even-1_scen-agents10-idx9-seed42-1783617172781,0,0,2,3,122,30,0,122,0,0,3,3,0.008000,0.004000,0.001762,0,0,1,15,76
_home_max_Documents_PhD_MAPF_LNS_MAPF_LNS_SAT_mapf-map_room-64-64-8_map-_home_max_Documents_PhD_MAPF_LNS_MAPF_LNS_SAT_mapf-scen-even_scen-even_room-64-64-8-even-1_scen-agents10-idx9-seed42-1783617172781,0,0,0,1,18,10,3,21,3,0,3,0,0.023000,0.016000,0.000654,0,1,1,1,10
_home_max_Documents_PhD_MAPF_LNS_MAPF_LNS_SAT_mapf-map_room-64-64-8_map-_home_max_Documents_PhD_MAPF_LNS_MAPF_LNS_SAT_mapf-scen-even_scen-even_room-64-64-8-even-1_scen-agents10-idx9-seed42-1783617172781,0,0,0,2,21,10,0,21,0,0,3,0,0.001000,0.001000,0.000000,0,0,0,0,0
_home_max_Documents_PhD_MAPF_LNS_MAPF_LNS_SAT_mapf-map_room-64-64-8_map-_home_max_Documents_PhD_MAPF_LNS_MAPF_LNS_SAT_mapf-scen-even_scen-even_room-64-64-8-even-1_scen-agents10-idx9-seed42-1783617172781,0,0,1,1,31,15,0,31,0,0,3,0,0.028000,0.023000,0.001906,0,1,1,1,15
_home_max_Documents_PhD_MAPF_LNS_MAPF_LNS_SAT_mapf-map_room-64-64-8_map-_home_max_Documents_PhD_MAPF_LNS_MAPF_LNS_SAT_mapf-scen-even_scen-even_room-64-64-8-even-1_scen-agents10-idx9-seed42-1783617172781,0,0,0,1,15,8,1,16,0,1,0,1,0.021000,0.016000,0.001384,0,1,1,3,8
_home_max_Documents_PhD_MAPF_LNS_MAPF_LNS_SAT_mapf-map_room-64-64-8_map-_home_max_Documents_PhD_MAPF_LNS_MAPF_LNS_SAT_mapf-scen-even_scen-even_room-64-64-8-even-1_scen-agents10-idx9-seed42-1783617172781,0,0,0,2,16,8,1,17,1,0,1,1,0.008000,0.004000,0.000339,0,0,1,5,11
_home_max_Documents_PhD_MAPF_LNS_MAPF_LNS_SAT_mapf-map_room-64-64-8_map-_home_max_Documents_PhD_MAPF_LNS_MAPF_LNS_SAT_mapf-scen-even_scen-even_room-64-64-8-even-1_scen-agents10-idx9-seed42-1783617172781,0,0,0,3,17,8,1,18,0,1,1,2,0.006000,0.003000,0.000168,0,0,1,6,13
_home_max_Documents_PhD_MAPF_LNS_MAPF_LNS_SAT_mapf-map_room-64-64-8_map-_home_max_Documents_PhD_MAPF_LNS_MAPF_LNS_SAT_mapf-scen-even_scen-even_room-64-64-8-even-1_scen-agents10-idx9-seed42-1783617172781,0,0,0,4,18,8,0,18,0,0,1,2,0.001000,0.001000,0.000000,0,0,0,0,0
_home_max_Documents_PhD_MAPF_LNS_MAPF_LNS_SAT_mapf-map_room-64-64-8_map-_home_max_Documents_PhD_MAPF_LNS_MAPF_LNS_SAT_mapf-scen-even_scen-even_room-64-64-8-even-1_scen-agents10-idx9-seed42-1783617172781,0,0,1,1,27,12,1,28,1,0,2,2,0.027000,0.022000,0.001495,0,1,1,1,12
_home_max_Documents_PhD_MAPF_LNS_MAPF_LNS_SAT_mapf-map_room-64-64-8_map-_home_max_Documents_PhD_MAPF_LNS_MAPF_LNS_SAT_mapf-scen-even_scen-even_room-64-64-8-even-1_scen-agents10-idx9-seed42-1783617172781,0,0,1,2,28,12,0,28,0,0,2,2,0.001000,0.001000,0.000000,0,0,0,0,0
_home_max_Documents_PhD_MAPF_LNS_MAPF_LNS_SAT_mapf-map_room-64-64-8_map-_home_max_Documents_PhD_MAPF_LNS_MAPF_LNS_SAT_mapf-scen-even_scen-even_room-64-64-8-even-1_scen-agents10-idx9-seed42-1783617172781,0,0,2,1,120,30,1,121,0,1,2,3,0.076000,0.071000,0.012268,0,1,1,8,38
_home_max_Documents_PhD_MAPF_LNS_MAPF_LNS_SAT_mapf-map_room-64-64-8_map-_home_max_Documents_PhD_MAPF_LNS_MAPF_LNS_SAT_mapf-scen-even_scen-even_room-64-64-8-even-1_scen-agents10-idx9-seed42-1783617172781,0,0,2,2,121,30,1,122,1,0,3,3,0.010000,0.005000,0.001796,0,0,1,10,57
_home_max_Documents_PhD_MAPF_LNS_MAPF_LNS_SAT_mapf-map_room-64-64-8_map-_home_max_Documents_PhD_MAPF_LNS_MAPF_LNS_SAT_mapf-scen-even_scen-even_room-64-64-8-even-1_scen-agents10-idx9-seed42-1783617172781,0,0,2,3,122,30,0,122,0,0,3,3,0.008000,0.004000,0.001660,0,0,1,15,76
_home_max_Documents_PhD_MAPF_LNS_MAPF_LNS_SAT_mapf-map_room-64-64-8_map-_home_max_Documents_PhD_MAPF_LNS_MAPF_LNS_SAT_mapf-scen-even_scen-even_room-64-64-8-even-1_scen-agents10-idx9-seed42-1783617172781,0,0,0,1,24,10,0,24,0,0,0,0,0.025000,0.020000,0.001531,0,1,1,5,10
_home_max_Documents_PhD_MAPF_LNS_MAPF_LNS_SAT_mapf-map_room-64-64-8_map-_home_max_Documents_PhD_MAPF_LNS_MAPF_LNS_SAT_mapf-scen-even_scen-even_room-64-64-8-even-1_scen-agents10-idx11-seed42-1783617172929,0,0,0,1,10,6,1,11,1,0,1,0,0.047000,0.040000,0.009387,0,1,1,1,6
_home_max_Documents_PhD_MAPF_LNS_MAPF_LNS_SAT_mapf-map_room-64-64-8_map-_home_max_Documents_PhD_MAPF_LNS_MAPF_LNS_SAT_mapf-scen-even_scen-even_room-64-64-8-even-1_scen-agents10-idx11-seed42-1783617172929,0,0,0,2,11,6,0,11,0,0,1,0,0.002000,0.001000,0.000000,0,0,0,0,0
_home_max_Documents_PhD_MAPF_LNS_MAPF_LNS_SAT_mapf-map_room-64-64-8_map-_home_max_Documents_PhD_MAPF_LNS_MAPF_LNS_SAT_mapf-scen-even_scen-even_room-64-64-8-even-1_scen-agents10-idx11-seed42-1783617172929,0,0,1,1,19,10,1,20,0,1,1,1,0.024000,0.018000,0.001934,0,1,1,1,10
_home_max_Documents_PhD_MAPF_LNS_MAPF_LNS_SAT_mapf-map_room-64-64-8_map-_home_max_Documents_PhD_MAPF_LNS_MAPF_LNS_SAT_mapf-scen-even_scen-even_room-64-64-8-even-1_scen-agents10-idx11-seed42-1783617172929,0,0,1,2,20,10,0,20,0,0,1,1,0.001000,0.001000,0.000000,0,0,0,0,0
_home_max_Documents_PhD_MAPF_LNS_MAPF_LNS_SAT_mapf-map_room-64-64-8_map-_home_max_Documents_PhD_MAPF_LNS_MAPF_LNS_SAT_mapf-scen-even_scen-even_room-64-64-8-even-1_scen-agents10-idx11-seed42-1783617172929,0,0,2,1,66,24,1,67,1,0,2,1,0.050000,0.044000,0.003733,0,1,1,11,24
_home_max_Documents_PhD_MAPF_LNS_MAPF_LNS_SAT_mapf-map_room-64-64-8_map-_home_max_Documents_PhD_MAPF_LNS_MAPF_LNS_SAT_mapf-scen-even_scen-even_room-64-64-8-even-1_scen-agents10-idx11-seed42-1783617172929,0,0,2,2,67,24,0,67,0,0,2,1,0.009000,0.004000,0.001278,0,0,1,13,41
_home_max_Documents_PhD_MAPF_LNS_MAPF_LNS_SAT_mapf-map_room-64-64-8_map-_home_max_Documents_PhD_MAPF_LNS_MAPF_LNS_SAT_mapf-scen-even_scen-even_room-64-64-8-even-1_scen-agents10-idx11-seed42-1783617172929,0,0,0,1,10,6,1,11,1,0,1,0,0.017000,0.012000,0.000566,0,1,1,1,6
_home_max_Documents_PhD_MAPF_LNS_MAPF_LNS_SAT_mapf-map_room-64-64-8_map-_home_max_Documents_PhD_MAPF_LNS_MAPF_LNS_SAT_mapf-scen-even_scen-even_room-64-64-8-even-1_scen-agents10-idx11-seed42-1783617172929,0,0,0,2,11,6,0,11,0,0,1,0,0.001000,0.001000,0.000000,0,0,0,0,0
_home_max_Documents_PhD_MAPF_LNS_MAPF_LNS_SAT_mapf-map_room-64-64-8_map-_home_max_Documents_PhD_MAPF_LNS_MAPF_LNS_SAT_mapf-scen-even_scen-even_room-64-64-8-even-1_scen-agents10-idx11-seed42-1783617172929,0,0,1,1,17,9,1,18,0,1,1,1,0.021000,0.016000,0.001337,0,1,1,1,9
_home_max_Documents_PhD_MAPF_LNS_MAPF_LNS_SAT_mapf-map_room-64-64-8_map-_home_max_Documents_PhD_MAPF_LNS_MAPF_LNS_SAT_mapf-scen-even_scen-even_room-64-64-8-even-1_scen-agents10-idx11-seed42-1783617172929,0,0,1,2,18,9,0,18,0,0,1,1,0.001000,0.001000,0.000000,0,0,0,0,0
_home_max_Documents_PhD_MAPF_LNS_MAPF_LNS_SAT_mapf-map_room-64-64-8_map-_home_max_Documents_PhD_MAPF_LNS_MAPF_LNS_SAT_mapf-scen-even_scen-even_room-64-64-8-even-1_scen-agents10-idx11-seed42-1783617172929,0,0,2,1,40,17,1,41,1,0,2,1,0.036000,0.031000,0.003387,0,1,1,2,17
_home_max_Documents_PhD_MAPF_LNS_MAPF_LNS_SAT_mapf-map_room-64-64-8_map-_home_max_Documents_PhD_MAPF_LNS_MAPF_LNS_SAT_mapf-scen-even_scen-even_room-64-64-8-even-1_scen-agents10-idx11-seed42-1783617172929,0,0,2,2,41,17,0,41,0,0,2,1,0.001000,0.001000,0.000000,0,0,0,0,0
_home_max_Documents_PhD_MAPF_LNS_MAPF_LNS_SAT_mapf-map_room-64-64-8_map-_home_max_Documents_PhD_MAPF_LNS_MAPF_LNS_SAT_mapf-scen-even_scen-even_room-64-64-8-even-1_scen-agents10-idx11-seed42-1783617172929,0,0,3,1,74,29,0,74,0,0,2,1,0.040000,0.040000,0.000000,0,1,0,0,0
_home_max_Documents_PhD_MAPF_LNS_MAPF_LNS_SAT_mapf-map_room-64-64-8_map-_home_max_Documents_PhD_MAPF_LNS_MAPF_LNS_SAT_mapf-scen-even_scen-even_room-64-64-8-even-1_scen-agents10-idx11-seed42-1783617172929,0,1,0,1,41,21,1,42,1,0,1,0,0.035000,0.027000,0.002015,0,1,1,4,21
_home_max_Documents_PhD_MAPF_LNS_MAPF_LNS_SAT_mapf-map_room-64-64-8_map-_home_max_Documents_PhD_MAPF_LNS_MAPF_LNS_SAT_mapf-scen-even_scen-even_room-64-64-8-even-1_scen-agents10-idx11-seed42-1783617172929,0,1,0,2,42,21,0,42,0,0,1,0,0.009000,0.005000,0.001274,0,0,1,9,34
_home_max_Documents_PhD_MAPF_LNS_MAPF_LNS_SAT_mapf-map_room-64-64-8_map-_home_max_Documents_PhD_MAPF_LNS_MAPF_LNS_SAT_mapf-scen-even_scen-even_room-64-64-8-even-1_scen-agents10-idx11-seed42-1783617172929,0,0,0,1,10,6,1,11,0,1,0,1,0.016000,0.011000,0.000388,0,1,1,1,6
_home_max_Documents_PhD_MAPF_LNS_MAPF_LNS_SAT_mapf-map_room-64-64-8_map-_home_max_Documents_PhD_MAPF_LNS_MAPF_LNS_SAT_mapf-scen-even_scen-even_room-64-64-8-even-1_scen-agents10-idx11-seed42-1783617172929,0,0,0,2,11,6,0,11,0,0,0,1,0.002000,0.001000,0.000000,0,0,0,0,0
_home_max_Documents_PhD_MAPF_LNS_MAPF_LNS_SAT_mapf-map_room-64-64-8_map-_home_max_Documents_PhD_MAPF_LNS_MAPF_LNS_SAT_mapf-scen-even_scen-even_room-64-64-8-even-1_scen-agents10-idx11-seed42-1783617172929,0,0,1,1,19,10,1,20,1,0,1,1,0.020000,0.015000,0.000786,0,1,1,2,10
_home_max_Documents_PhD_MAPF_LNS_MAPF_LNS_SAT_mapf-map_room-64-64-8_map-_home_max_Documents_PhD_MAPF_LNS_MAPF_LNS_SAT_mapf-scen-even_scen-even_room-64-64-8-even-1_scen-agents10-idx11-seed42-1783617172929,0,0,1,2,20,10,0,20,0,0,1,1,0.001000,0.001000,0.000000,0,0,0,0,0
_home_max_Documents_PhD_MAPF_LNS_MAPF_LNS_SAT_mapf-map_room-64-64-8_map-_home_max_Documents_PhD_MAPF_LNS_MAPF_LNS_SAT_mapf-scen-even_scen-even_room-64-64-8-even-1_scen-agents10-idx11-seed42-1783617172929,0,1,0,1,43,22,1,44,0,1,0,1,0.035000,0.028000,0.002115,0,1,1,4,22
_home_max_Documents_PhD_MAPF_LNS_MAPF_LNS_SAT_mapf-map_room-64-64-8_map-_home_max_Documents_PhD_MAPF_LNS_MAPF_LNS_SAT_mapf-scen-even_scen-even_room-64-64-8-even-1_scen-agents10-idx11-seed42-1783617172929,0,1,0,2,44,22,0,44,0,0,0,1,0.009000,0.005000,0.001403,0,0,1,8,37
_home_max_Documents_PhD_MAPF_LNS_MAPF_LNS_SAT_mapf-map_room-64-64-8_map-_home_max_Documents_PhD_MAPF_LNS_MAPF_LNS_SAT_mapf-scen-even_scen-even_room-64-64-8-even-1_scen-agents10-idx12-seed42-1783617172979,0,0,0,1,31,16,4,35,2,2,2,2,0.068000,0.051000,0.008778,0,1,1,5,16
_home_max_Documents_PhD_MAPF_LNS_MAPF_LNS_SAT_mapf-map_room-64-64-8_map-_home_max_Documents_PhD_MAPF_LNS_MAPF_LNS_SAT_mapf-scen-even_scen-even_room-64-64-8-even-1_scen-agents10-idx12-seed42-1783617172979,0,0,0,2,35,16,0,35,0,0,2,2,0.004000,0.004000,0.000000,0,0,0,0,0
_home_max_Documents_PhD_MAPF_LNS_MAPF_LNS_SAT_mapf-map_room-64-64-8_map-_home_max_Documents_PhD_MAPF_LNS_MAPF_LNS_SAT_mapf-scen-even_scen-even_room-64-64-8-even-1_scen-agents10-idx12-seed42-1783617172979,0,0,1,1,89,29,3,92,2,1,4,3,0.062000,0.054000,0.004560,0,1,1,11,35
_home_max_Documents_PhD_MAPF_LNS_MAPF_LNS_SAT_mapf-map_room-64-64-8_map-_home_max_Documents_PhD_MAPF_LNS_MAPF_LNS_SAT_mapf-scen-even_scen-even_room-64-64-8-even-1_scen-agents10-idx12-seed42-1783617172979,0,0,1,2,92,29,0,92,0,0,4,3,0.002000,0.001000,0.000000,0,0,0,0,0
_home_max_Documents_PhD_MAPF_LNS_MAPF_LNS_SAT_mapf-map_room-64-64-8_map-_home_max_Documents_PhD_MAPF_LNS_MAPF_LNS_SAT_mapf-scen-even_scen-even_room-64-64-8-even-1_scen-agents10-idx12-seed42-1783617172979,0,0,2,1,252,65,3,255,3,0,7,3,0.147000,0.137000,0.011226,0,1,1,15,74
_home_max_Documents_PhD_MAPF_LNS_MAPF_LNS_SAT_mapf-map_room-64-64-8_map-_home_max_Documents_PhD_MAPF_LNS_MAPF_LNS_SAT_mapf-scen-even_scen-even_room-64-64-8-even-1_scen-agents10-idx12-seed42-1783617172979,0,0,2,2,255,65,2,257,0,2,7,5,0.016000,0.009000,0.004673,0,0,1,25,129
_home_max_Documents_PhD_MAPF_LNS_MAPF_LNS_SAT_mapf-map_room-64-64-8_map-_home_max_Documents_PhD_MAPF_LNS_MAPF_LNS_SAT_mapf-scen-even_scen-even_room-64-64-8-even-1_scen-agents10-idx12-seed42-1783617172979,0,0,2,3,257,65,3,260,2,1,9,6,0.017000,0.009000,0.003822,0,0,1,39,183
_home_max_Documents_PhD_MAPF_LNS_MAPF_LNS_SAT_mapf-map_room-64-64-8_map-_home_max_Documents_PhD_MAPF_LNS_MAPF_LNS_SAT_mapf-scen-even_scen-even_room-64-64-8-even-1_scen-agents10-idx12-seed42-1783617172979,0,0,2,4,260,65,2,262,1,1,10,7,0.013000,0.007000,0.003241,0,0,1,45,228
_home_max_Documents_PhD_MAPF_LNS_MAPF_LNS_SAT_mapf-map_room-64-64-8_map-_home_max_Documents_PhD_MAPF_LNS_MAPF_LNS_SAT_mapf-scen-even_scen-even_room-64-64-8-even-1_scen-agents10-idx12-seed42-1783617172979,0,0,2,5,262,65,2,264,2,0,12,7,0.013000,0.007000,0.003506,0,0,1,51,273
_home_max_Documents_PhD_MAPF_LNS_MAPF_LNS_SAT_mapf-map_room-64-64-8_map-_home_max_Documents_PhD_MAPF_LNS_MAPF_LNS_SAT_mapf-scen-even_scen-even_room-64-64-8-even-1_scen-agents10-idx12-seed42-1783617172979,0,0,2,6,264,65,0,264,0,0,12,7,0.011000,0.006000,0.003296,0,0,1,58,317
_home_max_Documents_PhD_MAPF_LNS_MAPF_LNS_SAT_mapf-map_room-64-64-8_map-_home_max_Documents_PhD_MAPF_LNS_MAPF_LNS_SAT_mapf-scen-even_scen-even_room-64-64-8-even-1_scen-agents10-idx12-seed42-1783617172979,0,0,0,1,10,6,1,11,0,1,0,1,0.017000,0.011000,0.000572,0,1,1,1,6
_home_max_Documents_PhD_MAPF_LNS_MAPF_LNS_SAT_mapf-map_room-64-64-8_map-_home_max_Documents_PhD_MAPF_LNS_MAPF_LNS_SAT_mapf-scen-even_scen-even_room-64-64-8-even-1_scen-agents10-idx12-seed42-1783617172979,0,0,0,2,11,6,0,11,0,0,0,1,0.002000,0.001000,0.000000,0,0,0,0,0
_home_max_Documents_PhD_MAPF_LNS_MAPF_LNS_SAT_mapf-map_room-64-64-8_map-_home_max_Documents_PhD_MAPF_LNS_MAPF_LNS_SAT_mapf-scen-even_scen-even_room-64-64-8-even-1_scen-agents10-idx12-seed42-1783617172979,0,0,1,1,19,10,1,20,1,0,1,1,0.021000,0.016000,0.001084,0,1,1,2,10
_home_max_Documents_PhD_MAPF_LNS_MAPF_LNS_SAT_mapf-map_room-64-64-8_map-_home_max_Documents_PhD_MAPF_LNS_MAPF_LNS_SAT_mapf-scen-even_scen-even_room-64-64-8-even-1_scen-agents10-idx12-seed42-1783617172979,0,0,1,2,20,10,0,20,0,0,1,1,0.001000,0.001000,0.000000,0,0,0,0,0
_home_max_Documents_PhD_MAPF_LNS_MAPF_LNS_SAT_mapf-map_room-64-64-8_map-_home_max_Documents_PhD_MAPF_LNS_MAPF_LNS_SAT_mapf-scen-even_scen-even_room-64-64-8-even-1_scen-agents10-idx12-seed42-1783617172979,0,0,2,1,85,26,1,86,0,1,1,2,0.055000,0.050000,0.003348,0,1,1,5,26
_home_max_Documents_PhD_MAPF_LNS_MAPF_LNS_SAT_mapf-map_room-64-64-8_map-_home_max_Documents_PhD_MAPF_LNS_MAPF_LNS_SAT_mapf-scen-even_scen-even_room-64-64-8-even-1_scen-agents10-idx12-seed42-1783617172979,0,0,2,2,86,26,1,87,1,0,2,2,0.009000,0.005000,0.001399,0,0,1,8,45
_home_max_Documents_PhD_MAPF_LNS_MAPF_LNS_SAT_mapf-map_room-64-64-8_map-_home_max_Documents_PhD_MAPF_LNS_MAPF_LNS_SAT_mapf-scen-even_scen-even_room-64-64-8-even-1_scen-agents10-idx12-seed42-1783617172979,0,0,2,3,87,26,0,87,0,0,2,2,0.010000,0.006000,0.003090,0,0,1,17,69
_home_max_Documents_PhD_MAPF_LNS_MAPF_LNS_SAT_mapf-map_room-64-64-8_map-_home_max_Documents_PhD_MAPF_LNS_MAPF_LNS_SAT_mapf-scen-even_scen-even_room-64-64-8-even-1_scen-agents10-idx12-seed42-1783617172979,0,0,0,1,15,8,1,16,0,1,0,1,0.024000,0.017000,0.001610,0,1,1,3,8
_home_max_Documents_PhD_MAPF_LNS_MAPF_LNS_SAT_mapf-map_room-64-64-8_map-_home_max_Documents_PhD_MAPF_LNS_MAPF_LNS_SAT_mapf-scen-even_scen-even_room-64-64-8-even-1_scen-agents10-idx12-seed42-1783617172979,0,0,0,2,16,8,1,17,1,0,1,1,0.008000,0.004000,0.000330,0,0,1,5,11
_home_max_Documents_PhD_MAPF_LNS_MAPF_LNS_SAT_mapf-map_room-64-64-8_map-_home_max_Documents_PhD_MAPF_LNS_MAPF_LNS_SAT_mapf-scen-even_scen-even_room-64-64-8-even-1_scen-agents10-idx12-seed42-1783617172979,0,0,0,3,17,8,1,18,0,1,1,2,0.006000,0.003000,0.000161,0,0,1,6,13
_home_max_Documents_PhD_MAPF_LNS_MAPF_LNS_SAT_mapf-map_room-64-64-8_map-_home_max_Documents_PhD_MAPF_LNS_MAPF_LNS_SAT_mapf-scen-even_scen-even_room-64-64-8-even-1_scen-agents10-idx12-seed42-1783617172979,0,0,0,4,18,8,0,18,0,0,1,2,0.001000,0.001000,0.000000,0,0,0,0,0
_home_max_Documents_PhD_MAPF_LNS_MAPF_LNS_SAT_mapf-map_room-64-64-8_map-_home_max_Documents_PhD_MAPF_LNS_MAPF_LNS_SAT_mapf-scen-even_scen-even_room-64-64-8-even-1_scen-agents10-idx12-seed42-1783617172979,0,0,1,1,27,12,1,28,1,0,2,2,0.025000,0.020000,0.001743,0,1,1,1,12
_home_max_Documents_PhD_MAPF_LNS_MAPF_LNS_SAT_mapf-map_room-64-64-8_map-_home_max_Documents_PhD_MAPF_LNS_MAPF_LNS_SAT_mapf-scen-even_scen-even_room-64-64-8-even-1_scen-agents10-idx12-seed42-1783617172979,0,0,1,2,28,12,0,28,0,0,2,2,0.001000,0.000000,0.000000,0,0,0,0,0
_home_max_Documents_PhD_MAPF_LNS_MAPF_LNS_SAT_mapf-map_room-64-64-8_map-_home_max_Documents_PhD_MAPF_LNS_MAPF_LNS_SAT_mapf-scen-even_scen-even_room-64-64-8-even-1_scen-agents10-idx12-seed42-1783617172979,0,0,2,1,120,30,0,120,0,0,2,2,0.073000,0.069000,0.009035,0,1,1,8,38
_home_max_Documents_PhD_MAPF_LNS_MAPF_LNS_SAT_mapf-map_room-64-64-8_map-_home_max_Documents_PhD_MAPF_LNS_MAPF_LNS_SAT_mapf-scen-even_scen-even_room-64-64-8-even-1_scen-agents10-idx12-seed42-1783617172979,0,0,0,1,15,8,1,16,0,1,0,1,0.020000,0.015000,0.001051,0,1,1,3,8
_home_max_Documents_PhD_MAPF_LNS_MAPF_LNS_SAT_mapf-map_room-64-64-8_map-_home_max_Documents_PhD_MAPF_LNS_MAPF_LNS_SAT_mapf-scen-even_scen-even_room-64-64-8-even-1_scen-agents10-idx12-seed42-1783617172979,0,0,0,2,16,8,1,17,1,0,1,1,0.007000,0.004000,0.000320,0,0,1,5,11
_home_max_Documents_PhD_MAPF_LNS_MAPF_LNS_SAT_mapf-map_room-64-64-8_map-_home_max_Documents_PhD_MAPF_LNS_MAPF_LNS_SAT_mapf-scen-even_scen-even_room-64-64-8-even-1_scen-agents10-idx12-seed42-1783617172979,0,0,0,3,17,8,1,18,0,1,1,2,0.011000,0.007000,0.000137,0,0,1,6,13
_home_max_Documents_PhD_MAPF_LNS_MAPF_LNS_SAT_mapf-map_room-64-64-8_map-_home_max_Documents_PhD_MAPF_LNS_MAPF_LNS_SAT_mapf-scen-even_scen-even_room-64-64-8-even-1_scen-agents10-idx12-seed42-1783617172979,0,0,0,4,18,8,0,18,0,0,1,2,0.001000,0.001000,0.000000,0,0,0,0,0
_home_max_Documents_PhD_MAPF_LNS_MAPF_LNS_SAT_mapf-map_room-64-64-8_map-_home_max_Documents_PhD_MAPF_LNS_MAPF_LNS_SAT_mapf-scen-even_scen-even_room-64-64-8-even-1_scen-agents10-idx12-seed42-1783617172979,0,0,1,1,27,12,1,28,1,0,2,2,0.025000,0.020000,0.001491,0,1,1,1,12
_home_max_Documents_PhD_MAPF_LNS_MAPF_LNS_SAT_mapf-map_room-64-64-8_map-_home_max_Documents_PhD_MAPF_LNS_MAPF_LNS_SAT_mapf-scen-even_scen-even_room-64-64-8-even-1_scen-agents10-idx12-seed42-1783617172979,0,0,1,2,28,12,0,28,0,0,2,2,0.001000,0.000000,0.000000,0,0,0,0,0
_home_max_Documents_PhD_MAPF_LNS_MAPF_LNS_SAT_mapf-map_room-64-64-8_map-_home_max_Documents_PhD_MAPF_LNS_MAPF_LNS_SAT_mapf-scen-even_scen-even_room-64-64-8-even-1_scen-agents10-idx12-seed42-1783617172979,0,0,2,1,120,30,0,120,0,0,2,2,0.071000,0.066000,0.007927,0,1,1,8,38
_home_max_Documents_PhD_MAPF_LNS_MAPF_LNS_SAT_mapf-map_room-64-64-8_map-_home_max_Documents_PhD_MAPF_LNS_MAPF_LNS_SAT_mapf-scen-even_scen-even_room-64-64-8-even-1_scen-agents10-idx13-seed42-1783617173029,0,0,0,1,10,6,1,11,1,0,1,0,0.045000,0.037000,0.007130,0,1,1,1,6
_home_max_Documents_PhD_MAPF_LNS_MAPF_LNS_SAT_mapf-map_room-64-64-8_map-_home_max_Documents_PhD_MAPF_LNS_MAPF_LNS_SAT_mapf-scen-even_scen-even_room-64-64-8-even-1_scen-agents10-idx13-seed42-1783617173029,0,0,0,2,11,6,0,11,0,0,1,0,0.002000,0.001000,0.000000,0,0,0,0,0
_home_max_Documents_PhD_MAPF_LNS_MAPF_LNS_SAT_mapf-map_room-64-64-8_map-_home_max_Documents_PhD_MAPF_LNS_MAPF_LNS_SAT_mapf-scen-even_scen-even_room-64-64-8-even-1_scen-agents10-idx13-seed42-1783617173029,0,0,1,1,19,10,1,20,0,1,1,1,0.025000,0.019000,0.001972,0,1,1,1,10
_home_max_Documents_PhD_MAPF_LNS_MAPF_LNS_SAT_mapf-map_room-64-64-8_map-_home_max_Documents_PhD_MAPF_LNS_MAPF_LNS_SAT_mapf-scen-even_scen-even_room-64-64-8-even-1_scen-agents10-idx13-seed42-1783617173029,0,0,1,2,20,10,0,20,0,0,1,1,0.002000,0.001000,0.000000,0,0,0,0,0
_home_max_Documents_PhD_MAPF_LNS_MAPF_LNS_SAT_mapf-map_room-64-64-8_map-_home_max_Documents_PhD_MAPF_LNS_MAPF_LNS_SAT_mapf-scen-even_scen-even_room-64-64-8-even-1_scen-agents10-idx13-seed42-1783617173029,0,0,2,1,88,28,1,89,1,0,2,1,0.060000,0.054000,0.004126,0,1,1,14,28
_home_max_Documents_PhD_MAPF_LNS_MAPF_LNS_SAT_mapf-map_room-64-64-8_map-_home_max_Documents_PhD_MAPF_LNS_MAPF_LNS_SAT_mapf-scen-even_scen-even_room-64-64-8-even-1_scen-agents10-idx13-seed42-1783617173029,0,0,2,2,89,28,0,89,0,0,2,1,0.009000,0.005000,0.001394,0,0,1,16,49
_home_max_Documents_PhD_MAPF_LNS_MAPF_LNS_SAT_mapf-map_room-64-64-8_map-_home_max_Documents_PhD_MAPF_LNS_MAPF_LNS_SAT_mapf-scen-even_scen-even_room-64-64-8-even-1_scen-agents10-idx14-seed42-1783617173079,0,0,0,1,21,12,2,23,2,0,2,0,0.054000,0.044000,0.007797,0,1,1,3,12
_home_max_Documents_PhD_MAPF_LNS_MAPF_LNS_SAT_mapf-map_room-64-64-8_map-_home_max_Documents_PhD_MAPF_LNS_MAPF_LNS_SAT_mapf-scen-even_scen-even_room-64-64-8-even-1_scen-agents10-idx14-seed42-1783617173079,0,0,0,2,23,12,0,23,0,0,2,0,0.002000,0.002000,0.000000,0,0,0,0,0
_home_max_Documents_PhD_MAPF_LNS_MAPF_LNS_SAT_mapf-map_room-64-64-8_map-_home_max_Documents_PhD_MAPF_LNS_MAPF_LNS_SAT_mapf-scen-even_scen-even_room-64-64-8-even-1_scen-agents10-idx14-seed42-1783617173079,0,0,1,1,35,18,1,36,0,1,2,1,0.033000,0.025000,0.001917,0,1,1,3,18
_home_max_Documents_PhD_MAPF_LNS_MAPF_LNS_SAT_mapf-map_room-64-64-8_map-_home_max_Documents_PhD_MAPF_LNS_MAPF_LNS_SAT_mapf-scen-even_scen-even_room-64-64-8-even-1_scen-agents10-idx14-seed42-1783617173079,0,0,1,2,36,18,1,37,0,1,2,2,0.012000,0.006000,0.002227,0,0,1,8,36
_home_max_Documents_PhD_MAPF_LNS_MAPF_LNS_SAT_mapf-map_room-64-64-8_map-_home_max_Documents_PhD_MAPF_LNS_MAPF_LNS_SAT_mapf-scen-even_scen-even_room-64-64-8-even-1_scen-agents10-idx14-seed42-1783617173079,0,0,1,3,37,18,0,37,0,0,2,2,0.001000,0.001000,0.000000,0,0,0,0,0
_home_max_Documents_PhD_MAPF_LNS_MAPF_LNS_SAT_mapf-map_room-64-64-8_map-_home_max_Documents_PhD_MAPF_LNS_MAPF_LNS_SAT_mapf-scen-even_scen-even_room-64-64-8-even-1_scen-agents10-idx14-seed42-1783617173079,0,0,2,1,128,44,3,131,3,0,5,2,0.087000,0.078000,0.005047,0,1,1,20,44
_home_max_Documents_PhD_MAPF_LNS_MAPF_LNS_SAT_mapf-map_room-64-64-8_map-_home_max_Documents_PhD_MAPF_LNS_MAPF_LNS_SAT_mapf-scen-even_scen-even_room-64-64-8-even-1_scen-agents10-idx14-seed42-1783617173079,0,0,2,2,131,44,0,131,0,0,5,2,0.015000,0.009000,0.004328,0,0,1,29,85
_home_max_Documents_PhD_MAPF_LNS_MAPF_LNS_SAT_mapf-map_room-64-64-8_map-_home_max_Documents_PhD_MAPF_LNS_MAPF_LNS_SAT_mapf-scen-even_scen-even_room-64-64-8-even-1_scen-agents10-idx14-seed42-1783617173079,0,0,0,1,10,6,1,11,0,1,0,1,0.026000,0.014000,0.000532,0,1,1,1,6
_home_max_Documents_PhD_MAPF_LNS_MAPF_LNS_SAT_mapf-map_room-64-64-8_map-_home_max_Documents_PhD_MAPF_LNS_MAPF_LNS_SAT_mapf-scen-even_scen-even_room-64-64-8-even-1_scen-agents10-idx14-seed42-1783617173079,0,0,0,2,11,6,0,11,0,0,0,1,0.002000,0.001000,0.000000,0,0,0,0,0
_home_max_Documents_PhD_MAPF_LNS_MAPF_LNS_SAT_mapf-map_room-64-64-8_map-_home_max_Documents_PhD_MAPF_LNS_MAPF_LNS_SAT_mapf-scen-even_scen-even_room-64-64-8-even-1_scen-agents10-idx14-seed42-1783617173079,0,0,1,1,19,10,1,20,1,0,1,1,0.023000,0.016000,0.001122,0,1,1,2,10
_home_max_Documents_PhD_MAPF_LNS_MAPF_LNS_SAT_mapf-map_room-64-64-8_map-_home_max_Documents_PhD_MAPF_LNS_MAPF_LNS_SAT_mapf-scen-even_scen-even_room-64-64-8-even-1_scen-agents10-idx14-seed42-1783617173079,0,0,1,2,20,10,0,20,0,0,1,1,0.001000,0.001000,0.000000,0,0,0,0,0
_home_max_Documents_PhD_MAPF_LNS_MAPF_LNS_SAT_mapf-map_room-64-64-8_map-_home_max_Documents_PhD_MAPF_LNS_MAPF_LNS_SAT_mapf-scen-even_scen-even_room-64-64-8-even-1_scen-agents10-idx14-seed42-1783617173079,0,0,2,1,85,26,1,86,0,1,1,2,0.056000,0.051000,0.003737,0,1,1,5,26
_home_max_Documents_PhD_MAPF_LNS_MAPF_LNS_SAT_mapf-map_room-64-64-8_map-_home_max_Documents_PhD_MAPF_LNS_MAPF_LNS_SAT_mapf-scen-even_scen-even_room-64-64-8-even-1_scen-agents10-idx14-seed42-1783617173079,0,0,2,2,86,26,1,87,1,0,2,2,0.009000,0.004000,0.001432,0,0,1,8,45
_home_max_Documents_PhD_MAPF_LNS_MAPF_LNS_SAT_mapf-map_room-64-64-8_map-_home_max_Documents_PhD_MAPF_LNS_MAPF_LNS_SAT_mapf-scen-even_scen-even_room-64-64-8-even-1_scen-agents10-idx14-seed42-1783617173079,0,0,2,3,87,26,0,87,0,0,2,2,0.010000,0.006000,0.002849,0,0,1,17,69
_home_max_Documents_PhD_MAPF_LNS_MAPF_LNS_SAT_mapf-map_room-64-64-8_map-_home_max_Documents_PhD_MAPF_LNS_MAPF_LNS_SAT_mapf-scen-even_scen-even_room-64-64-8-even-1_scen-agents10-idx14-seed42-1783617173079,0,0,0,1,10,6,1,11,1,0,1,0,0.016000,0.010000,0.000413,0,1,1,1,6
_home_max_Documents_PhD_MAPF_LNS_MAPF_LNS_SAT_mapf-map_room-64-64-8_map-_home_max_Documents_PhD_MAPF_LNS_MAPF_LNS_SAT_mapf-scen-even_scen-even_room-64-64-8-even-1_scen-agents10-idx14-seed42-1783617173079,0,0,0,2,11,6,0,11,0,0,1,0,0.001000,0.001000,0.000000,0,0,0,0,0
_home_max_Documents_PhD_MAPF_LNS_MAPF_LNS_SAT_mapf-map_room-64-64-8_map-_home_max_Documents_PhD_MAPF_LNS_MAPF_LNS_SAT_mapf-scen-even_scen-even_room-64-64-8-even-1_scen-agents10-idx14-seed42-1783617173079,0,0,1,1,17,9,0,17,0,0,1,0,0.020000,0.015000,0.001613,0,1,1,1,9
_home_max_Documents_PhD_MAPF_LNS_MAPF_LNS_SAT_mapf-map_room-64-64-8_map-_home_max_Documents_PhD_MAPF_LNS_MAPF_LNS_SAT_mapf-scen-even_scen-even_room-64-64-8-even-1_scen-agents10-idx14-seed42-1783617173079,0,0,0,1,10,6,1,11,0,1,0,1,0.014000,0.009000,0.000228,0,1,1,1,6
_home_max_Documents_PhD_MAPF_LNS_MAPF_LNS_SAT_mapf-map_room-64-64-8_map-_home_max_Documents_PhD_MAPF_LNS_MAPF_LNS_SAT_mapf-scen-even_scen-even_room-64-64-8-even-1_scen-agents10-idx14-seed42-1783617173079,0,0,0,2,11,6,0,11,0,0,0,1,0.002000,0.001000,0.000000,0,0,0,0,0
_home_max_Documents_PhD_MAPF_LNS_MAPF_LNS_SAT_mapf-map_room-64-64-8_map-_home_max_Documents_PhD_MAPF_LNS_MAPF_LNS_SAT_mapf-scen-even_scen-even_room-64-64-8-even-1_scen-agents10-idx14-seed42-1783617173079,0,0,1,1,19,10,1,20,1,0,1,1,0.020000,0.015000,0.001085,0,1,1,2,10
_home_max_Documents_PhD_MAPF_LNS_MAPF_LNS_SAT_mapf-map_room-64-64-8_map-_home_max_Documents_PhD_MAPF_LNS_MAPF_LNS_SAT_mapf-scen-even_scen-even_room-64-64-8-even-1_scen-agents10-idx14-seed42-1783617173079,0,0,1,2,20,10,0,20,0,0,1,1,0.001000,0.001000,0.000000,0,0,0,0,0
_home_max_Documents_PhD_MAPF_LNS_MAPF_LNS_SAT_mapf-map_room-64-64-8_map-_home_max_Documents_PhD_MAPF_LNS_MAPF_LNS_SAT_mapf-scen-even_scen-even_room-64-64-8-even-1_scen-agents10-idx14-seed42-1783617173079,0,0,2,1,90,29,1,91,0,1,1,2,0.058000,0.052000,0.003977,0,1,1,14,29
_home_max_Documents_PhD_MAPF_LNS_MAPF_LNS_SAT_mapf-map_room-64-64-8_map-_home_max_Documents_PhD_MAPF_LNS_MAPF_LNS_SAT_mapf-scen-even_scen-even_room-64-64-8-even-1_scen-agents10-idx14-seed42-1783617173079,0,0,2,2,91,29,1,92,1,0,2,2,0.009000,0.005000,0.001495,0,0,1,16,50
_home_max_Documents_PhD_MAPF_LNS_MAPF_LNS_SAT_mapf-map_room-64-64-8_map-_home_max_Documents_PhD_MAPF_LNS_MAPF_LNS_SAT_mapf-scen-even_scen-even_room-64-64-8-even-1_scen-agents10-idx14-seed42-1783617173079,0,0,2,3,92,29,0,92,0,0,2,2,0.003000,0.003000,0.001293,0,0,0,18,66
_home_max_Documents_PhD_MAPF_LNS_MAPF_LNS_SAT_mapf-map_room-64-64-8_map-_home_max_Documents_PhD_MAPF_LNS_MAPF_LNS_SAT_mapf-scen-even_scen-even_room-64-64-8-even-1_scen-agents10-idx14-seed42-1783617173079,0,0,3,1,230,56,1,231,0,1,2,3,0.122000,0.115000,0.007550,0,1,1,20,56
_home_max_Documents_PhD_MAPF_LNS_MAPF_LNS_SAT_mapf-map_room-64-64-8_map-_home_max_Documents_PhD_MAPF_LNS_MAPF_LNS_SAT_mapf-scen-even_scen-even_room-64-64-8-even-1_scen-agents10-idx14-seed42-1783617173079,0,0,3,2,231,56,0,231,0,0,2,3,0.011000,0.006000,0.002623,0,0,1,34,103
_home_max_Documents_PhD_MAPF_LNS_MAPF_LNS_SAT_mapf-map_room-64-64-8_map-_home_max_Documents_PhD_MAPF_LNS_MAPF_LNS_SAT_mapf-scen-even_scen-even_room-64-64-8-even-1_scen-agents10-idx15-seed42-1783617173130,0,0,0,1,49,26,7,56,7,0,7,0,0.068000,0.053000,0.008933,0,1,1,5,26
_home_max_Documents_PhD_MAPF_LNS_MAPF_LNS_SAT_mapf-map_room-64-64-8_map-_home_max_Documents_PhD_MAPF_LNS_MAPF_LNS_SAT_mapf-scen-even_scen-even_room-64-64-8-even-1_scen-agents10-idx15-seed42-1783617173130,0,0,0,2,56,26,0,56,0,0,7,0,0.003000,0.003000,0.000000,0,0,0,0,0
_home_max_Documents_PhD_MAPF_LNS_MAPF_LNS_SAT_mapf-map_room-64-64-8_map-_home_max_Documents_PhD_MAPF_LNS_MAPF_LNS_SAT_mapf-scen-even_scen-even_room-64-64-8-even-1_scen-agents10-idx15-seed42-1783617173130,0,0,1,1,76,36,0,76,0,0,7,0,0.054000,0.045000,0.005707,0,1,1,6,36
_home_max_Documents_PhD_MAPF_LNS_MAPF_LNS_SAT_mapf-map_room-64-64-8_map-_home_max_Documents_PhD_MAPF_LNS_MAPF_LNS_SAT_mapf-scen-even_scen-even_room-64-64-8-even-1_scen-agents10-idx15-seed42-1783617173130,0,0,0,1,10,6,1,11,0,1,0,1,0.017000,0.011000,0.000629,0,1,1,1,6
_home_max_Documents_PhD_MAPF_LNS_MAPF_LNS_SAT_mapf-map_room-64-64-8_map-_home_max_Documents_PhD_MAPF_LNS_MAPF_LNS_SAT_mapf-scen-even_scen-even_room-64-64-8-even-1_scen-agents10-idx15-seed42-1783617173130,0,0,0,2,11,6,0,11,0,0,0,1,0.002000,0.001000,0.000000,0,0,0,0,0
_home_max_Documents_PhD_MAPF_LNS_MAPF_LNS_SAT_mapf-map_room-64-64-8_map-_home_max_Documents_PhD_MAPF_LNS_MAPF_LNS_SAT_mapf-scen-even_scen-even_room-64-64-8-even-1_scen-agents10-idx15-seed42-1783617173130,0,0,1,1,19,10,1,20,1,0,1,1,0.022000,0.017000,0.001126,0,1,1,2,10
_home_max_Documents_PhD_MAPF_LNS_MAPF_LNS_SAT_mapf-map_room-64-64-8_map-_home_max_Documents_PhD_MAPF_LNS_MAPF_LNS_SAT_mapf-scen-even_scen-even_room-64-64-8-even-1_scen-agents10-idx15-seed42-1783617173130,0,0,1,2,20,10,0,20,0,0,1,1,0.001000,0.001000,0.000000,0,0,0,0,0
_home_max_Documents_PhD_MAPF_LNS_MAPF_LNS_SAT_mapf-map_room-64-64-8_map-_home_max_Documents_PhD_MAPF_LNS_MAPF_LNS_SAT_mapf-scen-even_scen-even_room-64-64-8-even-1_scen-agents10-idx15-seed42-1783617173130,0,0,2,1,60,22,1,61,0,1,1,2,0.044000,0.039000,0.003154,0,1,1,5,22
_home_max_Documents_PhD_MAPF_LNS_MAPF_LNS_SAT_mapf-map_room-64-64-8_map-_home_max_Documents_PhD_MAPF_LNS_MAPF_LNS_SAT_mapf-scen-even_scen-even_room-64-64-8-even-1_scen-agents10-idx15-seed42-1783617173130,0,0,2,2,61,22,1,62,1,0,2,2,0.009000,0.004000,0.001183,0,0,1,8,37
_home_max_Documents_PhD_MAPF_LNS_MAPF_LNS_SAT_mapf-map_room-64-64-8_map-_home_max_Documents_PhD_MAPF_LNS_MAPF_LNS_SAT_mapf-scen-even_scen-even_room-64-64-8-even-1_scen-agents10-idx15-seed42-1783617173130,0,0,2,3,62,22,0,62,0,0,2,2,0.011000,0.006000,0.003607,0,0,1,17,59
_home_max_Documents_PhD_MAPF_LNS_MAPF_LNS_SAT_mapf-map_room-64-64-8_map-_home_max_Documents_PhD_MAPF_LNS_MAPF_LNS_SAT_mapf-scen-even_scen-even_room-64-64-8-even-1_scen-agents10-idx15-seed42-1783617173130,0,0,0,1,10,6,1,11,1,0,1,0,0.016000,0.011000,0.000446,0,1,1,1,6
_home_max_Documents_PhD_MAPF_LNS_MAPF_LNS_SAT_mapf-map_room-64-64-8_map-_home_max_Documents_PhD_MAPF_LNS_MAPF_LNS_SAT_mapf-scen-even_scen-even_room-64-64-8-even-1_scen-agents10-idx15-seed42-1783617173130,0,0,0,2,11,6,0,11,0,0,1,0,0.001000,0.001000,0.000000,0,0,0,0,0
_home_max_Documents_PhD_MAPF_LNS_MAPF_LNS_SAT_mapf-map_room-64-64-8_map-_home_max_Documents_PhD_MAPF_LNS_MAPF_LNS_SAT_mapf-scen-even_scen-even_room-64-64-8-even-1_scen-agents10-idx15-seed42-1783617173130,0,0,1,1,17,9,1,18,0,1,1,1,0.020000,0.015000,0.001498,0,1,1,1,9
_home_max_Documents_PhD_MAPF_LNS_MAPF_LNS_SAT_mapf-map_room-64-64-8_map-_home_max_Documents_PhD_MAPF_LNS_MAPF_LNS_SAT_mapf-scen-even_scen-even_room-64-64-8-even-1_scen-agents10-idx15-seed42-1783617173130,0,0,1,2,18,9,0,18,0,0,1,1,0.002000,0.001000,0.000000,0,0,0,0,0
_home_max_Documents_PhD_MAPF_LNS_MAPF_LNS_SAT_mapf-map_room-64-64-8_map-_home_max_Documents_PhD_MAPF_LNS_MAPF_LNS_SAT_mapf-scen-even_scen-even_room-64-64-8-even-1_scen-agents10-idx15-seed42-1783617173130,0,0,2,1,50,19,1,51,1,0,2,1,0.040000,0.035000,0.003643,0,1,1,2,19
_home_max_Documents_PhD_MAPF_LNS_MAPF_LNS_SAT_mapf-map_room-64-64-8_map-_home_max_Documents_PhD_MAPF_LNS_MAPF_LNS_SAT_mapf-scen-even_scen-even_room-64-64-8-even-1_scen-agents10-idx15-seed42-1783617173130,0,0,2,2,51,19,0,51,0,0,2,1,0.001000,0.000000,0.000000,0,0,0,0,0
_home_max_Documents_PhD_MAPF_LNS_MAPF_LNS_SAT_mapf-map_room-64-64-8_map-_home_max_Documents_PhD_MAPF_LNS_MAPF_LNS_SAT_mapf-scen-even_scen-even_room-64-64-8-even-1_scen-agents10-idx15-seed42-1783617173130,0,0,3,1,102,36,0,102,0,0,2,1,0.052000,0.051000,0.000000,0,1,0,0,0
_home_max_Documents_PhD_MAPF_LNS_MAPF_LNS_SAT_mapf-map_room-64-64-8_map-_home_max_Documents_PhD_MAPF_LNS_MAPF_LNS_SAT_mapf-scen-even_scen-even_room-64-64-8-even-1_scen-agents10-idx15-seed42-1783617173130,0,1,0,1,49,27,3,52,2,1,2,1,0.037000,0.025000,0.000488,0,1,1,1,27
_home_max_Documents_PhD_MAPF_LNS_MAPF_LNS_SAT_mapf-map_room-64-64-8_map-_home_max_Documents_PhD_MAPF_LNS_MAPF_LNS_SAT_mapf-scen-even_scen-even_room-64-64-8-even-1_scen-agents10-idx15-seed42-1783617173130,0,1,0,2,52,27,0,52,0,0,2,1,0.001000,0.001000,0.000000,0,0,0,0,0
_home_max_Documents_PhD_MAPF_LNS_MAPF_LNS_SAT_mapf-map_room-64-64-8_map-_home_max_Documents_PhD_MAPF_LNS_MAPF_LNS_SAT_mapf-scen-even_scen-even_room-64-64-8-even-1_scen-agents10-idx15-seed42-1783617173130,0,1,1,1,78,40,3,81,1,2,3,3,0.056000,0.044000,0.003311,0,1,1,2,40
_home_max_Documents_PhD_MAPF_LNS_MAPF_LNS_SAT_mapf-map_room-64-64-8_map-_home_max_Documents_PhD_MAPF_LNS_MAPF_LNS_SAT_mapf-scen-even_scen-even_room-64-64-8-even-1_scen-agents10-idx15-seed42-1783617173130,0,1,1,2,81,40,0,81,0,0,3,3,0.001000,0.001000,0.000000,0,0,0,0,0
_home_max_Documents_PhD_MAPF_LNS_MAPF_LNS_SAT_mapf-map_room-64-64-8_map-_home_max_Documents_PhD_MAPF_LNS_MAPF_LNS_SAT_mapf-scen-even_scen-even_room-64-64-8-even-1_scen-agents10-idx15-seed42-1783617173130,0,1,2,1,341,96,4,345,3,1,6,4,0.183000,0.168000,0.015957,0,1,1,9,123
_home_max_Documents_PhD_MAPF_LNS_MAPF_LNS_SAT_mapf-map_room-64-64-8_map-_home_max_Documents_PhD_MAPF_LNS_MAPF_LNS_SAT_mapf-scen-even_scen-even_room-64-64-8-even-1_scen-agents10-idx15-seed42-1783617173130,0,1,2,2,345,96,0,345,0,0,6,4,0.003000,0.002000,0.000000,0,0,0,0,0
_home_max_Documents_PhD_MAPF_LNS_MAPF_LNS_SAT_mapf-map_room-64-64-8_map-_home_max_Documents_PhD_MAPF_LNS_MAPF_LNS_SAT_mapf-scen-even_scen-even_room-64-64-8-even-1_scen-agents10-idx15-seed42-1783617173130,0,1,3,1,1576,223,7,1583,6,1,12,5,0.668000,0.648000,0.049393,0,1,1,35,308
_home_max_Documents_PhD_MAPF_LNS_MAPF_LNS_SAT_mapf-map_room-64-64-8_map-_home_max_Documents_PhD_MAPF_LNS_MAPF_LNS_SAT_mapf-scen-even_scen-even_room-64-64-8-even-1_scen-agents10-idx15-seed42-1783617173130,0,1,3,2,1583,223,0,1583,0,0,12,5,0.004000,0.003000,0.000000,0,0,0,0,0
_home_max_Documents_PhD_MAPF_LNS_MAPF_LNS_SAT_mapf-map_room-64-64-8_map-_home_max_Documents_PhD_MAPF_LNS_MAPF_LNS_SAT_mapf-scen-even_scen-even_room-64-64-8-even-1_scen-agents10-idx15-seed42-1783617173130,0,1,4,1,4582,436,3,4585,0,3,12,8,1.801000,1.778000,0.087312,0,1,1,43,487
_home_max_Documents_PhD_MAPF_LNS_MAPF_LNS_SAT_mapf-map_room-64-64-8_map-_home_max_Documents_PhD_MAPF_LNS_MAPF_LNS_SAT_mapf-scen-even_scen-even_room-64-64-8-even-1_scen-agents10-idx15-seed42-1783617173130,0,1,4,2,4585,436,3,4588,2,1,14,9,0.150000,0.133000,0.060236,0,0,1,165,1528
_home_max_Documents_PhD_MAPF_LNS_MAPF_LNS_SAT_mapf-map_room-64-64-8_map-_home_max_Documents_PhD_MAPF_LNS_MAPF_LNS_SAT_mapf-scen-even_scen-even_room-64-64-8-even-1_scen-agents10-idx15-seed42-1783617173130,0,1,4,3,4588,436,3,4591,1,2,15,11,0.050000,0.034000,0.027976,0,0,1,230,1912
_home_max_Documents_PhD_MAPF_LNS_MAPF_LNS_SAT_mapf-map_room-64-64-8_map-_home_max_Documents_PhD_MAPF_LNS_MAPF_LNS_SAT_mapf-scen-even_scen-even_room-64-64-8-even-1_scen-agents10-idx15-seed42-1783617173130,0,1,4,4,4591,436,0,4591,0,0,15,11,0.002000,0.001000,0.000000,0,0,0,0,0
_home_max_Documents_PhD_MAPF_LNS_MAPF_LNS_SAT_mapf-map_room-64-64-8_map-_home_max_Documents_PhD_MAPF_LNS_MAPF_LNS_SAT_mapf-scen-even_scen-even_room-64-64-8-even-1_scen-agents10-idx15-seed42-1783617173130,0,2,0,1,91,48,4,95,3,1,3,1,0.061000,0.042000,0.001166,0,1,1,2,48
_home_max_Documents_PhD_MAPF_LNS_MAPF_LNS_SAT_mapf-map_room-64-64-8_map-_home_max_Documents_PhD_MAPF_LNS_MAPF_LNS_SAT_mapf-scen-even_scen-even_room-64-64-8-even-1_scen-agents10-idx15-seed42-1783617173130,0,2,0,2,95,48,0,95,0,0,3,1,0.001000,0.001000,0.000000,0,0,0,0,0
_home_max_Documents_PhD_MAPF_LNS_MAPF_LNS_SAT_mapf-map_room-64-64-8_map-_home_max_Documents_PhD_MAPF_LNS_MAPF_LNS_SAT_mapf-scen-even_scen-even_room-64-64-8-even-1_scen-agents10-idx15-seed42-1783617173130,0,2,1,1,138,70,4,142,1,3,4,4,0.087000,0.070000,0.005941,0,1,1,4,70
_home_max_Documents_PhD_MAPF_LNS_MAPF_LNS_SAT_mapf-map_room-64-64-8_map-_home_max_Documents_PhD_MAPF_LNS_MAPF_LNS_SAT_mapf-scen-even_scen-even_room-64-64-8-even-1_scen-agents10-idx15-seed42-1783617173130,0,2,1,2,142,70,0,142,0,0,4,4,0.001000,0.001000,0.000000,0,0,0,0,0
_home_max_Documents_PhD_MAPF_LNS_MAPF_LNS_SAT_mapf-map_room-64-64-8_map-_home_max_Documents_PhD_MAPF_LNS_MAPF_LNS_SAT_mapf-scen-even_scen-even_room-64-64-8-even-1_scen-agents10-idx15-seed42-1783617173130,0,2,2,1,612,173,5,617,4,1,8,5,0.306000,0.286000,0.022206,0,1,1,62,189
_home_max_Documents_PhD_MAPF_LNS_MAPF_LNS_SAT_mapf-map_room-64-64-8_map-_home_max_Documents_PhD_MAPF_LNS_MAPF_LNS_SAT_mapf-scen-even_scen-even_room-64-64-8-even-1_scen-agents10-idx15-seed42-1783617173130,0,2,2,2,617,173,5,622,1,4,9,9,0.037000,0.020000,0.012714,0,0,1,78,416
_home_max_Documents_PhD_MAPF_LNS_MAPF_LNS_SAT_mapf-map_room-64-64-8_map-_home_max_Documents_PhD_MAPF_LNS_MAPF_LNS_SAT_mapf-scen-even_scen-even_room-64-64-8-even-1_scen-agents10-idx15-seed42-1783617173130,0,2,2,3,622,173,0,622,0,0,9,9,0.004000,0.004000,0.000000,0,0,0,0,0
_home_max_Documents_PhD_MAPF_LNS_MAPF_LNS_SAT_mapf-map_room-64-64-8_map-_home_max_Documents_PhD_MAPF_LNS_MAPF_LNS_SAT_mapf-scen-even_scen-even_room-64-64-8-even-1_scen-agents10-idx15-seed42-1783617173130,0,2,3,1,2840,382,6,2846,4,2,13,11,1.128000,1.104000,0.066085,0,1,1,106,490
_home_max_Documents_PhD_MAPF_LNS_MAPF_LNS_SAT_mapf-map_room-64-64-8_map-_home_max_Documents_PhD_MAPF_LNS_MAPF_LNS_SAT_mapf-scen-even_scen-even_room-64-64-8-even-1_scen-agents10-idx15-seed42-1783617173130,0,2,3,2,2846,382,6,2852,1,5,14,16,0.092000,0.072000,0.022147,0,0,1,137,869
_home_max_Documents_PhD_MAPF_LNS_MAPF_LNS_SAT_mapf-map_room-64-64-8_map-_home_max_Documents_PhD_MAPF_LNS_MAPF_LNS_SAT_mapf-scen-even_scen-even_room-64-64-8-even-1_scen-agents10-idx15-seed42-1783617173130,0,2,3,3,2852,382,4,2856,3,1,17,17,0.078000,0.055000,0.045294,0,0,1,196,1492
_home_max_Documents_PhD_MAPF_LNS_MAPF_LNS_SAT_mapf-map_room-64-64-8_map-_home_max_Documents_PhD_MAPF_LNS_MAPF_LNS_SAT_mapf-scen-even_scen-even_room-64-64-8-even-1_scen-agents10-idx15-seed42-1783617173130,0,2,3,4,2856,382,0,2856,0,0,17,17,0.011000,0.011000,0.002675,0,0,0,200,1579
_home_max_Documents_PhD_MAPF_LNS_MAPF_LNS_SAT_mapf-map_room-64-64-8_map-_home_max_Documents_PhD_MAPF_LNS_MAPF_LNS_SAT_mapf-scen-even_scen-even_room-64-64-8-even-1_scen-agents10-idx15-seed42-1783617173130,0,2,4,1,10624,850,8,10632,5,3,22,20,4.343000,4.298000,0.147263,0,1,1,207,981
_home_max_Documents_PhD_MAPF_LNS_MAPF_LNS_SAT_mapf-map_room-64-64-8_map-_home_max_Documents_PhD_MAPF_LNS_MAPF_LNS_SAT_mapf-scen-even_scen-even_room-64-64-8-even-1_scen-agents10-idx15-seed42-1783617173130,0,2,4,2,10632,850,6,10638,5,1,27,21,0.092000,0.065000,0.051310,0,0,1,383,2170
_home_max_Documents_PhD_MAPF_LNS_MAPF_LNS_SAT_mapf-map_room-64-64-8_map-_home_max_Documents_PhD_MAPF_LNS_MAPF_LNS_SAT_mapf-scen-even_scen-even_room-64-64-8-even-1_scen-agents10-idx15-seed42-1783617173130,0,2,4,3,10638,850,3,10641,2,1,29,22,0.078000,0.055000,0.047732,0,0,1,483,3065
_home_max_Documents_PhD_MAPF_LNS_MAPF_LNS_SAT_mapf-map_room-64-64-8_map-_home_max_Documents_PhD_MAPF_LNS_MAPF_LNS_SAT_mapf-scen-even_scen-even_room-64-64-8-even-1_scen-agents10-idx15-seed42-1783617173130,0,2,4,4,10641,850,2,10643,1,1,30,23,0.078000,0.058000,0.052434,0,0,1,565,3956
_home_max_Documents_PhD_MAPF_LNS_MAPF_LNS_SAT_mapf-map_room-64-64-8_map-_home_max_Documents_PhD_MAPF_LNS_MAPF_LNS_SAT_mapf-scen-even_scen-even_room-64-64-8-even-1_scen-agents10-idx15-seed42-1783617173130,0,2,4,5,10643,850,1,10644,1,0,31,23,0.070000,0.050000,0.045307,0,0,1,659,4814
_home_max_Documents_PhD_MAPF_LNS_MAPF_LNS_SAT_mapf-map_room-64-64-8_map-_home_max_Documents_PhD_MAPF_LNS_MAPF_LNS_SAT_mapf-scen-even_scen-even_room-64-64-8-even-1_scen-agents10-idx15-seed42-1783617173130,0,2,4,6,10644,850,1,10645,1,0,32,23,0.061000,0.043000,0.039116,0,0,1,721,5588
_home_max_Documents_PhD_MAPF_LNS_MAPF_LNS_SAT_mapf-map_room-64-64-8_map-_home_max_Documents_PhD_MAPF_LNS_MAPF_LNS_SAT_mapf-scen-even_scen-even_room-64-64-8-even-1_scen-agents10-idx15-seed42-1783617173130,0,2,4,7,10645,850,1,10646,1,0,33,23,0.062000,0.043000,0.039409,0,0,1,784,6358
_home_max_Documents_PhD_MAPF_LNS_MAPF_LNS_SAT_mapf-map_room-64-64-8_map-_home_max_Documents_PhD_MAPF_LNS_MAPF_LNS_SAT_mapf-scen-even_scen-even_room-64-64-8-even-1_scen-agents10-idx15-seed42-1783617173130,0,2,4,8,10646,850,1,10647,1,0,34,23,0.057000,0.040000,0.036059,0,0,1,848,7128
_home_max_Documents_PhD_MAPF_LNS_MAPF_LNS_SAT_mapf-map_room-64-64-8_map-_home_max_Documents_PhD_MAPF_LNS_MAPF_LNS_SAT_mapf-scen-even_scen-even_room-64-64-8-even-1_scen-agents10-idx15-seed42-1783617173130,0,2,4,9,10647,850,1,10648,0,1,34,24,0.062000,0.044000,0.040140,0,0,1,913,7916
_home_max_Documents_PhD_MAPF_LNS_MAPF_LNS_SAT_mapf-map_room-64-64-8_map-_home_max_Documents_PhD_MAPF_LNS_MAPF_LNS_SAT_mapf-scen-even_scen-even_room-64-64-8-even-1_scen-agents10-idx15-seed42-1783617173130,0,2,4,10,10648,850,1,10649,1,0,35,24,0.061000,0.039000,0.034930,0,0,1,980,8686
_home_max_Documents_PhD_MAPF_LNS_MAPF_LNS_SAT_mapf-map_room-64-64-8_map-_home_max_Documents_PhD_MAPF_LNS_MAPF_LNS_SAT_mapf-scen-even_scen-even_room-64-64-8-even-1_scen-agents10-idx15-seed42-1783617173130,0,2,4,11,10649,850,4,10653,2,2,37,26,0.069000,0.049000,0.045994,0,0,1,1050,9814
_home_max_Documents_PhD_MAPF_LNS_MAPF_LNS_SAT_mapf-map_room-64-64-8_map-_home_max_Documents_PhD_MAPF_LNS_MAPF_LNS_SAT_mapf-scen-even_scen-even_room-64-64-8-even-1_scen-agents10-idx15-seed42-1783617173130,0,2,4,12,10653,850,2,10655,2,0,39,26,0.099000,0.081000,0.074298,0,0,1,1181,11350
_home_max_Documents_PhD_MAPF_LNS_MAPF_LNS_SAT_mapf-map_room-64-64-8_map-_home_max_Documents_PhD_MAPF_LNS_MAPF_LNS_SAT_mapf-scen-even_scen-even_room-64-64-8-even-1_scen-agents10-idx15-seed42-1783617173130,0,2,4,13,10655,850,1,10656,0,1,39,27,0.060000,0.042000,0.037794,0,0,1,1250,12105
_home_max_Documents_PhD_MAPF_LNS_MAPF_LNS_SAT_mapf-map_room-64-64-8_map-_home_max_Documents_PhD_MAPF_LNS_MAPF_LNS_SAT_mapf-scen-even_scen-even_room-64-64-8-even-1_scen-agents10-idx15-seed42-1783617173130,0,2,4,14,10656,850,1,10657,1,0,40,27,0.068000,0.052000,0.047401,0,0,1,1365,13040
_home_max_Documents_PhD_MAPF_LNS_MAPF_LNS_SAT_mapf-map_room-64-64-8_map-_home_max_Documents_PhD_MAPF_LNS_MAPF_LNS_SAT_mapf-scen-even_scen-even_room-64-64-8-even-1_scen-agents10-idx15-seed42-1783617173130,0,2,4,15,10657,850,1,10658,1,0,41,27,0.067000,0.048000,0.044952,0,0,1,1458,13794
_home_max_Documents_PhD_MAPF_LNS_MAPF_LNS_SAT_mapf-map_room-64-64-8_map-_home_max_Documents_PhD_MAPF_LNS_MAPF_LNS_SAT_mapf-scen-even_scen-even_room-64-64-8-even-1_scen-agents10-idx15-seed42-1783617173130,0,2,4,16,10658,850,0,10658,0,0,41,27,0.059000,0.043000,0.039955,0,0,1,1556,14548
_home_max_Documents_PhD_MAPF_LNS_MAPF_LNS_SAT_mapf-map_room-64-64-8_map-_home_max_Documents_PhD_MAPF_LNS_MAPF_LNS_SAT_mapf-scen-even_scen-even_room-64-64-8-even-1_scen-agents10-idx15-seed42-1783617173130,0,0,0,1,10,6,1,11,0,1,0,1,0.018000,0.013000,0.000637,0,1,1,1,6
_home_max_Documents_PhD_MAPF_LNS_MAPF_LNS_SAT_mapf-map_room-64-64-8_map-_home_max_Documents_PhD_MAPF_LNS_MAPF_LNS_SAT_mapf-scen-even_scen-even_room-64-64-8-even-1_scen-agents10-idx15-seed42-1783617173130,0,0,0,2,11,6,0,11,0,0,0,1,0.002000,0.001000,0.000000,0,0,0,0,0
_home_max_Documents_PhD_MAPF_LNS_MAPF_LNS_SAT_mapf-map_room-64-64-8_map-_home_max_Documents_PhD_MAPF_LNS_MAPF_LNS_SAT_mapf-scen-even_scen-even_room-64-64-8-even-1_scen-agents10-idx15-seed42-1783617173130,0,0,1,1,19,10,1,20,1,0,1,1,0.023000,0.018000,0.001203,0,1,1,2,10
_home_max_Documents_PhD_MAPF_LNS_MAPF_LNS_SAT_mapf-map_room-64-64-8_map-_home_max_Documents_PhD_MAPF_LNS_MAPF_LNS_SAT_mapf-scen-even_scen-even_room-64-64-8-even-1_scen-agents10-idx15-seed42-1783617173130,0,0,1,2,20,10,0,20,0,0,1,1,0.001000,0.001000,0.000000,0,0,0,0,0
_home_max_Documents_PhD_MAPF_LNS_MAPF_LNS_SAT_mapf-map_room-64-64-8_map-_home_max_Documents_PhD_MAPF_LNS_MAPF_LNS_SAT_mapf-scen-even_scen-even_room-64-64-8-even-1_scen-agents10-idx15-seed42-1783617173130,0,1,0,1,29,16,1,30,0,1,0,1,0.025000,0.017000,0.000411,0,1,1,1,16
_home_max_Documents_PhD_MAPF_LNS_MAPF_LNS_SAT_mapf-map_room-64-64-8_map-_home_max_Documents_PhD_MAPF_LNS_MAPF_LNS_SAT_mapf-scen-even_scen-even_room-64-64-8-even-1_scen-agents10-idx15-seed42-1783617173130,0,1,0,2,30,16,0,30,0,0,0,1,0.001000,0.001000,0.000000,0,0,0,0,0
_home_max_Documents_PhD_MAPF_LNS_MAPF_LNS_SAT_mapf-map_room-64-64-8_map-_home_max_Documents_PhD_MAPF_LNS_MAPF_LNS_SAT_mapf-scen-even_scen-even_room-64-64-8-even-1_scen-agents10-idx15-seed42-1783617173130,0,1,1,1,46,24,1,47,1,0,1,1,0.035000,0.028000,0.001644,0,1,1,2,24
_home_max_Documents_PhD_MAPF_LNS_MAPF_LNS_SAT_mapf-map_room-64-64-8_map-_home_max_Documents_PhD_MAPF_LNS_MAPF_LNS_SAT_mapf-scen-even_scen-even_room-64-64-8-even-1_scen-agents10-idx15-seed42-1783617173130,0,1,1,2,47,24,0,47,0,0,1,1,0.001000,0.001000,0.000000,0,0,0,0,0
_home_max_Documents_PhD_MAPF_LNS_MAPF_LNS_SAT_mapf-map_room-64-64-8_map-_home_max_Documents_PhD_MAPF_LNS_MAPF_LNS_SAT_mapf-scen-even_scen-even_room-64-64-8-even-1_scen-agents10-idx15-seed42-1783617173130,0,2,0,1,519,106,2,521,0,2,0,2,0.250000,0.230000,0.012896,0,1,1,11,106
_home_max_Documents_PhD_MAPF_LNS_MAPF_LNS_SAT_mapf-map_room-64-64-8_map-_home_max_Documents_PhD_MAPF_LNS_MAPF_LNS_SAT_mapf-scen-even_scen-even_room-64-64-8-even-1_scen-agents10-idx15-seed42-1783617173130,0,2,0,2,521,106,2,523,2,0,2,2,0.026000,0.014000,0.009378,0,0,1,28,209
_home_max_Documents_PhD_MAPF_LNS_MAPF_LNS_SAT_mapf-map_room-64-64-8_map-_home_max_Documents_PhD_MAPF_LNS_MAPF_LNS_SAT_mapf-scen-even_scen-even_room-64-64-8-even-1_scen-agents10-idx15-seed42-1783617173130,0,2,0,3,523,106,2,525,0,2,2,4,0.021000,0.010000,0.006379,0,0,1,45,293
_home_max_Documents_PhD_MAPF_LNS_MAPF_LNS_SAT_mapf-map_room-64-64-8_map-_home_max_Documents_PhD_MAPF_LNS_MAPF_LNS_SAT_mapf-scen-even_scen-even_room-64-64-8-even-1_scen-agents10-idx15-seed42-1783617173130,0,2,0,4,525,106,2,527,2,0,4,4,0.023000,0.013000,0.009270,0,0,1,58,408
_home_max_Documents_PhD_MAPF_LNS_MAPF_LNS_SAT_mapf-map_room-64-64-8_map-_home_max_Documents_PhD_MAPF_LNS_MAPF_LNS_SAT_mapf-scen-even_scen-even_room-64-64-8-even-1_scen-agents10-idx15-seed42-1783617173130,0,2,0,5,527,106,1,528,0,1,4,5,0.020000,0.010000,0.006632,0,0,1,63,515
_home_max_Documents_PhD_MAPF_LNS_MAPF_LNS_SAT_mapf-map_room-64-64-8_map-_home_max_Documents_PhD_MAPF_LNS_MAPF_LNS_SAT_mapf-scen-even_scen-even_room-64-64-8-even-1_scen-agents10-idx15-seed42-1783617173130,0,2,0,6,528,106,0,528,0,0,4,5,0.001000,0.001000,0.000000,0,0,0,0,0
_home_max_Documents_PhD_MAPF_LNS_MAPF_LNS_SAT_mapf-map_room-64-64-8_map-_home_max_Documents_PhD_MAPF_LNS_MAPF_LNS_SAT_mapf-scen-even_scen-even_room-64-64-8-even-1_scen-agents10-idx15-seed42-1783617173130,0,2,1,1,570,126,3,573,3,0,7,5,0.271000,0.257000,0.011444,0,1,1,13,126
_home_max_Documents_PhD_MAPF_LNS_MAPF_LNS_SAT_mapf-map_room-64-64-8_map-_home_max_Documents_PhD_MAPF_LNS_MAPF_LNS_SAT_mapf-scen-even_scen-even_room-64-64-8-even-1_scen-agents10-idx15-seed42-1783617173130,0,2,1,2,573,126,2,575,2,0,9,5,0.033000,0.021000,0.016775,0,0,1,61,351
_home_max_Documents_PhD_MAPF_LNS_MAPF_LNS_SAT_mapf-map_room-64-64-8_map-_home_max_Documents_PhD_MAPF_LNS_MAPF_LNS_SAT_mapf-scen-even_scen-even_room-64-64-8-even-1_scen-agents10-idx15-seed42-1783617173130,0,2,1,3,575,126,2,577,2,0,11,5,0.029000,0.019000,0.015282,0,0,1,85,530
_home_max_Documents_PhD_MAPF_LNS_MAPF_LNS_SAT_mapf-map_room-64-64-8_map-_home_max_Documents_PhD_MAPF_LNS_MAPF_LNS_SAT_mapf-scen-even_scen-even_room-64-64-8-even-1_scen-agents10-idx15-seed42-1783617173130,0,2,1,4,577,126,2,579,0,2,11,7,0.029000,0.015000,0.011632,0,0,1,96,706
_home_max_Documents_PhD_MAPF_LNS_MAPF_LNS_SAT_mapf-map_room-64-64-8_map-_home_max_Documents_PhD_MAPF_LNS_MAPF_LNS_SAT_mapf-scen-even_scen-even_room-64-64-8-even-1_scen-agents10-idx15-seed42-1783617173130,0,2,1,5,579,126,1,580,0,1,11,8,0.030000,0.021000,0.017044,0,0,1,133,927
_home_max_Documents_PhD_MAPF_LNS_MAPF_LNS_SAT_mapf-map_room-64-64-8_map-_home_max_Documents_PhD_MAPF_LNS_MAPF_LNS_SAT_mapf-scen-even_scen-even_room-64-64-8-even-1_scen-agents10-idx15-seed42-1783617173130,0,2,1,6,580,126,0,580,0,0,11,8,0.001000,0.001000,0.000000,0,0,0,0,0
_home_max_Documents_PhD_MAPF_LNS_MAPF_LNS_SAT_mapf-map_room-64-64-8_map-_home_max_Documents_PhD_MAPF_LNS_MAPF_LNS_SAT_mapf-scen-even_scen-even_room-64-64-8-even-1_scen-agents10-idx15-seed42-1783617173130,0,3,0,1,836,186,1,837,0,1,0,1,0.392000,0.362000,0.015428,0,1,1,56,186
_home_max_Documents_PhD_MAPF_LNS_MAPF_LNS_SAT_mapf-map_room-64-64-8_map-_home_max_Documents_PhD_MAPF_LNS_MAPF_LNS_SAT_mapf-scen-even_scen-even_room-64-64-8-even-1_scen-agents10-idx15-seed42-1783617173130,0,3,0,2,837,186,2,839,0,2,0,3,0.029000,0.013000,0.008667,0,0,1,113,346
_home_max_Documents_PhD_MAPF_LNS_MAPF_LNS_SAT_mapf-map_room-64-64-8_map-_home_max_Documents_PhD_MAPF_LNS_MAPF_LNS_SAT_mapf-scen-even_scen-even_room-64-64-8-even-1_scen-agents10-idx15-seed42-1783617173130,0,3,0,3,839,186,2,841,2,0,2,3,0.025000,0.011000,0.007398,0,0,1,157,506
_home_max_Documents_PhD_MAPF_LNS_MAPF_LNS_SAT_mapf-map_room-64-64-8_map-_home_max_Documents_PhD_MAPF_LNS_MAPF_LNS_SAT_mapf-scen-even_scen-even_room-64-64-8-even-1_scen-agents10-idx15-seed42-1783617173130,0,3,0,4,841,186,1,842,0,1,2,4,0.023000,0.010000,0.006459,0,0,1,196,666
_home_max_Documents_PhD_MAPF_LNS_MAPF_LNS_SAT_mapf-map_room-64-64-8_map-_home_max_Documents_PhD_MAPF_LNS_MAPF_LNS_SAT_mapf-scen-even_scen-even_room-64-64-8-even-1_scen-agents10-idx15-seed42-1783617173130,0,3,0,5,842,186,2,844,2,0,4,4,0.028000,0.015000,0.011747,0,0,1,238,856
_home_max_Documents_PhD_MAPF_LNS_MAPF_LNS_SAT_mapf-map_room-64-64-8_map-_home_max_Documents_PhD_MAPF_LNS_MAPF_LNS_SAT_mapf-scen-even_scen-even_room-64-64-8-even-1_scen-agents10-idx15-seed42-1783617173130,0,3,0,6,844,186,0,844,0,0,4,4,0.007000,0.006000,0.003926,0,0,0,247,908
_home_max_Documents_PhD_MAPF_LNS_MAPF_LNS_SAT_mapf-map_room-64-64-8_map-_home_max_Documents_PhD_MAPF_LNS_MAPF_LNS_SAT_mapf-scen-even_scen-even_room-64-64-8-even-1_scen-agents10-idx15-seed42-1783617173130,0,3,1,1,953,223,2,955,2,0,6,4,0.428000,0.409000,0.021741,0,1,1,62,228
_home_max_Documents_PhD_MAPF_LNS_MAPF_LNS_SAT_mapf-map_room-64-64-8_map-_home_max_Documents_PhD_MAPF_LNS_MAPF_LNS_SAT_mapf-scen-even_scen-even_room-64-64-8-even-1_scen-agents10-idx15-seed42-1783617173130,0,3,1,2,955,223,2,957,2,0,8,4,0.036000,0.020000,0.015759,0,0,1,136,501
_home_max_Documents_PhD_MAPF_LNS_MAPF_LNS_SAT_mapf-map_room-64-64-8_map-_home_max_Documents_PhD_MAPF_LNS_MAPF_LNS_SAT_mapf-scen-even_scen-even_room-64-64-8-even-1_scen-agents10-idx15-seed42-1783617173130,0,3,1,3,957,223,2,959,0,2,8,6,0.029000,0.015000,0.011620,0,0,1,174,712
_home_max_Documents_PhD_MAPF_LNS_MAPF_LNS_SAT_mapf-map_room-64-64-8_map-_home_max_Documents_PhD_MAPF_LNS_MAPF_LNS_SAT_mapf-scen-even_scen-even_room-64-64-8-even-1_scen-agents10-idx15-seed42-1783617173130,0,3,1,4,959,223,1,960,1,0,9,6,0.047000,0.034000,0.029265,0,0,1,239,1123
_home_max_Documents_PhD_MAPF_LNS_MAPF_LNS_SAT_mapf-map_room-64-64-8_map-_home_max_Documents_PhD_MAPF_LNS_MAPF_LNS_SAT_mapf-scen-even_scen-even_room-64-64-8-even-1_scen-agents10-idx15-seed42-1783617173130,0,3,1,5,960,223,1,961,0,1,9,7,0.028000,0.015000,0.011642,0,0,1,273,1321
_home_max_Documents_PhD_MAPF_LNS_MAPF_LNS_SAT_mapf-map_room-64-64-8_map-_home_max_Documents_PhD_MAPF_LNS_MAPF_LNS_SAT_mapf-scen-even_scen-even_room-64-64-8-even-1_scen-agents10-idx15-seed42-1783617173130,0,3,1,6,961,223,0,961,0,0,9,7,0.007000,0.006000,0.004550,0,0,0,276,1356
_home_max_Documents_PhD_MAPF_LNS_MAPF_LNS_SAT_mapf-map_room-64-64-8_map-_home_max_Documents_PhD_MAPF_LNS_MAPF_LNS_SAT_mapf-scen-even_scen-even_room-64-64-8-even-1_scen-agents10-idx15-seed42-1783617173130,0,4,0,1,3483,416,3,3486,2,1,2,1,1.362000,1.286000,0.042505,0,1,1,34,416
_home_max_Documents_PhD_MAPF_LNS_MAPF_LNS_SAT_mapf-map_room-64-64-8_map-_home_max_Documents_PhD_MAPF_LNS_MAPF_LNS_SAT_mapf-scen-even_scen-even_room-64-64-8-even-1_scen-agents10-idx15-seed42-1783617173130,0,4,0,2,3486,416,3,3489,1,2,3,3,0.052000,0.032000,0.024470,0,0,1,78,830
_home_max_Documents_PhD_MAPF_LNS_MAPF_LNS_SAT_mapf-map_room-64-64-8_map-_home_max_Documents_PhD_MAPF_LNS_MAPF_LNS_SAT_mapf-scen-even_scen-even_room-64-64-8-even-1_scen-agents10-idx15-seed42-1783617173130,0,4,0,3,3489,416,3,3492,2,1,5,4,0.055000,0.036000,0.030157,0,0,1,147,1305
_home_max_Documents_PhD_MAPF_LNS_MAPF_LNS_SAT_mapf-map_room-64-64-8_map-_home_max_Documents_PhD_MAPF_LNS_MAPF_LNS_SAT_mapf-scen-even_scen-even_room-64-64-8-even-1_scen-agents10-idx15-seed42-1783617173130,0,4,0,4,3492,416,2,3494,1,1,6,5,0.068000,0.050000,0.044936,0,0,1,247,1866
_home_max_Documents_PhD_MAPF_LNS_MAPF_LNS_SAT_mapf-map_room-64-64-8_map-_home_max_Documents_PhD_MAPF_LNS_MAPF_LNS_SAT_mapf-scen-even_scen-even_room-64-64-8-even-1_scen-agents10-idx15-seed42-1783617173130,0,4,0,5,3494,416,1,3495,0,1,6,6,0.046000,0.030000,0.025769,0,0,1,291,2246
_home_max_Documents_PhD_MAPF_LNS_MAPF_LNS_SAT_mapf-map_room-64-64-8_map-_home_max_Documents_PhD_MAPF_LNS_MAPF_LNS_SAT_mapf-scen-even_scen-even_room-64-64-8-even-1_scen-agents10-idx15-seed42-1783617173130,0,4,0,6,3495,416,2,3497,0,2,6,8,0.064000,0.047000,0.042948,0,0,1,355,2875
_home_max_Documents_PhD_MAPF_LNS_MAPF_LNS_SAT_mapf-map_room-64-64-8_map-_home_max_Documents_PhD_MAPF_LNS_MAPF_LNS_SAT_mapf-scen-even_scen-even_room-64-64-8-even-1_scen-agents10-idx15-seed42-1783617173130,0,4,0,7,3497,416,2,3499,2,0,8,8,0.048000,0.031000,0.027236,0,0,1,392,3351
_home_max_Documents_PhD_MAPF_LNS_MAPF_LNS_SAT_mapf-map_room-64-64-8_map-_home_max_Documents_PhD_MAPF_LNS_MAPF_LNS_SAT_mapf-scen-even_scen-even_room-64-64-8-even-1_scen-agents10-idx15-seed42-1783617173130,0,4,0,8,3499,416,1,3500,0,1,8,9,0.047000,0.032000,0.024733,0,0,1,441,3730
_home_max_Documents_PhD_MAPF_LNS_MAPF_LNS_SAT_mapf-map_room-64-64-8_map-_home_max_Documents_PhD_MAPF_LNS_MAPF_LNS_SAT_mapf-scen-even_scen-even_room-64-64-8-even-1_scen-agents10-idx15-seed42-1783617173130,0,4,0,9,3500,416,0,3500,0,0,8,9,0.001000,0.001000,0.000000,0,0,0,0,0
_home_max_Documents_PhD_MAPF_LNS_MAPF_LNS_SAT_mapf-map_room-64-64-8_map-_home_max_Documents_PhD_MAPF_LNS_MAPF_LNS_SAT_mapf-scen-even_scen-even_room-64-64-8-even-1_scen-agents10-idx15-seed42-1783617173130,0,5,0,1,5001,589,2,5003,2,0,2,0,2.004000,1.824000,0.061634,0,1,1,90,589
_home_max_Documents_PhD_MAPF_LNS_MAPF_LNS_SAT_mapf-map_room-64-64-8_map-_home_max_Documents_PhD_MAPF_LNS_MAPF_LNS_SAT_mapf-scen-even_scen-even_room-64-64-8-even-1_scen-agents10-idx15-seed42-1783617173130,0,5,0,2,5003,589,2,5005,2,0,4,0,0.053000,0.030000,0.022621,0,0,1,183,1144
_home_max_Documents_PhD_MAPF_LNS_MAPF_LNS_SAT_mapf-map_room-64-64-8_map-_home_max_Documents_PhD_MAPF_LNS_MAPF_LNS_SAT_mapf-scen-even_scen-even_room-64-64-8-even-1_scen-agents10-idx15-seed42-1783617173130,0,5,0,3,5005,589,2,5007,0,2,4,2,0.046000,0.025000,0.020412,0,0,1,278,1697
_home_max_Documents_PhD_MAPF_LNS_MAPF_LNS_SAT_mapf-map_room-64-64-8_map-_home_max_Documents_PhD_MAPF_LNS_MAPF_LNS_SAT_mapf-scen-even_scen-even_room-64-64-8-even-1_scen-agents10-idx15-seed42-1783617173130,0,5,0,4,5007,589,2,5009,2,0,6,2,0.045000,0.024000,0.019123,0,0,1,372,2248
_home_max_Documents_PhD_MAPF_LNS_MAPF_LNS_SAT_mapf-map_room-64-64-8_map-_home_max_Documents_PhD_MAPF_LNS_MAPF_LNS_SAT_mapf-scen-even_scen-even_room-64-64-8-even-1_scen-agents10-idx15-seed42-1783617173130,0,5,0,5,5009,589,2,5011,1,1,7,3,0.043000,0.023000,0.018967,0,0,1,449,2799
_home_max_Documents_PhD_MAPF_LNS_MAPF_LNS_SAT_mapf-map_room-64-64-8_map-_home_max_Documents_PhD_MAPF_LNS_MAPF_LNS_SAT_mapf-scen-even_scen-even_room-64-64-8-even-1_scen-agents10-idx15-seed42-1783617173130,0,5,0,6,5011,589,2,5013,1,1,8,4,0.043000,0.024000,0.019218,0,0,1,521,3348
_home_max_Documents_PhD_MAPF_LNS_MAPF_LNS_SAT_mapf-map_room-64-64-8_map-_home_max_Documents_PhD_MAPF_LNS_MAPF_LNS_SAT_mapf-scen-even_scen-even_room-64-64-8-even-1_scen-agents10-idx15-seed42-1783617173130,0,5,0,7,5013,589,2,5015,0,2,8,6,0.063000,0.043000,0.038958,0,0,1,643,4160
_home_max_Documents_PhD_MAPF_LNS_MAPF_LNS_SAT_mapf-map_room-64-64-8_map-_home_max_Documents_PhD_MAPF_LNS_MAPF_LNS_SAT_mapf-scen-even_scen-even_room-64-64-8-even-1_scen-agents10-idx15-seed42-1783617173130,0,5,0,8,5015,589,1,5016,0,1,8,7,0.060000,0.040000,0.034771,0,0,1,731,4778
_home_max_Documents_PhD_MAPF_LNS_MAPF_LNS_SAT_mapf-map_room-64-64-8_map-_home_max_Documents_PhD_MAPF_LNS_MAPF_LNS_SAT_mapf-scen-even_scen-even_room-64-64-8-even-1_scen-agents10-idx15-seed42-1783617173130,0,5,0,9,5016,589,0,5016,0,0,8,7,0.007000,0.006000,0.004859,0,0,0,732,4905
_home_max_Documents_PhD_MAPF_LNS_MAPF_LNS_SAT_mapf-map_room-64-64-8_map-_home_max_Documents_PhD_MAPF_LNS_MAPF_LNS_SAT_mapf-scen-even_scen-even_room-64-64-8-even-1_scen-agents10-idx15-seed42-1783617173130,0,6,0,1,16489,1120,11,16500,8,3,8,3,6.438000,6.266000,0.158002,0,1,1,84,1120
_home_max_Documents_PhD_MAPF_LNS_MAPF_LNS_SAT_mapf-map_room-64-64-8_map-_home_max_Documents_PhD_MAPF_LNS_MAPF_LNS_SAT_mapf-scen-even_scen-even_room-64-64-8-even-1_scen-agents10-idx15-seed42-1783617173130,0,6,0,2,16500,1120,5,16505,3,2,11,5,0.113000,0.082000,0.069790,0,0,1,183,2362
_home_max_Documents_PhD_MAPF_LNS_MAPF_LNS_SAT_mapf-map_room-64-64-8_map-_home_max_Documents_PhD_MAPF_LNS_MAPF_LNS_SAT_mapf-scen-even_scen-even_room-64-64-8-even-1_scen-agents10-idx15-seed42-1783617173130,0,6,0,3,16505,1120,4,16509,1,3,12,8,0.138000,0.109000,0.100410,0,0,1,353,3785
_home_max_Documents_PhD_MAPF_LNS_MAPF_LNS_SAT_mapf-map_room-64-64-8_map-_home_max_Documents_PhD_MAPF_LNS_MAPF_LNS_SAT_mapf-scen-even_scen-even_room-64-64-8-even-1_scen-agents10-idx15-seed42-1783617173130,0,6,0,4,16509,1120,4,16513,4,0,16,8,0.159000,0.133000,0.126180,0,0,1,510,5830
_home_max_Documents_PhD_MAPF_LNS_MAPF_LNS_SAT_mapf-map_room-64-64-8_map-_home_max_Documents_PhD_MAPF_LNS_MAPF_LNS_SAT_mapf-scen-even_scen-even_room-64-64-8-even-1_scen-agents10-idx15-seed42-1783617173130,0,6,0,5,16513,1120,2,16515,0,2,16,10,0.136000,0.111000,0.104171,0,0,1,671,7695
_home_max_Documents_PhD_MAPF_LNS_MAPF_LNS_SAT_mapf-map_room-64-64-8_map-_home_max_Documents_PhD_MAPF_LNS_MAPF_LNS_SAT_mapf-scen-even_scen-even_room-64-64-8-even-1_scen-agents10-idx15-seed42-1783617173130,0,6,0,6,16515,1120,2,16517,1,1,17,11,0.099000,0.074000,0.069279,0,0,1,790,8893
_home_max_Documents_PhD_MAPF_LNS_MAPF_LNS_SAT_mapf-map_room-64-64-8_map-_home_max_Documents_PhD_MAPF_LNS_MAPF_LNS_SAT_mapf-scen-even_scen-even_room-64-64-8-even-1_scen-agents10-idx15-seed42-1783617173130,0,6,0,7,16517,1120,2,16519,1,1,18,12,0.084000,0.060000,0.055407,0,0,1,868,9830
_home_max_Documents_PhD_MAPF_LNS_MAPF_LNS_SAT_mapf-map_room-64-64-8_map-_home_max_Documents_PhD_MAPF_LNS_MAPF_LNS_SAT_mapf-scen-even_scen-even_room-64-64-8-even-1_scen-agents10-idx15-seed42-1783617173130,0,6,0,8,16519,1120,1,16520,0,1,18,13,0.084000,0.061000,0.055580,0,0,1,948,10767
_home_max_Documents_PhD_MAPF_LNS_MAPF_LNS_SAT_mapf-map_room-64-64-8_map-_home_max_Documents_PhD_MAPF_LNS_MAPF_LNS_SAT_mapf-scen-even_scen-even_room-64-64-8-even-1_scen-agents10-idx15-seed42-1783617173130,0,6,0,9,16520,1120,1,16521,1,0,19,13,0.093000,0.069000,0.064229,0,0,1,1027,11903
_home_max_Documents_PhD_MAPF_LNS_MAPF_LNS_SAT_mapf-map_room-64-64-8_map-_home_max_Documents_PhD_MAPF_LNS_MAPF_LNS_SAT_mapf-scen-even_scen-even_room-64-64-8-even-1_scen-agents10-idx15-seed42-1783617173130,0,6,0,10,16521,1120,0,16521,0,0,19,13,0.001000,0.001000,0.000000,0,0,0,0,0
_home_max_Documents_PhD_MAPF_LNS_MAPF_LNS_SAT_mapf-map_room-64-64-8_map-_home_max_Documents_PhD_MAPF_LNS_MAPF_LNS_SAT_mapf-scen-even_scen-even_room-64-64-8-even-1_scen-agents10-idx15-seed42-1783617173130,0,7,0,1,25225,1588,1,25226,0,1,0,1,9.961000,9.727000,0.240068,0,1,1,172,1588
_home_max_Documents_PhD_MAPF_LNS_MAPF_LNS_SAT_mapf-map_room-64-64-8_map-_home_max_Documents_PhD_MAPF_LNS_MAPF_LNS_SAT_mapf-scen-even_scen-even_room-64-64-8-even-1_scen-agents10-idx15-seed42-1783617173130,0,7,0,2,25226,1588,2,25228,0,2,0,3,0.110000,0.070000,0.063453,0,0,1,345,3121
_home_max_Documents_PhD_MAPF_LNS_MAPF_LNS_SAT_mapf-map_room-64-64-8_map-_home_max_Documents_PhD_MAPF_LNS_MAPF_LNS_SAT_mapf-scen-even_scen-even_room-64-64-8-even-1_scen-agents10-idx15-seed42-1783617173130,0,7,0,3,25228,1588,2,25230,2,0,2,3,0.092000,0.061000,0.054531,0,0,1,519,4654
_home_max_Documents_PhD_MAPF_LNS_MAPF_LNS_SAT_mapf-map_room-64-64-8_map-_home_max_Documents_PhD_MAPF_LNS_MAPF_LNS_SAT_mapf-scen-even_scen-even_room-64-64-8-even-1_scen-agents10-idx15-seed42-1783617173130,0,7,0,4,25230,1588,1,25231,0,1,2,4,0.084000,0.056000,0.050089,0,0,1,692,6187
_home_max_Documents_PhD_MAPF_LNS_MAPF_LNS_SAT_mapf-map_room-64-64-8_map-_home_max_Documents_PhD_MAPF_LNS_MAPF_LNS_SAT_mapf-scen-even_scen-even_room-64-64-8-even-1_scen-agents10-idx15-seed42-1783617173130,0,7,0,5,25231,1588,2,25233,2,0,4,4,0.084000,0.056000,0.051013,0,0,1,866,7718
_home_max_Documents_PhD_MAPF_LNS_MAPF_LNS_SAT_mapf-map_room-64-64-8_map-_home_max_Documents_PhD_MAPF_LNS_MAPF_LNS_SAT_mapf-scen-even_scen-even_room-64-64-8-even-1_scen-agents10-idx15-seed42-1783617173130,0,7,0,6,25233,1588,1,25234,0,1,4,5,0.081000,0.054000,0.048680,0,0,1,1035,9249
_home_max_Documents_PhD_MAPF_LNS_MAPF_LNS_SAT_mapf-map_room-64-64-8_map-_home_max_Documents_PhD_MAPF_LNS_MAPF_LNS_SAT_mapf-scen-even_scen-even_room-64-64-8-even-1_scen-agents10-idx15-seed42-1783617173130,0,7,0,7,25234,1588,1,25235,1,0,5,5,0.077000,0.049000,0.044948,0,0,1,1201,10778
_home_max_Documents_PhD_MAPF_LNS_MAPF_LNS_SAT_mapf-map_room-64-64-8_map-_home_max_Documents_PhD_MAPF_LNS_MAPF_LNS_SAT_mapf-scen-even_scen-even_room-64-64-8-even-1_scen-agents10-idx15-seed42-1783617173130,0,7,0,8,25235,1588,2,25237,1,1,6,6,0.077000,0.049000,0.044282,0,0,1,1358,12307
_home_max_Documents_PhD_MAPF_LNS_MAPF_LNS_SAT_mapf-map_room-64-64-8_map-_home_max_Documents_PhD_MAPF_LNS_MAPF_LNS_SAT_mapf-scen-even_scen-even_room-64-64-8-even-1_scen-agents10-idx15-seed42-1783617173130,0,7,0,9,25237,1588,3,25240,2,1,8,7,0.148000,0.119000,0.113794,0,0,1,1576,14263
_home_max_Documents_PhD_MAPF_LNS_MAPF_LNS_SAT_mapf-map_room-64-64-8_map-_home_max_Documents_PhD_MAPF_LNS_MAPF_LNS_SAT_mapf-scen-even_scen-even_room-64-64-8-even-1_scen-agents10-idx15-seed42-1783617173130,0,7,0,10,25240,1588,2,25242,1,1,9,8,0.162000,0.133000,0.126792,0,0,1,1827,16559
_home_max_Documents_PhD_MAPF_LNS_MAPF_LNS_SAT_mapf-map_room-64-64-8_map-_home_max_Documents_PhD_MAPF_LNS_MAPF_LNS_SAT_mapf-scen-even_scen-even_room-64-64-8-even-1_scen-agents10-idx15-seed42-1783617173130,0,7,0,11,25242,1588,0,25242,0,0,9,8,0.001000,0.001000,0.000000,0,0,0,0,0
_home_max_Documents_PhD_MAPF_LNS_MAPF_LNS_SAT_mapf-map_room-64-64-8_map-_home_max_Documents_PhD_MAPF_LNS_MAPF_LNS_SAT_mapf-scen-even_scen-even_room-64-64-8-even-1_scen-agents10-idx15-seed42-1783617173130,0,8,0,1,35583,2114,2,35585,0,2,0,2,14.323000,13.971000,0.327931,0,1,1,258,2114
_home_max_Documents_PhD_MAPF_LNS_MAPF_LNS_SAT_mapf-map_room-64-64-8_map-_home_max_Documents_PhD_MAPF_LNS_MAPF_LNS_SAT_mapf-scen-even_scen-even_room-64-64-8-even-1_scen-agents10-idx15-seed42-1783617173130,0,8,0,2,35585,2114,3,35588,1,2,1,4,0.145000,0.100000,0.092137,0,0,1,525,4180
_home_max_Documents_PhD_MAPF_LNS_MAPF_LNS_SAT_mapf-map_room-64-64-8_map-_home_max_Documents_PhD_MAPF_LNS_MAPF_LNS_SAT_mapf-scen-even_scen-even_room-64-64-8-even-1_scen-agents10-idx15-seed42-1783617173130,0,8,0,3,35588,2114,9,35597,7,2,8,6,0.148000,0.103000,0.094736,0,0,1,778,6307
_home_max_Documents_PhD_MAPF_LNS_MAPF_LNS_SAT_mapf-map_room-64-64-8_map-_home_max_Documents_PhD_MAPF_LNS_MAPF_LNS_SAT_mapf-scen-even_scen-even_room-64-64-8-even-1_scen-agents10-idx15-seed42-1783617173130,0,8,0,4,35597,2114,7,35604,5,2,13,8,0.189000,0.145000,0.135153,0,0,1,1105,9507
_home_max_Documents_PhD_MAPF_LNS_MAPF_LNS_SAT_mapf-map_room-64-64-8_map-_home_max_Documents_PhD_MAPF_LNS_MAPF_LNS_SAT_mapf-scen-even_scen-even_room-64-64-8-even-1_scen-agents10-idx15-seed42-1783617173130,0,8,0,5,35604,2114,2,35606,2,0,15,8,0.137000,0.100000,0.089878,0,0,1,1341,11550
_home_max_Documents_PhD_MAPF_LNS_MAPF_LNS_SAT_mapf-map_room-64-64-8_map-_home_max_Documents_PhD_MAPF_LNS_MAPF_LNS_SAT_mapf-scen-even_scen-even_room-64-64-8-even-1_scen-agents10-idx15-seed42-1783617173130,0,8,0,6,35606,2114,1,35607,1,0,16,8,0.149000,0.115000,0.109411,0,0,1,1601,13947
_home_max_Documents_PhD_MAPF_LNS_MAPF_LNS_SAT_mapf-map_room-64-64-8_map-_home_max_Documents_PhD_MAPF_LNS_MAPF_LNS_SAT_mapf-scen-even_scen-even_room-64-64-8-even-1_scen-agents10-idx15-seed42-1783617173130,0,8,0,7,35607,2114,1,35608,0,1,16,9,0.133000,0.100000,0.094827,0,0,1,1901,15973
_home_max_Documents_PhD_MAPF_LNS_MAPF_LNS_SAT_mapf-map_room-64-64-8_map-_home_max_Documents_PhD_MAPF_LNS_MAPF_LNS_SAT_mapf-scen-even_scen-even_room-64-64-8-even-1_scen-agents10-idx15-seed42-1783617173130,0,8,0,8,35608,2114,1,35609,1,0,17,9,0.161000,0.126000,0.120222,0,0,1,2281,18019
_home_max_Documents_PhD_MAPF_LNS_MAPF_LNS_SAT_mapf-map_room-64-64-8_map-_home_max_Documents_PhD_MAPF_LNS_MAPF_LNS_SAT_mapf-scen-even_scen-even_room-64-64-8-even-1_scen-agents10-idx15-seed42-1783617173130,0,8,0,9,35609,2114,2,35611,2,0,19,9,0.196000,0.159000,0.153457,0,0,1,2581,21161
_home_max_Documents_PhD_MAPF_LNS_MAPF_LNS_SAT_mapf-map_room-64-64-8_map-_home_max_Documents_PhD_MAPF_LNS_MAPF_LNS_SAT_mapf-scen-even_scen-even_room-64-64-8-even-1_scen-agents10-idx15-seed42-1783617173130,0,8,0,10,35611,2114,2,35613,1,1,20,10,0.133000,0.097000,0.089965,0,0,1,2776,23125
_home_max_Documents_PhD_MAPF_LNS_MAPF_LNS_SAT_mapf-map_room-64-64-8_map-_home_max_Documents_PhD_MAPF_LNS_MAPF_LNS_SAT_mapf-scen-even_scen-even_room-64-64-8-even-1_scen-agents10-idx15-seed42-1783617173130,0,8,0,11,35613,2114,1,35614,1,0,21,10,0.127000,0.094000,0.088040,0,0,1,2952,25114
_home_max_Documents_PhD_MAPF_LNS_MAPF_LNS_SAT_mapf-map_room-64-64-8_map-_home_max_Documents_PhD_MAPF_LNS_MAPF_LNS_SAT_mapf-scen-even_scen-even_room-64-64-8-even-1_scen-agents10-idx15-seed42-1783617173130,0,8,0,12,35614,2114,0,35614,0,0,21,10,0.004000,0.003000,0.000000,0,0,0,0,0
_home_max_Documents_PhD_MAPF_LNS_MAPF_LNS_SAT_mapf-map_room-64-64-8_map-_home_max_Documents_PhD_MAPF_LNS_MAPF_LNS_SAT_mapf-scen-even_scen-even_room-64-64-8-even-1_scen-agents10-idx15-seed42-1783617173130,0,9,0,1,52973,2867,4,52977,2,2,2,2,22.126000,21.605000,0.470625,0,1,1,269,2867
_home_max_Documents_PhD_MAPF_LNS_MAPF_LNS_SAT_mapf-map_room-64-64-8_map-_home_max_Documents_PhD_MAPF_LNS_MAPF_LNS_SAT_mapf-scen-even_scen-even_room-64-64-8-even-1_scen-agents10-idx15-seed42-1783617173130,0,9,0,2,52977,2867,5,52982,1,4,3,6,0.198000,0.137000,0.124895,0,0,1,552,5686
_home_max_Documents_PhD_MAPF_LNS_MAPF_LNS_SAT_mapf-map_room-64-64-8_map-_home_max_Documents_PhD_MAPF_LNS_MAPF_LNS_SAT_mapf-scen-even_scen-even_room-64-64-8-even-1_scen-agents10-idx15-seed42-1783617173130,0,9,0,3,52982,2867,4,52986,4,0,7,6,0.187000,0.138000,0.128878,0,0,1,860,8557
_home_max_Documents_PhD_MAPF_LNS_MAPF_LNS_SAT_mapf-map_room-64-64-8_map-_home_max_Documents_PhD_MAPF_LNS_MAPF_LNS_SAT_mapf-scen-even_scen-even_room-64-64-8-even-1_scen-agents10-idx15-seed42-1783617173130,0,9,0,4,52986,2867,4,52990,2,2,9,8,0.260000,0.207000,0.199254,0,0,1,1475,13035
_home_max_Documents_PhD_MAPF_LNS_MAPF_LNS_SAT_mapf-map_room-64-64-8_map-_home_max_Documents_PhD_MAPF_LNS_MAPF_LNS_SAT_mapf-scen-even_scen-even_room-64-64-8-even-1_scen-agents10-idx15-seed42-1783617173130,0,9,0,5,52990,2867,5,52995,2,3,11,11,0.205000,0.156000,0.146858,0,0,1,1913,16196
_home_max_Documents_PhD_MAPF_LNS_MAPF_LNS_SAT_mapf-map_room-64-64-8_map-_home_max_Documents_PhD_MAPF_LNS_MAPF_LNS_SAT_mapf-scen-even_scen-even_room-64-64-8-even-1_scen-agents10-idx15-seed42-1783617173130,0,9,0,6,52995,2867,5,53000,3,2,14,13,0.230000,0.181000,0.172572,0,0,1,2309,19561
_home_max_Documents_PhD_MAPF_LNS_MAPF_LNS_SAT_mapf-map_room-64-64-8_map-_home_max_Documents_PhD_MAPF_LNS_MAPF_LNS_SAT_mapf-scen-even_scen-even_room-64-64-8-even-1_scen-agents10-idx15-seed42-1783617173130,0,9,0,7,53000,2867,3,53003,3,0,17,13,0.277000,0.222000,0.211227,0,0,1,2777,23695
_home_max_Documents_PhD_MAPF_LNS_MAPF_LNS_SAT_mapf-map_room-64-64-8_map-_home_max_Documents_PhD_MAPF_LNS_MAPF_LNS_SAT_mapf-scen-even_scen-even_room-64-64-8-even-1_scen-agents10-idx15-seed42-1783617173130,0,9,0,8,53003,2867,2,53005,2,0,19,13,0.199000,0.155000,0.143927,0,0,1,2963,26475
_home_max_Documents_PhD_MAPF_LNS_MAPF_LNS_SAT_mapf-map_room-64-64-8_map-_home_max_Documents_PhD_MAPF_LNS_MAPF_LNS_SAT_mapf-scen-even_scen-even_room-64-64-8-even-1_scen-agents10-idx15-seed42-1783617173130,0,9,0,9,53005,2867,1,53006,1,0,20,13,0.255000,0.210000,0.203228,0,0,1,3241,31130
_home_max_Documents_PhD_MAPF_LNS_MAPF_LNS_SAT_mapf-map_room-64-64-8_map-_home_max_Documents_PhD_MAPF_LNS_MAPF_LNS_SAT_mapf-scen-even_scen-even_room-64-64-8-even-1_scen-agents10-idx15-seed42-1783617173130,0,9,0,10,53006,2867,1,53007,1,0,21,13,0.187000,0.144000,0.136755,0,0,1,3467,34156
_home_max_Documents_PhD_MAPF_LNS_MAPF_LNS_SAT_mapf-map_room-64-64-8_map-_home_max_Documents_PhD_MAPF_LNS_MAPF_LNS_SAT_mapf-scen-even_scen-even_room-64-64-8-even-1_scen-agents10-idx15-seed42-1783617173130,0,9,0,11,53007,2867,1,53008,1,0,22,13,0.160000,0.118000,0.108346,0,0,1,3649,36508
_home_max_Documents_PhD_MAPF_LNS_MAPF_LNS_SAT_mapf-map_room-64-64-8_map-_home_max_Documents_PhD_MAPF_LNS_MAPF_LNS_SAT_mapf-scen-even_scen-even_room-64-64-8-even-1_scen-agents10-idx15-seed42-1783617173130,0,9,0,12,53008,2867,0,53008,0,0,22,13,0.001000,0.001000,0.000000,0,0,0,0,0
_home_max_Documents_PhD_MAPF_LNS_MAPF_LNS_SAT_mapf-map_room-64-64-8_map-_home_max_Documents_PhD_MAPF_LNS_MAPF_LNS_SAT_mapf-scen-even_scen-even_room-64-64-8-even-1_scen-agents10-idx15-seed42-1783617173130,0,10,0,1,61385,3268,4,61389,2,2,2,2,23.679000,23.079000,0.543144,0,1,1,302,3268
_home_max_Documents_PhD_MAPF_LNS_MAPF_LNS_SAT_mapf-map_room-64-64-8_map-_home_max_Documents_PhD_MAPF_LNS_MAPF_LNS_SAT_mapf-scen-even_scen-even_room-64-64-8-even-1_scen-agents10-idx15-seed42-1783617173130,0,10,0,2,61389,3268,5,61394,1,4,3,6,0.224000,0.155000,0.142309,0,0,1,622,6474
_home_max_Documents_PhD_MAPF_LNS_MAPF_LNS_SAT_mapf-map_room-64-64-8_map-_home_max_Documents_PhD_MAPF_LNS_MAPF_LNS_SAT_mapf-scen-even_scen-even_room-64-64-8-even-1_scen-agents10-idx15-seed42-1783617173130,0,10,0,3,61394,3268,4,61398,4,0,7,6,0.217000,0.161000,0.150469,0,0,1,915,9732
_home_max_Documents_PhD_MAPF_LNS_MAPF_LNS_SAT_mapf-map_room-64-64-8_map-_home_max_Documents_PhD_MAPF_LNS_MAPF_LNS_SAT_mapf-scen-even_scen-even_room-64-64-8-even-1_scen-agents10-idx15-seed42-1783617173130,0,10,0,4,61398,3268,3,61401,0,3,7,9,0.223000,0.168000,0.158708,0,0,1,1217,13125
_home_max_Documents_PhD_MAPF_LNS_MAPF_LNS_SAT_mapf-map_room-64-64-8_map-_home_max_Documents_PhD_MAPF_LNS_MAPF_LNS_SAT_mapf-scen-even_scen-even_room-64-64-8-even-1_scen-agents10-idx15-seed42-1783617173130,0,10,0,5,61401,3268,3,61404,3,0,10,9,0.229000,0.172000,0.163837,0,0,1,1628,16361
_home_max_Documents_PhD_MAPF_LNS_MAPF_LNS_SAT_mapf-map_room-64-64-8_map-_home_max_Documents_PhD_MAPF_LNS_MAPF_LNS_SAT_mapf-scen-even_scen-even_room-64-64-8-even-1_scen-agents10-idx15-seed42-1783617173130,0,10,0,6,61404,3268,3,61407,2,1,12,10,0.358000,0.301000,0.293264,0,0,1,2514,23232
_home_max_Documents_PhD_MAPF_LNS_MAPF_LNS_SAT_mapf-map_room-64-64-8_map-_home_max_Documents_PhD_MAPF_LNS_MAPF_LNS_SAT_mapf-scen-even_scen-even_room-64-64-8-even-1_scen-agents10-idx15-seed42-1783617173130,0,10,0,7,61407,3268,3,61410,1,2,13,12,0.232000,0.178000,0.166119,0,0,1,2883,26398
_home_max_Documents_PhD_MAPF_LNS_MAPF_LNS_SAT_mapf-map_room-64-64-8_map-_home_max_Documents_PhD_MAPF_LNS_MAPF_LNS_SAT_mapf-scen-even_scen-even_room-64-64-8-even-1_scen-agents10-idx15-seed42-1783617173130,0,10,0,8,61410,3268,4,61414,4,0,17,12,0.372000,0.311000,0.300293,0,0,1,3260,32781
_home_max_Documents_PhD_MAPF_LNS_MAPF_LNS_SAT_mapf-map_room-64-64-8_map-_home_max_Documents_PhD_MAPF_LNS_MAPF_LNS_SAT_mapf-scen-even_scen-even_room-64-64-8-even-1_scen-agents10-idx15-seed42-1783617173130,0,10,0,9,61414,3268,1,61415,0,1,17,13,0.248000,0.193000,0.181466,0,0,1,3448,36657
_home_max_Documents_PhD_MAPF_LNS_MAPF_LNS_SAT_mapf-map_room-64-64-8_map-_home_max_Documents_PhD_MAPF_LNS_MAPF_LNS_SAT_mapf-scen-even_scen-even_room-64-64-8-even-1_scen-agents10-idx15-seed42-1783617173130,0,10,0,10,61415,3268,1,61416,1,0,18,13,0.197000,0.136000,0.129294,0,0,1,3621,39614
_home_max_Documents_PhD_MAPF_LNS_MAPF_LNS_SAT_mapf-map_room-64-64-8_map-_home_max_Documents_PhD_MAPF_LNS_MAPF_LNS_SAT_mapf-scen-even_scen-even_room-64-64-8-even-1_scen-agents10-idx15-seed42-1783617173130,0,10,0,11,61416,3268,0,61416,0,0,18,13,0.002000,0.001000,0.000000,0,0,0,0,0
_home_max_Documents_PhD_MAPF_LNS_MAPF_LNS_SAT_mapf-map_room-64-64-8_map-_home_max_Documents_PhD_MAPF_LNS_MAPF_LNS_SAT_mapf-scen-even_scen-even_room-64-64-8-even-1_scen-agents10-idx15-seed42-1783617173130,0,11,0,1,74066,3781,5,74071,3,2,3,2,28.768000,28.033000,0.635583,0,1,1,394,3781
_home_max_Documents_PhD_MAPF_LNS_MAPF_LNS_SAT_mapf-map_room-64-64-8_map-_home_max_Documents_PhD_MAPF_LNS_MAPF_LNS_SAT_mapf-scen-even_scen-even_room-64-64-8-even-1_scen-agents10-idx15-seed42-1783617173130,0,11,0,2,74071,3781,6,74077,3,3,6,5,0.265000,0.178000,0.157110,0,0,1,787,7458
_home_max_Documents_PhD_MAPF_LNS_MAPF_LNS_SAT_mapf-map_room-64-64-8_map-_home_max_Documents_PhD_MAPF_LNS_MAPF_LNS_SAT_mapf-scen-even_scen-even_room-64-64-8-even-1_scen-agents10-idx15-seed42-1783617173130,0,11,0,3,74077,3781,6,74083,3,3,9,8,0.226000,0.152000,0.141381,0,0,1,1177,11091
_home_max_Documents_PhD_MAPF_LNS_MAPF_LNS_SAT_mapf-map_room-64-64-8_map-_home_max_Documents_PhD_MAPF_LNS_MAPF_LNS_SAT_mapf-scen-even_scen-even_room-64-64-8-even-1_scen-agents10-idx15-seed42-1783617173130,0,11,0,4,74083,3781,5,74088,3,2,12,10,0.218000,0.148000,0.136458,0,0,1,1564,14722
_home_max_Documents_PhD_MAPF_LNS_MAPF_LNS_SAT_mapf-map_room-64-64-8_map-_home_max_Documents_PhD_MAPF_LNS_MAPF_LNS_SAT_mapf-scen-even_scen-even_room-64-64-8-even-1_scen-agents10-idx15-seed42-1783617173130,0,11,0,5,74088,3781,5,74093,2,3,14,13,0.205000,0.140000,0.130906,0,0,1,1949,18350
_home_max_Documents_PhD_MAPF_LNS_MAPF_LNS_SAT_mapf-map_room-64-64-8_map-_home_max_Documents_PhD_MAPF_LNS_MAPF_LNS_SAT_mapf-scen-even_scen-even_room-64-64-8-even-1_scen-agents10-idx15-seed42-1783617173130,0,11,0,6,74093,3781,5,74098,4,1,18,14,0.205000,0.140000,0.130387,0,0,1,2329,21976
_home_max_Documents_PhD_MAPF_LNS_MAPF_LNS_SAT_mapf-map_room-64-64-8_map-_home_max_Documents_PhD_MAPF_LNS_MAPF_LNS_SAT_mapf-scen-even_scen-even_room-64-64-8-even-1_scen-agents10-idx15-seed42-1783617173130,0,11,0,7,74098,3781,4,74102,1,3,19,17,0.204000,0.139000,0.130421,0,0,1,2704,25600
_home_max_Documents_PhD_MAPF_LNS_MAPF_LNS_SAT_mapf-map_room-64-64-8_map-_home_max_Documents_PhD_MAPF_LNS_MAPF_LNS_SAT_mapf-scen-even_scen-even_room-64-64-8-even-1_scen-agents10-idx15-seed42-1783617173130,0,11,0,8,74102,3781,4,74106,3,1,22,18,0.193000,0.131000,0.123050,0,0,1,3077,29221
_home_max_Documents_PhD_MAPF_LNS_MAPF_LNS_SAT_mapf-map_room-64-64-8_map-_home_max_Documents_PhD_MAPF_LNS_MAPF_LNS_SAT_mapf-scen-even_scen-even_room-64-64-8-even-1_scen-agents10-idx15-seed42-1783617173130,0,11,0,9,74106,3781,4,74110,2,2,24,20,0.193000,0.131000,0.123156,0,0,1,3410,32841
_home_max_Documents_PhD_MAPF_LNS_MAPF_LNS_SAT_mapf-map_room-64-64-8_map-_home_max_Documents_PhD_MAPF_LNS_MAPF_LNS_SAT_mapf-scen-even_scen-even_room-64-64-8-even-1_scen-agents10-idx15-seed42-1783617173130,0,11,0,10,74110,3781,4,74114,2,2,26,22,0.186000,0.125000,0.117011,0,0,1,3728,36459
_home_max_Documents_PhD_MAPF_LNS_MAPF_LNS_SAT_mapf-map_room-64-64-8_map-_home_max_Documents_PhD_MAPF_LNS_MAPF_LNS_SAT_mapf-scen-even_scen-even_room-64-64-8-even-1_scen-agents10-idx15-seed42-1783617173130,0,11,0,11,74114,3781,3,74117,2,1,28,23,0.286000,0.223000,0.214702,0,0,1,4170,40755
_home_max_Documents_PhD_MAPF_LNS_MAPF_LNS_SAT_mapf-map_room-64-64-8_map-_home_max_Documents_PhD_MAPF_LNS_MAPF_LNS_SAT_mapf-scen-even_scen-even_room-64-64-8-even-1_scen-agents10-idx15-seed42-1783617173130,0,11,0,12,74117,3781,0,74117,0,0,28,23,0.055000,0.054000,0.050532,0,0,0,4273,41674
_home_max_Documents_PhD_MAPF_LNS_MAPF_LNS_SAT_mapf-map_room-64-64-8_map-_home_max_Documents_PhD_MAPF_LNS_MAPF_LNS_SAT_mapf-scen-even_scen-even_room-64-64-8-even-1_scen-agents10-idx15-seed42-1783617173130,0,12,0,1,98454,4600,5,98459,3,2,3,2,42.697000,41.572000,0.857300,0,1,1,438,4600
_home_max_Documents_PhD_MAPF_LNS_MAPF_LNS_SAT_mapf-map_room-64-64-8_map-_home_max_Documents_PhD_MAPF_LNS_MAPF_LNS_SAT_mapf-scen-even_scen-even_room-64-64-8-even-1_scen-agents10-idx15-seed42-1783617173130,0,12,0,2,98459,4600,6,98465,3,3,6,5,0.355000,0.239000,0.209780,0,0,1,875,9094
_home_max_Documents_PhD_MAPF_LNS_MAPF_LNS_SAT_mapf-map_room-64-64-8_map-_home_max_Documents_PhD_MAPF_LNS_MAPF_LNS_SAT_mapf-scen-even_scen-even_room-64-64-8-even-1_scen-agents10-idx15-seed42-1783617173130,0,12,0,3,98465,4600,6,98471,3,3,9,8,0.281000,0.193000,0.179774,0,0,1,1309,13525
_home_max_Documents_PhD_MAPF_LNS_MAPF_LNS_SAT_mapf-map_room-64-64-8_map-_home_max_Documents_PhD_MAPF_LNS_MAPF_LNS_SAT_mapf-scen-even_scen-even_room-64-64-8-even-1_scen-agents10-idx15-seed42-1783617173130,0,12,0,4,98471,4600,5,98476,3,2,12,10,0.257000,0.175000,0.163078,0,0,1,1740,17954
_home_max_Documents_PhD_MAPF_LNS_MAPF_LNS_SAT_mapf-map_room-64-64-8_map-_home_max_Documents_PhD_MAPF_LNS_MAPF_LNS_SAT_mapf-scen-even_scen-even_room-64-64-8-even-1_scen-agents10-idx15-seed42-1783617173130,0,12,0,5,98476,4600,5,98481,2,3,14,13,0.255000,0.175000,0.164645,0,0,1,2169,22380
_home_max_Documents_PhD_MAPF_LNS_MAPF_LNS_SAT_mapf-map_room-64-64-8_map-_home_max_Documents_PhD_MAPF_LNS_MAPF_LNS_SAT_mapf-scen-even_scen-even_room-64-64-8-even-1_scen-agents10-idx15-seed42-1783617173130,0,12,0,6,98481,4600,5,98486,4,1,18,14,0.250000,0.170000,0.160115,0,0,1,2592,26804
_home_max_Documents_PhD_MAPF_LNS_MAPF_LNS_SAT_mapf-map_room-64-64-8_map-_home_max_Documents_PhD_MAPF_LNS_MAPF_LNS_SAT_mapf-scen-even_scen-even_room-64-64-8-even-1_scen-agents10-idx15-seed42-1783617173130,0,12,0,7,98486,4600,4,98490,1,3,19,17,0.251000,0.174000,0.164031,0,0,1,3007,31226
_home_max_Documents_PhD_MAPF_LNS_MAPF_LNS_SAT_mapf-map_room-64-64-8_map-_home_max_Documents_PhD_MAPF_LNS_MAPF_LNS_SAT_mapf-scen-even_scen-even_room-64-64-8-even-1_scen-agents10-idx15-seed42-1783617173130,0,12,0,8,98490,4600,4,98494,3,1,22,18,0.241000,0.167000,0.157110,0,0,1,3421,35645
_home_max_Documents_PhD_MAPF_LNS_MAPF_LNS_SAT_mapf-map_room-64-64-8_map-_home_max_Documents_PhD_MAPF_LNS_MAPF_LNS_SAT_mapf-scen-even_scen-even_room-64-64-8-even-1_scen-agents10-idx15-seed42-1783617173130,0,12,0,9,98494,4600,4,98498,2,2,24,20,0.244000,0.170000,0.160805,0,0,1,3794,40063
_home_max_Documents_PhD_MAPF_LNS_MAPF_LNS_SAT_mapf-map_room-64-64-8_map-_home_max_Documents_PhD_MAPF_LNS_MAPF_LNS_SAT_mapf-scen-even_scen-even_room-64-64-8-even-1_scen-agents10-idx15-seed42-1783617173130,0,12,0,10,98498,4600,4,98502,2,2,26,22,0.234000,0.159000,0.150054,0,0,1,4151,44479
_home_max_Documents_PhD_MAPF_LNS_MAPF_LNS_SAT_mapf-map_room-64-64-8_map-_home_max_Documents_PhD_MAPF_LNS_MAPF_LNS_SAT_mapf-scen-even_scen-even_room-64-64-8-even-1_scen-agents10-idx15-seed42-1783617173130,0,12,0,11,98502,4600,2,98504,2,0,28,22,0.344000,0.262000,0.252626,0,0,1,4652,49647
_home_max_Documents_PhD_MAPF_LNS_MAPF_LNS_SAT_mapf-map_room-64-64-8_map-_home_max_Documents_PhD_MAPF_LNS_MAPF_LNS_SAT_mapf-scen-even_scen-even_room-64-64-8-even-1_scen-agents10-idx15-seed42-1783617173130,0,12,0,12,98504,4600,0,98504,0,0,28,22,0.057000,0.056000,0.053256,0,0,0,4749,50650
_home_max_Documents_PhD_MAPF_LNS_MAPF_LNS_SAT_mapf-map_room-64-64-8_map-_home_max_Documents_PhD_MAPF_LNS_MAPF_LNS_SAT_mapf-scen-even_scen-even_room-64-64-8-even-1_scen-agents10-idx15-seed42-1783617173130,0,13,0,1,113198,5161,5,113203,3,2,3,2,46.876000,45.621000,0.986762,0,1,1,473,5161
_home_max_Documents_PhD_MAPF_LNS_MAPF_LNS_SAT_mapf-map_room-64-64-8_map-_home_max_Documents_PhD_MAPF_LNS_MAPF_LNS_SAT_mapf-scen-even_scen-even_room-64-64-8-even-1_scen-agents10-idx15-seed42-1783617173130,0,13,0,2,113203,5161,6,113209,3,3,6,5,0.405000,0.259000,0.231063,0,0,1,945,10212
_home_max_Documents_PhD_MAPF_LNS_MAPF_LNS_SAT_mapf-map_room-64-64-8_map-_home_max_Documents_PhD_MAPF_LNS_MAPF_LNS_SAT_mapf-scen-even_scen-even_room-64-64-8-even-1_scen-agents10-idx15-seed42-1783617173130,0,13,0,3,113209,5161,6,113215,3,3,9,8,0.315000,0.222000,0.207766,0,0,1,1414,15195
_home_max_Documents_PhD_MAPF_LNS_MAPF_LNS_SAT_mapf-map_room-64-64-8_map-_home_max_Documents_PhD_MAPF_LNS_MAPF_LNS_SAT_mapf-scen-even_scen-even_room-64-64-8-even-1_scen-agents10-idx15-seed42-1783617173130,0,13,0,4,113215,5161,5,113220,3,2,12,10,0.287000,0.197000,0.185845,0,0,1,1880,20176
_home_max_Documents_PhD_MAPF_LNS_MAPF_LNS_SAT_mapf-map_room-64-64-8_map-_home_max_Documents_PhD_MAPF_LNS_MAPF_LNS_SAT_mapf-scen-even_scen-even_room-64-64-8-even-1_scen-agents10-idx15-seed42-1783617173130,0,13,0,5,113220,5161,5,113225,2,3,14,13,0.292000,0.204000,0.193135,0,0,1,2344,25154
_home_max_Documents_PhD_MAPF_LNS_MAPF_LNS_SAT_mapf-map_room-64-64-8_map-_home_max_Documents_PhD_MAPF_LNS_MAPF_LNS_SAT_mapf-scen-even_scen-even_room-64-64-8-even-1_scen-agents10-idx15-seed42-1783617173130,0,13,0,6,113225,5161,5,113230,4,1,18,14,0.292000,0.202000,0.190462,0,0,1,2802,30130
_home_max_Documents_PhD_MAPF_LNS_MAPF_LNS_SAT_mapf-map_room-64-64-8_map-_home_max_Documents_PhD_MAPF_LNS_MAPF_LNS_SAT_mapf-scen-even_scen-even_room-64-64-8-even-1_scen-agents10-idx15-seed42-1783617173130,0,13,0,7,113230,5161,4,113234,1,3,19,17,0.285000,0.198000,0.186853,0,0,1,3253,35104
_home_max_Documents_PhD_MAPF_LNS_MAPF_LNS_SAT_mapf-map_room-64-64-8_map-_home_max_Documents_PhD_MAPF_LNS_MAPF_LNS_SAT_mapf-scen-even_scen-even_room-64-64-8-even-1_scen-agents10-idx15-seed42-1783617173130,0,13,0,8,113234,5161,4,113238,3,1,22,18,0.277000,0.195000,0.185161,0,0,1,3700,40075
_home_max_Documents_PhD_MAPF_LNS_MAPF_LNS_SAT_mapf-map_room-64-64-8_map-_home_max_Documents_PhD_MAPF_LNS_MAPF_LNS_SAT_mapf-scen-even_scen-even_room-64-64-8-even-1_scen-agents10-idx15-seed42-1783617173130,0,13,0,9,113238,5161,4,113242,2,2,24,20,0.275000,0.190000,0.180837,0,0,1,4107,45045
_home_max_Documents_PhD_MAPF_LNS_MAPF_LNS_SAT_mapf-map_room-64-64-8_map-_home_max_Documents_PhD_MAPF_LNS_MAPF_LNS_SAT_mapf-scen-even_scen-even_room-64-64-8-even-1_scen-agents10-idx15-seed42-1783617173130,0,13,0,10,113242,5161,4,113246,2,2,26,22,0.279000,0.191000,0.181996,0,0,1,4498,50013
_home_max_Documents_PhD_MAPF_LNS_MAPF_LNS_SAT_mapf-map_room-64-64-8_map-_home_max_Documents_PhD_MAPF_LNS_MAPF_LNS_SAT_mapf-scen-even_scen-even_room-64-64-8-even-1_scen-agents10-idx15-seed42-1783617173130,0,13,0,11,113246,5161,2,113248,2,0,28,22,0.374000,0.291000,0.280808,0,0,1,5130,55805
_home_max_Documents_PhD_MAPF_LNS_MAPF_LNS_SAT_mapf-map_room-64-64-8_map-_home_max_Documents_PhD_MAPF_LNS_MAPF_LNS_SAT_mapf-scen-even_scen-even_room-64-64-8-even-1_scen-agents10-idx15-seed42-1783617173130,0,13,0,12,113248,5161,0,113248,0,0,28,22,0.061000,0.060000,0.057259,0,0,0,5230,56909
_home_max_Documents_PhD_MAPF_LNS_MAPF_LNS_SAT_mapf-map_room-64-64-8_map-_home_max_Documents_PhD_MAPF_LNS_MAPF_LNS_SAT_mapf-scen-even_scen-even_room-64-64-8-even-1_scen-agents10-idx15-seed42-1783617173130,0,14,0,1,124331,5689,7,124338,3,4,3,4,52.974000,51.653000,1.060976,0,1,1,515,5689
_home_max_Documents_PhD_MAPF_LNS_MAPF_LNS_SAT_mapf-map_room-64-64-8_map-_home_max_Documents_PhD_MAPF_LNS_MAPF_LNS_SAT_mapf-scen-even_scen-even_room-64-64-8-even-1_scen-agents10-idx15-seed42-1783617173130,0,14,0,2,124338,5689,6,124344,3,3,6,7,0.455000,0.280000,0.250297,0,0,1,1029,11259
_home_max_Documents_PhD_MAPF_LNS_MAPF_LNS_SAT_mapf-map_room-64-64-8_map-_home_max_Documents_PhD_MAPF_LNS_MAPF_LNS_SAT_mapf-scen-even_scen-even_room-64-64-8-even-1_scen-agents10-idx15-seed42-1783617173130,0,14,0,3,124344,5689,6,124350,3,3,9,10,0.355000,0.241000,0.227034,0,0,1,1540,16751
_home_max_Documents_PhD_MAPF_LNS_MAPF_LNS_SAT_mapf-map_room-64-64-8_map-_home_max_Documents_PhD_MAPF_LNS_MAPF_LNS_SAT_mapf-scen-even_scen-even_room-64-64-8-even-1_scen-agents10-idx15-seed42-1783617173130,0,14,0,4,124350,5689,5,124355,3,2,12,12,0.330000,0.220000,0.207232,0,0,1,2048,22241
_home_max_Documents_PhD_MAPF_LNS_MAPF_LNS_SAT_mapf-map_room-64-64-8_map-_home_max_Documents_PhD_MAPF_LNS_MAPF_LNS_SAT_mapf-scen-even_scen-even_room-64-64-8-even-1_scen-agents10-idx15-seed42-1783617173130,0,14,0,5,124355,5689,5,124360,2,3,14,15,0.333000,0.226000,0.214032,0,0,1,2554,27728
_home_max_Documents_PhD_MAPF_LNS_MAPF_LNS_SAT_mapf-map_room-64-64-8_map-_home_max_Documents_PhD_MAPF_LNS_MAPF_LNS_SAT_mapf-scen-even_scen-even_room-64-64-8-even-1_scen-agents10-idx15-seed42-1783617173130,0,14,0,6,124360,5689,5,124365,4,1,18,16,0.310000,0.211000,0.200050,0,0,1,3054,33213
_home_max_Documents_PhD_MAPF_LNS_MAPF_LNS_SAT_mapf-map_room-64-64-8_map-_home_max_Documents_PhD_MAPF_LNS_MAPF_LNS_SAT_mapf-scen-even_scen-even_room-64-64-8-even-1_scen-agents10-idx15-seed42-1783617173130,0,14,0,7,124365,5689,4,124369,1,3,19,19,0.311000,0.211000,0.200175,0,0,1,3549,38696
_home_max_Documents_PhD_MAPF_LNS_MAPF_LNS_SAT_mapf-map_room-64-64-8_map-_home_max_Documents_PhD_MAPF_LNS_MAPF_LNS_SAT_mapf-scen-even_scen-even_room-64-64-8-even-1_scen-agents10-idx15-seed42-1783617173130,0,14,0,8,124369,5689,4,124373,3,1,22,20,0.325000,0.215000,0.203013,0,0,1,4041,44176
_home_max_Documents_PhD_MAPF_LNS_MAPF_LNS_SAT_mapf-map_room-64-64-8_map-_home_max_Documents_PhD_MAPF_LNS_MAPF_LNS_SAT_mapf-scen-even_scen-even_room-64-64-8-even-1_scen-agents10-idx15-seed42-1783617173130,0,14,0,9,124373,5689,4,124377,2,2,24,22,0.320000,0.220000,0.208591,0,0,1,4492,49655
_home_max_Documents_PhD_MAPF_LNS_MAPF_LNS_SAT_mapf-map_room-64-64-8_map-_home_max_Documents_PhD_MAPF_LNS_MAPF_LNS_SAT_mapf-scen-even_scen-even_room-64-64-8-even-1_scen-agents10-idx15-seed42-1783617173130,0,14,0,10,124377,5689,4,124381,2,2,26,24,0.308000,0.207000,0.196711,0,0,1,4923,55132
_home_max_Documents_PhD_MAPF_LNS_MAPF_LNS_SAT_mapf-map_room-64-64-8_map-_home_max_Documents_PhD_MAPF_LNS_MAPF_LNS_SAT_mapf-scen-even_scen-even_room-64-64-8-even-1_scen-agents10-idx15-seed42-1783617173130,0,14,0,11,124381,5689,2,124383,2,0,28,24,0.429000,0.319000,0.304097,0,0,1,5553,61487
_home_max_Documents_PhD_MAPF_LNS_MAPF_LNS_SAT_mapf-map_room-64-64-8_map-_home_max_Documents_PhD_MAPF_LNS_MAPF_LNS_SAT_mapf-scen-even_scen-even_room-64-64-8-even-1_scen-agents10-idx15-seed42-1783617173130,0,14,0,12,124383,5689,0,124383,0,0,28,24,0.063000,0.063000,0.059751,0,0,0,5643,62673
_home_max_Documents_PhD_MAPF_LNS_MAPF_LNS_SAT_mapf-map_room-64-64-8_map-_home_max_Documents_PhD_MAPF_LNS_MAPF_LNS_SAT_mapf-scen-even_scen-even_room-64-64-8-even-1_scen-agents10-idx15-seed42-1783617173130,0,15,0,1,133703,6163,7,133710,3,4,3,4,54.474000,52.976000,1.144196,0,1,1,559,6163
_home_max_Documents_PhD_MAPF_LNS_MAPF_LNS_SAT_mapf-map_room-64-64-8_map-_home_max_Documents_PhD_MAPF_LNS_MAPF_LNS_SAT_mapf-scen-even_scen-even_room-64-64-8-even-1_scen-agents10-idx15-seed42-1783617173130,0,15,0,2,133710,6163,6,133716,3,3,6,7,0.493000,0.333000,0.298191,0,0,1,1117,12202
_home_max_Documents_PhD_MAPF_LNS_MAPF_LNS_SAT_mapf-map_room-64-64-8_map-_home_max_Documents_PhD_MAPF_LNS_MAPF_LNS_SAT_mapf-scen-even_scen-even_room-64-64-8-even-1_scen-agents10-idx15-seed42-1783617173130,0,15,0,3,133716,6163,6,133722,3,3,9,10,0.377000,0.254000,0.240355,0,0,1,1672,18148
_home_max_Documents_PhD_MAPF_LNS_MAPF_LNS_SAT_mapf-map_room-64-64-8_map-_home_max_Documents_PhD_MAPF_LNS_MAPF_LNS_SAT_mapf-scen-even_scen-even_room-64-64-8-even-1_scen-agents10-idx15-seed42-1783617173130,0,15,0,4,133722,6163,5,133727,3,2,12,12,0.358000,0.244000,0.229975,0,0,1,2224,24092
_home_max_Documents_PhD_MAPF_LNS_MAPF_LNS_SAT_mapf-map_room-64-64-8_map-_home_max_Documents_PhD_MAPF_LNS_MAPF_LNS_SAT_mapf-scen-even_scen-even_room-64-64-8-even-1_scen-agents10-idx15-seed42-1783617173130,0,15,0,5,133727,6163,5,133732,2,3,14,15,0.356000,0.245000,0.233748,0,0,1,2774,30033
_home_max_Documents_PhD_MAPF_LNS_MAPF_LNS_SAT_mapf-map_room-64-64-8_map-_home_max_Documents_PhD_MAPF_LNS_MAPF_LNS_SAT_mapf-scen-even_scen-even_room-64-64-8-even-1_scen-agents10-idx15-seed42-1783617173130,0,15,0,6,133732,6163,5,133737,4,1,18,16,0.347000,0.232000,0.220977,0,0,1,3318,35972
_home_max_Documents_PhD_MAPF_LNS_MAPF_LNS_SAT_mapf-map_room-64-64-8_map-_home_max_Documents_PhD_MAPF_LNS_MAPF_LNS_SAT_mapf-scen-even_scen-even_room-64-64-8-even-1_scen-agents10-idx15-seed42-1783617173130,0,15,0,7,133737,6163,4,133741,1,3,19,19,0.346000,0.239000,0.227638,0,0,1,3857,41909
_home_max_Documents_PhD_MAPF_LNS_MAPF_LNS_SAT_mapf-map_room-64-64-8_map-_home_max_Documents_PhD_MAPF_LNS_MAPF_LNS_SAT_mapf-scen-even_scen-even_room-64-64-8-even-1_scen-agents10-idx15-seed42-1783617173130,0,15,0,8,133741,6163,4,133745,3,1,22,20,0.334000,0.229000,0.217768,0,0,1,4390,47843
_home_max_Documents_PhD_MAPF_LNS_MAPF_LNS_SAT_mapf-map_room-64-64-8_map-_home_max_Documents_PhD_MAPF_LNS_MAPF_LNS_SAT_mapf-scen-even_scen-even_room-64-64-8-even-1_scen-agents10-idx15-seed42-1783617173130,0,15,0,9,133745,6163,4,133749,2,2,24,22,0.337000,0.230000,0.219545,0,0,1,4882,53776
_home_max_Documents_PhD_MAPF_LNS_MAPF_LNS_SAT_mapf-map_room-64-64-8_map-_home_max_Documents_PhD_MAPF_LNS_MAPF_LNS_SAT_mapf-scen-even_scen-even_room-64-64-8-even-1_scen-agents10-idx15-seed42-1783617173130,0,15,0,10,133749,6163,4,133753,2,2,26,24,0.333000,0.225000,0.215157,0,0,1,5357,59707
_home_max_Documents_PhD_MAPF_LNS_MAPF_LNS_SAT_mapf-map_room-64-64-8_map-_home_max_Documents_PhD_MAPF_LNS_MAPF_LNS_SAT_mapf-scen-even_scen-even_room-64-64-8-even-1_scen-agents10-idx15-seed42-1783617173130,0,15,0,11,133753,6163,7,133760,4,3,30,27,0.657000,0.529000,0.517134,0,0,1,6493,70329
_home_max_Documents_PhD_MAPF_LNS_MAPF_LNS_SAT_mapf-map_room-64-64-8_map-_home_max_Documents_PhD_MAPF_LNS_MAPF_LNS_SAT_mapf-scen-even_scen-even_room-64-64-8-even-1_scen-agents10-idx15-seed42-1783617173130,0,15,0,12,133760,6163,0,133760,0,0,30,27,0.100000,0.099000,0.089227,0,0,0,6643,72054
_home_max_Documents_PhD_MAPF_LNS_MAPF_LNS_SAT_mapf-map_room-64-64-8_map-_home_max_Documents_PhD_MAPF_LNS_MAPF_LNS_SAT_mapf-scen-even_scen-even_room-64-64-8-even-1_scen-agents10-idx15-seed42-1783617173130,0,16,0,1,143121,6621,6,143127,3,3,3,3,57.998000,56.458000,1.224613,0,1,1,653,6621
_home_max_Documents_PhD_MAPF_LNS_MAPF_LNS_SAT_mapf-map_room-64-64-8_map-_home_max_Documents_PhD_MAPF_LNS_MAPF_LNS_SAT_mapf-scen-even_scen-even_room-64-64-8-even-1_scen-agents10-idx15-seed42-1783617173130,0,16,0,2,143127,6621,7,143134,3,4,6,7,0.574000,0.396000,0.355400,0,0,1,1304,13103
_home_max_Documents_PhD_MAPF_LNS_MAPF_LNS_SAT_mapf-map_room-64-64-8_map-_home_max_Documents_PhD_MAPF_LNS_MAPF_LNS_SAT_mapf-scen-even_scen-even_room-64-64-8-even-1_scen-agents10-idx15-seed42-1783617173130,0,16,0,3,143134,6621,7,143141,4,3,10,10,0.422000,0.279000,0.261077,0,0,1,1953,19476
_home_max_Documents_PhD_MAPF_LNS_MAPF_LNS_SAT_mapf-map_room-64-64-8_map-_home_max_Documents_PhD_MAPF_LNS_MAPF_LNS_SAT_mapf-scen-even_scen-even_room-64-64-8-even-1_scen-agents10-idx15-seed42-1783617173130,0,16,0,4,143141,6621,6,143147,3,3,13,13,0.403000,0.264000,0.250034,0,0,1,2598,25847
_home_max_Documents_PhD_MAPF_LNS_MAPF_LNS_SAT_mapf-map_room-64-64-8_map-_home_max_Documents_PhD_MAPF_LNS_MAPF_LNS_SAT_mapf-scen-even_scen-even_room-64-64-8-even-1_scen-agents10-idx15-seed42-1783617173130,0,16,0,5,143147,6621,6,143153,3,3,16,16,0.403000,0.270000,0.256630,0,0,1,3236,32214
_home_max_Documents_PhD_MAPF_LNS_MAPF_LNS_SAT_mapf-map_room-64-64-8_map-_home_max_Documents_PhD_MAPF_LNS_MAPF_LNS_SAT_mapf-scen-even_scen-even_room-64-64-8-even-1_scen-agents10-idx15-seed42-1783617173130,0,16,0,6,143153,6621,6,143159,4,2,20,18,0.392000,0.261000,0.248892,0,0,1,3872,38579
_home_max_Documents_PhD_MAPF_LNS_MAPF_LNS_SAT_mapf-map_room-64-64-8_map-_home_max_Documents_PhD_MAPF_LNS_MAPF_LNS_SAT_mapf-scen-even_scen-even_room-64-64-8-even-1_scen-agents10-idx15-seed42-1783617173130,0,16,0,7,143159,6621,5,143164,2,3,22,21,0.386000,0.259000,0.246408,0,0,1,4499,44941
_home_max_Documents_PhD_MAPF_LNS_MAPF_LNS_SAT_mapf-map_room-64-64-8_map-_home_max_Documents_PhD_MAPF_LNS_MAPF_LNS_SAT_mapf-scen-even_scen-even_room-64-64-8-even-1_scen-agents10-idx15-seed42-1783617173130,0,16,0,8,143164,6621,4,143168,3,1,25,22,0.395000,0.271000,0.258152,0,0,1,5124,51300
_home_max_Documents_PhD_MAPF_LNS_MAPF_LNS_SAT_mapf-map_room-64-64-8_map-_home_max_Documents_PhD_MAPF_LNS_MAPF_LNS_SAT_mapf-scen-even_scen-even_room-64-64-8-even-1_scen-agents10-idx15-seed42-1783617173130,0,16,0,9,143168,6621,4,143172,2,2,27,24,0.379000,0.256000,0.244580,0,0,1,5662,57657
_home_max_Documents_PhD_MAPF_LNS_MAPF_LNS_SAT_mapf-map_room-64-64-8_map-_home_max_Documents_PhD_MAPF_LNS_MAPF_LNS_SAT_mapf-scen-even_scen-even_room-64-64-8-even-1_scen-agents10-idx15-seed42-1783617173130,0,16,0,10,143172,6621,4,143176,2,2,29,26,0.379000,0.249000,0.237719,0,0,1,6164,64012
_home_max_Documents_PhD_MAPF_LNS_MAPF_LNS_SAT_mapf-map_room-64-64-8_map-_home_max_Documents_PhD_MAPF_LNS_MAPF_LNS_SAT_mapf-scen-even_scen-even_room-64-64-8-even-1_scen-agents10-idx15-seed42-1783617173130,0,16,0,11,143176,6621,2,143178,2,0,31,26,0.564000,0.442000,0.428804,0,0,1,7017,73445
_home_max_Documents_PhD_MAPF_LNS_MAPF_LNS_SAT_mapf-map_room-64-64-8_map-_home_max_Documents_PhD_MAPF_LNS_MAPF_LNS_SAT_mapf-scen-even_scen-even_room-64-64-8-even-1_scen-agents10-idx15-seed42-1783617173130,0,16,0,12,143178,6621,0,143178,0,0,31,26,0.104000,0.103000,0.100042,0,0,0,7127,75624
_home_max_Documents_PhD_MAPF_LNS_MAPF_LNS_SAT_mapf-map_room-64-64-8_map-_home_max_Documents_PhD_MAPF_LNS_MAPF_LNS_SAT_mapf-scen-even_scen-even_room-64-64-8-even-1_scen-agents10-idx15-seed42-1783617173130,0,17,0,1,154337,7169,6,154343,3,3,3,3,66.366000,64.609000,1.342482,0,1,1,688,7169
_home_max_Documents_PhD_MAPF_LNS_MAPF_LNS_SAT_mapf-map_room-64-64-8_map-_home_max_Documents_PhD_MAPF_LNS_MAPF_LNS_SAT_mapf-scen-even_scen-even_room-64-64-8-even-1_scen-agents10-idx15-seed42-1783617173130,0,17,0,2,154343,7169,7,154350,3,4,6,7,0.673000,0.468000,0.414005,0,0,1,1368,14208
_home_max_Documents_PhD_MAPF_LNS_MAPF_LNS_SAT_mapf-map_room-64-64-8_map-_home_max_Documents_PhD_MAPF_LNS_MAPF_LNS_SAT_mapf-scen-even_scen-even_room-64-64-8-even-1_scen-agents10-idx15-seed42-1783617173130,0,17,0,3,154350,7169,7,154357,4,3,10,10,0.471000,0.313000,0.293783,0,0,1,2045,21122
_home_max_Documents_PhD_MAPF_LNS_MAPF_LNS_SAT_mapf-map_room-64-64-8_map-_home_max_Documents_PhD_MAPF_LNS_MAPF_LNS_SAT_mapf-scen-even_scen-even_room-64-64-8-even-1_scen-agents10-idx15-seed42-1783617173130,0,17,0,4,154357,7169,6,154363,3,3,13,13,0.455000,0.301000,0.285193,0,0,1,2719,28034
_home_max_Documents_PhD_MAPF_LNS_MAPF_LNS_SAT_mapf-map_room-64-64-8_map-_home_max_Documents_PhD_MAPF_LNS_MAPF_LNS_SAT_mapf-scen-even_scen-even_room-64-64-8-even-1_scen-agents10-idx15-seed42-1783617173130,0,17,0,5,154363,7169,6,154369,3,3,16,16,0.450000,0.295000,0.280092,0,0,1,3385,34942
_home_max_Documents_PhD_MAPF_LNS_MAPF_LNS_SAT_mapf-map_room-64-64-8_map-_home_max_Documents_PhD_MAPF_LNS_MAPF_LNS_SAT_mapf-scen-even_scen-even_room-64-64-8-even-1_scen-agents10-idx15-seed42-1783617173130,0,17,0,6,154369,7169,6,154375,4,2,20,18,0.459000,0.301000,0.286012,0,0,1,4050,41848
_home_max_Documents_PhD_MAPF_LNS_MAPF_LNS_SAT_mapf-map_room-64-64-8_map-_home_max_Documents_PhD_MAPF_LNS_MAPF_LNS_SAT_mapf-scen-even_scen-even_room-64-64-8-even-1_scen-agents10-idx15-seed42-1783617173130,0,17,0,7,154375,7169,5,154380,2,3,22,21,0.447000,0.299000,0.284551,0,0,1,4705,48751
_home_max_Documents_PhD_MAPF_LNS_MAPF_LNS_SAT_mapf-map_room-64-64-8_map-_home_max_Documents_PhD_MAPF_LNS_MAPF_LNS_SAT_mapf-scen-even_scen-even_room-64-64-8-even-1_scen-agents10-idx15-seed42-1783617173130,0,17,0,8,154380,7169,4,154384,3,1,25,22,0.442000,0.298000,0.284915,0,0,1,5359,55651
_home_max_Documents_PhD_MAPF_LNS_MAPF_LNS_SAT_mapf-map_room-64-64-8_map-_home_max_Documents_PhD_MAPF_LNS_MAPF_LNS_SAT_mapf-scen-even_scen-even_room-64-64-8-even-1_scen-agents10-idx15-seed42-1783617173130,0,17,0,9,154384,7169,4,154388,2,2,27,24,0.435000,0.288000,0.277153,0,0,1,5925,62549
_home_max_Documents_PhD_MAPF_LNS_MAPF_LNS_SAT_mapf-map_room-64-64-8_map-_home_max_Documents_PhD_MAPF_LNS_MAPF_LNS_SAT_mapf-scen-even_scen-even_room-64-64-8-even-1_scen-agents10-idx15-seed42-1783617173130,0,17,0,10,154388,7169,4,154392,2,2,29,26,0.422000,0.273000,0.261543,0,0,1,6454,69445
_home_max_Documents_PhD_MAPF_LNS_MAPF_LNS_SAT_mapf-map_room-64-64-8_map-_home_max_Documents_PhD_MAPF_LNS_MAPF_LNS_SAT_mapf-scen-even_scen-even_room-64-64-8-even-1_scen-agents10-idx15-seed42-1783617173130,0,17,0,11,154392,7169,3,154395,2,1,31,27,0.650000,0.489000,0.474860,0,0,1,7372,79107
_home_max_Documents_PhD_MAPF_LNS_MAPF_LNS_SAT_mapf-map_room-64-64-8_map-_home_max_Documents_PhD_MAPF_LNS_MAPF_LNS_SAT_mapf-scen-even_scen-even_room-64-64-8-even-1_scen-agents10-idx15-seed42-1783617173130,0,17,0,12,154395,7169,0,154395,0,0,31,27,0.123000,0.122000,0.117865,0,0,0,7480,81516
_home_max_Documents_PhD_MAPF_LNS_MAPF_LNS_SAT_mapf-map_room-64-64-8_map-_home_max_Documents_PhD_MAPF_LNS_MAPF_LNS_SAT_mapf-scen-even_scen-even_room-64-64-8-even-1_scen-agents10-idx15-seed42-1783617173130,0,18,0,1,164511,7658,6,164517,3,3,3,3,68.686000,66.821000,1.492974,0,1,1,718,7658
_home_max_Documents_PhD_MAPF_LNS_MAPF_LNS_SAT_mapf-map_room-64-64-8_map-_home_max_Documents_PhD_MAPF_LNS_MAPF_LNS_SAT_mapf-scen-even_scen-even_room-64-64-8-even-1_scen-agents10-idx15-seed42-1783617173130,0,18,0,2,164517,7658,7,164524,3,4,6,7,0.660000,0.442000,0.394288,0,0,1,1428,15178
_home_max_Documents_PhD_MAPF_LNS_MAPF_LNS_SAT_mapf-map_room-64-64-8_map-_home_max_Documents_PhD_MAPF_LNS_MAPF_LNS_SAT_mapf-scen-even_scen-even_room-64-64-8-even-1_scen-agents10-idx15-seed42-1783617173130,0,18,0,3,164524,7658,7,164531,4,3,10,10,0.517000,0.338000,0.318960,0,0,1,2135,22562
_home_max_Documents_PhD_MAPF_LNS_MAPF_LNS_SAT_mapf-map_room-64-64-8_map-_home_max_Documents_PhD_MAPF_LNS_MAPF_LNS_SAT_mapf-scen-even_scen-even_room-64-64-8-even-1_scen-agents10-idx15-seed42-1783617173130,0,18,0,4,164531,7658,6,164537,3,3,13,13,0.493000,0.318000,0.302148,0,0,1,2839,29944
_home_max_Documents_PhD_MAPF_LNS_MAPF_LNS_SAT_mapf-map_room-64-64-8_map-_home_max_Documents_PhD_MAPF_LNS_MAPF_LNS_SAT_mapf-scen-even_scen-even_room-64-64-8-even-1_scen-agents10-idx15-seed42-1783617173130,0,18,0,5,164537,7658,6,164543,3,3,16,16,0.506000,0.339000,0.323814,0,0,1,3535,37322
_home_max_Documents_PhD_MAPF_LNS_MAPF_LNS_SAT_mapf-map_room-64-64-8_map-_home_max_Documents_PhD_MAPF_LNS_MAPF_LNS_SAT_mapf-scen-even_scen-even_room-64-64-8-even-1_scen-agents10-idx15-seed42-1783617173130,0,18,0,6,164543,7658,6,164549,4,2,20,18,0.483000,0.320000,0.302859,0,0,1,4230,44698
_home_max_Documents_PhD_MAPF_LNS_MAPF_LNS_SAT_mapf-map_room-64-64-8_map-_home_max_Documents_PhD_MAPF_LNS_MAPF_LNS_SAT_mapf-scen-even_scen-even_room-64-64-8-even-1_scen-agents10-idx15-seed42-1783617173130,0,18,0,7,164549,7658,5,164554,2,3,22,21,0.484000,0.319000,0.302379,0,0,1,4915,52071
_home_max_Documents_PhD_MAPF_LNS_MAPF_LNS_SAT_mapf-map_room-64-64-8_map-_home_max_Documents_PhD_MAPF_LNS_MAPF_LNS_SAT_mapf-scen-even_scen-even_room-64-64-8-even-1_scen-agents10-idx15-seed42-1783617173130,0,18,0,8,164554,7658,4,164558,3,1,25,22,0.468000,0.315000,0.299243,0,0,1,5599,59441
_home_max_Documents_PhD_MAPF_LNS_MAPF_LNS_SAT_mapf-map_room-64-64-8_map-_home_max_Documents_PhD_MAPF_LNS_MAPF_LNS_SAT_mapf-scen-even_scen-even_room-64-64-8-even-1_scen-agents10-idx15-seed42-1783617173130,0,18,0,9,164558,7658,4,164562,2,2,27,24,0.456000,0.299000,0.283351,0,0,1,6195,66809
_home_max_Documents_PhD_MAPF_LNS_MAPF_LNS_SAT_mapf-map_room-64-64-8_map-_home_max_Documents_PhD_MAPF_LNS_MAPF_LNS_SAT_mapf-scen-even_scen-even_room-64-64-8-even-1_scen-agents10-idx15-seed42-1783617173130,0,18,0,10,164562,7658,4,164566,2,2,29,26,0.454000,0.300000,0.286443,0,0,1,6754,74175
_home_max_Documents_PhD_MAPF_LNS_MAPF_LNS_SAT_mapf-map_room-64-64-8_map-_home_max_Documents_PhD_MAPF_LNS_MAPF_LNS_SAT_mapf-scen-even_scen-even_room-64-64-8-even-1_scen-agents10-idx15-seed42-1783617173130,0,18,0,11,164566,7658,3,164569,2,1,31,27,0.662000,0.495000,0.482064,0,0,1,7561,84580
_home_max_Documents_PhD_MAPF_LNS_MAPF_LNS_SAT_mapf-map_room-64-64-8_map-_home_max_Documents_PhD_MAPF_LNS_MAPF_LNS_SAT_mapf-scen-even_scen-even_room-64-64-8-even-1_scen-agents10-idx15-seed42-1783617173130,0,18,0,12,164569,7658,0,164569,0,0,31,27,0.128000,0.127000,0.122062,0,0,0,7682,87159
_home_max_Documents_PhD_MAPF_LNS_MAPF_LNS_SAT_mapf-map_room-64-64-8_map-_home_max_Documents_PhD_MAPF_LNS_MAPF_LNS_SAT_mapf-scen-even_scen-even_room-64-64-8-even-1_scen-agents10-idx15-seed42-1783617173130,0,19,0,1,172827,8066,6,172833,3,3,3,3,73.889000,71.789000,1.535874,0,1,1,753,8066
_home_max_Documents_PhD_MAPF_LNS_MAPF_LNS_SAT_mapf-map_room-64-64-8_map-_home_max_Documents_PhD_MAPF_LNS_MAPF_LNS_SAT_mapf-scen-even_scen-even_room-64-64-8-even-1_scen-agents10-idx15-seed42-1783617173130,0,19,0,2,172833,8066,7,172840,3,4,6,7,0.684000,0.458000,0.409784,0,0,1,1505,15990
_home_max_Documents_PhD_MAPF_LNS_MAPF_LNS_SAT_mapf-map_room-64-64-8_map-_home_max_Documents_PhD_MAPF_LNS_MAPF_LNS_SAT_mapf-scen-even_scen-even_room-64-64-8-even-1_scen-agents10-idx15-seed42-1783617173130,0,19,0,3,172840,8066,7,172847,4,3,10,10,0.543000,0.354000,0.335022,0,0,1,2253,23764
_home_max_Documents_PhD_MAPF_LNS_MAPF_LNS_SAT_mapf-map_room-64-64-8_map-_home_max_Documents_PhD_MAPF_LNS_MAPF_LNS_SAT_mapf-scen-even_scen-even_room-64-64-8-even-1_scen-agents10-idx15-seed42-1783617173130,0,19,0,4,172847,8066,6,172853,3,3,13,13,0.525000,0.342000,0.324179,0,0,1,2997,31536
_home_max_Documents_PhD_MAPF_LNS_MAPF_LNS_SAT_mapf-map_room-64-64-8_map-_home_max_Documents_PhD_MAPF_LNS_MAPF_LNS_SAT_mapf-scen-even_scen-even_room-64-64-8-even-1_scen-agents10-idx15-seed42-1783617173130,0,19,0,5,172853,8066,6,172859,3,3,16,16,0.517000,0.339000,0.322475,0,0,1,3730,39304
_home_max_Documents_PhD_MAPF_LNS_MAPF_LNS_SAT_mapf-map_room-64-64-8_map-_home_max_Documents_PhD_MAPF_LNS_MAPF_LNS_SAT_mapf-scen-even_scen-even_room-64-64-8-even-1_scen-agents10-idx15-seed42-1783617173130,0,19,0,6,172859,8066,6,172865,4,2,20,18,0.509000,0.335000,0.318240,0,0,1,4462,47070
_home_max_Documents_PhD_MAPF_LNS_MAPF_LNS_SAT_mapf-map_room-64-64-8_map-_home_max_Documents_PhD_MAPF_LNS_MAPF_LNS_SAT_mapf-scen-even_scen-even_room-64-64-8-even-1_scen-agents10-idx15-seed42-1783617173130,0,19,0,7,172865,8066,5,172870,2,3,22,21,0.493000,0.323000,0.308573,0,0,1,5188,54833
_home_max_Documents_PhD_MAPF_LNS_MAPF_LNS_SAT_mapf-map_room-64-64-8_map-_home_max_Documents_PhD_MAPF_LNS_MAPF_LNS_SAT_mapf-scen-even_scen-even_room-64-64-8-even-1_scen-agents10-idx15-seed42-1783617173130,0,19,0,8,172870,8066,4,172874,3,1,25,22,0.492000,0.324000,0.310175,0,0,1,5906,62593
_home_max_Documents_PhD_MAPF_LNS_MAPF_LNS_SAT_mapf-map_room-64-64-8_map-_home_max_Documents_PhD_MAPF_LNS_MAPF_LNS_SAT_mapf-scen-even_scen-even_room-64-64-8-even-1_scen-agents10-idx15-seed42-1783617173130,0,19,0,9,172874,8066,4,172878,2,2,27,24,0.510000,0.329000,0.314989,0,0,1,6537,70351
_home_max_Documents_PhD_MAPF_LNS_MAPF_LNS_SAT_mapf-map_room-64-64-8_map-_home_max_Documents_PhD_MAPF_LNS_MAPF_LNS_SAT_mapf-scen-even_scen-even_room-64-64-8-even-1_scen-agents10-idx15-seed42-1783617173130,0,19,0,10,172878,8066,4,172882,2,2,29,26,0.486000,0.312000,0.297775,0,0,1,7129,78107
_home_max_Documents_PhD_MAPF_LNS_MAPF_LNS_SAT_mapf-map_room-64-64-8_map-_home_max_Documents_PhD_MAPF_LNS_MAPF_LNS_SAT_mapf-scen-even_scen-even_room-64-64-8-even-1_scen-agents10-idx15-seed42-1783617173130,0,19,0,11,172882,8066,2,172884,2,0,31,26,0.645000,0.462000,0.448627,0,0,1,7880,87293
_home_max_Documents_PhD_MAPF_LNS_MAPF_LNS_SAT_mapf-map_room-64-64-8_map-_home_max_Documents_PhD_MAPF_LNS_MAPF_LNS_SAT_mapf-scen-even_scen-even_room-64-64-8-even-1_scen-agents10-idx15-seed42-1783617173130,0,19,0,12,172884,8066,0,172884,0,0,31,26,0.126000,0.125000,0.121462,0,0,0,8001,89972
_home_max_Documents_PhD_MAPF_LNS_MAPF_LNS_SAT_mapf-map_room-64-64-8_map-_home_max_Documents_PhD_MAPF_LNS_MAPF_LNS_SAT_mapf-scen-even_scen-even_room-64-64-8-even-1_scen-agents10-idx15-seed42-1783617173130,0,20,0,1,185375,8627,6,185381,3,3,3,3,86.606000,84.420000,1.648282,0,1,1,791,8627
_home_max_Documents_PhD_MAPF_LNS_MAPF_LNS_SAT_mapf-map_room-64-64-8_map-_home_max_Documents_PhD_MAPF_LNS_MAPF_LNS_SAT_mapf-scen-even_scen-even_room-64-64-8-even-1_scen-agents10-idx15-seed42-1783617173130,0,20,0,2,185381,8627,7,185388,3,4,6,7,0.753000,0.487000,0.435382,0,0,1,1581,17103
_home_max_Documents_PhD_MAPF_LNS_MAPF_LNS_SAT_mapf-map_room-64-64-8_map-_home_max_Documents_PhD_MAPF_LNS_MAPF_LNS_SAT_mapf-scen-even_scen-even_room-64-64-8-even-1_scen-agents10-idx15-seed42-1783617173130,0,20,0,3,185388,8627,7,185395,4,3,10,10,0.587000,0.382000,0.360624,0,0,1,2367,25410
_home_max_Documents_PhD_MAPF_LNS_MAPF_LNS_SAT_mapf-map_room-64-64-8_map-_home_max_Documents_PhD_MAPF_LNS_MAPF_LNS_SAT_mapf-scen-even_scen-even_room-64-64-8-even-1_scen-agents10-idx15-seed42-1783617173130,0,20,0,4,185395,8627,6,185401,3,3,13,13,0.562000,0.361000,0.342399,0,0,1,3148,33715
_home_max_Documents_PhD_MAPF_LNS_MAPF_LNS_SAT_mapf-map_room-64-64-8_map-_home_max_Documents_PhD_MAPF_LNS_MAPF_LNS_SAT_mapf-scen-even_scen-even_room-64-64-8-even-1_scen-agents10-idx15-seed42-1783617173130,0,20,0,5,185401,8627,6,185407,3,3,16,16,0.569000,0.364000,0.346910,0,0,1,3918,42016
_home_max_Documents_PhD_MAPF_LNS_MAPF_LNS_SAT_mapf-map_room-64-64-8_map-_home_max_Documents_PhD_MAPF_LNS_MAPF_LNS_SAT_mapf-scen-even_scen-even_room-64-64-8-even-1_scen-agents10-idx15-seed42-1783617173130,0,20,0,6,185407,8627,6,185413,4,2,20,18,0.569000,0.370000,0.353281,0,0,1,4687,50315
_home_max_Documents_PhD_MAPF_LNS_MAPF_LNS_SAT_mapf-map_room-64-64-8_map-_home_max_Documents_PhD_MAPF_LNS_MAPF_LNS_SAT_mapf-scen-even_scen-even_room-64-64-8-even-1_scen-agents10-idx15-seed42-1783617173130,0,20,0,7,185413,8627,5,185418,2,3,22,21,0.558000,0.361000,0.341187,0,0,1,5450,58611
_home_max_Documents_PhD_MAPF_LNS_MAPF_LNS_SAT_mapf-map_room-64-64-8_map-_home_max_Documents_PhD_MAPF_LNS_MAPF_LNS_SAT_mapf-scen-even_scen-even_room-64-64-8-even-1_scen-agents10-idx15-seed42-1783617173130,0,20,0,8,185418,8627,4,185422,3,1,25,22,0.552000,0.360000,0.345125,0,0,1,6205,66904
_home_max_Documents_PhD_MAPF_LNS_MAPF_LNS_SAT_mapf-map_room-64-64-8_map-_home_max_Documents_PhD_MAPF_LNS_MAPF_LNS_SAT_mapf-scen-even_scen-even_room-64-64-8-even-1_scen-agents10-idx15-seed42-1783617173130,0,20,0,9,185422,8627,4,185426,2,2,27,24,0.545000,0.349000,0.335293,0,0,1,6872,75195
_home_max_Documents_PhD_MAPF_LNS_MAPF_LNS_SAT_mapf-map_room-64-64-8_map-_home_max_Documents_PhD_MAPF_LNS_MAPF_LNS_SAT_mapf-scen-even_scen-even_room-64-64-8-even-1_scen-agents10-idx15-seed42-1783617173130,0,20,0,10,185426,8627,4,185430,2,2,29,26,0.509000,0.326000,0.312010,0,0,1,7499,83484
_home_max_Documents_PhD_MAPF_LNS_MAPF_LNS_SAT_mapf-map_room-64-64-8_map-_home_max_Documents_PhD_MAPF_LNS_MAPF_LNS_SAT_mapf-scen-even_scen-even_room-64-64-8-even-1_scen-agents10-idx15-seed42-1783617173130,0,20,0,11,185430,8627,2,185432,2,0,31,26,0.641000,0.454000,0.441635,0,0,1,8262,93090
_home_max_Documents_PhD_MAPF_LNS_MAPF_LNS_SAT_mapf-map_room-64-64-8_map-_home_max_Documents_PhD_MAPF_LNS_MAPF_LNS_SAT_mapf-scen-even_scen-even_room-64-64-8-even-1_scen-agents10-idx15-seed42-1783617173130,0,20,0,12,185432,8627,0,185432,0,0,31,26,0.086000,0.085000,0.082486,0,0,0,8350,94859
_home_max_Documents_PhD_MAPF_LNS_MAPF_LNS_SAT_mapf-map_room-64-64-8_map-_home_max_Documents_PhD_MAPF_LNS_MAPF_LNS_SAT_mapf-scen-even_scen-even_room-64-64-8-even-1_scen-agents10-idx15-seed42-1783617173130,0,21,0,1,195730,9156,6,195736,3,3,3,3,89.575000,87.329000,1.772552,0,1,1,824,9156
_home_max_Documents_PhD_MAPF_LNS_MAPF_LNS_SAT_mapf-map_room-64-64-8_map-_home_max_Documents_PhD_MAPF_LNS_MAPF_LNS_SAT_mapf-scen-even_scen-even_room-64-64-8-even-1_scen-agents10-idx15-seed42-1783617173130,0,21,0,2,195736,9156,7,195743,3,4,6,7,0.883000,0.616000,0.560081,0,0,1,1647,18149
_home_max_Documents_PhD_MAPF_LNS_MAPF_LNS_SAT_mapf-map_room-64-64-8_map-_home_max_Documents_PhD_MAPF_LNS_MAPF_LNS_SAT_mapf-scen-even_scen-even_room-64-64-8-even-1_scen-agents10-idx15-seed42-1783617173130,0,21,0,3,195743,9156,7,195750,4,3,10,10,0.625000,0.407000,0.386564,0,0,1,2466,26963
_home_max_Documents_PhD_MAPF_LNS_MAPF_LNS_SAT_mapf-map_room-64-64-8_map-_home_max_Documents_PhD_MAPF_LNS_MAPF_LNS_SAT_mapf-scen-even_scen-even_room-64-64-8-even-1_scen-agents10-idx15-seed42-1783617173130,0,21,0,4,195750,9156,6,195756,3,3,13,13,0.595000,0.375000,0.356009,0,0,1,3280,35775
_home_max_Documents_PhD_MAPF_LNS_MAPF_LNS_SAT_mapf-map_room-64-64-8_map-_home_max_Documents_PhD_MAPF_LNS_MAPF_LNS_SAT_mapf-scen-even_scen-even_room-64-64-8-even-1_scen-agents10-idx15-seed42-1783617173130,0,21,0,5,195756,9156,6,195762,3,3,16,16,0.601000,0.394000,0.377453,0,0,1,4083,44583
_home_max_Documents_PhD_MAPF_LNS_MAPF_LNS_SAT_mapf-map_room-64-64-8_map-_home_max_Documents_PhD_MAPF_LNS_MAPF_LNS_SAT_mapf-scen-even_scen-even_room-64-64-8-even-1_scen-agents10-idx15-seed42-1783617173130,0,21,0,6,195762,9156,6,195768,4,2,20,18,0.586000,0.378000,0.360572,0,0,1,4885,53389
_home_max_Documents_PhD_MAPF_LNS_MAPF_LNS_SAT_mapf-map_room-64-64-8_map-_home_max_Documents_PhD_MAPF_LNS_MAPF_LNS_SAT_mapf-scen-even_scen-even_room-64-64-8-even-1_scen-agents10-idx15-seed42-1783617173130,0,21,0,7,195768,9156,5,195773,2,3,22,21,0.578000,0.369000,0.353104,0,0,1,5681,62192
_home_max_Documents_PhD_MAPF_LNS_MAPF_LNS_SAT_mapf-map_room-64-64-8_map-_home_max_Documents_PhD_MAPF_LNS_MAPF_LNS_SAT_mapf-scen-even_scen-even_room-64-64-8-even-1_scen-agents10-idx15-seed42-1783617173130,0,21,0,8,195773,9156,4,195777,3,1,25,22,0.586000,0.385000,0.367125,0,0,1,6469,70992
_home_max_Documents_PhD_MAPF_LNS_MAPF_LNS_SAT_mapf-map_room-64-64-8_map-_home_max_Documents_PhD_MAPF_LNS_MAPF_LNS_SAT_mapf-scen-even_scen-even_room-64-64-8-even-1_scen-agents10-idx15-seed42-1783617173130,0,21,0,9,195777,9156,4,195781,2,2,27,24,0.579000,0.369000,0.353883,0,0,1,7169,79790
_home_max_Documents_PhD_MAPF_LNS_MAPF_LNS_SAT_mapf-map_room-64-64-8_map-_home_max_Documents_PhD_MAPF_LNS_MAPF_LNS_SAT_mapf-scen-even_scen-even_room-64-64-8-even-1_scen-agents10-idx15-seed42-1783617173130,0,21,0,10,195781,9156,4,195785,2,2,29,26,0.564000,0.364000,0.347865,0,0,1,7829,88586
_home_max_Documents_PhD_MAPF_LNS_MAPF_LNS_SAT_mapf-map_room-64-64-8_map-_home_max_Documents_PhD_MAPF_LNS_MAPF_LNS_SAT_mapf-scen-even_scen-even_room-64-64-8-even-1_scen-agents10-idx15-seed42-1783617173130,0,21,0,11,195785,9156,3,195788,2,1,31,27,0.691000,0.490000,0.476267,0,0,1,8648,98765
_home_max_Documents_PhD_MAPF_LNS_MAPF_LNS_SAT_mapf-map_room-64-64-8_map-_home_max_Documents_PhD_MAPF_LNS_MAPF_LNS_SAT_mapf-scen-even_scen-even_room-64-64-8-even-1_scen-agents10-idx15-seed42-1783617173130,0,21,0,12,195788,9156,0,195788,0,0,31,27,0.095000,0.094000,0.089176,0,0,0,8745,100647
_home_max_Documents_PhD_MAPF_LNS_MAPF_LNS_SAT_mapf-map_room-64-64-8_map-_home_max_Documents_PhD_MAPF_LNS_MAPF_LNS_SAT_mapf-scen-even_scen-even_room-64-64-8-even-1_scen-agents10-idx15-seed42-1783617173130,0,22,0,1,205480,9628,6,205486,3,3,3,3,94.743000,92.322000,1.840176,0,1,1,924,9628
_home_max_Documents_PhD_MAPF_LNS_MAPF_LNS_SAT_mapf-map_room-64-64-8_map-_home_max_Documents_PhD_MAPF_LNS_MAPF_LNS_SAT_mapf-scen-even_scen-even_room-64-64-8-even-1_scen-agents10-idx15-seed42-1783617173130,0,22,0,2,205486,9628,7,205493,3,4,6,7,0.841000,0.540000,0.485250,0,0,1,1846,19080
_home_max_Documents_PhD_MAPF_LNS_MAPF_LNS_SAT_mapf-map_room-64-64-8_map-_home_max_Documents_PhD_MAPF_LNS_MAPF_LNS_SAT_mapf-scen-even_scen-even_room-64-64-8-even-1_scen-agents10-idx15-seed42-1783617173130,0,22,0,3,205493,9628,7,205500,4,3,10,10,0.675000,0.432000,0.412371,0,0,1,2766,28348
_home_max_Documents_PhD_MAPF_LNS_MAPF_LNS_SAT_mapf-map_room-64-64-8_map-_home_max_Documents_PhD_MAPF_LNS_MAPF_LNS_SAT_mapf-scen-even_scen-even_room-64-64-8-even-1_scen-agents10-idx15-seed42-1783617173130,0,22,0,4,205500,9628,6,205506,3,3,13,13,0.649000,0.397000,0.377305,0,0,1,3678,37614
_home_max_Documents_PhD_MAPF_LNS_MAPF_LNS_SAT_mapf-map_room-64-64-8_map-_home_max_Documents_PhD_MAPF_LNS_MAPF_LNS_SAT_mapf-scen-even_scen-even_room-64-64-8-even-1_scen-agents10-idx15-seed42-1783617173130,0,22,0,5,205506,9628,6,205512,3,3,16,16,0.659000,0.400000,0.379015,0,0,1,4580,46876
_home_max_Documents_PhD_MAPF_LNS_MAPF_LNS_SAT_mapf-map_room-64-64-8_map-_home_max_Documents_PhD_MAPF_LNS_MAPF_LNS_SAT_mapf-scen-even_scen-even_room-64-64-8-even-1_scen-agents10-idx15-seed42-1783617173130,0,22,0,6,205512,9628,6,205518,4,2,20,18,0.637000,0.406000,0.386886,0,0,1,5480,56136
_home_max_Documents_PhD_MAPF_LNS_MAPF_LNS_SAT_mapf-map_room-64-64-8_map-_home_max_Documents_PhD_MAPF_LNS_MAPF_LNS_SAT_mapf-scen-even_scen-even_room-64-64-8-even-1_scen-agents10-idx15-seed42-1783617173130,0,22,0,7,205518,9628,5,205523,2,3,22,21,0.629000,0.393000,0.374959,0,0,1,6375,65393
_home_max_Documents_PhD_MAPF_LNS_MAPF_LNS_SAT_mapf-map_room-64-64-8_map-_home_max_Documents_PhD_MAPF_LNS_MAPF_LNS_SAT_mapf-scen-even_scen-even_room-64-64-8-even-1_scen-agents10-idx15-seed42-1783617173130,0,22,0,8,205523,9628,4,205527,3,1,25,22,0.629000,0.402000,0.384496,0,0,1,7261,74647
_home_max_Documents_PhD_MAPF_LNS_MAPF_LNS_SAT_mapf-map_room-64-64-8_map-_home_max_Documents_PhD_MAPF_LNS_MAPF_LNS_SAT_mapf-scen-even_scen-even_room-64-64-8-even-1_scen-agents10-idx15-seed42-1783617173130,0,22,0,9,205527,9628,4,205531,2,2,27,24,0.633000,0.408000,0.393951,0,0,1,8014,83899
_home_max_Documents_PhD_MAPF_LNS_MAPF_LNS_SAT_mapf-map_room-64-64-8_map-_home_max_Documents_PhD_MAPF_LNS_MAPF_LNS_SAT_mapf-scen-even_scen-even_room-64-64-8-even-1_scen-agents10-idx15-seed42-1783617173130,0,22,0,10,205531,9628,4,205535,2,2,29,26,0.596000,0.376000,0.360796,0,0,1,8710,93149
_home_max_Documents_PhD_MAPF_LNS_MAPF_LNS_SAT_mapf-map_room-64-64-8_map-_home_max_Documents_PhD_MAPF_LNS_MAPF_LNS_SAT_mapf-scen-even_scen-even_room-64-64-8-even-1_scen-agents10-idx15-seed42-1783617173130,0,22,0,11,205535,9628,3,205538,2,1,31,27,0.712000,0.501000,0.486331,0,0,1,9594,103846
_home_max_Documents_PhD_MAPF_LNS_MAPF_LNS_SAT_mapf-map_room-64-64-8_map-_home_max_Documents_PhD_MAPF_LNS_MAPF_LNS_SAT_mapf-scen-even_scen-even_room-64-64-8-even-1_scen-agents10-idx15-seed42-1783617173130,0,22,0,12,205538,9628,0,205538,0,0,31,27,0.093000,0.092000,0.088194,0,0,0,9674,105814
_home_max_Documents_PhD_MAPF_LNS_MAPF_LNS_SAT_mapf-map_room-64-64-8_map-_home_max_Documents_PhD_MAPF_LNS_MAPF_LNS_SAT_mapf-scen-even_scen-even_room-64-64-8-even-1_scen-agents10-idx15-seed42-1783617173130,0,23,0,1,212023,10005,6,212029,3,3,3,3,98.788000,96.274000,1.912471,0,1,1,954,10005
_home_max_Documents_PhD_MAPF_LNS_MAPF_LNS_SAT_mapf-map_room-64-64-8_map-_home_max_Documents_PhD_MAPF_LNS_MAPF_LNS_SAT_mapf-scen-even_scen-even_room-64-64-8-even-1_scen-agents10-idx15-seed42-1783617173130,0,23,0,2,212029,10005,7,212036,3,4,6,7,0.955000,0.642000,0.585021,0,0,1,1907,19822
_home_max_Documents_PhD_MAPF_LNS_MAPF_LNS_SAT_mapf-map_room-64-64-8_map-_home_max_Documents_PhD_MAPF_LNS_MAPF_LNS_SAT_mapf-scen-even_scen-even_room-64-64-8-even-1_scen-agents10-idx15-seed42-1783617173130,0,23,0,3,212036,10005,7,212043,4,3,10,10,0.710000,0.448000,0.427171,0,0,1,2857,29451
_home_max_Documents_PhD_MAPF_LNS_MAPF_LNS_SAT_mapf-map_room-64-64-8_map-_home_max_Documents_PhD_MAPF_LNS_MAPF_LNS_SAT_mapf-scen-even_scen-even_room-64-64-8-even-1_scen-agents10-idx15-seed42-1783617173130,0,23,0,4,212043,10005,6,212049,3,3,13,13,0.777000,0.425000,0.404145,0,0,1,3803,39078
_home_max_Documents_PhD_MAPF_LNS_MAPF_LNS_SAT_mapf-map_room-64-64-8_map-_home_max_Documents_PhD_MAPF_LNS_MAPF_LNS_SAT_mapf-scen-even_scen-even_room-64-64-8-even-1_scen-agents10-idx15-seed42-1783617173130,0,23,0,5,212049,10005,6,212055,3,3,16,16,0.823000,0.417000,0.394890,0,0,1,4749,48701
_home_max_Documents_PhD_MAPF_LNS_MAPF_LNS_SAT_mapf-map_room-64-64-8_map-_home_max_Documents_PhD_MAPF_LNS_MAPF_LNS_SAT_mapf-scen-even_scen-even_room-64-64-8-even-1_scen-agents10-idx15-seed42-1783617173130,0,23,0,6,212055,10005,6,212061,4,2,20,18,0.684000,0.423000,0.404193,0,0,1,5688,58322
_home_max_Documents_PhD_MAPF_LNS_MAPF_LNS_SAT_mapf-map_room-64-64-8_map-_home_max_Documents_PhD_MAPF_LNS_MAPF_LNS_SAT_mapf-scen-even_scen-even_room-64-64-8-even-1_scen-agents10-idx15-seed42-1783617173130,0,23,0,7,212061,10005,5,212066,2,3,22,21,0.683000,0.424000,0.405453,0,0,1,6613,67940
_home_max_Documents_PhD_MAPF_LNS_MAPF_LNS_SAT_mapf-map_room-64-64-8_map-_home_max_Documents_PhD_MAPF_LNS_MAPF_LNS_SAT_mapf-scen-even_scen-even_room-64-64-8-even-1_scen-agents10-idx15-seed42-1783617173130,0,23,0,8,212066,10005,4,212070,3,1,25,22,0.679000,0.428000,0.410738,0,0,1,7536,77555
_home_max_Documents_PhD_MAPF_LNS_MAPF_LNS_SAT_mapf-map_room-64-64-8_map-_home_max_Documents_PhD_MAPF_LNS_MAPF_LNS_SAT_mapf-scen-even_scen-even_room-64-64-8-even-1_scen-agents10-idx15-seed42-1783617173130,0,23,0,9,212070,10005,4,212074,2,2,27,24,0.667000,0.416000,0.398905,0,0,1,8325,87168
_home_max_Documents_PhD_MAPF_LNS_MAPF_LNS_SAT_mapf-map_room-64-64-8_map-_home_max_Documents_PhD_MAPF_LNS_MAPF_LNS_SAT_mapf-scen-even_scen-even_room-64-64-8-even-1_scen-agents10-idx15-seed42-1783617173130,0,23,0,10,212074,10005,4,212078,2,2,29,26,0.652000,0.404000,0.388008,0,0,1,9055,96779
_home_max_Documents_PhD_MAPF_LNS_MAPF_LNS_SAT_mapf-map_room-64-64-8_map-_home_max_Documents_PhD_MAPF_LNS_MAPF_LNS_SAT_mapf-scen-even_scen-even_room-64-64-8-even-1_scen-agents10-idx15-seed42-1783617173130,0,23,0,11,212078,10005,2,212080,2,0,31,26,0.839000,0.591000,0.574834,0,0,1,9994,108309
_home_max_Documents_PhD_MAPF_LNS_MAPF_LNS_SAT_mapf-map_room-64-64-8_map-_home_max_Documents_PhD_MAPF_LNS_MAPF_LNS_SAT_mapf-scen-even_scen-even_room-64-64-8-even-1_scen-agents10-idx15-seed42-1783617173130,0,23,0,12,212080,10005,0,212080,0,0,31,26,0.157000,0.156000,0.152245,0,0,0,10110,111677
_home_max_Documents_PhD_MAPF_LNS_MAPF_LNS_SAT_mapf-map_room-64-64-8_map-_home_max_Documents_PhD_MAPF_LNS_MAPF_LNS_SAT_mapf-scen-even_scen-even_room-64-64-8-even-1_scen-agents10-idx15-seed42-1783617173130,0,24,0,1,225348,10597,6,225354,3,3,3,3,106.299000,103.409000,2.134234,0,1,1,1020,10597
_home_max_Documents_PhD_MAPF_LNS_MAPF_LNS_SAT_mapf-map_room-64-64-8_map-_home_max_Documents_PhD_MAPF_LNS_MAPF_LNS_SAT_mapf-scen-even_scen-even_room-64-64-8-even-1_scen-agents10-idx15-seed42-1783617173130,0,24,0,2,225354,10597,7,225361,3,4,6,7,1.215000,0.726000,0.661584,0,0,1,2041,20992
_home_max_Documents_PhD_MAPF_LNS_MAPF_LNS_SAT_mapf-map_room-64-64-8_map-_home_max_Documents_PhD_MAPF_LNS_MAPF_LNS_SAT_mapf-scen-even_scen-even_room-64-64-8-even-1_scen-agents10-idx15-seed42-1783617173130,0,24,0,3,225361,10597,7,225368,4,3,10,10,0.867000,0.563000,0.541048,0,0,1,3061,31161
_home_max_Documents_PhD_MAPF_LNS_MAPF_LNS_SAT_mapf-map_room-64-64-8_map-_home_max_Documents_PhD_MAPF_LNS_MAPF_LNS_SAT_mapf-scen-even_scen-even_room-64-64-8-even-1_scen-agents10-idx15-seed42-1783617173130,0,24,0,4,225368,10597,6,225374,3,3,13,13,0.775000,0.472000,0.450970,0,0,1,4077,41328
_home_max_Documents_PhD_MAPF_LNS_MAPF_LNS_SAT_mapf-map_room-64-64-8_map-_home_max_Documents_PhD_MAPF_LNS_MAPF_LNS_SAT_mapf-scen-even_scen-even_room-64-64-8-even-1_scen-agents10-idx15-seed42-1783617173130,0,24,0,5,225374,10597,6,225380,3,3,16,16,0.847000,0.464000,0.440739,0,0,1,5095,51491
_home_max_Documents_PhD_MAPF_LNS_MAPF_LNS_SAT_mapf-map_room-64-64-8_map-_home_max_Documents_PhD_MAPF_LNS_MAPF_LNS_SAT_mapf-scen-even_scen-even_room-64-64-8-even-1_scen-agents10-idx15-seed42-1783617173130,0,24,0,6,225380,10597,6,225386,4,2,20,18,0.740000,0.460000,0.439214,0,0,1,6106,61652
_home_max_Documents_PhD_MAPF_LNS_MAPF_LNS_SAT_mapf-map_room-64-64-8_map-_home_max_Documents_PhD_MAPF_LNS_MAPF_LNS_SAT_mapf-scen-even_scen-even_room-64-64-8-even-1_scen-agents10-idx15-seed42-1783617173130,0,24,0,7,225386,10597,5,225391,2,3,22,21,0.743000,0.459000,0.438950,0,0,1,7105,71810
_home_max_Documents_PhD_MAPF_LNS_MAPF_LNS_SAT_mapf-map_room-64-64-8_map-_home_max_Documents_PhD_MAPF_LNS_MAPF_LNS_SAT_mapf-scen-even_scen-even_room-64-64-8-even-1_scen-agents10-idx15-seed42-1783617173130,0,24,0,8,225391,10597,4,225395,3,1,25,22,0.723000,0.454000,0.436831,0,0,1,8102,81965
_home_max_Documents_PhD_MAPF_LNS_MAPF_LNS_SAT_mapf-map_room-64-64-8_map-_home_max_Documents_PhD_MAPF_LNS_MAPF_LNS_SAT_mapf-scen-even_scen-even_room-64-64-8-even-1_scen-agents10-idx15-seed42-1783617173130,0,24,0,9,225395,10597,4,225399,2,2,27,24,0.714000,0.434000,0.416931,0,0,1,8942,92118
_home_max_Documents_PhD_MAPF_LNS_MAPF_LNS_SAT_mapf-map_room-64-64-8_map-_home_max_Documents_PhD_MAPF_LNS_MAPF_LNS_SAT_mapf-scen-even_scen-even_room-64-64-8-even-1_scen-agents10-idx15-seed42-1783617173130,0,24,0,10,225399,10597,4,225403,2,2,29,26,0.727000,0.440000,0.420361,0,0,1,9712,102269
_home_max_Documents_PhD_MAPF_LNS_MAPF_LNS_SAT_mapf-map_room-64-64-8_map-_home_max_Documents_PhD_MAPF_LNS_MAPF_LNS_SAT_mapf-scen-even_scen-even_room-64-64-8-even-1_scen-agents10-idx15-seed42-1783617173130,0,24,0,11,225403,10597,3,225406,2,1,31,27,0.851000,0.571000,0.554687,0,0,1,10720,113971
_home_max_Documents_PhD_MAPF_LNS_MAPF_LNS_SAT_mapf-map_room-64-64-8_map-_home_max_Documents_PhD_MAPF_LNS_MAPF_LNS_SAT_mapf-scen-even_scen-even_room-64-64-8-even-1_scen-agents10-idx15-seed42-1783617173130,0,24,0,12,225406,10597,0,225406,0,0,31,27,0.103000,0.102000,0.098130,0,0,0,10811,116087
_home_max_Documents_PhD_MAPF_LNS_MAPF_LNS_SAT_mapf-map_room-64-64-8_map-_home_max_Documents_PhD_MAPF_LNS_MAPF_LNS_SAT_mapf-scen-even_scen-even_room-64-64-8-even-1_scen-agents10-idx15-seed42-1783617173130,0,25,0,1,234079,11108,6,234085,3,3,3,3,111.012000,108.200000,2.126706,0,1,1,1085,11108
_home_max_Documents_PhD_MAPF_LNS_MAPF_LNS_SAT_mapf-map_room-64-64-8_map-_home_max_Documents_PhD_MAPF_LNS_MAPF_LNS_SAT_mapf-scen-even_scen-even_room-64-64-8-even-1_scen-agents10-idx15-seed42-1783617173130,0,25,0,2,234085,11108,7,234092,3,4,6,7,1.067000,0.652000,0.578787,0,0,1,2170,22001
_home_max_Documents_PhD_MAPF_LNS_MAPF_LNS_SAT_mapf-map_room-64-64-8_map-_home_max_Documents_PhD_MAPF_LNS_MAPF_LNS_SAT_mapf-scen-even_scen-even_room-64-64-8-even-1_scen-agents10-idx15-seed42-1783617173130,0,25,0,3,234092,11108,7,234099,4,3,10,10,0.827000,0.511000,0.485050,0,0,1,3255,32655
_home_max_Documents_PhD_MAPF_LNS_MAPF_LNS_SAT_mapf-map_room-64-64-8_map-_home_max_Documents_PhD_MAPF_LNS_MAPF_LNS_SAT_mapf-scen-even_scen-even_room-64-64-8-even-1_scen-agents10-idx15-seed42-1783617173130,0,25,0,4,234099,11108,6,234105,3,3,13,13,0.763000,0.459000,0.440296,0,0,1,4334,43307
_home_max_Documents_PhD_MAPF_LNS_MAPF_LNS_SAT_mapf-map_room-64-64-8_map-_home_max_Documents_PhD_MAPF_LNS_MAPF_LNS_SAT_mapf-scen-even_scen-even_room-64-64-8-even-1_scen-agents10-idx15-seed42-1783617173130,0,25,0,5,234105,11108,6,234111,3,3,16,16,0.769000,0.470000,0.447496,0,0,1,5415,53955
_home_max_Documents_PhD_MAPF_LNS_MAPF_LNS_SAT_mapf-map_room-64-64-8_map-_home_max_Documents_PhD_MAPF_LNS_MAPF_LNS_SAT_mapf-scen-even_scen-even_room-64-64-8-even-1_scen-agents10-idx15-seed42-1783617173130,0,25,0,6,234111,11108,6,234117,4,2,20,18,0.769000,0.475000,0.456376,0,0,1,6489,64601
_home_max_Documents_PhD_MAPF_LNS_MAPF_LNS_SAT_mapf-map_room-64-64-8_map-_home_max_Documents_PhD_MAPF_LNS_MAPF_LNS_SAT_mapf-scen-even_scen-even_room-64-64-8-even-1_scen-agents10-idx15-seed42-1783617173130,0,25,0,7,234117,11108,5,234122,2,3,22,21,0.761000,0.467000,0.440855,0,0,1,7551,75244
_home_max_Documents_PhD_MAPF_LNS_MAPF_LNS_SAT_mapf-map_room-64-64-8_map-_home_max_Documents_PhD_MAPF_LNS_MAPF_LNS_SAT_mapf-scen-even_scen-even_room-64-64-8-even-1_scen-agents10-idx15-seed42-1783617173130,0,25,0,8,234122,11108,4,234126,3,1,25,22,0.755000,0.473000,0.455020,0,0,1,8611,85884
_home_max_Documents_PhD_MAPF_LNS_MAPF_LNS_SAT_mapf-map_room-64-64-8_map-_home_max_Documents_PhD_MAPF_LNS_MAPF_LNS_SAT_mapf-scen-even_scen-even_room-64-64-8-even-1_scen-agents10-idx15-seed42-1783617173130,0,25,0,9,234126,11108,4,234130,2,2,27,24,0.751000,0.462000,0.441609,0,0,1,9514,96522
_home_max_Documents_PhD_MAPF_LNS_MAPF_LNS_SAT_mapf-map_room-64-64-8_map-_home_max_Documents_PhD_MAPF_LNS_MAPF_LNS_SAT_mapf-scen-even_scen-even_room-64-64-8-even-1_scen-agents10-idx15-seed42-1783617173130,0,25,0,10,234130,11108,4,234134,2,2,29,26,0.731000,0.445000,0.427575,0,0,1,10347,107158
_home_max_Documents_PhD_MAPF_LNS_MAPF_LNS_SAT_mapf-map_room-64-64-8_map-_home_max_Documents_PhD_MAPF_LNS_MAPF_LNS_SAT_mapf-scen-even_scen-even_room-64-64-8-even-1_scen-agents10-idx15-seed42-1783617173130,0,25,0,11,234134,11108,2,234136,2,0,31,26,0.888000,0.611000,0.596461,0,0,1,11384,119875
_home_max_Documents_PhD_MAPF_LNS_MAPF_LNS_SAT_mapf-map_room-64-64-8_map-_home_max_Documents_PhD_MAPF_LNS_MAPF_LNS_SAT_mapf-scen-even_scen-even_room-64-64-8-even-1_scen-agents10-idx15-seed42-1783617173130,0,25,0,12,234136,11108,0,234136,0,0,31,26,0.162000,0.162000,0.157396,0,0,0,11490,123499
_home_max_Documents_PhD_MAPF_LNS_MAPF_LNS_SAT_mapf-map_room-64-64-8_map-_home_max_Documents_PhD_MAPF_LNS_MAPF_LNS_SAT_mapf-scen-even_scen-even_room-64-64-8-even-1_scen-agents10-idx15-seed42-1783617173130,0,26,0,1,244710,11649,6,244716,3,3,3,3,113.230000,110.191000,2.192101,0,1,1,1161,11649
_home_max_Documents_PhD_MAPF_LNS_MAPF_LNS_SAT_mapf-map_room-64-64-8_map-_home_max_Documents_PhD_MAPF_LNS_MAPF_LNS_SAT_mapf-scen-even_scen-even_room-64-64-8-even-1_scen-agents10-idx15-seed42-1783617173130,0,26,0,2,244716,11649,7,244723,3,4,6,7,1.141000,0.713000,0.634876,0,0,1,2318,23067
_home_max_Documents_PhD_MAPF_LNS_MAPF_LNS_SAT_mapf-map_room-64-64-8_map-_home_max_Documents_PhD_MAPF_LNS_MAPF_LNS_SAT_mapf-scen-even_scen-even_room-64-64-8-even-1_scen-agents10-idx15-seed42-1783617173130,0,26,0,3,244723,11649,7,244730,4,3,10,10,0.897000,0.549000,0.523224,0,0,1,3472,34233
_home_max_Documents_PhD_MAPF_LNS_MAPF_LNS_SAT_mapf-map_room-64-64-8_map-_home_max_Documents_PhD_MAPF_LNS_MAPF_LNS_SAT_mapf-scen-even_scen-even_room-64-64-8-even-1_scen-agents10-idx15-seed42-1783617173130,0,26,0,4,244730,11649,6,244736,3,3,13,13,0.849000,0.500000,0.478691,0,0,1,4621,45397
_home_max_Documents_PhD_MAPF_LNS_MAPF_LNS_SAT_mapf-map_room-64-64-8_map-_home_max_Documents_PhD_MAPF_LNS_MAPF_LNS_SAT_mapf-scen-even_scen-even_room-64-64-8-even-1_scen-agents10-idx15-seed42-1783617173130,0,26,0,5,244736,11649,6,244742,3,3,16,16,0.859000,0.523000,0.500661,0,0,1,5769,56557
_home_max_Documents_PhD_MAPF_LNS_MAPF_LNS_SAT_mapf-map_room-64-64-8_map-_home_max_Documents_PhD_MAPF_LNS_MAPF_LNS_SAT_mapf-scen-even_scen-even_room-64-64-8-even-1_scen-agents10-idx15-seed42-1783617173130,0,26,0,6,244742,11649,6,244748,4,2,20,18,0.836000,0.510000,0.488158,0,0,1,6911,67715
_home_max_Documents_PhD_MAPF_LNS_MAPF_LNS_SAT_mapf-map_room-64-64-8_map-_home_max_Documents_PhD_MAPF_LNS_MAPF_LNS_SAT_mapf-scen-even_scen-even_room-64-64-8-even-1_scen-agents10-idx15-seed42-1783617173130,0,26,0,7,244748,11649,5,244753,2,3,22,21,0.826000,0.503000,0.481673,0,0,1,8038,78870
_home_max_Documents_PhD_MAPF_LNS_MAPF_LNS_SAT_mapf-map_room-64-64-8_map-_home_max_Documents_PhD_MAPF_LNS_MAPF_LNS_SAT_mapf-scen-even_scen-even_room-64-64-8-even-1_scen-agents10-idx15-seed42-1783617173130,0,26,0,8,244753,11649,4,244757,3,1,25,22,0.824000,0.506000,0.488184,0,0,1,9164,90022
_home_max_Documents_PhD_MAPF_LNS_MAPF_LNS_SAT_mapf-map_room-64-64-8_map-_home_max_Documents_PhD_MAPF_LNS_MAPF_LNS_SAT_mapf-scen-even_scen-even_room-64-64-8-even-1_scen-agents10-idx15-seed42-1783617173130,0,26,0,9,244757,11649,5,244762,3,2,28,24,0.815000,0.501000,0.484874,0,0,1,10115,101172
_home_max_Documents_PhD_MAPF_LNS_MAPF_LNS_SAT_mapf-map_room-64-64-8_map-_home_max_Documents_PhD_MAPF_LNS_MAPF_LNS_SAT_mapf-scen-even_scen-even_room-64-64-8-even-1_scen-agents10-idx15-seed42-1783617173130,0,26,0,10,244762,11649,5,244767,2,3,30,27,0.793000,0.479000,0.460317,0,0,1,10987,112320
_home_max_Documents_PhD_MAPF_LNS_MAPF_LNS_SAT_mapf-map_room-64-64-8_map-_home_max_Documents_PhD_MAPF_LNS_MAPF_LNS_SAT_mapf-scen-even_scen-even_room-64-64-8-even-1_scen-agents10-idx15-seed42-1783617173130,0,26,0,11,244767,11649,8,244775,4,4,34,31,0.970000,0.650000,0.630960,0,0,1,12085,125260
_home_max_Documents_PhD_MAPF_LNS_MAPF_LNS_SAT_mapf-map_room-64-64-8_map-_home_max_Documents_PhD_MAPF_LNS_MAPF_LNS_SAT_mapf-scen-even_scen-even_room-64-64-8-even-1_scen-agents10-idx15-seed42-1783617173130,0,26,0,12,244775,11649,0,244775,0,0,34,31,0.176000,0.175000,0.159089,0,0,0,12204,128582
_home_max_Documents_PhD_MAPF_LNS_MAPF_LNS_SAT_mapf-map_room-64-64-8_map-_home_max_Documents_PhD_MAPF_LNS_MAPF_LNS_SAT_mapf-scen-even_scen-even_room-64-64-8-even-1_scen-agents10-idx15-seed42-1783617173130,0,27,0,1,1858994,30763,9,1859003,5,4,5,4,1534.321000,1512.054000,13.884302,0,1,1,1836,30770
_home_max_Documents_PhD_MAPF_LNS_MAPF_LNS_SAT_mapf-map_room-64-64-8_map-_home_max_Documents_PhD_MAPF_LNS_MAPF_LNS_SAT_mapf-scen-even_scen-even_room-64-64-8-even-1_scen-agents10-idx15-seed42-1783617173130,0,27,0,2,1859003,30763,8,1859011,4,4,9,8,4.366000,2.946000,2.807810,1,0,1,3677,61366
_home_max_Documents_PhD_MAPF_LNS_MAPF_LNS_SAT_mapf-map_room-64-64-8_map-_home_max_Documents_PhD_MAPF_LNS_MAPF_LNS_SAT_mapf-scen-even_scen-even_room-64-64-8-even-1_scen-agents10-idx15-seed42-1783617173130,0,27,0,3,1859011,30763,8,1859019,4,4,13,12,3.338000,2.206000,2.158853,1,0,1,5537,91699
_home_max_Documents_PhD_MAPF_LNS_MAPF_LNS_SAT_mapf-map_room-64-64-8_map-_home_max_Documents_PhD_MAPF_LNS_MAPF_LNS_SAT_mapf-scen-even_scen-even_room-64-64-8-even-1_scen-agents10-idx15-seed42-1783617173130,0,27,0,4,1859019,30763,6,1859025,3,3,16,15,2.784000,1.711000,1.668814,1,0,1,7415,122031
_home_max_Documents_PhD_MAPF_LNS_MAPF_LNS_SAT_mapf-map_room-64-64-8_map-_home_max_Documents_PhD_MAPF_LNS_MAPF_LNS_SAT_mapf-scen-even_scen-even_room-64-64-8-even-1_scen-agents10-idx15-seed42-1783617173130,0,27,0,5,1859025,30763,7,1859032,3,4,19,19,2.741000,1.709000,1.667062,1,0,1,9308,152360
_home_max_Documents_PhD_MAPF_LNS_MAPF_LNS_SAT_mapf-map_room-64-64-8_map-_home_max_Documents_PhD_MAPF_LNS_MAPF_LNS_SAT_mapf-scen-even_scen-even_room-64-64-8-even-1_scen-agents10-idx15-seed42-1783617173130,0,27,0,6,1859032,30763,7,1859039,3,4,22,23,2.730000,1.716000,1.675033,1,0,1,11118,182688
_home_max_Documents_PhD_MAPF_LNS_MAPF_LNS_SAT_mapf-map_room-64-64-8_map-_home_max_Documents_PhD_MAPF_LNS_MAPF_LNS_SAT_mapf-scen-even_scen-even_room-64-64-8-even-1_scen-agents10-idx15-seed42-1783617173130,0,27,0,7,1859039,30763,5,1859044,3,2,25,25,2.547000,1.601000,1.556499,1,0,1,12895,213014
_home_max_Documents_PhD_MAPF_LNS_MAPF_LNS_SAT_mapf-map_room-64-64-8_map-_home_max_Documents_PhD_MAPF_LNS_MAPF_LNS_SAT_mapf-scen-even_scen-even_room-64-64-8-even-1_scen-agents10-idx15-seed42-1783617173130,0,27,0,8,1859044,30763,4,1859048,1,3,26,28,2.450000,1.533000,1.494827,1,0,1,14643,243339
_home_max_Documents_PhD_MAPF_LNS_MAPF_LNS_SAT_mapf-map_room-64-64-8_map-_home_max_Documents_PhD_MAPF_LNS_MAPF_LNS_SAT_mapf-scen-even_scen-even_room-64-64-8-even-1_scen-agents10-idx15-seed42-1783617173130,0,27,0,9,1859048,30763,5,1859053,4,1,30,29,2.824000,1.899000,1.859685,1,0,1,16585,281925
_home_max_Documents_PhD_MAPF_LNS_MAPF_LNS_SAT_mapf-map_room-64-64-8_map-_home_max_Documents_PhD_MAPF_LNS_MAPF_LNS_SAT_mapf-scen-even_scen-even_room-64-64-8-even-1_scen-agents10-idx15-seed42-1783617173130,0,27,0,10,1859053,30763,2,1859055,1,1,31,30,2.267000,1.432000,1.394422,1,0,1,18169,312248
_home_max_Documents_PhD_MAPF_LNS_MAPF_LNS_SAT_mapf-map_room-64-64-8_map-_home_max_Documents_PhD_MAPF_LNS_MAPF_LNS_SAT_mapf-scen-even_scen-even_room-64-64-8-even-1_scen-agents10-idx15-seed42-1783617173130,0,27,0,11,1859055,30763,0,1859055,0,0,31,30,1.568000,1.393000,1.358573,1,0,1,19778,342570
_home_max_Documents_PhD_MAPF_LNS_MAPF_LNS_SAT_mapf-map_room-64-64-8_map-_home_max_Documents_PhD_MAPF_LNS_MAPF_LNS_SAT_mapf-scen-even_scen-even_room-64-64-8-even-1_scen-agents10-idx16-seed42-1783617180252,0,0,0,1,10,6,1,11,1,0,1,0,0.048000,0.040000,0.009054,0,1,1,1,6
_home_max_Documents_PhD_MAPF_LNS_MAPF_LNS_SAT_mapf-map_room-64-64-8_map-_home_max_Documents_PhD_MAPF_LNS_MAPF_LNS_SAT_mapf-scen-even_scen-even_room-64-64-8-even-1_scen-agents10-idx16-seed42-1783617180252,0,0,0,2,11,6,0,11,0,0,1,0,0.001000,0.001000,0.000000,0,0,0,0,0
_home_max_Documents_PhD_MAPF_LNS_MAPF_LNS_SAT_mapf-map_room-64-64-8_map-_home_max_Documents_PhD_MAPF_LNS_MAPF_LNS_SAT_mapf-scen-even_scen-even_room-64-64-8-even-1_scen-agents10-idx16-seed42-1783617180252,0,0,1,1,17,9,1,18,0,1,1,1,0.024000,0.018000,0.002001,0,1,1,1,9
_home_max_Documents_PhD_MAPF_LNS_MAPF_LNS_SAT_mapf-map_room-64-64-8_map-_home_max_Documents_PhD_MAPF_LNS_MAPF_LNS_SAT_mapf-scen-even_scen-even_room-64-64-8-even-1_scen-agents10-idx16-seed42-1783617180252,0,0,1,2,18,9,0,18,0,0,1,1,0.002000,0.001000,0.000000,0,0,0,0,0
_home_max_Documents_PhD_MAPF_LNS_MAPF_LNS_SAT_mapf-map_room-64-64-8_map-_home_max_Documents_PhD_MAPF_LNS_MAPF_LNS_SAT_mapf-scen-even_scen-even_room-64-64-8-even-1_scen-agents10-idx16-seed42-1783617180252,0,0,2,1,40,17,1,41,1,0,2,1,0.037000,0.031000,0.003421,0,1,1,2,17
_home_max_Documents_PhD_MAPF_LNS_MAPF_LNS_SAT_mapf-map_room-64-64-8_map-_home_max_Documents_PhD_MAPF_LNS_MAPF_LNS_SAT_mapf-scen-even_scen-even_room-64-64-8-even-1_scen-agents10-idx16-seed42-1783617180252,0,0,2,2,41,17,0,41,0,0,2,1,0.001000,0.001000,0.000000,0,0,0,0,0
_home_max_Documents_PhD_MAPF_LNS_MAPF_LNS_SAT_mapf-map_room-64-64-8_map-_home_max_Documents_PhD_MAPF_LNS_MAPF_LNS_SAT_mapf-scen-even_scen-even_room-64-64-8-even-1_scen-agents10-idx16-seed42-1783617180252,0,0,3,1,74,29,0,74,0,0,2,1,0.038000,0.037000,0.000000,0,1,0,0,0
_home_max_Documents_PhD_MAPF_LNS_MAPF_LNS_SAT_mapf-map_room-64-64-8_map-_home_max_Documents_PhD_MAPF_LNS_MAPF_LNS_SAT_mapf-scen-even_scen-even_room-64-64-8-even-1_scen-agents10-idx16-seed42-1783617180252,0,1,0,1,26,14,1,27,1,0,1,0,0.024000,0.016000,0.000429,0,1,1,1,14
_home_max_Documents_PhD_MAPF_LNS_MAPF_LNS_SAT_mapf-map_room-64-64-8_map-_home_max_Documents_PhD_MAPF_LNS_MAPF_LNS_SAT_mapf-scen-even_scen-even_room-64-64-8-even-1_scen-agents10-idx16-seed42-1783617180252,0,1,0,2,27,14,0,27,0,0,1,0,0.001000,0.001000,0.000000,0,0,0,0,0
_home_max_Documents_PhD_MAPF_LNS_MAPF_LNS_SAT_mapf-map_room-64-64-8_map-_home_max_Documents_PhD_MAPF_LNS_MAPF_LNS_SAT_mapf-scen-even_scen-even_room-64-64-8-even-1_scen-agents10-idx16-seed42-1783617180252,0,1,1,1,41,21,1,42,0,1,1,1,0.033000,0.026000,0.002788,0,1,1,2,21
_home_max_Documents_PhD_MAPF_LNS_MAPF_LNS_SAT_mapf-map_room-64-64-8_map-_home_max_Documents_PhD_MAPF_LNS_MAPF_LNS_SAT_mapf-scen-even_scen-even_room-64-64-8-even-1_scen-agents10-idx16-seed42-1783617180252,0,1,1,2,42,21,0,42,0,0,1,1,0.002000,0.001000,0.000000,0,0,0,0,0
_home_max_Documents_PhD_MAPF_LNS_MAPF_LNS_SAT_mapf-map_room-64-64-8_map-_home_max_Documents_PhD_MAPF_LNS_MAPF_LNS_SAT_mapf-scen-even_scen-even_room-64-64-8-even-1_scen-agents10-idx16-seed42-1783617180252,0,1,2,1,126,43,1,127,1,0,2,1,0.076000,0.069000,0.005315,0,1,1,16,43
_home_max_Documents_PhD_MAPF_LNS_MAPF_LNS_SAT_mapf-map_room-64-64-8_map-_home_max_Documents_PhD_MAPF_LNS_MAPF_LNS_SAT_mapf-scen-even_scen-even_room-64-64-8-even-1_scen-agents10-idx16-seed42-1783617180252,0,1,2,2,127,43,0,127,0,0,2,1,0.017000,0.011000,0.007226,0,0,1,34,102
_home_max_Documents_PhD_MAPF_LNS_MAPF_LNS_SAT_mapf-map_room-64-64-8_map-_home_max_Documents_PhD_MAPF_LNS_MAPF_LNS_SAT_mapf-scen-even_scen-even_room-64-64-8-even-1_scen-agents10-idx16-seed42-1783617180252,0,0,0,1,10,6,1,11,0,1,0,1,0.016000,0.011000,0.000468,0,1,1,1,6
_home_max_Documents_PhD_MAPF_LNS_MAPF_LNS_SAT_mapf-map_room-64-64-8_map-_home_max_Documents_PhD_MAPF_LNS_MAPF_LNS_SAT_mapf-scen-even_scen-even_room-64-64-8-even-1_scen-agents10-idx16-seed42-1783617180252,0,0,0,2,11,6,0,11,0,0,0,1,0.002000,0.002000,0.000000,0,0,0,0,0
_home_max_Documents_PhD_MAPF_LNS_MAPF_LNS_SAT_mapf-map_room-64-64-8_map-_home_max_Documents_PhD_MAPF_LNS_MAPF_LNS_SAT_mapf-scen-even_scen-even_room-64-64-8-even-1_scen-agents10-idx16-seed42-1783617180252,0,0,1,1,19,10,1,20,1,0,1,1,0.022000,0.016000,0.001137,0,1,1,2,10
_home_max_Documents_PhD_MAPF_LNS_MAPF_LNS_SAT_mapf-map_room-64-64-8_map-_home_max_Documents_PhD_MAPF_LNS_MAPF_LNS_SAT_mapf-scen-even_scen-even_room-64-64-8-even-1_scen-agents10-idx16-seed42-1783617180252,0,0,1,2,20,10,0,20,0,0,1,1,0.001000,0.001000,0.000000,0,0,0,0,0
_home_max_Documents_PhD_MAPF_LNS_MAPF_LNS_SAT_mapf-map_room-64-64-8_map-_home_max_Documents_PhD_MAPF_LNS_MAPF_LNS_SAT_mapf-scen-even_scen-even_room-64-64-8-even-1_scen-agents10-idx16-seed42-1783617180252,0,0,2,1,85,26,1,86,0,1,1,2,0.056000,0.050000,0.003569,0,1,1,6,26
_home_max_Documents_PhD_MAPF_LNS_MAPF_LNS_SAT_mapf-map_room-64-64-8_map-_home_max_Documents_PhD_MAPF_LNS_MAPF_LNS_SAT_mapf-scen-even_scen-even_room-64-64-8-even-1_scen-agents10-idx16-seed42-1783617180252,0,0,2,2,86,26,1,87,1,0,2,2,0.009000,0.005000,0.001215,0,0,1,9,45
_home_max_Documents_PhD_MAPF_LNS_MAPF_LNS_SAT_mapf-map_room-64-64-8_map-_home_max_Documents_PhD_MAPF_LNS_MAPF_LNS_SAT_mapf-scen-even_scen-even_room-64-64-8-even-1_scen-agents10-idx16-seed42-1783617180252,0,0,2,3,87,26,0,87,0,0,2,2,0.010000,0.006000,0.003008,0,0,1,20,69
_home_max_Documents_PhD_MAPF_LNS_MAPF_LNS_SAT_mapf-map_room-64-64-8_map-_home_max_Documents_PhD_MAPF_LNS_MAPF_LNS_SAT_mapf-scen-even_scen-even_room-64-64-8-even-1_scen-agents10-idx16-seed42-1783617180252,0,0,0,1,11,7,1,12,1,0,1,0,0.016000,0.010000,0.000337,0,1,1,1,7
_home_max_Documents_PhD_MAPF_LNS_MAPF_LNS_SAT_mapf-map_room-64-64-8_map-_home_max_Documents_PhD_MAPF_LNS_MAPF_LNS_SAT_mapf-scen-even_scen-even_room-64-64-8-even-1_scen-agents10-idx16-seed42-1783617180252,0,0,0,2,12,7,0,12,0,0,1,0,0.001000,0.001000,0.000000,0,0,0,0,0
_home_max_Documents_PhD_MAPF_LNS_MAPF_LNS_SAT_mapf-map_room-64-64-8_map-_home_max_Documents_PhD_MAPF_LNS_MAPF_LNS_SAT_mapf-scen-even_scen-even_room-64-64-8-even-1_scen-agents10-idx16-seed42-1783617180252,0,0,1,1,19,11,2,21,1,1,2,1,0.022000,0.016000,0.001314,0,1,1,1,11
_home_max_Documents_PhD_MAPF_LNS_MAPF_LNS_SAT_mapf-map_room-64-64-8_map-_home_max_Documents_PhD_MAPF_LNS_MAPF_LNS_SAT_mapf-scen-even_scen-even_room-64-64-8-even-1_scen-agents10-idx16-seed42-1783617180252,0,0,1,2,21,11,0,21,0,0,2,1,0.001000,0.000000,0.000000,0,0,0,0,0
_home_max_Documents_PhD_MAPF_LNS_MAPF_LNS_SAT_mapf-map_room-64-64-8_map-_home_max_Documents_PhD_MAPF_LNS_MAPF_LNS_SAT_mapf-scen-even_scen-even_room-64-64-8-even-1_scen-agents10-idx16-seed42-1783617180252,0,0,2,1,59,24,0,59,0,0,2,1,0.032000,0.032000,0.000000,0,1,0,0,0
_home_max_Documents_PhD_MAPF_LNS_MAPF_LNS_SAT_mapf-map_room-64-64-8_map-_home_max_Documents_PhD_MAPF_LNS_MAPF_LNS_SAT_mapf-scen-even_scen-even_room-64-64-8-even-1_scen-agents10-idx16-seed42-1783617180252,0,1,0,1,45,24,1,46,0,1,0,1,0.036000,0.027000,0.001640,0,1,1,5,24
_home_max_Documents_PhD_MAPF_LNS_MAPF_LNS_SAT_mapf-map_room-64-64-8_map-_home_max_Documents_PhD_MAPF_LNS_MAPF_LNS_SAT_mapf-scen-even_scen-even_room-64-64-8-even-1_scen-agents10-idx16-seed42-1783617180252,0,1,0,2,46,24,0,46,0,0,0,1,0.011000,0.005000,0.000525,0,0,1,9,32
_home_max_Documents_PhD_MAPF_LNS_MAPF_LNS_SAT_mapf-map_room-64-64-8_map-_home_max_Documents_PhD_MAPF_LNS_MAPF_LNS_SAT_mapf-scen-even_scen-even_room-64-64-8-even-1_scen-agents10-idx16-seed42-1783617180252,0,0,0,1,10,6,1,11,1,0,1,0,0.015000,0.010000,0.000379,0,1,1,1,6
_home_max_Documents_PhD_MAPF_LNS_MAPF_LNS_SAT_mapf-map_room-64-64-8_map-_home_max_Documents_PhD_MAPF_LNS_MAPF_LNS_SAT_mapf-scen-even_scen-even_room-64-64-8-even-1_scen-agents10-idx16-seed42-1783617180252,0,0,0,2,11,6,0,11,0,0,1,0,0.001000,0.001000,0.000000,0,0,0,0,0
_home_max_Documents_PhD_MAPF_LNS_MAPF_LNS_SAT_mapf-map_room-64-64-8_map-_home_max_Documents_PhD_MAPF_LNS_MAPF_LNS_SAT_mapf-scen-even_scen-even_room-64-64-8-even-1_scen-agents10-idx16-seed42-1783617180252,0,0,1,1,17,9,1,18,0,1,1,1,0.019000,0.014000,0.001191,0,1,1,1,9
_home_max_Documents_PhD_MAPF_LNS_MAPF_LNS_SAT_mapf-map_room-64-64-8_map-_home_max_Documents_PhD_MAPF_LNS_MAPF_LNS_SAT_mapf-scen-even_scen-even_room-64-64-8-even-1_scen-agents10-idx16-seed42-1783617180252,0,0,1,2,18,9,0,18,0,0,1,1,0.001000,0.001000,0.000000,0,0,0,0,0
_home_max_Documents_PhD_MAPF_LNS_MAPF_LNS_SAT_mapf-map_room-64-64-8_map-_home_max_Documents_PhD_MAPF_LNS_MAPF_LNS_SAT_mapf-scen-even_scen-even_room-64-64-8-even-1_scen-agents10-idx16-seed42-1783617180252,0,0,2,1,50,19,1,51,1,0,2,1,0.042000,0.036000,0.003649,0,1,1,2,19
_home_max_Documents_PhD_MAPF_LNS_MAPF_LNS_SAT_mapf-map_room-64-64-8_map-_home_max_Documents_PhD_MAPF_LNS_MAPF_LNS_SAT_mapf-scen-even_scen-even_room-64-64-8-even-1_scen-agents10-idx16-seed42-1783617180252,0,0,2,2,51,19,0,51,0,0,2,1,0.001000,0.000000,0.000000,0,0,0,0,0
_home_max_Documents_PhD_MAPF_LNS_MAPF_LNS_SAT_mapf-map_room-64-64-8_map-_home_max_Documents_PhD_MAPF_LNS_MAPF_LNS_SAT_mapf-scen-even_scen-even_room-64-64-8-even-1_scen-agents10-idx16-seed42-1783617180252,0,0,3,1,99,34,0,99,0,0,2,1,0.050000,0.049000,0.000000,0,1,0,0,0
_home_max_Documents_PhD_MAPF_LNS_MAPF_LNS_SAT_mapf-map_room-64-64-8_map-_home_max_Documents_PhD_MAPF_LNS_MAPF_LNS_SAT_mapf-scen-even_scen-even_room-64-64-8-even-1_scen-agents10-idx16-seed42-1783617180252,0,1,0,1,64,30,0,64,0,0,0,0,0.046000,0.040000,0.003143,0,1,1,6,30
_home_max_Documents_PhD_MAPF_LNS_MAPF_LNS_SAT_mapf-map_room-64-64-8_map-_home_max_Documents_PhD_MAPF_LNS_MAPF_LNS_SAT_mapf-scen-even_scen-even_room-64-64-8-even-1_scen-agents10-idx17-seed42-1783617180353,0,0,0,1,10,6,1,11,0,1,0,1,0.043000,0.035000,0.007402,0,1,1,1,6
_home_max_Documents_PhD_MAPF_LNS_MAPF_LNS_SAT_mapf-map_room-64-64-8_map-_home_max_Documents_PhD_MAPF_LNS_MAPF_LNS_SAT_mapf-scen-even_scen-even_room-64-64-8-even-1_scen-agents10-idx17-seed42-1783617180353,0,0,0,2,11,6,0,11,0,0,0,1,0.003000,0.002000,0.000000,0,0,0,0,0
_home_max_Documents_PhD_MAPF_LNS_MAPF_LNS_SAT_mapf-map_room-64-64-8_map-_home_max_Documents_PhD_MAPF_LNS_MAPF_LNS_SAT_mapf-scen-even_scen-even_room-64-64-8-even-1_scen-agents10-idx17-seed42-1783617180353,0,0,1,1,19,10,1,20,1,0,1,1,0.024000,0.017000,0.001449,0,1,1,2,10
_home_max_Documents_PhD_MAPF_LNS_MAPF_LNS_SAT_mapf-map_room-64-64-8_map-_home_max_Documents_PhD_MAPF_LNS_MAPF_LNS_SAT_mapf-scen-even_scen-even_room-64-64-8-even-1_scen-agents10-idx17-seed42-1783617180353,0,0,1,2,20,10,0,20,0,0,1,1,0.001000,0.001000,0.000000,0,0,0,0,0
_home_max_Documents_PhD_MAPF_LNS_MAPF_LNS_SAT_mapf-map_room-64-64-8_map-_home_max_Documents_PhD_MAPF_LNS_MAPF_LNS_SAT_mapf-scen-even_scen-even_room-64-64-8-even-1_scen-agents10-idx17-seed42-1783617180353,0,0,2,1,63,24,1,64,0,1,1,2,0.048000,0.041000,0.003134,0,1,1,4,24
_home_max_Documents_PhD_MAPF_LNS_MAPF_LNS_SAT_mapf-map_room-64-64-8_map-_home_max_Documents_PhD_MAPF_LNS_MAPF_LNS_SAT_mapf-scen-even_scen-even_room-64-64-8-even-1_scen-agents10-idx17-seed42-1783617180353,0,0,2,2,64,24,1,65,1,0,2,2,0.010000,0.005000,0.001399,0,0,1,7,39
_home_max_Documents_PhD_MAPF_LNS_MAPF_LNS_SAT_mapf-map_room-64-64-8_map-_home_max_Documents_PhD_MAPF_LNS_MAPF_LNS_SAT_mapf-scen-even_scen-even_room-64-64-8-even-1_scen-agents10-idx17-seed42-1783617180353,0,0,2,3,65,24,0,65,0,0,2,2,0.010000,0.005000,0.002408,0,0,1,15,59
_home_max_Documents_PhD_MAPF_LNS_MAPF_LNS_SAT_mapf-map_room-64-64-8_map-_home_max_Documents_PhD_MAPF_LNS_MAPF_LNS_SAT_mapf-scen-even_scen-even_room-64-64-8-even-1_scen-agents10-idx17-seed42-1783617180353,0,0,0,1,26,14,4,30,4,0,4,0,0.029000,0.020000,0.001190,0,1,1,3,14
_home_max_Documents_PhD_MAPF_LNS_MAPF_LNS_SAT_mapf-map_room-64-64-8_map-_home_max_Documents_PhD_MAPF_LNS_MAPF_LNS_SAT_mapf-scen-even_scen-even_room-64-64-8-even-1_scen-agents10-idx17-seed42-1783617180353,0,0,0,2,30,14,0,30,0,0,4,0,0.001000,0.001000,0.000000,0,0,0,0,0
_home_max_Documents_PhD_MAPF_LNS_MAPF_LNS_SAT_mapf-map_room-64-64-8_map-_home_max_Documents_PhD_MAPF_LNS_MAPF_LNS_SAT_mapf-scen-even_scen-even_room-64-64-8-even-1_scen-agents10-idx17-seed42-1783617180353,0,0,1,1,46,21,0,46,0,0,4,0,0.038000,0.032000,0.003900,0,1,1,4,21
_home_max_Documents_PhD_MAPF_LNS_MAPF_LNS_SAT_mapf-map_room-64-64-8_map-_home_max_Documents_PhD_MAPF_LNS_MAPF_LNS_SAT_mapf-scen-even_scen-even_room-64-64-8-even-1_scen-agents10-idx17-seed42-1783617180353,0,0,0,1,10,6,1,11,1,0,1,0,0.015000,0.010000,0.000497,0,1,1,1,6
_home_max_Documents_PhD_MAPF_LNS_MAPF_LNS_SAT_mapf-map_room-64-64-8_map-_home_max_Documents_PhD_MAPF_LNS_MAPF_LNS_SAT_mapf-scen-even_scen-even_room-64-64-8-even-1_scen-agents10-idx17-seed42-1783617180353,0,0,0,2,11,6,0,11,0,0,1,0,0.001000,0.001000,0.000000,0,0,0,0,0
_home_max_Documents_PhD_MAPF_LNS_MAPF_LNS_SAT_mapf-map_room-64-64-8_map-_home_max_Documents_PhD_MAPF_LNS_MAPF_LNS_SAT_mapf-scen-even_scen-even_room-64-64-8-even-1_scen-agents10-idx17-seed42-1783617180353,0,0,1,1,17,9,1,18,0,1,1,1,0.021000,0.014000,0.001273,0,1,1,1,9
_home_max_Documents_PhD_MAPF_LNS_MAPF_LNS_SAT_mapf-map_room-64-64-8_map-_home_max_Documents_PhD_MAPF_LNS_MAPF_LNS_SAT_mapf-scen-even_scen-even_room-64-64-8-even-1_scen-agents10-idx17-seed42-1783617180353,0,0,1,2,18,9,0,18,0,0,1,1,0.001000,0.001000,0.000000,0,0,0,0,0
_home_max_Documents_PhD_MAPF_LNS_MAPF_LNS_SAT_mapf-map_room-64-64-8_map-_home_max_Documents_PhD_MAPF_LNS_MAPF_LNS_SAT_mapf-scen-even_scen-even_room-64-64-8-even-1_scen-agents10-idx17-seed42-1783617180353,0,0,2,1,50,19,1,51,1,0,2,1,0.046000,0.040000,0.003428,0,1,1,2,19
_home_max_Documents_PhD_MAPF_LNS_MAPF_LNS_SAT_mapf-map_room-64-64-8_map-_home_max_Documents_PhD_MAPF_LNS_MAPF_LNS_SAT_mapf-scen-even_scen-even_room-64-64-8-even-1_scen-agents10-idx17-seed42-1783617180353,0,0,2,2,51,19,0,51,0,0,2,1,0.001000,0.000000,0.000000,0,0,0,0,0
_home_max_Documents_PhD_MAPF_LNS_MAPF_LNS_SAT_mapf-map_room-64-64-8_map-_home_max_Documents_PhD_MAPF_LNS_MAPF_LNS_SAT_mapf-scen-even_scen-even_room-64-64-8-even-1_scen-agents10-idx17-seed42-1783617180353,0,1,0,1,26,14,1,27,1,0,1,0,0.022000,0.016000,0.000400,0,1,1,1,14
_home_max_Documents_PhD_MAPF_LNS_MAPF_LNS_SAT_mapf-map_room-64-64-8_map-_home_max_Documents_PhD_MAPF_LNS_MAPF_LNS_SAT_mapf-scen-even_scen-even_room-64-64-8-even-1_scen-agents10-idx17-seed42-1783617180353,0,1,0,2,27,14,0,27,0,0,1,0,0.001000,0.001000,0.000000,0,0,0,0,0
_home_max_Documents_PhD_MAPF_LNS_MAPF_LNS_SAT_mapf-map_room-64-64-8_map-_home_max_Documents_PhD_MAPF_LNS_MAPF_LNS_SAT_mapf-scen-even_scen-even_room-64-64-8-even-1_scen-agents10-idx17-seed42-1783617180353,0,1,1,1,41,21,1,42,0,1,1,1,0.035000,0.027000,0.002736,0,1,1,2,21
_home_max_Documents_PhD_MAPF_LNS_MAPF_LNS_SAT_mapf-map_room-64-64-8_map-_home_max_Documents_PhD_MAPF_LNS_MAPF_LNS_SAT_mapf-scen-even_scen-even_room-64-64-8-even-1_scen-agents10-idx17-seed42-1783617180353,0,1,1,2,42,21,0,42,0,0,1,1,0.001000,0.001000,0.000000,0,0,0,0,0
_home_max_Documents_PhD_MAPF_LNS_MAPF_LNS_SAT_mapf-map_room-64-64-8_map-_home_max_Documents_PhD_MAPF_LNS_MAPF_LNS_SAT_mapf-scen-even_scen-even_room-64-64-8-even-1_scen-agents10-idx17-seed42-1783617180353,0,1,2,1,179,53,1,180,1,0,2,1,0.107000,0.099000,0.010093,0,1,1,10,66
_home_max_Documents_PhD_MAPF_LNS_MAPF_LNS_SAT_mapf-map_room-64-64-8_map-_home_max_Documents_PhD_MAPF_LNS_MAPF_LNS_SAT_mapf-scen-even_scen-even_room-64-64-8-even-1_scen-agents10-idx17-seed42-1783617180353,0,1,2,2,180,53,0,180,0,0,2,1,0.016000,0.010000,0.006186,0,0,1,22,111
_home_max_Documents_PhD_MAPF_LNS_MAPF_LNS_SAT_mapf-map_room-64-64-8_map-_home_max_Documents_PhD_MAPF_LNS_MAPF_LNS_SAT_mapf-scen-even_scen-even_room-64-64-8-even-1_scen-agents10-idx17-seed42-1783617180353,0,0,0,1,10,6,1,11,1,0,1,0,0.017000,0.011000,0.000618,0,1,1,1,6
_home_max_Documents_PhD_MAPF_LNS_MAPF_LNS_SAT_mapf-map_room-64-64-8_map-_home_max_Documents_PhD_MAPF_LNS_MAPF_LNS_SAT_mapf-scen-even_scen-even_room-64-64-8-even-1_scen-agents10-idx17-seed42-1783617180353,0,0,0,2,11,6,0,11,0,0,1,0,0.001000,0.001000,0.000000,0,0,0,0,0
_home_max_Documents_PhD_MAPF_LNS_MAPF_LNS_SAT_mapf-map_room-64-64-8_map-_home_max_Documents_PhD_MAPF_LNS_MAPF_LNS_SAT_mapf-scen-even_scen-even_room-64-64-8-even-1_scen-agents10-idx17-seed42-1783617180353,0,0,1,1,17,9,1,18,0,1,1,1,0.020000,0.015000,0.001318,0,1,1,1,9
_home_max_Documents_PhD_MAPF_LNS_MAPF_LNS_SAT_mapf-map_room-64-64-8_map-_home_max_Documents_PhD_MAPF_LNS_MAPF_LNS_SAT_mapf-scen-even_scen-even_room-64-64-8-even-1_scen-agents10-idx17-seed42-1783617180353,0,0,1,2,18,9,0,18,0,0,1,1,0.001000,0.001000,0.000000,0,0,0,0,0
_home_max_Documents_PhD_MAPF_LNS_MAPF_LNS_SAT_mapf-map_room-64-64-8_map-_home_max_Documents_PhD_MAPF_LNS_MAPF_LNS_SAT_mapf-scen-even_scen-even_room-64-64-8-even-1_scen-agents10-idx17-seed42-1783617180353,0,0,2,1,50,19,1,51,1,0,2,1,0.041000,0.036000,0.003549,0,1,1,2,19
_home_max_Documents_PhD_MAPF_LNS_MAPF_LNS_SAT_mapf-map_room-64-64-8_map-_home_max_Documents_PhD_MAPF_LNS_MAPF_LNS_SAT_mapf-scen-even_scen-even_room-64-64-8-even-1_scen-agents10-idx17-seed42-1783617180353,0,0,2,2,51,19,0,51,0,0,2,1,0.001000,0.000000,0.000000,0,0,0,0,0
_home_max_Documents_PhD_MAPF_LNS_MAPF_LNS_SAT_mapf-map_room-64-64-8_map-_home_max_Documents_PhD_MAPF_LNS_MAPF_LNS_SAT_mapf-scen-even_scen-even_room-64-64-8-even-1_scen-agents10-idx17-seed42-1783617180353,0,1,0,1,26,14,1,27,1,0,1,0,0.022000,0.015000,0.000360,0,1,1,1,14
_home_max_Documents_PhD_MAPF_LNS_MAPF_LNS_SAT_mapf-map_room-64-64-8_map-_home_max_Documents_PhD_MAPF_LNS_MAPF_LNS_SAT_mapf-scen-even_scen-even_room-64-64-8-even-1_scen-agents10-idx17-seed42-1783617180353,0,1,0,2,27,14,0,27,0,0,1,0,0.001000,0.001000,0.000000,0,0,0,0,0
_home_max_Documents_PhD_MAPF_LNS_MAPF_LNS_SAT_mapf-map_room-64-64-8_map-_home_max_Documents_PhD_MAPF_LNS_MAPF_LNS_SAT_mapf-scen-even_scen-even_room-64-64-8-even-1_scen-agents10-idx17-seed42-1783617180353,0,1,1,1,41,21,1,42,0,1,1,1,0.034000,0.027000,0.002831,0,1,1,2,21
_home_max_Documents_PhD_MAPF_LNS_MAPF_LNS_SAT_mapf-map_room-64-64-8_map-_home_max_Documents_PhD_MAPF_LNS_MAPF_LNS_SAT_mapf-scen-even_scen-even_room-64-64-8-even-1_scen-agents10-idx17-seed42-1783617180353,0,1,1,2,42,21,0,42,0,0,1,1,0.001000,0.001000,0.000000,0,0,0,0,0
_home_max_Documents_PhD_MAPF_LNS_MAPF_LNS_SAT_mapf-map_room-64-64-8_map-_home_max_Documents_PhD_MAPF_LNS_MAPF_LNS_SAT_mapf-scen-even_scen-even_room-64-64-8-even-1_scen-agents10-idx17-seed42-1783617180353,0,1,2,1,206,55,1,207,1,0,2,1,0.116000,0.108000,0.010525,0,1,1,10,68
_home_max_Documents_PhD_MAPF_LNS_MAPF_LNS_SAT_mapf-map_room-64-64-8_map-_home_max_Documents_PhD_MAPF_LNS_MAPF_LNS_SAT_mapf-scen-even_scen-even_room-64-64-8-even-1_scen-agents10-idx17-seed42-1783617180353,0,1,2,2,207,55,0,207,0,0,2,1,0.014000,0.008000,0.004607,0,0,1,26,113
_home_max_Documents_PhD_MAPF_LNS_MAPF_LNS_SAT_mapf-map_room-64-64-8_map-_home_max_Documents_PhD_MAPF_LNS_MAPF_LNS_SAT_mapf-scen-even_scen-even_room-64-64-8-even-1_scen-agents10-idx18-seed42-1783617180455,0,0,0,1,12,7,0,12,0,0,0,0,0.051000,0.044000,0.011112,0,1,1,2,7
_home_max_Documents_PhD_MAPF_LNS_MAPF_LNS_SAT_mapf-map_room-64-64-8_map-_home_max_Documents_PhD_MAPF_LNS_MAPF_LNS_SAT_mapf-scen-even_scen-even_room-64-64-8-even-1_scen-agents10-idx18-seed42-1783617180455,0,0,0,1,19,9,0,19,0,0,0,0,0.024000,0.019000,0.001753,0,1,1,4,9
_home_max_Documents_PhD_MAPF_LNS_MAPF_LNS_SAT_mapf-map_room-64-64-8_map-_home_max_Documents_PhD_MAPF_LNS_MAPF_LNS_SAT_mapf-scen-even_scen-even_room-64-64-8-even-1_scen-agents10-idx19-seed42-1783617180556,0,0,0,1,45,24,3,48,3,0,3,0,0.075000,0.062000,0.011899,0,1,1,6,24
_home_max_Documents_PhD_MAPF_LNS_MAPF_LNS_SAT_mapf-map_room-64-64-8_map-_home_max_Documents_PhD_MAPF_LNS_MAPF_LNS_SAT_mapf-scen-even_scen-even_room-64-64-8-even-1_scen-agents10-idx19-seed42-1783617180556,0,0,0,2,48,24,0,48,0,0,3,0,0.002000,0.001000,0.000000,0,0,0,0,0
_home_max_Documents_PhD_MAPF_LNS_MAPF_LNS_SAT_mapf-map_room-64-64-8_map-_home_max_Documents_PhD_MAPF_LNS_MAPF_LNS_SAT_mapf-scen-even_scen-even_room-64-64-8-even-1_scen-agents10-idx19-seed42-1783617180556,0,0,1,1,70,34,0,70,0,0,3,0,0.052000,0.044000,0.005783,0,1,1,7,34
_home_max_Documents_PhD_MAPF_LNS_MAPF_LNS_SAT_mapf-map_room-64-64-8_map-_home_max_Documents_PhD_MAPF_LNS_MAPF_LNS_SAT_mapf-scen-even_scen-even_room-64-64-8-even-1_scen-agents10-idx19-seed42-1783617180556,0,0,0,1,10,6,1,11,1,0,1,0,0.018000,0.012000,0.000817,0,1,1,1,6
_home_max_Documents_PhD_MAPF_LNS_MAPF_LNS_SAT_mapf-map_room-64-64-8_map-_home_max_Documents_PhD_MAPF_LNS_MAPF_LNS_SAT_mapf-scen-even_scen-even_room-64-64-8-even-1_scen-agents10-idx19-seed42-1783617180556,0,0,0,2,11,6,0,11,0,0,1,0,0.001000,0.001000,0.000000,0,0,0,0,0
_home_max_Documents_PhD_MAPF_LNS_MAPF_LNS_SAT_mapf-map_room-64-64-8_map-_home_max_Documents_PhD_MAPF_LNS_MAPF_LNS_SAT_mapf-scen-even_scen-even_room-64-64-8-even-1_scen-agents10-idx19-seed42-1783617180556,0,0,1,1,17,9,1,18,0,1,1,1,0.021000,0.015000,0.001534,0,1,1,1,9
_home_max_Documents_PhD_MAPF_LNS_MAPF_LNS_SAT_mapf-map_room-64-64-8_map-_home_max_Documents_PhD_MAPF_LNS_MAPF_LNS_SAT_mapf-scen-even_scen-even_room-64-64-8-even-1_scen-agents10-idx19-seed42-1783617180556,0,0,1,2,18,9,0,18,0,0,1,1,0.002000,0.001000,0.000000,0,0,0,0,0
_home_max_Documents_PhD_MAPF_LNS_MAPF_LNS_SAT_mapf-map_room-64-64-8_map-_home_max_Documents_PhD_MAPF_LNS_MAPF_LNS_SAT_mapf-scen-even_scen-even_room-64-64-8-even-1_scen-agents10-idx19-seed42-1783617180556,0,0,2,1,40,17,1,41,1,0,2,1,0.036000,0.030000,0.003527,0,1,1,2,17
_home_max_Documents_PhD_MAPF_LNS_MAPF_LNS_SAT_mapf-map_room-64-64-8_map-_home_max_Documents_PhD_MAPF_LNS_MAPF_LNS_SAT_mapf-scen-even_scen-even_room-64-64-8-even-1_scen-agents10-idx19-seed42-1783617180556,0,0,2,2,41,17,0,41,0,0,2,1,0.001000,0.000000,0.000000,0,0,0,0,0
_home_max_Documents_PhD_MAPF_LNS_MAPF_LNS_SAT_mapf-map_room-64-64-8_map-_home_max_Documents_PhD_MAPF_LNS_MAPF_LNS_SAT_mapf-scen-even_scen-even_room-64-64-8-even-1_scen-agents10-idx19-seed42-1783617180556,0,0,3,1,74,29,0,74,0,0,2,1,0.039000,0.039000,0.000000,0,1,0,0,0
_home_max_Documents_PhD_MAPF_LNS_MAPF_LNS_SAT_mapf-map_room-64-64-8_map-_home_max_Documents_PhD_MAPF_LNS_MAPF_LNS_SAT_mapf-scen-even_scen-even_room-64-64-8-even-1_scen-agents10-idx19-seed42-1783617180556,0,1,0,1,30,16,1,31,1,0,1,0,0.029000,0.020000,0.001212,0,1,1,2,16
_home_max_Documents_PhD_MAPF_LNS_MAPF_LNS_SAT_mapf-map_room-64-64-8_map-_home_max_Documents_PhD_MAPF_LNS_MAPF_LNS_SAT_mapf-scen-even_scen-even_room-64-64-8-even-1_scen-agents10-idx19-seed42-1783617180556,0,1,0,2,31,16,0,31,0,0,1,0,0.001000,0.001000,0.000000,0,0,0,0,0
_home_max_Documents_PhD_MAPF_LNS_MAPF_LNS_SAT_mapf-map_room-64-64-8_map-_home_max_Documents_PhD_MAPF_LNS_MAPF_LNS_SAT_mapf-scen-even_scen-even_room-64-64-8-even-1_scen-agents10-idx19-seed42-1783617180556,0,1,1,1,45,23,1,46,0,1,1,1,0.036000,0.029000,0.003381,0,1,1,3,23
_home_max_Documents_PhD_MAPF_LNS_MAPF_LNS_SAT_mapf-map_room-64-64-8_map-_home_max_Documents_PhD_MAPF_LNS_MAPF_LNS_SAT_mapf-scen-even_scen-even_room-64-64-8-even-1_scen-agents10-idx19-seed42-1783617180556,0,1,1,2,46,23,0,46,0,0,1,1,0.009000,0.004000,0.000745,0,0,1,7,31
_home_max_Documents_PhD_MAPF_LNS_MAPF_LNS_SAT_mapf-map_room-64-64-8_map-_home_max_Documents_PhD_MAPF_LNS_MAPF_LNS_SAT_mapf-scen-even_scen-even_room-64-64-8-even-1_scen-agents10-idx19-seed42-1783617180556,0,0,0,1,15,9,2,17,1,1,1,1,0.020000,0.013000,0.000488,0,1,1,1,9
_home_max_Documents_PhD_MAPF_LNS_MAPF_LNS_SAT_mapf-map_room-64-64-8_map-_home_max_Documents_PhD_MAPF_LNS_MAPF_LNS_SAT_mapf-scen-even_scen-even_room-64-64-8-even-1_scen-agents10-idx19-seed42-1783617180556,0,0,0,2,17,9,0,17,0,0,1,1,0.001000,0.001000,0.000000,0,0,0,0,0
_home_max_Documents_PhD_MAPF_LNS_MAPF_LNS_SAT_mapf-map_room-64-64-8_map-_home_max_Documents_PhD_MAPF_LNS_MAPF_LNS_SAT_mapf-scen-even_scen-even_room-64-64-8-even-1_scen-agents10-idx19-seed42-1783617180556,0,0,1,1,25,13,2,27,1,1,2,2,0.025000,0.019000,0.001234,0,1,1,1,13
_home_max_Documents_PhD_MAPF_LNS_MAPF_LNS_SAT_mapf-map_room-64-64-8_map-_home_max_Documents_PhD_MAPF_LNS_MAPF_LNS_SAT_mapf-scen-even_scen-even_room-64-64-8-even-1_scen-agents10-idx19-seed42-1783617180556,0,0,1,2,27,13,0,27,0,0,2,2,0.001000,0.000000,0.000000,0,0,0,0,0
_home_max_Documents_PhD_MAPF_LNS_MAPF_LNS_SAT_mapf-map_room-64-64-8_map-_home_max_Documents_PhD_MAPF_LNS_MAPF_LNS_SAT_mapf-scen-even_scen-even_room-64-64-8-even-1_scen-agents10-idx19-seed42-1783617180556,0,0,2,1,128,41,2,130,1,1,3,3,0.087000,0.080000,0.007506,0,1,1,11,41
_home_max_Documents_PhD_MAPF_LNS_MAPF_LNS_SAT_mapf-map_room-64-64-8_map-_home_max_Documents_PhD_MAPF_LNS_MAPF_LNS_SAT_mapf-scen-even_scen-even_room-64-64-8-even-1_scen-agents10-idx19-seed42-1783617180556,0,0,2,2,130,41,0,130,0,0,3,3,0.001000,0.001000,0.000000,0,0,0,0,0
_home_max_Documents_PhD_MAPF_LNS_MAPF_LNS_SAT_mapf-map_room-64-64-8_map-_home_max_Documents_PhD_MAPF_LNS_MAPF_LNS_SAT_mapf-scen-even_scen-even_room-64-64-8-even-1_scen-agents10-idx19-seed42-1783617180556,0,0,3,1,241,65,0,241,0,0,3,3,0.109000,0.109000,0.000000,0,1,0,0,0
_home_max_Documents_PhD_MAPF_LNS_MAPF_LNS_SAT_mapf-map_room-64-64-8_map-_home_max_Documents_PhD_MAPF_LNS_MAPF_LNS_SAT_mapf-scen-even_scen-even_room-64-64-8-even-1_scen-agents10-idx19-seed42-1783617180556,0,1,0,1,39,21,2,41,1,1,1,1,0.031000,0.022000,0.000560,0,1,1,1,21
_home_max_Documents_PhD_MAPF_LNS_MAPF_LNS_SAT_mapf-map_room-64-64-8_map-_home_max_Documents_PhD_MAPF_LNS_MAPF_LNS_SAT_mapf-scen-even_scen-even_room-64-64-8-even-1_scen-agents10-idx19-seed42-1783617180556,0,1,0,2,41,21,0,41,0,0,1,1,0.001000,0.001000,0.000000,0,0,0,0,0
_home_max_Documents_PhD_MAPF_LNS_MAPF_LNS_SAT_mapf-map_room-64-64-8_map-_home_max_Documents_PhD_MAPF_LNS_MAPF_LNS_SAT_mapf-scen-even_scen-even_room-64-64-8-even-1_scen-agents10-idx19-seed42-1783617180556,0,1,1,1,57,29,2,59,1,1,2,2,0.043000,0.034000,0.003024,0,1,1,2,29
_home_max_Documents_PhD_MAPF_LNS_MAPF_LNS_SAT_mapf-map_room-64-64-8_map-_home_max_Documents_PhD_MAPF_LNS_MAPF_LNS_SAT_mapf-scen-even_scen-even_room-64-64-8-even-1_scen-agents10-idx19-seed42-1783617180556,0,1,1,2,59,29,0,59,0,0,2,2,0.001000,0.000000,0.000000,0,0,0,0,0
_home_max_Documents_PhD_MAPF_LNS_MAPF_LNS_SAT_mapf-map_room-64-64-8_map-_home_max_Documents_PhD_MAPF_LNS_MAPF_LNS_SAT_mapf-scen-even_scen-even_room-64-64-8-even-1_scen-agents10-idx19-seed42-1783617180556,0,1,2,1,316,92,0,316,0,0,2,2,0.168000,0.159000,0.015020,0,1,1,15,110
_home_max_Documents_PhD_MAPF_LNS_MAPF_LNS_SAT_mapf-map_room-64-64-8_map-_home_max_Documents_PhD_MAPF_LNS_MAPF_LNS_SAT_mapf-scen-even_scen-even_room-64-64-8-even-1_scen-agents10-idx19-seed42-1783617180556,0,0,0,1,12,7,1,13,0,1,0,1,0.019000,0.013000,0.000923,0,1,1,2,7
_home_max_Documents_PhD_MAPF_LNS_MAPF_LNS_SAT_mapf-map_room-64-64-8_map-_home_max_Documents_PhD_MAPF_LNS_MAPF_LNS_SAT_mapf-scen-even_scen-even_room-64-64-8-even-1_scen-agents10-idx19-seed42-1783617180556,0,0,0,2,13,7,1,14,1,0,1,1,0.008000,0.004000,0.000199,0,0,1,3,9
_home_max_Documents_PhD_MAPF_LNS_MAPF_LNS_SAT_mapf-map_room-64-64-8_map-_home_max_Documents_PhD_MAPF_LNS_MAPF_LNS_SAT_mapf-scen-even_scen-even_room-64-64-8-even-1_scen-agents10-idx19-seed42-1783617180556,0,0,0,3,14,7,0,14,0,0,1,1,0.001000,0.001000,0.000000,0,0,0,0,0
_home_max_Documents_PhD_MAPF_LNS_MAPF_LNS_SAT_mapf-map_room-64-64-8_map-_home_max_Documents_PhD_MAPF_LNS_MAPF_LNS_SAT_mapf-scen-even_scen-even_room-64-64-8-even-1_scen-agents10-idx19-seed42-1783617180556,0,0,1,1,35,14,1,36,1,0,2,1,0.032000,0.027000,0.001785,0,1,1,2,14
_home_max_Documents_PhD_MAPF_LNS_MAPF_LNS_SAT_mapf-map_room-64-64-8_map-_home_max_Documents_PhD_MAPF_LNS_MAPF_LNS_SAT_mapf-scen-even_scen-even_room-64-64-8-even-1_scen-agents10-idx19-seed42-1783617180556,0,0,1,2,36,14,0,36,0,0,2,1,0.001000,0.001000,0.000000,0,0,0,0,0
_home_max_Documents_PhD_MAPF_LNS_MAPF_LNS_SAT_mapf-map_room-64-64-8_map-_home_max_Documents_PhD_MAPF_LNS_MAPF_LNS_SAT_mapf-scen-even_scen-even_room-64-64-8-even-1_scen-agents10-idx19-seed42-1783617180556,0,0,2,1,106,30,1,107,1,0,3,1,0.066000,0.060000,0.005927,0,1,1,7,37
_home_max_Documents_PhD_MAPF_LNS_MAPF_LNS_SAT_mapf-map_room-64-64-8_map-_home_max_Documents_PhD_MAPF_LNS_MAPF_LNS_SAT_mapf-scen-even_scen-even_room-64-64-8-even-1_scen-agents10-idx19-seed42-1783617180556,0,0,2,2,107,30,1,108,0,1,3,2,0.010000,0.005000,0.001322,0,0,1,11,58
_home_max_Documents_PhD_MAPF_LNS_MAPF_LNS_SAT_mapf-map_room-64-64-8_map-_home_max_Documents_PhD_MAPF_LNS_MAPF_LNS_SAT_mapf-scen-even_scen-even_room-64-64-8-even-1_scen-agents10-idx19-seed42-1783617180556,0,0,2,3,108,30,0,108,0,0,3,2,0.009000,0.009000,0.007251,0,0,0,12,73
_home_max_Documents_PhD_MAPF_LNS_MAPF_LNS_SAT_mapf-map_room-64-64-8_map-_home_max_Documents_PhD_MAPF_LNS_MAPF_LNS_SAT_mapf-scen-even_scen-even_room-64-64-8-even-1_scen-agents10-idx19-seed42-1783617180556,0,0,3,1,246,57,0,246,0,0,3,2,0.126000,0.119000,0.010561,0,1,1,15,70
_home_max_Documents_PhD_MAPF_LNS_MAPF_LNS_SAT_mapf-map_room-64-64-8_map-_home_max_Documents_PhD_MAPF_LNS_MAPF_LNS_SAT_mapf-scen-even_scen-even_room-64-64-8-even-1_scen-agents10-idx19-seed42-1783617180556,0,0,0,1,24,10,0,24,0,0,0,0,0.034000,0.027000,0.001983,0,1,1,5,10
_home_max_Documents_PhD_MAPF_LNS_MAPF_LNS_SAT_mapf-map_room-64-64-8_map-_home_max_Documents_PhD_MAPF_LNS_MAPF_LNS_SAT_mapf-scen-even_scen-even_room-64-64-8-even-1_scen-agents10-idx21-seed42-1783617180757,0,0,0,1,12,7,0,12,0,0,0,0,0.053000,0.046000,0.012403,0,1,1,2,7
_home_max_Documents_PhD_MAPF_LNS_MAPF_LNS_SAT_mapf-map_room-64-64-8_map-_home_max_Documents_PhD_MAPF_LNS_MAPF_LNS_SAT_mapf-scen-even_scen-even_room-64-64-8-even-1_scen-agents10-idx21-seed42-1783617180757,0,0,0,1,10,6,1,11,0,1,0,1,0.018000,0.011000,0.000687,0,1,1,1,6
_home_max_Documents_PhD_MAPF_LNS_MAPF_LNS_SAT_mapf-map_room-64-64-8_map-_home_max_Documents_PhD_MAPF_LNS_MAPF_LNS_SAT_mapf-scen-even_scen-even_room-64-64-8-even-1_scen-agents10-idx21-seed42-1783617180757,0,0,0,2,11,6,0,11,0,0,0,1,0.002000,0.002000,0.000000,0,0,0,0,0
_home_max_Documents_PhD_MAPF_LNS_MAPF_LNS_SAT_mapf-map_room-64-64-8_map-_home_max_Documents_PhD_MAPF_LNS_MAPF_LNS_SAT_mapf-scen-even_scen-even_room-64-64-8-even-1_scen-agents10-idx21-seed42-1783617180757,0,0,1,1,19,10,1,20,1,0,1,1,0.025000,0.019000,0.001274,0,1,1,2,10
_home_max_Documents_PhD_MAPF_LNS_MAPF_LNS_SAT_mapf-map_room-64-64-8_map-_home_max_Documents_PhD_MAPF_LNS_MAPF_LNS_SAT_mapf-scen-even_scen-even_room-64-64-8-even-1_scen-agents10-idx21-seed42-1783617180757,0,0,1,2,20,10,0,20,0,0,1,1,0.001000,0.001000,0.000000,0,0,0,0,0
_home_max_Documents_PhD_MAPF_LNS_MAPF_LNS_SAT_mapf-map_room-64-64-8_map-_home_max_Documents_PhD_MAPF_LNS_MAPF_LNS_SAT_mapf-scen-even_scen-even_room-64-64-8-even-1_scen-agents10-idx21-seed42-1783617180757,0,0,2,1,85,26,1,86,0,1,1,2,0.055000,0.050000,0.003662,0,1,1,5,26
_home_max_Documents_PhD_MAPF_LNS_MAPF_LNS_SAT_mapf-map_room-64-64-8_map-_home_max_Documents_PhD_MAPF_LNS_MAPF_LNS_SAT_mapf-scen-even_scen-even_room-64-64-8-even-1_scen-agents10-idx21-seed42-1783617180757,0,0,2,2,86,26,1,87,1,0,2,2,0.009000,0.005000,0.001443,0,0,1,8,45
_home_max_Documents_PhD_MAPF_LNS_MAPF_LNS_SAT_mapf-map_room-64-64-8_map-_home_max_Documents_PhD_MAPF_LNS_MAPF_LNS_SAT_mapf-scen-even_scen-even_room-64-64-8-even-1_scen-agents10-idx21-seed42-1783617180757,0,0,2,3,87,26,0,87,0,0,2,2,0.010000,0.005000,0.002850,0,0,1,17,69
_home_max_Documents_PhD_MAPF_LNS_MAPF_LNS_SAT_mapf-map_room-64-64-8_map-_home_max_Documents_PhD_MAPF_LNS_MAPF_LNS_SAT_mapf-scen-even_scen-even_room-64-64-8-even-1_scen-agents10-idx21-seed42-1783617180757,0,0,0,1,10,6,1,11,1,0,1,0,0.017000,0.011000,0.000562,0,1,1,1,6
_home_max_Documents_PhD_MAPF_LNS_MAPF_LNS_SAT_mapf-map_room-64-64-8_map-_home_max_Documents_PhD_MAPF_LNS_MAPF_LNS_SAT_mapf-scen-even_scen-even_room-64-64-8-even-1_scen-agents10-idx21-seed42-1783617180757,0,0,0,2,11,6,0,11,0,0,1,0,0.001000,0.001000,0.000000,0,0,0,0,0
_home_max_Documents_PhD_MAPF_LNS_MAPF_LNS_SAT_mapf-map_room-64-64-8_map-_home_max_Documents_PhD_MAPF_LNS_MAPF_LNS_SAT_mapf-scen-even_scen-even_room-64-64-8-even-1_scen-agents10-idx21-seed42-1783617180757,0,0,1,1,17,9,1,18,0,1,1,1,0.021000,0.015000,0.001585,0,1,1,1,9
_home_max_Documents_PhD_MAPF_LNS_MAPF_LNS_SAT_mapf-map_room-64-64-8_map-_home_max_Documents_PhD_MAPF_LNS_MAPF_LNS_SAT_mapf-scen-even_scen-even_room-64-64-8-even-1_scen-agents10-idx21-seed42-1783617180757,0,0,1,2,18,9,0,18,0,0,1,1,0.001000,0.001000,0.000000,0,0,0,0,0
_home_max_Documents_PhD_MAPF_LNS_MAPF_LNS_SAT_mapf-map_room-64-64-8_map-_home_max_Documents_PhD_MAPF_LNS_MAPF_LNS_SAT_mapf-scen-even_scen-even_room-64-64-8-even-1_scen-agents10-idx21-seed42-1783617180757,0,0,2,1,50,19,1,51,1,0,2,1,0.044000,0.036000,0.003541,0,1,1,2,19
_home_max_Documents_PhD_MAPF_LNS_MAPF_LNS_SAT_mapf-map_room-64-64-8_map-_home_max_Documents_PhD_MAPF_LNS_MAPF_LNS_SAT_mapf-scen-even_scen-even_room-64-64-8-even-1_scen-agents10-idx21-seed42-1783617180757,0,0,2,2,51,19,0,51,0,0,2,1,0.001000,0.000000,0.000000,0,0,0,0,0
_home_max_Documents_PhD_MAPF_LNS_MAPF_LNS_SAT_mapf-map_room-64-64-8_map-_home_max_Documents_PhD_MAPF_LNS_MAPF_LNS_SAT_mapf-scen-even_scen-even_room-64-64-8-even-1_scen-agents10-idx21-seed42-1783617180757,0,0,3,1,99,34,0,99,0,0,2,1,0.050000,0.050000,0.000000,0,1,0,0,0
_home_max_Documents_PhD_MAPF_LNS_MAPF_LNS_SAT_mapf-map_room-64-64-8_map-_home_max_Documents_PhD_MAPF_LNS_MAPF_LNS_SAT_mapf-scen-even_scen-even_room-64-64-8-even-1_scen-agents10-idx21-seed42-1783617180757,0,1,0,1,26,14,1,27,1,0,1,0,0.024000,0.017000,0.000471,0,1,1,1,14
_home_max_Documents_PhD_MAPF_LNS_MAPF_LNS_SAT_mapf-map_room-64-64-8_map-_home_max_Documents_PhD_MAPF_LNS_MAPF_LNS_SAT_mapf-scen-even_scen-even_room-64-64-8-even-1_scen-agents10-idx21-seed42-1783617180757,0,1,0,2,27,14,0,27,0,0,1,0,0.001000,0.001000,0.000000,0,0,0,0,0
_home_max_Documents_PhD_MAPF_LNS_MAPF_LNS_SAT_mapf-map_room-64-64-8_map-_home_max_Documents_PhD_MAPF_LNS_MAPF_LNS_SAT_mapf-scen-even_scen-even_room-64-64-8-even-1_scen-agents10-idx21-seed42-1783617180757,0,1,1,1,41,21,1,42,0,1,1,1,0.034000,0.027000,0.003011,0,1,1,2,21
_home_max_Documents_PhD_MAPF_LNS_MAPF_LNS_SAT_mapf-map_room-64-64-8_map-_home_max_Documents_PhD_MAPF_LNS_MAPF_LNS_SAT_mapf-scen-even_scen-even_room-64-64-8-even-1_scen-agents10-idx21-seed42-1783617180757,0,1,1,2,42,21,0,42,0,0,1,1,0.001000,0.001000,0.000000,0,0,0,0,0
_home_max_Documents_PhD_MAPF_LNS_MAPF_LNS_SAT_mapf-map_room-64-64-8_map-_home_max_Documents_PhD_MAPF_LNS_MAPF_LNS_SAT_mapf-scen-even_scen-even_room-64-64-8-even-1_scen-agents10-idx21-seed42-1783617180757,0,1,2,1,176,51,1,177,1,0,2,1,0.105000,0.097000,0.010430,0,1,1,10,64
_home_max_Documents_PhD_MAPF_LNS_MAPF_LNS_SAT_mapf-map_room-64-64-8_map-_home_max_Documents_PhD_MAPF_LNS_MAPF_LNS_SAT_mapf-scen-even_scen-even_room-64-64-8-even-1_scen-agents10-idx21-seed42-1783617180757,0,1,2,2,177,51,0,177,0,0,2,1,0.015000,0.010000,0.006042,0,0,1,22,109
_home_max_Documents_PhD_MAPF_LNS_MAPF_LNS_SAT_mapf-map_room-64-64-8_map-_home_max_Documents_PhD_MAPF_LNS_MAPF_LNS_SAT_mapf-scen-even_scen-even_room-64-64-8-even-1_scen-agents10-idx21-seed42-1783617180757,0,0,0,1,12,7,1,13,0,1,0,1,0.018000,0.013000,0.000888,0,1,1,2,7
_home_max_Documents_PhD_MAPF_LNS_MAPF_LNS_SAT_mapf-map_room-64-64-8_map-_home_max_Documents_PhD_MAPF_LNS_MAPF_LNS_SAT_mapf-scen-even_scen-even_room-64-64-8-even-1_scen-agents10-idx21-seed42-1783617180757,0,0,0,2,13,7,0,13,0,0,0,1,0.007000,0.003000,0.000204,0,0,1,3,9
_home_max_Documents_PhD_MAPF_LNS_MAPF_LNS_SAT_mapf-map_room-64-64-8_map-_home_max_Documents_PhD_MAPF_LNS_MAPF_LNS_SAT_mapf-scen-even_scen-even_room-64-64-8-even-1_scen-agents10-idx22-seed42-1783617180858,0,0,0,1,21,12,4,25,4,0,4,0,0.056000,0.046000,0.011090,0,1,1,1,12
_home_max_Documents_PhD_MAPF_LNS_MAPF_LNS_SAT_mapf-map_room-64-64-8_map-_home_max_Documents_PhD_MAPF_LNS_MAPF_LNS_SAT_mapf-scen-even_scen-even_room-64-64-8-even-1_scen-agents10-idx22-seed42-1783617180858,0,0,0,2,25,12,0,25,0,0,4,0,0.002000,0.001000,0.000000,0,0,0,0,0
_home_max_Documents_PhD_MAPF_LNS_MAPF_LNS_SAT_mapf-map_room-64-64-8_map-_home_max_Documents_PhD_MAPF_LNS_MAPF_LNS_SAT_mapf-scen-even_scen-even_room-64-64-8-even-1_scen-agents10-idx22-seed42-1783617180858,0,0,1,1,37,18,0,37,0,0,4,0,0.031000,0.025000,0.002307,0,1,1,1,18
_home_max_Documents_PhD_MAPF_LNS_MAPF_LNS_SAT_mapf-map_room-64-64-8_map-_home_max_Documents_PhD_MAPF_LNS_MAPF_LNS_SAT_mapf-scen-even_scen-even_room-64-64-8-even-1_scen-agents10-idx22-seed42-1783617180858,0,0,0,1,16,10,1,17,0,1,0,1,0.020000,0.014000,0.000445,0,1,1,1,10
_home_max_Documents_PhD_MAPF_LNS_MAPF_LNS_SAT_mapf-map_room-64-64-8_map-_home_max_Documents_PhD_MAPF_LNS_MAPF_LNS_SAT_mapf-scen-even_scen-even_room-64-64-8-even-1_scen-agents10-idx22-seed42-1783617180858,0,0,0,2,17,10,0,17,0,0,0,1,0.002000,0.001000,0.000000,0,0,0,0,0
_home_max_Documents_PhD_MAPF_LNS_MAPF_LNS_SAT_mapf-map_room-64-64-8_map-_home_max_Documents_PhD_MAPF_LNS_MAPF_LNS_SAT_mapf-scen-even_scen-even_room-64-64-8-even-1_scen-agents10-idx22-seed42-1783617180858,0,0,1,1,27,15,1,28,1,0,1,1,0.027000,0.020000,0.001681,0,1,1,2,15
_home_max_Documents_PhD_MAPF_LNS_MAPF_LNS_SAT_mapf-map_room-64-64-8_map-_home_max_Documents_PhD_MAPF_LNS_MAPF_LNS_SAT_mapf-scen-even_scen-even_room-64-64-8-even-1_scen-agents10-idx22-seed42-1783617180858,0,0,1,2,28,15,0,28,0,0,1,1,0.001000,0.001000,0.000000,0,0,0,0,0
_home_max_Documents_PhD_MAPF_LNS_MAPF_LNS_SAT_mapf-map_room-64-64-8_map-_home_max_Documents_PhD_MAPF_LNS_MAPF_LNS_SAT_mapf-scen-even_scen-even_room-64-64-8-even-1_scen-agents10-idx22-seed42-1783617180858,0,0,2,1,62,27,2,64,1,1,2,2,0.047000,0.038000,0.002782,0,1,1,3,27
_home_max_Documents_PhD_MAPF_LNS_MAPF_LNS_SAT_mapf-map_room-64-64-8_map-_home_max_Documents_PhD_MAPF_LNS_MAPF_LNS_SAT_mapf-scen-even_scen-even_room-64-64-8-even-1_scen-agents10-idx22-seed42-1783617180858,0,0,2,2,64,27,2,66,1,1,3,3,0.012000,0.006000,0.001332,0,0,1,6,40
_home_max_Documents_PhD_MAPF_LNS_MAPF_LNS_SAT_mapf-map_room-64-64-8_map-_home_max_Documents_PhD_MAPF_LNS_MAPF_LNS_SAT_mapf-scen-even_scen-even_room-64-64-8-even-1_scen-agents10-idx22-seed42-1783617180858,0,0,2,3,66,27,0,66,0,0,3,3,0.002000,0.002000,0.000000,0,0,0,0,0
_home_max_Documents_PhD_MAPF_LNS_MAPF_LNS_SAT_mapf-map_room-64-64-8_map-_home_max_Documents_PhD_MAPF_LNS_MAPF_LNS_SAT_mapf-scen-even_scen-even_room-64-64-8-even-1_scen-agents10-idx22-seed42-1783617180858,0,0,3,1,179,52,1,180,1,0,4,3,0.104000,0.095000,0.009663,0,1,1,11,57
_home_max_Documents_PhD_MAPF_LNS_MAPF_LNS_SAT_mapf-map_room-64-64-8_map-_home_max_Documents_PhD_MAPF_LNS_MAPF_LNS_SAT_mapf-scen-even_scen-even_room-64-64-8-even-1_scen-agents10-idx22-seed42-1783617180858,0,0,3,2,180,52,1,181,0,1,4,4,0.014000,0.006000,0.002833,0,0,1,17,87
_home_max_Documents_PhD_MAPF_LNS_MAPF_LNS_SAT_mapf-map_room-64-64-8_map-_home_max_Documents_PhD_MAPF_LNS_MAPF_LNS_SAT_mapf-scen-even_scen-even_room-64-64-8-even-1_scen-agents10-idx22-seed42-1783617180858,0,0,3,3,181,52,1,182,1,0,5,4,0.013000,0.005000,0.002228,0,0,1,22,116
_home_max_Documents_PhD_MAPF_LNS_MAPF_LNS_SAT_mapf-map_room-64-64-8_map-_home_max_Documents_PhD_MAPF_LNS_MAPF_LNS_SAT_mapf-scen-even_scen-even_room-64-64-8-even-1_scen-agents10-idx22-seed42-1783617180858,0,0,3,4,182,52,0,182,0,0,5,4,0.012000,0.006000,0.003216,0,0,1,28,150
_home_max_Documents_PhD_MAPF_LNS_MAPF_LNS_SAT_mapf-map_room-64-64-8_map-_home_max_Documents_PhD_MAPF_LNS_MAPF_LNS_SAT_mapf-scen-even_scen-even_room-64-64-8-even-1_scen-agents10-idx22-seed42-1783617180858,0,0,0,1,10,6,1,11,0,1,0,1,0.017000,0.011000,0.000501,0,1,1,1,6
_home_max_Documents_PhD_MAPF_LNS_MAPF_LNS_SAT_mapf-map_room-64-64-8_map-_home_max_Documents_PhD_MAPF_LNS_MAPF_LNS_SAT_mapf-scen-even_scen-even_room-64-64-8-even-1_scen-agents10-idx22-seed42-1783617180858,0,0,0,2,11,6,0,11,0,0,0,1,0.002000,0.001000,0.000000,0,0,0,0,0
_home_max_Documents_PhD_MAPF_LNS_MAPF_LNS_SAT_mapf-map_room-64-64-8_map-_home_max_Documents_PhD_MAPF_LNS_MAPF_LNS_SAT_mapf-scen-even_scen-even_room-64-64-8-even-1_scen-agents10-idx22-seed42-1783617180858,0,0,1,1,19,10,1,20,1,0,1,1,0.022000,0.016000,0.001160,0,1,1,2,10
_home_max_Documents_PhD_MAPF_LNS_MAPF_LNS_SAT_mapf-map_room-64-64-8_map-_home_max_Documents_PhD_MAPF_LNS_MAPF_LNS_SAT_mapf-scen-even_scen-even_room-64-64-8-even-1_scen-agents10-idx22-seed42-1783617180858,0,0,1,2,20,10,0,20,0,0,1,1,0.001000,0.001000,0.000000,0,0,0,0,0
_home_max_Documents_PhD_MAPF_LNS_MAPF_LNS_SAT_mapf-map_room-64-64-8_map-_home_max_Documents_PhD_MAPF_LNS_MAPF_LNS_SAT_mapf-scen-even_scen-even_room-64-64-8-even-1_scen-agents10-idx22-seed42-1783617180858,0,0,2,1,85,26,1,86,0,1,1,2,0.057000,0.051000,0.003371,0,1,1,6,26
_home_max_Documents_PhD_MAPF_LNS_MAPF_LNS_SAT_mapf-map_room-64-64-8_map-_home_max_Documents_PhD_MAPF_LNS_MAPF_LNS_SAT_mapf-scen-even_scen-even_room-64-64-8-even-1_scen-agents10-idx22-seed42-1783617180858,0,0,2,2,86,26,1,87,1,0,2,2,0.009000,0.004000,0.001366,0,0,1,9,45
_home_max_Documents_PhD_MAPF_LNS_MAPF_LNS_SAT_mapf-map_room-64-64-8_map-_home_max_Documents_PhD_MAPF_LNS_MAPF_LNS_SAT_mapf-scen-even_scen-even_room-64-64-8-even-1_scen-agents10-idx22-seed42-1783617180858,0,0,2,3,87,26,0,87,0,0,2,2,0.009000,0.005000,0.002699,0,0,1,20,69
_home_max_Documents_PhD_MAPF_LNS_MAPF_LNS_SAT_mapf-map_room-64-64-8_map-_home_max_Documents_PhD_MAPF_LNS_MAPF_LNS_SAT_mapf-scen-even_scen-even_room-64-64-8-even-1_scen-agents10-idx22-seed42-1783617180858,0,0,0,1,15,8,1,16,0,1,0,1,0.022000,0.016000,0.001199,0,1,1,3,8
_home_max_Documents_PhD_MAPF_LNS_MAPF_LNS_SAT_mapf-map_room-64-64-8_map-_home_max_Documents_PhD_MAPF_LNS_MAPF_LNS_SAT_mapf-scen-even_scen-even_room-64-64-8-even-1_scen-agents10-idx22-seed42-1783617180858,0,0,0,2,16,8,1,17,1,0,1,1,0.007000,0.003000,0.000303,0,0,1,5,11
_home_max_Documents_PhD_MAPF_LNS_MAPF_LNS_SAT_mapf-map_room-64-64-8_map-_home_max_Documents_PhD_MAPF_LNS_MAPF_LNS_SAT_mapf-scen-even_scen-even_room-64-64-8-even-1_scen-agents10-idx22-seed42-1783617180858,0,0,0,3,17,8,1,18,0,1,1,2,0.006000,0.003000,0.000148,0,0,1,6,13
_home_max_Documents_PhD_MAPF_LNS_MAPF_LNS_SAT_mapf-map_room-64-64-8_map-_home_max_Documents_PhD_MAPF_LNS_MAPF_LNS_SAT_mapf-scen-even_scen-even_room-64-64-8-even-1_scen-agents10-idx22-seed42-1783617180858,0,0,0,4,18,8,0,18,0,0,1,2,0.001000,0.001000,0.000000,0,0,0,0,0
_home_max_Documents_PhD_MAPF_LNS_MAPF_LNS_SAT_mapf-map_room-64-64-8_map-_home_max_Documents_PhD_MAPF_LNS_MAPF_LNS_SAT_mapf-scen-even_scen-even_room-64-64-8-even-1_scen-agents10-idx22-seed42-1783617180858,0,0,1,1,27,12,1,28,1,0,2,2,0.026000,0.021000,0.001622,0,1,1,1,12
_home_max_Documents_PhD_MAPF_LNS_MAPF_LNS_SAT_mapf-map_room-64-64-8_map-_home_max_Documents_PhD_MAPF_LNS_MAPF_LNS_SAT_mapf-scen-even_scen-even_room-64-64-8-even-1_scen-agents10-idx22-seed42-1783617180858,0,0,1,2,28,12,0,28,0,0,2,2,0.001000,0.000000,0.000000,0,0,0,0,0
_home_max_Documents_PhD_MAPF_LNS_MAPF_LNS_SAT_mapf-map_room-64-64-8_map-_home_max_Documents_PhD_MAPF_LNS_MAPF_LNS_SAT_mapf-scen-even_scen-even_room-64-64-8-even-1_scen-agents10-idx22-seed42-1783617180858,0,0,2,1,120,30,0,120,0,0,2,2,0.072000,0.068000,0.008736,0,1,1,8,38
_home_max_Documents_PhD_MAPF_LNS_MAPF_LNS_SAT_mapf-map_room-64-64-8_map-_home_max_Documents_PhD_MAPF_LNS_MAPF_LNS_SAT_mapf-scen-even_scen-even_room-64-64-8-even-1_scen-agents10-idx22-seed42-1783617180858,0,0,0,1,24,10,0,24,0,0,0,0,0.024000,0.019000,0.001404,0,1,1,5,10
_home_max_Documents_PhD_MAPF_LNS_MAPF_LNS_SAT_mapf-map_room-64-64-8_map-_home_max_Documents_PhD_MAPF_LNS_MAPF_LNS_SAT_mapf-scen-even_scen-even_room-64-64-8-even-1_scen-agents10-idx24-seed42-1783617181007,0,0,0,1,10,6,1,11,0,1,0,1,0.043000,0.035000,0.007330,0,1,1,1,6
_home_max_Documents_PhD_MAPF_LNS_MAPF_LNS_SAT_mapf-map_room-64-64-8_map-_home_max_Documents_PhD_MAPF_LNS_MAPF_LNS_SAT_mapf-scen-even_scen-even_room-64-64-8-even-1_scen-agents10-idx24-seed42-1783617181007,0,0,0,2,11,6,0,11,0,0,0,1,0.002000,0.002000,0.000000,0,0,0,0,0
_home_max_Documents_PhD_MAPF_LNS_MAPF_LNS_SAT_mapf-map_room-64-64-8_map-_home_max_Documents_PhD_MAPF_LNS_MAPF_LNS_SAT_mapf-scen-even_scen-even_room-64-64-8-even-1_scen-agents10-idx24-seed42-1783617181007,0,0,1,1,19,10,1,20,1,0,1,1,0.023000,0.017000,0.001722,0,1,1,2,10
_home_max_Documents_PhD_MAPF_LNS_MAPF_LNS_SAT_mapf-map_room-64-64-8_map-_home_max_Documents_PhD_MAPF_LNS_MAPF_LNS_SAT_mapf-scen-even_scen-even_room-64-64-8-even-1_scen-agents10-idx24-seed42-1783617181007,0,0,1,2,20,10,0,20,0,0,1,1,0.001000,0.001000,0.000000,0,0,0,0,0
_home_max_Documents_PhD_MAPF_LNS_MAPF_LNS_SAT_mapf-map_room-64-64-8_map-_home_max_Documents_PhD_MAPF_LNS_MAPF_LNS_SAT_mapf-scen-even_scen-even_room-64-64-8-even-1_scen-agents10-idx24-seed42-1783617181007,0,0,2,1,60,22,1,61,0,1,1,2,0.047000,0.041000,0.003341,0,1,1,5,22
_home_max_Documents_PhD_MAPF_LNS_MAPF_LNS_SAT_mapf-map_room-64-64-8_map-_home_max_Documents_PhD_MAPF_LNS_MAPF_LNS_SAT_mapf-scen-even_scen-even_room-64-64-8-even-1_scen-agents10-idx24-seed42-1783617181007,0,0,2,2,61,22,1,62,1,0,2,2,0.009000,0.004000,0.001209,0,0,1,8,37
_home_max_Documents_PhD_MAPF_LNS_MAPF_LNS_SAT_mapf-map_room-64-64-8_map-_home_max_Documents_PhD_MAPF_LNS_MAPF_LNS_SAT_mapf-scen-even_scen-even_room-64-64-8-even-1_scen-agents10-idx24-seed42-1783617181007,0,0,2,3,62,22,0,62,0,0,2,2,0.010000,0.006000,0.003352,0,0,1,17,59
_home_max_Documents_PhD_MAPF_LNS_MAPF_LNS_SAT_mapf-map_room-64-64-8_map-_home_max_Documents_PhD_MAPF_LNS_MAPF_LNS_SAT_mapf-scen-even_scen-even_room-64-64-8-even-1_scen-agents10-idx24-seed42-1783617181007,0,0,0,1,10,6,1,11,1,0,1,0,0.016000,0.011000,0.000596,0,1,1,1,6
_home_max_Documents_PhD_MAPF_LNS_MAPF_LNS_SAT_mapf-map_room-64-64-8_map-_home_max_Documents_PhD_MAPF_LNS_MAPF_LNS_SAT_mapf-scen-even_scen-even_room-64-64-8-even-1_scen-agents10-idx24-seed42-1783617181007,0,0,0,2,11,6,0,11,0,0,1,0,0.001000,0.001000,0.000000,0,0,0,0,0
_home_max_Documents_PhD_MAPF_LNS_MAPF_LNS_SAT_mapf-map_room-64-64-8_map-_home_max_Documents_PhD_MAPF_LNS_MAPF_LNS_SAT_mapf-scen-even_scen-even_room-64-64-8-even-1_scen-agents10-idx24-seed42-1783617181007,0,0,1,1,17,9,1,18,0,1,1,1,0.021000,0.016000,0.001657,0,1,1,1,9
_home_max_Documents_PhD_MAPF_LNS_MAPF_LNS_SAT_mapf-map_room-64-64-8_map-_home_max_Documents_PhD_MAPF_LNS_MAPF_LNS_SAT_mapf-scen-even_scen-even_room-64-64-8-even-1_scen-agents10-idx24-seed42-1783617181007,0,0,1,2,18,9,0,18,0,0,1,1,0.001000,0.001000,0.000000,0,0,0,0,0
_home_max_Documents_PhD_MAPF_LNS_MAPF_LNS_SAT_mapf-map_room-64-64-8_map-_home_max_Documents_PhD_MAPF_LNS_MAPF_LNS_SAT_mapf-scen-even_scen-even_room-64-64-8-even-1_scen-agents10-idx24-seed42-1783617181007,0,0,2,1,50,19,1,51,1,0,2,1,0.040000,0.035000,0.003611,0,1,1,2,19
_home_max_Documents_PhD_MAPF_LNS_MAPF_LNS_SAT_mapf-map_room-64-64-8_map-_home_max_Documents_PhD_MAPF_LNS_MAPF_LNS_SAT_mapf-scen-even_scen-even_room-64-64-8-even-1_scen-agents10-idx24-seed42-1783617181007,0,0,2,2,51,19,0,51,0,0,2,1,0.001000,0.000000,0.000000,0,0,0,0,0
_home_max_Documents_PhD_MAPF_LNS_MAPF_LNS_SAT_mapf-map_room-64-64-8_map-_home_max_Documents_PhD_MAPF_LNS_MAPF_LNS_SAT_mapf-scen-even_scen-even_room-64-64-8-even-1_scen-agents10-idx24-seed42-1783617181007,0,0,3,1,99,34,0,99,0,0,2,1,0.049000,0.049000,0.000000,0,1,0,0,0
_home_max_Documents_PhD_MAPF_LNS_MAPF_LNS_SAT_mapf-map_room-64-64-8_map-_home_max_Documents_PhD_MAPF_LNS_MAPF_LNS_SAT_mapf-scen-even_scen-even_room-64-64-8-even-1_scen-agents10-idx24-seed42-1783617181007,0,1,0,1,41,21,1,42,1,0,1,0,0.035000,0.027000,0.002064,0,1,1,4,21
_home_max_Documents_PhD_MAPF_LNS_MAPF_LNS_SAT_mapf-map_room-64-64-8_map-_home_max_Documents_PhD_MAPF_LNS_MAPF_LNS_SAT_mapf-scen-even_scen-even_room-64-64-8-even-1_scen-agents10-idx24-seed42-1783617181007,0,1,0,2,42,21,0,42,0,0,1,0,0.009000,0.004000,0.001233,0,0,1,7,34
_home_max_Documents_PhD_MAPF_LNS_MAPF_LNS_SAT_mapf-map_room-64-64-8_map-_home_max_Documents_PhD_MAPF_LNS_MAPF_LNS_SAT_mapf-scen-even_scen-even_room-64-64-8-even-1_scen-agents10-idx24-seed42-1783617181007,0,0,0,1,24,10,1,25,0,1,0,1,0.026000,0.020000,0.001481,0,1,1,5,10
_home_max_Documents_PhD_MAPF_LNS_MAPF_LNS_SAT_mapf-map_room-64-64-8_map-_home_max_Documents_PhD_MAPF_LNS_MAPF_LNS_SAT_mapf-scen-even_scen-even_room-64-64-8-even-1_scen-agents10-idx24-seed42-1783617181007,0,0,0,2,25,10,1,26,0,1,0,2,0.008000,0.004000,0.000610,0,0,1,9,15
_home_max_Documents_PhD_MAPF_LNS_MAPF_LNS_SAT_mapf-map_room-64-64-8_map-_home_max_Documents_PhD_MAPF_LNS_MAPF_LNS_SAT_mapf-scen-even_scen-even_room-64-64-8-even-1_scen-agents10-idx24-seed42-1783617181007,0,0,0,3,26,10,0,26,0,0,0,2,0.006000,0.003000,0.000308,0,0,1,12,19
_home_max_Documents_PhD_MAPF_LNS_MAPF_LNS_SAT_mapf-map_room-64-64-8_map-_home_max_Documents_PhD_MAPF_LNS_MAPF_LNS_SAT_mapf-scen-even_scen-even_room-64-64-8-even-1_scen-agents10-idx24-seed42-1783617181007,0,0,0,1,24,10,0,24,0,0,0,0,0.023000,0.018000,0.001129,0,1,1,5,10
_home_max_Documents_PhD_MAPF_LNS_MAPF_LNS_SAT_mapf-map_room-64-64-8_map-_home_max_Documents_PhD_MAPF_LNS_MAPF_LNS_SAT_mapf-scen-even_scen-even_room-64-64-8-even-1_scen-agents10-idx24-seed42-1783617181007,0,0,0,1,24,10,0,24,0,0,0,0,0.023000,0.019000,0.001159,0,1,1,5,10
_home_max_Documents_PhD_MAPF_LNS_MAPF_LNS_SAT_mapf-map_room-64-64-8_map-_home_max_Documents_PhD_MAPF_LNS_MAPF_LNS_SAT_mapf-scen-even_scen-even_room-64-64-8-even-1_scen-agents10-idx25-seed42-1783617181057,0,0,0,1,10,6,1,11,0,1,0,1,0.046000,0.038000,0.007339,0,1,1,1,6
_home_max_Documents_PhD_MAPF_LNS_MAPF_LNS_SAT_mapf-map_room-64-64-8_map-_home_max_Documents_PhD_MAPF_LNS_MAPF_LNS_SAT_mapf-scen-even_scen-even_room-64-64-8-even-1_scen-agents10-idx25-seed42-1783617181057,0,0,0,2,11,6,0,11,0,0,0,1,0.003000,0.002000,0.000000,0,0,0,0,0
_home_max_Documents_PhD_MAPF_LNS_MAPF_LNS_SAT_mapf-map_room-64-64-8_map-_home_max_Documents_PhD_MAPF_LNS_MAPF_LNS_SAT_mapf-scen-even_scen-even_room-64-64-8-even-1_scen-agents10-idx25-seed42-1783617181057,0,0,1,1,19,10,1,20,1,0,1,1,0.024000,0.018000,0.001488,0,1,1,2,10
_home_max_Documents_PhD_MAPF_LNS_MAPF_LNS_SAT_mapf-map_room-64-64-8_map-_home_max_Documents_PhD_MAPF_LNS_MAPF_LNS_SAT_mapf-scen-even_scen-even_room-64-64-8-even-1_scen-agents10-idx25-seed42-1783617181057,0,0,1,2,20,10,0,20,0,0,1,1,0.001000,0.001000,0.000000,0,0,0,0,0
_home_max_Documents_PhD_MAPF_LNS_MAPF_LNS_SAT_mapf-map_room-64-64-8_map-_home_max_Documents_PhD_MAPF_LNS_MAPF_LNS_SAT_mapf-scen-even_scen-even_room-64-64-8-even-1_scen-agents10-idx25-seed42-1783617181057,0,0,2,1,60,22,1,61,0,1,1,2,0.046000,0.040000,0.003239,0,1,1,5,22
_home_max_Documents_PhD_MAPF_LNS_MAPF_LNS_SAT_mapf-map_room-64-64-8_map-_home_max_Documents_PhD_MAPF_LNS_MAPF_LNS_SAT_mapf-scen-even_scen-even_room-64-64-8-even-1_scen-agents10-idx25-seed42-1783617181057,0,0,2,2,61,22,1,62,1,0,2,2,0.009000,0.005000,0.001394,0,0,1,8,37
_home_max_Documents_PhD_MAPF_LNS_MAPF_LNS_SAT_mapf-map_room-64-64-8_map-_home_max_Documents_PhD_MAPF_LNS_MAPF_LNS_SAT_mapf-scen-even_scen-even_room-64-64-8-even-1_scen-agents10-idx25-seed42-1783617181057,0,0,2,3,62,22,0,62,0,0,2,2,0.011000,0.006000,0.003174,0,0,1,17,59
_home_max_Documents_PhD_MAPF_LNS_MAPF_LNS_SAT_mapf-map_room-64-64-8_map-_home_max_Documents_PhD_MAPF_LNS_MAPF_LNS_SAT_mapf-scen-even_scen-even_room-64-64-8-even-1_scen-agents10-idx26-seed42-1783617181107,0,0,0,1,10,6,1,11,0,1,0,1,0.049000,0.041000,0.008170,0,1,1,1,6
_home_max_Documents_PhD_MAPF_LNS_MAPF_LNS_SAT_mapf-map_room-64-64-8_map-_home_max_Documents_PhD_MAPF_LNS_MAPF_LNS_SAT_mapf-scen-even_scen-even_room-64-64-8-even-1_scen-agents10-idx26-seed42-1783617181107,0,0,0,2,11,6,0,11,0,0,0,1,0.002000,0.002000,0.000000,0,0,0,0,0
_home_max_Documents_PhD_MAPF_LNS_MAPF_LNS_SAT_mapf-map_room-64-64-8_map-_home_max_Documents_PhD_MAPF_LNS_MAPF_LNS_SAT_mapf-scen-even_scen-even_room-64-64-8-even-1_scen-agents10-idx26-seed42-1783617181107,0,0,1,1,19,10,1,20,1,0,1,1,0.023000,0.017000,0.001536,0,1,1,2,10
_home_max_Documents_PhD_MAPF_LNS_MAPF_LNS_SAT_mapf-map_room-64-64-8_map-_home_max_Documents_PhD_MAPF_LNS_MAPF_LNS_SAT_mapf-scen-even_scen-even_room-64-64-8-even-1_scen-agents10-idx26-seed42-1783617181107,0,0,1,2,20,10,0,20,0,0,1,1,0.001000,0.001000,0.000000,0,0,0,0,0
_home_max_Documents_PhD_MAPF_LNS_MAPF_LNS_SAT_mapf-map_room-64-64-8_map-_home_max_Documents_PhD_MAPF_LNS_MAPF_LNS_SAT_mapf-scen-even_scen-even_room-64-64-8-even-1_scen-agents10-idx26-seed42-1783617181107,0,0,2,1,85,26,1,86,0,1,1,2,0.059000,0.053000,0.003849,0,1,1,6,26
_home_max_Documents_PhD_MAPF_LNS_MAPF_LNS_SAT_mapf-map_room-64-64-8_map-_home_max_Documents_PhD_MAPF_LNS_MAPF_LNS_SAT_mapf-scen-even_scen-even_room-64-64-8-even-1_scen-agents10-idx26-seed42-1783617181107,0,0,2,2,86,26,1,87,1,0,2,2,0.010000,0.005000,0.001301,0,0,1,9,45
_home_max_Documents_PhD_MAPF_LNS_MAPF_LNS_SAT_mapf-map_room-64-64-8_map-_home_max_Documents_PhD_MAPF_LNS_MAPF_LNS_SAT_mapf-scen-even_scen-even_room-64-64-8-even-1_scen-agents10-idx26-seed42-1783617181107,0,0,2,3,87,26,0,87,0,0,2,2,0.011000,0.007000,0.003894,0,0,1,20,69
_home_max_Documents_PhD_MAPF_LNS_MAPF_LNS_SAT_mapf-map_room-64-64-8_map-_home_max_Documents_PhD_MAPF_LNS_MAPF_LNS_SAT_mapf-scen-even_scen-even_room-64-64-8-even-1_scen-agents10-idx27-seed42-1783617181158,0,0,0,1,10,6,1,11,0,1,0,1,0.044000,0.037000,0.007101,0,1,1,1,6
_home_max_Documents_PhD_MAPF_LNS_MAPF_LNS_SAT_mapf-map_room-64-64-8_map-_home_max_Documents_PhD_MAPF_LNS_MAPF_LNS_SAT_mapf-scen-even_scen-even_room-64-64-8-even-1_scen-agents10-idx27-seed42-1783617181158,0,0,0,2,11,6,0,11,0,0,0,1,0.002000,0.002000,0.000000,0,0,0,0,0
_home_max_Documents_PhD_MAPF_LNS_MAPF_LNS_SAT_mapf-map_room-64-64-8_map-_home_max_Documents_PhD_MAPF_LNS_MAPF_LNS_SAT_mapf-scen-even_scen-even_room-64-64-8-even-1_scen-agents10-idx27-seed42-1783617181158,0,0,1,1,20,11,2,22,2,0,2,1,0.033000,0.024000,0.001997,0,1,1,2,11
_home_max_Documents_PhD_MAPF_LNS_MAPF_LNS_SAT_mapf-map_room-64-64-8_map-_home_max_Documents_PhD_MAPF_LNS_MAPF_LNS_SAT_mapf-scen-even_scen-even_room-64-64-8-even-1_scen-agents10-idx27-seed42-1783617181158,0,0,1,2,22,11,0,22,0,0,2,1,0.002000,0.002000,0.000000,0,0,0,0,0
_home_max_Documents_PhD_MAPF_LNS_MAPF_LNS_SAT_mapf-map_room-64-64-8_map-_home_max_Documents_PhD_MAPF_LNS_MAPF_LNS_SAT_mapf-scen-even_scen-even_room-64-64-8-even-1_scen-agents10-idx27-seed42-1783617181158,0,0,2,1,127,41,3,130,2,1,4,2,0.082000,0.073000,0.005408,0,1,1,14,41
_home_max_Documents_PhD_MAPF_LNS_MAPF_LNS_SAT_mapf-map_room-64-64-8_map-_home_max_Documents_PhD_MAPF_LNS_MAPF_LNS_SAT_mapf-scen-even_scen-even_room-64-64-8-even-1_scen-agents10-idx27-seed42-1783617181158,0,0,2,2,130,41,0,130,0,0,4,2,0.002000,0.002000,0.000000,0,0,0,0,0
_home_max_Documents_PhD_MAPF_LNS_MAPF_LNS_SAT_mapf-map_room-64-64-8_map-_home_max_Documents_PhD_MAPF_LNS_MAPF_LNS_SAT_mapf-scen-even_scen-even_room-64-64-8-even-1_scen-agents10-idx27-seed42-1783617181158,0,0,3,1,354,90,6,360,2,4,6,6,0.182000,0.170000,0.010223,0,1,1,23,90
_home_max_Documents_PhD_MAPF_LNS_MAPF_LNS_SAT_mapf-map_room-64-64-8_map-_home_max_Documents_PhD_MAPF_LNS_MAPF_LNS_SAT_mapf-scen-even_scen-even_room-64-64-8-even-1_scen-agents10-idx27-seed42-1783617181158,0,0,3,2,360,90,2,362,1,1,7,7,0.029000,0.020000,0.013534,0,0,1,53,180
_home_max_Documents_PhD_MAPF_LNS_MAPF_LNS_SAT_mapf-map_room-64-64-8_map-_home_max_Documents_PhD_MAPF_LNS_MAPF_LNS_SAT_mapf-scen-even_scen-even_room-64-64-8-even-1_scen-agents10-idx27-seed42-1783617181158,0,0,3,3,362,90,3,365,2,1,9,8,0.019000,0.011000,0.006508,0,0,1,82,259
_home_max_Documents_PhD_MAPF_LNS_MAPF_LNS_SAT_mapf-map_room-64-64-8_map-_home_max_Documents_PhD_MAPF_LNS_MAPF_LNS_SAT_mapf-scen-even_scen-even_room-64-64-8-even-1_scen-agents10-idx27-seed42-1783617181158,0,0,3,4,365,90,1,366,1,0,10,8,0.021000,0.014000,0.009850,0,0,1,119,352
_home_max_Documents_PhD_MAPF_LNS_MAPF_LNS_SAT_mapf-map_room-64-64-8_map-_home_max_Documents_PhD_MAPF_LNS_MAPF_LNS_SAT_mapf-scen-even_scen-even_room-64-64-8-even-1_scen-agents10-idx27-seed42-1783617181158,0,0,3,5,366,90,0,366,0,0,10,8,0.015000,0.008000,0.005526,0,0,1,133,427
_home_max_Documents_PhD_MAPF_LNS_MAPF_LNS_SAT_mapf-map_room-64-64-8_map-_home_max_Documents_PhD_MAPF_LNS_MAPF_LNS_SAT_mapf-scen-even_scen-even_room-64-64-8-even-1_scen-agents10-idx27-seed42-1783617181158,0,0,0,1,10,6,1,11,1,0,1,0,0.017000,0.011000,0.000546,0,1,1,1,6
_home_max_Documents_PhD_MAPF_LNS_MAPF_LNS_SAT_mapf-map_room-64-64-8_map-_home_max_Documents_PhD_MAPF_LNS_MAPF_LNS_SAT_mapf-scen-even_scen-even_room-64-64-8-even-1_scen-agents10-idx27-seed42-1783617181158,0,0,0,2,11,6,0,11,0,0,1,0,0.001000,0.001000,0.000000,0,0,0,0,0
_home_max_Documents_PhD_MAPF_LNS_MAPF_LNS_SAT_mapf-map_room-64-64-8_map-_home_max_Documents_PhD_MAPF_LNS_MAPF_LNS_SAT_mapf-scen-even_scen-even_room-64-64-8-even-1_scen-agents10-idx27-seed42-1783617181158,0,0,1,1,17,9,1,18,0,1,1,1,0.020000,0.015000,0.001401,0,1,1,1,9
_home_max_Documents_PhD_MAPF_LNS_MAPF_LNS_SAT_mapf-map_room-64-64-8_map-_home_max_Documents_PhD_MAPF_LNS_MAPF_LNS_SAT_mapf-scen-even_scen-even_room-64-64-8-even-1_scen-agents10-idx27-seed42-1783617181158,0,0,1,2,18,9,0,18,0,0,1,1,0.001000,0.001000,0.000000,0,0,0,0,0
_home_max_Documents_PhD_MAPF_LNS_MAPF_LNS_SAT_mapf-map_room-64-64-8_map-_home_max_Documents_PhD_MAPF_LNS_MAPF_LNS_SAT_mapf-scen-even_scen-even_room-64-64-8-even-1_scen-agents10-idx27-seed42-1783617181158,0,0,2,1,50,19,1,51,1,0,2,1,0.040000,0.035000,0.003541,0,1,1,2,19
_home_max_Documents_PhD_MAPF_LNS_MAPF_LNS_SAT_mapf-map_room-64-64-8_map-_home_max_Documents_PhD_MAPF_LNS_MAPF_LNS_SAT_mapf-scen-even_scen-even_room-64-64-8-even-1_scen-agents10-idx27-seed42-1783617181158,0,0,2,2,51,19,0,51,0,0,2,1,0.001000,0.000000,0.000000,0,0,0,0,0
_home_max_Documents_PhD_MAPF_LNS_MAPF_LNS_SAT_mapf-map_room-64-64-8_map-_home_max_Documents_PhD_MAPF_LNS_MAPF_LNS_SAT_mapf-scen-even_scen-even_room-64-64-8-even-1_scen-agents10-idx27-seed42-1783617181158,0,0,3,1,99,34,0,99,0,0,2,1,0.050000,0.050000,0.000000,0,1,0,0,0
_home_max_Documents_PhD_MAPF_LNS_MAPF_LNS_SAT_mapf-map_room-64-64-8_map-_home_max_Documents_PhD_MAPF_LNS_MAPF_LNS_SAT_mapf-scen-even_scen-even_room-64-64-8-even-1_scen-agents10-idx27-seed42-1783617181158,0,1,0,1,29,16,1,30,1,0,1,0,0.025000,0.017000,0.000426,0,1,1,1,16
_home_max_Documents_PhD_MAPF_LNS_MAPF_LNS_SAT_mapf-map_room-64-64-8_map-_home_max_Documents_PhD_MAPF_LNS_MAPF_LNS_SAT_mapf-scen-even_scen-even_room-64-64-8-even-1_scen-agents10-idx27-seed42-1783617181158,0,1,0,2,30,16,0,30,0,0,1,0,0.001000,0.001000,0.000000,0,0,0,0,0
_home_max_Documents_PhD_MAPF_LNS_MAPF_LNS_SAT_mapf-map_room-64-64-8_map-_home_max_Documents_PhD_MAPF_LNS_MAPF_LNS_SAT_mapf-scen-even_scen-even_room-64-64-8-even-1_scen-agents10-idx27-seed42-1783617181158,0,1,1,1,44,23,2,46,1,1,2,1,0.037000,0.029000,0.002919,0,1,1,2,23
_home_max_Documents_PhD_MAPF_LNS_MAPF_LNS_SAT_mapf-map_room-64-64-8_map-_home_max_Documents_PhD_MAPF_LNS_MAPF_LNS_SAT_mapf-scen-even_scen-even_room-64-64-8-even-1_scen-agents10-idx27-seed42-1783617181158,0,1,1,2,46,23,0,46,0,0,2,1,0.002000,0.001000,0.000000,0,0,0,0,0
_home_max_Documents_PhD_MAPF_LNS_MAPF_LNS_SAT_mapf-map_room-64-64-8_map-_home_max_Documents_PhD_MAPF_LNS_MAPF_LNS_SAT_mapf-scen-even_scen-even_room-64-64-8-even-1_scen-agents10-idx27-seed42-1783617181158,0,1,2,1,194,57,0,194,0,0,2,1,0.111000,0.104000,0.010685,0,1,1,15,70
_home_max_Documents_PhD_MAPF_LNS_MAPF_LNS_SAT_mapf-map_room-64-64-8_map-_home_max_Documents_PhD_MAPF_LNS_MAPF_LNS_SAT_mapf-scen-even_scen-even_room-64-64-8-even-1_scen-agents10-idx27-seed42-1783617181158,0,0,0,1,10,6,1,11,0,1,0,1,0.016000,0.011000,0.000471,0,1,1,1,6
_home_max_Documents_PhD_MAPF_LNS_MAPF_LNS_SAT_mapf-map_room-64-64-8_map-_home_max_Documents_PhD_MAPF_LNS_MAPF_LNS_SAT_mapf-scen-even_scen-even_room-64-64-8-even-1_scen-agents10-idx27-seed42-1783617181158,0,0,0,2,11,6,0,11,0,0,0,1,0.002000,0.001000,0.000000,0,0,0,0,0
_home_max_Documents_PhD_MAPF_LNS_MAPF_LNS_SAT_mapf-map_room-64-64-8_map-_home_max_Documents_PhD_MAPF_LNS_MAPF_LNS_SAT_mapf-scen-even_scen-even_room-64-64-8-even-1_scen-agents10-idx27-seed42-1783617181158,0,0,1,1,20,11,1,21,1,0,1,1,0.023000,0.017000,0.001179,0,1,1,2,11
_home_max_Documents_PhD_MAPF_LNS_MAPF_LNS_SAT_mapf-map_room-64-64-8_map-_home_max_Documents_PhD_MAPF_LNS_MAPF_LNS_SAT_mapf-scen-even_scen-even_room-64-64-8-even-1_scen-agents10-idx27-seed42-1783617181158,0,0,1,2,21,11,0,21,0,0,1,1,0.001000,0.001000,0.000000,0,0,0,0,0
_home_max_Documents_PhD_MAPF_LNS_MAPF_LNS_SAT_mapf-map_room-64-64-8_map-_home_max_Documents_PhD_MAPF_LNS_MAPF_LNS_SAT_mapf-scen-even_scen-even_room-64-64-8-even-1_scen-agents10-idx27-seed42-1783617181158,0,0,2,1,91,30,2,93,1,1,2,2,0.061000,0.053000,0.003331,0,1,1,6,30
_home_max_Documents_PhD_MAPF_LNS_MAPF_LNS_SAT_mapf-map_room-64-64-8_map-_home_max_Documents_PhD_MAPF_LNS_MAPF_LNS_SAT_mapf-scen-even_scen-even_room-64-64-8-even-1_scen-agents10-idx27-seed42-1783617181158,0,0,2,2,93,30,2,95,1,1,3,3,0.018000,0.005000,0.001251,0,0,1,9,49
_home_max_Documents_PhD_MAPF_LNS_MAPF_LNS_SAT_mapf-map_room-64-64-8_map-_home_max_Documents_PhD_MAPF_LNS_MAPF_LNS_SAT_mapf-scen-even_scen-even_room-64-64-8-even-1_scen-agents10-idx27-seed42-1783617181158,0,0,2,3,95,30,0,95,0,0,3,3,0.013000,0.007000,0.001794,0,0,1,14,67
_home_max_Documents_PhD_MAPF_LNS_MAPF_LNS_SAT_mapf-map_room-64-64-8_map-_home_max_Documents_PhD_MAPF_LNS_MAPF_LNS_SAT_mapf-scen-even_scen-even_room-64-64-8-even-1_scen-agents10-idx27-seed42-1783617181158,0,0,0,1,32,19,4,36,2,2,2,2,0.032000,0.021000,0.000556,0,1,1,1,19
_home_max_Documents_PhD_MAPF_LNS_MAPF_LNS_SAT_mapf-map_room-64-64-8_map-_home_max_Documents_PhD_MAPF_LNS_MAPF_LNS_SAT_mapf-scen-even_scen-even_room-64-64-8-even-1_scen-agents10-idx27-seed42-1783617181158,0,0,0,2,36,19,0,36,0,0,2,2,0.001000,0.001000,0.000000,0,0,0,0,0
_home_max_Documents_PhD_MAPF_LNS_MAPF_LNS_SAT_mapf-map_room-64-64-8_map-_home_max_Documents_PhD_MAPF_LNS_MAPF_LNS_SAT_mapf-scen-even_scen-even_room-64-64-8-even-1_scen-agents10-idx27-seed42-1783617181158,0,0,1,1,56,29,3,59,2,1,4,3,0.053000,0.042000,0.002185,0,1,1,1,29
_home_max_Documents_PhD_MAPF_LNS_MAPF_LNS_SAT_mapf-map_room-64-64-8_map-_home_max_Documents_PhD_MAPF_LNS_MAPF_LNS_SAT_mapf-scen-even_scen-even_room-64-64-8-even-1_scen-agents10-idx27-seed42-1783617181158,0,0,1,2,59,29,0,59,0,0,4,3,0.001000,0.001000,0.000000,0,0,0,0,0
_home_max_Documents_PhD_MAPF_LNS_MAPF_LNS_SAT_mapf-map_room-64-64-8_map-_home_max_Documents_PhD_MAPF_LNS_MAPF_LNS_SAT_mapf-scen-even_scen-even_room-64-64-8-even-1_scen-agents10-idx27-seed42-1783617181158,0,0,2,1,230,72,3,233,1,2,5,5,0.127000,0.117000,0.008248,0,1,1,25,72
_home_max_Documents_PhD_MAPF_LNS_MAPF_LNS_SAT_mapf-map_room-64-64-8_map-_home_max_Documents_PhD_MAPF_LNS_MAPF_LNS_SAT_mapf-scen-even_scen-even_room-64-64-8-even-1_scen-agents10-idx27-seed42-1783617181158,0,0,2,2,233,72,3,236,3,0,8,5,0.023000,0.013000,0.008370,0,0,1,48,170
_home_max_Documents_PhD_MAPF_LNS_MAPF_LNS_SAT_mapf-map_room-64-64-8_map-_home_max_Documents_PhD_MAPF_LNS_MAPF_LNS_SAT_mapf-scen-even_scen-even_room-64-64-8-even-1_scen-agents10-idx27-seed42-1783617181158,0,0,2,3,236,72,0,236,0,0,8,5,0.002000,0.001000,0.000000,0,0,0,0,0
_home_max_Documents_PhD_MAPF_LNS_MAPF_LNS_SAT_mapf-map_room-64-64-8_map-_home_max_Documents_PhD_MAPF_LNS_MAPF_LNS_SAT_mapf-scen-even_scen-even_room-64-64-8-even-1_scen-agents10-idx27-seed42-1783617181158,0,0,3,1,692,144,7,699,5,2,13,7,0.331000,0.316000,0.016566,0,1,1,37,144
_home_max_Documents_PhD_MAPF_LNS_MAPF_LNS_SAT_mapf-map_room-64-64-8_map-_home_max_Documents_PhD_MAPF_LNS_MAPF_LNS_SAT_mapf-scen-even_scen-even_room-64-64-8-even-1_scen-agents10-idx27-seed42-1783617181158,0,0,3,2,699,144,2,701,1,1,14,8,0.031000,0.020000,0.013795,0,0,1,69,306
_home_max_Documents_PhD_MAPF_LNS_MAPF_LNS_SAT_mapf-map_room-64-64-8_map-_home_max_Documents_PhD_MAPF_LNS_MAPF_LNS_SAT_mapf-scen-even_scen-even_room-64-64-8-even-1_scen-agents10-idx27-seed42-1783617181158,0,0,3,3,701,144,1,702,1,0,15,8,0.023000,0.013000,0.009518,0,0,1,88,434
_home_max_Documents_PhD_MAPF_LNS_MAPF_LNS_SAT_mapf-map_room-64-64-8_map-_home_max_Documents_PhD_MAPF_LNS_MAPF_LNS_SAT_mapf-scen-even_scen-even_room-64-64-8-even-1_scen-agents10-idx27-seed42-1783617181158,0,0,3,4,702,144,0,702,0,0,15,8,0.022000,0.015000,0.011999,0,0,1,103,630
_home_max_Documents_PhD_MAPF_LNS_MAPF_LNS_SAT_mapf-map_room-64-64-8_map-_home_max_Documents_PhD_MAPF_LNS_MAPF_LNS_SAT_mapf-scen-even_scen-even_room-64-64-8-even-1_scen-agents10-idx28-seed42-1783617181260,0,0,0,1,24,10,1,25,0,1,0,1,0.064000,0.053000,0.013698,0,1,1,5,10
_home_max_Documents_PhD_MAPF_LNS_MAPF_LNS_SAT_mapf-map_room-64-64-8_map-_home_max_Documents_PhD_MAPF_LNS_MAPF_LNS_SAT_mapf-scen-even_scen-even_room-64-64-8-even-1_scen-agents10-idx28-seed42-1783617181260,0,0,0,2,25,10,0,25,0,0,0,1,0.009000,0.005000,0.000718,0,0,1,9,15
_home_max_Documents_PhD_MAPF_LNS_MAPF_LNS_SAT_mapf-map_room-64-64-8_map-_home_max_Documents_PhD_MAPF_LNS_MAPF_LNS_SAT_mapf-scen-even_scen-even_room-64-64-8-even-1_scen-agents10-idx28-seed42-1783617181260,0,0,0,1,49,20,3,52,2,1,2,1,0.043000,0.034000,0.002073,0,1,1,9,20
_home_max_Documents_PhD_MAPF_LNS_MAPF_LNS_SAT_mapf-map_room-64-64-8_map-_home_max_Documents_PhD_MAPF_LNS_MAPF_LNS_SAT_mapf-scen-even_scen-even_room-64-64-8-even-1_scen-agents10-idx28-seed42-1783617181260,0,0,0,2,52,20,0,52,0,0,2,1,0.001000,0.001000,0.000000,0,0,0,0,0
_home_max_Documents_PhD_MAPF_LNS_MAPF_LNS_SAT_mapf-map_room-64-64-8_map-_home_max_Documents_PhD_MAPF_LNS_MAPF_LNS_SAT_mapf-scen-even_scen-even_room-64-64-8-even-1_scen-agents10-idx28-seed42-1783617181260,0,0,1,1,84,31,3,87,1,2,3,3,0.057000,0.049000,0.003923,0,1,1,10,31
_home_max_Documents_PhD_MAPF_LNS_MAPF_LNS_SAT_mapf-map_room-64-64-8_map-_home_max_Documents_PhD_MAPF_LNS_MAPF_LNS_SAT_mapf-scen-even_scen-even_room-64-64-8-even-1_scen-agents10-idx28-seed42-1783617181260,0,0,1,2,87,31,0,87,0,0,3,3,0.001000,0.001000,0.000000,0,0,0,0,0
_home_max_Documents_PhD_MAPF_LNS_MAPF_LNS_SAT_mapf-map_room-64-64-8_map-_home_max_Documents_PhD_MAPF_LNS_MAPF_LNS_SAT_mapf-scen-even_scen-even_room-64-64-8-even-1_scen-agents10-idx28-seed42-1783617181260,0,0,2,1,223,64,2,225,2,0,5,3,0.127000,0.118000,0.010065,0,1,1,22,74
_home_max_Documents_PhD_MAPF_LNS_MAPF_LNS_SAT_mapf-map_room-64-64-8_map-_home_max_Documents_PhD_MAPF_LNS_MAPF_LNS_SAT_mapf-scen-even_scen-even_room-64-64-8-even-1_scen-agents10-idx28-seed42-1783617181260,0,0,2,2,225,64,0,225,0,0,5,3,0.002000,0.001000,0.000000,0,0,0,0,0
_home_max_Documents_PhD_MAPF_LNS_MAPF_LNS_SAT_mapf-map_room-64-64-8_map-_home_max_Documents_PhD_MAPF_LNS_MAPF_LNS_SAT_mapf-scen-even_scen-even_room-64-64-8-even-1_scen-agents10-idx28-seed42-1783617181260,0,0,3,1,501,118,3,504,1,2,6,5,0.245000,0.234000,0.020974,0,1,1,70,229
_home_max_Documents_PhD_MAPF_LNS_MAPF_LNS_SAT_mapf-map_room-64-64-8_map-_home_max_Documents_PhD_MAPF_LNS_MAPF_LNS_SAT_mapf-scen-even_scen-even_room-64-64-8-even-1_scen-agents10-idx28-seed42-1783617181260,0,0,3,2,504,118,0,504,0,0,6,5,0.001000,0.001000,0.000000,0,0,0,0,0
_home_max_Documents_PhD_MAPF_LNS_MAPF_LNS_SAT_mapf-map_room-64-64-8_map-_home_max_Documents_PhD_MAPF_LNS_MAPF_LNS_SAT_mapf-scen-even_scen-even_room-64-64-8-even-1_scen-agents10-idx28-seed42-1783617181260,0,0,4,1,872,190,5,877,2,3,8,8,0.410000,0.396000,0.032003,0,1,1,98,367
_home_max_Documents_PhD_MAPF_LNS_MAPF_LNS_SAT_mapf-map_room-64-64-8_map-_home_max_Documents_PhD_MAPF_LNS_MAPF_LNS_SAT_mapf-scen-even_scen-even_room-64-64-8-even-1_scen-agents10-idx28-seed42-1783617181260,0,0,4,2,877,190,0,877,0,0,8,8,0.002000,0.001000,0.000000,0,0,0,0,0
_home_max_Documents_PhD_MAPF_LNS_MAPF_LNS_SAT_mapf-map_room-64-64-8_map-_home_max_Documents_PhD_MAPF_LNS_MAPF_LNS_SAT_mapf-scen-even_scen-even_room-64-64-8-even-1_scen-agents10-idx28-seed42-1783617181260,0,1,0,1,528,88,3,531,1,2,1,2,0.241000,0.222000,0.009556,0,1,1,19,88
_home_max_Documents_PhD_MAPF_LNS_MAPF_LNS_SAT_mapf-map_room-64-64-8_map-_home_max_Documents_PhD_MAPF_LNS_MAPF_LNS_SAT_mapf-scen-even_scen-even_room-64-64-8-even-1_scen-agents10-idx28-seed42-1783617181260,0,1,0,2,531,88,0,531,0,0,1,2,0.001000,0.001000,0.000000,0,0,0,0,0
_home_max_Documents_PhD_MAPF_LNS_MAPF_LNS_SAT_mapf-map_room-64-64-8_map-_home_max_Documents_PhD_MAPF_LNS_MAPF_LNS_SAT_mapf-scen-even_scen-even_room-64-64-8-even-1_scen-agents10-idx28-seed42-1783617181260,0,1,1,1,816,123,3,819,1,2,2,4,0.351000,0.339000,0.019770,0,1,1,29,133
_home_max_Documents_PhD_MAPF_LNS_MAPF_LNS_SAT_mapf-map_room-64-64-8_map-_home_max_Documents_PhD_MAPF_LNS_MAPF_LNS_SAT_mapf-scen-even_scen-even_room-64-64-8-even-1_scen-agents10-idx28-seed42-1783617181260,0,1,1,2,819,123,0,819,0,0,2,4,0.003000,0.002000,0.000000,0,0,0,0,0
_home_max_Documents_PhD_MAPF_LNS_MAPF_LNS_SAT_mapf-map_room-64-64-8_map-_home_max_Documents_PhD_MAPF_LNS_MAPF_LNS_SAT_mapf-scen-even_scen-even_room-64-64-8-even-1_scen-agents10-idx28-seed42-1783617181260,0,1,2,1,1683,216,2,1685,2,0,4,4,0.681000,0.668000,0.037278,0,1,1,45,255
_home_max_Documents_PhD_MAPF_LNS_MAPF_LNS_SAT_mapf-map_room-64-64-8_map-_home_max_Documents_PhD_MAPF_LNS_MAPF_LNS_SAT_mapf-scen-even_scen-even_room-64-64-8-even-1_scen-agents10-idx28-seed42-1783617181260,0,1,2,2,1685,216,0,1685,0,0,4,4,0.036000,0.027000,0.022572,0,0,1,107,488
_home_max_Documents_PhD_MAPF_LNS_MAPF_LNS_SAT_mapf-map_room-64-64-8_map-_home_max_Documents_PhD_MAPF_LNS_MAPF_LNS_SAT_mapf-scen-even_scen-even_room-64-64-8-even-1_scen-agents10-idx28-seed42-1783617181260,0,0,0,1,10,6,1,11,0,1,0,1,0.017000,0.012000,0.000450,0,1,1,1,6
_home_max_Documents_PhD_MAPF_LNS_MAPF_LNS_SAT_mapf-map_room-64-64-8_map-_home_max_Documents_PhD_MAPF_LNS_MAPF_LNS_SAT_mapf-scen-even_scen-even_room-64-64-8-even-1_scen-agents10-idx28-seed42-1783617181260,0,0,0,2,11,6,0,11,0,0,0,1,0.002000,0.001000,0.000000,0,0,0,0,0
_home_max_Documents_PhD_MAPF_LNS_MAPF_LNS_SAT_mapf-map_room-64-64-8_map-_home_max_Documents_PhD_MAPF_LNS_MAPF_LNS_SAT_mapf-scen-even_scen-even_room-64-64-8-even-1_scen-agents10-idx28-seed42-1783617181260,0,0,1,1,19,10,1,20,1,0,1,1,0.025000,0.020000,0.000976,0,1,1,2,10
_home_max_Documents_PhD_MAPF_LNS_MAPF_LNS_SAT_mapf-map_room-64-64-8_map-_home_max_Documents_PhD_MAPF_LNS_MAPF_LNS_SAT_mapf-scen-even_scen-even_room-64-64-8-even-1_scen-agents10-idx28-seed42-1783617181260,0,0,1,2,20,10,0,20,0,0,1,1,0.002000,0.001000,0.000000,0,0,0,0,0
_home_max_Documents_PhD_MAPF_LNS_MAPF_LNS_SAT_mapf-map_room-64-64-8_map-_home_max_Documents_PhD_MAPF_LNS_MAPF_LNS_SAT_mapf-scen-even_scen-even_room-64-64-8-even-1_scen-agents10-idx28-seed42-1783617181260,0,0,2,1,61,22,0,61,0,0,1,1,0.047000,0.041000,0.003148,0,1,1,4,22
_home_max_Documents_PhD_MAPF_LNS_MAPF_LNS_SAT_mapf-map_room-64-64-8_map-_home_max_Documents_PhD_MAPF_LNS_MAPF_LNS_SAT_mapf-scen-even_scen-even_room-64-64-8-even-1_scen-agents10-idx28-seed42-1783617181260,0,0,0,1,10,6,1,11,1,0,1,0,0.023000,0.015000,0.000615,0,1,1,1,6
_home_max_Documents_PhD_MAPF_LNS_MAPF_LNS_SAT_mapf-map_room-64-64-8_map-_home_max_Documents_PhD_MAPF_LNS_MAPF_LNS_SAT_mapf-scen-even_scen-even_room-64-64-8-even-1_scen-agents10-idx28-seed42-1783617181260,0,0,0,2,11,6,0,11,0,0,1,0,0.001000,0.001000,0.000000,0,0,0,0,0
_home_max_Documents_PhD_MAPF_LNS_MAPF_LNS_SAT_mapf-map_room-64-64-8_map-_home_max_Documents_PhD_MAPF_LNS_MAPF_LNS_SAT_mapf-scen-even_scen-even_room-64-64-8-even-1_scen-agents10-idx28-seed42-1783617181260,0,0,1,1,17,9,1,18,0,1,1,1,0.020000,0.015000,0.001443,0,1,1,1,9
_home_max_Documents_PhD_MAPF_LNS_MAPF_LNS_SAT_mapf-map_room-64-64-8_map-_home_max_Documents_PhD_MAPF_LNS_MAPF_LNS_SAT_mapf-scen-even_scen-even_room-64-64-8-even-1_scen-agents10-idx28-seed42-1783617181260,0,0,1,2,18,9,0,18,0,0,1,1,0.001000,0.001000,0.000000,0,0,0,0,0
_home_max_Documents_PhD_MAPF_LNS_MAPF_LNS_SAT_mapf-map_room-64-64-8_map-_home_max_Documents_PhD_MAPF_LNS_MAPF_LNS_SAT_mapf-scen-even_scen-even_room-64-64-8-even-1_scen-agents10-idx28-seed42-1783617181260,0,1,0,1,44,23,0,44,0,0,0,0,0.037000,0.030000,0.002185,0,1,1,5,23
_home_max_Documents_PhD_MAPF_LNS_MAPF_LNS_SAT_mapf-map_room-64-64-8_map-_home_max_Documents_PhD_MAPF_LNS_MAPF_LNS_SAT_mapf-scen-even_scen-even_room-64-64-8-even-1_scen-agents10-idx28-seed42-1783617181260,0,0,0,1,10,6,1,11,1,0,1,0,0.015000,0.010000,0.000350,0,1,1,1,6
_home_max_Documents_PhD_MAPF_LNS_MAPF_LNS_SAT_mapf-map_room-64-64-8_map-_home_max_Documents_PhD_MAPF_LNS_MAPF_LNS_SAT_mapf-scen-even_scen-even_room-64-64-8-even-1_scen-agents10-idx28-seed42-1783617181260,0,0,0,2,11,6,0,11,0,0,1,0,0.001000,0.001000,0.000000,0,0,0,0,0
_home_max_Documents_PhD_MAPF_LNS_MAPF_LNS_SAT_mapf-map_room-64-64-8_map-_home_max_Documents_PhD_MAPF_LNS_MAPF_LNS_SAT_mapf-scen-even_scen-even_room-64-64-8-even-1_scen-agents10-idx28-seed42-1783617181260,0,0,1,1,17,9,1,18,0,1,1,1,0.019000,0.014000,0.001133,0,1,1,1,9
_home_max_Documents_PhD_MAPF_LNS_MAPF_LNS_SAT_mapf-map_room-64-64-8_map-_home_max_Documents_PhD_MAPF_LNS_MAPF_LNS_SAT_mapf-scen-even_scen-even_room-64-64-8-even-1_scen-agents10-idx28-seed42-1783617181260,0,0,1,2,18,9,0,18,0,0,1,1,0.001000,0.001000,0.000000,0,0,0,0,0
_home_max_Documents_PhD_MAPF_LNS_MAPF_LNS_SAT_mapf-map_room-64-64-8_map-_home_max_Documents_PhD_MAPF_LNS_MAPF_LNS_SAT_mapf-scen-even_scen-even_room-64-64-8-even-1_scen-agents10-idx28-seed42-1783617181260,0,0,2,1,50,19,1,51,1,0,2,1,0.042000,0.036000,0.003373,0,1,1,2,19
_home_max_Documents_PhD_MAPF_LNS_MAPF_LNS_SAT_mapf-map_room-64-64-8_map-_home_max_Documents_PhD_MAPF_LNS_MAPF_LNS_SAT_mapf-scen-even_scen-even_room-64-64-8-even-1_scen-agents10-idx28-seed42-1783617181260,0,0,2,2,51,19,0,51,0,0,2,1,0.001000,0.001000,0.000000,0,0,0,0,0
_home_max_Documents_PhD_MAPF_LNS_MAPF_LNS_SAT_mapf-map_room-64-64-8_map-_home_max_Documents_PhD_MAPF_LNS_MAPF_LNS_SAT_mapf-scen-even_scen-even_room-64-64-8-even-1_scen-agents10-idx28-seed42-1783617181260,0,0,3,1,89,32,1,90,1,0,3,1,0.057000,0.052000,0.003537,0,1,1,12,32
_home_max_Documents_PhD_MAPF_LNS_MAPF_LNS_SAT_mapf-map_room-64-64-8_map-_home_max_Documents_PhD_MAPF_LNS_MAPF_LNS_SAT_mapf-scen-even_scen-even_room-64-64-8-even-1_scen-agents10-idx28-seed42-1783617181260,0,0,3,2,90,32,1,91,0,1,3,2,0.010000,0.005000,0.001877,0,0,1,23,60
_home_max_Documents_PhD_MAPF_LNS_MAPF_LNS_SAT_mapf-map_room-64-64-8_map-_home_max_Documents_PhD_MAPF_LNS_MAPF_LNS_SAT_mapf-scen-even_scen-even_room-64-64-8-even-1_scen-agents10-idx28-seed42-1783617181260,0,0,3,3,91,32,1,92,0,1,3,3,0.012000,0.008000,0.003949,0,0,1,37,97
_home_max_Documents_PhD_MAPF_LNS_MAPF_LNS_SAT_mapf-map_room-64-64-8_map-_home_max_Documents_PhD_MAPF_LNS_MAPF_LNS_SAT_mapf-scen-even_scen-even_room-64-64-8-even-1_scen-agents10-idx28-seed42-1783617181260,0,0,3,4,92,32,1,93,1,0,4,3,0.010000,0.006000,0.002486,0,0,1,46,125
_home_max_Documents_PhD_MAPF_LNS_MAPF_LNS_SAT_mapf-map_room-64-64-8_map-_home_max_Documents_PhD_MAPF_LNS_MAPF_LNS_SAT_mapf-scen-even_scen-even_room-64-64-8-even-1_scen-agents10-idx28-seed42-1783617181260,0,0,3,5,93,32,0,93,0,0,4,3,0.009000,0.005000,0.002529,0,0,1,52,153
_home_max_Documents_PhD_MAPF_LNS_MAPF_LNS_SAT_mapf-map_room-64-64-8_map-_home_max_Documents_PhD_MAPF_LNS_MAPF_LNS_SAT_mapf-scen-even_scen-even_room-64-64-8-even-1_scen-agents10-idx28-seed42-1783617181260,0,0,0,1,24,10,1,25,0,1,0,1,0.028000,0.022000,0.001550,0,1,1,5,10
_home_max_Documents_PhD_MAPF_LNS_MAPF_LNS_SAT_mapf-map_room-64-64-8_map-_home_max_Documents_PhD_MAPF_LNS_MAPF_LNS_SAT_mapf-scen-even_scen-even_room-64-64-8-even-1_scen-agents10-idx28-seed42-1783617181260,0,0,0,2,25,10,0,25,0,0,0,1,0.008000,0.004000,0.000589,0,0,1,9,15
_home_max_Documents_PhD_MAPF_LNS_MAPF_LNS_SAT_mapf-map_room-64-64-8_map-_home_max_Documents_PhD_MAPF_LNS_MAPF_LNS_SAT_mapf-scen-even_scen-even_room-64-64-8-even-1_scen-agents10-idx28-seed42-1783617181260,0,0,0,1,10,6,1,11,1,0,1,0,0.017000,0.011000,0.000343,0,1,1,1,6
_home_max_Documents_PhD_MAPF_LNS_MAPF_LNS_SAT_mapf-map_room-64-64-8_map-_home_max_Documents_PhD_MAPF_LNS_MAPF_LNS_SAT_mapf-scen-even_scen-even_room-64-64-8-even-1_scen-agents10-idx28-seed42-1783617181260,0,0,0,2,11,6,0,11,0,0,1,0,0.001000,0.001000,0.000000,0,0,0,0,0
_home_max_Documents_PhD_MAPF_LNS_MAPF_LNS_SAT_mapf-map_room-64-64-8_map-_home_max_Documents_PhD_MAPF_LNS_MAPF_LNS_SAT_mapf-scen-even_scen-even_room-64-64-8-even-1_scen-agents10-idx28-seed42-1783617181260,0,0,1,1,17,9,1,18,0,1,1,1,0.022000,0.017000,0.001136,0,1,1,1,9
_home_max_Documents_PhD_MAPF_LNS_MAPF_LNS_SAT_mapf-map_room-64-64-8_map-_home_max_Documents_PhD_MAPF_LNS_MAPF_LNS_SAT_mapf-scen-even_scen-even_room-64-64-8-even-1_scen-agents10-idx28-seed42-1783617181260,0,0,1,2,18,9,0,18,0,0,1,1,0.001000,0.001000,0.000000,0,0,0,0,0
_home_max_Documents_PhD_MAPF_LNS_MAPF_LNS_SAT_mapf-map_room-64-64-8_map-_home_max_Documents_PhD_MAPF_LNS_MAPF_LNS_SAT_mapf-scen-even_scen-even_room-64-64-8-even-1_scen-agents10-idx28-seed42-1783617181260,0,0,2,1,50,19,1,51,1,0,2,1,0.073000,0.068000,0.003486,0,1,1,2,19
_home_max_Documents_PhD_MAPF_LNS_MAPF_LNS_SAT_mapf-map_room-64-64-8_map-_home_max_Documents_PhD_MAPF_LNS_MAPF_LNS_SAT_mapf-scen-even_scen-even_room-64-64-8-even-1_scen-agents10-idx28-seed42-1783617181260,0,0,2,2,51,19,0,51,0,0,2,1,0.001000,0.000000,0.000000,0,0,0,0,0
_home_max_Documents_PhD_MAPF_LNS_MAPF_LNS_SAT_mapf-map_room-64-64-8_map-_home_max_Documents_PhD_MAPF_LNS_MAPF_LNS_SAT_mapf-scen-even_scen-even_room-64-64-8-even-1_scen-agents10-idx28-seed42-1783617181260,0,1,0,1,775,106,5,780,5,0,5,0,0.334000,0.312000,0.016758,0,1,1,23,119
_home_max_Documents_PhD_MAPF_LNS_MAPF_LNS_SAT_mapf-map_room-64-64-8_map-_home_max_Documents_PhD_MAPF_LNS_MAPF_LNS_SAT_mapf-scen-even_scen-even_room-64-64-8-even-1_scen-agents10-idx28-seed42-1783617181260,0,1,0,2,780,106,0,780,0,0,5,0,0.003000,0.003000,0.000000,0,0,0,0,0
_home_max_Documents_PhD_MAPF_LNS_MAPF_LNS_SAT_mapf-map_room-64-64-8_map-_home_max_Documents_PhD_MAPF_LNS_MAPF_LNS_SAT_mapf-scen-even_scen-even_room-64-64-8-even-1_scen-agents10-idx28-seed42-1783617181260,0,1,1,1,1052,137,2,1054,1,1,6,1,0.425000,0.413000,0.021143,0,1,1,26,148
_home_max_Documents_PhD_MAPF_LNS_MAPF_LNS_SAT_mapf-map_room-64-64-8_map-_home_max_Documents_PhD_MAPF_LNS_MAPF_LNS_SAT_mapf-scen-even_scen-even_room-64-64-8-even-1_scen-agents10-idx28-seed42-1783617181260,0,1,1,2,1054,137,0,1054,0,0,6,1,0.003000,0.002000,0.000000,0,0,0,0,0
_home_max_Documents_PhD_MAPF_LNS_MAPF_LNS_SAT_mapf-map_room-64-64-8_map-_home_max_Documents_PhD_MAPF_LNS_MAPF_LNS_SAT_mapf-scen-even_scen-even_room-64-64-8-even-1_scen-agents10-idx28-seed42-1783617181260,0,1,2,1,2012,233,2,2014,1,1,7,2,0.789000,0.777000,0.034357,0,1,1,57,249
_home_max_Documents_PhD_MAPF_LNS_MAPF_LNS_SAT_mapf-map_room-64-64-8_map-_home_max_Documents_PhD_MAPF_LNS_MAPF_LNS_SAT_mapf-scen-even_scen-even_room-64-64-8-even-1_scen-agents10-idx28-seed42-1783617181260,0,1,2,2,2014,233,0,2014,0,0,7,2,0.025000,0.017000,0.012267,0,0,1,94,467
_home_max_Documents_PhD_MAPF_LNS_MAPF_LNS_SAT_mapf-map_room-64-64-8_map-_home_max_Documents_PhD_MAPF_LNS_MAPF_LNS_SAT_mapf-scen-even_scen-even_room-64-64-8-even-1_scen-agents10-idx29-seed42-1783617181363,0,0,0,1,10,6,1,11,0,1,0,1,0.075000,0.062000,0.013257,0,1,1,1,6
_home_max_Documents_PhD_MAPF_LNS_MAPF_LNS_SAT_mapf-map_room-64-64-8_map-_home_max_Documents_PhD_MAPF_LNS_MAPF_LNS_SAT_mapf-scen-even_scen-even_room-64-64-8-even-1_scen-agents10-idx29-seed42-1783617181363,0,0,0,2,11,6,0,11,0,0,0,1,0.004000,0.003000,0.000000,0,0,0,0,0
_home_max_Documents_PhD_MAPF_LNS_MAPF_LNS_SAT_mapf-map_room-64-64-8_map-_home_max_Documents_PhD_MAPF_LNS_MAPF_LNS_SAT_mapf-scen-even_scen-even_room-64-64-8-even-1_scen-agents10-idx29-seed42-1783617181363,0,0,1,1,19,10,1,20,1,0,1,1,0.039000,0.029000,0.002459,0,1,1,2,10
_home_max_Documents_PhD_MAPF_LNS_MAPF_LNS_SAT_mapf-map_room-64-64-8_map-_home_max_Documents_PhD_MAPF_LNS_MAPF_LNS_SAT_mapf-scen-even_scen-even_room-64-64-8-even-1_scen-agents10-idx29-seed42-1783617181363,0,0,1,2,20,10,0,20,0,0,1,1,0.003000,0.002000,0.000000,0,0,0,0,0
_home_max_Documents_PhD_MAPF_LNS_MAPF_LNS_SAT_mapf-map_room-64-64-8_map-_home_max_Documents_PhD_MAPF_LNS_MAPF_LNS_SAT_mapf-scen-even_scen-even_room-64-64-8-even-1_scen-agents10-idx29-seed42-1783617181363,0,0,2,1,85,26,1,86,0,1,1,2,0.101000,0.090000,0.006033,0,1,1,6,26
_home_max_Documents_PhD_MAPF_LNS_MAPF_LNS_SAT_mapf-map_room-64-64-8_map-_home_max_Documents_PhD_MAPF_LNS_MAPF_LNS_SAT_mapf-scen-even_scen-even_room-64-64-8-even-1_scen-agents10-idx29-seed42-1783617181363,0,0,2,2,86,26,1,87,1,0,2,2,0.018000,0.010000,0.002063,0,0,1,9,45
_home_max_Documents_PhD_MAPF_LNS_MAPF_LNS_SAT_mapf-map_room-64-64-8_map-_home_max_Documents_PhD_MAPF_LNS_MAPF_LNS_SAT_mapf-scen-even_scen-even_room-64-64-8-even-1_scen-agents10-idx29-seed42-1783617181363,0,0,2,3,87,26,0,87,0,0,2,2,0.019000,0.011000,0.004457,0,0,1,20,69
_home_max_Documents_PhD_MAPF_LNS_MAPF_LNS_SAT_mapf-map_room-64-64-8_map-_home_max_Documents_PhD_MAPF_LNS_MAPF_LNS_SAT_mapf-scen-even_scen-even_room-64-64-8-even-1_scen-agents10-idx29-seed42-1783617181363,0,0,0,1,10,6,1,11,1,0,1,0,0.029000,0.020000,0.001654,0,1,1,1,6
_home_max_Documents_PhD_MAPF_LNS_MAPF_LNS_SAT_mapf-map_room-64-64-8_map-_home_max_Documents_PhD_MAPF_LNS_MAPF_LNS_SAT_mapf-scen-even_scen-even_room-64-64-8-even-1_scen-agents10-idx29-seed42-1783617181363,0,0,0,2,11,6,0,11,0,0,1,0,0.003000,0.002000,0.000000,0,0,0,0,0
_home_max_Documents_PhD_MAPF_LNS_MAPF_LNS_SAT_mapf-map_room-64-64-8_map-_home_max_Documents_PhD_MAPF_LNS_MAPF_LNS_SAT_mapf-scen-even_scen-even_room-64-64-8-even-1_scen-agents10-idx29-seed42-1783617181363,0,0,1,1,17,9,0,17,0,0,1,0,0.033000,0.025000,0.002568,0,1,1,1,9
_home_max_Documents_PhD_MAPF_LNS_MAPF_LNS_SAT_mapf-map_room-64-64-8_map-_home_max_Documents_PhD_MAPF_LNS_MAPF_LNS_SAT_mapf-scen-even_scen-even_room-64-64-8-even-1_scen-agents10-idx29-seed42-1783617181363,0,0,0,1,10,6,1,11,1,0,1,0,0.027000,0.017000,0.001004,0,1,1,1,6
_home_max_Documents_PhD_MAPF_LNS_MAPF_LNS_SAT_mapf-map_room-64-64-8_map-_home_max_Documents_PhD_MAPF_LNS_MAPF_LNS_SAT_mapf-scen-even_scen-even_room-64-64-8-even-1_scen-agents10-idx29-seed42-1783617181363,0,0,0,2,11,6,0,11,0,0,1,0,0.002000,0.002000,0.000000,0,0,0,0,0
_home_max_Documents_PhD_MAPF_LNS_MAPF_LNS_SAT_mapf-map_room-64-64-8_map-_home_max_Documents_PhD_MAPF_LNS_MAPF_LNS_SAT_mapf-scen-even_scen-even_room-64-64-8-even-1_scen-agents10-idx29-seed42-1783617181363,0,0,1,1,17,9,1,18,0,1,1,1,0.031000,0.023000,0.002533,0,1,1,1,9
_home_max_Documents_PhD_MAPF_LNS_MAPF_LNS_SAT_mapf-map_room-64-64-8_map-_home_max_Documents_PhD_MAPF_LNS_MAPF_LNS_SAT_mapf-scen-even_scen-even_room-64-64-8-even-1_scen-agents10-idx29-seed42-1783617181363,0,0,1,2,18,9,0,18,0,0,1,1,0.002000,0.002000,0.000000,0,0,0,0,0
_home_max_Documents_PhD_MAPF_LNS_MAPF_LNS_SAT_mapf-map_room-64-64-8_map-_home_max_Documents_PhD_MAPF_LNS_MAPF_LNS_SAT_mapf-scen-even_scen-even_room-64-64-8-even-1_scen-agents10-idx29-seed42-1783617181363,0,0,2,1,40,17,1,41,1,0,2,1,0.036000,0.030000,0.002735,0,1,1,5,17
_home_max_Documents_PhD_MAPF_LNS_MAPF_LNS_SAT_mapf-map_room-64-64-8_map-_home_max_Documents_PhD_MAPF_LNS_MAPF_LNS_SAT_mapf-scen-even_scen-even_room-64-64-8-even-1_scen-agents10-idx29-seed42-1783617181363,0,0,2,2,41,17,1,42,0,1,2,2,0.008000,0.004000,0.001210,0,0,1,10,30
_home_max_Documents_PhD_MAPF_LNS_MAPF_LNS_SAT_mapf-map_room-64-64-8_map-_home_max_Documents_PhD_MAPF_LNS_MAPF_LNS_SAT_mapf-scen-even_scen-even_room-64-64-8-even-1_scen-agents10-idx29-seed42-1783617181363,0,0,2,3,42,17,1,43,1,0,3,2,0.009000,0.005000,0.002450,0,0,1,17,48
_home_max_Documents_PhD_MAPF_LNS_MAPF_LNS_SAT_mapf-map_room-64-64-8_map-_home_max_Documents_PhD_MAPF_LNS_MAPF_LNS_SAT_mapf-scen-even_scen-even_room-64-64-8-even-1_scen-agents10-idx29-seed42-1783617181363,0,0,2,4,43,17,1,44,0,1,3,3,0.007000,0.004000,0.001388,0,0,1,19,61
_home_max_Documents_PhD_MAPF_LNS_MAPF_LNS_SAT_mapf-map_room-64-64-8_map-_home_max_Documents_PhD_MAPF_LNS_MAPF_LNS_SAT_mapf-scen-even_scen-even_room-64-64-8-even-1_scen-agents10-idx29-seed42-1783617181363,0,0,2,5,44,17,0,44,0,0,3,3,0.013000,0.009000,0.006367,0,0,1,24,86
_home_max_Documents_PhD_MAPF_LNS_MAPF_LNS_SAT_mapf-map_room-64-64-8_map-_home_max_Documents_PhD_MAPF_LNS_MAPF_LNS_SAT_mapf-scen-even_scen-even_room-64-64-8-even-1_scen-agents10-idx29-seed42-1783617181363,0,0,0,1,27,15,5,32,5,0,5,0,0.028000,0.018000,0.000558,0,1,1,1,15
_home_max_Documents_PhD_MAPF_LNS_MAPF_LNS_SAT_mapf-map_room-64-64-8_map-_home_max_Documents_PhD_MAPF_LNS_MAPF_LNS_SAT_mapf-scen-even_scen-even_room-64-64-8-even-1_scen-agents10-idx29-seed42-1783617181363,0,0,0,2,32,15,0,32,0,0,5,0,0.001000,0.001000,0.000000,0,0,0,0,0
_home_max_Documents_PhD_MAPF_LNS_MAPF_LNS_SAT_mapf-map_room-64-64-8_map-_home_max_Documents_PhD_MAPF_LNS_MAPF_LNS_SAT_mapf-scen-even_scen-even_room-64-64-8-even-1_scen-agents10-idx29-seed42-1783617181363,0,0,1,1,52,25,5,57,3,2,8,2,0.043000,0.034000,0.003546,0,1,1,3,25
_home_max_Documents_PhD_MAPF_LNS_MAPF_LNS_SAT_mapf-map_room-64-64-8_map-_home_max_Documents_PhD_MAPF_LNS_MAPF_LNS_SAT_mapf-scen-even_scen-even_room-64-64-8-even-1_scen-agents10-idx29-seed42-1783617181363,0,0,1,2,57,25,0,57,0,0,8,2,0.001000,0.001000,0.000000,0,0,0,0,0
_home_max_Documents_PhD_MAPF_LNS_MAPF_LNS_SAT_mapf-map_room-64-64-8_map-_home_max_Documents_PhD_MAPF_LNS_MAPF_LNS_SAT_mapf-scen-even_scen-even_room-64-64-8-even-1_scen-agents10-idx29-seed42-1783617181363,0,0,2,1,171,57,5,176,5,0,13,2,0.106000,0.096000,0.006994,0,1,1,20,57
_home_max_Documents_PhD_MAPF_LNS_MAPF_LNS_SAT_mapf-map_room-64-64-8_map-_home_max_Documents_PhD_MAPF_LNS_MAPF_LNS_SAT_mapf-scen-even_scen-even_room-64-64-8-even-1_scen-agents10-idx29-seed42-1783617181363,0,0,2,2,176,57,4,180,3,1,16,3,0.023000,0.014000,0.008141,0,0,1,31,131
_home_max_Documents_PhD_MAPF_LNS_MAPF_LNS_SAT_mapf-map_room-64-64-8_map-_home_max_Documents_PhD_MAPF_LNS_MAPF_LNS_SAT_mapf-scen-even_scen-even_room-64-64-8-even-1_scen-agents10-idx29-seed42-1783617181363,0,0,2,3,180,57,0,180,0,0,16,3,0.001000,0.001000,0.000000,0,0,0,0,0
_home_max_Documents_PhD_MAPF_LNS_MAPF_LNS_SAT_mapf-map_room-64-64-8_map-_home_max_Documents_PhD_MAPF_LNS_MAPF_LNS_SAT_mapf-scen-even_scen-even_room-64-64-8-even-1_scen-agents10-idx29-seed42-1783617181363,0,0,3,1,402,105,7,409,7,0,23,3,0.200000,0.189000,0.011599,0,1,1,33,105
_home_max_Documents_PhD_MAPF_LNS_MAPF_LNS_SAT_mapf-map_room-64-64-8_map-_home_max_Documents_PhD_MAPF_LNS_MAPF_LNS_SAT_mapf-scen-even_scen-even_room-64-64-8-even-1_scen-agents10-idx29-seed42-1783617181363,0,0,3,2,409,105,1,410,1,0,24,3,0.020000,0.012000,0.006373,0,0,1,55,197
_home_max_Documents_PhD_MAPF_LNS_MAPF_LNS_SAT_mapf-map_room-64-64-8_map-_home_max_Documents_PhD_MAPF_LNS_MAPF_LNS_SAT_mapf-scen-even_scen-even_room-64-64-8-even-1_scen-agents10-idx29-seed42-1783617181363,0,0,3,3,410,105,1,411,0,1,24,4,0.014000,0.007000,0.004417,0,0,1,71,289
_home_max_Documents_PhD_MAPF_LNS_MAPF_LNS_SAT_mapf-map_room-64-64-8_map-_home_max_Documents_PhD_MAPF_LNS_MAPF_LNS_SAT_mapf-scen-even_scen-even_room-64-64-8-even-1_scen-agents10-idx29-seed42-1783617181363,0,0,3,4,411,105,1,412,1,0,25,4,0.021000,0.014000,0.010815,0,0,1,99,462
_home_max_Documents_PhD_MAPF_LNS_MAPF_LNS_SAT_mapf-map_room-64-64-8_map-_home_max_Documents_PhD_MAPF_LNS_MAPF_LNS_SAT_mapf-scen-even_scen-even_room-64-64-8-even-1_scen-agents10-idx29-seed42-1783617181363,0,0,3,5,412,105,0,412,0,0,25,4,0.013000,0.007000,0.004963,0,0,1,113,551
_home_max_Documents_PhD_MAPF_LNS_MAPF_LNS_SAT_mapf-map_room-64-64-8_map-_home_max_Documents_PhD_MAPF_LNS_MAPF_LNS_SAT_mapf-scen-even_scen-even_room-64-64-8-even-1_scen-agents10-idx29-seed42-1783617181363,0,0,0,1,10,6,1,11,0,1,0,1,0.016000,0.011000,0.000558,0,1,1,1,6
_home_max_Documents_PhD_MAPF_LNS_MAPF_LNS_SAT_mapf-map_room-64-64-8_map-_home_max_Documents_PhD_MAPF_LNS_MAPF_LNS_SAT_mapf-scen-even_scen-even_room-64-64-8-even-1_scen-agents10-idx29-seed42-1783617181363,0,0,0,2,11,6,0,11,0,0,0,1,0.002000,0.001000,0.000000,0,0,0,0,0
_home_max_Documents_PhD_MAPF_LNS_MAPF_LNS_SAT_mapf-map_room-64-64-8_map-_home_max_Documents_PhD_MAPF_LNS_MAPF_LNS_SAT_mapf-scen-even_scen-even_room-64-64-8-even-1_scen-agents10-idx29-seed42-1783617181363,0,0,1,1,19,10,1,20,1,0,1,1,0.022000,0.016000,0.001054,0,1,1,2,10
_home_max_Documents_PhD_MAPF_LNS_MAPF_LNS_SAT_mapf-map_room-64-64-8_map-_home_max_Documents_PhD_MAPF_LNS_MAPF_LNS_SAT_mapf-scen-even_scen-even_room-64-64-8-even-1_scen-agents10-idx29-seed42-1783617181363,0,0,1,2,20,10,0,20,0,0,1,1,0.001000,0.001000,0.000000,0,0,0,0,0
_home_max_Documents_PhD_MAPF_LNS_MAPF_LNS_SAT_mapf-map_room-64-64-8_map-_home_max_Documents_PhD_MAPF_LNS_MAPF_LNS_SAT_mapf-scen-even_scen-even_room-64-64-8-even-1_scen-agents10-idx29-seed42-1783617181363,0,0,2,1,85,26,1,86,0,1,1,2,0.057000,0.051000,0.003515,0,1,1,6,26
_home_max_Documents_PhD_MAPF_LNS_MAPF_LNS_SAT_mapf-map_room-64-64-8_map-_home_max_Documents_PhD_MAPF_LNS_MAPF_LNS_SAT_mapf-scen-even_scen-even_room-64-64-8-even-1_scen-agents10-idx29-seed42-1783617181363,0,0,2,2,86,26,1,87,1,0,2,2,0.009000,0.004000,0.001194,0,0,1,9,45
_home_max_Documents_PhD_MAPF_LNS_MAPF_LNS_SAT_mapf-map_room-64-64-8_map-_home_max_Documents_PhD_MAPF_LNS_MAPF_LNS_SAT_mapf-scen-even_scen-even_room-64-64-8-even-1_scen-agents10-idx29-seed42-1783617181363,0,0,2,3,87,26,0,87,0,0,2,2,0.010000,0.006000,0.003047,0,0,1,20,69
_home_max_Documents_PhD_MAPF_LNS_MAPF_LNS_SAT_mapf-map_room-64-64-8_map-_home_max_Documents_PhD_MAPF_LNS_MAPF_LNS_SAT_mapf-scen-even_scen-even_room-64-64-8-even-1_scen-agents10-idx29-seed42-1783617181363,0,0,0,1,10,6,1,11,1,0,1,0,0.015000,0.010000,0.000416,0,1,1,1,6
_home_max_Documents_PhD_MAPF_LNS_MAPF_LNS_SAT_mapf-map_room-64-64-8_map-_home_max_Documents_PhD_MAPF_LNS_MAPF_LNS_SAT_mapf-scen-even_scen-even_room-64-64-8-even-1_scen-agents10-idx29-seed42-1783617181363,0,0,0,2,11,6,0,11,0,0,1,0,0.001000,0.001000,0.000000,0,0,0,0,0
_home_max_Documents_PhD_MAPF_LNS_MAPF_LNS_SAT_mapf-map_room-64-64-8_map-_home_max_Documents_PhD_MAPF_LNS_MAPF_LNS_SAT_mapf-scen-even_scen-even_room-64-64-8-even-1_scen-agents10-idx29-seed42-1783617181363,0,0,1,1,17,9,1,18,0,1,1,1,0.019000,0.015000,0.001348,0,1,1,1,9
_home_max_Documents_PhD_MAPF_LNS_MAPF_LNS_SAT_mapf-map_room-64-64-8_map-_home_max_Documents_PhD_MAPF_LNS_MAPF_LNS_SAT_mapf-scen-even_scen-even_room-64-64-8-even-1_scen-agents10-idx29-seed42-1783617181363,0,0,1,2,18,9,0,18,0,0,1,1,0.002000,0.001000,0.000000,0,0,0,0,0
_home_max_Documents_PhD_MAPF_LNS_MAPF_LNS_SAT_mapf-map_room-64-64-8_map-_home_max_Documents_PhD_MAPF_LNS_MAPF_LNS_SAT_mapf-scen-even_scen-even_room-64-64-8-even-1_scen-agents10-idx29-seed42-1783617181363,0,0,2,1,50,19,1,51,1,0,2,1,0.042000,0.036000,0.003760,0,1,1,2,19
_home_max_Documents_PhD_MAPF_LNS_MAPF_LNS_SAT_mapf-map_room-64-64-8_map-_home_max_Documents_PhD_MAPF_LNS_MAPF_LNS_SAT_mapf-scen-even_scen-even_room-64-64-8-even-1_scen-agents10-idx29-seed42-1783617181363,0,0,2,2,51,19,0,51,0,0,2,1,0.001000,0.000000,0.000000,0,0,0,0,0
_home_max_Documents_PhD_MAPF_LNS_MAPF_LNS_SAT_mapf-map_room-64-64-8_map-_home_max_Documents_PhD_MAPF_LNS_MAPF_LNS_SAT_mapf-scen-even_scen-even_room-64-64-8-even-1_scen-agents10-idx29-seed42-1783617181363,0,0,3,1,99,34,0,99,0,0,2,1,0.050000,0.049000,0.000000,0,1,0,0,0
_home_max_Documents_PhD_MAPF_LNS_MAPF_LNS_SAT_mapf-map_room-64-64-8_map-_home_max_Documents_PhD_MAPF_LNS_MAPF_LNS_SAT_mapf-scen-even_scen-even_room-64-64-8-even-1_scen-agents10-idx29-seed42-1783617181363,0,1,0,1,26,14,1,27,1,0,1,0,0.022000,0.015000,0.000332,0,1,1,1,14
_home_max_Documents_PhD_MAPF_LNS_MAPF_LNS_SAT_mapf-map_room-64-64-8_map-_home_max_Documents_PhD_MAPF_LNS_MAPF_LNS_SAT_mapf-scen-even_scen-even_room-64-64-8-even-1_scen-agents10-idx29-seed42-1783617181363,0,1,0,2,27,14,0,27,0,0,1,0,0.001000,0.001000,0.000000,0,0,0,0,0
_home_max_Documents_PhD_MAPF_LNS_MAPF_LNS_SAT_mapf-map_room-64-64-8_map-_home_max_Documents_PhD_MAPF_LNS_MAPF_LNS_SAT_mapf-scen-even_scen-even_room-64-64-8-even-1_scen-agents10-idx29-seed42-1783617181363,0,1,1,1,41,21,1,42,0,1,1,1,0.033000,0.026000,0.002762,0,1,1,2,21
_home_max_Documents_PhD_MAPF_LNS_MAPF_LNS_SAT_mapf-map_room-64-64-8_map-_home_max_Documents_PhD_MAPF_LNS_MAPF_LNS_SAT_mapf-scen-even_scen-even_room-64-64-8-even-1_scen-agents10-idx29-seed42-1783617181363,0,1,1,2,42,21,0,42,0,0,1,1,0.001000,0.001000,0.000000,0,0,0,0,0
_home_max_Documents_PhD_MAPF_LNS_MAPF_LNS_SAT_mapf-map_room-64-64-8_map-_home_max_Documents_PhD_MAPF_LNS_MAPF_LNS_SAT_mapf-scen-even_scen-even_room-64-64-8-even-1_scen-agents10-idx29-seed42-1783617181363,0,1,2,1,176,51,1,177,1,0,2,1,0.099000,0.091000,0.005967,0,1,1,18,51
_home_max_Documents_PhD_MAPF_LNS_MAPF_LNS_SAT_mapf-map_room-64-64-8_map-_home_max_Documents_PhD_MAPF_LNS_MAPF_LNS_SAT_mapf-scen-even_scen-even_room-64-64-8-even-1_scen-agents10-idx29-seed42-1783617181363,0,1,2,2,177,51,1,178,0,1,2,2,0.013000,0.007000,0.003932,0,0,1,24,112
_home_max_Documents_PhD_MAPF_LNS_MAPF_LNS_SAT_mapf-map_room-64-64-8_map-_home_max_Documents_PhD_MAPF_LNS_MAPF_LNS_SAT_mapf-scen-even_scen-even_room-64-64-8-even-1_scen-agents10-idx29-seed42-1783617181363,0,1,2,3,178,51,0,178,0,0,2,2,0.001000,0.001000,0.000000,0,0,0,0,0
_home_max_Documents_PhD_MAPF_LNS_MAPF_LNS_SAT_mapf-map_room-64-64-8_map-_home_max_Documents_PhD_MAPF_LNS_MAPF_LNS_SAT_mapf-scen-even_scen-even_room-64-64-8-even-1_scen-agents10-idx29-seed42-1783617181363,0,1,3,1,714,111,1,715,1,0,3,2,0.308000,0.299000,0.013517,0,1,1,27,111
_home_max_Documents_PhD_MAPF_LNS_MAPF_LNS_SAT_mapf-map_room-64-64-8_map-_home_max_Documents_PhD_MAPF_LNS_MAPF_LNS_SAT_mapf-scen-even_scen-even_room-64-64-8-even-1_scen-agents10-idx29-seed42-1783617181363,0,1,3,2,715,111,0,715,0,0,3,2,0.014000,0.008000,0.004461,0,0,1,52,209
_home_max_Documents_PhD_MAPF_LNS_MAPF_LNS_SAT_mapf-map_room-64-64-8_map-_home_max_Documents_PhD_MAPF_LNS_MAPF_LNS_SAT_mapf-scen-even_scen-even_room-64-64-8-even-1_scen-agents10-idx29-seed42-1783617181363,0,0,0,1,48,25,7,55,7,0,7,0,0.042000,0.031000,0.001907,0,1,1,6,25
_home_max_Documents_PhD_MAPF_LNS_MAPF_LNS_SAT_mapf-map_room-64-64-8_map-_home_max_Documents_PhD_MAPF_LNS_MAPF_LNS_SAT_mapf-scen-even_scen-even_room-64-64-8-even-1_scen-agents10-idx29-seed42-1783617181363,0,0,0,2,55,25,0,55,0,0,7,0,0.003000,0.003000,0.000000,0,0,0,0,0
_home_max_Documents_PhD_MAPF_LNS_MAPF_LNS_SAT_mapf-map_room-64-64-8_map-_home_max_Documents_PhD_MAPF_LNS_MAPF_LNS_SAT_mapf-scen-even_scen-even_room-64-64-8-even-1_scen-agents10-idx29-seed42-1783617181363,0,0,1,1,99,40,0,99,0,0,7,0,0.066000,0.056000,0.006071,0,1,1,7,40
_home_max_Documents_PhD_MAPF_LNS_MAPF_LNS_SAT_mapf-map_room-64-64-8_map-_home_max_Documents_PhD_MAPF_LNS_MAPF_LNS_SAT_mapf-scen-even_scen-even_room-64-64-8-even-1_scen-agents10-idx29-seed42-1783617181363,0,0,0,1,10,6,1,11,1,0,1,0,0.016000,0.010000,0.000421,0,1,1,1,6
_home_max_Documents_PhD_MAPF_LNS_MAPF_LNS_SAT_mapf-map_room-64-64-8_map-_home_max_Documents_PhD_MAPF_LNS_MAPF_LNS_SAT_mapf-scen-even_scen-even_room-64-64-8-even-1_scen-agents10-idx29-seed42-1783617181363,0,0,0,2,11,6,0,11,0,0,1,0,0.001000,0.001000,0.000000,0,0,0,0,0
_home_max_Documents_PhD_MAPF_LNS_MAPF_LNS_SAT_mapf-map_room-64-64-8_map-_home_max_Documents_PhD_MAPF_LNS_MAPF_LNS_SAT_mapf-scen-even_scen-even_room-64-64-8-even-1_scen-agents10-idx29-seed42-1783617181363,0,0,1,1,17,9,1,18,0,1,1,1,0.020000,0.015000,0.001282,0,1,1,1,9
_home_max_Documents_PhD_MAPF_LNS_MAPF_LNS_SAT_mapf-map_room-64-64-8_map-_home_max_Documents_PhD_MAPF_LNS_MAPF_LNS_SAT_mapf-scen-even_scen-even_room-64-64-8-even-1_scen-agents10-idx29-seed42-1783617181363,0,0,1,2,18,9,0,18,0,0,1,1,0.001000,0.001000,0.000000,0,0,0,0,0
_home_max_Documents_PhD_MAPF_LNS_MAPF_LNS_SAT_mapf-map_room-64-64-8_map-_home_max_Documents_PhD_MAPF_LNS_MAPF_LNS_SAT_mapf-scen-even_scen-even_room-64-64-8-even-1_scen-agents10-idx29-seed42-1783617181363,0,0,2,1,50,19,1,51,1,0,2,1,0.042000,0.037000,0.003530,0,1,1,2,19
_home_max_Documents_PhD_MAPF_LNS_MAPF_LNS_SAT_mapf-map_room-64-64-8_map-_home_max_Documents_PhD_MAPF_LNS_MAPF_LNS_SAT_mapf-scen-even_scen-even_room-64-64-8-even-1_scen-agents10-idx29-seed42-1783617181363,0,0,2,2,51,19,0,51,0,0,2,1,0.001000,0.001000,0.000000,0,0,0,0,0
_home_max_Documents_PhD_MAPF_LNS_MAPF_LNS_SAT_mapf-map_room-64-64-8_map-_home_max_Documents_PhD_MAPF_LNS_MAPF_LNS_SAT_mapf-scen-even_scen-even_room-64-64-8-even-1_scen-agents10-idx29-seed42-1783617181363,0,0,3,1,99,34,0,99,0,0,2,1,0.051000,0.051000,0.000000,0,1,0,0,0
_home_max_Documents_PhD_MAPF_LNS_MAPF_LNS_SAT_mapf-map_room-64-64-8_map-_home_max_Documents_PhD_MAPF_LNS_MAPF_LNS_SAT_mapf-scen-even_scen-even_room-64-64-8-even-1_scen-agents10-idx29-seed42-1783617181363,0,1,0,1,56,27,0,56,0,0,0,0,0.044000,0.038000,0.003017,0,1,1,7,27
_home_max_Documents_PhD_MAPF_LNS_MAPF_LNS_SAT_mapf-map_room-64-64-8_map-_home_max_Documents_PhD_MAPF_LNS_MAPF_LNS_SAT_mapf-scen-even_scen-even_room-64-64-8-even-1_scen-agents10-idx29-seed42-1783617181363,0,0,0,1,10,6,1,11,0,1,0,1,0.015000,0.010000,0.000428,0,1,1,1,6
_home_max_Documents_PhD_MAPF_LNS_MAPF_LNS_SAT_mapf-map_room-64-64-8_map-_home_max_Documents_PhD_MAPF_LNS_MAPF_LNS_SAT_mapf-scen-even_scen-even_room-64-64-8-even-1_scen-agents10-idx29-seed42-1783617181363,0,0,0,2,11,6,0,11,0,0,0,1,0.002000,0.001000,0.000000,0,0,0,0,0
_home_max_Documents_PhD_MAPF_LNS_MAPF_LNS_SAT_mapf-map_room-64-64-8_map-_home_max_Documents_PhD_MAPF_LNS_MAPF_LNS_SAT_mapf-scen-even_scen-even_room-64-64-8-even-1_scen-agents10-idx29-seed42-1783617181363,0,0,1,1,19,10,1,20,1,0,1,1,0.021000,0.015000,0.000933,0,1,1,2,10
_home_max_Documents_PhD_MAPF_LNS_MAPF_LNS_SAT_mapf-map_room-64-64-8_map-_home_max_Documents_PhD_MAPF_LNS_MAPF_LNS_SAT_mapf-scen-even_scen-even_room-64-64-8-even-1_scen-agents10-idx29-seed42-1783617181363,0,0,1,2,20,10,0,20,0,0,1,1,0.001000,0.001000,0.000000,0,0,0,0,0
_home_max_Documents_PhD_MAPF_LNS_MAPF_LNS_SAT_mapf-map_room-64-64-8_map-_home_max_Documents_PhD_MAPF_LNS_MAPF_LNS_SAT_mapf-scen-even_scen-even_room-64-64-8-even-1_scen-agents10-idx29-seed42-1783617181363,0,0,2,1,85,26,1,86,0,1,1,2,0.057000,0.052000,0.003327,0,1,1,5,26
_home_max_Documents_PhD_MAPF_LNS_MAPF_LNS_SAT_mapf-map_room-64-64-8_map-_home_max_Documents_PhD_MAPF_LNS_MAPF_LNS_SAT_mapf-scen-even_scen-even_room-64-64-8-even-1_scen-agents10-idx29-seed42-1783617181363,0,0,2,2,86,26,1,87,1,0,2,2,0.009000,0.005000,0.001444,0,0,1,8,45
_home_max_Documents_PhD_MAPF_LNS_MAPF_LNS_SAT_mapf-map_room-64-64-8_map-_home_max_Documents_PhD_MAPF_LNS_MAPF_LNS_SAT_mapf-scen-even_scen-even_room-64-64-8-even-1_scen-agents10-idx29-seed42-1783617181363,0,0,2,3,87,26,0,87,0,0,2,2,0.010000,0.006000,0.002703,0,0,1,17,69
_home_max_Documents_PhD_MAPF_LNS_MAPF_LNS_SAT_mapf-map_room-64-64-8_map-_home_max_Documents_PhD_MAPF_LNS_MAPF_LNS_SAT_mapf-scen-even_scen-even_room-64-64-8-even-1_scen-agents10-idx29-seed42-1783617181363,0,0,0,1,24,10,1,25,0,1,0,1,0.026000,0.020000,0.001332,0,1,1,5,10
_home_max_Documents_PhD_MAPF_LNS_MAPF_LNS_SAT_mapf-map_room-64-64-8_map-_home_max_Documents_PhD_MAPF_LNS_MAPF_LNS_SAT_mapf-scen-even_scen-even_room-64-64-8-even-1_scen-agents10-idx29-seed42-1783617181363,0,0,0,2,25,10,0,25,0,0,0,1,0.008000,0.004000,0.000486,0,0,1,9,15
_home_max_Documents_PhD_MAPF_LNS_MAPF_LNS_SAT_mapf-map_room-64-64-8_map-_home_max_Documents_PhD_MAPF_LNS_MAPF_LNS_SAT_mapf-scen-even_scen-even_room-64-64-8-even-1_scen-agents10-idx29-seed42-1783617181363,0,0,0,1,24,10,0,24,0,0,0,0,0.023000,0.019000,0.001117,0,1,1,5,10
_home_max_Documents_PhD_MAPF_LNS_MAPF_LNS_SAT_mapf-map_room-64-64-8_map-_home_max_Documents_PhD_MAPF_LNS_MAPF_LNS_SAT_mapf-scen-even_scen-even_room-64-64-8-even-1_scen-agents10-idx30-seed42-1783617181463,0,0,0,1,10,6,1,11,1,0,1,0,0.053000,0.045000,0.008152,0,1,1,1,6
_home_max_Documents_PhD_MAPF_LNS_MAPF_LNS_SAT_mapf-map_room-64-64-8_map-_home_max_Documents_PhD_MAPF_LNS_MAPF_LNS_SAT_mapf-scen-even_scen-even_room-64-64-8-even-1_scen-agents10-idx30-seed42-1783617181463,0,0,0,2,11,6,0,11,0,0,1,0,0.002000,0.001000,0.000000,0,0,0,0,0
_home_max_Documents_PhD_MAPF_LNS_MAPF_LNS_SAT_mapf-map_room-64-64-8_map-_home_max_Documents_PhD_MAPF_LNS_MAPF_LNS_SAT_mapf-scen-even_scen-even_room-64-64-8-even-1_scen-agents10-idx30-seed42-1783617181463,0,0,1,1,17,9,1,18,0,1,1,1,0.024000,0.017000,0.001911,0,1,1,1,9
_home_max_Documents_PhD_MAPF_LNS_MAPF_LNS_SAT_mapf-map_room-64-64-8_map-_home_max_Documents_PhD_MAPF_LNS_MAPF_LNS_SAT_mapf-scen-even_scen-even_room-64-64-8-even-1_scen-agents10-idx30-seed42-1783617181463,0,0,1,2,18,9,0,18,0,0,1,1,0.002000,0.001000,0.000000,0,0,0,0,0
_home_max_Documents_PhD_MAPF_LNS_MAPF_LNS_SAT_mapf-map_room-64-64-8_map-_home_max_Documents_PhD_MAPF_LNS_MAPF_LNS_SAT_mapf-scen-even_scen-even_room-64-64-8-even-1_scen-agents10-idx30-seed42-1783617181463,0,0,2,1,50,19,1,51,1,0,2,1,0.043000,0.037000,0.004425,0,1,1,2,19
_home_max_Documents_PhD_MAPF_LNS_MAPF_LNS_SAT_mapf-map_room-64-64-8_map-_home_max_Documents_PhD_MAPF_LNS_MAPF_LNS_SAT_mapf-scen-even_scen-even_room-64-64-8-even-1_scen-agents10-idx30-seed42-1783617181463,0,0,2,2,51,19,0,51,0,0,2,1,0.001000,0.001000,0.000000,0,0,0,0,0
_home_max_Documents_PhD_MAPF_LNS_MAPF_LNS_SAT_mapf-map_room-64-64-8_map-_home_max_Documents_PhD_MAPF_LNS_MAPF_LNS_SAT_mapf-scen-even_scen-even_room-64-64-8-even-1_scen-agents10-idx30-seed42-1783617181463,0,0,3,1,99,34,0,99,0,0,2,1,0.048000,0.048000,0.000000,0,1,0,0,0
_home_max_Documents_PhD_MAPF_LNS_MAPF_LNS_SAT_mapf-map_room-64-64-8_map-_home_max_Documents_PhD_MAPF_LNS_MAPF_LNS_SAT_mapf-scen-even_scen-even_room-64-64-8-even-1_scen-agents10-idx30-seed42-1783617181463,0,1,0,1,48,24,1,49,1,0,1,0,0.042000,0.034000,0.002845,0,1,1,6,24
_home_max_Documents_PhD_MAPF_LNS_MAPF_LNS_SAT_mapf-map_room-64-64-8_map-_home_max_Documents_PhD_MAPF_LNS_MAPF_LNS_SAT_mapf-scen-even_scen-even_room-64-64-8-even-1_scen-agents10-idx30-seed42-1783617181463,0,1,0,2,49,24,0,49,0,0,1,0,0.009000,0.004000,0.001347,0,0,1,11,42
_home_max_Documents_PhD_MAPF_LNS_MAPF_LNS_SAT_mapf-map_room-64-64-8_map-_home_max_Documents_PhD_MAPF_LNS_MAPF_LNS_SAT_mapf-scen-even_scen-even_room-64-64-8-even-1_scen-agents10-idx30-seed42-1783617181463,0,0,0,1,10,6,1,11,0,1,0,1,0.016000,0.011000,0.000460,0,1,1,1,6
_home_max_Documents_PhD_MAPF_LNS_MAPF_LNS_SAT_mapf-map_room-64-64-8_map-_home_max_Documents_PhD_MAPF_LNS_MAPF_LNS_SAT_mapf-scen-even_scen-even_room-64-64-8-even-1_scen-agents10-idx30-seed42-1783617181463,0,0,0,2,11,6,0,11,0,0,0,1,0.002000,0.001000,0.000000,0,0,0,0,0
_home_max_Documents_PhD_MAPF_LNS_MAPF_LNS_SAT_mapf-map_room-64-64-8_map-_home_max_Documents_PhD_MAPF_LNS_MAPF_LNS_SAT_mapf-scen-even_scen-even_room-64-64-8-even-1_scen-agents10-idx30-seed42-1783617181463,0,0,1,1,19,10,1,20,1,0,1,1,0.022000,0.017000,0.001048,0,1,1,2,10
_home_max_Documents_PhD_MAPF_LNS_MAPF_LNS_SAT_mapf-map_room-64-64-8_map-_home_max_Documents_PhD_MAPF_LNS_MAPF_LNS_SAT_mapf-scen-even_scen-even_room-64-64-8-even-1_scen-agents10-idx30-seed42-1783617181463,0,0,1,2,20,10,0,20,0,0,1,1,0.001000,0.001000,0.000000,0,0,0,0,0
_home_max_Documents_PhD_MAPF_LNS_MAPF_LNS_SAT_mapf-map_room-64-64-8_map-_home_max_Documents_PhD_MAPF_LNS_MAPF_LNS_SAT_mapf-scen-even_scen-even_room-64-64-8-even-1_scen-agents10-idx30-seed42-1783617181463,0,0,2,1,72,24,1,73,0,1,1,2,0.051000,0.045000,0.003210,0,1,1,5,24
_home_max_Documents_PhD_MAPF_LNS_MAPF_LNS_SAT_mapf-map_room-64-64-8_map-_home_max_Documents_PhD_MAPF_LNS_MAPF_LNS_SAT_mapf-scen-even_scen-even_room-64-64-8-even-1_scen-agents10-idx30-seed42-1783617181463,0,0,2,2,73,24,1,74,1,0,2,2,0.009000,0.004000,0.001246,0,0,1,8,41
_home_max_Documents_PhD_MAPF_LNS_MAPF_LNS_SAT_mapf-map_room-64-64-8_map-_home_max_Documents_PhD_MAPF_LNS_MAPF_LNS_SAT_mapf-scen-even_scen-even_room-64-64-8-even-1_scen-agents10-idx30-seed42-1783617181463,0,0,2,3,74,24,0,74,0,0,2,2,0.010000,0.006000,0.002786,0,0,1,16,63
_home_max_Documents_PhD_MAPF_LNS_MAPF_LNS_SAT_mapf-map_room-64-64-8_map-_home_max_Documents_PhD_MAPF_LNS_MAPF_LNS_SAT_mapf-scen-even_scen-even_room-64-64-8-even-1_scen-agents10-idx30-seed42-1783617181463,0,0,0,1,10,6,1,11,0,1,0,1,0.016000,0.011000,0.000498,0,1,1,1,6
_home_max_Documents_PhD_MAPF_LNS_MAPF_LNS_SAT_mapf-map_room-64-64-8_map-_home_max_Documents_PhD_MAPF_LNS_MAPF_LNS_SAT_mapf-scen-even_scen-even_room-64-64-8-even-1_scen-agents10-idx30-seed42-1783617181463,0,0,0,2,11,6,0,11,0,0,0,1,0.002000,0.001000,0.000000,0,0,0,0,0
_home_max_Documents_PhD_MAPF_LNS_MAPF_LNS_SAT_mapf-map_room-64-64-8_map-_home_max_Documents_PhD_MAPF_LNS_MAPF_LNS_SAT_mapf-scen-even_scen-even_room-64-64-8-even-1_scen-agents10-idx30-seed42-1783617181463,0,0,1,1,21,11,0,21,0,0,0,1,0.023000,0.018000,0.001462,0,1,1,3,11
_home_max_Documents_PhD_MAPF_LNS_MAPF_LNS_SAT_mapf-map_room-64-64-8_map-_home_max_Documents_PhD_MAPF_LNS_MAPF_LNS_SAT_mapf-scen-even_scen-even_room-64-64-8-even-1_scen-agents10-idx30-seed42-1783617181463,0,0,0,1,14,8,0,14,0,0,0,0,0.018000,0.014000,0.001076,0,1,1,3,8
_home_max_Documents_PhD_MAPF_LNS_MAPF_LNS_SAT_mapf-map_room-64-64-8_map-_home_max_Documents_PhD_MAPF_LNS_MAPF_LNS_SAT_mapf-scen-even_scen-even_room-64-64-8-even-1_scen-agents10-idx30-seed42-1783617181463,0,0,0,1,24,10,0,24,0,0,0,0,0.024000,0.020000,0.001452,0,1,1,5,10
_home_max_Documents_PhD_MAPF_LNS_MAPF_LNS_SAT_mapf-map_room-64-64-8_map-_home_max_Documents_PhD_MAPF_LNS_MAPF_LNS_SAT_mapf-scen-even_scen-even_room-64-64-8-even-2_scen-agents10-idx0-seed42-1783617181564,0,0,0,1,18,10,4,22,4,0,4,0,0.051000,0.041000,0.007368,0,1,1,1,10
_home_max_Documents_PhD_MAPF_LNS_MAPF_LNS_SAT_mapf-map_room-64-64-8_map-_home_max_Documents_PhD_MAPF_LNS_MAPF_LNS_SAT_mapf-scen-even_scen-even_room-64-64-8-even-2_scen-agents10-idx0-seed42-1783617181564,0,0,0,2,22,10,0,22,0,0,4,0,0.002000,0.001000,0.000000,0,0,0,0,0
_home_max_Documents_PhD_MAPF_LNS_MAPF_LNS_SAT_mapf-map_room-64-64-8_map-_home_max_Documents_PhD_MAPF_LNS_MAPF_LNS_SAT_mapf-scen-even_scen-even_room-64-64-8-even-2_scen-agents10-idx0-seed42-1783617181564,0,0,1,1,32,15,0,32,0,0,4,0,0.029000,0.023000,0.002561,0,1,1,1,15
_home_max_Documents_PhD_MAPF_LNS_MAPF_LNS_SAT_mapf-map_room-64-64-8_map-_home_max_Documents_PhD_MAPF_LNS_MAPF_LNS_SAT_mapf-scen-even_scen-even_room-64-64-8-even-2_scen-agents10-idx0-seed42-1783617181564,0,0,0,1,10,6,1,11,1,0,1,0,0.017000,0.010000,0.000471,0,1,1,1,6
_home_max_Documents_PhD_MAPF_LNS_MAPF_LNS_SAT_mapf-map_room-64-64-8_map-_home_max_Documents_PhD_MAPF_LNS_MAPF_LNS_SAT_mapf-scen-even_scen-even_room-64-64-8-even-2_scen-agents10-idx0-seed42-1783617181564,0,0,0,2,11,6,0,11,0,0,1,0,0.001000,0.001000,0.000000,0,0,0,0,0
_home_max_Documents_PhD_MAPF_LNS_MAPF_LNS_SAT_mapf-map_room-64-64-8_map-_home_max_Documents_PhD_MAPF_LNS_MAPF_LNS_SAT_mapf-scen-even_scen-even_room-64-64-8-even-2_scen-agents10-idx0-seed42-1783617181564,0,0,1,1,19,10,1,20,0,1,1,1,0.021000,0.016000,0.001105,0,1,1,1,10
_home_max_Documents_PhD_MAPF_LNS_MAPF_LNS_SAT_mapf-map_room-64-64-8_map-_home_max_Documents_PhD_MAPF_LNS_MAPF_LNS_SAT_mapf-scen-even_scen-even_room-64-64-8-even-2_scen-agents10-idx0-seed42-1783617181564,0,0,1,2,20,10,0,20,0,0,1,1,0.001000,0.001000,0.000000,0,0,0,0,0
_home_max_Documents_PhD_MAPF_LNS_MAPF_LNS_SAT_mapf-map_room-64-64-8_map-_home_max_Documents_PhD_MAPF_LNS_MAPF_LNS_SAT_mapf-scen-even_scen-even_room-64-64-8-even-2_scen-agents10-idx0-seed42-1783617181564,0,0,2,1,88,28,1,89,1,0,2,1,0.061000,0.055000,0.006542,0,1,1,12,36
_home_max_Documents_PhD_MAPF_LNS_MAPF_LNS_SAT_mapf-map_room-64-64-8_map-_home_max_Documents_PhD_MAPF_LNS_MAPF_LNS_SAT_mapf-scen-even_scen-even_room-64-64-8-even-2_scen-agents10-idx0-seed42-1783617181564,0,0,2,2,89,28,1,90,0,1,2,2,0.010000,0.006000,0.002283,0,0,1,16,57
_home_max_Documents_PhD_MAPF_LNS_MAPF_LNS_SAT_mapf-map_room-64-64-8_map-_home_max_Documents_PhD_MAPF_LNS_MAPF_LNS_SAT_mapf-scen-even_scen-even_room-64-64-8-even-2_scen-agents10-idx0-seed42-1783617181564,0,0,2,3,90,28,0,90,0,0,2,2,0.008000,0.004000,0.001828,0,0,1,21,77
_home_max_Documents_PhD_MAPF_LNS_MAPF_LNS_SAT_mapf-map_room-64-64-8_map-_home_max_Documents_PhD_MAPF_LNS_MAPF_LNS_SAT_mapf-scen-even_scen-even_room-64-64-8-even-2_scen-agents10-idx0-seed42-1783617181564,0,0,0,1,19,11,2,21,1,1,1,1,0.021000,0.014000,0.000536,0,1,1,1,11
_home_max_Documents_PhD_MAPF_LNS_MAPF_LNS_SAT_mapf-map_room-64-64-8_map-_home_max_Documents_PhD_MAPF_LNS_MAPF_LNS_SAT_mapf-scen-even_scen-even_room-64-64-8-even-2_scen-agents10-idx0-seed42-1783617181564,0,0,0,2,21,11,0,21,0,0,1,1,0.001000,0.001000,0.000000,0,0,0,0,0
_home_max_Documents_PhD_MAPF_LNS_MAPF_LNS_SAT_mapf-map_room-64-64-8_map-_home_max_Documents_PhD_MAPF_LNS_MAPF_LNS_SAT_mapf-scen-even_scen-even_room-64-64-8-even-2_scen-agents10-idx0-seed42-1783617181564,0,0,1,1,35,18,2,37,2,0,3,1,0.032000,0.025000,0.003235,0,1,1,6,27
_home_max_Documents_PhD_MAPF_LNS_MAPF_LNS_SAT_mapf-map_room-64-64-8_map-_home_max_Documents_PhD_MAPF_LNS_MAPF_LNS_SAT_mapf-scen-even_scen-even_room-64-64-8-even-2_scen-agents10-idx0-seed42-1783617181564,0,0,1,2,37,18,0,37,0,0,3,1,0.001000,0.000000,0.000000,0,0,0,0,0
_home_max_Documents_PhD_MAPF_LNS_MAPF_LNS_SAT_mapf-map_room-64-64-8_map-_home_max_Documents_PhD_MAPF_LNS_MAPF_LNS_SAT_mapf-scen-even_scen-even_room-64-64-8-even-2_scen-agents10-idx0-seed42-1783617181564,0,0,2,1,106,36,2,108,0,2,3,3,0.070000,0.062000,0.004410,0,1,1,11,36
_home_max_Documents_PhD_MAPF_LNS_MAPF_LNS_SAT_mapf-map_room-64-64-8_map-_home_max_Documents_PhD_MAPF_LNS_MAPF_LNS_SAT_mapf-scen-even_scen-even_room-64-64-8-even-2_scen-agents10-idx0-seed42-1783617181564,0,0,2,2,108,36,0,108,0,0,3,3,0.011000,0.006000,0.002167,0,0,1,17,63
_home_max_Documents_PhD_MAPF_LNS_MAPF_LNS_SAT_mapf-map_room-64-64-8_map-_home_max_Documents_PhD_MAPF_LNS_MAPF_LNS_SAT_mapf-scen-even_scen-even_room-64-64-8-even-2_scen-agents10-idx0-seed42-1783617181564,0,0,0,1,17,10,2,19,2,0,2,0,0.020000,0.014000,0.000566,0,1,1,1,10
_home_max_Documents_PhD_MAPF_LNS_MAPF_LNS_SAT_mapf-map_room-64-64-8_map-_home_max_Documents_PhD_MAPF_LNS_MAPF_LNS_SAT_mapf-scen-even_scen-even_room-64-64-8-even-2_scen-agents10-idx0-seed42-1783617181564,0,0,0,2,19,10,0,19,0,0,2,0,0.001000,0.001000,0.000000,0,0,0,0,0
_home_max_Documents_PhD_MAPF_LNS_MAPF_LNS_SAT_mapf-map_room-64-64-8_map-_home_max_Documents_PhD_MAPF_LNS_MAPF_LNS_SAT_mapf-scen-even_scen-even_room-64-64-8-even-2_scen-agents10-idx0-seed42-1783617181564,0,0,1,1,29,15,2,31,0,2,2,2,0.028000,0.020000,0.001621,0,1,1,1,15
_home_max_Documents_PhD_MAPF_LNS_MAPF_LNS_SAT_mapf-map_room-64-64-8_map-_home_max_Documents_PhD_MAPF_LNS_MAPF_LNS_SAT_mapf-scen-even_scen-even_room-64-64-8-even-2_scen-agents10-idx0-seed42-1783617181564,0,0,1,2,31,15,0,31,0,0,2,2,0.001000,0.001000,0.000000,0,0,0,0,0
_home_max_Documents_PhD_MAPF_LNS_MAPF_LNS_SAT_mapf-map_room-64-64-8_map-_home_max_Documents_PhD_MAPF_LNS_MAPF_LNS_SAT_mapf-scen-even_scen-even_room-64-64-8-even-2_scen-agents10-idx0-seed42-1783617181564,0,0,2,1,96,31,2,98,1,1,3,3,0.064000,0.057000,0.005210,0,1,1,2,31
_home_max_Documents_PhD_MAPF_LNS_MAPF_LNS_SAT_mapf-map_room-64-64-8_map-_home_max_Documents_PhD_MAPF_LNS_MAPF_LNS_SAT_mapf-scen-even_scen-even_room-64-64-8-even-2_scen-agents10-idx0-seed42-1783617181564,0,0,2,2,98,31,0,98,0,0,3,3,0.001000,0.001000,0.000000,0,0,0,0,0
_home_max_Documents_PhD_MAPF_LNS_MAPF_LNS_SAT_mapf-map_room-64-64-8_map-_home_max_Documents_PhD_MAPF_LNS_MAPF_LNS_SAT_mapf-scen-even_scen-even_room-64-64-8-even-2_scen-agents10-idx0-seed42-1783617181564,0,0,3,1,209,55,0,209,0,0,3,3,0.097000,0.097000,0.000000,0,1,0,0,0
_home_max_Documents_PhD_MAPF_LNS_MAPF_LNS_SAT_mapf-map_room-64-64-8_map-_home_max_Documents_PhD_MAPF_LNS_MAPF_LNS_SAT_mapf-scen-even_scen-even_room-64-64-8-even-2_scen-agents10-idx0-seed42-1783617181564,0,1,0,1,43,24,2,45,2,0,2,0,0.034000,0.023000,0.000540,0,1,1,1,24
_home_max_Documents_PhD_MAPF_LNS_MAPF_LNS_SAT_mapf-map_room-64-64-8_map-_home_max_Documents_PhD_MAPF_LNS_MAPF_LNS_SAT_mapf-scen-even_scen-even_room-64-64-8-even-2_scen-agents10-idx0-seed42-1783617181564,0,1,0,2,45,24,0,45,0,0,2,0,0.001000,0.001000,0.000000,0,0,0,0,0
_home_max_Documents_PhD_MAPF_LNS_MAPF_LNS_SAT_mapf-map_room-64-64-8_map-_home_max_Documents_PhD_MAPF_LNS_MAPF_LNS_SAT_mapf-scen-even_scen-even_room-64-64-8-even-2_scen-agents10-idx0-seed42-1783617181564,0,1,1,1,63,33,2,65,0,2,2,2,0.044000,0.035000,0.003228,0,1,1,2,33
_home_max_Documents_PhD_MAPF_LNS_MAPF_LNS_SAT_mapf-map_room-64-64-8_map-_home_max_Documents_PhD_MAPF_LNS_MAPF_LNS_SAT_mapf-scen-even_scen-even_room-64-64-8-even-2_scen-agents10-idx0-seed42-1783617181564,0,1,1,2,65,33,0,65,0,0,2,2,0.001000,0.001000,0.000000,0,0,0,0,0
_home_max_Documents_PhD_MAPF_LNS_MAPF_LNS_SAT_mapf-map_room-64-64-8_map-_home_max_Documents_PhD_MAPF_LNS_MAPF_LNS_SAT_mapf-scen-even_scen-even_room-64-64-8-even-2_scen-agents10-idx0-seed42-1783617181564,0,1,2,1,233,70,2,235,2,0,4,2,0.127000,0.116000,0.007307,0,1,1,21,70
_home_max_Documents_PhD_MAPF_LNS_MAPF_LNS_SAT_mapf-map_room-64-64-8_map-_home_max_Documents_PhD_MAPF_LNS_MAPF_LNS_SAT_mapf-scen-even_scen-even_room-64-64-8-even-2_scen-agents10-idx0-seed42-1783617181564,0,1,2,2,235,70,0,235,0,0,4,2,0.023000,0.014000,0.009895,0,0,1,36,172
_home_max_Documents_PhD_MAPF_LNS_MAPF_LNS_SAT_mapf-map_room-64-64-8_map-_home_max_Documents_PhD_MAPF_LNS_MAPF_LNS_SAT_mapf-scen-even_scen-even_room-64-64-8-even-2_scen-agents10-idx0-seed42-1783617181564,0,0,0,1,17,10,2,19,2,0,2,0,0.021000,0.015000,0.000509,0,1,1,1,10
_home_max_Documents_PhD_MAPF_LNS_MAPF_LNS_SAT_mapf-map_room-64-64-8_map-_home_max_Documents_PhD_MAPF_LNS_MAPF_LNS_SAT_mapf-scen-even_scen-even_room-64-64-8-even-2_scen-agents10-idx0-seed42-1783617181564,0,0,0,2,19,10,0,19,0,0,2,0,0.001000,0.001000,0.000000,0,0,0,0,0
_home_max_Documents_PhD_MAPF_LNS_MAPF_LNS_SAT_mapf-map_room-64-64-8_map-_home_max_Documents_PhD_MAPF_LNS_MAPF_LNS_SAT_mapf-scen-even_scen-even_room-64-64-8-even-2_scen-agents10-idx0-seed42-1783617181564,0,0,1,1,29,15,2,31,0,2,2,2,0.033000,0.026000,0.001672,0,1,1,1,15
_home_max_Documents_PhD_MAPF_LNS_MAPF_LNS_SAT_mapf-map_room-64-64-8_map-_home_max_Documents_PhD_MAPF_LNS_MAPF_LNS_SAT_mapf-scen-even_scen-even_room-64-64-8-even-2_scen-agents10-idx0-seed42-1783617181564,0,0,1,2,31,15,0,31,0,0,2,2,0.001000,0.001000,0.000000,0,0,0,0,0
_home_max_Documents_PhD_MAPF_LNS_MAPF_LNS_SAT_mapf-map_room-64-64-8_map-_home_max_Documents_PhD_MAPF_LNS_MAPF_LNS_SAT_mapf-scen-even_scen-even_room-64-64-8-even-2_scen-agents10-idx0-seed42-1783617181564,0,1,0,1,41,22,2,43,2,0,2,0,0.031000,0.022000,0.000393,0,1,1,1,22
_home_max_Documents_PhD_MAPF_LNS_MAPF_LNS_SAT_mapf-map_room-64-64-8_map-_home_max_Documents_PhD_MAPF_LNS_MAPF_LNS_SAT_mapf-scen-even_scen-even_room-64-64-8-even-2_scen-agents10-idx0-seed42-1783617181564,0,1,0,2,43,22,0,43,0,0,2,0,0.001000,0.001000,0.000000,0,0,0,0,0
_home_max_Documents_PhD_MAPF_LNS_MAPF_LNS_SAT_mapf-map_room-64-64-8_map-_home_max_Documents_PhD_MAPF_LNS_MAPF_LNS_SAT_mapf-scen-even_scen-even_room-64-64-8-even-2_scen-agents10-idx0-seed42-1783617181564,0,1,1,1,61,31,2,63,0,2,2,2,0.045000,0.036000,0.003035,0,1,1,2,31
_home_max_Documents_PhD_MAPF_LNS_MAPF_LNS_SAT_mapf-map_room-64-64-8_map-_home_max_Documents_PhD_MAPF_LNS_MAPF_LNS_SAT_mapf-scen-even_scen-even_room-64-64-8-even-2_scen-agents10-idx0-seed42-1783617181564,0,1,1,2,63,31,0,63,0,0,2,2,0.001000,0.001000,0.000000,0,0,0,0,0
_home_max_Documents_PhD_MAPF_LNS_MAPF_LNS_SAT_mapf-map_room-64-64-8_map-_home_max_Documents_PhD_MAPF_LNS_MAPF_LNS_SAT_mapf-scen-even_scen-even_room-64-64-8-even-2_scen-agents10-idx0-seed42-1783617181564,0,2,0,1,75,40,2,77,2,0,2,0,0.051000,0.037000,0.001168,0,1,1,2,40
_home_max_Documents_PhD_MAPF_LNS_MAPF_LNS_SAT_mapf-map_room-64-64-8_map-_home_max_Documents_PhD_MAPF_LNS_MAPF_LNS_SAT_mapf-scen-even_scen-even_room-64-64-8-even-2_scen-agents10-idx0-seed42-1783617181564,0,2,0,2,77,40,0,77,0,0,2,0,0.001000,0.001000,0.000000,0,0,0,0,0
_home_max_Documents_PhD_MAPF_LNS_MAPF_LNS_SAT_mapf-map_room-64-64-8_map-_home_max_Documents_PhD_MAPF_LNS_MAPF_LNS_SAT_mapf-scen-even_scen-even_room-64-64-8-even-2_scen-agents10-idx0-seed42-1783617181564,0,2,1,1,107,55,2,109,0,2,2,2,0.068000,0.055000,0.004680,0,1,1,4,55
_home_max_Documents_PhD_MAPF_LNS_MAPF_LNS_SAT_mapf-map_room-64-64-8_map-_home_max_Documents_PhD_MAPF_LNS_MAPF_LNS_SAT_mapf-scen-even_scen-even_room-64-64-8-even-2_scen-agents10-idx0-seed42-1783617181564,0,2,1,2,109,55,0,109,0,0,2,2,0.001000,0.001000,0.000000,0,0,0,0,0
_home_max_Documents_PhD_MAPF_LNS_MAPF_LNS_SAT_mapf-map_room-64-64-8_map-_home_max_Documents_PhD_MAPF_LNS_MAPF_LNS_SAT_mapf-scen-even_scen-even_room-64-64-8-even-2_scen-agents10-idx0-seed42-1783617181564,0,3,0,1,280,101,4,284,4,0,4,0,0.153000,0.132000,0.007278,0,1,1,28,101
_home_max_Documents_PhD_MAPF_LNS_MAPF_LNS_SAT_mapf-map_room-64-64-8_map-_home_max_Documents_PhD_MAPF_LNS_MAPF_LNS_SAT_mapf-scen-even_scen-even_room-64-64-8-even-2_scen-agents10-idx0-seed42-1783617181564,0,3,0,2,284,101,0,284,0,0,4,0,0.003000,0.003000,0.000000,0,0,0,0,0
_home_max_Documents_PhD_MAPF_LNS_MAPF_LNS_SAT_mapf-map_room-64-64-8_map-_home_max_Documents_PhD_MAPF_LNS_MAPF_LNS_SAT_mapf-scen-even_scen-even_room-64-64-8-even-2_scen-agents10-idx0-seed42-1783617181564,0,3,1,1,527,147,4,531,2,2,6,2,0.257000,0.239000,0.013220,0,1,1,31,147
_home_max_Documents_PhD_MAPF_LNS_MAPF_LNS_SAT_mapf-map_room-64-64-8_map-_home_max_Documents_PhD_MAPF_LNS_MAPF_LNS_SAT_mapf-scen-even_scen-even_room-64-64-8-even-2_scen-agents10-idx0-seed42-1783617181564,0,3,1,2,531,147,0,531,0,0,6,2,0.004000,0.003000,0.000000,0,0,0,0,0
_home_max_Documents_PhD_MAPF_LNS_MAPF_LNS_SAT_mapf-map_room-64-64-8_map-_home_max_Documents_PhD_MAPF_LNS_MAPF_LNS_SAT_mapf-scen-even_scen-even_room-64-64-8-even-2_scen-agents10-idx0-seed42-1783617181564,0,4,0,1,689,218,6,695,3,3,3,3,0.339000,0.307000,0.017067,0,1,1,61,218
_home_max_Documents_PhD_MAPF_LNS_MAPF_LNS_SAT_mapf-map_room-64-64-8_map-_home_max_Documents_PhD_MAPF_LNS_MAPF_LNS_SAT_mapf-scen-even_scen-even_room-64-64-8-even-2_scen-agents10-idx0-seed42-1783617181564,0,4,0,2,695,218,0,695,0,0,3,3,0.003000,0.002000,0.000000,0,0,0,0,0
_home_max_Documents_PhD_MAPF_LNS_MAPF_LNS_SAT_mapf-map_room-64-64-8_map-_home_max_Documents_PhD_MAPF_LNS_MAPF_LNS_SAT_mapf-scen-even_scen-even_room-64-64-8-even-2_scen-agents10-idx0-seed42-1783617181564,0,4,1,1,1512,356,6,1518,3,3,6,6,0.675000,0.648000,0.031564,0,1,1,72,356
_home_max_Documents_PhD_MAPF_LNS_MAPF_LNS_SAT_mapf-map_room-64-64-8_map-_home_max_Documents_PhD_MAPF_LNS_MAPF_LNS_SAT_mapf-scen-even_scen-even_room-64-64-8-even-2_scen-agents10-idx0-seed42-1783617181564,0,4,1,2,1518,356,0,1518,0,0,6,6,0.025000,0.005000,0.000000,0,0,0,0,0
_home_max_Documents_PhD_MAPF_LNS_MAPF_LNS_SAT_mapf-map_room-64-64-8_map-_home_max_Documents_PhD_MAPF_LNS_MAPF_LNS_SAT_mapf-scen-even_scen-even_room-64-64-8-even-2_scen-agents10-idx0-seed42-1783617181564,0,5,0,1,1301,348,7,1308,3,4,3,4,0.610000,0.565000,0.027818,0,1,1,96,348
_home_max_Documents_PhD_MAPF_LNS_MAPF_LNS_SAT_mapf-map_room-64-64-8_map-_home_max_Documents_PhD_MAPF_LNS_MAPF_LNS_SAT_mapf-scen-even_scen-even_room-64-64-8-even-2_scen-agents10-idx0-seed42-1783617181564,0,5,0,2,1308,348,0,1308,0,0,3,4,0.003000,0.002000,0.000000,0,0,0,0,0
_home_max_Documents_PhD_MAPF_LNS_MAPF_LNS_SAT_mapf-map_room-64-64-8_map-_home_max_Documents_PhD_MAPF_LNS_MAPF_LNS_SAT_mapf-scen-even_scen-even_room-64-64-8-even-2_scen-agents10-idx0-seed42-1783617181564,0,5,1,1,2800,555,6,2806,3,3,6,7,1.173000,1.143000,0.050670,0,1,1,118,560
_home_max_Documents_PhD_MAPF_LNS_MAPF_LNS_SAT_mapf-map_room-64-64-8_map-_home_max_Documents_PhD_MAPF_LNS_MAPF_LNS_SAT_mapf-scen-even_scen-even_room-64-64-8-even-2_scen-agents10-idx0-seed42-1783617181564,0,5,1,2,2806,555,0,2806,0,0,6,7,0.041000,0.005000,0.000000,0,0,0,0,0
_home_max_Documents_PhD_MAPF_LNS_MAPF_LNS_SAT_mapf-map_room-64-64-8_map-_home_max_Documents_PhD_MAPF_LNS_MAPF_LNS_SAT_mapf-scen-even_scen-even_room-64-64-8-even-2_scen-agents10-idx0-seed42-1783617181564,0,6,0,1,2434,536,6,2440,3,3,3,3,1.072000,1.005000,0.044816,0,1,1,135,536
_home_max_Documents_PhD_MAPF_LNS_MAPF_LNS_SAT_mapf-map_room-64-64-8_map-_home_max_Documents_PhD_MAPF_LNS_MAPF_LNS_SAT_mapf-scen-even_scen-even_room-64-64-8-even-2_scen-agents10-idx0-seed42-1783617181564,0,6,0,2,2440,536,0,2440,0,0,3,3,0.003000,0.002000,0.000000,0,0,0,0,0
_home_max_Documents_PhD_MAPF_LNS_MAPF_LNS_SAT_mapf-map_room-64-64-8_map-_home_max_Documents_PhD_MAPF_LNS_MAPF_LNS_SAT_mapf-scen-even_scen-even_room-64-64-8-even-2_scen-agents10-idx0-seed42-1783617181564,0,6,1,1,5013,822,6,5019,3,3,6,6,2.017000,1.982000,0.080085,0,1,1,230,837
_home_max_Documents_PhD_MAPF_LNS_MAPF_LNS_SAT_mapf-map_room-64-64-8_map-_home_max_Documents_PhD_MAPF_LNS_MAPF_LNS_SAT_mapf-scen-even_scen-even_room-64-64-8-even-2_scen-agents10-idx0-seed42-1783617181564,0,6,1,2,5019,822,0,5019,0,0,6,6,0.009000,0.009000,0.000000,0,0,0,0,0
_home_max_Documents_PhD_MAPF_LNS_MAPF_LNS_SAT_mapf-map_room-64-64-8_map-_home_max_Documents_PhD_MAPF_LNS_MAPF_LNS_SAT_mapf-scen-even_scen-even_room-64-64-8-even-2_scen-agents10-idx0-seed42-1783617181564,0,7,0,1,47678,2082,7,47685,4,3,4,3,20.766000,20.303000,0.405357,0,1,1,265,2105
_home_max_Documents_PhD_MAPF_LNS_MAPF_LNS_SAT_mapf-map_room-64-64-8_map-_home_max_Documents_PhD_MAPF_LNS_MAPF_LNS_SAT_mapf-scen-even_scen-even_room-64-64-8-even-2_scen-agents10-idx0-seed42-1783617181564,0,7,0,2,47685,2082,0,47685,0,0,4,3,0.004000,0.003000,0.000000,0,0,0,0,0
_home_max_Documents_PhD_MAPF_LNS_MAPF_LNS_SAT_mapf-map_room-64-64-8_map-_home_max_Documents_PhD_MAPF_LNS_MAPF_LNS_SAT_mapf-scen-even_scen-even_room-64-64-8-even-2_scen-agents10-idx0-seed42-1783617181564,0,7,1,1,56352,2537,6,56358,3,3,7,6,22.023000,21.938000,0.500397,0,1,1,397,2557
_home_max_Documents_PhD_MAPF_LNS_MAPF_LNS_SAT_mapf-map_room-64-64-8_map-_home_max_Documents_PhD_MAPF_LNS_MAPF_LNS_SAT_mapf-scen-even_scen-even_room-64-64-8-even-2_scen-agents10-idx0-seed42-1783617181564,0,7,1,2,56358,2537,0,56358,0,0,7,6,0.069000,0.069000,0.000000,0,0,0,0,0
_home_max_Documents_PhD_MAPF_LNS_MAPF_LNS_SAT_mapf-map_room-64-64-8_map-_home_max_Documents_PhD_MAPF_LNS_MAPF_LNS_SAT_mapf-scen-even_scen-even_room-64-64-8-even-2_scen-agents10-idx0-seed42-1783617181564,0,8,0,1,96529,2940,7,96536,4,3,4,3,39.916000,39.002000,0.740956,0,1,1,303,2963
_home_max_Documents_PhD_MAPF_LNS_MAPF_LNS_SAT_mapf-map_room-64-64-8_map-_home_max_Documents_PhD_MAPF_LNS_MAPF_LNS_SAT_mapf-scen-even_scen-even_room-64-64-8-even-2_scen-agents10-idx0-seed42-1783617181564,0,8,0,2,96536,2940,0,96536,0,0,4,3,0.007000,0.006000,0.000000,0,0,0,0,0
_home_max_Documents_PhD_MAPF_LNS_MAPF_LNS_SAT_mapf-map_room-64-64-8_map-_home_max_Documents_PhD_MAPF_LNS_MAPF_LNS_SAT_mapf-scen-even_scen-even_room-64-64-8-even-2_scen-agents10-idx0-seed42-1783617181564,0,8,1,1,109463,3473,6,109469,3,3,7,6,43.448000,43.315000,0.937950,0,1,1,773,4582
_home_max_Documents_PhD_MAPF_LNS_MAPF_LNS_SAT_mapf-map_room-64-64-8_map-_home_max_Documents_PhD_MAPF_LNS_MAPF_LNS_SAT_mapf-scen-even_scen-even_room-64-64-8-even-2_scen-agents10-idx0-seed42-1783617181564,0,8,1,2,109469,3473,0,109469,0,0,7,6,0.105000,0.104000,0.000000,0,0,0,0,0
_home_max_Documents_PhD_MAPF_LNS_MAPF_LNS_SAT_mapf-map_room-64-64-8_map-_home_max_Documents_PhD_MAPF_LNS_MAPF_LNS_SAT_mapf-scen-even_scen-even_room-64-64-8-even-2_scen-agents10-idx0-seed42-1783617181564,0,9,0,1,169741,3910,7,169748,4,3,4,3,70.237000,68.694000,1.245458,0,1,1,346,3933
_home_max_Documents_PhD_MAPF_LNS_MAPF_LNS_SAT_mapf-map_room-64-64-8_map-_home_max_Documents_PhD_MAPF_LNS_MAPF_LNS_SAT_mapf-scen-even_scen-even_room-64-64-8-even-2_scen-agents10-idx0-seed42-1783617181564,0,9,0,2,169748,3910,0,169748,0,0,4,3,65.648000,65.646000,0.000000,1,1,0,0,0
_home_max_Documents_PhD_MAPF_LNS_MAPF_LNS_SAT_mapf-map_room-64-64-8_map-_home_max_Documents_PhD_MAPF_LNS_MAPF_LNS_SAT_mapf-scen-even_scen-even_room-64-64-8-even-2_scen-agents10-idx0-seed42-1783617181564,0,9,1,1,188363,4521,6,188369,3,3,7,6,82.414000,82.223000,1.489035,0,1,1,825,5743
_home_max_Documents_PhD_MAPF_LNS_MAPF_LNS_SAT_mapf-map_room-64-64-8_map-_home_max_Documents_PhD_MAPF_LNS_MAPF_LNS_SAT_mapf-scen-even_scen-even_room-64-64-8-even-2_scen-agents10-idx0-seed42-1783617181564,0,9,1,2,188369,4521,0,188369,0,0,7,6,78.982000,78.979000,0.000000,1,1,0,0,0
_home_max_Documents_PhD_MAPF_LNS_MAPF_LNS_SAT_mapf-map_room-64-64-8_map-_home_max_Documents_PhD_MAPF_LNS_MAPF_LNS_SAT_mapf-scen-even_scen-even_room-64-64-8-even-2_scen-agents10-idx0-seed42-1783617181564,0,10,0,1,297658,5279,7,297665,4,3,4,3,136.710000,133.781000,2.092810,0,1,1,393,5302
_home_max_Documents_PhD_MAPF_LNS_MAPF_LNS_SAT_mapf-map_room-64-64-8_map-_home_max_Documents_PhD_MAPF_LNS_MAPF_LNS_SAT_mapf-scen-even_scen-even_room-64-64-8-even-2_scen-agents10-idx0-seed42-1783617181564,0,10,0,2,297665,5279,0,297665,0,0,4,3,139.762000,139.760000,0.000000,1,1,0,0,0
_home_max_Documents_PhD_MAPF_LNS_MAPF_LNS_SAT_mapf-map_room-64-64-8_map-_home_max_Documents_PhD_MAPF_LNS_MAPF_LNS_SAT_mapf-scen-even_scen-even_room-64-64-8-even-2_scen-agents10-idx0-seed42-1783617181564,0,10,1,1,326028,6006,6,326034,3,3,7,6,149.713000,149.396000,2.331389,0,1,1,888,7407
_home_max_Documents_PhD_MAPF_LNS_MAPF_LNS_SAT_mapf-map_room-64-64-8_map-_home_max_Documents_PhD_MAPF_LNS_MAPF_LNS_SAT_mapf-scen-even_scen-even_room-64-64-8-even-2_scen-agents10-idx0-seed42-1783617181564,0,10,1,2,326034,6006,0,326034,0,0,7,6,146.576000,146.571000,0.000000,1,1,0,0,0
_home_max_Documents_PhD_MAPF_LNS_MAPF_LNS_SAT_mapf-map_room-64-64-8_map-_home_max_Documents_PhD_MAPF_LNS_MAPF_LNS_SAT_mapf-scen-even_scen-even_room-64-64-8-even-2_scen-agents10-idx0-seed42-1783617181564,0,11,0,1,736306,7973,7,736313,4,3,4,3,547.041000,536.353000,5.042440,0,1,1,442,7996
_home_max_Documents_PhD_MAPF_LNS_MAPF_LNS_SAT_mapf-map_room-64-64-8_map-_home_max_Documents_PhD_MAPF_LNS_MAPF_LNS_SAT_mapf-scen-even_scen-even_room-64-64-8-even-2_scen-agents10-idx0-seed42-1783617181564,0,11,0,2,736313,7973,0,736313,0,0,4,3,492.692000,492.688000,0.000000,1,1,0,0,0
_home_max_Documents_PhD_MAPF_LNS_MAPF_LNS_SAT_mapf-map_room-64-64-8_map-_home_max_Documents_PhD_MAPF_LNS_MAPF_LNS_SAT_mapf-scen-even_scen-even_room-64-64-8-even-2_scen-agents10-idx0-seed42-1783617181564,0,11,1,1,793900,8859,6,793906,3,3,7,6,592.943000,591.577000,5.563322,0,1,1,991,10427
_home_max_Documents_PhD_MAPF_LNS_MAPF_LNS_SAT_mapf-map_room-64-64-8_map-_home_max_Documents_PhD_MAPF_LNS_MAPF_LNS_SAT_mapf-scen-even_scen-even_room-64-64-8-even-2_scen-agents10-idx0-seed42-1783617181564,0,11,1,2,793906,8859,0,793906,0,0,7,6,529.848000,529.845000,0.000000,1,1,0,0,0
_home_max_Documents_PhD_MAPF_LNS_MAPF_LNS_SAT_mapf-map_room-64-64-8_map-_home_max_Documents_PhD_MAPF_LNS_MAPF_LNS_SAT_mapf-scen-even_scen-even_room-64-64-8-even-2_scen-agents10-idx0-seed42-1783617181564,0,12,0,1,1442735,14499,7,1442742,4,3,4,3,1044.160000,1029.729000,9.745268,0,1,1,604,14522
_home_max_Documents_PhD_MAPF_LNS_MAPF_LNS_SAT_mapf-map_room-64-64-8_map-_home_max_Documents_PhD_MAPF_LNS_MAPF_LNS_SAT_mapf-scen-even_scen-even_room-64-64-8-even-2_scen-agents10-idx0-seed42-1783617181564,0,12,0,2,1442742,14499,0,1442742,0,0,4,3,996.243000,996.238000,0.000000,1,1,0,0,0
_home_max_Documents_PhD_MAPF_LNS_MAPF_LNS_SAT_mapf-map_room-64-64-8_map-_home_max_Documents_PhD_MAPF_LNS_MAPF_LNS_SAT_mapf-scen-even_scen-even_room-64-64-8-even-2_scen-agents10-idx0-seed42-1783617181564,0,12,1,1,1546157,15728,6,1546163,3,3,7,6,1234.548000,1232.858000,10.812308,0,1,1,1328,21981
_home_max_Documents_PhD_MAPF_LNS_MAPF_LNS_SAT_mapf-map_room-64-64-8_map-_home_max_Documents_PhD_MAPF_LNS_MAPF_LNS_SAT_mapf-scen-even_scen-even_room-64-64-8-even-2_scen-agents10-idx0-seed42-1783617181564,0,12,1,2,1546163,15728,0,1546163,0,0,7,6,1205.718000,1205.712000,0.000000,1,1,0,0,0
_home_max_Documents_PhD_MAPF_LNS_MAPF_LNS_SAT_mapf-map_room-64-64-8_map-_home_max_Documents_PhD_MAPF_LNS_MAPF_LNS_SAT_mapf-scen-even_scen-even_room-64-64-8-even-2_scen-agents10-idx0-seed42-1783617181564,0,13,0,1,2316166,19198,7,2316173,4,3,4,3,1793.788000,1771.089000,15.282289,0,1,1,661,19221
_home_max_Documents_PhD_MAPF_LNS_MAPF_LNS_SAT_mapf-map_room-64-64-8_map-_home_max_Documents_PhD_MAPF_LNS_MAPF_LNS_SAT_mapf-scen-even_scen-even_room-64-64-8-even-2_scen-agents10-idx0-seed42-1783617181564,0,13,0,2,2316173,19198,0,2316173,0,0,4,3,1755.225000,1755.221000,0.000000,1,1,0,0,0
_home_max_Documents_PhD_MAPF_LNS_MAPF_LNS_SAT_mapf-map_room-64-64-8_map-_home_max_Documents_PhD_MAPF_LNS_MAPF_LNS_SAT_mapf-scen-even_scen-even_room-64-64-8-even-2_scen-agents10-idx0-seed42-1783617181564,0,13,1,1,2459761,20598,6,2459767,3,3,7,6,1875.249000,1870.686000,16.614196,0,1,1,1494,29144
_home_max_Documents_PhD_MAPF_LNS_MAPF_LNS_SAT_mapf-map_room-64-64-8_map-_home_max_Documents_PhD_MAPF_LNS_MAPF_LNS_SAT_mapf-scen-even_scen-even_room-64-64-8-even-2_scen-agents10-idx0-seed42-1783617181564,0,13,1,2,2459767,20598,0,2459767,0,0,7,6,1862.313000,1862.310000,0.000000,1,1,0,0,0
_home_max_Documents_PhD_MAPF_LNS_MAPF_LNS_SAT_mapf-map_room-64-64-8_map-_home_max_Documents_PhD_MAPF_LNS_MAPF_LNS_SAT_mapf-scen-even_scen-even_room-64-64-8-even-2_scen-agents10-idx0-seed42-1783617181564,0,14,0,1,3769241,25438,7,3769248,4,3,4,3,3245.027000,2777.323000,24.406157,0,1,1,714,25461
_home_max_Documents_PhD_MAPF_LNS_MAPF_LNS_SAT_mapf-map_room-64-64-8_map-_home_max_Documents_PhD_MAPF_LNS_MAPF_LNS_SAT_mapf-scen-even_scen-even_room-64-64-8-even-2_scen-agents10-idx0-seed42-1783617181564,0,14,0,2,3769248,25438,0,3769248,0,0,4,3,2723.211000,2723.206000,0.000000,1,1,0,0,0
_home_max_Documents_PhD_MAPF_LNS_MAPF_LNS_SAT_mapf-map_room-64-64-8_map-_home_max_Documents_PhD_MAPF_LNS_MAPF_LNS_SAT_mapf-scen-even_scen-even_room-64-64-8-even-2_scen-agents10-idx0-seed42-1783617181564,0,14,1,1,3978534,27055,6,3978540,3,3,7,6,2885.962000,2884.399000,26.308131,0,1,1,1661,38736
_home_max_Documents_PhD_MAPF_LNS_MAPF_LNS_SAT_mapf-map_room-64-64-8_map-_home_max_Documents_PhD_MAPF_LNS_MAPF_LNS_SAT_mapf-scen-even_scen-even_room-64-64-8-even-2_scen-agents10-idx0-seed42-1783617181564,0,14,1,2,3978540,27055,0,3978540,0,0,7,6,3319.851000,2864.508000,0.000000,1,1,0,0,0
_home_max_Documents_PhD_MAPF_LNS_MAPF_LNS_SAT_mapf-map_room-64-64-8_map-_home_max_Documents_PhD_MAPF_LNS_MAPF_LNS_SAT_mapf-scen-even_scen-even_room-64-64-8-even-2_scen-agents10-idx0-seed42-1783617181564,0,15,0,1,5786653,32657,7,5786660,4,3,4,3,4898.485000,4189.713000,36.999050,0,1,1,774,32680
_home_max_Documents_PhD_MAPF_LNS_MAPF_LNS_SAT_mapf-map_room-64-64-8_map-_home_max_Documents_PhD_MAPF_LNS_MAPF_LNS_SAT_mapf-scen-even_scen-even_room-64-64-8-even-2_scen-agents10-idx0-seed42-1783617181564,0,15,0,2,5786660,32657,0,5786660,0,0,4,3,4072.312000,4072.308000,0.000000,1,1,0,0,0
_home_max_Documents_PhD_MAPF_LNS_MAPF_LNS_SAT_mapf-map_room-64-64-8_map-_home_max_Documents_PhD_MAPF_LNS_MAPF_LNS_SAT_mapf-scen-even_scen-even_room-64-64-8-even-2_scen-agents10-idx0-seed42-1783617181564,0,15,1,1,6086682,34500,6,6086688,3,3,7,6,5844.267000,5013.260000,40.086827,0,1,1,2529,65374
_home_max_Documents_PhD_MAPF_LNS_MAPF_LNS_SAT_mapf-map_room-64-64-8_map-_home_max_Documents_PhD_MAPF_LNS_MAPF_LNS_SAT_mapf-scen-even_scen-even_room-64-64-8-even-2_scen-agents10-idx0-seed42-1783617181564,0,15,1,2,6086688,34500,0,6086688,0,0,7,6,4999.354000,4999.349000,0.000000,1,1,0,0,0
_home_max_Documents_PhD_MAPF_LNS_MAPF_LNS_SAT_mapf-map_room-64-64-8_map-_home_max_Documents_PhD_MAPF_LNS_MAPF_LNS_SAT_mapf-scen-even_scen-even_room-64-64-8-even-2_scen-agents10-idx0-seed42-1783617181564,0,16,0,1,8242552,40062,7,8242559,4,3,4,3,7421.113000,6358.621000,52.350439,0,1,1,829,40085
_home_max_Documents_PhD_MAPF_LNS_MAPF_LNS_SAT_mapf-map_room-64-64-8_map-_home_max_Documents_PhD_MAPF_LNS_MAPF_LNS_SAT_mapf-scen-even_scen-even_room-64-64-8-even-2_scen-agents10-idx0-seed42-1783617181564,0,16,0,2,8242559,40062,0,8242559,0,0,4,3,6337.163000,6337.161000,0.000000,1,1,0,0,0
_home_max_Documents_PhD_MAPF_LNS_MAPF_LNS_SAT_mapf-map_room-64-64-8_map-_home_max_Documents_PhD_MAPF_LNS_MAPF_LNS_SAT_mapf-scen-even_scen-even_room-64-64-8-even-2_scen-agents10-idx0-seed42-1783617181564,0,16,1,1,8653891,42144,6,8653897,3,3,7,6,8103.532000,6814.008000,56.609766,0,1,1,2718,80341
_home_max_Documents_PhD_MAPF_LNS_MAPF_LNS_SAT_mapf-map_room-64-64-8_map-_home_max_Documents_PhD_MAPF_LNS_MAPF_LNS_SAT_mapf-scen-even_scen-even_room-64-64-8-even-2_scen-agents10-idx0-seed42-1783617181564,0,16,1,2,8653897,42144,0,8653897,0,0,7,6,7225.528000,7225.518000,0.000000,1,1,0,0,0
_home_max_Documents_PhD_MAPF_LNS_MAPF_LNS_SAT_mapf-map_room-64-64-8_map-_home_max_Documents_PhD_MAPF_LNS_MAPF_LNS_SAT_mapf-scen-even_scen-even_room-64-64-8-even-2_scen-agents10-idx0-seed42-1783617181564,0,17,0,1,11109534,47779,7,11109541,4,3,4,3,10068.175000,8602.289000,69.535548,0,1,1,881,47802
_home_max_Documents_PhD_MAPF_LNS_MAPF_LNS_SAT_mapf-map_room-64-64-8_map-_home_max_Documents_PhD_MAPF_LNS_MAPF_LNS_SAT_mapf-scen-even_scen-even_room-64-64-8-even-2_scen-agents10-idx0-seed42-1783617181564,0,17,0,2,11109541,47779,0,11109541,0,0,4,3,8489.617000,8489.613000,0.000000,1,1,0,0,0
_home_max_Documents_PhD_MAPF_LNS_MAPF_LNS_SAT_mapf-map_room-64-64-8_map-_home_max_Documents_PhD_MAPF_LNS_MAPF_LNS_SAT_mapf-scen-even_scen-even_room-64-64-8-even-2_scen-agents10-idx0-seed42-1783617181564,0,17,1,1,11640094,50091,6,11640100,3,3,7,6,10457.963000,10440.517000,75.457952,0,1,1,2892,95788
_home_max_Documents_PhD_MAPF_LNS_MAPF_LNS_SAT_mapf-map_room-64-64-8_map-_home_max_Documents_PhD_MAPF_LNS_MAPF_LNS_SAT_mapf-scen-even_scen-even_room-64-64-8-even-2_scen-agents10-idx0-seed42-1783617181564,0,17,1,2,11640100,50091,0,11640100,0,0,7,6,8946.528000,8946.524000,0.000000,1,1,0,0,0
_home_max_Documents_PhD_MAPF_LNS_MAPF_LNS_SAT_mapf-map_room-64-64-8_map-_home_max_Documents_PhD_MAPF_LNS_MAPF_LNS_SAT_mapf-scen-even_scen-even_room-64-64-8-even-2_scen-agents10-idx0-seed42-1783617181564,0,18,0,1,14443102,55676,7,14443109,4,3,4,3,14541.666000,12499.824000,90.467060,0,1,1,938,55699
_home_max_Documents_PhD_MAPF_LNS_MAPF_LNS_SAT_mapf-map_room-64-64-8_map-_home_max_Documents_PhD_MAPF_LNS_MAPF_LNS_SAT_mapf-scen-even_scen-even_room-64-64-8-even-2_scen-agents10-idx0-seed42-1783617181564,0,18,0,2,14443109,55676,0,14443109,0,0,4,3,12202.061000,12202.057000,0.000000,1,1,0,0,0
_home_max_Documents_PhD_MAPF_LNS_MAPF_LNS_SAT_mapf-map_room-64-64-8_map-_home_max_Documents_PhD_MAPF_LNS_MAPF_LNS_SAT_mapf-scen-even_scen-even_room-64-64-8-even-2_scen-agents10-idx0-seed42-1783617181564,0,18,1,1,15084467,58177,6,15084473,3,3,7,6,14777.891000,12841.994000,96.159749,0,1,1,3063,110859
_home_max_Documents_PhD_MAPF_LNS_MAPF_LNS_SAT_mapf-map_room-64-64-8_map-_home_max_Documents_PhD_MAPF_LNS_MAPF_LNS_SAT_mapf-scen-even_scen-even_room-64-64-8-even-2_scen-agents10-idx0-seed42-1783617181564,0,18,1,2,15084473,58177,0,15084473,0,0,7,6,12616.985000,12616.980000,0.000000,1,1,0,0,0
_home_max_Documents_PhD_MAPF_LNS_MAPF_LNS_SAT_mapf-map_room-64-64-8_map-_home_max_Documents_PhD_MAPF_LNS_MAPF_LNS_SAT_mapf-scen-even_scen-even_room-64-64-8-even-1_scen-agents20-idx0-seed42-1783617771665,0,0,0,1,64,33,13,77,13,0,13,0,0.078000,0.062000,0.008016,0,1,1,2,33
_home_max_Documents_PhD_MAPF_LNS_MAPF_LNS_SAT_mapf-map_room-64-64-8_map-_home_max_Documents_PhD_MAPF_LNS_MAPF_LNS_SAT_mapf-scen-even_scen-even_room-64-64-8-even-1_scen-agents20-idx0-seed42-1783617771665,0,0,0,2,77,33,0,77,0,0,13,0,0.003000,0.003000,0.000000,0,0,0,0,0
_home_max_Documents_PhD_MAPF_LNS_MAPF_LNS_SAT_mapf-map_room-64-64-8_map-_home_max_Documents_PhD_MAPF_LNS_MAPF_LNS_SAT_mapf-scen-even_scen-even_room-64-64-8-even-1_scen-agents20-idx0-seed42-1783617771665,0,0,1,1,107,48,0,107,0,0,13,0,0.064000,0.055000,0.005478,0,1,1,2,48
_home_max_Documents_PhD_MAPF_LNS_MAPF_LNS_SAT_mapf-map_room-64-64-8_map-_home_max_Documents_PhD_MAPF_LNS_MAPF_LNS_SAT_mapf-scen-even_scen-even_room-64-64-8-even-1_scen-agents20-idx0-seed42-1783617771665,0,0,0,1,10,6,1,11,0,1,0,1,0.019000,0.013000,0.000749,0,1,1,1,6
_home_max_Documents_PhD_MAPF_LNS_MAPF_LNS_SAT_mapf-map_room-64-64-8_map-_home_max_Documents_PhD_MAPF_LNS_MAPF_LNS_SAT_mapf-scen-even_scen-even_room-64-64-8-even-1_scen-agents20-idx0-seed42-1783617771665,0,0,0,2,11,6,0,11,0,0,0,1,0.002000,0.002000,0.000000,0,0,0,0,0
_home_max_Documents_PhD_MAPF_LNS_MAPF_LNS_SAT_mapf-map_room-64-64-8_map-_home_max_Documents_PhD_MAPF_LNS_MAPF_LNS_SAT_mapf-scen-even_scen-even_room-64-64-8-even-1_scen-agents20-idx0-seed42-1783617771665,0,0,1,1,20,11,2,22,2,0,2,1,0.025000,0.018000,0.001292,0,1,1,2,11
_home_max_Documents_PhD_MAPF_LNS_MAPF_LNS_SAT_mapf-map_room-64-64-8_map-_home_max_Documents_PhD_MAPF_LNS_MAPF_LNS_SAT_mapf-scen-even_scen-even_room-64-64-8-even-1_scen-agents20-idx0-seed42-1783617771665,0,0,1,2,22,11,0,22,0,0,2,1,0.001000,0.001000,0.000000,0,0,0,0,0
_home_max_Documents_PhD_MAPF_LNS_MAPF_LNS_SAT_mapf-map_room-64-64-8_map-_home_max_Documents_PhD_MAPF_LNS_MAPF_LNS_SAT_mapf-scen-even_scen-even_room-64-64-8-even-1_scen-agents20-idx0-seed42-1783617771665,0,0,2,1,74,31,2,76,1,1,3,2,0.056000,0.047000,0.004042,0,1,1,12,31
_home_max_Documents_PhD_MAPF_LNS_MAPF_LNS_SAT_mapf-map_room-64-64-8_map-_home_max_Documents_PhD_MAPF_LNS_MAPF_LNS_SAT_mapf-scen-even_scen-even_room-64-64-8-even-1_scen-agents20-idx0-seed42-1783617771665,0,0,2,2,76,31,2,78,1,1,4,3,0.013000,0.006000,0.001250,0,0,1,15,53
_home_max_Documents_PhD_MAPF_LNS_MAPF_LNS_SAT_mapf-map_room-64-64-8_map-_home_max_Documents_PhD_MAPF_LNS_MAPF_LNS_SAT_mapf-scen-even_scen-even_room-64-64-8-even-1_scen-agents20-idx0-seed42-1783617771665,0,0,2,3,78,31,0,78,0,0,4,3,0.002000,0.001000,0.000000,0,0,0,0,0
_home_max_Documents_PhD_MAPF_LNS_MAPF_LNS_SAT_mapf-map_room-64-64-8_map-_home_max_Documents_PhD_MAPF_LNS_MAPF_LNS_SAT_mapf-scen-even_scen-even_room-64-64-8-even-1_scen-agents20-idx0-seed42-1783617771665,0,0,3,1,223,67,3,226,2,1,6,4,0.129000,0.117000,0.007257,0,1,1,18,67
_home_max_Documents_PhD_MAPF_LNS_MAPF_LNS_SAT_mapf-map_room-64-64-8_map-_home_max_Documents_PhD_MAPF_LNS_MAPF_LNS_SAT_mapf-scen-even_scen-even_room-64-64-8-even-1_scen-agents20-idx0-seed42-1783617771665,0,0,3,2,226,67,0,226,0,0,6,4,0.002000,0.001000,0.000000,0,0,0,0,0
_home_max_Documents_PhD_MAPF_LNS_MAPF_LNS_SAT_mapf-map_room-64-64-8_map-_home_max_Documents_PhD_MAPF_LNS_MAPF_LNS_SAT_mapf-scen-even_scen-even_room-64-64-8-even-1_scen-agents20-idx0-seed42-1783617771665,0,0,4,1,522,141,6,528,4,2,10,6,0.261000,0.245000,0.018237,0,1,1,41,147
_home_max_Documents_PhD_MAPF_LNS_MAPF_LNS_SAT_mapf-map_room-64-64-8_map-_home_max_Documents_PhD_MAPF_LNS_MAPF_LNS_SAT_mapf-scen-even_scen-even_room-64-64-8-even-1_scen-agents20-idx0-seed42-1783617771665,0,0,4,2,528,141,4,532,2,2,12,8,0.027000,0.015000,0.007913,0,0,1,76,266
_home_max_Documents_PhD_MAPF_LNS_MAPF_LNS_SAT_mapf-map_room-64-64-8_map-_home_max_Documents_PhD_MAPF_LNS_MAPF_LNS_SAT_mapf-scen-even_scen-even_room-64-64-8-even-1_scen-agents20-idx0-seed42-1783617771665,0,0,4,3,532,141,3,535,1,2,13,10,0.028000,0.016000,0.010837,0,0,1,120,416
_home_max_Documents_PhD_MAPF_LNS_MAPF_LNS_SAT_mapf-map_room-64-64-8_map-_home_max_Documents_PhD_MAPF_LNS_MAPF_LNS_SAT_mapf-scen-even_scen-even_room-64-64-8-even-1_scen-agents20-idx0-seed42-1783617771665,0,0,4,4,535,141,3,538,2,1,15,11,0.028000,0.017000,0.013121,0,0,1,178,631
_home_max_Documents_PhD_MAPF_LNS_MAPF_LNS_SAT_mapf-map_room-64-64-8_map-_home_max_Documents_PhD_MAPF_LNS_MAPF_LNS_SAT_mapf-scen-even_scen-even_room-64-64-8-even-1_scen-agents20-idx0-seed42-1783617771665,0,0,4,5,538,141,0,538,0,0,15,11,0.001000,0.001000,0.000000,0,0,0,0,0
_home_max_Documents_PhD_MAPF_LNS_MAPF_LNS_SAT_mapf-map_room-64-64-8_map-_home_max_Documents_PhD_MAPF_LNS_MAPF_LNS_SAT_mapf-scen-even_scen-even_room-64-64-8-even-1_scen-agents20-idx0-seed42-1783617771665,0,0,5,1,1507,354,49,1556,31,18,46,29,0.698000,0.652000,0.035087,0,1,1,116,360
_home_max_Documents_PhD_MAPF_LNS_MAPF_LNS_SAT_mapf-map_room-64-64-8_map-_home_max_Documents_PhD_MAPF_LNS_MAPF_LNS_SAT_mapf-scen-even_scen-even_room-64-64-8-even-1_scen-agents20-idx0-seed42-1783617771665,0,0,5,2,1556,354,13,1569,10,3,56,32,0.099000,0.074000,0.030209,0,0,1,218,764
_home_max_Documents_PhD_MAPF_LNS_MAPF_LNS_SAT_mapf-map_room-64-64-8_map-_home_max_Documents_PhD_MAPF_LNS_MAPF_LNS_SAT_mapf-scen-even_scen-even_room-64-64-8-even-1_scen-agents20-idx0-seed42-1783617771665,0,0,5,3,1569,354,14,1583,10,4,66,36,0.063000,0.038000,0.027890,0,0,1,317,1140
_home_max_Documents_PhD_MAPF_LNS_MAPF_LNS_SAT_mapf-map_room-64-64-8_map-_home_max_Documents_PhD_MAPF_LNS_MAPF_LNS_SAT_mapf-scen-even_scen-even_room-64-64-8-even-1_scen-agents20-idx0-seed42-1783617771665,0,0,5,4,1583,354,11,1594,7,4,73,40,0.062000,0.039000,0.028600,0,0,1,417,1569
_home_max_Documents_PhD_MAPF_LNS_MAPF_LNS_SAT_mapf-map_room-64-64-8_map-_home_max_Documents_PhD_MAPF_LNS_MAPF_LNS_SAT_mapf-scen-even_scen-even_room-64-64-8-even-1_scen-agents20-idx0-seed42-1783617771665,0,0,5,5,1594,354,9,1603,7,2,80,42,0.055000,0.034000,0.025453,0,0,1,501,1902
_home_max_Documents_PhD_MAPF_LNS_MAPF_LNS_SAT_mapf-map_room-64-64-8_map-_home_max_Documents_PhD_MAPF_LNS_MAPF_LNS_SAT_mapf-scen-even_scen-even_room-64-64-8-even-1_scen-agents20-idx0-seed42-1783617771665,0,0,5,6,1603,354,11,1614,9,2,89,44,0.061000,0.036000,0.028299,0,0,1,568,2232
_home_max_Documents_PhD_MAPF_LNS_MAPF_LNS_SAT_mapf-map_room-64-64-8_map-_home_max_Documents_PhD_MAPF_LNS_MAPF_LNS_SAT_mapf-scen-even_scen-even_room-64-64-8-even-1_scen-agents20-idx0-seed42-1783617771665,0,0,5,7,1614,354,9,1623,6,3,95,47,0.077000,0.054000,0.043846,0,0,1,690,2824
_home_max_Documents_PhD_MAPF_LNS_MAPF_LNS_SAT_mapf-map_room-64-64-8_map-_home_max_Documents_PhD_MAPF_LNS_MAPF_LNS_SAT_mapf-scen-even_scen-even_room-64-64-8-even-1_scen-agents20-idx0-seed42-1783617771665,0,0,5,8,1623,354,8,1631,5,3,100,50,0.053000,0.032000,0.023102,0,0,1,754,3152
_home_max_Documents_PhD_MAPF_LNS_MAPF_LNS_SAT_mapf-map_room-64-64-8_map-_home_max_Documents_PhD_MAPF_LNS_MAPF_LNS_SAT_mapf-scen-even_scen-even_room-64-64-8-even-1_scen-agents20-idx0-seed42-1783617771665,0,0,5,9,1631,354,7,1638,5,2,105,52,0.057000,0.037000,0.029218,0,0,1,819,3498
_home_max_Documents_PhD_MAPF_LNS_MAPF_LNS_SAT_mapf-map_room-64-64-8_map-_home_max_Documents_PhD_MAPF_LNS_MAPF_LNS_SAT_mapf-scen-even_scen-even_room-64-64-8-even-1_scen-agents20-idx0-seed42-1783617771665,0,0,5,10,1638,354,7,1645,5,2,110,54,0.051000,0.032000,0.025276,0,0,1,883,3824
_home_max_Documents_PhD_MAPF_LNS_MAPF_LNS_SAT_mapf-map_room-64-64-8_map-_home_max_Documents_PhD_MAPF_LNS_MAPF_LNS_SAT_mapf-scen-even_scen-even_room-64-64-8-even-1_scen-agents20-idx0-seed42-1783617771665,0,0,5,11,1645,354,5,1650,2,3,112,57,0.086000,0.068000,0.062164,0,0,1,963,4327
_home_max_Documents_PhD_MAPF_LNS_MAPF_LNS_SAT_mapf-map_room-64-64-8_map-_home_max_Documents_PhD_MAPF_LNS_MAPF_LNS_SAT_mapf-scen-even_scen-even_room-64-64-8-even-1_scen-agents20-idx0-seed42-1783617771665,0,0,5,12,1650,354,6,1656,3,3,115,60,0.060000,0.041000,0.035132,0,0,1,1020,4722
_home_max_Documents_PhD_MAPF_LNS_MAPF_LNS_SAT_mapf-map_room-64-64-8_map-_home_max_Documents_PhD_MAPF_LNS_MAPF_LNS_SAT_mapf-scen-even_scen-even_room-64-64-8-even-1_scen-agents20-idx0-seed42-1783617771665,0,0,5,13,1656,354,13,1669,11,2,126,62,0.064000,0.042000,0.036067,0,0,1,1080,5141
_home_max_Documents_PhD_MAPF_LNS_MAPF_LNS_SAT_mapf-map_room-64-64-8_map-_home_max_Documents_PhD_MAPF_LNS_MAPF_LNS_SAT_mapf-scen-even_scen-even_room-64-64-8-even-1_scen-agents20-idx0-seed42-1783617771665,0,0,5,14,1669,354,9,1678,6,3,132,65,0.114000,0.094000,0.084471,0,0,1,1149,6136
_home_max_Documents_PhD_MAPF_LNS_MAPF_LNS_SAT_mapf-map_room-64-64-8_map-_home_max_Documents_PhD_MAPF_LNS_MAPF_LNS_SAT_mapf-scen-even_scen-even_room-64-64-8-even-1_scen-agents20-idx0-seed42-1783617771665,0,0,5,15,1678,354,4,1682,4,0,136,65,0.071000,0.053000,0.045500,0,0,1,1220,6660
_home_max_Documents_PhD_MAPF_LNS_MAPF_LNS_SAT_mapf-map_room-64-64-8_map-_home_max_Documents_PhD_MAPF_LNS_MAPF_LNS_SAT_mapf-scen-even_scen-even_room-64-64-8-even-1_scen-agents20-idx0-seed42-1783617771665,0,0,5,16,1682,354,5,1687,3,2,139,67,0.048000,0.030000,0.025628,0,0,1,1262,6977
_home_max_Documents_PhD_MAPF_LNS_MAPF_LNS_SAT_mapf-map_room-64-64-8_map-_home_max_Documents_PhD_MAPF_LNS_MAPF_LNS_SAT_mapf-scen-even_scen-even_room-64-64-8-even-1_scen-agents20-idx0-seed42-1783617771665,0,0,5,17,1687,354,5,1692,3,2,142,69,0.071000,0.052000,0.045432,0,0,1,1319,7486
_home_max_Documents_PhD_MAPF_LNS_MAPF_LNS_SAT_mapf-map_room-64-64-8_map-_home_max_Documents_PhD_MAPF_LNS_MAPF_LNS_SAT_mapf-scen-even_scen-even_room-64-64-8-even-1_scen-agents20-idx0-seed42-1783617771665,0,0,5,18,1692,354,2,1694,1,1,143,70,0.053000,0.036000,0.031032,0,0,1,1372,7854
_home_max_Documents_PhD_MAPF_LNS_MAPF_LNS_SAT_mapf-map_room-64-64-8_map-_home_max_Documents_PhD_MAPF_LNS_MAPF_LNS_SAT_mapf-scen-even_scen-even_room-64-64-8-even-1_scen-agents20-idx0-seed42-1783617771665,0,0,5,19,1694,354,4,1698,3,1,146,71,0.076000,0.060000,0.055858,0,0,1,1422,8213
_home_max_Documents_PhD_MAPF_LNS_MAPF_LNS_SAT_mapf-map_room-64-64-8_map-_home_max_Documents_PhD_MAPF_LNS_MAPF_LNS_SAT_mapf-scen-even_scen-even_room-64-64-8-even-1_scen-agents20-idx0-seed42-1783617771665,0,0,5,20,1698,354,3,1701,1,2,147,73,0.061000,0.045000,0.039989,0,0,1,1466,8650
_home_max_Documents_PhD_MAPF_LNS_MAPF_LNS_SAT_mapf-map_room-64-64-8_map-_home_max_Documents_PhD_MAPF_LNS_MAPF_LNS_SAT_mapf-scen-even_scen-even_room-64-64-8-even-1_scen-agents20-idx0-seed42-1783617771665,0,0,5,21,1701,354,8,1709,7,1,154,74,0.067000,0.048000,0.043540,0,0,1,1507,9163
_home_max_Documents_PhD_MAPF_LNS_MAPF_LNS_SAT_mapf-map_room-64-64-8_map-_home_max_Documents_PhD_MAPF_LNS_MAPF_LNS_SAT_mapf-scen-even_scen-even_room-64-64-8-even-1_scen-agents20-idx0-seed42-1783617771665,0,0,5,22,1709,354,7,1716,3,4,157,78,0.076000,0.054000,0.047676,0,0,1,1564,9602
_home_max_Documents_PhD_MAPF_LNS_MAPF_LNS_SAT_mapf-map_room-64-64-8_map-_home_max_Documents_PhD_MAPF_LNS_MAPF_LNS_SAT_mapf-scen-even_scen-even_room-64-64-8-even-1_scen-agents20-idx0-seed42-1783617771665,0,0,5,23,1716,354,5,1721,4,1,161,79,0.057000,0.038000,0.030457,0,0,1,1612,9915
_home_max_Documents_PhD_MAPF_LNS_MAPF_LNS_SAT_mapf-map_room-64-64-8_map-_home_max_Documents_PhD_MAPF_LNS_MAPF_LNS_SAT_mapf-scen-even_scen-even_room-64-64-8-even-1_scen-agents20-idx0-seed42-1783617771665,0,0,5,24,1721,354,2,1723,2,0,163,79,0.107000,0.088000,0.083219,0,0,1,1679,10877
_home_max_Documents_PhD_MAPF_LNS_MAPF_LNS_SAT_mapf-map_room-64-64-8_map-_home_max_Documents_PhD_MAPF_LNS_MAPF_LNS_SAT_mapf-scen-even_scen-even_room-64-64-8-even-1_scen-agents20-idx0-seed42-1783617771665,0,0,5,25,1723,354,6,1729,3,3,166,82,0.065000,0.046000,0.042125,0,0,1,1726,11298
_home_max_Documents_PhD_MAPF_LNS_MAPF_LNS_SAT_mapf-map_room-64-64-8_map-_home_max_Documents_PhD_MAPF_LNS_MAPF_LNS_SAT_mapf-scen-even_scen-even_room-64-64-8-even-1_scen-agents20-idx0-seed42-1783617771665,0,0,5,26,1729,354,4,1733,2,2,168,84,0.117000,0.099000,0.092988,0,0,1,1797,12151
_home_max_Documents_PhD_MAPF_LNS_MAPF_LNS_SAT_mapf-map_room-64-64-8_map-_home_max_Documents_PhD_MAPF_LNS_MAPF_LNS_SAT_mapf-scen-even_scen-even_room-64-64-8-even-1_scen-agents20-idx0-seed42-1783617771665,0,0,5,27,1733,354,2,1735,2,0,170,84,0.102000,0.087000,0.081679,0,0,1,1864,12733
_home_max_Documents_PhD_MAPF_LNS_MAPF_LNS_SAT_mapf-map_room-64-64-8_map-_home_max_Documents_PhD_MAPF_LNS_MAPF_LNS_SAT_mapf-scen-even_scen-even_room-64-64-8-even-1_scen-agents20-idx0-seed42-1783617771665,0,0,5,28,1735,354,6,1741,3,3,173,87,0.082000,0.064000,0.060329,0,0,1,1924,13345
_home_max_Documents_PhD_MAPF_LNS_MAPF_LNS_SAT_mapf-map_room-64-64-8_map-_home_max_Documents_PhD_MAPF_LNS_MAPF_LNS_SAT_mapf-scen-even_scen-even_room-64-64-8-even-1_scen-agents20-idx0-seed42-1783617771665,0,0,5,29,1741,354,5,1746,2,3,175,90,0.087000,0.069000,0.062859,0,0,1,1981,13953
_home_max_Documents_PhD_MAPF_LNS_MAPF_LNS_SAT_mapf-map_room-64-64-8_map-_home_max_Documents_PhD_MAPF_LNS_MAPF_LNS_SAT_mapf-scen-even_scen-even_room-64-64-8-even-1_scen-agents20-idx0-seed42-1783617771665,0,0,5,30,1746,354,0,1746,0,0,175,90,0.014000,0.013000,0.009988,0,0,0,1984,14088
_home_max_Documents_PhD_MAPF_LNS_MAPF_LNS_SAT_mapf-map_room-64-64-8_map-_home_max_Documents_PhD_MAPF_LNS_MAPF_LNS_SAT_mapf-scen-even_scen-even_room-64-64-8-even-1_scen-agents20-idx0-seed42-1783617771665,0,0,6,1,3135,629,43,3178,26,17,201,107,1.364000,1.309000,0.087003,0,1,1,163,678
_home_max_Documents_PhD_MAPF_LNS_MAPF_LNS_SAT_mapf-map_room-64-64-8_map-_home_max_Documents_PhD_MAPF_LNS_MAPF_LNS_SAT_mapf-scen-even_scen-even_room-64-64-8-even-1_scen-agents20-idx0-seed42-1783617771665,0,0,6,2,3178,629,0,3178,0,0,201,107,1.283000,1.239000,0.000000,1,1,0,0,0
_home_max_Documents_PhD_MAPF_LNS_MAPF_LNS_SAT_mapf-map_room-64-64-8_map-_home_max_Documents_PhD_MAPF_LNS_MAPF_LNS_SAT_mapf-scen-even_scen-even_room-64-64-8-even-1_scen-agents20-idx0-seed42-1783617771665,0,0,7,1,4796,948,71,4867,47,24,248,131,2.083000,1.928000,0.117826,0,1,1,244,993
_home_max_Documents_PhD_MAPF_LNS_MAPF_LNS_SAT_mapf-map_room-64-64-8_map-_home_max_Documents_PhD_MAPF_LNS_MAPF_LNS_SAT_mapf-scen-even_scen-even_room-64-64-8-even-1_scen-agents20-idx0-seed42-1783617771665,0,0,7,2,4867,948,35,4902,24,11,272,142,0.164000,0.103000,0.065810,1,0,1,488,1919
_home_max_Documents_PhD_MAPF_LNS_MAPF_LNS_SAT_mapf-map_room-64-64-8_map-_home_max_Documents_PhD_MAPF_LNS_MAPF_LNS_SAT_mapf-scen-even_scen-even_room-64-64-8-even-1_scen-agents20-idx0-seed42-1783617771665,0,0,7,3,4902,948,34,4936,29,5,301,147,0.172000,0.119000,0.098762,1,0,1,822,3535
_home_max_Documents_PhD_MAPF_LNS_MAPF_LNS_SAT_mapf-map_room-64-64-8_map-_home_max_Documents_PhD_MAPF_LNS_MAPF_LNS_SAT_mapf-scen-even_scen-even_room-64-64-8-even-1_scen-agents20-idx0-seed42-1783617771665,0,0,7,4,4936,948,27,4963,20,7,321,154,0.154000,0.107000,0.089008,1,0,1,1155,4969
_home_max_Documents_PhD_MAPF_LNS_MAPF_LNS_SAT_mapf-map_room-64-64-8_map-_home_max_Documents_PhD_MAPF_LNS_MAPF_LNS_SAT_mapf-scen-even_scen-even_room-64-64-8-even-1_scen-agents20-idx0-seed42-1783617771665,0,0,7,5,4963,948,20,4983,12,8,333,162,0.219000,0.171000,0.154904,1,0,1,1614,7292
_home_max_Documents_PhD_MAPF_LNS_MAPF_LNS_SAT_mapf-map_room-64-64-8_map-_home_max_Documents_PhD_MAPF_LNS_MAPF_LNS_SAT_mapf-scen-even_scen-even_room-64-64-8-even-1_scen-agents20-idx0-seed42-1783617771665,0,0,7,6,4983,948,16,4999,11,5,344,167,0.147000,0.103000,0.089200,1,0,1,1872,8610
_home_max_Documents_PhD_MAPF_LNS_MAPF_LNS_SAT_mapf-map_room-64-64-8_map-_home_max_Documents_PhD_MAPF_LNS_MAPF_LNS_SAT_mapf-scen-even_scen-even_room-64-64-8-even-1_scen-agents20-idx0-seed42-1783617771665,0,0,7,7,4999,948,19,5018,15,4,359,171,0.125000,0.080000,0.068597,1,0,1,2020,9515
_home_max_Documents_PhD_MAPF_LNS_MAPF_LNS_SAT_mapf-map_room-64-64-8_map-_home_max_Documents_PhD_MAPF_LNS_MAPF_LNS_SAT_mapf-scen-even_scen-even_room-64-64-8-even-1_scen-agents20-idx0-seed42-1783617771665,0,0,7,8,5018,948,13,5031,10,3,369,174,0.128000,0.088000,0.075017,1,0,1,2171,10510
_home_max_Documents_PhD_MAPF_LNS_MAPF_LNS_SAT_mapf-map_room-64-64-8_map-_home_max_Documents_PhD_MAPF_LNS_MAPF_LNS_SAT_mapf-scen-even_scen-even_room-64-64-8-even-1_scen-agents20-idx0-seed42-1783617771665,0,0,7,9,5031,948,16,5047,11,5,380,179,0.112000,0.071000,0.062287,1,0,1,2295,11363
_home_max_Documents_PhD_MAPF_LNS_MAPF_LNS_SAT_mapf-map_room-64-64-8_map-_home_max_Documents_PhD_MAPF_LNS_MAPF_LNS_SAT_mapf-scen-even_scen-even_room-64-64-8-even-1_scen-agents20-idx0-seed42-1783617771665,0,0,7,10,5047,948,18,5065,13,5,393,184,0.156000,0.114000,0.102882,1,0,1,2524,12807
_home_max_Documents_PhD_MAPF_LNS_MAPF_LNS_SAT_mapf-map_room-64-64-8_map-_home_max_Documents_PhD_MAPF_LNS_MAPF_LNS_SAT_mapf-scen-even_scen-even_room-64-64-8-even-1_scen-agents20-idx0-seed42-1783617771665,0,0,7,11,5065,948,12,5077,9,3,402,187,0.225000,0.184000,0.172531,1,0,1,2702,14312
_home_max_Documents_PhD_MAPF_LNS_MAPF_LNS_SAT_mapf-map_room-64-64-8_map-_home_max_Documents_PhD_MAPF_LNS_MAPF_LNS_SAT_mapf-scen-even_scen-even_room-64-64-8-even-1_scen-agents20-idx0-seed42-1783617771665,0,0,7,12,5077,948,16,5093,12,4,414,191,0.146000,0.102000,0.093565,1,0,1,2879,15431
_home_max_Documents_PhD_MAPF_LNS_MAPF_LNS_SAT_mapf-map_room-64-64-8_map-_home_max_Documents_PhD_MAPF_LNS_MAPF_LNS_SAT_mapf-scen-even_scen-even_room-64-64-8-even-1_scen-agents20-idx0-seed42-1783617771665,0,0,7,13,5093,948,15,5108,11,4,425,195,0.146000,0.103000,0.092774,1,0,1,3030,16534
_home_max_Documents_PhD_MAPF_LNS_MAPF_LNS_SAT_mapf-map_room-64-64-8_map-_home_max_Documents_PhD_MAPF_LNS_MAPF_LNS_SAT_mapf-scen-even_scen-even_room-64-64-8-even-1_scen-agents20-idx0-seed42-1783617771665,0,0,7,14,5108,948,26,5134,20,6,445,201,0.273000,0.220000,0.210013,1,0,1,3353,19374
_home_max_Documents_PhD_MAPF_LNS_MAPF_LNS_SAT_mapf-map_room-64-64-8_map-_home_max_Documents_PhD_MAPF_LNS_MAPF_LNS_SAT_mapf-scen-even_scen-even_room-64-64-8-even-1_scen-agents20-idx0-seed42-1783617771665,0,0,7,15,5134,948,29,5163,24,5,469,206,0.167000,0.117000,0.101513,1,0,1,3503,20843
_home_max_Documents_PhD_MAPF_LNS_MAPF_LNS_SAT_mapf-map_room-64-64-8_map-_home_max_Documents_PhD_MAPF_LNS_MAPF_LNS_SAT_mapf-scen-even_scen-even_room-64-64-8-even-1_scen-agents20-idx0-seed42-1783617771665,0,0,7,16,5163,948,18,5181,10,8,479,214,0.177000,0.133000,0.117837,1,0,1,3692,22390
_home_max_Documents_PhD_MAPF_LNS_MAPF_LNS_SAT_mapf-map_room-64-64-8_map-_home_max_Documents_PhD_MAPF_LNS_MAPF_LNS_SAT_mapf-scen-even_scen-even_room-64-64-8-even-1_scen-agents20-idx0-seed42-1783617771665,0,0,7,17,5181,948,13,5194,7,6,486,220,0.183000,0.138000,0.125313,1,0,1,3908,23907
_home_max_Documents_PhD_MAPF_LNS_MAPF_LNS_SAT_mapf-map_room-64-64-8_map-_home_max_Documents_PhD_MAPF_LNS_MAPF_LNS_SAT_mapf-scen-even_scen-even_room-64-64-8-even-1_scen-agents20-idx0-seed42-1783617771665,0,0,7,18,5194,948,10,5204,8,2,494,222,0.304000,0.265000,0.254751,1,0,1,4209,26231
_home_max_Documents_PhD_MAPF_LNS_MAPF_LNS_SAT_mapf-map_room-64-64-8_map-_home_max_Documents_PhD_MAPF_LNS_MAPF_LNS_SAT_mapf-scen-even_scen-even_room-64-64-8-even-1_scen-agents20-idx0-seed42-1783617771665,0,0,7,19,5204,948,13,5217,11,2,505,224,0.141000,0.099000,0.090887,1,0,1,4369,27211
_home_max_Documents_PhD_MAPF_LNS_MAPF_LNS_SAT_mapf-map_room-64-64-8_map-_home_max_Documents_PhD_MAPF_LNS_MAPF_LNS_SAT_mapf-scen-even_scen-even_room-64-64-8-even-1_scen-agents20-idx0-seed42-1783617771665,0,0,7,20,5217,948,8,5225,5,3,510,227,0.128000,0.091000,0.082132,1,0,1,4494,28048
_home_max_Documents_PhD_MAPF_LNS_MAPF_LNS_SAT_mapf-map_room-64-64-8_map-_home_max_Documents_PhD_MAPF_LNS_MAPF_LNS_SAT_mapf-scen-even_scen-even_room-64-64-8-even-1_scen-agents20-idx0-seed42-1783617771665,0,0,7,21,5225,948,15,5240,11,4,521,231,0.139000,0.098000,0.089889,1,0,1,4650,28960
_home_max_Documents_PhD_MAPF_LNS_MAPF_LNS_SAT_mapf-map_room-64-64-8_map-_home_max_Documents_PhD_MAPF_LNS_MAPF_LNS_SAT_mapf-scen-even_scen-even_room-64-64-8-even-1_scen-agents20-idx0-seed42-1783617771665,0,0,7,22,5240,948,18,5258,13,5,534,236,0.175000,0.130000,0.119765,1,0,1,4819,30272
_home_max_Documents_PhD_MAPF_LNS_MAPF_LNS_SAT_mapf-map_room-64-64-8_map-_home_max_Documents_PhD_MAPF_LNS_MAPF_LNS_SAT_mapf-scen-even_scen-even_room-64-64-8-even-1_scen-agents20-idx0-seed42-1783617771665,0,0,7,23,5258,948,12,5270,8,4,542,240,0.163000,0.123000,0.111102,1,0,1,4989,31545
_home_max_Documents_PhD_MAPF_LNS_MAPF_LNS_SAT_mapf-map_room-64-64-8_map-_home_max_Documents_PhD_MAPF_LNS_MAPF_LNS_SAT_mapf-scen-even_scen-even_room-64-64-8-even-1_scen-agents20-idx0-seed42-1783617771665,0,0,7,24,5270,948,10,5280,8,2,550,242,0.142000,0.104000,0.093290,1,0,1,5125,32477
_home_max_Documents_PhD_MAPF_LNS_MAPF_LNS_SAT_mapf-map_room-64-64-8_map-_home_max_Documents_PhD_MAPF_LNS_MAPF_LNS_SAT_mapf-scen-even_scen-even_room-64-64-8-even-1_scen-agents20-idx0-seed42-1783617771665,0,0,7,25,5280,948,9,5289,7,2,557,244,0.132000,0.096000,0.087720,1,0,1,5263,33409
_home_max_Documents_PhD_MAPF_LNS_MAPF_LNS_SAT_mapf-map_room-64-64-8_map-_home_max_Documents_PhD_MAPF_LNS_MAPF_LNS_SAT_mapf-scen-even_scen-even_room-64-64-8-even-1_scen-agents20-idx0-seed42-1783617771665,0,0,7,26,5289,948,9,5298,8,1,565,245,0.139000,0.103000,0.095563,1,0,1,5416,34519
_home_max_Documents_PhD_MAPF_LNS_MAPF_LNS_SAT_mapf-map_room-64-64-8_map-_home_max_Documents_PhD_MAPF_LNS_MAPF_LNS_SAT_mapf-scen-even_scen-even_room-64-64-8-even-1_scen-agents20-idx0-seed42-1783617771665,0,0,7,27,5298,948,9,5307,5,4,570,249,0.173000,0.137000,0.130044,1,0,1,5651,35971
_home_max_Documents_PhD_MAPF_LNS_MAPF_LNS_SAT_mapf-map_room-64-64-8_map-_home_max_Documents_PhD_MAPF_LNS_MAPF_LNS_SAT_mapf-scen-even_scen-even_room-64-64-8-even-1_scen-agents20-idx0-seed42-1783617771665,0,0,7,28,5307,948,14,5321,12,2,582,251,0.186000,0.147000,0.138583,1,0,1,5862,37458
_home_max_Documents_PhD_MAPF_LNS_MAPF_LNS_SAT_mapf-map_room-64-64-8_map-_home_max_Documents_PhD_MAPF_LNS_MAPF_LNS_SAT_mapf-scen-even_scen-even_room-64-64-8-even-1_scen-agents20-idx0-seed42-1783617771665,0,0,7,29,5321,948,21,5342,11,10,593,261,0.237000,0.189000,0.178547,1,0,1,6056,38777
_home_max_Documents_PhD_MAPF_LNS_MAPF_LNS_SAT_mapf-map_room-64-64-8_map-_home_max_Documents_PhD_MAPF_LNS_MAPF_LNS_SAT_mapf-scen-even_scen-even_room-64-64-8-even-1_scen-agents20-idx0-seed42-1783617771665,0,0,7,30,5342,948,22,5364,16,6,609,267,0.219000,0.170000,0.154643,1,0,1,6267,40475
_home_max_Documents_PhD_MAPF_LNS_MAPF_LNS_SAT_mapf-map_room-64-64-8_map-_home_max_Documents_PhD_MAPF_LNS_MAPF_LNS_SAT_mapf-scen-even_scen-even_room-64-64-8-even-1_scen-agents20-idx0-seed42-1783617771665,0,0,7,31,5364,948,22,5386,11,11,620,278,0.275000,0.228000,0.213841,1,0,1,6558,42580
_home_max_Documents_PhD_MAPF_LNS_MAPF_LNS_SAT_mapf-map_room-64-64-8_map-_home_max_Documents_PhD_MAPF_LNS_MAPF_LNS_SAT_mapf-scen-even_scen-even_room-64-64-8-even-1_scen-agents20-idx0-seed42-1783617771665,0,0,7,32,5386,948,11,5397,8,3,628,281,0.201000,0.162000,0.147090,1,0,1,6761,44097
_home_max_Documents_PhD_MAPF_LNS_MAPF_LNS_SAT_mapf-map_room-64-64-8_map-_home_max_Documents_PhD_MAPF_LNS_MAPF_LNS_SAT_mapf-scen-even_scen-even_room-64-64-8-even-1_scen-agents20-idx0-seed42-1783617771665,0,0,7,33,5397,948,15,5412,13,2,641,283,0.182000,0.142000,0.132885,1,0,1,6955,45573
_home_max_Documents_PhD_MAPF_LNS_MAPF_LNS_SAT_mapf-map_room-64-64-8_map-_home_max_Documents_PhD_MAPF_LNS_MAPF_LNS_SAT_mapf-scen-even_scen-even_room-64-64-8-even-1_scen-agents20-idx0-seed42-1783617771665,0,0,7,34,5412,948,10,5422,8,2,649,285,0.236000,0.197000,0.186122,1,0,1,7167,47592
_home_max_Documents_PhD_MAPF_LNS_MAPF_LNS_SAT_mapf-map_room-64-64-8_map-_home_max_Documents_PhD_MAPF_LNS_MAPF_LNS_SAT_mapf-scen-even_scen-even_room-64-64-8-even-1_scen-agents20-idx0-seed42-1783617771665,0,0,7,35,5422,948,6,5428,2,4,651,289,0.163000,0.128000,0.120055,1,0,1,7298,48779
_home_max_Documents_PhD_MAPF_LNS_MAPF_LNS_SAT_mapf-map_room-64-64-8_map-_home_max_Documents_PhD_MAPF_LNS_MAPF_LNS_SAT_mapf-scen-even_scen-even_room-64-64-8-even-1_scen-agents20-idx0-seed42-1783617771665,0,0,7,36,5428,948,13,5441,7,6,658,295,0.201000,0.157000,0.150471,1,0,1,7475,50404
_home_max_Documents_PhD_MAPF_LNS_MAPF_LNS_SAT_mapf-map_room-64-64-8_map-_home_max_Documents_PhD_MAPF_LNS_MAPF_LNS_SAT_mapf-scen-even_scen-even_room-64-64-8-even-1_scen-agents20-idx0-seed42-1783617771665,0,0,7,37,5441,948,10,5451,5,5,663,300,0.223000,0.184000,0.172738,1,0,1,7587,51616
_home_max_Documents_PhD_MAPF_LNS_MAPF_LNS_SAT_mapf-map_room-64-64-8_map-_home_max_Documents_PhD_MAPF_LNS_MAPF_LNS_SAT_mapf-scen-even_scen-even_room-64-64-8-even-1_scen-agents20-idx0-seed42-1783617771665,0,0,7,38,5451,948,0,5451,0,0,663,300,2.742000,2.740000,0.499532,1,1,0,601,5602
_home_max_Documents_PhD_MAPF_LNS_MAPF_LNS_SAT_mapf-map_room-64-64-8_map-_home_max_Documents_PhD_MAPF_LNS_MAPF_LNS_SAT_mapf-scen-even_scen-even_room-64-64-8-even-1_scen-agents20-idx0-seed42-1783617771665,0,0,8,1,7668,1385,64,7732,46,18,709,318,3.482000,3.376000,0.378633,0,1,1,733,3915
_home_max_Documents_PhD_MAPF_LNS_MAPF_LNS_SAT_mapf-map_room-64-64-8_map-_home_max_Documents_PhD_MAPF_LNS_MAPF_LNS_SAT_mapf-scen-even_scen-even_room-64-64-8-even-1_scen-agents20-idx0-seed42-1783617771665,0,0,8,2,7732,1385,42,7774,29,13,738,331,0.252000,0.177000,0.141948,1,0,1,1047,5561
_home_max_Documents_PhD_MAPF_LNS_MAPF_LNS_SAT_mapf-map_room-64-64-8_map-_home_max_Documents_PhD_MAPF_LNS_MAPF_LNS_SAT_mapf-scen-even_scen-even_room-64-64-8-even-1_scen-agents20-idx0-seed42-1783617771665,0,0,8,3,7774,1385,39,7813,30,9,768,340,0.338000,0.270000,0.245221,1,0,1,1587,8984
_home_max_Documents_PhD_MAPF_LNS_MAPF_LNS_SAT_mapf-map_room-64-64-8_map-_home_max_Documents_PhD_MAPF_LNS_MAPF_LNS_SAT_mapf-scen-even_scen-even_room-64-64-8-even-1_scen-agents20-idx0-seed42-1783617771665,0,0,8,4,7813,1385,42,7855,29,13,797,353,0.304000,0.234000,0.212742,1,0,1,1961,11703
_home_max_Documents_PhD_MAPF_LNS_MAPF_LNS_SAT_mapf-map_room-64-64-8_map-_home_max_Documents_PhD_MAPF_LNS_MAPF_LNS_SAT_mapf-scen-even_scen-even_room-64-64-8-even-1_scen-agents20-idx0-seed42-1783617771665,0,0,8,5,7855,1385,37,7892,24,13,821,366,0.345000,0.277000,0.253512,1,0,1,2253,14702
_home_max_Documents_PhD_MAPF_LNS_MAPF_LNS_SAT_mapf-map_room-64-64-8_map-_home_max_Documents_PhD_MAPF_LNS_MAPF_LNS_SAT_mapf-scen-even_scen-even_room-64-64-8-even-1_scen-agents20-idx0-seed42-1783617771665,0,0,8,6,7892,1385,28,7920,22,6,843,372,0.298000,0.238000,0.216356,1,0,1,2647,17240
_home_max_Documents_PhD_MAPF_LNS_MAPF_LNS_SAT_mapf-map_room-64-64-8_map-_home_max_Documents_PhD_MAPF_LNS_MAPF_LNS_SAT_mapf-scen-even_scen-even_room-64-64-8-even-1_scen-agents20-idx0-seed42-1783617771665,0,0,8,7,7920,1385,32,7952,24,8,867,380,0.438000,0.374000,0.357199,1,0,1,3125,20581
_home_max_Documents_PhD_MAPF_LNS_MAPF_LNS_SAT_mapf-map_room-64-64-8_map-_home_max_Documents_PhD_MAPF_LNS_MAPF_LNS_SAT_mapf-scen-even_scen-even_room-64-64-8-even-1_scen-agents20-idx0-seed42-1783617771665,0,0,8,8,7952,1385,31,7983,22,9,889,389,0.294000,0.232000,0.212972,1,0,1,3447,22944
_home_max_Documents_PhD_MAPF_LNS_MAPF_LNS_SAT_mapf-map_room-64-64-8_map-_home_max_Documents_PhD_MAPF_LNS_MAPF_LNS_SAT_mapf-scen-even_scen-even_room-64-64-8-even-1_scen-agents20-idx0-seed42-1783617771665,0,0,8,9,7983,1385,37,8020,28,9,917,398,0.360000,0.290000,0.271643,1,0,1,3894,26356
_home_max_Documents_PhD_MAPF_LNS_MAPF_LNS_SAT_mapf-map_room-64-64-8_map-_home_max_Documents_PhD_MAPF_LNS_MAPF_LNS_SAT_mapf-scen-even_scen-even_room-64-64-8-even-1_scen-agents20-idx0-seed42-1783617771665,0,0,8,10,8020,1385,24,8044,19,5,936,403,0.247000,0.187000,0.162935,1,0,1,4171,28047
_home_max_Documents_PhD_MAPF_LNS_MAPF_LNS_SAT_mapf-map_room-64-64-8_map-_home_max_Documents_PhD_MAPF_LNS_MAPF_LNS_SAT_mapf-scen-even_scen-even_room-64-64-8-even-1_scen-agents20-idx0-seed42-1783617771665,0,0,8,11,8044,1385,36,8080,28,8,964,411,0.861000,0.789000,0.773130,1,0,1,4927,37820
_home_max_Documents_PhD_MAPF_LNS_MAPF_LNS_SAT_mapf-map_room-64-64-8_map-_home_max_Documents_PhD_MAPF_LNS_MAPF_LNS_SAT_mapf-scen-even_scen-even_room-64-64-8-even-1_scen-agents20-idx0-seed42-1783617771665,0,0,8,12,8080,1385,0,8080,0,0,964,411,5.191000,5.190000,1.912154,1,1,0,1708,18206
_home_max_Documents_PhD_MAPF_LNS_MAPF_LNS_SAT_mapf-map_room-64-64-8_map-_home_max_Documents_PhD_MAPF_LNS_MAPF_LNS_SAT_mapf-scen-even_scen-even_room-64-64-8-even-1_scen-agents20-idx0-seed42-1783617771665,0,0,9,1,10567,1873,95,10662,59,36,1023,447,4.950000,4.799000,0.478992,0,1,1,1257,6209
_home_max_Documents_PhD_MAPF_LNS_MAPF_LNS_SAT_mapf-map_room-64-64-8_map-_home_max_Documents_PhD_MAPF_LNS_MAPF_LNS_SAT_mapf-scen-even_scen-even_room-64-64-8-even-1_scen-agents20-idx0-seed42-1783617771665,0,0,9,2,10662,1873,57,10719,40,17,1063,464,0.555000,0.452000,0.402711,1,0,1,2211,11598
_home_max_Documents_PhD_MAPF_LNS_MAPF_LNS_SAT_mapf-map_room-64-64-8_map-_home_max_Documents_PhD_MAPF_LNS_MAPF_LNS_SAT_mapf-scen-even_scen-even_room-64-64-8-even-1_scen-agents20-idx0-seed42-1783617771665,0,0,9,3,10719,1873,45,10764,29,16,1092,480,0.813000,0.719000,0.685516,1,0,1,3554,20381
_home_max_Documents_PhD_MAPF_LNS_MAPF_LNS_SAT_mapf-map_room-64-64-8_map-_home_max_Documents_PhD_MAPF_LNS_MAPF_LNS_SAT_mapf-scen-even_scen-even_room-64-64-8-even-1_scen-agents20-idx0-seed42-1783617771665,0,0,9,4,10764,1873,43,10807,33,10,1125,490,0.503000,0.414000,0.385795,1,0,1,4344,25454
_home_max_Documents_PhD_MAPF_LNS_MAPF_LNS_SAT_mapf-map_room-64-64-8_map-_home_max_Documents_PhD_MAPF_LNS_MAPF_LNS_SAT_mapf-scen-even_scen-even_room-64-64-8-even-1_scen-agents20-idx0-seed42-1783617771665,0,0,9,5,10807,1873,0,10807,0,0,1125,490,5.526000,5.524000,1.005938,1,1,0,1142,8449
_home_max_Documents_PhD_MAPF_LNS_MAPF_LNS_SAT_mapf-map_room-64-64-8_map-_home_max_Documents_PhD_MAPF_LNS_MAPF_LNS_SAT_mapf-scen-even_scen-even_room-64-64-8-even-1_scen-agents20-idx0-seed42-1783617771665,0,0,10,1,13923,2504,0,13923,0,0,1125,490,7.117000,7.117000,1.399937,0,1,0,1041,15431
_home_max_Documents_PhD_MAPF_LNS_MAPF_LNS_SAT_mapf-map_room-64-64-8_map-_home_max_Documents_PhD_MAPF_LNS_MAPF_LNS_SAT_mapf-scen-even_scen-even_room-64-64-8-even-1_scen-agents20-idx0-seed42-1783617771665,0,1,0,1,37,21,2,39,1,1,1,1,0.036000,0.023000,0.000907,0,1,1,1,21
_home_max_Documents_PhD_MAPF_LNS_MAPF_LNS_SAT_mapf-map_room-64-64-8_map-_home_max_Documents_PhD_MAPF_LNS_MAPF_LNS_SAT_mapf-scen-even_scen-even_room-64-64-8-even-1_scen-agents20-idx0-seed42-1783617771665,0,1,0,2,39,21,0,39,0,0,1,1,0.002000,0.001000,0.000000,0,0,0,0,0
_home_max_Documents_PhD_MAPF_LNS_MAPF_LNS_SAT_mapf-map_room-64-64-8_map-_home_max_Documents_PhD_MAPF_LNS_MAPF_LNS_SAT_mapf-scen-even_scen-even_room-64-64-8-even-1_scen-agents20-idx0-seed42-1783617771665,0,1,1,1,61,32,2,63,1,1,2,2,0.051000,0.038000,0.004131,0,1,1,2,32
_home_max_Documents_PhD_MAPF_LNS_MAPF_LNS_SAT_mapf-map_room-64-64-8_map-_home_max_Documents_PhD_MAPF_LNS_MAPF_LNS_SAT_mapf-scen-even_scen-even_room-64-64-8-even-1_scen-agents20-idx0-seed42-1783617771665,0,1,1,2,63,32,0,63,0,0,2,2,0.001000,0.001000,0.000000,0,0,0,0,0
_home_max_Documents_PhD_MAPF_LNS_MAPF_LNS_SAT_mapf-map_room-64-64-8_map-_home_max_Documents_PhD_MAPF_LNS_MAPF_LNS_SAT_mapf-scen-even_scen-even_room-64-64-8-even-1_scen-agents20-idx0-seed42-1783617771665,0,1,2,1,373,111,3,376,2,1,4,3,0.196000,0.181000,0.010172,0,1,1,33,111
_home_max_Documents_PhD_MAPF_LNS_MAPF_LNS_SAT_mapf-map_room-64-64-8_map-_home_max_Documents_PhD_MAPF_LNS_MAPF_LNS_SAT_mapf-scen-even_scen-even_room-64-64-8-even-1_scen-agents20-idx0-seed42-1783617771665,0,1,2,2,376,111,0,376,0,0,4,3,0.002000,0.002000,0.000000,0,0,0,0,0
_home_max_Documents_PhD_MAPF_LNS_MAPF_LNS_SAT_mapf-map_room-64-64-8_map-_home_max_Documents_PhD_MAPF_LNS_MAPF_LNS_SAT_mapf-scen-even_scen-even_room-64-64-8-even-1_scen-agents20-idx0-seed42-1783617771665,0,1,3,1,1500,244,4,1504,3,1,7,4,0.637000,0.618000,0.026238,0,1,1,57,244
_home_max_Documents_PhD_MAPF_LNS_MAPF_LNS_SAT_mapf-map_room-64-64-8_map-_home_max_Documents_PhD_MAPF_LNS_MAPF_LNS_SAT_mapf-scen-even_scen-even_room-64-64-8-even-1_scen-agents20-idx0-seed42-1783617771665,0,1,3,2,1504,244,0,1504,0,0,7,4,0.004000,0.003000,0.000000,0,0,0,0,0
_home_max_Documents_PhD_MAPF_LNS_MAPF_LNS_SAT_mapf-map_room-64-64-8_map-_home_max_Documents_PhD_MAPF_LNS_MAPF_LNS_SAT_mapf-scen-even_scen-even_room-64-64-8-even-1_scen-agents20-idx0-seed42-1783617771665,0,1,4,1,4135,539,6,4141,2,4,9,8,1.617000,1.588000,0.059918,0,1,1,91,539
_home_max_Documents_PhD_MAPF_LNS_MAPF_LNS_SAT_mapf-map_room-64-64-8_map-_home_max_Documents_PhD_MAPF_LNS_MAPF_LNS_SAT_mapf-scen-even_scen-even_room-64-64-8-even-1_scen-agents20-idx0-seed42-1783617771665,0,1,4,2,4141,539,0,4141,0,0,9,8,0.002000,0.001000,0.000000,0,0,0,0,0
_home_max_Documents_PhD_MAPF_LNS_MAPF_LNS_SAT_mapf-map_room-64-64-8_map-_home_max_Documents_PhD_MAPF_LNS_MAPF_LNS_SAT_mapf-scen-even_scen-even_room-64-64-8-even-1_scen-agents20-idx0-seed42-1783617771665,0,1,5,1,11302,1124,18,11320,8,10,17,18,4.423000,4.353000,0.133257,0,1,1,183,1124
_home_max_Documents_PhD_MAPF_LNS_MAPF_LNS_SAT_mapf-map_room-64-64-8_map-_home_max_Documents_PhD_MAPF_LNS_MAPF_LNS_SAT_mapf-scen-even_scen-even_room-64-64-8-even-1_scen-agents20-idx0-seed42-1783617771665,0,1,5,2,11320,1124,13,11333,10,3,27,21,0.133000,0.086000,0.068271,1,0,1,382,2274
_home_max_Documents_PhD_MAPF_LNS_MAPF_LNS_SAT_mapf-map_room-64-64-8_map-_home_max_Documents_PhD_MAPF_LNS_MAPF_LNS_SAT_mapf-scen-even_scen-even_room-64-64-8-even-1_scen-agents20-idx0-seed42-1783617771665,0,1,5,3,11333,1124,22,11355,16,6,43,27,0.122000,0.075000,0.064251,1,0,1,615,3485
_home_max_Documents_PhD_MAPF_LNS_MAPF_LNS_SAT_mapf-map_room-64-64-8_map-_home_max_Documents_PhD_MAPF_LNS_MAPF_LNS_SAT_mapf-scen-even_scen-even_room-64-64-8-even-1_scen-agents20-idx0-seed42-1783617771665,0,1,5,4,11355,1124,0,11355,0,0,43,27,4.258000,4.256000,0.000000,1,1,0,0,0
_home_max_Documents_PhD_MAPF_LNS_MAPF_LNS_SAT_mapf-map_room-64-64-8_map-_home_max_Documents_PhD_MAPF_LNS_MAPF_LNS_SAT_mapf-scen-even_scen-even_room-64-64-8-even-1_scen-agents20-idx0-seed42-1783617771665,0,1,6,1,26593,2093,38,26631,18,20,61,47,10.876000,10.742000,0.292632,0,1,1,268,2096
_home_max_Documents_PhD_MAPF_LNS_MAPF_LNS_SAT_mapf-map_room-64-64-8_map-_home_max_Documents_PhD_MAPF_LNS_MAPF_LNS_SAT_mapf-scen-even_scen-even_room-64-64-8-even-1_scen-agents20-idx0-seed42-1783617771665,0,1,6,2,26631,2093,18,26649,10,8,71,55,0.208000,0.140000,0.111355,1,0,1,573,4155
_home_max_Documents_PhD_MAPF_LNS_MAPF_LNS_SAT_mapf-map_room-64-64-8_map-_home_max_Documents_PhD_MAPF_LNS_MAPF_LNS_SAT_mapf-scen-even_scen-even_room-64-64-8-even-1_scen-agents20-idx0-seed42-1783617771665,0,1,6,3,26649,2093,5,26654,4,1,75,56,0.168000,0.118000,0.102010,1,0,1,931,6306
_home_max_Documents_PhD_MAPF_LNS_MAPF_LNS_SAT_mapf-map_room-64-64-8_map-_home_max_Documents_PhD_MAPF_LNS_MAPF_LNS_SAT_mapf-scen-even_scen-even_room-64-64-8-even-1_scen-agents20-idx0-seed42-1783617771665,0,1,6,4,26654,2093,2,26656,1,1,76,57,0.146000,0.101000,0.090405,1,0,1,1226,8353
_home_max_Documents_PhD_MAPF_LNS_MAPF_LNS_SAT_mapf-map_room-64-64-8_map-_home_max_Documents_PhD_MAPF_LNS_MAPF_LNS_SAT_mapf-scen-even_scen-even_room-64-64-8-even-1_scen-agents20-idx0-seed42-1783617771665,0,1,6,5,26656,2093,0,26656,0,0,76,57,0.128000,0.102000,0.096267,1,0,1,1549,10433
_home_max_Documents_PhD_MAPF_LNS_MAPF_LNS_SAT_mapf-map_room-64-64-8_map-_home_max_Documents_PhD_MAPF_LNS_MAPF_LNS_SAT_mapf-scen-even_scen-even_room-64-64-8-even-1_scen-agents20-idx0-seed42-1783617771665,0,0,0,1,48,27,8,56,4,4,4,4,0.045000,0.029000,0.000844,0,1,1,1,27
_home_max_Documents_PhD_MAPF_LNS_MAPF_LNS_SAT_mapf-map_room-64-64-8_map-_home_max_Documents_PhD_MAPF_LNS_MAPF_LNS_SAT_mapf-scen-even_scen-even_room-64-64-8-even-1_scen-agents20-idx0-seed42-1783617771665,0,0,0,2,56,27,0,56,0,0,4,4,0.001000,0.001000,0.000000,0,0,0,0,0
_home_max_Documents_PhD_MAPF_LNS_MAPF_LNS_SAT_mapf-map_room-64-64-8_map-_home_max_Documents_PhD_MAPF_LNS_MAPF_LNS_SAT_mapf-scen-even_scen-even_room-64-64-8-even-1_scen-agents20-idx0-seed42-1783617771665,0,0,1,1,82,40,9,91,5,4,9,8,0.067000,0.051000,0.004702,0,1,1,3,40
_home_max_Documents_PhD_MAPF_LNS_MAPF_LNS_SAT_mapf-map_room-64-64-8_map-_home_max_Documents_PhD_MAPF_LNS_MAPF_LNS_SAT_mapf-scen-even_scen-even_room-64-64-8-even-1_scen-agents20-idx0-seed42-1783617771665,0,0,1,2,91,40,0,91,0,0,9,8,0.002000,0.001000,0.000000,0,0,0,0,0
_home_max_Documents_PhD_MAPF_LNS_MAPF_LNS_SAT_mapf-map_room-64-64-8_map-_home_max_Documents_PhD_MAPF_LNS_MAPF_LNS_SAT_mapf-scen-even_scen-even_room-64-64-8-even-1_scen-agents20-idx0-seed42-1783617771665,0,0,2,1,299,91,9,308,4,5,13,13,0.174000,0.155000,0.009307,0,1,1,11,91
_home_max_Documents_PhD_MAPF_LNS_MAPF_LNS_SAT_mapf-map_room-64-64-8_map-_home_max_Documents_PhD_MAPF_LNS_MAPF_LNS_SAT_mapf-scen-even_scen-even_room-64-64-8-even-1_scen-agents20-idx0-seed42-1783617771665,0,0,2,2,308,91,8,316,4,4,17,17,0.031000,0.016000,0.007070,0,0,1,25,170
_home_max_Documents_PhD_MAPF_LNS_MAPF_LNS_SAT_mapf-map_room-64-64-8_map-_home_max_Documents_PhD_MAPF_LNS_MAPF_LNS_SAT_mapf-scen-even_scen-even_room-64-64-8-even-1_scen-agents20-idx0-seed42-1783617771665,0,0,2,3,316,91,0,316,0,0,17,17,0.001000,0.001000,0.000000,0,0,0,0,0
_home_max_Documents_PhD_MAPF_LNS_MAPF_LNS_SAT_mapf-map_room-64-64-8_map-_home_max_Documents_PhD_MAPF_LNS_MAPF_LNS_SAT_mapf-scen-even_scen-even_room-64-64-8-even-1_scen-agents20-idx0-seed42-1783617771665,0,0,3,1,772,163,9,781,3,6,20,23,0.377000,0.357000,0.025114,0,1,1,42,191
_home_max_Documents_PhD_MAPF_LNS_MAPF_LNS_SAT_mapf-map_room-64-64-8_map-_home_max_Documents_PhD_MAPF_LNS_MAPF_LNS_SAT_mapf-scen-even_scen-even_room-64-64-8-even-1_scen-agents20-idx0-seed42-1783617771665,0,0,3,2,781,163,5,786,3,2,23,25,0.033000,0.019000,0.009592,0,0,1,58,324
_home_max_Documents_PhD_MAPF_LNS_MAPF_LNS_SAT_mapf-map_room-64-64-8_map-_home_max_Documents_PhD_MAPF_LNS_MAPF_LNS_SAT_mapf-scen-even_scen-even_room-64-64-8-even-1_scen-agents20-idx0-seed42-1783617771665,0,0,3,3,786,163,2,788,1,1,24,26,0.029000,0.017000,0.010735,0,0,1,68,466
_home_max_Documents_PhD_MAPF_LNS_MAPF_LNS_SAT_mapf-map_room-64-64-8_map-_home_max_Documents_PhD_MAPF_LNS_MAPF_LNS_SAT_mapf-scen-even_scen-even_room-64-64-8-even-1_scen-agents20-idx0-seed42-1783617771665,0,0,3,4,788,163,0,788,0,0,24,26,0.001000,0.001000,0.000000,0,0,0,0,0
_home_max_Documents_PhD_MAPF_LNS_MAPF_LNS_SAT_mapf-map_room-64-64-8_map-_home_max_Documents_PhD_MAPF_LNS_MAPF_LNS_SAT_mapf-scen-even_scen-even_room-64-64-8-even-1_scen-agents20-idx0-seed42-1783617771665,0,0,4,1,1420,259,4,1424,3,1,27,27,0.632000,0.614000,0.041713,0,1,1,50,335
_home_max_Documents_PhD_MAPF_LNS_MAPF_LNS_SAT_mapf-map_room-64-64-8_map-_home_max_Documents_PhD_MAPF_LNS_MAPF_LNS_SAT_mapf-scen-even_scen-even_room-64-64-8-even-1_scen-agents20-idx0-seed42-1783617771665,0,0,4,2,1424,259,4,1428,4,0,31,27,0.057000,0.041000,0.013260,0,0,1,74,542
_home_max_Documents_PhD_MAPF_LNS_MAPF_LNS_SAT_mapf-map_room-64-64-8_map-_home_max_Documents_PhD_MAPF_LNS_MAPF_LNS_SAT_mapf-scen-even_scen-even_room-64-64-8-even-1_scen-agents20-idx0-seed42-1783617771665,0,0,4,3,1428,259,1,1429,0,1,31,28,0.035000,0.018000,0.013051,0,0,1,106,744
_home_max_Documents_PhD_MAPF_LNS_MAPF_LNS_SAT_mapf-map_room-64-64-8_map-_home_max_Documents_PhD_MAPF_LNS_MAPF_LNS_SAT_mapf-scen-even_scen-even_room-64-64-8-even-1_scen-agents20-idx0-seed42-1783617771665,0,0,4,4,1429,259,6,1435,6,0,37,28,0.034000,0.019000,0.014260,0,0,1,124,968
_home_max_Documents_PhD_MAPF_LNS_MAPF_LNS_SAT_mapf-map_room-64-64-8_map-_home_max_Documents_PhD_MAPF_LNS_MAPF_LNS_SAT_mapf-scen-even_scen-even_room-64-64-8-even-1_scen-agents20-idx0-seed42-1783617771665,0,0,4,5,1435,259,2,1437,2,0,39,28,0.044000,0.030000,0.024569,0,0,1,166,1394
_home_max_Documents_PhD_MAPF_LNS_MAPF_LNS_SAT_mapf-map_room-64-64-8_map-_home_max_Documents_PhD_MAPF_LNS_MAPF_LNS_SAT_mapf-scen-even_scen-even_room-64-64-8-even-1_scen-agents20-idx0-seed42-1783617771665,0,0,4,6,1437,259,2,1439,1,1,40,29,0.031000,0.017000,0.012886,0,0,1,194,1612
_home_max_Documents_PhD_MAPF_LNS_MAPF_LNS_SAT_mapf-map_room-64-64-8_map-_home_max_Documents_PhD_MAPF_LNS_MAPF_LNS_SAT_mapf-scen-even_scen-even_room-64-64-8-even-1_scen-agents20-idx0-seed42-1783617771665,0,0,4,7,1439,259,0,1439,0,0,40,29,0.002000,0.002000,0.000000,0,0,0,0,0
_home_max_Documents_PhD_MAPF_LNS_MAPF_LNS_SAT_mapf-map_room-64-64-8_map-_home_max_Documents_PhD_MAPF_LNS_MAPF_LNS_SAT_mapf-scen-even_scen-even_room-64-64-8-even-1_scen-agents20-idx0-seed42-1783617771665,0,0,5,1,2096,373,10,2106,8,2,48,31,0.918000,0.893000,0.068774,0,1,1,123,750
_home_max_Documents_PhD_MAPF_LNS_MAPF_LNS_SAT_mapf-map_room-64-64-8_map-_home_max_Documents_PhD_MAPF_LNS_MAPF_LNS_SAT_mapf-scen-even_scen-even_room-64-64-8-even-1_scen-agents20-idx0-seed42-1783617771665,0,0,5,2,2106,373,2,2108,2,0,50,31,0.081000,0.064000,0.026869,0,0,1,177,1114
_home_max_Documents_PhD_MAPF_LNS_MAPF_LNS_SAT_mapf-map_room-64-64-8_map-_home_max_Documents_PhD_MAPF_LNS_MAPF_LNS_SAT_mapf-scen-even_scen-even_room-64-64-8-even-1_scen-agents20-idx0-seed42-1783617771665,0,0,5,3,2108,373,4,2112,2,2,52,33,0.046000,0.028000,0.024292,0,0,1,246,1478
_home_max_Documents_PhD_MAPF_LNS_MAPF_LNS_SAT_mapf-map_room-64-64-8_map-_home_max_Documents_PhD_MAPF_LNS_MAPF_LNS_SAT_mapf-scen-even_scen-even_room-64-64-8-even-1_scen-agents20-idx0-seed42-1783617771665,0,0,5,4,2112,373,4,2116,2,2,54,35,0.048000,0.031000,0.025229,0,0,1,315,1825
_home_max_Documents_PhD_MAPF_LNS_MAPF_LNS_SAT_mapf-map_room-64-64-8_map-_home_max_Documents_PhD_MAPF_LNS_MAPF_LNS_SAT_mapf-scen-even_scen-even_room-64-64-8-even-1_scen-agents20-idx0-seed42-1783617771665,0,0,5,5,2116,373,3,2119,1,2,55,37,0.048000,0.032000,0.026513,0,0,1,376,2199
_home_max_Documents_PhD_MAPF_LNS_MAPF_LNS_SAT_mapf-map_room-64-64-8_map-_home_max_Documents_PhD_MAPF_LNS_MAPF_LNS_SAT_mapf-scen-even_scen-even_room-64-64-8-even-1_scen-agents20-idx0-seed42-1783617771665,0,0,5,6,2119,373,2,2121,1,1,56,38,0.045000,0.029000,0.023976,0,0,1,439,2525
_home_max_Documents_PhD_MAPF_LNS_MAPF_LNS_SAT_mapf-map_room-64-64-8_map-_home_max_Documents_PhD_MAPF_LNS_MAPF_LNS_SAT_mapf-scen-even_scen-even_room-64-64-8-even-1_scen-agents20-idx0-seed42-1783617771665,0,0,5,7,2121,373,2,2123,2,0,58,38,0.046000,0.031000,0.026734,0,0,1,528,2905
_home_max_Documents_PhD_MAPF_LNS_MAPF_LNS_SAT_mapf-map_room-64-64-8_map-_home_max_Documents_PhD_MAPF_LNS_MAPF_LNS_SAT_mapf-scen-even_scen-even_room-64-64-8-even-1_scen-agents20-idx0-seed42-1783617771665,0,0,5,8,2123,373,1,2124,1,0,59,38,0.038000,0.025000,0.021023,0,0,1,582,3231
_home_max_Documents_PhD_MAPF_LNS_MAPF_LNS_SAT_mapf-map_room-64-64-8_map-_home_max_Documents_PhD_MAPF_LNS_MAPF_LNS_SAT_mapf-scen-even_scen-even_room-64-64-8-even-1_scen-agents20-idx0-seed42-1783617771665,0,0,5,9,2124,373,1,2125,0,1,59,39,0.035000,0.022000,0.018891,0,0,1,642,3557
_home_max_Documents_PhD_MAPF_LNS_MAPF_LNS_SAT_mapf-map_room-64-64-8_map-_home_max_Documents_PhD_MAPF_LNS_MAPF_LNS_SAT_mapf-scen-even_scen-even_room-64-64-8-even-1_scen-agents20-idx0-seed42-1783617771665,0,0,5,10,2125,373,1,2126,0,1,59,40,0.041000,0.027000,0.023911,0,0,1,706,3943
_home_max_Documents_PhD_MAPF_LNS_MAPF_LNS_SAT_mapf-map_room-64-64-8_map-_home_max_Documents_PhD_MAPF_LNS_MAPF_LNS_SAT_mapf-scen-even_scen-even_room-64-64-8-even-1_scen-agents20-idx0-seed42-1783617771665,0,0,5,11,2126,373,1,2127,1,0,60,40,0.038000,0.024000,0.020471,0,0,1,751,4269
_home_max_Documents_PhD_MAPF_LNS_MAPF_LNS_SAT_mapf-map_room-64-64-8_map-_home_max_Documents_PhD_MAPF_LNS_MAPF_LNS_SAT_mapf-scen-even_scen-even_room-64-64-8-even-1_scen-agents20-idx0-seed42-1783617771665,0,0,5,12,2127,373,2,2129,1,1,61,41,0.049000,0.035000,0.031891,0,0,1,814,4667
_home_max_Documents_PhD_MAPF_LNS_MAPF_LNS_SAT_mapf-map_room-64-64-8_map-_home_max_Documents_PhD_MAPF_LNS_MAPF_LNS_SAT_mapf-scen-even_scen-even_room-64-64-8-even-1_scen-agents20-idx0-seed42-1783617771665,0,0,5,13,2129,373,1,2130,0,1,61,42,0.084000,0.070000,0.065678,0,0,1,872,5225
_home_max_Documents_PhD_MAPF_LNS_MAPF_LNS_SAT_mapf-map_room-64-64-8_map-_home_max_Documents_PhD_MAPF_LNS_MAPF_LNS_SAT_mapf-scen-even_scen-even_room-64-64-8-even-1_scen-agents20-idx0-seed42-1783617771665,0,0,5,14,2130,373,1,2131,1,0,62,42,0.042000,0.029000,0.024987,0,0,1,901,5551
_home_max_Documents_PhD_MAPF_LNS_MAPF_LNS_SAT_mapf-map_room-64-64-8_map-_home_max_Documents_PhD_MAPF_LNS_MAPF_LNS_SAT_mapf-scen-even_scen-even_room-64-64-8-even-1_scen-agents20-idx0-seed42-1783617771665,0,0,5,15,2131,373,0,2131,0,0,62,42,0.037000,0.025000,0.021862,0,0,1,930,5877
_home_max_Documents_PhD_MAPF_LNS_MAPF_LNS_SAT_mapf-map_room-64-64-8_map-_home_max_Documents_PhD_MAPF_LNS_MAPF_LNS_SAT_mapf-scen-even_scen-even_room-64-64-8-even-1_scen-agents20-idx0-seed42-1783617771665,0,0,0,1,19,11,2,21,0,2,0,2,0.026000,0.017000,0.000627,0,1,1,1,11
_home_max_Documents_PhD_MAPF_LNS_MAPF_LNS_SAT_mapf-map_room-64-64-8_map-_home_max_Documents_PhD_MAPF_LNS_MAPF_LNS_SAT_mapf-scen-even_scen-even_room-64-64-8-even-1_scen-agents20-idx0-seed42-1783617771665,0,0,0,2,21,11,0,21,0,0,0,2,0.002000,0.001000,0.000000,0,0,0,0,0
_home_max_Documents_PhD_MAPF_LNS_MAPF_LNS_SAT_mapf-map_room-64-64-8_map-_home_max_Documents_PhD_MAPF_LNS_MAPF_LNS_SAT_mapf-scen-even_scen-even_room-64-64-8-even-1_scen-agents20-idx0-seed42-1783617771665,0,0,1,1,38,20,3,41,3,0,3,2,0.038000,0.029000,0.003334,0,1,1,6,29
_home_max_Documents_PhD_MAPF_LNS_MAPF_LNS_SAT_mapf-map_room-64-64-8_map-_home_max_Documents_PhD_MAPF_LNS_MAPF_LNS_SAT_mapf-scen-even_scen-even_room-64-64-8-even-1_scen-agents20-idx0-seed42-1783617771665,0,0,1,2,41,20,0,41,0,0,3,2,0.001000,0.001000,0.000000,0,0,0,0,0
_home_max_Documents_PhD_MAPF_LNS_MAPF_LNS_SAT_mapf-map_room-64-64-8_map-_home_max_Documents_PhD_MAPF_LNS_MAPF_LNS_SAT_mapf-scen-even_scen-even_room-64-64-8-even-1_scen-agents20-idx0-seed42-1783617771665,0,0,2,1,110,45,3,113,1,2,4,4,0.077000,0.067000,0.004947,0,1,1,17,45
_home_max_Documents_PhD_MAPF_LNS_MAPF_LNS_SAT_mapf-map_room-64-64-8_map-_home_max_Documents_PhD_MAPF_LNS_MAPF_LNS_SAT_mapf-scen-even_scen-even_room-64-64-8-even-1_scen-agents20-idx0-seed42-1783617771665,0,0,2,2,113,45,3,116,2,1,6,5,0.019000,0.011000,0.001566,0,0,1,21,80
_home_max_Documents_PhD_MAPF_LNS_MAPF_LNS_SAT_mapf-map_room-64-64-8_map-_home_max_Documents_PhD_MAPF_LNS_MAPF_LNS_SAT_mapf-scen-even_scen-even_room-64-64-8-even-1_scen-agents20-idx0-seed42-1783617771665,0,0,2,3,116,45,0,116,0,0,6,5,0.002000,0.002000,0.000000,0,0,0,0,0
_home_max_Documents_PhD_MAPF_LNS_MAPF_LNS_SAT_mapf-map_room-64-64-8_map-_home_max_Documents_PhD_MAPF_LNS_MAPF_LNS_SAT_mapf-scen-even_scen-even_room-64-64-8-even-1_scen-agents20-idx0-seed42-1783617771665,0,0,3,1,333,86,3,336,1,2,7,7,0.175000,0.164000,0.009552,0,1,1,23,86
_home_max_Documents_PhD_MAPF_LNS_MAPF_LNS_SAT_mapf-map_room-64-64-8_map-_home_max_Documents_PhD_MAPF_LNS_MAPF_LNS_SAT_mapf-scen-even_scen-even_room-64-64-8-even-1_scen-agents20-idx0-seed42-1783617771665,0,0,3,2,336,86,3,339,2,1,9,8,0.020000,0.009000,0.004301,0,0,1,29,158
_home_max_Documents_PhD_MAPF_LNS_MAPF_LNS_SAT_mapf-map_room-64-64-8_map-_home_max_Documents_PhD_MAPF_LNS_MAPF_LNS_SAT_mapf-scen-even_scen-even_room-64-64-8-even-1_scen-agents20-idx0-seed42-1783617771665,0,0,3,3,339,86,2,341,0,2,9,10,0.029000,0.018000,0.014105,0,0,1,51,305
_home_max_Documents_PhD_MAPF_LNS_MAPF_LNS_SAT_mapf-map_room-64-64-8_map-_home_max_Documents_PhD_MAPF_LNS_MAPF_LNS_SAT_mapf-scen-even_scen-even_room-64-64-8-even-1_scen-agents20-idx0-seed42-1783617771665,0,0,3,4,341,86,2,343,2,0,11,10,0.022000,0.013000,0.009086,0,0,1,66,404
_home_max_Documents_PhD_MAPF_LNS_MAPF_LNS_SAT_mapf-map_room-64-64-8_map-_home_max_Documents_PhD_MAPF_LNS_MAPF_LNS_SAT_mapf-scen-even_scen-even_room-64-64-8-even-1_scen-agents20-idx0-seed42-1783617771665,0,0,3,5,343,86,3,346,0,3,11,13,0.022000,0.012000,0.008450,0,0,1,82,493
_home_max_Documents_PhD_MAPF_LNS_MAPF_LNS_SAT_mapf-map_room-64-64-8_map-_home_max_Documents_PhD_MAPF_LNS_MAPF_LNS_SAT_mapf-scen-even_scen-even_room-64-64-8-even-1_scen-agents20-idx0-seed42-1783617771665,0,0,3,6,346,86,0,346,0,0,11,13,0.014000,0.013000,0.010800,0,0,0,93,603
_home_max_Documents_PhD_MAPF_LNS_MAPF_LNS_SAT_mapf-map_room-64-64-8_map-_home_max_Documents_PhD_MAPF_LNS_MAPF_LNS_SAT_mapf-scen-even_scen-even_room-64-64-8-even-1_scen-agents20-idx0-seed42-1783617771665,0,0,4,1,669,138,3,672,3,0,14,13,0.316000,0.302000,0.019063,0,1,1,32,144
_home_max_Documents_PhD_MAPF_LNS_MAPF_LNS_SAT_mapf-map_room-64-64-8_map-_home_max_Documents_PhD_MAPF_LNS_MAPF_LNS_SAT_mapf-scen-even_scen-even_room-64-64-8-even-1_scen-agents20-idx0-seed42-1783617771665,0,0,4,2,672,138,2,674,2,0,16,13,0.024000,0.014000,0.008631,0,0,1,65,263
_home_max_Documents_PhD_MAPF_LNS_MAPF_LNS_SAT_mapf-map_room-64-64-8_map-_home_max_Documents_PhD_MAPF_LNS_MAPF_LNS_SAT_mapf-scen-even_scen-even_room-64-64-8-even-1_scen-agents20-idx0-seed42-1783617771665,0,0,4,3,674,138,3,677,1,2,17,15,0.029000,0.018000,0.014549,0,0,1,96,438
_home_max_Documents_PhD_MAPF_LNS_MAPF_LNS_SAT_mapf-map_room-64-64-8_map-_home_max_Documents_PhD_MAPF_LNS_MAPF_LNS_SAT_mapf-scen-even_scen-even_room-64-64-8-even-1_scen-agents20-idx0-seed42-1783617771665,0,0,4,4,677,138,2,679,1,1,18,16,0.030000,0.020000,0.015598,0,0,1,125,681
_home_max_Documents_PhD_MAPF_LNS_MAPF_LNS_SAT_mapf-map_room-64-64-8_map-_home_max_Documents_PhD_MAPF_LNS_MAPF_LNS_SAT_mapf-scen-even_scen-even_room-64-64-8-even-1_scen-agents20-idx0-seed42-1783617771665,0,0,4,5,679,138,0,679,0,0,18,16,0.019000,0.019000,0.017358,0,0,0,153,829
_home_max_Documents_PhD_MAPF_LNS_MAPF_LNS_SAT_mapf-map_room-64-64-8_map-_home_max_Documents_PhD_MAPF_LNS_MAPF_LNS_SAT_mapf-scen-even_scen-even_room-64-64-8-even-1_scen-agents20-idx0-seed42-1783617771665,0,0,5,1,1830,358,16,1846,8,8,26,24,0.816000,0.789000,0.044561,0,1,1,91,380
_home_max_Documents_PhD_MAPF_LNS_MAPF_LNS_SAT_mapf-map_room-64-64-8_map-_home_max_Documents_PhD_MAPF_LNS_MAPF_LNS_SAT_mapf-scen-even_scen-even_room-64-64-8-even-1_scen-agents20-idx0-seed42-1783617771665,0,0,5,2,1846,358,8,1854,3,5,29,29,0.082000,0.063000,0.024413,0,0,1,164,729
_home_max_Documents_PhD_MAPF_LNS_MAPF_LNS_SAT_mapf-map_room-64-64-8_map-_home_max_Documents_PhD_MAPF_LNS_MAPF_LNS_SAT_mapf-scen-even_scen-even_room-64-64-8-even-1_scen-agents20-idx0-seed42-1783617771665,0,0,5,3,1854,358,6,1860,4,2,33,31,0.053000,0.037000,0.028780,0,0,1,245,1149
_home_max_Documents_PhD_MAPF_LNS_MAPF_LNS_SAT_mapf-map_room-64-64-8_map-_home_max_Documents_PhD_MAPF_LNS_MAPF_LNS_SAT_mapf-scen-even_scen-even_room-64-64-8-even-1_scen-agents20-idx0-seed42-1783617771665,0,0,5,4,1860,358,7,1867,4,3,37,34,0.053000,0.034000,0.028109,0,0,1,310,1532
_home_max_Documents_PhD_MAPF_LNS_MAPF_LNS_SAT_mapf-map_room-64-64-8_map-_home_max_Documents_PhD_MAPF_LNS_MAPF_LNS_SAT_mapf-scen-even_scen-even_room-64-64-8-even-1_scen-agents20-idx0-seed42-1783617771665,0,0,5,5,1867,358,6,1873,6,0,43,34,0.055000,0.039000,0.033012,0,0,1,383,1961
_home_max_Documents_PhD_MAPF_LNS_MAPF_LNS_SAT_mapf-map_room-64-64-8_map-_home_max_Documents_PhD_MAPF_LNS_MAPF_LNS_SAT_mapf-scen-even_scen-even_room-64-64-8-even-1_scen-agents20-idx0-seed42-1783617771665,0,0,5,6,1873,358,3,1876,1,2,44,36,0.050000,0.035000,0.029701,0,0,1,440,2334
_home_max_Documents_PhD_MAPF_LNS_MAPF_LNS_SAT_mapf-map_room-64-64-8_map-_home_max_Documents_PhD_MAPF_LNS_MAPF_LNS_SAT_mapf-scen-even_scen-even_room-64-64-8-even-1_scen-agents20-idx0-seed42-1783617771665,0,0,5,7,1876,358,2,1878,1,1,45,37,0.042000,0.029000,0.024375,0,0,1,497,2679
_home_max_Documents_PhD_MAPF_LNS_MAPF_LNS_SAT_mapf-map_room-64-64-8_map-_home_max_Documents_PhD_MAPF_LNS_MAPF_LNS_SAT_mapf-scen-even_scen-even_room-64-64-8-even-1_scen-agents20-idx0-seed42-1783617771665,0,0,5,8,1878,358,7,1885,5,2,50,39,0.072000,0.056000,0.052294,0,0,1,625,3356
_home_max_Documents_PhD_MAPF_LNS_MAPF_LNS_SAT_mapf-map_room-64-64-8_map-_home_max_Documents_PhD_MAPF_LNS_MAPF_LNS_SAT_mapf-scen-even_scen-even_room-64-64-8-even-1_scen-agents20-idx0-seed42-1783617771665,0,0,5,9,1885,358,3,1888,3,0,53,39,0.062000,0.049000,0.042611,0,0,1,731,3907
_home_max_Documents_PhD_MAPF_LNS_MAPF_LNS_SAT_mapf-map_room-64-64-8_map-_home_max_Documents_PhD_MAPF_LNS_MAPF_LNS_SAT_mapf-scen-even_scen-even_room-64-64-8-even-1_scen-agents20-idx0-seed42-1783617771665,0,0,5,10,1888,358,2,1890,1,1,54,40,0.053000,0.041000,0.036471,0,0,1,800,4336
_home_max_Documents_PhD_MAPF_LNS_MAPF_LNS_SAT_mapf-map_room-64-64-8_map-_home_max_Documents_PhD_MAPF_LNS_MAPF_LNS_SAT_mapf-scen-even_scen-even_room-64-64-8-even-1_scen-agents20-idx0-seed42-1783617771665,0,0,5,11,1890,358,2,1892,1,1,55,41,0.063000,0.050000,0.045494,0,0,1,861,4927
_home_max_Documents_PhD_MAPF_LNS_MAPF_LNS_SAT_mapf-map_room-64-64-8_map-_home_max_Documents_PhD_MAPF_LNS_MAPF_LNS_SAT_mapf-scen-even_scen-even_room-64-64-8-even-1_scen-agents20-idx0-seed42-1783617771665,0,0,5,12,1892,358,2,1894,1,1,56,42,0.084000,0.071000,0.067325,0,0,1,950,5682
_home_max_Documents_PhD_MAPF_LNS_MAPF_LNS_SAT_mapf-map_room-64-64-8_map-_home_max_Documents_PhD_MAPF_LNS_MAPF_LNS_SAT_mapf-scen-even_scen-even_room-64-64-8-even-1_scen-agents20-idx0-seed42-1783617771665,0,0,5,13,1894,358,2,1896,1,1,57,43,0.056000,0.044000,0.040312,0,0,1,1020,6197
_home_max_Documents_PhD_MAPF_LNS_MAPF_LNS_SAT_mapf-map_room-64-64-8_map-_home_max_Documents_PhD_MAPF_LNS_MAPF_LNS_SAT_mapf-scen-even_scen-even_room-64-64-8-even-1_scen-agents20-idx0-seed42-1783617771665,0,0,5,14,1896,358,0,1896,0,0,57,43,0.041000,0.030000,0.026525,0,0,1,1074,6538
_home_max_Documents_PhD_MAPF_LNS_MAPF_LNS_SAT_mapf-map_room-64-64-8_map-_home_max_Documents_PhD_MAPF_LNS_MAPF_LNS_SAT_mapf-scen-even_scen-even_room-64-64-8-even-1_scen-agents20-idx0-seed42-1783617771665,0,0,0,1,15,9,2,17,1,1,1,1,0.026000,0.017000,0.000623,0,1,1,1,9
_home_max_Documents_PhD_MAPF_LNS_MAPF_LNS_SAT_mapf-map_room-64-64-8_map-_home_max_Documents_PhD_MAPF_LNS_MAPF_LNS_SAT_mapf-scen-even_scen-even_room-64-64-8-even-1_scen-agents20-idx0-seed42-1783617771665,0,0,0,2,17,9,0,17,0,0,1,1,0.001000,0.001000,0.000000,0,0,0,0,0
_home_max_Documents_PhD_MAPF_LNS_MAPF_LNS_SAT_mapf-map_room-64-64-8_map-_home_max_Documents_PhD_MAPF_LNS_MAPF_LNS_SAT_mapf-scen-even_scen-even_room-64-64-8-even-1_scen-agents20-idx0-seed42-1783617771665,0,0,1,1,31,16,2,33,1,1,2,2,0.034000,0.026000,0.002695,0,1,1,2,16
_home_max_Documents_PhD_MAPF_LNS_MAPF_LNS_SAT_mapf-map_room-64-64-8_map-_home_max_Documents_PhD_MAPF_LNS_MAPF_LNS_SAT_mapf-scen-even_scen-even_room-64-64-8-even-1_scen-agents20-idx0-seed42-1783617771665,0,0,1,2,33,16,0,33,0,0,2,2,0.001000,0.001000,0.000000,0,0,0,0,0
_home_max_Documents_PhD_MAPF_LNS_MAPF_LNS_SAT_mapf-map_room-64-64-8_map-_home_max_Documents_PhD_MAPF_LNS_MAPF_LNS_SAT_mapf-scen-even_scen-even_room-64-64-8-even-1_scen-agents20-idx0-seed42-1783617771665,0,0,2,1,144,47,2,146,1,1,3,3,0.092000,0.083000,0.006096,0,1,1,16,47
_home_max_Documents_PhD_MAPF_LNS_MAPF_LNS_SAT_mapf-map_room-64-64-8_map-_home_max_Documents_PhD_MAPF_LNS_MAPF_LNS_SAT_mapf-scen-even_scen-even_room-64-64-8-even-1_scen-agents20-idx0-seed42-1783617771665,0,0,2,2,146,47,3,149,2,1,5,4,0.018000,0.011000,0.006409,0,0,1,33,115
_home_max_Documents_PhD_MAPF_LNS_MAPF_LNS_SAT_mapf-map_room-64-64-8_map-_home_max_Documents_PhD_MAPF_LNS_MAPF_LNS_SAT_mapf-scen-even_scen-even_room-64-64-8-even-1_scen-agents20-idx0-seed42-1783617771665,0,0,2,3,149,47,0,149,0,0,5,4,0.001000,0.001000,0.000000,0,0,0,0,0
_home_max_Documents_PhD_MAPF_LNS_MAPF_LNS_SAT_mapf-map_room-64-64-8_map-_home_max_Documents_PhD_MAPF_LNS_MAPF_LNS_SAT_mapf-scen-even_scen-even_room-64-64-8-even-1_scen-agents20-idx0-seed42-1783617771665,0,0,3,1,425,101,3,428,1,2,6,6,0.212000,0.201000,0.012155,0,1,1,29,101
_home_max_Documents_PhD_MAPF_LNS_MAPF_LNS_SAT_mapf-map_room-64-64-8_map-_home_max_Documents_PhD_MAPF_LNS_MAPF_LNS_SAT_mapf-scen-even_scen-even_room-64-64-8-even-1_scen-agents20-idx0-seed42-1783617771665,0,0,3,2,428,101,1,429,1,0,7,6,0.017000,0.009000,0.004303,0,0,1,55,189
_home_max_Documents_PhD_MAPF_LNS_MAPF_LNS_SAT_mapf-map_room-64-64-8_map-_home_max_Documents_PhD_MAPF_LNS_MAPF_LNS_SAT_mapf-scen-even_scen-even_room-64-64-8-even-1_scen-agents20-idx0-seed42-1783617771665,0,0,3,3,429,101,0,429,0,0,7,6,0.013000,0.007000,0.003473,0,0,1,81,276
_home_max_Documents_PhD_MAPF_LNS_MAPF_LNS_SAT_mapf-map_room-64-64-8_map-_home_max_Documents_PhD_MAPF_LNS_MAPF_LNS_SAT_mapf-scen-even_scen-even_room-64-64-8-even-1_scen-agents20-idx0-seed42-1783617771665,0,0,0,1,13,8,1,14,0,1,0,1,0.019000,0.013000,0.000520,0,1,1,1,8
_home_max_Documents_PhD_MAPF_LNS_MAPF_LNS_SAT_mapf-map_room-64-64-8_map-_home_max_Documents_PhD_MAPF_LNS_MAPF_LNS_SAT_mapf-scen-even_scen-even_room-64-64-8-even-1_scen-agents20-idx0-seed42-1783617771665,0,0,0,2,14,8,0,14,0,0,0,1,0.002000,0.001000,0.000000,0,0,0,0,0
_home_max_Documents_PhD_MAPF_LNS_MAPF_LNS_SAT_mapf-map_room-64-64-8_map-_home_max_Documents_PhD_MAPF_LNS_MAPF_LNS_SAT_mapf-scen-even_scen-even_room-64-64-8-even-1_scen-agents20-idx0-seed42-1783617771665,0,0,1,1,22,12,1,23,1,0,1,1,0.025000,0.018000,0.001110,0,1,1,2,12
_home_max_Documents_PhD_MAPF_LNS_MAPF_LNS_SAT_mapf-map_room-64-64-8_map-_home_max_Documents_PhD_MAPF_LNS_MAPF_LNS_SAT_mapf-scen-even_scen-even_room-64-64-8-even-1_scen-agents20-idx0-seed42-1783617771665,0,0,1,2,23,12,0,23,0,0,1,1,0.001000,0.001000,0.000000,0,0,0,0,0
_home_max_Documents_PhD_MAPF_LNS_MAPF_LNS_SAT_mapf-map_room-64-64-8_map-_home_max_Documents_PhD_MAPF_LNS_MAPF_LNS_SAT_mapf-scen-even_scen-even_room-64-64-8-even-1_scen-agents20-idx0-seed42-1783617771665,0,0,2,1,88,28,1,89,0,1,1,2,0.060000,0.053000,0.003364,0,1,1,5,28
_home_max_Documents_PhD_MAPF_LNS_MAPF_LNS_SAT_mapf-map_room-64-64-8_map-_home_max_Documents_PhD_MAPF_LNS_MAPF_LNS_SAT_mapf-scen-even_scen-even_room-64-64-8-even-1_scen-agents20-idx0-seed42-1783617771665,0,0,2,2,89,28,1,90,1,0,2,2,0.010000,0.005000,0.001440,0,0,1,8,47
_home_max_Documents_PhD_MAPF_LNS_MAPF_LNS_SAT_mapf-map_room-64-64-8_map-_home_max_Documents_PhD_MAPF_LNS_MAPF_LNS_SAT_mapf-scen-even_scen-even_room-64-64-8-even-1_scen-agents20-idx0-seed42-1783617771665,0,0,2,3,90,28,0,90,0,0,2,2,0.010000,0.006000,0.002815,0,0,1,17,71
_home_max_Documents_PhD_MAPF_LNS_MAPF_LNS_SAT_mapf-map_room-64-64-8_map-_home_max_Documents_PhD_MAPF_LNS_MAPF_LNS_SAT_mapf-scen-even_scen-even_room-64-64-8-even-1_scen-agents20-idx0-seed42-1783617771665,0,0,0,1,10,6,1,11,0,1,0,1,0.017000,0.012000,0.000448,0,1,1,1,6
_home_max_Documents_PhD_MAPF_LNS_MAPF_LNS_SAT_mapf-map_room-64-64-8_map-_home_max_Documents_PhD_MAPF_LNS_MAPF_LNS_SAT_mapf-scen-even_scen-even_room-64-64-8-even-1_scen-agents20-idx0-seed42-1783617771665,0,0,0,2,11,6,0,11,0,0,0,1,0.002000,0.001000,0.000000,0,0,0,0,0
_home_max_Documents_PhD_MAPF_LNS_MAPF_LNS_SAT_mapf-map_room-64-64-8_map-_home_max_Documents_PhD_MAPF_LNS_MAPF_LNS_SAT_mapf-scen-even_scen-even_room-64-64-8-even-1_scen-agents20-idx0-seed42-1783617771665,0,0,1,1,19,10,1,20,1,0,1,1,0.022000,0.017000,0.001148,0,1,1,2,10
_home_max_Documents_PhD_MAPF_LNS_MAPF_LNS_SAT_mapf-map_room-64-64-8_map-_home_max_Documents_PhD_MAPF_LNS_MAPF_LNS_SAT_mapf-scen-even_scen-even_room-64-64-8-even-1_scen-agents20-idx0-seed42-1783617771665,0,0,1,2,20,10,0,20,0,0,1,1,0.001000,0.001000,0.000000,0,0,0,0,0
_home_max_Documents_PhD_MAPF_LNS_MAPF_LNS_SAT_mapf-map_room-64-64-8_map-_home_max_Documents_PhD_MAPF_LNS_MAPF_LNS_SAT_mapf-scen-even_scen-even_room-64-64-8-even-1_scen-agents20-idx0-seed42-1783617771665,0,0,2,1,85,26,1,86,0,1,1,2,0.058000,0.053000,0.003373,0,1,1,6,26
_home_max_Documents_PhD_MAPF_LNS_MAPF_LNS_SAT_mapf-map_room-64-64-8_map-_home_max_Documents_PhD_MAPF_LNS_MAPF_LNS_SAT_mapf-scen-even_scen-even_room-64-64-8-even-1_scen-agents20-idx0-seed42-1783617771665,0,0,2,2,86,26,1,87,1,0,2,2,0.009000,0.004000,0.001151,0,0,1,9,45
_home_max_Documents_PhD_MAPF_LNS_MAPF_LNS_SAT_mapf-map_room-64-64-8_map-_home_max_Documents_PhD_MAPF_LNS_MAPF_LNS_SAT_mapf-scen-even_scen-even_room-64-64-8-even-1_scen-agents20-idx0-seed42-1783617771665,0,0,2,3,87,26,0,87,0,0,2,2,0.010000,0.005000,0.002804,0,0,1,20,69
_home_max_Documents_PhD_MAPF_LNS_MAPF_LNS_SAT_mapf-map_room-64-64-8_map-_home_max_Documents_PhD_MAPF_LNS_MAPF_LNS_SAT_mapf-scen-even_scen-even_room-64-64-8-even-1_scen-agents20-idx0-seed42-1783617771665,0,0,0,1,10,6,1,11,0,1,0,1,0.017000,0.011000,0.000517,0,1,1,1,6
_home_max_Documents_PhD_MAPF_LNS_MAPF_LNS_SAT_mapf-map_room-64-64-8_map-_home_max_Documents_PhD_MAPF_LNS_MAPF_LNS_SAT_mapf-scen-even_scen-even_room-64-64-8-even-1_scen-agents20-idx0-seed42-1783617771665,0,0,0,2,11,6,0,11,0,0,0,1,0.001000,0.001000,0.000000,0,0,0,0,0
_home_max_Documents_PhD_MAPF_LNS_MAPF_LNS_SAT_mapf-map_room-64-64-8_map-_home_max_Documents_PhD_MAPF_LNS_MAPF_LNS_SAT_mapf-scen-even_scen-even_room-64-64-8-even-1_scen-agents20-idx0-seed42-1783617771665,0,0,1,1,19,10,1,20,1,0,1,1,0.021000,0.016000,0.001133,0,1,1,2,10
_home_max_Documents_PhD_MAPF_LNS_MAPF_LNS_SAT_mapf-map_room-64-64-8_map-_home_max_Documents_PhD_MAPF_LNS_MAPF_LNS_SAT_mapf-scen-even_scen-even_room-64-64-8-even-1_scen-agents20-idx0-seed42-1783617771665,0,0,1,2,20,10,0,20,0,0,1,1,0.001000,0.001000,0.000000,0,0,0,0,0
_home_max_Documents_PhD_MAPF_LNS_MAPF_LNS_SAT_mapf-map_room-64-64-8_map-_home_max_Documents_PhD_MAPF_LNS_MAPF_LNS_SAT_mapf-scen-even_scen-even_room-64-64-8-even-1_scen-agents20-idx0-seed42-1783617771665,0,0,2,1,61,22,0,61,0,0,1,1,0.045000,0.040000,0.003015,0,1,1,4,22
_home_max_Documents_PhD_MAPF_LNS_MAPF_LNS_SAT_mapf-map_room-64-64-8_map-_home_max_Documents_PhD_MAPF_LNS_MAPF_LNS_SAT_mapf-scen-even_scen-even_room-64-64-8-even-1_scen-agents20-idx0-seed42-1783617771665,0,0,0,1,10,6,1,11,1,0,1,0,0.016000,0.011000,0.000447,0,1,1,1,6
_home_max_Documents_PhD_MAPF_LNS_MAPF_LNS_SAT_mapf-map_room-64-64-8_map-_home_max_Documents_PhD_MAPF_LNS_MAPF_LNS_SAT_mapf-scen-even_scen-even_room-64-64-8-even-1_scen-agents20-idx0-seed42-1783617771665,0,0,0,2,11,6,0,11,0,0,1,0,0.001000,0.001000,0.000000,0,0,0,0,0
_home_max_Documents_PhD_MAPF_LNS_MAPF_LNS_SAT_mapf-map_room-64-64-8_map-_home_max_Documents_PhD_MAPF_LNS_MAPF_LNS_SAT_mapf-scen-even_scen-even_room-64-64-8-even-1_scen-agents20-idx0-seed42-1783617771665,0,0,1,1,17,9,1,18,0,1,1,1,0.020000,0.015000,0.001528,0,1,1,1,9
_home_max_Documents_PhD_MAPF_LNS_MAPF_LNS_SAT_mapf-map_room-64-64-8_map-_home_max_Documents_PhD_MAPF_LNS_MAPF_LNS_SAT_mapf-scen-even_scen-even_room-64-64-8-even-1_scen-agents20-idx0-seed42-1783617771665,0,0,1,2,18,9,0,18,0,0,1,1,0.001000,0.001000,0.000000,0,0,0,0,0
_home_max_Documents_PhD_MAPF_LNS_MAPF_LNS_SAT_mapf-map_room-64-64-8_map-_home_max_Documents_PhD_MAPF_LNS_MAPF_LNS_SAT_mapf-scen-even_scen-even_room-64-64-8-even-1_scen-agents20-idx0-seed42-1783617771665,0,0,2,1,50,19,1,51,1,0,2,1,0.042000,0.037000,0.003912,0,1,1,2,19
_home_max_Documents_PhD_MAPF_LNS_MAPF_LNS_SAT_mapf-map_room-64-64-8_map-_home_max_Documents_PhD_MAPF_LNS_MAPF_LNS_SAT_mapf-scen-even_scen-even_room-64-64-8-even-1_scen-agents20-idx0-seed42-1783617771665,0,0,2,2,51,19,0,51,0,0,2,1,0.001000,0.001000,0.000000,0,0,0,0,0
_home_max_Documents_PhD_MAPF_LNS_MAPF_LNS_SAT_mapf-map_room-64-64-8_map-_home_max_Documents_PhD_MAPF_LNS_MAPF_LNS_SAT_mapf-scen-even_scen-even_room-64-64-8-even-1_scen-agents20-idx0-seed42-1783617771665,0,0,3,1,99,34,0,99,0,0,2,1,0.052000,0.051000,0.000000,0,1,0,0,0
_home_max_Documents_PhD_MAPF_LNS_MAPF_LNS_SAT_mapf-map_room-64-64-8_map-_home_max_Documents_PhD_MAPF_LNS_MAPF_LNS_SAT_mapf-scen-even_scen-even_room-64-64-8-even-1_scen-agents20-idx0-seed42-1783617771665,0,1,0,1,42,22,1,43,1,0,1,0,0.037000,0.028000,0.002294,0,1,1,3,22
_home_max_Documents_PhD_MAPF_LNS_MAPF_LNS_SAT_mapf-map_room-64-64-8_map-_home_max_Documents_PhD_MAPF_LNS_MAPF_LNS_SAT_mapf-scen-even_scen-even_room-64-64-8-even-1_scen-agents20-idx0-seed42-1783617771665,0,1,0,2,43,22,0,43,0,0,1,0,0.009000,0.004000,0.001137,0,0,1,6,38
_home_max_Documents_PhD_MAPF_LNS_MAPF_LNS_SAT_mapf-map_room-64-64-8_map-_home_max_Documents_PhD_MAPF_LNS_MAPF_LNS_SAT_mapf-scen-even_scen-even_room-64-64-8-even-1_scen-agents20-idx1-seed42-1783617771916,0,0,0,1,54,28,8,62,8,0,8,0,0.080000,0.064000,0.011108,0,1,1,7,28
_home_max_Documents_PhD_MAPF_LNS_MAPF_LNS_SAT_mapf-map_room-64-64-8_map-_home_max_Documents_PhD_MAPF_LNS_MAPF_LNS_SAT_mapf-scen-even_scen-even_room-64-64-8-even-1_scen-agents20-idx1-seed42-1783617771916,0,0,0,2,62,28,0,62,0,0,8,0,0.005000,0.004000,0.000000,0,0,0,0,0
_home_max_Documents_PhD_MAPF_LNS_MAPF_LNS_SAT_mapf-map_room-64-64-8_map-_home_max_Documents_PhD_MAPF_LNS_MAPF_LNS_SAT_mapf-scen-even_scen-even_room-64-64-8-even-1_scen-agents20-idx1-seed42-1783617771916,0,0,1,1,85,40,0,85,0,0,8,0,0.057000,0.049000,0.005898,0,1,1,8,40
_home_max_Documents_PhD_MAPF_LNS_MAPF_LNS_SAT_mapf-map_room-64-64-8_map-_home_max_Documents_PhD_MAPF_LNS_MAPF_LNS_SAT_mapf-scen-even_scen-even_room-64-64-8-even-1_scen-agents20-idx1-seed42-1783617771916,0,0,0,1,10,6,1,11,1,0,1,0,0.018000,0.012000,0.000818,0,1,1,1,6
_home_max_Documents_PhD_MAPF_LNS_MAPF_LNS_SAT_mapf-map_room-64-64-8_map-_home_max_Documents_PhD_MAPF_LNS_MAPF_LNS_SAT_mapf-scen-even_scen-even_room-64-64-8-even-1_scen-agents20-idx1-seed42-1783617771916,0,0,0,2,11,6,0,11,0,0,1,0,0.001000,0.001000,0.000000,0,0,0,0,0
_home_max_Documents_PhD_MAPF_LNS_MAPF_LNS_SAT_mapf-map_room-64-64-8_map-_home_max_Documents_PhD_MAPF_LNS_MAPF_LNS_SAT_mapf-scen-even_scen-even_room-64-64-8-even-1_scen-agents20-idx1-seed42-1783617771916,0,0,1,1,19,10,1,20,0,1,1,1,0.023000,0.017000,0.001391,0,1,1,1,10
_home_max_Documents_PhD_MAPF_LNS_MAPF_LNS_SAT_mapf-map_room-64-64-8_map-_home_max_Documents_PhD_MAPF_LNS_MAPF_LNS_SAT_mapf-scen-even_scen-even_room-64-64-8-even-1_scen-agents20-idx1-seed42-1783617771916,0,0,1,2,20,10,0,20,0,0,1,1,0.001000,0.001000,0.000000,0,0,0,0,0
_home_max_Documents_PhD_MAPF_LNS_MAPF_LNS_SAT_mapf-map_room-64-64-8_map-_home_max_Documents_PhD_MAPF_LNS_MAPF_LNS_SAT_mapf-scen-even_scen-even_room-64-64-8-even-1_scen-agents20-idx1-seed42-1783617771916,0,0,2,1,91,30,2,93,2,0,3,1,0.061000,0.054000,0.004131,0,1,1,14,30
_home_max_Documents_PhD_MAPF_LNS_MAPF_LNS_SAT_mapf-map_room-64-64-8_map-_home_max_Documents_PhD_MAPF_LNS_MAPF_LNS_SAT_mapf-scen-even_scen-even_room-64-64-8-even-1_scen-agents20-idx1-seed42-1783617771916,0,0,2,2,93,30,0,93,0,0,3,1,0.002000,0.001000,0.000000,0,0,0,0,0
_home_max_Documents_PhD_MAPF_LNS_MAPF_LNS_SAT_mapf-map_room-64-64-8_map-_home_max_Documents_PhD_MAPF_LNS_MAPF_LNS_SAT_mapf-scen-even_scen-even_room-64-64-8-even-1_scen-agents20-idx1-seed42-1783617771916,0,0,3,1,237,60,1,238,0,1,3,2,0.125000,0.117000,0.007466,0,1,1,16,60
_home_max_Documents_PhD_MAPF_LNS_MAPF_LNS_SAT_mapf-map_room-64-64-8_map-_home_max_Documents_PhD_MAPF_LNS_MAPF_LNS_SAT_mapf-scen-even_scen-even_room-64-64-8-even-1_scen-agents20-idx1-seed42-1783617771916,0,0,3,2,238,60,1,239,0,1,3,3,0.013000,0.007000,0.003407,0,0,1,32,106
_home_max_Documents_PhD_MAPF_LNS_MAPF_LNS_SAT_mapf-map_room-64-64-8_map-_home_max_Documents_PhD_MAPF_LNS_MAPF_LNS_SAT_mapf-scen-even_scen-even_room-64-64-8-even-1_scen-agents20-idx1-seed42-1783617771916,0,0,3,3,239,60,1,240,1,0,4,3,0.016000,0.010000,0.006619,0,0,1,46,166
_home_max_Documents_PhD_MAPF_LNS_MAPF_LNS_SAT_mapf-map_room-64-64-8_map-_home_max_Documents_PhD_MAPF_LNS_MAPF_LNS_SAT_mapf-scen-even_scen-even_room-64-64-8-even-1_scen-agents20-idx1-seed42-1783617771916,0,0,3,4,240,60,0,240,0,0,4,3,0.008000,0.007000,0.005785,0,0,0,51,223
_home_max_Documents_PhD_MAPF_LNS_MAPF_LNS_SAT_mapf-map_room-64-64-8_map-_home_max_Documents_PhD_MAPF_LNS_MAPF_LNS_SAT_mapf-scen-even_scen-even_room-64-64-8-even-1_scen-agents20-idx1-seed42-1783617771916,0,0,4,1,424,96,0,424,0,0,4,3,0.207000,0.199000,0.011509,0,1,1,26,96
_home_max_Documents_PhD_MAPF_LNS_MAPF_LNS_SAT_mapf-map_room-64-64-8_map-_home_max_Documents_PhD_MAPF_LNS_MAPF_LNS_SAT_mapf-scen-even_scen-even_room-64-64-8-even-1_scen-agents20-idx1-seed42-1783617771916,0,0,0,1,15,9,2,17,1,1,1,1,0.025000,0.017000,0.000867,0,1,1,1,9
_home_max_Documents_PhD_MAPF_LNS_MAPF_LNS_SAT_mapf-map_room-64-64-8_map-_home_max_Documents_PhD_MAPF_LNS_MAPF_LNS_SAT_mapf-scen-even_scen-even_room-64-64-8-even-1_scen-agents20-idx1-seed42-1783617771916,0,0,0,2,17,9,0,17,0,0,1,1,0.001000,0.001000,0.000000,0,0,0,0,0
_home_max_Documents_PhD_MAPF_LNS_MAPF_LNS_SAT_mapf-map_room-64-64-8_map-_home_max_Documents_PhD_MAPF_LNS_MAPF_LNS_SAT_mapf-scen-even_scen-even_room-64-64-8-even-1_scen-agents20-idx1-seed42-1783617771916,0,0,1,1,31,16,2,33,1,1,2,2,0.034000,0.026000,0.002758,0,1,1,2,16
_home_max_Documents_PhD_MAPF_LNS_MAPF_LNS_SAT_mapf-map_room-64-64-8_map-_home_max_Documents_PhD_MAPF_LNS_MAPF_LNS_SAT_mapf-scen-even_scen-even_room-64-64-8-even-1_scen-agents20-idx1-seed42-1783617771916,0,0,1,2,33,16,0,33,0,0,2,2,0.001000,0.001000,0.000000,0,0,0,0,0
_home_max_Documents_PhD_MAPF_LNS_MAPF_LNS_SAT_mapf-map_room-64-64-8_map-_home_max_Documents_PhD_MAPF_LNS_MAPF_LNS_SAT_mapf-scen-even_scen-even_room-64-64-8-even-1_scen-agents20-idx1-seed42-1783617771916,0,0,2,1,145,48,2,147,2,0,4,2,0.092000,0.083000,0.006318,0,1,1,17,48
_home_max_Documents_PhD_MAPF_LNS_MAPF_LNS_SAT_mapf-map_room-64-64-8_map-_home_max_Documents_PhD_MAPF_LNS_MAPF_LNS_SAT_mapf-scen-even_scen-even_room-64-64-8-even-1_scen-agents20-idx1-seed42-1783617771916,0,0,2,2,147,48,0,147,0,0,4,2,0.002000,0.001000,0.000000,0,0,0,0,0
_home_max_Documents_PhD_MAPF_LNS_MAPF_LNS_SAT_mapf-map_room-64-64-8_map-_home_max_Documents_PhD_MAPF_LNS_MAPF_LNS_SAT_mapf-scen-even_scen-even_room-64-64-8-even-1_scen-agents20-idx1-seed42-1783617771916,0,0,3,1,326,88,3,329,2,1,6,3,0.170000,0.159000,0.010133,0,1,1,19,88
_home_max_Documents_PhD_MAPF_LNS_MAPF_LNS_SAT_mapf-map_room-64-64-8_map-_home_max_Documents_PhD_MAPF_LNS_MAPF_LNS_SAT_mapf-scen-even_scen-even_room-64-64-8-even-1_scen-agents20-idx1-seed42-1783617771916,0,0,3,2,329,88,5,334,3,2,9,5,0.025000,0.015000,0.009489,0,0,1,62,217
_home_max_Documents_PhD_MAPF_LNS_MAPF_LNS_SAT_mapf-map_room-64-64-8_map-_home_max_Documents_PhD_MAPF_LNS_MAPF_LNS_SAT_mapf-scen-even_scen-even_room-64-64-8-even-1_scen-agents20-idx1-seed42-1783617771916,0,0,3,3,334,88,0,334,0,0,9,5,0.007000,0.006000,0.002470,0,0,0,65,238
_home_max_Documents_PhD_MAPF_LNS_MAPF_LNS_SAT_mapf-map_room-64-64-8_map-_home_max_Documents_PhD_MAPF_LNS_MAPF_LNS_SAT_mapf-scen-even_scen-even_room-64-64-8-even-1_scen-agents20-idx1-seed42-1783617771916,0,0,4,1,702,160,4,706,1,3,10,8,0.331000,0.317000,0.017501,0,1,1,43,160
_home_max_Documents_PhD_MAPF_LNS_MAPF_LNS_SAT_mapf-map_room-64-64-8_map-_home_max_Documents_PhD_MAPF_LNS_MAPF_LNS_SAT_mapf-scen-even_scen-even_room-64-64-8-even-1_scen-agents20-idx1-seed42-1783617771916,0,0,4,2,706,160,3,709,2,1,12,9,0.022000,0.012000,0.006485,0,0,1,74,301
_home_max_Documents_PhD_MAPF_LNS_MAPF_LNS_SAT_mapf-map_room-64-64-8_map-_home_max_Documents_PhD_MAPF_LNS_MAPF_LNS_SAT_mapf-scen-even_scen-even_room-64-64-8-even-1_scen-agents20-idx1-seed42-1783617771916,0,0,4,3,709,160,3,712,3,0,15,9,0.019000,0.010000,0.006256,0,0,1,106,441
_home_max_Documents_PhD_MAPF_LNS_MAPF_LNS_SAT_mapf-map_room-64-64-8_map-_home_max_Documents_PhD_MAPF_LNS_MAPF_LNS_SAT_mapf-scen-even_scen-even_room-64-64-8-even-1_scen-agents20-idx1-seed42-1783617771916,0,0,4,4,712,160,3,715,2,1,17,10,0.022000,0.013000,0.009256,0,0,1,138,586
_home_max_Documents_PhD_MAPF_LNS_MAPF_LNS_SAT_mapf-map_room-64-64-8_map-_home_max_Documents_PhD_MAPF_LNS_MAPF_LNS_SAT_mapf-scen-even_scen-even_room-64-64-8-even-1_scen-agents20-idx1-seed42-1783617771916,0,0,4,5,715,160,3,718,2,1,19,11,0.031000,0.021000,0.017012,0,0,1,185,805
_home_max_Documents_PhD_MAPF_LNS_MAPF_LNS_SAT_mapf-map_room-64-64-8_map-_home_max_Documents_PhD_MAPF_LNS_MAPF_LNS_SAT_mapf-scen-even_scen-even_room-64-64-8-even-1_scen-agents20-idx1-seed42-1783617771916,0,0,4,6,718,160,1,719,0,1,19,12,0.024000,0.015000,0.010992,0,0,1,208,955
_home_max_Documents_PhD_MAPF_LNS_MAPF_LNS_SAT_mapf-map_room-64-64-8_map-_home_max_Documents_PhD_MAPF_LNS_MAPF_LNS_SAT_mapf-scen-even_scen-even_room-64-64-8-even-1_scen-agents20-idx1-seed42-1783617771916,0,0,4,7,719,160,1,720,1,0,20,12,0.020000,0.012000,0.009121,0,0,1,225,1093
_home_max_Documents_PhD_MAPF_LNS_MAPF_LNS_SAT_mapf-map_room-64-64-8_map-_home_max_Documents_PhD_MAPF_LNS_MAPF_LNS_SAT_mapf-scen-even_scen-even_room-64-64-8-even-1_scen-agents20-idx1-seed42-1783617771916,0,0,4,8,720,160,1,721,0,1,20,13,0.021000,0.013000,0.010097,0,0,1,243,1240
_home_max_Documents_PhD_MAPF_LNS_MAPF_LNS_SAT_mapf-map_room-64-64-8_map-_home_max_Documents_PhD_MAPF_LNS_MAPF_LNS_SAT_mapf-scen-even_scen-even_room-64-64-8-even-1_scen-agents20-idx1-seed42-1783617771916,0,0,4,9,721,160,1,722,1,0,21,13,0.019000,0.012000,0.008391,0,0,1,256,1378
_home_max_Documents_PhD_MAPF_LNS_MAPF_LNS_SAT_mapf-map_room-64-64-8_map-_home_max_Documents_PhD_MAPF_LNS_MAPF_LNS_SAT_mapf-scen-even_scen-even_room-64-64-8-even-1_scen-agents20-idx1-seed42-1783617771916,0,0,4,10,722,160,2,724,0,2,21,15,0.021000,0.013000,0.009844,0,0,1,271,1561
_home_max_Documents_PhD_MAPF_LNS_MAPF_LNS_SAT_mapf-map_room-64-64-8_map-_home_max_Documents_PhD_MAPF_LNS_MAPF_LNS_SAT_mapf-scen-even_scen-even_room-64-64-8-even-1_scen-agents20-idx1-seed42-1783617771916,0,0,4,11,724,160,0,724,0,0,21,15,0.034000,0.027000,0.022668,0,0,1,287,1799
_home_max_Documents_PhD_MAPF_LNS_MAPF_LNS_SAT_mapf-map_room-64-64-8_map-_home_max_Documents_PhD_MAPF_LNS_MAPF_LNS_SAT_mapf-scen-even_scen-even_room-64-64-8-even-1_scen-agents20-idx1-seed42-1783617771916,0,0,0,1,10,6,1,11,0,1,0,1,0.019000,0.012000,0.000701,0,1,1,1,6
_home_max_Documents_PhD_MAPF_LNS_MAPF_LNS_SAT_mapf-map_room-64-64-8_map-_home_max_Documents_PhD_MAPF_LNS_MAPF_LNS_SAT_mapf-scen-even_scen-even_room-64-64-8-even-1_scen-agents20-idx1-seed42-1783617771916,0,0,0,2,11,6,0,11,0,0,0,1,0.002000,0.001000,0.000000,0,0,0,0,0
_home_max_Documents_PhD_MAPF_LNS_MAPF_LNS_SAT_mapf-map_room-64-64-8_map-_home_max_Documents_PhD_MAPF_LNS_MAPF_LNS_SAT_mapf-scen-even_scen-even_room-64-64-8-even-1_scen-agents20-idx1-seed42-1783617771916,0,0,1,1,19,10,1,20,1,0,1,1,0.023000,0.018000,0.001220,0,1,1,2,10
_home_max_Documents_PhD_MAPF_LNS_MAPF_LNS_SAT_mapf-map_room-64-64-8_map-_home_max_Documents_PhD_MAPF_LNS_MAPF_LNS_SAT_mapf-scen-even_scen-even_room-64-64-8-even-1_scen-agents20-idx1-seed42-1783617771916,0,0,1,2,20,10,0,20,0,0,1,1,0.001000,0.001000,0.000000,0,0,0,0,0
_home_max_Documents_PhD_MAPF_LNS_MAPF_LNS_SAT_mapf-map_room-64-64-8_map-_home_max_Documents_PhD_MAPF_LNS_MAPF_LNS_SAT_mapf-scen-even_scen-even_room-64-64-8-even-1_scen-agents20-idx1-seed42-1783617771916,0,0,2,1,61,23,1,62,0,1,1,2,0.048000,0.042000,0.003284,0,1,1,5,23
_home_max_Documents_PhD_MAPF_LNS_MAPF_LNS_SAT_mapf-map_room-64-64-8_map-_home_max_Documents_PhD_MAPF_LNS_MAPF_LNS_SAT_mapf-scen-even_scen-even_room-64-64-8-even-1_scen-agents20-idx1-seed42-1783617771916,0,0,2,2,62,23,1,63,1,0,2,2,0.010000,0.004000,0.001282,0,0,1,8,38
_home_max_Documents_PhD_MAPF_LNS_MAPF_LNS_SAT_mapf-map_room-64-64-8_map-_home_max_Documents_PhD_MAPF_LNS_MAPF_LNS_SAT_mapf-scen-even_scen-even_room-64-64-8-even-1_scen-agents20-idx1-seed42-1783617771916,0,0,2,3,63,23,0,63,0,0,2,2,0.011000,0.006000,0.003447,0,0,1,17,60
_home_max_Documents_PhD_MAPF_LNS_MAPF_LNS_SAT_mapf-map_room-64-64-8_map-_home_max_Documents_PhD_MAPF_LNS_MAPF_LNS_SAT_mapf-scen-even_scen-even_room-64-64-8-even-1_scen-agents20-idx1-seed42-1783617771916,0,0,0,1,28,16,1,29,1,0,1,0,0.030000,0.021000,0.001298,0,1,1,3,16
_home_max_Documents_PhD_MAPF_LNS_MAPF_LNS_SAT_mapf-map_room-64-64-8_map-_home_max_Documents_PhD_MAPF_LNS_MAPF_LNS_SAT_mapf-scen-even_scen-even_room-64-64-8-even-1_scen-agents20-idx1-seed42-1783617771916,0,0,0,2,29,16,0,29,0,0,1,0,0.001000,0.001000,0.000000,0,0,0,0,0
_home_max_Documents_PhD_MAPF_LNS_MAPF_LNS_SAT_mapf-map_room-64-64-8_map-_home_max_Documents_PhD_MAPF_LNS_MAPF_LNS_SAT_mapf-scen-even_scen-even_room-64-64-8-even-1_scen-agents20-idx1-seed42-1783617771916,0,0,1,1,45,23,2,47,1,1,2,1,0.040000,0.032000,0.003762,0,1,1,4,23
_home_max_Documents_PhD_MAPF_LNS_MAPF_LNS_SAT_mapf-map_room-64-64-8_map-_home_max_Documents_PhD_MAPF_LNS_MAPF_LNS_SAT_mapf-scen-even_scen-even_room-64-64-8-even-1_scen-agents20-idx1-seed42-1783617771916,0,0,1,2,47,23,0,47,0,0,2,1,0.001000,0.001000,0.000000,0,0,0,0,0
_home_max_Documents_PhD_MAPF_LNS_MAPF_LNS_SAT_mapf-map_room-64-64-8_map-_home_max_Documents_PhD_MAPF_LNS_MAPF_LNS_SAT_mapf-scen-even_scen-even_room-64-64-8-even-1_scen-agents20-idx1-seed42-1783617771916,0,0,2,1,141,44,3,144,3,0,5,1,0.091000,0.081000,0.004744,0,1,1,6,44
_home_max_Documents_PhD_MAPF_LNS_MAPF_LNS_SAT_mapf-map_room-64-64-8_map-_home_max_Documents_PhD_MAPF_LNS_MAPF_LNS_SAT_mapf-scen-even_scen-even_room-64-64-8-even-1_scen-agents20-idx1-seed42-1783617771916,0,0,2,2,144,44,0,144,0,0,5,1,0.001000,0.001000,0.000000,0,0,0,0,0
_home_max_Documents_PhD_MAPF_LNS_MAPF_LNS_SAT_mapf-map_room-64-64-8_map-_home_max_Documents_PhD_MAPF_LNS_MAPF_LNS_SAT_mapf-scen-even_scen-even_room-64-64-8-even-1_scen-agents20-idx1-seed42-1783617771916,0,0,3,1,425,101,0,425,0,0,5,1,0.183000,0.182000,0.000000,0,1,0,0,0
_home_max_Documents_PhD_MAPF_LNS_MAPF_LNS_SAT_mapf-map_room-64-64-8_map-_home_max_Documents_PhD_MAPF_LNS_MAPF_LNS_SAT_mapf-scen-even_scen-even_room-64-64-8-even-1_scen-agents20-idx1-seed42-1783617771916,0,1,0,1,77,40,2,79,1,1,1,1,0.057000,0.043000,0.002862,0,1,1,5,40
_home_max_Documents_PhD_MAPF_LNS_MAPF_LNS_SAT_mapf-map_room-64-64-8_map-_home_max_Documents_PhD_MAPF_LNS_MAPF_LNS_SAT_mapf-scen-even_scen-even_room-64-64-8-even-1_scen-agents20-idx1-seed42-1783617771916,0,1,0,2,79,40,0,79,0,0,1,1,0.001000,0.001000,0.000000,0,0,0,0,0
_home_max_Documents_PhD_MAPF_LNS_MAPF_LNS_SAT_mapf-map_room-64-64-8_map-_home_max_Documents_PhD_MAPF_LNS_MAPF_LNS_SAT_mapf-scen-even_scen-even_room-64-64-8-even-1_scen-agents20-idx1-seed42-1783617771916,0,1,1,1,118,53,2,120,1,1,2,2,0.074000,0.063000,0.006295,0,1,1,9,58
_home_max_Documents_PhD_MAPF_LNS_MAPF_LNS_SAT_mapf-map_room-64-64-8_map-_home_max_Documents_PhD_MAPF_LNS_MAPF_LNS_SAT_mapf-scen-even_scen-even_room-64-64-8-even-1_scen-agents20-idx1-seed42-1783617771916,0,1,1,2,120,53,0,120,0,0,2,2,0.001000,0.001000,0.000000,0,0,0,0,0
_home_max_Documents_PhD_MAPF_LNS_MAPF_LNS_SAT_mapf-map_room-64-64-8_map-_home_max_Documents_PhD_MAPF_LNS_MAPF_LNS_SAT_mapf-scen-even_scen-even_room-64-64-8-even-1_scen-agents20-idx1-seed42-1783617771916,0,1,2,1,420,102,2,422,1,1,3,3,0.204000,0.189000,0.010498,0,1,1,32,102
_home_max_Documents_PhD_MAPF_LNS_MAPF_LNS_SAT_mapf-map_room-64-64-8_map-_home_max_Documents_PhD_MAPF_LNS_MAPF_LNS_SAT_mapf-scen-even_scen-even_room-64-64-8-even-1_scen-agents20-idx1-seed42-1783617771916,0,1,2,2,422,102,3,425,2,1,5,4,0.026000,0.013000,0.008776,0,0,1,54,224
_home_max_Documents_PhD_MAPF_LNS_MAPF_LNS_SAT_mapf-map_room-64-64-8_map-_home_max_Documents_PhD_MAPF_LNS_MAPF_LNS_SAT_mapf-scen-even_scen-even_room-64-64-8-even-1_scen-agents20-idx1-seed42-1783617771916,0,1,2,3,425,102,0,425,0,0,5,4,0.001000,0.001000,0.000000,0,0,0,0,0
_home_max_Documents_PhD_MAPF_LNS_MAPF_LNS_SAT_mapf-map_room-64-64-8_map-_home_max_Documents_PhD_MAPF_LNS_MAPF_LNS_SAT_mapf-scen-even_scen-even_room-64-64-8-even-1_scen-agents20-idx1-seed42-1783617771916,0,1,3,1,1768,251,4,1772,2,2,7,6,0.733000,0.713000,0.028076,0,1,1,58,251
_home_max_Documents_PhD_MAPF_LNS_MAPF_LNS_SAT_mapf-map_room-64-64-8_map-_home_max_Documents_PhD_MAPF_LNS_MAPF_LNS_SAT_mapf-scen-even_scen-even_room-64-64-8-even-1_scen-agents20-idx1-seed42-1783617771916,0,1,3,2,1772,251,3,1775,2,1,9,7,0.034000,0.020000,0.013285,0,0,1,106,490
_home_max_Documents_PhD_MAPF_LNS_MAPF_LNS_SAT_mapf-map_room-64-64-8_map-_home_max_Documents_PhD_MAPF_LNS_MAPF_LNS_SAT_mapf-scen-even_scen-even_room-64-64-8-even-1_scen-agents20-idx1-seed42-1783617771916,0,1,3,3,1775,251,1,1776,0,1,9,8,0.030000,0.018000,0.012774,0,0,1,140,721
_home_max_Documents_PhD_MAPF_LNS_MAPF_LNS_SAT_mapf-map_room-64-64-8_map-_home_max_Documents_PhD_MAPF_LNS_MAPF_LNS_SAT_mapf-scen-even_scen-even_room-64-64-8-even-1_scen-agents20-idx1-seed42-1783617771916,0,1,3,4,1776,251,1,1777,1,0,10,8,0.026000,0.015000,0.011644,0,0,1,171,947
_home_max_Documents_PhD_MAPF_LNS_MAPF_LNS_SAT_mapf-map_room-64-64-8_map-_home_max_Documents_PhD_MAPF_LNS_MAPF_LNS_SAT_mapf-scen-even_scen-even_room-64-64-8-even-1_scen-agents20-idx1-seed42-1783617771916,0,1,3,5,1777,251,1,1778,1,0,11,8,0.025000,0.014000,0.011090,0,0,1,204,1170
_home_max_Documents_PhD_MAPF_LNS_MAPF_LNS_SAT_mapf-map_room-64-64-8_map-_home_max_Documents_PhD_MAPF_LNS_MAPF_LNS_SAT_mapf-scen-even_scen-even_room-64-64-8-even-1_scen-agents20-idx1-seed42-1783617771916,0,1,3,6,1778,251,0,1778,0,0,11,8,0.005000,0.005000,0.003504,0,0,0,205,1279
_home_max_Documents_PhD_MAPF_LNS_MAPF_LNS_SAT_mapf-map_room-64-64-8_map-_home_max_Documents_PhD_MAPF_LNS_MAPF_LNS_SAT_mapf-scen-even_scen-even_room-64-64-8-even-1_scen-agents20-idx1-seed42-1783617771916,0,2,0,1,166,80,2,168,1,1,1,1,0.102000,0.083000,0.005029,0,1,1,10,80
_home_max_Documents_PhD_MAPF_LNS_MAPF_LNS_SAT_mapf-map_room-64-64-8_map-_home_max_Documents_PhD_MAPF_LNS_MAPF_LNS_SAT_mapf-scen-even_scen-even_room-64-64-8-even-1_scen-agents20-idx1-seed42-1783617771916,0,2,0,2,168,80,0,168,0,0,1,1,0.001000,0.001000,0.000000,0,0,0,0,0
_home_max_Documents_PhD_MAPF_LNS_MAPF_LNS_SAT_mapf-map_room-64-64-8_map-_home_max_Documents_PhD_MAPF_LNS_MAPF_LNS_SAT_mapf-scen-even_scen-even_room-64-64-8-even-1_scen-agents20-idx1-seed42-1783617771916,0,2,1,1,255,104,2,257,1,1,2,2,0.155000,0.135000,0.012287,0,1,1,15,115
_home_max_Documents_PhD_MAPF_LNS_MAPF_LNS_SAT_mapf-map_room-64-64-8_map-_home_max_Documents_PhD_MAPF_LNS_MAPF_LNS_SAT_mapf-scen-even_scen-even_room-64-64-8-even-1_scen-agents20-idx1-seed42-1783617771916,0,2,1,2,257,104,0,257,0,0,2,2,0.002000,0.001000,0.000000,0,0,0,0,0
_home_max_Documents_PhD_MAPF_LNS_MAPF_LNS_SAT_mapf-map_room-64-64-8_map-_home_max_Documents_PhD_MAPF_LNS_MAPF_LNS_SAT_mapf-scen-even_scen-even_room-64-64-8-even-1_scen-agents20-idx1-seed42-1783617771916,0,2,2,1,881,189,2,883,1,1,3,3,0.397000,0.379000,0.017958,0,1,1,53,189
_home_max_Documents_PhD_MAPF_LNS_MAPF_LNS_SAT_mapf-map_room-64-64-8_map-_home_max_Documents_PhD_MAPF_LNS_MAPF_LNS_SAT_mapf-scen-even_scen-even_room-64-64-8-even-1_scen-agents20-idx1-seed42-1783617771916,0,2,2,2,883,189,4,887,3,1,6,4,0.037000,0.020000,0.014722,0,0,1,88,428
_home_max_Documents_PhD_MAPF_LNS_MAPF_LNS_SAT_mapf-map_room-64-64-8_map-_home_max_Documents_PhD_MAPF_LNS_MAPF_LNS_SAT_mapf-scen-even_scen-even_room-64-64-8-even-1_scen-agents20-idx1-seed42-1783617771916,0,2,2,3,887,189,0,887,0,0,6,4,0.001000,0.001000,0.000000,0,0,0,0,0
_home_max_Documents_PhD_MAPF_LNS_MAPF_LNS_SAT_mapf-map_room-64-64-8_map-_home_max_Documents_PhD_MAPF_LNS_MAPF_LNS_SAT_mapf-scen-even_scen-even_room-64-64-8-even-1_scen-agents20-idx1-seed42-1783617771916,0,2,3,1,4083,455,3,4086,1,2,7,6,1.575000,1.551000,0.060936,0,1,1,89,455
_home_max_Documents_PhD_MAPF_LNS_MAPF_LNS_SAT_mapf-map_room-64-64-8_map-_home_max_Documents_PhD_MAPF_LNS_MAPF_LNS_SAT_mapf-scen-even_scen-even_room-64-64-8-even-1_scen-agents20-idx1-seed42-1783617771916,0,2,3,2,4086,455,2,4088,1,1,8,7,0.098000,0.082000,0.017923,0,0,1,179,885
_home_max_Documents_PhD_MAPF_LNS_MAPF_LNS_SAT_mapf-map_room-64-64-8_map-_home_max_Documents_PhD_MAPF_LNS_MAPF_LNS_SAT_mapf-scen-even_scen-even_room-64-64-8-even-1_scen-agents20-idx1-seed42-1783617771916,0,2,3,3,4088,455,3,4091,2,1,10,8,0.045000,0.029000,0.024112,0,0,1,261,1337
_home_max_Documents_PhD_MAPF_LNS_MAPF_LNS_SAT_mapf-map_room-64-64-8_map-_home_max_Documents_PhD_MAPF_LNS_MAPF_LNS_SAT_mapf-scen-even_scen-even_room-64-64-8-even-1_scen-agents20-idx1-seed42-1783617771916,0,2,3,4,4091,455,1,4092,0,1,10,9,0.039000,0.026000,0.020469,0,0,1,315,1763
_home_max_Documents_PhD_MAPF_LNS_MAPF_LNS_SAT_mapf-map_room-64-64-8_map-_home_max_Documents_PhD_MAPF_LNS_MAPF_LNS_SAT_mapf-scen-even_scen-even_room-64-64-8-even-1_scen-agents20-idx1-seed42-1783617771916,0,2,3,5,4092,455,1,4093,1,0,11,9,0.040000,0.027000,0.022753,0,0,1,389,2204
_home_max_Documents_PhD_MAPF_LNS_MAPF_LNS_SAT_mapf-map_room-64-64-8_map-_home_max_Documents_PhD_MAPF_LNS_MAPF_LNS_SAT_mapf-scen-even_scen-even_room-64-64-8-even-1_scen-agents20-idx1-seed42-1783617771916,0,2,3,6,4093,455,1,4094,1,0,12,9,0.043000,0.024000,0.020315,0,0,1,441,2626
_home_max_Documents_PhD_MAPF_LNS_MAPF_LNS_SAT_mapf-map_room-64-64-8_map-_home_max_Documents_PhD_MAPF_LNS_MAPF_LNS_SAT_mapf-scen-even_scen-even_room-64-64-8-even-1_scen-agents20-idx1-seed42-1783617771916,0,2,3,7,4094,455,0,4094,0,0,12,9,0.011000,0.010000,0.008126,0,0,0,444,2832
_home_max_Documents_PhD_MAPF_LNS_MAPF_LNS_SAT_mapf-map_room-64-64-8_map-_home_max_Documents_PhD_MAPF_LNS_MAPF_LNS_SAT_mapf-scen-even_scen-even_room-64-64-8-even-1_scen-agents20-idx1-seed42-1783617771916,0,3,0,1,308,135,1,309,1,0,1,0,0.168000,0.143000,0.008273,0,1,1,15,135
_home_max_Documents_PhD_MAPF_LNS_MAPF_LNS_SAT_mapf-map_room-64-64-8_map-_home_max_Documents_PhD_MAPF_LNS_MAPF_LNS_SAT_mapf-scen-even_scen-even_room-64-64-8-even-1_scen-agents20-idx1-seed42-1783617771916,0,3,0,2,309,135,0,309,0,0,1,0,0.002000,0.001000,0.000000,0,0,0,0,0
_home_max_Documents_PhD_MAPF_LNS_MAPF_LNS_SAT_mapf-map_room-64-64-8_map-_home_max_Documents_PhD_MAPF_LNS_MAPF_LNS_SAT_mapf-scen-even_scen-even_room-64-64-8-even-1_scen-agents20-idx1-seed42-1783617771916,0,3,1,1,459,171,2,461,1,1,2,1,0.240000,0.218000,0.017763,0,1,1,32,188
_home_max_Documents_PhD_MAPF_LNS_MAPF_LNS_SAT_mapf-map_room-64-64-8_map-_home_max_Documents_PhD_MAPF_LNS_MAPF_LNS_SAT_mapf-scen-even_scen-even_room-64-64-8-even-1_scen-agents20-idx1-seed42-1783617771916,0,3,1,2,461,171,0,461,0,0,2,1,0.001000,0.001000,0.000000,0,0,0,0,0
_home_max_Documents_PhD_MAPF_LNS_MAPF_LNS_SAT_mapf-map_room-64-64-8_map-_home_max_Documents_PhD_MAPF_LNS_MAPF_LNS_SAT_mapf-scen-even_scen-even_room-64-64-8-even-1_scen-agents20-idx1-seed42-1783617771916,0,3,2,1,1505,294,2,1507,1,1,3,2,0.620000,0.599000,0.026095,0,1,1,73,294
_home_max_Documents_PhD_MAPF_LNS_MAPF_LNS_SAT_mapf-map_room-64-64-8_map-_home_max_Documents_PhD_MAPF_LNS_MAPF_LNS_SAT_mapf-scen-even_scen-even_room-64-64-8-even-1_scen-agents20-idx1-seed42-1783617771916,0,3,2,2,1507,294,3,1510,2,1,5,3,0.062000,0.045000,0.019553,0,0,1,115,653
_home_max_Documents_PhD_MAPF_LNS_MAPF_LNS_SAT_mapf-map_room-64-64-8_map-_home_max_Documents_PhD_MAPF_LNS_MAPF_LNS_SAT_mapf-scen-even_scen-even_room-64-64-8-even-1_scen-agents20-idx1-seed42-1783617771916,0,3,2,3,1510,294,0,1510,0,0,5,3,0.001000,0.001000,0.000000,0,0,0,0,0
_home_max_Documents_PhD_MAPF_LNS_MAPF_LNS_SAT_mapf-map_room-64-64-8_map-_home_max_Documents_PhD_MAPF_LNS_MAPF_LNS_SAT_mapf-scen-even_scen-even_room-64-64-8-even-1_scen-agents20-idx1-seed42-1783617771916,0,3,3,1,6423,656,3,6426,1,2,6,5,2.476000,2.442000,0.078248,0,1,1,119,656
_home_max_Documents_PhD_MAPF_LNS_MAPF_LNS_SAT_mapf-map_room-64-64-8_map-_home_max_Documents_PhD_MAPF_LNS_MAPF_LNS_SAT_mapf-scen-even_scen-even_room-64-64-8-even-1_scen-agents20-idx1-seed42-1783617771916,0,3,3,2,6426,656,2,6428,1,1,7,6,0.056000,0.037000,0.028229,0,0,1,239,1281
_home_max_Documents_PhD_MAPF_LNS_MAPF_LNS_SAT_mapf-map_room-64-64-8_map-_home_max_Documents_PhD_MAPF_LNS_MAPF_LNS_SAT_mapf-scen-even_scen-even_room-64-64-8-even-1_scen-agents20-idx1-seed42-1783617771916,0,3,3,3,6428,656,3,6431,2,1,9,7,0.056000,0.038000,0.032936,0,0,1,352,1926
_home_max_Documents_PhD_MAPF_LNS_MAPF_LNS_SAT_mapf-map_room-64-64-8_map-_home_max_Documents_PhD_MAPF_LNS_MAPF_LNS_SAT_mapf-scen-even_scen-even_room-64-64-8-even-1_scen-agents20-idx1-seed42-1783617771916,0,3,3,4,6431,656,1,6432,0,1,9,8,0.050000,0.033000,0.028005,0,0,1,429,2545
_home_max_Documents_PhD_MAPF_LNS_MAPF_LNS_SAT_mapf-map_room-64-64-8_map-_home_max_Documents_PhD_MAPF_LNS_MAPF_LNS_SAT_mapf-scen-even_scen-even_room-64-64-8-even-1_scen-agents20-idx1-seed42-1783617771916,0,3,3,5,6432,656,1,6433,1,0,10,8,0.049000,0.033000,0.028581,0,0,1,517,3174
_home_max_Documents_PhD_MAPF_LNS_MAPF_LNS_SAT_mapf-map_room-64-64-8_map-_home_max_Documents_PhD_MAPF_LNS_MAPF_LNS_SAT_mapf-scen-even_scen-even_room-64-64-8-even-1_scen-agents20-idx1-seed42-1783617771916,0,3,3,6,6433,656,1,6434,1,0,11,8,0.047000,0.031000,0.027152,0,0,1,575,3787
_home_max_Documents_PhD_MAPF_LNS_MAPF_LNS_SAT_mapf-map_room-64-64-8_map-_home_max_Documents_PhD_MAPF_LNS_MAPF_LNS_SAT_mapf-scen-even_scen-even_room-64-64-8-even-1_scen-agents20-idx1-seed42-1783617771916,0,3,3,7,6434,656,0,6434,0,0,11,8,0.005000,0.005000,0.003729,0,0,0,576,3901
_home_max_Documents_PhD_MAPF_LNS_MAPF_LNS_SAT_mapf-map_room-64-64-8_map-_home_max_Documents_PhD_MAPF_LNS_MAPF_LNS_SAT_mapf-scen-even_scen-even_room-64-64-8-even-1_scen-agents20-idx1-seed42-1783617771916,0,4,0,1,417,178,1,418,1,0,1,0,0.215000,0.186000,0.009681,0,1,1,16,178
_home_max_Documents_PhD_MAPF_LNS_MAPF_LNS_SAT_mapf-map_room-64-64-8_map-_home_max_Documents_PhD_MAPF_LNS_MAPF_LNS_SAT_mapf-scen-even_scen-even_room-64-64-8-even-1_scen-agents20-idx1-seed42-1783617771916,0,4,0,2,418,178,0,418,0,0,1,0,0.002000,0.001000,0.000000,0,0,0,0,0
_home_max_Documents_PhD_MAPF_LNS_MAPF_LNS_SAT_mapf-map_room-64-64-8_map-_home_max_Documents_PhD_MAPF_LNS_MAPF_LNS_SAT_mapf-scen-even_scen-even_room-64-64-8-even-1_scen-agents20-idx1-seed42-1783617771916,0,4,1,1,600,221,2,602,1,1,2,1,0.300000,0.275000,0.024046,0,1,1,36,284
_home_max_Documents_PhD_MAPF_LNS_MAPF_LNS_SAT_mapf-map_room-64-64-8_map-_home_max_Documents_PhD_MAPF_LNS_MAPF_LNS_SAT_mapf-scen-even_scen-even_room-64-64-8-even-1_scen-agents20-idx1-seed42-1783617771916,0,4,1,2,602,221,0,602,0,0,2,1,0.001000,0.001000,0.000000,0,0,0,0,0
_home_max_Documents_PhD_MAPF_LNS_MAPF_LNS_SAT_mapf-map_room-64-64-8_map-_home_max_Documents_PhD_MAPF_LNS_MAPF_LNS_SAT_mapf-scen-even_scen-even_room-64-64-8-even-1_scen-agents20-idx1-seed42-1783617771916,0,4,2,1,1785,358,2,1787,1,1,3,2,0.729000,0.705000,0.029789,0,1,1,83,358
_home_max_Documents_PhD_MAPF_LNS_MAPF_LNS_SAT_mapf-map_room-64-64-8_map-_home_max_Documents_PhD_MAPF_LNS_MAPF_LNS_SAT_mapf-scen-even_scen-even_room-64-64-8-even-1_scen-agents20-idx1-seed42-1783617771916,0,4,2,2,1787,358,3,1790,2,1,5,3,0.073000,0.053000,0.023891,0,0,1,137,844
_home_max_Documents_PhD_MAPF_LNS_MAPF_LNS_SAT_mapf-map_room-64-64-8_map-_home_max_Documents_PhD_MAPF_LNS_MAPF_LNS_SAT_mapf-scen-even_scen-even_room-64-64-8-even-1_scen-agents20-idx1-seed42-1783617771916,0,4,2,3,1790,358,0,1790,0,0,5,3,0.001000,0.001000,0.000000,0,0,0,0,0
_home_max_Documents_PhD_MAPF_LNS_MAPF_LNS_SAT_mapf-map_room-64-64-8_map-_home_max_Documents_PhD_MAPF_LNS_MAPF_LNS_SAT_mapf-scen-even_scen-even_room-64-64-8-even-1_scen-agents20-idx1-seed42-1783617771916,0,4,3,1,7505,783,3,7508,1,2,6,5,3.194000,3.096000,0.102188,0,1,1,139,783
_home_max_Documents_PhD_MAPF_LNS_MAPF_LNS_SAT_mapf-map_room-64-64-8_map-_home_max_Documents_PhD_MAPF_LNS_MAPF_LNS_SAT_mapf-scen-even_scen-even_room-64-64-8-even-1_scen-agents20-idx1-seed42-1783617771916,0,4,3,2,7508,783,2,7510,1,1,7,6,0.074000,0.045000,0.032243,0,0,1,279,1524
_home_max_Documents_PhD_MAPF_LNS_MAPF_LNS_SAT_mapf-map_room-64-64-8_map-_home_max_Documents_PhD_MAPF_LNS_MAPF_LNS_SAT_mapf-scen-even_scen-even_room-64-64-8-even-1_scen-agents20-idx1-seed42-1783617771916,0,4,3,3,7510,783,3,7513,2,1,9,7,0.077000,0.050000,0.045363,0,0,1,421,2283
_home_max_Documents_PhD_MAPF_LNS_MAPF_LNS_SAT_mapf-map_room-64-64-8_map-_home_max_Documents_PhD_MAPF_LNS_MAPF_LNS_SAT_mapf-scen-even_scen-even_room-64-64-8-even-1_scen-agents20-idx1-seed42-1783617771916,0,4,3,4,7513,783,1,7514,0,1,9,8,0.062000,0.039000,0.033557,0,0,1,518,3016
_home_max_Documents_PhD_MAPF_LNS_MAPF_LNS_SAT_mapf-map_room-64-64-8_map-_home_max_Documents_PhD_MAPF_LNS_MAPF_LNS_SAT_mapf-scen-even_scen-even_room-64-64-8-even-1_scen-agents20-idx1-seed42-1783617771916,0,4,3,5,7514,783,1,7515,1,0,10,8,0.057000,0.037000,0.032904,0,0,1,625,3744
_home_max_Documents_PhD_MAPF_LNS_MAPF_LNS_SAT_mapf-map_room-64-64-8_map-_home_max_Documents_PhD_MAPF_LNS_MAPF_LNS_SAT_mapf-scen-even_scen-even_room-64-64-8-even-1_scen-agents20-idx1-seed42-1783617771916,0,4,3,6,7515,783,1,7516,1,0,11,8,0.060000,0.040000,0.035942,0,0,1,717,4563
_home_max_Documents_PhD_MAPF_LNS_MAPF_LNS_SAT_mapf-map_room-64-64-8_map-_home_max_Documents_PhD_MAPF_LNS_MAPF_LNS_SAT_mapf-scen-even_scen-even_room-64-64-8-even-1_scen-agents20-idx1-seed42-1783617771916,0,4,3,7,7516,783,0,7516,0,0,11,8,0.002000,0.001000,0.000000,0,0,0,0,0
_home_max_Documents_PhD_MAPF_LNS_MAPF_LNS_SAT_mapf-map_room-64-64-8_map-_home_max_Documents_PhD_MAPF_LNS_MAPF_LNS_SAT_mapf-scen-even_scen-even_room-64-64-8-even-1_scen-agents20-idx1-seed42-1783617771916,0,5,0,1,489,212,1,490,1,0,1,0,0.253000,0.214000,0.011702,0,1,1,19,212
_home_max_Documents_PhD_MAPF_LNS_MAPF_LNS_SAT_mapf-map_room-64-64-8_map-_home_max_Documents_PhD_MAPF_LNS_MAPF_LNS_SAT_mapf-scen-even_scen-even_room-64-64-8-even-1_scen-agents20-idx1-seed42-1783617771916,0,5,0,2,490,212,0,490,0,0,1,0,0.002000,0.001000,0.000000,0,0,0,0,0
_home_max_Documents_PhD_MAPF_LNS_MAPF_LNS_SAT_mapf-map_room-64-64-8_map-_home_max_Documents_PhD_MAPF_LNS_MAPF_LNS_SAT_mapf-scen-even_scen-even_room-64-64-8-even-1_scen-agents20-idx1-seed42-1783617771916,0,5,1,1,671,256,2,673,1,1,2,1,0.335000,0.303000,0.024371,0,1,1,45,326
_home_max_Documents_PhD_MAPF_LNS_MAPF_LNS_SAT_mapf-map_room-64-64-8_map-_home_max_Documents_PhD_MAPF_LNS_MAPF_LNS_SAT_mapf-scen-even_scen-even_room-64-64-8-even-1_scen-agents20-idx1-seed42-1783617771916,0,5,1,2,673,256,0,673,0,0,2,1,0.001000,0.001000,0.000000,0,0,0,0,0
_home_max_Documents_PhD_MAPF_LNS_MAPF_LNS_SAT_mapf-map_room-64-64-8_map-_home_max_Documents_PhD_MAPF_LNS_MAPF_LNS_SAT_mapf-scen-even_scen-even_room-64-64-8-even-1_scen-agents20-idx1-seed42-1783617771916,0,5,2,1,1952,413,2,1954,1,1,3,2,0.808000,0.778000,0.033022,0,1,1,102,413
_home_max_Documents_PhD_MAPF_LNS_MAPF_LNS_SAT_mapf-map_room-64-64-8_map-_home_max_Documents_PhD_MAPF_LNS_MAPF_LNS_SAT_mapf-scen-even_scen-even_room-64-64-8-even-1_scen-agents20-idx1-seed42-1783617771916,0,5,2,2,1954,413,3,1957,2,1,5,3,0.081000,0.055000,0.023417,0,0,1,171,964
_home_max_Documents_PhD_MAPF_LNS_MAPF_LNS_SAT_mapf-map_room-64-64-8_map-_home_max_Documents_PhD_MAPF_LNS_MAPF_LNS_SAT_mapf-scen-even_scen-even_room-64-64-8-even-1_scen-agents20-idx1-seed42-1783617771916,0,5,2,3,1957,413,0,1957,0,0,5,3,0.001000,0.001000,0.000000,0,0,0,0,0
_home_max_Documents_PhD_MAPF_LNS_MAPF_LNS_SAT_mapf-map_room-64-64-8_map-_home_max_Documents_PhD_MAPF_LNS_MAPF_LNS_SAT_mapf-scen-even_scen-even_room-64-64-8-even-1_scen-agents20-idx1-seed42-1783617771916,0,5,3,1,8333,904,3,8336,1,2,6,5,3.328000,3.279000,0.100979,0,1,1,162,904
_home_max_Documents_PhD_MAPF_LNS_MAPF_LNS_SAT_mapf-map_room-64-64-8_map-_home_max_Documents_PhD_MAPF_LNS_MAPF_LNS_SAT_mapf-scen-even_scen-even_room-64-64-8-even-1_scen-agents20-idx1-seed42-1783617771916,0,5,3,2,8336,904,2,8338,1,1,7,6,0.071000,0.042000,0.032990,0,0,1,325,1753
_home_max_Documents_PhD_MAPF_LNS_MAPF_LNS_SAT_mapf-map_room-64-64-8_map-_home_max_Documents_PhD_MAPF_LNS_MAPF_LNS_SAT_mapf-scen-even_scen-even_room-64-64-8-even-1_scen-agents20-idx1-seed42-1783617771916,0,5,3,3,8338,904,3,8341,2,1,9,7,0.075000,0.047000,0.041502,0,0,1,481,2616
_home_max_Documents_PhD_MAPF_LNS_MAPF_LNS_SAT_mapf-map_room-64-64-8_map-_home_max_Documents_PhD_MAPF_LNS_MAPF_LNS_SAT_mapf-scen-even_scen-even_room-64-64-8-even-1_scen-agents20-idx1-seed42-1783617771916,0,5,3,4,8341,904,1,8342,0,1,9,8,0.076000,0.050000,0.043784,0,0,1,595,3457
_home_max_Documents_PhD_MAPF_LNS_MAPF_LNS_SAT_mapf-map_room-64-64-8_map-_home_max_Documents_PhD_MAPF_LNS_MAPF_LNS_SAT_mapf-scen-even_scen-even_room-64-64-8-even-1_scen-agents20-idx1-seed42-1783617771916,0,5,3,5,8342,904,1,8343,1,0,10,8,0.065000,0.041000,0.036350,0,0,1,728,4285
_home_max_Documents_PhD_MAPF_LNS_MAPF_LNS_SAT_mapf-map_room-64-64-8_map-_home_max_Documents_PhD_MAPF_LNS_MAPF_LNS_SAT_mapf-scen-even_scen-even_room-64-64-8-even-1_scen-agents20-idx1-seed42-1783617771916,0,5,3,6,8343,904,1,8344,1,0,11,8,0.064000,0.041000,0.036675,0,0,1,831,5110
_home_max_Documents_PhD_MAPF_LNS_MAPF_LNS_SAT_mapf-map_room-64-64-8_map-_home_max_Documents_PhD_MAPF_LNS_MAPF_LNS_SAT_mapf-scen-even_scen-even_room-64-64-8-even-1_scen-agents20-idx1-seed42-1783617771916,0,5,3,7,8344,904,0,8344,0,0,11,8,0.009000,0.009000,0.007453,0,0,0,834,5331
_home_max_Documents_PhD_MAPF_LNS_MAPF_LNS_SAT_mapf-map_room-64-64-8_map-_home_max_Documents_PhD_MAPF_LNS_MAPF_LNS_SAT_mapf-scen-even_scen-even_room-64-64-8-even-1_scen-agents20-idx1-seed42-1783617771916,0,6,0,1,570,252,2,572,1,1,1,1,0.279000,0.238000,0.012174,0,1,1,25,252
_home_max_Documents_PhD_MAPF_LNS_MAPF_LNS_SAT_mapf-map_room-64-64-8_map-_home_max_Documents_PhD_MAPF_LNS_MAPF_LNS_SAT_mapf-scen-even_scen-even_room-64-64-8-even-1_scen-agents20-idx1-seed42-1783617771916,0,6,0,2,572,252,0,572,0,0,1,1,0.001000,0.001000,0.000000,0,0,0,0,0
_home_max_Documents_PhD_MAPF_LNS_MAPF_LNS_SAT_mapf-map_room-64-64-8_map-_home_max_Documents_PhD_MAPF_LNS_MAPF_LNS_SAT_mapf-scen-even_scen-even_room-64-64-8-even-1_scen-agents20-idx1-seed42-1783617771916,0,6,1,1,770,302,2,772,1,1,2,2,0.388000,0.356000,0.027065,0,1,1,58,382
_home_max_Documents_PhD_MAPF_LNS_MAPF_LNS_SAT_mapf-map_room-64-64-8_map-_home_max_Documents_PhD_MAPF_LNS_MAPF_LNS_SAT_mapf-scen-even_scen-even_room-64-64-8-even-1_scen-agents20-idx1-seed42-1783617771916,0,6,1,2,772,302,0,772,0,0,2,2,0.001000,0.001000,0.000000,0,0,0,0,0
_home_max_Documents_PhD_MAPF_LNS_MAPF_LNS_SAT_mapf-map_room-64-64-8_map-_home_max_Documents_PhD_MAPF_LNS_MAPF_LNS_SAT_mapf-scen-even_scen-even_room-64-64-8-even-1_scen-agents20-idx1-seed42-1783617771916,0,6,2,1,2237,489,2,2239,1,1,3,3,0.921000,0.888000,0.037394,0,1,1,123,489
_home_max_Documents_PhD_MAPF_LNS_MAPF_LNS_SAT_mapf-map_room-64-64-8_map-_home_max_Documents_PhD_MAPF_LNS_MAPF_LNS_SAT_mapf-scen-even_scen-even_room-64-64-8-even-1_scen-agents20-idx1-seed42-1783617771916,0,6,2,2,2239,489,3,2242,2,1,5,4,0.096000,0.065000,0.029642,0,0,1,205,1156
_home_max_Documents_PhD_MAPF_LNS_MAPF_LNS_SAT_mapf-map_room-64-64-8_map-_home_max_Documents_PhD_MAPF_LNS_MAPF_LNS_SAT_mapf-scen-even_scen-even_room-64-64-8-even-1_scen-agents20-idx1-seed42-1783617771916,0,6,2,3,2242,489,0,2242,0,0,5,4,0.001000,0.001000,0.000000,0,0,0,0,0
_home_max_Documents_PhD_MAPF_LNS_MAPF_LNS_SAT_mapf-map_room-64-64-8_map-_home_max_Documents_PhD_MAPF_LNS_MAPF_LNS_SAT_mapf-scen-even_scen-even_room-64-64-8-even-1_scen-agents20-idx1-seed42-1783617771916,0,6,3,1,9646,1073,3,9649,1,2,6,6,3.712000,3.660000,0.116675,0,1,1,194,1073
_home_max_Documents_PhD_MAPF_LNS_MAPF_LNS_SAT_mapf-map_room-64-64-8_map-_home_max_Documents_PhD_MAPF_LNS_MAPF_LNS_SAT_mapf-scen-even_scen-even_room-64-64-8-even-1_scen-agents20-idx1-seed42-1783617771916,0,6,3,2,9649,1073,2,9651,1,1,7,7,0.081000,0.049000,0.038092,0,0,1,388,2074
_home_max_Documents_PhD_MAPF_LNS_MAPF_LNS_SAT_mapf-map_room-64-64-8_map-_home_max_Documents_PhD_MAPF_LNS_MAPF_LNS_SAT_mapf-scen-even_scen-even_room-64-64-8-even-1_scen-agents20-idx1-seed42-1783617771916,0,6,3,3,9651,1073,3,9654,2,1,9,8,0.085000,0.052000,0.046894,0,0,1,556,3080
_home_max_Documents_PhD_MAPF_LNS_MAPF_LNS_SAT_mapf-map_room-64-64-8_map-_home_max_Documents_PhD_MAPF_LNS_MAPF_LNS_SAT_mapf-scen-even_scen-even_room-64-64-8-even-1_scen-agents20-idx1-seed42-1783617771916,0,6,3,4,9654,1073,1,9655,0,1,9,9,0.076000,0.047000,0.040633,0,0,1,686,4060
_home_max_Documents_PhD_MAPF_LNS_MAPF_LNS_SAT_mapf-map_room-64-64-8_map-_home_max_Documents_PhD_MAPF_LNS_MAPF_LNS_SAT_mapf-scen-even_scen-even_room-64-64-8-even-1_scen-agents20-idx1-seed42-1783617771916,0,6,3,5,9655,1073,1,9656,1,0,10,9,0.074000,0.046000,0.041326,0,0,1,833,5022
_home_max_Documents_PhD_MAPF_LNS_MAPF_LNS_SAT_mapf-map_room-64-64-8_map-_home_max_Documents_PhD_MAPF_LNS_MAPF_LNS_SAT_mapf-scen-even_scen-even_room-64-64-8-even-1_scen-agents20-idx1-seed42-1783617771916,0,6,3,6,9656,1073,1,9657,1,0,11,9,0.089000,0.061000,0.057150,0,0,1,977,6319
_home_max_Documents_PhD_MAPF_LNS_MAPF_LNS_SAT_mapf-map_room-64-64-8_map-_home_max_Documents_PhD_MAPF_LNS_MAPF_LNS_SAT_mapf-scen-even_scen-even_room-64-64-8-even-1_scen-agents20-idx1-seed42-1783617771916,0,6,3,7,9657,1073,0,9657,0,0,11,9,0.009000,0.009000,0.007460,0,0,0,981,6563
_home_max_Documents_PhD_MAPF_LNS_MAPF_LNS_SAT_mapf-map_room-64-64-8_map-_home_max_Documents_PhD_MAPF_LNS_MAPF_LNS_SAT_mapf-scen-even_scen-even_room-64-64-8-even-1_scen-agents20-idx1-seed42-1783617771916,0,7,0,1,678,303,1,679,1,0,1,0,0.325000,0.279000,0.014337,0,1,1,31,303
_home_max_Documents_PhD_MAPF_LNS_MAPF_LNS_SAT_mapf-map_room-64-64-8_map-_home_max_Documents_PhD_MAPF_LNS_MAPF_LNS_SAT_mapf-scen-even_scen-even_room-64-64-8-even-1_scen-agents20-idx1-seed42-1783617771916,0,7,0,2,679,303,0,679,0,0,1,0,0.001000,0.001000,0.000000,0,0,0,0,0
_home_max_Documents_PhD_MAPF_LNS_MAPF_LNS_SAT_mapf-map_room-64-64-8_map-_home_max_Documents_PhD_MAPF_LNS_MAPF_LNS_SAT_mapf-scen-even_scen-even_room-64-64-8-even-1_scen-agents20-idx1-seed42-1783617771916,0,7,1,1,900,361,2,902,1,1,2,1,0.437000,0.398000,0.029758,0,1,1,60,464
_home_max_Documents_PhD_MAPF_LNS_MAPF_LNS_SAT_mapf-map_room-64-64-8_map-_home_max_Documents_PhD_MAPF_LNS_MAPF_LNS_SAT_mapf-scen-even_scen-even_room-64-64-8-even-1_scen-agents20-idx1-seed42-1783617771916,0,7,1,2,902,361,0,902,0,0,2,1,0.001000,0.001000,0.000000,0,0,0,0,0
_home_max_Documents_PhD_MAPF_LNS_MAPF_LNS_SAT_mapf-map_room-64-64-8_map-_home_max_Documents_PhD_MAPF_LNS_MAPF_LNS_SAT_mapf-scen-even_scen-even_room-64-64-8-even-1_scen-agents20-idx1-seed42-1783617771916,0,7,2,1,2570,576,2,2572,1,1,3,2,1.060000,1.022000,0.042332,0,1,1,147,576
_home_max_Documents_PhD_MAPF_LNS_MAPF_LNS_SAT_mapf-map_room-64-64-8_map-_home_max_Documents_PhD_MAPF_LNS_MAPF_LNS_SAT_mapf-scen-even_scen-even_room-64-64-8-even-1_scen-agents20-idx1-seed42-1783617771916,0,7,2,2,2572,576,3,2575,2,1,5,3,0.110000,0.075000,0.033566,0,0,1,245,1378
_home_max_Documents_PhD_MAPF_LNS_MAPF_LNS_SAT_mapf-map_room-64-64-8_map-_home_max_Documents_PhD_MAPF_LNS_MAPF_LNS_SAT_mapf-scen-even_scen-even_room-64-64-8-even-1_scen-agents20-idx1-seed42-1783617771916,0,7,2,3,2575,576,0,2575,0,0,5,3,0.001000,0.001000,0.000000,0,0,0,0,0
_home_max_Documents_PhD_MAPF_LNS_MAPF_LNS_SAT_mapf-map_room-64-64-8_map-_home_max_Documents_PhD_MAPF_LNS_MAPF_LNS_SAT_mapf-scen-even_scen-even_room-64-64-8-even-1_scen-agents20-idx1-seed42-1783617771916,0,7,3,1,11369,1261,3,11372,1,2,6,5,4.594000,4.533000,0.137177,0,1,1,224,1261
_home_max_Documents_PhD_MAPF_LNS_MAPF_LNS_SAT_mapf-map_room-64-64-8_map-_home_max_Documents_PhD_MAPF_LNS_MAPF_LNS_SAT_mapf-scen-even_scen-even_room-64-64-8-even-1_scen-agents20-idx1-seed42-1783617771916,0,7,3,2,11372,1261,2,11374,1,1,7,6,0.096000,0.056000,0.044702,0,0,1,448,2436
_home_max_Documents_PhD_MAPF_LNS_MAPF_LNS_SAT_mapf-map_room-64-64-8_map-_home_max_Documents_PhD_MAPF_LNS_MAPF_LNS_SAT_mapf-scen-even_scen-even_room-64-64-8-even-1_scen-agents20-idx1-seed42-1783617771916,0,7,3,3,11374,1261,3,11377,2,1,9,7,0.095000,0.059000,0.053069,0,0,1,663,3604
_home_max_Documents_PhD_MAPF_LNS_MAPF_LNS_SAT_mapf-map_room-64-64-8_map-_home_max_Documents_PhD_MAPF_LNS_MAPF_LNS_SAT_mapf-scen-even_scen-even_room-64-64-8-even-1_scen-agents20-idx1-seed42-1783617771916,0,7,3,4,11377,1261,1,11378,0,1,9,8,0.090000,0.056000,0.049236,0,0,1,847,4746
_home_max_Documents_PhD_MAPF_LNS_MAPF_LNS_SAT_mapf-map_room-64-64-8_map-_home_max_Documents_PhD_MAPF_LNS_MAPF_LNS_SAT_mapf-scen-even_scen-even_room-64-64-8-even-1_scen-agents20-idx1-seed42-1783617771916,0,7,3,5,11378,1261,1,11379,1,0,10,8,0.083000,0.051000,0.046553,0,0,1,1030,5860
_home_max_Documents_PhD_MAPF_LNS_MAPF_LNS_SAT_mapf-map_room-64-64-8_map-_home_max_Documents_PhD_MAPF_LNS_MAPF_LNS_SAT_mapf-scen-even_scen-even_room-64-64-8-even-1_scen-agents20-idx1-seed42-1783617771916,0,7,3,6,11379,1261,1,11380,1,0,11,8,0.100000,0.068000,0.064234,0,0,1,1217,7432
_home_max_Documents_PhD_MAPF_LNS_MAPF_LNS_SAT_mapf-map_room-64-64-8_map-_home_max_Documents_PhD_MAPF_LNS_MAPF_LNS_SAT_mapf-scen-even_scen-even_room-64-64-8-even-1_scen-agents20-idx1-seed42-1783617771916,0,7,3,7,11380,1261,0,11380,0,0,11,8,0.013000,0.013000,0.011519,0,0,0,1233,7762
_home_max_Documents_PhD_MAPF_LNS_MAPF_LNS_SAT_mapf-map_room-64-64-8_map-_home_max_Documents_PhD_MAPF_LNS_MAPF_LNS_SAT_mapf-scen-even_scen-even_room-64-64-8-even-1_scen-agents20-idx1-seed42-1783617771916,0,8,0,1,834,371,1,835,1,0,1,0,0.393000,0.339000,0.016684,0,1,1,45,371
_home_max_Documents_PhD_MAPF_LNS_MAPF_LNS_SAT_mapf-map_room-64-64-8_map-_home_max_Documents_PhD_MAPF_LNS_MAPF_LNS_SAT_mapf-scen-even_scen-even_room-64-64-8-even-1_scen-agents20-idx1-seed42-1783617771916,0,8,0,2,835,371,0,835,0,0,1,0,0.002000,0.001000,0.000000,0,0,0,0,0
_home_max_Documents_PhD_MAPF_LNS_MAPF_LNS_SAT_mapf-map_room-64-64-8_map-_home_max_Documents_PhD_MAPF_LNS_MAPF_LNS_SAT_mapf-scen-even_scen-even_room-64-64-8-even-1_scen-agents20-idx1-seed42-1783617771916,0,8,1,1,1109,440,2,1111,1,1,2,1,0.527000,0.480000,0.035658,0,1,1,84,582
_home_max_Documents_PhD_MAPF_LNS_MAPF_LNS_SAT_mapf-map_room-64-64-8_map-_home_max_Documents_PhD_MAPF_LNS_MAPF_LNS_SAT_mapf-scen-even_scen-even_room-64-64-8-even-1_scen-agents20-idx1-seed42-1783617771916,0,8,1,2,1111,440,0,1111,0,0,2,1,0.001000,0.001000,0.000000,0,0,0,0,0
_home_max_Documents_PhD_MAPF_LNS_MAPF_LNS_SAT_mapf-map_room-64-64-8_map-_home_max_Documents_PhD_MAPF_LNS_MAPF_LNS_SAT_mapf-scen-even_scen-even_room-64-64-8-even-1_scen-agents20-idx1-seed42-1783617771916,0,8,2,1,3115,686,2,3117,1,1,3,2,1.255000,1.210000,0.048975,0,1,1,169,686
_home_max_Documents_PhD_MAPF_LNS_MAPF_LNS_SAT_mapf-map_room-64-64-8_map-_home_max_Documents_PhD_MAPF_LNS_MAPF_LNS_SAT_mapf-scen-even_scen-even_room-64-64-8-even-1_scen-agents20-idx1-seed42-1783617771916,0,8,2,2,3117,686,3,3120,2,1,5,3,0.129000,0.088000,0.039870,0,0,1,296,1690
_home_max_Documents_PhD_MAPF_LNS_MAPF_LNS_SAT_mapf-map_room-64-64-8_map-_home_max_Documents_PhD_MAPF_LNS_MAPF_LNS_SAT_mapf-scen-even_scen-even_room-64-64-8-even-1_scen-agents20-idx1-seed42-1783617771916,0,8,2,3,3120,686,0,3120,0,0,5,3,0.001000,0.001000,0.000000,0,0,0,0,0
_home_max_Documents_PhD_MAPF_LNS_MAPF_LNS_SAT_mapf-map_room-64-64-8_map-_home_max_Documents_PhD_MAPF_LNS_MAPF_LNS_SAT_mapf-scen-even_scen-even_room-64-64-8-even-1_scen-agents20-idx1-seed42-1783617771916,0,8,3,1,13864,1484,3,13867,1,2,6,5,5.642000,5.555000,0.167977,0,1,1,257,1484
_home_max_Documents_PhD_MAPF_LNS_MAPF_LNS_SAT_mapf-map_room-64-64-8_map-_home_max_Documents_PhD_MAPF_LNS_MAPF_LNS_SAT_mapf-scen-even_scen-even_room-64-64-8-even-1_scen-agents20-idx1-seed42-1783617771916,0,8,3,2,13867,1484,2,13869,1,1,7,6,0.122000,0.073000,0.059418,0,0,1,514,2876
_home_max_Documents_PhD_MAPF_LNS_MAPF_LNS_SAT_mapf-map_room-64-64-8_map-_home_max_Documents_PhD_MAPF_LNS_MAPF_LNS_SAT_mapf-scen-even_scen-even_room-64-64-8-even-1_scen-agents20-idx1-seed42-1783617771916,0,8,3,3,13869,1484,2,13871,2,0,9,6,0.118000,0.073000,0.067162,0,0,1,745,4246
_home_max_Documents_PhD_MAPF_LNS_MAPF_LNS_SAT_mapf-map_room-64-64-8_map-_home_max_Documents_PhD_MAPF_LNS_MAPF_LNS_SAT_mapf-scen-even_scen-even_room-64-64-8-even-1_scen-agents20-idx1-seed42-1783617771916,0,8,3,4,13871,1484,1,13872,0,1,9,7,0.099000,0.060000,0.053144,0,0,1,922,5590
_home_max_Documents_PhD_MAPF_LNS_MAPF_LNS_SAT_mapf-map_room-64-64-8_map-_home_max_Documents_PhD_MAPF_LNS_MAPF_LNS_SAT_mapf-scen-even_scen-even_room-64-64-8-even-1_scen-agents20-idx1-seed42-1783617771916,0,8,3,5,13872,1484,1,13873,1,0,10,7,0.096000,0.058000,0.053396,0,0,1,1113,6892
_home_max_Documents_PhD_MAPF_LNS_MAPF_LNS_SAT_mapf-map_room-64-64-8_map-_home_max_Documents_PhD_MAPF_LNS_MAPF_LNS_SAT_mapf-scen-even_scen-even_room-64-64-8-even-1_scen-agents20-idx1-seed42-1783617771916,0,8,3,6,13873,1484,1,13874,1,0,11,7,0.113000,0.075000,0.070764,0,0,1,1248,8526
_home_max_Documents_PhD_MAPF_LNS_MAPF_LNS_SAT_mapf-map_room-64-64-8_map-_home_max_Documents_PhD_MAPF_LNS_MAPF_LNS_SAT_mapf-scen-even_scen-even_room-64-64-8-even-1_scen-agents20-idx1-seed42-1783617771916,0,8,3,7,13874,1484,0,13874,0,0,11,7,0.013000,0.013000,0.011501,0,0,0,1258,8792
_home_max_Documents_PhD_MAPF_LNS_MAPF_LNS_SAT_mapf-map_room-64-64-8_map-_home_max_Documents_PhD_MAPF_LNS_MAPF_LNS_SAT_mapf-scen-even_scen-even_room-64-64-8-even-1_scen-agents20-idx1-seed42-1783617771916,0,9,0,1,1070,459,1,1071,1,0,1,0,0.496000,0.432000,0.020535,0,1,1,50,459
_home_max_Documents_PhD_MAPF_LNS_MAPF_LNS_SAT_mapf-map_room-64-64-8_map-_home_max_Documents_PhD_MAPF_LNS_MAPF_LNS_SAT_mapf-scen-even_scen-even_room-64-64-8-even-1_scen-agents20-idx1-seed42-1783617771916,0,9,0,2,1071,459,0,1071,0,0,1,0,0.002000,0.001000,0.000000,0,0,0,0,0
_home_max_Documents_PhD_MAPF_LNS_MAPF_LNS_SAT_mapf-map_room-64-64-8_map-_home_max_Documents_PhD_MAPF_LNS_MAPF_LNS_SAT_mapf-scen-even_scen-even_room-64-64-8-even-1_scen-agents20-idx1-seed42-1783617771916,0,9,1,1,1449,542,2,1451,1,1,2,1,0.658000,0.607000,0.044770,0,1,1,100,744
_home_max_Documents_PhD_MAPF_LNS_MAPF_LNS_SAT_mapf-map_room-64-64-8_map-_home_max_Documents_PhD_MAPF_LNS_MAPF_LNS_SAT_mapf-scen-even_scen-even_room-64-64-8-even-1_scen-agents20-idx1-seed42-1783617771916,0,9,1,2,1451,542,0,1451,0,0,2,1,0.001000,0.001000,0.000000,0,0,0,0,0
_home_max_Documents_PhD_MAPF_LNS_MAPF_LNS_SAT_mapf-map_room-64-64-8_map-_home_max_Documents_PhD_MAPF_LNS_MAPF_LNS_SAT_mapf-scen-even_scen-even_room-64-64-8-even-1_scen-agents20-idx1-seed42-1783617771916,0,9,2,1,4043,831,2,4045,1,1,3,2,1.608000,1.553000,0.070870,0,1,1,190,831
_home_max_Documents_PhD_MAPF_LNS_MAPF_LNS_SAT_mapf-map_room-64-64-8_map-_home_max_Documents_PhD_MAPF_LNS_MAPF_LNS_SAT_mapf-scen-even_scen-even_room-64-64-8-even-1_scen-agents20-idx1-seed42-1783617771916,0,9,2,2,4045,831,4,4049,3,1,6,3,0.165000,0.112000,0.049840,0,0,1,327,2088
_home_max_Documents_PhD_MAPF_LNS_MAPF_LNS_SAT_mapf-map_room-64-64-8_map-_home_max_Documents_PhD_MAPF_LNS_MAPF_LNS_SAT_mapf-scen-even_scen-even_room-64-64-8-even-1_scen-agents20-idx1-seed42-1783617771916,0,9,2,3,4049,831,0,4049,0,0,6,3,0.001000,0.001000,0.000000,0,0,0,0,0
_home_max_Documents_PhD_MAPF_LNS_MAPF_LNS_SAT_mapf-map_room-64-64-8_map-_home_max_Documents_PhD_MAPF_LNS_MAPF_LNS_SAT_mapf-scen-even_scen-even_room-64-64-8-even-1_scen-agents20-idx1-seed42-1783617771916,0,9,3,1,16687,1735,3,16690,1,2,7,5,6.722000,6.637000,0.188905,0,1,1,284,1735
_home_max_Documents_PhD_MAPF_LNS_MAPF_LNS_SAT_mapf-map_room-64-64-8_map-_home_max_Documents_PhD_MAPF_LNS_MAPF_LNS_SAT_mapf-scen-even_scen-even_room-64-64-8-even-1_scen-agents20-idx1-seed42-1783617771916,0,9,3,2,16690,1735,2,16692,1,1,8,6,0.129000,0.074000,0.059057,0,0,1,568,3367
_home_max_Documents_PhD_MAPF_LNS_MAPF_LNS_SAT_mapf-map_room-64-64-8_map-_home_max_Documents_PhD_MAPF_LNS_MAPF_LNS_SAT_mapf-scen-even_scen-even_room-64-64-8-even-1_scen-agents20-idx1-seed42-1783617771916,0,9,3,3,16692,1735,3,16695,2,1,10,7,0.138000,0.085000,0.077580,0,0,1,827,4969
_home_max_Documents_PhD_MAPF_LNS_MAPF_LNS_SAT_mapf-map_room-64-64-8_map-_home_max_Documents_PhD_MAPF_LNS_MAPF_LNS_SAT_mapf-scen-even_scen-even_room-64-64-8-even-1_scen-agents20-idx1-seed42-1783617771916,0,9,3,4,16695,1735,1,16696,0,1,10,8,0.121000,0.073000,0.064482,0,0,1,1048,6545
_home_max_Documents_PhD_MAPF_LNS_MAPF_LNS_SAT_mapf-map_room-64-64-8_map-_home_max_Documents_PhD_MAPF_LNS_MAPF_LNS_SAT_mapf-scen-even_scen-even_room-64-64-8-even-1_scen-agents20-idx1-seed42-1783617771916,0,9,3,5,16696,1735,1,16697,1,0,11,8,0.112000,0.065000,0.059818,0,0,1,1250,8069
_home_max_Documents_PhD_MAPF_LNS_MAPF_LNS_SAT_mapf-map_room-64-64-8_map-_home_max_Documents_PhD_MAPF_LNS_MAPF_LNS_SAT_mapf-scen-even_scen-even_room-64-64-8-even-1_scen-agents20-idx1-seed42-1783617771916,0,9,3,6,16697,1735,1,16698,1,0,12,8,0.122000,0.076000,0.070716,0,0,1,1431,9768
_home_max_Documents_PhD_MAPF_LNS_MAPF_LNS_SAT_mapf-map_room-64-64-8_map-_home_max_Documents_PhD_MAPF_LNS_MAPF_LNS_SAT_mapf-scen-even_scen-even_room-64-64-8-even-1_scen-agents20-idx1-seed42-1783617771916,0,9,3,7,16698,1735,0,16698,0,0,12,8,0.002000,0.002000,0.000000,0,0,0,0,0
_home_max_Documents_PhD_MAPF_LNS_MAPF_LNS_SAT_mapf-map_room-64-64-8_map-_home_max_Documents_PhD_MAPF_LNS_MAPF_LNS_SAT_mapf-scen-even_scen-even_room-64-64-8-even-1_scen-agents20-idx1-seed42-1783617771916,0,10,0,1,1358,558,1,1359,1,0,1,0,0.632000,0.554000,0.026396,0,1,1,60,558
_home_max_Documents_PhD_MAPF_LNS_MAPF_LNS_SAT_mapf-map_room-64-64-8_map-_home_max_Documents_PhD_MAPF_LNS_MAPF_LNS_SAT_mapf-scen-even_scen-even_room-64-64-8-even-1_scen-agents20-idx1-seed42-1783617771916,0,10,0,2,1359,558,0,1359,0,0,1,0,0.002000,0.001000,0.000000,0,0,0,0,0
_home_max_Documents_PhD_MAPF_LNS_MAPF_LNS_SAT_mapf-map_room-64-64-8_map-_home_max_Documents_PhD_MAPF_LNS_MAPF_LNS_SAT_mapf-scen-even_scen-even_room-64-64-8-even-1_scen-agents20-idx1-seed42-1783617771916,0,10,1,1,1870,659,2,1872,1,1,2,1,0.839000,0.774000,0.051815,0,1,1,113,879
_home_max_Documents_PhD_MAPF_LNS_MAPF_LNS_SAT_mapf-map_room-64-64-8_map-_home_max_Documents_PhD_MAPF_LNS_MAPF_LNS_SAT_mapf-scen-even_scen-even_room-64-64-8-even-1_scen-agents20-idx1-seed42-1783617771916,0,10,1,2,1872,659,0,1872,0,0,2,1,0.002000,0.001000,0.000000,0,0,0,0,0
_home_max_Documents_PhD_MAPF_LNS_MAPF_LNS_SAT_mapf-map_room-64-64-8_map-_home_max_Documents_PhD_MAPF_LNS_MAPF_LNS_SAT_mapf-scen-even_scen-even_room-64-64-8-even-1_scen-agents20-idx1-seed42-1783617771916,0,10,2,1,4790,975,2,4792,1,1,3,2,1.977000,1.913000,0.072145,0,1,1,209,975
_home_max_Documents_PhD_MAPF_LNS_MAPF_LNS_SAT_mapf-map_room-64-64-8_map-_home_max_Documents_PhD_MAPF_LNS_MAPF_LNS_SAT_mapf-scen-even_scen-even_room-64-64-8-even-1_scen-agents20-idx1-seed42-1783617771916,0,10,2,2,4792,975,3,4795,2,1,5,3,0.188000,0.129000,0.054956,0,0,1,363,2456
_home_max_Documents_PhD_MAPF_LNS_MAPF_LNS_SAT_mapf-map_room-64-64-8_map-_home_max_Documents_PhD_MAPF_LNS_MAPF_LNS_SAT_mapf-scen-even_scen-even_room-64-64-8-even-1_scen-agents20-idx1-seed42-1783617771916,0,10,2,3,4795,975,0,4795,0,0,5,3,0.001000,0.001000,0.000000,0,0,0,0,0
_home_max_Documents_PhD_MAPF_LNS_MAPF_LNS_SAT_mapf-map_room-64-64-8_map-_home_max_Documents_PhD_MAPF_LNS_MAPF_LNS_SAT_mapf-scen-even_scen-even_room-64-64-8-even-1_scen-agents20-idx1-seed42-1783617771916,0,10,3,1,18880,1977,3,18883,1,2,6,5,7.422000,7.303000,0.214120,0,1,1,367,1977
_home_max_Documents_PhD_MAPF_LNS_MAPF_LNS_SAT_mapf-map_room-64-64-8_map-_home_max_Documents_PhD_MAPF_LNS_MAPF_LNS_SAT_mapf-scen-even_scen-even_room-64-64-8-even-1_scen-agents20-idx1-seed42-1783617771916,0,10,3,2,18883,1977,2,18885,1,1,7,6,0.151000,0.086000,0.068741,0,0,1,734,3841
_home_max_Documents_PhD_MAPF_LNS_MAPF_LNS_SAT_mapf-map_room-64-64-8_map-_home_max_Documents_PhD_MAPF_LNS_MAPF_LNS_SAT_mapf-scen-even_scen-even_room-64-64-8-even-1_scen-agents20-idx1-seed42-1783617771916,0,10,3,3,18885,1977,3,18888,2,1,9,7,0.154000,0.093000,0.086064,0,0,1,1077,5671
_home_max_Documents_PhD_MAPF_LNS_MAPF_LNS_SAT_mapf-map_room-64-64-8_map-_home_max_Documents_PhD_MAPF_LNS_MAPF_LNS_SAT_mapf-scen-even_scen-even_room-64-64-8-even-1_scen-agents20-idx1-seed42-1783617771916,0,10,3,4,18888,1977,1,18889,0,1,9,8,0.136000,0.079000,0.070773,0,0,1,1311,7475
_home_max_Documents_PhD_MAPF_LNS_MAPF_LNS_SAT_mapf-map_room-64-64-8_map-_home_max_Documents_PhD_MAPF_LNS_MAPF_LNS_SAT_mapf-scen-even_scen-even_room-64-64-8-even-1_scen-agents20-idx1-seed42-1783617771916,0,10,3,5,18889,1977,1,18890,1,0,10,8,0.127000,0.073000,0.067810,0,0,1,1569,9223
_home_max_Documents_PhD_MAPF_LNS_MAPF_LNS_SAT_mapf-map_room-64-64-8_map-_home_max_Documents_PhD_MAPF_LNS_MAPF_LNS_SAT_mapf-scen-even_scen-even_room-64-64-8-even-1_scen-agents20-idx1-seed42-1783617771916,0,10,3,6,18890,1977,1,18891,1,0,11,8,0.144000,0.087000,0.081925,0,0,1,1756,11170
_home_max_Documents_PhD_MAPF_LNS_MAPF_LNS_SAT_mapf-map_room-64-64-8_map-_home_max_Documents_PhD_MAPF_LNS_MAPF_LNS_SAT_mapf-scen-even_scen-even_room-64-64-8-even-1_scen-agents20-idx1-seed42-1783617771916,0,10,3,7,18891,1977,0,18891,0,0,11,8,0.002000,0.001000,0.000000,0,0,0,0,0
_home_max_Documents_PhD_MAPF_LNS_MAPF_LNS_SAT_mapf-map_room-64-64-8_map-_home_max_Documents_PhD_MAPF_LNS_MAPF_LNS_SAT_mapf-scen-even_scen-even_room-64-64-8-even-1_scen-agents20-idx1-seed42-1783617771916,0,11,0,1,1567,641,1,1568,1,0,1,0,0.738000,0.641000,0.031569,0,1,1,70,641
_home_max_Documents_PhD_MAPF_LNS_MAPF_LNS_SAT_mapf-map_room-64-64-8_map-_home_max_Documents_PhD_MAPF_LNS_MAPF_LNS_SAT_mapf-scen-even_scen-even_room-64-64-8-even-1_scen-agents20-idx1-seed42-1783617771916,0,11,0,2,1568,641,0,1568,0,0,1,0,0.003000,0.002000,0.000000,0,0,0,0,0
_home_max_Documents_PhD_MAPF_LNS_MAPF_LNS_SAT_mapf-map_room-64-64-8_map-_home_max_Documents_PhD_MAPF_LNS_MAPF_LNS_SAT_mapf-scen-even_scen-even_room-64-64-8-even-1_scen-agents20-idx1-seed42-1783617771916,0,11,1,1,2101,747,2,2103,1,1,2,1,0.940000,0.872000,0.060153,0,1,1,137,1004
_home_max_Documents_PhD_MAPF_LNS_MAPF_LNS_SAT_mapf-map_room-64-64-8_map-_home_max_Documents_PhD_MAPF_LNS_MAPF_LNS_SAT_mapf-scen-even_scen-even_room-64-64-8-even-1_scen-agents20-idx1-seed42-1783617771916,0,11,1,2,2103,747,0,2103,0,0,2,1,0.002000,0.001000,0.000000,0,0,0,0,0
_home_max_Documents_PhD_MAPF_LNS_MAPF_LNS_SAT_mapf-map_room-64-64-8_map-_home_max_Documents_PhD_MAPF_LNS_MAPF_LNS_SAT_mapf-scen-even_scen-even_room-64-64-8-even-1_scen-agents20-idx1-seed42-1783617771916,0,11,2,1,5218,1081,2,5220,1,1,3,2,2.203000,2.118000,0.082995,0,1,1,229,1081
_home_max_Documents_PhD_MAPF_LNS_MAPF_LNS_SAT_mapf-map_room-64-64-8_map-_home_max_Documents_PhD_MAPF_LNS_MAPF_LNS_SAT_mapf-scen-even_scen-even_room-64-64-8-even-1_scen-agents20-idx1-seed42-1783617771916,0,11,2,2,5220,1081,3,5223,2,1,5,3,0.132000,0.063000,0.057140,0,0,1,437,2654
_home_max_Documents_PhD_MAPF_LNS_MAPF_LNS_SAT_mapf-map_room-64-64-8_map-_home_max_Documents_PhD_MAPF_LNS_MAPF_LNS_SAT_mapf-scen-even_scen-even_room-64-64-8-even-1_scen-agents20-idx1-seed42-1783617771916,0,11,2,3,5223,1081,0,5223,0,0,5,3,0.001000,0.001000,0.000000,0,0,0,0,0
_home_max_Documents_PhD_MAPF_LNS_MAPF_LNS_SAT_mapf-map_room-64-64-8_map-_home_max_Documents_PhD_MAPF_LNS_MAPF_LNS_SAT_mapf-scen-even_scen-even_room-64-64-8-even-1_scen-agents20-idx1-seed42-1783617771916,0,11,3,1,20769,2170,3,20772,1,2,6,5,8.560000,8.431000,0.237519,0,1,1,386,2170
_home_max_Documents_PhD_MAPF_LNS_MAPF_LNS_SAT_mapf-map_room-64-64-8_map-_home_max_Documents_PhD_MAPF_LNS_MAPF_LNS_SAT_mapf-scen-even_scen-even_room-64-64-8-even-1_scen-agents20-idx1-seed42-1783617771916,0,11,3,2,20772,2170,2,20774,1,1,7,6,0.164000,0.091000,0.073754,0,0,1,775,4211
_home_max_Documents_PhD_MAPF_LNS_MAPF_LNS_SAT_mapf-map_room-64-64-8_map-_home_max_Documents_PhD_MAPF_LNS_MAPF_LNS_SAT_mapf-scen-even_scen-even_room-64-64-8-even-1_scen-agents20-idx1-seed42-1783617771916,0,11,3,3,20774,2170,2,20776,2,0,9,6,0.169000,0.098000,0.090888,0,0,1,1138,6212
_home_max_Documents_PhD_MAPF_LNS_MAPF_LNS_SAT_mapf-map_room-64-64-8_map-_home_max_Documents_PhD_MAPF_LNS_MAPF_LNS_SAT_mapf-scen-even_scen-even_room-64-64-8-even-1_scen-agents20-idx1-seed42-1783617771916,0,11,3,4,20776,2170,1,20777,0,1,9,7,0.159000,0.088000,0.080068,0,0,1,1401,8187
_home_max_Documents_PhD_MAPF_LNS_MAPF_LNS_SAT_mapf-map_room-64-64-8_map-_home_max_Documents_PhD_MAPF_LNS_MAPF_LNS_SAT_mapf-scen-even_scen-even_room-64-64-8-even-1_scen-agents20-idx1-seed42-1783617771916,0,11,3,5,20777,2170,1,20778,1,0,10,7,0.145000,0.082000,0.076312,0,0,1,1677,10103
_home_max_Documents_PhD_MAPF_LNS_MAPF_LNS_SAT_mapf-map_room-64-64-8_map-_home_max_Documents_PhD_MAPF_LNS_MAPF_LNS_SAT_mapf-scen-even_scen-even_room-64-64-8-even-1_scen-agents20-idx1-seed42-1783617771916,0,11,3,6,20778,2170,1,20779,1,0,11,7,0.157000,0.094000,0.088893,0,0,1,1875,12234
_home_max_Documents_PhD_MAPF_LNS_MAPF_LNS_SAT_mapf-map_room-64-64-8_map-_home_max_Documents_PhD_MAPF_LNS_MAPF_LNS_SAT_mapf-scen-even_scen-even_room-64-64-8-even-1_scen-agents20-idx1-seed42-1783617771916,0,11,3,7,20779,2170,0,20779,0,0,11,7,0.002000,0.001000,0.000000,0,0,0,0,0
_home_max_Documents_PhD_MAPF_LNS_MAPF_LNS_SAT_mapf-map_room-64-64-8_map-_home_max_Documents_PhD_MAPF_LNS_MAPF_LNS_SAT_mapf-scen-even_scen-even_room-64-64-8-even-1_scen-agents20-idx1-seed42-1783617771916,0,12,0,1,1786,735,2,1788,2,0,2,0,0.814000,0.713000,0.033561,0,1,1,88,735
_home_max_Documents_PhD_MAPF_LNS_MAPF_LNS_SAT_mapf-map_room-64-64-8_map-_home_max_Documents_PhD_MAPF_LNS_MAPF_LNS_SAT_mapf-scen-even_scen-even_room-64-64-8-even-1_scen-agents20-idx1-seed42-1783617771916,0,12,0,2,1788,735,0,1788,0,0,2,0,0.002000,0.002000,0.000000,0,0,0,0,0
_home_max_Documents_PhD_MAPF_LNS_MAPF_LNS_SAT_mapf-map_room-64-64-8_map-_home_max_Documents_PhD_MAPF_LNS_MAPF_LNS_SAT_mapf-scen-even_scen-even_room-64-64-8-even-1_scen-agents20-idx1-seed42-1783617771916,0,12,1,1,2414,861,2,2416,1,1,3,1,1.086000,1.009000,0.069502,0,1,1,188,1181
_home_max_Documents_PhD_MAPF_LNS_MAPF_LNS_SAT_mapf-map_room-64-64-8_map-_home_max_Documents_PhD_MAPF_LNS_MAPF_LNS_SAT_mapf-scen-even_scen-even_room-64-64-8-even-1_scen-agents20-idx1-seed42-1783617771916,0,12,1,2,2416,861,0,2416,0,0,3,1,0.002000,0.001000,0.000000,0,0,0,0,0
_home_max_Documents_PhD_MAPF_LNS_MAPF_LNS_SAT_mapf-map_room-64-64-8_map-_home_max_Documents_PhD_MAPF_LNS_MAPF_LNS_SAT_mapf-scen-even_scen-even_room-64-64-8-even-1_scen-agents20-idx1-seed42-1783617771916,0,12,2,1,5877,1226,3,5880,2,1,5,2,2.432000,2.334000,0.088208,0,1,1,270,1226
_home_max_Documents_PhD_MAPF_LNS_MAPF_LNS_SAT_mapf-map_room-64-64-8_map-_home_max_Documents_PhD_MAPF_LNS_MAPF_LNS_SAT_mapf-scen-even_scen-even_room-64-64-8-even-1_scen-agents20-idx1-seed42-1783617771916,0,12,2,2,5880,1226,3,5883,2,1,7,3,0.157000,0.082000,0.074740,0,0,1,598,3184
_home_max_Documents_PhD_MAPF_LNS_MAPF_LNS_SAT_mapf-map_room-64-64-8_map-_home_max_Documents_PhD_MAPF_LNS_MAPF_LNS_SAT_mapf-scen-even_scen-even_room-64-64-8-even-1_scen-agents20-idx1-seed42-1783617771916,0,12,2,3,5883,1226,0,5883,0,0,7,3,0.001000,0.001000,0.000000,0,0,0,0,0
_home_max_Documents_PhD_MAPF_LNS_MAPF_LNS_SAT_mapf-map_room-64-64-8_map-_home_max_Documents_PhD_MAPF_LNS_MAPF_LNS_SAT_mapf-scen-even_scen-even_room-64-64-8-even-1_scen-agents20-idx1-seed42-1783617771916,0,12,3,1,23006,2433,4,23010,2,2,9,5,9.620000,9.442000,0.266906,0,1,1,437,2433
_home_max_Documents_PhD_MAPF_LNS_MAPF_LNS_SAT_mapf-map_room-64-64-8_map-_home_max_Documents_PhD_MAPF_LNS_MAPF_LNS_SAT_mapf-scen-even_scen-even_room-64-64-8-even-1_scen-agents20-idx1-seed42-1783617771916,0,12,3,2,23010,2433,3,23013,2,1,11,6,0.190000,0.103000,0.083350,0,0,1,877,4729
_home_max_Documents_PhD_MAPF_LNS_MAPF_LNS_SAT_mapf-map_room-64-64-8_map-_home_max_Documents_PhD_MAPF_LNS_MAPF_LNS_SAT_mapf-scen-even_scen-even_room-64-64-8-even-1_scen-agents20-idx1-seed42-1783617771916,0,12,3,3,23013,2433,3,23016,2,1,13,7,0.221000,0.136000,0.125822,0,0,1,1300,6978
_home_max_Documents_PhD_MAPF_LNS_MAPF_LNS_SAT_mapf-map_room-64-64-8_map-_home_max_Documents_PhD_MAPF_LNS_MAPF_LNS_SAT_mapf-scen-even_scen-even_room-64-64-8-even-1_scen-agents20-idx1-seed42-1783617771916,0,12,3,4,23016,2433,1,23017,0,1,13,8,0.173000,0.097000,0.087127,0,0,1,1599,9201
_home_max_Documents_PhD_MAPF_LNS_MAPF_LNS_SAT_mapf-map_room-64-64-8_map-_home_max_Documents_PhD_MAPF_LNS_MAPF_LNS_SAT_mapf-scen-even_scen-even_room-64-64-8-even-1_scen-agents20-idx1-seed42-1783617771916,0,12,3,5,23017,2433,1,23018,1,0,14,8,0.162000,0.090000,0.083433,0,0,1,1909,11358
_home_max_Documents_PhD_MAPF_LNS_MAPF_LNS_SAT_mapf-map_room-64-64-8_map-_home_max_Documents_PhD_MAPF_LNS_MAPF_LNS_SAT_mapf-scen-even_scen-even_room-64-64-8-even-1_scen-agents20-idx1-seed42-1783617771916,0,12,3,6,23018,2433,1,23019,1,0,15,8,0.195000,0.116000,0.110239,0,0,1,2235,13993
_home_max_Documents_PhD_MAPF_LNS_MAPF_LNS_SAT_mapf-map_room-64-64-8_map-_home_max_Documents_PhD_MAPF_LNS_MAPF_LNS_SAT_mapf-scen-even_scen-even_room-64-64-8-even-1_scen-agents20-idx1-seed42-1783617771916,0,12,3,7,23019,2433,0,23019,0,0,15,8,0.025000,0.025000,0.022708,0,0,0,2259,14537
_home_max_Documents_PhD_MAPF_LNS_MAPF_LNS_SAT_mapf-map_room-64-64-8_map-_home_max_Documents_PhD_MAPF_LNS_MAPF_LNS_SAT_mapf-scen-even_scen-even_room-64-64-8-even-1_scen-agents20-idx1-seed42-1783617771916,0,13,0,1,752668,11202,6,752674,4,2,4,2,595.431000,586.248000,5.612515,0,1,1,396,11202
_home_max_Documents_PhD_MAPF_LNS_MAPF_LNS_SAT_mapf-map_room-64-64-8_map-_home_max_Documents_PhD_MAPF_LNS_MAPF_LNS_SAT_mapf-scen-even_scen-even_room-64-64-8-even-1_scen-agents20-idx1-seed42-1783617771916,0,13,0,2,752674,11202,0,752674,0,0,4,2,571.370000,571.366000,0.000000,1,1,0,0,0
_home_max_Documents_PhD_MAPF_LNS_MAPF_LNS_SAT_mapf-map_room-64-64-8_map-_home_max_Documents_PhD_MAPF_LNS_MAPF_LNS_SAT_mapf-scen-even_scen-even_room-64-64-8-even-1_scen-agents20-idx1-seed42-1783617771916,0,13,1,1,838873,12022,4,838877,1,3,5,5,639.828000,638.156000,6.645003,0,1,1,804,23434
_home_max_Documents_PhD_MAPF_LNS_MAPF_LNS_SAT_mapf-map_room-64-64-8_map-_home_max_Documents_PhD_MAPF_LNS_MAPF_LNS_SAT_mapf-scen-even_scen-even_room-64-64-8-even-1_scen-agents20-idx1-seed42-1783617771916,0,13,1,2,838877,12022,0,838877,0,0,5,5,617.800000,617.797000,0.000000,1,1,0,0,0
_home_max_Documents_PhD_MAPF_LNS_MAPF_LNS_SAT_mapf-map_room-64-64-8_map-_home_max_Documents_PhD_MAPF_LNS_MAPF_LNS_SAT_mapf-scen-even_scen-even_room-64-64-8-even-1_scen-agents20-idx1-seed42-1783617771916,0,13,2,1,1032435,13864,4,1032439,1,3,6,8,779.286000,777.069000,7.536730,0,1,1,596,13864
_home_max_Documents_PhD_MAPF_LNS_MAPF_LNS_SAT_mapf-map_room-64-64-8_map-_home_max_Documents_PhD_MAPF_LNS_MAPF_LNS_SAT_mapf-scen-even_scen-even_room-64-64-8-even-1_scen-agents20-idx1-seed42-1783617771916,0,13,2,2,1032439,13864,7,1032446,3,4,9,12,2.842000,2.267000,2.231682,1,0,1,1807,53477
_home_max_Documents_PhD_MAPF_LNS_MAPF_LNS_SAT_mapf-map_room-64-64-8_map-_home_max_Documents_PhD_MAPF_LNS_MAPF_LNS_SAT_mapf-scen-even_scen-even_room-64-64-8-even-1_scen-agents20-idx1-seed42-1783617771916,0,13,2,3,1032446,13864,0,1032446,0,0,9,12,728.389000,728.386000,0.000000,1,1,0,0,0
_home_max_Documents_PhD_MAPF_LNS_MAPF_LNS_SAT_mapf-map_room-64-64-8_map-_home_max_Documents_PhD_MAPF_LNS_MAPF_LNS_SAT_mapf-scen-even_scen-even_room-64-64-8-even-1_scen-agents20-idx1-seed42-1783617771916,0,13,3,1,1395912,17485,5,1395917,2,3,11,15,1018.011000,1015.153000,9.846511,0,1,1,790,17488
_home_max_Documents_PhD_MAPF_LNS_MAPF_LNS_SAT_mapf-map_room-64-64-8_map-_home_max_Documents_PhD_MAPF_LNS_MAPF_LNS_SAT_mapf-scen-even_scen-even_room-64-64-8-even-1_scen-agents20-idx1-seed42-1783617771916,0,13,3,2,1395917,17485,3,1395920,1,2,12,17,1.868000,1.218000,1.135723,1,0,1,1587,34836
_home_max_Documents_PhD_MAPF_LNS_MAPF_LNS_SAT_mapf-map_room-64-64-8_map-_home_max_Documents_PhD_MAPF_LNS_MAPF_LNS_SAT_mapf-scen-even_scen-even_room-64-64-8-even-1_scen-agents20-idx1-seed42-1783617771916,0,13,3,3,1395920,17485,4,1395924,4,0,16,17,1.400000,1.027000,0.996706,1,0,1,2340,52147
_home_max_Documents_PhD_MAPF_LNS_MAPF_LNS_SAT_mapf-map_room-64-64-8_map-_home_max_Documents_PhD_MAPF_LNS_MAPF_LNS_SAT_mapf-scen-even_scen-even_room-64-64-8-even-1_scen-agents20-idx1-seed42-1783617771916,0,13,3,4,1395924,17485,2,1395926,1,1,17,18,1.337000,0.949000,0.916710,1,0,1,3106,70117
_home_max_Documents_PhD_MAPF_LNS_MAPF_LNS_SAT_mapf-map_room-64-64-8_map-_home_max_Documents_PhD_MAPF_LNS_MAPF_LNS_SAT_mapf-scen-even_scen-even_room-64-64-8-even-1_scen-agents20-idx1-seed42-1783617771916,0,13,3,5,1395926,17485,1,1395927,1,0,18,18,1.201000,0.900000,0.873511,1,0,1,3799,87268
_home_max_Documents_PhD_MAPF_LNS_MAPF_LNS_SAT_mapf-map_room-64-64-8_map-_home_max_Documents_PhD_MAPF_LNS_MAPF_LNS_SAT_mapf-scen-even_scen-even_room-64-64-8-even-1_scen-agents20-idx1-seed42-1783617771916,0,13,3,6,1395927,17485,1,1395928,1,0,19,18,1.713000,1.399000,1.377104,1,0,1,4897,117804
_home_max_Documents_PhD_MAPF_LNS_MAPF_LNS_SAT_mapf-map_room-64-64-8_map-_home_max_Documents_PhD_MAPF_LNS_MAPF_LNS_SAT_mapf-scen-even_scen-even_room-64-64-8-even-1_scen-agents20-idx1-seed42-1783617771916,0,13,3,7,1395928,17485,0,1395928,0,0,19,18,1005.249000,1005.246000,10.326113,1,1,0,923,25478
_home_max_Documents_PhD_MAPF_LNS_MAPF_LNS_SAT_mapf-map_room-64-64-8_map-_home_max_Documents_PhD_MAPF_LNS_MAPF_LNS_SAT_mapf-scen-even_scen-even_room-64-64-8-even-1_scen-agents20-idx1-seed42-1783617771916,0,14,0,1,1887491,21639,7,1887498,5,2,5,2,1629.454000,1608.928000,13.070983,0,1,1,596,21639
_home_max_Documents_PhD_MAPF_LNS_MAPF_LNS_SAT_mapf-map_room-64-64-8_map-_home_max_Documents_PhD_MAPF_LNS_MAPF_LNS_SAT_mapf-scen-even_scen-even_room-64-64-8-even-1_scen-agents20-idx1-seed42-1783617771916,0,14,0,2,1887498,21639,0,1887498,0,0,5,2,1559.266000,1559.262000,0.000000,1,1,0,0,0
_home_max_Documents_PhD_MAPF_LNS_MAPF_LNS_SAT_mapf-map_room-64-64-8_map-_home_max_Documents_PhD_MAPF_LNS_MAPF_LNS_SAT_mapf-scen-even_scen-even_room-64-64-8-even-1_scen-agents20-idx1-seed42-1783617771916,0,14,1,1,2056941,22943,5,2056946,3,2,8,4,1700.181000,1696.325000,14.919506,0,1,1,1176,38174
_home_max_Documents_PhD_MAPF_LNS_MAPF_LNS_SAT_mapf-map_room-64-64-8_map-_home_max_Documents_PhD_MAPF_LNS_MAPF_LNS_SAT_mapf-scen-even_scen-even_room-64-64-8-even-1_scen-agents20-idx1-seed42-1783617771916,0,14,1,2,2056946,22943,0,2056946,0,0,8,4,1634.663000,1634.658000,0.000000,1,1,0,0,0
_home_max_Documents_PhD_MAPF_LNS_MAPF_LNS_SAT_mapf-map_room-64-64-8_map-_home_max_Documents_PhD_MAPF_LNS_MAPF_LNS_SAT_mapf-scen-even_scen-even_room-64-64-8-even-1_scen-agents20-idx1-seed42-1783617771916,0,14,2,1,2423273,25779,6,2423279,4,2,12,6,1979.319000,1974.038000,16.848717,0,1,1,829,25782
_home_max_Documents_PhD_MAPF_LNS_MAPF_LNS_SAT_mapf-map_room-64-64-8_map-_home_max_Documents_PhD_MAPF_LNS_MAPF_LNS_SAT_mapf-scen-even_scen-even_room-64-64-8-even-1_scen-agents20-idx1-seed42-1783617771916,0,14,2,2,2423279,25779,5,2423284,3,2,15,8,4.562000,3.508000,3.459486,1,0,1,2336,84185
_home_max_Documents_PhD_MAPF_LNS_MAPF_LNS_SAT_mapf-map_room-64-64-8_map-_home_max_Documents_PhD_MAPF_LNS_MAPF_LNS_SAT_mapf-scen-even_scen-even_room-64-64-8-even-1_scen-agents20-idx1-seed42-1783617771916,0,14,2,3,2423284,25779,0,2423284,0,0,15,8,1972.952000,1972.948000,0.000000,1,1,0,0,0
_home_max_Documents_PhD_MAPF_LNS_MAPF_LNS_SAT_mapf-map_room-64-64-8_map-_home_max_Documents_PhD_MAPF_LNS_MAPF_LNS_SAT_mapf-scen-even_scen-even_room-64-64-8-even-1_scen-agents20-idx1-seed42-1783617771916,0,14,3,1,3075280,31036,9,3075289,4,5,19,13,2835.383000,2412.987000,20.927613,0,1,1,1036,31036
_home_max_Documents_PhD_MAPF_LNS_MAPF_LNS_SAT_mapf-map_room-64-64-8_map-_home_max_Documents_PhD_MAPF_LNS_MAPF_LNS_SAT_mapf-scen-even_scen-even_room-64-64-8-even-1_scen-agents20-idx1-seed42-1783617771916,0,14,3,2,3075289,31036,7,3075296,3,4,22,17,3.468000,2.557000,2.404064,1,0,1,1998,61934
_home_max_Documents_PhD_MAPF_LNS_MAPF_LNS_SAT_mapf-map_room-64-64-8_map-_home_max_Documents_PhD_MAPF_LNS_MAPF_LNS_SAT_mapf-scen-even_scen-even_room-64-64-8-even-1_scen-agents20-idx1-seed42-1783617771916,0,14,3,3,3075296,31036,4,3075300,3,1,25,18,2.739000,2.165000,2.115927,1,0,1,2987,97202
_home_max_Documents_PhD_MAPF_LNS_MAPF_LNS_SAT_mapf-map_room-64-64-8_map-_home_max_Documents_PhD_MAPF_LNS_MAPF_LNS_SAT_mapf-scen-even_scen-even_room-64-64-8-even-1_scen-agents20-idx1-seed42-1783617771916,0,14,3,4,3075300,31036,3,3075303,2,1,27,19,2.316000,1.762000,1.722777,1,0,1,4090,128239
_home_max_Documents_PhD_MAPF_LNS_MAPF_LNS_SAT_mapf-map_room-64-64-8_map-_home_max_Documents_PhD_MAPF_LNS_MAPF_LNS_SAT_mapf-scen-even_scen-even_room-64-64-8-even-1_scen-agents20-idx1-seed42-1783617771916,0,14,3,5,3075303,31036,5,3075308,3,2,30,21,2.234000,1.673000,1.635812,1,0,1,5310,159565
_home_max_Documents_PhD_MAPF_LNS_MAPF_LNS_SAT_mapf-map_room-64-64-8_map-_home_max_Documents_PhD_MAPF_LNS_MAPF_LNS_SAT_mapf-scen-even_scen-even_room-64-64-8-even-1_scen-agents20-idx1-seed42-1783617771916,0,14,3,6,3075308,31036,0,3075308,0,0,30,21,2513.451000,2513.448000,20.842988,1,1,0,667,20071
_home_max_Documents_PhD_MAPF_LNS_MAPF_LNS_SAT_mapf-map_room-64-64-8_map-_home_max_Documents_PhD_MAPF_LNS_MAPF_LNS_SAT_mapf-scen-even_scen-even_room-64-64-8-even-1_scen-agents20-idx1-seed42-1783617771916,0,15,0,1,3100037,28764,6,3100043,4,2,4,2,2813.275000,2412.503000,20.801481,0,1,1,651,28764
_home_max_Documents_PhD_MAPF_LNS_MAPF_LNS_SAT_mapf-map_room-64-64-8_map-_home_max_Documents_PhD_MAPF_LNS_MAPF_LNS_SAT_mapf-scen-even_scen-even_room-64-64-8-even-1_scen-agents20-idx1-seed42-1783617771916,0,15,0,2,3100043,28764,0,3100043,0,0,4,2,2417.422000,2417.414000,0.000000,1,1,0,0,0
_home_max_Documents_PhD_MAPF_LNS_MAPF_LNS_SAT_mapf-map_room-64-64-8_map-_home_max_Documents_PhD_MAPF_LNS_MAPF_LNS_SAT_mapf-scen-even_scen-even_room-64-64-8-even-1_scen-agents20-idx1-seed42-1783617771916,0,15,1,1,3358555,30353,5,3358560,3,2,7,4,3129.560000,2635.159000,23.876384,0,1,1,1260,50519
_home_max_Documents_PhD_MAPF_LNS_MAPF_LNS_SAT_mapf-map_room-64-64-8_map-_home_max_Documents_PhD_MAPF_LNS_MAPF_LNS_SAT_mapf-scen-even_scen-even_room-64-64-8-even-1_scen-agents20-idx1-seed42-1783617771916,0,15,1,2,3358560,30353,0,3358560,0,0,7,4,2574.507000,2574.500000,0.000000,1,1,0,0,0
_home_max_Documents_PhD_MAPF_LNS_MAPF_LNS_SAT_mapf-map_room-64-64-8_map-_home_max_Documents_PhD_MAPF_LNS_MAPF_LNS_SAT_mapf-scen-even_scen-even_room-64-64-8-even-1_scen-agents20-idx1-seed42-1783617771916,0,15,2,1,3921449,33878,6,3921455,3,3,10,7,3439.549000,2976.226000,26.212010,0,1,1,899,33892
_home_max_Documents_PhD_MAPF_LNS_MAPF_LNS_SAT_mapf-map_room-64-64-8_map-_home_max_Documents_PhD_MAPF_LNS_MAPF_LNS_SAT_mapf-scen-even_scen-even_room-64-64-8-even-1_scen-agents20-idx1-seed42-1783617771916,0,15,2,2,3921455,33878,6,3921461,3,3,13,10,5.653000,4.438000,4.385661,1,0,1,2497,111077
_home_max_Documents_PhD_MAPF_LNS_MAPF_LNS_SAT_mapf-map_room-64-64-8_map-_home_max_Documents_PhD_MAPF_LNS_MAPF_LNS_SAT_mapf-scen-even_scen-even_room-64-64-8-even-1_scen-agents20-idx1-seed42-1783617771916,0,15,2,3,3921461,33878,0,3921461,0,0,13,10,2888.700000,2888.697000,0.000000,1,1,0,0,0
_home_max_Documents_PhD_MAPF_LNS_MAPF_LNS_SAT_mapf-map_room-64-64-8_map-_home_max_Documents_PhD_MAPF_LNS_MAPF_LNS_SAT_mapf-scen-even_scen-even_room-64-64-8-even-1_scen-agents20-idx1-seed42-1783617771916,0,15,3,1,4916501,40103,8,4916509,3,5,16,15,4236.334000,3639.596000,32.818670,0,1,1,1105,40103
_home_max_Documents_PhD_MAPF_LNS_MAPF_LNS_SAT_mapf-map_room-64-64-8_map-_home_max_Documents_PhD_MAPF_LNS_MAPF_LNS_SAT_mapf-scen-even_scen-even_room-64-64-8-even-1_scen-agents20-idx1-seed42-1783617771916,0,15,3,2,4916509,40103,7,4916516,4,3,20,18,5.690000,4.237000,3.978548,1,0,1,2135,80061
_home_max_Documents_PhD_MAPF_LNS_MAPF_LNS_SAT_mapf-map_room-64-64-8_map-_home_max_Documents_PhD_MAPF_LNS_MAPF_LNS_SAT_mapf-scen-even_scen-even_room-64-64-8-even-1_scen-agents20-idx1-seed42-1783617771916,0,15,3,3,4916516,40103,4,4916520,2,2,22,20,4.259000,3.340000,3.280566,1,0,1,3233,119928
_home_max_Documents_PhD_MAPF_LNS_MAPF_LNS_SAT_mapf-map_room-64-64-8_map-_home_max_Documents_PhD_MAPF_LNS_MAPF_LNS_SAT_mapf-scen-even_scen-even_room-64-64-8-even-1_scen-agents20-idx1-seed42-1783617771916,0,15,3,4,4916520,40103,3,4916523,2,1,24,21,4.124000,2.876000,2.820127,1,0,1,4501,167933
_home_max_Documents_PhD_MAPF_LNS_MAPF_LNS_SAT_mapf-map_room-64-64-8_map-_home_max_Documents_PhD_MAPF_LNS_MAPF_LNS_SAT_mapf-scen-even_scen-even_room-64-64-8-even-1_scen-agents20-idx1-seed42-1783617771916,0,15,3,5,4916523,40103,4,4916527,2,2,26,23,3.527000,2.550000,2.498861,1,0,1,5872,207786
_home_max_Documents_PhD_MAPF_LNS_MAPF_LNS_SAT_mapf-map_room-64-64-8_map-_home_max_Documents_PhD_MAPF_LNS_MAPF_LNS_SAT_mapf-scen-even_scen-even_room-64-64-8-even-1_scen-agents20-idx1-seed42-1783617771916,0,15,3,6,4916527,40103,0,4916527,0,0,26,23,3773.146000,3773.142000,32.083190,1,1,0,704,26706
_home_max_Documents_PhD_MAPF_LNS_MAPF_LNS_SAT_mapf-map_room-64-64-8_map-_home_max_Documents_PhD_MAPF_LNS_MAPF_LNS_SAT_mapf-scen-even_scen-even_room-64-64-8-even-1_scen-agents20-idx1-seed42-1783617771916,0,16,0,1,5233800,44059,24,5233824,6,18,6,18,4646.688000,3975.102000,35.177854,0,1,1,890,44059
_home_max_Documents_PhD_MAPF_LNS_MAPF_LNS_SAT_mapf-map_room-64-64-8_map-_home_max_Documents_PhD_MAPF_LNS_MAPF_LNS_SAT_mapf-scen-even_scen-even_room-64-64-8-even-1_scen-agents20-idx1-seed42-1783617771916,0,16,0,2,5233824,44059,0,5233824,0,0,6,18,3838.933000,3838.930000,0.000000,1,1,0,0,0
_home_max_Documents_PhD_MAPF_LNS_MAPF_LNS_SAT_mapf-map_room-64-64-8_map-_home_max_Documents_PhD_MAPF_LNS_MAPF_LNS_SAT_mapf-scen-even_scen-even_room-64-64-8-even-1_scen-agents20-idx1-seed42-1783617771916,0,16,1,1,5691917,46567,9,5691926,5,4,11,22,4854.012000,4161.947000,39.769705,0,1,1,1546,71353
_home_max_Documents_PhD_MAPF_LNS_MAPF_LNS_SAT_mapf-map_room-64-64-8_map-_home_max_Documents_PhD_MAPF_LNS_MAPF_LNS_SAT_mapf-scen-even_scen-even_room-64-64-8-even-1_scen-agents20-idx1-seed42-1783617771916,0,16,1,2,5691926,46567,0,5691926,0,0,11,22,4274.192000,4274.189000,0.000000,1,1,0,0,0
_home_max_Documents_PhD_MAPF_LNS_MAPF_LNS_SAT_mapf-map_room-64-64-8_map-_home_max_Documents_PhD_MAPF_LNS_MAPF_LNS_SAT_mapf-scen-even_scen-even_room-64-64-8-even-1_scen-agents20-idx1-seed42-1783617771916,0,16,2,1,6694339,52012,8,6694347,3,5,14,27,6461.157000,5587.354000,44.681681,0,1,1,1152,52031
_home_max_Documents_PhD_MAPF_LNS_MAPF_LNS_SAT_mapf-map_room-64-64-8_map-_home_max_Documents_PhD_MAPF_LNS_MAPF_LNS_SAT_mapf-scen-even_scen-even_room-64-64-8-even-1_scen-agents20-idx1-seed42-1783617771916,0,16,2,2,6694347,52012,8,6694355,6,2,20,29,8.810000,6.937000,6.859063,1,0,1,3078,157950
_home_max_Documents_PhD_MAPF_LNS_MAPF_LNS_SAT_mapf-map_room-64-64-8_map-_home_max_Documents_PhD_MAPF_LNS_MAPF_LNS_SAT_mapf-scen-even_scen-even_room-64-64-8-even-1_scen-agents20-idx1-seed42-1783617771916,0,16,2,3,6694355,52012,0,6694355,0,0,20,29,5496.416000,5496.412000,0.000000,1,1,0,0,0
_home_max_Documents_PhD_MAPF_LNS_MAPF_LNS_SAT_mapf-map_room-64-64-8_map-_home_max_Documents_PhD_MAPF_LNS_MAPF_LNS_SAT_mapf-scen-even_scen-even_room-64-64-8-even-1_scen-agents20-idx1-seed42-1783617771916,0,16,3,1,8458796,61257,16,8458812,7,9,27,38,7895.610000,6814.792000,55.747445,0,1,1,1373,61257
_home_max_Documents_PhD_MAPF_LNS_MAPF_LNS_SAT_mapf-map_room-64-64-8_map-_home_max_Documents_PhD_MAPF_LNS_MAPF_LNS_SAT_mapf-scen-even_scen-even_room-64-64-8-even-1_scen-agents20-idx1-seed42-1783617771916,0,16,3,2,8458812,61257,8,8458820,3,5,30,43,8.998000,5.686000,5.490856,1,0,1,2674,122380
_home_max_Documents_PhD_MAPF_LNS_MAPF_LNS_SAT_mapf-map_room-64-64-8_map-_home_max_Documents_PhD_MAPF_LNS_MAPF_LNS_SAT_mapf-scen-even_scen-even_room-64-64-8-even-1_scen-agents20-idx1-seed42-1783617771916,0,16,3,3,8458820,61257,4,8458824,3,1,33,44,8.986000,6.361000,6.259458,1,0,1,4118,183500
_home_max_Documents_PhD_MAPF_LNS_MAPF_LNS_SAT_mapf-map_room-64-64-8_map-_home_max_Documents_PhD_MAPF_LNS_MAPF_LNS_SAT_mapf-scen-even_scen-even_room-64-64-8-even-1_scen-agents20-idx1-seed42-1783617771916,0,16,3,4,8458824,61257,3,8458827,2,1,35,45,8.374000,5.680000,5.592652,1,0,1,5473,244566
_home_max_Documents_PhD_MAPF_LNS_MAPF_LNS_SAT_mapf-map_room-64-64-8_map-_home_max_Documents_PhD_MAPF_LNS_MAPF_LNS_SAT_mapf-scen-even_scen-even_room-64-64-8-even-1_scen-agents20-idx1-seed42-1783617771916,0,16,3,5,8458827,61257,4,8458831,2,2,37,47,7.066000,5.081000,5.002579,1,0,1,6994,306334
_home_max_Documents_PhD_MAPF_LNS_MAPF_LNS_SAT_mapf-map_room-64-64-8_map-_home_max_Documents_PhD_MAPF_LNS_MAPF_LNS_SAT_mapf-scen-even_scen-even_room-64-64-8-even-1_scen-agents20-idx1-seed42-1783617771916,0,16,3,6,8458831,61257,0,8458831,0,0,37,47,6696.966000,6696.963000,53.233448,1,1,0,789,32060
_home_max_Documents_PhD_MAPF_LNS_MAPF_LNS_SAT_mapf-map_room-64-64-8_map-_home_max_Documents_PhD_MAPF_LNS_MAPF_LNS_SAT_mapf-scen-even_scen-even_room-64-64-8-even-1_scen-agents20-idx1-seed42-1783617771916,0,17,0,1,10142984,69113,7,10142991,5,2,5,2,9419.571000,8069.307000,66.677606,0,1,1,1233,69113
_home_max_Documents_PhD_MAPF_LNS_MAPF_LNS_SAT_mapf-map_room-64-64-8_map-_home_max_Documents_PhD_MAPF_LNS_MAPF_LNS_SAT_mapf-scen-even_scen-even_room-64-64-8-even-1_scen-agents20-idx1-seed42-1783617771916,0,17,0,2,10142991,69113,0,10142991,0,0,5,2,7977.345000,7977.341000,0.000000,1,1,0,0,0
_home_max_Documents_PhD_MAPF_LNS_MAPF_LNS_SAT_mapf-map_room-64-64-8_map-_home_max_Documents_PhD_MAPF_LNS_MAPF_LNS_SAT_mapf-scen-even_scen-even_room-64-64-8-even-1_scen-agents20-idx1-seed42-1783617771916,0,17,1,1,10916970,72668,4,10916974,3,1,8,3,9988.582000,8569.647000,72.857257,0,1,1,2165,102174
_home_max_Documents_PhD_MAPF_LNS_MAPF_LNS_SAT_mapf-map_room-64-64-8_map-_home_max_Documents_PhD_MAPF_LNS_MAPF_LNS_SAT_mapf-scen-even_scen-even_room-64-64-8-even-1_scen-agents20-idx1-seed42-1783617771916,0,17,1,2,10916974,72668,0,10916974,0,0,8,3,8448.205000,8448.199000,0.000000,1,1,0,0,0
_home_max_Documents_PhD_MAPF_LNS_MAPF_LNS_SAT_mapf-map_room-64-64-8_map-_home_max_Documents_PhD_MAPF_LNS_MAPF_LNS_SAT_mapf-scen-even_scen-even_room-64-64-8-even-1_scen-agents20-idx1-seed42-1783617771916,0,17,2,1,12575117,80090,7,12575124,5,2,13,5,12986.924000,11228.698000,82.248366,0,1,1,1513,80090
_home_max_Documents_PhD_MAPF_LNS_MAPF_LNS_SAT_mapf-map_room-64-64-8_map-_home_max_Documents_PhD_MAPF_LNS_MAPF_LNS_SAT_mapf-scen-even_scen-even_room-64-64-8-even-1_scen-agents20-idx1-seed42-1783617771916,0,17,2,2,12575124,80090,6,12575130,4,2,17,7,14.835000,9.595000,9.472222,1,0,1,3810,207854
_home_max_Documents_PhD_MAPF_LNS_MAPF_LNS_SAT_mapf-map_room-64-64-8_map-_home_max_Documents_PhD_MAPF_LNS_MAPF_LNS_SAT_mapf-scen-even_scen-even_room-64-64-8-even-1_scen-agents20-idx1-seed42-1783617771916,0,17,2,3,12575130,80090,0,12575130,0,0,17,7,11170.272000,11170.267000,0.000000,1,1,0,0,0
_home_max_Documents_PhD_MAPF_LNS_MAPF_LNS_SAT_mapf-map_room-64-64-8_map-_home_max_Documents_PhD_MAPF_LNS_MAPF_LNS_SAT_mapf-scen-even_scen-even_room-64-64-8-even-1_scen-agents20-idx1-seed42-1783617771916,0,17,3,1,15401221,92262,8,15401229,5,3,22,10,15150.582000,13107.767000,99.560747,0,1,1,1788,92262
_home_max_Documents_PhD_MAPF_LNS_MAPF_LNS_SAT_mapf-map_room-64-64-8_map-_home_max_Documents_PhD_MAPF_LNS_MAPF_LNS_SAT_mapf-scen-even_scen-even_room-64-64-8-even-1_scen-agents20-idx1-seed42-1783617771916,0,17,3,2,15401229,92262,6,15401235,2,4,24,14,35.686000,29.323000,8.213403,1,0,1,3464,184390
_home_max_Documents_PhD_MAPF_LNS_MAPF_LNS_SAT_mapf-map_room-64-64-8_map-_home_max_Documents_PhD_MAPF_LNS_MAPF_LNS_SAT_mapf-scen-even_scen-even_room-64-64-8-even-1_scen-agents20-idx1-seed42-1783617771916,0,17,3,3,15401235,92262,3,15401238,2,1,26,15,15.833000,9.715000,9.567190,1,0,1,5180,276499
_home_max_Documents_PhD_MAPF_LNS_MAPF_LNS_SAT_mapf-map_room-64-64-8_map-_home_max_Documents_PhD_MAPF_LNS_MAPF_LNS_SAT_mapf-scen-even_scen-even_room-64-64-8-even-1_scen-agents20-idx1-seed42-1783617771916,0,17,3,4,15401238,92262,3,15401241,2,1,28,16,19.153000,12.544000,12.421368,1,0,1,7942,405010
_home_max_Documents_PhD_MAPF_LNS_MAPF_LNS_SAT_mapf-map_room-64-64-8_map-_home_max_Documents_PhD_MAPF_LNS_MAPF_LNS_SAT_mapf-scen-even_scen-even_room-64-64-8-even-1_scen-agents20-idx1-seed42-1783617771916,0,17,3,5,15401241,92262,4,15401245,2,2,30,18,15.208000,9.224000,9.103716,1,0,1,10185,497022
_home_max_Documents_PhD_MAPF_LNS_MAPF_LNS_SAT_mapf-map_room-64-64-8_map-_home_max_Documents_PhD_MAPF_LNS_MAPF_LNS_SAT_mapf-scen-even_scen-even_room-64-64-8-even-1_scen-agents20-idx1-seed42-1783617771916,0,17,3,6,15401245,92262,0,15401245,0,0,30,18,13108.188000,13108.181000,95.560886,1,1,0,924,37589
_home_max_Documents_PhD_MAPF_LNS_MAPF_LNS_SAT_mapf-map_room-64-64-8_map-_home_max_Documents_PhD_MAPF_LNS_MAPF_LNS_SAT_mapf-scen-even_scen-even_room-64-64-8-even-1_scen-agents50-idx0-seed42-1783618371016,0,0,0,1,30,16,6,36,6,0,6,0,0.073000,0.060000,0.009290,0,1,1,2,16
_home_max_Documents_PhD_MAPF_LNS_MAPF_LNS_SAT_mapf-map_room-64-64-8_map-_home_max_Documents_PhD_MAPF_LNS_MAPF_LNS_SAT_mapf-scen-even_scen-even_room-64-64-8-even-1_scen-agents50-idx0-seed42-1783618371016,0,0,0,2,36,16,0,36,0,0,6,0,0.020000,0.019000,0.000000,1,1,0,0,0
_home_max_Documents_PhD_MAPF_LNS_MAPF_LNS_SAT_mapf-map_room-64-64-8_map-_home_max_Documents_PhD_MAPF_LNS_MAPF_LNS_SAT_mapf-scen-even_scen-even_room-64-64-8-even-1_scen-agents50-idx0-seed42-1783618371016,0,0,1,1,50,23,0,50,0,0,6,0,0.041000,0.034000,0.004714,0,1,1,3,23
_home_max_Documents_PhD_MAPF_LNS_MAPF_LNS_SAT_mapf-map_room-64-64-8_map-_home_max_Documents_PhD_MAPF_LNS_MAPF_LNS_SAT_mapf-scen-even_scen-even_room-64-64-8-even-1_scen-agents50-idx0-seed42-1783618371016,0,0,0,1,73,38,13,86,13,0,13,0,0.052000,0.036000,0.001639,0,1,1,2,38
_home_max_Documents_PhD_MAPF_LNS_MAPF_LNS_SAT_mapf-map_room-64-64-8_map-_home_max_Documents_PhD_MAPF_LNS_MAPF_LNS_SAT_mapf-scen-even_scen-even_room-64-64-8-even-1_scen-agents50-idx0-seed42-1783618371016,0,0,0,2,86,38,0,86,0,0,13,0,0.003000,0.002000,0.000000,0,0,0,0,0
_home_max_Documents_PhD_MAPF_LNS_MAPF_LNS_SAT_mapf-map_room-64-64-8_map-_home_max_Documents_PhD_MAPF_LNS_MAPF_LNS_SAT_mapf-scen-even_scen-even_room-64-64-8-even-1_scen-agents50-idx0-seed42-1783618371016,0,0,1,1,116,53,0,116,0,0,13,0,0.073000,0.062000,0.005539,0,1,1,2,53
_home_max_Documents_PhD_MAPF_LNS_MAPF_LNS_SAT_mapf-map_room-64-64-8_map-_home_max_Documents_PhD_MAPF_LNS_MAPF_LNS_SAT_mapf-scen-even_scen-even_room-64-64-8-even-1_scen-agents50-idx0-seed42-1783618371016,0,0,0,1,10,6,1,11,1,0,1,0,0.017000,0.011000,0.000642,0,1,1,1,6
_home_max_Documents_PhD_MAPF_LNS_MAPF_LNS_SAT_mapf-map_room-64-64-8_map-_home_max_Documents_PhD_MAPF_LNS_MAPF_LNS_SAT_mapf-scen-even_scen-even_room-64-64-8-even-1_scen-agents50-idx0-seed42-1783618371016,0,0,0,2,11,6,0,11,0,0,1,0,0.001000,0.001000,0.000000,0,0,0,0,0
_home_max_Documents_PhD_MAPF_LNS_MAPF_LNS_SAT_mapf-map_room-64-64-8_map-_home_max_Documents_PhD_MAPF_LNS_MAPF_LNS_SAT_mapf-scen-even_scen-even_room-64-64-8-even-1_scen-agents50-idx0-seed42-1783618371016,0,0,1,1,17,9,0,17,0,0,1,0,0.021000,0.016000,0.001445,0,1,1,1,9
_home_max_Documents_PhD_MAPF_LNS_MAPF_LNS_SAT_mapf-map_room-64-64-8_map-_home_max_Documents_PhD_MAPF_LNS_MAPF_LNS_SAT_mapf-scen-even_scen-even_room-64-64-8-even-1_scen-agents50-idx0-seed42-1783618371016,0,0,0,1,77,41,6,83,6,0,6,0,0.059000,0.044000,0.002971,0,1,1,9,41
_home_max_Documents_PhD_MAPF_LNS_MAPF_LNS_SAT_mapf-map_room-64-64-8_map-_home_max_Documents_PhD_MAPF_LNS_MAPF_LNS_SAT_mapf-scen-even_scen-even_room-64-64-8-even-1_scen-agents50-idx0-seed42-1783618371016,0,0,0,2,83,41,0,83,0,0,6,0,0.003000,0.002000,0.000000,0,0,0,0,0
_home_max_Documents_PhD_MAPF_LNS_MAPF_LNS_SAT_mapf-map_room-64-64-8_map-_home_max_Documents_PhD_MAPF_LNS_MAPF_LNS_SAT_mapf-scen-even_scen-even_room-64-64-8-even-1_scen-agents50-idx0-seed42-1783618371016,0,0,1,1,103,51,0,103,0,0,6,0,0.068000,0.058000,0.005995,0,1,1,7,51
_home_max_Documents_PhD_MAPF_LNS_MAPF_LNS_SAT_mapf-map_room-64-64-8_map-_home_max_Documents_PhD_MAPF_LNS_MAPF_LNS_SAT_mapf-scen-even_scen-even_room-64-64-8-even-1_scen-agents50-idx0-seed42-1783618371016,0,0,0,1,10,6,1,11,1,0,1,0,0.019000,0.013000,0.001109,0,1,1,1,6
_home_max_Documents_PhD_MAPF_LNS_MAPF_LNS_SAT_mapf-map_room-64-64-8_map-_home_max_Documents_PhD_MAPF_LNS_MAPF_LNS_SAT_mapf-scen-even_scen-even_room-64-64-8-even-1_scen-agents50-idx0-seed42-1783618371016,0,0,0,2,11,6,0,11,0,0,1,0,0.001000,0.001000,0.000000,0,0,0,0,0
_home_max_Documents_PhD_MAPF_LNS_MAPF_LNS_SAT_mapf-map_room-64-64-8_map-_home_max_Documents_PhD_MAPF_LNS_MAPF_LNS_SAT_mapf-scen-even_scen-even_room-64-64-8-even-1_scen-agents50-idx0-seed42-1783618371016,0,0,1,1,17,9,1,18,0,1,1,1,0.021000,0.016000,0.001270,0,1,1,1,9
_home_max_Documents_PhD_MAPF_LNS_MAPF_LNS_SAT_mapf-map_room-64-64-8_map-_home_max_Documents_PhD_MAPF_LNS_MAPF_LNS_SAT_mapf-scen-even_scen-even_room-64-64-8-even-1_scen-agents50-idx0-seed42-1783618371016,0,0,1,2,18,9,0,18,0,0,1,1,0.002000,0.001000,0.000000,0,0,0,0,0
_home_max_Documents_PhD_MAPF_LNS_MAPF_LNS_SAT_mapf-map_room-64-64-8_map-_home_max_Documents_PhD_MAPF_LNS_MAPF_LNS_SAT_mapf-scen-even_scen-even_room-64-64-8-even-1_scen-agents50-idx0-seed42-1783618371016,0,0,2,1,51,20,2,53,2,0,3,1,0.044000,0.037000,0.003968,0,1,1,2,20
_home_max_Documents_PhD_MAPF_LNS_MAPF_LNS_SAT_mapf-map_room-64-64-8_map-_home_max_Documents_PhD_MAPF_LNS_MAPF_LNS_SAT_mapf-scen-even_scen-even_room-64-64-8-even-1_scen-agents50-idx0-seed42-1783618371016,0,0,2,2,53,20,0,53,0,0,3,1,0.001000,0.001000,0.000000,0,0,0,0,0
_home_max_Documents_PhD_MAPF_LNS_MAPF_LNS_SAT_mapf-map_room-64-64-8_map-_home_max_Documents_PhD_MAPF_LNS_MAPF_LNS_SAT_mapf-scen-even_scen-even_room-64-64-8-even-1_scen-agents50-idx0-seed42-1783618371016,0,0,3,1,105,37,0,105,0,0,3,1,0.055000,0.055000,0.000000,0,1,0,0,0
_home_max_Documents_PhD_MAPF_LNS_MAPF_LNS_SAT_mapf-map_room-64-64-8_map-_home_max_Documents_PhD_MAPF_LNS_MAPF_LNS_SAT_mapf-scen-even_scen-even_room-64-64-8-even-1_scen-agents50-idx0-seed42-1783618371016,0,1,0,1,37,20,1,38,1,0,1,0,0.035000,0.025000,0.001829,0,1,1,4,20
_home_max_Documents_PhD_MAPF_LNS_MAPF_LNS_SAT_mapf-map_room-64-64-8_map-_home_max_Documents_PhD_MAPF_LNS_MAPF_LNS_SAT_mapf-scen-even_scen-even_room-64-64-8-even-1_scen-agents50-idx0-seed42-1783618371016,0,1,0,2,38,20,0,38,0,0,1,0,0.001000,0.001000,0.000000,0,0,0,0,0
_home_max_Documents_PhD_MAPF_LNS_MAPF_LNS_SAT_mapf-map_room-64-64-8_map-_home_max_Documents_PhD_MAPF_LNS_MAPF_LNS_SAT_mapf-scen-even_scen-even_room-64-64-8-even-1_scen-agents50-idx0-seed42-1783618371016,0,1,1,1,63,30,1,64,1,0,2,0,0.050000,0.041000,0.004901,0,1,1,10,42
_home_max_Documents_PhD_MAPF_LNS_MAPF_LNS_SAT_mapf-map_room-64-64-8_map-_home_max_Documents_PhD_MAPF_LNS_MAPF_LNS_SAT_mapf-scen-even_scen-even_room-64-64-8-even-1_scen-agents50-idx0-seed42-1783618371016,0,1,1,2,64,30,0,64,0,0,2,0,0.001000,0.000000,0.000000,0,0,0,0,0
_home_max_Documents_PhD_MAPF_LNS_MAPF_LNS_SAT_mapf-map_room-64-64-8_map-_home_max_Documents_PhD_MAPF_LNS_MAPF_LNS_SAT_mapf-scen-even_scen-even_room-64-64-8-even-1_scen-agents50-idx0-seed42-1783618371016,0,1,2,1,252,66,1,253,0,1,2,1,0.133000,0.123000,0.008127,0,1,1,22,66
_home_max_Documents_PhD_MAPF_LNS_MAPF_LNS_SAT_mapf-map_room-64-64-8_map-_home_max_Documents_PhD_MAPF_LNS_MAPF_LNS_SAT_mapf-scen-even_scen-even_room-64-64-8-even-1_scen-agents50-idx0-seed42-1783618371016,0,1,2,2,253,66,2,255,1,1,3,2,0.024000,0.014000,0.010501,1,0,1,40,154
_home_max_Documents_PhD_MAPF_LNS_MAPF_LNS_SAT_mapf-map_room-64-64-8_map-_home_max_Documents_PhD_MAPF_LNS_MAPF_LNS_SAT_mapf-scen-even_scen-even_room-64-64-8-even-1_scen-agents50-idx0-seed42-1783618371016,0,1,2,3,255,66,0,255,0,0,3,2,0.132000,0.131000,0.013548,1,1,0,5,48
_home_max_Documents_PhD_MAPF_LNS_MAPF_LNS_SAT_mapf-map_room-64-64-8_map-_home_max_Documents_PhD_MAPF_LNS_MAPF_LNS_SAT_mapf-scen-even_scen-even_room-64-64-8-even-1_scen-agents50-idx0-seed42-1783618371016,0,1,3,1,785,129,1,786,1,0,4,2,0.347000,0.336000,0.015652,0,1,1,36,129
_home_max_Documents_PhD_MAPF_LNS_MAPF_LNS_SAT_mapf-map_room-64-64-8_map-_home_max_Documents_PhD_MAPF_LNS_MAPF_LNS_SAT_mapf-scen-even_scen-even_room-64-64-8-even-1_scen-agents50-idx0-seed42-1783618371016,0,1,3,2,786,129,0,786,0,0,4,2,0.016000,0.009000,0.005470,1,0,1,69,241
_home_max_Documents_PhD_MAPF_LNS_MAPF_LNS_SAT_mapf-map_room-64-64-8_map-_home_max_Documents_PhD_MAPF_LNS_MAPF_LNS_SAT_mapf-scen-even_scen-even_room-64-64-8-even-1_scen-agents50-idx0-seed42-1783618371016,0,0,0,1,10,6,1,11,1,0,1,0,0.017000,0.011000,0.000566,0,1,1,1,6
_home_max_Documents_PhD_MAPF_LNS_MAPF_LNS_SAT_mapf-map_room-64-64-8_map-_home_max_Documents_PhD_MAPF_LNS_MAPF_LNS_SAT_mapf-scen-even_scen-even_room-64-64-8-even-1_scen-agents50-idx0-seed42-1783618371016,0,0,0,2,11,6,0,11,0,0,1,0,0.001000,0.001000,0.000000,0,0,0,0,0
_home_max_Documents_PhD_MAPF_LNS_MAPF_LNS_SAT_mapf-map_room-64-64-8_map-_home_max_Documents_PhD_MAPF_LNS_MAPF_LNS_SAT_mapf-scen-even_scen-even_room-64-64-8-even-1_scen-agents50-idx0-seed42-1783618371016,0,0,1,1,17,9,1,18,0,1,1,1,0.023000,0.017000,0.001491,0,1,1,1,9
_home_max_Documents_PhD_MAPF_LNS_MAPF_LNS_SAT_mapf-map_room-64-64-8_map-_home_max_Documents_PhD_MAPF_LNS_MAPF_LNS_SAT_mapf-scen-even_scen-even_room-64-64-8-even-1_scen-agents50-idx0-seed42-1783618371016,0,0,1,2,18,9,0,18,0,0,1,1,0.001000,0.001000,0.000000,0,0,0,0,0
_home_max_Documents_PhD_MAPF_LNS_MAPF_LNS_SAT_mapf-map_room-64-64-8_map-_home_max_Documents_PhD_MAPF_LNS_MAPF_LNS_SAT_mapf-scen-even_scen-even_room-64-64-8-even-1_scen-agents50-idx0-seed42-1783618371016,0,0,2,1,50,19,1,51,1,0,2,1,0.045000,0.039000,0.004028,0,1,1,2,19
_home_max_Documents_PhD_MAPF_LNS_MAPF_LNS_SAT_mapf-map_room-64-64-8_map-_home_max_Documents_PhD_MAPF_LNS_MAPF_LNS_SAT_mapf-scen-even_scen-even_room-64-64-8-even-1_scen-agents50-idx0-seed42-1783618371016,0,0,2,2,51,19,0,51,0,0,2,1,0.001000,0.001000,0.000000,0,0,0,0,0
_home_max_Documents_PhD_MAPF_LNS_MAPF_LNS_SAT_mapf-map_room-64-64-8_map-_home_max_Documents_PhD_MAPF_LNS_MAPF_LNS_SAT_mapf-scen-even_scen-even_room-64-64-8-even-1_scen-agents50-idx0-seed42-1783618371016,0,0,3,1,99,34,0,99,0,0,2,1,0.053000,0.052000,0.000000,0,1,0,0,0
_home_max_Documents_PhD_MAPF_LNS_MAPF_LNS_SAT_mapf-map_room-64-64-8_map-_home_max_Documents_PhD_MAPF_LNS_MAPF_LNS_SAT_mapf-scen-even_scen-even_room-64-64-8-even-1_scen-agents50-idx0-seed42-1783618371016,0,1,0,1,30,16,1,31,1,0,1,0,0.029000,0.021000,0.001294,0,1,1,3,16
_home_max_Documents_PhD_MAPF_LNS_MAPF_LNS_SAT_mapf-map_room-64-64-8_map-_home_max_Documents_PhD_MAPF_LNS_MAPF_LNS_SAT_mapf-scen-even_scen-even_room-64-64-8-even-1_scen-agents50-idx0-seed42-1783618371016,0,1,0,2,31,16,0,31,0,0,1,0,0.001000,0.001000,0.000000,0,0,0,0,0
_home_max_Documents_PhD_MAPF_LNS_MAPF_LNS_SAT_mapf-map_room-64-64-8_map-_home_max_Documents_PhD_MAPF_LNS_MAPF_LNS_SAT_mapf-scen-even_scen-even_room-64-64-8-even-1_scen-agents50-idx0-seed42-1783618371016,0,1,1,1,45,23,1,46,0,1,1,1,0.038000,0.031000,0.003719,0,1,1,4,23
_home_max_Documents_PhD_MAPF_LNS_MAPF_LNS_SAT_mapf-map_room-64-64-8_map-_home_max_Documents_PhD_MAPF_LNS_MAPF_LNS_SAT_mapf-scen-even_scen-even_room-64-64-8-even-1_scen-agents50-idx0-seed42-1783618371016,0,1,1,2,46,23,0,46,0,0,1,1,0.009000,0.004000,0.000431,0,0,1,6,31
_home_max_Documents_PhD_MAPF_LNS_MAPF_LNS_SAT_mapf-map_room-64-64-8_map-_home_max_Documents_PhD_MAPF_LNS_MAPF_LNS_SAT_mapf-scen-even_scen-even_room-64-64-8-even-1_scen-agents50-idx0-seed42-1783618371016,0,0,0,1,10,6,1,11,1,0,1,0,0.015000,0.010000,0.000479,0,1,1,1,6
_home_max_Documents_PhD_MAPF_LNS_MAPF_LNS_SAT_mapf-map_room-64-64-8_map-_home_max_Documents_PhD_MAPF_LNS_MAPF_LNS_SAT_mapf-scen-even_scen-even_room-64-64-8-even-1_scen-agents50-idx0-seed42-1783618371016,0,0,0,2,11,6,0,11,0,0,1,0,0.001000,0.001000,0.000000,0,0,0,0,0
_home_max_Documents_PhD_MAPF_LNS_MAPF_LNS_SAT_mapf-map_room-64-64-8_map-_home_max_Documents_PhD_MAPF_LNS_MAPF_LNS_SAT_mapf-scen-even_scen-even_room-64-64-8-even-1_scen-agents50-idx0-seed42-1783618371016,0,0,1,1,17,9,1,18,0,1,1,1,0.023000,0.017000,0.001263,0,1,1,1,9
_home_max_Documents_PhD_MAPF_LNS_MAPF_LNS_SAT_mapf-map_room-64-64-8_map-_home_max_Documents_PhD_MAPF_LNS_MAPF_LNS_SAT_mapf-scen-even_scen-even_room-64-64-8-even-1_scen-agents50-idx0-seed42-1783618371016,0,0,1,2,18,9,0,18,0,0,1,1,0.001000,0.001000,0.000000,0,0,0,0,0
_home_max_Documents_PhD_MAPF_LNS_MAPF_LNS_SAT_mapf-map_room-64-64-8_map-_home_max_Documents_PhD_MAPF_LNS_MAPF_LNS_SAT_mapf-scen-even_scen-even_room-64-64-8-even-1_scen-agents50-idx0-seed42-1783618371016,0,0,2,1,40,17,1,41,1,0,2,1,0.037000,0.032000,0.003531,0,1,1,2,17
_home_max_Documents_PhD_MAPF_LNS_MAPF_LNS_SAT_mapf-map_room-64-64-8_map-_home_max_Documents_PhD_MAPF_LNS_MAPF_LNS_SAT_mapf-scen-even_scen-even_room-64-64-8-even-1_scen-agents50-idx0-seed42-1783618371016,0,0,2,2,41,17,0,41,0,0,2,1,0.001000,0.001000,0.000000,0,0,0,0,0
_home_max_Documents_PhD_MAPF_LNS_MAPF_LNS_SAT_mapf-map_room-64-64-8_map-_home_max_Documents_PhD_MAPF_LNS_MAPF_LNS_SAT_mapf-scen-even_scen-even_room-64-64-8-even-1_scen-agents50-idx0-seed42-1783618371016,0,0,3,1,75,30,0,75,0,0,2,1,0.041000,0.040000,0.000000,0,1,0,0,0
_home_max_Documents_PhD_MAPF_LNS_MAPF_LNS_SAT_mapf-map_room-64-64-8_map-_home_max_Documents_PhD_MAPF_LNS_MAPF_LNS_SAT_mapf-scen-even_scen-even_room-64-64-8-even-1_scen-agents50-idx0-seed42-1783618371016,0,1,0,1,36,19,0,36,0,0,0,0,0.031000,0.024000,0.001636,0,1,1,3,19
_home_max_Documents_PhD_MAPF_LNS_MAPF_LNS_SAT_mapf-map_room-64-64-8_map-_home_max_Documents_PhD_MAPF_LNS_MAPF_LNS_SAT_mapf-scen-even_scen-even_room-64-64-8-even-1_scen-agents50-idx0-seed42-1783618371016,0,0,0,1,10,6,1,11,0,1,0,1,0.018000,0.012000,0.000574,0,1,1,1,6
_home_max_Documents_PhD_MAPF_LNS_MAPF_LNS_SAT_mapf-map_room-64-64-8_map-_home_max_Documents_PhD_MAPF_LNS_MAPF_LNS_SAT_mapf-scen-even_scen-even_room-64-64-8-even-1_scen-agents50-idx0-seed42-1783618371016,0,0,0,2,11,6,0,11,0,0,0,1,0.002000,0.001000,0.000000,0,0,0,0,0
_home_max_Documents_PhD_MAPF_LNS_MAPF_LNS_SAT_mapf-map_room-64-64-8_map-_home_max_Documents_PhD_MAPF_LNS_MAPF_LNS_SAT_mapf-scen-even_scen-even_room-64-64-8-even-1_scen-agents50-idx0-seed42-1783618371016,0,0,1,1,19,10,1,20,1,0,1,1,0.024000,0.018000,0.001215,0,1,1,2,10
_home_max_Documents_PhD_MAPF_LNS_MAPF_LNS_SAT_mapf-map_room-64-64-8_map-_home_max_Documents_PhD_MAPF_LNS_MAPF_LNS_SAT_mapf-scen-even_scen-even_room-64-64-8-even-1_scen-agents50-idx0-seed42-1783618371016,0,0,1,2,20,10,0,20,0,0,1,1,0.001000,0.001000,0.000000,0,0,0,0,0
_home_max_Documents_PhD_MAPF_LNS_MAPF_LNS_SAT_mapf-map_room-64-64-8_map-_home_max_Documents_PhD_MAPF_LNS_MAPF_LNS_SAT_mapf-scen-even_scen-even_room-64-64-8-even-1_scen-agents50-idx0-seed42-1783618371016,0,0,2,1,68,25,1,69,0,1,1,2,0.050000,0.043000,0.003920,0,1,1,11,25
_home_max_Documents_PhD_MAPF_LNS_MAPF_LNS_SAT_mapf-map_room-64-64-8_map-_home_max_Documents_PhD_MAPF_LNS_MAPF_LNS_SAT_mapf-scen-even_scen-even_room-64-64-8-even-1_scen-agents50-idx0-seed42-1783618371016,0,0,2,2,69,25,1,70,1,0,2,2,0.010000,0.005000,0.001410,0,0,1,13,42
_home_max_Documents_PhD_MAPF_LNS_MAPF_LNS_SAT_mapf-map_room-64-64-8_map-_home_max_Documents_PhD_MAPF_LNS_MAPF_LNS_SAT_mapf-scen-even_scen-even_room-64-64-8-even-1_scen-agents50-idx0-seed42-1783618371016,0,0,2,3,70,25,0,70,0,0,2,2,0.003000,0.003000,0.001434,0,0,0,15,56
_home_max_Documents_PhD_MAPF_LNS_MAPF_LNS_SAT_mapf-map_room-64-64-8_map-_home_max_Documents_PhD_MAPF_LNS_MAPF_LNS_SAT_mapf-scen-even_scen-even_room-64-64-8-even-1_scen-agents50-idx0-seed42-1783618371016,0,0,3,1,157,46,1,158,0,1,2,3,0.090000,0.084000,0.005984,0,1,1,16,46
_home_max_Documents_PhD_MAPF_LNS_MAPF_LNS_SAT_mapf-map_room-64-64-8_map-_home_max_Documents_PhD_MAPF_LNS_MAPF_LNS_SAT_mapf-scen-even_scen-even_room-64-64-8-even-1_scen-agents50-idx0-seed42-1783618371016,0,0,3,2,158,46,0,158,0,0,2,3,0.010000,0.005000,0.002159,0,0,1,27,83
_home_max_Documents_PhD_MAPF_LNS_MAPF_LNS_SAT_mapf-map_room-64-64-8_map-_home_max_Documents_PhD_MAPF_LNS_MAPF_LNS_SAT_mapf-scen-even_scen-even_room-64-64-8-even-1_scen-agents50-idx0-seed42-1783618371016,0,0,0,1,32,18,4,36,2,2,2,2,0.040000,0.026000,0.001323,0,1,1,1,18
_home_max_Documents_PhD_MAPF_LNS_MAPF_LNS_SAT_mapf-map_room-64-64-8_map-_home_max_Documents_PhD_MAPF_LNS_MAPF_LNS_SAT_mapf-scen-even_scen-even_room-64-64-8-even-1_scen-agents50-idx0-seed42-1783618371016,0,0,0,2,36,18,0,36,0,0,2,2,0.002000,0.001000,0.000000,0,0,0,0,0
_home_max_Documents_PhD_MAPF_LNS_MAPF_LNS_SAT_mapf-map_room-64-64-8_map-_home_max_Documents_PhD_MAPF_LNS_MAPF_LNS_SAT_mapf-scen-even_scen-even_room-64-64-8-even-1_scen-agents50-idx0-seed42-1783618371016,0,0,1,1,59,30,5,64,3,2,5,4,0.057000,0.045000,0.004452,0,1,1,3,30
_home_max_Documents_PhD_MAPF_LNS_MAPF_LNS_SAT_mapf-map_room-64-64-8_map-_home_max_Documents_PhD_MAPF_LNS_MAPF_LNS_SAT_mapf-scen-even_scen-even_room-64-64-8-even-1_scen-agents50-idx0-seed42-1783618371016,0,0,1,2,64,30,0,64,0,0,5,4,0.002000,0.001000,0.000000,0,0,0,0,0
_home_max_Documents_PhD_MAPF_LNS_MAPF_LNS_SAT_mapf-map_room-64-64-8_map-_home_max_Documents_PhD_MAPF_LNS_MAPF_LNS_SAT_mapf-scen-even_scen-even_room-64-64-8-even-1_scen-agents50-idx0-seed42-1783618371016,0,0,2,1,330,101,5,335,3,2,8,6,0.179000,0.164000,0.010840,0,1,1,35,101
_home_max_Documents_PhD_MAPF_LNS_MAPF_LNS_SAT_mapf-map_room-64-64-8_map-_home_max_Documents_PhD_MAPF_LNS_MAPF_LNS_SAT_mapf-scen-even_scen-even_room-64-64-8-even-1_scen-agents50-idx0-seed42-1783618371016,0,0,2,2,335,101,0,335,0,0,8,6,0.002000,0.002000,0.000000,0,0,0,0,0
_home_max_Documents_PhD_MAPF_LNS_MAPF_LNS_SAT_mapf-map_room-64-64-8_map-_home_max_Documents_PhD_MAPF_LNS_MAPF_LNS_SAT_mapf-scen-even_scen-even_room-64-64-8-even-1_scen-agents50-idx0-seed42-1783618371016,0,0,3,1,849,194,17,866,11,6,19,12,0.402000,0.379000,0.020684,0,1,1,56,194
_home_max_Documents_PhD_MAPF_LNS_MAPF_LNS_SAT_mapf-map_room-64-64-8_map-_home_max_Documents_PhD_MAPF_LNS_MAPF_LNS_SAT_mapf-scen-even_scen-even_room-64-64-8-even-1_scen-agents50-idx0-seed42-1783618371016,0,0,3,2,866,194,0,866,0,0,19,12,0.002000,0.002000,0.000000,0,0,0,0,0
_home_max_Documents_PhD_MAPF_LNS_MAPF_LNS_SAT_mapf-map_room-64-64-8_map-_home_max_Documents_PhD_MAPF_LNS_MAPF_LNS_SAT_mapf-scen-even_scen-even_room-64-64-8-even-1_scen-agents50-idx0-seed42-1783618371016,0,0,4,1,1914,381,27,1941,15,12,34,24,0.847000,0.809000,0.049076,0,1,1,105,392
_home_max_Documents_PhD_MAPF_LNS_MAPF_LNS_SAT_mapf-map_room-64-64-8_map-_home_max_Documents_PhD_MAPF_LNS_MAPF_LNS_SAT_mapf-scen-even_scen-even_room-64-64-8-even-1_scen-agents50-idx0-seed42-1783618371016,0,0,4,2,1941,381,0,1941,0,0,34,24,0.031000,0.008000,0.000000,0,0,0,0,0
_home_max_Documents_PhD_MAPF_LNS_MAPF_LNS_SAT_mapf-map_room-64-64-8_map-_home_max_Documents_PhD_MAPF_LNS_MAPF_LNS_SAT_mapf-scen-even_scen-even_room-64-64-8-even-1_scen-agents50-idx0-seed42-1783618371016,0,0,5,1,4061,738,49,4110,39,10,73,34,1.750000,1.628000,0.085053,0,1,1,181,753
_home_max_Documents_PhD_MAPF_LNS_MAPF_LNS_SAT_mapf-map_room-64-64-8_map-_home_max_Documents_PhD_MAPF_LNS_MAPF_LNS_SAT_mapf-scen-even_scen-even_room-64-64-8-even-1_scen-agents50-idx0-seed42-1783618371016,0,0,5,2,4110,738,0,4110,0,0,73,34,1.577000,1.574000,0.000000,1,1,0,0,0
_home_max_Documents_PhD_MAPF_LNS_MAPF_LNS_SAT_mapf-map_room-64-64-8_map-_home_max_Documents_PhD_MAPF_LNS_MAPF_LNS_SAT_mapf-scen-even_scen-even_room-64-64-8-even-1_scen-agents50-idx0-seed42-1783618371016,0,0,6,1,7789,1319,117,7906,76,41,149,75,3.320000,3.189000,0.172685,0,1,1,357,1639
_home_max_Documents_PhD_MAPF_LNS_MAPF_LNS_SAT_mapf-map_room-64-64-8_map-_home_max_Documents_PhD_MAPF_LNS_MAPF_LNS_SAT_mapf-scen-even_scen-even_room-64-64-8-even-1_scen-agents50-idx0-seed42-1783618371016,0,0,6,2,7906,1319,0,7906,0,0,149,75,3.116000,3.114000,0.000000,1,1,0,0,0
_home_max_Documents_PhD_MAPF_LNS_MAPF_LNS_SAT_mapf-map_room-64-64-8_map-_home_max_Documents_PhD_MAPF_LNS_MAPF_LNS_SAT_mapf-scen-even_scen-even_room-64-64-8-even-1_scen-agents50-idx0-seed42-1783618371016,0,0,7,1,12363,2009,282,12645,163,119,312,194,9.261000,8.829000,0.368284,0,1,1,464,2014
_home_max_Documents_PhD_MAPF_LNS_MAPF_LNS_SAT_mapf-map_room-64-64-8_map-_home_max_Documents_PhD_MAPF_LNS_MAPF_LNS_SAT_mapf-scen-even_scen-even_room-64-64-8-even-1_scen-agents50-idx0-seed42-1783618371016,0,0,7,2,12645,2009,0,12645,0,0,312,194,5.765000,5.760000,0.000000,1,1,0,0,0
_home_max_Documents_PhD_MAPF_LNS_MAPF_LNS_SAT_mapf-map_room-64-64-8_map-_home_max_Documents_PhD_MAPF_LNS_MAPF_LNS_SAT_mapf-scen-even_scen-even_room-64-64-8-even-1_scen-agents50-idx0-seed42-1783618371016,0,0,8,1,19182,3047,429,19611,262,167,574,361,8.254000,7.866000,0.332535,0,1,1,581,3056
_home_max_Documents_PhD_MAPF_LNS_MAPF_LNS_SAT_mapf-map_room-64-64-8_map-_home_max_Documents_PhD_MAPF_LNS_MAPF_LNS_SAT_mapf-scen-even_scen-even_room-64-64-8-even-1_scen-agents50-idx0-seed42-1783618371016,0,0,8,2,19611,3047,235,19846,192,43,766,404,0.649000,0.391000,0.196962,1,0,1,1174,6019
_home_max_Documents_PhD_MAPF_LNS_MAPF_LNS_SAT_mapf-map_room-64-64-8_map-_home_max_Documents_PhD_MAPF_LNS_MAPF_LNS_SAT_mapf-scen-even_scen-even_room-64-64-8-even-1_scen-agents50-idx0-seed42-1783618371016,0,0,8,3,19846,3047,167,20013,137,30,903,434,0.561000,0.343000,0.243489,1,0,1,2130,9878
_home_max_Documents_PhD_MAPF_LNS_MAPF_LNS_SAT_mapf-map_room-64-64-8_map-_home_max_Documents_PhD_MAPF_LNS_MAPF_LNS_SAT_mapf-scen-even_scen-even_room-64-64-8-even-1_scen-agents50-idx0-seed42-1783618371016,0,0,8,4,20013,3047,145,20158,114,31,1017,465,0.552000,0.348000,0.272282,1,0,1,3175,14603
_home_max_Documents_PhD_MAPF_LNS_MAPF_LNS_SAT_mapf-map_room-64-64-8_map-_home_max_Documents_PhD_MAPF_LNS_MAPF_LNS_SAT_mapf-scen-even_scen-even_room-64-64-8-even-1_scen-agents50-idx0-seed42-1783618371016,0,0,8,5,20158,3047,101,20259,75,26,1092,491,0.560000,0.382000,0.310405,1,0,1,4408,20175
_home_max_Documents_PhD_MAPF_LNS_MAPF_LNS_SAT_mapf-map_room-64-64-8_map-_home_max_Documents_PhD_MAPF_LNS_MAPF_LNS_SAT_mapf-scen-even_scen-even_room-64-64-8-even-1_scen-agents50-idx0-seed42-1783618371016,0,0,8,6,20259,3047,112,20371,78,34,1170,525,0.602000,0.413000,0.355789,1,0,1,5973,27054
_home_max_Documents_PhD_MAPF_LNS_MAPF_LNS_SAT_mapf-map_room-64-64-8_map-_home_max_Documents_PhD_MAPF_LNS_MAPF_LNS_SAT_mapf-scen-even_scen-even_room-64-64-8-even-1_scen-agents50-idx0-seed42-1783618371016,0,0,8,7,20371,3047,94,20465,68,26,1238,551,0.647000,0.468000,0.412959,1,0,1,7170,33506
_home_max_Documents_PhD_MAPF_LNS_MAPF_LNS_SAT_mapf-map_room-64-64-8_map-_home_max_Documents_PhD_MAPF_LNS_MAPF_LNS_SAT_mapf-scen-even_scen-even_room-64-64-8-even-1_scen-agents50-idx0-seed42-1783618371016,0,0,8,8,20465,3047,99,20564,77,22,1315,573,0.768000,0.583000,0.532026,1,0,1,8647,41878
_home_max_Documents_PhD_MAPF_LNS_MAPF_LNS_SAT_mapf-map_room-64-64-8_map-_home_max_Documents_PhD_MAPF_LNS_MAPF_LNS_SAT_mapf-scen-even_scen-even_room-64-64-8-even-1_scen-agents50-idx0-seed42-1783618371016,0,0,8,9,20564,3047,109,20673,87,22,1402,595,0.990000,0.802000,0.746856,1,0,1,10325,52452
_home_max_Documents_PhD_MAPF_LNS_MAPF_LNS_SAT_mapf-map_room-64-64-8_map-_home_max_Documents_PhD_MAPF_LNS_MAPF_LNS_SAT_mapf-scen-even_scen-even_room-64-64-8-even-1_scen-agents50-idx0-seed42-1783618371016,0,0,8,10,20673,3047,82,20755,60,22,1462,617,0.827000,0.657000,0.599947,1,0,1,11180,57189
_home_max_Documents_PhD_MAPF_LNS_MAPF_LNS_SAT_mapf-map_room-64-64-8_map-_home_max_Documents_PhD_MAPF_LNS_MAPF_LNS_SAT_mapf-scen-even_scen-even_room-64-64-8-even-1_scen-agents50-idx0-seed42-1783618371016,0,0,8,11,20755,3047,87,20842,64,23,1526,640,0.796000,0.625000,0.578756,1,0,1,12359,64846
_home_max_Documents_PhD_MAPF_LNS_MAPF_LNS_SAT_mapf-map_room-64-64-8_map-_home_max_Documents_PhD_MAPF_LNS_MAPF_LNS_SAT_mapf-scen-even_scen-even_room-64-64-8-even-1_scen-agents50-idx0-seed42-1783618371016,0,0,8,12,20842,3047,77,20919,56,21,1582,661,0.793000,0.623000,0.574510,1,0,1,13486,72465
_home_max_Documents_PhD_MAPF_LNS_MAPF_LNS_SAT_mapf-map_room-64-64-8_map-_home_max_Documents_PhD_MAPF_LNS_MAPF_LNS_SAT_mapf-scen-even_scen-even_room-64-64-8-even-1_scen-agents50-idx0-seed42-1783618371016,0,0,8,13,20919,3047,59,20978,40,19,1622,680,0.670000,0.511000,0.466439,1,0,1,14245,78130
_home_max_Documents_PhD_MAPF_LNS_MAPF_LNS_SAT_mapf-map_room-64-64-8_map-_home_max_Documents_PhD_MAPF_LNS_MAPF_LNS_SAT_mapf-scen-even_scen-even_room-64-64-8-even-1_scen-agents50-idx0-seed42-1783618371016,0,0,8,14,20978,3047,85,21063,66,19,1688,699,0.607000,0.439000,0.403240,1,0,1,14953,82730
_home_max_Documents_PhD_MAPF_LNS_MAPF_LNS_SAT_mapf-map_room-64-64-8_map-_home_max_Documents_PhD_MAPF_LNS_MAPF_LNS_SAT_mapf-scen-even_scen-even_room-64-64-8-even-1_scen-agents50-idx0-seed42-1783618371016,0,0,8,15,21063,3047,79,21142,61,18,1749,717,0.803000,0.635000,0.589895,1,0,1,16139,89667
_home_max_Documents_PhD_MAPF_LNS_MAPF_LNS_SAT_mapf-map_room-64-64-8_map-_home_max_Documents_PhD_MAPF_LNS_MAPF_LNS_SAT_mapf-scen-even_scen-even_room-64-64-8-even-1_scen-agents50-idx0-seed42-1783618371016,0,0,8,16,21142,3047,77,21219,58,19,1807,736,0.739000,0.570000,0.531290,1,0,1,17025,95919
_home_max_Documents_PhD_MAPF_LNS_MAPF_LNS_SAT_mapf-map_room-64-64-8_map-_home_max_Documents_PhD_MAPF_LNS_MAPF_LNS_SAT_mapf-scen-even_scen-even_room-64-64-8-even-1_scen-agents50-idx0-seed42-1783618371016,0,0,8,17,21219,3047,72,21291,51,21,1858,757,0.623000,0.464000,0.421880,1,0,1,17657,100740
_home_max_Documents_PhD_MAPF_LNS_MAPF_LNS_SAT_mapf-map_room-64-64-8_map-_home_max_Documents_PhD_MAPF_LNS_MAPF_LNS_SAT_mapf-scen-even_scen-even_room-64-64-8-even-1_scen-agents50-idx0-seed42-1783618371016,0,0,8,18,21291,3047,89,21380,71,18,1929,775,1.466000,1.290000,1.250719,1,0,1,19195,112921
_home_max_Documents_PhD_MAPF_LNS_MAPF_LNS_SAT_mapf-map_room-64-64-8_map-_home_max_Documents_PhD_MAPF_LNS_MAPF_LNS_SAT_mapf-scen-even_scen-even_room-64-64-8-even-1_scen-agents50-idx0-seed42-1783618371016,0,0,8,19,21380,3047,69,21449,53,16,1982,791,0.598000,0.444000,0.394202,1,0,1,19806,116946
_home_max_Documents_PhD_MAPF_LNS_MAPF_LNS_SAT_mapf-map_room-64-64-8_map-_home_max_Documents_PhD_MAPF_LNS_MAPF_LNS_SAT_mapf-scen-even_scen-even_room-64-64-8-even-1_scen-agents50-idx0-seed42-1783618371016,0,0,8,20,21449,3047,73,21522,58,15,2040,806,0.571000,0.412000,0.373412,1,0,1,20280,120329
_home_max_Documents_PhD_MAPF_LNS_MAPF_LNS_SAT_mapf-map_room-64-64-8_map-_home_max_Documents_PhD_MAPF_LNS_MAPF_LNS_SAT_mapf-scen-even_scen-even_room-64-64-8-even-1_scen-agents50-idx0-seed42-1783618371016,0,0,8,21,21522,3047,79,21601,60,19,2100,825,0.737000,0.570000,0.532278,1,0,1,21027,125956
_home_max_Documents_PhD_MAPF_LNS_MAPF_LNS_SAT_mapf-map_room-64-64-8_map-_home_max_Documents_PhD_MAPF_LNS_MAPF_LNS_SAT_mapf-scen-even_scen-even_room-64-64-8-even-1_scen-agents50-idx0-seed42-1783618371016,0,0,8,22,21601,3047,65,21666,48,17,2148,842,0.588000,0.434000,0.389423,1,0,1,21506,129570
_home_max_Documents_PhD_MAPF_LNS_MAPF_LNS_SAT_mapf-map_room-64-64-8_map-_home_max_Documents_PhD_MAPF_LNS_MAPF_LNS_SAT_mapf-scen-even_scen-even_room-64-64-8-even-1_scen-agents50-idx0-seed42-1783618371016,0,0,8,23,21666,3047,62,21728,42,20,2190,862,0.678000,0.519000,0.484369,1,0,1,22127,134499
_home_max_Documents_PhD_MAPF_LNS_MAPF_LNS_SAT_mapf-map_room-64-64-8_map-_home_max_Documents_PhD_MAPF_LNS_MAPF_LNS_SAT_mapf-scen-even_scen-even_room-64-64-8-even-1_scen-agents50-idx0-seed42-1783618371016,0,0,8,24,21728,3047,68,21796,51,17,2241,879,1.108000,0.948000,0.911255,1,0,1,23513,144354
_home_max_Documents_PhD_MAPF_LNS_MAPF_LNS_SAT_mapf-map_room-64-64-8_map-_home_max_Documents_PhD_MAPF_LNS_MAPF_LNS_SAT_mapf-scen-even_scen-even_room-64-64-8-even-1_scen-agents50-idx0-seed42-1783618371016,0,0,8,25,21796,3047,70,21866,51,19,2292,898,0.872000,0.710000,0.669607,1,0,1,24587,152494
_home_max_Documents_PhD_MAPF_LNS_MAPF_LNS_SAT_mapf-map_room-64-64-8_map-_home_max_Documents_PhD_MAPF_LNS_MAPF_LNS_SAT_mapf-scen-even_scen-even_room-64-64-8-even-1_scen-agents50-idx0-seed42-1783618371016,0,0,8,26,21866,3047,81,21947,64,17,2356,915,1.054000,0.878000,0.838011,1,0,1,25612,159677
_home_max_Documents_PhD_MAPF_LNS_MAPF_LNS_SAT_mapf-map_room-64-64-8_map-_home_max_Documents_PhD_MAPF_LNS_MAPF_LNS_SAT_mapf-scen-even_scen-even_room-64-64-8-even-1_scen-agents50-idx0-seed42-1783618371016,0,0,8,27,21947,3047,78,22025,69,9,2425,924,0.689000,0.525000,0.485768,1,0,1,26255,164524
_home_max_Documents_PhD_MAPF_LNS_MAPF_LNS_SAT_mapf-map_room-64-64-8_map-_home_max_Documents_PhD_MAPF_LNS_MAPF_LNS_SAT_mapf-scen-even_scen-even_room-64-64-8-even-1_scen-agents50-idx0-seed42-1783618371016,0,0,8,28,22025,3047,82,22107,58,24,2483,948,0.590000,0.417000,0.376020,1,0,1,26747,167833
_home_max_Documents_PhD_MAPF_LNS_MAPF_LNS_SAT_mapf-map_room-64-64-8_map-_home_max_Documents_PhD_MAPF_LNS_MAPF_LNS_SAT_mapf-scen-even_scen-even_room-64-64-8-even-1_scen-agents50-idx0-seed42-1783618371016,0,0,8,29,22107,3047,80,22187,61,19,2544,967,0.866000,0.699000,0.653945,1,0,1,27786,175337
_home_max_Documents_PhD_MAPF_LNS_MAPF_LNS_SAT_mapf-map_room-64-64-8_map-_home_max_Documents_PhD_MAPF_LNS_MAPF_LNS_SAT_mapf-scen-even_scen-even_room-64-64-8-even-1_scen-agents50-idx0-seed42-1783618371016,0,0,8,30,22187,3047,74,22261,51,23,2595,990,0.845000,0.677000,0.635132,1,0,1,28707,182373
_home_max_Documents_PhD_MAPF_LNS_MAPF_LNS_SAT_mapf-map_room-64-64-8_map-_home_max_Documents_PhD_MAPF_LNS_MAPF_LNS_SAT_mapf-scen-even_scen-even_room-64-64-8-even-1_scen-agents50-idx0-seed42-1783618371016,0,0,8,31,22261,3047,65,22326,47,18,2642,1008,0.982000,0.815000,0.774379,1,0,1,29944,191255
_home_max_Documents_PhD_MAPF_LNS_MAPF_LNS_SAT_mapf-map_room-64-64-8_map-_home_max_Documents_PhD_MAPF_LNS_MAPF_LNS_SAT_mapf-scen-even_scen-even_room-64-64-8-even-1_scen-agents50-idx0-seed42-1783618371016,0,0,8,32,22326,3047,73,22399,58,15,2700,1023,0.669000,0.501000,0.459713,1,0,1,30524,195144
_home_max_Documents_PhD_MAPF_LNS_MAPF_LNS_SAT_mapf-map_room-64-64-8_map-_home_max_Documents_PhD_MAPF_LNS_MAPF_LNS_SAT_mapf-scen-even_scen-even_room-64-64-8-even-1_scen-agents50-idx0-seed42-1783618371016,0,0,8,33,22399,3047,76,22475,53,23,2753,1046,1.007000,0.828000,0.787625,1,0,1,31792,203998
_home_max_Documents_PhD_MAPF_LNS_MAPF_LNS_SAT_mapf-map_room-64-64-8_map-_home_max_Documents_PhD_MAPF_LNS_MAPF_LNS_SAT_mapf-scen-even_scen-even_room-64-64-8-even-1_scen-agents50-idx0-seed42-1783618371016,0,0,8,34,22475,3047,71,22546,57,14,2810,1060,0.906000,0.722000,0.678997,1,0,1,32439,208441
_home_max_Documents_PhD_MAPF_LNS_MAPF_LNS_SAT_mapf-map_room-64-64-8_map-_home_max_Documents_PhD_MAPF_LNS_MAPF_LNS_SAT_mapf-scen-even_scen-even_room-64-64-8-even-1_scen-agents50-idx0-seed42-1783618371016,0,0,8,35,22546,3047,66,22612,52,14,2862,1074,0.636000,0.459000,0.417748,1,0,1,32928,212384
_home_max_Documents_PhD_MAPF_LNS_MAPF_LNS_SAT_mapf-map_room-64-64-8_map-_home_max_Documents_PhD_MAPF_LNS_MAPF_LNS_SAT_mapf-scen-even_scen-even_room-64-64-8-even-1_scen-agents50-idx0-seed42-1783618371016,0,0,8,36,22612,3047,64,22676,46,18,2908,1092,0.669000,0.508000,0.466618,1,0,1,33518,216919
_home_max_Documents_PhD_MAPF_LNS_MAPF_LNS_SAT_mapf-map_room-64-64-8_map-_home_max_Documents_PhD_MAPF_LNS_MAPF_LNS_SAT_mapf-scen-even_scen-even_room-64-64-8-even-1_scen-agents50-idx0-seed42-1783618371016,0,0,8,37,22676,3047,70,22746,54,16,2962,1108,0.701000,0.519000,0.480477,1,0,1,33986,221312
_home_max_Documents_PhD_MAPF_LNS_MAPF_LNS_SAT_mapf-map_room-64-64-8_map-_home_max_Documents_PhD_MAPF_LNS_MAPF_LNS_SAT_mapf-scen-even_scen-even_room-64-64-8-even-1_scen-agents50-idx0-seed42-1783618371016,0,0,8,38,22746,3047,62,22808,36,26,2998,1134,0.712000,0.538000,0.495253,1,0,1,34542,225965
_home_max_Documents_PhD_MAPF_LNS_MAPF_LNS_SAT_mapf-map_room-64-64-8_map-_home_max_Documents_PhD_MAPF_LNS_MAPF_LNS_SAT_mapf-scen-even_scen-even_room-64-64-8-even-1_scen-agents50-idx0-seed42-1783618371016,0,0,8,39,22808,3047,73,22881,52,21,3050,1155,1.086000,0.884000,0.841279,1,0,1,35717,236280
_home_max_Documents_PhD_MAPF_LNS_MAPF_LNS_SAT_mapf-map_room-64-64-8_map-_home_max_Documents_PhD_MAPF_LNS_MAPF_LNS_SAT_mapf-scen-even_scen-even_room-64-64-8-even-1_scen-agents50-idx0-seed42-1783618371016,0,0,8,40,22881,3047,92,22973,71,21,3121,1176,0.845000,0.632000,0.589083,1,0,1,36319,242577
_home_max_Documents_PhD_MAPF_LNS_MAPF_LNS_SAT_mapf-map_room-64-64-8_map-_home_max_Documents_PhD_MAPF_LNS_MAPF_LNS_SAT_mapf-scen-even_scen-even_room-64-64-8-even-1_scen-agents50-idx0-seed42-1783618371016,0,0,8,41,22973,3047,92,23065,68,24,3189,1200,0.982000,0.784000,0.729778,1,0,1,37229,250909
_home_max_Documents_PhD_MAPF_LNS_MAPF_LNS_SAT_mapf-map_room-64-64-8_map-_home_max_Documents_PhD_MAPF_LNS_MAPF_LNS_SAT_mapf-scen-even_scen-even_room-64-64-8-even-1_scen-agents50-idx0-seed42-1783618371016,0,0,8,42,23065,3047,91,23156,70,21,3259,1221,0.771000,0.582000,0.535725,1,0,1,37802,255543
_home_max_Documents_PhD_MAPF_LNS_MAPF_LNS_SAT_mapf-map_room-64-64-8_map-_home_max_Documents_PhD_MAPF_LNS_MAPF_LNS_SAT_mapf-scen-even_scen-even_room-64-64-8-even-1_scen-agents50-idx0-seed42-1783618371016,0,0,8,43,23156,3047,0,23156,0,0,3259,1221,12.079000,12.075000,2.149394,1,1,0,918,18753
_home_max_Documents_PhD_MAPF_LNS_MAPF_LNS_SAT_mapf-map_room-64-64-8_map-_home_max_Documents_PhD_MAPF_LNS_MAPF_LNS_SAT_mapf-scen-even_scen-even_room-64-64-8-even-1_scen-agents50-idx0-seed42-1783618371016,0,0,9,1,32037,4463,420,32457,266,154,3525,1375,14.758000,14.150000,0.729100,0,1,1,1351,6153
_home_max_Documents_PhD_MAPF_LNS_MAPF_LNS_SAT_mapf-map_room-64-64-8_map-_home_max_Documents_PhD_MAPF_LNS_MAPF_LNS_SAT_mapf-scen-even_scen-even_room-64-64-8-even-1_scen-agents50-idx0-seed42-1783618371016,0,0,9,2,32457,4463,0,32457,0,0,3525,1375,13.772000,13.770000,0.000000,1,1,0,0,0
_home_max_Documents_PhD_MAPF_LNS_MAPF_LNS_SAT_mapf-map_room-64-64-8_map-_home_max_Documents_PhD_MAPF_LNS_MAPF_LNS_SAT_mapf-scen-even_scen-even_room-64-64-8-even-1_scen-agents50-idx0-seed42-1783618371016,0,0,10,1,43693,6227,836,44529,549,287,4074,1662,22.583000,21.202000,1.141846,0,1,1,2158,10138
_home_max_Documents_PhD_MAPF_LNS_MAPF_LNS_SAT_mapf-map_room-64-64-8_map-_home_max_Documents_PhD_MAPF_LNS_MAPF_LNS_SAT_mapf-scen-even_scen-even_room-64-64-8-even-1_scen-agents50-idx0-seed42-1783618371016,0,0,10,2,44529,6227,0,44529,0,0,4074,1662,19.557000,19.553000,0.000000,1,1,0,0,0
_home_max_Documents_PhD_MAPF_LNS_MAPF_LNS_SAT_mapf-map_room-64-64-8_map-_home_max_Documents_PhD_MAPF_LNS_MAPF_LNS_SAT_mapf-scen-even_scen-even_room-64-64-8-even-1_scen-agents50-idx0-seed42-1783618371016,0,1,0,1,85,46,5,90,3,2,3,2,0.070000,0.047000,0.003822,0,1,1,4,46
_home_max_Documents_PhD_MAPF_LNS_MAPF_LNS_SAT_mapf-map_room-64-64-8_map-_home_max_Documents_PhD_MAPF_LNS_MAPF_LNS_SAT_mapf-scen-even_scen-even_room-64-64-8-even-1_scen-agents50-idx0-seed42-1783618371016,0,1,0,2,90,46,0,90,0,0,3,2,0.001000,0.001000,0.000000,0,0,0,0,0
_home_max_Documents_PhD_MAPF_LNS_MAPF_LNS_SAT_mapf-map_room-64-64-8_map-_home_max_Documents_PhD_MAPF_LNS_MAPF_LNS_SAT_mapf-scen-even_scen-even_room-64-64-8-even-1_scen-agents50-idx0-seed42-1783618371016,0,1,1,1,149,73,9,158,7,2,10,4,0.104000,0.082000,0.011699,0,1,1,17,94
_home_max_Documents_PhD_MAPF_LNS_MAPF_LNS_SAT_mapf-map_room-64-64-8_map-_home_max_Documents_PhD_MAPF_LNS_MAPF_LNS_SAT_mapf-scen-even_scen-even_room-64-64-8-even-1_scen-agents50-idx0-seed42-1783618371016,0,1,1,2,158,73,0,158,0,0,10,4,0.002000,0.001000,0.000000,0,0,0,0,0
_home_max_Documents_PhD_MAPF_LNS_MAPF_LNS_SAT_mapf-map_room-64-64-8_map-_home_max_Documents_PhD_MAPF_LNS_MAPF_LNS_SAT_mapf-scen-even_scen-even_room-64-64-8-even-1_scen-agents50-idx0-seed42-1783618371016,0,1,2,1,855,231,8,863,6,2,16,6,0.417000,0.395000,0.021653,0,1,1,79,231
_home_max_Documents_PhD_MAPF_LNS_MAPF_LNS_SAT_mapf-map_room-64-64-8_map-_home_max_Documents_PhD_MAPF_LNS_MAPF_LNS_SAT_mapf-scen-even_scen-even_room-64-64-8-even-1_scen-agents50-idx0-seed42-1783618371016,0,1,2,2,863,231,0,863,0,0,16,6,0.004000,0.003000,0.000000,0,0,0,0,0
_home_max_Documents_PhD_MAPF_LNS_MAPF_LNS_SAT_mapf-map_room-64-64-8_map-_home_max_Documents_PhD_MAPF_LNS_MAPF_LNS_SAT_mapf-scen-even_scen-even_room-64-64-8-even-1_scen-agents50-idx0-seed42-1783618371016,0,1,3,1,3617,495,8,3625,7,1,23,7,1.452000,1.418000,0.055412,0,1,1,104,495
_home_max_Documents_PhD_MAPF_LNS_MAPF_LNS_SAT_mapf-map_room-64-64-8_map-_home_max_Documents_PhD_MAPF_LNS_MAPF_LNS_SAT_mapf-scen-even_scen-even_room-64-64-8-even-1_scen-agents50-idx0-seed42-1783618371016,0,1,3,2,3625,495,0,3625,0,0,23,7,0.008000,0.007000,0.000000,0,0,0,0,0
_home_max_Documents_PhD_MAPF_LNS_MAPF_LNS_SAT_mapf-map_room-64-64-8_map-_home_max_Documents_PhD_MAPF_LNS_MAPF_LNS_SAT_mapf-scen-even_scen-even_room-64-64-8-even-1_scen-agents50-idx0-seed42-1783618371016,0,1,4,1,9056,957,14,9070,11,3,34,10,3.557000,3.491000,0.120520,0,1,1,150,957
_home_max_Documents_PhD_MAPF_LNS_MAPF_LNS_SAT_mapf-map_room-64-64-8_map-_home_max_Documents_PhD_MAPF_LNS_MAPF_LNS_SAT_mapf-scen-even_scen-even_room-64-64-8-even-1_scen-agents50-idx0-seed42-1783618371016,0,1,4,2,9070,957,0,9070,0,0,34,10,0.006000,0.006000,0.000000,0,0,0,0,0
_home_max_Documents_PhD_MAPF_LNS_MAPF_LNS_SAT_mapf-map_room-64-64-8_map-_home_max_Documents_PhD_MAPF_LNS_MAPF_LNS_SAT_mapf-scen-even_scen-even_room-64-64-8-even-1_scen-agents50-idx0-seed42-1783618371016,0,1,5,1,26309,2106,29,26338,18,11,52,21,10.414000,10.250000,0.288102,0,1,1,305,2106
_home_max_Documents_PhD_MAPF_LNS_MAPF_LNS_SAT_mapf-map_room-64-64-8_map-_home_max_Documents_PhD_MAPF_LNS_MAPF_LNS_SAT_mapf-scen-even_scen-even_room-64-64-8-even-1_scen-agents50-idx0-seed42-1783618371016,0,1,5,2,26338,2106,20,26358,15,5,67,26,0.234000,0.147000,0.119916,1,0,1,608,4178
_home_max_Documents_PhD_MAPF_LNS_MAPF_LNS_SAT_mapf-map_room-64-64-8_map-_home_max_Documents_PhD_MAPF_LNS_MAPF_LNS_SAT_mapf-scen-even_scen-even_room-64-64-8-even-1_scen-agents50-idx0-seed42-1783618371016,0,1,5,3,26358,2106,27,26385,17,10,84,36,0.210000,0.132000,0.116298,1,0,1,922,6312
_home_max_Documents_PhD_MAPF_LNS_MAPF_LNS_SAT_mapf-map_room-64-64-8_map-_home_max_Documents_PhD_MAPF_LNS_MAPF_LNS_SAT_mapf-scen-even_scen-even_room-64-64-8-even-1_scen-agents50-idx0-seed42-1783618371016,0,1,5,4,26385,2106,9,26394,8,1,92,37,0.200000,0.136000,0.118329,1,0,1,1228,8420
_home_max_Documents_PhD_MAPF_LNS_MAPF_LNS_SAT_mapf-map_room-64-64-8_map-_home_max_Documents_PhD_MAPF_LNS_MAPF_LNS_SAT_mapf-scen-even_scen-even_room-64-64-8-even-1_scen-agents50-idx0-seed42-1783618371016,0,1,5,5,26394,2106,0,26394,0,0,92,37,0.158000,0.124000,0.114810,1,0,1,1457,10648
_home_max_Documents_PhD_MAPF_LNS_MAPF_LNS_SAT_mapf-map_room-64-64-8_map-_home_max_Documents_PhD_MAPF_LNS_MAPF_LNS_SAT_mapf-scen-even_scen-even_room-64-64-8-even-1_scen-agents50-idx0-seed42-1783618371016,0,0,0,1,10,6,1,11,0,1,0,1,0.020000,0.013000,0.000960,0,1,1,1,6
_home_max_Documents_PhD_MAPF_LNS_MAPF_LNS_SAT_mapf-map_room-64-64-8_map-_home_max_Documents_PhD_MAPF_LNS_MAPF_LNS_SAT_mapf-scen-even_scen-even_room-64-64-8-even-1_scen-agents50-idx0-seed42-1783618371016,0,0,0,2,11,6,0,11,0,0,0,1,0.002000,0.001000,0.000000,0,0,0,0,0
_home_max_Documents_PhD_MAPF_LNS_MAPF_LNS_SAT_mapf-map_room-64-64-8_map-_home_max_Documents_PhD_MAPF_LNS_MAPF_LNS_SAT_mapf-scen-even_scen-even_room-64-64-8-even-1_scen-agents50-idx0-seed42-1783618371016,0,0,1,1,20,11,1,21,1,0,1,1,0.026000,0.019000,0.001441,0,1,1,2,11
_home_max_Documents_PhD_MAPF_LNS_MAPF_LNS_SAT_mapf-map_room-64-64-8_map-_home_max_Documents_PhD_MAPF_LNS_MAPF_LNS_SAT_mapf-scen-even_scen-even_room-64-64-8-even-1_scen-agents50-idx0-seed42-1783618371016,0,0,1,2,21,11,0,21,0,0,1,1,0.001000,0.001000,0.000000,0,0,0,0,0
_home_max_Documents_PhD_MAPF_LNS_MAPF_LNS_SAT_mapf-map_room-64-64-8_map-_home_max_Documents_PhD_MAPF_LNS_MAPF_LNS_SAT_mapf-scen-even_scen-even_room-64-64-8-even-1_scen-agents50-idx0-seed42-1783618371016,0,0,2,1,95,32,2,97,1,1,2,2,0.066000,0.057000,0.004452,0,1,1,14,32
_home_max_Documents_PhD_MAPF_LNS_MAPF_LNS_SAT_mapf-map_room-64-64-8_map-_home_max_Documents_PhD_MAPF_LNS_MAPF_LNS_SAT_mapf-scen-even_scen-even_room-64-64-8-even-1_scen-agents50-idx0-seed42-1783618371016,0,0,2,2,97,32,2,99,1,1,3,3,0.015000,0.008000,0.003724,0,0,1,21,65
_home_max_Documents_PhD_MAPF_LNS_MAPF_LNS_SAT_mapf-map_room-64-64-8_map-_home_max_Documents_PhD_MAPF_LNS_MAPF_LNS_SAT_mapf-scen-even_scen-even_room-64-64-8-even-1_scen-agents50-idx0-seed42-1783618371016,0,0,2,3,99,32,0,99,0,0,3,3,0.002000,0.002000,0.000000,0,0,0,0,0
_home_max_Documents_PhD_MAPF_LNS_MAPF_LNS_SAT_mapf-map_room-64-64-8_map-_home_max_Documents_PhD_MAPF_LNS_MAPF_LNS_SAT_mapf-scen-even_scen-even_room-64-64-8-even-1_scen-agents50-idx0-seed42-1783618371016,0,0,3,1,241,61,1,242,1,0,4,3,0.133000,0.123000,0.007553,0,1,1,20,61
_home_max_Documents_PhD_MAPF_LNS_MAPF_LNS_SAT_mapf-map_room-64-64-8_map-_home_max_Documents_PhD_MAPF_LNS_MAPF_LNS_SAT_mapf-scen-even_scen-even_room-64-64-8-even-1_scen-agents50-idx0-seed42-1783618371016,0,0,3,2,242,61,1,243,1,0,5,3,0.013000,0.006000,0.002655,0,0,1,35,107
_home_max_Documents_PhD_MAPF_LNS_MAPF_LNS_SAT_mapf-map_room-64-64-8_map-_home_max_Documents_PhD_MAPF_LNS_MAPF_LNS_SAT_mapf-scen-even_scen-even_room-64-64-8-even-1_scen-agents50-idx0-seed42-1783618371016,0,0,3,3,243,61,1,244,0,1,5,4,0.017000,0.010000,0.006763,0,0,1,49,176
_home_max_Documents_PhD_MAPF_LNS_MAPF_LNS_SAT_mapf-map_room-64-64-8_map-_home_max_Documents_PhD_MAPF_LNS_MAPF_LNS_SAT_mapf-scen-even_scen-even_room-64-64-8-even-1_scen-agents50-idx0-seed42-1783618371016,0,0,3,4,244,61,0,244,0,0,5,4,0.006000,0.005000,0.003689,0,0,0,53,208
_home_max_Documents_PhD_MAPF_LNS_MAPF_LNS_SAT_mapf-map_room-64-64-8_map-_home_max_Documents_PhD_MAPF_LNS_MAPF_LNS_SAT_mapf-scen-even_scen-even_room-64-64-8-even-1_scen-agents50-idx0-seed42-1783618371016,0,0,4,1,431,99,1,432,1,0,6,4,0.211000,0.199000,0.011203,0,1,1,26,99
_home_max_Documents_PhD_MAPF_LNS_MAPF_LNS_SAT_mapf-map_room-64-64-8_map-_home_max_Documents_PhD_MAPF_LNS_MAPF_LNS_SAT_mapf-scen-even_scen-even_room-64-64-8-even-1_scen-agents50-idx0-seed42-1783618371016,0,0,4,2,432,99,0,432,0,0,6,4,0.001000,0.001000,0.000000,0,0,0,0,0
_home_max_Documents_PhD_MAPF_LNS_MAPF_LNS_SAT_mapf-map_room-64-64-8_map-_home_max_Documents_PhD_MAPF_LNS_MAPF_LNS_SAT_mapf-scen-even_scen-even_room-64-64-8-even-1_scen-agents50-idx0-seed42-1783618371016,0,0,5,1,671,149,2,673,2,0,8,4,0.319000,0.305000,0.015930,0,1,1,40,149
_home_max_Documents_PhD_MAPF_LNS_MAPF_LNS_SAT_mapf-map_room-64-64-8_map-_home_max_Documents_PhD_MAPF_LNS_MAPF_LNS_SAT_mapf-scen-even_scen-even_room-64-64-8-even-1_scen-agents50-idx0-seed42-1783618371016,0,0,5,2,673,149,0,673,0,0,8,4,0.002000,0.001000,0.000000,0,0,0,0,0
_home_max_Documents_PhD_MAPF_LNS_MAPF_LNS_SAT_mapf-map_room-64-64-8_map-_home_max_Documents_PhD_MAPF_LNS_MAPF_LNS_SAT_mapf-scen-even_scen-even_room-64-64-8-even-1_scen-agents50-idx0-seed42-1783618371016,0,0,6,1,958,208,1,959,1,0,9,4,0.436000,0.420000,0.020827,0,1,1,51,208
_home_max_Documents_PhD_MAPF_LNS_MAPF_LNS_SAT_mapf-map_room-64-64-8_map-_home_max_Documents_PhD_MAPF_LNS_MAPF_LNS_SAT_mapf-scen-even_scen-even_room-64-64-8-even-1_scen-agents50-idx0-seed42-1783618371016,0,0,6,2,959,208,0,959,0,0,9,4,0.405000,0.404000,0.000000,1,1,0,0,0
_home_max_Documents_PhD_MAPF_LNS_MAPF_LNS_SAT_mapf-map_room-64-64-8_map-_home_max_Documents_PhD_MAPF_LNS_MAPF_LNS_SAT_mapf-scen-even_scen-even_room-64-64-8-even-1_scen-agents50-idx0-seed42-1783618371016,0,0,7,1,1287,274,0,1287,0,0,9,4,0.572000,0.555000,0.027235,0,1,1,67,274
_home_max_Documents_PhD_MAPF_LNS_MAPF_LNS_SAT_mapf-map_room-64-64-8_map-_home_max_Documents_PhD_MAPF_LNS_MAPF_LNS_SAT_mapf-scen-even_scen-even_room-64-64-8-even-1_scen-agents50-idx0-seed42-1783618371016,0,0,0,1,27,16,3,30,3,0,3,0,0.031000,0.020000,0.000594,0,1,1,1,16
_home_max_Documents_PhD_MAPF_LNS_MAPF_LNS_SAT_mapf-map_room-64-64-8_map-_home_max_Documents_PhD_MAPF_LNS_MAPF_LNS_SAT_mapf-scen-even_scen-even_room-64-64-8-even-1_scen-agents50-idx0-seed42-1783618371016,0,0,0,2,30,16,0,30,0,0,3,0,0.001000,0.001000,0.000000,0,0,0,0,0
_home_max_Documents_PhD_MAPF_LNS_MAPF_LNS_SAT_mapf-map_room-64-64-8_map-_home_max_Documents_PhD_MAPF_LNS_MAPF_LNS_SAT_mapf-scen-even_scen-even_room-64-64-8-even-1_scen-agents50-idx0-seed42-1783618371016,0,0,1,1,40,21,0,40,0,0,3,0,0.036000,0.028000,0.002363,0,1,1,1,21
_home_max_Documents_PhD_MAPF_LNS_MAPF_LNS_SAT_mapf-map_room-64-64-8_map-_home_max_Documents_PhD_MAPF_LNS_MAPF_LNS_SAT_mapf-scen-even_scen-even_room-64-64-8-even-1_scen-agents50-idx0-seed42-1783618371016,0,0,0,1,10,6,1,11,1,0,1,0,0.016000,0.010000,0.000596,0,1,1,1,6
_home_max_Documents_PhD_MAPF_LNS_MAPF_LNS_SAT_mapf-map_room-64-64-8_map-_home_max_Documents_PhD_MAPF_LNS_MAPF_LNS_SAT_mapf-scen-even_scen-even_room-64-64-8-even-1_scen-agents50-idx0-seed42-1783618371016,0,0,0,2,11,6,0,11,0,0,1,0,0.001000,0.001000,0.000000,0,0,0,0,0
_home_max_Documents_PhD_MAPF_LNS_MAPF_LNS_SAT_mapf-map_room-64-64-8_map-_home_max_Documents_PhD_MAPF_LNS_MAPF_LNS_SAT_mapf-scen-even_scen-even_room-64-64-8-even-1_scen-agents50-idx0-seed42-1783618371016,0,0,1,1,17,9,1,18,0,1,1,1,0.021000,0.015000,0.001361,0,1,1,1,9
_home_max_Documents_PhD_MAPF_LNS_MAPF_LNS_SAT_mapf-map_room-64-64-8_map-_home_max_Documents_PhD_MAPF_LNS_MAPF_LNS_SAT_mapf-scen-even_scen-even_room-64-64-8-even-1_scen-agents50-idx0-seed42-1783618371016,0,0,1,2,18,9,0,18,0,0,1,1,0.001000,0.001000,0.000000,0,0,0,0,0
_home_max_Documents_PhD_MAPF_LNS_MAPF_LNS_SAT_mapf-map_room-64-64-8_map-_home_max_Documents_PhD_MAPF_LNS_MAPF_LNS_SAT_mapf-scen-even_scen-even_room-64-64-8-even-1_scen-agents50-idx0-seed42-1783618371016,0,0,2,1,50,19,1,51,1,0,2,1,0.045000,0.037000,0.003901,0,1,1,2,19
_home_max_Documents_PhD_MAPF_LNS_MAPF_LNS_SAT_mapf-map_room-64-64-8_map-_home_max_Documents_PhD_MAPF_LNS_MAPF_LNS_SAT_mapf-scen-even_scen-even_room-64-64-8-even-1_scen-agents50-idx0-seed42-1783618371016,0,0,2,2,51,19,0,51,0,0,2,1,0.001000,0.001000,0.000000,0,0,0,0,0
_home_max_Documents_PhD_MAPF_LNS_MAPF_LNS_SAT_mapf-map_room-64-64-8_map-_home_max_Documents_PhD_MAPF_LNS_MAPF_LNS_SAT_mapf-scen-even_scen-even_room-64-64-8-even-1_scen-agents50-idx0-seed42-1783618371016,0,0,3,1,99,34,0,99,0,0,2,1,0.051000,0.051000,0.000000,0,1,0,0,0
_home_max_Documents_PhD_MAPF_LNS_MAPF_LNS_SAT_mapf-map_room-64-64-8_map-_home_max_Documents_PhD_MAPF_LNS_MAPF_LNS_SAT_mapf-scen-even_scen-even_room-64-64-8-even-1_scen-agents50-idx0-seed42-1783618371016,0,1,0,1,30,16,1,31,1,0,1,0,0.027000,0.020000,0.001189,0,1,1,2,16
_home_max_Documents_PhD_MAPF_LNS_MAPF_LNS_SAT_mapf-map_room-64-64-8_map-_home_max_Documents_PhD_MAPF_LNS_MAPF_LNS_SAT_mapf-scen-even_scen-even_room-64-64-8-even-1_scen-agents50-idx0-seed42-1783618371016,0,1,0,2,31,16,0,31,0,0,1,0,0.001000,0.001000,0.000000,0,0,0,0,0
_home_max_Documents_PhD_MAPF_LNS_MAPF_LNS_SAT_mapf-map_room-64-64-8_map-_home_max_Documents_PhD_MAPF_LNS_MAPF_LNS_SAT_mapf-scen-even_scen-even_room-64-64-8-even-1_scen-agents50-idx0-seed42-1783618371016,0,1,1,1,54,25,1,55,0,1,1,1,0.044000,0.036000,0.004481,0,1,1,3,25
_home_max_Documents_PhD_MAPF_LNS_MAPF_LNS_SAT_mapf-map_room-64-64-8_map-_home_max_Documents_PhD_MAPF_LNS_MAPF_LNS_SAT_mapf-scen-even_scen-even_room-64-64-8-even-1_scen-agents50-idx0-seed42-1783618371016,0,1,1,2,55,25,0,55,0,0,1,1,0.001000,0.001000,0.000000,0,0,0,0,0
_home_max_Documents_PhD_MAPF_LNS_MAPF_LNS_SAT_mapf-map_room-64-64-8_map-_home_max_Documents_PhD_MAPF_LNS_MAPF_LNS_SAT_mapf-scen-even_scen-even_room-64-64-8-even-1_scen-agents50-idx0-seed42-1783618371016,0,1,2,1,220,57,1,221,1,0,2,1,0.123000,0.115000,0.007021,0,1,1,18,57
_home_max_Documents_PhD_MAPF_LNS_MAPF_LNS_SAT_mapf-map_room-64-64-8_map-_home_max_Documents_PhD_MAPF_LNS_MAPF_LNS_SAT_mapf-scen-even_scen-even_room-64-64-8-even-1_scen-agents50-idx0-seed42-1783618371016,0,1,2,2,221,57,1,222,0,1,2,2,0.016000,0.009000,0.005529,0,0,1,28,125
_home_max_Documents_PhD_MAPF_LNS_MAPF_LNS_SAT_mapf-map_room-64-64-8_map-_home_max_Documents_PhD_MAPF_LNS_MAPF_LNS_SAT_mapf-scen-even_scen-even_room-64-64-8-even-1_scen-agents50-idx0-seed42-1783618371016,0,1,2,3,222,57,0,222,0,0,2,2,0.001000,0.001000,0.000000,0,0,0,0,0
_home_max_Documents_PhD_MAPF_LNS_MAPF_LNS_SAT_mapf-map_room-64-64-8_map-_home_max_Documents_PhD_MAPF_LNS_MAPF_LNS_SAT_mapf-scen-even_scen-even_room-64-64-8-even-1_scen-agents50-idx0-seed42-1783618371016,0,1,3,1,792,117,1,793,1,0,3,2,0.345000,0.337000,0.014831,0,1,1,26,117
_home_max_Documents_PhD_MAPF_LNS_MAPF_LNS_SAT_mapf-map_room-64-64-8_map-_home_max_Documents_PhD_MAPF_LNS_MAPF_LNS_SAT_mapf-scen-even_scen-even_room-64-64-8-even-1_scen-agents50-idx0-seed42-1783618371016,0,1,3,2,793,117,0,793,0,0,3,2,0.014000,0.009000,0.004638,0,0,1,50,223
_home_max_Documents_PhD_MAPF_LNS_MAPF_LNS_SAT_mapf-map_room-64-64-8_map-_home_max_Documents_PhD_MAPF_LNS_MAPF_LNS_SAT_mapf-scen-even_scen-even_room-64-64-8-even-1_scen-agents50-idx0-seed42-1783618371016,0,0,0,1,10,6,1,11,1,0,1,0,0.017000,0.011000,0.000523,0,1,1,1,6
_home_max_Documents_PhD_MAPF_LNS_MAPF_LNS_SAT_mapf-map_room-64-64-8_map-_home_max_Documents_PhD_MAPF_LNS_MAPF_LNS_SAT_mapf-scen-even_scen-even_room-64-64-8-even-1_scen-agents50-idx0-seed42-1783618371016,0,0,0,2,11,6,0,11,0,0,1,0,0.001000,0.001000,0.000000,0,0,0,0,0
_home_max_Documents_PhD_MAPF_LNS_MAPF_LNS_SAT_mapf-map_room-64-64-8_map-_home_max_Documents_PhD_MAPF_LNS_MAPF_LNS_SAT_mapf-scen-even_scen-even_room-64-64-8-even-1_scen-agents50-idx0-seed42-1783618371016,0,0,1,1,17,9,1,18,0,1,1,1,0.023000,0.017000,0.001614,0,1,1,1,9
_home_max_Documents_PhD_MAPF_LNS_MAPF_LNS_SAT_mapf-map_room-64-64-8_map-_home_max_Documents_PhD_MAPF_LNS_MAPF_LNS_SAT_mapf-scen-even_scen-even_room-64-64-8-even-1_scen-agents50-idx0-seed42-1783618371016,0,0,1,2,18,9,0,18,0,0,1,1,0.001000,0.001000,0.000000,0,0,0,0,0
_home_max_Documents_PhD_MAPF_LNS_MAPF_LNS_SAT_mapf-map_room-64-64-8_map-_home_max_Documents_PhD_MAPF_LNS_MAPF_LNS_SAT_mapf-scen-even_scen-even_room-64-64-8-even-1_scen-agents50-idx0-seed42-1783618371016,0,0,2,1,40,17,1,41,1,0,2,1,0.041000,0.032000,0.003694,0,1,1,2,17
_home_max_Documents_PhD_MAPF_LNS_MAPF_LNS_SAT_mapf-map_room-64-64-8_map-_home_max_Documents_PhD_MAPF_LNS_MAPF_LNS_SAT_mapf-scen-even_scen-even_room-64-64-8-even-1_scen-agents50-idx0-seed42-1783618371016,0,0,2,2,41,17,0,41,0,0,2,1,0.001000,0.001000,0.000000,0,0,0,0,0
_home_max_Documents_PhD_MAPF_LNS_MAPF_LNS_SAT_mapf-map_room-64-64-8_map-_home_max_Documents_PhD_MAPF_LNS_MAPF_LNS_SAT_mapf-scen-even_scen-even_room-64-64-8-even-1_scen-agents50-idx0-seed42-1783618371016,0,0,3,1,74,29,0,74,0,0,2,1,0.041000,0.040000,0.000000,0,1,0,0,0
_home_max_Documents_PhD_MAPF_LNS_MAPF_LNS_SAT_mapf-map_room-64-64-8_map-_home_max_Documents_PhD_MAPF_LNS_MAPF_LNS_SAT_mapf-scen-even_scen-even_room-64-64-8-even-1_scen-agents50-idx0-seed42-1783618371016,0,1,0,1,30,16,1,31,1,0,1,0,0.030000,0.020000,0.001180,0,1,1,3,16
_home_max_Documents_PhD_MAPF_LNS_MAPF_LNS_SAT_mapf-map_room-64-64-8_map-_home_max_Documents_PhD_MAPF_LNS_MAPF_LNS_SAT_mapf-scen-even_scen-even_room-64-64-8-even-1_scen-agents50-idx0-seed42-1783618371016,0,1,0,2,31,16,0,31,0,0,1,0,0.001000,0.001000,0.000000,0,0,0,0,0
_home_max_Documents_PhD_MAPF_LNS_MAPF_LNS_SAT_mapf-map_room-64-64-8_map-_home_max_Documents_PhD_MAPF_LNS_MAPF_LNS_SAT_mapf-scen-even_scen-even_room-64-64-8-even-1_scen-agents50-idx0-seed42-1783618371016,0,1,1,1,45,23,1,46,0,1,1,1,0.037000,0.030000,0.003968,0,1,1,4,23
_home_max_Documents_PhD_MAPF_LNS_MAPF_LNS_SAT_mapf-map_room-64-64-8_map-_home_max_Documents_PhD_MAPF_LNS_MAPF_LNS_SAT_mapf-scen-even_scen-even_room-64-64-8-even-1_scen-agents50-idx0-seed42-1783618371016,0,1,1,2,46,23,0,46,0,0,1,1,0.001000,0.001000,0.000000,0,0,0,0,0
_home_max_Documents_PhD_MAPF_LNS_MAPF_LNS_SAT_mapf-map_room-64-64-8_map-_home_max_Documents_PhD_MAPF_LNS_MAPF_LNS_SAT_mapf-scen-even_scen-even_room-64-64-8-even-1_scen-agents50-idx0-seed42-1783618371016,0,1,2,1,128,45,1,129,1,0,2,1,0.081000,0.073000,0.005612,0,1,1,19,45
_home_max_Documents_PhD_MAPF_LNS_MAPF_LNS_SAT_mapf-map_room-64-64-8_map-_home_max_Documents_PhD_MAPF_LNS_MAPF_LNS_SAT_mapf-scen-even_scen-even_room-64-64-8-even-1_scen-agents50-idx0-seed42-1783618371016,0,1,2,2,129,45,1,130,0,1,2,2,0.014000,0.008000,0.004474,0,0,1,28,99
_home_max_Documents_PhD_MAPF_LNS_MAPF_LNS_SAT_mapf-map_room-64-64-8_map-_home_max_Documents_PhD_MAPF_LNS_MAPF_LNS_SAT_mapf-scen-even_scen-even_room-64-64-8-even-1_scen-agents50-idx0-seed42-1783618371016,0,1,2,3,130,45,0,130,0,0,2,2,0.001000,0.001000,0.000000,0,0,0,0,0
_home_max_Documents_PhD_MAPF_LNS_MAPF_LNS_SAT_mapf-map_room-64-64-8_map-_home_max_Documents_PhD_MAPF_LNS_MAPF_LNS_SAT_mapf-scen-even_scen-even_room-64-64-8-even-1_scen-agents50-idx0-seed42-1783618371016,0,1,3,1,396,85,2,398,2,0,4,2,0.197000,0.188000,0.010058,0,1,1,26,85
_home_max_Documents_PhD_MAPF_LNS_MAPF_LNS_SAT_mapf-map_room-64-64-8_map-_home_max_Documents_PhD_MAPF_LNS_MAPF_LNS_SAT_mapf-scen-even_scen-even_room-64-64-8-even-1_scen-agents50-idx0-seed42-1783618371016,0,1,3,2,398,85,0,398,0,0,4,2,0.020000,0.014000,0.010149,0,0,1,47,183
_home_max_Documents_PhD_MAPF_LNS_MAPF_LNS_SAT_mapf-map_room-64-64-8_map-_home_max_Documents_PhD_MAPF_LNS_MAPF_LNS_SAT_mapf-scen-even_scen-even_room-64-64-8-even-1_scen-agents50-idx0-seed42-1783618371016,0,0,0,1,11,7,1,12,0,1,0,1,0.018000,0.012000,0.000784,0,1,1,1,7
_home_max_Documents_PhD_MAPF_LNS_MAPF_LNS_SAT_mapf-map_room-64-64-8_map-_home_max_Documents_PhD_MAPF_LNS_MAPF_LNS_SAT_mapf-scen-even_scen-even_room-64-64-8-even-1_scen-agents50-idx0-seed42-1783618371016,0,0,0,2,12,7,0,12,0,0,0,1,0.002000,0.001000,0.000000,0,0,0,0,0
_home_max_Documents_PhD_MAPF_LNS_MAPF_LNS_SAT_mapf-map_room-64-64-8_map-_home_max_Documents_PhD_MAPF_LNS_MAPF_LNS_SAT_mapf-scen-even_scen-even_room-64-64-8-even-1_scen-agents50-idx0-seed42-1783618371016,0,0,1,1,20,11,1,21,1,0,1,1,0.027000,0.020000,0.001574,0,1,1,2,11
_home_max_Documents_PhD_MAPF_LNS_MAPF_LNS_SAT_mapf-map_room-64-64-8_map-_home_max_Documents_PhD_MAPF_LNS_MAPF_LNS_SAT_mapf-scen-even_scen-even_room-64-64-8-even-1_scen-agents50-idx0-seed42-1783618371016,0,0,1,2,21,11,0,21,0,0,1,1,0.001000,0.001000,0.000000,0,0,0,0,0
_home_max_Documents_PhD_MAPF_LNS_MAPF_LNS_SAT_mapf-map_room-64-64-8_map-_home_max_Documents_PhD_MAPF_LNS_MAPF_LNS_SAT_mapf-scen-even_scen-even_room-64-64-8-even-1_scen-agents50-idx0-seed42-1783618371016,0,0,2,1,86,27,2,88,1,1,2,2,0.061000,0.054000,0.003975,0,1,1,5,27
_home_max_Documents_PhD_MAPF_LNS_MAPF_LNS_SAT_mapf-map_room-64-64-8_map-_home_max_Documents_PhD_MAPF_LNS_MAPF_LNS_SAT_mapf-scen-even_scen-even_room-64-64-8-even-1_scen-agents50-idx0-seed42-1783618371016,0,0,2,2,88,27,0,88,0,0,2,2,0.011000,0.006000,0.001455,0,0,1,12,46
_home_max_Documents_PhD_MAPF_LNS_MAPF_LNS_SAT_mapf-map_room-64-64-8_map-_home_max_Documents_PhD_MAPF_LNS_MAPF_LNS_SAT_mapf-scen-even_scen-even_room-64-64-8-even-1_scen-agents50-idx0-seed42-1783618371016,0,0,0,1,10,6,1,11,1,0,1,0,0.016000,0.011000,0.000606,0,1,1,1,6
_home_max_Documents_PhD_MAPF_LNS_MAPF_LNS_SAT_mapf-map_room-64-64-8_map-_home_max_Documents_PhD_MAPF_LNS_MAPF_LNS_SAT_mapf-scen-even_scen-even_room-64-64-8-even-1_scen-agents50-idx0-seed42-1783618371016,0,0,0,2,11,6,0,11,0,0,1,0,0.001000,0.001000,0.000000,0,0,0,0,0
_home_max_Documents_PhD_MAPF_LNS_MAPF_LNS_SAT_mapf-map_room-64-64-8_map-_home_max_Documents_PhD_MAPF_LNS_MAPF_LNS_SAT_mapf-scen-even_scen-even_room-64-64-8-even-1_scen-agents50-idx0-seed42-1783618371016,0,0,1,1,17,9,1,18,0,1,1,1,0.022000,0.016000,0.001811,0,1,1,1,9
_home_max_Documents_PhD_MAPF_LNS_MAPF_LNS_SAT_mapf-map_room-64-64-8_map-_home_max_Documents_PhD_MAPF_LNS_MAPF_LNS_SAT_mapf-scen-even_scen-even_room-64-64-8-even-1_scen-agents50-idx0-seed42-1783618371016,0,0,1,2,18,9,0,18,0,0,1,1,0.001000,0.001000,0.000000,0,0,0,0,0
_home_max_Documents_PhD_MAPF_LNS_MAPF_LNS_SAT_mapf-map_room-64-64-8_map-_home_max_Documents_PhD_MAPF_LNS_MAPF_LNS_SAT_mapf-scen-even_scen-even_room-64-64-8-even-1_scen-agents50-idx0-seed42-1783618371016,0,0,2,1,50,19,1,51,1,0,2,1,0.043000,0.037000,0.003828,0,1,1,2,19
_home_max_Documents_PhD_MAPF_LNS_MAPF_LNS_SAT_mapf-map_room-64-64-8_map-_home_max_Documents_PhD_MAPF_LNS_MAPF_LNS_SAT_mapf-scen-even_scen-even_room-64-64-8-even-1_scen-agents50-idx0-seed42-1783618371016,0,0,2,2,51,19,0,51,0,0,2,1,0.001000,0.001000,0.000000,0,0,0,0,0
_home_max_Documents_PhD_MAPF_LNS_MAPF_LNS_SAT_mapf-map_room-64-64-8_map-_home_max_Documents_PhD_MAPF_LNS_MAPF_LNS_SAT_mapf-scen-even_scen-even_room-64-64-8-even-1_scen-agents50-idx0-seed42-1783618371016,0,0,3,1,103,37,0,103,0,0,2,1,0.054000,0.054000,0.000000,0,1,0,0,0
_home_max_Documents_PhD_MAPF_LNS_MAPF_LNS_SAT_mapf-map_room-64-64-8_map-_home_max_Documents_PhD_MAPF_LNS_MAPF_LNS_SAT_mapf-scen-even_scen-even_room-64-64-8-even-1_scen-agents50-idx0-seed42-1783618371016,0,1,0,1,32,17,0,32,0,0,0,0,0.031000,0.024000,0.001582,0,1,1,2,17
_home_max_Documents_PhD_MAPF_LNS_MAPF_LNS_SAT_mapf-map_room-64-64-8_map-_home_max_Documents_PhD_MAPF_LNS_MAPF_LNS_SAT_mapf-scen-even_scen-even_room-64-64-8-even-1_scen-agents50-idx0-seed42-1783618371016,0,0,0,1,21,13,3,24,2,1,2,1,0.024000,0.015000,0.000557,0,1,1,1,13
_home_max_Documents_PhD_MAPF_LNS_MAPF_LNS_SAT_mapf-map_room-64-64-8_map-_home_max_Documents_PhD_MAPF_LNS_MAPF_LNS_SAT_mapf-scen-even_scen-even_room-64-64-8-even-1_scen-agents50-idx0-seed42-1783618371016,0,0,0,2,24,13,0,24,0,0,2,1,0.001000,0.001000,0.000000,0,0,0,0,0
_home_max_Documents_PhD_MAPF_LNS_MAPF_LNS_SAT_mapf-map_room-64-64-8_map-_home_max_Documents_PhD_MAPF_LNS_MAPF_LNS_SAT_mapf-scen-even_scen-even_room-64-64-8-even-1_scen-agents50-idx0-seed42-1783618371016,0,0,1,1,44,24,3,47,2,1,4,2,0.046000,0.036000,0.004164,0,1,1,3,24
_home_max_Documents_PhD_MAPF_LNS_MAPF_LNS_SAT_mapf-map_room-64-64-8_map-_home_max_Documents_PhD_MAPF_LNS_MAPF_LNS_SAT_mapf-scen-even_scen-even_room-64-64-8-even-1_scen-agents50-idx0-seed42-1783618371016,0,0,1,2,47,24,0,47,0,0,4,2,0.001000,0.001000,0.000000,0,0,0,0,0
_home_max_Documents_PhD_MAPF_LNS_MAPF_LNS_SAT_mapf-map_room-64-64-8_map-_home_max_Documents_PhD_MAPF_LNS_MAPF_LNS_SAT_mapf-scen-even_scen-even_room-64-64-8-even-1_scen-agents50-idx0-seed42-1783618371016,0,0,2,1,147,60,12,159,11,1,15,3,0.105000,0.084000,0.005452,0,1,1,9,60
_home_max_Documents_PhD_MAPF_LNS_MAPF_LNS_SAT_mapf-map_room-64-64-8_map-_home_max_Documents_PhD_MAPF_LNS_MAPF_LNS_SAT_mapf-scen-even_scen-even_room-64-64-8-even-1_scen-agents50-idx0-seed42-1783618371016,0,0,2,2,159,60,0,159,0,0,15,3,0.003000,0.003000,0.000000,0,0,0,0,0
_home_max_Documents_PhD_MAPF_LNS_MAPF_LNS_SAT_mapf-map_room-64-64-8_map-_home_max_Documents_PhD_MAPF_LNS_MAPF_LNS_SAT_mapf-scen-even_scen-even_room-64-64-8-even-1_scen-agents50-idx0-seed42-1783618371016,0,0,3,1,579,173,52,631,43,9,58,12,0.337000,0.284000,0.020710,0,1,1,60,176
_home_max_Documents_PhD_MAPF_LNS_MAPF_LNS_SAT_mapf-map_room-64-64-8_map-_home_max_Documents_PhD_MAPF_LNS_MAPF_LNS_SAT_mapf-scen-even_scen-even_room-64-64-8-even-1_scen-agents50-idx0-seed42-1783618371016,0,0,3,2,631,173,0,631,0,0,58,12,0.012000,0.012000,0.000000,0,0,0,0,0
_home_max_Documents_PhD_MAPF_LNS_MAPF_LNS_SAT_mapf-map_room-64-64-8_map-_home_max_Documents_PhD_MAPF_LNS_MAPF_LNS_SAT_mapf-scen-even_scen-even_room-64-64-8-even-1_scen-agents50-idx0-seed42-1783618371016,0,0,4,1,1929,463,100,2029,69,31,127,43,0.972000,0.859000,0.058598,0,1,1,143,477
_home_max_Documents_PhD_MAPF_LNS_MAPF_LNS_SAT_mapf-map_room-64-64-8_map-_home_max_Documents_PhD_MAPF_LNS_MAPF_LNS_SAT_mapf-scen-even_scen-even_room-64-64-8-even-1_scen-agents50-idx0-seed42-1783618371016,0,0,4,2,2029,463,0,2029,0,0,127,43,0.025000,0.024000,0.000000,0,0,0,0,0
_home_max_Documents_PhD_MAPF_LNS_MAPF_LNS_SAT_mapf-map_room-64-64-8_map-_home_max_Documents_PhD_MAPF_LNS_MAPF_LNS_SAT_mapf-scen-even_scen-even_room-64-64-8-even-1_scen-agents50-idx0-seed42-1783618371016,0,0,5,1,4103,871,199,4302,127,72,254,115,1.932000,1.709000,0.103783,0,1,1,234,900
_home_max_Documents_PhD_MAPF_LNS_MAPF_LNS_SAT_mapf-map_room-64-64-8_map-_home_max_Documents_PhD_MAPF_LNS_MAPF_LNS_SAT_mapf-scen-even_scen-even_room-64-64-8-even-1_scen-agents50-idx0-seed42-1783618371016,0,0,5,2,4302,871,0,4302,0,0,254,115,0.041000,0.041000,0.000000,0,0,0,0,0
_home_max_Documents_PhD_MAPF_LNS_MAPF_LNS_SAT_mapf-map_room-64-64-8_map-_home_max_Documents_PhD_MAPF_LNS_MAPF_LNS_SAT_mapf-scen-even_scen-even_room-64-64-8-even-1_scen-agents50-idx0-seed42-1783618371016,0,0,6,1,6816,1373,263,7079,161,102,415,217,3.133000,2.907000,0.184370,0,1,1,373,1547
_home_max_Documents_PhD_MAPF_LNS_MAPF_LNS_SAT_mapf-map_room-64-64-8_map-_home_max_Documents_PhD_MAPF_LNS_MAPF_LNS_SAT_mapf-scen-even_scen-even_room-64-64-8-even-1_scen-agents50-idx0-seed42-1783618371016,0,0,6,2,7079,1373,0,7079,0,0,415,217,0.052000,0.052000,0.000000,0,0,0,0,0
_home_max_Documents_PhD_MAPF_LNS_MAPF_LNS_SAT_mapf-map_room-64-64-8_map-_home_max_Documents_PhD_MAPF_LNS_MAPF_LNS_SAT_mapf-scen-even_scen-even_room-64-64-8-even-1_scen-agents50-idx0-seed42-1783618371016,0,0,7,1,9988,1947,339,10327,222,117,637,334,4.529000,4.235000,0.253342,0,1,1,470,2068
_home_max_Documents_PhD_MAPF_LNS_MAPF_LNS_SAT_mapf-map_room-64-64-8_map-_home_max_Documents_PhD_MAPF_LNS_MAPF_LNS_SAT_mapf-scen-even_scen-even_room-64-64-8-even-1_scen-agents50-idx0-seed42-1783618371016,0,0,7,2,10327,1947,0,10327,0,0,637,334,0.082000,0.082000,0.000000,0,0,0,0,0
_home_max_Documents_PhD_MAPF_LNS_MAPF_LNS_SAT_mapf-map_room-64-64-8_map-_home_max_Documents_PhD_MAPF_LNS_MAPF_LNS_SAT_mapf-scen-even_scen-even_room-64-64-8-even-1_scen-agents50-idx0-seed42-1783618371016,0,0,8,1,13670,2612,498,14168,316,182,953,516,6.240000,5.816000,0.334368,0,1,1,596,2773
_home_max_Documents_PhD_MAPF_LNS_MAPF_LNS_SAT_mapf-map_room-64-64-8_map-_home_max_Documents_PhD_MAPF_LNS_MAPF_LNS_SAT_mapf-scen-even_scen-even_room-64-64-8-even-1_scen-agents50-idx0-seed42-1783618371016,0,0,8,2,14168,2612,0,14168,0,0,953,516,5.786000,5.785000,0.000000,1,1,0,0,0
_home_max_Documents_PhD_MAPF_LNS_MAPF_LNS_SAT_mapf-map_room-64-64-8_map-_home_max_Documents_PhD_MAPF_LNS_MAPF_LNS_SAT_mapf-scen-even_scen-even_room-64-64-8-even-1_scen-agents50-idx0-seed42-1783618371016,0,0,9,1,18971,3580,0,18971,0,0,953,516,7.079000,7.079000,0.000000,0,1,0,0,0
_home_max_Documents_PhD_MAPF_LNS_MAPF_LNS_SAT_mapf-map_room-64-64-8_map-_home_max_Documents_PhD_MAPF_LNS_MAPF_LNS_SAT_mapf-scen-even_scen-even_room-64-64-8-even-1_scen-agents50-idx0-seed42-1783618371016,0,1,0,1,1342,337,23,1365,18,5,18,5,0.653000,0.584000,0.028227,0,1,1,114,337
_home_max_Documents_PhD_MAPF_LNS_MAPF_LNS_SAT_mapf-map_room-64-64-8_map-_home_max_Documents_PhD_MAPF_LNS_MAPF_LNS_SAT_mapf-scen-even_scen-even_room-64-64-8-even-1_scen-agents50-idx0-seed42-1783618371016,0,1,0,2,1365,337,0,1365,0,0,18,5,0.004000,0.003000,0.000000,0,0,0,0,0
_home_max_Documents_PhD_MAPF_LNS_MAPF_LNS_SAT_mapf-map_room-64-64-8_map-_home_max_Documents_PhD_MAPF_LNS_MAPF_LNS_SAT_mapf-scen-even_scen-even_room-64-64-8-even-1_scen-agents50-idx0-seed42-1783618371016,0,1,1,1,2115,458,40,2155,31,9,49,14,0.950000,0.892000,0.047631,0,1,1,160,489
_home_max_Documents_PhD_MAPF_LNS_MAPF_LNS_SAT_mapf-map_room-64-64-8_map-_home_max_Documents_PhD_MAPF_LNS_MAPF_LNS_SAT_mapf-scen-even_scen-even_room-64-64-8-even-1_scen-agents50-idx0-seed42-1783618371016,0,1,1,2,2155,458,0,2155,0,0,49,14,0.014000,0.013000,0.000000,0,0,0,0,0
_home_max_Documents_PhD_MAPF_LNS_MAPF_LNS_SAT_mapf-map_room-64-64-8_map-_home_max_Documents_PhD_MAPF_LNS_MAPF_LNS_SAT_mapf-scen-even_scen-even_room-64-64-8-even-1_scen-agents50-idx0-seed42-1783618371016,0,1,2,1,5200,814,27,5227,20,7,69,21,2.232000,2.165000,0.082634,0,1,1,262,814
_home_max_Documents_PhD_MAPF_LNS_MAPF_LNS_SAT_mapf-map_room-64-64-8_map-_home_max_Documents_PhD_MAPF_LNS_MAPF_LNS_SAT_mapf-scen-even_scen-even_room-64-64-8-even-1_scen-agents50-idx0-seed42-1783618371016,0,1,2,2,5227,814,0,5227,0,0,69,21,0.010000,0.009000,0.000000,0,0,0,0,0
_home_max_Documents_PhD_MAPF_LNS_MAPF_LNS_SAT_mapf-map_room-64-64-8_map-_home_max_Documents_PhD_MAPF_LNS_MAPF_LNS_SAT_mapf-scen-even_scen-even_room-64-64-8-even-1_scen-agents50-idx0-seed42-1783618371016,0,1,3,1,15674,1568,40,15714,25,15,94,36,6.135000,6.029000,0.186162,0,1,1,320,1568
_home_max_Documents_PhD_MAPF_LNS_MAPF_LNS_SAT_mapf-map_room-64-64-8_map-_home_max_Documents_PhD_MAPF_LNS_MAPF_LNS_SAT_mapf-scen-even_scen-even_room-64-64-8-even-1_scen-agents50-idx0-seed42-1783618371016,0,1,3,2,15714,1568,0,15714,0,0,94,36,0.012000,0.012000,0.000000,0,0,0,0,0
_home_max_Documents_PhD_MAPF_LNS_MAPF_LNS_SAT_mapf-map_room-64-64-8_map-_home_max_Documents_PhD_MAPF_LNS_MAPF_LNS_SAT_mapf-scen-even_scen-even_room-64-64-8-even-1_scen-agents50-idx0-seed42-1783618371016,0,1,4,1,40573,2966,54,40627,34,20,128,56,16.228000,15.951000,0.419983,0,1,1,443,2966
_home_max_Documents_PhD_MAPF_LNS_MAPF_LNS_SAT_mapf-map_room-64-64-8_map-_home_max_Documents_PhD_MAPF_LNS_MAPF_LNS_SAT_mapf-scen-even_scen-even_room-64-64-8-even-1_scen-agents50-idx0-seed42-1783618371016,0,1,4,2,40627,2966,0,40627,0,0,128,56,0.018000,0.017000,0.000000,0,0,0,0,0
_home_max_Documents_PhD_MAPF_LNS_MAPF_LNS_SAT_mapf-map_room-64-64-8_map-_home_max_Documents_PhD_MAPF_LNS_MAPF_LNS_SAT_mapf-scen-even_scen-even_room-64-64-8-even-1_scen-agents50-idx0-seed42-1783618371016,0,1,5,1,86534,4987,81,86615,54,27,182,83,36.394000,36.038000,0.799669,0,1,1,550,4987
_home_max_Documents_PhD_MAPF_LNS_MAPF_LNS_SAT_mapf-map_room-64-64-8_map-_home_max_Documents_PhD_MAPF_LNS_MAPF_LNS_SAT_mapf-scen-even_scen-even_room-64-64-8-even-1_scen-agents50-idx0-seed42-1783618371016,0,1,5,2,86615,4987,0,86615,0,0,182,83,0.033000,0.032000,0.000000,0,0,0,0,0
_home_max_Documents_PhD_MAPF_LNS_MAPF_LNS_SAT_mapf-map_room-64-64-8_map-_home_max_Documents_PhD_MAPF_LNS_MAPF_LNS_SAT_mapf-scen-even_scen-even_room-64-64-8-even-1_scen-agents50-idx0-seed42-1783618371016,0,1,6,1,152829,7661,78,152907,44,34,226,117,74.174000,73.478000,1.466946,0,1,1,733,7672
_home_max_Documents_PhD_MAPF_LNS_MAPF_LNS_SAT_mapf-map_room-64-64-8_map-_home_max_Documents_PhD_MAPF_LNS_MAPF_LNS_SAT_mapf-scen-even_scen-even_room-64-64-8-even-1_scen-agents50-idx0-seed42-1783618371016,0,1,6,2,152907,7661,0,152907,0,0,226,117,0.037000,0.036000,0.000000,0,0,0,0,0
_home_max_Documents_PhD_MAPF_LNS_MAPF_LNS_SAT_mapf-map_room-64-64-8_map-_home_max_Documents_PhD_MAPF_LNS_MAPF_LNS_SAT_mapf-scen-even_scen-even_room-64-64-8-even-1_scen-agents50-idx0-seed42-1783618371016,0,1,7,1,226470,10750,117,226587,57,60,283,177,122.050000,120.934000,2.166085,0,1,1,879,10753
_home_max_Documents_PhD_MAPF_LNS_MAPF_LNS_SAT_mapf-map_room-64-64-8_map-_home_max_Documents_PhD_MAPF_LNS_MAPF_LNS_SAT_mapf-scen-even_scen-even_room-64-64-8-even-1_scen-agents50-idx0-seed42-1783618371016,0,1,7,2,226587,10750,0,226587,0,0,283,177,128.073000,128.070000,0.000000,1,1,0,0,0
_home_max_Documents_PhD_MAPF_LNS_MAPF_LNS_SAT_mapf-map_room-64-64-8_map-_home_max_Documents_PhD_MAPF_LNS_MAPF_LNS_SAT_mapf-scen-even_scen-even_room-64-64-8-even-1_scen-agents50-idx0-seed42-1783618371016,0,1,8,1,317952,14888,0,317952,0,0,283,177,170.824000,170.823000,0.000000,0,1,0,0,0
_home_max_Documents_PhD_MAPF_LNS_MAPF_LNS_SAT_mapf-map_room-64-64-8_map-_home_max_Documents_PhD_MAPF_LNS_MAPF_LNS_SAT_mapf-scen-even_scen-even_room-64-64-8-even-1_scen-agents50-idx0-seed42-1783618371016,0,2,0,1,4321,768,35,4356,23,12,23,12,1.947000,1.775000,0.077465,0,1,1,243,768
_home_max_Documents_PhD_MAPF_LNS_MAPF_LNS_SAT_mapf-map_room-64-64-8_map-_home_max_Documents_PhD_MAPF_LNS_MAPF_LNS_SAT_mapf-scen-even_scen-even_room-64-64-8-even-1_scen-agents50-idx0-seed42-1783618371016,0,2,0,2,4356,768,0,4356,0,0,23,12,0.013000,0.012000,0.000000,0,0,0,0,0
_home_max_Documents_PhD_MAPF_LNS_MAPF_LNS_SAT_mapf-map_room-64-64-8_map-_home_max_Documents_PhD_MAPF_LNS_MAPF_LNS_SAT_mapf-scen-even_scen-even_room-64-64-8-even-1_scen-agents50-idx0-seed42-1783618371016,0,2,1,1,7461,1048,51,7512,34,17,57,29,3.164000,3.047000,0.131603,0,1,1,209,1064
_home_max_Documents_PhD_MAPF_LNS_MAPF_LNS_SAT_mapf-map_room-64-64-8_map-_home_max_Documents_PhD_MAPF_LNS_MAPF_LNS_SAT_mapf-scen-even_scen-even_room-64-64-8-even-1_scen-agents50-idx0-seed42-1783618371016,0,2,1,2,7512,1048,0,7512,0,0,57,29,0.027000,0.026000,0.000000,0,0,0,0,0
_home_max_Documents_PhD_MAPF_LNS_MAPF_LNS_SAT_mapf-map_room-64-64-8_map-_home_max_Documents_PhD_MAPF_LNS_MAPF_LNS_SAT_mapf-scen-even_scen-even_room-64-64-8-even-1_scen-agents50-idx0-seed42-1783618371016,0,2,2,1,19667,1886,47,19714,29,18,86,47,7.748000,7.595000,0.236026,0,1,1,397,1889
_home_max_Documents_PhD_MAPF_LNS_MAPF_LNS_SAT_mapf-map_room-64-64-8_map-_home_max_Documents_PhD_MAPF_LNS_MAPF_LNS_SAT_mapf-scen-even_scen-even_room-64-64-8-even-1_scen-agents50-idx0-seed42-1783618371016,0,2,2,2,19714,1886,0,19714,0,0,86,47,0.021000,0.020000,0.000000,0,0,0,0,0
_home_max_Documents_PhD_MAPF_LNS_MAPF_LNS_SAT_mapf-map_room-64-64-8_map-_home_max_Documents_PhD_MAPF_LNS_MAPF_LNS_SAT_mapf-scen-even_scen-even_room-64-64-8-even-1_scen-agents50-idx0-seed42-1783618371016,0,2,3,1,54095,3503,59,54154,37,22,123,69,21.655000,21.374000,0.534647,0,1,1,537,3506
_home_max_Documents_PhD_MAPF_LNS_MAPF_LNS_SAT_mapf-map_room-64-64-8_map-_home_max_Documents_PhD_MAPF_LNS_MAPF_LNS_SAT_mapf-scen-even_scen-even_room-64-64-8-even-1_scen-agents50-idx0-seed42-1783618371016,0,2,3,2,54154,3503,55,54209,40,15,163,84,0.438000,0.282000,0.242446,0,0,1,1276,8051
_home_max_Documents_PhD_MAPF_LNS_MAPF_LNS_SAT_mapf-map_room-64-64-8_map-_home_max_Documents_PhD_MAPF_LNS_MAPF_LNS_SAT_mapf-scen-even_scen-even_room-64-64-8-even-1_scen-agents50-idx0-seed42-1783618371016,0,2,3,3,54209,3503,33,54242,25,8,188,92,0.423000,0.302000,0.269498,0,0,1,2267,14160
_home_max_Documents_PhD_MAPF_LNS_MAPF_LNS_SAT_mapf-map_room-64-64-8_map-_home_max_Documents_PhD_MAPF_LNS_MAPF_LNS_SAT_mapf-scen-even_scen-even_room-64-64-8-even-1_scen-agents50-idx0-seed42-1783618371016,0,2,3,4,54242,3503,38,54280,34,4,222,96,0.386000,0.274000,0.250430,0,0,1,3071,19295
_home_max_Documents_PhD_MAPF_LNS_MAPF_LNS_SAT_mapf-map_room-64-64-8_map-_home_max_Documents_PhD_MAPF_LNS_MAPF_LNS_SAT_mapf-scen-even_scen-even_room-64-64-8-even-1_scen-agents50-idx0-seed42-1783618371016,0,2,3,5,54280,3503,38,54318,28,10,250,106,0.420000,0.299000,0.275263,0,0,1,3957,24547
_home_max_Documents_PhD_MAPF_LNS_MAPF_LNS_SAT_mapf-map_room-64-64-8_map-_home_max_Documents_PhD_MAPF_LNS_MAPF_LNS_SAT_mapf-scen-even_scen-even_room-64-64-8-even-1_scen-agents50-idx0-seed42-1783618371016,0,2,3,6,54318,3503,24,54342,16,8,266,114,0.569000,0.445000,0.415977,0,0,1,4826,31865
_home_max_Documents_PhD_MAPF_LNS_MAPF_LNS_SAT_mapf-map_room-64-64-8_map-_home_max_Documents_PhD_MAPF_LNS_MAPF_LNS_SAT_mapf-scen-even_scen-even_room-64-64-8-even-1_scen-agents50-idx0-seed42-1783618371016,0,2,3,7,54342,3503,23,54365,18,5,284,119,0.390000,0.287000,0.264803,0,0,1,5216,36512
_home_max_Documents_PhD_MAPF_LNS_MAPF_LNS_SAT_mapf-map_room-64-64-8_map-_home_max_Documents_PhD_MAPF_LNS_MAPF_LNS_SAT_mapf-scen-even_scen-even_room-64-64-8-even-1_scen-agents50-idx0-seed42-1783618371016,0,2,3,8,54365,3503,24,54389,18,6,302,125,0.460000,0.348000,0.327379,0,0,1,5587,42732
_home_max_Documents_PhD_MAPF_LNS_MAPF_LNS_SAT_mapf-map_room-64-64-8_map-_home_max_Documents_PhD_MAPF_LNS_MAPF_LNS_SAT_mapf-scen-even_scen-even_room-64-64-8-even-1_scen-agents50-idx0-seed42-1783618371016,0,2,3,9,54389,3503,13,54402,11,2,313,127,0.436000,0.353000,0.333465,0,0,1,6036,48905
_home_max_Documents_PhD_MAPF_LNS_MAPF_LNS_SAT_mapf-map_room-64-64-8_map-_home_max_Documents_PhD_MAPF_LNS_MAPF_LNS_SAT_mapf-scen-even_scen-even_room-64-64-8-even-1_scen-agents50-idx0-seed42-1783618371016,0,2,3,10,54402,3503,11,54413,9,2,322,129,0.464000,0.377000,0.363284,0,0,1,6480,55308
_home_max_Documents_PhD_MAPF_LNS_MAPF_LNS_SAT_mapf-map_room-64-64-8_map-_home_max_Documents_PhD_MAPF_LNS_MAPF_LNS_SAT_mapf-scen-even_scen-even_room-64-64-8-even-1_scen-agents50-idx0-seed42-1783618371016,0,2,3,11,54413,3503,5,54418,3,2,325,131,0.292000,0.217000,0.203742,0,0,1,6678,58705
_home_max_Documents_PhD_MAPF_LNS_MAPF_LNS_SAT_mapf-map_room-64-64-8_map-_home_max_Documents_PhD_MAPF_LNS_MAPF_LNS_SAT_mapf-scen-even_scen-even_room-64-64-8-even-1_scen-agents50-idx0-seed42-1783618371016,0,2,3,12,54418,3503,13,54431,12,1,337,132,0.286000,0.209000,0.198205,0,0,1,6896,62102
_home_max_Documents_PhD_MAPF_LNS_MAPF_LNS_SAT_mapf-map_room-64-64-8_map-_home_max_Documents_PhD_MAPF_LNS_MAPF_LNS_SAT_mapf-scen-even_scen-even_room-64-64-8-even-1_scen-agents50-idx0-seed42-1783618371016,0,2,3,13,54431,3503,15,54446,13,2,350,134,0.352000,0.272000,0.260037,0,0,1,7236,66410
_home_max_Documents_PhD_MAPF_LNS_MAPF_LNS_SAT_mapf-map_room-64-64-8_map-_home_max_Documents_PhD_MAPF_LNS_MAPF_LNS_SAT_mapf-scen-even_scen-even_room-64-64-8-even-1_scen-agents50-idx0-seed42-1783618371016,0,2,3,14,54446,3503,12,54458,10,2,360,136,0.378000,0.300000,0.284668,0,0,1,7526,71261
_home_max_Documents_PhD_MAPF_LNS_MAPF_LNS_SAT_mapf-map_room-64-64-8_map-_home_max_Documents_PhD_MAPF_LNS_MAPF_LNS_SAT_mapf-scen-even_scen-even_room-64-64-8-even-1_scen-agents50-idx0-seed42-1783618371016,0,2,3,15,54458,3503,19,54477,14,5,374,141,0.421000,0.320000,0.305193,0,0,1,7879,76429
_home_max_Documents_PhD_MAPF_LNS_MAPF_LNS_SAT_mapf-map_room-64-64-8_map-_home_max_Documents_PhD_MAPF_LNS_MAPF_LNS_SAT_mapf-scen-even_scen-even_room-64-64-8-even-1_scen-agents50-idx0-seed42-1783618371016,0,2,3,16,54477,3503,19,54496,13,6,387,147,0.528000,0.416000,0.396884,0,0,1,8191,83535
_home_max_Documents_PhD_MAPF_LNS_MAPF_LNS_SAT_mapf-map_room-64-64-8_map-_home_max_Documents_PhD_MAPF_LNS_MAPF_LNS_SAT_mapf-scen-even_scen-even_room-64-64-8-even-1_scen-agents50-idx0-seed42-1783618371016,0,2,3,17,54496,3503,29,54525,22,7,409,154,0.417000,0.297000,0.279757,0,0,1,8467,87354
_home_max_Documents_PhD_MAPF_LNS_MAPF_LNS_SAT_mapf-map_room-64-64-8_map-_home_max_Documents_PhD_MAPF_LNS_MAPF_LNS_SAT_mapf-scen-even_scen-even_room-64-64-8-even-1_scen-agents50-idx0-seed42-1783618371016,0,2,3,18,54525,3503,18,54543,11,7,420,161,0.408000,0.312000,0.291103,0,0,1,8697,91572
_home_max_Documents_PhD_MAPF_LNS_MAPF_LNS_SAT_mapf-map_room-64-64-8_map-_home_max_Documents_PhD_MAPF_LNS_MAPF_LNS_SAT_mapf-scen-even_scen-even_room-64-64-8-even-1_scen-agents50-idx0-seed42-1783618371016,0,2,3,19,54543,3503,18,54561,10,8,430,169,0.443000,0.346000,0.327808,0,0,1,9010,96571
_home_max_Documents_PhD_MAPF_LNS_MAPF_LNS_SAT_mapf-map_room-64-64-8_map-_home_max_Documents_PhD_MAPF_LNS_MAPF_LNS_SAT_mapf-scen-even_scen-even_room-64-64-8-even-1_scen-agents50-idx0-seed42-1783618371016,0,2,3,20,54561,3503,24,54585,19,5,449,174,0.522000,0.408000,0.391607,0,0,1,9390,101588
_home_max_Documents_PhD_MAPF_LNS_MAPF_LNS_SAT_mapf-map_room-64-64-8_map-_home_max_Documents_PhD_MAPF_LNS_MAPF_LNS_SAT_mapf-scen-even_scen-even_room-64-64-8-even-1_scen-agents50-idx0-seed42-1783618371016,0,2,3,21,54585,3503,16,54601,12,4,461,178,0.434000,0.337000,0.316331,0,0,1,9723,105505
_home_max_Documents_PhD_MAPF_LNS_MAPF_LNS_SAT_mapf-map_room-64-64-8_map-_home_max_Documents_PhD_MAPF_LNS_MAPF_LNS_SAT_mapf-scen-even_scen-even_room-64-64-8-even-1_scen-agents50-idx0-seed42-1783618371016,0,2,3,22,54601,3503,20,54621,17,3,478,181,0.545000,0.447000,0.431074,0,0,1,10116,111637
_home_max_Documents_PhD_MAPF_LNS_MAPF_LNS_SAT_mapf-map_room-64-64-8_map-_home_max_Documents_PhD_MAPF_LNS_MAPF_LNS_SAT_mapf-scen-even_scen-even_room-64-64-8-even-1_scen-agents50-idx0-seed42-1783618371016,0,2,3,23,54621,3503,14,54635,10,4,488,185,0.595000,0.482000,0.464783,0,0,1,10605,118298
_home_max_Documents_PhD_MAPF_LNS_MAPF_LNS_SAT_mapf-map_room-64-64-8_map-_home_max_Documents_PhD_MAPF_LNS_MAPF_LNS_SAT_mapf-scen-even_scen-even_room-64-64-8-even-1_scen-agents50-idx0-seed42-1783618371016,0,2,3,24,54635,3503,17,54652,8,9,496,194,0.604000,0.503000,0.486248,0,0,1,11142,124297
_home_max_Documents_PhD_MAPF_LNS_MAPF_LNS_SAT_mapf-map_room-64-64-8_map-_home_max_Documents_PhD_MAPF_LNS_MAPF_LNS_SAT_mapf-scen-even_scen-even_room-64-64-8-even-1_scen-agents50-idx0-seed42-1783618371016,0,2,3,25,54652,3503,17,54669,13,4,509,198,1.086000,0.964000,0.942220,0,0,1,11547,130822
_home_max_Documents_PhD_MAPF_LNS_MAPF_LNS_SAT_mapf-map_room-64-64-8_map-_home_max_Documents_PhD_MAPF_LNS_MAPF_LNS_SAT_mapf-scen-even_scen-even_room-64-64-8-even-1_scen-agents50-idx0-seed42-1783618371016,0,2,3,26,54669,3503,11,54680,7,4,516,202,0.456000,0.359000,0.339807,0,0,1,11835,134998
_home_max_Documents_PhD_MAPF_LNS_MAPF_LNS_SAT_mapf-map_room-64-64-8_map-_home_max_Documents_PhD_MAPF_LNS_MAPF_LNS_SAT_mapf-scen-even_scen-even_room-64-64-8-even-1_scen-agents50-idx0-seed42-1783618371016,0,2,3,27,54680,3503,20,54700,11,9,527,211,0.534000,0.432000,0.418657,0,0,1,12145,139701
_home_max_Documents_PhD_MAPF_LNS_MAPF_LNS_SAT_mapf-map_room-64-64-8_map-_home_max_Documents_PhD_MAPF_LNS_MAPF_LNS_SAT_mapf-scen-even_scen-even_room-64-64-8-even-1_scen-agents50-idx0-seed42-1783618371016,0,2,3,28,54700,3503,25,54725,19,6,546,217,0.801000,0.689000,0.671465,0,0,1,13150,148505
_home_max_Documents_PhD_MAPF_LNS_MAPF_LNS_SAT_mapf-map_room-64-64-8_map-_home_max_Documents_PhD_MAPF_LNS_MAPF_LNS_SAT_mapf-scen-even_scen-even_room-64-64-8-even-1_scen-agents50-idx0-seed42-1783618371016,0,2,3,29,54725,3503,25,54750,15,10,561,227,1.073000,0.956000,0.932781,0,0,1,14147,161122
_home_max_Documents_PhD_MAPF_LNS_MAPF_LNS_SAT_mapf-map_room-64-64-8_map-_home_max_Documents_PhD_MAPF_LNS_MAPF_LNS_SAT_mapf-scen-even_scen-even_room-64-64-8-even-1_scen-agents50-idx0-seed42-1783618371016,0,2,3,30,54750,3503,17,54767,9,8,570,235,1.292000,1.183000,1.159945,0,0,1,15111,177897
_home_max_Documents_PhD_MAPF_LNS_MAPF_LNS_SAT_mapf-map_room-64-64-8_map-_home_max_Documents_PhD_MAPF_LNS_MAPF_LNS_SAT_mapf-scen-even_scen-even_room-64-64-8-even-1_scen-agents50-idx0-seed42-1783618371016,0,2,3,31,54767,3503,15,54782,13,2,583,237,0.491000,0.396000,0.378041,0,0,1,15438,181914
_home_max_Documents_PhD_MAPF_LNS_MAPF_LNS_SAT_mapf-map_room-64-64-8_map-_home_max_Documents_PhD_MAPF_LNS_MAPF_LNS_SAT_mapf-scen-even_scen-even_room-64-64-8-even-1_scen-agents50-idx0-seed42-1783618371016,0,2,3,32,54782,3503,12,54794,8,4,591,241,0.495000,0.410000,0.393348,0,0,1,15737,186656
_home_max_Documents_PhD_MAPF_LNS_MAPF_LNS_SAT_mapf-map_room-64-64-8_map-_home_max_Documents_PhD_MAPF_LNS_MAPF_LNS_SAT_mapf-scen-even_scen-even_room-64-64-8-even-1_scen-agents50-idx0-seed42-1783618371016,0,2,3,33,54794,3503,19,54813,16,3,607,244,0.598000,0.499000,0.486167,0,0,1,16015,193479
_home_max_Documents_PhD_MAPF_LNS_MAPF_LNS_SAT_mapf-map_room-64-64-8_map-_home_max_Documents_PhD_MAPF_LNS_MAPF_LNS_SAT_mapf-scen-even_scen-even_room-64-64-8-even-1_scen-agents50-idx0-seed42-1783618371016,0,2,3,34,54813,3503,14,54827,12,2,619,246,0.643000,0.556000,0.538027,0,0,1,16296,200500
_home_max_Documents_PhD_MAPF_LNS_MAPF_LNS_SAT_mapf-map_room-64-64-8_map-_home_max_Documents_PhD_MAPF_LNS_MAPF_LNS_SAT_mapf-scen-even_scen-even_room-64-64-8-even-1_scen-agents50-idx0-seed42-1783618371016,0,2,3,35,54827,3503,7,54834,3,4,622,250,0.501000,0.415000,0.400158,0,0,1,16554,205170
_home_max_Documents_PhD_MAPF_LNS_MAPF_LNS_SAT_mapf-map_room-64-64-8_map-_home_max_Documents_PhD_MAPF_LNS_MAPF_LNS_SAT_mapf-scen-even_scen-even_room-64-64-8-even-1_scen-agents50-idx0-seed42-1783618371016,0,2,3,36,54834,3503,7,54841,2,5,624,255,0.534000,0.454000,0.440532,0,0,1,16898,210807
_home_max_Documents_PhD_MAPF_LNS_MAPF_LNS_SAT_mapf-map_room-64-64-8_map-_home_max_Documents_PhD_MAPF_LNS_MAPF_LNS_SAT_mapf-scen-even_scen-even_room-64-64-8-even-1_scen-agents50-idx0-seed42-1783618371016,0,2,3,37,54841,3503,20,54861,12,8,636,263,0.829000,0.719000,0.705768,0,0,1,17304,221127
_home_max_Documents_PhD_MAPF_LNS_MAPF_LNS_SAT_mapf-map_room-64-64-8_map-_home_max_Documents_PhD_MAPF_LNS_MAPF_LNS_SAT_mapf-scen-even_scen-even_room-64-64-8-even-1_scen-agents50-idx0-seed42-1783618371016,0,2,3,38,54861,3503,12,54873,7,5,643,268,0.553000,0.439000,0.414615,0,0,1,17664,225560
_home_max_Documents_PhD_MAPF_LNS_MAPF_LNS_SAT_mapf-map_room-64-64-8_map-_home_max_Documents_PhD_MAPF_LNS_MAPF_LNS_SAT_mapf-scen-even_scen-even_room-64-64-8-even-1_scen-agents50-idx0-seed42-1783618371016,0,2,3,39,54873,3503,10,54883,8,2,651,270,0.505000,0.410000,0.390256,0,0,1,17992,229827
_home_max_Documents_PhD_MAPF_LNS_MAPF_LNS_SAT_mapf-map_room-64-64-8_map-_home_max_Documents_PhD_MAPF_LNS_MAPF_LNS_SAT_mapf-scen-even_scen-even_room-64-64-8-even-1_scen-agents50-idx0-seed42-1783618371016,0,2,3,40,54883,3503,10,54893,6,4,657,274,0.449000,0.361000,0.346065,0,0,1,18255,233480
_home_max_Documents_PhD_MAPF_LNS_MAPF_LNS_SAT_mapf-map_room-64-64-8_map-_home_max_Documents_PhD_MAPF_LNS_MAPF_LNS_SAT_mapf-scen-even_scen-even_room-64-64-8-even-1_scen-agents50-idx0-seed42-1783618371016,0,2,3,41,54893,3503,2,54895,1,1,658,275,0.413000,0.340000,0.327955,0,0,1,18549,236855
_home_max_Documents_PhD_MAPF_LNS_MAPF_LNS_SAT_mapf-map_room-64-64-8_map-_home_max_Documents_PhD_MAPF_LNS_MAPF_LNS_SAT_mapf-scen-even_scen-even_room-64-64-8-even-1_scen-agents50-idx0-seed42-1783618371016,0,2,3,42,54895,3503,1,54896,1,0,659,275,0.421000,0.357000,0.348572,0,0,1,18818,240432
_home_max_Documents_PhD_MAPF_LNS_MAPF_LNS_SAT_mapf-map_room-64-64-8_map-_home_max_Documents_PhD_MAPF_LNS_MAPF_LNS_SAT_mapf-scen-even_scen-even_room-64-64-8-even-1_scen-agents50-idx0-seed42-1783618371016,0,2,3,43,54896,3503,1,54897,0,1,659,276,0.401000,0.336000,0.326970,0,0,1,19047,243750
_home_max_Documents_PhD_MAPF_LNS_MAPF_LNS_SAT_mapf-map_room-64-64-8_map-_home_max_Documents_PhD_MAPF_LNS_MAPF_LNS_SAT_mapf-scen-even_scen-even_room-64-64-8-even-1_scen-agents50-idx0-seed42-1783618371016,0,2,3,44,54897,3503,1,54898,1,0,660,276,0.824000,0.759000,0.750090,0,0,1,19266,247068
_home_max_Documents_PhD_MAPF_LNS_MAPF_LNS_SAT_mapf-map_room-64-64-8_map-_home_max_Documents_PhD_MAPF_LNS_MAPF_LNS_SAT_mapf-scen-even_scen-even_room-64-64-8-even-1_scen-agents50-idx0-seed42-1783618371016,0,2,3,45,54898,3503,1,54899,1,0,661,276,0.400000,0.339000,0.330378,0,0,1,19506,250462
_home_max_Documents_PhD_MAPF_LNS_MAPF_LNS_SAT_mapf-map_room-64-64-8_map-_home_max_Documents_PhD_MAPF_LNS_MAPF_LNS_SAT_mapf-scen-even_scen-even_room-64-64-8-even-1_scen-agents50-idx0-seed42-1783618371016,0,2,3,46,54899,3503,0,54899,0,0,661,276,0.393000,0.333000,0.325441,0,0,1,19749,253780
_home_max_Documents_PhD_MAPF_LNS_MAPF_LNS_SAT_mapf-map_room-64-64-8_map-_home_max_Documents_PhD_MAPF_LNS_MAPF_LNS_SAT_mapf-scen-even_scen-even_room-64-64-8-even-1_scen-agents50-idx0-seed42-1783618371016,0,0,0,1,31,18,2,33,1,1,1,1,0.040000,0.029000,0.002369,0,1,1,3,18
_home_max_Documents_PhD_MAPF_LNS_MAPF_LNS_SAT_mapf-map_room-64-64-8_map-_home_max_Documents_PhD_MAPF_LNS_MAPF_LNS_SAT_mapf-scen-even_scen-even_room-64-64-8-even-1_scen-agents50-idx0-seed42-1783618371016,0,0,0,2,33,18,0,33,0,0,1,1,0.002000,0.002000,0.000000,0,0,0,0,0
_home_max_Documents_PhD_MAPF_LNS_MAPF_LNS_SAT_mapf-map_room-64-64-8_map-_home_max_Documents_PhD_MAPF_LNS_MAPF_LNS_SAT_mapf-scen-even_scen-even_room-64-64-8-even-1_scen-agents50-idx0-seed42-1783618371016,0,0,1,1,43,23,1,44,1,0,2,1,0.039000,0.030000,0.003455,0,1,1,7,28
_home_max_Documents_PhD_MAPF_LNS_MAPF_LNS_SAT_mapf-map_room-64-64-8_map-_home_max_Documents_PhD_MAPF_LNS_MAPF_LNS_SAT_mapf-scen-even_scen-even_room-64-64-8-even-1_scen-agents50-idx0-seed42-1783618371016,0,0,1,2,44,23,0,44,0,0,2,1,0.001000,0.001000,0.000000,0,0,0,0,0
_home_max_Documents_PhD_MAPF_LNS_MAPF_LNS_SAT_mapf-map_room-64-64-8_map-_home_max_Documents_PhD_MAPF_LNS_MAPF_LNS_SAT_mapf-scen-even_scen-even_room-64-64-8-even-1_scen-agents50-idx0-seed42-1783618371016,0,0,2,1,120,42,1,121,0,1,2,2,0.077000,0.068000,0.005141,0,1,1,14,42
_home_max_Documents_PhD_MAPF_LNS_MAPF_LNS_SAT_mapf-map_room-64-64-8_map-_home_max_Documents_PhD_MAPF_LNS_MAPF_LNS_SAT_mapf-scen-even_scen-even_room-64-64-8-even-1_scen-agents50-idx0-seed42-1783618371016,0,0,2,2,121,42,2,123,1,1,3,3,0.016000,0.008000,0.004309,0,0,1,24,72
_home_max_Documents_PhD_MAPF_LNS_MAPF_LNS_SAT_mapf-map_room-64-64-8_map-_home_max_Documents_PhD_MAPF_LNS_MAPF_LNS_SAT_mapf-scen-even_scen-even_room-64-64-8-even-1_scen-agents50-idx0-seed42-1783618371016,0,0,2,3,123,42,0,123,0,0,3,3,0.015000,0.009000,0.004554,0,0,1,37,107
_home_max_Documents_PhD_MAPF_LNS_MAPF_LNS_SAT_mapf-map_room-64-64-8_map-_home_max_Documents_PhD_MAPF_LNS_MAPF_LNS_SAT_mapf-scen-even_scen-even_room-64-64-8-even-1_scen-agents50-idx0-seed42-1783618371016,0,0,0,1,24,10,1,25,0,1,0,1,0.030000,0.022000,0.001759,0,1,1,5,10
_home_max_Documents_PhD_MAPF_LNS_MAPF_LNS_SAT_mapf-map_room-64-64-8_map-_home_max_Documents_PhD_MAPF_LNS_MAPF_LNS_SAT_mapf-scen-even_scen-even_room-64-64-8-even-1_scen-agents50-idx0-seed42-1783618371016,0,0,0,2,25,10,0,25,0,0,0,1,0.008000,0.004000,0.000622,0,0,1,9,15
_home_max_Documents_PhD_MAPF_LNS_MAPF_LNS_SAT_mapf-map_room-64-64-8_map-_home_max_Documents_PhD_MAPF_LNS_MAPF_LNS_SAT_mapf-scen-even_scen-even_room-64-64-8-even-1_scen-agents50-idx0-seed42-1783618371016,0,0,0,1,12,8,1,13,0,1,0,1,0.018000,0.012000,0.000691,0,1,1,1,8
_home_max_Documents_PhD_MAPF_LNS_MAPF_LNS_SAT_mapf-map_room-64-64-8_map-_home_max_Documents_PhD_MAPF_LNS_MAPF_LNS_SAT_mapf-scen-even_scen-even_room-64-64-8-even-1_scen-agents50-idx0-seed42-1783618371016,0,0,0,2,13,8,0,13,0,0,0,1,0.002000,0.001000,0.000000,0,0,0,0,0
_home_max_Documents_PhD_MAPF_LNS_MAPF_LNS_SAT_mapf-map_room-64-64-8_map-_home_max_Documents_PhD_MAPF_LNS_MAPF_LNS_SAT_mapf-scen-even_scen-even_room-64-64-8-even-1_scen-agents50-idx0-seed42-1783618371016,0,0,1,1,23,13,1,24,1,0,1,1,0.025000,0.018000,0.001190,0,1,1,2,13
_home_max_Documents_PhD_MAPF_LNS_MAPF_LNS_SAT_mapf-map_room-64-64-8_map-_home_max_Documents_PhD_MAPF_LNS_MAPF_LNS_SAT_mapf-scen-even_scen-even_room-64-64-8-even-1_scen-agents50-idx0-seed42-1783618371016,0,0,1,2,24,13,0,24,0,0,1,1,0.001000,0.001000,0.000000,0,0,0,0,0
_home_max_Documents_PhD_MAPF_LNS_MAPF_LNS_SAT_mapf-map_room-64-64-8_map-_home_max_Documents_PhD_MAPF_LNS_MAPF_LNS_SAT_mapf-scen-even_scen-even_room-64-64-8-even-1_scen-agents50-idx0-seed42-1783618371016,0,0,2,1,70,28,2,72,1,1,2,2,0.053000,0.044000,0.003096,0,1,1,3,28
_home_max_Documents_PhD_MAPF_LNS_MAPF_LNS_SAT_mapf-map_room-64-64-8_map-_home_max_Documents_PhD_MAPF_LNS_MAPF_LNS_SAT_mapf-scen-even_scen-even_room-64-64-8-even-1_scen-agents50-idx0-seed42-1783618371016,0,0,2,2,72,28,2,74,1,1,3,3,0.012000,0.005000,0.001339,0,0,1,6,43
_home_max_Documents_PhD_MAPF_LNS_MAPF_LNS_SAT_mapf-map_room-64-64-8_map-_home_max_Documents_PhD_MAPF_LNS_MAPF_LNS_SAT_mapf-scen-even_scen-even_room-64-64-8-even-1_scen-agents50-idx0-seed42-1783618371016,0,0,2,3,74,28,0,74,0,0,3,3,0.002000,0.002000,0.000000,0,0,0,0,0
_home_max_Documents_PhD_MAPF_LNS_MAPF_LNS_SAT_mapf-map_room-64-64-8_map-_home_max_Documents_PhD_MAPF_LNS_MAPF_LNS_SAT_mapf-scen-even_scen-even_room-64-64-8-even-1_scen-agents50-idx0-seed42-1783618371016,0,0,3,1,221,60,3,224,2,1,5,4,0.128000,0.117000,0.010401,0,1,1,13,65
_home_max_Documents_PhD_MAPF_LNS_MAPF_LNS_SAT_mapf-map_room-64-64-8_map-_home_max_Documents_PhD_MAPF_LNS_MAPF_LNS_SAT_mapf-scen-even_scen-even_room-64-64-8-even-1_scen-agents50-idx0-seed42-1783618371016,0,0,3,2,224,60,0,224,0,0,5,4,0.003000,0.002000,0.000000,0,0,0,0,0
_home_max_Documents_PhD_MAPF_LNS_MAPF_LNS_SAT_mapf-map_room-64-64-8_map-_home_max_Documents_PhD_MAPF_LNS_MAPF_LNS_SAT_mapf-scen-even_scen-even_room-64-64-8-even-1_scen-agents50-idx0-seed42-1783618371016,0,0,4,1,541,133,10,551,8,2,13,6,0.284000,0.266000,0.026729,0,1,1,54,242
_home_max_Documents_PhD_MAPF_LNS_MAPF_LNS_SAT_mapf-map_room-64-64-8_map-_home_max_Documents_PhD_MAPF_LNS_MAPF_LNS_SAT_mapf-scen-even_scen-even_room-64-64-8-even-1_scen-agents50-idx0-seed42-1783618371016,0,0,4,2,551,133,0,551,0,0,13,6,0.002000,0.001000,0.000000,0,0,0,0,0
_home_max_Documents_PhD_MAPF_LNS_MAPF_LNS_SAT_mapf-map_room-64-64-8_map-_home_max_Documents_PhD_MAPF_LNS_MAPF_LNS_SAT_mapf-scen-even_scen-even_room-64-64-8-even-1_scen-agents50-idx0-seed42-1783618371016,0,0,5,1,1022,229,0,1022,0,0,13,6,0.428000,0.428000,0.000000,0,1,0,0,0
_home_max_Documents_PhD_MAPF_LNS_MAPF_LNS_SAT_mapf-map_room-64-64-8_map-_home_max_Documents_PhD_MAPF_LNS_MAPF_LNS_SAT_mapf-scen-even_scen-even_room-64-64-8-even-1_scen-agents50-idx0-seed42-1783618371016,0,1,0,1,117,61,8,125,4,4,4,4,0.077000,0.057000,0.003145,0,1,1,6,61
_home_max_Documents_PhD_MAPF_LNS_MAPF_LNS_SAT_mapf-map_room-64-64-8_map-_home_max_Documents_PhD_MAPF_LNS_MAPF_LNS_SAT_mapf-scen-even_scen-even_room-64-64-8-even-1_scen-agents50-idx0-seed42-1783618371016,0,1,0,2,125,61,0,125,0,0,4,4,0.001000,0.001000,0.000000,0,0,0,0,0
_home_max_Documents_PhD_MAPF_LNS_MAPF_LNS_SAT_mapf-map_room-64-64-8_map-_home_max_Documents_PhD_MAPF_LNS_MAPF_LNS_SAT_mapf-scen-even_scen-even_room-64-64-8-even-1_scen-agents50-idx0-seed42-1783618371016,0,1,1,1,205,97,8,213,5,3,9,7,0.124000,0.105000,0.012540,0,1,1,23,154
_home_max_Documents_PhD_MAPF_LNS_MAPF_LNS_SAT_mapf-map_room-64-64-8_map-_home_max_Documents_PhD_MAPF_LNS_MAPF_LNS_SAT_mapf-scen-even_scen-even_room-64-64-8-even-1_scen-agents50-idx0-seed42-1783618371016,0,1,1,2,213,97,0,213,0,0,9,7,0.003000,0.002000,0.000000,0,0,0,0,0
_home_max_Documents_PhD_MAPF_LNS_MAPF_LNS_SAT_mapf-map_room-64-64-8_map-_home_max_Documents_PhD_MAPF_LNS_MAPF_LNS_SAT_mapf-scen-even_scen-even_room-64-64-8-even-1_scen-agents50-idx0-seed42-1783618371016,0,1,2,1,1210,301,18,1228,14,4,23,11,0.604000,0.576000,0.049075,0,1,1,84,396
_home_max_Documents_PhD_MAPF_LNS_MAPF_LNS_SAT_mapf-map_room-64-64-8_map-_home_max_Documents_PhD_MAPF_LNS_MAPF_LNS_SAT_mapf-scen-even_scen-even_room-64-64-8-even-1_scen-agents50-idx0-seed42-1783618371016,0,1,2,2,1228,301,0,1228,0,0,23,11,0.008000,0.008000,0.000000,0,0,0,0,0
_home_max_Documents_PhD_MAPF_LNS_MAPF_LNS_SAT_mapf-map_room-64-64-8_map-_home_max_Documents_PhD_MAPF_LNS_MAPF_LNS_SAT_mapf-scen-even_scen-even_room-64-64-8-even-1_scen-agents50-idx0-seed42-1783618371016,0,1,3,1,5974,764,8,5982,6,2,29,13,2.511000,2.462000,0.140443,0,1,1,206,1048
_home_max_Documents_PhD_MAPF_LNS_MAPF_LNS_SAT_mapf-map_room-64-64-8_map-_home_max_Documents_PhD_MAPF_LNS_MAPF_LNS_SAT_mapf-scen-even_scen-even_room-64-64-8-even-1_scen-agents50-idx0-seed42-1783618371016,0,1,3,2,5982,764,0,5982,0,0,29,13,0.006000,0.005000,0.000000,0,0,0,0,0
_home_max_Documents_PhD_MAPF_LNS_MAPF_LNS_SAT_mapf-map_room-64-64-8_map-_home_max_Documents_PhD_MAPF_LNS_MAPF_LNS_SAT_mapf-scen-even_scen-even_room-64-64-8-even-1_scen-agents50-idx0-seed42-1783618371016,0,1,4,1,14462,1333,15,14477,10,5,39,18,5.710000,5.637000,0.228223,0,1,1,286,1500
_home_max_Documents_PhD_MAPF_LNS_MAPF_LNS_SAT_mapf-map_room-64-64-8_map-_home_max_Documents_PhD_MAPF_LNS_MAPF_LNS_SAT_mapf-scen-even_scen-even_room-64-64-8-even-1_scen-agents50-idx0-seed42-1783618371016,0,1,4,2,14477,1333,9,14486,8,1,47,19,0.153000,0.116000,0.094651,0,0,1,500,3142
_home_max_Documents_PhD_MAPF_LNS_MAPF_LNS_SAT_mapf-map_room-64-64-8_map-_home_max_Documents_PhD_MAPF_LNS_MAPF_LNS_SAT_mapf-scen-even_scen-even_room-64-64-8-even-1_scen-agents50-idx0-seed42-1783618371016,0,1,4,3,14486,1333,2,14488,1,1,48,20,0.127000,0.101000,0.091794,0,0,1,781,4604
_home_max_Documents_PhD_MAPF_LNS_MAPF_LNS_SAT_mapf-map_room-64-64-8_map-_home_max_Documents_PhD_MAPF_LNS_MAPF_LNS_SAT_mapf-scen-even_scen-even_room-64-64-8-even-1_scen-agents50-idx0-seed42-1783618371016,0,1,4,4,14488,1333,3,14491,1,2,49,22,0.105000,0.079000,0.073222,0,0,1,961,5884
_home_max_Documents_PhD_MAPF_LNS_MAPF_LNS_SAT_mapf-map_room-64-64-8_map-_home_max_Documents_PhD_MAPF_LNS_MAPF_LNS_SAT_mapf-scen-even_scen-even_room-64-64-8-even-1_scen-agents50-idx0-seed42-1783618371016,0,1,4,5,14491,1333,4,14495,2,2,51,24,0.123000,0.095000,0.089075,0,0,1,1233,7396
_home_max_Documents_PhD_MAPF_LNS_MAPF_LNS_SAT_mapf-map_room-64-64-8_map-_home_max_Documents_PhD_MAPF_LNS_MAPF_LNS_SAT_mapf-scen-even_scen-even_room-64-64-8-even-1_scen-agents50-idx0-seed42-1783618371016,0,1,4,6,14495,1333,2,14497,1,1,52,25,0.109000,0.085000,0.078660,0,0,1,1385,8830
_home_max_Documents_PhD_MAPF_LNS_MAPF_LNS_SAT_mapf-map_room-64-64-8_map-_home_max_Documents_PhD_MAPF_LNS_MAPF_LNS_SAT_mapf-scen-even_scen-even_room-64-64-8-even-1_scen-agents50-idx0-seed42-1783618371016,0,1,4,7,14497,1333,2,14499,2,0,54,25,0.104000,0.080000,0.074878,0,0,1,1565,10117
_home_max_Documents_PhD_MAPF_LNS_MAPF_LNS_SAT_mapf-map_room-64-64-8_map-_home_max_Documents_PhD_MAPF_LNS_MAPF_LNS_SAT_mapf-scen-even_scen-even_room-64-64-8-even-1_scen-agents50-idx0-seed42-1783618371016,0,1,4,8,14499,1333,1,14500,0,1,54,26,0.098000,0.075000,0.070619,0,0,1,1727,11397
_home_max_Documents_PhD_MAPF_LNS_MAPF_LNS_SAT_mapf-map_room-64-64-8_map-_home_max_Documents_PhD_MAPF_LNS_MAPF_LNS_SAT_mapf-scen-even_scen-even_room-64-64-8-even-1_scen-agents50-idx0-seed42-1783618371016,0,1,4,9,14500,1333,1,14501,1,0,55,26,0.095000,0.074000,0.068867,0,0,1,1900,12677
_home_max_Documents_PhD_MAPF_LNS_MAPF_LNS_SAT_mapf-map_room-64-64-8_map-_home_max_Documents_PhD_MAPF_LNS_MAPF_LNS_SAT_mapf-scen-even_scen-even_room-64-64-8-even-1_scen-agents50-idx0-seed42-1783618371016,0,1,4,10,14501,1333,0,14501,0,0,55,26,0.098000,0.070000,0.066122,0,0,1,2048,13957
_home_max_Documents_PhD_MAPF_LNS_MAPF_LNS_SAT_mapf-map_room-64-64-8_map-_home_max_Documents_PhD_MAPF_LNS_MAPF_LNS_SAT_mapf-scen-even_scen-even_room-64-64-8-even-1_scen-agents50-idx0-seed42-1783618371016,0,0,0,1,10,6,1,11,1,0,1,0,0.019000,0.013000,0.001211,0,1,1,1,6
_home_max_Documents_PhD_MAPF_LNS_MAPF_LNS_SAT_mapf-map_room-64-64-8_map-_home_max_Documents_PhD_MAPF_LNS_MAPF_LNS_SAT_mapf-scen-even_scen-even_room-64-64-8-even-1_scen-agents50-idx0-seed42-1783618371016,0,0,0,2,11,6,0,11,0,0,1,0,0.001000,0.001000,0.000000,0,0,0,0,0
_home_max_Documents_PhD_MAPF_LNS_MAPF_LNS_SAT_mapf-map_room-64-64-8_map-_home_max_Documents_PhD_MAPF_LNS_MAPF_LNS_SAT_mapf-scen-even_scen-even_room-64-64-8-even-1_scen-agents50-idx0-seed42-1783618371016,0,0,1,1,19,10,1,20,0,1,1,1,0.023000,0.017000,0.001621,0,1,1,1,10
_home_max_Documents_PhD_MAPF_LNS_MAPF_LNS_SAT_mapf-map_room-64-64-8_map-_home_max_Documents_PhD_MAPF_LNS_MAPF_LNS_SAT_mapf-scen-even_scen-even_room-64-64-8-even-1_scen-agents50-idx0-seed42-1783618371016,0,0,1,2,20,10,0,20,0,0,1,1,0.001000,0.001000,0.000000,0,0,0,0,0
_home_max_Documents_PhD_MAPF_LNS_MAPF_LNS_SAT_mapf-map_room-64-64-8_map-_home_max_Documents_PhD_MAPF_LNS_MAPF_LNS_SAT_mapf-scen-even_scen-even_room-64-64-8-even-1_scen-agents50-idx0-seed42-1783618371016,0,0,2,1,78,27,1,79,1,0,2,1,0.058000,0.051000,0.004430,0,1,1,12,27
_home_max_Documents_PhD_MAPF_LNS_MAPF_LNS_SAT_mapf-map_room-64-64-8_map-_home_max_Documents_PhD_MAPF_LNS_MAPF_LNS_SAT_mapf-scen-even_scen-even_room-64-64-8-even-1_scen-agents50-idx0-seed42-1783618371016,0,0,2,2,79,27,1,80,0,1,2,2,0.010000,0.004000,0.001174,0,0,1,14,46
_home_max_Documents_PhD_MAPF_LNS_MAPF_LNS_SAT_mapf-map_room-64-64-8_map-_home_max_Documents_PhD_MAPF_LNS_MAPF_LNS_SAT_mapf-scen-even_scen-even_room-64-64-8-even-1_scen-agents50-idx0-seed42-1783618371016,0,0,2,3,80,27,0,80,0,0,2,2,0.010000,0.006000,0.002767,0,0,1,20,70
_home_max_Documents_PhD_MAPF_LNS_MAPF_LNS_SAT_mapf-map_room-64-64-8_map-_home_max_Documents_PhD_MAPF_LNS_MAPF_LNS_SAT_mapf-scen-even_scen-even_room-64-64-8-even-1_scen-agents50-idx0-seed42-1783618371016,0,0,0,1,47,27,4,51,3,1,3,1,0.045000,0.031000,0.001687,0,1,1,2,27
_home_max_Documents_PhD_MAPF_LNS_MAPF_LNS_SAT_mapf-map_room-64-64-8_map-_home_max_Documents_PhD_MAPF_LNS_MAPF_LNS_SAT_mapf-scen-even_scen-even_room-64-64-8-even-1_scen-agents50-idx0-seed42-1783618371016,0,0,0,2,51,27,0,51,0,0,3,1,0.001000,0.001000,0.000000,0,0,0,0,0
_home_max_Documents_PhD_MAPF_LNS_MAPF_LNS_SAT_mapf-map_room-64-64-8_map-_home_max_Documents_PhD_MAPF_LNS_MAPF_LNS_SAT_mapf-scen-even_scen-even_room-64-64-8-even-1_scen-agents50-idx0-seed42-1783618371016,0,0,1,1,63,33,4,67,1,3,4,4,0.052000,0.039000,0.003565,0,1,1,2,33
_home_max_Documents_PhD_MAPF_LNS_MAPF_LNS_SAT_mapf-map_room-64-64-8_map-_home_max_Documents_PhD_MAPF_LNS_MAPF_LNS_SAT_mapf-scen-even_scen-even_room-64-64-8-even-1_scen-agents50-idx0-seed42-1783618371016,0,0,1,2,67,33,0,67,0,0,4,4,0.001000,0.001000,0.000000,0,0,0,0,0
_home_max_Documents_PhD_MAPF_LNS_MAPF_LNS_SAT_mapf-map_room-64-64-8_map-_home_max_Documents_PhD_MAPF_LNS_MAPF_LNS_SAT_mapf-scen-even_scen-even_room-64-64-8-even-1_scen-agents50-idx0-seed42-1783618371016,0,0,2,1,167,56,7,174,3,4,7,8,0.107000,0.092000,0.008242,0,1,1,3,56
_home_max_Documents_PhD_MAPF_LNS_MAPF_LNS_SAT_mapf-map_room-64-64-8_map-_home_max_Documents_PhD_MAPF_LNS_MAPF_LNS_SAT_mapf-scen-even_scen-even_room-64-64-8-even-1_scen-agents50-idx0-seed42-1783618371016,0,0,2,2,174,56,0,174,0,0,7,8,0.002000,0.001000,0.000000,0,0,0,0,0
_home_max_Documents_PhD_MAPF_LNS_MAPF_LNS_SAT_mapf-map_room-64-64-8_map-_home_max_Documents_PhD_MAPF_LNS_MAPF_LNS_SAT_mapf-scen-even_scen-even_room-64-64-8-even-1_scen-agents50-idx0-seed42-1783618371016,0,0,3,1,503,118,0,503,0,0,7,8,0.228000,0.227000,0.000000,0,1,0,0,0
_home_max_Documents_PhD_MAPF_LNS_MAPF_LNS_SAT_mapf-map_room-64-64-8_map-_home_max_Documents_PhD_MAPF_LNS_MAPF_LNS_SAT_mapf-scen-even_scen-even_room-64-64-8-even-1_scen-agents50-idx0-seed42-1783618371016,0,1,0,1,179,89,2,181,1,1,1,1,0.112000,0.090000,0.006467,0,1,1,11,89
_home_max_Documents_PhD_MAPF_LNS_MAPF_LNS_SAT_mapf-map_room-64-64-8_map-_home_max_Documents_PhD_MAPF_LNS_MAPF_LNS_SAT_mapf-scen-even_scen-even_room-64-64-8-even-1_scen-agents50-idx0-seed42-1783618371016,0,1,0,2,181,89,4,185,2,2,3,3,0.027000,0.010000,0.005078,0,0,1,24,157
_home_max_Documents_PhD_MAPF_LNS_MAPF_LNS_SAT_mapf-map_room-64-64-8_map-_home_max_Documents_PhD_MAPF_LNS_MAPF_LNS_SAT_mapf-scen-even_scen-even_room-64-64-8-even-1_scen-agents50-idx0-seed42-1783618371016,0,1,0,3,185,89,0,185,0,0,3,3,0.023000,0.010000,0.005180,0,0,1,46,233
_home_max_Documents_PhD_MAPF_LNS_MAPF_LNS_SAT_mapf-map_room-64-64-8_map-_home_max_Documents_PhD_MAPF_LNS_MAPF_LNS_SAT_mapf-scen-even_scen-even_room-64-64-8-even-1_scen-agents50-idx0-seed42-1783618371016,0,0,0,1,24,10,0,24,0,0,0,0,0.027000,0.022000,0.001536,0,1,1,5,10
_home_max_Documents_PhD_MAPF_LNS_MAPF_LNS_SAT_mapf-map_room-64-64-8_map-_home_max_Documents_PhD_MAPF_LNS_MAPF_LNS_SAT_mapf-scen-even_scen-even_room-64-64-8-even-1_scen-agents50-idx0-seed42-1783618371016,0,0,0,1,10,6,1,11,1,0,1,0,0.016000,0.010000,0.000546,0,1,1,1,6
_home_max_Documents_PhD_MAPF_LNS_MAPF_LNS_SAT_mapf-map_room-64-64-8_map-_home_max_Documents_PhD_MAPF_LNS_MAPF_LNS_SAT_mapf-scen-even_scen-even_room-64-64-8-even-1_scen-agents50-idx0-seed42-1783618371016,0,0,0,2,11,6,0,11,0,0,1,0,0.001000,0.001000,0.000000,0,0,0,0,0
_home_max_Documents_PhD_MAPF_LNS_MAPF_LNS_SAT_mapf-map_room-64-64-8_map-_home_max_Documents_PhD_MAPF_LNS_MAPF_LNS_SAT_mapf-scen-even_scen-even_room-64-64-8-even-1_scen-agents50-idx0-seed42-1783618371016,0,0,1,1,17,9,1,18,0,1,1,1,0.022000,0.016000,0.001510,0,1,1,1,9
_home_max_Documents_PhD_MAPF_LNS_MAPF_LNS_SAT_mapf-map_room-64-64-8_map-_home_max_Documents_PhD_MAPF_LNS_MAPF_LNS_SAT_mapf-scen-even_scen-even_room-64-64-8-even-1_scen-agents50-idx0-seed42-1783618371016,0,0,1,2,18,9,0,18,0,0,1,1,0.002000,0.001000,0.000000,0,0,0,0,0
_home_max_Documents_PhD_MAPF_LNS_MAPF_LNS_SAT_mapf-map_room-64-64-8_map-_home_max_Documents_PhD_MAPF_LNS_MAPF_LNS_SAT_mapf-scen-even_scen-even_room-64-64-8-even-1_scen-agents50-idx0-seed42-1783618371016,0,0,2,1,50,19,1,51,1,0,2,1,0.043000,0.038000,0.004051,0,1,1,2,19
_home_max_Documents_PhD_MAPF_LNS_MAPF_LNS_SAT_mapf-map_room-64-64-8_map-_home_max_Documents_PhD_MAPF_LNS_MAPF_LNS_SAT_mapf-scen-even_scen-even_room-64-64-8-even-1_scen-agents50-idx0-seed42-1783618371016,0,0,2,2,51,19,0,51,0,0,2,1,0.001000,0.001000,0.000000,0,0,0,0,0
_home_max_Documents_PhD_MAPF_LNS_MAPF_LNS_SAT_mapf-map_room-64-64-8_map-_home_max_Documents_PhD_MAPF_LNS_MAPF_LNS_SAT_mapf-scen-even_scen-even_room-64-64-8-even-1_scen-agents50-idx0-seed42-1783618371016,0,0,3,1,104,37,0,104,0,0,2,1,0.056000,0.055000,0.000000,0,1,0,0,0
_home_max_Documents_PhD_MAPF_LNS_MAPF_LNS_SAT_mapf-map_room-64-64-8_map-_home_max_Documents_PhD_MAPF_LNS_MAPF_LNS_SAT_mapf-scen-even_scen-even_room-64-64-8-even-1_scen-agents50-idx0-seed42-1783618371016,0,1,0,1,169,66,0,169,0,0,0,0,0.102000,0.091000,0.007469,0,1,1,13,66
_home_max_Documents_PhD_MAPF_LNS_MAPF_LNS_SAT_mapf-map_room-64-64-8_map-_home_max_Documents_PhD_MAPF_LNS_MAPF_LNS_SAT_mapf-scen-even_scen-even_room-64-64-8-even-1_scen-agents50-idx0-seed42-1783618371016,0,0,0,1,24,14,2,26,2,0,2,0,0.029000,0.020000,0.001596,0,1,1,4,14
_home_max_Documents_PhD_MAPF_LNS_MAPF_LNS_SAT_mapf-map_room-64-64-8_map-_home_max_Documents_PhD_MAPF_LNS_MAPF_LNS_SAT_mapf-scen-even_scen-even_room-64-64-8-even-1_scen-agents50-idx0-seed42-1783618371016,0,0,0,2,26,14,0,26,0,0,2,0,0.010000,0.004000,0.000475,0,0,1,6,20
_home_max_Documents_PhD_MAPF_LNS_MAPF_LNS_SAT_mapf-map_room-64-64-8_map-_home_max_Documents_PhD_MAPF_LNS_MAPF_LNS_SAT_mapf-scen-even_scen-even_room-64-64-8-even-1_scen-agents50-idx0-seed42-1783618371016,0,0,0,1,11,7,1,12,1,0,1,0,0.019000,0.012000,0.000944,0,1,1,1,7
_home_max_Documents_PhD_MAPF_LNS_MAPF_LNS_SAT_mapf-map_room-64-64-8_map-_home_max_Documents_PhD_MAPF_LNS_MAPF_LNS_SAT_mapf-scen-even_scen-even_room-64-64-8-even-1_scen-agents50-idx0-seed42-1783618371016,0,0,0,2,12,7,0,12,0,0,1,0,0.001000,0.001000,0.000000,0,0,0,0,0
_home_max_Documents_PhD_MAPF_LNS_MAPF_LNS_SAT_mapf-map_room-64-64-8_map-_home_max_Documents_PhD_MAPF_LNS_MAPF_LNS_SAT_mapf-scen-even_scen-even_room-64-64-8-even-1_scen-agents50-idx0-seed42-1783618371016,0,0,1,1,19,11,2,21,1,1,2,1,0.026000,0.018000,0.001840,0,1,1,1,11
_home_max_Documents_PhD_MAPF_LNS_MAPF_LNS_SAT_mapf-map_room-64-64-8_map-_home_max_Documents_PhD_MAPF_LNS_MAPF_LNS_SAT_mapf-scen-even_scen-even_room-64-64-8-even-1_scen-agents50-idx0-seed42-1783618371016,0,0,1,2,21,11,0,21,0,0,2,1,0.001000,0.001000,0.000000,0,0,0,0,0
_home_max_Documents_PhD_MAPF_LNS_MAPF_LNS_SAT_mapf-map_room-64-64-8_map-_home_max_Documents_PhD_MAPF_LNS_MAPF_LNS_SAT_mapf-scen-even_scen-even_room-64-64-8-even-1_scen-agents50-idx0-seed42-1783618371016,0,0,2,1,53,21,1,54,1,0,3,1,0.046000,0.039000,0.004740,0,1,1,2,21
_home_max_Documents_PhD_MAPF_LNS_MAPF_LNS_SAT_mapf-map_room-64-64-8_map-_home_max_Documents_PhD_MAPF_LNS_MAPF_LNS_SAT_mapf-scen-even_scen-even_room-64-64-8-even-1_scen-agents50-idx0-seed42-1783618371016,0,0,2,2,54,21,0,54,0,0,3,1,0.001000,0.001000,0.000000,0,0,0,0,0
_home_max_Documents_PhD_MAPF_LNS_MAPF_LNS_SAT_mapf-map_room-64-64-8_map-_home_max_Documents_PhD_MAPF_LNS_MAPF_LNS_SAT_mapf-scen-even_scen-even_room-64-64-8-even-1_scen-agents50-idx0-seed42-1783618371016,0,0,3,1,102,36,0,102,0,0,3,1,0.052000,0.052000,0.000000,0,1,0,0,0
_home_max_Documents_PhD_MAPF_LNS_MAPF_LNS_SAT_mapf-map_room-64-64-8_map-_home_max_Documents_PhD_MAPF_LNS_MAPF_LNS_SAT_mapf-scen-even_scen-even_room-64-64-8-even-1_scen-agents50-idx0-seed42-1783618371016,0,1,0,1,111,54,0,111,0,0,0,0,0.072000,0.062000,0.004935,0,1,1,12,54
_home_max_Documents_PhD_MAPF_LNS_MAPF_LNS_SAT_mapf-map_room-64-64-8_map-_home_max_Documents_PhD_MAPF_LNS_MAPF_LNS_SAT_mapf-scen-even_scen-even_room-64-64-8-even-1_scen-agents50-idx0-seed42-1783618371016,0,0,0,1,54,30,8,62,4,4,4,4,0.043000,0.027000,0.000686,0,1,1,1,30
_home_max_Documents_PhD_MAPF_LNS_MAPF_LNS_SAT_mapf-map_room-64-64-8_map-_home_max_Documents_PhD_MAPF_LNS_MAPF_LNS_SAT_mapf-scen-even_scen-even_room-64-64-8-even-1_scen-agents50-idx0-seed42-1783618371016,0,0,0,2,62,30,0,62,0,0,4,4,0.002000,0.001000,0.000000,0,0,0,0,0
_home_max_Documents_PhD_MAPF_LNS_MAPF_LNS_SAT_mapf-map_room-64-64-8_map-_home_max_Documents_PhD_MAPF_LNS_MAPF_LNS_SAT_mapf-scen-even_scen-even_room-64-64-8-even-1_scen-agents50-idx0-seed42-1783618371016,0,0,1,1,86,42,8,94,4,4,8,8,0.063000,0.047000,0.003529,0,1,1,2,42
_home_max_Documents_PhD_MAPF_LNS_MAPF_LNS_SAT_mapf-map_room-64-64-8_map-_home_max_Documents_PhD_MAPF_LNS_MAPF_LNS_SAT_mapf-scen-even_scen-even_room-64-64-8-even-1_scen-agents50-idx0-seed42-1783618371016,0,0,1,2,94,42,0,94,0,0,8,8,0.001000,0.001000,0.000000,0,0,0,0,0
_home_max_Documents_PhD_MAPF_LNS_MAPF_LNS_SAT_mapf-map_room-64-64-8_map-_home_max_Documents_PhD_MAPF_LNS_MAPF_LNS_SAT_mapf-scen-even_scen-even_room-64-64-8-even-1_scen-agents50-idx0-seed42-1783618371016,0,0,2,1,301,93,7,308,5,2,13,10,0.173000,0.156000,0.014749,0,1,1,7,93
_home_max_Documents_PhD_MAPF_LNS_MAPF_LNS_SAT_mapf-map_room-64-64-8_map-_home_max_Documents_PhD_MAPF_LNS_MAPF_LNS_SAT_mapf-scen-even_scen-even_room-64-64-8-even-1_scen-agents50-idx0-seed42-1783618371016,0,0,2,2,308,93,0,308,0,0,13,10,0.002000,0.001000,0.000000,0,0,0,0,0
_home_max_Documents_PhD_MAPF_LNS_MAPF_LNS_SAT_mapf-map_room-64-64-8_map-_home_max_Documents_PhD_MAPF_LNS_MAPF_LNS_SAT_mapf-scen-even_scen-even_room-64-64-8-even-1_scen-agents50-idx0-seed42-1783618371016,0,0,3,1,804,180,0,804,0,0,13,10,0.340000,0.338000,0.000000,0,1,0,0,0
_home_max_Documents_PhD_MAPF_LNS_MAPF_LNS_SAT_mapf-map_room-64-64-8_map-_home_max_Documents_PhD_MAPF_LNS_MAPF_LNS_SAT_mapf-scen-even_scen-even_room-64-64-8-even-1_scen-agents50-idx0-seed42-1783618371016,0,1,0,1,1662,251,14,1676,8,6,8,6,0.719000,0.660000,0.021907,0,1,1,39,251
_home_max_Documents_PhD_MAPF_LNS_MAPF_LNS_SAT_mapf-map_room-64-64-8_map-_home_max_Documents_PhD_MAPF_LNS_MAPF_LNS_SAT_mapf-scen-even_scen-even_room-64-64-8-even-1_scen-agents50-idx0-seed42-1783618371016,0,1,0,2,1676,251,0,1676,0,0,8,6,0.001000,0.001000,0.000000,0,0,0,0,0
_home_max_Documents_PhD_MAPF_LNS_MAPF_LNS_SAT_mapf-map_room-64-64-8_map-_home_max_Documents_PhD_MAPF_LNS_MAPF_LNS_SAT_mapf-scen-even_scen-even_room-64-64-8-even-1_scen-agents50-idx0-seed42-1783618371016,0,1,1,1,2103,312,12,2115,6,6,14,12,0.855000,0.823000,0.029865,0,1,1,46,312
_home_max_Documents_PhD_MAPF_LNS_MAPF_LNS_SAT_mapf-map_room-64-64-8_map-_home_max_Documents_PhD_MAPF_LNS_MAPF_LNS_SAT_mapf-scen-even_scen-even_room-64-64-8-even-1_scen-agents50-idx0-seed42-1783618371016,0,1,1,2,2115,312,0,2115,0,0,14,12,0.002000,0.001000,0.000000,0,0,0,0,0
_home_max_Documents_PhD_MAPF_LNS_MAPF_LNS_SAT_mapf-map_room-64-64-8_map-_home_max_Documents_PhD_MAPF_LNS_MAPF_LNS_SAT_mapf-scen-even_scen-even_room-64-64-8-even-1_scen-agents50-idx0-seed42-1783618371016,0,1,2,1,4013,546,13,4026,8,5,22,17,1.596000,1.558000,0.057317,0,1,1,149,546
_home_max_Documents_PhD_MAPF_LNS_MAPF_LNS_SAT_mapf-map_room-64-64-8_map-_home_max_Documents_PhD_MAPF_LNS_MAPF_LNS_SAT_mapf-scen-even_scen-even_room-64-64-8-even-1_scen-agents50-idx0-seed42-1783618371016,0,1,2,2,4026,546,0,4026,0,0,22,17,0.005000,0.005000,0.000000,0,0,0,0,0
_home_max_Documents_PhD_MAPF_LNS_MAPF_LNS_SAT_mapf-map_room-64-64-8_map-_home_max_Documents_PhD_MAPF_LNS_MAPF_LNS_SAT_mapf-scen-even_scen-even_room-64-64-8-even-1_scen-agents50-idx0-seed42-1783618371016,0,1,3,1,12165,1209,14,12179,11,3,33,20,4.808000,4.744000,0.141846,0,1,1,203,1209
_home_max_Documents_PhD_MAPF_LNS_MAPF_LNS_SAT_mapf-map_room-64-64-8_map-_home_max_Documents_PhD_MAPF_LNS_MAPF_LNS_SAT_mapf-scen-even_scen-even_room-64-64-8-even-1_scen-agents50-idx0-seed42-1783618371016,0,1,3,2,12179,1209,0,12179,0,0,33,20,0.008000,0.007000,0.000000,0,0,0,0,0
_home_max_Documents_PhD_MAPF_LNS_MAPF_LNS_SAT_mapf-map_room-64-64-8_map-_home_max_Documents_PhD_MAPF_LNS_MAPF_LNS_SAT_mapf-scen-even_scen-even_room-64-64-8-even-1_scen-agents50-idx0-seed42-1783618371016,0,2,0,1,35978,1717,32,36010,16,16,16,16,13.618000,13.353000,0.303269,0,1,1,210,1717
_home_max_Documents_PhD_MAPF_LNS_MAPF_LNS_SAT_mapf-map_room-64-64-8_map-_home_max_Documents_PhD_MAPF_LNS_MAPF_LNS_SAT_mapf-scen-even_scen-even_room-64-64-8-even-1_scen-agents50-idx0-seed42-1783618371016,0,2,0,2,36010,1717,0,36010,0,0,16,16,0.007000,0.006000,0.000000,0,0,0,0,0
_home_max_Documents_PhD_MAPF_LNS_MAPF_LNS_SAT_mapf-map_room-64-64-8_map-_home_max_Documents_PhD_MAPF_LNS_MAPF_LNS_SAT_mapf-scen-even_scen-even_room-64-64-8-even-1_scen-agents50-idx0-seed42-1783618371016,0,2,1,1,44060,2231,35,44095,25,10,41,26,17.309000,17.136000,0.526805,0,1,1,758,4740
_home_max_Documents_PhD_MAPF_LNS_MAPF_LNS_SAT_mapf-map_room-64-64-8_map-_home_max_Documents_PhD_MAPF_LNS_MAPF_LNS_SAT_mapf-scen-even_scen-even_room-64-64-8-even-1_scen-agents50-idx0-seed42-1783618371016,0,2,1,2,44095,2231,0,44095,0,0,41,26,0.009000,0.008000,0.000000,0,0,0,0,0
_home_max_Documents_PhD_MAPF_LNS_MAPF_LNS_SAT_mapf-map_room-64-64-8_map-_home_max_Documents_PhD_MAPF_LNS_MAPF_LNS_SAT_mapf-scen-even_scen-even_room-64-64-8-even-1_scen-agents50-idx0-seed42-1783618371016,0,3,0,1,97013,3528,35,97048,15,20,15,20,39.847000,39.132000,0.793701,0,1,1,354,3528
_home_max_Documents_PhD_MAPF_LNS_MAPF_LNS_SAT_mapf-map_room-64-64-8_map-_home_max_Documents_PhD_MAPF_LNS_MAPF_LNS_SAT_mapf-scen-even_scen-even_room-64-64-8-even-1_scen-agents50-idx0-seed42-1783618371016,0,3,0,2,97048,3528,0,97048,0,0,15,20,0.007000,0.006000,0.000000,0,0,0,0,0
_home_max_Documents_PhD_MAPF_LNS_MAPF_LNS_SAT_mapf-map_room-64-64-8_map-_home_max_Documents_PhD_MAPF_LNS_MAPF_LNS_SAT_mapf-scen-even_scen-even_room-64-64-8-even-1_scen-agents50-idx0-seed42-1783618371016,0,3,1,1,113569,4263,39,113608,25,14,40,34,47.514000,47.146000,1.331221,0,1,1,2242,15212
_home_max_Documents_PhD_MAPF_LNS_MAPF_LNS_SAT_mapf-map_room-64-64-8_map-_home_max_Documents_PhD_MAPF_LNS_MAPF_LNS_SAT_mapf-scen-even_scen-even_room-64-64-8-even-1_scen-agents50-idx0-seed42-1783618371016,0,3,1,2,113608,4263,0,113608,0,0,40,34,0.010000,0.009000,0.000000,0,0,0,0,0
_home_max_Documents_PhD_MAPF_LNS_MAPF_LNS_SAT_mapf-map_room-64-64-8_map-_home_max_Documents_PhD_MAPF_LNS_MAPF_LNS_SAT_mapf-scen-even_scen-even_room-64-64-8-even-1_scen-agents50-idx0-seed42-1783618371016,0,4,0,1,191571,4951,46,191617,24,22,24,22,89.701000,87.480000,1.458238,0,1,1,499,4951
_home_max_Documents_PhD_MAPF_LNS_MAPF_LNS_SAT_mapf-map_room-64-64-8_map-_home_max_Documents_PhD_MAPF_LNS_MAPF_LNS_SAT_mapf-scen-even_scen-even_room-64-64-8-even-1_scen-agents50-idx0-seed42-1783618371016,0,4,0,2,191617,4951,0,191617,0,0,24,22,0.009000,0.009000,0.000000,0,0,0,0,0
_home_max_Documents_PhD_MAPF_LNS_MAPF_LNS_SAT_mapf-map_room-64-64-8_map-_home_max_Documents_PhD_MAPF_LNS_MAPF_LNS_SAT_mapf-scen-even_scen-even_room-64-64-8-even-1_scen-agents50-idx0-seed42-1783618371016,0,4,1,1,221505,5893,40,221545,26,14,50,36,104.820000,104.241000,2.036016,0,1,1,1851,12674
_home_max_Documents_PhD_MAPF_LNS_MAPF_LNS_SAT_mapf-map_room-64-64-8_map-_home_max_Documents_PhD_MAPF_LNS_MAPF_LNS_SAT_mapf-scen-even_scen-even_room-64-64-8-even-1_scen-agents50-idx0-seed42-1783618371016,0,4,1,2,221545,5893,0,221545,0,0,50,36,0.017000,0.015000,0.000000,0,0,0,0,0
_home_max_Documents_PhD_MAPF_LNS_MAPF_LNS_SAT_mapf-map_room-64-64-8_map-_home_max_Documents_PhD_MAPF_LNS_MAPF_LNS_SAT_mapf-scen-even_scen-even_room-64-64-8-even-1_scen-agents50-idx0-seed42-1783618371016,0,5,0,1,538059,10805,63,538122,31,32,31,32,352.795000,346.476000,4.079476,0,1,1,709,10805
_home_max_Documents_PhD_MAPF_LNS_MAPF_LNS_SAT_mapf-map_room-64-64-8_map-_home_max_Documents_PhD_MAPF_LNS_MAPF_LNS_SAT_mapf-scen-even_scen-even_room-64-64-8-even-1_scen-agents50-idx0-seed42-1783618371016,0,5,0,2,538122,10805,0,538122,0,0,31,32,0.016000,0.015000,0.000000,0,0,0,0,0
_home_max_Documents_PhD_MAPF_LNS_MAPF_LNS_SAT_mapf-map_room-64-64-8_map-_home_max_Documents_PhD_MAPF_LNS_MAPF_LNS_SAT_mapf-scen-even_scen-even_room-64-64-8-even-1_scen-agents50-idx0-seed42-1783618371016,0,5,1,1,625534,12416,69,625603,52,17,83,49,405.368000,403.728000,6.943209,0,1,1,5483,61363
_home_max_Documents_PhD_MAPF_LNS_MAPF_LNS_SAT_mapf-map_room-64-64-8_map-_home_max_Documents_PhD_MAPF_LNS_MAPF_LNS_SAT_mapf-scen-even_scen-even_room-64-64-8-even-1_scen-agents50-idx0-seed42-1783618371016,0,5,1,2,625603,12416,0,625603,0,0,83,49,0.038000,0.037000,0.000000,0,0,0,0,0
_home_max_Documents_PhD_MAPF_LNS_MAPF_LNS_SAT_mapf-map_room-64-64-8_map-_home_max_Documents_PhD_MAPF_LNS_MAPF_LNS_SAT_mapf-scen-even_scen-even_room-64-64-8-even-1_scen-agents50-idx0-seed42-1783618371016,0,6,0,1,1159917,16819,69,1159986,44,25,44,25,854.667000,842.088000,8.419480,0,1,1,924,16819
_home_max_Documents_PhD_MAPF_LNS_MAPF_LNS_SAT_mapf-map_room-64-64-8_map-_home_max_Documents_PhD_MAPF_LNS_MAPF_LNS_SAT_mapf-scen-even_scen-even_room-64-64-8-even-1_scen-agents50-idx0-seed42-1783618371016,0,6,0,2,1159986,16819,0,1159986,0,0,44,25,0.024000,0.023000,0.000000,0,0,0,0,0
_home_max_Documents_PhD_MAPF_LNS_MAPF_LNS_SAT_mapf-map_room-64-64-8_map-_home_max_Documents_PhD_MAPF_LNS_MAPF_LNS_SAT_mapf-scen-even_scen-even_room-64-64-8-even-1_scen-agents50-idx0-seed42-1783618371016,0,6,1,1,1326101,19025,84,1326185,65,19,109,44,955.125000,951.606000,11.127684,0,1,1,4026,52647
_home_max_Documents_PhD_MAPF_LNS_MAPF_LNS_SAT_mapf-map_room-64-64-8_map-_home_max_Documents_PhD_MAPF_LNS_MAPF_LNS_SAT_mapf-scen-even_scen-even_room-64-64-8-even-1_scen-agents50-idx0-seed42-1783618371016,0,6,1,2,1326185,19025,0,1326185,0,0,109,44,0.057000,0.056000,0.000000,0,0,0,0,0
_home_max_Documents_PhD_MAPF_LNS_MAPF_LNS_SAT_mapf-map_room-64-64-8_map-_home_max_Documents_PhD_MAPF_LNS_MAPF_LNS_SAT_mapf-scen-even_scen-even_room-64-64-8-even-1_scen-agents50-idx0-seed42-1783618371016,0,7,0,1,2189358,29162,90,2189448,47,43,47,43,1906.596000,1880.903000,15.989021,0,1,1,1451,29162
_home_max_Documents_PhD_MAPF_LNS_MAPF_LNS_SAT_mapf-map_room-64-64-8_map-_home_max_Documents_PhD_MAPF_LNS_MAPF_LNS_SAT_mapf-scen-even_scen-even_room-64-64-8-even-1_scen-agents50-idx0-seed42-1783618371016,0,7,0,2,2189448,29162,0,2189448,0,0,47,43,0.041000,0.039000,0.000000,0,0,0,0,0
_home_max_Documents_PhD_MAPF_LNS_MAPF_LNS_SAT_mapf-map_room-64-64-8_map-_home_max_Documents_PhD_MAPF_LNS_MAPF_LNS_SAT_mapf-scen-even_scen-even_room-64-64-8-even-1_scen-agents50-idx0-seed42-1783618371016,0,7,1,1,2468023,32454,50,2468073,35,15,82,58,2026.732000,2019.407000,21.594970,0,1,1,7600,95263
_home_max_Documents_PhD_MAPF_LNS_MAPF_LNS_SAT_mapf-map_room-64-64-8_map-_home_max_Documents_PhD_MAPF_LNS_MAPF_LNS_SAT_mapf-scen-even_scen-even_room-64-64-8-even-1_scen-agents50-idx0-seed42-1783618371016,0,7,1,2,2468073,32454,0,2468073,0,0,82,58,0.081000,0.080000,0.000000,0,0,0,0,0
_home_max_Documents_PhD_MAPF_LNS_MAPF_LNS_SAT_mapf-map_room-64-64-8_map-_home_max_Documents_PhD_MAPF_LNS_MAPF_LNS_SAT_mapf-scen-even_scen-even_room-64-64-8-even-1_scen-agents50-idx0-seed42-1783618371016,0,8,0,1,4163338,47608,112,4163450,64,48,64,48,3761.898000,3231.443000,29.083104,0,1,1,1865,47608
_home_max_Documents_PhD_MAPF_LNS_MAPF_LNS_SAT_mapf-map_room-64-64-8_map-_home_max_Documents_PhD_MAPF_LNS_MAPF_LNS_SAT_mapf-scen-even_scen-even_room-64-64-8-even-1_scen-agents50-idx0-seed42-1783618371016,0,8,0,2,4163450,47608,0,4163450,0,0,64,48,3072.379000,3072.373000,0.000000,1,1,0,0,0
_home_max_Documents_PhD_MAPF_LNS_MAPF_LNS_SAT_mapf-map_room-64-64-8_map-_home_max_Documents_PhD_MAPF_LNS_MAPF_LNS_SAT_mapf-scen-even_scen-even_room-64-64-8-even-1_scen-agents50-idx0-seed42-1783618371016,0,8,1,1,4623918,51893,60,4623978,39,21,103,69,4003.173000,3442.689000,38.967246,0,1,1,10376,164997
_home_max_Documents_PhD_MAPF_LNS_MAPF_LNS_SAT_mapf-map_room-64-64-8_map-_home_max_Documents_PhD_MAPF_LNS_MAPF_LNS_SAT_mapf-scen-even_scen-even_room-64-64-8-even-1_scen-agents50-idx0-seed42-1783618371016,0,8,1,2,4623978,51893,0,4623978,0,0,103,69,3535.518000,3535.512000,0.000000,1,1,0,0,0
_home_max_Documents_PhD_MAPF_LNS_MAPF_LNS_SAT_mapf-map_room-64-64-8_map-_home_max_Documents_PhD_MAPF_LNS_MAPF_LNS_SAT_mapf-scen-even_scen-even_room-64-64-8-even-1_scen-agents50-idx0-seed42-1783618371016,0,9,0,1,6297409,60970,90,6297499,49,41,49,41,6235.229000,5322.038000,43.193949,0,1,1,2358,60970
_home_max_Documents_PhD_MAPF_LNS_MAPF_LNS_SAT_mapf-map_room-64-64-8_map-_home_max_Documents_PhD_MAPF_LNS_MAPF_LNS_SAT_mapf-scen-even_scen-even_room-64-64-8-even-1_scen-agents50-idx0-seed42-1783618371016,0,9,0,2,6297499,60970,0,6297499,0,0,49,41,5400.263000,5400.258000,0.000000,1,1,0,0,0
_home_max_Documents_PhD_MAPF_LNS_MAPF_LNS_SAT_mapf-map_room-64-64-8_map-_home_max_Documents_PhD_MAPF_LNS_MAPF_LNS_SAT_mapf-scen-even_scen-even_room-64-64-8-even-1_scen-agents50-idx0-seed42-1783618371016,0,9,1,1,6923018,66109,63,6923081,41,22,90,63,6943.272000,6056.038000,56.427582,0,1,1,11337,210234
_home_max_Documents_PhD_MAPF_LNS_MAPF_LNS_SAT_mapf-map_room-64-64-8_map-_home_max_Documents_PhD_MAPF_LNS_MAPF_LNS_SAT_mapf-scen-even_scen-even_room-64-64-8-even-1_scen-agents50-idx0-seed42-1783618371016,0,9,1,2,6923081,66109,0,6923081,0,0,90,63,5757.634000,5757.626000,0.000000,1,1,0,0,0
_home_max_Documents_PhD_MAPF_LNS_MAPF_LNS_SAT_mapf-map_room-64-64-8_map-_home_max_Documents_PhD_MAPF_LNS_MAPF_LNS_SAT_mapf-scen-even_scen-even_room-64-64-8-even-1_scen-agents50-idx0-seed42-1783618371016,0,10,0,1,9286548,80647,62,9286610,26,36,26,36,8695.506000,7432.913000,62.884805,0,1,1,3084,80647
_home_max_Documents_PhD_MAPF_LNS_MAPF_LNS_SAT_mapf-map_room-64-64-8_map-_home_max_Documents_PhD_MAPF_LNS_MAPF_LNS_SAT_mapf-scen-even_scen-even_room-64-64-8-even-1_scen-agents50-idx0-seed42-1783618371016,0,10,0,2,9286610,80647,0,9286610,0,0,26,36,7297.478000,7297.469000,0.000000,1,1,0,0,0
_home_max_Documents_PhD_MAPF_LNS_MAPF_LNS_SAT_mapf-map_room-64-64-8_map-_home_max_Documents_PhD_MAPF_LNS_MAPF_LNS_SAT_mapf-scen-even_scen-even_room-64-64-8-even-1_scen-agents50-idx0-seed42-1783618371016,0,10,1,1,10153642,87065,65,10153707,39,26,65,62,9374.763000,8108.798000,99.685425,0,1,1,25868,502607
_home_max_Documents_PhD_MAPF_LNS_MAPF_LNS_SAT_mapf-map_room-64-64-8_map-_home_max_Documents_PhD_MAPF_LNS_MAPF_LNS_SAT_mapf-scen-even_scen-even_room-64-64-8-even-1_scen-agents50-idx0-seed42-1783618371016,0,10,1,2,10153707,87065,0,10153707,0,0,65,62,7951.004000,7950.997000,0.000000,1,1,0,0,0
_home_max_Documents_PhD_MAPF_LNS_MAPF_LNS_SAT_mapf-map_room-64-64-8_map-_home_max_Documents_PhD_MAPF_LNS_MAPF_LNS_SAT_mapf-scen-even_scen-even_room-64-64-8-even-1_scen-agents50-idx0-seed42-1783618371016,0,11,0,1,13470810,100736,138,13470948,73,65,73,65,13893.955000,11956.824000,89.327408,0,1,1,3382,100736
_home_max_Documents_PhD_MAPF_LNS_MAPF_LNS_SAT_mapf-map_room-64-64-8_map-_home_max_Documents_PhD_MAPF_LNS_MAPF_LNS_SAT_mapf-scen-even_scen-even_room-64-64-8-even-1_scen-agents50-idx0-seed42-1783618371016,0,11,0,2,13470948,100736,0,13470948,0,0,73,65,11739.884000,11739.874000,0.000000,1,1,0,0,0
_home_max_Documents_PhD_MAPF_LNS_MAPF_LNS_SAT_mapf-map_room-64-64-8_map-_home_max_Documents_PhD_MAPF_LNS_MAPF_LNS_SAT_mapf-scen-even_scen-even_room-64-64-8-even-1_scen-agents50-idx0-seed42-1783618371016,0,11,1,1,14589828,107490,77,14589905,60,17,133,82,14660.225000,12682.430000,128.632928,0,1,1,24084,538432
_home_max_Documents_PhD_MAPF_LNS_MAPF_LNS_SAT_mapf-map_room-64-64-8_map-_home_max_Documents_PhD_MAPF_LNS_MAPF_LNS_SAT_mapf-scen-even_scen-even_room-64-64-8-even-1_scen-agents50-idx0-seed42-1783618371016,0,11,1,2,14589905,107490,0,14589905,0,0,133,82,12610.979000,12610.971000,0.000000,1,1,0,0,0
