experiment_id,makespan_attempt,zone_attempt,waiting_attempt,waiting_budget,zone_positions,segment_count,agent_count,start_t,end_t,cnf_clauses,cnf_variables,mdd_build_ms,cnf_build_ms,attempt_wall_ms,lazy_iterations,lazy_total_wall_ms,lazy_solver_wall_ms,lazy_solver_reported_ms,applied_waiting,extended_window,solved
_home_max_Documents_PhD_MAPF_LNS_MAPF_LNS_SAT_mapf-map_room-64-64-8_map-_home_max_Documents_PhD_MAPF_LNS_MAPF_LNS_SAT_mapf-scen-even_scen-even_room-64-64-8-even-1_scen-agents10-idx1-seed42-1783617171972,0,0,0,0,31,2,2,0,15,84,36,0.000000,0.027000,0.315000,2,0.123000,0.101000,0.011317,1,1,0
_home_max_Documents_PhD_MAPF_LNS_MAPF_LNS_SAT_mapf-map_room-64-64-8_map-_home_max_Documents_PhD_MAPF_LNS_MAPF_LNS_SAT_mapf-scen-even_scen-even_room-64-64-8-even-1_scen-agents10-idx1-seed42-1783617171972,0,0,1,1,31,2,2,0,16,116,52,0.000000,0.046000,0.204000,1,0.068000,0.057000,0.006126,0,0,1
_home_max_Documents_PhD_MAPF_LNS_MAPF_LNS_SAT_mapf-map_room-64-64-8_map-_home_max_Documents_PhD_MAPF_LNS_MAPF_LNS_SAT_mapf-scen-even_scen-even_room-64-64-8-even-1_scen-agents10-idx1-seed42-1783617171972,0,0,0,0,9,2,2,21,23,11,6,0.000000,0.005000,0.137000,2,0.023000,0.014000,0.000770,1,1,0
_home_max_Documents_PhD_MAPF_LNS_MAPF_LNS_SAT_mapf-map_room-64-64-8_map-_home_max_Documents_PhD_MAPF_LNS_MAPF_LNS_SAT_mapf-scen-even_scen-even_room-64-64-8-even-1_scen-agents10-idx1-seed42-1783617171972,0,0,1,1,9,2,2,21,24,20,10,0.000000,0.006000,0.153000,2,0.025000,0.018000,0.001254,1,1,0
_home_max_Documents_PhD_MAPF_LNS_MAPF_LNS_SAT_mapf-map_room-64-64-8_map-_home_max_Documents_PhD_MAPF_LNS_MAPF_LNS_SAT_mapf-scen-even_scen-even_room-64-64-8-even-1_scen-agents10-idx1-seed42-1783617171972,0,0,2,2,9,3,3,21,26,93,30,0.000000,0.030000,0.236000,3,0.077000,0.062000,0.007262,1,1,0
_home_max_Documents_PhD_MAPF_LNS_MAPF_LNS_SAT_mapf-map_room-64-64-8_map-_home_max_Documents_PhD_MAPF_LNS_MAPF_LNS_SAT_mapf-scen-even_scen-even_room-64-64-8-even-1_scen-agents10-idx1-seed42-1783617171972,0,0,3,3,9,3,3,21,29,242,60,0.000000,0.068000,0.443000,2,0.140000,0.127000,0.007421,1,1,0
_home_max_Documents_PhD_MAPF_LNS_MAPF_LNS_SAT_mapf-map_room-64-64-8_map-_home_max_Documents_PhD_MAPF_LNS_MAPF_LNS_SAT_mapf-scen-even_scen-even_room-64-64-8-even-1_scen-agents10-idx1-seed42-1783617171972,0,0,4,4,9,3,3,21,33,553,127,0.000000,0.151000,0.651000,2,0.279000,0.263000,0.017658,1,1,0
_home_max_Documents_PhD_MAPF_LNS_MAPF_LNS_SAT_mapf-map_room-64-64-8_map-_home_max_Documents_PhD_MAPF_LNS_MAPF_LNS_SAT_mapf-scen-even_scen-even_room-64-64-8-even-1_scen-agents10-idx1-seed42-1783617171972,0,0,5,5,9,5,5,21,38,799,179,0.000000,0.235000,0.996000,2,0.372000,0.355000,0.024835,1,1,0
_home_max_Documents_PhD_MAPF_LNS_MAPF_LNS_SAT_mapf-map_room-64-64-8_map-_home_max_Documents_PhD_MAPF_LNS_MAPF_LNS_SAT_mapf-scen-even_scen-even_room-64-64-8-even-1_scen-agents10-idx1-seed42-1783617171972,0,0,6,6,9,5,5,21,44,1397,308,0.000000,0.403000,1.541000,2,0.651000,0.608000,0.038811,1,1,0
_home_max_Documents_PhD_MAPF_LNS_MAPF_LNS_SAT_mapf-map_room-64-64-8_map-_home_max_Documents_PhD_MAPF_LNS_MAPF_LNS_SAT_mapf-scen-even_scen-even_room-64-64-8-even-1_scen-agents10-idx1-seed42-1783617171972,0,0,7,7,9,5,5,21,51,2379,497,0.000000,0.685000,2.511000,2,1.087000,1.043000,0.064767,1,1,0
_home_max_Documents_PhD_MAPF_LNS_MAPF_LNS_SAT_mapf-map_room-64-64-8_map-_home_max_Documents_PhD_MAPF_LNS_MAPF_LNS_SAT_mapf-scen-even_scen-even_room-64-64-8-even-1_scen-agents10-idx1-seed42-1783617171972,0,0,8,8,9,5,5,21,59,3600,715,0.000000,0.984000,4.523000,23,3.328000,2.770000,1.238982,0,0,1
_home_max_Documents_PhD_MAPF_LNS_MAPF_LNS_SAT_mapf-map_room-64-64-8_map-_home_max_Documents_PhD_MAPF_LNS_MAPF_LNS_SAT_mapf-scen-even_scen-even_room-64-64-8-even-1_scen-agents10-idx1-seed42-1783617171972,0,0,0,0,8,3,3,24,26,12,7,0.000000,0.007000,0.138000,2,0.024000,0.014000,0.000801,1,1,0
_home_max_Documents_PhD_MAPF_LNS_MAPF_LNS_SAT_mapf-map_room-64-64-8_map-_home_max_Documents_PhD_MAPF_LNS_MAPF_LNS_SAT_mapf-scen-even_scen-even_room-64-64-8-even-1_scen-agents10-idx1-seed42-1783617171972,0,0,1,1,8,3,3,24,27,21,11,0.000000,0.008000,0.153000,2,0.027000,0.019000,0.001230,1,1,0
_home_max_Documents_PhD_MAPF_LNS_MAPF_LNS_SAT_mapf-map_room-64-64-8_map-_home_max_Documents_PhD_MAPF_LNS_MAPF_LNS_SAT_mapf-scen-even_scen-even_room-64-64-8-even-1_scen-agents10-idx1-seed42-1783617171972,0,0,2,2,8,4,3,24,29,89,28,0.000000,0.032000,0.208000,3,0.085000,0.064000,0.007408,0,0,1
_home_max_Documents_PhD_MAPF_LNS_MAPF_LNS_SAT_mapf-map_room-64-64-8_map-_home_max_Documents_PhD_MAPF_LNS_MAPF_LNS_SAT_mapf-scen-even_scen-even_room-64-64-8-even-1_scen-agents10-idx1-seed42-1783617171972,0,0,0,0,8,2,2,28,30,13,7,0.000000,0.006000,0.115000,2,0.029000,0.016000,0.001066,0,0,1
_home_max_Documents_PhD_MAPF_LNS_MAPF_LNS_SAT_mapf-map_room-64-64-8_map-_home_max_Documents_PhD_MAPF_LNS_MAPF_LNS_SAT_mapf-scen-even_scen-even_room-64-64-8-even-1_scen-agents10-idx1-seed42-1783617171972,0,0,0,0,5,2,2,30,32,13,7,0.000000,0.005000,0.109000,2,0.025000,0.015000,0.000784,0,0,1
_home_max_Documents_PhD_MAPF_LNS_MAPF_LNS_SAT_mapf-map_room-64-64-8_map-_home_max_Documents_PhD_MAPF_LNS_MAPF_LNS_SAT_mapf-scen-even_scen-even_room-64-64-8-even-1_scen-agents10-idx1-seed42-1783617171972,0,0,0,0,9,3,3,34,36,15,8,0.000000,0.007000,0.153000,3,0.031000,0.015000,0.000694,1,1,0
_home_max_Documents_PhD_MAPF_LNS_MAPF_LNS_SAT_mapf-map_room-64-64-8_map-_home_max_Documents_PhD_MAPF_LNS_MAPF_LNS_SAT_mapf-scen-even_scen-even_room-64-64-8-even-1_scen-agents10-idx1-seed42-1783617171972,0,0,1,1,9,4,4,34,37,40,17,0.000000,0.017000,0.192000,2,0.038000,0.030000,0.001697,1,1,0
_home_max_Documents_PhD_MAPF_LNS_MAPF_LNS_SAT_mapf-map_room-64-64-8_map-_home_max_Documents_PhD_MAPF_LNS_MAPF_LNS_SAT_mapf-scen-even_scen-even_room-64-64-8-even-1_scen-agents10-idx1-seed42-1783617171972,0,0,2,2,9,4,4,34,39,157,48,0.000000,0.053000,0.347000,7,0.199000,0.140000,0.043084,0,0,1
_home_max_Documents_PhD_MAPF_LNS_MAPF_LNS_SAT_mapf-map_room-64-64-8_map-_home_max_Documents_PhD_MAPF_LNS_MAPF_LNS_SAT_mapf-scen-even_scen-even_room-64-64-8-even-1_scen-agents10-idx1-seed42-1783617171972,0,0,0,0,8,3,3,41,44,76,26,0.000000,0.027000,0.192000,3,0.080000,0.058000,0.005384,0,0,1
_home_max_Documents_PhD_MAPF_LNS_MAPF_LNS_SAT_mapf-map_room-64-64-8_map-_home_max_Documents_PhD_MAPF_LNS_MAPF_LNS_SAT_mapf-scen-even_scen-even_room-64-64-8-even-1_scen-agents10-idx1-seed42-1783617171972,0,0,0,0,5,2,2,46,48,11,6,0.000000,0.005000,0.115000,2,0.019000,0.012000,0.000364,1,1,0
_home_max_Documents_PhD_MAPF_LNS_MAPF_LNS_SAT_mapf-map_room-64-64-8_map-_home_max_Documents_PhD_MAPF_LNS_MAPF_LNS_SAT_mapf-scen-even_scen-even_room-64-64-8-even-1_scen-agents10-idx1-seed42-1783617171972,0,0,1,1,5,2,2,46,49,18,9,0.000000,0.007000,0.124000,2,0.023000,0.016000,0.001238,1,1,0
_home_max_Documents_PhD_MAPF_LNS_MAPF_LNS_SAT_mapf-map_room-64-64-8_map-_home_max_Documents_PhD_MAPF_LNS_MAPF_LNS_SAT_mapf-scen-even_scen-even_room-64-64-8-even-1_scen-agents10-idx1-seed42-1783617171972,0,0,2,2,5,2,2,46,51,51,19,0.000000,0.018000,0.169000,2,0.045000,0.037000,0.003613,1,1,0
_home_max_Documents_PhD_MAPF_LNS_MAPF_LNS_SAT_mapf-map_room-64-64-8_map-_home_max_Documents_PhD_MAPF_LNS_MAPF_LNS_SAT_mapf-scen-even_scen-even_room-64-64-8-even-1_scen-agents10-idx1-seed42-1783617171972,0,0,3,3,5,2,2,46,54,99,34,0.000000,0.033000,0.095000,1,0.052000,0.051000,0.000000,0,0,0
_home_max_Documents_PhD_MAPF_LNS_MAPF_LNS_SAT_mapf-map_room-64-64-8_map-_home_max_Documents_PhD_MAPF_LNS_MAPF_LNS_SAT_mapf-scen-even_scen-even_room-64-64-8-even-1_scen-agents10-idx1-seed42-1783617171972,0,1,0,0,21,2,2,44,50,27,14,0.000000,0.013000,0.137000,2,0.026000,0.017000,0.000404,1,1,0
_home_max_Documents_PhD_MAPF_LNS_MAPF_LNS_SAT_mapf-map_room-64-64-8_map-_home_max_Documents_PhD_MAPF_LNS_MAPF_LNS_SAT_mapf-scen-even_scen-even_room-64-64-8-even-1_scen-agents10-idx1-seed42-1783617171972,0,1,1,1,21,2,2,44,51,42,21,0.000000,0.017000,0.177000,2,0.041000,0.031000,0.002879,1,1,0
_home_max_Documents_PhD_MAPF_LNS_MAPF_LNS_SAT_mapf-map_room-64-64-8_map-_home_max_Documents_PhD_MAPF_LNS_MAPF_LNS_SAT_mapf-scen-even_scen-even_room-64-64-8-even-1_scen-agents10-idx1-seed42-1783617171972,0,1,2,2,21,2,2,44,53,207,55,0.000000,0.067000,0.287000,2,0.133000,0.118000,0.015390,0,0,1
_home_max_Documents_PhD_MAPF_LNS_MAPF_LNS_SAT_mapf-map_room-64-64-8_map-_home_max_Documents_PhD_MAPF_LNS_MAPF_LNS_SAT_mapf-scen-even_scen-even_room-64-64-8-even-1_scen-agents10-idx1-seed42-1783617171972,0,0,0,0,7,3,3,47,49,21,11,0.000000,0.011000,0.168000,3,0.039000,0.025000,0.001304,1,1,0
_home_max_Documents_PhD_MAPF_LNS_MAPF_LNS_SAT_mapf-map_room-64-64-8_map-_home_max_Documents_PhD_MAPF_LNS_MAPF_LNS_SAT_mapf-scen-even_scen-even_room-64-64-8-even-1_scen-agents10-idx1-seed42-1783617171972,0,0,1,1,7,3,3,47,50,61,24,0.000000,0.022000,0.224000,3,0.059000,0.045000,0.006966,1,1,0
_home_max_Documents_PhD_MAPF_LNS_MAPF_LNS_SAT_mapf-map_room-64-64-8_map-_home_max_Documents_PhD_MAPF_LNS_MAPF_LNS_SAT_mapf-scen-even_scen-even_room-64-64-8-even-1_scen-agents10-idx1-seed42-1783617171972,0,0,2,2,7,3,3,47,52,226,66,0.000000,0.072000,0.308000,2,0.142000,0.125000,0.009906,0,0,1
_home_max_Documents_PhD_MAPF_LNS_MAPF_LNS_SAT_mapf-map_room-64-64-8_map-_home_max_Documents_PhD_MAPF_LNS_MAPF_LNS_SAT_mapf-scen-even_scen-even_room-64-64-8-even-1_scen-agents10-idx1-seed42-1783617171972,0,0,0,0,9,2,2,50,52,11,6,0.000000,0.006000,0.126000,2,0.020000,0.012000,0.000515,1,1,0
_home_max_Documents_PhD_MAPF_LNS_MAPF_LNS_SAT_mapf-map_room-64-64-8_map-_home_max_Documents_PhD_MAPF_LNS_MAPF_LNS_SAT_mapf-scen-even_scen-even_room-64-64-8-even-1_scen-agents10-idx1-seed42-1783617171972,0,0,1,1,9,2,2,50,53,20,10,0.000000,0.008000,0.140000,2,0.025000,0.017000,0.001029,1,1,0
_home_max_Documents_PhD_MAPF_LNS_MAPF_LNS_SAT_mapf-map_room-64-64-8_map-_home_max_Documents_PhD_MAPF_LNS_MAPF_LNS_SAT_mapf-scen-even_scen-even_room-64-64-8-even-1_scen-agents10-idx1-seed42-1783617171972,0,0,2,2,9,2,2,50,55,92,29,0.000000,0.029000,0.220000,3,0.078000,0.062000,0.006697,1,1,0
_home_max_Documents_PhD_MAPF_LNS_MAPF_LNS_SAT_mapf-map_room-64-64-8_map-_home_max_Documents_PhD_MAPF_LNS_MAPF_LNS_SAT_mapf-scen-even_scen-even_room-64-64-8-even-1_scen-agents10-idx1-seed42-1783617171972,0,0,3,3,9,2,2,50,58,231,56,0.000000,0.070000,0.298000,2,0.135000,0.120000,0.009448,0,0,1
_home_max_Documents_PhD_MAPF_LNS_MAPF_LNS_SAT_mapf-map_room-64-64-8_map-_home_max_Documents_PhD_MAPF_LNS_MAPF_LNS_SAT_mapf-scen-even_scen-even_room-64-64-8-even-1_scen-agents10-idx1-seed42-1783617171972,0,0,0,0,8,3,3,54,58,81,30,0.000000,0.029000,0.316000,4,0.089000,0.063000,0.007435,1,1,0
_home_max_Documents_PhD_MAPF_LNS_MAPF_LNS_SAT_mapf-map_room-64-64-8_map-_home_max_Documents_PhD_MAPF_LNS_MAPF_LNS_SAT_mapf-scen-even_scen-even_room-64-64-8-even-1_scen-agents10-idx1-seed42-1783617171972,0,0,1,1,8,3,3,54,59,124,42,0.000000,0.040000,0.272000,5,0.133000,0.095000,0.017800,0,0,1
_home_max_Documents_PhD_MAPF_LNS_MAPF_LNS_SAT_mapf-map_room-64-64-8_map-_home_max_Documents_PhD_MAPF_LNS_MAPF_LNS_SAT_mapf-scen-even_scen-even_room-64-64-8-even-1_scen-agents10-idx1-seed42-1783617171972,0,0,0,0,5,2,2,59,61,11,6,0.000000,0.007000,0.119000,2,0.019000,0.012000,0.000438,1,1,0
_home_max_Documents_PhD_MAPF_LNS_MAPF_LNS_SAT_mapf-map_room-64-64-8_map-_home_max_Documents_PhD_MAPF_LNS_MAPF_LNS_SAT_mapf-scen-even_scen-even_room-64-64-8-even-1_scen-agents10-idx1-seed42-1783617171972,0,0,1,1,5,2,2,59,62,17,9,0.000000,0.007000,0.110000,1,0.023000,0.018000,0.001340,0,0,1
_home_max_Documents_PhD_MAPF_LNS_MAPF_LNS_SAT_mapf-map_room-64-64-8_map-_home_max_Documents_PhD_MAPF_LNS_MAPF_LNS_SAT_mapf-scen-even_scen-even_room-64-64-8-even-1_scen-agents10-idx1-seed42-1783617171972,0,0,0,0,9,3,3,61,63,12,7,0.000000,0.008000,0.128000,2,0.021000,0.012000,0.000356,1,1,0
_home_max_Documents_PhD_MAPF_LNS_MAPF_LNS_SAT_mapf-map_room-64-64-8_map-_home_max_Documents_PhD_MAPF_LNS_MAPF_LNS_SAT_mapf-scen-even_scen-even_room-64-64-8-even-1_scen-agents10-idx1-seed42-1783617171972,0,0,1,1,9,3,3,61,64,21,11,0.000000,0.010000,0.150000,2,0.026000,0.018000,0.001185,1,1,0
_home_max_Documents_PhD_MAPF_LNS_MAPF_LNS_SAT_mapf-map_room-64-64-8_map-_home_max_Documents_PhD_MAPF_LNS_MAPF_LNS_SAT_mapf-scen-even_scen-even_room-64-64-8-even-1_scen-agents10-idx1-seed42-1783617171972,0,0,2,2,9,3,3,61,66,93,30,0.000000,0.034000,0.234000,3,0.081000,0.065000,0.010065,1,1,0
_home_max_Documents_PhD_MAPF_LNS_MAPF_LNS_SAT_mapf-map_room-64-64-8_map-_home_max_Documents_PhD_MAPF_LNS_MAPF_LNS_SAT_mapf-scen-even_scen-even_room-64-64-8-even-1_scen-agents10-idx1-seed42-1783617171972,0,0,3,3,9,3,3,61,69,232,57,0.000000,0.073000,0.299000,2,0.135000,0.120000,0.009499,0,0,1
_home_max_Documents_PhD_MAPF_LNS_MAPF_LNS_SAT_mapf-map_room-64-64-8_map-_home_max_Documents_PhD_MAPF_LNS_MAPF_LNS_SAT_mapf-scen-even_scen-even_room-64-64-8-even-1_scen-agents10-idx1-seed42-1783617171972,0,0,0,0,9,2,2,65,67,11,6,0.000000,0.007000,0.129000,2,0.021000,0.013000,0.000449,1,1,0
_home_max_Documents_PhD_MAPF_LNS_MAPF_LNS_SAT_mapf-map_room-64-64-8_map-_home_max_Documents_PhD_MAPF_LNS_MAPF_LNS_SAT_mapf-scen-even_scen-even_room-64-64-8-even-1_scen-agents10-idx1-seed42-1783617171972,0,0,1,1,9,2,2,65,68,20,10,0.000000,0.009000,0.137000,2,0.025000,0.017000,0.000978,1,1,0
_home_max_Documents_PhD_MAPF_LNS_MAPF_LNS_SAT_mapf-map_room-64-64-8_map-_home_max_Documents_PhD_MAPF_LNS_MAPF_LNS_SAT_mapf-scen-even_scen-even_room-64-64-8-even-1_scen-agents10-idx1-seed42-1783617171972,0,0,2,2,9,3,3,65,70,66,24,0.000000,0.025000,0.185000,3,0.072000,0.052000,0.006725,0,0,1
_home_max_Documents_PhD_MAPF_LNS_MAPF_LNS_SAT_mapf-map_room-64-64-8_map-_home_max_Documents_PhD_MAPF_LNS_MAPF_LNS_SAT_mapf-scen-even_scen-even_room-64-64-8-even-1_scen-agents10-idx1-seed42-1783617171972,0,0,0,0,8,3,3,67,69,12,7,0.000000,0.009000,0.125000,2,0.019000,0.011000,0.000355,1,1,0
_home_max_Documents_PhD_MAPF_LNS_MAPF_LNS_SAT_mapf-map_room-64-64-8_map-_home_max_Documents_PhD_MAPF_LNS_MAPF_LNS_SAT_mapf-scen-even_scen-even_room-64-64-8-even-1_scen-agents10-idx1-seed42-1783617171972,0,0,1,1,8,3,3,67,70,21,11,0.000000,0.011000,0.137000,2,0.025000,0.017000,0.000827,1,1,0
_home_max_Documents_PhD_MAPF_LNS_MAPF_LNS_SAT_mapf-map_room-64-64-8_map-_home_max_Documents_PhD_MAPF_LNS_MAPF_LNS_SAT_mapf-scen-even_scen-even_room-64-64-8-even-1_scen-agents10-idx1-seed42-1783617171972,0,0,2,2,8,3,3,67,72,88,27,0.000000,0.030000,0.189000,2,0.072000,0.058000,0.004480,0,0,1
_home_max_Documents_PhD_MAPF_LNS_MAPF_LNS_SAT_mapf-map_room-64-64-8_map-_home_max_Documents_PhD_MAPF_LNS_MAPF_LNS_SAT_mapf-scen-even_scen-even_room-64-64-8-even-1_scen-agents10-idx2-seed42-1783617172072,0,0,0,0,6,2,2,41,43,11,6,0.000000,0.008000,0.210000,2,0.056000,0.043000,0.008530,1,1,0
_home_max_Documents_PhD_MAPF_LNS_MAPF_LNS_SAT_mapf-map_room-64-64-8_map-_home_max_Documents_PhD_MAPF_LNS_MAPF_LNS_SAT_mapf-scen-even_scen-even_room-64-64-8-even-1_scen-agents10-idx2-seed42-1783617172072,0,0,1,1,6,2,2,41,44,20,10,0.000000,0.008000,0.147000,2,0.028000,0.020000,0.001902,1,1,0
_home_max_Documents_PhD_MAPF_LNS_MAPF_LNS_SAT_mapf-map_room-64-64-8_map-_home_max_Documents_PhD_MAPF_LNS_MAPF_LNS_SAT_mapf-scen-even_scen-even_room-64-64-8-even-1_scen-agents10-idx2-seed42-1783617172072,0,0,2,2,6,3,3,41,46,63,23,0.000000,0.023000,0.216000,3,0.077000,0.056000,0.009275,0,0,1
_home_max_Documents_PhD_MAPF_LNS_MAPF_LNS_SAT_mapf-map_room-64-64-8_map-_home_max_Documents_PhD_MAPF_LNS_MAPF_LNS_SAT_mapf-scen-even_scen-even_room-64-64-8-even-1_scen-agents10-idx2-seed42-1783617172072,0,0,0,0,10,3,3,68,71,22,12,0.000000,0.014000,0.153000,2,0.028000,0.018000,0.001061,1,1,0
_home_max_Documents_PhD_MAPF_LNS_MAPF_LNS_SAT_mapf-map_room-64-64-8_map-_home_max_Documents_PhD_MAPF_LNS_MAPF_LNS_SAT_mapf-scen-even_scen-even_room-64-64-8-even-1_scen-agents10-idx2-seed42-1783617172072,0,0,1,1,10,3,3,68,72,39,19,0.000000,0.019000,0.172000,2,0.037000,0.028000,0.003589,1,1,0
_home_max_Documents_PhD_MAPF_LNS_MAPF_LNS_SAT_mapf-map_room-64-64-8_map-_home_max_Documents_PhD_MAPF_LNS_MAPF_LNS_SAT_mapf-scen-even_scen-even_room-64-64-8-even-1_scen-agents10-idx2-seed42-1783617172072,0,0,2,2,10,3,3,68,74,135,40,0.000000,0.046000,0.359000,2,0.088000,0.077000,0.004593,1,1,0
_home_max_Documents_PhD_MAPF_LNS_MAPF_LNS_SAT_mapf-map_room-64-64-8_map-_home_max_Documents_PhD_MAPF_LNS_MAPF_LNS_SAT_mapf-scen-even_scen-even_room-64-64-8-even-1_scen-agents10-idx2-seed42-1783617172072,0,0,3,3,10,3,3,68,77,416,97,0.000000,0.130000,0.326000,1,0.180000,0.179000,0.000000,0,0,0
_home_max_Documents_PhD_MAPF_LNS_MAPF_LNS_SAT_mapf-map_room-64-64-8_map-_home_max_Documents_PhD_MAPF_LNS_MAPF_LNS_SAT_mapf-scen-even_scen-even_room-64-64-8-even-1_scen-agents10-idx2-seed42-1783617172072,0,1,0,0,28,3,3,66,73,63,32,0.000000,0.037000,0.219000,2,0.051000,0.038000,0.002353,1,1,0
_home_max_Documents_PhD_MAPF_LNS_MAPF_LNS_SAT_mapf-map_room-64-64-8_map-_home_max_Documents_PhD_MAPF_LNS_MAPF_LNS_SAT_mapf-scen-even_scen-even_room-64-64-8-even-1_scen-agents10-idx2-seed42-1783617172072,0,1,1,1,28,3,3,66,74,103,45,0.000000,0.047000,0.278000,2,0.071000,0.060000,0.006092,1,1,0
_home_max_Documents_PhD_MAPF_LNS_MAPF_LNS_SAT_mapf-map_room-64-64-8_map-_home_max_Documents_PhD_MAPF_LNS_MAPF_LNS_SAT_mapf-scen-even_scen-even_room-64-64-8-even-1_scen-agents10-idx2-seed42-1783617172072,0,1,2,2,28,3,3,66,76,403,92,0.000000,0.120000,0.671000,3,0.223000,0.198000,0.018282,1,1,0
_home_max_Documents_PhD_MAPF_LNS_MAPF_LNS_SAT_mapf-map_room-64-64-8_map-_home_max_Documents_PhD_MAPF_LNS_MAPF_LNS_SAT_mapf-scen-even_scen-even_room-64-64-8-even-1_scen-agents10-idx2-seed42-1783617172072,0,1,3,3,28,3,3,66,79,1743,235,0.000000,0.462000,1.501000,8,0.909000,0.820000,0.130373,0,0,1
_home_max_Documents_PhD_MAPF_LNS_MAPF_LNS_SAT_mapf-map_room-64-64-8_map-_home_max_Documents_PhD_MAPF_LNS_MAPF_LNS_SAT_mapf-scen-even_scen-even_room-64-64-8-even-1_scen-agents10-idx3-seed42-1783617172176,0,0,0,0,4,2,2,130,132,20,9,0.000000,0.013000,0.174000,2,0.064000,0.050000,0.010361,0,0,1
_home_max_Documents_PhD_MAPF_LNS_MAPF_LNS_SAT_mapf-map_room-64-64-8_map-_home_max_Documents_PhD_MAPF_LNS_MAPF_LNS_SAT_mapf-scen-even_scen-even_room-64-64-8-even-1_scen-agents10-idx4-seed42-1783617172278,0,0,0,0,7,2,2,8,10,11,6,0.000000,0.006000,0.194000,2,0.052000,0.041000,0.009733,1,1,0
_home_max_Documents_PhD_MAPF_LNS_MAPF_LNS_SAT_mapf-map_room-64-64-8_map-_home_max_Documents_PhD_MAPF_LNS_MAPF_LNS_SAT_mapf-scen-even_scen-even_room-64-64-8-even-1_scen-agents10-idx4-seed42-1783617172278,0,0,1,1,7,2,2,8,11,20,10,0.000000,0.008000,0.149000,2,0.026000,0.018000,0.001630,1,1,0
_home_max_Documents_PhD_MAPF_LNS_MAPF_LNS_SAT_mapf-map_room-64-64-8_map-_home_max_Documents_PhD_MAPF_LNS_MAPF_LNS_SAT_mapf-scen-even_scen-even_room-64-64-8-even-1_scen-agents10-idx4-seed42-1783617172278,0,0,2,2,7,2,2,8,13,70,25,0.000000,0.022000,0.195000,3,0.064000,0.049000,0.006576,1,1,0
_home_max_Documents_PhD_MAPF_LNS_MAPF_LNS_SAT_mapf-map_room-64-64-8_map-_home_max_Documents_PhD_MAPF_LNS_MAPF_LNS_SAT_mapf-scen-even_scen-even_room-64-64-8-even-1_scen-agents10-idx4-seed42-1783617172278,0,0,3,3,7,2,2,8,16,157,46,0.000000,0.043000,0.223000,1,0.090000,0.084000,0.005843,0,0,1
_home_max_Documents_PhD_MAPF_LNS_MAPF_LNS_SAT_mapf-map_room-64-64-8_map-_home_max_Documents_PhD_MAPF_LNS_MAPF_LNS_SAT_mapf-scen-even_scen-even_room-64-64-8-even-1_scen-agents10-idx4-seed42-1783617172278,0,0,0,0,5,2,2,31,33,11,6,0.000000,0.005000,0.121000,2,0.021000,0.013000,0.000531,1,1,0
_home_max_Documents_PhD_MAPF_LNS_MAPF_LNS_SAT_mapf-map_room-64-64-8_map-_home_max_Documents_PhD_MAPF_LNS_MAPF_LNS_SAT_mapf-scen-even_scen-even_room-64-64-8-even-1_scen-agents10-idx4-seed42-1783617172278,0,0,1,1,5,2,2,31,34,17,9,0.000000,0.006000,0.113000,1,0.021000,0.015000,0.001807,0,0,1
_home_max_Documents_PhD_MAPF_LNS_MAPF_LNS_SAT_mapf-map_room-64-64-8_map-_home_max_Documents_PhD_MAPF_LNS_MAPF_LNS_SAT_mapf-scen-even_scen-even_room-64-64-8-even-1_scen-agents10-idx4-seed42-1783617172278,0,0,0,0,9,2,2,34,36,11,6,0.000000,0.005000,0.131000,2,0.019000,0.012000,0.000376,1,1,0
_home_max_Documents_PhD_MAPF_LNS_MAPF_LNS_SAT_mapf-map_room-64-64-8_map-_home_max_Documents_PhD_MAPF_LNS_MAPF_LNS_SAT_mapf-scen-even_scen-even_room-64-64-8-even-1_scen-agents10-idx4-seed42-1783617172278,0,0,1,1,9,2,2,34,37,20,10,0.000000,0.009000,0.142000,2,0.026000,0.018000,0.001370,1,1,0
_home_max_Documents_PhD_MAPF_LNS_MAPF_LNS_SAT_mapf-map_room-64-64-8_map-_home_max_Documents_PhD_MAPF_LNS_MAPF_LNS_SAT_mapf-scen-even_scen-even_room-64-64-8-even-1_scen-agents10-idx4-seed42-1783617172278,0,0,2,2,9,2,2,34,39,90,28,0.000000,0.030000,0.203000,3,0.086000,0.068000,0.010521,0,0,1
_home_max_Documents_PhD_MAPF_LNS_MAPF_LNS_SAT_mapf-map_room-64-64-8_map-_home_max_Documents_PhD_MAPF_LNS_MAPF_LNS_SAT_mapf-scen-even_scen-even_room-64-64-8-even-1_scen-agents10-idx4-seed42-1783617172278,0,0,0,0,9,2,2,57,59,11,6,0.000000,0.006000,0.131000,2,0.020000,0.012000,0.000484,1,1,0
_home_max_Documents_PhD_MAPF_LNS_MAPF_LNS_SAT_mapf-map_room-64-64-8_map-_home_max_Documents_PhD_MAPF_LNS_MAPF_LNS_SAT_mapf-scen-even_scen-even_room-64-64-8-even-1_scen-agents10-idx4-seed42-1783617172278,0,0,1,1,9,2,2,57,60,20,10,0.000000,0.010000,0.133000,2,0.025000,0.018000,0.001303,1,1,0
_home_max_Documents_PhD_MAPF_LNS_MAPF_LNS_SAT_mapf-map_room-64-64-8_map-_home_max_Documents_PhD_MAPF_LNS_MAPF_LNS_SAT_mapf-scen-even_scen-even_room-64-64-8-even-1_scen-agents10-idx4-seed42-1783617172278,0,0,2,2,9,2,2,57,62,63,22,0.000000,0.024000,0.181000,3,0.069000,0.051000,0.007438,0,0,1
_home_max_Documents_PhD_MAPF_LNS_MAPF_LNS_SAT_mapf-map_room-64-64-8_map-_home_max_Documents_PhD_MAPF_LNS_MAPF_LNS_SAT_mapf-scen-even_scen-even_room-64-64-8-even-1_scen-agents10-idx4-seed42-1783617172278,0,0,0,0,5,2,2,77,79,25,10,0.000000,0.010000,0.130000,2,0.035000,0.024000,0.002061,0,0,1
_home_max_Documents_PhD_MAPF_LNS_MAPF_LNS_SAT_mapf-map_room-64-64-8_map-_home_max_Documents_PhD_MAPF_LNS_MAPF_LNS_SAT_mapf-scen-even_scen-even_room-64-64-8-even-1_scen-agents10-idx5-seed42-1783617172377,0,0,0,0,8,2,2,24,26,11,6,0.000000,0.007000,0.171000,2,0.046000,0.035000,0.008673,1,1,0
_home_max_Documents_PhD_MAPF_LNS_MAPF_LNS_SAT_mapf-map_room-64-64-8_map-_home_max_Documents_PhD_MAPF_LNS_MAPF_LNS_SAT_mapf-scen-even_scen-even_room-64-64-8-even-1_scen-agents10-idx5-seed42-1783617172377,0,0,1,1,8,2,2,24,27,20,10,0.000000,0.007000,0.135000,2,0.027000,0.019000,0.001557,1,1,0
_home_max_Documents_PhD_MAPF_LNS_MAPF_LNS_SAT_mapf-map_room-64-64-8_map-_home_max_Documents_PhD_MAPF_LNS_MAPF_LNS_SAT_mapf-scen-even_scen-even_room-64-64-8-even-1_scen-agents10-idx5-seed42-1783617172377,0,0,2,2,8,3,3,24,29,90,28,0.000000,0.028000,0.188000,3,0.084000,0.063000,0.007870,0,0,1
_home_max_Documents_PhD_MAPF_LNS_MAPF_LNS_SAT_mapf-map_room-64-64-8_map-_home_max_Documents_PhD_MAPF_LNS_MAPF_LNS_SAT_mapf-scen-even_scen-even_room-64-64-8-even-1_scen-agents10-idx5-seed42-1783617172377,0,0,0,0,9,3,3,26,28,12,7,0.000000,0.006000,0.115000,2,0.021000,0.012000,0.000523,1,1,0
_home_max_Documents_PhD_MAPF_LNS_MAPF_LNS_SAT_mapf-map_room-64-64-8_map-_home_max_Documents_PhD_MAPF_LNS_MAPF_LNS_SAT_mapf-scen-even_scen-even_room-64-64-8-even-1_scen-agents10-idx5-seed42-1783617172377,0,0,1,1,9,3,3,26,29,21,11,0.000000,0.008000,0.130000,2,0.026000,0.018000,0.001167,1,1,0
_home_max_Documents_PhD_MAPF_LNS_MAPF_LNS_SAT_mapf-map_room-64-64-8_map-_home_max_Documents_PhD_MAPF_LNS_MAPF_LNS_SAT_mapf-scen-even_scen-even_room-64-64-8-even-1_scen-agents10-idx5-seed42-1783617172377,0,0,2,2,9,3,3,26,31,93,30,0.000000,0.029000,0.203000,3,0.075000,0.060000,0.006873,1,1,0
_home_max_Documents_PhD_MAPF_LNS_MAPF_LNS_SAT_mapf-map_room-64-64-8_map-_home_max_Documents_PhD_MAPF_LNS_MAPF_LNS_SAT_mapf-scen-even_scen-even_room-64-64-8-even-1_scen-agents10-idx5-seed42-1783617172377,0,0,3,3,9,3,3,26,34,231,57,0.000000,0.061000,0.257000,1,0.120000,0.113000,0.006779,0,0,1
_home_max_Documents_PhD_MAPF_LNS_MAPF_LNS_SAT_mapf-map_room-64-64-8_map-_home_max_Documents_PhD_MAPF_LNS_MAPF_LNS_SAT_mapf-scen-even_scen-even_room-64-64-8-even-1_scen-agents10-idx5-seed42-1783617172377,0,0,0,0,8,2,2,41,43,11,6,0.000000,0.005000,0.108000,2,0.021000,0.013000,0.000422,1,1,0
_home_max_Documents_PhD_MAPF_LNS_MAPF_LNS_SAT_mapf-map_room-64-64-8_map-_home_max_Documents_PhD_MAPF_LNS_MAPF_LNS_SAT_mapf-scen-even_scen-even_room-64-64-8-even-1_scen-agents10-idx5-seed42-1783617172377,0,0,1,1,8,2,2,41,44,20,10,0.000000,0.007000,0.116000,2,0.023000,0.017000,0.001009,1,1,0
_home_max_Documents_PhD_MAPF_LNS_MAPF_LNS_SAT_mapf-map_room-64-64-8_map-_home_max_Documents_PhD_MAPF_LNS_MAPF_LNS_SAT_mapf-scen-even_scen-even_room-64-64-8-even-1_scen-agents10-idx5-seed42-1783617172377,0,0,2,2,8,2,2,41,46,87,26,0.000000,0.026000,0.176000,3,0.079000,0.062000,0.007802,0,0,1
_home_max_Documents_PhD_MAPF_LNS_MAPF_LNS_SAT_mapf-map_room-64-64-8_map-_home_max_Documents_PhD_MAPF_LNS_MAPF_LNS_SAT_mapf-scen-even_scen-even_room-64-64-8-even-1_scen-agents10-idx5-seed42-1783617172377,0,0,0,0,8,3,3,50,52,17,9,0.000000,0.010000,0.130000,3,0.034000,0.018000,0.001025,1,1,0
_home_max_Documents_PhD_MAPF_LNS_MAPF_LNS_SAT_mapf-map_room-64-64-8_map-_home_max_Documents_PhD_MAPF_LNS_MAPF_LNS_SAT_mapf-scen-even_scen-even_room-64-64-8-even-1_scen-agents10-idx5-seed42-1783617172377,0,0,1,1,8,3,3,50,53,31,15,0.000000,0.014000,0.114000,1,0.029000,0.023000,0.001664,0,0,1
_home_max_Documents_PhD_MAPF_LNS_MAPF_LNS_SAT_mapf-map_room-64-64-8_map-_home_max_Documents_PhD_MAPF_LNS_MAPF_LNS_SAT_mapf-scen-even_scen-even_room-64-64-8-even-1_scen-agents10-idx6-seed42-1783617172476,0,0,0,0,5,2,2,28,30,11,6,0.000000,0.009000,0.192000,2,0.053000,0.039000,0.007173,1,1,0
_home_max_Documents_PhD_MAPF_LNS_MAPF_LNS_SAT_mapf-map_room-64-64-8_map-_home_max_Documents_PhD_MAPF_LNS_MAPF_LNS_SAT_mapf-scen-even_scen-even_room-64-64-8-even-1_scen-agents10-idx6-seed42-1783617172476,0,0,1,1,5,2,2,28,31,18,9,0.000000,0.007000,0.138000,2,0.028000,0.018000,0.001900,1,1,0
_home_max_Documents_PhD_MAPF_LNS_MAPF_LNS_SAT_mapf-map_room-64-64-8_map-_home_max_Documents_PhD_MAPF_LNS_MAPF_LNS_SAT_mapf-scen-even_scen-even_room-64-64-8-even-1_scen-agents10-idx6-seed42-1783617172476,0,0,2,2,5,3,3,28,33,52,20,0.000000,0.020000,0.168000,2,0.047000,0.039000,0.004504,1,1,0
_home_max_Documents_PhD_MAPF_LNS_MAPF_LNS_SAT_mapf-map_room-64-64-8_map-_home_max_Documents_PhD_MAPF_LNS_MAPF_LNS_SAT_mapf-scen-even_scen-even_room-64-64-8-even-1_scen-agents10-idx6-seed42-1783617172476,0,0,3,3,5,3,3,28,36,104,37,0.000000,0.036000,0.098000,1,0.052000,0.051000,0.000000,0,0,0
_home_max_Documents_PhD_MAPF_LNS_MAPF_LNS_SAT_mapf-map_room-64-64-8_map-_home_max_Documents_PhD_MAPF_LNS_MAPF_LNS_SAT_mapf-scen-even_scen-even_room-64-64-8-even-1_scen-agents10-idx6-seed42-1783617172476,0,1,0,0,32,3,3,26,34,53,27,0.000000,0.025000,0.270000,2,0.046000,0.031000,0.001927,1,1,0
_home_max_Documents_PhD_MAPF_LNS_MAPF_LNS_SAT_mapf-map_room-64-64-8_map-_home_max_Documents_PhD_MAPF_LNS_MAPF_LNS_SAT_mapf-scen-even_scen-even_room-64-64-8-even-1_scen-agents10-idx6-seed42-1783617172476,0,1,1,1,32,3,3,26,35,101,46,0.000000,0.043000,0.422000,2,0.104000,0.087000,0.008758,1,1,0
_home_max_Documents_PhD_MAPF_LNS_MAPF_LNS_SAT_mapf-map_room-64-64-8_map-_home_max_Documents_PhD_MAPF_LNS_MAPF_LNS_SAT_mapf-scen-even_scen-even_room-64-64-8-even-1_scen-agents10-idx6-seed42-1783617172476,0,1,2,2,32,3,3,26,37,522,124,0.000000,0.153000,0.572000,3,0.315000,0.278000,0.033821,0,0,1
_home_max_Documents_PhD_MAPF_LNS_MAPF_LNS_SAT_mapf-map_room-64-64-8_map-_home_max_Documents_PhD_MAPF_LNS_MAPF_LNS_SAT_mapf-scen-even_scen-even_room-64-64-8-even-1_scen-agents10-idx6-seed42-1783617172476,0,0,0,0,5,3,3,46,48,12,7,0.000000,0.008000,0.121000,2,0.022000,0.013000,0.000575,1,1,0
_home_max_Documents_PhD_MAPF_LNS_MAPF_LNS_SAT_mapf-map_room-64-64-8_map-_home_max_Documents_PhD_MAPF_LNS_MAPF_LNS_SAT_mapf-scen-even_scen-even_room-64-64-8-even-1_scen-agents10-idx6-seed42-1783617172476,0,0,1,1,5,3,3,46,49,18,10,0.000000,0.009000,0.108000,1,0.023000,0.017000,0.001380,0,0,1
_home_max_Documents_PhD_MAPF_LNS_MAPF_LNS_SAT_mapf-map_room-64-64-8_map-_home_max_Documents_PhD_MAPF_LNS_MAPF_LNS_SAT_mapf-scen-even_scen-even_room-64-64-8-even-1_scen-agents10-idx7-seed42-1783617172579,0,0,0,0,5,2,2,23,25,11,6,0.000000,0.007000,0.173000,2,0.045000,0.034000,0.006883,1,1,0
_home_max_Documents_PhD_MAPF_LNS_MAPF_LNS_SAT_mapf-map_room-64-64-8_map-_home_max_Documents_PhD_MAPF_LNS_MAPF_LNS_SAT_mapf-scen-even_scen-even_room-64-64-8-even-1_scen-agents10-idx7-seed42-1783617172579,0,0,1,1,5,2,2,23,26,18,9,0.000000,0.007000,0.133000,2,0.027000,0.018000,0.002210,1,1,0
_home_max_Documents_PhD_MAPF_LNS_MAPF_LNS_SAT_mapf-map_room-64-64-8_map-_home_max_Documents_PhD_MAPF_LNS_MAPF_LNS_SAT_mapf-scen-even_scen-even_room-64-64-8-even-1_scen-agents10-idx7-seed42-1783617172579,0,0,2,2,5,2,2,23,28,51,19,0.000000,0.018000,0.160000,2,0.047000,0.039000,0.004006,1,1,0
_home_max_Documents_PhD_MAPF_LNS_MAPF_LNS_SAT_mapf-map_room-64-64-8_map-_home_max_Documents_PhD_MAPF_LNS_MAPF_LNS_SAT_mapf-scen-even_scen-even_room-64-64-8-even-1_scen-agents10-idx7-seed42-1783617172579,0,0,3,3,5,2,2,23,31,99,34,0.000000,0.034000,0.095000,1,0.052000,0.051000,0.000000,0,0,0
_home_max_Documents_PhD_MAPF_LNS_MAPF_LNS_SAT_mapf-map_room-64-64-8_map-_home_max_Documents_PhD_MAPF_LNS_MAPF_LNS_SAT_mapf-scen-even_scen-even_room-64-64-8-even-1_scen-agents10-idx7-seed42-1783617172579,0,1,0,0,18,2,2,21,27,31,16,0.000000,0.015000,0.168000,2,0.048000,0.033000,0.002470,1,1,0
_home_max_Documents_PhD_MAPF_LNS_MAPF_LNS_SAT_mapf-map_room-64-64-8_map-_home_max_Documents_PhD_MAPF_LNS_MAPF_LNS_SAT_mapf-scen-even_scen-even_room-64-64-8-even-1_scen-agents10-idx7-seed42-1783617172579,0,1,1,1,18,2,2,21,28,55,25,0.000000,0.022000,0.185000,2,0.048000,0.037000,0.004872,1,1,0
_home_max_Documents_PhD_MAPF_LNS_MAPF_LNS_SAT_mapf-map_room-64-64-8_map-_home_max_Documents_PhD_MAPF_LNS_MAPF_LNS_SAT_mapf-scen-even_scen-even_room-64-64-8-even-1_scen-agents10-idx7-seed42-1783617172579,0,1,2,2,18,2,2,21,30,241,59,0.000000,0.071000,0.368000,3,0.148000,0.131000,0.012602,1,1,0
_home_max_Documents_PhD_MAPF_LNS_MAPF_LNS_SAT_mapf-map_room-64-64-8_map-_home_max_Documents_PhD_MAPF_LNS_MAPF_LNS_SAT_mapf-scen-even_scen-even_room-64-64-8-even-1_scen-agents10-idx7-seed42-1783617172579,0,1,3,3,18,2,2,21,33,711,113,0.000000,0.197000,0.619000,2,0.330000,0.313000,0.019573,0,0,1
_home_max_Documents_PhD_MAPF_LNS_MAPF_LNS_SAT_mapf-map_room-64-64-8_map-_home_max_Documents_PhD_MAPF_LNS_MAPF_LNS_SAT_mapf-scen-even_scen-even_room-64-64-8-even-1_scen-agents10-idx7-seed42-1783617172579,0,0,0,0,9,3,3,32,34,12,7,0.000000,0.007000,0.135000,2,0.022000,0.013000,0.000679,1,1,0
_home_max_Documents_PhD_MAPF_LNS_MAPF_LNS_SAT_mapf-map_room-64-64-8_map-_home_max_Documents_PhD_MAPF_LNS_MAPF_LNS_SAT_mapf-scen-even_scen-even_room-64-64-8-even-1_scen-agents10-idx7-seed42-1783617172579,0,0,1,1,9,3,3,32,35,24,12,0.000000,0.010000,0.144000,2,0.028000,0.019000,0.001351,1,1,0
_home_max_Documents_PhD_MAPF_LNS_MAPF_LNS_SAT_mapf-map_room-64-64-8_map-_home_max_Documents_PhD_MAPF_LNS_MAPF_LNS_SAT_mapf-scen-even_scen-even_room-64-64-8-even-1_scen-agents10-idx7-seed42-1783617172579,0,0,2,2,9,3,3,32,37,100,32,0.000000,0.033000,0.233000,3,0.079000,0.062000,0.005914,1,1,0
_home_max_Documents_PhD_MAPF_LNS_MAPF_LNS_SAT_mapf-map_room-64-64-8_map-_home_max_Documents_PhD_MAPF_LNS_MAPF_LNS_SAT_mapf-scen-even_scen-even_room-64-64-8-even-1_scen-agents10-idx7-seed42-1783617172579,0,0,3,3,9,3,3,32,40,240,60,0.000000,0.064000,0.280000,1,0.126000,0.117000,0.007504,0,0,1
_home_max_Documents_PhD_MAPF_LNS_MAPF_LNS_SAT_mapf-map_room-64-64-8_map-_home_max_Documents_PhD_MAPF_LNS_MAPF_LNS_SAT_mapf-scen-even_scen-even_room-64-64-8-even-1_scen-agents10-idx7-seed42-1783617172579,0,0,0,0,5,3,3,41,43,12,7,0.000000,0.008000,0.118000,2,0.021000,0.012000,0.000542,1,1,0
_home_max_Documents_PhD_MAPF_LNS_MAPF_LNS_SAT_mapf-map_room-64-64-8_map-_home_max_Documents_PhD_MAPF_LNS_MAPF_LNS_SAT_mapf-scen-even_scen-even_room-64-64-8-even-1_scen-agents10-idx7-seed42-1783617172579,0,0,1,1,5,3,3,41,44,21,11,0.000000,0.010000,0.130000,2,0.026000,0.018000,0.001484,1,1,0
_home_max_Documents_PhD_MAPF_LNS_MAPF_LNS_SAT_mapf-map_room-64-64-8_map-_home_max_Documents_PhD_MAPF_LNS_MAPF_LNS_SAT_mapf-scen-even_scen-even_room-64-64-8-even-1_scen-agents10-idx7-seed42-1783617172579,0,0,2,2,5,3,3,41,46,57,22,0.000000,0.022000,0.167000,2,0.048000,0.038000,0.003568,1,1,0
_home_max_Documents_PhD_MAPF_LNS_MAPF_LNS_SAT_mapf-map_room-64-64-8_map-_home_max_Documents_PhD_MAPF_LNS_MAPF_LNS_SAT_mapf-scen-even_scen-even_room-64-64-8-even-1_scen-agents10-idx7-seed42-1783617172579,0,0,3,3,5,3,3,41,49,105,37,0.000000,0.037000,0.103000,1,0.054000,0.053000,0.000000,0,0,0
_home_max_Documents_PhD_MAPF_LNS_MAPF_LNS_SAT_mapf-map_room-64-64-8_map-_home_max_Documents_PhD_MAPF_LNS_MAPF_LNS_SAT_mapf-scen-even_scen-even_room-64-64-8-even-1_scen-agents10-idx7-seed42-1783617172579,0,1,0,0,18,3,3,39,45,40,21,0.000000,0.021000,0.162000,2,0.035000,0.024000,0.001112,1,1,0
_home_max_Documents_PhD_MAPF_LNS_MAPF_LNS_SAT_mapf-map_room-64-64-8_map-_home_max_Documents_PhD_MAPF_LNS_MAPF_LNS_SAT_mapf-scen-even_scen-even_room-64-64-8-even-1_scen-agents10-idx7-seed42-1783617172579,0,1,1,1,18,3,3,39,46,67,31,0.000000,0.028000,0.202000,2,0.051000,0.040000,0.004151,1,1,0
_home_max_Documents_PhD_MAPF_LNS_MAPF_LNS_SAT_mapf-map_room-64-64-8_map-_home_max_Documents_PhD_MAPF_LNS_MAPF_LNS_SAT_mapf-scen-even_scen-even_room-64-64-8-even-1_scen-agents10-idx7-seed42-1783617172579,0,1,2,2,18,3,3,39,48,219,62,0.000000,0.072000,0.357000,3,0.138000,0.117000,0.011517,1,1,0
_home_max_Documents_PhD_MAPF_LNS_MAPF_LNS_SAT_mapf-map_room-64-64-8_map-_home_max_Documents_PhD_MAPF_LNS_MAPF_LNS_SAT_mapf-scen-even_scen-even_room-64-64-8-even-1_scen-agents10-idx7-seed42-1783617172579,0,1,3,3,18,3,3,39,51,658,114,0.000000,0.184000,0.707000,3,0.321000,0.299000,0.028750,1,1,0
_home_max_Documents_PhD_MAPF_LNS_MAPF_LNS_SAT_mapf-map_room-64-64-8_map-_home_max_Documents_PhD_MAPF_LNS_MAPF_LNS_SAT_mapf-scen-even_scen-even_room-64-64-8-even-1_scen-agents10-idx7-seed42-1783617172579,0,1,4,4,18,3,3,39,55,1347,186,0.000000,0.342000,1.047000,2,0.592000,0.570000,0.044409,0,0,1
_home_max_Documents_PhD_MAPF_LNS_MAPF_LNS_SAT_mapf-map_room-64-64-8_map-_home_max_Documents_PhD_MAPF_LNS_MAPF_LNS_SAT_mapf-scen-even_scen-even_room-64-64-8-even-1_scen-agents10-idx7-seed42-1783617172579,0,0,0,0,5,2,2,64,66,11,6,0.000000,0.007000,0.117000,2,0.021000,0.013000,0.000549,1,1,0
_home_max_Documents_PhD_MAPF_LNS_MAPF_LNS_SAT_mapf-map_room-64-64-8_map-_home_max_Documents_PhD_MAPF_LNS_MAPF_LNS_SAT_mapf-scen-even_scen-even_room-64-64-8-even-1_scen-agents10-idx7-seed42-1783617172579,0,0,1,1,5,2,2,64,67,18,9,0.000000,0.008000,0.120000,2,0.024000,0.016000,0.001299,1,1,0
_home_max_Documents_PhD_MAPF_LNS_MAPF_LNS_SAT_mapf-map_room-64-64-8_map-_home_max_Documents_PhD_MAPF_LNS_MAPF_LNS_SAT_mapf-scen-even_scen-even_room-64-64-8-even-1_scen-agents10-idx7-seed42-1783617172579,0,0,2,2,5,2,2,64,69,51,19,0.000000,0.019000,0.160000,2,0.046000,0.039000,0.003774,1,1,0
_home_max_Documents_PhD_MAPF_LNS_MAPF_LNS_SAT_mapf-map_room-64-64-8_map-_home_max_Documents_PhD_MAPF_LNS_MAPF_LNS_SAT_mapf-scen-even_scen-even_room-64-64-8-even-1_scen-agents10-idx7-seed42-1783617172579,0,0,3,3,5,2,2,64,72,99,34,0.000000,0.035000,0.097000,1,0.052000,0.051000,0.000000,0,0,0
_home_max_Documents_PhD_MAPF_LNS_MAPF_LNS_SAT_mapf-map_room-64-64-8_map-_home_max_Documents_PhD_MAPF_LNS_MAPF_LNS_SAT_mapf-scen-even_scen-even_room-64-64-8-even-1_scen-agents10-idx7-seed42-1783617172579,0,1,0,0,21,2,2,62,68,27,14,0.000000,0.014000,0.138000,2,0.025000,0.017000,0.000479,1,1,0
_home_max_Documents_PhD_MAPF_LNS_MAPF_LNS_SAT_mapf-map_room-64-64-8_map-_home_max_Documents_PhD_MAPF_LNS_MAPF_LNS_SAT_mapf-scen-even_scen-even_room-64-64-8-even-1_scen-agents10-idx7-seed42-1783617172579,0,1,1,1,21,2,2,62,69,42,21,0.000000,0.020000,0.172000,2,0.039000,0.030000,0.002871,1,1,0
_home_max_Documents_PhD_MAPF_LNS_MAPF_LNS_SAT_mapf-map_room-64-64-8_map-_home_max_Documents_PhD_MAPF_LNS_MAPF_LNS_SAT_mapf-scen-even_scen-even_room-64-64-8-even-1_scen-agents10-idx7-seed42-1783617172579,0,1,2,2,21,2,2,62,71,207,55,0.000000,0.068000,0.278000,2,0.132000,0.118000,0.014741,0,0,1
_home_max_Documents_PhD_MAPF_LNS_MAPF_LNS_SAT_mapf-map_room-64-64-8_map-_home_max_Documents_PhD_MAPF_LNS_MAPF_LNS_SAT_mapf-scen-even_scen-even_room-64-64-8-even-1_scen-agents10-idx7-seed42-1783617172579,0,0,0,0,5,2,2,117,119,25,10,0.000000,0.015000,0.140000,2,0.046000,0.030000,0.003064,0,0,1
_home_max_Documents_PhD_MAPF_LNS_MAPF_LNS_SAT_mapf-map_room-64-64-8_map-_home_max_Documents_PhD_MAPF_LNS_MAPF_LNS_SAT_mapf-scen-even_scen-even_room-64-64-8-even-1_scen-agents10-idx8-seed42-1783617172681,0,0,0,0,5,2,2,23,25,11,6,0.000000,0.007000,0.191000,2,0.066000,0.054000,0.010993,1,1,0
_home_max_Documents_PhD_MAPF_LNS_MAPF_LNS_SAT_mapf-map_room-64-64-8_map-_home_max_Documents_PhD_MAPF_LNS_MAPF_LNS_SAT_mapf-scen-even_scen-even_room-64-64-8-even-1_scen-agents10-idx8-seed42-1783617172681,0,0,1,1,5,2,2,23,26,18,9,0.000000,0.007000,0.137000,2,0.029000,0.018000,0.002412,1,1,0
_home_max_Documents_PhD_MAPF_LNS_MAPF_LNS_SAT_mapf-map_room-64-64-8_map-_home_max_Documents_PhD_MAPF_LNS_MAPF_LNS_SAT_mapf-scen-even_scen-even_room-64-64-8-even-1_scen-agents10-idx8-seed42-1783617172681,0,0,2,2,5,2,2,23,28,51,19,0.000000,0.018000,0.167000,2,0.048000,0.039000,0.004062,1,1,0
_home_max_Documents_PhD_MAPF_LNS_MAPF_LNS_SAT_mapf-map_room-64-64-8_map-_home_max_Documents_PhD_MAPF_LNS_MAPF_LNS_SAT_mapf-scen-even_scen-even_room-64-64-8-even-1_scen-agents10-idx8-seed42-1783617172681,0,0,3,3,5,2,2,23,31,99,34,0.000000,0.030000,0.100000,1,0.057000,0.056000,0.000000,0,0,0
_home_max_Documents_PhD_MAPF_LNS_MAPF_LNS_SAT_mapf-map_room-64-64-8_map-_home_max_Documents_PhD_MAPF_LNS_MAPF_LNS_SAT_mapf-scen-even_scen-even_room-64-64-8-even-1_scen-agents10-idx8-seed42-1783617172681,0,1,0,0,24,2,2,21,27,56,27,0.000000,0.022000,0.146000,1,0.049000,0.041000,0.004614,0,0,1
_home_max_Documents_PhD_MAPF_LNS_MAPF_LNS_SAT_mapf-map_room-64-64-8_map-_home_max_Documents_PhD_MAPF_LNS_MAPF_LNS_SAT_mapf-scen-even_scen-even_room-64-64-8-even-1_scen-agents10-idx8-seed42-1783617172681,0,0,0,0,5,2,2,25,27,11,6,0.000000,0.006000,0.115000,2,0.020000,0.012000,0.000683,1,1,0
_home_max_Documents_PhD_MAPF_LNS_MAPF_LNS_SAT_mapf-map_room-64-64-8_map-_home_max_Documents_PhD_MAPF_LNS_MAPF_LNS_SAT_mapf-scen-even_scen-even_room-64-64-8-even-1_scen-agents10-idx8-seed42-1783617172681,0,0,1,1,5,3,3,25,28,19,10,0.000000,0.007000,0.136000,2,0.031000,0.022000,0.001477,1,1,0
_home_max_Documents_PhD_MAPF_LNS_MAPF_LNS_SAT_mapf-map_room-64-64-8_map-_home_max_Documents_PhD_MAPF_LNS_MAPF_LNS_SAT_mapf-scen-even_scen-even_room-64-64-8-even-1_scen-agents10-idx8-seed42-1783617172681,0,0,2,2,5,3,3,25,30,57,22,0.000000,0.025000,0.172000,2,0.051000,0.040000,0.004493,1,1,0
_home_max_Documents_PhD_MAPF_LNS_MAPF_LNS_SAT_mapf-map_room-64-64-8_map-_home_max_Documents_PhD_MAPF_LNS_MAPF_LNS_SAT_mapf-scen-even_scen-even_room-64-64-8-even-1_scen-agents10-idx8-seed42-1783617172681,0,0,3,3,5,3,3,25,33,105,37,0.000000,0.040000,0.111000,1,0.059000,0.058000,0.000000,0,0,0
_home_max_Documents_PhD_MAPF_LNS_MAPF_LNS_SAT_mapf-map_room-64-64-8_map-_home_max_Documents_PhD_MAPF_LNS_MAPF_LNS_SAT_mapf-scen-even_scen-even_room-64-64-8-even-1_scen-agents10-idx8-seed42-1783617172681,0,1,0,0,20,4,4,23,29,207,59,0.000000,0.072000,0.416000,2,0.125000,0.107000,0.006132,1,1,0
_home_max_Documents_PhD_MAPF_LNS_MAPF_LNS_SAT_mapf-map_room-64-64-8_map-_home_max_Documents_PhD_MAPF_LNS_MAPF_LNS_SAT_mapf-scen-even_scen-even_room-64-64-8-even-1_scen-agents10-idx8-seed42-1783617172681,0,1,1,1,20,4,4,23,30,300,80,0.000000,0.100000,0.471000,2,0.162000,0.148000,0.010722,1,1,0
_home_max_Documents_PhD_MAPF_LNS_MAPF_LNS_SAT_mapf-map_room-64-64-8_map-_home_max_Documents_PhD_MAPF_LNS_MAPF_LNS_SAT_mapf-scen-even_scen-even_room-64-64-8-even-1_scen-agents10-idx8-seed42-1783617172681,0,1,2,2,20,4,4,23,32,668,140,0.000000,0.231000,0.865000,3,0.359000,0.330000,0.031792,1,1,0
_home_max_Documents_PhD_MAPF_LNS_MAPF_LNS_SAT_mapf-map_room-64-64-8_map-_home_max_Documents_PhD_MAPF_LNS_MAPF_LNS_SAT_mapf-scen-even_scen-even_room-64-64-8-even-1_scen-agents10-idx8-seed42-1783617172681,0,1,3,3,20,4,4,23,35,1696,250,0.000000,0.513000,1.660000,3,0.746000,0.713000,0.054429,1,1,0
_home_max_Documents_PhD_MAPF_LNS_MAPF_LNS_SAT_mapf-map_room-64-64-8_map-_home_max_Documents_PhD_MAPF_LNS_MAPF_LNS_SAT_mapf-scen-even_scen-even_room-64-64-8-even-1_scen-agents10-idx8-seed42-1783617172681,0,1,4,4,20,4,4,23,39,3386,410,0.000000,0.955000,2.471000,2,1.399000,1.366000,0.077463,0,0,1
_home_max_Documents_PhD_MAPF_LNS_MAPF_LNS_SAT_mapf-map_room-64-64-8_map-_home_max_Documents_PhD_MAPF_LNS_MAPF_LNS_SAT_mapf-scen-even_scen-even_room-64-64-8-even-1_scen-agents10-idx8-seed42-1783617172681,0,0,0,0,8,2,2,51,53,11,6,0.000000,0.006000,0.139000,2,0.026000,0.015000,0.000626,1,1,0
_home_max_Documents_PhD_MAPF_LNS_MAPF_LNS_SAT_mapf-map_room-64-64-8_map-_home_max_Documents_PhD_MAPF_LNS_MAPF_LNS_SAT_mapf-scen-even_scen-even_room-64-64-8-even-1_scen-agents10-idx8-seed42-1783617172681,0,0,1,1,8,3,3,51,54,22,11,0.000000,0.013000,0.204000,2,0.030000,0.021000,0.001294,1,1,0
_home_max_Documents_PhD_MAPF_LNS_MAPF_LNS_SAT_mapf-map_room-64-64-8_map-_home_max_Documents_PhD_MAPF_LNS_MAPF_LNS_SAT_mapf-scen-even_scen-even_room-64-64-8-even-1_scen-agents10-idx8-seed42-1783617172681,0,0,2,2,8,3,3,51,56,93,30,0.000000,0.039000,0.102000,1,0.051000,0.050000,0.000000,0,0,0
_home_max_Documents_PhD_MAPF_LNS_MAPF_LNS_SAT_mapf-map_room-64-64-8_map-_home_max_Documents_PhD_MAPF_LNS_MAPF_LNS_SAT_mapf-scen-even_scen-even_room-64-64-8-even-1_scen-agents10-idx8-seed42-1783617172681,0,1,0,0,23,3,3,49,55,35,18,0.000000,0.023000,0.247000,2,0.037000,0.025000,0.000632,1,1,0
_home_max_Documents_PhD_MAPF_LNS_MAPF_LNS_SAT_mapf-map_room-64-64-8_map-_home_max_Documents_PhD_MAPF_LNS_MAPF_LNS_SAT_mapf-scen-even_scen-even_room-64-64-8-even-1_scen-agents10-idx8-seed42-1783617172681,0,1,1,1,23,3,3,49,56,61,30,0.000000,0.030000,0.288000,2,0.053000,0.041000,0.004202,1,1,0
_home_max_Documents_PhD_MAPF_LNS_MAPF_LNS_SAT_mapf-map_room-64-64-8_map-_home_max_Documents_PhD_MAPF_LNS_MAPF_LNS_SAT_mapf-scen-even_scen-even_room-64-64-8-even-1_scen-agents10-idx8-seed42-1783617172681,0,1,2,2,23,3,3,49,58,328,88,0.000000,0.106000,0.429000,3,0.232000,0.203000,0.040613,0,0,1
_home_max_Documents_PhD_MAPF_LNS_MAPF_LNS_SAT_mapf-map_room-64-64-8_map-_home_max_Documents_PhD_MAPF_LNS_MAPF_LNS_SAT_mapf-scen-even_scen-even_room-64-64-8-even-1_scen-agents10-idx8-seed42-1783617172681,0,0,0,0,4,2,2,83,85,20,9,0.000000,0.011000,0.121000,2,0.038000,0.026000,0.001868,0,0,1
_home_max_Documents_PhD_MAPF_LNS_MAPF_LNS_SAT_mapf-map_room-64-64-8_map-_home_max_Documents_PhD_MAPF_LNS_MAPF_LNS_SAT_mapf-scen-even_scen-even_room-64-64-8-even-1_scen-agents10-idx9-seed42-1783617172781,0,0,0,0,9,2,2,16,18,18,8,0.000000,0.009000,0.203000,4,0.070000,0.050000,0.009112,1,1,0
_home_max_Documents_PhD_MAPF_LNS_MAPF_LNS_SAT_mapf-map_room-64-64-8_map-_home_max_Documents_PhD_MAPF_LNS_MAPF_LNS_SAT_mapf-scen-even_scen-even_room-64-64-8-even-1_scen-agents10-idx9-seed42-1783617172781,0,0,1,1,9,2,2,16,19,28,12,0.000000,0.009000,0.136000,2,0.030000,0.023000,0.002034,1,1,0
_home_max_Documents_PhD_MAPF_LNS_MAPF_LNS_SAT_mapf-map_room-64-64-8_map-_home_max_Documents_PhD_MAPF_LNS_MAPF_LNS_SAT_mapf-scen-even_scen-even_room-64-64-8-even-1_scen-agents10-idx9-seed42-1783617172781,0,0,2,2,9,2,2,16,21,122,30,0.000000,0.029000,0.207000,3,0.098000,0.081000,0.012895,0,0,1
_home_max_Documents_PhD_MAPF_LNS_MAPF_LNS_SAT_mapf-map_room-64-64-8_map-_home_max_Documents_PhD_MAPF_LNS_MAPF_LNS_SAT_mapf-scen-even_scen-even_room-64-64-8-even-1_scen-agents10-idx9-seed42-1783617172781,0,0,0,0,9,2,2,19,23,21,10,0.000000,0.008000,0.125000,2,0.027000,0.017000,0.000654,1,1,0
_home_max_Documents_PhD_MAPF_LNS_MAPF_LNS_SAT_mapf-map_room-64-64-8_map-_home_max_Documents_PhD_MAPF_LNS_MAPF_LNS_SAT_mapf-scen-even_scen-even_room-64-64-8-even-1_scen-agents10-idx9-seed42-1783617172781,0,0,1,1,9,2,2,19,24,31,15,0.000000,0.010000,0.117000,1,0.029000,0.023000,0.001906,0,0,1
_home_max_Documents_PhD_MAPF_LNS_MAPF_LNS_SAT_mapf-map_room-64-64-8_map-_home_max_Documents_PhD_MAPF_LNS_MAPF_LNS_SAT_mapf-scen-even_scen-even_room-64-64-8-even-1_scen-agents10-idx9-seed42-1783617172781,0,0,0,0,9,2,2,27,29,18,8,0.000000,0.007000,0.142000,4,0.041000,0.024000,0.001891,1,1,0
_home_max_Documents_PhD_MAPF_LNS_MAPF_LNS_SAT_mapf-map_room-64-64-8_map-_home_max_Documents_PhD_MAPF_LNS_MAPF_LNS_SAT_mapf-scen-even_scen-even_room-64-64-8-even-1_scen-agents10-idx9-seed42-1783617172781,0,0,1,1,9,2,2,27,30,28,12,0.000000,0.010000,0.137000,2,0.030000,0.023000,0.001495,1,1,0
_home_max_Documents_PhD_MAPF_LNS_MAPF_LNS_SAT_mapf-map_room-64-64-8_map-_home_max_Documents_PhD_MAPF_LNS_MAPF_LNS_SAT_mapf-scen-even_scen-even_room-64-64-8-even-1_scen-agents10-idx9-seed42-1783617172781,0,0,2,2,9,2,2,27,32,122,30,0.000000,0.034000,0.212000,3,0.098000,0.080000,0.015724,0,0,1
_home_max_Documents_PhD_MAPF_LNS_MAPF_LNS_SAT_mapf-map_room-64-64-8_map-_home_max_Documents_PhD_MAPF_LNS_MAPF_LNS_SAT_mapf-scen-even_scen-even_room-64-64-8-even-1_scen-agents10-idx9-seed42-1783617172781,0,0,0,0,5,2,2,30,32,24,10,0.000000,0.009000,0.108000,1,0.025000,0.020000,0.001531,0,0,1
_home_max_Documents_PhD_MAPF_LNS_MAPF_LNS_SAT_mapf-map_room-64-64-8_map-_home_max_Documents_PhD_MAPF_LNS_MAPF_LNS_SAT_mapf-scen-even_scen-even_room-64-64-8-even-1_scen-agents10-idx11-seed42-1783617172929,0,0,0,0,7,2,2,32,34,11,6,0.000000,0.007000,0.203000,2,0.052000,0.041000,0.009387,1,1,0
_home_max_Documents_PhD_MAPF_LNS_MAPF_LNS_SAT_mapf-map_room-64-64-8_map-_home_max_Documents_PhD_MAPF_LNS_MAPF_LNS_SAT_mapf-scen-even_scen-even_room-64-64-8-even-1_scen-agents10-idx11-seed42-1783617172929,0,0,1,1,7,2,2,32,35,20,10,0.000000,0.007000,0.124000,2,0.028000,0.019000,0.001934,1,1,0
_home_max_Documents_PhD_MAPF_LNS_MAPF_LNS_SAT_mapf-map_room-64-64-8_map-_home_max_Documents_PhD_MAPF_LNS_MAPF_LNS_SAT_mapf-scen-even_scen-even_room-64-64-8-even-1_scen-agents10-idx11-seed42-1783617172929,0,0,2,2,7,2,2,32,37,67,24,0.000000,0.022000,0.161000,2,0.060000,0.048000,0.005011,0,0,1
_home_max_Documents_PhD_MAPF_LNS_MAPF_LNS_SAT_mapf-map_room-64-64-8_map-_home_max_Documents_PhD_MAPF_LNS_MAPF_LNS_SAT_mapf-scen-even_scen-even_room-64-64-8-even-1_scen-agents10-idx11-seed42-1783617172929,0,0,0,0,4,2,2,33,35,11,6,0.000000,0.006000,0.106000,2,0.021000,0.013000,0.000566,1,1,0
_home_max_Documents_PhD_MAPF_LNS_MAPF_LNS_SAT_mapf-map_room-64-64-8_map-_home_max_Documents_PhD_MAPF_LNS_MAPF_LNS_SAT_mapf-scen-even_scen-even_room-64-64-8-even-1_scen-agents10-idx11-seed42-1783617172929,0,0,1,1,4,2,2,33,36,18,9,0.000000,0.006000,0.113000,2,0.024000,0.017000,0.001337,1,1,0
_home_max_Documents_PhD_MAPF_LNS_MAPF_LNS_SAT_mapf-map_room-64-64-8_map-_home_max_Documents_PhD_MAPF_LNS_MAPF_LNS_SAT_mapf-scen-even_scen-even_room-64-64-8-even-1_scen-agents10-idx11-seed42-1783617172929,0,0,2,2,4,2,2,33,38,41,17,0.000000,0.014000,0.139000,2,0.039000,0.032000,0.003387,1,1,0
_home_max_Documents_PhD_MAPF_LNS_MAPF_LNS_SAT_mapf-map_room-64-64-8_map-_home_max_Documents_PhD_MAPF_LNS_MAPF_LNS_SAT_mapf-scen-even_scen-even_room-64-64-8-even-1_scen-agents10-idx11-seed42-1783617172929,0,0,3,3,4,2,2,33,41,74,29,0.000000,0.026000,0.076000,1,0.041000,0.040000,0.000000,0,0,0
_home_max_Documents_PhD_MAPF_LNS_MAPF_LNS_SAT_mapf-map_room-64-64-8_map-_home_max_Documents_PhD_MAPF_LNS_MAPF_LNS_SAT_mapf-scen-even_scen-even_room-64-64-8-even-1_scen-agents10-idx11-seed42-1783617172929,0,1,0,0,18,2,2,31,37,42,21,0.000000,0.019000,0.135000,2,0.047000,0.032000,0.003289,0,0,1
_home_max_Documents_PhD_MAPF_LNS_MAPF_LNS_SAT_mapf-map_room-64-64-8_map-_home_max_Documents_PhD_MAPF_LNS_MAPF_LNS_SAT_mapf-scen-even_scen-even_room-64-64-8-even-1_scen-agents10-idx11-seed42-1783617172929,0,0,0,0,8,2,2,59,61,11,6,0.000000,0.007000,0.115000,2,0.019000,0.012000,0.000388,1,1,0
_home_max_Documents_PhD_MAPF_LNS_MAPF_LNS_SAT_mapf-map_room-64-64-8_map-_home_max_Documents_PhD_MAPF_LNS_MAPF_LNS_SAT_mapf-scen-even_scen-even_room-64-64-8-even-1_scen-agents10-idx11-seed42-1783617172929,0,0,1,1,8,2,2,59,62,20,10,0.000000,0.008000,0.040000,2,0.023000,0.016000,0.000786,0,0,0
_home_max_Documents_PhD_MAPF_LNS_MAPF_LNS_SAT_mapf-map_room-64-64-8_map-_home_max_Documents_PhD_MAPF_LNS_MAPF_LNS_SAT_mapf-scen-even_scen-even_room-64-64-8-even-1_scen-agents10-idx11-seed42-1783617172929,0,1,0,0,28,2,2,57,63,44,22,0.000000,0.020000,0.133000,2,0.046000,0.033000,0.003518,0,0,1
_home_max_Documents_PhD_MAPF_LNS_MAPF_LNS_SAT_mapf-map_room-64-64-8_map-_home_max_Documents_PhD_MAPF_LNS_MAPF_LNS_SAT_mapf-scen-even_scen-even_room-64-64-8-even-1_scen-agents10-idx12-seed42-1783617172979,0,0,0,0,9,3,3,55,58,35,16,0.000000,0.018000,0.307000,2,0.075000,0.055000,0.008778,1,1,0
_home_max_Documents_PhD_MAPF_LNS_MAPF_LNS_SAT_mapf-map_room-64-64-8_map-_home_max_Documents_PhD_MAPF_LNS_MAPF_LNS_SAT_mapf-scen-even_scen-even_room-64-64-8-even-1_scen-agents10-idx12-seed42-1783617172979,0,0,1,1,9,3,3,55,59,92,29,0.000000,0.032000,0.304000,2,0.066000,0.055000,0.004560,1,1,0
_home_max_Documents_PhD_MAPF_LNS_MAPF_LNS_SAT_mapf-map_room-64-64-8_map-_home_max_Documents_PhD_MAPF_LNS_MAPF_LNS_SAT_mapf-scen-even_scen-even_room-64-64-8-even-1_scen-agents10-idx12-seed42-1783617172979,0,0,2,2,9,3,3,55,61,264,65,0.000000,0.082000,0.403000,6,0.225000,0.175000,0.029764,0,0,1
_home_max_Documents_PhD_MAPF_LNS_MAPF_LNS_SAT_mapf-map_room-64-64-8_map-_home_max_Documents_PhD_MAPF_LNS_MAPF_LNS_SAT_mapf-scen-even_scen-even_room-64-64-8-even-1_scen-agents10-idx12-seed42-1783617172979,0,0,0,0,8,2,2,65,67,11,6,0.000000,0.007000,0.125000,2,0.021000,0.012000,0.000572,1,1,0
_home_max_Documents_PhD_MAPF_LNS_MAPF_LNS_SAT_mapf-map_room-64-64-8_map-_home_max_Documents_PhD_MAPF_LNS_MAPF_LNS_SAT_mapf-scen-even_scen-even_room-64-64-8-even-1_scen-agents10-idx12-seed42-1783617172979,0,0,1,1,8,2,2,65,68,20,10,0.000000,0.009000,0.138000,2,0.024000,0.017000,0.001084,1,1,0
_home_max_Documents_PhD_MAPF_LNS_MAPF_LNS_SAT_mapf-map_room-64-64-8_map-_home_max_Documents_PhD_MAPF_LNS_MAPF_LNS_SAT_mapf-scen-even_scen-even_room-64-64-8-even-1_scen-agents10-idx12-seed42-1783617172979,0,0,2,2,8,2,2,65,70,87,26,0.000000,0.029000,0.211000,3,0.077000,0.061000,0.007837,0,0,1
_home_max_Documents_PhD_MAPF_LNS_MAPF_LNS_SAT_mapf-map_room-64-64-8_map-_home_max_Documents_PhD_MAPF_LNS_MAPF_LNS_SAT_mapf-scen-even_scen-even_room-64-64-8-even-1_scen-agents10-idx12-seed42-1783617172979,0,0,0,0,9,2,2,72,74,18,8,0.000000,0.008000,0.164000,4,0.045000,0.025000,0.002101,1,1,0
_home_max_Documents_PhD_MAPF_LNS_MAPF_LNS_SAT_mapf-map_room-64-64-8_map-_home_max_Documents_PhD_MAPF_LNS_MAPF_LNS_SAT_mapf-scen-even_scen-even_room-64-64-8-even-1_scen-agents10-idx12-seed42-1783617172979,0,0,1,1,9,2,2,72,75,28,12,0.000000,0.010000,0.140000,2,0.028000,0.020000,0.001743,1,1,0
_home_max_Documents_PhD_MAPF_LNS_MAPF_LNS_SAT_mapf-map_room-64-64-8_map-_home_max_Documents_PhD_MAPF_LNS_MAPF_LNS_SAT_mapf-scen-even_scen-even_room-64-64-8-even-1_scen-agents10-idx12-seed42-1783617172979,0,0,2,2,9,2,2,72,77,120,30,0.000000,0.037000,0.192000,1,0.074000,0.069000,0.009035,0,0,1
_home_max_Documents_PhD_MAPF_LNS_MAPF_LNS_SAT_mapf-map_room-64-64-8_map-_home_max_Documents_PhD_MAPF_LNS_MAPF_LNS_SAT_mapf-scen-even_scen-even_room-64-64-8-even-1_scen-agents10-idx12-seed42-1783617172979,0,0,0,0,9,2,2,91,93,18,8,0.000000,0.009000,0.151000,4,0.044000,0.027000,0.001508,1,1,0
_home_max_Documents_PhD_MAPF_LNS_MAPF_LNS_SAT_mapf-map_room-64-64-8_map-_home_max_Documents_PhD_MAPF_LNS_MAPF_LNS_SAT_mapf-scen-even_scen-even_room-64-64-8-even-1_scen-agents10-idx12-seed42-1783617172979,0,0,1,1,9,2,2,91,94,28,12,0.000000,0.011000,0.136000,2,0.028000,0.020000,0.001491,1,1,0
_home_max_Documents_PhD_MAPF_LNS_MAPF_LNS_SAT_mapf-map_room-64-64-8_map-_home_max_Documents_PhD_MAPF_LNS_MAPF_LNS_SAT_mapf-scen-even_scen-even_room-64-64-8-even-1_scen-agents10-idx12-seed42-1783617172979,0,0,2,2,9,2,2,91,96,120,30,0.000000,0.035000,0.187000,1,0.071000,0.066000,0.007927,0,0,1
_home_max_Documents_PhD_MAPF_LNS_MAPF_LNS_SAT_mapf-map_room-64-64-8_map-_home_max_Documents_PhD_MAPF_LNS_MAPF_LNS_SAT_mapf-scen-even_scen-even_room-64-64-8-even-1_scen-agents10-idx13-seed42-1783617173029,0,0,0,0,9,2,2,14,16,11,6,0.000000,0.007000,0.197000,2,0.051000,0.038000,0.007130,1,1,0
_home_max_Documents_PhD_MAPF_LNS_MAPF_LNS_SAT_mapf-map_room-64-64-8_map-_home_max_Documents_PhD_MAPF_LNS_MAPF_LNS_SAT_mapf-scen-even_scen-even_room-64-64-8-even-1_scen-agents10-idx13-seed42-1783617173029,0,0,1,1,9,2,2,14,17,20,10,0.000000,0.007000,0.136000,2,0.029000,0.020000,0.001972,1,1,0
_home_max_Documents_PhD_MAPF_LNS_MAPF_LNS_SAT_mapf-map_room-64-64-8_map-_home_max_Documents_PhD_MAPF_LNS_MAPF_LNS_SAT_mapf-scen-even_scen-even_room-64-64-8-even-1_scen-agents10-idx13-seed42-1783617173029,0,0,2,2,9,2,2,14,19,89,28,0.000000,0.028000,0.181000,2,0.071000,0.059000,0.005520,0,0,1
_home_max_Documents_PhD_MAPF_LNS_MAPF_LNS_SAT_mapf-map_room-64-64-8_map-_home_max_Documents_PhD_MAPF_LNS_MAPF_LNS_SAT_mapf-scen-even_scen-even_room-64-64-8-even-1_scen-agents10-idx14-seed42-1783617173079,0,0,0,0,8,3,3,18,21,23,12,0.000000,0.012000,0.266000,2,0.059000,0.046000,0.007797,1,1,0
_home_max_Documents_PhD_MAPF_LNS_MAPF_LNS_SAT_mapf-map_room-64-64-8_map-_home_max_Documents_PhD_MAPF_LNS_MAPF_LNS_SAT_mapf-scen-even_scen-even_room-64-64-8-even-1_scen-agents10-idx14-seed42-1783617173079,0,0,1,1,8,3,3,18,22,37,18,0.000000,0.016000,0.252000,3,0.050000,0.032000,0.004144,1,1,0
_home_max_Documents_PhD_MAPF_LNS_MAPF_LNS_SAT_mapf-map_room-64-64-8_map-_home_max_Documents_PhD_MAPF_LNS_MAPF_LNS_SAT_mapf-scen-even_scen-even_room-64-64-8-even-1_scen-agents10-idx14-seed42-1783617173079,0,0,2,2,8,3,3,18,24,131,44,0.000000,0.044000,0.235000,2,0.104000,0.087000,0.009375,0,0,1
_home_max_Documents_PhD_MAPF_LNS_MAPF_LNS_SAT_mapf-map_room-64-64-8_map-_home_max_Documents_PhD_MAPF_LNS_MAPF_LNS_SAT_mapf-scen-even_scen-even_room-64-64-8-even-1_scen-agents10-idx14-seed42-1783617173079,0,0,0,0,8,2,2,46,48,11,6,0.000000,0.006000,0.156000,2,0.030000,0.015000,0.000532,1,1,0
_home_max_Documents_PhD_MAPF_LNS_MAPF_LNS_SAT_mapf-map_room-64-64-8_map-_home_max_Documents_PhD_MAPF_LNS_MAPF_LNS_SAT_mapf-scen-even_scen-even_room-64-64-8-even-1_scen-agents10-idx14-seed42-1783617173079,0,0,1,1,8,2,2,46,49,20,10,0.000000,0.008000,0.128000,2,0.026000,0.017000,0.001122,1,1,0
_home_max_Documents_PhD_MAPF_LNS_MAPF_LNS_SAT_mapf-map_room-64-64-8_map-_home_max_Documents_PhD_MAPF_LNS_MAPF_LNS_SAT_mapf-scen-even_scen-even_room-64-64-8-even-1_scen-agents10-idx14-seed42-1783617173079,0,0,2,2,8,2,2,46,51,87,26,0.000000,0.029000,0.187000,3,0.078000,0.061000,0.008018,0,0,1
_home_max_Documents_PhD_MAPF_LNS_MAPF_LNS_SAT_mapf-map_room-64-64-8_map-_home_max_Documents_PhD_MAPF_LNS_MAPF_LNS_SAT_mapf-scen-even_scen-even_room-64-64-8-even-1_scen-agents10-idx14-seed42-1783617173079,0,0,0,0,5,2,2,61,63,11,6,0.000000,0.006000,0.111000,2,0.019000,0.011000,0.000413,1,1,0
_home_max_Documents_PhD_MAPF_LNS_MAPF_LNS_SAT_mapf-map_room-64-64-8_map-_home_max_Documents_PhD_MAPF_LNS_MAPF_LNS_SAT_mapf-scen-even_scen-even_room-64-64-8-even-1_scen-agents10-idx14-seed42-1783617173079,0,0,1,1,5,2,2,61,64,17,9,0.000000,0.008000,0.101000,1,0.020000,0.015000,0.001613,0,0,1
_home_max_Documents_PhD_MAPF_LNS_MAPF_LNS_SAT_mapf-map_room-64-64-8_map-_home_max_Documents_PhD_MAPF_LNS_MAPF_LNS_SAT_mapf-scen-even_scen-even_room-64-64-8-even-1_scen-agents10-idx14-seed42-1783617173079,0,0,0,0,9,2,2,64,66,11,6,0.000000,0.006000,0.113000,2,0.018000,0.010000,0.000228,1,1,0
_home_max_Documents_PhD_MAPF_LNS_MAPF_LNS_SAT_mapf-map_room-64-64-8_map-_home_max_Documents_PhD_MAPF_LNS_MAPF_LNS_SAT_mapf-scen-even_scen-even_room-64-64-8-even-1_scen-agents10-idx14-seed42-1783617173079,0,0,1,1,9,2,2,64,67,20,10,0.000000,0.008000,0.132000,2,0.023000,0.016000,0.001085,1,1,0
_home_max_Documents_PhD_MAPF_LNS_MAPF_LNS_SAT_mapf-map_room-64-64-8_map-_home_max_Documents_PhD_MAPF_LNS_MAPF_LNS_SAT_mapf-scen-even_scen-even_room-64-64-8-even-1_scen-agents10-idx14-seed42-1783617173079,0,0,2,2,9,2,2,64,69,92,29,0.000000,0.032000,0.221000,3,0.074000,0.060000,0.006765,1,1,0
_home_max_Documents_PhD_MAPF_LNS_MAPF_LNS_SAT_mapf-map_room-64-64-8_map-_home_max_Documents_PhD_MAPF_LNS_MAPF_LNS_SAT_mapf-scen-even_scen-even_room-64-64-8-even-1_scen-agents10-idx14-seed42-1783617173079,0,0,3,3,9,2,2,64,72,231,56,0.000000,0.065000,0.285000,2,0.136000,0.121000,0.010173,0,0,1
_home_max_Documents_PhD_MAPF_LNS_MAPF_LNS_SAT_mapf-map_room-64-64-8_map-_home_max_Documents_PhD_MAPF_LNS_MAPF_LNS_SAT_mapf-scen-even_scen-even_room-64-64-8-even-1_scen-agents10-idx15-seed42-1783617173130,0,0,0,0,15,3,3,1,9,56,26,0.000000,0.021000,0.250000,2,0.074000,0.056000,0.008933,1,1,0
_home_max_Documents_PhD_MAPF_LNS_MAPF_LNS_SAT_mapf-map_room-64-64-8_map-_home_max_Documents_PhD_MAPF_LNS_MAPF_LNS_SAT_mapf-scen-even_scen-even_room-64-64-8-even-1_scen-agents10-idx15-seed42-1783617173130,0,0,1,1,15,3,3,1,10,76,36,0.000000,0.027000,0.170000,1,0.055000,0.045000,0.005707,0,0,1
_home_max_Documents_PhD_MAPF_LNS_MAPF_LNS_SAT_mapf-map_room-64-64-8_map-_home_max_Documents_PhD_MAPF_LNS_MAPF_LNS_SAT_mapf-scen-even_scen-even_room-64-64-8-even-1_scen-agents10-idx15-seed42-1783617173130,0,0,0,0,6,2,2,16,18,11,6,0.000000,0.005000,0.119000,2,0.020000,0.012000,0.000629,1,1,0
_home_max_Documents_PhD_MAPF_LNS_MAPF_LNS_SAT_mapf-map_room-64-64-8_map-_home_max_Documents_PhD_MAPF_LNS_MAPF_LNS_SAT_mapf-scen-even_scen-even_room-64-64-8-even-1_scen-agents10-idx15-seed42-1783617173130,0,0,1,1,6,2,2,16,19,20,10,0.000000,0.006000,0.125000,2,0.025000,0.018000,0.001126,1,1,0
_home_max_Documents_PhD_MAPF_LNS_MAPF_LNS_SAT_mapf-map_room-64-64-8_map-_home_max_Documents_PhD_MAPF_LNS_MAPF_LNS_SAT_mapf-scen-even_scen-even_room-64-64-8-even-1_scen-agents10-idx15-seed42-1783617173130,0,0,2,2,6,2,2,16,21,62,22,0.000000,0.020000,0.168000,3,0.067000,0.049000,0.007944,0,0,1
_home_max_Documents_PhD_MAPF_LNS_MAPF_LNS_SAT_mapf-map_room-64-64-8_map-_home_max_Documents_PhD_MAPF_LNS_MAPF_LNS_SAT_mapf-scen-even_scen-even_room-64-64-8-even-1_scen-agents10-idx15-seed42-1783617173130,0,0,0,0,5,2,2,50,52,11,6,0.000000,0.006000,0.111000,2,0.019000,0.012000,0.000446,1,1,0
_home_max_Documents_PhD_MAPF_LNS_MAPF_LNS_SAT_mapf-map_room-64-64-8_map-_home_max_Documents_PhD_MAPF_LNS_MAPF_LNS_SAT_mapf-scen-even_scen-even_room-64-64-8-even-1_scen-agents10-idx15-seed42-1783617173130,0,0,1,1,5,2,2,50,53,18,9,0.000000,0.007000,0.120000,2,0.024000,0.016000,0.001498,1,1,0
_home_max_Documents_PhD_MAPF_LNS_MAPF_LNS_SAT_mapf-map_room-64-64-8_map-_home_max_Documents_PhD_MAPF_LNS_MAPF_LNS_SAT_mapf-scen-even_scen-even_room-64-64-8-even-1_scen-agents10-idx15-seed42-1783617173130,0,0,2,2,5,2,2,50,55,51,19,0.000000,0.018000,0.165000,2,0.043000,0.035000,0.003643,1,1,0
_home_max_Documents_PhD_MAPF_LNS_MAPF_LNS_SAT_mapf-map_room-64-64-8_map-_home_max_Documents_PhD_MAPF_LNS_MAPF_LNS_SAT_mapf-scen-even_scen-even_room-64-64-8-even-1_scen-agents10-idx15-seed42-1783617173130,0,0,3,3,5,3,3,50,58,102,36,0.000000,0.038000,0.101000,1,0.053000,0.051000,0.000000,0,0,0
_home_max_Documents_PhD_MAPF_LNS_MAPF_LNS_SAT_mapf-map_room-64-64-8_map-_home_max_Documents_PhD_MAPF_LNS_MAPF_LNS_SAT_mapf-scen-even_scen-even_room-64-64-8-even-1_scen-agents10-idx15-seed42-1783617173130,0,1,0,0,35,5,5,48,57,52,27,0.000000,0.037000,0.235000,2,0.040000,0.026000,0.000488,1,1,0
_home_max_Documents_PhD_MAPF_LNS_MAPF_LNS_SAT_mapf-map_room-64-64-8_map-_home_max_Documents_PhD_MAPF_LNS_MAPF_LNS_SAT_mapf-scen-even_scen-even_room-64-64-8-even-1_scen-agents10-idx15-seed42-1783617173130,0,1,1,1,35,5,5,48,58,81,40,0.000000,0.048000,0.299000,2,0.059000,0.045000,0.003311,1,1,0
_home_max_Documents_PhD_MAPF_LNS_MAPF_LNS_SAT_mapf-map_room-64-64-8_map-_home_max_Documents_PhD_MAPF_LNS_MAPF_LNS_SAT_mapf-scen-even_scen-even_room-64-64-8-even-1_scen-agents10-idx15-seed42-1783617173130,0,1,2,2,35,5,5,48,60,345,96,0.000000,0.132000,0.685000,2,0.188000,0.170000,0.015957,1,1,0
_home_max_Documents_PhD_MAPF_LNS_MAPF_LNS_SAT_mapf-map_room-64-64-8_map-_home_max_Documents_PhD_MAPF_LNS_MAPF_LNS_SAT_mapf-scen-even_scen-even_room-64-64-8-even-1_scen-agents10-idx15-seed42-1783617173130,0,1,3,3,35,6,6,48,63,1583,223,0.000000,0.461000,1.660000,2,0.674000,0.651000,0.049393,1,1,0
_home_max_Documents_PhD_MAPF_LNS_MAPF_LNS_SAT_mapf-map_room-64-64-8_map-_home_max_Documents_PhD_MAPF_LNS_MAPF_LNS_SAT_mapf-scen-even_scen-even_room-64-64-8-even-1_scen-agents10-idx15-seed42-1783617173130,0,1,4,4,35,6,6,48,67,4591,436,0.000000,1.224000,3.282000,4,2.009000,1.946000,0.175524,0,0,0
_home_max_Documents_PhD_MAPF_LNS_MAPF_LNS_SAT_mapf-map_room-64-64-8_map-_home_max_Documents_PhD_MAPF_LNS_MAPF_LNS_SAT_mapf-scen-even_scen-even_room-64-64-8-even-1_scen-agents10-idx15-seed42-1783617173130,0,2,0,0,63,5,5,46,59,95,48,0.000000,0.070000,0.434000,2,0.064000,0.043000,0.001166,1,1,0
_home_max_Documents_PhD_MAPF_LNS_MAPF_LNS_SAT_mapf-map_room-64-64-8_map-_home_max_Documents_PhD_MAPF_LNS_MAPF_LNS_SAT_mapf-scen-even_scen-even_room-64-64-8-even-1_scen-agents10-idx15-seed42-1783617173130,0,2,1,1,63,6,6,46,60,142,70,0.000000,0.096000,0.548000,2,0.091000,0.071000,0.005941,1,1,0
_home_max_Documents_PhD_MAPF_LNS_MAPF_LNS_SAT_mapf-map_room-64-64-8_map-_home_max_Documents_PhD_MAPF_LNS_MAPF_LNS_SAT_mapf-scen-even_scen-even_room-64-64-8-even-1_scen-agents10-idx15-seed42-1783617173130,0,2,2,2,63,6,6,46,62,622,173,0.000000,0.247000,1.116000,3,0.351000,0.310000,0.034920,1,1,0
_home_max_Documents_PhD_MAPF_LNS_MAPF_LNS_SAT_mapf-map_room-64-64-8_map-_home_max_Documents_PhD_MAPF_LNS_MAPF_LNS_SAT_mapf-scen-even_scen-even_room-64-64-8-even-1_scen-agents10-idx15-seed42-1783617173130,0,2,3,3,63,6,6,46,65,2856,382,0.000000,0.822000,3.046000,4,1.317000,1.242000,0.136201,1,1,0
_home_max_Documents_PhD_MAPF_LNS_MAPF_LNS_SAT_mapf-map_room-64-64-8_map-_home_max_Documents_PhD_MAPF_LNS_MAPF_LNS_SAT_mapf-scen-even_scen-even_room-64-64-8-even-1_scen-agents10-idx15-seed42-1783617173130,0,2,4,4,63,6,6,46,69,10658,850,0.000000,2.878000,8.561000,16,5.409000,5.050000,0.824094,0,0,1
_home_max_Documents_PhD_MAPF_LNS_MAPF_LNS_SAT_mapf-map_room-64-64-8_map-_home_max_Documents_PhD_MAPF_LNS_MAPF_LNS_SAT_mapf-scen-even_scen-even_room-64-64-8-even-1_scen-agents10-idx15-seed42-1783617173130,0,0,0,0,8,2,2,68,70,11,6,0.000000,0.007000,0.129000,2,0.022000,0.014000,0.000637,1,1,0
_home_max_Documents_PhD_MAPF_LNS_MAPF_LNS_SAT_mapf-map_room-64-64-8_map-_home_max_Documents_PhD_MAPF_LNS_MAPF_LNS_SAT_mapf-scen-even_scen-even_room-64-64-8-even-1_scen-agents10-idx15-seed42-1783617173130,0,0,1,1,8,2,2,68,71,20,10,0.000000,0.009000,0.045000,2,0.026000,0.019000,0.001203,0,0,0
_home_max_Documents_PhD_MAPF_LNS_MAPF_LNS_SAT_mapf-map_room-64-64-8_map-_home_max_Documents_PhD_MAPF_LNS_MAPF_LNS_SAT_mapf-scen-even_scen-even_room-64-64-8-even-1_scen-agents10-idx15-seed42-1783617173130,0,1,0,0,23,3,3,66,72,30,16,0.000000,0.019000,0.161000,2,0.029000,0.018000,0.000411,1,1,0
_home_max_Documents_PhD_MAPF_LNS_MAPF_LNS_SAT_mapf-map_room-64-64-8_map-_home_max_Documents_PhD_MAPF_LNS_MAPF_LNS_SAT_mapf-scen-even_scen-even_room-64-64-8-even-1_scen-agents10-idx15-seed42-1783617173130,0,1,1,1,23,3,3,66,73,47,24,0.000000,0.026000,0.073000,2,0.039000,0.029000,0.001644,0,0,0
_home_max_Documents_PhD_MAPF_LNS_MAPF_LNS_SAT_mapf-map_room-64-64-8_map-_home_max_Documents_PhD_MAPF_LNS_MAPF_LNS_SAT_mapf-scen-even_scen-even_room-64-64-8-even-1_scen-agents10-idx15-seed42-1783617173130,0,2,0,0,47,5,5,64,74,528,106,0.000000,0.174000,0.811000,6,0.348000,0.278000,0.044555,1,1,0
_home_max_Documents_PhD_MAPF_LNS_MAPF_LNS_SAT_mapf-map_room-64-64-8_map-_home_max_Documents_PhD_MAPF_LNS_MAPF_LNS_SAT_mapf-scen-even_scen-even_room-64-64-8-even-1_scen-agents10-idx15-seed42-1783617173130,0,2,1,1,47,5,5,64,75,580,126,0.000000,0.205000,0.750000,6,0.400000,0.334000,0.072177,1,0,0
_home_max_Documents_PhD_MAPF_LNS_MAPF_LNS_SAT_mapf-map_room-64-64-8_map-_home_max_Documents_PhD_MAPF_LNS_MAPF_LNS_SAT_mapf-scen-even_scen-even_room-64-64-8-even-1_scen-agents10-idx15-seed42-1783617173130,0,3,0,0,74,6,6,62,76,844,186,0.000000,0.315000,1.200000,6,0.511000,0.417000,0.053625,1,1,0
_home_max_Documents_PhD_MAPF_LNS_MAPF_LNS_SAT_mapf-map_room-64-64-8_map-_home_max_Documents_PhD_MAPF_LNS_MAPF_LNS_SAT_mapf-scen-even_scen-even_room-64-64-8-even-1_scen-agents10-idx15-seed42-1783617173130,0,3,1,1,74,6,6,62,77,961,223,0.000000,0.375000,1.165000,6,0.583000,0.499000,0.094577,1,0,0
_home_max_Documents_PhD_MAPF_LNS_MAPF_LNS_SAT_mapf-map_room-64-64-8_map-_home_max_Documents_PhD_MAPF_LNS_MAPF_LNS_SAT_mapf-scen-even_scen-even_room-64-64-8-even-1_scen-agents10-idx15-seed42-1783617173130,0,4,0,0,109,6,6,60,78,3500,416,0.000000,1.089000,2.871000,9,1.755000,1.545000,0.262754,0,0,0
_home_max_Documents_PhD_MAPF_LNS_MAPF_LNS_SAT_mapf-map_room-64-64-8_map-_home_max_Documents_PhD_MAPF_LNS_MAPF_LNS_SAT_mapf-scen-even_scen-even_room-64-64-8-even-1_scen-agents10-idx15-seed42-1783617173130,0,5,0,0,149,6,6,58,80,5016,589,0.000000,1.719000,4.129000,9,2.379000,2.039000,0.240563,0,0,0
_home_max_Documents_PhD_MAPF_LNS_MAPF_LNS_SAT_mapf-map_room-64-64-8_map-_home_max_Documents_PhD_MAPF_LNS_MAPF_LNS_SAT_mapf-scen-even_scen-even_room-64-64-8-even-1_scen-agents10-idx15-seed42-1783617173130,0,6,0,0,196,6,6,56,82,16521,1120,0.000000,5.621000,13.517000,10,7.359000,6.966000,0.803048,1,0,0
_home_max_Documents_PhD_MAPF_LNS_MAPF_LNS_SAT_mapf-map_room-64-64-8_map-_home_max_Documents_PhD_MAPF_LNS_MAPF_LNS_SAT_mapf-scen-even_scen-even_room-64-64-8-even-1_scen-agents10-idx15-seed42-1783617173130,0,7,0,0,244,7,7,54,84,25242,1588,0.000000,8.997000,20.225000,11,10.892000,10.375000,0.837650,1,0,0
_home_max_Documents_PhD_MAPF_LNS_MAPF_LNS_SAT_mapf-map_room-64-64-8_map-_home_max_Documents_PhD_MAPF_LNS_MAPF_LNS_SAT_mapf-scen-even_scen-even_room-64-64-8-even-1_scen-agents10-idx15-seed42-1783617173130,0,8,0,0,296,8,8,52,86,35614,2114,0.000000,12.347000,29.310000,12,15.863000,15.113000,1.395757,1,0,0
_home_max_Documents_PhD_MAPF_LNS_MAPF_LNS_SAT_mapf-map_room-64-64-8_map-_home_max_Documents_PhD_MAPF_LNS_MAPF_LNS_SAT_mapf-scen-even_scen-even_room-64-64-8-even-1_scen-agents10-idx15-seed42-1783617173130,0,9,0,0,362,8,8,50,88,53008,2867,0.000000,18.925000,43.967000,12,24.303000,23.274000,2.046565,1,0,0
_home_max_Documents_PhD_MAPF_LNS_MAPF_LNS_SAT_mapf-map_room-64-64-8_map-_home_max_Documents_PhD_MAPF_LNS_MAPF_LNS_SAT_mapf-scen-even_scen-even_room-64-64-8-even-1_scen-agents10-idx15-seed42-1783617173130,0,10,0,0,444,8,8,48,90,61416,3268,0.000000,21.209000,47.998000,11,25.998000,24.855000,2.228903,1,0,0
_home_max_Documents_PhD_MAPF_LNS_MAPF_LNS_SAT_mapf-map_room-64-64-8_map-_home_max_Documents_PhD_MAPF_LNS_MAPF_LNS_SAT_mapf-scen-even_scen-even_room-64-64-8-even-1_scen-agents10-idx15-seed42-1783617173130,0,11,0,0,549,8,8,46,92,74117,3781,0.000000,26.183000,58.107000,12,31.023000,29.594000,2.090697,1,0,0
_home_max_Documents_PhD_MAPF_LNS_MAPF_LNS_SAT_mapf-map_room-64-64-8_map-_home_max_Documents_PhD_MAPF_LNS_MAPF_LNS_SAT_mapf-scen-even_scen-even_room-64-64-8-even-1_scen-agents10-idx15-seed42-1783617173130,0,12,0,0,660,8,8,44,94,98504,4600,0.000000,36.672000,83.236000,12,45.485000,43.512000,2.672574,1,0,0
_home_max_Documents_PhD_MAPF_LNS_MAPF_LNS_SAT_mapf-map_room-64-64-8_map-_home_max_Documents_PhD_MAPF_LNS_MAPF_LNS_SAT_mapf-scen-even_scen-even_room-64-64-8-even-1_scen-agents10-idx15-seed42-1783617173130,0,13,0,0,760,8,8,42,96,113248,5161,0.000000,40.289000,91.513000,12,50.036000,47.830000,3.067947,1,0,0
_home_max_Documents_PhD_MAPF_LNS_MAPF_LNS_SAT_mapf-map_room-64-64-8_map-_home_max_Documents_PhD_MAPF_LNS_MAPF_LNS_SAT_mapf-scen-even_scen-even_room-64-64-8-even-1_scen-agents10-idx15-seed42-1783617173130,0,14,0,0,847,9,8,40,98,124383,5689,0.000000,47.045000,107.246000,12,56.532000,54.066000,3.331959,1,0,0
_home_max_Documents_PhD_MAPF_LNS_MAPF_LNS_SAT_mapf-map_room-64-64-8_map-_home_max_Documents_PhD_MAPF_LNS_MAPF_LNS_SAT_mapf-scen-even_scen-even_room-64-64-8-even-1_scen-agents10-idx15-seed42-1783617173130,0,15,0,0,920,8,8,38,100,133760,6163,0.000000,54.769000,117.330000,12,58.530000,55.835000,3.853911,1,0,0
_home_max_Documents_PhD_MAPF_LNS_MAPF_LNS_SAT_mapf-map_room-64-64-8_map-_home_max_Documents_PhD_MAPF_LNS_MAPF_LNS_SAT_mapf-scen-even_scen-even_room-64-64-8-even-1_scen-agents10-idx15-seed42-1783617173130,0,16,0,0,990,8,8,36,102,143178,6621,0.000000,61.099000,125.671000,12,62.416000,59.508000,4.112351,1,0,0
_home_max_Documents_PhD_MAPF_LNS_MAPF_LNS_SAT_mapf-map_room-64-64-8_map-_home_max_Documents_PhD_MAPF_LNS_MAPF_LNS_SAT_mapf-scen-even_scen-even_room-64-64-8-even-1_scen-agents10-idx15-seed42-1783617173130,0,17,0,0,1063,8,8,34,104,154395,7169,0.000000,66.149000,139.921000,12,71.415000,68.056000,4.602454,1,0,0
_home_max_Documents_PhD_MAPF_LNS_MAPF_LNS_SAT_mapf-map_room-64-64-8_map-_home_max_Documents_PhD_MAPF_LNS_MAPF_LNS_SAT_mapf-scen-even_scen-even_room-64-64-8-even-1_scen-agents10-idx15-seed42-1783617173130,0,18,0,0,1158,8,8,32,106,164569,7658,0.000000,72.030000,149.528000,12,74.016000,70.433000,4.910585,1,0,0
_home_max_Documents_PhD_MAPF_LNS_MAPF_LNS_SAT_mapf-map_room-64-64-8_map-_home_max_Documents_PhD_MAPF_LNS_MAPF_LNS_SAT_mapf-scen-even_scen-even_room-64-64-8-even-1_scen-agents10-idx15-seed42-1783617173130,0,19,0,0,1268,8,8,30,108,172884,8066,0.000000,77.426000,159.547000,12,79.439000,75.492000,5.047175,1,0,0
_home_max_Documents_PhD_MAPF_LNS_MAPF_LNS_SAT_mapf-map_room-64-64-8_map-_home_max_Documents_PhD_MAPF_LNS_MAPF_LNS_SAT_mapf-scen-even_scen-even_room-64-64-8-even-1_scen-agents10-idx15-seed42-1783617173130,0,20,0,0,1383,8,8,28,110,185432,8627,0.000000,86.201000,181.775000,12,92.558000,88.319000,5.344614,1,0,0
_home_max_Documents_PhD_MAPF_LNS_MAPF_LNS_SAT_mapf-map_room-64-64-8_map-_home_max_Documents_PhD_MAPF_LNS_MAPF_LNS_SAT_mapf-scen-even_scen-even_room-64-64-8-even-1_scen-agents10-idx15-seed42-1783617173130,0,21,0,0,1505,8,8,26,112,195788,9156,0.000000,89.017000,188.249000,12,95.978000,91.570000,5.800651,1,0,0
_home_max_Documents_PhD_MAPF_LNS_MAPF_LNS_SAT_mapf-map_room-64-64-8_map-_home_max_Documents_PhD_MAPF_LNS_MAPF_LNS_SAT_mapf-scen-even_scen-even_room-64-64-8-even-1_scen-agents10-idx15-seed42-1783617173130,0,22,0,0,1631,9,9,24,114,205538,9628,0.000000,92.023000,196.974000,12,101.515000,96.669000,5.969730,1,0,0
_home_max_Documents_PhD_MAPF_LNS_MAPF_LNS_SAT_mapf-map_room-64-64-8_map-_home_max_Documents_PhD_MAPF_LNS_MAPF_LNS_SAT_mapf-scen-even_scen-even_room-64-64-8-even-1_scen-agents10-idx15-seed42-1783617173130,0,23,0,0,1764,9,9,22,116,212080,10005,0.000000,94.326000,204.527000,12,106.435000,101.048000,6.458074,1,0,0
_home_max_Documents_PhD_MAPF_LNS_MAPF_LNS_SAT_mapf-map_room-64-64-8_map-_home_max_Documents_PhD_MAPF_LNS_MAPF_LNS_SAT_mapf-scen-even_scen-even_room-64-64-8-even-1_scen-agents10-idx15-seed42-1783617173130,0,24,0,0,1897,9,9,20,118,225406,10597,0.001000,97.658000,216.426000,12,114.626000,108.554000,7.033679,1,0,0
_home_max_Documents_PhD_MAPF_LNS_MAPF_LNS_SAT_mapf-map_room-64-64-8_map-_home_max_Documents_PhD_MAPF_LNS_MAPF_LNS_SAT_mapf-scen-even_scen-even_room-64-64-8-even-1_scen-agents10-idx15-seed42-1783617173130,0,25,0,0,2047,10,10,18,120,234136,11108,0.000000,106.680000,230.125000,12,119.277000,113.387000,7.053627,1,0,0
_home_max_Documents_PhD_MAPF_LNS_MAPF_LNS_SAT_mapf-map_room-64-64-8_map-_home_max_Documents_PhD_MAPF_LNS_MAPF_LNS_SAT_mapf-scen-even_scen-even_room-64-64-8-even-1_scen-agents10-idx15-seed42-1783617173130,0,26,0,0,2207,11,10,16,122,244775,11649,0.001000,114.644000,247.775000,12,122.239000,115.800000,7.522808,1,0,0
_home_max_Documents_PhD_MAPF_LNS_MAPF_LNS_SAT_mapf-map_room-64-64-8_map-_home_max_Documents_PhD_MAPF_LNS_MAPF_LNS_SAT_mapf-scen-even_scen-even_room-64-64-8-even-1_scen-agents10-idx15-seed42-1783617173130,0,27,0,0,2339,10,10,14,124,1859055,30763,0.000000,2313.601000,3879.481000,11,1561.962000,1530.200000,31.525880,0,0,1
_home_max_Documents_PhD_MAPF_LNS_MAPF_LNS_SAT_mapf-map_room-64-64-8_map-_home_max_Documents_PhD_MAPF_LNS_MAPF_LNS_SAT_mapf-scen-even_scen-even_room-64-64-8-even-1_scen-agents10-idx16-seed42-1783617180252,0,0,0,0,4,2,2,28,30,11,6,0.000000,0.007000,0.181000,2,0.053000,0.041000,0.009054,1,1,0
_home_max_Documents_PhD_MAPF_LNS_MAPF_LNS_SAT_mapf-map_room-64-64-8_map-_home_max_Documents_PhD_MAPF_LNS_MAPF_LNS_SAT_mapf-scen-even_scen-even_room-64-64-8-even-1_scen-agents10-idx16-seed42-1783617180252,0,0,1,1,4,2,2,28,31,18,9,0.000000,0.007000,0.134000,2,0.028000,0.019000,0.002001,1,1,0
_home_max_Documents_PhD_MAPF_LNS_MAPF_LNS_SAT_mapf-map_room-64-64-8_map-_home_max_Documents_PhD_MAPF_LNS_MAPF_LNS_SAT_mapf-scen-even_scen-even_room-64-64-8-even-1_scen-agents10-idx16-seed42-1783617180252,0,0,2,2,4,2,2,28,33,41,17,0.000000,0.016000,0.152000,2,0.040000,0.032000,0.003421,1,1,0
_home_max_Documents_PhD_MAPF_LNS_MAPF_LNS_SAT_mapf-map_room-64-64-8_map-_home_max_Documents_PhD_MAPF_LNS_MAPF_LNS_SAT_mapf-scen-even_scen-even_room-64-64-8-even-1_scen-agents10-idx16-seed42-1783617180252,0,0,3,3,4,2,2,28,36,74,29,0.000000,0.027000,0.075000,1,0.039000,0.037000,0.000000,0,0,0
_home_max_Documents_PhD_MAPF_LNS_MAPF_LNS_SAT_mapf-map_room-64-64-8_map-_home_max_Documents_PhD_MAPF_LNS_MAPF_LNS_SAT_mapf-scen-even_scen-even_room-64-64-8-even-1_scen-agents10-idx16-seed42-1783617180252,0,1,0,0,15,2,2,26,32,27,14,0.000000,0.012000,0.132000,2,0.027000,0.017000,0.000429,1,1,0
_home_max_Documents_PhD_MAPF_LNS_MAPF_LNS_SAT_mapf-map_room-64-64-8_map-_home_max_Documents_PhD_MAPF_LNS_MAPF_LNS_SAT_mapf-scen-even_scen-even_room-64-64-8-even-1_scen-agents10-idx16-seed42-1783617180252,0,1,1,1,15,2,2,26,33,42,21,0.000000,0.018000,0.166000,2,0.037000,0.027000,0.002788,1,1,0
_home_max_Documents_PhD_MAPF_LNS_MAPF_LNS_SAT_mapf-map_room-64-64-8_map-_home_max_Documents_PhD_MAPF_LNS_MAPF_LNS_SAT_mapf-scen-even_scen-even_room-64-64-8-even-1_scen-agents10-idx16-seed42-1783617180252,0,1,2,2,15,2,2,26,35,127,43,0.000000,0.040000,0.217000,2,0.095000,0.080000,0.012541,0,0,1
_home_max_Documents_PhD_MAPF_LNS_MAPF_LNS_SAT_mapf-map_room-64-64-8_map-_home_max_Documents_PhD_MAPF_LNS_MAPF_LNS_SAT_mapf-scen-even_scen-even_room-64-64-8-even-1_scen-agents10-idx16-seed42-1783617180252,0,0,0,0,8,2,2,47,49,11,6,0.000000,0.006000,0.124000,2,0.020000,0.013000,0.000468,1,1,0
_home_max_Documents_PhD_MAPF_LNS_MAPF_LNS_SAT_mapf-map_room-64-64-8_map-_home_max_Documents_PhD_MAPF_LNS_MAPF_LNS_SAT_mapf-scen-even_scen-even_room-64-64-8-even-1_scen-agents10-idx16-seed42-1783617180252,0,0,1,1,8,2,2,47,50,20,10,0.000000,0.007000,0.136000,2,0.025000,0.017000,0.001137,1,1,0
_home_max_Documents_PhD_MAPF_LNS_MAPF_LNS_SAT_mapf-map_room-64-64-8_map-_home_max_Documents_PhD_MAPF_LNS_MAPF_LNS_SAT_mapf-scen-even_scen-even_room-64-64-8-even-1_scen-agents10-idx16-seed42-1783617180252,0,0,2,2,8,2,2,47,52,87,26,0.000000,0.029000,0.190000,3,0.078000,0.061000,0.007792,0,0,1
_home_max_Documents_PhD_MAPF_LNS_MAPF_LNS_SAT_mapf-map_room-64-64-8_map-_home_max_Documents_PhD_MAPF_LNS_MAPF_LNS_SAT_mapf-scen-even_scen-even_room-64-64-8-even-1_scen-agents10-idx16-seed42-1783617180252,0,0,0,0,5,3,3,48,50,12,7,0.000000,0.008000,0.119000,2,0.019000,0.011000,0.000337,1,1,0
_home_max_Documents_PhD_MAPF_LNS_MAPF_LNS_SAT_mapf-map_room-64-64-8_map-_home_max_Documents_PhD_MAPF_LNS_MAPF_LNS_SAT_mapf-scen-even_scen-even_room-64-64-8-even-1_scen-agents10-idx16-seed42-1783617180252,0,0,1,1,5,4,3,48,51,21,11,0.000000,0.012000,0.210000,2,0.025000,0.016000,0.001314,1,1,0
_home_max_Documents_PhD_MAPF_LNS_MAPF_LNS_SAT_mapf-map_room-64-64-8_map-_home_max_Documents_PhD_MAPF_LNS_MAPF_LNS_SAT_mapf-scen-even_scen-even_room-64-64-8-even-1_scen-agents10-idx16-seed42-1783617180252,0,0,2,2,5,4,3,48,53,59,24,0.000000,0.028000,0.072000,1,0.033000,0.032000,0.000000,0,0,0
_home_max_Documents_PhD_MAPF_LNS_MAPF_LNS_SAT_mapf-map_room-64-64-8_map-_home_max_Documents_PhD_MAPF_LNS_MAPF_LNS_SAT_mapf-scen-even_scen-even_room-64-64-8-even-1_scen-agents10-idx16-seed42-1783617180252,0,1,0,0,23,3,3,46,52,46,24,0.000000,0.024000,0.152000,2,0.049000,0.032000,0.002165,0,0,1
_home_max_Documents_PhD_MAPF_LNS_MAPF_LNS_SAT_mapf-map_room-64-64-8_map-_home_max_Documents_PhD_MAPF_LNS_MAPF_LNS_SAT_mapf-scen-even_scen-even_room-64-64-8-even-1_scen-agents10-idx16-seed42-1783617180252,0,0,0,0,5,2,2,62,64,11,6,0.000000,0.006000,0.111000,2,0.018000,0.011000,0.000379,1,1,0
_home_max_Documents_PhD_MAPF_LNS_MAPF_LNS_SAT_mapf-map_room-64-64-8_map-_home_max_Documents_PhD_MAPF_LNS_MAPF_LNS_SAT_mapf-scen-even_scen-even_room-64-64-8-even-1_scen-agents10-idx16-seed42-1783617180252,0,0,1,1,5,2,2,62,65,18,9,0.000000,0.008000,0.120000,2,0.022000,0.015000,0.001191,1,1,0
_home_max_Documents_PhD_MAPF_LNS_MAPF_LNS_SAT_mapf-map_room-64-64-8_map-_home_max_Documents_PhD_MAPF_LNS_MAPF_LNS_SAT_mapf-scen-even_scen-even_room-64-64-8-even-1_scen-agents10-idx16-seed42-1783617180252,0,0,2,2,5,2,2,62,67,51,19,0.000000,0.019000,0.160000,2,0.045000,0.036000,0.003649,1,1,0
_home_max_Documents_PhD_MAPF_LNS_MAPF_LNS_SAT_mapf-map_room-64-64-8_map-_home_max_Documents_PhD_MAPF_LNS_MAPF_LNS_SAT_mapf-scen-even_scen-even_room-64-64-8-even-1_scen-agents10-idx16-seed42-1783617180252,0,0,3,3,5,2,2,62,70,99,34,0.000000,0.034000,0.095000,1,0.050000,0.049000,0.000000,0,0,0
_home_max_Documents_PhD_MAPF_LNS_MAPF_LNS_SAT_mapf-map_room-64-64-8_map-_home_max_Documents_PhD_MAPF_LNS_MAPF_LNS_SAT_mapf-scen-even_scen-even_room-64-64-8-even-1_scen-agents10-idx16-seed42-1783617180252,0,1,0,0,24,2,2,60,66,64,30,0.000000,0.026000,0.149000,1,0.046000,0.040000,0.003143,0,0,1
_home_max_Documents_PhD_MAPF_LNS_MAPF_LNS_SAT_mapf-map_room-64-64-8_map-_home_max_Documents_PhD_MAPF_LNS_MAPF_LNS_SAT_mapf-scen-even_scen-even_room-64-64-8-even-1_scen-agents10-idx17-seed42-1783617180353,0,0,0,0,6,2,2,9,11,11,6,0.000000,0.006000,0.164000,2,0.048000,0.037000,0.007402,1,1,0
_home_max_Documents_PhD_MAPF_LNS_MAPF_LNS_SAT_mapf-map_room-64-64-8_map-_home_max_Documents_PhD_MAPF_LNS_MAPF_LNS_SAT_mapf-scen-even_scen-even_room-64-64-8-even-1_scen-agents10-idx17-seed42-1783617180353,0,0,1,1,6,2,2,9,12,20,10,0.000000,0.007000,0.123000,2,0.028000,0.018000,0.001449,1,1,0
_home_max_Documents_PhD_MAPF_LNS_MAPF_LNS_SAT_mapf-map_room-64-64-8_map-_home_max_Documents_PhD_MAPF_LNS_MAPF_LNS_SAT_mapf-scen-even_scen-even_room-64-64-8-even-1_scen-agents10-idx17-seed42-1783617180353,0,0,2,2,6,3,3,9,14,65,24,0.000000,0.021000,0.163000,3,0.071000,0.051000,0.006941,0,0,1
_home_max_Documents_PhD_MAPF_LNS_MAPF_LNS_SAT_mapf-map_room-64-64-8_map-_home_max_Documents_PhD_MAPF_LNS_MAPF_LNS_SAT_mapf-scen-even_scen-even_room-64-64-8-even-1_scen-agents10-idx17-seed42-1783617180353,0,0,0,0,12,2,2,26,31,30,14,0.000000,0.012000,0.127000,2,0.032000,0.021000,0.001190,1,1,0
_home_max_Documents_PhD_MAPF_LNS_MAPF_LNS_SAT_mapf-map_room-64-64-8_map-_home_max_Documents_PhD_MAPF_LNS_MAPF_LNS_SAT_mapf-scen-even_scen-even_room-64-64-8-even-1_scen-agents10-idx17-seed42-1783617180353,0,0,1,1,12,2,2,26,32,46,21,0.000000,0.017000,0.121000,1,0.039000,0.032000,0.003900,0,0,1
_home_max_Documents_PhD_MAPF_LNS_MAPF_LNS_SAT_mapf-map_room-64-64-8_map-_home_max_Documents_PhD_MAPF_LNS_MAPF_LNS_SAT_mapf-scen-even_scen-even_room-64-64-8-even-1_scen-agents10-idx17-seed42-1783617180353,0,0,0,0,5,2,2,46,48,11,6,0.000000,0.006000,0.094000,2,0.018000,0.011000,0.000497,1,1,0
_home_max_Documents_PhD_MAPF_LNS_MAPF_LNS_SAT_mapf-map_room-64-64-8_map-_home_max_Documents_PhD_MAPF_LNS_MAPF_LNS_SAT_mapf-scen-even_scen-even_room-64-64-8-even-1_scen-agents10-idx17-seed42-1783617180353,0,0,1,1,5,2,2,46,49,18,9,0.000000,0.007000,0.107000,2,0.025000,0.015000,0.001273,1,1,0
_home_max_Documents_PhD_MAPF_LNS_MAPF_LNS_SAT_mapf-map_room-64-64-8_map-_home_max_Documents_PhD_MAPF_LNS_MAPF_LNS_SAT_mapf-scen-even_scen-even_room-64-64-8-even-1_scen-agents10-idx17-seed42-1783617180353,0,0,2,2,5,2,2,46,51,51,19,0.000000,0.017000,0.074000,2,0.049000,0.040000,0.003428,0,0,0
_home_max_Documents_PhD_MAPF_LNS_MAPF_LNS_SAT_mapf-map_room-64-64-8_map-_home_max_Documents_PhD_MAPF_LNS_MAPF_LNS_SAT_mapf-scen-even_scen-even_room-64-64-8-even-1_scen-agents10-idx17-seed42-1783617180353,0,1,0,0,18,2,2,44,50,27,14,0.000000,0.012000,0.114000,2,0.026000,0.017000,0.000400,1,1,0
_home_max_Documents_PhD_MAPF_LNS_MAPF_LNS_SAT_mapf-map_room-64-64-8_map-_home_max_Documents_PhD_MAPF_LNS_MAPF_LNS_SAT_mapf-scen-even_scen-even_room-64-64-8-even-1_scen-agents10-idx17-seed42-1783617180353,0,1,1,1,18,2,2,44,51,42,21,0.000000,0.017000,0.161000,2,0.038000,0.028000,0.002736,1,1,0
_home_max_Documents_PhD_MAPF_LNS_MAPF_LNS_SAT_mapf-map_room-64-64-8_map-_home_max_Documents_PhD_MAPF_LNS_MAPF_LNS_SAT_mapf-scen-even_scen-even_room-64-64-8-even-1_scen-agents10-idx17-seed42-1783617180353,0,1,2,2,18,3,3,44,53,180,53,0.000000,0.060000,0.253000,2,0.125000,0.109000,0.016279,0,0,1
_home_max_Documents_PhD_MAPF_LNS_MAPF_LNS_SAT_mapf-map_room-64-64-8_map-_home_max_Documents_PhD_MAPF_LNS_MAPF_LNS_SAT_mapf-scen-even_scen-even_room-64-64-8-even-1_scen-agents10-idx17-seed42-1783617180353,0,0,0,0,5,2,2,50,52,11,6,0.000000,0.006000,0.101000,2,0.020000,0.012000,0.000618,1,1,0
_home_max_Documents_PhD_MAPF_LNS_MAPF_LNS_SAT_mapf-map_room-64-64-8_map-_home_max_Documents_PhD_MAPF_LNS_MAPF_LNS_SAT_mapf-scen-even_scen-even_room-64-64-8-even-1_scen-agents10-idx17-seed42-1783617180353,0,0,1,1,5,2,2,50,53,18,9,0.000000,0.007000,0.107000,2,0.024000,0.016000,0.001318,1,1,0
_home_max_Documents_PhD_MAPF_LNS_MAPF_LNS_SAT_mapf-map_room-64-64-8_map-_home_max_Documents_PhD_MAPF_LNS_MAPF_LNS_SAT_mapf-scen-even_scen-even_room-64-64-8-even-1_scen-agents10-idx17-seed42-1783617180353,0,0,2,2,5,2,2,50,55,51,19,0.000000,0.018000,0.070000,2,0.044000,0.036000,0.003549,0,0,0
_home_max_Documents_PhD_MAPF_LNS_MAPF_LNS_SAT_mapf-map_room-64-64-8_map-_home_max_Documents_PhD_MAPF_LNS_MAPF_LNS_SAT_mapf-scen-even_scen-even_room-64-64-8-even-1_scen-agents10-idx17-seed42-1783617180353,0,1,0,0,21,2,2,48,54,27,14,0.000000,0.011000,0.116000,2,0.025000,0.016000,0.000360,1,1,0
_home_max_Documents_PhD_MAPF_LNS_MAPF_LNS_SAT_mapf-map_room-64-64-8_map-_home_max_Documents_PhD_MAPF_LNS_MAPF_LNS_SAT_mapf-scen-even_scen-even_room-64-64-8-even-1_scen-agents10-idx17-seed42-1783617180353,0,1,1,1,21,2,2,48,55,42,21,0.000000,0.017000,0.155000,2,0.038000,0.028000,0.002831,1,1,0
_home_max_Documents_PhD_MAPF_LNS_MAPF_LNS_SAT_mapf-map_room-64-64-8_map-_home_max_Documents_PhD_MAPF_LNS_MAPF_LNS_SAT_mapf-scen-even_scen-even_room-64-64-8-even-1_scen-agents10-idx17-seed42-1783617180353,0,1,2,2,21,2,2,48,57,207,55,0.000000,0.072000,0.272000,2,0.132000,0.116000,0.015132,0,0,1
_home_max_Documents_PhD_MAPF_LNS_MAPF_LNS_SAT_mapf-map_room-64-64-8_map-_home_max_Documents_PhD_MAPF_LNS_MAPF_LNS_SAT_mapf-scen-even_scen-even_room-64-64-8-even-1_scen-agents10-idx18-seed42-1783617180455,0,0,0,0,8,2,2,17,19,12,7,0.000000,0.007000,0.156000,1,0.052000,0.044000,0.011112,0,0,1
_home_max_Documents_PhD_MAPF_LNS_MAPF_LNS_SAT_mapf-map_room-64-64-8_map-_home_max_Documents_PhD_MAPF_LNS_MAPF_LNS_SAT_mapf-scen-even_scen-even_room-64-64-8-even-1_scen-agents10-idx18-seed42-1783617180455,0,0,0,0,4,2,2,73,75,19,9,0.000000,0.010000,0.107000,1,0.025000,0.019000,0.001753,0,0,1
_home_max_Documents_PhD_MAPF_LNS_MAPF_LNS_SAT_mapf-map_room-64-64-8_map-_home_max_Documents_PhD_MAPF_LNS_MAPF_LNS_SAT_mapf-scen-even_scen-even_room-64-64-8-even-1_scen-agents10-idx19-seed42-1783617180556,0,0,0,0,21,3,3,3,11,48,24,0.000000,0.022000,0.235000,2,0.079000,0.063000,0.011899,1,1,0
_home_max_Documents_PhD_MAPF_LNS_MAPF_LNS_SAT_mapf-map_room-64-64-8_map-_home_max_Documents_PhD_MAPF_LNS_MAPF_LNS_SAT_mapf-scen-even_scen-even_room-64-64-8-even-1_scen-agents10-idx19-seed42-1783617180556,0,0,1,1,21,3,3,3,12,70,34,0.000000,0.037000,0.186000,1,0.053000,0.044000,0.005783,0,0,1
_home_max_Documents_PhD_MAPF_LNS_MAPF_LNS_SAT_mapf-map_room-64-64-8_map-_home_max_Documents_PhD_MAPF_LNS_MAPF_LNS_SAT_mapf-scen-even_scen-even_room-64-64-8-even-1_scen-agents10-idx19-seed42-1783617180556,0,0,0,0,4,2,2,42,44,11,6,0.000000,0.006000,0.115000,2,0.022000,0.013000,0.000817,1,1,0
_home_max_Documents_PhD_MAPF_LNS_MAPF_LNS_SAT_mapf-map_room-64-64-8_map-_home_max_Documents_PhD_MAPF_LNS_MAPF_LNS_SAT_mapf-scen-even_scen-even_room-64-64-8-even-1_scen-agents10-idx19-seed42-1783617180556,0,0,1,1,4,2,2,42,45,18,9,0.000000,0.007000,0.118000,2,0.024000,0.016000,0.001534,1,1,0
_home_max_Documents_PhD_MAPF_LNS_MAPF_LNS_SAT_mapf-map_room-64-64-8_map-_home_max_Documents_PhD_MAPF_LNS_MAPF_LNS_SAT_mapf-scen-even_scen-even_room-64-64-8-even-1_scen-agents10-idx19-seed42-1783617180556,0,0,2,2,4,2,2,42,47,41,17,0.000000,0.015000,0.150000,2,0.039000,0.030000,0.003527,1,1,0
_home_max_Documents_PhD_MAPF_LNS_MAPF_LNS_SAT_mapf-map_room-64-64-8_map-_home_max_Documents_PhD_MAPF_LNS_MAPF_LNS_SAT_mapf-scen-even_scen-even_room-64-64-8-even-1_scen-agents10-idx19-seed42-1783617180556,0,0,3,3,4,2,2,42,50,74,29,0.000000,0.027000,0.077000,1,0.040000,0.039000,0.000000,0,0,0
_home_max_Documents_PhD_MAPF_LNS_MAPF_LNS_SAT_mapf-map_room-64-64-8_map-_home_max_Documents_PhD_MAPF_LNS_MAPF_LNS_SAT_mapf-scen-even_scen-even_room-64-64-8-even-1_scen-agents10-idx19-seed42-1783617180556,0,1,0,0,17,2,2,40,46,31,16,0.000000,0.014000,0.136000,2,0.032000,0.021000,0.001212,1,1,0
_home_max_Documents_PhD_MAPF_LNS_MAPF_LNS_SAT_mapf-map_room-64-64-8_map-_home_max_Documents_PhD_MAPF_LNS_MAPF_LNS_SAT_mapf-scen-even_scen-even_room-64-64-8-even-1_scen-agents10-idx19-seed42-1783617180556,0,1,1,1,17,2,2,40,47,46,23,0.000000,0.020000,0.145000,2,0.048000,0.033000,0.004126,0,0,1
_home_max_Documents_PhD_MAPF_LNS_MAPF_LNS_SAT_mapf-map_room-64-64-8_map-_home_max_Documents_PhD_MAPF_LNS_MAPF_LNS_SAT_mapf-scen-even_scen-even_room-64-64-8-even-1_scen-agents10-idx19-seed42-1783617180556,0,0,0,0,8,3,3,47,49,17,9,0.000000,0.009000,0.129000,2,0.023000,0.014000,0.000488,1,1,0
_home_max_Documents_PhD_MAPF_LNS_MAPF_LNS_SAT_mapf-map_room-64-64-8_map-_home_max_Documents_PhD_MAPF_LNS_MAPF_LNS_SAT_mapf-scen-even_scen-even_room-64-64-8-even-1_scen-agents10-idx19-seed42-1783617180556,0,0,1,1,8,3,3,47,50,27,13,0.000000,0.011000,0.215000,2,0.028000,0.019000,0.001234,1,1,0
_home_max_Documents_PhD_MAPF_LNS_MAPF_LNS_SAT_mapf-map_room-64-64-8_map-_home_max_Documents_PhD_MAPF_LNS_MAPF_LNS_SAT_mapf-scen-even_scen-even_room-64-64-8-even-1_scen-agents10-idx19-seed42-1783617180556,0,0,2,2,8,3,3,47,52,130,41,0.000000,0.048000,0.255000,2,0.091000,0.081000,0.007506,1,1,0
_home_max_Documents_PhD_MAPF_LNS_MAPF_LNS_SAT_mapf-map_room-64-64-8_map-_home_max_Documents_PhD_MAPF_LNS_MAPF_LNS_SAT_mapf-scen-even_scen-even_room-64-64-8-even-1_scen-agents10-idx19-seed42-1783617180556,0,0,3,3,8,3,3,47,55,241,65,0.000000,0.086000,0.211000,1,0.110000,0.109000,0.000000,0,0,0
_home_max_Documents_PhD_MAPF_LNS_MAPF_LNS_SAT_mapf-map_room-64-64-8_map-_home_max_Documents_PhD_MAPF_LNS_MAPF_LNS_SAT_mapf-scen-even_scen-even_room-64-64-8-even-1_scen-agents10-idx19-seed42-1783617180556,0,1,0,0,24,3,3,45,51,41,21,0.000000,0.021000,0.168000,2,0.035000,0.023000,0.000560,1,1,0
_home_max_Documents_PhD_MAPF_LNS_MAPF_LNS_SAT_mapf-map_room-64-64-8_map-_home_max_Documents_PhD_MAPF_LNS_MAPF_LNS_SAT_mapf-scen-even_scen-even_room-64-64-8-even-1_scen-agents10-idx19-seed42-1783617180556,0,1,1,1,24,3,3,45,52,59,29,0.000000,0.028000,0.297000,2,0.046000,0.034000,0.003024,1,1,0
_home_max_Documents_PhD_MAPF_LNS_MAPF_LNS_SAT_mapf-map_room-64-64-8_map-_home_max_Documents_PhD_MAPF_LNS_MAPF_LNS_SAT_mapf-scen-even_scen-even_room-64-64-8-even-1_scen-agents10-idx19-seed42-1783617180556,0,1,2,2,24,4,4,45,54,316,92,0.000000,0.112000,0.379000,1,0.169000,0.159000,0.015020,0,0,1
_home_max_Documents_PhD_MAPF_LNS_MAPF_LNS_SAT_mapf-map_room-64-64-8_map-_home_max_Documents_PhD_MAPF_LNS_MAPF_LNS_SAT_mapf-scen-even_scen-even_room-64-64-8-even-1_scen-agents10-idx19-seed42-1783617180556,0,0,0,0,9,2,2,53,55,14,7,0.000000,0.007000,0.137000,3,0.032000,0.018000,0.001122,1,1,0
_home_max_Documents_PhD_MAPF_LNS_MAPF_LNS_SAT_mapf-map_room-64-64-8_map-_home_max_Documents_PhD_MAPF_LNS_MAPF_LNS_SAT_mapf-scen-even_scen-even_room-64-64-8-even-1_scen-agents10-idx19-seed42-1783617180556,0,0,1,1,9,2,2,53,56,36,14,0.000000,0.014000,0.155000,2,0.035000,0.028000,0.001785,1,1,0
_home_max_Documents_PhD_MAPF_LNS_MAPF_LNS_SAT_mapf-map_room-64-64-8_map-_home_max_Documents_PhD_MAPF_LNS_MAPF_LNS_SAT_mapf-scen-even_scen-even_room-64-64-8-even-1_scen-agents10-idx19-seed42-1783617180556,0,0,2,2,9,2,2,53,58,108,30,0.000000,0.034000,0.238000,3,0.089000,0.074000,0.014500,1,1,0
_home_max_Documents_PhD_MAPF_LNS_MAPF_LNS_SAT_mapf-map_room-64-64-8_map-_home_max_Documents_PhD_MAPF_LNS_MAPF_LNS_SAT_mapf-scen-even_scen-even_room-64-64-8-even-1_scen-agents10-idx19-seed42-1783617180556,0,0,3,3,9,2,2,53,61,246,57,0.000000,0.070000,0.283000,1,0.126000,0.119000,0.010561,0,0,1
_home_max_Documents_PhD_MAPF_LNS_MAPF_LNS_SAT_mapf-map_room-64-64-8_map-_home_max_Documents_PhD_MAPF_LNS_MAPF_LNS_SAT_mapf-scen-even_scen-even_room-64-64-8-even-1_scen-agents10-idx19-seed42-1783617180556,0,0,0,0,5,2,2,104,106,24,10,0.000000,0.012000,0.125000,1,0.035000,0.027000,0.001983,0,0,1
_home_max_Documents_PhD_MAPF_LNS_MAPF_LNS_SAT_mapf-map_room-64-64-8_map-_home_max_Documents_PhD_MAPF_LNS_MAPF_LNS_SAT_mapf-scen-even_scen-even_room-64-64-8-even-1_scen-agents10-idx21-seed42-1783617180757,0,0,0,0,6,2,2,4,6,12,7,0.000000,0.008000,0.167000,1,0.055000,0.046000,0.012403,0,0,1
_home_max_Documents_PhD_MAPF_LNS_MAPF_LNS_SAT_mapf-map_room-64-64-8_map-_home_max_Documents_PhD_MAPF_LNS_MAPF_LNS_SAT_mapf-scen-even_scen-even_room-64-64-8-even-1_scen-agents10-idx21-seed42-1783617180757,0,0,0,0,8,2,2,49,51,11,6,0.000000,0.006000,0.133000,2,0.022000,0.013000,0.000687,1,1,0
_home_max_Documents_PhD_MAPF_LNS_MAPF_LNS_SAT_mapf-map_room-64-64-8_map-_home_max_Documents_PhD_MAPF_LNS_MAPF_LNS_SAT_mapf-scen-even_scen-even_room-64-64-8-even-1_scen-agents10-idx21-seed42-1783617180757,0,0,1,1,8,2,2,49,52,20,10,0.000000,0.008000,0.135000,2,0.028000,0.020000,0.001274,1,1,0
_home_max_Documents_PhD_MAPF_LNS_MAPF_LNS_SAT_mapf-map_room-64-64-8_map-_home_max_Documents_PhD_MAPF_LNS_MAPF_LNS_SAT_mapf-scen-even_scen-even_room-64-64-8-even-1_scen-agents10-idx21-seed42-1783617180757,0,0,2,2,8,2,2,49,54,87,26,0.000000,0.031000,0.194000,3,0.078000,0.060000,0.007955,0,0,1
_home_max_Documents_PhD_MAPF_LNS_MAPF_LNS_SAT_mapf-map_room-64-64-8_map-_home_max_Documents_PhD_MAPF_LNS_MAPF_LNS_SAT_mapf-scen-even_scen-even_room-64-64-8-even-1_scen-agents10-idx21-seed42-1783617180757,0,0,0,0,5,2,2,55,57,11,6,0.000000,0.006000,0.115000,2,0.020000,0.012000,0.000562,1,1,0
_home_max_Documents_PhD_MAPF_LNS_MAPF_LNS_SAT_mapf-map_room-64-64-8_map-_home_max_Documents_PhD_MAPF_LNS_MAPF_LNS_SAT_mapf-scen-even_scen-even_room-64-64-8-even-1_scen-agents10-idx21-seed42-1783617180757,0,0,1,1,5,2,2,55,58,18,9,0.000000,0.007000,0.123000,2,0.024000,0.016000,0.001585,1,1,0
_home_max_Documents_PhD_MAPF_LNS_MAPF_LNS_SAT_mapf-map_room-64-64-8_map-_home_max_Documents_PhD_MAPF_LNS_MAPF_LNS_SAT_mapf-scen-even_scen-even_room-64-64-8-even-1_scen-agents10-idx21-seed42-1783617180757,0,0,2,2,5,2,2,55,60,51,19,0.000000,0.019000,0.164000,2,0.047000,0.036000,0.003541,1,1,0
_home_max_Documents_PhD_MAPF_LNS_MAPF_LNS_SAT_mapf-map_room-64-64-8_map-_home_max_Documents_PhD_MAPF_LNS_MAPF_LNS_SAT_mapf-scen-even_scen-even_room-64-64-8-even-1_scen-agents10-idx21-seed42-1783617180757,0,0,3,3,5,2,2,55,63,99,34,0.000000,0.034000,0.095000,1,0.051000,0.050000,0.000000,0,0,0
_home_max_Documents_PhD_MAPF_LNS_MAPF_LNS_SAT_mapf-map_room-64-64-8_map-_home_max_Documents_PhD_MAPF_LNS_MAPF_LNS_SAT_mapf-scen-even_scen-even_room-64-64-8-even-1_scen-agents10-idx21-seed42-1783617180757,0,1,0,0,18,2,2,53,59,27,14,0.000000,0.014000,0.137000,2,0.027000,0.018000,0.000471,1,1,0
_home_max_Documents_PhD_MAPF_LNS_MAPF_LNS_SAT_mapf-map_room-64-64-8_map-_home_max_Documents_PhD_MAPF_LNS_MAPF_LNS_SAT_mapf-scen-even_scen-even_room-64-64-8-even-1_scen-agents10-idx21-seed42-1783617180757,0,1,1,1,18,2,2,53,60,42,21,0.000000,0.018000,0.168000,2,0.038000,0.028000,0.003011,1,1,0
_home_max_Documents_PhD_MAPF_LNS_MAPF_LNS_SAT_mapf-map_room-64-64-8_map-_home_max_Documents_PhD_MAPF_LNS_MAPF_LNS_SAT_mapf-scen-even_scen-even_room-64-64-8-even-1_scen-agents10-idx21-seed42-1783617180757,0,1,2,2,18,2,2,53,62,177,51,0.000000,0.056000,0.260000,2,0.123000,0.107000,0.016472,0,0,1
_home_max_Documents_PhD_MAPF_LNS_MAPF_LNS_SAT_mapf-map_room-64-64-8_map-_home_max_Documents_PhD_MAPF_LNS_MAPF_LNS_SAT_mapf-scen-even_scen-even_room-64-64-8-even-1_scen-agents10-idx21-seed42-1783617180757,0,0,0,0,7,2,2,61,63,13,7,0.000000,0.007000,0.113000,2,0.027000,0.016000,0.001092,0,0,1
_home_max_Documents_PhD_MAPF_LNS_MAPF_LNS_SAT_mapf-map_room-64-64-8_map-_home_max_Documents_PhD_MAPF_LNS_MAPF_LNS_SAT_mapf-scen-even_scen-even_room-64-64-8-even-1_scen-agents10-idx22-seed42-1783617180858,0,0,0,0,9,3,3,22,26,25,12,0.000000,0.012000,0.207000,2,0.061000,0.047000,0.011090,1,1,0
_home_max_Documents_PhD_MAPF_LNS_MAPF_LNS_SAT_mapf-map_room-64-64-8_map-_home_max_Documents_PhD_MAPF_LNS_MAPF_LNS_SAT_mapf-scen-even_scen-even_room-64-64-8-even-1_scen-agents10-idx22-seed42-1783617180858,0,0,1,1,9,3,3,22,27,37,18,0.000000,0.016000,0.130000,1,0.032000,0.025000,0.002307,0,0,1
_home_max_Documents_PhD_MAPF_LNS_MAPF_LNS_SAT_mapf-map_room-64-64-8_map-_home_max_Documents_PhD_MAPF_LNS_MAPF_LNS_SAT_mapf-scen-even_scen-even_room-64-64-8-even-1_scen-agents10-idx22-seed42-1783617180858,0,0,0,0,8,4,4,41,43,17,10,0.000000,0.011000,0.135000,2,0.024000,0.015000,0.000445,1,1,0
_home_max_Documents_PhD_MAPF_LNS_MAPF_LNS_SAT_mapf-map_room-64-64-8_map-_home_max_Documents_PhD_MAPF_LNS_MAPF_LNS_SAT_mapf-scen-even_scen-even_room-64-64-8-even-1_scen-agents10-idx22-seed42-1783617180858,0,0,1,1,8,4,4,41,44,28,15,0.000000,0.015000,0.144000,2,0.031000,0.021000,0.001681,1,1,0
_home_max_Documents_PhD_MAPF_LNS_MAPF_LNS_SAT_mapf-map_room-64-64-8_map-_home_max_Documents_PhD_MAPF_LNS_MAPF_LNS_SAT_mapf-scen-even_scen-even_room-64-64-8-even-1_scen-agents10-idx22-seed42-1783617180858,0,0,2,2,8,4,4,41,46,66,27,0.000000,0.028000,0.207000,3,0.065000,0.046000,0.004114,1,1,0
_home_max_Documents_PhD_MAPF_LNS_MAPF_LNS_SAT_mapf-map_room-64-64-8_map-_home_max_Documents_PhD_MAPF_LNS_MAPF_LNS_SAT_mapf-scen-even_scen-even_room-64-64-8-even-1_scen-agents10-idx22-seed42-1783617180858,0,0,3,3,8,4,4,41,49,182,52,0.000000,0.059000,0.304000,4,0.148000,0.112000,0.017940,0,0,1
_home_max_Documents_PhD_MAPF_LNS_MAPF_LNS_SAT_mapf-map_room-64-64-8_map-_home_max_Documents_PhD_MAPF_LNS_MAPF_LNS_SAT_mapf-scen-even_scen-even_room-64-64-8-even-1_scen-agents10-idx22-seed42-1783617180858,0,0,0,0,8,2,2,51,53,11,6,0.000000,0.006000,0.120000,2,0.021000,0.012000,0.000501,1,1,0
_home_max_Documents_PhD_MAPF_LNS_MAPF_LNS_SAT_mapf-map_room-64-64-8_map-_home_max_Documents_PhD_MAPF_LNS_MAPF_LNS_SAT_mapf-scen-even_scen-even_room-64-64-8-even-1_scen-agents10-idx22-seed42-1783617180858,0,0,1,1,8,2,2,51,54,20,10,0.000000,0.008000,0.126000,2,0.025000,0.017000,0.001160,1,1,0
_home_max_Documents_PhD_MAPF_LNS_MAPF_LNS_SAT_mapf-map_room-64-64-8_map-_home_max_Documents_PhD_MAPF_LNS_MAPF_LNS_SAT_mapf-scen-even_scen-even_room-64-64-8-even-1_scen-agents10-idx22-seed42-1783617180858,0,0,2,2,8,2,2,51,56,87,26,0.000000,0.028000,0.189000,3,0.078000,0.060000,0.007436,0,0,1
_home_max_Documents_PhD_MAPF_LNS_MAPF_LNS_SAT_mapf-map_room-64-64-8_map-_home_max_Documents_PhD_MAPF_LNS_MAPF_LNS_SAT_mapf-scen-even_scen-even_room-64-64-8-even-1_scen-agents10-idx22-seed42-1783617180858,0,0,0,0,9,2,2,62,64,18,8,0.000000,0.008000,0.144000,4,0.041000,0.023000,0.001650,1,1,0
_home_max_Documents_PhD_MAPF_LNS_MAPF_LNS_SAT_mapf-map_room-64-64-8_map-_home_max_Documents_PhD_MAPF_LNS_MAPF_LNS_SAT_mapf-scen-even_scen-even_room-64-64-8-even-1_scen-agents10-idx22-seed42-1783617180858,0,0,1,1,9,2,2,62,65,28,12,0.000000,0.010000,0.133000,2,0.029000,0.021000,0.001622,1,1,0
_home_max_Documents_PhD_MAPF_LNS_MAPF_LNS_SAT_mapf-map_room-64-64-8_map-_home_max_Documents_PhD_MAPF_LNS_MAPF_LNS_SAT_mapf-scen-even_scen-even_room-64-64-8-even-1_scen-agents10-idx22-seed42-1783617180858,0,0,2,2,9,2,2,62,67,120,30,0.000000,0.033000,0.190000,1,0.073000,0.068000,0.008736,0,0,1
_home_max_Documents_PhD_MAPF_LNS_MAPF_LNS_SAT_mapf-map_room-64-64-8_map-_home_max_Documents_PhD_MAPF_LNS_MAPF_LNS_SAT_mapf-scen-even_scen-even_room-64-64-8-even-1_scen-agents10-idx22-seed42-1783617180858,0,0,0,0,5,2,2,65,67,24,10,0.000000,0.010000,0.108000,1,0.025000,0.019000,0.001404,0,0,1
_home_max_Documents_PhD_MAPF_LNS_MAPF_LNS_SAT_mapf-map_room-64-64-8_map-_home_max_Documents_PhD_MAPF_LNS_MAPF_LNS_SAT_mapf-scen-even_scen-even_room-64-64-8-even-1_scen-agents10-idx24-seed42-1783617181007,0,0,0,0,6,2,2,20,22,11,6,0.000000,0.007000,0.196000,2,0.048000,0.037000,0.007330,1,1,0
_home_max_Documents_PhD_MAPF_LNS_MAPF_LNS_SAT_mapf-map_room-64-64-8_map-_home_max_Documents_PhD_MAPF_LNS_MAPF_LNS_SAT_mapf-scen-even_scen-even_room-64-64-8-even-1_scen-agents10-idx24-seed42-1783617181007,0,0,1,1,6,2,2,20,23,20,10,0.000000,0.007000,0.127000,2,0.026000,0.018000,0.001722,1,1,0
_home_max_Documents_PhD_MAPF_LNS_MAPF_LNS_SAT_mapf-map_room-64-64-8_map-_home_max_Documents_PhD_MAPF_LNS_MAPF_LNS_SAT_mapf-scen-even_scen-even_room-64-64-8-even-1_scen-agents10-idx24-seed42-1783617181007,0,0,2,2,6,2,2,20,25,62,22,0.000000,0.020000,0.172000,3,0.070000,0.051000,0.007902,0,0,1
_home_max_Documents_PhD_MAPF_LNS_MAPF_LNS_SAT_mapf-map_room-64-64-8_map-_home_max_Documents_PhD_MAPF_LNS_MAPF_LNS_SAT_mapf-scen-even_scen-even_room-64-64-8-even-1_scen-agents10-idx24-seed42-1783617181007,0,0,0,0,5,2,2,26,28,11,6,0.000000,0.005000,0.117000,2,0.019000,0.012000,0.000596,1,1,0
_home_max_Documents_PhD_MAPF_LNS_MAPF_LNS_SAT_mapf-map_room-64-64-8_map-_home_max_Documents_PhD_MAPF_LNS_MAPF_LNS_SAT_mapf-scen-even_scen-even_room-64-64-8-even-1_scen-agents10-idx24-seed42-1783617181007,0,0,1,1,5,2,2,26,29,18,9,0.000000,0.006000,0.119000,2,0.024000,0.017000,0.001657,1,1,0
_home_max_Documents_PhD_MAPF_LNS_MAPF_LNS_SAT_mapf-map_room-64-64-8_map-_home_max_Documents_PhD_MAPF_LNS_MAPF_LNS_SAT_mapf-scen-even_scen-even_room-64-64-8-even-1_scen-agents10-idx24-seed42-1783617181007,0,0,2,2,5,2,2,26,31,51,19,0.000000,0.019000,0.158000,2,0.043000,0.035000,0.003611,1,1,0
_home_max_Documents_PhD_MAPF_LNS_MAPF_LNS_SAT_mapf-map_room-64-64-8_map-_home_max_Documents_PhD_MAPF_LNS_MAPF_LNS_SAT_mapf-scen-even_scen-even_room-64-64-8-even-1_scen-agents10-idx24-seed42-1783617181007,0,0,3,3,5,2,2,26,34,99,34,0.000000,0.033000,0.093000,1,0.050000,0.049000,0.000000,0,0,0
_home_max_Documents_PhD_MAPF_LNS_MAPF_LNS_SAT_mapf-map_room-64-64-8_map-_home_max_Documents_PhD_MAPF_LNS_MAPF_LNS_SAT_mapf-scen-even_scen-even_room-64-64-8-even-1_scen-agents10-idx24-seed42-1783617181007,0,1,0,0,23,2,2,24,30,42,21,0.000000,0.017000,0.137000,2,0.046000,0.031000,0.003297,0,0,1
_home_max_Documents_PhD_MAPF_LNS_MAPF_LNS_SAT_mapf-map_room-64-64-8_map-_home_max_Documents_PhD_MAPF_LNS_MAPF_LNS_SAT_mapf-scen-even_scen-even_room-64-64-8-even-1_scen-agents10-idx24-seed42-1783617181007,0,0,0,0,5,2,2,38,40,26,10,0.000000,0.009000,0.128000,3,0.044000,0.027000,0.002399,0,0,1
_home_max_Documents_PhD_MAPF_LNS_MAPF_LNS_SAT_mapf-map_room-64-64-8_map-_home_max_Documents_PhD_MAPF_LNS_MAPF_LNS_SAT_mapf-scen-even_scen-even_room-64-64-8-even-1_scen-agents10-idx24-seed42-1783617181007,0,0,0,0,5,2,2,41,43,24,10,0.000000,0.009000,0.112000,1,0.024000,0.018000,0.001129,0,0,1
_home_max_Documents_PhD_MAPF_LNS_MAPF_LNS_SAT_mapf-map_room-64-64-8_map-_home_max_Documents_PhD_MAPF_LNS_MAPF_LNS_SAT_mapf-scen-even_scen-even_room-64-64-8-even-1_scen-agents10-idx24-seed42-1783617181007,0,0,0,0,5,2,2,49,51,24,10,0.000000,0.009000,0.107000,1,0.024000,0.019000,0.001159,0,0,1
_home_max_Documents_PhD_MAPF_LNS_MAPF_LNS_SAT_mapf-map_room-64-64-8_map-_home_max_Documents_PhD_MAPF_LNS_MAPF_LNS_SAT_mapf-scen-even_scen-even_room-64-64-8-even-1_scen-agents10-idx25-seed42-1783617181057,0,0,0,0,6,2,2,28,30,11,6,0.000000,0.007000,0.190000,2,0.052000,0.040000,0.007339,1,1,0
_home_max_Documents_PhD_MAPF_LNS_MAPF_LNS_SAT_mapf-map_room-64-64-8_map-_home_max_Documents_PhD_MAPF_LNS_MAPF_LNS_SAT_mapf-scen-even_scen-even_room-64-64-8-even-1_scen-agents10-idx25-seed42-1783617181057,0,0,1,1,6,2,2,28,31,20,10,0.000000,0.008000,0.126000,2,0.027000,0.019000,0.001488,1,1,0
_home_max_Documents_PhD_MAPF_LNS_MAPF_LNS_SAT_mapf-map_room-64-64-8_map-_home_max_Documents_PhD_MAPF_LNS_MAPF_LNS_SAT_mapf-scen-even_scen-even_room-64-64-8-even-1_scen-agents10-idx25-seed42-1783617181057,0,0,2,2,6,2,2,28,33,62,22,0.000000,0.020000,0.169000,3,0.069000,0.051000,0.007807,0,0,1
_home_max_Documents_PhD_MAPF_LNS_MAPF_LNS_SAT_mapf-map_room-64-64-8_map-_home_max_Documents_PhD_MAPF_LNS_MAPF_LNS_SAT_mapf-scen-even_scen-even_room-64-64-8-even-1_scen-agents10-idx26-seed42-1783617181107,0,0,0,0,8,2,2,10,12,11,6,0.000000,0.006000,0.183000,2,0.054000,0.043000,0.008170,1,1,0
_home_max_Documents_PhD_MAPF_LNS_MAPF_LNS_SAT_mapf-map_room-64-64-8_map-_home_max_Documents_PhD_MAPF_LNS_MAPF_LNS_SAT_mapf-scen-even_scen-even_room-64-64-8-even-1_scen-agents10-idx26-seed42-1783617181107,0,0,1,1,8,2,2,10,13,20,10,0.000000,0.007000,0.118000,2,0.026000,0.018000,0.001536,1,1,0
_home_max_Documents_PhD_MAPF_LNS_MAPF_LNS_SAT_mapf-map_room-64-64-8_map-_home_max_Documents_PhD_MAPF_LNS_MAPF_LNS_SAT_mapf-scen-even_scen-even_room-64-64-8-even-1_scen-agents10-idx26-seed42-1783617181107,0,0,2,2,8,2,2,10,15,87,26,0.000000,0.026000,0.178000,3,0.083000,0.065000,0.009044,0,0,1
_home_max_Documents_PhD_MAPF_LNS_MAPF_LNS_SAT_mapf-map_room-64-64-8_map-_home_max_Documents_PhD_MAPF_LNS_MAPF_LNS_SAT_mapf-scen-even_scen-even_room-64-64-8-even-1_scen-agents10-idx27-seed42-1783617181158,0,0,0,0,8,2,2,16,18,11,6,0.000000,0.007000,0.212000,2,0.049000,0.039000,0.007101,1,1,0
_home_max_Documents_PhD_MAPF_LNS_MAPF_LNS_SAT_mapf-map_room-64-64-8_map-_home_max_Documents_PhD_MAPF_LNS_MAPF_LNS_SAT_mapf-scen-even_scen-even_room-64-64-8-even-1_scen-agents10-idx27-seed42-1783617181158,0,0,1,1,8,3,3,16,19,22,11,0.000000,0.008000,0.237000,2,0.038000,0.026000,0.001997,1,1,0
_home_max_Documents_PhD_MAPF_LNS_MAPF_LNS_SAT_mapf-map_room-64-64-8_map-_home_max_Documents_PhD_MAPF_LNS_MAPF_LNS_SAT_mapf-scen-even_scen-even_room-64-64-8-even-1_scen-agents10-idx27-seed42-1783617181158,0,0,2,2,8,3,3,16,21,130,41,0.000000,0.038000,0.346000,2,0.087000,0.075000,0.005408,1,1,0
_home_max_Documents_PhD_MAPF_LNS_MAPF_LNS_SAT_mapf-map_room-64-64-8_map-_home_max_Documents_PhD_MAPF_LNS_MAPF_LNS_SAT_mapf-scen-even_scen-even_room-64-64-8-even-1_scen-agents10-idx27-seed42-1783617181158,0,0,3,3,8,3,3,16,24,366,90,0.000000,0.103000,0.478000,5,0.273000,0.223000,0.045641,0,0,1
_home_max_Documents_PhD_MAPF_LNS_MAPF_LNS_SAT_mapf-map_room-64-64-8_map-_home_max_Documents_PhD_MAPF_LNS_MAPF_LNS_SAT_mapf-scen-even_scen-even_room-64-64-8-even-1_scen-agents10-idx27-seed42-1783617181158,0,0,0,0,5,2,2,24,26,11,6,0.000000,0.006000,0.116000,2,0.020000,0.012000,0.000546,1,1,0
_home_max_Documents_PhD_MAPF_LNS_MAPF_LNS_SAT_mapf-map_room-64-64-8_map-_home_max_Documents_PhD_MAPF_LNS_MAPF_LNS_SAT_mapf-scen-even_scen-even_room-64-64-8-even-1_scen-agents10-idx27-seed42-1783617181158,0,0,1,1,5,2,2,24,27,18,9,0.000000,0.006000,0.121000,2,0.023000,0.016000,0.001401,1,1,0
_home_max_Documents_PhD_MAPF_LNS_MAPF_LNS_SAT_mapf-map_room-64-64-8_map-_home_max_Documents_PhD_MAPF_LNS_MAPF_LNS_SAT_mapf-scen-even_scen-even_room-64-64-8-even-1_scen-agents10-idx27-seed42-1783617181158,0,0,2,2,5,2,2,24,29,51,19,0.000000,0.016000,0.169000,2,0.043000,0.035000,0.003541,1,1,0
_home_max_Documents_PhD_MAPF_LNS_MAPF_LNS_SAT_mapf-map_room-64-64-8_map-_home_max_Documents_PhD_MAPF_LNS_MAPF_LNS_SAT_mapf-scen-even_scen-even_room-64-64-8-even-1_scen-agents10-idx27-seed42-1783617181158,0,0,3,3,5,2,2,24,32,99,34,0.000000,0.032000,0.093000,1,0.051000,0.050000,0.000000,0,0,0
_home_max_Documents_PhD_MAPF_LNS_MAPF_LNS_SAT_mapf-map_room-64-64-8_map-_home_max_Documents_PhD_MAPF_LNS_MAPF_LNS_SAT_mapf-scen-even_scen-even_room-64-64-8-even-1_scen-agents10-idx27-seed42-1783617181158,0,1,0,0,19,3,3,22,28,30,16,0.000000,0.013000,0.137000,2,0.028000,0.018000,0.000426,1,1,0
_home_max_Documents_PhD_MAPF_LNS_MAPF_LNS_SAT_mapf-map_room-64-64-8_map-_home_max_Documents_PhD_MAPF_LNS_MAPF_LNS_SAT_mapf-scen-even_scen-even_room-64-64-8-even-1_scen-agents10-idx27-seed42-1783617181158,0,1,1,1,19,3,3,22,29,46,23,0.000000,0.018000,0.251000,2,0.041000,0.030000,0.002919,1,1,0
_home_max_Documents_PhD_MAPF_LNS_MAPF_LNS_SAT_mapf-map_room-64-64-8_map-_home_max_Documents_PhD_MAPF_LNS_MAPF_LNS_SAT_mapf-scen-even_scen-even_room-64-64-8-even-1_scen-agents10-idx27-seed42-1783617181158,0,1,2,2,19,3,3,22,31,194,57,0.000000,0.060000,0.264000,1,0.112000,0.104000,0.010685,0,0,1
_home_max_Documents_PhD_MAPF_LNS_MAPF_LNS_SAT_mapf-map_room-64-64-8_map-_home_max_Documents_PhD_MAPF_LNS_MAPF_LNS_SAT_mapf-scen-even_scen-even_room-64-64-8-even-1_scen-agents10-idx27-seed42-1783617181158,0,0,0,0,8,2,2,36,38,11,6,0.000000,0.006000,0.131000,2,0.020000,0.012000,0.000471,1,1,0
_home_max_Documents_PhD_MAPF_LNS_MAPF_LNS_SAT_mapf-map_room-64-64-8_map-_home_max_Documents_PhD_MAPF_LNS_MAPF_LNS_SAT_mapf-scen-even_scen-even_room-64-64-8-even-1_scen-agents10-idx27-seed42-1783617181158,0,0,1,1,8,3,3,36,39,21,11,0.000000,0.009000,0.146000,2,0.026000,0.018000,0.001179,1,1,0
_home_max_Documents_PhD_MAPF_LNS_MAPF_LNS_SAT_mapf-map_room-64-64-8_map-_home_max_Documents_PhD_MAPF_LNS_MAPF_LNS_SAT_mapf-scen-even_scen-even_room-64-64-8-even-1_scen-agents10-idx27-seed42-1783617181158,0,0,2,2,8,4,4,36,41,95,30,0.000000,0.035000,0.221000,3,0.095000,0.065000,0.006376,0,0,1
_home_max_Documents_PhD_MAPF_LNS_MAPF_LNS_SAT_mapf-map_room-64-64-8_map-_home_max_Documents_PhD_MAPF_LNS_MAPF_LNS_SAT_mapf-scen-even_scen-even_room-64-64-8-even-1_scen-agents10-idx27-seed42-1783617181158,0,0,0,0,12,6,5,39,43,36,19,0.000000,0.024000,0.245000,2,0.036000,0.022000,0.000556,1,1,0
_home_max_Documents_PhD_MAPF_LNS_MAPF_LNS_SAT_mapf-map_room-64-64-8_map-_home_max_Documents_PhD_MAPF_LNS_MAPF_LNS_SAT_mapf-scen-even_scen-even_room-64-64-8-even-1_scen-agents10-idx27-seed42-1783617181158,0,0,1,1,12,6,5,39,44,59,29,0.000000,0.039000,0.307000,2,0.056000,0.043000,0.002185,1,1,0
_home_max_Documents_PhD_MAPF_LNS_MAPF_LNS_SAT_mapf-map_room-64-64-8_map-_home_max_Documents_PhD_MAPF_LNS_MAPF_LNS_SAT_mapf-scen-even_scen-even_room-64-64-8-even-1_scen-agents10-idx27-seed42-1783617181158,0,0,2,2,12,6,5,39,46,236,72,0.000000,0.091000,0.487000,3,0.156000,0.131000,0.016618,1,1,0
_home_max_Documents_PhD_MAPF_LNS_MAPF_LNS_SAT_mapf-map_room-64-64-8_map-_home_max_Documents_PhD_MAPF_LNS_MAPF_LNS_SAT_mapf-scen-even_scen-even_room-64-64-8-even-1_scen-agents10-idx27-seed42-1783617181158,0,0,3,3,12,6,5,39,49,702,144,0.000000,0.222000,0.755000,4,0.413000,0.364000,0.051878,0,0,1
_home_max_Documents_PhD_MAPF_LNS_MAPF_LNS_SAT_mapf-map_room-64-64-8_map-_home_max_Documents_PhD_MAPF_LNS_MAPF_LNS_SAT_mapf-scen-even_scen-even_room-64-64-8-even-1_scen-agents10-idx28-seed42-1783617181260,0,0,0,0,5,2,2,43,45,25,10,0.000000,0.012000,0.194000,2,0.076000,0.058000,0.014416,0,0,1
_home_max_Documents_PhD_MAPF_LNS_MAPF_LNS_SAT_mapf-map_room-64-64-8_map-_home_max_Documents_PhD_MAPF_LNS_MAPF_LNS_SAT_mapf-scen-even_scen-even_room-64-64-8-even-1_scen-agents10-idx28-seed42-1783617181260,0,0,0,0,9,3,3,50,53,52,20,0.000000,0.023000,0.258000,2,0.047000,0.035000,0.002073,1,1,0
_home_max_Documents_PhD_MAPF_LNS_MAPF_LNS_SAT_mapf-map_room-64-64-8_map-_home_max_Documents_PhD_MAPF_LNS_MAPF_LNS_SAT_mapf-scen-even_scen-even_room-64-64-8-even-1_scen-agents10-idx28-seed42-1783617181260,0,0,1,1,9,3,3,50,54,87,31,0.000000,0.033000,0.288000,2,0.060000,0.050000,0.003923,1,1,0
_home_max_Documents_PhD_MAPF_LNS_MAPF_LNS_SAT_mapf-map_room-64-64-8_map-_home_max_Documents_PhD_MAPF_LNS_MAPF_LNS_SAT_mapf-scen-even_scen-even_room-64-64-8-even-1_scen-agents10-idx28-seed42-1783617181260,0,0,2,2,9,3,3,50,56,225,64,0.000000,0.074000,0.428000,2,0.131000,0.119000,0.010065,1,1,0
_home_max_Documents_PhD_MAPF_LNS_MAPF_LNS_SAT_mapf-map_room-64-64-8_map-_home_max_Documents_PhD_MAPF_LNS_MAPF_LNS_SAT_mapf-scen-even_scen-even_room-64-64-8-even-1_scen-agents10-idx28-seed42-1783617181260,0,0,3,3,9,3,3,50,59,504,118,0.000000,0.133000,0.645000,2,0.248000,0.235000,0.020974,1,1,0
_home_max_Documents_PhD_MAPF_LNS_MAPF_LNS_SAT_mapf-map_room-64-64-8_map-_home_max_Documents_PhD_MAPF_LNS_MAPF_LNS_SAT_mapf-scen-even_scen-even_room-64-64-8-even-1_scen-agents10-idx28-seed42-1783617181260,0,0,4,4,9,3,3,50,63,877,190,0.000000,0.246000,0.840000,2,0.414000,0.397000,0.032003,1,1,0
_home_max_Documents_PhD_MAPF_LNS_MAPF_LNS_SAT_mapf-map_room-64-64-8_map-_home_max_Documents_PhD_MAPF_LNS_MAPF_LNS_SAT_mapf-scen-even_scen-even_room-64-64-8-even-1_scen-agents10-idx28-seed42-1783617181260,0,1,0,0,27,4,4,48,55,531,88,0.000000,0.152000,0.661000,2,0.245000,0.223000,0.009556,1,1,0
_home_max_Documents_PhD_MAPF_LNS_MAPF_LNS_SAT_mapf-map_room-64-64-8_map-_home_max_Documents_PhD_MAPF_LNS_MAPF_LNS_SAT_mapf-scen-even_scen-even_room-64-64-8-even-1_scen-agents10-idx28-seed42-1783617181260,0,1,1,1,27,4,4,48,56,819,123,0.000000,0.233000,0.903000,2,0.356000,0.341000,0.019770,1,1,0
_home_max_Documents_PhD_MAPF_LNS_MAPF_LNS_SAT_mapf-map_room-64-64-8_map-_home_max_Documents_PhD_MAPF_LNS_MAPF_LNS_SAT_mapf-scen-even_scen-even_room-64-64-8-even-1_scen-agents10-idx28-seed42-1783617181260,0,1,2,2,27,4,4,48,58,1685,216,0.000000,0.453000,1.297000,2,0.720000,0.695000,0.059850,0,0,1
_home_max_Documents_PhD_MAPF_LNS_MAPF_LNS_SAT_mapf-map_room-64-64-8_map-_home_max_Documents_PhD_MAPF_LNS_MAPF_LNS_SAT_mapf-scen-even_scen-even_room-64-64-8-even-1_scen-agents10-idx28-seed42-1783617181260,0,0,0,0,9,2,2,54,56,11,6,0.000000,0.007000,0.130000,2,0.021000,0.013000,0.000450,1,1,0
_home_max_Documents_PhD_MAPF_LNS_MAPF_LNS_SAT_mapf-map_room-64-64-8_map-_home_max_Documents_PhD_MAPF_LNS_MAPF_LNS_SAT_mapf-scen-even_scen-even_room-64-64-8-even-1_scen-agents10-idx28-seed42-1783617181260,0,0,1,1,9,2,2,54,57,20,10,0.000000,0.008000,0.136000,2,0.029000,0.021000,0.000976,1,1,0
_home_max_Documents_PhD_MAPF_LNS_MAPF_LNS_SAT_mapf-map_room-64-64-8_map-_home_max_Documents_PhD_MAPF_LNS_MAPF_LNS_SAT_mapf-scen-even_scen-even_room-64-64-8-even-1_scen-agents10-idx28-seed42-1783617181260,0,0,2,2,9,2,2,54,59,61,22,0.000000,0.021000,0.153000,1,0.048000,0.041000,0.003148,0,0,1
_home_max_Documents_PhD_MAPF_LNS_MAPF_LNS_SAT_mapf-map_room-64-64-8_map-_home_max_Documents_PhD_MAPF_LNS_MAPF_LNS_SAT_mapf-scen-even_scen-even_room-64-64-8-even-1_scen-agents10-idx28-seed42-1783617181260,0,0,0,0,5,2,2,58,60,11,6,0.000000,0.007000,0.129000,2,0.027000,0.016000,0.000615,1,1,0
_home_max_Documents_PhD_MAPF_LNS_MAPF_LNS_SAT_mapf-map_room-64-64-8_map-_home_max_Documents_PhD_MAPF_LNS_MAPF_LNS_SAT_mapf-scen-even_scen-even_room-64-64-8-even-1_scen-agents10-idx28-seed42-1783617181260,0,0,1,1,5,2,2,58,61,18,9,0.000000,0.007000,0.040000,2,0.023000,0.016000,0.001443,0,0,0
_home_max_Documents_PhD_MAPF_LNS_MAPF_LNS_SAT_mapf-map_room-64-64-8_map-_home_max_Documents_PhD_MAPF_LNS_MAPF_LNS_SAT_mapf-scen-even_scen-even_room-64-64-8-even-1_scen-agents10-idx28-seed42-1783617181260,0,1,0,0,24,3,3,56,62,44,23,0.000000,0.024000,0.143000,1,0.038000,0.030000,0.002185,0,0,1
_home_max_Documents_PhD_MAPF_LNS_MAPF_LNS_SAT_mapf-map_room-64-64-8_map-_home_max_Documents_PhD_MAPF_LNS_MAPF_LNS_SAT_mapf-scen-even_scen-even_room-64-64-8-even-1_scen-agents10-idx28-seed42-1783617181260,0,0,0,0,5,2,2,61,63,11,6,0.000000,0.006000,0.113000,2,0.019000,0.011000,0.000350,1,1,0
_home_max_Documents_PhD_MAPF_LNS_MAPF_LNS_SAT_mapf-map_room-64-64-8_map-_home_max_Documents_PhD_MAPF_LNS_MAPF_LNS_SAT_mapf-scen-even_scen-even_room-64-64-8-even-1_scen-agents10-idx28-seed42-1783617181260,0,0,1,1,5,2,2,61,64,18,9,0.000000,0.008000,0.125000,2,0.022000,0.015000,0.001133,1,1,0
_home_max_Documents_PhD_MAPF_LNS_MAPF_LNS_SAT_mapf-map_room-64-64-8_map-_home_max_Documents_PhD_MAPF_LNS_MAPF_LNS_SAT_mapf-scen-even_scen-even_room-64-64-8-even-1_scen-agents10-idx28-seed42-1783617181260,0,0,2,2,5,2,2,61,66,51,19,0.000000,0.019000,0.154000,2,0.045000,0.037000,0.003373,1,0,0
_home_max_Documents_PhD_MAPF_LNS_MAPF_LNS_SAT_mapf-map_room-64-64-8_map-_home_max_Documents_PhD_MAPF_LNS_MAPF_LNS_SAT_mapf-scen-even_scen-even_room-64-64-8-even-1_scen-agents10-idx28-seed42-1783617181260,0,0,3,3,5,2,2,61,66,93,32,0.000000,0.031000,0.224000,5,0.105000,0.076000,0.014378,0,0,1
_home_max_Documents_PhD_MAPF_LNS_MAPF_LNS_SAT_mapf-map_room-64-64-8_map-_home_max_Documents_PhD_MAPF_LNS_MAPF_LNS_SAT_mapf-scen-even_scen-even_room-64-64-8-even-1_scen-agents10-idx28-seed42-1783617181260,0,0,0,0,5,2,2,66,68,25,10,0.000000,0.010000,0.128000,2,0.038000,0.026000,0.002139,0,0,1
_home_max_Documents_PhD_MAPF_LNS_MAPF_LNS_SAT_mapf-map_room-64-64-8_map-_home_max_Documents_PhD_MAPF_LNS_MAPF_LNS_SAT_mapf-scen-even_scen-even_room-64-64-8-even-1_scen-agents10-idx28-seed42-1783617181260,0,0,0,0,5,2,2,68,70,11,6,0.000000,0.006000,0.127000,2,0.020000,0.012000,0.000343,1,1,0
_home_max_Documents_PhD_MAPF_LNS_MAPF_LNS_SAT_mapf-map_room-64-64-8_map-_home_max_Documents_PhD_MAPF_LNS_MAPF_LNS_SAT_mapf-scen-even_scen-even_room-64-64-8-even-1_scen-agents10-idx28-seed42-1783617181260,0,0,1,1,5,2,2,68,71,18,9,0.000000,0.008000,0.131000,2,0.025000,0.018000,0.001136,1,1,0
_home_max_Documents_PhD_MAPF_LNS_MAPF_LNS_SAT_mapf-map_room-64-64-8_map-_home_max_Documents_PhD_MAPF_LNS_MAPF_LNS_SAT_mapf-scen-even_scen-even_room-64-64-8-even-1_scen-agents10-idx28-seed42-1783617181260,0,0,2,2,5,2,2,68,73,51,19,0.000000,0.020000,0.129000,2,0.080000,0.068000,0.003486,0,0,0
_home_max_Documents_PhD_MAPF_LNS_MAPF_LNS_SAT_mapf-map_room-64-64-8_map-_home_max_Documents_PhD_MAPF_LNS_MAPF_LNS_SAT_mapf-scen-even_scen-even_room-64-64-8-even-1_scen-agents10-idx28-seed42-1783617181260,0,1,0,0,27,3,3,66,74,780,106,0.000000,0.195000,0.800000,2,0.340000,0.315000,0.016758,1,1,0
_home_max_Documents_PhD_MAPF_LNS_MAPF_LNS_SAT_mapf-map_room-64-64-8_map-_home_max_Documents_PhD_MAPF_LNS_MAPF_LNS_SAT_mapf-scen-even_scen-even_room-64-64-8-even-1_scen-agents10-idx28-seed42-1783617181260,0,1,1,1,27,3,3,66,75,1054,137,0.000000,0.270000,1.039000,2,0.430000,0.415000,0.021143,1,1,0
_home_max_Documents_PhD_MAPF_LNS_MAPF_LNS_SAT_mapf-map_room-64-64-8_map-_home_max_Documents_PhD_MAPF_LNS_MAPF_LNS_SAT_mapf-scen-even_scen-even_room-64-64-8-even-1_scen-agents10-idx28-seed42-1783617181260,0,1,2,2,27,3,3,66,77,2014,233,0.000000,0.546000,1.490000,2,0.817000,0.794000,0.046624,0,0,1
_home_max_Documents_PhD_MAPF_LNS_MAPF_LNS_SAT_mapf-map_room-64-64-8_map-_home_max_Documents_PhD_MAPF_LNS_MAPF_LNS_SAT_mapf-scen-even_scen-even_room-64-64-8-even-1_scen-agents10-idx29-seed42-1783617181363,0,0,0,0,8,2,2,24,26,11,6,0.000000,0.010000,0.370000,2,0.086000,0.065000,0.013257,1,1,0
_home_max_Documents_PhD_MAPF_LNS_MAPF_LNS_SAT_mapf-map_room-64-64-8_map-_home_max_Documents_PhD_MAPF_LNS_MAPF_LNS_SAT_mapf-scen-even_scen-even_room-64-64-8-even-1_scen-agents10-idx29-seed42-1783617181363,0,0,1,1,8,2,2,24,27,20,10,0.000000,0.011000,0.258000,2,0.046000,0.031000,0.002459,1,1,0
_home_max_Documents_PhD_MAPF_LNS_MAPF_LNS_SAT_mapf-map_room-64-64-8_map-_home_max_Documents_PhD_MAPF_LNS_MAPF_LNS_SAT_mapf-scen-even_scen-even_room-64-64-8-even-1_scen-agents10-idx29-seed42-1783617181363,0,0,2,2,8,2,2,24,29,87,26,0.000000,0.041000,0.353000,3,0.143000,0.111000,0.012553,0,0,1
_home_max_Documents_PhD_MAPF_LNS_MAPF_LNS_SAT_mapf-map_room-64-64-8_map-_home_max_Documents_PhD_MAPF_LNS_MAPF_LNS_SAT_mapf-scen-even_scen-even_room-64-64-8-even-1_scen-agents10-idx29-seed42-1783617181363,0,0,0,0,5,2,2,36,38,11,6,0.000000,0.010000,0.238000,2,0.036000,0.022000,0.001654,1,1,0
_home_max_Documents_PhD_MAPF_LNS_MAPF_LNS_SAT_mapf-map_room-64-64-8_map-_home_max_Documents_PhD_MAPF_LNS_MAPF_LNS_SAT_mapf-scen-even_scen-even_room-64-64-8-even-1_scen-agents10-idx29-seed42-1783617181363,0,0,1,1,5,2,2,36,39,17,9,0.000000,0.011000,0.202000,1,0.035000,0.025000,0.002568,0,0,1
_home_max_Documents_PhD_MAPF_LNS_MAPF_LNS_SAT_mapf-map_room-64-64-8_map-_home_max_Documents_PhD_MAPF_LNS_MAPF_LNS_SAT_mapf-scen-even_scen-even_room-64-64-8-even-1_scen-agents10-idx29-seed42-1783617181363,0,0,0,0,5,2,2,42,44,11,6,0.000000,0.011000,0.254000,2,0.033000,0.019000,0.001004,1,1,0
_home_max_Documents_PhD_MAPF_LNS_MAPF_LNS_SAT_mapf-map_room-64-64-8_map-_home_max_Documents_PhD_MAPF_LNS_MAPF_LNS_SAT_mapf-scen-even_scen-even_room-64-64-8-even-1_scen-agents10-idx29-seed42-1783617181363,0,0,1,1,5,2,2,42,45,18,9,0.000000,0.011000,0.180000,2,0.035000,0.025000,0.002533,1,1,0
_home_max_Documents_PhD_MAPF_LNS_MAPF_LNS_SAT_mapf-map_room-64-64-8_map-_home_max_Documents_PhD_MAPF_LNS_MAPF_LNS_SAT_mapf-scen-even_scen-even_room-64-64-8-even-1_scen-agents10-idx29-seed42-1783617181363,0,0,2,2,5,2,2,42,46,44,17,0.000000,0.017000,0.180000,5,0.080000,0.052000,0.014150,0,0,1
_home_max_Documents_PhD_MAPF_LNS_MAPF_LNS_SAT_mapf-map_room-64-64-8_map-_home_max_Documents_PhD_MAPF_LNS_MAPF_LNS_SAT_mapf-scen-even_scen-even_room-64-64-8-even-1_scen-agents10-idx29-seed42-1783617181363,0,0,0,0,8,3,3,45,49,32,15,0.000000,0.016000,0.218000,2,0.031000,0.019000,0.000558,1,1,0
_home_max_Documents_PhD_MAPF_LNS_MAPF_LNS_SAT_mapf-map_room-64-64-8_map-_home_max_Documents_PhD_MAPF_LNS_MAPF_LNS_SAT_mapf-scen-even_scen-even_room-64-64-8-even-1_scen-agents10-idx29-seed42-1783617181363,0,0,1,1,8,3,3,45,50,57,25,0.000000,0.025000,0.260000,2,0.047000,0.035000,0.003546,1,1,0
_home_max_Documents_PhD_MAPF_LNS_MAPF_LNS_SAT_mapf-map_room-64-64-8_map-_home_max_Documents_PhD_MAPF_LNS_MAPF_LNS_SAT_mapf-scen-even_scen-even_room-64-64-8-even-1_scen-agents10-idx29-seed42-1783617181363,0,0,2,2,8,3,3,45,52,180,57,0.000000,0.057000,0.414000,3,0.133000,0.111000,0.015135,1,1,0
_home_max_Documents_PhD_MAPF_LNS_MAPF_LNS_SAT_mapf-map_room-64-64-8_map-_home_max_Documents_PhD_MAPF_LNS_MAPF_LNS_SAT_mapf-scen-even_scen-even_room-64-64-8-even-1_scen-agents10-idx29-seed42-1783617181363,0,0,3,3,8,3,3,45,55,412,105,0.000000,0.125000,0.505000,5,0.274000,0.229000,0.038167,0,0,1
_home_max_Documents_PhD_MAPF_LNS_MAPF_LNS_SAT_mapf-map_room-64-64-8_map-_home_max_Documents_PhD_MAPF_LNS_MAPF_LNS_SAT_mapf-scen-even_scen-even_room-64-64-8-even-1_scen-agents10-idx29-seed42-1783617181363,0,0,0,0,8,2,2,47,49,11,6,0.000000,0.006000,0.124000,2,0.020000,0.012000,0.000558,1,1,0
_home_max_Documents_PhD_MAPF_LNS_MAPF_LNS_SAT_mapf-map_room-64-64-8_map-_home_max_Documents_PhD_MAPF_LNS_MAPF_LNS_SAT_mapf-scen-even_scen-even_room-64-64-8-even-1_scen-agents10-idx29-seed42-1783617181363,0,0,1,1,8,2,2,47,50,20,10,0.000000,0.008000,0.130000,2,0.025000,0.017000,0.001054,1,1,0
_home_max_Documents_PhD_MAPF_LNS_MAPF_LNS_SAT_mapf-map_room-64-64-8_map-_home_max_Documents_PhD_MAPF_LNS_MAPF_LNS_SAT_mapf-scen-even_scen-even_room-64-64-8-even-1_scen-agents10-idx29-seed42-1783617181363,0,0,2,2,8,2,2,47,52,87,26,0.000000,0.029000,0.188000,3,0.079000,0.061000,0.007756,0,0,1
_home_max_Documents_PhD_MAPF_LNS_MAPF_LNS_SAT_mapf-map_room-64-64-8_map-_home_max_Documents_PhD_MAPF_LNS_MAPF_LNS_SAT_mapf-scen-even_scen-even_room-64-64-8-even-1_scen-agents10-idx29-seed42-1783617181363,0,0,0,0,5,2,2,54,56,11,6,0.000000,0.006000,0.110000,2,0.018000,0.011000,0.000416,1,1,0
_home_max_Documents_PhD_MAPF_LNS_MAPF_LNS_SAT_mapf-map_room-64-64-8_map-_home_max_Documents_PhD_MAPF_LNS_MAPF_LNS_SAT_mapf-scen-even_scen-even_room-64-64-8-even-1_scen-agents10-idx29-seed42-1783617181363,0,0,1,1,5,2,2,54,57,18,9,0.000000,0.007000,0.118000,2,0.023000,0.016000,0.001348,1,1,0
_home_max_Documents_PhD_MAPF_LNS_MAPF_LNS_SAT_mapf-map_room-64-64-8_map-_home_max_Documents_PhD_MAPF_LNS_MAPF_LNS_SAT_mapf-scen-even_scen-even_room-64-64-8-even-1_scen-agents10-idx29-seed42-1783617181363,0,0,2,2,5,2,2,54,59,51,19,0.000000,0.018000,0.159000,2,0.045000,0.036000,0.003760,1,1,0
_home_max_Documents_PhD_MAPF_LNS_MAPF_LNS_SAT_mapf-map_room-64-64-8_map-_home_max_Documents_PhD_MAPF_LNS_MAPF_LNS_SAT_mapf-scen-even_scen-even_room-64-64-8-even-1_scen-agents10-idx29-seed42-1783617181363,0,0,3,3,5,2,2,54,62,99,34,0.000000,0.034000,0.095000,1,0.051000,0.049000,0.000000,0,0,0
_home_max_Documents_PhD_MAPF_LNS_MAPF_LNS_SAT_mapf-map_room-64-64-8_map-_home_max_Documents_PhD_MAPF_LNS_MAPF_LNS_SAT_mapf-scen-even_scen-even_room-64-64-8-even-1_scen-agents10-idx29-seed42-1783617181363,0,1,0,0,20,2,2,52,58,27,14,0.000000,0.013000,0.130000,2,0.025000,0.016000,0.000332,1,1,0
_home_max_Documents_PhD_MAPF_LNS_MAPF_LNS_SAT_mapf-map_room-64-64-8_map-_home_max_Documents_PhD_MAPF_LNS_MAPF_LNS_SAT_mapf-scen-even_scen-even_room-64-64-8-even-1_scen-agents10-idx29-seed42-1783617181363,0,1,1,1,20,2,2,52,59,42,21,0.000000,0.019000,0.167000,2,0.036000,0.027000,0.002762,1,1,0
_home_max_Documents_PhD_MAPF_LNS_MAPF_LNS_SAT_mapf-map_room-64-64-8_map-_home_max_Documents_PhD_MAPF_LNS_MAPF_LNS_SAT_mapf-scen-even_scen-even_room-64-64-8-even-1_scen-agents10-idx29-seed42-1783617181363,0,1,2,2,20,2,2,52,61,178,51,0.000000,0.052000,0.334000,3,0.116000,0.099000,0.009899,1,1,0
_home_max_Documents_PhD_MAPF_LNS_MAPF_LNS_SAT_mapf-map_room-64-64-8_map-_home_max_Documents_PhD_MAPF_LNS_MAPF_LNS_SAT_mapf-scen-even_scen-even_room-64-64-8-even-1_scen-agents10-idx29-seed42-1783617181363,0,1,3,3,20,3,3,52,64,715,111,0.000000,0.185000,0.611000,2,0.324000,0.307000,0.017978,0,0,1
_home_max_Documents_PhD_MAPF_LNS_MAPF_LNS_SAT_mapf-map_room-64-64-8_map-_home_max_Documents_PhD_MAPF_LNS_MAPF_LNS_SAT_mapf-scen-even_scen-even_room-64-64-8-even-1_scen-agents10-idx29-seed42-1783617181363,0,0,0,0,24,2,2,56,65,55,25,0.000000,0.026000,0.186000,2,0.048000,0.034000,0.001907,1,1,0
_home_max_Documents_PhD_MAPF_LNS_MAPF_LNS_SAT_mapf-map_room-64-64-8_map-_home_max_Documents_PhD_MAPF_LNS_MAPF_LNS_SAT_mapf-scen-even_scen-even_room-64-64-8-even-1_scen-agents10-idx29-seed42-1783617181363,0,0,1,1,24,2,2,56,66,99,40,0.000000,0.040000,0.190000,1,0.067000,0.056000,0.006071,0,0,1
_home_max_Documents_PhD_MAPF_LNS_MAPF_LNS_SAT_mapf-map_room-64-64-8_map-_home_max_Documents_PhD_MAPF_LNS_MAPF_LNS_SAT_mapf-scen-even_scen-even_room-64-64-8-even-1_scen-agents10-idx29-seed42-1783617181363,0,0,0,0,5,2,2,57,59,11,6,0.000000,0.006000,0.115000,2,0.019000,0.011000,0.000421,1,1,0
_home_max_Documents_PhD_MAPF_LNS_MAPF_LNS_SAT_mapf-map_room-64-64-8_map-_home_max_Documents_PhD_MAPF_LNS_MAPF_LNS_SAT_mapf-scen-even_scen-even_room-64-64-8-even-1_scen-agents10-idx29-seed42-1783617181363,0,0,1,1,5,2,2,57,60,18,9,0.000000,0.007000,0.123000,2,0.024000,0.016000,0.001282,1,1,0
_home_max_Documents_PhD_MAPF_LNS_MAPF_LNS_SAT_mapf-map_room-64-64-8_map-_home_max_Documents_PhD_MAPF_LNS_MAPF_LNS_SAT_mapf-scen-even_scen-even_room-64-64-8-even-1_scen-agents10-idx29-seed42-1783617181363,0,0,2,2,5,2,2,57,62,51,19,0.000000,0.018000,0.166000,2,0.045000,0.038000,0.003530,1,1,0
_home_max_Documents_PhD_MAPF_LNS_MAPF_LNS_SAT_mapf-map_room-64-64-8_map-_home_max_Documents_PhD_MAPF_LNS_MAPF_LNS_SAT_mapf-scen-even_scen-even_room-64-64-8-even-1_scen-agents10-idx29-seed42-1783617181363,0,0,3,3,5,2,2,57,65,99,34,0.000000,0.034000,0.097000,1,0.053000,0.051000,0.000000,0,0,0
_home_max_Documents_PhD_MAPF_LNS_MAPF_LNS_SAT_mapf-map_room-64-64-8_map-_home_max_Documents_PhD_MAPF_LNS_MAPF_LNS_SAT_mapf-scen-even_scen-even_room-64-64-8-even-1_scen-agents10-idx29-seed42-1783617181363,0,1,0,0,23,2,2,55,61,56,27,0.000000,0.025000,0.146000,1,0.045000,0.038000,0.003017,0,0,1
_home_max_Documents_PhD_MAPF_LNS_MAPF_LNS_SAT_mapf-map_room-64-64-8_map-_home_max_Documents_PhD_MAPF_LNS_MAPF_LNS_SAT_mapf-scen-even_scen-even_room-64-64-8-even-1_scen-agents10-idx29-seed42-1783617181363,0,0,0,0,8,2,2,67,69,11,6,0.000000,0.010000,0.126000,2,0.019000,0.011000,0.000428,1,1,0
_home_max_Documents_PhD_MAPF_LNS_MAPF_LNS_SAT_mapf-map_room-64-64-8_map-_home_max_Documents_PhD_MAPF_LNS_MAPF_LNS_SAT_mapf-scen-even_scen-even_room-64-64-8-even-1_scen-agents10-idx29-seed42-1783617181363,0,0,1,1,8,2,2,67,70,20,10,0.000000,0.008000,0.128000,2,0.024000,0.016000,0.000933,1,1,0
_home_max_Documents_PhD_MAPF_LNS_MAPF_LNS_SAT_mapf-map_room-64-64-8_map-_home_max_Documents_PhD_MAPF_LNS_MAPF_LNS_SAT_mapf-scen-even_scen-even_room-64-64-8-even-1_scen-agents10-idx29-seed42-1783617181363,0,0,2,2,8,2,2,67,72,87,26,0.000000,0.030000,0.193000,3,0.079000,0.063000,0.007474,0,0,1
_home_max_Documents_PhD_MAPF_LNS_MAPF_LNS_SAT_mapf-map_room-64-64-8_map-_home_max_Documents_PhD_MAPF_LNS_MAPF_LNS_SAT_mapf-scen-even_scen-even_room-64-64-8-even-1_scen-agents10-idx29-seed42-1783617181363,0,0,0,0,5,2,2,85,87,25,10,0.000000,0.015000,0.126000,2,0.035000,0.024000,0.001818,0,0,1
_home_max_Documents_PhD_MAPF_LNS_MAPF_LNS_SAT_mapf-map_room-64-64-8_map-_home_max_Documents_PhD_MAPF_LNS_MAPF_LNS_SAT_mapf-scen-even_scen-even_room-64-64-8-even-1_scen-agents10-idx29-seed42-1783617181363,0,0,0,0,5,2,2,109,111,24,10,0.000000,0.012000,0.110000,1,0.024000,0.019000,0.001117,0,0,1
_home_max_Documents_PhD_MAPF_LNS_MAPF_LNS_SAT_mapf-map_room-64-64-8_map-_home_max_Documents_PhD_MAPF_LNS_MAPF_LNS_SAT_mapf-scen-even_scen-even_room-64-64-8-even-1_scen-agents10-idx30-seed42-1783617181463,0,0,0,0,5,2,2,24,26,11,6,0.000000,0.007000,0.173000,2,0.058000,0.046000,0.008152,1,1,0
_home_max_Documents_PhD_MAPF_LNS_MAPF_LNS_SAT_mapf-map_room-64-64-8_map-_home_max_Documents_PhD_MAPF_LNS_MAPF_LNS_SAT_mapf-scen-even_scen-even_room-64-64-8-even-1_scen-agents10-idx30-seed42-1783617181463,0,0,1,1,5,2,2,24,27,18,9,0.000000,0.007000,0.131000,2,0.028000,0.018000,0.001911,1,1,0
_home_max_Documents_PhD_MAPF_LNS_MAPF_LNS_SAT_mapf-map_room-64-64-8_map-_home_max_Documents_PhD_MAPF_LNS_MAPF_LNS_SAT_mapf-scen-even_scen-even_room-64-64-8-even-1_scen-agents10-idx30-seed42-1783617181463,0,0,2,2,5,2,2,24,29,51,19,0.000000,0.018000,0.157000,2,0.047000,0.038000,0.004425,1,1,0
_home_max_Documents_PhD_MAPF_LNS_MAPF_LNS_SAT_mapf-map_room-64-64-8_map-_home_max_Documents_PhD_MAPF_LNS_MAPF_LNS_SAT_mapf-scen-even_scen-even_room-64-64-8-even-1_scen-agents10-idx30-seed42-1783617181463,0,0,3,3,5,2,2,24,32,99,34,0.000000,0.032000,0.090000,1,0.049000,0.048000,0.000000,0,0,0
_home_max_Documents_PhD_MAPF_LNS_MAPF_LNS_SAT_mapf-map_room-64-64-8_map-_home_max_Documents_PhD_MAPF_LNS_MAPF_LNS_SAT_mapf-scen-even_scen-even_room-64-64-8-even-1_scen-agents10-idx30-seed42-1783617181463,0,1,0,0,20,2,2,22,28,49,24,0.000000,0.018000,0.143000,2,0.053000,0.038000,0.004192,0,0,1
_home_max_Documents_PhD_MAPF_LNS_MAPF_LNS_SAT_mapf-map_room-64-64-8_map-_home_max_Documents_PhD_MAPF_LNS_MAPF_LNS_SAT_mapf-scen-even_scen-even_room-64-64-8-even-1_scen-agents10-idx30-seed42-1783617181463,0,0,0,0,7,2,2,44,46,11,6,0.000000,0.006000,0.118000,2,0.020000,0.012000,0.000460,1,1,0
_home_max_Documents_PhD_MAPF_LNS_MAPF_LNS_SAT_mapf-map_room-64-64-8_map-_home_max_Documents_PhD_MAPF_LNS_MAPF_LNS_SAT_mapf-scen-even_scen-even_room-64-64-8-even-1_scen-agents10-idx30-seed42-1783617181463,0,0,1,1,7,2,2,44,47,20,10,0.000000,0.007000,0.120000,2,0.025000,0.018000,0.001048,1,1,0
_home_max_Documents_PhD_MAPF_LNS_MAPF_LNS_SAT_mapf-map_room-64-64-8_map-_home_max_Documents_PhD_MAPF_LNS_MAPF_LNS_SAT_mapf-scen-even_scen-even_room-64-64-8-even-1_scen-agents10-idx30-seed42-1783617181463,0,0,2,2,7,2,2,44,49,74,24,0.000000,0.026000,0.173000,3,0.073000,0.055000,0.007242,0,0,1
_home_max_Documents_PhD_MAPF_LNS_MAPF_LNS_SAT_mapf-map_room-64-64-8_map-_home_max_Documents_PhD_MAPF_LNS_MAPF_LNS_SAT_mapf-scen-even_scen-even_room-64-64-8-even-1_scen-agents10-idx30-seed42-1783617181463,0,0,0,0,8,2,2,52,54,11,6,0.000000,0.006000,0.116000,2,0.020000,0.012000,0.000498,1,1,0
_home_max_Documents_PhD_MAPF_LNS_MAPF_LNS_SAT_mapf-map_room-64-64-8_map-_home_max_Documents_PhD_MAPF_LNS_MAPF_LNS_SAT_mapf-scen-even_scen-even_room-64-64-8-even-1_scen-agents10-idx30-seed42-1783617181463,0,0,1,1,8,2,2,52,55,21,11,0.000000,0.008000,0.104000,1,0.023000,0.018000,0.001462,0,0,1
_home_max_Documents_PhD_MAPF_LNS_MAPF_LNS_SAT_mapf-map_room-64-64-8_map-_home_max_Documents_PhD_MAPF_LNS_MAPF_LNS_SAT_mapf-scen-even_scen-even_room-64-64-8-even-1_scen-agents10-idx30-seed42-1783617181463,0,0,0,0,8,2,2,55,57,14,8,0.000000,0.008000,0.095000,1,0.019000,0.014000,0.001076,0,0,1
_home_max_Documents_PhD_MAPF_LNS_MAPF_LNS_SAT_mapf-map_room-64-64-8_map-_home_max_Documents_PhD_MAPF_LNS_MAPF_LNS_SAT_mapf-scen-even_scen-even_room-64-64-8-even-1_scen-agents10-idx30-seed42-1783617181463,0,0,0,0,5,2,2,75,77,24,10,0.000000,0.010000,0.101000,1,0.025000,0.020000,0.001452,0,0,1
_home_max_Documents_PhD_MAPF_LNS_MAPF_LNS_SAT_mapf-map_room-64-64-8_map-_home_max_Documents_PhD_MAPF_LNS_MAPF_LNS_SAT_mapf-scen-even_scen-even_room-64-64-8-even-2_scen-agents10-idx0-seed42-1783617181564,0,0,0,0,9,2,2,4,8,22,10,0.000000,0.008000,0.180000,2,0.056000,0.042000,0.007368,1,1,0
_home_max_Documents_PhD_MAPF_LNS_MAPF_LNS_SAT_mapf-map_room-64-64-8_map-_home_max_Documents_PhD_MAPF_LNS_MAPF_LNS_SAT_mapf-scen-even_scen-even_room-64-64-8-even-2_scen-agents10-idx0-seed42-1783617181564,0,0,1,1,9,2,2,4,9,32,15,0.000000,0.010000,0.124000,1,0.030000,0.023000,0.002561,0,0,1
_home_max_Documents_PhD_MAPF_LNS_MAPF_LNS_SAT_mapf-map_room-64-64-8_map-_home_max_Documents_PhD_MAPF_LNS_MAPF_LNS_SAT_mapf-scen-even_scen-even_room-64-64-8-even-2_scen-agents10-idx0-seed42-1783617181564,0,0,0,0,9,2,2,13,15,11,6,0.000000,0.005000,0.115000,2,0.021000,0.011000,0.000471,1,1,0
_home_max_Documents_PhD_MAPF_LNS_MAPF_LNS_SAT_mapf-map_room-64-64-8_map-_home_max_Documents_PhD_MAPF_LNS_MAPF_LNS_SAT_mapf-scen-even_scen-even_room-64-64-8-even-2_scen-agents10-idx0-seed42-1783617181564,0,0,1,1,9,2,2,13,16,20,10,0.000000,0.006000,0.123000,2,0.025000,0.017000,0.001105,1,1,0
_home_max_Documents_PhD_MAPF_LNS_MAPF_LNS_SAT_mapf-map_room-64-64-8_map-_home_max_Documents_PhD_MAPF_LNS_MAPF_LNS_SAT_mapf-scen-even_scen-even_room-64-64-8-even-2_scen-agents10-idx0-seed42-1783617181564,0,0,2,2,9,2,2,13,18,90,28,0.000000,0.027000,0.186000,3,0.083000,0.065000,0.010653,0,0,1
_home_max_Documents_PhD_MAPF_LNS_MAPF_LNS_SAT_mapf-map_room-64-64-8_map-_home_max_Documents_PhD_MAPF_LNS_MAPF_LNS_SAT_mapf-scen-even_scen-even_room-64-64-8-even-2_scen-agents10-idx0-seed42-1783617181564,0,0,0,0,8,3,3,47,50,21,11,0.000000,0.012000,0.185000,2,0.024000,0.015000,0.000536,1,1,0
_home_max_Documents_PhD_MAPF_LNS_MAPF_LNS_SAT_mapf-map_room-64-64-8_map-_home_max_Documents_PhD_MAPF_LNS_MAPF_LNS_SAT_mapf-scen-even_scen-even_room-64-64-8-even-2_scen-agents10-idx0-seed42-1783617181564,0,0,1,1,8,3,3,47,51,37,18,0.000000,0.017000,0.154000,2,0.034000,0.025000,0.003235,1,1,0
_home_max_Documents_PhD_MAPF_LNS_MAPF_LNS_SAT_mapf-map_room-64-64-8_map-_home_max_Documents_PhD_MAPF_LNS_MAPF_LNS_SAT_mapf-scen-even_scen-even_room-64-64-8-even-2_scen-agents10-idx0-seed42-1783617181564,0,0,2,2,8,3,3,47,53,108,36,0.000000,0.039000,0.212000,2,0.083000,0.068000,0.006577,0,0,1
_home_max_Documents_PhD_MAPF_LNS_MAPF_LNS_SAT_mapf-map_room-64-64-8_map-_home_max_Documents_PhD_MAPF_LNS_MAPF_LNS_SAT_mapf-scen-even_scen-even_room-64-64-8-even-2_scen-agents10-idx0-seed42-1783617181564,0,0,0,0,8,3,3,51,54,19,10,0.000000,0.011000,0.124000,2,0.023000,0.015000,0.000566,1,1,0
_home_max_Documents_PhD_MAPF_LNS_MAPF_LNS_SAT_mapf-map_room-64-64-8_map-_home_max_Documents_PhD_MAPF_LNS_MAPF_LNS_SAT_mapf-scen-even_scen-even_room-64-64-8-even-2_scen-agents10-idx0-seed42-1783617181564,0,0,1,1,8,3,3,51,55,31,15,0.000000,0.013000,0.139000,2,0.031000,0.021000,0.001621,1,1,0
_home_max_Documents_PhD_MAPF_LNS_MAPF_LNS_SAT_mapf-map_room-64-64-8_map-_home_max_Documents_PhD_MAPF_LNS_MAPF_LNS_SAT_mapf-scen-even_scen-even_room-64-64-8-even-2_scen-agents10-idx0-seed42-1783617181564,0,0,2,2,8,3,3,51,57,98,31,0.000000,0.036000,0.222000,2,0.067000,0.058000,0.005210,1,1,0
_home_max_Documents_PhD_MAPF_LNS_MAPF_LNS_SAT_mapf-map_room-64-64-8_map-_home_max_Documents_PhD_MAPF_LNS_MAPF_LNS_SAT_mapf-scen-even_scen-even_room-64-64-8-even-2_scen-agents10-idx0-seed42-1783617181564,0,0,3,3,8,3,3,51,60,209,55,0.000000,0.067000,0.180000,1,0.098000,0.097000,0.000000,0,0,0
_home_max_Documents_PhD_MAPF_LNS_MAPF_LNS_SAT_mapf-map_room-64-64-8_map-_home_max_Documents_PhD_MAPF_LNS_MAPF_LNS_SAT_mapf-scen-even_scen-even_room-64-64-8-even-2_scen-agents10-idx0-seed42-1783617181564,0,1,0,0,23,5,4,49,56,45,24,0.000000,0.033000,0.179000,2,0.037000,0.024000,0.000540,1,1,0
_home_max_Documents_PhD_MAPF_LNS_MAPF_LNS_SAT_mapf-map_room-64-64-8_map-_home_max_Documents_PhD_MAPF_LNS_MAPF_LNS_SAT_mapf-scen-even_scen-even_room-64-64-8-even-2_scen-agents10-idx0-seed42-1783617181564,0,1,1,1,23,5,4,49,57,65,33,0.000000,0.042000,0.217000,2,0.048000,0.036000,0.003228,1,1,0
_home_max_Documents_PhD_MAPF_LNS_MAPF_LNS_SAT_mapf-map_room-64-64-8_map-_home_max_Documents_PhD_MAPF_LNS_MAPF_LNS_SAT_mapf-scen-even_scen-even_room-64-64-8-even-2_scen-agents10-idx0-seed42-1783617181564,0,1,2,2,23,6,5,49,59,235,70,0.000000,0.103000,0.348000,2,0.153000,0.130000,0.017202,0,0,1
_home_max_Documents_PhD_MAPF_LNS_MAPF_LNS_SAT_mapf-map_room-64-64-8_map-_home_max_Documents_PhD_MAPF_LNS_MAPF_LNS_SAT_mapf-scen-even_scen-even_room-64-64-8-even-2_scen-agents10-idx0-seed42-1783617181564,0,0,0,0,8,3,3,56,59,19,10,0.000000,0.012000,0.131000,2,0.025000,0.016000,0.000509,1,1,0
_home_max_Documents_PhD_MAPF_LNS_MAPF_LNS_SAT_mapf-map_room-64-64-8_map-_home_max_Documents_PhD_MAPF_LNS_MAPF_LNS_SAT_mapf-scen-even_scen-even_room-64-64-8-even-2_scen-agents10-idx0-seed42-1783617181564,0,0,1,1,8,3,3,56,60,31,15,0.000000,0.014000,0.061000,2,0.037000,0.027000,0.001672,0,0,0
_home_max_Documents_PhD_MAPF_LNS_MAPF_LNS_SAT_mapf-map_room-64-64-8_map-_home_max_Documents_PhD_MAPF_LNS_MAPF_LNS_SAT_mapf-scen-even_scen-even_room-64-64-8-even-2_scen-agents10-idx0-seed42-1783617181564,0,1,0,0,23,3,3,54,61,43,22,0.000000,0.024000,0.163000,2,0.034000,0.023000,0.000393,1,1,0
_home_max_Documents_PhD_MAPF_LNS_MAPF_LNS_SAT_mapf-map_room-64-64-8_map-_home_max_Documents_PhD_MAPF_LNS_MAPF_LNS_SAT_mapf-scen-even_scen-even_room-64-64-8-even-2_scen-agents10-idx0-seed42-1783617181564,0,1,1,1,23,3,3,54,62,63,31,0.000000,0.030000,0.089000,2,0.048000,0.037000,0.003035,0,0,0
_home_max_Documents_PhD_MAPF_LNS_MAPF_LNS_SAT_mapf-map_room-64-64-8_map-_home_max_Documents_PhD_MAPF_LNS_MAPF_LNS_SAT_mapf-scen-even_scen-even_room-64-64-8-even-2_scen-agents10-idx0-seed42-1783617181564,0,2,0,0,47,5,4,52,63,77,40,0.000000,0.059000,0.244000,2,0.054000,0.038000,0.001168,1,1,0
_home_max_Documents_PhD_MAPF_LNS_MAPF_LNS_SAT_mapf-map_room-64-64-8_map-_home_max_Documents_PhD_MAPF_LNS_MAPF_LNS_SAT_mapf-scen-even_scen-even_room-64-64-8-even-2_scen-agents10-idx0-seed42-1783617181564,0,2,1,1,47,5,4,52,64,109,55,0.000000,0.074000,0.156000,2,0.071000,0.056000,0.004680,0,0,0
_home_max_Documents_PhD_MAPF_LNS_MAPF_LNS_SAT_mapf-map_room-64-64-8_map-_home_max_Documents_PhD_MAPF_LNS_MAPF_LNS_SAT_mapf-scen-even_scen-even_room-64-64-8-even-2_scen-agents10-idx0-seed42-1783617181564,0,3,0,0,72,4,4,50,65,284,101,0.000000,0.124000,0.590000,2,0.159000,0.135000,0.007278,1,1,0
_home_max_Documents_PhD_MAPF_LNS_MAPF_LNS_SAT_mapf-map_room-64-64-8_map-_home_max_Documents_PhD_MAPF_LNS_MAPF_LNS_SAT_mapf-scen-even_scen-even_room-64-64-8-even-2_scen-agents10-idx0-seed42-1783617181564,0,3,1,1,72,4,4,50,66,531,147,0.000000,0.200000,0.644000,2,0.263000,0.242000,0.013220,1,0,0
_home_max_Documents_PhD_MAPF_LNS_MAPF_LNS_SAT_mapf-map_room-64-64-8_map-_home_max_Documents_PhD_MAPF_LNS_MAPF_LNS_SAT_mapf-scen-even_scen-even_room-64-64-8-even-2_scen-agents10-idx0-seed42-1783617181564,0,4,0,0,100,5,5,48,67,695,218,0.000000,0.270000,1.230000,2,0.344000,0.309000,0.017067,1,1,0
_home_max_Documents_PhD_MAPF_LNS_MAPF_LNS_SAT_mapf-map_room-64-64-8_map-_home_max_Documents_PhD_MAPF_LNS_MAPF_LNS_SAT_mapf-scen-even_scen-even_room-64-64-8-even-2_scen-agents10-idx0-seed42-1783617181564,0,4,1,1,100,5,5,48,68,1518,356,0.000000,0.503000,1.840000,2,0.702000,0.653000,0.031564,1,1,0
_home_max_Documents_PhD_MAPF_LNS_MAPF_LNS_SAT_mapf-map_room-64-64-8_map-_home_max_Documents_PhD_MAPF_LNS_MAPF_LNS_SAT_mapf-scen-even_scen-even_room-64-64-8-even-2_scen-agents10-idx0-seed42-1783617181564,0,5,0,0,132,6,6,46,69,1308,348,0.000000,0.481000,1.980000,2,0.615000,0.567000,0.027818,1,1,0
_home_max_Documents_PhD_MAPF_LNS_MAPF_LNS_SAT_mapf-map_room-64-64-8_map-_home_max_Documents_PhD_MAPF_LNS_MAPF_LNS_SAT_mapf-scen-even_scen-even_room-64-64-8-even-2_scen-agents10-idx0-seed42-1783617181564,0,5,1,1,132,6,6,46,70,2806,555,0.000000,0.949000,3.029000,2,1.217000,1.148000,0.050670,1,1,0
_home_max_Documents_PhD_MAPF_LNS_MAPF_LNS_SAT_mapf-map_room-64-64-8_map-_home_max_Documents_PhD_MAPF_LNS_MAPF_LNS_SAT_mapf-scen-even_scen-even_room-64-64-8-even-2_scen-agents10-idx0-seed42-1783617181564,0,6,0,0,179,6,6,44,71,2440,536,0.000000,0.817000,2.915000,2,1.077000,1.007000,0.044816,1,1,0
_home_max_Documents_PhD_MAPF_LNS_MAPF_LNS_SAT_mapf-map_room-64-64-8_map-_home_max_Documents_PhD_MAPF_LNS_MAPF_LNS_SAT_mapf-scen-even_scen-even_room-64-64-8-even-2_scen-agents10-idx0-seed42-1783617181564,0,6,1,1,179,6,6,44,72,5019,822,0.000000,1.551000,4.838000,2,2.031000,1.991000,0.080085,1,1,0
_home_max_Documents_PhD_MAPF_LNS_MAPF_LNS_SAT_mapf-map_room-64-64-8_map-_home_max_Documents_PhD_MAPF_LNS_MAPF_LNS_SAT_mapf-scen-even_scen-even_room-64-64-8-even-2_scen-agents10-idx0-seed42-1783617181564,0,7,0,0,241,7,7,42,73,47685,2082,0.000000,17.646000,40.927000,2,20.774000,20.306000,0.405357,1,1,0
_home_max_Documents_PhD_MAPF_LNS_MAPF_LNS_SAT_mapf-map_room-64-64-8_map-_home_max_Documents_PhD_MAPF_LNS_MAPF_LNS_SAT_mapf-scen-even_scen-even_room-64-64-8-even-2_scen-agents10-idx0-seed42-1783617181564,0,7,1,1,241,7,7,42,74,56358,2537,0.000000,19.888000,43.757000,2,22.096000,22.007000,0.500397,1,1,0
_home_max_Documents_PhD_MAPF_LNS_MAPF_LNS_SAT_mapf-map_room-64-64-8_map-_home_max_Documents_PhD_MAPF_LNS_MAPF_LNS_SAT_mapf-scen-even_scen-even_room-64-64-8-even-2_scen-agents10-idx0-seed42-1783617181564,0,8,0,0,318,7,7,40,75,96536,2940,0.000000,35.971000,79.514000,2,39.927000,39.008000,0.740956,1,1,0
_home_max_Documents_PhD_MAPF_LNS_MAPF_LNS_SAT_mapf-map_room-64-64-8_map-_home_max_Documents_PhD_MAPF_LNS_MAPF_LNS_SAT_mapf-scen-even_scen-even_room-64-64-8-even-2_scen-agents10-idx0-seed42-1783617181564,0,8,1,1,318,7,7,40,76,109469,3473,0.001000,45.529000,91.853000,2,43.558000,43.419000,0.937950,1,1,0
_home_max_Documents_PhD_MAPF_LNS_MAPF_LNS_SAT_mapf-map_room-64-64-8_map-_home_max_Documents_PhD_MAPF_LNS_MAPF_LNS_SAT_mapf-scen-even_scen-even_room-64-64-8-even-2_scen-agents10-idx0-seed42-1783617181564,0,9,0,0,403,7,7,38,77,169748,3910,0.000000,73.332000,213.965000,2,135.889000,134.340000,1.245458,1,1,0
_home_max_Documents_PhD_MAPF_LNS_MAPF_LNS_SAT_mapf-map_room-64-64-8_map-_home_max_Documents_PhD_MAPF_LNS_MAPF_LNS_SAT_mapf-scen-even_scen-even_room-64-64-8-even-2_scen-agents10-idx0-seed42-1783617181564,0,9,1,1,403,7,7,38,78,188369,4521,0.000000,92.686000,257.883000,2,161.404000,161.202000,1.489035,1,1,0
_home_max_Documents_PhD_MAPF_LNS_MAPF_LNS_SAT_mapf-map_room-64-64-8_map-_home_max_Documents_PhD_MAPF_LNS_MAPF_LNS_SAT_mapf-scen-even_scen-even_room-64-64-8-even-2_scen-agents10-idx0-seed42-1783617181564,0,10,0,0,492,7,7,36,79,297665,5279,0.000000,128.144000,411.853000,2,276.477000,273.541000,2.092810,1,1,0
_home_max_Documents_PhD_MAPF_LNS_MAPF_LNS_SAT_mapf-map_room-64-64-8_map-_home_max_Documents_PhD_MAPF_LNS_MAPF_LNS_SAT_mapf-scen-even_scen-even_room-64-64-8-even-2_scen-agents10-idx0-seed42-1783617181564,0,10,1,1,492,7,7,36,80,326034,6006,0.001000,160.842000,462.705000,2,296.297000,295.967000,2.331389,1,1,0
_home_max_Documents_PhD_MAPF_LNS_MAPF_LNS_SAT_mapf-map_room-64-64-8_map-_home_max_Documents_PhD_MAPF_LNS_MAPF_LNS_SAT_mapf-scen-even_scen-even_room-64-64-8-even-2_scen-agents10-idx0-seed42-1783617181564,0,11,0,0,569,7,7,34,81,736313,7973,0.001000,562.277000,1612.622000,2,1039.738000,1029.041000,5.042440,1,1,0
_home_max_Documents_PhD_MAPF_LNS_MAPF_LNS_SAT_mapf-map_room-64-64-8_map-_home_max_Documents_PhD_MAPF_LNS_MAPF_LNS_SAT_mapf-scen-even_scen-even_room-64-64-8-even-2_scen-agents10-idx0-seed42-1783617181564,0,11,1,1,569,7,7,34,82,793906,8859,0.001000,671.510000,1804.230000,2,1122.800000,1121.422000,5.563322,1,1,0
_home_max_Documents_PhD_MAPF_LNS_MAPF_LNS_SAT_mapf-map_room-64-64-8_map-_home_max_Documents_PhD_MAPF_LNS_MAPF_LNS_SAT_mapf-scen-even_scen-even_room-64-64-8-even-2_scen-agents10-idx0-seed42-1783617181564,0,12,0,0,634,8,8,32,83,1442742,14499,0.000000,1568.444000,3626.520000,2,2040.408000,2025.967000,9.745268,1,1,0
_home_max_Documents_PhD_MAPF_LNS_MAPF_LNS_SAT_mapf-map_room-64-64-8_map-_home_max_Documents_PhD_MAPF_LNS_MAPF_LNS_SAT_mapf-scen-even_scen-even_room-64-64-8-even-2_scen-agents10-idx0-seed42-1783617181564,0,12,1,1,634,8,8,32,84,1546163,15728,0.002000,1935.040000,4392.169000,2,2440.272000,2438.570000,10.812308,1,1,0
_home_max_Documents_PhD_MAPF_LNS_MAPF_LNS_SAT_mapf-map_room-64-64-8_map-_home_max_Documents_PhD_MAPF_LNS_MAPF_LNS_SAT_mapf-scen-even_scen-even_room-64-64-8-even-2_scen-agents10-idx0-seed42-1783617181564,0,13,0,0,699,8,8,30,85,2316173,19198,0.001000,3466.075000,7038.636000,2,3549.022000,3526.310000,15.282289,1,1,0
_home_max_Documents_PhD_MAPF_LNS_MAPF_LNS_SAT_mapf-map_room-64-64-8_map-_home_max_Documents_PhD_MAPF_LNS_MAPF_LNS_SAT_mapf-scen-even_scen-even_room-64-64-8-even-2_scen-agents10-idx0-seed42-1783617181564,0,13,1,1,699,8,8,30,86,2459767,20598,0.002000,4060.273000,7823.364000,2,3737.571000,3732.996000,16.614196,1,1,0
_home_max_Documents_PhD_MAPF_LNS_MAPF_LNS_SAT_mapf-map_room-64-64-8_map-_home_max_Documents_PhD_MAPF_LNS_MAPF_LNS_SAT_mapf-scen-even_scen-even_room-64-64-8-even-2_scen-agents10-idx0-seed42-1783617181564,0,14,0,0,780,8,8,28,87,3769248,25438,0.000000,5864.129000,12297.773000,2,5968.243000,5500.529000,24.406157,1,1,0
_home_max_Documents_PhD_MAPF_LNS_MAPF_LNS_SAT_mapf-map_room-64-64-8_map-_home_max_Documents_PhD_MAPF_LNS_MAPF_LNS_SAT_mapf-scen-even_scen-even_room-64-64-8-even-2_scen-agents10-idx0-seed42-1783617181564,0,14,1,1,780,8,8,28,88,3978540,27055,0.002000,6631.647000,13333.565000,2,6205.822000,5748.907000,26.308131,1,1,0
_home_max_Documents_PhD_MAPF_LNS_MAPF_LNS_SAT_mapf-map_room-64-64-8_map-_home_max_Documents_PhD_MAPF_LNS_MAPF_LNS_SAT_mapf-scen-even_scen-even_room-64-64-8-even-2_scen-agents10-idx0-seed42-1783617181564,0,15,0,0,862,8,8,26,89,5786660,32657,0.000000,11440.438000,21114.332000,2,8970.805000,8262.021000,36.999050,1,1,0
_home_max_Documents_PhD_MAPF_LNS_MAPF_LNS_SAT_mapf-map_room-64-64-8_map-_home_max_Documents_PhD_MAPF_LNS_MAPF_LNS_SAT_mapf-scen-even_scen-even_room-64-64-8-even-2_scen-agents10-idx0-seed42-1783617181564,0,15,1,1,862,8,8,26,90,6086688,34500,0.002000,13955.158000,25630.090000,2,10843.632000,10012.609000,40.086827,1,1,0
_home_max_Documents_PhD_MAPF_LNS_MAPF_LNS_SAT_mapf-map_room-64-64-8_map-_home_max_Documents_PhD_MAPF_LNS_MAPF_LNS_SAT_mapf-scen-even_scen-even_room-64-64-8-even-2_scen-agents10-idx0-seed42-1783617181564,0,16,0,0,946,8,8,24,91,8242559,40062,0.004000,22248.621000,37060.059000,2,13758.284000,12695.782000,52.350439,1,1,0
_home_max_Documents_PhD_MAPF_LNS_MAPF_LNS_SAT_mapf-map_room-64-64-8_map-_home_max_Documents_PhD_MAPF_LNS_MAPF_LNS_SAT_mapf-scen-even_scen-even_room-64-64-8-even-2_scen-agents10-idx0-seed42-1783617181564,0,16,1,1,946,8,8,24,92,8653897,42144,0.002000,25586.971000,42036.635000,2,15329.075000,14039.526000,56.609766,1,1,0
_home_max_Documents_PhD_MAPF_LNS_MAPF_LNS_SAT_mapf-map_room-64-64-8_map-_home_max_Documents_PhD_MAPF_LNS_MAPF_LNS_SAT_mapf-scen-even_scen-even_room-64-64-8-even-2_scen-agents10-idx0-seed42-1783617181564,0,17,0,0,1033,9,9,22,93,11109541,47779,0.002000,34313.947000,54325.674000,2,18557.799000,17091.902000,69.535548,1,1,0
_home_max_Documents_PhD_MAPF_LNS_MAPF_LNS_SAT_mapf-map_room-64-64-8_map-_home_max_Documents_PhD_MAPF_LNS_MAPF_LNS_SAT_mapf-scen-even_scen-even_room-64-64-8-even-2_scen-agents10-idx0-seed42-1783617181564,0,17,1,1,1033,9,9,22,94,11640100,50091,0.002000,40717.388000,61765.728000,2,19404.503000,19387.041000,75.457952,1,1,0
_home_max_Documents_PhD_MAPF_LNS_MAPF_LNS_SAT_mapf-map_room-64-64-8_map-_home_max_Documents_PhD_MAPF_LNS_MAPF_LNS_SAT_mapf-scen-even_scen-even_room-64-64-8-even-2_scen-agents10-idx0-seed42-1783617181564,0,18,0,0,1127,9,9,20,95,14443109,55676,0.000000,48420.946000,77107.508000,2,26743.735000,24701.881000,90.467060,1,1,0
_home_max_Documents_PhD_MAPF_LNS_MAPF_LNS_SAT_mapf-map_room-64-64-8_map-_home_max_Documents_PhD_MAPF_LNS_MAPF_LNS_SAT_mapf-scen-even_scen-even_room-64-64-8-even-2_scen-agents10-idx0-seed42-1783617181564,0,18,1,1,1127,9,9,20,96,15084473,58177,0.002000,55287.287000,84884.677000,2,27394.888000,25458.974000,96.159749,1,1,0
_home_max_Documents_PhD_MAPF_LNS_MAPF_LNS_SAT_mapf-map_room-64-64-8_map-_home_max_Documents_PhD_MAPF_LNS_MAPF_LNS_SAT_mapf-scen-even_scen-even_room-64-64-8-even-1_scen-agents20-idx0-seed42-1783617771665,0,0,0,0,29,2,2,1,15,77,33,0.000000,0.026000,0.348000,2,0.084000,0.065000,0.008016,1,1,0
_home_max_Documents_PhD_MAPF_LNS_MAPF_LNS_SAT_mapf-map_room-64-64-8_map-_home_max_Documents_PhD_MAPF_LNS_MAPF_LNS_SAT_mapf-scen-even_scen-even_room-64-64-8-even-1_scen-agents20-idx0-seed42-1783617771665,0,0,1,1,29,2,2,1,16,107,48,0.000000,0.056000,0.280000,1,0.065000,0.055000,0.005478,0,0,1
_home_max_Documents_PhD_MAPF_LNS_MAPF_LNS_SAT_mapf-map_room-64-64-8_map-_home_max_Documents_PhD_MAPF_LNS_MAPF_LNS_SAT_mapf-scen-even_scen-even_room-64-64-8-even-1_scen-agents20-idx0-seed42-1783617771665,0,0,0,0,9,2,2,13,15,11,6,0.000000,0.005000,0.216000,2,0.023000,0.015000,0.000749,1,1,0
_home_max_Documents_PhD_MAPF_LNS_MAPF_LNS_SAT_mapf-map_room-64-64-8_map-_home_max_Documents_PhD_MAPF_LNS_MAPF_LNS_SAT_mapf-scen-even_scen-even_room-64-64-8-even-1_scen-agents20-idx0-seed42-1783617771665,0,0,1,1,9,3,3,13,16,22,11,0.000000,0.007000,0.223000,2,0.028000,0.019000,0.001292,1,1,0
_home_max_Documents_PhD_MAPF_LNS_MAPF_LNS_SAT_mapf-map_room-64-64-8_map-_home_max_Documents_PhD_MAPF_LNS_MAPF_LNS_SAT_mapf-scen-even_scen-even_room-64-64-8-even-1_scen-agents20-idx0-seed42-1783617771665,0,0,2,2,9,4,4,13,18,78,31,0.000000,0.029000,0.318000,3,0.074000,0.054000,0.005292,1,1,0
_home_max_Documents_PhD_MAPF_LNS_MAPF_LNS_SAT_mapf-map_room-64-64-8_map-_home_max_Documents_PhD_MAPF_LNS_MAPF_LNS_SAT_mapf-scen-even_scen-even_room-64-64-8-even-1_scen-agents20-idx0-seed42-1783617771665,0,0,3,3,9,6,6,13,21,226,67,0.000000,0.073000,0.575000,2,0.133000,0.118000,0.007257,1,1,0
_home_max_Documents_PhD_MAPF_LNS_MAPF_LNS_SAT_mapf-map_room-64-64-8_map-_home_max_Documents_PhD_MAPF_LNS_MAPF_LNS_SAT_mapf-scen-even_scen-even_room-64-64-8-even-1_scen-agents20-idx0-seed42-1783617771665,0,0,4,4,9,6,6,13,24,538,141,0.000000,0.162000,1.404000,5,0.353000,0.294000,0.050108,1,1,0
_home_max_Documents_PhD_MAPF_LNS_MAPF_LNS_SAT_mapf-map_room-64-64-8_map-_home_max_Documents_PhD_MAPF_LNS_MAPF_LNS_SAT_mapf-scen-even_scen-even_room-64-64-8-even-1_scen-agents20-idx0-seed42-1783617771665,0,0,5,5,9,7,7,13,29,1746,354,0.000000,0.421000,4.331000,30,2.798000,2.155000,1.313113,1,1,0
_home_max_Documents_PhD_MAPF_LNS_MAPF_LNS_SAT_mapf-map_room-64-64-8_map-_home_max_Documents_PhD_MAPF_LNS_MAPF_LNS_SAT_mapf-scen-even_scen-even_room-64-64-8-even-1_scen-agents20-idx0-seed42-1783617771665,0,0,6,6,9,8,8,13,35,3178,629,0.000000,0.871000,4.939000,2,2.651000,2.548000,0.087003,1,1,0
_home_max_Documents_PhD_MAPF_LNS_MAPF_LNS_SAT_mapf-map_room-64-64-8_map-_home_max_Documents_PhD_MAPF_LNS_MAPF_LNS_SAT_mapf-scen-even_scen-even_room-64-64-8-even-1_scen-agents20-idx0-seed42-1783617771665,0,0,7,7,9,8,8,13,42,5451,948,0.000000,1.288000,14.730000,38,11.330000,9.571000,5.087489,1,1,0
_home_max_Documents_PhD_MAPF_LNS_MAPF_LNS_SAT_mapf-map_room-64-64-8_map-_home_max_Documents_PhD_MAPF_LNS_MAPF_LNS_SAT_mapf-scen-even_scen-even_room-64-64-8-even-1_scen-agents20-idx0-seed42-1783617771665,0,0,8,8,9,9,9,13,50,8080,1385,0.000000,2.052000,17.401000,12,12.428000,11.634000,5.138445,1,1,0
_home_max_Documents_PhD_MAPF_LNS_MAPF_LNS_SAT_mapf-map_room-64-64-8_map-_home_max_Documents_PhD_MAPF_LNS_MAPF_LNS_SAT_mapf-scen-even_scen-even_room-64-64-8-even-1_scen-agents20-idx0-seed42-1783617771665,0,0,9,9,9,10,10,13,59,10807,1873,0.000000,3.221000,19.148000,5,12.356000,11.908000,2.958952,1,1,0
_home_max_Documents_PhD_MAPF_LNS_MAPF_LNS_SAT_mapf-map_room-64-64-8_map-_home_max_Documents_PhD_MAPF_LNS_MAPF_LNS_SAT_mapf-scen-even_scen-even_room-64-64-8-even-1_scen-agents20-idx0-seed42-1783617771665,0,0,10,10,9,12,12,13,69,13923,2504,0.000000,5.207000,14.072000,1,7.121000,7.117000,1.399937,0,0,0
_home_max_Documents_PhD_MAPF_LNS_MAPF_LNS_SAT_mapf-map_room-64-64-8_map-_home_max_Documents_PhD_MAPF_LNS_MAPF_LNS_SAT_mapf-scen-even_scen-even_room-64-64-8-even-1_scen-agents20-idx0-seed42-1783617771665,0,1,0,0,32,5,5,11,17,39,21,0.000000,0.019000,0.313000,2,0.040000,0.024000,0.000907,1,1,0
_home_max_Documents_PhD_MAPF_LNS_MAPF_LNS_SAT_mapf-map_room-64-64-8_map-_home_max_Documents_PhD_MAPF_LNS_MAPF_LNS_SAT_mapf-scen-even_scen-even_room-64-64-8-even-1_scen-agents20-idx0-seed42-1783617771665,0,1,1,1,32,5,5,11,18,63,32,0.000000,0.027000,0.501000,2,0.055000,0.039000,0.004131,1,1,0
_home_max_Documents_PhD_MAPF_LNS_MAPF_LNS_SAT_mapf-map_room-64-64-8_map-_home_max_Documents_PhD_MAPF_LNS_MAPF_LNS_SAT_mapf-scen-even_scen-even_room-64-64-8-even-1_scen-agents20-idx0-seed42-1783617771665,0,1,2,2,32,6,6,11,20,376,111,0.000000,0.127000,0.846000,2,0.201000,0.183000,0.010172,1,1,0
_home_max_Documents_PhD_MAPF_LNS_MAPF_LNS_SAT_mapf-map_room-64-64-8_map-_home_max_Documents_PhD_MAPF_LNS_MAPF_LNS_SAT_mapf-scen-even_scen-even_room-64-64-8-even-1_scen-agents20-idx0-seed42-1783617771665,0,1,3,3,32,6,6,11,23,1504,244,0.000000,0.440000,1.945000,2,0.643000,0.621000,0.026238,1,1,0
_home_max_Documents_PhD_MAPF_LNS_MAPF_LNS_SAT_mapf-map_room-64-64-8_map-_home_max_Documents_PhD_MAPF_LNS_MAPF_LNS_SAT_mapf-scen-even_scen-even_room-64-64-8-even-1_scen-agents20-idx0-seed42-1783617771665,0,1,4,4,32,7,7,11,27,4141,539,0.000000,1.173000,4.130000,2,1.622000,1.589000,0.059918,1,1,0
_home_max_Documents_PhD_MAPF_LNS_MAPF_LNS_SAT_mapf-map_room-64-64-8_map-_home_max_Documents_PhD_MAPF_LNS_MAPF_LNS_SAT_mapf-scen-even_scen-even_room-64-64-8-even-1_scen-agents20-idx0-seed42-1783617771665,0,1,5,5,32,7,7,11,32,11355,1124,0.000000,3.201000,14.025000,4,8.941000,8.770000,0.265779,1,1,0
_home_max_Documents_PhD_MAPF_LNS_MAPF_LNS_SAT_mapf-map_room-64-64-8_map-_home_max_Documents_PhD_MAPF_LNS_MAPF_LNS_SAT_mapf-scen-even_scen-even_room-64-64-8-even-1_scen-agents20-idx0-seed42-1783617771665,0,1,6,6,32,8,8,11,38,26656,2093,0.000000,8.298000,20.418000,5,11.535000,11.203000,0.692669,0,0,1
_home_max_Documents_PhD_MAPF_LNS_MAPF_LNS_SAT_mapf-map_room-64-64-8_map-_home_max_Documents_PhD_MAPF_LNS_MAPF_LNS_SAT_mapf-scen-even_scen-even_room-64-64-8-even-1_scen-agents20-idx0-seed42-1783617771665,0,0,0,0,12,6,6,37,41,56,27,0.000000,0.037000,0.468000,2,0.049000,0.030000,0.000844,1,1,0
_home_max_Documents_PhD_MAPF_LNS_MAPF_LNS_SAT_mapf-map_room-64-64-8_map-_home_max_Documents_PhD_MAPF_LNS_MAPF_LNS_SAT_mapf-scen-even_scen-even_room-64-64-8-even-1_scen-agents20-idx0-seed42-1783617771665,0,0,1,1,12,6,6,37,42,91,40,0.000000,0.048000,0.491000,2,0.072000,0.052000,0.004702,1,1,0
_home_max_Documents_PhD_MAPF_LNS_MAPF_LNS_SAT_mapf-map_room-64-64-8_map-_home_max_Documents_PhD_MAPF_LNS_MAPF_LNS_SAT_mapf-scen-even_scen-even_room-64-64-8-even-1_scen-agents20-idx0-seed42-1783617771665,0,0,2,2,12,6,6,37,44,316,91,0.000000,0.112000,0.734000,3,0.211000,0.172000,0.016377,1,1,0
_home_max_Documents_PhD_MAPF_LNS_MAPF_LNS_SAT_mapf-map_room-64-64-8_map-_home_max_Documents_PhD_MAPF_LNS_MAPF_LNS_SAT_mapf-scen-even_scen-even_room-64-64-8-even-1_scen-agents20-idx0-seed42-1783617771665,0,0,3,3,12,6,6,37,47,788,163,0.000000,0.247000,1.191000,4,0.446000,0.394000,0.045441,1,1,0
_home_max_Documents_PhD_MAPF_LNS_MAPF_LNS_SAT_mapf-map_room-64-64-8_map-_home_max_Documents_PhD_MAPF_LNS_MAPF_LNS_SAT_mapf-scen-even_scen-even_room-64-64-8-even-1_scen-agents20-idx0-seed42-1783617771665,0,0,4,4,12,6,6,37,51,1439,259,0.000000,0.439000,1.796000,7,0.844000,0.741000,0.119739,1,1,0
_home_max_Documents_PhD_MAPF_LNS_MAPF_LNS_SAT_mapf-map_room-64-64-8_map-_home_max_Documents_PhD_MAPF_LNS_MAPF_LNS_SAT_mapf-scen-even_scen-even_room-64-64-8-even-1_scen-agents20-idx0-seed42-1783617771665,0,0,5,5,12,6,6,37,56,2131,373,0.000000,0.659000,2.563000,15,1.617000,1.365000,0.451101,0,0,1
_home_max_Documents_PhD_MAPF_LNS_MAPF_LNS_SAT_mapf-map_room-64-64-8_map-_home_max_Documents_PhD_MAPF_LNS_MAPF_LNS_SAT_mapf-scen-even_scen-even_room-64-64-8-even-1_scen-agents20-idx0-seed42-1783617771665,0,0,0,0,12,3,3,43,46,21,11,0.000000,0.015000,0.376000,2,0.030000,0.018000,0.000627,1,1,0
_home_max_Documents_PhD_MAPF_LNS_MAPF_LNS_SAT_mapf-map_room-64-64-8_map-_home_max_Documents_PhD_MAPF_LNS_MAPF_LNS_SAT_mapf-scen-even_scen-even_room-64-64-8-even-1_scen-agents20-idx0-seed42-1783617771665,0,0,1,1,12,4,4,43,47,41,20,0.000000,0.021000,0.268000,2,0.042000,0.030000,0.003334,1,1,0
_home_max_Documents_PhD_MAPF_LNS_MAPF_LNS_SAT_mapf-map_room-64-64-8_map-_home_max_Documents_PhD_MAPF_LNS_MAPF_LNS_SAT_mapf-scen-even_scen-even_room-64-64-8-even-1_scen-agents20-idx0-seed42-1783617771665,0,0,2,2,12,4,4,43,49,116,45,0.000000,0.046000,0.375000,3,0.102000,0.080000,0.006513,1,1,0
_home_max_Documents_PhD_MAPF_LNS_MAPF_LNS_SAT_mapf-map_room-64-64-8_map-_home_max_Documents_PhD_MAPF_LNS_MAPF_LNS_SAT_mapf-scen-even_scen-even_room-64-64-8-even-1_scen-agents20-idx0-seed42-1783617771665,0,0,3,3,12,4,4,43,52,346,86,0.000000,0.112000,0.660000,6,0.289000,0.229000,0.056294,1,1,0
_home_max_Documents_PhD_MAPF_LNS_MAPF_LNS_SAT_mapf-map_room-64-64-8_map-_home_max_Documents_PhD_MAPF_LNS_MAPF_LNS_SAT_mapf-scen-even_scen-even_room-64-64-8-even-1_scen-agents20-idx0-seed42-1783617771665,0,0,4,4,12,5,5,43,56,679,138,0.000000,0.207000,1.385000,5,0.425000,0.373000,0.075199,1,1,0
_home_max_Documents_PhD_MAPF_LNS_MAPF_LNS_SAT_mapf-map_room-64-64-8_map-_home_max_Documents_PhD_MAPF_LNS_MAPF_LNS_SAT_mapf-scen-even_scen-even_room-64-64-8-even-1_scen-agents20-idx0-seed42-1783617771665,0,0,5,5,12,5,5,43,61,1896,358,0.000000,0.550000,2.399000,14,1.604000,1.367000,0.523983,0,0,1
_home_max_Documents_PhD_MAPF_LNS_MAPF_LNS_SAT_mapf-map_room-64-64-8_map-_home_max_Documents_PhD_MAPF_LNS_MAPF_LNS_SAT_mapf-scen-even_scen-even_room-64-64-8-even-1_scen-agents20-idx0-seed42-1783617771665,0,0,0,0,9,3,3,50,52,17,9,0.000000,0.011000,0.364000,2,0.030000,0.018000,0.000623,1,1,0
_home_max_Documents_PhD_MAPF_LNS_MAPF_LNS_SAT_mapf-map_room-64-64-8_map-_home_max_Documents_PhD_MAPF_LNS_MAPF_LNS_SAT_mapf-scen-even_scen-even_room-64-64-8-even-1_scen-agents20-idx0-seed42-1783617771665,0,0,1,1,9,3,3,50,53,33,16,0.000000,0.015000,0.376000,2,0.037000,0.027000,0.002695,1,1,0
_home_max_Documents_PhD_MAPF_LNS_MAPF_LNS_SAT_mapf-map_room-64-64-8_map-_home_max_Documents_PhD_MAPF_LNS_MAPF_LNS_SAT_mapf-scen-even_scen-even_room-64-64-8-even-1_scen-agents20-idx0-seed42-1783617771665,0,0,2,2,9,3,3,50,55,149,47,0.000000,0.050000,0.505000,3,0.115000,0.095000,0.012505,1,1,0
_home_max_Documents_PhD_MAPF_LNS_MAPF_LNS_SAT_mapf-map_room-64-64-8_map-_home_max_Documents_PhD_MAPF_LNS_MAPF_LNS_SAT_mapf-scen-even_scen-even_room-64-64-8-even-1_scen-agents20-idx0-seed42-1783617771665,0,0,3,3,9,3,3,50,58,429,101,0.000000,0.128000,0.548000,3,0.246000,0.217000,0.019931,0,0,1
_home_max_Documents_PhD_MAPF_LNS_MAPF_LNS_SAT_mapf-map_room-64-64-8_map-_home_max_Documents_PhD_MAPF_LNS_MAPF_LNS_SAT_mapf-scen-even_scen-even_room-64-64-8-even-1_scen-agents20-idx0-seed42-1783617771665,0,0,0,0,8,3,3,58,60,14,8,0.000000,0.010000,0.212000,2,0.023000,0.014000,0.000520,1,1,0
_home_max_Documents_PhD_MAPF_LNS_MAPF_LNS_SAT_mapf-map_room-64-64-8_map-_home_max_Documents_PhD_MAPF_LNS_MAPF_LNS_SAT_mapf-scen-even_scen-even_room-64-64-8-even-1_scen-agents20-idx0-seed42-1783617771665,0,0,1,1,8,3,3,58,61,23,12,0.000000,0.012000,0.211000,2,0.028000,0.019000,0.001110,1,1,0
_home_max_Documents_PhD_MAPF_LNS_MAPF_LNS_SAT_mapf-map_room-64-64-8_map-_home_max_Documents_PhD_MAPF_LNS_MAPF_LNS_SAT_mapf-scen-even_scen-even_room-64-64-8-even-1_scen-agents20-idx0-seed42-1783617771665,0,0,2,2,8,3,3,58,63,90,28,0.000000,0.032000,0.270000,3,0.084000,0.064000,0.007619,0,0,1
_home_max_Documents_PhD_MAPF_LNS_MAPF_LNS_SAT_mapf-map_room-64-64-8_map-_home_max_Documents_PhD_MAPF_LNS_MAPF_LNS_SAT_mapf-scen-even_scen-even_room-64-64-8-even-1_scen-agents20-idx0-seed42-1783617771665,0,0,0,0,8,2,2,64,66,11,6,0.000000,0.006000,0.199000,2,0.021000,0.013000,0.000448,1,1,0
_home_max_Documents_PhD_MAPF_LNS_MAPF_LNS_SAT_mapf-map_room-64-64-8_map-_home_max_Documents_PhD_MAPF_LNS_MAPF_LNS_SAT_mapf-scen-even_scen-even_room-64-64-8-even-1_scen-agents20-idx0-seed42-1783617771665,0,0,1,1,8,2,2,64,67,20,10,0.000000,0.009000,0.205000,2,0.025000,0.018000,0.001148,1,1,0
_home_max_Documents_PhD_MAPF_LNS_MAPF_LNS_SAT_mapf-map_room-64-64-8_map-_home_max_Documents_PhD_MAPF_LNS_MAPF_LNS_SAT_mapf-scen-even_scen-even_room-64-64-8-even-1_scen-agents20-idx0-seed42-1783617771665,0,0,2,2,8,2,2,64,69,87,26,0.000000,0.028000,0.260000,3,0.080000,0.062000,0.007328,0,0,1
_home_max_Documents_PhD_MAPF_LNS_MAPF_LNS_SAT_mapf-map_room-64-64-8_map-_home_max_Documents_PhD_MAPF_LNS_MAPF_LNS_SAT_mapf-scen-even_scen-even_room-64-64-8-even-1_scen-agents20-idx0-seed42-1783617771665,0,0,0,0,9,2,2,70,72,11,6,0.000000,0.007000,0.197000,2,0.020000,0.012000,0.000517,1,1,0
_home_max_Documents_PhD_MAPF_LNS_MAPF_LNS_SAT_mapf-map_room-64-64-8_map-_home_max_Documents_PhD_MAPF_LNS_MAPF_LNS_SAT_mapf-scen-even_scen-even_room-64-64-8-even-1_scen-agents20-idx0-seed42-1783617771665,0,0,1,1,9,2,2,70,73,20,10,0.000000,0.008000,0.194000,2,0.024000,0.017000,0.001133,1,1,0
_home_max_Documents_PhD_MAPF_LNS_MAPF_LNS_SAT_mapf-map_room-64-64-8_map-_home_max_Documents_PhD_MAPF_LNS_MAPF_LNS_SAT_mapf-scen-even_scen-even_room-64-64-8-even-1_scen-agents20-idx0-seed42-1783617771665,0,0,2,2,9,2,2,70,75,61,22,0.000000,0.024000,0.221000,1,0.046000,0.040000,0.003015,0,0,1
_home_max_Documents_PhD_MAPF_LNS_MAPF_LNS_SAT_mapf-map_room-64-64-8_map-_home_max_Documents_PhD_MAPF_LNS_MAPF_LNS_SAT_mapf-scen-even_scen-even_room-64-64-8-even-1_scen-agents20-idx0-seed42-1783617771665,0,0,0,0,5,2,2,77,79,11,6,0.000000,0.007000,0.187000,2,0.019000,0.012000,0.000447,1,1,0
_home_max_Documents_PhD_MAPF_LNS_MAPF_LNS_SAT_mapf-map_room-64-64-8_map-_home_max_Documents_PhD_MAPF_LNS_MAPF_LNS_SAT_mapf-scen-even_scen-even_room-64-64-8-even-1_scen-agents20-idx0-seed42-1783617771665,0,0,1,1,5,2,2,77,80,18,9,0.000000,0.009000,0.196000,2,0.024000,0.016000,0.001528,1,1,0
_home_max_Documents_PhD_MAPF_LNS_MAPF_LNS_SAT_mapf-map_room-64-64-8_map-_home_max_Documents_PhD_MAPF_LNS_MAPF_LNS_SAT_mapf-scen-even_scen-even_room-64-64-8-even-1_scen-agents20-idx0-seed42-1783617771665,0,0,2,2,5,2,2,77,82,51,19,0.000000,0.018000,0.230000,2,0.045000,0.038000,0.003912,1,1,0
_home_max_Documents_PhD_MAPF_LNS_MAPF_LNS_SAT_mapf-map_room-64-64-8_map-_home_max_Documents_PhD_MAPF_LNS_MAPF_LNS_SAT_mapf-scen-even_scen-even_room-64-64-8-even-1_scen-agents20-idx0-seed42-1783617771665,0,0,3,3,5,2,2,77,85,99,34,0.000000,0.038000,0.102000,1,0.052000,0.051000,0.000000,0,0,0
_home_max_Documents_PhD_MAPF_LNS_MAPF_LNS_SAT_mapf-map_room-64-64-8_map-_home_max_Documents_PhD_MAPF_LNS_MAPF_LNS_SAT_mapf-scen-even_scen-even_room-64-64-8-even-1_scen-agents20-idx0-seed42-1783617771665,0,1,0,0,22,2,2,75,81,43,22,0.000000,0.022000,0.217000,2,0.048000,0.032000,0.003431,0,0,1
_home_max_Documents_PhD_MAPF_LNS_MAPF_LNS_SAT_mapf-map_room-64-64-8_map-_home_max_Documents_PhD_MAPF_LNS_MAPF_LNS_SAT_mapf-scen-even_scen-even_room-64-64-8-even-1_scen-agents20-idx1-seed42-1783617771916,0,0,0,0,27,2,2,3,13,62,28,0.000000,0.023000,0.416000,2,0.088000,0.068000,0.011108,1,1,0
_home_max_Documents_PhD_MAPF_LNS_MAPF_LNS_SAT_mapf-map_room-64-64-8_map-_home_max_Documents_PhD_MAPF_LNS_MAPF_LNS_SAT_mapf-scen-even_scen-even_room-64-64-8-even-1_scen-agents20-idx1-seed42-1783617771916,0,0,1,1,27,3,3,3,14,85,40,0.000000,0.030000,0.245000,1,0.058000,0.049000,0.005898,0,0,1
_home_max_Documents_PhD_MAPF_LNS_MAPF_LNS_SAT_mapf-map_room-64-64-8_map-_home_max_Documents_PhD_MAPF_LNS_MAPF_LNS_SAT_mapf-scen-even_scen-even_room-64-64-8-even-1_scen-agents20-idx1-seed42-1783617771916,0,0,0,0,9,2,2,23,25,11,6,0.000000,0.005000,0.211000,2,0.022000,0.013000,0.000818,1,1,0
_home_max_Documents_PhD_MAPF_LNS_MAPF_LNS_SAT_mapf-map_room-64-64-8_map-_home_max_Documents_PhD_MAPF_LNS_MAPF_LNS_SAT_mapf-scen-even_scen-even_room-64-64-8-even-1_scen-agents20-idx1-seed42-1783617771916,0,0,1,1,9,2,2,23,26,20,10,0.000000,0.007000,0.212000,2,0.026000,0.018000,0.001391,1,1,0
_home_max_Documents_PhD_MAPF_LNS_MAPF_LNS_SAT_mapf-map_room-64-64-8_map-_home_max_Documents_PhD_MAPF_LNS_MAPF_LNS_SAT_mapf-scen-even_scen-even_room-64-64-8-even-1_scen-agents20-idx1-seed42-1783617771916,0,0,2,2,9,3,3,23,28,93,30,0.000000,0.030000,0.290000,2,0.065000,0.055000,0.004131,1,1,0
_home_max_Documents_PhD_MAPF_LNS_MAPF_LNS_SAT_mapf-map_room-64-64-8_map-_home_max_Documents_PhD_MAPF_LNS_MAPF_LNS_SAT_mapf-scen-even_scen-even_room-64-64-8-even-1_scen-agents20-idx1-seed42-1783617771916,0,0,3,3,9,3,3,23,31,240,60,0.000000,0.070000,0.440000,4,0.166000,0.141000,0.023277,1,1,0
_home_max_Documents_PhD_MAPF_LNS_MAPF_LNS_SAT_mapf-map_room-64-64-8_map-_home_max_Documents_PhD_MAPF_LNS_MAPF_LNS_SAT_mapf-scen-even_scen-even_room-64-64-8-even-1_scen-agents20-idx1-seed42-1783617771916,0,0,4,4,9,3,3,23,35,424,96,0.000000,0.122000,0.495000,1,0.208000,0.199000,0.011509,0,0,1
_home_max_Documents_PhD_MAPF_LNS_MAPF_LNS_SAT_mapf-map_room-64-64-8_map-_home_max_Documents_PhD_MAPF_LNS_MAPF_LNS_SAT_mapf-scen-even_scen-even_room-64-64-8-even-1_scen-agents20-idx1-seed42-1783617771916,0,0,0,0,9,3,3,26,28,17,9,0.000000,0.009000,0.357000,2,0.029000,0.018000,0.000867,1,1,0
_home_max_Documents_PhD_MAPF_LNS_MAPF_LNS_SAT_mapf-map_room-64-64-8_map-_home_max_Documents_PhD_MAPF_LNS_MAPF_LNS_SAT_mapf-scen-even_scen-even_room-64-64-8-even-1_scen-agents20-idx1-seed42-1783617771916,0,0,1,1,9,3,3,26,29,33,16,0.000000,0.013000,0.368000,2,0.037000,0.027000,0.002758,1,1,0
_home_max_Documents_PhD_MAPF_LNS_MAPF_LNS_SAT_mapf-map_room-64-64-8_map-_home_max_Documents_PhD_MAPF_LNS_MAPF_LNS_SAT_mapf-scen-even_scen-even_room-64-64-8-even-1_scen-agents20-idx1-seed42-1783617771916,0,0,2,2,9,4,4,26,31,147,48,0.000000,0.050000,0.369000,2,0.096000,0.084000,0.006318,1,1,0
_home_max_Documents_PhD_MAPF_LNS_MAPF_LNS_SAT_mapf-map_room-64-64-8_map-_home_max_Documents_PhD_MAPF_LNS_MAPF_LNS_SAT_mapf-scen-even_scen-even_room-64-64-8-even-1_scen-agents20-idx1-seed42-1783617771916,0,0,3,3,9,4,4,26,34,334,88,0.000000,0.095000,0.673000,3,0.206000,0.180000,0.022092,1,1,0
_home_max_Documents_PhD_MAPF_LNS_MAPF_LNS_SAT_mapf-map_room-64-64-8_map-_home_max_Documents_PhD_MAPF_LNS_MAPF_LNS_SAT_mapf-scen-even_scen-even_room-64-64-8-even-1_scen-agents20-idx1-seed42-1783617771916,0,0,4,4,9,4,4,26,38,724,160,0.000000,0.194000,0.965000,11,0.589000,0.465000,0.127623,0,0,1
_home_max_Documents_PhD_MAPF_LNS_MAPF_LNS_SAT_mapf-map_room-64-64-8_map-_home_max_Documents_PhD_MAPF_LNS_MAPF_LNS_SAT_mapf-scen-even_scen-even_room-64-64-8-even-1_scen-agents20-idx1-seed42-1783617771916,0,0,0,0,6,2,2,41,43,11,6,0.000000,0.006000,0.198000,2,0.023000,0.013000,0.000701,1,1,0
_home_max_Documents_PhD_MAPF_LNS_MAPF_LNS_SAT_mapf-map_room-64-64-8_map-_home_max_Documents_PhD_MAPF_LNS_MAPF_LNS_SAT_mapf-scen-even_scen-even_room-64-64-8-even-1_scen-agents20-idx1-seed42-1783617771916,0,0,1,1,6,2,2,41,44,20,10,0.000000,0.008000,0.211000,2,0.026000,0.019000,0.001220,1,1,0
_home_max_Documents_PhD_MAPF_LNS_MAPF_LNS_SAT_mapf-map_room-64-64-8_map-_home_max_Documents_PhD_MAPF_LNS_MAPF_LNS_SAT_mapf-scen-even_scen-even_room-64-64-8-even-1_scen-agents20-idx1-seed42-1783617771916,0,0,2,2,6,3,3,41,46,63,23,0.000000,0.025000,0.250000,3,0.072000,0.052000,0.008013,0,0,1
_home_max_Documents_PhD_MAPF_LNS_MAPF_LNS_SAT_mapf-map_room-64-64-8_map-_home_max_Documents_PhD_MAPF_LNS_MAPF_LNS_SAT_mapf-scen-even_scen-even_room-64-64-8-even-1_scen-agents20-idx1-seed42-1783617771916,0,0,0,0,10,4,4,68,71,29,16,0.000000,0.021000,0.232000,2,0.033000,0.022000,0.001298,1,1,0
_home_max_Documents_PhD_MAPF_LNS_MAPF_LNS_SAT_mapf-map_room-64-64-8_map-_home_max_Documents_PhD_MAPF_LNS_MAPF_LNS_SAT_mapf-scen-even_scen-even_room-64-64-8-even-1_scen-agents20-idx1-seed42-1783617771916,0,0,1,1,10,4,4,68,72,47,23,0.000000,0.028000,0.251000,2,0.044000,0.033000,0.003762,1,1,0
_home_max_Documents_PhD_MAPF_LNS_MAPF_LNS_SAT_mapf-map_room-64-64-8_map-_home_max_Documents_PhD_MAPF_LNS_MAPF_LNS_SAT_mapf-scen-even_scen-even_room-64-64-8-even-1_scen-agents20-idx1-seed42-1783617771916,0,0,2,2,10,4,4,68,74,144,44,0.000000,0.055000,0.506000,2,0.094000,0.082000,0.004744,1,1,0
_home_max_Documents_PhD_MAPF_LNS_MAPF_LNS_SAT_mapf-map_room-64-64-8_map-_home_max_Documents_PhD_MAPF_LNS_MAPF_LNS_SAT_mapf-scen-even_scen-even_room-64-64-8-even-1_scen-agents20-idx1-seed42-1783617771916,0,0,3,3,10,4,4,68,77,425,101,0.000000,0.138000,0.341000,1,0.183000,0.182000,0.000000,0,0,0
_home_max_Documents_PhD_MAPF_LNS_MAPF_LNS_SAT_mapf-map_room-64-64-8_map-_home_max_Documents_PhD_MAPF_LNS_MAPF_LNS_SAT_mapf-scen-even_scen-even_room-64-64-8-even-1_scen-agents20-idx1-seed42-1783617771916,0,1,0,0,28,4,4,66,73,79,40,0.000000,0.051000,0.317000,2,0.060000,0.044000,0.002862,1,1,0
_home_max_Documents_PhD_MAPF_LNS_MAPF_LNS_SAT_mapf-map_room-64-64-8_map-_home_max_Documents_PhD_MAPF_LNS_MAPF_LNS_SAT_mapf-scen-even_scen-even_room-64-64-8-even-1_scen-agents20-idx1-seed42-1783617771916,0,1,1,1,28,4,4,66,74,120,53,0.000000,0.062000,0.383000,2,0.078000,0.064000,0.006295,1,1,0
_home_max_Documents_PhD_MAPF_LNS_MAPF_LNS_SAT_mapf-map_room-64-64-8_map-_home_max_Documents_PhD_MAPF_LNS_MAPF_LNS_SAT_mapf-scen-even_scen-even_room-64-64-8-even-1_scen-agents20-idx1-seed42-1783617771916,0,1,2,2,28,5,5,66,76,425,102,0.000000,0.147000,0.861000,3,0.234000,0.203000,0.019274,1,1,0
_home_max_Documents_PhD_MAPF_LNS_MAPF_LNS_SAT_mapf-map_room-64-64-8_map-_home_max_Documents_PhD_MAPF_LNS_MAPF_LNS_SAT_mapf-scen-even_scen-even_room-64-64-8-even-1_scen-agents20-idx1-seed42-1783617771916,0,1,3,3,28,5,5,66,79,1778,251,0.000000,0.491000,1.404000,6,0.860000,0.785000,0.080373,0,0,0
_home_max_Documents_PhD_MAPF_LNS_MAPF_LNS_SAT_mapf-map_room-64-64-8_map-_home_max_Documents_PhD_MAPF_LNS_MAPF_LNS_SAT_mapf-scen-even_scen-even_room-64-64-8-even-1_scen-agents20-idx1-seed42-1783617771916,0,2,0,0,57,5,5,64,75,168,80,0.000000,0.105000,0.487000,2,0.106000,0.084000,0.005029,1,1,0
_home_max_Documents_PhD_MAPF_LNS_MAPF_LNS_SAT_mapf-map_room-64-64-8_map-_home_max_Documents_PhD_MAPF_LNS_MAPF_LNS_SAT_mapf-scen-even_scen-even_room-64-64-8-even-1_scen-agents20-idx1-seed42-1783617771916,0,2,1,1,57,5,5,64,76,257,104,0.000000,0.137000,0.633000,2,0.159000,0.136000,0.012287,1,1,0
_home_max_Documents_PhD_MAPF_LNS_MAPF_LNS_SAT_mapf-map_room-64-64-8_map-_home_max_Documents_PhD_MAPF_LNS_MAPF_LNS_SAT_mapf-scen-even_scen-even_room-64-64-8-even-1_scen-agents20-idx1-seed42-1783617771916,0,2,2,2,57,5,5,64,78,887,189,0.000000,0.306000,1.403000,3,0.439000,0.400000,0.032680,1,1,0
_home_max_Documents_PhD_MAPF_LNS_MAPF_LNS_SAT_mapf-map_room-64-64-8_map-_home_max_Documents_PhD_MAPF_LNS_MAPF_LNS_SAT_mapf-scen-even_scen-even_room-64-64-8-even-1_scen-agents20-idx1-seed42-1783617771916,0,2,3,3,57,5,5,64,81,4094,455,0.000000,1.231000,3.155000,7,1.865000,1.749000,0.174634,0,0,0
_home_max_Documents_PhD_MAPF_LNS_MAPF_LNS_SAT_mapf-map_room-64-64-8_map-_home_max_Documents_PhD_MAPF_LNS_MAPF_LNS_SAT_mapf-scen-even_scen-even_room-64-64-8-even-1_scen-agents20-idx1-seed42-1783617771916,0,3,0,0,89,5,5,62,77,309,135,0.000000,0.187000,0.698000,2,0.172000,0.144000,0.008273,1,1,0
_home_max_Documents_PhD_MAPF_LNS_MAPF_LNS_SAT_mapf-map_room-64-64-8_map-_home_max_Documents_PhD_MAPF_LNS_MAPF_LNS_SAT_mapf-scen-even_scen-even_room-64-64-8-even-1_scen-agents20-idx1-seed42-1783617771916,0,3,1,1,89,5,5,62,78,461,171,0.000000,0.228000,0.900000,2,0.243000,0.219000,0.017763,1,1,0
_home_max_Documents_PhD_MAPF_LNS_MAPF_LNS_SAT_mapf-map_room-64-64-8_map-_home_max_Documents_PhD_MAPF_LNS_MAPF_LNS_SAT_mapf-scen-even_scen-even_room-64-64-8-even-1_scen-agents20-idx1-seed42-1783617771916,0,3,2,2,89,5,5,62,80,1510,294,0.000000,0.520000,2.061000,3,0.688000,0.645000,0.045648,1,1,0
_home_max_Documents_PhD_MAPF_LNS_MAPF_LNS_SAT_mapf-map_room-64-64-8_map-_home_max_Documents_PhD_MAPF_LNS_MAPF_LNS_SAT_mapf-scen-even_scen-even_room-64-64-8-even-1_scen-agents20-idx1-seed42-1783617771916,0,3,3,3,89,5,5,62,83,6434,656,0.000000,1.827000,4.641000,7,2.750000,2.619000,0.226880,0,0,0
_home_max_Documents_PhD_MAPF_LNS_MAPF_LNS_SAT_mapf-map_room-64-64-8_map-_home_max_Documents_PhD_MAPF_LNS_MAPF_LNS_SAT_mapf-scen-even_scen-even_room-64-64-8-even-1_scen-agents20-idx1-seed42-1783617771916,0,4,0,0,122,6,6,60,79,418,178,0.000000,0.252000,0.872000,2,0.219000,0.187000,0.009681,1,1,0
_home_max_Documents_PhD_MAPF_LNS_MAPF_LNS_SAT_mapf-map_room-64-64-8_map-_home_max_Documents_PhD_MAPF_LNS_MAPF_LNS_SAT_mapf-scen-even_scen-even_room-64-64-8-even-1_scen-agents20-idx1-seed42-1783617771916,0,4,1,1,122,6,6,60,80,602,221,0.000000,0.322000,1.135000,2,0.304000,0.276000,0.024046,1,1,0
_home_max_Documents_PhD_MAPF_LNS_MAPF_LNS_SAT_mapf-map_room-64-64-8_map-_home_max_Documents_PhD_MAPF_LNS_MAPF_LNS_SAT_mapf-scen-even_scen-even_room-64-64-8-even-1_scen-agents20-idx1-seed42-1783617771916,0,4,2,2,122,6,6,60,82,1790,358,0.000000,0.652000,2.505000,3,0.807000,0.759000,0.053680,1,1,0
_home_max_Documents_PhD_MAPF_LNS_MAPF_LNS_SAT_mapf-map_room-64-64-8_map-_home_max_Documents_PhD_MAPF_LNS_MAPF_LNS_SAT_mapf-scen-even_scen-even_room-64-64-8-even-1_scen-agents20-idx1-seed42-1783617771916,0,4,3,3,122,6,6,60,85,7516,783,0.000000,2.299000,5.975000,7,3.540000,3.308000,0.282197,0,0,0
_home_max_Documents_PhD_MAPF_LNS_MAPF_LNS_SAT_mapf-map_room-64-64-8_map-_home_max_Documents_PhD_MAPF_LNS_MAPF_LNS_SAT_mapf-scen-even_scen-even_room-64-64-8-even-1_scen-agents20-idx1-seed42-1783617771916,0,5,0,0,157,7,7,58,81,490,212,0.000000,0.351000,1.121000,2,0.258000,0.215000,0.011702,1,1,0
_home_max_Documents_PhD_MAPF_LNS_MAPF_LNS_SAT_mapf-map_room-64-64-8_map-_home_max_Documents_PhD_MAPF_LNS_MAPF_LNS_SAT_mapf-scen-even_scen-even_room-64-64-8-even-1_scen-agents20-idx1-seed42-1783617771916,0,5,1,1,157,7,7,58,82,673,256,0.000000,0.423000,1.336000,2,0.339000,0.304000,0.024371,1,1,0
_home_max_Documents_PhD_MAPF_LNS_MAPF_LNS_SAT_mapf-map_room-64-64-8_map-_home_max_Documents_PhD_MAPF_LNS_MAPF_LNS_SAT_mapf-scen-even_scen-even_room-64-64-8-even-1_scen-agents20-idx1-seed42-1783617771916,0,5,2,2,157,7,7,58,84,1957,413,0.000000,0.775000,2.749000,3,0.895000,0.834000,0.056439,1,1,0
_home_max_Documents_PhD_MAPF_LNS_MAPF_LNS_SAT_mapf-map_room-64-64-8_map-_home_max_Documents_PhD_MAPF_LNS_MAPF_LNS_SAT_mapf-scen-even_scen-even_room-64-64-8-even-1_scen-agents20-idx1-seed42-1783617771916,0,5,3,3,157,7,7,58,87,8344,904,0.000000,2.601000,6.434000,7,3.699000,3.509000,0.299733,0,0,0
_home_max_Documents_PhD_MAPF_LNS_MAPF_LNS_SAT_mapf-map_room-64-64-8_map-_home_max_Documents_PhD_MAPF_LNS_MAPF_LNS_SAT_mapf-scen-even_scen-even_room-64-64-8-even-1_scen-agents20-idx1-seed42-1783617771916,0,6,0,0,199,8,8,56,83,572,252,0.000000,0.440000,1.266000,2,0.283000,0.239000,0.012174,1,1,0
_home_max_Documents_PhD_MAPF_LNS_MAPF_LNS_SAT_mapf-map_room-64-64-8_map-_home_max_Documents_PhD_MAPF_LNS_MAPF_LNS_SAT_mapf-scen-even_scen-even_room-64-64-8-even-1_scen-agents20-idx1-seed42-1783617771916,0,6,1,1,199,8,8,56,84,772,302,0.000000,0.529000,1.565000,2,0.392000,0.357000,0.027065,1,1,0
_home_max_Documents_PhD_MAPF_LNS_MAPF_LNS_SAT_mapf-map_room-64-64-8_map-_home_max_Documents_PhD_MAPF_LNS_MAPF_LNS_SAT_mapf-scen-even_scen-even_room-64-64-8-even-1_scen-agents20-idx1-seed42-1783617771916,0,6,2,2,199,8,8,56,86,2242,489,0.000000,0.951000,3.159000,3,1.025000,0.954000,0.067036,1,1,0
_home_max_Documents_PhD_MAPF_LNS_MAPF_LNS_SAT_mapf-map_room-64-64-8_map-_home_max_Documents_PhD_MAPF_LNS_MAPF_LNS_SAT_mapf-scen-even_scen-even_room-64-64-8-even-1_scen-agents20-idx1-seed42-1783617771916,0,6,3,3,199,8,8,56,89,9657,1073,0.000000,3.117000,7.341000,7,4.135000,3.924000,0.348230,0,0,0
_home_max_Documents_PhD_MAPF_LNS_MAPF_LNS_SAT_mapf-map_room-64-64-8_map-_home_max_Documents_PhD_MAPF_LNS_MAPF_LNS_SAT_mapf-scen-even_scen-even_room-64-64-8-even-1_scen-agents20-idx1-seed42-1783617771916,0,7,0,0,257,8,8,54,85,679,303,0.000000,0.566000,1.462000,2,0.330000,0.280000,0.014337,1,1,0
_home_max_Documents_PhD_MAPF_LNS_MAPF_LNS_SAT_mapf-map_room-64-64-8_map-_home_max_Documents_PhD_MAPF_LNS_MAPF_LNS_SAT_mapf-scen-even_scen-even_room-64-64-8-even-1_scen-agents20-idx1-seed42-1783617771916,0,7,1,1,257,8,8,54,86,902,361,0.000000,0.649000,1.836000,2,0.441000,0.399000,0.029758,1,1,0
_home_max_Documents_PhD_MAPF_LNS_MAPF_LNS_SAT_mapf-map_room-64-64-8_map-_home_max_Documents_PhD_MAPF_LNS_MAPF_LNS_SAT_mapf-scen-even_scen-even_room-64-64-8-even-1_scen-agents20-idx1-seed42-1783617771916,0,7,2,2,257,8,8,54,88,2575,576,0.000000,1.135000,3.653000,3,1.176000,1.098000,0.075898,1,1,0
_home_max_Documents_PhD_MAPF_LNS_MAPF_LNS_SAT_mapf-map_room-64-64-8_map-_home_max_Documents_PhD_MAPF_LNS_MAPF_LNS_SAT_mapf-scen-even_scen-even_room-64-64-8-even-1_scen-agents20-idx1-seed42-1783617771916,0,7,3,3,257,8,8,54,91,11380,1261,0.000000,3.707000,8.895000,7,5.082000,4.836000,0.406490,0,0,0
_home_max_Documents_PhD_MAPF_LNS_MAPF_LNS_SAT_mapf-map_room-64-64-8_map-_home_max_Documents_PhD_MAPF_LNS_MAPF_LNS_SAT_mapf-scen-even_scen-even_room-64-64-8-even-1_scen-agents20-idx1-seed42-1783617771916,0,8,0,0,330,8,8,52,87,835,371,0.000000,0.712000,1.789000,2,0.397000,0.340000,0.016684,1,1,0
_home_max_Documents_PhD_MAPF_LNS_MAPF_LNS_SAT_mapf-map_room-64-64-8_map-_home_max_Documents_PhD_MAPF_LNS_MAPF_LNS_SAT_mapf-scen-even_scen-even_room-64-64-8-even-1_scen-agents20-idx1-seed42-1783617771916,0,8,1,1,330,8,8,52,88,1111,440,0.000000,0.806000,2.208000,2,0.531000,0.481000,0.035658,1,1,0
_home_max_Documents_PhD_MAPF_LNS_MAPF_LNS_SAT_mapf-map_room-64-64-8_map-_home_max_Documents_PhD_MAPF_LNS_MAPF_LNS_SAT_mapf-scen-even_scen-even_room-64-64-8-even-1_scen-agents20-idx1-seed42-1783617771916,0,8,2,2,330,8,8,52,90,3120,686,0.000000,1.394000,4.336000,3,1.388000,1.299000,0.088845,1,1,0
_home_max_Documents_PhD_MAPF_LNS_MAPF_LNS_SAT_mapf-map_room-64-64-8_map-_home_max_Documents_PhD_MAPF_LNS_MAPF_LNS_SAT_mapf-scen-even_scen-even_room-64-64-8-even-1_scen-agents20-idx1-seed42-1783617771916,0,8,3,3,330,8,8,52,93,13874,1484,0.000000,4.656000,11.030000,7,6.214000,5.907000,0.483362,0,0,0
_home_max_Documents_PhD_MAPF_LNS_MAPF_LNS_SAT_mapf-map_room-64-64-8_map-_home_max_Documents_PhD_MAPF_LNS_MAPF_LNS_SAT_mapf-scen-even_scen-even_room-64-64-8-even-1_scen-agents20-idx1-seed42-1783617771916,0,9,0,0,416,9,9,50,89,1071,459,0.000000,0.922000,2.253000,2,0.500000,0.433000,0.020535,1,1,0
_home_max_Documents_PhD_MAPF_LNS_MAPF_LNS_SAT_mapf-map_room-64-64-8_map-_home_max_Documents_PhD_MAPF_LNS_MAPF_LNS_SAT_mapf-scen-even_scen-even_room-64-64-8-even-1_scen-agents20-idx1-seed42-1783617771916,0,9,1,1,416,9,9,50,90,1451,542,0.000000,1.098000,2.850000,2,0.662000,0.608000,0.044770,1,1,0
_home_max_Documents_PhD_MAPF_LNS_MAPF_LNS_SAT_mapf-map_room-64-64-8_map-_home_max_Documents_PhD_MAPF_LNS_MAPF_LNS_SAT_mapf-scen-even_scen-even_room-64-64-8-even-1_scen-agents20-idx1-seed42-1783617771916,0,9,2,2,416,9,9,50,92,4049,831,0.000000,1.871000,5.440000,3,1.779000,1.666000,0.120710,1,1,0
_home_max_Documents_PhD_MAPF_LNS_MAPF_LNS_SAT_mapf-map_room-64-64-8_map-_home_max_Documents_PhD_MAPF_LNS_MAPF_LNS_SAT_mapf-scen-even_scen-even_room-64-64-8-even-1_scen-agents20-idx1-seed42-1783617771916,0,9,3,3,416,9,9,50,95,16698,1735,0.000000,5.751000,13.295000,7,7.355000,7.012000,0.520558,0,0,0
_home_max_Documents_PhD_MAPF_LNS_MAPF_LNS_SAT_mapf-map_room-64-64-8_map-_home_max_Documents_PhD_MAPF_LNS_MAPF_LNS_SAT_mapf-scen-even_scen-even_room-64-64-8-even-1_scen-agents20-idx1-seed42-1783617771916,0,10,0,0,502,9,9,48,91,1359,558,0.000000,1.258000,2.825000,2,0.636000,0.555000,0.026396,1,1,0
_home_max_Documents_PhD_MAPF_LNS_MAPF_LNS_SAT_mapf-map_room-64-64-8_map-_home_max_Documents_PhD_MAPF_LNS_MAPF_LNS_SAT_mapf-scen-even_scen-even_room-64-64-8-even-1_scen-agents20-idx1-seed42-1783617771916,0,10,1,1,502,9,9,48,92,1872,659,0.000000,1.430000,3.471000,2,0.844000,0.775000,0.051815,1,1,0
_home_max_Documents_PhD_MAPF_LNS_MAPF_LNS_SAT_mapf-map_room-64-64-8_map-_home_max_Documents_PhD_MAPF_LNS_MAPF_LNS_SAT_mapf-scen-even_scen-even_room-64-64-8-even-1_scen-agents20-idx1-seed42-1783617771916,0,10,2,2,502,9,9,48,94,4795,975,0.000000,2.291000,6.494000,3,2.171000,2.043000,0.127101,1,1,0
_home_max_Documents_PhD_MAPF_LNS_MAPF_LNS_SAT_mapf-map_room-64-64-8_map-_home_max_Documents_PhD_MAPF_LNS_MAPF_LNS_SAT_mapf-scen-even_scen-even_room-64-64-8-even-1_scen-agents20-idx1-seed42-1783617771916,0,10,3,3,502,9,9,48,97,18891,1977,0.000000,6.668000,15.020000,7,8.147000,7.722000,0.589433,0,0,0
_home_max_Documents_PhD_MAPF_LNS_MAPF_LNS_SAT_mapf-map_room-64-64-8_map-_home_max_Documents_PhD_MAPF_LNS_MAPF_LNS_SAT_mapf-scen-even_scen-even_room-64-64-8-even-1_scen-agents20-idx1-seed42-1783617771916,0,11,0,0,583,10,10,46,93,1568,641,0.000000,1.645000,3.511000,2,0.745000,0.643000,0.031569,1,1,0
_home_max_Documents_PhD_MAPF_LNS_MAPF_LNS_SAT_mapf-map_room-64-64-8_map-_home_max_Documents_PhD_MAPF_LNS_MAPF_LNS_SAT_mapf-scen-even_scen-even_room-64-64-8-even-1_scen-agents20-idx1-seed42-1783617771916,0,11,1,1,583,10,10,46,94,2103,747,0.000000,1.800000,4.094000,2,0.945000,0.873000,0.060153,1,1,0
_home_max_Documents_PhD_MAPF_LNS_MAPF_LNS_SAT_mapf-map_room-64-64-8_map-_home_max_Documents_PhD_MAPF_LNS_MAPF_LNS_SAT_mapf-scen-even_scen-even_room-64-64-8-even-1_scen-agents20-idx1-seed42-1783617771916,0,11,2,2,583,10,10,46,96,5223,1081,0.000000,2.833000,7.450000,3,2.342000,2.182000,0.140135,1,1,0
_home_max_Documents_PhD_MAPF_LNS_MAPF_LNS_SAT_mapf-map_room-64-64-8_map-_home_max_Documents_PhD_MAPF_LNS_MAPF_LNS_SAT_mapf-scen-even_scen-even_room-64-64-8-even-1_scen-agents20-idx1-seed42-1783617771916,0,11,3,3,583,10,10,46,99,20779,2170,0.000000,7.705000,17.238000,7,9.366000,8.885000,0.647434,0,0,0
_home_max_Documents_PhD_MAPF_LNS_MAPF_LNS_SAT_mapf-map_room-64-64-8_map-_home_max_Documents_PhD_MAPF_LNS_MAPF_LNS_SAT_mapf-scen-even_scen-even_room-64-64-8-even-1_scen-agents20-idx1-seed42-1783617771916,0,12,0,0,673,10,10,44,95,1788,735,0.000000,2.090000,4.489000,2,0.819000,0.715000,0.033561,1,1,0
_home_max_Documents_PhD_MAPF_LNS_MAPF_LNS_SAT_mapf-map_room-64-64-8_map-_home_max_Documents_PhD_MAPF_LNS_MAPF_LNS_SAT_mapf-scen-even_scen-even_room-64-64-8-even-1_scen-agents20-idx1-seed42-1783617771916,0,12,1,1,673,10,10,44,96,2416,861,0.000000,2.337000,4.965000,2,1.090000,1.010000,0.069502,1,1,0
_home_max_Documents_PhD_MAPF_LNS_MAPF_LNS_SAT_mapf-map_room-64-64-8_map-_home_max_Documents_PhD_MAPF_LNS_MAPF_LNS_SAT_mapf-scen-even_scen-even_room-64-64-8-even-1_scen-agents20-idx1-seed42-1783617771916,0,12,2,2,673,10,10,44,98,5883,1226,0.000000,3.310000,8.772000,3,2.594000,2.417000,0.162948,1,1,0
_home_max_Documents_PhD_MAPF_LNS_MAPF_LNS_SAT_mapf-map_room-64-64-8_map-_home_max_Documents_PhD_MAPF_LNS_MAPF_LNS_SAT_mapf-scen-even_scen-even_room-64-64-8-even-1_scen-agents20-idx1-seed42-1783617771916,0,12,3,3,673,10,10,44,101,23019,2433,0.001000,9.572000,21.187000,7,10.600000,10.009000,0.779585,1,0,0
_home_max_Documents_PhD_MAPF_LNS_MAPF_LNS_SAT_mapf-map_room-64-64-8_map-_home_max_Documents_PhD_MAPF_LNS_MAPF_LNS_SAT_mapf-scen-even_scen-even_room-64-64-8-even-1_scen-agents20-idx1-seed42-1783617771916,0,13,0,0,772,12,12,42,97,752674,11202,0.000000,442.611000,1624.326000,2,1166.809000,1157.614000,5.612515,1,1,0
_home_max_Documents_PhD_MAPF_LNS_MAPF_LNS_SAT_mapf-map_room-64-64-8_map-_home_max_Documents_PhD_MAPF_LNS_MAPF_LNS_SAT_mapf-scen-even_scen-even_room-64-64-8-even-1_scen-agents20-idx1-seed42-1783617771916,0,13,1,1,772,12,12,42,98,838877,12022,0.005000,518.284000,1798.104000,2,1257.635000,1255.953000,6.645003,1,1,0
_home_max_Documents_PhD_MAPF_LNS_MAPF_LNS_SAT_mapf-map_room-64-64-8_map-_home_max_Documents_PhD_MAPF_LNS_MAPF_LNS_SAT_mapf-scen-even_scen-even_room-64-64-8-even-1_scen-agents20-idx1-seed42-1783617771916,0,13,2,2,772,12,12,42,100,1032446,13864,0.002000,636.716000,2174.212000,3,1510.531000,1507.722000,9.768412,1,1,0
_home_max_Documents_PhD_MAPF_LNS_MAPF_LNS_SAT_mapf-map_room-64-64-8_map-_home_max_Documents_PhD_MAPF_LNS_MAPF_LNS_SAT_mapf-scen-even_scen-even_room-64-64-8-even-1_scen-agents20-idx1-seed42-1783617771916,0,13,3,3,772,12,12,42,103,1395928,17485,0.003000,881.408000,2934.019000,7,2030.798000,2025.892000,25.472378,1,1,0
_home_max_Documents_PhD_MAPF_LNS_MAPF_LNS_SAT_mapf-map_room-64-64-8_map-_home_max_Documents_PhD_MAPF_LNS_MAPF_LNS_SAT_mapf-scen-even_scen-even_room-64-64-8-even-1_scen-agents20-idx1-seed42-1783617771916,0,14,0,0,876,14,14,40,99,1887498,21639,0.001000,1198.946000,4413.858000,2,3188.725000,3168.190000,13.070983,1,1,0
_home_max_Documents_PhD_MAPF_LNS_MAPF_LNS_SAT_mapf-map_room-64-64-8_map-_home_max_Documents_PhD_MAPF_LNS_MAPF_LNS_SAT_mapf-scen-even_scen-even_room-64-64-8-even-1_scen-agents20-idx1-seed42-1783617771916,0,14,1,1,876,14,14,40,100,2056946,22943,0.005000,1497.154000,4877.367000,2,3334.853000,3330.983000,14.919506,1,1,0
_home_max_Documents_PhD_MAPF_LNS_MAPF_LNS_SAT_mapf-map_room-64-64-8_map-_home_max_Documents_PhD_MAPF_LNS_MAPF_LNS_SAT_mapf-scen-even_scen-even_room-64-64-8-even-1_scen-agents20-idx1-seed42-1783617771916,0,14,2,2,876,14,14,40,102,2423284,25779,0.004000,1935.059000,5947.371000,3,3956.845000,3950.494000,20.308203,1,1,0
_home_max_Documents_PhD_MAPF_LNS_MAPF_LNS_SAT_mapf-map_room-64-64-8_map-_home_max_Documents_PhD_MAPF_LNS_MAPF_LNS_SAT_mapf-scen-even_scen-even_room-64-64-8-even-1_scen-agents20-idx1-seed42-1783617771916,0,14,3,3,876,14,14,40,105,3075308,31036,0.003000,2735.002000,8492.627000,6,5359.610000,4934.592000,49.649181,1,0,0
_home_max_Documents_PhD_MAPF_LNS_MAPF_LNS_SAT_mapf-map_room-64-64-8_map-_home_max_Documents_PhD_MAPF_LNS_MAPF_LNS_SAT_mapf-scen-even_scen-even_room-64-64-8-even-1_scen-agents20-idx1-seed42-1783617771916,0,15,0,0,983,14,14,38,101,3100043,28764,0.001000,2393.289000,8041.788000,2,5230.703000,4829.917000,20.801481,1,1,0
_home_max_Documents_PhD_MAPF_LNS_MAPF_LNS_SAT_mapf-map_room-64-64-8_map-_home_max_Documents_PhD_MAPF_LNS_MAPF_LNS_SAT_mapf-scen-even_scen-even_room-64-64-8-even-1_scen-agents20-idx1-seed42-1783617771916,0,15,1,1,983,14,14,38,102,3358560,30353,0.002000,2911.703000,9081.585000,2,5704.078000,5209.659000,23.876384,1,1,0
_home_max_Documents_PhD_MAPF_LNS_MAPF_LNS_SAT_mapf-map_room-64-64-8_map-_home_max_Documents_PhD_MAPF_LNS_MAPF_LNS_SAT_mapf-scen-even_scen-even_room-64-64-8-even-1_scen-agents20-idx1-seed42-1783617771916,0,15,2,2,983,14,14,38,104,3921461,33878,0.003000,3844.420000,10707.542000,3,6333.916000,5869.361000,30.597671,1,1,0
_home_max_Documents_PhD_MAPF_LNS_MAPF_LNS_SAT_mapf-map_room-64-64-8_map-_home_max_Documents_PhD_MAPF_LNS_MAPF_LNS_SAT_mapf-scen-even_scen-even_room-64-64-8-even-1_scen-agents20-idx1-seed42-1783617771916,0,15,3,3,983,14,14,38,107,4916527,40103,0.003000,5974.532000,14625.483000,6,8027.108000,7425.741000,77.479962,0,0,0
_home_max_Documents_PhD_MAPF_LNS_MAPF_LNS_SAT_mapf-map_room-64-64-8_map-_home_max_Documents_PhD_MAPF_LNS_MAPF_LNS_SAT_mapf-scen-even_scen-even_room-64-64-8-even-1_scen-agents20-idx1-seed42-1783617771916,0,16,0,0,1080,14,14,36,103,5233824,44059,0.001000,5759.952000,14907.507000,2,8485.627000,7814.032000,35.177854,1,1,0
_home_max_Documents_PhD_MAPF_LNS_MAPF_LNS_SAT_mapf-map_room-64-64-8_map-_home_max_Documents_PhD_MAPF_LNS_MAPF_LNS_SAT_mapf-scen-even_scen-even_room-64-64-8-even-1_scen-agents20-idx1-seed42-1783617771916,0,16,1,1,1080,14,14,36,104,5691926,46567,0.003000,7633.074000,17514.977000,2,9128.220000,8436.136000,39.769705,1,1,0
_home_max_Documents_PhD_MAPF_LNS_MAPF_LNS_SAT_mapf-map_room-64-64-8_map-_home_max_Documents_PhD_MAPF_LNS_MAPF_LNS_SAT_mapf-scen-even_scen-even_room-64-64-8-even-1_scen-agents20-idx1-seed42-1783617771916,0,16,2,2,1080,14,14,36,106,6694355,52012,0.003000,10140.212000,23078.859000,3,11966.400000,11090.703000,51.540744,1,1,0
_home_max_Documents_PhD_MAPF_LNS_MAPF_LNS_SAT_mapf-map_room-64-64-8_map-_home_max_Documents_PhD_MAPF_LNS_MAPF_LNS_SAT_mapf-scen-even_scen-even_room-64-64-8-even-1_scen-agents20-idx1-seed42-1783617771916,0,16,3,3,1080,14,14,36,109,8458831,61257,0.003000,16844.537000,32619.212000,6,14626.028000,13534.563000,131.326438,1,1,0
_home_max_Documents_PhD_MAPF_LNS_MAPF_LNS_SAT_mapf-map_room-64-64-8_map-_home_max_Documents_PhD_MAPF_LNS_MAPF_LNS_SAT_mapf-scen-even_scen-even_room-64-64-8-even-1_scen-agents20-idx1-seed42-1783617771916,0,17,0,0,1176,14,14,34,105,10142991,69113,0.001000,15604.931000,34356.650000,2,17396.925000,16046.648000,66.677606,1,1,0
_home_max_Documents_PhD_MAPF_LNS_MAPF_LNS_SAT_mapf-map_room-64-64-8_map-_home_max_Documents_PhD_MAPF_LNS_MAPF_LNS_SAT_mapf-scen-even_scen-even_room-64-64-8-even-1_scen-agents20-idx1-seed42-1783617771916,0,17,1,1,1176,14,14,34,106,10916974,72668,0.003000,20048.116000,40072.527000,2,18436.799000,17017.846000,72.857257,1,1,0
_home_max_Documents_PhD_MAPF_LNS_MAPF_LNS_SAT_mapf-map_room-64-64-8_map-_home_max_Documents_PhD_MAPF_LNS_MAPF_LNS_SAT_mapf-scen-even_scen-even_room-64-64-8-even-1_scen-agents20-idx1-seed42-1783617771916,0,17,2,2,1176,14,14,34,108,12575130,80090,0.003000,27006.074000,53079.736000,3,24172.049000,22408.560000,91.720588,1,1,0
_home_max_Documents_PhD_MAPF_LNS_MAPF_LNS_SAT_mapf-map_room-64-64-8_map-_home_max_Documents_PhD_MAPF_LNS_MAPF_LNS_SAT_mapf-scen-even_scen-even_room-64-64-8-even-1_scen-agents20-idx1-seed42-1783617771916,0,17,3,3,1176,14,14,34,111,15401245,92262,0.004000,39909.281000,70381.612000,6,28344.680000,26276.754000,234.427310,1,1,0
_home_max_Documents_PhD_MAPF_LNS_MAPF_LNS_SAT_mapf-map_room-64-64-8_map-_home_max_Documents_PhD_MAPF_LNS_MAPF_LNS_SAT_mapf-scen-even_scen-even_room-64-64-8-even-1_scen-agents50-idx0-seed42-1783618371016,0,0,0,0,13,2,2,0,6,36,16,0.001000,0.016000,0.597000,2,0.095000,0.079000,0.009290,1,1,0
_home_max_Documents_PhD_MAPF_LNS_MAPF_LNS_SAT_mapf-map_room-64-64-8_map-_home_max_Documents_PhD_MAPF_LNS_MAPF_LNS_SAT_mapf-scen-even_scen-even_room-64-64-8-even-1_scen-agents50-idx0-seed42-1783618371016,0,0,1,1,13,2,2,0,7,50,23,0.000000,0.035000,0.468000,1,0.042000,0.034000,0.004714,0,0,1
_home_max_Documents_PhD_MAPF_LNS_MAPF_LNS_SAT_mapf-map_room-64-64-8_map-_home_max_Documents_PhD_MAPF_LNS_MAPF_LNS_SAT_mapf-scen-even_scen-even_room-64-64-8-even-1_scen-agents50-idx0-seed42-1783618371016,0,0,0,0,29,3,3,1,15,86,38,0.000000,0.029000,0.517000,2,0.057000,0.038000,0.001639,1,1,0
_home_max_Documents_PhD_MAPF_LNS_MAPF_LNS_SAT_mapf-map_room-64-64-8_map-_home_max_Documents_PhD_MAPF_LNS_MAPF_LNS_SAT_mapf-scen-even_scen-even_room-64-64-8-even-1_scen-agents50-idx0-seed42-1783618371016,0,0,1,1,29,3,3,1,16,116,53,0.000000,0.040000,0.500000,1,0.074000,0.062000,0.005539,0,0,1
_home_max_Documents_PhD_MAPF_LNS_MAPF_LNS_SAT_mapf-map_room-64-64-8_map-_home_max_Documents_PhD_MAPF_LNS_MAPF_LNS_SAT_mapf-scen-even_scen-even_room-64-64-8-even-1_scen-agents50-idx0-seed42-1783618371016,0,0,0,0,5,2,2,3,5,11,6,0.000000,0.005000,0.430000,2,0.020000,0.012000,0.000642,1,1,0
_home_max_Documents_PhD_MAPF_LNS_MAPF_LNS_SAT_mapf-map_room-64-64-8_map-_home_max_Documents_PhD_MAPF_LNS_MAPF_LNS_SAT_mapf-scen-even_scen-even_room-64-64-8-even-1_scen-agents50-idx0-seed42-1783618371016,0,0,1,1,5,2,2,3,6,17,9,0.000000,0.005000,0.410000,1,0.022000,0.016000,0.001445,0,0,1
_home_max_Documents_PhD_MAPF_LNS_MAPF_LNS_SAT_mapf-map_room-64-64-8_map-_home_max_Documents_PhD_MAPF_LNS_MAPF_LNS_SAT_mapf-scen-even_scen-even_room-64-64-8-even-1_scen-agents50-idx0-seed42-1783618371016,0,0,0,0,21,5,5,5,13,83,41,0.000000,0.035000,0.543000,2,0.064000,0.046000,0.002971,1,1,0
_home_max_Documents_PhD_MAPF_LNS_MAPF_LNS_SAT_mapf-map_room-64-64-8_map-_home_max_Documents_PhD_MAPF_LNS_MAPF_LNS_SAT_mapf-scen-even_scen-even_room-64-64-8-even-1_scen-agents50-idx0-seed42-1783618371016,0,0,1,1,21,5,5,5,14,103,51,0.000000,0.041000,0.514000,1,0.069000,0.058000,0.005995,0,0,1
_home_max_Documents_PhD_MAPF_LNS_MAPF_LNS_SAT_mapf-map_room-64-64-8_map-_home_max_Documents_PhD_MAPF_LNS_MAPF_LNS_SAT_mapf-scen-even_scen-even_room-64-64-8-even-1_scen-agents50-idx0-seed42-1783618371016,0,0,0,0,5,2,2,5,7,11,6,0.000000,0.004000,0.433000,2,0.023000,0.014000,0.001109,1,1,0
_home_max_Documents_PhD_MAPF_LNS_MAPF_LNS_SAT_mapf-map_room-64-64-8_map-_home_max_Documents_PhD_MAPF_LNS_MAPF_LNS_SAT_mapf-scen-even_scen-even_room-64-64-8-even-1_scen-agents50-idx0-seed42-1783618371016,0,0,1,1,5,2,2,5,8,18,9,0.000000,0.006000,0.439000,2,0.025000,0.017000,0.001270,1,1,0
_home_max_Documents_PhD_MAPF_LNS_MAPF_LNS_SAT_mapf-map_room-64-64-8_map-_home_max_Documents_PhD_MAPF_LNS_MAPF_LNS_SAT_mapf-scen-even_scen-even_room-64-64-8-even-1_scen-agents50-idx0-seed42-1783618371016,0,0,2,2,5,3,3,5,10,53,20,0.000000,0.018000,0.476000,2,0.047000,0.038000,0.003968,1,1,0
_home_max_Documents_PhD_MAPF_LNS_MAPF_LNS_SAT_mapf-map_room-64-64-8_map-_home_max_Documents_PhD_MAPF_LNS_MAPF_LNS_SAT_mapf-scen-even_scen-even_room-64-64-8-even-1_scen-agents50-idx0-seed42-1783618371016,0,0,3,3,5,3,3,5,13,105,37,0.000000,0.033000,0.101000,1,0.056000,0.055000,0.000000,0,0,0
_home_max_Documents_PhD_MAPF_LNS_MAPF_LNS_SAT_mapf-map_room-64-64-8_map-_home_max_Documents_PhD_MAPF_LNS_MAPF_LNS_SAT_mapf-scen-even_scen-even_room-64-64-8-even-1_scen-agents50-idx0-seed42-1783618371016,0,1,0,0,19,3,3,3,9,38,20,0.000000,0.016000,0.483000,2,0.038000,0.026000,0.001829,1,1,0
_home_max_Documents_PhD_MAPF_LNS_MAPF_LNS_SAT_mapf-map_room-64-64-8_map-_home_max_Documents_PhD_MAPF_LNS_MAPF_LNS_SAT_mapf-scen-even_scen-even_room-64-64-8-even-1_scen-agents50-idx0-seed42-1783618371016,0,1,1,1,19,3,3,3,10,64,30,0.000000,0.022000,0.523000,2,0.053000,0.041000,0.004901,1,1,0
_home_max_Documents_PhD_MAPF_LNS_MAPF_LNS_SAT_mapf-map_room-64-64-8_map-_home_max_Documents_PhD_MAPF_LNS_MAPF_LNS_SAT_mapf-scen-even_scen-even_room-64-64-8-even-1_scen-agents50-idx0-seed42-1783618371016,0,1,2,2,19,3,3,3,12,255,66,0.000000,0.070000,0.875000,3,0.293000,0.268000,0.032176,1,1,0
_home_max_Documents_PhD_MAPF_LNS_MAPF_LNS_SAT_mapf-map_room-64-64-8_map-_home_max_Documents_PhD_MAPF_LNS_MAPF_LNS_SAT_mapf-scen-even_scen-even_room-64-64-8-even-1_scen-agents50-idx0-seed42-1783618371016,0,1,3,3,19,4,4,3,15,786,129,0.000000,0.191000,0.987000,2,0.365000,0.345000,0.021122,0,0,1
_home_max_Documents_PhD_MAPF_LNS_MAPF_LNS_SAT_mapf-map_room-64-64-8_map-_home_max_Documents_PhD_MAPF_LNS_MAPF_LNS_SAT_mapf-scen-even_scen-even_room-64-64-8-even-1_scen-agents50-idx0-seed42-1783618371016,0,0,0,0,5,2,2,7,9,11,6,0.000000,0.005000,0.427000,2,0.020000,0.012000,0.000566,1,1,0
_home_max_Documents_PhD_MAPF_LNS_MAPF_LNS_SAT_mapf-map_room-64-64-8_map-_home_max_Documents_PhD_MAPF_LNS_MAPF_LNS_SAT_mapf-scen-even_scen-even_room-64-64-8-even-1_scen-agents50-idx0-seed42-1783618371016,0,0,1,1,5,2,2,7,10,18,9,0.000000,0.006000,0.434000,2,0.026000,0.018000,0.001491,1,1,0
_home_max_Documents_PhD_MAPF_LNS_MAPF_LNS_SAT_mapf-map_room-64-64-8_map-_home_max_Documents_PhD_MAPF_LNS_MAPF_LNS_SAT_mapf-scen-even_scen-even_room-64-64-8-even-1_scen-agents50-idx0-seed42-1783618371016,0,0,2,2,5,2,2,7,12,51,19,0.000000,0.019000,0.481000,2,0.048000,0.040000,0.004028,1,1,0
_home_max_Documents_PhD_MAPF_LNS_MAPF_LNS_SAT_mapf-map_room-64-64-8_map-_home_max_Documents_PhD_MAPF_LNS_MAPF_LNS_SAT_mapf-scen-even_scen-even_room-64-64-8-even-1_scen-agents50-idx0-seed42-1783618371016,0,0,3,3,5,2,2,7,15,99,34,0.000000,0.032000,0.096000,1,0.054000,0.052000,0.000000,0,0,0
_home_max_Documents_PhD_MAPF_LNS_MAPF_LNS_SAT_mapf-map_room-64-64-8_map-_home_max_Documents_PhD_MAPF_LNS_MAPF_LNS_SAT_mapf-scen-even_scen-even_room-64-64-8-even-1_scen-agents50-idx0-seed42-1783618371016,0,1,0,0,21,2,2,5,11,31,16,0.000000,0.011000,0.449000,2,0.032000,0.022000,0.001294,1,1,0
_home_max_Documents_PhD_MAPF_LNS_MAPF_LNS_SAT_mapf-map_room-64-64-8_map-_home_max_Documents_PhD_MAPF_LNS_MAPF_LNS_SAT_mapf-scen-even_scen-even_room-64-64-8-even-1_scen-agents50-idx0-seed42-1783618371016,0,1,1,1,21,2,2,5,12,46,23,0.000000,0.017000,0.456000,2,0.050000,0.035000,0.004150,0,0,1
_home_max_Documents_PhD_MAPF_LNS_MAPF_LNS_SAT_mapf-map_room-64-64-8_map-_home_max_Documents_PhD_MAPF_LNS_MAPF_LNS_SAT_mapf-scen-even_scen-even_room-64-64-8-even-1_scen-agents50-idx0-seed42-1783618371016,0,0,0,0,4,2,2,7,9,11,6,0.000000,0.004000,0.423000,2,0.019000,0.011000,0.000479,1,1,0
_home_max_Documents_PhD_MAPF_LNS_MAPF_LNS_SAT_mapf-map_room-64-64-8_map-_home_max_Documents_PhD_MAPF_LNS_MAPF_LNS_SAT_mapf-scen-even_scen-even_room-64-64-8-even-1_scen-agents50-idx0-seed42-1783618371016,0,0,1,1,4,2,2,7,10,18,9,0.000000,0.005000,0.429000,2,0.026000,0.018000,0.001263,1,1,0
_home_max_Documents_PhD_MAPF_LNS_MAPF_LNS_SAT_mapf-map_room-64-64-8_map-_home_max_Documents_PhD_MAPF_LNS_MAPF_LNS_SAT_mapf-scen-even_scen-even_room-64-64-8-even-1_scen-agents50-idx0-seed42-1783618371016,0,0,2,2,4,2,2,7,12,41,17,0.000000,0.015000,0.470000,2,0.040000,0.033000,0.003531,1,1,0
_home_max_Documents_PhD_MAPF_LNS_MAPF_LNS_SAT_mapf-map_room-64-64-8_map-_home_max_Documents_PhD_MAPF_LNS_MAPF_LNS_SAT_mapf-scen-even_scen-even_room-64-64-8-even-1_scen-agents50-idx0-seed42-1783618371016,0,0,3,3,4,3,3,7,15,75,30,0.000000,0.026000,0.078000,1,0.041000,0.040000,0.000000,0,0,0
_home_max_Documents_PhD_MAPF_LNS_MAPF_LNS_SAT_mapf-map_room-64-64-8_map-_home_max_Documents_PhD_MAPF_LNS_MAPF_LNS_SAT_mapf-scen-even_scen-even_room-64-64-8-even-1_scen-agents50-idx0-seed42-1783618371016,0,1,0,0,15,3,3,5,11,36,19,0.000000,0.016000,0.438000,1,0.032000,0.024000,0.001636,0,0,1
_home_max_Documents_PhD_MAPF_LNS_MAPF_LNS_SAT_mapf-map_room-64-64-8_map-_home_max_Documents_PhD_MAPF_LNS_MAPF_LNS_SAT_mapf-scen-even_scen-even_room-64-64-8-even-1_scen-agents50-idx0-seed42-1783618371016,0,0,0,0,7,2,2,8,10,11,6,0.000000,0.005000,0.438000,2,0.022000,0.013000,0.000574,1,1,0
_home_max_Documents_PhD_MAPF_LNS_MAPF_LNS_SAT_mapf-map_room-64-64-8_map-_home_max_Documents_PhD_MAPF_LNS_MAPF_LNS_SAT_mapf-scen-even_scen-even_room-64-64-8-even-1_scen-agents50-idx0-seed42-1783618371016,0,0,1,1,7,2,2,8,11,20,10,0.000000,0.006000,0.450000,2,0.027000,0.019000,0.001215,1,1,0
_home_max_Documents_PhD_MAPF_LNS_MAPF_LNS_SAT_mapf-map_room-64-64-8_map-_home_max_Documents_PhD_MAPF_LNS_MAPF_LNS_SAT_mapf-scen-even_scen-even_room-64-64-8-even-1_scen-agents50-idx0-seed42-1783618371016,0,0,2,2,7,2,2,8,13,70,25,0.000000,0.022000,0.501000,3,0.066000,0.051000,0.006764,1,1,0
_home_max_Documents_PhD_MAPF_LNS_MAPF_LNS_SAT_mapf-map_room-64-64-8_map-_home_max_Documents_PhD_MAPF_LNS_MAPF_LNS_SAT_mapf-scen-even_scen-even_room-64-64-8-even-1_scen-agents50-idx0-seed42-1783618371016,0,0,3,3,7,2,2,8,16,158,46,0.000000,0.045000,0.540000,2,0.102000,0.089000,0.008143,0,0,1
_home_max_Documents_PhD_MAPF_LNS_MAPF_LNS_SAT_mapf-map_room-64-64-8_map-_home_max_Documents_PhD_MAPF_LNS_MAPF_LNS_SAT_mapf-scen-even_scen-even_room-64-64-8-even-1_scen-agents50-idx0-seed42-1783618371016,0,0,0,0,12,4,4,13,17,36,18,0.000000,0.015000,0.863000,2,0.044000,0.027000,0.001323,1,1,0
_home_max_Documents_PhD_MAPF_LNS_MAPF_LNS_SAT_mapf-map_room-64-64-8_map-_home_max_Documents_PhD_MAPF_LNS_MAPF_LNS_SAT_mapf-scen-even_scen-even_room-64-64-8-even-1_scen-agents50-idx0-seed42-1783618371016,0,0,1,1,12,5,5,13,18,64,30,0.000000,0.027000,1.275000,2,0.061000,0.046000,0.004452,1,1,0
_home_max_Documents_PhD_MAPF_LNS_MAPF_LNS_SAT_mapf-map_room-64-64-8_map-_home_max_Documents_PhD_MAPF_LNS_MAPF_LNS_SAT_mapf-scen-even_scen-even_room-64-64-8-even-1_scen-agents50-idx0-seed42-1783618371016,0,0,2,2,12,6,6,13,20,335,101,0.000000,0.106000,1.515000,2,0.183000,0.166000,0.010840,1,1,0
_home_max_Documents_PhD_MAPF_LNS_MAPF_LNS_SAT_mapf-map_room-64-64-8_map-_home_max_Documents_PhD_MAPF_LNS_MAPF_LNS_SAT_mapf-scen-even_scen-even_room-64-64-8-even-1_scen-agents50-idx0-seed42-1783618371016,0,0,3,3,12,7,7,13,23,866,194,0.000000,0.234000,2.358000,2,0.407000,0.381000,0.020684,1,1,0
_home_max_Documents_PhD_MAPF_LNS_MAPF_LNS_SAT_mapf-map_room-64-64-8_map-_home_max_Documents_PhD_MAPF_LNS_MAPF_LNS_SAT_mapf-scen-even_scen-even_room-64-64-8-even-1_scen-agents50-idx0-seed42-1783618371016,0,0,4,4,12,8,8,13,27,1941,381,0.000000,0.537000,4.136000,2,0.881000,0.817000,0.049076,1,1,0
_home_max_Documents_PhD_MAPF_LNS_MAPF_LNS_SAT_mapf-map_room-64-64-8_map-_home_max_Documents_PhD_MAPF_LNS_MAPF_LNS_SAT_mapf-scen-even_scen-even_room-64-64-8-even-1_scen-agents50-idx0-seed42-1783618371016,0,0,5,5,12,10,10,13,32,4110,738,0.000000,1.234000,8.399000,2,3.330000,3.202000,0.085053,1,1,0
_home_max_Documents_PhD_MAPF_LNS_MAPF_LNS_SAT_mapf-map_room-64-64-8_map-_home_max_Documents_PhD_MAPF_LNS_MAPF_LNS_SAT_mapf-scen-even_scen-even_room-64-64-8-even-1_scen-agents50-idx0-seed42-1783618371016,0,0,6,6,12,12,12,13,38,7906,1319,0.000000,2.398000,13.082000,2,6.440000,6.303000,0.172685,1,1,0
_home_max_Documents_PhD_MAPF_LNS_MAPF_LNS_SAT_mapf-map_room-64-64-8_map-_home_max_Documents_PhD_MAPF_LNS_MAPF_LNS_SAT_mapf-scen-even_scen-even_room-64-64-8-even-1_scen-agents50-idx0-seed42-1783618371016,0,0,7,7,12,15,15,13,45,12645,2009,0.001000,6.017000,28.178000,2,15.033000,14.589000,0.368284,1,1,0
_home_max_Documents_PhD_MAPF_LNS_MAPF_LNS_SAT_mapf-map_room-64-64-8_map-_home_max_Documents_PhD_MAPF_LNS_MAPF_LNS_SAT_mapf-scen-even_scen-even_room-64-64-8-even-1_scen-agents50-idx0-seed42-1783618371016,0,0,8,8,12,15,15,13,53,23156,3047,0.001000,6.873000,69.256000,43,52.220000,44.490000,24.969470,1,1,0
_home_max_Documents_PhD_MAPF_LNS_MAPF_LNS_SAT_mapf-map_room-64-64-8_map-_home_max_Documents_PhD_MAPF_LNS_MAPF_LNS_SAT_mapf-scen-even_scen-even_room-64-64-8-even-1_scen-agents50-idx0-seed42-1783618371016,0,0,9,9,12,22,22,13,62,32457,4463,0.002000,13.797000,57.022000,2,28.536000,27.920000,0.729100,1,1,0
_home_max_Documents_PhD_MAPF_LNS_MAPF_LNS_SAT_mapf-map_room-64-64-8_map-_home_max_Documents_PhD_MAPF_LNS_MAPF_LNS_SAT_mapf-scen-even_scen-even_room-64-64-8-even-1_scen-agents50-idx0-seed42-1783618371016,0,0,10,10,12,25,25,13,72,44529,6227,0.001000,22.778000,79.986000,2,42.146000,40.755000,1.141846,1,1,0
_home_max_Documents_PhD_MAPF_LNS_MAPF_LNS_SAT_mapf-map_room-64-64-8_map-_home_max_Documents_PhD_MAPF_LNS_MAPF_LNS_SAT_mapf-scen-even_scen-even_room-64-64-8-even-1_scen-agents50-idx0-seed42-1783618371016,0,1,0,0,38,7,7,11,19,90,46,0.000000,0.049000,1.434000,2,0.074000,0.048000,0.003822,1,1,0
_home_max_Documents_PhD_MAPF_LNS_MAPF_LNS_SAT_mapf-map_room-64-64-8_map-_home_max_Documents_PhD_MAPF_LNS_MAPF_LNS_SAT_mapf-scen-even_scen-even_room-64-64-8-even-1_scen-agents50-idx0-seed42-1783618371016,0,1,1,1,38,7,7,11,20,158,73,0.000000,0.069000,1.909000,2,0.109000,0.083000,0.011699,1,1,0
_home_max_Documents_PhD_MAPF_LNS_MAPF_LNS_SAT_mapf-map_room-64-64-8_map-_home_max_Documents_PhD_MAPF_LNS_MAPF_LNS_SAT_mapf-scen-even_scen-even_room-64-64-8-even-1_scen-agents50-idx0-seed42-1783618371016,0,1,2,2,38,7,7,11,22,863,231,0.000000,0.281000,2.239000,2,0.424000,0.398000,0.021653,1,1,0
_home_max_Documents_PhD_MAPF_LNS_MAPF_LNS_SAT_mapf-map_room-64-64-8_map-_home_max_Documents_PhD_MAPF_LNS_MAPF_LNS_SAT_mapf-scen-even_scen-even_room-64-64-8-even-1_scen-agents50-idx0-seed42-1783618371016,0,1,3,3,38,8,8,11,25,3625,495,0.000000,1.013000,4.401000,2,1.463000,1.425000,0.055412,1,1,0
_home_max_Documents_PhD_MAPF_LNS_MAPF_LNS_SAT_mapf-map_room-64-64-8_map-_home_max_Documents_PhD_MAPF_LNS_MAPF_LNS_SAT_mapf-scen-even_scen-even_room-64-64-8-even-1_scen-agents50-idx0-seed42-1783618371016,0,1,4,4,38,10,10,11,29,9070,957,0.000000,2.746000,10.393000,2,3.567000,3.497000,0.120520,1,1,0
_home_max_Documents_PhD_MAPF_LNS_MAPF_LNS_SAT_mapf-map_room-64-64-8_map-_home_max_Documents_PhD_MAPF_LNS_MAPF_LNS_SAT_mapf-scen-even_scen-even_room-64-64-8-even-1_scen-agents50-idx0-seed42-1783618371016,0,1,5,5,38,11,11,11,34,26394,2106,0.000000,9.825000,22.128000,5,11.224000,10.789000,0.757455,0,0,1
_home_max_Documents_PhD_MAPF_LNS_MAPF_LNS_SAT_mapf-map_room-64-64-8_map-_home_max_Documents_PhD_MAPF_LNS_MAPF_LNS_SAT_mapf-scen-even_scen-even_room-64-64-8-even-1_scen-agents50-idx0-seed42-1783618371016,0,0,0,0,9,2,2,17,19,11,6,0.000000,0.006000,0.522000,2,0.024000,0.014000,0.000960,1,1,0
_home_max_Documents_PhD_MAPF_LNS_MAPF_LNS_SAT_mapf-map_room-64-64-8_map-_home_max_Documents_PhD_MAPF_LNS_MAPF_LNS_SAT_mapf-scen-even_scen-even_room-64-64-8-even-1_scen-agents50-idx0-seed42-1783618371016,0,0,1,1,9,3,3,17,20,21,11,0.000000,0.009000,0.484000,2,0.029000,0.020000,0.001441,1,1,0
_home_max_Documents_PhD_MAPF_LNS_MAPF_LNS_SAT_mapf-map_room-64-64-8_map-_home_max_Documents_PhD_MAPF_LNS_MAPF_LNS_SAT_mapf-scen-even_scen-even_room-64-64-8-even-1_scen-agents50-idx0-seed42-1783618371016,0,0,2,2,9,3,3,17,22,99,32,0.000000,0.032000,0.565000,3,0.087000,0.067000,0.008176,1,1,0
_home_max_Documents_PhD_MAPF_LNS_MAPF_LNS_SAT_mapf-map_room-64-64-8_map-_home_max_Documents_PhD_MAPF_LNS_MAPF_LNS_SAT_mapf-scen-even_scen-even_room-64-64-8-even-1_scen-agents50-idx0-seed42-1783618371016,0,0,3,3,9,3,3,17,25,244,61,0.000000,0.066000,0.726000,4,0.174000,0.144000,0.020660,1,1,0
_home_max_Documents_PhD_MAPF_LNS_MAPF_LNS_SAT_mapf-map_room-64-64-8_map-_home_max_Documents_PhD_MAPF_LNS_MAPF_LNS_SAT_mapf-scen-even_scen-even_room-64-64-8-even-1_scen-agents50-idx0-seed42-1783618371016,0,0,4,4,9,4,4,17,29,432,99,0.000000,0.117000,0.857000,2,0.214000,0.200000,0.011203,1,1,0
_home_max_Documents_PhD_MAPF_LNS_MAPF_LNS_SAT_mapf-map_room-64-64-8_map-_home_max_Documents_PhD_MAPF_LNS_MAPF_LNS_SAT_mapf-scen-even_scen-even_room-64-64-8-even-1_scen-agents50-idx0-seed42-1783618371016,0,0,5,5,9,5,5,17,34,673,149,0.000000,0.179000,1.073000,2,0.324000,0.306000,0.015930,1,1,0
_home_max_Documents_PhD_MAPF_LNS_MAPF_LNS_SAT_mapf-map_room-64-64-8_map-_home_max_Documents_PhD_MAPF_LNS_MAPF_LNS_SAT_mapf-scen-even_scen-even_room-64-64-8-even-1_scen-agents50-idx0-seed42-1783618371016,0,0,6,6,9,6,6,17,40,959,208,0.000000,0.261000,1.713000,2,0.844000,0.824000,0.020827,1,1,0
_home_max_Documents_PhD_MAPF_LNS_MAPF_LNS_SAT_mapf-map_room-64-64-8_map-_home_max_Documents_PhD_MAPF_LNS_MAPF_LNS_SAT_mapf-scen-even_scen-even_room-64-64-8-even-1_scen-agents50-idx0-seed42-1783618371016,0,0,7,7,9,6,6,17,47,1287,274,0.000000,0.365000,1.409000,1,0.574000,0.555000,0.027235,0,0,1
_home_max_Documents_PhD_MAPF_LNS_MAPF_LNS_SAT_mapf-map_room-64-64-8_map-_home_max_Documents_PhD_MAPF_LNS_MAPF_LNS_SAT_mapf-scen-even_scen-even_room-64-64-8-even-1_scen-agents50-idx0-seed42-1783618371016,0,0,0,0,9,5,5,18,22,30,16,0.000000,0.015000,0.484000,2,0.034000,0.021000,0.000594,1,1,0
_home_max_Documents_PhD_MAPF_LNS_MAPF_LNS_SAT_mapf-map_room-64-64-8_map-_home_max_Documents_PhD_MAPF_LNS_MAPF_LNS_SAT_mapf-scen-even_scen-even_room-64-64-8-even-1_scen-agents50-idx0-seed42-1783618371016,0,0,1,1,9,5,5,18,23,40,21,0.000000,0.019000,0.460000,1,0.037000,0.028000,0.002363,0,0,1
_home_max_Documents_PhD_MAPF_LNS_MAPF_LNS_SAT_mapf-map_room-64-64-8_map-_home_max_Documents_PhD_MAPF_LNS_MAPF_LNS_SAT_mapf-scen-even_scen-even_room-64-64-8-even-1_scen-agents50-idx0-seed42-1783618371016,0,0,0,0,5,2,2,21,23,11,6,0.000000,0.006000,0.441000,2,0.019000,0.011000,0.000596,1,1,0
_home_max_Documents_PhD_MAPF_LNS_MAPF_LNS_SAT_mapf-map_room-64-64-8_map-_home_max_Documents_PhD_MAPF_LNS_MAPF_LNS_SAT_mapf-scen-even_scen-even_room-64-64-8-even-1_scen-agents50-idx0-seed42-1783618371016,0,0,1,1,5,2,2,21,24,18,9,0.000000,0.007000,0.445000,2,0.026000,0.016000,0.001361,1,1,0
_home_max_Documents_PhD_MAPF_LNS_MAPF_LNS_SAT_mapf-map_room-64-64-8_map-_home_max_Documents_PhD_MAPF_LNS_MAPF_LNS_SAT_mapf-scen-even_scen-even_room-64-64-8-even-1_scen-agents50-idx0-seed42-1783618371016,0,0,2,2,5,2,2,21,26,51,19,0.000000,0.017000,0.484000,2,0.048000,0.038000,0.003901,1,1,0
_home_max_Documents_PhD_MAPF_LNS_MAPF_LNS_SAT_mapf-map_room-64-64-8_map-_home_max_Documents_PhD_MAPF_LNS_MAPF_LNS_SAT_mapf-scen-even_scen-even_room-64-64-8-even-1_scen-agents50-idx0-seed42-1783618371016,0,0,3,3,5,2,2,21,29,99,34,0.000000,0.032000,0.098000,1,0.052000,0.051000,0.000000,0,0,0
_home_max_Documents_PhD_MAPF_LNS_MAPF_LNS_SAT_mapf-map_room-64-64-8_map-_home_max_Documents_PhD_MAPF_LNS_MAPF_LNS_SAT_mapf-scen-even_scen-even_room-64-64-8-even-1_scen-agents50-idx0-seed42-1783618371016,0,1,0,0,20,2,2,19,25,31,16,0.000000,0.014000,0.470000,2,0.030000,0.021000,0.001189,1,1,0
_home_max_Documents_PhD_MAPF_LNS_MAPF_LNS_SAT_mapf-map_room-64-64-8_map-_home_max_Documents_PhD_MAPF_LNS_MAPF_LNS_SAT_mapf-scen-even_scen-even_room-64-64-8-even-1_scen-agents50-idx0-seed42-1783618371016,0,1,1,1,20,2,2,19,26,55,25,0.000000,0.023000,0.524000,2,0.047000,0.037000,0.004481,1,1,0
_home_max_Documents_PhD_MAPF_LNS_MAPF_LNS_SAT_mapf-map_room-64-64-8_map-_home_max_Documents_PhD_MAPF_LNS_MAPF_LNS_SAT_mapf-scen-even_scen-even_room-64-64-8-even-1_scen-agents50-idx0-seed42-1783618371016,0,1,2,2,20,2,2,19,28,222,57,0.000000,0.070000,0.701000,3,0.143000,0.125000,0.012550,1,1,0
_home_max_Documents_PhD_MAPF_LNS_MAPF_LNS_SAT_mapf-map_room-64-64-8_map-_home_max_Documents_PhD_MAPF_LNS_MAPF_LNS_SAT_mapf-scen-even_scen-even_room-64-64-8-even-1_scen-agents50-idx0-seed42-1783618371016,0,1,3,3,20,2,2,19,31,793,117,0.000000,0.224000,1.028000,2,0.362000,0.346000,0.019469,0,0,1
_home_max_Documents_PhD_MAPF_LNS_MAPF_LNS_SAT_mapf-map_room-64-64-8_map-_home_max_Documents_PhD_MAPF_LNS_MAPF_LNS_SAT_mapf-scen-even_scen-even_room-64-64-8-even-1_scen-agents50-idx0-seed42-1783618371016,0,0,0,0,4,2,2,22,24,11,6,0.000000,0.005000,0.449000,2,0.020000,0.012000,0.000523,1,1,0
_home_max_Documents_PhD_MAPF_LNS_MAPF_LNS_SAT_mapf-map_room-64-64-8_map-_home_max_Documents_PhD_MAPF_LNS_MAPF_LNS_SAT_mapf-scen-even_scen-even_room-64-64-8-even-1_scen-agents50-idx0-seed42-1783618371016,0,0,1,1,4,2,2,22,25,18,9,0.000000,0.007000,0.444000,2,0.026000,0.018000,0.001614,1,1,0
_home_max_Documents_PhD_MAPF_LNS_MAPF_LNS_SAT_mapf-map_room-64-64-8_map-_home_max_Documents_PhD_MAPF_LNS_MAPF_LNS_SAT_mapf-scen-even_scen-even_room-64-64-8-even-1_scen-agents50-idx0-seed42-1783618371016,0,0,2,2,4,2,2,22,27,41,17,0.000000,0.015000,0.480000,2,0.044000,0.033000,0.003694,1,1,0
_home_max_Documents_PhD_MAPF_LNS_MAPF_LNS_SAT_mapf-map_room-64-64-8_map-_home_max_Documents_PhD_MAPF_LNS_MAPF_LNS_SAT_mapf-scen-even_scen-even_room-64-64-8-even-1_scen-agents50-idx0-seed42-1783618371016,0,0,3,3,4,2,2,22,30,74,29,0.000000,0.026000,0.077000,1,0.041000,0.040000,0.000000,0,0,0
_home_max_Documents_PhD_MAPF_LNS_MAPF_LNS_SAT_mapf-map_room-64-64-8_map-_home_max_Documents_PhD_MAPF_LNS_MAPF_LNS_SAT_mapf-scen-even_scen-even_room-64-64-8-even-1_scen-agents50-idx0-seed42-1783618371016,0,1,0,0,14,2,2,20,26,31,16,0.000000,0.013000,0.470000,2,0.034000,0.021000,0.001180,1,1,0
_home_max_Documents_PhD_MAPF_LNS_MAPF_LNS_SAT_mapf-map_room-64-64-8_map-_home_max_Documents_PhD_MAPF_LNS_MAPF_LNS_SAT_mapf-scen-even_scen-even_room-64-64-8-even-1_scen-agents50-idx0-seed42-1783618371016,0,1,1,1,14,2,2,20,27,46,23,0.000000,0.019000,0.492000,2,0.041000,0.031000,0.003968,1,1,0
_home_max_Documents_PhD_MAPF_LNS_MAPF_LNS_SAT_mapf-map_room-64-64-8_map-_home_max_Documents_PhD_MAPF_LNS_MAPF_LNS_SAT_mapf-scen-even_scen-even_room-64-64-8-even-1_scen-agents50-idx0-seed42-1783618371016,0,1,2,2,14,2,2,20,29,130,45,0.000000,0.045000,0.617000,3,0.100000,0.082000,0.010086,1,1,0
_home_max_Documents_PhD_MAPF_LNS_MAPF_LNS_SAT_mapf-map_room-64-64-8_map-_home_max_Documents_PhD_MAPF_LNS_MAPF_LNS_SAT_mapf-scen-even_scen-even_room-64-64-8-even-1_scen-agents50-idx0-seed42-1783618371016,0,1,3,3,14,2,2,20,32,398,85,0.000000,0.115000,0.755000,2,0.220000,0.202000,0.020207,0,0,1
_home_max_Documents_PhD_MAPF_LNS_MAPF_LNS_SAT_mapf-map_room-64-64-8_map-_home_max_Documents_PhD_MAPF_LNS_MAPF_LNS_SAT_mapf-scen-even_scen-even_room-64-64-8-even-1_scen-agents50-idx0-seed42-1783618371016,0,0,0,0,8,3,3,24,26,12,7,0.000000,0.007000,0.595000,2,0.022000,0.013000,0.000784,1,1,0
_home_max_Documents_PhD_MAPF_LNS_MAPF_LNS_SAT_mapf-map_room-64-64-8_map-_home_max_Documents_PhD_MAPF_LNS_MAPF_LNS_SAT_mapf-scen-even_scen-even_room-64-64-8-even-1_scen-agents50-idx0-seed42-1783618371016,0,0,1,1,8,3,3,24,27,21,11,0.000000,0.009000,0.466000,2,0.031000,0.021000,0.001574,1,1,0
_home_max_Documents_PhD_MAPF_LNS_MAPF_LNS_SAT_mapf-map_room-64-64-8_map-_home_max_Documents_PhD_MAPF_LNS_MAPF_LNS_SAT_mapf-scen-even_scen-even_room-64-64-8-even-1_scen-agents50-idx0-seed42-1783618371016,0,0,2,2,8,3,3,24,29,88,27,0.000000,0.029000,0.522000,2,0.075000,0.060000,0.005430,0,0,1
_home_max_Documents_PhD_MAPF_LNS_MAPF_LNS_SAT_mapf-map_room-64-64-8_map-_home_max_Documents_PhD_MAPF_LNS_MAPF_LNS_SAT_mapf-scen-even_scen-even_room-64-64-8-even-1_scen-agents50-idx0-seed42-1783618371016,0,0,0,0,5,2,2,29,31,11,6,0.000000,0.006000,0.449000,2,0.019000,0.012000,0.000606,1,1,0
_home_max_Documents_PhD_MAPF_LNS_MAPF_LNS_SAT_mapf-map_room-64-64-8_map-_home_max_Documents_PhD_MAPF_LNS_MAPF_LNS_SAT_mapf-scen-even_scen-even_room-64-64-8-even-1_scen-agents50-idx0-seed42-1783618371016,0,0,1,1,5,2,2,29,32,18,9,0.000000,0.007000,0.466000,2,0.025000,0.017000,0.001811,1,1,0
_home_max_Documents_PhD_MAPF_LNS_MAPF_LNS_SAT_mapf-map_room-64-64-8_map-_home_max_Documents_PhD_MAPF_LNS_MAPF_LNS_SAT_mapf-scen-even_scen-even_room-64-64-8-even-1_scen-agents50-idx0-seed42-1783618371016,0,0,2,2,5,2,2,29,34,51,19,0.000000,0.019000,0.500000,2,0.046000,0.038000,0.003828,1,1,0
_home_max_Documents_PhD_MAPF_LNS_MAPF_LNS_SAT_mapf-map_room-64-64-8_map-_home_max_Documents_PhD_MAPF_LNS_MAPF_LNS_SAT_mapf-scen-even_scen-even_room-64-64-8-even-1_scen-agents50-idx0-seed42-1783618371016,0,0,3,3,5,4,4,29,37,103,37,0.000000,0.040000,0.106000,1,0.055000,0.054000,0.000000,0,0,0
_home_max_Documents_PhD_MAPF_LNS_MAPF_LNS_SAT_mapf-map_room-64-64-8_map-_home_max_Documents_PhD_MAPF_LNS_MAPF_LNS_SAT_mapf-scen-even_scen-even_room-64-64-8-even-1_scen-agents50-idx0-seed42-1783618371016,0,1,0,0,19,2,2,27,33,32,17,0.000000,0.014000,0.458000,1,0.031000,0.024000,0.001582,0,0,1
_home_max_Documents_PhD_MAPF_LNS_MAPF_LNS_SAT_mapf-map_room-64-64-8_map-_home_max_Documents_PhD_MAPF_LNS_MAPF_LNS_SAT_mapf-scen-even_scen-even_room-64-64-8-even-1_scen-agents50-idx0-seed42-1783618371016,0,0,0,0,9,5,5,31,34,24,13,0.000000,0.014000,1.338000,2,0.028000,0.016000,0.000557,1,1,0
_home_max_Documents_PhD_MAPF_LNS_MAPF_LNS_SAT_mapf-map_room-64-64-8_map-_home_max_Documents_PhD_MAPF_LNS_MAPF_LNS_SAT_mapf-scen-even_scen-even_room-64-64-8-even-1_scen-agents50-idx0-seed42-1783618371016,0,0,1,1,9,7,7,31,35,47,24,0.000000,0.027000,0.936000,2,0.050000,0.037000,0.004164,1,1,0
_home_max_Documents_PhD_MAPF_LNS_MAPF_LNS_SAT_mapf-map_room-64-64-8_map-_home_max_Documents_PhD_MAPF_LNS_MAPF_LNS_SAT_mapf-scen-even_scen-even_room-64-64-8-even-1_scen-agents50-idx0-seed42-1783618371016,0,0,2,2,9,11,11,31,37,159,60,0.000000,0.086000,2.617000,2,0.110000,0.087000,0.005452,1,1,0
_home_max_Documents_PhD_MAPF_LNS_MAPF_LNS_SAT_mapf-map_room-64-64-8_map-_home_max_Documents_PhD_MAPF_LNS_MAPF_LNS_SAT_mapf-scen-even_scen-even_room-64-64-8-even-1_scen-agents50-idx0-seed42-1783618371016,0,0,3,3,9,12,12,31,40,631,173,0.000000,0.279000,4.432000,2,0.352000,0.296000,0.020710,1,1,0
_home_max_Documents_PhD_MAPF_LNS_MAPF_LNS_SAT_mapf-map_room-64-64-8_map-_home_max_Documents_PhD_MAPF_LNS_MAPF_LNS_SAT_mapf-scen-even_scen-even_room-64-64-8-even-1_scen-agents50-idx0-seed42-1783618371016,0,0,4,4,9,12,12,31,44,2029,463,0.000000,0.744000,5.824000,2,1.001000,0.883000,0.058598,1,1,0
_home_max_Documents_PhD_MAPF_LNS_MAPF_LNS_SAT_mapf-map_room-64-64-8_map-_home_max_Documents_PhD_MAPF_LNS_MAPF_LNS_SAT_mapf-scen-even_scen-even_room-64-64-8-even-1_scen-agents50-idx0-seed42-1783618371016,0,0,5,5,9,14,14,31,49,4302,871,0.000000,1.727000,8.254000,2,1.977000,1.750000,0.103783,1,1,0
_home_max_Documents_PhD_MAPF_LNS_MAPF_LNS_SAT_mapf-map_room-64-64-8_map-_home_max_Documents_PhD_MAPF_LNS_MAPF_LNS_SAT_mapf-scen-even_scen-even_room-64-64-8-even-1_scen-agents50-idx0-seed42-1783618371016,0,0,6,6,9,16,16,31,55,7079,1373,0.001000,2.803000,11.052000,2,3.189000,2.959000,0.184370,1,1,0
_home_max_Documents_PhD_MAPF_LNS_MAPF_LNS_SAT_mapf-map_room-64-64-8_map-_home_max_Documents_PhD_MAPF_LNS_MAPF_LNS_SAT_mapf-scen-even_scen-even_room-64-64-8-even-1_scen-agents50-idx0-seed42-1783618371016,0,0,7,7,9,19,19,31,62,10327,1947,0.001000,4.634000,14.976000,2,4.615000,4.317000,0.253342,1,1,0
_home_max_Documents_PhD_MAPF_LNS_MAPF_LNS_SAT_mapf-map_room-64-64-8_map-_home_max_Documents_PhD_MAPF_LNS_MAPF_LNS_SAT_mapf-scen-even_scen-even_room-64-64-8-even-1_scen-agents50-idx0-seed42-1783618371016,0,0,8,8,9,22,22,31,70,14168,2612,0.001000,7.382000,27.392000,2,12.033000,11.601000,0.334368,1,1,0
_home_max_Documents_PhD_MAPF_LNS_MAPF_LNS_SAT_mapf-map_room-64-64-8_map-_home_max_Documents_PhD_MAPF_LNS_MAPF_LNS_SAT_mapf-scen-even_scen-even_room-64-64-8-even-1_scen-agents50-idx0-seed42-1783618371016,0,0,9,9,9,23,23,31,79,18971,3580,0.001000,11.439000,20.188000,1,7.085000,7.079000,0.000000,0,0,0
_home_max_Documents_PhD_MAPF_LNS_MAPF_LNS_SAT_mapf-map_room-64-64-8_map-_home_max_Documents_PhD_MAPF_LNS_MAPF_LNS_SAT_mapf-scen-even_scen-even_room-64-64-8-even-1_scen-agents50-idx0-seed42-1783618371016,0,1,0,0,49,19,16,29,39,1365,337,0.001000,0.639000,4.522000,2,0.661000,0.587000,0.028227,1,1,0
_home_max_Documents_PhD_MAPF_LNS_MAPF_LNS_SAT_mapf-map_room-64-64-8_map-_home_max_Documents_PhD_MAPF_LNS_MAPF_LNS_SAT_mapf-scen-even_scen-even_room-64-64-8-even-1_scen-agents50-idx0-seed42-1783618371016,0,1,1,1,49,19,16,29,40,2155,458,0.001000,0.945000,5.325000,2,0.966000,0.905000,0.047631,1,1,0
_home_max_Documents_PhD_MAPF_LNS_MAPF_LNS_SAT_mapf-map_room-64-64-8_map-_home_max_Documents_PhD_MAPF_LNS_MAPF_LNS_SAT_mapf-scen-even_scen-even_room-64-64-8-even-1_scen-agents50-idx0-seed42-1783618371016,0,1,2,2,49,19,16,29,42,5227,814,0.001000,2.045000,8.715000,2,2.245000,2.174000,0.082634,1,1,0
_home_max_Documents_PhD_MAPF_LNS_MAPF_LNS_SAT_mapf-map_room-64-64-8_map-_home_max_Documents_PhD_MAPF_LNS_MAPF_LNS_SAT_mapf-scen-even_scen-even_room-64-64-8-even-1_scen-agents50-idx0-seed42-1783618371016,0,1,3,3,49,19,16,29,45,15714,1568,0.001000,6.346000,18.552000,2,6.152000,6.041000,0.186162,1,1,0
_home_max_Documents_PhD_MAPF_LNS_MAPF_LNS_SAT_mapf-map_room-64-64-8_map-_home_max_Documents_PhD_MAPF_LNS_MAPF_LNS_SAT_mapf-scen-even_scen-even_room-64-64-8-even-1_scen-agents50-idx0-seed42-1783618371016,0,1,4,4,49,22,19,29,49,40627,2966,0.001000,20.561000,44.568000,2,16.252000,15.968000,0.419983,1,1,0
_home_max_Documents_PhD_MAPF_LNS_MAPF_LNS_SAT_mapf-map_room-64-64-8_map-_home_max_Documents_PhD_MAPF_LNS_MAPF_LNS_SAT_mapf-scen-even_scen-even_room-64-64-8-even-1_scen-agents50-idx0-seed42-1783618371016,0,1,5,5,49,23,20,29,54,86615,4987,0.001000,53.376000,100.510000,2,36.433000,36.070000,0.799669,1,1,0
_home_max_Documents_PhD_MAPF_LNS_MAPF_LNS_SAT_mapf-map_room-64-64-8_map-_home_max_Documents_PhD_MAPF_LNS_MAPF_LNS_SAT_mapf-scen-even_scen-even_room-64-64-8-even-1_scen-agents50-idx0-seed42-1783618371016,0,1,6,6,49,27,24,29,60,152907,7661,0.003000,102.493000,190.556000,2,74.217000,73.514000,1.466946,1,1,0
_home_max_Documents_PhD_MAPF_LNS_MAPF_LNS_SAT_mapf-map_room-64-64-8_map-_home_max_Documents_PhD_MAPF_LNS_MAPF_LNS_SAT_mapf-scen-even_scen-even_room-64-64-8-even-1_scen-agents50-idx0-seed42-1783618371016,0,1,7,7,49,30,27,29,67,226587,10750,0.002000,188.477000,459.388000,2,250.130000,249.004000,2.166085,1,1,0
_home_max_Documents_PhD_MAPF_LNS_MAPF_LNS_SAT_mapf-map_room-64-64-8_map-_home_max_Documents_PhD_MAPF_LNS_MAPF_LNS_SAT_mapf-scen-even_scen-even_room-64-64-8-even-1_scen-agents50-idx0-seed42-1783618371016,0,1,8,8,49,30,27,29,75,317952,14888,0.004000,297.830000,474.554000,1,170.829000,170.823000,0.000000,0,0,0
_home_max_Documents_PhD_MAPF_LNS_MAPF_LNS_SAT_mapf-map_room-64-64-8_map-_home_max_Documents_PhD_MAPF_LNS_MAPF_LNS_SAT_mapf-scen-even_scen-even_room-64-64-8-even-1_scen-agents50-idx0-seed42-1783618371016,0,2,0,0,85,18,17,27,41,4356,768,0.001000,1.856000,8.345000,2,1.965000,1.787000,0.077465,1,1,0
_home_max_Documents_PhD_MAPF_LNS_MAPF_LNS_SAT_mapf-map_room-64-64-8_map-_home_max_Documents_PhD_MAPF_LNS_MAPF_LNS_SAT_mapf-scen-even_scen-even_room-64-64-8-even-1_scen-agents50-idx0-seed42-1783618371016,0,2,1,1,85,18,17,27,42,7512,1048,0.007000,3.067000,11.753000,2,3.197000,3.073000,0.131603,1,1,0
_home_max_Documents_PhD_MAPF_LNS_MAPF_LNS_SAT_mapf-map_room-64-64-8_map-_home_max_Documents_PhD_MAPF_LNS_MAPF_LNS_SAT_mapf-scen-even_scen-even_room-64-64-8-even-1_scen-agents50-idx0-seed42-1783618371016,0,2,2,2,85,19,18,27,44,19714,1886,0.001000,9.573000,24.269000,2,7.774000,7.615000,0.236026,1,1,0
_home_max_Documents_PhD_MAPF_LNS_MAPF_LNS_SAT_mapf-map_room-64-64-8_map-_home_max_Documents_PhD_MAPF_LNS_MAPF_LNS_SAT_mapf-scen-even_scen-even_room-64-64-8-even-1_scen-agents50-idx0-seed42-1783618371016,0,2,3,3,85,21,20,27,47,54899,3503,0.002000,36.046000,83.654000,46,45.644000,40.913000,19.281890,0,0,1
_home_max_Documents_PhD_MAPF_LNS_MAPF_LNS_SAT_mapf-map_room-64-64-8_map-_home_max_Documents_PhD_MAPF_LNS_MAPF_LNS_SAT_mapf-scen-even_scen-even_room-64-64-8-even-1_scen-agents50-idx0-seed42-1783618371016,0,0,0,0,12,5,5,41,44,33,18,0.000000,0.024000,0.652000,2,0.045000,0.031000,0.002369,1,1,0
_home_max_Documents_PhD_MAPF_LNS_MAPF_LNS_SAT_mapf-map_room-64-64-8_map-_home_max_Documents_PhD_MAPF_LNS_MAPF_LNS_SAT_mapf-scen-even_scen-even_room-64-64-8-even-1_scen-agents50-idx0-seed42-1783618371016,0,0,1,1,12,5,5,41,45,44,23,0.000000,0.027000,0.548000,2,0.042000,0.031000,0.003455,1,1,0
_home_max_Documents_PhD_MAPF_LNS_MAPF_LNS_SAT_mapf-map_room-64-64-8_map-_home_max_Documents_PhD_MAPF_LNS_MAPF_LNS_SAT_mapf-scen-even_scen-even_room-64-64-8-even-1_scen-agents50-idx0-seed42-1783618371016,0,0,2,2,12,5,5,41,47,123,42,0.000000,0.053000,0.616000,3,0.112000,0.085000,0.014004,0,0,1
_home_max_Documents_PhD_MAPF_LNS_MAPF_LNS_SAT_mapf-map_room-64-64-8_map-_home_max_Documents_PhD_MAPF_LNS_MAPF_LNS_SAT_mapf-scen-even_scen-even_room-64-64-8-even-1_scen-agents50-idx0-seed42-1783618371016,0,0,0,0,5,2,2,42,44,25,10,0.000000,0.010000,0.494000,2,0.040000,0.026000,0.002381,0,0,1
_home_max_Documents_PhD_MAPF_LNS_MAPF_LNS_SAT_mapf-map_room-64-64-8_map-_home_max_Documents_PhD_MAPF_LNS_MAPF_LNS_SAT_mapf-scen-even_scen-even_room-64-64-8-even-1_scen-agents50-idx0-seed42-1783618371016,0,0,0,0,9,4,4,43,45,13,8,0.000000,0.010000,0.498000,2,0.022000,0.013000,0.000691,1,1,0
_home_max_Documents_PhD_MAPF_LNS_MAPF_LNS_SAT_mapf-map_room-64-64-8_map-_home_max_Documents_PhD_MAPF_LNS_MAPF_LNS_SAT_mapf-scen-even_scen-even_room-64-64-8-even-1_scen-agents50-idx0-seed42-1783618371016,0,0,1,1,9,4,4,43,46,24,13,0.000000,0.014000,0.511000,2,0.028000,0.019000,0.001190,1,1,0
_home_max_Documents_PhD_MAPF_LNS_MAPF_LNS_SAT_mapf-map_room-64-64-8_map-_home_max_Documents_PhD_MAPF_LNS_MAPF_LNS_SAT_mapf-scen-even_scen-even_room-64-64-8-even-1_scen-agents50-idx0-seed42-1783618371016,0,0,2,2,9,5,5,43,48,74,28,0.000000,0.033000,0.593000,3,0.071000,0.051000,0.004435,1,1,0
_home_max_Documents_PhD_MAPF_LNS_MAPF_LNS_SAT_mapf-map_room-64-64-8_map-_home_max_Documents_PhD_MAPF_LNS_MAPF_LNS_SAT_mapf-scen-even_scen-even_room-64-64-8-even-1_scen-agents50-idx0-seed42-1783618371016,0,0,3,3,9,6,6,43,51,224,60,0.000000,0.081000,1.126000,2,0.133000,0.119000,0.010401,1,1,0
_home_max_Documents_PhD_MAPF_LNS_MAPF_LNS_SAT_mapf-map_room-64-64-8_map-_home_max_Documents_PhD_MAPF_LNS_MAPF_LNS_SAT_mapf-scen-even_scen-even_room-64-64-8-even-1_scen-agents50-idx0-seed42-1783618371016,0,0,4,4,9,7,7,43,55,551,133,0.000000,0.195000,1.490000,2,0.288000,0.267000,0.026729,1,1,0
_home_max_Documents_PhD_MAPF_LNS_MAPF_LNS_SAT_mapf-map_room-64-64-8_map-_home_max_Documents_PhD_MAPF_LNS_MAPF_LNS_SAT_mapf-scen-even_scen-even_room-64-64-8-even-1_scen-agents50-idx0-seed42-1783618371016,0,0,5,5,9,8,8,43,60,1022,229,0.000000,0.386000,0.865000,1,0.429000,0.428000,0.000000,0,0,0
_home_max_Documents_PhD_MAPF_LNS_MAPF_LNS_SAT_mapf-map_room-64-64-8_map-_home_max_Documents_PhD_MAPF_LNS_MAPF_LNS_SAT_mapf-scen-even_scen-even_room-64-64-8-even-1_scen-agents50-idx0-seed42-1783618371016,0,1,0,0,43,7,7,41,50,125,61,0.000000,0.087000,1.953000,2,0.081000,0.058000,0.003145,1,1,0
_home_max_Documents_PhD_MAPF_LNS_MAPF_LNS_SAT_mapf-map_room-64-64-8_map-_home_max_Documents_PhD_MAPF_LNS_MAPF_LNS_SAT_mapf-scen-even_scen-even_room-64-64-8-even-1_scen-agents50-idx0-seed42-1783618371016,0,1,1,1,43,7,7,41,51,213,97,0.000000,0.127000,2.547000,2,0.130000,0.107000,0.012540,1,1,0
_home_max_Documents_PhD_MAPF_LNS_MAPF_LNS_SAT_mapf-map_room-64-64-8_map-_home_max_Documents_PhD_MAPF_LNS_MAPF_LNS_SAT_mapf-scen-even_scen-even_room-64-64-8-even-1_scen-agents50-idx0-seed42-1783618371016,0,1,2,2,43,7,7,41,53,1228,301,0.000000,0.456000,4.133000,2,0.615000,0.584000,0.049075,1,1,0
_home_max_Documents_PhD_MAPF_LNS_MAPF_LNS_SAT_mapf-map_room-64-64-8_map-_home_max_Documents_PhD_MAPF_LNS_MAPF_LNS_SAT_mapf-scen-even_scen-even_room-64-64-8-even-1_scen-agents50-idx0-seed42-1783618371016,0,1,3,3,43,9,8,41,56,5982,764,0.000000,2.074000,6.915000,2,2.520000,2.467000,0.140443,1,1,0
_home_max_Documents_PhD_MAPF_LNS_MAPF_LNS_SAT_mapf-map_room-64-64-8_map-_home_max_Documents_PhD_MAPF_LNS_MAPF_LNS_SAT_mapf-scen-even_scen-even_room-64-64-8-even-1_scen-agents50-idx0-seed42-1783618371016,0,1,4,4,43,10,9,41,60,14501,1333,0.000000,6.081000,13.467000,10,6.736000,6.412000,0.936111,0,0,1
_home_max_Documents_PhD_MAPF_LNS_MAPF_LNS_SAT_mapf-map_room-64-64-8_map-_home_max_Documents_PhD_MAPF_LNS_MAPF_LNS_SAT_mapf-scen-even_scen-even_room-64-64-8-even-1_scen-agents50-idx0-seed42-1783618371016,0,0,0,0,8,2,2,44,46,11,6,0.000000,0.007000,0.531000,2,0.024000,0.014000,0.001211,1,1,0
_home_max_Documents_PhD_MAPF_LNS_MAPF_LNS_SAT_mapf-map_room-64-64-8_map-_home_max_Documents_PhD_MAPF_LNS_MAPF_LNS_SAT_mapf-scen-even_scen-even_room-64-64-8-even-1_scen-agents50-idx0-seed42-1783618371016,0,0,1,1,8,2,2,44,47,20,10,0.000000,0.008000,0.493000,2,0.027000,0.018000,0.001621,1,1,0
_home_max_Documents_PhD_MAPF_LNS_MAPF_LNS_SAT_mapf-map_room-64-64-8_map-_home_max_Documents_PhD_MAPF_LNS_MAPF_LNS_SAT_mapf-scen-even_scen-even_room-64-64-8-even-1_scen-agents50-idx0-seed42-1783618371016,0,0,2,2,8,3,3,44,49,80,27,0.000000,0.029000,0.566000,3,0.082000,0.061000,0.008371,0,0,1
_home_max_Documents_PhD_MAPF_LNS_MAPF_LNS_SAT_mapf-map_room-64-64-8_map-_home_max_Documents_PhD_MAPF_LNS_MAPF_LNS_SAT_mapf-scen-even_scen-even_room-64-64-8-even-1_scen-agents50-idx0-seed42-1783618371016,0,0,0,0,11,7,7,47,51,51,27,0.000000,0.040000,0.617000,2,0.049000,0.032000,0.001687,1,1,0
_home_max_Documents_PhD_MAPF_LNS_MAPF_LNS_SAT_mapf-map_room-64-64-8_map-_home_max_Documents_PhD_MAPF_LNS_MAPF_LNS_SAT_mapf-scen-even_scen-even_room-64-64-8-even-1_scen-agents50-idx0-seed42-1783618371016,0,0,1,1,11,7,7,47,52,67,33,0.000000,0.047000,0.609000,2,0.056000,0.040000,0.003565,1,1,0
_home_max_Documents_PhD_MAPF_LNS_MAPF_LNS_SAT_mapf-map_room-64-64-8_map-_home_max_Documents_PhD_MAPF_LNS_MAPF_LNS_SAT_mapf-scen-even_scen-even_room-64-64-8-even-1_scen-agents50-idx0-seed42-1783618371016,0,0,2,2,11,7,7,47,54,174,56,0.000000,0.077000,1.110000,2,0.111000,0.093000,0.008242,1,1,0
_home_max_Documents_PhD_MAPF_LNS_MAPF_LNS_SAT_mapf-map_room-64-64-8_map-_home_max_Documents_PhD_MAPF_LNS_MAPF_LNS_SAT_mapf-scen-even_scen-even_room-64-64-8-even-1_scen-agents50-idx0-seed42-1783618371016,0,0,3,3,11,8,8,47,57,503,118,0.000000,0.194000,0.458000,1,0.229000,0.227000,0.000000,0,0,0
_home_max_Documents_PhD_MAPF_LNS_MAPF_LNS_SAT_mapf-map_room-64-64-8_map-_home_max_Documents_PhD_MAPF_LNS_MAPF_LNS_SAT_mapf-scen-even_scen-even_room-64-64-8-even-1_scen-agents50-idx0-seed42-1783618371016,0,1,0,0,35,8,8,45,53,185,89,0.000000,0.118000,0.751000,3,0.166000,0.110000,0.016725,0,0,1
_home_max_Documents_PhD_MAPF_LNS_MAPF_LNS_SAT_mapf-map_room-64-64-8_map-_home_max_Documents_PhD_MAPF_LNS_MAPF_LNS_SAT_mapf-scen-even_scen-even_room-64-64-8-even-1_scen-agents50-idx0-seed42-1783618371016,0,0,0,0,5,2,2,47,49,24,10,0.000000,0.010000,0.480000,1,0.028000,0.022000,0.001536,0,0,1
_home_max_Documents_PhD_MAPF_LNS_MAPF_LNS_SAT_mapf-map_room-64-64-8_map-_home_max_Documents_PhD_MAPF_LNS_MAPF_LNS_SAT_mapf-scen-even_scen-even_room-64-64-8-even-1_scen-agents50-idx0-seed42-1783618371016,0,0,0,0,5,2,2,52,54,11,6,0.000000,0.006000,0.500000,2,0.019000,0.011000,0.000546,1,1,0
_home_max_Documents_PhD_MAPF_LNS_MAPF_LNS_SAT_mapf-map_room-64-64-8_map-_home_max_Documents_PhD_MAPF_LNS_MAPF_LNS_SAT_mapf-scen-even_scen-even_room-64-64-8-even-1_scen-agents50-idx0-seed42-1783618371016,0,0,1,1,5,2,2,52,55,18,9,0.000000,0.008000,0.481000,2,0.026000,0.017000,0.001510,1,1,0
_home_max_Documents_PhD_MAPF_LNS_MAPF_LNS_SAT_mapf-map_room-64-64-8_map-_home_max_Documents_PhD_MAPF_LNS_MAPF_LNS_SAT_mapf-scen-even_scen-even_room-64-64-8-even-1_scen-agents50-idx0-seed42-1783618371016,0,0,2,2,5,2,2,52,57,51,19,0.000000,0.021000,0.539000,2,0.047000,0.039000,0.004051,1,1,0
_home_max_Documents_PhD_MAPF_LNS_MAPF_LNS_SAT_mapf-map_room-64-64-8_map-_home_max_Documents_PhD_MAPF_LNS_MAPF_LNS_SAT_mapf-scen-even_scen-even_room-64-64-8-even-1_scen-agents50-idx0-seed42-1783618371016,0,0,3,3,5,3,3,52,60,104,37,0.000000,0.042000,0.112000,1,0.057000,0.055000,0.000000,0,0,0
_home_max_Documents_PhD_MAPF_LNS_MAPF_LNS_SAT_mapf-map_room-64-64-8_map-_home_max_Documents_PhD_MAPF_LNS_MAPF_LNS_SAT_mapf-scen-even_scen-even_room-64-64-8-even-1_scen-agents50-idx0-seed42-1783618371016,0,1,0,0,27,5,5,50,59,169,66,0.000000,0.083000,0.628000,1,0.103000,0.091000,0.007469,0,0,1
_home_max_Documents_PhD_MAPF_LNS_MAPF_LNS_SAT_mapf-map_room-64-64-8_map-_home_max_Documents_PhD_MAPF_LNS_MAPF_LNS_SAT_mapf-scen-even_scen-even_room-64-64-8-even-1_scen-agents50-idx0-seed42-1783618371016,0,0,0,0,7,4,4,53,55,26,14,0.000000,0.016000,0.516000,2,0.041000,0.024000,0.002071,0,0,1
_home_max_Documents_PhD_MAPF_LNS_MAPF_LNS_SAT_mapf-map_room-64-64-8_map-_home_max_Documents_PhD_MAPF_LNS_MAPF_LNS_SAT_mapf-scen-even_scen-even_room-64-64-8-even-1_scen-agents50-idx0-seed42-1783618371016,0,0,0,0,5,3,3,53,55,12,7,0.000000,0.009000,0.512000,2,0.023000,0.013000,0.000944,1,1,0
_home_max_Documents_PhD_MAPF_LNS_MAPF_LNS_SAT_mapf-map_room-64-64-8_map-_home_max_Documents_PhD_MAPF_LNS_MAPF_LNS_SAT_mapf-scen-even_scen-even_room-64-64-8-even-1_scen-agents50-idx0-seed42-1783618371016,0,0,1,1,5,4,3,53,56,21,11,0.000000,0.013000,0.491000,2,0.029000,0.019000,0.001840,1,1,0
_home_max_Documents_PhD_MAPF_LNS_MAPF_LNS_SAT_mapf-map_room-64-64-8_map-_home_max_Documents_PhD_MAPF_LNS_MAPF_LNS_SAT_mapf-scen-even_scen-even_room-64-64-8-even-1_scen-agents50-idx0-seed42-1783618371016,0,0,2,2,5,4,3,53,58,54,21,0.000000,0.025000,0.555000,2,0.049000,0.040000,0.004740,1,1,0
_home_max_Documents_PhD_MAPF_LNS_MAPF_LNS_SAT_mapf-map_room-64-64-8_map-_home_max_Documents_PhD_MAPF_LNS_MAPF_LNS_SAT_mapf-scen-even_scen-even_room-64-64-8-even-1_scen-agents50-idx0-seed42-1783618371016,0,0,3,3,5,4,3,53,61,102,36,0.000000,0.043000,0.109000,1,0.053000,0.052000,0.000000,0,0,0
_home_max_Documents_PhD_MAPF_LNS_MAPF_LNS_SAT_mapf-map_room-64-64-8_map-_home_max_Documents_PhD_MAPF_LNS_MAPF_LNS_SAT_mapf-scen-even_scen-even_room-64-64-8-even-1_scen-agents50-idx0-seed42-1783618371016,0,1,0,0,20,5,5,51,57,111,54,0.000000,0.062000,0.582000,1,0.073000,0.062000,0.004935,0,0,1
_home_max_Documents_PhD_MAPF_LNS_MAPF_LNS_SAT_mapf-map_room-64-64-8_map-_home_max_Documents_PhD_MAPF_LNS_MAPF_LNS_SAT_mapf-scen-even_scen-even_room-64-64-8-even-1_scen-agents50-idx0-seed42-1783618371016,0,0,0,0,12,6,6,57,62,62,30,0.000000,0.049000,0.973000,2,0.047000,0.028000,0.000686,1,1,0
_home_max_Documents_PhD_MAPF_LNS_MAPF_LNS_SAT_mapf-map_room-64-64-8_map-_home_max_Documents_PhD_MAPF_LNS_MAPF_LNS_SAT_mapf-scen-even_scen-even_room-64-64-8-even-1_scen-agents50-idx0-seed42-1783618371016,0,0,1,1,12,6,6,57,63,94,42,0.000000,0.061000,1.027000,2,0.066000,0.048000,0.003529,1,1,0
_home_max_Documents_PhD_MAPF_LNS_MAPF_LNS_SAT_mapf-map_room-64-64-8_map-_home_max_Documents_PhD_MAPF_LNS_MAPF_LNS_SAT_mapf-scen-even_scen-even_room-64-64-8-even-1_scen-agents50-idx0-seed42-1783618371016,0,0,2,2,12,7,7,57,65,308,93,0.000000,0.134000,1.681000,2,0.177000,0.157000,0.014749,1,1,0
_home_max_Documents_PhD_MAPF_LNS_MAPF_LNS_SAT_mapf-map_room-64-64-8_map-_home_max_Documents_PhD_MAPF_LNS_MAPF_LNS_SAT_mapf-scen-even_scen-even_room-64-64-8-even-1_scen-agents50-idx0-seed42-1783618371016,0,0,3,3,12,9,9,57,68,804,180,0.000000,0.295000,0.686000,1,0.341000,0.338000,0.000000,0,0,0
_home_max_Documents_PhD_MAPF_LNS_MAPF_LNS_SAT_mapf-map_room-64-64-8_map-_home_max_Documents_PhD_MAPF_LNS_MAPF_LNS_SAT_mapf-scen-even_scen-even_room-64-64-8-even-1_scen-agents50-idx0-seed42-1783618371016,0,1,0,0,58,10,10,55,67,1676,251,0.000000,0.612000,2.872000,2,0.723000,0.661000,0.021907,1,1,0
_home_max_Documents_PhD_MAPF_LNS_MAPF_LNS_SAT_mapf-map_room-64-64-8_map-_home_max_Documents_PhD_MAPF_LNS_MAPF_LNS_SAT_mapf-scen-even_scen-even_room-64-64-8-even-1_scen-agents50-idx0-seed42-1783618371016,0,1,1,1,58,10,10,55,68,2115,312,0.000000,0.722000,3.331000,2,0.860000,0.824000,0.029865,1,1,0
_home_max_Documents_PhD_MAPF_LNS_MAPF_LNS_SAT_mapf-map_room-64-64-8_map-_home_max_Documents_PhD_MAPF_LNS_MAPF_LNS_SAT_mapf-scen-even_scen-even_room-64-64-8-even-1_scen-agents50-idx0-seed42-1783618371016,0,1,2,2,58,11,11,55,70,4026,546,0.000000,1.233000,5.920000,2,1.605000,1.563000,0.057317,1,1,0
_home_max_Documents_PhD_MAPF_LNS_MAPF_LNS_SAT_mapf-map_room-64-64-8_map-_home_max_Documents_PhD_MAPF_LNS_MAPF_LNS_SAT_mapf-scen-even_scen-even_room-64-64-8-even-1_scen-agents50-idx0-seed42-1783618371016,0,1,3,3,58,11,11,55,73,12179,1209,0.000000,3.519000,11.143000,2,4.819000,4.751000,0.141846,1,1,0
_home_max_Documents_PhD_MAPF_LNS_MAPF_LNS_SAT_mapf-map_room-64-64-8_map-_home_max_Documents_PhD_MAPF_LNS_MAPF_LNS_SAT_mapf-scen-even_scen-even_room-64-64-8-even-1_scen-agents50-idx0-seed42-1783618371016,0,2,0,0,176,21,21,53,74,36010,1717,0.001000,11.438000,32.376000,2,13.630000,13.359000,0.303269,1,1,0
_home_max_Documents_PhD_MAPF_LNS_MAPF_LNS_SAT_mapf-map_room-64-64-8_map-_home_max_Documents_PhD_MAPF_LNS_MAPF_LNS_SAT_mapf-scen-even_scen-even_room-64-64-8-even-1_scen-agents50-idx0-seed42-1783618371016,0,2,1,1,176,21,21,53,75,44095,2231,0.001000,15.504000,40.215000,2,17.322000,17.144000,0.526805,1,1,0
_home_max_Documents_PhD_MAPF_LNS_MAPF_LNS_SAT_mapf-map_room-64-64-8_map-_home_max_Documents_PhD_MAPF_LNS_MAPF_LNS_SAT_mapf-scen-even_scen-even_room-64-64-8-even-1_scen-agents50-idx0-seed42-1783618371016,0,3,0,0,272,27,26,51,76,97048,3528,0.001000,34.931000,83.827000,2,39.859000,39.138000,0.793701,1,1,0
_home_max_Documents_PhD_MAPF_LNS_MAPF_LNS_SAT_mapf-map_room-64-64-8_map-_home_max_Documents_PhD_MAPF_LNS_MAPF_LNS_SAT_mapf-scen-even_scen-even_room-64-64-8-even-1_scen-agents50-idx0-seed42-1783618371016,0,3,1,1,272,27,26,51,77,113608,4263,0.010000,43.550000,99.656000,2,47.530000,47.155000,1.331221,1,1,0
_home_max_Documents_PhD_MAPF_LNS_MAPF_LNS_SAT_mapf-map_room-64-64-8_map-_home_max_Documents_PhD_MAPF_LNS_MAPF_LNS_SAT_mapf-scen-even_scen-even_room-64-64-8-even-1_scen-agents50-idx0-seed42-1783618371016,0,4,0,0,366,29,28,49,78,191617,4951,0.001000,77.760000,179.471000,2,89.715000,87.489000,1.458238,1,1,0
_home_max_Documents_PhD_MAPF_LNS_MAPF_LNS_SAT_mapf-map_room-64-64-8_map-_home_max_Documents_PhD_MAPF_LNS_MAPF_LNS_SAT_mapf-scen-even_scen-even_room-64-64-8-even-1_scen-agents50-idx0-seed42-1783618371016,0,4,1,1,366,29,28,49,79,221545,5893,0.003000,90.055000,208.177000,2,104.844000,104.256000,2.036016,1,1,0
_home_max_Documents_PhD_MAPF_LNS_MAPF_LNS_SAT_mapf-map_room-64-64-8_map-_home_max_Documents_PhD_MAPF_LNS_MAPF_LNS_SAT_mapf-scen-even_scen-even_room-64-64-8-even-1_scen-agents50-idx0-seed42-1783618371016,0,5,0,0,499,32,31,47,80,538122,10805,0.002000,272.462000,647.364000,2,352.817000,346.491000,4.079476,1,1,0
_home_max_Documents_PhD_MAPF_LNS_MAPF_LNS_SAT_mapf-map_room-64-64-8_map-_home_max_Documents_PhD_MAPF_LNS_MAPF_LNS_SAT_mapf-scen-even_scen-even_room-64-64-8-even-1_scen-agents50-idx0-seed42-1783618371016,0,5,1,1,499,32,31,47,81,625603,12416,0.003000,322.996000,745.991000,2,405.422000,403.765000,6.943209,1,1,0
_home_max_Documents_PhD_MAPF_LNS_MAPF_LNS_SAT_mapf-map_room-64-64-8_map-_home_max_Documents_PhD_MAPF_LNS_MAPF_LNS_SAT_mapf-scen-even_scen-even_room-64-64-8-even-1_scen-agents50-idx0-seed42-1783618371016,0,6,0,0,640,34,34,45,82,1159986,16819,0.002000,714.898000,1600.030000,2,854.697000,842.111000,8.419480,1,1,0
_home_max_Documents_PhD_MAPF_LNS_MAPF_LNS_SAT_mapf-map_room-64-64-8_map-_home_max_Documents_PhD_MAPF_LNS_MAPF_LNS_SAT_mapf-scen-even_scen-even_room-64-64-8-even-1_scen-agents50-idx0-seed42-1783618371016,0,6,1,1,640,34,34,45,83,1326185,19025,0.004000,912.529000,1907.186000,2,955.191000,951.662000,11.127684,1,1,0
_home_max_Documents_PhD_MAPF_LNS_MAPF_LNS_SAT_mapf-map_room-64-64-8_map-_home_max_Documents_PhD_MAPF_LNS_MAPF_LNS_SAT_mapf-scen-even_scen-even_room-64-64-8-even-1_scen-agents50-idx0-seed42-1783618371016,0,7,0,0,757,37,37,43,84,2189448,29162,0.002000,1890.545000,3848.900000,2,1906.646000,1880.942000,15.989021,1,1,0
_home_max_Documents_PhD_MAPF_LNS_MAPF_LNS_SAT_mapf-map_room-64-64-8_map-_home_max_Documents_PhD_MAPF_LNS_MAPF_LNS_SAT_mapf-scen-even_scen-even_room-64-64-8-even-1_scen-agents50-idx0-seed42-1783618371016,0,7,1,1,757,37,37,43,85,2468073,32454,0.004000,2365.590000,4461.179000,2,2026.826000,2019.487000,21.594970,1,1,0
_home_max_Documents_PhD_MAPF_LNS_MAPF_LNS_SAT_mapf-map_room-64-64-8_map-_home_max_Documents_PhD_MAPF_LNS_MAPF_LNS_SAT_mapf-scen-even_scen-even_room-64-64-8-even-1_scen-agents50-idx0-seed42-1783618371016,0,8,0,0,854,37,37,41,86,4163450,47608,0.002000,5602.152000,13043.337000,2,6834.286000,6303.816000,29.083104,1,1,0
_home_max_Documents_PhD_MAPF_LNS_MAPF_LNS_SAT_mapf-map_room-64-64-8_map-_home_max_Documents_PhD_MAPF_LNS_MAPF_LNS_SAT_mapf-scen-even_scen-even_room-64-64-8-even-1_scen-agents50-idx0-seed42-1783618371016,0,8,1,1,854,38,38,41,87,4623978,51893,0.006000,6558.080000,14742.916000,2,7538.704000,6978.201000,38.967246,1,1,0
_home_max_Documents_PhD_MAPF_LNS_MAPF_LNS_SAT_mapf-map_room-64-64-8_map-_home_max_Documents_PhD_MAPF_LNS_MAPF_LNS_SAT_mapf-scen-even_scen-even_room-64-64-8-even-1_scen-agents50-idx0-seed42-1783618371016,0,9,0,0,933,39,39,39,88,6297499,60970,0.002000,10438.793000,22976.334000,2,11635.510000,10722.296000,43.193949,1,1,0
_home_max_Documents_PhD_MAPF_LNS_MAPF_LNS_SAT_mapf-map_room-64-64-8_map-_home_max_Documents_PhD_MAPF_LNS_MAPF_LNS_SAT_mapf-scen-even_scen-even_room-64-64-8-even-1_scen-agents50-idx0-seed42-1783618371016,0,9,1,1,933,39,39,39,89,6923081,66109,0.010000,12915.698000,26633.567000,2,12700.929000,11813.664000,56.427582,1,1,0
_home_max_Documents_PhD_MAPF_LNS_MAPF_LNS_SAT_mapf-map_room-64-64-8_map-_home_max_Documents_PhD_MAPF_LNS_MAPF_LNS_SAT_mapf-scen-even_scen-even_room-64-64-8-even-1_scen-agents50-idx0-seed42-1783618371016,0,10,0,0,1014,39,39,37,90,9286610,80647,0.002000,21749.697000,39037.336000,2,15992.998000,14730.382000,62.884805,1,1,0
_home_max_Documents_PhD_MAPF_LNS_MAPF_LNS_SAT_mapf-map_room-64-64-8_map-_home_max_Documents_PhD_MAPF_LNS_MAPF_LNS_SAT_mapf-scen-even_scen-even_room-64-64-8-even-1_scen-agents50-idx0-seed42-1783618371016,0,10,1,1,1014,39,39,37,91,10153707,87065,0.007000,24658.799000,43423.892000,2,17325.790000,16059.795000,99.685425,1,1,0
_home_max_Documents_PhD_MAPF_LNS_MAPF_LNS_SAT_mapf-map_room-64-64-8_map-_home_max_Documents_PhD_MAPF_LNS_MAPF_LNS_SAT_mapf-scen-even_scen-even_room-64-64-8-even-1_scen-agents50-idx0-seed42-1783618371016,0,11,0,0,1098,41,41,35,92,13470948,100736,0.002000,41299.742000,68936.759000,2,25633.851000,23696.698000,89.327408,1,1,0
_home_max_Documents_PhD_MAPF_LNS_MAPF_LNS_SAT_mapf-map_room-64-64-8_map-_home_max_Documents_PhD_MAPF_LNS_MAPF_LNS_SAT_mapf-scen-even_scen-even_room-64-64-8-even-1_scen-agents50-idx0-seed42-1783618371016,0,11,1,1,1098,41,41,35,93,14589905,107490,0.009000,46705.559000,76098.249000,2,27271.229000,25293.401000,128.632928,1,1,0
