experiment_id,makespan_attempt,makespan,zones_attempted,zones_solved,total_waiting_attempts,total_lazy_iterations,total_cnf_clauses,total_cnf_variables,total_mdd_build_ms,total_cnf_build_ms,total_lazy_wall_ms,total_lazy_solver_wall_ms,total_lazy_solver_reported_ms,attempt_wall_ms,solved
_home_max_Documents_PhD_MAPF_LNS_MAPF_LNS_SAT_mapf-map_warehouse-20-40-10-2-2_map-_home_max_Documents_PhD_MAPF_LNS_MAPF_LNS_SAT_mapf-scen-even_scen-even_warehouse-20-40-10-2-2-even-1_scen-agents10-idx0-seed42-1783534006187,0,446,0,0,0,0,0,0,0.000000,0.000000,0.000000,0.000000,0.000000,551.977000,1
_home_max_Documents_PhD_MAPF_LNS_MAPF_LNS_SAT_mapf-map_warehouse-20-40-10-2-2_map-_home_max_Documents_PhD_MAPF_LNS_MAPF_LNS_SAT_mapf-scen-even_scen-even_warehouse-20-40-10-2-2-even-1_scen-agents10-idx1-seed42-1783534007186,0,362,0,0,0,0,0,0,0.000000,0.000000,0.000000,0.000000,0.000000,504.781000,1
_home_max_Documents_PhD_MAPF_LNS_MAPF_LNS_SAT_mapf-map_warehouse-20-40-10-2-2_map-_home_max_Documents_PhD_MAPF_LNS_MAPF_LNS_SAT_mapf-scen-even_scen-even_warehouse-20-40-10-2-2-even-1_scen-agents10-idx2-seed42-1783534008088,0,420,0,0,0,0,0,0,0.000000,0.000000,0.000000,0.000000,0.000000,548.459000,1
_home_max_Documents_PhD_MAPF_LNS_MAPF_LNS_SAT_mapf-map_warehouse-20-40-10-2-2_map-_home_max_Documents_PhD_MAPF_LNS_MAPF_LNS_SAT_mapf-scen-even_scen-even_warehouse-20-40-10-2-2-even-1_scen-agents10-idx3-seed42-1783534009040,0,450,1,1,1,4,22,9,0.000000,0.016000,0.078000,0.046000,0.010457,534.078000,1
_home_max_Documents_PhD_MAPF_LNS_MAPF_LNS_SAT_mapf-map_warehouse-20-40-10-2-2_map-_home_max_Documents_PhD_MAPF_LNS_MAPF_LNS_SAT_mapf-scen-even_scen-even_warehouse-20-40-10-2-2-even-1_scen-agents10-idx4-seed42-1783534009994,0,389,0,0,0,0,0,0,0.000000,0.000000,0.000000,0.000000,0.000000,453.820000,1
_home_max_Documents_PhD_MAPF_LNS_MAPF_LNS_SAT_mapf-map_warehouse-20-40-10-2-2_map-_home_max_Documents_PhD_MAPF_LNS_MAPF_LNS_SAT_mapf-scen-even_scen-even_warehouse-20-40-10-2-2-even-1_scen-agents10-idx5-seed42-1783534010901,0,427,0,0,0,0,0,0,0.000000,0.000000,0.000000,0.000000,0.000000,442.857000,1
_home_max_Documents_PhD_MAPF_LNS_MAPF_LNS_SAT_mapf-map_warehouse-20-40-10-2-2_map-_home_max_Documents_PhD_MAPF_LNS_MAPF_LNS_SAT_mapf-scen-even_scen-even_warehouse-20-40-10-2-2-even-1_scen-agents10-idx6-seed42-1783534011802,0,428,0,0,0,0,0,0,0.000000,0.000000,0.000000,0.000000,0.000000,476.975000,1
_home_max_Documents_PhD_MAPF_LNS_MAPF_LNS_SAT_mapf-map_warehouse-20-40-10-2-2_map-_home_max_Documents_PhD_MAPF_LNS_MAPF_LNS_SAT_mapf-scen-even_scen-even_warehouse-20-40-10-2-2-even-1_scen-agents10-idx7-seed42-1783534012707,0,365,0,0,0,0,0,0,0.000000,0.000000,0.000000,0.000000,0.000000,434.428000,1
_home_max_Documents_PhD_MAPF_LNS_MAPF_LNS_SAT_mapf-map_warehouse-20-40-10-2-2_map-_home_max_Documents_PhD_MAPF_LNS_MAPF_LNS_SAT_mapf-scen-even_scen-even_warehouse-20-40-10-2-2-even-1_scen-agents10-idx8-seed42-1783534013555,0,432,0,0,0,0,0,0,0.000000,0.000000,0.000000,0.000000,0.000000,624.821000,1
_home_max_Documents_PhD_MAPF_LNS_MAPF_LNS_SAT_mapf-map_warehouse-20-40-10-2-2_map-_home_max_Documents_PhD_MAPF_LNS_MAPF_LNS_SAT_mapf-scen-even_scen-even_warehouse-20-40-10-2-2-even-1_scen-agents10-idx9-seed42-1783534014609,0,433,2,2,4,7,123,49,0.000000,0.074000,0.166000,0.125000,0.016987,563.798000,1
_home_max_Documents_PhD_MAPF_LNS_MAPF_LNS_SAT_mapf-map_warehouse-20-40-10-2-2_map-_home_max_Documents_PhD_MAPF_LNS_MAPF_LNS_SAT_mapf-scen-even_scen-even_warehouse-20-40-10-2-2-even-1_scen-agents10-idx10-seed42-1783534015617,0,452,0,0,0,0,0,0,0.000000,0.000000,0.000000,0.000000,0.000000,555.860000,1
_home_max_Documents_PhD_MAPF_LNS_MAPF_LNS_SAT_mapf-map_warehouse-20-40-10-2-2_map-_home_max_Documents_PhD_MAPF_LNS_MAPF_LNS_SAT_mapf-scen-even_scen-even_warehouse-20-40-10-2-2-even-1_scen-agents10-idx11-seed42-1783534016619,0,446,1,1,1,4,22,9,0.000000,0.022000,0.077000,0.051000,0.010195,518.765000,1
_home_max_Documents_PhD_MAPF_LNS_MAPF_LNS_SAT_mapf-map_warehouse-20-40-10-2-2_map-_home_max_Documents_PhD_MAPF_LNS_MAPF_LNS_SAT_mapf-scen-even_scen-even_warehouse-20-40-10-2-2-even-1_scen-agents10-idx12-seed42-1783534017570,0,415,0,0,0,0,0,0,0.000000,0.000000,0.000000,0.000000,0.000000,500.706000,1
_home_max_Documents_PhD_MAPF_LNS_MAPF_LNS_SAT_mapf-map_warehouse-20-40-10-2-2_map-_home_max_Documents_PhD_MAPF_LNS_MAPF_LNS_SAT_mapf-scen-even_scen-even_warehouse-20-40-10-2-2-even-1_scen-agents10-idx13-seed42-1783534018523,0,460,0,0,0,0,0,0,0.000000,0.000000,0.000000,0.000000,0.000000,491.576000,1
_home_max_Documents_PhD_MAPF_LNS_MAPF_LNS_SAT_mapf-map_warehouse-20-40-10-2-2_map-_home_max_Documents_PhD_MAPF_LNS_MAPF_LNS_SAT_mapf-scen-even_scen-even_warehouse-20-40-10-2-2-even-1_scen-agents10-idx14-seed42-1783534019474,0,379,0,0,0,0,0,0,0.000000,0.000000,0.000000,0.000000,0.000000,455.884000,1
_home_max_Documents_PhD_MAPF_LNS_MAPF_LNS_SAT_mapf-map_warehouse-20-40-10-2-2_map-_home_max_Documents_PhD_MAPF_LNS_MAPF_LNS_SAT_mapf-scen-even_scen-even_warehouse-20-40-10-2-2-even-1_scen-agents10-idx15-seed42-1783534020380,0,414,1,1,2,3,86,43,0.000000,0.187000,0.110000,0.084000,0.013644,477.443000,1
_home_max_Documents_PhD_MAPF_LNS_MAPF_LNS_SAT_mapf-map_warehouse-20-40-10-2-2_map-_home_max_Documents_PhD_MAPF_LNS_MAPF_LNS_SAT_mapf-scen-even_scen-even_warehouse-20-40-10-2-2-even-1_scen-agents10-idx16-seed42-1783534021275,0,436,0,0,0,0,0,0,0.000000,0.000000,0.000000,0.000000,0.000000,649.010000,1
_home_max_Documents_PhD_MAPF_LNS_MAPF_LNS_SAT_mapf-map_warehouse-20-40-10-2-2_map-_home_max_Documents_PhD_MAPF_LNS_MAPF_LNS_SAT_mapf-scen-even_scen-even_warehouse-20-40-10-2-2-even-1_scen-agents10-idx17-seed42-1783534022382,0,445,0,0,0,0,0,0,0.000000,0.000000,0.000000,0.000000,0.000000,556.017000,1
_home_max_Documents_PhD_MAPF_LNS_MAPF_LNS_SAT_mapf-map_warehouse-20-40-10-2-2_map-_home_max_Documents_PhD_MAPF_LNS_MAPF_LNS_SAT_mapf-scen-even_scen-even_warehouse-20-40-10-2-2-even-1_scen-agents10-idx18-seed42-1783534023390,0,452,0,0,0,0,0,0,0.000000,0.000000,0.000000,0.000000,0.000000,535.974000,1
_home_max_Documents_PhD_MAPF_LNS_MAPF_LNS_SAT_mapf-map_warehouse-20-40-10-2-2_map-_home_max_Documents_PhD_MAPF_LNS_MAPF_LNS_SAT_mapf-scen-even_scen-even_warehouse-20-40-10-2-2-even-1_scen-agents10-idx19-seed42-1783534024392,0,412,0,0,0,0,0,0,0.000000,0.000000,0.000000,0.000000,0.000000,525.186000,1
_home_max_Documents_PhD_MAPF_LNS_MAPF_LNS_SAT_mapf-map_warehouse-20-40-10-2-2_map-_home_max_Documents_PhD_MAPF_LNS_MAPF_LNS_SAT_mapf-scen-even_scen-even_warehouse-20-40-10-2-2-even-1_scen-agents10-idx20-seed42-1783534025339,0,460,0,0,0,0,0,0,0.000000,0.000000,0.000000,0.000000,0.000000,541.260000,1
_home_max_Documents_PhD_MAPF_LNS_MAPF_LNS_SAT_mapf-map_warehouse-20-40-10-2-2_map-_home_max_Documents_PhD_MAPF_LNS_MAPF_LNS_SAT_mapf-scen-even_scen-even_warehouse-20-40-10-2-2-even-1_scen-agents10-idx21-seed42-1783534026294,0,419,0,0,0,0,0,0,0.000000,0.000000,0.000000,0.000000,0.000000,470.274000,1
_home_max_Documents_PhD_MAPF_LNS_MAPF_LNS_SAT_mapf-map_warehouse-20-40-10-2-2_map-_home_max_Documents_PhD_MAPF_LNS_MAPF_LNS_SAT_mapf-scen-even_scen-even_warehouse-20-40-10-2-2-even-1_scen-agents10-idx22-seed42-1783534027195,0,427,0,0,0,0,0,0,0.000000,0.000000,0.000000,0.000000,0.000000,453.309000,1
_home_max_Documents_PhD_MAPF_LNS_MAPF_LNS_SAT_mapf-map_warehouse-20-40-10-2-2_map-_home_max_Documents_PhD_MAPF_LNS_MAPF_LNS_SAT_mapf-scen-even_scen-even_warehouse-20-40-10-2-2-even-1_scen-agents10-idx23-seed42-1783534028101,0,400,0,0,0,0,0,0,0.000000,0.000000,0.000000,0.000000,0.000000,503.354000,1
_home_max_Documents_PhD_MAPF_LNS_MAPF_LNS_SAT_mapf-map_warehouse-20-40-10-2-2_map-_home_max_Documents_PhD_MAPF_LNS_MAPF_LNS_SAT_mapf-scen-even_scen-even_warehouse-20-40-10-2-2-even-1_scen-agents10-idx24-seed42-1783534029054,0,447,2,2,4,9,118,48,0.000000,0.091000,0.200000,0.145000,0.021933,523.621000,1
_home_max_Documents_PhD_MAPF_LNS_MAPF_LNS_SAT_mapf-map_warehouse-20-40-10-2-2_map-_home_max_Documents_PhD_MAPF_LNS_MAPF_LNS_SAT_mapf-scen-even_scen-even_warehouse-20-40-10-2-2-even-1_scen-agents10-idx25-seed42-1783534030006,0,321,0,0,0,0,0,0,0.000000,0.000000,0.000000,0.000000,0.000000,432.411000,1
_home_max_Documents_PhD_MAPF_LNS_MAPF_LNS_SAT_mapf-map_warehouse-20-40-10-2-2_map-_home_max_Documents_PhD_MAPF_LNS_MAPF_LNS_SAT_mapf-scen-even_scen-even_warehouse-20-40-10-2-2-even-1_scen-agents10-idx26-seed42-1783534030856,0,434,0,0,0,0,0,0,0.000000,0.000000,0.000000,0.000000,0.000000,570.219000,1
_home_max_Documents_PhD_MAPF_LNS_MAPF_LNS_SAT_mapf-map_warehouse-20-40-10-2-2_map-_home_max_Documents_PhD_MAPF_LNS_MAPF_LNS_SAT_mapf-scen-even_scen-even_warehouse-20-40-10-2-2-even-1_scen-agents10-idx27-seed42-1783534031864,0,426,1,1,1,4,22,9,0.000000,0.026000,0.067000,0.043000,0.009702,455.965000,1
_home_max_Documents_PhD_MAPF_LNS_MAPF_LNS_SAT_mapf-map_warehouse-20-40-10-2-2_map-_home_max_Documents_PhD_MAPF_LNS_MAPF_LNS_SAT_mapf-scen-even_scen-even_warehouse-20-40-10-2-2-even-1_scen-agents10-idx28-seed42-1783534032767,0,452,0,0,0,0,0,0,0.000000,0.000000,0.000000,0.000000,0.000000,624.373000,1
_home_max_Documents_PhD_MAPF_LNS_MAPF_LNS_SAT_mapf-map_warehouse-20-40-10-2-2_map-_home_max_Documents_PhD_MAPF_LNS_MAPF_LNS_SAT_mapf-scen-even_scen-even_warehouse-20-40-10-2-2-even-1_scen-agents10-idx29-seed42-1783534033813,0,445,0,0,0,0,0,0,0.000000,0.000000,0.000000,0.000000,0.000000,498.788000,1
_home_max_Documents_PhD_MAPF_LNS_MAPF_LNS_SAT_mapf-map_warehouse-20-40-10-2-2_map-_home_max_Documents_PhD_MAPF_LNS_MAPF_LNS_SAT_mapf-scen-even_scen-even_warehouse-20-40-10-2-2-even-1_scen-agents10-idx30-seed42-1783534034715,0,380,0,0,0,0,0,0,0.000000,0.000000,0.000000,0.000000,0.000000,509.858000,1
_home_max_Documents_PhD_MAPF_LNS_MAPF_LNS_SAT_mapf-map_warehouse-20-40-10-2-2_map-_home_max_Documents_PhD_MAPF_LNS_MAPF_LNS_SAT_mapf-scen-even_scen-even_warehouse-20-40-10-2-2-even-1_scen-agents10-idx31-seed42-1783534035674,0,466,0,0,0,0,0,0,0.000000,0.000000,0.000000,0.000000,0.000000,728.186000,1
_home_max_Documents_PhD_MAPF_LNS_MAPF_LNS_SAT_mapf-map_warehouse-20-40-10-2-2_map-_home_max_Documents_PhD_MAPF_LNS_MAPF_LNS_SAT_mapf-scen-even_scen-even_warehouse-20-40-10-2-2-even-1_scen-agents10-idx32-seed42-1783534036872,0,311,0,0,0,0,0,0,0.000000,0.000000,0.000000,0.000000,0.000000,377.519000,1
_home_max_Documents_PhD_MAPF_LNS_MAPF_LNS_SAT_mapf-map_warehouse-20-40-10-2-2_map-_home_max_Documents_PhD_MAPF_LNS_MAPF_LNS_SAT_mapf-scen-even_scen-even_warehouse-20-40-10-2-2-even-1_scen-agents10-idx33-seed42-1783534037680,0,359,3,2,9,16,372,143,0.000000,0.194000,0.361000,0.281000,0.032080,436.612000,1
_home_max_Documents_PhD_MAPF_LNS_MAPF_LNS_SAT_mapf-map_warehouse-20-40-10-2-2_map-_home_max_Documents_PhD_MAPF_LNS_MAPF_LNS_SAT_mapf-scen-even_scen-even_warehouse-20-40-10-2-2-even-1_scen-agents10-idx34-seed42-1783534038527,0,462,1,1,1,4,22,9,0.000000,0.015000,0.067000,0.043000,0.009574,453.565000,1
_home_max_Documents_PhD_MAPF_LNS_MAPF_LNS_SAT_mapf-map_warehouse-20-40-10-2-2_map-_home_max_Documents_PhD_MAPF_LNS_MAPF_LNS_SAT_mapf-scen-even_scen-even_warehouse-20-40-10-2-2-even-1_scen-agents10-idx35-seed42-1783534039434,0,427,0,0,0,0,0,0,0.000000,0.000000,0.000000,0.000000,0.000000,427.355000,1
_home_max_Documents_PhD_MAPF_LNS_MAPF_LNS_SAT_mapf-map_warehouse-20-40-10-2-2_map-_home_max_Documents_PhD_MAPF_LNS_MAPF_LNS_SAT_mapf-scen-even_scen-even_warehouse-20-40-10-2-2-even-1_scen-agents10-idx36-seed42-1783534040285,0,435,0,0,0,0,0,0,0.000000,0.000000,0.000000,0.000000,0.000000,618.958000,1
_home_max_Documents_PhD_MAPF_LNS_MAPF_LNS_SAT_mapf-map_warehouse-20-40-10-2-2_map-_home_max_Documents_PhD_MAPF_LNS_MAPF_LNS_SAT_mapf-scen-even_scen-even_warehouse-20-40-10-2-2-even-1_scen-agents10-idx37-seed42-1783534041341,0,384,0,0,0,0,0,0,0.000000,0.000000,0.000000,0.000000,0.000000,453.193000,1
_home_max_Documents_PhD_MAPF_LNS_MAPF_LNS_SAT_mapf-map_warehouse-20-40-10-2-2_map-_home_max_Documents_PhD_MAPF_LNS_MAPF_LNS_SAT_mapf-scen-even_scen-even_warehouse-20-40-10-2-2-even-1_scen-agents10-idx38-seed42-1783534042245,0,436,0,0,0,0,0,0,0.000000,0.000000,0.000000,0.000000,0.000000,529.844000,1
_home_max_Documents_PhD_MAPF_LNS_MAPF_LNS_SAT_mapf-map_warehouse-20-40-10-2-2_map-_home_max_Documents_PhD_MAPF_LNS_MAPF_LNS_SAT_mapf-scen-even_scen-even_warehouse-20-40-10-2-2-even-1_scen-agents10-idx39-seed42-1783534043194,0,462,1,1,1,2,25,10,0.000000,0.016000,0.065000,0.048000,0.009386,513.678000,1
_home_max_Documents_PhD_MAPF_LNS_MAPF_LNS_SAT_mapf-map_warehouse-20-40-10-2-2_map-_home_max_Documents_PhD_MAPF_LNS_MAPF_LNS_SAT_mapf-scen-even_scen-even_warehouse-20-40-10-2-2-even-1_scen-agents10-idx40-seed42-1783534044151,0,439,0,0,0,0,0,0,0.000000,0.000000,0.000000,0.000000,0.000000,450.009000,1
_home_max_Documents_PhD_MAPF_LNS_MAPF_LNS_SAT_mapf-map_warehouse-20-40-10-2-2_map-_home_max_Documents_PhD_MAPF_LNS_MAPF_LNS_SAT_mapf-scen-even_scen-even_warehouse-20-40-10-2-2-even-1_scen-agents10-idx41-seed42-1783534045054,0,426,0,0,0,0,0,0,0.000000,0.000000,0.000000,0.000000,0.000000,453.932000,1
_home_max_Documents_PhD_MAPF_LNS_MAPF_LNS_SAT_mapf-map_warehouse-20-40-10-2-2_map-_home_max_Documents_PhD_MAPF_LNS_MAPF_LNS_SAT_mapf-scen-even_scen-even_warehouse-20-40-10-2-2-even-1_scen-agents10-idx42-seed42-1783534045956,0,382,0,0,0,0,0,0,0.000000,0.000000,0.000000,0.000000,0.000000,445.248000,1
_home_max_Documents_PhD_MAPF_LNS_MAPF_LNS_SAT_mapf-map_warehouse-20-40-10-2-2_map-_home_max_Documents_PhD_MAPF_LNS_MAPF_LNS_SAT_mapf-scen-even_scen-even_warehouse-20-40-10-2-2-even-1_scen-agents10-idx43-seed42-1783534046860,0,447,0,0,0,0,0,0,0.000000,0.000000,0.000000,0.000000,0.000000,534.783000,1
_home_max_Documents_PhD_MAPF_LNS_MAPF_LNS_SAT_mapf-map_warehouse-20-40-10-2-2_map-_home_max_Documents_PhD_MAPF_LNS_MAPF_LNS_SAT_mapf-scen-even_scen-even_warehouse-20-40-10-2-2-even-1_scen-agents10-idx44-seed42-1783534047806,0,439,1,1,2,4,33,17,0.000000,0.034000,0.088000,0.059000,0.012289,557.012000,1
_home_max_Documents_PhD_MAPF_LNS_MAPF_LNS_SAT_mapf-map_warehouse-20-40-10-2-2_map-_home_max_Documents_PhD_MAPF_LNS_MAPF_LNS_SAT_mapf-scen-even_scen-even_warehouse-20-40-10-2-2-even-1_scen-agents10-idx45-seed42-1783534048813,0,441,0,0,0,0,0,0,0.000000,0.000000,0.000000,0.000000,0.000000,493.063000,1
_home_max_Documents_PhD_MAPF_LNS_MAPF_LNS_SAT_mapf-map_warehouse-20-40-10-2-2_map-_home_max_Documents_PhD_MAPF_LNS_MAPF_LNS_SAT_mapf-scen-even_scen-even_warehouse-20-40-10-2-2-even-1_scen-agents10-idx46-seed42-1783534049766,0,444,0,0,0,0,0,0,0.000000,0.000000,0.000000,0.000000,0.000000,469.533000,1
_home_max_Documents_PhD_MAPF_LNS_MAPF_LNS_SAT_mapf-map_warehouse-20-40-10-2-2_map-_home_max_Documents_PhD_MAPF_LNS_MAPF_LNS_SAT_mapf-scen-even_scen-even_warehouse-20-40-10-2-2-even-1_scen-agents10-idx47-seed42-1783534050669,0,402,1,1,1,4,22,9,0.000000,0.016000,0.071000,0.048000,0.009653,426.553000,1
_home_max_Documents_PhD_MAPF_LNS_MAPF_LNS_SAT_mapf-map_warehouse-20-40-10-2-2_map-_home_max_Documents_PhD_MAPF_LNS_MAPF_LNS_SAT_mapf-scen-even_scen-even_warehouse-20-40-10-2-2-even-1_scen-agents10-idx48-seed42-1783534051518,0,415,0,0,0,0,0,0,0.000000,0.000000,0.000000,0.000000,0.000000,475.318000,1
_home_max_Documents_PhD_MAPF_LNS_MAPF_LNS_SAT_mapf-map_warehouse-20-40-10-2-2_map-_home_max_Documents_PhD_MAPF_LNS_MAPF_LNS_SAT_mapf-scen-even_scen-even_warehouse-20-40-10-2-2-even-1_scen-agents10-idx49-seed42-1783534052419,0,403,0,0,0,0,0,0,0.000000,0.000000,0.000000,0.000000,0.000000,522.453000,1
_home_max_Documents_PhD_MAPF_LNS_MAPF_LNS_SAT_mapf-map_warehouse-20-40-10-2-2_map-_home_max_Documents_PhD_MAPF_LNS_MAPF_LNS_SAT_mapf-scen-even_scen-even_warehouse-20-40-10-2-2-even-1_scen-agents10-idx50-seed42-1783534053371,0,380,0,0,0,0,0,0,0.000000,0.000000,0.000000,0.000000,0.000000,513.712000,1
_home_max_Documents_PhD_MAPF_LNS_MAPF_LNS_SAT_mapf-map_warehouse-20-40-10-2-2_map-_home_max_Documents_PhD_MAPF_LNS_MAPF_LNS_SAT_mapf-scen-even_scen-even_warehouse-20-40-10-2-2-even-1_scen-agents10-idx51-seed42-1783534054329,0,454,0,0,0,0,0,0,0.000000,0.000000,0.000000,0.000000,0.000000,660.201000,1
_home_max_Documents_PhD_MAPF_LNS_MAPF_LNS_SAT_mapf-map_warehouse-20-40-10-2-2_map-_home_max_Documents_PhD_MAPF_LNS_MAPF_LNS_SAT_mapf-scen-even_scen-even_warehouse-20-40-10-2-2-even-1_scen-agents10-idx52-seed42-1783534055431,0,262,1,1,3,7,93,38,0.000000,0.044000,0.135000,0.097000,0.017507,405.411000,1
_home_max_Documents_PhD_MAPF_LNS_MAPF_LNS_SAT_mapf-map_warehouse-20-40-10-2-2_map-_home_max_Documents_PhD_MAPF_LNS_MAPF_LNS_SAT_mapf-scen-even_scen-even_warehouse-20-40-10-2-2-even-1_scen-agents10-idx53-seed42-1783534056282,0,419,1,1,1,4,22,9,0.000000,0.016000,0.067000,0.042000,0.010271,482.157000,1
_home_max_Documents_PhD_MAPF_LNS_MAPF_LNS_SAT_mapf-map_warehouse-20-40-10-2-2_map-_home_max_Documents_PhD_MAPF_LNS_MAPF_LNS_SAT_mapf-scen-even_scen-even_warehouse-20-40-10-2-2-even-1_scen-agents10-idx54-seed42-1783534057181,0,432,0,0,0,0,0,0,0.000000,0.000000,0.000000,0.000000,0.000000,515.424000,1
_home_max_Documents_PhD_MAPF_LNS_MAPF_LNS_SAT_mapf-map_warehouse-20-40-10-2-2_map-_home_max_Documents_PhD_MAPF_LNS_MAPF_LNS_SAT_mapf-scen-even_scen-even_warehouse-20-40-10-2-2-even-1_scen-agents10-idx55-seed42-1783534058138,0,367,1,1,1,3,22,11,0.000000,0.011000,0.064000,0.043000,0.008903,448.524000,1
_home_max_Documents_PhD_MAPF_LNS_MAPF_LNS_SAT_mapf-map_warehouse-20-40-10-2-2_map-_home_max_Documents_PhD_MAPF_LNS_MAPF_LNS_SAT_mapf-scen-even_scen-even_warehouse-20-40-10-2-2-even-1_scen-agents10-idx56-seed42-1783534058984,0,426,2,2,6,14,210,80,0.000000,0.104000,0.282000,0.201000,0.026610,517.720000,1
_home_max_Documents_PhD_MAPF_LNS_MAPF_LNS_SAT_mapf-map_warehouse-20-40-10-2-2_map-_home_max_Documents_PhD_MAPF_LNS_MAPF_LNS_SAT_mapf-scen-even_scen-even_warehouse-20-40-10-2-2-even-1_scen-agents10-idx57-seed42-1783534059942,0,442,0,0,0,0,0,0,0.000000,0.000000,0.000000,0.000000,0.000000,564.410000,1
_home_max_Documents_PhD_MAPF_LNS_MAPF_LNS_SAT_mapf-map_warehouse-20-40-10-2-2_map-_home_max_Documents_PhD_MAPF_LNS_MAPF_LNS_SAT_mapf-scen-even_scen-even_warehouse-20-40-10-2-2-even-1_scen-agents10-idx58-seed42-1783534060945,0,435,0,0,0,0,0,0,0.000000,0.000000,0.000000,0.000000,0.000000,456.058000,1
_home_max_Documents_PhD_MAPF_LNS_MAPF_LNS_SAT_mapf-map_warehouse-20-40-10-2-2_map-_home_max_Documents_PhD_MAPF_LNS_MAPF_LNS_SAT_mapf-scen-even_scen-even_warehouse-20-40-10-2-2-even-1_scen-agents10-idx59-seed42-1783534061846,0,423,0,0,0,0,0,0,0.000000,0.000000,0.000000,0.000000,0.000000,462.425000,1
_home_max_Documents_PhD_MAPF_LNS_MAPF_LNS_SAT_mapf-map_warehouse-20-40-10-2-2_map-_home_max_Documents_PhD_MAPF_LNS_MAPF_LNS_SAT_mapf-scen-even_scen-even_warehouse-20-40-10-2-2-even-1_scen-agents10-idx60-seed42-1783534062752,0,399,2,1,7,13,282,117,0.000000,0.218000,0.284000,0.218000,0.026538,427.564000,1
_home_max_Documents_PhD_MAPF_LNS_MAPF_LNS_SAT_mapf-map_warehouse-20-40-10-2-2_map-_home_max_Documents_PhD_MAPF_LNS_MAPF_LNS_SAT_mapf-scen-even_scen-even_warehouse-20-40-10-2-2-even-1_scen-agents10-idx61-seed42-1783534063596,0,426,1,1,1,1,24,10,0.000000,0.013000,0.046000,0.039000,0.013211,545.489000,1
_home_max_Documents_PhD_MAPF_LNS_MAPF_LNS_SAT_mapf-map_warehouse-20-40-10-2-2_map-_home_max_Documents_PhD_MAPF_LNS_MAPF_LNS_SAT_mapf-scen-even_scen-even_warehouse-20-40-10-2-2-even-1_scen-agents10-idx62-seed42-1783534064602,0,411,0,0,0,0,0,0,0.000000,0.000000,0.000000,0.000000,0.000000,498.093000,1
_home_max_Documents_PhD_MAPF_LNS_MAPF_LNS_SAT_mapf-map_warehouse-20-40-10-2-2_map-_home_max_Documents_PhD_MAPF_LNS_MAPF_LNS_SAT_mapf-scen-even_scen-even_warehouse-20-40-10-2-2-even-1_scen-agents10-idx63-seed42-1783534065557,0,429,0,0,0,0,0,0,0.000000,0.000000,0.000000,0.000000,0.000000,494.677000,1
_home_max_Documents_PhD_MAPF_LNS_MAPF_LNS_SAT_mapf-map_warehouse-20-40-10-2-2_map-_home_max_Documents_PhD_MAPF_LNS_MAPF_LNS_SAT_mapf-scen-even_scen-even_warehouse-20-40-10-2-2-even-1_scen-agents10-idx64-seed42-1783534066509,0,451,0,0,0,0,0,0,0.000000,0.000000,0.000000,0.000000,0.000000,562.414000,1
_home_max_Documents_PhD_MAPF_LNS_MAPF_LNS_SAT_mapf-map_warehouse-20-40-10-2-2_map-_home_max_Documents_PhD_MAPF_LNS_MAPF_LNS_SAT_mapf-scen-even_scen-even_warehouse-20-40-10-2-2-even-1_scen-agents10-idx65-seed42-1783534067508,0,412,0,0,0,0,0,0,0.000000,0.000000,0.000000,0.000000,0.000000,475.360000,1
_home_max_Documents_PhD_MAPF_LNS_MAPF_LNS_SAT_mapf-map_warehouse-20-40-10-2-2_map-_home_max_Documents_PhD_MAPF_LNS_MAPF_LNS_SAT_mapf-scen-even_scen-even_warehouse-20-40-10-2-2-even-1_scen-agents10-idx66-seed42-1783534068415,0,462,3,3,3,12,66,27,0.000000,0.065000,0.228000,0.141000,0.018762,690.504000,1
_home_max_Documents_PhD_MAPF_LNS_MAPF_LNS_SAT_mapf-map_warehouse-20-40-10-2-2_map-_home_max_Documents_PhD_MAPF_LNS_MAPF_LNS_SAT_mapf-scen-even_scen-even_warehouse-20-40-10-2-2-even-1_scen-agents10-idx67-seed42-1783534069563,0,435,0,0,0,0,0,0,0.000000,0.000000,0.000000,0.000000,0.000000,562.398000,1
_home_max_Documents_PhD_MAPF_LNS_MAPF_LNS_SAT_mapf-map_warehouse-20-40-10-2-2_map-_home_max_Documents_PhD_MAPF_LNS_MAPF_LNS_SAT_mapf-scen-even_scen-even_warehouse-20-40-10-2-2-even-1_scen-agents10-idx68-seed42-1783534070569,0,383,0,0,0,0,0,0,0.000000,0.000000,0.000000,0.000000,0.000000,450.016000,1
_home_max_Documents_PhD_MAPF_LNS_MAPF_LNS_SAT_mapf-map_warehouse-20-40-10-2-2_map-_home_max_Documents_PhD_MAPF_LNS_MAPF_LNS_SAT_mapf-scen-even_scen-even_warehouse-20-40-10-2-2-even-1_scen-agents10-idx69-seed42-1783534071471,0,450,0,0,0,0,0,0,0.000000,0.000000,0.000000,0.000000,0.000000,459.532000,1
_home_max_Documents_PhD_MAPF_LNS_MAPF_LNS_SAT_mapf-map_warehouse-20-40-10-2-2_map-_home_max_Documents_PhD_MAPF_LNS_MAPF_LNS_SAT_mapf-scen-even_scen-even_warehouse-20-40-10-2-2-even-1_scen-agents10-idx70-seed42-1783534072375,0,374,0,0,0,0,0,0,0.000000,0.000000,0.000000,0.000000,0.000000,442.564000,1
_home_max_Documents_PhD_MAPF_LNS_MAPF_LNS_SAT_mapf-map_warehouse-20-40-10-2-2_map-_home_max_Documents_PhD_MAPF_LNS_MAPF_LNS_SAT_mapf-scen-even_scen-even_warehouse-20-40-10-2-2-even-1_scen-agents10-idx71-seed42-1783534073222,0,465,1,1,1,2,25,10,0.000000,0.021000,0.064000,0.047000,0.009421,572.172000,1
_home_max_Documents_PhD_MAPF_LNS_MAPF_LNS_SAT_mapf-map_warehouse-20-40-10-2-2_map-_home_max_Documents_PhD_MAPF_LNS_MAPF_LNS_SAT_mapf-scen-even_scen-even_warehouse-20-40-10-2-2-even-1_scen-agents10-idx72-seed42-1783534074230,0,387,0,0,0,0,0,0,0.000000,0.000000,0.000000,0.000000,0.000000,433.118000,1
_home_max_Documents_PhD_MAPF_LNS_MAPF_LNS_SAT_mapf-map_warehouse-20-40-10-2-2_map-_home_max_Documents_PhD_MAPF_LNS_MAPF_LNS_SAT_mapf-scen-even_scen-even_warehouse-20-40-10-2-2-even-1_scen-agents10-idx73-seed42-1783534075132,0,356,0,0,0,0,0,0,0.000000,0.000000,0.000000,0.000000,0.000000,485.665000,1
_home_max_Documents_PhD_MAPF_LNS_MAPF_LNS_SAT_mapf-map_warehouse-20-40-10-2-2_map-_home_max_Documents_PhD_MAPF_LNS_MAPF_LNS_SAT_mapf-scen-even_scen-even_warehouse-20-40-10-2-2-even-1_scen-agents10-idx74-seed42-1783534076031,0,447,0,0,0,0,0,0,0.000000,0.000000,0.000000,0.000000,0.000000,539.339000,1
_home_max_Documents_PhD_MAPF_LNS_MAPF_LNS_SAT_mapf-map_warehouse-20-40-10-2-2_map-_home_max_Documents_PhD_MAPF_LNS_MAPF_LNS_SAT_mapf-scen-even_scen-even_warehouse-20-40-10-2-2-even-1_scen-agents10-idx75-seed42-1783534076984,0,410,1,1,3,7,93,38,0.000000,0.037000,0.140000,0.099000,0.018969,467.028000,1
_home_max_Documents_PhD_MAPF_LNS_MAPF_LNS_SAT_mapf-map_warehouse-20-40-10-2-2_map-_home_max_Documents_PhD_MAPF_LNS_MAPF_LNS_SAT_mapf-scen-even_scen-even_warehouse-20-40-10-2-2-even-1_scen-agents10-idx76-seed42-1783534077890,0,410,0,0,0,0,0,0,0.000000,0.000000,0.000000,0.000000,0.000000,406.107000,1
_home_max_Documents_PhD_MAPF_LNS_MAPF_LNS_SAT_mapf-map_warehouse-20-40-10-2-2_map-_home_max_Documents_PhD_MAPF_LNS_MAPF_LNS_SAT_mapf-scen-even_scen-even_warehouse-20-40-10-2-2-even-1_scen-agents10-idx77-seed42-1783534078690,0,459,0,0,0,0,0,0,0.000000,0.000000,0.000000,0.000000,0.000000,642.788000,1
_home_max_Documents_PhD_MAPF_LNS_MAPF_LNS_SAT_mapf-map_warehouse-20-40-10-2-2_map-_home_max_Documents_PhD_MAPF_LNS_MAPF_LNS_SAT_mapf-scen-even_scen-even_warehouse-20-40-10-2-2-even-1_scen-agents10-idx78-seed42-1783534079742,0,412,0,0,0,0,0,0,0.000000,0.000000,0.000000,0.000000,0.000000,578.423000,1
_home_max_Documents_PhD_MAPF_LNS_MAPF_LNS_SAT_mapf-map_warehouse-20-40-10-2-2_map-_home_max_Documents_PhD_MAPF_LNS_MAPF_LNS_SAT_mapf-scen-even_scen-even_warehouse-20-40-10-2-2-even-1_scen-agents10-idx79-seed42-1783534080747,0,394,0,0,0,0,0,0,0.000000,0.000000,0.000000,0.000000,0.000000,504.000000,1
_home_max_Documents_PhD_MAPF_LNS_MAPF_LNS_SAT_mapf-map_warehouse-20-40-10-2-2_map-_home_max_Documents_PhD_MAPF_LNS_MAPF_LNS_SAT_mapf-scen-even_scen-even_warehouse-20-40-10-2-2-even-1_scen-agents10-idx80-seed42-1783534081702,0,440,0,0,0,0,0,0,0.000000,0.000000,0.000000,0.000000,0.000000,593.301000,1
_home_max_Documents_PhD_MAPF_LNS_MAPF_LNS_SAT_mapf-map_warehouse-20-40-10-2-2_map-_home_max_Documents_PhD_MAPF_LNS_MAPF_LNS_SAT_mapf-scen-even_scen-even_warehouse-20-40-10-2-2-even-1_scen-agents10-idx81-seed42-1783534082701,0,425,0,0,0,0,0,0,0.000000,0.000000,0.000000,0.000000,0.000000,493.008000,1
_home_max_Documents_PhD_MAPF_LNS_MAPF_LNS_SAT_mapf-map_warehouse-20-40-10-2-2_map-_home_max_Documents_PhD_MAPF_LNS_MAPF_LNS_SAT_mapf-scen-even_scen-even_warehouse-20-40-10-2-2-even-1_scen-agents10-idx82-seed42-1783534083656,0,457,1,1,1,4,22,9,0.000000,0.015000,0.073000,0.047000,0.009869,506.721000,1
_home_max_Documents_PhD_MAPF_LNS_MAPF_LNS_SAT_mapf-map_warehouse-20-40-10-2-2_map-_home_max_Documents_PhD_MAPF_LNS_MAPF_LNS_SAT_mapf-scen-even_scen-even_warehouse-20-40-10-2-2-even-1_scen-agents10-idx83-seed42-1783534084611,0,412,0,0,0,0,0,0,0.000000,0.000000,0.000000,0.000000,0.000000,477.911000,1
_home_max_Documents_PhD_MAPF_LNS_MAPF_LNS_SAT_mapf-map_warehouse-20-40-10-2-2_map-_home_max_Documents_PhD_MAPF_LNS_MAPF_LNS_SAT_mapf-scen-even_scen-even_warehouse-20-40-10-2-2-even-1_scen-agents10-idx84-seed42-1783534085509,0,462,2,1,7,13,282,117,0.000000,0.205000,0.357000,0.274000,0.036311,561.056000,1
_home_max_Documents_PhD_MAPF_LNS_MAPF_LNS_SAT_mapf-map_warehouse-20-40-10-2-2_map-_home_max_Documents_PhD_MAPF_LNS_MAPF_LNS_SAT_mapf-scen-even_scen-even_warehouse-20-40-10-2-2-even-1_scen-agents10-idx85-seed42-1783534086516,0,447,0,0,0,0,0,0,0.000000,0.000000,0.000000,0.000000,0.000000,589.413000,1
_home_max_Documents_PhD_MAPF_LNS_MAPF_LNS_SAT_mapf-map_warehouse-20-40-10-2-2_map-_home_max_Documents_PhD_MAPF_LNS_MAPF_LNS_SAT_mapf-scen-even_scen-even_warehouse-20-40-10-2-2-even-1_scen-agents10-idx86-seed42-1783534087570,0,383,0,0,0,0,0,0,0.000000,0.000000,0.000000,0.000000,0.000000,456.692000,1
_home_max_Documents_PhD_MAPF_LNS_MAPF_LNS_SAT_mapf-map_warehouse-20-40-10-2-2_map-_home_max_Documents_PhD_MAPF_LNS_MAPF_LNS_SAT_mapf-scen-even_scen-even_warehouse-20-40-10-2-2-even-1_scen-agents10-idx87-seed42-1783534088467,0,435,0,0,0,0,0,0,0.000000,0.000000,0.000000,0.000000,0.000000,517.370000,1
_home_max_Documents_PhD_MAPF_LNS_MAPF_LNS_SAT_mapf-map_warehouse-20-40-10-2-2_map-_home_max_Documents_PhD_MAPF_LNS_MAPF_LNS_SAT_mapf-scen-even_scen-even_warehouse-20-40-10-2-2-even-1_scen-agents10-idx88-seed42-1783534089423,0,432,3,2,4,10,74,36,0.000000,0.061000,0.167000,0.103000,0.015542,555.001000,1
_home_max_Documents_PhD_MAPF_LNS_MAPF_LNS_SAT_mapf-map_warehouse-20-40-10-2-2_map-_home_max_Documents_PhD_MAPF_LNS_MAPF_LNS_SAT_mapf-scen-even_scen-even_warehouse-20-40-10-2-2-even-1_scen-agents10-idx89-seed42-1783534090425,0,411,1,1,1,4,22,9,0.000000,0.015000,0.069000,0.044000,0.010225,448.816000,1
_home_max_Documents_PhD_MAPF_LNS_MAPF_LNS_SAT_mapf-map_warehouse-20-40-10-2-2_map-_home_max_Documents_PhD_MAPF_LNS_MAPF_LNS_SAT_mapf-scen-even_scen-even_warehouse-20-40-10-2-2-even-1_scen-agents10-idx90-seed42-1783534091273,0,464,0,0,0,0,0,0,0.000000,0.000000,0.000000,0.000000,0.000000,582.645000,1
_home_max_Documents_PhD_MAPF_LNS_MAPF_LNS_SAT_mapf-map_warehouse-20-40-10-2-2_map-_home_max_Documents_PhD_MAPF_LNS_MAPF_LNS_SAT_mapf-scen-even_scen-even_warehouse-20-40-10-2-2-even-1_scen-agents10-idx91-seed42-1783534092279,0,353,1,1,1,2,20,9,0.000000,0.017000,0.050000,0.035000,0.008768,370.332000,1
_home_max_Documents_PhD_MAPF_LNS_MAPF_LNS_SAT_mapf-map_warehouse-20-40-10-2-2_map-_home_max_Documents_PhD_MAPF_LNS_MAPF_LNS_SAT_mapf-scen-even_scen-even_warehouse-20-40-10-2-2-even-1_scen-agents10-idx92-seed42-1783534093081,0,285,0,0,0,0,0,0,0.000000,0.000000,0.000000,0.000000,0.000000,351.500000,1
_home_max_Documents_PhD_MAPF_LNS_MAPF_LNS_SAT_mapf-map_warehouse-20-40-10-2-2_map-_home_max_Documents_PhD_MAPF_LNS_MAPF_LNS_SAT_mapf-scen-even_scen-even_warehouse-20-40-10-2-2-even-1_scen-agents10-idx93-seed42-1783534093885,0,394,1,1,1,4,22,9,0.000000,0.020000,0.077000,0.048000,0.012077,531.693000,1
_home_max_Documents_PhD_MAPF_LNS_MAPF_LNS_SAT_mapf-map_warehouse-20-40-10-2-2_map-_home_max_Documents_PhD_MAPF_LNS_MAPF_LNS_SAT_mapf-scen-even_scen-even_warehouse-20-40-10-2-2-even-1_scen-agents10-idx94-seed42-1783534094833,0,392,0,0,0,0,0,0,0.000000,0.000000,0.000000,0.000000,0.000000,447.613000,1
_home_max_Documents_PhD_MAPF_LNS_MAPF_LNS_SAT_mapf-map_warehouse-20-40-10-2-2_map-_home_max_Documents_PhD_MAPF_LNS_MAPF_LNS_SAT_mapf-scen-even_scen-even_warehouse-20-40-10-2-2-even-1_scen-agents10-idx95-seed42-1783534095685,0,417,1,1,1,2,25,10,0.000000,0.029000,0.064000,0.048000,0.009316,603.018000,1
_home_max_Documents_PhD_MAPF_LNS_MAPF_LNS_SAT_mapf-map_warehouse-20-40-10-2-2_map-_home_max_Documents_PhD_MAPF_LNS_MAPF_LNS_SAT_mapf-scen-even_scen-even_warehouse-20-40-10-2-2-even-1_scen-agents10-idx96-seed42-1783534096743,0,410,0,0,0,0,0,0,0.000000,0.000000,0.000000,0.000000,0.000000,454.766000,1
_home_max_Documents_PhD_MAPF_LNS_MAPF_LNS_SAT_mapf-map_warehouse-20-40-10-2-2_map-_home_max_Documents_PhD_MAPF_LNS_MAPF_LNS_SAT_mapf-scen-even_scen-even_warehouse-20-40-10-2-2-even-1_scen-agents10-idx97-seed42-1783534097648,0,448,0,0,0,0,0,0,0.000000,0.000000,0.000000,0.000000,0.000000,464.153000,1
_home_max_Documents_PhD_MAPF_LNS_MAPF_LNS_SAT_mapf-map_warehouse-20-40-10-2-2_map-_home_max_Documents_PhD_MAPF_LNS_MAPF_LNS_SAT_mapf-scen-even_scen-even_warehouse-20-40-10-2-2-even-1_scen-agents10-idx98-seed42-1783534098544,0,360,0,0,0,0,0,0,0.000000,0.000000,0.000000,0.000000,0.000000,383.842000,1
_home_max_Documents_PhD_MAPF_LNS_MAPF_LNS_SAT_mapf-map_warehouse-20-40-10-2-2_map-_home_max_Documents_PhD_MAPF_LNS_MAPF_LNS_SAT_mapf-scen-even_scen-even_warehouse-20-40-10-2-2-even-1_scen-agents10-idx99-seed42-1783534099346,0,446,0,0,0,0,0,0,0.000000,0.000000,0.000000,0.000000,0.000000,479.524000,1
_home_max_Documents_PhD_MAPF_LNS_MAPF_LNS_SAT_mapf-map_warehouse-20-40-10-2-2_map-_home_max_Documents_PhD_MAPF_LNS_MAPF_LNS_SAT_mapf-scen-even_scen-even_warehouse-20-40-10-2-2-even-1_scen-agents20-idx0-seed42-1783534100256,0,446,1,1,1,4,22,9,0.000000,0.022000,0.087000,0.058000,0.011970,1126.251000,1
_home_max_Documents_PhD_MAPF_LNS_MAPF_LNS_SAT_mapf-map_warehouse-20-40-10-2-2_map-_home_max_Documents_PhD_MAPF_LNS_MAPF_LNS_SAT_mapf-scen-even_scen-even_warehouse-20-40-10-2-2-even-1_scen-agents20-idx1-seed42-1783534102214,0,450,2,2,2,7,61,25,0.000000,0.070000,0.198000,0.124000,0.020635,1300.056000,1
_home_max_Documents_PhD_MAPF_LNS_MAPF_LNS_SAT_mapf-map_warehouse-20-40-10-2-2_map-_home_max_Documents_PhD_MAPF_LNS_MAPF_LNS_SAT_mapf-scen-even_scen-even_warehouse-20-40-10-2-2-even-1_scen-agents20-idx2-seed42-1783534104368,0,427,2,2,4,9,113,47,0.000000,0.162000,0.186000,0.131000,0.022841,1062.859000,1
_home_max_Documents_PhD_MAPF_LNS_MAPF_LNS_SAT_mapf-map_warehouse-20-40-10-2-2_map-_home_max_Documents_PhD_MAPF_LNS_MAPF_LNS_SAT_mapf-scen-even_scen-even_warehouse-20-40-10-2-2-even-1_scen-agents20-idx3-seed42-1783534106275,0,428,0,0,0,0,0,0,0.000000,0.000000,0.000000,0.000000,0.000000,1070.948000,1
_home_max_Documents_PhD_MAPF_LNS_MAPF_LNS_SAT_mapf-map_warehouse-20-40-10-2-2_map-_home_max_Documents_PhD_MAPF_LNS_MAPF_LNS_SAT_mapf-scen-even_scen-even_warehouse-20-40-10-2-2-even-1_scen-agents20-idx4-seed42-1783534108178,0,433,3,2,10,20,375,155,0.000000,0.224000,0.451000,0.333000,0.040434,1298.345000,1
_home_max_Documents_PhD_MAPF_LNS_MAPF_LNS_SAT_mapf-map_warehouse-20-40-10-2-2_map-_home_max_Documents_PhD_MAPF_LNS_MAPF_LNS_SAT_mapf-scen-even_scen-even_warehouse-20-40-10-2-2-even-1_scen-agents20-idx5-seed42-1783534110333,0,452,1,1,1,4,22,9,0.000000,0.022000,0.077000,0.049000,0.010905,1253.760000,1
_home_max_Documents_PhD_MAPF_LNS_MAPF_LNS_SAT_mapf-map_warehouse-20-40-10-2-2_map-_home_max_Documents_PhD_MAPF_LNS_MAPF_LNS_SAT_mapf-scen-even_scen-even_warehouse-20-40-10-2-2-even-1_scen-agents20-idx6-seed42-1783534112437,0,460,2,2,4,11,115,47,0.000000,0.170000,0.222000,0.153000,0.026323,1162.931000,1
_home_max_Documents_PhD_MAPF_LNS_MAPF_LNS_SAT_mapf-map_warehouse-20-40-10-2-2_map-_home_max_Documents_PhD_MAPF_LNS_MAPF_LNS_SAT_mapf-scen-even_scen-even_warehouse-20-40-10-2-2-even-1_scen-agents20-idx7-seed42-1783534114445,0,414,2,2,2,5,40,19,0.000000,0.026000,0.111000,0.073000,0.014094,1119.909000,1
_home_max_Documents_PhD_MAPF_LNS_MAPF_LNS_SAT_mapf-map_warehouse-20-40-10-2-2_map-_home_max_Documents_PhD_MAPF_LNS_MAPF_LNS_SAT_mapf-scen-even_scen-even_warehouse-20-40-10-2-2-even-1_scen-agents20-idx8-seed42-1783534116449,0,445,2,2,4,8,117,48,0.000000,0.144000,0.307000,0.220000,0.056975,1420.107000,1
_home_max_Documents_PhD_MAPF_LNS_MAPF_LNS_SAT_mapf-map_warehouse-20-40-10-2-2_map-_home_max_Documents_PhD_MAPF_LNS_MAPF_LNS_SAT_mapf-scen-even_scen-even_warehouse-20-40-10-2-2-even-1_scen-agents20-idx9-seed42-1783534118705,0,452,2,2,5,10,121,53,0.000000,0.078000,0.202000,0.142000,0.023140,1177.673000,1
_home_max_Documents_PhD_MAPF_LNS_MAPF_LNS_SAT_mapf-map_warehouse-20-40-10-2-2_map-_home_max_Documents_PhD_MAPF_LNS_MAPF_LNS_SAT_mapf-scen-even_scen-even_warehouse-20-40-10-2-2-even-1_scen-agents20-idx10-seed42-1783534120710,0,460,0,0,0,0,0,0,0.000000,0.000000,0.000000,0.000000,0.000000,1124.400000,1
_home_max_Documents_PhD_MAPF_LNS_MAPF_LNS_SAT_mapf-map_warehouse-20-40-10-2-2_map-_home_max_Documents_PhD_MAPF_LNS_MAPF_LNS_SAT_mapf-scen-even_scen-even_warehouse-20-40-10-2-2-even-1_scen-agents20-idx11-seed42-1783534122668,0,427,2,2,2,6,42,18,0.000000,0.044000,0.143000,0.094000,0.017050,1138.087000,1
_home_max_Documents_PhD_MAPF_LNS_MAPF_LNS_SAT_mapf-map_warehouse-20-40-10-2-2_map-_home_max_Documents_PhD_MAPF_LNS_MAPF_LNS_SAT_mapf-scen-even_scen-even_warehouse-20-40-10-2-2-even-1_scen-agents20-idx12-seed42-1783534124667,0,447,2,2,4,9,118,48,0.000000,0.106000,0.258000,0.178000,0.030250,1152.701000,1
_home_max_Documents_PhD_MAPF_LNS_MAPF_LNS_SAT_mapf-map_warehouse-20-40-10-2-2_map-_home_max_Documents_PhD_MAPF_LNS_MAPF_LNS_SAT_mapf-scen-even_scen-even_warehouse-20-40-10-2-2-even-1_scen-agents20-idx13-seed42-1783534126674,0,434,3,2,8,14,296,125,0.000000,0.315000,0.425000,0.333000,0.051074,1472.617000,1
_home_max_Documents_PhD_MAPF_LNS_MAPF_LNS_SAT_mapf-map_warehouse-20-40-10-2-2_map-_home_max_Documents_PhD_MAPF_LNS_MAPF_LNS_SAT_mapf-scen-even_scen-even_warehouse-20-40-10-2-2-even-1_scen-agents20-idx14-seed42-1783534129126,0,452,3,2,8,17,304,126,0.000000,0.515000,0.376000,0.280000,0.034870,1228.605000,1
_home_max_Documents_PhD_MAPF_LNS_MAPF_LNS_SAT_mapf-map_warehouse-20-40-10-2-2_map-_home_max_Documents_PhD_MAPF_LNS_MAPF_LNS_SAT_mapf-scen-even_scen-even_warehouse-20-40-10-2-2-even-1_scen-agents20-idx15-seed42-1783534131184,0,466,5,4,12,25,504,189,0.000000,0.370000,0.606000,0.457000,0.054724,1287.333000,1
_home_max_Documents_PhD_MAPF_LNS_MAPF_LNS_SAT_mapf-map_warehouse-20-40-10-2-2_map-_home_max_Documents_PhD_MAPF_LNS_MAPF_LNS_SAT_mapf-scen-even_scen-even_warehouse-20-40-10-2-2-even-1_scen-agents20-idx16-seed42-1783534133290,0,359,3,2,8,15,310,122,0.000000,0.296000,0.331000,0.252000,0.027913,872.422000,1
_home_max_Documents_PhD_MAPF_LNS_MAPF_LNS_SAT_mapf-map_warehouse-20-40-10-2-2_map-_home_max_Documents_PhD_MAPF_LNS_MAPF_LNS_SAT_mapf-scen-even_scen-even_warehouse-20-40-10-2-2-even-1_scen-agents20-idx17-seed42-1783534134998,0,462,3,2,6,12,192,84,0.000000,0.168000,0.254000,0.188000,0.020215,966.370000,1
_home_max_Documents_PhD_MAPF_LNS_MAPF_LNS_SAT_mapf-map_warehouse-20-40-10-2-2_map-_home_max_Documents_PhD_MAPF_LNS_MAPF_LNS_SAT_mapf-scen-even_scen-even_warehouse-20-40-10-2-2-even-1_scen-agents20-idx18-seed42-1783534136806,0,435,0,0,0,0,0,0,0.000000,0.000000,0.000000,0.000000,0.000000,1163.451000,1
_home_max_Documents_PhD_MAPF_LNS_MAPF_LNS_SAT_mapf-map_warehouse-20-40-10-2-2_map-_home_max_Documents_PhD_MAPF_LNS_MAPF_LNS_SAT_mapf-scen-even_scen-even_warehouse-20-40-10-2-2-even-1_scen-agents20-idx19-seed42-1783534138813,0,462,3,3,5,13,152,59,0.000000,0.103000,0.310000,0.208000,0.033651,1142.576000,1
_home_max_Documents_PhD_MAPF_LNS_MAPF_LNS_SAT_mapf-map_warehouse-20-40-10-2-2_map-_home_max_Documents_PhD_MAPF_LNS_MAPF_LNS_SAT_mapf-scen-even_scen-even_warehouse-20-40-10-2-2-even-1_scen-agents20-idx20-seed42-1783534140768,0,439,1,1,2,3,28,15,0.000000,0.015000,0.065000,0.047000,0.010578,964.870000,1
_home_max_Documents_PhD_MAPF_LNS_MAPF_LNS_SAT_mapf-map_warehouse-20-40-10-2-2_map-_home_max_Documents_PhD_MAPF_LNS_MAPF_LNS_SAT_mapf-scen-even_scen-even_warehouse-20-40-10-2-2-even-1_scen-agents20-idx21-seed42-1783534142519,0,447,3,3,4,9,100,47,0.001000,0.095000,0.236000,0.160000,0.027992,1096.290000,1
_home_max_Documents_PhD_MAPF_LNS_MAPF_LNS_SAT_mapf-map_warehouse-20-40-10-2-2_map-_home_max_Documents_PhD_MAPF_LNS_MAPF_LNS_SAT_mapf-scen-even_scen-even_warehouse-20-40-10-2-2-even-1_scen-agents20-idx22-seed42-1783534144431,0,441,3,3,4,10,81,37,0.000000,0.081000,0.231000,0.150000,0.022316,1189.170000,1
_home_max_Documents_PhD_MAPF_LNS_MAPF_LNS_SAT_mapf-map_warehouse-20-40-10-2-2_map-_home_max_Documents_PhD_MAPF_LNS_MAPF_LNS_SAT_mapf-scen-even_scen-even_warehouse-20-40-10-2-2-even-1_scen-agents20-idx23-seed42-1783534146431,0,444,3,2,7,12,233,96,0.000000,0.309000,0.362000,0.263000,0.029002,971.462000,1
_home_max_Documents_PhD_MAPF_LNS_MAPF_LNS_SAT_mapf-map_warehouse-20-40-10-2-2_map-_home_max_Documents_PhD_MAPF_LNS_MAPF_LNS_SAT_mapf-scen-even_scen-even_warehouse-20-40-10-2-2-even-1_scen-agents20-idx24-seed42-1783534148186,0,415,2,1,5,9,167,73,0.000000,0.120000,0.208000,0.155000,0.019547,1029.710000,1
_home_max_Documents_PhD_MAPF_LNS_MAPF_LNS_SAT_mapf-map_warehouse-20-40-10-2-2_map-_home_max_Documents_PhD_MAPF_LNS_MAPF_LNS_SAT_mapf-scen-even_scen-even_warehouse-20-40-10-2-2-even-1_scen-agents20-idx25-seed42-1783534150044,0,454,1,1,3,7,93,38,0.000000,0.074000,0.148000,0.106000,0.019134,1238.225000,1
_home_max_Documents_PhD_MAPF_LNS_MAPF_LNS_SAT_mapf-map_warehouse-20-40-10-2-2_map-_home_max_Documents_PhD_MAPF_LNS_MAPF_LNS_SAT_mapf-scen-even_scen-even_warehouse-20-40-10-2-2-even-1_scen-agents20-idx26-seed42-1783534152096,0,419,4,3,11,24,397,164,0.000000,0.227000,0.473000,0.349000,0.044230,923.317000,1
_home_max_Documents_PhD_MAPF_LNS_MAPF_LNS_SAT_mapf-map_warehouse-20-40-10-2-2_map-_home_max_Documents_PhD_MAPF_LNS_MAPF_LNS_SAT_mapf-scen-even_scen-even_warehouse-20-40-10-2-2-even-1_scen-agents20-idx27-seed42-1783534153800,0,432,1,1,1,1,20,11,0.000000,0.011000,0.042000,0.033000,0.008696,1073.996000,1
_home_max_Documents_PhD_MAPF_LNS_MAPF_LNS_SAT_mapf-map_warehouse-20-40-10-2-2_map-_home_max_Documents_PhD_MAPF_LNS_MAPF_LNS_SAT_mapf-scen-even_scen-even_warehouse-20-40-10-2-2-even-1_scen-agents20-idx28-seed42-1783534155708,0,442,6,5,19,41,678,273,0.000000,0.411000,0.878000,0.642000,0.075139,1241.601000,1
_home_max_Documents_PhD_MAPF_LNS_MAPF_LNS_SAT_mapf-map_warehouse-20-40-10-2-2_map-_home_max_Documents_PhD_MAPF_LNS_MAPF_LNS_SAT_mapf-scen-even_scen-even_warehouse-20-40-10-2-2-even-1_scen-agents20-idx29-seed42-1783534157762,0,435,0,0,0,0,0,0,0.000000,0.000000,0.000000,0.000000,0.000000,991.189000,1
_home_max_Documents_PhD_MAPF_LNS_MAPF_LNS_SAT_mapf-map_warehouse-20-40-10-2-2_map-_home_max_Documents_PhD_MAPF_LNS_MAPF_LNS_SAT_mapf-scen-even_scen-even_warehouse-20-40-10-2-2-even-1_scen-agents20-idx30-seed42-1783534159568,0,426,3,2,8,15,307,127,0.000000,0.474000,0.351000,0.269000,0.033107,1003.516000,1
_home_max_Documents_PhD_MAPF_LNS_MAPF_LNS_SAT_mapf-map_warehouse-20-40-10-2-2_map-_home_max_Documents_PhD_MAPF_LNS_MAPF_LNS_SAT_mapf-scen-even_scen-even_warehouse-20-40-10-2-2-even-1_scen-agents20-idx31-seed42-1783534161370,0,429,1,1,1,2,20,9,0.000000,0.019000,0.053000,0.039000,0.010874,1040.068000,1
_home_max_Documents_PhD_MAPF_LNS_MAPF_LNS_SAT_mapf-map_warehouse-20-40-10-2-2_map-_home_max_Documents_PhD_MAPF_LNS_MAPF_LNS_SAT_mapf-scen-even_scen-even_warehouse-20-40-10-2-2-even-1_scen-agents20-idx32-seed42-1783534163225,0,451,4,4,6,15,148,63,0.000000,0.112000,0.283000,0.193000,0.026895,1154.311000,1
_home_max_Documents_PhD_MAPF_LNS_MAPF_LNS_SAT_mapf-map_warehouse-20-40-10-2-2_map-_home_max_Documents_PhD_MAPF_LNS_MAPF_LNS_SAT_mapf-scen-even_scen-even_warehouse-20-40-10-2-2-even-1_scen-agents20-idx33-seed42-1783534165180,0,462,5,5,8,22,188,81,0.000000,0.156000,0.383000,0.241000,0.033280,1390.304000,1
_home_max_Documents_PhD_MAPF_LNS_MAPF_LNS_SAT_mapf-map_warehouse-20-40-10-2-2_map-_home_max_Documents_PhD_MAPF_LNS_MAPF_LNS_SAT_mapf-scen-even_scen-even_warehouse-20-40-10-2-2-even-1_scen-agents20-idx34-seed42-1783534167387,0,450,3,2,8,14,368,138,0.000000,0.495000,0.379000,0.305000,0.033408,997.594000,1
_home_max_Documents_PhD_MAPF_LNS_MAPF_LNS_SAT_mapf-map_warehouse-20-40-10-2-2_map-_home_max_Documents_PhD_MAPF_LNS_MAPF_LNS_SAT_mapf-scen-even_scen-even_warehouse-20-40-10-2-2-even-1_scen-agents20-idx35-seed42-1783534169191,0,465,0,0,0,0,0,0,0.000000,0.000000,0.000000,0.000000,0.000000,1005.484000,1
_home_max_Documents_PhD_MAPF_LNS_MAPF_LNS_SAT_mapf-map_warehouse-20-40-10-2-2_map-_home_max_Documents_PhD_MAPF_LNS_MAPF_LNS_SAT_mapf-scen-even_scen-even_warehouse-20-40-10-2-2-even-1_scen-agents20-idx36-seed42-1783534170998,0,387,1,1,1,1,26,14,0.000000,0.019000,0.052000,0.042000,0.008840,969.100000,1
_home_max_Documents_PhD_MAPF_LNS_MAPF_LNS_SAT_mapf-map_warehouse-20-40-10-2-2_map-_home_max_Documents_PhD_MAPF_LNS_MAPF_LNS_SAT_mapf-scen-even_scen-even_warehouse-20-40-10-2-2-even-1_scen-agents20-idx37-seed42-1783534172807,0,447,0,0,0,0,0,0,0.000000,0.000000,0.000000,0.000000,0.000000,1086.863000,1
_home_max_Documents_PhD_MAPF_LNS_MAPF_LNS_SAT_mapf-map_warehouse-20-40-10-2-2_map-_home_max_Documents_PhD_MAPF_LNS_MAPF_LNS_SAT_mapf-scen-even_scen-even_warehouse-20-40-10-2-2-even-1_scen-agents20-idx38-seed42-1783534174710,0,459,1,1,1,4,22,9,0.002000,0.056000,0.218000,0.138000,0.034111,1202.786000,1
_home_max_Documents_PhD_MAPF_LNS_MAPF_LNS_SAT_mapf-map_warehouse-20-40-10-2-2_map-_home_max_Documents_PhD_MAPF_LNS_MAPF_LNS_SAT_mapf-scen-even_scen-even_warehouse-20-40-10-2-2-even-1_scen-agents20-idx39-seed42-1783534176818,0,412,0,0,0,0,0,0,0.000000,0.000000,0.000000,0.000000,0.000000,1148.390000,1
_home_max_Documents_PhD_MAPF_LNS_MAPF_LNS_SAT_mapf-map_warehouse-20-40-10-2-2_map-_home_max_Documents_PhD_MAPF_LNS_MAPF_LNS_SAT_mapf-scen-even_scen-even_warehouse-20-40-10-2-2-even-1_scen-agents20-idx40-seed42-1783534178772,0,440,0,0,0,0,0,0,0.000000,0.000000,0.000000,0.000000,0.000000,1124.736000,1
_home_max_Documents_PhD_MAPF_LNS_MAPF_LNS_SAT_mapf-map_warehouse-20-40-10-2-2_map-_home_max_Documents_PhD_MAPF_LNS_MAPF_LNS_SAT_mapf-scen-even_scen-even_warehouse-20-40-10-2-2-even-1_scen-agents20-idx41-seed42-1783534180731,0,457,1,1,1,4,22,9,0.000000,0.014000,0.072000,0.047000,0.010692,1063.306000,1
_home_max_Documents_PhD_MAPF_LNS_MAPF_LNS_SAT_mapf-map_warehouse-20-40-10-2-2_map-_home_max_Documents_PhD_MAPF_LNS_MAPF_LNS_SAT_mapf-scen-even_scen-even_warehouse-20-40-10-2-2-even-1_scen-agents20-idx42-seed42-1783534182637,0,462,2,1,7,13,282,117,0.000000,0.167000,0.344000,0.260000,0.032194,1206.358000,1
_home_max_Documents_PhD_MAPF_LNS_MAPF_LNS_SAT_mapf-map_warehouse-20-40-10-2-2_map-_home_max_Documents_PhD_MAPF_LNS_MAPF_LNS_SAT_mapf-scen-even_scen-even_warehouse-20-40-10-2-2-even-1_scen-agents20-idx43-seed42-1783534184693,0,435,3,2,8,14,306,126,0.000000,0.150000,0.326000,0.253000,0.036378,1069.776000,1
_home_max_Documents_PhD_MAPF_LNS_MAPF_LNS_SAT_mapf-map_warehouse-20-40-10-2-2_map-_home_max_Documents_PhD_MAPF_LNS_MAPF_LNS_SAT_mapf-scen-even_scen-even_warehouse-20-40-10-2-2-even-1_scen-agents20-idx44-seed42-1783534186601,0,432,8,7,11,33,255,110,0.000000,0.180000,0.511000,0.322000,0.037901,1120.551000,1
_home_max_Documents_PhD_MAPF_LNS_MAPF_LNS_SAT_mapf-map_warehouse-20-40-10-2-2_map-_home_max_Documents_PhD_MAPF_LNS_MAPF_LNS_SAT_mapf-scen-even_scen-even_warehouse-20-40-10-2-2-even-1_scen-agents20-idx45-seed42-1783534188556,0,464,1,1,1,2,20,9,0.000000,0.018000,0.051000,0.037000,0.008855,1094.983000,1
_home_max_Documents_PhD_MAPF_LNS_MAPF_LNS_SAT_mapf-map_warehouse-20-40-10-2-2_map-_home_max_Documents_PhD_MAPF_LNS_MAPF_LNS_SAT_mapf-scen-even_scen-even_warehouse-20-40-10-2-2-even-1_scen-agents20-idx46-seed42-1783534190459,0,394,1,1,1,4,22,9,0.000000,0.011000,0.067000,0.043000,0.010858,888.640000,1
_home_max_Documents_PhD_MAPF_LNS_MAPF_LNS_SAT_mapf-map_warehouse-20-40-10-2-2_map-_home_max_Documents_PhD_MAPF_LNS_MAPF_LNS_SAT_mapf-scen-even_scen-even_warehouse-20-40-10-2-2-even-1_scen-agents20-idx47-seed42-1783534192165,0,417,3,2,8,17,304,126,0.000000,0.408000,0.368000,0.271000,0.032698,1099.701000,1
_home_max_Documents_PhD_MAPF_LNS_MAPF_LNS_SAT_mapf-map_warehouse-20-40-10-2-2_map-_home_max_Documents_PhD_MAPF_LNS_MAPF_LNS_SAT_mapf-scen-even_scen-even_warehouse-20-40-10-2-2-even-1_scen-agents20-idx48-seed42-1783534194070,0,448,2,2,2,3,49,20,0.000000,0.043000,0.100000,0.075000,0.015688,1031.949000,1
_home_max_Documents_PhD_MAPF_LNS_MAPF_LNS_SAT_mapf-map_warehouse-20-40-10-2-2_map-_home_max_Documents_PhD_MAPF_LNS_MAPF_LNS_SAT_mapf-scen-even_scen-even_warehouse-20-40-10-2-2-even-1_scen-agents20-idx49-seed42-1783534195932,0,446,1,1,1,4,22,9,0.000000,0.020000,0.073000,0.048000,0.009859,921.692000,1
_home_max_Documents_PhD_MAPF_LNS_MAPF_LNS_SAT_mapf-map_warehouse-20-40-10-2-2_map-_home_max_Documents_PhD_MAPF_LNS_MAPF_LNS_SAT_mapf-scen-even_scen-even_warehouse-20-40-10-2-2-even-2_scen-agents20-idx0-seed42-1783534197685,0,442,6,4,16,30,633,257,0.000000,0.736000,0.725000,0.552000,0.063681,1216.521000,1
_home_max_Documents_PhD_MAPF_LNS_MAPF_LNS_SAT_mapf-map_warehouse-20-40-10-2-2_map-_home_max_Documents_PhD_MAPF_LNS_MAPF_LNS_SAT_mapf-scen-even_scen-even_warehouse-20-40-10-2-2-even-2_scen-agents20-idx1-seed42-1783534199745,0,455,2,2,3,4,52,25,0.000000,0.044000,0.115000,0.088000,0.018911,1102.393000,1
_home_max_Documents_PhD_MAPF_LNS_MAPF_LNS_SAT_mapf-map_warehouse-20-40-10-2-2_map-_home_max_Documents_PhD_MAPF_LNS_MAPF_LNS_SAT_mapf-scen-even_scen-even_warehouse-20-40-10-2-2-even-2_scen-agents20-idx2-seed42-1783534201702,0,449,0,0,0,0,0,0,0.000000,0.000000,0.000000,0.000000,0.000000,998.746000,1
_home_max_Documents_PhD_MAPF_LNS_MAPF_LNS_SAT_mapf-map_warehouse-20-40-10-2-2_map-_home_max_Documents_PhD_MAPF_LNS_MAPF_LNS_SAT_mapf-scen-even_scen-even_warehouse-20-40-10-2-2-even-2_scen-agents20-idx3-seed42-1783534203503,0,465,6,5,14,28,449,189,0.000000,0.483000,0.614000,0.446000,0.053269,1244.370000,1
_home_max_Documents_PhD_MAPF_LNS_MAPF_LNS_SAT_mapf-map_warehouse-20-40-10-2-2_map-_home_max_Documents_PhD_MAPF_LNS_MAPF_LNS_SAT_mapf-scen-even_scen-even_warehouse-20-40-10-2-2-even-2_scen-agents20-idx4-seed42-1783534205560,0,427,1,1,3,7,93,38,0.000000,0.058000,0.136000,0.098000,0.018977,1043.737000,1
_home_max_Documents_PhD_MAPF_LNS_MAPF_LNS_SAT_mapf-map_warehouse-20-40-10-2-2_map-_home_max_Documents_PhD_MAPF_LNS_MAPF_LNS_SAT_mapf-scen-even_scen-even_warehouse-20-40-10-2-2-even-2_scen-agents20-idx5-seed42-1783534207421,0,465,0,0,0,0,0,0,0.000000,0.000000,0.000000,0.000000,0.000000,1286.779000,1
_home_max_Documents_PhD_MAPF_LNS_MAPF_LNS_SAT_mapf-map_warehouse-20-40-10-2-2_map-_home_max_Documents_PhD_MAPF_LNS_MAPF_LNS_SAT_mapf-scen-even_scen-even_warehouse-20-40-10-2-2-even-2_scen-agents20-idx6-seed42-1783534209576,0,450,4,4,4,12,94,38,0.000000,0.081000,0.247000,0.163000,0.021508,1258.127000,1
_home_max_Documents_PhD_MAPF_LNS_MAPF_LNS_SAT_mapf-map_warehouse-20-40-10-2-2_map-_home_max_Documents_PhD_MAPF_LNS_MAPF_LNS_SAT_mapf-scen-even_scen-even_warehouse-20-40-10-2-2-even-2_scen-agents20-idx7-seed42-1783534211683,0,447,0,0,0,0,0,0,0.000000,0.000000,0.000000,0.000000,0.000000,1110.365000,1
_home_max_Documents_PhD_MAPF_LNS_MAPF_LNS_SAT_mapf-map_warehouse-20-40-10-2-2_map-_home_max_Documents_PhD_MAPF_LNS_MAPF_LNS_SAT_mapf-scen-even_scen-even_warehouse-20-40-10-2-2-even-2_scen-agents20-idx8-seed42-1783534213584,0,422,0,0,0,0,0,0,0.000000,0.000000,0.000000,0.000000,0.000000,1090.528000,1
_home_max_Documents_PhD_MAPF_LNS_MAPF_LNS_SAT_mapf-map_warehouse-20-40-10-2-2_map-_home_max_Documents_PhD_MAPF_LNS_MAPF_LNS_SAT_mapf-scen-even_scen-even_warehouse-20-40-10-2-2-even-2_scen-agents20-idx9-seed42-1783534215490,0,440,2,1,7,13,282,117,0.000000,0.415000,0.301000,0.235000,0.029159,1131.609000,1
_home_max_Documents_PhD_MAPF_LNS_MAPF_LNS_SAT_mapf-map_warehouse-20-40-10-2-2_map-_home_max_Documents_PhD_MAPF_LNS_MAPF_LNS_SAT_mapf-scen-even_scen-even_warehouse-20-40-10-2-2-even-2_scen-agents20-idx10-seed42-1783534217497,0,460,5,4,11,19,311,136,0.002000,0.240000,0.483000,0.361000,0.044350,1425.476000,1
_home_max_Documents_PhD_MAPF_LNS_MAPF_LNS_SAT_mapf-map_warehouse-20-40-10-2-2_map-_home_max_Documents_PhD_MAPF_LNS_MAPF_LNS_SAT_mapf-scen-even_scen-even_warehouse-20-40-10-2-2-even-2_scen-agents20-idx11-seed42-1783534219805,0,459,3,3,3,7,66,28,0.000000,0.049000,0.149000,0.099000,0.015188,1316.417000,1
_home_max_Documents_PhD_MAPF_LNS_MAPF_LNS_SAT_mapf-map_warehouse-20-40-10-2-2_map-_home_max_Documents_PhD_MAPF_LNS_MAPF_LNS_SAT_mapf-scen-even_scen-even_warehouse-20-40-10-2-2-even-2_scen-agents20-idx12-seed42-1783534222009,0,450,1,1,1,2,25,10,0.000000,0.014000,0.056000,0.039000,0.009462,983.486000,1
_home_max_Documents_PhD_MAPF_LNS_MAPF_LNS_SAT_mapf-map_warehouse-20-40-10-2-2_map-_home_max_Documents_PhD_MAPF_LNS_MAPF_LNS_SAT_mapf-scen-even_scen-even_warehouse-20-40-10-2-2-even-2_scen-agents20-idx13-seed42-1783534223813,0,412,2,2,2,6,47,19,0.000000,0.035000,0.118000,0.078000,0.016713,1110.698000,1
_home_max_Documents_PhD_MAPF_LNS_MAPF_LNS_SAT_mapf-map_warehouse-20-40-10-2-2_map-_home_max_Documents_PhD_MAPF_LNS_MAPF_LNS_SAT_mapf-scen-even_scen-even_warehouse-20-40-10-2-2-even-2_scen-agents20-idx14-seed42-1783534225714,0,434,0,0,0,0,0,0,0.000000,0.000000,0.000000,0.000000,0.000000,1084.012000,1
_home_max_Documents_PhD_MAPF_LNS_MAPF_LNS_SAT_mapf-map_warehouse-20-40-10-2-2_map-_home_max_Documents_PhD_MAPF_LNS_MAPF_LNS_SAT_mapf-scen-even_scen-even_warehouse-20-40-10-2-2-even-2_scen-agents20-idx15-seed42-1783534227625,0,439,0,0,0,0,0,0,0.000000,0.000000,0.000000,0.000000,0.000000,1002.899000,1
_home_max_Documents_PhD_MAPF_LNS_MAPF_LNS_SAT_mapf-map_warehouse-20-40-10-2-2_map-_home_max_Documents_PhD_MAPF_LNS_MAPF_LNS_SAT_mapf-scen-even_scen-even_warehouse-20-40-10-2-2-even-2_scen-agents20-idx16-seed42-1783534229428,0,446,2,1,5,9,200,79,0.000000,0.324000,0.224000,0.177000,0.015734,1128.945000,1
_home_max_Documents_PhD_MAPF_LNS_MAPF_LNS_SAT_mapf-map_warehouse-20-40-10-2-2_map-_home_max_Documents_PhD_MAPF_LNS_MAPF_LNS_SAT_mapf-scen-even_scen-even_warehouse-20-40-10-2-2-even-2_scen-agents20-idx17-seed42-1783534231389,0,423,0,0,0,0,0,0,0.000000,0.000000,0.000000,0.000000,0.000000,946.112000,1
_home_max_Documents_PhD_MAPF_LNS_MAPF_LNS_SAT_mapf-map_warehouse-20-40-10-2-2_map-_home_max_Documents_PhD_MAPF_LNS_MAPF_LNS_SAT_mapf-scen-even_scen-even_warehouse-20-40-10-2-2-even-2_scen-agents20-idx18-seed42-1783534233143,0,452,1,1,1,4,23,10,0.000000,0.022000,0.070000,0.045000,0.009583,1102.007000,1
_home_max_Documents_PhD_MAPF_LNS_MAPF_LNS_SAT_mapf-map_warehouse-20-40-10-2-2_map-_home_max_Documents_PhD_MAPF_LNS_MAPF_LNS_SAT_mapf-scen-even_scen-even_warehouse-20-40-10-2-2-even-2_scen-agents20-idx19-seed42-1783534235053,0,448,0,0,0,0,0,0,0.000000,0.000000,0.000000,0.000000,0.000000,1012.410000,1
_home_max_Documents_PhD_MAPF_LNS_MAPF_LNS_SAT_mapf-map_warehouse-20-40-10-2-2_map-_home_max_Documents_PhD_MAPF_LNS_MAPF_LNS_SAT_mapf-scen-even_scen-even_warehouse-20-40-10-2-2-even-2_scen-agents20-idx20-seed42-1783534236855,0,463,0,0,0,0,0,0,0.000000,0.000000,0.000000,0.000000,0.000000,1245.537000,1
_home_max_Documents_PhD_MAPF_LNS_MAPF_LNS_SAT_mapf-map_warehouse-20-40-10-2-2_map-_home_max_Documents_PhD_MAPF_LNS_MAPF_LNS_SAT_mapf-scen-even_scen-even_warehouse-20-40-10-2-2-even-2_scen-agents20-idx21-seed42-1783534238913,0,461,5,4,12,22,411,172,0.001000,0.311000,0.598000,0.439000,0.051901,1203.686000,1
_home_max_Documents_PhD_MAPF_LNS_MAPF_LNS_SAT_mapf-map_warehouse-20-40-10-2-2_map-_home_max_Documents_PhD_MAPF_LNS_MAPF_LNS_SAT_mapf-scen-even_scen-even_warehouse-20-40-10-2-2-even-2_scen-agents20-idx22-seed42-1783534240975,0,419,4,4,4,8,85,38,0.000000,0.092000,0.171000,0.116000,0.017691,1129.229000,1
_home_max_Documents_PhD_MAPF_LNS_MAPF_LNS_SAT_mapf-map_warehouse-20-40-10-2-2_map-_home_max_Documents_PhD_MAPF_LNS_MAPF_LNS_SAT_mapf-scen-even_scen-even_warehouse-20-40-10-2-2-even-2_scen-agents20-idx23-seed42-1783534242929,0,464,0,0,0,0,0,0,0.000000,0.000000,0.000000,0.000000,0.000000,1072.476000,1
_home_max_Documents_PhD_MAPF_LNS_MAPF_LNS_SAT_mapf-map_warehouse-20-40-10-2-2_map-_home_max_Documents_PhD_MAPF_LNS_MAPF_LNS_SAT_mapf-scen-even_scen-even_warehouse-20-40-10-2-2-even-2_scen-agents20-idx24-seed42-1783534244834,0,441,1,1,2,3,32,17,0.000000,0.031000,0.067000,0.050000,0.010943,1111.891000,1
_home_max_Documents_PhD_MAPF_LNS_MAPF_LNS_SAT_mapf-map_warehouse-20-40-10-2-2_map-_home_max_Documents_PhD_MAPF_LNS_MAPF_LNS_SAT_mapf-scen-even_scen-even_warehouse-20-40-10-2-2-even-2_scen-agents20-idx25-seed42-1783534246841,0,443,3,2,6,10,219,88,0.000000,0.144000,0.246000,0.191000,0.021196,1093.270000,1
_home_max_Documents_PhD_MAPF_LNS_MAPF_LNS_SAT_mapf-map_warehouse-20-40-10-2-2_map-_home_max_Documents_PhD_MAPF_LNS_MAPF_LNS_SAT_mapf-scen-even_scen-even_warehouse-20-40-10-2-2-even-2_scen-agents20-idx26-seed42-1783534248746,0,456,2,2,4,6,127,50,0.000000,0.109000,0.175000,0.139000,0.018008,1125.010000,1
_home_max_Documents_PhD_MAPF_LNS_MAPF_LNS_SAT_mapf-map_warehouse-20-40-10-2-2_map-_home_max_Documents_PhD_MAPF_LNS_MAPF_LNS_SAT_mapf-scen-even_scen-even_warehouse-20-40-10-2-2-even-2_scen-agents20-idx27-seed42-1783534250705,0,462,3,2,6,10,195,85,0.000000,0.113000,0.222000,0.170000,0.018453,1116.252000,1
_home_max_Documents_PhD_MAPF_LNS_MAPF_LNS_SAT_mapf-map_warehouse-20-40-10-2-2_map-_home_max_Documents_PhD_MAPF_LNS_MAPF_LNS_SAT_mapf-scen-even_scen-even_warehouse-20-40-10-2-2-even-2_scen-agents20-idx28-seed42-1783534252663,0,416,3,2,7,12,271,119,0.000000,0.524000,0.303000,0.231000,0.028164,1113.839000,1
_home_max_Documents_PhD_MAPF_LNS_MAPF_LNS_SAT_mapf-map_warehouse-20-40-10-2-2_map-_home_max_Documents_PhD_MAPF_LNS_MAPF_LNS_SAT_mapf-scen-even_scen-even_warehouse-20-40-10-2-2-even-2_scen-agents20-idx29-seed42-1783534254567,0,415,2,2,3,5,41,22,0.000000,0.027000,0.105000,0.071000,0.014616,1018.459000,1
_home_max_Documents_PhD_MAPF_LNS_MAPF_LNS_SAT_mapf-map_warehouse-20-40-10-2-2_map-_home_max_Documents_PhD_MAPF_LNS_MAPF_LNS_SAT_mapf-scen-even_scen-even_warehouse-20-40-10-2-2-even-2_scen-agents20-idx30-seed42-1783534256373,0,451,2,2,4,7,168,69,0.000000,0.189000,0.261000,0.200000,0.027447,1158.606000,1
_home_max_Documents_PhD_MAPF_LNS_MAPF_LNS_SAT_mapf-map_warehouse-20-40-10-2-2_map-_home_max_Documents_PhD_MAPF_LNS_MAPF_LNS_SAT_mapf-scen-even_scen-even_warehouse-20-40-10-2-2-even-2_scen-agents20-idx31-seed42-1783534258332,0,445,2,2,2,5,46,19,0.000000,0.046000,0.122000,0.086000,0.014771,1094.203000,1
_home_max_Documents_PhD_MAPF_LNS_MAPF_LNS_SAT_mapf-map_warehouse-20-40-10-2-2_map-_home_max_Documents_PhD_MAPF_LNS_MAPF_LNS_SAT_mapf-scen-even_scen-even_warehouse-20-40-10-2-2-even-2_scen-agents20-idx32-seed42-1783534260237,0,462,0,0,0,0,0,0,0.000000,0.000000,0.000000,0.000000,0.000000,1123.674000,1
_home_max_Documents_PhD_MAPF_LNS_MAPF_LNS_SAT_mapf-map_warehouse-20-40-10-2-2_map-_home_max_Documents_PhD_MAPF_LNS_MAPF_LNS_SAT_mapf-scen-even_scen-even_warehouse-20-40-10-2-2-even-2_scen-agents20-idx33-seed42-1783534262195,0,434,1,1,1,4,22,9,0.000000,0.016000,0.069000,0.044000,0.009678,1073.532000,1
_home_max_Documents_PhD_MAPF_LNS_MAPF_LNS_SAT_mapf-map_warehouse-20-40-10-2-2_map-_home_max_Documents_PhD_MAPF_LNS_MAPF_LNS_SAT_mapf-scen-even_scen-even_warehouse-20-40-10-2-2-even-2_scen-agents20-idx34-seed42-1783534264101,0,357,3,3,3,7,59,26,0.000000,0.042000,0.137000,0.092000,0.015670,963.472000,1
_home_max_Documents_PhD_MAPF_LNS_MAPF_LNS_SAT_mapf-map_warehouse-20-40-10-2-2_map-_home_max_Documents_PhD_MAPF_LNS_MAPF_LNS_SAT_mapf-scen-even_scen-even_warehouse-20-40-10-2-2-even-2_scen-agents20-idx35-seed42-1783534265851,0,466,8,6,19,37,668,280,0.000000,0.466000,0.813000,0.603000,0.067277,1070.332000,1
_home_max_Documents_PhD_MAPF_LNS_MAPF_LNS_SAT_mapf-map_warehouse-20-40-10-2-2_map-_home_max_Documents_PhD_MAPF_LNS_MAPF_LNS_SAT_mapf-scen-even_scen-even_warehouse-20-40-10-2-2-even-2_scen-agents20-idx36-seed42-1783534267764,0,352,2,2,4,9,143,52,0.000000,0.088000,0.198000,0.143000,0.021359,964.192000,1
_home_max_Documents_PhD_MAPF_LNS_MAPF_LNS_SAT_mapf-map_warehouse-20-40-10-2-2_map-_home_max_Documents_PhD_MAPF_LNS_MAPF_LNS_SAT_mapf-scen-even_scen-even_warehouse-20-40-10-2-2-even-2_scen-agents20-idx37-seed42-1783534269516,0,424,2,2,2,2,48,20,0.000000,0.039000,0.085000,0.070000,0.013560,1035.067000,1
_home_max_Documents_PhD_MAPF_LNS_MAPF_LNS_SAT_mapf-map_warehouse-20-40-10-2-2_map-_home_max_Documents_PhD_MAPF_LNS_MAPF_LNS_SAT_mapf-scen-even_scen-even_warehouse-20-40-10-2-2-even-2_scen-agents20-idx38-seed42-1783534271372,0,472,1,1,2,3,28,15,0.000000,0.023000,0.077000,0.057000,0.010832,1127.694000,1
_home_max_Documents_PhD_MAPF_LNS_MAPF_LNS_SAT_mapf-map_warehouse-20-40-10-2-2_map-_home_max_Documents_PhD_MAPF_LNS_MAPF_LNS_SAT_mapf-scen-even_scen-even_warehouse-20-40-10-2-2-even-2_scen-agents20-idx39-seed42-1783534273333,0,464,0,0,0,0,0,0,0.000000,0.000000,0.000000,0.000000,0.000000,1136.335000,1
_home_max_Documents_PhD_MAPF_LNS_MAPF_LNS_SAT_mapf-map_warehouse-20-40-10-2-2_map-_home_max_Documents_PhD_MAPF_LNS_MAPF_LNS_SAT_mapf-scen-even_scen-even_warehouse-20-40-10-2-2-even-2_scen-agents20-idx40-seed42-1783534275287,0,455,3,3,5,15,137,56,0.000000,0.098000,0.271000,0.174000,0.027321,1224.373000,1
_home_max_Documents_PhD_MAPF_LNS_MAPF_LNS_SAT_mapf-map_warehouse-20-40-10-2-2_map-_home_max_Documents_PhD_MAPF_LNS_MAPF_LNS_SAT_mapf-scen-even_scen-even_warehouse-20-40-10-2-2-even-2_scen-agents20-idx41-seed42-1783534277339,0,460,4,2,14,26,626,245,0.000000,0.592000,0.627000,0.489000,0.054587,1041.360000,1
_home_max_Documents_PhD_MAPF_LNS_MAPF_LNS_SAT_mapf-map_warehouse-20-40-10-2-2_map-_home_max_Documents_PhD_MAPF_LNS_MAPF_LNS_SAT_mapf-scen-even_scen-even_warehouse-20-40-10-2-2-even-2_scen-agents20-idx42-seed42-1783534279199,0,376,6,4,16,34,620,254,0.000000,0.357000,0.667000,0.493000,0.053501,983.390000,1
_home_max_Documents_PhD_MAPF_LNS_MAPF_LNS_SAT_mapf-map_warehouse-20-40-10-2-2_map-_home_max_Documents_PhD_MAPF_LNS_MAPF_LNS_SAT_mapf-scen-even_scen-even_warehouse-20-40-10-2-2-even-2_scen-agents20-idx43-seed42-1783534281000,0,467,3,2,6,11,230,91,0.000000,0.393000,0.288000,0.223000,0.021539,1263.758000,1
_home_max_Documents_PhD_MAPF_LNS_MAPF_LNS_SAT_mapf-map_warehouse-20-40-10-2-2_map-_home_max_Documents_PhD_MAPF_LNS_MAPF_LNS_SAT_mapf-scen-even_scen-even_warehouse-20-40-10-2-2-even-2_scen-agents20-idx44-seed42-1783534283112,0,466,4,3,9,21,326,135,0.000000,0.243000,0.425000,0.309000,0.038843,1099.052000,1
_home_max_Documents_PhD_MAPF_LNS_MAPF_LNS_SAT_mapf-map_warehouse-20-40-10-2-2_map-_home_max_Documents_PhD_MAPF_LNS_MAPF_LNS_SAT_mapf-scen-even_scen-even_warehouse-20-40-10-2-2-even-2_scen-agents20-idx45-seed42-1783534285018,0,446,2,2,3,7,50,24,0.000000,0.033000,0.135000,0.090000,0.015380,1095.845000,1
_home_max_Documents_PhD_MAPF_LNS_MAPF_LNS_SAT_mapf-map_warehouse-20-40-10-2-2_map-_home_max_Documents_PhD_MAPF_LNS_MAPF_LNS_SAT_mapf-scen-even_scen-even_warehouse-20-40-10-2-2-even-2_scen-agents20-idx46-seed42-1783534286920,0,451,0,0,0,0,0,0,0.000000,0.000000,0.000000,0.000000,0.000000,970.723000,1
_home_max_Documents_PhD_MAPF_LNS_MAPF_LNS_SAT_mapf-map_warehouse-20-40-10-2-2_map-_home_max_Documents_PhD_MAPF_LNS_MAPF_LNS_SAT_mapf-scen-even_scen-even_warehouse-20-40-10-2-2-even-2_scen-agents20-idx47-seed42-1783534288728,0,461,2,2,3,7,50,24,0.000000,0.046000,0.142000,0.096000,0.014111,1149.925000,1
_home_max_Documents_PhD_MAPF_LNS_MAPF_LNS_SAT_mapf-map_warehouse-20-40-10-2-2_map-_home_max_Documents_PhD_MAPF_LNS_MAPF_LNS_SAT_mapf-scen-even_scen-even_warehouse-20-40-10-2-2-even-2_scen-agents20-idx48-seed42-1783534290681,0,465,1,1,2,3,678,263,0.000000,0.701000,0.394000,0.346000,0.029273,1046.916000,1
_home_max_Documents_PhD_MAPF_LNS_MAPF_LNS_SAT_mapf-map_warehouse-20-40-10-2-2_map-_home_max_Documents_PhD_MAPF_LNS_MAPF_LNS_SAT_mapf-scen-even_scen-even_warehouse-20-40-10-2-2-even-2_scen-agents20-idx49-seed42-1783534292542,0,414,3,2,8,15,319,129,0.000000,0.318000,0.360000,0.270000,0.035726,1062.704000,1
_home_max_Documents_PhD_MAPF_LNS_MAPF_LNS_SAT_mapf-map_warehouse-20-40-10-2-2_map-_home_max_Documents_PhD_MAPF_LNS_MAPF_LNS_SAT_mapf-scen-even_scen-even_warehouse-20-40-10-2-2-even-1_scen-agents50-idx0-seed42-1783534294452,0,450,13,12,27,66,824,340,0.000000,0.496000,1.361000,0.941000,0.111990,3211.834000,1
_home_max_Documents_PhD_MAPF_LNS_MAPF_LNS_SAT_mapf-map_warehouse-20-40-10-2-2_map-_home_max_Documents_PhD_MAPF_LNS_MAPF_LNS_SAT_mapf-scen-even_scen-even_warehouse-20-40-10-2-2-even-1_scen-agents50-idx1-seed42-1783534299668,0,433,17,15,29,60,858,364,0.000000,0.512000,1.290000,0.907000,0.114625,3168.147000,1
_home_max_Documents_PhD_MAPF_LNS_MAPF_LNS_SAT_mapf-map_warehouse-20-40-10-2-2_map-_home_max_Documents_PhD_MAPF_LNS_MAPF_LNS_SAT_mapf-scen-even_scen-even_warehouse-20-40-10-2-2-even-1_scen-agents50-idx2-seed42-1783534304832,0,460,12,11,20,46,545,232,0.000000,0.368000,0.930000,0.631000,0.068979,3275.187000,1
_home_max_Documents_PhD_MAPF_LNS_MAPF_LNS_SAT_mapf-map_warehouse-20-40-10-2-2_map-_home_max_Documents_PhD_MAPF_LNS_MAPF_LNS_SAT_mapf-scen-even_scen-even_warehouse-20-40-10-2-2-even-1_scen-agents50-idx3-seed42-1783534310093,0,452,8,6,18,30,570,253,0.000000,2.487000,0.730000,0.552000,0.054403,3348.818000,1
_home_max_Documents_PhD_MAPF_LNS_MAPF_LNS_SAT_mapf-map_warehouse-20-40-10-2-2_map-_home_max_Documents_PhD_MAPF_LNS_MAPF_LNS_SAT_mapf-scen-even_scen-even_warehouse-20-40-10-2-2-even-1_scen-agents50-idx4-seed42-1783534315460,0,460,13,10,30,57,961,404,0.000000,0.623000,1.785000,1.439000,0.105877,3166.523000,1
_home_max_Documents_PhD_MAPF_LNS_MAPF_LNS_SAT_mapf-map_warehouse-20-40-10-2-2_map-_home_max_Documents_PhD_MAPF_LNS_MAPF_LNS_SAT_mapf-scen-even_scen-even_warehouse-20-40-10-2-2-even-1_scen-agents50-idx5-seed42-1783534320624,0,452,17,15,31,61,908,385,0.000000,0.664000,1.379000,0.978000,0.105477,3334.164000,1
_home_max_Documents_PhD_MAPF_LNS_MAPF_LNS_SAT_mapf-map_warehouse-20-40-10-2-2_map-_home_max_Documents_PhD_MAPF_LNS_MAPF_LNS_SAT_mapf-scen-even_scen-even_warehouse-20-40-10-2-2-even-1_scen-agents50-idx6-seed42-1783534325933,0,466,21,15,57,115,2292,903,0.000000,1.201000,2.700000,2.043000,0.209477,3264.446000,1
_home_max_Documents_PhD_MAPF_LNS_MAPF_LNS_SAT_mapf-map_warehouse-20-40-10-2-2_map-_home_max_Documents_PhD_MAPF_LNS_MAPF_LNS_SAT_mapf-scen-even_scen-even_warehouse-20-40-10-2-2-even-1_scen-agents50-idx7-seed42-1783534331201,0,462,23,16,61,120,2247,920,0.000000,1.340000,3.007000,2.338000,0.197051,3311.806000,1
_home_max_Documents_PhD_MAPF_LNS_MAPF_LNS_SAT_mapf-map_warehouse-20-40-10-2-2_map-_home_max_Documents_PhD_MAPF_LNS_MAPF_LNS_SAT_mapf-scen-even_scen-even_warehouse-20-40-10-2-2-even-1_scen-agents50-idx8-seed42-1783534336514,0,447,13,12,25,56,837,356,0.002000,0.521000,1.687000,1.327000,0.093820,3137.241000,1
_home_max_Documents_PhD_MAPF_LNS_MAPF_LNS_SAT_mapf-map_warehouse-20-40-10-2-2_map-_home_max_Documents_PhD_MAPF_LNS_MAPF_LNS_SAT_mapf-scen-even_scen-even_warehouse-20-40-10-2-2-even-1_scen-agents50-idx9-seed42-1783534341677,0,444,7,6,15,33,711,288,0.001000,0.391000,0.823000,0.599000,0.064359,2981.665000,1
_home_max_Documents_PhD_MAPF_LNS_MAPF_LNS_SAT_mapf-map_warehouse-20-40-10-2-2_map-_home_max_Documents_PhD_MAPF_LNS_MAPF_LNS_SAT_mapf-scen-even_scen-even_warehouse-20-40-10-2-2-even-1_scen-agents50-idx10-seed42-1783534346636,0,454,17,13,43,88,1558,628,0.001000,0.911000,2.455000,1.913000,0.153267,3314.163000,1
_home_max_Documents_PhD_MAPF_LNS_MAPF_LNS_SAT_mapf-map_warehouse-20-40-10-2-2_map-_home_max_Documents_PhD_MAPF_LNS_MAPF_LNS_SAT_mapf-scen-even_scen-even_warehouse-20-40-10-2-2-even-1_scen-agents50-idx11-seed42-1783534351957,0,442,7,7,12,22,276,118,0.000000,0.149000,0.843000,0.687000,0.042672,2992.061000,1
_home_max_Documents_PhD_MAPF_LNS_MAPF_LNS_SAT_mapf-map_warehouse-20-40-10-2-2_map-_home_max_Documents_PhD_MAPF_LNS_MAPF_LNS_SAT_mapf-scen-even_scen-even_warehouse-20-40-10-2-2-even-1_scen-agents50-idx12-seed42-1783534356970,0,451,17,14,40,82,1496,600,0.000000,0.826000,1.845000,1.360000,0.154955,3139.012000,1
_home_max_Documents_PhD_MAPF_LNS_MAPF_LNS_SAT_mapf-map_warehouse-20-40-10-2-2_map-_home_max_Documents_PhD_MAPF_LNS_MAPF_LNS_SAT_mapf-scen-even_scen-even_warehouse-20-40-10-2-2-even-1_scen-agents50-idx13-seed42-1783534362080,0,462,9,8,19,42,604,248,0.000000,0.382000,1.221000,0.977000,0.077842,3301.749000,1
_home_max_Documents_PhD_MAPF_LNS_MAPF_LNS_SAT_mapf-map_warehouse-20-40-10-2-2_map-_home_max_Documents_PhD_MAPF_LNS_MAPF_LNS_SAT_mapf-scen-even_scen-even_warehouse-20-40-10-2-2-even-1_scen-agents50-idx14-seed42-1783534367398,0,465,11,9,26,55,931,390,0.000000,2.272000,1.250000,0.904000,0.109708,2986.439000,1
_home_max_Documents_PhD_MAPF_LNS_MAPF_LNS_SAT_mapf-map_warehouse-20-40-10-2-2_map-_home_max_Documents_PhD_MAPF_LNS_MAPF_LNS_SAT_mapf-scen-even_scen-even_warehouse-20-40-10-2-2-even-1_scen-agents50-idx15-seed42-1783534372368,0,459,5,5,7,16,184,76,0.000000,0.123000,0.353000,0.241000,0.036017,3113.468000,1
_home_max_Documents_PhD_MAPF_LNS_MAPF_LNS_SAT_mapf-map_warehouse-20-40-10-2-2_map-_home_max_Documents_PhD_MAPF_LNS_MAPF_LNS_SAT_mapf-scen-even_scen-even_warehouse-20-40-10-2-2-even-1_scen-agents50-idx16-seed42-1783534377484,0,462,12,10,23,57,699,289,0.000000,0.402000,1.132000,0.771000,0.083527,3237.109000,1
_home_max_Documents_PhD_MAPF_LNS_MAPF_LNS_SAT_mapf-map_warehouse-20-40-10-2-2_map-_home_max_Documents_PhD_MAPF_LNS_MAPF_LNS_SAT_mapf-scen-even_scen-even_warehouse-20-40-10-2-2-even-1_scen-agents50-idx17-seed42-1783534382752,0,447,13,11,27,60,887,373,0.000000,0.574000,1.237000,0.873000,0.101769,3246.477000,1
_home_max_Documents_PhD_MAPF_LNS_MAPF_LNS_SAT_mapf-map_warehouse-20-40-10-2-2_map-_home_max_Documents_PhD_MAPF_LNS_MAPF_LNS_SAT_mapf-scen-even_scen-even_warehouse-20-40-10-2-2-even-1_scen-agents50-idx18-seed42-1783534388014,0,464,9,8,15,33,508,198,0.001000,0.280000,1.083000,0.868000,0.064828,2859.156000,1
_home_max_Documents_PhD_MAPF_LNS_MAPF_LNS_SAT_mapf-map_warehouse-20-40-10-2-2_map-_home_max_Documents_PhD_MAPF_LNS_MAPF_LNS_SAT_mapf-scen-even_scen-even_warehouse-20-40-10-2-2-even-1_scen-agents50-idx19-seed42-1783534392825,0,448,23,18,50,99,1721,702,0.004000,1.042000,2.148000,1.596000,0.167301,3202.282000,1
_home_max_Documents_PhD_MAPF_LNS_MAPF_LNS_SAT_mapf-map_warehouse-20-40-10-2-2_map-_home_max_Documents_PhD_MAPF_LNS_MAPF_LNS_SAT_mapf-scen-even_scen-even_warehouse-20-40-10-2-2-even-2_scen-agents50-idx0-seed42-1783534398044,0,455,15,12,31,68,1133,463,0.000000,0.707000,1.523000,1.100000,0.114337,3297.527000,1
_home_max_Documents_PhD_MAPF_LNS_MAPF_LNS_SAT_mapf-map_warehouse-20-40-10-2-2_map-_home_max_Documents_PhD_MAPF_LNS_MAPF_LNS_SAT_mapf-scen-even_scen-even_warehouse-20-40-10-2-2-even-2_scen-agents50-idx1-seed42-1783534403361,0,465,16,11,47,99,4557,1473,0.000000,2.176000,3.486000,2.832000,0.284706,3196.972000,1
_home_max_Documents_PhD_MAPF_LNS_MAPF_LNS_SAT_mapf-map_warehouse-20-40-10-2-2_map-_home_max_Documents_PhD_MAPF_LNS_MAPF_LNS_SAT_mapf-scen-even_scen-even_warehouse-20-40-10-2-2-even-2_scen-agents50-idx2-seed42-1783534408573,0,465,25,20,50,110,1686,696,0.000000,1.181000,2.957000,2.192000,0.184465,3711.197000,1
_home_max_Documents_PhD_MAPF_LNS_MAPF_LNS_SAT_mapf-map_warehouse-20-40-10-2-2_map-_home_max_Documents_PhD_MAPF_LNS_MAPF_LNS_SAT_mapf-scen-even_scen-even_warehouse-20-40-10-2-2-even-2_scen-agents50-idx3-seed42-1783534414281,0,447,7,7,11,28,300,127,0.000000,0.202000,0.576000,0.385000,0.053812,3193.267000,1
_home_max_Documents_PhD_MAPF_LNS_MAPF_LNS_SAT_mapf-map_warehouse-20-40-10-2-2_map-_home_max_Documents_PhD_MAPF_LNS_MAPF_LNS_SAT_mapf-scen-even_scen-even_warehouse-20-40-10-2-2-even-2_scen-agents50-idx4-seed42-1783534419445,0,460,25,21,48,100,1576,646,0.001000,3.598000,3.209000,2.251000,0.210691,3707.581000,1
_home_max_Documents_PhD_MAPF_LNS_MAPF_LNS_SAT_mapf-map_warehouse-20-40-10-2-2_map-_home_max_Documents_PhD_MAPF_LNS_MAPF_LNS_SAT_mapf-scen-even_scen-even_warehouse-20-40-10-2-2-even-2_scen-agents50-idx5-seed42-1783534425162,0,434,12,10,23,47,658,283,0.000000,0.506000,1.018000,0.708000,0.089190,2942.432000,1
_home_max_Documents_PhD_MAPF_LNS_MAPF_LNS_SAT_mapf-map_warehouse-20-40-10-2-2_map-_home_max_Documents_PhD_MAPF_LNS_MAPF_LNS_SAT_mapf-scen-even_scen-even_warehouse-20-40-10-2-2-even-2_scen-agents50-idx6-seed42-1783534430070,0,446,5,5,9,24,262,105,0.000000,0.170000,0.514000,0.339000,0.044343,2960.171000,1
_home_max_Documents_PhD_MAPF_LNS_MAPF_LNS_SAT_mapf-map_warehouse-20-40-10-2-2_map-_home_max_Documents_PhD_MAPF_LNS_MAPF_LNS_SAT_mapf-scen-even_scen-even_warehouse-20-40-10-2-2-even-2_scen-agents50-idx7-seed42-1783534434987,0,452,21,17,50,106,1721,703,0.001000,1.027000,2.575000,1.932000,0.185186,3304.677000,1
_home_max_Documents_PhD_MAPF_LNS_MAPF_LNS_SAT_mapf-map_warehouse-20-40-10-2-2_map-_home_max_Documents_PhD_MAPF_LNS_MAPF_LNS_SAT_mapf-scen-even_scen-even_warehouse-20-40-10-2-2-even-2_scen-agents50-idx8-seed42-1783534440252,0,463,19,13,49,93,1902,763,0.003000,1.157000,2.776000,2.239000,0.175466,3533.870000,1
_home_max_Documents_PhD_MAPF_LNS_MAPF_LNS_SAT_mapf-map_warehouse-20-40-10-2-2_map-_home_max_Documents_PhD_MAPF_LNS_MAPF_LNS_SAT_mapf-scen-even_scen-even_warehouse-20-40-10-2-2-even-2_scen-agents50-idx9-seed42-1783534445773,0,464,12,12,18,41,444,185,0.000000,0.302000,1.214000,0.943000,0.064536,3300.448000,1
_home_max_Documents_PhD_MAPF_LNS_MAPF_LNS_SAT_mapf-map_warehouse-20-40-10-2-2_map-_home_max_Documents_PhD_MAPF_LNS_MAPF_LNS_SAT_mapf-scen-even_scen-even_warehouse-20-40-10-2-2-even-2_scen-agents50-idx10-seed42-1783534451090,0,462,18,14,35,65,1256,504,0.000000,0.773000,2.076000,1.675000,0.127112,3331.697000,1
_home_max_Documents_PhD_MAPF_LNS_MAPF_LNS_SAT_mapf-map_warehouse-20-40-10-2-2_map-_home_max_Documents_PhD_MAPF_LNS_MAPF_LNS_SAT_mapf-scen-even_scen-even_warehouse-20-40-10-2-2-even-2_scen-agents50-idx11-seed42-1783534456399,0,416,12,11,24,45,660,292,0.000000,0.480000,1.323000,1.045000,0.078040,3096.286000,1
_home_max_Documents_PhD_MAPF_LNS_MAPF_LNS_SAT_mapf-map_warehouse-20-40-10-2-2_map-_home_max_Documents_PhD_MAPF_LNS_MAPF_LNS_SAT_mapf-scen-even_scen-even_warehouse-20-40-10-2-2-even-2_scen-agents50-idx12-seed42-1783534461461,0,462,18,16,33,70,1154,463,0.000000,0.843000,2.107000,1.626000,0.121221,3437.139000,1
_home_max_Documents_PhD_MAPF_LNS_MAPF_LNS_SAT_mapf-map_warehouse-20-40-10-2-2_map-_home_max_Documents_PhD_MAPF_LNS_MAPF_LNS_SAT_mapf-scen-even_scen-even_warehouse-20-40-10-2-2-even-2_scen-agents50-idx13-seed42-1783534466877,0,434,8,7,19,41,644,262,0.000000,0.383000,0.930000,0.661000,0.084717,3022.964000,1
_home_max_Documents_PhD_MAPF_LNS_MAPF_LNS_SAT_mapf-map_warehouse-20-40-10-2-2_map-_home_max_Documents_PhD_MAPF_LNS_MAPF_LNS_SAT_mapf-scen-even_scen-even_warehouse-20-40-10-2-2-even-2_scen-agents50-idx14-seed42-1783534471890,0,466,22,18,48,92,1718,698,0.002000,1.027000,2.646000,2.086000,0.200110,3054.929000,1
_home_max_Documents_PhD_MAPF_LNS_MAPF_LNS_SAT_mapf-map_warehouse-20-40-10-2-2_map-_home_max_Documents_PhD_MAPF_LNS_MAPF_LNS_SAT_mapf-scen-even_scen-even_warehouse-20-40-10-2-2-even-2_scen-agents50-idx15-seed42-1783534476952,0,472,11,11,21,42,552,242,0.004000,0.517000,1.966000,1.599000,0.093428,3288.441000,1
_home_max_Documents_PhD_MAPF_LNS_MAPF_LNS_SAT_mapf-map_warehouse-20-40-10-2-2_map-_home_max_Documents_PhD_MAPF_LNS_MAPF_LNS_SAT_mapf-scen-even_scen-even_warehouse-20-40-10-2-2-even-2_scen-agents50-idx16-seed42-1783534482213,0,460,15,14,28,70,949,377,0.000000,0.632000,1.472000,1.025000,0.112939,3254.191000,1
_home_max_Documents_PhD_MAPF_LNS_MAPF_LNS_SAT_mapf-map_warehouse-20-40-10-2-2_map-_home_max_Documents_PhD_MAPF_LNS_MAPF_LNS_SAT_mapf-scen-even_scen-even_warehouse-20-40-10-2-2-even-2_scen-agents50-idx17-seed42-1783534487477,0,467,11,10,18,39,473,201,0.001000,0.428000,1.055000,0.741000,0.071563,3278.226000,1
_home_max_Documents_PhD_MAPF_LNS_MAPF_LNS_SAT_mapf-map_warehouse-20-40-10-2-2_map-_home_max_Documents_PhD_MAPF_LNS_MAPF_LNS_SAT_mapf-scen-even_scen-even_warehouse-20-40-10-2-2-even-2_scen-agents50-idx18-seed42-1783534492745,0,461,16,15,23,50,659,287,0.001000,0.447000,1.667000,1.312000,0.094967,3222.251000,1
_home_max_Documents_PhD_MAPF_LNS_MAPF_LNS_SAT_mapf-map_warehouse-20-40-10-2-2_map-_home_max_Documents_PhD_MAPF_LNS_MAPF_LNS_SAT_mapf-scen-even_scen-even_warehouse-20-40-10-2-2-even-2_scen-agents50-idx19-seed42-1783534497957,0,465,9,8,22,42,1056,438,0.000000,0.780000,1.198000,0.898000,0.102105,3038.247000,1
_home_max_Documents_PhD_MAPF_LNS_MAPF_LNS_SAT_mapf-map_warehouse-20-40-10-2-2_map-_home_max_Documents_PhD_MAPF_LNS_MAPF_LNS_SAT_mapf-scen-even_scen-even_warehouse-20-40-10-2-2-even-3_scen-agents50-idx0-seed42-1783534502970,0,448,9,8,15,28,427,179,0.000000,0.274000,0.632000,0.449000,0.046574,3182.460000,1
_home_max_Documents_PhD_MAPF_LNS_MAPF_LNS_SAT_mapf-map_warehouse-20-40-10-2-2_map-_home_max_Documents_PhD_MAPF_LNS_MAPF_LNS_SAT_mapf-scen-even_scen-even_warehouse-20-40-10-2-2-even-3_scen-agents50-idx1-seed42-1783534508142,0,420,12,10,26,45,796,338,0.000000,0.485000,1.375000,1.100000,0.081015,3073.003000,1
_home_max_Documents_PhD_MAPF_LNS_MAPF_LNS_SAT_mapf-map_warehouse-20-40-10-2-2_map-_home_max_Documents_PhD_MAPF_LNS_MAPF_LNS_SAT_mapf-scen-even_scen-even_warehouse-20-40-10-2-2-even-3_scen-agents50-idx2-seed42-1783534513207,0,450,14,12,32,67,1064,443,0.003000,0.746000,1.921000,1.508000,0.111684,3384.963000,1
_home_max_Documents_PhD_MAPF_LNS_MAPF_LNS_SAT_mapf-map_warehouse-20-40-10-2-2_map-_home_max_Documents_PhD_MAPF_LNS_MAPF_LNS_SAT_mapf-scen-even_scen-even_warehouse-20-40-10-2-2-even-3_scen-agents50-idx3-seed42-1783534518567,0,457,15,11,38,78,1341,555,0.003000,0.839000,2.523000,2.033000,0.190890,3269.421000,1
_home_max_Documents_PhD_MAPF_LNS_MAPF_LNS_SAT_mapf-map_warehouse-20-40-10-2-2_map-_home_max_Documents_PhD_MAPF_LNS_MAPF_LNS_SAT_mapf-scen-even_scen-even_warehouse-20-40-10-2-2-even-3_scen-agents50-idx4-seed42-1783534523836,0,450,10,8,21,43,706,296,0.000000,0.504000,0.967000,0.705000,0.076940,3376.242000,1
_home_max_Documents_PhD_MAPF_LNS_MAPF_LNS_SAT_mapf-map_warehouse-20-40-10-2-2_map-_home_max_Documents_PhD_MAPF_LNS_MAPF_LNS_SAT_mapf-scen-even_scen-even_warehouse-20-40-10-2-2-even-3_scen-agents50-idx5-seed42-1783534529246,0,454,15,12,33,71,1188,490,0.000000,0.817000,1.615000,1.184000,0.128939,3173.475000,1
_home_max_Documents_PhD_MAPF_LNS_MAPF_LNS_SAT_mapf-map_warehouse-20-40-10-2-2_map-_home_max_Documents_PhD_MAPF_LNS_MAPF_LNS_SAT_mapf-scen-even_scen-even_warehouse-20-40-10-2-2-even-3_scen-agents50-idx6-seed42-1783534534416,0,442,13,10,35,65,1304,535,0.000000,2.263000,1.522000,1.148000,0.133900,3098.179000,1
_home_max_Documents_PhD_MAPF_LNS_MAPF_LNS_SAT_mapf-map_warehouse-20-40-10-2-2_map-_home_max_Documents_PhD_MAPF_LNS_MAPF_LNS_SAT_mapf-scen-even_scen-even_warehouse-20-40-10-2-2-even-3_scen-agents50-idx7-seed42-1783534539533,0,444,9,8,18,49,566,237,0.000000,0.417000,1.506000,1.171000,0.115220,3060.969000,1
_home_max_Documents_PhD_MAPF_LNS_MAPF_LNS_SAT_mapf-map_warehouse-20-40-10-2-2_map-_home_max_Documents_PhD_MAPF_LNS_MAPF_LNS_SAT_mapf-scen-even_scen-even_warehouse-20-40-10-2-2-even-3_scen-agents50-idx8-seed42-1783534544602,0,444,17,13,37,67,1228,517,0.000000,0.679000,1.539000,1.143000,0.114873,3054.049000,1
_home_max_Documents_PhD_MAPF_LNS_MAPF_LNS_SAT_mapf-map_warehouse-20-40-10-2-2_map-_home_max_Documents_PhD_MAPF_LNS_MAPF_LNS_SAT_mapf-scen-even_scen-even_warehouse-20-40-10-2-2-even-3_scen-agents50-idx9-seed42-1783534549663,0,458,10,10,15,32,348,160,0.000000,0.248000,0.684000,0.456000,0.061481,3308.419000,1
_home_max_Documents_PhD_MAPF_LNS_MAPF_LNS_SAT_mapf-map_warehouse-20-40-10-2-2_map-_home_max_Documents_PhD_MAPF_LNS_MAPF_LNS_SAT_mapf-scen-even_scen-even_warehouse-20-40-10-2-2-even-3_scen-agents50-idx10-seed42-1783534554970,0,448,8,6,17,30,543,228,0.001000,0.436000,0.751000,0.558000,0.057796,3036.750000,1
_home_max_Documents_PhD_MAPF_LNS_MAPF_LNS_SAT_mapf-map_warehouse-20-40-10-2-2_map-_home_max_Documents_PhD_MAPF_LNS_MAPF_LNS_SAT_mapf-scen-even_scen-even_warehouse-20-40-10-2-2-even-3_scen-agents50-idx11-seed42-1783534560139,0,458,14,11,29,58,884,379,0.001000,0.603000,1.682000,1.323000,0.089221,3305.505000,1
_home_max_Documents_PhD_MAPF_LNS_MAPF_LNS_SAT_mapf-map_warehouse-20-40-10-2-2_map-_home_max_Documents_PhD_MAPF_LNS_MAPF_LNS_SAT_mapf-scen-even_scen-even_warehouse-20-40-10-2-2-even-3_scen-agents50-idx12-seed42-1783534565459,0,454,13,12,22,43,1046,450,0.000000,0.741000,1.250000,0.896000,0.088372,3400.660000,1
_home_max_Documents_PhD_MAPF_LNS_MAPF_LNS_SAT_mapf-map_warehouse-20-40-10-2-2_map-_home_max_Documents_PhD_MAPF_LNS_MAPF_LNS_SAT_mapf-scen-even_scen-even_warehouse-20-40-10-2-2-even-3_scen-agents50-idx13-seed42-1783534570877,0,455,12,10,24,55,720,305,0.003000,0.650000,1.306000,0.911000,0.115476,3821.017000,1
_home_max_Documents_PhD_MAPF_LNS_MAPF_LNS_SAT_mapf-map_warehouse-20-40-10-2-2_map-_home_max_Documents_PhD_MAPF_LNS_MAPF_LNS_SAT_mapf-scen-even_scen-even_warehouse-20-40-10-2-2-even-3_scen-agents50-idx14-seed42-1783534576686,0,455,11,10,19,44,616,253,0.001000,1.457000,2.090000,1.725000,0.089552,3623.452000,1
_home_max_Documents_PhD_MAPF_LNS_MAPF_LNS_SAT_mapf-map_warehouse-20-40-10-2-2_map-_home_max_Documents_PhD_MAPF_LNS_MAPF_LNS_SAT_mapf-scen-even_scen-even_warehouse-20-40-10-2-2-even-3_scen-agents50-idx15-seed42-1783534582452,0,446,19,15,40,82,1312,551,0.000000,0.809000,2.391000,1.871000,0.138081,3350.614000,1
_home_max_Documents_PhD_MAPF_LNS_MAPF_LNS_SAT_mapf-map_warehouse-20-40-10-2-2_map-_home_max_Documents_PhD_MAPF_LNS_MAPF_LNS_SAT_mapf-scen-even_scen-even_warehouse-20-40-10-2-2-even-3_scen-agents50-idx16-seed42-1783534587860,0,445,12,10,26,50,1745,639,0.000000,1.657000,1.928000,1.522000,0.141810,3524.188000,1
_home_max_Documents_PhD_MAPF_LNS_MAPF_LNS_SAT_mapf-map_warehouse-20-40-10-2-2_map-_home_max_Documents_PhD_MAPF_LNS_MAPF_LNS_SAT_mapf-scen-even_scen-even_warehouse-20-40-10-2-2-even-3_scen-agents50-idx17-seed42-1783534593428,0,443,13,11,28,52,997,412,0.000000,0.659000,1.921000,1.560000,0.116152,3222.094000,1
_home_max_Documents_PhD_MAPF_LNS_MAPF_LNS_SAT_mapf-map_warehouse-20-40-10-2-2_map-_home_max_Documents_PhD_MAPF_LNS_MAPF_LNS_SAT_mapf-scen-even_scen-even_warehouse-20-40-10-2-2-even-3_scen-agents50-idx18-seed42-1783534598634,0,388,14,13,27,57,871,354,0.001000,0.551000,1.424000,1.018000,0.127753,3187.486000,1
_home_max_Documents_PhD_MAPF_LNS_MAPF_LNS_SAT_mapf-map_warehouse-20-40-10-2-2_map-_home_max_Documents_PhD_MAPF_LNS_MAPF_LNS_SAT_mapf-scen-even_scen-even_warehouse-20-40-10-2-2-even-4_scen-agents50-idx0-seed42-1783534603797,0,453,23,17,62,128,2216,914,0.001000,1.311000,3.231000,2.480000,0.228857,3789.438000,1
_home_max_Documents_PhD_MAPF_LNS_MAPF_LNS_SAT_mapf-map_warehouse-20-40-10-2-2_map-_home_max_Documents_PhD_MAPF_LNS_MAPF_LNS_SAT_mapf-scen-even_scen-even_warehouse-20-40-10-2-2-even-4_scen-agents50-idx1-seed42-1783534609665,0,457,15,14,24,58,1232,540,0.001000,0.965000,1.575000,1.128000,0.105504,3331.477000,1
_home_max_Documents_PhD_MAPF_LNS_MAPF_LNS_SAT_mapf-map_warehouse-20-40-10-2-2_map-_home_max_Documents_PhD_MAPF_LNS_MAPF_LNS_SAT_mapf-scen-even_scen-even_warehouse-20-40-10-2-2-even-4_scen-agents50-idx2-seed42-1783534615027,0,464,12,12,15,41,325,141,0.000000,0.256000,0.797000,0.511000,0.071445,3565.851000,1
_home_max_Documents_PhD_MAPF_LNS_MAPF_LNS_SAT_mapf-map_warehouse-20-40-10-2-2_map-_home_max_Documents_PhD_MAPF_LNS_MAPF_LNS_SAT_mapf-scen-even_scen-even_warehouse-20-40-10-2-2-even-4_scen-agents50-idx3-seed42-1783534620585,0,453,4,4,6,14,100,48,0.000000,0.070000,0.608000,0.505000,0.026839,3283.539000,1
_home_max_Documents_PhD_MAPF_LNS_MAPF_LNS_SAT_mapf-map_warehouse-20-40-10-2-2_map-_home_max_Documents_PhD_MAPF_LNS_MAPF_LNS_SAT_mapf-scen-even_scen-even_warehouse-20-40-10-2-2-even-4_scen-agents50-idx4-seed42-1783534625903,0,433,17,14,42,87,1480,602,0.001000,0.948000,2.654000,2.078000,0.159079,3252.835000,1
_home_max_Documents_PhD_MAPF_LNS_MAPF_LNS_SAT_mapf-map_warehouse-20-40-10-2-2_map-_home_max_Documents_PhD_MAPF_LNS_MAPF_LNS_SAT_mapf-scen-even_scen-even_warehouse-20-40-10-2-2-even-4_scen-agents50-idx5-seed42-1783534631162,0,463,15,11,38,72,1410,563,0.006000,2.513000,2.977000,2.346000,0.178188,3406.967000,1
_home_max_Documents_PhD_MAPF_LNS_MAPF_LNS_SAT_mapf-map_warehouse-20-40-10-2-2_map-_home_max_Documents_PhD_MAPF_LNS_MAPF_LNS_SAT_mapf-scen-even_scen-even_warehouse-20-40-10-2-2-even-4_scen-agents50-idx6-seed42-1783534636576,0,442,11,9,27,55,928,379,0.000000,0.801000,1.313000,0.939000,0.120758,3130.726000,1
_home_max_Documents_PhD_MAPF_LNS_MAPF_LNS_SAT_mapf-map_warehouse-20-40-10-2-2_map-_home_max_Documents_PhD_MAPF_LNS_MAPF_LNS_SAT_mapf-scen-even_scen-even_warehouse-20-40-10-2-2-even-4_scen-agents50-idx7-seed42-1783534641743,0,452,15,15,26,63,658,281,0.002000,0.661000,1.307000,0.871000,0.115116,3583.500000,1
_home_max_Documents_PhD_MAPF_LNS_MAPF_LNS_SAT_mapf-map_warehouse-20-40-10-2-2_map-_home_max_Documents_PhD_MAPF_LNS_MAPF_LNS_SAT_mapf-scen-even_scen-even_warehouse-20-40-10-2-2-even-4_scen-agents50-idx8-seed42-1783534647350,0,452,17,15,37,84,1165,482,0.000000,0.736000,1.909000,1.319000,0.162818,3636.807000,1
_home_max_Documents_PhD_MAPF_LNS_MAPF_LNS_SAT_mapf-map_warehouse-20-40-10-2-2_map-_home_max_Documents_PhD_MAPF_LNS_MAPF_LNS_SAT_mapf-scen-even_scen-even_warehouse-20-40-10-2-2-even-4_scen-agents50-idx9-seed42-1783534653019,0,463,15,13,26,65,863,348,0.001000,0.597000,1.440000,0.985000,0.099213,3235.229000,1
_home_max_Documents_PhD_MAPF_LNS_MAPF_LNS_SAT_mapf-map_warehouse-20-40-10-2-2_map-_home_max_Documents_PhD_MAPF_LNS_MAPF_LNS_SAT_mapf-scen-even_scen-even_warehouse-20-40-10-2-2-even-4_scen-agents50-idx10-seed42-1783534658281,0,461,4,4,6,19,159,65,0.000000,0.134000,0.375000,0.248000,0.033531,3276.722000,1
_home_max_Documents_PhD_MAPF_LNS_MAPF_LNS_SAT_mapf-map_warehouse-20-40-10-2-2_map-_home_max_Documents_PhD_MAPF_LNS_MAPF_LNS_SAT_mapf-scen-even_scen-even_warehouse-20-40-10-2-2-even-4_scen-agents50-idx11-seed42-1783534663547,0,464,21,15,51,103,2430,897,0.000000,1.532000,2.762000,2.112000,0.206859,3727.378000,1
_home_max_Documents_PhD_MAPF_LNS_MAPF_LNS_SAT_mapf-map_warehouse-20-40-10-2-2_map-_home_max_Documents_PhD_MAPF_LNS_MAPF_LNS_SAT_mapf-scen-even_scen-even_warehouse-20-40-10-2-2-even-4_scen-agents50-idx12-seed42-1783534669307,0,450,12,9,28,54,874,374,0.007000,0.537000,1.760000,1.401000,0.099370,3403.115000,1
_home_max_Documents_PhD_MAPF_LNS_MAPF_LNS_SAT_mapf-map_warehouse-20-40-10-2-2_map-_home_max_Documents_PhD_MAPF_LNS_MAPF_LNS_SAT_mapf-scen-even_scen-even_warehouse-20-40-10-2-2-even-4_scen-agents50-idx13-seed42-1783534674721,0,396,14,13,19,42,455,198,0.000000,0.331000,1.243000,0.962000,0.069713,3077.294000,1
_home_max_Documents_PhD_MAPF_LNS_MAPF_LNS_SAT_mapf-map_warehouse-20-40-10-2-2_map-_home_max_Documents_PhD_MAPF_LNS_MAPF_LNS_SAT_mapf-scen-even_scen-even_warehouse-20-40-10-2-2-even-4_scen-agents50-idx14-seed42-1783534679781,0,437,9,8,14,29,404,176,0.000000,0.386000,0.759000,0.543000,0.057059,3408.439000,1
_home_max_Documents_PhD_MAPF_LNS_MAPF_LNS_SAT_mapf-map_warehouse-20-40-10-2-2_map-_home_max_Documents_PhD_MAPF_LNS_MAPF_LNS_SAT_mapf-scen-even_scen-even_warehouse-20-40-10-2-2-even-4_scen-agents50-idx15-seed42-1783534685197,0,464,21,18,43,95,1308,550,0.001000,1.127000,2.360000,1.728000,0.158818,3382.130000,1
_home_max_Documents_PhD_MAPF_LNS_MAPF_LNS_SAT_mapf-map_warehouse-20-40-10-2-2_map-_home_max_Documents_PhD_MAPF_LNS_MAPF_LNS_SAT_mapf-scen-even_scen-even_warehouse-20-40-10-2-2-even-4_scen-agents50-idx16-seed42-1783534690610,0,460,13,10,27,57,923,390,0.001000,0.680000,2.201000,1.798000,0.106215,3462.856000,1
_home_max_Documents_PhD_MAPF_LNS_MAPF_LNS_SAT_mapf-map_warehouse-20-40-10-2-2_map-_home_max_Documents_PhD_MAPF_LNS_MAPF_LNS_SAT_mapf-scen-even_scen-even_warehouse-20-40-10-2-2-even-4_scen-agents50-idx17-seed42-1783534696122,0,460,19,16,40,80,1449,591,0.000000,0.988000,1.992000,1.458000,0.162849,3632.396000,1
_home_max_Documents_PhD_MAPF_LNS_MAPF_LNS_SAT_mapf-map_warehouse-20-40-10-2-2_map-_home_max_Documents_PhD_MAPF_LNS_MAPF_LNS_SAT_mapf-scen-even_scen-even_warehouse-20-40-10-2-2-even-4_scen-agents50-idx18-seed42-1783534701788,0,449,16,14,29,65,926,383,0.000000,0.793000,1.567000,1.098000,0.112585,3800.968000,1
_home_max_Documents_PhD_MAPF_LNS_MAPF_LNS_SAT_mapf-map_warehouse-20-40-10-2-2_map-_home_max_Documents_PhD_MAPF_LNS_MAPF_LNS_SAT_mapf-scen-even_scen-even_warehouse-20-40-10-2-2-even-4_scen-agents50-idx19-seed42-1783534707652,0,465,13,10,27,49,923,387,0.000000,0.670000,1.865000,1.558000,0.092920,3358.640000,1
_home_max_Documents_PhD_MAPF_LNS_MAPF_LNS_SAT_mapf-map_warehouse-20-40-10-2-2_map-_home_max_Documents_PhD_MAPF_LNS_MAPF_LNS_SAT_mapf-scen-even_scen-even_warehouse-20-40-10-2-2-even-5_scen-agents50-idx0-seed42-1783534713008,0,466,16,14,28,60,861,365,0.002000,1.174000,1.519000,1.063000,0.118197,3579.162000,1
_home_max_Documents_PhD_MAPF_LNS_MAPF_LNS_SAT_mapf-map_warehouse-20-40-10-2-2_map-_home_max_Documents_PhD_MAPF_LNS_MAPF_LNS_SAT_mapf-scen-even_scen-even_warehouse-20-40-10-2-2-even-5_scen-agents50-idx1-seed42-1783534718627,0,480,9,7,19,41,703,285,0.002000,0.658000,1.968000,1.571000,0.122553,3295.484000,1
_home_max_Documents_PhD_MAPF_LNS_MAPF_LNS_SAT_mapf-map_warehouse-20-40-10-2-2_map-_home_max_Documents_PhD_MAPF_LNS_MAPF_LNS_SAT_mapf-scen-even_scen-even_warehouse-20-40-10-2-2-even-5_scen-agents50-idx2-seed42-1783534723935,0,416,13,12,23,42,627,270,0.001000,0.479000,1.729000,1.397000,0.100946,3303.843000,1
_home_max_Documents_PhD_MAPF_LNS_MAPF_LNS_SAT_mapf-map_warehouse-20-40-10-2-2_map-_home_max_Documents_PhD_MAPF_LNS_MAPF_LNS_SAT_mapf-scen-even_scen-even_warehouse-20-40-10-2-2-even-5_scen-agents50-idx3-seed42-1783534729250,0,469,14,12,25,61,795,325,0.000000,0.529000,1.867000,1.475000,0.109431,3218.960000,1
_home_max_Documents_PhD_MAPF_LNS_MAPF_LNS_SAT_mapf-map_warehouse-20-40-10-2-2_map-_home_max_Documents_PhD_MAPF_LNS_MAPF_LNS_SAT_mapf-scen-even_scen-even_warehouse-20-40-10-2-2-even-5_scen-agents50-idx4-seed42-1783534734458,0,472,22,19,43,81,1318,555,0.000000,1.067000,2.828000,2.213000,0.171855,4002.927000,1
_home_max_Documents_PhD_MAPF_LNS_MAPF_LNS_SAT_mapf-map_warehouse-20-40-10-2-2_map-_home_max_Documents_PhD_MAPF_LNS_MAPF_LNS_SAT_mapf-scen-even_scen-even_warehouse-20-40-10-2-2-even-5_scen-agents50-idx5-seed42-1783534740473,0,482,6,5,14,27,899,384,0.000000,2.253000,1.806000,1.562000,0.075308,3331.677000,1
_home_max_Documents_PhD_MAPF_LNS_MAPF_LNS_SAT_mapf-map_warehouse-20-40-10-2-2_map-_home_max_Documents_PhD_MAPF_LNS_MAPF_LNS_SAT_mapf-scen-even_scen-even_warehouse-20-40-10-2-2-even-5_scen-agents50-idx6-seed42-1783534745840,0,484,28,20,70,134,2632,1069,0.000000,1.797000,4.224000,3.374000,0.285369,4280.889000,1
_home_max_Documents_PhD_MAPF_LNS_MAPF_LNS_SAT_mapf-map_warehouse-20-40-10-2-2_map-_home_max_Documents_PhD_MAPF_LNS_MAPF_LNS_SAT_mapf-scen-even_scen-even_warehouse-20-40-10-2-2-even-5_scen-agents50-idx7-seed42-1783534752153,0,487,16,15,32,67,989,407,0.001000,0.768000,1.633000,1.166000,0.135844,3947.461000,1
_home_max_Documents_PhD_MAPF_LNS_MAPF_LNS_SAT_mapf-map_warehouse-20-40-10-2-2_map-_home_max_Documents_PhD_MAPF_LNS_MAPF_LNS_SAT_mapf-scen-even_scen-even_warehouse-20-40-10-2-2-even-5_scen-agents50-idx8-seed42-1783534758172,0,480,14,13,24,54,676,281,0.000000,0.510000,1.261000,0.871000,0.103073,3741.638000,1
_home_max_Documents_PhD_MAPF_LNS_MAPF_LNS_SAT_mapf-map_warehouse-20-40-10-2-2_map-_home_max_Documents_PhD_MAPF_LNS_MAPF_LNS_SAT_mapf-scen-even_scen-even_warehouse-20-40-10-2-2-even-5_scen-agents50-idx9-seed42-1783534763936,0,477,20,18,40,96,1306,531,0.001000,0.877000,2.158000,1.515000,0.182779,3649.199000,1
_home_max_Documents_PhD_MAPF_LNS_MAPF_LNS_SAT_mapf-map_warehouse-20-40-10-2-2_map-_home_max_Documents_PhD_MAPF_LNS_MAPF_LNS_SAT_mapf-scen-even_scen-even_warehouse-20-40-10-2-2-even-5_scen-agents50-idx10-seed42-1783534769655,0,477,17,16,25,50,574,257,0.000000,0.444000,1.144000,0.795000,0.091492,3240.278000,1
_home_max_Documents_PhD_MAPF_LNS_MAPF_LNS_SAT_mapf-map_warehouse-20-40-10-2-2_map-_home_max_Documents_PhD_MAPF_LNS_MAPF_LNS_SAT_mapf-scen-even_scen-even_warehouse-20-40-10-2-2-even-5_scen-agents50-idx11-seed42-1783534774915,0,483,10,10,17,43,396,170,0.002000,0.373000,1.079000,0.713000,0.084944,3234.054000,1
_home_max_Documents_PhD_MAPF_LNS_MAPF_LNS_SAT_mapf-map_warehouse-20-40-10-2-2_map-_home_max_Documents_PhD_MAPF_LNS_MAPF_LNS_SAT_mapf-scen-even_scen-even_warehouse-20-40-10-2-2-even-5_scen-agents50-idx12-seed42-1783534780174,0,486,14,11,33,65,1195,477,0.000000,1.140000,2.400000,1.945000,0.148752,3774.761000,1
_home_max_Documents_PhD_MAPF_LNS_MAPF_LNS_SAT_mapf-map_warehouse-20-40-10-2-2_map-_home_max_Documents_PhD_MAPF_LNS_MAPF_LNS_SAT_mapf-scen-even_scen-even_warehouse-20-40-10-2-2-even-5_scen-agents50-idx13-seed42-1783534785996,0,482,21,19,37,83,1149,487,0.001000,0.799000,1.792000,1.240000,0.138521,4053.033000,1
_home_max_Documents_PhD_MAPF_LNS_MAPF_LNS_SAT_mapf-map_warehouse-20-40-10-2-2_map-_home_max_Documents_PhD_MAPF_LNS_MAPF_LNS_SAT_mapf-scen-even_scen-even_warehouse-20-40-10-2-2-even-5_scen-agents50-idx14-seed42-1783534792059,0,485,14,13,26,53,891,392,0.000000,0.575000,1.360000,0.981000,0.121734,3876.709000,1
_home_max_Documents_PhD_MAPF_LNS_MAPF_LNS_SAT_mapf-map_warehouse-20-40-10-2-2_map-_home_max_Documents_PhD_MAPF_LNS_MAPF_LNS_SAT_mapf-scen-even_scen-even_warehouse-20-40-10-2-2-even-5_scen-agents50-idx15-seed42-1783534797977,0,469,15,12,27,57,836,355,0.000000,0.666000,2.009000,1.586000,0.097744,3656.637000,1
_home_max_Documents_PhD_MAPF_LNS_MAPF_LNS_SAT_mapf-map_warehouse-20-40-10-2-2_map-_home_max_Documents_PhD_MAPF_LNS_MAPF_LNS_SAT_mapf-scen-even_scen-even_warehouse-20-40-10-2-2-even-5_scen-agents50-idx16-seed42-1783534803637,0,486,23,17,61,130,2387,952,0.004000,1.586000,4.204000,3.329000,0.272608,4032.369000,1
_home_max_Documents_PhD_MAPF_LNS_MAPF_LNS_SAT_mapf-map_warehouse-20-40-10-2-2_map-_home_max_Documents_PhD_MAPF_LNS_MAPF_LNS_SAT_mapf-scen-even_scen-even_warehouse-20-40-10-2-2-even-5_scen-agents50-idx17-seed42-1783534809705,0,483,12,10,21,42,664,278,0.001000,0.479000,1.510000,1.244000,0.070369,3341.294000,1
_home_max_Documents_PhD_MAPF_LNS_MAPF_LNS_SAT_mapf-map_warehouse-20-40-10-2-2_map-_home_max_Documents_PhD_MAPF_LNS_MAPF_LNS_SAT_mapf-scen-even_scen-even_warehouse-20-40-10-2-2-even-5_scen-agents50-idx18-seed42-1783534815064,0,481,17,15,34,71,1254,497,0.000000,0.874000,2.575000,2.057000,0.146334,3925.074000,1
_home_max_Documents_PhD_MAPF_LNS_MAPF_LNS_SAT_mapf-map_warehouse-20-40-10-2-2_map-_home_max_Documents_PhD_MAPF_LNS_MAPF_LNS_SAT_mapf-scen-even_scen-even_warehouse-20-40-10-2-2-even-5_scen-agents50-idx19-seed42-1783534821033,0,483,21,17,41,88,1425,580,0.006000,1.294000,2.381000,1.745000,0.176398,4031.369000,1
_home_max_Documents_PhD_MAPF_LNS_MAPF_LNS_SAT_mapf-map_warehouse-20-40-10-2-2_map-_home_max_Documents_PhD_MAPF_LNS_MAPF_LNS_SAT_mapf-scen-even_scen-even_warehouse-20-40-10-2-2-even-6_scen-agents50-idx0-seed42-1783534827097,0,422,11,9,22,48,779,320,0.001000,2.824000,1.094000,0.783000,0.089495,2891.738000,1
_home_max_Documents_PhD_MAPF_LNS_MAPF_LNS_SAT_mapf-map_warehouse-20-40-10-2-2_map-_home_max_Documents_PhD_MAPF_LNS_MAPF_LNS_SAT_mapf-scen-even_scen-even_warehouse-20-40-10-2-2-even-1_scen-agents100-idx0-seed42-1783534832013,0,450,55,47,114,238,3762,1551,0.001000,2.498000,6.322000,4.653000,0.488671,8416.824000,1
_home_max_Documents_PhD_MAPF_LNS_MAPF_LNS_SAT_mapf-map_warehouse-20-40-10-2-2_map-_home_max_Documents_PhD_MAPF_LNS_MAPF_LNS_SAT_mapf-scen-even_scen-even_warehouse-20-40-10-2-2-even-1_scen-agents100-idx1-seed42-1783534844441,0,460,54,52,92,202,2456,1055,0.003000,1.960000,5.151000,3.615000,0.427809,8542.935000,1
_home_max_Documents_PhD_MAPF_LNS_MAPF_LNS_SAT_mapf-map_warehouse-20-40-10-2-2_map-_home_max_Documents_PhD_MAPF_LNS_MAPF_LNS_SAT_mapf-scen-even_scen-even_warehouse-20-40-10-2-2-even-1_scen-agents100-idx2-seed42-1783534857018,0,460,57,47,115,225,3597,1518,0.003000,2.684000,5.983000,4.287000,0.469102,8386.362000,1
_home_max_Documents_PhD_MAPF_LNS_MAPF_LNS_SAT_mapf-map_warehouse-20-40-10-2-2_map-_home_max_Documents_PhD_MAPF_LNS_MAPF_LNS_SAT_mapf-scen-even_scen-even_warehouse-20-40-10-2-2-even-1_scen-agents100-idx3-seed42-1783534869446,0,466,71,55,160,322,5787,2358,0.005000,3.769000,8.785000,6.531000,0.702334,8621.012000,1
_home_max_Documents_PhD_MAPF_LNS_MAPF_LNS_SAT_mapf-map_warehouse-20-40-10-2-2_map-_home_max_Documents_PhD_MAPF_LNS_MAPF_LNS_SAT_mapf-scen-even_scen-even_warehouse-20-40-10-2-2-even-1_scen-agents100-idx4-seed42-1783534882068,0,447,50,43,106,222,4234,1718,0.002000,2.782000,6.263000,4.677000,0.485468,7987.638000,1
_home_max_Documents_PhD_MAPF_LNS_MAPF_LNS_SAT_mapf-map_warehouse-20-40-10-2-2_map-_home_max_Documents_PhD_MAPF_LNS_MAPF_LNS_SAT_mapf-scen-even_scen-even_warehouse-20-40-10-2-2-even-1_scen-agents100-idx5-seed42-1783534894054,0,454,70,52,173,342,6406,2605,0.007000,3.695000,8.837000,6.522000,0.704292,8495.532000,1
_home_max_Documents_PhD_MAPF_LNS_MAPF_LNS_SAT_mapf-map_warehouse-20-40-10-2-2_map-_home_max_Documents_PhD_MAPF_LNS_MAPF_LNS_SAT_mapf-scen-even_scen-even_warehouse-20-40-10-2-2-even-1_scen-agents100-idx6-seed42-1783534906532,0,462,53,45,121,266,6095,2102,0.007000,3.571000,7.596000,5.695000,0.616139,8289.235000,1
_home_max_Documents_PhD_MAPF_LNS_MAPF_LNS_SAT_mapf-map_warehouse-20-40-10-2-2_map-_home_max_Documents_PhD_MAPF_LNS_MAPF_LNS_SAT_mapf-scen-even_scen-even_warehouse-20-40-10-2-2-even-1_scen-agents100-idx7-seed42-1783534918867,0,465,49,42,99,213,3376,1397,0.003000,2.317000,5.472000,3.911000,0.441236,7902.945000,1
_home_max_Documents_PhD_MAPF_LNS_MAPF_LNS_SAT_mapf-map_warehouse-20-40-10-2-2_map-_home_max_Documents_PhD_MAPF_LNS_MAPF_LNS_SAT_mapf-scen-even_scen-even_warehouse-20-40-10-2-2-even-1_scen-agents100-idx8-seed42-1783534930796,0,462,57,48,109,246,3660,1521,0.005000,2.724000,6.527000,4.476000,0.506116,8433.484000,1
_home_max_Documents_PhD_MAPF_LNS_MAPF_LNS_SAT_mapf-map_warehouse-20-40-10-2-2_map-_home_max_Documents_PhD_MAPF_LNS_MAPF_LNS_SAT_mapf-scen-even_scen-even_warehouse-20-40-10-2-2-even-1_scen-agents100-idx9-seed42-1783534943278,0,464,42,35,77,149,2576,1085,0.006000,1.791000,4.235000,3.148000,0.312994,7662.668000,1
_home_max_Documents_PhD_MAPF_LNS_MAPF_LNS_SAT_mapf-map_warehouse-20-40-10-2-2_map-_home_max_Documents_PhD_MAPF_LNS_MAPF_LNS_SAT_mapf-scen-even_scen-even_warehouse-20-40-10-2-2-even-2_scen-agents100-idx0-seed42-1783534954957,0,465,52,42,113,235,3982,1632,0.001000,2.537000,5.991000,4.318000,0.493850,8250.110000,1
_home_max_Documents_PhD_MAPF_LNS_MAPF_LNS_SAT_mapf-map_warehouse-20-40-10-2-2_map-_home_max_Documents_PhD_MAPF_LNS_MAPF_LNS_SAT_mapf-scen-even_scen-even_warehouse-20-40-10-2-2-even-2_scen-agents100-idx1-seed42-1783534967237,0,465,61,48,128,256,4268,1785,0.003000,2.866000,7.146000,5.282000,0.504294,8892.602000,1
_home_max_Documents_PhD_MAPF_LNS_MAPF_LNS_SAT_mapf-map_warehouse-20-40-10-2-2_map-_home_max_Documents_PhD_MAPF_LNS_MAPF_LNS_SAT_mapf-scen-even_scen-even_warehouse-20-40-10-2-2-even-2_scen-agents100-idx2-seed42-1783534980164,0,460,58,48,121,246,4337,1756,0.010000,5.346000,7.300000,5.239000,0.604729,8649.243000,1
_home_max_Documents_PhD_MAPF_LNS_MAPF_LNS_SAT_mapf-map_warehouse-20-40-10-2-2_map-_home_max_Documents_PhD_MAPF_LNS_MAPF_LNS_SAT_mapf-scen-even_scen-even_warehouse-20-40-10-2-2-even-2_scen-agents100-idx3-seed42-1783534992787,0,452,55,44,121,235,3878,1633,0.004000,2.554000,5.997000,4.476000,0.429678,8036.712000,1
_home_max_Documents_PhD_MAPF_LNS_MAPF_LNS_SAT_mapf-map_warehouse-20-40-10-2-2_map-_home_max_Documents_PhD_MAPF_LNS_MAPF_LNS_SAT_mapf-scen-even_scen-even_warehouse-20-40-10-2-2-even-2_scen-agents100-idx4-seed42-1783535004819,0,464,56,45,129,263,4825,1946,0.000000,3.044000,6.650000,4.858000,0.569917,8653.691000,1
_home_max_Documents_PhD_MAPF_LNS_MAPF_LNS_SAT_mapf-map_warehouse-20-40-10-2-2_map-_home_max_Documents_PhD_MAPF_LNS_MAPF_LNS_SAT_mapf-scen-even_scen-even_warehouse-20-40-10-2-2-even-2_scen-agents100-idx5-seed42-1783535017500,0,462,47,37,98,193,3464,1442,0.002000,2.237000,5.490000,4.090000,0.445674,8152.951000,1
_home_max_Documents_PhD_MAPF_LNS_MAPF_LNS_SAT_mapf-map_warehouse-20-40-10-2-2_map-_home_max_Documents_PhD_MAPF_LNS_MAPF_LNS_SAT_mapf-scen-even_scen-even_warehouse-20-40-10-2-2-even-2_scen-agents100-idx6-seed42-1783535029677,0,462,53,44,109,218,4202,1666,0.013000,2.967000,6.312000,4.771000,0.494026,8200.998000,1
_home_max_Documents_PhD_MAPF_LNS_MAPF_LNS_SAT_mapf-map_warehouse-20-40-10-2-2_map-_home_max_Documents_PhD_MAPF_LNS_MAPF_LNS_SAT_mapf-scen-even_scen-even_warehouse-20-40-10-2-2-even-2_scen-agents100-idx7-seed42-1783535041910,0,472,56,43,126,241,5504,2121,0.011000,3.575000,7.083000,5.322000,0.565639,8188.757000,1
_home_max_Documents_PhD_MAPF_LNS_MAPF_LNS_SAT_mapf-map_warehouse-20-40-10-2-2_map-_home_max_Documents_PhD_MAPF_LNS_MAPF_LNS_SAT_mapf-scen-even_scen-even_warehouse-20-40-10-2-2-even-2_scen-agents100-idx8-seed42-1783535054134,0,467,73,62,153,323,5110,2115,0.001000,3.853000,8.833000,6.466000,0.705742,9108.795000,1
_home_max_Documents_PhD_MAPF_LNS_MAPF_LNS_SAT_mapf-map_warehouse-20-40-10-2-2_map-_home_max_Documents_PhD_MAPF_LNS_MAPF_LNS_SAT_mapf-scen-even_scen-even_warehouse-20-40-10-2-2-even-2_scen-agents100-idx9-seed42-1783535067213,0,465,50,43,102,212,4060,1670,0.015000,2.801000,6.081000,4.505000,0.506334,8013.217000,1
_home_max_Documents_PhD_MAPF_LNS_MAPF_LNS_SAT_mapf-map_warehouse-20-40-10-2-2_map-_home_max_Documents_PhD_MAPF_LNS_MAPF_LNS_SAT_mapf-scen-even_scen-even_warehouse-20-40-10-2-2-even-3_scen-agents100-idx0-seed42-1783535079248,0,448,63,54,120,234,4177,1752,0.007000,2.972000,6.566000,4.647000,0.501311,8344.356000,1
_home_max_Documents_PhD_MAPF_LNS_MAPF_LNS_SAT_mapf-map_warehouse-20-40-10-2-2_map-_home_max_Documents_PhD_MAPF_LNS_MAPF_LNS_SAT_mapf-scen-even_scen-even_warehouse-20-40-10-2-2-even-3_scen-agents100-idx1-seed42-1783535091628,0,457,48,38,107,222,3770,1541,0.005000,2.770000,6.039000,4.385000,0.481010,8217.039000,1
_home_max_Documents_PhD_MAPF_LNS_MAPF_LNS_SAT_mapf-map_warehouse-20-40-10-2-2_map-_home_max_Documents_PhD_MAPF_LNS_MAPF_LNS_SAT_mapf-scen-even_scen-even_warehouse-20-40-10-2-2-even-3_scen-agents100-idx2-seed42-1783535103854,0,454,60,52,115,253,3778,1584,0.010000,2.983000,6.216000,4.404000,0.477812,8657.199000,1
_home_max_Documents_PhD_MAPF_LNS_MAPF_LNS_SAT_mapf-map_warehouse-20-40-10-2-2_map-_home_max_Documents_PhD_MAPF_LNS_MAPF_LNS_SAT_mapf-scen-even_scen-even_warehouse-20-40-10-2-2-even-3_scen-agents100-idx3-seed42-1783535116588,0,444,57,46,143,285,5198,2172,0.006000,3.669000,7.877000,5.898000,0.610096,8291.603000,1
_home_max_Documents_PhD_MAPF_LNS_MAPF_LNS_SAT_mapf-map_warehouse-20-40-10-2-2_map-_home_max_Documents_PhD_MAPF_LNS_MAPF_LNS_SAT_mapf-scen-even_scen-even_warehouse-20-40-10-2-2-even-3_scen-agents100-idx4-seed42-1783535128860,0,458,58,46,122,242,4059,1706,0.005000,2.542000,5.918000,4.293000,0.427678,7903.790000,1
_home_max_Documents_PhD_MAPF_LNS_MAPF_LNS_SAT_mapf-map_warehouse-20-40-10-2-2_map-_home_max_Documents_PhD_MAPF_LNS_MAPF_LNS_SAT_mapf-scen-even_scen-even_warehouse-20-40-10-2-2-even-3_scen-agents100-idx5-seed42-1783535140794,0,458,47,37,113,226,3893,1617,0.004000,2.651000,6.345000,4.739000,0.463856,7820.698000,1
_home_max_Documents_PhD_MAPF_LNS_MAPF_LNS_SAT_mapf-map_warehouse-20-40-10-2-2_map-_home_max_Documents_PhD_MAPF_LNS_MAPF_LNS_SAT_mapf-scen-even_scen-even_warehouse-20-40-10-2-2-even-3_scen-agents100-idx6-seed42-1783535152620,0,455,37,35,54,114,1900,822,0.006000,1.853000,3.145000,2.189000,0.233606,8036.637000,1
_home_max_Documents_PhD_MAPF_LNS_MAPF_LNS_SAT_mapf-map_warehouse-20-40-10-2-2_map-_home_max_Documents_PhD_MAPF_LNS_MAPF_LNS_SAT_mapf-scen-even_scen-even_warehouse-20-40-10-2-2-even-3_scen-agents100-idx7-seed42-1783535164645,0,455,61,53,110,248,3470,1435,0.004000,2.584000,6.552000,4.707000,0.526740,8305.575000,1
_home_max_Documents_PhD_MAPF_LNS_MAPF_LNS_SAT_mapf-map_warehouse-20-40-10-2-2_map-_home_max_Documents_PhD_MAPF_LNS_MAPF_LNS_SAT_mapf-scen-even_scen-even_warehouse-20-40-10-2-2-even-3_scen-agents100-idx8-seed42-1783535176983,0,445,66,55,142,279,5770,2298,0.010000,3.866000,7.850000,5.866000,0.627705,8617.738000,1
_home_max_Documents_PhD_MAPF_LNS_MAPF_LNS_SAT_mapf-map_warehouse-20-40-10-2-2_map-_home_max_Documents_PhD_MAPF_LNS_MAPF_LNS_SAT_mapf-scen-even_scen-even_warehouse-20-40-10-2-2-even-4_scen-agents100-idx0-seed42-1783535189611,0,457,64,53,134,284,4633,1926,0.002000,3.065000,7.454000,5.446000,0.586277,8774.732000,1
_home_max_Documents_PhD_MAPF_LNS_MAPF_LNS_SAT_mapf-map_warehouse-20-40-10-2-2_map-_home_max_Documents_PhD_MAPF_LNS_MAPF_LNS_SAT_mapf-scen-even_scen-even_warehouse-20-40-10-2-2-even-4_scen-agents100-idx1-seed42-1783535202438,0,464,51,45,96,209,4100,1584,0.004000,2.648000,6.598000,4.830000,0.490467,8215.245000,1
_home_max_Documents_PhD_MAPF_LNS_MAPF_LNS_SAT_mapf-map_warehouse-20-40-10-2-2_map-_home_max_Documents_PhD_MAPF_LNS_MAPF_LNS_SAT_mapf-scen-even_scen-even_warehouse-20-40-10-2-2-even-4_scen-agents100-idx2-seed42-1783535214663,0,463,54,43,126,252,4542,1877,0.018000,3.593000,7.848000,5.922000,0.595238,8190.626000,1
_home_max_Documents_PhD_MAPF_LNS_MAPF_LNS_SAT_mapf-map_warehouse-20-40-10-2-2_map-_home_max_Documents_PhD_MAPF_LNS_MAPF_LNS_SAT_mapf-scen-even_scen-even_warehouse-20-40-10-2-2-even-4_scen-agents100-idx3-seed42-1783535226842,0,452,60,47,147,295,5268,2149,0.001000,3.332000,7.987000,6.023000,0.635556,8193.746000,1
_home_max_Documents_PhD_MAPF_LNS_MAPF_LNS_SAT_mapf-map_warehouse-20-40-10-2-2_map-_home_max_Documents_PhD_MAPF_LNS_MAPF_LNS_SAT_mapf-scen-even_scen-even_warehouse-20-40-10-2-2-even-4_scen-agents100-idx4-seed42-1783535239030,0,463,57,48,116,250,5055,1885,0.013000,3.408000,7.696000,5.799000,0.558965,8544.972000,1
_home_max_Documents_PhD_MAPF_LNS_MAPF_LNS_SAT_mapf-map_warehouse-20-40-10-2-2_map-_home_max_Documents_PhD_MAPF_LNS_MAPF_LNS_SAT_mapf-scen-even_scen-even_warehouse-20-40-10-2-2-even-4_scen-agents100-idx5-seed42-1783535251599,0,464,50,41,95,201,3117,1289,0.003000,2.196000,5.014000,3.587000,0.411797,8410.476000,1
_home_max_Documents_PhD_MAPF_LNS_MAPF_LNS_SAT_mapf-map_warehouse-20-40-10-2-2_map-_home_max_Documents_PhD_MAPF_LNS_MAPF_LNS_SAT_mapf-scen-even_scen-even_warehouse-20-40-10-2-2-even-4_scen-agents100-idx6-seed42-1783535264026,0,450,46,39,89,188,2665,1134,0.001000,1.876000,4.848000,3.423000,0.390298,7715.549000,1
_home_max_Documents_PhD_MAPF_LNS_MAPF_LNS_SAT_mapf-map_warehouse-20-40-10-2-2_map-_home_max_Documents_PhD_MAPF_LNS_MAPF_LNS_SAT_mapf-scen-even_scen-even_warehouse-20-40-10-2-2-even-4_scen-agents100-idx7-seed42-1783535275750,0,464,56,49,103,229,3282,1386,0.006000,2.330000,5.252000,3.700000,0.402441,8045.389000,1
_home_max_Documents_PhD_MAPF_LNS_MAPF_LNS_SAT_mapf-map_warehouse-20-40-10-2-2_map-_home_max_Documents_PhD_MAPF_LNS_MAPF_LNS_SAT_mapf-scen-even_scen-even_warehouse-20-40-10-2-2-even-4_scen-agents100-idx8-seed42-1783535287834,0,460,60,45,147,292,5481,2258,0.002000,3.597000,7.851000,5.896000,0.593959,8698.681000,1
_home_max_Documents_PhD_MAPF_LNS_MAPF_LNS_SAT_mapf-map_warehouse-20-40-10-2-2_map-_home_max_Documents_PhD_MAPF_LNS_MAPF_LNS_SAT_mapf-scen-even_scen-even_warehouse-20-40-10-2-2-even-4_scen-agents100-idx9-seed42-1783535300565,0,465,61,51,129,263,4347,1797,0.004000,3.103000,6.786000,5.024000,0.513253,8759.246000,1
_home_max_Documents_PhD_MAPF_LNS_MAPF_LNS_SAT_mapf-map_warehouse-20-40-10-2-2_map-_home_max_Documents_PhD_MAPF_LNS_MAPF_LNS_SAT_mapf-scen-even_scen-even_warehouse-20-40-10-2-2-even-5_scen-agents100-idx0-seed42-1783535313339,0,480,51,44,95,200,3139,1317,0.002000,2.460000,5.268000,3.782000,0.439173,8211.164000,1
_home_max_Documents_PhD_MAPF_LNS_MAPF_LNS_SAT_mapf-map_warehouse-20-40-10-2-2_map-_home_max_Documents_PhD_MAPF_LNS_MAPF_LNS_SAT_mapf-scen-even_scen-even_warehouse-20-40-10-2-2-even-5_scen-agents100-idx1-seed42-1783535325614,0,469,51,45,101,213,3163,1327,0.013000,2.311000,5.459000,3.963000,0.460260,7816.917000,1
_home_max_Documents_PhD_MAPF_LNS_MAPF_LNS_SAT_mapf-map_warehouse-20-40-10-2-2_map-_home_max_Documents_PhD_MAPF_LNS_MAPF_LNS_SAT_mapf-scen-even_scen-even_warehouse-20-40-10-2-2-even-5_scen-agents100-idx2-seed42-1783535337489,0,482,49,41,104,207,3441,1432,0.032000,5.050000,5.872000,4.268000,0.483533,8755.170000,1
_home_max_Documents_PhD_MAPF_LNS_MAPF_LNS_SAT_mapf-map_warehouse-20-40-10-2-2_map-_home_max_Documents_PhD_MAPF_LNS_MAPF_LNS_SAT_mapf-scen-even_scen-even_warehouse-20-40-10-2-2-even-5_scen-agents100-idx3-seed42-1783535350270,0,487,79,63,178,351,5930,2474,0.008000,4.057000,8.878000,6.466000,0.726339,10013.139000,1
_home_max_Documents_PhD_MAPF_LNS_MAPF_LNS_SAT_mapf-map_warehouse-20-40-10-2-2_map-_home_max_Documents_PhD_MAPF_LNS_MAPF_LNS_SAT_mapf-scen-even_scen-even_warehouse-20-40-10-2-2-even-5_scen-agents100-idx4-seed42-1783535364307,0,480,59,50,114,247,4823,1807,0.000000,3.173000,6.511000,4.737000,0.474569,8915.549000,1
_home_max_Documents_PhD_MAPF_LNS_MAPF_LNS_SAT_mapf-map_warehouse-20-40-10-2-2_map-_home_max_Documents_PhD_MAPF_LNS_MAPF_LNS_SAT_mapf-scen-even_scen-even_warehouse-20-40-10-2-2-even-5_scen-agents100-idx5-seed42-1783535377232,0,483,58,49,115,236,3778,1572,0.004000,2.705000,5.996000,4.324000,0.479750,7878.787000,1
_home_max_Documents_PhD_MAPF_LNS_MAPF_LNS_SAT_mapf-map_warehouse-20-40-10-2-2_map-_home_max_Documents_PhD_MAPF_LNS_MAPF_LNS_SAT_mapf-scen-even_scen-even_warehouse-20-40-10-2-2-even-5_scen-agents100-idx6-seed42-1783535389166,0,486,64,51,140,273,4629,1946,0.001000,3.214000,7.157000,5.262000,0.532438,9317.940000,1
_home_max_Documents_PhD_MAPF_LNS_MAPF_LNS_SAT_mapf-map_warehouse-20-40-10-2-2_map-_home_max_Documents_PhD_MAPF_LNS_MAPF_LNS_SAT_mapf-scen-even_scen-even_warehouse-20-40-10-2-2-even-5_scen-agents100-idx7-seed42-1783535402483,0,485,53,46,103,216,3459,1461,0.009000,2.673000,6.016000,4.428000,0.432497,9014.937000,1
_home_max_Documents_PhD_MAPF_LNS_MAPF_LNS_SAT_mapf-map_warehouse-20-40-10-2-2_map-_home_max_Documents_PhD_MAPF_LNS_MAPF_LNS_SAT_mapf-scen-even_scen-even_warehouse-20-40-10-2-2-even-5_scen-agents100-idx8-seed42-1783535415516,0,486,73,58,172,358,6084,2486,0.011000,4.416000,9.696000,7.110000,0.773361,9330.496000,1
_home_max_Documents_PhD_MAPF_LNS_MAPF_LNS_SAT_mapf-map_warehouse-20-40-10-2-2_map-_home_max_Documents_PhD_MAPF_LNS_MAPF_LNS_SAT_mapf-scen-even_scen-even_warehouse-20-40-10-2-2-even-1_scen-agents200-idx0-seed42-1783535431908,0,460,208,178,407,859,18692,6519,0.018000,12.726000,25.959000,19.428000,1.989668,25076.167000,1
_home_max_Documents_PhD_MAPF_LNS_MAPF_LNS_SAT_mapf-map_warehouse-20-40-10-2-2_map-_home_max_Documents_PhD_MAPF_LNS_MAPF_LNS_SAT_mapf-scen-even_scen-even_warehouse-20-40-10-2-2-even-1_scen-agents200-idx1-seed42-1783535464996,0,466,227,182,497,993,18547,7401,0.034000,14.175000,29.718000,22.167000,2.325784,26298.254000,1
_home_max_Documents_PhD_MAPF_LNS_MAPF_LNS_SAT_mapf-map_warehouse-20-40-10-2-2_map-_home_max_Documents_PhD_MAPF_LNS_MAPF_LNS_SAT_mapf-scen-even_scen-even_warehouse-20-40-10-2-2-even-1_scen-agents200-idx2-seed42-1783535499266,0,454,241,196,523,1120,36852,10078,0.064000,21.195000,40.161000,31.451000,3.239856,26322.619000,1
_home_max_Documents_PhD_MAPF_LNS_MAPF_LNS_SAT_mapf-map_warehouse-20-40-10-2-2_map-_home_max_Documents_PhD_MAPF_LNS_MAPF_LNS_SAT_mapf-scen-even_scen-even_warehouse-20-40-10-2-2-even-1_scen-agents200-idx3-seed42-1783535533604,0,465,215,173,488,1034,18084,7397,0.081000,14.148000,29.400000,21.646000,2.424636,25611.098000,1
_home_max_Documents_PhD_MAPF_LNS_MAPF_LNS_SAT_mapf-map_warehouse-20-40-10-2-2_map-_home_max_Documents_PhD_MAPF_LNS_MAPF_LNS_SAT_mapf-scen-even_scen-even_warehouse-20-40-10-2-2-even-1_scen-agents200-idx4-seed42-1783535567237,0,464,220,177,468,963,17841,7301,0.041000,13.985000,28.754000,21.405000,2.255323,25618.112000,1
_home_max_Documents_PhD_MAPF_LNS_MAPF_LNS_SAT_mapf-map_warehouse-20-40-10-2-2_map-_home_max_Documents_PhD_MAPF_LNS_MAPF_LNS_SAT_mapf-scen-even_scen-even_warehouse-20-40-10-2-2-even-2_scen-agents200-idx0-seed42-1783535600921,0,465,198,171,393,846,13658,5622,0.027000,11.431000,24.473000,17.823000,1.954207,25661.921000,1
_home_max_Documents_PhD_MAPF_LNS_MAPF_LNS_SAT_mapf-map_warehouse-20-40-10-2-2_map-_home_max_Documents_PhD_MAPF_LNS_MAPF_LNS_SAT_mapf-scen-even_scen-even_warehouse-20-40-10-2-2-even-2_scen-agents200-idx1-seed42-1783535634593,0,460,202,172,408,835,17010,6343,0.036000,11.851000,24.247000,17.676000,1.973123,23942.922000,1
_home_max_Documents_PhD_MAPF_LNS_MAPF_LNS_SAT_mapf-map_warehouse-20-40-10-2-2_map-_home_max_Documents_PhD_MAPF_LNS_MAPF_LNS_SAT_mapf-scen-even_scen-even_warehouse-20-40-10-2-2-even-2_scen-agents200-idx2-seed42-1783535666513,0,464,215,168,491,1003,19320,7797,0.051000,18.570000,30.373000,22.664000,2.386859,26837.141000,1
_home_max_Documents_PhD_MAPF_LNS_MAPF_LNS_SAT_mapf-map_warehouse-20-40-10-2-2_map-_home_max_Documents_PhD_MAPF_LNS_MAPF_LNS_SAT_mapf-scen-even_scen-even_warehouse-20-40-10-2-2-even-2_scen-agents200-idx3-seed42-1783535701293,0,472,211,184,413,847,13990,5726,0.042000,11.285000,24.563000,18.121000,1.917491,25692.980000,1
_home_max_Documents_PhD_MAPF_LNS_MAPF_LNS_SAT_mapf-map_warehouse-20-40-10-2-2_map-_home_max_Documents_PhD_MAPF_LNS_MAPF_LNS_SAT_mapf-scen-even_scen-even_warehouse-20-40-10-2-2-even-2_scen-agents200-idx4-seed42-1783535735082,0,467,229,184,512,1061,21510,8184,0.055000,16.554000,32.570000,24.219000,2.965299,27747.082000,1
_home_max_Documents_PhD_MAPF_LNS_MAPF_LNS_SAT_mapf-map_warehouse-20-40-10-2-2_map-_home_max_Documents_PhD_MAPF_LNS_MAPF_LNS_SAT_mapf-scen-even_scen-even_warehouse-20-40-10-2-2-even-3_scen-agents200-idx0-seed42-1783535770817,0,457,227,188,484,972,16900,7045,0.046000,13.488000,28.818000,21.326000,2.308136,26346.935000,1
_home_max_Documents_PhD_MAPF_LNS_MAPF_LNS_SAT_mapf-map_warehouse-20-40-10-2-2_map-_home_max_Documents_PhD_MAPF_LNS_MAPF_LNS_SAT_mapf-scen-even_scen-even_warehouse-20-40-10-2-2-even-3_scen-agents200-idx1-seed42-1783535805149,0,454,242,195,531,1114,19391,7948,0.086000,16.638000,33.292000,24.706000,2.520286,27904.572000,1
_home_max_Documents_PhD_MAPF_LNS_MAPF_LNS_SAT_mapf-map_warehouse-20-40-10-2-2_map-_home_max_Documents_PhD_MAPF_LNS_MAPF_LNS_SAT_mapf-scen-even_scen-even_warehouse-20-40-10-2-2-even-3_scen-agents200-idx2-seed42-1783535840989,0,458,172,139,358,715,83316,8077,0.042000,35.991000,48.837000,42.920000,2.493854,23215.922000,1
_home_max_Documents_PhD_MAPF_LNS_MAPF_LNS_SAT_mapf-map_warehouse-20-40-10-2-2_map-_home_max_Documents_PhD_MAPF_LNS_MAPF_LNS_SAT_mapf-scen-even_scen-even_warehouse-20-40-10-2-2-even-3_scen-agents200-idx3-seed42-1783535872159,0,455,205,169,405,880,15319,6075,0.033000,12.482000,25.252000,18.616000,1.973426,24808.040000,1
_home_max_Documents_PhD_MAPF_LNS_MAPF_LNS_SAT_mapf-map_warehouse-20-40-10-2-2_map-_home_max_Documents_PhD_MAPF_LNS_MAPF_LNS_SAT_mapf-scen-even_scen-even_warehouse-20-40-10-2-2-even-4_scen-agents200-idx0-seed42-1783535904934,0,464,238,200,481,1023,23712,8481,0.062000,16.603000,31.379000,23.147000,2.545421,26433.966000,1
_home_max_Documents_PhD_MAPF_LNS_MAPF_LNS_SAT_mapf-map_warehouse-20-40-10-2-2_map-_home_max_Documents_PhD_MAPF_LNS_MAPF_LNS_SAT_mapf-scen-even_scen-even_warehouse-20-40-10-2-2-even-4_scen-agents200-idx1-seed42-1783535939373,0,463,217,185,446,943,15571,6402,0.056000,12.064000,26.526000,19.594000,2.022574,24477.018000,1
_home_max_Documents_PhD_MAPF_LNS_MAPF_LNS_SAT_mapf-map_warehouse-20-40-10-2-2_map-_home_max_Documents_PhD_MAPF_LNS_MAPF_LNS_SAT_mapf-scen-even_scen-even_warehouse-20-40-10-2-2-even-4_scen-agents200-idx2-seed42-1783535971799,0,464,245,194,571,1168,26100,10012,0.116000,21.042000,39.527000,29.446000,3.407410,28533.206000,1
