experiment_id,map_path,scenario_path,num_agents,scenario_index,seed,solved,makespan_success,total_runtime_ms,total_cnf_clauses,total_cnf_variables,total_mdd_build_ms,total_cnf_build_ms,total_lazy_wall_ms,total_lazy_solver_wall_ms,total_lazy_solver_reported_ms
_home_max_Documents_PhD_MAPF_LNS_MAPF_LNS_SAT_mapf-map_warehouse-20-40-10-2-2_map-_home_max_Documents_PhD_MAPF_LNS_MAPF_LNS_SAT_mapf-scen-even_scen-even_warehouse-20-40-10-2-2-even-1_scen-agents10-idx0-seed42-1783524743639,/home/max/Documents/PhD/MAPF/LNS/MAPF_LNS_SAT/mapf-map/warehouse-20-40-10-2-2.map,/home/max/Documents/PhD/MAPF/LNS/MAPF_LNS_SAT/mapf-scen-even/scen-even/warehouse-20-40-10-2-2-even-1.scen,10,0,42,1,446,923.698000,0,0,0.000000,0.000000,0.000000,0.000000,0.000000
_home_max_Documents_PhD_MAPF_LNS_MAPF_LNS_SAT_mapf-map_warehouse-20-40-10-2-2_map-_home_max_Documents_PhD_MAPF_LNS_MAPF_LNS_SAT_mapf-scen-even_scen-even_warehouse-20-40-10-2-2-even-1_scen-agents10-idx1-seed42-1783524744588,/home/max/Documents/PhD/MAPF/LNS/MAPF_LNS_SAT/mapf-map/warehouse-20-40-10-2-2.map,/home/max/Documents/PhD/MAPF/LNS/MAPF_LNS_SAT/mapf-scen-even/scen-even/warehouse-20-40-10-2-2-even-1.scen,10,1,42,1,362,840.583000,0,0,0.000000,0.000000,0.000000,0.000000,0.000000
_home_max_Documents_PhD_MAPF_LNS_MAPF_LNS_SAT_mapf-map_warehouse-20-40-10-2-2_map-_home_max_Documents_PhD_MAPF_LNS_MAPF_LNS_SAT_mapf-scen-even_scen-even_warehouse-20-40-10-2-2-even-1_scen-agents10-idx2-seed42-1783524745494,/home/max/Documents/PhD/MAPF/LNS/MAPF_LNS_SAT/mapf-map/warehouse-20-40-10-2-2.map,/home/max/Documents/PhD/MAPF/LNS/MAPF_LNS_SAT/mapf-scen-even/scen-even/warehouse-20-40-10-2-2-even-1.scen,10,2,42,1,420,936.646000,0,0,0.000000,0.000000,0.000000,0.000000,0.000000
_home_max_Documents_PhD_MAPF_LNS_MAPF_LNS_SAT_mapf-map_warehouse-20-40-10-2-2_map-_home_max_Documents_PhD_MAPF_LNS_MAPF_LNS_SAT_mapf-scen-even_scen-even_warehouse-20-40-10-2-2-even-1_scen-agents10-idx3-seed42-1783524746494,/home/max/Documents/PhD/MAPF/LNS/MAPF_LNS_SAT/mapf-map/warehouse-20-40-10-2-2.map,/home/max/Documents/PhD/MAPF/LNS/MAPF_LNS_SAT/mapf-scen-even/scen-even/warehouse-20-40-10-2-2-even-1.scen,10,3,42,1,450,906.365000,22,9,0.000000,0.016000,0.075000,0.044000,0.009408
_home_max_Documents_PhD_MAPF_LNS_MAPF_LNS_SAT_mapf-map_warehouse-20-40-10-2-2_map-_home_max_Documents_PhD_MAPF_LNS_MAPF_LNS_SAT_mapf-scen-even_scen-even_warehouse-20-40-10-2-2-even-1_scen-agents10-idx4-seed42-1783524747452,/home/max/Documents/PhD/MAPF/LNS/MAPF_LNS_SAT/mapf-map/warehouse-20-40-10-2-2.map,/home/max/Documents/PhD/MAPF/LNS/MAPF_LNS_SAT/mapf-scen-even/scen-even/warehouse-20-40-10-2-2-even-1.scen,10,4,42,1,389,840.528000,0,0,0.000000,0.000000,0.000000,0.000000,0.000000
_home_max_Documents_PhD_MAPF_LNS_MAPF_LNS_SAT_mapf-map_warehouse-20-40-10-2-2_map-_home_max_Documents_PhD_MAPF_LNS_MAPF_LNS_SAT_mapf-scen-even_scen-even_warehouse-20-40-10-2-2-even-1_scen-agents10-idx5-seed42-1783524748355,/home/max/Documents/PhD/MAPF/LNS/MAPF_LNS_SAT/mapf-map/warehouse-20-40-10-2-2.map,/home/max/Documents/PhD/MAPF/LNS/MAPF_LNS_SAT/mapf-scen-even/scen-even/warehouse-20-40-10-2-2-even-1.scen,10,5,42,1,427,811.053000,0,0,0.000000,0.000000,0.000000,0.000000,0.000000
_home_max_Documents_PhD_MAPF_LNS_MAPF_LNS_SAT_mapf-map_warehouse-20-40-10-2-2_map-_home_max_Documents_PhD_MAPF_LNS_MAPF_LNS_SAT_mapf-scen-even_scen-even_warehouse-20-40-10-2-2-even-1_scen-agents10-idx6-seed42-1783524749207,/home/max/Documents/PhD/MAPF/LNS/MAPF_LNS_SAT/mapf-map/warehouse-20-40-10-2-2.map,/home/max/Documents/PhD/MAPF/LNS/MAPF_LNS_SAT/mapf-scen-even/scen-even/warehouse-20-40-10-2-2-even-1.scen,10,6,42,1,428,860.981000,0,0,0.000000,0.000000,0.000000,0.000000,0.000000
_home_max_Documents_PhD_MAPF_LNS_MAPF_LNS_SAT_mapf-map_warehouse-20-40-10-2-2_map-_home_max_Documents_PhD_MAPF_LNS_MAPF_LNS_SAT_mapf-scen-even_scen-even_warehouse-20-40-10-2-2-even-1_scen-agents10-idx7-seed42-1783524750106,/home/max/Documents/PhD/MAPF/LNS/MAPF_LNS_SAT/mapf-map/warehouse-20-40-10-2-2.map,/home/max/Documents/PhD/MAPF/LNS/MAPF_LNS_SAT/mapf-scen-even/scen-even/warehouse-20-40-10-2-2-even-1.scen,10,7,42,1,365,814.365000,0,0,0.000000,0.000000,0.000000,0.000000,0.000000
_home_max_Documents_PhD_MAPF_LNS_MAPF_LNS_SAT_mapf-map_warehouse-20-40-10-2-2_map-_home_max_Documents_PhD_MAPF_LNS_MAPF_LNS_SAT_mapf-scen-even_scen-even_warehouse-20-40-10-2-2-even-1_scen-agents10-idx8-seed42-1783524750959,/home/max/Documents/PhD/MAPF/LNS/MAPF_LNS_SAT/mapf-map/warehouse-20-40-10-2-2.map,/home/max/Documents/PhD/MAPF/LNS/MAPF_LNS_SAT/mapf-scen-even/scen-even/warehouse-20-40-10-2-2-even-1.scen,10,8,42,1,432,1078.448000,0,0,0.000000,0.000000,0.000000,0.000000,0.000000
_home_max_Documents_PhD_MAPF_LNS_MAPF_LNS_SAT_mapf-map_warehouse-20-40-10-2-2_map-_home_max_Documents_PhD_MAPF_LNS_MAPF_LNS_SAT_mapf-scen-even_scen-even_warehouse-20-40-10-2-2-even-1_scen-agents10-idx9-seed42-1783524752062,/home/max/Documents/PhD/MAPF/LNS/MAPF_LNS_SAT/mapf-map/warehouse-20-40-10-2-2.map,/home/max/Documents/PhD/MAPF/LNS/MAPF_LNS_SAT/mapf-scen-even/scen-even/warehouse-20-40-10-2-2-even-1.scen,10,9,42,1,433,926.342000,123,49,0.000000,0.072000,0.170000,0.124000,0.014532
_home_max_Documents_PhD_MAPF_LNS_MAPF_LNS_SAT_mapf-map_warehouse-20-40-10-2-2_map-_home_max_Documents_PhD_MAPF_LNS_MAPF_LNS_SAT_mapf-scen-even_scen-even_warehouse-20-40-10-2-2-even-1_scen-agents10-idx10-seed42-1783524753015,/home/max/Documents/PhD/MAPF/LNS/MAPF_LNS_SAT/mapf-map/warehouse-20-40-10-2-2.map,/home/max/Documents/PhD/MAPF/LNS/MAPF_LNS_SAT/mapf-scen-even/scen-even/warehouse-20-40-10-2-2-even-1.scen,10,10,42,1,452,976.142000,0,0,0.000000,0.000000,0.000000,0.000000,0.000000
_home_max_Documents_PhD_MAPF_LNS_MAPF_LNS_SAT_mapf-map_warehouse-20-40-10-2-2_map-_home_max_Documents_PhD_MAPF_LNS_MAPF_LNS_SAT_mapf-scen-even_scen-even_warehouse-20-40-10-2-2-even-1_scen-agents10-idx11-seed42-1783524754015,/home/max/Documents/PhD/MAPF/LNS/MAPF_LNS_SAT/mapf-map/warehouse-20-40-10-2-2.map,/home/max/Documents/PhD/MAPF/LNS/MAPF_LNS_SAT/mapf-scen-even/scen-even/warehouse-20-40-10-2-2-even-1.scen,10,11,42,1,446,914.025000,22,9,0.000000,0.022000,0.073000,0.046000,0.009597
_home_max_Documents_PhD_MAPF_LNS_MAPF_LNS_SAT_mapf-map_warehouse-20-40-10-2-2_map-_home_max_Documents_PhD_MAPF_LNS_MAPF_LNS_SAT_mapf-scen-even_scen-even_warehouse-20-40-10-2-2-even-1_scen-agents10-idx12-seed42-1783524754970,/home/max/Documents/PhD/MAPF/LNS/MAPF_LNS_SAT/mapf-map/warehouse-20-40-10-2-2.map,/home/max/Documents/PhD/MAPF/LNS/MAPF_LNS_SAT/mapf-scen-even/scen-even/warehouse-20-40-10-2-2-even-1.scen,10,12,42,1,415,885.565000,0,0,0.000000,0.000000,0.000000,0.000000,0.000000
_home_max_Documents_PhD_MAPF_LNS_MAPF_LNS_SAT_mapf-map_warehouse-20-40-10-2-2_map-_home_max_Documents_PhD_MAPF_LNS_MAPF_LNS_SAT_mapf-scen-even_scen-even_warehouse-20-40-10-2-2-even-1_scen-agents10-idx13-seed42-1783524755921,/home/max/Documents/PhD/MAPF/LNS/MAPF_LNS_SAT/mapf-map/warehouse-20-40-10-2-2.map,/home/max/Documents/PhD/MAPF/LNS/MAPF_LNS_SAT/mapf-scen-even/scen-even/warehouse-20-40-10-2-2-even-1.scen,10,13,42,1,460,861.562000,0,0,0.000000,0.000000,0.000000,0.000000,0.000000
_home_max_Documents_PhD_MAPF_LNS_MAPF_LNS_SAT_mapf-map_warehouse-20-40-10-2-2_map-_home_max_Documents_PhD_MAPF_LNS_MAPF_LNS_SAT_mapf-scen-even_scen-even_warehouse-20-40-10-2-2-even-1_scen-agents10-idx14-seed42-1783524756823,/home/max/Documents/PhD/MAPF/LNS/MAPF_LNS_SAT/mapf-map/warehouse-20-40-10-2-2.map,/home/max/Documents/PhD/MAPF/LNS/MAPF_LNS_SAT/mapf-scen-even/scen-even/warehouse-20-40-10-2-2-even-1.scen,10,14,42,1,379,880.341000,0,0,0.000000,0.000000,0.000000,0.000000,0.000000
_home_max_Documents_PhD_MAPF_LNS_MAPF_LNS_SAT_mapf-map_warehouse-20-40-10-2-2_map-_home_max_Documents_PhD_MAPF_LNS_MAPF_LNS_SAT_mapf-scen-even_scen-even_warehouse-20-40-10-2-2-even-1_scen-agents10-idx15-seed42-1783524757727,/home/max/Documents/PhD/MAPF/LNS/MAPF_LNS_SAT/mapf-map/warehouse-20-40-10-2-2.map,/home/max/Documents/PhD/MAPF/LNS/MAPF_LNS_SAT/mapf-scen-even/scen-even/warehouse-20-40-10-2-2-even-1.scen,10,15,42,1,414,943.762000,86,43,0.000000,0.218000,0.128000,0.101000,0.015689
_home_max_Documents_PhD_MAPF_LNS_MAPF_LNS_SAT_mapf-map_warehouse-20-40-10-2-2_map-_home_max_Documents_PhD_MAPF_LNS_MAPF_LNS_SAT_mapf-scen-even_scen-even_warehouse-20-40-10-2-2-even-1_scen-agents10-idx16-seed42-1783524758732,/home/max/Documents/PhD/MAPF/LNS/MAPF_LNS_SAT/mapf-map/warehouse-20-40-10-2-2.map,/home/max/Documents/PhD/MAPF/LNS/MAPF_LNS_SAT/mapf-scen-even/scen-even/warehouse-20-40-10-2-2-even-1.scen,10,16,42,1,436,1003.195000,0,0,0.000000,0.000000,0.000000,0.000000,0.000000
_home_max_Documents_PhD_MAPF_LNS_MAPF_LNS_SAT_mapf-map_warehouse-20-40-10-2-2_map-_home_max_Documents_PhD_MAPF_LNS_MAPF_LNS_SAT_mapf-scen-even_scen-even_warehouse-20-40-10-2-2-even-1_scen-agents10-idx17-seed42-1783524759786,/home/max/Documents/PhD/MAPF/LNS/MAPF_LNS_SAT/mapf-map/warehouse-20-40-10-2-2.map,/home/max/Documents/PhD/MAPF/LNS/MAPF_LNS_SAT/mapf-scen-even/scen-even/warehouse-20-40-10-2-2-even-1.scen,10,17,42,1,445,910.832000,0,0,0.000000,0.000000,0.000000,0.000000,0.000000
_home_max_Documents_PhD_MAPF_LNS_MAPF_LNS_SAT_mapf-map_warehouse-20-40-10-2-2_map-_home_max_Documents_PhD_MAPF_LNS_MAPF_LNS_SAT_mapf-scen-even_scen-even_warehouse-20-40-10-2-2-even-1_scen-agents10-idx18-seed42-1783524760738,/home/max/Documents/PhD/MAPF/LNS/MAPF_LNS_SAT/mapf-map/warehouse-20-40-10-2-2.map,/home/max/Documents/PhD/MAPF/LNS/MAPF_LNS_SAT/mapf-scen-even/scen-even/warehouse-20-40-10-2-2-even-1.scen,10,18,42,1,452,897.822000,0,0,0.000000,0.000000,0.000000,0.000000,0.000000
_home_max_Documents_PhD_MAPF_LNS_MAPF_LNS_SAT_mapf-map_warehouse-20-40-10-2-2_map-_home_max_Documents_PhD_MAPF_LNS_MAPF_LNS_SAT_mapf-scen-even_scen-even_warehouse-20-40-10-2-2-even-1_scen-agents10-idx19-seed42-1783524761692,/home/max/Documents/PhD/MAPF/LNS/MAPF_LNS_SAT/mapf-map/warehouse-20-40-10-2-2.map,/home/max/Documents/PhD/MAPF/LNS/MAPF_LNS_SAT/mapf-scen-even/scen-even/warehouse-20-40-10-2-2-even-1.scen,10,19,42,1,412,886.766000,0,0,0.000000,0.000000,0.000000,0.000000,0.000000
_home_max_Documents_PhD_MAPF_LNS_MAPF_LNS_SAT_mapf-map_warehouse-20-40-10-2-2_map-_home_max_Documents_PhD_MAPF_LNS_MAPF_LNS_SAT_mapf-scen-even_scen-even_warehouse-20-40-10-2-2-even-1_scen-agents10-idx20-seed42-1783524762648,/home/max/Documents/PhD/MAPF/LNS/MAPF_LNS_SAT/mapf-map/warehouse-20-40-10-2-2.map,/home/max/Documents/PhD/MAPF/LNS/MAPF_LNS_SAT/mapf-scen-even/scen-even/warehouse-20-40-10-2-2-even-1.scen,10,20,42,1,460,973.813000,0,0,0.000000,0.000000,0.000000,0.000000,0.000000
_home_max_Documents_PhD_MAPF_LNS_MAPF_LNS_SAT_mapf-map_warehouse-20-40-10-2-2_map-_home_max_Documents_PhD_MAPF_LNS_MAPF_LNS_SAT_mapf-scen-even_scen-even_warehouse-20-40-10-2-2-even-1_scen-agents10-idx21-seed42-1783524763645,/home/max/Documents/PhD/MAPF/LNS/MAPF_LNS_SAT/mapf-map/warehouse-20-40-10-2-2.map,/home/max/Documents/PhD/MAPF/LNS/MAPF_LNS_SAT/mapf-scen-even/scen-even/warehouse-20-40-10-2-2-even-1.scen,10,21,42,1,419,884.586000,0,0,0.000000,0.000000,0.000000,0.000000,0.000000
_home_max_Documents_PhD_MAPF_LNS_MAPF_LNS_SAT_mapf-map_warehouse-20-40-10-2-2_map-_home_max_Documents_PhD_MAPF_LNS_MAPF_LNS_SAT_mapf-scen-even_scen-even_warehouse-20-40-10-2-2-even-1_scen-agents10-idx22-seed42-1783524764602,/home/max/Documents/PhD/MAPF/LNS/MAPF_LNS_SAT/mapf-map/warehouse-20-40-10-2-2.map,/home/max/Documents/PhD/MAPF/LNS/MAPF_LNS_SAT/mapf-scen-even/scen-even/warehouse-20-40-10-2-2-even-1.scen,10,22,42,1,427,899.646000,0,0,0.000000,0.000000,0.000000,0.000000,0.000000
_home_max_Documents_PhD_MAPF_LNS_MAPF_LNS_SAT_mapf-map_warehouse-20-40-10-2-2_map-_home_max_Documents_PhD_MAPF_LNS_MAPF_LNS_SAT_mapf-scen-even_scen-even_warehouse-20-40-10-2-2-even-1_scen-agents10-idx23-seed42-1783524765552,/home/max/Documents/PhD/MAPF/LNS/MAPF_LNS_SAT/mapf-map/warehouse-20-40-10-2-2.map,/home/max/Documents/PhD/MAPF/LNS/MAPF_LNS_SAT/mapf-scen-even/scen-even/warehouse-20-40-10-2-2-even-1.scen,10,23,42,1,400,922.985000,0,0,0.000000,0.000000,0.000000,0.000000,0.000000
_home_max_Documents_PhD_MAPF_LNS_MAPF_LNS_SAT_mapf-map_warehouse-20-40-10-2-2_map-_home_max_Documents_PhD_MAPF_LNS_MAPF_LNS_SAT_mapf-scen-even_scen-even_warehouse-20-40-10-2-2-even-1_scen-agents10-idx24-seed42-1783524766502,/home/max/Documents/PhD/MAPF/LNS/MAPF_LNS_SAT/mapf-map/warehouse-20-40-10-2-2.map,/home/max/Documents/PhD/MAPF/LNS/MAPF_LNS_SAT/mapf-scen-even/scen-even/warehouse-20-40-10-2-2-even-1.scen,10,24,42,1,447,918.021000,118,48,0.000000,0.086000,0.191000,0.133000,0.019913
_home_max_Documents_PhD_MAPF_LNS_MAPF_LNS_SAT_mapf-map_warehouse-20-40-10-2-2_map-_home_max_Documents_PhD_MAPF_LNS_MAPF_LNS_SAT_mapf-scen-even_scen-even_warehouse-20-40-10-2-2-even-1_scen-agents10-idx25-seed42-1783524767456,/home/max/Documents/PhD/MAPF/LNS/MAPF_LNS_SAT/mapf-map/warehouse-20-40-10-2-2.map,/home/max/Documents/PhD/MAPF/LNS/MAPF_LNS_SAT/mapf-scen-even/scen-even/warehouse-20-40-10-2-2-even-1.scen,10,25,42,1,321,822.427000,0,0,0.000000,0.000000,0.000000,0.000000,0.000000
_home_max_Documents_PhD_MAPF_LNS_MAPF_LNS_SAT_mapf-map_warehouse-20-40-10-2-2_map-_home_max_Documents_PhD_MAPF_LNS_MAPF_LNS_SAT_mapf-scen-even_scen-even_warehouse-20-40-10-2-2-even-1_scen-agents10-idx26-seed42-1783524768308,/home/max/Documents/PhD/MAPF/LNS/MAPF_LNS_SAT/mapf-map/warehouse-20-40-10-2-2.map,/home/max/Documents/PhD/MAPF/LNS/MAPF_LNS_SAT/mapf-scen-even/scen-even/warehouse-20-40-10-2-2-even-1.scen,10,26,42,1,434,969.629000,0,0,0.000000,0.000000,0.000000,0.000000,0.000000
_home_max_Documents_PhD_MAPF_LNS_MAPF_LNS_SAT_mapf-map_warehouse-20-40-10-2-2_map-_home_max_Documents_PhD_MAPF_LNS_MAPF_LNS_SAT_mapf-scen-even_scen-even_warehouse-20-40-10-2-2-even-1_scen-agents10-idx27-seed42-1783524769310,/home/max/Documents/PhD/MAPF/LNS/MAPF_LNS_SAT/mapf-map/warehouse-20-40-10-2-2.map,/home/max/Documents/PhD/MAPF/LNS/MAPF_LNS_SAT/mapf-scen-even/scen-even/warehouse-20-40-10-2-2-even-1.scen,10,27,42,1,426,832.070000,22,9,0.000000,0.023000,0.067000,0.042000,0.008822
_home_max_Documents_PhD_MAPF_LNS_MAPF_LNS_SAT_mapf-map_warehouse-20-40-10-2-2_map-_home_max_Documents_PhD_MAPF_LNS_MAPF_LNS_SAT_mapf-scen-even_scen-even_warehouse-20-40-10-2-2-even-1_scen-agents10-idx28-seed42-1783524770160,/home/max/Documents/PhD/MAPF/LNS/MAPF_LNS_SAT/mapf-map/warehouse-20-40-10-2-2.map,/home/max/Documents/PhD/MAPF/LNS/MAPF_LNS_SAT/mapf-scen-even/scen-even/warehouse-20-40-10-2-2-even-1.scen,10,28,42,1,452,1009.018000,0,0,0.000000,0.000000,0.000000,0.000000,0.000000
_home_max_Documents_PhD_MAPF_LNS_MAPF_LNS_SAT_mapf-map_warehouse-20-40-10-2-2_map-_home_max_Documents_PhD_MAPF_LNS_MAPF_LNS_SAT_mapf-scen-even_scen-even_warehouse-20-40-10-2-2-even-1_scen-agents10-idx29-seed42-1783524771218,/home/max/Documents/PhD/MAPF/LNS/MAPF_LNS_SAT/mapf-map/warehouse-20-40-10-2-2.map,/home/max/Documents/PhD/MAPF/LNS/MAPF_LNS_SAT/mapf-scen-even/scen-even/warehouse-20-40-10-2-2-even-1.scen,10,29,42,1,445,877.581000,0,0,0.000000,0.000000,0.000000,0.000000,0.000000
_home_max_Documents_PhD_MAPF_LNS_MAPF_LNS_SAT_mapf-map_warehouse-20-40-10-2-2_map-_home_max_Documents_PhD_MAPF_LNS_MAPF_LNS_SAT_mapf-scen-even_scen-even_warehouse-20-40-10-2-2-even-1_scen-agents10-idx30-seed42-1783524772116,/home/max/Documents/PhD/MAPF/LNS/MAPF_LNS_SAT/mapf-map/warehouse-20-40-10-2-2.map,/home/max/Documents/PhD/MAPF/LNS/MAPF_LNS_SAT/mapf-scen-even/scen-even/warehouse-20-40-10-2-2-even-1.scen,10,30,42,1,380,853.927000,0,0,0.000000,0.000000,0.000000,0.000000,0.000000
_home_max_Documents_PhD_MAPF_LNS_MAPF_LNS_SAT_mapf-map_warehouse-20-40-10-2-2_map-_home_max_Documents_PhD_MAPF_LNS_MAPF_LNS_SAT_mapf-scen-even_scen-even_warehouse-20-40-10-2-2-even-1_scen-agents10-idx31-seed42-1783524773021,/home/max/Documents/PhD/MAPF/LNS/MAPF_LNS_SAT/mapf-map/warehouse-20-40-10-2-2.map,/home/max/Documents/PhD/MAPF/LNS/MAPF_LNS_SAT/mapf-scen-even/scen-even/warehouse-20-40-10-2-2-even-1.scen,10,31,42,1,466,1073.151000,0,0,0.000000,0.000000,0.000000,0.000000,0.000000
_home_max_Documents_PhD_MAPF_LNS_MAPF_LNS_SAT_mapf-map_warehouse-20-40-10-2-2_map-_home_max_Documents_PhD_MAPF_LNS_MAPF_LNS_SAT_mapf-scen-even_scen-even_warehouse-20-40-10-2-2-even-1_scen-agents10-idx32-seed42-1783524774123,/home/max/Documents/PhD/MAPF/LNS/MAPF_LNS_SAT/mapf-map/warehouse-20-40-10-2-2.map,/home/max/Documents/PhD/MAPF/LNS/MAPF_LNS_SAT/mapf-scen-even/scen-even/warehouse-20-40-10-2-2-even-1.scen,10,32,42,1,311,767.479000,0,0,0.000000,0.000000,0.000000,0.000000,0.000000
_home_max_Documents_PhD_MAPF_LNS_MAPF_LNS_SAT_mapf-map_warehouse-20-40-10-2-2_map-_home_max_Documents_PhD_MAPF_LNS_MAPF_LNS_SAT_mapf-scen-even_scen-even_warehouse-20-40-10-2-2-even-1_scen-agents10-idx33-seed42-1783524774924,/home/max/Documents/PhD/MAPF/LNS/MAPF_LNS_SAT/mapf-map/warehouse-20-40-10-2-2.map,/home/max/Documents/PhD/MAPF/LNS/MAPF_LNS_SAT/mapf-scen-even/scen-even/warehouse-20-40-10-2-2-even-1.scen,10,33,42,1,359,813.097000,333,135,0.000000,0.186000,0.336000,0.261000,0.025848
_home_max_Documents_PhD_MAPF_LNS_MAPF_LNS_SAT_mapf-map_warehouse-20-40-10-2-2_map-_home_max_Documents_PhD_MAPF_LNS_MAPF_LNS_SAT_mapf-scen-even_scen-even_warehouse-20-40-10-2-2-even-1_scen-agents10-idx34-seed42-1783524775777,/home/max/Documents/PhD/MAPF/LNS/MAPF_LNS_SAT/mapf-map/warehouse-20-40-10-2-2.map,/home/max/Documents/PhD/MAPF/LNS/MAPF_LNS_SAT/mapf-scen-even/scen-even/warehouse-20-40-10-2-2-even-1.scen,10,34,42,1,462,838.248000,22,9,0.000000,0.016000,0.074000,0.046000,0.010058
_home_max_Documents_PhD_MAPF_LNS_MAPF_LNS_SAT_mapf-map_warehouse-20-40-10-2-2_map-_home_max_Documents_PhD_MAPF_LNS_MAPF_LNS_SAT_mapf-scen-even_scen-even_warehouse-20-40-10-2-2-even-1_scen-agents10-idx35-seed42-1783524776678,/home/max/Documents/PhD/MAPF/LNS/MAPF_LNS_SAT/mapf-map/warehouse-20-40-10-2-2.map,/home/max/Documents/PhD/MAPF/LNS/MAPF_LNS_SAT/mapf-scen-even/scen-even/warehouse-20-40-10-2-2-even-1.scen,10,35,42,1,427,802.281000,0,0,0.000000,0.000000,0.000000,0.000000,0.000000
_home_max_Documents_PhD_MAPF_LNS_MAPF_LNS_SAT_mapf-map_warehouse-20-40-10-2-2_map-_home_max_Documents_PhD_MAPF_LNS_MAPF_LNS_SAT_mapf-scen-even_scen-even_warehouse-20-40-10-2-2-even-1_scen-agents10-idx36-seed42-1783524777534,/home/max/Documents/PhD/MAPF/LNS/MAPF_LNS_SAT/mapf-map/warehouse-20-40-10-2-2.map,/home/max/Documents/PhD/MAPF/LNS/MAPF_LNS_SAT/mapf-scen-even/scen-even/warehouse-20-40-10-2-2-even-1.scen,10,36,42,1,435,995.715000,0,0,0.000000,0.000000,0.000000,0.000000,0.000000
_home_max_Documents_PhD_MAPF_LNS_MAPF_LNS_SAT_mapf-map_warehouse-20-40-10-2-2_map-_home_max_Documents_PhD_MAPF_LNS_MAPF_LNS_SAT_mapf-scen-even_scen-even_warehouse-20-40-10-2-2-even-1_scen-agents10-idx37-seed42-1783524778589,/home/max/Documents/PhD/MAPF/LNS/MAPF_LNS_SAT/mapf-map/warehouse-20-40-10-2-2.map,/home/max/Documents/PhD/MAPF/LNS/MAPF_LNS_SAT/mapf-scen-even/scen-even/warehouse-20-40-10-2-2-even-1.scen,10,37,42,1,384,831.465000,0,0,0.000000,0.000000,0.000000,0.000000,0.000000
_home_max_Documents_PhD_MAPF_LNS_MAPF_LNS_SAT_mapf-map_warehouse-20-40-10-2-2_map-_home_max_Documents_PhD_MAPF_LNS_MAPF_LNS_SAT_mapf-scen-even_scen-even_warehouse-20-40-10-2-2-even-1_scen-agents10-idx38-seed42-1783524779490,/home/max/Documents/PhD/MAPF/LNS/MAPF_LNS_SAT/mapf-map/warehouse-20-40-10-2-2.map,/home/max/Documents/PhD/MAPF/LNS/MAPF_LNS_SAT/mapf-scen-even/scen-even/warehouse-20-40-10-2-2-even-1.scen,10,38,42,1,436,903.326000,0,0,0.000000,0.000000,0.000000,0.000000,0.000000
_home_max_Documents_PhD_MAPF_LNS_MAPF_LNS_SAT_mapf-map_warehouse-20-40-10-2-2_map-_home_max_Documents_PhD_MAPF_LNS_MAPF_LNS_SAT_mapf-scen-even_scen-even_warehouse-20-40-10-2-2-even-1_scen-agents10-idx39-seed42-1783524780441,/home/max/Documents/PhD/MAPF/LNS/MAPF_LNS_SAT/mapf-map/warehouse-20-40-10-2-2.map,/home/max/Documents/PhD/MAPF/LNS/MAPF_LNS_SAT/mapf-scen-even/scen-even/warehouse-20-40-10-2-2-even-1.scen,10,39,42,1,462,929.442000,25,10,0.000000,0.020000,0.094000,0.065000,0.015033
_home_max_Documents_PhD_MAPF_LNS_MAPF_LNS_SAT_mapf-map_warehouse-20-40-10-2-2_map-_home_max_Documents_PhD_MAPF_LNS_MAPF_LNS_SAT_mapf-scen-even_scen-even_warehouse-20-40-10-2-2-even-1_scen-agents10-idx40-seed42-1783524781391,/home/max/Documents/PhD/MAPF/LNS/MAPF_LNS_SAT/mapf-map/warehouse-20-40-10-2-2.map,/home/max/Documents/PhD/MAPF/LNS/MAPF_LNS_SAT/mapf-scen-even/scen-even/warehouse-20-40-10-2-2-even-1.scen,10,40,42,1,439,1311.695000,0,0,0.000000,0.000000,0.000000,0.000000,0.000000
_home_max_Documents_PhD_MAPF_LNS_MAPF_LNS_SAT_mapf-map_warehouse-20-40-10-2-2_map-_home_max_Documents_PhD_MAPF_LNS_MAPF_LNS_SAT_mapf-scen-even_scen-even_warehouse-20-40-10-2-2-even-1_scen-agents10-idx41-seed42-1783524782743,/home/max/Documents/PhD/MAPF/LNS/MAPF_LNS_SAT/mapf-map/warehouse-20-40-10-2-2.map,/home/max/Documents/PhD/MAPF/LNS/MAPF_LNS_SAT/mapf-scen-even/scen-even/warehouse-20-40-10-2-2-even-1.scen,10,41,42,1,426,826.173000,0,0,0.000000,0.000000,0.000000,0.000000,0.000000
_home_max_Documents_PhD_MAPF_LNS_MAPF_LNS_SAT_mapf-map_warehouse-20-40-10-2-2_map-_home_max_Documents_PhD_MAPF_LNS_MAPF_LNS_SAT_mapf-scen-even_scen-even_warehouse-20-40-10-2-2-even-1_scen-agents10-idx42-seed42-1783524783595,/home/max/Documents/PhD/MAPF/LNS/MAPF_LNS_SAT/mapf-map/warehouse-20-40-10-2-2.map,/home/max/Documents/PhD/MAPF/LNS/MAPF_LNS_SAT/mapf-scen-even/scen-even/warehouse-20-40-10-2-2-even-1.scen,10,42,42,1,382,807.681000,0,0,0.000000,0.000000,0.000000,0.000000,0.000000
_home_max_Documents_PhD_MAPF_LNS_MAPF_LNS_SAT_mapf-map_warehouse-20-40-10-2-2_map-_home_max_Documents_PhD_MAPF_LNS_MAPF_LNS_SAT_mapf-scen-even_scen-even_warehouse-20-40-10-2-2-even-1_scen-agents10-idx43-seed42-1783524784448,/home/max/Documents/PhD/MAPF/LNS/MAPF_LNS_SAT/mapf-map/warehouse-20-40-10-2-2.map,/home/max/Documents/PhD/MAPF/LNS/MAPF_LNS_SAT/mapf-scen-even/scen-even/warehouse-20-40-10-2-2-even-1.scen,10,43,42,1,447,909.420000,0,0,0.000000,0.000000,0.000000,0.000000,0.000000
_home_max_Documents_PhD_MAPF_LNS_MAPF_LNS_SAT_mapf-map_warehouse-20-40-10-2-2_map-_home_max_Documents_PhD_MAPF_LNS_MAPF_LNS_SAT_mapf-scen-even_scen-even_warehouse-20-40-10-2-2-even-1_scen-agents10-idx44-seed42-1783524785400,/home/max/Documents/PhD/MAPF/LNS/MAPF_LNS_SAT/mapf-map/warehouse-20-40-10-2-2.map,/home/max/Documents/PhD/MAPF/LNS/MAPF_LNS_SAT/mapf-scen-even/scen-even/warehouse-20-40-10-2-2-even-1.scen,10,44,42,1,439,949.674000,33,17,0.000000,0.037000,0.087000,0.062000,0.012430
_home_max_Documents_PhD_MAPF_LNS_MAPF_LNS_SAT_mapf-map_warehouse-20-40-10-2-2_map-_home_max_Documents_PhD_MAPF_LNS_MAPF_LNS_SAT_mapf-scen-even_scen-even_warehouse-20-40-10-2-2-even-1_scen-agents10-idx45-seed42-1783524786401,/home/max/Documents/PhD/MAPF/LNS/MAPF_LNS_SAT/mapf-map/warehouse-20-40-10-2-2.map,/home/max/Documents/PhD/MAPF/LNS/MAPF_LNS_SAT/mapf-scen-even/scen-even/warehouse-20-40-10-2-2-even-1.scen,10,45,42,1,441,936.154000,0,0,0.000000,0.000000,0.000000,0.000000,0.000000
_home_max_Documents_PhD_MAPF_LNS_MAPF_LNS_SAT_mapf-map_warehouse-20-40-10-2-2_map-_home_max_Documents_PhD_MAPF_LNS_MAPF_LNS_SAT_mapf-scen-even_scen-even_warehouse-20-40-10-2-2-even-1_scen-agents10-idx46-seed42-1783524787404,/home/max/Documents/PhD/MAPF/LNS/MAPF_LNS_SAT/mapf-map/warehouse-20-40-10-2-2.map,/home/max/Documents/PhD/MAPF/LNS/MAPF_LNS_SAT/mapf-scen-even/scen-even/warehouse-20-40-10-2-2-even-1.scen,10,46,42,1,444,1909.822000,0,0,0.000000,0.000000,0.000000,0.000000,0.000000
_home_max_Documents_PhD_MAPF_LNS_MAPF_LNS_SAT_mapf-map_warehouse-20-40-10-2-2_map-_home_max_Documents_PhD_MAPF_LNS_MAPF_LNS_SAT_mapf-scen-even_scen-even_warehouse-20-40-10-2-2-even-1_scen-agents10-idx47-seed42-1783524789364,/home/max/Documents/PhD/MAPF/LNS/MAPF_LNS_SAT/mapf-map/warehouse-20-40-10-2-2.map,/home/max/Documents/PhD/MAPF/LNS/MAPF_LNS_SAT/mapf-scen-even/scen-even/warehouse-20-40-10-2-2-even-1.scen,10,47,42,1,402,1114.682000,22,9,0.000000,0.019000,0.077000,0.050000,0.009971
_home_max_Documents_PhD_MAPF_LNS_MAPF_LNS_SAT_mapf-map_warehouse-20-40-10-2-2_map-_home_max_Documents_PhD_MAPF_LNS_MAPF_LNS_SAT_mapf-scen-even_scen-even_warehouse-20-40-10-2-2-even-1_scen-agents10-idx48-seed42-1783524790517,/home/max/Documents/PhD/MAPF/LNS/MAPF_LNS_SAT/mapf-map/warehouse-20-40-10-2-2.map,/home/max/Documents/PhD/MAPF/LNS/MAPF_LNS_SAT/mapf-scen-even/scen-even/warehouse-20-40-10-2-2-even-1.scen,10,48,42,1,415,1566.466000,0,0,0.000000,0.000000,0.000000,0.000000,0.000000
_home_max_Documents_PhD_MAPF_LNS_MAPF_LNS_SAT_mapf-map_warehouse-20-40-10-2-2_map-_home_max_Documents_PhD_MAPF_LNS_MAPF_LNS_SAT_mapf-scen-even_scen-even_warehouse-20-40-10-2-2-even-1_scen-agents10-idx49-seed42-1783524792122,/home/max/Documents/PhD/MAPF/LNS/MAPF_LNS_SAT/mapf-map/warehouse-20-40-10-2-2.map,/home/max/Documents/PhD/MAPF/LNS/MAPF_LNS_SAT/mapf-scen-even/scen-even/warehouse-20-40-10-2-2-even-1.scen,10,49,42,1,403,901.397000,0,0,0.000000,0.000000,0.000000,0.000000,0.000000
_home_max_Documents_PhD_MAPF_LNS_MAPF_LNS_SAT_mapf-map_warehouse-20-40-10-2-2_map-_home_max_Documents_PhD_MAPF_LNS_MAPF_LNS_SAT_mapf-scen-even_scen-even_warehouse-20-40-10-2-2-even-1_scen-agents10-idx50-seed42-1783524793073,/home/max/Documents/PhD/MAPF/LNS/MAPF_LNS_SAT/mapf-map/warehouse-20-40-10-2-2.map,/home/max/Documents/PhD/MAPF/LNS/MAPF_LNS_SAT/mapf-scen-even/scen-even/warehouse-20-40-10-2-2-even-1.scen,10,50,42,1,380,952.106000,0,0,0.000000,0.000000,0.000000,0.000000,0.000000
_home_max_Documents_PhD_MAPF_LNS_MAPF_LNS_SAT_mapf-map_warehouse-20-40-10-2-2_map-_home_max_Documents_PhD_MAPF_LNS_MAPF_LNS_SAT_mapf-scen-even_scen-even_warehouse-20-40-10-2-2-even-1_scen-agents10-idx51-seed42-1783524794077,/home/max/Documents/PhD/MAPF/LNS/MAPF_LNS_SAT/mapf-map/warehouse-20-40-10-2-2.map,/home/max/Documents/PhD/MAPF/LNS/MAPF_LNS_SAT/mapf-scen-even/scen-even/warehouse-20-40-10-2-2-even-1.scen,10,51,42,1,454,1077.941000,0,0,0.000000,0.000000,0.000000,0.000000,0.000000
_home_max_Documents_PhD_MAPF_LNS_MAPF_LNS_SAT_mapf-map_warehouse-20-40-10-2-2_map-_home_max_Documents_PhD_MAPF_LNS_MAPF_LNS_SAT_mapf-scen-even_scen-even_warehouse-20-40-10-2-2-even-1_scen-agents10-idx52-seed42-1783524795180,/home/max/Documents/PhD/MAPF/LNS/MAPF_LNS_SAT/mapf-map/warehouse-20-40-10-2-2.map,/home/max/Documents/PhD/MAPF/LNS/MAPF_LNS_SAT/mapf-scen-even/scen-even/warehouse-20-40-10-2-2-even-1.scen,10,52,42,1,262,777.358000,93,38,0.000000,0.045000,0.136000,0.097000,0.017144
_home_max_Documents_PhD_MAPF_LNS_MAPF_LNS_SAT_mapf-map_warehouse-20-40-10-2-2_map-_home_max_Documents_PhD_MAPF_LNS_MAPF_LNS_SAT_mapf-scen-even_scen-even_warehouse-20-40-10-2-2-even-1_scen-agents10-idx53-seed42-1783524795982,/home/max/Documents/PhD/MAPF/LNS/MAPF_LNS_SAT/mapf-map/warehouse-20-40-10-2-2.map,/home/max/Documents/PhD/MAPF/LNS/MAPF_LNS_SAT/mapf-scen-even/scen-even/warehouse-20-40-10-2-2-even-1.scen,10,53,42,1,419,914.018000,22,9,0.000000,0.019000,0.079000,0.049000,0.009540
_home_max_Documents_PhD_MAPF_LNS_MAPF_LNS_SAT_mapf-map_warehouse-20-40-10-2-2_map-_home_max_Documents_PhD_MAPF_LNS_MAPF_LNS_SAT_mapf-scen-even_scen-even_warehouse-20-40-10-2-2-even-1_scen-agents10-idx54-seed42-1783524796934,/home/max/Documents/PhD/MAPF/LNS/MAPF_LNS_SAT/mapf-map/warehouse-20-40-10-2-2.map,/home/max/Documents/PhD/MAPF/LNS/MAPF_LNS_SAT/mapf-scen-even/scen-even/warehouse-20-40-10-2-2-even-1.scen,10,54,42,1,432,1326.044000,0,0,0.000000,0.000000,0.000000,0.000000,0.000000
_home_max_Documents_PhD_MAPF_LNS_MAPF_LNS_SAT_mapf-map_warehouse-20-40-10-2-2_map-_home_max_Documents_PhD_MAPF_LNS_MAPF_LNS_SAT_mapf-scen-even_scen-even_warehouse-20-40-10-2-2-even-1_scen-agents10-idx55-seed42-1783524798338,/home/max/Documents/PhD/MAPF/LNS/MAPF_LNS_SAT/mapf-map/warehouse-20-40-10-2-2.map,/home/max/Documents/PhD/MAPF/LNS/MAPF_LNS_SAT/mapf-scen-even/scen-even/warehouse-20-40-10-2-2-even-1.scen,10,55,42,1,367,1501.232000,22,11,0.000000,0.016000,0.092000,0.060000,0.012141
_home_max_Documents_PhD_MAPF_LNS_MAPF_LNS_SAT_mapf-map_warehouse-20-40-10-2-2_map-_home_max_Documents_PhD_MAPF_LNS_MAPF_LNS_SAT_mapf-scen-even_scen-even_warehouse-20-40-10-2-2-even-1_scen-agents10-idx56-seed42-1783524799894,/home/max/Documents/PhD/MAPF/LNS/MAPF_LNS_SAT/mapf-map/warehouse-20-40-10-2-2.map,/home/max/Documents/PhD/MAPF/LNS/MAPF_LNS_SAT/mapf-scen-even/scen-even/warehouse-20-40-10-2-2-even-1.scen,10,56,42,1,426,1366.962000,210,80,0.001000,0.174000,0.470000,0.345000,0.042980
_home_max_Documents_PhD_MAPF_LNS_MAPF_LNS_SAT_mapf-map_warehouse-20-40-10-2-2_map-_home_max_Documents_PhD_MAPF_LNS_MAPF_LNS_SAT_mapf-scen-even_scen-even_warehouse-20-40-10-2-2-even-1_scen-agents10-idx57-seed42-1783524801297,/home/max/Documents/PhD/MAPF/LNS/MAPF_LNS_SAT/mapf-map/warehouse-20-40-10-2-2.map,/home/max/Documents/PhD/MAPF/LNS/MAPF_LNS_SAT/mapf-scen-even/scen-even/warehouse-20-40-10-2-2-even-1.scen,10,57,42,1,442,1279.260000,0,0,0.000000,0.000000,0.000000,0.000000,0.000000
_home_max_Documents_PhD_MAPF_LNS_MAPF_LNS_SAT_mapf-map_warehouse-20-40-10-2-2_map-_home_max_Documents_PhD_MAPF_LNS_MAPF_LNS_SAT_mapf-scen-even_scen-even_warehouse-20-40-10-2-2-even-1_scen-agents10-idx58-seed42-1783524802600,/home/max/Documents/PhD/MAPF/LNS/MAPF_LNS_SAT/mapf-map/warehouse-20-40-10-2-2.map,/home/max/Documents/PhD/MAPF/LNS/MAPF_LNS_SAT/mapf-scen-even/scen-even/warehouse-20-40-10-2-2-even-1.scen,10,58,42,1,435,951.049000,0,0,0.000000,0.000000,0.000000,0.000000,0.000000
_home_max_Documents_PhD_MAPF_LNS_MAPF_LNS_SAT_mapf-map_warehouse-20-40-10-2-2_map-_home_max_Documents_PhD_MAPF_LNS_MAPF_LNS_SAT_mapf-scen-even_scen-even_warehouse-20-40-10-2-2-even-1_scen-agents10-idx59-seed42-1783524803602,/home/max/Documents/PhD/MAPF/LNS/MAPF_LNS_SAT/mapf-map/warehouse-20-40-10-2-2.map,/home/max/Documents/PhD/MAPF/LNS/MAPF_LNS_SAT/mapf-scen-even/scen-even/warehouse-20-40-10-2-2-even-1.scen,10,59,42,1,423,1032.169000,0,0,0.000000,0.000000,0.000000,0.000000,0.000000
_home_max_Documents_PhD_MAPF_LNS_MAPF_LNS_SAT_mapf-map_warehouse-20-40-10-2-2_map-_home_max_Documents_PhD_MAPF_LNS_MAPF_LNS_SAT_mapf-scen-even_scen-even_warehouse-20-40-10-2-2-even-1_scen-agents10-idx60-seed42-1783524804654,/home/max/Documents/PhD/MAPF/LNS/MAPF_LNS_SAT/mapf-map/warehouse-20-40-10-2-2.map,/home/max/Documents/PhD/MAPF/LNS/MAPF_LNS_SAT/mapf-scen-even/scen-even/warehouse-20-40-10-2-2-even-1.scen,10,60,42,1,399,927.474000,350,141,0.000000,0.321000,0.376000,0.294000,0.041989
_home_max_Documents_PhD_MAPF_LNS_MAPF_LNS_SAT_mapf-map_warehouse-20-40-10-2-2_map-_home_max_Documents_PhD_MAPF_LNS_MAPF_LNS_SAT_mapf-scen-even_scen-even_warehouse-20-40-10-2-2-even-1_scen-agents10-idx61-seed42-1783524805607,/home/max/Documents/PhD/MAPF/LNS/MAPF_LNS_SAT/mapf-map/warehouse-20-40-10-2-2.map,/home/max/Documents/PhD/MAPF/LNS/MAPF_LNS_SAT/mapf-scen-even/scen-even/warehouse-20-40-10-2-2-even-1.scen,10,61,42,1,426,1035.418000,24,10,0.000000,0.015000,0.047000,0.038000,0.008580
_home_max_Documents_PhD_MAPF_LNS_MAPF_LNS_SAT_mapf-map_warehouse-20-40-10-2-2_map-_home_max_Documents_PhD_MAPF_LNS_MAPF_LNS_SAT_mapf-scen-even_scen-even_warehouse-20-40-10-2-2-even-1_scen-agents10-idx62-seed42-1783524806710,/home/max/Documents/PhD/MAPF/LNS/MAPF_LNS_SAT/mapf-map/warehouse-20-40-10-2-2.map,/home/max/Documents/PhD/MAPF/LNS/MAPF_LNS_SAT/mapf-scen-even/scen-even/warehouse-20-40-10-2-2-even-1.scen,10,62,42,1,411,1005.725000,0,0,0.000000,0.000000,0.000000,0.000000,0.000000
_home_max_Documents_PhD_MAPF_LNS_MAPF_LNS_SAT_mapf-map_warehouse-20-40-10-2-2_map-_home_max_Documents_PhD_MAPF_LNS_MAPF_LNS_SAT_mapf-scen-even_scen-even_warehouse-20-40-10-2-2-even-1_scen-agents10-idx63-seed42-1783524807763,/home/max/Documents/PhD/MAPF/LNS/MAPF_LNS_SAT/mapf-map/warehouse-20-40-10-2-2.map,/home/max/Documents/PhD/MAPF/LNS/MAPF_LNS_SAT/mapf-scen-even/scen-even/warehouse-20-40-10-2-2-even-1.scen,10,63,42,1,429,1078.844000,0,0,0.000000,0.000000,0.000000,0.000000,0.000000
_home_max_Documents_PhD_MAPF_LNS_MAPF_LNS_SAT_mapf-map_warehouse-20-40-10-2-2_map-_home_max_Documents_PhD_MAPF_LNS_MAPF_LNS_SAT_mapf-scen-even_scen-even_warehouse-20-40-10-2-2-even-1_scen-agents10-idx64-seed42-1783524808916,/home/max/Documents/PhD/MAPF/LNS/MAPF_LNS_SAT/mapf-map/warehouse-20-40-10-2-2.map,/home/max/Documents/PhD/MAPF/LNS/MAPF_LNS_SAT/mapf-scen-even/scen-even/warehouse-20-40-10-2-2-even-1.scen,10,64,42,1,451,1174.893000,0,0,0.000000,0.000000,0.000000,0.000000,0.000000
_home_max_Documents_PhD_MAPF_LNS_MAPF_LNS_SAT_mapf-map_warehouse-20-40-10-2-2_map-_home_max_Documents_PhD_MAPF_LNS_MAPF_LNS_SAT_mapf-scen-even_scen-even_warehouse-20-40-10-2-2-even-1_scen-agents10-idx65-seed42-1783524810119,/home/max/Documents/PhD/MAPF/LNS/MAPF_LNS_SAT/mapf-map/warehouse-20-40-10-2-2.map,/home/max/Documents/PhD/MAPF/LNS/MAPF_LNS_SAT/mapf-scen-even/scen-even/warehouse-20-40-10-2-2-even-1.scen,10,65,42,1,412,1100.664000,0,0,0.000000,0.000000,0.000000,0.000000,0.000000
_home_max_Documents_PhD_MAPF_LNS_MAPF_LNS_SAT_mapf-map_warehouse-20-40-10-2-2_map-_home_max_Documents_PhD_MAPF_LNS_MAPF_LNS_SAT_mapf-scen-even_scen-even_warehouse-20-40-10-2-2-even-1_scen-agents10-idx66-seed42-1783524811272,/home/max/Documents/PhD/MAPF/LNS/MAPF_LNS_SAT/mapf-map/warehouse-20-40-10-2-2.map,/home/max/Documents/PhD/MAPF/LNS/MAPF_LNS_SAT/mapf-scen-even/scen-even/warehouse-20-40-10-2-2-even-1.scen,10,66,42,1,462,1354.851000,66,27,0.000000,0.069000,0.235000,0.145000,0.017370
_home_max_Documents_PhD_MAPF_LNS_MAPF_LNS_SAT_mapf-map_warehouse-20-40-10-2-2_map-_home_max_Documents_PhD_MAPF_LNS_MAPF_LNS_SAT_mapf-scen-even_scen-even_warehouse-20-40-10-2-2-even-1_scen-agents10-idx67-seed42-1783524812677,/home/max/Documents/PhD/MAPF/LNS/MAPF_LNS_SAT/mapf-map/warehouse-20-40-10-2-2.map,/home/max/Documents/PhD/MAPF/LNS/MAPF_LNS_SAT/mapf-scen-even/scen-even/warehouse-20-40-10-2-2-even-1.scen,10,67,42,1,435,1301.659000,0,0,0.000000,0.000000,0.000000,0.000000,0.000000
_home_max_Documents_PhD_MAPF_LNS_MAPF_LNS_SAT_mapf-map_warehouse-20-40-10-2-2_map-_home_max_Documents_PhD_MAPF_LNS_MAPF_LNS_SAT_mapf-scen-even_scen-even_warehouse-20-40-10-2-2-even-1_scen-agents10-idx68-seed42-1783524814031,/home/max/Documents/PhD/MAPF/LNS/MAPF_LNS_SAT/mapf-map/warehouse-20-40-10-2-2.map,/home/max/Documents/PhD/MAPF/LNS/MAPF_LNS_SAT/mapf-scen-even/scen-even/warehouse-20-40-10-2-2-even-1.scen,10,68,42,1,383,1122.846000,0,0,0.000000,0.000000,0.000000,0.000000,0.000000
_home_max_Documents_PhD_MAPF_LNS_MAPF_LNS_SAT_mapf-map_warehouse-20-40-10-2-2_map-_home_max_Documents_PhD_MAPF_LNS_MAPF_LNS_SAT_mapf-scen-even_scen-even_warehouse-20-40-10-2-2-even-1_scen-agents10-idx69-seed42-1783524815182,/home/max/Documents/PhD/MAPF/LNS/MAPF_LNS_SAT/mapf-map/warehouse-20-40-10-2-2.map,/home/max/Documents/PhD/MAPF/LNS/MAPF_LNS_SAT/mapf-scen-even/scen-even/warehouse-20-40-10-2-2-even-1.scen,10,69,42,1,450,1231.222000,0,0,0.000000,0.000000,0.000000,0.000000,0.000000
_home_max_Documents_PhD_MAPF_LNS_MAPF_LNS_SAT_mapf-map_warehouse-20-40-10-2-2_map-_home_max_Documents_PhD_MAPF_LNS_MAPF_LNS_SAT_mapf-scen-even_scen-even_warehouse-20-40-10-2-2-even-1_scen-agents10-idx70-seed42-1783524816486,/home/max/Documents/PhD/MAPF/LNS/MAPF_LNS_SAT/mapf-map/warehouse-20-40-10-2-2.map,/home/max/Documents/PhD/MAPF/LNS/MAPF_LNS_SAT/mapf-scen-even/scen-even/warehouse-20-40-10-2-2-even-1.scen,10,70,42,1,374,1020.404000,0,0,0.000000,0.000000,0.000000,0.000000,0.000000
_home_max_Documents_PhD_MAPF_LNS_MAPF_LNS_SAT_mapf-map_warehouse-20-40-10-2-2_map-_home_max_Documents_PhD_MAPF_LNS_MAPF_LNS_SAT_mapf-scen-even_scen-even_warehouse-20-40-10-2-2-even-1_scen-agents10-idx71-seed42-1783524817539,/home/max/Documents/PhD/MAPF/LNS/MAPF_LNS_SAT/mapf-map/warehouse-20-40-10-2-2.map,/home/max/Documents/PhD/MAPF/LNS/MAPF_LNS_SAT/mapf-scen-even/scen-even/warehouse-20-40-10-2-2-even-1.scen,10,71,42,1,465,1132.929000,25,10,0.000000,0.026000,0.071000,0.051000,0.009771
_home_max_Documents_PhD_MAPF_LNS_MAPF_LNS_SAT_mapf-map_warehouse-20-40-10-2-2_map-_home_max_Documents_PhD_MAPF_LNS_MAPF_LNS_SAT_mapf-scen-even_scen-even_warehouse-20-40-10-2-2-even-1_scen-agents10-idx72-seed42-1783524818689,/home/max/Documents/PhD/MAPF/LNS/MAPF_LNS_SAT/mapf-map/warehouse-20-40-10-2-2.map,/home/max/Documents/PhD/MAPF/LNS/MAPF_LNS_SAT/mapf-scen-even/scen-even/warehouse-20-40-10-2-2-even-1.scen,10,72,42,1,387,1004.550000,0,0,0.000000,0.000000,0.000000,0.000000,0.000000
_home_max_Documents_PhD_MAPF_LNS_MAPF_LNS_SAT_mapf-map_warehouse-20-40-10-2-2_map-_home_max_Documents_PhD_MAPF_LNS_MAPF_LNS_SAT_mapf-scen-even_scen-even_warehouse-20-40-10-2-2-even-1_scen-agents10-idx73-seed42-1783524819744,/home/max/Documents/PhD/MAPF/LNS/MAPF_LNS_SAT/mapf-map/warehouse-20-40-10-2-2.map,/home/max/Documents/PhD/MAPF/LNS/MAPF_LNS_SAT/mapf-scen-even/scen-even/warehouse-20-40-10-2-2-even-1.scen,10,73,42,1,356,935.234000,0,0,0.000000,0.000000,0.000000,0.000000,0.000000
_home_max_Documents_PhD_MAPF_LNS_MAPF_LNS_SAT_mapf-map_warehouse-20-40-10-2-2_map-_home_max_Documents_PhD_MAPF_LNS_MAPF_LNS_SAT_mapf-scen-even_scen-even_warehouse-20-40-10-2-2-even-1_scen-agents10-idx74-seed42-1783524820747,/home/max/Documents/PhD/MAPF/LNS/MAPF_LNS_SAT/mapf-map/warehouse-20-40-10-2-2.map,/home/max/Documents/PhD/MAPF/LNS/MAPF_LNS_SAT/mapf-scen-even/scen-even/warehouse-20-40-10-2-2-even-1.scen,10,74,42,1,447,999.357000,0,0,0.000000,0.000000,0.000000,0.000000,0.000000
_home_max_Documents_PhD_MAPF_LNS_MAPF_LNS_SAT_mapf-map_warehouse-20-40-10-2-2_map-_home_max_Documents_PhD_MAPF_LNS_MAPF_LNS_SAT_mapf-scen-even_scen-even_warehouse-20-40-10-2-2-even-1_scen-agents10-idx75-seed42-1783524821798,/home/max/Documents/PhD/MAPF/LNS/MAPF_LNS_SAT/mapf-map/warehouse-20-40-10-2-2.map,/home/max/Documents/PhD/MAPF/LNS/MAPF_LNS_SAT/mapf-scen-even/scen-even/warehouse-20-40-10-2-2-even-1.scen,10,75,42,1,410,927.407000,93,38,0.000000,0.039000,0.143000,0.103000,0.018790
_home_max_Documents_PhD_MAPF_LNS_MAPF_LNS_SAT_mapf-map_warehouse-20-40-10-2-2_map-_home_max_Documents_PhD_MAPF_LNS_MAPF_LNS_SAT_mapf-scen-even_scen-even_warehouse-20-40-10-2-2-even-1_scen-agents10-idx76-seed42-1783524822752,/home/max/Documents/PhD/MAPF/LNS/MAPF_LNS_SAT/mapf-map/warehouse-20-40-10-2-2.map,/home/max/Documents/PhD/MAPF/LNS/MAPF_LNS_SAT/mapf-scen-even/scen-even/warehouse-20-40-10-2-2-even-1.scen,10,76,42,1,410,923.073000,0,0,0.000000,0.000000,0.000000,0.000000,0.000000
_home_max_Documents_PhD_MAPF_LNS_MAPF_LNS_SAT_mapf-map_warehouse-20-40-10-2-2_map-_home_max_Documents_PhD_MAPF_LNS_MAPF_LNS_SAT_mapf-scen-even_scen-even_warehouse-20-40-10-2-2-even-1_scen-agents10-idx77-seed42-1783524823705,/home/max/Documents/PhD/MAPF/LNS/MAPF_LNS_SAT/mapf-map/warehouse-20-40-10-2-2.map,/home/max/Documents/PhD/MAPF/LNS/MAPF_LNS_SAT/mapf-scen-even/scen-even/warehouse-20-40-10-2-2-even-1.scen,10,77,42,1,459,1144.996000,0,0,0.000000,0.000000,0.000000,0.000000,0.000000
_home_max_Documents_PhD_MAPF_LNS_MAPF_LNS_SAT_mapf-map_warehouse-20-40-10-2-2_map-_home_max_Documents_PhD_MAPF_LNS_MAPF_LNS_SAT_mapf-scen-even_scen-even_warehouse-20-40-10-2-2-even-1_scen-agents10-idx78-seed42-1783524824908,/home/max/Documents/PhD/MAPF/LNS/MAPF_LNS_SAT/mapf-map/warehouse-20-40-10-2-2.map,/home/max/Documents/PhD/MAPF/LNS/MAPF_LNS_SAT/mapf-scen-even/scen-even/warehouse-20-40-10-2-2-even-1.scen,10,78,42,1,412,1031.702000,0,0,0.000000,0.000000,0.000000,0.000000,0.000000
_home_max_Documents_PhD_MAPF_LNS_MAPF_LNS_SAT_mapf-map_warehouse-20-40-10-2-2_map-_home_max_Documents_PhD_MAPF_LNS_MAPF_LNS_SAT_mapf-scen-even_scen-even_warehouse-20-40-10-2-2-even-1_scen-agents10-idx79-seed42-1783524826012,/home/max/Documents/PhD/MAPF/LNS/MAPF_LNS_SAT/mapf-map/warehouse-20-40-10-2-2.map,/home/max/Documents/PhD/MAPF/LNS/MAPF_LNS_SAT/mapf-scen-even/scen-even/warehouse-20-40-10-2-2-even-1.scen,10,79,42,1,394,986.849000,0,0,0.000000,0.000000,0.000000,0.000000,0.000000
_home_max_Documents_PhD_MAPF_LNS_MAPF_LNS_SAT_mapf-map_warehouse-20-40-10-2-2_map-_home_max_Documents_PhD_MAPF_LNS_MAPF_LNS_SAT_mapf-scen-even_scen-even_warehouse-20-40-10-2-2-even-1_scen-agents10-idx80-seed42-1783524827065,/home/max/Documents/PhD/MAPF/LNS/MAPF_LNS_SAT/mapf-map/warehouse-20-40-10-2-2.map,/home/max/Documents/PhD/MAPF/LNS/MAPF_LNS_SAT/mapf-scen-even/scen-even/warehouse-20-40-10-2-2-even-1.scen,10,80,42,1,440,1082.365000,0,0,0.000000,0.000000,0.000000,0.000000,0.000000
_home_max_Documents_PhD_MAPF_LNS_MAPF_LNS_SAT_mapf-map_warehouse-20-40-10-2-2_map-_home_max_Documents_PhD_MAPF_LNS_MAPF_LNS_SAT_mapf-scen-even_scen-even_warehouse-20-40-10-2-2-even-1_scen-agents10-idx81-seed42-1783524828168,/home/max/Documents/PhD/MAPF/LNS/MAPF_LNS_SAT/mapf-map/warehouse-20-40-10-2-2.map,/home/max/Documents/PhD/MAPF/LNS/MAPF_LNS_SAT/mapf-scen-even/scen-even/warehouse-20-40-10-2-2-even-1.scen,10,81,42,1,425,976.916000,0,0,0.000000,0.000000,0.000000,0.000000,0.000000
_home_max_Documents_PhD_MAPF_LNS_MAPF_LNS_SAT_mapf-map_warehouse-20-40-10-2-2_map-_home_max_Documents_PhD_MAPF_LNS_MAPF_LNS_SAT_mapf-scen-even_scen-even_warehouse-20-40-10-2-2-even-1_scen-agents10-idx82-seed42-1783524829170,/home/max/Documents/PhD/MAPF/LNS/MAPF_LNS_SAT/mapf-map/warehouse-20-40-10-2-2.map,/home/max/Documents/PhD/MAPF/LNS/MAPF_LNS_SAT/mapf-scen-even/scen-even/warehouse-20-40-10-2-2-even-1.scen,10,82,42,1,457,961.280000,22,9,0.000000,0.015000,0.075000,0.047000,0.010499
_home_max_Documents_PhD_MAPF_LNS_MAPF_LNS_SAT_mapf-map_warehouse-20-40-10-2-2_map-_home_max_Documents_PhD_MAPF_LNS_MAPF_LNS_SAT_mapf-scen-even_scen-even_warehouse-20-40-10-2-2-even-1_scen-agents10-idx83-seed42-1783524830173,/home/max/Documents/PhD/MAPF/LNS/MAPF_LNS_SAT/mapf-map/warehouse-20-40-10-2-2.map,/home/max/Documents/PhD/MAPF/LNS/MAPF_LNS_SAT/mapf-scen-even/scen-even/warehouse-20-40-10-2-2-even-1.scen,10,83,42,1,412,952.257000,0,0,0.000000,0.000000,0.000000,0.000000,0.000000
_home_max_Documents_PhD_MAPF_LNS_MAPF_LNS_SAT_mapf-map_warehouse-20-40-10-2-2_map-_home_max_Documents_PhD_MAPF_LNS_MAPF_LNS_SAT_mapf-scen-even_scen-even_warehouse-20-40-10-2-2-even-1_scen-agents10-idx84-seed42-1783524831176,/home/max/Documents/PhD/MAPF/LNS/MAPF_LNS_SAT/mapf-map/warehouse-20-40-10-2-2.map,/home/max/Documents/PhD/MAPF/LNS/MAPF_LNS_SAT/mapf-scen-even/scen-even/warehouse-20-40-10-2-2-even-1.scen,10,84,42,1,462,989.741000,362,143,0.000000,0.261000,0.457000,0.356000,0.040369
_home_max_Documents_PhD_MAPF_LNS_MAPF_LNS_SAT_mapf-map_warehouse-20-40-10-2-2_map-_home_max_Documents_PhD_MAPF_LNS_MAPF_LNS_SAT_mapf-scen-even_scen-even_warehouse-20-40-10-2-2-even-1_scen-agents10-idx85-seed42-1783524832229,/home/max/Documents/PhD/MAPF/LNS/MAPF_LNS_SAT/mapf-map/warehouse-20-40-10-2-2.map,/home/max/Documents/PhD/MAPF/LNS/MAPF_LNS_SAT/mapf-scen-even/scen-even/warehouse-20-40-10-2-2-even-1.scen,10,85,42,1,447,1020.922000,0,0,0.000000,0.000000,0.000000,0.000000,0.000000
_home_max_Documents_PhD_MAPF_LNS_MAPF_LNS_SAT_mapf-map_warehouse-20-40-10-2-2_map-_home_max_Documents_PhD_MAPF_LNS_MAPF_LNS_SAT_mapf-scen-even_scen-even_warehouse-20-40-10-2-2-even-1_scen-agents10-idx86-seed42-1783524833281,/home/max/Documents/PhD/MAPF/LNS/MAPF_LNS_SAT/mapf-map/warehouse-20-40-10-2-2.map,/home/max/Documents/PhD/MAPF/LNS/MAPF_LNS_SAT/mapf-scen-even/scen-even/warehouse-20-40-10-2-2-even-1.scen,10,86,42,1,383,921.150000,0,0,0.000000,0.000000,0.000000,0.000000,0.000000
_home_max_Documents_PhD_MAPF_LNS_MAPF_LNS_SAT_mapf-map_warehouse-20-40-10-2-2_map-_home_max_Documents_PhD_MAPF_LNS_MAPF_LNS_SAT_mapf-scen-even_scen-even_warehouse-20-40-10-2-2-even-1_scen-agents10-idx87-seed42-1783524834233,/home/max/Documents/PhD/MAPF/LNS/MAPF_LNS_SAT/mapf-map/warehouse-20-40-10-2-2.map,/home/max/Documents/PhD/MAPF/LNS/MAPF_LNS_SAT/mapf-scen-even/scen-even/warehouse-20-40-10-2-2-even-1.scen,10,87,42,1,435,993.278000,0,0,0.000000,0.000000,0.000000,0.000000,0.000000
_home_max_Documents_PhD_MAPF_LNS_MAPF_LNS_SAT_mapf-map_warehouse-20-40-10-2-2_map-_home_max_Documents_PhD_MAPF_LNS_MAPF_LNS_SAT_mapf-scen-even_scen-even_warehouse-20-40-10-2-2-even-1_scen-agents10-idx88-seed42-1783524835285,/home/max/Documents/PhD/MAPF/LNS/MAPF_LNS_SAT/mapf-map/warehouse-20-40-10-2-2.map,/home/max/Documents/PhD/MAPF/LNS/MAPF_LNS_SAT/mapf-scen-even/scen-even/warehouse-20-40-10-2-2-even-1.scen,10,88,42,1,432,1039.284000,86,42,0.001000,0.081000,0.218000,0.139000,0.027322
_home_max_Documents_PhD_MAPF_LNS_MAPF_LNS_SAT_mapf-map_warehouse-20-40-10-2-2_map-_home_max_Documents_PhD_MAPF_LNS_MAPF_LNS_SAT_mapf-scen-even_scen-even_warehouse-20-40-10-2-2-even-1_scen-agents10-idx89-seed42-1783524836387,/home/max/Documents/PhD/MAPF/LNS/MAPF_LNS_SAT/mapf-map/warehouse-20-40-10-2-2.map,/home/max/Documents/PhD/MAPF/LNS/MAPF_LNS_SAT/mapf-scen-even/scen-even/warehouse-20-40-10-2-2-even-1.scen,10,89,42,1,411,906.913000,22,9,0.000000,0.017000,0.072000,0.044000,0.008661
_home_max_Documents_PhD_MAPF_LNS_MAPF_LNS_SAT_mapf-map_warehouse-20-40-10-2-2_map-_home_max_Documents_PhD_MAPF_LNS_MAPF_LNS_SAT_mapf-scen-even_scen-even_warehouse-20-40-10-2-2-even-1_scen-agents10-idx90-seed42-1783524837342,/home/max/Documents/PhD/MAPF/LNS/MAPF_LNS_SAT/mapf-map/warehouse-20-40-10-2-2.map,/home/max/Documents/PhD/MAPF/LNS/MAPF_LNS_SAT/mapf-scen-even/scen-even/warehouse-20-40-10-2-2-even-1.scen,10,90,42,1,464,1124.203000,0,0,0.000000,0.000000,0.000000,0.000000,0.000000
_home_max_Documents_PhD_MAPF_LNS_MAPF_LNS_SAT_mapf-map_warehouse-20-40-10-2-2_map-_home_max_Documents_PhD_MAPF_LNS_MAPF_LNS_SAT_mapf-scen-even_scen-even_warehouse-20-40-10-2-2-even-1_scen-agents10-idx91-seed42-1783524838495,/home/max/Documents/PhD/MAPF/LNS/MAPF_LNS_SAT/mapf-map/warehouse-20-40-10-2-2.map,/home/max/Documents/PhD/MAPF/LNS/MAPF_LNS_SAT/mapf-scen-even/scen-even/warehouse-20-40-10-2-2-even-1.scen,10,91,42,1,353,842.061000,20,9,0.000000,0.019000,0.063000,0.046000,0.010942
_home_max_Documents_PhD_MAPF_LNS_MAPF_LNS_SAT_mapf-map_warehouse-20-40-10-2-2_map-_home_max_Documents_PhD_MAPF_LNS_MAPF_LNS_SAT_mapf-scen-even_scen-even_warehouse-20-40-10-2-2-even-1_scen-agents10-idx92-seed42-1783524839397,/home/max/Documents/PhD/MAPF/LNS/MAPF_LNS_SAT/mapf-map/warehouse-20-40-10-2-2.map,/home/max/Documents/PhD/MAPF/LNS/MAPF_LNS_SAT/mapf-scen-even/scen-even/warehouse-20-40-10-2-2-even-1.scen,10,92,42,1,285,783.322000,0,0,0.000000,0.000000,0.000000,0.000000,0.000000
_home_max_Documents_PhD_MAPF_LNS_MAPF_LNS_SAT_mapf-map_warehouse-20-40-10-2-2_map-_home_max_Documents_PhD_MAPF_LNS_MAPF_LNS_SAT_mapf-scen-even_scen-even_warehouse-20-40-10-2-2-even-1_scen-agents10-idx93-seed42-1783524840199,/home/max/Documents/PhD/MAPF/LNS/MAPF_LNS_SAT/mapf-map/warehouse-20-40-10-2-2.map,/home/max/Documents/PhD/MAPF/LNS/MAPF_LNS_SAT/mapf-scen-even/scen-even/warehouse-20-40-10-2-2-even-1.scen,10,93,42,1,394,980.546000,22,9,0.000000,0.020000,0.077000,0.049000,0.010444
_home_max_Documents_PhD_MAPF_LNS_MAPF_LNS_SAT_mapf-map_warehouse-20-40-10-2-2_map-_home_max_Documents_PhD_MAPF_LNS_MAPF_LNS_SAT_mapf-scen-even_scen-even_warehouse-20-40-10-2-2-even-1_scen-agents10-idx94-seed42-1783524841202,/home/max/Documents/PhD/MAPF/LNS/MAPF_LNS_SAT/mapf-map/warehouse-20-40-10-2-2.map,/home/max/Documents/PhD/MAPF/LNS/MAPF_LNS_SAT/mapf-scen-even/scen-even/warehouse-20-40-10-2-2-even-1.scen,10,94,42,1,392,877.336000,0,0,0.000000,0.000000,0.000000,0.000000,0.000000
_home_max_Documents_PhD_MAPF_LNS_MAPF_LNS_SAT_mapf-map_warehouse-20-40-10-2-2_map-_home_max_Documents_PhD_MAPF_LNS_MAPF_LNS_SAT_mapf-scen-even_scen-even_warehouse-20-40-10-2-2-even-1_scen-agents10-idx95-seed42-1783524842104,/home/max/Documents/PhD/MAPF/LNS/MAPF_LNS_SAT/mapf-map/warehouse-20-40-10-2-2.map,/home/max/Documents/PhD/MAPF/LNS/MAPF_LNS_SAT/mapf-scen-even/scen-even/warehouse-20-40-10-2-2-even-1.scen,10,95,42,1,417,1074.707000,25,10,0.000000,0.028000,0.066000,0.047000,0.010572
_home_max_Documents_PhD_MAPF_LNS_MAPF_LNS_SAT_mapf-map_warehouse-20-40-10-2-2_map-_home_max_Documents_PhD_MAPF_LNS_MAPF_LNS_SAT_mapf-scen-even_scen-even_warehouse-20-40-10-2-2-even-1_scen-agents10-idx96-seed42-1783524843207,/home/max/Documents/PhD/MAPF/LNS/MAPF_LNS_SAT/mapf-map/warehouse-20-40-10-2-2.map,/home/max/Documents/PhD/MAPF/LNS/MAPF_LNS_SAT/mapf-scen-even/scen-even/warehouse-20-40-10-2-2-even-1.scen,10,96,42,1,410,898.888000,0,0,0.000000,0.000000,0.000000,0.000000,0.000000
_home_max_Documents_PhD_MAPF_LNS_MAPF_LNS_SAT_mapf-map_warehouse-20-40-10-2-2_map-_home_max_Documents_PhD_MAPF_LNS_MAPF_LNS_SAT_mapf-scen-even_scen-even_warehouse-20-40-10-2-2-even-1_scen-agents10-idx97-seed42-1783524844161,/home/max/Documents/PhD/MAPF/LNS/MAPF_LNS_SAT/mapf-map/warehouse-20-40-10-2-2.map,/home/max/Documents/PhD/MAPF/LNS/MAPF_LNS_SAT/mapf-scen-even/scen-even/warehouse-20-40-10-2-2-even-1.scen,10,97,42,1,448,939.069000,0,0,0.000000,0.000000,0.000000,0.000000,0.000000
_home_max_Documents_PhD_MAPF_LNS_MAPF_LNS_SAT_mapf-map_warehouse-20-40-10-2-2_map-_home_max_Documents_PhD_MAPF_LNS_MAPF_LNS_SAT_mapf-scen-even_scen-even_warehouse-20-40-10-2-2-even-1_scen-agents10-idx98-seed42-1783524845164,/home/max/Documents/PhD/MAPF/LNS/MAPF_LNS_SAT/mapf-map/warehouse-20-40-10-2-2.map,/home/max/Documents/PhD/MAPF/LNS/MAPF_LNS_SAT/mapf-scen-even/scen-even/warehouse-20-40-10-2-2-even-1.scen,10,98,42,1,360,828.486000,0,0,0.000000,0.000000,0.000000,0.000000,0.000000
_home_max_Documents_PhD_MAPF_LNS_MAPF_LNS_SAT_mapf-map_warehouse-20-40-10-2-2_map-_home_max_Documents_PhD_MAPF_LNS_MAPF_LNS_SAT_mapf-scen-even_scen-even_warehouse-20-40-10-2-2-even-1_scen-agents10-idx99-seed42-1783524846016,/home/max/Documents/PhD/MAPF/LNS/MAPF_LNS_SAT/mapf-map/warehouse-20-40-10-2-2.map,/home/max/Documents/PhD/MAPF/LNS/MAPF_LNS_SAT/mapf-scen-even/scen-even/warehouse-20-40-10-2-2-even-1.scen,10,99,42,1,446,956.755000,0,0,0.000000,0.000000,0.000000,0.000000,0.000000
_home_max_Documents_PhD_MAPF_LNS_MAPF_LNS_SAT_mapf-map_warehouse-20-40-10-2-2_map-_home_max_Documents_PhD_MAPF_LNS_MAPF_LNS_SAT_mapf-scen-even_scen-even_warehouse-20-40-10-2-2-even-1_scen-agents20-idx0-seed42-1783524847020,/home/max/Documents/PhD/MAPF/LNS/MAPF_LNS_SAT/mapf-map/warehouse-20-40-10-2-2.map,/home/max/Documents/PhD/MAPF/LNS/MAPF_LNS_SAT/mapf-scen-even/scen-even/warehouse-20-40-10-2-2-even-1.scen,20,0,42,1,446,2152.256000,22,9,0.000000,0.024000,0.139000,0.083000,0.018453
_home_max_Documents_PhD_MAPF_LNS_MAPF_LNS_SAT_mapf-map_warehouse-20-40-10-2-2_map-_home_max_Documents_PhD_MAPF_LNS_MAPF_LNS_SAT_mapf-scen-even_scen-even_warehouse-20-40-10-2-2-even-1_scen-agents20-idx1-seed42-1783524849226,/home/max/Documents/PhD/MAPF/LNS/MAPF_LNS_SAT/mapf-map/warehouse-20-40-10-2-2.map,/home/max/Documents/PhD/MAPF/LNS/MAPF_LNS_SAT/mapf-scen-even/scen-even/warehouse-20-40-10-2-2-even-1.scen,20,1,42,1,450,2222.913000,61,25,0.001000,0.100000,0.235000,0.153000,0.021786
_home_max_Documents_PhD_MAPF_LNS_MAPF_LNS_SAT_mapf-map_warehouse-20-40-10-2-2_map-_home_max_Documents_PhD_MAPF_LNS_MAPF_LNS_SAT_mapf-scen-even_scen-even_warehouse-20-40-10-2-2-even-1_scen-agents20-idx2-seed42-1783524851532,/home/max/Documents/PhD/MAPF/LNS/MAPF_LNS_SAT/mapf-map/warehouse-20-40-10-2-2.map,/home/max/Documents/PhD/MAPF/LNS/MAPF_LNS_SAT/mapf-scen-even/scen-even/warehouse-20-40-10-2-2-even-1.scen,20,2,42,1,427,1931.174000,113,47,0.000000,0.159000,0.199000,0.137000,0.022376
_home_max_Documents_PhD_MAPF_LNS_MAPF_LNS_SAT_mapf-map_warehouse-20-40-10-2-2_map-_home_max_Documents_PhD_MAPF_LNS_MAPF_LNS_SAT_mapf-scen-even_scen-even_warehouse-20-40-10-2-2-even-1_scen-agents20-idx3-seed42-1783524853537,/home/max/Documents/PhD/MAPF/LNS/MAPF_LNS_SAT/mapf-map/warehouse-20-40-10-2-2.map,/home/max/Documents/PhD/MAPF/LNS/MAPF_LNS_SAT/mapf-scen-even/scen-even/warehouse-20-40-10-2-2-even-1.scen,20,3,42,1,428,1978.596000,0,0,0.000000,0.000000,0.000000,0.000000,0.000000
_home_max_Documents_PhD_MAPF_LNS_MAPF_LNS_SAT_mapf-map_warehouse-20-40-10-2-2_map-_home_max_Documents_PhD_MAPF_LNS_MAPF_LNS_SAT_mapf-scen-even_scen-even_warehouse-20-40-10-2-2-even-1_scen-agents20-idx4-seed42-1783524855592,/home/max/Documents/PhD/MAPF/LNS/MAPF_LNS_SAT/mapf-map/warehouse-20-40-10-2-2.map,/home/max/Documents/PhD/MAPF/LNS/MAPF_LNS_SAT/mapf-scen-even/scen-even/warehouse-20-40-10-2-2-even-1.scen,20,4,42,1,433,2253.893000,272,117,0.000000,0.179000,0.353000,0.260000,0.030565
_home_max_Documents_PhD_MAPF_LNS_MAPF_LNS_SAT_mapf-map_warehouse-20-40-10-2-2_map-_home_max_Documents_PhD_MAPF_LNS_MAPF_LNS_SAT_mapf-scen-even_scen-even_warehouse-20-40-10-2-2-even-1_scen-agents20-idx5-seed42-1783524857897,/home/max/Documents/PhD/MAPF/LNS/MAPF_LNS_SAT/mapf-map/warehouse-20-40-10-2-2.map,/home/max/Documents/PhD/MAPF/LNS/MAPF_LNS_SAT/mapf-scen-even/scen-even/warehouse-20-40-10-2-2-even-1.scen,20,5,42,1,452,2181.326000,22,9,0.000000,0.023000,0.074000,0.047000,0.010210
_home_max_Documents_PhD_MAPF_LNS_MAPF_LNS_SAT_mapf-map_warehouse-20-40-10-2-2_map-_home_max_Documents_PhD_MAPF_LNS_MAPF_LNS_SAT_mapf-scen-even_scen-even_warehouse-20-40-10-2-2-even-1_scen-agents20-idx6-seed42-1783524860152,/home/max/Documents/PhD/MAPF/LNS/MAPF_LNS_SAT/mapf-map/warehouse-20-40-10-2-2.map,/home/max/Documents/PhD/MAPF/LNS/MAPF_LNS_SAT/mapf-scen-even/scen-even/warehouse-20-40-10-2-2-even-1.scen,20,6,42,1,460,2043.178000,115,47,0.000000,0.183000,0.217000,0.149000,0.022690
_home_max_Documents_PhD_MAPF_LNS_MAPF_LNS_SAT_mapf-map_warehouse-20-40-10-2-2_map-_home_max_Documents_PhD_MAPF_LNS_MAPF_LNS_SAT_mapf-scen-even_scen-even_warehouse-20-40-10-2-2-even-1_scen-agents20-idx7-seed42-1783524862258,/home/max/Documents/PhD/MAPF/LNS/MAPF_LNS_SAT/mapf-map/warehouse-20-40-10-2-2.map,/home/max/Documents/PhD/MAPF/LNS/MAPF_LNS_SAT/mapf-scen-even/scen-even/warehouse-20-40-10-2-2-even-1.scen,20,7,42,1,414,1983.222000,40,19,0.000000,0.035000,0.123000,0.079000,0.014069
_home_max_Documents_PhD_MAPF_LNS_MAPF_LNS_SAT_mapf-map_warehouse-20-40-10-2-2_map-_home_max_Documents_PhD_MAPF_LNS_MAPF_LNS_SAT_mapf-scen-even_scen-even_warehouse-20-40-10-2-2-even-1_scen-agents20-idx8-seed42-1783524864313,/home/max/Documents/PhD/MAPF/LNS/MAPF_LNS_SAT/mapf-map/warehouse-20-40-10-2-2.map,/home/max/Documents/PhD/MAPF/LNS/MAPF_LNS_SAT/mapf-scen-even/scen-even/warehouse-20-40-10-2-2-even-1.scen,20,8,42,1,445,2340.877000,117,48,0.000000,0.128000,0.206000,0.150000,0.022947
_home_max_Documents_PhD_MAPF_LNS_MAPF_LNS_SAT_mapf-map_warehouse-20-40-10-2-2_map-_home_max_Documents_PhD_MAPF_LNS_MAPF_LNS_SAT_mapf-scen-even_scen-even_warehouse-20-40-10-2-2-even-1_scen-agents20-idx9-seed42-1783524866720,/home/max/Documents/PhD/MAPF/LNS/MAPF_LNS_SAT/mapf-map/warehouse-20-40-10-2-2.map,/home/max/Documents/PhD/MAPF/LNS/MAPF_LNS_SAT/mapf-scen-even/scen-even/warehouse-20-40-10-2-2-even-1.scen,20,9,42,1,452,2138.921000,121,53,0.000000,0.100000,0.302000,0.210000,0.035339
_home_max_Documents_PhD_MAPF_LNS_MAPF_LNS_SAT_mapf-map_warehouse-20-40-10-2-2_map-_home_max_Documents_PhD_MAPF_LNS_MAPF_LNS_SAT_mapf-scen-even_scen-even_warehouse-20-40-10-2-2-even-1_scen-agents20-idx10-seed42-1783524868925,/home/max/Documents/PhD/MAPF/LNS/MAPF_LNS_SAT/mapf-map/warehouse-20-40-10-2-2.map,/home/max/Documents/PhD/MAPF/LNS/MAPF_LNS_SAT/mapf-scen-even/scen-even/warehouse-20-40-10-2-2-even-1.scen,20,10,42,1,460,2051.969000,0,0,0.000000,0.000000,0.000000,0.000000,0.000000
_home_max_Documents_PhD_MAPF_LNS_MAPF_LNS_SAT_mapf-map_warehouse-20-40-10-2-2_map-_home_max_Documents_PhD_MAPF_LNS_MAPF_LNS_SAT_mapf-scen-even_scen-even_warehouse-20-40-10-2-2-even-1_scen-agents20-idx11-seed42-1783524871030,/home/max/Documents/PhD/MAPF/LNS/MAPF_LNS_SAT/mapf-map/warehouse-20-40-10-2-2.map,/home/max/Documents/PhD/MAPF/LNS/MAPF_LNS_SAT/mapf-scen-even/scen-even/warehouse-20-40-10-2-2-even-1.scen,20,11,42,1,427,1945.156000,42,18,0.000000,0.037000,0.112000,0.071000,0.012161
_home_max_Documents_PhD_MAPF_LNS_MAPF_LNS_SAT_mapf-map_warehouse-20-40-10-2-2_map-_home_max_Documents_PhD_MAPF_LNS_MAPF_LNS_SAT_mapf-scen-even_scen-even_warehouse-20-40-10-2-2-even-1_scen-agents20-idx12-seed42-1783524873034,/home/max/Documents/PhD/MAPF/LNS/MAPF_LNS_SAT/mapf-map/warehouse-20-40-10-2-2.map,/home/max/Documents/PhD/MAPF/LNS/MAPF_LNS_SAT/mapf-scen-even/scen-even/warehouse-20-40-10-2-2-even-1.scen,20,12,42,1,447,2012.005000,118,48,0.000000,0.095000,0.198000,0.141000,0.020971
_home_max_Documents_PhD_MAPF_LNS_MAPF_LNS_SAT_mapf-map_warehouse-20-40-10-2-2_map-_home_max_Documents_PhD_MAPF_LNS_MAPF_LNS_SAT_mapf-scen-even_scen-even_warehouse-20-40-10-2-2-even-1_scen-agents20-idx13-seed42-1783524875089,/home/max/Documents/PhD/MAPF/LNS/MAPF_LNS_SAT/mapf-map/warehouse-20-40-10-2-2.map,/home/max/Documents/PhD/MAPF/LNS/MAPF_LNS_SAT/mapf-scen-even/scen-even/warehouse-20-40-10-2-2-even-1.scen,20,13,42,1,434,2196.931000,364,149,0.000000,0.467000,0.493000,0.383000,0.049631
_home_max_Documents_PhD_MAPF_LNS_MAPF_LNS_SAT_mapf-map_warehouse-20-40-10-2-2_map-_home_max_Documents_PhD_MAPF_LNS_MAPF_LNS_SAT_mapf-scen-even_scen-even_warehouse-20-40-10-2-2-even-1_scen-agents20-idx14-seed42-1783524877345,/home/max/Documents/PhD/MAPF/LNS/MAPF_LNS_SAT/mapf-map/warehouse-20-40-10-2-2.map,/home/max/Documents/PhD/MAPF/LNS/MAPF_LNS_SAT/mapf-scen-even/scen-even/warehouse-20-40-10-2-2-even-1.scen,20,14,42,1,452,2272.926000,372,150,0.000000,0.766000,0.601000,0.439000,0.055442
_home_max_Documents_PhD_MAPF_LNS_MAPF_LNS_SAT_mapf-map_warehouse-20-40-10-2-2_map-_home_max_Documents_PhD_MAPF_LNS_MAPF_LNS_SAT_mapf-scen-even_scen-even_warehouse-20-40-10-2-2-even-1_scen-agents20-idx15-seed42-1783524879699,/home/max/Documents/PhD/MAPF/LNS/MAPF_LNS_SAT/mapf-map/warehouse-20-40-10-2-2.map,/home/max/Documents/PhD/MAPF/LNS/MAPF_LNS_SAT/mapf-scen-even/scen-even/warehouse-20-40-10-2-2-even-1.scen,20,15,42,1,466,2270.785000,598,218,0.001000,0.468000,0.750000,0.583000,0.062135
_home_max_Documents_PhD_MAPF_LNS_MAPF_LNS_SAT_mapf-map_warehouse-20-40-10-2-2_map-_home_max_Documents_PhD_MAPF_LNS_MAPF_LNS_SAT_mapf-scen-even_scen-even_warehouse-20-40-10-2-2-even-1_scen-agents20-idx16-seed42-1783524882055,/home/max/Documents/PhD/MAPF/LNS/MAPF_LNS_SAT/mapf-map/warehouse-20-40-10-2-2.map,/home/max/Documents/PhD/MAPF/LNS/MAPF_LNS_SAT/mapf-scen-even/scen-even/warehouse-20-40-10-2-2-even-1.scen,20,16,42,1,359,1782.907000,349,138,0.000000,0.386000,0.460000,0.350000,0.037765
_home_max_Documents_PhD_MAPF_LNS_MAPF_LNS_SAT_mapf-map_warehouse-20-40-10-2-2_map-_home_max_Documents_PhD_MAPF_LNS_MAPF_LNS_SAT_mapf-scen-even_scen-even_warehouse-20-40-10-2-2-even-1_scen-agents20-idx17-seed42-1783524883910,/home/max/Documents/PhD/MAPF/LNS/MAPF_LNS_SAT/mapf-map/warehouse-20-40-10-2-2.map,/home/max/Documents/PhD/MAPF/LNS/MAPF_LNS_SAT/mapf-scen-even/scen-even/warehouse-20-40-10-2-2-even-1.scen,20,17,42,1,462,1888.285000,204,90,0.000000,0.207000,0.284000,0.210000,0.023860
_home_max_Documents_PhD_MAPF_LNS_MAPF_LNS_SAT_mapf-map_warehouse-20-40-10-2-2_map-_home_max_Documents_PhD_MAPF_LNS_MAPF_LNS_SAT_mapf-scen-even_scen-even_warehouse-20-40-10-2-2-even-1_scen-agents20-idx18-seed42-1783524885865,/home/max/Documents/PhD/MAPF/LNS/MAPF_LNS_SAT/mapf-map/warehouse-20-40-10-2-2.map,/home/max/Documents/PhD/MAPF/LNS/MAPF_LNS_SAT/mapf-scen-even/scen-even/warehouse-20-40-10-2-2-even-1.scen,20,18,42,1,435,2152.699000,0,0,0.000000,0.000000,0.000000,0.000000,0.000000
_home_max_Documents_PhD_MAPF_LNS_MAPF_LNS_SAT_mapf-map_warehouse-20-40-10-2-2_map-_home_max_Documents_PhD_MAPF_LNS_MAPF_LNS_SAT_mapf-scen-even_scen-even_warehouse-20-40-10-2-2-even-1_scen-agents20-idx19-seed42-1783524888072,/home/max/Documents/PhD/MAPF/LNS/MAPF_LNS_SAT/mapf-map/warehouse-20-40-10-2-2.map,/home/max/Documents/PhD/MAPF/LNS/MAPF_LNS_SAT/mapf-scen-even/scen-even/warehouse-20-40-10-2-2-even-1.scen,20,19,42,1,462,2121.831000,152,59,0.000000,0.092000,0.261000,0.176000,0.024546
_home_max_Documents_PhD_MAPF_LNS_MAPF_LNS_SAT_mapf-map_warehouse-20-40-10-2-2_map-_home_max_Documents_PhD_MAPF_LNS_MAPF_LNS_SAT_mapf-scen-even_scen-even_warehouse-20-40-10-2-2-even-1_scen-agents20-idx20-seed42-1783524890277,/home/max/Documents/PhD/MAPF/LNS/MAPF_LNS_SAT/mapf-map/warehouse-20-40-10-2-2.map,/home/max/Documents/PhD/MAPF/LNS/MAPF_LNS_SAT/mapf-scen-even/scen-even/warehouse-20-40-10-2-2-even-1.scen,20,20,42,1,439,1902.767000,28,15,0.000000,0.015000,0.069000,0.047000,0.009766
_home_max_Documents_PhD_MAPF_LNS_MAPF_LNS_SAT_mapf-map_warehouse-20-40-10-2-2_map-_home_max_Documents_PhD_MAPF_LNS_MAPF_LNS_SAT_mapf-scen-even_scen-even_warehouse-20-40-10-2-2-even-1_scen-agents20-idx21-seed42-1783524892232,/home/max/Documents/PhD/MAPF/LNS/MAPF_LNS_SAT/mapf-map/warehouse-20-40-10-2-2.map,/home/max/Documents/PhD/MAPF/LNS/MAPF_LNS_SAT/mapf-scen-even/scen-even/warehouse-20-40-10-2-2-even-1.scen,20,21,42,1,447,2044.579000,100,47,0.001000,0.097000,0.214000,0.142000,0.021753
_home_max_Documents_PhD_MAPF_LNS_MAPF_LNS_SAT_mapf-map_warehouse-20-40-10-2-2_map-_home_max_Documents_PhD_MAPF_LNS_MAPF_LNS_SAT_mapf-scen-even_scen-even_warehouse-20-40-10-2-2-even-1_scen-agents20-idx22-seed42-1783524894336,/home/max/Documents/PhD/MAPF/LNS/MAPF_LNS_SAT/mapf-map/warehouse-20-40-10-2-2.map,/home/max/Documents/PhD/MAPF/LNS/MAPF_LNS_SAT/mapf-scen-even/scen-even/warehouse-20-40-10-2-2-even-1.scen,20,22,42,1,441,2163.086000,81,37,0.000000,0.094000,0.222000,0.141000,0.019322
_home_max_Documents_PhD_MAPF_LNS_MAPF_LNS_SAT_mapf-map_warehouse-20-40-10-2-2_map-_home_max_Documents_PhD_MAPF_LNS_MAPF_LNS_SAT_mapf-scen-even_scen-even_warehouse-20-40-10-2-2-even-1_scen-agents20-idx23-seed42-1783524896542,/home/max/Documents/PhD/MAPF/LNS/MAPF_LNS_SAT/mapf-map/warehouse-20-40-10-2-2.map,/home/max/Documents/PhD/MAPF/LNS/MAPF_LNS_SAT/mapf-scen-even/scen-even/warehouse-20-40-10-2-2-even-1.scen,20,23,42,1,444,1976.308000,255,106,0.000000,0.322000,0.315000,0.234000,0.023314
_home_max_Documents_PhD_MAPF_LNS_MAPF_LNS_SAT_mapf-map_warehouse-20-40-10-2-2_map-_home_max_Documents_PhD_MAPF_LNS_MAPF_LNS_SAT_mapf-scen-even_scen-even_warehouse-20-40-10-2-2-even-1_scen-agents20-idx24-seed42-1783524898598,/home/max/Documents/PhD/MAPF/LNS/MAPF_LNS_SAT/mapf-map/warehouse-20-40-10-2-2.map,/home/max/Documents/PhD/MAPF/LNS/MAPF_LNS_SAT/mapf-scen-even/scen-even/warehouse-20-40-10-2-2-even-1.scen,20,24,42,1,415,2013.083000,178,79,0.000000,0.135000,0.204000,0.158000,0.016783
_home_max_Documents_PhD_MAPF_LNS_MAPF_LNS_SAT_mapf-map_warehouse-20-40-10-2-2_map-_home_max_Documents_PhD_MAPF_LNS_MAPF_LNS_SAT_mapf-scen-even_scen-even_warehouse-20-40-10-2-2-even-1_scen-agents20-idx25-seed42-1783524900651,/home/max/Documents/PhD/MAPF/LNS/MAPF_LNS_SAT/mapf-map/warehouse-20-40-10-2-2.map,/home/max/Documents/PhD/MAPF/LNS/MAPF_LNS_SAT/mapf-scen-even/scen-even/warehouse-20-40-10-2-2-even-1.scen,20,25,42,1,454,2209.876000,93,38,0.000000,0.080000,0.159000,0.113000,0.019403
_home_max_Documents_PhD_MAPF_LNS_MAPF_LNS_SAT_mapf-map_warehouse-20-40-10-2-2_map-_home_max_Documents_PhD_MAPF_LNS_MAPF_LNS_SAT_mapf-scen-even_scen-even_warehouse-20-40-10-2-2-even-1_scen-agents20-idx26-seed42-1783524902909,/home/max/Documents/PhD/MAPF/LNS/MAPF_LNS_SAT/mapf-map/warehouse-20-40-10-2-2.map,/home/max/Documents/PhD/MAPF/LNS/MAPF_LNS_SAT/mapf-scen-even/scen-even/warehouse-20-40-10-2-2-even-1.scen,20,26,42,1,419,1864.828000,465,188,0.000000,0.274000,0.550000,0.412000,0.048876
_home_max_Documents_PhD_MAPF_LNS_MAPF_LNS_SAT_mapf-map_warehouse-20-40-10-2-2_map-_home_max_Documents_PhD_MAPF_LNS_MAPF_LNS_SAT_mapf-scen-even_scen-even_warehouse-20-40-10-2-2-even-1_scen-agents20-idx27-seed42-1783524904814,/home/max/Documents/PhD/MAPF/LNS/MAPF_LNS_SAT/mapf-map/warehouse-20-40-10-2-2.map,/home/max/Documents/PhD/MAPF/LNS/MAPF_LNS_SAT/mapf-scen-even/scen-even/warehouse-20-40-10-2-2-even-1.scen,20,27,42,1,432,2095.693000,20,11,0.000000,0.016000,0.052000,0.042000,0.010792
_home_max_Documents_PhD_MAPF_LNS_MAPF_LNS_SAT_mapf-map_warehouse-20-40-10-2-2_map-_home_max_Documents_PhD_MAPF_LNS_MAPF_LNS_SAT_mapf-scen-even_scen-even_warehouse-20-40-10-2-2-even-1_scen-agents20-idx28-seed42-1783524906970,/home/max/Documents/PhD/MAPF/LNS/MAPF_LNS_SAT/mapf-map/warehouse-20-40-10-2-2.map,/home/max/Documents/PhD/MAPF/LNS/MAPF_LNS_SAT/mapf-scen-even/scen-even/warehouse-20-40-10-2-2-even-1.scen,20,28,42,1,442,2228.418000,575,235,0.000000,0.386000,0.817000,0.600000,0.064793
_home_max_Documents_PhD_MAPF_LNS_MAPF_LNS_SAT_mapf-map_warehouse-20-40-10-2-2_map-_home_max_Documents_PhD_MAPF_LNS_MAPF_LNS_SAT_mapf-scen-even_scen-even_warehouse-20-40-10-2-2-even-1_scen-agents20-idx29-seed42-1783524909275,/home/max/Documents/PhD/MAPF/LNS/MAPF_LNS_SAT/mapf-map/warehouse-20-40-10-2-2.map,/home/max/Documents/PhD/MAPF/LNS/MAPF_LNS_SAT/mapf-scen-even/scen-even/warehouse-20-40-10-2-2-even-1.scen,20,29,42,1,435,2006.612000,0,0,0.000000,0.000000,0.000000,0.000000,0.000000
_home_max_Documents_PhD_MAPF_LNS_MAPF_LNS_SAT_mapf-map_warehouse-20-40-10-2-2_map-_home_max_Documents_PhD_MAPF_LNS_MAPF_LNS_SAT_mapf-scen-even_scen-even_warehouse-20-40-10-2-2-even-1_scen-agents20-idx30-seed42-1783524911329,/home/max/Documents/PhD/MAPF/LNS/MAPF_LNS_SAT/mapf-map/warehouse-20-40-10-2-2.map,/home/max/Documents/PhD/MAPF/LNS/MAPF_LNS_SAT/mapf-scen-even/scen-even/warehouse-20-40-10-2-2-even-1.scen,20,30,42,1,426,1959.994000,375,151,0.000000,0.644000,0.408000,0.313000,0.038853
_home_max_Documents_PhD_MAPF_LNS_MAPF_LNS_SAT_mapf-map_warehouse-20-40-10-2-2_map-_home_max_Documents_PhD_MAPF_LNS_MAPF_LNS_SAT_mapf-scen-even_scen-even_warehouse-20-40-10-2-2-even-1_scen-agents20-idx31-seed42-1783524913333,/home/max/Documents/PhD/MAPF/LNS/MAPF_LNS_SAT/mapf-map/warehouse-20-40-10-2-2.map,/home/max/Documents/PhD/MAPF/LNS/MAPF_LNS_SAT/mapf-scen-even/scen-even/warehouse-20-40-10-2-2-even-1.scen,20,31,42,1,429,1989.344000,20,9,0.000000,0.021000,0.060000,0.043000,0.009734
_home_max_Documents_PhD_MAPF_LNS_MAPF_LNS_SAT_mapf-map_warehouse-20-40-10-2-2_map-_home_max_Documents_PhD_MAPF_LNS_MAPF_LNS_SAT_mapf-scen-even_scen-even_warehouse-20-40-10-2-2-even-1_scen-agents20-idx32-seed42-1783524915387,/home/max/Documents/PhD/MAPF/LNS/MAPF_LNS_SAT/mapf-map/warehouse-20-40-10-2-2.map,/home/max/Documents/PhD/MAPF/LNS/MAPF_LNS_SAT/mapf-scen-even/scen-even/warehouse-20-40-10-2-2-even-1.scen,20,32,42,1,451,2175.877000,148,63,0.000000,0.124000,0.314000,0.208000,0.028011
_home_max_Documents_PhD_MAPF_LNS_MAPF_LNS_SAT_mapf-map_warehouse-20-40-10-2-2_map-_home_max_Documents_PhD_MAPF_LNS_MAPF_LNS_SAT_mapf-scen-even_scen-even_warehouse-20-40-10-2-2-even-1_scen-agents20-idx33-seed42-1783524917642,/home/max/Documents/PhD/MAPF/LNS/MAPF_LNS_SAT/mapf-map/warehouse-20-40-10-2-2.map,/home/max/Documents/PhD/MAPF/LNS/MAPF_LNS_SAT/mapf-scen-even/scen-even/warehouse-20-40-10-2-2-even-1.scen,20,33,42,1,462,2417.661000,188,81,0.000000,0.176000,0.421000,0.272000,0.034570
_home_max_Documents_PhD_MAPF_LNS_MAPF_LNS_SAT_mapf-map_warehouse-20-40-10-2-2_map-_home_max_Documents_PhD_MAPF_LNS_MAPF_LNS_SAT_mapf-scen-even_scen-even_warehouse-20-40-10-2-2-even-1_scen-agents20-idx34-seed42-1783524920098,/home/max/Documents/PhD/MAPF/LNS/MAPF_LNS_SAT/mapf-map/warehouse-20-40-10-2-2.map,/home/max/Documents/PhD/MAPF/LNS/MAPF_LNS_SAT/mapf-scen-even/scen-even/warehouse-20-40-10-2-2-even-1.scen,20,34,42,1,450,1971.301000,438,162,0.000000,0.732000,0.544000,0.437000,0.046768
_home_max_Documents_PhD_MAPF_LNS_MAPF_LNS_SAT_mapf-map_warehouse-20-40-10-2-2_map-_home_max_Documents_PhD_MAPF_LNS_MAPF_LNS_SAT_mapf-scen-even_scen-even_warehouse-20-40-10-2-2-even-1_scen-agents20-idx35-seed42-1783524922152,/home/max/Documents/PhD/MAPF/LNS/MAPF_LNS_SAT/mapf-map/warehouse-20-40-10-2-2.map,/home/max/Documents/PhD/MAPF/LNS/MAPF_LNS_SAT/mapf-scen-even/scen-even/warehouse-20-40-10-2-2-even-1.scen,20,35,42,1,465,1943.090000,0,0,0.000000,0.000000,0.000000,0.000000,0.000000
_home_max_Documents_PhD_MAPF_LNS_MAPF_LNS_SAT_mapf-map_warehouse-20-40-10-2-2_map-_home_max_Documents_PhD_MAPF_LNS_MAPF_LNS_SAT_mapf-scen-even_scen-even_warehouse-20-40-10-2-2-even-1_scen-agents20-idx36-seed42-1783524924158,/home/max/Documents/PhD/MAPF/LNS/MAPF_LNS_SAT/mapf-map/warehouse-20-40-10-2-2.map,/home/max/Documents/PhD/MAPF/LNS/MAPF_LNS_SAT/mapf-scen-even/scen-even/warehouse-20-40-10-2-2-even-1.scen,20,36,42,1,387,1919.089000,26,14,0.000000,0.026000,0.068000,0.054000,0.010303
_home_max_Documents_PhD_MAPF_LNS_MAPF_LNS_SAT_mapf-map_warehouse-20-40-10-2-2_map-_home_max_Documents_PhD_MAPF_LNS_MAPF_LNS_SAT_mapf-scen-even_scen-even_warehouse-20-40-10-2-2-even-1_scen-agents20-idx37-seed42-1783524926113,/home/max/Documents/PhD/MAPF/LNS/MAPF_LNS_SAT/mapf-map/warehouse-20-40-10-2-2.map,/home/max/Documents/PhD/MAPF/LNS/MAPF_LNS_SAT/mapf-scen-even/scen-even/warehouse-20-40-10-2-2-even-1.scen,20,37,42,1,447,2070.018000,0,0,0.000000,0.000000,0.000000,0.000000,0.000000
_home_max_Documents_PhD_MAPF_LNS_MAPF_LNS_SAT_mapf-map_warehouse-20-40-10-2-2_map-_home_max_Documents_PhD_MAPF_LNS_MAPF_LNS_SAT_mapf-scen-even_scen-even_warehouse-20-40-10-2-2-even-1_scen-agents20-idx38-seed42-1783524928218,/home/max/Documents/PhD/MAPF/LNS/MAPF_LNS_SAT/mapf-map/warehouse-20-40-10-2-2.map,/home/max/Documents/PhD/MAPF/LNS/MAPF_LNS_SAT/mapf-scen-even/scen-even/warehouse-20-40-10-2-2-even-1.scen,20,38,42,1,459,2114.837000,22,9,0.000000,0.030000,0.091000,0.060000,0.009770
_home_max_Documents_PhD_MAPF_LNS_MAPF_LNS_SAT_mapf-map_warehouse-20-40-10-2-2_map-_home_max_Documents_PhD_MAPF_LNS_MAPF_LNS_SAT_mapf-scen-even_scen-even_warehouse-20-40-10-2-2-even-1_scen-agents20-idx39-seed42-1783524930373,/home/max/Documents/PhD/MAPF/LNS/MAPF_LNS_SAT/mapf-map/warehouse-20-40-10-2-2.map,/home/max/Documents/PhD/MAPF/LNS/MAPF_LNS_SAT/mapf-scen-even/scen-even/warehouse-20-40-10-2-2-even-1.scen,20,39,42,1,412,2093.122000,0,0,0.000000,0.000000,0.000000,0.000000,0.000000
_home_max_Documents_PhD_MAPF_LNS_MAPF_LNS_SAT_mapf-map_warehouse-20-40-10-2-2_map-_home_max_Documents_PhD_MAPF_LNS_MAPF_LNS_SAT_mapf-scen-even_scen-even_warehouse-20-40-10-2-2-even-1_scen-agents20-idx40-seed42-1783524932529,/home/max/Documents/PhD/MAPF/LNS/MAPF_LNS_SAT/mapf-map/warehouse-20-40-10-2-2.map,/home/max/Documents/PhD/MAPF/LNS/MAPF_LNS_SAT/mapf-scen-even/scen-even/warehouse-20-40-10-2-2-even-1.scen,20,40,42,1,440,2159.083000,0,0,0.000000,0.000000,0.000000,0.000000,0.000000
_home_max_Documents_PhD_MAPF_LNS_MAPF_LNS_SAT_mapf-map_warehouse-20-40-10-2-2_map-_home_max_Documents_PhD_MAPF_LNS_MAPF_LNS_SAT_mapf-scen-even_scen-even_warehouse-20-40-10-2-2-even-1_scen-agents20-idx41-seed42-1783524934736,/home/max/Documents/PhD/MAPF/LNS/MAPF_LNS_SAT/mapf-map/warehouse-20-40-10-2-2.map,/home/max/Documents/PhD/MAPF/LNS/MAPF_LNS_SAT/mapf-scen-even/scen-even/warehouse-20-40-10-2-2-even-1.scen,20,41,42,1,457,2072.510000,22,9,0.000000,0.015000,0.072000,0.045000,0.009327
_home_max_Documents_PhD_MAPF_LNS_MAPF_LNS_SAT_mapf-map_warehouse-20-40-10-2-2_map-_home_max_Documents_PhD_MAPF_LNS_MAPF_LNS_SAT_mapf-scen-even_scen-even_warehouse-20-40-10-2-2-even-1_scen-agents20-idx42-seed42-1783524936889,/home/max/Documents/PhD/MAPF/LNS/MAPF_LNS_SAT/mapf-map/warehouse-20-40-10-2-2.map,/home/max/Documents/PhD/MAPF/LNS/MAPF_LNS_SAT/mapf-scen-even/scen-even/warehouse-20-40-10-2-2-even-1.scen,20,42,42,1,462,2216.793000,362,143,0.000000,0.214000,0.413000,0.327000,0.037030
_home_max_Documents_PhD_MAPF_LNS_MAPF_LNS_SAT_mapf-map_warehouse-20-40-10-2-2_map-_home_max_Documents_PhD_MAPF_LNS_MAPF_LNS_SAT_mapf-scen-even_scen-even_warehouse-20-40-10-2-2-even-1_scen-agents20-idx43-seed42-1783524939146,/home/max/Documents/PhD/MAPF/LNS/MAPF_LNS_SAT/mapf-map/warehouse-20-40-10-2-2.map,/home/max/Documents/PhD/MAPF/LNS/MAPF_LNS_SAT/mapf-scen-even/scen-even/warehouse-20-40-10-2-2-even-1.scen,20,43,42,1,435,2067.651000,389,152,0.000000,0.202000,0.397000,0.315000,0.036538
_home_max_Documents_PhD_MAPF_LNS_MAPF_LNS_SAT_mapf-map_warehouse-20-40-10-2-2_map-_home_max_Documents_PhD_MAPF_LNS_MAPF_LNS_SAT_mapf-scen-even_scen-even_warehouse-20-40-10-2-2-even-1_scen-agents20-idx44-seed42-1783524941250,/home/max/Documents/PhD/MAPF/LNS/MAPF_LNS_SAT/mapf-map/warehouse-20-40-10-2-2.map,/home/max/Documents/PhD/MAPF/LNS/MAPF_LNS_SAT/mapf-scen-even/scen-even/warehouse-20-40-10-2-2-even-1.scen,20,44,42,1,432,2082.704000,267,116,0.000000,0.200000,0.567000,0.353000,0.040660
_home_max_Documents_PhD_MAPF_LNS_MAPF_LNS_SAT_mapf-map_warehouse-20-40-10-2-2_map-_home_max_Documents_PhD_MAPF_LNS_MAPF_LNS_SAT_mapf-scen-even_scen-even_warehouse-20-40-10-2-2-even-1_scen-agents20-idx45-seed42-1783524943405,/home/max/Documents/PhD/MAPF/LNS/MAPF_LNS_SAT/mapf-map/warehouse-20-40-10-2-2.map,/home/max/Documents/PhD/MAPF/LNS/MAPF_LNS_SAT/mapf-scen-even/scen-even/warehouse-20-40-10-2-2-even-1.scen,20,45,42,1,464,2030.516000,20,9,0.000000,0.019000,0.053000,0.039000,0.009531
_home_max_Documents_PhD_MAPF_LNS_MAPF_LNS_SAT_mapf-map_warehouse-20-40-10-2-2_map-_home_max_Documents_PhD_MAPF_LNS_MAPF_LNS_SAT_mapf-scen-even_scen-even_warehouse-20-40-10-2-2-even-1_scen-agents20-idx46-seed42-1783524945513,/home/max/Documents/PhD/MAPF/LNS/MAPF_LNS_SAT/mapf-map/warehouse-20-40-10-2-2.map,/home/max/Documents/PhD/MAPF/LNS/MAPF_LNS_SAT/mapf-scen-even/scen-even/warehouse-20-40-10-2-2-even-1.scen,20,46,42,1,394,1829.945000,22,9,0.000000,0.012000,0.074000,0.045000,0.008937
_home_max_Documents_PhD_MAPF_LNS_MAPF_LNS_SAT_mapf-map_warehouse-20-40-10-2-2_map-_home_max_Documents_PhD_MAPF_LNS_MAPF_LNS_SAT_mapf-scen-even_scen-even_warehouse-20-40-10-2-2-even-1_scen-agents20-idx47-seed42-1783524947417,/home/max/Documents/PhD/MAPF/LNS/MAPF_LNS_SAT/mapf-map/warehouse-20-40-10-2-2.map,/home/max/Documents/PhD/MAPF/LNS/MAPF_LNS_SAT/mapf-scen-even/scen-even/warehouse-20-40-10-2-2-even-1.scen,20,47,42,1,417,2112.225000,372,150,0.000000,0.554000,0.440000,0.327000,0.041290
_home_max_Documents_PhD_MAPF_LNS_MAPF_LNS_SAT_mapf-map_warehouse-20-40-10-2-2_map-_home_max_Documents_PhD_MAPF_LNS_MAPF_LNS_SAT_mapf-scen-even_scen-even_warehouse-20-40-10-2-2-even-1_scen-agents20-idx48-seed42-1783524949572,/home/max/Documents/PhD/MAPF/LNS/MAPF_LNS_SAT/mapf-map/warehouse-20-40-10-2-2.map,/home/max/Documents/PhD/MAPF/LNS/MAPF_LNS_SAT/mapf-scen-even/scen-even/warehouse-20-40-10-2-2-even-1.scen,20,48,42,1,448,1984.633000,49,20,0.000000,0.047000,0.113000,0.085000,0.017524
_home_max_Documents_PhD_MAPF_LNS_MAPF_LNS_SAT_mapf-map_warehouse-20-40-10-2-2_map-_home_max_Documents_PhD_MAPF_LNS_MAPF_LNS_SAT_mapf-scen-even_scen-even_warehouse-20-40-10-2-2-even-1_scen-agents20-idx49-seed42-1783524951627,/home/max/Documents/PhD/MAPF/LNS/MAPF_LNS_SAT/mapf-map/warehouse-20-40-10-2-2.map,/home/max/Documents/PhD/MAPF/LNS/MAPF_LNS_SAT/mapf-scen-even/scen-even/warehouse-20-40-10-2-2-even-1.scen,20,49,42,1,446,1943.893000,22,9,0.000000,0.025000,0.083000,0.054000,0.012280
_home_max_Documents_PhD_MAPF_LNS_MAPF_LNS_SAT_mapf-map_warehouse-20-40-10-2-2_map-_home_max_Documents_PhD_MAPF_LNS_MAPF_LNS_SAT_mapf-scen-even_scen-even_warehouse-20-40-10-2-2-even-2_scen-agents20-idx0-seed42-1783524953632,/home/max/Documents/PhD/MAPF/LNS/MAPF_LNS_SAT/mapf-map/warehouse-20-40-10-2-2.map,/home/max/Documents/PhD/MAPF/LNS/MAPF_LNS_SAT/mapf-scen-even/scen-even/warehouse-20-40-10-2-2-even-2.scen,20,0,42,1,442,2354.858000,621,250,0.000000,0.543000,0.672000,0.523000,0.055226
_home_max_Documents_PhD_MAPF_LNS_MAPF_LNS_SAT_mapf-map_warehouse-20-40-10-2-2_map-_home_max_Documents_PhD_MAPF_LNS_MAPF_LNS_SAT_mapf-scen-even_scen-even_warehouse-20-40-10-2-2-even-2_scen-agents20-idx1-seed42-1783524956038,/home/max/Documents/PhD/MAPF/LNS/MAPF_LNS_SAT/mapf-map/warehouse-20-40-10-2-2.map,/home/max/Documents/PhD/MAPF/LNS/MAPF_LNS_SAT/mapf-scen-even/scen-even/warehouse-20-40-10-2-2-even-2.scen,20,1,42,1,455,2072.477000,52,25,0.000000,0.047000,0.150000,0.116000,0.015816
_home_max_Documents_PhD_MAPF_LNS_MAPF_LNS_SAT_mapf-map_warehouse-20-40-10-2-2_map-_home_max_Documents_PhD_MAPF_LNS_MAPF_LNS_SAT_mapf-scen-even_scen-even_warehouse-20-40-10-2-2-even-2_scen-agents20-idx2-seed42-1783524958194,/home/max/Documents/PhD/MAPF/LNS/MAPF_LNS_SAT/mapf-map/warehouse-20-40-10-2-2.map,/home/max/Documents/PhD/MAPF/LNS/MAPF_LNS_SAT/mapf-scen-even/scen-even/warehouse-20-40-10-2-2-even-2.scen,20,2,42,1,449,2019.012000,0,0,0.000000,0.000000,0.000000,0.000000,0.000000
_home_max_Documents_PhD_MAPF_LNS_MAPF_LNS_SAT_mapf-map_warehouse-20-40-10-2-2_map-_home_max_Documents_PhD_MAPF_LNS_MAPF_LNS_SAT_mapf-scen-even_scen-even_warehouse-20-40-10-2-2-even-2_scen-agents20-idx3-seed42-1783524960249,/home/max/Documents/PhD/MAPF/LNS/MAPF_LNS_SAT/mapf-map/warehouse-20-40-10-2-2.map,/home/max/Documents/PhD/MAPF/LNS/MAPF_LNS_SAT/mapf-scen-even/scen-even/warehouse-20-40-10-2-2-even-2.scen,20,3,42,1,465,2190.937000,529,215,0.000000,0.639000,0.747000,0.545000,0.069411
_home_max_Documents_PhD_MAPF_LNS_MAPF_LNS_SAT_mapf-map_warehouse-20-40-10-2-2_map-_home_max_Documents_PhD_MAPF_LNS_MAPF_LNS_SAT_mapf-scen-even_scen-even_warehouse-20-40-10-2-2-even-2_scen-agents20-idx4-seed42-1783524962504,/home/max/Documents/PhD/MAPF/LNS/MAPF_LNS_SAT/mapf-map/warehouse-20-40-10-2-2.map,/home/max/Documents/PhD/MAPF/LNS/MAPF_LNS_SAT/mapf-scen-even/scen-even/warehouse-20-40-10-2-2-even-2.scen,20,4,42,1,427,1952.500000,93,38,0.000000,0.066000,0.156000,0.109000,0.018910
_home_max_Documents_PhD_MAPF_LNS_MAPF_LNS_SAT_mapf-map_warehouse-20-40-10-2-2_map-_home_max_Documents_PhD_MAPF_LNS_MAPF_LNS_SAT_mapf-scen-even_scen-even_warehouse-20-40-10-2-2-even-2_scen-agents20-idx5-seed42-1783524964510,/home/max/Documents/PhD/MAPF/LNS/MAPF_LNS_SAT/mapf-map/warehouse-20-40-10-2-2.map,/home/max/Documents/PhD/MAPF/LNS/MAPF_LNS_SAT/mapf-scen-even/scen-even/warehouse-20-40-10-2-2-even-2.scen,20,5,42,1,465,2257.242000,0,0,0.000000,0.000000,0.000000,0.000000,0.000000
_home_max_Documents_PhD_MAPF_LNS_MAPF_LNS_SAT_mapf-map_warehouse-20-40-10-2-2_map-_home_max_Documents_PhD_MAPF_LNS_MAPF_LNS_SAT_mapf-scen-even_scen-even_warehouse-20-40-10-2-2-even-2_scen-agents20-idx6-seed42-1783524966816,/home/max/Documents/PhD/MAPF/LNS/MAPF_LNS_SAT/mapf-map/warehouse-20-40-10-2-2.map,/home/max/Documents/PhD/MAPF/LNS/MAPF_LNS_SAT/mapf-scen-even/scen-even/warehouse-20-40-10-2-2-even-2.scen,20,6,42,1,450,2301.778000,94,38,0.000000,0.120000,0.378000,0.242000,0.030475
_home_max_Documents_PhD_MAPF_LNS_MAPF_LNS_SAT_mapf-map_warehouse-20-40-10-2-2_map-_home_max_Documents_PhD_MAPF_LNS_MAPF_LNS_SAT_mapf-scen-even_scen-even_warehouse-20-40-10-2-2-even-2_scen-agents20-idx7-seed42-1783524969172,/home/max/Documents/PhD/MAPF/LNS/MAPF_LNS_SAT/mapf-map/warehouse-20-40-10-2-2.map,/home/max/Documents/PhD/MAPF/LNS/MAPF_LNS_SAT/mapf-scen-even/scen-even/warehouse-20-40-10-2-2-even-2.scen,20,7,42,1,447,2143.034000,0,0,0.000000,0.000000,0.000000,0.000000,0.000000
_home_max_Documents_PhD_MAPF_LNS_MAPF_LNS_SAT_mapf-map_warehouse-20-40-10-2-2_map-_home_max_Documents_PhD_MAPF_LNS_MAPF_LNS_SAT_mapf-scen-even_scen-even_warehouse-20-40-10-2-2-even-2_scen-agents20-idx8-seed42-1783524971377,/home/max/Documents/PhD/MAPF/LNS/MAPF_LNS_SAT/mapf-map/warehouse-20-40-10-2-2.map,/home/max/Documents/PhD/MAPF/LNS/MAPF_LNS_SAT/mapf-scen-even/scen-even/warehouse-20-40-10-2-2-even-2.scen,20,8,42,1,422,2063.662000,0,0,0.000000,0.000000,0.000000,0.000000,0.000000
_home_max_Documents_PhD_MAPF_LNS_MAPF_LNS_SAT_mapf-map_warehouse-20-40-10-2-2_map-_home_max_Documents_PhD_MAPF_LNS_MAPF_LNS_SAT_mapf-scen-even_scen-even_warehouse-20-40-10-2-2-even-2_scen-agents20-idx9-seed42-1783524973484,/home/max/Documents/PhD/MAPF/LNS/MAPF_LNS_SAT/mapf-map/warehouse-20-40-10-2-2.map,/home/max/Documents/PhD/MAPF/LNS/MAPF_LNS_SAT/mapf-scen-even/scen-even/warehouse-20-40-10-2-2-even-2.scen,20,9,42,1,440,1942.826000,350,141,0.000000,0.550000,0.363000,0.287000,0.035281
_home_max_Documents_PhD_MAPF_LNS_MAPF_LNS_SAT_mapf-map_warehouse-20-40-10-2-2_map-_home_max_Documents_PhD_MAPF_LNS_MAPF_LNS_SAT_mapf-scen-even_scen-even_warehouse-20-40-10-2-2-even-2_scen-agents20-idx10-seed42-1783524975488,/home/max/Documents/PhD/MAPF/LNS/MAPF_LNS_SAT/mapf-map/warehouse-20-40-10-2-2.map,/home/max/Documents/PhD/MAPF/LNS/MAPF_LNS_SAT/mapf-scen-even/scen-even/warehouse-20-40-10-2-2-even-2.scen,20,10,42,1,460,2357.296000,332,146,0.000000,0.264000,0.522000,0.379000,0.045649
_home_max_Documents_PhD_MAPF_LNS_MAPF_LNS_SAT_mapf-map_warehouse-20-40-10-2-2_map-_home_max_Documents_PhD_MAPF_LNS_MAPF_LNS_SAT_mapf-scen-even_scen-even_warehouse-20-40-10-2-2-even-2_scen-agents20-idx11-seed42-1783524977895,/home/max/Documents/PhD/MAPF/LNS/MAPF_LNS_SAT/mapf-map/warehouse-20-40-10-2-2.map,/home/max/Documents/PhD/MAPF/LNS/MAPF_LNS_SAT/mapf-scen-even/scen-even/warehouse-20-40-10-2-2-even-2.scen,20,11,42,1,459,2378.004000,66,28,0.000000,0.052000,0.157000,0.104000,0.016540
_home_max_Documents_PhD_MAPF_LNS_MAPF_LNS_SAT_mapf-map_warehouse-20-40-10-2-2_map-_home_max_Documents_PhD_MAPF_LNS_MAPF_LNS_SAT_mapf-scen-even_scen-even_warehouse-20-40-10-2-2-even-2_scen-agents20-idx12-seed42-1783524980351,/home/max/Documents/PhD/MAPF/LNS/MAPF_LNS_SAT/mapf-map/warehouse-20-40-10-2-2.map,/home/max/Documents/PhD/MAPF/LNS/MAPF_LNS_SAT/mapf-scen-even/scen-even/warehouse-20-40-10-2-2-even-2.scen,20,12,42,1,450,1947.703000,25,10,0.000000,0.016000,0.063000,0.044000,0.009313
_home_max_Documents_PhD_MAPF_LNS_MAPF_LNS_SAT_mapf-map_warehouse-20-40-10-2-2_map-_home_max_Documents_PhD_MAPF_LNS_MAPF_LNS_SAT_mapf-scen-even_scen-even_warehouse-20-40-10-2-2-even-2_scen-agents20-idx13-seed42-1783524982356,/home/max/Documents/PhD/MAPF/LNS/MAPF_LNS_SAT/mapf-map/warehouse-20-40-10-2-2.map,/home/max/Documents/PhD/MAPF/LNS/MAPF_LNS_SAT/mapf-scen-even/scen-even/warehouse-20-40-10-2-2-even-2.scen,20,13,42,1,412,2062.107000,47,19,0.000000,0.049000,0.150000,0.103000,0.014874
_home_max_Documents_PhD_MAPF_LNS_MAPF_LNS_SAT_mapf-map_warehouse-20-40-10-2-2_map-_home_max_Documents_PhD_MAPF_LNS_MAPF_LNS_SAT_mapf-scen-even_scen-even_warehouse-20-40-10-2-2-even-2_scen-agents20-idx14-seed42-1783524984463,/home/max/Documents/PhD/MAPF/LNS/MAPF_LNS_SAT/mapf-map/warehouse-20-40-10-2-2.map,/home/max/Documents/PhD/MAPF/LNS/MAPF_LNS_SAT/mapf-scen-even/scen-even/warehouse-20-40-10-2-2-even-2.scen,20,14,42,1,434,2036.941000,0,0,0.000000,0.000000,0.000000,0.000000,0.000000
_home_max_Documents_PhD_MAPF_LNS_MAPF_LNS_SAT_mapf-map_warehouse-20-40-10-2-2_map-_home_max_Documents_PhD_MAPF_LNS_MAPF_LNS_SAT_mapf-scen-even_scen-even_warehouse-20-40-10-2-2-even-2_scen-agents20-idx15-seed42-1783524986569,/home/max/Documents/PhD/MAPF/LNS/MAPF_LNS_SAT/mapf-map/warehouse-20-40-10-2-2.map,/home/max/Documents/PhD/MAPF/LNS/MAPF_LNS_SAT/mapf-scen-even/scen-even/warehouse-20-40-10-2-2-even-2.scen,20,15,42,1,439,1971.049000,0,0,0.000000,0.000000,0.000000,0.000000,0.000000
_home_max_Documents_PhD_MAPF_LNS_MAPF_LNS_SAT_mapf-map_warehouse-20-40-10-2-2_map-_home_max_Documents_PhD_MAPF_LNS_MAPF_LNS_SAT_mapf-scen-even_scen-even_warehouse-20-40-10-2-2-even-2_scen-agents20-idx16-seed42-1783524988624,/home/max/Documents/PhD/MAPF/LNS/MAPF_LNS_SAT/mapf-map/warehouse-20-40-10-2-2.map,/home/max/Documents/PhD/MAPF/LNS/MAPF_LNS_SAT/mapf-scen-even/scen-even/warehouse-20-40-10-2-2-even-2.scen,20,16,42,1,446,2142.345000,210,84,0.000000,0.334000,0.250000,0.201000,0.016493
_home_max_Documents_PhD_MAPF_LNS_MAPF_LNS_SAT_mapf-map_warehouse-20-40-10-2-2_map-_home_max_Documents_PhD_MAPF_LNS_MAPF_LNS_SAT_mapf-scen-even_scen-even_warehouse-20-40-10-2-2-even-2_scen-agents20-idx17-seed42-1783524990828,/home/max/Documents/PhD/MAPF/LNS/MAPF_LNS_SAT/mapf-map/warehouse-20-40-10-2-2.map,/home/max/Documents/PhD/MAPF/LNS/MAPF_LNS_SAT/mapf-scen-even/scen-even/warehouse-20-40-10-2-2-even-2.scen,20,17,42,1,423,1884.022000,0,0,0.000000,0.000000,0.000000,0.000000,0.000000
_home_max_Documents_PhD_MAPF_LNS_MAPF_LNS_SAT_mapf-map_warehouse-20-40-10-2-2_map-_home_max_Documents_PhD_MAPF_LNS_MAPF_LNS_SAT_mapf-scen-even_scen-even_warehouse-20-40-10-2-2-even-2_scen-agents20-idx18-seed42-1783524992783,/home/max/Documents/PhD/MAPF/LNS/MAPF_LNS_SAT/mapf-map/warehouse-20-40-10-2-2.map,/home/max/Documents/PhD/MAPF/LNS/MAPF_LNS_SAT/mapf-scen-even/scen-even/warehouse-20-40-10-2-2-even-2.scen,20,18,42,1,452,2068.957000,23,10,0.000000,0.024000,0.090000,0.053000,0.009733
_home_max_Documents_PhD_MAPF_LNS_MAPF_LNS_SAT_mapf-map_warehouse-20-40-10-2-2_map-_home_max_Documents_PhD_MAPF_LNS_MAPF_LNS_SAT_mapf-scen-even_scen-even_warehouse-20-40-10-2-2-even-2_scen-agents20-idx19-seed42-1783524994889,/home/max/Documents/PhD/MAPF/LNS/MAPF_LNS_SAT/mapf-map/warehouse-20-40-10-2-2.map,/home/max/Documents/PhD/MAPF/LNS/MAPF_LNS_SAT/mapf-scen-even/scen-even/warehouse-20-40-10-2-2-even-2.scen,20,19,42,1,448,1975.961000,0,0,0.000000,0.000000,0.000000,0.000000,0.000000
_home_max_Documents_PhD_MAPF_LNS_MAPF_LNS_SAT_mapf-map_warehouse-20-40-10-2-2_map-_home_max_Documents_PhD_MAPF_LNS_MAPF_LNS_SAT_mapf-scen-even_scen-even_warehouse-20-40-10-2-2-even-2_scen-agents20-idx20-seed42-1783524996944,/home/max/Documents/PhD/MAPF/LNS/MAPF_LNS_SAT/mapf-map/warehouse-20-40-10-2-2.map,/home/max/Documents/PhD/MAPF/LNS/MAPF_LNS_SAT/mapf-scen-even/scen-even/warehouse-20-40-10-2-2-even-2.scen,20,20,42,1,463,2277.690000,0,0,0.000000,0.000000,0.000000,0.000000,0.000000
_home_max_Documents_PhD_MAPF_LNS_MAPF_LNS_SAT_mapf-map_warehouse-20-40-10-2-2_map-_home_max_Documents_PhD_MAPF_LNS_MAPF_LNS_SAT_mapf-scen-even_scen-even_warehouse-20-40-10-2-2-even-2_scen-agents20-idx21-seed42-1783524999301,/home/max/Documents/PhD/MAPF/LNS/MAPF_LNS_SAT/mapf-map/warehouse-20-40-10-2-2.map,/home/max/Documents/PhD/MAPF/LNS/MAPF_LNS_SAT/mapf-scen-even/scen-even/warehouse-20-40-10-2-2-even-2.scen,20,21,42,1,461,2233.252000,479,196,0.000000,0.331000,0.563000,0.432000,0.053147
_home_max_Documents_PhD_MAPF_LNS_MAPF_LNS_SAT_mapf-map_warehouse-20-40-10-2-2_map-_home_max_Documents_PhD_MAPF_LNS_MAPF_LNS_SAT_mapf-scen-even_scen-even_warehouse-20-40-10-2-2-even-2_scen-agents20-idx22-seed42-1783525001605,/home/max/Documents/PhD/MAPF/LNS/MAPF_LNS_SAT/mapf-map/warehouse-20-40-10-2-2.map,/home/max/Documents/PhD/MAPF/LNS/MAPF_LNS_SAT/mapf-scen-even/scen-even/warehouse-20-40-10-2-2-even-2.scen,20,22,42,1,419,2118.304000,85,38,0.000000,0.153000,0.242000,0.164000,0.022967
_home_max_Documents_PhD_MAPF_LNS_MAPF_LNS_SAT_mapf-map_warehouse-20-40-10-2-2_map-_home_max_Documents_PhD_MAPF_LNS_MAPF_LNS_SAT_mapf-scen-even_scen-even_warehouse-20-40-10-2-2-even-2_scen-agents20-idx23-seed42-1783525003761,/home/max/Documents/PhD/MAPF/LNS/MAPF_LNS_SAT/mapf-map/warehouse-20-40-10-2-2.map,/home/max/Documents/PhD/MAPF/LNS/MAPF_LNS_SAT/mapf-scen-even/scen-even/warehouse-20-40-10-2-2-even-2.scen,20,23,42,1,464,2022.197000,0,0,0.000000,0.000000,0.000000,0.000000,0.000000
_home_max_Documents_PhD_MAPF_LNS_MAPF_LNS_SAT_mapf-map_warehouse-20-40-10-2-2_map-_home_max_Documents_PhD_MAPF_LNS_MAPF_LNS_SAT_mapf-scen-even_scen-even_warehouse-20-40-10-2-2-even-2_scen-agents20-idx24-seed42-1783525005817,/home/max/Documents/PhD/MAPF/LNS/MAPF_LNS_SAT/mapf-map/warehouse-20-40-10-2-2.map,/home/max/Documents/PhD/MAPF/LNS/MAPF_LNS_SAT/mapf-scen-even/scen-even/warehouse-20-40-10-2-2-even-2.scen,20,24,42,1,441,2109.266000,32,17,0.000000,0.034000,0.085000,0.065000,0.011153
_home_max_Documents_PhD_MAPF_LNS_MAPF_LNS_SAT_mapf-map_warehouse-20-40-10-2-2_map-_home_max_Documents_PhD_MAPF_LNS_MAPF_LNS_SAT_mapf-scen-even_scen-even_warehouse-20-40-10-2-2-even-2_scen-agents20-idx25-seed42-1783525007971,/home/max/Documents/PhD/MAPF/LNS/MAPF_LNS_SAT/mapf-map/warehouse-20-40-10-2-2.map,/home/max/Documents/PhD/MAPF/LNS/MAPF_LNS_SAT/mapf-scen-even/scen-even/warehouse-20-40-10-2-2-even-2.scen,20,25,42,1,443,2109.485000,229,93,0.000000,0.180000,0.365000,0.270000,0.030000
_home_max_Documents_PhD_MAPF_LNS_MAPF_LNS_SAT_mapf-map_warehouse-20-40-10-2-2_map-_home_max_Documents_PhD_MAPF_LNS_MAPF_LNS_SAT_mapf-scen-even_scen-even_warehouse-20-40-10-2-2-even-2_scen-agents20-idx26-seed42-1783525010127,/home/max/Documents/PhD/MAPF/LNS/MAPF_LNS_SAT/mapf-map/warehouse-20-40-10-2-2.map,/home/max/Documents/PhD/MAPF/LNS/MAPF_LNS_SAT/mapf-scen-even/scen-even/warehouse-20-40-10-2-2-even-2.scen,20,26,42,1,456,2158.789000,127,50,0.000000,0.115000,0.189000,0.149000,0.018943
_home_max_Documents_PhD_MAPF_LNS_MAPF_LNS_SAT_mapf-map_warehouse-20-40-10-2-2_map-_home_max_Documents_PhD_MAPF_LNS_MAPF_LNS_SAT_mapf-scen-even_scen-even_warehouse-20-40-10-2-2-even-2_scen-agents20-idx27-seed42-1783525012331,/home/max/Documents/PhD/MAPF/LNS/MAPF_LNS_SAT/mapf-map/warehouse-20-40-10-2-2.map,/home/max/Documents/PhD/MAPF/LNS/MAPF_LNS_SAT/mapf-scen-even/scen-even/warehouse-20-40-10-2-2-even-2.scen,20,27,42,1,462,2102.933000,207,91,0.000000,0.128000,0.251000,0.190000,0.021458
_home_max_Documents_PhD_MAPF_LNS_MAPF_LNS_SAT_mapf-map_warehouse-20-40-10-2-2_map-_home_max_Documents_PhD_MAPF_LNS_MAPF_LNS_SAT_mapf-scen-even_scen-even_warehouse-20-40-10-2-2-even-2_scen-agents20-idx28-seed42-1783525014487,/home/max/Documents/PhD/MAPF/LNS/MAPF_LNS_SAT/mapf-map/warehouse-20-40-10-2-2.map,/home/max/Documents/PhD/MAPF/LNS/MAPF_LNS_SAT/mapf-scen-even/scen-even/warehouse-20-40-10-2-2-even-2.scen,20,28,42,1,416,1944.880000,281,124,0.000000,0.618000,0.412000,0.308000,0.035903
_home_max_Documents_PhD_MAPF_LNS_MAPF_LNS_SAT_mapf-map_warehouse-20-40-10-2-2_map-_home_max_Documents_PhD_MAPF_LNS_MAPF_LNS_SAT_mapf-scen-even_scen-even_warehouse-20-40-10-2-2-even-2_scen-agents20-idx29-seed42-1783525016495,/home/max/Documents/PhD/MAPF/LNS/MAPF_LNS_SAT/mapf-map/warehouse-20-40-10-2-2.map,/home/max/Documents/PhD/MAPF/LNS/MAPF_LNS_SAT/mapf-scen-even/scen-even/warehouse-20-40-10-2-2-even-2.scen,20,29,42,1,415,1808.757000,41,22,0.000000,0.033000,0.132000,0.094000,0.015538
_home_max_Documents_PhD_MAPF_LNS_MAPF_LNS_SAT_mapf-map_warehouse-20-40-10-2-2_map-_home_max_Documents_PhD_MAPF_LNS_MAPF_LNS_SAT_mapf-scen-even_scen-even_warehouse-20-40-10-2-2-even-2_scen-agents20-idx30-seed42-1783525018346,/home/max/Documents/PhD/MAPF/LNS/MAPF_LNS_SAT/mapf-map/warehouse-20-40-10-2-2.map,/home/max/Documents/PhD/MAPF/LNS/MAPF_LNS_SAT/mapf-scen-even/scen-even/warehouse-20-40-10-2-2-even-2.scen,20,30,42,1,451,2066.370000,168,69,0.001000,0.160000,0.237000,0.180000,0.021751
_home_max_Documents_PhD_MAPF_LNS_MAPF_LNS_SAT_mapf-map_warehouse-20-40-10-2-2_map-_home_max_Documents_PhD_MAPF_LNS_MAPF_LNS_SAT_mapf-scen-even_scen-even_warehouse-20-40-10-2-2-even-2_scen-agents20-idx31-seed42-1783525020451,/home/max/Documents/PhD/MAPF/LNS/MAPF_LNS_SAT/mapf-map/warehouse-20-40-10-2-2.map,/home/max/Documents/PhD/MAPF/LNS/MAPF_LNS_SAT/mapf-scen-even/scen-even/warehouse-20-40-10-2-2-even-2.scen,20,31,42,1,445,1935.669000,46,19,0.000000,0.052000,0.124000,0.085000,0.020878
_home_max_Documents_PhD_MAPF_LNS_MAPF_LNS_SAT_mapf-map_warehouse-20-40-10-2-2_map-_home_max_Documents_PhD_MAPF_LNS_MAPF_LNS_SAT_mapf-scen-even_scen-even_warehouse-20-40-10-2-2-even-2_scen-agents20-idx32-seed42-1783525022460,/home/max/Documents/PhD/MAPF/LNS/MAPF_LNS_SAT/mapf-map/warehouse-20-40-10-2-2.map,/home/max/Documents/PhD/MAPF/LNS/MAPF_LNS_SAT/mapf-scen-even/scen-even/warehouse-20-40-10-2-2-even-2.scen,20,32,42,1,462,1958.167000,0,0,0.000000,0.000000,0.000000,0.000000,0.000000
_home_max_Documents_PhD_MAPF_LNS_MAPF_LNS_SAT_mapf-map_warehouse-20-40-10-2-2_map-_home_max_Documents_PhD_MAPF_LNS_MAPF_LNS_SAT_mapf-scen-even_scen-even_warehouse-20-40-10-2-2-even-2_scen-agents20-idx33-seed42-1783525024459,/home/max/Documents/PhD/MAPF/LNS/MAPF_LNS_SAT/mapf-map/warehouse-20-40-10-2-2.map,/home/max/Documents/PhD/MAPF/LNS/MAPF_LNS_SAT/mapf-scen-even/scen-even/warehouse-20-40-10-2-2-even-2.scen,20,33,42,1,434,1880.988000,22,9,0.000000,0.020000,0.075000,0.048000,0.009354
_home_max_Documents_PhD_MAPF_LNS_MAPF_LNS_SAT_mapf-map_warehouse-20-40-10-2-2_map-_home_max_Documents_PhD_MAPF_LNS_MAPF_LNS_SAT_mapf-scen-even_scen-even_warehouse-20-40-10-2-2-even-2_scen-agents20-idx34-seed42-1783525026418,/home/max/Documents/PhD/MAPF/LNS/MAPF_LNS_SAT/mapf-map/warehouse-20-40-10-2-2.map,/home/max/Documents/PhD/MAPF/LNS/MAPF_LNS_SAT/mapf-scen-even/scen-even/warehouse-20-40-10-2-2-even-2.scen,20,34,42,1,357,1766.308000,59,26,0.000000,0.045000,0.153000,0.103000,0.016523
_home_max_Documents_PhD_MAPF_LNS_MAPF_LNS_SAT_mapf-map_warehouse-20-40-10-2-2_map-_home_max_Documents_PhD_MAPF_LNS_MAPF_LNS_SAT_mapf-scen-even_scen-even_warehouse-20-40-10-2-2-even-2_scen-agents20-idx35-seed42-1783525028274,/home/max/Documents/PhD/MAPF/LNS/MAPF_LNS_SAT/mapf-map/warehouse-20-40-10-2-2.map,/home/max/Documents/PhD/MAPF/LNS/MAPF_LNS_SAT/mapf-scen-even/scen-even/warehouse-20-40-10-2-2-even-2.scen,20,35,42,1,466,1918.285000,828,332,0.002000,0.637000,0.967000,0.741000,0.084994
_home_max_Documents_PhD_MAPF_LNS_MAPF_LNS_SAT_mapf-map_warehouse-20-40-10-2-2_map-_home_max_Documents_PhD_MAPF_LNS_MAPF_LNS_SAT_mapf-scen-even_scen-even_warehouse-20-40-10-2-2-even-2_scen-agents20-idx36-seed42-1783525030224,/home/max/Documents/PhD/MAPF/LNS/MAPF_LNS_SAT/mapf-map/warehouse-20-40-10-2-2.map,/home/max/Documents/PhD/MAPF/LNS/MAPF_LNS_SAT/mapf-scen-even/scen-even/warehouse-20-40-10-2-2-even-2.scen,20,36,42,1,352,1772.322000,143,52,0.000000,0.098000,0.238000,0.175000,0.025751
_home_max_Documents_PhD_MAPF_LNS_MAPF_LNS_SAT_mapf-map_warehouse-20-40-10-2-2_map-_home_max_Documents_PhD_MAPF_LNS_MAPF_LNS_SAT_mapf-scen-even_scen-even_warehouse-20-40-10-2-2-even-2_scen-agents20-idx37-seed42-1783525032026,/home/max/Documents/PhD/MAPF/LNS/MAPF_LNS_SAT/mapf-map/warehouse-20-40-10-2-2.map,/home/max/Documents/PhD/MAPF/LNS/MAPF_LNS_SAT/mapf-scen-even/scen-even/warehouse-20-40-10-2-2-even-2.scen,20,37,42,1,424,1842.246000,48,20,0.000000,0.047000,0.096000,0.074000,0.014231
_home_max_Documents_PhD_MAPF_LNS_MAPF_LNS_SAT_mapf-map_warehouse-20-40-10-2-2_map-_home_max_Documents_PhD_MAPF_LNS_MAPF_LNS_SAT_mapf-scen-even_scen-even_warehouse-20-40-10-2-2-even-2_scen-agents20-idx38-seed42-1783525033935,/home/max/Documents/PhD/MAPF/LNS/MAPF_LNS_SAT/mapf-map/warehouse-20-40-10-2-2.map,/home/max/Documents/PhD/MAPF/LNS/MAPF_LNS_SAT/mapf-scen-even/scen-even/warehouse-20-40-10-2-2-even-2.scen,20,38,42,1,472,1931.788000,28,15,0.000000,0.026000,0.073000,0.051000,0.009801
_home_max_Documents_PhD_MAPF_LNS_MAPF_LNS_SAT_mapf-map_warehouse-20-40-10-2-2_map-_home_max_Documents_PhD_MAPF_LNS_MAPF_LNS_SAT_mapf-scen-even_scen-even_warehouse-20-40-10-2-2-even-2_scen-agents20-idx39-seed42-1783525035939,/home/max/Documents/PhD/MAPF/LNS/MAPF_LNS_SAT/mapf-map/warehouse-20-40-10-2-2.map,/home/max/Documents/PhD/MAPF/LNS/MAPF_LNS_SAT/mapf-scen-even/scen-even/warehouse-20-40-10-2-2-even-2.scen,20,39,42,1,464,1963.112000,0,0,0.000000,0.000000,0.000000,0.000000,0.000000
_home_max_Documents_PhD_MAPF_LNS_MAPF_LNS_SAT_mapf-map_warehouse-20-40-10-2-2_map-_home_max_Documents_PhD_MAPF_LNS_MAPF_LNS_SAT_mapf-scen-even_scen-even_warehouse-20-40-10-2-2-even-2_scen-agents20-idx40-seed42-1783525037938,/home/max/Documents/PhD/MAPF/LNS/MAPF_LNS_SAT/mapf-map/warehouse-20-40-10-2-2.map,/home/max/Documents/PhD/MAPF/LNS/MAPF_LNS_SAT/mapf-scen-even/scen-even/warehouse-20-40-10-2-2-even-2.scen,20,40,42,1,455,2092.130000,137,56,0.000000,0.116000,0.326000,0.219000,0.031744
_home_max_Documents_PhD_MAPF_LNS_MAPF_LNS_SAT_mapf-map_warehouse-20-40-10-2-2_map-_home_max_Documents_PhD_MAPF_LNS_MAPF_LNS_SAT_mapf-scen-even_scen-even_warehouse-20-40-10-2-2-even-2_scen-agents20-idx41-seed42-1783525040099,/home/max/Documents/PhD/MAPF/LNS/MAPF_LNS_SAT/mapf-map/warehouse-20-40-10-2-2.map,/home/max/Documents/PhD/MAPF/LNS/MAPF_LNS_SAT/mapf-scen-even/scen-even/warehouse-20-40-10-2-2-even-2.scen,20,41,42,1,460,1856.555000,764,293,0.002000,0.843000,0.809000,0.647000,0.071053
_home_max_Documents_PhD_MAPF_LNS_MAPF_LNS_SAT_mapf-map_warehouse-20-40-10-2-2_map-_home_max_Documents_PhD_MAPF_LNS_MAPF_LNS_SAT_mapf-scen-even_scen-even_warehouse-20-40-10-2-2-even-2_scen-agents20-idx42-seed42-1783525042053,/home/max/Documents/PhD/MAPF/LNS/MAPF_LNS_SAT/mapf-map/warehouse-20-40-10-2-2.map,/home/max/Documents/PhD/MAPF/LNS/MAPF_LNS_SAT/mapf-scen-even/scen-even/warehouse-20-40-10-2-2-even-2.scen,20,42,42,1,376,1842.073000,606,245,0.000000,0.426000,0.893000,0.652000,0.073100
_home_max_Documents_PhD_MAPF_LNS_MAPF_LNS_SAT_mapf-map_warehouse-20-40-10-2-2_map-_home_max_Documents_PhD_MAPF_LNS_MAPF_LNS_SAT_mapf-scen-even_scen-even_warehouse-20-40-10-2-2-even-2_scen-agents20-idx43-seed42-1783525043958,/home/max/Documents/PhD/MAPF/LNS/MAPF_LNS_SAT/mapf-map/warehouse-20-40-10-2-2.map,/home/max/Documents/PhD/MAPF/LNS/MAPF_LNS_SAT/mapf-scen-even/scen-even/warehouse-20-40-10-2-2-even-2.scen,20,43,42,1,467,2130.820000,245,98,0.000000,0.478000,0.415000,0.316000,0.029566
_home_max_Documents_PhD_MAPF_LNS_MAPF_LNS_SAT_mapf-map_warehouse-20-40-10-2-2_map-_home_max_Documents_PhD_MAPF_LNS_MAPF_LNS_SAT_mapf-scen-even_scen-even_warehouse-20-40-10-2-2-even-2_scen-agents20-idx44-seed42-1783525046162,/home/max/Documents/PhD/MAPF/LNS/MAPF_LNS_SAT/mapf-map/warehouse-20-40-10-2-2.map,/home/max/Documents/PhD/MAPF/LNS/MAPF_LNS_SAT/mapf-scen-even/scen-even/warehouse-20-40-10-2-2-even-2.scen,20,44,42,1,466,1923.820000,394,159,0.000000,0.353000,0.669000,0.493000,0.055977
_home_max_Documents_PhD_MAPF_LNS_MAPF_LNS_SAT_mapf-map_warehouse-20-40-10-2-2_map-_home_max_Documents_PhD_MAPF_LNS_MAPF_LNS_SAT_mapf-scen-even_scen-even_warehouse-20-40-10-2-2-even-2_scen-agents20-idx45-seed42-1783525048167,/home/max/Documents/PhD/MAPF/LNS/MAPF_LNS_SAT/mapf-map/warehouse-20-40-10-2-2.map,/home/max/Documents/PhD/MAPF/LNS/MAPF_LNS_SAT/mapf-scen-even/scen-even/warehouse-20-40-10-2-2-even-2.scen,20,45,42,1,446,1952.460000,50,24,0.001000,0.051000,0.186000,0.124000,0.024690
_home_max_Documents_PhD_MAPF_LNS_MAPF_LNS_SAT_mapf-map_warehouse-20-40-10-2-2_map-_home_max_Documents_PhD_MAPF_LNS_MAPF_LNS_SAT_mapf-scen-even_scen-even_warehouse-20-40-10-2-2-even-2_scen-agents20-idx46-seed42-1783525050166,/home/max/Documents/PhD/MAPF/LNS/MAPF_LNS_SAT/mapf-map/warehouse-20-40-10-2-2.map,/home/max/Documents/PhD/MAPF/LNS/MAPF_LNS_SAT/mapf-scen-even/scen-even/warehouse-20-40-10-2-2-even-2.scen,20,46,42,1,451,1793.229000,0,0,0.000000,0.000000,0.000000,0.000000,0.000000
_home_max_Documents_PhD_MAPF_LNS_MAPF_LNS_SAT_mapf-map_warehouse-20-40-10-2-2_map-_home_max_Documents_PhD_MAPF_LNS_MAPF_LNS_SAT_mapf-scen-even_scen-even_warehouse-20-40-10-2-2-even-2_scen-agents20-idx47-seed42-1783525052024,/home/max/Documents/PhD/MAPF/LNS/MAPF_LNS_SAT/mapf-map/warehouse-20-40-10-2-2.map,/home/max/Documents/PhD/MAPF/LNS/MAPF_LNS_SAT/mapf-scen-even/scen-even/warehouse-20-40-10-2-2-even-2.scen,20,47,42,1,461,1993.678000,50,24,0.000000,0.046000,0.142000,0.093000,0.014014
_home_max_Documents_PhD_MAPF_LNS_MAPF_LNS_SAT_mapf-map_warehouse-20-40-10-2-2_map-_home_max_Documents_PhD_MAPF_LNS_MAPF_LNS_SAT_mapf-scen-even_scen-even_warehouse-20-40-10-2-2-even-2_scen-agents20-idx48-seed42-1783525054078,/home/max/Documents/PhD/MAPF/LNS/MAPF_LNS_SAT/mapf-map/warehouse-20-40-10-2-2.map,/home/max/Documents/PhD/MAPF/LNS/MAPF_LNS_SAT/mapf-scen-even/scen-even/warehouse-20-40-10-2-2-even-2.scen,20,48,42,1,465,1849.696000,678,263,0.000000,0.723000,0.450000,0.379000,0.039442
_home_max_Documents_PhD_MAPF_LNS_MAPF_LNS_SAT_mapf-map_warehouse-20-40-10-2-2_map-_home_max_Documents_PhD_MAPF_LNS_MAPF_LNS_SAT_mapf-scen-even_scen-even_warehouse-20-40-10-2-2-even-2_scen-agents20-idx49-seed42-1783525055979,/home/max/Documents/PhD/MAPF/LNS/MAPF_LNS_SAT/mapf-map/warehouse-20-40-10-2-2.map,/home/max/Documents/PhD/MAPF/LNS/MAPF_LNS_SAT/mapf-scen-even/scen-even/warehouse-20-40-10-2-2-even-2.scen,20,49,42,1,414,1856.232000,407,158,0.000000,0.433000,0.401000,0.320000,0.033018
_home_max_Documents_PhD_MAPF_LNS_MAPF_LNS_SAT_mapf-map_warehouse-20-40-10-2-2_map-_home_max_Documents_PhD_MAPF_LNS_MAPF_LNS_SAT_mapf-scen-even_scen-even_warehouse-20-40-10-2-2-even-1_scen-agents50-idx0-seed42-1783525057888,/home/max/Documents/PhD/MAPF/LNS/MAPF_LNS_SAT/mapf-map/warehouse-20-40-10-2-2.map,/home/max/Documents/PhD/MAPF/LNS/MAPF_LNS_SAT/mapf-scen-even/scen-even/warehouse-20-40-10-2-2-even-1.scen,50,0,42,1,450,5550.987000,904,366,0.001000,0.563000,1.622000,1.127000,0.142957
_home_max_Documents_PhD_MAPF_LNS_MAPF_LNS_SAT_mapf-map_warehouse-20-40-10-2-2_map-_home_max_Documents_PhD_MAPF_LNS_MAPF_LNS_SAT_mapf-scen-even_scen-even_warehouse-20-40-10-2-2-even-1_scen-agents50-idx1-seed42-1783525063554,/home/max/Documents/PhD/MAPF/LNS/MAPF_LNS_SAT/mapf-map/warehouse-20-40-10-2-2.map,/home/max/Documents/PhD/MAPF/LNS/MAPF_LNS_SAT/mapf-scen-even/scen-even/warehouse-20-40-10-2-2-even-1.scen,50,1,42,1,433,5279.803000,937,394,0.000000,0.584000,1.405000,0.997000,0.111938
_home_max_Documents_PhD_MAPF_LNS_MAPF_LNS_SAT_mapf-map_warehouse-20-40-10-2-2_map-_home_max_Documents_PhD_MAPF_LNS_MAPF_LNS_SAT_mapf-scen-even_scen-even_warehouse-20-40-10-2-2-even-1_scen-agents50-idx2-seed42-1783525068912,/home/max/Documents/PhD/MAPF/LNS/MAPF_LNS_SAT/mapf-map/warehouse-20-40-10-2-2.map,/home/max/Documents/PhD/MAPF/LNS/MAPF_LNS_SAT/mapf-scen-even/scen-even/warehouse-20-40-10-2-2-even-1.scen,50,2,42,1,460,5499.799000,555,237,0.000000,0.405000,0.995000,0.688000,0.075031
_home_max_Documents_PhD_MAPF_LNS_MAPF_LNS_SAT_mapf-map_warehouse-20-40-10-2-2_map-_home_max_Documents_PhD_MAPF_LNS_MAPF_LNS_SAT_mapf-scen-even_scen-even_warehouse-20-40-10-2-2-even-1_scen-agents50-idx3-seed42-1783525074529,/home/max/Documents/PhD/MAPF/LNS/MAPF_LNS_SAT/mapf-map/warehouse-20-40-10-2-2.map,/home/max/Documents/PhD/MAPF/LNS/MAPF_LNS_SAT/mapf-scen-even/scen-even/warehouse-20-40-10-2-2-even-1.scen,50,3,42,1,452,5578.752000,590,263,0.001000,2.860000,0.836000,0.630000,0.074678
_home_max_Documents_PhD_MAPF_LNS_MAPF_LNS_SAT_mapf-map_warehouse-20-40-10-2-2_map-_home_max_Documents_PhD_MAPF_LNS_MAPF_LNS_SAT_mapf-scen-even_scen-even_warehouse-20-40-10-2-2-even-1_scen-agents50-idx4-seed42-1783525080186,/home/max/Documents/PhD/MAPF/LNS/MAPF_LNS_SAT/mapf-map/warehouse-20-40-10-2-2.map,/home/max/Documents/PhD/MAPF/LNS/MAPF_LNS_SAT/mapf-scen-even/scen-even/warehouse-20-40-10-2-2-even-1.scen,50,4,42,1,460,5315.537000,1065,445,0.000000,0.711000,1.869000,1.497000,0.107793
_home_max_Documents_PhD_MAPF_LNS_MAPF_LNS_SAT_mapf-map_warehouse-20-40-10-2-2_map-_home_max_Documents_PhD_MAPF_LNS_MAPF_LNS_SAT_mapf-scen-even_scen-even_warehouse-20-40-10-2-2-even-1_scen-agents50-idx5-seed42-1783525085605,/home/max/Documents/PhD/MAPF/LNS/MAPF_LNS_SAT/mapf-map/warehouse-20-40-10-2-2.map,/home/max/Documents/PhD/MAPF/LNS/MAPF_LNS_SAT/mapf-scen-even/scen-even/warehouse-20-40-10-2-2-even-1.scen,50,5,42,1,452,5555.904000,995,418,0.001000,0.765000,1.597000,1.153000,0.133393
_home_max_Documents_PhD_MAPF_LNS_MAPF_LNS_SAT_mapf-map_warehouse-20-40-10-2-2_map-_home_max_Documents_PhD_MAPF_LNS_MAPF_LNS_SAT_mapf-scen-even_scen-even_warehouse-20-40-10-2-2-even-1_scen-agents50-idx6-seed42-1783525091269,/home/max/Documents/PhD/MAPF/LNS/MAPF_LNS_SAT/mapf-map/warehouse-20-40-10-2-2.map,/home/max/Documents/PhD/MAPF/LNS/MAPF_LNS_SAT/mapf-scen-even/scen-even/warehouse-20-40-10-2-2-even-1.scen,50,6,42,1,466,5373.537000,2080,827,0.001000,1.268000,2.737000,2.039000,0.212922
_home_max_Documents_PhD_MAPF_LNS_MAPF_LNS_SAT_mapf-map_warehouse-20-40-10-2-2_map-_home_max_Documents_PhD_MAPF_LNS_MAPF_LNS_SAT_mapf-scen-even_scen-even_warehouse-20-40-10-2-2-even-1_scen-agents50-idx7-seed42-1783525096724,/home/max/Documents/PhD/MAPF/LNS/MAPF_LNS_SAT/mapf-map/warehouse-20-40-10-2-2.map,/home/max/Documents/PhD/MAPF/LNS/MAPF_LNS_SAT/mapf-scen-even/scen-even/warehouse-20-40-10-2-2-even-1.scen,50,7,42,1,462,5582.424000,2559,1024,0.003000,1.668000,3.763000,2.971000,0.269212
_home_max_Documents_PhD_MAPF_LNS_MAPF_LNS_SAT_mapf-map_warehouse-20-40-10-2-2_map-_home_max_Documents_PhD_MAPF_LNS_MAPF_LNS_SAT_mapf-scen-even_scen-even_warehouse-20-40-10-2-2-even-1_scen-agents50-idx8-seed42-1783525102385,/home/max/Documents/PhD/MAPF/LNS/MAPF_LNS_SAT/mapf-map/warehouse-20-40-10-2-2.map,/home/max/Documents/PhD/MAPF/LNS/MAPF_LNS_SAT/mapf-scen-even/scen-even/warehouse-20-40-10-2-2-even-1.scen,50,8,42,1,447,5250.251000,871,372,0.001000,0.568000,1.820000,1.416000,0.104086
_home_max_Documents_PhD_MAPF_LNS_MAPF_LNS_SAT_mapf-map_warehouse-20-40-10-2-2_map-_home_max_Documents_PhD_MAPF_LNS_MAPF_LNS_SAT_mapf-scen-even_scen-even_warehouse-20-40-10-2-2-even-1_scen-agents50-idx9-seed42-1783525107751,/home/max/Documents/PhD/MAPF/LNS/MAPF_LNS_SAT/mapf-map/warehouse-20-40-10-2-2.map,/home/max/Documents/PhD/MAPF/LNS/MAPF_LNS_SAT/mapf-scen-even/scen-even/warehouse-20-40-10-2-2-even-1.scen,50,9,42,1,444,5084.458000,623,267,0.000000,0.365000,0.771000,0.552000,0.053662
_home_max_Documents_PhD_MAPF_LNS_MAPF_LNS_SAT_mapf-map_warehouse-20-40-10-2-2_map-_home_max_Documents_PhD_MAPF_LNS_MAPF_LNS_SAT_mapf-scen-even_scen-even_warehouse-20-40-10-2-2-even-1_scen-agents50-idx10-seed42-1783525112908,/home/max/Documents/PhD/MAPF/LNS/MAPF_LNS_SAT/mapf-map/warehouse-20-40-10-2-2.map,/home/max/Documents/PhD/MAPF/LNS/MAPF_LNS_SAT/mapf-scen-even/scen-even/warehouse-20-40-10-2-2-even-1.scen,50,10,42,1,454,5423.263000,1594,643,0.000000,0.978000,2.570000,2.017000,0.159823
_home_max_Documents_PhD_MAPF_LNS_MAPF_LNS_SAT_mapf-map_warehouse-20-40-10-2-2_map-_home_max_Documents_PhD_MAPF_LNS_MAPF_LNS_SAT_mapf-scen-even_scen-even_warehouse-20-40-10-2-2-even-1_scen-agents50-idx11-seed42-1783525118422,/home/max/Documents/PhD/MAPF/LNS/MAPF_LNS_SAT/mapf-map/warehouse-20-40-10-2-2.map,/home/max/Documents/PhD/MAPF/LNS/MAPF_LNS_SAT/mapf-scen-even/scen-even/warehouse-20-40-10-2-2-even-1.scen,50,11,42,1,442,5213.781000,276,118,0.000000,0.159000,0.907000,0.746000,0.042207
_home_max_Documents_PhD_MAPF_LNS_MAPF_LNS_SAT_mapf-map_warehouse-20-40-10-2-2_map-_home_max_Documents_PhD_MAPF_LNS_MAPF_LNS_SAT_mapf-scen-even_scen-even_warehouse-20-40-10-2-2-even-1_scen-agents50-idx12-seed42-1783525123744,/home/max/Documents/PhD/MAPF/LNS/MAPF_LNS_SAT/mapf-map/warehouse-20-40-10-2-2.map,/home/max/Documents/PhD/MAPF/LNS/MAPF_LNS_SAT/mapf-scen-even/scen-even/warehouse-20-40-10-2-2-even-1.scen,50,12,42,1,451,5234.677000,1661,661,0.000000,0.935000,2.024000,1.505000,0.167832
_home_max_Documents_PhD_MAPF_LNS_MAPF_LNS_SAT_mapf-map_warehouse-20-40-10-2-2_map-_home_max_Documents_PhD_MAPF_LNS_MAPF_LNS_SAT_mapf-scen-even_scen-even_warehouse-20-40-10-2-2-even-1_scen-agents50-idx13-seed42-1783525129046,/home/max/Documents/PhD/MAPF/LNS/MAPF_LNS_SAT/mapf-map/warehouse-20-40-10-2-2.map,/home/max/Documents/PhD/MAPF/LNS/MAPF_LNS_SAT/mapf-scen-even/scen-even/warehouse-20-40-10-2-2-even-1.scen,50,13,42,1,462,5570.168000,489,208,0.001000,0.363000,1.268000,0.968000,0.072486
_home_max_Documents_PhD_MAPF_LNS_MAPF_LNS_SAT_mapf-map_warehouse-20-40-10-2-2_map-_home_max_Documents_PhD_MAPF_LNS_MAPF_LNS_SAT_mapf-scen-even_scen-even_warehouse-20-40-10-2-2-even-1_scen-agents50-idx14-seed42-1783525134712,/home/max/Documents/PhD/MAPF/LNS/MAPF_LNS_SAT/mapf-map/warehouse-20-40-10-2-2.map,/home/max/Documents/PhD/MAPF/LNS/MAPF_LNS_SAT/mapf-scen-even/scen-even/warehouse-20-40-10-2-2-even-1.scen,50,14,42,1,465,5015.249000,1079,440,0.000000,2.742000,1.426000,1.062000,0.132147
_home_max_Documents_PhD_MAPF_LNS_MAPF_LNS_SAT_mapf-map_warehouse-20-40-10-2-2_map-_home_max_Documents_PhD_MAPF_LNS_MAPF_LNS_SAT_mapf-scen-even_scen-even_warehouse-20-40-10-2-2-even-1_scen-agents50-idx15-seed42-1783525139827,/home/max/Documents/PhD/MAPF/LNS/MAPF_LNS_SAT/mapf-map/warehouse-20-40-10-2-2.map,/home/max/Documents/PhD/MAPF/LNS/MAPF_LNS_SAT/mapf-scen-even/scen-even/warehouse-20-40-10-2-2-even-1.scen,50,15,42,1,459,5249.354000,184,76,0.000000,0.135000,0.414000,0.285000,0.045435
_home_max_Documents_PhD_MAPF_LNS_MAPF_LNS_SAT_mapf-map_warehouse-20-40-10-2-2_map-_home_max_Documents_PhD_MAPF_LNS_MAPF_LNS_SAT_mapf-scen-even_scen-even_warehouse-20-40-10-2-2-even-1_scen-agents50-idx16-seed42-1783525145190,/home/max/Documents/PhD/MAPF/LNS/MAPF_LNS_SAT/mapf-map/warehouse-20-40-10-2-2.map,/home/max/Documents/PhD/MAPF/LNS/MAPF_LNS_SAT/mapf-scen-even/scen-even/warehouse-20-40-10-2-2-even-1.scen,50,16,42,1,462,5338.399000,758,309,0.000000,0.458000,1.214000,0.850000,0.103556
_home_max_Documents_PhD_MAPF_LNS_MAPF_LNS_SAT_mapf-map_warehouse-20-40-10-2-2_map-_home_max_Documents_PhD_MAPF_LNS_MAPF_LNS_SAT_mapf-scen-even_scen-even_warehouse-20-40-10-2-2-even-1_scen-agents50-idx17-seed42-1783525150655,/home/max/Documents/PhD/MAPF/LNS/MAPF_LNS_SAT/mapf-map/warehouse-20-40-10-2-2.map,/home/max/Documents/PhD/MAPF/LNS/MAPF_LNS_SAT/mapf-scen-even/scen-even/warehouse-20-40-10-2-2-even-1.scen,50,17,42,1,447,5381.312000,864,365,0.000000,0.575000,1.243000,0.886000,0.102618
_home_max_Documents_PhD_MAPF_LNS_MAPF_LNS_SAT_mapf-map_warehouse-20-40-10-2-2_map-_home_max_Documents_PhD_MAPF_LNS_MAPF_LNS_SAT_mapf-scen-even_scen-even_warehouse-20-40-10-2-2-even-1_scen-agents50-idx18-seed42-1783525156168,/home/max/Documents/PhD/MAPF/LNS/MAPF_LNS_SAT/mapf-map/warehouse-20-40-10-2-2.map,/home/max/Documents/PhD/MAPF/LNS/MAPF_LNS_SAT/mapf-scen-even/scen-even/warehouse-20-40-10-2-2-even-1.scen,50,18,42,1,464,4852.389000,605,226,0.000000,0.367000,1.346000,1.111000,0.065220
_home_max_Documents_PhD_MAPF_LNS_MAPF_LNS_SAT_mapf-map_warehouse-20-40-10-2-2_map-_home_max_Documents_PhD_MAPF_LNS_MAPF_LNS_SAT_mapf-scen-even_scen-even_warehouse-20-40-10-2-2-even-1_scen-agents50-idx19-seed42-1783525161129,/home/max/Documents/PhD/MAPF/LNS/MAPF_LNS_SAT/mapf-map/warehouse-20-40-10-2-2.map,/home/max/Documents/PhD/MAPF/LNS/MAPF_LNS_SAT/mapf-scen-even/scen-even/warehouse-20-40-10-2-2-even-1.scen,50,19,42,1,448,5371.089000,1952,781,0.001000,1.226000,2.578000,1.939000,0.212471
_home_max_Documents_PhD_MAPF_LNS_MAPF_LNS_SAT_mapf-map_warehouse-20-40-10-2-2_map-_home_max_Documents_PhD_MAPF_LNS_MAPF_LNS_SAT_mapf-scen-even_scen-even_warehouse-20-40-10-2-2-even-2_scen-agents50-idx0-seed42-1783525166589,/home/max/Documents/PhD/MAPF/LNS/MAPF_LNS_SAT/mapf-map/warehouse-20-40-10-2-2.map,/home/max/Documents/PhD/MAPF/LNS/MAPF_LNS_SAT/mapf-scen-even/scen-even/warehouse-20-40-10-2-2-even-2.scen,50,0,42,1,455,5509.831000,1131,461,0.006000,0.998000,2.204000,1.605000,0.181922
_home_max_Documents_PhD_MAPF_LNS_MAPF_LNS_SAT_mapf-map_warehouse-20-40-10-2-2_map-_home_max_Documents_PhD_MAPF_LNS_MAPF_LNS_SAT_mapf-scen-even_scen-even_warehouse-20-40-10-2-2-even-2_scen-agents50-idx1-seed42-1783525172208,/home/max/Documents/PhD/MAPF/LNS/MAPF_LNS_SAT/mapf-map/warehouse-20-40-10-2-2.map,/home/max/Documents/PhD/MAPF/LNS/MAPF_LNS_SAT/mapf-scen-even/scen-even/warehouse-20-40-10-2-2-even-2.scen,50,1,42,1,465,5275.460000,3225,1153,0.003000,1.724000,2.763000,2.200000,0.233221
_home_max_Documents_PhD_MAPF_LNS_MAPF_LNS_SAT_mapf-map_warehouse-20-40-10-2-2_map-_home_max_Documents_PhD_MAPF_LNS_MAPF_LNS_SAT_mapf-scen-even_scen-even_warehouse-20-40-10-2-2-even-2_scen-agents50-idx2-seed42-1783525177567,/home/max/Documents/PhD/MAPF/LNS/MAPF_LNS_SAT/mapf-map/warehouse-20-40-10-2-2.map,/home/max/Documents/PhD/MAPF/LNS/MAPF_LNS_SAT/mapf-scen-even/scen-even/warehouse-20-40-10-2-2-even-2.scen,50,2,42,1,465,5888.518000,1922,775,0.007000,1.383000,3.479000,2.721000,0.218858
_home_max_Documents_PhD_MAPF_LNS_MAPF_LNS_SAT_mapf-map_warehouse-20-40-10-2-2_map-_home_max_Documents_PhD_MAPF_LNS_MAPF_LNS_SAT_mapf-scen-even_scen-even_warehouse-20-40-10-2-2-even-2_scen-agents50-idx3-seed42-1783525183531,/home/max/Documents/PhD/MAPF/LNS/MAPF_LNS_SAT/mapf-map/warehouse-20-40-10-2-2.map,/home/max/Documents/PhD/MAPF/LNS/MAPF_LNS_SAT/mapf-scen-even/scen-even/warehouse-20-40-10-2-2-even-2.scen,50,3,42,1,447,5298.522000,300,127,0.000000,0.209000,0.597000,0.411000,0.054428
_home_max_Documents_PhD_MAPF_LNS_MAPF_LNS_SAT_mapf-map_warehouse-20-40-10-2-2_map-_home_max_Documents_PhD_MAPF_LNS_MAPF_LNS_SAT_mapf-scen-even_scen-even_warehouse-20-40-10-2-2-even-2_scen-agents50-idx4-seed42-1783525188948,/home/max/Documents/PhD/MAPF/LNS/MAPF_LNS_SAT/mapf-map/warehouse-20-40-10-2-2.map,/home/max/Documents/PhD/MAPF/LNS/MAPF_LNS_SAT/mapf-scen-even/scen-even/warehouse-20-40-10-2-2-even-2.scen,50,4,42,1,460,5997.486000,1709,680,0.000000,3.397000,2.563000,1.826000,0.189967
_home_max_Documents_PhD_MAPF_LNS_MAPF_LNS_SAT_mapf-map_warehouse-20-40-10-2-2_map-_home_max_Documents_PhD_MAPF_LNS_MAPF_LNS_SAT_mapf-scen-even_scen-even_warehouse-20-40-10-2-2-even-2_scen-agents50-idx5-seed42-1783525195064,/home/max/Documents/PhD/MAPF/LNS/MAPF_LNS_SAT/mapf-map/warehouse-20-40-10-2-2.map,/home/max/Documents/PhD/MAPF/LNS/MAPF_LNS_SAT/mapf-scen-even/scen-even/warehouse-20-40-10-2-2-even-2.scen,50,5,42,1,434,4986.906000,684,296,0.001000,0.556000,1.108000,0.775000,0.084015
_home_max_Documents_PhD_MAPF_LNS_MAPF_LNS_SAT_mapf-map_warehouse-20-40-10-2-2_map-_home_max_Documents_PhD_MAPF_LNS_MAPF_LNS_SAT_mapf-scen-even_scen-even_warehouse-20-40-10-2-2-even-2_scen-agents50-idx6-seed42-1783525200173,/home/max/Documents/PhD/MAPF/LNS/MAPF_LNS_SAT/mapf-map/warehouse-20-40-10-2-2.map,/home/max/Documents/PhD/MAPF/LNS/MAPF_LNS_SAT/mapf-scen-even/scen-even/warehouse-20-40-10-2-2-even-2.scen,50,6,42,1,446,5104.634000,262,105,0.000000,0.173000,0.514000,0.345000,0.047664
_home_max_Documents_PhD_MAPF_LNS_MAPF_LNS_SAT_mapf-map_warehouse-20-40-10-2-2_map-_home_max_Documents_PhD_MAPF_LNS_MAPF_LNS_SAT_mapf-scen-even_scen-even_warehouse-20-40-10-2-2-even-2_scen-agents50-idx7-seed42-1783525205391,/home/max/Documents/PhD/MAPF/LNS/MAPF_LNS_SAT/mapf-map/warehouse-20-40-10-2-2.map,/home/max/Documents/PhD/MAPF/LNS/MAPF_LNS_SAT/mapf-scen-even/scen-even/warehouse-20-40-10-2-2-even-2.scen,50,7,42,1,452,5358.374000,1792,727,0.003000,1.110000,2.930000,2.198000,0.214216
_home_max_Documents_PhD_MAPF_LNS_MAPF_LNS_SAT_mapf-map_warehouse-20-40-10-2-2_map-_home_max_Documents_PhD_MAPF_LNS_MAPF_LNS_SAT_mapf-scen-even_scen-even_warehouse-20-40-10-2-2-even-2_scen-agents50-idx8-seed42-1783525210854,/home/max/Documents/PhD/MAPF/LNS/MAPF_LNS_SAT/mapf-map/warehouse-20-40-10-2-2.map,/home/max/Documents/PhD/MAPF/LNS/MAPF_LNS_SAT/mapf-scen-even/scen-even/warehouse-20-40-10-2-2-even-2.scen,50,8,42,1,463,5783.031000,2008,809,0.004000,1.351000,3.367000,2.804000,0.208759
_home_max_Documents_PhD_MAPF_LNS_MAPF_LNS_SAT_mapf-map_warehouse-20-40-10-2-2_map-_home_max_Documents_PhD_MAPF_LNS_MAPF_LNS_SAT_mapf-scen-even_scen-even_warehouse-20-40-10-2-2-even-2_scen-agents50-idx9-seed42-1783525216713,/home/max/Documents/PhD/MAPF/LNS/MAPF_LNS_SAT/mapf-map/warehouse-20-40-10-2-2.map,/home/max/Documents/PhD/MAPF/LNS/MAPF_LNS_SAT/mapf-scen-even/scen-even/warehouse-20-40-10-2-2-even-2.scen,50,9,42,1,464,5394.478000,444,185,0.000000,0.314000,1.286000,0.998000,0.072681
_home_max_Documents_PhD_MAPF_LNS_MAPF_LNS_SAT_mapf-map_warehouse-20-40-10-2-2_map-_home_max_Documents_PhD_MAPF_LNS_MAPF_LNS_SAT_mapf-scen-even_scen-even_warehouse-20-40-10-2-2-even-2_scen-agents50-idx10-seed42-1783525222230,/home/max/Documents/PhD/MAPF/LNS/MAPF_LNS_SAT/mapf-map/warehouse-20-40-10-2-2.map,/home/max/Documents/PhD/MAPF/LNS/MAPF_LNS_SAT/mapf-scen-even/scen-even/warehouse-20-40-10-2-2-even-2.scen,50,10,42,1,462,5559.189000,1215,497,0.000000,0.782000,2.104000,1.694000,0.115873
_home_max_Documents_PhD_MAPF_LNS_MAPF_LNS_SAT_mapf-map_warehouse-20-40-10-2-2_map-_home_max_Documents_PhD_MAPF_LNS_MAPF_LNS_SAT_mapf-scen-even_scen-even_warehouse-20-40-10-2-2-even-2_scen-agents50-idx11-seed42-1783525227894,/home/max/Documents/PhD/MAPF/LNS/MAPF_LNS_SAT/mapf-map/warehouse-20-40-10-2-2.map,/home/max/Documents/PhD/MAPF/LNS/MAPF_LNS_SAT/mapf-scen-even/scen-even/warehouse-20-40-10-2-2-even-2.scen,50,11,42,1,416,5211.707000,684,304,0.000000,0.551000,1.774000,1.436000,0.101668
_home_max_Documents_PhD_MAPF_LNS_MAPF_LNS_SAT_mapf-map_warehouse-20-40-10-2-2_map-_home_max_Documents_PhD_MAPF_LNS_MAPF_LNS_SAT_mapf-scen-even_scen-even_warehouse-20-40-10-2-2-even-2_scen-agents50-idx12-seed42-1783525233208,/home/max/Documents/PhD/MAPF/LNS/MAPF_LNS_SAT/mapf-map/warehouse-20-40-10-2-2.map,/home/max/Documents/PhD/MAPF/LNS/MAPF_LNS_SAT/mapf-scen-even/scen-even/warehouse-20-40-10-2-2-even-2.scen,50,12,42,1,462,5630.285000,1121,450,0.000000,0.881000,2.302000,1.825000,0.126718
_home_max_Documents_PhD_MAPF_LNS_MAPF_LNS_SAT_mapf-map_warehouse-20-40-10-2-2_map-_home_max_Documents_PhD_MAPF_LNS_MAPF_LNS_SAT_mapf-scen-even_scen-even_warehouse-20-40-10-2-2-even-2_scen-agents50-idx13-seed42-1783525238918,/home/max/Documents/PhD/MAPF/LNS/MAPF_LNS_SAT/mapf-map/warehouse-20-40-10-2-2.map,/home/max/Documents/PhD/MAPF/LNS/MAPF_LNS_SAT/mapf-scen-even/scen-even/warehouse-20-40-10-2-2-even-2.scen,50,13,42,1,434,5080.439000,712,286,0.001000,0.435000,0.972000,0.705000,0.088415
_home_max_Documents_PhD_MAPF_LNS_MAPF_LNS_SAT_mapf-map_warehouse-20-40-10-2-2_map-_home_max_Documents_PhD_MAPF_LNS_MAPF_LNS_SAT_mapf-scen-even_scen-even_warehouse-20-40-10-2-2-even-2_scen-agents50-idx14-seed42-1783525244081,/home/max/Documents/PhD/MAPF/LNS/MAPF_LNS_SAT/mapf-map/warehouse-20-40-10-2-2.map,/home/max/Documents/PhD/MAPF/LNS/MAPF_LNS_SAT/mapf-scen-even/scen-even/warehouse-20-40-10-2-2-even-2.scen,50,14,42,1,466,5112.412000,2017,798,0.007000,1.165000,2.856000,2.262000,0.206463
_home_max_Documents_PhD_MAPF_LNS_MAPF_LNS_SAT_mapf-map_warehouse-20-40-10-2-2_map-_home_max_Documents_PhD_MAPF_LNS_MAPF_LNS_SAT_mapf-scen-even_scen-even_warehouse-20-40-10-2-2-even-2_scen-agents50-idx15-seed42-1783525249299,/home/max/Documents/PhD/MAPF/LNS/MAPF_LNS_SAT/mapf-map/warehouse-20-40-10-2-2.map,/home/max/Documents/PhD/MAPF/LNS/MAPF_LNS_SAT/mapf-scen-even/scen-even/warehouse-20-40-10-2-2-even-2.scen,50,15,42,1,472,5394.988000,552,242,0.001000,0.524000,1.813000,1.516000,0.081132
_home_max_Documents_PhD_MAPF_LNS_MAPF_LNS_SAT_mapf-map_warehouse-20-40-10-2-2_map-_home_max_Documents_PhD_MAPF_LNS_MAPF_LNS_SAT_mapf-scen-even_scen-even_warehouse-20-40-10-2-2-even-2_scen-agents50-idx16-seed42-1783525254812,/home/max/Documents/PhD/MAPF/LNS/MAPF_LNS_SAT/mapf-map/warehouse-20-40-10-2-2.map,/home/max/Documents/PhD/MAPF/LNS/MAPF_LNS_SAT/mapf-scen-even/scen-even/warehouse-20-40-10-2-2-even-2.scen,50,16,42,1,460,5331.079000,973,389,0.000000,0.661000,1.625000,1.128000,0.118753
_home_max_Documents_PhD_MAPF_LNS_MAPF_LNS_SAT_mapf-map_warehouse-20-40-10-2-2_map-_home_max_Documents_PhD_MAPF_LNS_MAPF_LNS_SAT_mapf-scen-even_scen-even_warehouse-20-40-10-2-2-even-2_scen-agents50-idx17-seed42-1783525260221,/home/max/Documents/PhD/MAPF/LNS/MAPF_LNS_SAT/mapf-map/warehouse-20-40-10-2-2.map,/home/max/Documents/PhD/MAPF/LNS/MAPF_LNS_SAT/mapf-scen-even/scen-even/warehouse-20-40-10-2-2-even-2.scen,50,17,42,1,467,5489.109000,483,206,0.001000,0.401000,0.928000,0.639000,0.060823
_home_max_Documents_PhD_MAPF_LNS_MAPF_LNS_SAT_mapf-map_warehouse-20-40-10-2-2_map-_home_max_Documents_PhD_MAPF_LNS_MAPF_LNS_SAT_mapf-scen-even_scen-even_warehouse-20-40-10-2-2-even-2_scen-agents50-idx18-seed42-1783525265839,/home/max/Documents/PhD/MAPF/LNS/MAPF_LNS_SAT/mapf-map/warehouse-20-40-10-2-2.map,/home/max/Documents/PhD/MAPF/LNS/MAPF_LNS_SAT/mapf-scen-even/scen-even/warehouse-20-40-10-2-2-even-2.scen,50,18,42,1,461,5308.682000,672,294,0.004000,0.470000,1.666000,1.291000,0.087664
_home_max_Documents_PhD_MAPF_LNS_MAPF_LNS_SAT_mapf-map_warehouse-20-40-10-2-2_map-_home_max_Documents_PhD_MAPF_LNS_MAPF_LNS_SAT_mapf-scen-even_scen-even_warehouse-20-40-10-2-2-even-2_scen-agents50-idx19-seed42-1783525271250,/home/max/Documents/PhD/MAPF/LNS/MAPF_LNS_SAT/mapf-map/warehouse-20-40-10-2-2.map,/home/max/Documents/PhD/MAPF/LNS/MAPF_LNS_SAT/mapf-scen-even/scen-even/warehouse-20-40-10-2-2-even-2.scen,50,19,42,1,465,5166.314000,1066,443,0.002000,0.880000,1.369000,1.044000,0.111583
_home_max_Documents_PhD_MAPF_LNS_MAPF_LNS_SAT_mapf-map_warehouse-20-40-10-2-2_map-_home_max_Documents_PhD_MAPF_LNS_MAPF_LNS_SAT_mapf-scen-even_scen-even_warehouse-20-40-10-2-2-even-3_scen-agents50-idx0-seed42-1783525276512,/home/max/Documents/PhD/MAPF/LNS/MAPF_LNS_SAT/mapf-map/warehouse-20-40-10-2-2.map,/home/max/Documents/PhD/MAPF/LNS/MAPF_LNS_SAT/mapf-scen-even/scen-even/warehouse-20-40-10-2-2-even-3.scen,50,0,42,1,448,5268.777000,441,186,0.000000,0.292000,0.692000,0.498000,0.057380
_home_max_Documents_PhD_MAPF_LNS_MAPF_LNS_SAT_mapf-map_warehouse-20-40-10-2-2_map-_home_max_Documents_PhD_MAPF_LNS_MAPF_LNS_SAT_mapf-scen-even_scen-even_warehouse-20-40-10-2-2-even-3_scen-agents50-idx1-seed42-1783525281871,/home/max/Documents/PhD/MAPF/LNS/MAPF_LNS_SAT/mapf-map/warehouse-20-40-10-2-2.map,/home/max/Documents/PhD/MAPF/LNS/MAPF_LNS_SAT/mapf-scen-even/scen-even/warehouse-20-40-10-2-2-even-3.scen,50,1,42,1,420,5240.371000,673,291,0.002000,0.479000,1.521000,1.231000,0.077136
_home_max_Documents_PhD_MAPF_LNS_MAPF_LNS_SAT_mapf-map_warehouse-20-40-10-2-2_map-_home_max_Documents_PhD_MAPF_LNS_MAPF_LNS_SAT_mapf-scen-even_scen-even_warehouse-20-40-10-2-2-even-3_scen-agents50-idx2-seed42-1783525287182,/home/max/Documents/PhD/MAPF/LNS/MAPF_LNS_SAT/mapf-map/warehouse-20-40-10-2-2.map,/home/max/Documents/PhD/MAPF/LNS/MAPF_LNS_SAT/mapf-scen-even/scen-even/warehouse-20-40-10-2-2-even-3.scen,50,2,42,1,450,5439.102000,1200,491,0.000000,0.846000,2.161000,1.722000,0.152789
_home_max_Documents_PhD_MAPF_LNS_MAPF_LNS_SAT_mapf-map_warehouse-20-40-10-2-2_map-_home_max_Documents_PhD_MAPF_LNS_MAPF_LNS_SAT_mapf-scen-even_scen-even_warehouse-20-40-10-2-2-even-3_scen-agents50-idx3-seed42-1783525292690,/home/max/Documents/PhD/MAPF/LNS/MAPF_LNS_SAT/mapf-map/warehouse-20-40-10-2-2.map,/home/max/Documents/PhD/MAPF/LNS/MAPF_LNS_SAT/mapf-scen-even/scen-even/warehouse-20-40-10-2-2-even-3.scen,50,3,42,1,457,5222.181000,1587,639,0.000000,0.950000,2.436000,1.962000,0.145059
_home_max_Documents_PhD_MAPF_LNS_MAPF_LNS_SAT_mapf-map_warehouse-20-40-10-2-2_map-_home_max_Documents_PhD_MAPF_LNS_MAPF_LNS_SAT_mapf-scen-even_scen-even_warehouse-20-40-10-2-2-even-3_scen-agents50-idx4-seed42-1783525298005,/home/max/Documents/PhD/MAPF/LNS/MAPF_LNS_SAT/mapf-map/warehouse-20-40-10-2-2.map,/home/max/Documents/PhD/MAPF/LNS/MAPF_LNS_SAT/mapf-scen-even/scen-even/warehouse-20-40-10-2-2-even-3.scen,50,4,42,1,450,5406.228000,752,314,0.000000,0.558000,1.037000,0.754000,0.086898
_home_max_Documents_PhD_MAPF_LNS_MAPF_LNS_SAT_mapf-map_warehouse-20-40-10-2-2_map-_home_max_Documents_PhD_MAPF_LNS_MAPF_LNS_SAT_mapf-scen-even_scen-even_warehouse-20-40-10-2-2-even-3_scen-agents50-idx5-seed42-1783525303516,/home/max/Documents/PhD/MAPF/LNS/MAPF_LNS_SAT/mapf-map/warehouse-20-40-10-2-2.map,/home/max/Documents/PhD/MAPF/LNS/MAPF_LNS_SAT/mapf-scen-even/scen-even/warehouse-20-40-10-2-2-even-3.scen,50,5,42,1,454,5365.202000,1131,470,0.000000,0.820000,1.685000,1.225000,0.130532
_home_max_Documents_PhD_MAPF_LNS_MAPF_LNS_SAT_mapf-map_warehouse-20-40-10-2-2_map-_home_max_Documents_PhD_MAPF_LNS_MAPF_LNS_SAT_mapf-scen-even_scen-even_warehouse-20-40-10-2-2-even-3_scen-agents50-idx6-seed42-1783525308984,/home/max/Documents/PhD/MAPF/LNS/MAPF_LNS_SAT/mapf-map/warehouse-20-40-10-2-2.map,/home/max/Documents/PhD/MAPF/LNS/MAPF_LNS_SAT/mapf-scen-even/scen-even/warehouse-20-40-10-2-2-even-3.scen,50,6,42,1,442,5156.864000,1334,547,0.000000,2.379000,1.638000,1.253000,0.147391
_home_max_Documents_PhD_MAPF_LNS_MAPF_LNS_SAT_mapf-map_warehouse-20-40-10-2-2_map-_home_max_Documents_PhD_MAPF_LNS_MAPF_LNS_SAT_mapf-scen-even_scen-even_warehouse-20-40-10-2-2-even-3_scen-agents50-idx7-seed42-1783525314244,/home/max/Documents/PhD/MAPF/LNS/MAPF_LNS_SAT/mapf-map/warehouse-20-40-10-2-2.map,/home/max/Documents/PhD/MAPF/LNS/MAPF_LNS_SAT/mapf-scen-even/scen-even/warehouse-20-40-10-2-2-even-3.scen,50,7,42,1,444,5197.502000,634,261,0.000000,0.492000,1.554000,1.198000,0.098567
_home_max_Documents_PhD_MAPF_LNS_MAPF_LNS_SAT_mapf-map_warehouse-20-40-10-2-2_map-_home_max_Documents_PhD_MAPF_LNS_MAPF_LNS_SAT_mapf-scen-even_scen-even_warehouse-20-40-10-2-2-even-3_scen-agents50-idx8-seed42-1783525319559,/home/max/Documents/PhD/MAPF/LNS/MAPF_LNS_SAT/mapf-map/warehouse-20-40-10-2-2.map,/home/max/Documents/PhD/MAPF/LNS/MAPF_LNS_SAT/mapf-scen-even/scen-even/warehouse-20-40-10-2-2-even-3.scen,50,8,42,1,444,5161.244000,1273,531,0.000000,0.735000,1.598000,1.185000,0.119163
_home_max_Documents_PhD_MAPF_LNS_MAPF_LNS_SAT_mapf-map_warehouse-20-40-10-2-2_map-_home_max_Documents_PhD_MAPF_LNS_MAPF_LNS_SAT_mapf-scen-even_scen-even_warehouse-20-40-10-2-2-even-3_scen-agents50-idx9-seed42-1783525324818,/home/max/Documents/PhD/MAPF/LNS/MAPF_LNS_SAT/mapf-map/warehouse-20-40-10-2-2.map,/home/max/Documents/PhD/MAPF/LNS/MAPF_LNS_SAT/mapf-scen-even/scen-even/warehouse-20-40-10-2-2-even-3.scen,50,9,42,1,458,5160.718000,348,160,0.001000,0.285000,0.844000,0.579000,0.074672
_home_max_Documents_PhD_MAPF_LNS_MAPF_LNS_SAT_mapf-map_warehouse-20-40-10-2-2_map-_home_max_Documents_PhD_MAPF_LNS_MAPF_LNS_SAT_mapf-scen-even_scen-even_warehouse-20-40-10-2-2-even-3_scen-agents50-idx10-seed42-1783525330077,/home/max/Documents/PhD/MAPF/LNS/MAPF_LNS_SAT/mapf-map/warehouse-20-40-10-2-2.map,/home/max/Documents/PhD/MAPF/LNS/MAPF_LNS_SAT/mapf-scen-even/scen-even/warehouse-20-40-10-2-2-even-3.scen,50,10,42,1,448,4955.487000,570,241,0.000000,0.436000,0.770000,0.570000,0.057494
_home_max_Documents_PhD_MAPF_LNS_MAPF_LNS_SAT_mapf-map_warehouse-20-40-10-2-2_map-_home_max_Documents_PhD_MAPF_LNS_MAPF_LNS_SAT_mapf-scen-even_scen-even_warehouse-20-40-10-2-2-even-3_scen-agents50-idx11-seed42-1783525335143,/home/max/Documents/PhD/MAPF/LNS/MAPF_LNS_SAT/mapf-map/warehouse-20-40-10-2-2.map,/home/max/Documents/PhD/MAPF/LNS/MAPF_LNS_SAT/mapf-scen-even/scen-even/warehouse-20-40-10-2-2-even-3.scen,50,11,42,1,458,5413.363000,986,416,0.000000,0.841000,2.557000,1.998000,0.134350
_home_max_Documents_PhD_MAPF_LNS_MAPF_LNS_SAT_mapf-map_warehouse-20-40-10-2-2_map-_home_max_Documents_PhD_MAPF_LNS_MAPF_LNS_SAT_mapf-scen-even_scen-even_warehouse-20-40-10-2-2-even-3_scen-agents50-idx12-seed42-1783525340654,/home/max/Documents/PhD/MAPF/LNS/MAPF_LNS_SAT/mapf-map/warehouse-20-40-10-2-2.map,/home/max/Documents/PhD/MAPF/LNS/MAPF_LNS_SAT/mapf-scen-even/scen-even/warehouse-20-40-10-2-2-even-3.scen,50,12,42,1,454,5488.713000,1114,474,0.002000,0.871000,1.443000,1.053000,0.113938
_home_max_Documents_PhD_MAPF_LNS_MAPF_LNS_SAT_mapf-map_warehouse-20-40-10-2-2_map-_home_max_Documents_PhD_MAPF_LNS_MAPF_LNS_SAT_mapf-scen-even_scen-even_warehouse-20-40-10-2-2-even-3_scen-agents50-idx13-seed42-1783525346216,/home/max/Documents/PhD/MAPF/LNS/MAPF_LNS_SAT/mapf-map/warehouse-20-40-10-2-2.map,/home/max/Documents/PhD/MAPF/LNS/MAPF_LNS_SAT/mapf-scen-even/scen-even/warehouse-20-40-10-2-2-even-3.scen,50,13,42,1,455,5392.678000,1162,494,0.001000,1.041000,1.645000,1.204000,0.125931
_home_max_Documents_PhD_MAPF_LNS_MAPF_LNS_SAT_mapf-map_warehouse-20-40-10-2-2_map-_home_max_Documents_PhD_MAPF_LNS_MAPF_LNS_SAT_mapf-scen-even_scen-even_warehouse-20-40-10-2-2-even-3_scen-agents50-idx14-seed42-1783525351680,/home/max/Documents/PhD/MAPF/LNS/MAPF_LNS_SAT/mapf-map/warehouse-20-40-10-2-2.map,/home/max/Documents/PhD/MAPF/LNS/MAPF_LNS_SAT/mapf-scen-even/scen-even/warehouse-20-40-10-2-2-even-3.scen,50,14,42,1,455,5456.605000,684,277,0.001000,1.352000,1.895000,1.486000,0.109318
_home_max_Documents_PhD_MAPF_LNS_MAPF_LNS_SAT_mapf-map_warehouse-20-40-10-2-2_map-_home_max_Documents_PhD_MAPF_LNS_MAPF_LNS_SAT_mapf-scen-even_scen-even_warehouse-20-40-10-2-2-even-3_scen-agents50-idx15-seed42-1783525357250,/home/max/Documents/PhD/MAPF/LNS/MAPF_LNS_SAT/mapf-map/warehouse-20-40-10-2-2.map,/home/max/Documents/PhD/MAPF/LNS/MAPF_LNS_SAT/mapf-scen-even/scen-even/warehouse-20-40-10-2-2-even-3.scen,50,15,42,1,446,5293.665000,1125,492,0.000000,0.731000,2.222000,1.753000,0.113486
_home_max_Documents_PhD_MAPF_LNS_MAPF_LNS_SAT_mapf-map_warehouse-20-40-10-2-2_map-_home_max_Documents_PhD_MAPF_LNS_MAPF_LNS_SAT_mapf-scen-even_scen-even_warehouse-20-40-10-2-2-even-3_scen-agents50-idx16-seed42-1783525362660,/home/max/Documents/PhD/MAPF/LNS/MAPF_LNS_SAT/mapf-map/warehouse-20-40-10-2-2.map,/home/max/Documents/PhD/MAPF/LNS/MAPF_LNS_SAT/mapf-scen-even/scen-even/warehouse-20-40-10-2-2-even-3.scen,50,16,42,1,445,5418.543000,2505,733,0.002000,1.728000,2.452000,1.964000,0.181672
_home_max_Documents_PhD_MAPF_LNS_MAPF_LNS_SAT_mapf-map_warehouse-20-40-10-2-2_map-_home_max_Documents_PhD_MAPF_LNS_MAPF_LNS_SAT_mapf-scen-even_scen-even_warehouse-20-40-10-2-2-even-3_scen-agents50-idx17-seed42-1783525368225,/home/max/Documents/PhD/MAPF/LNS/MAPF_LNS_SAT/mapf-map/warehouse-20-40-10-2-2.map,/home/max/Documents/PhD/MAPF/LNS/MAPF_LNS_SAT/mapf-scen-even/scen-even/warehouse-20-40-10-2-2-even-3.scen,50,17,42,1,443,5144.496000,1135,460,0.002000,0.718000,1.807000,1.457000,0.113855
_home_max_Documents_PhD_MAPF_LNS_MAPF_LNS_SAT_mapf-map_warehouse-20-40-10-2-2_map-_home_max_Documents_PhD_MAPF_LNS_MAPF_LNS_SAT_mapf-scen-even_scen-even_warehouse-20-40-10-2-2-even-3_scen-agents50-idx18-seed42-1783525373435,/home/max/Documents/PhD/MAPF/LNS/MAPF_LNS_SAT/mapf-map/warehouse-20-40-10-2-2.map,/home/max/Documents/PhD/MAPF/LNS/MAPF_LNS_SAT/mapf-scen-even/scen-even/warehouse-20-40-10-2-2-even-3.scen,50,18,42,1,388,5128.677000,753,313,0.000000,0.505000,1.322000,0.929000,0.111849
_home_max_Documents_PhD_MAPF_LNS_MAPF_LNS_SAT_mapf-map_warehouse-20-40-10-2-2_map-_home_max_Documents_PhD_MAPF_LNS_MAPF_LNS_SAT_mapf-scen-even_scen-even_warehouse-20-40-10-2-2-even-4_scen-agents50-idx0-seed42-1783525378650,/home/max/Documents/PhD/MAPF/LNS/MAPF_LNS_SAT/mapf-map/warehouse-20-40-10-2-2.map,/home/max/Documents/PhD/MAPF/LNS/MAPF_LNS_SAT/mapf-scen-even/scen-even/warehouse-20-40-10-2-2-even-4.scen,50,0,42,1,453,5666.167000,2537,1025,0.000000,1.433000,3.274000,2.535000,0.240165
_home_max_Documents_PhD_MAPF_LNS_MAPF_LNS_SAT_mapf-map_warehouse-20-40-10-2-2_map-_home_max_Documents_PhD_MAPF_LNS_MAPF_LNS_SAT_mapf-scen-even_scen-even_warehouse-20-40-10-2-2-even-4_scen-agents50-idx1-seed42-1783525384419,/home/max/Documents/PhD/MAPF/LNS/MAPF_LNS_SAT/mapf-map/warehouse-20-40-10-2-2.map,/home/max/Documents/PhD/MAPF/LNS/MAPF_LNS_SAT/mapf-scen-even/scen-even/warehouse-20-40-10-2-2-even-4.scen,50,1,42,1,457,5259.997000,1244,546,0.000000,0.983000,1.646000,1.186000,0.115495
_home_max_Documents_PhD_MAPF_LNS_MAPF_LNS_SAT_mapf-map_warehouse-20-40-10-2-2_map-_home_max_Documents_PhD_MAPF_LNS_MAPF_LNS_SAT_mapf-scen-even_scen-even_warehouse-20-40-10-2-2-even-4_scen-agents50-idx2-seed42-1783525389776,/home/max/Documents/PhD/MAPF/LNS/MAPF_LNS_SAT/mapf-map/warehouse-20-40-10-2-2.map,/home/max/Documents/PhD/MAPF/LNS/MAPF_LNS_SAT/mapf-scen-even/scen-even/warehouse-20-40-10-2-2-even-4.scen,50,2,42,1,464,5434.978000,325,141,0.000000,0.263000,0.795000,0.501000,0.067641
_home_max_Documents_PhD_MAPF_LNS_MAPF_LNS_SAT_mapf-map_warehouse-20-40-10-2-2_map-_home_max_Documents_PhD_MAPF_LNS_MAPF_LNS_SAT_mapf-scen-even_scen-even_warehouse-20-40-10-2-2-even-4_scen-agents50-idx3-seed42-1783525395290,/home/max/Documents/PhD/MAPF/LNS/MAPF_LNS_SAT/mapf-map/warehouse-20-40-10-2-2.map,/home/max/Documents/PhD/MAPF/LNS/MAPF_LNS_SAT/mapf-scen-even/scen-even/warehouse-20-40-10-2-2-even-4.scen,50,3,42,1,453,5278.064000,100,48,0.000000,0.071000,0.708000,0.608000,0.025504
_home_max_Documents_PhD_MAPF_LNS_MAPF_LNS_SAT_mapf-map_warehouse-20-40-10-2-2_map-_home_max_Documents_PhD_MAPF_LNS_MAPF_LNS_SAT_mapf-scen-even_scen-even_warehouse-20-40-10-2-2-even-4_scen-agents50-idx4-seed42-1783525400656,/home/max/Documents/PhD/MAPF/LNS/MAPF_LNS_SAT/mapf-map/warehouse-20-40-10-2-2.map,/home/max/Documents/PhD/MAPF/LNS/MAPF_LNS_SAT/mapf-scen-even/scen-even/warehouse-20-40-10-2-2-even-4.scen,50,4,42,1,433,5121.971000,3638,1042,0.001000,1.677000,3.561000,2.985000,0.203523
_home_max_Documents_PhD_MAPF_LNS_MAPF_LNS_SAT_mapf-map_warehouse-20-40-10-2-2_map-_home_max_Documents_PhD_MAPF_LNS_MAPF_LNS_SAT_mapf-scen-even_scen-even_warehouse-20-40-10-2-2-even-4_scen-agents50-idx5-seed42-1783525405867,/home/max/Documents/PhD/MAPF/LNS/MAPF_LNS_SAT/mapf-map/warehouse-20-40-10-2-2.map,/home/max/Documents/PhD/MAPF/LNS/MAPF_LNS_SAT/mapf-scen-even/scen-even/warehouse-20-40-10-2-2-even-4.scen,50,5,42,1,463,5277.256000,1416,573,0.001000,1.881000,2.387000,1.923000,0.141399
_home_max_Documents_PhD_MAPF_LNS_MAPF_LNS_SAT_mapf-map_warehouse-20-40-10-2-2_map-_home_max_Documents_PhD_MAPF_LNS_MAPF_LNS_SAT_mapf-scen-even_scen-even_warehouse-20-40-10-2-2-even-4_scen-agents50-idx6-seed42-1783525411233,/home/max/Documents/PhD/MAPF/LNS/MAPF_LNS_SAT/mapf-map/warehouse-20-40-10-2-2.map,/home/max/Documents/PhD/MAPF/LNS/MAPF_LNS_SAT/mapf-scen-even/scen-even/warehouse-20-40-10-2-2-even-4.scen,50,6,42,1,442,5026.046000,1008,408,0.004000,1.248000,1.377000,1.004000,0.109172
_home_max_Documents_PhD_MAPF_LNS_MAPF_LNS_SAT_mapf-map_warehouse-20-40-10-2-2_map-_home_max_Documents_PhD_MAPF_LNS_MAPF_LNS_SAT_mapf-scen-even_scen-even_warehouse-20-40-10-2-2-even-4_scen-agents50-idx7-seed42-1783525416344,/home/max/Documents/PhD/MAPF/LNS/MAPF_LNS_SAT/mapf-map/warehouse-20-40-10-2-2.map,/home/max/Documents/PhD/MAPF/LNS/MAPF_LNS_SAT/mapf-scen-even/scen-even/warehouse-20-40-10-2-2-even-4.scen,50,7,42,1,452,5499.636000,658,281,0.001000,0.647000,1.298000,0.877000,0.110533
_home_max_Documents_PhD_MAPF_LNS_MAPF_LNS_SAT_mapf-map_warehouse-20-40-10-2-2_map-_home_max_Documents_PhD_MAPF_LNS_MAPF_LNS_SAT_mapf-scen-even_scen-even_warehouse-20-40-10-2-2-even-4_scen-agents50-idx8-seed42-1783525421962,/home/max/Documents/PhD/MAPF/LNS/MAPF_LNS_SAT/mapf-map/warehouse-20-40-10-2-2.map,/home/max/Documents/PhD/MAPF/LNS/MAPF_LNS_SAT/mapf-scen-even/scen-even/warehouse-20-40-10-2-2-even-4.scen,50,8,42,1,452,5541.643000,1301,530,0.001000,0.789000,2.047000,1.464000,0.168808
_home_max_Documents_PhD_MAPF_LNS_MAPF_LNS_SAT_mapf-map_warehouse-20-40-10-2-2_map-_home_max_Documents_PhD_MAPF_LNS_MAPF_LNS_SAT_mapf-scen-even_scen-even_warehouse-20-40-10-2-2-even-4_scen-agents50-idx9-seed42-1783525427626,/home/max/Documents/PhD/MAPF/LNS/MAPF_LNS_SAT/mapf-map/warehouse-20-40-10-2-2.map,/home/max/Documents/PhD/MAPF/LNS/MAPF_LNS_SAT/mapf-scen-even/scen-even/warehouse-20-40-10-2-2-even-4.scen,50,9,42,1,463,5121.248000,842,351,0.009000,0.601000,1.391000,0.958000,0.106252
_home_max_Documents_PhD_MAPF_LNS_MAPF_LNS_SAT_mapf-map_warehouse-20-40-10-2-2_map-_home_max_Documents_PhD_MAPF_LNS_MAPF_LNS_SAT_mapf-scen-even_scen-even_warehouse-20-40-10-2-2-even-4_scen-agents50-idx10-seed42-1783525432836,/home/max/Documents/PhD/MAPF/LNS/MAPF_LNS_SAT/mapf-map/warehouse-20-40-10-2-2.map,/home/max/Documents/PhD/MAPF/LNS/MAPF_LNS_SAT/mapf-scen-even/scen-even/warehouse-20-40-10-2-2-even-4.scen,50,10,42,1,461,5174.090000,159,65,0.000000,0.130000,0.373000,0.244000,0.035288
_home_max_Documents_PhD_MAPF_LNS_MAPF_LNS_SAT_mapf-map_warehouse-20-40-10-2-2_map-_home_max_Documents_PhD_MAPF_LNS_MAPF_LNS_SAT_mapf-scen-even_scen-even_warehouse-20-40-10-2-2-even-4_scen-agents50-idx11-seed42-1783525438097,/home/max/Documents/PhD/MAPF/LNS/MAPF_LNS_SAT/mapf-map/warehouse-20-40-10-2-2.map,/home/max/Documents/PhD/MAPF/LNS/MAPF_LNS_SAT/mapf-scen-even/scen-even/warehouse-20-40-10-2-2-even-4.scen,50,11,42,1,464,5679.771000,1726,720,0.000000,1.246000,2.192000,1.650000,0.175490
_home_max_Documents_PhD_MAPF_LNS_MAPF_LNS_SAT_mapf-map_warehouse-20-40-10-2-2_map-_home_max_Documents_PhD_MAPF_LNS_MAPF_LNS_SAT_mapf-scen-even_scen-even_warehouse-20-40-10-2-2-even-4_scen-agents50-idx12-seed42-1783525443860,/home/max/Documents/PhD/MAPF/LNS/MAPF_LNS_SAT/mapf-map/warehouse-20-40-10-2-2.map,/home/max/Documents/PhD/MAPF/LNS/MAPF_LNS_SAT/mapf-scen-even/scen-even/warehouse-20-40-10-2-2-even-4.scen,50,12,42,1,450,5312.733000,969,412,0.001000,0.590000,2.235000,1.887000,0.115238
_home_max_Documents_PhD_MAPF_LNS_MAPF_LNS_SAT_mapf-map_warehouse-20-40-10-2-2_map-_home_max_Documents_PhD_MAPF_LNS_MAPF_LNS_SAT_mapf-scen-even_scen-even_warehouse-20-40-10-2-2-even-4_scen-agents50-idx13-seed42-1783525449278,/home/max/Documents/PhD/MAPF/LNS/MAPF_LNS_SAT/mapf-map/warehouse-20-40-10-2-2.map,/home/max/Documents/PhD/MAPF/LNS/MAPF_LNS_SAT/mapf-scen-even/scen-even/warehouse-20-40-10-2-2-even-4.scen,50,13,42,1,396,4985.379000,467,204,0.002000,0.428000,1.213000,0.923000,0.070962
_home_max_Documents_PhD_MAPF_LNS_MAPF_LNS_SAT_mapf-map_warehouse-20-40-10-2-2_map-_home_max_Documents_PhD_MAPF_LNS_MAPF_LNS_SAT_mapf-scen-even_scen-even_warehouse-20-40-10-2-2-even-4_scen-agents50-idx14-seed42-1783525454336,/home/max/Documents/PhD/MAPF/LNS/MAPF_LNS_SAT/mapf-map/warehouse-20-40-10-2-2.map,/home/max/Documents/PhD/MAPF/LNS/MAPF_LNS_SAT/mapf-scen-even/scen-even/warehouse-20-40-10-2-2-even-4.scen,50,14,42,1,437,5279.256000,416,182,0.000000,0.410000,0.747000,0.535000,0.056771
_home_max_Documents_PhD_MAPF_LNS_MAPF_LNS_SAT_mapf-map_warehouse-20-40-10-2-2_map-_home_max_Documents_PhD_MAPF_LNS_MAPF_LNS_SAT_mapf-scen-even_scen-even_warehouse-20-40-10-2-2-even-4_scen-agents50-idx15-seed42-1783525459698,/home/max/Documents/PhD/MAPF/LNS/MAPF_LNS_SAT/mapf-map/warehouse-20-40-10-2-2.map,/home/max/Documents/PhD/MAPF/LNS/MAPF_LNS_SAT/mapf-scen-even/scen-even/warehouse-20-40-10-2-2-even-4.scen,50,15,42,1,464,5291.864000,1454,603,0.000000,1.369000,2.569000,1.856000,0.181724
_home_max_Documents_PhD_MAPF_LNS_MAPF_LNS_SAT_mapf-map_warehouse-20-40-10-2-2_map-_home_max_Documents_PhD_MAPF_LNS_MAPF_LNS_SAT_mapf-scen-even_scen-even_warehouse-20-40-10-2-2-even-4_scen-agents50-idx16-seed42-1783525465057,/home/max/Documents/PhD/MAPF/LNS/MAPF_LNS_SAT/mapf-map/warehouse-20-40-10-2-2.map,/home/max/Documents/PhD/MAPF/LNS/MAPF_LNS_SAT/mapf-scen-even/scen-even/warehouse-20-40-10-2-2-even-4.scen,50,16,42,1,460,5366.577000,1067,442,0.000000,0.745000,2.010000,1.602000,0.117847
_home_max_Documents_PhD_MAPF_LNS_MAPF_LNS_SAT_mapf-map_warehouse-20-40-10-2-2_map-_home_max_Documents_PhD_MAPF_LNS_MAPF_LNS_SAT_mapf-scen-even_scen-even_warehouse-20-40-10-2-2-even-4_scen-agents50-idx17-seed42-1783525470520,/home/max/Documents/PhD/MAPF/LNS/MAPF_LNS_SAT/mapf-map/warehouse-20-40-10-2-2.map,/home/max/Documents/PhD/MAPF/LNS/MAPF_LNS_SAT/mapf-scen-even/scen-even/warehouse-20-40-10-2-2-even-4.scen,50,17,42,1,460,5528.176000,1665,669,0.000000,1.137000,2.118000,1.566000,0.179972
_home_max_Documents_PhD_MAPF_LNS_MAPF_LNS_SAT_mapf-map_warehouse-20-40-10-2-2_map-_home_max_Documents_PhD_MAPF_LNS_MAPF_LNS_SAT_mapf-scen-even_scen-even_warehouse-20-40-10-2-2-even-4_scen-agents50-idx18-seed42-1783525476131,/home/max/Documents/PhD/MAPF/LNS/MAPF_LNS_SAT/mapf-map/warehouse-20-40-10-2-2.map,/home/max/Documents/PhD/MAPF/LNS/MAPF_LNS_SAT/mapf-scen-even/scen-even/warehouse-20-40-10-2-2-even-4.scen,50,18,42,1,449,5697.775000,1062,431,0.002000,0.885000,1.655000,1.186000,0.123117
_home_max_Documents_PhD_MAPF_LNS_MAPF_LNS_SAT_mapf-map_warehouse-20-40-10-2-2_map-_home_max_Documents_PhD_MAPF_LNS_MAPF_LNS_SAT_mapf-scen-even_scen-even_warehouse-20-40-10-2-2-even-4_scen-agents50-idx19-seed42-1783525481949,/home/max/Documents/PhD/MAPF/LNS/MAPF_LNS_SAT/mapf-map/warehouse-20-40-10-2-2.map,/home/max/Documents/PhD/MAPF/LNS/MAPF_LNS_SAT/mapf-scen-even/scen-even/warehouse-20-40-10-2-2-even-4.scen,50,19,42,1,465,5361.403000,1078,444,0.001000,0.875000,2.146000,1.684000,0.149325
_home_max_Documents_PhD_MAPF_LNS_MAPF_LNS_SAT_mapf-map_warehouse-20-40-10-2-2_map-_home_max_Documents_PhD_MAPF_LNS_MAPF_LNS_SAT_mapf-scen-even_scen-even_warehouse-20-40-10-2-2-even-5_scen-agents50-idx0-seed42-1783525487411,/home/max/Documents/PhD/MAPF/LNS/MAPF_LNS_SAT/mapf-map/warehouse-20-40-10-2-2.map,/home/max/Documents/PhD/MAPF/LNS/MAPF_LNS_SAT/mapf-scen-even/scen-even/warehouse-20-40-10-2-2-even-5.scen,50,0,42,1,466,5505.657000,943,395,0.000000,1.184000,1.516000,1.062000,0.119497
_home_max_Documents_PhD_MAPF_LNS_MAPF_LNS_SAT_mapf-map_warehouse-20-40-10-2-2_map-_home_max_Documents_PhD_MAPF_LNS_MAPF_LNS_SAT_mapf-scen-even_scen-even_warehouse-20-40-10-2-2-even-5_scen-agents50-idx1-seed42-1783525493026,/home/max/Documents/PhD/MAPF/LNS/MAPF_LNS_SAT/mapf-map/warehouse-20-40-10-2-2.map,/home/max/Documents/PhD/MAPF/LNS/MAPF_LNS_SAT/mapf-scen-even/scen-even/warehouse-20-40-10-2-2-even-5.scen,50,1,42,1,480,5082.906000,888,342,0.000000,0.691000,1.775000,1.499000,0.094440
_home_max_Documents_PhD_MAPF_LNS_MAPF_LNS_SAT_mapf-map_warehouse-20-40-10-2-2_map-_home_max_Documents_PhD_MAPF_LNS_MAPF_LNS_SAT_mapf-scen-even_scen-even_warehouse-20-40-10-2-2-even-5_scen-agents50-idx2-seed42-1783525498240,/home/max/Documents/PhD/MAPF/LNS/MAPF_LNS_SAT/mapf-map/warehouse-20-40-10-2-2.map,/home/max/Documents/PhD/MAPF/LNS/MAPF_LNS_SAT/mapf-scen-even/scen-even/warehouse-20-40-10-2-2-even-5.scen,50,2,42,1,416,5086.135000,707,296,0.000000,0.447000,1.348000,1.060000,0.083044
_home_max_Documents_PhD_MAPF_LNS_MAPF_LNS_SAT_mapf-map_warehouse-20-40-10-2-2_map-_home_max_Documents_PhD_MAPF_LNS_MAPF_LNS_SAT_mapf-scen-even_scen-even_warehouse-20-40-10-2-2-even-5_scen-agents50-idx3-seed42-1783525503399,/home/max/Documents/PhD/MAPF/LNS/MAPF_LNS_SAT/mapf-map/warehouse-20-40-10-2-2.map,/home/max/Documents/PhD/MAPF/LNS/MAPF_LNS_SAT/mapf-scen-even/scen-even/warehouse-20-40-10-2-2-even-5.scen,50,3,42,1,469,5059.907000,920,369,0.001000,0.616000,1.897000,1.463000,0.110943
_home_max_Documents_PhD_MAPF_LNS_MAPF_LNS_SAT_mapf-map_warehouse-20-40-10-2-2_map-_home_max_Documents_PhD_MAPF_LNS_MAPF_LNS_SAT_mapf-scen-even_scen-even_warehouse-20-40-10-2-2-even-5_scen-agents50-idx4-seed42-1783525508569,/home/max/Documents/PhD/MAPF/LNS/MAPF_LNS_SAT/mapf-map/warehouse-20-40-10-2-2.map,/home/max/Documents/PhD/MAPF/LNS/MAPF_LNS_SAT/mapf-scen-even/scen-even/warehouse-20-40-10-2-2-even-5.scen,50,4,42,1,472,5872.629000,1284,546,0.001000,1.168000,3.082000,2.385000,0.201639
_home_max_Documents_PhD_MAPF_LNS_MAPF_LNS_SAT_mapf-map_warehouse-20-40-10-2-2_map-_home_max_Documents_PhD_MAPF_LNS_MAPF_LNS_SAT_mapf-scen-even_scen-even_warehouse-20-40-10-2-2-even-5_scen-agents50-idx5-seed42-1783525514532,/home/max/Documents/PhD/MAPF/LNS/MAPF_LNS_SAT/mapf-map/warehouse-20-40-10-2-2.map,/home/max/Documents/PhD/MAPF/LNS/MAPF_LNS_SAT/mapf-scen-even/scen-even/warehouse-20-40-10-2-2-even-5.scen,50,5,42,1,482,5200.226000,982,410,0.001000,3.071000,1.907000,1.577000,0.121713
_home_max_Documents_PhD_MAPF_LNS_MAPF_LNS_SAT_mapf-map_warehouse-20-40-10-2-2_map-_home_max_Documents_PhD_MAPF_LNS_MAPF_LNS_SAT_mapf-scen-even_scen-even_warehouse-20-40-10-2-2-even-5_scen-agents50-idx6-seed42-1783525519849,/home/max/Documents/PhD/MAPF/LNS/MAPF_LNS_SAT/mapf-map/warehouse-20-40-10-2-2.map,/home/max/Documents/PhD/MAPF/LNS/MAPF_LNS_SAT/mapf-scen-even/scen-even/warehouse-20-40-10-2-2-even-5.scen,50,6,42,1,484,6232.760000,2763,1116,0.000000,1.869000,4.102000,3.279000,0.273488
_home_max_Documents_PhD_MAPF_LNS_MAPF_LNS_SAT_mapf-map_warehouse-20-40-10-2-2_map-_home_max_Documents_PhD_MAPF_LNS_MAPF_LNS_SAT_mapf-scen-even_scen-even_warehouse-20-40-10-2-2-even-5_scen-agents50-idx7-seed42-1783525526163,/home/max/Documents/PhD/MAPF/LNS/MAPF_LNS_SAT/mapf-map/warehouse-20-40-10-2-2.map,/home/max/Documents/PhD/MAPF/LNS/MAPF_LNS_SAT/mapf-scen-even/scen-even/warehouse-20-40-10-2-2-even-5.scen,50,7,42,1,487,5815.675000,975,400,0.001000,0.739000,1.612000,1.159000,0.129175
_home_max_Documents_PhD_MAPF_LNS_MAPF_LNS_SAT_mapf-map_warehouse-20-40-10-2-2_map-_home_max_Documents_PhD_MAPF_LNS_MAPF_LNS_SAT_mapf-scen-even_scen-even_warehouse-20-40-10-2-2-even-5_scen-agents50-idx8-seed42-1783525532084,/home/max/Documents/PhD/MAPF/LNS/MAPF_LNS_SAT/mapf-map/warehouse-20-40-10-2-2.map,/home/max/Documents/PhD/MAPF/LNS/MAPF_LNS_SAT/mapf-scen-even/scen-even/warehouse-20-40-10-2-2-even-5.scen,50,8,42,1,480,5610.659000,691,289,0.000000,0.483000,1.154000,0.809000,0.089478
_home_max_Documents_PhD_MAPF_LNS_MAPF_LNS_SAT_mapf-map_warehouse-20-40-10-2-2_map-_home_max_Documents_PhD_MAPF_LNS_MAPF_LNS_SAT_mapf-scen-even_scen-even_warehouse-20-40-10-2-2-even-5_scen-agents50-idx9-seed42-1783525537797,/home/max/Documents/PhD/MAPF/LNS/MAPF_LNS_SAT/mapf-map/warehouse-20-40-10-2-2.map,/home/max/Documents/PhD/MAPF/LNS/MAPF_LNS_SAT/mapf-scen-even/scen-even/warehouse-20-40-10-2-2-even-5.scen,50,9,42,1,477,5592.082000,1456,581,0.000000,0.973000,2.236000,1.590000,0.180498
_home_max_Documents_PhD_MAPF_LNS_MAPF_LNS_SAT_mapf-map_warehouse-20-40-10-2-2_map-_home_max_Documents_PhD_MAPF_LNS_MAPF_LNS_SAT_mapf-scen-even_scen-even_warehouse-20-40-10-2-2-even-5_scen-agents50-idx10-seed42-1783525543512,/home/max/Documents/PhD/MAPF/LNS/MAPF_LNS_SAT/mapf-map/warehouse-20-40-10-2-2.map,/home/max/Documents/PhD/MAPF/LNS/MAPF_LNS_SAT/mapf-scen-even/scen-even/warehouse-20-40-10-2-2-even-5.scen,50,10,42,1,477,5063.768000,586,263,0.001000,0.452000,1.163000,0.792000,0.104653
_home_max_Documents_PhD_MAPF_LNS_MAPF_LNS_SAT_mapf-map_warehouse-20-40-10-2-2_map-_home_max_Documents_PhD_MAPF_LNS_MAPF_LNS_SAT_mapf-scen-even_scen-even_warehouse-20-40-10-2-2-even-5_scen-agents50-idx11-seed42-1783525548676,/home/max/Documents/PhD/MAPF/LNS/MAPF_LNS_SAT/mapf-map/warehouse-20-40-10-2-2.map,/home/max/Documents/PhD/MAPF/LNS/MAPF_LNS_SAT/mapf-scen-even/scen-even/warehouse-20-40-10-2-2-even-5.scen,50,11,42,1,483,5133.100000,396,170,0.000000,0.302000,0.892000,0.586000,0.070738
_home_max_Documents_PhD_MAPF_LNS_MAPF_LNS_SAT_mapf-map_warehouse-20-40-10-2-2_map-_home_max_Documents_PhD_MAPF_LNS_MAPF_LNS_SAT_mapf-scen-even_scen-even_warehouse-20-40-10-2-2-even-5_scen-agents50-idx12-seed42-1783525553942,/home/max/Documents/PhD/MAPF/LNS/MAPF_LNS_SAT/mapf-map/warehouse-20-40-10-2-2.map,/home/max/Documents/PhD/MAPF/LNS/MAPF_LNS_SAT/mapf-scen-even/scen-even/warehouse-20-40-10-2-2-even-5.scen,50,12,42,1,486,5719.771000,1315,525,0.000000,1.260000,2.530000,2.068000,0.144081
_home_max_Documents_PhD_MAPF_LNS_MAPF_LNS_SAT_mapf-map_warehouse-20-40-10-2-2_map-_home_max_Documents_PhD_MAPF_LNS_MAPF_LNS_SAT_mapf-scen-even_scen-even_warehouse-20-40-10-2-2-even-5_scen-agents50-idx13-seed42-1783525559755,/home/max/Documents/PhD/MAPF/LNS/MAPF_LNS_SAT/mapf-map/warehouse-20-40-10-2-2.map,/home/max/Documents/PhD/MAPF/LNS/MAPF_LNS_SAT/mapf-scen-even/scen-even/warehouse-20-40-10-2-2-even-5.scen,50,13,42,1,482,5992.319000,1242,523,0.004000,0.823000,1.870000,1.306000,0.160010
_home_max_Documents_PhD_MAPF_LNS_MAPF_LNS_SAT_mapf-map_warehouse-20-40-10-2-2_map-_home_max_Documents_PhD_MAPF_LNS_MAPF_LNS_SAT_mapf-scen-even_scen-even_warehouse-20-40-10-2-2-even-5_scen-agents50-idx14-seed42-1783525565816,/home/max/Documents/PhD/MAPF/LNS/MAPF_LNS_SAT/mapf-map/warehouse-20-40-10-2-2.map,/home/max/Documents/PhD/MAPF/LNS/MAPF_LNS_SAT/mapf-scen-even/scen-even/warehouse-20-40-10-2-2-even-5.scen,50,14,42,1,485,5745.497000,903,398,0.000000,0.617000,1.556000,1.091000,0.131699
_home_max_Documents_PhD_MAPF_LNS_MAPF_LNS_SAT_mapf-map_warehouse-20-40-10-2-2_map-_home_max_Documents_PhD_MAPF_LNS_MAPF_LNS_SAT_mapf-scen-even_scen-even_warehouse-20-40-10-2-2-even-5_scen-agents50-idx15-seed42-1783525571686,/home/max/Documents/PhD/MAPF/LNS/MAPF_LNS_SAT/mapf-map/warehouse-20-40-10-2-2.map,/home/max/Documents/PhD/MAPF/LNS/MAPF_LNS_SAT/mapf-scen-even/scen-even/warehouse-20-40-10-2-2-even-5.scen,50,15,42,1,469,5561.874000,939,398,0.001000,0.858000,2.544000,2.014000,0.119948
_home_max_Documents_PhD_MAPF_LNS_MAPF_LNS_SAT_mapf-map_warehouse-20-40-10-2-2_map-_home_max_Documents_PhD_MAPF_LNS_MAPF_LNS_SAT_mapf-scen-even_scen-even_warehouse-20-40-10-2-2-even-5_scen-agents50-idx16-seed42-1783525577350,/home/max/Documents/PhD/MAPF/LNS/MAPF_LNS_SAT/mapf-map/warehouse-20-40-10-2-2.map,/home/max/Documents/PhD/MAPF/LNS/MAPF_LNS_SAT/mapf-scen-even/scen-even/warehouse-20-40-10-2-2-even-5.scen,50,16,42,1,486,5944.111000,2514,1004,0.001000,1.724000,3.863000,2.988000,0.269691
_home_max_Documents_PhD_MAPF_LNS_MAPF_LNS_SAT_mapf-map_warehouse-20-40-10-2-2_map-_home_max_Documents_PhD_MAPF_LNS_MAPF_LNS_SAT_mapf-scen-even_scen-even_warehouse-20-40-10-2-2-even-5_scen-agents50-idx17-seed42-1783525583415,/home/max/Documents/PhD/MAPF/LNS/MAPF_LNS_SAT/mapf-map/warehouse-20-40-10-2-2.map,/home/max/Documents/PhD/MAPF/LNS/MAPF_LNS_SAT/mapf-scen-even/scen-even/warehouse-20-40-10-2-2-even-5.scen,50,17,42,1,483,5279.301000,742,307,0.001000,0.525000,1.772000,1.482000,0.097005
_home_max_Documents_PhD_MAPF_LNS_MAPF_LNS_SAT_mapf-map_warehouse-20-40-10-2-2_map-_home_max_Documents_PhD_MAPF_LNS_MAPF_LNS_SAT_mapf-scen-even_scen-even_warehouse-20-40-10-2-2-even-5_scen-agents50-idx18-seed42-1783525588776,/home/max/Documents/PhD/MAPF/LNS/MAPF_LNS_SAT/mapf-map/warehouse-20-40-10-2-2.map,/home/max/Documents/PhD/MAPF/LNS/MAPF_LNS_SAT/mapf-scen-even/scen-even/warehouse-20-40-10-2-2-even-5.scen,50,18,42,1,481,5945.455000,1145,460,0.004000,0.829000,2.556000,2.043000,0.142273
_home_max_Documents_PhD_MAPF_LNS_MAPF_LNS_SAT_mapf-map_warehouse-20-40-10-2-2_map-_home_max_Documents_PhD_MAPF_LNS_MAPF_LNS_SAT_mapf-scen-even_scen-even_warehouse-20-40-10-2-2-even-5_scen-agents50-idx19-seed42-1783525594845,/home/max/Documents/PhD/MAPF/LNS/MAPF_LNS_SAT/mapf-map/warehouse-20-40-10-2-2.map,/home/max/Documents/PhD/MAPF/LNS/MAPF_LNS_SAT/mapf-scen-even/scen-even/warehouse-20-40-10-2-2-even-5.scen,50,19,42,1,483,5956.167000,1351,566,0.008000,1.418000,2.931000,2.064000,0.207555
_home_max_Documents_PhD_MAPF_LNS_MAPF_LNS_SAT_mapf-map_warehouse-20-40-10-2-2_map-_home_max_Documents_PhD_MAPF_LNS_MAPF_LNS_SAT_mapf-scen-even_scen-even_warehouse-20-40-10-2-2-even-6_scen-agents50-idx0-seed42-1783525600909,/home/max/Documents/PhD/MAPF/LNS/MAPF_LNS_SAT/mapf-map/warehouse-20-40-10-2-2.map,/home/max/Documents/PhD/MAPF/LNS/MAPF_LNS_SAT/mapf-scen-even/scen-even/warehouse-20-40-10-2-2-even-6.scen,50,0,42,1,422,4880.563000,929,370,0.001000,2.111000,1.218000,0.890000,0.101826
_home_max_Documents_PhD_MAPF_LNS_MAPF_LNS_SAT_mapf-map_warehouse-20-40-10-2-2_map-_home_max_Documents_PhD_MAPF_LNS_MAPF_LNS_SAT_mapf-scen-even_scen-even_warehouse-20-40-10-2-2-even-1_scen-agents100-idx0-seed42-1783525605924,/home/max/Documents/PhD/MAPF/LNS/MAPF_LNS_SAT/mapf-map/warehouse-20-40-10-2-2.map,/home/max/Documents/PhD/MAPF/LNS/MAPF_LNS_SAT/mapf-scen-even/scen-even/warehouse-20-40-10-2-2-even-1.scen,100,0,42,1,450,12057.890000,4279,1714,0.002000,2.664000,6.424000,4.745000,0.503936
_home_max_Documents_PhD_MAPF_LNS_MAPF_LNS_SAT_mapf-map_warehouse-20-40-10-2-2_map-_home_max_Documents_PhD_MAPF_LNS_MAPF_LNS_SAT_mapf-scen-even_scen-even_warehouse-20-40-10-2-2-even-1_scen-agents100-idx1-seed42-1783525618155,/home/max/Documents/PhD/MAPF/LNS/MAPF_LNS_SAT/mapf-map/warehouse-20-40-10-2-2.map,/home/max/Documents/PhD/MAPF/LNS/MAPF_LNS_SAT/mapf-scen-even/scen-even/warehouse-20-40-10-2-2-even-1.scen,100,1,42,1,460,12276.664000,2780,1163,0.010000,2.038000,5.156000,3.646000,0.403627
_home_max_Documents_PhD_MAPF_LNS_MAPF_LNS_SAT_mapf-map_warehouse-20-40-10-2-2_map-_home_max_Documents_PhD_MAPF_LNS_MAPF_LNS_SAT_mapf-scen-even_scen-even_warehouse-20-40-10-2-2-even-1_scen-agents100-idx2-seed42-1783525630590,/home/max/Documents/PhD/MAPF/LNS/MAPF_LNS_SAT/mapf-map/warehouse-20-40-10-2-2.map,/home/max/Documents/PhD/MAPF/LNS/MAPF_LNS_SAT/mapf-scen-even/scen-even/warehouse-20-40-10-2-2-even-1.scen,100,2,42,1,460,12231.708000,3782,1602,0.013000,2.786000,6.279000,4.531000,0.497608
_home_max_Documents_PhD_MAPF_LNS_MAPF_LNS_SAT_mapf-map_warehouse-20-40-10-2-2_map-_home_max_Documents_PhD_MAPF_LNS_MAPF_LNS_SAT_mapf-scen-even_scen-even_warehouse-20-40-10-2-2-even-1_scen-agents100-idx3-seed42-1783525642970,/home/max/Documents/PhD/MAPF/LNS/MAPF_LNS_SAT/mapf-map/warehouse-20-40-10-2-2.map,/home/max/Documents/PhD/MAPF/LNS/MAPF_LNS_SAT/mapf-scen-even/scen-even/warehouse-20-40-10-2-2-even-1.scen,100,3,42,1,466,12558.000000,5920,2380,0.002000,3.930000,8.750000,6.494000,0.739435
_home_max_Documents_PhD_MAPF_LNS_MAPF_LNS_SAT_mapf-map_warehouse-20-40-10-2-2_map-_home_max_Documents_PhD_MAPF_LNS_MAPF_LNS_SAT_mapf-scen-even_scen-even_warehouse-20-40-10-2-2-even-1_scen-agents100-idx4-seed42-1783525655700,/home/max/Documents/PhD/MAPF/LNS/MAPF_LNS_SAT/mapf-map/warehouse-20-40-10-2-2.map,/home/max/Documents/PhD/MAPF/LNS/MAPF_LNS_SAT/mapf-scen-even/scen-even/warehouse-20-40-10-2-2-even-1.scen,100,4,42,1,447,11705.775000,4180,1744,0.000000,2.785000,6.119000,4.582000,0.453392
_home_max_Documents_PhD_MAPF_LNS_MAPF_LNS_SAT_mapf-map_warehouse-20-40-10-2-2_map-_home_max_Documents_PhD_MAPF_LNS_MAPF_LNS_SAT_mapf-scen-even_scen-even_warehouse-20-40-10-2-2-even-1_scen-agents100-idx5-seed42-1783525667583,/home/max/Documents/PhD/MAPF/LNS/MAPF_LNS_SAT/mapf-map/warehouse-20-40-10-2-2.map,/home/max/Documents/PhD/MAPF/LNS/MAPF_LNS_SAT/mapf-scen-even/scen-even/warehouse-20-40-10-2-2-even-1.scen,100,5,42,1,454,12424.993000,6181,2533,0.004000,3.529000,8.210000,6.100000,0.668535
_home_max_Documents_PhD_MAPF_LNS_MAPF_LNS_SAT_mapf-map_warehouse-20-40-10-2-2_map-_home_max_Documents_PhD_MAPF_LNS_MAPF_LNS_SAT_mapf-scen-even_scen-even_warehouse-20-40-10-2-2-even-1_scen-agents100-idx6-seed42-1783525680158,/home/max/Documents/PhD/MAPF/LNS/MAPF_LNS_SAT/mapf-map/warehouse-20-40-10-2-2.map,/home/max/Documents/PhD/MAPF/LNS/MAPF_LNS_SAT/mapf-scen-even/scen-even/warehouse-20-40-10-2-2-even-1.scen,100,6,42,1,462,12092.438000,5992,2128,0.004000,3.511000,7.311000,5.495000,0.624176
_home_max_Documents_PhD_MAPF_LNS_MAPF_LNS_SAT_mapf-map_warehouse-20-40-10-2-2_map-_home_max_Documents_PhD_MAPF_LNS_MAPF_LNS_SAT_mapf-scen-even_scen-even_warehouse-20-40-10-2-2-even-1_scen-agents100-idx7-seed42-1783525692432,/home/max/Documents/PhD/MAPF/LNS/MAPF_LNS_SAT/mapf-map/warehouse-20-40-10-2-2.map,/home/max/Documents/PhD/MAPF/LNS/MAPF_LNS_SAT/mapf-scen-even/scen-even/warehouse-20-40-10-2-2-even-1.scen,100,7,42,1,465,11640.968000,3805,1551,0.004000,2.373000,5.350000,3.886000,0.433920
_home_max_Documents_PhD_MAPF_LNS_MAPF_LNS_SAT_mapf-map_warehouse-20-40-10-2-2_map-_home_max_Documents_PhD_MAPF_LNS_MAPF_LNS_SAT_mapf-scen-even_scen-even_warehouse-20-40-10-2-2-even-1_scen-agents100-idx8-seed42-1783525704258,/home/max/Documents/PhD/MAPF/LNS/MAPF_LNS_SAT/mapf-map/warehouse-20-40-10-2-2.map,/home/max/Documents/PhD/MAPF/LNS/MAPF_LNS_SAT/mapf-scen-even/scen-even/warehouse-20-40-10-2-2-even-1.scen,100,8,42,1,462,12257.991000,4042,1645,0.012000,2.835000,5.930000,4.248000,0.488772
_home_max_Documents_PhD_MAPF_LNS_MAPF_LNS_SAT_mapf-map_warehouse-20-40-10-2-2_map-_home_max_Documents_PhD_MAPF_LNS_MAPF_LNS_SAT_mapf-scen-even_scen-even_warehouse-20-40-10-2-2-even-1_scen-agents100-idx9-seed42-1783525716687,/home/max/Documents/PhD/MAPF/LNS/MAPF_LNS_SAT/mapf-map/warehouse-20-40-10-2-2.map,/home/max/Documents/PhD/MAPF/LNS/MAPF_LNS_SAT/mapf-scen-even/scen-even/warehouse-20-40-10-2-2-even-1.scen,100,9,42,1,464,11369.170000,2717,1141,0.000000,1.817000,4.126000,3.093000,0.306745
_home_max_Documents_PhD_MAPF_LNS_MAPF_LNS_SAT_mapf-map_warehouse-20-40-10-2-2_map-_home_max_Documents_PhD_MAPF_LNS_MAPF_LNS_SAT_mapf-scen-even_scen-even_warehouse-20-40-10-2-2-even-2_scen-agents100-idx0-seed42-1783525728212,/home/max/Documents/PhD/MAPF/LNS/MAPF_LNS_SAT/mapf-map/warehouse-20-40-10-2-2.map,/home/max/Documents/PhD/MAPF/LNS/MAPF_LNS_SAT/mapf-scen-even/scen-even/warehouse-20-40-10-2-2-even-2.scen,100,0,42,1,465,11993.184000,4188,1700,0.000000,2.520000,5.816000,4.262000,0.507187
_home_max_Documents_PhD_MAPF_LNS_MAPF_LNS_SAT_mapf-map_warehouse-20-40-10-2-2_map-_home_max_Documents_PhD_MAPF_LNS_MAPF_LNS_SAT_mapf-scen-even_scen-even_warehouse-20-40-10-2-2-even-2_scen-agents100-idx1-seed42-1783525740338,/home/max/Documents/PhD/MAPF/LNS/MAPF_LNS_SAT/mapf-map/warehouse-20-40-10-2-2.map,/home/max/Documents/PhD/MAPF/LNS/MAPF_LNS_SAT/mapf-scen-even/scen-even/warehouse-20-40-10-2-2-even-2.scen,100,1,42,1,465,12694.851000,4931,2019,0.001000,3.113000,7.305000,5.508000,0.547911
_home_max_Documents_PhD_MAPF_LNS_MAPF_LNS_SAT_mapf-map_warehouse-20-40-10-2-2_map-_home_max_Documents_PhD_MAPF_LNS_MAPF_LNS_SAT_mapf-scen-even_scen-even_warehouse-20-40-10-2-2-even-2_scen-agents100-idx2-seed42-1783525753167,/home/max/Documents/PhD/MAPF/LNS/MAPF_LNS_SAT/mapf-map/warehouse-20-40-10-2-2.map,/home/max/Documents/PhD/MAPF/LNS/MAPF_LNS_SAT/mapf-scen-even/scen-even/warehouse-20-40-10-2-2-even-2.scen,100,2,42,1,460,12891.383000,4889,1942,0.030000,6.014000,7.838000,5.734000,0.711675
_home_max_Documents_PhD_MAPF_LNS_MAPF_LNS_SAT_mapf-map_warehouse-20-40-10-2-2_map-_home_max_Documents_PhD_MAPF_LNS_MAPF_LNS_SAT_mapf-scen-even_scen-even_warehouse-20-40-10-2-2-even-2_scen-agents100-idx3-seed42-1783525766251,/home/max/Documents/PhD/MAPF/LNS/MAPF_LNS_SAT/mapf-map/warehouse-20-40-10-2-2.map,/home/max/Documents/PhD/MAPF/LNS/MAPF_LNS_SAT/mapf-scen-even/scen-even/warehouse-20-40-10-2-2-even-2.scen,100,3,42,1,452,11751.554000,5021,1959,0.003000,3.017000,6.471000,4.931000,0.457905
_home_max_Documents_PhD_MAPF_LNS_MAPF_LNS_SAT_mapf-map_warehouse-20-40-10-2-2_map-_home_max_Documents_PhD_MAPF_LNS_MAPF_LNS_SAT_mapf-scen-even_scen-even_warehouse-20-40-10-2-2-even-2_scen-agents100-idx4-seed42-1783525778129,/home/max/Documents/PhD/MAPF/LNS/MAPF_LNS_SAT/mapf-map/warehouse-20-40-10-2-2.map,/home/max/Documents/PhD/MAPF/LNS/MAPF_LNS_SAT/mapf-scen-even/scen-even/warehouse-20-40-10-2-2-even-2.scen,100,4,42,1,464,12075.361000,5357,2137,0.000000,3.332000,7.361000,5.474000,0.577529
_home_max_Documents_PhD_MAPF_LNS_MAPF_LNS_SAT_mapf-map_warehouse-20-40-10-2-2_map-_home_max_Documents_PhD_MAPF_LNS_MAPF_LNS_SAT_mapf-scen-even_scen-even_warehouse-20-40-10-2-2-even-2_scen-agents100-idx5-seed42-1783525790376,/home/max/Documents/PhD/MAPF/LNS/MAPF_LNS_SAT/mapf-map/warehouse-20-40-10-2-2.map,/home/max/Documents/PhD/MAPF/LNS/MAPF_LNS_SAT/mapf-scen-even/scen-even/warehouse-20-40-10-2-2-even-2.scen,100,5,42,1,462,11318.189000,4669,1603,0.004000,2.497000,5.724000,4.466000,0.438208
_home_max_Documents_PhD_MAPF_LNS_MAPF_LNS_SAT_mapf-map_warehouse-20-40-10-2-2_map-_home_max_Documents_PhD_MAPF_LNS_MAPF_LNS_SAT_mapf-scen-even_scen-even_warehouse-20-40-10-2-2-even-2_scen-agents100-idx6-seed42-1783525801865,/home/max/Documents/PhD/MAPF/LNS/MAPF_LNS_SAT/mapf-map/warehouse-20-40-10-2-2.map,/home/max/Documents/PhD/MAPF/LNS/MAPF_LNS_SAT/mapf-scen-even/scen-even/warehouse-20-40-10-2-2-even-2.scen,100,6,42,1,462,11608.989000,5102,1877,0.003000,3.306000,6.303000,4.806000,0.524028
_home_max_Documents_PhD_MAPF_LNS_MAPF_LNS_SAT_mapf-map_warehouse-20-40-10-2-2_map-_home_max_Documents_PhD_MAPF_LNS_MAPF_LNS_SAT_mapf-scen-even_scen-even_warehouse-20-40-10-2-2-even-2_scen-agents100-idx7-seed42-1783525813652,/home/max/Documents/PhD/MAPF/LNS/MAPF_LNS_SAT/mapf-map/warehouse-20-40-10-2-2.map,/home/max/Documents/PhD/MAPF/LNS/MAPF_LNS_SAT/mapf-scen-even/scen-even/warehouse-20-40-10-2-2-even-2.scen,100,7,42,1,472,11436.877000,6286,2396,0.005000,3.746000,7.219000,5.508000,0.594828
_home_max_Documents_PhD_MAPF_LNS_MAPF_LNS_SAT_mapf-map_warehouse-20-40-10-2-2_map-_home_max_Documents_PhD_MAPF_LNS_MAPF_LNS_SAT_mapf-scen-even_scen-even_warehouse-20-40-10-2-2-even-2_scen-agents100-idx8-seed42-1783525825226,/home/max/Documents/PhD/MAPF/LNS/MAPF_LNS_SAT/mapf-map/warehouse-20-40-10-2-2.map,/home/max/Documents/PhD/MAPF/LNS/MAPF_LNS_SAT/mapf-scen-even/scen-even/warehouse-20-40-10-2-2-even-2.scen,100,8,42,1,467,12217.126000,5359,2208,0.006000,3.758000,8.311000,6.105000,0.634806
_home_max_Documents_PhD_MAPF_LNS_MAPF_LNS_SAT_mapf-map_warehouse-20-40-10-2-2_map-_home_max_Documents_PhD_MAPF_LNS_MAPF_LNS_SAT_mapf-scen-even_scen-even_warehouse-20-40-10-2-2-even-2_scen-agents100-idx9-seed42-1783525837605,/home/max/Documents/PhD/MAPF/LNS/MAPF_LNS_SAT/mapf-map/warehouse-20-40-10-2-2.map,/home/max/Documents/PhD/MAPF/LNS/MAPF_LNS_SAT/mapf-scen-even/scen-even/warehouse-20-40-10-2-2-even-2.scen,100,9,42,1,465,11498.838000,4658,1889,0.005000,3.143000,6.853000,5.096000,0.551672
_home_max_Documents_PhD_MAPF_LNS_MAPF_LNS_SAT_mapf-map_warehouse-20-40-10-2-2_map-_home_max_Documents_PhD_MAPF_LNS_MAPF_LNS_SAT_mapf-scen-even_scen-even_warehouse-20-40-10-2-2-even-3_scen-agents100-idx0-seed42-1783525849282,/home/max/Documents/PhD/MAPF/LNS/MAPF_LNS_SAT/mapf-map/warehouse-20-40-10-2-2.map,/home/max/Documents/PhD/MAPF/LNS/MAPF_LNS_SAT/mapf-scen-even/scen-even/warehouse-20-40-10-2-2-even-3.scen,100,0,42,1,448,11896.784000,4372,1838,0.007000,2.937000,6.779000,4.988000,0.523804
_home_max_Documents_PhD_MAPF_LNS_MAPF_LNS_SAT_mapf-map_warehouse-20-40-10-2-2_map-_home_max_Documents_PhD_MAPF_LNS_MAPF_LNS_SAT_mapf-scen-even_scen-even_warehouse-20-40-10-2-2-even-3_scen-agents100-idx1-seed42-1783525861364,/home/max/Documents/PhD/MAPF/LNS/MAPF_LNS_SAT/mapf-map/warehouse-20-40-10-2-2.map,/home/max/Documents/PhD/MAPF/LNS/MAPF_LNS_SAT/mapf-scen-even/scen-even/warehouse-20-40-10-2-2-even-3.scen,100,1,42,1,457,11545.550000,4315,1693,0.001000,2.698000,5.498000,4.069000,0.426151
_home_max_Documents_PhD_MAPF_LNS_MAPF_LNS_SAT_mapf-map_warehouse-20-40-10-2-2_map-_home_max_Documents_PhD_MAPF_LNS_MAPF_LNS_SAT_mapf-scen-even_scen-even_warehouse-20-40-10-2-2-even-3_scen-agents100-idx2-seed42-1783525873044,/home/max/Documents/PhD/MAPF/LNS/MAPF_LNS_SAT/mapf-map/warehouse-20-40-10-2-2.map,/home/max/Documents/PhD/MAPF/LNS/MAPF_LNS_SAT/mapf-scen-even/scen-even/warehouse-20-40-10-2-2-even-3.scen,100,2,42,1,454,11799.063000,4014,1677,0.008000,3.077000,6.316000,4.519000,0.539477
_home_max_Documents_PhD_MAPF_LNS_MAPF_LNS_SAT_mapf-map_warehouse-20-40-10-2-2_map-_home_max_Documents_PhD_MAPF_LNS_MAPF_LNS_SAT_mapf-scen-even_scen-even_warehouse-20-40-10-2-2-even-3_scen-agents100-idx3-seed42-1783525884972,/home/max/Documents/PhD/MAPF/LNS/MAPF_LNS_SAT/mapf-map/warehouse-20-40-10-2-2.map,/home/max/Documents/PhD/MAPF/LNS/MAPF_LNS_SAT/mapf-scen-even/scen-even/warehouse-20-40-10-2-2-even-3.scen,100,3,42,1,444,12590.827000,5355,2220,0.008000,3.918000,8.096000,6.020000,0.647732
_home_max_Documents_PhD_MAPF_LNS_MAPF_LNS_SAT_mapf-map_warehouse-20-40-10-2-2_map-_home_max_Documents_PhD_MAPF_LNS_MAPF_LNS_SAT_mapf-scen-even_scen-even_warehouse-20-40-10-2-2-even-3_scen-agents100-idx4-seed42-1783525897701,/home/max/Documents/PhD/MAPF/LNS/MAPF_LNS_SAT/mapf-map/warehouse-20-40-10-2-2.map,/home/max/Documents/PhD/MAPF/LNS/MAPF_LNS_SAT/mapf-scen-even/scen-even/warehouse-20-40-10-2-2-even-3.scen,100,4,42,1,458,11858.887000,4581,1889,0.011000,3.114000,7.062000,5.187000,0.579280
_home_max_Documents_PhD_MAPF_LNS_MAPF_LNS_SAT_mapf-map_warehouse-20-40-10-2-2_map-_home_max_Documents_PhD_MAPF_LNS_MAPF_LNS_SAT_mapf-scen-even_scen-even_warehouse-20-40-10-2-2-even-3_scen-agents100-idx5-seed42-1783525909731,/home/max/Documents/PhD/MAPF/LNS/MAPF_LNS_SAT/mapf-map/warehouse-20-40-10-2-2.map,/home/max/Documents/PhD/MAPF/LNS/MAPF_LNS_SAT/mapf-scen-even/scen-even/warehouse-20-40-10-2-2-even-3.scen,100,5,42,1,458,11703.737000,4311,1757,0.004000,2.883000,6.690000,5.015000,0.513752
_home_max_Documents_PhD_MAPF_LNS_MAPF_LNS_SAT_mapf-map_warehouse-20-40-10-2-2_map-_home_max_Documents_PhD_MAPF_LNS_MAPF_LNS_SAT_mapf-scen-even_scen-even_warehouse-20-40-10-2-2-even-3_scen-agents100-idx6-seed42-1783525921613,/home/max/Documents/PhD/MAPF/LNS/MAPF_LNS_SAT/mapf-map/warehouse-20-40-10-2-2.map,/home/max/Documents/PhD/MAPF/LNS/MAPF_LNS_SAT/mapf-scen-even/scen-even/warehouse-20-40-10-2-2-even-3.scen,100,6,42,1,455,11928.367000,1980,852,0.006000,1.960000,3.652000,2.575000,0.275373
_home_max_Documents_PhD_MAPF_LNS_MAPF_LNS_SAT_mapf-map_warehouse-20-40-10-2-2_map-_home_max_Documents_PhD_MAPF_LNS_MAPF_LNS_SAT_mapf-scen-even_scen-even_warehouse-20-40-10-2-2-even-3_scen-agents100-idx7-seed42-1783525933685,/home/max/Documents/PhD/MAPF/LNS/MAPF_LNS_SAT/mapf-map/warehouse-20-40-10-2-2.map,/home/max/Documents/PhD/MAPF/LNS/MAPF_LNS_SAT/mapf-scen-even/scen-even/warehouse-20-40-10-2-2-even-3.scen,100,7,42,1,455,12264.791000,4294,1587,0.005000,2.748000,6.930000,5.067000,0.527312
_home_max_Documents_PhD_MAPF_LNS_MAPF_LNS_SAT_mapf-map_warehouse-20-40-10-2-2_map-_home_max_Documents_PhD_MAPF_LNS_MAPF_LNS_SAT_mapf-scen-even_scen-even_warehouse-20-40-10-2-2-even-3_scen-agents100-idx8-seed42-1783525946120,/home/max/Documents/PhD/MAPF/LNS/MAPF_LNS_SAT/mapf-map/warehouse-20-40-10-2-2.map,/home/max/Documents/PhD/MAPF/LNS/MAPF_LNS_SAT/mapf-scen-even/scen-even/warehouse-20-40-10-2-2-even-3.scen,100,8,42,1,445,12309.255000,6739,2456,0.002000,4.396000,8.402000,6.373000,0.700067
_home_max_Documents_PhD_MAPF_LNS_MAPF_LNS_SAT_mapf-map_warehouse-20-40-10-2-2_map-_home_max_Documents_PhD_MAPF_LNS_MAPF_LNS_SAT_mapf-scen-even_scen-even_warehouse-20-40-10-2-2-even-4_scen-agents100-idx0-seed42-1783525958601,/home/max/Documents/PhD/MAPF/LNS/MAPF_LNS_SAT/mapf-map/warehouse-20-40-10-2-2.map,/home/max/Documents/PhD/MAPF/LNS/MAPF_LNS_SAT/mapf-scen-even/scen-even/warehouse-20-40-10-2-2-even-4.scen,100,0,42,1,457,12473.714000,4829,1996,0.004000,3.145000,7.454000,5.501000,0.578903
_home_max_Documents_PhD_MAPF_LNS_MAPF_LNS_SAT_mapf-map_warehouse-20-40-10-2-2_map-_home_max_Documents_PhD_MAPF_LNS_MAPF_LNS_SAT_mapf-scen-even_scen-even_warehouse-20-40-10-2-2-even-4_scen-agents100-idx1-seed42-1783525971277,/home/max/Documents/PhD/MAPF/LNS/MAPF_LNS_SAT/mapf-map/warehouse-20-40-10-2-2.map,/home/max/Documents/PhD/MAPF/LNS/MAPF_LNS_SAT/mapf-scen-even/scen-even/warehouse-20-40-10-2-2-even-4.scen,100,1,42,1,464,12006.355000,3467,1397,0.014000,2.096000,5.052000,3.721000,0.385602
_home_max_Documents_PhD_MAPF_LNS_MAPF_LNS_SAT_mapf-map_warehouse-20-40-10-2-2_map-_home_max_Documents_PhD_MAPF_LNS_MAPF_LNS_SAT_mapf-scen-even_scen-even_warehouse-20-40-10-2-2-even-4_scen-agents100-idx2-seed42-1783525983458,/home/max/Documents/PhD/MAPF/LNS/MAPF_LNS_SAT/mapf-map/warehouse-20-40-10-2-2.map,/home/max/Documents/PhD/MAPF/LNS/MAPF_LNS_SAT/mapf-scen-even/scen-even/warehouse-20-40-10-2-2-even-4.scen,100,2,42,1,463,11871.630000,7089,2454,0.012000,4.192000,8.621000,6.833000,0.622859
_home_max_Documents_PhD_MAPF_LNS_MAPF_LNS_SAT_mapf-map_warehouse-20-40-10-2-2_map-_home_max_Documents_PhD_MAPF_LNS_MAPF_LNS_SAT_mapf-scen-even_scen-even_warehouse-20-40-10-2-2-even-4_scen-agents100-idx3-seed42-1783525995486,/home/max/Documents/PhD/MAPF/LNS/MAPF_LNS_SAT/mapf-map/warehouse-20-40-10-2-2.map,/home/max/Documents/PhD/MAPF/LNS/MAPF_LNS_SAT/mapf-scen-even/scen-even/warehouse-20-40-10-2-2-even-4.scen,100,3,42,1,452,11864.584000,5618,2301,0.006000,3.482000,7.849000,5.926000,0.591726
_home_max_Documents_PhD_MAPF_LNS_MAPF_LNS_SAT_mapf-map_warehouse-20-40-10-2-2_map-_home_max_Documents_PhD_MAPF_LNS_MAPF_LNS_SAT_mapf-scen-even_scen-even_warehouse-20-40-10-2-2-even-4_scen-agents100-idx4-seed42-1783526007521,/home/max/Documents/PhD/MAPF/LNS/MAPF_LNS_SAT/mapf-map/warehouse-20-40-10-2-2.map,/home/max/Documents/PhD/MAPF/LNS/MAPF_LNS_SAT/mapf-scen-even/scen-even/warehouse-20-40-10-2-2-even-4.scen,100,4,42,1,463,12325.083000,6057,2060,0.018000,3.856000,8.486000,6.579000,0.548364
_home_max_Documents_PhD_MAPF_LNS_MAPF_LNS_SAT_mapf-map_warehouse-20-40-10-2-2_map-_home_max_Documents_PhD_MAPF_LNS_MAPF_LNS_SAT_mapf-scen-even_scen-even_warehouse-20-40-10-2-2-even-4_scen-agents100-idx5-seed42-1783526020003,/home/max/Documents/PhD/MAPF/LNS/MAPF_LNS_SAT/mapf-map/warehouse-20-40-10-2-2.map,/home/max/Documents/PhD/MAPF/LNS/MAPF_LNS_SAT/mapf-scen-even/scen-even/warehouse-20-40-10-2-2-even-4.scen,100,5,42,1,464,12298.917000,3480,1425,0.004000,2.398000,5.385000,3.887000,0.416911
_home_max_Documents_PhD_MAPF_LNS_MAPF_LNS_SAT_mapf-map_warehouse-20-40-10-2-2_map-_home_max_Documents_PhD_MAPF_LNS_MAPF_LNS_SAT_mapf-scen-even_scen-even_warehouse-20-40-10-2-2-even-4_scen-agents100-idx6-seed42-1783526032482,/home/max/Documents/PhD/MAPF/LNS/MAPF_LNS_SAT/mapf-map/warehouse-20-40-10-2-2.map,/home/max/Documents/PhD/MAPF/LNS/MAPF_LNS_SAT/mapf-scen-even/scen-even/warehouse-20-40-10-2-2-even-4.scen,100,6,42,1,450,11659.951000,3069,1295,0.001000,1.975000,5.030000,3.672000,0.381553
_home_max_Documents_PhD_MAPF_LNS_MAPF_LNS_SAT_mapf-map_warehouse-20-40-10-2-2_map-_home_max_Documents_PhD_MAPF_LNS_MAPF_LNS_SAT_mapf-scen-even_scen-even_warehouse-20-40-10-2-2-even-4_scen-agents100-idx7-seed42-1783526044313,/home/max/Documents/PhD/MAPF/LNS/MAPF_LNS_SAT/mapf-map/warehouse-20-40-10-2-2.map,/home/max/Documents/PhD/MAPF/LNS/MAPF_LNS_SAT/mapf-scen-even/scen-even/warehouse-20-40-10-2-2-even-4.scen,100,7,42,1,464,11812.429000,3119,1345,0.002000,2.163000,5.120000,3.586000,0.369855
_home_max_Documents_PhD_MAPF_LNS_MAPF_LNS_SAT_mapf-map_warehouse-20-40-10-2-2_map-_home_max_Documents_PhD_MAPF_LNS_MAPF_LNS_SAT_mapf-scen-even_scen-even_warehouse-20-40-10-2-2-even-4_scen-agents100-idx8-seed42-1783526056288,/home/max/Documents/PhD/MAPF/LNS/MAPF_LNS_SAT/mapf-map/warehouse-20-40-10-2-2.map,/home/max/Documents/PhD/MAPF/LNS/MAPF_LNS_SAT/mapf-scen-even/scen-even/warehouse-20-40-10-2-2-even-4.scen,100,8,42,1,460,12388.209000,6113,2477,0.001000,3.834000,8.071000,6.069000,0.644199
_home_max_Documents_PhD_MAPF_LNS_MAPF_LNS_SAT_mapf-map_warehouse-20-40-10-2-2_map-_home_max_Documents_PhD_MAPF_LNS_MAPF_LNS_SAT_mapf-scen-even_scen-even_warehouse-20-40-10-2-2-even-4_scen-agents100-idx9-seed42-1783526068867,/home/max/Documents/PhD/MAPF/LNS/MAPF_LNS_SAT/mapf-map/warehouse-20-40-10-2-2.map,/home/max/Documents/PhD/MAPF/LNS/MAPF_LNS_SAT/mapf-scen-even/scen-even/warehouse-20-40-10-2-2-even-4.scen,100,9,42,1,465,12662.801000,5150,2006,0.001000,3.436000,7.445000,5.579000,0.569536
_home_max_Documents_PhD_MAPF_LNS_MAPF_LNS_SAT_mapf-map_warehouse-20-40-10-2-2_map-_home_max_Documents_PhD_MAPF_LNS_MAPF_LNS_SAT_mapf-scen-even_scen-even_warehouse-20-40-10-2-2-even-5_scen-agents100-idx0-seed42-1783526081695,/home/max/Documents/PhD/MAPF/LNS/MAPF_LNS_SAT/mapf-map/warehouse-20-40-10-2-2.map,/home/max/Documents/PhD/MAPF/LNS/MAPF_LNS_SAT/mapf-scen-even/scen-even/warehouse-20-40-10-2-2-even-5.scen,100,0,42,1,480,12067.706000,3444,1420,0.007000,2.505000,5.307000,3.849000,0.459440
_home_max_Documents_PhD_MAPF_LNS_MAPF_LNS_SAT_mapf-map_warehouse-20-40-10-2-2_map-_home_max_Documents_PhD_MAPF_LNS_MAPF_LNS_SAT_mapf-scen-even_scen-even_warehouse-20-40-10-2-2-even-5_scen-agents100-idx1-seed42-1783526093919,/home/max/Documents/PhD/MAPF/LNS/MAPF_LNS_SAT/mapf-map/warehouse-20-40-10-2-2.map,/home/max/Documents/PhD/MAPF/LNS/MAPF_LNS_SAT/mapf-scen-even/scen-even/warehouse-20-40-10-2-2-even-5.scen,100,1,42,1,469,11525.229000,3659,1475,0.000000,2.394000,5.346000,3.833000,0.432150
_home_max_Documents_PhD_MAPF_LNS_MAPF_LNS_SAT_mapf-map_warehouse-20-40-10-2-2_map-_home_max_Documents_PhD_MAPF_LNS_MAPF_LNS_SAT_mapf-scen-even_scen-even_warehouse-20-40-10-2-2-even-5_scen-agents100-idx2-seed42-1783526105596,/home/max/Documents/PhD/MAPF/LNS/MAPF_LNS_SAT/mapf-map/warehouse-20-40-10-2-2.map,/home/max/Documents/PhD/MAPF/LNS/MAPF_LNS_SAT/mapf-scen-even/scen-even/warehouse-20-40-10-2-2-even-5.scen,100,2,42,1,482,12467.564000,3657,1493,0.003000,4.625000,5.162000,3.746000,0.411952
_home_max_Documents_PhD_MAPF_LNS_MAPF_LNS_SAT_mapf-map_warehouse-20-40-10-2-2_map-_home_max_Documents_PhD_MAPF_LNS_MAPF_LNS_SAT_mapf-scen-even_scen-even_warehouse-20-40-10-2-2-even-5_scen-agents100-idx3-seed42-1783526118223,/home/max/Documents/PhD/MAPF/LNS/MAPF_LNS_SAT/mapf-map/warehouse-20-40-10-2-2.map,/home/max/Documents/PhD/MAPF/LNS/MAPF_LNS_SAT/mapf-scen-even/scen-even/warehouse-20-40-10-2-2-even-5.scen,100,3,42,1,487,14131.777000,6991,2882,0.013000,5.206000,9.976000,7.352000,0.835784
_home_max_Documents_PhD_MAPF_LNS_MAPF_LNS_SAT_mapf-map_warehouse-20-40-10-2-2_map-_home_max_Documents_PhD_MAPF_LNS_MAPF_LNS_SAT_mapf-scen-even_scen-even_warehouse-20-40-10-2-2-even-5_scen-agents100-idx4-seed42-1783526132497,/home/max/Documents/PhD/MAPF/LNS/MAPF_LNS_SAT/mapf-map/warehouse-20-40-10-2-2.map,/home/max/Documents/PhD/MAPF/LNS/MAPF_LNS_SAT/mapf-scen-even/scen-even/warehouse-20-40-10-2-2-even-5.scen,100,4,42,1,480,12754.868000,6382,2043,0.000000,3.668000,7.355000,5.542000,0.566856
_home_max_Documents_PhD_MAPF_LNS_MAPF_LNS_SAT_mapf-map_warehouse-20-40-10-2-2_map-_home_max_Documents_PhD_MAPF_LNS_MAPF_LNS_SAT_mapf-scen-even_scen-even_warehouse-20-40-10-2-2-even-5_scen-agents100-idx5-seed42-1783526145429,/home/max/Documents/PhD/MAPF/LNS/MAPF_LNS_SAT/mapf-map/warehouse-20-40-10-2-2.map,/home/max/Documents/PhD/MAPF/LNS/MAPF_LNS_SAT/mapf-scen-even/scen-even/warehouse-20-40-10-2-2-even-5.scen,100,5,42,1,483,11797.634000,3549,1489,0.005000,2.546000,5.516000,3.988000,0.430297
_home_max_Documents_PhD_MAPF_LNS_MAPF_LNS_SAT_mapf-map_warehouse-20-40-10-2-2_map-_home_max_Documents_PhD_MAPF_LNS_MAPF_LNS_SAT_mapf-scen-even_scen-even_warehouse-20-40-10-2-2-even-5_scen-agents100-idx6-seed42-1783526157401,/home/max/Documents/PhD/MAPF/LNS/MAPF_LNS_SAT/mapf-map/warehouse-20-40-10-2-2.map,/home/max/Documents/PhD/MAPF/LNS/MAPF_LNS_SAT/mapf-scen-even/scen-even/warehouse-20-40-10-2-2-even-5.scen,100,6,42,1,486,13216.076000,5223,2169,0.002000,3.589000,7.228000,5.399000,0.591320
_home_max_Documents_PhD_MAPF_LNS_MAPF_LNS_SAT_mapf-map_warehouse-20-40-10-2-2_map-_home_max_Documents_PhD_MAPF_LNS_MAPF_LNS_SAT_mapf-scen-even_scen-even_warehouse-20-40-10-2-2-even-5_scen-agents100-idx7-seed42-1783526170781,/home/max/Documents/PhD/MAPF/LNS/MAPF_LNS_SAT/mapf-map/warehouse-20-40-10-2-2.map,/home/max/Documents/PhD/MAPF/LNS/MAPF_LNS_SAT/mapf-scen-even/scen-even/warehouse-20-40-10-2-2-even-5.scen,100,7,42,1,485,12957.928000,3448,1460,0.007000,2.772000,6.235000,4.606000,0.470045
_home_max_Documents_PhD_MAPF_LNS_MAPF_LNS_SAT_mapf-map_warehouse-20-40-10-2-2_map-_home_max_Documents_PhD_MAPF_LNS_MAPF_LNS_SAT_mapf-scen-even_scen-even_warehouse-20-40-10-2-2-even-5_scen-agents100-idx8-seed42-1783526183917,/home/max/Documents/PhD/MAPF/LNS/MAPF_LNS_SAT/mapf-map/warehouse-20-40-10-2-2.map,/home/max/Documents/PhD/MAPF/LNS/MAPF_LNS_SAT/mapf-scen-even/scen-even/warehouse-20-40-10-2-2-even-5.scen,100,8,42,1,486,13233.047000,6666,2682,0.009000,4.717000,10.000000,7.476000,0.778983
_home_max_Documents_PhD_MAPF_LNS_MAPF_LNS_SAT_mapf-map_warehouse-20-40-10-2-2_map-_home_max_Documents_PhD_MAPF_LNS_MAPF_LNS_SAT_mapf-scen-even_scen-even_warehouse-20-40-10-2-2-even-1_scen-agents200-idx0-seed42-1783526205335,/home/max/Documents/PhD/MAPF/LNS/MAPF_LNS_SAT/mapf-map/warehouse-20-40-10-2-2.map,/home/max/Documents/PhD/MAPF/LNS/MAPF_LNS_SAT/mapf-scen-even/scen-even/warehouse-20-40-10-2-2-even-1.scen,200,0,42,1,460,32367.234000,19565,6821,0.045000,13.295000,25.834000,19.391000,2.033799
_home_max_Documents_PhD_MAPF_LNS_MAPF_LNS_SAT_mapf-map_warehouse-20-40-10-2-2_map-_home_max_Documents_PhD_MAPF_LNS_MAPF_LNS_SAT_mapf-scen-even_scen-even_warehouse-20-40-10-2-2-even-1_scen-agents200-idx1-seed42-1783526237969,/home/max/Documents/PhD/MAPF/LNS/MAPF_LNS_SAT/mapf-map/warehouse-20-40-10-2-2.map,/home/max/Documents/PhD/MAPF/LNS/MAPF_LNS_SAT/mapf-scen-even/scen-even/warehouse-20-40-10-2-2-even-1.scen,200,1,42,1,466,34021.826000,19192,7755,0.071000,15.324000,30.219000,22.703000,2.468736
_home_max_Documents_PhD_MAPF_LNS_MAPF_LNS_SAT_mapf-map_warehouse-20-40-10-2-2_map-_home_max_Documents_PhD_MAPF_LNS_MAPF_LNS_SAT_mapf-scen-even_scen-even_warehouse-20-40-10-2-2-even-1_scen-agents200-idx2-seed42-1783526272248,/home/max/Documents/PhD/MAPF/LNS/MAPF_LNS_SAT/mapf-map/warehouse-20-40-10-2-2.map,/home/max/Documents/PhD/MAPF/LNS/MAPF_LNS_SAT/mapf-scen-even/scen-even/warehouse-20-40-10-2-2-even-1.scen,200,2,42,1,454,34025.641000,46924,11687,0.063000,24.665000,44.355000,35.415000,3.746137
_home_max_Documents_PhD_MAPF_LNS_MAPF_LNS_SAT_mapf-map_warehouse-20-40-10-2-2_map-_home_max_Documents_PhD_MAPF_LNS_MAPF_LNS_SAT_mapf-scen-even_scen-even_warehouse-20-40-10-2-2-even-1_scen-agents200-idx3-seed42-1783526306530,/home/max/Documents/PhD/MAPF/LNS/MAPF_LNS_SAT/mapf-map/warehouse-20-40-10-2-2.map,/home/max/Documents/PhD/MAPF/LNS/MAPF_LNS_SAT/mapf-scen-even/scen-even/warehouse-20-40-10-2-2-even-1.scen,200,3,42,1,465,33043.821000,23064,8617,0.043000,17.030000,31.437000,23.766000,2.578941
_home_max_Documents_PhD_MAPF_LNS_MAPF_LNS_SAT_mapf-map_warehouse-20-40-10-2-2_map-_home_max_Documents_PhD_MAPF_LNS_MAPF_LNS_SAT_mapf-scen-even_scen-even_warehouse-20-40-10-2-2-even-1_scen-agents200-idx4-seed42-1783526339861,/home/max/Documents/PhD/MAPF/LNS/MAPF_LNS_SAT/mapf-map/warehouse-20-40-10-2-2.map,/home/max/Documents/PhD/MAPF/LNS/MAPF_LNS_SAT/mapf-scen-even/scen-even/warehouse-20-40-10-2-2-even-1.scen,200,4,42,1,464,32897.957000,19819,7910,0.073000,15.387000,29.321000,22.191000,2.358062
_home_max_Documents_PhD_MAPF_LNS_MAPF_LNS_SAT_mapf-map_warehouse-20-40-10-2-2_map-_home_max_Documents_PhD_MAPF_LNS_MAPF_LNS_SAT_mapf-scen-even_scen-even_warehouse-20-40-10-2-2-even-2_scen-agents200-idx0-seed42-1783526373042,/home/max/Documents/PhD/MAPF/LNS/MAPF_LNS_SAT/mapf-map/warehouse-20-40-10-2-2.map,/home/max/Documents/PhD/MAPF/LNS/MAPF_LNS_SAT/mapf-scen-even/scen-even/warehouse-20-40-10-2-2-even-2.scen,200,0,42,1,465,32565.532000,13885,5601,0.031000,10.948000,23.118000,16.946000,1.775849
_home_max_Documents_PhD_MAPF_LNS_MAPF_LNS_SAT_mapf-map_warehouse-20-40-10-2-2_map-_home_max_Documents_PhD_MAPF_LNS_MAPF_LNS_SAT_mapf-scen-even_scen-even_warehouse-20-40-10-2-2-even-2_scen-agents200-idx1-seed42-1783526405871,/home/max/Documents/PhD/MAPF/LNS/MAPF_LNS_SAT/mapf-map/warehouse-20-40-10-2-2.map,/home/max/Documents/PhD/MAPF/LNS/MAPF_LNS_SAT/mapf-scen-even/scen-even/warehouse-20-40-10-2-2-even-2.scen,200,1,42,1,460,31587.130000,20397,6886,0.038000,13.251000,25.855000,19.355000,2.226174
_home_max_Documents_PhD_MAPF_LNS_MAPF_LNS_SAT_mapf-map_warehouse-20-40-10-2-2_map-_home_max_Documents_PhD_MAPF_LNS_MAPF_LNS_SAT_mapf-scen-even_scen-even_warehouse-20-40-10-2-2-even-2_scen-agents200-idx2-seed42-1783526437762,/home/max/Documents/PhD/MAPF/LNS/MAPF_LNS_SAT/mapf-map/warehouse-20-40-10-2-2.map,/home/max/Documents/PhD/MAPF/LNS/MAPF_LNS_SAT/mapf-scen-even/scen-even/warehouse-20-40-10-2-2-even-2.scen,200,2,42,1,464,34181.493000,21867,8312,0.056000,19.898000,30.961000,23.383000,2.533294
_home_max_Documents_PhD_MAPF_LNS_MAPF_LNS_SAT_mapf-map_warehouse-20-40-10-2-2_map-_home_max_Documents_PhD_MAPF_LNS_MAPF_LNS_SAT_mapf-scen-even_scen-even_warehouse-20-40-10-2-2-even-2_scen-agents200-idx3-seed42-1783526472249,/home/max/Documents/PhD/MAPF/LNS/MAPF_LNS_SAT/mapf-map/warehouse-20-40-10-2-2.map,/home/max/Documents/PhD/MAPF/LNS/MAPF_LNS_SAT/mapf-scen-even/scen-even/warehouse-20-40-10-2-2-even-2.scen,200,3,42,1,472,33428.461000,15499,6164,0.070000,12.548000,26.150000,19.367000,2.268758
_home_max_Documents_PhD_MAPF_LNS_MAPF_LNS_SAT_mapf-map_warehouse-20-40-10-2-2_map-_home_max_Documents_PhD_MAPF_LNS_MAPF_LNS_SAT_mapf-scen-even_scen-even_warehouse-20-40-10-2-2-even-2_scen-agents200-idx4-seed42-1783526505977,/home/max/Documents/PhD/MAPF/LNS/MAPF_LNS_SAT/mapf-map/warehouse-20-40-10-2-2.map,/home/max/Documents/PhD/MAPF/LNS/MAPF_LNS_SAT/mapf-scen-even/scen-even/warehouse-20-40-10-2-2-even-2.scen,200,4,42,1,467,35179.814000,29361,9060,0.091000,19.116000,35.646000,27.196000,3.023510
_home_max_Documents_PhD_MAPF_LNS_MAPF_LNS_SAT_mapf-map_warehouse-20-40-10-2-2_map-_home_max_Documents_PhD_MAPF_LNS_MAPF_LNS_SAT_mapf-scen-even_scen-even_warehouse-20-40-10-2-2-even-3_scen-agents200-idx0-seed42-1783526541457,/home/max/Documents/PhD/MAPF/LNS/MAPF_LNS_SAT/mapf-map/warehouse-20-40-10-2-2.map,/home/max/Documents/PhD/MAPF/LNS/MAPF_LNS_SAT/mapf-scen-even/scen-even/warehouse-20-40-10-2-2-even-3.scen,200,0,42,1,457,33833.027000,18768,7620,0.058000,14.585000,29.825000,22.359000,2.643952
_home_max_Documents_PhD_MAPF_LNS_MAPF_LNS_SAT_mapf-map_warehouse-20-40-10-2-2_map-_home_max_Documents_PhD_MAPF_LNS_MAPF_LNS_SAT_mapf-scen-even_scen-even_warehouse-20-40-10-2-2-even-3_scen-agents200-idx1-seed42-1783526575537,/home/max/Documents/PhD/MAPF/LNS/MAPF_LNS_SAT/mapf-map/warehouse-20-40-10-2-2.map,/home/max/Documents/PhD/MAPF/LNS/MAPF_LNS_SAT/mapf-scen-even/scen-even/warehouse-20-40-10-2-2-even-3.scen,200,1,42,1,454,35105.339000,24031,9137,0.078000,19.472000,35.622000,27.209000,2.718806
_home_max_Documents_PhD_MAPF_LNS_MAPF_LNS_SAT_mapf-map_warehouse-20-40-10-2-2_map-_home_max_Documents_PhD_MAPF_LNS_MAPF_LNS_SAT_mapf-scen-even_scen-even_warehouse-20-40-10-2-2-even-3_scen-agents200-idx2-seed42-1783526610932,/home/max/Documents/PhD/MAPF/LNS/MAPF_LNS_SAT/mapf-map/warehouse-20-40-10-2-2.map,/home/max/Documents/PhD/MAPF/LNS/MAPF_LNS_SAT/mapf-scen-even/scen-even/warehouse-20-40-10-2-2-even-3.scen,200,2,42,1,458,30691.830000,85680,8535,0.047000,37.429000,49.492000,43.524000,2.626901
_home_max_Documents_PhD_MAPF_LNS_MAPF_LNS_SAT_mapf-map_warehouse-20-40-10-2-2_map-_home_max_Documents_PhD_MAPF_LNS_MAPF_LNS_SAT_mapf-scen-even_scen-even_warehouse-20-40-10-2-2-even-3_scen-agents200-idx3-seed42-1783526641899,/home/max/Documents/PhD/MAPF/LNS/MAPF_LNS_SAT/mapf-map/warehouse-20-40-10-2-2.map,/home/max/Documents/PhD/MAPF/LNS/MAPF_LNS_SAT/mapf-scen-even/scen-even/warehouse-20-40-10-2-2-even-3.scen,200,3,42,1,455,32220.695000,17828,6642,0.040000,13.228000,25.919000,19.350000,2.144790
_home_max_Documents_PhD_MAPF_LNS_MAPF_LNS_SAT_mapf-map_warehouse-20-40-10-2-2_map-_home_max_Documents_PhD_MAPF_LNS_MAPF_LNS_SAT_mapf-scen-even_scen-even_warehouse-20-40-10-2-2-even-4_scen-agents200-idx0-seed42-1783526674375,/home/max/Documents/PhD/MAPF/LNS/MAPF_LNS_SAT/mapf-map/warehouse-20-40-10-2-2.map,/home/max/Documents/PhD/MAPF/LNS/MAPF_LNS_SAT/mapf-scen-even/scen-even/warehouse-20-40-10-2-2-even-4.scen,200,0,42,1,464,33908.231000,23124,8497,0.060000,17.329000,30.912000,22.995000,2.643372
_home_max_Documents_PhD_MAPF_LNS_MAPF_LNS_SAT_mapf-map_warehouse-20-40-10-2-2_map-_home_max_Documents_PhD_MAPF_LNS_MAPF_LNS_SAT_mapf-scen-even_scen-even_warehouse-20-40-10-2-2-even-4_scen-agents200-idx1-seed42-1783526708563,/home/max/Documents/PhD/MAPF/LNS/MAPF_LNS_SAT/mapf-map/warehouse-20-40-10-2-2.map,/home/max/Documents/PhD/MAPF/LNS/MAPF_LNS_SAT/mapf-scen-even/scen-even/warehouse-20-40-10-2-2-even-4.scen,200,1,42,1,463,32366.626000,19653,7433,0.055000,14.206000,28.470000,21.107000,2.362392
_home_max_Documents_PhD_MAPF_LNS_MAPF_LNS_SAT_mapf-map_warehouse-20-40-10-2-2_map-_home_max_Documents_PhD_MAPF_LNS_MAPF_LNS_SAT_mapf-scen-even_scen-even_warehouse-20-40-10-2-2-even-4_scen-agents200-idx2-seed42-1783526741188,/home/max/Documents/PhD/MAPF/LNS/MAPF_LNS_SAT/mapf-map/warehouse-20-40-10-2-2.map,/home/max/Documents/PhD/MAPF/LNS/MAPF_LNS_SAT/mapf-scen-even/scen-even/warehouse-20-40-10-2-2-even-4.scen,200,2,42,1,464,35932.374000,29476,10625,0.068000,21.234000,37.517000,28.462000,3.430696
