experiment_id,makespan_attempt,makespan,zones_attempted,zones_solved,total_waiting_attempts,total_lazy_iterations,total_cnf_clauses,total_cnf_variables,total_mdd_build_ms,total_cnf_build_ms,total_lazy_wall_ms,total_lazy_solver_wall_ms,total_lazy_solver_reported_ms,attempt_wall_ms,solved
_home_max_Documents_PhD_MAPF_LNS_MAPF_LNS_SAT_mapf-map_warehouse-20-40-10-2-2_map-_home_max_Documents_PhD_MAPF_LNS_MAPF_LNS_SAT_mapf-scen-even_scen-even_warehouse-20-40-10-2-2-even-1_scen-agents10-idx0-seed42-1783524743639,0,446,0,0,0,0,0,0,0.000000,0.000000,0.000000,0.000000,0.000000,537.462000,1
_home_max_Documents_PhD_MAPF_LNS_MAPF_LNS_SAT_mapf-map_warehouse-20-40-10-2-2_map-_home_max_Documents_PhD_MAPF_LNS_MAPF_LNS_SAT_mapf-scen-even_scen-even_warehouse-20-40-10-2-2-even-1_scen-agents10-idx1-seed42-1783524744588,0,362,0,0,0,0,0,0,0.000000,0.000000,0.000000,0.000000,0.000000,466.065000,1
_home_max_Documents_PhD_MAPF_LNS_MAPF_LNS_SAT_mapf-map_warehouse-20-40-10-2-2_map-_home_max_Documents_PhD_MAPF_LNS_MAPF_LNS_SAT_mapf-scen-even_scen-even_warehouse-20-40-10-2-2-even-1_scen-agents10-idx2-seed42-1783524745494,0,420,0,0,0,0,0,0,0.000000,0.000000,0.000000,0.000000,0.000000,556.785000,1
_home_max_Documents_PhD_MAPF_LNS_MAPF_LNS_SAT_mapf-map_warehouse-20-40-10-2-2_map-_home_max_Documents_PhD_MAPF_LNS_MAPF_LNS_SAT_mapf-scen-even_scen-even_warehouse-20-40-10-2-2-even-1_scen-agents10-idx3-seed42-1783524746494,0,450,1,1,1,4,22,9,0.000000,0.016000,0.075000,0.044000,0.009408,518.512000,1
_home_max_Documents_PhD_MAPF_LNS_MAPF_LNS_SAT_mapf-map_warehouse-20-40-10-2-2_map-_home_max_Documents_PhD_MAPF_LNS_MAPF_LNS_SAT_mapf-scen-even_scen-even_warehouse-20-40-10-2-2-even-1_scen-agents10-idx4-seed42-1783524747452,0,389,0,0,0,0,0,0,0.000000,0.000000,0.000000,0.000000,0.000000,449.360000,1
_home_max_Documents_PhD_MAPF_LNS_MAPF_LNS_SAT_mapf-map_warehouse-20-40-10-2-2_map-_home_max_Documents_PhD_MAPF_LNS_MAPF_LNS_SAT_mapf-scen-even_scen-even_warehouse-20-40-10-2-2-even-1_scen-agents10-idx5-seed42-1783524748355,0,427,0,0,0,0,0,0,0.000000,0.000000,0.000000,0.000000,0.000000,422.646000,1
_home_max_Documents_PhD_MAPF_LNS_MAPF_LNS_SAT_mapf-map_warehouse-20-40-10-2-2_map-_home_max_Documents_PhD_MAPF_LNS_MAPF_LNS_SAT_mapf-scen-even_scen-even_warehouse-20-40-10-2-2-even-1_scen-agents10-idx6-seed42-1783524749207,0,428,0,0,0,0,0,0,0.000000,0.000000,0.000000,0.000000,0.000000,488.609000,1
_home_max_Documents_PhD_MAPF_LNS_MAPF_LNS_SAT_mapf-map_warehouse-20-40-10-2-2_map-_home_max_Documents_PhD_MAPF_LNS_MAPF_LNS_SAT_mapf-scen-even_scen-even_warehouse-20-40-10-2-2-even-1_scen-agents10-idx7-seed42-1783524750106,0,365,0,0,0,0,0,0,0.000000,0.000000,0.000000,0.000000,0.000000,430.425000,1
_home_max_Documents_PhD_MAPF_LNS_MAPF_LNS_SAT_mapf-map_warehouse-20-40-10-2-2_map-_home_max_Documents_PhD_MAPF_LNS_MAPF_LNS_SAT_mapf-scen-even_scen-even_warehouse-20-40-10-2-2-even-1_scen-agents10-idx8-seed42-1783524750959,0,432,0,0,0,0,0,0,0.000000,0.000000,0.000000,0.000000,0.000000,665.724000,1
_home_max_Documents_PhD_MAPF_LNS_MAPF_LNS_SAT_mapf-map_warehouse-20-40-10-2-2_map-_home_max_Documents_PhD_MAPF_LNS_MAPF_LNS_SAT_mapf-scen-even_scen-even_warehouse-20-40-10-2-2-even-1_scen-agents10-idx9-seed42-1783524752062,0,433,2,2,4,7,123,49,0.000000,0.072000,0.170000,0.124000,0.014532,538.211000,1
_home_max_Documents_PhD_MAPF_LNS_MAPF_LNS_SAT_mapf-map_warehouse-20-40-10-2-2_map-_home_max_Documents_PhD_MAPF_LNS_MAPF_LNS_SAT_mapf-scen-even_scen-even_warehouse-20-40-10-2-2-even-1_scen-agents10-idx10-seed42-1783524753015,0,452,0,0,0,0,0,0,0.000000,0.000000,0.000000,0.000000,0.000000,592.695000,1
_home_max_Documents_PhD_MAPF_LNS_MAPF_LNS_SAT_mapf-map_warehouse-20-40-10-2-2_map-_home_max_Documents_PhD_MAPF_LNS_MAPF_LNS_SAT_mapf-scen-even_scen-even_warehouse-20-40-10-2-2-even-1_scen-agents10-idx11-seed42-1783524754015,0,446,1,1,1,4,22,9,0.000000,0.022000,0.073000,0.046000,0.009597,540.295000,1
_home_max_Documents_PhD_MAPF_LNS_MAPF_LNS_SAT_mapf-map_warehouse-20-40-10-2-2_map-_home_max_Documents_PhD_MAPF_LNS_MAPF_LNS_SAT_mapf-scen-even_scen-even_warehouse-20-40-10-2-2-even-1_scen-agents10-idx12-seed42-1783524754970,0,415,0,0,0,0,0,0,0.000000,0.000000,0.000000,0.000000,0.000000,501.130000,1
_home_max_Documents_PhD_MAPF_LNS_MAPF_LNS_SAT_mapf-map_warehouse-20-40-10-2-2_map-_home_max_Documents_PhD_MAPF_LNS_MAPF_LNS_SAT_mapf-scen-even_scen-even_warehouse-20-40-10-2-2-even-1_scen-agents10-idx13-seed42-1783524755921,0,460,0,0,0,0,0,0,0.000000,0.000000,0.000000,0.000000,0.000000,487.874000,1
_home_max_Documents_PhD_MAPF_LNS_MAPF_LNS_SAT_mapf-map_warehouse-20-40-10-2-2_map-_home_max_Documents_PhD_MAPF_LNS_MAPF_LNS_SAT_mapf-scen-even_scen-even_warehouse-20-40-10-2-2-even-1_scen-agents10-idx14-seed42-1783524756823,0,379,0,0,0,0,0,0,0.000000,0.000000,0.000000,0.000000,0.000000,496.705000,1
_home_max_Documents_PhD_MAPF_LNS_MAPF_LNS_SAT_mapf-map_warehouse-20-40-10-2-2_map-_home_max_Documents_PhD_MAPF_LNS_MAPF_LNS_SAT_mapf-scen-even_scen-even_warehouse-20-40-10-2-2-even-1_scen-agents10-idx15-seed42-1783524757727,0,414,1,1,2,3,86,43,0.000000,0.218000,0.128000,0.101000,0.015689,528.267000,1
_home_max_Documents_PhD_MAPF_LNS_MAPF_LNS_SAT_mapf-map_warehouse-20-40-10-2-2_map-_home_max_Documents_PhD_MAPF_LNS_MAPF_LNS_SAT_mapf-scen-even_scen-even_warehouse-20-40-10-2-2-even-1_scen-agents10-idx16-seed42-1783524758732,0,436,0,0,0,0,0,0,0.000000,0.000000,0.000000,0.000000,0.000000,610.277000,1
_home_max_Documents_PhD_MAPF_LNS_MAPF_LNS_SAT_mapf-map_warehouse-20-40-10-2-2_map-_home_max_Documents_PhD_MAPF_LNS_MAPF_LNS_SAT_mapf-scen-even_scen-even_warehouse-20-40-10-2-2-even-1_scen-agents10-idx17-seed42-1783524759786,0,445,0,0,0,0,0,0,0.000000,0.000000,0.000000,0.000000,0.000000,529.478000,1
_home_max_Documents_PhD_MAPF_LNS_MAPF_LNS_SAT_mapf-map_warehouse-20-40-10-2-2_map-_home_max_Documents_PhD_MAPF_LNS_MAPF_LNS_SAT_mapf-scen-even_scen-even_warehouse-20-40-10-2-2-even-1_scen-agents10-idx18-seed42-1783524760738,0,452,0,0,0,0,0,0,0.000000,0.000000,0.000000,0.000000,0.000000,511.585000,1
_home_max_Documents_PhD_MAPF_LNS_MAPF_LNS_SAT_mapf-map_warehouse-20-40-10-2-2_map-_home_max_Documents_PhD_MAPF_LNS_MAPF_LNS_SAT_mapf-scen-even_scen-even_warehouse-20-40-10-2-2-even-1_scen-agents10-idx19-seed42-1783524761692,0,412,0,0,0,0,0,0,0.000000,0.000000,0.000000,0.000000,0.000000,501.043000,1
_home_max_Documents_PhD_MAPF_LNS_MAPF_LNS_SAT_mapf-map_warehouse-20-40-10-2-2_map-_home_max_Documents_PhD_MAPF_LNS_MAPF_LNS_SAT_mapf-scen-even_scen-even_warehouse-20-40-10-2-2-even-1_scen-agents10-idx20-seed42-1783524762648,0,460,0,0,0,0,0,0,0.000000,0.000000,0.000000,0.000000,0.000000,586.020000,1
_home_max_Documents_PhD_MAPF_LNS_MAPF_LNS_SAT_mapf-map_warehouse-20-40-10-2-2_map-_home_max_Documents_PhD_MAPF_LNS_MAPF_LNS_SAT_mapf-scen-even_scen-even_warehouse-20-40-10-2-2-even-1_scen-agents10-idx21-seed42-1783524763645,0,419,0,0,0,0,0,0,0.000000,0.000000,0.000000,0.000000,0.000000,475.259000,1
_home_max_Documents_PhD_MAPF_LNS_MAPF_LNS_SAT_mapf-map_warehouse-20-40-10-2-2_map-_home_max_Documents_PhD_MAPF_LNS_MAPF_LNS_SAT_mapf-scen-even_scen-even_warehouse-20-40-10-2-2-even-1_scen-agents10-idx22-seed42-1783524764602,0,427,0,0,0,0,0,0,0.000000,0.000000,0.000000,0.000000,0.000000,498.810000,1
_home_max_Documents_PhD_MAPF_LNS_MAPF_LNS_SAT_mapf-map_warehouse-20-40-10-2-2_map-_home_max_Documents_PhD_MAPF_LNS_MAPF_LNS_SAT_mapf-scen-even_scen-even_warehouse-20-40-10-2-2-even-1_scen-agents10-idx23-seed42-1783524765552,0,400,0,0,0,0,0,0,0.000000,0.000000,0.000000,0.000000,0.000000,526.087000,1
_home_max_Documents_PhD_MAPF_LNS_MAPF_LNS_SAT_mapf-map_warehouse-20-40-10-2-2_map-_home_max_Documents_PhD_MAPF_LNS_MAPF_LNS_SAT_mapf-scen-even_scen-even_warehouse-20-40-10-2-2-even-1_scen-agents10-idx24-seed42-1783524766502,0,447,2,2,4,9,118,48,0.000000,0.086000,0.191000,0.133000,0.019913,539.194000,1
_home_max_Documents_PhD_MAPF_LNS_MAPF_LNS_SAT_mapf-map_warehouse-20-40-10-2-2_map-_home_max_Documents_PhD_MAPF_LNS_MAPF_LNS_SAT_mapf-scen-even_scen-even_warehouse-20-40-10-2-2-even-1_scen-agents10-idx25-seed42-1783524767456,0,321,0,0,0,0,0,0,0.000000,0.000000,0.000000,0.000000,0.000000,431.482000,1
_home_max_Documents_PhD_MAPF_LNS_MAPF_LNS_SAT_mapf-map_warehouse-20-40-10-2-2_map-_home_max_Documents_PhD_MAPF_LNS_MAPF_LNS_SAT_mapf-scen-even_scen-even_warehouse-20-40-10-2-2-even-1_scen-agents10-idx26-seed42-1783524768308,0,434,0,0,0,0,0,0,0.000000,0.000000,0.000000,0.000000,0.000000,583.812000,1
_home_max_Documents_PhD_MAPF_LNS_MAPF_LNS_SAT_mapf-map_warehouse-20-40-10-2-2_map-_home_max_Documents_PhD_MAPF_LNS_MAPF_LNS_SAT_mapf-scen-even_scen-even_warehouse-20-40-10-2-2-even-1_scen-agents10-idx27-seed42-1783524769310,0,426,1,1,1,4,22,9,0.000000,0.023000,0.067000,0.042000,0.008822,447.108000,1
_home_max_Documents_PhD_MAPF_LNS_MAPF_LNS_SAT_mapf-map_warehouse-20-40-10-2-2_map-_home_max_Documents_PhD_MAPF_LNS_MAPF_LNS_SAT_mapf-scen-even_scen-even_warehouse-20-40-10-2-2-even-1_scen-agents10-idx28-seed42-1783524770160,0,452,0,0,0,0,0,0,0.000000,0.000000,0.000000,0.000000,0.000000,626.664000,1
_home_max_Documents_PhD_MAPF_LNS_MAPF_LNS_SAT_mapf-map_warehouse-20-40-10-2-2_map-_home_max_Documents_PhD_MAPF_LNS_MAPF_LNS_SAT_mapf-scen-even_scen-even_warehouse-20-40-10-2-2-even-1_scen-agents10-idx29-seed42-1783524771218,0,445,0,0,0,0,0,0,0.000000,0.000000,0.000000,0.000000,0.000000,484.795000,1
_home_max_Documents_PhD_MAPF_LNS_MAPF_LNS_SAT_mapf-map_warehouse-20-40-10-2-2_map-_home_max_Documents_PhD_MAPF_LNS_MAPF_LNS_SAT_mapf-scen-even_scen-even_warehouse-20-40-10-2-2-even-1_scen-agents10-idx30-seed42-1783524772116,0,380,0,0,0,0,0,0,0.000000,0.000000,0.000000,0.000000,0.000000,481.641000,1
_home_max_Documents_PhD_MAPF_LNS_MAPF_LNS_SAT_mapf-map_warehouse-20-40-10-2-2_map-_home_max_Documents_PhD_MAPF_LNS_MAPF_LNS_SAT_mapf-scen-even_scen-even_warehouse-20-40-10-2-2-even-1_scen-agents10-idx31-seed42-1783524773021,0,466,0,0,0,0,0,0,0.000000,0.000000,0.000000,0.000000,0.000000,675.622000,1
_home_max_Documents_PhD_MAPF_LNS_MAPF_LNS_SAT_mapf-map_warehouse-20-40-10-2-2_map-_home_max_Documents_PhD_MAPF_LNS_MAPF_LNS_SAT_mapf-scen-even_scen-even_warehouse-20-40-10-2-2-even-1_scen-agents10-idx32-seed42-1783524774123,0,311,0,0,0,0,0,0,0.000000,0.000000,0.000000,0.000000,0.000000,383.084000,1
_home_max_Documents_PhD_MAPF_LNS_MAPF_LNS_SAT_mapf-map_warehouse-20-40-10-2-2_map-_home_max_Documents_PhD_MAPF_LNS_MAPF_LNS_SAT_mapf-scen-even_scen-even_warehouse-20-40-10-2-2-even-1_scen-agents10-idx33-seed42-1783524774924,0,359,3,2,8,15,333,135,0.000000,0.186000,0.336000,0.261000,0.025848,435.571000,1
_home_max_Documents_PhD_MAPF_LNS_MAPF_LNS_SAT_mapf-map_warehouse-20-40-10-2-2_map-_home_max_Documents_PhD_MAPF_LNS_MAPF_LNS_SAT_mapf-scen-even_scen-even_warehouse-20-40-10-2-2-even-1_scen-agents10-idx34-seed42-1783524775777,0,462,1,1,1,4,22,9,0.000000,0.016000,0.074000,0.046000,0.010058,448.780000,1
_home_max_Documents_PhD_MAPF_LNS_MAPF_LNS_SAT_mapf-map_warehouse-20-40-10-2-2_map-_home_max_Documents_PhD_MAPF_LNS_MAPF_LNS_SAT_mapf-scen-even_scen-even_warehouse-20-40-10-2-2-even-1_scen-agents10-idx35-seed42-1783524776678,0,427,0,0,0,0,0,0,0.000000,0.000000,0.000000,0.000000,0.000000,426.601000,1
_home_max_Documents_PhD_MAPF_LNS_MAPF_LNS_SAT_mapf-map_warehouse-20-40-10-2-2_map-_home_max_Documents_PhD_MAPF_LNS_MAPF_LNS_SAT_mapf-scen-even_scen-even_warehouse-20-40-10-2-2-even-1_scen-agents10-idx36-seed42-1783524777534,0,435,0,0,0,0,0,0,0.000000,0.000000,0.000000,0.000000,0.000000,605.099000,1
_home_max_Documents_PhD_MAPF_LNS_MAPF_LNS_SAT_mapf-map_warehouse-20-40-10-2-2_map-_home_max_Documents_PhD_MAPF_LNS_MAPF_LNS_SAT_mapf-scen-even_scen-even_warehouse-20-40-10-2-2-even-1_scen-agents10-idx37-seed42-1783524778589,0,384,0,0,0,0,0,0,0.000000,0.000000,0.000000,0.000000,0.000000,442.313000,1
_home_max_Documents_PhD_MAPF_LNS_MAPF_LNS_SAT_mapf-map_warehouse-20-40-10-2-2_map-_home_max_Documents_PhD_MAPF_LNS_MAPF_LNS_SAT_mapf-scen-even_scen-even_warehouse-20-40-10-2-2-even-1_scen-agents10-idx38-seed42-1783524779490,0,436,0,0,0,0,0,0,0.000000,0.000000,0.000000,0.000000,0.000000,520.552000,1
_home_max_Documents_PhD_MAPF_LNS_MAPF_LNS_SAT_mapf-map_warehouse-20-40-10-2-2_map-_home_max_Documents_PhD_MAPF_LNS_MAPF_LNS_SAT_mapf-scen-even_scen-even_warehouse-20-40-10-2-2-even-1_scen-agents10-idx39-seed42-1783524780441,0,462,1,1,1,2,25,10,0.000000,0.020000,0.094000,0.065000,0.015033,546.048000,1
_home_max_Documents_PhD_MAPF_LNS_MAPF_LNS_SAT_mapf-map_warehouse-20-40-10-2-2_map-_home_max_Documents_PhD_MAPF_LNS_MAPF_LNS_SAT_mapf-scen-even_scen-even_warehouse-20-40-10-2-2-even-1_scen-agents10-idx40-seed42-1783524781391,0,439,0,0,0,0,0,0,0.000000,0.000000,0.000000,0.000000,0.000000,667.709000,1
_home_max_Documents_PhD_MAPF_LNS_MAPF_LNS_SAT_mapf-map_warehouse-20-40-10-2-2_map-_home_max_Documents_PhD_MAPF_LNS_MAPF_LNS_SAT_mapf-scen-even_scen-even_warehouse-20-40-10-2-2-even-1_scen-agents10-idx41-seed42-1783524782743,0,426,0,0,0,0,0,0,0.000000,0.000000,0.000000,0.000000,0.000000,455.065000,1
_home_max_Documents_PhD_MAPF_LNS_MAPF_LNS_SAT_mapf-map_warehouse-20-40-10-2-2_map-_home_max_Documents_PhD_MAPF_LNS_MAPF_LNS_SAT_mapf-scen-even_scen-even_warehouse-20-40-10-2-2-even-1_scen-agents10-idx42-seed42-1783524783595,0,382,0,0,0,0,0,0,0.000000,0.000000,0.000000,0.000000,0.000000,434.639000,1
_home_max_Documents_PhD_MAPF_LNS_MAPF_LNS_SAT_mapf-map_warehouse-20-40-10-2-2_map-_home_max_Documents_PhD_MAPF_LNS_MAPF_LNS_SAT_mapf-scen-even_scen-even_warehouse-20-40-10-2-2-even-1_scen-agents10-idx43-seed42-1783524784448,0,447,0,0,0,0,0,0,0.000000,0.000000,0.000000,0.000000,0.000000,524.359000,1
_home_max_Documents_PhD_MAPF_LNS_MAPF_LNS_SAT_mapf-map_warehouse-20-40-10-2-2_map-_home_max_Documents_PhD_MAPF_LNS_MAPF_LNS_SAT_mapf-scen-even_scen-even_warehouse-20-40-10-2-2-even-1_scen-agents10-idx44-seed42-1783524785400,0,439,1,1,2,4,33,17,0.000000,0.037000,0.087000,0.062000,0.012430,563.649000,1
_home_max_Documents_PhD_MAPF_LNS_MAPF_LNS_SAT_mapf-map_warehouse-20-40-10-2-2_map-_home_max_Documents_PhD_MAPF_LNS_MAPF_LNS_SAT_mapf-scen-even_scen-even_warehouse-20-40-10-2-2-even-1_scen-agents10-idx45-seed42-1783524786401,0,441,0,0,0,0,0,0,0.000000,0.000000,0.000000,0.000000,0.000000,560.500000,1
_home_max_Documents_PhD_MAPF_LNS_MAPF_LNS_SAT_mapf-map_warehouse-20-40-10-2-2_map-_home_max_Documents_PhD_MAPF_LNS_MAPF_LNS_SAT_mapf-scen-even_scen-even_warehouse-20-40-10-2-2-even-1_scen-agents10-idx46-seed42-1783524787404,0,444,0,0,0,0,0,0,0.000000,0.000000,0.000000,0.000000,0.000000,1464.741000,1
_home_max_Documents_PhD_MAPF_LNS_MAPF_LNS_SAT_mapf-map_warehouse-20-40-10-2-2_map-_home_max_Documents_PhD_MAPF_LNS_MAPF_LNS_SAT_mapf-scen-even_scen-even_warehouse-20-40-10-2-2-even-1_scen-agents10-idx47-seed42-1783524789364,0,402,1,1,1,4,22,9,0.000000,0.019000,0.077000,0.050000,0.009971,461.864000,1
_home_max_Documents_PhD_MAPF_LNS_MAPF_LNS_SAT_mapf-map_warehouse-20-40-10-2-2_map-_home_max_Documents_PhD_MAPF_LNS_MAPF_LNS_SAT_mapf-scen-even_scen-even_warehouse-20-40-10-2-2-even-1_scen-agents10-idx48-seed42-1783524790517,0,415,0,0,0,0,0,0,0.000000,0.000000,0.000000,0.000000,0.000000,1110.590000,1
_home_max_Documents_PhD_MAPF_LNS_MAPF_LNS_SAT_mapf-map_warehouse-20-40-10-2-2_map-_home_max_Documents_PhD_MAPF_LNS_MAPF_LNS_SAT_mapf-scen-even_scen-even_warehouse-20-40-10-2-2-even-1_scen-agents10-idx49-seed42-1783524792122,0,403,0,0,0,0,0,0,0.000000,0.000000,0.000000,0.000000,0.000000,491.226000,1
_home_max_Documents_PhD_MAPF_LNS_MAPF_LNS_SAT_mapf-map_warehouse-20-40-10-2-2_map-_home_max_Documents_PhD_MAPF_LNS_MAPF_LNS_SAT_mapf-scen-even_scen-even_warehouse-20-40-10-2-2-even-1_scen-agents10-idx50-seed42-1783524793073,0,380,0,0,0,0,0,0,0.000000,0.000000,0.000000,0.000000,0.000000,561.189000,1
_home_max_Documents_PhD_MAPF_LNS_MAPF_LNS_SAT_mapf-map_warehouse-20-40-10-2-2_map-_home_max_Documents_PhD_MAPF_LNS_MAPF_LNS_SAT_mapf-scen-even_scen-even_warehouse-20-40-10-2-2-even-1_scen-agents10-idx51-seed42-1783524794077,0,454,0,0,0,0,0,0,0.000000,0.000000,0.000000,0.000000,0.000000,667.207000,1
_home_max_Documents_PhD_MAPF_LNS_MAPF_LNS_SAT_mapf-map_warehouse-20-40-10-2-2_map-_home_max_Documents_PhD_MAPF_LNS_MAPF_LNS_SAT_mapf-scen-even_scen-even_warehouse-20-40-10-2-2-even-1_scen-agents10-idx52-seed42-1783524795180,0,262,1,1,3,7,93,38,0.000000,0.045000,0.136000,0.097000,0.017144,401.749000,1
_home_max_Documents_PhD_MAPF_LNS_MAPF_LNS_SAT_mapf-map_warehouse-20-40-10-2-2_map-_home_max_Documents_PhD_MAPF_LNS_MAPF_LNS_SAT_mapf-scen-even_scen-even_warehouse-20-40-10-2-2-even-1_scen-agents10-idx53-seed42-1783524795982,0,419,1,1,1,4,22,9,0.000000,0.019000,0.079000,0.049000,0.009540,514.461000,1
_home_max_Documents_PhD_MAPF_LNS_MAPF_LNS_SAT_mapf-map_warehouse-20-40-10-2-2_map-_home_max_Documents_PhD_MAPF_LNS_MAPF_LNS_SAT_mapf-scen-even_scen-even_warehouse-20-40-10-2-2-even-1_scen-agents10-idx54-seed42-1783524796934,0,432,0,0,0,0,0,0,0.000000,0.000000,0.000000,0.000000,0.000000,826.990000,1
_home_max_Documents_PhD_MAPF_LNS_MAPF_LNS_SAT_mapf-map_warehouse-20-40-10-2-2_map-_home_max_Documents_PhD_MAPF_LNS_MAPF_LNS_SAT_mapf-scen-even_scen-even_warehouse-20-40-10-2-2-even-1_scen-agents10-idx55-seed42-1783524798338,0,367,1,1,1,3,22,11,0.000000,0.016000,0.092000,0.060000,0.012141,860.511000,1
_home_max_Documents_PhD_MAPF_LNS_MAPF_LNS_SAT_mapf-map_warehouse-20-40-10-2-2_map-_home_max_Documents_PhD_MAPF_LNS_MAPF_LNS_SAT_mapf-scen-even_scen-even_warehouse-20-40-10-2-2-even-1_scen-agents10-idx56-seed42-1783524799894,0,426,2,2,6,14,210,80,0.001000,0.174000,0.470000,0.345000,0.042980,775.751000,1
_home_max_Documents_PhD_MAPF_LNS_MAPF_LNS_SAT_mapf-map_warehouse-20-40-10-2-2_map-_home_max_Documents_PhD_MAPF_LNS_MAPF_LNS_SAT_mapf-scen-even_scen-even_warehouse-20-40-10-2-2-even-1_scen-agents10-idx57-seed42-1783524801297,0,442,0,0,0,0,0,0,0.000000,0.000000,0.000000,0.000000,0.000000,712.720000,1
_home_max_Documents_PhD_MAPF_LNS_MAPF_LNS_SAT_mapf-map_warehouse-20-40-10-2-2_map-_home_max_Documents_PhD_MAPF_LNS_MAPF_LNS_SAT_mapf-scen-even_scen-even_warehouse-20-40-10-2-2-even-1_scen-agents10-idx58-seed42-1783524802600,0,435,0,0,0,0,0,0,0.000000,0.000000,0.000000,0.000000,0.000000,522.217000,1
_home_max_Documents_PhD_MAPF_LNS_MAPF_LNS_SAT_mapf-map_warehouse-20-40-10-2-2_map-_home_max_Documents_PhD_MAPF_LNS_MAPF_LNS_SAT_mapf-scen-even_scen-even_warehouse-20-40-10-2-2-even-1_scen-agents10-idx59-seed42-1783524803602,0,423,0,0,0,0,0,0,0.000000,0.000000,0.000000,0.000000,0.000000,572.482000,1
_home_max_Documents_PhD_MAPF_LNS_MAPF_LNS_SAT_mapf-map_warehouse-20-40-10-2-2_map-_home_max_Documents_PhD_MAPF_LNS_MAPF_LNS_SAT_mapf-scen-even_scen-even_warehouse-20-40-10-2-2-even-1_scen-agents10-idx60-seed42-1783524804654,0,399,2,1,7,13,350,141,0.000000,0.321000,0.376000,0.294000,0.041989,477.437000,1
_home_max_Documents_PhD_MAPF_LNS_MAPF_LNS_SAT_mapf-map_warehouse-20-40-10-2-2_map-_home_max_Documents_PhD_MAPF_LNS_MAPF_LNS_SAT_mapf-scen-even_scen-even_warehouse-20-40-10-2-2-even-1_scen-agents10-idx61-seed42-1783524805607,0,426,1,1,1,1,24,10,0.000000,0.015000,0.047000,0.038000,0.008580,613.595000,1
_home_max_Documents_PhD_MAPF_LNS_MAPF_LNS_SAT_mapf-map_warehouse-20-40-10-2-2_map-_home_max_Documents_PhD_MAPF_LNS_MAPF_LNS_SAT_mapf-scen-even_scen-even_warehouse-20-40-10-2-2-even-1_scen-agents10-idx62-seed42-1783524806710,0,411,0,0,0,0,0,0,0.000000,0.000000,0.000000,0.000000,0.000000,576.966000,1
_home_max_Documents_PhD_MAPF_LNS_MAPF_LNS_SAT_mapf-map_warehouse-20-40-10-2-2_map-_home_max_Documents_PhD_MAPF_LNS_MAPF_LNS_SAT_mapf-scen-even_scen-even_warehouse-20-40-10-2-2-even-1_scen-agents10-idx63-seed42-1783524807763,0,429,0,0,0,0,0,0,0.000000,0.000000,0.000000,0.000000,0.000000,611.205000,1
_home_max_Documents_PhD_MAPF_LNS_MAPF_LNS_SAT_mapf-map_warehouse-20-40-10-2-2_map-_home_max_Documents_PhD_MAPF_LNS_MAPF_LNS_SAT_mapf-scen-even_scen-even_warehouse-20-40-10-2-2-even-1_scen-agents10-idx64-seed42-1783524808916,0,451,0,0,0,0,0,0,0.000000,0.000000,0.000000,0.000000,0.000000,690.543000,1
_home_max_Documents_PhD_MAPF_LNS_MAPF_LNS_SAT_mapf-map_warehouse-20-40-10-2-2_map-_home_max_Documents_PhD_MAPF_LNS_MAPF_LNS_SAT_mapf-scen-even_scen-even_warehouse-20-40-10-2-2-even-1_scen-agents10-idx65-seed42-1783524810119,0,412,0,0,0,0,0,0,0.000000,0.000000,0.000000,0.000000,0.000000,613.731000,1
_home_max_Documents_PhD_MAPF_LNS_MAPF_LNS_SAT_mapf-map_warehouse-20-40-10-2-2_map-_home_max_Documents_PhD_MAPF_LNS_MAPF_LNS_SAT_mapf-scen-even_scen-even_warehouse-20-40-10-2-2-even-1_scen-agents10-idx66-seed42-1783524811272,0,462,3,3,3,12,66,27,0.000000,0.069000,0.235000,0.145000,0.017370,864.561000,1
_home_max_Documents_PhD_MAPF_LNS_MAPF_LNS_SAT_mapf-map_warehouse-20-40-10-2-2_map-_home_max_Documents_PhD_MAPF_LNS_MAPF_LNS_SAT_mapf-scen-even_scen-even_warehouse-20-40-10-2-2-even-1_scen-agents10-idx67-seed42-1783524812677,0,435,0,0,0,0,0,0,0.000000,0.000000,0.000000,0.000000,0.000000,797.977000,1
_home_max_Documents_PhD_MAPF_LNS_MAPF_LNS_SAT_mapf-map_warehouse-20-40-10-2-2_map-_home_max_Documents_PhD_MAPF_LNS_MAPF_LNS_SAT_mapf-scen-even_scen-even_warehouse-20-40-10-2-2-even-1_scen-agents10-idx68-seed42-1783524814031,0,383,0,0,0,0,0,0,0.000000,0.000000,0.000000,0.000000,0.000000,608.097000,1
_home_max_Documents_PhD_MAPF_LNS_MAPF_LNS_SAT_mapf-map_warehouse-20-40-10-2-2_map-_home_max_Documents_PhD_MAPF_LNS_MAPF_LNS_SAT_mapf-scen-even_scen-even_warehouse-20-40-10-2-2-even-1_scen-agents10-idx69-seed42-1783524815182,0,450,0,0,0,0,0,0,0.000000,0.000000,0.000000,0.000000,0.000000,727.710000,1
_home_max_Documents_PhD_MAPF_LNS_MAPF_LNS_SAT_mapf-map_warehouse-20-40-10-2-2_map-_home_max_Documents_PhD_MAPF_LNS_MAPF_LNS_SAT_mapf-scen-even_scen-even_warehouse-20-40-10-2-2-even-1_scen-agents10-idx70-seed42-1783524816486,0,374,0,0,0,0,0,0,0.000000,0.000000,0.000000,0.000000,0.000000,509.002000,1
_home_max_Documents_PhD_MAPF_LNS_MAPF_LNS_SAT_mapf-map_warehouse-20-40-10-2-2_map-_home_max_Documents_PhD_MAPF_LNS_MAPF_LNS_SAT_mapf-scen-even_scen-even_warehouse-20-40-10-2-2-even-1_scen-agents10-idx71-seed42-1783524817539,0,465,1,1,1,2,25,10,0.000000,0.026000,0.071000,0.051000,0.009771,697.094000,1
_home_max_Documents_PhD_MAPF_LNS_MAPF_LNS_SAT_mapf-map_warehouse-20-40-10-2-2_map-_home_max_Documents_PhD_MAPF_LNS_MAPF_LNS_SAT_mapf-scen-even_scen-even_warehouse-20-40-10-2-2-even-1_scen-agents10-idx72-seed42-1783524818689,0,387,0,0,0,0,0,0,0.000000,0.000000,0.000000,0.000000,0.000000,508.285000,1
_home_max_Documents_PhD_MAPF_LNS_MAPF_LNS_SAT_mapf-map_warehouse-20-40-10-2-2_map-_home_max_Documents_PhD_MAPF_LNS_MAPF_LNS_SAT_mapf-scen-even_scen-even_warehouse-20-40-10-2-2-even-1_scen-agents10-idx73-seed42-1783524819744,0,356,0,0,0,0,0,0,0.000000,0.000000,0.000000,0.000000,0.000000,517.519000,1
_home_max_Documents_PhD_MAPF_LNS_MAPF_LNS_SAT_mapf-map_warehouse-20-40-10-2-2_map-_home_max_Documents_PhD_MAPF_LNS_MAPF_LNS_SAT_mapf-scen-even_scen-even_warehouse-20-40-10-2-2-even-1_scen-agents10-idx74-seed42-1783524820747,0,447,0,0,0,0,0,0,0.000000,0.000000,0.000000,0.000000,0.000000,587.769000,1
_home_max_Documents_PhD_MAPF_LNS_MAPF_LNS_SAT_mapf-map_warehouse-20-40-10-2-2_map-_home_max_Documents_PhD_MAPF_LNS_MAPF_LNS_SAT_mapf-scen-even_scen-even_warehouse-20-40-10-2-2-even-1_scen-agents10-idx75-seed42-1783524821798,0,410,1,1,3,7,93,38,0.000000,0.039000,0.143000,0.103000,0.018790,516.197000,1
_home_max_Documents_PhD_MAPF_LNS_MAPF_LNS_SAT_mapf-map_warehouse-20-40-10-2-2_map-_home_max_Documents_PhD_MAPF_LNS_MAPF_LNS_SAT_mapf-scen-even_scen-even_warehouse-20-40-10-2-2-even-1_scen-agents10-idx76-seed42-1783524822752,0,410,0,0,0,0,0,0,0.000000,0.000000,0.000000,0.000000,0.000000,456.084000,1
_home_max_Documents_PhD_MAPF_LNS_MAPF_LNS_SAT_mapf-map_warehouse-20-40-10-2-2_map-_home_max_Documents_PhD_MAPF_LNS_MAPF_LNS_SAT_mapf-scen-even_scen-even_warehouse-20-40-10-2-2-even-1_scen-agents10-idx77-seed42-1783524823705,0,459,0,0,0,0,0,0,0.000000,0.000000,0.000000,0.000000,0.000000,718.392000,1
_home_max_Documents_PhD_MAPF_LNS_MAPF_LNS_SAT_mapf-map_warehouse-20-40-10-2-2_map-_home_max_Documents_PhD_MAPF_LNS_MAPF_LNS_SAT_mapf-scen-even_scen-even_warehouse-20-40-10-2-2-even-1_scen-agents10-idx78-seed42-1783524824908,0,412,0,0,0,0,0,0,0.000000,0.000000,0.000000,0.000000,0.000000,619.163000,1
_home_max_Documents_PhD_MAPF_LNS_MAPF_LNS_SAT_mapf-map_warehouse-20-40-10-2-2_map-_home_max_Documents_PhD_MAPF_LNS_MAPF_LNS_SAT_mapf-scen-even_scen-even_warehouse-20-40-10-2-2-even-1_scen-agents10-idx79-seed42-1783524826012,0,394,0,0,0,0,0,0,0.000000,0.000000,0.000000,0.000000,0.000000,566.372000,1
_home_max_Documents_PhD_MAPF_LNS_MAPF_LNS_SAT_mapf-map_warehouse-20-40-10-2-2_map-_home_max_Documents_PhD_MAPF_LNS_MAPF_LNS_SAT_mapf-scen-even_scen-even_warehouse-20-40-10-2-2-even-1_scen-agents10-idx80-seed42-1783524827065,0,440,0,0,0,0,0,0,0.000000,0.000000,0.000000,0.000000,0.000000,663.746000,1
_home_max_Documents_PhD_MAPF_LNS_MAPF_LNS_SAT_mapf-map_warehouse-20-40-10-2-2_map-_home_max_Documents_PhD_MAPF_LNS_MAPF_LNS_SAT_mapf-scen-even_scen-even_warehouse-20-40-10-2-2-even-1_scen-agents10-idx81-seed42-1783524828168,0,425,0,0,0,0,0,0,0.000000,0.000000,0.000000,0.000000,0.000000,558.524000,1
_home_max_Documents_PhD_MAPF_LNS_MAPF_LNS_SAT_mapf-map_warehouse-20-40-10-2-2_map-_home_max_Documents_PhD_MAPF_LNS_MAPF_LNS_SAT_mapf-scen-even_scen-even_warehouse-20-40-10-2-2-even-1_scen-agents10-idx82-seed42-1783524829170,0,457,1,1,1,4,22,9,0.000000,0.015000,0.075000,0.047000,0.010499,536.287000,1
_home_max_Documents_PhD_MAPF_LNS_MAPF_LNS_SAT_mapf-map_warehouse-20-40-10-2-2_map-_home_max_Documents_PhD_MAPF_LNS_MAPF_LNS_SAT_mapf-scen-even_scen-even_warehouse-20-40-10-2-2-even-1_scen-agents10-idx83-seed42-1783524830173,0,412,0,0,0,0,0,0,0.000000,0.000000,0.000000,0.000000,0.000000,519.734000,1
_home_max_Documents_PhD_MAPF_LNS_MAPF_LNS_SAT_mapf-map_warehouse-20-40-10-2-2_map-_home_max_Documents_PhD_MAPF_LNS_MAPF_LNS_SAT_mapf-scen-even_scen-even_warehouse-20-40-10-2-2-even-1_scen-agents10-idx84-seed42-1783524831176,0,462,2,1,7,13,362,143,0.000000,0.261000,0.457000,0.356000,0.040369,576.614000,1
_home_max_Documents_PhD_MAPF_LNS_MAPF_LNS_SAT_mapf-map_warehouse-20-40-10-2-2_map-_home_max_Documents_PhD_MAPF_LNS_MAPF_LNS_SAT_mapf-scen-even_scen-even_warehouse-20-40-10-2-2-even-1_scen-agents10-idx85-seed42-1783524832229,0,447,0,0,0,0,0,0,0.000000,0.000000,0.000000,0.000000,0.000000,610.781000,1
_home_max_Documents_PhD_MAPF_LNS_MAPF_LNS_SAT_mapf-map_warehouse-20-40-10-2-2_map-_home_max_Documents_PhD_MAPF_LNS_MAPF_LNS_SAT_mapf-scen-even_scen-even_warehouse-20-40-10-2-2-even-1_scen-agents10-idx86-seed42-1783524833281,0,383,0,0,0,0,0,0,0.000000,0.000000,0.000000,0.000000,0.000000,508.581000,1
_home_max_Documents_PhD_MAPF_LNS_MAPF_LNS_SAT_mapf-map_warehouse-20-40-10-2-2_map-_home_max_Documents_PhD_MAPF_LNS_MAPF_LNS_SAT_mapf-scen-even_scen-even_warehouse-20-40-10-2-2-even-1_scen-agents10-idx87-seed42-1783524834233,0,435,0,0,0,0,0,0,0.000000,0.000000,0.000000,0.000000,0.000000,569.320000,1
_home_max_Documents_PhD_MAPF_LNS_MAPF_LNS_SAT_mapf-map_warehouse-20-40-10-2-2_map-_home_max_Documents_PhD_MAPF_LNS_MAPF_LNS_SAT_mapf-scen-even_scen-even_warehouse-20-40-10-2-2-even-1_scen-agents10-idx88-seed42-1783524835285,0,432,3,2,4,10,86,42,0.001000,0.081000,0.218000,0.139000,0.027322,623.685000,1
_home_max_Documents_PhD_MAPF_LNS_MAPF_LNS_SAT_mapf-map_warehouse-20-40-10-2-2_map-_home_max_Documents_PhD_MAPF_LNS_MAPF_LNS_SAT_mapf-scen-even_scen-even_warehouse-20-40-10-2-2-even-1_scen-agents10-idx89-seed42-1783524836387,0,411,1,1,1,4,22,9,0.000000,0.017000,0.072000,0.044000,0.008661,501.884000,1
_home_max_Documents_PhD_MAPF_LNS_MAPF_LNS_SAT_mapf-map_warehouse-20-40-10-2-2_map-_home_max_Documents_PhD_MAPF_LNS_MAPF_LNS_SAT_mapf-scen-even_scen-even_warehouse-20-40-10-2-2-even-1_scen-agents10-idx90-seed42-1783524837342,0,464,0,0,0,0,0,0,0.000000,0.000000,0.000000,0.000000,0.000000,706.826000,1
_home_max_Documents_PhD_MAPF_LNS_MAPF_LNS_SAT_mapf-map_warehouse-20-40-10-2-2_map-_home_max_Documents_PhD_MAPF_LNS_MAPF_LNS_SAT_mapf-scen-even_scen-even_warehouse-20-40-10-2-2-even-1_scen-agents10-idx91-seed42-1783524838495,0,353,1,1,1,2,20,9,0.000000,0.019000,0.063000,0.046000,0.010942,426.199000,1
_home_max_Documents_PhD_MAPF_LNS_MAPF_LNS_SAT_mapf-map_warehouse-20-40-10-2-2_map-_home_max_Documents_PhD_MAPF_LNS_MAPF_LNS_SAT_mapf-scen-even_scen-even_warehouse-20-40-10-2-2-even-1_scen-agents10-idx92-seed42-1783524839397,0,285,0,0,0,0,0,0,0.000000,0.000000,0.000000,0.000000,0.000000,385.094000,1
_home_max_Documents_PhD_MAPF_LNS_MAPF_LNS_SAT_mapf-map_warehouse-20-40-10-2-2_map-_home_max_Documents_PhD_MAPF_LNS_MAPF_LNS_SAT_mapf-scen-even_scen-even_warehouse-20-40-10-2-2-even-1_scen-agents10-idx93-seed42-1783524840199,0,394,1,1,1,4,22,9,0.000000,0.020000,0.077000,0.049000,0.010444,573.684000,1
_home_max_Documents_PhD_MAPF_LNS_MAPF_LNS_SAT_mapf-map_warehouse-20-40-10-2-2_map-_home_max_Documents_PhD_MAPF_LNS_MAPF_LNS_SAT_mapf-scen-even_scen-even_warehouse-20-40-10-2-2-even-1_scen-agents10-idx94-seed42-1783524841202,0,392,0,0,0,0,0,0,0.000000,0.000000,0.000000,0.000000,0.000000,471.004000,1
_home_max_Documents_PhD_MAPF_LNS_MAPF_LNS_SAT_mapf-map_warehouse-20-40-10-2-2_map-_home_max_Documents_PhD_MAPF_LNS_MAPF_LNS_SAT_mapf-scen-even_scen-even_warehouse-20-40-10-2-2-even-1_scen-agents10-idx95-seed42-1783524842104,0,417,1,1,1,2,25,10,0.000000,0.028000,0.066000,0.047000,0.010572,650.011000,1
_home_max_Documents_PhD_MAPF_LNS_MAPF_LNS_SAT_mapf-map_warehouse-20-40-10-2-2_map-_home_max_Documents_PhD_MAPF_LNS_MAPF_LNS_SAT_mapf-scen-even_scen-even_warehouse-20-40-10-2-2-even-1_scen-agents10-idx96-seed42-1783524843207,0,410,0,0,0,0,0,0,0.000000,0.000000,0.000000,0.000000,0.000000,493.504000,1
_home_max_Documents_PhD_MAPF_LNS_MAPF_LNS_SAT_mapf-map_warehouse-20-40-10-2-2_map-_home_max_Documents_PhD_MAPF_LNS_MAPF_LNS_SAT_mapf-scen-even_scen-even_warehouse-20-40-10-2-2-even-1_scen-agents10-idx97-seed42-1783524844161,0,448,0,0,0,0,0,0,0.000000,0.000000,0.000000,0.000000,0.000000,526.571000,1
_home_max_Documents_PhD_MAPF_LNS_MAPF_LNS_SAT_mapf-map_warehouse-20-40-10-2-2_map-_home_max_Documents_PhD_MAPF_LNS_MAPF_LNS_SAT_mapf-scen-even_scen-even_warehouse-20-40-10-2-2-even-1_scen-agents10-idx98-seed42-1783524845164,0,360,0,0,0,0,0,0,0.000000,0.000000,0.000000,0.000000,0.000000,420.627000,1
_home_max_Documents_PhD_MAPF_LNS_MAPF_LNS_SAT_mapf-map_warehouse-20-40-10-2-2_map-_home_max_Documents_PhD_MAPF_LNS_MAPF_LNS_SAT_mapf-scen-even_scen-even_warehouse-20-40-10-2-2-even-1_scen-agents10-idx99-seed42-1783524846016,0,446,0,0,0,0,0,0,0.000000,0.000000,0.000000,0.000000,0.000000,535.151000,1
_home_max_Documents_PhD_MAPF_LNS_MAPF_LNS_SAT_mapf-map_warehouse-20-40-10-2-2_map-_home_max_Documents_PhD_MAPF_LNS_MAPF_LNS_SAT_mapf-scen-even_scen-even_warehouse-20-40-10-2-2-even-1_scen-agents20-idx0-seed42-1783524847020,0,446,1,1,1,4,22,9,0.000000,0.024000,0.139000,0.083000,0.018453,1269.527000,1
_home_max_Documents_PhD_MAPF_LNS_MAPF_LNS_SAT_mapf-map_warehouse-20-40-10-2-2_map-_home_max_Documents_PhD_MAPF_LNS_MAPF_LNS_SAT_mapf-scen-even_scen-even_warehouse-20-40-10-2-2-even-1_scen-agents20-idx1-seed42-1783524849226,0,450,2,2,2,7,61,25,0.001000,0.100000,0.235000,0.153000,0.021786,1349.291000,1
_home_max_Documents_PhD_MAPF_LNS_MAPF_LNS_SAT_mapf-map_warehouse-20-40-10-2-2_map-_home_max_Documents_PhD_MAPF_LNS_MAPF_LNS_SAT_mapf-scen-even_scen-even_warehouse-20-40-10-2-2-even-1_scen-agents20-idx2-seed42-1783524851532,0,427,2,2,4,9,113,47,0.000000,0.159000,0.199000,0.137000,0.022376,1108.399000,1
_home_max_Documents_PhD_MAPF_LNS_MAPF_LNS_SAT_mapf-map_warehouse-20-40-10-2-2_map-_home_max_Documents_PhD_MAPF_LNS_MAPF_LNS_SAT_mapf-scen-even_scen-even_warehouse-20-40-10-2-2-even-1_scen-agents20-idx3-seed42-1783524853537,0,428,0,0,0,0,0,0,0.000000,0.000000,0.000000,0.000000,0.000000,1161.461000,1
_home_max_Documents_PhD_MAPF_LNS_MAPF_LNS_SAT_mapf-map_warehouse-20-40-10-2-2_map-_home_max_Documents_PhD_MAPF_LNS_MAPF_LNS_SAT_mapf-scen-even_scen-even_warehouse-20-40-10-2-2-even-1_scen-agents20-idx4-seed42-1783524855592,0,433,3,2,8,16,272,117,0.000000,0.179000,0.353000,0.260000,0.030565,1413.551000,1
_home_max_Documents_PhD_MAPF_LNS_MAPF_LNS_SAT_mapf-map_warehouse-20-40-10-2-2_map-_home_max_Documents_PhD_MAPF_LNS_MAPF_LNS_SAT_mapf-scen-even_scen-even_warehouse-20-40-10-2-2-even-1_scen-agents20-idx5-seed42-1783524857897,0,452,1,1,1,4,22,9,0.000000,0.023000,0.074000,0.047000,0.010210,1349.049000,1
_home_max_Documents_PhD_MAPF_LNS_MAPF_LNS_SAT_mapf-map_warehouse-20-40-10-2-2_map-_home_max_Documents_PhD_MAPF_LNS_MAPF_LNS_SAT_mapf-scen-even_scen-even_warehouse-20-40-10-2-2-even-1_scen-agents20-idx6-seed42-1783524860152,0,460,2,2,4,11,115,47,0.000000,0.183000,0.217000,0.149000,0.022690,1229.789000,1
_home_max_Documents_PhD_MAPF_LNS_MAPF_LNS_SAT_mapf-map_warehouse-20-40-10-2-2_map-_home_max_Documents_PhD_MAPF_LNS_MAPF_LNS_SAT_mapf-scen-even_scen-even_warehouse-20-40-10-2-2-even-1_scen-agents20-idx7-seed42-1783524862258,0,414,2,2,2,5,40,19,0.000000,0.035000,0.123000,0.079000,0.014069,1151.218000,1
_home_max_Documents_PhD_MAPF_LNS_MAPF_LNS_SAT_mapf-map_warehouse-20-40-10-2-2_map-_home_max_Documents_PhD_MAPF_LNS_MAPF_LNS_SAT_mapf-scen-even_scen-even_warehouse-20-40-10-2-2-even-1_scen-agents20-idx8-seed42-1783524864313,0,445,2,2,4,8,117,48,0.000000,0.128000,0.206000,0.150000,0.022947,1505.824000,1
_home_max_Documents_PhD_MAPF_LNS_MAPF_LNS_SAT_mapf-map_warehouse-20-40-10-2-2_map-_home_max_Documents_PhD_MAPF_LNS_MAPF_LNS_SAT_mapf-scen-even_scen-even_warehouse-20-40-10-2-2-even-1_scen-agents20-idx9-seed42-1783524866720,0,452,2,2,5,10,121,53,0.000000,0.100000,0.302000,0.210000,0.035339,1307.813000,1
_home_max_Documents_PhD_MAPF_LNS_MAPF_LNS_SAT_mapf-map_warehouse-20-40-10-2-2_map-_home_max_Documents_PhD_MAPF_LNS_MAPF_LNS_SAT_mapf-scen-even_scen-even_warehouse-20-40-10-2-2-even-1_scen-agents20-idx10-seed42-1783524868925,0,460,0,0,0,0,0,0,0.000000,0.000000,0.000000,0.000000,0.000000,1221.612000,1
_home_max_Documents_PhD_MAPF_LNS_MAPF_LNS_SAT_mapf-map_warehouse-20-40-10-2-2_map-_home_max_Documents_PhD_MAPF_LNS_MAPF_LNS_SAT_mapf-scen-even_scen-even_warehouse-20-40-10-2-2-even-1_scen-agents20-idx11-seed42-1783524871030,0,427,2,2,2,6,42,18,0.000000,0.037000,0.112000,0.071000,0.012161,1119.494000,1
_home_max_Documents_PhD_MAPF_LNS_MAPF_LNS_SAT_mapf-map_warehouse-20-40-10-2-2_map-_home_max_Documents_PhD_MAPF_LNS_MAPF_LNS_SAT_mapf-scen-even_scen-even_warehouse-20-40-10-2-2-even-1_scen-agents20-idx12-seed42-1783524873034,0,447,2,2,4,9,118,48,0.000000,0.095000,0.198000,0.141000,0.020971,1185.593000,1
_home_max_Documents_PhD_MAPF_LNS_MAPF_LNS_SAT_mapf-map_warehouse-20-40-10-2-2_map-_home_max_Documents_PhD_MAPF_LNS_MAPF_LNS_SAT_mapf-scen-even_scen-even_warehouse-20-40-10-2-2-even-1_scen-agents20-idx13-seed42-1783524875089,0,434,3,2,8,14,364,149,0.000000,0.467000,0.493000,0.383000,0.049631,1361.933000,1
_home_max_Documents_PhD_MAPF_LNS_MAPF_LNS_SAT_mapf-map_warehouse-20-40-10-2-2_map-_home_max_Documents_PhD_MAPF_LNS_MAPF_LNS_SAT_mapf-scen-even_scen-even_warehouse-20-40-10-2-2-even-1_scen-agents20-idx14-seed42-1783524877345,0,452,3,2,8,17,372,150,0.000000,0.766000,0.601000,0.439000,0.055442,1430.987000,1
_home_max_Documents_PhD_MAPF_LNS_MAPF_LNS_SAT_mapf-map_warehouse-20-40-10-2-2_map-_home_max_Documents_PhD_MAPF_LNS_MAPF_LNS_SAT_mapf-scen-even_scen-even_warehouse-20-40-10-2-2-even-1_scen-agents20-idx15-seed42-1783524879699,0,466,5,4,12,25,598,218,0.001000,0.468000,0.750000,0.583000,0.062135,1419.274000,1
_home_max_Documents_PhD_MAPF_LNS_MAPF_LNS_SAT_mapf-map_warehouse-20-40-10-2-2_map-_home_max_Documents_PhD_MAPF_LNS_MAPF_LNS_SAT_mapf-scen-even_scen-even_warehouse-20-40-10-2-2-even-1_scen-agents20-idx16-seed42-1783524882055,0,359,3,2,8,16,349,138,0.000000,0.386000,0.460000,0.350000,0.037765,966.549000,1
_home_max_Documents_PhD_MAPF_LNS_MAPF_LNS_SAT_mapf-map_warehouse-20-40-10-2-2_map-_home_max_Documents_PhD_MAPF_LNS_MAPF_LNS_SAT_mapf-scen-even_scen-even_warehouse-20-40-10-2-2-even-1_scen-agents20-idx17-seed42-1783524883910,0,462,3,2,6,12,204,90,0.000000,0.207000,0.284000,0.210000,0.023860,1073.763000,1
_home_max_Documents_PhD_MAPF_LNS_MAPF_LNS_SAT_mapf-map_warehouse-20-40-10-2-2_map-_home_max_Documents_PhD_MAPF_LNS_MAPF_LNS_SAT_mapf-scen-even_scen-even_warehouse-20-40-10-2-2-even-1_scen-agents20-idx18-seed42-1783524885865,0,435,0,0,0,0,0,0,0.000000,0.000000,0.000000,0.000000,0.000000,1317.443000,1
_home_max_Documents_PhD_MAPF_LNS_MAPF_LNS_SAT_mapf-map_warehouse-20-40-10-2-2_map-_home_max_Documents_PhD_MAPF_LNS_MAPF_LNS_SAT_mapf-scen-even_scen-even_warehouse-20-40-10-2-2-even-1_scen-agents20-idx19-seed42-1783524888072,0,462,3,3,5,13,152,59,0.000000,0.092000,0.261000,0.176000,0.024546,1293.873000,1
_home_max_Documents_PhD_MAPF_LNS_MAPF_LNS_SAT_mapf-map_warehouse-20-40-10-2-2_map-_home_max_Documents_PhD_MAPF_LNS_MAPF_LNS_SAT_mapf-scen-even_scen-even_warehouse-20-40-10-2-2-even-1_scen-agents20-idx20-seed42-1783524890277,0,439,1,1,2,3,28,15,0.000000,0.015000,0.069000,0.047000,0.009766,1101.354000,1
_home_max_Documents_PhD_MAPF_LNS_MAPF_LNS_SAT_mapf-map_warehouse-20-40-10-2-2_map-_home_max_Documents_PhD_MAPF_LNS_MAPF_LNS_SAT_mapf-scen-even_scen-even_warehouse-20-40-10-2-2-even-1_scen-agents20-idx21-seed42-1783524892232,0,447,3,3,4,9,100,47,0.001000,0.097000,0.214000,0.142000,0.021753,1218.230000,1
_home_max_Documents_PhD_MAPF_LNS_MAPF_LNS_SAT_mapf-map_warehouse-20-40-10-2-2_map-_home_max_Documents_PhD_MAPF_LNS_MAPF_LNS_SAT_mapf-scen-even_scen-even_warehouse-20-40-10-2-2-even-1_scen-agents20-idx22-seed42-1783524894336,0,441,3,3,4,10,81,37,0.000000,0.094000,0.222000,0.141000,0.019322,1338.227000,1
_home_max_Documents_PhD_MAPF_LNS_MAPF_LNS_SAT_mapf-map_warehouse-20-40-10-2-2_map-_home_max_Documents_PhD_MAPF_LNS_MAPF_LNS_SAT_mapf-scen-even_scen-even_warehouse-20-40-10-2-2-even-1_scen-agents20-idx23-seed42-1783524896542,0,444,3,2,7,12,255,106,0.000000,0.322000,0.315000,0.234000,0.023314,1129.016000,1
_home_max_Documents_PhD_MAPF_LNS_MAPF_LNS_SAT_mapf-map_warehouse-20-40-10-2-2_map-_home_max_Documents_PhD_MAPF_LNS_MAPF_LNS_SAT_mapf-scen-even_scen-even_warehouse-20-40-10-2-2-even-1_scen-agents20-idx24-seed42-1783524898598,0,415,2,1,5,8,178,79,0.000000,0.135000,0.204000,0.158000,0.016783,1187.308000,1
_home_max_Documents_PhD_MAPF_LNS_MAPF_LNS_SAT_mapf-map_warehouse-20-40-10-2-2_map-_home_max_Documents_PhD_MAPF_LNS_MAPF_LNS_SAT_mapf-scen-even_scen-even_warehouse-20-40-10-2-2-even-1_scen-agents20-idx25-seed42-1783524900651,0,454,1,1,3,7,93,38,0.000000,0.080000,0.159000,0.113000,0.019403,1369.674000,1
_home_max_Documents_PhD_MAPF_LNS_MAPF_LNS_SAT_mapf-map_warehouse-20-40-10-2-2_map-_home_max_Documents_PhD_MAPF_LNS_MAPF_LNS_SAT_mapf-scen-even_scen-even_warehouse-20-40-10-2-2-even-1_scen-agents20-idx26-seed42-1783524902909,0,419,4,3,11,24,465,188,0.000000,0.274000,0.550000,0.412000,0.048876,1036.284000,1
_home_max_Documents_PhD_MAPF_LNS_MAPF_LNS_SAT_mapf-map_warehouse-20-40-10-2-2_map-_home_max_Documents_PhD_MAPF_LNS_MAPF_LNS_SAT_mapf-scen-even_scen-even_warehouse-20-40-10-2-2-even-1_scen-agents20-idx27-seed42-1783524904814,0,432,1,1,1,1,20,11,0.000000,0.016000,0.052000,0.042000,0.010792,1264.326000,1
_home_max_Documents_PhD_MAPF_LNS_MAPF_LNS_SAT_mapf-map_warehouse-20-40-10-2-2_map-_home_max_Documents_PhD_MAPF_LNS_MAPF_LNS_SAT_mapf-scen-even_scen-even_warehouse-20-40-10-2-2-even-1_scen-agents20-idx28-seed42-1783524906970,0,442,6,5,17,37,575,235,0.000000,0.386000,0.817000,0.600000,0.064793,1385.717000,1
_home_max_Documents_PhD_MAPF_LNS_MAPF_LNS_SAT_mapf-map_warehouse-20-40-10-2-2_map-_home_max_Documents_PhD_MAPF_LNS_MAPF_LNS_SAT_mapf-scen-even_scen-even_warehouse-20-40-10-2-2-even-1_scen-agents20-idx29-seed42-1783524909275,0,435,0,0,0,0,0,0,0.000000,0.000000,0.000000,0.000000,0.000000,1123.509000,1
_home_max_Documents_PhD_MAPF_LNS_MAPF_LNS_SAT_mapf-map_warehouse-20-40-10-2-2_map-_home_max_Documents_PhD_MAPF_LNS_MAPF_LNS_SAT_mapf-scen-even_scen-even_warehouse-20-40-10-2-2-even-1_scen-agents20-idx30-seed42-1783524911329,0,426,3,2,8,15,375,151,0.000000,0.644000,0.408000,0.313000,0.038853,1122.882000,1
_home_max_Documents_PhD_MAPF_LNS_MAPF_LNS_SAT_mapf-map_warehouse-20-40-10-2-2_map-_home_max_Documents_PhD_MAPF_LNS_MAPF_LNS_SAT_mapf-scen-even_scen-even_warehouse-20-40-10-2-2-even-1_scen-agents20-idx31-seed42-1783524913333,0,429,1,1,1,2,20,9,0.000000,0.021000,0.060000,0.043000,0.009734,1163.543000,1
_home_max_Documents_PhD_MAPF_LNS_MAPF_LNS_SAT_mapf-map_warehouse-20-40-10-2-2_map-_home_max_Documents_PhD_MAPF_LNS_MAPF_LNS_SAT_mapf-scen-even_scen-even_warehouse-20-40-10-2-2-even-1_scen-agents20-idx32-seed42-1783524915387,0,451,4,4,6,15,148,63,0.000000,0.124000,0.314000,0.208000,0.028011,1333.982000,1
_home_max_Documents_PhD_MAPF_LNS_MAPF_LNS_SAT_mapf-map_warehouse-20-40-10-2-2_map-_home_max_Documents_PhD_MAPF_LNS_MAPF_LNS_SAT_mapf-scen-even_scen-even_warehouse-20-40-10-2-2-even-1_scen-agents20-idx33-seed42-1783524917642,0,462,5,5,8,22,188,81,0.000000,0.176000,0.421000,0.272000,0.034570,1564.048000,1
_home_max_Documents_PhD_MAPF_LNS_MAPF_LNS_SAT_mapf-map_warehouse-20-40-10-2-2_map-_home_max_Documents_PhD_MAPF_LNS_MAPF_LNS_SAT_mapf-scen-even_scen-even_warehouse-20-40-10-2-2-even-1_scen-agents20-idx34-seed42-1783524920098,0,450,3,2,8,14,438,162,0.000000,0.732000,0.544000,0.437000,0.046768,1115.360000,1
_home_max_Documents_PhD_MAPF_LNS_MAPF_LNS_SAT_mapf-map_warehouse-20-40-10-2-2_map-_home_max_Documents_PhD_MAPF_LNS_MAPF_LNS_SAT_mapf-scen-even_scen-even_warehouse-20-40-10-2-2-even-1_scen-agents20-idx35-seed42-1783524922152,0,465,0,0,0,0,0,0,0.000000,0.000000,0.000000,0.000000,0.000000,1117.003000,1
_home_max_Documents_PhD_MAPF_LNS_MAPF_LNS_SAT_mapf-map_warehouse-20-40-10-2-2_map-_home_max_Documents_PhD_MAPF_LNS_MAPF_LNS_SAT_mapf-scen-even_scen-even_warehouse-20-40-10-2-2-even-1_scen-agents20-idx36-seed42-1783524924158,0,387,1,1,1,1,26,14,0.000000,0.026000,0.068000,0.054000,0.010303,1096.009000,1
_home_max_Documents_PhD_MAPF_LNS_MAPF_LNS_SAT_mapf-map_warehouse-20-40-10-2-2_map-_home_max_Documents_PhD_MAPF_LNS_MAPF_LNS_SAT_mapf-scen-even_scen-even_warehouse-20-40-10-2-2-even-1_scen-agents20-idx37-seed42-1783524926113,0,447,0,0,0,0,0,0,0.000000,0.000000,0.000000,0.000000,0.000000,1231.575000,1
_home_max_Documents_PhD_MAPF_LNS_MAPF_LNS_SAT_mapf-map_warehouse-20-40-10-2-2_map-_home_max_Documents_PhD_MAPF_LNS_MAPF_LNS_SAT_mapf-scen-even_scen-even_warehouse-20-40-10-2-2-even-1_scen-agents20-idx38-seed42-1783524928218,0,459,1,1,1,4,22,9,0.000000,0.030000,0.091000,0.060000,0.009770,1271.391000,1
_home_max_Documents_PhD_MAPF_LNS_MAPF_LNS_SAT_mapf-map_warehouse-20-40-10-2-2_map-_home_max_Documents_PhD_MAPF_LNS_MAPF_LNS_SAT_mapf-scen-even_scen-even_warehouse-20-40-10-2-2-even-1_scen-agents20-idx39-seed42-1783524930373,0,412,0,0,0,0,0,0,0.000000,0.000000,0.000000,0.000000,0.000000,1256.136000,1
_home_max_Documents_PhD_MAPF_LNS_MAPF_LNS_SAT_mapf-map_warehouse-20-40-10-2-2_map-_home_max_Documents_PhD_MAPF_LNS_MAPF_LNS_SAT_mapf-scen-even_scen-even_warehouse-20-40-10-2-2-even-1_scen-agents20-idx40-seed42-1783524932529,0,440,0,0,0,0,0,0,0.000000,0.000000,0.000000,0.000000,0.000000,1337.392000,1
_home_max_Documents_PhD_MAPF_LNS_MAPF_LNS_SAT_mapf-map_warehouse-20-40-10-2-2_map-_home_max_Documents_PhD_MAPF_LNS_MAPF_LNS_SAT_mapf-scen-even_scen-even_warehouse-20-40-10-2-2-even-1_scen-agents20-idx41-seed42-1783524934736,0,457,1,1,1,4,22,9,0.000000,0.015000,0.072000,0.045000,0.009327,1240.809000,1
_home_max_Documents_PhD_MAPF_LNS_MAPF_LNS_SAT_mapf-map_warehouse-20-40-10-2-2_map-_home_max_Documents_PhD_MAPF_LNS_MAPF_LNS_SAT_mapf-scen-even_scen-even_warehouse-20-40-10-2-2-even-1_scen-agents20-idx42-seed42-1783524936889,0,462,2,1,7,13,362,143,0.000000,0.214000,0.413000,0.327000,0.037030,1369.329000,1
_home_max_Documents_PhD_MAPF_LNS_MAPF_LNS_SAT_mapf-map_warehouse-20-40-10-2-2_map-_home_max_Documents_PhD_MAPF_LNS_MAPF_LNS_SAT_mapf-scen-even_scen-even_warehouse-20-40-10-2-2-even-1_scen-agents20-idx43-seed42-1783524939146,0,435,3,2,8,14,389,152,0.000000,0.202000,0.397000,0.315000,0.036538,1223.027000,1
_home_max_Documents_PhD_MAPF_LNS_MAPF_LNS_SAT_mapf-map_warehouse-20-40-10-2-2_map-_home_max_Documents_PhD_MAPF_LNS_MAPF_LNS_SAT_mapf-scen-even_scen-even_warehouse-20-40-10-2-2-even-1_scen-agents20-idx44-seed42-1783524941250,0,432,8,7,11,33,267,116,0.000000,0.200000,0.567000,0.353000,0.040660,1252.703000,1
_home_max_Documents_PhD_MAPF_LNS_MAPF_LNS_SAT_mapf-map_warehouse-20-40-10-2-2_map-_home_max_Documents_PhD_MAPF_LNS_MAPF_LNS_SAT_mapf-scen-even_scen-even_warehouse-20-40-10-2-2-even-1_scen-agents20-idx45-seed42-1783524943405,0,464,1,1,1,2,20,9,0.000000,0.019000,0.053000,0.039000,0.009531,1205.023000,1
_home_max_Documents_PhD_MAPF_LNS_MAPF_LNS_SAT_mapf-map_warehouse-20-40-10-2-2_map-_home_max_Documents_PhD_MAPF_LNS_MAPF_LNS_SAT_mapf-scen-even_scen-even_warehouse-20-40-10-2-2-even-1_scen-agents20-idx46-seed42-1783524945513,0,394,1,1,1,4,22,9,0.000000,0.012000,0.074000,0.045000,0.008937,1013.192000,1
_home_max_Documents_PhD_MAPF_LNS_MAPF_LNS_SAT_mapf-map_warehouse-20-40-10-2-2_map-_home_max_Documents_PhD_MAPF_LNS_MAPF_LNS_SAT_mapf-scen-even_scen-even_warehouse-20-40-10-2-2-even-1_scen-agents20-idx47-seed42-1783524947417,0,417,3,2,8,17,372,150,0.000000,0.554000,0.440000,0.327000,0.041290,1274.162000,1
_home_max_Documents_PhD_MAPF_LNS_MAPF_LNS_SAT_mapf-map_warehouse-20-40-10-2-2_map-_home_max_Documents_PhD_MAPF_LNS_MAPF_LNS_SAT_mapf-scen-even_scen-even_warehouse-20-40-10-2-2-even-1_scen-agents20-idx48-seed42-1783524949572,0,448,2,2,2,3,49,20,0.000000,0.047000,0.113000,0.085000,0.017524,1172.954000,1
_home_max_Documents_PhD_MAPF_LNS_MAPF_LNS_SAT_mapf-map_warehouse-20-40-10-2-2_map-_home_max_Documents_PhD_MAPF_LNS_MAPF_LNS_SAT_mapf-scen-even_scen-even_warehouse-20-40-10-2-2-even-1_scen-agents20-idx49-seed42-1783524951627,0,446,1,1,1,4,22,9,0.000000,0.025000,0.083000,0.054000,0.012280,1120.963000,1
_home_max_Documents_PhD_MAPF_LNS_MAPF_LNS_SAT_mapf-map_warehouse-20-40-10-2-2_map-_home_max_Documents_PhD_MAPF_LNS_MAPF_LNS_SAT_mapf-scen-even_scen-even_warehouse-20-40-10-2-2-even-2_scen-agents20-idx0-seed42-1783524953632,0,442,6,4,14,24,621,250,0.000000,0.543000,0.672000,0.523000,0.055226,1385.113000,1
_home_max_Documents_PhD_MAPF_LNS_MAPF_LNS_SAT_mapf-map_warehouse-20-40-10-2-2_map-_home_max_Documents_PhD_MAPF_LNS_MAPF_LNS_SAT_mapf-scen-even_scen-even_warehouse-20-40-10-2-2-even-2_scen-agents20-idx1-seed42-1783524956038,0,455,2,2,3,4,52,25,0.000000,0.047000,0.150000,0.116000,0.015816,1247.553000,1
_home_max_Documents_PhD_MAPF_LNS_MAPF_LNS_SAT_mapf-map_warehouse-20-40-10-2-2_map-_home_max_Documents_PhD_MAPF_LNS_MAPF_LNS_SAT_mapf-scen-even_scen-even_warehouse-20-40-10-2-2-even-2_scen-agents20-idx2-seed42-1783524958194,0,449,0,0,0,0,0,0,0.000000,0.000000,0.000000,0.000000,0.000000,1188.495000,1
_home_max_Documents_PhD_MAPF_LNS_MAPF_LNS_SAT_mapf-map_warehouse-20-40-10-2-2_map-_home_max_Documents_PhD_MAPF_LNS_MAPF_LNS_SAT_mapf-scen-even_scen-even_warehouse-20-40-10-2-2-even-2_scen-agents20-idx3-seed42-1783524960249,0,465,6,5,14,28,529,215,0.000000,0.639000,0.747000,0.545000,0.069411,1347.430000,1
_home_max_Documents_PhD_MAPF_LNS_MAPF_LNS_SAT_mapf-map_warehouse-20-40-10-2-2_map-_home_max_Documents_PhD_MAPF_LNS_MAPF_LNS_SAT_mapf-scen-even_scen-even_warehouse-20-40-10-2-2-even-2_scen-agents20-idx4-seed42-1783524962504,0,427,1,1,3,7,93,38,0.000000,0.066000,0.156000,0.109000,0.018910,1129.851000,1
_home_max_Documents_PhD_MAPF_LNS_MAPF_LNS_SAT_mapf-map_warehouse-20-40-10-2-2_map-_home_max_Documents_PhD_MAPF_LNS_MAPF_LNS_SAT_mapf-scen-even_scen-even_warehouse-20-40-10-2-2-even-2_scen-agents20-idx5-seed42-1783524964510,0,465,0,0,0,0,0,0,0.000000,0.000000,0.000000,0.000000,0.000000,1421.337000,1
_home_max_Documents_PhD_MAPF_LNS_MAPF_LNS_SAT_mapf-map_warehouse-20-40-10-2-2_map-_home_max_Documents_PhD_MAPF_LNS_MAPF_LNS_SAT_mapf-scen-even_scen-even_warehouse-20-40-10-2-2-even-2_scen-agents20-idx6-seed42-1783524966816,0,450,4,4,4,12,94,38,0.000000,0.120000,0.378000,0.242000,0.030475,1453.449000,1
_home_max_Documents_PhD_MAPF_LNS_MAPF_LNS_SAT_mapf-map_warehouse-20-40-10-2-2_map-_home_max_Documents_PhD_MAPF_LNS_MAPF_LNS_SAT_mapf-scen-even_scen-even_warehouse-20-40-10-2-2-even-2_scen-agents20-idx7-seed42-1783524969172,0,447,0,0,0,0,0,0,0.000000,0.000000,0.000000,0.000000,0.000000,1270.961000,1
_home_max_Documents_PhD_MAPF_LNS_MAPF_LNS_SAT_mapf-map_warehouse-20-40-10-2-2_map-_home_max_Documents_PhD_MAPF_LNS_MAPF_LNS_SAT_mapf-scen-even_scen-even_warehouse-20-40-10-2-2-even-2_scen-agents20-idx8-seed42-1783524971377,0,422,0,0,0,0,0,0,0.000000,0.000000,0.000000,0.000000,0.000000,1229.447000,1
_home_max_Documents_PhD_MAPF_LNS_MAPF_LNS_SAT_mapf-map_warehouse-20-40-10-2-2_map-_home_max_Documents_PhD_MAPF_LNS_MAPF_LNS_SAT_mapf-scen-even_scen-even_warehouse-20-40-10-2-2-even-2_scen-agents20-idx9-seed42-1783524973484,0,440,2,1,7,13,350,141,0.000000,0.550000,0.363000,0.287000,0.035281,1125.866000,1
_home_max_Documents_PhD_MAPF_LNS_MAPF_LNS_SAT_mapf-map_warehouse-20-40-10-2-2_map-_home_max_Documents_PhD_MAPF_LNS_MAPF_LNS_SAT_mapf-scen-even_scen-even_warehouse-20-40-10-2-2-even-2_scen-agents20-idx10-seed42-1783524975488,0,460,5,4,11,20,332,146,0.000000,0.264000,0.522000,0.379000,0.045649,1476.253000,1
_home_max_Documents_PhD_MAPF_LNS_MAPF_LNS_SAT_mapf-map_warehouse-20-40-10-2-2_map-_home_max_Documents_PhD_MAPF_LNS_MAPF_LNS_SAT_mapf-scen-even_scen-even_warehouse-20-40-10-2-2-even-2_scen-agents20-idx11-seed42-1783524977895,0,459,3,3,3,7,66,28,0.000000,0.052000,0.157000,0.104000,0.016540,1532.844000,1
_home_max_Documents_PhD_MAPF_LNS_MAPF_LNS_SAT_mapf-map_warehouse-20-40-10-2-2_map-_home_max_Documents_PhD_MAPF_LNS_MAPF_LNS_SAT_mapf-scen-even_scen-even_warehouse-20-40-10-2-2-even-2_scen-agents20-idx12-seed42-1783524980351,0,450,1,1,1,2,25,10,0.000000,0.016000,0.063000,0.044000,0.009313,1115.207000,1
_home_max_Documents_PhD_MAPF_LNS_MAPF_LNS_SAT_mapf-map_warehouse-20-40-10-2-2_map-_home_max_Documents_PhD_MAPF_LNS_MAPF_LNS_SAT_mapf-scen-even_scen-even_warehouse-20-40-10-2-2-even-2_scen-agents20-idx13-seed42-1783524982356,0,412,2,2,2,6,47,19,0.000000,0.049000,0.150000,0.103000,0.014874,1243.418000,1
_home_max_Documents_PhD_MAPF_LNS_MAPF_LNS_SAT_mapf-map_warehouse-20-40-10-2-2_map-_home_max_Documents_PhD_MAPF_LNS_MAPF_LNS_SAT_mapf-scen-even_scen-even_warehouse-20-40-10-2-2-even-2_scen-agents20-idx14-seed42-1783524984463,0,434,0,0,0,0,0,0,0.000000,0.000000,0.000000,0.000000,0.000000,1208.154000,1
_home_max_Documents_PhD_MAPF_LNS_MAPF_LNS_SAT_mapf-map_warehouse-20-40-10-2-2_map-_home_max_Documents_PhD_MAPF_LNS_MAPF_LNS_SAT_mapf-scen-even_scen-even_warehouse-20-40-10-2-2-even-2_scen-agents20-idx15-seed42-1783524986569,0,439,0,0,0,0,0,0,0.000000,0.000000,0.000000,0.000000,0.000000,1147.467000,1
_home_max_Documents_PhD_MAPF_LNS_MAPF_LNS_SAT_mapf-map_warehouse-20-40-10-2-2_map-_home_max_Documents_PhD_MAPF_LNS_MAPF_LNS_SAT_mapf-scen-even_scen-even_warehouse-20-40-10-2-2-even-2_scen-agents20-idx16-seed42-1783524988624,0,446,2,1,5,9,210,84,0.000000,0.334000,0.250000,0.201000,0.016493,1309.800000,1
_home_max_Documents_PhD_MAPF_LNS_MAPF_LNS_SAT_mapf-map_warehouse-20-40-10-2-2_map-_home_max_Documents_PhD_MAPF_LNS_MAPF_LNS_SAT_mapf-scen-even_scen-even_warehouse-20-40-10-2-2-even-2_scen-agents20-idx17-seed42-1783524990828,0,423,0,0,0,0,0,0,0.000000,0.000000,0.000000,0.000000,0.000000,1065.951000,1
_home_max_Documents_PhD_MAPF_LNS_MAPF_LNS_SAT_mapf-map_warehouse-20-40-10-2-2_map-_home_max_Documents_PhD_MAPF_LNS_MAPF_LNS_SAT_mapf-scen-even_scen-even_warehouse-20-40-10-2-2-even-2_scen-agents20-idx18-seed42-1783524992783,0,452,1,1,1,4,23,10,0.000000,0.024000,0.090000,0.053000,0.009733,1255.128000,1
_home_max_Documents_PhD_MAPF_LNS_MAPF_LNS_SAT_mapf-map_warehouse-20-40-10-2-2_map-_home_max_Documents_PhD_MAPF_LNS_MAPF_LNS_SAT_mapf-scen-even_scen-even_warehouse-20-40-10-2-2-even-2_scen-agents20-idx19-seed42-1783524994889,0,448,0,0,0,0,0,0,0.000000,0.000000,0.000000,0.000000,0.000000,1141.625000,1
_home_max_Documents_PhD_MAPF_LNS_MAPF_LNS_SAT_mapf-map_warehouse-20-40-10-2-2_map-_home_max_Documents_PhD_MAPF_LNS_MAPF_LNS_SAT_mapf-scen-even_scen-even_warehouse-20-40-10-2-2-even-2_scen-agents20-idx20-seed42-1783524996944,0,463,0,0,0,0,0,0,0.000000,0.000000,0.000000,0.000000,0.000000,1453.053000,1
_home_max_Documents_PhD_MAPF_LNS_MAPF_LNS_SAT_mapf-map_warehouse-20-40-10-2-2_map-_home_max_Documents_PhD_MAPF_LNS_MAPF_LNS_SAT_mapf-scen-even_scen-even_warehouse-20-40-10-2-2-even-2_scen-agents20-idx21-seed42-1783524999301,0,461,5,4,12,22,479,196,0.000000,0.331000,0.563000,0.432000,0.053147,1390.810000,1
_home_max_Documents_PhD_MAPF_LNS_MAPF_LNS_SAT_mapf-map_warehouse-20-40-10-2-2_map-_home_max_Documents_PhD_MAPF_LNS_MAPF_LNS_SAT_mapf-scen-even_scen-even_warehouse-20-40-10-2-2-even-2_scen-agents20-idx22-seed42-1783525001605,0,419,4,4,4,8,85,38,0.000000,0.153000,0.242000,0.164000,0.022967,1293.429000,1
_home_max_Documents_PhD_MAPF_LNS_MAPF_LNS_SAT_mapf-map_warehouse-20-40-10-2-2_map-_home_max_Documents_PhD_MAPF_LNS_MAPF_LNS_SAT_mapf-scen-even_scen-even_warehouse-20-40-10-2-2-even-2_scen-agents20-idx23-seed42-1783525003761,0,464,0,0,0,0,0,0,0.000000,0.000000,0.000000,0.000000,0.000000,1195.673000,1
_home_max_Documents_PhD_MAPF_LNS_MAPF_LNS_SAT_mapf-map_warehouse-20-40-10-2-2_map-_home_max_Documents_PhD_MAPF_LNS_MAPF_LNS_SAT_mapf-scen-even_scen-even_warehouse-20-40-10-2-2-even-2_scen-agents20-idx24-seed42-1783525005817,0,441,1,1,2,3,32,17,0.000000,0.034000,0.085000,0.065000,0.011153,1272.961000,1
_home_max_Documents_PhD_MAPF_LNS_MAPF_LNS_SAT_mapf-map_warehouse-20-40-10-2-2_map-_home_max_Documents_PhD_MAPF_LNS_MAPF_LNS_SAT_mapf-scen-even_scen-even_warehouse-20-40-10-2-2-even-2_scen-agents20-idx25-seed42-1783525007971,0,443,3,2,6,10,229,93,0.000000,0.180000,0.365000,0.270000,0.030000,1273.397000,1
_home_max_Documents_PhD_MAPF_LNS_MAPF_LNS_SAT_mapf-map_warehouse-20-40-10-2-2_map-_home_max_Documents_PhD_MAPF_LNS_MAPF_LNS_SAT_mapf-scen-even_scen-even_warehouse-20-40-10-2-2-even-2_scen-agents20-idx26-seed42-1783525010127,0,456,2,2,4,6,127,50,0.000000,0.115000,0.189000,0.149000,0.018943,1309.096000,1
_home_max_Documents_PhD_MAPF_LNS_MAPF_LNS_SAT_mapf-map_warehouse-20-40-10-2-2_map-_home_max_Documents_PhD_MAPF_LNS_MAPF_LNS_SAT_mapf-scen-even_scen-even_warehouse-20-40-10-2-2-even-2_scen-agents20-idx27-seed42-1783525012331,0,462,3,2,6,10,207,91,0.000000,0.128000,0.251000,0.190000,0.021458,1274.493000,1
_home_max_Documents_PhD_MAPF_LNS_MAPF_LNS_SAT_mapf-map_warehouse-20-40-10-2-2_map-_home_max_Documents_PhD_MAPF_LNS_MAPF_LNS_SAT_mapf-scen-even_scen-even_warehouse-20-40-10-2-2-even-2_scen-agents20-idx28-seed42-1783525014487,0,416,3,2,7,12,281,124,0.000000,0.618000,0.412000,0.308000,0.035903,1163.348000,1
_home_max_Documents_PhD_MAPF_LNS_MAPF_LNS_SAT_mapf-map_warehouse-20-40-10-2-2_map-_home_max_Documents_PhD_MAPF_LNS_MAPF_LNS_SAT_mapf-scen-even_scen-even_warehouse-20-40-10-2-2-even-2_scen-agents20-idx29-seed42-1783525016495,0,415,2,2,3,5,41,22,0.000000,0.033000,0.132000,0.094000,0.015538,1045.719000,1
_home_max_Documents_PhD_MAPF_LNS_MAPF_LNS_SAT_mapf-map_warehouse-20-40-10-2-2_map-_home_max_Documents_PhD_MAPF_LNS_MAPF_LNS_SAT_mapf-scen-even_scen-even_warehouse-20-40-10-2-2-even-2_scen-agents20-idx30-seed42-1783525018346,0,451,2,2,4,7,168,69,0.001000,0.160000,0.237000,0.180000,0.021751,1294.196000,1
_home_max_Documents_PhD_MAPF_LNS_MAPF_LNS_SAT_mapf-map_warehouse-20-40-10-2-2_map-_home_max_Documents_PhD_MAPF_LNS_MAPF_LNS_SAT_mapf-scen-even_scen-even_warehouse-20-40-10-2-2-even-2_scen-agents20-idx31-seed42-1783525020451,0,445,2,2,2,5,46,19,0.000000,0.052000,0.124000,0.085000,0.020878,1160.378000,1
_home_max_Documents_PhD_MAPF_LNS_MAPF_LNS_SAT_mapf-map_warehouse-20-40-10-2-2_map-_home_max_Documents_PhD_MAPF_LNS_MAPF_LNS_SAT_mapf-scen-even_scen-even_warehouse-20-40-10-2-2-even-2_scen-agents20-idx32-seed42-1783525022460,0,462,0,0,0,0,0,0,0.000000,0.000000,0.000000,0.000000,0.000000,1177.992000,1
_home_max_Documents_PhD_MAPF_LNS_MAPF_LNS_SAT_mapf-map_warehouse-20-40-10-2-2_map-_home_max_Documents_PhD_MAPF_LNS_MAPF_LNS_SAT_mapf-scen-even_scen-even_warehouse-20-40-10-2-2-even-2_scen-agents20-idx33-seed42-1783525024459,0,434,1,1,1,4,22,9,0.000000,0.020000,0.075000,0.048000,0.009354,1120.878000,1
_home_max_Documents_PhD_MAPF_LNS_MAPF_LNS_SAT_mapf-map_warehouse-20-40-10-2-2_map-_home_max_Documents_PhD_MAPF_LNS_MAPF_LNS_SAT_mapf-scen-even_scen-even_warehouse-20-40-10-2-2-even-2_scen-agents20-idx34-seed42-1783525026418,0,357,3,3,3,7,59,26,0.000000,0.045000,0.153000,0.103000,0.016523,1013.256000,1
_home_max_Documents_PhD_MAPF_LNS_MAPF_LNS_SAT_mapf-map_warehouse-20-40-10-2-2_map-_home_max_Documents_PhD_MAPF_LNS_MAPF_LNS_SAT_mapf-scen-even_scen-even_warehouse-20-40-10-2-2-even-2_scen-agents20-idx35-seed42-1783525028274,0,466,8,6,19,37,828,332,0.002000,0.637000,0.967000,0.741000,0.084994,1139.397000,1
_home_max_Documents_PhD_MAPF_LNS_MAPF_LNS_SAT_mapf-map_warehouse-20-40-10-2-2_map-_home_max_Documents_PhD_MAPF_LNS_MAPF_LNS_SAT_mapf-scen-even_scen-even_warehouse-20-40-10-2-2-even-2_scen-agents20-idx36-seed42-1783525030224,0,352,2,2,4,9,143,52,0.000000,0.098000,0.238000,0.175000,0.025751,1018.476000,1
_home_max_Documents_PhD_MAPF_LNS_MAPF_LNS_SAT_mapf-map_warehouse-20-40-10-2-2_map-_home_max_Documents_PhD_MAPF_LNS_MAPF_LNS_SAT_mapf-scen-even_scen-even_warehouse-20-40-10-2-2-even-2_scen-agents20-idx37-seed42-1783525032026,0,424,2,2,2,2,48,20,0.000000,0.047000,0.096000,0.074000,0.014231,1083.621000,1
_home_max_Documents_PhD_MAPF_LNS_MAPF_LNS_SAT_mapf-map_warehouse-20-40-10-2-2_map-_home_max_Documents_PhD_MAPF_LNS_MAPF_LNS_SAT_mapf-scen-even_scen-even_warehouse-20-40-10-2-2-even-2_scen-agents20-idx38-seed42-1783525033935,0,472,1,1,2,3,28,15,0.000000,0.026000,0.073000,0.051000,0.009801,1168.522000,1
_home_max_Documents_PhD_MAPF_LNS_MAPF_LNS_SAT_mapf-map_warehouse-20-40-10-2-2_map-_home_max_Documents_PhD_MAPF_LNS_MAPF_LNS_SAT_mapf-scen-even_scen-even_warehouse-20-40-10-2-2-even-2_scen-agents20-idx39-seed42-1783525035939,0,464,0,0,0,0,0,0,0.000000,0.000000,0.000000,0.000000,0.000000,1180.269000,1
_home_max_Documents_PhD_MAPF_LNS_MAPF_LNS_SAT_mapf-map_warehouse-20-40-10-2-2_map-_home_max_Documents_PhD_MAPF_LNS_MAPF_LNS_SAT_mapf-scen-even_scen-even_warehouse-20-40-10-2-2-even-2_scen-agents20-idx40-seed42-1783525037938,0,455,3,3,5,15,137,56,0.000000,0.116000,0.326000,0.219000,0.031744,1312.019000,1
_home_max_Documents_PhD_MAPF_LNS_MAPF_LNS_SAT_mapf-map_warehouse-20-40-10-2-2_map-_home_max_Documents_PhD_MAPF_LNS_MAPF_LNS_SAT_mapf-scen-even_scen-even_warehouse-20-40-10-2-2-even-2_scen-agents20-idx41-seed42-1783525040099,0,460,4,2,14,26,764,293,0.002000,0.843000,0.809000,0.647000,0.071053,1094.188000,1
_home_max_Documents_PhD_MAPF_LNS_MAPF_LNS_SAT_mapf-map_warehouse-20-40-10-2-2_map-_home_max_Documents_PhD_MAPF_LNS_MAPF_LNS_SAT_mapf-scen-even_scen-even_warehouse-20-40-10-2-2-even-2_scen-agents20-idx42-seed42-1783525042053,0,376,6,4,14,30,606,245,0.000000,0.426000,0.893000,0.652000,0.073100,1071.301000,1
_home_max_Documents_PhD_MAPF_LNS_MAPF_LNS_SAT_mapf-map_warehouse-20-40-10-2-2_map-_home_max_Documents_PhD_MAPF_LNS_MAPF_LNS_SAT_mapf-scen-even_scen-even_warehouse-20-40-10-2-2-even-2_scen-agents20-idx43-seed42-1783525043958,0,467,3,2,6,11,245,98,0.000000,0.478000,0.415000,0.316000,0.029566,1345.674000,1
_home_max_Documents_PhD_MAPF_LNS_MAPF_LNS_SAT_mapf-map_warehouse-20-40-10-2-2_map-_home_max_Documents_PhD_MAPF_LNS_MAPF_LNS_SAT_mapf-scen-even_scen-even_warehouse-20-40-10-2-2-even-2_scen-agents20-idx44-seed42-1783525046162,0,466,4,3,9,21,394,159,0.000000,0.353000,0.669000,0.493000,0.055977,1162.459000,1
_home_max_Documents_PhD_MAPF_LNS_MAPF_LNS_SAT_mapf-map_warehouse-20-40-10-2-2_map-_home_max_Documents_PhD_MAPF_LNS_MAPF_LNS_SAT_mapf-scen-even_scen-even_warehouse-20-40-10-2-2-even-2_scen-agents20-idx45-seed42-1783525048167,0,446,2,2,3,7,50,24,0.001000,0.051000,0.186000,0.124000,0.024690,1167.835000,1
_home_max_Documents_PhD_MAPF_LNS_MAPF_LNS_SAT_mapf-map_warehouse-20-40-10-2-2_map-_home_max_Documents_PhD_MAPF_LNS_MAPF_LNS_SAT_mapf-scen-even_scen-even_warehouse-20-40-10-2-2-even-2_scen-agents20-idx46-seed42-1783525050166,0,451,0,0,0,0,0,0,0.000000,0.000000,0.000000,0.000000,0.000000,1023.875000,1
_home_max_Documents_PhD_MAPF_LNS_MAPF_LNS_SAT_mapf-map_warehouse-20-40-10-2-2_map-_home_max_Documents_PhD_MAPF_LNS_MAPF_LNS_SAT_mapf-scen-even_scen-even_warehouse-20-40-10-2-2-even-2_scen-agents20-idx47-seed42-1783525052024,0,461,2,2,3,7,50,24,0.000000,0.046000,0.142000,0.093000,0.014014,1230.252000,1
_home_max_Documents_PhD_MAPF_LNS_MAPF_LNS_SAT_mapf-map_warehouse-20-40-10-2-2_map-_home_max_Documents_PhD_MAPF_LNS_MAPF_LNS_SAT_mapf-scen-even_scen-even_warehouse-20-40-10-2-2-even-2_scen-agents20-idx48-seed42-1783525054078,0,465,1,1,2,3,678,263,0.000000,0.723000,0.450000,0.379000,0.039442,1091.010000,1
_home_max_Documents_PhD_MAPF_LNS_MAPF_LNS_SAT_mapf-map_warehouse-20-40-10-2-2_map-_home_max_Documents_PhD_MAPF_LNS_MAPF_LNS_SAT_mapf-scen-even_scen-even_warehouse-20-40-10-2-2-even-2_scen-agents20-idx49-seed42-1783525055979,0,414,3,2,8,14,407,158,0.000000,0.433000,0.401000,0.320000,0.033018,1092.339000,1
_home_max_Documents_PhD_MAPF_LNS_MAPF_LNS_SAT_mapf-map_warehouse-20-40-10-2-2_map-_home_max_Documents_PhD_MAPF_LNS_MAPF_LNS_SAT_mapf-scen-even_scen-even_warehouse-20-40-10-2-2-even-1_scen-agents50-idx0-seed42-1783525057888,0,450,13,12,27,66,904,366,0.001000,0.563000,1.622000,1.127000,0.142957,3615.662000,1
_home_max_Documents_PhD_MAPF_LNS_MAPF_LNS_SAT_mapf-map_warehouse-20-40-10-2-2_map-_home_max_Documents_PhD_MAPF_LNS_MAPF_LNS_SAT_mapf-scen-even_scen-even_warehouse-20-40-10-2-2-even-1_scen-agents50-idx1-seed42-1783525063554,0,433,17,15,29,59,937,394,0.000000,0.584000,1.405000,0.997000,0.111938,3371.488000,1
_home_max_Documents_PhD_MAPF_LNS_MAPF_LNS_SAT_mapf-map_warehouse-20-40-10-2-2_map-_home_max_Documents_PhD_MAPF_LNS_MAPF_LNS_SAT_mapf-scen-even_scen-even_warehouse-20-40-10-2-2-even-1_scen-agents50-idx2-seed42-1783525068912,0,460,12,11,20,46,555,237,0.000000,0.405000,0.995000,0.688000,0.075031,3581.832000,1
_home_max_Documents_PhD_MAPF_LNS_MAPF_LNS_SAT_mapf-map_warehouse-20-40-10-2-2_map-_home_max_Documents_PhD_MAPF_LNS_MAPF_LNS_SAT_mapf-scen-even_scen-even_warehouse-20-40-10-2-2-even-1_scen-agents50-idx3-seed42-1783525074529,0,452,8,6,18,30,590,263,0.001000,2.860000,0.836000,0.630000,0.074678,3653.751000,1
_home_max_Documents_PhD_MAPF_LNS_MAPF_LNS_SAT_mapf-map_warehouse-20-40-10-2-2_map-_home_max_Documents_PhD_MAPF_LNS_MAPF_LNS_SAT_mapf-scen-even_scen-even_warehouse-20-40-10-2-2-even-1_scen-agents50-idx4-seed42-1783525080186,0,460,13,10,30,56,1065,445,0.000000,0.711000,1.869000,1.497000,0.107793,3389.272000,1
_home_max_Documents_PhD_MAPF_LNS_MAPF_LNS_SAT_mapf-map_warehouse-20-40-10-2-2_map-_home_max_Documents_PhD_MAPF_LNS_MAPF_LNS_SAT_mapf-scen-even_scen-even_warehouse-20-40-10-2-2-even-1_scen-agents50-idx5-seed42-1783525085605,0,452,17,15,31,60,995,418,0.001000,0.765000,1.597000,1.153000,0.133393,3623.351000,1
_home_max_Documents_PhD_MAPF_LNS_MAPF_LNS_SAT_mapf-map_warehouse-20-40-10-2-2_map-_home_max_Documents_PhD_MAPF_LNS_MAPF_LNS_SAT_mapf-scen-even_scen-even_warehouse-20-40-10-2-2-even-1_scen-agents50-idx6-seed42-1783525091269,0,466,21,15,50,102,2080,827,0.001000,1.268000,2.737000,2.039000,0.212922,3445.894000,1
_home_max_Documents_PhD_MAPF_LNS_MAPF_LNS_SAT_mapf-map_warehouse-20-40-10-2-2_map-_home_max_Documents_PhD_MAPF_LNS_MAPF_LNS_SAT_mapf-scen-even_scen-even_warehouse-20-40-10-2-2-even-1_scen-agents50-idx7-seed42-1783525096724,0,462,22,15,58,115,2559,1024,0.003000,1.668000,3.763000,2.971000,0.269212,3681.390000,1
_home_max_Documents_PhD_MAPF_LNS_MAPF_LNS_SAT_mapf-map_warehouse-20-40-10-2-2_map-_home_max_Documents_PhD_MAPF_LNS_MAPF_LNS_SAT_mapf-scen-even_scen-even_warehouse-20-40-10-2-2-even-1_scen-agents50-idx8-seed42-1783525102385,0,447,13,12,25,56,871,372,0.001000,0.568000,1.820000,1.416000,0.104086,3305.733000,1
_home_max_Documents_PhD_MAPF_LNS_MAPF_LNS_SAT_mapf-map_warehouse-20-40-10-2-2_map-_home_max_Documents_PhD_MAPF_LNS_MAPF_LNS_SAT_mapf-scen-even_scen-even_warehouse-20-40-10-2-2-even-1_scen-agents50-idx9-seed42-1783525107751,0,444,7,6,14,31,623,267,0.000000,0.365000,0.771000,0.552000,0.053662,3179.333000,1
_home_max_Documents_PhD_MAPF_LNS_MAPF_LNS_SAT_mapf-map_warehouse-20-40-10-2-2_map-_home_max_Documents_PhD_MAPF_LNS_MAPF_LNS_SAT_mapf-scen-even_scen-even_warehouse-20-40-10-2-2-even-1_scen-agents50-idx10-seed42-1783525112908,0,454,17,13,41,83,1594,643,0.000000,0.978000,2.570000,2.017000,0.159823,3504.077000,1
_home_max_Documents_PhD_MAPF_LNS_MAPF_LNS_SAT_mapf-map_warehouse-20-40-10-2-2_map-_home_max_Documents_PhD_MAPF_LNS_MAPF_LNS_SAT_mapf-scen-even_scen-even_warehouse-20-40-10-2-2-even-1_scen-agents50-idx11-seed42-1783525118422,0,442,7,7,12,22,276,118,0.000000,0.159000,0.907000,0.746000,0.042207,3293.994000,1
_home_max_Documents_PhD_MAPF_LNS_MAPF_LNS_SAT_mapf-map_warehouse-20-40-10-2-2_map-_home_max_Documents_PhD_MAPF_LNS_MAPF_LNS_SAT_mapf-scen-even_scen-even_warehouse-20-40-10-2-2-even-1_scen-agents50-idx12-seed42-1783525123744,0,451,17,14,40,81,1661,661,0.000000,0.935000,2.024000,1.505000,0.167832,3288.401000,1
_home_max_Documents_PhD_MAPF_LNS_MAPF_LNS_SAT_mapf-map_warehouse-20-40-10-2-2_map-_home_max_Documents_PhD_MAPF_LNS_MAPF_LNS_SAT_mapf-scen-even_scen-even_warehouse-20-40-10-2-2-even-1_scen-agents50-idx13-seed42-1783525129046,0,462,9,8,17,38,489,208,0.001000,0.363000,1.268000,0.968000,0.072486,3644.187000,1
_home_max_Documents_PhD_MAPF_LNS_MAPF_LNS_SAT_mapf-map_warehouse-20-40-10-2-2_map-_home_max_Documents_PhD_MAPF_LNS_MAPF_LNS_SAT_mapf-scen-even_scen-even_warehouse-20-40-10-2-2-even-1_scen-agents50-idx14-seed42-1783525134712,0,465,11,9,26,55,1079,440,0.000000,2.742000,1.426000,1.062000,0.132147,3123.927000,1
_home_max_Documents_PhD_MAPF_LNS_MAPF_LNS_SAT_mapf-map_warehouse-20-40-10-2-2_map-_home_max_Documents_PhD_MAPF_LNS_MAPF_LNS_SAT_mapf-scen-even_scen-even_warehouse-20-40-10-2-2-even-1_scen-agents50-idx15-seed42-1783525139827,0,459,5,5,7,16,184,76,0.000000,0.135000,0.414000,0.285000,0.045435,3335.493000,1
_home_max_Documents_PhD_MAPF_LNS_MAPF_LNS_SAT_mapf-map_warehouse-20-40-10-2-2_map-_home_max_Documents_PhD_MAPF_LNS_MAPF_LNS_SAT_mapf-scen-even_scen-even_warehouse-20-40-10-2-2-even-1_scen-agents50-idx16-seed42-1783525145190,0,462,12,10,23,56,758,309,0.000000,0.458000,1.214000,0.850000,0.103556,3436.426000,1
_home_max_Documents_PhD_MAPF_LNS_MAPF_LNS_SAT_mapf-map_warehouse-20-40-10-2-2_map-_home_max_Documents_PhD_MAPF_LNS_MAPF_LNS_SAT_mapf-scen-even_scen-even_warehouse-20-40-10-2-2-even-1_scen-agents50-idx17-seed42-1783525150655,0,447,13,11,25,56,864,365,0.000000,0.575000,1.243000,0.886000,0.102618,3473.570000,1
_home_max_Documents_PhD_MAPF_LNS_MAPF_LNS_SAT_mapf-map_warehouse-20-40-10-2-2_map-_home_max_Documents_PhD_MAPF_LNS_MAPF_LNS_SAT_mapf-scen-even_scen-even_warehouse-20-40-10-2-2-even-1_scen-agents50-idx18-seed42-1783525156168,0,464,9,8,15,32,605,226,0.000000,0.367000,1.346000,1.111000,0.065220,2978.298000,1
_home_max_Documents_PhD_MAPF_LNS_MAPF_LNS_SAT_mapf-map_warehouse-20-40-10-2-2_map-_home_max_Documents_PhD_MAPF_LNS_MAPF_LNS_SAT_mapf-scen-even_scen-even_warehouse-20-40-10-2-2-even-1_scen-agents50-idx19-seed42-1783525161129,0,448,23,18,50,98,1952,781,0.001000,1.226000,2.578000,1.939000,0.212471,3458.753000,1
_home_max_Documents_PhD_MAPF_LNS_MAPF_LNS_SAT_mapf-map_warehouse-20-40-10-2-2_map-_home_max_Documents_PhD_MAPF_LNS_MAPF_LNS_SAT_mapf-scen-even_scen-even_warehouse-20-40-10-2-2-even-2_scen-agents50-idx0-seed42-1783525166589,0,455,15,12,29,62,1131,461,0.006000,0.998000,2.204000,1.605000,0.181922,3591.021000,1
_home_max_Documents_PhD_MAPF_LNS_MAPF_LNS_SAT_mapf-map_warehouse-20-40-10-2-2_map-_home_max_Documents_PhD_MAPF_LNS_MAPF_LNS_SAT_mapf-scen-even_scen-even_warehouse-20-40-10-2-2-even-2_scen-agents50-idx1-seed42-1783525172208,0,465,14,10,39,81,3225,1153,0.003000,1.724000,2.763000,2.200000,0.233221,3352.184000,1
_home_max_Documents_PhD_MAPF_LNS_MAPF_LNS_SAT_mapf-map_warehouse-20-40-10-2-2_map-_home_max_Documents_PhD_MAPF_LNS_MAPF_LNS_SAT_mapf-scen-even_scen-even_warehouse-20-40-10-2-2-even-2_scen-agents50-idx2-seed42-1783525177567,0,465,25,20,50,107,1922,775,0.007000,1.383000,3.479000,2.721000,0.218858,3982.911000,1
_home_max_Documents_PhD_MAPF_LNS_MAPF_LNS_SAT_mapf-map_warehouse-20-40-10-2-2_map-_home_max_Documents_PhD_MAPF_LNS_MAPF_LNS_SAT_mapf-scen-even_scen-even_warehouse-20-40-10-2-2-even-2_scen-agents50-idx3-seed42-1783525183531,0,447,7,7,11,28,300,127,0.000000,0.209000,0.597000,0.411000,0.054428,3386.461000,1
_home_max_Documents_PhD_MAPF_LNS_MAPF_LNS_SAT_mapf-map_warehouse-20-40-10-2-2_map-_home_max_Documents_PhD_MAPF_LNS_MAPF_LNS_SAT_mapf-scen-even_scen-even_warehouse-20-40-10-2-2-even-2_scen-agents50-idx4-seed42-1783525188948,0,460,26,22,49,100,1709,680,0.000000,3.397000,2.563000,1.826000,0.189967,4099.218000,1
_home_max_Documents_PhD_MAPF_LNS_MAPF_LNS_SAT_mapf-map_warehouse-20-40-10-2-2_map-_home_max_Documents_PhD_MAPF_LNS_MAPF_LNS_SAT_mapf-scen-even_scen-even_warehouse-20-40-10-2-2-even-2_scen-agents50-idx5-seed42-1783525195064,0,434,12,10,23,47,684,296,0.001000,0.556000,1.108000,0.775000,0.084015,3070.448000,1
_home_max_Documents_PhD_MAPF_LNS_MAPF_LNS_SAT_mapf-map_warehouse-20-40-10-2-2_map-_home_max_Documents_PhD_MAPF_LNS_MAPF_LNS_SAT_mapf-scen-even_scen-even_warehouse-20-40-10-2-2-even-2_scen-agents50-idx6-seed42-1783525200173,0,446,5,5,9,24,262,105,0.000000,0.173000,0.514000,0.345000,0.047664,3218.782000,1
_home_max_Documents_PhD_MAPF_LNS_MAPF_LNS_SAT_mapf-map_warehouse-20-40-10-2-2_map-_home_max_Documents_PhD_MAPF_LNS_MAPF_LNS_SAT_mapf-scen-even_scen-even_warehouse-20-40-10-2-2-even-2_scen-agents50-idx7-seed42-1783525205391,0,452,21,17,48,102,1792,727,0.003000,1.110000,2.930000,2.198000,0.214216,3459.347000,1
_home_max_Documents_PhD_MAPF_LNS_MAPF_LNS_SAT_mapf-map_warehouse-20-40-10-2-2_map-_home_max_Documents_PhD_MAPF_LNS_MAPF_LNS_SAT_mapf-scen-even_scen-even_warehouse-20-40-10-2-2-even-2_scen-agents50-idx8-seed42-1783525210854,0,463,19,13,47,87,2008,809,0.004000,1.351000,3.367000,2.804000,0.208759,3871.020000,1
_home_max_Documents_PhD_MAPF_LNS_MAPF_LNS_SAT_mapf-map_warehouse-20-40-10-2-2_map-_home_max_Documents_PhD_MAPF_LNS_MAPF_LNS_SAT_mapf-scen-even_scen-even_warehouse-20-40-10-2-2-even-2_scen-agents50-idx9-seed42-1783525216713,0,464,12,12,18,41,444,185,0.000000,0.314000,1.286000,0.998000,0.072681,3481.395000,1
_home_max_Documents_PhD_MAPF_LNS_MAPF_LNS_SAT_mapf-map_warehouse-20-40-10-2-2_map-_home_max_Documents_PhD_MAPF_LNS_MAPF_LNS_SAT_mapf-scen-even_scen-even_warehouse-20-40-10-2-2-even-2_scen-agents50-idx10-seed42-1783525222230,0,462,18,14,33,60,1215,497,0.000000,0.782000,2.104000,1.694000,0.115873,3627.041000,1
_home_max_Documents_PhD_MAPF_LNS_MAPF_LNS_SAT_mapf-map_warehouse-20-40-10-2-2_map-_home_max_Documents_PhD_MAPF_LNS_MAPF_LNS_SAT_mapf-scen-even_scen-even_warehouse-20-40-10-2-2-even-2_scen-agents50-idx11-seed42-1783525227894,0,416,12,11,24,45,684,304,0.000000,0.551000,1.774000,1.436000,0.101668,3331.151000,1
_home_max_Documents_PhD_MAPF_LNS_MAPF_LNS_SAT_mapf-map_warehouse-20-40-10-2-2_map-_home_max_Documents_PhD_MAPF_LNS_MAPF_LNS_SAT_mapf-scen-even_scen-even_warehouse-20-40-10-2-2-even-2_scen-agents50-idx12-seed42-1783525233208,0,462,18,16,31,66,1121,450,0.000000,0.881000,2.302000,1.825000,0.126718,3708.135000,1
_home_max_Documents_PhD_MAPF_LNS_MAPF_LNS_SAT_mapf-map_warehouse-20-40-10-2-2_map-_home_max_Documents_PhD_MAPF_LNS_MAPF_LNS_SAT_mapf-scen-even_scen-even_warehouse-20-40-10-2-2-even-2_scen-agents50-idx13-seed42-1783525238918,0,434,8,7,19,41,712,286,0.001000,0.435000,0.972000,0.705000,0.088415,3203.995000,1
_home_max_Documents_PhD_MAPF_LNS_MAPF_LNS_SAT_mapf-map_warehouse-20-40-10-2-2_map-_home_max_Documents_PhD_MAPF_LNS_MAPF_LNS_SAT_mapf-scen-even_scen-even_warehouse-20-40-10-2-2-even-2_scen-agents50-idx14-seed42-1783525244081,0,466,22,18,48,92,2017,798,0.007000,1.165000,2.856000,2.262000,0.206463,3211.661000,1
_home_max_Documents_PhD_MAPF_LNS_MAPF_LNS_SAT_mapf-map_warehouse-20-40-10-2-2_map-_home_max_Documents_PhD_MAPF_LNS_MAPF_LNS_SAT_mapf-scen-even_scen-even_warehouse-20-40-10-2-2-even-2_scen-agents50-idx15-seed42-1783525249299,0,472,11,11,21,42,552,242,0.001000,0.524000,1.813000,1.516000,0.081132,3475.653000,1
_home_max_Documents_PhD_MAPF_LNS_MAPF_LNS_SAT_mapf-map_warehouse-20-40-10-2-2_map-_home_max_Documents_PhD_MAPF_LNS_MAPF_LNS_SAT_mapf-scen-even_scen-even_warehouse-20-40-10-2-2-even-2_scen-agents50-idx16-seed42-1783525254812,0,460,15,14,28,70,973,389,0.000000,0.661000,1.625000,1.128000,0.118753,3413.331000,1
_home_max_Documents_PhD_MAPF_LNS_MAPF_LNS_SAT_mapf-map_warehouse-20-40-10-2-2_map-_home_max_Documents_PhD_MAPF_LNS_MAPF_LNS_SAT_mapf-scen-even_scen-even_warehouse-20-40-10-2-2-even-2_scen-agents50-idx17-seed42-1783525260221,0,467,11,10,18,39,483,206,0.001000,0.401000,0.928000,0.639000,0.060823,3573.511000,1
_home_max_Documents_PhD_MAPF_LNS_MAPF_LNS_SAT_mapf-map_warehouse-20-40-10-2-2_map-_home_max_Documents_PhD_MAPF_LNS_MAPF_LNS_SAT_mapf-scen-even_scen-even_warehouse-20-40-10-2-2-even-2_scen-agents50-idx18-seed42-1783525265839,0,461,16,15,23,49,672,294,0.004000,0.470000,1.666000,1.291000,0.087664,3381.393000,1
_home_max_Documents_PhD_MAPF_LNS_MAPF_LNS_SAT_mapf-map_warehouse-20-40-10-2-2_map-_home_max_Documents_PhD_MAPF_LNS_MAPF_LNS_SAT_mapf-scen-even_scen-even_warehouse-20-40-10-2-2-even-2_scen-agents50-idx19-seed42-1783525271250,0,465,9,8,22,42,1066,443,0.002000,0.880000,1.369000,1.044000,0.111583,3269.984000,1
_home_max_Documents_PhD_MAPF_LNS_MAPF_LNS_SAT_mapf-map_warehouse-20-40-10-2-2_map-_home_max_Documents_PhD_MAPF_LNS_MAPF_LNS_SAT_mapf-scen-even_scen-even_warehouse-20-40-10-2-2-even-3_scen-agents50-idx0-seed42-1783525276512,0,448,9,8,15,28,441,186,0.000000,0.292000,0.692000,0.498000,0.057380,3344.805000,1
_home_max_Documents_PhD_MAPF_LNS_MAPF_LNS_SAT_mapf-map_warehouse-20-40-10-2-2_map-_home_max_Documents_PhD_MAPF_LNS_MAPF_LNS_SAT_mapf-scen-even_scen-even_warehouse-20-40-10-2-2-even-3_scen-agents50-idx1-seed42-1783525281871,0,420,12,10,23,39,673,291,0.002000,0.479000,1.521000,1.231000,0.077136,3330.162000,1
_home_max_Documents_PhD_MAPF_LNS_MAPF_LNS_SAT_mapf-map_warehouse-20-40-10-2-2_map-_home_max_Documents_PhD_MAPF_LNS_MAPF_LNS_SAT_mapf-scen-even_scen-even_warehouse-20-40-10-2-2-even-3_scen-agents50-idx2-seed42-1783525287182,0,450,14,12,32,67,1200,491,0.000000,0.846000,2.161000,1.722000,0.152789,3532.227000,1
_home_max_Documents_PhD_MAPF_LNS_MAPF_LNS_SAT_mapf-map_warehouse-20-40-10-2-2_map-_home_max_Documents_PhD_MAPF_LNS_MAPF_LNS_SAT_mapf-scen-even_scen-even_warehouse-20-40-10-2-2-even-3_scen-agents50-idx3-seed42-1783525292690,0,457,15,11,38,77,1587,639,0.000000,0.950000,2.436000,1.962000,0.145059,3319.330000,1
_home_max_Documents_PhD_MAPF_LNS_MAPF_LNS_SAT_mapf-map_warehouse-20-40-10-2-2_map-_home_max_Documents_PhD_MAPF_LNS_MAPF_LNS_SAT_mapf-scen-even_scen-even_warehouse-20-40-10-2-2-even-3_scen-agents50-idx4-seed42-1783525298005,0,450,10,8,20,42,752,314,0.000000,0.558000,1.037000,0.754000,0.086898,3488.555000,1
_home_max_Documents_PhD_MAPF_LNS_MAPF_LNS_SAT_mapf-map_warehouse-20-40-10-2-2_map-_home_max_Documents_PhD_MAPF_LNS_MAPF_LNS_SAT_mapf-scen-even_scen-even_warehouse-20-40-10-2-2-even-3_scen-agents50-idx5-seed42-1783525303516,0,454,15,12,30,66,1131,470,0.000000,0.820000,1.685000,1.225000,0.130532,3450.610000,1
_home_max_Documents_PhD_MAPF_LNS_MAPF_LNS_SAT_mapf-map_warehouse-20-40-10-2-2_map-_home_max_Documents_PhD_MAPF_LNS_MAPF_LNS_SAT_mapf-scen-even_scen-even_warehouse-20-40-10-2-2-even-3_scen-agents50-idx6-seed42-1783525308984,0,442,13,10,33,60,1334,547,0.000000,2.379000,1.638000,1.253000,0.147391,3251.337000,1
_home_max_Documents_PhD_MAPF_LNS_MAPF_LNS_SAT_mapf-map_warehouse-20-40-10-2-2_map-_home_max_Documents_PhD_MAPF_LNS_MAPF_LNS_SAT_mapf-scen-even_scen-even_warehouse-20-40-10-2-2-even-3_scen-agents50-idx7-seed42-1783525314244,0,444,9,8,18,49,634,261,0.000000,0.492000,1.554000,1.198000,0.098567,3291.115000,1
_home_max_Documents_PhD_MAPF_LNS_MAPF_LNS_SAT_mapf-map_warehouse-20-40-10-2-2_map-_home_max_Documents_PhD_MAPF_LNS_MAPF_LNS_SAT_mapf-scen-even_scen-even_warehouse-20-40-10-2-2-even-3_scen-agents50-idx8-seed42-1783525319559,0,444,17,13,35,63,1273,531,0.000000,0.735000,1.598000,1.185000,0.119163,3247.281000,1
_home_max_Documents_PhD_MAPF_LNS_MAPF_LNS_SAT_mapf-map_warehouse-20-40-10-2-2_map-_home_max_Documents_PhD_MAPF_LNS_MAPF_LNS_SAT_mapf-scen-even_scen-even_warehouse-20-40-10-2-2-even-3_scen-agents50-idx9-seed42-1783525324818,0,458,10,10,15,32,348,160,0.001000,0.285000,0.844000,0.579000,0.074672,3241.958000,1
_home_max_Documents_PhD_MAPF_LNS_MAPF_LNS_SAT_mapf-map_warehouse-20-40-10-2-2_map-_home_max_Documents_PhD_MAPF_LNS_MAPF_LNS_SAT_mapf-scen-even_scen-even_warehouse-20-40-10-2-2-even-3_scen-agents50-idx10-seed42-1783525330077,0,448,8,6,17,29,570,241,0.000000,0.436000,0.770000,0.570000,0.057494,3060.745000,1
_home_max_Documents_PhD_MAPF_LNS_MAPF_LNS_SAT_mapf-map_warehouse-20-40-10-2-2_map-_home_max_Documents_PhD_MAPF_LNS_MAPF_LNS_SAT_mapf-scen-even_scen-even_warehouse-20-40-10-2-2-even-3_scen-agents50-idx11-seed42-1783525335143,0,458,14,11,29,58,986,416,0.000000,0.841000,2.557000,1.998000,0.134350,3499.482000,1
_home_max_Documents_PhD_MAPF_LNS_MAPF_LNS_SAT_mapf-map_warehouse-20-40-10-2-2_map-_home_max_Documents_PhD_MAPF_LNS_MAPF_LNS_SAT_mapf-scen-even_scen-even_warehouse-20-40-10-2-2-even-3_scen-agents50-idx12-seed42-1783525340654,0,454,13,12,22,43,1114,474,0.002000,0.871000,1.443000,1.053000,0.113938,3581.468000,1
_home_max_Documents_PhD_MAPF_LNS_MAPF_LNS_SAT_mapf-map_warehouse-20-40-10-2-2_map-_home_max_Documents_PhD_MAPF_LNS_MAPF_LNS_SAT_mapf-scen-even_scen-even_warehouse-20-40-10-2-2-even-3_scen-agents50-idx13-seed42-1783525346216,0,455,12,9,27,60,1162,494,0.001000,1.041000,1.645000,1.204000,0.125931,3477.022000,1
_home_max_Documents_PhD_MAPF_LNS_MAPF_LNS_SAT_mapf-map_warehouse-20-40-10-2-2_map-_home_max_Documents_PhD_MAPF_LNS_MAPF_LNS_SAT_mapf-scen-even_scen-even_warehouse-20-40-10-2-2-even-3_scen-agents50-idx14-seed42-1783525351680,0,455,11,10,19,44,684,277,0.001000,1.352000,1.895000,1.486000,0.109318,3524.185000,1
_home_max_Documents_PhD_MAPF_LNS_MAPF_LNS_SAT_mapf-map_warehouse-20-40-10-2-2_map-_home_max_Documents_PhD_MAPF_LNS_MAPF_LNS_SAT_mapf-scen-even_scen-even_warehouse-20-40-10-2-2-even-3_scen-agents50-idx15-seed42-1783525357250,0,446,19,15,36,71,1125,492,0.000000,0.731000,2.222000,1.753000,0.113486,3367.081000,1
_home_max_Documents_PhD_MAPF_LNS_MAPF_LNS_SAT_mapf-map_warehouse-20-40-10-2-2_map-_home_max_Documents_PhD_MAPF_LNS_MAPF_LNS_SAT_mapf-scen-even_scen-even_warehouse-20-40-10-2-2-even-3_scen-agents50-idx16-seed42-1783525362660,0,445,12,10,26,56,2505,733,0.002000,1.728000,2.452000,1.964000,0.181672,3529.341000,1
_home_max_Documents_PhD_MAPF_LNS_MAPF_LNS_SAT_mapf-map_warehouse-20-40-10-2-2_map-_home_max_Documents_PhD_MAPF_LNS_MAPF_LNS_SAT_mapf-scen-even_scen-even_warehouse-20-40-10-2-2-even-3_scen-agents50-idx17-seed42-1783525368225,0,443,13,11,28,52,1135,460,0.002000,0.718000,1.807000,1.457000,0.113855,3233.530000,1
_home_max_Documents_PhD_MAPF_LNS_MAPF_LNS_SAT_mapf-map_warehouse-20-40-10-2-2_map-_home_max_Documents_PhD_MAPF_LNS_MAPF_LNS_SAT_mapf-scen-even_scen-even_warehouse-20-40-10-2-2-even-3_scen-agents50-idx18-seed42-1783525373435,0,388,14,13,25,52,753,313,0.000000,0.505000,1.322000,0.929000,0.111849,3232.652000,1
_home_max_Documents_PhD_MAPF_LNS_MAPF_LNS_SAT_mapf-map_warehouse-20-40-10-2-2_map-_home_max_Documents_PhD_MAPF_LNS_MAPF_LNS_SAT_mapf-scen-even_scen-even_warehouse-20-40-10-2-2-even-4_scen-agents50-idx0-seed42-1783525378650,0,453,22,16,60,126,2537,1025,0.000000,1.433000,3.274000,2.535000,0.240165,3737.055000,1
_home_max_Documents_PhD_MAPF_LNS_MAPF_LNS_SAT_mapf-map_warehouse-20-40-10-2-2_map-_home_max_Documents_PhD_MAPF_LNS_MAPF_LNS_SAT_mapf-scen-even_scen-even_warehouse-20-40-10-2-2-even-4_scen-agents50-idx1-seed42-1783525384419,0,457,15,14,24,58,1244,546,0.000000,0.983000,1.646000,1.186000,0.115495,3350.047000,1
_home_max_Documents_PhD_MAPF_LNS_MAPF_LNS_SAT_mapf-map_warehouse-20-40-10-2-2_map-_home_max_Documents_PhD_MAPF_LNS_MAPF_LNS_SAT_mapf-scen-even_scen-even_warehouse-20-40-10-2-2-even-4_scen-agents50-idx2-seed42-1783525389776,0,464,12,12,15,41,325,141,0.000000,0.263000,0.795000,0.501000,0.067641,3523.380000,1
_home_max_Documents_PhD_MAPF_LNS_MAPF_LNS_SAT_mapf-map_warehouse-20-40-10-2-2_map-_home_max_Documents_PhD_MAPF_LNS_MAPF_LNS_SAT_mapf-scen-even_scen-even_warehouse-20-40-10-2-2-even-4_scen-agents50-idx3-seed42-1783525395290,0,453,4,4,6,14,100,48,0.000000,0.071000,0.708000,0.608000,0.025504,3357.118000,1
_home_max_Documents_PhD_MAPF_LNS_MAPF_LNS_SAT_mapf-map_warehouse-20-40-10-2-2_map-_home_max_Documents_PhD_MAPF_LNS_MAPF_LNS_SAT_mapf-scen-even_scen-even_warehouse-20-40-10-2-2-even-4_scen-agents50-idx4-seed42-1783525400656,0,433,16,13,41,83,3638,1042,0.001000,1.677000,3.561000,2.985000,0.203523,3230.245000,1
_home_max_Documents_PhD_MAPF_LNS_MAPF_LNS_SAT_mapf-map_warehouse-20-40-10-2-2_map-_home_max_Documents_PhD_MAPF_LNS_MAPF_LNS_SAT_mapf-scen-even_scen-even_warehouse-20-40-10-2-2-even-4_scen-agents50-idx5-seed42-1783525405867,0,463,15,11,36,67,1416,573,0.001000,1.881000,2.387000,1.923000,0.141399,3374.305000,1
_home_max_Documents_PhD_MAPF_LNS_MAPF_LNS_SAT_mapf-map_warehouse-20-40-10-2-2_map-_home_max_Documents_PhD_MAPF_LNS_MAPF_LNS_SAT_mapf-scen-even_scen-even_warehouse-20-40-10-2-2-even-4_scen-agents50-idx6-seed42-1783525411233,0,442,11,9,27,55,1008,408,0.004000,1.248000,1.377000,1.004000,0.109172,3114.087000,1
_home_max_Documents_PhD_MAPF_LNS_MAPF_LNS_SAT_mapf-map_warehouse-20-40-10-2-2_map-_home_max_Documents_PhD_MAPF_LNS_MAPF_LNS_SAT_mapf-scen-even_scen-even_warehouse-20-40-10-2-2-even-4_scen-agents50-idx7-seed42-1783525416344,0,452,15,15,26,63,658,281,0.001000,0.647000,1.298000,0.877000,0.110533,3557.268000,1
_home_max_Documents_PhD_MAPF_LNS_MAPF_LNS_SAT_mapf-map_warehouse-20-40-10-2-2_map-_home_max_Documents_PhD_MAPF_LNS_MAPF_LNS_SAT_mapf-scen-even_scen-even_warehouse-20-40-10-2-2-even-4_scen-agents50-idx8-seed42-1783525421962,0,452,17,15,37,84,1301,530,0.001000,0.789000,2.047000,1.464000,0.168808,3623.875000,1
_home_max_Documents_PhD_MAPF_LNS_MAPF_LNS_SAT_mapf-map_warehouse-20-40-10-2-2_map-_home_max_Documents_PhD_MAPF_LNS_MAPF_LNS_SAT_mapf-scen-even_scen-even_warehouse-20-40-10-2-2-even-4_scen-agents50-idx9-seed42-1783525427626,0,463,15,13,25,62,842,351,0.009000,0.601000,1.391000,0.958000,0.106252,3207.049000,1
_home_max_Documents_PhD_MAPF_LNS_MAPF_LNS_SAT_mapf-map_warehouse-20-40-10-2-2_map-_home_max_Documents_PhD_MAPF_LNS_MAPF_LNS_SAT_mapf-scen-even_scen-even_warehouse-20-40-10-2-2-even-4_scen-agents50-idx10-seed42-1783525432836,0,461,4,4,6,19,159,65,0.000000,0.130000,0.373000,0.244000,0.035288,3269.261000,1
_home_max_Documents_PhD_MAPF_LNS_MAPF_LNS_SAT_mapf-map_warehouse-20-40-10-2-2_map-_home_max_Documents_PhD_MAPF_LNS_MAPF_LNS_SAT_mapf-scen-even_scen-even_warehouse-20-40-10-2-2-even-4_scen-agents50-idx11-seed42-1783525438097,0,464,20,15,46,91,1726,720,0.000000,1.246000,2.192000,1.650000,0.175490,3764.680000,1
_home_max_Documents_PhD_MAPF_LNS_MAPF_LNS_SAT_mapf-map_warehouse-20-40-10-2-2_map-_home_max_Documents_PhD_MAPF_LNS_MAPF_LNS_SAT_mapf-scen-even_scen-even_warehouse-20-40-10-2-2-even-4_scen-agents50-idx12-seed42-1783525443860,0,450,12,9,28,53,969,412,0.001000,0.590000,2.235000,1.887000,0.115238,3419.345000,1
_home_max_Documents_PhD_MAPF_LNS_MAPF_LNS_SAT_mapf-map_warehouse-20-40-10-2-2_map-_home_max_Documents_PhD_MAPF_LNS_MAPF_LNS_SAT_mapf-scen-even_scen-even_warehouse-20-40-10-2-2-even-4_scen-agents50-idx13-seed42-1783525449278,0,396,14,13,19,42,467,204,0.002000,0.428000,1.213000,0.923000,0.070962,3083.800000,1
_home_max_Documents_PhD_MAPF_LNS_MAPF_LNS_SAT_mapf-map_warehouse-20-40-10-2-2_map-_home_max_Documents_PhD_MAPF_LNS_MAPF_LNS_SAT_mapf-scen-even_scen-even_warehouse-20-40-10-2-2-even-4_scen-agents50-idx14-seed42-1783525454336,0,437,9,8,14,29,416,182,0.000000,0.410000,0.747000,0.535000,0.056771,3381.870000,1
_home_max_Documents_PhD_MAPF_LNS_MAPF_LNS_SAT_mapf-map_warehouse-20-40-10-2-2_map-_home_max_Documents_PhD_MAPF_LNS_MAPF_LNS_SAT_mapf-scen-even_scen-even_warehouse-20-40-10-2-2-even-4_scen-agents50-idx15-seed42-1783525459698,0,464,21,18,43,95,1454,603,0.000000,1.369000,2.569000,1.856000,0.181724,3365.325000,1
_home_max_Documents_PhD_MAPF_LNS_MAPF_LNS_SAT_mapf-map_warehouse-20-40-10-2-2_map-_home_max_Documents_PhD_MAPF_LNS_MAPF_LNS_SAT_mapf-scen-even_scen-even_warehouse-20-40-10-2-2-even-4_scen-agents50-idx16-seed42-1783525465057,0,460,13,10,27,57,1067,442,0.000000,0.745000,2.010000,1.602000,0.117847,3447.749000,1
_home_max_Documents_PhD_MAPF_LNS_MAPF_LNS_SAT_mapf-map_warehouse-20-40-10-2-2_map-_home_max_Documents_PhD_MAPF_LNS_MAPF_LNS_SAT_mapf-scen-even_scen-even_warehouse-20-40-10-2-2-even-4_scen-agents50-idx17-seed42-1783525470520,0,460,19,16,40,80,1665,669,0.000000,1.137000,2.118000,1.566000,0.179972,3612.561000,1
_home_max_Documents_PhD_MAPF_LNS_MAPF_LNS_SAT_mapf-map_warehouse-20-40-10-2-2_map-_home_max_Documents_PhD_MAPF_LNS_MAPF_LNS_SAT_mapf-scen-even_scen-even_warehouse-20-40-10-2-2-even-4_scen-agents50-idx18-seed42-1783525476131,0,449,16,14,29,65,1062,431,0.002000,0.885000,1.655000,1.186000,0.123117,3767.005000,1
_home_max_Documents_PhD_MAPF_LNS_MAPF_LNS_SAT_mapf-map_warehouse-20-40-10-2-2_map-_home_max_Documents_PhD_MAPF_LNS_MAPF_LNS_SAT_mapf-scen-even_scen-even_warehouse-20-40-10-2-2-even-4_scen-agents50-idx19-seed42-1783525481949,0,465,13,10,27,50,1078,444,0.001000,0.875000,2.146000,1.684000,0.149325,3453.300000,1
_home_max_Documents_PhD_MAPF_LNS_MAPF_LNS_SAT_mapf-map_warehouse-20-40-10-2-2_map-_home_max_Documents_PhD_MAPF_LNS_MAPF_LNS_SAT_mapf-scen-even_scen-even_warehouse-20-40-10-2-2-even-5_scen-agents50-idx0-seed42-1783525487411,0,466,16,14,28,60,943,395,0.000000,1.184000,1.516000,1.062000,0.119497,3581.117000,1
_home_max_Documents_PhD_MAPF_LNS_MAPF_LNS_SAT_mapf-map_warehouse-20-40-10-2-2_map-_home_max_Documents_PhD_MAPF_LNS_MAPF_LNS_SAT_mapf-scen-even_scen-even_warehouse-20-40-10-2-2-even-5_scen-agents50-idx1-seed42-1783525493026,0,480,9,7,19,42,888,342,0.000000,0.691000,1.775000,1.499000,0.094440,3195.592000,1
_home_max_Documents_PhD_MAPF_LNS_MAPF_LNS_SAT_mapf-map_warehouse-20-40-10-2-2_map-_home_max_Documents_PhD_MAPF_LNS_MAPF_LNS_SAT_mapf-scen-even_scen-even_warehouse-20-40-10-2-2-even-5_scen-agents50-idx2-seed42-1783525498240,0,416,13,12,23,42,707,296,0.000000,0.447000,1.348000,1.060000,0.083044,3182.486000,1
_home_max_Documents_PhD_MAPF_LNS_MAPF_LNS_SAT_mapf-map_warehouse-20-40-10-2-2_map-_home_max_Documents_PhD_MAPF_LNS_MAPF_LNS_SAT_mapf-scen-even_scen-even_warehouse-20-40-10-2-2-even-5_scen-agents50-idx3-seed42-1783525503399,0,469,14,12,25,61,920,369,0.001000,0.616000,1.897000,1.463000,0.110943,3152.163000,1
_home_max_Documents_PhD_MAPF_LNS_MAPF_LNS_SAT_mapf-map_warehouse-20-40-10-2-2_map-_home_max_Documents_PhD_MAPF_LNS_MAPF_LNS_SAT_mapf-scen-even_scen-even_warehouse-20-40-10-2-2-even-5_scen-agents50-idx4-seed42-1783525508569,0,472,22,19,41,76,1284,546,0.001000,1.168000,3.082000,2.385000,0.201639,3955.124000,1
_home_max_Documents_PhD_MAPF_LNS_MAPF_LNS_SAT_mapf-map_warehouse-20-40-10-2-2_map-_home_max_Documents_PhD_MAPF_LNS_MAPF_LNS_SAT_mapf-scen-even_scen-even_warehouse-20-40-10-2-2-even-5_scen-agents50-idx5-seed42-1783525514532,0,482,6,5,14,27,982,410,0.001000,3.071000,1.907000,1.577000,0.121713,3301.286000,1
_home_max_Documents_PhD_MAPF_LNS_MAPF_LNS_SAT_mapf-map_warehouse-20-40-10-2-2_map-_home_max_Documents_PhD_MAPF_LNS_MAPF_LNS_SAT_mapf-scen-even_scen-even_warehouse-20-40-10-2-2-even-5_scen-agents50-idx6-seed42-1783525519849,0,484,28,20,66,125,2763,1116,0.000000,1.869000,4.102000,3.279000,0.273488,4281.474000,1
_home_max_Documents_PhD_MAPF_LNS_MAPF_LNS_SAT_mapf-map_warehouse-20-40-10-2-2_map-_home_max_Documents_PhD_MAPF_LNS_MAPF_LNS_SAT_mapf-scen-even_scen-even_warehouse-20-40-10-2-2-even-5_scen-agents50-idx7-seed42-1783525526163,0,487,16,15,31,65,975,400,0.001000,0.739000,1.612000,1.159000,0.129175,3894.072000,1
_home_max_Documents_PhD_MAPF_LNS_MAPF_LNS_SAT_mapf-map_warehouse-20-40-10-2-2_map-_home_max_Documents_PhD_MAPF_LNS_MAPF_LNS_SAT_mapf-scen-even_scen-even_warehouse-20-40-10-2-2-even-5_scen-agents50-idx8-seed42-1783525532084,0,480,14,13,24,53,691,289,0.000000,0.483000,1.154000,0.809000,0.089478,3675.053000,1
_home_max_Documents_PhD_MAPF_LNS_MAPF_LNS_SAT_mapf-map_warehouse-20-40-10-2-2_map-_home_max_Documents_PhD_MAPF_LNS_MAPF_LNS_SAT_mapf-scen-even_scen-even_warehouse-20-40-10-2-2-even-5_scen-agents50-idx9-seed42-1783525537797,0,477,20,18,40,95,1456,581,0.000000,0.973000,2.236000,1.590000,0.180498,3652.356000,1
_home_max_Documents_PhD_MAPF_LNS_MAPF_LNS_SAT_mapf-map_warehouse-20-40-10-2-2_map-_home_max_Documents_PhD_MAPF_LNS_MAPF_LNS_SAT_mapf-scen-even_scen-even_warehouse-20-40-10-2-2-even-5_scen-agents50-idx10-seed42-1783525543512,0,477,17,16,25,50,586,263,0.001000,0.452000,1.163000,0.792000,0.104653,3158.397000,1
_home_max_Documents_PhD_MAPF_LNS_MAPF_LNS_SAT_mapf-map_warehouse-20-40-10-2-2_map-_home_max_Documents_PhD_MAPF_LNS_MAPF_LNS_SAT_mapf-scen-even_scen-even_warehouse-20-40-10-2-2-even-5_scen-agents50-idx11-seed42-1783525548676,0,483,10,10,17,43,396,170,0.000000,0.302000,0.892000,0.586000,0.070738,3198.751000,1
_home_max_Documents_PhD_MAPF_LNS_MAPF_LNS_SAT_mapf-map_warehouse-20-40-10-2-2_map-_home_max_Documents_PhD_MAPF_LNS_MAPF_LNS_SAT_mapf-scen-even_scen-even_warehouse-20-40-10-2-2-even-5_scen-agents50-idx12-seed42-1783525553942,0,486,14,11,33,64,1315,525,0.000000,1.260000,2.530000,2.068000,0.144081,3780.541000,1
_home_max_Documents_PhD_MAPF_LNS_MAPF_LNS_SAT_mapf-map_warehouse-20-40-10-2-2_map-_home_max_Documents_PhD_MAPF_LNS_MAPF_LNS_SAT_mapf-scen-even_scen-even_warehouse-20-40-10-2-2-even-5_scen-agents50-idx13-seed42-1783525559755,0,482,21,19,37,84,1242,523,0.004000,0.823000,1.870000,1.306000,0.160010,4074.311000,1
_home_max_Documents_PhD_MAPF_LNS_MAPF_LNS_SAT_mapf-map_warehouse-20-40-10-2-2_map-_home_max_Documents_PhD_MAPF_LNS_MAPF_LNS_SAT_mapf-scen-even_scen-even_warehouse-20-40-10-2-2-even-5_scen-agents50-idx14-seed42-1783525565816,0,485,14,13,26,53,903,398,0.000000,0.617000,1.556000,1.091000,0.131699,3825.137000,1
_home_max_Documents_PhD_MAPF_LNS_MAPF_LNS_SAT_mapf-map_warehouse-20-40-10-2-2_map-_home_max_Documents_PhD_MAPF_LNS_MAPF_LNS_SAT_mapf-scen-even_scen-even_warehouse-20-40-10-2-2-even-5_scen-agents50-idx15-seed42-1783525571686,0,469,15,12,27,56,939,398,0.001000,0.858000,2.544000,2.014000,0.119948,3620.067000,1
_home_max_Documents_PhD_MAPF_LNS_MAPF_LNS_SAT_mapf-map_warehouse-20-40-10-2-2_map-_home_max_Documents_PhD_MAPF_LNS_MAPF_LNS_SAT_mapf-scen-even_scen-even_warehouse-20-40-10-2-2-even-5_scen-agents50-idx16-seed42-1783525577350,0,486,23,17,58,123,2514,1004,0.001000,1.724000,3.863000,2.988000,0.269691,4010.704000,1
_home_max_Documents_PhD_MAPF_LNS_MAPF_LNS_SAT_mapf-map_warehouse-20-40-10-2-2_map-_home_max_Documents_PhD_MAPF_LNS_MAPF_LNS_SAT_mapf-scen-even_scen-even_warehouse-20-40-10-2-2-even-5_scen-agents50-idx17-seed42-1783525583415,0,483,12,10,21,42,742,307,0.001000,0.525000,1.772000,1.482000,0.097005,3363.341000,1
_home_max_Documents_PhD_MAPF_LNS_MAPF_LNS_SAT_mapf-map_warehouse-20-40-10-2-2_map-_home_max_Documents_PhD_MAPF_LNS_MAPF_LNS_SAT_mapf-scen-even_scen-even_warehouse-20-40-10-2-2-even-5_scen-agents50-idx18-seed42-1783525588776,0,481,17,15,32,65,1145,460,0.004000,0.829000,2.556000,2.043000,0.142273,4022.215000,1
_home_max_Documents_PhD_MAPF_LNS_MAPF_LNS_SAT_mapf-map_warehouse-20-40-10-2-2_map-_home_max_Documents_PhD_MAPF_LNS_MAPF_LNS_SAT_mapf-scen-even_scen-even_warehouse-20-40-10-2-2-even-5_scen-agents50-idx19-seed42-1783525594845,0,483,21,17,39,83,1351,566,0.008000,1.418000,2.931000,2.064000,0.207555,4018.584000,1
_home_max_Documents_PhD_MAPF_LNS_MAPF_LNS_SAT_mapf-map_warehouse-20-40-10-2-2_map-_home_max_Documents_PhD_MAPF_LNS_MAPF_LNS_SAT_mapf-scen-even_scen-even_warehouse-20-40-10-2-2-even-6_scen-agents50-idx0-seed42-1783525600909,0,422,11,9,22,47,929,370,0.001000,2.111000,1.218000,0.890000,0.101826,2975.125000,1
_home_max_Documents_PhD_MAPF_LNS_MAPF_LNS_SAT_mapf-map_warehouse-20-40-10-2-2_map-_home_max_Documents_PhD_MAPF_LNS_MAPF_LNS_SAT_mapf-scen-even_scen-even_warehouse-20-40-10-2-2-even-1_scen-agents100-idx0-seed42-1783525605924,0,450,55,47,114,238,4279,1714,0.002000,2.664000,6.424000,4.745000,0.503936,8233.640000,1
_home_max_Documents_PhD_MAPF_LNS_MAPF_LNS_SAT_mapf-map_warehouse-20-40-10-2-2_map-_home_max_Documents_PhD_MAPF_LNS_MAPF_LNS_SAT_mapf-scen-even_scen-even_warehouse-20-40-10-2-2-even-1_scen-agents100-idx1-seed42-1783525618155,0,460,54,52,92,202,2780,1163,0.010000,2.038000,5.156000,3.646000,0.403627,8463.523000,1
_home_max_Documents_PhD_MAPF_LNS_MAPF_LNS_SAT_mapf-map_warehouse-20-40-10-2-2_map-_home_max_Documents_PhD_MAPF_LNS_MAPF_LNS_SAT_mapf-scen-even_scen-even_warehouse-20-40-10-2-2-even-1_scen-agents100-idx2-seed42-1783525630590,0,460,57,47,114,218,3782,1602,0.013000,2.786000,6.279000,4.531000,0.497608,8377.001000,1
_home_max_Documents_PhD_MAPF_LNS_MAPF_LNS_SAT_mapf-map_warehouse-20-40-10-2-2_map-_home_max_Documents_PhD_MAPF_LNS_MAPF_LNS_SAT_mapf-scen-even_scen-even_warehouse-20-40-10-2-2-even-1_scen-agents100-idx3-seed42-1783525642970,0,466,69,55,149,306,5920,2380,0.002000,3.930000,8.750000,6.494000,0.739435,8685.290000,1
_home_max_Documents_PhD_MAPF_LNS_MAPF_LNS_SAT_mapf-map_warehouse-20-40-10-2-2_map-_home_max_Documents_PhD_MAPF_LNS_MAPF_LNS_SAT_mapf-scen-even_scen-even_warehouse-20-40-10-2-2-even-1_scen-agents100-idx4-seed42-1783525655700,0,447,48,42,100,211,4180,1744,0.000000,2.785000,6.119000,4.582000,0.453392,7900.577000,1
_home_max_Documents_PhD_MAPF_LNS_MAPF_LNS_SAT_mapf-map_warehouse-20-40-10-2-2_map-_home_max_Documents_PhD_MAPF_LNS_MAPF_LNS_SAT_mapf-scen-even_scen-even_warehouse-20-40-10-2-2-even-1_scen-agents100-idx5-seed42-1783525667583,0,454,68,51,157,314,6181,2533,0.004000,3.529000,8.210000,6.100000,0.668535,8609.620000,1
_home_max_Documents_PhD_MAPF_LNS_MAPF_LNS_SAT_mapf-map_warehouse-20-40-10-2-2_map-_home_max_Documents_PhD_MAPF_LNS_MAPF_LNS_SAT_mapf-scen-even_scen-even_warehouse-20-40-10-2-2-even-1_scen-agents100-idx6-seed42-1783525680158,0,462,53,45,119,260,5992,2128,0.004000,3.511000,7.311000,5.495000,0.624176,8209.087000,1
_home_max_Documents_PhD_MAPF_LNS_MAPF_LNS_SAT_mapf-map_warehouse-20-40-10-2-2_map-_home_max_Documents_PhD_MAPF_LNS_MAPF_LNS_SAT_mapf-scen-even_scen-even_warehouse-20-40-10-2-2-even-1_scen-agents100-idx7-seed42-1783525692432,0,465,49,42,99,215,3805,1551,0.004000,2.373000,5.350000,3.886000,0.433920,7815.812000,1
_home_max_Documents_PhD_MAPF_LNS_MAPF_LNS_SAT_mapf-map_warehouse-20-40-10-2-2_map-_home_max_Documents_PhD_MAPF_LNS_MAPF_LNS_SAT_mapf-scen-even_scen-even_warehouse-20-40-10-2-2-even-1_scen-agents100-idx8-seed42-1783525704258,0,462,57,48,107,240,4042,1645,0.012000,2.835000,5.930000,4.248000,0.488772,8412.925000,1
_home_max_Documents_PhD_MAPF_LNS_MAPF_LNS_SAT_mapf-map_warehouse-20-40-10-2-2_map-_home_max_Documents_PhD_MAPF_LNS_MAPF_LNS_SAT_mapf-scen-even_scen-even_warehouse-20-40-10-2-2-even-1_scen-agents100-idx9-seed42-1783525716687,0,464,42,35,75,144,2717,1141,0.000000,1.817000,4.126000,3.093000,0.306745,7577.813000,1
_home_max_Documents_PhD_MAPF_LNS_MAPF_LNS_SAT_mapf-map_warehouse-20-40-10-2-2_map-_home_max_Documents_PhD_MAPF_LNS_MAPF_LNS_SAT_mapf-scen-even_scen-even_warehouse-20-40-10-2-2-even-2_scen-agents100-idx0-seed42-1783525728212,0,465,52,42,109,225,4188,1700,0.000000,2.520000,5.816000,4.262000,0.507187,8162.496000,1
_home_max_Documents_PhD_MAPF_LNS_MAPF_LNS_SAT_mapf-map_warehouse-20-40-10-2-2_map-_home_max_Documents_PhD_MAPF_LNS_MAPF_LNS_SAT_mapf-scen-even_scen-even_warehouse-20-40-10-2-2-even-2_scen-agents100-idx1-seed42-1783525740338,0,465,61,48,128,255,4931,2019,0.001000,3.113000,7.305000,5.508000,0.547911,8838.727000,1
_home_max_Documents_PhD_MAPF_LNS_MAPF_LNS_SAT_mapf-map_warehouse-20-40-10-2-2_map-_home_max_Documents_PhD_MAPF_LNS_MAPF_LNS_SAT_mapf-scen-even_scen-even_warehouse-20-40-10-2-2-even-2_scen-agents100-idx2-seed42-1783525753167,0,460,59,49,122,247,4889,1942,0.030000,6.014000,7.838000,5.734000,0.711675,8969.586000,1
_home_max_Documents_PhD_MAPF_LNS_MAPF_LNS_SAT_mapf-map_warehouse-20-40-10-2-2_map-_home_max_Documents_PhD_MAPF_LNS_MAPF_LNS_SAT_mapf-scen-even_scen-even_warehouse-20-40-10-2-2-even-2_scen-agents100-idx3-seed42-1783525766251,0,452,55,44,121,235,5021,1959,0.003000,3.017000,6.471000,4.931000,0.457905,7857.660000,1
_home_max_Documents_PhD_MAPF_LNS_MAPF_LNS_SAT_mapf-map_warehouse-20-40-10-2-2_map-_home_max_Documents_PhD_MAPF_LNS_MAPF_LNS_SAT_mapf-scen-even_scen-even_warehouse-20-40-10-2-2-even-2_scen-agents100-idx4-seed42-1783525778129,0,464,57,46,128,258,5357,2137,0.000000,3.332000,7.361000,5.474000,0.577529,8280.336000,1
_home_max_Documents_PhD_MAPF_LNS_MAPF_LNS_SAT_mapf-map_warehouse-20-40-10-2-2_map-_home_max_Documents_PhD_MAPF_LNS_MAPF_LNS_SAT_mapf-scen-even_scen-even_warehouse-20-40-10-2-2-even-2_scen-agents100-idx5-seed42-1783525790376,0,462,46,36,93,184,4669,1603,0.004000,2.497000,5.724000,4.466000,0.438208,7546.137000,1
_home_max_Documents_PhD_MAPF_LNS_MAPF_LNS_SAT_mapf-map_warehouse-20-40-10-2-2_map-_home_max_Documents_PhD_MAPF_LNS_MAPF_LNS_SAT_mapf-scen-even_scen-even_warehouse-20-40-10-2-2-even-2_scen-agents100-idx6-seed42-1783525801865,0,462,53,44,107,215,5102,1877,0.003000,3.306000,6.303000,4.806000,0.524028,7841.212000,1
_home_max_Documents_PhD_MAPF_LNS_MAPF_LNS_SAT_mapf-map_warehouse-20-40-10-2-2_map-_home_max_Documents_PhD_MAPF_LNS_MAPF_LNS_SAT_mapf-scen-even_scen-even_warehouse-20-40-10-2-2-even-2_scen-agents100-idx7-seed42-1783525813652,0,472,56,43,126,242,6286,2396,0.005000,3.746000,7.219000,5.508000,0.594828,7628.795000,1
_home_max_Documents_PhD_MAPF_LNS_MAPF_LNS_SAT_mapf-map_warehouse-20-40-10-2-2_map-_home_max_Documents_PhD_MAPF_LNS_MAPF_LNS_SAT_mapf-scen-even_scen-even_warehouse-20-40-10-2-2-even-2_scen-agents100-idx8-seed42-1783525825226,0,467,73,62,149,314,5359,2208,0.006000,3.758000,8.311000,6.105000,0.634806,8427.937000,1
_home_max_Documents_PhD_MAPF_LNS_MAPF_LNS_SAT_mapf-map_warehouse-20-40-10-2-2_map-_home_max_Documents_PhD_MAPF_LNS_MAPF_LNS_SAT_mapf-scen-even_scen-even_warehouse-20-40-10-2-2-even-2_scen-agents100-idx9-seed42-1783525837605,0,465,51,43,104,213,4658,1889,0.005000,3.143000,6.853000,5.096000,0.551672,7629.680000,1
_home_max_Documents_PhD_MAPF_LNS_MAPF_LNS_SAT_mapf-map_warehouse-20-40-10-2-2_map-_home_max_Documents_PhD_MAPF_LNS_MAPF_LNS_SAT_mapf-scen-even_scen-even_warehouse-20-40-10-2-2-even-3_scen-agents100-idx0-seed42-1783525849282,0,448,63,54,120,233,4372,1838,0.007000,2.937000,6.779000,4.988000,0.523804,8107.658000,1
_home_max_Documents_PhD_MAPF_LNS_MAPF_LNS_SAT_mapf-map_warehouse-20-40-10-2-2_map-_home_max_Documents_PhD_MAPF_LNS_MAPF_LNS_SAT_mapf-scen-even_scen-even_warehouse-20-40-10-2-2-even-3_scen-agents100-idx1-seed42-1783525861364,0,457,48,38,105,219,4315,1693,0.001000,2.698000,5.498000,4.069000,0.426151,7635.161000,1
_home_max_Documents_PhD_MAPF_LNS_MAPF_LNS_SAT_mapf-map_warehouse-20-40-10-2-2_map-_home_max_Documents_PhD_MAPF_LNS_MAPF_LNS_SAT_mapf-scen-even_scen-even_warehouse-20-40-10-2-2-even-3_scen-agents100-idx2-seed42-1783525873044,0,454,60,52,114,252,4014,1677,0.008000,3.077000,6.316000,4.519000,0.539477,7996.495000,1
_home_max_Documents_PhD_MAPF_LNS_MAPF_LNS_SAT_mapf-map_warehouse-20-40-10-2-2_map-_home_max_Documents_PhD_MAPF_LNS_MAPF_LNS_SAT_mapf-scen-even_scen-even_warehouse-20-40-10-2-2-even-3_scen-agents100-idx3-seed42-1783525884972,0,444,56,45,135,269,5355,2220,0.008000,3.918000,8.096000,6.020000,0.647732,8722.921000,1
_home_max_Documents_PhD_MAPF_LNS_MAPF_LNS_SAT_mapf-map_warehouse-20-40-10-2-2_map-_home_max_Documents_PhD_MAPF_LNS_MAPF_LNS_SAT_mapf-scen-even_scen-even_warehouse-20-40-10-2-2-even-3_scen-agents100-idx4-seed42-1783525897701,0,458,58,46,120,237,4581,1889,0.011000,3.114000,7.062000,5.187000,0.579280,8040.699000,1
_home_max_Documents_PhD_MAPF_LNS_MAPF_LNS_SAT_mapf-map_warehouse-20-40-10-2-2_map-_home_max_Documents_PhD_MAPF_LNS_MAPF_LNS_SAT_mapf-scen-even_scen-even_warehouse-20-40-10-2-2-even-3_scen-agents100-idx5-seed42-1783525909731,0,458,47,37,111,221,4311,1757,0.004000,2.883000,6.690000,5.015000,0.513752,7902.027000,1
_home_max_Documents_PhD_MAPF_LNS_MAPF_LNS_SAT_mapf-map_warehouse-20-40-10-2-2_map-_home_max_Documents_PhD_MAPF_LNS_MAPF_LNS_SAT_mapf-scen-even_scen-even_warehouse-20-40-10-2-2-even-3_scen-agents100-idx6-seed42-1783525921613,0,455,37,35,54,114,1980,852,0.006000,1.960000,3.652000,2.575000,0.275373,8110.924000,1
_home_max_Documents_PhD_MAPF_LNS_MAPF_LNS_SAT_mapf-map_warehouse-20-40-10-2-2_map-_home_max_Documents_PhD_MAPF_LNS_MAPF_LNS_SAT_mapf-scen-even_scen-even_warehouse-20-40-10-2-2-even-3_scen-agents100-idx7-seed42-1783525933685,0,455,60,52,106,239,4294,1587,0.005000,2.748000,6.930000,5.067000,0.527312,8397.800000,1
_home_max_Documents_PhD_MAPF_LNS_MAPF_LNS_SAT_mapf-map_warehouse-20-40-10-2-2_map-_home_max_Documents_PhD_MAPF_LNS_MAPF_LNS_SAT_mapf-scen-even_scen-even_warehouse-20-40-10-2-2-even-3_scen-agents100-idx8-seed42-1783525946120,0,445,66,55,137,276,6739,2456,0.002000,4.396000,8.402000,6.373000,0.700067,8449.440000,1
_home_max_Documents_PhD_MAPF_LNS_MAPF_LNS_SAT_mapf-map_warehouse-20-40-10-2-2_map-_home_max_Documents_PhD_MAPF_LNS_MAPF_LNS_SAT_mapf-scen-even_scen-even_warehouse-20-40-10-2-2-even-4_scen-agents100-idx0-seed42-1783525958601,0,457,63,52,128,273,4829,1996,0.004000,3.145000,7.454000,5.501000,0.578903,8613.948000,1
_home_max_Documents_PhD_MAPF_LNS_MAPF_LNS_SAT_mapf-map_warehouse-20-40-10-2-2_map-_home_max_Documents_PhD_MAPF_LNS_MAPF_LNS_SAT_mapf-scen-even_scen-even_warehouse-20-40-10-2-2-even-4_scen-agents100-idx1-seed42-1783525971277,0,464,50,45,90,198,3467,1397,0.014000,2.096000,5.052000,3.721000,0.385602,8178.396000,1
_home_max_Documents_PhD_MAPF_LNS_MAPF_LNS_SAT_mapf-map_warehouse-20-40-10-2-2_map-_home_max_Documents_PhD_MAPF_LNS_MAPF_LNS_SAT_mapf-scen-even_scen-even_warehouse-20-40-10-2-2-even-4_scen-agents100-idx2-seed42-1783525983458,0,463,53,42,124,246,7089,2454,0.012000,4.192000,8.621000,6.833000,0.622859,8088.836000,1
_home_max_Documents_PhD_MAPF_LNS_MAPF_LNS_SAT_mapf-map_warehouse-20-40-10-2-2_map-_home_max_Documents_PhD_MAPF_LNS_MAPF_LNS_SAT_mapf-scen-even_scen-even_warehouse-20-40-10-2-2-even-4_scen-agents100-idx3-seed42-1783525995486,0,452,60,47,145,290,5618,2301,0.006000,3.482000,7.849000,5.926000,0.591726,7998.870000,1
_home_max_Documents_PhD_MAPF_LNS_MAPF_LNS_SAT_mapf-map_warehouse-20-40-10-2-2_map-_home_max_Documents_PhD_MAPF_LNS_MAPF_LNS_SAT_mapf-scen-even_scen-even_warehouse-20-40-10-2-2-even-4_scen-agents100-idx4-seed42-1783526007521,0,463,56,47,111,240,6057,2060,0.018000,3.856000,8.486000,6.579000,0.548364,8462.070000,1
_home_max_Documents_PhD_MAPF_LNS_MAPF_LNS_SAT_mapf-map_warehouse-20-40-10-2-2_map-_home_max_Documents_PhD_MAPF_LNS_MAPF_LNS_SAT_mapf-scen-even_scen-even_warehouse-20-40-10-2-2-even-4_scen-agents100-idx5-seed42-1783526020003,0,464,50,41,95,199,3480,1425,0.004000,2.398000,5.385000,3.887000,0.416911,8458.453000,1
_home_max_Documents_PhD_MAPF_LNS_MAPF_LNS_SAT_mapf-map_warehouse-20-40-10-2-2_map-_home_max_Documents_PhD_MAPF_LNS_MAPF_LNS_SAT_mapf-scen-even_scen-even_warehouse-20-40-10-2-2-even-4_scen-agents100-idx6-seed42-1783526032482,0,450,47,39,91,188,3069,1295,0.001000,1.975000,5.030000,3.672000,0.381553,7816.649000,1
_home_max_Documents_PhD_MAPF_LNS_MAPF_LNS_SAT_mapf-map_warehouse-20-40-10-2-2_map-_home_max_Documents_PhD_MAPF_LNS_MAPF_LNS_SAT_mapf-scen-even_scen-even_warehouse-20-40-10-2-2-even-4_scen-agents100-idx7-seed42-1783526044313,0,464,56,49,98,219,3119,1345,0.002000,2.163000,5.120000,3.586000,0.369855,8014.436000,1
_home_max_Documents_PhD_MAPF_LNS_MAPF_LNS_SAT_mapf-map_warehouse-20-40-10-2-2_map-_home_max_Documents_PhD_MAPF_LNS_MAPF_LNS_SAT_mapf-scen-even_scen-even_warehouse-20-40-10-2-2-even-4_scen-agents100-idx8-seed42-1783526056288,0,460,60,45,143,284,6113,2477,0.001000,3.834000,8.071000,6.069000,0.644199,8542.681000,1
_home_max_Documents_PhD_MAPF_LNS_MAPF_LNS_SAT_mapf-map_warehouse-20-40-10-2-2_map-_home_max_Documents_PhD_MAPF_LNS_MAPF_LNS_SAT_mapf-scen-even_scen-even_warehouse-20-40-10-2-2-even-4_scen-agents100-idx9-seed42-1783526068867,0,465,61,51,126,258,5150,2006,0.001000,3.436000,7.445000,5.579000,0.569536,8780.094000,1
_home_max_Documents_PhD_MAPF_LNS_MAPF_LNS_SAT_mapf-map_warehouse-20-40-10-2-2_map-_home_max_Documents_PhD_MAPF_LNS_MAPF_LNS_SAT_mapf-scen-even_scen-even_warehouse-20-40-10-2-2-even-5_scen-agents100-idx0-seed42-1783526081695,0,480,51,44,94,198,3444,1420,0.007000,2.505000,5.307000,3.849000,0.459440,8270.908000,1
_home_max_Documents_PhD_MAPF_LNS_MAPF_LNS_SAT_mapf-map_warehouse-20-40-10-2-2_map-_home_max_Documents_PhD_MAPF_LNS_MAPF_LNS_SAT_mapf-scen-even_scen-even_warehouse-20-40-10-2-2-even-5_scen-agents100-idx1-seed42-1783526093919,0,469,51,45,100,212,3659,1475,0.000000,2.394000,5.346000,3.833000,0.432150,7735.521000,1
_home_max_Documents_PhD_MAPF_LNS_MAPF_LNS_SAT_mapf-map_warehouse-20-40-10-2-2_map-_home_max_Documents_PhD_MAPF_LNS_MAPF_LNS_SAT_mapf-scen-even_scen-even_warehouse-20-40-10-2-2-even-5_scen-agents100-idx2-seed42-1783526105596,0,482,49,41,100,196,3657,1493,0.003000,4.625000,5.162000,3.746000,0.411952,8642.353000,1
_home_max_Documents_PhD_MAPF_LNS_MAPF_LNS_SAT_mapf-map_warehouse-20-40-10-2-2_map-_home_max_Documents_PhD_MAPF_LNS_MAPF_LNS_SAT_mapf-scen-even_scen-even_warehouse-20-40-10-2-2-even-5_scen-agents100-idx3-seed42-1783526118223,0,487,82,66,179,350,6991,2882,0.013000,5.206000,9.976000,7.352000,0.835784,10274.286000,1
_home_max_Documents_PhD_MAPF_LNS_MAPF_LNS_SAT_mapf-map_warehouse-20-40-10-2-2_map-_home_max_Documents_PhD_MAPF_LNS_MAPF_LNS_SAT_mapf-scen-even_scen-even_warehouse-20-40-10-2-2-even-5_scen-agents100-idx4-seed42-1783526132497,0,480,59,50,112,241,6382,2043,0.000000,3.668000,7.355000,5.542000,0.566856,8899.640000,1
_home_max_Documents_PhD_MAPF_LNS_MAPF_LNS_SAT_mapf-map_warehouse-20-40-10-2-2_map-_home_max_Documents_PhD_MAPF_LNS_MAPF_LNS_SAT_mapf-scen-even_scen-even_warehouse-20-40-10-2-2-even-5_scen-agents100-idx5-seed42-1783526145429,0,483,57,48,105,216,3549,1489,0.005000,2.546000,5.516000,3.988000,0.430297,7957.654000,1
_home_max_Documents_PhD_MAPF_LNS_MAPF_LNS_SAT_mapf-map_warehouse-20-40-10-2-2_map-_home_max_Documents_PhD_MAPF_LNS_MAPF_LNS_SAT_mapf-scen-even_scen-even_warehouse-20-40-10-2-2-even-5_scen-agents100-idx6-seed42-1783526157401,0,486,64,51,140,273,5223,2169,0.002000,3.589000,7.228000,5.399000,0.591320,9280.702000,1
_home_max_Documents_PhD_MAPF_LNS_MAPF_LNS_SAT_mapf-map_warehouse-20-40-10-2-2_map-_home_max_Documents_PhD_MAPF_LNS_MAPF_LNS_SAT_mapf-scen-even_scen-even_warehouse-20-40-10-2-2-even-5_scen-agents100-idx7-seed42-1783526170781,0,485,54,47,100,205,3448,1460,0.007000,2.772000,6.235000,4.606000,0.470045,9064.918000,1
_home_max_Documents_PhD_MAPF_LNS_MAPF_LNS_SAT_mapf-map_warehouse-20-40-10-2-2_map-_home_max_Documents_PhD_MAPF_LNS_MAPF_LNS_SAT_mapf-scen-even_scen-even_warehouse-20-40-10-2-2-even-5_scen-agents100-idx8-seed42-1783526183917,0,486,73,58,168,350,6666,2682,0.009000,4.717000,10.000000,7.476000,0.778983,9386.714000,1
_home_max_Documents_PhD_MAPF_LNS_MAPF_LNS_SAT_mapf-map_warehouse-20-40-10-2-2_map-_home_max_Documents_PhD_MAPF_LNS_MAPF_LNS_SAT_mapf-scen-even_scen-even_warehouse-20-40-10-2-2-even-1_scen-agents200-idx0-seed42-1783526205335,0,460,205,176,391,828,19565,6821,0.045000,13.295000,25.834000,19.391000,2.033799,24714.255000,1
_home_max_Documents_PhD_MAPF_LNS_MAPF_LNS_SAT_mapf-map_warehouse-20-40-10-2-2_map-_home_max_Documents_PhD_MAPF_LNS_MAPF_LNS_SAT_mapf-scen-even_scen-even_warehouse-20-40-10-2-2-even-1_scen-agents200-idx1-seed42-1783526237969,0,466,228,183,484,945,19192,7755,0.071000,15.324000,30.219000,22.703000,2.468736,26310.423000,1
_home_max_Documents_PhD_MAPF_LNS_MAPF_LNS_SAT_mapf-map_warehouse-20-40-10-2-2_map-_home_max_Documents_PhD_MAPF_LNS_MAPF_LNS_SAT_mapf-scen-even_scen-even_warehouse-20-40-10-2-2-even-1_scen-agents200-idx2-seed42-1783526272248,0,454,236,193,503,1082,46924,11687,0.063000,24.665000,44.355000,35.415000,3.746137,26330.013000,1
_home_max_Documents_PhD_MAPF_LNS_MAPF_LNS_SAT_mapf-map_warehouse-20-40-10-2-2_map-_home_max_Documents_PhD_MAPF_LNS_MAPF_LNS_SAT_mapf-scen-even_scen-even_warehouse-20-40-10-2-2-even-1_scen-agents200-idx3-seed42-1783526306530,0,465,211,170,466,987,23064,8617,0.043000,17.030000,31.437000,23.766000,2.578941,25397.230000,1
_home_max_Documents_PhD_MAPF_LNS_MAPF_LNS_SAT_mapf-map_warehouse-20-40-10-2-2_map-_home_max_Documents_PhD_MAPF_LNS_MAPF_LNS_SAT_mapf-scen-even_scen-even_warehouse-20-40-10-2-2-even-1_scen-agents200-idx4-seed42-1783526339861,0,464,218,176,448,923,19819,7910,0.073000,15.387000,29.321000,22.191000,2.358062,25277.684000,1
_home_max_Documents_PhD_MAPF_LNS_MAPF_LNS_SAT_mapf-map_warehouse-20-40-10-2-2_map-_home_max_Documents_PhD_MAPF_LNS_MAPF_LNS_SAT_mapf-scen-even_scen-even_warehouse-20-40-10-2-2-even-2_scen-agents200-idx0-seed42-1783526373042,0,465,195,169,375,809,13885,5601,0.031000,10.948000,23.118000,16.946000,1.775849,24862.285000,1
_home_max_Documents_PhD_MAPF_LNS_MAPF_LNS_SAT_mapf-map_warehouse-20-40-10-2-2_map-_home_max_Documents_PhD_MAPF_LNS_MAPF_LNS_SAT_mapf-scen-even_scen-even_warehouse-20-40-10-2-2-even-2_scen-agents200-idx1-seed42-1783526405871,0,460,203,172,401,815,20397,6886,0.038000,13.251000,25.855000,19.355000,2.226174,23945.677000,1
_home_max_Documents_PhD_MAPF_LNS_MAPF_LNS_SAT_mapf-map_warehouse-20-40-10-2-2_map-_home_max_Documents_PhD_MAPF_LNS_MAPF_LNS_SAT_mapf-scen-even_scen-even_warehouse-20-40-10-2-2-even-2_scen-agents200-idx2-seed42-1783526437762,0,464,211,167,468,960,21867,8312,0.056000,19.898000,30.961000,23.383000,2.533294,26518.526000,1
_home_max_Documents_PhD_MAPF_LNS_MAPF_LNS_SAT_mapf-map_warehouse-20-40-10-2-2_map-_home_max_Documents_PhD_MAPF_LNS_MAPF_LNS_SAT_mapf-scen-even_scen-even_warehouse-20-40-10-2-2-even-2_scen-agents200-idx3-seed42-1783526472249,0,472,212,185,409,836,15499,6164,0.070000,12.548000,26.150000,19.367000,2.268758,25796.342000,1
_home_max_Documents_PhD_MAPF_LNS_MAPF_LNS_SAT_mapf-map_warehouse-20-40-10-2-2_map-_home_max_Documents_PhD_MAPF_LNS_MAPF_LNS_SAT_mapf-scen-even_scen-even_warehouse-20-40-10-2-2-even-2_scen-agents200-idx4-seed42-1783526505977,0,467,229,184,494,1022,29361,9060,0.091000,19.116000,35.646000,27.196000,3.023510,27504.520000,1
_home_max_Documents_PhD_MAPF_LNS_MAPF_LNS_SAT_mapf-map_warehouse-20-40-10-2-2_map-_home_max_Documents_PhD_MAPF_LNS_MAPF_LNS_SAT_mapf-scen-even_scen-even_warehouse-20-40-10-2-2-even-3_scen-agents200-idx0-seed42-1783526541457,0,457,226,187,476,958,18768,7620,0.058000,14.585000,29.825000,22.359000,2.643952,26222.853000,1
_home_max_Documents_PhD_MAPF_LNS_MAPF_LNS_SAT_mapf-map_warehouse-20-40-10-2-2_map-_home_max_Documents_PhD_MAPF_LNS_MAPF_LNS_SAT_mapf-scen-even_scen-even_warehouse-20-40-10-2-2-even-3_scen-agents200-idx1-seed42-1783526575537,0,454,236,189,513,1070,24031,9137,0.078000,19.472000,35.622000,27.209000,2.718806,27464.642000,1
_home_max_Documents_PhD_MAPF_LNS_MAPF_LNS_SAT_mapf-map_warehouse-20-40-10-2-2_map-_home_max_Documents_PhD_MAPF_LNS_MAPF_LNS_SAT_mapf-scen-even_scen-even_warehouse-20-40-10-2-2-even-3_scen-agents200-idx2-seed42-1783526610932,0,458,171,139,348,697,85680,8535,0.047000,37.429000,49.492000,43.524000,2.626901,23002.428000,1
_home_max_Documents_PhD_MAPF_LNS_MAPF_LNS_SAT_mapf-map_warehouse-20-40-10-2-2_map-_home_max_Documents_PhD_MAPF_LNS_MAPF_LNS_SAT_mapf-scen-even_scen-even_warehouse-20-40-10-2-2-even-3_scen-agents200-idx3-seed42-1783526641899,0,455,202,167,392,856,17828,6642,0.040000,13.228000,25.919000,19.350000,2.144790,24522.320000,1
_home_max_Documents_PhD_MAPF_LNS_MAPF_LNS_SAT_mapf-map_warehouse-20-40-10-2-2_map-_home_max_Documents_PhD_MAPF_LNS_MAPF_LNS_SAT_mapf-scen-even_scen-even_warehouse-20-40-10-2-2-even-4_scen-agents200-idx0-seed42-1783526674375,0,464,234,197,467,993,23124,8497,0.060000,17.329000,30.912000,22.995000,2.643372,26252.271000,1
_home_max_Documents_PhD_MAPF_LNS_MAPF_LNS_SAT_mapf-map_warehouse-20-40-10-2-2_map-_home_max_Documents_PhD_MAPF_LNS_MAPF_LNS_SAT_mapf-scen-even_scen-even_warehouse-20-40-10-2-2-even-4_scen-agents200-idx1-seed42-1783526708563,0,463,216,184,442,933,19653,7433,0.055000,14.206000,28.470000,21.107000,2.362392,24719.007000,1
_home_max_Documents_PhD_MAPF_LNS_MAPF_LNS_SAT_mapf-map_warehouse-20-40-10-2-2_map-_home_max_Documents_PhD_MAPF_LNS_MAPF_LNS_SAT_mapf-scen-even_scen-even_warehouse-20-40-10-2-2-even-4_scen-agents200-idx2-seed42-1783526741188,0,464,243,193,552,1131,29476,10625,0.068000,21.234000,37.517000,28.462000,3.430696,28244.098000,1
